Datetime,Open,High,Low,Close,Volume,Dividends,Stock Splits
2022-09-29 09:30:00-04:00,0.5479999780654907,0.5479999780654907,0.5185999870300293,0.5200999975204468,0,0.0,0.0
2022-09-29 10:30:00-04:00,0.5184000134468079,0.5280500054359436,0.5184000134468079,0.5280500054359436,5377,0.0,0.0
2022-09-29 11:30:00-04:00,0.5289000272750854,0.5302929878234863,0.5289000272750854,0.5302929878234863,3465,0.0,0.0
2022-09-29 12:30:00-04:00,0.5299999713897705,0.5361999869346619,0.5232999920845032,0.5232999920845032,6974,0.0,0.0
2022-09-29 13:30:00-04:00,0.5232999920845032,0.5273000001907349,0.5220999717712402,0.5273000001907349,6296,0.0,0.0
2022-09-29 14:30:00-04:00,0.5202000141143799,0.536300003528595,0.5202000141143799,0.536300003528595,3301,0.0,0.0
2022-09-29 15:30:00-04:00,0.536300003528595,0.5400000214576721,0.5299000144004822,0.5400000214576721,0,0.0,0.0
2022-09-30 09:30:00-04:00,0.539900004863739,0.5508999824523926,0.5325000286102295,0.5508999824523926,12162,0.0,0.0
2022-09-30 10:30:00-04:00,0.5460000038146973,0.5515999794006348,0.5460000038146973,0.5515999794006348,18271,0.0,0.0
2022-09-30 11:30:00-04:00,0.5555999875068665,0.5555999875068665,0.5551999807357788,0.5551999807357788,444,0.0,0.0
2022-09-30 12:30:00-04:00,0.5562999844551086,0.5600000023841858,0.5562999844551086,0.5600000023841858,16320,0.0,0.0
2022-09-30 13:30:00-04:00,0.5601000189781189,0.5602999925613403,0.5525000095367432,0.5562999844551086,7102,0.0,0.0
2022-09-30 14:30:00-04:00,0.5562499761581421,0.5659999847412109,0.5562499761581421,0.5659999847412109,13039,0.0,0.0
2022-09-30 15:30:00-04:00,0.5663999915122986,0.5663999915122986,0.5308979749679565,0.5308979749679565,7346,0.0,0.0
2022-10-03 09:30:00-04:00,0.5550000071525574,0.5550000071525574,0.5387009978294373,0.5526000261306763,6113,0.0,0.0
2022-10-03 10:30:00-04:00,0.5550000071525574,0.5550000071525574,0.550400972366333,0.5548999905586243,2422,0.0,0.0
2022-10-03 11:30:00-04:00,0.550599992275238,0.5550000071525574,0.5404000282287598,0.550000011920929,15182,0.0,0.0
2022-10-03 12:30:00-04:00,0.550000011920929,0.550000011920929,0.5422999858856201,0.5497000217437744,3283,0.0,0.0
2022-10-03 13:30:00-04:00,0.5422000288963318,0.5501000285148621,0.539900004863739,0.5455999970436096,12995,0.0,0.0
2022-10-03 14:30:00-04:00,0.5523999929428101,0.5523999929428101,0.5404999852180481,0.5465999841690063,7323,0.0,0.0
2022-10-03 15:30:00-04:00,0.546750009059906,0.5533000230789185,0.5418999791145325,0.5504000186920166,2129,0.0,0.0
2022-10-04 09:30:00-04:00,0.5594990253448486,0.5605000257492065,0.5594000220298767,0.5601000189781189,0,0.0,0.0
2022-10-04 10:30:00-04:00,0.5611000061035156,0.5684999823570251,0.557200014591217,0.557200014591217,2902,0.0,0.0
2022-10-04 11:30:00-04:00,0.557200014591217,0.557200014591217,0.557200014591217,0.557200014591217,408,0.0,0.0
2022-10-04 12:30:00-04:00,0.5600000023841858,0.5702000260353088,0.5600000023841858,0.5702000260353088,2218,0.0,0.0
2022-10-04 13:30:00-04:00,0.5699999928474426,0.5699999928474426,0.5699999928474426,0.5699999928474426,338,0.0,0.0
2022-10-04 14:30:00-04:00,0.5684999823570251,0.5684999823570251,0.5651000142097473,0.5656099915504456,6107,0.0,0.0
2022-10-04 15:30:00-04:00,0.567550003528595,0.5699999928474426,0.5600000023841858,0.5600000023841858,0,0.0,0.0
2022-10-05 09:30:00-04:00,0.5600000023841858,0.5699999928474426,0.5450000166893005,0.5583999752998352,6840,0.0,0.0
2022-10-05 10:30:00-04:00,0.5587000250816345,0.5587000250816345,0.5548999905586243,0.5548999905586243,1202,0.0,0.0
2022-10-05 11:30:00-04:00,0.5547999739646912,0.5584999918937683,0.5547999739646912,0.5583999752998352,865,0.0,0.0
2022-10-05 13:30:00-04:00,0.5579000115394592,0.5579000115394592,0.5579000115394592,0.5579000115394592,373,0.0,0.0
2022-10-05 14:30:00-04:00,0.5550000071525574,0.557898998260498,0.5550000071525574,0.5569999814033508,300,0.0,0.0
2022-10-05 15:30:00-04:00,0.5580000281333923,0.5580000281333923,0.5565999746322632,0.5565999746322632,4929,0.0,0.0
2022-10-06 09:30:00-04:00,0.5799999833106995,0.5799999833106995,0.539900004863739,0.545199990272522,4469,0.0,0.0
2022-10-06 10:30:00-04:00,0.5414000153541565,0.546500027179718,0.5400000214576721,0.5464000105857849,22834,0.0,0.0
2022-10-06 11:30:00-04:00,0.5464000105857849,0.5486000180244446,0.5400000214576721,0.5400000214576721,18422,0.0,0.0
2022-10-06 12:30:00-04:00,0.5400999784469604,0.5440000295639038,0.5400000214576721,0.5440000295639038,7363,0.0,0.0
2022-10-06 13:30:00-04:00,0.5482000112533569,0.54830002784729,0.5440000295639038,0.5440000295639038,9184,0.0,0.0
2022-10-06 14:30:00-04:00,0.5478000044822693,0.5490999817848206,0.5440000295639038,0.5490999817848206,6186,0.0,0.0
2022-10-06 15:30:00-04:00,0.5491999983787537,0.5491999983787537,0.5491999983787537,0.5491999983787537,600,0.0,0.0
2022-10-07 09:30:00-04:00,0.5766000151634216,0.5766000151634216,0.5400999784469604,0.550000011920929,4724,0.0,0.0
2022-10-07 10:30:00-04:00,0.5402830243110657,0.5418000221252441,0.5400999784469604,0.5407000184059143,5132,0.0,0.0
2022-10-07 11:30:00-04:00,0.5418000221252441,0.5418999791145325,0.5400000214576721,0.5400000214576721,18105,0.0,0.0
2022-10-07 12:30:00-04:00,0.5400000214576721,0.5400999784469604,0.5400000214576721,0.5400000214576721,1228,0.0,0.0
2022-10-07 13:30:00-04:00,0.5400999784469604,0.5400999784469604,0.5400999784469604,0.5400999784469604,3550,0.0,0.0
2022-10-07 14:30:00-04:00,0.5400999784469604,0.5450000166893005,0.5400000214576721,0.5400000214576721,12434,0.0,0.0
2022-10-07 15:30:00-04:00,0.5471000075340271,0.5471000075340271,0.5400000214576721,0.5450000166893005,3298,0.0,0.0
2022-10-10 09:30:00-04:00,0.5600000023841858,0.5799999833106995,0.5600000023841858,0.560001015663147,4038,0.0,0.0
2022-10-10 11:30:00-04:00,0.5649999976158142,0.5649999976158142,0.5649999976158142,0.5649999976158142,180,0.0,0.0
2022-10-10 12:30:00-04:00,0.5651000142097473,0.5651000142097473,0.5649999976158142,0.5651000142097473,2907,0.0,0.0
2022-10-10 13:30:00-04:00,0.5623499751091003,0.5623499751091003,0.5504000186920166,0.5529000163078308,7142,0.0,0.0
2022-10-10 14:30:00-04:00,0.5450000166893005,0.5490000247955322,0.5400999784469604,0.5490000247955322,12141,0.0,0.0
2022-10-10 15:30:00-04:00,0.5490000247955322,0.5490999817848206,0.5450000166893005,0.5450000166893005,43510,0.0,0.0
2022-10-11 09:30:00-04:00,0.5422999858856201,0.550000011920929,0.5422999858856201,0.5460000038146973,688,0.0,0.0
2022-10-11 10:30:00-04:00,0.5494999885559082,0.5494999885559082,0.5403000116348267,0.5403580069541931,27129,0.0,0.0
2022-10-11 11:30:00-04:00,0.5404000282287598,0.5450999736785889,0.5404000282287598,0.5442000031471252,10753,0.0,0.0
2022-10-11 12:30:00-04:00,0.5440000295639038,0.546500027179718,0.5439000129699707,0.5450000166893005,9700,0.0,0.0
2022-10-11 13:30:00-04:00,0.5453000068664551,0.550000011920929,0.5440000295639038,0.5440000295639038,14868,0.0,0.0
2022-10-11 14:30:00-04:00,0.5437999963760376,0.5440999865531921,0.5437999963760376,0.5440000295639038,3831,0.0,0.0
2022-10-11 15:30:00-04:00,0.5439500212669373,0.5440999865531921,0.5419999957084656,0.5419999957084656,0,0.0,0.0
2022-10-12 09:30:00-04:00,0.5400000214576721,0.5436999797821045,0.5400000214576721,0.5418000221252441,31233,0.0,0.0
2022-10-12 10:30:00-04:00,0.5400000214576721,0.5400000214576721,0.5400000214576721,0.5400000214576721,18107,0.0,0.0
2022-10-12 11:30:00-04:00,0.5400000214576721,0.5400000214576721,0.5400000214576721,0.5400000214576721,1353,0.0,0.0
2022-10-12 12:30:00-04:00,0.5400999784469604,0.5425000190734863,0.5400000214576721,0.5425000190734863,18205,0.0,0.0
2022-10-12 13:30:00-04:00,0.5414000153541565,0.5454000234603882,0.5400000214576721,0.5454000234603882,8610,0.0,0.0
2022-10-12 14:30:00-04:00,0.5467000007629395,0.5467000007629395,0.5400000214576721,0.5400000214576721,41450,0.0,0.0
2022-10-12 15:30:00-04:00,0.5400000214576721,0.5400999784469604,0.5400000214576721,0.5400000214576721,11093,0.0,0.0
2022-10-13 09:30:00-04:00,0.5350000262260437,0.5382999777793884,0.5224000215530396,0.5224000215530396,0,0.0,0.0
2022-10-13 10:30:00-04:00,0.5230000019073486,0.535099983215332,0.5230000019073486,0.5230000019073486,22708,0.0,0.0
2022-10-13 11:30:00-04:00,0.5289999842643738,0.5357999801635742,0.5246999859809875,0.5331000089645386,19807,0.0,0.0
2022-10-13 12:30:00-04:00,0.5299999713897705,0.5480999946594238,0.5299999713897705,0.5357999801635742,18947,0.0,0.0
2022-10-13 13:30:00-04:00,0.5358999967575073,0.5393000245094299,0.5340999960899353,0.5349000096321106,13601,0.0,0.0
2022-10-13 14:30:00-04:00,0.536300003528595,0.5400000214576721,0.5328999757766724,0.5351999998092651,9422,0.0,0.0
2022-10-13 15:30:00-04:00,0.5349000096321106,0.5472999811172485,0.5325999855995178,0.5400000214576721,12653,0.0,0.0
2022-10-14 09:30:00-04:00,0.550000011920929,0.550000011920929,0.5249000191688538,0.5249000191688538,0,0.0,0.0
2022-10-14 10:30:00-04:00,0.5249999761581421,0.5317000150680542,0.5249999761581421,0.5317000150680542,430,0.0,0.0
2022-10-14 11:30:00-04:00,0.5317000150680542,0.5376999974250793,0.5317000150680542,0.5339000225067139,6566,0.0,0.0
2022-10-14 12:30:00-04:00,0.5319010019302368,0.5325040221214294,0.5317000150680542,0.5317000150680542,601,0.0,0.0
2022-10-14 13:30:00-04:00,0.5335999727249146,0.5336999893188477,0.5228999853134155,0.5228999853134155,11109,0.0,0.0
2022-10-14 14:30:00-04:00,0.5297999978065491,0.5335999727249146,0.5297999978065491,0.5335999727249146,1924,0.0,0.0
2022-10-14 15:30:00-04:00,0.5299999713897705,0.5299999713897705,0.5299999713897705,0.5299999713897705,519,0.0,0.0
2022-10-17 09:30:00-04:00,0.5400000214576721,0.5600000023841858,0.539900004863739,0.5440999865531921,3622,0.0,0.0
2022-10-17 10:30:00-04:00,0.5498999953269958,0.5717999935150146,0.5498999953269958,0.5539000034332275,10070,0.0,0.0
2022-10-17 11:30:00-04:00,0.5600000023841858,0.5629000067710876,0.5600000023841858,0.5629000067710876,1667,0.0,0.0
2022-10-17 12:30:00-04:00,0.5640249848365784,0.5641000270843506,0.5629000067710876,0.5629000067710876,9782,0.0,0.0
2022-10-17 13:30:00-04:00,0.5600000023841858,0.5600000023841858,0.5600000023841858,0.5600000023841858,3806,0.0,0.0
2022-10-17 14:30:00-04:00,0.5600000023841858,0.5600000023841858,0.5600000023841858,0.5600000023841858,4254,0.0,0.0
2022-10-17 15:30:00-04:00,0.5600000023841858,0.5634999871253967,0.5600000023841858,0.5633990168571472,0,0.0,0.0
2022-10-18 09:30:00-04:00,0.5600000023841858,0.5846999883651733,0.5501000285148621,0.567799985408783,15472,0.0,0.0
2022-10-18 10:30:00-04:00,0.5598999857902527,0.5598999857902527,0.5569000244140625,0.5598999857902527,15187,0.0,0.0
2022-10-18 11:30:00-04:00,0.570451021194458,0.5755000114440918,0.5699999928474426,0.5755000114440918,2871,0.0,0.0
2022-10-18 12:30:00-04:00,0.5703999996185303,0.574400007724762,0.5703999996185303,0.5741999745368958,1775,0.0,0.0
2022-10-18 13:30:00-04:00,0.5737000107765198,0.5738000273704529,0.5730999708175659,0.5730999708175659,1424,0.0,0.0
2022-10-18 14:30:00-04:00,0.572950005531311,0.572950005531311,0.572950005531311,0.572950005531311,134,0.0,0.0
2022-10-18 15:30:00-04:00,0.572700023651123,0.5776000022888184,0.572700023651123,0.5776000022888184,2680,0.0,0.0
2022-10-19 09:30:00-04:00,0.5609999895095825,0.5609999895095825,0.5537769794464111,0.5537769794464111,0,0.0,0.0
2022-10-19 10:30:00-04:00,0.5637000203132629,0.5638999938964844,0.5636000037193298,0.5636000037193298,2200,0.0,0.0
2022-10-19 11:30:00-04:00,0.5631009936332703,0.5708510279655457,0.5631009936332703,0.5708510279655457,5014,0.0,0.0
2022-10-19 12:30:00-04:00,0.564100980758667,0.564100980758667,0.5640000104904175,0.5641000270843506,989,0.0,0.0
2022-10-19 13:30:00-04:00,0.5636000037193298,0.572700023651123,0.5634999871253967,0.572700023651123,1702,0.0,0.0
2022-10-19 15:30:00-04:00,0.5788000226020813,0.5788000226020813,0.5788000226020813,0.5788000226020813,398,0.0,0.0
2022-10-20 09:30:00-04:00,0.5935999751091003,0.5997999906539917,0.5849000215530396,0.5898000001907349,15171,0.0,0.0
2022-10-20 10:30:00-04:00,0.5899999737739563,0.5983999967575073,0.5821999907493591,0.5899999737739563,39178,0.0,0.0
2022-10-20 11:30:00-04:00,0.5999000072479248,0.607200026512146,0.5997999906539917,0.607200026512146,36031,0.0,0.0
2022-10-20 12:30:00-04:00,0.6055999994277954,0.607200026512146,0.6055999994277954,0.6070489883422852,5962,0.0,0.0
2022-10-20 13:30:00-04:00,0.6093000173568726,0.6093000173568726,0.6093000173568726,0.6093000173568726,100,0.0,0.0
2022-10-20 14:30:00-04:00,0.6068000197410583,0.6068000197410583,0.6043000221252441,0.6043000221252441,2650,0.0,0.0
2022-10-20 15:30:00-04:00,0.6000999808311462,0.6029999852180481,0.6000999808311462,0.6021000146865845,1400,0.0,0.0
2022-10-21 09:30:00-04:00,0.6100000143051147,0.6100000143051147,0.6000000238418579,0.607200026512146,21987,0.0,0.0
2022-10-21 10:30:00-04:00,0.6097990274429321,0.6097990274429321,0.5950999855995178,0.5952000021934509,5898,0.0,0.0
2022-10-21 11:30:00-04:00,0.5999000072479248,0.6172999739646912,0.5976999998092651,0.6172999739646912,13200,0.0,0.0
2022-10-21 12:30:00-04:00,0.6161999702453613,0.6161999702453613,0.6032009720802307,0.6032009720802307,636,0.0,0.0
2022-10-21 13:30:00-04:00,0.6103000044822693,0.6198999881744385,0.6090009808540344,0.6104999780654907,7289,0.0,0.0
2022-10-21 14:30:00-04:00,0.6037999987602234,0.625,0.6037999987602234,0.616100013256073,13318,0.0,0.0
2022-10-21 15:30:00-04:00,0.612500011920929,0.6252999901771545,0.5999000072479248,0.6251999735832214,10993,0.0,0.0
2022-10-24 09:30:00-04:00,0.6299999952316284,0.6299999952316284,0.6119999885559082,0.612500011920929,3585,0.0,0.0
2022-10-24 10:30:00-04:00,0.5952000021934509,0.5952000021934509,0.5899999737739563,0.5901010036468506,21000,0.0,0.0
2022-10-24 11:30:00-04:00,0.5922999978065491,0.5922999978065491,0.5922999978065491,0.5922999978065491,486,0.0,0.0
2022-10-24 12:30:00-04:00,0.5931000113487244,0.5931000113487244,0.5931000113487244,0.5931000113487244,410,0.0,0.0
2022-10-24 13:30:00-04:00,0.5938000082969666,0.5952000021934509,0.5934000015258789,0.5952000021934509,1884,0.0,0.0
2022-10-24 14:30:00-04:00,0.5947999954223633,0.5949000120162964,0.593999981880188,0.5949000120162964,1126,0.0,0.0
2022-10-24 15:30:00-04:00,0.5947999954223633,0.5949000120162964,0.5929999947547913,0.5949000120162964,0,0.0,0.0
2022-10-25 09:30:00-04:00,0.629800021648407,0.6499999761581421,0.6000000238418579,0.6075490117073059,2920,0.0,0.0
2022-10-25 10:30:00-04:00,0.6075000166893005,0.6100000143051147,0.6075000166893005,0.6100000143051147,1024,0.0,0.0
2022-10-25 11:30:00-04:00,0.6057000160217285,0.6057999730110168,0.6057000160217285,0.6057999730110168,856,0.0,0.0
2022-10-25 12:30:00-04:00,0.6057000160217285,0.6100000143051147,0.6057000160217285,0.6062999963760376,5013,0.0,0.0
2022-10-25 13:30:00-04:00,0.6087999939918518,0.6087999939918518,0.5950999855995178,0.5950999855995178,6170,0.0,0.0
2022-10-25 14:30:00-04:00,0.5950000286102295,0.6075000166893005,0.5950000286102295,0.6043000221252441,15948,0.0,0.0
2022-10-25 15:30:00-04:00,0.6100000143051147,0.6100000143051147,0.602599024772644,0.602599024772644,0,0.0,0.0
2022-10-26 09:30:00-04:00,0.6025000214576721,0.6299999952316284,0.6025000214576721,0.6299999952316284,19437,0.0,0.0
2022-10-26 10:30:00-04:00,0.6299999952316284,0.6299999952316284,0.6264989972114563,0.6265990138053894,4504,0.0,0.0
2022-10-26 11:30:00-04:00,0.6251000165939331,0.6263999938964844,0.6200000047683716,0.6238499879837036,15079,0.0,0.0
2022-10-26 12:30:00-04:00,0.6179999709129333,0.6179999709129333,0.6179999709129333,0.6179999709129333,2130,0.0,0.0
2022-10-26 13:30:00-04:00,0.6118999719619751,0.6118999719619751,0.6000999808311462,0.6000999808311462,8973,0.0,0.0
2022-10-26 14:30:00-04:00,0.6104000210762024,0.6104000210762024,0.6000999808311462,0.6090999841690063,6400,0.0,0.0
2022-10-26 15:30:00-04:00,0.6000999808311462,0.6179999709129333,0.6000999808311462,0.6177999973297119,0,0.0,0.0
2022-10-27 09:30:00-04:00,0.6399000287055969,0.6399000287055969,0.6000000238418579,0.6000000238418579,10119,0.0,0.0
2022-10-27 10:30:00-04:00,0.6097999811172485,0.6097999811172485,0.6097999811172485,0.6097999811172485,1432,0.0,0.0
2022-10-27 12:30:00-04:00,0.6097999811172485,0.6098999977111816,0.60589998960495,0.60589998960495,1192,0.0,0.0
2022-10-27 15:30:00-04:00,0.5953999757766724,0.6032000184059143,0.5950000286102295,0.5950000286102295,0,0.0,0.0
2022-10-28 09:30:00-04:00,0.6000000238418579,0.6000000238418579,0.5950000286102295,0.5950000286102295,10153,0.0,0.0
2022-10-28 10:30:00-04:00,0.5899999737739563,0.5899999737739563,0.5698000192642212,0.5713000297546387,3561,0.0,0.0
2022-10-28 11:30:00-04:00,0.5833989977836609,0.5834000110626221,0.5699999928474426,0.5799999833106995,1421,0.0,0.0
2022-10-28 12:30:00-04:00,0.5834000110626221,0.5857999920845032,0.5834000110626221,0.5857999920845032,480,0.0,0.0
2022-10-28 13:30:00-04:00,0.5860000252723694,0.5892000198364258,0.5860000252723694,0.5874999761581421,8125,0.0,0.0
2022-10-28 14:30:00-04:00,0.5860000252723694,0.5860000252723694,0.5860000252723694,0.5860000252723694,1266,0.0,0.0
2022-10-28 15:30:00-04:00,0.5860000252723694,0.5860000252723694,0.5860000252723694,0.5860000252723694,139,0.0,0.0
2022-10-31 09:30:00-04:00,0.5950000286102295,0.5950000286102295,0.5390999913215637,0.5640990138053894,0,0.0,0.0
2022-10-31 10:30:00-04:00,0.5640990138053894,0.5640990138053894,0.5640990138053894,0.5640990138053894,116,0.0,0.0
2022-10-31 12:30:00-04:00,0.5587999820709229,0.5587999820709229,0.5501009821891785,0.5581499934196472,6720,0.0,0.0
2022-10-31 13:30:00-04:00,0.5580999851226807,0.5580999851226807,0.550000011920929,0.550000011920929,10600,0.0,0.0
2022-10-31 14:30:00-04:00,0.5358999967575073,0.5446000099182129,0.534500002861023,0.534500002861023,3756,0.0,0.0
2022-10-31 15:30:00-04:00,0.5396000146865845,0.5899999737739563,0.5375999808311462,0.5899999737739563,0,0.0,0.0
2022-11-01 09:30:00-04:00,0.5950000286102295,0.5950000286102295,0.5498999953269958,0.5652999877929688,7396,0.0,0.0
2022-11-01 10:30:00-04:00,0.5666000247001648,0.580299973487854,0.5300999879837036,0.5329999923706055,44365,0.0,0.0
2022-11-01 11:30:00-04:00,0.5518990159034729,0.5662999749183655,0.5482000112533569,0.5662999749183655,4474,0.0,0.0
2022-11-01 12:30:00-04:00,0.550000011920929,0.5597000122070312,0.550000011920929,0.5566999912261963,5416,0.0,0.0
2022-11-01 13:30:00-04:00,0.5548999905586243,0.5699999928474426,0.5548999905586243,0.5665000081062317,23075,0.0,0.0
2022-11-01 14:30:00-04:00,0.5659999847412109,0.5677000284194946,0.5659999847412109,0.5677000284194946,5996,0.0,0.0
2022-11-01 15:30:00-04:00,0.5677000284194946,0.5867000222206116,0.560699999332428,0.5867000222206116,968,0.0,0.0
2022-11-02 09:30:00-04:00,0.5950000286102295,0.5950000286102295,0.5537999868392944,0.5771009922027588,4409,0.0,0.0
2022-11-02 10:30:00-04:00,0.5763999819755554,0.5763999819755554,0.5763999819755554,0.5763999819755554,1080,0.0,0.0
2022-11-02 11:30:00-04:00,0.5851989984512329,0.5853000283241272,0.5814989805221558,0.5835909843444824,3636,0.0,0.0
2022-11-02 12:30:00-04:00,0.5699999928474426,0.5699999928474426,0.5626000165939331,0.5626000165939331,2539,0.0,0.0
2022-11-02 13:30:00-04:00,0.5667999982833862,0.5676000118255615,0.5646499991416931,0.5676000118255615,3364,0.0,0.0
2022-11-02 14:30:00-04:00,0.5805000066757202,0.5824999809265137,0.5626000165939331,0.5626000165939331,6000,0.0,0.0
2022-11-02 15:30:00-04:00,0.578499972820282,0.578499972820282,0.5649999976158142,0.5649999976158142,1265,0.0,0.0
2022-11-03 09:30:00-04:00,0.5699999928474426,0.5699999928474426,0.5439000129699707,0.550000011920929,0,0.0,0.0
2022-11-03 10:30:00-04:00,0.5652999877929688,0.5654000043869019,0.5598999857902527,0.5600000023841858,2454,0.0,0.0
2022-11-03 11:30:00-04:00,0.560276985168457,0.560276985168457,0.5600000023841858,0.5600000023841858,2292,0.0,0.0
2022-11-03 12:30:00-04:00,0.5598999857902527,0.5598999857902527,0.5440999865531921,0.5440999865531921,2102,0.0,0.0
2022-11-03 13:30:00-04:00,0.550000011920929,0.5511509776115417,0.5324000120162964,0.5465999841690063,34234,0.0,0.0
2022-11-03 14:30:00-04:00,0.5453500151634216,0.5522000193595886,0.5435000061988831,0.5498999953269958,38936,0.0,0.0
2022-11-03 15:30:00-04:00,0.5444999933242798,0.5601000189781189,0.5443999767303467,0.550000011920929,14973,0.0,0.0
2022-11-04 09:30:00-04:00,0.5435000061988831,0.5867000222206116,0.5435000061988831,0.5685999989509583,29419,0.0,0.0
2022-11-04 10:30:00-04:00,0.5745499730110168,0.5799999833106995,0.564300000667572,0.5681999921798706,11914,0.0,0.0
2022-11-04 11:30:00-04:00,0.5681999921798706,0.5830000042915344,0.5641999840736389,0.5799000263214111,16749,0.0,0.0
2022-11-04 12:30:00-04:00,0.5683010220527649,0.5748999714851379,0.5683010220527649,0.5745000243186951,8262,0.0,0.0
2022-11-04 13:30:00-04:00,0.5748000144958496,0.579800009727478,0.5748000144958496,0.5751150250434875,1337,0.0,0.0
2022-11-04 14:30:00-04:00,0.5756999850273132,0.5950999855995178,0.5752999782562256,0.5855000019073486,27601,0.0,0.0
2022-11-04 15:30:00-04:00,0.5809999704360962,0.5855000019073486,0.5793480277061462,0.5830000042915344,3663,0.0,0.0
2022-11-07 09:30:00-05:00,0.5849999785423279,0.5965999960899353,0.5831999778747559,0.5849999785423279,28195,0.0,0.0
2022-11-07 10:30:00-05:00,0.5999000072479248,0.6194999814033508,0.5999000072479248,0.6152999997138977,13303,0.0,0.0
2022-11-07 11:30:00-05:00,0.6197999715805054,0.6197999715805054,0.6128010153770447,0.6128010153770447,3900,0.0,0.0
2022-11-07 12:30:00-05:00,0.6194999814033508,0.6194999814033508,0.6100000143051147,0.6100000143051147,3565,0.0,0.0
2022-11-07 13:30:00-05:00,0.6100000143051147,0.6140000224113464,0.6100000143051147,0.6140000224113464,6814,0.0,0.0
2022-11-07 14:30:00-05:00,0.6000999808311462,0.6000999808311462,0.6000000238418579,0.6000000238418579,475,0.0,0.0
2022-11-07 15:30:00-05:00,0.6000999808311462,0.6000999808311462,0.5910000205039978,0.5910000205039978,0,0.0,0.0
2022-11-08 09:30:00-05:00,0.5799999833106995,0.6200000047683716,0.5799999833106995,0.6200000047683716,12380,0.0,0.0
2022-11-08 10:30:00-05:00,0.6103000044822693,0.6200000047683716,0.6103000044822693,0.6200000047683716,14832,0.0,0.0
2022-11-08 11:30:00-05:00,0.6284000277519226,0.6284000277519226,0.6284000277519226,0.6284000277519226,100,0.0,0.0
2022-11-08 12:30:00-05:00,0.6161999702453613,0.6299999952316284,0.616100013256073,0.6299999952316284,2533,0.0,0.0
2022-11-08 13:30:00-05:00,0.6240000128746033,0.6240000128746033,0.6140999794006348,0.6140999794006348,5220,0.0,0.0
2022-11-08 14:30:00-05:00,0.6140999794006348,0.6225000023841858,0.6069999933242798,0.6155999898910522,17334,0.0,0.0
2022-11-08 15:30:00-05:00,0.623199999332428,0.6399999856948853,0.623199999332428,0.6399999856948853,0,0.0,0.0
2022-11-09 09:30:00-05:00,0.6499999761581421,0.6499999761581421,0.6200000047683716,0.6269000172615051,1950,0.0,0.0
2022-11-09 10:30:00-05:00,0.6122999787330627,0.6200000047683716,0.6100999712944031,0.6200000047683716,15938,0.0,0.0
2022-11-09 11:30:00-05:00,0.6193000078201294,0.6194000244140625,0.6100000143051147,0.6185010075569153,7920,0.0,0.0
2022-11-09 12:30:00-05:00,0.6100000143051147,0.6269999742507935,0.6100000143051147,0.6170560121536255,12400,0.0,0.0
2022-11-09 13:30:00-05:00,0.6100000143051147,0.6136999726295471,0.6100000143051147,0.6136999726295471,0,0.0,0.0
2022-11-10 09:30:00-05:00,0.6100000143051147,0.6499999761581421,0.6100000143051147,0.6392329931259155,27548,0.0,0.0
2022-11-10 10:30:00-05:00,0.6394000053405762,0.6654000282287598,0.6394000053405762,0.6499999761581421,53456,0.0,0.0
2022-11-10 11:30:00-05:00,0.6499999761581421,0.6499999761581421,0.6399999856948853,0.6399999856948853,24224,0.0,0.0
2022-11-10 12:30:00-05:00,0.648019015789032,0.648019015789032,0.6399999856948853,0.6432999968528748,7014,0.0,0.0
2022-11-10 13:30:00-05:00,0.6449000239372253,0.6499999761581421,0.6449000239372253,0.6499999761581421,19150,0.0,0.0
2022-11-10 14:30:00-05:00,0.6499000191688538,0.6499999761581421,0.6499000191688538,0.6499999761581421,18001,0.0,0.0
2022-11-10 15:30:00-05:00,0.6499000191688538,0.6499999761581421,0.6424000263214111,0.6492000222206116,0,0.0,0.0
2022-11-11 09:30:00-05:00,0.6499999761581421,0.6499999761581421,0.621399998664856,0.6401000022888184,53699,0.0,0.0
2022-11-11 10:30:00-05:00,0.6499999761581421,0.6575999855995178,0.6498159766197205,0.6575999855995178,117350,0.0,0.0
2022-11-11 11:30:00-05:00,0.6516500115394592,0.6568499803543091,0.6467999815940857,0.6568499803543091,2157,0.0,0.0
2022-11-11 12:30:00-05:00,0.6597999930381775,0.6599000096321106,0.6597999930381775,0.6599000096321106,2905,0.0,0.0
2022-11-11 13:30:00-05:00,0.6599000096321106,0.6599000096321106,0.6597999930381775,0.6597999930381775,6432,0.0,0.0
2022-11-11 14:30:00-05:00,0.6599000096321106,0.6858000159263611,0.6599000096321106,0.6858000159263611,5724,0.0,0.0
2022-11-11 15:30:00-05:00,0.6858000159263611,0.6858000159263611,0.675000011920929,0.6800000071525574,30940,0.0,0.0
2022-11-14 09:30:00-05:00,0.699999988079071,0.7001000046730042,0.6740999817848206,0.6801000237464905,52903,0.0,0.0
2022-11-14 10:30:00-05:00,0.6754000186920166,0.6800000071525574,0.6754000186920166,0.6800000071525574,784,0.0,0.0
2022-11-14 11:30:00-05:00,0.6891999840736389,0.6891999840736389,0.6844000220298767,0.6844000220298767,19739,0.0,0.0
2022-11-14 12:30:00-05:00,0.6862000226974487,0.6862000226974487,0.6862000226974487,0.6862000226974487,2055,0.0,0.0
2022-11-14 13:30:00-05:00,0.6868000030517578,0.6869000196456909,0.6811000108718872,0.6869000196456909,5116,0.0,0.0
2022-11-14 14:30:00-05:00,0.6880999803543091,0.6880999803543091,0.6880999803543091,0.6880999803543091,300,0.0,0.0
2022-11-14 15:30:00-05:00,0.6880000233650208,0.6899999976158142,0.6811000108718872,0.6811000108718872,0,0.0,0.0
2022-11-15 09:30:00-05:00,0.6811000108718872,0.6899999976158142,0.6801000237464905,0.6858999729156494,11858,0.0,0.0
2022-11-15 10:30:00-05:00,0.6801000237464905,0.6898999810218811,0.6801000237464905,0.6898999810218811,12379,0.0,0.0
2022-11-15 11:30:00-05:00,0.6899999976158142,0.6942999958992004,0.6797999739646912,0.6797999739646912,7155,0.0,0.0
2022-11-15 12:30:00-05:00,0.6765999794006348,0.6952000260353088,0.6765999794006348,0.6917999982833862,12405,0.0,0.0
2022-11-15 13:30:00-05:00,0.6877999901771545,0.6887000203132629,0.6877999901771545,0.6887000203132629,1161,0.0,0.0
2022-11-15 15:30:00-05:00,0.6832000017166138,0.6850000023841858,0.6832000017166138,0.6850000023841858,0,0.0,0.0
2022-11-16 09:30:00-05:00,0.6869000196456909,0.6869000196456909,0.6700000166893005,0.6779000163078308,51439,0.0,0.0
2022-11-16 10:30:00-05:00,0.6778990030288696,0.6778990030288696,0.6778990030288696,0.6778990030288696,689,0.0,0.0
2022-11-16 11:30:00-05:00,0.6740000247955322,0.6740000247955322,0.6740000247955322,0.6740000247955322,1500,0.0,0.0
2022-11-16 12:30:00-05:00,0.6740000247955322,0.6779000163078308,0.6725000143051147,0.67746502161026,14305,0.0,0.0
2022-11-16 13:30:00-05:00,0.6728000044822693,0.6753000020980835,0.6728000044822693,0.6728000044822693,4943,0.0,0.0
2022-11-16 14:30:00-05:00,0.6754000186920166,0.6766999959945679,0.6700999736785889,0.6722000241279602,5018,0.0,0.0
2022-11-16 15:30:00-05:00,0.6703000068664551,0.6740000247955322,0.670199990272522,0.6740000247955322,2221,0.0,0.0
2022-11-17 09:30:00-05:00,0.6556000113487244,0.6833999752998352,0.6556000113487244,0.671999990940094,4318,0.0,0.0
2022-11-17 11:30:00-05:00,0.6718000173568726,0.6757000088691711,0.6711999773979187,0.6757000088691711,7354,0.0,0.0
2022-11-17 14:30:00-05:00,0.6740999817848206,0.6755989789962769,0.6740999817848206,0.6755989789962769,4104,0.0,0.0
2022-11-17 15:30:00-05:00,0.6758000254631042,0.6758000254631042,0.6758000254631042,0.6758000254631042,0,0.0,0.0
2022-11-18 09:30:00-05:00,0.6980000138282776,0.6980000138282776,0.6549999713897705,0.6600000262260437,13920,0.0,0.0
2022-11-18 10:30:00-05:00,0.656000018119812,0.656000018119812,0.6452990174293518,0.6462000012397766,43447,0.0,0.0
2022-11-18 11:30:00-05:00,0.6499999761581421,0.6499999761581421,0.6460999846458435,0.6486999988555908,30442,0.0,0.0
2022-11-18 12:30:00-05:00,0.6499000191688538,0.6499000191688538,0.6467000246047974,0.6467000246047974,1500,0.0,0.0
2022-11-18 13:30:00-05:00,0.6499999761581421,0.6579989790916443,0.6499000191688538,0.6579989790916443,11680,0.0,0.0
2022-11-18 14:30:00-05:00,0.6585000157356262,0.6607999801635742,0.6570000052452087,0.6570000052452087,6089,0.0,0.0
2022-11-18 15:30:00-05:00,0.6607999801635742,0.6899999976158142,0.6607999801635742,0.6794999837875366,2127,0.0,0.0
2022-11-21 09:30:00-05:00,0.6980000138282776,0.6980000138282776,0.6520000100135803,0.6520000100135803,3638,0.0,0.0
2022-11-21 10:30:00-05:00,0.6517000198364258,0.6517000198364258,0.6499999761581421,0.6499999761581421,6303,0.0,0.0
2022-11-21 11:30:00-05:00,0.6500999927520752,0.6500999927520752,0.6500999927520752,0.6500999927520752,158,0.0,0.0
2022-11-21 12:30:00-05:00,0.6499999761581421,0.6499999761581421,0.6373999714851379,0.6399999856948853,16798,0.0,0.0
2022-11-21 13:30:00-05:00,0.6427000164985657,0.6449999809265137,0.640500009059906,0.6425999999046326,4406,0.0,0.0
2022-11-21 15:30:00-05:00,0.6440989971160889,0.6440989971160889,0.6276000142097473,0.6287999749183655,5030,0.0,0.0
2022-11-22 09:30:00-05:00,0.630299985408783,0.6500999927520752,0.630299985408783,0.6496999859809875,0,0.0,0.0
2022-11-22 10:30:00-05:00,0.6448000073432922,0.6499999761581421,0.6417999863624573,0.6449000239372253,14388,0.0,0.0
2022-11-22 11:30:00-05:00,0.6420000195503235,0.6499000191688538,0.6420000195503235,0.6477000117301941,4475,0.0,0.0
2022-11-22 12:30:00-05:00,0.6452000141143799,0.6581000089645386,0.6449999809265137,0.6499999761581421,15458,0.0,0.0
2022-11-22 13:30:00-05:00,0.6660000085830688,0.6660000085830688,0.6657000184059143,0.6657999753952026,6973,0.0,0.0
2022-11-22 14:30:00-05:00,0.6589999794960022,0.6626999974250793,0.6481999754905701,0.6481999754905701,26153,0.0,0.0
2022-11-22 15:30:00-05:00,0.6622999906539917,0.6622999906539917,0.6560500264167786,0.6601999998092651,0,0.0,0.0
2022-11-23 09:30:00-05:00,0.6621000170707703,0.6621000170707703,0.6518999934196472,0.6518999934196472,1746,0.0,0.0
2022-11-23 10:30:00-05:00,0.6417999863624573,0.6499999761581421,0.6417999863624573,0.6499999761581421,9512,0.0,0.0
2022-11-23 11:30:00-05:00,0.6514000296592712,0.6550999879837036,0.6420000195503235,0.6484000086784363,21134,0.0,0.0
2022-11-23 12:30:00-05:00,0.6531999707221985,0.6531999707221985,0.6417999863624573,0.6417999863624573,4684,0.0,0.0
2022-11-23 13:30:00-05:00,0.6419010162353516,0.6607000231742859,0.6280999779701233,0.6280999779701233,26842,0.0,0.0
2022-11-23 14:30:00-05:00,0.6373999714851379,0.6697999835014343,0.6322000026702881,0.6697999835014343,19480,0.0,0.0
2022-11-23 15:30:00-05:00,0.6610000133514404,0.6610000133514404,0.6610000133514404,0.6610000133514404,1471,0.0,0.0
2022-11-25 09:30:00-05:00,0.6880000233650208,0.6976000070571899,0.6725999712944031,0.6743000149726868,12751,0.0,0.0
2022-11-25 10:30:00-05:00,0.6822999715805054,0.6822999715805054,0.6740000247955322,0.6775000095367432,6734,0.0,0.0
2022-11-25 11:30:00-05:00,0.6751999855041504,0.6751999855041504,0.6617000102996826,0.6700000166893005,2236,0.0,0.0
2022-11-25 12:30:00-05:00,0.6700999736785889,0.6718000173568726,0.6700000166893005,0.6700000166893005,2213,0.0,0.0
2022-11-28 09:30:00-05:00,0.6700000166893005,0.6700000166893005,0.6615999937057495,0.6615999937057495,38541,0.0,0.0
2022-11-28 10:30:00-05:00,0.6615999937057495,0.6615999937057495,0.6427000164985657,0.6427000164985657,5524,0.0,0.0
2022-11-28 11:30:00-05:00,0.6399999856948853,0.6425999999046326,0.6299999952316284,0.6420000195503235,30920,0.0,0.0
2022-11-28 12:30:00-05:00,0.6302000284194946,0.6425999999046326,0.6299999952316284,0.6425999999046326,1247,0.0,0.0
2022-11-28 13:30:00-05:00,0.6377999782562256,0.6398000121116638,0.6377999782562256,0.6398000121116638,751,0.0,0.0
2022-11-28 14:30:00-05:00,0.6302000284194946,0.6467000246047974,0.6302000284194946,0.6337000131607056,6570,0.0,0.0
2022-11-28 15:30:00-05:00,0.6349999904632568,0.6349999904632568,0.6299999952316284,0.6299999952316284,1066,0.0,0.0
2022-11-29 09:30:00-05:00,0.6590999960899353,0.6614999771118164,0.6252999901771545,0.6254000067710876,0,0.0,0.0
2022-11-29 10:30:00-05:00,0.6344000101089478,0.6344000101089478,0.6299999952316284,0.6299999952316284,10256,0.0,0.0
2022-11-29 11:30:00-05:00,0.6349999904632568,0.6399000287055969,0.6301010251045227,0.6399000287055969,4000,0.0,0.0
2022-11-29 12:30:00-05:00,0.640500009059906,0.6413000226020813,0.6300010085105896,0.6301010251045227,2636,0.0,0.0
2022-11-29 13:30:00-05:00,0.6301000118255615,0.6499999761581421,0.6301000118255615,0.640999972820282,4730,0.0,0.0
2022-11-29 14:30:00-05:00,0.6450999975204468,0.6514000296592712,0.6360999941825867,0.6499000191688538,20930,0.0,0.0
2022-11-29 15:30:00-05:00,0.6474000215530396,0.6474000215530396,0.6360999941825867,0.6360999941825867,4238,0.0,0.0
2022-11-30 09:30:00-05:00,0.6399999856948853,0.6399999856948853,0.6399999856948853,0.6399999856948853,0,0.0,0.0
2022-11-30 10:30:00-05:00,0.6417999863624573,0.6417999863624573,0.6399999856948853,0.6399999856948853,15722,0.0,0.0
2022-11-30 11:30:00-05:00,0.6401000022888184,0.6401000022888184,0.6399999856948853,0.6399999856948853,6232,0.0,0.0
2022-11-30 12:30:00-05:00,0.6400009989738464,0.6401000022888184,0.6399999856948853,0.6399999856948853,12934,0.0,0.0
2022-11-30 13:30:00-05:00,0.6399999856948853,0.6851999759674072,0.6399999856948853,0.6796000003814697,3551,0.0,0.0
2022-11-30 14:30:00-05:00,0.6715999841690063,0.6715999841690063,0.6449999809265137,0.6600000262260437,20126,0.0,0.0
2022-11-30 15:30:00-05:00,0.6629999876022339,0.6651999950408936,0.6600000262260437,0.660099983215332,9423,0.0,0.0
2022-12-01 09:30:00-05:00,0.6800000071525574,0.7247999906539917,0.6800000071525574,0.6974999904632568,83259,0.0,0.0
2022-12-01 10:30:00-05:00,0.6967009902000427,0.7099999785423279,0.6967009902000427,0.7061010003089905,8983,0.0,0.0
2022-12-01 11:30:00-05:00,0.7059999704360962,0.7197999954223633,0.7001000046730042,0.710099995136261,19546,0.0,0.0
2022-12-01 12:30:00-05:00,0.7092999815940857,0.7093999981880188,0.7023000121116638,0.7023000121116638,2630,0.0,0.0
2022-12-01 13:30:00-05:00,0.7002000212669373,0.7002000212669373,0.7001000046730042,0.7002000212669373,3007,0.0,0.0
2022-12-01 14:30:00-05:00,0.7052000164985657,0.7170000076293945,0.7052000164985657,0.7164999842643738,8157,0.0,0.0
2022-12-01 15:30:00-05:00,0.7105000019073486,0.7105000019073486,0.699999988079071,0.699999988079071,0,0.0,0.0
2022-12-02 09:30:00-05:00,0.6930999755859375,0.7057999968528748,0.6700000166893005,0.6700000166893005,26349,0.0,0.0
2022-12-02 10:30:00-05:00,0.6700000166893005,0.699999988079071,0.6700000166893005,0.6800000071525574,27160,0.0,0.0
2022-12-02 11:30:00-05:00,0.6800000071525574,0.7027999758720398,0.6741999983787537,0.695900022983551,24058,0.0,0.0
2022-12-02 12:30:00-05:00,0.7024000287055969,0.7422000169754028,0.7003999948501587,0.7391999959945679,33325,0.0,0.0
2022-12-02 13:30:00-05:00,0.7421000003814697,0.7494999766349792,0.7250000238418579,0.7494999766349792,21599,0.0,0.0
2022-12-02 14:30:00-05:00,0.7493000030517578,0.7498000264167786,0.7300999760627747,0.7376999855041504,21407,0.0,0.0
2022-12-02 15:30:00-05:00,0.745199978351593,0.7498000264167786,0.7300000190734863,0.7400000095367432,12550,0.0,0.0
2022-12-05 09:30:00-05:00,0.7599999904632568,0.7599999904632568,0.7006000280380249,0.7006000280380249,47012,0.0,0.0
2022-12-05 10:30:00-05:00,0.7057999968528748,0.7228999733924866,0.6725000143051147,0.6747000217437744,20904,0.0,0.0
2022-12-05 11:30:00-05:00,0.6700000166893005,0.6854000091552734,0.6700000166893005,0.6700000166893005,53760,0.0,0.0
2022-12-05 12:30:00-05:00,0.6700000166893005,0.6776000261306763,0.6700000166893005,0.6700000166893005,33215,0.0,0.0
2022-12-05 13:30:00-05:00,0.6700000166893005,0.6729469895362854,0.666700005531311,0.6696000099182129,21176,0.0,0.0
2022-12-05 14:30:00-05:00,0.6603999733924866,0.6690999865531921,0.6600000262260437,0.660099983215332,5195,0.0,0.0
2022-12-05 15:30:00-05:00,0.6600000262260437,0.6620000004768372,0.6600000262260437,0.6620000004768372,0,0.0,0.0
2022-12-06 09:30:00-05:00,0.6949999928474426,0.6949999928474426,0.6668999791145325,0.6748999953269958,2584,0.0,0.0
2022-12-06 10:30:00-05:00,0.6747000217437744,0.6747000217437744,0.6600000262260437,0.6653000116348267,4787,0.0,0.0
2022-12-06 11:30:00-05:00,0.6697999835014343,0.6697999835014343,0.6600000262260437,0.6600000262260437,85490,0.0,0.0
2022-12-06 12:30:00-05:00,0.6600000262260437,0.6600000262260437,0.6600000262260437,0.6600000262260437,130,0.0,0.0
2022-12-06 13:30:00-05:00,0.6600000262260437,0.6633999943733215,0.6499999761581421,0.6499999761581421,7600,0.0,0.0
2022-12-06 14:30:00-05:00,0.6599509716033936,0.6657000184059143,0.6544510126113892,0.6544510126113892,28873,0.0,0.0
2022-12-06 15:30:00-05:00,0.6589000225067139,0.6589000225067139,0.6500999927520752,0.6500999927520752,0,0.0,0.0
2022-12-07 09:30:00-05:00,0.6605690121650696,0.6700000166893005,0.656000018119812,0.6658999919891357,13596,0.0,0.0
2022-12-07 10:30:00-05:00,0.6700000166893005,0.6700000166893005,0.6546000242233276,0.6546000242233276,10500,0.0,0.0
2022-12-07 11:30:00-05:00,0.6545000076293945,0.6700000166893005,0.6525999903678894,0.6585000157356262,16386,0.0,0.0
2022-12-07 12:30:00-05:00,0.660099983215332,0.6626999974250793,0.660099983215332,0.6624000072479248,1703,0.0,0.0
2022-12-07 13:30:00-05:00,0.6614000201225281,0.6626999974250793,0.6600000262260437,0.6600000262260437,14803,0.0,0.0
2022-12-07 14:30:00-05:00,0.6585999727249146,0.6585999727249146,0.6526010036468506,0.6581990122795105,1658,0.0,0.0
2022-12-07 15:30:00-05:00,0.65829998254776,0.6621999740600586,0.6582000255584717,0.6621999740600586,0,0.0,0.0
2022-12-08 09:30:00-05:00,0.664277970790863,0.664277970790863,0.6510999798774719,0.651199996471405,11296,0.0,0.0
2022-12-08 10:30:00-05:00,0.651199996471405,0.6588000059127808,0.651199996471405,0.6530500054359436,7437,0.0,0.0
2022-12-08 11:30:00-05:00,0.652999997138977,0.6549999713897705,0.6460999846458435,0.6547999978065491,9844,0.0,0.0
2022-12-08 12:30:00-05:00,0.6549999713897705,0.666700005531311,0.6539000272750854,0.6664999723434448,14907,0.0,0.0
2022-12-08 13:30:00-05:00,0.6718990206718445,0.6718990206718445,0.666100025177002,0.666100025177002,1635,0.0,0.0
2022-12-08 14:30:00-05:00,0.6618800163269043,0.6618800163269043,0.6552709937095642,0.6552709937095642,715,0.0,0.0
2022-12-08 15:30:00-05:00,0.6550999879837036,0.6550999879837036,0.6399999856948853,0.652999997138977,0,0.0,0.0
2022-12-09 09:30:00-05:00,0.6299999952316284,0.6452000141143799,0.6299999952316284,0.6378999948501587,13741,0.0,0.0
2022-12-09 10:30:00-05:00,0.6399999856948853,0.6474999785423279,0.6370999813079834,0.6474999785423279,8971,0.0,0.0
2022-12-09 11:30:00-05:00,0.637499988079071,0.637499988079071,0.637499988079071,0.637499988079071,320,0.0,0.0
2022-12-09 13:30:00-05:00,0.6425999999046326,0.6430000066757202,0.6376000046730042,0.6377000212669373,12505,0.0,0.0
2022-12-09 14:30:00-05:00,0.6377000212669373,0.6491000056266785,0.6377000212669373,0.6425999999046326,9094,0.0,0.0
2022-12-09 15:30:00-05:00,0.6377000212669373,0.6399999856948853,0.6200000047683716,0.6200000047683716,22330,0.0,0.0
2022-12-12 09:30:00-05:00,0.6200000047683716,0.6200000047683716,0.6107000112533569,0.6107029914855957,19600,0.0,0.0
2022-12-12 10:30:00-05:00,0.6105999946594238,0.6200000047683716,0.6100000143051147,0.6190999746322632,13809,0.0,0.0
2022-12-12 11:30:00-05:00,0.6168000102043152,0.6449999809265137,0.6150000095367432,0.6449999809265137,5489,0.0,0.0
2022-12-12 12:30:00-05:00,0.6200000047683716,0.6251999735832214,0.6200000047683716,0.6248999834060669,2838,0.0,0.0
2022-12-12 13:30:00-05:00,0.6248999834060669,0.6362000107765198,0.6201009750366211,0.6201009750366211,7605,0.0,0.0
2022-12-12 14:30:00-05:00,0.6205499768257141,0.6276999711990356,0.6169999837875366,0.6169999837875366,5014,0.0,0.0
2022-12-12 15:30:00-05:00,0.6187000274658203,0.6200000047683716,0.6162999868392944,0.6189000010490417,0,0.0,0.0
2022-12-13 09:30:00-05:00,0.6299999952316284,0.675599992275238,0.6200000047683716,0.6484010219573975,18704,0.0,0.0
2022-12-13 10:30:00-05:00,0.6553000211715698,0.6599000096321106,0.654699981212616,0.654699981212616,29241,0.0,0.0
2022-12-13 11:30:00-05:00,0.6558870077133179,0.6599000096321106,0.6445000171661377,0.6539999842643738,5670,0.0,0.0
2022-12-13 12:30:00-05:00,0.6538990139961243,0.6599000096321106,0.6538990139961243,0.6599000096321106,523,0.0,0.0
2022-12-13 13:30:00-05:00,0.6541010141372681,0.659500002861023,0.6541010141372681,0.659500002861023,1025,0.0,0.0
2022-12-13 14:30:00-05:00,0.6556500196456909,0.6603000164031982,0.6531999707221985,0.6603000164031982,4490,0.0,0.0
2022-12-13 15:30:00-05:00,0.6790000200271606,0.6790000200271606,0.6524999737739563,0.6524999737739563,0,0.0,0.0
2022-12-14 09:30:00-05:00,0.6401000022888184,0.6470000147819519,0.630299985408783,0.6349999904632568,6184,0.0,0.0
2022-12-14 10:30:00-05:00,0.633400022983551,0.6349999904632568,0.6316999793052673,0.6349999904632568,11179,0.0,0.0
2022-12-14 11:30:00-05:00,0.6337000131607056,0.6349999904632568,0.6323999762535095,0.6324999928474426,3173,0.0,0.0
2022-12-14 12:30:00-05:00,0.6349999904632568,0.6349999904632568,0.6125860214233398,0.618179976940155,11554,0.0,0.0
2022-12-14 13:30:00-05:00,0.6198989748954773,0.6200000047683716,0.6115000247955322,0.6115000247955322,4204,0.0,0.0
2022-12-14 14:30:00-05:00,0.6117870211601257,0.6200000047683716,0.6117870211601257,0.6172999739646912,6404,0.0,0.0
2022-12-14 15:30:00-05:00,0.6197999715805054,0.6197999715805054,0.6100000143051147,0.6100999712944031,0,0.0,0.0
2022-12-15 09:30:00-05:00,0.6299999952316284,0.6406999826431274,0.6082000136375427,0.6384000182151794,36226,0.0,0.0
2022-12-15 10:30:00-05:00,0.6401000022888184,0.6484000086784363,0.6299999952316284,0.6301000118255615,30658,0.0,0.0
2022-12-15 11:30:00-05:00,0.6320000290870667,0.6399000287055969,0.6299999952316284,0.6396999955177307,11335,0.0,0.0
2022-12-15 12:30:00-05:00,0.6395990252494812,0.6395990252494812,0.6299999952316284,0.6359999775886536,6120,0.0,0.0
2022-12-15 13:30:00-05:00,0.6299999952316284,0.6299999952316284,0.6200000047683716,0.6241000294685364,6308,0.0,0.0
2022-12-15 14:30:00-05:00,0.6200000047683716,0.6399000287055969,0.6200000047683716,0.6359999775886536,5047,0.0,0.0
2022-12-15 15:30:00-05:00,0.6359000205993652,0.6359000205993652,0.6202999949455261,0.6205000281333923,0,0.0,0.0
2022-12-16 09:30:00-05:00,0.6205000281333923,0.633400022983551,0.6201000213623047,0.633400022983551,4982,0.0,0.0
2022-12-16 10:30:00-05:00,0.6333000063896179,0.6384999752044678,0.6299999952316284,0.6349999904632568,8670,0.0,0.0
2022-12-16 11:30:00-05:00,0.6294000148773193,0.6373999714851379,0.6294000148773193,0.6349999904632568,5155,0.0,0.0
2022-12-16 12:30:00-05:00,0.6294000148773193,0.6349999904632568,0.6294000148773193,0.6349999904632568,3778,0.0,0.0
2022-12-16 13:30:00-05:00,0.6349999904632568,0.6399999856948853,0.6348999738693237,0.6399999856948853,3835,0.0,0.0
2022-12-16 14:30:00-05:00,0.6399999856948853,0.6399999856948853,0.6262000203132629,0.6341000199317932,4017,0.0,0.0
2022-12-16 15:30:00-05:00,0.6373999714851379,0.6430000066757202,0.6340000033378601,0.6430000066757202,7955,0.0,0.0
2022-12-19 09:30:00-05:00,0.6600000262260437,0.6651999950408936,0.6431000232696533,0.6431000232696533,8062,0.0,0.0
2022-12-19 10:30:00-05:00,0.6431999802589417,0.6431999802589417,0.6274999976158142,0.6290000081062317,21841,0.0,0.0
2022-12-19 11:30:00-05:00,0.6277009844779968,0.6301000118255615,0.6277009844779968,0.6299999952316284,9612,0.0,0.0
2022-12-19 12:30:00-05:00,0.6491990089416504,0.6700000166893005,0.6434999704360962,0.6434999704360962,20023,0.0,0.0
2022-12-19 13:30:00-05:00,0.6435999870300293,0.6466000080108643,0.6434999704360962,0.6466000080108643,10076,0.0,0.0
2022-12-19 14:30:00-05:00,0.6351000070571899,0.6377999782562256,0.623199999332428,0.6273999810218811,2872,0.0,0.0
2022-12-19 15:30:00-05:00,0.6273000240325928,0.6276999711990356,0.6000999808311462,0.6100000143051147,0,0.0,0.0
2022-12-20 09:30:00-05:00,0.6100000143051147,0.6507989764213562,0.6100000143051147,0.6452999711036682,16588,0.0,0.0
2022-12-20 10:30:00-05:00,0.6452000141143799,0.6769000291824341,0.6201000213623047,0.6223999857902527,28630,0.0,0.0
2022-12-20 11:30:00-05:00,0.6399999856948853,0.660099983215332,0.623199999332428,0.660099983215332,6820,0.0,0.0
2022-12-20 12:30:00-05:00,0.6672999858856201,0.6672999858856201,0.6513000130653381,0.6607000231742859,19238,0.0,0.0
2022-12-20 13:30:00-05:00,0.6607000231742859,0.6633999943733215,0.6514999866485596,0.6518999934196472,20854,0.0,0.0
2022-12-20 14:30:00-05:00,0.6445009708404541,0.6647999882698059,0.6445000171661377,0.6646999716758728,15708,0.0,0.0
2022-12-20 15:30:00-05:00,0.6646999716758728,0.66839998960495,0.6561999917030334,0.6682999730110168,0,0.0,0.0
2022-12-21 09:30:00-05:00,0.6877999901771545,0.6877999901771545,0.6664000153541565,0.6664000153541565,2434,0.0,0.0
2022-12-21 10:30:00-05:00,0.6478999853134155,0.6478999853134155,0.6478999853134155,0.6478999853134155,338,0.0,0.0
2022-12-21 11:30:00-05:00,0.6600000262260437,0.6600000262260437,0.614300012588501,0.6299999952316284,22419,0.0,0.0
2022-12-21 12:30:00-05:00,0.6299999952316284,0.6503999829292297,0.6299999952316284,0.635699987411499,7666,0.0,0.0
2022-12-21 13:30:00-05:00,0.6245999932289124,0.6399999856948853,0.6245999932289124,0.6399999856948853,10200,0.0,0.0
2022-12-21 14:30:00-05:00,0.6488999724388123,0.6488999724388123,0.6399999856948853,0.6467999815940857,4596,0.0,0.0
2022-12-21 15:30:00-05:00,0.6467999815940857,0.6543999910354614,0.637499988079071,0.637499988079071,9999,0.0,0.0
2022-12-22 09:30:00-05:00,0.646399974822998,0.646399974822998,0.6198999881744385,0.6198999881744385,1389,0.0,0.0
2022-12-22 10:30:00-05:00,0.6148999929428101,0.6200000047683716,0.612500011920929,0.6150000095367432,10597,0.0,0.0
2022-12-22 11:30:00-05:00,0.6100010275840759,0.6474000215530396,0.6068999767303467,0.6474000215530396,10755,0.0,0.0
2022-12-22 12:30:00-05:00,0.6381000280380249,0.6381000280380249,0.6198999881744385,0.6198999881744385,3667,0.0,0.0
2022-12-22 13:30:00-05:00,0.6198999881744385,0.663100004196167,0.6194999814033508,0.663100004196167,22060,0.0,0.0
2022-12-22 14:30:00-05:00,0.6438999772071838,0.6570000052452087,0.6438999772071838,0.6570000052452087,5243,0.0,0.0
2022-12-22 15:30:00-05:00,0.6492999792098999,0.6492999792098999,0.6492999792098999,0.6492999792098999,0,0.0,0.0
2022-12-23 09:30:00-05:00,0.6777999997138977,0.6777999997138977,0.6207000017166138,0.6345999836921692,7575,0.0,0.0
2022-12-23 10:30:00-05:00,0.6389999985694885,0.6796000003814697,0.6345000267028809,0.6499999761581421,6104,0.0,0.0
2022-12-23 11:30:00-05:00,0.6652500033378601,0.680400013923645,0.6652500033378601,0.680400013923645,5300,0.0,0.0
2022-12-23 12:30:00-05:00,0.6500009894371033,0.6500009894371033,0.6500009894371033,0.6500009894371033,5010,0.0,0.0
2022-12-23 13:30:00-05:00,0.6712999939918518,0.6712999939918518,0.6539000272750854,0.6600000262260437,11577,0.0,0.0
2022-12-23 14:30:00-05:00,0.6600000262260437,0.6710000038146973,0.6600000262260437,0.6710000038146973,4004,0.0,0.0
2022-12-23 15:30:00-05:00,0.6704999804496765,0.671500027179718,0.6599000096321106,0.6599000096321106,25623,0.0,0.0
2022-12-27 09:30:00-05:00,0.6600000262260437,0.6756799817085266,0.6600000262260437,0.6739000082015991,2503,0.0,0.0
2022-12-27 10:30:00-05:00,0.6700000166893005,0.6700000166893005,0.6408500075340271,0.6456999778747559,21099,0.0,0.0
2022-12-27 11:30:00-05:00,0.6499999761581421,0.6499999761581421,0.6464999914169312,0.6474999785423279,9813,0.0,0.0
2022-12-27 12:30:00-05:00,0.6474999785423279,0.6499999761581421,0.6474999785423279,0.6474999785423279,804,0.0,0.0
2022-12-27 13:30:00-05:00,0.6450999975204468,0.6499000191688538,0.6431999802589417,0.6499000191688538,5255,0.0,0.0
2022-12-27 14:30:00-05:00,0.6499999761581421,0.6499999761581421,0.6400499939918518,0.6401000022888184,3984,0.0,0.0
2022-12-28 09:30:00-05:00,0.6499999761581421,0.6499999761581421,0.6299999952316284,0.6299999952316284,0,0.0,0.0
2022-12-28 10:30:00-05:00,0.6348000168800354,0.6399999856948853,0.619949996471405,0.6399999856948853,7143,0.0,0.0
2022-12-28 11:30:00-05:00,0.6449999809265137,0.6584510207176208,0.641700029373169,0.6525999903678894,14660,0.0,0.0
2022-12-28 12:30:00-05:00,0.652999997138977,0.652999997138977,0.652999997138977,0.652999997138977,26017,0.0,0.0
2022-12-28 13:30:00-05:00,0.6536999940872192,0.6542999744415283,0.6525999903678894,0.6542999744415283,8365,0.0,0.0
2022-12-28 14:30:00-05:00,0.6534500122070312,0.6542999744415283,0.6520000100135803,0.6531999707221985,6172,0.0,0.0
2022-12-28 15:30:00-05:00,0.65420001745224,0.65420001745224,0.6523000001907349,0.6523000001907349,2015,0.0,0.0
2022-12-29 09:30:00-05:00,0.6604999899864197,0.661899983882904,0.6541000008583069,0.6570000052452087,0,0.0,0.0
2022-12-29 10:30:00-05:00,0.6590999960899353,0.6650000214576721,0.6589999794960022,0.6650000214576721,19324,0.0,0.0
2022-12-29 11:30:00-05:00,0.6718000173568726,0.6764000058174133,0.6718000173568726,0.6718000173568726,332,0.0,0.0
2022-12-29 12:30:00-05:00,0.6743199825286865,0.6743199825286865,0.6654999852180481,0.6654999852180481,312,0.0,0.0
2022-12-29 13:30:00-05:00,0.6610999703407288,0.6814000010490417,0.6610999703407288,0.6611999869346619,2201,0.0,0.0
2022-12-29 14:30:00-05:00,0.6814000010490417,0.6814000010490417,0.6639999747276306,0.6736000180244446,2546,0.0,0.0
2022-12-29 15:30:00-05:00,0.6672999858856201,0.6672999858856201,0.6600000262260437,0.6600000262260437,2992,0.0,0.0
2022-12-30 09:30:00-05:00,0.6800000071525574,0.6800000071525574,0.6552000045776367,0.6664000153541565,16230,0.0,0.0
2022-12-30 10:30:00-05:00,0.6549000144004822,0.6571999788284302,0.6399999856948853,0.6399999856948853,63392,0.0,0.0
2022-12-30 11:30:00-05:00,0.6499999761581421,0.6499999761581421,0.6399999856948853,0.6420000195503235,3419,0.0,0.0
2022-12-30 12:30:00-05:00,0.6342999935150146,0.6380990147590637,0.6342999935150146,0.6380990147590637,810,0.0,0.0
2022-12-30 13:30:00-05:00,0.6344000101089478,0.6345000267028809,0.6255999803543091,0.6255999803543091,3224,0.0,0.0
2022-12-30 14:30:00-05:00,0.6327999830245972,0.6327999830245972,0.625,0.6251999735832214,16329,0.0,0.0
2022-12-30 15:30:00-05:00,0.6330000162124634,0.6331999897956848,0.6261000037193298,0.6330999732017517,5378,0.0,0.0
2023-01-03 09:30:00-05:00,0.6499999761581421,0.6600000262260437,0.6499000191688538,0.6539000272750854,0,0.0,0.0
2023-01-03 10:30:00-05:00,0.652999997138977,0.6531000137329102,0.652999997138977,0.6531000137329102,9930,0.0,0.0
2023-01-03 11:30:00-05:00,0.652999997138977,0.6531000137329102,0.6402000188827515,0.6402000188827515,9327,0.0,0.0
2023-01-03 12:30:00-05:00,0.6422989964485168,0.6424000263214111,0.6399999856948853,0.6401000022888184,4923,0.0,0.0
2023-01-03 13:30:00-05:00,0.6401000022888184,0.682440996170044,0.6262999773025513,0.6527000069618225,24357,0.0,0.0
2023-01-03 14:30:00-05:00,0.6514000296592712,0.6514000296592712,0.6360999941825867,0.6399999856948853,1099,0.0,0.0
2023-01-03 15:30:00-05:00,0.6383000016212463,0.6403999924659729,0.6363000273704529,0.6363000273704529,0,0.0,0.0
2023-01-04 09:30:00-05:00,0.6499999761581421,0.6660000085830688,0.6399999856948853,0.6568999886512756,46168,0.0,0.0
2023-01-04 10:30:00-05:00,0.6616500020027161,0.6678000092506409,0.6616500020027161,0.6678000092506409,2630,0.0,0.0
2023-01-04 11:30:00-05:00,0.6700000166893005,0.6700000166893005,0.660099983215332,0.660099983215332,837,0.0,0.0
2023-01-04 12:30:00-05:00,0.6699900031089783,0.6700000166893005,0.660099983215332,0.6700000166893005,3922,0.0,0.0
2023-01-04 13:30:00-05:00,0.6800000071525574,0.6877999901771545,0.6525009870529175,0.6525009870529175,6115,0.0,0.0
2023-01-04 14:30:00-05:00,0.6699000000953674,0.6700000166893005,0.6596999764442444,0.664900004863739,15387,0.0,0.0
2023-01-04 15:30:00-05:00,0.6772000193595886,0.6801999807357788,0.6699000000953674,0.6801999807357788,0,0.0,0.0
2023-01-05 09:30:00-05:00,0.6890000104904175,0.6890000104904175,0.6798989772796631,0.6798989772796631,1584,0.0,0.0
2023-01-05 12:30:00-05:00,0.6700000166893005,0.6700000166893005,0.6700000166893005,0.6700000166893005,128,0.0,0.0
2023-01-05 13:30:00-05:00,0.6700000166893005,0.6700000166893005,0.6690999865531921,0.6700000166893005,771,0.0,0.0
2023-01-05 14:30:00-05:00,0.6589999794960022,0.6656000018119812,0.6589999794960022,0.6610999703407288,1335,0.0,0.0
2023-01-05 15:30:00-05:00,0.6610999703407288,0.6621000170707703,0.6610999703407288,0.6621000170707703,0,0.0,0.0
2023-01-06 09:30:00-05:00,0.6710000038146973,0.6919999718666077,0.6704999804496765,0.6704999804496765,30803,0.0,0.0
2023-01-06 10:30:00-05:00,0.6641989946365356,0.6710000038146973,0.6581010222434998,0.6710000038146973,3855,0.0,0.0
2023-01-06 11:30:00-05:00,0.6710000038146973,0.6710000038146973,0.6700999736785889,0.6700999736785889,3771,0.0,0.0
2023-01-06 12:30:00-05:00,0.6700999736785889,0.6700999736785889,0.6700999736785889,0.6700999736785889,700,0.0,0.0
2023-01-06 13:30:00-05:00,0.670199990272522,0.670199990272522,0.6700000166893005,0.6700249910354614,4455,0.0,0.0
2023-01-06 14:30:00-05:00,0.6700999736785889,0.6710000038146973,0.6700999736785889,0.6701499819755554,22447,0.0,0.0
2023-01-06 15:30:00-05:00,0.670199990272522,0.6710000038146973,0.6700000166893005,0.6700000166893005,9261,0.0,0.0
2023-01-09 09:30:00-05:00,0.6990000009536743,0.7037000060081482,0.6700000166893005,0.6800000071525574,20911,0.0,0.0
2023-01-09 10:30:00-05:00,0.680400013923645,0.6823999881744385,0.6712999939918518,0.6800000071525574,4792,0.0,0.0
2023-01-09 11:30:00-05:00,0.6825000047683716,0.6825000047683716,0.6729000210762024,0.6729000210762024,4370,0.0,0.0
2023-01-09 12:30:00-05:00,0.6712999939918518,0.6866000294685364,0.6711999773979187,0.6769000291824341,7042,0.0,0.0
2023-01-09 14:30:00-05:00,0.6783000230789185,0.6783000230789185,0.6783000230789185,0.6783000230789185,100,0.0,0.0
2023-01-09 15:30:00-05:00,0.6711000204086304,0.6711999773979187,0.6499999761581421,0.6499999761581421,0,0.0,0.0
2023-01-10 09:30:00-05:00,0.6850000023841858,0.6850000023841858,0.6542999744415283,0.6549999713897705,7218,0.0,0.0
2023-01-10 10:30:00-05:00,0.6553999781608582,0.6553999781608582,0.6444000005722046,0.6499999761581421,3113,0.0,0.0
2023-01-10 11:30:00-05:00,0.6451500058174133,0.6482999920845032,0.6388999819755554,0.6482999920845032,4383,0.0,0.0
2023-01-10 12:30:00-05:00,0.6384000182151794,0.6421999931335449,0.6384000182151794,0.6411499977111816,3499,0.0,0.0
2023-01-10 13:30:00-05:00,0.6420999765396118,0.6421999931335449,0.6402000188827515,0.6402000188827515,642,0.0,0.0
2023-01-10 14:30:00-05:00,0.6485999822616577,0.6575000286102295,0.6485999822616577,0.6575000286102295,1310,0.0,0.0
2023-01-10 15:30:00-05:00,0.6575000286102295,0.6711999773979187,0.6485999822616577,0.6600000262260437,0,0.0,0.0
2023-01-11 09:30:00-05:00,0.6890000104904175,0.6990000009536743,0.6610000133514404,0.6610000133514404,17556,0.0,0.0
2023-01-11 10:30:00-05:00,0.6610999703407288,0.6610999703407288,0.6610000133514404,0.6610000133514404,4681,0.0,0.0
2023-01-11 11:30:00-05:00,0.6610000133514404,0.6672999858856201,0.6610000133514404,0.6610999703407288,15460,0.0,0.0
2023-01-11 12:30:00-05:00,0.6610000133514404,0.6690000295639038,0.6610000133514404,0.6690000295639038,958,0.0,0.0
2023-01-11 13:30:00-05:00,0.6611999869346619,0.6787999868392944,0.6600000262260437,0.6787999868392944,10132,0.0,0.0
2023-01-11 14:30:00-05:00,0.6638000011444092,0.667900025844574,0.6560009717941284,0.6604999899864197,11850,0.0,0.0
2023-01-11 15:30:00-05:00,0.6644999980926514,0.6723999977111816,0.6643999814987183,0.6650000214576721,0,0.0,0.0
2023-01-12 09:30:00-05:00,0.6800000071525574,0.6847000122070312,0.6650000214576721,0.6700999736785889,56288,0.0,0.0
2023-01-12 10:30:00-05:00,0.6730999946594238,0.6880999803543091,0.6650000214576721,0.6796659827232361,31242,0.0,0.0
2023-01-12 11:30:00-05:00,0.6801000237464905,0.6812999844551086,0.6700000166893005,0.6739979982376099,36432,0.0,0.0
2023-01-12 12:30:00-05:00,0.683899998664856,0.6840000152587891,0.675000011920929,0.6840000152587891,21650,0.0,0.0
2023-01-12 13:30:00-05:00,0.6822999715805054,0.6912999749183655,0.6730999946594238,0.6783999800682068,11265,0.0,0.0
2023-01-12 14:30:00-05:00,0.6782000064849854,0.683899998664856,0.6753000020980835,0.682200014591217,10978,0.0,0.0
2023-01-12 15:30:00-05:00,0.6830999851226807,0.6899999976158142,0.675000011920929,0.6754000186920166,0,0.0,0.0
2023-01-13 09:30:00-05:00,0.699999988079071,0.7087000012397766,0.670199990272522,0.6758729815483093,45776,0.0,0.0
2023-01-13 10:30:00-05:00,0.675000011920929,0.6804999709129333,0.6712999939918518,0.6715999841690063,43115,0.0,0.0
2023-01-13 11:30:00-05:00,0.6715999841690063,0.6909999847412109,0.6715999841690063,0.6880999803543091,49303,0.0,0.0
2023-01-13 12:30:00-05:00,0.6931999921798706,0.6960999965667725,0.6899999976158142,0.6930999755859375,21494,0.0,0.0
2023-01-13 13:30:00-05:00,0.695900022983551,0.7113999724388123,0.6901000142097473,0.7099999785423279,20909,0.0,0.0
2023-01-13 14:30:00-05:00,0.710099995136261,0.7436000108718872,0.7099999785423279,0.7300000190734863,39492,0.0,0.0
2023-01-13 15:30:00-05:00,0.7286999821662903,0.7354999780654907,0.7149999737739563,0.717199981212616,20885,0.0,0.0
2023-01-17 09:30:00-05:00,0.7418000102043152,0.7418000102043152,0.6800000071525574,0.6800000071525574,24633,0.0,0.0
2023-01-17 10:30:00-05:00,0.6863999962806702,0.6909999847412109,0.6779999732971191,0.6872000098228455,33434,0.0,0.0
2023-01-17 11:30:00-05:00,0.6840999722480774,0.6872000098228455,0.6765000224113464,0.6872000098228455,1817,0.0,0.0
2023-01-17 12:30:00-05:00,0.6771500110626221,0.6890000104904175,0.6757000088691711,0.6833500266075134,15602,0.0,0.0
2023-01-17 13:30:00-05:00,0.6772500276565552,0.677299976348877,0.671500027179718,0.6743000149726868,8886,0.0,0.0
2023-01-17 14:30:00-05:00,0.6718000173568726,0.6938989758491516,0.6718000173568726,0.67535001039505,23192,0.0,0.0
2023-01-17 15:30:00-05:00,0.67535001039505,0.6898990273475647,0.6722999811172485,0.6898990273475647,39070,0.0,0.0
2023-01-18 09:30:00-05:00,0.7200000286102295,0.7200000286102295,0.6759999990463257,0.7027000188827515,19645,0.0,0.0
2023-01-18 10:30:00-05:00,0.6995999813079834,0.7480000257492065,0.699400007724762,0.7459999918937683,158453,0.0,0.0
2023-01-18 11:30:00-05:00,0.7459999918937683,0.7459999918937683,0.7261999845504761,0.7261999845504761,38545,0.0,0.0
2023-01-18 12:30:00-05:00,0.7260000109672546,0.7260000109672546,0.7099000215530396,0.7099999785423279,6299,0.0,0.0
2023-01-18 13:30:00-05:00,0.7245000004768372,0.7245000004768372,0.7245000004768372,0.7245000004768372,406,0.0,0.0
2023-01-18 15:30:00-05:00,0.7070000171661377,0.7070000171661377,0.7059999704360962,0.7059999704360962,0,0.0,0.0
2023-01-19 09:30:00-05:00,0.7059999704360962,0.7369999885559082,0.7031000256538391,0.7300000190734863,17444,0.0,0.0
2023-01-19 10:30:00-05:00,0.7300000190734863,0.7300000190734863,0.7300000190734863,0.7300000190734863,5101,0.0,0.0
2023-01-19 11:30:00-05:00,0.7279999852180481,0.7300000190734863,0.7269999980926514,0.7299000024795532,8454,0.0,0.0
2023-01-19 12:30:00-05:00,0.7261000275611877,0.7294999957084656,0.7260000109672546,0.7260000109672546,2507,0.0,0.0
2023-01-19 13:30:00-05:00,0.7300000190734863,0.7300000190734863,0.7111999988555908,0.7185999751091003,5181,0.0,0.0
2023-01-19 14:30:00-05:00,0.7203999757766724,0.7300000190734863,0.7181000113487244,0.7300000190734863,20679,0.0,0.0
2023-01-19 15:30:00-05:00,0.7300000190734863,0.7300000190734863,0.7281000018119812,0.7300000190734863,0,0.0,0.0
2023-01-20 09:30:00-05:00,0.7174000144004822,0.7250009775161743,0.7067000269889832,0.7099999785423279,30720,0.0,0.0
2023-01-20 10:30:00-05:00,0.7077000141143799,0.7099999785423279,0.7066239714622498,0.7099999785423279,9561,0.0,0.0
2023-01-20 11:30:00-05:00,0.7099999785423279,0.7099999785423279,0.7081999778747559,0.7099999785423279,3723,0.0,0.0
2023-01-20 12:30:00-05:00,0.7099999785423279,0.7157999873161316,0.708299994468689,0.7099999785423279,4400,0.0,0.0
2023-01-20 13:30:00-05:00,0.7099999785423279,0.758899986743927,0.7099999785423279,0.7505000233650208,16798,0.0,0.0
2023-01-20 14:30:00-05:00,0.7254999876022339,0.758899986743927,0.7254999876022339,0.7448999881744385,6575,0.0,0.0
2023-01-20 15:30:00-05:00,0.7549999952316284,0.758899986743927,0.7509509921073914,0.7509509921073914,1957,0.0,0.0
2023-01-23 09:30:00-05:00,0.7749000191688538,0.7749000191688538,0.722100019454956,0.722100019454956,40555,0.0,0.0
2023-01-23 10:30:00-05:00,0.7319999933242798,0.7337999939918518,0.7200000286102295,0.7300000190734863,3239,0.0,0.0
2023-01-23 11:30:00-05:00,0.7361000180244446,0.7448999881744385,0.7300000190734863,0.7447999715805054,12018,0.0,0.0
2023-01-23 12:30:00-05:00,0.7423999905586243,0.7423999905586243,0.7300000190734863,0.7300000190734863,10648,0.0,0.0
2023-01-23 13:30:00-05:00,0.7300000190734863,0.7300000190734863,0.710099995136261,0.7102000117301941,11933,0.0,0.0
2023-01-23 14:30:00-05:00,0.7200000286102295,0.7200000286102295,0.7129999995231628,0.7129999995231628,9338,0.0,0.0
2023-01-23 15:30:00-05:00,0.7156999707221985,0.7198989987373352,0.7099999785423279,0.7145000100135803,0,0.0,0.0
2023-01-24 09:30:00-05:00,0.699999988079071,0.7099000215530396,0.6801000237464905,0.6898999810218811,55969,0.0,0.0
2023-01-24 10:30:00-05:00,0.6855000257492065,0.6899999976158142,0.6850000023841858,0.6899999976158142,21913,0.0,0.0
2023-01-24 11:30:00-05:00,0.689998984336853,0.6998000144958496,0.6851000189781189,0.6899999976158142,6712,0.0,0.0
2023-01-24 12:30:00-05:00,0.6899999976158142,0.6983000040054321,0.6859999895095825,0.6899999976158142,1578,0.0,0.0
2023-01-24 13:30:00-05:00,0.6882500052452087,0.6899999976158142,0.6859999895095825,0.6880499720573425,3376,0.0,0.0
2023-01-24 14:30:00-05:00,0.6861000061035156,0.6899999976158142,0.6859999895095825,0.6898999810218811,14975,0.0,0.0
2023-01-24 15:30:00-05:00,0.6899499893188477,0.6899499893188477,0.6801999807357788,0.6801999807357788,0,0.0,0.0
2023-01-25 09:30:00-05:00,0.6800000071525574,0.6859999895095825,0.677299976348877,0.677299976348877,19651,0.0,0.0
2023-01-25 10:30:00-05:00,0.6796000003814697,0.6800000071525574,0.6796000003814697,0.6800000071525574,2100,0.0,0.0
2023-01-25 11:30:00-05:00,0.6800000071525574,0.6800000071525574,0.6782150268554688,0.6800000071525574,9737,0.0,0.0
2023-01-25 12:30:00-05:00,0.6800000071525574,0.7049000263214111,0.6798999905586243,0.6798999905586243,35990,0.0,0.0
2023-01-25 13:30:00-05:00,0.6800000071525574,0.6800000071525574,0.675599992275238,0.6800000071525574,20558,0.0,0.0
2023-01-25 14:30:00-05:00,0.6798999905586243,0.6800000071525574,0.6769999861717224,0.6800000071525574,18899,0.0,0.0
2023-01-25 15:30:00-05:00,0.6794999837875366,0.689300000667572,0.6790000200271606,0.689300000667572,0,0.0,0.0
2023-01-26 09:30:00-05:00,0.6924279928207397,0.6934000253677368,0.6899999976158142,0.6899999976158142,21036,0.0,0.0
2023-01-26 10:30:00-05:00,0.6899999976158142,0.6899999976158142,0.6899999976158142,0.6899999976158142,2339,0.0,0.0
2023-01-26 12:30:00-05:00,0.6901000142097473,0.6930500268936157,0.6901000142097473,0.6930500268936157,1362,0.0,0.0
2023-01-26 14:30:00-05:00,0.6924999952316284,0.6998999714851379,0.6901999711990356,0.6998999714851379,1458,0.0,0.0
2023-01-26 15:30:00-05:00,0.6931899785995483,0.6931899785995483,0.6931899785995483,0.6931899785995483,0,0.0,0.0
2023-01-27 09:30:00-05:00,0.6894999742507935,0.6895999908447266,0.6881999969482422,0.6886000037193298,6529,0.0,0.0
2023-01-27 10:30:00-05:00,0.6886000037193298,0.6995999813079834,0.6877999901771545,0.694100022315979,2020,0.0,0.0
2023-01-27 11:30:00-05:00,0.6998999714851379,0.7099000215530396,0.6998999714851379,0.6998999714851379,13568,0.0,0.0
2023-01-27 12:30:00-05:00,0.6998999714851379,0.7037000060081482,0.6998000144958496,0.7037000060081482,6258,0.0,0.0
2023-01-27 13:30:00-05:00,0.7099999785423279,0.7131999731063843,0.6966999769210815,0.6966999769210815,9294,0.0,0.0
2023-01-27 14:30:00-05:00,0.7049999833106995,0.7049999833106995,0.6969000101089478,0.6969000101089478,4427,0.0,0.0
2023-01-27 15:30:00-05:00,0.6970000267028809,0.6972900032997131,0.6970000267028809,0.6972900032997131,574,0.0,0.0
2023-01-30 09:30:00-05:00,0.699999988079071,0.7099999785423279,0.6940000057220459,0.6940000057220459,24811,0.0,0.0
2023-01-30 10:30:00-05:00,0.6940000057220459,0.7099999785423279,0.6858000159263611,0.6858000159263611,19866,0.0,0.0
2023-01-30 11:30:00-05:00,0.6927000284194946,0.6927000284194946,0.6927000284194946,0.6927000284194946,187,0.0,0.0
2023-01-30 12:30:00-05:00,0.6899999976158142,0.6928989887237549,0.6776000261306763,0.6800000071525574,14530,0.0,0.0
2023-01-30 13:30:00-05:00,0.6801000237464905,0.6801000237464905,0.6801000237464905,0.6801000237464905,262,0.0,0.0
2023-01-30 14:30:00-05:00,0.6848999857902527,0.6848999857902527,0.6784499883651733,0.6830000281333923,2635,0.0,0.0
2023-01-30 15:30:00-05:00,0.6775010228157043,0.6830000281333923,0.6700999736785889,0.6700999736785889,0,0.0,0.0
2023-01-31 09:30:00-05:00,0.6800000071525574,0.6883999705314636,0.6700000166893005,0.6798999905586243,9137,0.0,0.0
2023-01-31 10:30:00-05:00,0.670199990272522,0.6850000023841858,0.670199990272522,0.6819999814033508,6067,0.0,0.0
2023-01-31 11:30:00-05:00,0.6814500093460083,0.6818000078201294,0.6800000071525574,0.6801000237464905,2948,0.0,0.0
2023-01-31 12:30:00-05:00,0.6800000071525574,0.6819999814033508,0.6800000071525574,0.6819999814033508,25596,0.0,0.0
2023-01-31 13:30:00-05:00,0.6819999814033508,0.6876000165939331,0.6800000071525574,0.6800000071525574,5013,0.0,0.0
2023-01-31 14:30:00-05:00,0.682699978351593,0.682699978351593,0.6801999807357788,0.6801999807357788,1994,0.0,0.0
2023-01-31 15:30:00-05:00,0.6801009774208069,0.6801009774208069,0.6801009774208069,0.6801009774208069,0,0.0,0.0
2023-02-01 09:30:00-05:00,0.7141000032424927,0.7141000032424927,0.6800000071525574,0.6800000071525574,4103,0.0,0.0
2023-02-01 10:30:00-05:00,0.6800000071525574,0.6800000071525574,0.6733999848365784,0.6736000180244446,7720,0.0,0.0
2023-02-01 11:30:00-05:00,0.6736000180244446,0.6736000180244446,0.6736000180244446,0.6736000180244446,234,0.0,0.0
2023-02-01 12:30:00-05:00,0.6744430065155029,0.6744430065155029,0.6744430065155029,0.6744430065155029,338,0.0,0.0
2023-02-01 13:30:00-05:00,0.676800012588501,0.6895999908447266,0.676800012588501,0.6895999908447266,1058,0.0,0.0
2023-02-01 14:30:00-05:00,0.6887999773025513,0.6962000131607056,0.6801000237464905,0.6890000104904175,8767,0.0,0.0
2023-02-01 15:30:00-05:00,0.7016000151634216,0.7016000151634216,0.685699999332428,0.685699999332428,4482,0.0,0.0
2023-02-02 09:30:00-05:00,0.699999988079071,0.7098000049591064,0.6870999932289124,0.699999988079071,0,0.0,0.0
2023-02-02 10:30:00-05:00,0.6909999847412109,0.6970999836921692,0.6909999847412109,0.6969000101089478,4426,0.0,0.0
2023-02-02 11:30:00-05:00,0.6970000267028809,0.6970000267028809,0.6952000260353088,0.6962000131607056,8062,0.0,0.0
2023-02-02 12:30:00-05:00,0.6969000101089478,0.6998000144958496,0.6969000101089478,0.6998000144958496,1207,0.0,0.0
2023-02-02 13:30:00-05:00,0.6982499957084656,0.6998000144958496,0.696399986743927,0.696399986743927,10250,0.0,0.0
2023-02-02 14:30:00-05:00,0.6959999799728394,0.6998000144958496,0.6801000237464905,0.6801000237464905,3998,0.0,0.0
2023-02-02 15:30:00-05:00,0.6801999807357788,0.6955990195274353,0.6801999807357788,0.6955990195274353,0,0.0,0.0
2023-02-03 09:30:00-05:00,0.7098000049591064,0.7098000049591064,0.6700000166893005,0.6840999722480774,24403,0.0,0.0
2023-02-03 10:30:00-05:00,0.6800000071525574,0.6804999709129333,0.6773999929428101,0.6773999929428101,929,0.0,0.0
2023-02-03 11:30:00-05:00,0.6751000285148621,0.6773999929428101,0.6707000136375427,0.6725000143051147,8628,0.0,0.0
2023-02-03 12:30:00-05:00,0.6725000143051147,0.6732500195503235,0.6700000166893005,0.6719509959220886,8013,0.0,0.0
2023-02-03 13:30:00-05:00,0.6735000014305115,0.6735000014305115,0.6700000166893005,0.6712999939918518,3233,0.0,0.0
2023-02-03 14:30:00-05:00,0.670199990272522,0.670199990272522,0.6299999952316284,0.6523000001907349,48063,0.0,0.0
2023-02-03 15:30:00-05:00,0.6588000059127808,0.6607000231742859,0.6401000022888184,0.6439999938011169,5666,0.0,0.0
2023-02-06 09:30:00-05:00,0.6725999712944031,0.6725999712944031,0.6200000047683716,0.6200000047683716,13414,0.0,0.0
2023-02-06 10:30:00-05:00,0.6200000047683716,0.642300009727478,0.6200000047683716,0.6323000192642212,43938,0.0,0.0
2023-02-06 11:30:00-05:00,0.6370000243186951,0.640999972820282,0.6201500296592712,0.6201500296592712,9742,0.0,0.0
2023-02-06 12:30:00-05:00,0.6200000047683716,0.6287000179290771,0.6200000047683716,0.628600001335144,11956,0.0,0.0
2023-02-06 13:30:00-05:00,0.6273000240325928,0.6273000240325928,0.6273000240325928,0.6273000240325928,205,0.0,0.0
2023-02-06 14:30:00-05:00,0.621399998664856,0.6284999847412109,0.6209999918937683,0.628000020980835,4224,0.0,0.0
2023-02-06 15:30:00-05:00,0.6240000128746033,0.6362000107765198,0.621399998664856,0.6362000107765198,0,0.0,0.0
2023-02-07 09:30:00-05:00,0.6362000107765198,0.6362000107765198,0.6150000095367432,0.6187999844551086,8136,0.0,0.0
2023-02-07 10:30:00-05:00,0.6198509931564331,0.6297000050544739,0.6198509931564331,0.6297000050544739,4300,0.0,0.0
2023-02-07 11:30:00-05:00,0.6297000050544739,0.6299999952316284,0.6233999729156494,0.6299999952316284,1548,0.0,0.0
2023-02-07 12:30:00-05:00,0.6236000061035156,0.6299999952316284,0.6100000143051147,0.620199978351593,29866,0.0,0.0
2023-02-07 13:30:00-05:00,0.6299999952316284,0.6299999952316284,0.6244999766349792,0.6244999766349792,418,0.0,0.0
2023-02-07 14:30:00-05:00,0.620199978351593,0.6202009916305542,0.620199978351593,0.6202009916305542,4974,0.0,0.0
2023-02-07 15:30:00-05:00,0.6201000213623047,0.6201000213623047,0.6201000213623047,0.6201000213623047,545,0.0,0.0
2023-02-08 09:30:00-05:00,0.6399000287055969,0.6399000287055969,0.6238999962806702,0.6238999962806702,2576,0.0,0.0
2023-02-08 10:30:00-05:00,0.6211000084877014,0.6397989988327026,0.6209999918937683,0.6211010217666626,11125,0.0,0.0
2023-02-08 11:30:00-05:00,0.6298999786376953,0.6399000287055969,0.6298999786376953,0.6360999941825867,7100,0.0,0.0
2023-02-08 12:30:00-05:00,0.6360999941825867,0.6445000171661377,0.6331999897956848,0.6445000171661377,19864,0.0,0.0
2023-02-08 13:30:00-05:00,0.6445000171661377,0.6445000171661377,0.6399000287055969,0.6399999856948853,7869,0.0,0.0
2023-02-08 14:30:00-05:00,0.6399000287055969,0.6399000287055969,0.6273999810218811,0.6359000205993652,1951,0.0,0.0
2023-02-08 15:30:00-05:00,0.6373999714851379,0.6373999714851379,0.6269000172615051,0.6269000172615051,0,0.0,0.0
2023-02-09 09:30:00-05:00,0.6200000047683716,0.625806987285614,0.6198999881744385,0.6198999881744385,2182,0.0,0.0
2023-02-09 10:30:00-05:00,0.6275179982185364,0.6427689790725708,0.6100000143051147,0.6399999856948853,18003,0.0,0.0
2023-02-09 11:30:00-05:00,0.6100010275840759,0.6384000182151794,0.6100000143051147,0.6384000182151794,2380,0.0,0.0
2023-02-09 12:30:00-05:00,0.6200000047683716,0.6200000047683716,0.6200000047683716,0.6200000047683716,1338,0.0,0.0
2023-02-09 13:30:00-05:00,0.6200000047683716,0.6200000047683716,0.6100000143051147,0.6110000014305115,19407,0.0,0.0
2023-02-09 15:30:00-05:00,0.6182990074157715,0.6182990074157715,0.6100000143051147,0.6171000003814697,0,0.0,0.0
2023-02-10 09:30:00-05:00,0.6200000047683716,0.6251999735832214,0.6198999881744385,0.6248000264167786,5951,0.0,0.0
2023-02-10 10:30:00-05:00,0.6247000098228455,0.6248000264167786,0.6158999800682068,0.6169000267982483,4230,0.0,0.0
2023-02-10 11:30:00-05:00,0.6113330125808716,0.6113330125808716,0.6113330125808716,0.6113330125808716,1025,0.0,0.0
2023-02-10 12:30:00-05:00,0.6131010055541992,0.6162999868392944,0.6129999756813049,0.6129999756813049,3178,0.0,0.0
2023-02-10 13:30:00-05:00,0.6159999966621399,0.6159999966621399,0.6159999966621399,0.6159999966621399,101,0.0,0.0
2023-02-10 14:30:00-05:00,0.6150000095367432,0.6198999881744385,0.6150000095367432,0.6169999837875366,4017,0.0,0.0
2023-02-10 15:30:00-05:00,0.6165000200271606,0.6198999881744385,0.6134999990463257,0.6197999715805054,14522,0.0,0.0
2023-02-13 09:30:00-05:00,0.6200000047683716,0.6200000047683716,0.6000000238418579,0.6086999773979187,9290,0.0,0.0
2023-02-13 10:30:00-05:00,0.6000000238418579,0.6000000238418579,0.6000000238418579,0.6000000238418579,605,0.0,0.0
2023-02-13 11:30:00-05:00,0.6172990202903748,0.6172999739646912,0.6172000169754028,0.6172000169754028,3268,0.0,0.0
2023-02-13 13:30:00-05:00,0.6173989772796631,0.6173989772796631,0.6000000238418579,0.6000000238418579,9944,0.0,0.0
2023-02-13 14:30:00-05:00,0.6000000238418579,0.6000999808311462,0.6000000238418579,0.6000000238418579,26411,0.0,0.0
2023-02-13 15:30:00-05:00,0.6000000238418579,0.6000999808311462,0.6000000238418579,0.6000999808311462,0,0.0,0.0
2023-02-14 09:30:00-05:00,0.6089000105857849,0.6399999856948853,0.6089000105857849,0.6399999856948853,2799,0.0,0.0
2023-02-14 10:30:00-05:00,0.6399999856948853,0.6443989872932434,0.6359000205993652,0.6443989872932434,25247,0.0,0.0
2023-02-14 11:30:00-05:00,0.6444000005722046,0.6499999761581421,0.6378999948501587,0.6442000269889832,16352,0.0,0.0
2023-02-14 12:30:00-05:00,0.6344000101089478,0.6444000005722046,0.6344000101089478,0.6442999839782715,5328,0.0,0.0
2023-02-14 14:30:00-05:00,0.6299999952316284,0.6442899703979492,0.6244009733200073,0.64410001039505,2728,0.0,0.0
2023-02-14 15:30:00-05:00,0.6299999952316284,0.6362000107765198,0.6299999952316284,0.6362000107765198,0,0.0,0.0
2023-02-15 09:30:00-05:00,0.6499000191688538,0.6499000191688538,0.6499000191688538,0.6499000191688538,369,0.0,0.0
2023-02-15 10:30:00-05:00,0.618399977684021,0.618399977684021,0.5967000126838684,0.6007000207901001,17928,0.0,0.0
2023-02-15 11:30:00-05:00,0.6198999881744385,0.6198999881744385,0.605400025844574,0.6100000143051147,5854,0.0,0.0
2023-02-15 12:30:00-05:00,0.6129000186920166,0.6266999840736389,0.6100000143051147,0.6118999719619751,12411,0.0,0.0
2023-02-15 13:30:00-05:00,0.6209999918937683,0.6607999801635742,0.6209999918937683,0.6495000123977661,21531,0.0,0.0
2023-02-15 14:30:00-05:00,0.6495000123977661,0.6495000123977661,0.629800021648407,0.629800021648407,2832,0.0,0.0
2023-02-15 15:30:00-05:00,0.629800021648407,0.6298999786376953,0.629800021648407,0.6298999786376953,0,0.0,0.0
2023-02-16 09:30:00-05:00,0.6349999904632568,0.6349999904632568,0.5999000072479248,0.6025000214576721,22871,0.0,0.0
2023-02-16 10:30:00-05:00,0.6049000024795532,0.6132000088691711,0.6049000024795532,0.6129999756813049,5980,0.0,0.0
2023-02-16 11:30:00-05:00,0.6100000143051147,0.6150000095367432,0.6100000143051147,0.6150000095367432,1108,0.0,0.0
2023-02-16 12:30:00-05:00,0.6184409856796265,0.6184409856796265,0.615401029586792,0.615401029586792,604,0.0,0.0
2023-02-16 13:30:00-05:00,0.6240500211715698,0.6241000294685364,0.6140000224113464,0.6200000047683716,13820,0.0,0.0
2023-02-16 14:30:00-05:00,0.6345999836921692,0.6345999836921692,0.6345999836921692,0.6345999836921692,243,0.0,0.0
2023-02-16 15:30:00-05:00,0.6200000047683716,0.6200010180473328,0.6200000047683716,0.6200010180473328,747,0.0,0.0
2023-02-17 09:30:00-05:00,0.644599974155426,0.644599974155426,0.5899999737739563,0.6004999876022339,37218,0.0,0.0
2023-02-17 10:30:00-05:00,0.6008999943733215,0.6008999943733215,0.5997999906539917,0.6000000238418579,4307,0.0,0.0
2023-02-17 11:30:00-05:00,0.5990999937057495,0.5999000072479248,0.5899999737739563,0.5899999737739563,1551,0.0,0.0
2023-02-17 12:30:00-05:00,0.5950000286102295,0.5950000286102295,0.5799999833106995,0.5799999833106995,10401,0.0,0.0
2023-02-17 13:30:00-05:00,0.5823000073432922,0.5934000015258789,0.5823000073432922,0.5900999903678894,15033,0.0,0.0
2023-02-17 14:30:00-05:00,0.6012730002403259,0.6035000085830688,0.5950000286102295,0.6000999808311462,10904,0.0,0.0
2023-02-17 15:30:00-05:00,0.6000999808311462,0.6044999957084656,0.583299994468689,0.6044999957084656,5842,0.0,0.0
2023-02-21 09:30:00-05:00,0.5849999785423279,0.6025000214576721,0.5849999785423279,0.5997999906539917,12161,0.0,0.0
2023-02-21 10:30:00-05:00,0.5899999737739563,0.5943999886512756,0.5859000086784363,0.5867999792098999,18448,0.0,0.0
2023-02-21 11:30:00-05:00,0.5867999792098999,0.6044999957084656,0.5867999792098999,0.6043999791145325,2877,0.0,0.0
2023-02-21 12:30:00-05:00,0.5899999737739563,0.5903000235557556,0.5898000001907349,0.5898000001907349,7332,0.0,0.0
2023-02-21 13:30:00-05:00,0.6097999811172485,0.6097999811172485,0.6000000238418579,0.6000999808311462,11031,0.0,0.0
2023-02-21 14:30:00-05:00,0.6000000238418579,0.6090999841690063,0.6000000238418579,0.6089000105857849,10936,0.0,0.0
2023-02-21 15:30:00-05:00,0.603600025177002,0.603600025177002,0.6000000238418579,0.6000000238418579,0,0.0,0.0
2023-02-22 09:30:00-05:00,0.5920000076293945,0.6098200082778931,0.5899999737739563,0.5899999737739563,13721,0.0,0.0
2023-02-22 10:30:00-05:00,0.5899999737739563,0.6000000238418579,0.5899999737739563,0.5900999903678894,10325,0.0,0.0
2023-02-22 11:30:00-05:00,0.6000000238418579,0.6000000238418579,0.5997999906539917,0.5997999906539917,2708,0.0,0.0
2023-02-22 12:30:00-05:00,0.5899999737739563,0.5899999737739563,0.5879999995231628,0.5879999995231628,11600,0.0,0.0
2023-02-22 13:30:00-05:00,0.5860999822616577,0.5899999737739563,0.5799999833106995,0.5799999833106995,12840,0.0,0.0
2023-02-22 14:30:00-05:00,0.5800999999046326,0.5800999999046326,0.5800999999046326,0.5800999999046326,1259,0.0,0.0
2023-02-22 15:30:00-05:00,0.5799999833106995,0.5799999833106995,0.5799999833106995,0.5799999833106995,0,0.0,0.0
2023-02-23 09:30:00-05:00,0.5900999903678894,0.6100000143051147,0.5900999903678894,0.6100000143051147,5431,0.0,0.0
2023-02-23 10:30:00-05:00,0.6100000143051147,0.6100000143051147,0.5938000082969666,0.5938000082969666,5295,0.0,0.0
2023-02-23 11:30:00-05:00,0.6100000143051147,0.6198999881744385,0.5922549962997437,0.5956500172615051,4820,0.0,0.0
2023-02-23 12:30:00-05:00,0.5914000272750854,0.5914000272750854,0.5874000191688538,0.5911999940872192,1576,0.0,0.0
2023-02-23 13:30:00-05:00,0.5911999940872192,0.5911999940872192,0.5835000276565552,0.5835000276565552,1225,0.0,0.0
2023-02-23 14:30:00-05:00,0.5910000205039978,0.6000000238418579,0.5835000276565552,0.5907999873161316,0,0.0,0.0
2023-02-24 09:30:00-05:00,0.5799999833106995,0.5999000072479248,0.5799999833106995,0.589900016784668,12207,0.0,0.0
2023-02-24 10:30:00-05:00,0.589900016784668,0.589900016784668,0.5770000219345093,0.5799999833106995,14646,0.0,0.0
2023-02-24 11:30:00-05:00,0.5771009922027588,0.5799999833106995,0.5771009922027588,0.5799990296363831,13300,0.0,0.0
2023-02-24 12:30:00-05:00,0.5770000219345093,0.5770000219345093,0.5770000219345093,0.5770000219345093,400,0.0,0.0
2023-02-24 13:30:00-05:00,0.5770999789237976,0.5785499811172485,0.5648999810218811,0.5701000094413757,24791,0.0,0.0
2023-02-24 14:30:00-05:00,0.573199987411499,0.5771999955177307,0.5649999976158142,0.5651999711990356,1683,0.0,0.0
2023-02-24 15:30:00-05:00,0.5649999976158142,0.5771989822387695,0.5600000023841858,0.5651000142097473,19016,0.0,0.0
2023-02-27 10:30:00-05:00,0.5652999877929688,0.6100000143051147,0.5555999875068665,0.5580999851226807,35512,0.0,0.0
2023-02-27 11:30:00-05:00,0.5580999851226807,0.5594000220298767,0.5508999824523926,0.5509999990463257,33962,0.0,0.0
2023-02-27 12:30:00-05:00,0.5509999990463257,0.5637999773025513,0.5509999990463257,0.5601000189781189,8278,0.0,0.0
2023-02-27 13:30:00-05:00,0.5501999855041504,0.5527999997138977,0.5299999713897705,0.5527999997138977,20539,0.0,0.0
2023-02-27 14:30:00-05:00,0.5562000274658203,0.5562000274658203,0.5347999930381775,0.5347999930381775,21185,0.0,0.0
2023-02-27 15:30:00-05:00,0.5485000014305115,0.5485990047454834,0.5400000214576721,0.5400000214576721,13517,0.0,0.0
2023-02-28 09:30:00-05:00,0.5404999852180481,0.5495010018348694,0.5199999809265137,0.5297999978065491,205910,0.0,0.0
2023-02-28 10:30:00-05:00,0.5301010012626648,0.538100004196167,0.5210000276565552,0.5249999761581421,55245,0.0,0.0
2023-02-28 11:30:00-05:00,0.5251010060310364,0.5379989743232727,0.5249999761581421,0.5379989743232727,10500,0.0,0.0
2023-02-28 12:30:00-05:00,0.5249999761581421,0.531000018119812,0.5099999904632568,0.5227500200271606,79281,0.0,0.0
2023-02-28 13:30:00-05:00,0.5218999981880188,0.5258989930152893,0.5031999945640564,0.5126000046730042,13536,0.0,0.0
2023-02-28 14:30:00-05:00,0.5210319757461548,0.5527999997138977,0.5178999900817871,0.5527999997138977,20304,0.0,0.0
2023-02-28 15:30:00-05:00,0.5521029829978943,0.5521029829978943,0.5149999856948853,0.5199999809265137,0,0.0,0.0
2023-03-01 09:30:00-05:00,0.550000011920929,0.5515999794006348,0.5228999853134155,0.5400000214576721,19480,0.0,0.0
2023-03-01 10:30:00-05:00,0.5400000214576721,0.5400000214576721,0.5199999809265137,0.5249999761581421,10818,0.0,0.0
2023-03-01 11:30:00-05:00,0.5299999713897705,0.5299999713897705,0.5299999713897705,0.5299999713897705,2762,0.0,0.0
2023-03-01 12:30:00-05:00,0.5297999978065491,0.5299999713897705,0.5199999809265137,0.529699981212616,1565,0.0,0.0
2023-03-01 13:30:00-05:00,0.5299999713897705,0.5370000004768372,0.5284990072250366,0.5284990072250366,9522,0.0,0.0
2023-03-01 14:30:00-05:00,0.536899983882904,0.5370000004768372,0.5199999809265137,0.5350000262260437,18050,0.0,0.0
2023-03-01 15:30:00-05:00,0.5350000262260437,0.5370000004768372,0.5350000262260437,0.5370000004768372,0,0.0,0.0
2023-03-02 09:30:00-05:00,0.5637000203132629,0.5637000203132629,0.5199999809265137,0.5199999809265137,11632,0.0,0.0
2023-03-02 10:30:00-05:00,0.5199999809265137,0.5397999882698059,0.5199999809265137,0.5397999882698059,4174,0.0,0.0
2023-03-02 11:30:00-05:00,0.5300999879837036,0.5300999879837036,0.5200999975204468,0.5200999975204468,4048,0.0,0.0
2023-03-02 12:30:00-05:00,0.5200999975204468,0.5304999947547913,0.5199999809265137,0.5304999947547913,18894,0.0,0.0
2023-03-02 13:30:00-05:00,0.5299999713897705,0.5304999947547913,0.5299999713897705,0.5304999947547913,17416,0.0,0.0
2023-03-02 14:30:00-05:00,0.5304999947547913,0.5388000011444092,0.5300999879837036,0.5300999879837036,17174,0.0,0.0
2023-03-02 15:30:00-05:00,0.5450000166893005,0.5541999936103821,0.5450000166893005,0.5541999936103821,0,0.0,0.0
2023-03-03 09:30:00-05:00,0.5899999737739563,0.5899999737739563,0.550000011920929,0.559499979019165,37519,0.0,0.0
2023-03-03 10:30:00-05:00,0.5591989755630493,0.5591989755630493,0.5591989755630493,0.5591989755630493,409,0.0,0.0
2023-03-03 11:30:00-05:00,0.5547999739646912,0.5547999739646912,0.5529580116271973,0.5532000064849854,1155,0.0,0.0
2023-03-03 12:30:00-05:00,0.5518490076065063,0.5533999800682068,0.5504999756813049,0.5533999800682068,6881,0.0,0.0
2023-03-03 13:30:00-05:00,0.5536999702453613,0.5536999702453613,0.551800012588501,0.553600013256073,5309,0.0,0.0
2023-03-03 14:30:00-05:00,0.5529999732971191,0.5544999837875366,0.5509999990463257,0.5537999868392944,26426,0.0,0.0
2023-03-03 15:30:00-05:00,0.5543000102043152,0.5547999739646912,0.5509999990463257,0.5547999739646912,9483,0.0,0.0
2023-03-06 09:30:00-05:00,0.5600000023841858,0.578000009059906,0.5509999990463257,0.578000009059906,15774,0.0,0.0
2023-03-06 10:30:00-05:00,0.5600000023841858,0.5615000128746033,0.550000011920929,0.5502110123634338,10859,0.0,0.0
2023-03-06 11:30:00-05:00,0.5497999787330627,0.5498999953269958,0.5479999780654907,0.5479999780654907,2781,0.0,0.0
2023-03-06 12:30:00-05:00,0.5479999780654907,0.5498989820480347,0.5350000262260437,0.5498989820480347,5326,0.0,0.0
2023-03-06 13:30:00-05:00,0.5424990057945251,0.5424990057945251,0.5424990057945251,0.5424990057945251,246,0.0,0.0
2023-03-06 14:30:00-05:00,0.5350000262260437,0.5350000262260437,0.5210000276565552,0.5278990268707275,13560,0.0,0.0
2023-03-06 15:30:00-05:00,0.527899980545044,0.5295000076293945,0.5210000276565552,0.5210000276565552,12759,0.0,0.0
2023-03-07 09:30:00-05:00,0.5210000276565552,0.5303999781608582,0.5199999809265137,0.5199999809265137,19779,0.0,0.0
2023-03-07 10:30:00-05:00,0.5248000025749207,0.5248000025749207,0.5149999856948853,0.524399995803833,23218,0.0,0.0
2023-03-07 11:30:00-05:00,0.5241000056266785,0.5271999835968018,0.5187000036239624,0.5198000073432922,6652,0.0,0.0
2023-03-07 12:30:00-05:00,0.5174999833106995,0.5174999833106995,0.5149999856948853,0.5149999856948853,26063,0.0,0.0
2023-03-07 13:30:00-05:00,0.5198000073432922,0.5198000073432922,0.5034999847412109,0.5098999738693237,26080,0.0,0.0
2023-03-07 14:30:00-05:00,0.5092999935150146,0.5099989771842957,0.5067999958992004,0.5067999958992004,4924,0.0,0.0
2023-03-07 15:30:00-05:00,0.5052000284194946,0.5052000284194946,0.499099999666214,0.499099999666214,0,0.0,0.0
2023-03-08 09:30:00-05:00,0.5199999809265137,0.5199999809265137,0.5099999904632568,0.5199999809265137,7221,0.0,0.0
2023-03-08 10:30:00-05:00,0.5091000199317932,0.5091000199317932,0.5091000199317932,0.5091000199317932,265,0.0,0.0
2023-03-08 11:30:00-05:00,0.5,0.5103999972343445,0.5,0.5,9593,0.0,0.0
2023-03-08 12:30:00-05:00,0.5,0.5,0.4999000132083893,0.4999000132083893,6842,0.0,0.0
2023-03-08 13:30:00-05:00,0.5042999982833862,0.5087000131607056,0.4948999881744385,0.4948999881744385,3248,0.0,0.0
2023-03-08 14:30:00-05:00,0.4900999963283539,0.4999000132083893,0.47999998927116394,0.48100000619888306,47206,0.0,0.0
2023-03-08 15:30:00-05:00,0.48010000586509705,0.4999000132083893,0.45500001311302185,0.4999000132083893,46528,0.0,0.0
2023-03-09 09:30:00-05:00,0.49810001254081726,0.49810001254081726,0.4731999933719635,0.4733000099658966,21594,0.0,0.0
2023-03-09 10:30:00-05:00,0.4812999963760376,0.4812999963760376,0.4731999933719635,0.47999998927116394,10186,0.0,0.0
2023-03-09 11:30:00-05:00,0.48100000619888306,0.48100000619888306,0.47999998927116394,0.48069998621940613,5938,0.0,0.0
2023-03-09 12:30:00-05:00,0.4812000095844269,0.4812000095844269,0.4699999988079071,0.4700999855995178,20681,0.0,0.0
2023-03-09 13:30:00-05:00,0.4702000021934509,0.48069998621940613,0.47019800543785095,0.47850000858306885,2917,0.0,0.0
2023-03-09 14:30:00-05:00,0.47850000858306885,0.47940000891685486,0.47530001401901245,0.4763000011444092,11810,0.0,0.0
2023-03-09 15:30:00-05:00,0.47859999537467957,0.47859999537467957,0.4740999937057495,0.4771000146865845,10651,0.0,0.0
2023-03-10 09:30:00-05:00,0.5,0.5,0.478300005197525,0.49000000953674316,18819,0.0,0.0
2023-03-10 10:30:00-05:00,0.4999000132083893,0.5297999978065491,0.4999000132083893,0.5242999792098999,57362,0.0,0.0
2023-03-10 11:30:00-05:00,0.5242999792098999,0.5288000106811523,0.5199999809265137,0.5243030190467834,32390,0.0,0.0
2023-03-10 12:30:00-05:00,0.5235000252723694,0.5235000252723694,0.5099999904632568,0.5109999775886536,4674,0.0,0.0
2023-03-10 13:30:00-05:00,0.5101010203361511,0.5195000171661377,0.49000000953674316,0.4999000132083893,40021,0.0,0.0
2023-03-10 14:30:00-05:00,0.5117999911308289,0.5117999911308289,0.5098999738693237,0.5098999738693237,470,0.0,0.0
2023-03-10 15:30:00-05:00,0.5099999904632568,0.5185999870300293,0.5099999904632568,0.5185999870300293,3735,0.0,0.0
2023-03-13 09:30:00-04:00,0.5249999761581421,0.5249999761581421,0.5001009702682495,0.5199000239372253,17974,0.0,0.0
2023-03-13 10:30:00-04:00,0.5299000144004822,0.542900025844574,0.5151000022888184,0.5151000022888184,71152,0.0,0.0
2023-03-13 11:30:00-04:00,0.528099000453949,0.5285000205039978,0.5249999761581421,0.5249999761581421,11320,0.0,0.0
2023-03-13 12:30:00-04:00,0.5200999975204468,0.5200999975204468,0.5199999809265137,0.5199999809265137,11705,0.0,0.0
2023-03-13 13:30:00-04:00,0.5200999975204468,0.5285999774932861,0.5199999809265137,0.520101010799408,12685,0.0,0.0
2023-03-13 14:30:00-04:00,0.5282999873161316,0.5299999713897705,0.5202000141143799,0.526199996471405,11026,0.0,0.0
2023-03-13 15:30:00-04:00,0.5271999835968018,0.5271999835968018,0.5271999835968018,0.5271999835968018,0,0.0,0.0
2023-03-14 09:30:00-04:00,0.5397999882698059,0.5400000214576721,0.5199999809265137,0.5281999707221985,18621,0.0,0.0
2023-03-14 10:30:00-04:00,0.5220000147819519,0.5249999761581421,0.5019999742507935,0.5087000131607056,6897,0.0,0.0
2023-03-14 11:30:00-04:00,0.5099999904632568,0.5234000086784363,0.5087000131607056,0.5151000022888184,43233,0.0,0.0
2023-03-14 12:30:00-04:00,0.5199999809265137,0.5214999914169312,0.5199999809265137,0.5214999914169312,2240,0.0,0.0
2023-03-14 13:30:00-04:00,0.5214999914169312,0.5300999879837036,0.51910001039505,0.5199999809265137,21025,0.0,0.0
2023-03-14 14:30:00-04:00,0.5200999975204468,0.5296000242233276,0.5199999809265137,0.5270000100135803,12598,0.0,0.0
2023-03-14 15:30:00-04:00,0.5248000025749207,0.5398989915847778,0.5248000025749207,0.5325000286102295,0,0.0,0.0
2023-03-15 09:30:00-04:00,0.5496000051498413,0.5698999762535095,0.5099999904632568,0.512499988079071,71067,0.0,0.0
2023-03-15 10:30:00-04:00,0.5055999755859375,0.5223000049591064,0.4934000074863434,0.5099999904632568,17502,0.0,0.0
2023-03-15 11:30:00-04:00,0.5249999761581421,0.5249999761581421,0.5099999904632568,0.5174999833106995,7499,0.0,0.0
2023-03-15 12:30:00-04:00,0.525098979473114,0.525098979473114,0.5101000070571899,0.510200023651123,2212,0.0,0.0
2023-03-15 13:30:00-04:00,0.525098979473114,0.525098979473114,0.5099999904632568,0.51910001039505,9750,0.0,0.0
2023-03-15 14:30:00-04:00,0.5101000070571899,0.5126000046730042,0.5099999904632568,0.5126000046730042,2345,0.0,0.0
2023-03-15 15:30:00-04:00,0.5152000188827515,0.5152000188827515,0.5099999904632568,0.5099999904632568,2414,0.0,0.0
2023-03-16 09:30:00-04:00,0.5799999833106995,0.5799999833106995,0.49000000953674316,0.5049999952316284,43964,0.0,0.0
2023-03-16 10:30:00-04:00,0.5098999738693237,0.5098999738693237,0.5009999871253967,0.5012999773025513,1295,0.0,0.0
2023-03-16 11:30:00-04:00,0.5012000203132629,0.5099999904632568,0.5012000203132629,0.5099999904632568,14178,0.0,0.0
2023-03-16 12:30:00-04:00,0.511900007724762,0.5221999883651733,0.5016999840736389,0.5108500123023987,11450,0.0,0.0
2023-03-16 13:30:00-04:00,0.5128999948501587,0.5128999948501587,0.5117989778518677,0.5117999911308289,1318,0.0,0.0
2023-03-16 14:30:00-04:00,0.5120000243186951,0.5120000243186951,0.5120000243186951,0.5120000243186951,2106,0.0,0.0
2023-03-16 15:30:00-04:00,0.512499988079071,0.512499988079071,0.5001000165939331,0.5066499710083008,4440,0.0,0.0
2023-03-17 09:30:00-04:00,0.5656999945640564,0.5656999945640564,0.51419997215271,0.5195000171661377,21004,0.0,0.0
2023-03-17 10:30:00-04:00,0.5200999975204468,0.5317999720573425,0.5199999809265137,0.5291000008583069,13858,0.0,0.0
2023-03-17 11:30:00-04:00,0.5249999761581421,0.5490000247955322,0.5199999809265137,0.5490000247955322,12129,0.0,0.0
2023-03-17 12:30:00-04:00,0.5371999740600586,0.5550000071525574,0.5299999713897705,0.5299999713897705,10335,0.0,0.0
2023-03-17 13:30:00-04:00,0.5303000211715698,0.5525000095367432,0.5303000211715698,0.5350000262260437,14386,0.0,0.0
2023-03-17 14:30:00-04:00,0.5497000217437744,0.550599992275238,0.5400000214576721,0.550599992275238,4926,0.0,0.0
2023-03-17 15:30:00-04:00,0.5533000230789185,0.5683000087738037,0.5507000088691711,0.5600000023841858,15555,0.0,0.0
2023-03-20 09:30:00-04:00,0.598800003528595,0.598800003528595,0.567300021648407,0.5753999948501587,65651,0.0,0.0
2023-03-20 10:30:00-04:00,0.5927000045776367,0.5996990203857422,0.5799999833106995,0.5799999833106995,11743,0.0,0.0
2023-03-20 11:30:00-04:00,0.5773000121116638,0.5859500169754028,0.5770999789237976,0.57989901304245,29501,0.0,0.0
2023-03-20 12:30:00-04:00,0.5799999833106995,0.5799999833106995,0.5699999928474426,0.5699999928474426,9644,0.0,0.0
2023-03-20 13:30:00-04:00,0.5799000263214111,0.5799000263214111,0.5701010227203369,0.5796999931335449,13392,0.0,0.0
2023-03-20 14:30:00-04:00,0.5774999856948853,0.5881500244140625,0.574999988079071,0.5789999961853027,28093,0.0,0.0
2023-03-20 15:30:00-04:00,0.5789999961853027,0.5789999961853027,0.550000011920929,0.550000011920929,0,0.0,0.0
2023-03-21 09:30:00-04:00,0.5799999833106995,0.5799999833106995,0.5249999761581421,0.5299999713897705,26818,0.0,0.0
2023-03-21 10:30:00-04:00,0.5565000176429749,0.5565000176429749,0.5217999815940857,0.5414509773254395,6523,0.0,0.0
2023-03-21 11:30:00-04:00,0.5220999717712402,0.5482000112533569,0.5217999815940857,0.5217999815940857,514,0.0,0.0
2023-03-21 12:30:00-04:00,0.5478000044822693,0.5478000044822693,0.5099999904632568,0.5200999975204468,8289,0.0,0.0
2023-03-21 13:30:00-04:00,0.5256999731063843,0.5256999731063843,0.5171999931335449,0.5171999931335449,3225,0.0,0.0
2023-03-21 14:30:00-04:00,0.525600016117096,0.525600016117096,0.5087000131607056,0.5092009902000427,13121,0.0,0.0
2023-03-21 15:30:00-04:00,0.5135999917984009,0.5282999873161316,0.5105999708175659,0.5105999708175659,4899,0.0,0.0
2023-03-22 09:30:00-04:00,0.5,0.5099999904632568,0.5,0.5001999735832214,4740,0.0,0.0
2023-03-22 10:30:00-04:00,0.5157999992370605,0.5157999992370605,0.5157999992370605,0.5157999992370605,128,0.0,0.0
2023-03-22 11:30:00-04:00,0.5038999915122986,0.5041000247001648,0.5038999915122986,0.5041000247001648,5511,0.0,0.0
2023-03-22 12:30:00-04:00,0.51910001039505,0.51910001039505,0.51910001039505,0.51910001039505,1037,0.0,0.0
2023-03-22 13:30:00-04:00,0.5037999749183655,0.5199999809265137,0.5037999749183655,0.5049999952316284,72840,0.0,0.0
2023-03-22 14:30:00-04:00,0.5131999850273132,0.5205000042915344,0.5051000118255615,0.5199999809265137,8106,0.0,0.0
2023-03-22 15:30:00-04:00,0.5135999917984009,0.5135999917984009,0.5037999749183655,0.5037999749183655,0,0.0,0.0
2023-03-23 09:30:00-04:00,0.5099999904632568,0.5307000279426575,0.5099999904632568,0.5099999904632568,4018,0.0,0.0
2023-03-23 10:30:00-04:00,0.5101000070571899,0.5297989845275879,0.5099999904632568,0.5170000195503235,25004,0.0,0.0
2023-03-23 11:30:00-04:00,0.510200023651123,0.5113999843597412,0.5,0.5098000168800354,38113,0.0,0.0
2023-03-23 12:30:00-04:00,0.5098990201950073,0.5099999904632568,0.5001999735832214,0.5099999904632568,3620,0.0,0.0
2023-03-23 13:30:00-04:00,0.5101000070571899,0.5199999809265137,0.5101000070571899,0.5117009878158569,5489,0.0,0.0
2023-03-23 14:30:00-04:00,0.5199999809265137,0.5267000198364258,0.510200023651123,0.5267000198364258,30943,0.0,0.0
2023-03-23 15:30:00-04:00,0.5266990065574646,0.527400016784668,0.5266990065574646,0.527400016784668,0,0.0,0.0
2023-03-24 09:30:00-04:00,0.5600000023841858,0.5600000023841858,0.5,0.5152000188827515,52121,0.0,0.0
2023-03-24 10:30:00-04:00,0.5299999713897705,0.5299999713897705,0.5162000060081482,0.5199999809265137,17751,0.0,0.0
2023-03-24 11:30:00-04:00,0.5299999713897705,0.5299999713897705,0.5084999799728394,0.5099999904632568,6160,0.0,0.0
2023-03-24 12:30:00-04:00,0.5174990296363831,0.5249999761581421,0.5174990296363831,0.5199999809265137,1932,0.0,0.0
2023-03-24 13:30:00-04:00,0.5199000239372253,0.5199999809265137,0.5099999904632568,0.5138000249862671,13531,0.0,0.0
2023-03-24 14:30:00-04:00,0.5198000073432922,0.5198000073432922,0.5049999952316284,0.5049999952316284,13398,0.0,0.0
2023-03-24 15:30:00-04:00,0.5097500085830688,0.5142999887466431,0.5,0.5,1600,0.0,0.0
2023-03-27 09:30:00-04:00,0.5081999897956848,0.5197309851646423,0.5011000037193298,0.5040000081062317,10321,0.0,0.0
2023-03-27 10:30:00-04:00,0.5078999996185303,0.5078999996185303,0.5001009702682495,0.5001009702682495,24573,0.0,0.0
2023-03-27 11:30:00-04:00,0.5149999856948853,0.5149999856948853,0.5149999856948853,0.5149999856948853,153,0.0,0.0
2023-03-27 13:30:00-04:00,0.5199000239372253,0.5220000147819519,0.5015000104904175,0.5199999809265137,8429,0.0,0.0
2023-03-27 14:30:00-04:00,0.5016000270843506,0.5113000273704529,0.5016000270843506,0.5113000273704529,287,0.0,0.0
2023-03-27 15:30:00-04:00,0.5151000022888184,0.5163999795913696,0.5099999904632568,0.5099999904632568,0,0.0,0.0
2023-03-28 09:30:00-04:00,0.5001000165939331,0.5001000165939331,0.4862000048160553,0.4909999966621399,24559,0.0,0.0
2023-03-28 10:30:00-04:00,0.5070000290870667,0.5070000290870667,0.4699999988079071,0.4700999855995178,49620,0.0,0.0
2023-03-28 11:30:00-04:00,0.4936000108718872,0.49390000104904175,0.47999998927116394,0.48500001430511475,13767,0.0,0.0
2023-03-28 12:30:00-04:00,0.48510000109672546,0.5041000247001648,0.48510000109672546,0.5,10568,0.0,0.0
2023-03-28 13:30:00-04:00,0.5,0.5001000165939331,0.5,0.5001000165939331,850,0.0,0.0
2023-03-28 14:30:00-04:00,0.5041000247001648,0.5105000138282776,0.5023009777069092,0.5105000138282776,8937,0.0,0.0
2023-03-28 15:30:00-04:00,0.5023999810218811,0.5105999708175659,0.5022000074386597,0.5067999958992004,0,0.0,0.0
2023-03-29 09:30:00-04:00,0.5286999940872192,0.5286999940872192,0.5070000290870667,0.5070000290870667,3985,0.0,0.0
2023-03-29 10:30:00-04:00,0.5070000290870667,0.5099999904632568,0.5070000290870667,0.507099986076355,5218,0.0,0.0
2023-03-29 11:30:00-04:00,0.5085999965667725,0.5085999965667725,0.5085999965667725,0.5085999965667725,132,0.0,0.0
2023-03-29 12:30:00-04:00,0.5073000192642212,0.5099999904632568,0.5,0.5004000067710876,26525,0.0,0.0
2023-03-29 13:30:00-04:00,0.5049999952316284,0.5049999952316284,0.48829999566078186,0.49000000953674316,8120,0.0,0.0
2023-03-29 14:30:00-04:00,0.5001000165939331,0.5097000002861023,0.49000000953674316,0.5048999786376953,3123,0.0,0.0
2023-03-29 15:30:00-04:00,0.5049999952316284,0.5049999952316284,0.48910000920295715,0.5001999735832214,0,0.0,0.0
2023-03-30 09:30:00-04:00,0.5252000093460083,0.5400000214576721,0.5099999904632568,0.5099999904632568,14362,0.0,0.0
2023-03-30 10:30:00-04:00,0.5103999972343445,0.5236999988555908,0.5099999904632568,0.5199999809265137,8487,0.0,0.0
2023-03-30 11:30:00-04:00,0.5194360017776489,0.5209000110626221,0.5099999904632568,0.520799994468689,9422,0.0,0.0
2023-03-30 12:30:00-04:00,0.520799994468689,0.5209000110626221,0.5198000073432922,0.5198000073432922,7496,0.0,0.0
2023-03-30 13:30:00-04:00,0.5199000239372253,0.5199999809265137,0.5134000182151794,0.5159000158309937,13197,0.0,0.0
2023-03-30 14:30:00-04:00,0.5199999809265137,0.5199999809265137,0.515999972820282,0.515999972820282,10865,0.0,0.0
2023-03-30 15:30:00-04:00,0.5199000239372253,0.5199999809265137,0.5151000022888184,0.5151000022888184,0,0.0,0.0
2023-03-31 09:30:00-04:00,0.5199999809265137,0.5299999713897705,0.5199999809265137,0.5299999713897705,9854,0.0,0.0
2023-03-31 10:30:00-04:00,0.5299999713897705,0.5400000214576721,0.5285999774932861,0.5382490158081055,5248,0.0,0.0
2023-03-31 11:30:00-04:00,0.5402010083198547,0.5479999780654907,0.5378999710083008,0.5479999780654907,2514,0.0,0.0
2023-03-31 12:30:00-04:00,0.5479999780654907,0.5498999953269958,0.5401999950408936,0.5498999953269958,7249,0.0,0.0
2023-03-31 13:30:00-04:00,0.5403000116348267,0.5404000282287598,0.5403000116348267,0.5404000282287598,2741,0.0,0.0
2023-03-31 14:30:00-04:00,0.5406000018119812,0.5498999953269958,0.5406000018119812,0.5408999919891357,3191,0.0,0.0
2023-03-31 15:30:00-04:00,0.5479000210762024,0.5479000210762024,0.5479000210762024,0.5479000210762024,100,0.0,0.0
2023-04-03 09:30:00-04:00,0.5699999928474426,0.5699999928474426,0.550000011920929,0.5501000285148621,31517,0.0,0.0
2023-04-03 10:30:00-04:00,0.5527499914169312,0.5540000200271606,0.5099999904632568,0.5284000039100647,13318,0.0,0.0
2023-04-03 11:30:00-04:00,0.5284000039100647,0.5284000039100647,0.5099999904632568,0.517300009727478,36404,0.0,0.0
2023-04-03 12:30:00-04:00,0.517300009727478,0.517300009727478,0.49000000953674316,0.5171999931335449,36112,0.0,0.0
2023-04-03 13:30:00-04:00,0.5170999765396118,0.5170999765396118,0.5099999904632568,0.5099999904632568,1107,0.0,0.0
2023-04-03 14:30:00-04:00,0.5098999738693237,0.5099999904632568,0.5059999823570251,0.5059999823570251,1596,0.0,0.0
2023-04-03 15:30:00-04:00,0.5099999904632568,0.5099999904632568,0.5073000192642212,0.5099999904632568,770,0.0,0.0
2023-04-04 09:30:00-04:00,0.539900004863739,0.5400000214576721,0.5101000070571899,0.5249999761581421,22037,0.0,0.0
2023-04-04 10:30:00-04:00,0.5249999761581421,0.5299999713897705,0.5199999809265137,0.5200999975204468,13000,0.0,0.0
2023-04-04 11:30:00-04:00,0.5199999809265137,0.5343000292778015,0.5150499939918518,0.5199999809265137,37030,0.0,0.0
2023-04-04 12:30:00-04:00,0.5202999711036682,0.527999997138977,0.5202000141143799,0.527999997138977,525,0.0,0.0
2023-04-04 13:30:00-04:00,0.5249999761581421,0.5249999761581421,0.5202999711036682,0.5202999711036682,5220,0.0,0.0
2023-04-04 14:30:00-04:00,0.5259000062942505,0.5259000062942505,0.5200999975204468,0.5202000141143799,10969,0.0,0.0
2023-04-04 15:30:00-04:00,0.5202000141143799,0.5386000275611877,0.5200999975204468,0.5378000140190125,11424,0.0,0.0
2023-04-05 09:30:00-04:00,0.5600000023841858,0.5600000023841858,0.5212000012397766,0.5299999713897705,14225,0.0,0.0
2023-04-05 10:30:00-04:00,0.5231000185012817,0.5231000185012817,0.5199999809265137,0.5199999809265137,929,0.0,0.0
2023-04-05 11:30:00-04:00,0.5162990093231201,0.5231000185012817,0.5095000267028809,0.5231000185012817,11445,0.0,0.0
2023-04-05 12:30:00-04:00,0.5163000226020813,0.5299999713897705,0.5163000226020813,0.5299999713897705,31934,0.0,0.0
2023-04-05 13:30:00-04:00,0.5299999713897705,0.5304999947547913,0.5202000141143799,0.5202000141143799,11228,0.0,0.0
2023-04-05 14:30:00-04:00,0.5303000211715698,0.5303000211715698,0.5303000211715698,0.5303000211715698,347,0.0,0.0
2023-04-05 15:30:00-04:00,0.5251500010490417,0.5251500010490417,0.5199999809265137,0.5199999809265137,0,0.0,0.0
2023-04-06 09:30:00-04:00,0.5163999795913696,0.5370000004768372,0.5163999795913696,0.5370000004768372,3477,0.0,0.0
2023-04-06 10:30:00-04:00,0.536899983882904,0.5370000004768372,0.536899983882904,0.536899983882904,439,0.0,0.0
2023-04-06 11:30:00-04:00,0.536899983882904,0.536899983882904,0.5300999879837036,0.5350000262260437,8902,0.0,0.0
2023-04-06 12:30:00-04:00,0.5350000262260437,0.5350000262260437,0.5224999785423279,0.5299999713897705,17429,0.0,0.0
2023-04-06 13:30:00-04:00,0.5325000286102295,0.5350000262260437,0.5299999713897705,0.5350000262260437,1819,0.0,0.0
2023-04-06 14:30:00-04:00,0.5345500111579895,0.5364999771118164,0.5325000286102295,0.5361999869346619,4728,0.0,0.0
2023-04-06 15:30:00-04:00,0.5300999879837036,0.5343000292778015,0.5210000276565552,0.5212000012397766,24964,0.0,0.0
2023-04-10 09:30:00-04:00,0.5299999713897705,0.5346999764442444,0.527999997138977,0.527999997138977,14168,0.0,0.0
2023-04-10 10:30:00-04:00,0.529699981212616,0.5299000144004822,0.5099999904632568,0.5142999887466431,37808,0.0,0.0
2023-04-10 11:30:00-04:00,0.5049999952316284,0.5210999846458435,0.5049999952316284,0.5199999809265137,13252,0.0,0.0
2023-04-10 12:30:00-04:00,0.520999014377594,0.5235000252723694,0.520999014377594,0.5234000086784363,6948,0.0,0.0
2023-04-10 13:30:00-04:00,0.5260999798774719,0.5289000272750854,0.5260999798774719,0.5289000272750854,0,0.0,0.0
2023-04-10 14:30:00-04:00,0.5213149785995483,0.526199996471405,0.5199999809265137,0.526199996471405,83285,0.0,0.0
2023-04-10 15:30:00-04:00,0.5113999843597412,0.5199999809265137,0.5113999843597412,0.5199999809265137,0,0.0,0.0
2023-04-11 09:30:00-04:00,0.5299999713897705,0.539900004863739,0.5235999822616577,0.5235999822616577,6564,0.0,0.0
2023-04-11 10:30:00-04:00,0.5293999910354614,0.5529000163078308,0.5293999910354614,0.5529000163078308,3814,0.0,0.0
2023-04-11 11:30:00-04:00,0.5500010251998901,0.5527999997138977,0.5390009880065918,0.5439990162849426,9953,0.0,0.0
2023-04-11 12:30:00-04:00,0.5439000129699707,0.5489000082015991,0.5439000129699707,0.5489000082015991,13124,0.0,0.0
2023-04-11 13:30:00-04:00,0.548799991607666,0.550000011920929,0.539900004863739,0.550000011920929,7773,0.0,0.0
2023-04-11 14:30:00-04:00,0.550000011920929,0.550000011920929,0.5418999791145325,0.550000011920929,6378,0.0,0.0
2023-04-11 15:30:00-04:00,0.5493999719619751,0.550000011920929,0.5480999946594238,0.550000011920929,0,0.0,0.0
2023-04-12 09:30:00-04:00,0.5532000064849854,0.578000009059906,0.5501000285148621,0.560001015663147,17729,0.0,0.0
2023-04-12 10:30:00-04:00,0.5679000020027161,0.5799999833106995,0.5672839879989624,0.5742999911308289,11054,0.0,0.0
2023-04-12 11:30:00-04:00,0.5770999789237976,0.5799999833106995,0.5742999911308289,0.5742999911308289,3684,0.0,0.0
2023-04-12 12:30:00-04:00,0.5799000263214111,0.5812609791755676,0.5674999952316284,0.5774999856948853,9335,0.0,0.0
2023-04-12 13:30:00-04:00,0.5774999856948853,0.5799999833106995,0.5698999762535095,0.5702000260353088,21501,0.0,0.0
2023-04-12 14:30:00-04:00,0.5702999830245972,0.5703999996185303,0.5600000023841858,0.5600000023841858,15819,0.0,0.0
2023-04-12 15:30:00-04:00,0.5671989917755127,0.5671989917755127,0.5540000200271606,0.5613999962806702,0,0.0,0.0
2023-04-13 09:30:00-04:00,0.574999988079071,0.5789999961853027,0.5601119995117188,0.5789999961853027,38352,0.0,0.0
2023-04-13 10:30:00-04:00,0.5789999961853027,0.582921028137207,0.5649999976158142,0.5649999976158142,53880,0.0,0.0
2023-04-13 11:30:00-04:00,0.5712000131607056,0.5774000287055969,0.5651999711990356,0.5773000121116638,4609,0.0,0.0
2023-04-13 12:30:00-04:00,0.5669999718666077,0.5803999900817871,0.5511000156402588,0.5803999900817871,10674,0.0,0.0
2023-04-13 13:30:00-04:00,0.5649999976158142,0.5796999931335449,0.5600000023841858,0.5699999928474426,38924,0.0,0.0
2023-04-13 14:30:00-04:00,0.5649999976158142,0.5699999928474426,0.5600000023841858,0.5699999928474426,24962,0.0,0.0
2023-04-13 15:30:00-04:00,0.5601000189781189,0.5699999928474426,0.5600000023841858,0.5699999928474426,0,0.0,0.0
2023-04-14 09:30:00-04:00,0.5699999928474426,0.5899999737739563,0.550000011920929,0.5899999737739563,52699,0.0,0.0
2023-04-14 10:30:00-04:00,0.5924999713897705,0.5924999713897705,0.5849999785423279,0.5878000259399414,99425,0.0,0.0
2023-04-14 11:30:00-04:00,0.5878000259399414,0.5878000259399414,0.5601999759674072,0.5601999759674072,153022,0.0,0.0
2023-04-14 12:30:00-04:00,0.5601000189781189,0.5659999847412109,0.5600000023841858,0.5659000277519226,10417,0.0,0.0
2023-04-14 13:30:00-04:00,0.5705000162124634,0.5759999752044678,0.5705000162124634,0.5738499760627747,8592,0.0,0.0
2023-04-14 14:30:00-04:00,0.5751000046730042,0.5751000046730042,0.5705000162124634,0.5706999897956848,9388,0.0,0.0
2023-04-14 15:30:00-04:00,0.5706999897956848,0.5713000297546387,0.5705000162124634,0.5713000297546387,6252,0.0,0.0
2023-04-17 09:30:00-04:00,0.5997999906539917,0.5997999906539917,0.5699999928474426,0.5699999928474426,36979,0.0,0.0
2023-04-17 10:30:00-04:00,0.5709999799728394,0.5748999714851379,0.5699999928474426,0.5748999714851379,252527,0.0,0.0
2023-04-17 11:30:00-04:00,0.5600000023841858,0.5770289897918701,0.5600000023841858,0.5605000257492065,34986,0.0,0.0
2023-04-17 12:30:00-04:00,0.5702009797096252,0.5853999853134155,0.5702009797096252,0.5853999853134155,8317,0.0,0.0
2023-04-17 13:30:00-04:00,0.5769000053405762,0.5799999833106995,0.574999988079071,0.5773000121116638,11808,0.0,0.0
2023-04-17 14:30:00-04:00,0.5773000121116638,0.5799000263214111,0.574999988079071,0.5752999782562256,11145,0.0,0.0
2023-04-17 15:30:00-04:00,0.5764999985694885,0.5834000110626221,0.574999988079071,0.5751000046730042,0,0.0,0.0
2023-04-18 09:30:00-04:00,0.5899999737739563,0.5997999906539917,0.5773000121116638,0.5799999833106995,9706,0.0,0.0
2023-04-18 10:30:00-04:00,0.5860000252723694,0.5999000072479248,0.5860000252723694,0.5999000072479248,51601,0.0,0.0
2023-04-18 11:30:00-04:00,0.6000000238418579,0.6200000047683716,0.597599983215332,0.6200000047683716,20321,0.0,0.0
2023-04-18 12:30:00-04:00,0.6200000047683716,0.6200000047683716,0.5967000126838684,0.6173999905586243,34742,0.0,0.0
2023-04-18 13:30:00-04:00,0.6173999905586243,0.6244999766349792,0.5985000133514404,0.6244999766349792,62958,0.0,0.0
2023-04-18 14:30:00-04:00,0.6201000213623047,0.6276999711990356,0.6200000047683716,0.6276999711990356,28913,0.0,0.0
2023-04-18 15:30:00-04:00,0.626800000667572,0.6399999856948853,0.6201000213623047,0.6399999856948853,0,0.0,0.0
2023-04-19 09:30:00-04:00,0.6299999952316284,0.6399000287055969,0.6011000275611877,0.6050999760627747,10101,0.0,0.0
2023-04-19 10:30:00-04:00,0.6378999948501587,0.6378999948501587,0.6050999760627747,0.6093109846115112,209011,0.0,0.0
2023-04-19 11:30:00-04:00,0.6097930073738098,0.6133000254631042,0.6093000173568726,0.6121000051498413,11233,0.0,0.0
2023-04-19 12:30:00-04:00,0.6121000051498413,0.6121000051498413,0.611299991607666,0.611299991607666,17626,0.0,0.0
2023-04-19 13:30:00-04:00,0.611299991607666,0.6113229990005493,0.611299991607666,0.611299991607666,6729,0.0,0.0
2023-04-19 14:30:00-04:00,0.611299991607666,0.611299991607666,0.611299991607666,0.611299991607666,12792,0.0,0.0
2023-04-19 15:30:00-04:00,0.6114000082015991,0.613099992275238,0.611299991607666,0.6116999983787537,0,0.0,0.0
2023-04-20 09:30:00-04:00,0.6200000047683716,0.6201000213623047,0.6010000109672546,0.6010000109672546,4813,0.0,0.0
2023-04-20 10:30:00-04:00,0.6216999888420105,0.6216999888420105,0.6216999888420105,0.6216999888420105,735,0.0,0.0
2023-04-20 12:30:00-04:00,0.6051999926567078,0.6051999926567078,0.6051999926567078,0.6051999926567078,2020,0.0,0.0
2023-04-20 13:30:00-04:00,0.6051999926567078,0.614300012588501,0.5699999928474426,0.5699999928474426,17483,0.0,0.0
2023-04-20 14:30:00-04:00,0.589900016784668,0.589900016784668,0.5799999833106995,0.5799999833106995,3931,0.0,0.0
2023-04-20 15:30:00-04:00,0.5724110007286072,0.5820000171661377,0.5724110007286072,0.5799999833106995,0,0.0,0.0
2023-04-21 09:30:00-04:00,0.6000000238418579,0.602400004863739,0.5946999788284302,0.5946999788284302,4622,0.0,0.0
2023-04-21 11:30:00-04:00,0.5946000218391418,0.5946000218391418,0.5679000020027161,0.5931000113487244,110901,0.0,0.0
2023-04-21 12:30:00-04:00,0.5805010199546814,0.5805010199546814,0.5600000023841858,0.5796999931335449,0,0.0,0.0
2023-04-21 14:30:00-04:00,0.5601999759674072,0.5916000008583069,0.5601999759674072,0.5835999846458435,128099,0.0,0.0
2023-04-21 15:30:00-04:00,0.589900016784668,0.5932000279426575,0.589900016784668,0.5932000279426575,0,0.0,0.0
2023-04-24 09:30:00-04:00,0.5799999833106995,0.5799999833106995,0.5600000023841858,0.5600000023841858,0,0.0,0.0
2023-04-24 10:30:00-04:00,0.5601000189781189,0.5601000189781189,0.5601000189781189,0.5601000189781189,8704,0.0,0.0
2023-04-24 11:30:00-04:00,0.5601000189781189,0.5611000061035156,0.5600000023841858,0.5600000023841858,6550,0.0,0.0
2023-04-24 12:30:00-04:00,0.5649999976158142,0.5781000256538391,0.5648000240325928,0.5781000256538391,18736,0.0,0.0
2023-04-24 13:30:00-04:00,0.5781000256538391,0.5932000279426575,0.5781000256538391,0.5928999781608582,26983,0.0,0.0
2023-04-24 14:30:00-04:00,0.5789999961853027,0.5986999869346619,0.5788999795913696,0.5986999869346619,2156,0.0,0.0
2023-04-24 15:30:00-04:00,0.5960999727249146,0.5960999727249146,0.5960999727249146,0.5960999727249146,0,0.0,0.0
2023-04-25 09:30:00-04:00,0.6098989844322205,0.6098989844322205,0.5672000050544739,0.6031000018119812,3589,0.0,0.0
2023-04-25 10:30:00-04:00,0.5899999737739563,0.5950000286102295,0.5817000269889832,0.5950000286102295,5709,0.0,0.0
2023-04-25 11:30:00-04:00,0.5993000268936157,0.5993000268936157,0.5950000286102295,0.5950000286102295,1782,0.0,0.0
2023-04-25 12:30:00-04:00,0.5699999928474426,0.5699999928474426,0.5699999928474426,0.5699999928474426,206,0.0,0.0
2023-04-25 13:30:00-04:00,0.5734999775886536,0.5734999775886536,0.5734999775886536,0.5734999775886536,200,0.0,0.0
2023-04-25 14:30:00-04:00,0.5799999833106995,0.5896999835968018,0.5799999833106995,0.5896999835968018,1689,0.0,0.0
2023-04-26 09:30:00-04:00,0.5849999785423279,0.5849999785423279,0.5701000094413757,0.5738000273704529,0,0.0,0.0
2023-04-26 10:30:00-04:00,0.5730000138282776,0.5730000138282776,0.5701000094413757,0.5701000094413757,4474,0.0,0.0
2023-04-26 11:30:00-04:00,0.5702000260353088,0.5734999775886536,0.5701000094413757,0.5701000094413757,7814,0.0,0.0
2023-04-26 12:30:00-04:00,0.5701000094413757,0.570900022983551,0.5600000023841858,0.5600000023841858,13576,0.0,0.0
2023-04-26 13:30:00-04:00,0.550000011920929,0.5547999739646912,0.550000011920929,0.5509999990463257,5407,0.0,0.0
2023-04-26 14:30:00-04:00,0.550000011920929,0.551800012588501,0.5401999950408936,0.5430999994277954,21957,0.0,0.0
2023-04-26 15:30:00-04:00,0.5487499833106995,0.5530999898910522,0.5487499833106995,0.5498999953269958,6989,0.0,0.0
2023-04-27 09:30:00-04:00,0.5600000023841858,0.5600000023841858,0.5482000112533569,0.5559999942779541,9741,0.0,0.0
2023-04-27 10:30:00-04:00,0.5559999942779541,0.5559999942779541,0.5550000071525574,0.5550000071525574,418,0.0,0.0
2023-04-27 11:30:00-04:00,0.5600000023841858,0.5710999965667725,0.5482010245323181,0.5548999905586243,7404,0.0,0.0
2023-04-27 12:30:00-04:00,0.5402010083198547,0.5402010083198547,0.5402010083198547,0.5402010083198547,1062,0.0,0.0
2023-04-27 13:30:00-04:00,0.5511000156402588,0.5511000156402588,0.5412999987602234,0.5412999987602234,1340,0.0,0.0
2023-04-27 14:30:00-04:00,0.5483999848365784,0.5485000014305115,0.5400000214576721,0.5400999784469604,7546,0.0,0.0
2023-04-27 15:30:00-04:00,0.5430999994277954,0.5475999712944031,0.5430999994277954,0.5475999712944031,351,0.0,0.0
2023-04-28 09:30:00-04:00,0.5871000289916992,0.5871000289916992,0.5331000089645386,0.5331000089645386,12264,0.0,0.0
2023-04-28 10:30:00-04:00,0.5400000214576721,0.5442000031471252,0.5397999882698059,0.5442000031471252,24047,0.0,0.0
2023-04-28 11:30:00-04:00,0.548550009727478,0.548550009727478,0.5401999950408936,0.5401999950408936,1094,0.0,0.0
2023-04-28 12:30:00-04:00,0.5286999940872192,0.5382999777793884,0.5286999940872192,0.5299999713897705,8728,0.0,0.0
2023-04-28 13:30:00-04:00,0.5301010012626648,0.5422999858856201,0.5301010012626648,0.53329998254776,12570,0.0,0.0
2023-04-28 14:30:00-04:00,0.5301010012626648,0.5353000164031982,0.5301010012626648,0.5353000164031982,2518,0.0,0.0
2023-04-28 15:30:00-04:00,0.5410000085830688,0.5410000085830688,0.5410000085830688,0.5410000085830688,120,0.0,0.0
2023-05-01 09:30:00-04:00,0.5400999784469604,0.5497999787330627,0.5302000045776367,0.5472000241279602,10590,0.0,0.0
2023-05-01 10:30:00-04:00,0.5347909927368164,0.5365999937057495,0.5131999850273132,0.5309990048408508,85612,0.0,0.0
2023-05-01 11:30:00-04:00,0.5199999809265137,0.5277000069618225,0.5143010020256042,0.5148000121116638,23387,0.0,0.0
2023-05-01 12:30:00-04:00,0.5151010155677795,0.5151010155677795,0.5151010155677795,0.5151010155677795,6638,0.0,0.0
2023-05-01 13:30:00-04:00,0.5299999713897705,0.5339999794960022,0.5299999713897705,0.5339999794960022,1476,0.0,0.0
2023-05-01 14:30:00-04:00,0.5339999794960022,0.5339999794960022,0.5339999794960022,0.5339999794960022,100,0.0,0.0
2023-05-01 15:30:00-04:00,0.5340999960899353,0.5340999960899353,0.5245000123977661,0.5245000123977661,828,0.0,0.0
2023-05-02 09:30:00-04:00,0.5199999809265137,0.5400000214576721,0.5199999809265137,0.5199999809265137,10732,0.0,0.0
2023-05-02 10:30:00-04:00,0.5199999809265137,0.5200999975204468,0.5198000073432922,0.5198000073432922,66526,0.0,0.0
2023-05-02 11:30:00-04:00,0.5135489702224731,0.5145999789237976,0.5101000070571899,0.5139260292053223,6673,0.0,0.0
2023-05-02 12:30:00-04:00,0.510200023651123,0.5174000263214111,0.510200023651123,0.5174000263214111,1885,0.0,0.0
2023-05-02 13:30:00-04:00,0.5151000022888184,0.5156999826431274,0.5149999856948853,0.5149999856948853,9716,0.0,0.0
2023-05-02 14:30:00-04:00,0.5151000022888184,0.5181999802589417,0.5149999856948853,0.5156999826431274,2897,0.0,0.0
2023-05-02 15:30:00-04:00,0.5156000256538391,0.5163999795913696,0.5156000256538391,0.5163999795913696,0,0.0,0.0
2023-05-03 09:30:00-04:00,0.527400016784668,0.527400016784668,0.5126000046730042,0.516198992729187,5211,0.0,0.0
2023-05-03 10:30:00-04:00,0.5196999907493591,0.5196999907493591,0.5116999745368958,0.5126000046730042,9603,0.0,0.0
2023-05-03 11:30:00-04:00,0.5163000226020813,0.5163999795913696,0.5163000226020813,0.5163999795913696,313,0.0,0.0
2023-05-03 12:30:00-04:00,0.515595018863678,0.5221999883651733,0.5126000046730042,0.5202000141143799,7775,0.0,0.0
2023-05-03 13:30:00-04:00,0.5200999975204468,0.5227000117301941,0.5199999809265137,0.5199999809265137,5925,0.0,0.0
2023-05-03 14:30:00-04:00,0.5199999809265137,0.5213000178337097,0.5199999809265137,0.5212000012397766,1344,0.0,0.0
2023-05-03 15:30:00-04:00,0.5212000012397766,0.5213000178337097,0.5206000208854675,0.5206000208854675,0,0.0,0.0
2023-05-04 09:30:00-04:00,0.5489000082015991,0.5489000082015991,0.5223000049591064,0.5223000049591064,18955,0.0,0.0
2023-05-04 10:30:00-04:00,0.5204010009765625,0.5375999808311462,0.5204010009765625,0.5375999808311462,12180,0.0,0.0
2023-05-04 11:30:00-04:00,0.535099983215332,0.5480999946594238,0.5350000262260437,0.5448700189590454,7109,0.0,0.0
2023-05-04 12:30:00-04:00,0.542048990726471,0.548999011516571,0.5419489741325378,0.5419489741325378,1290,0.0,0.0
2023-05-04 14:30:00-04:00,0.5483999848365784,0.5493000149726868,0.5443000197410583,0.5486000180244446,3595,0.0,0.0
2023-05-04 15:30:00-04:00,0.5483999848365784,0.5483999848365784,0.539900004863739,0.5400000214576721,14740,0.0,0.0
2023-05-05 09:30:00-04:00,0.5498999953269958,0.5598000288009644,0.5458999872207642,0.5597000122070312,14573,0.0,0.0
2023-05-05 10:30:00-04:00,0.5622000098228455,0.5828999876976013,0.5601000189781189,0.5827999711036682,26811,0.0,0.0
2023-05-05 11:30:00-04:00,0.574999988079071,0.5799999833106995,0.5701000094413757,0.5701000094413757,18813,0.0,0.0
2023-05-05 12:30:00-04:00,0.5601000189781189,0.5601000189781189,0.5577499866485596,0.5577499866485596,3764,0.0,0.0
2023-05-05 13:30:00-04:00,0.5504999756813049,0.5504999756813049,0.5504999756813049,0.5504999756813049,373,0.0,0.0
2023-05-05 15:30:00-04:00,0.569599986076355,0.569599986076355,0.5695000290870667,0.569599986076355,0,0.0,0.0
2023-05-08 09:30:00-04:00,0.5713000297546387,0.6000000238418579,0.5713000297546387,0.5906999707221985,6812,0.0,0.0
2023-05-08 10:30:00-04:00,0.5961999893188477,0.5979999899864197,0.5899999737739563,0.5899999737739563,0,0.0,0.0
2023-05-08 11:30:00-04:00,0.5898000001907349,0.5898000001907349,0.5898000001907349,0.5898000001907349,11410,0.0,0.0
2023-05-08 12:30:00-04:00,0.5895000100135803,0.5896999835968018,0.5895000100135803,0.5896999835968018,2684,0.0,0.0
2023-05-08 13:30:00-04:00,0.5822110176086426,0.5822110176086426,0.5822110176086426,0.5822110176086426,0,0.0,0.0
2023-05-08 15:30:00-04:00,0.5884000062942505,0.5884000062942505,0.5831000208854675,0.5831000208854675,4193,0.0,0.0
2023-05-09 09:30:00-04:00,0.5900999903678894,0.6100000143051147,0.5789999961853027,0.5916000008583069,84780,0.0,0.0
2023-05-09 10:30:00-04:00,0.5789999961853027,0.5789999961853027,0.5562000274658203,0.5630000233650208,21674,0.0,0.0
2023-05-09 11:30:00-04:00,0.5561000108718872,0.566100001335144,0.5555999875068665,0.5555999875068665,3463,0.0,0.0
2023-05-09 12:30:00-04:00,0.5555999875068665,0.5698999762535095,0.550000011920929,0.5541999936103821,5145,0.0,0.0
2023-05-09 13:30:00-04:00,0.5501000285148621,0.565500020980835,0.5501000285148621,0.565500020980835,10335,0.0,0.0
2023-05-09 14:30:00-04:00,0.5644999742507935,0.5644999742507935,0.550000011920929,0.5570999979972839,13768,0.0,0.0
2023-05-09 15:30:00-04:00,0.564300000667572,0.564300000667572,0.550000011920929,0.5600000023841858,0,0.0,0.0
2023-05-10 09:30:00-04:00,0.5799999833106995,0.5799999833106995,0.5497000217437744,0.5638999938964844,0,0.0,0.0
2023-05-10 10:30:00-04:00,0.550000011920929,0.5640000104904175,0.5225989818572998,0.5225989818572998,35905,0.0,0.0
2023-05-10 11:30:00-04:00,0.5224999785423279,0.5293999910354614,0.5210999846458435,0.5293999910354614,29040,0.0,0.0
2023-05-10 12:30:00-04:00,0.521399974822998,0.521399974822998,0.5001000165939331,0.5081999897956848,48216,0.0,0.0
2023-05-10 13:30:00-04:00,0.5098999738693237,0.5102499723434448,0.5,0.5091000199317932,48387,0.0,0.0
2023-05-10 14:30:00-04:00,0.5098000168800354,0.5192999839782715,0.5044000148773193,0.5120000243186951,8964,0.0,0.0
2023-05-10 15:30:00-04:00,0.5093500018119812,0.5159000158309937,0.5065000057220459,0.5066999793052673,0,0.0,0.0
2023-05-11 09:30:00-04:00,0.5099999904632568,0.5130000114440918,0.508400022983551,0.5101000070571899,10273,0.0,0.0
2023-05-11 10:30:00-04:00,0.5166000127792358,0.523298978805542,0.5009999871253967,0.523298978805542,11592,0.0,0.0
2023-05-11 11:30:00-04:00,0.5020999908447266,0.5022000074386597,0.5020999908447266,0.5022000074386597,1153,0.0,0.0
2023-05-11 12:30:00-04:00,0.5023999810218811,0.5189999938011169,0.5023999810218811,0.5023999810218811,0,0.0,0.0
2023-05-11 13:30:00-04:00,0.5188000202178955,0.5188000202178955,0.5026000142097473,0.5055000185966492,27673,0.0,0.0
2023-05-11 14:30:00-04:00,0.5049999952316284,0.5092999935150146,0.5026500225067139,0.5026999711990356,26526,0.0,0.0
2023-05-11 15:30:00-04:00,0.5026999711990356,0.5037999749183655,0.5,0.5,0,0.0,0.0
2023-05-12 09:30:00-04:00,0.5,0.5058000087738037,0.5,0.5048999786376953,10536,0.0,0.0
2023-05-12 10:30:00-04:00,0.5047000050544739,0.5047000050544739,0.4860999882221222,0.4875999987125397,24826,0.0,0.0
2023-05-12 11:30:00-04:00,0.48739999532699585,0.48989999294281006,0.487199991941452,0.48989999294281006,1121,0.0,0.0
2023-05-12 12:30:00-04:00,0.4862000048160553,0.49010100960731506,0.4862000048160553,0.49010100960731506,8368,0.0,0.0
2023-05-12 13:30:00-04:00,0.49000000953674316,0.49619999527931213,0.4846999943256378,0.4846999943256378,26086,0.0,0.0
2023-05-12 14:30:00-04:00,0.4846999943256378,0.4885999858379364,0.477400004863739,0.4781000018119812,81664,0.0,0.0
2023-05-12 15:30:00-04:00,0.478300005197525,0.48890000581741333,0.4650000035762787,0.4699999988079071,105815,0.0,0.0
2023-05-15 09:30:00-04:00,0.5,0.519599974155426,0.48704099655151367,0.5145000219345093,24619,0.0,0.0
2023-05-15 10:30:00-04:00,0.49900001287460327,0.5001000165939331,0.49900001287460327,0.5,6647,0.0,0.0
2023-05-15 11:30:00-04:00,0.5049999952316284,0.5199999809265137,0.4975000023841858,0.5,50367,0.0,0.0
2023-05-15 12:30:00-04:00,0.49900001287460327,0.5,0.4952000081539154,0.5,25602,0.0,0.0
2023-05-15 13:30:00-04:00,0.4997999966144562,0.4997999966144562,0.4997999966144562,0.4997999966144562,276,0.0,0.0
2023-05-15 14:30:00-04:00,0.49889999628067017,0.49889999628067017,0.48829999566078186,0.48829999566078186,55186,0.0,0.0
2023-05-15 15:30:00-04:00,0.4909999966621399,0.4999000132083893,0.48910000920295715,0.4999000132083893,0,0.0,0.0
2023-05-16 09:30:00-04:00,0.5,0.5,0.4900999963283539,0.4900999963283539,7610,0.0,0.0
2023-05-16 10:30:00-04:00,0.4900999963283539,0.5,0.4900999963283539,0.49595099687576294,842,0.0,0.0
2023-05-16 11:30:00-04:00,0.49950000643730164,0.5073999762535095,0.49950000643730164,0.5022000074386597,3213,0.0,0.0
2023-05-16 12:30:00-04:00,0.5072000026702881,0.5220000147819519,0.5,0.5,12035,0.0,0.0
2023-05-16 13:30:00-04:00,0.5,0.5210000276565552,0.5,0.5001000165939331,915,0.0,0.0
2023-05-16 14:30:00-04:00,0.5121999979019165,0.5198000073432922,0.510001003742218,0.5198000073432922,2937,0.0,0.0
2023-05-16 15:30:00-04:00,0.4999000132083893,0.5,0.47999998927116394,0.48890000581741333,0,0.0,0.0
2023-05-17 09:30:00-04:00,0.48899999260902405,0.4997999966144562,0.4869999885559082,0.4997999966144562,55835,0.0,0.0
2023-05-17 10:30:00-04:00,0.4966000020503998,0.5178999900817871,0.49309998750686646,0.5004000067710876,19535,0.0,0.0
2023-05-17 11:30:00-04:00,0.5002999901771545,0.5008999705314636,0.49570000171661377,0.4991999864578247,16972,0.0,0.0
2023-05-17 12:30:00-04:00,0.4948999881744385,0.499099999666214,0.4948999881744385,0.4948999881744385,500,0.0,0.0
2023-05-17 13:30:00-04:00,0.4948999881744385,0.4986000061035156,0.4948999881744385,0.4986000061035156,7060,0.0,0.0
2023-05-17 14:30:00-04:00,0.492900013923645,0.49880000948905945,0.49000000953674316,0.49869900941848755,2680,0.0,0.0
2023-05-17 15:30:00-04:00,0.4984000027179718,0.4984000027179718,0.49000000953674316,0.49000000953674316,0,0.0,0.0
2023-05-18 09:30:00-04:00,0.49000000953674316,0.4991999864578247,0.49000000953674316,0.4936999976634979,22473,0.0,0.0
2023-05-18 10:30:00-04:00,0.4925000071525574,0.4925000071525574,0.4821000099182129,0.48420000076293945,26853,0.0,0.0
2023-05-18 11:30:00-04:00,0.49000000953674316,0.49000000953674316,0.4814000129699707,0.4864000082015991,9496,0.0,0.0
2023-05-18 12:30:00-04:00,0.4893999993801117,0.4893999993801117,0.4893999993801117,0.4893999993801117,266,0.0,0.0
2023-05-18 13:30:00-04:00,0.48829999566078186,0.48829999566078186,0.48489999771118164,0.48489999771118164,2000,0.0,0.0
2023-05-18 14:30:00-04:00,0.48500001430511475,0.48500001430511475,0.47999998927116394,0.4812000095844269,43726,0.0,0.0
2023-05-18 15:30:00-04:00,0.4812999963760376,0.4968999922275543,0.4812999963760376,0.4853000044822693,16503,0.0,0.0
2023-05-19 09:30:00-04:00,0.4991999864578247,0.4991999864578247,0.4853000044822693,0.4853000044822693,0,0.0,0.0
2023-05-19 10:30:00-04:00,0.4878000020980835,0.4982999861240387,0.4878000020980835,0.49570000171661377,4572,0.0,0.0
2023-05-19 11:30:00-04:00,0.49549901485443115,0.49549999833106995,0.4920699894428253,0.49380001425743103,15891,0.0,0.0
2023-05-19 12:30:00-04:00,0.49619999527931213,0.4963989853858948,0.4853000044822693,0.4853000044822693,7097,0.0,0.0
2023-05-19 13:30:00-04:00,0.48350000381469727,0.4844000041484833,0.48339998722076416,0.48350000381469727,5011,0.0,0.0
2023-05-19 14:30:00-04:00,0.490200012922287,0.490200012922287,0.48350000381469727,0.48350000381469727,2207,0.0,0.0
2023-05-19 15:30:00-04:00,0.48350000381469727,0.48410001397132874,0.4814000129699707,0.48339998722076416,12185,0.0,0.0
2023-05-22 09:30:00-04:00,0.5099999904632568,0.5199000239372253,0.5,0.5000159740447998,78385,0.0,0.0
2023-05-22 10:30:00-04:00,0.4945000112056732,0.4945000112056732,0.4943999946117401,0.4943999946117401,5503,0.0,0.0
2023-05-22 11:30:00-04:00,0.49445000290870667,0.4945000112056732,0.4943999946117401,0.4945000112056732,2281,0.0,0.0
2023-05-22 12:30:00-04:00,0.4943999946117401,0.4945000112056732,0.4943999946117401,0.4943999946117401,5657,0.0,0.0
2023-05-22 13:30:00-04:00,0.48750001192092896,0.48750001192092896,0.48010000586509705,0.48730000853538513,9050,0.0,0.0
2023-05-22 14:30:00-04:00,0.48739999532699585,0.48739999532699585,0.4803999960422516,0.487199991941452,3258,0.0,0.0
2023-05-22 15:30:00-04:00,0.4844000041484833,0.5014010071754456,0.4830000102519989,0.5014010071754456,0,0.0,0.0
2023-05-23 09:30:00-04:00,0.5098999738693237,0.5098999738693237,0.4749999940395355,0.47510001063346863,31629,0.0,0.0
2023-05-23 10:30:00-04:00,0.47510001063346863,0.4763000011444092,0.4699999988079071,0.476298987865448,19701,0.0,0.0
2023-05-23 11:30:00-04:00,0.47620001435279846,0.4763000011444092,0.4730989933013916,0.47589999437332153,10122,0.0,0.0
2023-05-23 12:30:00-04:00,0.4763000011444092,0.47699999809265137,0.4749999940395355,0.4749999940395355,11868,0.0,0.0
2023-05-23 13:30:00-04:00,0.4731999933719635,0.4781990051269531,0.4646500051021576,0.46480000019073486,30217,0.0,0.0
2023-05-23 14:30:00-04:00,0.46540001034736633,0.4756999909877777,0.46540001034736633,0.4700999855995178,10536,0.0,0.0
2023-05-23 15:30:00-04:00,0.47360000014305115,0.47620001435279846,0.47099998593330383,0.4722999930381775,10406,0.0,0.0
2023-05-24 09:30:00-04:00,0.47999998927116394,0.4887999892234802,0.46480000019073486,0.46539899706840515,21669,0.0,0.0
2023-05-24 10:30:00-04:00,0.46070000529289246,0.46720001101493835,0.4555000066757202,0.46720001101493835,41062,0.0,0.0
2023-05-24 11:30:00-04:00,0.46000000834465027,0.46549901366233826,0.4560999870300293,0.4607990086078644,6294,0.0,0.0
2023-05-24 12:30:00-04:00,0.4652000069618225,0.4652000069618225,0.46299999952316284,0.46299999952316284,2830,0.0,0.0
2023-05-24 13:30:00-04:00,0.46149998903274536,0.4641999900341034,0.46149998903274536,0.4641999900341034,5846,0.0,0.0
2023-05-24 14:30:00-04:00,0.4620000123977661,0.4641000032424927,0.45500001311302185,0.45500001311302185,10237,0.0,0.0
2023-05-24 15:30:00-04:00,0.45500001311302185,0.46000000834465027,0.45500001311302185,0.45509999990463257,0,0.0,0.0
2023-05-25 09:30:00-04:00,0.4661000072956085,0.4675999879837036,0.45500001311302185,0.45509999990463257,23316,0.0,0.0
2023-05-25 10:30:00-04:00,0.45500001311302185,0.4652000069618225,0.45249998569488525,0.462799996137619,35016,0.0,0.0
2023-05-25 11:30:00-04:00,0.4629000127315521,0.4629000127315521,0.4553000032901764,0.4625000059604645,5105,0.0,0.0
2023-05-25 12:30:00-04:00,0.4562000036239624,0.46309998631477356,0.4562000036239624,0.46299999952316284,35829,0.0,0.0
2023-05-25 13:30:00-04:00,0.46309998631477356,0.4643000066280365,0.46309998631477356,0.46399998664855957,9082,0.0,0.0
2023-05-25 14:30:00-04:00,0.45743200182914734,0.46480000019073486,0.45743200182914734,0.4578010141849518,6202,0.0,0.0
2023-05-25 15:30:00-04:00,0.4577000141143799,1.1442500352859497,0.4577000141143799,1.1442500352859497,0,0.0,0.0
2023-05-26 09:30:00-04:00,1.149999976158142,1.1799999475479126,1.0499999523162842,1.149999976158142,30591,0.0,0.0
2023-05-26 10:30:00-04:00,1.149999976158142,1.149999976158142,1.1299999952316284,1.149999976158142,3905,0.0,0.0
2023-05-26 11:30:00-04:00,1.149999976158142,1.159999966621399,1.1399999856948853,1.149999976158142,7144,0.0,0.0
2023-05-26 12:30:00-04:00,1.1449999809265137,1.149999976158142,1.120300054550171,1.1399999856948853,12898,0.0,0.0
2023-05-26 13:30:00-04:00,1.1226999759674072,1.1399999856948853,1.1200000047683716,1.1399999856948853,6664,0.0,0.0
2023-05-26 14:30:00-04:00,1.1399999856948853,1.1399999856948853,1.1299999952316284,1.1375999450683594,866,0.0,0.0
2023-05-26 15:30:00-04:00,1.1202000379562378,1.149999976158142,1.1100000143051147,1.149999976158142,16367,0.0,0.0
2023-05-30 09:30:00-04:00,1.1299999952316284,1.149999976158142,1.1200000047683716,1.1217999458312988,6435,0.0,0.0
2023-05-30 10:30:00-04:00,1.1200000047683716,1.1299999952316284,1.1100000143051147,1.1299999952316284,2219,0.0,0.0
2023-05-30 11:30:00-04:00,1.100100040435791,1.1023999452590942,1.100100040435791,1.1016000509262085,2074,0.0,0.0
2023-05-30 12:30:00-04:00,1.100100040435791,1.1100000143051147,1.0700000524520874,1.0700000524520874,7164,0.0,0.0
2023-05-30 13:30:00-04:00,1.0800000429153442,1.0801000595092773,1.0700000524520874,1.079699993133545,5324,0.0,0.0
2023-05-30 14:30:00-04:00,1.0700000524520874,1.0700000524520874,1.0399999618530273,1.0499999523162842,18278,0.0,0.0
2023-05-30 15:30:00-04:00,1.0700000524520874,1.1200000047683716,1.0700000524520874,1.1200000047683716,0,0.0,0.0
2023-05-31 09:30:00-04:00,1.1299999952316284,1.1299999952316284,1.0499999523162842,1.0605000257492065,17595,0.0,0.0
2023-05-31 10:30:00-04:00,1.0699000358581543,1.0800000429153442,1.0499999523162842,1.0499999523162842,6154,0.0,0.0
2023-05-31 11:30:00-04:00,1.0600999593734741,1.090000033378601,1.059999942779541,1.090000033378601,7621,0.0,0.0
2023-05-31 12:30:00-04:00,1.0800000429153442,1.0800000429153442,1.0597000122070312,1.0597000122070312,411,0.0,0.0
2023-05-31 13:30:00-04:00,1.090000033378601,1.100000023841858,1.090000033378601,1.090000033378601,1020,0.0,0.0
2023-05-31 14:30:00-04:00,1.090000033378601,1.090000033378601,1.0800000429153442,1.0800000429153442,726,0.0,0.0
2023-05-31 15:30:00-04:00,1.0800000429153442,1.1299999952316284,1.0800000429153442,1.1299999952316284,0,0.0,0.0
2023-06-01 09:30:00-04:00,1.1299999952316284,1.1299999952316284,1.1299999952316284,1.1299999952316284,2032,0.0,0.0
2023-06-01 10:30:00-04:00,1.1399999856948853,1.149899959564209,1.1399999856948853,1.1477999687194824,4539,0.0,0.0
2023-06-01 11:30:00-04:00,1.1299999952316284,1.149999976158142,1.1200000047683716,1.1399999856948853,7255,0.0,0.0
2023-06-01 12:30:00-04:00,1.1399999856948853,1.1399999856948853,1.1299999952316284,1.1399999856948853,1531,0.0,0.0
2023-06-01 13:30:00-04:00,1.1399999856948853,1.1399999856948853,1.1349999904632568,1.135200023651123,4856,0.0,0.0
2023-06-01 14:30:00-04:00,1.1299999952316284,1.1399999856948853,1.1295000314712524,1.1398999691009521,15465,0.0,0.0
2023-06-01 15:30:00-04:00,1.1398999691009521,1.1399999856948853,1.1299999952316284,1.1299999952316284,0,0.0,0.0
2023-06-02 09:30:00-04:00,1.1100000143051147,1.1699999570846558,1.100000023841858,1.100100040435791,12897,0.0,0.0
2023-06-02 10:30:00-04:00,1.1369999647140503,1.1369999647140503,1.1369999647140503,1.1369999647140503,672,0.0,0.0
2023-06-02 11:30:00-04:00,1.1200000047683716,1.1201000213623047,1.1200000047683716,1.1201000213623047,1277,0.0,0.0
2023-06-02 12:30:00-04:00,1.1200000047683716,1.1299999952316284,1.1100000143051147,1.1100000143051147,3439,0.0,0.0
2023-06-02 13:30:00-04:00,1.1200000047683716,1.1299999952316284,1.1100000143051147,1.1299999952316284,7201,0.0,0.0
2023-06-02 14:30:00-04:00,1.1200000047683716,1.1201000213623047,1.1100000143051147,1.1174999475479126,16899,0.0,0.0
2023-06-02 15:30:00-04:00,1.1200000047683716,1.1200000047683716,1.1100000143051147,1.1100000143051147,905,0.0,0.0
2023-06-05 09:30:00-04:00,1.149999976158142,1.149999976158142,1.0800000429153442,1.090000033378601,5242,0.0,0.0
2023-06-05 10:30:00-04:00,1.100000023841858,1.1100000143051147,1.100000023841858,1.1086000204086304,812,0.0,0.0
2023-06-05 11:30:00-04:00,1.0800000429153442,1.1100000143051147,1.0800000429153442,1.090000033378601,2259,0.0,0.0
2023-06-05 12:30:00-04:00,1.097499966621399,1.097499966621399,1.059999942779541,1.059999942779541,6536,0.0,0.0
2023-06-05 13:30:00-04:00,1.0700000524520874,1.070099949836731,1.0700000524520874,1.070099949836731,2175,0.0,0.0
2023-06-05 14:30:00-04:00,1.0700000524520874,1.0700000524520874,1.0601999759674072,1.0700000524520874,2890,0.0,0.0
2023-06-05 15:30:00-04:00,1.0602999925613403,1.0700000524520874,1.0602999925613403,1.0700000524520874,0,0.0,0.0
2023-06-06 09:30:00-04:00,1.100000023841858,1.100000023841858,1.0199999809265137,1.0399999618530273,19977,0.0,0.0
2023-06-06 10:30:00-04:00,1.0599000453948975,1.0599000453948975,1.0400999784469604,1.0571999549865723,1244,0.0,0.0
2023-06-06 11:30:00-04:00,1.0399999618530273,1.049299955368042,1.0299999713897705,1.0399999618530273,41960,0.0,0.0
2023-06-06 12:30:00-04:00,1.0388000011444092,1.0499999523162842,1.0199999809265137,1.0399999618530273,20260,0.0,0.0
2023-06-06 13:30:00-04:00,1.0399999618530273,1.0399999618530273,1.0299999713897705,1.0312000513076782,12759,0.0,0.0
2023-06-06 14:30:00-04:00,1.0227999687194824,1.034999966621399,1.0200999975204468,1.0299999713897705,6401,0.0,0.0
2023-06-06 15:30:00-04:00,1.0199999809265137,1.0299999713897705,1.0009000301361084,1.0199999809265137,12732,0.0,0.0
2023-06-07 09:30:00-04:00,1.0099999904632568,1.0499000549316406,1.0099999904632568,1.0399999618530273,10239,0.0,0.0
2023-06-07 10:30:00-04:00,1.0499999523162842,1.0499999523162842,1.0228999853134155,1.0228999853134155,5558,0.0,0.0
2023-06-07 11:30:00-04:00,1.0372999906539917,1.0372999906539917,0.9803000092506409,0.9912999868392944,53099,0.0,0.0
2023-06-07 12:30:00-04:00,1.0281000137329102,1.0299999713897705,1.0199999809265137,1.0299999713897705,2454,0.0,0.0
2023-06-07 13:30:00-04:00,1.0204999446868896,1.034999966621399,1.0204999446868896,1.034999966621399,736,0.0,0.0
2023-06-07 14:30:00-04:00,1.0499999523162842,1.0499999523162842,1.0099999904632568,1.0199999809265137,3249,0.0,0.0
2023-06-07 15:30:00-04:00,1.0299999713897705,1.0299999713897705,1.0199999809265137,1.0299999713897705,2527,0.0,0.0
2023-06-08 09:30:00-04:00,1.0499999523162842,1.0499999523162842,1.0199999809265137,1.0199999809265137,7796,0.0,0.0
2023-06-08 10:30:00-04:00,1.0199999809265137,1.0299999713897705,1.013100028038025,1.027400016784668,2988,0.0,0.0
2023-06-08 11:30:00-04:00,1.0099999904632568,1.0199999809265137,1.0,1.0099999904632568,5988,0.0,0.0
2023-06-08 12:30:00-04:00,1.0199999809265137,1.0199999809265137,1.0,1.0099999904632568,1661,0.0,0.0
2023-06-08 13:30:00-04:00,1.0,1.0199999809265137,1.0,1.0099999904632568,4755,0.0,0.0
2023-06-08 14:30:00-04:00,1.0099999904632568,1.0199999809265137,1.0099999904632568,1.0149999856948853,5993,0.0,0.0
2023-06-08 15:30:00-04:00,1.0099999904632568,1.0099999904632568,0.9900000095367432,0.9900000095367432,0,0.0,0.0
2023-06-09 09:30:00-04:00,1.0199999809265137,1.0298999547958374,1.000100016593933,1.0230000019073486,15144,0.0,0.0
2023-06-09 10:30:00-04:00,1.0299999713897705,1.0299999713897705,1.0199999809265137,1.0298999547958374,17357,0.0,0.0
2023-06-09 11:30:00-04:00,1.0200999975204468,1.0200999975204468,1.0200999975204468,1.0200999975204468,334,0.0,0.0
2023-06-09 12:30:00-04:00,1.024999976158142,1.0299999713897705,1.0199999809265137,1.0199999809265137,8032,0.0,0.0
2023-06-09 13:30:00-04:00,1.0199999809265137,1.0288000106811523,1.0199999809265137,1.0288000106811523,741,0.0,0.0
2023-06-09 14:30:00-04:00,1.0103000402450562,1.0199999809265137,1.0103000402450562,1.0199999809265137,3086,0.0,0.0
2023-06-09 15:30:00-04:00,1.023300051689148,1.0299999713897705,1.0,1.0276000499725342,3621,0.0,0.0
2023-06-12 09:30:00-04:00,1.059999942779541,1.059999942779541,1.0049999952316284,1.0049999952316284,17244,0.0,0.0
2023-06-12 10:30:00-04:00,1.0,1.0199999809265137,1.0,1.0099999904632568,3276,0.0,0.0
2023-06-12 11:30:00-04:00,1.0199999809265137,1.0199999809265137,1.0,1.0182000398635864,8270,0.0,0.0
2023-06-12 12:30:00-04:00,1.0,1.0099999904632568,0.9900000095367432,1.0099999904632568,5844,0.0,0.0
2023-06-12 13:30:00-04:00,0.9865999817848206,1.0099999904632568,0.9865999817848206,0.9965999722480774,1283,0.0,0.0
2023-06-12 14:30:00-04:00,0.9966999888420105,0.9966999888420105,0.9606999754905701,0.9706990122795105,6804,0.0,0.0
2023-06-12 15:30:00-04:00,0.9693999886512756,0.9854000210762024,0.9650999903678894,0.9650999903678894,0,0.0,0.0
2023-06-13 09:30:00-04:00,0.9599999785423279,0.9803000092506409,0.9599999785423279,0.9750000238418579,5483,0.0,0.0
2023-06-13 10:30:00-04:00,0.9735000133514404,0.9772989749908447,0.949999988079071,0.9772989749908447,8488,0.0,0.0
2023-06-13 11:30:00-04:00,0.9507009983062744,0.9771999716758728,0.9507009983062744,0.966949999332428,3654,0.0,0.0
2023-06-13 12:30:00-04:00,0.9599999785423279,0.9769999980926514,0.9599999785423279,0.9750000238418579,8504,0.0,0.0
2023-06-13 13:30:00-04:00,0.9771000146865845,0.9771000146865845,0.9549999833106995,0.9549999833106995,1613,0.0,0.0
2023-06-13 14:30:00-04:00,0.9502000212669373,0.972599983215332,0.949999988079071,0.9505000114440918,6666,0.0,0.0
2023-06-13 15:30:00-04:00,0.9700000286102295,0.9700000286102295,0.9399999976158142,0.949999988079071,0,0.0,0.0
2023-06-14 09:30:00-04:00,0.9509999752044678,1.0700000524520874,0.9509999752044678,0.9532999992370605,26154,0.0,0.0
2023-06-14 10:30:00-04:00,0.9632999897003174,0.9657999873161316,0.954479992389679,0.9576200246810913,934,0.0,0.0
2023-06-14 11:30:00-04:00,0.9571459889411926,0.9674000144004822,0.9549999833106995,0.9556000232696533,3242,0.0,0.0
2023-06-14 12:30:00-04:00,0.9580000042915344,0.9580000042915344,0.9319000244140625,0.9421619772911072,14191,0.0,0.0
2023-06-14 13:30:00-04:00,0.944599986076355,0.944599986076355,0.9409999847412109,0.9409999847412109,1174,0.0,0.0
2023-06-14 14:30:00-04:00,0.9300000071525574,0.944100022315979,0.9172000288963318,0.925000011920929,12029,0.0,0.0
2023-06-14 15:30:00-04:00,0.9322999715805054,0.9375,0.9218999743461609,0.9375,0,0.0,0.0
2023-06-15 09:30:00-04:00,0.949999988079071,0.949999988079071,0.9200000166893005,0.9300000071525574,6251,0.0,0.0
2023-06-15 10:30:00-04:00,0.9300000071525574,0.9571999907493591,0.9200000166893005,0.9399999976158142,13879,0.0,0.0
2023-06-15 11:30:00-04:00,0.9301000237464905,0.9301000237464905,0.9229999780654907,0.9230999946594238,1892,0.0,0.0
2023-06-15 12:30:00-04:00,0.9300000071525574,0.9571999907493591,0.9300000071525574,0.9567999839782715,1436,0.0,0.0
2023-06-15 13:30:00-04:00,0.9251999855041504,0.9251999855041504,0.9251999855041504,0.9251999855041504,672,0.0,0.0
2023-06-15 15:30:00-04:00,0.9535999894142151,0.9567999839782715,0.9465000033378601,0.9465000033378601,6474,0.0,0.0
2023-06-16 09:30:00-04:00,0.9599999785423279,0.9599999785423279,0.9399999976158142,0.9599000215530396,12744,0.0,0.0
2023-06-16 10:30:00-04:00,0.9419999718666077,0.9599999785423279,0.9419999718666077,0.9419999718666077,3684,0.0,0.0
2023-06-16 11:30:00-04:00,0.9401000142097473,0.9401999711990356,0.9200999736785889,0.9296000003814697,10653,0.0,0.0
2023-06-16 12:30:00-04:00,0.9222000241279602,0.9300000071525574,0.9222000241279602,0.9222999811172485,3161,0.0,0.0
2023-06-16 13:30:00-04:00,0.9222999811172485,0.947700023651123,0.9222999811172485,0.942799985408783,4002,0.0,0.0
2023-06-16 14:30:00-04:00,0.9380000233650208,0.9474999904632568,0.9380000233650208,0.9401000142097473,3138,0.0,0.0
2023-06-16 15:30:00-04:00,0.9399999976158142,0.9531000256538391,0.9243999719619751,0.9386000037193298,4663,0.0,0.0
2023-06-20 09:30:00-04:00,0.9779999852180481,0.9779999852180481,0.9150559902191162,0.9157999753952026,57259,0.0,0.0
2023-06-20 10:30:00-04:00,0.9222509860992432,0.9333999752998352,0.9165999889373779,0.9333999752998352,8926,0.0,0.0
2023-06-20 11:30:00-04:00,0.9165999889373779,0.9165999889373779,0.9165999889373779,0.9165999889373779,511,0.0,0.0
2023-06-20 12:30:00-04:00,0.9320999979972839,0.9320999979972839,0.9215999841690063,0.9215999841690063,1578,0.0,0.0
2023-06-20 13:30:00-04:00,0.9200000166893005,0.9200000166893005,0.9200000166893005,0.9200000166893005,624,0.0,0.0
2023-06-20 14:30:00-04:00,0.9348000288009644,0.9358000159263611,0.9275000095367432,0.9275000095367432,1710,0.0,0.0
2023-06-20 15:30:00-04:00,0.9271000027656555,0.9399999976158142,0.9168999791145325,0.9399999976158142,0,0.0,0.0
2023-06-21 09:30:00-04:00,0.9684000015258789,0.9684000015258789,0.9300000071525574,0.949999988079071,0,0.0,0.0
2023-06-21 10:30:00-04:00,0.9599999785423279,0.9599999785423279,0.9307000041007996,0.9473999738693237,9711,0.0,0.0
2023-06-21 11:30:00-04:00,0.9333999752998352,0.9369999766349792,0.9276999831199646,0.9300000071525574,8548,0.0,0.0
2023-06-21 12:30:00-04:00,0.9330000281333923,0.9415000081062317,0.9274759888648987,0.9415000081062317,5954,0.0,0.0
2023-06-21 13:30:00-04:00,0.9300000071525574,0.9420999884605408,0.9300000071525574,0.9361000061035156,3041,0.0,0.0
2023-06-21 14:30:00-04:00,0.9416000247001648,0.9416000247001648,0.9302999973297119,0.9351000189781189,2032,0.0,0.0
2023-06-21 15:30:00-04:00,0.9395999908447266,0.9395999908447266,0.9266999959945679,0.9280999898910522,522,0.0,0.0
2023-06-22 09:30:00-04:00,0.9100000262260437,0.9697999954223633,0.9100000262260437,0.9498000144958496,8310,0.0,0.0
2023-06-22 10:30:00-04:00,0.9449999928474426,0.9599999785423279,0.9449999928474426,0.9510499835014343,5759,0.0,0.0
2023-06-22 11:30:00-04:00,0.9510499835014343,0.9584000110626221,0.9365000128746033,0.9584000110626221,11144,0.0,0.0
2023-06-22 12:30:00-04:00,0.9584000110626221,0.9584000110626221,0.9340000152587891,0.9568989872932434,1312,0.0,0.0
2023-06-22 13:30:00-04:00,0.9569000005722046,0.9569000005722046,0.9340000152587891,0.9449999928474426,2451,0.0,0.0
2023-06-22 14:30:00-04:00,0.9350000023841858,0.9449999928474426,0.9350000023841858,0.9449999928474426,1196,0.0,0.0
2023-06-22 15:30:00-04:00,0.9350000023841858,0.9599999785423279,0.9350000023841858,0.9549000263214111,0,0.0,0.0
2023-06-23 09:30:00-04:00,0.9800000190734863,0.9800000190734863,0.9420999884605408,0.9420999884605408,4382,0.0,0.0
2023-06-23 10:30:00-04:00,0.9340999722480774,0.9598000049591064,0.9340999722480774,0.9598000049591064,402,0.0,0.0
2023-06-23 11:30:00-04:00,0.9448999762535095,0.9462000131607056,0.9300000071525574,0.9462000131607056,16261,0.0,0.0
2023-06-23 12:30:00-04:00,0.9462000131607056,0.9599000215530396,0.9325000047683716,0.9325000047683716,4296,0.0,0.0
2023-06-23 13:30:00-04:00,0.9325000047683716,0.9498999714851379,0.9319999814033508,0.9320999979972839,5650,0.0,0.0
2023-06-23 14:30:00-04:00,0.9320999979972839,0.9498999714851379,0.9320999979972839,0.9498999714851379,12701,0.0,0.0
2023-06-23 15:30:00-04:00,0.9498999714851379,0.9599999785423279,0.942799985408783,0.9504989981651306,2345,0.0,0.0
2023-06-26 09:30:00-04:00,0.9399999976158142,0.9779999852180481,0.9397019743919373,0.9635999798774719,11725,0.0,0.0
2023-06-26 10:30:00-04:00,0.9772999882698059,0.9772999882698059,0.9437999725341797,0.9438999891281128,3938,0.0,0.0
2023-06-26 11:30:00-04:00,0.9464010000228882,0.9464010000228882,0.946399986743927,0.946399986743927,2118,0.0,0.0
2023-06-26 12:30:00-04:00,0.9585000276565552,0.9585000276565552,0.9585000276565552,0.9585000276565552,109,0.0,0.0
2023-06-26 13:30:00-04:00,0.9599999785423279,0.9599999785423279,0.946399986743927,0.949999988079071,1152,0.0,0.0
2023-06-26 14:30:00-04:00,0.9462000131607056,0.9599900245666504,0.9460999965667725,0.9598990082740784,5764,0.0,0.0
2023-06-26 15:30:00-04:00,0.9524999856948853,0.9524999856948853,0.9399999976158142,0.9399999976158142,0,0.0,0.0
2023-06-27 09:30:00-04:00,0.9406999945640564,0.9596989750862122,0.9404000043869019,0.9595999717712402,6204,0.0,0.0
2023-06-27 10:30:00-04:00,0.9569000005722046,0.9569000005722046,0.9563999772071838,0.9563999772071838,432,0.0,0.0
2023-06-27 11:30:00-04:00,0.949999988079071,0.949999988079071,0.940500020980835,0.9439610242843628,550,0.0,0.0
2023-06-27 12:30:00-04:00,0.9500510096549988,0.9500510096549988,0.9444000124931335,0.9444000124931335,1554,0.0,0.0
2023-06-27 13:30:00-04:00,0.9404000043869019,0.949999988079071,0.9399999976158142,0.949999988079071,4278,0.0,0.0
2023-06-27 14:30:00-04:00,0.949999988079071,0.949999988079071,0.9351000189781189,0.9351000189781189,1022,0.0,0.0
2023-06-27 15:30:00-04:00,0.949999988079071,0.9550999999046326,0.9351000189781189,0.9373000264167786,0,0.0,0.0
2023-06-28 09:30:00-04:00,0.949999988079071,1.0700000524520874,0.949999988079071,1.0599000453948975,46675,0.0,0.0
2023-06-28 10:30:00-04:00,1.0549999475479126,1.090000033378601,1.0399999618530273,1.0491000413894653,78871,0.0,0.0
2023-06-28 11:30:00-04:00,1.0499999523162842,1.0499999523162842,1.0449999570846558,1.0499999523162842,28579,0.0,0.0
2023-06-28 12:30:00-04:00,1.0449999570846558,1.0800000429153442,1.0449999570846558,1.0700000524520874,29949,0.0,0.0
2023-06-28 13:30:00-04:00,1.0700000524520874,1.0700000524520874,1.0499999523162842,1.0599000453948975,27364,0.0,0.0
2023-06-28 14:30:00-04:00,1.0403000116348267,1.0499999523162842,1.0399999618530273,1.0499999523162842,3443,0.0,0.0
2023-06-28 15:30:00-04:00,1.0461000204086304,1.0499999523162842,1.0399999618530273,1.0499999523162842,0,0.0,0.0
2023-06-29 09:30:00-04:00,1.0700000524520874,1.090000033378601,1.0499999523162842,1.090000033378601,14807,0.0,0.0
2023-06-29 10:30:00-04:00,1.0880000591278076,1.100000023841858,1.0700000524520874,1.0700000524520874,9317,0.0,0.0
2023-06-29 11:30:00-04:00,1.0750000476837158,1.0750000476837158,1.0654000043869019,1.0654000043869019,1133,0.0,0.0
2023-06-29 12:30:00-04:00,1.0800000429153442,1.0895999670028687,1.0600999593734741,1.0895999670028687,2017,0.0,0.0
2023-06-29 13:30:00-04:00,1.0700000524520874,1.0700000524520874,1.059999942779541,1.059999942779541,1002,0.0,0.0
2023-06-29 14:30:00-04:00,1.0800000429153442,1.0800000429153442,1.059999942779541,1.059999942779541,1517,0.0,0.0
2023-06-29 15:30:00-04:00,1.0800000429153442,1.0800000429153442,1.059999942779541,1.0700000524520874,0,0.0,0.0
2023-06-30 09:30:00-04:00,1.1200000047683716,1.1298999786376953,1.100000023841858,1.111299991607666,18685,0.0,0.0
2023-06-30 10:30:00-04:00,1.1100000143051147,1.1200000047683716,1.100000023841858,1.1100000143051147,2958,0.0,0.0
2023-06-30 11:30:00-04:00,1.1100000143051147,1.1200000047683716,1.100000023841858,1.1065000295639038,13309,0.0,0.0
2023-06-30 12:30:00-04:00,1.100000023841858,1.1100000143051147,1.100000023841858,1.1050000190734863,1676,0.0,0.0
2023-06-30 13:30:00-04:00,1.100100040435791,1.1086000204086304,1.100000023841858,1.1086000204086304,16949,0.0,0.0
2023-06-30 14:30:00-04:00,1.1093000173568726,1.1100000143051147,1.1050000190734863,1.1052000522613525,2039,0.0,0.0
2023-06-30 15:30:00-04:00,1.1050000190734863,1.1100000143051147,1.100000023841858,1.1002000570297241,4428,0.0,0.0
2023-07-03 09:30:00-04:00,1.090000033378601,1.0950000286102295,1.0299999713897705,1.0299999713897705,17574,0.0,0.0
2023-07-03 10:30:00-04:00,1.0130000114440918,1.059999942779541,1.0130000114440918,1.059999942779541,15406,0.0,0.0
2023-07-03 11:30:00-04:00,1.059999942779541,1.0999000072479248,1.0578999519348145,1.0999000072479248,13771,0.0,0.0
2023-07-03 12:30:00-04:00,1.100000023841858,1.100000023841858,1.0938999652862549,1.0938999652862549,912,0.0,0.0
2023-07-05 09:30:00-04:00,1.100000023841858,1.100000023841858,1.090000033378601,1.0994000434875488,6743,0.0,0.0
2023-07-05 10:30:00-04:00,1.100000023841858,1.1200000047683716,1.0908000469207764,1.100000023841858,16635,0.0,0.0
2023-07-05 11:30:00-04:00,1.1050000190734863,1.1097999811172485,1.1050000190734863,1.1097999811172485,906,0.0,0.0
2023-07-05 12:30:00-04:00,1.1100000143051147,1.1100000143051147,1.1050000190734863,1.1100000143051147,1980,0.0,0.0
2023-07-05 13:30:00-04:00,1.1100000143051147,1.1100000143051147,1.100000023841858,1.100000023841858,2551,0.0,0.0
2023-07-05 15:30:00-04:00,1.1100000143051147,1.1100000143051147,1.1097999811172485,1.1100000143051147,0,0.0,0.0
2023-07-06 09:30:00-04:00,1.149999976158142,1.149999976158142,1.0399999618530273,1.0399999618530273,13872,0.0,0.0
2023-07-06 10:30:00-04:00,1.0399999618530273,1.0399999618530273,1.0299999713897705,1.0299999713897705,5056,0.0,0.0
2023-07-06 11:30:00-04:00,1.0199999809265137,1.0299999713897705,1.0099999904632568,1.0298999547958374,4947,0.0,0.0
2023-07-06 12:30:00-04:00,1.0299999713897705,1.0389000177383423,1.0297000408172607,1.0299999713897705,14478,0.0,0.0
2023-07-06 13:30:00-04:00,1.0392999649047852,1.0499999523162842,1.0299999713897705,1.0299999713897705,5886,0.0,0.0
2023-07-06 14:30:00-04:00,1.0399999618530273,1.0449999570846558,1.0399999618530273,1.0449999570846558,1109,0.0,0.0
2023-07-06 15:30:00-04:00,1.0399999618530273,1.0499999523162842,1.0199999809265137,1.0399999618530273,6340,0.0,0.0
2023-07-07 09:30:00-04:00,1.0299999713897705,1.0910999774932861,1.0299999713897705,1.0910999774932861,0,0.0,0.0
2023-07-07 10:30:00-04:00,1.0872999429702759,1.0880000591278076,1.0786000490188599,1.0786000490188599,1477,0.0,0.0
2023-07-07 11:30:00-04:00,1.0700000524520874,1.0700000524520874,1.0499999523162842,1.0516999959945679,1665,0.0,0.0
2023-07-07 12:30:00-04:00,1.065000057220459,1.0700000524520874,1.065000057220459,1.0700000524520874,3443,0.0,0.0
2023-07-07 13:30:00-04:00,1.0500999689102173,1.059999942779541,1.0500999689102173,1.059999942779541,946,0.0,0.0
2023-07-07 14:30:00-04:00,1.059999942779541,1.059999942779541,1.0499999523162842,1.0499999523162842,1768,0.0,0.0
2023-07-07 15:30:00-04:00,1.0585999488830566,1.059000015258789,1.0399999618530273,1.0499999523162842,3815,0.0,0.0
2023-07-10 09:30:00-04:00,1.0800000429153442,1.0809999704360962,1.059999942779541,1.059999942779541,0,0.0,0.0
2023-07-10 10:30:00-04:00,1.0700000524520874,1.0700000524520874,1.0635000467300415,1.0700000524520874,4492,0.0,0.0
2023-07-10 11:30:00-04:00,1.100000023841858,1.100000023841858,1.0801000595092773,1.100000023841858,2523,0.0,0.0
2023-07-10 13:30:00-04:00,1.0989999771118164,1.100000023841858,1.0950000286102295,1.100000023841858,4237,0.0,0.0
2023-07-10 14:30:00-04:00,1.0972000360488892,1.100000023841858,1.090000033378601,1.100000023841858,3580,0.0,0.0
2023-07-10 15:30:00-04:00,1.100000023841858,1.1100000143051147,1.090000033378601,1.090000033378601,0,0.0,0.0
2023-07-11 09:30:00-04:00,1.0800000429153442,1.0800000429153442,1.059999942779541,1.059999942779541,10201,0.0,0.0
2023-07-11 10:30:00-04:00,1.0700000524520874,1.0700000524520874,1.0700000524520874,1.0700000524520874,1023,0.0,0.0
2023-07-11 11:30:00-04:00,1.0800000429153442,1.0800000429153442,1.0800000429153442,1.0800000429153442,209,0.0,0.0
2023-07-11 12:30:00-04:00,1.059999942779541,1.0800000429153442,1.059999942779541,1.0800000429153442,2060,0.0,0.0
2023-07-11 13:30:00-04:00,1.0750000476837158,1.0800000429153442,1.0750000476837158,1.0800000429153442,1336,0.0,0.0
2023-07-11 15:30:00-04:00,1.090000033378601,1.090000033378601,1.090000033378601,1.090000033378601,101,0.0,0.0
2023-07-12 09:30:00-04:00,1.1299999952316284,1.1299999952316284,1.100000023841858,1.100000023841858,29372,0.0,0.0
2023-07-12 10:30:00-04:00,1.1100000143051147,1.1100000143051147,1.100000023841858,1.100000023841858,1114,0.0,0.0
2023-07-12 11:30:00-04:00,1.090000033378601,1.090000033378601,1.0499999523162842,1.0799000263214111,16536,0.0,0.0
2023-07-12 12:30:00-04:00,1.0499999523162842,1.0800000429153442,1.0499999523162842,1.0800000429153442,19402,0.0,0.0
2023-07-12 13:30:00-04:00,1.0800000429153442,1.090000033378601,1.0499999523162842,1.0499999523162842,14280,0.0,0.0
2023-07-12 14:30:00-04:00,1.059999942779541,1.0764000415802002,1.0499999523162842,1.0549999475479126,1442,0.0,0.0
2023-07-12 15:30:00-04:00,1.0499999523162842,1.0700000524520874,1.0499999523162842,1.0700000524520874,0,0.0,0.0
2023-07-13 09:30:00-04:00,1.0700000524520874,1.100000023841858,1.0499999523162842,1.0499999523162842,0,0.0,0.0
2023-07-13 10:30:00-04:00,1.0672999620437622,1.0672999620437622,1.0672999620437622,1.0672999620437622,19628,0.0,0.0
2023-07-13 11:30:00-04:00,1.0499999523162842,1.0499999523162842,1.041700005531311,1.041700005531311,1657,0.0,0.0
2023-07-13 12:30:00-04:00,1.0499000549316406,1.0499999523162842,1.0299999713897705,1.0299999713897705,6582,0.0,0.0
2023-07-13 13:30:00-04:00,1.0499999523162842,1.0499999523162842,1.0399999618530273,1.0399999618530273,2487,0.0,0.0
2023-07-13 14:30:00-04:00,1.0399999618530273,1.0496000051498413,1.0299999713897705,1.045300006866455,9706,0.0,0.0
2023-07-13 15:30:00-04:00,1.0399999618530273,1.0399999618530273,1.0399999618530273,1.0399999618530273,2933,0.0,0.0
2023-07-14 09:30:00-04:00,1.0499999523162842,1.0700000524520874,1.0499999523162842,1.0549999475479126,20985,0.0,0.0
2023-07-14 10:30:00-04:00,1.0399999618530273,1.0499999523162842,1.0399999618530273,1.0399999618530273,1813,0.0,0.0
2023-07-14 11:30:00-04:00,1.0299999713897705,1.0299999713897705,1.0299999713897705,1.0299999713897705,7770,0.0,0.0
2023-07-14 12:30:00-04:00,1.0388000011444092,1.0388000011444092,1.0388000011444092,1.0388000011444092,2924,0.0,0.0
2023-07-14 13:30:00-04:00,1.034999966621399,1.034999966621399,1.034999966621399,1.034999966621399,0,0.0,0.0
2023-07-14 14:30:00-04:00,1.0325000286102295,1.0399999618530273,1.0199999809265137,1.0199999809265137,55367,0.0,0.0
2023-07-14 15:30:00-04:00,1.0199999809265137,1.0299999713897705,1.0199999809265137,1.0299999713897705,901,0.0,0.0
2023-07-17 09:30:00-04:00,1.0399999618530273,1.0399999618530273,1.0199999809265137,1.0299999713897705,9677,0.0,0.0
2023-07-17 12:30:00-04:00,1.0199999809265137,1.0199999809265137,1.017899990081787,1.0199999809265137,898,0.0,0.0
2023-07-17 13:30:00-04:00,1.01010000705719,1.0113999843597412,1.0049999952316284,1.0049999952316284,9931,0.0,0.0
2023-07-17 14:30:00-04:00,1.0099999904632568,1.0099999904632568,1.0049999952316284,1.0091999769210815,2970,0.0,0.0
2023-07-17 15:30:00-04:00,1.0019999742507935,1.0099999904632568,1.0,1.0,0,0.0,0.0
2023-07-18 09:30:00-04:00,1.0,1.0,0.9800000190734863,0.9851999878883362,30294,0.0,0.0
2023-07-18 10:30:00-04:00,0.9856500029563904,0.9856500029563904,0.9800000190734863,0.9800999760627747,7963,0.0,0.0
2023-07-18 11:30:00-04:00,0.989300012588501,0.9912999868392944,0.9789999723434448,0.9800999760627747,17758,0.0,0.0
2023-07-18 12:30:00-04:00,0.9800999760627747,0.9900000095367432,0.9675999879837036,0.9675999879837036,14416,0.0,0.0
2023-07-18 13:30:00-04:00,0.9800000190734863,0.9800000190734863,0.9736989736557007,0.9736989736557007,2990,0.0,0.0
2023-07-18 14:30:00-04:00,0.9700999855995178,0.9743000268936157,0.9700000286102295,0.9700000286102295,3802,0.0,0.0
2023-07-18 15:30:00-04:00,0.9739999771118164,0.9750000238418579,0.9666000008583069,0.9679999947547913,10361,0.0,0.0
2023-07-19 09:30:00-04:00,0.9757999777793884,0.9900000095367432,0.9417999982833862,0.9668999910354614,62447,0.0,0.0
2023-07-19 10:30:00-04:00,0.9448999762535095,0.9700000286102295,0.9448999762535095,0.9677829742431641,8393,0.0,0.0
2023-07-19 11:30:00-04:00,0.9700000286102295,0.97079998254776,0.9419999718666077,0.9466000199317932,0,0.0,0.0
2023-07-19 12:30:00-04:00,0.9527000188827515,0.9527000188827515,0.9401000142097473,0.9495999813079834,112326,0.0,0.0
2023-07-19 13:30:00-04:00,0.9498000144958496,0.9567999839782715,0.9420999884605408,0.9524999856948853,9773,0.0,0.0
2023-07-19 14:30:00-04:00,0.9524999856948853,0.9599999785423279,0.9347000122070312,0.949999988079071,4091,0.0,0.0
2023-07-19 15:30:00-04:00,0.9449999928474426,0.9560999870300293,0.9449999928474426,0.9560999870300293,7042,0.0,0.0
2023-07-20 09:30:00-04:00,1.0,1.0099999904632568,0.9542999863624573,0.9599999785423279,22512,0.0,0.0
2023-07-20 10:30:00-04:00,0.949999988079071,0.9627000093460083,0.949999988079071,0.9627000093460083,530,0.0,0.0
2023-07-20 11:30:00-04:00,0.9627000093460083,0.9627000093460083,0.9563000202178955,0.9627000093460083,4072,0.0,0.0
2023-07-20 12:30:00-04:00,0.949999988079071,0.9627000093460083,0.949999988079071,0.949999988079071,2050,0.0,0.0
2023-07-20 13:30:00-04:00,0.949999988079071,0.9501000046730042,0.9498000144958496,0.9498000144958496,2993,0.0,0.0
2023-07-20 14:30:00-04:00,0.9498999714851379,0.949999988079071,0.9277999997138977,0.9423999786376953,10868,0.0,0.0
2023-07-20 15:30:00-04:00,0.9424999952316284,0.9480000138282776,0.9264000058174133,0.9480000138282776,0,0.0,0.0
2023-07-21 09:30:00-04:00,0.9998999834060669,0.9998999834060669,0.934499979019165,0.934499979019165,5597,0.0,0.0
2023-07-21 10:30:00-04:00,0.9280999898910522,0.9280999898910522,0.9277999997138977,0.9277999997138977,467,0.0,0.0
2023-07-21 11:30:00-04:00,0.9399999976158142,0.9399999976158142,0.9300000071525574,0.9300000071525574,3664,0.0,0.0
2023-07-21 12:30:00-04:00,0.9323999881744385,0.9325000047683716,0.9277999997138977,0.9277999997138977,3707,0.0,0.0
2023-07-21 13:30:00-04:00,0.9279000163078308,0.9380000233650208,0.9277999997138977,0.9311990141868591,8689,0.0,0.0
2023-07-21 14:30:00-04:00,0.9314000010490417,0.9381999969482422,0.9279000163078308,0.9381999969482422,12963,0.0,0.0
2023-07-21 15:30:00-04:00,0.9380999803543091,0.9384999871253967,0.9359999895095825,0.9384999871253967,9021,0.0,0.0
2023-07-24 09:30:00-04:00,0.9700000286102295,0.9800000190734863,0.9488999843597412,0.949999988079071,1963,0.0,0.0
2023-07-24 10:30:00-04:00,0.953000009059906,0.953000009059906,0.9333999752998352,0.949999988079071,8410,0.0,0.0
2023-07-24 11:30:00-04:00,0.9366999864578247,0.9498000144958496,0.9300000071525574,0.9358000159263611,20419,0.0,0.0
2023-07-24 12:30:00-04:00,0.9300000071525574,0.9300000071525574,0.9240000247955322,0.9240000247955322,2452,0.0,0.0
2023-07-24 13:30:00-04:00,0.9358000159263611,0.9376000165939331,0.9282000064849854,0.9314500093460083,3305,0.0,0.0
2023-07-24 14:30:00-04:00,0.9387990236282349,0.9387999773025513,0.9240000247955322,0.9348000288009644,1052,0.0,0.0
2023-07-24 15:30:00-04:00,0.9387000203132629,0.9399999976158142,0.9200000166893005,0.9334999918937683,0,0.0,0.0
2023-07-25 09:30:00-04:00,0.9300000071525574,0.9498000144958496,0.9200999736785889,0.9300000071525574,3133,0.0,0.0
2023-07-25 10:30:00-04:00,0.9284499883651733,0.9313079714775085,0.9100000262260437,0.9100000262260437,3332,0.0,0.0
2023-07-25 11:30:00-04:00,0.9307000041007996,0.9307000041007996,0.911300003528595,0.9247099757194519,2687,0.0,0.0
2023-07-25 12:30:00-04:00,0.9150000214576721,0.9297000169754028,0.9150000214576721,0.9150000214576721,6243,0.0,0.0
2023-07-25 13:30:00-04:00,0.9297000169754028,0.9297000169754028,0.9100000262260437,0.910099983215332,2888,0.0,0.0
2023-07-25 14:30:00-04:00,0.9100000262260437,0.9229000210762024,0.906000018119812,0.9075999855995178,3549,0.0,0.0
2023-07-25 15:30:00-04:00,0.9020000100135803,0.9225999712944031,0.9020000100135803,0.9021999835968018,0,0.0,0.0
2023-07-26 09:30:00-04:00,0.9200000166893005,0.9300000071525574,0.9020000100135803,0.9024999737739563,12784,0.0,0.0
2023-07-26 10:30:00-04:00,0.9154999852180481,0.9154999852180481,0.9024999737739563,0.9024999737739563,3189,0.0,0.0
2023-07-26 11:30:00-04:00,0.9024999737739563,0.907800018787384,0.8906999826431274,0.8954499959945679,18754,0.0,0.0
2023-07-26 12:30:00-04:00,0.891700029373169,0.9035999774932861,0.891700029373169,0.9035999774932861,669,0.0,0.0
2023-07-26 13:30:00-04:00,0.901199996471405,0.9035000205039978,0.8993499875068665,0.9018999934196472,4221,0.0,0.0
2023-07-26 14:30:00-04:00,0.8999999761581421,0.9036999940872192,0.8974999785423279,0.8999999761581421,11979,0.0,0.0
2023-07-26 15:30:00-04:00,0.8950499892234802,0.8999999761581421,0.8912000060081482,0.8949999809265137,0,0.0,0.0
2023-07-27 09:30:00-04:00,0.8999999761581421,0.9390000104904175,0.8949999809265137,0.8962000012397766,21300,0.0,0.0
2023-07-27 10:30:00-04:00,0.8949999809265137,0.896399974822998,0.8799999952316284,0.8799999952316284,36968,0.0,0.0
2023-07-27 11:30:00-04:00,0.8799999952316284,0.8959000110626221,0.8600000143051147,0.864300012588501,50504,0.0,0.0
2023-07-27 12:30:00-04:00,0.8650000095367432,0.8799999952316284,0.8650000095367432,0.8726000189781189,3477,0.0,0.0
2023-07-27 13:30:00-04:00,0.8725000023841858,0.8797000050544739,0.8650000095367432,0.8650000095367432,6882,0.0,0.0
2023-07-27 14:30:00-04:00,0.868598997592926,0.8838000297546387,0.8660500049591064,0.8795999884605408,6783,0.0,0.0
2023-07-27 15:30:00-04:00,0.8812999725341797,0.9241999983787537,0.8761000037193298,0.9121999740600586,0,0.0,0.0
2023-07-28 09:30:00-04:00,0.9200000166893005,0.9259999990463257,0.9103000164031982,0.9144999980926514,3174,0.0,0.0
2023-07-28 10:30:00-04:00,0.8999999761581421,0.9127709865570068,0.8947499990463257,0.9018999934196472,4015,0.0,0.0
2023-07-28 11:30:00-04:00,0.9071999788284302,0.9071999788284302,0.9035999774932861,0.9035999774932861,1066,0.0,0.0
2023-07-28 12:30:00-04:00,0.9034000039100647,0.9070000052452087,0.8999999761581421,0.900600016117096,5076,0.0,0.0
2023-07-28 13:30:00-04:00,0.9002000093460083,0.9200000166893005,0.8999999761581421,0.9068999886512756,14006,0.0,0.0
2023-07-28 14:30:00-04:00,0.9067000150680542,0.9563339948654175,0.902899980545044,0.9563339948654175,5837,0.0,0.0
2023-07-28 15:30:00-04:00,0.9567999839782715,0.9567999839782715,0.9068999886512756,0.945900022983551,6833,0.0,0.0
2023-07-31 09:30:00-04:00,0.9300000071525574,0.9754549860954285,0.9300000071525574,0.960099995136261,8611,0.0,0.0
2023-07-31 10:30:00-04:00,0.9599999785423279,0.9599999785423279,0.9559999704360962,0.9599999785423279,2138,0.0,0.0
2023-07-31 11:30:00-04:00,0.9599999785423279,0.9599999785423279,0.951200008392334,0.951200008392334,206,0.0,0.0
2023-07-31 12:30:00-04:00,0.949999988079071,0.9549999833106995,0.9383509755134583,0.95489901304245,4985,0.0,0.0
2023-07-31 13:30:00-04:00,0.9549999833106995,0.9699000120162964,0.9537000060081482,0.9537000060081482,1956,0.0,0.0
2023-07-31 14:30:00-04:00,0.9692999720573425,0.9699000120162964,0.9692999720573425,0.9699000120162964,362,0.0,0.0
2023-07-31 15:30:00-04:00,0.949999988079071,0.9678000211715698,0.949999988079071,0.949999988079071,0,0.0,0.0
2023-08-01 09:30:00-04:00,0.9490000009536743,0.9630849957466125,0.910099983215332,0.910099983215332,18720,0.0,0.0
2023-08-01 10:30:00-04:00,0.9261999726295471,0.9399999976158142,0.9261999726295471,0.9399999976158142,2449,0.0,0.0
2023-08-01 11:30:00-04:00,0.9416000247001648,0.9416000247001648,0.9379000067710876,0.9379000067710876,693,0.0,0.0
2023-08-01 12:30:00-04:00,0.9373000264167786,0.9373000264167786,0.9373000264167786,0.9373000264167786,259,0.0,0.0
2023-08-01 13:30:00-04:00,0.9150000214576721,0.9150000214576721,0.9150000214576721,0.9150000214576721,1069,0.0,0.0
2023-08-01 14:30:00-04:00,0.9200000166893005,0.9200000166893005,0.9094330072402954,0.9094330072402954,0,0.0,0.0
2023-08-01 15:30:00-04:00,0.9000999927520752,0.9455999732017517,0.9000999927520752,0.9455999732017517,57,0.0,0.0
2023-08-02 09:30:00-04:00,0.9399999976158142,0.9399999976158142,0.9160000085830688,0.9160000085830688,3468,0.0,0.0
2023-08-02 10:30:00-04:00,0.9161009788513184,0.9398000240325928,0.9160000085830688,0.9160000085830688,6008,0.0,0.0
2023-08-02 11:30:00-04:00,0.9079999923706055,0.9200000166893005,0.9079999923706055,0.9132999777793884,2145,0.0,0.0
2023-08-02 12:30:00-04:00,0.9100000262260437,0.9143999814987183,0.9100000262260437,0.9143999814987183,1801,0.0,0.0
2023-08-02 14:30:00-04:00,0.9143999814987183,0.9287999868392944,0.9000999927520752,0.9000999927520752,16305,0.0,0.0
2023-08-02 15:30:00-04:00,0.9003000259399414,0.9003999829292297,0.9003000259399414,0.9003999829292297,0,0.0,0.0
2023-08-03 09:30:00-04:00,0.940500020980835,0.940500020980835,0.9003000259399414,0.9153000116348267,12532,0.0,0.0
2023-08-03 10:30:00-04:00,0.9153000116348267,0.9284999966621399,0.9153000116348267,0.9244999885559082,29538,0.0,0.0
2023-08-03 11:30:00-04:00,0.9150000214576721,0.9150000214576721,0.9107000231742859,0.9107000231742859,1372,0.0,0.0
2023-08-03 12:30:00-04:00,0.9146000146865845,0.9190000295639038,0.9100000262260437,0.9180999994277954,4262,0.0,0.0
2023-08-03 13:30:00-04:00,0.9283000230789185,0.9283000230789185,0.9283000230789185,0.9283000230789185,217,0.0,0.0
2023-08-03 14:30:00-04:00,0.9099000096321106,0.9099000096321106,0.8949999809265137,0.8950999975204468,30215,0.0,0.0
2023-08-03 15:30:00-04:00,0.8949999809265137,0.8949999809265137,0.8857629895210266,0.8857629895210266,0,0.0,0.0
2023-08-04 09:30:00-04:00,0.9110000133514404,0.9120000004768372,0.9100000262260437,0.9100000262260437,2498,0.0,0.0
2023-08-04 10:30:00-04:00,0.9135000109672546,0.9136000275611877,0.9129999876022339,0.9129999876022339,1397,0.0,0.0
2023-08-04 11:30:00-04:00,0.9171990156173706,0.9171990156173706,0.9171990156173706,0.9171990156173706,214,0.0,0.0
2023-08-04 12:30:00-04:00,0.9085999727249146,0.9085999727249146,0.8999999761581421,0.8999999761581421,1656,0.0,0.0
2023-08-04 13:30:00-04:00,0.9172000288963318,0.9172000288963318,0.8999999761581421,0.9172000288963318,1102,0.0,0.0
2023-08-04 14:30:00-04:00,0.9100000262260437,0.9100000262260437,0.8992210030555725,0.8996999859809875,5300,0.0,0.0
2023-08-04 15:30:00-04:00,0.9068999886512756,0.9068999886512756,0.8999999761581421,0.8999999761581421,1598,0.0,0.0
2023-08-07 09:30:00-04:00,0.8999999761581421,1.0299999713897705,0.8901000022888184,0.9599999785423279,28050,0.0,0.0
2023-08-07 10:30:00-04:00,0.9599999785423279,0.9599999785423279,0.9599999785423279,0.9599999785423279,331,0.0,0.0
2023-08-07 11:30:00-04:00,0.8999999761581421,0.8999999761581421,0.8906000256538391,0.8906000256538391,247,0.0,0.0
2023-08-07 12:30:00-04:00,0.8901000022888184,0.9399999976158142,0.8901000022888184,0.8906000256538391,1676,0.0,0.0
2023-08-07 13:30:00-04:00,0.9125000238418579,0.9125000238418579,0.9125000238418579,0.9125000238418579,211,0.0,0.0
2023-08-07 14:30:00-04:00,0.949999988079071,0.949999988079071,0.8999999761581421,0.8999999761581421,487,0.0,0.0
2023-08-07 15:30:00-04:00,0.9200000166893005,0.9200000166893005,0.8899999856948853,0.9100000262260437,0,0.0,0.0
2023-08-08 09:30:00-04:00,0.8999999761581421,0.8999999761581421,0.8978000283241272,0.8999999761581421,1151,0.0,0.0
2023-08-08 10:30:00-04:00,0.9308000206947327,0.9308000206947327,0.8899999856948853,0.9150000214576721,10154,0.0,0.0
2023-08-08 11:30:00-04:00,0.8899999856948853,0.9100000262260437,0.885699987411499,0.9100000262260437,7955,0.0,0.0
2023-08-08 14:30:00-04:00,0.8899999856948853,0.9013000130653381,0.8833000063896179,0.9013000130653381,4927,0.0,0.0
2023-08-08 15:30:00-04:00,0.890999972820282,0.890999972820282,0.890999972820282,0.890999972820282,0,0.0,0.0
2023-08-09 09:30:00-04:00,0.8999999761581421,0.9383999705314636,0.890999972820282,0.9042029976844788,6779,0.0,0.0
2023-08-09 10:30:00-04:00,0.8991950154304504,0.8991950154304504,0.8639000058174133,0.8729000091552734,8740,0.0,0.0
2023-08-09 11:30:00-04:00,0.8759999871253967,0.882099986076355,0.8759999871253967,0.882099986076355,1910,0.0,0.0
2023-08-09 12:30:00-04:00,0.8759999871253967,0.9035000205039978,0.8759999871253967,0.9035000205039978,4874,0.0,0.0
2023-08-09 13:30:00-04:00,0.8892999887466431,0.8917999863624573,0.886900007724762,0.8914999961853027,1000,0.0,0.0
2023-08-09 14:30:00-04:00,0.9169999957084656,0.9169999957084656,0.9132999777793884,0.9169999957084656,1088,0.0,0.0
2023-08-09 15:30:00-04:00,0.9027000069618225,0.9222000241279602,0.9027000069618225,0.9222000241279602,0,0.0,0.0
2023-08-10 09:30:00-04:00,0.9383999705314636,0.9383999705314636,0.8823000192642212,0.8823000192642212,3588,0.0,0.0
2023-08-10 10:30:00-04:00,0.8953989744186401,0.8953989744186401,0.8762000203132629,0.8762000203132629,3541,0.0,0.0
2023-08-10 11:30:00-04:00,0.8762000203132629,0.8948990106582642,0.8762000203132629,0.8948990106582642,646,0.0,0.0
2023-08-10 12:30:00-04:00,0.8700000047683716,0.8848999738693237,0.8600999712944031,0.8601009845733643,7734,0.0,0.0
2023-08-10 13:30:00-04:00,0.8700000047683716,0.8768709897994995,0.8662999868392944,0.8662999868392944,3427,0.0,0.0
2023-08-10 14:30:00-04:00,0.8601009845733643,0.8837000131607056,0.8600000143051147,0.8837000131607056,4221,0.0,0.0
2023-08-10 15:30:00-04:00,0.8827999830245972,0.8878989815711975,0.8610000014305115,0.8878989815711975,0,0.0,0.0
2023-08-11 09:30:00-04:00,0.861299991607666,0.8791000247001648,0.8600999712944031,0.8633999824523926,11167,0.0,0.0
2023-08-11 10:30:00-04:00,0.8640000224113464,0.8640000224113464,0.8614000082015991,0.8614000082015991,3173,0.0,0.0
2023-08-11 11:30:00-04:00,0.8802000284194946,0.8802000284194946,0.8600000143051147,0.8600999712944031,11568,0.0,0.0
2023-08-11 12:30:00-04:00,0.8600000143051147,0.8758999705314636,0.8517000079154968,0.8758999705314636,3329,0.0,0.0
2023-08-11 13:30:00-04:00,0.8758999705314636,0.8758999705314636,0.8555999994277954,0.8652999997138977,3736,0.0,0.0
2023-08-11 14:30:00-04:00,0.8797990083694458,0.8799999952316284,0.8619999885559082,0.8799999952316284,11677,0.0,0.0
2023-08-11 15:30:00-04:00,0.85589998960495,0.8640000224113464,0.85589998960495,0.859499990940094,1563,0.0,0.0
2023-08-14 09:30:00-04:00,0.8799999952316284,0.8899999856948853,0.800000011920929,0.8543999791145325,35770,0.0,0.0
2023-08-14 10:30:00-04:00,0.854200005531311,0.8650000095367432,0.8541899919509888,0.8648989796638489,1336,0.0,0.0
2023-08-14 11:30:00-04:00,0.8525490164756775,0.8650000095367432,0.8440499901771545,0.8560000061988831,10053,0.0,0.0
2023-08-14 12:30:00-04:00,0.8730000257492065,0.8734999895095825,0.8694350123405457,0.8734999895095825,1095,0.0,0.0
2023-08-14 13:30:00-04:00,0.8607990145683289,0.8672999739646912,0.8607990145683289,0.8629999756813049,3123,0.0,0.0
2023-08-14 14:30:00-04:00,0.853600025177002,0.8700000047683716,0.853600025177002,0.8700000047683716,1776,0.0,0.0
2023-08-14 15:30:00-04:00,0.8659999966621399,0.8659999966621399,0.8481000065803528,0.8481000065803528,0,0.0,0.0
2023-08-15 09:30:00-04:00,0.8700000047683716,0.8700000047683716,0.8500000238418579,0.8698999881744385,1758,0.0,0.0
2023-08-15 10:30:00-04:00,0.8597999811172485,0.8637999892234802,0.8525000214576721,0.8637999892234802,4622,0.0,0.0
2023-08-15 12:30:00-04:00,0.869700014591217,0.869700014591217,0.8600000143051147,0.8600000143051147,820,0.0,0.0
2023-08-15 14:30:00-04:00,0.8482999801635742,0.8695999979972839,0.8467000126838684,0.859499990940094,741,0.0,0.0
2023-08-15 15:30:00-04:00,0.8619999885559082,0.8619999885559082,0.8619999885559082,0.8619999885559082,0,0.0,0.0
2023-08-16 09:30:00-04:00,0.8700000047683716,0.8700000047683716,0.8700000047683716,0.8700000047683716,465,0.0,0.0
2023-08-16 10:30:00-04:00,0.8500000238418579,0.8500999808311462,0.840399980545044,0.840399980545044,1647,0.0,0.0
2023-08-16 11:30:00-04:00,0.8500000238418579,0.8500000238418579,0.8289999961853027,0.8289999961853027,772,0.0,0.0
2023-08-16 13:30:00-04:00,0.8464999794960022,0.8571000099182129,0.8464999794960022,0.8496999740600586,989,0.0,0.0
2023-08-16 14:30:00-04:00,0.8525000214576721,0.8700000047683716,0.8425999879837036,0.8700000047683716,2031,0.0,0.0
2023-08-16 15:30:00-04:00,0.8700000047683716,0.8700000047683716,0.8429999947547913,0.8600000143051147,1489,0.0,0.0
2023-08-17 09:30:00-04:00,0.8700000047683716,0.8700000047683716,0.8513000011444092,0.8605999946594238,1813,0.0,0.0
2023-08-17 10:30:00-04:00,0.8633000254631042,0.8633000254631042,0.8605999946594238,0.8605999946594238,610,0.0,0.0
2023-08-17 11:30:00-04:00,0.8694999814033508,0.8694999814033508,0.8693000078201294,0.8693000078201294,590,0.0,0.0
2023-08-17 12:30:00-04:00,0.8552129864692688,0.8600000143051147,0.8552129864692688,0.8600000143051147,223,0.0,0.0
2023-08-17 13:30:00-04:00,0.8515999913215637,0.8599500060081482,0.8514000177383423,0.8514000177383423,2514,0.0,0.0
2023-08-17 14:30:00-04:00,0.8683000206947327,0.8683000206947327,0.8683000206947327,0.8683000206947327,1077,0.0,0.0
2023-08-17 15:30:00-04:00,0.8490999937057495,0.8490999937057495,0.8416000008583069,0.8420000076293945,0,0.0,0.0
2023-08-18 09:30:00-04:00,0.847599983215332,0.8608999848365784,0.8442479968070984,0.8442479968070984,3679,0.0,0.0
2023-08-18 10:30:00-04:00,0.8473010063171387,0.8473010063171387,0.8473010063171387,0.8473010063171387,487,0.0,0.0
2023-08-18 11:30:00-04:00,0.863099992275238,0.863099992275238,0.863099992275238,0.863099992275238,1878,0.0,0.0
2023-08-18 12:30:00-04:00,0.8436999917030334,0.8499000072479248,0.8436999917030334,0.8499000072479248,6381,0.0,0.0
2023-08-18 13:30:00-04:00,0.8490830063819885,0.8510000109672546,0.8486999869346619,0.8510000109672546,4076,0.0,0.0
2023-08-18 14:30:00-04:00,0.8690000176429749,0.8700000047683716,0.8690000176429749,0.8700000047683716,1084,0.0,0.0
2023-08-18 15:30:00-04:00,0.8651000261306763,0.8651000261306763,0.8549000024795532,0.8600000143051147,1652,0.0,0.0
2023-08-21 09:30:00-04:00,0.8700000047683716,0.8799999952316284,0.8511999845504761,0.8799999952316284,4980,0.0,0.0
2023-08-21 10:30:00-04:00,0.8511999845504761,0.8700000047683716,0.8485000133514404,0.8485000133514404,741,0.0,0.0
2023-08-21 11:30:00-04:00,0.8507000207901001,0.866599977016449,0.8507000207901001,0.866599977016449,2603,0.0,0.0
2023-08-21 12:30:00-04:00,0.864300012588501,0.866599977016449,0.8529999852180481,0.866599977016449,1054,0.0,0.0
2023-08-21 13:30:00-04:00,0.8600000143051147,0.8600000143051147,0.8600000143051147,0.8600000143051147,1104,0.0,0.0
2023-08-21 15:30:00-04:00,0.878000020980835,0.8780999779701233,0.8501009941101074,0.8780990242958069,0,0.0,0.0
2023-08-22 09:30:00-04:00,0.88919997215271,0.902400016784668,0.8747000098228455,0.8999000191688538,23806,0.0,0.0
2023-08-22 10:30:00-04:00,0.9049999713897705,0.949999988079071,0.9049999713897705,0.949999988079071,19768,0.0,0.0
2023-08-22 11:30:00-04:00,0.9490000009536743,0.9613999724388123,0.9490000009536743,0.9521999955177307,7035,0.0,0.0
2023-08-22 12:30:00-04:00,0.9491000175476074,0.9527850151062012,0.9221000075340271,0.9221000075340271,8210,0.0,0.0
2023-08-22 13:30:00-04:00,0.949999988079071,0.949999988079071,0.9362000226974487,0.949999988079071,1968,0.0,0.0
2023-08-22 14:30:00-04:00,0.9361000061035156,0.9361000061035156,0.9361000061035156,0.9361000061035156,1036,0.0,0.0
2023-08-22 15:30:00-04:00,0.9448999762535095,0.9448999762535095,0.929099977016449,0.929099977016449,0,0.0,0.0
2023-08-23 09:30:00-04:00,0.9399999976158142,0.9449999928474426,0.9204000234603882,0.9449999928474426,3980,0.0,0.0
2023-08-23 10:30:00-04:00,0.9401000142097473,0.958899974822998,0.9253000020980835,0.9449999928474426,14955,0.0,0.0
2023-08-23 11:30:00-04:00,0.9799000024795532,0.9799000024795532,0.9309999942779541,0.9376000165939331,5267,0.0,0.0
2023-08-23 12:30:00-04:00,0.9309999942779541,0.9399999976158142,0.9309999942779541,0.9399999976158142,321,0.0,0.0
2023-08-23 13:30:00-04:00,0.9399999976158142,0.9444109797477722,0.9315999746322632,0.9319000244140625,8748,0.0,0.0
2023-08-23 14:30:00-04:00,0.9398999810218811,0.9599000215530396,0.9319999814033508,0.9599000215530396,6887,0.0,0.0
2023-08-23 15:30:00-04:00,0.9474999904632568,0.9599000215530396,0.9362210035324097,0.9399999976158142,0,0.0,0.0
2023-08-24 09:30:00-04:00,0.9399999976158142,0.9659000039100647,0.9158999919891357,0.9158999919891357,8237,0.0,0.0
2023-08-24 10:30:00-04:00,0.9210000038146973,0.9215999841690063,0.9210000038146973,0.9215999841690063,418,0.0,0.0
2023-08-24 11:30:00-04:00,0.9251999855041504,0.929099977016449,0.9216639995574951,0.9216639995574951,829,0.0,0.0
2023-08-24 12:30:00-04:00,0.9222000241279602,0.9222000241279602,0.9139009714126587,0.9139009714126587,2924,0.0,0.0
2023-08-24 14:30:00-04:00,0.8956999778747559,0.90829998254776,0.8956999778747559,0.9034500122070312,712,0.0,0.0
2023-08-24 15:30:00-04:00,0.920799970626831,0.920799970626831,0.8942999839782715,0.8949000239372253,0,0.0,0.0
2023-08-25 09:30:00-04:00,0.9197999835014343,0.9398999810218811,0.8970999717712402,0.8988999724388123,4808,0.0,0.0
2023-08-25 10:30:00-04:00,0.9175000190734863,0.9175000190734863,0.8971009850502014,0.8971009850502014,632,0.0,0.0
2023-08-25 11:30:00-04:00,0.9169999957084656,0.9169999957084656,0.9169999957084656,0.9169999957084656,272,0.0,0.0
2023-08-25 12:30:00-04:00,0.8999999761581421,0.8999999761581421,0.8999999761581421,0.8999999761581421,2008,0.0,0.0
2023-08-25 13:30:00-04:00,0.9243000149726868,0.9243000149726868,0.9176999926567078,0.9200000166893005,1495,0.0,0.0
2023-08-25 14:30:00-04:00,0.925000011920929,0.925000011920929,0.9003999829292297,0.9003999829292297,1404,0.0,0.0
2023-08-25 15:30:00-04:00,0.9100000262260437,0.9100000262260437,0.9003999829292297,0.9003999829292297,483,0.0,0.0
2023-08-28 09:30:00-04:00,0.8799999952316284,0.9408000111579895,0.8799999952316284,0.9126999974250793,4613,0.0,0.0
2023-08-28 10:30:00-04:00,0.8989999890327454,0.9205999970436096,0.8989999890327454,0.9061999917030334,8198,0.0,0.0
2023-08-28 11:30:00-04:00,0.9061999917030334,0.9061999917030334,0.9061999917030334,0.9061999917030334,299,0.0,0.0
2023-08-28 12:30:00-04:00,0.9187999963760376,0.9196000099182129,0.9172800183296204,0.9196000099182129,1453,0.0,0.0
2023-08-28 14:30:00-04:00,0.9187999963760376,0.9189000129699707,0.9180999994277954,0.9180999994277954,4309,0.0,0.0
2023-08-28 15:30:00-04:00,0.9179999828338623,0.9179999828338623,0.9179999828338623,0.9179999828338623,232,0.0,0.0
2023-08-29 09:30:00-04:00,0.8999999761581421,0.925000011920929,0.8999999761581421,0.9100000262260437,10272,0.0,0.0
2023-08-29 10:30:00-04:00,0.8999469876289368,0.9200000166893005,0.8999469876289368,0.9200000166893005,9130,0.0,0.0
2023-08-29 11:30:00-04:00,0.9100000262260437,0.9212999939918518,0.9007999897003174,0.9197999835014343,6678,0.0,0.0
2023-08-29 12:30:00-04:00,0.9197999835014343,0.9200000166893005,0.919700026512146,0.9200000166893005,0,0.0,0.0
2023-08-29 13:30:00-04:00,0.9200999736785889,0.9200999736785889,0.9200999736785889,0.9200999736785889,30330,0.0,0.0
2023-08-29 14:30:00-04:00,0.9197009801864624,0.927299976348877,0.9197009801864624,0.9210000038146973,10241,0.0,0.0
2023-08-29 15:30:00-04:00,0.9218999743461609,0.9243000149726868,0.9200999736785889,0.921999990940094,0,0.0,0.0
2023-08-30 09:30:00-04:00,0.9394000172615051,0.9538990259170532,0.9300000071525574,0.9458000063896179,7085,0.0,0.0
2023-08-30 10:30:00-04:00,0.9361000061035156,0.9361000061035156,0.8999999761581421,0.9017999768257141,4445,0.0,0.0
2023-08-30 11:30:00-04:00,0.9021009802818298,0.9021009802818298,0.9020000100135803,0.9020000100135803,794,0.0,0.0
2023-08-30 12:30:00-04:00,0.9093800187110901,0.9093800187110901,0.9020000100135803,0.9049000144004822,1055,0.0,0.0
2023-08-30 13:30:00-04:00,0.9020000100135803,0.9381999969482422,0.9020000100135803,0.9381999969482422,998,0.0,0.0
2023-08-30 14:30:00-04:00,0.9021999835968018,0.9021999835968018,0.9021999835968018,0.9021999835968018,1039,0.0,0.0
2023-08-30 15:30:00-04:00,0.9049000144004822,0.9100000262260437,0.9049000144004822,0.9100000262260437,321,0.0,0.0
2023-08-31 09:30:00-04:00,0.9319000244140625,0.9319000244140625,0.9021000266075134,0.9161990284919739,12738,0.0,0.0
2023-08-31 10:30:00-04:00,0.9160000085830688,0.9160000085830688,0.8799999952316284,0.9037929773330688,23747,0.0,0.0
2023-08-31 11:30:00-04:00,0.9039999842643738,0.9039999842643738,0.9002000093460083,0.9002000093460083,4830,0.0,0.0
2023-08-31 12:30:00-04:00,0.9039000272750854,0.9039000272750854,0.8858010172843933,0.8984000086784363,4339,0.0,0.0
2023-08-31 13:30:00-04:00,0.8939999938011169,0.8999000191688538,0.886900007724762,0.886900007724762,1577,0.0,0.0
2023-08-31 14:30:00-04:00,0.8896999955177307,0.8980000019073486,0.8896999955177307,0.8980000019073486,1585,0.0,0.0
2023-08-31 15:30:00-04:00,0.8999999761581421,0.9039999842643738,0.8999999761581421,0.9039999842643738,0,0.0,0.0
2023-09-01 09:30:00-04:00,0.9039999842643738,0.9039999842643738,0.9039999842643738,0.9039999842643738,4504,0.0,0.0
2023-09-01 10:30:00-04:00,0.9200000166893005,0.9200000166893005,0.8932999968528748,0.8999999761581421,3331,0.0,0.0
2023-09-01 11:30:00-04:00,0.8817009925842285,0.8999000191688538,0.8817009925842285,0.8999000191688538,14329,0.0,0.0
2023-09-01 12:30:00-04:00,0.8999000191688538,0.9100000262260437,0.8999000191688538,0.9100000262260437,7121,0.0,0.0
2023-09-01 13:30:00-04:00,0.9034489989280701,0.9034489989280701,0.9034489989280701,0.9034489989280701,297,0.0,0.0
2023-09-01 14:30:00-04:00,0.9197989702224731,0.9197989702224731,0.8810999989509583,0.8810999989509583,12515,0.0,0.0
2023-09-05 09:30:00-04:00,0.8820000290870667,0.9189000129699707,0.8820000290870667,0.9189000129699707,11495,0.0,0.0
2023-09-05 10:30:00-04:00,0.9016510248184204,0.9100000262260437,0.8844000101089478,0.8844000101089478,11452,0.0,0.0
2023-09-05 11:30:00-04:00,0.8844000101089478,0.9290000200271606,0.8799999952316284,0.8970999717712402,12580,0.0,0.0
2023-09-05 12:30:00-04:00,0.9100000262260437,0.9135000109672546,0.9100000262260437,0.9135000109672546,3011,0.0,0.0
2023-09-05 13:30:00-04:00,0.9298989772796631,0.9298989772796631,0.9298989772796631,0.9298989772796631,1133,0.0,0.0
2023-09-06 09:30:00-04:00,0.8970999717712402,0.9093000292778015,0.8970999717712402,0.9003999829292297,9654,0.0,0.0
2023-09-06 11:30:00-04:00,0.9092530012130737,0.9153000116348267,0.8974999785423279,0.9064499735832214,15782,0.0,0.0
2023-09-06 12:30:00-04:00,0.897599995136261,0.897599995136261,0.897599995136261,0.897599995136261,742,0.0,0.0
2023-09-06 13:30:00-04:00,0.9024180173873901,0.9024180173873901,0.8970999717712402,0.8970999717712402,3125,0.0,0.0
2023-09-06 14:30:00-04:00,0.8972539901733398,0.8999999761581421,0.8972539901733398,0.8999999761581421,1509,0.0,0.0
2023-09-06 15:30:00-04:00,0.906000018119812,0.9298999905586243,0.9039009809494019,0.9039009809494019,0,0.0,0.0
2023-09-07 09:30:00-04:00,0.914900004863739,0.9199000000953674,0.9049999713897705,0.9154999852180481,10077,0.0,0.0
2023-09-07 10:30:00-04:00,0.9197999835014343,0.9197999835014343,0.9010000228881836,0.9185000061988831,18415,0.0,0.0
2023-09-07 11:30:00-04:00,0.9010999798774719,0.901199996471405,0.9010990262031555,0.9010990262031555,688,0.0,0.0
2023-09-07 12:30:00-04:00,0.8999000191688538,0.8999000191688538,0.8939999938011169,0.8939999938011169,2729,0.0,0.0
2023-09-07 13:30:00-04:00,0.8855999708175659,0.9020000100135803,0.8855999708175659,0.9020000100135803,2486,0.0,0.0
2023-09-07 14:30:00-04:00,0.9004999995231628,0.9032999873161316,0.8810999989509583,0.9032999873161316,15986,0.0,0.0
2023-09-07 15:30:00-04:00,0.8999999761581421,0.8999999761581421,0.8810999989509583,0.8810999989509583,0,0.0,0.0
2023-09-08 09:30:00-04:00,0.9300000071525574,0.9300000071525574,0.8901000022888184,0.8901000022888184,4482,0.0,0.0
2023-09-08 10:30:00-04:00,0.9099000096321106,0.9100000262260437,0.8901000022888184,0.8901000022888184,3678,0.0,0.0
2023-09-08 13:30:00-04:00,0.8996000289916992,0.906000018119812,0.8984000086784363,0.906000018119812,3439,0.0,0.0
2023-09-08 14:30:00-04:00,0.9176999926567078,0.9300000071525574,0.9176999926567078,0.9300000071525574,4730,0.0,0.0
2023-09-08 15:30:00-04:00,0.9300000071525574,0.9898999929428101,0.9300000071525574,0.9649999737739563,16439,0.0,0.0
2023-09-11 09:30:00-04:00,0.9900000095367432,0.9900000095367432,0.9126999974250793,0.9448000192642212,9822,0.0,0.0
2023-09-11 10:30:00-04:00,0.9399999976158142,0.9399999976158142,0.9239000082015991,0.9239000082015991,1994,0.0,0.0
2023-09-11 12:30:00-04:00,0.9287800192832947,0.929099977016449,0.9246000051498413,0.929099977016449,1909,0.0,0.0
2023-09-11 13:30:00-04:00,0.9246000051498413,0.9272000193595886,0.9041000008583069,0.9060329794883728,3618,0.0,0.0
2023-09-11 14:30:00-04:00,0.9110000133514404,0.9110000133514404,0.9110000133514404,0.9110000133514404,326,0.0,0.0
2023-09-11 15:30:00-04:00,0.9239000082015991,0.9239000082015991,0.923799991607666,0.923799991607666,0,0.0,0.0
2023-09-12 09:30:00-04:00,0.8999999761581421,0.944100022315979,0.8999999761581421,0.944100022315979,2457,0.0,0.0
2023-09-12 11:30:00-04:00,0.9157000184059143,0.9200000166893005,0.9157000184059143,0.9200000166893005,7150,0.0,0.0
2023-09-12 12:30:00-04:00,0.9277999997138977,0.9277999997138977,0.9277999997138977,0.9277999997138977,132,0.0,0.0
2023-09-12 13:30:00-04:00,0.9398999810218811,0.9398999810218811,0.9398999810218811,0.9398999810218811,921,0.0,0.0
2023-09-12 14:30:00-04:00,0.9156000018119812,0.9221000075340271,0.8927010297775269,0.8999999761581421,14464,0.0,0.0
2023-09-12 15:30:00-04:00,0.8999999761581421,0.9211000204086304,0.8999999761581421,0.9211000204086304,0,0.0,0.0
2023-09-13 09:30:00-04:00,0.921500027179718,0.9235000014305115,0.9002000093460083,0.9172000288963318,6155,0.0,0.0
2023-09-13 10:30:00-04:00,0.8999999761581421,0.9084500074386597,0.8996999859809875,0.9084500074386597,11081,0.0,0.0
2023-09-13 11:30:00-04:00,0.8998000025749207,0.902413010597229,0.8962000012397766,0.8962000012397766,2738,0.0,0.0
2023-09-13 12:30:00-04:00,0.8950999975204468,0.9172999858856201,0.8950999975204468,0.9100000262260437,4913,0.0,0.0
2023-09-13 13:30:00-04:00,0.9194999933242798,0.9194999933242798,0.9157000184059143,0.9157000184059143,1414,0.0,0.0
2023-09-13 14:30:00-04:00,0.9019500017166138,0.9139000177383423,0.8901000022888184,0.9068999886512756,2169,0.0,0.0
2023-09-13 15:30:00-04:00,0.9034500122070312,0.9059000015258789,0.8901000022888184,0.9002000093460083,0,0.0,0.0
2023-09-14 09:30:00-04:00,0.8901000022888184,0.8949999809265137,0.8899999856948853,0.8916000127792358,45815,0.0,0.0
2023-09-14 10:30:00-04:00,0.8927000164985657,0.8950999975204468,0.8899999856948853,0.8899999856948853,28955,0.0,0.0
2023-09-14 11:30:00-04:00,0.8915249705314636,0.8954989910125732,0.8899999856948853,0.8901000022888184,14455,0.0,0.0
2023-09-14 12:30:00-04:00,0.8927000164985657,0.8952000141143799,0.8907999992370605,0.8926500082015991,2858,0.0,0.0
2023-09-14 13:30:00-04:00,0.8916000127792358,0.9031999707221985,0.8899999856948853,0.9028000235557556,14174,0.0,0.0
2023-09-14 14:30:00-04:00,0.8899999856948853,0.8999999761581421,0.8899999856948853,0.899399995803833,2203,0.0,0.0
2023-09-14 15:30:00-04:00,0.9024999737739563,0.9024999737739563,0.8899999856948853,0.8899999856948853,31177,0.0,0.0
2023-09-15 09:30:00-04:00,0.9200000166893005,0.9200000166893005,0.8974000215530396,0.9100000262260437,12941,0.0,0.0
2023-09-15 10:30:00-04:00,0.90836501121521,0.9139999747276306,0.9014660120010376,0.9100000262260437,9418,0.0,0.0
2023-09-15 11:30:00-04:00,0.8999999761581421,0.9070000052452087,0.8901000022888184,0.9070000052452087,4304,0.0,0.0
2023-09-15 12:30:00-04:00,0.9070000052452087,0.9146339893341064,0.8939999938011169,0.906499981880188,18510,0.0,0.0
2023-09-15 13:30:00-04:00,0.9017000198364258,0.9103000164031982,0.9017000198364258,0.9075000286102295,13962,0.0,0.0
2023-09-15 14:30:00-04:00,0.9062489867210388,0.9076499938964844,0.9009000062942505,0.9076499938964844,1534,0.0,0.0
2023-09-15 15:30:00-04:00,0.8985999822616577,0.9135000109672546,0.8799999952316284,0.8996999859809875,60326,0.0,0.0
2023-09-18 09:30:00-04:00,0.8799999952316284,0.9118000268936157,0.8799999952316284,0.9089999794960022,3404,0.0,0.0
2023-09-18 10:30:00-04:00,0.8799999952316284,0.9000999927520752,0.8799999952316284,0.9000999927520752,4744,0.0,0.0
2023-09-18 11:30:00-04:00,0.8999999761581421,0.9100000262260437,0.8799999952316284,0.8799999952316284,10153,0.0,0.0
2023-09-18 12:30:00-04:00,0.8800100088119507,0.9200000166893005,0.8800100088119507,0.8860999941825867,2608,0.0,0.0
2023-09-18 13:30:00-04:00,0.8978989720344543,0.8978989720344543,0.8801000118255615,0.8848509788513184,2414,0.0,0.0
2023-09-18 14:30:00-04:00,0.8898000121116638,0.8898000121116638,0.8799999952316284,0.8799999952316284,4962,0.0,0.0
2023-09-18 15:30:00-04:00,0.8970000147819519,0.8999999761581421,0.8970000147819519,0.8999999761581421,1138,0.0,0.0
2023-09-19 09:30:00-04:00,0.9200000166893005,0.9200000166893005,0.8999999761581421,0.9100000262260437,11867,0.0,0.0
2023-09-19 10:30:00-04:00,0.9100000262260437,0.9100000262260437,0.8881000280380249,0.8990510106086731,24987,0.0,0.0
2023-09-19 11:30:00-04:00,0.8881000280380249,0.8881000280380249,0.8881000280380249,0.8881000280380249,212,0.0,0.0
2023-09-19 12:30:00-04:00,0.8938000202178955,0.8938000202178955,0.8801000118255615,0.8801000118255615,497,0.0,0.0
2023-09-19 13:30:00-04:00,0.8939999938011169,0.8988000154495239,0.8860999941825867,0.8899000287055969,3663,0.0,0.0
2023-09-19 14:30:00-04:00,0.8899999856948853,0.8899999856948853,0.8799999952316284,0.8805009722709656,12142,0.0,0.0
2023-09-19 15:30:00-04:00,0.8799999952316284,0.8830000162124634,0.866100013256073,0.8799999952316284,0,0.0,0.0
2023-09-20 09:30:00-04:00,0.9398999810218811,0.9398999810218811,0.866100013256073,0.866100013256073,7688,0.0,0.0
2023-09-20 10:30:00-04:00,0.8661999702453613,0.8999999761581421,0.866100013256073,0.8999999761581421,23312,0.0,0.0
2023-09-20 11:30:00-04:00,0.8830509781837463,0.9169999957084656,0.8801000118255615,0.8899999856948853,55659,0.0,0.0
2023-09-20 12:30:00-04:00,0.8725000023841858,0.8726999759674072,0.8691999912261963,0.8691999912261963,8512,0.0,0.0
2023-09-20 13:30:00-04:00,0.8813999891281128,0.8901000022888184,0.8813999891281128,0.8899999856948853,16048,0.0,0.0
2023-09-20 14:30:00-04:00,0.8830999732017517,0.8989999890327454,0.8830999732017517,0.8989999890327454,733,0.0,0.0
2023-09-20 15:30:00-04:00,0.8762999773025513,0.8989999890327454,0.8762999773025513,0.8916000127792358,0,0.0,0.0
2023-09-21 09:30:00-04:00,0.9100000262260437,0.9100000262260437,0.8700000047683716,0.8700000047683716,1772,0.0,0.0
2023-09-21 10:30:00-04:00,0.8799999952316284,0.8799999952316284,0.8799999952316284,0.8799999952316284,652,0.0,0.0
2023-09-21 12:30:00-04:00,0.8709999918937683,0.8709999918937683,0.866100013256073,0.8700000047683716,2000,0.0,0.0
2023-09-21 13:30:00-04:00,0.8618999719619751,0.8637999892234802,0.8618999719619751,0.8637999892234802,14950,0.0,0.0
2023-09-21 14:30:00-04:00,0.854200005531311,0.8699989914894104,0.8399999737739563,0.8699989914894104,21752,0.0,0.0
2023-09-21 15:30:00-04:00,0.8400999903678894,0.8560000061988831,0.8399999737739563,0.8560000061988831,0,0.0,0.0
2023-09-22 09:30:00-04:00,0.8700000047683716,0.8700000047683716,0.8560000061988831,0.8700000047683716,2509,0.0,0.0
2023-09-22 10:30:00-04:00,0.8700000047683716,0.8700000047683716,0.8399999737739563,0.8399999737739563,6335,0.0,0.0
2023-09-22 11:30:00-04:00,0.8499000072479248,0.8600000143051147,0.8399999737739563,0.8399999737739563,15181,0.0,0.0
2023-09-22 12:30:00-04:00,0.8550000190734863,0.8550000190734863,0.8199999928474426,0.8209999799728394,23759,0.0,0.0
2023-09-22 13:30:00-04:00,0.8303999900817871,0.8399999737739563,0.8212000131607056,0.8399999737739563,4838,0.0,0.0
2023-09-22 14:30:00-04:00,0.8399999737739563,0.8399999737739563,0.8399999737739563,0.8399999737739563,867,0.0,0.0
2023-09-22 15:30:00-04:00,0.8278999924659729,0.8600000143051147,0.8278999924659729,0.8600000143051147,7076,0.0,0.0
2023-09-25 09:30:00-04:00,0.8700000047683716,0.8790000081062317,0.8303999900817871,0.8550999760627747,0,0.0,0.0
2023-09-25 10:30:00-04:00,0.8303999900817871,0.8551499843597412,0.8303999900817871,0.8551499843597412,1857,0.0,0.0
2023-09-25 11:30:00-04:00,0.8700000047683716,0.8700000047683716,0.8700000047683716,0.8700000047683716,1162,0.0,0.0
2023-09-25 12:30:00-04:00,0.8700000047683716,0.8700000047683716,0.8700000047683716,0.8700000047683716,1009,0.0,0.0
2023-09-25 13:30:00-04:00,0.8700000047683716,0.8700000047683716,0.8700000047683716,0.8700000047683716,382,0.0,0.0
2023-09-25 15:30:00-04:00,0.8799999952316284,0.8799999952316284,0.8790000081062317,0.8799999952316284,0,0.0,0.0
2023-09-26 09:30:00-04:00,0.8500000238418579,0.8744999766349792,0.8399999737739563,0.8399999737739563,17539,0.0,0.0
2023-09-26 10:30:00-04:00,0.8745999932289124,0.8745999932289124,0.8450999855995178,0.845100998878479,1548,0.0,0.0
2023-09-26 11:30:00-04:00,0.8450999855995178,0.8690000176429749,0.8399999737739563,0.8399999737739563,6330,0.0,0.0
2023-09-26 12:30:00-04:00,0.8571000099182129,0.8571000099182129,0.8554490208625793,0.8554490208625793,5660,0.0,0.0
2023-09-26 13:30:00-04:00,0.8410000205039978,0.8410000205039978,0.8399999737739563,0.8399999737739563,986,0.0,0.0
2023-09-26 14:30:00-04:00,0.8399999737739563,0.8500000238418579,0.8339999914169312,0.8339999914169312,15642,0.0,0.0
2023-09-26 15:30:00-04:00,0.8339999914169312,0.8500000238418579,0.8199999928474426,0.8199999928474426,0,0.0,0.0
2023-09-27 09:30:00-04:00,0.8777999877929688,0.8777999877929688,0.8199999928474426,0.8482000231742859,8983,0.0,0.0
2023-09-27 10:30:00-04:00,0.847000002861023,0.847000002861023,0.8249509930610657,0.829800009727478,2504,0.0,0.0
2023-09-27 11:30:00-04:00,0.8299000263214111,0.8339999914169312,0.8199999928474426,0.8199999928474426,9934,0.0,0.0
2023-09-27 12:30:00-04:00,0.8274999856948853,0.8299999833106995,0.8274999856948853,0.8299999833106995,1569,0.0,0.0
2023-09-27 13:30:00-04:00,0.822950005531311,0.822950005531311,0.8100000023841858,0.8100000023841858,4560,0.0,0.0
2023-09-27 14:30:00-04:00,0.8100000023841858,0.8198000192642212,0.7853999733924866,0.8198000192642212,9707,0.0,0.0
2023-09-27 15:30:00-04:00,0.8185999989509583,0.8198000192642212,0.7817000150680542,0.8020179867744446,15416,0.0,0.0
2023-09-28 09:30:00-04:00,0.8203999996185303,0.8237410187721252,0.7950999736785889,0.8079379796981812,4830,0.0,0.0
2023-09-28 10:30:00-04:00,0.8100000023841858,0.8174999952316284,0.7950000166893005,0.8062000274658203,18305,0.0,0.0
2023-09-28 11:30:00-04:00,0.7900000214576721,0.7900000214576721,0.7900000214576721,0.7900000214576721,108,0.0,0.0
2023-09-28 12:30:00-04:00,0.7900999784469604,0.7997999787330627,0.7900000214576721,0.7900999784469604,1938,0.0,0.0
2023-09-28 13:30:00-04:00,0.79100102186203,0.79100102186203,0.79100102186203,0.79100102186203,2510,0.0,0.0
2023-09-28 14:30:00-04:00,0.8154000043869019,0.8154000043869019,0.8154000043869019,0.8154000043869019,187,0.0,0.0
2023-09-28 15:30:00-04:00,0.8130000233650208,0.8288999795913696,0.800000011920929,0.8285999894142151,0,0.0,0.0
2023-09-29 09:30:00-04:00,0.8399999737739563,0.8550999760627747,0.8151000142097473,0.8309999704360962,14782,0.0,0.0
2023-09-29 10:30:00-04:00,0.8399999737739563,0.8399999737739563,0.8399999737739563,0.8399999737739563,250,0.0,0.0
2023-09-29 11:30:00-04:00,0.8288000226020813,0.8399999737739563,0.8288000226020813,0.8399999737739563,524,0.0,0.0
2023-09-29 13:30:00-04:00,0.839900016784668,0.8698999881744385,0.8360000252723694,0.8399999737739563,6905,0.0,0.0
2023-09-29 14:30:00-04:00,0.8499000072479248,0.8499000072479248,0.7800999879837036,0.7800999879837036,22143,0.0,0.0
2023-09-29 15:30:00-04:00,0.8001000285148621,0.8557000160217285,0.8001000285148621,0.843999981880188,13999,0.0,0.0
2023-10-02 09:30:00-04:00,0.8690000176429749,0.8700000047683716,0.8061000108718872,0.8367000222206116,16848,0.0,0.0
2023-10-02 10:30:00-04:00,0.8619999885559082,0.8619999885559082,0.8100000023841858,0.8100000023841858,504,0.0,0.0
2023-10-02 11:30:00-04:00,0.8100000023841858,0.8122000098228455,0.8100000023841858,0.8122000098228455,11909,0.0,0.0
2023-10-02 12:30:00-04:00,0.8120999932289124,0.8299999833106995,0.8115010261535645,0.820900022983551,15699,0.0,0.0
2023-10-02 13:30:00-04:00,0.8119000196456909,0.8199999928474426,0.7925999760627747,0.7930999994277954,1536,0.0,0.0
2023-10-02 14:30:00-04:00,0.8193989992141724,0.8193989992141724,0.7799999713897705,0.8148999810218811,31656,0.0,0.0
2023-10-02 15:30:00-04:00,0.801934003829956,0.801934003829956,0.7799999713897705,0.781000018119812,0,0.0,0.0
2023-10-03 09:30:00-04:00,0.800000011920929,0.800000011920929,0.7997999787330627,0.7997999787330627,4042,0.0,0.0
2023-10-03 10:30:00-04:00,0.7998999953269958,0.7998999953269958,0.7900000214576721,0.7949000000953674,2246,0.0,0.0
2023-10-03 11:30:00-04:00,0.8162000179290771,0.8162000179290771,0.7942000031471252,0.8159999847412109,10405,0.0,0.0
2023-10-03 13:30:00-04:00,0.8166000247001648,0.8166000247001648,0.800000011920929,0.8100000023841858,6997,0.0,0.0
2023-10-03 14:30:00-04:00,0.7900000214576721,0.800000011920929,0.7900000214576721,0.7900000214576721,600,0.0,0.0
2023-10-03 15:30:00-04:00,0.7900000214576721,0.8166000247001648,0.7900000214576721,0.7900000214576721,0,0.0,0.0
2023-10-04 09:30:00-04:00,0.7900000214576721,0.8083999752998352,0.7900000214576721,0.800000011920929,16162,0.0,0.0
2023-10-04 10:30:00-04:00,0.8159000277519226,0.8159000277519226,0.777999997138977,0.7878999710083008,28667,0.0,0.0
2023-10-04 11:30:00-04:00,0.7799999713897705,0.8054999709129333,0.777999997138977,0.7820000052452087,7736,0.0,0.0
2023-10-04 12:30:00-04:00,0.7994999885559082,0.7994999885559082,0.777999997138977,0.777999997138977,1751,0.0,0.0
2023-10-04 13:30:00-04:00,0.777999997138977,0.777999997138977,0.777999997138977,0.777999997138977,36000,0.0,0.0
2023-10-04 14:30:00-04:00,0.7850000262260437,0.7850000262260437,0.777999997138977,0.7849000096321106,4137,0.0,0.0
2023-10-04 15:30:00-04:00,0.7799999713897705,0.8014000058174133,0.777999997138977,0.777999997138977,0,0.0,0.0
2023-10-05 09:30:00-04:00,0.800000011920929,0.800000011920929,0.7680000066757202,0.7799999713897705,12615,0.0,0.0
2023-10-05 10:30:00-04:00,0.7990000247955322,0.800000011920929,0.7739999890327454,0.7998999953269958,1007,0.0,0.0
2023-10-05 11:30:00-04:00,0.7998999953269958,0.800000011920929,0.7998999953269958,0.800000011920929,377,0.0,0.0
2023-10-05 13:30:00-04:00,0.800000011920929,0.800000011920929,0.7990000247955322,0.800000011920929,5237,0.0,0.0
2023-10-05 14:30:00-04:00,0.7900000214576721,0.7990000247955322,0.7799999713897705,0.7990000247955322,1913,0.0,0.0
2023-10-05 15:30:00-04:00,0.7900000214576721,0.800000011920929,0.7599999904632568,0.7965999841690063,0,0.0,0.0
2023-10-06 09:30:00-04:00,0.7900999784469604,0.7900999784469604,0.7900000214576721,0.7900000214576721,1460,0.0,0.0
2023-10-06 10:30:00-04:00,0.7850000262260437,0.8100000023841858,0.7850000262260437,0.8100000023841858,3368,0.0,0.0
2023-10-06 11:30:00-04:00,0.8119999766349792,0.8184999823570251,0.8100000023841858,0.8184999823570251,5349,0.0,0.0
2023-10-06 12:30:00-04:00,0.8184999823570251,0.8199999928474426,0.8100000023841858,0.8100000023841858,1201,0.0,0.0
2023-10-06 13:30:00-04:00,0.8199999928474426,0.8199999928474426,0.8199999928474426,0.8199999928474426,1425,0.0,0.0
2023-10-06 14:30:00-04:00,0.8198999762535095,0.8199999928474426,0.8159999847412109,0.8159999847412109,2557,0.0,0.0
2023-10-06 15:30:00-04:00,0.8098000288009644,0.8098000288009644,0.8098000288009644,0.8098000288009644,196,0.0,0.0
2023-10-09 09:30:00-04:00,0.800000011920929,0.8100000023841858,0.800000011920929,0.8001000285148621,5402,0.0,0.0
2023-10-09 10:30:00-04:00,0.8100000023841858,0.8198999762535095,0.8100000023841858,0.8198000192642212,1646,0.0,0.0
2023-10-09 12:30:00-04:00,0.8100000023841858,0.8100000023841858,0.8100000023841858,0.8100000023841858,757,0.0,0.0
2023-10-09 14:30:00-04:00,0.8149499893188477,0.8149499893188477,0.8149499893188477,0.8149499893188477,100,0.0,0.0
2023-10-09 15:30:00-04:00,0.8148000240325928,0.8199999928474426,0.8148000240325928,0.8199999928474426,3815,0.0,0.0
2023-10-10 09:30:00-04:00,0.8367999792098999,0.8367999792098999,0.8100000023841858,0.8133999705314636,14244,0.0,0.0
2023-10-10 10:30:00-04:00,0.8127809762954712,0.8127809762954712,0.8100000023841858,0.8100000023841858,1979,0.0,0.0
2023-10-10 11:30:00-04:00,0.8100000023841858,0.8104000091552734,0.8100000023841858,0.8101000189781189,5829,0.0,0.0
2023-10-10 12:30:00-04:00,0.8100000023841858,0.8100000023841858,0.8100000023841858,0.8100000023841858,213,0.0,0.0
2023-10-10 13:30:00-04:00,0.8119999766349792,0.8119999766349792,0.8100000023841858,0.8100000023841858,1712,0.0,0.0
2023-10-10 14:30:00-04:00,0.8100000023841858,0.8100000023841858,0.800000011920929,0.800000011920929,3924,0.0,0.0
2023-10-10 15:30:00-04:00,0.8100000023841858,0.8100000023841858,0.8009999990463257,0.8009999990463257,11262,0.0,0.0
2023-10-11 10:30:00-04:00,0.8149999976158142,0.8149999976158142,0.7993000149726868,0.7993000149726868,801,0.0,0.0
2023-10-11 11:30:00-04:00,0.7950000166893005,0.800000011920929,0.7950000166893005,0.800000011920929,2827,0.0,0.0
2023-10-11 13:30:00-04:00,0.800000011920929,0.8199999928474426,0.7960000038146973,0.7960000038146973,1830,0.0,0.0
2023-10-11 15:30:00-04:00,0.7990999817848206,0.800000011920929,0.7700999975204468,0.7700999975204468,0,0.0,0.0
2023-10-12 09:30:00-04:00,0.800000011920929,0.8198990225791931,0.78329998254776,0.78329998254776,3452,0.0,0.0
2023-10-12 10:30:00-04:00,0.800000011920929,0.800000011920929,0.800000011920929,0.800000011920929,221,0.0,0.0
2023-10-12 11:30:00-04:00,0.7998999953269958,0.800000011920929,0.7998999953269958,0.7998999953269958,1906,0.0,0.0
2023-10-12 12:30:00-04:00,0.800000011920929,0.800000011920929,0.800000011920929,0.800000011920929,1136,0.0,0.0
2023-10-12 13:30:00-04:00,0.7900000214576721,0.7900000214576721,0.7799999713897705,0.7799999713897705,1712,0.0,0.0
2023-10-12 14:30:00-04:00,0.7799999713897705,0.8197000026702881,0.7699999809265137,0.8197000026702881,5199,0.0,0.0
2023-10-12 15:30:00-04:00,0.7601000070571899,0.7601000070571899,0.7601000070571899,0.7601000070571899,0,0.0,0.0
2023-10-13 09:30:00-04:00,0.8199999928474426,0.8389999866485596,0.8123000264167786,0.8198000192642212,5993,0.0,0.0
2023-10-13 10:30:00-04:00,0.8198000192642212,0.8411999940872192,0.8198000192642212,0.8312000036239624,0,0.0,0.0
2023-10-13 11:30:00-04:00,0.8378000259399414,0.8411999940872192,0.8346999883651733,0.8348000049591064,13448,0.0,0.0
2023-10-13 12:30:00-04:00,0.8212000131607056,0.845300018787384,0.8212000131607056,0.8323000073432922,45860,0.0,0.0
2023-10-13 13:30:00-04:00,0.8421000242233276,0.8421000242233276,0.8299499750137329,0.8299999833106995,5185,0.0,0.0
2023-10-13 14:30:00-04:00,0.829800009727478,0.8382999897003174,0.829800009727478,0.8382999897003174,5239,0.0,0.0
2023-10-13 15:30:00-04:00,0.829800009727478,0.842199981212616,0.7900000214576721,0.8274000287055969,38861,0.0,0.0
2023-10-16 09:30:00-04:00,0.8475000262260437,0.8700000047683716,0.8100000023841858,0.8199999928474426,11970,0.0,0.0
2023-10-16 10:30:00-04:00,0.8199999928474426,0.8500000238418579,0.8001000285148621,0.8100000023841858,2690,0.0,0.0
2023-10-16 11:30:00-04:00,0.824999988079071,0.8299999833106995,0.824999988079071,0.8299990296363831,2482,0.0,0.0
2023-10-16 12:30:00-04:00,0.8299999833106995,0.8299999833106995,0.8152999877929688,0.8299999833106995,20004,0.0,0.0
2023-10-16 13:30:00-04:00,0.8299999833106995,0.8299999833106995,0.8080999851226807,0.8299999833106995,1598,0.0,0.0
2023-10-16 14:30:00-04:00,0.79339998960495,0.79339998960495,0.79339998960495,0.79339998960495,460,0.0,0.0
2023-10-16 15:30:00-04:00,0.8299999833106995,0.8299999833106995,0.79339998960495,0.8299999833106995,0,0.0,0.0
2023-10-17 09:30:00-04:00,0.8184999823570251,0.8687999844551086,0.8050000071525574,0.8687999844551086,11534,0.0,0.0
2023-10-17 10:30:00-04:00,0.8600000143051147,0.8676000237464905,0.800000011920929,0.8001999855041504,29065,0.0,0.0
2023-10-17 11:30:00-04:00,0.8198999762535095,0.8198999762535095,0.800000011920929,0.8100000023841858,6200,0.0,0.0
2023-10-17 12:30:00-04:00,0.8062000274658203,0.8198000192642212,0.8043000102043152,0.8198000192642212,1254,0.0,0.0
2023-10-17 13:30:00-04:00,0.8198000192642212,0.8198000192642212,0.8198000192642212,0.8198000192642212,3490,0.0,0.0
2023-10-17 14:30:00-04:00,0.800000011920929,0.8198999762535095,0.7943999767303467,0.800000011920929,2061,0.0,0.0
2023-10-17 15:30:00-04:00,0.8198999762535095,0.8199999928474426,0.8001000285148621,0.810699999332428,0,0.0,0.0
2023-10-18 09:30:00-04:00,0.8054999709129333,0.8054999709129333,0.79100102186203,0.800000011920929,5099,0.0,0.0
2023-10-18 10:30:00-04:00,0.800000011920929,0.800000011920929,0.800000011920929,0.800000011920929,182,0.0,0.0
2023-10-18 12:30:00-04:00,0.8050000071525574,0.8097000122070312,0.8003000020980835,0.8003000020980835,2301,0.0,0.0
2023-10-18 13:30:00-04:00,0.8004999756813049,0.8360000252723694,0.8004999756813049,0.8180000185966492,3586,0.0,0.0
2023-10-18 14:30:00-04:00,0.8180000185966492,0.8199999928474426,0.8180000185966492,0.8180000185966492,0,0.0,0.0
2023-10-19 09:30:00-04:00,0.8001000285148621,0.8030509948730469,0.7800999879837036,0.7800999879837036,4245,0.0,0.0
2023-10-19 10:30:00-04:00,0.7985000014305115,0.7985000014305115,0.7915999889373779,0.7915999889373779,804,0.0,0.0
2023-10-19 11:30:00-04:00,0.8030999898910522,0.8030999898910522,0.8030999898910522,0.8030999898910522,1000,0.0,0.0
2023-10-19 12:30:00-04:00,0.8001000285148621,0.8001000285148621,0.7799999713897705,0.7799999713897705,10062,0.0,0.0
2023-10-19 13:30:00-04:00,0.8100000023841858,0.8100000023841858,0.8100000023841858,0.8100000023841858,7531,0.0,0.0
2023-10-19 15:30:00-04:00,0.8100000023841858,0.8100000023841858,0.7900000214576721,0.7900000214576721,0,0.0,0.0
2023-10-20 09:30:00-04:00,0.8100000023841858,0.8199999928474426,0.800000011920929,0.8062000274658203,27318,0.0,0.0
2023-10-20 10:30:00-04:00,0.8190000057220459,0.8429999947547913,0.7900000214576721,0.8039000034332275,13147,0.0,0.0
2023-10-20 11:30:00-04:00,0.8100000023841858,0.8111000061035156,0.7900000214576721,0.7900000214576721,7388,0.0,0.0
2023-10-20 12:30:00-04:00,0.7799999713897705,0.7870000004768372,0.7799999713897705,0.7799999713897705,4366,0.0,0.0
2023-10-20 13:30:00-04:00,0.7749999761581421,0.7900000214576721,0.7749999761581421,0.7900000214576721,1920,0.0,0.0
2023-10-20 14:30:00-04:00,0.7664999961853027,0.7666000127792358,0.760200023651123,0.760200023651123,8879,0.0,0.0
2023-10-20 15:30:00-04:00,0.7939000129699707,0.7940000295639038,0.760200023651123,0.7781000137329102,7895,0.0,0.0
2023-10-23 09:30:00-04:00,0.7906000018119812,0.8129990100860596,0.7889500260353088,0.7889500260353088,2433,0.0,0.0
2023-10-23 10:30:00-04:00,0.7908999919891357,0.8008999824523926,0.7626000046730042,0.7799999713897705,11112,0.0,0.0
2023-10-23 11:30:00-04:00,0.7750999927520752,0.796999990940094,0.7699999809265137,0.7699999809265137,7208,0.0,0.0
2023-10-23 12:30:00-04:00,0.7818999886512756,0.7818999886512756,0.7699999809265137,0.7699999809265137,1207,0.0,0.0
2023-10-23 13:30:00-04:00,0.7799999713897705,0.7839000225067139,0.7699999809265137,0.7839000225067139,9218,0.0,0.0
2023-10-23 14:30:00-04:00,0.7674999833106995,0.7680000066757202,0.7300000190734863,0.7555000185966492,72913,0.0,0.0
2023-10-23 15:30:00-04:00,0.7552499771118164,0.800000011920929,0.7552499771118164,0.7853999733924866,14038,0.0,0.0
2023-10-24 09:30:00-04:00,0.7886000275611877,0.800000011920929,0.7630000114440918,0.800000011920929,27697,0.0,0.0
2023-10-24 10:30:00-04:00,0.800000011920929,0.800000011920929,0.7699999809265137,0.7699999809265137,14246,0.0,0.0
2023-10-24 11:30:00-04:00,0.7990000247955322,0.800000011920929,0.7649999856948853,0.7900000214576721,9167,0.0,0.0
2023-10-24 12:30:00-04:00,0.7900000214576721,0.800000011920929,0.7699999809265137,0.800000011920929,13920,0.0,0.0
2023-10-24 13:30:00-04:00,0.800000011920929,0.800000011920929,0.7435010075569153,0.7495999932289124,17686,0.0,0.0
2023-10-24 14:30:00-04:00,0.7494999766349792,0.7599999904632568,0.7409999966621399,0.7497000098228455,10086,0.0,0.0
2023-10-24 15:30:00-04:00,0.7497000098228455,0.800000011920929,0.7451000213623047,0.7990000247955322,0,0.0,0.0
2023-10-25 09:30:00-04:00,0.800000011920929,0.800000011920929,0.7440000176429749,0.7599999904632568,4607,0.0,0.0
2023-10-25 10:30:00-04:00,0.7699999809265137,0.7699999809265137,0.7430999875068665,0.7480999827384949,985,0.0,0.0
2023-10-25 11:30:00-04:00,0.7401000261306763,0.75,0.7401000261306763,0.75,22914,0.0,0.0
2023-10-25 12:30:00-04:00,0.7530999779701233,0.7599999904632568,0.7450000047683716,0.7451000213623047,3986,0.0,0.0
2023-10-25 13:30:00-04:00,0.75,0.765999972820282,0.7300000190734863,0.7372940182685852,14398,0.0,0.0
2023-10-25 14:30:00-04:00,0.7429500222206116,0.7487000226974487,0.7300000190734863,0.7400000095367432,9554,0.0,0.0
2023-10-25 15:30:00-04:00,0.7394000291824341,0.7487000226974487,0.7099999785423279,0.7282999753952026,0,0.0,0.0
2023-10-26 09:30:00-04:00,0.7218000292778015,0.7218000292778015,0.7099999785423279,0.7099999785423279,21657,0.0,0.0
2023-10-26 10:30:00-04:00,0.7101010084152222,0.7101010084152222,0.7099999785423279,0.7099999785423279,783,0.0,0.0
2023-10-26 11:30:00-04:00,0.7215999960899353,0.7215999960899353,0.7215999960899353,0.7215999960899353,953,0.0,0.0
2023-10-26 12:30:00-04:00,0.7199000120162964,0.7199000120162964,0.7199000120162964,0.7199000120162964,965,0.0,0.0
2023-10-26 13:30:00-04:00,0.7199000120162964,0.7200000286102295,0.7199000120162964,0.7199000120162964,1917,0.0,0.0
2023-10-26 14:30:00-04:00,0.7199000120162964,0.7199000120162964,0.7149999737739563,0.7196999788284302,3644,0.0,0.0
2023-10-26 15:30:00-04:00,0.7196000218391418,0.7200000286102295,0.7099999785423279,0.7199000120162964,0,0.0,0.0
2023-10-27 09:30:00-04:00,0.7200000286102295,0.7210000157356262,0.7160000205039978,0.7200000286102295,9338,0.0,0.0
2023-10-27 11:30:00-04:00,0.7250099778175354,0.7250099778175354,0.7250099778175354,0.7250099778175354,1602,0.0,0.0
2023-10-27 12:30:00-04:00,0.7400000095367432,0.7549999952316284,0.7400000095367432,0.7400000095367432,3440,0.0,0.0
2023-10-27 13:30:00-04:00,0.7409999966621399,0.7409999966621399,0.7400000095367432,0.7409999966621399,3443,0.0,0.0
2023-10-27 14:30:00-04:00,0.7519999742507935,0.7519999742507935,0.7400000095367432,0.751899003982544,5944,0.0,0.0
2023-10-27 15:30:00-04:00,0.7400000095367432,0.7400000095367432,0.7400000095367432,0.7400000095367432,1172,0.0,0.0
2023-10-30 09:30:00-04:00,0.7549999952316284,0.7549999952316284,0.7548999786376953,0.7549999952316284,12491,0.0,0.0
2023-10-30 10:30:00-04:00,0.75,0.75,0.75,0.75,308,0.0,0.0
2023-10-30 11:30:00-04:00,0.7681999802589417,0.7681999802589417,0.7681999802589417,0.7681999802589417,2716,0.0,0.0
2023-10-30 12:30:00-04:00,0.7509999871253967,0.7599999904632568,0.7509999871253967,0.7599999904632568,591,0.0,0.0
2023-10-30 13:30:00-04:00,0.7764000296592712,0.7764000296592712,0.75,0.75,1425,0.0,0.0
2023-10-30 14:30:00-04:00,0.7501000165939331,0.7501000165939331,0.7501000165939331,0.7501000165939331,1750,0.0,0.0
2023-10-30 15:30:00-04:00,0.75,0.7501000165939331,0.7200000286102295,0.7337999939918518,0,0.0,0.0
2023-10-31 09:30:00-04:00,0.75,0.7569000124931335,0.7498000264167786,0.7498000264167786,3075,0.0,0.0
2023-10-31 10:30:00-04:00,0.7498000264167786,0.7498000264167786,0.7337999939918518,0.7337999939918518,3908,0.0,0.0
2023-10-31 11:30:00-04:00,0.7339540123939514,0.7415000200271606,0.7337999939918518,0.7337999939918518,3736,0.0,0.0
2023-10-31 12:30:00-04:00,0.7487999796867371,0.7487999796867371,0.7487999796867371,0.7487999796867371,260,0.0,0.0
2023-10-31 14:30:00-04:00,0.733299970626831,0.7440000176429749,0.733299970626831,0.7440000176429749,2740,0.0,0.0
2023-10-31 15:30:00-04:00,0.7257999777793884,0.7429999709129333,0.7226999998092651,0.7409999966621399,0,0.0,0.0
2023-11-01 09:30:00-04:00,0.7300500273704529,0.7437999844551086,0.7300000190734863,0.7437999844551086,1783,0.0,0.0
2023-11-01 10:30:00-04:00,0.75,0.75,0.7300000190734863,0.7300000190734863,2592,0.0,0.0
2023-11-01 11:30:00-04:00,0.7210999727249146,0.7210999727249146,0.7210999727249146,0.7210999727249146,410,0.0,0.0
2023-11-01 12:30:00-04:00,0.7490000128746033,0.7490000128746033,0.7490000128746033,0.7490000128746033,104,0.0,0.0
2023-11-01 14:30:00-04:00,0.7355999946594238,0.7357000112533569,0.7355999946594238,0.7355999946594238,3218,0.0,0.0
2023-11-01 15:30:00-04:00,0.7400000095367432,0.7491999864578247,0.7300999760627747,0.7491999864578247,1775,0.0,0.0
2023-11-02 09:30:00-04:00,0.7300000190734863,0.75,0.7300000190734863,0.75,2496,0.0,0.0
2023-11-02 10:30:00-04:00,0.7382000088691711,0.7390000224113464,0.7099999785423279,0.7386000156402588,57916,0.0,0.0
2023-11-02 11:30:00-04:00,0.7386000156402588,0.7386000156402588,0.7200999855995178,0.7293999791145325,5398,0.0,0.0
2023-11-02 12:30:00-04:00,0.7386999726295471,0.7386999726295471,0.7386999726295471,0.7386999726295471,1469,0.0,0.0
2023-11-02 13:30:00-04:00,0.7386999726295471,0.7400000095367432,0.7202000021934509,0.7400000095367432,2901,0.0,0.0
2023-11-02 14:30:00-04:00,0.7599999904632568,0.760699987411499,0.7276999950408936,0.7276999950408936,25462,0.0,0.0
2023-11-02 15:30:00-04:00,0.7490000128746033,0.75,0.7200000286102295,0.7228500247001648,0,0.0,0.0
2023-11-03 09:30:00-04:00,0.7799000144004822,0.7799000144004822,0.7597000002861023,0.7599999904632568,3579,0.0,0.0
2023-11-03 10:30:00-04:00,0.7649999856948853,0.7649999856948853,0.7649999856948853,0.7649999856948853,1104,0.0,0.0
2023-11-03 11:30:00-04:00,0.7592999935150146,0.7620000243186951,0.7585999965667725,0.7585999965667725,1612,0.0,0.0
2023-11-03 12:30:00-04:00,0.7447999715805054,0.750495970249176,0.7203099727630615,0.7203099727630615,4461,0.0,0.0
2023-11-03 13:30:00-04:00,0.7400000095367432,0.7400000095367432,0.7299000024795532,0.7363489866256714,8970,0.0,0.0
2023-11-03 14:30:00-04:00,0.7200000286102295,0.7577000260353088,0.7200000286102295,0.7210000157356262,16407,0.0,0.0
2023-11-03 15:30:00-04:00,0.7531999945640564,0.7593989968299866,0.7350000143051147,0.7350000143051147,1750,0.0,0.0
2023-11-06 09:30:00-05:00,0.7400000095367432,0.7439000010490417,0.7271000146865845,0.7271000146865845,3682,0.0,0.0
2023-11-06 10:30:00-05:00,0.7300000190734863,0.7437999844551086,0.7168999910354614,0.7304009795188904,3892,0.0,0.0
2023-11-06 12:30:00-05:00,0.7211999893188477,0.7211999893188477,0.7211999893188477,0.7211999893188477,174,0.0,0.0
2023-11-06 13:30:00-05:00,0.722000002861023,0.722000002861023,0.7182000279426575,0.7200000286102295,2353,0.0,0.0
2023-11-06 14:30:00-05:00,0.7200000286102295,0.7200000286102295,0.7149999737739563,0.7186999917030334,9905,0.0,0.0
2023-11-06 15:30:00-05:00,0.7200000286102295,0.7200000286102295,0.7150999903678894,0.7175499796867371,0,0.0,0.0
2023-11-07 09:30:00-05:00,0.7250000238418579,0.7250000238418579,0.7246000170707703,0.7246000170707703,3505,0.0,0.0
2023-11-07 10:30:00-05:00,0.7200000286102295,0.7200000286102295,0.7142999768257141,0.7142999768257141,6082,0.0,0.0
2023-11-07 11:30:00-05:00,0.7106000185012817,0.7179999947547913,0.7105000019073486,0.7179999947547913,7269,0.0,0.0
2023-11-07 13:30:00-05:00,0.7139999866485596,0.7179999947547913,0.7139999866485596,0.7139999866485596,759,0.0,0.0
2023-11-07 14:30:00-05:00,0.710099995136261,0.7179999947547913,0.710099995136261,0.7179999947547913,7061,0.0,0.0
2023-11-07 15:30:00-05:00,0.7099999785423279,0.7179999947547913,0.7099999785423279,0.7157999873161316,0,0.0,0.0
2023-11-08 09:30:00-05:00,0.7160000205039978,0.7319999933242798,0.699999988079071,0.7099999785423279,9485,0.0,0.0
2023-11-08 10:30:00-05:00,0.7001000046730042,0.7764999866485596,0.7001000046730042,0.7080000042915344,3070,0.0,0.0
2023-11-08 11:30:00-05:00,0.7160000205039978,0.743399977684021,0.7160000205039978,0.7432000041007996,14687,0.0,0.0
2023-11-08 12:30:00-05:00,0.7433000206947327,0.7433000206947327,0.7433000206947327,0.7433000206947327,192,0.0,0.0
2023-11-08 13:30:00-05:00,0.7253000140190125,0.7427999973297119,0.7099999785423279,0.7426999807357788,23824,0.0,0.0
2023-11-08 15:30:00-05:00,0.7427999973297119,0.7427999973297119,0.7002000212669373,0.7160000205039978,0,0.0,0.0
2023-11-09 10:30:00-05:00,0.7214509844779968,0.7214509844779968,0.7214509844779968,0.7214509844779968,1904,0.0,0.0
2023-11-09 12:30:00-05:00,0.7427999973297119,0.7427999973297119,0.7224000096321106,0.7224000096321106,416,0.0,0.0
2023-11-09 13:30:00-05:00,0.7368999719619751,0.7368999719619751,0.7368999719619751,0.7368999719619751,187,0.0,0.0
2023-11-09 15:30:00-05:00,0.7235000133514404,0.7368000149726868,0.7235000133514404,0.7368000149726868,0,0.0,0.0
2023-11-10 09:30:00-05:00,0.7300000190734863,0.7300000190734863,0.7297989726066589,0.7297989726066589,1208,0.0,0.0
2023-11-10 10:30:00-05:00,0.7299000024795532,0.7299000024795532,0.7036010026931763,0.7099999785423279,13640,0.0,0.0
2023-11-10 13:30:00-05:00,0.7099999785423279,0.7099999785423279,0.7099999785423279,0.7099999785423279,264,0.0,0.0
2023-11-10 14:30:00-05:00,0.7099999785423279,0.7099999785423279,0.699999988079071,0.7099000215530396,2711,0.0,0.0
2023-11-10 15:30:00-05:00,0.699999988079071,0.7249000072479248,0.6880000233650208,0.7249000072479248,7105,0.0,0.0
2023-11-13 09:30:00-05:00,0.6880000233650208,0.7199000120162964,0.6880000233650208,0.7199000120162964,2751,0.0,0.0
2023-11-13 12:30:00-05:00,0.7024509906768799,0.7024999856948853,0.6901000142097473,0.6901000142097473,1137,0.0,0.0
2023-11-13 13:30:00-05:00,0.6901000142097473,0.7074000239372253,0.6880000233650208,0.7074000239372253,34974,0.0,0.0
2023-11-13 14:30:00-05:00,0.6884999871253967,0.6890000104904175,0.6884999871253967,0.6890000104904175,876,0.0,0.0
2023-11-13 15:30:00-05:00,0.7074999809265137,0.7149999737739563,0.7074999809265137,0.7149999737739563,0,0.0,0.0
2023-11-14 09:30:00-05:00,0.739799976348877,0.739799976348877,0.7143999934196472,0.7149999737739563,31688,0.0,0.0
2023-11-14 10:30:00-05:00,0.718500018119812,0.7398999929428101,0.6963000297546387,0.7200000286102295,4455,0.0,0.0
2023-11-14 11:30:00-05:00,0.7148000001907349,0.7200000286102295,0.714139997959137,0.7200000286102295,1371,0.0,0.0
2023-11-14 12:30:00-05:00,0.7145000100135803,0.7145000100135803,0.7145000100135803,0.7145000100135803,336,0.0,0.0
2023-11-14 13:30:00-05:00,0.714900016784668,0.714900016784668,0.714900016784668,0.714900016784668,376,0.0,0.0
2023-11-14 14:30:00-05:00,0.7073000073432922,0.7189000248908997,0.7073000073432922,0.7189000248908997,4664,0.0,0.0
2023-11-14 15:30:00-05:00,0.7080000042915344,0.7080000042915344,0.7049999833106995,0.7049999833106995,0,0.0,0.0
2023-11-15 10:30:00-05:00,0.7196000218391418,0.7419999837875366,0.7195000052452087,0.7419999837875366,5735,0.0,0.0
2023-11-15 11:30:00-05:00,0.7350000143051147,0.7400000095367432,0.7200000286102295,0.7400000095367432,11193,0.0,0.0
2023-11-15 12:30:00-05:00,0.7400000095367432,0.7400000095367432,0.7297999858856201,0.7297999858856201,378,0.0,0.0
2023-11-15 13:30:00-05:00,0.73089998960495,0.73089998960495,0.7236719727516174,0.7300000190734863,7233,0.0,0.0
2023-11-15 14:30:00-05:00,0.7300000190734863,0.7300000190734863,0.713699996471405,0.7200000286102295,21035,0.0,0.0
2023-11-15 15:30:00-05:00,0.7235000133514404,0.7400000095367432,0.7049999833106995,0.7049999833106995,2492,0.0,0.0
2023-11-16 09:30:00-05:00,0.7300000190734863,0.7300000190734863,0.7149999737739563,0.7150999903678894,5657,0.0,0.0
2023-11-16 10:30:00-05:00,0.7050999999046326,0.7193999886512756,0.699999988079071,0.699999988079071,8128,0.0,0.0
2023-11-16 11:30:00-05:00,0.7039999961853027,0.7056999802589417,0.699999988079071,0.699999988079071,1174,0.0,0.0
2023-11-16 12:30:00-05:00,0.7071999907493591,0.7099999785423279,0.7071999907493591,0.7099999785423279,1506,0.0,0.0
2023-11-16 13:30:00-05:00,0.7150999903678894,0.7218000292778015,0.7149999737739563,0.7152000069618225,4140,0.0,0.0
2023-11-16 14:30:00-05:00,0.7153000235557556,0.7218000292778015,0.7152000069618225,0.7215989828109741,4486,0.0,0.0
2023-11-16 15:30:00-05:00,0.7200000286102295,0.7200000286102295,0.718500018119812,0.718500018119812,0,0.0,0.0
2023-11-17 09:30:00-05:00,0.713699996471405,0.7149999737739563,0.7009999752044678,0.7020000219345093,2878,0.0,0.0
2023-11-17 10:30:00-05:00,0.7199000120162964,0.7199000120162964,0.7199000120162964,0.7199000120162964,300,0.0,0.0
2023-11-17 11:30:00-05:00,0.7020000219345093,0.7197989821434021,0.699999988079071,0.699999988079071,13683,0.0,0.0
2023-11-17 12:30:00-05:00,0.7099999785423279,0.7099999785423279,0.6909999847412109,0.6909999847412109,1494,0.0,0.0
2023-11-17 13:30:00-05:00,0.7020000219345093,0.7069000005722046,0.6909999847412109,0.692300021648407,3320,0.0,0.0
2023-11-17 14:30:00-05:00,0.6948999762535095,0.6948999762535095,0.6924999952316284,0.6924999952316284,3656,0.0,0.0
2023-11-17 15:30:00-05:00,0.6926000118255615,0.7049000263214111,0.6924999952316284,0.6948999762535095,1280,0.0,0.0
2023-11-20 09:30:00-05:00,0.699999988079071,0.7049999833106995,0.6919999718666077,0.698298990726471,42424,0.0,0.0
2023-11-20 10:30:00-05:00,0.6967499852180481,0.7045999765396118,0.6952000260353088,0.699999988079071,1039,0.0,0.0
2023-11-20 11:30:00-05:00,0.6983010172843933,0.6983010172843933,0.6983010172843933,0.6983010172843933,437,0.0,0.0
2023-11-20 12:30:00-05:00,0.6920999884605408,0.692101001739502,0.6919999718666077,0.692101001739502,5489,0.0,0.0
2023-11-20 13:30:00-05:00,0.7045000195503235,0.7045000195503235,0.7045000195503235,0.7045000195503235,3208,0.0,0.0
2023-11-20 14:30:00-05:00,0.6960110068321228,0.7039999961853027,0.6920999884605408,0.6920999884605408,5541,0.0,0.0
2023-11-20 15:30:00-05:00,0.6920999884605408,0.6920999884605408,0.6919999718666077,0.6919999718666077,0,0.0,0.0
2023-11-21 09:30:00-05:00,0.7099999785423279,0.7099999785423279,0.7009999752044678,0.7099999785423279,6753,0.0,0.0
2023-11-21 10:30:00-05:00,0.710099995136261,0.7102000117301941,0.699999988079071,0.699999988079071,10958,0.0,0.0
2023-11-21 11:30:00-05:00,0.6988130211830139,0.7099999785423279,0.6988130211830139,0.7099999785423279,3380,0.0,0.0
2023-11-21 12:30:00-05:00,0.7056499719619751,0.7060999870300293,0.7056499719619751,0.7060999870300293,792,0.0,0.0
2023-11-21 13:30:00-05:00,0.7099999785423279,0.710099995136261,0.6922010183334351,0.6922010183334351,8405,0.0,0.0
2023-11-21 14:30:00-05:00,0.6938999891281128,0.6938999891281128,0.6938999891281128,0.6938999891281128,0,0.0,0.0
2023-11-22 09:30:00-05:00,0.7026990056037903,0.705299973487854,0.699999988079071,0.705299973487854,4897,0.0,0.0
2023-11-22 10:30:00-05:00,0.7049999833106995,0.7049999833106995,0.7049999833106995,0.7049999833106995,301,0.0,0.0
2023-11-22 11:30:00-05:00,0.7052000164985657,0.7089999914169312,0.7001000046730042,0.7089999914169312,574,0.0,0.0
2023-11-22 12:30:00-05:00,0.7046999931335449,0.7089999914169312,0.699999988079071,0.7006000280380249,5049,0.0,0.0
2023-11-22 13:30:00-05:00,0.7049999833106995,0.708899974822998,0.6919999718666077,0.699999988079071,40909,0.0,0.0
2023-11-22 14:30:00-05:00,0.6983500123023987,0.7042999863624573,0.6930000185966492,0.6930000185966492,2100,0.0,0.0
2023-11-22 15:30:00-05:00,0.6934999823570251,0.7044000029563904,0.6934999823570251,0.6937000155448914,9161,0.0,0.0
2023-11-24 09:30:00-05:00,0.6899999976158142,0.7200000286102295,0.6899999976158142,0.703499972820282,4979,0.0,0.0
2023-11-24 10:30:00-05:00,0.699999988079071,0.699999988079071,0.6998999714851379,0.6998999714851379,804,0.0,0.0
2023-11-24 11:30:00-05:00,0.6998000144958496,0.6998000144958496,0.6998000144958496,0.6998000144958496,320,0.0,0.0
2023-11-24 12:30:00-05:00,0.6998000144958496,0.7024000287055969,0.6998000144958496,0.7022989988327026,0,0.0,0.0
2023-11-27 09:30:00-05:00,0.6919999718666077,0.7272999882698059,0.6919999718666077,0.720100998878479,11263,0.0,0.0
2023-11-27 10:30:00-05:00,0.7250000238418579,0.7799999713897705,0.7250000238418579,0.746999979019165,46006,0.0,0.0
2023-11-27 11:30:00-05:00,0.7412009835243225,0.7555000185966492,0.7412009835243225,0.7555000185966492,1650,0.0,0.0
2023-11-27 12:30:00-05:00,0.7489010095596313,0.767300009727478,0.7489010095596313,0.7669000029563904,15855,0.0,0.0
2023-11-27 13:30:00-05:00,0.7555999755859375,0.7669000029563904,0.7422000169754028,0.7422000169754028,8642,0.0,0.0
2023-11-27 15:30:00-05:00,0.765999972820282,0.800000011920929,0.765999972820282,0.800000011920929,0,0.0,0.0
2023-11-28 09:30:00-05:00,0.800000011920929,0.8149999976158142,0.800000011920929,0.8149999976158142,6697,0.0,0.0
2023-11-28 10:30:00-05:00,0.8647069931030273,0.8647069931030273,0.8374000191688538,0.8392500281333923,4943,0.0,0.0
2023-11-28 11:30:00-05:00,0.8522999882698059,0.8522999882698059,0.8177099823951721,0.8489000201225281,6556,0.0,0.0
2023-11-28 12:30:00-05:00,0.8489000201225281,0.8489000201225281,0.8375959992408752,0.8489000201225281,1267,0.0,0.0
2023-11-28 13:30:00-05:00,0.8402000069618225,0.8489000201225281,0.7801100015640259,0.8256000280380249,27779,0.0,0.0
2023-11-28 14:30:00-05:00,0.8256000280380249,0.8299990296363831,0.8047999739646912,0.8299990296363831,6538,0.0,0.0
2023-11-28 15:30:00-05:00,0.8300999999046326,0.8489000201225281,0.8296999931335449,0.8489000201225281,0,0.0,0.0
2023-11-29 09:30:00-05:00,0.8299999833106995,0.8899999856948853,0.8299999833106995,0.8610000014305115,37609,0.0,0.0
2023-11-29 10:30:00-05:00,0.838100016117096,0.838100016117096,0.838100016117096,0.838100016117096,243,0.0,0.0
2023-11-29 12:30:00-05:00,0.8650010228157043,0.8700000047683716,0.8427000045776367,0.8427000045776367,4152,0.0,0.0
2023-11-29 13:30:00-05:00,0.8427010178565979,0.855400025844574,0.8299999833106995,0.8327999711036682,9149,0.0,0.0
2023-11-29 14:30:00-05:00,0.855400025844574,0.8758000135421753,0.8371000289916992,0.8475000262260437,22700,0.0,0.0
2023-11-29 15:30:00-05:00,0.8557999730110168,0.8999999761581421,0.8299999833106995,0.8299999833106995,21491,0.0,0.0
2023-11-30 09:30:00-05:00,0.8999999761581421,0.8999999761581421,0.8349000215530396,0.8349000215530396,4352,0.0,0.0
2023-11-30 10:30:00-05:00,0.8499000072479248,0.8500999808311462,0.8327000141143799,0.8500999808311462,12639,0.0,0.0
2023-11-30 11:30:00-05:00,0.8500999808311462,0.8500999808311462,0.8500000238418579,0.8500000238418579,874,0.0,0.0
2023-11-30 12:30:00-05:00,0.8500999808311462,0.8531000018119812,0.8500999808311462,0.8519999980926514,696,0.0,0.0
2023-11-30 13:30:00-05:00,0.8500000238418579,0.8532999753952026,0.8500000238418579,0.8532999753952026,611,0.0,0.0
2023-11-30 14:30:00-05:00,0.8801000118255615,0.8823999762535095,0.8618000149726868,0.8709999918937683,12929,0.0,0.0
2023-11-30 15:30:00-05:00,0.8500999808311462,0.8709999918937683,0.8500999808311462,0.8525000214576721,0,0.0,0.0
2023-12-01 09:30:00-05:00,0.8799999952316284,0.8858569860458374,0.8525999784469604,0.8525999784469604,3350,0.0,0.0
2023-12-01 10:30:00-05:00,0.8815400004386902,0.8899999856948853,0.8600000143051147,0.8600000143051147,47098,0.0,0.0
2023-12-01 11:30:00-05:00,0.8724489808082581,0.8899000287055969,0.8525000214576721,0.8896999955177307,4963,0.0,0.0
2023-12-01 12:30:00-05:00,0.8896999955177307,0.925599992275238,0.8823999762535095,0.925599992275238,27238,0.0,0.0
2023-12-01 13:30:00-05:00,0.9289000034332275,0.9399999976158142,0.9254000186920166,0.9254000186920166,6891,0.0,0.0
2023-12-01 14:30:00-05:00,0.9333000183105469,0.9350000023841858,0.9319999814033508,0.9336000084877014,2984,0.0,0.0
2023-12-01 15:30:00-05:00,0.9369000196456909,0.948199987411499,0.9200999736785889,0.9210000038146973,18857,0.0,0.0
2023-12-04 09:30:00-05:00,0.9599999785423279,0.9843999743461609,0.9200000166893005,0.9200000166893005,203689,0.0,0.0
2023-12-04 10:30:00-05:00,0.9200000166893005,0.9532999992370605,0.9200000166893005,0.949999988079071,10884,0.0,0.0
2023-12-04 11:30:00-05:00,0.949999988079071,0.949999988079071,0.9449999928474426,0.9451000094413757,7780,0.0,0.0
2023-12-04 12:30:00-05:00,0.9449999928474426,0.9598000049591064,0.9351000189781189,0.9598000049591064,14938,0.0,0.0
2023-12-04 13:30:00-05:00,0.9401000142097473,0.9427589774131775,0.9399999976158142,0.9427589774131775,2933,0.0,0.0
2023-12-04 14:30:00-05:00,0.9498000144958496,0.9700000286102295,0.9359999895095825,0.9650999903678894,31568,0.0,0.0
2023-12-04 15:30:00-05:00,0.960099995136261,0.9699000120162964,0.9490000009536743,0.9699000120162964,3836,0.0,0.0
2023-12-05 09:30:00-05:00,0.9900000095367432,0.9912999868392944,0.9409000277519226,0.9501000046730042,14401,0.0,0.0
2023-12-05 10:30:00-05:00,0.9599999785423279,0.9599999785423279,0.9300000071525574,0.9359999895095825,10762,0.0,0.0
2023-12-05 11:30:00-05:00,0.9399999976158142,0.9660990238189697,0.9340000152587891,0.9660990238189697,8704,0.0,0.0
2023-12-05 12:30:00-05:00,0.9340000152587891,0.9644950032234192,0.9340000152587891,0.9644950032234192,3943,0.0,0.0
2023-12-05 13:30:00-05:00,0.9399999976158142,0.965499997138977,0.9399999976158142,0.9399999976158142,4535,0.0,0.0
2023-12-05 14:30:00-05:00,0.9312999844551086,0.9312999844551086,0.9312999844551086,0.9312999844551086,1102,0.0,0.0
2023-12-05 15:30:00-05:00,0.932200014591217,0.9537000060081482,0.9200000166893005,0.9387999773025513,13867,0.0,0.0
2023-12-06 09:30:00-05:00,0.9480999708175659,0.9555000066757202,0.9146000146865845,0.9200000166893005,27507,0.0,0.0
2023-12-06 10:30:00-05:00,0.9262999892234802,0.9294000267982483,0.9110999703407288,0.9294000267982483,22714,0.0,0.0
2023-12-06 11:30:00-05:00,0.9179999828338623,0.9236429929733276,0.9179999828338623,0.9236000180244446,3965,0.0,0.0
2023-12-06 12:30:00-05:00,0.9174000024795532,0.9200000166893005,0.9174000024795532,0.9200000166893005,340,0.0,0.0
2023-12-06 13:30:00-05:00,0.9200000166893005,0.9340000152587891,0.9200000166893005,0.9340000152587891,606,0.0,0.0
2023-12-06 15:30:00-05:00,0.9379000067710876,0.9442999958992004,0.9115999937057495,0.9442999958992004,0,0.0,0.0
2023-12-07 09:30:00-05:00,0.9171000123023987,0.9298999905586243,0.9110999703407288,0.9298999905586243,13838,0.0,0.0
2023-12-07 10:30:00-05:00,0.9111999869346619,0.9200000166893005,0.9110999703407288,0.9200000166893005,1150,0.0,0.0
2023-12-07 11:30:00-05:00,0.9200000166893005,0.9412999749183655,0.9110999703407288,0.9412999749183655,10423,0.0,0.0
2023-12-07 12:30:00-05:00,0.9399999976158142,0.9412999749183655,0.9229999780654907,0.9362999796867371,5981,0.0,0.0
2023-12-07 13:30:00-05:00,0.9311000108718872,0.9409499764442444,0.9300000071525574,0.9409499764442444,1555,0.0,0.0
2023-12-07 14:30:00-05:00,0.9599999785423279,0.9599999785423279,0.9347000122070312,0.9398999810218811,13685,0.0,0.0
2023-12-07 15:30:00-05:00,0.9399999976158142,0.9564999938011169,0.9399999976158142,0.9399999976158142,3242,0.0,0.0
2023-12-08 09:30:00-05:00,0.9520000219345093,0.9520000219345093,0.9110999703407288,0.9110999703407288,5674,0.0,0.0
2023-12-08 10:30:00-05:00,0.9498000144958496,0.9498000144958496,0.9498000144958496,0.9498000144958496,757,0.0,0.0
2023-12-08 11:30:00-05:00,0.9200999736785889,0.9388999938964844,0.9200999736785889,0.9388999938964844,6210,0.0,0.0
2023-12-08 12:30:00-05:00,0.9300000071525574,0.933899998664856,0.9200000166893005,0.933899998664856,2587,0.0,0.0
2023-12-08 13:30:00-05:00,0.9200000166893005,0.9269499778747559,0.9200000166893005,0.9200000166893005,8538,0.0,0.0
2023-12-08 14:30:00-05:00,0.9200000166893005,0.9225000143051147,0.9200000166893005,0.9225000143051147,357,0.0,0.0
2023-12-08 15:30:00-05:00,0.933899998664856,0.9487000107765198,0.933899998664856,0.9487000107765198,2030,0.0,0.0
2023-12-11 09:30:00-05:00,0.9399999976158142,0.9399999976158142,0.9110999703407288,0.9139000177383423,8882,0.0,0.0
2023-12-11 10:30:00-05:00,0.9139000177383423,0.9200000166893005,0.8999999761581421,0.9075000286102295,23336,0.0,0.0
2023-12-11 11:30:00-05:00,0.8999999761581421,0.9273999929428101,0.8999999761581421,0.9139999747276306,4474,0.0,0.0
2023-12-11 12:30:00-05:00,0.9264000058174133,0.9275000095367432,0.9262999892234802,0.9275000095367432,8212,0.0,0.0
2023-12-11 14:30:00-05:00,0.9150000214576721,0.927299976348877,0.914900004863739,0.927299976348877,7490,0.0,0.0
2023-12-11 15:30:00-05:00,0.9125999808311462,0.9200000166893005,0.9120000004768372,0.9200000166893005,0,0.0,0.0
2023-12-12 09:30:00-05:00,0.920199990272522,0.9402999877929688,0.9200000166893005,0.9200000166893005,15707,0.0,0.0
2023-12-12 10:30:00-05:00,0.9214000105857849,0.9214000105857849,0.8912000060081482,0.8912000060081482,22429,0.0,0.0
2023-12-12 11:30:00-05:00,0.8910999894142151,0.8910999894142151,0.8562999963760376,0.8700000047683716,54730,0.0,0.0
2023-12-12 12:30:00-05:00,0.8799999952316284,0.8840000033378601,0.8701000213623047,0.876999020576477,9810,0.0,0.0
2023-12-12 13:30:00-05:00,0.8700000047683716,0.8700000047683716,0.8001000285148621,0.8539000153541565,54869,0.0,0.0
2023-12-12 14:30:00-05:00,0.8622000217437744,0.8700000047683716,0.8191999793052673,0.8474169969558716,5191,0.0,0.0
2023-12-12 15:30:00-05:00,0.8500000238418579,0.8700000047683716,0.8349000215530396,0.8349999785423279,0,0.0,0.0
2023-12-13 09:30:00-05:00,0.8349999785423279,0.8442000150680542,0.8349999785423279,0.8440989851951599,25481,0.0,0.0
2023-12-13 10:30:00-05:00,0.8434000015258789,0.8518000245094299,0.8341000080108643,0.8341000080108643,17726,0.0,0.0
2023-12-13 11:30:00-05:00,0.8149999976158142,0.8300999999046326,0.8149999976158142,0.8299999833106995,12825,0.0,0.0
2023-12-13 12:30:00-05:00,0.8300999999046326,0.8341000080108643,0.8180000185966492,0.8300999999046326,19550,0.0,0.0
2023-12-13 13:30:00-05:00,0.8300999999046326,0.875,0.8299999833106995,0.8700000047683716,13473,0.0,0.0
2023-12-13 14:30:00-05:00,0.8600999712944031,0.8962000012397766,0.8600999712944031,0.8600999712944031,2537,0.0,0.0
2023-12-13 15:30:00-05:00,0.8960000276565552,0.8960000276565552,0.8604000210762024,0.8610000014305115,1773,0.0,0.0
2023-12-14 09:30:00-05:00,0.8999999761581421,0.9553999900817871,0.8954989910125732,0.9427000284194946,0,0.0,0.0
2023-12-14 10:30:00-05:00,0.9371799826622009,0.9371799826622009,0.9371799826622009,0.9371799826622009,304,0.0,0.0
2023-12-14 11:30:00-05:00,0.9025999903678894,0.9370999932289124,0.9025999903678894,0.920799970626831,518,0.0,0.0
2023-12-14 12:30:00-05:00,0.9112989902496338,0.9286999702453613,0.9103000164031982,0.9286999702453613,7377,0.0,0.0
2023-12-14 13:30:00-05:00,0.9398999810218811,0.9398999810218811,0.9239000082015991,0.9300000071525574,2948,0.0,0.0
2023-12-14 14:30:00-05:00,0.9297000169754028,0.9429500102996826,0.9297000169754028,0.9359999895095825,20560,0.0,0.0
2023-12-14 15:30:00-05:00,0.9490000009536743,0.9490000009536743,0.9401000142097473,0.9401999711990356,0,0.0,0.0
2023-12-15 09:30:00-05:00,0.9700000286102295,0.9700000286102295,0.9300000071525574,0.9434999823570251,11410,0.0,0.0
2023-12-15 10:30:00-05:00,0.932200014591217,0.9649999737739563,0.9307000041007996,0.9563000202178955,5636,0.0,0.0
2023-12-15 11:30:00-05:00,0.9563000202178955,0.9632999897003174,0.9563000202178955,0.9632999897003174,887,0.0,0.0
2023-12-15 12:30:00-05:00,0.9632999897003174,0.9848999977111816,0.949999988079071,0.949999988079071,14891,0.0,0.0
2023-12-15 13:30:00-05:00,0.9490000009536743,0.9786999821662903,0.9490000009536743,0.9786999821662903,3112,0.0,0.0
2023-12-15 14:30:00-05:00,0.9800000190734863,0.9800000190734863,0.9800000190734863,0.9800000190734863,2718,0.0,0.0
2023-12-15 15:30:00-05:00,0.9854999780654907,0.9897000193595886,0.9836999773979187,0.9896000027656555,25535,0.0,0.0
2023-12-18 09:30:00-05:00,1.0199999809265137,1.0399999618530273,0.9750000238418579,1.0199999809265137,28954,0.0,0.0
2023-12-18 10:30:00-05:00,1.034999966621399,1.0499999523162842,1.034999966621399,1.0479999780654907,13640,0.0,0.0
2023-12-18 11:30:00-05:00,1.0393999814987183,1.0700000524520874,1.0393999814987183,1.0549999475479126,10674,0.0,0.0
2023-12-18 12:30:00-05:00,1.0399999618530273,1.059999942779541,1.034500002861023,1.059999942779541,9439,0.0,0.0
2023-12-18 13:30:00-05:00,1.059999942779541,1.059999942779541,1.0399999618530273,1.0499000549316406,30386,0.0,0.0
2023-12-18 14:30:00-05:00,1.0299999713897705,1.0479999780654907,1.0299999713897705,1.047700047492981,2258,0.0,0.0
2023-12-18 15:30:00-05:00,1.058899998664856,1.059999942779541,1.0099999904632568,1.034999966621399,0,0.0,0.0
2023-12-19 09:30:00-05:00,1.0499999523162842,1.0800000429153442,1.0499999523162842,1.0800000429153442,32595,0.0,0.0
2023-12-19 10:30:00-05:00,1.0600999593734741,1.0700000524520874,1.0500999689102173,1.0500999689102173,11475,0.0,0.0
2023-12-19 11:30:00-05:00,1.0499999523162842,1.0549999475479126,1.0399999618530273,1.0399999618530273,4622,0.0,0.0
2023-12-19 12:30:00-05:00,1.0399999618530273,1.0683000087738037,1.0312000513076782,1.0499999523162842,6878,0.0,0.0
2023-12-19 13:30:00-05:00,1.0399999618530273,1.0499999523162842,1.0399999618530273,1.0499999523162842,11061,0.0,0.0
2023-12-19 14:30:00-05:00,1.0449999570846558,1.0499999523162842,1.0299999713897705,1.0299999713897705,18300,0.0,0.0
2023-12-19 15:30:00-05:00,1.0399999618530273,1.0499999523162842,1.034999966621399,1.0499999523162842,0,0.0,0.0
2023-12-20 09:30:00-05:00,1.0499999523162842,1.0499999523162842,0.9800000190734863,0.9901999831199646,42194,0.0,0.0
2023-12-20 10:30:00-05:00,0.9937000274658203,1.0099999904632568,0.9937000274658203,1.0099999904632568,8218,0.0,0.0
2023-12-20 11:30:00-05:00,1.0006999969482422,1.0199999809265137,1.0,1.0199999809265137,11643,0.0,0.0
2023-12-20 12:30:00-05:00,1.0199999809265137,1.0299999713897705,1.0199999809265137,1.0299999713897705,6001,0.0,0.0
2023-12-20 13:30:00-05:00,1.027999997138977,1.0300999879837036,1.0099999904632568,1.0099999904632568,32570,0.0,0.0
2023-12-20 14:30:00-05:00,1.0199999809265137,1.0199999809265137,1.0080000162124634,1.0199999809265137,20071,0.0,0.0
2023-12-20 15:30:00-05:00,1.0108000040054321,1.0199999809265137,1.0,1.0199999809265137,0,0.0,0.0
2023-12-21 09:30:00-05:00,1.0199999809265137,1.059999942779541,1.0,1.059999942779541,9322,0.0,0.0
2023-12-21 10:30:00-05:00,1.0299999713897705,1.0399999618530273,1.0199999809265137,1.0292999744415283,4320,0.0,0.0
2023-12-21 11:30:00-05:00,1.024999976158142,1.0399999618530273,1.0199999809265137,1.0199999809265137,10526,0.0,0.0
2023-12-21 12:30:00-05:00,1.0199999809265137,1.024999976158142,0.9900000095367432,0.9900000095367432,9645,0.0,0.0
2023-12-21 13:30:00-05:00,0.9894999861717224,1.0055999755859375,0.9894999861717224,1.0013999938964844,31598,0.0,0.0
2023-12-21 14:30:00-05:00,1.0099999904632568,1.0099999904632568,1.0099999904632568,1.0099999904632568,8732,0.0,0.0
2023-12-21 15:30:00-05:00,1.0149999856948853,1.0299999713897705,1.0099999904632568,1.0199999809265137,0,0.0,0.0
2023-12-22 09:30:00-05:00,1.0299999713897705,1.059999942779541,1.0099999904632568,1.0299999713897705,15849,0.0,0.0
2023-12-22 10:30:00-05:00,1.0299999713897705,1.0399999618530273,1.0199999809265137,1.0299999713897705,9037,0.0,0.0
2023-12-22 13:30:00-05:00,1.0299999713897705,1.0299999713897705,1.0199999809265137,1.0199999809265137,13393,0.0,0.0
2023-12-22 14:30:00-05:00,1.0199999809265137,1.059999942779541,1.0199999809265137,1.059999942779541,53845,0.0,0.0
2023-12-22 15:30:00-05:00,1.0499999523162842,1.0499999523162842,1.0399999618530273,1.0407999753952026,1393,0.0,0.0
2023-12-26 09:30:00-05:00,1.0499999523162842,1.100000023841858,1.0499999523162842,1.0808000564575195,0,0.0,0.0
2023-12-26 10:30:00-05:00,1.090000033378601,1.090000033378601,1.0800000429153442,1.0800000429153442,10303,0.0,0.0
2023-12-26 11:30:00-05:00,1.100000023841858,1.100000023841858,1.0801000595092773,1.100000023841858,5041,0.0,0.0
2023-12-26 12:30:00-05:00,1.1197999715805054,1.1200000047683716,1.1100000143051147,1.1200000047683716,2816,0.0,0.0
2023-12-26 13:30:00-05:00,1.124899983406067,1.124899983406067,1.1093000173568726,1.1093000173568726,2181,0.0,0.0
2023-12-26 14:30:00-05:00,1.1200000047683716,1.128000020980835,1.1200000047683716,1.1200000047683716,5128,0.0,0.0
2023-12-26 15:30:00-05:00,1.1201000213623047,1.1299999952316284,1.1141999959945679,1.1298999786376953,0,0.0,0.0
2023-12-27 09:30:00-05:00,1.1200000047683716,1.1200000047683716,1.0199999809265137,1.0723999738693237,24522,0.0,0.0
2023-12-27 10:30:00-05:00,1.0750000476837158,1.100000023841858,1.0750000476837158,1.0800000429153442,12145,0.0,0.0
2023-12-27 11:30:00-05:00,1.100000023841858,1.1299999952316284,1.100000023841858,1.100000023841858,12185,0.0,0.0
2023-12-27 12:30:00-05:00,1.100000023841858,1.1299999952316284,1.100000023841858,1.1007000207901,2424,0.0,0.0
2023-12-27 13:30:00-05:00,1.1150000095367432,1.1150000095367432,1.0812000036239624,1.0812000036239624,9008,0.0,0.0
2023-12-27 14:30:00-05:00,1.090000033378601,1.090000033378601,1.0800000429153442,1.090000033378601,14671,0.0,0.0
2023-12-27 15:30:00-05:00,1.0800000429153442,1.090000033378601,1.0800000429153442,1.0800000429153442,0,0.0,0.0
2023-12-28 09:30:00-05:00,1.0499999523162842,1.090000033378601,1.0499999523162842,1.090000033378601,13287,0.0,0.0
2023-12-28 10:30:00-05:00,1.0700000524520874,1.0800000429153442,1.0499999523162842,1.0499999523162842,3145,0.0,0.0
2023-12-28 11:30:00-05:00,1.069700002670288,1.0699000358581543,1.059999942779541,1.059999942779541,3545,0.0,0.0
2023-12-28 12:30:00-05:00,1.0700000524520874,1.0700000524520874,1.0700000524520874,1.0700000524520874,9176,0.0,0.0
2023-12-28 13:30:00-05:00,1.065000057220459,1.0700000524520874,1.0399999618530273,1.0449999570846558,13937,0.0,0.0
2023-12-28 14:30:00-05:00,1.049299955368042,1.0499999523162842,1.049299955368042,1.0499999523162842,4171,0.0,0.0
2023-12-28 15:30:00-05:00,1.0499999523162842,1.0700000524520874,1.0444999933242798,1.0499999523162842,13014,0.0,0.0
2023-12-29 09:30:00-05:00,1.0800000429153442,1.0800000429153442,1.0299999713897705,1.034999966621399,15011,0.0,0.0
2023-12-29 10:30:00-05:00,1.0299999713897705,1.0499999523162842,1.0199999809265137,1.0298999547958374,5319,0.0,0.0
2023-12-29 11:30:00-05:00,1.0399999618530273,1.0399999618530273,1.0398999452590942,1.0398999452590942,1473,0.0,0.0
2023-12-29 12:30:00-05:00,1.0407999753952026,1.0499999523162842,1.0399999618530273,1.0399999618530273,17218,0.0,0.0
2023-12-29 13:30:00-05:00,1.0299999713897705,1.0399999618530273,1.0299999713897705,1.0398999452590942,12596,0.0,0.0
2023-12-29 14:30:00-05:00,1.0420000553131104,1.059999942779541,1.0399999618530273,1.059999942779541,7051,0.0,0.0
2023-12-29 15:30:00-05:00,1.0595999956130981,1.0700000524520874,1.0499999523162842,1.059999942779541,5018,0.0,0.0
2024-01-02 09:30:00-05:00,1.1100000143051147,1.1100000143051147,1.0299999713897705,1.0365999937057495,23145,0.0,0.0
2024-01-02 10:30:00-05:00,1.034999966621399,1.034999966621399,1.0199999809265137,1.0299999713897705,14649,0.0,0.0
2024-01-02 11:30:00-05:00,1.0299999713897705,1.0399999618530273,1.0299999713897705,1.0299999713897705,2327,0.0,0.0
2024-01-02 12:30:00-05:00,1.0393999814987183,1.0616999864578247,1.020300030708313,1.0299999713897705,16291,0.0,0.0
2024-01-02 13:30:00-05:00,1.0299999713897705,1.059999942779541,1.0199999809265137,1.0211000442504883,21909,0.0,0.0
2024-01-02 14:30:00-05:00,1.0299999713897705,1.034999966621399,1.0299999713897705,1.034999966621399,202,0.0,0.0
2024-01-02 15:30:00-05:00,1.0399999618530273,1.0399999618530273,1.0199999809265137,1.0199999809265137,0,0.0,0.0
2024-01-03 09:30:00-05:00,1.0199999809265137,1.0199999809265137,1.0099999904632568,1.0149999856948853,12970,0.0,0.0
2024-01-03 10:30:00-05:00,1.0099999904632568,1.0199999809265137,1.0,1.0099999904632568,4133,0.0,0.0
2024-01-03 11:30:00-05:00,1.0,1.0,1.0,1.0,21079,0.0,0.0
2024-01-03 12:30:00-05:00,1.0025500059127808,1.0399999618530273,0.9970999956130981,1.0198999643325806,22773,0.0,0.0
2024-01-03 13:30:00-05:00,1.0084999799728394,1.0299999713897705,1.0084999799728394,1.023900032043457,5641,0.0,0.0
2024-01-03 14:30:00-05:00,1.024999976158142,1.024999976158142,1.0199999809265137,1.024999976158142,2515,0.0,0.0
2024-01-03 15:30:00-05:00,1.0299999713897705,1.0299999713897705,1.0199999809265137,1.0199999809265137,4664,0.0,0.0
2024-01-04 09:30:00-05:00,1.0199999809265137,1.0199999809265137,1.0085999965667725,1.0085999965667725,0,0.0,0.0
2024-01-04 10:30:00-05:00,1.0149999856948853,1.0196000337600708,1.0149999856948853,1.0196000337600708,1622,0.0,0.0
2024-01-04 11:30:00-05:00,1.0,1.0,0.9998999834060669,1.0,7175,0.0,0.0
2024-01-04 12:30:00-05:00,0.9984999895095825,1.0299999713897705,0.9984999895095825,1.0299999713897705,43764,0.0,0.0
2024-01-04 13:30:00-05:00,1.0118999481201172,1.0118999481201172,1.0118999481201172,1.0118999481201172,369,0.0,0.0
2024-01-04 14:30:00-05:00,1.0398999452590942,1.0399999618530273,1.0379999876022339,1.0379999876022339,1178,0.0,0.0
2024-01-04 15:30:00-05:00,1.0299999713897705,1.0399999618530273,1.0199999809265137,1.0199999809265137,0,0.0,0.0
2024-01-05 09:30:00-05:00,1.0199999809265137,1.0199999809265137,0.9879999756813049,1.0199999809265137,20758,0.0,0.0
2024-01-05 10:30:00-05:00,1.0149999856948853,1.0149999856948853,0.961899995803833,0.9760000109672546,10860,0.0,0.0
2024-01-05 11:30:00-05:00,0.9599999785423279,1.0,0.9599999785423279,1.0,5853,0.0,0.0
2024-01-05 12:30:00-05:00,1.0,1.0,1.0,1.0,1474,0.0,0.0
2024-01-05 13:30:00-05:00,1.0099999904632568,1.0099999904632568,1.0,1.0,3811,0.0,0.0
2024-01-05 14:30:00-05:00,0.9961000084877014,1.0,0.9799000024795532,0.9955999851226807,23166,0.0,0.0
2024-01-05 15:30:00-05:00,0.9708999991416931,0.9807999730110168,0.960099995136261,0.9807999730110168,3194,0.0,0.0
2024-01-08 09:30:00-05:00,0.960099995136261,0.9898999929428101,0.960099995136261,0.9675269722938538,14496,0.0,0.0
2024-01-08 10:30:00-05:00,0.9688000082969666,0.9700000286102295,0.9675999879837036,0.9700000286102295,5102,0.0,0.0
2024-01-08 11:30:00-05:00,0.9876000285148621,0.9876000285148621,0.9700000286102295,0.9800000190734863,1207,0.0,0.0
2024-01-08 12:30:00-05:00,0.9735000133514404,0.9900000095367432,0.9735000133514404,0.9884999990463257,29808,0.0,0.0
2024-01-08 13:30:00-05:00,0.9670000076293945,0.9975000023841858,0.949999988079071,0.9975000023841858,19656,0.0,0.0
2024-01-08 14:30:00-05:00,0.9850000143051147,0.9850000143051147,0.9599999785423279,0.9700000286102295,1550,0.0,0.0
2024-01-08 15:30:00-05:00,0.9800000190734863,0.9837999939918518,0.9599999785423279,0.972000002861023,29539,0.0,0.0
2024-01-09 09:30:00-05:00,0.9599999785423279,0.9776999950408936,0.9424999952316284,0.9776999950408936,6781,0.0,0.0
2024-01-09 10:30:00-05:00,0.9599999785423279,0.9599999785423279,0.9599999785423279,0.9599999785423279,411,0.0,0.0
2024-01-09 11:30:00-05:00,0.9709510207176208,0.9709510207176208,0.963001012802124,0.963001012802124,1329,0.0,0.0
2024-01-09 12:30:00-05:00,0.960099995136261,0.9815999865531921,0.9264000058174133,0.9264000058174133,5254,0.0,0.0
2024-01-09 13:30:00-05:00,0.9615499973297119,0.963100016117096,0.9401000142097473,0.9449999928474426,6479,0.0,0.0
2024-01-09 14:30:00-05:00,0.9402999877929688,0.9599999785423279,0.9401000142097473,0.9401000142097473,9909,0.0,0.0
2024-01-09 15:30:00-05:00,0.9401000142097473,0.9599000215530396,0.9399999976158142,0.9399999976158142,0,0.0,0.0
2024-01-10 09:30:00-05:00,0.9200000166893005,0.9350000023841858,0.9200000166893005,0.9301000237464905,3075,0.0,0.0
2024-01-10 11:30:00-05:00,0.9300000071525574,0.9300000071525574,0.9200000166893005,0.920009970664978,2462,0.0,0.0
2024-01-10 12:30:00-05:00,0.9381499886512756,0.945900022983551,0.9200000166893005,0.9211000204086304,3646,0.0,0.0
2024-01-10 13:30:00-05:00,0.945900022983551,0.945900022983551,0.9211000204086304,0.9211000204086304,1201,0.0,0.0
2024-01-10 14:30:00-05:00,0.9300000071525574,0.9398990273475647,0.925000011920929,0.925000011920929,4071,0.0,0.0
2024-01-10 15:30:00-05:00,0.925000011920929,0.925000011920929,0.8919000029563904,0.9200000166893005,0,0.0,0.0
2024-01-11 09:30:00-05:00,0.949999988079071,0.949999988079071,0.9021999835968018,0.9100000262260437,3356,0.0,0.0
2024-01-11 10:30:00-05:00,0.9171000123023987,0.9171000123023987,0.9100000262260437,0.9100000262260437,843,0.0,0.0
2024-01-11 11:30:00-05:00,0.8999999761581421,0.9083999991416931,0.8949999809265137,0.9083999991416931,20851,0.0,0.0
2024-01-11 12:30:00-05:00,0.9128999710083008,0.9132000207901001,0.9128999710083008,0.9132000207901001,1775,0.0,0.0
2024-01-11 14:30:00-05:00,0.9218999743461609,0.9218999743461609,0.910099983215332,0.9142000079154968,1313,0.0,0.0
2024-01-11 15:30:00-05:00,0.906000018119812,0.9100000262260437,0.8899999856948853,0.9100000262260437,0,0.0,0.0
2024-01-12 09:30:00-05:00,0.9300000071525574,0.9399999976158142,0.9258999824523926,0.9301000237464905,10753,0.0,0.0
2024-01-12 10:30:00-05:00,0.9300000071525574,0.9330999851226807,0.9200000166893005,0.9248999953269958,11507,0.0,0.0
2024-01-12 11:30:00-05:00,0.9200000166893005,0.9200000166893005,0.9100000262260437,0.9199000000953674,3975,0.0,0.0
2024-01-12 12:30:00-05:00,0.9129999876022339,0.9401999711990356,0.9119510054588318,0.9255710244178772,47018,0.0,0.0
2024-01-12 13:30:00-05:00,0.9221000075340271,0.9300000071525574,0.9100000262260437,0.9254000186920166,16406,0.0,0.0
2024-01-12 14:30:00-05:00,0.9205999970436096,0.9330999851226807,0.9200999736785889,0.932200014591217,48130,0.0,0.0
2024-01-12 15:30:00-05:00,0.9254999756813049,0.9254999756813049,0.9217000007629395,0.9217000007629395,1051,0.0,0.0
2024-01-16 09:30:00-05:00,0.9300000071525574,0.9350000023841858,0.9120000004768372,0.9120000004768372,24830,0.0,0.0
2024-01-16 10:30:00-05:00,0.8999999761581421,0.9277999997138977,0.8980000019073486,0.9277999997138977,26348,0.0,0.0
2024-01-16 11:30:00-05:00,0.9276990294456482,0.9276990294456482,0.9046000242233276,0.9088000059127808,11319,0.0,0.0
2024-01-16 12:30:00-05:00,0.9085999727249146,0.9399999976158142,0.8799999952316284,0.8973990082740784,31609,0.0,0.0
2024-01-16 13:30:00-05:00,0.8973990082740784,0.8973990082740784,0.8733000159263611,0.883899986743927,34487,0.0,0.0
2024-01-16 14:30:00-05:00,0.875,0.875,0.875,0.875,244,0.0,0.0
2024-01-16 15:30:00-05:00,0.8999000191688538,0.9007999897003174,0.875,0.8899999856948853,0,0.0,0.0
2024-01-17 09:30:00-05:00,0.8899999856948853,0.9049999713897705,0.8799999952316284,0.8899999856948853,5392,0.0,0.0
2024-01-17 10:30:00-05:00,0.8799999952316284,0.8799999952316284,0.875,0.8794000148773193,4727,0.0,0.0
2024-01-17 11:30:00-05:00,0.875,0.8773000240325928,0.8399999737739563,0.8399999737739563,21118,0.0,0.0
2024-01-17 12:30:00-05:00,0.8429999947547913,0.8500000238418579,0.8360000252723694,0.8360000252723694,21363,0.0,0.0
2024-01-17 13:30:00-05:00,0.8349999785423279,0.8398000001907349,0.8274999856948853,0.8274999856948853,22664,0.0,0.0
2024-01-17 14:30:00-05:00,0.8366990089416504,0.8367000222206116,0.8159999847412109,0.8367000222206116,1653,0.0,0.0
2024-01-17 15:30:00-05:00,0.8367999792098999,0.8367999792098999,0.8009999990463257,0.8100000023841858,0,0.0,0.0
2024-01-18 09:30:00-05:00,0.8199999928474426,0.8360000252723694,0.8100000023841858,0.8100000023841858,8180,0.0,0.0
2024-01-18 10:30:00-05:00,0.8289999961853027,0.8289999961853027,0.8100000023841858,0.8100000023841858,2332,0.0,0.0
2024-01-18 11:30:00-05:00,0.8055999875068665,0.8199999928474426,0.800000011920929,0.800000011920929,7656,0.0,0.0
2024-01-18 12:30:00-05:00,0.800000011920929,0.8177000284194946,0.800000011920929,0.800000011920929,3650,0.0,0.0
2024-01-18 13:30:00-05:00,0.7950000166893005,0.8100000023841858,0.7950000166893005,0.7950999736785889,3779,0.0,0.0
2024-01-18 14:30:00-05:00,0.810699999332428,0.8109999895095825,0.810699999332428,0.8109999895095825,2304,0.0,0.0
2024-01-18 15:30:00-05:00,0.800000011920929,0.8044000267982483,0.7950000166893005,0.7950000166893005,1666,0.0,0.0
2024-01-19 09:30:00-05:00,0.8179000020027161,0.8281999826431274,0.801800012588501,0.8281999826431274,2584,0.0,0.0
2024-01-19 10:30:00-05:00,0.8146989941596985,0.8288999795913696,0.8146989941596985,0.8288999795913696,4018,0.0,0.0
2024-01-19 11:30:00-05:00,0.801701009273529,0.801701009273529,0.8016999959945679,0.8016999959945679,853,0.0,0.0
2024-01-19 12:30:00-05:00,0.8233000040054321,0.8299999833106995,0.8016999959945679,0.8299999833106995,7412,0.0,0.0
2024-01-19 13:30:00-05:00,0.8299999833106995,0.8299999833106995,0.817300021648407,0.817300021648407,427,0.0,0.0
2024-01-19 14:30:00-05:00,0.8159000277519226,0.8877999782562256,0.8159000277519226,0.8438000082969666,17004,0.0,0.0
2024-01-19 15:30:00-05:00,0.8648509979248047,0.8648509979248047,0.8371999859809875,0.8385999798774719,7608,0.0,0.0
2024-01-22 09:30:00-05:00,0.8600000143051147,0.8600000143051147,0.8583999872207642,0.8583999872207642,15352,0.0,0.0
2024-01-22 10:30:00-05:00,0.8600000143051147,0.8870000243186951,0.8600000143051147,0.8600000143051147,1168,0.0,0.0
2024-01-22 11:30:00-05:00,0.8399999737739563,0.8399999737739563,0.8399999737739563,0.8399999737739563,187,0.0,0.0
2024-01-22 12:30:00-05:00,0.8361999988555908,0.8424000144004822,0.8349999785423279,0.8349999785423279,866,0.0,0.0
2024-01-22 13:30:00-05:00,0.8321999907493591,0.8321999907493591,0.8321999907493591,0.8321999907493591,217,0.0,0.0
2024-01-22 14:30:00-05:00,0.8325999975204468,0.8368510007858276,0.8237000107765198,0.8368510007858276,6553,0.0,0.0
2024-01-22 15:30:00-05:00,0.8381999731063843,0.8500000238418579,0.8381999731063843,0.842199981212616,0,0.0,0.0
2024-01-23 09:30:00-05:00,0.8799999952316284,0.8799999952316284,0.8573499917984009,0.8600010275840759,4446,0.0,0.0
2024-01-23 10:30:00-05:00,0.862500011920929,0.862500011920929,0.862500011920929,0.862500011920929,9498,0.0,0.0
2024-01-23 11:30:00-05:00,0.862500011920929,0.862500011920929,0.862500011920929,0.862500011920929,695,0.0,0.0
2024-01-23 12:30:00-05:00,0.862500011920929,0.8659999966621399,0.862500011920929,0.862500011920929,2102,0.0,0.0
2024-01-23 15:30:00-05:00,0.8644000291824341,0.8669999837875366,0.863099992275238,0.8669999837875366,0,0.0,0.0
2024-01-24 09:30:00-05:00,0.8889999985694885,0.8889999985694885,0.8500000238418579,0.8503999710083008,12237,0.0,0.0
2024-01-24 10:30:00-05:00,0.8503999710083008,0.8503999710083008,0.8467490077018738,0.8467490077018738,2149,0.0,0.0
2024-01-24 11:30:00-05:00,0.8600000143051147,0.8797990083694458,0.8600000143051147,0.8797990083694458,3510,0.0,0.0
2024-01-24 12:30:00-05:00,0.8790000081062317,0.8798999786376953,0.8790000081062317,0.8798999786376953,1511,0.0,0.0
2024-01-24 13:30:00-05:00,0.8611000180244446,0.8798999786376953,0.8611000180244446,0.8798999786376953,2832,0.0,0.0
2024-01-24 15:30:00-05:00,0.8600000143051147,0.8600000143051147,0.8600000143051147,0.8600000143051147,0,0.0,0.0
2024-01-25 09:30:00-05:00,0.8899999856948853,0.8899999856948853,0.8600000143051147,0.871999979019165,6765,0.0,0.0
2024-01-25 10:30:00-05:00,0.8726999759674072,0.8730000257492065,0.8600000143051147,0.8730000257492065,9340,0.0,0.0
2024-01-25 11:30:00-05:00,0.8699510097503662,0.8699510097503662,0.8600010275840759,0.8610000014305115,1303,0.0,0.0
2024-01-25 12:30:00-05:00,0.8698999881744385,0.875,0.8698999881744385,0.875,3558,0.0,0.0
2024-01-25 14:30:00-05:00,0.8659399747848511,0.8659399747848511,0.8659399747848511,0.8659399747848511,701,0.0,0.0
2024-01-25 15:30:00-05:00,0.8649489879608154,0.8676000237464905,0.8500000238418579,0.8500000238418579,0,0.0,0.0
2024-01-26 09:30:00-05:00,0.8600999712944031,0.8799989819526672,0.8600000143051147,0.8799989819526672,4173,0.0,0.0
2024-01-26 10:30:00-05:00,0.8736000061035156,0.8798999786376953,0.8736000061035156,0.8736000061035156,9674,0.0,0.0
2024-01-26 11:30:00-05:00,0.8730000257492065,0.8730000257492065,0.8730000257492065,0.8730000257492065,497,0.0,0.0
2024-01-26 12:30:00-05:00,0.8608999848365784,0.8608999848365784,0.8536999821662903,0.8536999821662903,452,0.0,0.0
2024-01-26 13:30:00-05:00,0.853600025177002,0.8659999966621399,0.8500000238418579,0.8500000238418579,7076,0.0,0.0
2024-01-26 14:30:00-05:00,0.859000027179718,0.859000027179718,0.859000027179718,0.859000027179718,1512,0.0,0.0
2024-01-26 15:30:00-05:00,0.8402000069618225,0.8402000069618225,0.8402000069618225,0.8402000069618225,215,0.0,0.0
2024-01-29 09:30:00-05:00,0.8399999737739563,0.8498010039329529,0.8399999737739563,0.8498010039329529,2277,0.0,0.0
2024-01-29 10:30:00-05:00,0.8525999784469604,0.8525999784469604,0.8410000205039978,0.8410000205039978,1435,0.0,0.0
2024-01-29 11:30:00-05:00,0.8403000235557556,0.8550000190734863,0.824999988079071,0.8399999737739563,23977,0.0,0.0
2024-01-29 12:30:00-05:00,0.8550000190734863,0.8554999828338623,0.8550000190734863,0.8550000190734863,11884,0.0,0.0
2024-01-29 13:30:00-05:00,0.862500011920929,0.862500011920929,0.8585000038146973,0.8618999719619751,544,0.0,0.0
2024-01-29 14:30:00-05:00,0.8598999977111816,0.8774999976158142,0.8598999977111816,0.8774999976158142,23394,0.0,0.0
2024-01-29 15:30:00-05:00,0.8751000165939331,0.8799999952316284,0.8600999712944031,0.8669999837875366,2466,0.0,0.0
2024-01-30 09:30:00-05:00,0.8899999856948853,0.8899999856948853,0.8500000238418579,0.8500000238418579,1764,0.0,0.0
2024-01-30 10:30:00-05:00,0.8798999786376953,0.8798999786376953,0.8798999786376953,0.8798999786376953,974,0.0,0.0
2024-01-30 11:30:00-05:00,0.8648999929428101,0.8790000081062317,0.8648999929428101,0.8790000081062317,2856,0.0,0.0
2024-01-30 13:30:00-05:00,0.8610000014305115,0.8705999851226807,0.8610000014305115,0.8705999851226807,3659,0.0,0.0
2024-01-30 14:30:00-05:00,0.875,0.8876000046730042,0.875,0.875,9152,0.0,0.0
2024-01-30 15:30:00-05:00,0.8740000128746033,0.8812999725341797,0.8610000014305115,0.8610000014305115,0,0.0,0.0
2024-01-31 09:30:00-05:00,0.8830000162124634,0.8899999856948853,0.8610000014305115,0.8619999885559082,11294,0.0,0.0
2024-01-31 10:30:00-05:00,0.8760010004043579,0.8760010004043579,0.8619999885559082,0.8619999885559082,1135,0.0,0.0
2024-01-31 11:30:00-05:00,0.8758999705314636,0.8898000121116638,0.8619999885559082,0.8650000095367432,3465,0.0,0.0
2024-01-31 12:30:00-05:00,0.8650000095367432,0.8889999985694885,0.8619999885559082,0.8619999885559082,3034,0.0,0.0
2024-01-31 13:30:00-05:00,0.8629999756813049,0.8629999756813049,0.8500000238418579,0.8500000238418579,9425,0.0,0.0
2024-01-31 14:30:00-05:00,0.8519999980926514,0.8601999878883362,0.8519999980926514,0.8519999980926514,14725,0.0,0.0
2024-01-31 15:30:00-05:00,0.8519999980926514,0.8519999980926514,0.8500000238418579,0.8500000238418579,0,0.0,0.0
2024-02-01 09:30:00-05:00,0.8510000109672546,0.8741000294685364,0.8510000109672546,0.8741000294685364,1423,0.0,0.0
2024-02-01 10:30:00-05:00,0.8510000109672546,0.8510000109672546,0.8510000109672546,0.8510000109672546,357,0.0,0.0
2024-02-01 11:30:00-05:00,0.8550999760627747,0.8906000256538391,0.8550999760627747,0.8906000256538391,4076,0.0,0.0
2024-02-01 12:30:00-05:00,0.8899999856948853,0.8899999856948853,0.8899999856948853,0.8899999856948853,1538,0.0,0.0
2024-02-01 13:30:00-05:00,0.8725000023841858,0.8726000189781189,0.8725000023841858,0.8726000189781189,255,0.0,0.0
2024-02-01 14:30:00-05:00,0.8762999773025513,0.8762999773025513,0.8762999773025513,0.8762999773025513,434,0.0,0.0
2024-02-01 15:30:00-05:00,0.8698999881744385,0.8798999786376953,0.8600999712944031,0.864300012588501,10974,0.0,0.0
2024-02-02 09:30:00-05:00,0.8531000018119812,0.8744000196456909,0.8392000198364258,0.8410000205039978,15648,0.0,0.0
2024-02-02 10:30:00-05:00,0.8500000238418579,0.8500000238418579,0.8500000238418579,0.8500000238418579,950,0.0,0.0
2024-02-02 11:30:00-05:00,0.8587499856948853,0.8669999837875366,0.8587499856948853,0.8669999837875366,916,0.0,0.0
2024-02-02 13:30:00-05:00,0.8673989772796631,0.8675000071525574,0.8500000238418579,0.8675000071525574,10612,0.0,0.0
2024-02-02 14:30:00-05:00,0.8675000071525574,0.8715000152587891,0.8675000071525574,0.8675000071525574,2286,0.0,0.0
2024-02-02 15:30:00-05:00,0.8500000238418579,0.8715000152587891,0.8500000238418579,0.8639000058174133,4813,0.0,0.0
2024-02-05 09:30:00-05:00,0.8500000238418579,0.8698999881744385,0.8500000238418579,0.8500000238418579,2624,0.0,0.0
2024-02-05 10:30:00-05:00,0.8500999808311462,0.8790000081062317,0.8500999808311462,0.8698999881744385,6404,0.0,0.0
2024-02-05 11:30:00-05:00,0.8598999977111816,0.8633000254631042,0.8598999977111816,0.8598999977111816,1827,0.0,0.0
2024-02-05 12:30:00-05:00,0.8598999977111816,0.8598999977111816,0.8598999977111816,0.8598999977111816,2088,0.0,0.0
2024-02-05 14:30:00-05:00,0.8550000190734863,0.8569999933242798,0.8550000190734863,0.8568000197410583,2181,0.0,0.0
2024-02-05 15:30:00-05:00,0.8500999808311462,0.8500999808311462,0.8500999808311462,0.8500999808311462,510,0.0,0.0
2024-02-06 09:30:00-05:00,0.8399999737739563,0.8788999915122986,0.8399999737739563,0.8788999915122986,8668,0.0,0.0
2024-02-06 10:30:00-05:00,0.8700000047683716,0.8700000047683716,0.8700000047683716,0.8700000047683716,1330,0.0,0.0
2024-02-06 11:30:00-05:00,0.8700000047683716,0.8700000047683716,0.8700000047683716,0.8700000047683716,2480,0.0,0.0
2024-02-06 12:30:00-05:00,0.8460000157356262,0.8799999952316284,0.8460000157356262,0.8799999952316284,4203,0.0,0.0
2024-02-06 15:30:00-05:00,0.8662499785423279,0.8662499785423279,0.8429999947547913,0.8429999947547913,0,0.0,0.0
2024-02-07 09:30:00-05:00,0.8898000121116638,0.8898000121116638,0.8500000238418579,0.8500000238418579,1748,0.0,0.0
2024-02-07 10:30:00-05:00,0.8748999834060669,0.8748999834060669,0.8506060242652893,0.8506060242652893,1190,0.0,0.0
2024-02-07 11:30:00-05:00,0.8748999834060669,0.8748999834060669,0.8600000143051147,0.8629999756813049,2953,0.0,0.0
2024-02-07 13:30:00-05:00,0.8758999705314636,0.8758999705314636,0.8758999705314636,0.8758999705314636,433,0.0,0.0
2024-02-07 14:30:00-05:00,0.8500999808311462,0.8500999808311462,0.8500999808311462,0.8500999808311462,156,0.0,0.0
2024-02-07 15:30:00-05:00,0.8758999705314636,0.8758999705314636,0.8500000238418579,0.8500000238418579,0,0.0,0.0
2024-02-08 09:30:00-05:00,0.8798999786376953,0.8798999786376953,0.8299999833106995,0.8299999833106995,9675,0.0,0.0
2024-02-08 10:30:00-05:00,0.8301010131835938,0.8313999772071838,0.8256000280380249,0.8281000256538391,3355,0.0,0.0
2024-02-08 11:30:00-05:00,0.8256000280380249,0.8256000280380249,0.8054999709129333,0.8054999709129333,11021,0.0,0.0
2024-02-08 12:30:00-05:00,0.8047999739646912,0.82389897108078,0.7900000214576721,0.8169000148773193,35318,0.0,0.0
2024-02-08 13:30:00-05:00,0.8278999924659729,0.8278999924659729,0.8009999990463257,0.8138499855995178,1075,0.0,0.0
2024-02-08 14:30:00-05:00,0.8276000022888184,0.8276000022888184,0.8069000244140625,0.8069000244140625,649,0.0,0.0
2024-02-08 15:30:00-05:00,0.8069000244140625,0.8076000213623047,0.7960000038146973,0.8057000041007996,0,0.0,0.0
2024-02-09 09:30:00-05:00,0.8281999826431274,0.8281999826431274,0.8057000041007996,0.8277000188827515,6871,0.0,0.0
2024-02-09 10:30:00-05:00,0.8058000206947327,0.8172000050544739,0.8058000206947327,0.8172000050544739,25404,0.0,0.0
2024-02-09 11:30:00-05:00,0.8057000041007996,0.8159999847412109,0.7900000214576721,0.7900000214576721,61919,0.0,0.0
2024-02-09 12:30:00-05:00,0.794950008392334,0.8170999884605408,0.794950008392334,0.8170999884605408,6190,0.0,0.0
2024-02-09 13:30:00-05:00,0.8149999976158142,0.8169000148773193,0.8086000084877014,0.8086000084877014,3670,0.0,0.0
2024-02-09 14:30:00-05:00,0.800000011920929,0.8009999990463257,0.800000011920929,0.800000011920929,3378,0.0,0.0
2024-02-09 15:30:00-05:00,0.800000011920929,0.800000011920929,0.7900999784469604,0.7900999784469604,797,0.0,0.0
2024-02-12 09:30:00-05:00,0.7900000214576721,0.8066999912261963,0.7900000214576721,0.7901999950408936,18617,0.0,0.0
2024-02-12 10:30:00-05:00,0.7998999953269958,0.8299999833106995,0.7960000038146973,0.7960000038146973,8308,0.0,0.0
2024-02-12 11:30:00-05:00,0.7915999889373779,0.8240000009536743,0.7915999889373779,0.7926999926567078,3638,0.0,0.0
2024-02-12 13:30:00-05:00,0.8119999766349792,0.8119999766349792,0.8119999766349792,0.8119999766349792,552,0.0,0.0
2024-02-12 14:30:00-05:00,0.8240000009536743,0.8240000009536743,0.8111500144004822,0.8111500144004822,7250,0.0,0.0
2024-02-12 15:30:00-05:00,0.8119999766349792,0.8130000233650208,0.800000011920929,0.800000011920929,0,0.0,0.0
2024-02-13 09:30:00-05:00,0.800000011920929,0.816100001335144,0.7946000099182129,0.7991999983787537,14604,0.0,0.0
2024-02-13 10:30:00-05:00,0.7900000214576721,0.7954999804496765,0.7900000214576721,0.7900000214576721,9707,0.0,0.0
2024-02-13 11:30:00-05:00,0.7936000227928162,0.7937999963760376,0.7699999809265137,0.7699999809265137,44470,0.0,0.0
2024-02-13 12:30:00-05:00,0.762499988079071,0.762499988079071,0.7519999742507935,0.7548999786376953,2832,0.0,0.0
2024-02-13 13:30:00-05:00,0.7549999952316284,0.7599999904632568,0.7512000203132629,0.7598999738693237,3927,0.0,0.0
2024-02-13 14:30:00-05:00,0.7598000168800354,0.7699999809265137,0.7511000037193298,0.7512000203132629,8697,0.0,0.0
2024-02-13 15:30:00-05:00,0.7556999921798706,0.7599999904632568,0.75,0.7598000168800354,0,0.0,0.0
2024-02-14 09:30:00-05:00,0.7509999871253967,0.7835000157356262,0.75,0.7835000157356262,34908,0.0,0.0
2024-02-14 10:30:00-05:00,0.783249020576477,0.8165000081062317,0.783249020576477,0.8165000081062317,1453,0.0,0.0
2024-02-14 11:30:00-05:00,0.7551000118255615,0.7705000042915344,0.7551000118255615,0.7705000042915344,1664,0.0,0.0
2024-02-14 12:30:00-05:00,0.8152999877929688,0.8152999877929688,0.8152999877929688,0.8152999877929688,1511,0.0,0.0
2024-02-14 13:30:00-05:00,0.794700026512146,0.794700026512146,0.794700026512146,0.794700026512146,586,0.0,0.0
2024-02-14 14:30:00-05:00,0.7900000214576721,0.7939000129699707,0.7703999876976013,0.7939000129699707,5004,0.0,0.0
2024-02-14 15:30:00-05:00,0.800000011920929,0.8079000115394592,0.7599999904632568,0.7599999904632568,0,0.0,0.0
2024-02-15 09:30:00-05:00,0.7882000207901001,0.7882000207901001,0.7649999856948853,0.7854999899864197,47060,0.0,0.0
2024-02-15 10:30:00-05:00,0.7853999733924866,0.7853999733924866,0.7699999809265137,0.7799999713897705,10313,0.0,0.0
2024-02-15 11:30:00-05:00,0.7699999809265137,0.7789999842643738,0.7601000070571899,0.7730000019073486,17857,0.0,0.0
2024-02-15 12:30:00-05:00,0.7601000070571899,0.771399974822998,0.7526999711990356,0.771399974822998,4894,0.0,0.0
2024-02-15 14:30:00-05:00,0.771399974822998,0.771399974822998,0.771399974822998,0.771399974822998,128,0.0,0.0
2024-02-15 15:30:00-05:00,0.7699999809265137,0.7853999733924866,0.7699999809265137,0.7799999713897705,0,0.0,0.0
2024-02-16 09:30:00-05:00,0.8154000043869019,0.8154000043869019,0.7799990177154541,0.7800009846687317,5636,0.0,0.0
2024-02-16 10:30:00-05:00,0.7900999784469604,0.7939000129699707,0.7812010049819946,0.7812010049819946,4393,0.0,0.0
2024-02-16 11:30:00-05:00,0.7810999751091003,0.7940000295639038,0.7810999751091003,0.784500002861023,2200,0.0,0.0
2024-02-16 12:30:00-05:00,0.7940000295639038,0.7955489754676819,0.784650981426239,0.7955489754676819,4032,0.0,0.0
2024-02-16 13:30:00-05:00,0.796500027179718,0.8011999726295471,0.796500027179718,0.8011999726295471,2304,0.0,0.0
2024-02-16 14:30:00-05:00,0.7971000075340271,0.8001000285148621,0.7950000166893005,0.8000710010528564,7311,0.0,0.0
2024-02-16 15:30:00-05:00,0.8001000285148621,0.8058000206947327,0.800000011920929,0.800000011920929,3776,0.0,0.0
2024-02-20 09:30:00-05:00,0.8460999727249146,0.8549990057945251,0.800000011920929,0.800000011920929,10213,0.0,0.0
2024-02-20 10:30:00-05:00,0.8001000285148621,0.8299000263214111,0.800000011920929,0.8033000230789185,2522,0.0,0.0
2024-02-20 12:30:00-05:00,0.800000011920929,0.800000011920929,0.7900000214576721,0.7900099754333496,7648,0.0,0.0
2024-02-20 13:30:00-05:00,0.7901999950408936,0.8100000023841858,0.7901999950408936,0.8100000023841858,542,0.0,0.0
2024-02-20 14:30:00-05:00,0.7978519797325134,0.7978519797325134,0.7978519797325134,0.7978519797325134,158,0.0,0.0
2024-02-20 15:30:00-05:00,0.79339998960495,0.8098000288009644,0.79339998960495,0.800000011920929,6605,0.0,0.0
2024-02-21 09:30:00-05:00,0.8100000023841858,0.8100000023841858,0.7699999809265137,0.7699999809265137,12177,0.0,0.0
2024-02-21 10:30:00-05:00,0.7835999727249146,0.7835999727249146,0.7699999809265137,0.7749999761581421,457,0.0,0.0
2024-02-21 11:30:00-05:00,0.7749999761581421,0.7749999761581421,0.7699999809265137,0.7736999988555908,6152,0.0,0.0
2024-02-21 12:30:00-05:00,0.7723000049591064,0.7730000019073486,0.7699999809265137,0.7699999809265137,6876,0.0,0.0
2024-02-21 13:30:00-05:00,0.7728999853134155,0.7730000019073486,0.7649999856948853,0.7651000022888184,2326,0.0,0.0
2024-02-21 14:30:00-05:00,0.772599995136261,0.772599995136261,0.7649999856948853,0.7724999785423279,6761,0.0,0.0
2024-02-21 15:30:00-05:00,0.7723000049591064,0.7723000049591064,0.7651010155677795,0.7670000195503235,0,0.0,0.0
2024-02-22 09:30:00-05:00,0.76419997215271,0.7896990180015564,0.7599999904632568,0.7599999904632568,25537,0.0,0.0
2024-02-22 10:30:00-05:00,0.7675999999046326,0.7675999999046326,0.7599999904632568,0.7599999904632568,10184,0.0,0.0
2024-02-22 11:30:00-05:00,0.7601000070571899,0.7601000070571899,0.7300000190734863,0.7398999929428101,59104,0.0,0.0
2024-02-22 12:30:00-05:00,0.737500011920929,0.7386999726295471,0.7245000004768372,0.7303000092506409,17269,0.0,0.0
2024-02-22 13:30:00-05:00,0.729299008846283,0.7314000129699707,0.7197999954223633,0.7314000129699707,9819,0.0,0.0
2024-02-22 14:30:00-05:00,0.7314000129699707,0.7342000007629395,0.7197999954223633,0.7342000007629395,2113,0.0,0.0
2024-02-22 15:30:00-05:00,0.7200000286102295,0.7368000149726868,0.7197999954223633,0.7355999946594238,0,0.0,0.0
2024-02-23 09:30:00-05:00,0.7400000095367432,0.7400000095367432,0.7197999954223633,0.7197999954223633,6590,0.0,0.0
2024-02-23 10:30:00-05:00,0.7197999954223633,0.7400000095367432,0.7197999954223633,0.7400000095367432,598,0.0,0.0
2024-02-23 11:30:00-05:00,0.7437999844551086,0.7439000010490417,0.7437999844551086,0.7439000010490417,1928,0.0,0.0
2024-02-23 12:30:00-05:00,0.7400000095367432,0.7440000176429749,0.7319999933242798,0.7440000176429749,12000,0.0,0.0
2024-02-23 13:30:00-05:00,0.7354999780654907,0.7355499863624573,0.7351999878883362,0.7351999878883362,957,0.0,0.0
2024-02-23 14:30:00-05:00,0.7360000014305115,0.7360000014305115,0.7360000014305115,0.7360000014305115,1016,0.0,0.0
2024-02-23 15:30:00-05:00,0.7210000157356262,0.7210000157356262,0.7200999855995178,0.7200999855995178,813,0.0,0.0
2024-02-26 09:30:00-05:00,0.7200999855995178,0.7339990139007568,0.7099999785423279,0.7099999785423279,34810,0.0,0.0
2024-02-26 10:30:00-05:00,0.7099999785423279,0.7182000279426575,0.7001000046730042,0.7099999785423279,10045,0.0,0.0
2024-02-26 11:30:00-05:00,0.7102000117301941,0.7139999866485596,0.699999988079071,0.7050999999046326,26077,0.0,0.0
2024-02-26 12:30:00-05:00,0.7025499939918518,0.7050999999046326,0.699999988079071,0.7050999999046326,1349,0.0,0.0
2024-02-26 13:30:00-05:00,0.7001000046730042,0.7050989866256714,0.7001000046730042,0.7046999931335449,5429,0.0,0.0
2024-02-26 14:30:00-05:00,0.7005000114440918,0.7047529816627502,0.7005000114440918,0.7046999931335449,2405,0.0,0.0
2024-02-26 15:30:00-05:00,0.7046999931335449,0.7067999839782715,0.699999988079071,0.7006000280380249,0,0.0,0.0
2024-02-27 09:30:00-05:00,0.73089998960495,0.73089998960495,0.7121999859809875,0.7121999859809875,5066,0.0,0.0
2024-02-27 10:30:00-05:00,0.710099995136261,0.7235999703407288,0.710099995136261,0.710099995136261,789,0.0,0.0
2024-02-27 11:30:00-05:00,0.7308940291404724,0.7308940291404724,0.7308940291404724,0.7308940291404724,269,0.0,0.0
2024-02-27 12:30:00-05:00,0.7099999785423279,0.710099995136261,0.699999988079071,0.7009999752044678,6191,0.0,0.0
2024-02-27 13:30:00-05:00,0.7046999931335449,0.7046999931335449,0.699999988079071,0.7010809779167175,17674,0.0,0.0
2024-02-27 14:30:00-05:00,0.699999988079071,0.7050999999046326,0.699999988079071,0.7050999999046326,6211,0.0,0.0
2024-02-27 15:30:00-05:00,0.7035999894142151,0.7059000134468079,0.6949999928474426,0.7041559815406799,0,0.0,0.0
2024-02-28 09:30:00-05:00,0.708499014377594,0.7196999788284302,0.699999988079071,0.7196999788284302,10208,0.0,0.0
2024-02-28 10:30:00-05:00,0.710099995136261,0.710099995136261,0.699999988079071,0.699999988079071,1550,0.0,0.0
2024-02-28 11:30:00-05:00,0.699999988079071,0.7073000073432922,0.699999988079071,0.7073000073432922,679,0.0,0.0
2024-02-28 12:30:00-05:00,0.7001000046730042,0.7145000100135803,0.7001000046730042,0.7145000100135803,13596,0.0,0.0
2024-02-28 13:30:00-05:00,0.7002000212669373,0.7055000066757202,0.7002000212669373,0.7055000066757202,810,0.0,0.0
2024-02-28 14:30:00-05:00,0.7013999819755554,0.7037000060081482,0.699999988079071,0.7009999752044678,57235,0.0,0.0
2024-02-28 15:30:00-05:00,0.7002000212669373,0.7020000219345093,0.6988999843597412,0.7008000016212463,0,0.0,0.0
2024-02-29 09:30:00-05:00,0.7200000286102295,0.7200000286102295,0.7099999785423279,0.7110000252723694,18410,0.0,0.0
2024-02-29 10:30:00-05:00,0.7110000252723694,0.7197999954223633,0.710099995136261,0.7197999954223633,7021,0.0,0.0
2024-02-29 11:30:00-05:00,0.7197999954223633,0.7199000120162964,0.699999988079071,0.7143999934196472,2894,0.0,0.0
2024-02-29 12:30:00-05:00,0.699999988079071,0.7099000215530396,0.6951000094413757,0.7099000215530396,4589,0.0,0.0
2024-02-29 13:30:00-05:00,0.7099000215530396,0.7099000215530396,0.7098000049591064,0.7099000215530396,773,0.0,0.0
2024-02-29 14:30:00-05:00,0.7095999717712402,0.7103999853134155,0.6984000205993652,0.699999988079071,4009,0.0,0.0
2024-02-29 15:30:00-05:00,0.699999988079071,0.7099999785423279,0.699999988079071,0.7099999785423279,7117,0.0,0.0
2024-03-01 09:30:00-05:00,0.7181000113487244,0.7181000113487244,0.699999988079071,0.7099999785423279,4415,0.0,0.0
2024-03-01 10:30:00-05:00,0.7258009910583496,0.741599977016449,0.7099999785423279,0.741599977016449,8613,0.0,0.0
2024-03-01 11:30:00-05:00,0.7350000143051147,0.7439000010490417,0.6949999928474426,0.699999988079071,48257,0.0,0.0
2024-03-01 12:30:00-05:00,0.7099999785423279,0.7439000010490417,0.7099999785423279,0.7439000010490417,20822,0.0,0.0
2024-03-01 13:30:00-05:00,0.7250000238418579,0.7250000238418579,0.7053999900817871,0.7053999900817871,31295,0.0,0.0
2024-03-01 14:30:00-05:00,0.7109000086784363,0.7109000086784363,0.699999988079071,0.699999988079071,3166,0.0,0.0
2024-03-01 15:30:00-05:00,0.7109000086784363,0.7113000154495239,0.699999988079071,0.7113000154495239,9393,0.0,0.0
2024-03-04 09:30:00-05:00,0.7300000190734863,0.75,0.718999981880188,0.7200000286102295,45852,0.0,0.0
2024-03-04 10:30:00-05:00,0.7211999893188477,0.7330999970436096,0.699999988079071,0.7329999804496765,170327,0.0,0.0
2024-03-04 11:30:00-05:00,0.7310000061988831,0.7400000095367432,0.7218000292778015,0.7400000095367432,8983,0.0,0.0
2024-03-04 12:30:00-05:00,0.7366999983787537,0.7400000095367432,0.7099000215530396,0.7214999794960022,87461,0.0,0.0
2024-03-04 13:30:00-05:00,0.7343000173568726,0.75,0.727400004863739,0.75,56406,0.0,0.0
2024-03-04 14:30:00-05:00,0.7599999904632568,0.7699999809265137,0.7450000047683716,0.7501000165939331,23395,0.0,0.0
2024-03-04 15:30:00-05:00,0.7509999871253967,0.7565000057220459,0.7400000095367432,0.7512000203132629,0,0.0,0.0
2024-03-05 09:30:00-05:00,0.7900000214576721,0.8154000043869019,0.7645999789237976,0.7645999789237976,32235,0.0,0.0
2024-03-05 10:30:00-05:00,0.7608000040054321,0.7609000205993652,0.75,0.75,5643,0.0,0.0
2024-03-05 11:30:00-05:00,0.75,0.7599999904632568,0.75,0.757099986076355,4826,0.0,0.0
2024-03-05 12:30:00-05:00,0.757099986076355,0.7760999798774719,0.757099986076355,0.7760999798774719,26716,0.0,0.0
2024-03-05 13:30:00-05:00,0.7580000162124634,0.7775999903678894,0.757099986076355,0.7699999809265137,4851,0.0,0.0
2024-03-05 14:30:00-05:00,0.7599999904632568,0.7687000036239624,0.7401000261306763,0.7402999997138977,47815,0.0,0.0
2024-03-05 15:30:00-05:00,0.7402999997138977,0.7688000202178955,0.7402999997138977,0.7405999898910522,0,0.0,0.0
2024-03-06 09:30:00-05:00,0.6899999976158142,0.6899999976158142,0.6365000009536743,0.6650009751319885,385345,0.0,0.0
2024-03-06 10:30:00-05:00,0.6650130152702332,0.6654000282287598,0.6503000259399414,0.6625999808311462,146778,0.0,0.0
2024-03-06 11:30:00-05:00,0.6626999974250793,0.6922000050544739,0.6606990098953247,0.6899999976158142,98378,0.0,0.0
2024-03-06 12:30:00-05:00,0.6770179867744446,0.6880000233650208,0.6632000207901001,0.682200014591217,87664,0.0,0.0
2024-03-06 13:30:00-05:00,0.682200014591217,0.7167999744415283,0.682200014591217,0.6951010227203369,59178,0.0,0.0
2024-03-06 14:30:00-05:00,0.6951000094413757,0.6991000175476074,0.6840999722480774,0.6840999722480774,66253,0.0,0.0
2024-03-06 15:30:00-05:00,0.6879000067710876,0.6950039863586426,0.6879000067710876,0.6912999749183655,99558,0.0,0.0
2024-03-07 09:30:00-05:00,0.6802999973297119,0.7199000120162964,0.6802999973297119,0.6870999932289124,51360,0.0,0.0
2024-03-07 10:30:00-05:00,0.6998000144958496,0.7002000212669373,0.6949999928474426,0.6976000070571899,28478,0.0,0.0
2024-03-07 11:30:00-05:00,0.697700023651123,0.7156000137329102,0.697700023651123,0.7052000164985657,29037,0.0,0.0
2024-03-07 12:30:00-05:00,0.7056000232696533,0.715399980545044,0.7056000232696533,0.7103999853134155,8592,0.0,0.0
2024-03-07 13:30:00-05:00,0.713100016117096,0.7179999947547913,0.713100016117096,0.7160000205039978,25124,0.0,0.0
2024-03-07 14:30:00-05:00,0.7199000120162964,0.722100019454956,0.7099999785423279,0.7220500111579895,15622,0.0,0.0
2024-03-07 15:30:00-05:00,0.7207019925117493,0.72079998254776,0.7099999785423279,0.7199000120162964,0,0.0,0.0
2024-03-08 09:30:00-05:00,0.7699999809265137,0.7799999713897705,0.7350500226020813,0.7400000095367432,69488,0.0,0.0
2024-03-08 10:30:00-05:00,0.7577999830245972,0.7578999996185303,0.7459999918937683,0.7459999918937683,19379,0.0,0.0
2024-03-08 11:30:00-05:00,0.7516000270843506,0.7911999821662903,0.7516000270843506,0.7911999821662903,21485,0.0,0.0
2024-03-08 12:30:00-05:00,0.7599999904632568,0.7789999842643738,0.7599999904632568,0.7789999842643738,3939,0.0,0.0
2024-03-08 13:30:00-05:00,0.7789999842643738,0.7821999788284302,0.767799973487854,0.7731500267982483,5323,0.0,0.0
2024-03-08 14:30:00-05:00,0.7929999828338623,0.7998999953269958,0.7731000185012817,0.7997990250587463,13171,0.0,0.0
2024-03-08 15:30:00-05:00,0.7924489974975586,0.800000011920929,0.7753000259399414,0.800000011920929,65130,0.0,0.0
2024-03-11 09:30:00-04:00,0.818149983882904,0.843999981880188,0.800000011920929,0.8100000023841858,93363,0.0,0.0
2024-03-11 10:30:00-04:00,0.8068000078201294,0.8220000267028809,0.7982000112533569,0.8130999803543091,29018,0.0,0.0
2024-03-11 11:30:00-04:00,0.8065490126609802,0.8238999843597412,0.8001000285148621,0.815500020980835,49007,0.0,0.0
2024-03-11 12:30:00-04:00,0.8100000023841858,0.8197000026702881,0.8009999990463257,0.8197000026702881,5315,0.0,0.0
2024-03-11 13:30:00-04:00,0.8151000142097473,0.8370000123977661,0.8003000020980835,0.8370000123977661,3929,0.0,0.0
2024-03-11 14:30:00-04:00,0.8137000203132629,0.8270000219345093,0.8009999990463257,0.8270000219345093,15710,0.0,0.0
2024-03-11 15:30:00-04:00,0.8144000172615051,0.8144000172615051,0.800000011920929,0.800000011920929,0,0.0,0.0
2024-03-12 09:30:00-04:00,0.800000011920929,0.8100000023841858,0.7900000214576721,0.800000011920929,24443,0.0,0.0
2024-03-12 10:30:00-04:00,0.7998999953269958,0.800000011920929,0.7900000214576721,0.796500027179718,60080,0.0,0.0
2024-03-12 11:30:00-04:00,0.7950999736785889,0.8004999756813049,0.7900000214576721,0.7998999953269958,38508,0.0,0.0
2024-03-12 12:30:00-04:00,0.7964990139007568,0.8198999762535095,0.7731000185012817,0.7826499938964844,200750,0.0,0.0
2024-03-12 13:30:00-04:00,0.7904000282287598,0.7922999858856201,0.7730000019073486,0.7730000019073486,16294,0.0,0.0
2024-03-12 14:30:00-04:00,0.7866610288619995,0.7922000288963318,0.7827000021934509,0.7922000288963318,1551,0.0,0.0
2024-03-12 15:30:00-04:00,0.7742999792098999,0.7922999858856201,0.7742999792098999,0.7745000123977661,0,0.0,0.0
2024-03-13 09:30:00-04:00,0.7739999890327454,0.7899990081787109,0.7699999809265137,0.7700999975204468,6636,0.0,0.0
2024-03-13 10:30:00-04:00,0.7700999975204468,0.779699981212616,0.7649999856948853,0.7649999856948853,11589,0.0,0.0
2024-03-13 11:30:00-04:00,0.7799680233001709,0.782800018787384,0.7649999856948853,0.7749000191688538,26687,0.0,0.0
2024-03-13 12:30:00-04:00,0.7749009728431702,0.7900000214576721,0.7710000276565552,0.7857999801635742,5162,0.0,0.0
2024-03-13 14:30:00-04:00,0.7896000146865845,0.7987989783287048,0.7896000146865845,0.7986000180244446,2422,0.0,0.0
2024-03-13 15:30:00-04:00,0.7958999872207642,0.7959499955177307,0.7958999872207642,0.7959499955177307,0,0.0,0.0
2024-03-14 09:30:00-04:00,0.8199999928474426,0.8199999928474426,0.7706999778747559,0.7706999778747559,55260,0.0,0.0
2024-03-14 10:30:00-04:00,0.7728000283241272,0.7802000045776367,0.7728000283241272,0.7802000045776367,3371,0.0,0.0
2024-03-14 11:30:00-04:00,0.770799994468689,0.770799994468689,0.7610999941825867,0.7703999876976013,13816,0.0,0.0
2024-03-14 12:30:00-04:00,0.7601000070571899,0.7760000228881836,0.7554000020027161,0.7599999904632568,10515,0.0,0.0
2024-03-14 13:30:00-04:00,0.7599999904632568,0.7759900093078613,0.7501000165939331,0.7598999738693237,8344,0.0,0.0
2024-03-14 14:30:00-04:00,0.7598999738693237,0.7598999738693237,0.7502999901771545,0.7595040202140808,10679,0.0,0.0
2024-03-14 15:30:00-04:00,0.7595999836921692,0.8019999861717224,0.7541000247001648,0.8019999861717224,0,0.0,0.0
2024-03-15 09:30:00-04:00,0.8199999928474426,0.8199999928474426,0.7404999732971191,0.7829999923706055,21407,0.0,0.0
2024-03-15 10:30:00-04:00,0.7767000198364258,0.7767000198364258,0.755299985408783,0.7694000005722046,18815,0.0,0.0
2024-03-15 11:30:00-04:00,0.7738000154495239,0.7767000198364258,0.7738000154495239,0.7759000062942505,15826,0.0,0.0
2024-03-15 12:30:00-04:00,0.7751989960670471,0.7753999829292297,0.7599999904632568,0.7599999904632568,13010,0.0,0.0
2024-03-15 13:30:00-04:00,0.7654160261154175,0.7748000025749207,0.7511000037193298,0.7748000025749207,7390,0.0,0.0
2024-03-15 14:30:00-04:00,0.7747989892959595,0.7749000191688538,0.7515000104904175,0.7749000191688538,3718,0.0,0.0
2024-03-15 15:30:00-04:00,0.7651000022888184,0.7749000191688538,0.7570000290870667,0.7599999904632568,2493,0.0,0.0
2024-03-18 09:30:00-04:00,0.7509999871253967,0.7698000073432922,0.7509999871253967,0.7555999755859375,18139,0.0,0.0
2024-03-18 10:30:00-04:00,0.7511000037193298,0.7511000037193298,0.75,0.75,78533,0.0,0.0
2024-03-18 11:30:00-04:00,0.75,0.7509999871253967,0.75,0.7509999871253967,17942,0.0,0.0
2024-03-18 12:30:00-04:00,0.7509999871253967,0.7509999871253967,0.7294999957084656,0.7294999957084656,17661,0.0,0.0
2024-03-18 13:30:00-04:00,0.7330999970436096,0.7400000095367432,0.7330999970436096,0.7400000095367432,932,0.0,0.0
2024-03-18 14:30:00-04:00,0.7330999970436096,0.7398999929428101,0.7267000079154968,0.7267000079154968,2264,0.0,0.0
2024-03-18 15:30:00-04:00,0.7268000245094299,0.7369999885559082,0.7261999845504761,0.7369999885559082,0,0.0,0.0
2024-03-19 09:30:00-04:00,0.75,0.75,0.7261999845504761,0.7261999845504761,3656,0.0,0.0
2024-03-19 10:30:00-04:00,0.7211999893188477,0.7299000024795532,0.7211999893188477,0.7276729941368103,5443,0.0,0.0
2024-03-19 11:30:00-04:00,0.728600025177002,0.7379999756813049,0.7250999808311462,0.7251999974250793,20866,0.0,0.0
2024-03-19 12:30:00-04:00,0.7340999841690063,0.7364169955253601,0.7300000190734863,0.7364169955253601,1814,0.0,0.0
2024-03-19 13:30:00-04:00,0.7402999997138977,0.7402999997138977,0.7402999997138977,0.7402999997138977,438,0.0,0.0
2024-03-19 14:30:00-04:00,0.7300000190734863,0.7402999997138977,0.7300000190734863,0.7402999997138977,480,0.0,0.0
2024-03-19 15:30:00-04:00,0.7300999760627747,0.7300999760627747,0.7300000190734863,0.7300000190734863,0,0.0,0.0
2024-03-20 09:30:00-04:00,0.7357000112533569,0.7401750087738037,0.7300000190734863,0.7300000190734863,22128,0.0,0.0
2024-03-20 10:30:00-04:00,0.7364000082015991,0.7364000082015991,0.7201480269432068,0.7236999869346619,18356,0.0,0.0
2024-03-20 11:30:00-04:00,0.7236999869346619,0.7249000072479248,0.7099999785423279,0.7149999737739563,38911,0.0,0.0
2024-03-20 12:30:00-04:00,0.7150999903678894,0.7190999984741211,0.7150999903678894,0.7157999873161316,1809,0.0,0.0
2024-03-20 13:30:00-04:00,0.7150999903678894,0.7208999991416931,0.7072679996490479,0.7148000001907349,29849,0.0,0.0
2024-03-20 14:30:00-04:00,0.7200000286102295,0.7350999712944031,0.7200000286102295,0.7336000204086304,5662,0.0,0.0
2024-03-20 15:30:00-04:00,0.7342000007629395,0.7342000007629395,0.7281000018119812,0.7282500267028809,0,0.0,0.0
2024-03-21 09:30:00-04:00,0.7450000047683716,0.75,0.7314000129699707,0.7323200106620789,29295,0.0,0.0
2024-03-21 10:30:00-04:00,0.7396000027656555,0.739799976348877,0.7200000286102295,0.7220500111579895,17440,0.0,0.0
2024-03-21 11:30:00-04:00,0.7200999855995178,0.7267000079154968,0.7200999855995178,0.720166027545929,8359,0.0,0.0
2024-03-21 12:30:00-04:00,0.7200999855995178,0.7242000102996826,0.7102000117301941,0.7110000252723694,25236,0.0,0.0
2024-03-21 13:30:00-04:00,0.7110000252723694,0.7231000065803528,0.7110000252723694,0.7231000065803528,9811,0.0,0.0
2024-03-21 14:30:00-04:00,0.7231000065803528,0.7231000065803528,0.7110000252723694,0.7150999903678894,3250,0.0,0.0
2024-03-21 15:30:00-04:00,0.7177000045776367,0.7178999781608582,0.7106000185012817,0.7142500281333923,5729,0.0,0.0
2024-03-22 09:30:00-04:00,0.7200000286102295,0.748199999332428,0.7081999778747559,0.710099995136261,16783,0.0,0.0
2024-03-22 10:30:00-04:00,0.7124999761581421,0.7189000248908997,0.7049999833106995,0.714900016784668,34541,0.0,0.0
2024-03-22 11:30:00-04:00,0.7016339898109436,0.7075999975204468,0.7002000212669373,0.7002999782562256,26433,0.0,0.0
2024-03-22 12:30:00-04:00,0.7038000226020813,0.7093999981880188,0.699999988079071,0.7041000127792358,29779,0.0,0.0
2024-03-22 13:30:00-04:00,0.7070000171661377,0.7070000171661377,0.6967800259590149,0.6996999979019165,82290,0.0,0.0
2024-03-22 14:30:00-04:00,0.6996999979019165,0.7096999883651733,0.6951000094413757,0.7001489996910095,34416,0.0,0.0
2024-03-22 15:30:00-04:00,0.7049990296363831,0.7099999785423279,0.699999988079071,0.699999988079071,7014,0.0,0.0
2024-03-25 09:30:00-04:00,0.7360000014305115,0.7360000014305115,0.6949999928474426,0.6950500011444092,18019,0.0,0.0
2024-03-25 10:30:00-04:00,0.6999350190162659,0.6999350190162659,0.6949999928474426,0.6949999928474426,3708,0.0,0.0
2024-03-25 11:30:00-04:00,0.6949999928474426,0.6998999714851379,0.6922000050544739,0.6922000050544739,6572,0.0,0.0
2024-03-25 12:30:00-04:00,0.6899999976158142,0.6899999976158142,0.6854000091552734,0.6883000135421753,12783,0.0,0.0
2024-03-25 13:30:00-04:00,0.6940000057220459,0.6940000057220459,0.6850000023841858,0.6935999989509583,8810,0.0,0.0
2024-03-25 14:30:00-04:00,0.6937000155448914,0.6937000155448914,0.6937000155448914,0.6937000155448914,221,0.0,0.0
2024-03-25 15:30:00-04:00,0.6859999895095825,0.6924999952316284,0.6859999895095825,0.6924999952316284,590,0.0,0.0
2024-03-26 09:30:00-04:00,0.7549999952316284,0.7549999952316284,0.6955999732017517,0.6998999714851379,26640,0.0,0.0
2024-03-26 10:30:00-04:00,0.6963000297546387,0.7014999985694885,0.6961780190467834,0.6961780190467834,1310,0.0,0.0
2024-03-26 11:30:00-04:00,0.6962500214576721,0.7114999890327454,0.6962000131607056,0.704800009727478,7701,0.0,0.0
2024-03-26 12:30:00-04:00,0.7062000036239624,0.7062000036239624,0.6941999793052673,0.6941999793052673,16174,0.0,0.0
2024-03-26 13:30:00-04:00,0.6942499876022339,0.6965000033378601,0.6914100050926208,0.6916999816894531,8393,0.0,0.0
2024-03-26 14:30:00-04:00,0.6913999915122986,0.7013999819755554,0.6912000179290771,0.6962000131607056,1914,0.0,0.0
2024-03-26 15:30:00-04:00,0.7008000016212463,0.7008000016212463,0.6912000179290771,0.7006999850273132,7516,0.0,0.0
2024-03-27 09:30:00-04:00,0.6940000057220459,0.7044000029563904,0.6940000057220459,0.7020999789237976,4328,0.0,0.0
2024-03-27 10:30:00-04:00,0.7020999789237976,0.7030109763145447,0.6991999745368958,0.699999988079071,29278,0.0,0.0
2024-03-27 11:30:00-04:00,0.7019000053405762,0.7039999961853027,0.6991999745368958,0.6991999745368958,78662,0.0,0.0
2024-03-27 12:30:00-04:00,0.6980000138282776,0.7045000195503235,0.6980000138282776,0.7045000195503235,4492,0.0,0.0
2024-03-27 13:30:00-04:00,0.7139999866485596,0.7142999768257141,0.7071999907493591,0.7142999768257141,3729,0.0,0.0
2024-03-27 15:30:00-04:00,0.7095000147819519,0.7247999906539917,0.7031000256538391,0.7070000171661377,0,0.0,0.0
2024-03-28 09:30:00-04:00,0.7426999807357788,0.7480000257492065,0.699999988079071,0.7425000071525574,30306,0.0,0.0
2024-03-28 10:30:00-04:00,0.7213500142097473,0.7440000176429749,0.7213500142097473,0.739799976348877,10440,0.0,0.0
2024-03-28 11:30:00-04:00,0.7120000123977661,0.7444999814033508,0.7120000123977661,0.7200000286102295,4460,0.0,0.0
2024-03-28 12:30:00-04:00,0.713100016117096,0.7398999929428101,0.713100016117096,0.7259489893913269,16287,0.0,0.0
2024-03-28 13:30:00-04:00,0.7200000286102295,0.7400000095367432,0.7179999947547913,0.7179999947547913,6704,0.0,0.0
2024-03-28 14:30:00-04:00,0.7319999933242798,0.7329999804496765,0.7181000113487244,0.7329999804496765,6192,0.0,0.0
2024-03-28 15:30:00-04:00,0.7190999984741211,0.7250999808311462,0.7099999785423279,0.710099995136261,14474,0.0,0.0
2024-04-01 09:30:00-04:00,0.7498999834060669,0.7499499917030334,0.7129999995231628,0.7350000143051147,81381,0.0,0.0
2024-04-01 10:30:00-04:00,0.7300670146942139,0.733299970626831,0.7204999923706055,0.729200005531311,13071,0.0,0.0
2024-04-01 11:30:00-04:00,0.7289999723434448,0.7289999723434448,0.7200000286102295,0.7287989854812622,6615,0.0,0.0
2024-04-01 12:30:00-04:00,0.7293999791145325,0.7314000129699707,0.7202010154724121,0.7314000129699707,28095,0.0,0.0
2024-04-01 13:30:00-04:00,0.7289999723434448,0.7315000295639038,0.7210000157356262,0.7250000238418579,21004,0.0,0.0
2024-04-01 14:30:00-04:00,0.7250999808311462,0.7307999730110168,0.7210999727249146,0.7304999828338623,19332,0.0,0.0
2024-04-01 15:30:00-04:00,0.7303990125656128,0.734499990940094,0.7210000157356262,0.734499990940094,9691,0.0,0.0
2024-04-02 09:30:00-04:00,0.75,0.75,0.7300000190734863,0.7419999837875366,28160,0.0,0.0
2024-04-02 10:30:00-04:00,0.7342000007629395,0.7448999881744385,0.7296000123023987,0.7297000288963318,26796,0.0,0.0
2024-04-02 11:30:00-04:00,0.7297099828720093,0.75,0.7297000288963318,0.7400000095367432,15920,0.0,0.0
2024-04-02 12:30:00-04:00,0.7350999712944031,0.75,0.7300000190734863,0.7350999712944031,28335,0.0,0.0
2024-04-02 13:30:00-04:00,0.7351009845733643,0.7440000176429749,0.7246000170707703,0.7440000176429749,28802,0.0,0.0
2024-04-02 14:30:00-04:00,0.7400000095367432,0.7432000041007996,0.7200000286102295,0.7269999980926514,84217,0.0,0.0
2024-04-02 15:30:00-04:00,0.7271000146865845,0.7390000224113464,0.7231000065803528,0.7260000109672546,0,0.0,0.0
2024-04-03 09:30:00-04:00,0.75,0.7797999978065491,0.7300000190734863,0.7549999952316284,96809,0.0,0.0
2024-04-03 10:30:00-04:00,0.7727000117301941,0.7749999761581421,0.7450000047683716,0.760200023651123,70685,0.0,0.0
2024-04-03 11:30:00-04:00,0.758899986743927,0.7829899787902832,0.7570000290870667,0.7699999809265137,51798,0.0,0.0
2024-04-03 12:30:00-04:00,0.7828999757766724,0.7876999974250793,0.7599999904632568,0.7839999794960022,79988,0.0,0.0
2024-04-03 13:30:00-04:00,0.7802000045776367,0.7979999780654907,0.7699999809265137,0.7900999784469604,92897,0.0,0.0
2024-04-03 14:30:00-04:00,0.7940499782562256,0.8241000175476074,0.7900000214576721,0.7990000247955322,52243,0.0,0.0
2024-04-03 15:30:00-04:00,0.7900000214576721,0.8162999749183655,0.7799999713897705,0.7980999946594238,71030,0.0,0.0
2024-04-04 09:30:00-04:00,0.8399999737739563,0.8399999737739563,0.800000011920929,0.8130999803543091,68550,0.0,0.0
2024-04-04 10:30:00-04:00,0.8130000233650208,0.8187000155448914,0.800000011920929,0.8004000186920166,49093,0.0,0.0
2024-04-04 11:30:00-04:00,0.7961009740829468,0.8033000230789185,0.7961000204086304,0.7982500195503235,17886,0.0,0.0
2024-04-04 12:30:00-04:00,0.8016999959945679,0.8016999959945679,0.7960000038146973,0.8001989722251892,11050,0.0,0.0
2024-04-04 13:30:00-04:00,0.8001000285148621,0.8016999959945679,0.7960000038146973,0.7960000038146973,27833,0.0,0.0
2024-04-04 14:30:00-04:00,0.7983999848365784,0.7990999817848206,0.7972999811172485,0.7972999811172485,6997,0.0,0.0
2024-04-04 15:30:00-04:00,0.7900000214576721,0.8118000030517578,0.7900000214576721,0.8040500283241272,3539,0.0,0.0
2024-04-05 09:30:00-04:00,0.8379999995231628,0.8379999995231628,0.7901009917259216,0.7990000247955322,11024,0.0,0.0
2024-04-05 10:30:00-04:00,0.8072999715805054,0.830299973487854,0.800059974193573,0.8278999924659729,21140,0.0,0.0
2024-04-05 11:30:00-04:00,0.8300999999046326,0.8500000238418579,0.8101000189781189,0.8500000238418579,109064,0.0,0.0
2024-04-05 12:30:00-04:00,0.8500000238418579,0.8500000238418579,0.8323000073432922,0.838699996471405,39303,0.0,0.0
2024-04-05 13:30:00-04:00,0.8388000130653381,0.8391000032424927,0.8199999928474426,0.8300999999046326,30996,0.0,0.0
2024-04-05 14:30:00-04:00,0.8500000238418579,0.8500000238418579,0.8101000189781189,0.8299999833106995,31572,0.0,0.0
2024-04-05 15:30:00-04:00,0.830299973487854,0.8463000059127808,0.830299973487854,0.8463000059127808,7522,0.0,0.0
2024-04-08 09:30:00-04:00,0.8500000238418579,0.883899986743927,0.8100000023841858,0.8640000224113464,229376,0.0,0.0
2024-04-08 10:30:00-04:00,0.8504999876022339,0.8588989973068237,0.8251000046730042,0.8300999999046326,49710,0.0,0.0
2024-04-08 11:30:00-04:00,0.8399999737739563,0.8535000085830688,0.8384000062942505,0.8500999808311462,7004,0.0,0.0
2024-04-08 12:30:00-04:00,0.8531000018119812,0.8543000221252441,0.8399999737739563,0.8511999845504761,24034,0.0,0.0
2024-04-08 13:30:00-04:00,0.847000002861023,0.859000027179718,0.8450000286102295,0.8550000190734863,24454,0.0,0.0
2024-04-08 14:30:00-04:00,0.8604000210762024,0.8733999729156494,0.8519999980926514,0.8651000261306763,56125,0.0,0.0
2024-04-08 15:30:00-04:00,0.8651000261306763,0.875,0.8600000143051147,0.875,48758,0.0,0.0
2024-04-09 09:30:00-04:00,0.8999999761581421,0.9276000261306763,0.8902000188827515,0.923799991607666,86118,0.0,0.0
2024-04-09 10:30:00-04:00,0.9275000095367432,0.9276000261306763,0.8799999952316284,0.9070000052452087,78685,0.0,0.0
2024-04-09 11:30:00-04:00,0.8901000022888184,0.8980000019073486,0.86080002784729,0.8946999907493591,26815,0.0,0.0
2024-04-09 12:30:00-04:00,0.8949999809265137,0.9081000089645386,0.8622000217437744,0.90420001745224,124875,0.0,0.0
2024-04-09 13:30:00-04:00,0.9110999703407288,0.9110999703407288,0.883899986743927,0.883899986743927,34706,0.0,0.0
2024-04-09 14:30:00-04:00,0.9017999768257141,0.9017999768257141,0.8804000020027161,0.8913999795913696,16806,0.0,0.0
2024-04-09 15:30:00-04:00,0.8913999795913696,0.9247000217437744,0.880299985408783,0.9040799736976624,12152,0.0,0.0
2024-04-10 09:30:00-04:00,0.8873000144958496,0.8873000144958496,0.8403000235557556,0.8751000165939331,33688,0.0,0.0
2024-04-10 10:30:00-04:00,0.8751000165939331,0.8898990154266357,0.864799976348877,0.8703010082244873,34116,0.0,0.0
2024-04-10 11:30:00-04:00,0.8795999884605408,0.8795999884605408,0.8600999712944031,0.8650000095367432,8548,0.0,0.0
2024-04-10 12:30:00-04:00,0.8651000261306763,0.8651999831199646,0.8352000117301941,0.847599983215332,12674,0.0,0.0
2024-04-10 13:30:00-04:00,0.8476499915122986,0.9200000166893005,0.8476499915122986,0.8914999961853027,186070,0.0,0.0
2024-04-10 14:30:00-04:00,0.8914999961853027,0.9200000166893005,0.8849999904632568,0.887499988079071,109890,0.0,0.0
2024-04-10 15:30:00-04:00,0.8891000151634216,0.8924490213394165,0.8816999793052673,0.8833000063896179,26203,0.0,0.0
2024-04-11 09:30:00-04:00,0.890999972820282,0.9333999752998352,0.8899999856948853,0.8910999894142151,97768,0.0,0.0
2024-04-11 10:30:00-04:00,0.8999490141868591,0.9199000000953674,0.8898000121116638,0.8949999809265137,10684,0.0,0.0
2024-04-11 11:30:00-04:00,0.9199000000953674,0.9199000000953674,0.8945000171661377,0.8945000171661377,3082,0.0,0.0
2024-04-11 12:30:00-04:00,0.8805000185966492,0.8945000171661377,0.8799999952316284,0.8802000284194946,12501,0.0,0.0
2024-04-11 13:30:00-04:00,0.9079999923706055,0.9079999923706055,0.8799999952316284,0.9020000100135803,0,0.0,0.0
2024-04-11 14:30:00-04:00,0.8999000191688538,0.8999999761581421,0.8912000060081482,0.8999999761581421,155078,0.0,0.0
2024-04-11 15:30:00-04:00,0.9034000039100647,0.9203000068664551,0.8999999761581421,0.9150000214576721,18906,0.0,0.0
2024-04-12 09:30:00-04:00,0.949999988079071,0.9660000205039978,0.9399999976158142,0.9598000049591064,227785,0.0,0.0
2024-04-12 10:30:00-04:00,0.9596989750862122,0.9596989750862122,0.9200000166893005,0.9336000084877014,48831,0.0,0.0
2024-04-12 11:30:00-04:00,0.9367499947547913,0.9399999976158142,0.9100000262260437,0.9100000262260437,9839,0.0,0.0
2024-04-12 12:30:00-04:00,0.9211000204086304,0.927299976348877,0.8999999761581421,0.8999999761581421,33050,0.0,0.0
2024-04-12 13:30:00-04:00,0.8831999897956848,0.8896989822387695,0.8600999712944031,0.8700000047683716,31820,0.0,0.0
2024-04-12 14:30:00-04:00,0.8698999881744385,0.8831380009651184,0.8698999881744385,0.8725000023841858,26970,0.0,0.0
2024-04-12 15:30:00-04:00,0.872501015663147,0.8849999904632568,0.8600999712944031,0.8765000104904175,23380,0.0,0.0
2024-04-15 09:30:00-04:00,0.8855999708175659,0.8894000053405762,0.824999988079071,0.824999988079071,37459,0.0,0.0
2024-04-15 10:30:00-04:00,0.8327999711036682,0.8661999702453613,0.824999988079071,0.8539999723434448,21978,0.0,0.0
2024-04-15 11:30:00-04:00,0.8500000238418579,0.8551989793777466,0.8498129844665527,0.8551989793777466,5281,0.0,0.0
2024-04-15 12:30:00-04:00,0.8450999855995178,0.8450999855995178,0.8349999785423279,0.8349999785423279,1940,0.0,0.0
2024-04-15 13:30:00-04:00,0.8277999758720398,0.8299999833106995,0.8250010013580322,0.8251000046730042,9596,0.0,0.0
2024-04-15 14:30:00-04:00,0.8299000263214111,0.8551999926567078,0.8274499773979187,0.847599983215332,19400,0.0,0.0
2024-04-15 15:30:00-04:00,0.8357999920845032,0.8544999957084656,0.8299999833106995,0.8360000252723694,9536,0.0,0.0
2024-04-16 09:30:00-04:00,0.8500000238418579,0.8500000238418579,0.8051999807357788,0.8183000087738037,34725,0.0,0.0
2024-04-16 10:30:00-04:00,0.8184000253677368,0.8489999771118164,0.8101000189781189,0.8489999771118164,9844,0.0,0.0
2024-04-16 11:30:00-04:00,0.8255000114440918,0.8460000157356262,0.8130999803543091,0.8331500291824341,4461,0.0,0.0
2024-04-16 12:30:00-04:00,0.8331000208854675,0.8489999771118164,0.8331000208854675,0.8489999771118164,4049,0.0,0.0
2024-04-16 13:30:00-04:00,0.8450000286102295,0.8751459717750549,0.8396999835968018,0.8589000105857849,61166,0.0,0.0
2024-04-16 14:30:00-04:00,0.8650000095367432,0.8889999985694885,0.86285001039505,0.883400022983551,79796,0.0,0.0
2024-04-16 15:30:00-04:00,0.881600022315979,0.885200023651123,0.881600022315979,0.8820000290870667,36293,0.0,0.0
2024-04-17 09:30:00-04:00,0.8899999856948853,0.8998000025749207,0.875,0.8888000249862671,24726,0.0,0.0
2024-04-17 10:30:00-04:00,0.8899000287055969,0.8899999856948853,0.8510000109672546,0.8532000184059143,65962,0.0,0.0
2024-04-17 11:30:00-04:00,0.8510000109672546,0.8567000031471252,0.814300000667572,0.8374999761581421,59281,0.0,0.0
2024-04-17 12:30:00-04:00,0.8326510190963745,0.8409000039100647,0.8259699940681458,0.8409000039100647,9336,0.0,0.0
2024-04-17 13:30:00-04:00,0.8551999926567078,0.8899999856948853,0.8551999926567078,0.8859999775886536,35834,0.0,0.0
2024-04-17 14:30:00-04:00,0.8748999834060669,0.8934999704360962,0.8748999834060669,0.8892999887466431,35141,0.0,0.0
2024-04-17 15:30:00-04:00,0.8899000287055969,0.8899999856948853,0.887499988079071,0.8899499773979187,13397,0.0,0.0
2024-04-18 09:30:00-04:00,0.8938999772071838,0.8999999761581421,0.8651099801063538,0.8651099801063538,27772,0.0,0.0
2024-04-18 10:30:00-04:00,0.8723000288009644,0.889028012752533,0.850600004196167,0.8694000244140625,12879,0.0,0.0
2024-04-18 11:30:00-04:00,0.8519999980926514,0.8519999980926514,0.8482999801635742,0.8482999801635742,26244,0.0,0.0
2024-04-18 12:30:00-04:00,0.8465999960899353,0.8500000238418579,0.8300999999046326,0.8309999704360962,34921,0.0,0.0
2024-04-18 13:30:00-04:00,0.8339999914169312,0.8349000215530396,0.8299999833106995,0.8299999833106995,13541,0.0,0.0
2024-04-18 14:30:00-04:00,0.8339999914169312,0.8700000047683716,0.8300999999046326,0.8633999824523926,30261,0.0,0.0
2024-04-18 15:30:00-04:00,0.8461999893188477,0.8708000183105469,0.8461999893188477,0.8535000085830688,9155,0.0,0.0
2024-04-19 09:30:00-04:00,0.8799999952316284,0.8799999952316284,0.8410000205039978,0.875,32508,0.0,0.0
2024-04-19 10:30:00-04:00,0.8700000047683716,0.8700000047683716,0.8698499798774719,0.8698499798774719,15469,0.0,0.0
2024-04-19 11:30:00-04:00,0.8700000047683716,0.8700000047683716,0.8661010265350342,0.869700014591217,17377,0.0,0.0
2024-04-19 12:30:00-04:00,0.8678500056266785,0.8700000047683716,0.853600025177002,0.8700000047683716,17579,0.0,0.0
2024-04-19 13:30:00-04:00,0.8700000047683716,0.8700000047683716,0.8682000041007996,0.8690000176429749,7213,0.0,0.0
2024-04-19 14:30:00-04:00,0.8698999881744385,0.8716999888420105,0.8690000176429749,0.8700000047683716,39484,0.0,0.0
2024-04-19 15:30:00-04:00,0.8700000047683716,0.8700000047683716,0.8679999709129333,0.869949996471405,15273,0.0,0.0
2024-04-22 09:30:00-04:00,0.859000027179718,0.859000027179718,0.8199999928474426,0.8285999894142151,46019,0.0,0.0
2024-04-22 10:30:00-04:00,0.8399999737739563,0.8399999737739563,0.8195739984512329,0.8195739984512329,11576,0.0,0.0
2024-04-22 11:30:00-04:00,0.8180999755859375,0.8299999833106995,0.8100000023841858,0.8109999895095825,25101,0.0,0.0
2024-04-22 12:30:00-04:00,0.8199999928474426,0.824999988079071,0.8101999759674072,0.8224499821662903,14965,0.0,0.0
2024-04-22 13:30:00-04:00,0.8111000061035156,0.8289999961853027,0.8101999759674072,0.8101999759674072,5073,0.0,0.0
2024-04-22 14:30:00-04:00,0.816100001335144,0.8299999833106995,0.816100001335144,0.8248999714851379,1824,0.0,0.0
2024-04-22 15:30:00-04:00,0.8246999979019165,0.8299999833106995,0.8202499747276306,0.8277999758720398,11449,0.0,0.0
2024-04-23 09:30:00-04:00,0.8299999833106995,0.8391000032424927,0.8180999755859375,0.8324999809265137,22524,0.0,0.0
2024-04-23 10:30:00-04:00,0.8312000036239624,0.840499997138977,0.8299999833106995,0.8400999903678894,8732,0.0,0.0
2024-04-23 11:30:00-04:00,0.8468440175056458,0.8475000262260437,0.8299999833106995,0.8299999833106995,22951,0.0,0.0
2024-04-23 12:30:00-04:00,0.8425999879837036,0.8485000133514404,0.8300999999046326,0.8377000093460083,12482,0.0,0.0
2024-04-23 13:30:00-04:00,0.8377000093460083,0.8399999737739563,0.8371999859809875,0.839900016784668,11414,0.0,0.0
2024-04-23 14:30:00-04:00,0.839900016784668,0.8495000004768372,0.8385000228881836,0.8460000157356262,2443,0.0,0.0
2024-04-23 15:30:00-04:00,0.8421499729156494,0.8485000133514404,0.8385000228881836,0.8436999917030334,9302,0.0,0.0
2024-04-24 09:30:00-04:00,0.8299999833106995,0.8500000238418579,0.8299999833106995,0.8389989733695984,10022,0.0,0.0
2024-04-24 10:30:00-04:00,0.8356999754905701,0.8368499875068665,0.8356999754905701,0.8368499875068665,952,0.0,0.0
2024-04-24 11:30:00-04:00,0.8356999754905701,0.8356999754905701,0.8251000046730042,0.8299999833106995,8878,0.0,0.0
2024-04-24 12:30:00-04:00,0.8270000219345093,0.8309000134468079,0.8267999887466431,0.8299000263214111,2998,0.0,0.0
2024-04-24 13:30:00-04:00,0.8299000263214111,0.8299000263214111,0.8289999961853027,0.8289999961853027,1181,0.0,0.0
2024-04-24 14:30:00-04:00,0.82669997215271,0.8299000263214111,0.8253999948501587,0.8288000226020813,2292,0.0,0.0
2024-04-24 15:30:00-04:00,0.829800009727478,0.8299999833106995,0.829800009727478,0.8299999833106995,0,0.0,0.0
2024-04-25 09:30:00-04:00,0.8299999833106995,0.8299999833106995,0.8251000046730042,0.8299999833106995,45979,0.0,0.0
2024-04-25 10:30:00-04:00,0.8299999833106995,0.8299999833106995,0.827551007270813,0.8299999833106995,14723,0.0,0.0
2024-04-25 11:30:00-04:00,0.8299999833106995,0.8299999833106995,0.8271999955177307,0.8299999833106995,8644,0.0,0.0
2024-04-25 12:30:00-04:00,0.8299999833106995,0.8299999833106995,0.8187000155448914,0.8199999928474426,48897,0.0,0.0
2024-04-25 13:30:00-04:00,0.8220000267028809,0.8299559950828552,0.8215000033378601,0.8299559950828552,3159,0.0,0.0
2024-04-25 14:30:00-04:00,0.8299999833106995,0.8299999833106995,0.8111000061035156,0.8166000247001648,16844,0.0,0.0
2024-04-25 15:30:00-04:00,0.8133999705314636,0.819100022315979,0.8133000135421753,0.8149999976158142,0,0.0,0.0
2024-04-26 09:30:00-04:00,0.833299994468689,0.833299994468689,0.8204010128974915,0.823648989200592,15408,0.0,0.0
2024-04-26 10:30:00-04:00,0.824400007724762,0.8287000060081482,0.8242989778518677,0.8259999752044678,1951,0.0,0.0
2024-04-26 11:30:00-04:00,0.8288999795913696,0.8288999795913696,0.8288999795913696,0.8288999795913696,6004,0.0,0.0
2024-04-26 12:30:00-04:00,0.8289999961853027,0.8289999961853027,0.8199999928474426,0.8201000094413757,2127,0.0,0.0
2024-04-26 13:30:00-04:00,0.8202999830245972,0.8231009840965271,0.8199999928474426,0.8231009840965271,2068,0.0,0.0
2024-04-26 14:30:00-04:00,0.8224499821662903,0.8224499821662903,0.8179500102996826,0.8179500102996826,12252,0.0,0.0
2024-04-26 15:30:00-04:00,0.8179500102996826,0.8198000192642212,0.8145999908447266,0.8150500059127808,1374,0.0,0.0
2024-04-29 09:30:00-04:00,0.8199999928474426,0.8234000205993652,0.8100000023841858,0.8100000023841858,14434,0.0,0.0
2024-04-29 10:30:00-04:00,0.8100000023841858,0.8222000002861023,0.8100000023841858,0.8101000189781189,19611,0.0,0.0
2024-04-29 11:30:00-04:00,0.8101000189781189,0.8109999895095825,0.8090000152587891,0.8091999888420105,9377,0.0,0.0
2024-04-29 12:30:00-04:00,0.8090010285377502,0.8111000061035156,0.8059999942779541,0.8091999888420105,3375,0.0,0.0
2024-04-29 13:30:00-04:00,0.8109509944915771,0.814300000667572,0.8090000152587891,0.8090000152587891,7744,0.0,0.0
2024-04-29 14:30:00-04:00,0.8090000152587891,0.8090000152587891,0.8019999861717224,0.804000973701477,9121,0.0,0.0
2024-04-29 15:30:00-04:00,0.8019999861717224,0.8044000267982483,0.7910000085830688,0.7910000085830688,0,0.0,0.0
2024-04-30 09:30:00-04:00,0.8019000291824341,0.8019000291824341,0.7651000022888184,0.7682009935379028,38594,0.0,0.0
2024-04-30 10:30:00-04:00,0.7699000239372253,0.7699999809265137,0.7681000232696533,0.7699999809265137,8720,0.0,0.0
2024-04-30 11:30:00-04:00,0.7681000232696533,0.7690510153770447,0.7599999904632568,0.762499988079071,18435,0.0,0.0
2024-04-30 12:30:00-04:00,0.7648000121116638,0.7649000287055969,0.7599999904632568,0.7649000287055969,13938,0.0,0.0
2024-04-30 13:30:00-04:00,0.7622500061988831,0.7699000239372253,0.7622500061988831,0.7699000239372253,15487,0.0,0.0
2024-04-30 14:30:00-04:00,0.7699000239372253,0.7699000239372253,0.7599999904632568,0.7692090272903442,2014,0.0,0.0
2024-04-30 15:30:00-04:00,0.7695000171661377,0.7695000171661377,0.7599999904632568,0.7599999904632568,0,0.0,0.0
2024-05-01 09:30:00-04:00,0.7699999809265137,0.7699999809265137,0.7372000217437744,0.7459949851036072,162720,0.0,0.0
2024-05-01 10:30:00-04:00,0.7628989815711975,0.7628989815711975,0.7422000169754028,0.7506999969482422,78645,0.0,0.0
2024-05-01 11:30:00-04:00,0.7599999904632568,0.7599999904632568,0.7567999958992004,0.7599989771842957,2355,0.0,0.0
2024-05-01 12:30:00-04:00,0.7599999904632568,0.7599999904632568,0.7599999904632568,0.7599999904632568,127,0.0,0.0
2024-05-01 13:30:00-04:00,0.7502009868621826,0.7502009868621826,0.7502009868621826,0.7502009868621826,225,0.0,0.0
2024-05-01 14:30:00-04:00,0.7519000172615051,0.7599999904632568,0.7519000172615051,0.7595000267028809,23307,0.0,0.0
2024-05-01 15:30:00-04:00,0.7594000101089478,0.7595000267028809,0.7552000284194946,0.7555000185966492,0,0.0,0.0
2024-05-02 09:30:00-04:00,0.75,0.7595999836921692,0.75,0.7511000037193298,7459,0.0,0.0
2024-05-02 10:30:00-04:00,0.751488983631134,0.7603999972343445,0.7511000037193298,0.7551000118255615,13814,0.0,0.0
2024-05-02 11:30:00-04:00,0.7567999958992004,0.7595000267028809,0.7519999742507935,0.7587000131607056,16130,0.0,0.0
2024-05-02 12:30:00-04:00,0.7591000199317932,0.7793999910354614,0.7588000297546387,0.7739999890327454,9088,0.0,0.0
2024-05-02 13:30:00-04:00,0.7631000280380249,0.7688999772071838,0.7631000280380249,0.7688999772071838,3220,0.0,0.0
2024-05-02 14:30:00-04:00,0.7699000239372253,0.7699000239372253,0.7638000249862671,0.7638000249862671,1391,0.0,0.0
2024-05-02 15:30:00-04:00,0.7675999999046326,0.7703999876976013,0.7573999762535095,0.7573999762535095,0,0.0,0.0
2024-05-03 09:30:00-04:00,0.7418000102043152,0.7549999952316284,0.7328000068664551,0.7328000068664551,111078,0.0,0.0
2024-05-03 10:30:00-04:00,0.7382500171661377,0.7498999834060669,0.7382490038871765,0.7498999834060669,66658,0.0,0.0
2024-05-03 11:30:00-04:00,0.7501000165939331,0.7630000114440918,0.7495999932289124,0.7495999932289124,56990,0.0,0.0
2024-05-03 12:30:00-04:00,0.7496079802513123,0.7630000114440918,0.7496079802513123,0.7599999904632568,6837,0.0,0.0
2024-05-03 13:30:00-04:00,0.7526000142097473,0.7599999904632568,0.7526000142097473,0.753000020980835,3258,0.0,0.0
2024-05-03 14:30:00-04:00,0.7599980235099792,0.7599980235099792,0.7599980235099792,0.7599980235099792,539,0.0,0.0
2024-05-03 15:30:00-04:00,0.7578489780426025,0.7616999745368958,0.7578489780426025,0.7602999806404114,5790,0.0,0.0
2024-05-06 09:30:00-04:00,0.7699000239372253,0.795199990272522,0.761900007724762,0.7699999809265137,172752,0.0,0.0
2024-05-06 10:30:00-04:00,0.761900007724762,0.7699999809265137,0.7609999775886536,0.7609999775886536,11232,0.0,0.0
2024-05-06 11:30:00-04:00,0.7595999836921692,0.7598999738693237,0.7473999857902527,0.75,8967,0.0,0.0
2024-05-06 12:30:00-04:00,0.7501999735832214,0.7940999865531921,0.7501999735832214,0.7889999747276306,77909,0.0,0.0
2024-05-06 13:30:00-04:00,0.7900000214576721,0.7947999835014343,0.7699999809265137,0.7699999809265137,49450,0.0,0.0
2024-05-06 14:30:00-04:00,0.7601000070571899,0.7943990230560303,0.7595000267028809,0.7696009874343872,19373,0.0,0.0
2024-05-06 15:30:00-04:00,0.7673500180244446,0.7759000062942505,0.7673500180244446,0.7677000164985657,834,0.0,0.0
2024-05-07 09:30:00-04:00,0.7738000154495239,0.7738000154495239,0.7549999952316284,0.7613000273704529,9888,0.0,0.0
2024-05-07 10:30:00-04:00,0.7552000284194946,0.7598999738693237,0.7526000142097473,0.7549999952316284,28477,0.0,0.0
2024-05-07 11:30:00-04:00,0.7588000297546387,0.765500009059906,0.7551000118255615,0.7584999799728394,16411,0.0,0.0
2024-05-07 12:30:00-04:00,0.7603999972343445,0.7629989981651306,0.7549999952316284,0.7549999952316284,18160,0.0,0.0
2024-05-07 13:30:00-04:00,0.7526000142097473,0.7580000162124634,0.75,0.75,45438,0.0,0.0
2024-05-07 14:30:00-04:00,0.7547990083694458,0.7548999786376953,0.7547000050544739,0.7547000050544739,523,0.0,0.0
2024-05-07 15:30:00-04:00,0.7545999884605408,0.7548999786376953,0.7437999844551086,0.7548999786376953,3786,0.0,0.0
2024-05-08 09:30:00-04:00,0.7599999904632568,0.7599999904632568,0.7401999831199646,0.7549999952316284,10878,0.0,0.0
2024-05-08 10:30:00-04:00,0.746999979019165,0.7791000008583069,0.746999979019165,0.7509999871253967,97695,0.0,0.0
2024-05-08 11:30:00-04:00,0.7509999871253967,0.7649999856948853,0.7509999871253967,0.7649999856948853,26489,0.0,0.0
2024-05-08 12:30:00-04:00,0.7645999789237976,0.7649999856948853,0.7645999789237976,0.7645999789237976,21114,0.0,0.0
2024-05-08 13:30:00-04:00,0.7601000070571899,0.7699999809265137,0.7599999904632568,0.7687000036239624,24369,0.0,0.0
2024-05-08 14:30:00-04:00,0.7609999775886536,0.7631999850273132,0.7524510025978088,0.7524510025978088,16620,0.0,0.0
2024-05-08 15:30:00-04:00,0.75,0.75,0.75,0.75,285,0.0,0.0
2024-05-09 09:30:00-04:00,0.75,0.7699999809265137,0.7486000061035156,0.7680000066757202,107782,0.0,0.0
2024-05-09 10:30:00-04:00,0.7600489854812622,0.7889999747276306,0.75,0.7699999809265137,45789,0.0,0.0
2024-05-09 11:30:00-04:00,0.7699999809265137,0.7949000000953674,0.7699999809265137,0.770799994468689,3827,0.0,0.0
2024-05-09 12:30:00-04:00,0.7692999839782715,0.7929999828338623,0.7627000212669373,0.7929999828338623,3799,0.0,0.0
2024-05-09 13:30:00-04:00,0.7672489881515503,0.7930999994277954,0.7599989771842957,0.7599989771842957,10558,0.0,0.0
2024-05-09 14:30:00-04:00,0.7599999904632568,0.7929999828338623,0.7550489902496338,0.7749999761581421,24936,0.0,0.0
2024-05-09 15:30:00-04:00,0.7919999957084656,0.7919999957084656,0.7699999809265137,0.7699999809265137,0,0.0,0.0
2024-05-10 09:30:00-04:00,0.7900000214576721,0.7998999953269958,0.7710999846458435,0.7850000262260437,84201,0.0,0.0
2024-05-10 10:30:00-04:00,0.7749999761581421,0.789900004863739,0.7699999809265137,0.777550995349884,5220,0.0,0.0
2024-05-10 11:30:00-04:00,0.7738000154495239,0.7850000262260437,0.7700999975204468,0.7700999975204468,32819,0.0,0.0
2024-05-10 12:30:00-04:00,0.7774999737739563,0.7850000262260437,0.7700999975204468,0.7849000096321106,1761,0.0,0.0
2024-05-10 13:30:00-04:00,0.7809900045394897,0.8098999857902527,0.7809000015258789,0.7883340120315552,117362,0.0,0.0
2024-05-10 14:30:00-04:00,0.7889999747276306,0.7896999716758728,0.7814000248908997,0.7814000248908997,4320,0.0,0.0
2024-05-10 15:30:00-04:00,0.7857999801635742,0.7893999814987183,0.781000018119812,0.784600019454956,6490,0.0,0.0
2024-05-13 09:30:00-04:00,0.7900000214576721,0.800000011920929,0.7699999809265137,0.7699999809265137,6030,0.0,0.0
2024-05-13 10:30:00-04:00,0.7700999975204468,0.7781999707221985,0.7514010071754456,0.7514010071754456,36044,0.0,0.0
2024-05-13 11:30:00-04:00,0.7559999823570251,0.7746999859809875,0.7512000203132629,0.763450026512146,7027,0.0,0.0
2024-05-13 12:30:00-04:00,0.7649999856948853,0.7750999927520752,0.7649999856948853,0.7649999856948853,2937,0.0,0.0
2024-05-13 13:30:00-04:00,0.7651000022888184,0.7699999809265137,0.7549999952316284,0.7549999952316284,9679,0.0,0.0
2024-05-13 14:30:00-04:00,0.7596009969711304,0.7639999985694885,0.7552000284194946,0.7601000070571899,5706,0.0,0.0
2024-05-13 15:30:00-04:00,0.7560999989509583,0.7601000070571899,0.7559999823570251,0.7559999823570251,0,0.0,0.0
2024-05-14 09:30:00-04:00,0.7549999952316284,0.7626000046730042,0.75,0.7620999813079834,8550,0.0,0.0
2024-05-14 10:30:00-04:00,0.7620000243186951,0.7620000243186951,0.7501999735832214,0.7501999735832214,4048,0.0,0.0
2024-05-14 11:30:00-04:00,0.7598999738693237,0.7613000273704529,0.7560999989509583,0.7613000273704529,7327,0.0,0.0
2024-05-14 12:30:00-04:00,0.7613999843597412,0.7613999843597412,0.75,0.7532399892807007,11436,0.0,0.0
2024-05-14 13:30:00-04:00,0.7567999958992004,0.7598000168800354,0.7515000104904175,0.757099986076355,2438,0.0,0.0
2024-05-14 14:30:00-04:00,0.7584999799728394,0.7598000168800354,0.7584999799728394,0.7597000002861023,3391,0.0,0.0
2024-05-14 15:30:00-04:00,0.7590000033378601,0.7592999935150146,0.7570000290870667,0.7570000290870667,0,0.0,0.0
2024-05-15 09:30:00-04:00,0.7699999809265137,0.7716000080108643,0.7626000046730042,0.76910001039505,25507,0.0,0.0
2024-05-15 10:30:00-04:00,0.7694000005722046,0.7702999711036682,0.75,0.7699000239372253,31949,0.0,0.0
2024-05-15 11:30:00-04:00,0.7699000239372253,0.7699000239372253,0.7574989795684814,0.7626000046730042,6117,0.0,0.0
2024-05-15 12:30:00-04:00,0.7649000287055969,0.7649999856948853,0.7630000114440918,0.7649999856948853,5398,0.0,0.0
2024-05-15 13:30:00-04:00,0.7699000239372253,0.7699000239372253,0.7696999907493591,0.7696999907493591,2584,0.0,0.0
2024-05-15 14:30:00-04:00,0.7699999809265137,0.7700999975204468,0.765500009059906,0.7660999894142151,7339,0.0,0.0
2024-05-15 15:30:00-04:00,0.7717999815940857,0.7820000052452087,0.7699999809265137,0.7799170017242432,0,0.0,0.0
2024-05-16 09:30:00-04:00,0.7799999713897705,0.7990000247955322,0.7555999755859375,0.7695000171661377,57387,0.0,0.0
2024-05-16 10:30:00-04:00,0.7598000168800354,0.7694000005722046,0.75,0.7501000165939331,7397,0.0,0.0
2024-05-16 11:30:00-04:00,0.7599999904632568,0.7771000266075134,0.7503010034561157,0.7567999958992004,69799,0.0,0.0
2024-05-16 12:30:00-04:00,0.7709000110626221,0.7770000100135803,0.753000020980835,0.7770000100135803,2159,0.0,0.0
2024-05-16 13:30:00-04:00,0.7592499852180481,0.7627000212669373,0.7592499852180481,0.7627000212669373,4293,0.0,0.0
2024-05-16 14:30:00-04:00,0.7649999856948853,0.7649999856948853,0.7511000037193298,0.7511000037193298,5848,0.0,0.0
2024-05-16 15:30:00-04:00,0.7649999856948853,0.777899980545044,0.7633000016212463,0.7633000016212463,0,0.0,0.0
2024-05-17 09:30:00-04:00,0.7699999809265137,0.7912999987602234,0.7696999907493591,0.7770509719848633,55562,0.0,0.0
2024-05-17 10:30:00-04:00,0.7789999842643738,0.8152999877929688,0.7789999842643738,0.8011999726295471,78947,0.0,0.0
2024-05-17 11:30:00-04:00,0.8011999726295471,0.8154000043869019,0.8011000156402588,0.8026999831199646,59752,0.0,0.0
2024-05-17 12:30:00-04:00,0.8050000071525574,0.8399999737739563,0.8050000071525574,0.8291500210762024,36708,0.0,0.0
2024-05-17 13:30:00-04:00,0.8299999833106995,0.8560000061988831,0.8232010006904602,0.8288999795913696,24521,0.0,0.0
2024-05-17 14:30:00-04:00,0.8234999775886536,0.8377000093460083,0.8233000040054321,0.8377000093460083,43770,0.0,0.0
2024-05-17 15:30:00-04:00,0.8378999829292297,0.8446000218391418,0.8201000094413757,0.8357999920845032,138240,0.0,0.0
2024-05-20 09:30:00-04:00,0.8600000143051147,0.8790000081062317,0.8299999833106995,0.8763999938964844,100671,0.0,0.0
2024-05-20 10:30:00-04:00,0.8763999938964844,0.9118710160255432,0.8759999871253967,0.8999999761581421,186942,0.0,0.0
2024-05-20 11:30:00-04:00,0.8999000191688538,0.8999999761581421,0.8799999952316284,0.8860499858856201,27431,0.0,0.0
2024-05-20 12:30:00-04:00,0.8900499939918518,0.9194999933242798,0.8900499939918518,0.9194999933242798,89624,0.0,0.0
2024-05-20 13:30:00-04:00,0.9194999933242798,0.919700026512146,0.9182000160217285,0.9194999933242798,50612,0.0,0.0
2024-05-20 14:30:00-04:00,0.9186000227928162,0.9194999933242798,0.9143000245094299,0.9146999716758728,10621,0.0,0.0
2024-05-20 15:30:00-04:00,0.9106000065803528,0.9187999963760376,0.9100000262260437,0.9107999801635742,41303,0.0,0.0
2024-05-21 09:30:00-04:00,0.9100000262260437,0.9100000262260437,0.8299999833106995,0.8549000024795532,69946,0.0,0.0
2024-05-21 10:30:00-04:00,0.8565999865531921,0.8644000291824341,0.8431000113487244,0.8644000291824341,40760,0.0,0.0
2024-05-21 11:30:00-04:00,0.8600000143051147,0.8640990257263184,0.8309999704360962,0.8453500270843506,33776,0.0,0.0
2024-05-21 12:30:00-04:00,0.8498499989509583,0.858299970626831,0.8395000100135803,0.8522999882698059,37296,0.0,0.0
2024-05-21 13:30:00-04:00,0.8461499810218811,0.8521999716758728,0.8317000269889832,0.8432000279426575,31276,0.0,0.0
2024-05-21 14:30:00-04:00,0.8399999737739563,0.8461999893188477,0.8399999737739563,0.8461999893188477,4547,0.0,0.0
2024-05-21 15:30:00-04:00,0.8461999893188477,0.8507999777793884,0.8422999978065491,0.8422999978065491,0,0.0,0.0
2024-05-22 09:30:00-04:00,0.8600000143051147,0.8686000108718872,0.8299999833106995,0.8299999833106995,60729,0.0,0.0
2024-05-22 10:30:00-04:00,0.8241000175476074,0.839900016784668,0.8201000094413757,0.8201000094413757,11032,0.0,0.0
2024-05-22 11:30:00-04:00,0.8201000094413757,0.8302000164985657,0.8201000094413757,0.8302000164985657,2133,0.0,0.0
2024-05-22 12:30:00-04:00,0.830299973487854,0.8399999737739563,0.828000009059906,0.828000009059906,6043,0.0,0.0
2024-05-22 13:30:00-04:00,0.8551999926567078,0.8551999926567078,0.8201000094413757,0.8201000094413757,27971,0.0,0.0
2024-05-22 14:30:00-04:00,0.8248999714851379,0.8296999931335449,0.808899998664856,0.8100000023841858,16657,0.0,0.0
2024-05-22 15:30:00-04:00,0.8100000023841858,0.8242999911308289,0.808899998664856,0.808899998664856,0,0.0,0.0
2024-05-23 09:30:00-04:00,0.8687999844551086,0.8687999844551086,0.808899998664856,0.8216999769210815,58821,0.0,0.0
2024-05-23 10:30:00-04:00,0.8091999888420105,0.8180000185966492,0.8090999722480774,0.8169999718666077,4709,0.0,0.0
2024-05-23 11:30:00-04:00,0.8169999718666077,0.8169999718666077,0.8101999759674072,0.8169999718666077,3164,0.0,0.0
2024-05-23 12:30:00-04:00,0.8176000118255615,0.8281999826431274,0.8100000023841858,0.8100000023841858,7579,0.0,0.0
2024-05-23 13:30:00-04:00,0.8111000061035156,0.839900016784668,0.8111000061035156,0.839900016784668,9931,0.0,0.0
2024-05-23 14:30:00-04:00,0.8116000294685364,0.839900016784668,0.8100000023841858,0.8205000162124634,12817,0.0,0.0
2024-05-23 15:30:00-04:00,0.8199999928474426,0.8289999961853027,0.8100000023841858,0.8200500011444092,19293,0.0,0.0
2024-05-24 09:30:00-04:00,0.8500000238418579,0.8500000238418579,0.8112999796867371,0.8151000142097473,34648,0.0,0.0
2024-05-24 10:30:00-04:00,0.8220000267028809,0.8289999961853027,0.8172000050544739,0.824999988079071,6788,0.0,0.0
2024-05-24 11:30:00-04:00,0.8392999768257141,0.8500000238418579,0.8251000046730042,0.8414000272750854,6735,0.0,0.0
2024-05-24 12:30:00-04:00,0.8500000238418579,0.8500000238418579,0.824999988079071,0.845300018787384,30720,0.0,0.0
2024-05-24 13:30:00-04:00,0.845300018787384,0.9100000262260437,0.845300018787384,0.8899999856948853,125901,0.0,0.0
2024-05-24 14:30:00-04:00,0.8897989988327026,0.8899999856948853,0.8600000143051147,0.8600000143051147,21518,0.0,0.0
2024-05-24 15:30:00-04:00,0.8740000128746033,0.8812999725341797,0.8565000295639038,0.8634999990463257,35601,0.0,0.0
2024-05-28 09:30:00-04:00,0.8999999761581421,0.9089999794960022,0.8899999856948853,0.8988999724388123,50759,0.0,0.0
2024-05-28 10:30:00-04:00,0.894599974155426,0.9307000041007996,0.894599974155426,0.9126049876213074,105243,0.0,0.0
2024-05-28 11:30:00-04:00,0.916700005531311,0.9200000166893005,0.9049999713897705,0.916700005531311,38637,0.0,0.0
2024-05-28 12:30:00-04:00,0.9279000163078308,0.9279000163078308,0.9200000166893005,0.9239000082015991,25206,0.0,0.0
2024-05-28 13:30:00-04:00,0.9179490208625793,0.9179490208625793,0.8999999761581421,0.9043999910354614,31574,0.0,0.0
2024-05-28 14:30:00-04:00,0.9009000062942505,0.9101999998092651,0.8899999856948853,0.8999999761581421,28555,0.0,0.0
2024-05-28 15:30:00-04:00,0.9100000262260437,0.9208999872207642,0.8999999761581421,0.9192000031471252,16535,0.0,0.0
2024-05-29 09:30:00-04:00,0.8999999761581421,0.9189000129699707,0.8999999761581421,0.9100000262260437,35688,0.0,0.0
2024-05-29 10:30:00-04:00,0.9063500165939331,0.9125999808311462,0.9000999927520752,0.9000999927520752,15042,0.0,0.0
2024-05-29 11:30:00-04:00,0.9125999808311462,0.9125999808311462,0.8899999856948853,0.8899999856948853,35701,0.0,0.0
2024-05-29 12:30:00-04:00,0.8939999938011169,0.8969500064849854,0.8939999938011169,0.8949999809265137,3902,0.0,0.0
2024-05-29 13:30:00-04:00,0.8949999809265137,0.9023000001907349,0.8899999856948853,0.8949999809265137,11770,0.0,0.0
2024-05-29 14:30:00-04:00,0.8949999809265137,0.8999000191688538,0.8899999856948853,0.8930000066757202,8066,0.0,0.0
2024-05-29 15:30:00-04:00,0.8934999704360962,0.9100000262260437,0.8930000066757202,0.8930000066757202,0,0.0,0.0
2024-05-30 09:30:00-04:00,0.8999999761581421,0.8999999761581421,0.8836989998817444,0.8850489854812622,29213,0.0,0.0
2024-05-30 10:30:00-04:00,0.8801000118255615,0.8913999795913696,0.8801000118255615,0.8913999795913696,21853,0.0,0.0
2024-05-30 11:30:00-04:00,0.8977000117301941,0.8998000025749207,0.8974499702453613,0.8974499702453613,12098,0.0,0.0
2024-05-30 12:30:00-04:00,0.8970500230789185,0.9171000123023987,0.8970000147819519,0.9003999829292297,42935,0.0,0.0
2024-05-30 13:30:00-04:00,0.8960000276565552,0.9179999828338623,0.8949999809265137,0.8949999809265137,8967,0.0,0.0
2024-05-30 14:30:00-04:00,0.885200023651123,0.9031999707221985,0.8851000070571899,0.9031999707221985,1375,0.0,0.0
2024-05-30 15:30:00-04:00,0.888700008392334,0.911050021648407,0.888700008392334,0.9034000039100647,0,0.0,0.0
2024-05-31 09:30:00-04:00,0.911899983882904,0.9200000166893005,0.9091500043869019,0.9092000126838684,23681,0.0,0.0
2024-05-31 10:30:00-04:00,0.9035000205039978,0.9190000295639038,0.9035000205039978,0.9092000126838684,13925,0.0,0.0
2024-05-31 11:30:00-04:00,0.9092000126838684,0.9189000129699707,0.9090999960899353,0.9189000129699707,4424,0.0,0.0
2024-05-31 12:30:00-04:00,0.9035000205039978,0.9069700241088867,0.8805999755859375,0.8805999755859375,7896,0.0,0.0
2024-05-31 13:30:00-04:00,0.8806999921798706,0.8806999921798706,0.8766000270843506,0.8791000247001648,3411,0.0,0.0
2024-05-31 14:30:00-04:00,0.8873000144958496,0.8934999704360962,0.8802000284194946,0.8844000101089478,0,0.0,0.0
2024-05-31 15:30:00-04:00,0.9057999849319458,0.9498999714851379,0.9057999849319458,0.9108999967575073,174232,0.0,0.0
2024-06-03 09:30:00-04:00,0.9100000262260437,0.9100000262260437,0.8901000022888184,0.9000999927520752,13455,0.0,0.0
2024-06-03 10:30:00-04:00,0.8902999758720398,0.8902999758720398,0.8899999856948853,0.8899999856948853,782,0.0,0.0
2024-06-03 11:30:00-04:00,0.9018999934196472,0.9018999934196472,0.9018999934196472,0.9018999934196472,747,0.0,0.0
2024-06-03 12:30:00-04:00,0.8899999856948853,0.8899999856948853,0.8899999856948853,0.8899999856948853,298,0.0,0.0
2024-06-03 14:30:00-04:00,0.8901000022888184,0.8956000208854675,0.8899000287055969,0.8899999856948853,14028,0.0,0.0
2024-06-03 15:30:00-04:00,0.883400022983551,0.8855000138282776,0.8804000020027161,0.8855000138282776,0,0.0,0.0
2024-06-04 09:30:00-04:00,0.8888000249862671,0.8980000019073486,0.8510000109672546,0.8549000024795532,10191,0.0,0.0
2024-06-04 10:30:00-04:00,0.8560000061988831,0.8679999709129333,0.8500000238418579,0.8640499711036682,15915,0.0,0.0
2024-06-04 11:30:00-04:00,0.8600000143051147,0.871399998664856,0.8546000123023987,0.8546000123023987,24650,0.0,0.0
2024-06-04 12:30:00-04:00,0.8510879874229431,0.8565999865531921,0.8345000147819519,0.8436999917030334,38975,0.0,0.0
2024-06-04 13:30:00-04:00,0.8500000238418579,0.8500000238418579,0.8439000248908997,0.8467990159988403,2656,0.0,0.0
2024-06-04 14:30:00-04:00,0.8468000292778015,0.8468000292778015,0.8425499796867371,0.843999981880188,12886,0.0,0.0
2024-06-04 15:30:00-04:00,0.8441010117530823,0.8453999757766724,0.843999981880188,0.8453999757766724,0,0.0,0.0
2024-06-05 09:30:00-04:00,0.8924999833106995,0.8999999761581421,0.8500000238418579,0.8918949961662292,93736,0.0,0.0
2024-06-05 10:30:00-04:00,0.8919000029563904,0.9049999713897705,0.8899999856948853,0.8962000012397766,157783,0.0,0.0
2024-06-05 11:30:00-04:00,0.9001989960670471,0.9041000008583069,0.9000999927520752,0.9000999927520752,19706,0.0,0.0
2024-06-05 12:30:00-04:00,0.9000999927520752,0.9028300046920776,0.8967999815940857,0.9001510143280029,34095,0.0,0.0
2024-06-05 13:30:00-04:00,0.9039999842643738,0.9075000286102295,0.8962000012397766,0.9049999713897705,30968,0.0,0.0
2024-06-05 14:30:00-04:00,0.906000018119812,0.906000018119812,0.8980000019073486,0.9059000015258789,2580,0.0,0.0
2024-06-05 15:30:00-04:00,0.8999999761581421,0.9100000262260437,0.8970999717712402,0.9057999849319458,0,0.0,0.0
2024-06-06 09:30:00-04:00,0.9072999954223633,0.9241999983787537,0.9000999927520752,0.9200999736785889,27733,0.0,0.0
2024-06-06 10:30:00-04:00,0.9221500158309937,0.9399999976158142,0.9200999736785889,0.9271000027656555,50386,0.0,0.0
2024-06-06 11:30:00-04:00,0.9280490279197693,0.9350000023841858,0.9210000038146973,0.9210000038146973,10782,0.0,0.0
2024-06-06 12:30:00-04:00,0.9251000285148621,0.9305999875068665,0.9251000285148621,0.9253010153770447,9000,0.0,0.0
2024-06-06 13:30:00-04:00,0.9347000122070312,0.9348000288009644,0.9216340184211731,0.9217000007629395,9186,0.0,0.0
2024-06-06 14:30:00-04:00,0.9217000007629395,0.9347000122070312,0.9210000038146973,0.9265000224113464,29220,0.0,0.0
2024-06-06 15:30:00-04:00,0.9200999736785889,0.9376000165939331,0.9200999736785889,0.9300000071525574,0,0.0,0.0
2024-06-07 09:30:00-04:00,0.9200000166893005,0.9259999990463257,0.879800021648407,0.910099983215332,76629,0.0,0.0
2024-06-07 10:30:00-04:00,0.9086999893188477,0.9088000059127808,0.8901000022888184,0.8942999839782715,4702,0.0,0.0
2024-06-07 11:30:00-04:00,0.8901000022888184,0.8999999761581421,0.8899999856948853,0.8899999856948853,3484,0.0,0.0
2024-06-07 12:30:00-04:00,0.9042500257492065,0.9042500257492065,0.8903999924659729,0.8949999809265137,6671,0.0,0.0
2024-06-07 13:30:00-04:00,0.9035000205039978,0.9035000205039978,0.8925999999046326,0.8925999999046326,4235,0.0,0.0
2024-06-07 14:30:00-04:00,0.8937489986419678,0.8937489986419678,0.892549991607666,0.892549991607666,1666,0.0,0.0
2024-06-07 15:30:00-04:00,0.894698977470398,0.8948000073432922,0.8902000188827515,0.8934999704360962,18059,0.0,0.0
2024-06-10 09:30:00-04:00,0.8999999761581421,0.9490000009536743,0.8901000022888184,0.9002000093460083,92995,0.0,0.0
2024-06-10 10:30:00-04:00,0.9049999713897705,0.9146000146865845,0.9049999713897705,0.910099983215332,1650,0.0,0.0
2024-06-10 11:30:00-04:00,0.9144999980926514,0.9300000071525574,0.910099983215332,0.9109269976615906,21134,0.0,0.0
2024-06-10 12:30:00-04:00,0.9151009917259216,0.9151009917259216,0.9150000214576721,0.9150000214576721,810,0.0,0.0
2024-06-10 13:30:00-04:00,0.9150000214576721,0.9275000095367432,0.9150000214576721,0.9150999784469604,7926,0.0,0.0
2024-06-10 14:30:00-04:00,0.9150999784469604,0.9199000000953674,0.9130499958992004,0.9130499958992004,33601,0.0,0.0
2024-06-10 15:30:00-04:00,0.914900004863739,0.9150000214576721,0.9110999703407288,0.9125000238418579,0,0.0,0.0
2024-06-11 09:30:00-04:00,0.9100000262260437,0.9288100004196167,0.8899999856948853,0.9097999930381775,48976,0.0,0.0
2024-06-11 10:30:00-04:00,0.9049509763717651,0.9096999764442444,0.8999999761581421,0.9096999764442444,35015,0.0,0.0
2024-06-11 11:30:00-04:00,0.9063000082969666,0.9100000262260437,0.8935999870300293,0.9100000262260437,149446,0.0,0.0
2024-06-11 12:30:00-04:00,0.9089999794960022,0.9215999841690063,0.9089999794960022,0.9200000166893005,153585,0.0,0.0
2024-06-11 13:30:00-04:00,0.9215999841690063,0.9217000007629395,0.9215999841690063,0.9217000007629395,403,0.0,0.0
2024-06-11 14:30:00-04:00,0.9244999885559082,0.9289000034332275,0.9150000214576721,0.9289000034332275,6525,0.0,0.0
2024-06-11 15:30:00-04:00,0.9150000214576721,0.9289000034332275,0.9150000214576721,0.9287999868392944,0,0.0,0.0
2024-06-12 09:30:00-04:00,0.9366000294685364,0.9390000104904175,0.9101999998092651,0.9189000129699707,62569,0.0,0.0
2024-06-12 10:30:00-04:00,0.9286500215530396,0.9383999705314636,0.9200000166893005,0.9383999705314636,5037,0.0,0.0
2024-06-12 11:30:00-04:00,0.934499979019165,0.934499979019165,0.9211999773979187,0.9211999773979187,1369,0.0,0.0
2024-06-12 12:30:00-04:00,0.9243000149726868,0.9350000023841858,0.9240000247955322,0.9301000237464905,19827,0.0,0.0
2024-06-12 13:30:00-04:00,0.932548999786377,0.9350000023841858,0.9211999773979187,0.9211999773979187,2479,0.0,0.0
2024-06-12 14:30:00-04:00,0.9282490015029907,0.9350000023841858,0.9218999743461609,0.921999990940094,5154,0.0,0.0
2024-06-12 15:30:00-04:00,0.9221010208129883,0.9348000288009644,0.9221010208129883,0.9348000288009644,0,0.0,0.0
2024-06-13 09:30:00-04:00,0.9390000104904175,0.9390000104904175,0.925599992275238,0.9300500154495239,20312,0.0,0.0
2024-06-13 10:30:00-04:00,0.9301999807357788,0.9398999810218811,0.9200000166893005,0.9200000166893005,39155,0.0,0.0
2024-06-13 11:30:00-04:00,0.9152510166168213,0.9376999735832214,0.9106000065803528,0.9283999800682068,27070,0.0,0.0
2024-06-13 12:30:00-04:00,0.9200000166893005,0.9200000166893005,0.910099983215332,0.9120000004768372,6986,0.0,0.0
2024-06-13 13:30:00-04:00,0.9121000170707703,0.9121000170707703,0.9121000170707703,0.9121000170707703,221,0.0,0.0
2024-06-13 14:30:00-04:00,0.9135000109672546,0.9135000109672546,0.9101999998092651,0.9101999998092651,3200,0.0,0.0
2024-06-13 15:30:00-04:00,0.9101999998092651,0.9110999703407288,0.9050999879837036,0.9050999879837036,0,0.0,0.0
2024-06-14 09:30:00-04:00,0.9049999713897705,0.9150000214576721,0.9049999713897705,0.9125509858131409,3240,0.0,0.0
2024-06-14 10:30:00-04:00,0.9121000170707703,0.9170500040054321,0.9120000004768372,0.9120000004768372,2600,0.0,0.0
2024-06-14 11:30:00-04:00,0.9200999736785889,0.9233999848365784,0.9121999740600586,0.9200000166893005,15658,0.0,0.0
2024-06-14 12:30:00-04:00,0.9100000262260437,0.9210000038146973,0.9100000262260437,0.9210000038146973,470,0.0,0.0
2024-06-14 13:30:00-04:00,0.9111999869346619,0.9111999869346619,0.9111999869346619,0.9111999869346619,490,0.0,0.0
2024-06-14 14:30:00-04:00,0.9154999852180481,0.920799970626831,0.911300003528595,0.920799970626831,14808,0.0,0.0
2024-06-14 15:30:00-04:00,0.920799970626831,0.9210000038146973,0.9139000177383423,0.9174000024795532,2778,0.0,0.0
2024-06-17 09:30:00-04:00,0.9101999998092651,0.9300000071525574,0.9101999998092651,0.9300000071525574,24757,0.0,0.0
2024-06-17 10:30:00-04:00,0.9300000071525574,0.9300000071525574,0.9245499968528748,0.9248999953269958,2362,0.0,0.0
2024-06-17 11:30:00-04:00,0.9297999739646912,0.9300000071525574,0.9279999732971191,0.9300000071525574,7007,0.0,0.0
2024-06-17 12:30:00-04:00,0.9200000166893005,0.9279999732971191,0.9200000166893005,0.9279999732971191,3495,0.0,0.0
2024-06-17 13:30:00-04:00,0.9290000200271606,0.9300000071525574,0.921422004699707,0.9294999837875366,12493,0.0,0.0
2024-06-17 14:30:00-04:00,0.9300000071525574,0.9401100277900696,0.9300000071525574,0.9361000061035156,25241,0.0,0.0
2024-06-17 15:30:00-04:00,0.925599992275238,0.9470999836921692,0.925599992275238,0.9334999918937683,0,0.0,0.0
2024-06-18 09:30:00-04:00,0.9200000166893005,0.949999988079071,0.9200000166893005,0.9452000260353088,48686,0.0,0.0
2024-06-18 10:30:00-04:00,0.9480999708175659,0.9800000190734863,0.9452499747276306,0.9799000024795532,88806,0.0,0.0
2024-06-18 11:30:00-04:00,0.9797989726066589,0.9797989726066589,0.9749000072479248,0.9750999808311462,7099,0.0,0.0
2024-06-18 12:30:00-04:00,0.9750999808311462,0.9835000038146973,0.9700000286102295,0.9750000238418579,47522,0.0,0.0
2024-06-18 13:30:00-04:00,0.9850000143051147,0.9850000143051147,0.9621999859809875,0.9729499816894531,41267,0.0,0.0
2024-06-18 14:30:00-04:00,0.9729499816894531,0.9836999773979187,0.9700000286102295,0.9815499782562256,5822,0.0,0.0
2024-06-18 15:30:00-04:00,0.9794009923934937,0.9836000204086304,0.9779999852180481,0.9796000123023987,5075,0.0,0.0
2024-06-20 09:30:00-04:00,0.9882000088691711,1.0399999618530273,0.9882000088691711,1.0199999809265137,43088,0.0,0.0
2024-06-20 10:30:00-04:00,1.0299999713897705,1.0499999523162842,1.0298999547958374,1.0399999618530273,42414,0.0,0.0
2024-06-20 11:30:00-04:00,1.0399999618530273,1.0399999618530273,1.0299999713897705,1.0299999713897705,19876,0.0,0.0
2024-06-20 12:30:00-04:00,1.0398999452590942,1.0399999618530273,1.0299999713897705,1.0391000509262085,22522,0.0,0.0
2024-06-20 13:30:00-04:00,1.0299999713897705,1.0299999713897705,1.024999976158142,1.0296000242233276,21859,0.0,0.0
2024-06-20 14:30:00-04:00,1.0289000272750854,1.0299999713897705,1.0199999809265137,1.0273000001907349,10575,0.0,0.0
2024-06-20 15:30:00-04:00,1.024999976158142,1.0299999713897705,1.0199999809265137,1.024999976158142,8910,0.0,0.0
2024-06-21 09:30:00-04:00,1.0299999713897705,1.0499999523162842,1.0103000402450562,1.0103000402450562,12483,0.0,0.0
2024-06-21 10:30:00-04:00,1.0124000310897827,1.0199999809265137,1.0049999952316284,1.0049999952316284,7280,0.0,0.0
2024-06-21 11:30:00-04:00,1.0098999738693237,1.0098999738693237,1.000599980354309,1.000599980354309,655,0.0,0.0
2024-06-21 12:30:00-04:00,1.0,1.0,0.9688000082969666,0.9688000082969666,7110,0.0,0.0
2024-06-21 13:30:00-04:00,0.979898989200592,0.9800000190734863,0.9652000069618225,0.965300977230072,15073,0.0,0.0
2024-06-21 14:30:00-04:00,0.9652000069618225,0.9700490236282349,0.9501000046730042,0.9684000015258789,25578,0.0,0.0
2024-06-21 15:30:00-04:00,0.9599999785423279,0.9599999785423279,0.9399999976158142,0.9596999883651733,12168,0.0,0.0
2024-06-24 09:30:00-04:00,0.949999988079071,0.9876000285148621,0.949999988079071,0.9599000215530396,10506,0.0,0.0
2024-06-24 10:30:00-04:00,0.9473999738693237,0.9549000263214111,0.9449999928474426,0.9549000263214111,9371,0.0,0.0
2024-06-24 11:30:00-04:00,0.9452999830245972,0.9688000082969666,0.9452999830245972,0.9657490253448486,6838,0.0,0.0
2024-06-24 12:30:00-04:00,0.949999988079071,0.9700000286102295,0.949999988079071,0.9700000286102295,3930,0.0,0.0
2024-06-24 13:30:00-04:00,0.9699000120162964,0.9699000120162964,0.9699000120162964,0.9699000120162964,500,0.0,0.0
2024-06-24 14:30:00-04:00,0.9800000190734863,0.9800000190734863,0.9629009962081909,0.9800000190734863,1679,0.0,0.0
2024-06-24 15:30:00-04:00,0.9459999799728394,0.9628990292549133,0.9459999799728394,0.9535999894142151,8234,0.0,0.0
2024-06-25 09:30:00-04:00,0.9575999975204468,0.9700000286102295,0.9575999975204468,0.9575999975204468,12398,0.0,0.0
2024-06-25 10:30:00-04:00,0.9450100064277649,0.9697999954223633,0.9449999928474426,0.9503999948501587,6619,0.0,0.0
2024-06-25 11:30:00-04:00,0.9500100016593933,0.9500100016593933,0.9254999756813049,0.9254999756813049,4382,0.0,0.0
2024-06-25 12:30:00-04:00,0.9200000166893005,0.9200000166893005,0.9100000262260437,0.9100000262260437,15419,0.0,0.0
2024-06-25 13:30:00-04:00,0.9100000262260437,0.9199000000953674,0.9100000262260437,0.9100000262260437,10033,0.0,0.0
2024-06-25 14:30:00-04:00,0.9100000262260437,0.9147999882698059,0.8999999761581421,0.9147999882698059,2449,0.0,0.0
2024-06-25 15:30:00-04:00,0.8999999761581421,0.9147999882698059,0.8906000256538391,0.8906000256538391,15923,0.0,0.0
2024-06-26 09:30:00-04:00,0.8899999856948853,0.9351999759674072,0.8899999856948853,0.9251000285148621,39013,0.0,0.0
2024-06-26 10:30:00-04:00,0.9254000186920166,0.9254000186920166,0.890999972820282,0.8913009762763977,2414,0.0,0.0
2024-06-26 11:30:00-04:00,0.8999999761581421,0.9096999764442444,0.8999999761581421,0.901199996471405,11528,0.0,0.0
2024-06-26 12:30:00-04:00,0.8974999785423279,0.9024490118026733,0.8974999785423279,0.9001010060310364,658,0.0,0.0
2024-06-26 13:30:00-04:00,0.8999999761581421,0.9047999978065491,0.8899999856948853,0.8899999856948853,1910,0.0,0.0
2024-06-26 14:30:00-04:00,0.8899999856948853,0.9047999978065491,0.8799999952316284,0.8799999952316284,24223,0.0,0.0
2024-06-26 15:30:00-04:00,0.8799999952316284,0.8849999904632568,0.8700000047683716,0.8849999904632568,7693,0.0,0.0
2024-06-27 09:30:00-04:00,0.9200000166893005,0.9200000166893005,0.8819000124931335,0.9003000259399414,5701,0.0,0.0
2024-06-27 10:30:00-04:00,0.8999999761581421,0.8999999761581421,0.8999999761581421,0.8999999761581421,3033,0.0,0.0
2024-06-27 11:30:00-04:00,0.9049999713897705,0.9200000166893005,0.8899999856948853,0.8899999856948853,21349,0.0,0.0
2024-06-27 12:30:00-04:00,0.8994989991188049,0.8994989991188049,0.8994989991188049,0.8994989991188049,200,0.0,0.0
2024-06-27 13:30:00-04:00,0.8995000123977661,0.8999999761581421,0.8995000123977661,0.8999999761581421,588,0.0,0.0
2024-06-27 14:30:00-04:00,0.8969990015029907,0.9120000004768372,0.8969990015029907,0.8999999761581421,8411,0.0,0.0
2024-06-27 15:30:00-04:00,0.9099000096321106,0.9099000096321106,0.8899999856948853,0.8937000036239624,0,0.0,0.0
2024-06-28 09:30:00-04:00,0.9449999928474426,0.949999988079071,0.9050999879837036,0.9169999957084656,16991,0.0,0.0
2024-06-28 10:30:00-04:00,0.9052000045776367,0.9125509858131409,0.9052000045776367,0.9125509858131409,1020,0.0,0.0
2024-06-28 11:30:00-04:00,0.9050999879837036,0.9050999879837036,0.9050999879837036,0.9050999879837036,666,0.0,0.0
2024-06-28 12:30:00-04:00,0.9100000262260437,0.9316989779472351,0.9100000262260437,0.9316989779472351,1404,0.0,0.0
2024-06-28 13:30:00-04:00,0.9316999912261963,0.9316999912261963,0.9164000153541565,0.9200000166893005,2721,0.0,0.0
2024-06-28 14:30:00-04:00,0.9150999784469604,0.9298999905586243,0.9150000214576721,0.9150000214576721,1191,0.0,0.0
2024-06-28 15:30:00-04:00,0.9200000166893005,0.9235000014305115,0.9150000214576721,0.9235000014305115,4419,0.0,0.0
2024-07-01 09:30:00-04:00,0.949999988079071,0.949999988079071,0.8999999761581421,0.9000009894371033,8825,0.0,0.0
2024-07-01 10:30:00-04:00,0.9199000000953674,0.9199000000953674,0.8999999761581421,0.8999999761581421,13428,0.0,0.0
2024-07-01 11:30:00-04:00,0.8949000239372253,0.9398990273475647,0.8949000239372253,0.904699981212616,7525,0.0,0.0
2024-07-01 12:30:00-04:00,0.910099983215332,0.910099983215332,0.9100000262260437,0.9100000262260437,1579,0.0,0.0
2024-07-01 14:30:00-04:00,0.9300000071525574,0.9300000071525574,0.9150000214576721,0.9150000214576721,738,0.0,0.0
2024-07-01 15:30:00-04:00,0.9150000214576721,0.9150000214576721,0.8999999761581421,0.9100499749183655,6138,0.0,0.0
2024-07-02 09:30:00-04:00,0.9100000262260437,0.9199000000953674,0.8999999761581421,0.9199000000953674,0,0.0,0.0
2024-07-02 10:30:00-04:00,0.914900004863739,0.9150000214576721,0.8999999761581421,0.9123499989509583,10754,0.0,0.0
2024-07-02 11:30:00-04:00,0.9146000146865845,0.9146000146865845,0.910099983215332,0.9143999814987183,487,0.0,0.0
2024-07-02 12:30:00-04:00,0.9100000262260437,0.9100000262260437,0.9049500226974487,0.9097020030021667,2437,0.0,0.0
2024-07-02 13:30:00-04:00,0.8999999761581421,0.909600019454956,0.8999999761581421,0.9093999862670898,6552,0.0,0.0
2024-07-02 14:30:00-04:00,0.9093000292778015,0.9093000292778015,0.8999999761581421,0.8999999761581421,3666,0.0,0.0
2024-07-02 15:30:00-04:00,0.8999999761581421,0.9099000096321106,0.8999999761581421,0.9099000096321106,1000,0.0,0.0
2024-07-03 09:30:00-04:00,0.9409999847412109,0.9409999847412109,0.9128999710083008,0.9316499829292297,5962,0.0,0.0
2024-07-03 10:30:00-04:00,0.9383000135421753,0.9383000135421753,0.9383000135421753,0.9383000135421753,693,0.0,0.0
2024-07-03 11:30:00-04:00,0.9290000200271606,0.9290000200271606,0.9248999953269958,0.9248999953269958,5333,0.0,0.0
2024-07-03 12:30:00-04:00,0.9261999726295471,0.9451000094413757,0.9261999726295471,0.929099977016449,18479,0.0,0.0
2024-07-05 09:30:00-04:00,0.9312999844551086,0.9894000291824341,0.9312999844551086,0.9700000286102295,9077,0.0,0.0
2024-07-05 10:30:00-04:00,0.9624999761581421,0.9697499871253967,0.9599999785423279,0.9599999785423279,1671,0.0,0.0
2024-07-05 11:30:00-04:00,0.9605000019073486,0.9660999774932861,0.9549999833106995,0.9570000171661377,11514,0.0,0.0
2024-07-05 12:30:00-04:00,0.9531999826431274,0.9570000171661377,0.9531000256538391,0.9570000171661377,2122,0.0,0.0
2024-07-05 13:30:00-04:00,0.9570000171661377,0.9570000171661377,0.9550999999046326,0.9550999999046326,300,0.0,0.0
2024-07-05 14:30:00-04:00,0.9569000005722046,0.9569000005722046,0.9532009959220886,0.9550009965896606,2096,0.0,0.0
2024-07-05 15:30:00-04:00,0.9531000256538391,0.9564999938011169,0.9520999789237976,0.9564999938011169,16306,0.0,0.0
2024-07-08 09:30:00-04:00,0.949999988079071,0.9598000049591064,0.9334800243377686,0.9334800243377686,14240,0.0,0.0
2024-07-08 10:30:00-04:00,0.9521759748458862,0.9521759748458862,0.9300010204315186,0.9399999976158142,2679,0.0,0.0
2024-07-08 11:30:00-04:00,0.9300000071525574,0.9399999976158142,0.9300000071525574,0.9399999976158142,10359,0.0,0.0
2024-07-08 12:30:00-04:00,0.9399999976158142,0.9399999976158142,0.9300000071525574,0.9318000078201294,2268,0.0,0.0
2024-07-08 13:30:00-04:00,0.9299010038375854,0.9300000071525574,0.9297999739646912,0.9300000071525574,2817,0.0,0.0
2024-07-08 14:30:00-04:00,0.9498999714851379,0.9498999714851379,0.9135000109672546,0.9236999750137329,4789,0.0,0.0
2024-07-08 15:30:00-04:00,0.9186999797821045,0.949999988079071,0.8700000047683716,0.9376999735832214,0,0.0,0.0
2024-07-09 09:30:00-04:00,0.9200000166893005,0.9399999976158142,0.9200000166893005,0.9399999976158142,15950,0.0,0.0
2024-07-09 10:30:00-04:00,0.925000011920929,0.9375,0.925000011920929,0.9300000071525574,2871,0.0,0.0
2024-07-09 11:30:00-04:00,0.9300000071525574,0.9300000071525574,0.925000011920929,0.925000011920929,1741,0.0,0.0
2024-07-09 12:30:00-04:00,0.925000011920929,0.925000011920929,0.925000011920929,0.925000011920929,1032,0.0,0.0
2024-07-09 13:30:00-04:00,0.925000011920929,0.9251000285148621,0.925000011920929,0.925000011920929,1548,0.0,0.0
2024-07-09 14:30:00-04:00,0.925000011920929,0.925000011920929,0.925000011920929,0.925000011920929,853,0.0,0.0
2024-07-09 15:30:00-04:00,0.925000011920929,0.9300000071525574,0.9075999855995178,0.9300000071525574,14334,0.0,0.0
2024-07-10 09:30:00-04:00,0.9300000071525574,0.9408000111579895,0.9298999905586243,0.9408000111579895,5784,0.0,0.0
2024-07-10 10:30:00-04:00,0.9300000071525574,0.9598000049591064,0.9300000071525574,0.9301000237464905,9707,0.0,0.0
2024-07-10 11:30:00-04:00,0.9399999976158142,0.949999988079071,0.9399999976158142,0.9449999928474426,14035,0.0,0.0
2024-07-10 12:30:00-04:00,0.9404000043869019,0.9404000043869019,0.9404000043869019,0.9404000043869019,1571,0.0,0.0
2024-07-10 14:30:00-04:00,0.9453999996185303,0.949999988079071,0.9401000142097473,0.9401000142097473,27175,0.0,0.0
2024-07-10 15:30:00-04:00,0.9498990178108215,0.9498990178108215,0.9401999711990356,0.9451500177383423,0,0.0,0.0
2024-07-11 09:30:00-04:00,0.949999988079071,1.0,0.949999988079071,0.9700000286102295,79920,0.0,0.0
2024-07-11 10:30:00-04:00,0.9599999785423279,0.9700000286102295,0.949999988079071,0.9599999785423279,48907,0.0,0.0
2024-07-11 11:30:00-04:00,0.9649999737739563,0.9649999737739563,0.960178017616272,0.9620000123977661,1739,0.0,0.0
2024-07-11 12:30:00-04:00,0.960099995136261,0.9610000252723694,0.9538000226020813,0.9573000073432922,3821,0.0,0.0
2024-07-11 13:30:00-04:00,0.9574000239372253,0.9700000286102295,0.9537000060081482,0.9537000060081482,2480,0.0,0.0
2024-07-11 14:30:00-04:00,0.9699000120162964,0.9700000286102295,0.9537000060081482,0.9700000286102295,7009,0.0,0.0
2024-07-11 15:30:00-04:00,0.960548996925354,0.9789000153541565,0.9599999785423279,0.9652000069618225,0,0.0,0.0
2024-07-12 09:30:00-04:00,0.9746000170707703,0.9746000170707703,0.9501000046730042,0.9501000046730042,14959,0.0,0.0
2024-07-12 10:30:00-04:00,0.9696000218391418,0.989998996257782,0.9696000218391418,0.9724990129470825,7960,0.0,0.0
2024-07-12 11:30:00-04:00,0.9900000095367432,0.9900000095367432,0.949999988079071,0.951200008392334,5784,0.0,0.0
2024-07-12 12:30:00-04:00,0.949999988079071,0.963100016117096,0.949999988079071,0.963100016117096,658,0.0,0.0
2024-07-12 13:30:00-04:00,0.9789000153541565,0.9901000261306763,0.9789000153541565,0.9803000092506409,47520,0.0,0.0
2024-07-12 14:30:00-04:00,0.9901000261306763,1.0199999809265137,0.9803000092506409,1.0052000284194946,22972,0.0,0.0
2024-07-12 15:30:00-04:00,1.0199999809265137,1.0199999809265137,0.9991999864578247,1.009600043296814,7894,0.0,0.0
2024-07-15 09:30:00-04:00,1.0199999809265137,1.059999942779541,1.0199999809265137,1.0471999645233154,50347,0.0,0.0
2024-07-15 10:30:00-04:00,1.0499999523162842,1.0499999523162842,1.0099999904632568,1.0299999713897705,27164,0.0,0.0
2024-07-15 11:30:00-04:00,1.0199999809265137,1.0499999523162842,1.0199999809265137,1.0199999809265137,16446,0.0,0.0
2024-07-15 12:30:00-04:00,1.0499000549316406,1.0499999523162842,1.0099999904632568,1.0499999523162842,17080,0.0,0.0
2024-07-15 13:30:00-04:00,1.0199999809265137,1.0299999713897705,1.0,1.0199999809265137,6804,0.0,0.0
2024-07-15 14:30:00-04:00,1.0198999643325806,1.0199999809265137,1.0099999904632568,1.0199999809265137,19322,0.0,0.0
2024-07-15 15:30:00-04:00,1.0199999809265137,1.0199999809265137,1.0,1.0099999904632568,0,0.0,0.0
2024-07-16 09:30:00-04:00,1.059999942779541,1.059999942779541,1.0,1.0199999809265137,32476,0.0,0.0
2024-07-16 10:30:00-04:00,1.024999976158142,1.0299999713897705,1.0199999809265137,1.0199999809265137,6113,0.0,0.0
2024-07-16 11:30:00-04:00,1.0199999809265137,1.0399999618530273,1.0199999809265137,1.0299999713897705,84016,0.0,0.0
2024-07-16 12:30:00-04:00,1.0599000453948975,1.0599000453948975,1.0408999919891357,1.0408999919891357,2077,0.0,0.0
2024-07-16 13:30:00-04:00,1.0499999523162842,1.0800000429153442,1.0497000217437744,1.0750000476837158,20124,0.0,0.0
2024-07-16 14:30:00-04:00,1.0800000429153442,1.0800000429153442,1.0399999618530273,1.059999942779541,28899,0.0,0.0
2024-07-16 15:30:00-04:00,1.059999942779541,1.0700000524520874,1.0399999618530273,1.059999942779541,0,0.0,0.0
2024-07-17 09:30:00-04:00,1.0800000429153442,1.090000033378601,1.0199999809265137,1.0199999809265137,94270,0.0,0.0
2024-07-17 10:30:00-04:00,1.0299999713897705,1.0299999713897705,1.0002000331878662,1.0099999904632568,26268,0.0,0.0
2024-07-17 11:30:00-04:00,1.0197999477386475,1.0199999809265137,1.0099999904632568,1.0099999904632568,27737,0.0,0.0
2024-07-17 12:30:00-04:00,1.0109000205993652,1.0299999713897705,1.0109000205993652,1.0200999975204468,36330,0.0,0.0
2024-07-17 13:30:00-04:00,1.034999966621399,1.0499999523162842,1.0199999809265137,1.0499999523162842,8379,0.0,0.0
2024-07-17 14:30:00-04:00,1.0399999618530273,1.100000023841858,1.0299999713897705,1.0299999713897705,59316,0.0,0.0
2024-07-17 15:30:00-04:00,1.04830002784729,1.0499999523162842,1.0299999713897705,1.0399999618530273,0,0.0,0.0
2024-07-18 09:30:00-04:00,1.0399999618530273,1.0499999523162842,1.0299999713897705,1.0499999523162842,13032,0.0,0.0
2024-07-18 10:30:00-04:00,1.0399999618530273,1.0472999811172485,0.9900000095367432,1.0198999643325806,62292,0.0,0.0
2024-07-18 11:30:00-04:00,0.9900000095367432,1.0199999809265137,0.9900000095367432,1.0199999809265137,11816,0.0,0.0
2024-07-18 12:30:00-04:00,1.0149999856948853,1.0149999856948853,0.9900000095367432,0.9900000095367432,11705,0.0,0.0
2024-07-18 13:30:00-04:00,0.9951000213623047,0.9951000213623047,0.9951000213623047,0.9951000213623047,405,0.0,0.0
2024-07-18 14:30:00-04:00,0.995199978351593,1.0096999406814575,0.9599999785423279,0.984000027179718,21210,0.0,0.0
2024-07-18 15:30:00-04:00,0.960099995136261,0.9912999868392944,0.9599999785423279,0.9912999868392944,11627,0.0,0.0
2024-07-19 09:30:00-04:00,0.9900000095367432,1.0099999904632568,0.9657999873161316,1.0,45943,0.0,0.0
2024-07-19 10:30:00-04:00,0.9902999997138977,1.0098999738693237,0.9902999997138977,0.9925010204315186,32455,0.0,0.0
2024-07-19 12:30:00-04:00,0.9900000095367432,0.9947999715805054,0.9850000143051147,0.9861000180244446,2617,0.0,0.0
2024-07-19 13:30:00-04:00,0.9850000143051147,0.9944999814033508,0.9850000143051147,0.9860000014305115,6990,0.0,0.0
2024-07-19 14:30:00-04:00,0.9800000190734863,1.0,0.9800000190734863,0.9800999760627747,26357,0.0,0.0
2024-07-19 15:30:00-04:00,0.9998000264167786,0.9998000264167786,0.9868000149726868,0.9868000149726868,8689,0.0,0.0
2024-07-22 09:30:00-04:00,0.9950000047683716,1.0,0.9805999994277954,0.9900000095367432,18003,0.0,0.0
2024-07-22 10:30:00-04:00,0.9900000095367432,0.9900000095367432,0.9800000190734863,0.9800000190734863,16894,0.0,0.0
2024-07-22 11:30:00-04:00,0.9800000190734863,0.9800000190734863,0.9502009749412537,0.9800000190734863,22482,0.0,0.0
2024-07-22 12:30:00-04:00,0.9886999726295471,0.9887999892234802,0.9868999719619751,0.9887999892234802,10144,0.0,0.0
2024-07-22 13:30:00-04:00,0.9797000288963318,1.0099999904632568,0.9797000288963318,1.0099999904632568,846,0.0,0.0
2024-07-22 14:30:00-04:00,1.0,1.0099999904632568,1.0,1.0099999904632568,2012,0.0,0.0
2024-07-22 15:30:00-04:00,1.0099999904632568,1.0099999904632568,0.9900000095367432,1.0099999904632568,0,0.0,0.0
2024-07-23 09:30:00-04:00,1.0199999809265137,1.0399999618530273,1.0,1.0109000205993652,56735,0.0,0.0
2024-07-23 10:30:00-04:00,1.0399999618530273,1.0399999618530273,1.0,1.0195000171661377,12319,0.0,0.0
2024-07-23 11:30:00-04:00,1.0199999809265137,1.0296000242233276,1.01010000705719,1.01010000705719,939,0.0,0.0
2024-07-23 12:30:00-04:00,1.0299999713897705,1.0299999713897705,1.010699987411499,1.024999976158142,8730,0.0,0.0
2024-07-23 13:30:00-04:00,1.024999976158142,1.0299999713897705,1.0199999809265137,1.0199999809265137,8373,0.0,0.0
2024-07-23 14:30:00-04:00,1.024999976158142,1.0299999713897705,1.0199999809265137,1.0297000408172607,0,0.0,0.0
2024-07-23 15:30:00-04:00,1.038100004196167,1.0399999618530273,1.038100004196167,1.0399999618530273,101,0.0,0.0
2024-07-24 09:30:00-04:00,1.0499999523162842,1.0700000524520874,1.0199999809265137,1.0700000524520874,5776,0.0,0.0
2024-07-24 10:30:00-04:00,1.0800000429153442,1.0999000072479248,1.0780999660491943,1.090000033378601,24395,0.0,0.0
2024-07-24 11:30:00-04:00,1.090000033378601,1.100000023841858,1.059999942779541,1.0684000253677368,13800,0.0,0.0
2024-07-24 12:30:00-04:00,1.0800000429153442,1.0800000429153442,1.065999984741211,1.0700000524520874,1609,0.0,0.0
2024-07-24 13:30:00-04:00,1.0700000524520874,1.0800000429153442,1.069200038909912,1.069200038909912,14580,0.0,0.0
2024-07-24 14:30:00-04:00,1.0700000524520874,1.0800000429153442,1.065000057220459,1.065000057220459,5891,0.0,0.0
2024-07-24 15:30:00-04:00,1.0600999593734741,1.0700000524520874,1.0499999523162842,1.0499999523162842,0,0.0,0.0
2024-07-25 09:30:00-04:00,1.0299999713897705,1.0299999713897705,0.9704999923706055,0.9801999926567078,87965,0.0,0.0
2024-07-25 10:30:00-04:00,0.9900000095367432,1.0,0.9846000075340271,1.0,20750,0.0,0.0
2024-07-25 11:30:00-04:00,1.0099999904632568,1.0299999713897705,1.0099999904632568,1.0103000402450562,3986,0.0,0.0
2024-07-25 12:30:00-04:00,1.0299999713897705,1.0299999713897705,0.9912999868392944,1.0156999826431274,2964,0.0,0.0
2024-07-25 13:30:00-04:00,1.0099999904632568,1.0199999809265137,1.0099999904632568,1.01010000705719,14498,0.0,0.0
2024-07-25 14:30:00-04:00,1.0199999809265137,1.0199999809265137,1.0199999809265137,1.0199999809265137,5000,0.0,0.0
2024-07-25 15:30:00-04:00,1.0198999643325806,1.0199999809265137,1.0198999643325806,1.0199999809265137,449,0.0,0.0
2024-07-26 09:30:00-04:00,1.0499999523162842,1.0499999523162842,1.0082999467849731,1.0299999713897705,31061,0.0,0.0
2024-07-26 10:30:00-04:00,1.0299999713897705,1.0299999713897705,1.0108000040054321,1.0199999809265137,10377,0.0,0.0
2024-07-26 11:30:00-04:00,1.0199999809265137,1.0700000524520874,1.0199999809265137,1.0651999711990356,12933,0.0,0.0
2024-07-26 12:30:00-04:00,1.0799000263214111,1.090000033378601,1.0787999629974365,1.0800000429153442,15384,0.0,0.0
2024-07-26 13:30:00-04:00,1.0715999603271484,1.0799000263214111,1.0609999895095825,1.0700000524520874,4212,0.0,0.0
2024-07-26 14:30:00-04:00,1.0800000429153442,1.0800000429153442,1.0499999523162842,1.059999942779541,6817,0.0,0.0
2024-07-26 15:30:00-04:00,1.0699000358581543,1.0800000429153442,1.059999942779541,1.059999942779541,57200,0.0,0.0
2024-07-29 09:30:00-04:00,0.9904000163078308,1.0,0.8799999952316284,0.9100000262260437,518102,0.0,0.0
2024-07-29 10:30:00-04:00,0.9100000262260437,0.9197999835014343,0.8899000287055969,0.8899000287055969,104243,0.0,0.0
2024-07-29 11:30:00-04:00,0.8899000287055969,0.9034000039100647,0.8898000121116638,0.8944000005722046,68064,0.0,0.0
2024-07-29 12:30:00-04:00,0.8999999761581421,0.9100000262260437,0.897350013256073,0.9099000096321106,56337,0.0,0.0
2024-07-29 13:30:00-04:00,0.9099000096321106,0.9279000163078308,0.8952000141143799,0.8952469825744629,85784,0.0,0.0
2024-07-29 14:30:00-04:00,0.8952469825744629,0.9210000038146973,0.8952469825744629,0.9038000106811523,42433,0.0,0.0
2024-07-29 15:30:00-04:00,0.9049999713897705,0.9199000000953674,0.8899999856948853,0.8899999856948853,0,0.0,0.0
2024-07-30 09:30:00-04:00,0.9200000166893005,0.9200000166893005,0.8899999856948853,0.890500009059906,158623,0.0,0.0
2024-07-30 10:30:00-04:00,0.8901000022888184,0.8999999761581421,0.8901000022888184,0.8999000191688538,22445,0.0,0.0
2024-07-30 11:30:00-04:00,0.8924999833106995,0.8999999761581421,0.8899499773979187,0.8900499939918518,67605,0.0,0.0
2024-07-30 12:30:00-04:00,0.8901000022888184,0.9089999794960022,0.880299985408783,0.8999999761581421,41571,0.0,0.0
2024-07-30 13:30:00-04:00,0.8999999761581421,0.904000997543335,0.8829010128974915,0.904000997543335,28231,0.0,0.0
2024-07-30 14:30:00-04:00,0.9006999731063843,0.9006999731063843,0.8999000191688538,0.8999000191688538,12260,0.0,0.0
2024-07-30 15:30:00-04:00,0.8999000191688538,0.9096999764442444,0.8980000019073486,0.8980000019073486,2751,0.0,0.0
2024-07-31 09:30:00-04:00,0.9300000071525574,0.9300000071525574,0.8999999761581421,0.9124000072479248,62254,0.0,0.0
2024-07-31 10:30:00-04:00,0.9098989963531494,0.9205999970436096,0.9049999713897705,0.9049999713897705,4197,0.0,0.0
2024-07-31 11:30:00-04:00,0.9099000096321106,0.9240999817848206,0.9099000096321106,0.9240999817848206,4117,0.0,0.0
2024-07-31 12:30:00-04:00,0.9281899929046631,0.9282000064849854,0.9194999933242798,0.9194999933242798,11192,0.0,0.0
2024-07-31 13:30:00-04:00,0.9150000214576721,0.9199000000953674,0.9150000214576721,0.9199000000953674,6899,0.0,0.0
2024-07-31 14:30:00-04:00,0.9150000214576721,0.9199000000953674,0.9100000262260437,0.914900004863739,25442,0.0,0.0
2024-07-31 15:30:00-04:00,0.914900004863739,0.9200999736785889,0.9100000262260437,0.9200000166893005,62080,0.0,0.0
2024-08-01 09:30:00-04:00,0.9282000064849854,0.9282000064849854,0.9078999757766724,0.9172210097312927,38126,0.0,0.0
2024-08-01 10:30:00-04:00,0.9200000166893005,0.9200000166893005,0.9099000096321106,0.9099000096321106,24841,0.0,0.0
2024-08-01 11:30:00-04:00,0.9049999713897705,0.9099000096321106,0.9049999713897705,0.9049999713897705,4587,0.0,0.0
2024-08-01 12:30:00-04:00,0.910099983215332,0.9129999876022339,0.9049999713897705,0.9100000262260437,13456,0.0,0.0
2024-08-01 13:30:00-04:00,0.9035000205039978,0.9100000262260437,0.8899999856948853,0.8899999856948853,21456,0.0,0.0
2024-08-01 14:30:00-04:00,0.8901000022888184,0.8949000239372253,0.8710389733314514,0.8884999752044678,148709,0.0,0.0
2024-08-01 15:30:00-04:00,0.8999999761581421,0.8999999761581421,0.8889999985694885,0.8913000226020813,0,0.0,0.0
2024-08-02 09:30:00-04:00,0.9089999794960022,0.920799970626831,0.8880000114440918,0.920799970626831,88042,0.0,0.0
2024-08-02 10:30:00-04:00,0.9024559855461121,0.9058989882469177,0.8199999928474426,0.8690000176429749,139193,0.0,0.0
2024-08-02 11:30:00-04:00,0.8429999947547913,0.8838000297546387,0.8429999947547913,0.8799999952316284,5561,0.0,0.0
2024-08-02 12:30:00-04:00,0.8799999952316284,0.883899986743927,0.8730000257492065,0.8730000257492065,15071,0.0,0.0
2024-08-02 13:30:00-04:00,0.879800021648407,0.8799999952316284,0.8676999807357788,0.8748999834060669,20892,0.0,0.0
2024-08-02 14:30:00-04:00,0.8701009750366211,0.8798999786376953,0.8676999807357788,0.8700000047683716,16809,0.0,0.0
2024-08-02 15:30:00-04:00,0.8698999881744385,0.8698999881744385,0.8532500267028809,0.8532500267028809,5434,0.0,0.0
2024-08-05 09:30:00-04:00,0.808899998664856,0.8179000020027161,0.7900000214576721,0.8047000169754028,103744,0.0,0.0
2024-08-05 10:30:00-04:00,0.8047500252723694,0.8389999866485596,0.8047500252723694,0.8301010131835938,28882,0.0,0.0
2024-08-05 11:30:00-04:00,0.839900016784668,0.839900016784668,0.8198999762535095,0.8255000114440918,44966,0.0,0.0
2024-08-05 12:30:00-04:00,0.8209999799728394,0.8299000263214111,0.8209999799728394,0.8240000009536743,8529,0.0,0.0
2024-08-05 13:30:00-04:00,0.8241000175476074,0.8299999833106995,0.8241000175476074,0.8270000219345093,29430,0.0,0.0
2024-08-05 14:30:00-04:00,0.8270999789237976,0.8275009989738464,0.8270999789237976,0.8275009989738464,9894,0.0,0.0
2024-08-05 15:30:00-04:00,0.8251000046730042,0.8299999833106995,0.8241000175476074,0.8241000175476074,10527,0.0,0.0
2024-08-06 09:30:00-04:00,0.8299999833106995,0.8498989939689636,0.8199999928474426,0.8379999995231628,19675,0.0,0.0
2024-08-06 10:30:00-04:00,0.8399999737739563,0.8399999737739563,0.824999988079071,0.8374990224838257,5192,0.0,0.0
2024-08-06 11:30:00-04:00,0.8374000191688538,0.8374000191688538,0.8374000191688538,0.8374000191688538,188,0.0,0.0
2024-08-06 12:30:00-04:00,0.8489999771118164,0.8500000238418579,0.8374999761581421,0.8500000238418579,1707,0.0,0.0
2024-08-06 13:30:00-04:00,0.8374999761581421,0.8374999761581421,0.8374999761581421,0.8374999761581421,684,0.0,0.0
2024-08-06 14:30:00-04:00,0.824999988079071,0.8270000219345093,0.8101000189781189,0.8184999823570251,13442,0.0,0.0
2024-08-06 15:30:00-04:00,0.8266000151634216,0.8266000151634216,0.8100000023841858,0.8100000023841858,0,0.0,0.0
2024-08-07 09:30:00-04:00,0.8539999723434448,0.8539999723434448,0.8200010061264038,0.8200010061264038,0,0.0,0.0
2024-08-07 10:30:00-04:00,0.8201010227203369,0.8410000205039978,0.8201010227203369,0.8410000205039978,3900,0.0,0.0
2024-08-07 11:30:00-04:00,0.8499900102615356,0.8499900102615356,0.83440101146698,0.842199981212616,5103,0.0,0.0
2024-08-07 12:30:00-04:00,0.8500000238418579,0.8600000143051147,0.8342999815940857,0.8600000143051147,18269,0.0,0.0
2024-08-07 13:30:00-04:00,0.8342999815940857,0.8598999977111816,0.8199999928474426,0.824999988079071,12512,0.0,0.0
2024-08-07 14:30:00-04:00,0.8393380045890808,0.8393380045890808,0.8201000094413757,0.8360999822616577,970,0.0,0.0
2024-08-07 15:30:00-04:00,0.8201000094413757,0.8202000260353088,0.8090000152587891,0.8090000152587891,0,0.0,0.0
2024-08-08 09:30:00-04:00,0.8343999981880188,0.8500000238418579,0.8100000023841858,0.8242999911308289,0,0.0,0.0
2024-08-08 10:30:00-04:00,0.824999988079071,0.833899974822998,0.824999988079071,0.8299000263214111,64006,0.0,0.0
2024-08-08 11:30:00-04:00,0.8299000263214111,0.8299000263214111,0.8007000088691711,0.8199999928474426,16471,0.0,0.0
2024-08-08 12:30:00-04:00,0.8199999928474426,0.82669997215271,0.8199999928474426,0.82669997215271,5696,0.0,0.0
2024-08-08 13:30:00-04:00,0.8299999833106995,0.8299999833106995,0.8118000030517578,0.8118000030517578,1661,0.0,0.0
2024-08-08 14:30:00-04:00,0.8156999945640564,0.8198999762535095,0.8122000098228455,0.8198999762535095,6345,0.0,0.0
2024-08-08 15:30:00-04:00,0.8198999762535095,0.8198999762535095,0.8079000115394592,0.8123499751091003,14710,0.0,0.0
2024-08-09 09:30:00-04:00,0.8227999806404114,0.8528000116348267,0.8200010061264038,0.8289999961853027,32779,0.0,0.0
2024-08-09 10:30:00-04:00,0.8251000046730042,0.8251000046730042,0.8199999928474426,0.8199999928474426,6149,0.0,0.0
2024-08-09 11:30:00-04:00,0.8220000267028809,0.8295999765396118,0.8100000023841858,0.8100000023841858,18164,0.0,0.0
2024-08-09 12:30:00-04:00,0.8198999762535095,0.8198999762535095,0.801110029220581,0.801110029220581,3299,0.0,0.0
2024-08-09 13:30:00-04:00,0.8198999762535095,0.8198999762535095,0.8100000023841858,0.8198999762535095,8354,0.0,0.0
2024-08-09 14:30:00-04:00,0.8198999762535095,0.8198999762535095,0.8100000023841858,0.8148999810218811,2092,0.0,0.0
2024-08-09 15:30:00-04:00,0.8198000192642212,0.8198999762535095,0.8100000023841858,0.8173999786376953,2838,0.0,0.0
2024-08-12 09:30:00-04:00,0.8299999833106995,0.8328999876976013,0.8100000023841858,0.8190000057220459,21327,0.0,0.0
2024-08-12 10:30:00-04:00,0.8100000023841858,0.8198990225791931,0.8100000023841858,0.8194270133972168,11507,0.0,0.0
2024-08-12 11:30:00-04:00,0.8188999891281128,0.8371000289916992,0.8188999891281128,0.8371000289916992,24393,0.0,0.0
2024-08-12 12:30:00-04:00,0.8371000289916992,0.8700000047683716,0.8371000289916992,0.843999981880188,8799,0.0,0.0
2024-08-12 13:30:00-04:00,0.8515999913215637,0.8698989748954773,0.8515999913215637,0.8515999913215637,4251,0.0,0.0
2024-08-12 14:30:00-04:00,0.8568000197410583,0.8700000047683716,0.849399983882904,0.8679999709129333,0,0.0,0.0
2024-08-12 15:30:00-04:00,0.8790000081062317,0.8799999952316284,0.8700000047683716,0.8799999952316284,10,0.0,0.0
2024-08-13 09:30:00-04:00,0.8600000143051147,0.8790000081062317,0.8460000157356262,0.8460000157356262,25782,0.0,0.0
2024-08-13 10:30:00-04:00,0.8799999952316284,0.8799999952316284,0.8600000143051147,0.8600000143051147,12367,0.0,0.0
2024-08-13 11:30:00-04:00,0.8798999786376953,0.8799999952316284,0.8461999893188477,0.8461999893188477,3737,0.0,0.0
2024-08-13 12:30:00-04:00,0.8799999952316284,0.8799999952316284,0.8461999893188477,0.8600000143051147,14178,0.0,0.0
2024-08-13 13:30:00-04:00,0.8899999856948853,0.8989999890327454,0.8619999885559082,0.8619999885559082,23414,0.0,0.0
2024-08-13 14:30:00-04:00,0.867900013923645,0.8804000020027161,0.8550000190734863,0.8550000190734863,1192,0.0,0.0
2024-08-13 15:30:00-04:00,0.8549000024795532,0.8906999826431274,0.8549000024795532,0.8600000143051147,4369,0.0,0.0
2024-08-14 09:30:00-04:00,0.8899999856948853,0.8899999856948853,0.8700000047683716,0.8700000047683716,2200,0.0,0.0
2024-08-14 11:30:00-04:00,0.8820000290870667,0.8820000290870667,0.8579999804496765,0.8600000143051147,12946,0.0,0.0
2024-08-14 12:30:00-04:00,0.8585000038146973,0.875,0.8450000286102295,0.8450000286102295,7397,0.0,0.0
2024-08-14 13:30:00-04:00,0.8500000238418579,0.85589998960495,0.8307999968528748,0.8557999730110168,13012,0.0,0.0
2024-08-14 14:30:00-04:00,0.85589998960495,0.85589998960495,0.8199999928474426,0.8379499912261963,16369,0.0,0.0
2024-08-14 15:30:00-04:00,0.8399999737739563,0.8650000095367432,0.8381999731063843,0.8450000286102295,0,0.0,0.0
2024-08-15 09:30:00-04:00,0.8600000143051147,0.8685010075569153,0.8600000143051147,0.8600999712944031,1012,0.0,0.0
2024-08-15 10:30:00-04:00,0.8600000143051147,0.8684999942779541,0.8600000143051147,0.8640000224113464,19918,0.0,0.0
2024-08-15 11:30:00-04:00,0.8675490021705627,0.875,0.8602489829063416,0.8698999881744385,4740,0.0,0.0
2024-08-15 12:30:00-04:00,0.8675000071525574,0.8700000047683716,0.8675000071525574,0.8675000071525574,9037,0.0,0.0
2024-08-15 13:30:00-04:00,0.8698999881744385,0.875,0.8687999844551086,0.8748999834060669,8256,0.0,0.0
2024-08-15 14:30:00-04:00,0.875,0.8899000287055969,0.8738639950752258,0.8899000287055969,35101,0.0,0.0
2024-08-15 15:30:00-04:00,0.8899000287055969,0.8899000287055969,0.8733999729156494,0.8733999729156494,6469,0.0,0.0
2024-08-16 09:30:00-04:00,0.8733999729156494,0.8968999981880188,0.8500000238418579,0.8967000246047974,26507,0.0,0.0
2024-08-16 10:30:00-04:00,0.8747000098228455,0.8896510004997253,0.8747000098228455,0.8896510004997253,4513,0.0,0.0
2024-08-16 11:30:00-04:00,0.89581698179245,0.8999999761581421,0.8834999799728394,0.8999999761581421,39506,0.0,0.0
2024-08-16 12:30:00-04:00,0.8999999761581421,0.9290000200271606,0.8999999761581421,0.902899980545044,20451,0.0,0.0
2024-08-16 13:30:00-04:00,0.8952440023422241,0.9269999861717224,0.8952440023422241,0.9199000000953674,16763,0.0,0.0
2024-08-16 14:30:00-04:00,0.9199000000953674,0.9200000166893005,0.9031010270118713,0.9150000214576721,12225,0.0,0.0
2024-08-16 15:30:00-04:00,0.9197999835014343,0.9298999905586243,0.9174500107765198,0.9248999953269958,23395,0.0,0.0
2024-08-19 09:30:00-04:00,0.925000011920929,0.9350000023841858,0.9039999842643738,0.9300000071525574,45007,0.0,0.0
2024-08-19 10:30:00-04:00,0.9200999736785889,0.9449999928474426,0.9200999736785889,0.9399999976158142,75916,0.0,0.0
2024-08-19 11:30:00-04:00,0.9399999976158142,0.949999988079071,0.9100000262260437,0.949999988079071,89301,0.0,0.0
2024-08-19 12:30:00-04:00,0.9426000118255615,0.9570000171661377,0.9426000118255615,0.9570000171661377,24520,0.0,0.0
2024-08-19 13:30:00-04:00,0.9519990086555481,0.9570000171661377,0.9375,0.9460999965667725,11772,0.0,0.0
2024-08-19 14:30:00-04:00,0.9460999965667725,0.9535999894142151,0.9351999759674072,0.9431099891662598,23550,0.0,0.0
2024-08-19 15:30:00-04:00,0.9488999843597412,0.9523000121116638,0.9452000260353088,0.9452000260353088,19487,0.0,0.0
2024-08-20 09:30:00-04:00,0.9628000259399414,0.9700000286102295,0.9100000262260437,0.9401000142097473,57860,0.0,0.0
2024-08-20 10:30:00-04:00,0.9492999911308289,0.9492999911308289,0.9239000082015991,0.9239000082015991,22951,0.0,0.0
2024-08-20 11:30:00-04:00,0.9239000082015991,0.949999988079071,0.9239000082015991,0.9366000294685364,13415,0.0,0.0
2024-08-20 12:30:00-04:00,0.949999988079071,0.949999988079071,0.9300000071525574,0.9300000071525574,2451,0.0,0.0
2024-08-20 13:30:00-04:00,0.9350000023841858,0.9350000023841858,0.9350000023841858,0.9350000023841858,571,0.0,0.0
2024-08-20 14:30:00-04:00,0.9300000071525574,0.9300000071525574,0.9200000166893005,0.9200000166893005,1823,0.0,0.0
2024-08-20 15:30:00-04:00,0.9445000290870667,0.944599986076355,0.9420999884605408,0.9420999884605408,2191,0.0,0.0
2024-08-21 09:30:00-04:00,0.944599986076355,0.944599986076355,0.9200999736785889,0.9200999736785889,11867,0.0,0.0
2024-08-21 10:30:00-04:00,0.9200000166893005,0.9398999810218811,0.9200000166893005,0.9398999810218811,12657,0.0,0.0
2024-08-21 11:30:00-04:00,0.9398999810218811,0.9398999810218811,0.9200000166893005,0.9351000189781189,13311,0.0,0.0
2024-08-21 12:30:00-04:00,0.9350000023841858,0.944599986076355,0.9350000023841858,0.944599986076355,29300,0.0,0.0
2024-08-21 13:30:00-04:00,0.944599986076355,0.9490000009536743,0.9359999895095825,0.9480000138282776,2904,0.0,0.0
2024-08-21 14:30:00-04:00,0.9488999843597412,0.9490000009536743,0.925000011920929,0.9488999843597412,30824,0.0,0.0
2024-08-21 15:30:00-04:00,0.9377999901771545,0.9587990045547485,0.9377999901771545,0.9534000158309937,0,0.0,0.0
2024-08-22 09:30:00-04:00,0.9424999952316284,0.9424999952316284,0.9045000076293945,0.9330000281333923,29324,0.0,0.0
2024-08-22 10:30:00-04:00,0.9336000084877014,0.9336000084877014,0.9151999950408936,0.9336000084877014,15057,0.0,0.0
2024-08-22 11:30:00-04:00,0.9330160021781921,0.9336000084877014,0.9261000156402588,0.9266999959945679,20854,0.0,0.0
2024-08-22 12:30:00-04:00,0.9265999794006348,0.9301000237464905,0.925000011920929,0.9300000071525574,1853,0.0,0.0
2024-08-22 13:30:00-04:00,0.9200000166893005,0.9375,0.9200000166893005,0.9359999895095825,2012,0.0,0.0
2024-08-22 14:30:00-04:00,0.9367020130157471,0.949999988079071,0.9367020130157471,0.9448999762535095,5767,0.0,0.0
2024-08-22 15:30:00-04:00,0.9488999843597412,0.9498999714851379,0.9451000094413757,0.9451000094413757,16500,0.0,0.0
2024-08-23 09:30:00-04:00,0.949999988079071,0.9750000238418579,0.949999988079071,0.9750000238418579,49766,0.0,0.0
2024-08-23 10:30:00-04:00,0.9699000120162964,0.9750000238418579,0.9684510231018066,0.973800003528595,1595,0.0,0.0
2024-08-23 11:30:00-04:00,0.9750000238418579,0.9750000238418579,0.961899995803833,0.9689000248908997,3155,0.0,0.0
2024-08-23 13:30:00-04:00,0.9659000039100647,0.9889000058174133,0.9553999900817871,0.9850000143051147,20028,0.0,0.0
2024-08-23 14:30:00-04:00,0.9850000143051147,0.9850000143051147,0.9700000286102295,0.9700000286102295,550,0.0,0.0
2024-08-23 15:30:00-04:00,0.9602000117301941,0.9850000143051147,0.9563000202178955,0.9732999801635742,12645,0.0,0.0
2024-08-26 09:30:00-04:00,1.0,1.0,0.949999988079071,0.9927999973297119,56806,0.0,0.0
2024-08-26 10:30:00-04:00,0.9740999937057495,1.0,0.9740999937057495,0.9840400218963623,19506,0.0,0.0
2024-08-26 11:30:00-04:00,0.9740999937057495,0.9850000143051147,0.9552000164985657,0.98089998960495,24192,0.0,0.0
2024-08-26 12:30:00-04:00,0.9850000143051147,0.9850000143051147,0.9701499938964844,0.9701499938964844,2082,0.0,0.0
2024-08-26 13:30:00-04:00,0.9671800136566162,0.9766010046005249,0.9671800136566162,0.9751999974250793,5455,0.0,0.0
2024-08-26 14:30:00-04:00,0.9800999760627747,0.9850000143051147,0.9753999710083008,0.9805999994277954,2085,0.0,0.0
2024-08-26 15:30:00-04:00,0.9850000143051147,0.9850000143051147,0.9825000166893005,0.9825000166893005,14815,0.0,0.0
2024-08-27 09:30:00-04:00,0.9603000283241272,1.0,0.9553099870681763,1.0,51365,0.0,0.0
2024-08-27 10:30:00-04:00,0.9739999771118164,0.9940000176429749,0.9739999771118164,0.9850000143051147,13109,0.0,0.0
2024-08-27 11:30:00-04:00,0.9700999855995178,0.9700999855995178,0.955299973487854,0.9602000117301941,0,0.0,0.0
2024-08-27 12:30:00-04:00,0.960099995136261,0.960099995136261,0.949999988079071,0.9502999782562256,97209,0.0,0.0
2024-08-27 13:30:00-04:00,0.9598990082740784,0.9598990082740784,0.9502000212669373,0.9502000212669373,702,0.0,0.0
2024-08-27 14:30:00-04:00,0.9599999785423279,0.9815999865531921,0.9599999785423279,0.9800000190734863,31017,0.0,0.0
2024-08-27 15:30:00-04:00,0.9900000095367432,0.9900000095367432,0.9700000286102295,0.9700000286102295,12638,0.0,0.0
2024-08-28 09:30:00-04:00,0.9668999910354614,0.9700000286102295,0.9449999928474426,0.9449999928474426,50687,0.0,0.0
2024-08-28 10:30:00-04:00,0.9599999785423279,0.960099995136261,0.9449999928474426,0.9451000094413757,17180,0.0,0.0
2024-08-28 11:30:00-04:00,0.9451000094413757,0.9549999833106995,0.9451000094413757,0.9549999833106995,7123,0.0,0.0
2024-08-28 12:30:00-04:00,0.9549000263214111,0.9549999833106995,0.9481499791145325,0.9481499791145325,5533,0.0,0.0
2024-08-28 13:30:00-04:00,0.9549000263214111,0.9549000263214111,0.9549000263214111,0.9549000263214111,4030,0.0,0.0
2024-08-28 14:30:00-04:00,0.9449999928474426,0.9449999928474426,0.9423009753227234,0.9423009753227234,1456,0.0,0.0
2024-08-28 15:30:00-04:00,0.949999988079071,0.9549999833106995,0.9462000131607056,0.9496999979019165,15350,0.0,0.0
2024-08-29 09:30:00-04:00,0.9408000111579895,0.9898989796638489,0.9300000071525574,0.9559999704360962,25241,0.0,0.0
2024-08-29 10:30:00-04:00,0.9800000190734863,0.9800000190734863,0.9800000190734863,0.9800000190734863,0,0.0,0.0
2024-08-29 11:30:00-04:00,0.9797000288963318,0.9797000288963318,0.9300000071525574,0.9783999919891357,80736,0.0,0.0
2024-08-29 12:30:00-04:00,0.9700000286102295,0.9700000286102295,0.9362000226974487,0.9559999704360962,10143,0.0,0.0
2024-08-29 13:30:00-04:00,0.9362000226974487,0.9480999708175659,0.9362000226974487,0.9480999708175659,1904,0.0,0.0
2024-08-29 14:30:00-04:00,0.9362000226974487,0.9599999785423279,0.9362000226974487,0.9599999785423279,4503,0.0,0.0
2024-08-29 15:30:00-04:00,0.949999988079071,0.9599999785423279,0.949999988079071,0.9599999785423279,13963,0.0,0.0
2024-08-30 09:30:00-04:00,0.9617999792098999,0.9764999747276306,0.9300000071525574,0.9551010131835938,21888,0.0,0.0
2024-08-30 10:30:00-04:00,0.9700000286102295,0.9700000286102295,0.9599000215530396,0.9599000215530396,1264,0.0,0.0
2024-08-30 11:30:00-04:00,0.9499390125274658,0.9499390125274658,0.9499390125274658,0.9499390125274658,231,0.0,0.0
2024-08-30 12:30:00-04:00,0.9438999891281128,0.949999988079071,0.9301009774208069,0.949999988079071,14457,0.0,0.0
2024-08-30 13:30:00-04:00,0.9399999976158142,0.949999988079071,0.9399999976158142,0.949999988079071,270,0.0,0.0
2024-08-30 14:30:00-04:00,0.9454500079154968,0.949999988079071,0.9454500079154968,0.9459999799728394,17703,0.0,0.0
2024-08-30 15:30:00-04:00,0.9422000050544739,0.9592999815940857,0.9422000050544739,0.9574000239372253,2709,0.0,0.0
2024-09-03 09:30:00-04:00,0.9574000239372253,0.9574000239372253,0.9300000071525574,0.9399999976158142,59216,0.0,0.0
2024-09-03 10:30:00-04:00,0.9462000131607056,0.9462000131607056,0.9010999798774719,0.9049000144004822,55570,0.0,0.0
2024-09-03 11:30:00-04:00,0.9099000096321106,0.9100000262260437,0.9000999927520752,0.9100000262260437,24824,0.0,0.0
2024-09-03 12:30:00-04:00,0.9099000096321106,0.9099000096321106,0.9000009894371033,0.9097999930381775,5238,0.0,0.0
2024-09-03 13:30:00-04:00,0.9049000144004822,0.9097999930381775,0.8999999761581421,0.8999999761581421,10754,0.0,0.0
2024-09-03 14:30:00-04:00,0.9097999930381775,0.9097999930381775,0.8999000191688538,0.9041000008583069,0,0.0,0.0
2024-09-03 15:30:00-04:00,0.8999000191688538,0.9100000262260437,0.8924000263214111,0.9049999713897705,162192,0.0,0.0
2024-09-04 09:30:00-04:00,0.9002000093460083,0.9254000186920166,0.9002000093460083,0.9253000020980835,15099,0.0,0.0
2024-09-04 10:30:00-04:00,0.9248999953269958,0.9248999953269958,0.9088000059127808,0.9088000059127808,10534,0.0,0.0
2024-09-04 11:30:00-04:00,0.9010999798774719,0.9248999953269958,0.9010999798774719,0.9010999798774719,369,0.0,0.0
2024-09-04 12:30:00-04:00,0.9130010008811951,0.9458000063896179,0.9130010008811951,0.9458000063896179,25283,0.0,0.0
2024-09-04 13:30:00-04:00,0.965499997138977,0.965499997138977,0.910099983215332,0.910099983215332,11402,0.0,0.0
2024-09-04 14:30:00-04:00,0.910099983215332,0.9101999998092651,0.9041000008583069,0.9101999998092651,3858,0.0,0.0
2024-09-04 15:30:00-04:00,0.929099977016449,0.9325000047683716,0.9143999814987183,0.9197999835014343,0,0.0,0.0
2024-09-05 09:30:00-04:00,0.9200000166893005,0.949999988079071,0.90420001745224,0.9498999714851379,15273,0.0,0.0
2024-09-05 10:30:00-04:00,0.9490000009536743,0.9524000287055969,0.9412999749183655,0.9413999915122986,6406,0.0,0.0
2024-09-05 11:30:00-04:00,0.9412999749183655,0.9412999749183655,0.9251000285148621,0.9300000071525574,31530,0.0,0.0
2024-09-05 12:30:00-04:00,0.9524989724159241,0.9524999856948853,0.9300000071525574,0.9300000071525574,1897,0.0,0.0
2024-09-05 13:30:00-04:00,0.9300000071525574,0.949999988079071,0.9300000071525574,0.949999988079071,2561,0.0,0.0
2024-09-05 14:30:00-04:00,0.940500020980835,0.9578499794006348,0.940500020980835,0.9578499794006348,10651,0.0,0.0
2024-09-05 15:30:00-04:00,0.9470999836921692,0.9549999833106995,0.9426000118255615,0.9426000118255615,3913,0.0,0.0
2024-09-06 09:30:00-04:00,0.9200000166893005,0.9399999976158142,0.9200000166893005,0.9399999976158142,946,0.0,0.0
2024-09-06 10:30:00-04:00,0.9120000004768372,0.9200000166893005,0.9042999744415283,0.9128000140190125,17808,0.0,0.0
2024-09-06 11:30:00-04:00,0.9128000140190125,0.9129999876022339,0.90420001745224,0.9128999710083008,14034,0.0,0.0
2024-09-06 12:30:00-04:00,0.9128999710083008,0.9128999710083008,0.8999999761581421,0.8999999761581421,21771,0.0,0.0
2024-09-06 13:30:00-04:00,0.9129999876022339,0.9129999876022339,0.8899999856948853,0.9100000262260437,2825,0.0,0.0
2024-09-06 14:30:00-04:00,0.8999999761581421,0.8999999761581421,0.8899999856948853,0.8998000025749207,13996,0.0,0.0
2024-09-06 15:30:00-04:00,0.8899999856948853,0.8999000191688538,0.8899999856948853,0.8999000191688538,14778,0.0,0.0
2024-09-09 09:30:00-04:00,0.8501999974250793,0.8900009989738464,0.8501999974250793,0.8799999952316284,41261,0.0,0.0
2024-09-09 10:30:00-04:00,0.8799999952316284,0.8799999952316284,0.875,0.8759999871253967,21896,0.0,0.0
2024-09-09 11:30:00-04:00,0.8758999705314636,0.8799999952316284,0.8704000115394592,0.8799999952316284,18989,0.0,0.0
2024-09-09 12:30:00-04:00,0.8889999985694885,0.8889999985694885,0.8761000037193298,0.8761000037193298,15901,0.0,0.0
2024-09-09 13:30:00-04:00,0.8759999871253967,0.8899999856948853,0.8704000115394592,0.8704000115394592,13480,0.0,0.0
2024-09-09 14:30:00-04:00,0.8899999856948853,0.8899999856948853,0.878000020980835,0.878000020980835,3493,0.0,0.0
2024-09-09 15:30:00-04:00,0.878000020980835,0.8899000287055969,0.871999979019165,0.8780999779701233,0,0.0,0.0
2024-09-10 09:30:00-04:00,0.8888999819755554,0.8888999819755554,0.8684999942779541,0.8733000159263611,9042,0.0,0.0
2024-09-10 10:30:00-04:00,0.8970000147819519,0.8970000147819519,0.8970000147819519,0.8970000147819519,120,0.0,0.0
2024-09-10 11:30:00-04:00,0.8980000019073486,0.8980000019073486,0.8733000159263611,0.8845729827880859,2964,0.0,0.0
2024-09-10 12:30:00-04:00,0.8808000087738037,0.8899999856948853,0.8700000047683716,0.8799999952316284,19404,0.0,0.0
2024-09-10 13:30:00-04:00,0.8808310031890869,0.8819990158081055,0.8799999952316284,0.8799999952316284,3558,0.0,0.0
2024-09-10 15:30:00-04:00,0.8798999786376953,0.8849999904632568,0.8787999749183655,0.8848999738693237,67394,0.0,0.0
2024-09-11 09:30:00-04:00,0.875,0.8790000081062317,0.875,0.8754000067710876,6972,0.0,0.0
2024-09-11 10:30:00-04:00,0.8754000067710876,0.8842999935150146,0.8651999831199646,0.8842999935150146,0,0.0,0.0
2024-09-11 11:30:00-04:00,0.8901000022888184,0.8956000208854675,0.8700000047683716,0.8956000208854675,77769,0.0,0.0
2024-09-11 12:30:00-04:00,0.8829489946365356,0.8829489946365356,0.8798999786376953,0.8801000118255615,4823,0.0,0.0
2024-09-11 13:30:00-04:00,0.8801000118255615,0.8801000118255615,0.8801000118255615,0.8801000118255615,211,0.0,0.0
2024-09-11 14:30:00-04:00,0.8900009989738464,0.8900009989738464,0.8900009989738464,0.8900009989738464,0,0.0,0.0
2024-09-11 15:30:00-04:00,0.8989999890327454,0.8999999761581421,0.8970500230789185,0.8970500230789185,0,0.0,0.0
2024-09-12 09:30:00-04:00,0.9388999938964844,0.9700000286102295,0.9246000051498413,0.9660000205039978,21112,0.0,0.0
2024-09-12 10:30:00-04:00,0.9472000002861023,0.9660000205039978,0.9341999888420105,0.949999988079071,25987,0.0,0.0
2024-09-12 11:30:00-04:00,0.9696999788284302,0.9696999788284302,0.9399999976158142,0.949999988079071,14798,0.0,0.0
2024-09-12 12:30:00-04:00,0.9574999809265137,0.964900016784668,0.949999988079071,0.953000009059906,8003,0.0,0.0
2024-09-12 13:30:00-04:00,0.964900016784668,0.9649999737739563,0.949999988079071,0.964900016784668,13597,0.0,0.0
2024-09-12 15:30:00-04:00,0.964900016784668,0.964900016784668,0.9552000164985657,0.955299973487854,0,0.0,0.0
2024-09-13 09:30:00-04:00,0.9599999785423279,1.0,0.9449999928474426,0.9700000286102295,0,0.0,0.0
2024-09-13 10:30:00-04:00,0.9599999785423279,0.9799000024795532,0.9599999785423279,0.9599999785423279,72157,0.0,0.0
2024-09-13 11:30:00-04:00,0.9700000286102295,0.9800000190734863,0.9700000286102295,0.9799000024795532,21611,0.0,0.0
2024-09-13 12:30:00-04:00,0.9750000238418579,0.9750000238418579,0.9599999785423279,0.96670001745224,4722,0.0,0.0
2024-09-13 13:30:00-04:00,0.9748989939689636,0.9800000190734863,0.9635000228881836,0.9635999798774719,2231,0.0,0.0
2024-09-13 14:30:00-04:00,0.9700000286102295,0.9700000286102295,0.9613999724388123,0.9621250033378601,6447,0.0,0.0
2024-09-13 15:30:00-04:00,0.9675499796867371,0.9700000286102295,0.9501000046730042,0.9501000046730042,29219,0.0,0.0
2024-09-16 09:30:00-04:00,0.9900000095367432,0.9900000095367432,0.9599999785423279,0.9898999929428101,12120,0.0,0.0
2024-09-16 10:30:00-04:00,0.9800000190734863,0.9800000190734863,0.9442999958992004,0.9557999968528748,9860,0.0,0.0
2024-09-16 11:30:00-04:00,0.957099974155426,0.9900000095367432,0.9556999802589417,0.9588000178337097,24096,0.0,0.0
2024-09-16 12:30:00-04:00,0.9300000071525574,0.95899897813797,0.9300000071525574,0.949999988079071,10345,0.0,0.0
2024-09-16 13:30:00-04:00,0.949999988079071,0.9545509815216064,0.949999988079071,0.9545509815216064,1101,0.0,0.0
2024-09-16 14:30:00-04:00,0.9589999914169312,0.9898989796638489,0.9501000046730042,0.9502000212669373,6419,0.0,0.0
2024-09-16 15:30:00-04:00,0.989799976348877,0.989799976348877,0.9700000286102295,0.9700000286102295,0,0.0,0.0
2024-09-17 09:30:00-04:00,0.9599999785423279,0.9599999785423279,0.9399999976158142,0.949999988079071,29532,0.0,0.0
2024-09-17 10:30:00-04:00,0.9569000005722046,0.9599999785423279,0.9020000100135803,0.9599999785423279,50559,0.0,0.0
2024-09-17 11:30:00-04:00,0.9449999928474426,0.9550489783287048,0.9399999976158142,0.9549999833106995,72371,0.0,0.0
2024-09-17 12:30:00-04:00,0.9449999928474426,0.9599999785423279,0.9449999928474426,0.9599999785423279,14105,0.0,0.0
2024-09-17 13:30:00-04:00,0.9449999928474426,0.9599999785423279,0.9449999928474426,0.9449999928474426,0,0.0,0.0
2024-09-17 14:30:00-04:00,0.9599990248680115,0.9599999785423279,0.9403010010719299,0.9403010010719299,218246,0.0,0.0
2024-09-17 15:30:00-04:00,0.9449999928474426,0.9523000121116638,0.9399999976158142,0.9399999976158142,0,0.0,0.0
2024-09-18 09:30:00-04:00,0.9599999785423279,0.9599999785423279,0.9100000262260437,0.9298999905586243,25182,0.0,0.0
2024-09-18 10:30:00-04:00,0.9297999739646912,0.9297999739646912,0.9200000166893005,0.9200000166893005,3409,0.0,0.0
2024-09-18 11:30:00-04:00,0.9297999739646912,0.9496999979019165,0.9297999739646912,0.9298999905586243,13288,0.0,0.0
2024-09-18 12:30:00-04:00,0.9200000166893005,0.9269000291824341,0.9200000166893005,0.925000011920929,16201,0.0,0.0
2024-09-18 13:30:00-04:00,0.9200999736785889,0.9745000004768372,0.9200000166893005,0.9200999736785889,24299,0.0,0.0
2024-09-18 14:30:00-04:00,0.9596999883651733,0.9596999883651733,0.9300000071525574,0.9300000071525574,13812,0.0,0.0
2024-09-18 15:30:00-04:00,0.9200000166893005,0.9300000071525574,0.9200000166893005,0.9200000166893005,0,0.0,0.0
2024-09-19 09:30:00-04:00,0.9451000094413757,0.9451000094413757,0.9200000166893005,0.9366000294685364,11120,0.0,0.0
2024-09-19 10:30:00-04:00,0.9348999857902527,0.9350000023841858,0.9249500036239624,0.9300000071525574,15960,0.0,0.0
2024-09-19 11:30:00-04:00,0.9298999905586243,0.9398990273475647,0.925000011920929,0.9398990273475647,15253,0.0,0.0
2024-09-19 12:30:00-04:00,0.9399999976158142,0.9399999976158142,0.9399999976158142,0.9399999976158142,6060,0.0,0.0
2024-09-19 13:30:00-04:00,0.9399999976158142,0.9498990178108215,0.9399999976158142,0.9498990178108215,4000,0.0,0.0
2024-09-19 14:30:00-04:00,0.9498999714851379,0.949999988079071,0.9401000142097473,0.9401999711990356,5597,0.0,0.0
2024-09-19 15:30:00-04:00,0.9399999976158142,0.9595000147819519,0.9399999976158142,0.9537000060081482,33922,0.0,0.0
2024-09-20 09:30:00-04:00,0.949999988079071,0.9776999950408936,0.9498999714851379,0.9700000286102295,24714,0.0,0.0
2024-09-20 10:30:00-04:00,0.9614999890327454,0.9990000128746033,0.9614999890327454,0.9990000128746033,38330,0.0,0.0
2024-09-20 11:30:00-04:00,0.9987000226974487,1.0,0.9900000095367432,1.0,43056,0.0,0.0
2024-09-20 12:30:00-04:00,0.9902999997138977,1.0199999809265137,0.9800000190734863,0.9900000095367432,32017,0.0,0.0
2024-09-20 13:30:00-04:00,0.9901000261306763,1.0099999904632568,0.9700999855995178,0.9700999855995178,11780,0.0,0.0
2024-09-20 14:30:00-04:00,0.9900000095367432,0.9900000095367432,0.9900000095367432,0.9900000095367432,450,0.0,0.0
2024-09-20 15:30:00-04:00,0.9900000095367432,0.9900000095367432,0.9311000108718872,0.9516000151634216,0,0.0,0.0
2024-09-23 09:30:00-04:00,0.9509999752044678,0.9900000095367432,0.9509999752044678,0.9900000095367432,13856,0.0,0.0
2024-09-23 10:30:00-04:00,0.9801999926567078,0.9978899955749512,0.9775500297546387,0.9978899955749512,71490,0.0,0.0
2024-09-23 11:30:00-04:00,0.9900000095367432,0.9900000095367432,0.9800000190734863,0.9898999929428101,10293,0.0,0.0
2024-09-23 12:30:00-04:00,0.9898999929428101,0.9900000095367432,0.9751499891281128,0.9785490036010742,14868,0.0,0.0
2024-09-23 13:30:00-04:00,0.9785509705543518,0.9898989796638489,0.9750000238418579,0.9750000238418579,7248,0.0,0.0
2024-09-23 14:30:00-04:00,0.9700000286102295,0.9700000286102295,0.9509999752044678,0.9599999785423279,14725,0.0,0.0
2024-09-23 15:30:00-04:00,0.9700000286102295,0.9700000286102295,0.9501000046730042,0.9628999829292297,0,0.0,0.0
2024-09-24 09:30:00-04:00,0.9599999785423279,0.9639999866485596,0.9501000046730042,0.9501000046730042,40903,0.0,0.0
2024-09-24 10:30:00-04:00,0.9520999789237976,0.9696999788284302,0.9433000087738037,0.9696999788284302,19340,0.0,0.0
2024-09-24 11:30:00-04:00,0.9501000046730042,0.9789999723434448,0.9501000046730042,0.9789999723434448,21238,0.0,0.0
2024-09-24 12:30:00-04:00,0.9789999723434448,1.0099999904632568,0.9789999723434448,0.9900000095367432,8863,0.0,0.0
2024-09-24 13:30:00-04:00,1.0,1.0,0.9900000095367432,1.0,18294,0.0,0.0
2024-09-24 14:30:00-04:00,0.9929999709129333,1.0199999809265137,0.987500011920929,0.9962000250816345,44727,0.0,0.0
2024-09-24 15:30:00-04:00,1.0099999904632568,1.0199999809265137,0.9937000274658203,0.9937000274658203,0,0.0,0.0
2024-09-25 09:30:00-04:00,1.0099999904632568,1.0399999618530273,0.9909999966621399,1.0398000478744507,55535,0.0,0.0
2024-09-25 10:30:00-04:00,1.0199999809265137,1.0399999618530273,1.0,1.0140000581741333,18129,0.0,0.0
2024-09-25 11:30:00-04:00,1.0398000478744507,1.0399999618530273,1.0200999975204468,1.0200999975204468,8271,0.0,0.0
2024-09-25 12:30:00-04:00,1.0099999904632568,1.0298999547958374,1.0099999904632568,1.0099999904632568,10174,0.0,0.0
2024-09-25 13:30:00-04:00,1.0,1.0299999713897705,1.0,1.0099999904632568,18961,0.0,0.0
2024-09-25 14:30:00-04:00,1.0,1.0199999809265137,1.0,1.0149999856948853,26164,0.0,0.0
2024-09-25 15:30:00-04:00,1.0049999952316284,1.0099999904632568,1.0,1.0099999904632568,0,0.0,0.0
2024-09-26 09:30:00-04:00,1.0399999618530273,1.0399999618530273,0.9900000095367432,1.0,48921,0.0,0.0
2024-09-26 10:30:00-04:00,1.0,1.0198999643325806,1.0,1.0099999904632568,10844,0.0,0.0
2024-09-26 11:30:00-04:00,1.0149999856948853,1.0190000534057617,1.0,1.0003000497817993,2571,0.0,0.0
2024-09-26 12:30:00-04:00,1.007200002670288,1.0199999809265137,1.007200002670288,1.0099999904632568,2729,0.0,0.0
2024-09-26 13:30:00-04:00,1.0099999904632568,1.0199999809265137,1.0099999904632568,1.0099999904632568,1085,0.0,0.0
2024-09-26 14:30:00-04:00,1.0099999904632568,1.0149999856948853,1.0,1.0149999856948853,13278,0.0,0.0
2024-09-26 15:30:00-04:00,1.0099999904632568,1.0198999643325806,1.0,1.0198999643325806,0,0.0,0.0
2024-09-27 09:30:00-04:00,1.0399999618530273,1.0399999618530273,0.9599999785423279,0.9868999719619751,42166,0.0,0.0
2024-09-27 10:30:00-04:00,0.9868999719619751,0.9868999719619751,0.9599999785423279,0.9698989987373352,28287,0.0,0.0
2024-09-27 11:30:00-04:00,0.9697999954223633,0.9699000120162964,0.9599999785423279,0.9599999785423279,1965,0.0,0.0
2024-09-27 12:30:00-04:00,0.9713000059127808,0.9750000238418579,0.9599999785423279,0.9599999785423279,8199,0.0,0.0
2024-09-27 13:30:00-04:00,0.9699990153312683,0.9700000286102295,0.960099995136261,0.960099995136261,17269,0.0,0.0
2024-09-27 14:30:00-04:00,0.964900016784668,0.9739000201225281,0.964900016784668,0.9699000120162964,13889,0.0,0.0
2024-09-27 15:30:00-04:00,0.9616000056266785,0.986549973487854,0.9599999785423279,0.9700000286102295,56014,0.0,0.0
