Datetime,Open,High,Low,Close,Volume,Dividends,Stock Splits
2022-09-29 09:30:00-04:00,7.130000114440918,7.164999961853027,6.989999771118164,7.025000095367432,93073,0.0,0.0
2022-09-29 10:30:00-04:00,7.025000095367432,7.025000095367432,6.980000019073486,6.989999771118164,102362,0.0,0.0
2022-09-29 11:30:00-04:00,6.989999771118164,7.019999980926514,6.960000038146973,6.994999885559082,127507,0.0,0.0
2022-09-29 12:30:00-04:00,6.994999885559082,7.0,6.949999809265137,6.954999923706055,74444,0.0,0.0
2022-09-29 13:30:00-04:00,6.954999923706055,6.960000038146973,6.900000095367432,6.90500020980835,51611,0.0,0.0
2022-09-29 14:30:00-04:00,6.90500020980835,6.929999828338623,6.900000095367432,6.909999847412109,103481,0.0,0.0
2022-09-29 15:30:00-04:00,6.90500020980835,6.929999828338623,6.900000095367432,6.929999828338623,70189,0.0,0.0
2022-09-30 09:30:00-04:00,6.900000095367432,7.007800102233887,6.889999866485596,6.920000076293945,41747,0.0,0.0
2022-09-30 10:30:00-04:00,6.920000076293945,7.0,6.909999847412109,6.985000133514404,82768,0.0,0.0
2022-09-30 11:30:00-04:00,6.96999979019165,6.970099925994873,6.949999809265137,6.954999923706055,19538,0.0,0.0
2022-09-30 12:30:00-04:00,6.954999923706055,6.978000164031982,6.929999828338623,6.939899921417236,44457,0.0,0.0
2022-09-30 13:30:00-04:00,6.940000057220459,6.949999809265137,6.929999828338623,6.940000057220459,42449,0.0,0.0
2022-09-30 14:30:00-04:00,6.945000171661377,6.949999809265137,6.929999828338623,6.934999942779541,28287,0.0,0.0
2022-09-30 15:30:00-04:00,6.929999828338623,6.949999809265137,6.920000076293945,6.920000076293945,38947,0.0,0.0
2022-10-03 09:30:00-04:00,7.059999942779541,7.059999942779541,6.974899768829346,7.041600227355957,118205,0.0,0.0
2022-10-03 10:30:00-04:00,7.045000076293945,7.090000152587891,7.044600009918213,7.074999809265137,38002,0.0,0.0
2022-10-03 11:30:00-04:00,7.074999809265137,7.079999923706055,7.059999942779541,7.070000171661377,37877,0.0,0.0
2022-10-03 12:30:00-04:00,7.064599990844727,7.079999923706055,7.059999942779541,7.059999942779541,27007,0.0,0.0
2022-10-03 13:30:00-04:00,7.079999923706055,7.079999923706055,7.059999942779541,7.074999809265137,49790,0.0,0.0
2022-10-03 14:30:00-04:00,7.079999923706055,7.099999904632568,7.070000171661377,7.070099830627441,48482,0.0,0.0
2022-10-03 15:30:00-04:00,7.079899787902832,7.079999923706055,7.059999942779541,7.070000171661377,10607,0.0,0.0
2022-10-04 09:30:00-04:00,7.159999847412109,7.1691999435424805,7.099999904632568,7.15500020980835,136237,0.0,0.0
2022-10-04 10:30:00-04:00,7.151000022888184,7.170000076293945,7.125,7.150000095367432,62307,0.0,0.0
2022-10-04 11:30:00-04:00,7.14709997177124,7.150000095367432,7.134699821472168,7.138999938964844,21057,0.0,0.0
2022-10-04 12:30:00-04:00,7.135000228881836,7.139999866485596,7.119999885559082,7.139800071716309,24604,0.0,0.0
2022-10-04 13:30:00-04:00,7.139999866485596,7.139999866485596,7.130000114440918,7.130000114440918,35294,0.0,0.0
2022-10-04 14:30:00-04:00,7.135000228881836,7.139999866485596,7.119999885559082,7.125,22800,0.0,0.0
2022-10-04 15:30:00-04:00,7.130000114440918,7.130000114440918,7.119999885559082,7.125,30317,0.0,0.0
2022-10-05 09:30:00-04:00,7.099999904632568,7.099999904632568,6.980000019073486,6.980000019073486,0,0.0,0.0
2022-10-05 10:30:00-04:00,6.985000133514404,7.070000171661377,6.960000038146973,7.059999942779541,94391,0.0,0.0
2022-10-05 11:30:00-04:00,7.067800045013428,7.079999923706055,7.045000076293945,7.079899787902832,24753,0.0,0.0
2022-10-05 12:30:00-04:00,7.070000171661377,7.079999923706055,7.059999942779541,7.074999809265137,16875,0.0,0.0
2022-10-05 13:30:00-04:00,7.074999809265137,7.099999904632568,7.059999942779541,7.099999904632568,40196,0.0,0.0
2022-10-05 14:30:00-04:00,7.105000019073486,7.110000133514404,7.079999923706055,7.085000038146973,22175,0.0,0.0
2022-10-05 15:30:00-04:00,7.079999923706055,7.090000152587891,7.059999942779541,7.059999942779541,53250,0.0,0.0
2022-10-06 09:30:00-04:00,7.070000171661377,7.090000152587891,7.050000190734863,7.059999942779541,51447,0.0,0.0
2022-10-06 10:30:00-04:00,7.050000190734863,7.059299945831299,7.039999961853027,7.039999961853027,31002,0.0,0.0
2022-10-06 11:30:00-04:00,7.039999961853027,7.039999961853027,7.010000228881836,7.025000095367432,13643,0.0,0.0
2022-10-06 12:30:00-04:00,7.03000020980835,7.039999961853027,7.025000095367432,7.025000095367432,15709,0.0,0.0
2022-10-06 13:30:00-04:00,7.020899772644043,7.039999961853027,7.020899772644043,7.039999961853027,15402,0.0,0.0
2022-10-06 14:30:00-04:00,7.039999961853027,7.045000076293945,7.031400203704834,7.039999961853027,28676,0.0,0.0
2022-10-06 15:30:00-04:00,7.039999961853027,7.039999961853027,7.019999980926514,7.019999980926514,14132,0.0,0.0
2022-10-07 09:30:00-04:00,7.019999980926514,7.019999980926514,6.950099945068359,6.985000133514404,87859,0.0,0.0
2022-10-07 10:30:00-04:00,6.985000133514404,6.989200115203857,6.970099925994873,6.989200115203857,7614,0.0,0.0
2022-10-07 11:30:00-04:00,6.9899001121521,6.9899001121521,6.980000019073486,6.985000133514404,7222,0.0,0.0
2022-10-07 12:30:00-04:00,6.985899925231934,6.987299919128418,6.980000019073486,6.984099864959717,3698,0.0,0.0
2022-10-07 13:30:00-04:00,6.980000019073486,6.989999771118164,6.980000019073486,6.989999771118164,11839,0.0,0.0
2022-10-07 14:30:00-04:00,6.985000133514404,6.989999771118164,6.960000038146973,6.965000152587891,29123,0.0,0.0
2022-10-07 15:30:00-04:00,6.968400001525879,6.96999979019165,6.929999828338623,6.940000057220459,23907,0.0,0.0
2022-10-10 09:30:00-04:00,6.980000019073486,6.980000019073486,6.925000190734863,6.965000152587891,0,0.0,0.0
2022-10-10 10:30:00-04:00,6.965000152587891,6.965000152587891,6.909999847412109,6.94350004196167,67053,0.0,0.0
2022-10-10 11:30:00-04:00,6.949999809265137,6.954999923706055,6.940000057220459,6.947700023651123,13010,0.0,0.0
2022-10-10 12:30:00-04:00,6.945000171661377,6.945000171661377,6.8420000076293945,6.853400230407715,166198,0.0,0.0
2022-10-10 13:30:00-04:00,6.850800037384033,6.889999866485596,6.850800037384033,6.855000019073486,80273,0.0,0.0
2022-10-10 14:30:00-04:00,6.860000133514404,6.860000133514404,6.849999904632568,6.849999904632568,36169,0.0,0.0
2022-10-10 15:30:00-04:00,6.860000133514404,6.869999885559082,6.849999904632568,6.860000133514404,26118,0.0,0.0
2022-10-11 09:30:00-04:00,6.869999885559082,6.889999866485596,6.820000171661377,6.875,91911,0.0,0.0
2022-10-11 10:30:00-04:00,6.879899978637695,6.929999828338623,6.872099876403809,6.929999828338623,46919,0.0,0.0
2022-10-11 11:30:00-04:00,6.929100036621094,6.940000057220459,6.910900115966797,6.914999961853027,24350,0.0,0.0
2022-10-11 12:30:00-04:00,6.920000076293945,6.929999828338623,6.900000095367432,6.900000095367432,18211,0.0,0.0
2022-10-11 13:30:00-04:00,6.9070000648498535,6.920000076293945,6.889999866485596,6.889999866485596,11713,0.0,0.0
2022-10-11 14:30:00-04:00,6.894999980926514,6.894999980926514,6.870500087738037,6.880000114440918,16319,0.0,0.0
2022-10-11 15:30:00-04:00,6.875,6.880000114440918,6.860000133514404,6.864999771118164,33881,0.0,0.0
2022-10-12 09:30:00-04:00,6.869999885559082,6.929999828338623,6.86329984664917,6.900000095367432,0,0.0,0.0
2022-10-12 10:30:00-04:00,6.894999980926514,6.929999828338623,6.885000228881836,6.925000190734863,39819,0.0,0.0
2022-10-12 11:30:00-04:00,6.920000076293945,6.925000190734863,6.900000095367432,6.90500020980835,12995,0.0,0.0
2022-10-12 12:30:00-04:00,6.909999847412109,6.909999847412109,6.894999980926514,6.900000095367432,10989,0.0,0.0
2022-10-12 13:30:00-04:00,6.894999980926514,6.909999847412109,6.869999885559082,6.869999885559082,37081,0.0,0.0
2022-10-12 14:30:00-04:00,6.869999885559082,6.880000114440918,6.829999923706055,6.829999923706055,48683,0.0,0.0
2022-10-12 15:30:00-04:00,6.840000152587891,6.840000152587891,6.820000171661377,6.824999809265137,29874,0.0,0.0
2022-10-13 09:30:00-04:00,6.699999809265137,6.760000228881836,6.659999847412109,6.760000228881836,105991,0.0,0.0
2022-10-13 10:30:00-04:00,6.760000228881836,6.809999942779541,6.75,6.804999828338623,48062,0.0,0.0
2022-10-13 11:30:00-04:00,6.81790018081665,6.840000152587891,6.801400184631348,6.809999942779541,38474,0.0,0.0
2022-10-13 12:30:00-04:00,6.809999942779541,6.815100193023682,6.78000020980835,6.795000076293945,18436,0.0,0.0
2022-10-13 13:30:00-04:00,6.800000190734863,6.809999942779541,6.760000228881836,6.769999980926514,48003,0.0,0.0
2022-10-13 14:30:00-04:00,6.769999980926514,6.78000020980835,6.730000019073486,6.730000019073486,46205,0.0,0.0
2022-10-13 15:30:00-04:00,6.730000019073486,6.769999980926514,6.710000038146973,6.769999980926514,48613,0.0,0.0
2022-10-14 09:30:00-04:00,6.769999980926514,6.769999980926514,6.709499835968018,6.710100173950195,60195,0.0,0.0
2022-10-14 10:30:00-04:00,6.710599899291992,6.739999771118164,6.704999923706055,6.71999979019165,24584,0.0,0.0
2022-10-14 11:30:00-04:00,6.718999862670898,6.71999979019165,6.710000038146973,6.71999979019165,40831,0.0,0.0
2022-10-14 12:30:00-04:00,6.71999979019165,6.71999979019165,6.699999809265137,6.71999979019165,16609,0.0,0.0
2022-10-14 13:30:00-04:00,6.71999979019165,6.724999904632568,6.699999809265137,6.704999923706055,49694,0.0,0.0
2022-10-14 14:30:00-04:00,6.710000038146973,6.710000038146973,6.679999828338623,6.699999809265137,41045,0.0,0.0
2022-10-14 15:30:00-04:00,6.695000171661377,6.710000038146973,6.695000171661377,6.699999809265137,28110,0.0,0.0
2022-10-17 09:30:00-04:00,6.769999980926514,6.800000190734863,6.590000152587891,6.769999980926514,140304,0.0,0.0
2022-10-17 10:30:00-04:00,6.769999980926514,6.769999980926514,6.739999771118164,6.760000228881836,21272,0.0,0.0
2022-10-17 11:30:00-04:00,6.755000114440918,6.784999847412109,6.75,6.78000020980835,18926,0.0,0.0
2022-10-17 12:30:00-04:00,6.779900074005127,6.78000020980835,6.760000228881836,6.769899845123291,24909,0.0,0.0
2022-10-17 13:30:00-04:00,6.769999980926514,6.769999980926514,6.75,6.75,19048,0.0,0.0
2022-10-17 14:30:00-04:00,6.744999885559082,6.75,6.739999771118164,6.749899864196777,31605,0.0,0.0
2022-10-17 15:30:00-04:00,6.744999885559082,6.75,6.730000019073486,6.735000133514404,33501,0.0,0.0
2022-10-18 09:30:00-04:00,6.809999942779541,6.809999942779541,6.764999866485596,6.78000020980835,61209,0.0,0.0
2022-10-18 10:30:00-04:00,6.789999961853027,6.789999961853027,6.769999980926514,6.775000095367432,19595,0.0,0.0
2022-10-18 11:30:00-04:00,6.78000020980835,6.78000020980835,6.769999980926514,6.78000020980835,29504,0.0,0.0
2022-10-18 12:30:00-04:00,6.78000020980835,6.78000020980835,6.735000133514404,6.735000133514404,50759,0.0,0.0
2022-10-18 13:30:00-04:00,6.730000019073486,6.730000019073486,6.710000038146973,6.71999979019165,36791,0.0,0.0
2022-10-18 14:30:00-04:00,6.71999979019165,6.75,6.710000038146973,6.744999885559082,80788,0.0,0.0
2022-10-18 15:30:00-04:00,6.744999885559082,6.760000228881836,6.744100093841553,6.755000114440918,27061,0.0,0.0
2022-10-19 09:30:00-04:00,6.75,6.789999961853027,6.739999771118164,6.784999847412109,90746,0.0,0.0
2022-10-19 10:30:00-04:00,6.784999847412109,6.784999847412109,6.75,6.760000228881836,21420,0.0,0.0
2022-10-19 11:30:00-04:00,6.75,6.760000228881836,6.730000019073486,6.735000133514404,26693,0.0,0.0
2022-10-19 12:30:00-04:00,6.735000133514404,6.739999771118164,6.710000038146973,6.738999843597412,27929,0.0,0.0
2022-10-19 13:30:00-04:00,6.735000133514404,6.75,6.71999979019165,6.744999885559082,20739,0.0,0.0
2022-10-19 14:30:00-04:00,6.739999771118164,6.760000228881836,6.735000133514404,6.739999771118164,33589,0.0,0.0
2022-10-19 15:30:00-04:00,6.730000019073486,6.789999961853027,6.730000019073486,6.78000020980835,47340,0.0,0.0
2022-10-20 09:30:00-04:00,6.78000020980835,6.809999942779541,6.75,6.809899806976318,0,0.0,0.0
2022-10-20 10:30:00-04:00,6.800099849700928,6.815000057220459,6.793900012969971,6.800000190734863,27107,0.0,0.0
2022-10-20 11:30:00-04:00,6.809999942779541,6.829999923706055,6.795000076293945,6.800000190734863,39929,0.0,0.0
2022-10-20 12:30:00-04:00,6.79010009765625,6.797999858856201,6.75,6.769999980926514,21452,0.0,0.0
2022-10-20 13:30:00-04:00,6.775000095367432,6.780099868774414,6.760000228881836,6.769999980926514,22655,0.0,0.0
2022-10-20 14:30:00-04:00,6.769999980926514,6.775000095367432,6.760000228881836,6.764999866485596,15626,0.0,0.0
2022-10-20 15:30:00-04:00,6.764999866485596,6.78000020980835,6.760000228881836,6.78000020980835,11876,0.0,0.0
2022-10-21 09:30:00-04:00,6.75,6.860000133514404,6.75,6.820000171661377,0,0.0,0.0
2022-10-21 10:30:00-04:00,6.820000171661377,6.869999885559082,6.800000190734863,6.853000164031982,66156,0.0,0.0
2022-10-21 11:30:00-04:00,6.860000133514404,6.869999885559082,6.829999923706055,6.860099792480469,27008,0.0,0.0
2022-10-21 12:30:00-04:00,6.861400127410889,6.885000228881836,6.860000133514404,6.860099792480469,21669,0.0,0.0
2022-10-21 13:30:00-04:00,6.864999771118164,6.8927001953125,6.849999904632568,6.849999904632568,46494,0.0,0.0
2022-10-21 14:30:00-04:00,6.849999904632568,6.869999885559082,6.849999904632568,6.855000019073486,20932,0.0,0.0
2022-10-21 15:30:00-04:00,6.860000133514404,6.880000114440918,6.849999904632568,6.880000114440918,20075,0.0,0.0
2022-10-24 09:30:00-04:00,6.909999847412109,6.929999828338623,6.880000114440918,6.929999828338623,0,0.0,0.0
2022-10-24 10:30:00-04:00,6.925000190734863,6.960000038146973,6.920000076293945,6.949999809265137,54611,0.0,0.0
2022-10-24 11:30:00-04:00,6.950699806213379,6.96999979019165,6.929999828338623,6.960000038146973,33007,0.0,0.0
2022-10-24 12:30:00-04:00,6.960000038146973,6.960000038146973,6.925000190734863,6.934999942779541,20521,0.0,0.0
2022-10-24 13:30:00-04:00,6.929999828338623,6.949999809265137,6.921000003814697,6.934999942779541,25414,0.0,0.0
2022-10-24 14:30:00-04:00,6.9390997886657715,6.940000057220459,6.929999828338623,6.934999942779541,26852,0.0,0.0
2022-10-24 15:30:00-04:00,6.940000057220459,6.960000038146973,6.929999828338623,6.949999809265137,46416,0.0,0.0
2022-10-25 09:30:00-04:00,6.980000019073486,7.03000020980835,6.91510009765625,7.019999980926514,0,0.0,0.0
2022-10-25 10:30:00-04:00,7.025000095367432,7.065000057220459,7.025000095367432,7.054999828338623,40381,0.0,0.0
2022-10-25 11:30:00-04:00,7.059999942779541,7.069900035858154,7.050000190734863,7.065100193023682,41671,0.0,0.0
2022-10-25 12:30:00-04:00,7.065000057220459,7.070000171661377,7.039999961853027,7.039999961853027,39581,0.0,0.0
2022-10-25 13:30:00-04:00,7.050000190734863,7.074999809265137,7.039999961853027,7.070000171661377,16296,0.0,0.0
2022-10-25 14:30:00-04:00,7.070000171661377,7.079999923706055,6.994999885559082,7.03000020980835,67103,0.0,0.0
2022-10-25 15:30:00-04:00,7.039999961853027,7.099999904632568,7.039999961853027,7.079999923706055,63340,0.0,0.0
2022-10-26 09:30:00-04:00,7.090000152587891,7.110000133514404,7.045000076293945,7.09499979019165,0,0.0,0.0
2022-10-26 10:30:00-04:00,7.105000019073486,7.135000228881836,7.099999904632568,7.135000228881836,23548,0.0,0.0
2022-10-26 11:30:00-04:00,7.139999866485596,7.144999980926514,7.114999771118164,7.125,46385,0.0,0.0
2022-10-26 12:30:00-04:00,7.120699882507324,7.120699882507324,7.059999942779541,7.070000171661377,34464,0.0,0.0
2022-10-26 13:30:00-04:00,7.070000171661377,7.090000152587891,7.0609002113342285,7.070000171661377,26421,0.0,0.0
2022-10-26 14:30:00-04:00,7.070000171661377,7.090000152587891,7.065000057220459,7.085000038146973,43620,0.0,0.0
2022-10-26 15:30:00-04:00,7.079999923706055,7.099999904632568,7.070000171661377,7.099999904632568,36393,0.0,0.0
2022-10-27 09:30:00-04:00,7.119999885559082,7.210000038146973,7.119999885559082,7.204999923706055,0,0.0,0.0
2022-10-27 10:30:00-04:00,7.210000038146973,7.21999979019165,7.190000057220459,7.190100193023682,33747,0.0,0.0
2022-10-27 11:30:00-04:00,7.190000057220459,7.199999809265137,7.175000190734863,7.190000057220459,33148,0.0,0.0
2022-10-27 12:30:00-04:00,7.190000057220459,7.269999980926514,7.190000057220459,7.260000228881836,84449,0.0,0.0
2022-10-27 13:30:00-04:00,7.255000114440918,7.289999961853027,7.25,7.28000020980835,99771,0.0,0.0
2022-10-27 14:30:00-04:00,7.289999961853027,7.34499979019165,7.269999980926514,7.309999942779541,151791,0.0,0.0
2022-10-27 15:30:00-04:00,7.315000057220459,7.320000171661377,7.284900188446045,7.320000171661377,80817,0.0,0.0
2022-10-28 09:30:00-04:00,7.340000152587891,7.400000095367432,7.338099956512451,7.400000095367432,0,0.0,0.0
2022-10-28 10:30:00-04:00,7.400000095367432,7.40500020980835,7.340000152587891,7.34499979019165,37830,0.0,0.0
2022-10-28 11:30:00-04:00,7.340000152587891,7.360000133514404,7.340000152587891,7.349999904632568,35006,0.0,0.0
2022-10-28 12:30:00-04:00,7.349999904632568,7.369999885559082,7.34499979019165,7.369999885559082,22563,0.0,0.0
2022-10-28 13:30:00-04:00,7.380000114440918,7.389999866485596,7.369999885559082,7.385000228881836,50987,0.0,0.0
2022-10-28 14:30:00-04:00,7.385000228881836,7.420000076293945,7.380000114440918,7.414999961853027,68479,0.0,0.0
2022-10-28 15:30:00-04:00,7.419899940490723,7.419899940490723,7.385000228881836,7.400000095367432,43327,0.0,0.0
2022-10-31 09:30:00-04:00,7.340000152587891,7.429999828338623,7.340000152587891,7.416200160980225,0,0.0,0.0
2022-10-31 10:30:00-04:00,7.409999847412109,7.440000057220459,7.409999847412109,7.409999847412109,20867,0.0,0.0
2022-10-31 11:30:00-04:00,7.409999847412109,7.420000076293945,7.400000095367432,7.409999847412109,27068,0.0,0.0
2022-10-31 12:30:00-04:00,7.400000095367432,7.401000022888184,7.380000114440918,7.380000114440918,13366,0.0,0.0
2022-10-31 13:30:00-04:00,7.380000114440918,7.380000114440918,7.340000152587891,7.349100112915039,28578,0.0,0.0
2022-10-31 14:30:00-04:00,7.34499979019165,7.345900058746338,7.309999942779541,7.330999851226807,36428,0.0,0.0
2022-10-31 15:30:00-04:00,7.340000152587891,7.380000114440918,7.335000038146973,7.380000114440918,62391,0.0,0.0
2022-11-01 09:30:00-04:00,7.480000019073486,7.5,7.40500020980835,7.40500020980835,0,0.0,0.0
2022-11-01 10:30:00-04:00,7.409999847412109,7.445000171661377,7.409999847412109,7.445000171661377,23725,0.0,0.0
2022-11-01 11:30:00-04:00,7.449999809265137,7.449999809265137,7.429999828338623,7.429999828338623,17773,0.0,0.0
2022-11-01 12:30:00-04:00,7.434999942779541,7.440000057220459,7.429999828338623,7.429999828338623,15230,0.0,0.0
2022-11-01 13:30:00-04:00,7.440000057220459,7.440000057220459,7.420000076293945,7.425000190734863,22630,0.0,0.0
2022-11-01 14:30:00-04:00,7.429999828338623,7.429999828338623,7.420000076293945,7.425000190734863,23183,0.0,0.0
2022-11-01 15:30:00-04:00,7.425000190734863,7.460000038146973,7.420000076293945,7.449999809265137,88205,0.0,0.0
2022-11-02 09:30:00-04:00,7.46999979019165,7.46999979019165,7.40500020980835,7.40500020980835,28934,0.0,0.0
2022-11-02 10:30:00-04:00,7.40500020980835,7.409999847412109,7.389999866485596,7.400000095367432,22754,0.0,0.0
2022-11-02 11:30:00-04:00,7.400000095367432,7.400000095367432,7.369999885559082,7.380000114440918,26284,0.0,0.0
2022-11-02 12:30:00-04:00,7.380000114440918,7.389999866485596,7.380000114440918,7.380000114440918,12796,0.0,0.0
2022-11-02 13:30:00-04:00,7.380000114440918,7.420000076293945,7.380000114440918,7.400000095367432,29960,0.0,0.0
2022-11-02 14:30:00-04:00,7.409999847412109,7.409999847412109,7.364999771118164,7.369999885559082,88472,0.0,0.0
2022-11-02 15:30:00-04:00,7.369999885559082,7.369999885559082,7.329999923706055,7.34499979019165,72840,0.0,0.0
2022-11-03 09:30:00-04:00,7.309999942779541,7.309999942779541,7.224999904632568,7.240099906921387,0,0.0,0.0
2022-11-03 10:30:00-04:00,7.239999771118164,7.241000175476074,7.210000038146973,7.216000080108643,29007,0.0,0.0
2022-11-03 11:30:00-04:00,7.210000038146973,7.21999979019165,7.20989990234375,7.215000152587891,31727,0.0,0.0
2022-11-03 12:30:00-04:00,7.215000152587891,7.21999979019165,7.199999809265137,7.210000038146973,42710,0.0,0.0
2022-11-03 13:30:00-04:00,7.199999809265137,7.239999771118164,7.199999809265137,7.235000133514404,19830,0.0,0.0
2022-11-03 14:30:00-04:00,7.235000133514404,7.235000133514404,7.204999923706055,7.210000038146973,24540,0.0,0.0
2022-11-03 15:30:00-04:00,7.210000038146973,7.218800067901611,7.199999809265137,7.210000038146973,21740,0.0,0.0
2022-11-04 09:30:00-04:00,7.210000038146973,7.295000076293945,7.199999809265137,7.295000076293945,0,0.0,0.0
2022-11-04 10:30:00-04:00,7.284999847412109,7.302700042724609,7.230000019073486,7.230000019073486,33328,0.0,0.0
2022-11-04 11:30:00-04:00,7.238900184631348,7.269999980926514,7.21999979019165,7.230000019073486,26291,0.0,0.0
2022-11-04 12:30:00-04:00,7.224999904632568,7.25,7.204999923706055,7.204999923706055,34130,0.0,0.0
2022-11-04 13:30:00-04:00,7.199999809265137,7.239299774169922,7.199999809265137,7.239299774169922,30796,0.0,0.0
2022-11-04 14:30:00-04:00,7.230000019073486,7.239999771118164,7.210000038146973,7.210000038146973,18214,0.0,0.0
2022-11-04 15:30:00-04:00,7.210000038146973,7.260000228881836,7.210000038146973,7.260000228881836,30666,0.0,0.0
2022-11-07 09:30:00-05:00,7.210000038146973,7.25,7.210000038146973,7.224999904632568,33510,0.0,0.0
2022-11-07 10:30:00-05:00,7.230000019073486,7.230000019073486,7.199999809265137,7.210000038146973,39116,0.0,0.0
2022-11-07 11:30:00-05:00,7.210000038146973,7.210000038146973,7.1930999755859375,7.1930999755859375,10469,0.0,0.0
2022-11-07 12:30:00-05:00,7.195000171661377,7.199999809265137,7.190000057220459,7.190000057220459,24366,0.0,0.0
2022-11-07 13:30:00-05:00,7.195000171661377,7.269999980926514,7.184999942779541,7.251500129699707,86665,0.0,0.0
2022-11-07 14:30:00-05:00,7.259099960327148,7.26800012588501,7.25,7.255000114440918,8880,0.0,0.0
2022-11-07 15:30:00-05:00,7.25,7.289999961853027,7.25,7.289999961853027,26766,0.0,0.0
2022-11-08 09:30:00-05:00,7.320000171661377,7.420000076293945,7.309999942779541,7.394999980926514,0,0.0,0.0
2022-11-08 10:30:00-05:00,7.394999980926514,7.395699977874756,7.364999771118164,7.369999885559082,9340,0.0,0.0
2022-11-08 11:30:00-05:00,7.375,7.400000095367432,7.369999885559082,7.394999980926514,30571,0.0,0.0
2022-11-08 12:30:00-05:00,7.394999980926514,7.394999980926514,7.329999923706055,7.329999923706055,38633,0.0,0.0
2022-11-08 13:30:00-05:00,7.315000057220459,7.315000057220459,7.260000228881836,7.275000095367432,68858,0.0,0.0
2022-11-08 14:30:00-05:00,7.27400016784668,7.322500228881836,7.260000228881836,7.322500228881836,22924,0.0,0.0
2022-11-08 15:30:00-05:00,7.320000171661377,7.320000171661377,7.300000190734863,7.300000190734863,12287,0.0,0.0
2022-11-09 09:30:00-05:00,7.300000190734863,7.320000171661377,7.289999961853027,7.317500114440918,23261,0.0,0.0
2022-11-09 10:30:00-05:00,7.314499855041504,7.349999904632568,7.309999942779541,7.329999923706055,39483,0.0,0.0
2022-11-09 11:30:00-05:00,7.330999851226807,7.380000114440918,7.329999923706055,7.369999885559082,26698,0.0,0.0
2022-11-09 12:30:00-05:00,7.369999885559082,7.380000114440918,7.335000038146973,7.34499979019165,49335,0.0,0.0
2022-11-09 13:30:00-05:00,7.340000152587891,7.349999904632568,7.304200172424316,7.309999942779541,40315,0.0,0.0
2022-11-09 14:30:00-05:00,7.304999828338623,7.304999828338623,7.269999980926514,7.275000095367432,40383,0.0,0.0
2022-11-09 15:30:00-05:00,7.275000095367432,7.28000020980835,7.260000228881836,7.269999980926514,46271,0.0,0.0
2022-11-10 09:30:00-05:00,7.400000095367432,7.474999904632568,7.384399890899658,7.4710001945495605,0,0.0,0.0
2022-11-10 10:30:00-05:00,7.46999979019165,7.474999904632568,7.421000003814697,7.440000057220459,37419,0.0,0.0
2022-11-10 11:30:00-05:00,7.445000171661377,7.485199928283691,7.440000057220459,7.465000152587891,32132,0.0,0.0
2022-11-10 12:30:00-05:00,7.460999965667725,7.46999979019165,7.440000057220459,7.449999809265137,42261,0.0,0.0
2022-11-10 13:30:00-05:00,7.449999809265137,7.469099998474121,7.440000057220459,7.460999965667725,44544,0.0,0.0
2022-11-10 14:30:00-05:00,7.460000038146973,7.480000019073486,7.449999809265137,7.4710001945495605,56399,0.0,0.0
2022-11-10 15:30:00-05:00,7.474999904632568,7.480000019073486,7.448200225830078,7.449999809265137,0,0.0,0.0
2022-11-11 09:30:00-05:00,7.460000038146973,7.460000038146973,7.389999866485596,7.400000095367432,59684,0.0,0.0
2022-11-11 10:30:00-05:00,7.399899959564209,7.429999828338623,7.389999866485596,7.409999847412109,45458,0.0,0.0
2022-11-11 11:30:00-05:00,7.40500020980835,7.429999828338623,7.40500020980835,7.414999961853027,17145,0.0,0.0
2022-11-11 12:30:00-05:00,7.409999847412109,7.425000190734863,7.409999847412109,7.425000190734863,19387,0.0,0.0
2022-11-11 13:30:00-05:00,7.425000190734863,7.425000190734863,7.380000114440918,7.389999866485596,63902,0.0,0.0
2022-11-11 14:30:00-05:00,7.385000228881836,7.400000095367432,7.375,7.385000228881836,29404,0.0,0.0
2022-11-11 15:30:00-05:00,7.389999866485596,7.400000095367432,7.369999885559082,7.385000228881836,29408,0.0,0.0
2022-11-14 09:30:00-05:00,7.329999923706055,7.380000114440918,7.320000171661377,7.349999904632568,0,0.0,0.0
2022-11-14 10:30:00-05:00,7.340000152587891,7.349999904632568,7.308499813079834,7.315000057220459,29822,0.0,0.0
2022-11-14 11:30:00-05:00,7.309999942779541,7.340000152587891,7.309999942779541,7.329999923706055,45770,0.0,0.0
2022-11-14 12:30:00-05:00,7.330100059509277,7.330100059509277,7.311100006103516,7.324999809265137,13619,0.0,0.0
2022-11-14 13:30:00-05:00,7.329899787902832,7.339900016784668,7.309999942779541,7.320000171661377,46132,0.0,0.0
2022-11-14 14:30:00-05:00,7.315000057220459,7.349999904632568,7.315000057220459,7.340000152587891,27673,0.0,0.0
2022-11-14 15:30:00-05:00,7.34499979019165,7.349999904632568,7.320000171661377,7.340000152587891,26131,0.0,0.0
2022-11-15 09:30:00-05:00,7.409999847412109,7.445000171661377,7.389999866485596,7.4440999031066895,36618,0.0,0.0
2022-11-15 10:30:00-05:00,7.440000057220459,7.460000038146973,7.400000095367432,7.449699878692627,47513,0.0,0.0
2022-11-15 11:30:00-05:00,7.449999809265137,7.46999979019165,7.440000057220459,7.465000152587891,43631,0.0,0.0
2022-11-15 12:30:00-05:00,7.463699817657471,7.5,7.449999809265137,7.454999923706055,60481,0.0,0.0
2022-11-15 13:30:00-05:00,7.454999923706055,7.494999885559082,7.449999809265137,7.489999771118164,26874,0.0,0.0
2022-11-15 14:30:00-05:00,7.485000133514404,7.53000020980835,7.480000019073486,7.524899959564209,41898,0.0,0.0
2022-11-15 15:30:00-05:00,7.519999980926514,7.53000020980835,7.510000228881836,7.53000020980835,19222,0.0,0.0
2022-11-16 09:30:00-05:00,7.519999980926514,7.53000020980835,7.4899001121521,7.53000020980835,42318,0.0,0.0
2022-11-16 10:30:00-05:00,7.53000020980835,7.53000020980835,7.5,7.505000114440918,13530,0.0,0.0
2022-11-16 11:30:00-05:00,7.509900093078613,7.510000228881836,7.5,7.5,11689,0.0,0.0
2022-11-16 12:30:00-05:00,7.505000114440918,7.519899845123291,7.5,7.514999866485596,23735,0.0,0.0
2022-11-16 13:30:00-05:00,7.514999866485596,7.514999866485596,7.5,7.500699996948242,23227,0.0,0.0
2022-11-16 14:30:00-05:00,7.5,7.519999980926514,7.489999771118164,7.519999980926514,32896,0.0,0.0
2022-11-16 15:30:00-05:00,7.5100998878479,7.53000020980835,7.5,7.53000020980835,19789,0.0,0.0
2022-11-17 09:30:00-05:00,7.489999771118164,7.5,7.390699863433838,7.46999979019165,0,0.0,0.0
2022-11-17 10:30:00-05:00,7.46999979019165,7.46999979019165,7.420899868011475,7.434999942779541,40414,0.0,0.0
2022-11-17 11:30:00-05:00,7.434999942779541,7.440000057220459,7.385000228881836,7.394999980926514,52457,0.0,0.0
2022-11-17 12:30:00-05:00,7.399400234222412,7.427499771118164,7.389999866485596,7.409999847412109,12127,0.0,0.0
2022-11-17 13:30:00-05:00,7.400000095367432,7.409999847412109,7.389999866485596,7.394999980926514,7242,0.0,0.0
2022-11-17 14:30:00-05:00,7.393099784851074,7.400000095367432,7.340000152587891,7.35260009765625,47339,0.0,0.0
2022-11-17 15:30:00-05:00,7.349999904632568,7.369999885559082,7.349999904632568,7.364999771118164,13485,0.0,0.0
2022-11-18 09:30:00-05:00,7.400000095367432,7.409999847412109,7.389999866485596,7.400000095367432,0,0.0,0.0
2022-11-18 10:30:00-05:00,7.400000095367432,7.439899921417236,7.389999866485596,7.425000190734863,43707,0.0,0.0
2022-11-18 11:30:00-05:00,7.429999828338623,7.429999828338623,7.400000095367432,7.420000076293945,29933,0.0,0.0
2022-11-18 12:30:00-05:00,7.429200172424316,7.439000129699707,7.422500133514404,7.439000129699707,6396,0.0,0.0
2022-11-18 13:30:00-05:00,7.434999942779541,7.436999797821045,7.429999828338623,7.434999942779541,4006,0.0,0.0
2022-11-18 14:30:00-05:00,7.429999828338623,7.434999942779541,7.409999847412109,7.423600196838379,40161,0.0,0.0
2022-11-18 15:30:00-05:00,7.429999828338623,7.440000057220459,7.429999828338623,7.429999828338623,4469,0.0,0.0
2022-11-21 09:30:00-05:00,7.460000038146973,7.46999979019165,7.448800086975098,7.449999809265137,0,0.0,0.0
2022-11-21 10:30:00-05:00,7.460000038146973,7.5,7.454999923706055,7.491700172424316,29602,0.0,0.0
2022-11-21 11:30:00-05:00,7.4984002113342285,7.5,7.489999771118164,7.491000175476074,31608,0.0,0.0
2022-11-21 12:30:00-05:00,7.494999885559082,7.510000228881836,7.491099834442139,7.510000228881836,20478,0.0,0.0
2022-11-21 13:30:00-05:00,7.510000228881836,7.520699977874756,7.5,7.514999866485596,25352,0.0,0.0
2022-11-21 14:30:00-05:00,7.514999866485596,7.519999980926514,7.510000228881836,7.513000011444092,20373,0.0,0.0
2022-11-21 15:30:00-05:00,7.519999980926514,7.550000190734863,7.510000228881836,7.53000020980835,45485,0.0,0.0
2022-11-22 09:30:00-05:00,7.550000190734863,7.589099884033203,7.491099834442139,7.579999923706055,0,0.0,0.0
2022-11-22 10:30:00-05:00,7.575500011444092,7.590000152587891,7.559999942779541,7.579999923706055,21830,0.0,0.0
2022-11-22 11:30:00-05:00,7.579999923706055,7.585599899291992,7.554999828338623,7.554999828338623,42058,0.0,0.0
2022-11-22 12:30:00-05:00,7.554999828338623,7.579999923706055,7.550000190734863,7.559999942779541,18044,0.0,0.0
2022-11-22 13:30:00-05:00,7.559999942779541,7.565499782562256,7.550000190734863,7.559999942779541,19542,0.0,0.0
2022-11-22 14:30:00-05:00,7.559999942779541,7.559999942779541,7.550000190734863,7.550000190734863,32139,0.0,0.0
2022-11-22 15:30:00-05:00,7.550000190734863,7.570000171661377,7.539999961853027,7.570000171661377,24370,0.0,0.0
2022-11-23 09:30:00-05:00,7.650000095367432,7.650000095367432,7.53000020980835,7.559999942779541,54105,0.0,0.0
2022-11-23 10:30:00-05:00,7.559999942779541,7.584199905395508,7.550000190734863,7.559100151062012,14500,0.0,0.0
2022-11-23 11:30:00-05:00,7.550000190734863,7.550000190734863,7.530799865722656,7.534999847412109,4894,0.0,0.0
2022-11-23 12:30:00-05:00,7.53000020980835,7.534999847412109,7.5,7.5,29644,0.0,0.0
2022-11-23 13:30:00-05:00,7.489999771118164,7.529900074005127,7.480000019073486,7.519999980926514,12119,0.0,0.0
2022-11-23 14:30:00-05:00,7.525000095367432,7.525000095367432,7.489999771118164,7.499899864196777,15046,0.0,0.0
2022-11-23 15:30:00-05:00,7.494999885559082,7.53000020980835,7.489999771118164,7.53000020980835,8047,0.0,0.0
2022-11-25 09:30:00-05:00,7.53000020980835,7.550000190734863,7.519999980926514,7.550000190734863,0,0.0,0.0
2022-11-25 10:30:00-05:00,7.554999828338623,7.565000057220459,7.545000076293945,7.545000076293945,30074,0.0,0.0
2022-11-25 11:30:00-05:00,7.545000076293945,7.559999942779541,7.526800155639648,7.554999828338623,23618,0.0,0.0
2022-11-28 09:30:00-05:00,7.539999961853027,7.539999961853027,7.5,7.530200004577637,36434,0.0,0.0
2022-11-28 10:30:00-05:00,7.534999847412109,7.534999847412109,7.5,7.510000228881836,17748,0.0,0.0
2022-11-28 11:30:00-05:00,7.5192999839782715,7.539899826049805,7.510000228881836,7.53000020980835,26240,0.0,0.0
2022-11-28 12:30:00-05:00,7.539999961853027,7.550000190734863,7.519999980926514,7.519999980926514,32276,0.0,0.0
2022-11-28 13:30:00-05:00,7.519999980926514,7.525000095367432,7.489999771118164,7.494999885559082,19861,0.0,0.0
2022-11-28 14:30:00-05:00,7.5,7.519999980926514,7.491000175476074,7.491000175476074,16590,0.0,0.0
2022-11-28 15:30:00-05:00,7.499899864196777,7.519999980926514,7.489999771118164,7.519999980926514,19557,0.0,0.0
2022-11-29 09:30:00-05:00,7.519999980926514,7.585000038146973,7.489999771118164,7.579999923706055,73622,0.0,0.0
2022-11-29 10:30:00-05:00,7.570000171661377,7.579999923706055,7.559999942779541,7.565000057220459,21210,0.0,0.0
2022-11-29 11:30:00-05:00,7.559999942779541,7.569900035858154,7.539999961853027,7.550000190734863,22494,0.0,0.0
2022-11-29 12:30:00-05:00,7.550000190734863,7.550000190734863,7.510000228881836,7.53000020980835,41382,0.0,0.0
2022-11-29 13:30:00-05:00,7.53000020980835,7.550000190734863,7.514999866485596,7.514999866485596,28532,0.0,0.0
2022-11-29 14:30:00-05:00,7.514999866485596,7.51609992980957,7.46999979019165,7.502299785614014,35671,0.0,0.0
2022-11-29 15:30:00-05:00,7.510000228881836,7.510000228881836,7.46999979019165,7.5,22867,0.0,0.0
2022-11-30 09:30:00-05:00,7.510000228881836,7.549499988555908,7.510000228881836,7.53000020980835,0,0.0,0.0
2022-11-30 10:30:00-05:00,7.5289998054504395,7.53000020980835,7.494999885559082,7.494999885559082,23959,0.0,0.0
2022-11-30 11:30:00-05:00,7.5,7.5,7.465000152587891,7.465000152587891,23736,0.0,0.0
2022-11-30 12:30:00-05:00,7.460100173950195,7.489999771118164,7.460100173950195,7.46999979019165,14829,0.0,0.0
2022-11-30 13:30:00-05:00,7.480000019073486,7.570000171661377,7.46999979019165,7.570000171661377,61441,0.0,0.0
2022-11-30 14:30:00-05:00,7.567299842834473,7.570899963378906,7.539999961853027,7.570899963378906,27526,0.0,0.0
2022-11-30 15:30:00-05:00,7.574999809265137,7.619999885559082,7.574999809265137,7.599999904632568,28788,0.0,0.0
2022-12-01 09:30:00-05:00,7.730000019073486,7.760000228881836,7.650000095367432,7.718999862670898,0,0.0,0.0
2022-12-01 10:30:00-05:00,7.715000152587891,7.71999979019165,7.690000057220459,7.690000057220459,23476,0.0,0.0
2022-12-01 11:30:00-05:00,7.684999942779541,7.710000038146973,7.684999942779541,7.710000038146973,21985,0.0,0.0
2022-12-01 12:30:00-05:00,7.710000038146973,7.71999979019165,7.699999809265137,7.699999809265137,19206,0.0,0.0
2022-12-01 13:30:00-05:00,7.699999809265137,7.71999979019165,7.699999809265137,7.70989990234375,22950,0.0,0.0
2022-12-01 14:30:00-05:00,7.710400104522705,7.71999979019165,7.699999809265137,7.701099872589111,22017,0.0,0.0
2022-12-01 15:30:00-05:00,7.699999809265137,7.71999979019165,7.699999809265137,7.71999979019165,9625,0.0,0.0
2022-12-02 09:30:00-05:00,7.670000076293945,7.699999809265137,7.630000114440918,7.670000076293945,0,0.0,0.0
2022-12-02 10:30:00-05:00,7.664999961853027,7.679999828338623,7.650000095367432,7.650000095367432,24118,0.0,0.0
2022-12-02 11:30:00-05:00,7.650000095367432,7.669000148773193,7.630000114440918,7.6493000984191895,16647,0.0,0.0
2022-12-02 12:30:00-05:00,7.639999866485596,7.659999847412109,7.639999866485596,7.659900188446045,24174,0.0,0.0
2022-12-02 13:30:00-05:00,7.659999847412109,7.679999828338623,7.650000095367432,7.670000076293945,19870,0.0,0.0
2022-12-02 14:30:00-05:00,7.675000190734863,7.699999809265137,7.655399799346924,7.659999847412109,30969,0.0,0.0
2022-12-02 15:30:00-05:00,7.659999847412109,7.659999847412109,7.639999866485596,7.650000095367432,27364,0.0,0.0
2022-12-05 09:30:00-05:00,7.619999885559082,7.666500091552734,7.590000152587891,7.590000152587891,0,0.0,0.0
2022-12-05 10:30:00-05:00,7.590000152587891,7.610000133514404,7.559999942779541,7.559999942779541,61077,0.0,0.0
2022-12-05 11:30:00-05:00,7.560400009155273,7.579899787902832,7.53000020980835,7.570000171661377,36145,0.0,0.0
2022-12-05 12:30:00-05:00,7.561999797821045,7.561999797821045,7.53000020980835,7.539999961853027,55676,0.0,0.0
2022-12-05 13:30:00-05:00,7.539899826049805,7.549900054931641,7.530300140380859,7.534999847412109,10590,0.0,0.0
2022-12-05 14:30:00-05:00,7.534999847412109,7.534999847412109,7.519999980926514,7.525000095367432,19217,0.0,0.0
2022-12-05 15:30:00-05:00,7.522900104522705,7.539999961853027,7.513999938964844,7.53000020980835,36743,0.0,0.0
2022-12-06 09:30:00-05:00,7.559999942779541,7.590000152587891,7.53000020980835,7.561800003051758,0,0.0,0.0
2022-12-06 10:30:00-05:00,7.559999942779541,7.559999942779541,7.510000228881836,7.527699947357178,26146,0.0,0.0
2022-12-06 11:30:00-05:00,7.53000020980835,7.550000190734863,7.469699859619141,7.545400142669678,89832,0.0,0.0
2022-12-06 12:30:00-05:00,7.550000190734863,7.559999942779541,7.480100154876709,7.494999885559082,33027,0.0,0.0
2022-12-06 13:30:00-05:00,7.5,7.5,7.472700119018555,7.474999904632568,31813,0.0,0.0
2022-12-06 14:30:00-05:00,7.474999904632568,7.480000019073486,7.447999954223633,7.480000019073486,39727,0.0,0.0
2022-12-06 15:30:00-05:00,7.480000019073486,7.504799842834473,7.46999979019165,7.480000019073486,22729,0.0,0.0
2022-12-07 09:30:00-05:00,7.480000019073486,7.539999961853027,7.429999828338623,7.485499858856201,27382,0.0,0.0
2022-12-07 10:30:00-05:00,7.488999843597412,7.53000020980835,7.46999979019165,7.499000072479248,32184,0.0,0.0
2022-12-07 11:30:00-05:00,7.494999885559082,7.537499904632568,7.480000019073486,7.534999847412109,26191,0.0,0.0
2022-12-07 12:30:00-05:00,7.538000106811523,7.550000190734863,7.53000020980835,7.549900054931641,19821,0.0,0.0
2022-12-07 13:30:00-05:00,7.549900054931641,7.550000190734863,7.539999961853027,7.540299892425537,26706,0.0,0.0
2022-12-07 14:30:00-05:00,7.534999847412109,7.550000190734863,7.5320000648498535,7.545000076293945,19104,0.0,0.0
2022-12-07 15:30:00-05:00,7.545000076293945,7.559899806976318,7.53000020980835,7.545000076293945,43632,0.0,0.0
2022-12-08 09:30:00-05:00,7.559999942779541,7.605000019073486,7.53249979019165,7.581299781799316,0,0.0,0.0
2022-12-08 10:30:00-05:00,7.589399814605713,7.605000019073486,7.519999980926514,7.519999980926514,37031,0.0,0.0
2022-12-08 11:30:00-05:00,7.518799781799316,7.519999980926514,7.489999771118164,7.505000114440918,40343,0.0,0.0
2022-12-08 12:30:00-05:00,7.505000114440918,7.509900093078613,7.489999771118164,7.494999885559082,32782,0.0,0.0
2022-12-08 13:30:00-05:00,7.499599933624268,7.5,7.480000019073486,7.485000133514404,19970,0.0,0.0
2022-12-08 14:30:00-05:00,7.480000019073486,7.489999771118164,7.460000038146973,7.489299774169922,43865,0.0,0.0
2022-12-08 15:30:00-05:00,7.488999843597412,7.488999843597412,7.460000038146973,7.46999979019165,22074,0.0,0.0
2022-12-09 09:30:00-05:00,7.449999809265137,7.46999979019165,7.400100231170654,7.400100231170654,0,0.0,0.0
2022-12-09 10:30:00-05:00,7.40500020980835,7.40500020980835,7.360000133514404,7.375,91297,0.0,0.0
2022-12-09 11:30:00-05:00,7.369999885559082,7.379899978637695,7.34499979019165,7.36299991607666,25438,0.0,0.0
2022-12-09 12:30:00-05:00,7.364999771118164,7.369999885559082,7.34499979019165,7.355000019073486,54149,0.0,0.0
2022-12-09 13:30:00-05:00,7.360000133514404,7.400000095367432,7.359899997711182,7.385000228881836,44766,0.0,0.0
2022-12-09 14:30:00-05:00,7.385000228881836,7.389999866485596,7.360000133514404,7.364999771118164,63095,0.0,0.0
2022-12-09 15:30:00-05:00,7.360000133514404,7.360000133514404,7.329999923706055,7.329999923706055,14241,0.0,0.0
2022-12-12 09:30:00-05:00,7.349999904632568,7.429999828338623,7.349999904632568,7.428400039672852,67833,0.0,0.0
2022-12-12 10:30:00-05:00,7.429999828338623,7.447000026702881,7.399499893188477,7.414999961853027,85933,0.0,0.0
2022-12-12 11:30:00-05:00,7.425000190734863,7.460000038146973,7.400000095367432,7.425000190734863,70353,0.0,0.0
2022-12-12 12:30:00-05:00,7.420000076293945,7.429900169372559,7.360000133514404,7.369999885559082,44654,0.0,0.0
2022-12-12 13:30:00-05:00,7.369999885559082,7.385000228881836,7.360000133514404,7.364999771118164,69549,0.0,0.0
2022-12-12 14:30:00-05:00,7.364999771118164,7.389999866485596,7.340000152587891,7.369999885559082,85179,0.0,0.0
2022-12-12 15:30:00-05:00,7.361000061035156,7.369999885559082,7.349999904632568,7.364999771118164,59752,0.0,0.0
2022-12-13 09:30:00-05:00,7.480000019073486,7.510000228881836,7.429999828338623,7.485000133514404,103414,0.0,0.0
2022-12-13 10:30:00-05:00,7.480000019073486,7.495500087738037,7.460000038146973,7.460000038146973,100548,0.0,0.0
2022-12-13 11:30:00-05:00,7.465000152587891,7.465000152587891,7.409999847412109,7.420599937438965,46586,0.0,0.0
2022-12-13 12:30:00-05:00,7.4232001304626465,7.429999828338623,7.420000076293945,7.4293999671936035,12549,0.0,0.0
2022-12-13 13:30:00-05:00,7.429999828338623,7.459000110626221,7.425000190734863,7.449999809265137,31581,0.0,0.0
2022-12-13 14:30:00-05:00,7.440899848937988,7.449999809265137,7.394999980926514,7.409999847412109,63462,0.0,0.0
2022-12-13 15:30:00-05:00,7.414999961853027,7.429999828338623,7.409999847412109,7.409999847412109,13745,0.0,0.0
2022-12-14 09:30:00-05:00,7.389999866485596,7.420000076293945,7.363100051879883,7.400000095367432,62035,0.0,0.0
2022-12-14 10:30:00-05:00,7.400000095367432,7.400000095367432,7.369999885559082,7.389999866485596,35891,0.0,0.0
2022-12-14 11:30:00-05:00,7.389999866485596,7.389999866485596,7.370100021362305,7.370999813079834,20363,0.0,0.0
2022-12-14 12:30:00-05:00,7.372900009155273,7.4054999351501465,7.369999885559082,7.400000095367432,23900,0.0,0.0
2022-12-14 13:30:00-05:00,7.394999980926514,7.420000076293945,7.369999885559082,7.369999885559082,32350,0.0,0.0
2022-12-14 14:30:00-05:00,7.360000133514404,7.429999828338623,7.360000133514404,7.414999961853027,101629,0.0,0.0
2022-12-14 15:30:00-05:00,7.414999961853027,7.434999942779541,7.389999866485596,7.409999847412109,56762,0.0,0.0
2022-12-15 09:30:00-05:00,7.420000076293945,7.420000076293945,7.360000133514404,7.385000228881836,90324,0.0,0.0
2022-12-15 10:30:00-05:00,7.385000228881836,7.400000095367432,7.360000133514404,7.389999866485596,60415,0.0,0.0
2022-12-15 11:30:00-05:00,7.394700050354004,7.400000095367432,7.349999904632568,7.369900226593018,98723,0.0,0.0
2022-12-15 12:30:00-05:00,7.360000133514404,7.369999885559082,7.34499979019165,7.369999885559082,59690,0.0,0.0
2022-12-15 13:30:00-05:00,7.360000133514404,7.389999866485596,7.360000133514404,7.360000133514404,42427,0.0,0.0
2022-12-15 14:30:00-05:00,7.3649001121521,7.399899959564209,7.3649001121521,7.379899978637695,74962,0.0,0.0
2022-12-15 15:30:00-05:00,7.389999866485596,7.400000095367432,7.369999885559082,7.380000114440918,47556,0.0,0.0
2022-12-16 09:30:00-05:00,7.269999980926514,7.380000114440918,7.252699851989746,7.380000114440918,0,0.0,0.0
2022-12-16 10:30:00-05:00,7.369999885559082,7.369999885559082,7.320000171661377,7.335000038146973,51803,0.0,0.0
2022-12-16 11:30:00-05:00,7.335000038146973,7.375,7.310100078582764,7.369999885559082,120759,0.0,0.0
2022-12-16 12:30:00-05:00,7.364999771118164,7.389999866485596,7.329999923706055,7.34499979019165,58473,0.0,0.0
2022-12-16 13:30:00-05:00,7.34499979019165,7.380000114440918,7.340000152587891,7.376399993896484,33249,0.0,0.0
2022-12-16 14:30:00-05:00,7.375,7.400000095367432,7.364999771118164,7.389999866485596,54901,0.0,0.0
2022-12-16 15:30:00-05:00,7.389999866485596,7.420000076293945,7.385000228881836,7.414999961853027,30637,0.0,0.0
2022-12-19 09:30:00-05:00,7.329999923706055,7.340000152587891,7.300000190734863,7.335000038146973,0,0.0,0.0
2022-12-19 10:30:00-05:00,7.340000152587891,7.349999904632568,7.28000020980835,7.295000076293945,75116,0.0,0.0
2022-12-19 11:30:00-05:00,7.299499988555908,7.319900035858154,7.269999980926514,7.280300140380859,36170,0.0,0.0
2022-12-19 12:30:00-05:00,7.28000020980835,7.300000190734863,7.275000095367432,7.289999961853027,50524,0.0,0.0
2022-12-19 13:30:00-05:00,7.28000020980835,7.299900054931641,7.25029993057251,7.255000114440918,28790,0.0,0.0
2022-12-19 14:30:00-05:00,7.250100135803223,7.258699893951416,7.239999771118164,7.244999885559082,46617,0.0,0.0
2022-12-19 15:30:00-05:00,7.242000102996826,7.25,7.235000133514404,7.239999771118164,31656,0.0,0.0
2022-12-20 09:30:00-05:00,7.21999979019165,7.2769999504089355,7.21999979019165,7.260000228881836,0,0.0,0.0
2022-12-20 10:30:00-05:00,7.255000114440918,7.269999980926514,7.230000019073486,7.239999771118164,27716,0.0,0.0
2022-12-20 11:30:00-05:00,7.239999771118164,7.239999771118164,7.224999904632568,7.229000091552734,25345,0.0,0.0
2022-12-20 12:30:00-05:00,7.227499961853027,7.239999771118164,7.224999904632568,7.230000019073486,14940,0.0,0.0
2022-12-20 13:30:00-05:00,7.230000019073486,7.260000228881836,7.230000019073486,7.244999885559082,45509,0.0,0.0
2022-12-20 14:30:00-05:00,7.244999885559082,7.25,7.21999979019165,7.235000133514404,21165,0.0,0.0
2022-12-20 15:30:00-05:00,7.235000133514404,7.239999771118164,7.224999904632568,7.239999771118164,21949,0.0,0.0
2022-12-21 09:30:00-05:00,7.260000228881836,7.275000095367432,7.199999809265137,7.244999885559082,95874,0.0,0.0
2022-12-21 10:30:00-05:00,7.239999771118164,7.25,7.210999965667725,7.224999904632568,51834,0.0,0.0
2022-12-21 11:30:00-05:00,7.223599910736084,7.2393999099731445,7.204999923706055,7.215000152587891,55423,0.0,0.0
2022-12-21 12:30:00-05:00,7.210000038146973,7.21999979019165,7.210000038146973,7.21999979019165,33173,0.0,0.0
2022-12-21 13:30:00-05:00,7.219900131225586,7.260000228881836,7.219900131225586,7.250100135803223,101085,0.0,0.0
2022-12-21 14:30:00-05:00,7.255000114440918,7.260000228881836,7.230999946594238,7.25,55621,0.0,0.0
2022-12-21 15:30:00-05:00,7.239999771118164,7.260000228881836,7.230000019073486,7.260000228881836,68082,0.0,0.0
2022-12-22 09:30:00-05:00,7.25,7.264999866485596,7.239999771118164,7.25,0,0.0,0.0
2022-12-22 10:30:00-05:00,7.25,7.260000228881836,7.239999771118164,7.25,63131,0.0,0.0
2022-12-22 11:30:00-05:00,7.248799800872803,7.255000114440918,7.190000057220459,7.19789981842041,47800,0.0,0.0
2022-12-22 12:30:00-05:00,7.195000171661377,7.230000019073486,7.195000171661377,7.21999979019165,51303,0.0,0.0
2022-12-22 13:30:00-05:00,7.2153000831604,7.21999979019165,7.182700157165527,7.198800086975098,59916,0.0,0.0
2022-12-22 14:30:00-05:00,7.199900150299072,7.239999771118164,7.199900150299072,7.21999979019165,45333,0.0,0.0
2022-12-22 15:30:00-05:00,7.215000152587891,7.219200134277344,7.199999809265137,7.204999923706055,32989,0.0,0.0
2022-12-23 09:30:00-05:00,7.239999771118164,7.28000020980835,7.239999771118164,7.28000020980835,0,0.0,0.0
2022-12-23 10:30:00-05:00,7.275000095367432,7.299900054931641,7.260000228881836,7.269999980926514,32635,0.0,0.0
2022-12-23 11:30:00-05:00,7.264500141143799,7.300000190734863,7.25,7.259900093078613,71599,0.0,0.0
2022-12-23 12:30:00-05:00,7.25,7.28000020980835,7.25,7.260700225830078,45536,0.0,0.0
2022-12-23 13:30:00-05:00,7.260000228881836,7.28000020980835,7.260000228881836,7.28000020980835,30539,0.0,0.0
2022-12-23 14:30:00-05:00,7.289999961853027,7.299900054931641,7.28000020980835,7.280300140380859,16302,0.0,0.0
2022-12-23 15:30:00-05:00,7.280600070953369,7.289999961853027,7.269999980926514,7.275000095367432,6116,0.0,0.0
2022-12-27 09:30:00-05:00,7.269999980926514,7.269999980926514,7.230000019073486,7.269999980926514,74974,0.0,0.0
2022-12-27 10:30:00-05:00,7.2606000900268555,7.269999980926514,7.260000228881836,7.2600998878479,27779,0.0,0.0
2022-12-27 11:30:00-05:00,7.264999866485596,7.264999866485596,7.235000133514404,7.235000133514404,44539,0.0,0.0
2022-12-27 12:30:00-05:00,7.239999771118164,7.25,7.21999979019165,7.21999979019165,45437,0.0,0.0
2022-12-27 13:30:00-05:00,7.224999904632568,7.230000019073486,7.199999809265137,7.204999923706055,39929,0.0,0.0
2022-12-27 14:30:00-05:00,7.204999923706055,7.21999979019165,7.199999809265137,7.215000152587891,50959,0.0,0.0
2022-12-27 15:30:00-05:00,7.215000152587891,7.219900131225586,7.199999809265137,7.199999809265137,20220,0.0,0.0
2022-12-28 09:30:00-05:00,7.239999771118164,7.260000228881836,7.190000057220459,7.199999809265137,88895,0.0,0.0
2022-12-28 10:30:00-05:00,7.195000171661377,7.195000171661377,7.170000076293945,7.179999828338623,17900,0.0,0.0
2022-12-28 11:30:00-05:00,7.171899795532227,7.190000057220459,7.170000076293945,7.175000190734863,37504,0.0,0.0
2022-12-28 12:30:00-05:00,7.170100212097168,7.175000190734863,7.139999866485596,7.144999980926514,74140,0.0,0.0
2022-12-28 13:30:00-05:00,7.144999980926514,7.150000095367432,7.114999771118164,7.119900226593018,61169,0.0,0.0
2022-12-28 14:30:00-05:00,7.119100093841553,7.135000228881836,7.09250020980835,7.110599994659424,47503,0.0,0.0
2022-12-28 15:30:00-05:00,7.110799789428711,7.136000156402588,7.090000152587891,7.119999885559082,84752,0.0,0.0
2022-12-29 09:30:00-05:00,7.110000133514404,7.179999828338623,7.110000133514404,7.164999961853027,73350,0.0,0.0
2022-12-29 10:30:00-05:00,7.159999847412109,7.190000057220459,7.159999847412109,7.170000076293945,42919,0.0,0.0
2022-12-29 11:30:00-05:00,7.166999816894531,7.170000076293945,7.150000095367432,7.159999847412109,100169,0.0,0.0
2022-12-29 12:30:00-05:00,7.159999847412109,7.159999847412109,7.130000114440918,7.139999866485596,111289,0.0,0.0
2022-12-29 13:30:00-05:00,7.139999866485596,7.139999866485596,7.099999904632568,7.114999771118164,174022,0.0,0.0
2022-12-29 14:30:00-05:00,7.114999771118164,7.130000114440918,7.110099792480469,7.125,52554,0.0,0.0
2022-12-29 15:30:00-05:00,7.130000114440918,7.139999866485596,7.119999885559082,7.139999866485596,83443,0.0,0.0
2022-12-30 09:30:00-05:00,7.159999847412109,7.184999942779541,7.129300117492676,7.17519998550415,168137,0.0,0.0
2022-12-30 10:30:00-05:00,7.175000190734863,7.230000019073486,7.175000190734863,7.215000152587891,58453,0.0,0.0
2022-12-30 11:30:00-05:00,7.219200134277344,7.269999980926514,7.219200134277344,7.260000228881836,113923,0.0,0.0
2022-12-30 12:30:00-05:00,7.260000228881836,7.269999980926514,7.215000152587891,7.215000152587891,57079,0.0,0.0
2022-12-30 13:30:00-05:00,7.215000152587891,7.230000019073486,7.215000152587891,7.21999979019165,47271,0.0,0.0
2022-12-30 14:30:00-05:00,7.224999904632568,7.239999771118164,7.21999979019165,7.239999771118164,44877,0.0,0.0
2022-12-30 15:30:00-05:00,7.239999771118164,7.260000228881836,7.21999979019165,7.260000228881836,89156,0.0,0.0
2023-01-03 09:30:00-05:00,7.320000171661377,7.320000171661377,7.235300064086914,7.237100124359131,83488,0.0,0.0
2023-01-03 10:30:00-05:00,7.230800151824951,7.300000190734863,7.230100154876709,7.280099868774414,42168,0.0,0.0
2023-01-03 11:30:00-05:00,7.284999847412109,7.284999847412109,7.269999980926514,7.275000095367432,16552,0.0,0.0
2023-01-03 12:30:00-05:00,7.2733001708984375,7.289999961853027,7.255000114440918,7.269999980926514,48929,0.0,0.0
2023-01-03 13:30:00-05:00,7.260000228881836,7.288400173187256,7.260000228881836,7.284999847412109,11457,0.0,0.0
2023-01-03 14:30:00-05:00,7.288700103759766,7.329999923706055,7.284999847412109,7.315000057220459,21352,0.0,0.0
2023-01-03 15:30:00-05:00,7.315000057220459,7.320000171661377,7.289999961853027,7.320000171661377,51426,0.0,0.0
2023-01-04 09:30:00-05:00,7.329999923706055,7.360000133514404,7.300000190734863,7.309999942779541,57628,0.0,0.0
2023-01-04 10:30:00-05:00,7.320000171661377,7.369999885559082,7.320000171661377,7.364999771118164,23373,0.0,0.0
2023-01-04 11:30:00-05:00,7.369999885559082,7.429999828338623,7.369999885559082,7.429299831390381,33239,0.0,0.0
2023-01-04 12:30:00-05:00,7.429999828338623,7.434999942779541,7.409999847412109,7.429999828338623,17392,0.0,0.0
2023-01-04 13:30:00-05:00,7.429999828338623,7.435400009155273,7.400000095367432,7.409999847412109,12280,0.0,0.0
2023-01-04 14:30:00-05:00,7.420000076293945,7.460000038146973,7.414999961853027,7.450099945068359,13392,0.0,0.0
2023-01-04 15:30:00-05:00,7.449999809265137,7.46999979019165,7.440000057220459,7.465000152587891,24995,0.0,0.0
2023-01-05 09:30:00-05:00,7.429999828338623,7.429999828338623,7.380000114440918,7.385000228881836,0,0.0,0.0
2023-01-05 10:30:00-05:00,7.369999885559082,7.380000114440918,7.335000038146973,7.34499979019165,17720,0.0,0.0
2023-01-05 11:30:00-05:00,7.34499979019165,7.38070011138916,7.34499979019165,7.38070011138916,14642,0.0,0.0
2023-01-05 12:30:00-05:00,7.380000114440918,7.394999980926514,7.369999885559082,7.375,17596,0.0,0.0
2023-01-05 13:30:00-05:00,7.380000114440918,7.380000114440918,7.349999904632568,7.369999885559082,27348,0.0,0.0
2023-01-05 14:30:00-05:00,7.360000133514404,7.389999866485596,7.360000133514404,7.367499828338623,22298,0.0,0.0
2023-01-05 15:30:00-05:00,7.360000133514404,7.409999847412109,7.360000133514404,7.409999847412109,19117,0.0,0.0
2023-01-06 09:30:00-05:00,7.420000076293945,7.514999866485596,7.409999847412109,7.46999979019165,0,0.0,0.0
2023-01-06 10:30:00-05:00,7.46999979019165,7.510000228881836,7.449999809265137,7.449999809265137,21861,0.0,0.0
2023-01-06 11:30:00-05:00,7.454999923706055,7.519999980926514,7.449999809265137,7.460000038146973,42234,0.0,0.0
2023-01-06 12:30:00-05:00,7.460000038146973,7.465000152587891,7.440000057220459,7.440000057220459,20629,0.0,0.0
2023-01-06 13:30:00-05:00,7.440000057220459,7.479899883270264,7.440000057220459,7.460000038146973,24725,0.0,0.0
2023-01-06 14:30:00-05:00,7.460000038146973,7.494999885559082,7.460000038146973,7.46999979019165,45549,0.0,0.0
2023-01-06 15:30:00-05:00,7.46999979019165,7.5,7.460000038146973,7.489999771118164,46504,0.0,0.0
2023-01-09 09:30:00-05:00,7.53000020980835,7.539999961853027,7.450099945068359,7.450099945068359,0,0.0,0.0
2023-01-09 10:30:00-05:00,7.449999809265137,7.460000038146973,7.429999828338623,7.449999809265137,23716,0.0,0.0
2023-01-09 11:30:00-05:00,7.454999923706055,7.460000038146973,7.432499885559082,7.440000057220459,20953,0.0,0.0
2023-01-09 12:30:00-05:00,7.445000171661377,7.460000038146973,7.431399822235107,7.460000038146973,20118,0.0,0.0
2023-01-09 13:30:00-05:00,7.455900192260742,7.460000038146973,7.429999828338623,7.442500114440918,25853,0.0,0.0
2023-01-09 14:30:00-05:00,7.449999809265137,7.460000038146973,7.440000057220459,7.449999809265137,27249,0.0,0.0
2023-01-09 15:30:00-05:00,7.440999984741211,7.46999979019165,7.440000057220459,7.460000038146973,16514,0.0,0.0
2023-01-10 09:30:00-05:00,7.460000038146973,7.46999979019165,7.440000057220459,7.460000038146973,0,0.0,0.0
2023-01-10 10:30:00-05:00,7.454999923706055,7.480000019073486,7.449999809265137,7.46999979019165,30470,0.0,0.0
2023-01-10 11:30:00-05:00,7.460100173950195,7.46999979019165,7.449999809265137,7.460000038146973,18864,0.0,0.0
2023-01-10 12:30:00-05:00,7.452499866485596,7.46999979019165,7.452499866485596,7.465000152587891,12719,0.0,0.0
2023-01-10 13:30:00-05:00,7.46750020980835,7.489999771118164,7.460000038146973,7.480000019073486,54838,0.0,0.0
2023-01-10 14:30:00-05:00,7.480000019073486,7.489999771118164,7.474999904632568,7.485000133514404,16311,0.0,0.0
2023-01-10 15:30:00-05:00,7.480000019073486,7.5,7.480000019073486,7.494999885559082,24944,0.0,0.0
2023-01-11 09:30:00-05:00,7.510000228881836,7.537499904632568,7.5,7.534999847412109,0,0.0,0.0
2023-01-11 10:30:00-05:00,7.53000020980835,7.534999847412109,7.519999980926514,7.53000020980835,17158,0.0,0.0
2023-01-11 11:30:00-05:00,7.53000020980835,7.538599967956543,7.53000020980835,7.537499904632568,9355,0.0,0.0
2023-01-11 12:30:00-05:00,7.531400203704834,7.534999847412109,7.511000156402588,7.53000020980835,19914,0.0,0.0
2023-01-11 13:30:00-05:00,7.534999847412109,7.559999942779541,7.53000020980835,7.5472002029418945,32008,0.0,0.0
2023-01-11 14:30:00-05:00,7.544400215148926,7.559999942779541,7.534999847412109,7.55620002746582,27228,0.0,0.0
2023-01-11 15:30:00-05:00,7.554999828338623,7.559999942779541,7.545000076293945,7.559999942779541,0,0.0,0.0
2023-01-12 09:30:00-05:00,7.539999961853027,7.539999961853027,7.489999771118164,7.489999771118164,101064,0.0,0.0
2023-01-12 10:30:00-05:00,7.489999771118164,7.510000228881836,7.489999771118164,7.5,92744,0.0,0.0
2023-01-12 11:30:00-05:00,7.504000186920166,7.548699855804443,7.5,7.548699855804443,25412,0.0,0.0
2023-01-12 12:30:00-05:00,7.545000076293945,7.570000171661377,7.539999961853027,7.550000190734863,17589,0.0,0.0
2023-01-12 13:30:00-05:00,7.554999828338623,7.599999904632568,7.552499771118164,7.590000152587891,31593,0.0,0.0
2023-01-12 14:30:00-05:00,7.590000152587891,7.599999904632568,7.570000171661377,7.599999904632568,19642,0.0,0.0
2023-01-12 15:30:00-05:00,7.599999904632568,7.599999904632568,7.579999923706055,7.590000152587891,13104,0.0,0.0
2023-01-13 09:30:00-05:00,7.599999904632568,7.605000019073486,7.570000171661377,7.585000038146973,114772,0.0,0.0
2023-01-13 10:30:00-05:00,7.58459997177124,7.590000152587891,7.570000171661377,7.590000152587891,27228,0.0,0.0
2023-01-13 11:30:00-05:00,7.590000152587891,7.599999904632568,7.559999942779541,7.559999942779541,70971,0.0,0.0
2023-01-13 12:30:00-05:00,7.559999942779541,7.610000133514404,7.559999942779541,7.590000152587891,127148,0.0,0.0
2023-01-13 13:30:00-05:00,7.59089994430542,7.619999885559082,7.590000152587891,7.599999904632568,36114,0.0,0.0
2023-01-13 14:30:00-05:00,7.59499979019165,7.610000133514404,7.59499979019165,7.610000133514404,13313,0.0,0.0
2023-01-13 15:30:00-05:00,7.610000133514404,7.619999885559082,7.590000152587891,7.610000133514404,37057,0.0,0.0
2023-01-17 09:30:00-05:00,7.639999866485596,7.654099941253662,7.592199802398682,7.625,78073,0.0,0.0
2023-01-17 10:30:00-05:00,7.630000114440918,7.639999866485596,7.599999904632568,7.630000114440918,35054,0.0,0.0
2023-01-17 11:30:00-05:00,7.630000114440918,7.639999866485596,7.610000133514404,7.639999866485596,29848,0.0,0.0
2023-01-17 12:30:00-05:00,7.635000228881836,7.639999866485596,7.619999885559082,7.639999866485596,18893,0.0,0.0
2023-01-17 13:30:00-05:00,7.639999866485596,7.659999847412109,7.630000114440918,7.630000114440918,20849,0.0,0.0
2023-01-17 14:30:00-05:00,7.630000114440918,7.675000190734863,7.619999885559082,7.659999847412109,22186,0.0,0.0
2023-01-17 15:30:00-05:00,7.659999847412109,7.664999961853027,7.630000114440918,7.650000095367432,21217,0.0,0.0
2023-01-18 09:30:00-05:00,7.760000228881836,7.769999980926514,7.670000076293945,7.679999828338623,119651,0.0,0.0
2023-01-18 10:30:00-05:00,7.679999828338623,7.690000057220459,7.659999847412109,7.675000190734863,36428,0.0,0.0
2023-01-18 11:30:00-05:00,7.675000190734863,7.679999828338623,7.650000095367432,7.650000095367432,19902,0.0,0.0
2023-01-18 12:30:00-05:00,7.644999980926514,7.647200107574463,7.630000114440918,7.630000114440918,20362,0.0,0.0
2023-01-18 13:30:00-05:00,7.630000114440918,7.639900207519531,7.619999885559082,7.625,18806,0.0,0.0
2023-01-18 14:30:00-05:00,7.625,7.650000095367432,7.614999771118164,7.644999980926514,31488,0.0,0.0
2023-01-18 15:30:00-05:00,7.644999980926514,7.650000095367432,7.610000133514404,7.639999866485596,38779,0.0,0.0
2023-01-19 09:30:00-05:00,7.639999866485596,7.639999866485596,7.590000152587891,7.599999904632568,42569,0.0,0.0
2023-01-19 10:30:00-05:00,7.599999904632568,7.605000019073486,7.571599960327148,7.579999923706055,31787,0.0,0.0
2023-01-19 11:30:00-05:00,7.580100059509277,7.584000110626221,7.561999797821045,7.570000171661377,40028,0.0,0.0
2023-01-19 12:30:00-05:00,7.570000171661377,7.584000110626221,7.565000057220459,7.574999809265137,25481,0.0,0.0
2023-01-19 13:30:00-05:00,7.574999809265137,7.590000152587891,7.574999809265137,7.583099842071533,30205,0.0,0.0
2023-01-19 14:30:00-05:00,7.579999923706055,7.590000152587891,7.570000171661377,7.579999923706055,29020,0.0,0.0
2023-01-19 15:30:00-05:00,7.583000183105469,7.599999904632568,7.570000171661377,7.599299907684326,37597,0.0,0.0
2023-01-20 09:30:00-05:00,7.610000133514404,7.621200084686279,7.5929999351501465,7.614999771118164,38598,0.0,0.0
2023-01-20 10:30:00-05:00,7.6178998947143555,7.6178998947143555,7.599999904632568,7.610000133514404,72481,0.0,0.0
2023-01-20 11:30:00-05:00,7.609099864959717,7.625,7.590000152587891,7.614999771118164,82225,0.0,0.0
2023-01-20 12:30:00-05:00,7.611000061035156,7.614999771118164,7.599999904632568,7.601600170135498,21526,0.0,0.0
2023-01-20 13:30:00-05:00,7.610000133514404,7.639999866485596,7.610000133514404,7.635000228881836,29249,0.0,0.0
2023-01-20 14:30:00-05:00,7.635000228881836,7.650000095367432,7.630000114440918,7.650000095367432,24768,0.0,0.0
2023-01-20 15:30:00-05:00,7.64900016784668,7.679999828338623,7.639999866485596,7.679999828338623,40813,0.0,0.0
2023-01-23 09:30:00-05:00,7.670000076293945,7.690000057220459,7.639999866485596,7.679999828338623,0,0.0,0.0
2023-01-23 10:30:00-05:00,7.679800033569336,7.699999809265137,7.672500133514404,7.699999809265137,31564,0.0,0.0
2023-01-23 11:30:00-05:00,7.699999809265137,7.710000038146973,7.690000057220459,7.699999809265137,46763,0.0,0.0
2023-01-23 12:30:00-05:00,7.699999809265137,7.704999923706055,7.691199779510498,7.699999809265137,13623,0.0,0.0
2023-01-23 13:30:00-05:00,7.699999809265137,7.704999923706055,7.6905999183654785,7.695000171661377,7650,0.0,0.0
2023-01-23 14:30:00-05:00,7.699999809265137,7.699999809265137,7.674600124359131,7.679999828338623,26825,0.0,0.0
2023-01-23 15:30:00-05:00,7.679999828338623,7.710000038146973,7.670100212097168,7.710000038146973,34548,0.0,0.0
2023-01-24 09:30:00-05:00,7.650000095367432,7.75,7.610000133514404,7.715000152587891,35175,0.0,0.0
2023-01-24 10:30:00-05:00,7.71750020980835,7.75,7.710000038146973,7.739999771118164,46326,0.0,0.0
2023-01-24 11:30:00-05:00,7.73769998550415,7.769999980926514,7.71999979019165,7.739999771118164,77769,0.0,0.0
2023-01-24 12:30:00-05:00,7.740099906921387,7.75,7.730000019073486,7.730100154876709,16256,0.0,0.0
2023-01-24 13:30:00-05:00,7.7399001121521,7.7399001121521,7.710000038146973,7.7322998046875,34523,0.0,0.0
2023-01-24 14:30:00-05:00,7.735000133514404,7.75,7.71999979019165,7.730000019073486,36441,0.0,0.0
2023-01-24 15:30:00-05:00,7.724999904632568,7.739999771118164,7.715000152587891,7.739999771118164,28656,0.0,0.0
2023-01-25 09:30:00-05:00,7.710000038146973,7.730000019073486,7.670000076293945,7.670000076293945,44068,0.0,0.0
2023-01-25 10:30:00-05:00,7.670000076293945,7.690000057220459,7.659999847412109,7.670000076293945,27743,0.0,0.0
2023-01-25 11:30:00-05:00,7.670000076293945,7.684999942779541,7.670000076293945,7.670000076293945,55916,0.0,0.0
2023-01-25 12:30:00-05:00,7.670000076293945,7.695000171661377,7.670000076293945,7.690000057220459,23443,0.0,0.0
2023-01-25 13:30:00-05:00,7.689899921417236,7.690000057220459,7.670000076293945,7.670000076293945,30292,0.0,0.0
2023-01-25 14:30:00-05:00,7.670000076293945,7.679999828338623,7.670000076293945,7.675000190734863,23283,0.0,0.0
2023-01-25 15:30:00-05:00,7.675000190734863,7.684999942779541,7.670000076293945,7.670000076293945,0,0.0,0.0
2023-01-26 09:30:00-05:00,7.739999771118164,7.739999771118164,7.679999828338623,7.690000057220459,48713,0.0,0.0
2023-01-26 10:30:00-05:00,7.699999809265137,7.71999979019165,7.695000171661377,7.704999923706055,22595,0.0,0.0
2023-01-26 11:30:00-05:00,7.704999923706055,7.728700160980225,7.699999809265137,7.728700160980225,13036,0.0,0.0
2023-01-26 12:30:00-05:00,7.729899883270264,7.735000133514404,7.724999904632568,7.7342000007629395,4271,0.0,0.0
2023-01-26 13:30:00-05:00,7.735000133514404,7.75,7.730000019073486,7.73960018157959,44332,0.0,0.0
2023-01-26 14:30:00-05:00,7.739999771118164,7.75,7.730000019073486,7.75,40211,0.0,0.0
2023-01-26 15:30:00-05:00,7.749199867248535,7.75,7.730000019073486,7.735000133514404,45009,0.0,0.0
2023-01-27 09:30:00-05:00,7.739999771118164,7.78000020980835,7.739999771118164,7.78000020980835,65550,0.0,0.0
2023-01-27 10:30:00-05:00,7.78000020980835,7.78000020980835,7.730000019073486,7.749100208282471,51682,0.0,0.0
2023-01-27 11:30:00-05:00,7.749100208282471,7.769999980926514,7.749100208282471,7.760900020599365,17487,0.0,0.0
2023-01-27 12:30:00-05:00,7.764999866485596,7.769999980926514,7.7600998878479,7.762599945068359,4888,0.0,0.0
2023-01-27 13:30:00-05:00,7.764999866485596,7.78000020980835,7.76170015335083,7.769999980926514,44033,0.0,0.0
2023-01-27 14:30:00-05:00,7.764999866485596,7.769999980926514,7.760000228881836,7.768799781799316,20127,0.0,0.0
2023-01-27 15:30:00-05:00,7.764999866485596,7.78000020980835,7.764999866485596,7.775000095367432,32385,0.0,0.0
2023-01-30 09:30:00-05:00,7.78000020980835,7.800000190734863,7.759399890899658,7.795000076293945,46732,0.0,0.0
2023-01-30 10:30:00-05:00,7.795000076293945,7.800000190734863,7.789999961853027,7.800000190734863,30390,0.0,0.0
2023-01-30 11:30:00-05:00,7.800000190734863,7.800000190734863,7.789999961853027,7.800000190734863,11208,0.0,0.0
2023-01-30 12:30:00-05:00,7.800000190734863,7.800000190734863,7.78000020980835,7.795000076293945,43621,0.0,0.0
2023-01-30 13:30:00-05:00,7.795000076293945,7.800000190734863,7.781499862670898,7.789999961853027,22687,0.0,0.0
2023-01-30 14:30:00-05:00,7.795000076293945,7.809999942779541,7.789999961853027,7.809899806976318,34842,0.0,0.0
2023-01-30 15:30:00-05:00,7.804999828338623,7.809999942779541,7.769999980926514,7.789999961853027,20715,0.0,0.0
2023-01-31 09:30:00-05:00,7.829999923706055,7.860000133514404,7.820000171661377,7.860000133514404,32145,0.0,0.0
2023-01-31 10:30:00-05:00,7.858799934387207,7.8815999031066895,7.850800037384033,7.8815999031066895,28131,0.0,0.0
2023-01-31 11:30:00-05:00,7.874499797821045,7.888999938964844,7.860000133514404,7.872000217437744,27641,0.0,0.0
2023-01-31 12:30:00-05:00,7.880000114440918,7.909999847412109,7.869999885559082,7.879899978637695,61677,0.0,0.0
2023-01-31 13:30:00-05:00,7.878900051116943,7.889999866485596,7.875,7.889999866485596,12803,0.0,0.0
2023-01-31 14:30:00-05:00,7.8881001472473145,7.958399772644043,7.878200054168701,7.945000171661377,100769,0.0,0.0
2023-01-31 15:30:00-05:00,7.949999809265137,7.960000038146973,7.940000057220459,7.960000038146973,49272,0.0,0.0
2023-02-01 09:30:00-05:00,7.980000019073486,8.050000190734863,7.960000038146973,8.0,278813,0.0,0.0
2023-02-01 10:30:00-05:00,8.0,8.010000228881836,7.989999771118164,8.0,40067,0.0,0.0
2023-02-01 11:30:00-05:00,8.0,8.010000228881836,7.9899001121521,7.994999885559082,48803,0.0,0.0
2023-02-01 12:30:00-05:00,7.991000175476074,8.0,7.989999771118164,7.999000072479248,10785,0.0,0.0
2023-02-01 13:30:00-05:00,7.994999885559082,8.0,7.980000019073486,7.980000019073486,48079,0.0,0.0
2023-02-01 14:30:00-05:00,7.974999904632568,8.020000457763672,7.965000152587891,8.020000457763672,23357,0.0,0.0
2023-02-01 15:30:00-05:00,8.015000343322754,8.020000457763672,8.0,8.020000457763672,22292,0.0,0.0
2023-02-02 09:30:00-05:00,8.0600004196167,8.09000015258789,8.029999732971191,8.069999694824219,77227,0.0,0.0
2023-02-02 10:30:00-05:00,8.074999809265137,8.129899978637695,8.074999809265137,8.079999923706055,55133,0.0,0.0
2023-02-02 11:30:00-05:00,8.079999923706055,8.130000114440918,8.069999694824219,8.125,37163,0.0,0.0
2023-02-02 12:30:00-05:00,8.119999885559082,8.125,8.039999961853027,8.0600004196167,73147,0.0,0.0
2023-02-02 13:30:00-05:00,8.060199737548828,8.069999694824219,8.045000076293945,8.050000190734863,87066,0.0,0.0
2023-02-02 14:30:00-05:00,8.050000190734863,8.055000305175781,8.020000457763672,8.029999732971191,105623,0.0,0.0
2023-02-02 15:30:00-05:00,8.024999618530273,8.029999732971191,8.020000457763672,8.029999732971191,8503,0.0,0.0
2023-02-03 09:30:00-05:00,7.980000019073486,8.050000190734863,7.940100193023682,8.050000190734863,0,0.0,0.0
2023-02-03 10:30:00-05:00,8.045000076293945,8.045000076293945,7.96999979019165,7.974999904632568,33657,0.0,0.0
2023-02-03 11:30:00-05:00,7.974999904632568,8.005000114440918,7.96999979019165,7.994999885559082,22268,0.0,0.0
2023-02-03 12:30:00-05:00,7.999899864196777,8.010000228881836,7.989999771118164,7.989999771118164,22098,0.0,0.0
2023-02-03 13:30:00-05:00,7.989999771118164,7.989999771118164,7.96999979019165,7.972499847412109,19684,0.0,0.0
2023-02-03 14:30:00-05:00,7.974999904632568,7.98859977722168,7.960000038146973,7.965000152587891,25659,0.0,0.0
2023-02-03 15:30:00-05:00,7.960999965667725,7.980000019073486,7.960000038146973,7.96999979019165,29340,0.0,0.0
2023-02-06 09:30:00-05:00,7.940000057220459,7.949999809265137,7.849999904632568,7.8769001960754395,0,0.0,0.0
2023-02-06 10:30:00-05:00,7.879000186920166,7.920000076293945,7.869999885559082,7.909999847412109,30633,0.0,0.0
2023-02-06 11:30:00-05:00,7.909999847412109,7.909999847412109,7.860000133514404,7.880000114440918,30313,0.0,0.0
2023-02-06 12:30:00-05:00,7.895999908447266,7.89900016784668,7.870100021362305,7.875,13207,0.0,0.0
2023-02-06 13:30:00-05:00,7.875,7.8790998458862305,7.861000061035156,7.8790998458862305,28148,0.0,0.0
2023-02-06 14:30:00-05:00,7.875,7.875,7.85129976272583,7.869999885559082,11899,0.0,0.0
2023-02-06 15:30:00-05:00,7.86870002746582,7.889999866485596,7.860000133514404,7.880000114440918,24035,0.0,0.0
2023-02-07 09:30:00-05:00,7.869999885559082,7.900000095367432,7.860000133514404,7.900000095367432,47875,0.0,0.0
2023-02-07 10:30:00-05:00,7.900000095367432,7.9070000648498535,7.893499851226807,7.902200222015381,37075,0.0,0.0
2023-02-07 11:30:00-05:00,7.908599853515625,7.914999961853027,7.889999866485596,7.893400192260742,23241,0.0,0.0
2023-02-07 12:30:00-05:00,7.894999980926514,7.930600166320801,7.885000228881836,7.889999866485596,24166,0.0,0.0
2023-02-07 13:30:00-05:00,7.885000228881836,7.900000095367432,7.869999885559082,7.880000114440918,23455,0.0,0.0
2023-02-07 14:30:00-05:00,7.885000228881836,7.900000095367432,7.876999855041504,7.885000228881836,31502,0.0,0.0
2023-02-07 15:30:00-05:00,7.885000228881836,7.889999866485596,7.869999885559082,7.880000114440918,26717,0.0,0.0
2023-02-08 09:30:00-05:00,7.880000114440918,7.929900169372559,7.849999904632568,7.858500003814697,70513,0.0,0.0
2023-02-08 10:30:00-05:00,7.849999904632568,7.860000133514404,7.829999923706055,7.84499979019165,53233,0.0,0.0
2023-02-08 11:30:00-05:00,7.848899841308594,7.855000019073486,7.820000171661377,7.820099830627441,54334,0.0,0.0
2023-02-08 12:30:00-05:00,7.828000068664551,7.835000038146973,7.820000171661377,7.820000171661377,30289,0.0,0.0
2023-02-08 13:30:00-05:00,7.820000171661377,7.839900016784668,7.813799858093262,7.832499980926514,24728,0.0,0.0
2023-02-08 14:30:00-05:00,7.826099872589111,7.829999923706055,7.809999942779541,7.820000171661377,26666,0.0,0.0
2023-02-08 15:30:00-05:00,7.815000057220459,7.829999923706055,7.800000190734863,7.809999942779541,53283,0.0,0.0
2023-02-09 09:30:00-05:00,7.849999904632568,7.879899978637695,7.809999942779541,7.819200038909912,80221,0.0,0.0
2023-02-09 10:30:00-05:00,7.820000171661377,7.840000152587891,7.809999942779541,7.835000038146973,26036,0.0,0.0
2023-02-09 11:30:00-05:00,7.838900089263916,7.849999904632568,7.829999923706055,7.8471999168396,20600,0.0,0.0
2023-02-09 12:30:00-05:00,7.84499979019165,7.849999904632568,7.830100059509277,7.836999893188477,9793,0.0,0.0
2023-02-09 13:30:00-05:00,7.831999778747559,7.849999904632568,7.820000171661377,7.820099830627441,36094,0.0,0.0
2023-02-09 14:30:00-05:00,7.815000057220459,7.815000057220459,7.795000076293945,7.795000076293945,23808,0.0,0.0
2023-02-09 15:30:00-05:00,7.795000076293945,7.800000190734863,7.78000020980835,7.789999961853027,19194,0.0,0.0
2023-02-10 09:30:00-05:00,7.78000020980835,7.829999923706055,7.78000020980835,7.824999809265137,0,0.0,0.0
2023-02-10 10:30:00-05:00,7.829100131988525,7.835000038146973,7.804999828338623,7.809999942779541,32944,0.0,0.0
2023-02-10 11:30:00-05:00,7.809199810028076,7.820000171661377,7.789999961853027,7.804999828338623,26529,0.0,0.0
2023-02-10 12:30:00-05:00,7.804999828338623,7.809999942779541,7.791100025177002,7.804999828338623,11659,0.0,0.0
2023-02-10 13:30:00-05:00,7.801000118255615,7.801000118255615,7.789999961853027,7.799300193786621,6304,0.0,0.0
2023-02-10 14:30:00-05:00,7.789999961853027,7.809999942779541,7.789999961853027,7.804999828338623,28379,0.0,0.0
2023-02-10 15:30:00-05:00,7.803999900817871,7.809999942779541,7.800000190734863,7.809999942779541,10592,0.0,0.0
2023-02-13 09:30:00-05:00,7.789999961853027,7.824999809265137,7.788000106811523,7.824999809265137,62872,0.0,0.0
2023-02-13 10:30:00-05:00,7.820000171661377,7.820000171661377,7.789999961853027,7.800000190734863,31291,0.0,0.0
2023-02-13 11:30:00-05:00,7.798999786376953,7.809999942779541,7.781099796295166,7.8084001541137695,51198,0.0,0.0
2023-02-13 12:30:00-05:00,7.804200172424316,7.809999942779541,7.800000190734863,7.804999828338623,8536,0.0,0.0
2023-02-13 13:30:00-05:00,7.804500102996826,7.809999942779541,7.78000020980835,7.795000076293945,21319,0.0,0.0
2023-02-13 14:30:00-05:00,7.795000076293945,7.809999942779541,7.789999961853027,7.809999942779541,26020,0.0,0.0
2023-02-13 15:30:00-05:00,7.804999828338623,7.809999942779541,7.789999961853027,7.789999961853027,18997,0.0,0.0
2023-02-14 09:30:00-05:00,7.75,7.781400203704834,7.739999771118164,7.7565999031066895,61875,0.0,0.0
2023-02-14 10:30:00-05:00,7.75,7.768400192260742,7.730000019073486,7.735000133514404,29625,0.0,0.0
2023-02-14 11:30:00-05:00,7.730000019073486,7.730000019073486,7.710000038146973,7.725900173187256,15250,0.0,0.0
2023-02-14 12:30:00-05:00,7.724999904632568,7.735000133514404,7.710000038146973,7.735000133514404,17524,0.0,0.0
2023-02-14 13:30:00-05:00,7.735000133514404,7.735000133514404,7.711699962615967,7.71999979019165,8323,0.0,0.0
2023-02-14 14:30:00-05:00,7.710100173950195,7.730000019073486,7.710100173950195,7.724999904632568,11922,0.0,0.0
2023-02-14 15:30:00-05:00,7.724999904632568,7.739999771118164,7.71999979019165,7.739999771118164,29798,0.0,0.0
2023-02-15 09:30:00-05:00,7.710000038146973,7.730299949645996,7.690000057220459,7.7083001136779785,0,0.0,0.0
2023-02-15 10:30:00-05:00,7.708000183105469,7.71999979019165,7.704999923706055,7.710000038146973,42305,0.0,0.0
2023-02-15 11:30:00-05:00,7.705900192260742,7.710000038146973,7.700099945068359,7.710000038146973,11831,0.0,0.0
2023-02-15 12:30:00-05:00,7.704999923706055,7.710000038146973,7.694399833679199,7.710000038146973,15024,0.0,0.0
2023-02-15 13:30:00-05:00,7.710000038146973,7.710000038146973,7.690000057220459,7.695000171661377,15074,0.0,0.0
2023-02-15 14:30:00-05:00,7.699999809265137,7.710000038146973,7.690000057220459,7.695000171661377,44946,0.0,0.0
2023-02-15 15:30:00-05:00,7.699999809265137,7.710000038146973,7.679999828338623,7.690000057220459,56119,0.0,0.0
2023-02-16 09:30:00-05:00,7.659999847412109,7.686100006103516,7.65500020980835,7.6778998374938965,33213,0.0,0.0
2023-02-16 10:30:00-05:00,7.679999828338623,7.695000171661377,7.677499771118164,7.679999828338623,16487,0.0,0.0
2023-02-16 11:30:00-05:00,7.677599906921387,7.690000057220459,7.670000076293945,7.671199798583984,6645,0.0,0.0
2023-02-16 12:30:00-05:00,7.675000190734863,7.678999900817871,7.670000076293945,7.675000190734863,10552,0.0,0.0
2023-02-16 13:30:00-05:00,7.678500175476074,7.699999809265137,7.659999847412109,7.664999961853027,45882,0.0,0.0
2023-02-16 14:30:00-05:00,7.667399883270264,7.670000076293945,7.625,7.635000228881836,40750,0.0,0.0
2023-02-16 15:30:00-05:00,7.630000114440918,7.635000228881836,7.610000133514404,7.610000133514404,34524,0.0,0.0
2023-02-17 09:30:00-05:00,7.590000152587891,7.619999885559082,7.579999923706055,7.59499979019165,0,0.0,0.0
2023-02-17 10:30:00-05:00,7.597499847412109,7.599999904632568,7.574999809265137,7.574999809265137,25896,0.0,0.0
2023-02-17 11:30:00-05:00,7.574999809265137,7.579999923706055,7.570000171661377,7.574999809265137,48179,0.0,0.0
2023-02-17 12:30:00-05:00,7.574999809265137,7.574999809265137,7.519999980926514,7.538000106811523,77421,0.0,0.0
2023-02-17 13:30:00-05:00,7.539999961853027,7.539999961853027,7.53000020980835,7.539999961853027,21681,0.0,0.0
2023-02-17 14:30:00-05:00,7.539999961853027,7.539999961853027,7.530600070953369,7.534999847412109,44313,0.0,0.0
2023-02-17 15:30:00-05:00,7.534999847412109,7.539999961853027,7.53000020980835,7.53000020980835,27130,0.0,0.0
2023-02-21 09:30:00-05:00,7.53000020980835,7.53000020980835,7.429999828338623,7.446800231933594,0,0.0,0.0
2023-02-21 10:30:00-05:00,7.445000171661377,7.457499980926514,7.440000057220459,7.457499980926514,69942,0.0,0.0
2023-02-21 11:30:00-05:00,7.454999923706055,7.460000038146973,7.421299934387207,7.425000190734863,53564,0.0,0.0
2023-02-21 12:30:00-05:00,7.425000190734863,7.429900169372559,7.420000076293945,7.425000190734863,29950,0.0,0.0
2023-02-21 13:30:00-05:00,7.425000190734863,7.425000190734863,7.40500020980835,7.409999847412109,35659,0.0,0.0
2023-02-21 14:30:00-05:00,7.40500020980835,7.420000076293945,7.380000114440918,7.385000228881836,47303,0.0,0.0
2023-02-21 15:30:00-05:00,7.385000228881836,7.389999866485596,7.360000133514404,7.369999885559082,36568,0.0,0.0
2023-02-22 09:30:00-05:00,7.400000095367432,7.400000095367432,7.360000133514404,7.385000228881836,88758,0.0,0.0
2023-02-22 10:30:00-05:00,7.380000114440918,7.409900188446045,7.374599933624268,7.385000228881836,80512,0.0,0.0
2023-02-22 11:30:00-05:00,7.388800144195557,7.389999866485596,7.380000114440918,7.389999866485596,35928,0.0,0.0
2023-02-22 12:30:00-05:00,7.385000228881836,7.389999866485596,7.369999885559082,7.380000114440918,62008,0.0,0.0
2023-02-22 13:30:00-05:00,7.380000114440918,7.389999866485596,7.369999885559082,7.375,32643,0.0,0.0
2023-02-22 14:30:00-05:00,7.375,7.380000114440918,7.369999885559082,7.375,275333,0.0,0.0
2023-02-22 15:30:00-05:00,7.375,7.380000114440918,7.369999885559082,7.369999885559082,19196,0.0,0.0
2023-02-23 09:30:00-05:00,7.420000076293945,7.429999828338623,7.399899959564209,7.400000095367432,0,0.0,0.0
2023-02-23 10:30:00-05:00,7.409999847412109,7.409999847412109,7.369999885559082,7.380000114440918,322223,0.0,0.0
2023-02-23 11:30:00-05:00,7.389999866485596,7.394700050354004,7.369999885559082,7.394700050354004,277626,0.0,0.0
2023-02-23 12:30:00-05:00,7.400000095367432,7.400000095367432,7.389999866485596,7.400000095367432,11274,0.0,0.0
2023-02-23 13:30:00-05:00,7.400000095367432,7.400000095367432,7.389999866485596,7.394999980926514,62843,0.0,0.0
2023-02-23 14:30:00-05:00,7.394999980926514,7.409999847412109,7.389999866485596,7.404099941253662,73814,0.0,0.0
2023-02-23 15:30:00-05:00,7.409999847412109,7.409999847412109,7.400000095367432,7.40500020980835,50210,0.0,0.0
2023-02-24 09:30:00-05:00,7.360000133514404,7.394999980926514,7.329999923706055,7.349999904632568,92978,0.0,0.0
2023-02-24 10:30:00-05:00,7.349999904632568,7.369999885559082,7.329999923706055,7.363399982452393,38792,0.0,0.0
2023-02-24 11:30:00-05:00,7.360099792480469,7.387400150299072,7.355000019073486,7.360000133514404,41333,0.0,0.0
2023-02-24 12:30:00-05:00,7.364999771118164,7.380000114440918,7.349999904632568,7.364999771118164,38666,0.0,0.0
2023-02-24 13:30:00-05:00,7.360000133514404,7.380000114440918,7.360000133514404,7.369999885559082,26814,0.0,0.0
2023-02-24 14:30:00-05:00,7.364999771118164,7.369999885559082,7.360000133514404,7.360000133514404,18044,0.0,0.0
2023-02-24 15:30:00-05:00,7.360000133514404,7.380000114440918,7.360000133514404,7.369999885559082,34120,0.0,0.0
2023-02-27 09:30:00-05:00,7.440000057220459,7.460000038146973,7.420000076293945,7.460000038146973,0,0.0,0.0
2023-02-27 10:30:00-05:00,7.449999809265137,7.454999923706055,7.42549991607666,7.434999942779541,30096,0.0,0.0
2023-02-27 11:30:00-05:00,7.429999828338623,7.449999809265137,7.420000076293945,7.434999942779541,31737,0.0,0.0
2023-02-27 12:30:00-05:00,7.440000057220459,7.449999809265137,7.434999942779541,7.445000171661377,35545,0.0,0.0
2023-02-27 13:30:00-05:00,7.445000171661377,7.4475998878479,7.425000190734863,7.434999942779541,30204,0.0,0.0
2023-02-27 14:30:00-05:00,7.440000057220459,7.440000057220459,7.410099983215332,7.414999961853027,26461,0.0,0.0
2023-02-27 15:30:00-05:00,7.412399768829346,7.445000171661377,7.412399768829346,7.440000057220459,38156,0.0,0.0
2023-02-28 09:30:00-05:00,7.449999809265137,7.454999923706055,7.409999847412109,7.445000171661377,0,0.0,0.0
2023-02-28 10:30:00-05:00,7.445000171661377,7.460000038146973,7.440000057220459,7.445000171661377,9737,0.0,0.0
2023-02-28 11:30:00-05:00,7.449999809265137,7.460000038146973,7.440000057220459,7.445000171661377,18696,0.0,0.0
2023-02-28 12:30:00-05:00,7.445000171661377,7.454999923706055,7.440000057220459,7.445000171661377,16681,0.0,0.0
2023-02-28 13:30:00-05:00,7.445000171661377,7.460000038146973,7.440000057220459,7.445000171661377,19011,0.0,0.0
2023-02-28 14:30:00-05:00,7.445000171661377,7.449999809265137,7.420000076293945,7.440000057220459,48158,0.0,0.0
2023-02-28 15:30:00-05:00,7.439199924468994,7.449999809265137,7.430099964141846,7.440000057220459,32313,0.0,0.0
2023-03-01 09:30:00-05:00,7.440000057220459,7.4899001121521,7.419000148773193,7.460000038146973,0,0.0,0.0
2023-03-01 10:30:00-05:00,7.454999923706055,7.465000152587891,7.440000057220459,7.445000171661377,16880,0.0,0.0
2023-03-01 11:30:00-05:00,7.445000171661377,7.449999809265137,7.441100120544434,7.445000171661377,9242,0.0,0.0
2023-03-01 12:30:00-05:00,7.445000171661377,7.4471001625061035,7.429999828338623,7.434999942779541,4523,0.0,0.0
2023-03-01 13:30:00-05:00,7.430099964141846,7.440000057220459,7.429999828338623,7.434999942779541,27696,0.0,0.0
2023-03-01 14:30:00-05:00,7.432300090789795,7.440000057220459,7.429999828338623,7.434999942779541,12530,0.0,0.0
2023-03-01 15:30:00-05:00,7.434999942779541,7.440000057220459,7.429999828338623,7.429999828338623,20654,0.0,0.0
2023-03-02 09:30:00-05:00,7.400000095367432,7.429999828338623,7.390100002288818,7.394999980926514,52986,0.0,0.0
2023-03-02 10:30:00-05:00,7.394999980926514,7.39900016784668,7.360000133514404,7.364999771118164,46718,0.0,0.0
2023-03-02 11:30:00-05:00,7.369999885559082,7.380000114440918,7.369999885559082,7.369999885559082,56468,0.0,0.0
2023-03-02 12:30:00-05:00,7.369999885559082,7.380000114440918,7.360000133514404,7.364999771118164,23968,0.0,0.0
2023-03-02 13:30:00-05:00,7.360000133514404,7.369999885559082,7.360000133514404,7.364999771118164,131987,0.0,0.0
2023-03-02 14:30:00-05:00,7.364999771118164,7.380000114440918,7.360000133514404,7.375,31016,0.0,0.0
2023-03-02 15:30:00-05:00,7.380000114440918,7.380000114440918,7.369999885559082,7.369999885559082,9165,0.0,0.0
2023-03-03 09:30:00-05:00,7.400000095367432,7.412399768829346,7.389999866485596,7.394999980926514,127234,0.0,0.0
2023-03-03 10:30:00-05:00,7.394999980926514,7.400000095367432,7.389999866485596,7.394999980926514,16446,0.0,0.0
2023-03-03 11:30:00-05:00,7.400000095367432,7.400000095367432,7.389999866485596,7.389999866485596,25657,0.0,0.0
2023-03-03 12:30:00-05:00,7.394999980926514,7.400000095367432,7.389999866485596,7.400000095367432,39206,0.0,0.0
2023-03-03 13:30:00-05:00,7.400000095367432,7.409999847412109,7.389999866485596,7.409999847412109,51667,0.0,0.0
2023-03-03 14:30:00-05:00,7.409999847412109,7.440000057220459,7.409999847412109,7.420000076293945,61460,0.0,0.0
2023-03-03 15:30:00-05:00,7.409999847412109,7.420000076293945,7.409999847412109,7.409999847412109,21825,0.0,0.0
2023-03-06 09:30:00-05:00,7.420000076293945,7.460000038146973,7.409999847412109,7.454999923706055,113382,0.0,0.0
2023-03-06 10:30:00-05:00,7.449999809265137,7.460000038146973,7.429999828338623,7.434999942779541,21830,0.0,0.0
2023-03-06 11:30:00-05:00,7.434999942779541,7.440000057220459,7.420000076293945,7.429100036621094,58836,0.0,0.0
2023-03-06 12:30:00-05:00,7.429999828338623,7.429999828338623,7.409999847412109,7.429999828338623,12384,0.0,0.0
2023-03-06 13:30:00-05:00,7.429999828338623,7.429999828338623,7.407700061798096,7.414999961853027,23693,0.0,0.0
2023-03-06 14:30:00-05:00,7.410099983215332,7.440000057220459,7.409999847412109,7.429999828338623,38913,0.0,0.0
2023-03-06 15:30:00-05:00,7.429999828338623,7.449999809265137,7.4207000732421875,7.440000057220459,33379,0.0,0.0
2023-03-07 09:30:00-05:00,7.449999809265137,7.460000038146973,7.40500020980835,7.420000076293945,0,0.0,0.0
2023-03-07 10:30:00-05:00,7.4116997718811035,7.429999828338623,7.400100231170654,7.406799793243408,33223,0.0,0.0
2023-03-07 11:30:00-05:00,7.40500020980835,7.429999828338623,7.4045000076293945,7.420000076293945,41446,0.0,0.0
2023-03-07 12:30:00-05:00,7.429999828338623,7.429999828338623,7.414999961853027,7.414999961853027,4445,0.0,0.0
2023-03-07 13:30:00-05:00,7.420000076293945,7.420000076293945,7.389999866485596,7.395299911499023,52970,0.0,0.0
2023-03-07 14:30:00-05:00,7.389999866485596,7.389999866485596,7.360000133514404,7.375,43805,0.0,0.0
2023-03-07 15:30:00-05:00,7.373799800872803,7.380000114440918,7.369999885559082,7.375,15780,0.0,0.0
2023-03-08 09:30:00-05:00,7.380000114440918,7.400000095367432,7.360000133514404,7.382599830627441,0,0.0,0.0
2023-03-08 10:30:00-05:00,7.389999866485596,7.40500020980835,7.380000114440918,7.39139986038208,19451,0.0,0.0
2023-03-08 11:30:00-05:00,7.394999980926514,7.400000095367432,7.380000114440918,7.389400005340576,26360,0.0,0.0
2023-03-08 12:30:00-05:00,7.389999866485596,7.389999866485596,7.380000114440918,7.385000228881836,5781,0.0,0.0
2023-03-08 13:30:00-05:00,7.380000114440918,7.400000095367432,7.380000114440918,7.400000095367432,25021,0.0,0.0
2023-03-08 14:30:00-05:00,7.390100002288818,7.400000095367432,7.369999885559082,7.385000228881836,49737,0.0,0.0
2023-03-08 15:30:00-05:00,7.385000228881836,7.389999866485596,7.375,7.389999866485596,15657,0.0,0.0
2023-03-09 09:30:00-05:00,7.389999866485596,7.419600009918213,7.389999866485596,7.409999847412109,0,0.0,0.0
2023-03-09 10:30:00-05:00,7.40500020980835,7.409999847412109,7.390100002288818,7.394999980926514,15127,0.0,0.0
2023-03-09 11:30:00-05:00,7.391300201416016,7.399899959564209,7.369999885559082,7.385000228881836,11760,0.0,0.0
2023-03-09 12:30:00-05:00,7.3815999031066895,7.3815999031066895,7.360000133514404,7.369999885559082,18478,0.0,0.0
2023-03-09 13:30:00-05:00,7.360000133514404,7.364999771118164,7.329999923706055,7.335000038146973,25961,0.0,0.0
2023-03-09 14:30:00-05:00,7.335000038146973,7.340000152587891,7.315000057220459,7.315000057220459,37585,0.0,0.0
2023-03-09 15:30:00-05:00,7.31220006942749,7.320000171661377,7.289999961853027,7.300000190734863,18705,0.0,0.0
2023-03-10 09:30:00-05:00,7.289999961853027,7.302000045776367,7.150000095367432,7.170000076293945,0,0.0,0.0
2023-03-10 10:30:00-05:00,7.170000076293945,7.199999809265137,7.150000095367432,7.196499824523926,117060,0.0,0.0
2023-03-10 11:30:00-05:00,7.195000171661377,7.201000213623047,7.168600082397461,7.169000148773193,44879,0.0,0.0
2023-03-10 12:30:00-05:00,7.164999961853027,7.179999828338623,7.090000152587891,7.090000152587891,65204,0.0,0.0
2023-03-10 13:30:00-05:00,7.085000038146973,7.085000038146973,7.03000020980835,7.039999961853027,65666,0.0,0.0
2023-03-10 14:30:00-05:00,7.039999961853027,7.079999923706055,7.039299964904785,7.052000045776367,86693,0.0,0.0
2023-03-10 15:30:00-05:00,7.059999942779541,7.059999942779541,7.039999961853027,7.059999942779541,42222,0.0,0.0
2023-03-13 09:30:00-04:00,6.949999809265137,6.999300003051758,6.630000114440918,6.650000095367432,266191,0.0,0.0
2023-03-13 10:30:00-04:00,6.652100086212158,6.849999904632568,6.652100086212158,6.849999904632568,163225,0.0,0.0
2023-03-13 11:30:00-04:00,6.840000152587891,6.96999979019165,6.829999923706055,6.905099868774414,242676,0.0,0.0
2023-03-13 12:30:00-04:00,6.9019999504089355,6.920000076293945,6.849999904632568,6.875,60814,0.0,0.0
2023-03-13 13:30:00-04:00,6.875,6.875,6.829999923706055,6.829999923706055,50265,0.0,0.0
2023-03-13 14:30:00-04:00,6.829999923706055,6.860000133514404,6.815000057220459,6.855000019073486,79462,0.0,0.0
2023-03-13 15:30:00-04:00,6.849999904632568,6.900000095367432,6.840000152587891,6.889999866485596,130772,0.0,0.0
2023-03-14 09:30:00-04:00,6.940000057220459,6.989999771118164,6.909999847412109,6.970099925994873,219041,0.0,0.0
2023-03-14 10:30:00-04:00,6.980000019073486,7.010000228881836,6.960000038146973,7.010000228881836,75936,0.0,0.0
2023-03-14 11:30:00-04:00,7.014999866485596,7.050000190734863,6.960000038146973,6.960000038146973,73216,0.0,0.0
2023-03-14 12:30:00-04:00,6.965099811553955,6.980000019073486,6.945000171661377,6.965000152587891,121587,0.0,0.0
2023-03-14 13:30:00-04:00,6.962800025939941,6.969900131225586,6.869999885559082,6.894999980926514,52533,0.0,0.0
2023-03-14 14:30:00-04:00,6.900000095367432,6.945000171661377,6.894999980926514,6.920000076293945,77080,0.0,0.0
2023-03-14 15:30:00-04:00,6.920000076293945,6.940000057220459,6.909999847412109,6.920000076293945,49200,0.0,0.0
2023-03-15 09:30:00-04:00,6.789999961853027,6.789999961853027,6.679999828338623,6.739999771118164,138527,0.0,0.0
2023-03-15 10:30:00-04:00,6.75,6.769999980926514,6.710000038146973,6.759900093078613,30489,0.0,0.0
2023-03-15 11:30:00-04:00,6.75,6.760000228881836,6.690000057220459,6.699999809265137,49346,0.0,0.0
2023-03-15 12:30:00-04:00,6.699999809265137,6.730000019073486,6.690000057220459,6.71999979019165,55599,0.0,0.0
2023-03-15 13:30:00-04:00,6.715000152587891,6.71999979019165,6.679999828338623,6.710000038146973,46729,0.0,0.0
2023-03-15 14:30:00-04:00,6.71999979019165,6.760000228881836,6.699999809265137,6.75,52275,0.0,0.0
2023-03-15 15:30:00-04:00,6.760000228881836,6.769999980926514,6.690000057220459,6.730000019073486,55343,0.0,0.0
2023-03-16 09:30:00-04:00,6.679999828338623,6.679999828338623,6.559999942779541,6.570000171661377,181238,0.0,0.0
2023-03-16 10:30:00-04:00,6.564899921417236,6.690000057220459,6.550000190734863,6.679999828338623,218349,0.0,0.0
2023-03-16 11:30:00-04:00,6.670100212097168,6.690000057220459,6.639999866485596,6.660099983215332,91464,0.0,0.0
2023-03-16 12:30:00-04:00,6.659999847412109,6.760000228881836,6.640999794006348,6.699999809265137,100460,0.0,0.0
2023-03-16 13:30:00-04:00,6.690000057220459,6.699999809265137,6.659999847412109,6.679999828338623,133344,0.0,0.0
2023-03-16 14:30:00-04:00,6.680099964141846,6.730000019073486,6.670000076293945,6.715000152587891,83051,0.0,0.0
2023-03-16 15:30:00-04:00,6.71999979019165,6.75,6.715000152587891,6.75,70004,0.0,0.0
2023-03-17 09:30:00-04:00,6.71999979019165,6.71999979019165,6.519999980926514,6.539999961853027,180793,0.0,0.0
2023-03-17 10:30:00-04:00,6.539999961853027,6.553800106048584,6.46999979019165,6.46999979019165,94175,0.0,0.0
2023-03-17 11:30:00-04:00,6.46999979019165,6.519999980926514,6.449999809265137,6.510000228881836,99526,0.0,0.0
2023-03-17 12:30:00-04:00,6.510000228881836,6.53000020980835,6.489999771118164,6.505000114440918,27850,0.0,0.0
2023-03-17 13:30:00-04:00,6.510000228881836,6.510000228881836,6.46999979019165,6.46999979019165,59462,0.0,0.0
2023-03-17 14:30:00-04:00,6.475299835205078,6.5,6.46999979019165,6.480000019073486,54005,0.0,0.0
2023-03-17 15:30:00-04:00,6.46999979019165,6.474999904632568,6.385000228881836,6.40500020980835,174416,0.0,0.0
2023-03-20 09:30:00-04:00,6.349999904632568,6.389999866485596,6.230000019073486,6.274799823760986,235162,0.0,0.0
2023-03-20 10:30:00-04:00,6.279900074005127,6.279900074005127,6.159999847412109,6.164999961853027,155918,0.0,0.0
2023-03-20 11:30:00-04:00,6.170000076293945,6.190000057220459,6.139999866485596,6.15500020980835,91367,0.0,0.0
2023-03-20 12:30:00-04:00,6.150100231170654,6.177000045776367,6.139900207519531,6.170000076293945,177663,0.0,0.0
2023-03-20 13:30:00-04:00,6.170000076293945,6.199999809265137,6.148499965667725,6.179999828338623,103232,0.0,0.0
2023-03-20 14:30:00-04:00,6.179999828338623,6.210000038146973,6.139999866485596,6.149799823760986,164920,0.0,0.0
2023-03-20 15:30:00-04:00,6.150000095367432,6.150000095367432,6.099999904632568,6.110000133514404,85416,0.0,0.0
2023-03-21 09:30:00-04:00,6.28000020980835,6.300000190734863,6.201600074768066,6.201600074768066,252218,0.0,0.0
2023-03-21 10:30:00-04:00,6.204999923706055,6.21999979019165,6.190000057220459,6.190000057220459,128576,0.0,0.0
2023-03-21 11:30:00-04:00,6.1992998123168945,6.21999979019165,6.184999942779541,6.184999942779541,71200,0.0,0.0
2023-03-21 12:30:00-04:00,6.190000057220459,6.25,6.190000057220459,6.239999771118164,129114,0.0,0.0
2023-03-21 13:30:00-04:00,6.239999771118164,6.244999885559082,6.224999904632568,6.235000133514404,47301,0.0,0.0
2023-03-21 14:30:00-04:00,6.235000133514404,6.239999771118164,6.210999965667725,6.210999965667725,36020,0.0,0.0
2023-03-21 15:30:00-04:00,6.21999979019165,6.21999979019165,6.199999809265137,6.199999809265137,74891,0.0,0.0
2023-03-22 09:30:00-04:00,6.239999771118164,6.289999961853027,6.237500190734863,6.284999847412109,110431,0.0,0.0
2023-03-22 10:30:00-04:00,6.284999847412109,6.289999961853027,6.239999771118164,6.244999885559082,38735,0.0,0.0
2023-03-22 11:30:00-04:00,6.244999885559082,6.269999980926514,6.239999771118164,6.263400077819824,43010,0.0,0.0
2023-03-22 12:30:00-04:00,6.265200138092041,6.269999980926514,6.260000228881836,6.269899845123291,14869,0.0,0.0
2023-03-22 13:30:00-04:00,6.264999866485596,6.300000190734863,6.239999771118164,6.284999847412109,95733,0.0,0.0
2023-03-22 14:30:00-04:00,6.289999961853027,6.320700168609619,6.235000133514404,6.275000095367432,217195,0.0,0.0
2023-03-22 15:30:00-04:00,6.269999980926514,6.28000020980835,6.190000057220459,6.210000038146973,85012,0.0,0.0
2023-03-23 09:30:00-04:00,6.239999771118164,6.309999942779541,6.239999771118164,6.300000190734863,0,0.0,0.0
2023-03-23 10:30:00-04:00,6.309000015258789,6.320000171661377,6.288000106811523,6.289999961853027,78971,0.0,0.0
2023-03-23 11:30:00-04:00,6.284999847412109,6.300000190734863,6.239999771118164,6.244999885559082,37268,0.0,0.0
2023-03-23 12:30:00-04:00,6.25,6.25,6.220900058746338,6.229899883270264,53914,0.0,0.0
2023-03-23 13:30:00-04:00,6.221199989318848,6.230000019073486,6.170000076293945,6.170000076293945,42415,0.0,0.0
2023-03-23 14:30:00-04:00,6.179999828338623,6.190000057220459,6.150199890136719,6.164999961853027,100235,0.0,0.0
2023-03-23 15:30:00-04:00,6.159999847412109,6.190000057220459,6.159999847412109,6.179999828338623,74290,0.0,0.0
2023-03-24 09:30:00-04:00,6.119999885559082,6.13040018081665,6.070000171661377,6.090000152587891,0,0.0,0.0
2023-03-24 10:30:00-04:00,6.079999923706055,6.079999923706055,6.050000190734863,6.054999828338623,39396,0.0,0.0
2023-03-24 11:30:00-04:00,6.050000190734863,6.090000152587891,6.039999961853027,6.065000057220459,64179,0.0,0.0
2023-03-24 12:30:00-04:00,6.059999942779541,6.079999923706055,6.059999942779541,6.069900035858154,32067,0.0,0.0
2023-03-24 13:30:00-04:00,6.0690999031066895,6.090000152587891,6.065000057220459,6.079899787902832,52576,0.0,0.0
2023-03-24 14:30:00-04:00,6.070000171661377,6.090000152587891,6.061800003051758,6.074999809265137,63427,0.0,0.0
2023-03-24 15:30:00-04:00,6.074999809265137,6.079999923706055,6.039999961853027,6.050000190734863,81062,0.0,0.0
2023-03-27 09:30:00-04:00,6.179999828338623,6.25,6.110000133514404,6.110000133514404,118714,0.0,0.0
2023-03-27 10:30:00-04:00,6.099999904632568,6.139999866485596,6.090000152587891,6.114999771118164,37443,0.0,0.0
2023-03-27 11:30:00-04:00,6.119900226593018,6.150000095367432,6.119900226593018,6.144999980926514,37792,0.0,0.0
2023-03-27 12:30:00-04:00,6.144999980926514,6.159999847412109,6.144999980926514,6.15500020980835,38165,0.0,0.0
2023-03-27 13:30:00-04:00,6.15500020980835,6.175000190734863,6.150000095367432,6.15500020980835,111477,0.0,0.0
2023-03-27 14:30:00-04:00,6.151700019836426,6.170000076293945,6.150000095367432,6.15500020980835,103408,0.0,0.0
2023-03-27 15:30:00-04:00,6.159999847412109,6.159999847412109,6.139999866485596,6.150000095367432,41671,0.0,0.0
2023-03-28 09:30:00-04:00,6.190000057220459,6.204400062561035,6.119999885559082,6.15500020980835,105837,0.0,0.0
2023-03-28 10:30:00-04:00,6.15749979019165,6.159999847412109,6.139999866485596,6.150000095367432,32750,0.0,0.0
2023-03-28 11:30:00-04:00,6.1579999923706055,6.159999847412109,6.150000095367432,6.150100231170654,52457,0.0,0.0
2023-03-28 12:30:00-04:00,6.15880012512207,6.159999847412109,6.132500171661377,6.147500038146973,29940,0.0,0.0
2023-03-28 13:30:00-04:00,6.150000095367432,6.15500020980835,6.130000114440918,6.14300012588501,53157,0.0,0.0
2023-03-28 14:30:00-04:00,6.145699977874756,6.159999847412109,6.145699977874756,6.15500020980835,16052,0.0,0.0
2023-03-28 15:30:00-04:00,6.150000095367432,6.159999847412109,6.150000095367432,6.159999847412109,18616,0.0,0.0
2023-03-29 09:30:00-04:00,6.21999979019165,6.28000020980835,6.215000152587891,6.260000228881836,164815,0.0,0.0
2023-03-29 10:30:00-04:00,6.264999866485596,6.264999866485596,6.234000205993652,6.235000133514404,27331,0.0,0.0
2023-03-29 11:30:00-04:00,6.239999771118164,6.28000020980835,6.230100154876709,6.275000095367432,62561,0.0,0.0
2023-03-29 12:30:00-04:00,6.279900074005127,6.28000020980835,6.269999980926514,6.275000095367432,19583,0.0,0.0
2023-03-29 13:30:00-04:00,6.275000095367432,6.275000095367432,6.260000228881836,6.269999980926514,20082,0.0,0.0
2023-03-29 14:30:00-04:00,6.269999980926514,6.28000020980835,6.269999980926514,6.269999980926514,34955,0.0,0.0
2023-03-29 15:30:00-04:00,6.269999980926514,6.28000020980835,6.2600998878479,6.28000020980835,44738,0.0,0.0
2023-03-30 09:30:00-04:00,6.380000114440918,6.429999828338623,6.360000133514404,6.400000095367432,130676,0.0,0.0
2023-03-30 10:30:00-04:00,6.396299839019775,6.440000057220459,6.389999866485596,6.419099807739258,113313,0.0,0.0
2023-03-30 11:30:00-04:00,6.414999961853027,6.419899940490723,6.400000095367432,6.414999961853027,13862,0.0,0.0
2023-03-30 12:30:00-04:00,6.414999961853027,6.420000076293945,6.389999866485596,6.394999980926514,27237,0.0,0.0
2023-03-30 13:30:00-04:00,6.394999980926514,6.409999847412109,6.389999866485596,6.40500020980835,91909,0.0,0.0
2023-03-30 14:30:00-04:00,6.409999847412109,6.420000076293945,6.389999866485596,6.414999961853027,58806,0.0,0.0
2023-03-30 15:30:00-04:00,6.409999847412109,6.420000076293945,6.389999866485596,6.414999961853027,29615,0.0,0.0
2023-03-31 09:30:00-04:00,6.46999979019165,6.554999828338623,6.454999923706055,6.545000076293945,147478,0.0,0.0
2023-03-31 10:30:00-04:00,6.550000190734863,6.599999904632568,6.539899826049805,6.599999904632568,88497,0.0,0.0
2023-03-31 11:30:00-04:00,6.599999904632568,6.639999866485596,6.599999904632568,6.614999771118164,52061,0.0,0.0
2023-03-31 12:30:00-04:00,6.614999771118164,6.635000228881836,6.579999923706055,6.585000038146973,122123,0.0,0.0
2023-03-31 13:30:00-04:00,6.580999851226807,6.630000114440918,6.579999923706055,6.630000114440918,66353,0.0,0.0
2023-03-31 14:30:00-04:00,6.630000114440918,6.65500020980835,6.619999885559082,6.644999980926514,98047,0.0,0.0
2023-03-31 15:30:00-04:00,6.644999980926514,6.650000095367432,6.559999942779541,6.579999923706055,132050,0.0,0.0
2023-04-03 09:30:00-04:00,6.659999847412109,6.712200164794922,6.644999980926514,6.670000076293945,149071,0.0,0.0
2023-04-03 10:30:00-04:00,6.679999828338623,6.679999828338623,6.630000114440918,6.635000228881836,79242,0.0,0.0
2023-04-03 11:30:00-04:00,6.635000228881836,6.650000095367432,6.599999904632568,6.619999885559082,76526,0.0,0.0
2023-04-03 12:30:00-04:00,6.619999885559082,6.619999885559082,6.579999923706055,6.59499979019165,78537,0.0,0.0
2023-04-03 13:30:00-04:00,6.59499979019165,6.599999904632568,6.552499771118164,6.554999828338623,56633,0.0,0.0
2023-04-03 14:30:00-04:00,6.559999942779541,6.579999923706055,6.559999942779541,6.579999923706055,81656,0.0,0.0
2023-04-03 15:30:00-04:00,6.579999923706055,6.579999923706055,6.53000020980835,6.550000190734863,61124,0.0,0.0
2023-04-04 09:30:00-04:00,6.579999923706055,6.579999923706055,6.510000228881836,6.519999980926514,0,0.0,0.0
2023-04-04 10:30:00-04:00,6.523600101470947,6.53000020980835,6.440000057220459,6.465000152587891,66823,0.0,0.0
2023-04-04 11:30:00-04:00,6.480000019073486,6.5,6.434999942779541,6.480000019073486,52018,0.0,0.0
2023-04-04 12:30:00-04:00,6.480000019073486,6.489999771118164,6.449999809265137,6.461100101470947,39143,0.0,0.0
2023-04-04 13:30:00-04:00,6.460000038146973,6.460000038146973,6.400000095367432,6.401299953460693,27156,0.0,0.0
2023-04-04 14:30:00-04:00,6.40500020980835,6.409999847412109,6.380000114440918,6.389900207519531,78297,0.0,0.0
2023-04-04 15:30:00-04:00,6.389999866485596,6.400000095367432,6.380000114440918,6.389999866485596,28362,0.0,0.0
2023-04-05 09:30:00-04:00,6.349999904632568,6.422999858856201,6.329999923706055,6.389999866485596,92792,0.0,0.0
2023-04-05 10:30:00-04:00,6.389999866485596,6.389999866485596,6.349999904632568,6.375,45429,0.0,0.0
2023-04-05 11:30:00-04:00,6.375,6.418900012969971,6.360000133514404,6.400000095367432,77928,0.0,0.0
2023-04-05 12:30:00-04:00,6.409999847412109,6.440000057220459,6.394999980926514,6.425000190734863,38660,0.0,0.0
2023-04-05 13:30:00-04:00,6.425000190734863,6.429999828338623,6.410999774932861,6.414999961853027,8192,0.0,0.0
2023-04-05 14:30:00-04:00,6.409999847412109,6.439899921417236,6.409999847412109,6.434999942779541,24509,0.0,0.0
2023-04-05 15:30:00-04:00,6.434999942779541,6.449999809265137,6.429999828338623,6.445000171661377,16227,0.0,0.0
2023-04-06 09:30:00-04:00,6.449999809265137,6.467599868774414,6.449999809265137,6.449999809265137,29149,0.0,0.0
2023-04-06 10:30:00-04:00,6.455599784851074,6.460000038146973,6.449999809265137,6.460000038146973,14040,0.0,0.0
2023-04-06 11:30:00-04:00,6.460000038146973,6.480000019073486,6.449999809265137,6.460999965667725,27766,0.0,0.0
2023-04-06 12:30:00-04:00,6.465000152587891,6.494999885559082,6.465000152587891,6.489999771118164,65921,0.0,0.0
2023-04-06 13:30:00-04:00,6.485000133514404,6.489999771118164,6.480000019073486,6.480100154876709,6001,0.0,0.0
2023-04-06 14:30:00-04:00,6.485000133514404,6.485000133514404,6.449999809265137,6.454599857330322,42215,0.0,0.0
2023-04-06 15:30:00-04:00,6.454999923706055,6.480000019073486,6.449999809265137,6.480000019073486,42546,0.0,0.0
2023-04-10 09:30:00-04:00,6.489999771118164,6.5,6.454999923706055,6.480100154876709,90480,0.0,0.0
2023-04-10 10:30:00-04:00,6.488999843597412,6.5,6.480000019073486,6.485000133514404,16746,0.0,0.0
2023-04-10 11:30:00-04:00,6.485000133514404,6.489999771118164,6.429999828338623,6.434500217437744,42573,0.0,0.0
2023-04-10 12:30:00-04:00,6.434999942779541,6.460000038146973,6.429999828338623,6.449999809265137,17323,0.0,0.0
2023-04-10 13:30:00-04:00,6.458499908447266,6.460000038146973,6.440000057220459,6.45989990234375,56646,0.0,0.0
2023-04-10 14:30:00-04:00,6.449999809265137,6.460000038146973,6.440100193023682,6.449999809265137,34239,0.0,0.0
2023-04-10 15:30:00-04:00,6.454999923706055,6.46999979019165,6.45359992980957,6.46999979019165,33725,0.0,0.0
2023-04-11 09:30:00-04:00,6.510000228881836,6.53000020980835,6.489999771118164,6.494999885559082,31171,0.0,0.0
2023-04-11 10:30:00-04:00,6.494999885559082,6.494999885559082,6.449999809265137,6.485000133514404,66944,0.0,0.0
2023-04-11 11:30:00-04:00,6.485000133514404,6.4899001121521,6.480000019073486,6.480000019073486,23737,0.0,0.0
2023-04-11 12:30:00-04:00,6.480400085449219,6.489999771118164,6.480000019073486,6.485000133514404,19411,0.0,0.0
2023-04-11 13:30:00-04:00,6.485000133514404,6.489999771118164,6.480000019073486,6.485000133514404,12363,0.0,0.0
2023-04-11 14:30:00-04:00,6.480000019073486,6.510000228881836,6.480000019073486,6.510000228881836,59966,0.0,0.0
2023-04-11 15:30:00-04:00,6.519999980926514,6.519999980926514,6.489999771118164,6.510000228881836,23787,0.0,0.0
2023-04-12 09:30:00-04:00,6.559999942779541,6.579999923706055,6.530200004577637,6.534599781036377,0,0.0,0.0
2023-04-12 10:30:00-04:00,6.53000020980835,6.534999847412109,6.5,6.510000228881836,26038,0.0,0.0
2023-04-12 11:30:00-04:00,6.510000228881836,6.53000020980835,6.510000228881836,6.519000053405762,12745,0.0,0.0
2023-04-12 12:30:00-04:00,6.514999866485596,6.525000095367432,6.489999771118164,6.5,37574,0.0,0.0
2023-04-12 13:30:00-04:00,6.5,6.525000095367432,6.494999885559082,6.514999866485596,46950,0.0,0.0
2023-04-12 14:30:00-04:00,6.514999866485596,6.526800155639648,6.510000228881836,6.514999866485596,28731,0.0,0.0
2023-04-12 15:30:00-04:00,6.519999980926514,6.53000020980835,6.510000228881836,6.53000020980835,19765,0.0,0.0
2023-04-13 09:30:00-04:00,6.519999980926514,6.519999980926514,6.488999843597412,6.510000228881836,0,0.0,0.0
2023-04-13 10:30:00-04:00,6.5,6.510000228881836,6.5,6.5,12357,0.0,0.0
2023-04-13 11:30:00-04:00,6.505000114440918,6.510000228881836,6.489999771118164,6.5,40497,0.0,0.0
2023-04-13 12:30:00-04:00,6.510000228881836,6.519999980926514,6.5,6.5,55158,0.0,0.0
2023-04-13 13:30:00-04:00,6.5,6.510000228881836,6.480000019073486,6.494999885559082,43082,0.0,0.0
2023-04-13 14:30:00-04:00,6.499899864196777,6.5,6.489999771118164,6.494999885559082,13792,0.0,0.0
2023-04-13 15:30:00-04:00,6.494999885559082,6.5,6.489999771118164,6.489999771118164,31771,0.0,0.0
2023-04-14 09:30:00-04:00,6.53000020980835,6.53000020980835,6.420000076293945,6.420000076293945,0,0.0,0.0
2023-04-14 10:30:00-04:00,6.420000076293945,6.440000057220459,6.410600185394287,6.420000076293945,51956,0.0,0.0
2023-04-14 11:30:00-04:00,6.425000190734863,6.440000057220459,6.420000076293945,6.429999828338623,46489,0.0,0.0
2023-04-14 12:30:00-04:00,6.428899765014648,6.429999828338623,6.41379976272583,6.414999961853027,38230,0.0,0.0
2023-04-14 13:30:00-04:00,6.409999847412109,6.420000076293945,6.400000095367432,6.420000076293945,60438,0.0,0.0
2023-04-14 14:30:00-04:00,6.410900115966797,6.420000076293945,6.400000095367432,6.414999961853027,17019,0.0,0.0
2023-04-14 15:30:00-04:00,6.414999961853027,6.420000076293945,6.400000095367432,6.414999961853027,45462,0.0,0.0
2023-04-17 09:30:00-04:00,6.429999828338623,6.440000057220459,6.409999847412109,6.420000076293945,0,0.0,0.0
2023-04-17 10:30:00-04:00,6.4120001792907715,6.420000076293945,6.40500020980835,6.409299850463867,37736,0.0,0.0
2023-04-17 11:30:00-04:00,6.408699989318848,6.420000076293945,6.389999866485596,6.420000076293945,72604,0.0,0.0
2023-04-17 12:30:00-04:00,6.420000076293945,6.420000076293945,6.409999847412109,6.409999847412109,32202,0.0,0.0
2023-04-17 13:30:00-04:00,6.414999961853027,6.420000076293945,6.400000095367432,6.419000148773193,38497,0.0,0.0
2023-04-17 14:30:00-04:00,6.414999961853027,6.420000076293945,6.412799835205078,6.414999961853027,7868,0.0,0.0
2023-04-17 15:30:00-04:00,6.414999961853027,6.420000076293945,6.411799907684326,6.420000076293945,31763,0.0,0.0
2023-04-18 09:30:00-04:00,6.460000038146973,6.46999979019165,6.460000038146973,6.461299896240234,0,0.0,0.0
2023-04-18 10:30:00-04:00,6.464900016784668,6.5,6.460000038146973,6.468900203704834,128957,0.0,0.0
2023-04-18 11:30:00-04:00,6.464700222015381,6.480000019073486,6.461400032043457,6.46999979019165,28082,0.0,0.0
2023-04-18 12:30:00-04:00,6.46999979019165,6.474999904632568,6.460000038146973,6.46999979019165,15352,0.0,0.0
2023-04-18 13:30:00-04:00,6.46999979019165,6.46999979019165,6.460000038146973,6.467700004577637,18576,0.0,0.0
2023-04-18 14:30:00-04:00,6.468200206756592,6.474999904632568,6.460100173950195,6.46999979019165,118564,0.0,0.0
2023-04-18 15:30:00-04:00,6.46999979019165,6.46999979019165,6.460000038146973,6.465000152587891,11015,0.0,0.0
2023-04-19 09:30:00-04:00,6.420000076293945,6.440000057220459,6.420000076293945,6.421000003814697,43206,0.0,0.0
2023-04-19 10:30:00-04:00,6.425000190734863,6.425000190734863,6.389999866485596,6.389999866485596,82242,0.0,0.0
2023-04-19 11:30:00-04:00,6.385000228881836,6.389999866485596,6.369999885559082,6.369999885559082,50897,0.0,0.0
2023-04-19 12:30:00-04:00,6.370100021362305,6.380000114440918,6.369999885559082,6.375,19442,0.0,0.0
2023-04-19 13:30:00-04:00,6.369999885559082,6.380000114440918,6.369999885559082,6.375,20812,0.0,0.0
2023-04-19 14:30:00-04:00,6.369999885559082,6.379000186920166,6.369999885559082,6.378699779510498,19071,0.0,0.0
2023-04-19 15:30:00-04:00,6.375,6.375,6.369999885559082,6.369999885559082,34216,0.0,0.0
2023-04-20 09:30:00-04:00,6.389999866485596,6.400000095367432,6.369999885559082,6.394999980926514,38201,0.0,0.0
2023-04-20 10:30:00-04:00,6.394999980926514,6.400000095367432,6.380000114440918,6.389900207519531,20312,0.0,0.0
2023-04-20 11:30:00-04:00,6.389900207519531,6.400000095367432,6.389900207519531,6.391200065612793,54373,0.0,0.0
2023-04-20 12:30:00-04:00,6.400000095367432,6.400000095367432,6.389999866485596,6.400000095367432,11591,0.0,0.0
2023-04-20 13:30:00-04:00,6.400000095367432,6.400000095367432,6.3902997970581055,6.400000095367432,8174,0.0,0.0
2023-04-20 14:30:00-04:00,6.400000095367432,6.400000095367432,6.369999885559082,6.369999885559082,37710,0.0,0.0
2023-04-20 15:30:00-04:00,6.37529993057251,6.378699779510498,6.360000133514404,6.369999885559082,30833,0.0,0.0
2023-04-21 09:30:00-04:00,6.380000114440918,6.389999866485596,6.360000133514404,6.380000114440918,37891,0.0,0.0
2023-04-21 10:30:00-04:00,6.379899978637695,6.380000114440918,6.370100021362305,6.380000114440918,43584,0.0,0.0
2023-04-21 11:30:00-04:00,6.375,6.380000114440918,6.360000133514404,6.364999771118164,28802,0.0,0.0
2023-04-21 12:30:00-04:00,6.3618998527526855,6.369999885559082,6.349999904632568,6.360000133514404,45585,0.0,0.0
2023-04-21 13:30:00-04:00,6.369900226593018,6.380000114440918,6.360000133514404,6.364999771118164,25868,0.0,0.0
2023-04-21 14:30:00-04:00,6.364999771118164,6.369999885559082,6.361199855804443,6.364999771118164,14497,0.0,0.0
2023-04-21 15:30:00-04:00,6.364999771118164,6.369999885559082,6.355000019073486,6.360000133514404,75279,0.0,0.0
2023-04-24 09:30:00-04:00,6.389999866485596,6.440000057220459,6.384300231933594,6.385000228881836,0,0.0,0.0
2023-04-24 10:30:00-04:00,6.385000228881836,6.385300159454346,6.360000133514404,6.364999771118164,118295,0.0,0.0
2023-04-24 11:30:00-04:00,6.361999988555908,6.378799915313721,6.360000133514404,6.375,16172,0.0,0.0
2023-04-24 12:30:00-04:00,6.3790998458862305,6.380000114440918,6.364999771118164,6.369999885559082,12414,0.0,0.0
2023-04-24 13:30:00-04:00,6.369200229644775,6.369999885559082,6.364999771118164,6.367700099945068,2772,0.0,0.0
2023-04-24 14:30:00-04:00,6.364999771118164,6.389999866485596,6.360000133514404,6.375,91727,0.0,0.0
2023-04-24 15:30:00-04:00,6.372700214385986,6.378699779510498,6.360000133514404,6.369999885559082,14763,0.0,0.0
2023-04-25 09:30:00-04:00,6.360000133514404,6.380000114440918,6.289999961853027,6.315000057220459,141096,0.0,0.0
2023-04-25 10:30:00-04:00,6.310100078582764,6.320000171661377,6.309999942779541,6.315000057220459,29096,0.0,0.0
2023-04-25 11:30:00-04:00,6.309999942779541,6.320000171661377,6.304999828338623,6.320000171661377,64672,0.0,0.0
2023-04-25 12:30:00-04:00,6.315000057220459,6.34499979019165,6.315000057220459,6.320000171661377,63251,0.0,0.0
2023-04-25 13:30:00-04:00,6.324999809265137,6.340000152587891,6.320000171661377,6.340000152587891,33648,0.0,0.0
2023-04-25 14:30:00-04:00,6.340000152587891,6.3460001945495605,6.329999923706055,6.335000038146973,94258,0.0,0.0
2023-04-25 15:30:00-04:00,6.335000038146973,6.349999904632568,6.329999923706055,6.340000152587891,18660,0.0,0.0
2023-04-26 09:30:00-04:00,6.329999923706055,6.34499979019165,6.320000171661377,6.320000171661377,0,0.0,0.0
2023-04-26 10:30:00-04:00,6.32889986038208,6.329999923706055,6.309999942779541,6.324999809265137,65130,0.0,0.0
2023-04-26 11:30:00-04:00,6.329999923706055,6.329999923706055,6.324999809265137,6.329999923706055,23258,0.0,0.0
2023-04-26 12:30:00-04:00,6.329999923706055,6.329999923706055,6.309999942779541,6.309999942779541,38129,0.0,0.0
2023-04-26 13:30:00-04:00,6.315000057220459,6.320000171661377,6.309999942779541,6.315000057220459,46277,0.0,0.0
2023-04-26 14:30:00-04:00,6.317500114440918,6.317500114440918,6.266200065612793,6.266200065612793,99674,0.0,0.0
2023-04-26 15:30:00-04:00,6.264999866485596,6.320000171661377,6.264999866485596,6.304999828338623,143314,0.0,0.0
2023-04-27 09:30:00-04:00,6.380000114440918,6.380000114440918,6.320000171661377,6.324999809265137,0,0.0,0.0
2023-04-27 10:30:00-04:00,6.329999923706055,6.340000152587891,6.321199893951416,6.335000038146973,33126,0.0,0.0
2023-04-27 11:30:00-04:00,6.335000038146973,6.340000152587891,6.324999809265137,6.335599899291992,31139,0.0,0.0
2023-04-27 12:30:00-04:00,6.335000038146973,6.355000019073486,6.335000038146973,6.349999904632568,66813,0.0,0.0
2023-04-27 13:30:00-04:00,6.349999904632568,6.380000114440918,6.349999904632568,6.36299991607666,61526,0.0,0.0
2023-04-27 14:30:00-04:00,6.369999885559082,6.369999885559082,6.360000133514404,6.360000133514404,22418,0.0,0.0
2023-04-27 15:30:00-04:00,6.360000133514404,6.369999885559082,6.360000133514404,6.360000133514404,82042,0.0,0.0
2023-04-28 09:30:00-04:00,6.440000057220459,6.449999809265137,6.406300067901611,6.449999809265137,32907,0.0,0.0
2023-04-28 10:30:00-04:00,6.445000171661377,6.449999809265137,6.440000057220459,6.449999809265137,15169,0.0,0.0
2023-04-28 11:30:00-04:00,6.449999809265137,6.449999809265137,6.440000057220459,6.440000057220459,45240,0.0,0.0
2023-04-28 12:30:00-04:00,6.435999870300293,6.440000057220459,6.429999828338623,6.434999942779541,30092,0.0,0.0
2023-04-28 13:30:00-04:00,6.440000057220459,6.440000057220459,6.409999847412109,6.414999961853027,34576,0.0,0.0
2023-04-28 14:30:00-04:00,6.414999961853027,6.419899940490723,6.400000095367432,6.414999961853027,43728,0.0,0.0
2023-04-28 15:30:00-04:00,6.414999961853027,6.420000076293945,6.400000095367432,6.409999847412109,47249,0.0,0.0
2023-05-01 09:30:00-04:00,6.46999979019165,6.46999979019165,6.420000076293945,6.42710018157959,150965,0.0,0.0
2023-05-01 10:30:00-04:00,6.423699855804443,6.429999828338623,6.350100040435791,6.375,127878,0.0,0.0
2023-05-01 11:30:00-04:00,6.375,6.389900207519531,6.369999885559082,6.380000114440918,39221,0.0,0.0
2023-05-01 12:30:00-04:00,6.385000228881836,6.389999866485596,6.375,6.385000228881836,31420,0.0,0.0
2023-05-01 13:30:00-04:00,6.383900165557861,6.386000156402588,6.360000133514404,6.375,86167,0.0,0.0
2023-05-01 14:30:00-04:00,6.376200199127197,6.380000114440918,6.349999904632568,6.375,68285,0.0,0.0
2023-05-01 15:30:00-04:00,6.380000114440918,6.400000095367432,6.369999885559082,6.385000228881836,42826,0.0,0.0
2023-05-02 09:30:00-04:00,6.380000114440918,6.380000114440918,6.309999942779541,6.319900035858154,74715,0.0,0.0
2023-05-02 10:30:00-04:00,6.304999828338623,6.340000152587891,6.28000020980835,6.284999847412109,113033,0.0,0.0
2023-05-02 11:30:00-04:00,6.283599853515625,6.309999942779541,6.28000020980835,6.289999961853027,38960,0.0,0.0
2023-05-02 12:30:00-04:00,6.300099849700928,6.309999942779541,6.289999961853027,6.29010009765625,25885,0.0,0.0
2023-05-02 13:30:00-04:00,6.295000076293945,6.320000171661377,6.289999961853027,6.304999828338623,44835,0.0,0.0
2023-05-02 14:30:00-04:00,6.304999828338623,6.309999942779541,6.300000190734863,6.304999828338623,40012,0.0,0.0
2023-05-02 15:30:00-04:00,6.300000190734863,6.329999923706055,6.300000190734863,6.324999809265137,49937,0.0,0.0
2023-05-03 09:30:00-04:00,6.300000190734863,6.329999923706055,6.269999980926514,6.315000057220459,125211,0.0,0.0
2023-05-03 10:30:00-04:00,6.315000057220459,6.315000057220459,6.269999980926514,6.284999847412109,42573,0.0,0.0
2023-05-03 11:30:00-04:00,6.280099868774414,6.300000190734863,6.264800071716309,6.264800071716309,38799,0.0,0.0
2023-05-03 12:30:00-04:00,6.26200008392334,6.269899845123291,6.239999771118164,6.25,47001,0.0,0.0
2023-05-03 13:30:00-04:00,6.260000228881836,6.287499904632568,6.252699851989746,6.269999980926514,63051,0.0,0.0
2023-05-03 14:30:00-04:00,6.269999980926514,6.285999774932861,6.25,6.255000114440918,31783,0.0,0.0
2023-05-03 15:30:00-04:00,6.255000114440918,6.255000114440918,6.210000038146973,6.210000038146973,52313,0.0,0.0
2023-05-04 09:30:00-04:00,6.179999828338623,6.199999809265137,6.110000133514404,6.159999847412109,147146,0.0,0.0
2023-05-04 10:30:00-04:00,6.159999847412109,6.175000190734863,6.135000228881836,6.159999847412109,71498,0.0,0.0
2023-05-04 11:30:00-04:00,6.150000095367432,6.175000190734863,6.150000095367432,6.175000190734863,49860,0.0,0.0
2023-05-04 12:30:00-04:00,6.175000190734863,6.175000190734863,6.159999847412109,6.164999961853027,31604,0.0,0.0
2023-05-04 13:30:00-04:00,6.159999847412109,6.170000076293945,6.150000095367432,6.15500020980835,17510,0.0,0.0
2023-05-04 14:30:00-04:00,6.15500020980835,6.15500020980835,6.130000114440918,6.135000228881836,52209,0.0,0.0
2023-05-04 15:30:00-04:00,6.135000228881836,6.159999847412109,6.130000114440918,6.159999847412109,55898,0.0,0.0
2023-05-05 09:30:00-04:00,6.179999828338623,6.210000038146973,6.179999828338623,6.195000171661377,54172,0.0,0.0
2023-05-05 10:30:00-04:00,6.192500114440918,6.199900150299072,6.184999942779541,6.191999912261963,56343,0.0,0.0
2023-05-05 11:30:00-04:00,6.190000057220459,6.199999809265137,6.190000057220459,6.195000171661377,62810,0.0,0.0
2023-05-05 12:30:00-04:00,6.192500114440918,6.199999809265137,6.190000057220459,6.195000171661377,20818,0.0,0.0
2023-05-05 13:30:00-04:00,6.199999809265137,6.199999809265137,6.179999828338623,6.195000171661377,35771,0.0,0.0
2023-05-05 14:30:00-04:00,6.192500114440918,6.205100059509277,6.190000057220459,6.204999923706055,34759,0.0,0.0
2023-05-05 15:30:00-04:00,6.204999923706055,6.230000019073486,6.199999809265137,6.224999904632568,33113,0.0,0.0
2023-05-08 09:30:00-04:00,6.21999979019165,6.239999771118164,6.199999809265137,6.204999923706055,0,0.0,0.0
2023-05-08 10:30:00-04:00,6.204999923706055,6.2154998779296875,6.190000057220459,6.190000057220459,24513,0.0,0.0
2023-05-08 11:30:00-04:00,6.199900150299072,6.199999809265137,6.190000057220459,6.190000057220459,7136,0.0,0.0
2023-05-08 12:30:00-04:00,6.195000171661377,6.195000171661377,6.179999828338623,6.180600166320801,60269,0.0,0.0
2023-05-08 13:30:00-04:00,6.179999828338623,6.184999942779541,6.159999847412109,6.159999847412109,111295,0.0,0.0
2023-05-08 14:30:00-04:00,6.160099983215332,6.166999816894531,6.139999866485596,6.139999866485596,59563,0.0,0.0
2023-05-08 15:30:00-04:00,6.139999866485596,6.159999847412109,6.139999866485596,6.159999847412109,50948,0.0,0.0
2023-05-09 09:30:00-04:00,6.130000114440918,6.159999847412109,6.105000019073486,6.154799938201904,0,0.0,0.0
2023-05-09 10:30:00-04:00,6.15500020980835,6.175000190734863,6.151000022888184,6.170000076293945,28649,0.0,0.0
2023-05-09 11:30:00-04:00,6.179900169372559,6.179999828338623,6.159999847412109,6.160099983215332,74957,0.0,0.0
2023-05-09 12:30:00-04:00,6.159999847412109,6.170000076293945,6.159999847412109,6.169899940490723,13588,0.0,0.0
2023-05-09 13:30:00-04:00,6.164999961853027,6.179999828338623,6.159999847412109,6.170000076293945,33305,0.0,0.0
2023-05-09 14:30:00-04:00,6.175000190734863,6.175000190734863,6.159999847412109,6.159999847412109,20478,0.0,0.0
2023-05-09 15:30:00-04:00,6.159999847412109,6.170000076293945,6.159999847412109,6.170000076293945,26872,0.0,0.0
2023-05-10 09:30:00-04:00,6.190000057220459,6.199999809265137,6.139999866485596,6.139999866485596,68310,0.0,0.0
2023-05-10 10:30:00-04:00,6.139999866485596,6.159999847412109,6.119999885559082,6.119999885559082,126968,0.0,0.0
2023-05-10 11:30:00-04:00,6.119999885559082,6.139999866485596,6.119999885559082,6.130000114440918,26261,0.0,0.0
2023-05-10 12:30:00-04:00,6.130000114440918,6.139999866485596,6.119999885559082,6.130000114440918,77697,0.0,0.0
2023-05-10 13:30:00-04:00,6.125,6.135000228881836,6.114999771118164,6.114999771118164,53195,0.0,0.0
2023-05-10 14:30:00-04:00,6.114999771118164,6.130000114440918,6.110000133514404,6.119999885559082,28862,0.0,0.0
2023-05-10 15:30:00-04:00,6.119999885559082,6.130000114440918,6.099999904632568,6.099999904632568,82862,0.0,0.0
2023-05-11 09:30:00-04:00,6.110000133514404,6.130000114440918,6.085000038146973,6.110000133514404,72881,0.0,0.0
2023-05-11 10:30:00-04:00,6.110000133514404,6.110000133514404,6.099999904632568,6.107500076293945,14168,0.0,0.0
2023-05-11 11:30:00-04:00,6.105000019073486,6.107500076293945,6.090000152587891,6.094600200653076,38719,0.0,0.0
2023-05-11 12:30:00-04:00,6.099999904632568,6.099999904632568,6.079999923706055,6.085000038146973,31165,0.0,0.0
2023-05-11 13:30:00-04:00,6.085000038146973,6.087500095367432,6.050000190734863,6.054999828338623,32535,0.0,0.0
2023-05-11 14:30:00-04:00,6.054999828338623,6.054999828338623,6.019999980926514,6.039999961853027,115661,0.0,0.0
2023-05-11 15:30:00-04:00,6.045499801635742,6.090000152587891,6.045499801635742,6.079999923706055,46325,0.0,0.0
2023-05-12 09:30:00-04:00,6.059999942779541,6.090000152587891,6.0,6.008999824523926,0,0.0,0.0
2023-05-12 10:30:00-04:00,6.009200096130371,6.009200096130371,5.960000038146973,5.980000019073486,128765,0.0,0.0
2023-05-12 11:30:00-04:00,5.980000019073486,5.989299774169922,5.96999979019165,5.974999904632568,36336,0.0,0.0
2023-05-12 12:30:00-04:00,5.96999979019165,5.980000019073486,5.960000038146973,5.960000038146973,24449,0.0,0.0
2023-05-12 13:30:00-04:00,5.960000038146973,5.96999979019165,5.949999809265137,5.954999923706055,36999,0.0,0.0
2023-05-12 14:30:00-04:00,5.949999809265137,5.96999979019165,5.949999809265137,5.961999893188477,46318,0.0,0.0
2023-05-12 15:30:00-04:00,5.969600200653076,5.980000019073486,5.960000038146973,5.980000019073486,36179,0.0,0.0
2023-05-15 09:30:00-04:00,5.989999771118164,6.0,5.9653000831604,5.980000019073486,0,0.0,0.0
2023-05-15 10:30:00-04:00,5.989999771118164,6.0,5.984000205993652,5.995200157165527,59120,0.0,0.0
2023-05-15 11:30:00-04:00,5.989999771118164,6.019999980926514,5.989999771118164,6.014999866485596,62646,0.0,0.0
2023-05-15 12:30:00-04:00,6.010700225830078,6.029900074005127,6.010000228881836,6.025000095367432,23243,0.0,0.0
2023-05-15 13:30:00-04:00,6.025000095367432,6.03000020980835,6.019999980926514,6.020100116729736,36533,0.0,0.0
2023-05-15 14:30:00-04:00,6.022200107574463,6.039999961853027,6.019999980926514,6.039999961853027,63205,0.0,0.0
2023-05-15 15:30:00-04:00,6.039999961853027,6.050000190734863,6.03000020980835,6.050000190734863,29649,0.0,0.0
2023-05-16 09:30:00-04:00,6.03000020980835,6.03000020980835,5.994999885559082,6.014999866485596,0,0.0,0.0
2023-05-16 10:30:00-04:00,6.014999866485596,6.019999980926514,6.010000228881836,6.010000228881836,36017,0.0,0.0
2023-05-16 11:30:00-04:00,6.010000228881836,6.019999980926514,6.010000228881836,6.014999866485596,52755,0.0,0.0
2023-05-16 12:30:00-04:00,6.015200138092041,6.019999980926514,6.010000228881836,6.014999866485596,22215,0.0,0.0
2023-05-16 13:30:00-04:00,6.0100998878479,6.014999866485596,6.005000114440918,6.005000114440918,19927,0.0,0.0
2023-05-16 14:30:00-04:00,6.005000114440918,6.010000228881836,5.980000019073486,5.985000133514404,74379,0.0,0.0
2023-05-16 15:30:00-04:00,5.985000133514404,5.989999771118164,5.980000019073486,5.980000019073486,27119,0.0,0.0
2023-05-17 09:30:00-04:00,6.0,6.010000228881836,5.980000019073486,6.010000228881836,172328,0.0,0.0
2023-05-17 10:30:00-04:00,6.010000228881836,6.050000190734863,6.0,6.03000020980835,126429,0.0,0.0
2023-05-17 11:30:00-04:00,6.03000020980835,6.070000171661377,6.03000020980835,6.060999870300293,87642,0.0,0.0
2023-05-17 12:30:00-04:00,6.070000171661377,6.079999923706055,6.062600135803223,6.074999809265137,61409,0.0,0.0
2023-05-17 13:30:00-04:00,6.079999923706055,6.079999923706055,6.070000171661377,6.079999923706055,56209,0.0,0.0
2023-05-17 14:30:00-04:00,6.079999923706055,6.090000152587891,6.070000171661377,6.085000038146973,47918,0.0,0.0
2023-05-17 15:30:00-04:00,6.090000152587891,6.090000152587891,6.059999942779541,6.079999923706055,87043,0.0,0.0
2023-05-18 09:30:00-04:00,6.079999923706055,6.12470006942749,6.069300174713135,6.110000133514404,0,0.0,0.0
2023-05-18 10:30:00-04:00,6.119999885559082,6.130000114440918,6.099999904632568,6.119999885559082,95852,0.0,0.0
2023-05-18 11:30:00-04:00,6.125,6.130000114440918,6.099999904632568,6.105000019073486,56479,0.0,0.0
2023-05-18 12:30:00-04:00,6.105000019073486,6.119999885559082,6.099999904632568,6.119999885559082,15025,0.0,0.0
2023-05-18 13:30:00-04:00,6.114999771118164,6.119100093841553,6.100100040435791,6.109000205993652,27702,0.0,0.0
2023-05-18 14:30:00-04:00,6.105000019073486,6.119999885559082,6.099999904632568,6.105000019073486,49550,0.0,0.0
2023-05-18 15:30:00-04:00,6.105000019073486,6.130000114440918,6.105000019073486,6.130000114440918,65282,0.0,0.0
2023-05-19 09:30:00-04:00,6.159999847412109,6.179999828338623,6.130000114440918,6.144999980926514,0,0.0,0.0
2023-05-19 10:30:00-04:00,6.148900032043457,6.159999847412109,6.139999866485596,6.144999980926514,66806,0.0,0.0
2023-05-19 11:30:00-04:00,6.139999866485596,6.150000095367432,6.130000114440918,6.144999980926514,34954,0.0,0.0
2023-05-19 12:30:00-04:00,6.144999980926514,6.150000095367432,6.139999866485596,6.147900104522705,20819,0.0,0.0
2023-05-19 13:30:00-04:00,6.14900016784668,6.15880012512207,6.139999866485596,6.155399799346924,32181,0.0,0.0
2023-05-19 14:30:00-04:00,6.153200149536133,6.179999828338623,6.150000095367432,6.179999828338623,33707,0.0,0.0
2023-05-19 15:30:00-04:00,6.175000190734863,6.190000057220459,6.175000190734863,6.190000057220459,49653,0.0,0.0
2023-05-22 09:30:00-04:00,6.199999809265137,6.224999904632568,6.190000057220459,6.21999979019165,26877,0.0,0.0
2023-05-22 10:30:00-04:00,6.21999979019165,6.21999979019165,6.199999809265137,6.204999923706055,24321,0.0,0.0
2023-05-22 11:30:00-04:00,6.204999923706055,6.230000019073486,6.2027997970581055,6.21999979019165,65841,0.0,0.0
2023-05-22 12:30:00-04:00,6.224999904632568,6.230000019073486,6.210000038146973,6.216700077056885,30884,0.0,0.0
2023-05-22 13:30:00-04:00,6.215000152587891,6.21999979019165,6.199999809265137,6.208600044250488,75895,0.0,0.0
2023-05-22 14:30:00-04:00,6.201499938964844,6.210000038146973,6.170000076293945,6.178899765014648,55904,0.0,0.0
2023-05-22 15:30:00-04:00,6.172800064086914,6.190000057220459,6.170000076293945,6.170000076293945,19163,0.0,0.0
2023-05-23 09:30:00-04:00,6.159999847412109,6.244999885559082,6.159999847412109,6.220099925994873,0,0.0,0.0
2023-05-23 10:30:00-04:00,6.229000091552734,6.269999980926514,6.2210001945495605,6.260000228881836,66478,0.0,0.0
2023-05-23 11:30:00-04:00,6.260000228881836,6.264999866485596,6.25,6.255000114440918,67027,0.0,0.0
2023-05-23 12:30:00-04:00,6.255000114440918,6.260000228881836,6.239999771118164,6.244999885559082,34270,0.0,0.0
2023-05-23 13:30:00-04:00,6.244999885559082,6.25,6.210000038146973,6.215000152587891,46718,0.0,0.0
2023-05-23 14:30:00-04:00,6.210000038146973,6.21999979019165,6.199999809265137,6.199999809265137,54492,0.0,0.0
2023-05-23 15:30:00-04:00,6.199999809265137,6.210000038146973,6.199999809265137,6.199999809265137,43039,0.0,0.0
2023-05-24 09:30:00-04:00,6.21999979019165,6.239999771118164,6.210000038146973,6.21999979019165,68703,0.0,0.0
2023-05-24 10:30:00-04:00,6.21999979019165,6.230000019073486,6.210000038146973,6.218999862670898,34004,0.0,0.0
2023-05-24 11:30:00-04:00,6.216000080108643,6.21999979019165,6.210000038146973,6.210000038146973,116219,0.0,0.0
2023-05-24 12:30:00-04:00,6.210000038146973,6.211999893188477,6.195000171661377,6.199999809265137,75258,0.0,0.0
2023-05-24 13:30:00-04:00,6.190000057220459,6.199999809265137,6.190000057220459,6.199999809265137,14097,0.0,0.0
2023-05-24 14:30:00-04:00,6.195000171661377,6.215000152587891,6.190000057220459,6.210000038146973,30286,0.0,0.0
2023-05-24 15:30:00-04:00,6.215000152587891,6.21999979019165,6.199999809265137,6.199999809265137,33892,0.0,0.0
2023-05-25 09:30:00-04:00,6.230000019073486,6.230000019073486,6.179999828338623,6.184999942779541,0,0.0,0.0
2023-05-25 10:30:00-04:00,6.188000202178955,6.215000152587891,6.188000202178955,6.204999923706055,59504,0.0,0.0
2023-05-25 11:30:00-04:00,6.204999923706055,6.230000019073486,6.190100193023682,6.215099811553955,59947,0.0,0.0
2023-05-25 12:30:00-04:00,6.215000152587891,6.218100070953369,6.210000038146973,6.215000152587891,10059,0.0,0.0
2023-05-25 13:30:00-04:00,6.21999979019165,6.21999979019165,6.190000057220459,6.190000057220459,45642,0.0,0.0
2023-05-25 14:30:00-04:00,6.195000171661377,6.204999923706055,6.179999828338623,6.204999923706055,52125,0.0,0.0
2023-05-25 15:30:00-04:00,6.204999923706055,6.210000038146973,6.199999809265137,6.210000038146973,24489,0.0,0.0
2023-05-26 09:30:00-04:00,6.179999828338623,6.255000114440918,6.179999828338623,6.255000114440918,0,0.0,0.0
2023-05-26 10:30:00-04:00,6.255000114440918,6.269999980926514,6.239999771118164,6.244999885559082,52031,0.0,0.0
2023-05-26 11:30:00-04:00,6.244999885559082,6.275000095367432,6.244999885559082,6.275000095367432,17803,0.0,0.0
2023-05-26 12:30:00-04:00,6.275000095367432,6.275000095367432,6.260000228881836,6.269999980926514,25528,0.0,0.0
2023-05-26 13:30:00-04:00,6.269999980926514,6.289999961853027,6.262499809265137,6.281300067901611,20468,0.0,0.0
2023-05-26 14:30:00-04:00,6.289999961853027,6.300000190734863,6.269999980926514,6.28000020980835,47988,0.0,0.0
2023-05-26 15:30:00-04:00,6.284999847412109,6.289999961853027,6.28000020980835,6.289999961853027,25190,0.0,0.0
2023-05-30 09:30:00-04:00,6.269999980926514,6.309999942779541,6.269999980926514,6.302199840545654,69988,0.0,0.0
2023-05-30 10:30:00-04:00,6.30079984664917,6.329999923706055,6.289999961853027,6.304999828338623,73050,0.0,0.0
2023-05-30 11:30:00-04:00,6.304999828338623,6.340000152587891,6.304999828338623,6.324999809265137,81591,0.0,0.0
2023-05-30 12:30:00-04:00,6.324999809265137,6.329999923706055,6.300000190734863,6.300000190734863,34476,0.0,0.0
2023-05-30 13:30:00-04:00,6.300000190734863,6.315000057220459,6.289999961853027,6.310999870300293,54692,0.0,0.0
2023-05-30 14:30:00-04:00,6.3119001388549805,6.320000171661377,6.300000190734863,6.304999828338623,65165,0.0,0.0
2023-05-30 15:30:00-04:00,6.304999828338623,6.309999942779541,6.289999961853027,6.289999961853027,21299,0.0,0.0
2023-05-31 09:30:00-04:00,6.269999980926514,6.304999828338623,6.260000228881836,6.266300201416016,0,0.0,0.0
2023-05-31 10:30:00-04:00,6.264999866485596,6.28000020980835,6.24399995803833,6.279799938201904,74956,0.0,0.0
2023-05-31 11:30:00-04:00,6.2758002281188965,6.309999942779541,6.2758002281188965,6.29010009765625,82531,0.0,0.0
2023-05-31 12:30:00-04:00,6.290900230407715,6.300000190734863,6.289999961853027,6.299200057983398,15283,0.0,0.0
2023-05-31 13:30:00-04:00,6.297299861907959,6.300000190734863,6.28000020980835,6.289899826049805,47330,0.0,0.0
2023-05-31 14:30:00-04:00,6.28000020980835,6.300000190734863,6.269999980926514,6.299900054931641,62550,0.0,0.0
2023-05-31 15:30:00-04:00,6.300000190734863,6.309999942779541,6.289999961853027,6.300000190734863,62477,0.0,0.0
2023-06-01 09:30:00-04:00,6.329999923706055,6.349899768829346,6.313000202178955,6.340000152587891,90076,0.0,0.0
2023-06-01 10:30:00-04:00,6.340000152587891,6.365900039672852,6.340000152587891,6.360000133514404,29022,0.0,0.0
2023-06-01 11:30:00-04:00,6.351099967956543,6.375500202178955,6.3506999015808105,6.369999885559082,30526,0.0,0.0
2023-06-01 12:30:00-04:00,6.379000186920166,6.380000114440918,6.369999885559082,6.372499942779541,18020,0.0,0.0
2023-06-01 13:30:00-04:00,6.379899978637695,6.389999866485596,6.371200084686279,6.389900207519531,16622,0.0,0.0
2023-06-01 14:30:00-04:00,6.389999866485596,6.429999828338623,6.385000228881836,6.40500020980835,87724,0.0,0.0
2023-06-01 15:30:00-04:00,6.40500020980835,6.409999847412109,6.389999866485596,6.409999847412109,40712,0.0,0.0
2023-06-02 09:30:00-04:00,6.420000076293945,6.46999979019165,6.420000076293945,6.445000171661377,83859,0.0,0.0
2023-06-02 10:30:00-04:00,6.445000171661377,6.480000019073486,6.440000057220459,6.440100193023682,93781,0.0,0.0
2023-06-02 11:30:00-04:00,6.445000171661377,6.494999885559082,6.440000057220459,6.480000019073486,195399,0.0,0.0
2023-06-02 12:30:00-04:00,6.480000019073486,6.485000133514404,6.46999979019165,6.46999979019165,51083,0.0,0.0
2023-06-02 13:30:00-04:00,6.474999904632568,6.474999904632568,6.429999828338623,6.429999828338623,32071,0.0,0.0
2023-06-02 14:30:00-04:00,6.436299800872803,6.440000057220459,6.429999828338623,6.434999942779541,24986,0.0,0.0
2023-06-02 15:30:00-04:00,6.434999942779541,6.449999809265137,6.429999828338623,6.440000057220459,24969,0.0,0.0
2023-06-05 09:30:00-04:00,6.429999828338623,6.4730000495910645,6.400000095367432,6.409999847412109,0,0.0,0.0
2023-06-05 10:30:00-04:00,6.414999961853027,6.434999942779541,6.409999847412109,6.432499885559082,25272,0.0,0.0
2023-06-05 11:30:00-04:00,6.429999828338623,6.440100193023682,6.429999828338623,6.440100193023682,15654,0.0,0.0
2023-06-05 12:30:00-04:00,6.440199851989746,6.449999809265137,6.440000057220459,6.445000171661377,19186,0.0,0.0
2023-06-05 13:30:00-04:00,6.449900150299072,6.46999979019165,6.440000057220459,6.462200164794922,31306,0.0,0.0
2023-06-05 14:30:00-04:00,6.465000152587891,6.480000019073486,6.449999809265137,6.46999979019165,90135,0.0,0.0
2023-06-05 15:30:00-04:00,6.46999979019165,6.480000019073486,6.46999979019165,6.46999979019165,81750,0.0,0.0
2023-06-06 09:30:00-04:00,6.440000057220459,6.485000133514404,6.440000057220459,6.480000019073486,37931,0.0,0.0
2023-06-06 10:30:00-04:00,6.480000019073486,6.5,6.46999979019165,6.474999904632568,26754,0.0,0.0
2023-06-06 11:30:00-04:00,6.474999904632568,6.480000019073486,6.470099925994873,6.474999904632568,19274,0.0,0.0
2023-06-06 12:30:00-04:00,6.474999904632568,6.485000133514404,6.465000152587891,6.468900203704834,33598,0.0,0.0
2023-06-06 13:30:00-04:00,6.465000152587891,6.468200206756592,6.449999809265137,6.449999809265137,44242,0.0,0.0
2023-06-06 14:30:00-04:00,6.440000057220459,6.460000038146973,6.440000057220459,6.460000038146973,51874,0.0,0.0
2023-06-06 15:30:00-04:00,6.454999923706055,6.480000019073486,6.454999923706055,6.480000019073486,20450,0.0,0.0
2023-06-07 09:30:00-04:00,6.449999809265137,6.53000020980835,6.449999809265137,6.514999866485596,82301,0.0,0.0
2023-06-07 10:30:00-04:00,6.514999866485596,6.519999980926514,6.489999771118164,6.494999885559082,42930,0.0,0.0
2023-06-07 11:30:00-04:00,6.494999885559082,6.53000020980835,6.489999771118164,6.514999866485596,45232,0.0,0.0
2023-06-07 12:30:00-04:00,6.502500057220459,6.514999866485596,6.494999885559082,6.505000114440918,25570,0.0,0.0
2023-06-07 13:30:00-04:00,6.505000114440918,6.505000114440918,6.489999771118164,6.494999885559082,26168,0.0,0.0
2023-06-07 14:30:00-04:00,6.494999885559082,6.5,6.481500148773193,6.485000133514404,32517,0.0,0.0
2023-06-07 15:30:00-04:00,6.485000133514404,6.489999771118164,6.480000019073486,6.480000019073486,14591,0.0,0.0
2023-06-08 09:30:00-04:00,6.480000019073486,6.53000020980835,6.46999979019165,6.514999866485596,107082,0.0,0.0
2023-06-08 10:30:00-04:00,6.514999866485596,6.514999866485596,6.474999904632568,6.480100154876709,42334,0.0,0.0
2023-06-08 11:30:00-04:00,6.483699798583984,6.489999771118164,6.480000019073486,6.48199987411499,7557,0.0,0.0
2023-06-08 12:30:00-04:00,6.485000133514404,6.510000228881836,6.48199987411499,6.505000114440918,24008,0.0,0.0
2023-06-08 13:30:00-04:00,6.5,6.53000020980835,6.489999771118164,6.494999885559082,59998,0.0,0.0
2023-06-08 14:30:00-04:00,6.5,6.519999980926514,6.5,6.519899845123291,39664,0.0,0.0
2023-06-08 15:30:00-04:00,6.5100998878479,6.525000095367432,6.510000228881836,6.514999866485596,31842,0.0,0.0
2023-06-09 09:30:00-04:00,6.570000171661377,6.570000171661377,6.53000020980835,6.546899795532227,91782,0.0,0.0
2023-06-09 10:30:00-04:00,6.539999961853027,6.550000190734863,6.53000020980835,6.539999961853027,26874,0.0,0.0
2023-06-09 11:30:00-04:00,6.540999889373779,6.549900054931641,6.519999980926514,6.53000020980835,39900,0.0,0.0
2023-06-09 12:30:00-04:00,6.519999980926514,6.545000076293945,6.519999980926514,6.539100170135498,27077,0.0,0.0
2023-06-09 13:30:00-04:00,6.534999847412109,6.539999961853027,6.53000020980835,6.537199974060059,13360,0.0,0.0
2023-06-09 14:30:00-04:00,6.5370001792907715,6.5370001792907715,6.510000228881836,6.510000228881836,18236,0.0,0.0
2023-06-09 15:30:00-04:00,6.510000228881836,6.514999866485596,6.5,6.505000114440918,40624,0.0,0.0
2023-06-12 09:30:00-04:00,6.539999961853027,6.550000190734863,6.489999771118164,6.489999771118164,55574,0.0,0.0
2023-06-12 10:30:00-04:00,6.498499870300293,6.5,6.474999904632568,6.499899864196777,49277,0.0,0.0
2023-06-12 11:30:00-04:00,6.489999771118164,6.505000114440918,6.489999771118164,6.494999885559082,38767,0.0,0.0
2023-06-12 12:30:00-04:00,6.489999771118164,6.499100208282471,6.489999771118164,6.489999771118164,25732,0.0,0.0
2023-06-12 13:30:00-04:00,6.489999771118164,6.494999885559082,6.480000019073486,6.485000133514404,28725,0.0,0.0
2023-06-12 14:30:00-04:00,6.480000019073486,6.5,6.480000019073486,6.489999771118164,44787,0.0,0.0
2023-06-12 15:30:00-04:00,6.5,6.510000228881836,6.489999771118164,6.489999771118164,43585,0.0,0.0
2023-06-13 09:30:00-04:00,6.519999980926514,6.539999961853027,6.519999980926514,6.525000095367432,0,0.0,0.0
2023-06-13 10:30:00-04:00,6.525000095367432,6.53000020980835,6.482100009918213,6.489999771118164,69621,0.0,0.0
2023-06-13 11:30:00-04:00,6.482999801635742,6.485000133514404,6.445000171661377,6.454999923706055,63495,0.0,0.0
2023-06-13 12:30:00-04:00,6.459000110626221,6.460000038146973,6.440000057220459,6.45989990234375,40375,0.0,0.0
2023-06-13 13:30:00-04:00,6.454999923706055,6.460000038146973,6.445000171661377,6.449999809265137,53638,0.0,0.0
2023-06-13 14:30:00-04:00,6.454999923706055,6.46999979019165,6.440000057220459,6.460000038146973,52985,0.0,0.0
2023-06-13 15:30:00-04:00,6.460000038146973,6.474999904632568,6.445000171661377,6.465000152587891,49036,0.0,0.0
2023-06-14 09:30:00-04:00,6.449999809265137,6.460000038146973,6.414999961853027,6.414999961853027,0,0.0,0.0
2023-06-14 10:30:00-04:00,6.420000076293945,6.43720006942749,6.420000076293945,6.420000076293945,56967,0.0,0.0
2023-06-14 11:30:00-04:00,6.420000076293945,6.429299831390381,6.400000095367432,6.409999847412109,25671,0.0,0.0
2023-06-14 12:30:00-04:00,6.410999774932861,6.414999961853027,6.409999847412109,6.414999961853027,21422,0.0,0.0
2023-06-14 13:30:00-04:00,6.420000076293945,6.429999828338623,6.394999980926514,6.409900188446045,41706,0.0,0.0
2023-06-14 14:30:00-04:00,6.409999847412109,6.420000076293945,6.400000095367432,6.40500020980835,29994,0.0,0.0
2023-06-14 15:30:00-04:00,6.400000095367432,6.420000076293945,6.389999866485596,6.412700176239014,25124,0.0,0.0
2023-06-15 09:30:00-04:00,6.369999885559082,6.429999828338623,6.369999885559082,6.420000076293945,0,0.0,0.0
2023-06-15 10:30:00-04:00,6.420000076293945,6.440000057220459,6.414999961853027,6.432000160217285,30279,0.0,0.0
2023-06-15 11:30:00-04:00,6.440000057220459,6.474999904632568,6.434999942779541,6.46999979019165,45985,0.0,0.0
2023-06-15 12:30:00-04:00,6.4644999504089355,6.480000019073486,6.460000038146973,6.480000019073486,26314,0.0,0.0
2023-06-15 13:30:00-04:00,6.47629976272583,6.480000019073486,6.460000038146973,6.46999979019165,14795,0.0,0.0
2023-06-15 14:30:00-04:00,6.465000152587891,6.465000152587891,6.449999809265137,6.449999809265137,44050,0.0,0.0
2023-06-15 15:30:00-04:00,6.449999809265137,6.459799766540527,6.449999809265137,6.449999809265137,19902,0.0,0.0
2023-06-16 09:30:00-04:00,6.510000228881836,6.510000228881836,6.409999847412109,6.425000190734863,53375,0.0,0.0
2023-06-16 10:30:00-04:00,6.428699970245361,6.429999828338623,6.409999847412109,6.425000190734863,17577,0.0,0.0
2023-06-16 11:30:00-04:00,6.425000190734863,6.425000190734863,6.380000114440918,6.385000228881836,43599,0.0,0.0
2023-06-16 12:30:00-04:00,6.380000114440918,6.389999866485596,6.380000114440918,6.380000114440918,42176,0.0,0.0
2023-06-16 13:30:00-04:00,6.385000228881836,6.389900207519531,6.369999885559082,6.385000228881836,61581,0.0,0.0
2023-06-16 14:30:00-04:00,6.385000228881836,6.389999866485596,6.349999904632568,6.380000114440918,62603,0.0,0.0
2023-06-16 15:30:00-04:00,6.375,6.420000076293945,6.375,6.389999866485596,100203,0.0,0.0
2023-06-20 09:30:00-04:00,6.389999866485596,6.420000076293945,6.389999866485596,6.414999961853027,0,0.0,0.0
2023-06-20 10:30:00-04:00,6.409999847412109,6.420000076293945,6.409999847412109,6.414999961853027,28382,0.0,0.0
2023-06-20 11:30:00-04:00,6.420000076293945,6.420000076293945,6.400000095367432,6.40500020980835,21974,0.0,0.0
2023-06-20 12:30:00-04:00,6.40500020980835,6.414999961853027,6.400000095367432,6.40500020980835,33236,0.0,0.0
2023-06-20 13:30:00-04:00,6.404699802398682,6.409800052642822,6.400000095367432,6.40500020980835,10733,0.0,0.0
2023-06-20 14:30:00-04:00,6.40500020980835,6.40500020980835,6.364999771118164,6.369999885559082,70046,0.0,0.0
2023-06-20 15:30:00-04:00,6.369900226593018,6.369999885559082,6.360000133514404,6.364999771118164,7220,0.0,0.0
2023-06-21 09:30:00-04:00,6.360000133514404,6.400000095367432,6.341300010681152,6.360000133514404,0,0.0,0.0
2023-06-21 10:30:00-04:00,6.359300136566162,6.360000133514404,6.340000152587891,6.34499979019165,33327,0.0,0.0
2023-06-21 11:30:00-04:00,6.340000152587891,6.349999904632568,6.340000152587891,6.34499979019165,10612,0.0,0.0
2023-06-21 12:30:00-04:00,6.34499979019165,6.355000019073486,6.340000152587891,6.349999904632568,34948,0.0,0.0
2023-06-21 13:30:00-04:00,6.34630012512207,6.369999885559082,6.34630012512207,6.364999771118164,30735,0.0,0.0
2023-06-21 14:30:00-04:00,6.361700057983398,6.364999771118164,6.349999904632568,6.355000019073486,37962,0.0,0.0
2023-06-21 15:30:00-04:00,6.355000019073486,6.360000133514404,6.3317999839782715,6.34499979019165,100164,0.0,0.0
2023-06-22 09:30:00-04:00,6.349999904632568,6.349999904632568,6.284999847412109,6.320000171661377,0,0.0,0.0
2023-06-22 10:30:00-04:00,6.324999809265137,6.329999923706055,6.309999942779541,6.309999942779541,54234,0.0,0.0
2023-06-22 11:30:00-04:00,6.315000057220459,6.320000171661377,6.309999942779541,6.315000057220459,34387,0.0,0.0
2023-06-22 12:30:00-04:00,6.315000057220459,6.340000152587891,6.309999942779541,6.329500198364258,61875,0.0,0.0
2023-06-22 13:30:00-04:00,6.328199863433838,6.340000152587891,6.324999809265137,6.335000038146973,55443,0.0,0.0
2023-06-22 14:30:00-04:00,6.331699848175049,6.335000038146973,6.320000171661377,6.324999809265137,13608,0.0,0.0
2023-06-22 15:30:00-04:00,6.320000171661377,6.3277997970581055,6.320000171661377,6.320000171661377,10157,0.0,0.0
2023-06-23 09:30:00-04:00,6.309999942779541,6.355000019073486,6.309999942779541,6.349899768829346,30216,0.0,0.0
2023-06-23 10:30:00-04:00,6.3403000831604,6.349999904632568,6.340000152587891,6.34499979019165,6032,0.0,0.0
2023-06-23 11:30:00-04:00,6.349999904632568,6.359000205993652,6.34499979019165,6.355000019073486,20541,0.0,0.0
2023-06-23 12:30:00-04:00,6.351200103759766,6.360000133514404,6.340000152587891,6.340000152587891,17604,0.0,0.0
2023-06-23 13:30:00-04:00,6.34499979019165,6.349999904632568,6.329999923706055,6.340000152587891,29353,0.0,0.0
2023-06-23 14:30:00-04:00,6.34499979019165,6.349999904632568,6.340000152587891,6.349999904632568,26989,0.0,0.0
2023-06-23 15:30:00-04:00,6.349999904632568,6.364999771118164,6.340000152587891,6.360000133514404,34991,0.0,0.0
2023-06-26 09:30:00-04:00,6.329999923706055,6.360000133514404,6.329999923706055,6.349999904632568,0,0.0,0.0
2023-06-26 10:30:00-04:00,6.360000133514404,6.369999885559082,6.340000152587891,6.359899997711182,49014,0.0,0.0
2023-06-26 11:30:00-04:00,6.360000133514404,6.369999885559082,6.355000019073486,6.360000133514404,14283,0.0,0.0
2023-06-26 12:30:00-04:00,6.360000133514404,6.369999885559082,6.349999904632568,6.361000061035156,41887,0.0,0.0
2023-06-26 13:30:00-04:00,6.369900226593018,6.369999885559082,6.361100196838379,6.364999771118164,7841,0.0,0.0
2023-06-26 14:30:00-04:00,6.361000061035156,6.369999885559082,6.349999904632568,6.365200042724609,64962,0.0,0.0
2023-06-26 15:30:00-04:00,6.365499973297119,6.369999885559082,6.349999904632568,6.349999904632568,26251,0.0,0.0
2023-06-27 09:30:00-04:00,6.360000133514404,6.389999866485596,6.355000019073486,6.375,41536,0.0,0.0
2023-06-27 10:30:00-04:00,6.3709001541137695,6.389999866485596,6.3709001541137695,6.389999866485596,15207,0.0,0.0
2023-06-27 11:30:00-04:00,6.385000228881836,6.389999866485596,6.380000114440918,6.381199836730957,35662,0.0,0.0
2023-06-27 12:30:00-04:00,6.381499767303467,6.389999866485596,6.380000114440918,6.389999866485596,48752,0.0,0.0
2023-06-27 13:30:00-04:00,6.389999866485596,6.389999866485596,6.380000114440918,6.380000114440918,28317,0.0,0.0
2023-06-27 14:30:00-04:00,6.385000228881836,6.385000228881836,6.369999885559082,6.372200012207031,47206,0.0,0.0
2023-06-27 15:30:00-04:00,6.369999885559082,6.379899978637695,6.360000133514404,6.360000133514404,42541,0.0,0.0
2023-06-28 09:30:00-04:00,6.349999904632568,6.414999961853027,6.329999923706055,6.410699844360352,0,0.0,0.0
2023-06-28 10:30:00-04:00,6.420000076293945,6.429999828338623,6.413899898529053,6.425000190734863,13136,0.0,0.0
2023-06-28 11:30:00-04:00,6.429999828338623,6.440000057220459,6.429999828338623,6.434999942779541,19759,0.0,0.0
2023-06-28 12:30:00-04:00,6.434999942779541,6.440000057220459,6.429999828338623,6.434999942779541,19498,0.0,0.0
2023-06-28 13:30:00-04:00,6.434999942779541,6.440000057220459,6.40500020980835,6.420000076293945,56803,0.0,0.0
2023-06-28 14:30:00-04:00,6.420000076293945,6.440000057220459,6.420000076293945,6.440000057220459,13082,0.0,0.0
2023-06-28 15:30:00-04:00,6.440000057220459,6.449999809265137,6.429999828338623,6.440000057220459,28212,0.0,0.0
2023-06-29 09:30:00-04:00,6.440000057220459,6.489999771118164,6.420000076293945,6.434999942779541,0,0.0,0.0
2023-06-29 10:30:00-04:00,6.434999942779541,6.460000038146973,6.431000232696533,6.460000038146973,33537,0.0,0.0
2023-06-29 11:30:00-04:00,6.460000038146973,6.460000038146973,6.449999809265137,6.460000038146973,33869,0.0,0.0
2023-06-29 12:30:00-04:00,6.454999923706055,6.460000038146973,6.449999809265137,6.454999923706055,39081,0.0,0.0
2023-06-29 13:30:00-04:00,6.454999923706055,6.460000038146973,6.429999828338623,6.440000057220459,47769,0.0,0.0
2023-06-29 14:30:00-04:00,6.4375,6.440000057220459,6.420000076293945,6.429999828338623,17356,0.0,0.0
2023-06-29 15:30:00-04:00,6.429999828338623,6.440000057220459,6.409999847412109,6.409999847412109,20354,0.0,0.0
2023-06-30 09:30:00-04:00,6.440000057220459,6.46999979019165,6.429999828338623,6.445000171661377,96413,0.0,0.0
2023-06-30 10:30:00-04:00,6.445000171661377,6.449999809265137,6.425000190734863,6.449999809265137,73790,0.0,0.0
2023-06-30 11:30:00-04:00,6.449999809265137,6.449999809265137,6.420000076293945,6.434999942779541,40499,0.0,0.0
2023-06-30 12:30:00-04:00,6.434999942779541,6.445000171661377,6.429999828338623,6.440000057220459,32357,0.0,0.0
2023-06-30 13:30:00-04:00,6.447299957275391,6.449999809265137,6.440000057220459,6.449999809265137,37507,0.0,0.0
2023-06-30 14:30:00-04:00,6.449999809265137,6.46999979019165,6.449999809265137,6.465000152587891,79295,0.0,0.0
2023-06-30 15:30:00-04:00,6.465000152587891,6.489999771118164,6.460000038146973,6.474999904632568,67232,0.0,0.0
2023-07-03 09:30:00-04:00,6.5,6.550000190734863,6.489999771118164,6.549099922180176,114688,0.0,0.0
2023-07-03 10:30:00-04:00,6.545000076293945,6.559999942779541,6.539999961853027,6.549099922180176,34547,0.0,0.0
2023-07-03 11:30:00-04:00,6.545000076293945,6.559999942779541,6.540999889373779,6.558899879455566,17033,0.0,0.0
2023-07-05 09:30:00-04:00,6.53000020980835,6.559999942779541,6.525000095367432,6.545000076293945,52130,0.0,0.0
2023-07-05 10:30:00-04:00,6.545000076293945,6.550000190734863,6.539999961853027,6.545000076293945,8486,0.0,0.0
2023-07-05 11:30:00-04:00,6.550000190734863,6.570000171661377,6.539999961853027,6.550000190734863,23743,0.0,0.0
2023-07-05 12:30:00-04:00,6.554999828338623,6.559999942779541,6.539999961853027,6.552000045776367,50577,0.0,0.0
2023-07-05 13:30:00-04:00,6.550000190734863,6.570000171661377,6.510000228881836,6.519999980926514,79866,0.0,0.0
2023-07-05 14:30:00-04:00,6.519999980926514,6.554999828338623,6.519999980926514,6.545000076293945,36807,0.0,0.0
2023-07-05 15:30:00-04:00,6.539999961853027,6.550000190734863,6.53000020980835,6.53000020980835,19726,0.0,0.0
2023-07-06 09:30:00-04:00,6.449999809265137,6.480000019073486,6.409999847412109,6.416299819946289,0,0.0,0.0
2023-07-06 10:30:00-04:00,6.409999847412109,6.409999847412109,6.373000144958496,6.375,36644,0.0,0.0
2023-07-06 11:30:00-04:00,6.375,6.380000114440918,6.369999885559082,6.369999885559082,22085,0.0,0.0
2023-07-06 12:30:00-04:00,6.373799800872803,6.409999847412109,6.369999885559082,6.409999847412109,21485,0.0,0.0
2023-07-06 13:30:00-04:00,6.409999847412109,6.409999847412109,6.369999885559082,6.385000228881836,36411,0.0,0.0
2023-07-06 14:30:00-04:00,6.385000228881836,6.389999866485596,6.329999923706055,6.348999977111816,83098,0.0,0.0
2023-07-06 15:30:00-04:00,6.349999904632568,6.360000133514404,6.340000152587891,6.340000152587891,29944,0.0,0.0
2023-07-07 09:30:00-04:00,6.360000133514404,6.409999847412109,6.360000133514404,6.396999835968018,65154,0.0,0.0
2023-07-07 10:30:00-04:00,6.394999980926514,6.420000076293945,6.394999980926514,6.415599822998047,23232,0.0,0.0
2023-07-07 11:30:00-04:00,6.412700176239014,6.429999828338623,6.410999774932861,6.425000190734863,24838,0.0,0.0
2023-07-07 12:30:00-04:00,6.425000190734863,6.429999828338623,6.420100212097168,6.425600051879883,3186,0.0,0.0
2023-07-07 13:30:00-04:00,6.425000190734863,6.429999828338623,6.40500020980835,6.414999961853027,29736,0.0,0.0
2023-07-07 14:30:00-04:00,6.414999961853027,6.420000076293945,6.409999847412109,6.420000076293945,26414,0.0,0.0
2023-07-07 15:30:00-04:00,6.420000076293945,6.420000076293945,6.409999847412109,6.420000076293945,13080,0.0,0.0
2023-07-10 09:30:00-04:00,6.409999847412109,6.440000057220459,6.380000114440918,6.403900146484375,60111,0.0,0.0
2023-07-10 10:30:00-04:00,6.400000095367432,6.409999847412109,6.382299900054932,6.389900207519531,38340,0.0,0.0
2023-07-10 11:30:00-04:00,6.389200210571289,6.429999828338623,6.389200210571289,6.429999828338623,79418,0.0,0.0
2023-07-10 12:30:00-04:00,6.428800106048584,6.449999809265137,6.428800106048584,6.444399833679199,42729,0.0,0.0
2023-07-10 13:30:00-04:00,6.449999809265137,6.465000152587891,6.4430999755859375,6.461400032043457,26816,0.0,0.0
2023-07-10 14:30:00-04:00,6.465000152587891,6.5,6.460000038146973,6.494999885559082,94235,0.0,0.0
2023-07-10 15:30:00-04:00,6.494999885559082,6.5,6.480000019073486,6.5,32636,0.0,0.0
2023-07-11 09:30:00-04:00,6.46999979019165,6.525000095367432,6.449999809265137,6.5,0,0.0,0.0
2023-07-11 10:30:00-04:00,6.505000114440918,6.514999866485596,6.5,6.505000114440918,33772,0.0,0.0
2023-07-11 11:30:00-04:00,6.505000114440918,6.510000228881836,6.5,6.505000114440918,26591,0.0,0.0
2023-07-11 12:30:00-04:00,6.505000114440918,6.510000228881836,6.5,6.503699779510498,11192,0.0,0.0
2023-07-11 13:30:00-04:00,6.505000114440918,6.510000228881836,6.491199970245361,6.494999885559082,29202,0.0,0.0
2023-07-11 14:30:00-04:00,6.494999885559082,6.5,6.490099906921387,6.494999885559082,14472,0.0,0.0
2023-07-11 15:30:00-04:00,6.494999885559082,6.510000228881836,6.489999771118164,6.510000228881836,21317,0.0,0.0
2023-07-12 09:30:00-04:00,6.519999980926514,6.579999923706055,6.519999980926514,6.559100151062012,0,0.0,0.0
2023-07-12 10:30:00-04:00,6.552499771118164,6.579999923706055,6.552499771118164,6.579999923706055,23346,0.0,0.0
2023-07-12 11:30:00-04:00,6.577700138092041,6.579999923706055,6.559999942779541,6.579999923706055,24160,0.0,0.0
2023-07-12 12:30:00-04:00,6.574999809265137,6.574999809265137,6.570000171661377,6.570099830627441,8773,0.0,0.0
2023-07-12 13:30:00-04:00,6.579999923706055,6.579999923706055,6.561999797821045,6.565000057220459,27841,0.0,0.0
2023-07-12 14:30:00-04:00,6.565000057220459,6.570000171661377,6.519999980926514,6.539999961853027,67006,0.0,0.0
2023-07-12 15:30:00-04:00,6.541999816894531,6.549900054931641,6.519999980926514,6.519999980926514,30409,0.0,0.0
2023-07-13 09:30:00-04:00,6.510000228881836,6.519999980926514,6.485000133514404,6.5,0,0.0,0.0
2023-07-13 10:30:00-04:00,6.5,6.539999961853027,6.489999771118164,6.539999961853027,91507,0.0,0.0
2023-07-13 11:30:00-04:00,6.539999961853027,6.554999828338623,6.519999980926514,6.519999980926514,48522,0.0,0.0
2023-07-13 12:30:00-04:00,6.525000095367432,6.525000095367432,6.510000228881836,6.510000228881836,18505,0.0,0.0
2023-07-13 13:30:00-04:00,6.5100998878479,6.519999980926514,6.510000228881836,6.514999866485596,17877,0.0,0.0
2023-07-13 14:30:00-04:00,6.514999866485596,6.53000020980835,6.500999927520752,6.53000020980835,48656,0.0,0.0
2023-07-13 15:30:00-04:00,6.525000095367432,6.53000020980835,6.5,6.514999866485596,62267,0.0,0.0
2023-07-14 09:30:00-04:00,6.489999771118164,6.5,6.470099925994873,6.485000133514404,0,0.0,0.0
2023-07-14 10:30:00-04:00,6.480000019073486,6.489999771118164,6.46999979019165,6.478700160980225,43148,0.0,0.0
2023-07-14 11:30:00-04:00,6.480000019073486,6.480000019073486,6.460100173950195,6.474999904632568,23150,0.0,0.0
2023-07-14 12:30:00-04:00,6.471399784088135,6.479000091552734,6.465000152587891,6.474999904632568,23347,0.0,0.0
2023-07-14 13:30:00-04:00,6.474999904632568,6.480000019073486,6.449999809265137,6.449999809265137,21458,0.0,0.0
2023-07-14 14:30:00-04:00,6.450099945068359,6.460000038146973,6.440000057220459,6.448999881744385,24557,0.0,0.0
2023-07-14 15:30:00-04:00,6.445000171661377,6.449999809265137,6.420000076293945,6.420000076293945,45906,0.0,0.0
2023-07-17 09:30:00-04:00,6.429900169372559,6.449999809265137,6.40500020980835,6.420000076293945,75976,0.0,0.0
2023-07-17 10:30:00-04:00,6.420000076293945,6.460000038146973,6.419899940490723,6.454999923706055,123550,0.0,0.0
2023-07-17 11:30:00-04:00,6.460000038146973,6.460000038146973,6.440100193023682,6.449999809265137,39471,0.0,0.0
2023-07-17 12:30:00-04:00,6.449999809265137,6.449999809265137,6.420000076293945,6.425000190734863,49211,0.0,0.0
2023-07-17 13:30:00-04:00,6.425000190734863,6.428999900817871,6.400000095367432,6.414999961853027,34199,0.0,0.0
2023-07-17 14:30:00-04:00,6.414999961853027,6.425000190734863,6.409999847412109,6.409999847412109,47816,0.0,0.0
2023-07-17 15:30:00-04:00,6.414999961853027,6.420000076293945,6.409999847412109,6.420000076293945,19761,0.0,0.0
2023-07-18 09:30:00-04:00,6.400000095367432,6.449999809265137,6.400000095367432,6.440000057220459,0,0.0,0.0
2023-07-18 10:30:00-04:00,6.440499782562256,6.460000038146973,6.425000190734863,6.454999923706055,55470,0.0,0.0
2023-07-18 11:30:00-04:00,6.460000038146973,6.480000019073486,6.454999923706055,6.480000019073486,36016,0.0,0.0
2023-07-18 12:30:00-04:00,6.474999904632568,6.474999904632568,6.449999809265137,6.454999923706055,38305,0.0,0.0
2023-07-18 13:30:00-04:00,6.460000038146973,6.480000019073486,6.449999809265137,6.46019983291626,45153,0.0,0.0
2023-07-18 14:30:00-04:00,6.46999979019165,6.480000019073486,6.460000038146973,6.474999904632568,33097,0.0,0.0
2023-07-18 15:30:00-04:00,6.46999979019165,6.474999904632568,6.460000038146973,6.465000152587891,20508,0.0,0.0
2023-07-19 09:30:00-04:00,6.460000038146973,6.5,6.460000038146973,6.460000038146973,0,0.0,0.0
2023-07-19 10:30:00-04:00,6.460000038146973,6.489999771118164,6.460000038146973,6.485000133514404,36877,0.0,0.0
2023-07-19 11:30:00-04:00,6.489999771118164,6.494999885559082,6.480000019073486,6.485000133514404,49048,0.0,0.0
2023-07-19 12:30:00-04:00,6.485000133514404,6.4899001121521,6.480000019073486,6.485000133514404,25744,0.0,0.0
2023-07-19 13:30:00-04:00,6.485000133514404,6.485000133514404,6.480000019073486,6.485000133514404,17576,0.0,0.0
2023-07-19 14:30:00-04:00,6.485000133514404,6.489999771118164,6.480000019073486,6.485000133514404,39954,0.0,0.0
2023-07-19 15:30:00-04:00,6.485000133514404,6.489999771118164,6.46999979019165,6.46999979019165,34130,0.0,0.0
2023-07-20 09:30:00-04:00,6.46999979019165,6.5,6.454999923706055,6.465000152587891,0,0.0,0.0
2023-07-20 10:30:00-04:00,6.465000152587891,6.489999771118164,6.465000152587891,6.489500045776367,31014,0.0,0.0
2023-07-20 11:30:00-04:00,6.489999771118164,6.5,6.474999904632568,6.474999904632568,44679,0.0,0.0
2023-07-20 12:30:00-04:00,6.479000091552734,6.480000019073486,6.460000038146973,6.480000019073486,24193,0.0,0.0
2023-07-20 13:30:00-04:00,6.480000019073486,6.485000133514404,6.46999979019165,6.474999904632568,41414,0.0,0.0
2023-07-20 14:30:00-04:00,6.474999904632568,6.480000019073486,6.465000152587891,6.46999979019165,30328,0.0,0.0
2023-07-20 15:30:00-04:00,6.465000152587891,6.46999979019165,6.449999809265137,6.46999979019165,51152,0.0,0.0
2023-07-21 09:30:00-04:00,6.449999809265137,6.489999771118164,6.440000057220459,6.485000133514404,98473,0.0,0.0
2023-07-21 10:30:00-04:00,6.485000133514404,6.489999771118164,6.480000019073486,6.485000133514404,45519,0.0,0.0
2023-07-21 11:30:00-04:00,6.485000133514404,6.489999771118164,6.480000019073486,6.485000133514404,23007,0.0,0.0
2023-07-21 12:30:00-04:00,6.485000133514404,6.489999771118164,6.480000019073486,6.488699913024902,30393,0.0,0.0
2023-07-21 13:30:00-04:00,6.485000133514404,6.48859977722168,6.460000038146973,6.465000152587891,63273,0.0,0.0
2023-07-21 14:30:00-04:00,6.465000152587891,6.46999979019165,6.449999809265137,6.460000038146973,51864,0.0,0.0
2023-07-21 15:30:00-04:00,6.454999923706055,6.489999771118164,6.454999923706055,6.480000019073486,133353,0.0,0.0
2023-07-24 09:30:00-04:00,6.480000019073486,6.515399932861328,6.480000019073486,6.494999885559082,108883,0.0,0.0
2023-07-24 10:30:00-04:00,6.499899864196777,6.5,6.480000019073486,6.4899001121521,54808,0.0,0.0
2023-07-24 11:30:00-04:00,6.485000133514404,6.489999771118164,6.460000038146973,6.476799964904785,90779,0.0,0.0
2023-07-24 12:30:00-04:00,6.480000019073486,6.480000019073486,6.460000038146973,6.46999979019165,27283,0.0,0.0
2023-07-24 13:30:00-04:00,6.480000019073486,6.489999771118164,6.46999979019165,6.480000019073486,22658,0.0,0.0
2023-07-24 14:30:00-04:00,6.480000019073486,6.5,6.46999979019165,6.480000019073486,33180,0.0,0.0
2023-07-24 15:30:00-04:00,6.485000133514404,6.489999771118164,6.485000133514404,6.489999771118164,5487,0.0,0.0
2023-07-25 09:30:00-04:00,6.489999771118164,6.519999980926514,6.480000019073486,6.488900184631348,203151,0.0,0.0
2023-07-25 10:30:00-04:00,6.485000133514404,6.5,6.480000019073486,6.494999885559082,40441,0.0,0.0
2023-07-25 11:30:00-04:00,6.489999771118164,6.5,6.489999771118164,6.494999885559082,17773,0.0,0.0
2023-07-25 12:30:00-04:00,6.497300148010254,6.5,6.489999771118164,6.489999771118164,23744,0.0,0.0
2023-07-25 13:30:00-04:00,6.489999771118164,6.5,6.489999771118164,6.5,31034,0.0,0.0
2023-07-25 14:30:00-04:00,6.5,6.510000228881836,6.489999771118164,6.494999885559082,65825,0.0,0.0
2023-07-25 15:30:00-04:00,6.494999885559082,6.510000228881836,6.480000019073486,6.5,51064,0.0,0.0
2023-07-26 09:30:00-04:00,6.5,6.510000228881836,6.480000019073486,6.485000133514404,90087,0.0,0.0
2023-07-26 10:30:00-04:00,6.486700057983398,6.494999885559082,6.485000133514404,6.489999771118164,63813,0.0,0.0
2023-07-26 11:30:00-04:00,6.484300136566162,6.489999771118164,6.480000019073486,6.4882001876831055,22177,0.0,0.0
2023-07-26 12:30:00-04:00,6.487199783325195,6.489999771118164,6.485000133514404,6.485000133514404,10329,0.0,0.0
2023-07-26 13:30:00-04:00,6.488699913024902,6.5,6.480000019073486,6.493800163269043,23768,0.0,0.0
2023-07-26 14:30:00-04:00,6.494999885559082,6.5,6.46999979019165,6.485000133514404,80062,0.0,0.0
2023-07-26 15:30:00-04:00,6.485000133514404,6.489999771118164,6.480000019073486,6.480000019073486,33099,0.0,0.0
2023-07-27 09:30:00-04:00,6.519999980926514,6.519999980926514,6.480000019073486,6.499000072479248,0,0.0,0.0
2023-07-27 10:30:00-04:00,6.494999885559082,6.494999885559082,6.480000019073486,6.489999771118164,17826,0.0,0.0
2023-07-27 11:30:00-04:00,6.489999771118164,6.510000228881836,6.46999979019165,6.509799957275391,53350,0.0,0.0
2023-07-27 12:30:00-04:00,6.510000228881836,6.53000020980835,6.510000228881836,6.519999980926514,78385,0.0,0.0
2023-07-27 13:30:00-04:00,6.525000095367432,6.525000095367432,6.510000228881836,6.514999866485596,49718,0.0,0.0
2023-07-27 14:30:00-04:00,6.514999866485596,6.519999980926514,6.5,6.505000114440918,45119,0.0,0.0
2023-07-27 15:30:00-04:00,6.5,6.505000114440918,6.449999809265137,6.460000038146973,122457,0.0,0.0
2023-07-28 09:30:00-04:00,6.5,6.539999961853027,6.496799945831299,6.534999847412109,61659,0.0,0.0
2023-07-28 10:30:00-04:00,6.534999847412109,6.539999961853027,6.53000020980835,6.539999961853027,23443,0.0,0.0
2023-07-28 11:30:00-04:00,6.539999961853027,6.559999942779541,6.53000020980835,6.559999942779541,36246,0.0,0.0
2023-07-28 12:30:00-04:00,6.559999942779541,6.559999942779541,6.539999961853027,6.545000076293945,45470,0.0,0.0
2023-07-28 13:30:00-04:00,6.545000076293945,6.559999942779541,6.539999961853027,6.554999828338623,27698,0.0,0.0
2023-07-28 14:30:00-04:00,6.554999828338623,6.559999942779541,6.539999961853027,6.550000190734863,24933,0.0,0.0
2023-07-28 15:30:00-04:00,6.545000076293945,6.550000190734863,6.539999961853027,6.550000190734863,17695,0.0,0.0
2023-07-31 09:30:00-04:00,6.550000190734863,6.599999904632568,6.519999980926514,6.599999904632568,0,0.0,0.0
2023-07-31 10:30:00-04:00,6.598999977111816,6.599999904632568,6.588399887084961,6.599999904632568,29125,0.0,0.0
2023-07-31 11:30:00-04:00,6.599999904632568,6.610000133514404,6.590000152587891,6.5904998779296875,58561,0.0,0.0
2023-07-31 12:30:00-04:00,6.595799922943115,6.595799922943115,6.579999923706055,6.589099884033203,59991,0.0,0.0
2023-07-31 13:30:00-04:00,6.590000152587891,6.590000152587891,6.579999923706055,6.590000152587891,31059,0.0,0.0
2023-07-31 14:30:00-04:00,6.585000038146973,6.599999904632568,6.579999923706055,6.599999904632568,19883,0.0,0.0
2023-07-31 15:30:00-04:00,6.59499979019165,6.599999904632568,6.590000152587891,6.599999904632568,28199,0.0,0.0
2023-08-01 09:30:00-04:00,6.590000152587891,6.619999885559082,6.559999942779541,6.605000019073486,0,0.0,0.0
2023-08-01 10:30:00-04:00,6.605000019073486,6.619999885559082,6.590000152587891,6.59499979019165,50482,0.0,0.0
2023-08-01 11:30:00-04:00,6.59499979019165,6.599999904632568,6.579999923706055,6.599999904632568,77655,0.0,0.0
2023-08-01 12:30:00-04:00,6.599999904632568,6.610000133514404,6.59499979019165,6.605000019073486,51836,0.0,0.0
2023-08-01 13:30:00-04:00,6.605000019073486,6.630000114440918,6.600500106811523,6.625,45029,0.0,0.0
2023-08-01 14:30:00-04:00,6.625,6.630000114440918,6.610000133514404,6.619999885559082,31431,0.0,0.0
2023-08-01 15:30:00-04:00,6.619100093841553,6.619999885559082,6.599999904632568,6.599999904632568,24835,0.0,0.0
2023-08-02 09:30:00-04:00,6.539999961853027,6.590000152587891,6.539999961853027,6.565000057220459,86763,0.0,0.0
2023-08-02 10:30:00-04:00,6.565000057220459,6.574999809265137,6.539999961853027,6.549900054931641,85707,0.0,0.0
2023-08-02 11:30:00-04:00,6.549099922180176,6.570000171661377,6.549099922180176,6.5625,30645,0.0,0.0
2023-08-02 12:30:00-04:00,6.565000057220459,6.599999904632568,6.563000202178955,6.585000038146973,29290,0.0,0.0
2023-08-02 13:30:00-04:00,6.590000152587891,6.630000114440918,6.585000038146973,6.630000114440918,33823,0.0,0.0
2023-08-02 14:30:00-04:00,6.619999885559082,6.644999980926514,6.619999885559082,6.630000114440918,60693,0.0,0.0
2023-08-02 15:30:00-04:00,6.630000114440918,6.635000228881836,6.610000133514404,6.610000133514404,26977,0.0,0.0
2023-08-03 09:30:00-04:00,6.539999961853027,6.579999923706055,6.539999961853027,6.554999828338623,77543,0.0,0.0
2023-08-03 10:30:00-04:00,6.550899982452393,6.559999942779541,6.539999961853027,6.554999828338623,32115,0.0,0.0
2023-08-03 11:30:00-04:00,6.554999828338623,6.559999942779541,6.550000190734863,6.550000190734863,13867,0.0,0.0
2023-08-03 12:30:00-04:00,6.550000190734863,6.579999923706055,6.550000190734863,6.570000171661377,33481,0.0,0.0
2023-08-03 13:30:00-04:00,6.570000171661377,6.579899787902832,6.550000190734863,6.570000171661377,27103,0.0,0.0
2023-08-03 14:30:00-04:00,6.565000057220459,6.570000171661377,6.550000190734863,6.550000190734863,69933,0.0,0.0
2023-08-03 15:30:00-04:00,6.554999828338623,6.559999942779541,6.545000076293945,6.550000190734863,47270,0.0,0.0
2023-08-04 09:30:00-04:00,6.551300048828125,6.589900016784668,6.525000095367432,6.554999828338623,128281,0.0,0.0
2023-08-04 10:30:00-04:00,6.550099849700928,6.580900192260742,6.550000190734863,6.570000171661377,78615,0.0,0.0
2023-08-04 11:30:00-04:00,6.570000171661377,6.577899932861328,6.558800220489502,6.559999942779541,27990,0.0,0.0
2023-08-04 12:30:00-04:00,6.559999942779541,6.584700107574463,6.559999942779541,6.5808000564575195,52111,0.0,0.0
2023-08-04 13:30:00-04:00,6.58459997177124,6.585000038146973,6.550000190734863,6.550000190734863,41494,0.0,0.0
2023-08-04 14:30:00-04:00,6.554999828338623,6.568699836730957,6.53000020980835,6.541399955749512,102914,0.0,0.0
2023-08-04 15:30:00-04:00,6.545000076293945,6.559999942779541,6.539999961853027,6.559999942779541,20463,0.0,0.0
2023-08-07 09:30:00-04:00,6.570000171661377,6.590000152587891,6.559999942779541,6.585000038146973,49010,0.0,0.0
2023-08-07 10:30:00-04:00,6.589900016784668,6.599999904632568,6.574999809265137,6.580100059509277,40655,0.0,0.0
2023-08-07 11:30:00-04:00,6.589900016784668,6.590000152587891,6.579999923706055,6.590000152587891,17960,0.0,0.0
2023-08-07 12:30:00-04:00,6.59499979019165,6.619999885559082,6.585000038146973,6.59499979019165,74641,0.0,0.0
2023-08-07 13:30:00-04:00,6.59499979019165,6.61299991607666,6.590000152587891,6.611199855804443,13927,0.0,0.0
2023-08-07 14:30:00-04:00,6.610000133514404,6.610000133514404,6.599999904632568,6.605000019073486,16932,0.0,0.0
2023-08-07 15:30:00-04:00,6.605000019073486,6.610000133514404,6.599999904632568,6.605000019073486,10450,0.0,0.0
2023-08-08 09:30:00-04:00,6.590000152587891,6.610000133514404,6.570000171661377,6.597700119018555,76620,0.0,0.0
2023-08-08 10:30:00-04:00,6.590000152587891,6.611400127410889,6.585000038146973,6.599999904632568,136210,0.0,0.0
2023-08-08 11:30:00-04:00,6.59499979019165,6.599999904632568,6.590000152587891,6.599999904632568,20957,0.0,0.0
2023-08-08 12:30:00-04:00,6.59499979019165,6.605000019073486,6.590000152587891,6.590000152587891,48590,0.0,0.0
2023-08-08 13:30:00-04:00,6.599999904632568,6.599999904632568,6.580100059509277,6.585000038146973,14402,0.0,0.0
2023-08-08 14:30:00-04:00,6.589300155639648,6.599899768829346,6.589300155639648,6.59499979019165,16048,0.0,0.0
2023-08-08 15:30:00-04:00,6.59499979019165,6.599999904632568,6.590000152587891,6.590000152587891,49463,0.0,0.0
2023-08-09 09:30:00-04:00,6.590000152587891,6.619999885559082,6.570000171661377,6.605000019073486,62367,0.0,0.0
2023-08-09 10:30:00-04:00,6.610000133514404,6.619999885559082,6.599999904632568,6.619999885559082,93299,0.0,0.0
2023-08-09 11:30:00-04:00,6.619999885559082,6.639999866485596,6.614999771118164,6.639999866485596,113943,0.0,0.0
2023-08-09 12:30:00-04:00,6.635000228881836,6.644999980926514,6.630000114440918,6.63730001449585,31951,0.0,0.0
2023-08-09 13:30:00-04:00,6.635000228881836,6.639999866485596,6.630000114440918,6.630000114440918,37965,0.0,0.0
2023-08-09 14:30:00-04:00,6.635000228881836,6.639999866485596,6.619999885559082,6.620800018310547,19308,0.0,0.0
2023-08-09 15:30:00-04:00,6.625,6.625,6.610000133514404,6.610000133514404,9205,0.0,0.0
2023-08-10 09:30:00-04:00,6.650000095367432,6.659999847412109,6.599999904632568,6.65500020980835,0,0.0,0.0
2023-08-10 10:30:00-04:00,6.659999847412109,6.659999847412109,6.626999855041504,6.630000114440918,40026,0.0,0.0
2023-08-10 11:30:00-04:00,6.635000228881836,6.635000228881836,6.619999885559082,6.625,30574,0.0,0.0
2023-08-10 12:30:00-04:00,6.630000114440918,6.639999866485596,6.630000114440918,6.639999866485596,11653,0.0,0.0
2023-08-10 13:30:00-04:00,6.639999866485596,6.644999980926514,6.619999885559082,6.639999866485596,66320,0.0,0.0
2023-08-10 14:30:00-04:00,6.639999866485596,6.639999866485596,6.619999885559082,6.625,44484,0.0,0.0
2023-08-10 15:30:00-04:00,6.625,6.630000114440918,6.619999885559082,6.630000114440918,18784,0.0,0.0
2023-08-11 09:30:00-04:00,6.579999923706055,6.627999782562256,6.559999942779541,6.619999885559082,69389,0.0,0.0
2023-08-11 10:30:00-04:00,6.614999771118164,6.619999885559082,6.610000133514404,6.614999771118164,19539,0.0,0.0
2023-08-11 11:30:00-04:00,6.618800163269043,6.618800163269043,6.590000152587891,6.61299991607666,31716,0.0,0.0
2023-08-11 12:30:00-04:00,6.610000133514404,6.610000133514404,6.590000152587891,6.599999904632568,38744,0.0,0.0
2023-08-11 13:30:00-04:00,6.598700046539307,6.599999904632568,6.579999923706055,6.59499979019165,1904029,0.0,0.0
2023-08-11 14:30:00-04:00,6.590099811553955,6.599999904632568,6.579999923706055,6.590000152587891,20031,0.0,0.0
2023-08-11 15:30:00-04:00,6.590000152587891,6.590000152587891,6.570000171661377,6.579999923706055,22618,0.0,0.0
2023-08-14 09:30:00-04:00,6.519999980926514,6.550000190734863,6.510000228881836,6.531599998474121,63103,0.0,0.0
2023-08-14 10:30:00-04:00,6.534999847412109,6.545000076293945,6.530099868774414,6.545000076293945,30161,0.0,0.0
2023-08-14 11:30:00-04:00,6.545000076293945,6.548999786376953,6.539999961853027,6.545000076293945,11010,0.0,0.0
2023-08-14 12:30:00-04:00,6.545000076293945,6.550000190734863,6.53000020980835,6.534999847412109,45987,0.0,0.0
2023-08-14 13:30:00-04:00,6.539999961853027,6.550000190734863,6.534999847412109,6.545000076293945,46960,0.0,0.0
2023-08-14 14:30:00-04:00,6.548999786376953,6.550000190734863,6.539999961853027,6.539999961853027,49995,0.0,0.0
2023-08-14 15:30:00-04:00,6.539999961853027,6.539999961853027,6.53000020980835,6.539999961853027,38221,0.0,0.0
2023-08-15 09:30:00-04:00,6.5,6.537499904632568,6.489999771118164,6.489999771118164,0,0.0,0.0
2023-08-15 10:30:00-04:00,6.489999771118164,6.5,6.489999771118164,6.489999771118164,37217,0.0,0.0
2023-08-15 11:30:00-04:00,6.489999771118164,6.5,6.489999771118164,6.494999885559082,30258,0.0,0.0
2023-08-15 12:30:00-04:00,6.494999885559082,6.5,6.489999771118164,6.489999771118164,40791,0.0,0.0
2023-08-15 13:30:00-04:00,6.5,6.5,6.46999979019165,6.46999979019165,31534,0.0,0.0
2023-08-15 14:30:00-04:00,6.46999979019165,6.474999904632568,6.460000038146973,6.4695000648498535,32082,0.0,0.0
2023-08-15 15:30:00-04:00,6.460000038146973,6.46999979019165,6.449999809265137,6.449999809265137,57974,0.0,0.0
2023-08-16 09:30:00-04:00,6.429999828338623,6.46999979019165,6.420000076293945,6.420000076293945,47989,0.0,0.0
2023-08-16 10:30:00-04:00,6.420000076293945,6.429999828338623,6.409999847412109,6.409999847412109,51251,0.0,0.0
2023-08-16 11:30:00-04:00,6.414999961853027,6.420000076293945,6.380000114440918,6.384500026702881,46896,0.0,0.0
2023-08-16 12:30:00-04:00,6.385000228881836,6.389999866485596,6.3643999099731445,6.369999885559082,42598,0.0,0.0
2023-08-16 13:30:00-04:00,6.369999885559082,6.382699966430664,6.360000133514404,6.378900051116943,59803,0.0,0.0
2023-08-16 14:30:00-04:00,6.369999885559082,6.379899978637695,6.360000133514404,6.360000133514404,30360,0.0,0.0
2023-08-16 15:30:00-04:00,6.360000133514404,6.369999885559082,6.350100040435791,6.360000133514404,53954,0.0,0.0
2023-08-17 09:30:00-04:00,6.400000095367432,6.400000095367432,6.355000019073486,6.375,85360,0.0,0.0
2023-08-17 10:30:00-04:00,6.373000144958496,6.380000114440918,6.360899925231934,6.364999771118164,14119,0.0,0.0
2023-08-17 11:30:00-04:00,6.36359977722168,6.367499828338623,6.360000133514404,6.367499828338623,8461,0.0,0.0
2023-08-17 12:30:00-04:00,6.364999771118164,6.394999980926514,6.360000133514404,6.385000228881836,115870,0.0,0.0
2023-08-17 13:30:00-04:00,6.385000228881836,6.392499923706055,6.364999771118164,6.381700038909912,90379,0.0,0.0
2023-08-17 14:30:00-04:00,6.381700038909912,6.400000095367432,6.380000114440918,6.389999866485596,68049,0.0,0.0
2023-08-17 15:30:00-04:00,6.394999980926514,6.409999847412109,6.389999866485596,6.400000095367432,54856,0.0,0.0
2023-08-18 09:30:00-04:00,6.400000095367432,6.429999828338623,6.389999866485596,6.399099826812744,96781,0.0,0.0
2023-08-18 10:30:00-04:00,6.392499923706055,6.420000076293945,6.389999866485596,6.414999961853027,39240,0.0,0.0
2023-08-18 11:30:00-04:00,6.414999961853027,6.429999828338623,6.40500020980835,6.409999847412109,44006,0.0,0.0
2023-08-18 12:30:00-04:00,6.414999961853027,6.420000076293945,6.409999847412109,6.414999961853027,35636,0.0,0.0
2023-08-18 13:30:00-04:00,6.409999847412109,6.429999828338623,6.400000095367432,6.409999847412109,62218,0.0,0.0
2023-08-18 14:30:00-04:00,6.409999847412109,6.420000076293945,6.409999847412109,6.409999847412109,19296,0.0,0.0
2023-08-18 15:30:00-04:00,6.409999847412109,6.429999828338623,6.400000095367432,6.420000076293945,116483,0.0,0.0
2023-08-21 09:30:00-04:00,6.389999866485596,6.429999828338623,6.380000114440918,6.380000114440918,141994,0.0,0.0
2023-08-21 10:30:00-04:00,6.380000114440918,6.409999847412109,6.380000114440918,6.390500068664551,28877,0.0,0.0
2023-08-21 11:30:00-04:00,6.391300201416016,6.400000095367432,6.380099773406982,6.400000095367432,61229,0.0,0.0
2023-08-21 12:30:00-04:00,6.394999980926514,6.412499904632568,6.394999980926514,6.409999847412109,27015,0.0,0.0
2023-08-21 13:30:00-04:00,6.414999961853027,6.414999961853027,6.400000095367432,6.400000095367432,33378,0.0,0.0
2023-08-21 14:30:00-04:00,6.40500020980835,6.409999847412109,6.380000114440918,6.389999866485596,77081,0.0,0.0
2023-08-21 15:30:00-04:00,6.385000228881836,6.400000095367432,6.380000114440918,6.380000114440918,41114,0.0,0.0
2023-08-22 09:30:00-04:00,6.409999847412109,6.440000057220459,6.409999847412109,6.43209981918335,120949,0.0,0.0
2023-08-22 10:30:00-04:00,6.434999942779541,6.449999809265137,6.420000076293945,6.442399978637695,33885,0.0,0.0
2023-08-22 11:30:00-04:00,6.440100193023682,6.454999923706055,6.429999828338623,6.433000087738037,77178,0.0,0.0
2023-08-22 12:30:00-04:00,6.440000057220459,6.440000057220459,6.429999828338623,6.433000087738037,21313,0.0,0.0
2023-08-22 13:30:00-04:00,6.429999828338623,6.449999809265137,6.425000190734863,6.425000190734863,88947,0.0,0.0
2023-08-22 14:30:00-04:00,6.428800106048584,6.429999828338623,6.400000095367432,6.40500020980835,69678,0.0,0.0
2023-08-22 15:30:00-04:00,6.40500020980835,6.420000076293945,6.40500020980835,6.414999961853027,32095,0.0,0.0
2023-08-23 09:30:00-04:00,6.429999828338623,6.489999771118164,6.429999828338623,6.465000152587891,66319,0.0,0.0
2023-08-23 10:30:00-04:00,6.46999979019165,6.480000019073486,6.449999809265137,6.46999979019165,157064,0.0,0.0
2023-08-23 11:30:00-04:00,6.460000038146973,6.480000019073486,6.460000038146973,6.471099853515625,14898,0.0,0.0
2023-08-23 12:30:00-04:00,6.480000019073486,6.489999771118164,6.480000019073486,6.489999771118164,10393,0.0,0.0
2023-08-23 13:30:00-04:00,6.489999771118164,6.489999771118164,6.465000152587891,6.46999979019165,31674,0.0,0.0
2023-08-23 14:30:00-04:00,6.46999979019165,6.474999904632568,6.460100173950195,6.46999979019165,22686,0.0,0.0
2023-08-23 15:30:00-04:00,6.46999979019165,6.489999771118164,6.460000038146973,6.480000019073486,70770,0.0,0.0
2023-08-24 09:30:00-04:00,6.5,6.510000228881836,6.480000019073486,6.485000133514404,0,0.0,0.0
2023-08-24 10:30:00-04:00,6.489999771118164,6.5,6.460000038146973,6.46999979019165,47177,0.0,0.0
2023-08-24 11:30:00-04:00,6.46999979019165,6.480000019073486,6.449999809265137,6.46999979019165,52841,0.0,0.0
2023-08-24 12:30:00-04:00,6.46999979019165,6.46999979019165,6.440000057220459,6.448699951171875,36403,0.0,0.0
2023-08-24 13:30:00-04:00,6.449999809265137,6.46999979019165,6.449999809265137,6.46999979019165,41558,0.0,0.0
2023-08-24 14:30:00-04:00,6.46999979019165,6.474999904632568,6.440000057220459,6.441199779510498,57169,0.0,0.0
2023-08-24 15:30:00-04:00,6.445000171661377,6.449999809265137,6.420000076293945,6.434999942779541,51329,0.0,0.0
2023-08-25 09:30:00-04:00,6.440000057220459,6.46999979019165,6.440000057220459,6.449900150299072,50273,0.0,0.0
2023-08-25 10:30:00-04:00,6.445000171661377,6.449999809265137,6.420000076293945,6.429999828338623,65794,0.0,0.0
2023-08-25 11:30:00-04:00,6.434999942779541,6.460000038146973,6.420000076293945,6.454999923706055,64885,0.0,0.0
2023-08-25 12:30:00-04:00,6.454999923706055,6.466000080108643,6.440000057220459,6.440000057220459,29514,0.0,0.0
2023-08-25 13:30:00-04:00,6.445000171661377,6.454999923706055,6.4430999755859375,6.449999809265137,27543,0.0,0.0
2023-08-25 14:30:00-04:00,6.449999809265137,6.480000019073486,6.449999809265137,6.466300010681152,37197,0.0,0.0
2023-08-25 15:30:00-04:00,6.468999862670898,6.46999979019165,6.449999809265137,6.449999809265137,29197,0.0,0.0
2023-08-28 09:30:00-04:00,6.480000019073486,6.5,6.46999979019165,6.488999843597412,0,0.0,0.0
2023-08-28 10:30:00-04:00,6.480000019073486,6.485000133514404,6.46999979019165,6.480000019073486,38252,0.0,0.0
2023-08-28 11:30:00-04:00,6.4710001945495605,6.480000019073486,6.4710001945495605,6.480000019073486,25445,0.0,0.0
2023-08-28 12:30:00-04:00,6.485000133514404,6.519999980926514,6.485000133514404,6.501399993896484,39918,0.0,0.0
2023-08-28 13:30:00-04:00,6.500800132751465,6.510000228881836,6.5,6.5,50952,0.0,0.0
2023-08-28 14:30:00-04:00,6.494800090789795,6.494999885559082,6.465000152587891,6.46999979019165,86386,0.0,0.0
2023-08-28 15:30:00-04:00,6.474999904632568,6.489999771118164,6.46999979019165,6.46999979019165,23202,0.0,0.0
2023-08-29 09:30:00-04:00,6.46999979019165,6.519999980926514,6.445000171661377,6.514999866485596,0,0.0,0.0
2023-08-29 10:30:00-04:00,6.514999866485596,6.539999961853027,6.505000114440918,6.510000228881836,56743,0.0,0.0
2023-08-29 11:30:00-04:00,6.513800144195557,6.519999980926514,6.504799842834473,6.504799842834473,10239,0.0,0.0
2023-08-29 12:30:00-04:00,6.501299858093262,6.519999980926514,6.501299858093262,6.519999980926514,11013,0.0,0.0
2023-08-29 13:30:00-04:00,6.514999866485596,6.528900146484375,6.510000228881836,6.521500110626221,13150,0.0,0.0
2023-08-29 14:30:00-04:00,6.525000095367432,6.550000190734863,6.519999980926514,6.53000020980835,50042,0.0,0.0
2023-08-29 15:30:00-04:00,6.53000020980835,6.539999961853027,6.510000228881836,6.510000228881836,60861,0.0,0.0
2023-08-30 09:30:00-04:00,6.489999771118164,6.53000020980835,6.480100154876709,6.5,76514,0.0,0.0
2023-08-30 10:30:00-04:00,6.510000228881836,6.53000020980835,6.5,6.510000228881836,51198,0.0,0.0
2023-08-30 11:30:00-04:00,6.510799884796143,6.539999961853027,6.510799884796143,6.53000020980835,50084,0.0,0.0
2023-08-30 12:30:00-04:00,6.534999847412109,6.539999961853027,6.53000020980835,6.534999847412109,17522,0.0,0.0
2023-08-30 13:30:00-04:00,6.534999847412109,6.550000190734863,6.519999980926514,6.534999847412109,103224,0.0,0.0
2023-08-30 14:30:00-04:00,6.534999847412109,6.550000190734863,6.53000020980835,6.53000020980835,52863,0.0,0.0
2023-08-30 15:30:00-04:00,6.53000020980835,6.539999961853027,6.53000020980835,6.53000020980835,12096,0.0,0.0
2023-08-31 09:30:00-04:00,6.579999923706055,6.579999923706055,6.510700225830078,6.545000076293945,50161,0.0,0.0
2023-08-31 10:30:00-04:00,6.550000190734863,6.550000190734863,6.53000020980835,6.530099868774414,33737,0.0,0.0
2023-08-31 11:30:00-04:00,6.530099868774414,6.538300037384033,6.519999980926514,6.521599769592285,35730,0.0,0.0
2023-08-31 12:30:00-04:00,6.521200180053711,6.534999847412109,6.519999980926514,6.519999980926514,76930,0.0,0.0
2023-08-31 13:30:00-04:00,6.525000095367432,6.53000020980835,6.519999980926514,6.53000020980835,11006,0.0,0.0
2023-08-31 14:30:00-04:00,6.53000020980835,6.53000020980835,6.510000228881836,6.510000228881836,37848,0.0,0.0
2023-08-31 15:30:00-04:00,6.514999866485596,6.519999980926514,6.510000228881836,6.510000228881836,31150,0.0,0.0
2023-09-01 09:30:00-04:00,6.559999942779541,6.5894999504089355,6.539999961853027,6.559999942779541,0,0.0,0.0
2023-09-01 10:30:00-04:00,6.559999942779541,6.579999923706055,6.519999980926514,6.519999980926514,70341,0.0,0.0
2023-09-01 11:30:00-04:00,6.519999980926514,6.519999980926514,6.510000228881836,6.515900135040283,6509,0.0,0.0
2023-09-01 12:30:00-04:00,6.5100998878479,6.529900074005127,6.510000228881836,6.519999980926514,24794,0.0,0.0
2023-09-01 13:30:00-04:00,6.526800155639648,6.53000020980835,6.511000156402588,6.53000020980835,30328,0.0,0.0
2023-09-01 14:30:00-04:00,6.53000020980835,6.534999847412109,6.511199951171875,6.514999866485596,21709,0.0,0.0
2023-09-01 15:30:00-04:00,6.514999866485596,6.519999980926514,6.510000228881836,6.519999980926514,10537,0.0,0.0
2023-09-05 09:30:00-04:00,6.5,6.510000228881836,6.480000019073486,6.480000019073486,71535,0.0,0.0
2023-09-05 10:30:00-04:00,6.480000019073486,6.485000133514404,6.46999979019165,6.46999979019165,45856,0.0,0.0
2023-09-05 11:30:00-04:00,6.46999979019165,6.475800037384033,6.460000038146973,6.474999904632568,21475,0.0,0.0
2023-09-05 12:30:00-04:00,6.479100227355957,6.480000019073486,6.465000152587891,6.480000019073486,22491,0.0,0.0
2023-09-05 13:30:00-04:00,6.485000133514404,6.489999771118164,6.480100154876709,6.4868998527526855,5635,0.0,0.0
2023-09-05 14:30:00-04:00,6.483699798583984,6.494999885559082,6.483699798583984,6.489999771118164,13549,0.0,0.0
2023-09-05 15:30:00-04:00,6.494999885559082,6.525000095367432,6.489999771118164,6.519999980926514,90405,0.0,0.0
2023-09-06 09:30:00-04:00,6.550000190734863,6.550000190734863,6.505000114440918,6.505000114440918,0,0.0,0.0
2023-09-06 10:30:00-04:00,6.501200199127197,6.510000228881836,6.489999771118164,6.494999885559082,24148,0.0,0.0
2023-09-06 11:30:00-04:00,6.490900039672852,6.505000114440918,6.480000019073486,6.480000019073486,34454,0.0,0.0
2023-09-06 12:30:00-04:00,6.480899810791016,6.489999771118164,6.480000019073486,6.489999771118164,14982,0.0,0.0
2023-09-06 13:30:00-04:00,6.4868998527526855,6.494999885559082,6.4868998527526855,6.494999885559082,3280,0.0,0.0
2023-09-06 14:30:00-04:00,6.494999885559082,6.494999885559082,6.454999923706055,6.454999923706055,59694,0.0,0.0
2023-09-06 15:30:00-04:00,6.449999809265137,6.455599784851074,6.434999942779541,6.440000057220459,68630,0.0,0.0
2023-09-07 09:30:00-04:00,6.429999828338623,6.465000152587891,6.42110013961792,6.434999942779541,44269,0.0,0.0
2023-09-07 10:30:00-04:00,6.440000057220459,6.460000038146973,6.440000057220459,6.460000038146973,13311,0.0,0.0
2023-09-07 11:30:00-04:00,6.460000038146973,6.474999904632568,6.460000038146973,6.460000038146973,18812,0.0,0.0
2023-09-07 12:30:00-04:00,6.460000038146973,6.460000038146973,6.454999923706055,6.459400177001953,8262,0.0,0.0
2023-09-07 13:30:00-04:00,6.454999923706055,6.460000038146973,6.454999923706055,6.454999923706055,1069,0.0,0.0
2023-09-07 14:30:00-04:00,6.454999923706055,6.460000038146973,6.449999809265137,6.454999923706055,0,0.0,0.0
2023-09-07 15:30:00-04:00,6.454999923706055,6.460000038146973,6.449999809265137,6.460000038146973,134706,0.0,0.0
2023-09-08 09:30:00-04:00,6.46999979019165,6.489999771118164,6.460000038146973,6.485000133514404,0,0.0,0.0
2023-09-08 10:30:00-04:00,6.489200115203857,6.489999771118164,6.480000019073486,6.480999946594238,14596,0.0,0.0
2023-09-08 11:30:00-04:00,6.485000133514404,6.485000133514404,6.460000038146973,6.46999979019165,29150,0.0,0.0
2023-09-08 12:30:00-04:00,6.460000038146973,6.485000133514404,6.449999809265137,6.485000133514404,36215,0.0,0.0
2023-09-08 13:30:00-04:00,6.487500190734863,6.489999771118164,6.480000019073486,6.480000019073486,5050,0.0,0.0
2023-09-08 14:30:00-04:00,6.480000019073486,6.497700214385986,6.480000019073486,6.489999771118164,12198,0.0,0.0
2023-09-08 15:30:00-04:00,6.489999771118164,6.494999885559082,6.480000019073486,6.480000019073486,17173,0.0,0.0
2023-09-11 09:30:00-04:00,6.489999771118164,6.5,6.460000038146973,6.460000038146973,58615,0.0,0.0
2023-09-11 10:30:00-04:00,6.460899829864502,6.465000152587891,6.429999828338623,6.434999942779541,71207,0.0,0.0
2023-09-11 11:30:00-04:00,6.430699825286865,6.440000057220459,6.420000076293945,6.429999828338623,28812,0.0,0.0
2023-09-11 12:30:00-04:00,6.429999828338623,6.440000057220459,6.420000076293945,6.440000057220459,8379,0.0,0.0
2023-09-11 13:30:00-04:00,6.425000190734863,6.429999828338623,6.420000076293945,6.420000076293945,14739,0.0,0.0
2023-09-11 14:30:00-04:00,6.429900169372559,6.429999828338623,6.420000076293945,6.425000190734863,8867,0.0,0.0
2023-09-11 15:30:00-04:00,6.429999828338623,6.434999942779541,6.420000076293945,6.425000190734863,33606,0.0,0.0
2023-09-12 09:30:00-04:00,6.409999847412109,6.429999828338623,6.389999866485596,6.409999847412109,71724,0.0,0.0
2023-09-12 10:30:00-04:00,6.411099910736084,6.411099910736084,6.385000228881836,6.389999866485596,27245,0.0,0.0
2023-09-12 11:30:00-04:00,6.385000228881836,6.409999847412109,6.375,6.375,40242,0.0,0.0
2023-09-12 12:30:00-04:00,6.375,6.383900165557861,6.364999771118164,6.375,50614,0.0,0.0
2023-09-12 13:30:00-04:00,6.369999885559082,6.370999813079834,6.349999904632568,6.349999904632568,46590,0.0,0.0
2023-09-12 14:30:00-04:00,6.3520002365112305,6.369999885559082,6.349999904632568,6.369999885559082,65668,0.0,0.0
2023-09-12 15:30:00-04:00,6.369999885559082,6.375,6.360000133514404,6.360000133514404,0,0.0,0.0
2023-09-13 09:30:00-04:00,6.389999866485596,6.400000095367432,6.360000133514404,6.399899959564209,129722,0.0,0.0
2023-09-13 10:30:00-04:00,6.400000095367432,6.420000076293945,6.394999980926514,6.420000076293945,24735,0.0,0.0
2023-09-13 11:30:00-04:00,6.420000076293945,6.429999828338623,6.414999961853027,6.425000190734863,31748,0.0,0.0
2023-09-13 12:30:00-04:00,6.4257001876831055,6.429999828338623,6.420000076293945,6.425000190734863,19206,0.0,0.0
2023-09-13 13:30:00-04:00,6.428999900817871,6.429999828338623,6.409999847412109,6.420000076293945,78234,0.0,0.0
2023-09-13 14:30:00-04:00,6.420000076293945,6.420000076293945,6.409999847412109,6.414999961853027,11185,0.0,0.0
2023-09-13 15:30:00-04:00,6.409999847412109,6.420000076293945,6.409999847412109,6.409999847412109,13890,0.0,0.0
2023-09-14 09:30:00-04:00,6.389999866485596,6.400000095367432,6.355000019073486,6.355199813842773,0,0.0,0.0
2023-09-14 10:30:00-04:00,6.364999771118164,6.378799915313721,6.355000019073486,6.360000133514404,43661,0.0,0.0
2023-09-14 11:30:00-04:00,6.360000133514404,6.369999885559082,6.360000133514404,6.360000133514404,21318,0.0,0.0
2023-09-14 12:30:00-04:00,6.360000133514404,6.380000114440918,6.360000133514404,6.360000133514404,35309,0.0,0.0
2023-09-14 13:30:00-04:00,6.364999771118164,6.369999885559082,6.360000133514404,6.369999885559082,28655,0.0,0.0
2023-09-14 14:30:00-04:00,6.360000133514404,6.369999885559082,6.360000133514404,6.360000133514404,37450,0.0,0.0
2023-09-14 15:30:00-04:00,6.360000133514404,6.369999885559082,6.360000133514404,6.360000133514404,46189,0.0,0.0
2023-09-15 09:30:00-04:00,6.360000133514404,6.360000133514404,6.343999862670898,6.34499979019165,0,0.0,0.0
2023-09-15 10:30:00-04:00,6.34499979019165,6.349999904632568,6.329999923706055,6.329999923706055,42746,0.0,0.0
2023-09-15 11:30:00-04:00,6.340000152587891,6.340000152587891,6.320000171661377,6.340000152587891,54577,0.0,0.0
2023-09-15 12:30:00-04:00,6.329999923706055,6.34499979019165,6.329999923706055,6.339900016784668,32300,0.0,0.0
2023-09-15 13:30:00-04:00,6.340000152587891,6.340000152587891,6.329999923706055,6.335000038146973,4696,0.0,0.0
2023-09-15 14:30:00-04:00,6.340000152587891,6.360000133514404,6.329999923706055,6.340000152587891,109190,0.0,0.0
2023-09-15 15:30:00-04:00,6.340000152587891,6.340000152587891,6.329999923706055,6.329999923706055,18396,0.0,0.0
2023-09-18 09:30:00-04:00,6.320000171661377,6.348599910736084,6.320000171661377,6.3354997634887695,0,0.0,0.0
2023-09-18 10:30:00-04:00,6.335000038146973,6.349999904632568,6.329999923706055,6.343599796295166,89361,0.0,0.0
2023-09-18 11:30:00-04:00,6.34499979019165,6.360000133514404,6.34499979019165,6.354000091552734,19834,0.0,0.0
2023-09-18 12:30:00-04:00,6.355000019073486,6.360000133514404,6.340000152587891,6.340000152587891,18602,0.0,0.0
2023-09-18 13:30:00-04:00,6.340000152587891,6.340000152587891,6.320000171661377,6.323500156402588,75765,0.0,0.0
2023-09-18 14:30:00-04:00,6.327700138092041,6.329999923706055,6.320000171661377,6.320000171661377,33359,0.0,0.0
2023-09-18 15:30:00-04:00,6.324999809265137,6.329999923706055,6.309999942779541,6.329999923706055,31147,0.0,0.0
2023-09-19 09:30:00-04:00,6.340000152587891,6.360000133514404,6.322999954223633,6.34499979019165,46709,0.0,0.0
2023-09-19 10:30:00-04:00,6.34499979019165,6.349999904632568,6.335000038146973,6.34499979019165,19914,0.0,0.0
2023-09-19 11:30:00-04:00,6.340000152587891,6.340000152587891,6.320000171661377,6.340000152587891,36460,0.0,0.0
2023-09-19 12:30:00-04:00,6.340000152587891,6.340000152587891,6.320000171661377,6.329999923706055,35888,0.0,0.0
2023-09-19 13:30:00-04:00,6.320000171661377,6.349999904632568,6.320000171661377,6.349999904632568,35253,0.0,0.0
2023-09-19 14:30:00-04:00,6.349999904632568,6.349999904632568,6.329999923706055,6.335000038146973,48674,0.0,0.0
2023-09-19 15:30:00-04:00,6.335000038146973,6.340000152587891,6.329999923706055,6.329999923706055,14850,0.0,0.0
2023-09-20 09:30:00-04:00,6.369999885559082,6.380000114440918,6.360000133514404,6.369999885559082,0,0.0,0.0
2023-09-20 10:30:00-04:00,6.364999771118164,6.385000228881836,6.360199928283691,6.385000228881836,20150,0.0,0.0
2023-09-20 11:30:00-04:00,6.385000228881836,6.389999866485596,6.369999885559082,6.380000114440918,18849,0.0,0.0
2023-09-20 12:30:00-04:00,6.380099773406982,6.389999866485596,6.369999885559082,6.369999885559082,49193,0.0,0.0
2023-09-20 13:30:00-04:00,6.380000114440918,6.389999866485596,6.364999771118164,6.378300189971924,44307,0.0,0.0
2023-09-20 14:30:00-04:00,6.3734002113342285,6.380000114440918,6.360000133514404,6.364999771118164,31979,0.0,0.0
2023-09-20 15:30:00-04:00,6.363999843597412,6.363999843597412,6.340000152587891,6.349999904632568,66331,0.0,0.0
2023-09-21 09:30:00-04:00,6.320000171661377,6.329999923706055,6.284999847412109,6.329999923706055,94230,0.0,0.0
2023-09-21 10:30:00-04:00,6.329999923706055,6.340000152587891,6.300000190734863,6.304999828338623,49034,0.0,0.0
2023-09-21 11:30:00-04:00,6.304999828338623,6.309999942779541,6.300000190734863,6.309999942779541,12115,0.0,0.0
2023-09-21 12:30:00-04:00,6.309999942779541,6.320000171661377,6.300099849700928,6.315000057220459,24041,0.0,0.0
2023-09-21 13:30:00-04:00,6.315000057220459,6.329999923706055,6.300000190734863,6.309999942779541,58979,0.0,0.0
2023-09-21 14:30:00-04:00,6.304999828338623,6.309999942779541,6.289999961853027,6.289999961853027,32066,0.0,0.0
2023-09-21 15:30:00-04:00,6.2932000160217285,6.2932000160217285,6.28000020980835,6.284999847412109,36492,0.0,0.0
2023-09-22 09:30:00-04:00,6.309999942779541,6.329999923706055,6.28000020980835,6.3125,65359,0.0,0.0
2023-09-22 10:30:00-04:00,6.320000171661377,6.349999904632568,6.315000057220459,6.332499980926514,24028,0.0,0.0
2023-09-22 11:30:00-04:00,6.340000152587891,6.349999904632568,6.329999923706055,6.331500053405762,32636,0.0,0.0
2023-09-22 12:30:00-04:00,6.339300155639648,6.349999904632568,6.329999923706055,6.335000038146973,52116,0.0,0.0
2023-09-22 13:30:00-04:00,6.335000038146973,6.340000152587891,6.324999809265137,6.335000038146973,11074,0.0,0.0
2023-09-22 14:30:00-04:00,6.335000038146973,6.34499979019165,6.3125,6.34499979019165,71895,0.0,0.0
2023-09-22 15:30:00-04:00,6.34499979019165,6.34499979019165,6.320000171661377,6.329999923706055,36922,0.0,0.0
2023-09-25 09:30:00-04:00,6.300000190734863,6.34499979019165,6.300000190734863,6.329999923706055,0,0.0,0.0
2023-09-25 10:30:00-04:00,6.324999809265137,6.3429999351501465,6.324999809265137,6.335000038146973,36624,0.0,0.0
2023-09-25 11:30:00-04:00,6.335000038146973,6.340000152587891,6.315000057220459,6.324999809265137,28430,0.0,0.0
2023-09-25 12:30:00-04:00,6.324999809265137,6.340000152587891,6.315000057220459,6.335000038146973,60138,0.0,0.0
2023-09-25 13:30:00-04:00,6.335000038146973,6.335299968719482,6.309999942779541,6.320000171661377,36435,0.0,0.0
2023-09-25 14:30:00-04:00,6.315000057220459,6.324999809265137,6.304999828338623,6.315000057220459,31991,0.0,0.0
2023-09-25 15:30:00-04:00,6.320000171661377,6.320000171661377,6.300000190734863,6.315000057220459,67239,0.0,0.0
2023-09-26 09:30:00-04:00,6.309999942779541,6.329999923706055,6.309999942779541,6.329999923706055,49622,0.0,0.0
2023-09-26 10:30:00-04:00,6.329999923706055,6.329999923706055,6.301400184631348,6.304999828338623,53867,0.0,0.0
2023-09-26 11:30:00-04:00,6.304999828338623,6.315000057220459,6.300000190734863,6.309999942779541,50652,0.0,0.0
2023-09-26 12:30:00-04:00,6.309999942779541,6.309999942779541,6.300000190734863,6.304999828338623,16947,0.0,0.0
2023-09-26 13:30:00-04:00,6.304999828338623,6.309999942779541,6.270100116729736,6.275000095367432,67271,0.0,0.0
2023-09-26 14:30:00-04:00,6.275000095367432,6.284999847412109,6.269999980926514,6.275000095367432,104251,0.0,0.0
2023-09-26 15:30:00-04:00,6.275000095367432,6.300000190734863,6.269999980926514,6.284999847412109,56571,0.0,0.0
2023-09-27 09:30:00-04:00,6.289999961853027,6.320000171661377,6.269999980926514,6.300000190734863,67592,0.0,0.0
2023-09-27 10:30:00-04:00,6.300000190734863,6.300000190734863,6.269999980926514,6.28000020980835,14404,0.0,0.0
2023-09-27 11:30:00-04:00,6.28000020980835,6.289899826049805,6.269999980926514,6.269999980926514,25447,0.0,0.0
2023-09-27 12:30:00-04:00,6.269999980926514,6.275000095367432,6.239999771118164,6.239999771118164,79376,0.0,0.0
2023-09-27 13:30:00-04:00,6.239999771118164,6.28000020980835,6.239999771118164,6.28000020980835,61437,0.0,0.0
2023-09-27 14:30:00-04:00,6.275000095367432,6.304999828338623,6.275000095367432,6.293499946594238,161609,0.0,0.0
2023-09-27 15:30:00-04:00,6.289999961853027,6.309999942779541,6.269999980926514,6.300000190734863,72668,0.0,0.0
2023-09-28 09:30:00-04:00,6.28000020980835,6.329999923706055,6.28000020980835,6.320000171661377,88593,0.0,0.0
2023-09-28 10:30:00-04:00,6.3125,6.349999904632568,6.300000190734863,6.340000152587891,106640,0.0,0.0
2023-09-28 11:30:00-04:00,6.340000152587891,6.355000019073486,6.340000152587891,6.34499979019165,106597,0.0,0.0
2023-09-28 12:30:00-04:00,6.34499979019165,6.34499979019165,6.329999923706055,6.329999923706055,17853,0.0,0.0
2023-09-28 13:30:00-04:00,6.329999923706055,6.340000152587891,6.329999923706055,6.335000038146973,26444,0.0,0.0
2023-09-28 14:30:00-04:00,6.335000038146973,6.349999904632568,6.329999923706055,6.34499979019165,47318,0.0,0.0
2023-09-28 15:30:00-04:00,6.349999904632568,6.360000133514404,6.344200134277344,6.355000019073486,44862,0.0,0.0
2023-09-29 09:30:00-04:00,6.369999885559082,6.40500020980835,6.369999885559082,6.385000228881836,0,0.0,0.0
2023-09-29 10:30:00-04:00,6.385000228881836,6.420000076293945,6.385000228881836,6.414999961853027,22407,0.0,0.0
2023-09-29 11:30:00-04:00,6.414999961853027,6.420000076293945,6.3815999031066895,6.389999866485596,34313,0.0,0.0
2023-09-29 12:30:00-04:00,6.39900016784668,6.400000095367432,6.369999885559082,6.375,23282,0.0,0.0
2023-09-29 13:30:00-04:00,6.375,6.380000114440918,6.349999904632568,6.349999904632568,44348,0.0,0.0
2023-09-29 14:30:00-04:00,6.355000019073486,6.369999885559082,6.349999904632568,6.349999904632568,53658,0.0,0.0
2023-09-29 15:30:00-04:00,6.349999904632568,6.360000133514404,6.349999904632568,6.349999904632568,50943,0.0,0.0
2023-10-02 09:30:00-04:00,6.349999904632568,6.380000114440918,6.329999923706055,6.329999923706055,88723,0.0,0.0
2023-10-02 10:30:00-04:00,6.3308000564575195,6.3308000564575195,6.309999942779541,6.320000171661377,44142,0.0,0.0
2023-10-02 11:30:00-04:00,6.320000171661377,6.322800159454346,6.300000190734863,6.310100078582764,43296,0.0,0.0
2023-10-02 12:30:00-04:00,6.310999870300293,6.320000171661377,6.300000190734863,6.315000057220459,22942,0.0,0.0
2023-10-02 13:30:00-04:00,6.310999870300293,6.324999809265137,6.309999942779541,6.309999942779541,19743,0.0,0.0
2023-10-02 14:30:00-04:00,6.309999942779541,6.319900035858154,6.28000020980835,6.295000076293945,151300,0.0,0.0
2023-10-02 15:30:00-04:00,6.295000076293945,6.300000190734863,6.270999908447266,6.289999961853027,58070,0.0,0.0
2023-10-03 09:30:00-04:00,6.260000228881836,6.28000020980835,6.210000038146973,6.210000038146973,84560,0.0,0.0
2023-10-03 10:30:00-04:00,6.21999979019165,6.21999979019165,6.170000076293945,6.175000190734863,49876,0.0,0.0
2023-10-03 11:30:00-04:00,6.170100212097168,6.179999828338623,6.164999961853027,6.179999828338623,52069,0.0,0.0
2023-10-03 12:30:00-04:00,6.179999828338623,6.190000057220459,6.172100067138672,6.177999973297119,13200,0.0,0.0
2023-10-03 13:30:00-04:00,6.170000076293945,6.170000076293945,6.130000114440918,6.135000228881836,64407,0.0,0.0
2023-10-03 14:30:00-04:00,6.139999866485596,6.139999866485596,6.119999885559082,6.128399848937988,53410,0.0,0.0
2023-10-03 15:30:00-04:00,6.125,6.150000095367432,6.1209001541137695,6.150000095367432,40078,0.0,0.0
2023-10-04 09:30:00-04:00,6.139999866485596,6.199999809265137,6.139999866485596,6.155799865722656,0,0.0,0.0
2023-10-04 10:30:00-04:00,6.150000095367432,6.184999942779541,6.150000095367432,6.184999942779541,38058,0.0,0.0
2023-10-04 11:30:00-04:00,6.184999942779541,6.190000057220459,6.170000076293945,6.184999942779541,38800,0.0,0.0
2023-10-04 12:30:00-04:00,6.184999942779541,6.199999809265137,6.170000076293945,6.175000190734863,41644,0.0,0.0
2023-10-04 13:30:00-04:00,6.179599761962891,6.179999828338623,6.159999847412109,6.177199840545654,45337,0.0,0.0
2023-10-04 14:30:00-04:00,6.175000190734863,6.179999828338623,6.160099983215332,6.179999828338623,18851,0.0,0.0
2023-10-04 15:30:00-04:00,6.179999828338623,6.199999809265137,6.174900054931641,6.195000171661377,49311,0.0,0.0
2023-10-05 09:30:00-04:00,6.179999828338623,6.230000019073486,6.159999847412109,6.179999828338623,65874,0.0,0.0
2023-10-05 10:30:00-04:00,6.1757001876831055,6.1757001876831055,6.159999847412109,6.170000076293945,35408,0.0,0.0
2023-10-05 11:30:00-04:00,6.1691999435424805,6.1691999435424805,6.150000095367432,6.15500020980835,24507,0.0,0.0
2023-10-05 12:30:00-04:00,6.150100231170654,6.159999847412109,6.135000228881836,6.138999938964844,32691,0.0,0.0
2023-10-05 13:30:00-04:00,6.135000228881836,6.154699802398682,6.135000228881836,6.146399974822998,31085,0.0,0.0
2023-10-05 14:30:00-04:00,6.144999980926514,6.150000095367432,6.139999866485596,6.139999866485596,41598,0.0,0.0
2023-10-05 15:30:00-04:00,6.139999866485596,6.150000095367432,6.139999866485596,6.139999866485596,29537,0.0,0.0
2023-10-06 09:30:00-04:00,6.099999904632568,6.099999904632568,6.050000190734863,6.085000038146973,128012,0.0,0.0
2023-10-06 10:30:00-04:00,6.083499908447266,6.110000133514404,6.078999996185303,6.110000133514404,38512,0.0,0.0
2023-10-06 11:30:00-04:00,6.119999885559082,6.120999813079834,6.090000152587891,6.096199989318848,62458,0.0,0.0
2023-10-06 12:30:00-04:00,6.099999904632568,6.106599807739258,6.090000152587891,6.099999904632568,35434,0.0,0.0
2023-10-06 13:30:00-04:00,6.099999904632568,6.110000133514404,6.090000152587891,6.097799777984619,40895,0.0,0.0
2023-10-06 14:30:00-04:00,6.097799777984619,6.097799777984619,6.079999923706055,6.085000038146973,38907,0.0,0.0
2023-10-06 15:30:00-04:00,6.079999923706055,6.090000152587891,6.070000171661377,6.070000171661377,24964,0.0,0.0
2023-10-09 09:30:00-04:00,6.119999885559082,6.159999847412109,6.090000152587891,6.150000095367432,131467,0.0,0.0
2023-10-09 10:30:00-04:00,6.150000095367432,6.190000057220459,6.150000095367432,6.1809000968933105,122370,0.0,0.0
2023-10-09 11:30:00-04:00,6.179999828338623,6.190000057220459,6.170000076293945,6.179900169372559,21600,0.0,0.0
2023-10-09 12:30:00-04:00,6.170000076293945,6.179900169372559,6.164999961853027,6.175000190734863,13635,0.0,0.0
2023-10-09 13:30:00-04:00,6.170000076293945,6.199999809265137,6.170000076293945,6.195000171661377,67837,0.0,0.0
2023-10-09 14:30:00-04:00,6.190000057220459,6.209000110626221,6.190000057220459,6.204999923706055,54501,0.0,0.0
2023-10-09 15:30:00-04:00,6.199999809265137,6.210000038146973,6.190000057220459,6.199999809265137,61680,0.0,0.0
2023-10-10 09:30:00-04:00,6.25,6.260000228881836,6.21999979019165,6.235000133514404,100530,0.0,0.0
2023-10-10 10:30:00-04:00,6.235000133514404,6.249899864196777,6.230000019073486,6.244999885559082,38565,0.0,0.0
2023-10-10 11:30:00-04:00,6.25,6.25,6.239999771118164,6.244999885559082,52805,0.0,0.0
2023-10-10 12:30:00-04:00,6.244999885559082,6.25,6.239999771118164,6.239999771118164,42052,0.0,0.0
2023-10-10 13:30:00-04:00,6.248700141906738,6.25,6.239999771118164,6.240099906921387,42133,0.0,0.0
2023-10-10 14:30:00-04:00,6.24459981918335,6.25,6.239999771118164,6.244999885559082,16376,0.0,0.0
2023-10-10 15:30:00-04:00,6.244999885559082,6.260000228881836,6.239999771118164,6.260000228881836,72087,0.0,0.0
2023-10-11 09:30:00-04:00,6.28000020980835,6.309999942779541,6.260000228881836,6.289999961853027,141368,0.0,0.0
2023-10-11 10:30:00-04:00,6.289999961853027,6.293000221252441,6.28000020980835,6.286099910736084,86261,0.0,0.0
2023-10-11 11:30:00-04:00,6.28000020980835,6.287899971008301,6.260000228881836,6.260000228881836,57344,0.0,0.0
2023-10-11 12:30:00-04:00,6.261000156402588,6.269999980926514,6.260000228881836,6.260000228881836,27916,0.0,0.0
2023-10-11 13:30:00-04:00,6.264100074768066,6.269999980926514,6.25,6.260000228881836,25494,0.0,0.0
2023-10-11 14:30:00-04:00,6.264999866485596,6.264999866485596,6.25,6.25,34456,0.0,0.0
2023-10-11 15:30:00-04:00,6.25,6.255000114440918,6.239999771118164,6.25,26336,0.0,0.0
2023-10-12 09:30:00-04:00,6.21999979019165,6.230000019073486,6.179999828338623,6.199999809265137,77799,0.0,0.0
2023-10-12 10:30:00-04:00,6.190000057220459,6.195000171661377,6.170000076293945,6.18149995803833,34809,0.0,0.0
2023-10-12 11:30:00-04:00,6.181000232696533,6.199999809265137,6.179999828338623,6.195000171661377,46586,0.0,0.0
2023-10-12 12:30:00-04:00,6.190100193023682,6.210000038146973,6.175000190734863,6.182000160217285,77901,0.0,0.0
2023-10-12 13:30:00-04:00,6.184999942779541,6.190000057220459,6.150000095367432,6.1519999504089355,40305,0.0,0.0
2023-10-12 14:30:00-04:00,6.153600215911865,6.170000076293945,6.150000095367432,6.170000076293945,100104,0.0,0.0
2023-10-12 15:30:00-04:00,6.164999961853027,6.179999828338623,6.160099983215332,6.170000076293945,59797,0.0,0.0
2023-10-13 09:30:00-04:00,6.230000019073486,6.250999927520752,6.179999828338623,6.183700084686279,112269,0.0,0.0
2023-10-13 10:30:00-04:00,6.184999942779541,6.190000057220459,6.170000076293945,6.173699855804443,34034,0.0,0.0
2023-10-13 11:30:00-04:00,6.170000076293945,6.179999828338623,6.170000076293945,6.170000076293945,27387,0.0,0.0
2023-10-13 12:30:00-04:00,6.170000076293945,6.188600063323975,6.150000095367432,6.150000095367432,43052,0.0,0.0
2023-10-13 13:30:00-04:00,6.150000095367432,6.150000095367432,6.130000114440918,6.139999866485596,42808,0.0,0.0
2023-10-13 14:30:00-04:00,6.149899959564209,6.149899959564209,6.119999885559082,6.119999885559082,62258,0.0,0.0
2023-10-13 15:30:00-04:00,6.119999885559082,6.130000114440918,6.119999885559082,6.130000114440918,43644,0.0,0.0
2023-10-16 09:30:00-04:00,6.190000057220459,6.190000057220459,6.119999885559082,6.139999866485596,229258,0.0,0.0
2023-10-16 10:30:00-04:00,6.139999866485596,6.150000095367432,6.110000133514404,6.110000133514404,103178,0.0,0.0
2023-10-16 11:30:00-04:00,6.114999771118164,6.114999771118164,6.099999904632568,6.099999904632568,68125,0.0,0.0
2023-10-16 12:30:00-04:00,6.099999904632568,6.110000133514404,6.09499979019165,6.09499979019165,47922,0.0,0.0
2023-10-16 13:30:00-04:00,6.09499979019165,6.110000133514404,6.059999942779541,6.065000057220459,104335,0.0,0.0
2023-10-16 14:30:00-04:00,6.059999942779541,6.070000171661377,6.039999961853027,6.054999828338623,94901,0.0,0.0
2023-10-16 15:30:00-04:00,6.054999828338623,6.070000171661377,6.050000190734863,6.059999942779541,94285,0.0,0.0
2023-10-17 09:30:00-04:00,6.050000190734863,6.050000190734863,6.0,6.025000095367432,136434,0.0,0.0
2023-10-17 10:30:00-04:00,6.025000095367432,6.03000020980835,6.019999980926514,6.021999835968018,63341,0.0,0.0
2023-10-17 11:30:00-04:00,6.025000095367432,6.03000020980835,6.010000228881836,6.025000095367432,79277,0.0,0.0
2023-10-17 12:30:00-04:00,6.023900032043457,6.039999961853027,6.019999980926514,6.034999847412109,145584,0.0,0.0
2023-10-17 13:30:00-04:00,6.038300037384033,6.039400100708008,6.019999980926514,6.025000095367432,39627,0.0,0.0
2023-10-17 14:30:00-04:00,6.025000095367432,6.03000020980835,6.019999980926514,6.025000095367432,45848,0.0,0.0
2023-10-17 15:30:00-04:00,6.03000020980835,6.050000190734863,6.025000095367432,6.039999961853027,87593,0.0,0.0
2023-10-18 09:30:00-04:00,6.070000171661377,6.070000171661377,6.031000137329102,6.039999961853027,85229,0.0,0.0
2023-10-18 10:30:00-04:00,6.039999961853027,6.059999942779541,6.039999961853027,6.050000190734863,37388,0.0,0.0
2023-10-18 11:30:00-04:00,6.054999828338623,6.054999828338623,6.039999961853027,6.039999961853027,40130,0.0,0.0
2023-10-18 12:30:00-04:00,6.039999961853027,6.059999942779541,6.039999961853027,6.054999828338623,39651,0.0,0.0
2023-10-18 13:30:00-04:00,6.054999828338623,6.059999942779541,6.050000190734863,6.05049991607666,34623,0.0,0.0
2023-10-18 14:30:00-04:00,6.052999973297119,6.059999942779541,6.039999961853027,6.045000076293945,36888,0.0,0.0
2023-10-18 15:30:00-04:00,6.039999961853027,6.050000190734863,6.03000020980835,6.045000076293945,70716,0.0,0.0
2023-10-19 09:30:00-04:00,6.079999923706055,6.079999923706055,6.039999961853027,6.050000190734863,0,0.0,0.0
2023-10-19 10:30:00-04:00,6.050000190734863,6.050000190734863,6.019999980926514,6.03000020980835,26938,0.0,0.0
2023-10-19 11:30:00-04:00,6.029900074005127,6.039999961853027,6.019999980926514,6.028900146484375,38611,0.0,0.0
2023-10-19 12:30:00-04:00,6.03000020980835,6.039999961853027,6.0,6.034999847412109,26777,0.0,0.0
2023-10-19 13:30:00-04:00,6.036600112915039,6.036600112915039,5.989999771118164,5.994999885559082,36157,0.0,0.0
2023-10-19 14:30:00-04:00,5.989999771118164,6.0,5.96999979019165,5.985000133514404,46237,0.0,0.0
2023-10-19 15:30:00-04:00,5.985000133514404,5.9899001121521,5.96999979019165,5.96999979019165,50102,0.0,0.0
2023-10-20 09:30:00-04:00,6.0,6.001200199127197,5.949999809265137,5.965000152587891,60177,0.0,0.0
2023-10-20 10:30:00-04:00,5.96999979019165,6.0,5.965000152587891,5.980000019073486,79649,0.0,0.0
2023-10-20 11:30:00-04:00,5.974999904632568,5.989999771118164,5.96999979019165,5.980000019073486,62403,0.0,0.0
2023-10-20 12:30:00-04:00,5.980000019073486,6.010000228881836,5.979899883270264,6.005000114440918,57064,0.0,0.0
2023-10-20 13:30:00-04:00,6.008900165557861,6.010000228881836,5.989999771118164,6.010000228881836,68431,0.0,0.0
2023-10-20 14:30:00-04:00,6.007900238037109,6.010000228881836,5.989999771118164,6.0,85757,0.0,0.0
2023-10-20 15:30:00-04:00,6.0,6.0,5.989999771118164,5.994999885559082,63234,0.0,0.0
2023-10-23 09:30:00-04:00,5.960000038146973,6.0,5.949999809265137,5.994999885559082,0,0.0,0.0
2023-10-23 10:30:00-04:00,5.994999885559082,5.994999885559082,5.949999809265137,5.974999904632568,87835,0.0,0.0
2023-10-23 11:30:00-04:00,5.974999904632568,5.974999904632568,5.949999809265137,5.954999923706055,90685,0.0,0.0
2023-10-23 12:30:00-04:00,5.954999923706055,5.960000038146973,5.940000057220459,5.945000171661377,111793,0.0,0.0
2023-10-23 13:30:00-04:00,5.945000171661377,5.965000152587891,5.940000057220459,5.949999809265137,137771,0.0,0.0
2023-10-23 14:30:00-04:00,5.949999809265137,5.96999979019165,5.949999809265137,5.954999923706055,108358,0.0,0.0
2023-10-23 15:30:00-04:00,5.954999923706055,5.960000038146973,5.949999809265137,5.949999809265137,51693,0.0,0.0
2023-10-24 09:30:00-04:00,5.980000019073486,6.025000095367432,5.96999979019165,6.025000095367432,133852,0.0,0.0
2023-10-24 10:30:00-04:00,6.025000095367432,6.034999847412109,6.0,6.005000114440918,81307,0.0,0.0
2023-10-24 11:30:00-04:00,6.005000114440918,6.019999980926514,6.0,6.012800216674805,32701,0.0,0.0
2023-10-24 12:30:00-04:00,6.0100998878479,6.019400119781494,6.0,6.005000114440918,45477,0.0,0.0
2023-10-24 13:30:00-04:00,6.005000114440918,6.010000228881836,5.989999771118164,5.994999885559082,25826,0.0,0.0
2023-10-24 14:30:00-04:00,5.994999885559082,6.010000228881836,5.994999885559082,6.009900093078613,25390,0.0,0.0
2023-10-24 15:30:00-04:00,6.010000228881836,6.019999980926514,6.005000114440918,6.010000228881836,15725,0.0,0.0
2023-10-25 09:30:00-04:00,6.019999980926514,6.019999980926514,5.965000152587891,5.96999979019165,36090,0.0,0.0
2023-10-25 10:30:00-04:00,5.978300094604492,5.980000019073486,5.9653000831604,5.974999904632568,42296,0.0,0.0
2023-10-25 11:30:00-04:00,5.974999904632568,6.010000228881836,5.974999904632568,6.0,53177,0.0,0.0
2023-10-25 12:30:00-04:00,6.0,6.009900093078613,5.965000152587891,5.980000019073486,89120,0.0,0.0
2023-10-25 13:30:00-04:00,5.974299907684326,5.994200229644775,5.974299907684326,5.994200229644775,19369,0.0,0.0
2023-10-25 14:30:00-04:00,5.995200157165527,5.995200157165527,5.96999979019165,5.985000133514404,34460,0.0,0.0
2023-10-25 15:30:00-04:00,5.9899001121521,5.994999885559082,5.980000019073486,5.988999843597412,27347,0.0,0.0
2023-10-26 09:30:00-04:00,6.019999980926514,6.0329999923706055,5.9679999351501465,6.019999980926514,117740,0.0,0.0
2023-10-26 10:30:00-04:00,6.014999866485596,6.045000076293945,6.0,6.045000076293945,116937,0.0,0.0
2023-10-26 11:30:00-04:00,6.050000190734863,6.054999828338623,6.019999980926514,6.039999961853027,115631,0.0,0.0
2023-10-26 12:30:00-04:00,6.039999961853027,6.039999961853027,6.019999980926514,6.039999961853027,122008,0.0,0.0
2023-10-26 13:30:00-04:00,6.039999961853027,6.054999828338623,6.03000020980835,6.050000190734863,88301,0.0,0.0
2023-10-26 14:30:00-04:00,6.050000190734863,6.050000190734863,6.019999980926514,6.0304999351501465,109469,0.0,0.0
2023-10-26 15:30:00-04:00,6.034999847412109,6.050000190734863,6.03000020980835,6.039999961853027,53895,0.0,0.0
2023-10-27 09:30:00-04:00,6.03000020980835,6.03000020980835,5.985000133514404,6.003300189971924,50888,0.0,0.0
2023-10-27 10:30:00-04:00,6.0,6.019999980926514,6.0,6.012199878692627,15016,0.0,0.0
2023-10-27 11:30:00-04:00,6.014999866485596,6.019899845123291,6.0,6.010000228881836,13767,0.0,0.0
2023-10-27 12:30:00-04:00,6.010000228881836,6.010000228881836,6.0,6.010000228881836,9413,0.0,0.0
2023-10-27 13:30:00-04:00,6.005000114440918,6.019999980926514,6.0,6.010000228881836,34182,0.0,0.0
2023-10-27 14:30:00-04:00,6.010000228881836,6.019999980926514,6.0,6.008399963378906,55375,0.0,0.0
2023-10-27 15:30:00-04:00,6.005000114440918,6.010000228881836,6.0,6.0,27110,0.0,0.0
2023-10-30 09:30:00-04:00,6.03000020980835,6.050000190734863,6.010000228881836,6.010000228881836,52940,0.0,0.0
2023-10-30 10:30:00-04:00,6.019199848175049,6.03000020980835,6.010000228881836,6.014999866485596,44836,0.0,0.0
2023-10-30 11:30:00-04:00,6.019999980926514,6.050000190734863,6.019999980926514,6.050000190734863,31500,0.0,0.0
2023-10-30 12:30:00-04:00,6.045000076293945,6.079999923706055,6.039999961853027,6.067999839782715,60363,0.0,0.0
2023-10-30 13:30:00-04:00,6.067500114440918,6.079999923706055,6.065000057220459,6.079999923706055,17585,0.0,0.0
2023-10-30 14:30:00-04:00,6.079999923706055,6.099999904632568,6.079999923706055,6.079999923706055,39439,0.0,0.0
2023-10-30 15:30:00-04:00,6.085000038146973,6.089900016784668,6.070000171661377,6.070000171661377,23697,0.0,0.0
2023-10-31 09:30:00-04:00,6.110000133514404,6.110000133514404,6.059999942779541,6.090000152587891,0,0.0,0.0
2023-10-31 10:30:00-04:00,6.090000152587891,6.110000133514404,6.079999923706055,6.099999904632568,32041,0.0,0.0
2023-10-31 11:30:00-04:00,6.105000019073486,6.105000019073486,6.079999923706055,6.079999923706055,40562,0.0,0.0
2023-10-31 12:30:00-04:00,6.079999923706055,6.0894999504089355,6.070000171661377,6.079999923706055,36640,0.0,0.0
2023-10-31 13:30:00-04:00,6.079999923706055,6.088600158691406,6.074999809265137,6.085000038146973,40760,0.0,0.0
2023-10-31 14:30:00-04:00,6.079999923706055,6.099999904632568,6.070000171661377,6.090000152587891,99312,0.0,0.0
2023-10-31 15:30:00-04:00,6.085000038146973,6.085000038146973,6.038599967956543,6.039999961853027,370249,0.0,0.0
2023-11-01 09:30:00-04:00,6.099999904632568,6.139999866485596,6.079999923706055,6.135000228881836,0,0.0,0.0
2023-11-01 10:30:00-04:00,6.139900207519531,6.150000095367432,6.119999885559082,6.119999885559082,41421,0.0,0.0
2023-11-01 11:30:00-04:00,6.125,6.135000228881836,6.110000133514404,6.135000228881836,44995,0.0,0.0
2023-11-01 12:30:00-04:00,6.135000228881836,6.135000228881836,6.110000133514404,6.129899978637695,39883,0.0,0.0
2023-11-01 13:30:00-04:00,6.130000114440918,6.139999866485596,6.130000114440918,6.135000228881836,37717,0.0,0.0
2023-11-01 14:30:00-04:00,6.135000228881836,6.150000095367432,6.114999771118164,6.150000095367432,56224,0.0,0.0
2023-11-01 15:30:00-04:00,6.150000095367432,6.159999847412109,6.149899959564209,6.15500020980835,24839,0.0,0.0
2023-11-02 09:30:00-04:00,6.170000076293945,6.239999771118164,6.170000076293945,6.231500148773193,129796,0.0,0.0
2023-11-02 10:30:00-04:00,6.23799991607666,6.260000228881836,6.230000019073486,6.260000228881836,49949,0.0,0.0
2023-11-02 11:30:00-04:00,6.256899833679199,6.279900074005127,6.256899833679199,6.279900074005127,77373,0.0,0.0
2023-11-02 12:30:00-04:00,6.28000020980835,6.304999828338623,6.269999980926514,6.300000190734863,85054,0.0,0.0
2023-11-02 13:30:00-04:00,6.300000190734863,6.319900035858154,6.289999961853027,6.295000076293945,68649,0.0,0.0
2023-11-02 14:30:00-04:00,6.300000190734863,6.320000171661377,6.284999847412109,6.295000076293945,122758,0.0,0.0
2023-11-02 15:30:00-04:00,6.295000076293945,6.309999942779541,6.289999961853027,6.300000190734863,74866,0.0,0.0
2023-11-03 09:30:00-04:00,6.380000114440918,6.429999828338623,6.380000114440918,6.414999961853027,0,0.0,0.0
2023-11-03 10:30:00-04:00,6.414999961853027,6.420000076293945,6.391600131988525,6.410999774932861,66847,0.0,0.0
2023-11-03 11:30:00-04:00,6.409999847412109,6.420000076293945,6.400000095367432,6.420000076293945,40428,0.0,0.0
2023-11-03 12:30:00-04:00,6.419099807739258,6.420000076293945,6.394999980926514,6.394999980926514,30848,0.0,0.0
2023-11-03 13:30:00-04:00,6.39900016784668,6.409999847412109,6.369999885559082,6.375400066375732,37140,0.0,0.0
2023-11-03 14:30:00-04:00,6.379199981689453,6.380000114440918,6.355000019073486,6.364999771118164,104393,0.0,0.0
2023-11-03 15:30:00-04:00,6.364999771118164,6.369999885559082,6.340000152587891,6.340000152587891,144348,0.0,0.0
2023-11-06 09:30:00-05:00,6.360000133514404,6.360000133514404,6.309999942779541,6.320000171661377,91351,0.0,0.0
2023-11-06 10:30:00-05:00,6.315000057220459,6.324999809265137,6.309999942779541,6.324999809265137,54425,0.0,0.0
2023-11-06 11:30:00-05:00,6.320000171661377,6.329999923706055,6.304999828338623,6.324999809265137,63061,0.0,0.0
2023-11-06 12:30:00-05:00,6.324999809265137,6.324999809265137,6.300000190734863,6.301499843597412,34288,0.0,0.0
2023-11-06 13:30:00-05:00,6.308800220489502,6.309999942779541,6.28000020980835,6.28000020980835,39705,0.0,0.0
2023-11-06 14:30:00-05:00,6.288000106811523,6.295000076293945,6.260000228881836,6.270599842071533,79551,0.0,0.0
2023-11-06 15:30:00-05:00,6.269999980926514,6.28000020980835,6.269999980926514,6.28000020980835,51987,0.0,0.0
2023-11-07 09:30:00-05:00,6.300000190734863,6.329800128936768,6.269999980926514,6.320000171661377,121009,0.0,0.0
2023-11-07 10:30:00-05:00,6.320000171661377,6.324999809265137,6.289999961853027,6.289999961853027,168259,0.0,0.0
2023-11-07 11:30:00-05:00,6.297500133514404,6.300000190734863,6.275000095367432,6.289999961853027,35153,0.0,0.0
2023-11-07 12:30:00-05:00,6.284999847412109,6.289999961853027,6.25,6.260300159454346,123485,0.0,0.0
2023-11-07 13:30:00-05:00,6.260000228881836,6.269999980926514,6.25,6.25,33232,0.0,0.0
2023-11-07 14:30:00-05:00,6.255000114440918,6.269999980926514,6.239999771118164,6.239999771118164,115746,0.0,0.0
2023-11-07 15:30:00-05:00,6.237199783325195,6.25,6.230000019073486,6.239999771118164,82507,0.0,0.0
2023-11-08 09:30:00-05:00,6.25,6.25,6.199999809265137,6.204999923706055,274535,0.0,0.0
2023-11-08 10:30:00-05:00,6.204999923706055,6.230000019073486,6.190000057220459,6.210000038146973,209928,0.0,0.0
2023-11-08 11:30:00-05:00,6.210000038146973,6.230000019073486,6.204999923706055,6.230000019073486,118235,0.0,0.0
2023-11-08 12:30:00-05:00,6.224999904632568,6.25,6.199999809265137,6.25,399400,0.0,0.0
2023-11-08 13:30:00-05:00,6.249000072479248,6.25,6.230000019073486,6.239999771118164,166516,0.0,0.0
2023-11-08 14:30:00-05:00,6.235000133514404,6.244999885559082,6.21999979019165,6.230000019073486,180662,0.0,0.0
2023-11-08 15:30:00-05:00,6.235000133514404,6.2459001541137695,6.230000019073486,6.239999771118164,108010,0.0,0.0
2023-11-09 09:30:00-05:00,6.239999771118164,6.25,6.210000038146973,6.21999979019165,191603,0.0,0.0
2023-11-09 10:30:00-05:00,6.215000152587891,6.230000019073486,6.199999809265137,6.21999979019165,87051,0.0,0.0
2023-11-09 11:30:00-05:00,6.230000019073486,6.244999885559082,6.21999979019165,6.239999771118164,112083,0.0,0.0
2023-11-09 12:30:00-05:00,6.244999885559082,6.25,6.199999809265137,6.199999809265137,127791,0.0,0.0
2023-11-09 13:30:00-05:00,6.204999923706055,6.21999979019165,6.139999866485596,6.15500020980835,163388,0.0,0.0
2023-11-09 14:30:00-05:00,6.159999847412109,6.167600154876709,6.139999866485596,6.145599842071533,174942,0.0,0.0
2023-11-09 15:30:00-05:00,6.139999866485596,6.150000095367432,6.130000114440918,6.150000095367432,78582,0.0,0.0
2023-11-10 09:30:00-05:00,6.170000076293945,6.230000019073486,6.161600112915039,6.210000038146973,185051,0.0,0.0
2023-11-10 10:30:00-05:00,6.209199905395508,6.229000091552734,6.199999809265137,6.215000152587891,59741,0.0,0.0
2023-11-10 11:30:00-05:00,6.215000152587891,6.239999771118164,6.210000038146973,6.231299877166748,86969,0.0,0.0
2023-11-10 12:30:00-05:00,6.230100154876709,6.239999771118164,6.200300216674805,6.210000038146973,144603,0.0,0.0
2023-11-10 13:30:00-05:00,6.210000038146973,6.21999979019165,6.201000213623047,6.204999923706055,86416,0.0,0.0
2023-11-10 14:30:00-05:00,6.199999809265137,6.215000152587891,6.190000057220459,6.204999923706055,252359,0.0,0.0
2023-11-10 15:30:00-05:00,6.210000038146973,6.210000038146973,6.199999809265137,6.204999923706055,86971,0.0,0.0
2023-11-13 09:30:00-05:00,6.199999809265137,6.210000038146973,6.170000076293945,6.210000038146973,0,0.0,0.0
2023-11-13 10:30:00-05:00,6.204999923706055,6.210000038146973,6.190000057220459,6.201700210571289,104956,0.0,0.0
2023-11-13 11:30:00-05:00,6.204999923706055,6.230000019073486,6.201499938964844,6.211999893188477,110271,0.0,0.0
2023-11-13 12:30:00-05:00,6.21750020980835,6.239999771118164,6.210000038146973,6.235000133514404,94214,0.0,0.0
2023-11-13 13:30:00-05:00,6.234899997711182,6.239999771118164,6.21999979019165,6.235199928283691,57159,0.0,0.0
2023-11-13 14:30:00-05:00,6.235000133514404,6.25,6.230000019073486,6.25,95091,0.0,0.0
2023-11-13 15:30:00-05:00,6.244999885559082,6.25,6.239999771118164,6.25,29599,0.0,0.0
2023-11-14 09:30:00-05:00,6.300000190734863,6.420000076293945,6.300000190734863,6.401000022888184,0,0.0,0.0
2023-11-14 10:30:00-05:00,6.403299808502197,6.417600154876709,6.360000133514404,6.366099834442139,190814,0.0,0.0
2023-11-14 11:30:00-05:00,6.364999771118164,6.380000114440918,6.360000133514404,6.375,171900,0.0,0.0
2023-11-14 12:30:00-05:00,6.375,6.375,6.340000152587891,6.355000019073486,68701,0.0,0.0
2023-11-14 13:30:00-05:00,6.350100040435791,6.364999771118164,6.320000171661377,6.324999809265137,100959,0.0,0.0
2023-11-14 14:30:00-05:00,6.324999809265137,6.360000133514404,6.320000171661377,6.3572998046875,157854,0.0,0.0
2023-11-14 15:30:00-05:00,6.360000133514404,6.360000133514404,6.335000038146973,6.349999904632568,160264,0.0,0.0
2023-11-15 09:30:00-05:00,6.349999904632568,6.369999885559082,6.329999923706055,6.34499979019165,177280,0.0,0.0
2023-11-15 10:30:00-05:00,6.34499979019165,6.360000133514404,6.329999923706055,6.349999904632568,91650,0.0,0.0
2023-11-15 11:30:00-05:00,6.349999904632568,6.360000133514404,6.340000152587891,6.360000133514404,113159,0.0,0.0
2023-11-15 12:30:00-05:00,6.360000133514404,6.369999885559082,6.360000133514404,6.369999885559082,75841,0.0,0.0
2023-11-15 13:30:00-05:00,6.364999771118164,6.400000095367432,6.360000133514404,6.385000228881836,179435,0.0,0.0
2023-11-15 14:30:00-05:00,6.385000228881836,6.389999866485596,6.374800205230713,6.379000186920166,150481,0.0,0.0
2023-11-15 15:30:00-05:00,6.375,6.389999866485596,6.369999885559082,6.375,71060,0.0,0.0
2023-11-16 09:30:00-05:00,6.360000133514404,6.420000076293945,6.360000133514404,6.418000221252441,134919,0.0,0.0
2023-11-16 10:30:00-05:00,6.410099983215332,6.414999961853027,6.369999885559082,6.369999885559082,93254,0.0,0.0
2023-11-16 11:30:00-05:00,6.375800132751465,6.380000114440918,6.364999771118164,6.375,89783,0.0,0.0
2023-11-16 12:30:00-05:00,6.375,6.389999866485596,6.375,6.385000228881836,51275,0.0,0.0
2023-11-16 13:30:00-05:00,6.383999824523926,6.400000095367432,6.381400108337402,6.394999980926514,44651,0.0,0.0
2023-11-16 14:30:00-05:00,6.395999908447266,6.409999847412109,6.380000114440918,6.401100158691406,171416,0.0,0.0
2023-11-16 15:30:00-05:00,6.40500020980835,6.40500020980835,6.380000114440918,6.389999866485596,81644,0.0,0.0
2023-11-17 09:30:00-05:00,6.380000114440918,6.429999828338623,6.380000114440918,6.429999828338623,87453,0.0,0.0
2023-11-17 10:30:00-05:00,6.421000003814697,6.429999828338623,6.409999847412109,6.413000106811523,75047,0.0,0.0
2023-11-17 11:30:00-05:00,6.414999961853027,6.420000076293945,6.394999980926514,6.40749979019165,112881,0.0,0.0
2023-11-17 12:30:00-05:00,6.40500020980835,6.409999847412109,6.400000095367432,6.40500020980835,39072,0.0,0.0
2023-11-17 13:30:00-05:00,6.40500020980835,6.420000076293945,6.400000095367432,6.402100086212158,100913,0.0,0.0
2023-11-17 14:30:00-05:00,6.400100231170654,6.409999847412109,6.400000095367432,6.40500020980835,57720,0.0,0.0
2023-11-17 15:30:00-05:00,6.409999847412109,6.409999847412109,6.400000095367432,6.400000095367432,30314,0.0,0.0
2023-11-20 09:30:00-05:00,6.400000095367432,6.400000095367432,6.380899906158447,6.3979997634887695,138290,0.0,0.0
2023-11-20 10:30:00-05:00,6.400000095367432,6.400000095367432,6.389999866485596,6.390100002288818,74519,0.0,0.0
2023-11-20 11:30:00-05:00,6.390100002288818,6.400000095367432,6.380000114440918,6.385000228881836,84012,0.0,0.0
2023-11-20 12:30:00-05:00,6.385000228881836,6.400000095367432,6.380000114440918,6.387800216674805,53735,0.0,0.0
2023-11-20 13:30:00-05:00,6.388400077819824,6.389999866485596,6.369999885559082,6.38100004196167,106465,0.0,0.0
2023-11-20 14:30:00-05:00,6.383999824523926,6.400000095367432,6.380000114440918,6.394999980926514,103336,0.0,0.0
2023-11-20 15:30:00-05:00,6.398600101470947,6.440000057220459,6.390100002288818,6.429999828338623,175189,0.0,0.0
2023-11-21 09:30:00-05:00,6.420000076293945,6.489999771118164,6.409999847412109,6.480000019073486,175845,0.0,0.0
2023-11-21 10:30:00-05:00,6.489999771118164,6.498600006103516,6.440000057220459,6.454999923706055,270140,0.0,0.0
2023-11-21 11:30:00-05:00,6.460000038146973,6.469900131225586,6.429999828338623,6.454999923706055,122715,0.0,0.0
2023-11-21 12:30:00-05:00,6.454999923706055,6.46999979019165,6.441100120544434,6.451000213623047,126644,0.0,0.0
2023-11-21 13:30:00-05:00,6.449999809265137,6.46999979019165,6.440000057220459,6.46120023727417,59806,0.0,0.0
2023-11-21 14:30:00-05:00,6.465000152587891,6.477700233459473,6.448999881744385,6.454999923706055,130837,0.0,0.0
2023-11-21 15:30:00-05:00,6.454999923706055,6.458199977874756,6.440000057220459,6.440000057220459,126740,0.0,0.0
2023-11-22 09:30:00-05:00,6.489999771118164,6.5,6.445000171661377,6.454999923706055,88165,0.0,0.0
2023-11-22 10:30:00-05:00,6.454999923706055,6.489999771118164,6.429999828338623,6.460999965667725,151203,0.0,0.0
2023-11-22 11:30:00-05:00,6.460000038146973,6.465000152587891,6.420000076293945,6.429999828338623,91411,0.0,0.0
2023-11-22 12:30:00-05:00,6.429999828338623,6.445000171661377,6.420000076293945,6.434999942779541,98472,0.0,0.0
2023-11-22 13:30:00-05:00,6.434999942779541,6.449999809265137,6.434999942779541,6.442399978637695,54716,0.0,0.0
2023-11-22 14:30:00-05:00,6.440000057220459,6.465000152587891,6.440000057220459,6.465000152587891,81783,0.0,0.0
2023-11-22 15:30:00-05:00,6.456500053405762,6.460000038146973,6.449999809265137,6.449999809265137,22205,0.0,0.0
2023-11-24 09:30:00-05:00,6.460000038146973,6.5,6.460000038146973,6.480000019073486,104703,0.0,0.0
2023-11-24 10:30:00-05:00,6.481100082397461,6.489999771118164,6.46999979019165,6.470399856567383,61305,0.0,0.0
2023-11-24 11:30:00-05:00,6.474999904632568,6.480000019073486,6.46999979019165,6.46999979019165,61662,0.0,0.0
2023-11-27 09:30:00-05:00,6.489999771118164,6.489999771118164,6.434999942779541,6.445000171661377,200297,0.0,0.0
2023-11-27 10:30:00-05:00,6.44320011138916,6.449900150299072,6.409999847412109,6.409999847412109,164881,0.0,0.0
2023-11-27 11:30:00-05:00,6.409999847412109,6.429999828338623,6.389999866485596,6.421199798583984,251715,0.0,0.0
2023-11-27 12:30:00-05:00,6.420300006866455,6.440000057220459,6.40500020980835,6.414999961853027,105077,0.0,0.0
2023-11-27 13:30:00-05:00,6.409999847412109,6.429999828338623,6.40500020980835,6.420000076293945,90132,0.0,0.0
2023-11-27 14:30:00-05:00,6.420000076293945,6.439899921417236,6.420000076293945,6.420000076293945,84615,0.0,0.0
2023-11-27 15:30:00-05:00,6.425000190734863,6.429999828338623,6.420000076293945,6.420000076293945,97511,0.0,0.0
2023-11-28 09:30:00-05:00,6.409999847412109,6.434999942779541,6.39109992980957,6.434999942779541,110896,0.0,0.0
2023-11-28 10:30:00-05:00,6.434999942779541,6.460000038146973,6.429999828338623,6.434999942779541,96659,0.0,0.0
2023-11-28 11:30:00-05:00,6.440000057220459,6.449999809265137,6.409999847412109,6.423500061035156,146924,0.0,0.0
2023-11-28 12:30:00-05:00,6.425000190734863,6.429999828338623,6.420000076293945,6.420000076293945,46521,0.0,0.0
2023-11-28 13:30:00-05:00,6.425000190734863,6.4380998611450195,6.400000095367432,6.40500020980835,125674,0.0,0.0
2023-11-28 14:30:00-05:00,6.400000095367432,6.420000076293945,6.389999866485596,6.409999847412109,267095,0.0,0.0
2023-11-28 15:30:00-05:00,6.40500020980835,6.409999847412109,6.400000095367432,6.409999847412109,80548,0.0,0.0
2023-11-29 09:30:00-05:00,6.409999847412109,6.454999923706055,6.409999847412109,6.454999923706055,157243,0.0,0.0
2023-11-29 10:30:00-05:00,6.454999923706055,6.460000038146973,6.440000057220459,6.454999923706055,143467,0.0,0.0
2023-11-29 11:30:00-05:00,6.454999923706055,6.46999979019165,6.449999809265137,6.469299793243408,57581,0.0,0.0
2023-11-29 12:30:00-05:00,6.460100173950195,6.480000019073486,6.460100173950195,6.474999904632568,40575,0.0,0.0
2023-11-29 13:30:00-05:00,6.480000019073486,6.489999771118164,6.478700160980225,6.489999771118164,88510,0.0,0.0
2023-11-29 14:30:00-05:00,6.489999771118164,6.489999771118164,6.420000076293945,6.420000076293945,346322,0.0,0.0
2023-11-29 15:30:00-05:00,6.420000076293945,6.429999828338623,6.385000228881836,6.400000095367432,450701,0.0,0.0
2023-11-30 09:30:00-05:00,6.400000095367432,6.440000057220459,6.389999866485596,6.434999942779541,141218,0.0,0.0
2023-11-30 10:30:00-05:00,6.429999828338623,6.440000057220459,6.420000076293945,6.420000076293945,108600,0.0,0.0
2023-11-30 11:30:00-05:00,6.42140007019043,6.449999809265137,6.389999866485596,6.400100231170654,340714,0.0,0.0
2023-11-30 12:30:00-05:00,6.400000095367432,6.420000076293945,6.389999866485596,6.402699947357178,159249,0.0,0.0
2023-11-30 13:30:00-05:00,6.400000095367432,6.440000057220459,6.400000095367432,6.440000057220459,134275,0.0,0.0
2023-11-30 14:30:00-05:00,6.434999942779541,6.449999809265137,6.420000076293945,6.420000076293945,87751,0.0,0.0
2023-11-30 15:30:00-05:00,6.417300224304199,6.429999828338623,6.409999847412109,6.429999828338623,118546,0.0,0.0
2023-12-01 09:30:00-05:00,6.420000076293945,6.460000038146973,6.400000095367432,6.440000057220459,253872,0.0,0.0
2023-12-01 10:30:00-05:00,6.434999942779541,6.460000038146973,6.429999828338623,6.445000171661377,104198,0.0,0.0
2023-12-01 11:30:00-05:00,6.44890022277832,6.46999979019165,6.440000057220459,6.448999881744385,104818,0.0,0.0
2023-12-01 12:30:00-05:00,6.44350004196167,6.46999979019165,6.442200183868408,6.465000152587891,150195,0.0,0.0
2023-12-01 13:30:00-05:00,6.465000152587891,6.480000019073486,6.46150016784668,6.480000019073486,120283,0.0,0.0
2023-12-01 14:30:00-05:00,6.474999904632568,6.489999771118164,6.460000038146973,6.489999771118164,130481,0.0,0.0
2023-12-01 15:30:00-05:00,6.489200115203857,6.510000228881836,6.480000019073486,6.510000228881836,106195,0.0,0.0
2023-12-04 09:30:00-05:00,6.5,6.539999961853027,6.5,6.505000114440918,358616,0.0,0.0
2023-12-04 10:30:00-05:00,6.505000114440918,6.510000228881836,6.480000019073486,6.485000133514404,185183,0.0,0.0
2023-12-04 11:30:00-05:00,6.484899997711182,6.5,6.480000019073486,6.491099834442139,81122,0.0,0.0
2023-12-04 12:30:00-05:00,6.494999885559082,6.510000228881836,6.480000019073486,6.485000133514404,129157,0.0,0.0
2023-12-04 13:30:00-05:00,6.482999801635742,6.489999771118164,6.460000038146973,6.460000038146973,191968,0.0,0.0
2023-12-04 14:30:00-05:00,6.465000152587891,6.480000019073486,6.460000038146973,6.476099967956543,120134,0.0,0.0
2023-12-04 15:30:00-05:00,6.4745001792907715,6.489999771118164,6.46999979019165,6.480000019073486,138480,0.0,0.0
2023-12-05 09:30:00-05:00,6.510000228881836,6.539999961853027,6.489999771118164,6.539999961853027,609820,0.0,0.0
2023-12-05 10:30:00-05:00,6.539999961853027,6.559999942779541,6.525000095367432,6.559800148010254,154720,0.0,0.0
2023-12-05 11:30:00-05:00,6.554999828338623,6.570000171661377,6.545000076293945,6.565000057220459,129156,0.0,0.0
2023-12-05 12:30:00-05:00,6.565000057220459,6.579999923706055,6.559999942779541,6.574999809265137,142054,0.0,0.0
2023-12-05 13:30:00-05:00,6.574999809265137,6.599999904632568,6.570000171661377,6.585000038146973,155760,0.0,0.0
2023-12-05 14:30:00-05:00,6.581999778747559,6.599999904632568,6.579999923706055,6.581299781799316,180390,0.0,0.0
2023-12-05 15:30:00-05:00,6.585000038146973,6.599999904632568,6.579999923706055,6.599999904632568,115161,0.0,0.0
2023-12-06 09:30:00-05:00,6.630000114440918,6.639100074768066,6.570000171661377,6.579999923706055,560562,0.0,0.0
2023-12-06 10:30:00-05:00,6.579999923706055,6.630000114440918,6.570000171661377,6.601600170135498,234584,0.0,0.0
2023-12-06 11:30:00-05:00,6.60290002822876,6.610000133514404,6.579999923706055,6.599999904632568,104641,0.0,0.0
2023-12-06 12:30:00-05:00,6.605000019073486,6.610000133514404,6.579999923706055,6.599800109863281,124052,0.0,0.0
2023-12-06 13:30:00-05:00,6.599999904632568,6.610000133514404,6.590000152587891,6.591300010681152,90497,0.0,0.0
2023-12-06 14:30:00-05:00,6.590400218963623,6.610000133514404,6.570000171661377,6.5960001945495605,124001,0.0,0.0
2023-12-06 15:30:00-05:00,6.590000152587891,6.619999885559082,6.590000152587891,6.619999885559082,112518,0.0,0.0
2023-12-07 09:30:00-05:00,6.650000095367432,6.659999847412109,6.620299816131592,6.659999847412109,275693,0.0,0.0
2023-12-07 10:30:00-05:00,6.659999847412109,6.670000076293945,6.650100231170654,6.650100231170654,151257,0.0,0.0
2023-12-07 11:30:00-05:00,6.659999847412109,6.684999942779541,6.659999847412109,6.679999828338623,165794,0.0,0.0
2023-12-07 12:30:00-05:00,6.675000190734863,6.679999828338623,6.670000076293945,6.679999828338623,78372,0.0,0.0
2023-12-07 13:30:00-05:00,6.675000190734863,6.688600063323975,6.670000076293945,6.679999828338623,175853,0.0,0.0
2023-12-07 14:30:00-05:00,6.679999828338623,6.679999828338623,6.650100231170654,6.65500020980835,513479,0.0,0.0
2023-12-07 15:30:00-05:00,6.65500020980835,6.679999828338623,6.650100231170654,6.670000076293945,125748,0.0,0.0
2023-12-08 09:30:00-05:00,6.659999847412109,6.670000076293945,6.630000114440918,6.659999847412109,275467,0.0,0.0
2023-12-08 10:30:00-05:00,6.650000095367432,6.670000076293945,6.650000095367432,6.650000095367432,98802,0.0,0.0
2023-12-08 11:30:00-05:00,6.65500020980835,6.659800052642822,6.639999866485596,6.650000095367432,87701,0.0,0.0
2023-12-08 12:30:00-05:00,6.639999866485596,6.650000095367432,6.639999866485596,6.644999980926514,65887,0.0,0.0
2023-12-08 13:30:00-05:00,6.639999866485596,6.649899959564209,6.610000133514404,6.619999885559082,165431,0.0,0.0
2023-12-08 14:30:00-05:00,6.625,6.639999866485596,6.619999885559082,6.630000114440918,190209,0.0,0.0
2023-12-08 15:30:00-05:00,6.630000114440918,6.639900207519531,6.610000133514404,6.614999771118164,69845,0.0,0.0
2023-12-11 09:30:00-05:00,6.630000114440918,6.650000095367432,6.610000133514404,6.625,303979,0.0,0.0
2023-12-11 10:30:00-05:00,6.625,6.630000114440918,6.619999885559082,6.625,87954,0.0,0.0
2023-12-11 11:30:00-05:00,6.625,6.630000114440918,6.599999904632568,6.605000019073486,183166,0.0,0.0
2023-12-11 12:30:00-05:00,6.606599807739258,6.619999885559082,6.590000152587891,6.605000019073486,135487,0.0,0.0
2023-12-11 13:30:00-05:00,6.602099895477295,6.605000019073486,6.579999923706055,6.5883002281188965,130393,0.0,0.0
2023-12-11 14:30:00-05:00,6.585000038146973,6.590000152587891,6.559999942779541,6.574999809265137,147795,0.0,0.0
2023-12-11 15:30:00-05:00,6.574999809265137,6.610000133514404,6.574999809265137,6.610000133514404,164360,0.0,0.0
2023-12-12 09:30:00-05:00,6.590000152587891,6.599999904632568,6.559999942779541,6.570000171661377,171055,0.0,0.0
2023-12-12 10:30:00-05:00,6.560100078582764,6.570000171661377,6.559999942779541,6.570000171661377,129628,0.0,0.0
2023-12-12 11:30:00-05:00,6.570000171661377,6.574999809265137,6.560100078582764,6.568999767303467,114451,0.0,0.0
2023-12-12 12:30:00-05:00,6.568999767303467,6.579999923706055,6.550000190734863,6.579999923706055,167621,0.0,0.0
2023-12-12 13:30:00-05:00,6.574999809265137,6.630000114440918,6.570099830627441,6.630000114440918,191945,0.0,0.0
2023-12-12 14:30:00-05:00,6.630000114440918,6.650000095367432,6.610000133514404,6.630000114440918,159224,0.0,0.0
2023-12-12 15:30:00-05:00,6.6321001052856445,6.650000095367432,6.619999885559082,6.644999980926514,162145,0.0,0.0
2023-12-13 09:30:00-05:00,6.639999866485596,6.670000076293945,6.610099792480469,6.646699905395508,160585,0.0,0.0
2023-12-13 10:30:00-05:00,6.648200035095215,6.670000076293945,6.639999866485596,6.664999961853027,107030,0.0,0.0
2023-12-13 11:30:00-05:00,6.664999961853027,6.668600082397461,6.6020002365112305,6.604000091552734,163396,0.0,0.0
2023-12-13 12:30:00-05:00,6.605000019073486,6.610000133514404,6.590000152587891,6.591000080108643,116408,0.0,0.0
2023-12-13 13:30:00-05:00,6.59499979019165,6.679999828338623,6.590000152587891,6.679999828338623,221932,0.0,0.0
2023-12-13 14:30:00-05:00,6.675000190734863,6.730000019073486,6.670100212097168,6.715000152587891,221750,0.0,0.0
2023-12-13 15:30:00-05:00,6.715000152587891,6.730000019073486,6.710000038146973,6.71999979019165,86363,0.0,0.0
2023-12-14 09:30:00-05:00,6.71999979019165,6.78000020980835,6.710000038146973,6.755000114440918,263233,0.0,0.0
2023-12-14 10:30:00-05:00,6.750100135803223,6.839900016784668,6.739999771118164,6.833499908447266,276291,0.0,0.0
2023-12-14 11:30:00-05:00,6.833499908447266,6.880000114440918,6.829999923706055,6.880000114440918,206594,0.0,0.0
2023-12-14 12:30:00-05:00,6.879899978637695,6.889999866485596,6.809999942779541,6.809999942779541,220427,0.0,0.0
2023-12-14 13:30:00-05:00,6.809999942779541,6.820000171661377,6.800000190734863,6.800000190734863,130108,0.0,0.0
2023-12-14 14:30:00-05:00,6.800000190734863,6.800000190734863,6.760000228881836,6.760000228881836,119650,0.0,0.0
2023-12-14 15:30:00-05:00,6.767199993133545,6.769999980926514,6.75,6.760000228881836,87409,0.0,0.0
2023-12-15 09:30:00-05:00,6.78000020980835,6.809999942779541,6.739999771118164,6.809899806976318,204342,0.0,0.0
2023-12-15 10:30:00-05:00,6.809899806976318,6.820000171661377,6.78000020980835,6.800000190734863,185406,0.0,0.0
2023-12-15 11:30:00-05:00,6.795000076293945,6.809999942779541,6.789999961853027,6.795000076293945,67432,0.0,0.0
2023-12-15 12:30:00-05:00,6.795000076293945,6.800000190734863,6.78000020980835,6.788000106811523,102103,0.0,0.0
2023-12-15 13:30:00-05:00,6.781000137329102,6.789999961853027,6.763000011444092,6.775000095367432,99563,0.0,0.0
2023-12-15 14:30:00-05:00,6.7789998054504395,6.78000020980835,6.760000228881836,6.764999866485596,146999,0.0,0.0
2023-12-15 15:30:00-05:00,6.760000228881836,6.760000228881836,6.75,6.760000228881836,118452,0.0,0.0
2023-12-18 09:30:00-05:00,6.730000019073486,6.760000228881836,6.695000171661377,6.739999771118164,301916,0.0,0.0
2023-12-18 10:30:00-05:00,6.739099979400635,6.739999771118164,6.71999979019165,6.730000019073486,222859,0.0,0.0
2023-12-18 11:30:00-05:00,6.72130012512207,6.739999771118164,6.710000038146973,6.719200134277344,159177,0.0,0.0
2023-12-18 12:30:00-05:00,6.711999893188477,6.71999979019165,6.690000057220459,6.699999809265137,168362,0.0,0.0
2023-12-18 13:30:00-05:00,6.696800231933594,6.730000019073486,6.690499782562256,6.724999904632568,350919,0.0,0.0
2023-12-18 14:30:00-05:00,6.730000019073486,6.730000019073486,6.710000038146973,6.730000019073486,101690,0.0,0.0
2023-12-18 15:30:00-05:00,6.730000019073486,6.730000019073486,6.710000038146973,6.730000019073486,128531,0.0,0.0
2023-12-19 09:30:00-05:00,6.71999979019165,6.760000228881836,6.710000038146973,6.739999771118164,250193,0.0,0.0
2023-12-19 10:30:00-05:00,6.739999771118164,6.760000228881836,6.730000019073486,6.730000019073486,243830,0.0,0.0
2023-12-19 11:30:00-05:00,6.73360013961792,6.739999771118164,6.710000038146973,6.710000038146973,159116,0.0,0.0
2023-12-19 12:30:00-05:00,6.710000038146973,6.715000152587891,6.690000057220459,6.695000171661377,194695,0.0,0.0
2023-12-19 13:30:00-05:00,6.699999809265137,6.699999809265137,6.690000057220459,6.695000171661377,163903,0.0,0.0
2023-12-19 14:30:00-05:00,6.695000171661377,6.724999904632568,6.679999828338623,6.710100173950195,393357,0.0,0.0
2023-12-19 15:30:00-05:00,6.71019983291626,6.72790002822876,6.710000038146973,6.715000152587891,104022,0.0,0.0
2023-12-20 09:30:00-05:00,6.690000057220459,6.71999979019165,6.684999942779541,6.699900150299072,333180,0.0,0.0
2023-12-20 10:30:00-05:00,6.699999809265137,6.710000038146973,6.690000057220459,6.690000057220459,122321,0.0,0.0
2023-12-20 11:30:00-05:00,6.690000057220459,6.698699951171875,6.670000076293945,6.684999942779541,186558,0.0,0.0
2023-12-20 12:30:00-05:00,6.679999828338623,6.730000019073486,6.679999828338623,6.718800067901611,169541,0.0,0.0
2023-12-20 13:30:00-05:00,6.715000152587891,6.730000019073486,6.695000171661377,6.704999923706055,161226,0.0,0.0
2023-12-20 14:30:00-05:00,6.700099945068359,6.704999923706055,6.630000114440918,6.635000228881836,259294,0.0,0.0
2023-12-20 15:30:00-05:00,6.639900207519531,6.659999847412109,6.619999885559082,6.65500020980835,236342,0.0,0.0
2023-12-21 09:30:00-05:00,6.690000057220459,6.695000171661377,6.670000076293945,6.680500030517578,160982,0.0,0.0
2023-12-21 10:30:00-05:00,6.679999828338623,6.684999942779541,6.660099983215332,6.675000190734863,98017,0.0,0.0
2023-12-21 11:30:00-05:00,6.675000190734863,6.690000057220459,6.659999847412109,6.664999961853027,136246,0.0,0.0
2023-12-21 12:30:00-05:00,6.664999961853027,6.679999828338623,6.650000095367432,6.664999961853027,127594,0.0,0.0
2023-12-21 13:30:00-05:00,6.664999961853027,6.679999828338623,6.661399841308594,6.675000190734863,138394,0.0,0.0
2023-12-21 14:30:00-05:00,6.678999900817871,6.679999828338623,6.670000076293945,6.672399997711182,90592,0.0,0.0
2023-12-21 15:30:00-05:00,6.679999828338623,6.690000057220459,6.679999828338623,6.690000057220459,103550,0.0,0.0
2023-12-22 09:30:00-05:00,6.71999979019165,6.739999771118164,6.699999809265137,6.739999771118164,160718,0.0,0.0
2023-12-22 10:30:00-05:00,6.740200042724609,6.744999885559082,6.710000038146973,6.718999862670898,146984,0.0,0.0
2023-12-22 11:30:00-05:00,6.715199947357178,6.71999979019165,6.699999809265137,6.715000152587891,93017,0.0,0.0
2023-12-22 12:30:00-05:00,6.715000152587891,6.739999771118164,6.700900077819824,6.730000019073486,151442,0.0,0.0
2023-12-22 13:30:00-05:00,6.7399001121521,6.75,6.71999979019165,6.724999904632568,163583,0.0,0.0
2023-12-22 14:30:00-05:00,6.724999904632568,6.724999904632568,6.699999809265137,6.704999923706055,137752,0.0,0.0
2023-12-22 15:30:00-05:00,6.704999923706055,6.70989990234375,6.679999828338623,6.695000171661377,108826,0.0,0.0
2023-12-26 09:30:00-05:00,6.739999771118164,6.75,6.724999904632568,6.735000133514404,188094,0.0,0.0
2023-12-26 10:30:00-05:00,6.736299991607666,6.739999771118164,6.710100173950195,6.71999979019165,349072,0.0,0.0
2023-12-26 11:30:00-05:00,6.713900089263916,6.730000019073486,6.713900089263916,6.724999904632568,109298,0.0,0.0
2023-12-26 12:30:00-05:00,6.724999904632568,6.727399826049805,6.710000038146973,6.710000038146973,90619,0.0,0.0
2023-12-26 13:30:00-05:00,6.715000152587891,6.71999979019165,6.710000038146973,6.71999979019165,98636,0.0,0.0
2023-12-26 14:30:00-05:00,6.715000152587891,6.718900203704834,6.688799858093262,6.707499980926514,312593,0.0,0.0
2023-12-26 15:30:00-05:00,6.7052998542785645,6.730000019073486,6.699999809265137,6.715000152587891,143571,0.0,0.0
2023-12-27 09:30:00-05:00,6.710000038146973,6.71999979019165,6.679999828338623,6.700099945068359,289933,0.0,0.0
2023-12-27 10:30:00-05:00,6.704999923706055,6.730000019073486,6.695000171661377,6.730000019073486,132664,0.0,0.0
2023-12-27 11:30:00-05:00,6.729800224304199,6.75,6.721799850463867,6.748700141906738,236150,0.0,0.0
2023-12-27 12:30:00-05:00,6.744999885559082,6.75,6.730000019073486,6.744999885559082,214603,0.0,0.0
2023-12-27 13:30:00-05:00,6.744999885559082,6.75,6.710000038146973,6.715000152587891,234096,0.0,0.0
2023-12-27 14:30:00-05:00,6.71999979019165,6.739999771118164,6.670000076293945,6.695000171661377,502584,0.0,0.0
2023-12-27 15:30:00-05:00,6.690000057220459,6.71999979019165,6.679999828338623,6.71999979019165,310212,0.0,0.0
2023-12-28 09:30:00-05:00,6.699999809265137,6.739999771118164,6.679999828338623,6.700200080871582,252504,0.0,0.0
2023-12-28 10:30:00-05:00,6.704999923706055,6.730000019073486,6.704999923706055,6.7210001945495605,211687,0.0,0.0
2023-12-28 11:30:00-05:00,6.724999904632568,6.730000019073486,6.710000038146973,6.727399826049805,273550,0.0,0.0
2023-12-28 12:30:00-05:00,6.729899883270264,6.730000019073486,6.704999923706055,6.704999923706055,258045,0.0,0.0
2023-12-28 13:30:00-05:00,6.704999923706055,6.71999979019165,6.695000171661377,6.698999881744385,130198,0.0,0.0
2023-12-28 14:30:00-05:00,6.690000057220459,6.710000038146973,6.690000057220459,6.695000171661377,207127,0.0,0.0
2023-12-28 15:30:00-05:00,6.693399906158447,6.710000038146973,6.690000057220459,6.710000038146973,75502,0.0,0.0
2023-12-29 09:30:00-05:00,6.739999771118164,6.739999771118164,6.699999809265137,6.704999923706055,443649,0.0,0.0
2023-12-29 10:30:00-05:00,6.704999923706055,6.710000038146973,6.670000076293945,6.675000190734863,202256,0.0,0.0
2023-12-29 11:30:00-05:00,6.672500133514404,6.690000057220459,6.663599967956543,6.670000076293945,131921,0.0,0.0
2023-12-29 12:30:00-05:00,6.675000190734863,6.689000129699707,6.670000076293945,6.677800178527832,139512,0.0,0.0
2023-12-29 13:30:00-05:00,6.678400039672852,6.71999979019165,6.670000076293945,6.71999979019165,258828,0.0,0.0
2023-12-29 14:30:00-05:00,6.71999979019165,6.739999771118164,6.710100173950195,6.730000019073486,239114,0.0,0.0
2023-12-29 15:30:00-05:00,6.730000019073486,6.75,6.721399784088135,6.75,188596,0.0,0.0
2024-01-02 09:30:00-05:00,6.760000228881836,6.760000228881836,6.730000019073486,6.735000133514404,322618,0.0,0.0
2024-01-02 10:30:00-05:00,6.735000133514404,6.75,6.730000019073486,6.744999885559082,151146,0.0,0.0
2024-01-02 11:30:00-05:00,6.75,6.769999980926514,6.740099906921387,6.764999866485596,153554,0.0,0.0
2024-01-02 12:30:00-05:00,6.764999866485596,6.78000020980835,6.760000228881836,6.779799938201904,115449,0.0,0.0
2024-01-02 13:30:00-05:00,6.779699802398682,6.800000190734863,6.770100116729736,6.795000076293945,140512,0.0,0.0
2024-01-02 14:30:00-05:00,6.79010009765625,6.820000171661377,6.79010009765625,6.794600009918213,90621,0.0,0.0
2024-01-02 15:30:00-05:00,6.795000076293945,6.820000171661377,6.78000020980835,6.809999942779541,129060,0.0,0.0
2024-01-03 09:30:00-05:00,6.820000171661377,6.820000171661377,6.769999980926514,6.795000076293945,170120,0.0,0.0
2024-01-03 10:30:00-05:00,6.795000076293945,6.795000076293945,6.769999980926514,6.779300212860107,135701,0.0,0.0
2024-01-03 11:30:00-05:00,6.779099941253662,6.809999942779541,6.769999980926514,6.804999828338623,95033,0.0,0.0
2024-01-03 12:30:00-05:00,6.805699825286865,6.829999923706055,6.804999828338623,6.820000171661377,79425,0.0,0.0
2024-01-03 13:30:00-05:00,6.820000171661377,6.855000019073486,6.809999942779541,6.84499979019165,184742,0.0,0.0
2024-01-03 14:30:00-05:00,6.849999904632568,6.849999904632568,6.829999923706055,6.840000152587891,94821,0.0,0.0
2024-01-03 15:30:00-05:00,6.840000152587891,6.849999904632568,6.835000038146973,6.849999904632568,108116,0.0,0.0
2024-01-04 09:30:00-05:00,6.820000171661377,6.849999904632568,6.800000190734863,6.84499979019165,151818,0.0,0.0
2024-01-04 10:30:00-05:00,6.84499979019165,6.849999904632568,6.835000038146973,6.84499979019165,189198,0.0,0.0
2024-01-04 11:30:00-05:00,6.840000152587891,6.849999904632568,6.829999923706055,6.835000038146973,117783,0.0,0.0
2024-01-04 12:30:00-05:00,6.829999923706055,6.849999904632568,6.829999923706055,6.84499979019165,83094,0.0,0.0
2024-01-04 13:30:00-05:00,6.84250020980835,6.860000133514404,6.840000152587891,6.840000152587891,86971,0.0,0.0
2024-01-04 14:30:00-05:00,6.849899768829346,6.849999904632568,6.840000152587891,6.849999904632568,63726,0.0,0.0
2024-01-04 15:30:00-05:00,6.84499979019165,6.849999904632568,6.829999923706055,6.84499979019165,93220,0.0,0.0
2024-01-05 09:30:00-05:00,6.840000152587891,6.869999885559082,6.829999923706055,6.864999771118164,108541,0.0,0.0
2024-01-05 10:30:00-05:00,6.864999771118164,6.889999866485596,6.864999771118164,6.870200157165527,459502,0.0,0.0
2024-01-05 11:30:00-05:00,6.869999885559082,6.869999885559082,6.820000171661377,6.831299781799316,135688,0.0,0.0
2024-01-05 12:30:00-05:00,6.835000038146973,6.840000152587891,6.820000171661377,6.840000152587891,48329,0.0,0.0
2024-01-05 13:30:00-05:00,6.832200050354004,6.840000152587891,6.820000171661377,6.824999809265137,40725,0.0,0.0
2024-01-05 14:30:00-05:00,6.824999809265137,6.839900016784668,6.809999942779541,6.824999809265137,177582,0.0,0.0
2024-01-05 15:30:00-05:00,6.829999923706055,6.829999923706055,6.820000171661377,6.829999923706055,91789,0.0,0.0
2024-01-08 09:30:00-05:00,6.860000133514404,6.880000114440918,6.849999904632568,6.875,107255,0.0,0.0
2024-01-08 10:30:00-05:00,6.875,6.900000095367432,6.870500087738037,6.889999866485596,150537,0.0,0.0
2024-01-08 11:30:00-05:00,6.885000228881836,6.894999980926514,6.869999885559082,6.894999980926514,86914,0.0,0.0
2024-01-08 12:30:00-05:00,6.8979997634887695,6.900000095367432,6.890100002288818,6.891600131988525,96334,0.0,0.0
2024-01-08 13:30:00-05:00,6.894999980926514,6.900000095367432,6.880000114440918,6.889900207519531,240571,0.0,0.0
2024-01-08 14:30:00-05:00,6.885799884796143,6.920000076293945,6.885799884796143,6.90500020980835,130667,0.0,0.0
2024-01-08 15:30:00-05:00,6.900000095367432,6.908999919891357,6.889999866485596,6.889999866485596,54360,0.0,0.0
2024-01-09 09:30:00-05:00,6.880000114440918,6.909999847412109,6.880000114440918,6.894999980926514,155321,0.0,0.0
2024-01-09 10:30:00-05:00,6.894999980926514,6.909999847412109,6.889999866485596,6.909999847412109,108734,0.0,0.0
2024-01-09 11:30:00-05:00,6.909999847412109,6.949999809265137,6.909999847412109,6.949999809265137,136024,0.0,0.0
2024-01-09 12:30:00-05:00,6.945000171661377,6.960000038146973,6.940000057220459,6.949999809265137,90368,0.0,0.0
2024-01-09 13:30:00-05:00,6.945000171661377,6.949999809265137,6.940000057220459,6.949999809265137,113910,0.0,0.0
2024-01-09 14:30:00-05:00,6.945000171661377,6.960000038146973,6.940000057220459,6.959400177001953,150863,0.0,0.0
2024-01-09 15:30:00-05:00,6.960000038146973,6.960000038146973,6.940000057220459,6.949999809265137,290645,0.0,0.0
2024-01-10 09:30:00-05:00,6.96999979019165,6.980000019073486,6.920000076293945,6.938499927520752,0,0.0,0.0
2024-01-10 10:30:00-05:00,6.932499885559082,6.979899883270264,6.929999828338623,6.960000038146973,86412,0.0,0.0
2024-01-10 11:30:00-05:00,6.965000152587891,6.96999979019165,6.960000038146973,6.965000152587891,67077,0.0,0.0
2024-01-10 12:30:00-05:00,6.969900131225586,6.980000019073486,6.960000038146973,6.971099853515625,115537,0.0,0.0
2024-01-10 13:30:00-05:00,6.96999979019165,6.979800224304199,6.960000038146973,6.965000152587891,138815,0.0,0.0
2024-01-10 14:30:00-05:00,6.968999862670898,6.980000019073486,6.962500095367432,6.962500095367432,82040,0.0,0.0
2024-01-10 15:30:00-05:00,6.96999979019165,6.989999771118164,6.962500095367432,6.980000019073486,147102,0.0,0.0
2024-01-11 09:30:00-05:00,6.940000057220459,6.940000057220459,6.880000114440918,6.90500020980835,288466,0.0,0.0
2024-01-11 10:30:00-05:00,6.90500020980835,6.920000076293945,6.900000095367432,6.920000076293945,132246,0.0,0.0
2024-01-11 11:30:00-05:00,6.919899940490723,6.929999828338623,6.909999847412109,6.914999961853027,155456,0.0,0.0
2024-01-11 12:30:00-05:00,6.914999961853027,6.929999828338623,6.900000095367432,6.914999961853027,184165,0.0,0.0
2024-01-11 13:30:00-05:00,6.909999847412109,6.914999961853027,6.889999866485596,6.900000095367432,96008,0.0,0.0
2024-01-11 14:30:00-05:00,6.895100116729736,6.919000148773193,6.889999866485596,6.909999847412109,175222,0.0,0.0
2024-01-11 15:30:00-05:00,6.909999847412109,6.920000076293945,6.900000095367432,6.920000076293945,71359,0.0,0.0
2024-01-12 09:30:00-05:00,6.949999809265137,6.974999904632568,6.940000057220459,6.949999809265137,0,0.0,0.0
2024-01-12 10:30:00-05:00,6.949999809265137,6.95989990234375,6.925000190734863,6.934999942779541,100665,0.0,0.0
2024-01-12 11:30:00-05:00,6.940000057220459,6.945000171661377,6.90500020980835,6.908400058746338,93737,0.0,0.0
2024-01-12 12:30:00-05:00,6.905700206756592,6.909999847412109,6.889999866485596,6.89900016784668,64131,0.0,0.0
2024-01-12 13:30:00-05:00,6.895599842071533,6.909999847412109,6.890100002288818,6.909900188446045,60536,0.0,0.0
2024-01-12 14:30:00-05:00,6.90500020980835,6.909999847412109,6.900000095367432,6.90500020980835,54981,0.0,0.0
2024-01-12 15:30:00-05:00,6.901899814605713,6.920000076293945,6.900000095367432,6.920000076293945,72155,0.0,0.0
2024-01-16 09:30:00-05:00,6.900000095367432,6.914999961853027,6.880000114440918,6.893499851226807,122460,0.0,0.0
2024-01-16 10:30:00-05:00,6.900000095367432,6.900000095367432,6.880000114440918,6.885000228881836,89435,0.0,0.0
2024-01-16 11:30:00-05:00,6.885000228881836,6.900000095367432,6.880000114440918,6.889999866485596,130018,0.0,0.0
2024-01-16 12:30:00-05:00,6.889999866485596,6.900000095367432,6.880000114440918,6.892499923706055,77308,0.0,0.0
2024-01-16 13:30:00-05:00,6.900000095367432,6.900000095367432,6.880000114440918,6.885000228881836,109303,0.0,0.0
2024-01-16 14:30:00-05:00,6.880000114440918,6.889999866485596,6.880000114440918,6.880000114440918,69330,0.0,0.0
2024-01-16 15:30:00-05:00,6.885000228881836,6.889999866485596,6.869999885559082,6.875,90743,0.0,0.0
2024-01-17 09:30:00-05:00,6.869999885559082,6.880000114440918,6.849999904632568,6.855000019073486,105705,0.0,0.0
2024-01-17 10:30:00-05:00,6.859899997711182,6.859899997711182,6.829999923706055,6.835000038146973,103150,0.0,0.0
2024-01-17 11:30:00-05:00,6.835100173950195,6.840000152587891,6.820000171661377,6.82420015335083,75275,0.0,0.0
2024-01-17 12:30:00-05:00,6.820000171661377,6.829999923706055,6.809999942779541,6.824999809265137,46644,0.0,0.0
2024-01-17 13:30:00-05:00,6.824999809265137,6.824999809265137,6.800000190734863,6.804999828338623,95242,0.0,0.0
2024-01-17 14:30:00-05:00,6.804999828338623,6.824999809265137,6.800099849700928,6.815000057220459,118066,0.0,0.0
2024-01-17 15:30:00-05:00,6.815000057220459,6.820000171661377,6.809999942779541,6.809999942779541,56161,0.0,0.0
2024-01-18 09:30:00-05:00,6.869999885559082,6.869999885559082,6.849999904632568,6.860000133514404,76769,0.0,0.0
2024-01-18 10:30:00-05:00,6.864999771118164,6.866199970245361,6.840000152587891,6.855000019073486,49979,0.0,0.0
2024-01-18 11:30:00-05:00,6.855000019073486,6.859000205993652,6.809999942779541,6.815000057220459,72639,0.0,0.0
2024-01-18 12:30:00-05:00,6.815000057220459,6.819699764251709,6.800000190734863,6.800000190734863,65240,0.0,0.0
2024-01-18 13:30:00-05:00,6.800000190734863,6.829999923706055,6.800000190734863,6.824999809265137,70482,0.0,0.0
2024-01-18 14:30:00-05:00,6.829999923706055,6.840000152587891,6.829999923706055,6.835000038146973,48227,0.0,0.0
2024-01-18 15:30:00-05:00,6.835100173950195,6.849999904632568,6.829999923706055,6.829999923706055,54225,0.0,0.0
2024-01-19 09:30:00-05:00,7.050000190734863,7.059999942779541,6.920000076293945,6.956299781799316,1422971,0.0,0.0
2024-01-19 10:30:00-05:00,6.954999923706055,6.980000019073486,6.940000057220459,6.974999904632568,490409,0.0,0.0
2024-01-19 11:30:00-05:00,6.979899883270264,6.979899883270264,6.949999809265137,6.965000152587891,474291,0.0,0.0
2024-01-19 12:30:00-05:00,6.965000152587891,7.034999847412109,6.960000038146973,7.019999980926514,761105,0.0,0.0
2024-01-19 13:30:00-05:00,7.011000156402588,7.03000020980835,7.0,7.014999866485596,431650,0.0,0.0
2024-01-19 14:30:00-05:00,7.014999866485596,7.019999980926514,6.980000019073486,6.980000019073486,435088,0.0,0.0
2024-01-19 15:30:00-05:00,6.985000133514404,7.0,6.980000019073486,6.994999885559082,247122,0.0,0.0
2024-01-22 09:30:00-05:00,7.090000152587891,7.110000133514404,7.0416998863220215,7.054999828338623,392629,0.0,0.0
2024-01-22 10:30:00-05:00,7.050000190734863,7.059999942779541,7.019999980926514,7.046899795532227,300265,0.0,0.0
2024-01-22 11:30:00-05:00,7.045000076293945,7.070000171661377,7.043000221252441,7.065000057220459,291155,0.0,0.0
2024-01-22 12:30:00-05:00,7.065000057220459,7.079999923706055,7.059999942779541,7.065000057220459,273833,0.0,0.0
2024-01-22 13:30:00-05:00,7.065000057220459,7.090000152587891,7.059999942779541,7.079999923706055,317632,0.0,0.0
2024-01-22 14:30:00-05:00,7.085000038146973,7.090000152587891,7.079999923706055,7.079999923706055,301916,0.0,0.0
2024-01-22 15:30:00-05:00,7.090000152587891,7.099999904632568,7.079999923706055,7.090000152587891,482586,0.0,0.0
2024-01-23 09:30:00-05:00,7.099999904632568,7.119999885559082,7.074999809265137,7.079999923706055,224903,0.0,0.0
2024-01-23 10:30:00-05:00,7.079999923706055,7.119900226593018,7.079999923706055,7.114999771118164,342610,0.0,0.0
2024-01-23 11:30:00-05:00,7.114999771118164,7.139999866485596,7.099999904632568,7.125,452134,0.0,0.0
2024-01-23 12:30:00-05:00,7.125,7.139999866485596,7.119999885559082,7.119999885559082,189610,0.0,0.0
2024-01-23 13:30:00-05:00,7.129899978637695,7.139999866485596,7.119999885559082,7.135000228881836,109357,0.0,0.0
2024-01-23 14:30:00-05:00,7.130000114440918,7.150000095367432,7.130000114440918,7.130000114440918,238681,0.0,0.0
2024-01-23 15:30:00-05:00,7.135000228881836,7.139999866485596,7.119999885559082,7.139999866485596,172115,0.0,0.0
2024-01-24 09:30:00-05:00,7.150000095367432,7.168799877166748,7.119999885559082,7.144999980926514,227780,0.0,0.0
2024-01-24 10:30:00-05:00,7.144999980926514,7.159999847412109,7.130000114440918,7.130000114440918,147400,0.0,0.0
2024-01-24 11:30:00-05:00,7.130000114440918,7.139900207519531,7.090000152587891,7.114999771118164,381486,0.0,0.0
2024-01-24 12:30:00-05:00,7.114999771118164,7.119999885559082,7.070000171661377,7.074999809265137,211862,0.0,0.0
2024-01-24 13:30:00-05:00,7.079999923706055,7.079999923706055,7.070000171661377,7.074999809265137,137252,0.0,0.0
2024-01-24 14:30:00-05:00,7.070000171661377,7.099999904632568,7.070000171661377,7.09499979019165,223879,0.0,0.0
2024-01-24 15:30:00-05:00,7.09499979019165,7.099999904632568,7.090000152587891,7.090000152587891,66776,0.0,0.0
2024-01-25 09:30:00-05:00,7.139999866485596,7.150000095367432,7.110499858856201,7.130000114440918,148872,0.0,0.0
2024-01-25 10:30:00-05:00,7.130000114440918,7.14900016784668,7.110000133514404,7.135000228881836,270362,0.0,0.0
2024-01-25 11:30:00-05:00,7.135000228881836,7.139999866485596,7.130000114440918,7.139999866485596,106687,0.0,0.0
2024-01-25 12:30:00-05:00,7.135000228881836,7.150000095367432,7.130000114440918,7.139999866485596,162754,0.0,0.0
2024-01-25 13:30:00-05:00,7.144999980926514,7.150000095367432,7.130000114440918,7.135000228881836,129690,0.0,0.0
2024-01-25 14:30:00-05:00,7.139900207519531,7.150000095367432,7.135000228881836,7.144999980926514,136532,0.0,0.0
2024-01-25 15:30:00-05:00,7.144999980926514,7.150000095367432,7.139999866485596,7.150000095367432,85598,0.0,0.0
2024-01-26 09:30:00-05:00,7.150000095367432,7.170000076293945,7.125,7.139999866485596,147966,0.0,0.0
2024-01-26 10:30:00-05:00,7.139999866485596,7.210000038146973,7.139999866485596,7.204999923706055,218444,0.0,0.0
2024-01-26 11:30:00-05:00,7.204999923706055,7.20989990234375,7.170000076293945,7.170000076293945,104890,0.0,0.0
2024-01-26 12:30:00-05:00,7.170000076293945,7.199999809265137,7.164999961853027,7.195000171661377,127506,0.0,0.0
2024-01-26 13:30:00-05:00,7.195000171661377,7.199999809265137,7.190000057220459,7.195000171661377,126868,0.0,0.0
2024-01-26 14:30:00-05:00,7.199999809265137,7.21999979019165,7.170000076293945,7.190000057220459,311648,0.0,0.0
2024-01-26 15:30:00-05:00,7.190000057220459,7.210000038146973,7.179999828338623,7.210000038146973,150716,0.0,0.0
2024-01-29 09:30:00-05:00,7.210000038146973,7.260000228881836,7.210000038146973,7.256800174713135,149664,0.0,0.0
2024-01-29 10:30:00-05:00,7.260000228881836,7.300000190734863,7.255000114440918,7.300000190734863,253980,0.0,0.0
2024-01-29 11:30:00-05:00,7.300000190734863,7.300000190734863,7.28000020980835,7.284999847412109,149953,0.0,0.0
2024-01-29 12:30:00-05:00,7.284999847412109,7.289999961853027,7.28000020980835,7.284999847412109,109455,0.0,0.0
2024-01-29 13:30:00-05:00,7.289899826049805,7.289999961853027,7.28000020980835,7.284999847412109,99070,0.0,0.0
2024-01-29 14:30:00-05:00,7.284999847412109,7.300000190734863,7.28000020980835,7.284999847412109,147538,0.0,0.0
2024-01-29 15:30:00-05:00,7.289999961853027,7.289999961853027,7.28000020980835,7.289999961853027,100810,0.0,0.0
2024-01-30 09:30:00-05:00,7.300000190734863,7.339900016784668,7.250100135803223,7.255000114440918,229440,0.0,0.0
2024-01-30 10:30:00-05:00,7.255000114440918,7.260000228881836,7.230000019073486,7.244999885559082,135590,0.0,0.0
2024-01-30 11:30:00-05:00,7.244999885559082,7.25,7.230000019073486,7.230000019073486,91975,0.0,0.0
2024-01-30 12:30:00-05:00,7.235000133514404,7.239999771118164,7.230000019073486,7.235000133514404,119787,0.0,0.0
2024-01-30 13:30:00-05:00,7.238500118255615,7.260000228881836,7.230000019073486,7.244999885559082,167267,0.0,0.0
2024-01-30 14:30:00-05:00,7.244999885559082,7.279900074005127,7.241499900817871,7.264999866485596,128009,0.0,0.0
2024-01-30 15:30:00-05:00,7.264999866485596,7.300000190734863,7.26140022277832,7.289999961853027,129053,0.0,0.0
2024-01-31 09:30:00-05:00,7.309999942779541,7.320000171661377,7.28000020980835,7.284999847412109,190167,0.0,0.0
2024-01-31 10:30:00-05:00,7.281199932098389,7.289999961853027,7.260000228881836,7.269999980926514,113049,0.0,0.0
2024-01-31 11:30:00-05:00,7.273499965667725,7.28000020980835,7.260000228881836,7.27839994430542,90070,0.0,0.0
2024-01-31 12:30:00-05:00,7.277900218963623,7.289999961853027,7.260000228881836,7.275000095367432,125031,0.0,0.0
2024-01-31 13:30:00-05:00,7.28000020980835,7.289999961853027,7.260000228881836,7.269100189208984,202283,0.0,0.0
2024-01-31 14:30:00-05:00,7.2600998878479,7.304999828338623,7.25,7.264999866485596,249198,0.0,0.0
2024-01-31 15:30:00-05:00,7.264999866485596,7.269899845123291,7.25,7.264999866485596,133550,0.0,0.0
2024-02-01 09:30:00-05:00,7.329999923706055,7.360000133514404,7.300000190734863,7.335000038146973,0,0.0,0.0
2024-02-01 10:30:00-05:00,7.335000038146973,7.340000152587891,7.269999980926514,7.279399871826172,155098,0.0,0.0
2024-02-01 11:30:00-05:00,7.28000020980835,7.304999828338623,7.2600998878479,7.26609992980957,193394,0.0,0.0
2024-02-01 12:30:00-05:00,7.264999866485596,7.284999847412109,7.260000228881836,7.28000020980835,104457,0.0,0.0
2024-02-01 13:30:00-05:00,7.275000095367432,7.28000020980835,7.239999771118164,7.241199970245361,175527,0.0,0.0
2024-02-01 14:30:00-05:00,7.249899864196777,7.278600215911865,7.244999885559082,7.275000095367432,144563,0.0,0.0
2024-02-01 15:30:00-05:00,7.28000020980835,7.289999961853027,7.269999980926514,7.289999961853027,152148,0.0,0.0
2024-02-02 09:30:00-05:00,7.269999980926514,7.289999961853027,7.25,7.264999866485596,240043,0.0,0.0
2024-02-02 10:30:00-05:00,7.264999866485596,7.266499996185303,7.210000038146973,7.21999979019165,177834,0.0,0.0
2024-02-02 11:30:00-05:00,7.224999904632568,7.235000133514404,7.215000152587891,7.224999904632568,122592,0.0,0.0
2024-02-02 12:30:00-05:00,7.227399826049805,7.230000019073486,7.210000038146973,7.210000038146973,113459,0.0,0.0
2024-02-02 13:30:00-05:00,7.204999923706055,7.21999979019165,7.199999809265137,7.215000152587891,45403,0.0,0.0
2024-02-02 14:30:00-05:00,7.219799995422363,7.21999979019165,7.199999809265137,7.218999862670898,91802,0.0,0.0
2024-02-02 15:30:00-05:00,7.215000152587891,7.2170000076293945,7.199999809265137,7.199999809265137,76888,0.0,0.0
2024-02-05 09:30:00-05:00,7.199999809265137,7.215000152587891,7.170000076293945,7.199999809265137,285085,0.0,0.0
2024-02-05 10:30:00-05:00,7.204999923706055,7.21999979019165,7.179999828338623,7.190000057220459,95658,0.0,0.0
2024-02-05 11:30:00-05:00,7.197999954223633,7.210000038146973,7.190000057220459,7.210000038146973,66073,0.0,0.0
2024-02-05 12:30:00-05:00,7.200099945068359,7.21999979019165,7.199999809265137,7.215000152587891,75305,0.0,0.0
2024-02-05 13:30:00-05:00,7.219900131225586,7.21999979019165,7.199999809265137,7.199999809265137,73187,0.0,0.0
2024-02-05 14:30:00-05:00,7.204999923706055,7.210000038146973,7.179999828338623,7.195000171661377,86269,0.0,0.0
2024-02-05 15:30:00-05:00,7.195000171661377,7.199999809265137,7.190000057220459,7.195000171661377,71209,0.0,0.0
2024-02-06 09:30:00-05:00,7.199999809265137,7.25,7.180099964141846,7.244999885559082,183033,0.0,0.0
2024-02-06 10:30:00-05:00,7.239999771118164,7.25,7.21999979019165,7.230000019073486,64848,0.0,0.0
2024-02-06 11:30:00-05:00,7.224999904632568,7.225900173187256,7.170000076293945,7.184999942779541,174813,0.0,0.0
2024-02-06 12:30:00-05:00,7.184999942779541,7.199999809265137,7.184999942779541,7.199999809265137,54726,0.0,0.0
2024-02-06 13:30:00-05:00,7.198999881744385,7.199999809265137,7.170000076293945,7.190100193023682,110990,0.0,0.0
2024-02-06 14:30:00-05:00,7.199999809265137,7.210000038146973,7.190000057220459,7.210000038146973,80381,0.0,0.0
2024-02-06 15:30:00-05:00,7.204999923706055,7.21999979019165,7.199999809265137,7.21999979019165,68671,0.0,0.0
2024-02-07 09:30:00-05:00,7.239999771118164,7.255000114440918,7.230000019073486,7.25,121501,0.0,0.0
2024-02-07 10:30:00-05:00,7.25,7.260000228881836,7.210000038146973,7.210000038146973,102173,0.0,0.0
2024-02-07 11:30:00-05:00,7.214200019836426,7.219900131225586,7.170000076293945,7.179999828338623,151499,0.0,0.0
2024-02-07 12:30:00-05:00,7.171999931335449,7.179999828338623,7.159999847412109,7.164999961853027,133368,0.0,0.0
2024-02-07 13:30:00-05:00,7.160999774932861,7.179999828338623,7.150000095367432,7.1579999923706055,234734,0.0,0.0
2024-02-07 14:30:00-05:00,7.150000095367432,7.179999828338623,7.150000095367432,7.164999961853027,128445,0.0,0.0
2024-02-07 15:30:00-05:00,7.159999847412109,7.170000076293945,7.159999847412109,7.159999847412109,75397,0.0,0.0
2024-02-08 09:30:00-05:00,7.159999847412109,7.169899940490723,7.119999885559082,7.130000114440918,149633,0.0,0.0
2024-02-08 10:30:00-05:00,7.125,7.125,7.070000171661377,7.074999809265137,255095,0.0,0.0
2024-02-08 11:30:00-05:00,7.074999809265137,7.099999904632568,7.070000171661377,7.098999977111816,115910,0.0,0.0
2024-02-08 12:30:00-05:00,7.09499979019165,7.110000133514404,7.070000171661377,7.079899787902832,158316,0.0,0.0
2024-02-08 13:30:00-05:00,7.070000171661377,7.079999923706055,7.070000171661377,7.074999809265137,133154,0.0,0.0
2024-02-08 14:30:00-05:00,7.079999923706055,7.09499979019165,7.065000057220459,7.085000038146973,407789,0.0,0.0
2024-02-08 15:30:00-05:00,7.085000038146973,7.090000152587891,7.070000171661377,7.074999809265137,172368,0.0,0.0
2024-02-09 09:30:00-05:00,7.079999923706055,7.099999904632568,7.070000171661377,7.085000038146973,121766,0.0,0.0
2024-02-09 10:30:00-05:00,7.079999923706055,7.130000114440918,7.070000171661377,7.099999904632568,171284,0.0,0.0
2024-02-09 11:30:00-05:00,7.099999904632568,7.119999885559082,7.099999904632568,7.114999771118164,93363,0.0,0.0
2024-02-09 12:30:00-05:00,7.114999771118164,7.130000114440918,7.110000133514404,7.119999885559082,82253,0.0,0.0
2024-02-09 13:30:00-05:00,7.119999885559082,7.130000114440918,7.110000133514404,7.114999771118164,96826,0.0,0.0
2024-02-09 14:30:00-05:00,7.113800048828125,7.119999885559082,7.099999904632568,7.099999904632568,117971,0.0,0.0
2024-02-09 15:30:00-05:00,7.110000133514404,7.110000133514404,7.090000152587891,7.090000152587891,74317,0.0,0.0
2024-02-12 09:30:00-05:00,7.150000095367432,7.159999847412109,7.100100040435791,7.114999771118164,209005,0.0,0.0
2024-02-12 10:30:00-05:00,7.110000133514404,7.135000228881836,7.099999904632568,7.105000019073486,95187,0.0,0.0
2024-02-12 11:30:00-05:00,7.110000133514404,7.150000095367432,7.105000019073486,7.139999866485596,126273,0.0,0.0
2024-02-12 12:30:00-05:00,7.144999980926514,7.150000095367432,7.1346001625061035,7.149899959564209,77635,0.0,0.0
2024-02-12 13:30:00-05:00,7.144999980926514,7.150000095367432,7.139999866485596,7.150000095367432,109838,0.0,0.0
2024-02-12 14:30:00-05:00,7.144999980926514,7.170000076293945,7.139999866485596,7.159999847412109,180180,0.0,0.0
2024-02-12 15:30:00-05:00,7.164999961853027,7.179999828338623,7.159999847412109,7.170000076293945,92528,0.0,0.0
2024-02-13 09:30:00-05:00,7.119999885559082,7.139999866485596,7.090000152587891,7.105000019073486,218899,0.0,0.0
2024-02-13 10:30:00-05:00,7.105000019073486,7.119999885559082,7.10129976272583,7.116300106048584,78147,0.0,0.0
2024-02-13 11:30:00-05:00,7.114999771118164,7.119999885559082,7.090000152587891,7.090000152587891,102335,0.0,0.0
2024-02-13 12:30:00-05:00,7.09499979019165,7.099999904632568,7.070000171661377,7.070000171661377,183147,0.0,0.0
2024-02-13 13:30:00-05:00,7.074999809265137,7.079999923706055,7.050000190734863,7.050000190734863,180408,0.0,0.0
2024-02-13 14:30:00-05:00,7.050000190734863,7.059999942779541,7.019999980926514,7.045000076293945,201022,0.0,0.0
2024-02-13 15:30:00-05:00,7.050000190734863,7.059899806976318,7.039999961853027,7.050000190734863,225159,0.0,0.0
2024-02-14 09:30:00-05:00,7.03000020980835,7.054999828338623,7.010000228881836,7.032599925994873,178241,0.0,0.0
2024-02-14 10:30:00-05:00,7.034999847412109,7.034999847412109,7.010000228881836,7.014999866485596,86627,0.0,0.0
2024-02-14 11:30:00-05:00,7.014999866485596,7.03000020980835,7.010000228881836,7.010000228881836,85727,0.0,0.0
2024-02-14 12:30:00-05:00,7.014999866485596,7.019000053405762,6.989999771118164,7.0,145912,0.0,0.0
2024-02-14 13:30:00-05:00,7.005000114440918,7.027900218963623,7.0,7.019999980926514,107970,0.0,0.0
2024-02-14 14:30:00-05:00,7.019999980926514,7.027500152587891,7.0,7.005000114440918,114087,0.0,0.0
2024-02-14 15:30:00-05:00,7.0,7.045000076293945,7.0,7.045000076293945,163395,0.0,0.0
2024-02-15 09:30:00-05:00,7.019999980926514,7.039999961853027,7.010000228881836,7.025000095367432,221153,0.0,0.0
2024-02-15 10:30:00-05:00,7.025000095367432,7.025000095367432,6.980000019073486,6.985000133514404,151383,0.0,0.0
2024-02-15 11:30:00-05:00,6.985000133514404,7.0,6.974999904632568,6.994999885559082,215010,0.0,0.0
2024-02-15 12:30:00-05:00,6.994999885559082,7.039899826049805,6.994999885559082,7.019999980926514,160882,0.0,0.0
2024-02-15 13:30:00-05:00,7.015999794006348,7.019999980926514,7.010000228881836,7.014999866485596,99649,0.0,0.0
2024-02-15 14:30:00-05:00,7.015100002288818,7.019999980926514,6.989999771118164,7.005000114440918,205557,0.0,0.0
2024-02-15 15:30:00-05:00,7.005000114440918,7.019999980926514,7.0,7.019999980926514,139184,0.0,0.0
2024-02-16 09:30:00-05:00,6.980000019073486,7.008999824523926,6.96999979019165,7.0,183557,0.0,0.0
2024-02-16 10:30:00-05:00,6.994999885559082,7.010000228881836,6.980000019073486,6.989999771118164,71861,0.0,0.0
2024-02-16 11:30:00-05:00,6.984300136566162,6.994999885559082,6.980000019073486,6.991399765014648,109200,0.0,0.0
2024-02-16 12:30:00-05:00,6.994999885559082,6.996799945831299,6.96999979019165,6.96999979019165,95028,0.0,0.0
2024-02-16 13:30:00-05:00,6.979899883270264,7.039999961853027,6.96999979019165,7.034999847412109,265109,0.0,0.0
2024-02-16 14:30:00-05:00,7.034999847412109,7.059999942779541,7.019999980926514,7.025000095367432,211030,0.0,0.0
2024-02-16 15:30:00-05:00,7.025000095367432,7.050000190734863,7.025000095367432,7.045000076293945,117801,0.0,0.0
2024-02-20 09:30:00-05:00,7.0,7.050000190734863,7.0,7.039999961853027,168783,0.0,0.0
2024-02-20 10:30:00-05:00,7.03000020980835,7.059999942779541,7.011899948120117,7.039999961853027,233954,0.0,0.0
2024-02-20 11:30:00-05:00,7.034999847412109,7.050000190734863,7.0,7.0,160154,0.0,0.0
2024-02-20 12:30:00-05:00,7.005000114440918,7.008999824523926,6.980000019073486,7.005000114440918,132369,0.0,0.0
2024-02-20 13:30:00-05:00,7.005000114440918,7.019999980926514,7.0,7.014999866485596,85047,0.0,0.0
2024-02-20 14:30:00-05:00,7.014999866485596,7.047699928283691,7.010000228881836,7.045000076293945,179601,0.0,0.0
2024-02-20 15:30:00-05:00,7.045000076293945,7.050000190734863,7.041800022125244,7.045000076293945,42080,0.0,0.0
2024-02-21 09:30:00-05:00,7.050000190734863,7.079999923706055,7.050000190734863,7.054999828338623,105808,0.0,0.0
2024-02-21 10:30:00-05:00,7.052999973297119,7.079899787902832,7.050000190734863,7.070000171661377,46831,0.0,0.0
2024-02-21 11:30:00-05:00,7.079999923706055,7.079999923706055,7.061999797821045,7.070000171661377,35118,0.0,0.0
2024-02-21 12:30:00-05:00,7.070300102233887,7.076300144195557,7.059999942779541,7.063600063323975,68470,0.0,0.0
2024-02-21 13:30:00-05:00,7.063199996948242,7.079999923706055,7.059999942779541,7.070300102233887,53645,0.0,0.0
2024-02-21 14:30:00-05:00,7.074999809265137,7.079999923706055,7.050099849700928,7.054999828338623,43567,0.0,0.0
2024-02-21 15:30:00-05:00,7.054999828338623,7.059999942779541,7.045000076293945,7.045000076293945,56012,0.0,0.0
2024-02-22 09:30:00-05:00,7.070000171661377,7.079999923706055,7.061699867248535,7.074999809265137,90250,0.0,0.0
2024-02-22 10:30:00-05:00,7.078000068664551,7.079999923706055,7.059999942779541,7.070000171661377,132680,0.0,0.0
2024-02-22 11:30:00-05:00,7.070000171661377,7.079999923706055,7.059999942779541,7.079999923706055,102033,0.0,0.0
2024-02-22 12:30:00-05:00,7.077899932861328,7.079999923706055,7.060100078582764,7.074999809265137,92586,0.0,0.0
2024-02-22 13:30:00-05:00,7.078499794006348,7.079999923706055,7.059999942779541,7.069699764251709,122303,0.0,0.0
2024-02-22 14:30:00-05:00,7.069900035858154,7.079999923706055,7.050099849700928,7.070000171661377,121156,0.0,0.0
2024-02-22 15:30:00-05:00,7.070099830627441,7.074999809265137,7.039999961853027,7.050000190734863,142943,0.0,0.0
2024-02-23 09:30:00-05:00,7.079999923706055,7.099999904632568,7.070000171661377,7.099999904632568,80844,0.0,0.0
2024-02-23 10:30:00-05:00,7.090099811553955,7.105000019073486,7.090000152587891,7.098599910736084,97962,0.0,0.0
2024-02-23 11:30:00-05:00,7.09499979019165,7.099999904632568,7.079999923706055,7.088900089263916,96258,0.0,0.0
2024-02-23 12:30:00-05:00,7.090000152587891,7.099999904632568,7.089000225067139,7.09499979019165,59472,0.0,0.0
2024-02-23 13:30:00-05:00,7.099999904632568,7.110000133514404,7.090000152587891,7.09499979019165,80983,0.0,0.0
2024-02-23 14:30:00-05:00,7.09499979019165,7.130000114440918,7.092199802398682,7.126999855041504,115579,0.0,0.0
2024-02-23 15:30:00-05:00,7.125,7.150000095367432,7.120100021362305,7.130000114440918,103402,0.0,0.0
2024-02-26 09:30:00-05:00,7.159999847412109,7.159999847412109,7.125,7.135000228881836,0,0.0,0.0
2024-02-26 10:30:00-05:00,7.130099773406982,7.159999847412109,7.130099773406982,7.150000095367432,163584,0.0,0.0
2024-02-26 11:30:00-05:00,7.144999980926514,7.150000095367432,7.110000133514404,7.110000133514404,125999,0.0,0.0
2024-02-26 12:30:00-05:00,7.099999904632568,7.110000133514404,7.065000057220459,7.070000171661377,104402,0.0,0.0
2024-02-26 13:30:00-05:00,7.070000171661377,7.119999885559082,7.059999942779541,7.114999771118164,109633,0.0,0.0
2024-02-26 14:30:00-05:00,7.114999771118164,7.119999885559082,7.099999904632568,7.119800090789795,89292,0.0,0.0
2024-02-26 15:30:00-05:00,7.114999771118164,7.139999866485596,7.114999771118164,7.139999866485596,88170,0.0,0.0
2024-02-27 09:30:00-05:00,7.130000114440918,7.170000076293945,7.130000114440918,7.164999961853027,93526,0.0,0.0
2024-02-27 10:30:00-05:00,7.164999961853027,7.168499946594238,7.139999866485596,7.1579999923706055,72266,0.0,0.0
2024-02-27 11:30:00-05:00,7.159900188446045,7.164999961853027,7.139999866485596,7.144999980926514,88661,0.0,0.0
2024-02-27 12:30:00-05:00,7.150000095367432,7.150000095367432,7.139999866485596,7.150000095367432,67939,0.0,0.0
2024-02-27 13:30:00-05:00,7.144999980926514,7.159999847412109,7.139999866485596,7.140500068664551,156510,0.0,0.0
2024-02-27 14:30:00-05:00,7.144999980926514,7.144999980926514,7.130000114440918,7.139999866485596,166126,0.0,0.0
2024-02-27 15:30:00-05:00,7.135000228881836,7.139999866485596,7.119999885559082,7.119999885559082,85844,0.0,0.0
2024-02-28 09:30:00-05:00,7.139999866485596,7.159999847412109,7.110000133514404,7.125,125936,0.0,0.0
2024-02-28 10:30:00-05:00,7.129899978637695,7.139999866485596,7.119999885559082,7.135000228881836,103422,0.0,0.0
2024-02-28 11:30:00-05:00,7.135000228881836,7.139999866485596,7.119999885559082,7.129000186920166,109477,0.0,0.0
2024-02-28 12:30:00-05:00,7.125,7.150000095367432,7.119999885559082,7.150000095367432,105800,0.0,0.0
2024-02-28 13:30:00-05:00,7.1417999267578125,7.150000095367432,7.130000114440918,7.139999866485596,63178,0.0,0.0
2024-02-28 14:30:00-05:00,7.135300159454346,7.150000095367432,7.132500171661377,7.139999866485596,141295,0.0,0.0
2024-02-28 15:30:00-05:00,7.144999980926514,7.1479997634887695,7.130000114440918,7.135000228881836,92081,0.0,0.0
2024-02-29 09:30:00-05:00,7.150000095367432,7.159999847412109,7.130000114440918,7.144999980926514,156687,0.0,0.0
2024-02-29 10:30:00-05:00,7.140699863433838,7.150000095367432,7.119999885559082,7.120100021362305,64914,0.0,0.0
2024-02-29 11:30:00-05:00,7.129899978637695,7.130000114440918,7.105000019073486,7.119999885559082,89490,0.0,0.0
2024-02-29 12:30:00-05:00,7.129000186920166,7.146999835968018,7.119999885559082,7.142899990081787,103002,0.0,0.0
2024-02-29 13:30:00-05:00,7.141600131988525,7.149600028991699,7.130000114440918,7.130000114440918,48781,0.0,0.0
2024-02-29 14:30:00-05:00,7.135000228881836,7.139999866485596,7.110000133514404,7.135000228881836,146691,0.0,0.0
2024-02-29 15:30:00-05:00,7.135000228881836,7.150000095367432,7.130000114440918,7.150000095367432,84610,0.0,0.0
2024-03-01 09:30:00-05:00,7.150000095367432,7.170000076293945,7.130000114440918,7.15500020980835,345338,0.0,0.0
2024-03-01 10:30:00-05:00,7.15500020980835,7.159999847412109,7.150000095367432,7.15500020980835,99034,0.0,0.0
2024-03-01 11:30:00-05:00,7.150000095367432,7.170000076293945,7.139999866485596,7.170000076293945,134481,0.0,0.0
2024-03-01 12:30:00-05:00,7.164999961853027,7.179999828338623,7.160099983215332,7.170000076293945,97392,0.0,0.0
2024-03-01 13:30:00-05:00,7.170000076293945,7.170000076293945,7.139999866485596,7.142499923706055,114984,0.0,0.0
2024-03-01 14:30:00-05:00,7.14900016784668,7.150000095367432,7.139999866485596,7.144999980926514,171196,0.0,0.0
2024-03-01 15:30:00-05:00,7.144999980926514,7.144999980926514,7.130000114440918,7.130000114440918,160783,0.0,0.0
2024-03-04 09:30:00-05:00,7.110000133514404,7.139900207519531,7.090000152587891,7.099999904632568,298435,0.0,0.0
2024-03-04 10:30:00-05:00,7.105000019073486,7.130000114440918,7.099999904632568,7.119999885559082,92156,0.0,0.0
2024-03-04 11:30:00-05:00,7.125,7.139999866485596,7.120100021362305,7.139999866485596,42234,0.0,0.0
2024-03-04 12:30:00-05:00,7.137800216674805,7.139999866485596,7.125,7.125,67523,0.0,0.0
2024-03-04 13:30:00-05:00,7.119999885559082,7.150000095367432,7.119999885559082,7.149899959564209,114099,0.0,0.0
2024-03-04 14:30:00-05:00,7.144999980926514,7.159999847412109,7.139999866485596,7.15500020980835,122553,0.0,0.0
2024-03-04 15:30:00-05:00,7.15500020980835,7.179999828338623,7.144999980926514,7.159999847412109,223807,0.0,0.0
2024-03-05 09:30:00-05:00,7.170000076293945,7.184999942779541,7.150000095367432,7.159999847412109,83986,0.0,0.0
2024-03-05 10:30:00-05:00,7.159999847412109,7.184999942779541,7.159999847412109,7.175000190734863,92453,0.0,0.0
2024-03-05 11:30:00-05:00,7.175000190734863,7.195000171661377,7.170100212097168,7.195000171661377,90130,0.0,0.0
2024-03-05 12:30:00-05:00,7.195000171661377,7.195000171661377,7.179999828338623,7.189899921417236,113447,0.0,0.0
2024-03-05 13:30:00-05:00,7.179999828338623,7.190000057220459,7.150000095367432,7.15339994430542,66386,0.0,0.0
2024-03-05 14:30:00-05:00,7.150000095367432,7.170000076293945,7.144999980926514,7.159999847412109,70903,0.0,0.0
2024-03-05 15:30:00-05:00,7.159999847412109,7.170000076293945,7.150000095367432,7.150000095367432,82954,0.0,0.0
2024-03-06 09:30:00-05:00,7.190000057220459,7.190000057220459,7.159999847412109,7.168700218200684,0,0.0,0.0
2024-03-06 10:30:00-05:00,7.167500019073486,7.169899940490723,7.150000095367432,7.159800052642822,54036,0.0,0.0
2024-03-06 11:30:00-05:00,7.158899784088135,7.170000076293945,7.15500020980835,7.168600082397461,65776,0.0,0.0
2024-03-06 12:30:00-05:00,7.167500019073486,7.170000076293945,7.150000095367432,7.150000095367432,77236,0.0,0.0
2024-03-06 13:30:00-05:00,7.150100231170654,7.159999847412109,7.139999866485596,7.139999866485596,69568,0.0,0.0
2024-03-06 14:30:00-05:00,7.149899959564209,7.149899959564209,7.130000114440918,7.139999866485596,70398,0.0,0.0
2024-03-06 15:30:00-05:00,7.139999866485596,7.150000095367432,7.119999885559082,7.139999866485596,103764,0.0,0.0
2024-03-07 09:30:00-05:00,7.139999866485596,7.159999847412109,7.139999866485596,7.154799938201904,196367,0.0,0.0
2024-03-07 10:30:00-05:00,7.150100231170654,7.159999847412109,7.139699935913086,7.144999980926514,52258,0.0,0.0
2024-03-07 11:30:00-05:00,7.144999980926514,7.159999847412109,7.139999866485596,7.150000095367432,143209,0.0,0.0
2024-03-07 12:30:00-05:00,7.15880012512207,7.169300079345703,7.150000095367432,7.164999961853027,43143,0.0,0.0
2024-03-07 13:30:00-05:00,7.164999961853027,7.170000076293945,7.139999866485596,7.15500020980835,107475,0.0,0.0
2024-03-07 14:30:00-05:00,7.158999919891357,7.170000076293945,7.150000095367432,7.164999961853027,88632,0.0,0.0
2024-03-07 15:30:00-05:00,7.159999847412109,7.179999828338623,7.159999847412109,7.179999828338623,94642,0.0,0.0
2024-03-08 09:30:00-05:00,7.199999809265137,7.199999809265137,7.179999828338623,7.190000057220459,168719,0.0,0.0
2024-03-08 10:30:00-05:00,7.184999942779541,7.199999809265137,7.164999961853027,7.179999828338623,73598,0.0,0.0
2024-03-08 11:30:00-05:00,7.170000076293945,7.179999828338623,7.170000076293945,7.175000190734863,39163,0.0,0.0
2024-03-08 12:30:00-05:00,7.175000190734863,7.190000057220459,7.170000076293945,7.180099964141846,64913,0.0,0.0
2024-03-08 13:30:00-05:00,7.179999828338623,7.199999809265137,7.179999828338623,7.195000171661377,64122,0.0,0.0
2024-03-08 14:30:00-05:00,7.190100193023682,7.210000038146973,7.190000057220459,7.195000171661377,81530,0.0,0.0
2024-03-08 15:30:00-05:00,7.195000171661377,7.210000038146973,7.190000057220459,7.204999923706055,48569,0.0,0.0
2024-03-11 09:30:00-04:00,7.179999828338623,7.199999809265137,7.179999828338623,7.190000057220459,148817,0.0,0.0
2024-03-11 10:30:00-04:00,7.187300205230713,7.199999809265137,7.179999828338623,7.198999881744385,109899,0.0,0.0
2024-03-11 11:30:00-04:00,7.1905999183654785,7.210000038146973,7.190000057220459,7.199999809265137,88512,0.0,0.0
2024-03-11 12:30:00-04:00,7.195000171661377,7.199999809265137,7.190000057220459,7.190000057220459,57607,0.0,0.0
2024-03-11 13:30:00-04:00,7.190000057220459,7.199999809265137,7.190000057220459,7.190000057220459,62137,0.0,0.0
2024-03-11 14:30:00-04:00,7.190000057220459,7.199900150299072,7.179999828338623,7.179999828338623,90842,0.0,0.0
2024-03-11 15:30:00-04:00,7.179999828338623,7.190000057220459,7.170000076293945,7.179999828338623,141361,0.0,0.0
2024-03-12 09:30:00-04:00,7.190000057220459,7.1905999183654785,7.170000076293945,7.184999942779541,69286,0.0,0.0
2024-03-12 10:30:00-04:00,7.179999828338623,7.190000057220459,7.170000076293945,7.170000076293945,84387,0.0,0.0
2024-03-12 11:30:00-04:00,7.170000076293945,7.179999828338623,7.150000095367432,7.15500020980835,75841,0.0,0.0
2024-03-12 12:30:00-04:00,7.158999919891357,7.159999847412109,7.150000095367432,7.159999847412109,64717,0.0,0.0
2024-03-12 13:30:00-04:00,7.159999847412109,7.170000076293945,7.150000095367432,7.164999961853027,105758,0.0,0.0
2024-03-12 14:30:00-04:00,7.169000148773193,7.170000076293945,7.159999847412109,7.164999961853027,80632,0.0,0.0
2024-03-12 15:30:00-04:00,7.160099983215332,7.170000076293945,7.159999847412109,7.159999847412109,102107,0.0,0.0
2024-03-13 09:30:00-04:00,7.179999828338623,7.184999942779541,7.170000076293945,7.175000190734863,71223,0.0,0.0
2024-03-13 10:30:00-04:00,7.175000190734863,7.199900150299072,7.175000190734863,7.195000171661377,69540,0.0,0.0
2024-03-13 11:30:00-04:00,7.199900150299072,7.199999809265137,7.170000076293945,7.195000171661377,145701,0.0,0.0
2024-03-13 12:30:00-04:00,7.195000171661377,7.260000228881836,7.190000057220459,7.204999923706055,181117,0.0,0.0
2024-03-13 13:30:00-04:00,7.204999923706055,7.230000019073486,7.204999923706055,7.224999904632568,138872,0.0,0.0
2024-03-13 14:30:00-04:00,7.224999904632568,7.239999771118164,7.21999979019165,7.235000133514404,124008,0.0,0.0
2024-03-13 15:30:00-04:00,7.235000133514404,7.239999771118164,7.230000019073486,7.239999771118164,86982,0.0,0.0
2024-03-14 09:30:00-04:00,7.179999828338623,7.199999809265137,7.150000095367432,7.164999961853027,169667,0.0,0.0
2024-03-14 10:30:00-04:00,7.164999961853027,7.170000076293945,7.150000095367432,7.150100231170654,76529,0.0,0.0
2024-03-14 11:30:00-04:00,7.15500020980835,7.170000076293945,7.150000095367432,7.15500020980835,85930,0.0,0.0
2024-03-14 12:30:00-04:00,7.159999847412109,7.159999847412109,7.150000095367432,7.15500020980835,46229,0.0,0.0
2024-03-14 13:30:00-04:00,7.150000095367432,7.159999847412109,7.119999885559082,7.126999855041504,92392,0.0,0.0
2024-03-14 14:30:00-04:00,7.128799915313721,7.135000228881836,7.119999885559082,7.119999885559082,70314,0.0,0.0
2024-03-14 15:30:00-04:00,7.125,7.144999980926514,7.105000019073486,7.119999885559082,104146,0.0,0.0
2024-03-15 09:30:00-04:00,7.130000114440918,7.148799896240234,7.119999885559082,7.130300045013428,90955,0.0,0.0
2024-03-15 10:30:00-04:00,7.130799770355225,7.139999866485596,7.119999885559082,7.130000114440918,103452,0.0,0.0
2024-03-15 11:30:00-04:00,7.139999866485596,7.139999866485596,7.119999885559082,7.120100021362305,40998,0.0,0.0
2024-03-15 12:30:00-04:00,7.120100021362305,7.124000072479248,7.10099983215332,7.119999885559082,66663,0.0,0.0
2024-03-15 13:30:00-04:00,7.1178998947143555,7.130000114440918,7.1178998947143555,7.125,71851,0.0,0.0
2024-03-15 14:30:00-04:00,7.125,7.130000114440918,7.119999885559082,7.125,43486,0.0,0.0
2024-03-15 15:30:00-04:00,7.129899978637695,7.130000114440918,7.119999885559082,7.125,68086,0.0,0.0
2024-03-18 09:30:00-04:00,7.170000076293945,7.170000076293945,7.139999866485596,7.150000095367432,121118,0.0,0.0
2024-03-18 10:30:00-04:00,7.159999847412109,7.164999961853027,7.121399879455566,7.125,121076,0.0,0.0
2024-03-18 11:30:00-04:00,7.125,7.130000114440918,7.099999904632568,7.102700233459473,128579,0.0,0.0
2024-03-18 12:30:00-04:00,7.110000133514404,7.119999885559082,7.099999904632568,7.114999771118164,69384,0.0,0.0
2024-03-18 13:30:00-04:00,7.114999771118164,7.119999885559082,7.110000133514404,7.110000133514404,41518,0.0,0.0
2024-03-18 14:30:00-04:00,7.114999771118164,7.119999885559082,7.099999904632568,7.099999904632568,105203,0.0,0.0
2024-03-18 15:30:00-04:00,7.105000019073486,7.110000133514404,7.090000152587891,7.110000133514404,139138,0.0,0.0
2024-03-19 09:30:00-04:00,7.110000133514404,7.139999866485596,7.110000133514404,7.139999866485596,67450,0.0,0.0
2024-03-19 10:30:00-04:00,7.139999866485596,7.150000095367432,7.130099773406982,7.144999980926514,63973,0.0,0.0
2024-03-19 11:30:00-04:00,7.144999980926514,7.15500020980835,7.139999866485596,7.151199817657471,49200,0.0,0.0
2024-03-19 12:30:00-04:00,7.150100231170654,7.159999847412109,7.139999866485596,7.144999980926514,55304,0.0,0.0
2024-03-19 13:30:00-04:00,7.150000095367432,7.170000076293945,7.144999980926514,7.170000076293945,49627,0.0,0.0
2024-03-19 14:30:00-04:00,7.161300182342529,7.170000076293945,7.159999847412109,7.164999961853027,49008,0.0,0.0
2024-03-19 15:30:00-04:00,7.164999961853027,7.170000076293945,7.159999847412109,7.164999961853027,38861,0.0,0.0
2024-03-20 09:30:00-04:00,7.159999847412109,7.170000076293945,7.130000114440918,7.170000076293945,193756,0.0,0.0
2024-03-20 10:30:00-04:00,7.169899940490723,7.175000190734863,7.151199817657471,7.170100212097168,47827,0.0,0.0
2024-03-20 11:30:00-04:00,7.170100212097168,7.179999828338623,7.15500020980835,7.164999961853027,92776,0.0,0.0
2024-03-20 12:30:00-04:00,7.164999961853027,7.170000076293945,7.139999866485596,7.144999980926514,69071,0.0,0.0
2024-03-20 13:30:00-04:00,7.150000095367432,7.190000057220459,7.144999980926514,7.179999828338623,168035,0.0,0.0
2024-03-20 14:30:00-04:00,7.175000190734863,7.210000038146973,7.164999961853027,7.199699878692627,154415,0.0,0.0
2024-03-20 15:30:00-04:00,7.195000171661377,7.21999979019165,7.190000057220459,7.21999979019165,93534,0.0,0.0
2024-03-21 09:30:00-04:00,7.25,7.25,7.210000038146973,7.230000019073486,124497,0.0,0.0
2024-03-21 10:30:00-04:00,7.235000133514404,7.235000133514404,7.210000038146973,7.215000152587891,94032,0.0,0.0
2024-03-21 11:30:00-04:00,7.21999979019165,7.239999771118164,7.210000038146973,7.224999904632568,102916,0.0,0.0
2024-03-21 12:30:00-04:00,7.224999904632568,7.230000019073486,7.199999809265137,7.204999923706055,107358,0.0,0.0
2024-03-21 13:30:00-04:00,7.204999923706055,7.21999979019165,7.201300144195557,7.215000152587891,111700,0.0,0.0
2024-03-21 14:30:00-04:00,7.219900131225586,7.21999979019165,7.195000171661377,7.2042999267578125,134627,0.0,0.0
2024-03-21 15:30:00-04:00,7.204999923706055,7.21999979019165,7.199999809265137,7.210000038146973,75358,0.0,0.0
2024-03-22 09:30:00-04:00,7.239999771118164,7.239999771118164,7.199999809265137,7.204999923706055,149371,0.0,0.0
2024-03-22 10:30:00-04:00,7.210000038146973,7.21019983291626,7.193900108337402,7.1940999031066895,52153,0.0,0.0
2024-03-22 11:30:00-04:00,7.190100193023682,7.210000038146973,7.175000190734863,7.1793999671936035,137426,0.0,0.0
2024-03-22 12:30:00-04:00,7.175000190734863,7.190000057220459,7.170000076293945,7.180600166320801,51384,0.0,0.0
2024-03-22 13:30:00-04:00,7.179999828338623,7.188700199127197,7.170000076293945,7.170000076293945,28437,0.0,0.0
2024-03-22 14:30:00-04:00,7.171299934387207,7.179999828338623,7.170000076293945,7.170000076293945,93119,0.0,0.0
2024-03-22 15:30:00-04:00,7.175000190734863,7.190000057220459,7.172100067138672,7.190000057220459,82612,0.0,0.0
2024-03-25 09:30:00-04:00,7.21999979019165,7.239999771118164,7.179999828338623,7.179999828338623,183965,0.0,0.0
2024-03-25 10:30:00-04:00,7.184999942779541,7.198800086975098,7.179999828338623,7.184999942779541,96549,0.0,0.0
2024-03-25 11:30:00-04:00,7.184999942779541,7.190000057220459,7.179999828338623,7.189899921417236,96328,0.0,0.0
2024-03-25 12:30:00-04:00,7.190000057220459,7.199999809265137,7.179999828338623,7.179999828338623,191536,0.0,0.0
2024-03-25 13:30:00-04:00,7.179999828338623,7.189899921417236,7.119999885559082,7.130000114440918,276534,0.0,0.0
2024-03-25 14:30:00-04:00,7.139999866485596,7.139999866485596,7.119999885559082,7.125,236508,0.0,0.0
2024-03-25 15:30:00-04:00,7.120100021362305,7.130000114440918,7.110000133514404,7.130000114440918,138456,0.0,0.0
2024-03-26 09:30:00-04:00,7.159999847412109,7.170000076293945,7.150000095367432,7.159900188446045,80849,0.0,0.0
2024-03-26 10:30:00-04:00,7.15500020980835,7.170000076293945,7.150000095367432,7.164999961853027,91332,0.0,0.0
2024-03-26 11:30:00-04:00,7.159999847412109,7.179999828338623,7.159999847412109,7.179999828338623,109618,0.0,0.0
2024-03-26 12:30:00-04:00,7.170000076293945,7.199999809265137,7.170000076293945,7.195000171661377,115328,0.0,0.0
2024-03-26 13:30:00-04:00,7.19379997253418,7.199999809265137,7.130000114440918,7.130000114440918,245634,0.0,0.0
2024-03-26 14:30:00-04:00,7.139900207519531,7.150000095367432,7.110000133514404,7.114999771118164,322290,0.0,0.0
2024-03-26 15:30:00-04:00,7.119999885559082,7.125,7.110000133514404,7.119999885559082,172407,0.0,0.0
2024-03-27 09:30:00-04:00,7.139999866485596,7.159999847412109,7.130000114440918,7.139999866485596,206596,0.0,0.0
2024-03-27 10:30:00-04:00,7.139999866485596,7.179999828338623,7.136600017547607,7.170000076293945,148462,0.0,0.0
2024-03-27 11:30:00-04:00,7.177499771118164,7.179999828338623,7.170000076293945,7.175000190734863,59307,0.0,0.0
2024-03-27 12:30:00-04:00,7.179999828338623,7.190000057220459,7.170000076293945,7.190000057220459,109959,0.0,0.0
2024-03-27 13:30:00-04:00,7.190000057220459,7.21999979019165,7.164999961853027,7.164999961853027,140474,0.0,0.0
2024-03-27 14:30:00-04:00,7.170000076293945,7.170000076293945,7.079999923706055,7.105000019073486,794162,0.0,0.0
2024-03-27 15:30:00-04:00,7.108500003814697,7.119999885559082,7.099999904632568,7.119999885559082,155050,0.0,0.0
2024-03-28 09:30:00-04:00,7.130000114440918,7.150000095367432,7.099999904632568,7.139900207519531,190547,0.0,0.0
2024-03-28 10:30:00-04:00,7.139999866485596,7.150000095367432,7.139999866485596,7.144999980926514,63757,0.0,0.0
2024-03-28 11:30:00-04:00,7.144999980926514,7.159999847412109,7.130000114440918,7.139900207519531,95076,0.0,0.0
2024-03-28 12:30:00-04:00,7.139900207519531,7.150000095367432,7.139900207519531,7.144999980926514,49953,0.0,0.0
2024-03-28 13:30:00-04:00,7.144999980926514,7.159999847412109,7.139999866485596,7.15910005569458,79116,0.0,0.0
2024-03-28 14:30:00-04:00,7.15500020980835,7.179999828338623,7.15500020980835,7.177999973297119,128597,0.0,0.0
2024-03-28 15:30:00-04:00,7.179699897766113,7.199999809265137,7.170000076293945,7.199999809265137,184932,0.0,0.0
2024-04-01 09:30:00-04:00,7.190000057220459,7.190000057220459,7.130000114440918,7.135000228881836,287461,0.0,0.0
2024-04-01 10:30:00-04:00,7.136899948120117,7.144999980926514,7.130000114440918,7.144899845123291,111662,0.0,0.0
2024-04-01 11:30:00-04:00,7.144400119781494,7.150000095367432,7.130000114440918,7.142499923706055,99045,0.0,0.0
2024-04-01 12:30:00-04:00,7.144999980926514,7.170000076293945,7.139999866485596,7.159900188446045,92549,0.0,0.0
2024-04-01 13:30:00-04:00,7.159999847412109,7.179999828338623,7.150000095367432,7.164999961853027,137758,0.0,0.0
2024-04-01 14:30:00-04:00,7.164999961853027,7.179999828338623,7.150000095367432,7.170000076293945,210557,0.0,0.0
2024-04-01 15:30:00-04:00,7.170000076293945,7.179999828338623,7.161900043487549,7.179999828338623,157254,0.0,0.0
2024-04-02 09:30:00-04:00,7.139999866485596,7.15500020980835,7.110000133514404,7.15500020980835,207887,0.0,0.0
2024-04-02 10:30:00-04:00,7.157700061798096,7.159999847412109,7.150000095367432,7.158999919891357,75393,0.0,0.0
2024-04-02 11:30:00-04:00,7.15500020980835,7.170000076293945,7.150000095367432,7.170000076293945,72079,0.0,0.0
2024-04-02 12:30:00-04:00,7.164999961853027,7.170000076293945,7.159999847412109,7.164999961853027,41079,0.0,0.0
2024-04-02 13:30:00-04:00,7.165999889373779,7.170000076293945,7.150000095367432,7.170000076293945,124396,0.0,0.0
2024-04-02 14:30:00-04:00,7.170000076293945,7.170000076293945,7.150000095367432,7.15500020980835,70863,0.0,0.0
2024-04-02 15:30:00-04:00,7.15500020980835,7.170000076293945,7.150000095367432,7.170000076293945,93904,0.0,0.0
2024-04-03 09:30:00-04:00,7.150000095367432,7.159999847412109,7.135000228881836,7.150000095367432,118995,0.0,0.0
2024-04-03 10:30:00-04:00,7.150000095367432,7.150000095367432,7.139999866485596,7.150000095367432,59578,0.0,0.0
2024-04-03 11:30:00-04:00,7.150000095367432,7.150000095367432,7.130000114440918,7.135000228881836,97452,0.0,0.0
2024-04-03 12:30:00-04:00,7.136000156402588,7.150000095367432,7.130000114440918,7.144999980926514,99797,0.0,0.0
2024-04-03 13:30:00-04:00,7.144999980926514,7.159999847412109,7.144999980926514,7.154600143432617,59503,0.0,0.0
2024-04-03 14:30:00-04:00,7.150100231170654,7.159999847412109,7.150000095367432,7.15500020980835,49295,0.0,0.0
2024-04-03 15:30:00-04:00,7.15500020980835,7.179999828338623,7.150000095367432,7.179999828338623,70658,0.0,0.0
2024-04-04 09:30:00-04:00,7.159999847412109,7.179999828338623,7.150000095367432,7.159999847412109,198114,0.0,0.0
2024-04-04 10:30:00-04:00,7.159999847412109,7.159999847412109,7.139999866485596,7.144999980926514,45187,0.0,0.0
2024-04-04 11:30:00-04:00,7.139999866485596,7.159999847412109,7.139999866485596,7.1570000648498535,52968,0.0,0.0
2024-04-04 12:30:00-04:00,7.157299995422363,7.169899940490723,7.150100231170654,7.159999847412109,34396,0.0,0.0
2024-04-04 13:30:00-04:00,7.168600082397461,7.168600082397461,7.150000095367432,7.162499904632568,57694,0.0,0.0
2024-04-04 14:30:00-04:00,7.164999961853027,7.169899940490723,7.130000114440918,7.150000095367432,139908,0.0,0.0
2024-04-04 15:30:00-04:00,7.144999980926514,7.150000095367432,7.131800174713135,7.144999980926514,54866,0.0,0.0
2024-04-05 09:30:00-04:00,7.110000133514404,7.159999847412109,7.110000133514404,7.1529998779296875,131577,0.0,0.0
2024-04-05 10:30:00-04:00,7.150599956512451,7.158699989318848,7.139999866485596,7.150100231170654,36073,0.0,0.0
2024-04-05 11:30:00-04:00,7.15500020980835,7.159999847412109,7.150000095367432,7.15500020980835,40204,0.0,0.0
2024-04-05 12:30:00-04:00,7.15500020980835,7.159999847412109,7.130000114440918,7.136600017547607,48929,0.0,0.0
2024-04-05 13:30:00-04:00,7.135000228881836,7.147500038146973,7.119999885559082,7.131199836730957,85470,0.0,0.0
2024-04-05 14:30:00-04:00,7.130000114440918,7.139999866485596,7.119999885559082,7.125,42277,0.0,0.0
2024-04-05 15:30:00-04:00,7.123499870300293,7.139999866485596,7.110000133514404,7.119999885559082,68666,0.0,0.0
2024-04-08 09:30:00-04:00,7.150000095367432,7.159999847412109,7.139999866485596,7.150000095367432,118807,0.0,0.0
2024-04-08 10:30:00-04:00,7.159999847412109,7.179999828338623,7.150000095367432,7.15500020980835,95830,0.0,0.0
2024-04-08 11:30:00-04:00,7.15500020980835,7.159900188446045,7.139999866485596,7.144999980926514,62481,0.0,0.0
2024-04-08 12:30:00-04:00,7.139999866485596,7.144999980926514,7.119999885559082,7.12939977645874,39491,0.0,0.0
2024-04-08 13:30:00-04:00,7.129899978637695,7.130000114440918,7.119999885559082,7.123600006103516,78671,0.0,0.0
2024-04-08 14:30:00-04:00,7.119999885559082,7.130000114440918,7.110000133514404,7.130000114440918,52237,0.0,0.0
2024-04-08 15:30:00-04:00,7.119999885559082,7.139999866485596,7.119999885559082,7.130000114440918,66222,0.0,0.0
2024-04-09 09:30:00-04:00,7.170000076293945,7.179999828338623,7.170000076293945,7.170000076293945,102529,0.0,0.0
2024-04-09 10:30:00-04:00,7.170000076293945,7.175000190734863,7.139999866485596,7.140900135040283,54326,0.0,0.0
2024-04-09 11:30:00-04:00,7.144999980926514,7.150000095367432,7.130000114440918,7.135000228881836,73686,0.0,0.0
2024-04-09 12:30:00-04:00,7.139800071716309,7.170000076293945,7.130000114440918,7.170000076293945,109822,0.0,0.0
2024-04-09 13:30:00-04:00,7.159999847412109,7.169000148773193,7.150000095367432,7.15500020980835,74505,0.0,0.0
2024-04-09 14:30:00-04:00,7.15500020980835,7.159999847412109,7.139999866485596,7.141300201416016,71104,0.0,0.0
2024-04-09 15:30:00-04:00,7.144999980926514,7.150000095367432,7.139999866485596,7.139999866485596,35703,0.0,0.0
2024-04-10 09:30:00-04:00,7.099999904632568,7.125,7.079999923706055,7.090099811553955,304671,0.0,0.0
2024-04-10 10:30:00-04:00,7.09499979019165,7.119999885559082,7.090000152587891,7.099899768829346,137168,0.0,0.0
2024-04-10 11:30:00-04:00,7.09499979019165,7.099999904632568,7.059999942779541,7.065000057220459,183440,0.0,0.0
2024-04-10 12:30:00-04:00,7.065000057220459,7.079999923706055,7.039999961853027,7.065000057220459,83888,0.0,0.0
2024-04-10 13:30:00-04:00,7.065000057220459,7.079999923706055,7.050000190734863,7.059999942779541,158718,0.0,0.0
2024-04-10 14:30:00-04:00,7.050099849700928,7.070000171661377,7.050000190734863,7.065000057220459,106792,0.0,0.0
2024-04-10 15:30:00-04:00,7.065000057220459,7.070000171661377,7.050000190734863,7.050000190734863,56118,0.0,0.0
2024-04-11 09:30:00-04:00,7.090000152587891,7.090000152587891,7.0,7.010000228881836,238865,0.0,0.0
2024-04-11 10:30:00-04:00,7.010000228881836,7.03000020980835,7.0,7.010000228881836,149286,0.0,0.0
2024-04-11 11:30:00-04:00,7.010000228881836,7.050000190734863,7.0,7.039999961853027,103132,0.0,0.0
2024-04-11 12:30:00-04:00,7.04010009765625,7.059999942779541,7.03000020980835,7.050000190734863,94501,0.0,0.0
2024-04-11 13:30:00-04:00,7.059999942779541,7.059999942779541,7.03000020980835,7.036600112915039,91436,0.0,0.0
2024-04-11 14:30:00-04:00,7.034999847412109,7.050000190734863,7.03000020980835,7.034999847412109,90017,0.0,0.0
2024-04-11 15:30:00-04:00,7.034999847412109,7.039999961853027,7.03000020980835,7.034999847412109,48077,0.0,0.0
2024-04-12 09:30:00-04:00,6.96999979019165,6.989999771118164,6.949999809265137,6.965000152587891,151238,0.0,0.0
2024-04-12 10:30:00-04:00,6.96999979019165,6.96999979019165,6.960000038146973,6.965000152587891,86153,0.0,0.0
2024-04-12 11:30:00-04:00,6.965000152587891,6.96999979019165,6.960000038146973,6.960000038146973,61854,0.0,0.0
2024-04-12 12:30:00-04:00,6.96999979019165,6.96999979019165,6.949999809265137,6.954999923706055,66388,0.0,0.0
2024-04-12 13:30:00-04:00,6.960000038146973,6.960000038146973,6.920000076293945,6.920000076293945,78547,0.0,0.0
2024-04-12 14:30:00-04:00,6.923500061035156,6.929999828338623,6.909999847412109,6.914999961853027,93840,0.0,0.0
2024-04-12 15:30:00-04:00,6.914999961853027,6.929900169372559,6.910099983215332,6.920000076293945,41030,0.0,0.0
2024-04-15 09:30:00-04:00,6.940000057220459,6.940000057220459,6.849999904632568,6.855000019073486,208119,0.0,0.0
2024-04-15 10:30:00-04:00,6.855000019073486,6.875,6.849999904632568,6.855000019073486,181214,0.0,0.0
2024-04-15 11:30:00-04:00,6.855000019073486,6.869999885559082,6.849999904632568,6.855000019073486,120164,0.0,0.0
2024-04-15 12:30:00-04:00,6.855000019073486,6.860000133514404,6.820000171661377,6.820000171661377,111584,0.0,0.0
2024-04-15 13:30:00-04:00,6.822199821472168,6.829899787902832,6.789999961853027,6.804999828338623,175175,0.0,0.0
2024-04-15 14:30:00-04:00,6.800000190734863,6.818999767303467,6.800000190734863,6.804999828338623,97704,0.0,0.0
2024-04-15 15:30:00-04:00,6.804999828338623,6.809999942779541,6.800000190734863,6.809999942779541,108259,0.0,0.0
2024-04-16 09:30:00-04:00,6.78000020980835,6.800000190734863,6.71999979019165,6.789899826049805,343581,0.0,0.0
2024-04-16 10:30:00-04:00,6.789899826049805,6.809999942779541,6.78000020980835,6.800099849700928,174342,0.0,0.0
2024-04-16 11:30:00-04:00,6.801000118255615,6.840000152587891,6.800000190734863,6.840000152587891,76463,0.0,0.0
2024-04-16 12:30:00-04:00,6.835000038146973,6.860000133514404,6.830100059509277,6.840000152587891,108945,0.0,0.0
2024-04-16 13:30:00-04:00,6.840000152587891,6.860000133514404,6.824999809265137,6.835000038146973,118014,0.0,0.0
2024-04-16 14:30:00-04:00,6.839000225067139,6.849999904632568,6.829999923706055,6.84499979019165,89364,0.0,0.0
2024-04-16 15:30:00-04:00,6.84119987487793,6.841400146484375,6.809999942779541,6.824999809265137,106025,0.0,0.0
2024-04-17 09:30:00-04:00,6.849999904632568,6.880000114440918,6.835000038146973,6.835000038146973,131566,0.0,0.0
2024-04-17 10:30:00-04:00,6.835000038146973,6.840000152587891,6.815000057220459,6.824999809265137,80123,0.0,0.0
2024-04-17 11:30:00-04:00,6.8242998123168945,6.829999923706055,6.809999942779541,6.820000171661377,96398,0.0,0.0
2024-04-17 12:30:00-04:00,6.815000057220459,6.829999923706055,6.800000190734863,6.829999923706055,64713,0.0,0.0
2024-04-17 13:30:00-04:00,6.820099830627441,6.860000133514404,6.820000171661377,6.855000019073486,82453,0.0,0.0
2024-04-17 14:30:00-04:00,6.860000133514404,6.880000114440918,6.849999904632568,6.875,107284,0.0,0.0
2024-04-17 15:30:00-04:00,6.875,6.880000114440918,6.869999885559082,6.869999885559082,82081,0.0,0.0
2024-04-18 09:30:00-04:00,6.889999866485596,6.900000095367432,6.869100093841553,6.869999885559082,91971,0.0,0.0
2024-04-18 10:30:00-04:00,6.869500160217285,6.869999885559082,6.860000133514404,6.869900226593018,69920,0.0,0.0
2024-04-18 11:30:00-04:00,6.864999771118164,6.886000156402588,6.860099792480469,6.885000228881836,44533,0.0,0.0
2024-04-18 12:30:00-04:00,6.885000228881836,6.894999980926514,6.880000114440918,6.880099773406982,139869,0.0,0.0
2024-04-18 13:30:00-04:00,6.885000228881836,6.889999866485596,6.880000114440918,6.886600017547607,67270,0.0,0.0
2024-04-18 14:30:00-04:00,6.885000228881836,6.889999866485596,6.869999885559082,6.869999885559082,74041,0.0,0.0
2024-04-18 15:30:00-04:00,6.869999885559082,6.879000186920166,6.860000133514404,6.864999771118164,23200,0.0,0.0
2024-04-19 09:30:00-04:00,6.880000114440918,6.909999847412109,6.869999885559082,6.889999866485596,105009,0.0,0.0
2024-04-19 10:30:00-04:00,6.883900165557861,6.900000095367432,6.880000114440918,6.889999866485596,53729,0.0,0.0
2024-04-19 11:30:00-04:00,6.889999866485596,6.920000076293945,6.885000228881836,6.885000228881836,56294,0.0,0.0
2024-04-19 12:30:00-04:00,6.88100004196167,6.894999980926514,6.880000114440918,6.888700008392334,32495,0.0,0.0
2024-04-19 13:30:00-04:00,6.889999866485596,6.889999866485596,6.880000114440918,6.888199806213379,38083,0.0,0.0
2024-04-19 14:30:00-04:00,6.885000228881836,6.889999866485596,6.860000133514404,6.869900226593018,88427,0.0,0.0
2024-04-19 15:30:00-04:00,6.867099761962891,6.867099761962891,6.849999904632568,6.849999904632568,147382,0.0,0.0
2024-04-22 09:30:00-04:00,6.880000114440918,6.909999847412109,6.880000114440918,6.889999866485596,0,0.0,0.0
2024-04-22 10:30:00-04:00,6.890999794006348,6.900000095367432,6.889999866485596,6.889999866485596,56012,0.0,0.0
2024-04-22 11:30:00-04:00,6.896999835968018,6.900000095367432,6.889999866485596,6.8927001953125,52023,0.0,0.0
2024-04-22 12:30:00-04:00,6.894999980926514,6.900000095367432,6.889999866485596,6.894999980926514,79486,0.0,0.0
2024-04-22 13:30:00-04:00,6.894999980926514,6.900000095367432,6.889999866485596,6.894999980926514,70698,0.0,0.0
2024-04-22 14:30:00-04:00,6.894999980926514,6.900000095367432,6.880000114440918,6.889999866485596,88718,0.0,0.0
2024-04-22 15:30:00-04:00,6.889999866485596,6.909999847412109,6.889999866485596,6.900000095367432,52787,0.0,0.0
2024-04-23 09:30:00-04:00,6.929999828338623,6.994999885559082,6.920000076293945,6.994999885559082,101779,0.0,0.0
2024-04-23 10:30:00-04:00,6.998799800872803,7.0,6.9629998207092285,6.974999904632568,127325,0.0,0.0
2024-04-23 11:30:00-04:00,6.974999904632568,6.980000019073486,6.960000038146973,6.974999904632568,72349,0.0,0.0
2024-04-23 12:30:00-04:00,6.974999904632568,6.974999904632568,6.960000038146973,6.96999979019165,57238,0.0,0.0
2024-04-23 13:30:00-04:00,6.968999862670898,7.010000228881836,6.960000038146973,7.010000228881836,96541,0.0,0.0
2024-04-23 14:30:00-04:00,7.005000114440918,7.014999866485596,6.985000133514404,7.0,116199,0.0,0.0
2024-04-23 15:30:00-04:00,6.999899864196777,6.999899864196777,6.960000038146973,6.960000038146973,109258,0.0,0.0
2024-04-24 09:30:00-04:00,6.989999771118164,7.019999980926514,6.980500221252441,6.9899001121521,176304,0.0,0.0
2024-04-24 10:30:00-04:00,6.98199987411499,6.989999771118164,6.940000057220459,6.948999881744385,100411,0.0,0.0
2024-04-24 11:30:00-04:00,6.945000171661377,6.960000038146973,6.940000057220459,6.960000038146973,74895,0.0,0.0
2024-04-24 12:30:00-04:00,6.959000110626221,6.980000019073486,6.949999809265137,6.980000019073486,54803,0.0,0.0
2024-04-24 13:30:00-04:00,6.980000019073486,6.999000072479248,6.96999979019165,6.994999885559082,94265,0.0,0.0
2024-04-24 14:30:00-04:00,6.999000072479248,7.0,6.980000019073486,6.994999885559082,86650,0.0,0.0
2024-04-24 15:30:00-04:00,6.994999885559082,7.03000020980835,6.989999771118164,7.010000228881836,297572,0.0,0.0
2024-04-25 09:30:00-04:00,6.960000038146973,6.980000019073486,6.949999809265137,6.96999979019165,217548,0.0,0.0
2024-04-25 10:30:00-04:00,6.96999979019165,6.972499847412109,6.920000076293945,6.925000190734863,98905,0.0,0.0
2024-04-25 11:30:00-04:00,6.925000190734863,6.94950008392334,6.925000190734863,6.945000171661377,75800,0.0,0.0
2024-04-25 12:30:00-04:00,6.940100193023682,6.949999809265137,6.940000057220459,6.945000171661377,28903,0.0,0.0
2024-04-25 13:30:00-04:00,6.948599815368652,6.960000038146973,6.940000057220459,6.954999923706055,46710,0.0,0.0
2024-04-25 14:30:00-04:00,6.958700180053711,6.960000038146973,6.940000057220459,6.949999809265137,99678,0.0,0.0
2024-04-25 15:30:00-04:00,6.954999923706055,6.96999979019165,6.949999809265137,6.96999979019165,54526,0.0,0.0
2024-04-26 09:30:00-04:00,6.989999771118164,7.010000228881836,6.989999771118164,7.0,61745,0.0,0.0
2024-04-26 10:30:00-04:00,7.0,7.010000228881836,6.989999771118164,7.000100135803223,48163,0.0,0.0
2024-04-26 11:30:00-04:00,6.994999885559082,7.0,6.989999771118164,6.998799800872803,37093,0.0,0.0
2024-04-26 12:30:00-04:00,6.994999885559082,7.0,6.989999771118164,6.994999885559082,61911,0.0,0.0
2024-04-26 13:30:00-04:00,6.989999771118164,7.0,6.989999771118164,6.989999771118164,62265,0.0,0.0
2024-04-26 14:30:00-04:00,6.994999885559082,6.999899864196777,6.96999979019165,6.989999771118164,109851,0.0,0.0
2024-04-26 15:30:00-04:00,6.982999801635742,7.010000228881836,6.982500076293945,7.010000228881836,46200,0.0,0.0
2024-04-29 09:30:00-04:00,7.019999980926514,7.059999942779541,7.0,7.059999942779541,0,0.0,0.0
2024-04-29 10:30:00-04:00,7.059999942779541,7.059999942779541,7.039999961853027,7.045000076293945,49907,0.0,0.0
2024-04-29 11:30:00-04:00,7.045000076293945,7.059999942779541,7.03249979019165,7.059999942779541,71475,0.0,0.0
2024-04-29 12:30:00-04:00,7.054999828338623,7.059999942779541,7.050000190734863,7.054999828338623,41001,0.0,0.0
2024-04-29 13:30:00-04:00,7.054999828338623,7.059999942779541,7.03000020980835,7.034999847412109,86143,0.0,0.0
2024-04-29 14:30:00-04:00,7.034999847412109,7.039999961853027,7.019999980926514,7.025000095367432,65808,0.0,0.0
2024-04-29 15:30:00-04:00,7.025000095367432,7.03000020980835,7.01140022277832,7.03000020980835,22805,0.0,0.0
2024-04-30 09:30:00-04:00,7.039999961853027,7.079999923706055,7.025000095367432,7.079999923706055,402161,0.0,0.0
2024-04-30 10:30:00-04:00,7.0731000900268555,7.079699993133545,7.050000190734863,7.054999828338623,37874,0.0,0.0
2024-04-30 11:30:00-04:00,7.054999828338623,7.059999942779541,7.039999961853027,7.045000076293945,32652,0.0,0.0
2024-04-30 12:30:00-04:00,7.045000076293945,7.050000190734863,7.03000020980835,7.039999961853027,129358,0.0,0.0
2024-04-30 13:30:00-04:00,7.049900054931641,7.050000190734863,7.03000020980835,7.039999961853027,76208,0.0,0.0
2024-04-30 14:30:00-04:00,7.034999847412109,7.039899826049805,7.03000020980835,7.03000020980835,83066,0.0,0.0
2024-04-30 15:30:00-04:00,7.03000020980835,7.039999961853027,7.03000020980835,7.039999961853027,54883,0.0,0.0
2024-05-01 09:30:00-04:00,7.070000171661377,7.079999923706055,7.050000190734863,7.065000057220459,0,0.0,0.0
2024-05-01 10:30:00-04:00,7.059999942779541,7.070000171661377,7.050000190734863,7.050000190734863,58084,0.0,0.0
2024-05-01 11:30:00-04:00,7.054999828338623,7.079999923706055,7.050099849700928,7.074999809265137,54577,0.0,0.0
2024-05-01 12:30:00-04:00,7.074999809265137,7.099999904632568,7.070000171661377,7.070000171661377,132254,0.0,0.0
2024-05-01 13:30:00-04:00,7.070000171661377,7.090000152587891,7.070000171661377,7.085000038146973,60937,0.0,0.0
2024-05-01 14:30:00-04:00,7.079999923706055,7.122000217437744,7.074999809265137,7.105000019073486,92917,0.0,0.0
2024-05-01 15:30:00-04:00,7.105000019073486,7.119999885559082,7.099999904632568,7.105000019073486,115079,0.0,0.0
2024-05-02 09:30:00-04:00,7.119999885559082,7.130000114440918,7.100100040435791,7.125,84359,0.0,0.0
2024-05-02 10:30:00-04:00,7.129899978637695,7.139999866485596,7.119999885559082,7.130000114440918,97322,0.0,0.0
2024-05-02 11:30:00-04:00,7.125,7.139900207519531,7.125,7.136300086975098,37445,0.0,0.0
2024-05-02 12:30:00-04:00,7.136499881744385,7.139999866485596,7.130000114440918,7.135000228881836,54692,0.0,0.0
2024-05-02 13:30:00-04:00,7.139999866485596,7.139999866485596,7.130000114440918,7.139999866485596,70167,0.0,0.0
2024-05-02 14:30:00-04:00,7.139999866485596,7.159999847412109,7.135000228881836,7.144000053405762,161487,0.0,0.0
2024-05-02 15:30:00-04:00,7.139999866485596,7.150000095367432,7.119999885559082,7.139999866485596,119938,0.0,0.0
2024-05-03 09:30:00-04:00,7.190000057220459,7.204999923706055,7.170000076293945,7.204999923706055,204824,0.0,0.0
2024-05-03 10:30:00-04:00,7.207300186157227,7.21999979019165,7.195000171661377,7.210000038146973,85588,0.0,0.0
2024-05-03 11:30:00-04:00,7.210000038146973,7.230000019073486,7.200099945068359,7.209000110626221,148789,0.0,0.0
2024-05-03 12:30:00-04:00,7.209000110626221,7.210000038146973,7.184999942779541,7.190000057220459,58562,0.0,0.0
2024-05-03 13:30:00-04:00,7.195000171661377,7.199999809265137,7.190000057220459,7.195000171661377,68446,0.0,0.0
2024-05-03 14:30:00-04:00,7.190000057220459,7.199999809265137,7.175000190734863,7.175000190734863,128846,0.0,0.0
2024-05-03 15:30:00-04:00,7.175000190734863,7.190000057220459,7.159999847412109,7.183000087738037,110086,0.0,0.0
2024-05-06 09:30:00-04:00,7.230000019073486,7.230000019073486,7.170000076293945,7.190000057220459,166922,0.0,0.0
2024-05-06 10:30:00-04:00,7.190000057220459,7.190000057220459,7.179999828338623,7.1890997886657715,86514,0.0,0.0
2024-05-06 11:30:00-04:00,7.189000129699707,7.190000057220459,7.179999828338623,7.189799785614014,64493,0.0,0.0
2024-05-06 12:30:00-04:00,7.190000057220459,7.190000057220459,7.180099964141846,7.187900066375732,50224,0.0,0.0
2024-05-06 13:30:00-04:00,7.190000057220459,7.190000057220459,7.179999828338623,7.184999942779541,58202,0.0,0.0
2024-05-06 14:30:00-04:00,7.184999942779541,7.190000057220459,7.179999828338623,7.190000057220459,74961,0.0,0.0
2024-05-06 15:30:00-04:00,7.190000057220459,7.199999809265137,7.18209981918335,7.199999809265137,72249,0.0,0.0
2024-05-07 09:30:00-04:00,7.21999979019165,7.25,7.199999809265137,7.224999904632568,91923,0.0,0.0
2024-05-07 10:30:00-04:00,7.224999904632568,7.230000019073486,7.21999979019165,7.224999904632568,47367,0.0,0.0
2024-05-07 11:30:00-04:00,7.221199989318848,7.230000019073486,7.21999979019165,7.222400188446045,67304,0.0,0.0
2024-05-07 12:30:00-04:00,7.224999904632568,7.229000091552734,7.210000038146973,7.215000152587891,75959,0.0,0.0
2024-05-07 13:30:00-04:00,7.211999893188477,7.21999979019165,7.190000057220459,7.195000171661377,71404,0.0,0.0
2024-05-07 14:30:00-04:00,7.195000171661377,7.199999809265137,7.180300235748291,7.184999942779541,53614,0.0,0.0
2024-05-07 15:30:00-04:00,7.184999942779541,7.190000057220459,7.170000076293945,7.190000057220459,115502,0.0,0.0
2024-05-08 09:30:00-04:00,7.199999809265137,7.239999771118164,7.190000057220459,7.239999771118164,0,0.0,0.0
2024-05-08 10:30:00-04:00,7.230000019073486,7.239999771118164,7.210000038146973,7.21999979019165,64213,0.0,0.0
2024-05-08 11:30:00-04:00,7.215000152587891,7.25,7.204999923706055,7.224999904632568,184321,0.0,0.0
2024-05-08 12:30:00-04:00,7.224999904632568,7.230000019073486,7.210000038146973,7.210000038146973,68413,0.0,0.0
2024-05-08 13:30:00-04:00,7.215000152587891,7.21999979019165,7.210000038146973,7.215000152587891,82274,0.0,0.0
2024-05-08 14:30:00-04:00,7.215000152587891,7.21999979019165,7.199999809265137,7.204999923706055,130550,0.0,0.0
2024-05-08 15:30:00-04:00,7.208600044250488,7.21999979019165,7.199999809265137,7.21999979019165,82770,0.0,0.0
2024-05-09 09:30:00-04:00,7.179999828338623,7.210000038146973,7.170000076293945,7.210000038146973,0,0.0,0.0
2024-05-09 10:30:00-04:00,7.204999923706055,7.21999979019165,7.190000057220459,7.199399948120117,86299,0.0,0.0
2024-05-09 11:30:00-04:00,7.197999954223633,7.210000038146973,7.197999954223633,7.199999809265137,64316,0.0,0.0
2024-05-09 12:30:00-04:00,7.2042999267578125,7.210000038146973,7.199999809265137,7.204999923706055,29357,0.0,0.0
2024-05-09 13:30:00-04:00,7.210000038146973,7.21999979019165,7.200099945068359,7.215000152587891,109991,0.0,0.0
2024-05-09 14:30:00-04:00,7.21999979019165,7.230000019073486,7.199999809265137,7.204999923706055,98475,0.0,0.0
2024-05-09 15:30:00-04:00,7.204999923706055,7.210000038146973,7.199999809265137,7.210000038146973,61717,0.0,0.0
2024-05-10 09:30:00-04:00,7.199999809265137,7.210000038146973,7.159999847412109,7.175000190734863,149844,0.0,0.0
2024-05-10 10:30:00-04:00,7.170000076293945,7.179999828338623,7.170000076293945,7.179900169372559,76696,0.0,0.0
2024-05-10 11:30:00-04:00,7.179999828338623,7.190000057220459,7.170000076293945,7.170000076293945,60768,0.0,0.0
2024-05-10 12:30:00-04:00,7.170000076293945,7.179999828338623,7.170000076293945,7.170000076293945,41050,0.0,0.0
2024-05-10 13:30:00-04:00,7.170000076293945,7.179999828338623,7.170000076293945,7.175000190734863,81848,0.0,0.0
2024-05-10 14:30:00-04:00,7.175000190734863,7.179999828338623,7.170000076293945,7.175000190734863,74698,0.0,0.0
2024-05-10 15:30:00-04:00,7.170000076293945,7.179999828338623,7.170000076293945,7.179999828338623,36459,0.0,0.0
2024-05-13 09:30:00-04:00,7.210000038146973,7.210000038146973,7.179999828338623,7.190000057220459,105794,0.0,0.0
2024-05-13 10:30:00-04:00,7.190000057220459,7.197500228881836,7.179999828338623,7.179999828338623,47433,0.0,0.0
2024-05-13 11:30:00-04:00,7.179999828338623,7.188000202178955,7.170000076293945,7.175000190734863,45333,0.0,0.0
2024-05-13 12:30:00-04:00,7.175000190734863,7.179999828338623,7.159999847412109,7.1616997718811035,66954,0.0,0.0
2024-05-13 13:30:00-04:00,7.167500019073486,7.179900169372559,7.167500019073486,7.170000076293945,25147,0.0,0.0
2024-05-13 14:30:00-04:00,7.172699928283691,7.179999828338623,7.159999847412109,7.175000190734863,92629,0.0,0.0
2024-05-13 15:30:00-04:00,7.175000190734863,7.199999809265137,7.170000076293945,7.179999828338623,108471,0.0,0.0
2024-05-14 09:30:00-04:00,7.130000114440918,7.179900169372559,7.130000114440918,7.156400203704834,118543,0.0,0.0
2024-05-14 10:30:00-04:00,7.159999847412109,7.169899940490723,7.150000095367432,7.164999961853027,74659,0.0,0.0
2024-05-14 11:30:00-04:00,7.164999961853027,7.170000076293945,7.130000114440918,7.130300045013428,72606,0.0,0.0
2024-05-14 12:30:00-04:00,7.139999866485596,7.144999980926514,7.119999885559082,7.135000228881836,72713,0.0,0.0
2024-05-14 13:30:00-04:00,7.135000228881836,7.139999866485596,7.119999885559082,7.135000228881836,45658,0.0,0.0
2024-05-14 14:30:00-04:00,7.135000228881836,7.150000095367432,7.130099773406982,7.143499851226807,61082,0.0,0.0
2024-05-14 15:30:00-04:00,7.144999980926514,7.170000076293945,7.144999980926514,7.164999961853027,132426,0.0,0.0
2024-05-15 09:30:00-04:00,7.210000038146973,7.210000038146973,7.170000076293945,7.190000057220459,109970,0.0,0.0
2024-05-15 10:30:00-04:00,7.195000171661377,7.199999809265137,7.179999828338623,7.184999942779541,86739,0.0,0.0
2024-05-15 11:30:00-04:00,7.184999942779541,7.190000057220459,7.179999828338623,7.180099964141846,37472,0.0,0.0
2024-05-15 12:30:00-04:00,7.184999942779541,7.197999954223633,7.179999828338623,7.195000171661377,62857,0.0,0.0
2024-05-15 13:30:00-04:00,7.199999809265137,7.199999809265137,7.179999828338623,7.195000171661377,84075,0.0,0.0
2024-05-15 14:30:00-04:00,7.195000171661377,7.199999809265137,7.190000057220459,7.195000171661377,54955,0.0,0.0
2024-05-15 15:30:00-04:00,7.195000171661377,7.199999809265137,7.190000057220459,7.199999809265137,50568,0.0,0.0
2024-05-16 09:30:00-04:00,7.199999809265137,7.210000038146973,7.179999828338623,7.184999942779541,116335,0.0,0.0
2024-05-16 10:30:00-04:00,7.190000057220459,7.190000057220459,7.179999828338623,7.179999828338623,47822,0.0,0.0
2024-05-16 11:30:00-04:00,7.184999942779541,7.184999942779541,7.159999847412109,7.164999961853027,155607,0.0,0.0
2024-05-16 12:30:00-04:00,7.159999847412109,7.170000076293945,7.159999847412109,7.164999961853027,68606,0.0,0.0
2024-05-16 13:30:00-04:00,7.166500091552734,7.190000057220459,7.159999847412109,7.175000190734863,130237,0.0,0.0
2024-05-16 14:30:00-04:00,7.175000190734863,7.179999828338623,7.170000076293945,7.179999828338623,71888,0.0,0.0
2024-05-16 15:30:00-04:00,7.179900169372559,7.190000057220459,7.170000076293945,7.175000190734863,107344,0.0,0.0
2024-05-17 09:30:00-04:00,7.210000038146973,7.21999979019165,7.190000057220459,7.205599784851074,169450,0.0,0.0
2024-05-17 10:30:00-04:00,7.199999809265137,7.20989990234375,7.179999828338623,7.195000171661377,206364,0.0,0.0
2024-05-17 11:30:00-04:00,7.194699764251709,7.199999809265137,7.170000076293945,7.190000057220459,123395,0.0,0.0
2024-05-17 12:30:00-04:00,7.184999942779541,7.189899921417236,7.170000076293945,7.170000076293945,41123,0.0,0.0
2024-05-17 13:30:00-04:00,7.170000076293945,7.179999828338623,7.159999847412109,7.175000190734863,71461,0.0,0.0
2024-05-17 14:30:00-04:00,7.17519998550415,7.179999828338623,7.170000076293945,7.170000076293945,39561,0.0,0.0
2024-05-17 15:30:00-04:00,7.170000076293945,7.179999828338623,7.159999847412109,7.170000076293945,110458,0.0,0.0
2024-05-20 09:30:00-04:00,7.190000057220459,7.230000019073486,7.170000076293945,7.184999942779541,120219,0.0,0.0
2024-05-20 10:30:00-04:00,7.190000057220459,7.209000110626221,7.179999828338623,7.199999809265137,125662,0.0,0.0
2024-05-20 11:30:00-04:00,7.190000057220459,7.199999809265137,7.179999828338623,7.184999942779541,56361,0.0,0.0
2024-05-20 12:30:00-04:00,7.184999942779541,7.190000057220459,7.179999828338623,7.179999828338623,47649,0.0,0.0
2024-05-20 13:30:00-04:00,7.184599876403809,7.190000057220459,7.179999828338623,7.179999828338623,56593,0.0,0.0
2024-05-20 14:30:00-04:00,7.179999828338623,7.199999809265137,7.179999828338623,7.179999828338623,188200,0.0,0.0
2024-05-20 15:30:00-04:00,7.179999828338623,7.190000057220459,7.179999828338623,7.179999828338623,59526,0.0,0.0
2024-05-21 09:30:00-04:00,7.210000038146973,7.218999862670898,7.179999828338623,7.18149995803833,116380,0.0,0.0
2024-05-21 10:30:00-04:00,7.184999942779541,7.199999809265137,7.179999828338623,7.1875,97299,0.0,0.0
2024-05-21 11:30:00-04:00,7.184999942779541,7.190000057220459,7.179999828338623,7.179999828338623,58024,0.0,0.0
2024-05-21 12:30:00-04:00,7.184999942779541,7.190000057220459,7.179999828338623,7.185999870300293,19914,0.0,0.0
2024-05-21 13:30:00-04:00,7.184999942779541,7.190000057220459,7.179999828338623,7.184999942779541,60096,0.0,0.0
2024-05-21 14:30:00-04:00,7.179999828338623,7.199999809265137,7.179999828338623,7.198699951171875,74512,0.0,0.0
2024-05-21 15:30:00-04:00,7.195000171661377,7.21999979019165,7.190000057220459,7.215000152587891,82898,0.0,0.0
2024-05-22 09:30:00-04:00,7.230000019073486,7.239999771118164,7.210000038146973,7.215000152587891,122285,0.0,0.0
2024-05-22 10:30:00-04:00,7.215000152587891,7.229899883270264,7.210000038146973,7.224999904632568,39077,0.0,0.0
2024-05-22 11:30:00-04:00,7.224999904632568,7.230000019073486,7.210000038146973,7.224999904632568,62581,0.0,0.0
2024-05-22 12:30:00-04:00,7.21999979019165,7.25,7.21999979019165,7.239999771118164,85531,0.0,0.0
2024-05-22 13:30:00-04:00,7.239999771118164,7.239999771118164,7.210000038146973,7.215000152587891,49565,0.0,0.0
2024-05-22 14:30:00-04:00,7.215000152587891,7.230000019073486,7.210000038146973,7.2210001945495605,128668,0.0,0.0
2024-05-22 15:30:00-04:00,7.224999904632568,7.230000019073486,7.21999979019165,7.224999904632568,43713,0.0,0.0
2024-05-23 09:30:00-04:00,7.239999771118164,7.239999771118164,7.190000057220459,7.195000171661377,222296,0.0,0.0
2024-05-23 10:30:00-04:00,7.195000171661377,7.195000171661377,7.179999828338623,7.184999942779541,70129,0.0,0.0
2024-05-23 11:30:00-04:00,7.189899921417236,7.190000057220459,7.170000076293945,7.178800106048584,110254,0.0,0.0
2024-05-23 12:30:00-04:00,7.175000190734863,7.179900169372559,7.159999847412109,7.159999847412109,24810,0.0,0.0
2024-05-23 13:30:00-04:00,7.170000076293945,7.170000076293945,7.150000095367432,7.158999919891357,53319,0.0,0.0
2024-05-23 14:30:00-04:00,7.15500020980835,7.159999847412109,7.150000095367432,7.150000095367432,83855,0.0,0.0
2024-05-23 15:30:00-04:00,7.150000095367432,7.159999847412109,7.114999771118164,7.130000114440918,107498,0.0,0.0
2024-05-24 09:30:00-04:00,7.179999828338623,7.190000057220459,7.161099910736084,7.190000057220459,137658,0.0,0.0
2024-05-24 10:30:00-04:00,7.184999942779541,7.190000057220459,7.179999828338623,7.179999828338623,40843,0.0,0.0
2024-05-24 11:30:00-04:00,7.184999942779541,7.199999809265137,7.184999942779541,7.195000171661377,61248,0.0,0.0
2024-05-24 12:30:00-04:00,7.196000099182129,7.199999809265137,7.190000057220459,7.195000171661377,25704,0.0,0.0
2024-05-24 13:30:00-04:00,7.195000171661377,7.210000038146973,7.190999984741211,7.199999809265137,34983,0.0,0.0
2024-05-24 14:30:00-04:00,7.20989990234375,7.21999979019165,7.199999809265137,7.215000152587891,41702,0.0,0.0
2024-05-24 15:30:00-04:00,7.2179999351501465,7.21999979019165,7.210000038146973,7.21999979019165,66992,0.0,0.0
2024-05-28 09:30:00-04:00,7.21999979019165,7.21999979019165,7.191199779510498,7.199100017547607,138144,0.0,0.0
2024-05-28 10:30:00-04:00,7.195000171661377,7.199999809265137,7.184999942779541,7.184999942779541,76879,0.0,0.0
2024-05-28 11:30:00-04:00,7.190000057220459,7.190000057220459,7.179999828338623,7.184999942779541,50269,0.0,0.0
2024-05-28 12:30:00-04:00,7.186100006103516,7.190000057220459,7.179999828338623,7.184999942779541,28986,0.0,0.0
2024-05-28 13:30:00-04:00,7.184999942779541,7.190000057220459,7.179999828338623,7.184999942779541,45960,0.0,0.0
2024-05-28 14:30:00-04:00,7.179999828338623,7.190000057220459,7.179999828338623,7.179999828338623,68493,0.0,0.0
2024-05-28 15:30:00-04:00,7.179999828338623,7.190000057220459,7.179999828338623,7.179999828338623,54686,0.0,0.0
2024-05-29 09:30:00-04:00,7.159999847412109,7.170000076293945,7.125,7.130000114440918,95989,0.0,0.0
2024-05-29 10:30:00-04:00,7.132500171661377,7.159999847412109,7.107500076293945,7.110000133514404,139828,0.0,0.0
2024-05-29 11:30:00-04:00,7.11870002746582,7.11870002746582,7.090000152587891,7.099999904632568,71573,0.0,0.0
2024-05-29 12:30:00-04:00,7.09499979019165,7.099999904632568,7.079999923706055,7.099800109863281,50256,0.0,0.0
2024-05-29 13:30:00-04:00,7.097700119018555,7.105000019073486,7.090099811553955,7.097499847412109,83059,0.0,0.0
2024-05-29 14:30:00-04:00,7.09499979019165,7.099999904632568,7.080100059509277,7.099999904632568,60310,0.0,0.0
2024-05-29 15:30:00-04:00,7.099999904632568,7.119999885559082,7.098800182342529,7.119999885559082,76800,0.0,0.0
2024-05-30 09:30:00-04:00,7.139999866485596,7.150000095367432,7.130000114440918,7.135000228881836,94123,0.0,0.0
2024-05-30 10:30:00-04:00,7.135000228881836,7.139999866485596,7.120100021362305,7.120100021362305,57761,0.0,0.0
2024-05-30 11:30:00-04:00,7.125,7.139999866485596,7.119999885559082,7.129899978637695,108144,0.0,0.0
2024-05-30 12:30:00-04:00,7.125,7.139999866485596,7.119999885559082,7.125,92811,0.0,0.0
2024-05-30 13:30:00-04:00,7.125400066375732,7.139900207519531,7.099999904632568,7.119999885559082,166265,0.0,0.0
2024-05-30 14:30:00-04:00,7.114999771118164,7.130000114440918,7.114999771118164,7.130000114440918,73156,0.0,0.0
2024-05-30 15:30:00-04:00,7.124800205230713,7.139999866485596,7.119999885559082,7.130000114440918,82124,0.0,0.0
2024-05-31 09:30:00-04:00,7.150000095367432,7.190000057220459,7.150000095367432,7.164999961853027,182097,0.0,0.0
2024-05-31 10:30:00-04:00,7.168000221252441,7.170000076293945,7.150000095367432,7.158599853515625,72199,0.0,0.0
2024-05-31 11:30:00-04:00,7.150000095367432,7.170000076293945,7.144999980926514,7.164999961853027,158452,0.0,0.0
2024-05-31 12:30:00-04:00,7.164999961853027,7.179999828338623,7.159999847412109,7.159999847412109,124634,0.0,0.0
2024-05-31 13:30:00-04:00,7.168700218200684,7.179999828338623,7.159999847412109,7.170000076293945,77017,0.0,0.0
2024-05-31 14:30:00-04:00,7.170000076293945,7.179999828338623,7.159999847412109,7.179999828338623,78866,0.0,0.0
2024-05-31 15:30:00-04:00,7.178899765014648,7.199999809265137,7.170000076293945,7.199999809265137,86414,0.0,0.0
2024-06-03 09:30:00-04:00,7.230000019073486,7.230000019073486,7.159999847412109,7.159999847412109,336106,0.0,0.0
2024-06-03 10:30:00-04:00,7.159999847412109,7.170000076293945,7.150000095367432,7.170000076293945,105854,0.0,0.0
2024-06-03 11:30:00-04:00,7.170000076293945,7.179999828338623,7.150000095367432,7.15500020980835,66999,0.0,0.0
2024-06-03 12:30:00-04:00,7.15500020980835,7.184999942779541,7.15500020980835,7.179999828338623,149223,0.0,0.0
2024-06-03 13:30:00-04:00,7.175000190734863,7.179999828338623,7.160799980163574,7.160799980163574,51061,0.0,0.0
2024-06-03 14:30:00-04:00,7.159999847412109,7.189899921417236,7.159999847412109,7.170000076293945,80287,0.0,0.0
2024-06-03 15:30:00-04:00,7.170000076293945,7.190000057220459,7.159999847412109,7.184999942779541,61993,0.0,0.0
2024-06-04 09:30:00-04:00,7.329999923706055,7.369999885559082,7.289999961853027,7.300000190734863,324482,0.0,0.0
2024-06-04 10:30:00-04:00,7.300000190734863,7.309999942779541,7.289999961853027,7.295000076293945,132844,0.0,0.0
2024-06-04 11:30:00-04:00,7.295000076293945,7.309999942779541,7.28000020980835,7.284999847412109,156540,0.0,0.0
2024-06-04 12:30:00-04:00,7.284999847412109,7.304999828338623,7.28000020980835,7.289999961853027,138521,0.0,0.0
2024-06-04 13:30:00-04:00,7.295000076293945,7.30679988861084,7.289999961853027,7.289999961853027,164002,0.0,0.0
2024-06-04 14:30:00-04:00,7.300000190734863,7.309999942779541,7.269999980926514,7.270100116729736,236956,0.0,0.0
2024-06-04 15:30:00-04:00,7.275000095367432,7.28000020980835,7.269999980926514,7.275000095367432,52060,0.0,0.0
2024-06-05 09:30:00-04:00,7.320000171661377,7.349999904632568,7.300000190734863,7.304999828338623,281475,0.0,0.0
2024-06-05 10:30:00-04:00,7.304999828338623,7.320000171661377,7.281400203704834,7.309999942779541,412912,0.0,0.0
2024-06-05 11:30:00-04:00,7.3078999519348145,7.318600177764893,7.260000228881836,7.284800052642822,294029,0.0,0.0
2024-06-05 12:30:00-04:00,7.284999847412109,7.295000076293945,7.260000228881836,7.286600112915039,223054,0.0,0.0
2024-06-05 13:30:00-04:00,7.284999847412109,7.309999942779541,7.283299922943115,7.295000076293945,120729,0.0,0.0
2024-06-05 14:30:00-04:00,7.295000076293945,7.320000171661377,7.289999961853027,7.304999828338623,371129,0.0,0.0
2024-06-05 15:30:00-04:00,7.309700012207031,7.309999942779541,7.284999847412109,7.309999942779541,231535,0.0,0.0
2024-06-06 09:30:00-04:00,7.340000152587891,7.349999904632568,7.300000190734863,7.309700012207031,216350,0.0,0.0
2024-06-06 10:30:00-04:00,7.304999828338623,7.320000171661377,7.300000190734863,7.309899806976318,85708,0.0,0.0
2024-06-06 11:30:00-04:00,7.303899765014648,7.309999942779541,7.289999961853027,7.295000076293945,164756,0.0,0.0
2024-06-06 12:30:00-04:00,7.295000076293945,7.320000171661377,7.289999961853027,7.315000057220459,194122,0.0,0.0
2024-06-06 13:30:00-04:00,7.315000057220459,7.369999885559082,7.315000057220459,7.364999771118164,122444,0.0,0.0
2024-06-06 14:30:00-04:00,7.364999771118164,7.375,7.329999923706055,7.335000038146973,226945,0.0,0.0
2024-06-06 15:30:00-04:00,7.329999923706055,7.359899997711182,7.329999923706055,7.340000152587891,85760,0.0,0.0
2024-06-07 09:30:00-04:00,7.340000152587891,7.360000133514404,7.329999923706055,7.335000038146973,169083,0.0,0.0
2024-06-07 10:30:00-04:00,7.335000038146973,7.355000019073486,7.329999923706055,7.355000019073486,92878,0.0,0.0
2024-06-07 11:30:00-04:00,7.355000019073486,7.360000133514404,7.349999904632568,7.355000019073486,81749,0.0,0.0
2024-06-07 12:30:00-04:00,7.355000019073486,7.355000019073486,7.329999923706055,7.329999923706055,136857,0.0,0.0
2024-06-07 13:30:00-04:00,7.335000038146973,7.340000152587891,7.320000171661377,7.335000038146973,45077,0.0,0.0
2024-06-07 14:30:00-04:00,7.33620023727417,7.349999904632568,7.329999923706055,7.34499979019165,91820,0.0,0.0
2024-06-07 15:30:00-04:00,7.346499919891357,7.369999885559082,7.340000152587891,7.369999885559082,97997,0.0,0.0
2024-06-10 09:30:00-04:00,7.389999866485596,7.429999828338623,7.389999866485596,7.420000076293945,274796,0.0,0.0
2024-06-10 10:30:00-04:00,7.425000190734863,7.429999828338623,7.400000095367432,7.420000076293945,224648,0.0,0.0
2024-06-10 11:30:00-04:00,7.419600009918213,7.420000076293945,7.409999847412109,7.414999961853027,79663,0.0,0.0
2024-06-10 12:30:00-04:00,7.409999847412109,7.420000076293945,7.409999847412109,7.414999961853027,77779,0.0,0.0
2024-06-10 13:30:00-04:00,7.410099983215332,7.420000076293945,7.400000095367432,7.40500020980835,91437,0.0,0.0
2024-06-10 14:30:00-04:00,7.40500020980835,7.409999847412109,7.380000114440918,7.385000228881836,195116,0.0,0.0
2024-06-10 15:30:00-04:00,7.385000228881836,7.389999866485596,7.380000114440918,7.385000228881836,31344,0.0,0.0
2024-06-11 09:30:00-04:00,7.420000076293945,7.440000057220459,7.409999847412109,7.409999847412109,160849,0.0,0.0
2024-06-11 10:30:00-04:00,7.409999847412109,7.418000221252441,7.400000095367432,7.409999847412109,87706,0.0,0.0
2024-06-11 11:30:00-04:00,7.409999847412109,7.409999847412109,7.389999866485596,7.400000095367432,87387,0.0,0.0
2024-06-11 12:30:00-04:00,7.397200107574463,7.409999847412109,7.389999866485596,7.40500020980835,62065,0.0,0.0
2024-06-11 13:30:00-04:00,7.40500020980835,7.409999847412109,7.400000095367432,7.40500020980835,80824,0.0,0.0
2024-06-11 14:30:00-04:00,7.409900188446045,7.409999847412109,7.400000095367432,7.400000095367432,74891,0.0,0.0
2024-06-11 15:30:00-04:00,7.400000095367432,7.409999847412109,7.389999866485596,7.40500020980835,100003,0.0,0.0
2024-06-12 09:30:00-04:00,7.46999979019165,7.53000020980835,7.449999809265137,7.525000095367432,232765,0.0,0.0
2024-06-12 10:30:00-04:00,7.53000020980835,7.53000020980835,7.510000228881836,7.514999866485596,59730,0.0,0.0
2024-06-12 11:30:00-04:00,7.514999866485596,7.53000020980835,7.510000228881836,7.525000095367432,80954,0.0,0.0
2024-06-12 12:30:00-04:00,7.525000095367432,7.550000190734863,7.519999980926514,7.519999980926514,102933,0.0,0.0
2024-06-12 13:30:00-04:00,7.519999980926514,7.519999980926514,7.5,7.5,80356,0.0,0.0
2024-06-12 14:30:00-04:00,7.5,7.510000228881836,7.489999771118164,7.489999771118164,116681,0.0,0.0
2024-06-12 15:30:00-04:00,7.494999885559082,7.499899864196777,7.480000019073486,7.485000133514404,119736,0.0,0.0
2024-06-13 09:30:00-04:00,7.519999980926514,7.539999961853027,7.5,7.5,59631,0.0,0.0
2024-06-13 10:30:00-04:00,7.5,7.5,7.46999979019165,7.485000133514404,61065,0.0,0.0
2024-06-13 11:30:00-04:00,7.484600067138672,7.489999771118164,7.46999979019165,7.485000133514404,86016,0.0,0.0
2024-06-13 12:30:00-04:00,7.480000019073486,7.489999771118164,7.46999979019165,7.485000133514404,88815,0.0,0.0
2024-06-13 13:30:00-04:00,7.485000133514404,7.489999771118164,7.46999979019165,7.485000133514404,68583,0.0,0.0
2024-06-13 14:30:00-04:00,7.48829984664917,7.489999771118164,7.480000019073486,7.489999771118164,49942,0.0,0.0
2024-06-13 15:30:00-04:00,7.485000133514404,7.5,7.480000019073486,7.494999885559082,93572,0.0,0.0
2024-06-14 09:30:00-04:00,7.449999809265137,7.480000019073486,7.400000095367432,7.40500020980835,185983,0.0,0.0
2024-06-14 10:30:00-04:00,7.40500020980835,7.409999847412109,7.39739990234375,7.39739990234375,65134,0.0,0.0
2024-06-14 11:30:00-04:00,7.394999980926514,7.400000095367432,7.389999866485596,7.400000095367432,91914,0.0,0.0
2024-06-14 12:30:00-04:00,7.396299839019775,7.409999847412109,7.389999866485596,7.40500020980835,53384,0.0,0.0
2024-06-14 13:30:00-04:00,7.40500020980835,7.409999847412109,7.400000095367432,7.409900188446045,45906,0.0,0.0
2024-06-14 14:30:00-04:00,7.40500020980835,7.449999809265137,7.40500020980835,7.434999942779541,100979,0.0,0.0
2024-06-14 15:30:00-04:00,7.434999942779541,7.440000057220459,7.420000076293945,7.425000190734863,81850,0.0,0.0
2024-06-17 09:30:00-04:00,7.409999847412109,7.429999828338623,7.389999866485596,7.40500020980835,170146,0.0,0.0
2024-06-17 10:30:00-04:00,7.409900188446045,7.420000076293945,7.389999866485596,7.394999980926514,87335,0.0,0.0
2024-06-17 11:30:00-04:00,7.394999980926514,7.400000095367432,7.389999866485596,7.389999866485596,35258,0.0,0.0
2024-06-17 12:30:00-04:00,7.394999980926514,7.394999980926514,7.360099792480469,7.37939977645874,55671,0.0,0.0
2024-06-17 13:30:00-04:00,7.379799842834473,7.389999866485596,7.369999885559082,7.375199794769287,89003,0.0,0.0
2024-06-17 14:30:00-04:00,7.375,7.380000114440918,7.349999904632568,7.360000133514404,76248,0.0,0.0
2024-06-17 15:30:00-04:00,7.365300178527832,7.380000114440918,7.360000133514404,7.369999885559082,48739,0.0,0.0
2024-06-18 09:30:00-04:00,7.360000133514404,7.389999866485596,7.360000133514404,7.360000133514404,134339,0.0,0.0
2024-06-18 10:30:00-04:00,7.369999885559082,7.369999885559082,7.360000133514404,7.364999771118164,104358,0.0,0.0
2024-06-18 11:30:00-04:00,7.361299991607666,7.369999885559082,7.329999923706055,7.355000019073486,215092,0.0,0.0
2024-06-18 12:30:00-04:00,7.351200103759766,7.369999885559082,7.350100040435791,7.364999771118164,95911,0.0,0.0
2024-06-18 13:30:00-04:00,7.369999885559082,7.389999866485596,7.309999942779541,7.315000057220459,253472,0.0,0.0
2024-06-18 14:30:00-04:00,7.315000057220459,7.317500114440918,7.275000095367432,7.304999828338623,405407,0.0,0.0
2024-06-18 15:30:00-04:00,7.301199913024902,7.309999942779541,7.289999961853027,7.309999942779541,256109,0.0,0.0
2024-06-20 09:30:00-04:00,7.289999961853027,7.320000171661377,7.244999885559082,7.264999866485596,254042,0.0,0.0
2024-06-20 10:30:00-04:00,7.264999866485596,7.269999980926514,7.25,7.264999866485596,139616,0.0,0.0
2024-06-20 11:30:00-04:00,7.260000228881836,7.300000190734863,7.260000228881836,7.291299819946289,174282,0.0,0.0
2024-06-20 12:30:00-04:00,7.295000076293945,7.320000171661377,7.289999961853027,7.318699836730957,74478,0.0,0.0
2024-06-20 13:30:00-04:00,7.315000057220459,7.319900035858154,7.289999961853027,7.289999961853027,88256,0.0,0.0
2024-06-20 14:30:00-04:00,7.289999961853027,7.299900054931641,7.289999961853027,7.289999961853027,77378,0.0,0.0
2024-06-20 15:30:00-04:00,7.289999961853027,7.309999942779541,7.289999961853027,7.300000190734863,89268,0.0,0.0
2024-06-21 09:30:00-04:00,7.340000152587891,7.360000133514404,7.309999942779541,7.309999942779541,105082,0.0,0.0
2024-06-21 10:30:00-04:00,7.3140997886657715,7.329999923706055,7.300000190734863,7.329999923706055,104476,0.0,0.0
2024-06-21 11:30:00-04:00,7.329999923706055,7.329999923706055,7.309999942779541,7.320000171661377,78476,0.0,0.0
2024-06-21 12:30:00-04:00,7.315000057220459,7.320000171661377,7.300000190734863,7.30649995803833,75382,0.0,0.0
2024-06-21 13:30:00-04:00,7.309999942779541,7.319900035858154,7.289999961853027,7.295000076293945,88159,0.0,0.0
2024-06-21 14:30:00-04:00,7.289999961853027,7.329999923706055,7.28000020980835,7.324999809265137,119298,0.0,0.0
2024-06-21 15:30:00-04:00,7.324999809265137,7.360000133514404,7.320099830627441,7.360000133514404,129782,0.0,0.0
2024-06-24 09:30:00-04:00,7.400000095367432,7.429999828338623,7.394999980926514,7.40500020980835,498997,0.0,0.0
2024-06-24 10:30:00-04:00,7.40500020980835,7.429999828338623,7.400000095367432,7.425000190734863,257788,0.0,0.0
2024-06-24 11:30:00-04:00,7.425000190734863,7.440000057220459,7.420000076293945,7.434999942779541,188248,0.0,0.0
2024-06-24 12:30:00-04:00,7.425000190734863,7.440000057220459,7.420000076293945,7.425000190734863,156340,0.0,0.0
2024-06-24 13:30:00-04:00,7.425000190734863,7.429999828338623,7.420000076293945,7.426199913024902,74660,0.0,0.0
2024-06-24 14:30:00-04:00,7.425000190734863,7.449999809265137,7.420000076293945,7.434999942779541,136137,0.0,0.0
2024-06-24 15:30:00-04:00,7.434999942779541,7.440000057220459,7.420000076293945,7.425000190734863,107451,0.0,0.0
2024-06-25 09:30:00-04:00,7.449999809265137,7.460000038146973,7.429999828338623,7.454999923706055,212845,0.0,0.0
2024-06-25 10:30:00-04:00,7.454999923706055,7.480000019073486,7.454999923706055,7.468999862670898,106924,0.0,0.0
2024-06-25 11:30:00-04:00,7.468999862670898,7.474999904632568,7.445000171661377,7.445000171661377,150264,0.0,0.0
2024-06-25 12:30:00-04:00,7.448599815368652,7.448599815368652,7.409999847412109,7.4197998046875,134790,0.0,0.0
2024-06-25 13:30:00-04:00,7.412499904632568,7.449900150299072,7.409999847412109,7.445000171661377,182139,0.0,0.0
2024-06-25 14:30:00-04:00,7.445000171661377,7.460000038146973,7.429999828338623,7.434999942779541,172055,0.0,0.0
2024-06-25 15:30:00-04:00,7.434999942779541,7.449999809265137,7.409999847412109,7.4120001792907715,187473,0.0,0.0
2024-06-26 09:30:00-04:00,7.440000057220459,7.460000038146973,7.429999828338623,7.454999923706055,171761,0.0,0.0
2024-06-26 10:30:00-04:00,7.449999809265137,7.480000019073486,7.430099964141846,7.480000019073486,201984,0.0,0.0
2024-06-26 11:30:00-04:00,7.47730016708374,7.489999771118164,7.460000038146973,7.46999979019165,189973,0.0,0.0
2024-06-26 12:30:00-04:00,7.4670000076293945,7.480000019073486,7.440000057220459,7.460100173950195,174921,0.0,0.0
2024-06-26 13:30:00-04:00,7.46560001373291,7.46999979019165,7.449999809265137,7.454999923706055,138987,0.0,0.0
2024-06-26 14:30:00-04:00,7.454999923706055,7.5,7.449999809265137,7.465000152587891,238645,0.0,0.0
2024-06-26 15:30:00-04:00,7.469900131225586,7.46999979019165,7.449999809265137,7.46999979019165,77557,0.0,0.0
2024-06-27 09:30:00-04:00,7.5,7.509900093078613,7.480000019073486,7.494999885559082,136949,0.0,0.0
2024-06-27 10:30:00-04:00,7.494999885559082,7.5,7.489999771118164,7.494999885559082,85022,0.0,0.0
2024-06-27 11:30:00-04:00,7.494999885559082,7.5,7.489999771118164,7.494999885559082,128365,0.0,0.0
2024-06-27 12:30:00-04:00,7.494999885559082,7.5,7.480000019073486,7.485000133514404,142183,0.0,0.0
2024-06-27 13:30:00-04:00,7.480000019073486,7.480000019073486,7.460000038146973,7.465000152587891,110074,0.0,0.0
2024-06-27 14:30:00-04:00,7.465000152587891,7.46999979019165,7.449999809265137,7.460000038146973,137791,0.0,0.0
2024-06-27 15:30:00-04:00,7.454999923706055,7.46999979019165,7.449999809265137,7.460000038146973,118926,0.0,0.0
2024-06-28 09:30:00-04:00,7.5,7.519999980926514,7.480000019073486,7.494999885559082,117120,0.0,0.0
2024-06-28 10:30:00-04:00,7.494999885559082,7.510000228881836,7.46999979019165,7.485000133514404,109762,0.0,0.0
2024-06-28 11:30:00-04:00,7.485000133514404,7.48799991607666,7.46999979019165,7.474999904632568,106149,0.0,0.0
2024-06-28 12:30:00-04:00,7.474999904632568,7.509900093078613,7.46999979019165,7.5,151890,0.0,0.0
2024-06-28 13:30:00-04:00,7.5,7.505000114440918,7.489999771118164,7.489999771118164,83784,0.0,0.0
2024-06-28 14:30:00-04:00,7.489999771118164,7.5,7.480000019073486,7.480000019073486,190823,0.0,0.0
2024-06-28 15:30:00-04:00,7.480000019073486,7.489999771118164,7.46999979019165,7.480000019073486,159554,0.0,0.0
2024-07-01 09:30:00-04:00,7.510000228881836,7.550000190734863,7.489999771118164,7.494999885559082,595470,0.0,0.0
2024-07-01 10:30:00-04:00,7.494999885559082,7.5,7.46999979019165,7.480000019073486,148088,0.0,0.0
2024-07-01 11:30:00-04:00,7.480000019073486,7.5,7.480000019073486,7.494999885559082,95726,0.0,0.0
2024-07-01 12:30:00-04:00,7.494999885559082,7.5,7.480000019073486,7.480000019073486,120167,0.0,0.0
2024-07-01 13:30:00-04:00,7.485000133514404,7.489999771118164,7.460000038146973,7.474999904632568,112560,0.0,0.0
2024-07-01 14:30:00-04:00,7.474999904632568,7.479899883270264,7.440000057220459,7.454999923706055,255521,0.0,0.0
2024-07-01 15:30:00-04:00,7.454999923706055,7.45989990234375,7.440000057220459,7.440000057220459,199186,0.0,0.0
2024-07-02 09:30:00-04:00,7.46999979019165,7.514999866485596,7.465000152587891,7.505000114440918,138112,0.0,0.0
2024-07-02 10:30:00-04:00,7.510000228881836,7.53000020980835,7.489999771118164,7.5,159032,0.0,0.0
2024-07-02 11:30:00-04:00,7.494999885559082,7.519999980926514,7.494999885559082,7.514999866485596,107866,0.0,0.0
2024-07-02 12:30:00-04:00,7.514999866485596,7.519999980926514,7.5,7.505000114440918,168301,0.0,0.0
2024-07-02 13:30:00-04:00,7.5,7.505000114440918,7.454999923706055,7.454999923706055,200788,0.0,0.0
2024-07-02 14:30:00-04:00,7.454999923706055,7.46999979019165,7.449999809265137,7.460000038146973,138336,0.0,0.0
2024-07-02 15:30:00-04:00,7.460000038146973,7.46999979019165,7.440000057220459,7.440000057220459,398507,0.0,0.0
2024-07-03 09:30:00-04:00,7.489999771118164,7.519999980926514,7.485000133514404,7.5,189147,0.0,0.0
2024-07-03 10:30:00-04:00,7.498600006103516,7.510000228881836,7.489999771118164,7.500999927520752,125155,0.0,0.0
2024-07-03 11:30:00-04:00,7.505000114440918,7.510000228881836,7.480000019073486,7.485000133514404,95163,0.0,0.0
2024-07-05 09:30:00-04:00,7.510000228881836,7.539999961853027,7.5,7.509900093078613,166955,0.0,0.0
2024-07-05 10:30:00-04:00,7.510000228881836,7.514999866485596,7.485000133514404,7.494999885559082,103046,0.0,0.0
2024-07-05 11:30:00-04:00,7.5,7.510000228881836,7.449999809265137,7.465000152587891,281292,0.0,0.0
2024-07-05 12:30:00-04:00,7.460000038146973,7.479899883270264,7.449999809265137,7.46999979019165,117143,0.0,0.0
2024-07-05 13:30:00-04:00,7.474999904632568,7.480000019073486,7.449999809265137,7.460000038146973,224125,0.0,0.0
2024-07-05 14:30:00-04:00,7.454999923706055,7.46999979019165,7.449999809265137,7.465000152587891,112122,0.0,0.0
2024-07-05 15:30:00-04:00,7.465000152587891,7.478899955749512,7.449999809265137,7.46999979019165,231322,0.0,0.0
2024-07-08 09:30:00-04:00,7.5,7.5,7.460000038146973,7.46999979019165,172656,0.0,0.0
2024-07-08 10:30:00-04:00,7.475200176239014,7.5,7.46999979019165,7.5,147357,0.0,0.0
2024-07-08 11:30:00-04:00,7.499000072479248,7.5,7.489999771118164,7.494999885559082,56415,0.0,0.0
2024-07-08 12:30:00-04:00,7.489999771118164,7.519999980926514,7.489999771118164,7.514999866485596,111141,0.0,0.0
2024-07-08 13:30:00-04:00,7.514999866485596,7.53000020980835,7.510000228881836,7.529900074005127,102994,0.0,0.0
2024-07-08 14:30:00-04:00,7.525000095367432,7.53000020980835,7.510000228881836,7.521200180053711,116397,0.0,0.0
2024-07-08 15:30:00-04:00,7.525000095367432,7.539999961853027,7.510000228881836,7.519999980926514,151659,0.0,0.0
2024-07-09 09:30:00-04:00,7.550000190734863,7.570000171661377,7.53000020980835,7.570000171661377,253179,0.0,0.0
2024-07-09 10:30:00-04:00,7.565000057220459,7.570000171661377,7.550000190734863,7.554999828338623,98360,0.0,0.0
2024-07-09 11:30:00-04:00,7.559899806976318,7.565000057220459,7.519999980926514,7.539999961853027,320707,0.0,0.0
2024-07-09 12:30:00-04:00,7.534999847412109,7.539999961853027,7.519999980926514,7.534999847412109,125709,0.0,0.0
2024-07-09 13:30:00-04:00,7.530799865722656,7.534999847412109,7.510000228881836,7.514999866485596,174792,0.0,0.0
2024-07-09 14:30:00-04:00,7.514999866485596,7.519999980926514,7.5,7.505000114440918,105266,0.0,0.0
2024-07-09 15:30:00-04:00,7.508999824523926,7.510000228881836,7.489999771118164,7.510000228881836,162922,0.0,0.0
2024-07-10 09:30:00-04:00,7.550000190734863,7.552999973297119,7.53000020980835,7.545000076293945,134628,0.0,0.0
2024-07-10 10:30:00-04:00,7.545000076293945,7.550000190734863,7.534999847412109,7.549699783325195,102044,0.0,0.0
2024-07-10 11:30:00-04:00,7.550000190734863,7.570000171661377,7.53000020980835,7.53000020980835,162239,0.0,0.0
2024-07-10 12:30:00-04:00,7.531499862670898,7.538700103759766,7.510000228881836,7.529799938201904,170791,0.0,0.0
2024-07-10 13:30:00-04:00,7.519999980926514,7.539999961853027,7.510000228881836,7.514999866485596,130008,0.0,0.0
2024-07-10 14:30:00-04:00,7.519999980926514,7.559999942779541,7.519999980926514,7.519999980926514,419978,0.0,0.0
2024-07-10 15:30:00-04:00,7.53000020980835,7.559999942779541,7.519999980926514,7.539999961853027,854893,0.0,0.0
2024-07-11 09:30:00-04:00,7.590000152587891,7.650000095367432,7.579999923706055,7.650000095367432,223936,0.0,0.0
2024-07-11 10:30:00-04:00,7.644999980926514,7.679999828338623,7.630000114440918,7.664999961853027,177661,0.0,0.0
2024-07-11 11:30:00-04:00,7.659999847412109,7.670000076293945,7.619999885559082,7.635000228881836,136997,0.0,0.0
2024-07-11 12:30:00-04:00,7.639999866485596,7.639999866485596,7.619999885559082,7.639999866485596,71516,0.0,0.0
2024-07-11 13:30:00-04:00,7.639999866485596,7.659999847412109,7.639999866485596,7.643700122833252,91186,0.0,0.0
2024-07-11 14:30:00-04:00,7.644999980926514,7.664999961853027,7.639999866485596,7.659999847412109,139433,0.0,0.0
2024-07-11 15:30:00-04:00,7.65500020980835,7.670000076293945,7.650000095367432,7.670000076293945,112997,0.0,0.0
2024-07-12 09:30:00-04:00,7.730000019073486,7.75,7.710000038146973,7.744999885559082,364569,0.0,0.0
2024-07-12 10:30:00-04:00,7.75,7.800000190734863,7.739999771118164,7.784999847412109,282650,0.0,0.0
2024-07-12 11:30:00-04:00,7.789899826049805,7.789999961853027,7.769999980926514,7.78000020980835,156106,0.0,0.0
2024-07-12 12:30:00-04:00,7.789999961853027,7.789999961853027,7.769999980926514,7.769999980926514,53552,0.0,0.0
2024-07-12 13:30:00-04:00,7.775000095367432,7.789899826049805,7.769999980926514,7.784999847412109,121937,0.0,0.0
2024-07-12 14:30:00-04:00,7.784999847412109,7.789999961853027,7.78000020980835,7.78000020980835,122323,0.0,0.0
2024-07-12 15:30:00-04:00,7.787099838256836,7.789999961853027,7.78000020980835,7.789999961853027,168950,0.0,0.0
2024-07-15 09:30:00-04:00,7.739999771118164,7.739999771118164,7.635000228881836,7.639999866485596,252183,0.0,0.0
2024-07-15 10:30:00-04:00,7.639999866485596,7.659999847412109,7.610000133514404,7.650000095367432,355308,0.0,0.0
2024-07-15 11:30:00-04:00,7.65500020980835,7.679999828338623,7.630000114440918,7.630000114440918,180670,0.0,0.0
2024-07-15 12:30:00-04:00,7.635000228881836,7.650000095367432,7.610000133514404,7.625,132442,0.0,0.0
2024-07-15 13:30:00-04:00,7.625,7.639999866485596,7.599999904632568,7.614999771118164,149026,0.0,0.0
2024-07-15 14:30:00-04:00,7.610000133514404,7.619999885559082,7.59499979019165,7.605000019073486,757466,0.0,0.0
2024-07-15 15:30:00-04:00,7.605000019073486,7.644999980926514,7.599999904632568,7.638000011444092,142027,0.0,0.0
2024-07-16 09:30:00-04:00,7.679999828338623,7.679999828338623,7.599999904632568,7.605000019073486,214744,0.0,0.0
2024-07-16 10:30:00-04:00,7.605000019073486,7.625,7.570000171661377,7.570000171661377,275259,0.0,0.0
2024-07-16 11:30:00-04:00,7.574999809265137,7.585999965667725,7.519999980926514,7.534999847412109,755049,0.0,0.0
2024-07-16 12:30:00-04:00,7.534999847412109,7.559700012207031,7.521200180053711,7.545000076293945,167694,0.0,0.0
2024-07-16 13:30:00-04:00,7.545000076293945,7.570000171661377,7.53000020980835,7.558000087738037,167627,0.0,0.0
2024-07-16 14:30:00-04:00,7.554999828338623,7.570000171661377,7.539999961853027,7.559999942779541,140397,0.0,0.0
2024-07-16 15:30:00-04:00,7.559999942779541,7.568999767303467,7.550000190734863,7.559999942779541,325896,0.0,0.0
2024-07-17 09:30:00-04:00,7.53000020980835,7.559999942779541,7.510000228881836,7.538099765777588,324866,0.0,0.0
2024-07-17 10:30:00-04:00,7.534999847412109,7.550000190734863,7.534999847412109,7.545000076293945,85364,0.0,0.0
2024-07-17 11:30:00-04:00,7.549900054931641,7.559999942779541,7.545000076293945,7.559000015258789,99416,0.0,0.0
2024-07-17 12:30:00-04:00,7.554999828338623,7.559999942779541,7.550000190734863,7.554999828338623,99422,0.0,0.0
2024-07-17 13:30:00-04:00,7.553599834442139,7.554999828338623,7.53000020980835,7.534999847412109,106722,0.0,0.0
2024-07-17 14:30:00-04:00,7.534999847412109,7.550000190734863,7.53000020980835,7.539999961853027,106947,0.0,0.0
2024-07-17 15:30:00-04:00,7.539999961853027,7.550000190734863,7.534999847412109,7.539999961853027,112888,0.0,0.0
2024-07-18 09:30:00-04:00,7.579999923706055,7.579999923706055,7.534999847412109,7.539999961853027,132772,0.0,0.0
2024-07-18 10:30:00-04:00,7.539999961853027,7.550000190734863,7.510000228881836,7.53000020980835,150002,0.0,0.0
2024-07-18 11:30:00-04:00,7.53000020980835,7.550000190734863,7.510000228881836,7.510000228881836,165440,0.0,0.0
2024-07-18 12:30:00-04:00,7.510000228881836,7.53000020980835,7.510000228881836,7.53000020980835,110762,0.0,0.0
2024-07-18 13:30:00-04:00,7.53000020980835,7.539899826049805,7.519999980926514,7.519999980926514,98963,0.0,0.0
2024-07-18 14:30:00-04:00,7.519999980926514,7.525000095367432,7.5,7.508999824523926,196351,0.0,0.0
2024-07-18 15:30:00-04:00,7.510000228881836,7.519999980926514,7.5,7.5,202996,0.0,0.0
2024-07-19 09:30:00-04:00,7.510000228881836,7.559999942779541,7.5,7.5,94273,0.0,0.0
2024-07-19 10:30:00-04:00,7.510000228881836,7.519999980926514,7.46999979019165,7.5,169869,0.0,0.0
2024-07-19 11:30:00-04:00,7.5,7.509900093078613,7.46999979019165,7.489999771118164,149334,0.0,0.0
2024-07-19 12:30:00-04:00,7.485000133514404,7.510000228881836,7.480000019073486,7.505000114440918,107892,0.0,0.0
2024-07-19 13:30:00-04:00,7.505000114440918,7.510000228881836,7.5,7.510000228881836,56211,0.0,0.0
2024-07-19 14:30:00-04:00,7.510000228881836,7.519999980926514,7.5,7.514999866485596,93929,0.0,0.0
2024-07-19 15:30:00-04:00,7.51639986038208,7.550000190734863,7.505000114440918,7.510000228881836,190288,0.0,0.0
2024-07-22 09:30:00-04:00,7.550000190734863,7.579999923706055,7.550000190734863,7.565000057220459,206155,0.0,0.0
2024-07-22 10:30:00-04:00,7.559999942779541,7.570000171661377,7.550000190734863,7.550000190734863,159096,0.0,0.0
2024-07-22 11:30:00-04:00,7.550099849700928,7.559999942779541,7.54010009765625,7.550000190734863,118033,0.0,0.0
2024-07-22 12:30:00-04:00,7.54610013961792,7.570000171661377,7.539999961853027,7.559999942779541,86444,0.0,0.0
2024-07-22 13:30:00-04:00,7.559999942779541,7.570000171661377,7.541999816894531,7.554999828338623,161465,0.0,0.0
2024-07-22 14:30:00-04:00,7.554999828338623,7.559999942779541,7.539999961853027,7.554999828338623,126760,0.0,0.0
2024-07-22 15:30:00-04:00,7.559999942779541,7.559999942779541,7.550000190734863,7.559999942779541,50016,0.0,0.0
2024-07-23 09:30:00-04:00,7.590000152587891,7.5929999351501465,7.550000190734863,7.560100078582764,216421,0.0,0.0
2024-07-23 10:30:00-04:00,7.565000057220459,7.569900035858154,7.550000190734863,7.550000190734863,79234,0.0,0.0
2024-07-23 11:30:00-04:00,7.550000190734863,7.559999942779541,7.550000190734863,7.554999828338623,166175,0.0,0.0
2024-07-23 12:30:00-04:00,7.554999828338623,7.570000171661377,7.550000190734863,7.563899993896484,81673,0.0,0.0
2024-07-23 13:30:00-04:00,7.565000057220459,7.570000171661377,7.550000190734863,7.550000190734863,81242,0.0,0.0
2024-07-23 14:30:00-04:00,7.554999828338623,7.590000152587891,7.550000190734863,7.570000171661377,283080,0.0,0.0
2024-07-23 15:30:00-04:00,7.570000171661377,7.590000152587891,7.559999942779541,7.585000038146973,134440,0.0,0.0
2024-07-24 09:30:00-04:00,7.579999923706055,7.579999923706055,7.559999942779541,7.559999942779541,94928,0.0,0.0
2024-07-24 10:30:00-04:00,7.570000171661377,7.579999923706055,7.559999942779541,7.565499782562256,133329,0.0,0.0
2024-07-24 11:30:00-04:00,7.56879997253418,7.570000171661377,7.559999942779541,7.565000057220459,77534,0.0,0.0
2024-07-24 12:30:00-04:00,7.570000171661377,7.579999923706055,7.561100006103516,7.579999923706055,116482,0.0,0.0
2024-07-24 13:30:00-04:00,7.578100204467773,7.590000152587891,7.570000171661377,7.574999809265137,132326,0.0,0.0
2024-07-24 14:30:00-04:00,7.574999809265137,7.579999923706055,7.53000020980835,7.534999847412109,322161,0.0,0.0
2024-07-24 15:30:00-04:00,7.534999847412109,7.559999942779541,7.53000020980835,7.554999828338623,83691,0.0,0.0
2024-07-25 09:30:00-04:00,7.590000152587891,7.610000133514404,7.585000038146973,7.599999904632568,300378,0.0,0.0
2024-07-25 10:30:00-04:00,7.599800109863281,7.599999904632568,7.590000152587891,7.599999904632568,108223,0.0,0.0
2024-07-25 11:30:00-04:00,7.599999904632568,7.599999904632568,7.590000152587891,7.590000152587891,105007,0.0,0.0
2024-07-25 12:30:00-04:00,7.59499979019165,7.599999904632568,7.590000152587891,7.59499979019165,73502,0.0,0.0
2024-07-25 13:30:00-04:00,7.59499979019165,7.599999904632568,7.590000152587891,7.590000152587891,72972,0.0,0.0
2024-07-25 14:30:00-04:00,7.59499979019165,7.599999904632568,7.590000152587891,7.59499979019165,92963,0.0,0.0
2024-07-25 15:30:00-04:00,7.59499979019165,7.599999904632568,7.590000152587891,7.59499979019165,103144,0.0,0.0
2024-07-26 09:30:00-04:00,7.619999885559082,7.638800144195557,7.605000019073486,7.615200042724609,146220,0.0,0.0
2024-07-26 10:30:00-04:00,7.610000133514404,7.630000114440918,7.610000133514404,7.625,83723,0.0,0.0
2024-07-26 11:30:00-04:00,7.625,7.630000114440918,7.619999885559082,7.625,150981,0.0,0.0
2024-07-26 12:30:00-04:00,7.624199867248535,7.630000114440918,7.619999885559082,7.625,71408,0.0,0.0
2024-07-26 13:30:00-04:00,7.623499870300293,7.625,7.599999904632568,7.6031999588012695,78392,0.0,0.0
2024-07-26 14:30:00-04:00,7.599999904632568,7.610000133514404,7.599999904632568,7.599999904632568,91048,0.0,0.0
2024-07-26 15:30:00-04:00,7.599999904632568,7.610000133514404,7.590000152587891,7.590000152587891,86216,0.0,0.0
2024-07-29 09:30:00-04:00,7.619999885559082,7.636000156402588,7.610000133514404,7.63070011138916,278510,0.0,0.0
2024-07-29 10:30:00-04:00,7.635000228881836,7.635000228881836,7.610000133514404,7.625999927520752,88414,0.0,0.0
2024-07-29 11:30:00-04:00,7.625,7.630000114440918,7.610000133514404,7.61299991607666,123404,0.0,0.0
2024-07-29 12:30:00-04:00,7.61899995803833,7.619999885559082,7.610000133514404,7.610000133514404,47687,0.0,0.0
2024-07-29 13:30:00-04:00,7.616199970245361,7.619999885559082,7.610000133514404,7.614999771118164,68549,0.0,0.0
2024-07-29 14:30:00-04:00,7.614999771118164,7.619999885559082,7.610000133514404,7.614999771118164,140023,0.0,0.0
2024-07-29 15:30:00-04:00,7.617700099945068,7.619999885559082,7.610000133514404,7.614999771118164,91609,0.0,0.0
2024-07-30 09:30:00-04:00,7.650000095367432,7.670000076293945,7.639999866485596,7.664999961853027,207072,0.0,0.0
2024-07-30 10:30:00-04:00,7.664999961853027,7.670000076293945,7.650000095367432,7.659999847412109,145287,0.0,0.0
2024-07-30 11:30:00-04:00,7.658599853515625,7.659999847412109,7.650000095367432,7.65500020980835,75011,0.0,0.0
2024-07-30 12:30:00-04:00,7.65500020980835,7.659999847412109,7.650000095367432,7.656000137329102,65308,0.0,0.0
2024-07-30 13:30:00-04:00,7.65500020980835,7.664999961853027,7.650000095367432,7.659800052642822,116315,0.0,0.0
2024-07-30 14:30:00-04:00,7.65500020980835,7.659999847412109,7.639999866485596,7.644999980926514,133126,0.0,0.0
2024-07-30 15:30:00-04:00,7.644999980926514,7.650000095367432,7.639999866485596,7.639999866485596,126288,0.0,0.0
2024-07-31 09:30:00-04:00,7.690000057220459,7.690000057220459,7.670000076293945,7.684999942779541,172574,0.0,0.0
2024-07-31 10:30:00-04:00,7.679999828338623,7.690000057220459,7.679999828338623,7.679999828338623,214992,0.0,0.0
2024-07-31 11:30:00-04:00,7.684999942779541,7.690000057220459,7.679999828338623,7.684999942779541,94254,0.0,0.0
2024-07-31 12:30:00-04:00,7.684999942779541,7.690000057220459,7.670000076293945,7.675000190734863,108040,0.0,0.0
2024-07-31 13:30:00-04:00,7.679900169372559,7.679999828338623,7.670000076293945,7.675000190734863,76348,0.0,0.0
2024-07-31 14:30:00-04:00,7.672900199890137,7.679999828338623,7.6707000732421875,7.675000190734863,140568,0.0,0.0
2024-07-31 15:30:00-04:00,7.679900169372559,7.684999942779541,7.670000076293945,7.679999828338623,152858,0.0,0.0
2024-08-01 09:30:00-04:00,7.71999979019165,7.739999771118164,7.699999809265137,7.715000152587891,410409,0.0,0.0
2024-08-01 10:30:00-04:00,7.719699859619141,7.71999979019165,7.710000038146973,7.715000152587891,76776,0.0,0.0
2024-08-01 11:30:00-04:00,7.715000152587891,7.71999979019165,7.710000038146973,7.715000152587891,87384,0.0,0.0
2024-08-01 12:30:00-04:00,7.71999979019165,7.71999979019165,7.710000038146973,7.7144999504089355,69937,0.0,0.0
2024-08-01 13:30:00-04:00,7.719900131225586,7.71999979019165,7.710000038146973,7.715000152587891,38945,0.0,0.0
2024-08-01 14:30:00-04:00,7.715000152587891,7.71999979019165,7.710000038146973,7.710000038146973,75867,0.0,0.0
2024-08-01 15:30:00-04:00,7.718999862670898,7.71999979019165,7.710000038146973,7.710000038146973,83532,0.0,0.0
2024-08-02 09:30:00-04:00,7.739999771118164,7.75,7.699999809265137,7.704999923706055,254616,0.0,0.0
2024-08-02 10:30:00-04:00,7.704999923706055,7.70989990234375,7.650000095367432,7.65500020980835,172553,0.0,0.0
2024-08-02 11:30:00-04:00,7.65500020980835,7.679999828338623,7.65500020980835,7.670000076293945,135026,0.0,0.0
2024-08-02 12:30:00-04:00,7.675000190734863,7.679999828338623,7.670000076293945,7.670000076293945,91871,0.0,0.0
2024-08-02 13:30:00-04:00,7.675000190734863,7.679999828338623,7.670000076293945,7.675000190734863,73637,0.0,0.0
2024-08-02 14:30:00-04:00,7.675000190734863,7.679999828338623,7.670000076293945,7.679999828338623,84176,0.0,0.0
2024-08-02 15:30:00-04:00,7.675000190734863,7.699999809265137,7.670000076293945,7.679999828338623,172419,0.0,0.0
2024-08-05 09:30:00-04:00,7.559999942779541,7.590000152587891,7.5,7.510000228881836,628936,0.0,0.0
2024-08-05 10:30:00-04:00,7.505000114440918,7.505000114440918,7.429999828338623,7.454999923706055,354269,0.0,0.0
2024-08-05 11:30:00-04:00,7.454999923706055,7.499899864196777,7.454999923706055,7.494999885559082,235751,0.0,0.0
2024-08-05 12:30:00-04:00,7.494999885559082,7.519899845123291,7.489999771118164,7.519899845123291,134511,0.0,0.0
2024-08-05 13:30:00-04:00,7.514999866485596,7.53000020980835,7.510000228881836,7.510000228881836,174550,0.0,0.0
2024-08-05 14:30:00-04:00,7.514999866485596,7.519999980926514,7.460000038146973,7.465000152587891,153590,0.0,0.0
2024-08-05 15:30:00-04:00,7.460000038146973,7.465000152587891,7.429999828338623,7.429999828338623,278543,0.0,0.0
2024-08-06 09:30:00-04:00,7.489999771118164,7.525000095367432,7.409999847412109,7.514999866485596,365355,0.0,0.0
2024-08-06 10:30:00-04:00,7.514999866485596,7.550000190734863,7.489999771118164,7.489999771118164,189070,0.0,0.0
2024-08-06 11:30:00-04:00,7.489999771118164,7.519999980926514,7.46999979019165,7.494999885559082,142680,0.0,0.0
2024-08-06 12:30:00-04:00,7.494999885559082,7.510000228881836,7.489999771118164,7.505000114440918,89413,0.0,0.0
2024-08-06 13:30:00-04:00,7.510000228881836,7.53000020980835,7.484099864959717,7.514999866485596,144969,0.0,0.0
2024-08-06 14:30:00-04:00,7.514999866485596,7.53000020980835,7.510000228881836,7.510000228881836,115540,0.0,0.0
2024-08-06 15:30:00-04:00,7.510000228881836,7.519999980926514,7.489999771118164,7.519999980926514,269071,0.0,0.0
2024-08-07 09:30:00-04:00,7.570000171661377,7.590000152587891,7.550000190734863,7.585000038146973,173490,0.0,0.0
2024-08-07 10:30:00-04:00,7.585000038146973,7.590000152587891,7.550000190734863,7.559999942779541,118170,0.0,0.0
2024-08-07 11:30:00-04:00,7.559999942779541,7.559999942779541,7.539999961853027,7.545000076293945,143895,0.0,0.0
2024-08-07 12:30:00-04:00,7.547999858856201,7.570000171661377,7.519999980926514,7.53000020980835,437011,0.0,0.0
2024-08-07 13:30:00-04:00,7.5278000831604,7.539999961853027,7.519999980926514,7.534999847412109,83807,0.0,0.0
2024-08-07 14:30:00-04:00,7.535999774932861,7.539999961853027,7.524499893188477,7.539999961853027,71153,0.0,0.0
2024-08-07 15:30:00-04:00,7.534999847412109,7.539999961853027,7.53000020980835,7.539899826049805,72094,0.0,0.0
2024-08-08 09:30:00-04:00,7.550000190734863,7.570000171661377,7.550000190734863,7.552299976348877,155972,0.0,0.0
2024-08-08 10:30:00-04:00,7.554999828338623,7.554999828338623,7.519999980926514,7.53000020980835,167384,0.0,0.0
2024-08-08 11:30:00-04:00,7.530300140380859,7.539999961853027,7.53000020980835,7.53000020980835,62161,0.0,0.0
2024-08-08 12:30:00-04:00,7.533199787139893,7.539999961853027,7.5100998878479,7.519999980926514,180678,0.0,0.0
2024-08-08 13:30:00-04:00,7.514999866485596,7.519999980926514,7.510000228881836,7.514999866485596,80873,0.0,0.0
2024-08-08 14:30:00-04:00,7.514999866485596,7.519999980926514,7.5,7.514999866485596,207116,0.0,0.0
2024-08-08 15:30:00-04:00,7.514999866485596,7.53000020980835,7.510000228881836,7.525000095367432,171557,0.0,0.0
2024-08-09 09:30:00-04:00,7.579999923706055,7.599999904632568,7.570000171661377,7.586699962615967,131463,0.0,0.0
2024-08-09 10:30:00-04:00,7.590000152587891,7.590000152587891,7.579999923706055,7.579999923706055,68885,0.0,0.0
2024-08-09 11:30:00-04:00,7.590000152587891,7.590000152587891,7.550000190734863,7.550000190734863,110392,0.0,0.0
2024-08-09 12:30:00-04:00,7.550000190734863,7.559999942779541,7.539999961853027,7.539999961853027,77915,0.0,0.0
2024-08-09 13:30:00-04:00,7.539999961853027,7.559999942779541,7.539999961853027,7.550000190734863,125790,0.0,0.0
2024-08-09 14:30:00-04:00,7.550000190734863,7.570000171661377,7.550000190734863,7.570000171661377,83379,0.0,0.0
2024-08-09 15:30:00-04:00,7.565000057220459,7.610000133514404,7.565000057220459,7.610000133514404,173800,0.0,0.0
2024-08-12 09:30:00-04:00,7.650000095367432,7.65500020980835,7.630000114440918,7.635000228881836,143202,0.0,0.0
2024-08-12 10:30:00-04:00,7.635000228881836,7.639999866485596,7.630000114440918,7.635000228881836,51398,0.0,0.0
2024-08-12 11:30:00-04:00,7.638000011444092,7.639999866485596,7.630000114440918,7.639999866485596,118080,0.0,0.0
2024-08-12 12:30:00-04:00,7.635000228881836,7.639999866485596,7.619999885559082,7.629499912261963,191563,0.0,0.0
2024-08-12 13:30:00-04:00,7.629799842834473,7.639999866485596,7.610000133514404,7.614999771118164,162105,0.0,0.0
2024-08-12 14:30:00-04:00,7.614999771118164,7.619999885559082,7.579999923706055,7.619999885559082,306938,0.0,0.0
2024-08-12 15:30:00-04:00,7.614999771118164,7.619999885559082,7.582499980926514,7.610000133514404,246446,0.0,0.0
2024-08-13 09:30:00-04:00,7.670000076293945,7.699999809265137,7.659999847412109,7.690000057220459,230214,0.0,0.0
2024-08-13 10:30:00-04:00,7.695000171661377,7.710000038146973,7.690000057220459,7.704999923706055,172857,0.0,0.0
2024-08-13 11:30:00-04:00,7.704999923706055,7.75,7.699999809265137,7.735000133514404,301258,0.0,0.0
2024-08-13 12:30:00-04:00,7.735000133514404,7.739999771118164,7.71999979019165,7.724999904632568,209932,0.0,0.0
2024-08-13 13:30:00-04:00,7.724699974060059,7.729899883270264,7.710000038146973,7.710000038146973,256394,0.0,0.0
2024-08-13 14:30:00-04:00,7.710000038146973,7.730000019073486,7.699999809265137,7.710000038146973,638674,0.0,0.0
2024-08-13 15:30:00-04:00,7.704999923706055,7.710000038146973,7.699999809265137,7.710000038146973,122342,0.0,0.0
2024-08-14 09:30:00-04:00,7.75,7.75,7.730000019073486,7.747399806976318,372057,0.0,0.0
2024-08-14 10:30:00-04:00,7.739999771118164,7.755000114440918,7.739999771118164,7.755000114440918,251515,0.0,0.0
2024-08-14 11:30:00-04:00,7.755000114440918,7.760000228881836,7.730000019073486,7.735000133514404,230170,0.0,0.0
2024-08-14 12:30:00-04:00,7.735000133514404,7.739999771118164,7.710000038146973,7.715000152587891,196792,0.0,0.0
2024-08-14 13:30:00-04:00,7.715000152587891,7.724999904632568,7.710000038146973,7.715000152587891,107345,0.0,0.0
2024-08-14 14:30:00-04:00,7.715000152587891,7.730000019073486,7.710000038146973,7.724999904632568,225582,0.0,0.0
2024-08-14 15:30:00-04:00,7.724999904632568,7.730000019073486,7.71999979019165,7.7220001220703125,64470,0.0,0.0
2024-08-15 09:30:00-04:00,7.699999809265137,7.710000038146973,7.670000076293945,7.68179988861084,295112,0.0,0.0
2024-08-15 10:30:00-04:00,7.684999942779541,7.690000057220459,7.679999828338623,7.689899921417236,185134,0.0,0.0
2024-08-15 11:30:00-04:00,7.688199996948242,7.690000057220459,7.679999828338623,7.684999942779541,157160,0.0,0.0
2024-08-15 12:30:00-04:00,7.684999942779541,7.689899921417236,7.670000076293945,7.675000190734863,119430,0.0,0.0
2024-08-15 13:30:00-04:00,7.675000190734863,7.679999828338623,7.670000076293945,7.675000190734863,127842,0.0,0.0
2024-08-15 14:30:00-04:00,7.675000190734863,7.686500072479248,7.670000076293945,7.675000190734863,143393,0.0,0.0
2024-08-15 15:30:00-04:00,7.670100212097168,7.679999828338623,7.670000076293945,7.675000190734863,166549,0.0,0.0
2024-08-16 09:30:00-04:00,7.699999809265137,7.744999885559082,7.699999809265137,7.739999771118164,370531,0.0,0.0
2024-08-16 10:30:00-04:00,7.739799976348877,7.75,7.730000019073486,7.735000133514404,124797,0.0,0.0
2024-08-16 11:30:00-04:00,7.735000133514404,7.739999771118164,7.71999979019165,7.724999904632568,119979,0.0,0.0
2024-08-16 12:30:00-04:00,7.71999979019165,7.730000019073486,7.71999979019165,7.724999904632568,91365,0.0,0.0
2024-08-16 13:30:00-04:00,7.724999904632568,7.730000019073486,7.71999979019165,7.726200103759766,117707,0.0,0.0
2024-08-16 14:30:00-04:00,7.724999904632568,7.739999771118164,7.71999979019165,7.729499816894531,116998,0.0,0.0
2024-08-16 15:30:00-04:00,7.721199989318848,7.739999771118164,7.710000038146973,7.739999771118164,127208,0.0,0.0
2024-08-19 09:30:00-04:00,7.760000228881836,7.769999980926514,7.75,7.755000114440918,320167,0.0,0.0
2024-08-19 10:30:00-04:00,7.755000114440918,7.764999866485596,7.75,7.760000228881836,253891,0.0,0.0
2024-08-19 11:30:00-04:00,7.755000114440918,7.760000228881836,7.75,7.755000114440918,108081,0.0,0.0
2024-08-19 12:30:00-04:00,7.755000114440918,7.760000228881836,7.75,7.755000114440918,117691,0.0,0.0
2024-08-19 13:30:00-04:00,7.755000114440918,7.760000228881836,7.739999771118164,7.75029993057251,191755,0.0,0.0
2024-08-19 14:30:00-04:00,7.75,7.760000228881836,7.739999771118164,7.749800205230713,148896,0.0,0.0
2024-08-19 15:30:00-04:00,7.745699882507324,7.764999866485596,7.739999771118164,7.739999771118164,162499,0.0,0.0
2024-08-20 09:30:00-04:00,7.769999980926514,7.789999961853027,7.769999980926514,7.771999835968018,431701,0.0,0.0
2024-08-20 10:30:00-04:00,7.775000095367432,7.78000020980835,7.760000228881836,7.764999866485596,171246,0.0,0.0
2024-08-20 11:30:00-04:00,7.769700050354004,7.7754998207092285,7.760000228881836,7.769999980926514,110171,0.0,0.0
2024-08-20 12:30:00-04:00,7.769999980926514,7.769999980926514,7.75,7.755000114440918,79808,0.0,0.0
2024-08-20 13:30:00-04:00,7.757800102233887,7.769899845123291,7.739999771118164,7.75,208689,0.0,0.0
2024-08-20 14:30:00-04:00,7.75,7.769999980926514,7.739999771118164,7.764999866485596,444002,0.0,0.0
2024-08-20 15:30:00-04:00,7.764999866485596,7.769999980926514,7.760000228881836,7.769999980926514,106972,0.0,0.0
2024-08-21 09:30:00-04:00,7.789999961853027,7.789999961853027,7.760000228881836,7.775000095367432,248587,0.0,0.0
2024-08-21 10:30:00-04:00,7.775000095367432,7.789999961853027,7.775000095367432,7.780099868774414,154350,0.0,0.0
2024-08-21 11:30:00-04:00,7.784999847412109,7.789999961853027,7.78000020980835,7.78000020980835,56047,0.0,0.0
2024-08-21 12:30:00-04:00,7.784999847412109,7.789999961853027,7.760000228881836,7.789999961853027,240495,0.0,0.0
2024-08-21 13:30:00-04:00,7.789999961853027,7.789999961853027,7.78000020980835,7.784999847412109,106242,0.0,0.0
2024-08-21 14:30:00-04:00,7.780099868774414,7.789999961853027,7.78000020980835,7.789899826049805,117632,0.0,0.0
2024-08-21 15:30:00-04:00,7.784999847412109,7.789999961853027,7.78000020980835,7.78000020980835,113960,0.0,0.0
2024-08-22 09:30:00-04:00,7.789999961853027,7.800000190734863,7.775000095367432,7.795000076293945,238763,0.0,0.0
2024-08-22 10:30:00-04:00,7.799900054931641,7.805200099945068,7.789999961853027,7.789999961853027,188878,0.0,0.0
2024-08-22 11:30:00-04:00,7.795199871063232,7.799900054931641,7.769999980926514,7.769999980926514,117642,0.0,0.0
2024-08-22 12:30:00-04:00,7.775000095367432,7.784999847412109,7.739999771118164,7.744999885559082,168403,0.0,0.0
2024-08-22 13:30:00-04:00,7.744999885559082,7.75,7.71999979019165,7.730000019073486,166493,0.0,0.0
2024-08-22 14:30:00-04:00,7.735000133514404,7.75,7.71999979019165,7.744999885559082,181178,0.0,0.0
2024-08-22 15:30:00-04:00,7.744999885559082,7.74970006942749,7.739999771118164,7.744999885559082,76130,0.0,0.0
2024-08-23 09:30:00-04:00,7.789999961853027,7.840000152587891,7.78000020980835,7.815000057220459,131428,0.0,0.0
2024-08-23 10:30:00-04:00,7.820000171661377,7.829999923706055,7.809999942779541,7.815000057220459,182589,0.0,0.0
2024-08-23 11:30:00-04:00,7.819900035858154,7.820000171661377,7.809999942779541,7.816699981689453,267966,0.0,0.0
2024-08-23 12:30:00-04:00,7.814000129699707,7.820000171661377,7.809999942779541,7.815000057220459,71865,0.0,0.0
2024-08-23 13:30:00-04:00,7.815000057220459,7.840000152587891,7.809999942779541,7.835000038146973,193176,0.0,0.0
2024-08-23 14:30:00-04:00,7.839799880981445,7.849999904632568,7.833700180053711,7.84499979019165,217320,0.0,0.0
2024-08-23 15:30:00-04:00,7.849899768829346,7.849999904632568,7.829999923706055,7.840000152587891,200906,0.0,0.0
2024-08-26 09:30:00-04:00,7.869999885559082,7.880000114440918,7.829999923706055,7.855000019073486,292616,0.0,0.0
2024-08-26 10:30:00-04:00,7.855000019073486,7.869999885559082,7.849999904632568,7.850100040435791,128614,0.0,0.0
2024-08-26 11:30:00-04:00,7.849999904632568,7.855000019073486,7.829999923706055,7.829999923706055,148096,0.0,0.0
2024-08-26 12:30:00-04:00,7.835000038146973,7.840000152587891,7.829999923706055,7.839900016784668,71341,0.0,0.0
2024-08-26 13:30:00-04:00,7.838200092315674,7.838200092315674,7.820000171661377,7.824999809265137,106760,0.0,0.0
2024-08-26 14:30:00-04:00,7.826399803161621,7.835000038146973,7.820000171661377,7.829999923706055,230314,0.0,0.0
2024-08-26 15:30:00-04:00,7.829999923706055,7.849999904632568,7.820000171661377,7.84499979019165,173435,0.0,0.0
2024-08-27 09:30:00-04:00,7.849999904632568,7.860000133514404,7.84499979019165,7.860000133514404,153033,0.0,0.0
2024-08-27 10:30:00-04:00,7.860000133514404,7.860000133514404,7.849999904632568,7.860000133514404,70060,0.0,0.0
2024-08-27 11:30:00-04:00,7.857100009918213,7.860000133514404,7.849999904632568,7.860000133514404,77094,0.0,0.0
2024-08-27 12:30:00-04:00,7.855800151824951,7.860000133514404,7.849999904632568,7.860000133514404,95591,0.0,0.0
2024-08-27 13:30:00-04:00,7.855000019073486,7.860000133514404,7.840000152587891,7.84499979019165,121606,0.0,0.0
2024-08-27 14:30:00-04:00,7.843200206756592,7.849999904632568,7.840000152587891,7.843200206756592,136282,0.0,0.0
2024-08-27 15:30:00-04:00,7.849999904632568,7.849999904632568,7.840000152587891,7.84499979019165,93160,0.0,0.0
2024-08-28 09:30:00-04:00,7.869999885559082,7.869999885559082,7.809999942779541,7.844799995422363,167073,0.0,0.0
2024-08-28 10:30:00-04:00,7.84499979019165,7.849999904632568,7.809999942779541,7.809999942779541,127988,0.0,0.0
2024-08-28 11:30:00-04:00,7.819900035858154,7.829999923706055,7.809999942779541,7.820000171661377,91193,0.0,0.0
2024-08-28 12:30:00-04:00,7.820000171661377,7.829999923706055,7.815000057220459,7.815000057220459,89553,0.0,0.0
2024-08-28 13:30:00-04:00,7.815000057220459,7.820000171661377,7.809999942779541,7.809999942779541,78391,0.0,0.0
2024-08-28 14:30:00-04:00,7.815000057220459,7.824999809265137,7.809999942779541,7.824999809265137,81355,0.0,0.0
2024-08-28 15:30:00-04:00,7.824999809265137,7.849999904632568,7.820000171661377,7.84499979019165,58323,0.0,0.0
2024-08-29 09:30:00-04:00,7.849999904632568,7.869999885559082,7.849999904632568,7.855000019073486,210269,0.0,0.0
2024-08-29 10:30:00-04:00,7.855000019073486,7.859899997711182,7.829999923706055,7.835000038146973,86275,0.0,0.0
2024-08-29 11:30:00-04:00,7.829999923706055,7.847499847412109,7.829999923706055,7.84499979019165,85164,0.0,0.0
2024-08-29 12:30:00-04:00,7.849899768829346,7.849999904632568,7.840000152587891,7.849899768829346,87083,0.0,0.0
2024-08-29 13:30:00-04:00,7.849999904632568,7.849999904632568,7.840000152587891,7.840000152587891,72583,0.0,0.0
2024-08-29 14:30:00-04:00,7.84499979019165,7.860000133514404,7.840000152587891,7.855000019073486,59108,0.0,0.0
2024-08-29 15:30:00-04:00,7.856299877166748,7.869999885559082,7.849999904632568,7.864999771118164,90182,0.0,0.0
2024-08-30 09:30:00-04:00,7.880000114440918,7.914999961853027,7.869999885559082,7.885000228881836,225345,0.0,0.0
2024-08-30 10:30:00-04:00,7.880000114440918,7.880099773406982,7.869999885559082,7.875,81468,0.0,0.0
2024-08-30 11:30:00-04:00,7.869999885559082,7.880000114440918,7.860000133514404,7.860000133514404,143225,0.0,0.0
2024-08-30 12:30:00-04:00,7.864999771118164,7.869999885559082,7.849999904632568,7.860000133514404,150247,0.0,0.0
2024-08-30 13:30:00-04:00,7.860000133514404,7.868500232696533,7.849999904632568,7.849999904632568,78536,0.0,0.0
2024-08-30 14:30:00-04:00,7.849999904632568,7.860000133514404,7.849999904632568,7.855000019073486,121320,0.0,0.0
2024-08-30 15:30:00-04:00,7.849999904632568,7.860000133514404,7.849999904632568,7.860000133514404,137242,0.0,0.0
2024-09-03 09:30:00-04:00,7.900000095367432,7.934999942779541,7.840000152587891,7.840000152587891,718120,0.0,0.0
2024-09-03 10:30:00-04:00,7.84499979019165,7.860000133514404,7.820000171661377,7.820000171661377,299318,0.0,0.0
2024-09-03 11:30:00-04:00,7.824999809265137,7.840000152587891,7.824999809265137,7.83620023727417,125962,0.0,0.0
2024-09-03 12:30:00-04:00,7.829999923706055,7.840000152587891,7.829999923706055,7.835000038146973,145952,0.0,0.0
2024-09-03 13:30:00-04:00,7.835000038146973,7.849999904632568,7.829999923706055,7.84499979019165,121998,0.0,0.0
2024-09-03 14:30:00-04:00,7.84499979019165,7.849999904632568,7.829999923706055,7.84499979019165,151873,0.0,0.0
2024-09-03 15:30:00-04:00,7.84499979019165,7.849999904632568,7.829999923706055,7.835000038146973,138965,0.0,0.0
2024-09-04 09:30:00-04:00,7.829999923706055,7.860000133514404,7.824999809265137,7.860000133514404,229463,0.0,0.0
2024-09-04 10:30:00-04:00,7.855000019073486,7.875800132751465,7.840000152587891,7.84499979019165,262601,0.0,0.0
2024-09-04 11:30:00-04:00,7.8420000076293945,7.849999904632568,7.840000152587891,7.84499979019165,90462,0.0,0.0
2024-09-04 12:30:00-04:00,7.840000152587891,7.860000133514404,7.840000152587891,7.855000019073486,46135,0.0,0.0
2024-09-04 13:30:00-04:00,7.854700088500977,7.860000133514404,7.840000152587891,7.84499979019165,119213,0.0,0.0
2024-09-04 14:30:00-04:00,7.8460001945495605,7.849999904632568,7.840000152587891,7.84499979019165,70924,0.0,0.0
2024-09-04 15:30:00-04:00,7.849899768829346,7.849999904632568,7.840000152587891,7.84499979019165,138399,0.0,0.0
2024-09-05 09:30:00-04:00,7.869999885559082,7.889999866485596,7.829999923706055,7.840000152587891,233409,0.0,0.0
2024-09-05 10:30:00-04:00,7.844799995422363,7.849999904632568,7.829999923706055,7.829999923706055,191821,0.0,0.0
2024-09-05 11:30:00-04:00,7.835000038146973,7.849999904632568,7.829999923706055,7.829999923706055,129412,0.0,0.0
2024-09-05 12:30:00-04:00,7.840000152587891,7.840000152587891,7.829999923706055,7.835000038146973,116505,0.0,0.0
2024-09-05 13:30:00-04:00,7.835000038146973,7.840000152587891,7.829999923706055,7.835000038146973,131918,0.0,0.0
2024-09-05 14:30:00-04:00,7.840000152587891,7.840000152587891,7.829999923706055,7.835000038146973,90286,0.0,0.0
2024-09-05 15:30:00-04:00,7.835000038146973,7.849999904632568,7.829999923706055,7.84499979019165,116426,0.0,0.0
2024-09-06 09:30:00-04:00,7.849999904632568,7.869999885559082,7.840000152587891,7.84499979019165,146200,0.0,0.0
2024-09-06 10:30:00-04:00,7.84499979019165,7.849999904632568,7.840000152587891,7.849999904632568,125128,0.0,0.0
2024-09-06 11:30:00-04:00,7.842800140380859,7.860000133514404,7.840000152587891,7.849800109863281,113773,0.0,0.0
2024-09-06 12:30:00-04:00,7.840000152587891,7.849999904632568,7.809999942779541,7.820000171661377,280623,0.0,0.0
2024-09-06 13:30:00-04:00,7.819799900054932,7.820000171661377,7.809999942779541,7.815000057220459,144669,0.0,0.0
2024-09-06 14:30:00-04:00,7.815000057220459,7.840000152587891,7.809999942779541,7.840000152587891,119996,0.0,0.0
2024-09-06 15:30:00-04:00,7.835000038146973,7.840000152587891,7.829999923706055,7.835000038146973,67913,0.0,0.0
2024-09-09 09:30:00-04:00,7.829999923706055,7.869999885559082,7.829999923706055,7.84499979019165,187842,0.0,0.0
2024-09-09 10:30:00-04:00,7.840000152587891,7.849999904632568,7.829999923706055,7.849999904632568,90903,0.0,0.0
2024-09-09 11:30:00-04:00,7.849999904632568,7.879899978637695,7.840000152587891,7.875,143585,0.0,0.0
2024-09-09 12:30:00-04:00,7.869999885559082,7.889999866485596,7.864999771118164,7.885000228881836,145669,0.0,0.0
2024-09-09 13:30:00-04:00,7.8871002197265625,7.8871002197265625,7.869999885559082,7.880000114440918,105419,0.0,0.0
2024-09-09 14:30:00-04:00,7.880000114440918,7.880000114440918,7.860000133514404,7.860099792480469,86183,0.0,0.0
2024-09-09 15:30:00-04:00,7.864999771118164,7.869999885559082,7.855000019073486,7.864999771118164,151695,0.0,0.0
2024-09-10 09:30:00-04:00,7.889999866485596,7.909999847412109,7.880000114440918,7.880000114440918,265900,0.0,0.0
2024-09-10 10:30:00-04:00,7.885000228881836,7.889999866485596,7.880000114440918,7.880000114440918,95796,0.0,0.0
2024-09-10 11:30:00-04:00,7.885000228881836,7.889999866485596,7.880000114440918,7.885000228881836,91660,0.0,0.0
2024-09-10 12:30:00-04:00,7.885000228881836,7.909999847412109,7.880000114440918,7.900000095367432,174456,0.0,0.0
2024-09-10 13:30:00-04:00,7.900100231170654,7.909900188446045,7.889999866485596,7.889999866485596,119498,0.0,0.0
2024-09-10 14:30:00-04:00,7.894999980926514,7.900000095367432,7.889999866485596,7.894999980926514,91804,0.0,0.0
2024-09-10 15:30:00-04:00,7.894999980926514,7.900000095367432,7.880000114440918,7.885000228881836,194592,0.0,0.0
2024-09-11 09:30:00-04:00,7.920000076293945,7.920000076293945,7.860000133514404,7.869999885559082,249919,0.0,0.0
2024-09-11 10:30:00-04:00,7.869999885559082,7.879899978637695,7.860000133514404,7.864999771118164,139271,0.0,0.0
2024-09-11 11:30:00-04:00,7.869999885559082,7.880000114440918,7.860000133514404,7.875,75307,0.0,0.0
2024-09-11 12:30:00-04:00,7.869999885559082,7.885000228881836,7.869999885559082,7.869999885559082,85703,0.0,0.0
2024-09-11 13:30:00-04:00,7.875,7.889999866485596,7.869999885559082,7.885000228881836,60388,0.0,0.0
2024-09-11 14:30:00-04:00,7.885000228881836,7.909999847412109,7.880000114440918,7.904600143432617,215006,0.0,0.0
2024-09-11 15:30:00-04:00,7.90500020980835,7.909999847412109,7.900000095367432,7.900000095367432,101435,0.0,0.0
2024-09-12 09:30:00-04:00,7.940000057220459,7.940000057220459,7.900000095367432,7.929999828338623,247088,0.0,0.0
2024-09-12 10:30:00-04:00,7.939000129699707,7.940000057220459,7.929999828338623,7.931000232696533,116545,0.0,0.0
2024-09-12 11:30:00-04:00,7.9344000816345215,7.940000057220459,7.909999847412109,7.914999961853027,109276,0.0,0.0
2024-09-12 12:30:00-04:00,7.914999961853027,7.940000057220459,7.909999847412109,7.929999828338623,74975,0.0,0.0
2024-09-12 13:30:00-04:00,7.934999942779541,7.949999809265137,7.929999828338623,7.949999809265137,94355,0.0,0.0
2024-09-12 14:30:00-04:00,7.949999809265137,7.960000038146973,7.940000057220459,7.949999809265137,240956,0.0,0.0
2024-09-12 15:30:00-04:00,7.949999809265137,7.96999979019165,7.940000057220459,7.949999809265137,239771,0.0,0.0
2024-09-13 09:30:00-04:00,7.929999828338623,7.949999809265137,7.929999828338623,7.940000057220459,250770,0.0,0.0
2024-09-13 10:30:00-04:00,7.945300102233887,7.960000038146973,7.929999828338623,7.95989990234375,162865,0.0,0.0
2024-09-13 11:30:00-04:00,7.954999923706055,7.96999979019165,7.949999809265137,7.969900131225586,126000,0.0,0.0
2024-09-13 12:30:00-04:00,7.965000152587891,7.96999979019165,7.960000038146973,7.965000152587891,59727,0.0,0.0
2024-09-13 13:30:00-04:00,7.960100173950195,7.96999979019165,7.960000038146973,7.965000152587891,87437,0.0,0.0
2024-09-13 14:30:00-04:00,7.9604997634887695,7.96999979019165,7.960000038146973,7.965000152587891,110274,0.0,0.0
2024-09-13 15:30:00-04:00,7.965000152587891,7.96999979019165,7.960000038146973,7.965000152587891,135302,0.0,0.0
2024-09-16 09:30:00-04:00,7.989999771118164,7.989999771118164,7.96999979019165,7.96999979019165,234504,0.0,0.0
2024-09-16 10:30:00-04:00,7.96999979019165,7.980000019073486,7.96999979019165,7.979899883270264,222571,0.0,0.0
2024-09-16 11:30:00-04:00,7.96999979019165,7.980000019073486,7.96999979019165,7.974999904632568,85727,0.0,0.0
2024-09-16 12:30:00-04:00,7.9704999923706055,7.980000019073486,7.96999979019165,7.974999904632568,73788,0.0,0.0
2024-09-16 13:30:00-04:00,7.96999979019165,8.0,7.96999979019165,8.0,203485,0.0,0.0
2024-09-16 14:30:00-04:00,7.994999885559082,8.0,7.989999771118164,7.994999885559082,88080,0.0,0.0
2024-09-16 15:30:00-04:00,7.994999885559082,8.0,7.989999771118164,7.994999885559082,95141,0.0,0.0
2024-09-17 09:30:00-04:00,8.010000228881836,8.029999732971191,8.0,8.020000457763672,256430,0.0,0.0
2024-09-17 10:30:00-04:00,8.023200035095215,8.029899597167969,8.0,8.005000114440918,211356,0.0,0.0
2024-09-17 11:30:00-04:00,8.005000114440918,8.020000457763672,8.003999710083008,8.015000343322754,106533,0.0,0.0
2024-09-17 12:30:00-04:00,8.010000228881836,8.01990032196045,8.0,8.005599975585938,93852,0.0,0.0
2024-09-17 13:30:00-04:00,8.010000228881836,8.010000228881836,7.980000019073486,7.994999885559082,189475,0.0,0.0
2024-09-17 14:30:00-04:00,7.994999885559082,7.994999885559082,7.980000019073486,7.989999771118164,70215,0.0,0.0
2024-09-17 15:30:00-04:00,7.989999771118164,8.010000228881836,7.985000133514404,8.010000228881836,114610,0.0,0.0
2024-09-18 09:30:00-04:00,8.029999732971191,8.039999961853027,8.020000457763672,8.029800415039062,183208,0.0,0.0
2024-09-18 10:30:00-04:00,8.024999618530273,8.039999961853027,8.020000457763672,8.034799575805664,47606,0.0,0.0
2024-09-18 11:30:00-04:00,8.03499984741211,8.039999961853027,8.029999732971191,8.037199974060059,79268,0.0,0.0
2024-09-18 12:30:00-04:00,8.03499984741211,8.050000190734863,8.029999732971191,8.050000190734863,87210,0.0,0.0
2024-09-18 13:30:00-04:00,8.045000076293945,8.069999694824219,8.039999961853027,8.055000305175781,144309,0.0,0.0
2024-09-18 14:30:00-04:00,8.055100440979004,8.0600004196167,8.029999732971191,8.045000076293945,120977,0.0,0.0
2024-09-18 15:30:00-04:00,8.039999961853027,8.0600004196167,8.039999961853027,8.0600004196167,65988,0.0,0.0
2024-09-19 09:30:00-04:00,8.149999618530273,8.15999984741211,8.100000381469727,8.119999885559082,257633,0.0,0.0
2024-09-19 10:30:00-04:00,8.129899978637695,8.129899978637695,8.109999656677246,8.11989974975586,184564,0.0,0.0
2024-09-19 11:30:00-04:00,8.112099647521973,8.119999885559082,8.109999656677246,8.119999885559082,78406,0.0,0.0
2024-09-19 12:30:00-04:00,8.114999771118164,8.119999885559082,8.109999656677246,8.109999656677246,160617,0.0,0.0
2024-09-19 13:30:00-04:00,8.114999771118164,8.119999885559082,8.109999656677246,8.11989974975586,102926,0.0,0.0
2024-09-19 14:30:00-04:00,8.115653991699219,8.119999885559082,8.109999656677246,8.114999771118164,72676,0.0,0.0
2024-09-19 15:30:00-04:00,8.119999885559082,8.119999885559082,8.09000015258789,8.100000381469727,231939,0.0,0.0
2024-09-20 09:30:00-04:00,8.119999885559082,8.140000343322754,8.109999656677246,8.119999885559082,208001,0.0,0.0
2024-09-20 10:30:00-04:00,8.125,8.140000343322754,8.109999656677246,8.135000228881836,86445,0.0,0.0
2024-09-20 11:30:00-04:00,8.135000228881836,8.140000343322754,8.130000114440918,8.135000228881836,70814,0.0,0.0
2024-09-20 12:30:00-04:00,8.135000228881836,8.15999984741211,8.130000114440918,8.155099868774414,143735,0.0,0.0
2024-09-20 13:30:00-04:00,8.156299591064453,8.15999984741211,8.140000343322754,8.145000457763672,84404,0.0,0.0
2024-09-20 14:30:00-04:00,8.140000343322754,8.170000076293945,8.140000343322754,8.164999961853027,164371,0.0,0.0
2024-09-20 15:30:00-04:00,8.164999961853027,8.170000076293945,8.15999984741211,8.15999984741211,58112,0.0,0.0
2024-09-23 09:30:00-04:00,8.1899995803833,8.199999809265137,8.180000305175781,8.180000305175781,206853,0.0,0.0
2024-09-23 10:30:00-04:00,8.180000305175781,8.196000099182129,8.180000305175781,8.1899995803833,145997,0.0,0.0
2024-09-23 11:30:00-04:00,8.1850004196167,8.1899995803833,8.180000305175781,8.180000305175781,111188,0.0,0.0
2024-09-23 12:30:00-04:00,8.1850004196167,8.199999809265137,8.180000305175781,8.194999694824219,143666,0.0,0.0
2024-09-23 13:30:00-04:00,8.196000099182129,8.199999809265137,8.1899995803833,8.194999694824219,67429,0.0,0.0
2024-09-23 14:30:00-04:00,8.194999694824219,8.210000038146973,8.1899995803833,8.209500312805176,154192,0.0,0.0
2024-09-23 15:30:00-04:00,8.210000038146973,8.220000267028809,8.199999809265137,8.21500015258789,97881,0.0,0.0
2024-09-24 09:30:00-04:00,8.239999771118164,8.239999771118164,8.210000038146973,8.220000267028809,223703,0.0,0.0
2024-09-24 10:30:00-04:00,8.220000267028809,8.229999542236328,8.210000038146973,8.21500015258789,118838,0.0,0.0
2024-09-24 11:30:00-04:00,8.21500015258789,8.220000267028809,8.199999809265137,8.204999923706055,125577,0.0,0.0
2024-09-24 12:30:00-04:00,8.204999923706055,8.21500015258789,8.199999809265137,8.210000038146973,106857,0.0,0.0
2024-09-24 13:30:00-04:00,8.21500015258789,8.220000267028809,8.210000038146973,8.220000267028809,95301,0.0,0.0
2024-09-24 14:30:00-04:00,8.220000267028809,8.229999542236328,8.210000038146973,8.21500015258789,179205,0.0,0.0
2024-09-24 15:30:00-04:00,8.21500015258789,8.220000267028809,8.199999809265137,8.220000267028809,97704,0.0,0.0
2024-09-25 09:30:00-04:00,8.229999542236328,8.229999542236328,8.180000305175781,8.180000305175781,153437,0.0,0.0
2024-09-25 10:30:00-04:00,8.180000305175781,8.1899995803833,8.175000190734863,8.187199592590332,177180,0.0,0.0
2024-09-25 11:30:00-04:00,8.180000305175781,8.199999809265137,8.180000305175781,8.1899995803833,65790,0.0,0.0
2024-09-25 12:30:00-04:00,8.194999694824219,8.197600364685059,8.180000305175781,8.180000305175781,91933,0.0,0.0
2024-09-25 13:30:00-04:00,8.180500030517578,8.1899995803833,8.15999984741211,8.15999984741211,125842,0.0,0.0
2024-09-25 14:30:00-04:00,8.15999984741211,8.15999984741211,8.149999618530273,8.149999618530273,109675,0.0,0.0
2024-09-25 15:30:00-04:00,8.153900146484375,8.15999984741211,8.130000114440918,8.130000114440918,158091,0.0,0.0
2024-09-26 09:30:00-04:00,8.15999984741211,8.180000305175781,8.119999885559082,8.119999885559082,199822,0.0,0.0
2024-09-26 10:30:00-04:00,8.119999885559082,8.130000114440918,8.069999694824219,8.109999656677246,301227,0.0,0.0
2024-09-26 11:30:00-04:00,8.104999542236328,8.104999542236328,8.055000305175781,8.0600004196167,251412,0.0,0.0
2024-09-26 12:30:00-04:00,8.056500434875488,8.079999923706055,8.050000190734863,8.0600004196167,195653,0.0,0.0
2024-09-26 13:30:00-04:00,8.0600004196167,8.069899559020996,8.029999732971191,8.029999732971191,167518,0.0,0.0
2024-09-26 14:30:00-04:00,8.03499984741211,8.039999961853027,8.010000228881836,8.03499984741211,307716,0.0,0.0
2024-09-26 15:30:00-04:00,8.029999732971191,8.039999961853027,8.010000228881836,8.020000457763672,175636,0.0,0.0
2024-09-27 09:30:00-04:00,8.0600004196167,8.0600004196167,8.029999732971191,8.050000190734863,181877,0.0,0.0
2024-09-27 10:30:00-04:00,8.050000190734863,8.050000190734863,8.010000228881836,8.020000457763672,209093,0.0,0.0
2024-09-27 11:30:00-04:00,8.010000228881836,8.020000457763672,8.010000228881836,8.015000343322754,100233,0.0,0.0
2024-09-27 12:30:00-04:00,8.015000343322754,8.029999732971191,8.010000228881836,8.024999618530273,144334,0.0,0.0
2024-09-27 13:30:00-04:00,8.02750015258789,8.055500030517578,8.020000457763672,8.045000076293945,117915,0.0,0.0
2024-09-27 14:30:00-04:00,8.047499656677246,8.047499656677246,8.029999732971191,8.03499984741211,155172,0.0,0.0
2024-09-27 15:30:00-04:00,8.03499984741211,8.050000190734863,8.024999618530273,8.050000190734863,147451,0.0,0.0
