Datetime,Open,High,Low,Close,Volume,Dividends,Stock Splits,Capital Gains
2022-09-29 10:30:00-04:00,28.06999969482422,28.06999969482422,28.06999969482422,28.06999969482422,0,0.0,0.0,0.0
2022-09-29 11:30:00-04:00,28.190000534057617,28.219999313354492,28.174999237060547,28.219999313354492,400,0.0,0.0,0.0
2022-09-29 12:30:00-04:00,28.204999923706055,28.204999923706055,28.204999923706055,28.204999923706055,300,0.0,0.0,0.0
2022-09-29 13:30:00-04:00,28.15999984741211,28.15999984741211,28.15999984741211,28.15999984741211,285,0.0,0.0,0.0
2022-09-29 14:30:00-04:00,28.114999771118164,28.18000030517578,28.114999771118164,28.156999588012695,3455,0.0,0.0,0.0
2022-09-29 15:30:00-04:00,28.16699981689453,28.2549991607666,28.16699981689453,28.2549991607666,4845,0.0,0.0,0.0
2022-09-30 09:30:00-04:00,28.375,28.479999542236328,28.320100784301758,28.479999542236328,0,0.0,0.0,0.0
2022-09-30 10:30:00-04:00,28.549999237060547,28.665000915527344,28.540000915527344,28.665000915527344,1135,0.0,0.0,0.0
2022-09-30 11:30:00-04:00,28.5,28.5,28.5,28.5,400,0.0,0.0,0.0
2022-09-30 12:30:00-04:00,28.56999969482422,28.56999969482422,28.559999465942383,28.559999465942383,350,0.0,0.0,0.0
2022-09-30 13:30:00-04:00,28.40999984741211,28.443199157714844,28.3799991607666,28.3799991607666,0,0.0,0.0,0.0
2022-09-30 14:30:00-04:00,28.3700008392334,28.3700008392334,28.26609992980957,28.290000915527344,31476,0.0,0.0,0.0
2022-09-30 15:30:00-04:00,28.190000534057617,28.225000381469727,28.149999618530273,28.17460060119629,5218,0.0,0.0,0.0
2022-10-03 09:30:00-04:00,28.56999969482422,28.56999969482422,28.56999969482422,28.56999969482422,0,0.0,0.0,0.0
2022-10-03 10:30:00-04:00,28.68000030517578,28.700000762939453,28.68000030517578,28.700000762939453,504,0.0,0.0,0.0
2022-10-03 11:30:00-04:00,28.600000381469727,28.610000610351562,28.540000915527344,28.610000610351562,101327,0.0,0.0,0.0
2022-10-03 14:30:00-04:00,28.78499984741211,28.78499984741211,28.760099411010742,28.760099411010742,761,0.0,0.0,0.0
2022-10-03 15:30:00-04:00,28.758499145507812,28.758499145507812,28.635000228881836,28.635000228881836,2698,0.0,0.0,0.0
2022-10-04 09:30:00-04:00,29.222700119018555,29.222700119018555,29.222700119018555,29.222700119018555,0,0.0,0.0,0.0
2022-10-04 10:30:00-04:00,29.280000686645508,29.309999465942383,29.280000686645508,29.309999465942383,453,0.0,0.0,0.0
2022-10-04 11:30:00-04:00,29.31920051574707,29.3700008392334,29.31920051574707,29.3700008392334,1161,0.0,0.0,0.0
2022-10-04 13:30:00-04:00,29.2810001373291,29.2810001373291,29.25,29.280000686645508,3089,0.0,0.0,0.0
2022-10-04 14:30:00-04:00,29.260000228881836,29.329999923706055,29.260000228881836,29.288000106811523,42217,0.0,0.0,0.0
2022-10-04 15:30:00-04:00,29.290000915527344,29.3700008392334,29.290000915527344,29.3700008392334,343,0.0,0.0,0.0
2022-10-05 09:30:00-04:00,29.170000076293945,29.200000762939453,28.979999542236328,28.989999771118164,0,0.0,0.0,0.0
2022-10-05 10:30:00-04:00,28.940000534057617,28.979999542236328,28.940000534057617,28.979999542236328,1109,0.0,0.0,0.0
2022-10-05 11:30:00-04:00,29.06999969482422,29.06999969482422,29.06999969482422,29.06999969482422,100,0.0,0.0,0.0
2022-10-05 12:30:00-04:00,29.110000610351562,29.190000534057617,29.110000610351562,29.187999725341797,5599,0.0,0.0,0.0
2022-10-05 13:30:00-04:00,29.190000534057617,29.239999771118164,29.190000534057617,29.239999771118164,1454,0.0,0.0,0.0
2022-10-05 15:30:00-04:00,29.309999465942383,29.309999465942383,29.295400619506836,29.295400619506836,463,0.0,0.0,0.0
2022-10-06 09:30:00-04:00,29.18000030517578,29.18000030517578,29.18000030517578,29.18000030517578,0,0.0,0.0,0.0
2022-10-06 10:30:00-04:00,29.1200008392334,29.298999786376953,29.1200008392334,29.298999786376953,3474,0.0,0.0,0.0
2022-10-06 11:30:00-04:00,29.25,29.25,29.25,29.25,303,0.0,0.0,0.0
2022-10-06 14:30:00-04:00,29.15999984741211,29.15999984741211,29.15999984741211,29.15999984741211,0,0.0,0.0,0.0
2022-10-06 15:30:00-04:00,29.184999465942383,29.184999465942383,29.156700134277344,29.174999237060547,4875,0.0,0.0,0.0
2022-10-07 10:30:00-04:00,28.854999542236328,28.854999542236328,28.81999969482422,28.81999969482422,0,0.0,0.0,0.0
2022-10-07 12:30:00-04:00,28.639999389648438,28.639999389648438,28.639999389648438,28.639999389648438,585,0.0,0.0,0.0
2022-10-07 13:30:00-04:00,28.600000381469727,28.65999984741211,28.59000015258789,28.65999984741211,5516,0.0,0.0,0.0
2022-10-07 14:30:00-04:00,28.56999969482422,28.570100784301758,28.56999969482422,28.56999969482422,4050,0.0,0.0,0.0
2022-10-07 15:30:00-04:00,28.520000457763672,28.635000228881836,28.520000457763672,28.600000381469727,80663,0.0,0.0,0.0
2022-10-10 10:30:00-04:00,28.46380043029785,28.5,28.46380043029785,28.5,0,0.0,0.0,0.0
2022-10-10 12:30:00-04:00,28.43000030517578,28.43000030517578,28.40999984741211,28.40999984741211,587,0.0,0.0,0.0
2022-10-10 13:30:00-04:00,28.559999465942383,28.639999389648438,28.520000457763672,28.520000457763672,12523,0.0,0.0,0.0
2022-10-10 14:30:00-04:00,28.549999237060547,28.56999969482422,28.510000228881836,28.516199111938477,19705,0.0,0.0,0.0
2022-10-10 15:30:00-04:00,28.5,28.565000534057617,28.479999542236328,28.5,14750,0.0,0.0,0.0
2022-10-11 09:30:00-04:00,28.239999771118164,28.260000228881836,28.209999084472656,28.260000228881836,82772,0.0,0.0,0.0
2022-10-11 10:30:00-04:00,28.270000457763672,28.420000076293945,28.270000457763672,28.420000076293945,1901,0.0,0.0,0.0
2022-10-11 11:30:00-04:00,28.600000381469727,28.600000381469727,28.56999969482422,28.56999969482422,200,0.0,0.0,0.0
2022-10-11 12:30:00-04:00,28.687000274658203,28.687000274658203,28.687000274658203,28.687000274658203,286,0.0,0.0,0.0
2022-10-11 13:30:00-04:00,28.670000076293945,28.670000076293945,28.586000442504883,28.610000610351562,7780,0.0,0.0,0.0
2022-10-11 14:30:00-04:00,28.61009979248047,28.6200008392334,28.329999923706055,28.36009979248047,11423,0.0,0.0,0.0
2022-10-11 15:30:00-04:00,28.329999923706055,28.514999389648438,28.329999923706055,28.5049991607666,3065,0.0,0.0,0.0
2022-10-12 09:30:00-04:00,28.385000228881836,28.385000228881836,28.299999237060547,28.329999923706055,0,0.0,0.0,0.0
2022-10-12 10:30:00-04:00,28.309999465942383,28.31999969482422,28.309999465942383,28.31999969482422,1256,0.0,0.0,0.0
2022-10-12 11:30:00-04:00,28.389999389648438,28.43000030517578,28.389999389648438,28.420000076293945,464,0.0,0.0,0.0
2022-10-12 12:30:00-04:00,28.43000030517578,28.43000030517578,28.43000030517578,28.43000030517578,335,0.0,0.0,0.0
2022-10-12 13:30:00-04:00,28.459999084472656,28.489999771118164,28.43000030517578,28.479999542236328,3954,0.0,0.0,0.0
2022-10-12 14:30:00-04:00,28.559999465942383,28.559999465942383,28.509300231933594,28.530000686645508,1138,0.0,0.0,0.0
2022-10-12 15:30:00-04:00,28.5,28.559999465942383,28.440000534057617,28.440000534057617,6286,0.0,0.0,0.0
2022-10-13 09:30:00-04:00,28.270000457763672,28.270000457763672,28.270000457763672,28.270000457763672,0,0.0,0.0,0.0
2022-10-13 10:30:00-04:00,28.170000076293945,28.68000030517578,28.170000076293945,28.68000030517578,828,0.0,0.0,0.0
2022-10-13 11:30:00-04:00,28.790000915527344,28.790000915527344,28.639999389648438,28.639999389648438,1203,0.0,0.0,0.0
2022-10-13 12:30:00-04:00,28.709999084472656,28.709999084472656,28.709999084472656,28.709999084472656,200,0.0,0.0,0.0
2022-10-13 13:30:00-04:00,28.93000030517578,28.950000762939453,28.88800048828125,28.88800048828125,3932,0.0,0.0,0.0
2022-10-13 14:30:00-04:00,28.877300262451172,28.950000762939453,28.860000610351562,28.950000762939453,3138,0.0,0.0,0.0
2022-10-13 15:30:00-04:00,28.959999084472656,28.989999771118164,28.899999618530273,28.899999618530273,1785,0.0,0.0,0.0
2022-10-14 09:30:00-04:00,29.020000457763672,29.020000457763672,28.700000762939453,28.700000762939453,0,0.0,0.0,0.0
2022-10-14 10:30:00-04:00,28.690900802612305,28.709999084472656,28.690099716186523,28.709999084472656,1457,0.0,0.0,0.0
2022-10-14 11:30:00-04:00,28.540000915527344,28.540000915527344,28.540000915527344,28.540000915527344,100,0.0,0.0,0.0
2022-10-14 12:30:00-04:00,28.649999618530273,28.649999618530273,28.540000915527344,28.579999923706055,2481,0.0,0.0,0.0
2022-10-14 13:30:00-04:00,28.540000915527344,28.540000915527344,28.515499114990234,28.515499114990234,3010,0.0,0.0,0.0
2022-10-14 14:30:00-04:00,28.468000411987305,28.496700286865234,28.40999984741211,28.420000076293945,9735,0.0,0.0,0.0
2022-10-14 15:30:00-04:00,28.440000534057617,28.510000228881836,28.3700008392334,28.389999389648438,3602,0.0,0.0,0.0
2022-10-17 09:30:00-04:00,28.950000762939453,29.0,28.950000762939453,29.0,0,0.0,0.0,0.0
2022-10-17 10:30:00-04:00,29.04789924621582,29.04789924621582,28.918800354003906,29.0,13701,0.0,0.0,0.0
2022-10-17 11:30:00-04:00,29.059999465942383,29.059999465942383,29.059999465942383,29.059999465942383,723,0.0,0.0,0.0
2022-10-17 12:30:00-04:00,28.940000534057617,28.969999313354492,28.940000534057617,28.969999313354492,200,0.0,0.0,0.0
2022-10-17 13:30:00-04:00,28.979999542236328,28.989999771118164,28.979999542236328,28.989999771118164,400,0.0,0.0,0.0
2022-10-17 15:30:00-04:00,28.979999542236328,29.0398006439209,28.979999542236328,29.0398006439209,1135,0.0,0.0,0.0
2022-10-18 09:30:00-04:00,29.31999969482422,29.31999969482422,29.31999969482422,29.31999969482422,0,0.0,0.0,0.0
2022-10-18 10:30:00-04:00,29.290000915527344,29.299999237060547,29.290000915527344,29.299999237060547,2250,0.0,0.0,0.0
2022-10-18 11:30:00-04:00,29.200000762939453,29.200000762939453,29.200000762939453,29.200000762939453,400,0.0,0.0,0.0
2022-10-18 13:30:00-04:00,29.260000228881836,29.260000228881836,29.260000228881836,29.260000228881836,731,0.0,0.0,0.0
2022-10-18 14:30:00-04:00,29.1200008392334,29.1564998626709,29.1200008392334,29.1564998626709,3664,0.0,0.0,0.0
2022-10-18 15:30:00-04:00,29.210100173950195,29.260000228881836,29.209999084472656,29.209999084472656,394,0.0,0.0,0.0
2022-10-19 09:30:00-04:00,29.110000610351562,29.209999084472656,29.010000228881836,29.200000762939453,0,0.0,0.0,0.0
2022-10-19 10:30:00-04:00,29.155000686645508,29.155000686645508,29.030000686645508,29.040000915527344,1660,0.0,0.0,0.0
2022-10-19 11:30:00-04:00,29.06999969482422,29.06999969482422,28.875,28.875,1450,0.0,0.0,0.0
2022-10-19 12:30:00-04:00,28.90999984741211,28.90999984741211,28.799999237060547,28.829999923706055,912,0.0,0.0,0.0
2022-10-19 13:30:00-04:00,28.81999969482422,28.920000076293945,28.81999969482422,28.920000076293945,5482,0.0,0.0,0.0
2022-10-19 14:30:00-04:00,28.889999389648438,28.889999389648438,28.829999923706055,28.8799991607666,5031,0.0,0.0,0.0
2022-10-19 15:30:00-04:00,28.889999389648438,28.979999542236328,28.860000610351562,28.979999542236328,3310,0.0,0.0,0.0
2022-10-20 09:30:00-04:00,29.149999618530273,29.149999618530273,29.139999389648438,29.139999389648438,0,0.0,0.0,0.0
2022-10-20 12:30:00-04:00,28.790000915527344,28.790000915527344,28.790000915527344,28.790000915527344,252,0.0,0.0,0.0
2022-10-20 15:30:00-04:00,28.729999542236328,28.729999542236328,28.68000030517578,28.68000030517578,3191,0.0,0.0,0.0
2022-10-21 09:30:00-04:00,28.730100631713867,28.950000762939453,28.730100631713867,28.950000762939453,6838,0.0,0.0,0.0
2022-10-21 10:30:00-04:00,28.700000762939453,28.75,28.700000762939453,28.75,907,0.0,0.0,0.0
2022-10-21 11:30:00-04:00,28.829999923706055,28.829999923706055,28.829999923706055,28.829999923706055,172,0.0,0.0,0.0
2022-10-21 12:30:00-04:00,29.030000686645508,29.030000686645508,29.020000457763672,29.020000457763672,1097,0.0,0.0,0.0
2022-10-21 13:30:00-04:00,29.08009910583496,29.08009910583496,29.069900512695312,29.069900512695312,570,0.0,0.0,0.0
2022-10-21 15:30:00-04:00,29.139999389648438,29.139999389648438,29.11840057373047,29.11840057373047,204,0.0,0.0,0.0
2022-10-24 09:30:00-04:00,29.154199600219727,29.154199600219727,29.030000686645508,29.030000686645508,0,0.0,0.0,0.0
2022-10-24 10:30:00-04:00,29.0,29.079999923706055,29.0,29.079999923706055,200,0.0,0.0,0.0
2022-10-24 11:30:00-04:00,29.1299991607666,29.20599937438965,29.1299991607666,29.20599937438965,426,0.0,0.0,0.0
2022-10-24 14:30:00-04:00,29.134000778198242,29.229000091552734,29.1299991607666,29.202999114990234,7252,0.0,0.0,0.0
2022-10-25 11:30:00-04:00,29.709999084472656,29.719999313354492,29.709999084472656,29.719999313354492,477,0.0,0.0,0.0
2022-10-25 12:30:00-04:00,29.6299991607666,29.6299991607666,29.58009910583496,29.610000610351562,5575,0.0,0.0,0.0
2022-10-25 13:30:00-04:00,29.6200008392334,29.65999984741211,29.6200008392334,29.65999984741211,8275,0.0,0.0,0.0
2022-10-25 15:30:00-04:00,29.701000213623047,29.706199645996094,29.700000762939453,29.706199645996094,3877,0.0,0.0,0.0
2022-10-26 11:30:00-04:00,30.06999969482422,30.09469985961914,30.06999969482422,30.09469985961914,1631,0.0,0.0,0.0
2022-10-26 12:30:00-04:00,30.039899826049805,30.039899826049805,30.039899826049805,30.039899826049805,157,0.0,0.0,0.0
2022-10-26 13:30:00-04:00,29.899999618530273,29.93000030517578,29.885000228881836,29.93000030517578,2157,0.0,0.0,0.0
2022-10-26 14:30:00-04:00,29.81999969482422,29.81999969482422,29.81999969482422,29.81999969482422,158,0.0,0.0,0.0
2022-10-26 15:30:00-04:00,29.81999969482422,29.830900192260742,29.815000534057617,29.830900192260742,0,0.0,0.0,0.0
2022-10-27 11:30:00-04:00,29.979999542236328,29.979999542236328,29.964000701904297,29.964000701904297,580,0.0,0.0,0.0
2022-10-27 13:30:00-04:00,30.010000228881836,30.010000228881836,30.0,30.0,1023,0.0,0.0,0.0
2022-10-27 14:30:00-04:00,29.959999084472656,29.965900421142578,29.790000915527344,29.829999923706055,37179,0.0,0.0,0.0
2022-10-27 15:30:00-04:00,29.84000015258789,29.866899490356445,29.82110023498535,29.82110023498535,14146,0.0,0.0,0.0
2022-10-28 10:30:00-04:00,29.940000534057617,29.989999771118164,29.940000534057617,29.989999771118164,447,0.0,0.0,0.0
2022-10-28 11:30:00-04:00,30.06999969482422,30.100000381469727,30.06999969482422,30.100000381469727,335,0.0,0.0,0.0
2022-10-28 12:30:00-04:00,30.15999984741211,30.15999984741211,30.143999099731445,30.143999099731445,3491,0.0,0.0,0.0
2022-10-28 13:30:00-04:00,30.125,30.1299991607666,30.125,30.1299991607666,690,0.0,0.0,0.0
2022-10-28 14:30:00-04:00,30.136999130249023,30.232900619506836,30.1200008392334,30.232900619506836,257253,0.0,0.0,0.0
2022-10-31 09:30:00-04:00,30.15399932861328,30.15399932861328,30.15399932861328,30.15399932861328,0,0.0,0.0,0.0
2022-10-31 10:30:00-04:00,30.149999618530273,30.200000762939453,30.149999618530273,30.200000762939453,1005,0.0,0.0,0.0
2022-10-31 12:30:00-04:00,30.257200241088867,30.257200241088867,30.200000762939453,30.200000762939453,587,0.0,0.0,0.0
2022-10-31 14:30:00-04:00,30.290000915527344,30.307199478149414,30.290000915527344,30.307199478149414,429,0.0,0.0,0.0
2022-10-31 15:30:00-04:00,30.290000915527344,30.290000915527344,30.285600662231445,30.285600662231445,1400,0.0,0.0,0.0
2022-11-01 09:30:00-04:00,30.399999618530273,30.399999618530273,30.35099983215332,30.35099983215332,0,0.0,0.0,0.0
2022-11-01 10:30:00-04:00,30.308300018310547,30.308300018310547,30.308300018310547,30.308300018310547,764,0.0,0.0,0.0
2022-11-01 11:30:00-04:00,30.280000686645508,30.31999969482422,30.280000686645508,30.31999969482422,321,0.0,0.0,0.0
2022-11-01 13:30:00-04:00,30.360000610351562,30.360000610351562,30.350000381469727,30.350000381469727,400,0.0,0.0,0.0
2022-11-01 14:30:00-04:00,30.34000015258789,30.34000015258789,30.34000015258789,30.34000015258789,114,0.0,0.0,0.0
2022-11-01 15:30:00-04:00,30.280000686645508,30.280000686645508,30.280000686645508,30.280000686645508,953,0.0,0.0,0.0
2022-11-02 14:30:00-04:00,30.239999771118164,30.239999771118164,29.804100036621094,29.804100036621094,0,0.0,0.0,0.0
2022-11-03 10:30:00-04:00,29.670000076293945,29.670000076293945,29.66010093688965,29.66010093688965,697,0.0,0.0,0.0
2022-11-03 11:30:00-04:00,29.700000762939453,29.700000762939453,29.700000762939453,29.700000762939453,184,0.0,0.0,0.0
2022-11-03 12:30:00-04:00,29.73110008239746,29.73110008239746,29.73110008239746,29.73110008239746,600,0.0,0.0,0.0
2022-11-03 14:30:00-04:00,29.70050048828125,29.719999313354492,29.70050048828125,29.719999313354492,1751,0.0,0.0,0.0
2022-11-03 15:30:00-04:00,29.711000442504883,29.711000442504883,29.67930030822754,29.68000030517578,1288,0.0,0.0,0.0
2022-11-04 09:30:00-04:00,29.993600845336914,29.993600845336914,29.993600845336914,29.993600845336914,0,0.0,0.0,0.0
2022-11-04 10:30:00-04:00,29.920000076293945,29.920000076293945,29.920000076293945,29.920000076293945,400,0.0,0.0,0.0
2022-11-04 11:30:00-04:00,29.790000915527344,29.790000915527344,29.6299991607666,29.68000030517578,400,0.0,0.0,0.0
2022-11-04 12:30:00-04:00,29.570100784301758,29.635000228881836,29.570100784301758,29.635000228881836,4613,0.0,0.0,0.0
2022-11-04 13:30:00-04:00,29.6299991607666,29.6299991607666,29.6299991607666,29.6299991607666,344,0.0,0.0,0.0
2022-11-04 15:30:00-04:00,29.770000457763672,29.860000610351562,29.770000457763672,29.860000610351562,1602,0.0,0.0,0.0
2022-11-07 11:30:00-05:00,29.94099998474121,29.94099998474121,29.895000457763672,29.895000457763672,200,0.0,0.0,0.0
2022-11-07 12:30:00-05:00,29.90999984741211,29.90999984741211,29.90999984741211,29.90999984741211,100,0.0,0.0,0.0
2022-11-07 13:30:00-05:00,29.9064998626709,29.9064998626709,29.9064998626709,29.9064998626709,1340,0.0,0.0,0.0
2022-11-07 14:30:00-05:00,30.055500030517578,30.059999465942383,30.020000457763672,30.023399353027344,1114,0.0,0.0,0.0
2022-11-08 09:30:00-05:00,30.052000045776367,30.052000045776367,30.052000045776367,30.052000045776367,0,0.0,0.0,0.0
2022-11-08 10:30:00-05:00,30.15999984741211,30.15999984741211,30.15999984741211,30.15999984741211,115,0.0,0.0,0.0
2022-11-08 11:30:00-05:00,30.18000030517578,30.239999771118164,30.1200008392334,30.149999618530273,255267,0.0,0.0,0.0
2022-11-08 13:30:00-05:00,29.969999313354492,30.0,29.969999313354492,29.969999313354492,3945,0.0,0.0,0.0
2022-11-08 14:30:00-05:00,29.84000015258789,29.950000762939453,29.84000015258789,29.950000762939453,6351,0.0,0.0,0.0
2022-11-08 15:30:00-05:00,29.989999771118164,30.020000457763672,29.989999771118164,30.012699127197266,1069,0.0,0.0,0.0
2022-11-09 11:30:00-05:00,29.815000534057617,29.815000534057617,29.815000534057617,29.815000534057617,0,0.0,0.0,0.0
2022-11-09 12:30:00-05:00,29.795000076293945,29.799999237060547,29.509000778198242,29.509000778198242,1300,0.0,0.0,0.0
2022-11-10 09:30:00-05:00,30.436800003051758,30.454999923706055,30.436800003051758,30.454999923706055,0,0.0,0.0,0.0
2022-11-10 12:30:00-05:00,30.3799991607666,30.420000076293945,30.3799991607666,30.420000076293945,4008,0.0,0.0,0.0
2022-11-10 15:30:00-05:00,30.530000686645508,30.584999084472656,30.530000686645508,30.540000915527344,2477,0.0,0.0,0.0
2022-11-11 10:30:00-05:00,30.75,30.75,30.75,30.75,0,0.0,0.0,0.0
2022-11-11 11:30:00-05:00,30.670000076293945,30.75320053100586,30.670000076293945,30.7450008392334,3435,0.0,0.0,0.0
2022-11-11 13:30:00-05:00,30.709999084472656,30.709999084472656,30.709999084472656,30.709999084472656,233,0.0,0.0,0.0
2022-11-11 15:30:00-05:00,30.780000686645508,30.780000686645508,30.762300491333008,30.762300491333008,224,0.0,0.0,0.0
2022-11-14 09:30:00-05:00,30.59000015258789,30.59000015258789,30.59000015258789,30.59000015258789,0,0.0,0.0,0.0
2022-11-14 10:30:00-05:00,30.780000686645508,30.790000915527344,30.780000686645508,30.780000686645508,442,0.0,0.0,0.0
2022-11-14 12:30:00-05:00,30.72100067138672,30.72100067138672,30.645299911499023,30.645299911499023,1622,0.0,0.0,0.0
2022-11-15 09:30:00-05:00,30.959999084472656,30.959999084472656,30.959999084472656,30.959999084472656,0,0.0,0.0,0.0
2022-11-15 10:30:00-05:00,30.871000289916992,30.871000289916992,30.871000289916992,30.871000289916992,100,0.0,0.0,0.0
2022-11-15 14:30:00-05:00,30.8799991607666,30.8799991607666,30.809999465942383,30.850000381469727,638,0.0,0.0,0.0
2022-11-15 15:30:00-05:00,30.809999465942383,30.809999465942383,30.809999465942383,30.809999465942383,312,0.0,0.0,0.0
2022-11-16 09:30:00-05:00,30.621000289916992,30.628999710083008,30.6200008392334,30.628999710083008,3765,0.0,0.0,0.0
2022-11-16 11:30:00-05:00,30.639999389648438,30.639999389648438,30.63010025024414,30.63010025024414,793,0.0,0.0,0.0
2022-11-16 13:30:00-05:00,30.655000686645508,30.655000686645508,30.625,30.625,398,0.0,0.0,0.0
2022-11-16 14:30:00-05:00,30.56100082397461,30.56100082397461,30.56100082397461,30.56100082397461,356,0.0,0.0,0.0
2022-11-16 15:30:00-05:00,30.602100372314453,30.605300903320312,30.602100372314453,30.605300903320312,300,0.0,0.0,0.0
2022-11-17 09:30:00-05:00,30.420000076293945,30.420000076293945,30.420000076293945,30.420000076293945,39425,0.0,0.0,0.0
2022-11-17 10:30:00-05:00,30.291000366210938,30.291000366210938,30.291000366210938,30.291000366210938,190,0.0,0.0,0.0
2022-11-17 11:30:00-05:00,30.354999542236328,30.448200225830078,30.354999542236328,30.448200225830078,194,0.0,0.0,0.0
2022-11-18 09:30:00-05:00,30.614999771118164,30.614999771118164,30.610000610351562,30.61009979248047,0,0.0,0.0,0.0
2022-11-18 11:30:00-05:00,30.583999633789062,30.584999084472656,30.549999237060547,30.584999084472656,2170,0.0,0.0,0.0
2022-11-18 12:30:00-05:00,30.520000457763672,30.559999465942383,30.520000457763672,30.559999465942383,300,0.0,0.0,0.0
2022-11-18 13:30:00-05:00,30.530000686645508,30.530000686645508,30.520000457763672,30.530000686645508,1100,0.0,0.0,0.0
2022-11-18 14:30:00-05:00,30.510000228881836,30.559999465942383,30.510000228881836,30.540000915527344,1252,0.0,0.0,0.0
2022-11-18 15:30:00-05:00,30.559999465942383,30.559999465942383,30.549999237060547,30.549999237060547,200,0.0,0.0,0.0
2022-11-21 15:30:00-05:00,30.559999465942383,30.559999465942383,30.520000457763672,30.520000457763672,1400,0.0,0.0,0.0
2022-11-22 09:30:00-05:00,30.649999618530273,30.649999618530273,30.649999618530273,30.649999618530273,0,0.0,0.0,0.0
2022-11-22 10:30:00-05:00,30.638399124145508,30.700000762939453,30.638399124145508,30.700000762939453,2440,0.0,0.0,0.0
2022-11-22 15:30:00-05:00,30.750999450683594,30.760000228881836,30.690000534057617,30.75,51667,0.0,0.0,0.0
2022-11-23 10:30:00-05:00,30.8799991607666,30.8799991607666,30.850000381469727,30.850000381469727,0,0.0,0.0,0.0
2022-11-23 12:30:00-05:00,30.700000762939453,30.700000762939453,30.700000762939453,30.700000762939453,112,0.0,0.0,0.0
2022-11-23 13:30:00-05:00,30.799999237060547,30.849300384521484,30.799999237060547,30.849300384521484,136,0.0,0.0,0.0
2022-11-25 09:30:00-05:00,30.93000030517578,30.93000030517578,30.91830062866211,30.91830062866211,0,0.0,0.0,0.0
2022-11-28 11:30:00-05:00,30.709999084472656,30.739999771118164,30.709999084472656,30.739999771118164,1046,0.0,0.0,0.0
2022-11-28 13:30:00-05:00,30.607200622558594,30.6299991607666,30.607200622558594,30.6299991607666,332,0.0,0.0,0.0
2022-11-28 15:30:00-05:00,30.545000076293945,30.57110023498535,30.545000076293945,30.57110023498535,144,0.0,0.0,0.0
2022-11-29 10:30:00-05:00,30.71500015258789,30.71500015258789,30.610000610351562,30.610000610351562,797,0.0,0.0,0.0
2022-11-29 12:30:00-05:00,30.690000534057617,30.690000534057617,30.648000717163086,30.648000717163086,1522,0.0,0.0,0.0
2022-11-29 13:30:00-05:00,30.622400283813477,30.622400283813477,30.622400283813477,30.622400283813477,166,0.0,0.0,0.0
2022-11-29 14:30:00-05:00,30.590999603271484,30.590999603271484,30.590999603271484,30.590999603271484,209,0.0,0.0,0.0
2022-11-29 15:30:00-05:00,30.66010093688965,30.67099952697754,30.66010093688965,30.67099952697754,225,0.0,0.0,0.0
2022-11-30 11:30:00-05:00,30.479999542236328,30.479999542236328,30.479999542236328,30.479999542236328,0,0.0,0.0,0.0
2022-11-30 12:30:00-05:00,30.479999542236328,30.579999923706055,30.479999542236328,30.579999923706055,310,0.0,0.0,0.0
2022-11-30 13:30:00-05:00,30.704999923706055,30.739999771118164,30.704999923706055,30.739999771118164,1451,0.0,0.0,0.0
2022-11-30 15:30:00-05:00,30.989999771118164,31.085399627685547,30.989999771118164,31.085399627685547,2504,0.0,0.0,0.0
2022-12-01 09:30:00-05:00,32.599998474121094,32.599998474121094,31.18000030517578,31.18000030517578,1632,0.0,0.0,0.0
2022-12-01 10:30:00-05:00,31.08300018310547,31.100000381469727,31.08300018310547,31.100000381469727,593,0.0,0.0,0.0
2022-12-01 12:30:00-05:00,31.094999313354492,31.094999313354492,31.094999313354492,31.094999313354492,261,0.0,0.0,0.0
2022-12-01 13:30:00-05:00,31.050100326538086,31.050100326538086,31.050100326538086,31.050100326538086,568,0.0,0.0,0.0
2022-12-01 15:30:00-05:00,31.1200008392334,31.1200008392334,31.102100372314453,31.102100372314453,200,0.0,0.0,0.0
2022-12-02 09:30:00-05:00,31.079999923706055,31.079999923706055,31.079999923706055,31.079999923706055,0,0.0,0.0,0.0
2022-12-02 10:30:00-05:00,31.100000381469727,31.141399383544922,31.100000381469727,31.141399383544922,600,0.0,0.0,0.0
2022-12-02 11:30:00-05:00,31.190000534057617,31.219999313354492,31.190000534057617,31.219999313354492,3773,0.0,0.0,0.0
2022-12-02 13:30:00-05:00,31.149999618530273,31.149999618530273,31.149999618530273,31.149999618530273,447,0.0,0.0,0.0
2022-12-02 14:30:00-05:00,31.190000534057617,31.230100631713867,31.190000534057617,31.230100631713867,245,0.0,0.0,0.0
2022-12-02 15:30:00-05:00,31.260000228881836,31.260000228881836,31.224599838256836,31.224599838256836,160,0.0,0.0,0.0
2022-12-05 09:30:00-05:00,31.100000381469727,31.100000381469727,31.010000228881836,31.010000228881836,0,0.0,0.0,0.0
2022-12-05 11:30:00-05:00,30.860000610351562,30.920000076293945,30.854999542236328,30.920000076293945,1321,0.0,0.0,0.0
2022-12-05 12:30:00-05:00,30.889999389648438,30.899999618530273,30.8799991607666,30.899999618530273,9734,0.0,0.0,0.0
2022-12-05 13:30:00-05:00,30.729999542236328,30.75,30.729999542236328,30.75,1949,0.0,0.0,0.0
2022-12-05 15:30:00-05:00,30.750999450683594,30.750999450683594,30.729999542236328,30.75,2466,0.0,0.0,0.0
2022-12-06 09:30:00-05:00,30.700000762939453,30.700000762939453,30.700000762939453,30.700000762939453,0,0.0,0.0,0.0
2022-12-06 11:30:00-05:00,30.6200008392334,30.6200008392334,30.489999771118164,30.489999771118164,4968,0.0,0.0,0.0
2022-12-06 12:30:00-05:00,30.510000228881836,30.549999237060547,30.410999298095703,30.410999298095703,1602,0.0,0.0,0.0
2022-12-06 14:30:00-05:00,30.399999618530273,30.41990089416504,30.399999618530273,30.41990089416504,249425,0.0,0.0,0.0
2022-12-06 15:30:00-05:00,30.471399307250977,30.471399307250977,30.471399307250977,30.471399307250977,0,0.0,0.0,0.0
2022-12-07 09:30:00-05:00,30.540000915527344,30.540000915527344,30.540000915527344,30.540000915527344,153,0.0,0.0,0.0
2022-12-07 10:30:00-05:00,30.459999084472656,30.459999084472656,30.459999084472656,30.459999084472656,444,0.0,0.0,0.0
2022-12-07 11:30:00-05:00,30.469999313354492,30.510000228881836,30.469999313354492,30.510000228881836,493,0.0,0.0,0.0
2022-12-07 12:30:00-05:00,30.530000686645508,30.540000915527344,30.530000686645508,30.540000915527344,1257,0.0,0.0,0.0
2022-12-07 13:30:00-05:00,30.539899826049805,30.539899826049805,30.450000762939453,30.450000762939453,3694,0.0,0.0,0.0
2022-12-07 14:30:00-05:00,30.476900100708008,30.476900100708008,30.463499069213867,30.463499069213867,1470,0.0,0.0,0.0
2022-12-07 15:30:00-05:00,30.418699264526367,30.41939926147461,30.389999389648438,30.41939926147461,1247,0.0,0.0,0.0
2022-12-08 09:30:00-05:00,30.479999542236328,30.6299991607666,30.479999542236328,30.6299991607666,0,0.0,0.0,0.0
2022-12-08 11:30:00-05:00,30.610000610351562,30.610000610351562,30.610000610351562,30.610000610351562,200,0.0,0.0,0.0
2022-12-08 12:30:00-05:00,30.63719940185547,30.63719940185547,30.63719940185547,30.63719940185547,229,0.0,0.0,0.0
2022-12-08 13:30:00-05:00,30.510000228881836,30.510000228881836,30.510000228881836,30.510000228881836,110,0.0,0.0,0.0
2022-12-08 14:30:00-05:00,30.579999923706055,30.579999923706055,30.469999313354492,30.469999313354492,600,0.0,0.0,0.0
2022-12-08 15:30:00-05:00,30.520000457763672,30.540000915527344,30.520000457763672,30.540000915527344,497,0.0,0.0,0.0
2022-12-09 09:30:00-05:00,30.520000457763672,30.520000457763672,30.520000457763672,30.520000457763672,0,0.0,0.0,0.0
2022-12-09 10:30:00-05:00,30.485000610351562,30.540199279785156,30.485000610351562,30.540199279785156,604,0.0,0.0,0.0
2022-12-09 11:30:00-05:00,30.520000457763672,30.520000457763672,30.520000457763672,30.520000457763672,100,0.0,0.0,0.0
2022-12-09 12:30:00-05:00,30.520000457763672,30.540000915527344,30.520000457763672,30.540000915527344,400,0.0,0.0,0.0
2022-12-09 13:30:00-05:00,30.434999465942383,30.44099998474121,30.434999465942383,30.44099998474121,438,0.0,0.0,0.0
2022-12-09 14:30:00-05:00,30.420000076293945,30.420000076293945,30.420000076293945,30.420000076293945,11639,0.0,0.0,0.0
2022-12-09 15:30:00-05:00,30.290000915527344,30.299999237060547,30.290000915527344,30.290000915527344,1623,0.0,0.0,0.0
2022-12-12 10:30:00-05:00,30.47100067138672,30.47100067138672,30.450000762939453,30.450000762939453,10820,0.0,0.0,0.0
2022-12-12 11:30:00-05:00,30.5049991607666,30.5049991607666,30.5,30.5,500,0.0,0.0,0.0
2022-12-12 12:30:00-05:00,30.500999450683594,30.520000457763672,30.5,30.520000457763672,3382,0.0,0.0,0.0
2022-12-12 14:30:00-05:00,30.57990074157715,30.57990074157715,30.5398006439209,30.5398006439209,100,0.0,0.0,0.0
2022-12-13 09:30:00-05:00,31.15999984741211,31.239999771118164,31.0,31.0,0,0.0,0.0,0.0
2022-12-13 10:30:00-05:00,30.969999313354492,30.969999313354492,30.924999237060547,30.93000030517578,808,0.0,0.0,0.0
2022-12-13 11:30:00-05:00,30.783000946044922,30.783000946044922,30.69499969482422,30.69499969482422,1006,0.0,0.0,0.0
2022-12-13 12:30:00-05:00,30.670000076293945,30.809999465942383,30.670000076293945,30.760000228881836,988,0.0,0.0,0.0
2022-12-13 14:30:00-05:00,30.73780059814453,30.809999465942383,30.719999313354492,30.809999465942383,2305,0.0,0.0,0.0
2022-12-13 15:30:00-05:00,30.784000396728516,30.793899536132812,30.784000396728516,30.793899536132812,123,0.0,0.0,0.0
2022-12-14 10:30:00-05:00,30.93000030517578,30.93000030517578,30.93000030517578,30.93000030517578,0,0.0,0.0,0.0
2022-12-14 12:30:00-05:00,30.92340087890625,30.92340087890625,30.92340087890625,30.92340087890625,118,0.0,0.0,0.0
2022-12-14 13:30:00-05:00,30.8799991607666,30.91990089416504,30.65019989013672,30.729999542236328,9193,0.0,0.0,0.0
2022-12-14 15:30:00-05:00,30.690000534057617,30.690000534057617,30.68000030517578,30.68000030517578,1617,0.0,0.0,0.0
2022-12-15 11:30:00-05:00,30.059999465942383,30.155000686645508,30.059999465942383,30.155000686645508,666,0.0,0.0,0.0
2022-12-15 12:30:00-05:00,30.200000762939453,30.200000762939453,30.200000762939453,30.200000762939453,156,0.0,0.0,0.0
2022-12-15 13:30:00-05:00,30.010000228881836,30.04829978942871,30.010000228881836,30.04829978942871,599,0.0,0.0,0.0
2022-12-15 14:30:00-05:00,30.040000915527344,30.135000228881836,30.030000686645508,30.09000015258789,6085,0.0,0.0,0.0
2022-12-15 15:30:00-05:00,30.049999237060547,30.049999237060547,30.049999237060547,30.049999237060547,1440,0.0,0.0,0.0
2022-12-16 10:30:00-05:00,29.790000915527344,29.871000289916992,29.790000915527344,29.871000289916992,496,0.0,0.0,0.0
2022-12-16 11:30:00-05:00,29.770099639892578,29.825000762939453,29.759899139404297,29.759899139404297,3418,0.0,0.0,0.0
2022-12-16 12:30:00-05:00,29.759899139404297,29.760000228881836,29.673500061035156,29.726900100708008,4634,0.0,0.0,0.0
2022-12-16 13:30:00-05:00,29.719999313354492,29.729999542236328,29.719999313354492,29.729999542236328,1120,0.0,0.0,0.0
2022-12-16 14:30:00-05:00,29.75,29.850000381469727,29.75,29.850000381469727,1228,0.0,0.0,0.0
2022-12-16 15:30:00-05:00,29.962799072265625,29.962799072265625,29.962799072265625,29.962799072265625,330,0.0,0.0,0.0
2022-12-19 09:30:00-05:00,29.899999618530273,29.899999618530273,29.790000915527344,29.790000915527344,0,0.0,0.0,0.0
2022-12-19 10:30:00-05:00,29.739999771118164,29.75,29.739999771118164,29.75,300,0.0,0.0,0.0
2022-12-19 11:30:00-05:00,29.709999084472656,29.709999084472656,29.65999984741211,29.65999984741211,2218,0.0,0.0,0.0
2022-12-19 12:30:00-05:00,29.70989990234375,29.70989990234375,29.70989990234375,29.70989990234375,1009,0.0,0.0,0.0
2022-12-19 13:30:00-05:00,29.594999313354492,29.594999313354492,29.559999465942383,29.59000015258789,1670,0.0,0.0,0.0
2022-12-19 14:30:00-05:00,29.520000457763672,29.567899703979492,29.520000457763672,29.567899703979492,2200,0.0,0.0,0.0
2022-12-19 15:30:00-05:00,29.540000915527344,29.604299545288086,29.540000915527344,29.604299545288086,1163,0.0,0.0,0.0
2022-12-20 09:30:00-05:00,29.513200759887695,29.729999542236328,29.490400314331055,29.729999542236328,0,0.0,0.0,0.0
2022-12-20 10:30:00-05:00,29.780000686645508,29.780000686645508,29.780000686645508,29.780000686645508,102,0.0,0.0,0.0
2022-12-20 11:30:00-05:00,29.699899673461914,29.780000686645508,29.690000534057617,29.780000686645508,950,0.0,0.0,0.0
2022-12-20 12:30:00-05:00,29.75,29.75,29.735000610351562,29.75,1198,0.0,0.0,0.0
2022-12-20 13:30:00-05:00,29.75,29.75,29.75,29.75,613,0.0,0.0,0.0
2022-12-20 14:30:00-05:00,29.710100173950195,29.710100173950195,29.710100173950195,29.710100173950195,350,0.0,0.0,0.0
2022-12-20 15:30:00-05:00,29.731000900268555,29.731000900268555,29.690000534057617,29.690000534057617,935,0.0,0.0,0.0
2022-12-21 09:30:00-05:00,29.947900772094727,29.947900772094727,29.947900772094727,29.947900772094727,0,0.0,0.0,0.0
2022-12-21 10:30:00-05:00,30.100000381469727,30.200000762939453,30.100000381469727,30.200000762939453,439,0.0,0.0,0.0
2022-12-21 14:30:00-05:00,30.110000610351562,30.110000610351562,30.049999237060547,30.049999237060547,2398,0.0,0.0,0.0
2022-12-21 15:30:00-05:00,30.040000915527344,30.1299991607666,30.040000915527344,30.1299991607666,1681,0.0,0.0,0.0
2022-12-22 09:30:00-05:00,29.690000534057617,29.690000534057617,29.65999984741211,29.65999984741211,0,0.0,0.0,0.0
2022-12-22 11:30:00-05:00,29.61389923095703,29.61389923095703,29.61389923095703,29.61389923095703,524,0.0,0.0,0.0
2022-12-22 12:30:00-05:00,29.459999084472656,29.459999084472656,29.38800048828125,29.420000076293945,755,0.0,0.0,0.0
2022-12-22 14:30:00-05:00,29.690000534057617,29.795400619506836,29.690000534057617,29.795400619506836,200,0.0,0.0,0.0
2022-12-23 09:30:00-05:00,29.68000030517578,29.726999282836914,29.639999389648438,29.726999282836914,8653,0.0,0.0,0.0
2022-12-23 11:30:00-05:00,29.84000015258789,29.8799991607666,29.84000015258789,29.8799991607666,400,0.0,0.0,0.0
2022-12-23 12:30:00-05:00,29.84000015258789,29.84000015258789,29.809999465942383,29.81999969482422,8248,0.0,0.0,0.0
2022-12-23 13:30:00-05:00,29.809999465942383,29.81999969482422,29.809999465942383,29.81999969482422,800,0.0,0.0,0.0
2022-12-23 14:30:00-05:00,29.90999984741211,29.937000274658203,29.899999618530273,29.90999984741211,1465,0.0,0.0,0.0
2022-12-23 15:30:00-05:00,29.864999771118164,29.923500061035156,29.864999771118164,29.923500061035156,534,0.0,0.0,0.0
2022-12-27 09:30:00-05:00,30.030000686645508,30.030000686645508,29.729999542236328,29.739999771118164,0,0.0,0.0,0.0
2022-12-27 11:30:00-05:00,29.8799991607666,29.950000762939453,29.84000015258789,29.84000015258789,131538,0.0,0.0,0.0
2022-12-27 12:30:00-05:00,29.829999923706055,29.920000076293945,29.799999237060547,29.8799991607666,4313,0.0,0.0,0.0
2022-12-27 13:30:00-05:00,29.860000610351562,29.8700008392334,29.780000686645508,29.81999969482422,3989,0.0,0.0,0.0
2022-12-27 14:30:00-05:00,29.760000228881836,29.799999237060547,29.670000076293945,29.799999237060547,7388,0.0,0.0,0.0
2022-12-27 15:30:00-05:00,29.799999237060547,29.829999923706055,29.77680015563965,29.77680015563965,0,0.0,0.0,0.0
2022-12-28 09:30:00-05:00,29.700000762939453,29.729999542236328,29.670000076293945,29.670000076293945,7225,0.0,0.0,0.0
2022-12-28 10:30:00-05:00,29.58799934387207,29.61549949645996,29.58799934387207,29.61549949645996,1599,0.0,0.0,0.0
2022-12-28 11:30:00-05:00,29.514799118041992,29.514799118041992,29.483999252319336,29.489999771118164,8530,0.0,0.0,0.0
2022-12-28 12:30:00-05:00,29.459999084472656,29.549999237060547,29.450000762939453,29.549999237060547,2281,0.0,0.0,0.0
2022-12-28 13:30:00-05:00,29.52669906616211,29.539899826049805,29.4950008392334,29.539899826049805,921,0.0,0.0,0.0
2022-12-28 14:30:00-05:00,29.444799423217773,29.46500015258789,29.329999923706055,29.375,1655,0.0,0.0,0.0
2022-12-28 15:30:00-05:00,29.354000091552734,29.409900665283203,29.350000381469727,29.409900665283203,4159,0.0,0.0,0.0
2022-12-29 09:30:00-05:00,29.639999389648438,29.90999984741211,29.610000610351562,29.850000381469727,0,0.0,0.0,0.0
2022-12-29 10:30:00-05:00,29.885000228881836,29.885000228881836,29.8799991607666,29.8799991607666,867,0.0,0.0,0.0
2022-12-29 11:30:00-05:00,29.8799991607666,30.079999923706055,29.8799991607666,30.07990074157715,6527,0.0,0.0,0.0
2022-12-29 13:30:00-05:00,30.040000915527344,30.040000915527344,30.040000915527344,30.040000915527344,375,0.0,0.0,0.0
2022-12-29 14:30:00-05:00,30.052000045776367,30.059999465942383,29.959999084472656,29.959999084472656,5875,0.0,0.0,0.0
2022-12-29 15:30:00-05:00,29.989999771118164,29.989999771118164,29.969999313354492,29.969999313354492,676,0.0,0.0,0.0
2022-12-30 09:30:00-05:00,29.860000610351562,29.93000030517578,29.737499237060547,29.93000030517578,0,0.0,0.0,0.0
2022-12-30 10:30:00-05:00,29.950000762939453,29.950000762939453,29.8700008392334,29.8700008392334,42440,0.0,0.0,0.0
2022-12-30 11:30:00-05:00,29.8700008392334,29.895999908447266,29.85810089111328,29.860000610351562,7635,0.0,0.0,0.0
2022-12-30 12:30:00-05:00,29.88990020751953,29.939599990844727,29.772499084472656,29.772499084472656,12776,0.0,0.0,0.0
2022-12-30 13:30:00-05:00,29.79599952697754,29.8799991607666,29.770000457763672,29.82200050354004,17744,0.0,0.0,0.0
2022-12-30 14:30:00-05:00,29.84000015258789,29.893999099731445,29.739999771118164,29.889999389648438,65466,0.0,0.0,0.0
2022-12-30 15:30:00-05:00,29.905000686645508,30.049999237060547,29.81999969482422,29.90999984741211,139520,0.0,0.0,0.0
2023-01-03 09:30:00-05:00,30.1299991607666,30.139999389648438,29.799999237060547,29.799999237060547,0,0.0,0.0,0.0
2023-01-03 10:30:00-05:00,29.850000381469727,29.969999313354492,29.829999923706055,29.84000015258789,16668,0.0,0.0,0.0
2023-01-03 11:30:00-05:00,29.84000015258789,29.844999313354492,29.68000030517578,29.760000228881836,56378,0.0,0.0,0.0
2023-01-03 12:30:00-05:00,29.75,29.760000228881836,29.719999313354492,29.760000228881836,2937,0.0,0.0,0.0
2023-01-03 13:30:00-05:00,29.739999771118164,29.79990005493164,29.6200008392334,29.690000534057617,7935,0.0,0.0,0.0
2023-01-03 14:30:00-05:00,29.61009979248047,29.808000564575195,29.590099334716797,29.760000228881836,42963,0.0,0.0,0.0
2023-01-03 15:30:00-05:00,29.780000686645508,29.829999923706055,29.730100631713867,29.829099655151367,16176,0.0,0.0,0.0
2023-01-04 09:30:00-05:00,29.940000534057617,30.010000228881836,29.90999984741211,29.90999984741211,0,0.0,0.0,0.0
2023-01-04 10:30:00-05:00,29.950000762939453,30.0,29.938100814819336,29.959999084472656,6104,0.0,0.0,0.0
2023-01-04 11:30:00-05:00,30.079999923706055,30.09000015258789,30.017099380493164,30.017099380493164,3394,0.0,0.0,0.0
2023-01-04 12:30:00-05:00,30.06999969482422,30.100000381469727,30.024999618530273,30.049999237060547,42020,0.0,0.0,0.0
2023-01-04 13:30:00-05:00,30.067699432373047,30.100000381469727,29.989999771118164,30.040000915527344,12678,0.0,0.0,0.0
2023-01-04 14:30:00-05:00,29.951499938964844,30.059999465942383,29.938100814819336,30.0049991607666,4101,0.0,0.0,0.0
2023-01-04 15:30:00-05:00,29.979999542236328,30.09000015258789,29.870100021362305,29.990999221801758,14651,0.0,0.0,0.0
2023-01-05 09:30:00-05:00,29.969999313354492,29.969999313354492,29.729999542236328,29.848499298095703,0,0.0,0.0,0.0
2023-01-05 10:30:00-05:00,29.850000381469727,29.875,29.770000457763672,29.770000457763672,12555,0.0,0.0,0.0
2023-01-05 11:30:00-05:00,29.799999237060547,29.81999969482422,29.790000915527344,29.80500030517578,0,0.0,0.0,0.0
2023-01-05 12:30:00-05:00,29.819900512695312,29.819900512695312,29.786100387573242,29.786100387573242,547106,0.0,0.0,0.0
2023-01-05 13:30:00-05:00,29.885000228881836,29.899900436401367,29.81999969482422,29.829999923706055,3461,0.0,0.0,0.0
2023-01-05 14:30:00-05:00,29.895999908447266,29.920000076293945,29.78969955444336,29.78969955444336,9155,0.0,0.0,0.0
2023-01-05 15:30:00-05:00,29.81410026550293,29.860000610351562,29.790000915527344,29.850000381469727,11038,0.0,0.0,0.0
2023-01-06 09:30:00-05:00,30.079999923706055,30.079999923706055,29.883899688720703,29.979999542236328,0,0.0,0.0,0.0
2023-01-06 10:30:00-05:00,30.078100204467773,30.229000091552734,30.078100204467773,30.229000091552734,2135,0.0,0.0,0.0
2023-01-06 11:30:00-05:00,30.180099487304688,30.259000778198242,30.180099487304688,30.190000534057617,10050,0.0,0.0,0.0
2023-01-06 12:30:00-05:00,30.200000762939453,30.219999313354492,30.18000030517578,30.219999313354492,8391,0.0,0.0,0.0
2023-01-06 13:30:00-05:00,30.187299728393555,30.280000686645508,30.187299728393555,30.270000457763672,134513,0.0,0.0,0.0
2023-01-06 14:30:00-05:00,30.270000457763672,30.309999465942383,30.20009994506836,30.309900283813477,20834,0.0,0.0,0.0
2023-01-06 15:30:00-05:00,30.240100860595703,30.309999465942383,30.239999771118164,30.309999465942383,17162,0.0,0.0,0.0
2023-01-09 09:30:00-05:00,30.389999389648438,30.43000030517578,30.329999923706055,30.385000228881836,0,0.0,0.0,0.0
2023-01-09 10:30:00-05:00,30.43000030517578,30.489900588989258,30.40999984741211,30.479999542236328,4000,0.0,0.0,0.0
2023-01-09 11:30:00-05:00,30.479999542236328,30.489900588989258,30.420000076293945,30.43000030517578,6484,0.0,0.0,0.0
2023-01-09 12:30:00-05:00,30.479999542236328,30.479999542236328,30.3799991607666,30.450000762939453,8858,0.0,0.0,0.0
2023-01-09 13:30:00-05:00,30.40089988708496,30.40089988708496,30.329999923706055,30.399999618530273,9063,0.0,0.0,0.0
2023-01-09 14:30:00-05:00,30.40999984741211,30.40999984741211,30.270000457763672,30.33169937133789,18573,0.0,0.0,0.0
2023-01-09 15:30:00-05:00,30.34000015258789,30.34000015258789,30.280000686645508,30.329999923706055,2676,0.0,0.0,0.0
2023-01-10 09:30:00-05:00,30.32990074157715,30.34000015258789,30.280000686645508,30.34000015258789,0,0.0,0.0,0.0
2023-01-10 10:30:00-05:00,30.280000686645508,30.280000686645508,30.280000686645508,30.280000686645508,650,0.0,0.0,0.0
2023-01-10 11:30:00-05:00,30.389999389648438,30.389999389648438,30.350000381469727,30.350000381469727,6089,0.0,0.0,0.0
2023-01-10 12:30:00-05:00,30.459999084472656,30.469999313354492,30.40999984741211,30.40999984741211,4476,0.0,0.0,0.0
2023-01-10 13:30:00-05:00,30.469999313354492,30.5049991607666,30.469999313354492,30.479999542236328,4008,0.0,0.0,0.0
2023-01-10 14:30:00-05:00,30.5,30.530000686645508,30.450000762939453,30.489999771118164,23509,0.0,0.0,0.0
2023-01-10 15:30:00-05:00,30.520000457763672,30.543899536132812,30.5,30.543899536132812,3029,0.0,0.0,0.0
2023-01-11 09:30:00-05:00,30.679000854492188,30.709999084472656,30.6200008392334,30.709999084472656,0,0.0,0.0,0.0
2023-01-11 10:30:00-05:00,30.649999618530273,30.662500381469727,30.649999618530273,30.662500381469727,541,0.0,0.0,0.0
2023-01-11 11:30:00-05:00,30.65999984741211,30.70599937438965,30.6471004486084,30.660999298095703,1966,0.0,0.0,0.0
2023-01-11 12:30:00-05:00,30.678499221801758,30.690000534057617,30.649999618530273,30.690000534057617,3529,0.0,0.0,0.0
2023-01-11 13:30:00-05:00,30.709999084472656,30.709999084472656,30.709999084472656,30.709999084472656,523,0.0,0.0,0.0
2023-01-11 14:30:00-05:00,30.700000762939453,30.700000762939453,30.639999389648438,30.643999099731445,5486,0.0,0.0,0.0
2023-01-11 15:30:00-05:00,30.6825008392334,30.760000228881836,30.6825008392334,30.760000228881836,3111,0.0,0.0,0.0
2023-01-12 09:30:00-05:00,30.90999984741211,30.90999984741211,30.700000762939453,30.81999969482422,0,0.0,0.0,0.0
2023-01-12 10:30:00-05:00,30.809999465942383,30.8700008392334,30.790000915527344,30.8700008392334,16378,0.0,0.0,0.0
2023-01-12 11:30:00-05:00,30.899999618530273,30.93000030517578,30.8700008392334,30.899999618530273,3091,0.0,0.0,0.0
2023-01-12 12:30:00-05:00,30.989500045776367,31.014999389648438,30.940000534057617,30.979999542236328,8739,0.0,0.0,0.0
2023-01-12 13:30:00-05:00,30.969999313354492,30.969999313354492,30.969999313354492,30.969999313354492,485,0.0,0.0,0.0
2023-01-12 14:30:00-05:00,31.014999389648438,31.040000915527344,30.979999542236328,30.9950008392334,1172,0.0,0.0,0.0
2023-01-12 15:30:00-05:00,30.99169921875,31.06999969482422,30.99169921875,31.02790069580078,2323,0.0,0.0,0.0
2023-01-13 09:30:00-05:00,30.989999771118164,30.989999771118164,30.989999771118164,30.989999771118164,0,0.0,0.0,0.0
2023-01-13 10:30:00-05:00,31.075000762939453,31.125,31.075000762939453,31.084999084472656,1004,0.0,0.0,0.0
2023-01-13 11:30:00-05:00,31.020099639892578,31.110000610351562,31.020099639892578,31.110000610351562,546,0.0,0.0,0.0
2023-01-13 12:30:00-05:00,31.131999969482422,31.159000396728516,31.100000381469727,31.100000381469727,1151,0.0,0.0,0.0
2023-01-13 13:30:00-05:00,31.194000244140625,31.194000244140625,31.190000534057617,31.190000534057617,640,0.0,0.0,0.0
2023-01-13 14:30:00-05:00,31.139999389648438,31.139999389648438,31.139999389648438,31.139999389648438,109,0.0,0.0,0.0
2023-01-13 15:30:00-05:00,31.200000762939453,31.209999084472656,31.15999984741211,31.15999984741211,2113,0.0,0.0,0.0
2023-01-17 09:30:00-05:00,31.229999542236328,31.229999542236328,31.09000015258789,31.204999923706055,0,0.0,0.0,0.0
2023-01-17 10:30:00-05:00,31.190000534057617,31.209999084472656,31.092100143432617,31.092100143432617,16695,0.0,0.0,0.0
2023-01-17 11:30:00-05:00,31.06999969482422,31.170000076293945,31.06999969482422,31.100000381469727,8732,0.0,0.0,0.0
2023-01-17 12:30:00-05:00,31.15999984741211,31.16990089416504,31.1200008392334,31.1200008392334,1804,0.0,0.0,0.0
2023-01-17 14:30:00-05:00,31.139999389648438,31.189899444580078,31.139999389648438,31.151599884033203,3649,0.0,0.0,0.0
2023-01-17 15:30:00-05:00,31.15999984741211,31.200000762939453,31.149999618530273,31.149999618530273,5503,0.0,0.0,0.0
2023-01-18 09:30:00-05:00,31.280000686645508,31.350000381469727,31.280000686645508,31.324100494384766,0,0.0,0.0,0.0
2023-01-18 10:30:00-05:00,31.299999237060547,31.299999237060547,31.059999465942383,31.059999465942383,3414,0.0,0.0,0.0
2023-01-18 11:30:00-05:00,31.049999237060547,31.049999237060547,31.049999237060547,31.049999237060547,422,0.0,0.0,0.0
2023-01-18 12:30:00-05:00,31.030000686645508,31.030000686645508,30.93000030517578,30.937000274658203,2145,0.0,0.0,0.0
2023-01-18 13:30:00-05:00,31.049999237060547,31.06999969482422,30.961000442504883,30.961000442504883,107638,0.0,0.0,0.0
2023-01-18 14:30:00-05:00,31.0,31.009899139404297,31.0,31.0,1780,0.0,0.0,0.0
2023-01-18 15:30:00-05:00,30.959999084472656,30.969999313354492,30.93600082397461,30.959999084472656,6868,0.0,0.0,0.0
2023-01-19 09:30:00-05:00,30.719999313354492,30.719999313354492,30.719999313354492,30.719999313354492,0,0.0,0.0,0.0
2023-01-19 10:30:00-05:00,30.700000762939453,30.700000762939453,30.65999984741211,30.65999984741211,510,0.0,0.0,0.0
2023-01-19 11:30:00-05:00,30.624000549316406,30.739999771118164,30.6200008392334,30.739999771118164,939,0.0,0.0,0.0
2023-01-19 12:30:00-05:00,30.709999084472656,30.719999313354492,30.709999084472656,30.719999313354492,579,0.0,0.0,0.0
2023-01-19 13:30:00-05:00,30.809999465942383,30.81599998474121,30.795000076293945,30.795000076293945,1485,0.0,0.0,0.0
2023-01-19 14:30:00-05:00,30.860000610351562,30.860000610351562,30.850000381469727,30.850000381469727,771,0.0,0.0,0.0
2023-01-19 15:30:00-05:00,30.799999237060547,30.829999923706055,30.78499984741211,30.78499984741211,1000,0.0,0.0,0.0
2023-01-20 09:30:00-05:00,30.780000686645508,30.829999923706055,30.705699920654297,30.827999114990234,0,0.0,0.0,0.0
2023-01-20 10:30:00-05:00,30.84000015258789,30.950000762939453,30.84000015258789,30.950000762939453,1012,0.0,0.0,0.0
2023-01-20 11:30:00-05:00,30.899999618530273,30.899999618530273,30.899999618530273,30.899999618530273,651,0.0,0.0,0.0
2023-01-20 12:30:00-05:00,30.93899917602539,30.93899917602539,30.93899917602539,30.93899917602539,723,0.0,0.0,0.0
2023-01-20 13:30:00-05:00,30.940500259399414,31.0,30.931800842285156,31.0,2321,0.0,0.0,0.0
2023-01-20 14:30:00-05:00,31.010000228881836,31.065799713134766,30.979999542236328,31.065799713134766,1565,0.0,0.0,0.0
2023-01-23 09:30:00-05:00,31.111000061035156,31.179000854492188,31.111000061035156,31.15999984741211,0,0.0,0.0,0.0
2023-01-23 10:30:00-05:00,31.219999313354492,31.290000915527344,31.165000915527344,31.290000915527344,14366,0.0,0.0,0.0
2023-01-23 11:30:00-05:00,31.25,31.25,31.209999084472656,31.239999771118164,1611,0.0,0.0,0.0
2023-01-23 12:30:00-05:00,31.31999969482422,31.329999923706055,31.306499481201172,31.306499481201172,2110,0.0,0.0,0.0
2023-01-23 13:30:00-05:00,31.28499984741211,31.28499984741211,31.219999313354492,31.219999313354492,4747,0.0,0.0,0.0
2023-01-23 14:30:00-05:00,31.219999313354492,31.219999313354492,31.16010093688965,31.16010093688965,1195,0.0,0.0,0.0
2023-01-23 15:30:00-05:00,31.264999389648438,31.28569984436035,31.264999389648438,31.28569984436035,300,0.0,0.0,0.0
2023-01-24 09:30:00-05:00,31.219999313354492,31.219999313354492,31.209999084472656,31.209999084472656,0,0.0,0.0,0.0
2023-01-24 11:30:00-05:00,31.31999969482422,31.323999404907227,31.31999969482422,31.323999404907227,900,0.0,0.0,0.0
2023-01-24 12:30:00-05:00,31.309999465942383,31.309999465942383,31.250099182128906,31.250099182128906,1265,0.0,0.0,0.0
2023-01-24 13:30:00-05:00,31.290000915527344,31.31999969482422,31.270000457763672,31.270000457763672,4356,0.0,0.0,0.0
2023-01-24 14:30:00-05:00,31.319900512695312,31.385299682617188,31.319900512695312,31.3700008392334,3041,0.0,0.0,0.0
2023-01-24 15:30:00-05:00,31.302499771118164,31.302499771118164,31.302499771118164,31.302499771118164,0,0.0,0.0,0.0
2023-01-25 09:30:00-05:00,31.079999923706055,31.110000610351562,31.075000762939453,31.075000762939453,1330,0.0,0.0,0.0
2023-01-25 10:30:00-05:00,31.110000610351562,31.110000610351562,31.104999542236328,31.104999542236328,383,0.0,0.0,0.0
2023-01-25 11:30:00-05:00,31.198999404907227,31.23900032043457,31.15999984741211,31.200000762939453,1535,0.0,0.0,0.0
2023-01-25 12:30:00-05:00,31.235000610351562,31.260000228881836,31.200000762939453,31.200000762939453,1288,0.0,0.0,0.0
2023-01-25 13:30:00-05:00,31.235300064086914,31.290000915527344,31.229999542236328,31.229999542236328,1647,0.0,0.0,0.0
2023-01-25 14:30:00-05:00,31.29490089416504,31.360000610351562,31.29490089416504,31.360000610351562,512,0.0,0.0,0.0
2023-01-25 15:30:00-05:00,31.368999481201172,31.379899978637695,31.344999313354492,31.344999313354492,2525,0.0,0.0,0.0
2023-01-26 09:30:00-05:00,31.600000381469727,31.600000381469727,31.43000030517578,31.43000030517578,0,0.0,0.0,0.0
2023-01-26 10:30:00-05:00,31.350000381469727,31.350000381469727,31.350000381469727,31.350000381469727,476,0.0,0.0,0.0
2023-01-26 11:30:00-05:00,31.350000381469727,31.350000381469727,31.350000381469727,31.350000381469727,654,0.0,0.0,0.0
2023-01-26 12:30:00-05:00,31.362699508666992,31.362699508666992,31.350000381469727,31.350000381469727,1758,0.0,0.0,0.0
2023-01-26 14:30:00-05:00,31.415000915527344,31.45989990234375,31.389999389648438,31.399999618530273,8698,0.0,0.0,0.0
2023-01-26 15:30:00-05:00,31.43000030517578,31.530000686645508,31.43000030517578,31.530000686645508,6759,0.0,0.0,0.0
2023-01-27 09:30:00-05:00,31.579999923706055,31.579999923706055,31.530099868774414,31.530099868774414,0,0.0,0.0,0.0
2023-01-27 10:30:00-05:00,31.5,31.5,31.429500579833984,31.467500686645508,3123,0.0,0.0,0.0
2023-01-27 12:30:00-05:00,31.59000015258789,31.6299991607666,31.530000686645508,31.579999923706055,77472,0.0,0.0,0.0
2023-01-27 13:30:00-05:00,31.6299991607666,31.6299991607666,31.579999923706055,31.579999923706055,2259,0.0,0.0,0.0
2023-01-27 14:30:00-05:00,31.579999923706055,31.6299991607666,31.579999923706055,31.6299991607666,452,0.0,0.0,0.0
2023-01-27 15:30:00-05:00,31.61680030822754,31.6200008392334,31.61680030822754,31.6200008392334,900,0.0,0.0,0.0
2023-01-30 09:30:00-05:00,31.5,31.5,31.449800491333008,31.449800491333008,0,0.0,0.0,0.0
2023-01-30 11:30:00-05:00,31.5,31.5,31.440000534057617,31.469999313354492,3200,0.0,0.0,0.0
2023-01-30 12:30:00-05:00,31.468000411987305,31.472000122070312,31.440000534057617,31.459999084472656,2994,0.0,0.0,0.0
2023-01-30 13:30:00-05:00,31.485000610351562,31.485000610351562,31.450000762939453,31.450000762939453,3821,0.0,0.0,0.0
2023-01-30 14:30:00-05:00,31.43000030517578,31.43000030517578,31.3700008392334,31.3700008392334,1195,0.0,0.0,0.0
2023-01-30 15:30:00-05:00,31.420000076293945,31.440000534057617,31.39109992980957,31.39109992980957,2000,0.0,0.0,0.0
2023-01-31 09:30:00-05:00,31.510000228881836,31.579999923706055,31.469999313354492,31.579999923706055,0,0.0,0.0,0.0
2023-01-31 10:30:00-05:00,31.61989974975586,31.670000076293945,31.61989974975586,31.670000076293945,865,0.0,0.0,0.0
2023-01-31 11:30:00-05:00,31.600000381469727,31.68000030517578,31.600000381469727,31.68000030517578,1050,0.0,0.0,0.0
2023-01-31 12:30:00-05:00,31.690000534057617,31.690000534057617,31.615400314331055,31.615400314331055,742,0.0,0.0,0.0
2023-01-31 13:30:00-05:00,31.700000762939453,31.719999313354492,31.639999389648438,31.674999237060547,3773,0.0,0.0,0.0
2023-01-31 14:30:00-05:00,31.684999465942383,31.719999313354492,31.684999465942383,31.719999313354492,881,0.0,0.0,0.0
2023-01-31 15:30:00-05:00,31.739999771118164,31.739999771118164,31.65999984741211,31.71500015258789,2504,0.0,0.0,0.0
2023-02-01 09:30:00-05:00,31.77239990234375,31.77239990234375,31.700000762939453,31.71500015258789,0,0.0,0.0,0.0
2023-02-01 10:30:00-05:00,31.709999084472656,31.709999084472656,31.639999389648438,31.639999389648438,0,0.0,0.0,0.0
2023-02-01 11:30:00-05:00,31.670000076293945,31.670000076293945,31.670000076293945,31.670000076293945,4464,0.0,0.0,0.0
2023-02-01 12:30:00-05:00,31.63610076904297,31.827999114990234,31.6299991607666,31.75,262143,0.0,0.0,0.0
2023-02-01 13:30:00-05:00,31.760000228881836,31.899999618530273,31.725000381469727,31.799999237060547,226742,0.0,0.0,0.0
2023-02-01 14:30:00-05:00,31.78499984741211,32.09000015258789,31.708099365234375,32.0890007019043,53253,0.0,0.0,0.0
2023-02-01 15:30:00-05:00,32.07429885864258,32.19839859008789,32.07429885864258,32.13999938964844,4364,0.0,0.0,0.0
2023-02-02 09:30:00-05:00,32.119998931884766,32.19860076904297,32.119998931884766,32.189998626708984,0,0.0,0.0,0.0
2023-02-02 10:30:00-05:00,32.2400016784668,32.27000045776367,32.2400016784668,32.27000045776367,0,0.0,0.0,0.0
2023-02-02 11:30:00-05:00,32.2599983215332,32.279998779296875,32.22010040283203,32.27799987792969,38107,0.0,0.0,0.0
2023-02-02 12:30:00-05:00,32.230899810791016,32.290000915527344,32.230899810791016,32.290000915527344,2014,0.0,0.0,0.0
2023-02-02 13:30:00-05:00,32.310001373291016,32.310001373291016,32.18000030517578,32.20000076293945,6591,0.0,0.0,0.0
2023-02-02 14:30:00-05:00,32.11399841308594,32.130001068115234,32.05009841918945,32.130001068115234,7137,0.0,0.0,0.0
2023-02-02 15:30:00-05:00,32.150001525878906,32.21630096435547,32.130001068115234,32.21630096435547,2025,0.0,0.0,0.0
2023-02-03 09:30:00-05:00,32.16999816894531,32.16999816894531,32.16999816894531,32.16999816894531,0,0.0,0.0,0.0
2023-02-03 10:30:00-05:00,32.2599983215332,32.2599983215332,32.21009826660156,32.21009826660156,1918,0.0,0.0,0.0
2023-02-03 11:30:00-05:00,32.2598991394043,32.2598991394043,32.249900817871094,32.249900817871094,793,0.0,0.0,0.0
2023-02-03 12:30:00-05:00,32.244998931884766,32.244998931884766,32.165000915527344,32.165000915527344,385,0.0,0.0,0.0
2023-02-03 13:30:00-05:00,32.099998474121094,32.130001068115234,32.051998138427734,32.10390090942383,55995,0.0,0.0,0.0
2023-02-06 09:30:00-05:00,32.04999923706055,32.09000015258789,31.90999984741211,31.93000030517578,0,0.0,0.0,0.0
2023-02-06 11:30:00-05:00,31.950000762939453,31.950000762939453,31.93000030517578,31.950000762939453,47988,0.0,0.0,0.0
2023-02-06 12:30:00-05:00,31.969999313354492,31.969999313354492,31.885000228881836,31.885000228881836,1692,0.0,0.0,0.0
2023-02-06 13:30:00-05:00,31.850000381469727,31.929000854492188,31.850000381469727,31.929000854492188,0,0.0,0.0,0.0
2023-02-06 14:30:00-05:00,31.90999984741211,31.920000076293945,31.8799991607666,31.900100708007812,62308,0.0,0.0,0.0
2023-02-07 09:30:00-05:00,31.729999542236328,31.729999542236328,31.729999542236328,31.729999542236328,0,0.0,0.0,0.0
2023-02-07 10:30:00-05:00,31.7450008392334,31.780000686645508,31.7450008392334,31.780000686645508,313,0.0,0.0,0.0
2023-02-07 11:30:00-05:00,31.84000015258789,31.84000015258789,31.81599998474121,31.84000015258789,3103,0.0,0.0,0.0
2023-02-07 12:30:00-05:00,31.971099853515625,32.08000183105469,31.940000534057617,31.940000534057617,4930,0.0,0.0,0.0
2023-02-07 13:30:00-05:00,31.768299102783203,31.768299102783203,31.768299102783203,31.768299102783203,109,0.0,0.0,0.0
2023-02-07 14:30:00-05:00,31.979999542236328,32.04209899902344,31.930099487304688,32.04209899902344,1698,0.0,0.0,0.0
2023-02-08 09:30:00-05:00,32.029998779296875,32.029998779296875,31.94499969482422,31.959999084472656,0,0.0,0.0,0.0
2023-02-08 10:30:00-05:00,31.940000534057617,31.969999313354492,31.83009910583496,31.850000381469727,4088,0.0,0.0,0.0
2023-02-08 11:30:00-05:00,31.829999923706055,31.860000610351562,31.829999923706055,31.860000610351562,1909,0.0,0.0,0.0
2023-02-08 12:30:00-05:00,31.8799991607666,31.905000686645508,31.850000381469727,31.905000686645508,1506,0.0,0.0,0.0
2023-02-08 13:30:00-05:00,31.8700008392334,31.8700008392334,31.84000015258789,31.84000015258789,5762,0.0,0.0,0.0
2023-02-08 14:30:00-05:00,31.829999923706055,31.84000015258789,31.799999237060547,31.809999465942383,1977,0.0,0.0,0.0
2023-02-08 15:30:00-05:00,31.81999969482422,31.850000381469727,31.80500030517578,31.825000762939453,925,0.0,0.0,0.0
2023-02-09 09:30:00-05:00,31.8799991607666,31.920000076293945,31.8799991607666,31.920000076293945,0,0.0,0.0,0.0
2023-02-09 10:30:00-05:00,31.780000686645508,31.780000686645508,31.780000686645508,31.780000686645508,998,0.0,0.0,0.0
2023-02-09 11:30:00-05:00,31.7549991607666,31.799999237060547,31.719999313354492,31.719999313354492,3354,0.0,0.0,0.0
2023-02-09 12:30:00-05:00,31.729999542236328,31.729999542236328,31.68000030517578,31.68000030517578,1019,0.0,0.0,0.0
2023-02-09 13:30:00-05:00,31.65999984741211,31.65999984741211,31.65999984741211,31.65999984741211,1000,0.0,0.0,0.0
2023-02-09 14:30:00-05:00,31.59000015258789,31.639999389648438,31.59000015258789,31.639999389648438,21163,0.0,0.0,0.0
2023-02-09 15:30:00-05:00,31.56999969482422,31.610000610351562,31.56999969482422,31.610000610351562,974,0.0,0.0,0.0
2023-02-10 09:30:00-05:00,31.450000762939453,31.599599838256836,31.450000762939453,31.599599838256836,0,0.0,0.0,0.0
2023-02-10 10:30:00-05:00,31.506799697875977,31.506799697875977,31.506799697875977,31.506799697875977,959,0.0,0.0,0.0
2023-02-10 11:30:00-05:00,31.540000915527344,31.548999786376953,31.506500244140625,31.520000457763672,3148,0.0,0.0,0.0
2023-02-10 12:30:00-05:00,31.609899520874023,31.609899520874023,31.609899520874023,31.609899520874023,1731,0.0,0.0,0.0
2023-02-10 13:30:00-05:00,31.59000015258789,31.59000015258789,31.56999969482422,31.56999969482422,0,0.0,0.0,0.0
2023-02-10 14:30:00-05:00,31.6200008392334,31.6200008392334,31.56999969482422,31.600000381469727,13912,0.0,0.0,0.0
2023-02-10 15:30:00-05:00,31.600099563598633,31.625,31.600000381469727,31.600000381469727,2287,0.0,0.0,0.0
2023-02-13 09:30:00-05:00,31.6299991607666,31.670000076293945,31.6299991607666,31.658100128173828,0,0.0,0.0,0.0
2023-02-13 10:30:00-05:00,31.709999084472656,31.729999542236328,31.639999389648438,31.691499710083008,646874,0.0,0.0,0.0
2023-02-13 11:30:00-05:00,31.690000534057617,31.739999771118164,31.690000534057617,31.739999771118164,883,0.0,0.0,0.0
2023-02-13 12:30:00-05:00,31.785999298095703,31.790000915527344,31.785999298095703,31.790000915527344,1993,0.0,0.0,0.0
2023-02-13 13:30:00-05:00,31.770000457763672,31.799999237060547,31.760099411010742,31.799999237060547,2677,0.0,0.0,0.0
2023-02-13 14:30:00-05:00,31.72010040283203,31.770000457763672,31.719999313354492,31.770000457763672,4006,0.0,0.0,0.0
2023-02-13 15:30:00-05:00,31.739999771118164,31.770000457763672,31.739999771118164,31.75950050354004,5401,0.0,0.0,0.0
2023-02-14 09:30:00-05:00,31.709999084472656,31.8799991607666,31.709999084472656,31.799999237060547,0,0.0,0.0,0.0
2023-02-14 10:30:00-05:00,31.639999389648438,31.75,31.639999389648438,31.75,335,0.0,0.0,0.0
2023-02-14 11:30:00-05:00,31.6200008392334,31.63010025024414,31.6200008392334,31.63010025024414,1236,0.0,0.0,0.0
2023-02-14 12:30:00-05:00,31.78499984741211,31.790000915527344,31.780000686645508,31.790000915527344,7475,0.0,0.0,0.0
2023-02-14 13:30:00-05:00,31.78809928894043,31.78809928894043,31.78809928894043,31.78809928894043,395,0.0,0.0,0.0
2023-02-14 14:30:00-05:00,31.80500030517578,31.81999969482422,31.787700653076172,31.81999969482422,923,0.0,0.0,0.0
2023-02-14 15:30:00-05:00,31.84000015258789,31.84000015258789,31.806499481201172,31.81999969482422,8866,0.0,0.0,0.0
2023-02-15 09:30:00-05:00,31.75119972229004,31.7549991607666,31.75119972229004,31.7549991607666,0,0.0,0.0,0.0
2023-02-15 10:30:00-05:00,31.829999923706055,31.829999923706055,31.829999923706055,31.829999923706055,646,0.0,0.0,0.0
2023-02-15 11:30:00-05:00,31.820100784301758,31.820100784301758,31.820100784301758,31.820100784301758,2179,0.0,0.0,0.0
2023-02-15 12:30:00-05:00,31.799999237060547,31.840299606323242,31.799999237060547,31.840299606323242,764,0.0,0.0,0.0
2023-02-15 13:30:00-05:00,31.920000076293945,31.92690086364746,31.920000076293945,31.92690086364746,365,0.0,0.0,0.0
2023-02-15 14:30:00-05:00,31.959999084472656,31.969900131225586,31.94499969482422,31.94499969482422,1950,0.0,0.0,0.0
2023-02-15 15:30:00-05:00,31.989999771118164,31.989999771118164,31.949800491333008,31.949800491333008,101,0.0,0.0,0.0
2023-02-16 09:30:00-05:00,31.81999969482422,31.81999969482422,31.690000534057617,31.690000534057617,0,0.0,0.0,0.0
2023-02-16 11:30:00-05:00,31.899999618530273,31.950000762939453,31.850000381469727,31.950000762939453,5490,0.0,0.0,0.0
2023-02-16 13:30:00-05:00,31.90999984741211,31.9424991607666,31.90999984741211,31.9424991607666,740,0.0,0.0,0.0
2023-02-16 14:30:00-05:00,31.989999771118164,32.0099983215332,31.90999984741211,31.90999984741211,2073,0.0,0.0,0.0
2023-02-16 15:30:00-05:00,31.825199127197266,31.844999313354492,31.825199127197266,31.825199127197266,304,0.0,0.0,0.0
2023-02-17 09:30:00-05:00,31.700000762939453,31.700000762939453,31.700000762939453,31.700000762939453,0,0.0,0.0,0.0
2023-02-17 10:30:00-05:00,31.850000381469727,31.850000381469727,31.770000457763672,31.780000686645508,2849,0.0,0.0,0.0
2023-02-17 12:30:00-05:00,31.75,31.788999557495117,31.75,31.788999557495117,921,0.0,0.0,0.0
2023-02-17 13:30:00-05:00,31.760099411010742,31.760099411010742,31.760099411010742,31.760099411010742,185,0.0,0.0,0.0
2023-02-17 14:30:00-05:00,31.799999237060547,31.8799991607666,31.799999237060547,31.8799991607666,2283,0.0,0.0,0.0
2023-02-17 15:30:00-05:00,31.829999923706055,31.844999313354492,31.791000366210938,31.844999313354492,3960,0.0,0.0,0.0
2023-02-21 09:30:00-05:00,31.540000915527344,31.540000915527344,31.500099182128906,31.500099182128906,0,0.0,0.0,0.0
2023-02-21 10:30:00-05:00,31.510000228881836,31.510000228881836,31.429899215698242,31.429899215698242,370,0.0,0.0,0.0
2023-02-21 11:30:00-05:00,31.458799362182617,31.479900360107422,31.458200454711914,31.458200454711914,1166,0.0,0.0,0.0
2023-02-21 12:30:00-05:00,31.40999984741211,31.40999984741211,31.40999984741211,31.40999984741211,200,0.0,0.0,0.0
2023-02-21 13:30:00-05:00,31.389999389648438,31.399999618530273,31.389999389648438,31.399999618530273,1212,0.0,0.0,0.0
2023-02-21 14:30:00-05:00,31.40999984741211,31.449899673461914,31.34000015258789,31.360000610351562,15805,0.0,0.0,0.0
2023-02-21 15:30:00-05:00,31.449899673461914,31.449899673461914,31.367300033569336,31.389999389648438,2943,0.0,0.0,0.0
2023-02-22 09:30:00-05:00,31.360000610351562,31.360000610351562,31.360000610351562,31.360000610351562,0,0.0,0.0,0.0
2023-02-22 10:30:00-05:00,31.360000610351562,31.360000610351562,31.360000610351562,31.360000610351562,833,0.0,0.0,0.0
2023-02-22 11:30:00-05:00,31.381999969482422,31.381999969482422,31.381999969482422,31.381999969482422,282,0.0,0.0,0.0
2023-02-22 12:30:00-05:00,31.444900512695312,31.520000457763672,31.444900512695312,31.520000457763672,3075,0.0,0.0,0.0
2023-02-22 13:30:00-05:00,31.46500015258789,31.46500015258789,31.440000534057617,31.440000534057617,433,0.0,0.0,0.0
2023-02-22 14:30:00-05:00,31.385000228881836,31.385000228881836,31.385000228881836,31.385000228881836,155,0.0,0.0,0.0
2023-02-22 15:30:00-05:00,31.399999618530273,31.402999877929688,31.389999389648438,31.402999877929688,723,0.0,0.0,0.0
2023-02-23 10:30:00-05:00,31.5,31.5,31.424999237060547,31.469999313354492,3983,0.0,0.0,0.0
2023-02-23 11:30:00-05:00,31.360000610351562,31.360000610351562,31.360000610351562,31.360000610351562,2860,0.0,0.0,0.0
2023-02-23 12:30:00-05:00,31.354999542236328,31.404199600219727,31.354999542236328,31.404199600219727,646,0.0,0.0,0.0
2023-02-23 13:30:00-05:00,31.366899490356445,31.479999542236328,31.366899490356445,31.479999542236328,1124,0.0,0.0,0.0
2023-02-23 14:30:00-05:00,31.500099182128906,31.600000381469727,31.5,31.600000381469727,688,0.0,0.0,0.0
2023-02-23 15:30:00-05:00,31.600000381469727,31.600000381469727,31.567100524902344,31.59000015258789,2518,0.0,0.0,0.0
2023-02-24 09:30:00-05:00,31.420000076293945,31.420000076293945,31.290000915527344,31.290000915527344,0,0.0,0.0,0.0
2023-02-24 10:30:00-05:00,31.299999237060547,31.299999237060547,31.299999237060547,31.299999237060547,215,0.0,0.0,0.0
2023-02-24 11:30:00-05:00,31.369699478149414,31.399999618530273,31.319700241088867,31.340499877929688,1639,0.0,0.0,0.0
2023-02-24 12:30:00-05:00,31.365100860595703,31.365100860595703,31.280000686645508,31.31999969482422,11774,0.0,0.0,0.0
2023-02-24 13:30:00-05:00,31.319000244140625,31.3700008392334,31.319000244140625,31.3700008392334,1154,0.0,0.0,0.0
2023-02-24 14:30:00-05:00,31.399999618530273,31.429000854492188,31.399999618530273,31.405000686645508,1124,0.0,0.0,0.0
2023-02-24 15:30:00-05:00,31.399999618530273,31.399999618530273,31.37929916381836,31.37929916381836,216,0.0,0.0,0.0
2023-02-27 10:30:00-05:00,31.540000915527344,31.540000915527344,31.540000915527344,31.540000915527344,0,0.0,0.0,0.0
2023-02-27 11:30:00-05:00,31.5,31.5,31.5,31.5,641,0.0,0.0,0.0
2023-02-27 13:30:00-05:00,31.5,31.540000915527344,31.5,31.524999618530273,2595,0.0,0.0,0.0
2023-02-27 14:30:00-05:00,31.469999313354492,31.469999313354492,31.469999313354492,31.469999313354492,326,0.0,0.0,0.0
2023-02-27 15:30:00-05:00,31.469999313354492,31.482500076293945,31.420000076293945,31.482500076293945,1710,0.0,0.0,0.0
2023-02-28 09:30:00-05:00,31.549999237060547,31.549999237060547,31.549999237060547,31.549999237060547,0,0.0,0.0,0.0
2023-02-28 10:30:00-05:00,31.549999237060547,31.603500366210938,31.549999237060547,31.603500366210938,807,0.0,0.0,0.0
2023-02-28 11:30:00-05:00,31.599000930786133,31.599000930786133,31.550100326538086,31.550100326538086,1310,0.0,0.0,0.0
2023-02-28 12:30:00-05:00,31.5580997467041,31.6299991607666,31.5580997467041,31.6200008392334,731,0.0,0.0,0.0
2023-02-28 13:30:00-05:00,31.570100784301758,31.6299991607666,31.570100784301758,31.6299991607666,2918,0.0,0.0,0.0
2023-02-28 14:30:00-05:00,31.6200008392334,31.6299991607666,31.59000015258789,31.59000015258789,18344,0.0,0.0,0.0
2023-02-28 15:30:00-05:00,31.540000915527344,31.540000915527344,31.540000915527344,31.540000915527344,193,0.0,0.0,0.0
2023-03-01 09:30:00-05:00,31.540000915527344,31.540000915527344,31.360000610351562,31.40999984741211,0,0.0,0.0,0.0
2023-03-01 10:30:00-05:00,31.56999969482422,31.56999969482422,31.387500762939453,31.387500762939453,2877,0.0,0.0,0.0
2023-03-01 11:30:00-05:00,31.469999313354492,31.469999313354492,31.469999313354492,31.469999313354492,1388,0.0,0.0,0.0
2023-03-01 12:30:00-05:00,31.538999557495117,31.540000915527344,31.520000457763672,31.520000457763672,2130,0.0,0.0,0.0
2023-03-01 13:30:00-05:00,31.476499557495117,31.499900817871094,31.44499969482422,31.489999771118164,3207,0.0,0.0,0.0
2023-03-01 14:30:00-05:00,31.42530059814453,31.43000030517578,31.396499633789062,31.396499633789062,2231,0.0,0.0,0.0
2023-03-01 15:30:00-05:00,31.538999557495117,31.540000915527344,31.538999557495117,31.540000915527344,0,0.0,0.0,0.0
2023-03-02 09:30:00-05:00,31.399999618530273,31.399999618530273,31.329999923706055,31.395000457763672,1586,0.0,0.0,0.0
2023-03-02 11:30:00-05:00,31.405000686645508,31.420000076293945,31.38010025024414,31.420000076293945,5252,0.0,0.0,0.0
2023-03-02 12:30:00-05:00,31.41160011291504,31.420000076293945,31.399999618530273,31.420000076293945,671,0.0,0.0,0.0
2023-03-02 13:30:00-05:00,31.459999084472656,31.459999084472656,31.40999984741211,31.40999984741211,2591,0.0,0.0,0.0
2023-03-02 14:30:00-05:00,31.524999618530273,31.559999465942383,31.500099182128906,31.520000457763672,3489,0.0,0.0,0.0
2023-03-02 15:30:00-05:00,31.549999237060547,31.56369972229004,31.549999237060547,31.56369972229004,31164,0.0,0.0,0.0
2023-03-03 09:30:00-05:00,31.545000076293945,31.545000076293945,31.545000076293945,31.545000076293945,0,0.0,0.0,0.0
2023-03-03 10:30:00-05:00,31.65999984741211,31.65999984741211,31.65999984741211,31.65999984741211,163,0.0,0.0,0.0
2023-03-03 11:30:00-05:00,31.700000762939453,31.700000762939453,31.700000762939453,31.700000762939453,475,0.0,0.0,0.0
2023-03-03 12:30:00-05:00,31.75,31.75,31.75,31.75,432,0.0,0.0,0.0
2023-03-03 13:30:00-05:00,31.770000457763672,31.780000686645508,31.76810073852539,31.780000686645508,1403,0.0,0.0,0.0
2023-03-03 14:30:00-05:00,31.81999969482422,31.81999969482422,31.784299850463867,31.784299850463867,321,0.0,0.0,0.0
2023-03-06 09:30:00-05:00,31.712900161743164,31.735000610351562,31.712900161743164,31.735000610351562,0,0.0,0.0,0.0
2023-03-06 10:30:00-05:00,31.77989959716797,31.77989959716797,31.770000457763672,31.770000457763672,965,0.0,0.0,0.0
2023-03-06 11:30:00-05:00,31.68000030517578,31.719900131225586,31.68000030517578,31.719900131225586,3857,0.0,0.0,0.0
2023-03-06 13:30:00-05:00,31.600000381469727,31.610000610351562,31.548099517822266,31.559999465942383,2562,0.0,0.0,0.0
2023-03-06 14:30:00-05:00,31.540000915527344,31.540000915527344,31.540000915527344,31.540000915527344,5189,0.0,0.0,0.0
2023-03-06 15:30:00-05:00,31.540000915527344,31.608999252319336,31.520000457763672,31.608999252319336,5019,0.0,0.0,0.0
2023-03-07 09:30:00-05:00,31.649999618530273,31.649999618530273,31.5,31.53499984741211,0,0.0,0.0,0.0
2023-03-07 10:30:00-05:00,31.540000915527344,31.540000915527344,31.540000915527344,31.540000915527344,394,0.0,0.0,0.0
2023-03-07 11:30:00-05:00,31.469999313354492,31.520000457763672,31.469999313354492,31.519899368286133,45177,0.0,0.0,0.0
2023-03-07 12:30:00-05:00,31.489999771118164,31.489999771118164,31.450000762939453,31.489999771118164,6415,0.0,0.0,0.0
2023-03-07 13:30:00-05:00,31.4064998626709,31.40999984741211,31.332500457763672,31.3700008392334,4472,0.0,0.0,0.0
2023-03-07 14:30:00-05:00,31.350099563598633,31.3799991607666,31.350099563598633,31.3799991607666,1381,0.0,0.0,0.0
2023-03-07 15:30:00-05:00,31.40999984741211,31.40999984741211,31.40999984741211,31.40999984741211,881,0.0,0.0,0.0
2023-03-08 09:30:00-05:00,31.3700008392334,31.459999084472656,31.3700008392334,31.459999084472656,0,0.0,0.0,0.0
2023-03-08 10:30:00-05:00,31.42729949951172,31.459999084472656,31.42729949951172,31.459999084472656,2357,0.0,0.0,0.0
2023-03-08 11:30:00-05:00,31.399999618530273,31.399999618530273,31.344999313354492,31.3700008392334,3541,0.0,0.0,0.0
2023-03-08 12:30:00-05:00,31.360000610351562,31.360000610351562,31.309999465942383,31.309999465942383,1695,0.0,0.0,0.0
2023-03-08 13:30:00-05:00,31.270999908447266,31.290000915527344,31.270999908447266,31.290000915527344,2027,0.0,0.0,0.0
2023-03-08 14:30:00-05:00,31.280099868774414,31.295000076293945,31.280099868774414,31.295000076293945,1527,0.0,0.0,0.0
2023-03-08 15:30:00-05:00,31.3799991607666,31.43000030517578,31.349199295043945,31.360000610351562,10150,0.0,0.0,0.0
2023-03-09 09:30:00-05:00,31.31999969482422,31.360000610351562,31.31999969482422,31.360000610351562,0,0.0,0.0,0.0
2023-03-09 11:30:00-05:00,31.22279930114746,31.2549991607666,31.22279930114746,31.229999542236328,1915,0.0,0.0,0.0
2023-03-09 12:30:00-05:00,31.170000076293945,31.18000030517578,31.166400909423828,31.166400909423828,2377,0.0,0.0,0.0
2023-03-09 13:30:00-05:00,31.100000381469727,31.100000381469727,31.00749969482422,31.00749969482422,2578,0.0,0.0,0.0
2023-03-09 14:30:00-05:00,31.100000381469727,31.100000381469727,30.940000534057617,30.940000534057617,2428,0.0,0.0,0.0
2023-03-09 15:30:00-05:00,30.959999084472656,30.969999313354492,30.899999618530273,30.899999618530273,3391,0.0,0.0,0.0
2023-03-10 09:30:00-05:00,30.610000610351562,30.65999984741211,30.498600006103516,30.65999984741211,0,0.0,0.0,0.0
2023-03-10 10:30:00-05:00,30.56999969482422,30.739999771118164,30.559999465942383,30.739999771118164,2362,0.0,0.0,0.0
2023-03-10 11:30:00-05:00,30.56999969482422,30.56999969482422,30.56999969482422,30.56999969482422,238,0.0,0.0,0.0
2023-03-10 12:30:00-05:00,30.450000762939453,30.450000762939453,30.230100631713867,30.230100631713867,5077,0.0,0.0,0.0
2023-03-10 13:30:00-05:00,30.17799949645996,30.34000015258789,30.17799949645996,30.31999969482422,4461,0.0,0.0,0.0
2023-03-10 14:30:00-05:00,30.290000915527344,30.40999984741211,30.290000915527344,30.360000610351562,12527,0.0,0.0,0.0
2023-03-10 15:30:00-05:00,30.270000457763672,30.274999618530273,30.209999084472656,30.209999084472656,10490,0.0,0.0,0.0
2023-03-13 09:30:00-04:00,30.110000610351562,30.155000686645508,30.100000381469727,30.100000381469727,0,0.0,0.0,0.0
2023-03-13 10:30:00-04:00,30.030099868774414,30.329999923706055,30.030000686645508,30.329999923706055,1697,0.0,0.0,0.0
2023-03-13 11:30:00-04:00,30.3700008392334,30.3700008392334,30.3700008392334,30.3700008392334,137,0.0,0.0,0.0
2023-03-13 13:30:00-04:00,30.230100631713867,30.309999465942383,30.230100631713867,30.239999771118164,4173,0.0,0.0,0.0
2023-03-13 14:30:00-04:00,30.299999237060547,30.299999237060547,30.149999618530273,30.149999618530273,16463,0.0,0.0,0.0
2023-03-13 15:30:00-04:00,30.18000030517578,30.290000915527344,30.13360023498535,30.13360023498535,3424,0.0,0.0,0.0
2023-03-14 09:30:00-04:00,30.639999389648438,30.690000534057617,30.593299865722656,30.593299865722656,0,0.0,0.0,0.0
2023-03-14 10:30:00-04:00,30.709999084472656,30.709999084472656,30.66990089416504,30.66990089416504,1710,0.0,0.0,0.0
2023-03-14 11:30:00-04:00,30.728099822998047,30.728099822998047,30.690000534057617,30.700000762939453,12566,0.0,0.0,0.0
2023-03-14 12:30:00-04:00,30.573999404907227,30.592899322509766,30.440000534057617,30.459999084472656,7146,0.0,0.0,0.0
2023-03-14 13:30:00-04:00,30.434999465942383,30.434999465942383,30.33009910583496,30.33009910583496,2109,0.0,0.0,0.0
2023-03-14 14:30:00-04:00,30.34000015258789,30.34000015258789,30.260000228881836,30.271900177001953,1406,0.0,0.0,0.0
2023-03-14 15:30:00-04:00,30.3799991607666,30.420000076293945,30.3799991607666,30.399999618530273,6176,0.0,0.0,0.0
2023-03-15 09:30:00-04:00,30.059999465942383,30.06999969482422,30.059999465942383,30.06999969482422,0,0.0,0.0,0.0
2023-03-15 10:30:00-04:00,30.040000915527344,30.040000915527344,29.981599807739258,29.981599807739258,1502,0.0,0.0,0.0
2023-03-15 11:30:00-04:00,30.059999465942383,30.069900512695312,29.938499450683594,29.969999313354492,1750,0.0,0.0,0.0
2023-03-15 12:30:00-04:00,29.825000762939453,29.920000076293945,29.825000762939453,29.91990089416504,7534,0.0,0.0,0.0
2023-03-15 13:30:00-04:00,29.969999313354492,29.989999771118164,29.90019989013672,29.98900032043457,45784,0.0,0.0,0.0
2023-03-15 14:30:00-04:00,30.149999618530273,30.149999618530273,30.059999465942383,30.06999969482422,4535,0.0,0.0,0.0
2023-03-15 15:30:00-04:00,30.100000381469727,30.149900436401367,30.08449935913086,30.149900436401367,4981,0.0,0.0,0.0
2023-03-16 09:30:00-04:00,29.920000076293945,29.920000076293945,29.8700008392334,29.8700008392334,0,0.0,0.0,0.0
2023-03-16 10:30:00-04:00,30.174999237060547,30.309999465942383,30.174999237060547,30.309999465942383,1011,0.0,0.0,0.0
2023-03-16 11:30:00-04:00,30.299999237060547,30.299999237060547,30.270000457763672,30.299999237060547,1000,0.0,0.0,0.0
2023-03-16 12:30:00-04:00,30.290000915527344,30.5,30.290000915527344,30.5,1494,0.0,0.0,0.0
2023-03-16 13:30:00-04:00,30.420000076293945,30.420000076293945,30.329999923706055,30.395999908447266,1138,0.0,0.0,0.0
2023-03-16 14:30:00-04:00,30.363000869750977,30.459999084472656,30.311800003051758,30.43869972229004,14292,0.0,0.0,0.0
2023-03-16 15:30:00-04:00,30.41010093688965,30.41010093688965,30.388700485229492,30.388700485229492,1504,0.0,0.0,0.0
2023-03-17 09:30:00-04:00,30.229999542236328,30.229999542236328,30.049999237060547,30.049999237060547,0,0.0,0.0,0.0
2023-03-17 10:30:00-04:00,29.930099487304688,30.0,29.930099487304688,30.0,600,0.0,0.0,0.0
2023-03-17 11:30:00-04:00,29.922000885009766,30.049999237060547,29.910900115966797,30.049999237060547,2155,0.0,0.0,0.0
2023-03-17 13:30:00-04:00,30.03809928894043,30.06999969482422,29.960100173950195,30.04599952697754,2843,0.0,0.0,0.0
2023-03-17 14:30:00-04:00,29.959999084472656,29.959999084472656,29.91010093688965,29.95009994506836,5090,0.0,0.0,0.0
2023-03-17 15:30:00-04:00,29.979999542236328,29.979999542236328,29.90999984741211,29.969999313354492,23730,0.0,0.0,0.0
2023-03-20 09:30:00-04:00,30.215700149536133,30.239999771118164,30.148500442504883,30.239999771118164,0,0.0,0.0,0.0
2023-03-20 10:30:00-04:00,30.25,30.309999465942383,30.25,30.309999465942383,1455,0.0,0.0,0.0
2023-03-20 11:30:00-04:00,30.25,30.25,30.170000076293945,30.170000076293945,115694,0.0,0.0,0.0
2023-03-20 12:30:00-04:00,30.100200653076172,30.290000915527344,30.100200653076172,30.280000686645508,1780,0.0,0.0,0.0
2023-03-20 13:30:00-04:00,30.15880012512207,30.209999084472656,30.117000579833984,30.117000579833984,1629,0.0,0.0,0.0
2023-03-20 14:30:00-04:00,30.1299991607666,30.1299991607666,30.1299991607666,30.1299991607666,128,0.0,0.0,0.0
2023-03-20 15:30:00-04:00,30.134000778198242,30.142200469970703,30.120100021362305,30.142200469970703,330,0.0,0.0,0.0
2023-03-21 09:30:00-04:00,30.610000610351562,30.610000610351562,30.56999969482422,30.56999969482422,0,0.0,0.0,0.0
2023-03-21 10:30:00-04:00,30.485000610351562,30.549999237060547,30.485000610351562,30.549999237060547,637,0.0,0.0,0.0
2023-03-21 11:30:00-04:00,30.489999771118164,30.489999771118164,30.469999313354492,30.479000091552734,0,0.0,0.0,0.0
2023-03-21 13:30:00-04:00,30.5,30.5,30.427099227905273,30.427099227905273,7296,0.0,0.0,0.0
2023-03-21 14:30:00-04:00,30.459999084472656,30.489999771118164,30.454999923706055,30.475000381469727,2047,0.0,0.0,0.0
2023-03-21 15:30:00-04:00,30.5,30.559999465942383,30.477800369262695,30.477800369262695,2386,0.0,0.0,0.0
2023-03-22 09:30:00-04:00,30.420000076293945,30.420000076293945,30.420000076293945,30.420000076293945,0,0.0,0.0,0.0
2023-03-22 11:30:00-04:00,30.350099563598633,30.3700008392334,30.329999923706055,30.329999923706055,3138,0.0,0.0,0.0
2023-03-22 12:30:00-04:00,30.364999771118164,30.40999984741211,30.329999923706055,30.3700008392334,5821,0.0,0.0,0.0
2023-03-22 13:30:00-04:00,30.3799991607666,30.510000228881836,30.351299285888672,30.459999084472656,4679,0.0,0.0,0.0
2023-03-22 14:30:00-04:00,30.459999084472656,30.549999237060547,30.239999771118164,30.40999984741211,5072,0.0,0.0,0.0
2023-03-22 15:30:00-04:00,30.329999923706055,30.329999923706055,30.010000228881836,30.010000228881836,0,0.0,0.0,0.0
2023-03-23 10:30:00-04:00,30.280000686645508,30.350000381469727,30.280000686645508,30.280000686645508,3409,0.0,0.0,0.0
2023-03-23 11:30:00-04:00,30.229999542236328,30.229999542236328,30.219900131225586,30.219900131225586,737,0.0,0.0,0.0
2023-03-23 13:30:00-04:00,29.959999084472656,29.959999084472656,29.889999389648438,29.889999389648438,7952,0.0,0.0,0.0
2023-03-23 14:30:00-04:00,29.850000381469727,29.860000610351562,29.799999237060547,29.799999237060547,632,0.0,0.0,0.0
2023-03-23 15:30:00-04:00,29.93000030517578,29.950000762939453,29.920000076293945,29.920000076293945,3396,0.0,0.0,0.0
2023-03-24 09:30:00-04:00,29.639999389648438,29.739999771118164,29.639999389648438,29.739999771118164,0,0.0,0.0,0.0
2023-03-24 10:30:00-04:00,29.809999465942383,29.809999465942383,29.65999984741211,29.739999771118164,1384,0.0,0.0,0.0
2023-03-24 11:30:00-04:00,29.90999984741211,29.979999542236328,29.889999389648438,29.979999542236328,29867,0.0,0.0,0.0
2023-03-24 12:30:00-04:00,29.899999618530273,29.899999618530273,29.899999618530273,29.899999618530273,1103,0.0,0.0,0.0
2023-03-24 13:30:00-04:00,29.90999984741211,29.989999771118164,29.89900016784668,29.989999771118164,4744,0.0,0.0,0.0
2023-03-24 14:30:00-04:00,30.0,30.020000457763672,29.940099716186523,29.940099716186523,848,0.0,0.0,0.0
2023-03-24 15:30:00-04:00,30.059999465942383,30.07900047302246,30.01449966430664,30.01449966430664,10795,0.0,0.0,0.0
2023-03-27 09:30:00-04:00,30.200000762939453,30.200000762939453,30.200000762939453,30.200000762939453,0,0.0,0.0,0.0
2023-03-27 10:30:00-04:00,30.15690040588379,30.2189998626709,30.149999618530273,30.149999618530273,2493,0.0,0.0,0.0
2023-03-27 11:30:00-04:00,30.170000076293945,30.190000534057617,30.1299991607666,30.190000534057617,4258,0.0,0.0,0.0
2023-03-27 12:30:00-04:00,30.184099197387695,30.260000228881836,30.184099197387695,30.260000228881836,3216,0.0,0.0,0.0
2023-03-27 13:30:00-04:00,30.30500030517578,30.309999465942383,30.260099411010742,30.295000076293945,7171,0.0,0.0,0.0
2023-03-27 14:30:00-04:00,30.325000762939453,30.389999389648438,30.325000762939453,30.389999389648438,3336,0.0,0.0,0.0
2023-03-27 15:30:00-04:00,30.365999221801758,30.3700008392334,30.26930046081543,30.26930046081543,5460,0.0,0.0,0.0
2023-03-28 09:30:00-04:00,30.260000228881836,30.329999923706055,30.259899139404297,30.30500030517578,0,0.0,0.0,0.0
2023-03-28 10:30:00-04:00,30.31999969482422,30.31999969482422,30.256099700927734,30.28499984741211,1098,0.0,0.0,0.0
2023-03-28 11:30:00-04:00,30.269699096679688,30.269699096679688,30.269699096679688,30.269699096679688,690,0.0,0.0,0.0
2023-03-28 12:30:00-04:00,30.2450008392334,30.2450008392334,30.2450008392334,30.2450008392334,350,0.0,0.0,0.0
2023-03-28 13:30:00-04:00,30.209999084472656,30.209999084472656,30.146400451660156,30.18000030517578,1822,0.0,0.0,0.0
2023-03-28 14:30:00-04:00,30.210100173950195,30.260000228881836,30.210100173950195,30.260000228881836,2625,0.0,0.0,0.0
2023-03-28 15:30:00-04:00,30.18000030517578,30.270000457763672,30.170000076293945,30.242399215698242,10385,0.0,0.0,0.0
2023-03-29 09:30:00-04:00,30.396699905395508,30.43000030517578,30.3799991607666,30.43000030517578,0,0.0,0.0,0.0
2023-03-29 11:30:00-04:00,30.361000061035156,30.399999618530273,30.340700149536133,30.340700149536133,1399,0.0,0.0,0.0
2023-03-29 12:30:00-04:00,30.364999771118164,30.40999984741211,30.33009910583496,30.40999984741211,3358,0.0,0.0,0.0
2023-03-29 13:30:00-04:00,30.320100784301758,30.399999618530273,30.320100784301758,30.399999618530273,300,0.0,0.0,0.0
2023-03-29 14:30:00-04:00,30.43000030517578,30.43000030517578,30.420000076293945,30.420000076293945,2588,0.0,0.0,0.0
2023-03-29 15:30:00-04:00,30.415000915527344,30.441200256347656,30.415000915527344,30.441200256347656,570,0.0,0.0,0.0
2023-03-30 09:30:00-04:00,30.690000534057617,30.690000534057617,30.47100067138672,30.572599411010742,0,0.0,0.0,0.0
2023-03-30 11:30:00-04:00,30.489999771118164,30.489999771118164,30.43000030517578,30.43000030517578,21374,0.0,0.0,0.0
2023-03-30 12:30:00-04:00,30.385000228881836,30.385000228881836,30.385000228881836,30.385000228881836,273,0.0,0.0,0.0
2023-03-30 13:30:00-04:00,30.399999618530273,30.440000534057617,30.329999923706055,30.389999389648438,3968,0.0,0.0,0.0
2023-03-30 14:30:00-04:00,30.450000762939453,30.450000762939453,30.385000228881836,30.385000228881836,6058,0.0,0.0,0.0
2023-03-30 15:30:00-04:00,30.3799991607666,30.479999542236328,30.3799991607666,30.422700881958008,500,0.0,0.0,0.0
2023-03-31 09:30:00-04:00,30.577299118041992,30.577299118041992,30.56999969482422,30.570100784301758,0,0.0,0.0,0.0
2023-03-31 10:30:00-04:00,30.68000030517578,30.729999542236328,30.649999618530273,30.729999542236328,4155,0.0,0.0,0.0
2023-03-31 11:30:00-04:00,30.74370002746582,30.74370002746582,30.74370002746582,30.74370002746582,507,0.0,0.0,0.0
2023-03-31 12:30:00-04:00,30.690000534057617,30.690000534057617,30.690000534057617,30.690000534057617,616,0.0,0.0,0.0
2023-03-31 13:30:00-04:00,30.665000915527344,30.665000915527344,30.665000915527344,30.665000915527344,592,0.0,0.0,0.0
2023-03-31 14:30:00-04:00,30.700000762939453,30.708999633789062,30.651599884033203,30.651599884033203,1437,0.0,0.0,0.0
2023-03-31 15:30:00-04:00,30.700000762939453,30.790000915527344,30.639999389648438,30.729999542236328,2130,0.0,0.0,0.0
2023-04-03 09:30:00-04:00,30.81999969482422,30.8799991607666,30.81999969482422,30.8799991607666,0,0.0,0.0,0.0
2023-04-03 10:30:00-04:00,30.5398006439209,30.5398006439209,30.5398006439209,30.5398006439209,672,0.0,0.0,0.0
2023-04-03 11:30:00-04:00,30.6200008392334,30.700000762939453,30.6200008392334,30.639999389648438,1097,0.0,0.0,0.0
2023-04-03 12:30:00-04:00,30.7283992767334,30.7283992767334,30.65999984741211,30.65999984741211,1674,0.0,0.0,0.0
2023-04-03 13:30:00-04:00,30.61009979248047,30.655000686645508,30.61009979248047,30.655000686645508,649,0.0,0.0,0.0
2023-04-03 14:30:00-04:00,30.670000076293945,30.77899932861328,30.670000076293945,30.729999542236328,9269,0.0,0.0,0.0
2023-04-03 15:30:00-04:00,30.729999542236328,30.799999237060547,30.729999542236328,30.76799964904785,0,0.0,0.0,0.0
2023-04-04 10:30:00-04:00,30.43000030517578,30.520000457763672,30.329999923706055,30.381000518798828,1004,0.0,0.0,0.0
2023-04-04 11:30:00-04:00,30.40999984741211,30.40999984741211,30.309999465942383,30.309999465942383,4981,0.0,0.0,0.0
2023-04-04 12:30:00-04:00,30.3700008392334,30.3700008392334,30.3700008392334,30.3700008392334,108,0.0,0.0,0.0
2023-04-04 13:30:00-04:00,30.415000915527344,30.415000915527344,30.34000015258789,30.34000015258789,2357,0.0,0.0,0.0
2023-04-04 14:30:00-04:00,30.344999313354492,30.347000122070312,30.309999465942383,30.347000122070312,676,0.0,0.0,0.0
2023-04-04 15:30:00-04:00,30.34320068359375,30.454299926757812,30.299999237060547,30.454299926757812,2013,0.0,0.0,0.0
2023-04-05 09:30:00-04:00,30.270000457763672,30.270000457763672,30.270000457763672,30.270000457763672,0,0.0,0.0,0.0
2023-04-05 10:30:00-04:00,30.209999084472656,30.229999542236328,30.190000534057617,30.209999084472656,1506,0.0,0.0,0.0
2023-04-05 11:30:00-04:00,30.209999084472656,30.258499145507812,30.170000076293945,30.200000762939453,2046,0.0,0.0,0.0
2023-04-05 12:30:00-04:00,30.184999465942383,30.219999313354492,30.170000076293945,30.219999313354492,1284,0.0,0.0,0.0
2023-04-05 13:30:00-04:00,30.239999771118164,30.239999771118164,30.149999618530273,30.219999313354492,4177,0.0,0.0,0.0
2023-04-05 14:30:00-04:00,30.219999313354492,30.239999771118164,30.18000030517578,30.239999771118164,5238,0.0,0.0,0.0
2023-04-05 15:30:00-04:00,30.295000076293945,30.299999237060547,30.25,30.290000915527344,2941,0.0,0.0,0.0
2023-04-06 09:30:00-04:00,30.17009925842285,30.203399658203125,30.17009925842285,30.203399658203125,0,0.0,0.0,0.0
2023-04-06 10:30:00-04:00,30.209999084472656,30.239999771118164,30.190000534057617,30.239999771118164,1639,0.0,0.0,0.0
2023-04-06 12:30:00-04:00,30.299999237060547,30.350000381469727,30.260099411010742,30.350000381469727,2607,0.0,0.0,0.0
2023-04-06 13:30:00-04:00,30.334999084472656,30.3700008392334,30.280000686645508,30.34000015258789,4814,0.0,0.0,0.0
2023-04-06 14:30:00-04:00,30.350000381469727,30.3700008392334,30.270000457763672,30.270000457763672,3372,0.0,0.0,0.0
2023-04-06 15:30:00-04:00,30.329999923706055,30.329999923706055,30.31999969482422,30.31999969482422,2266,0.0,0.0,0.0
2023-04-10 09:30:00-04:00,30.1200008392334,30.409000396728516,30.1200008392334,30.399999618530273,0,0.0,0.0,0.0
2023-04-10 10:30:00-04:00,30.3799991607666,30.3799991607666,30.3799991607666,30.3799991607666,469,0.0,0.0,0.0
2023-04-10 11:30:00-04:00,30.395999908447266,30.395999908447266,30.30500030517578,30.30500030517578,0,0.0,0.0,0.0
2023-04-10 12:30:00-04:00,30.360000610351562,30.424999237060547,30.360000610351562,30.424999237060547,5765,0.0,0.0,0.0
2023-04-10 13:30:00-04:00,30.424999237060547,30.424999237060547,30.38010025024414,30.380199432373047,1171,0.0,0.0,0.0
2023-04-10 14:30:00-04:00,30.433900833129883,30.440200805664062,30.433900833129883,30.440200805664062,1822,0.0,0.0,0.0
2023-04-10 15:30:00-04:00,30.46500015258789,30.540000915527344,30.46500015258789,30.490400314331055,736,0.0,0.0,0.0
2023-04-11 09:30:00-04:00,30.6299991607666,30.649999618530273,30.578500747680664,30.649999618530273,0,0.0,0.0,0.0
2023-04-11 10:30:00-04:00,30.610000610351562,30.610000610351562,30.610000610351562,30.610000610351562,540,0.0,0.0,0.0
2023-04-11 11:30:00-04:00,30.584999084472656,30.670000076293945,30.584999084472656,30.670000076293945,613,0.0,0.0,0.0
2023-04-11 12:30:00-04:00,30.653099060058594,30.653099060058594,30.653099060058594,30.653099060058594,602,0.0,0.0,0.0
2023-04-11 13:30:00-04:00,30.700000762939453,30.729999542236328,30.670000076293945,30.729999542236328,1127,0.0,0.0,0.0
2023-04-11 14:30:00-04:00,30.67530059814453,30.67530059814453,30.67530059814453,30.67530059814453,1245,0.0,0.0,0.0
2023-04-11 15:30:00-04:00,30.68000030517578,30.68000030517578,30.6299991607666,30.65999984741211,1392,0.0,0.0,0.0
2023-04-12 09:30:00-04:00,30.729999542236328,30.760000228881836,30.700000762939453,30.760000228881836,0,0.0,0.0,0.0
2023-04-12 10:30:00-04:00,30.68000030517578,30.68000030517578,30.57349967956543,30.57349967956543,1842,0.0,0.0,0.0
2023-04-12 11:30:00-04:00,30.638999938964844,30.638999938964844,30.638999938964844,30.638999938964844,159,0.0,0.0,0.0
2023-04-12 12:30:00-04:00,30.660999298095703,30.660999298095703,30.660999298095703,30.660999298095703,309,0.0,0.0,0.0
2023-04-12 13:30:00-04:00,30.655000686645508,30.655000686645508,30.649999618530273,30.649999618530273,344,0.0,0.0,0.0
2023-04-12 14:30:00-04:00,30.565000534057617,30.610000610351562,30.53499984741211,30.53499984741211,14596,0.0,0.0,0.0
2023-04-12 15:30:00-04:00,30.549999237060547,30.559999465942383,30.520599365234375,30.520599365234375,806,0.0,0.0,0.0
2023-04-13 09:30:00-04:00,30.530000686645508,30.530000686645508,30.530000686645508,30.530000686645508,0,0.0,0.0,0.0
2023-04-13 10:30:00-04:00,30.68600082397461,30.690000534057617,30.639999389648438,30.690000534057617,1359,0.0,0.0,0.0
2023-04-13 11:30:00-04:00,30.664499282836914,30.760000228881836,30.6200008392334,30.760000228881836,2172,0.0,0.0,0.0
2023-04-13 12:30:00-04:00,30.735000610351562,30.735000610351562,30.72249984741211,30.730100631713867,1276,0.0,0.0,0.0
2023-04-13 13:30:00-04:00,30.78499984741211,30.78499984741211,30.78499984741211,30.78499984741211,604,0.0,0.0,0.0
2023-04-13 14:30:00-04:00,30.79400062561035,30.829999923706055,30.740100860595703,30.82990074157715,2658,0.0,0.0,0.0
2023-04-13 15:30:00-04:00,30.795000076293945,30.795000076293945,30.770299911499023,30.770299911499023,144,0.0,0.0,0.0
2023-04-14 09:30:00-04:00,30.790700912475586,30.791000366210938,30.75,30.75,0,0.0,0.0,0.0
2023-04-14 10:30:00-04:00,30.645700454711914,30.645700454711914,30.645700454711914,30.645700454711914,526,0.0,0.0,0.0
2023-04-14 11:30:00-04:00,30.540000915527344,30.540000915527344,30.540000915527344,30.540000915527344,600,0.0,0.0,0.0
2023-04-14 12:30:00-04:00,30.569900512695312,30.579999923706055,30.520000457763672,30.562999725341797,1011,0.0,0.0,0.0
2023-04-14 13:30:00-04:00,30.5,30.549999237060547,30.5,30.549999237060547,1348,0.0,0.0,0.0
2023-04-14 14:30:00-04:00,30.524799346923828,30.598100662231445,30.521299362182617,30.598100662231445,3028,0.0,0.0,0.0
2023-04-17 09:30:00-04:00,30.68910026550293,30.7450008392334,30.68910026550293,30.7450008392334,0,0.0,0.0,0.0
2023-04-17 10:30:00-04:00,30.719999313354492,30.729999542236328,30.719999313354492,30.729999542236328,261,0.0,0.0,0.0
2023-04-17 11:30:00-04:00,30.739999771118164,30.75,30.709999084472656,30.75,2073,0.0,0.0,0.0
2023-04-17 12:30:00-04:00,30.739900588989258,30.75,30.712400436401367,30.75,1641,0.0,0.0,0.0
2023-04-17 13:30:00-04:00,30.690000534057617,30.690000534057617,30.690000534057617,30.690000534057617,100,0.0,0.0,0.0
2023-04-17 14:30:00-04:00,30.709999084472656,30.8799991607666,30.709999084472656,30.8799991607666,18121,0.0,0.0,0.0
2023-04-17 15:30:00-04:00,30.856000900268555,30.889999389648438,30.802099227905273,30.889999389648438,11748,0.0,0.0,0.0
2023-04-18 09:30:00-04:00,30.895000457763672,30.895000457763672,30.895000457763672,30.895000457763672,0,0.0,0.0,0.0
2023-04-18 10:30:00-04:00,30.799999237060547,30.799999237060547,30.729999542236328,30.729999542236328,3140,0.0,0.0,0.0
2023-04-18 11:30:00-04:00,30.725000381469727,30.760000228881836,30.694000244140625,30.698400497436523,1477,0.0,0.0,0.0
2023-04-18 12:30:00-04:00,30.724000930786133,30.75,30.649999618530273,30.668899536132812,2583,0.0,0.0,0.0
2023-04-18 13:30:00-04:00,30.65999984741211,30.739999771118164,30.6299991607666,30.65999984741211,23992,0.0,0.0,0.0
2023-04-18 14:30:00-04:00,30.606000900268555,30.760000228881836,30.600000381469727,30.760000228881836,4726,0.0,0.0,0.0
2023-04-18 15:30:00-04:00,30.770000457763672,30.780000686645508,30.758899688720703,30.758899688720703,1318,0.0,0.0,0.0
2023-04-19 09:30:00-04:00,30.614999771118164,30.65999984741211,30.570100784301758,30.65999984741211,0,0.0,0.0,0.0
2023-04-19 10:30:00-04:00,30.665000915527344,30.719900131225586,30.665000915527344,30.719900131225586,0,0.0,0.0,0.0
2023-04-19 11:30:00-04:00,30.709999084472656,30.709999084472656,30.67460060119629,30.67460060119629,5212,0.0,0.0,0.0
2023-04-19 13:30:00-04:00,30.729999542236328,30.829999923706055,30.719999313354492,30.799299240112305,1916,0.0,0.0,0.0
2023-04-19 14:30:00-04:00,30.815000534057617,30.889999389648438,30.815000534057617,30.8799991607666,2612,0.0,0.0,0.0
2023-04-19 15:30:00-04:00,30.850000381469727,30.850000381469727,30.774999618530273,30.786800384521484,490,0.0,0.0,0.0
2023-04-20 09:30:00-04:00,30.68000030517578,30.709999084472656,30.68000030517578,30.709999084472656,0,0.0,0.0,0.0
2023-04-20 11:30:00-04:00,30.670000076293945,30.729999542236328,30.6299991607666,30.6299991607666,20608,0.0,0.0,0.0
2023-04-20 12:30:00-04:00,30.641000747680664,30.709999084472656,30.641000747680664,30.709999084472656,1561,0.0,0.0,0.0
2023-04-20 13:30:00-04:00,30.729999542236328,30.760000228881836,30.700000762939453,30.719999313354492,719,0.0,0.0,0.0
2023-04-20 14:30:00-04:00,30.670000076293945,30.676000595092773,30.614999771118164,30.614999771118164,2625,0.0,0.0,0.0
2023-04-20 15:30:00-04:00,30.610000610351562,30.649999618530273,30.610000610351562,30.649999618530273,326,0.0,0.0,0.0
2023-04-21 09:30:00-04:00,30.749000549316406,30.749000549316406,30.60099983215332,30.60099983215332,0,0.0,0.0,0.0
2023-04-21 10:30:00-04:00,30.670000076293945,30.68000030517578,30.621999740600586,30.622299194335938,1419,0.0,0.0,0.0
2023-04-21 11:30:00-04:00,30.649999618530273,30.649999618530273,30.649999618530273,30.649999618530273,523,0.0,0.0,0.0
2023-04-21 12:30:00-04:00,30.699899673461914,30.700000762939453,30.699899673461914,30.700000762939453,0,0.0,0.0,0.0
2023-04-21 14:30:00-04:00,30.710599899291992,30.768999099731445,30.710599899291992,30.760000228881836,7514,0.0,0.0,0.0
2023-04-21 15:30:00-04:00,30.684999465942383,30.7007999420166,30.684999465942383,30.7007999420166,450,0.0,0.0,0.0
2023-04-24 09:30:00-04:00,30.7549991607666,30.829999923706055,30.731000900268555,30.829999923706055,0,0.0,0.0,0.0
2023-04-24 10:30:00-04:00,30.80900001525879,30.80900001525879,30.700000762939453,30.700000762939453,1199,0.0,0.0,0.0
2023-04-24 11:30:00-04:00,30.68000030517578,30.68000030517578,30.56999969482422,30.657899856567383,6397,0.0,0.0,0.0
2023-04-24 12:30:00-04:00,30.674999237060547,30.739999771118164,30.649999618530273,30.729999542236328,16888,0.0,0.0,0.0
2023-04-24 13:30:00-04:00,30.70479965209961,30.780000686645508,30.69809913635254,30.75,44488,0.0,0.0,0.0
2023-04-24 14:30:00-04:00,30.739999771118164,30.75,30.69969940185547,30.734600067138672,0,0.0,0.0,0.0
2023-04-25 09:30:00-04:00,30.5,30.5,30.4335994720459,30.489999771118164,2087,0.0,0.0,0.0
2023-04-25 11:30:00-04:00,30.440000534057617,30.440000534057617,30.440000534057617,30.440000534057617,0,0.0,0.0,0.0
2023-04-25 12:30:00-04:00,30.415000915527344,30.43000030517578,30.299999237060547,30.299999237060547,3757,0.0,0.0,0.0
2023-04-25 13:30:00-04:00,30.258800506591797,30.31999969482422,30.258800506591797,30.309999465942383,2305,0.0,0.0,0.0
2023-04-25 15:30:00-04:00,30.329999923706055,30.329999923706055,30.27549934387207,30.27549934387207,989,0.0,0.0,0.0
2023-04-26 09:30:00-04:00,30.260000228881836,30.260000228881836,30.149999618530273,30.149999618530273,0,0.0,0.0,0.0
2023-04-26 10:30:00-04:00,30.209999084472656,30.209999084472656,30.209999084472656,30.209999084472656,476,0.0,0.0,0.0
2023-04-26 12:30:00-04:00,30.18000030517578,30.180099487304688,30.18000030517578,30.180099487304688,710,0.0,0.0,0.0
2023-04-26 13:30:00-04:00,30.149999618530273,30.149999618530273,30.09000015258789,30.09000015258789,916,0.0,0.0,0.0
2023-04-26 14:30:00-04:00,30.149999618530273,30.15999984741211,30.0,30.079999923706055,6663,0.0,0.0,0.0
2023-04-26 15:30:00-04:00,30.020000457763672,30.1200008392334,30.020000457763672,30.1200008392334,982,0.0,0.0,0.0
2023-04-27 09:30:00-04:00,30.020000457763672,30.149900436401367,30.020000457763672,30.100000381469727,0,0.0,0.0,0.0
2023-04-27 10:30:00-04:00,30.079999923706055,30.079999923706055,30.079999923706055,30.079999923706055,213,0.0,0.0,0.0
2023-04-27 11:30:00-04:00,30.13409996032715,30.200000762939453,30.13409996032715,30.200000762939453,351,0.0,0.0,0.0
2023-04-27 12:30:00-04:00,30.21500015258789,30.21500015258789,30.21500015258789,30.21500015258789,1364,0.0,0.0,0.0
2023-04-27 13:30:00-04:00,30.290000915527344,30.290000915527344,30.274999618530273,30.274999618530273,0,0.0,0.0,0.0
2023-04-27 14:30:00-04:00,30.256000518798828,30.256000518798828,30.256000518798828,30.256000518798828,8396,0.0,0.0,0.0
2023-04-27 15:30:00-04:00,30.329999923706055,30.34000015258789,30.293800354003906,30.293800354003906,0,0.0,0.0,0.0
2023-04-28 09:30:00-04:00,30.520000457763672,30.520000457763672,30.520000457763672,30.520000457763672,638,0.0,0.0,0.0
2023-04-28 10:30:00-04:00,30.440000534057617,30.440000534057617,30.440000534057617,30.440000534057617,1376,0.0,0.0,0.0
2023-04-28 11:30:00-04:00,30.49180030822754,30.56999969482422,30.49180030822754,30.519699096679688,3255,0.0,0.0,0.0
2023-04-28 13:30:00-04:00,30.540000915527344,30.540000915527344,30.530000686645508,30.530000686645508,2460,0.0,0.0,0.0
2023-04-28 14:30:00-04:00,30.451799392700195,30.520000457763672,30.451799392700195,30.486900329589844,3096,0.0,0.0,0.0
2023-04-28 15:30:00-04:00,30.460100173950195,30.56999969482422,30.460100173950195,30.56999969482422,2759,0.0,0.0,0.0
2023-05-01 09:30:00-04:00,30.612899780273438,30.6299991607666,30.612899780273438,30.6299991607666,0,0.0,0.0,0.0
2023-05-01 10:30:00-04:00,30.68000030517578,30.68000030517578,30.469999313354492,30.469999313354492,20336,0.0,0.0,0.0
2023-05-01 12:30:00-04:00,30.65999984741211,30.65999984741211,30.65999984741211,30.65999984741211,1053,0.0,0.0,0.0
2023-05-01 13:30:00-04:00,30.530000686645508,30.530000686645508,30.530000686645508,30.530000686645508,956,0.0,0.0,0.0
2023-05-01 14:30:00-04:00,30.499000549316406,30.526100158691406,30.469999313354492,30.526100158691406,0,0.0,0.0,0.0
2023-05-02 09:30:00-04:00,30.239999771118164,30.239999771118164,30.06999969482422,30.15999984741211,5684,0.0,0.0,0.0
2023-05-02 10:30:00-04:00,30.010000228881836,30.010000228881836,30.0,30.0,0,0.0,0.0,0.0
2023-05-02 11:30:00-04:00,29.899999618530273,30.006000518798828,29.899999618530273,30.006000518798828,42315,0.0,0.0,0.0
2023-05-02 12:30:00-04:00,30.020099639892578,30.042499542236328,30.020099639892578,30.042499542236328,0,0.0,0.0,0.0
2023-05-02 13:30:00-04:00,30.100000381469727,30.100000381469727,30.079999923706055,30.09000015258789,0,0.0,0.0,0.0
2023-05-02 14:30:00-04:00,30.070499420166016,30.100099563598633,30.070499420166016,30.100099563598633,0,0.0,0.0,0.0
2023-05-02 15:30:00-04:00,30.100099563598633,30.158899307250977,30.100099563598633,30.1299991607666,57117,0.0,0.0,0.0
2023-05-03 09:30:00-04:00,30.219999313354492,30.309999465942383,30.209999084472656,30.309999465942383,0,0.0,0.0,0.0
2023-05-03 11:30:00-04:00,30.315000534057617,30.315000534057617,30.315000534057617,30.315000534057617,112,0.0,0.0,0.0
2023-05-03 12:30:00-04:00,30.299999237060547,30.395000457763672,30.299999237060547,30.395000457763672,6491,0.0,0.0,0.0
2023-05-03 13:30:00-04:00,30.309999465942383,30.426599502563477,30.309999465942383,30.420000076293945,2685,0.0,0.0,0.0
2023-05-03 14:30:00-04:00,30.420000076293945,30.5,30.290000915527344,30.31999969482422,4361,0.0,0.0,0.0
2023-05-03 15:30:00-04:00,30.1875,30.1875,30.1200008392334,30.1697998046875,0,0.0,0.0,0.0
2023-05-04 09:30:00-04:00,30.1200008392334,30.1200008392334,29.799999237060547,29.812400817871094,15803,0.0,0.0,0.0
2023-05-04 10:30:00-04:00,29.860000610351562,29.8799991607666,29.850000381469727,29.8799991607666,2360,0.0,0.0,0.0
2023-05-04 11:30:00-04:00,29.860000610351562,29.868999481201172,29.860000610351562,29.860000610351562,1162,0.0,0.0,0.0
2023-05-04 12:30:00-04:00,29.854000091552734,29.979999542236328,29.790000915527344,29.969999313354492,19170,0.0,0.0,0.0
2023-05-04 13:30:00-04:00,29.9950008392334,29.9950008392334,29.920000076293945,29.989999771118164,1084,0.0,0.0,0.0
2023-05-04 14:30:00-04:00,29.93000030517578,30.0,29.88599967956543,29.979999542236328,36724,0.0,0.0,0.0
2023-05-04 15:30:00-04:00,29.962900161743164,29.98900032043457,29.962900161743164,29.962900161743164,300,0.0,0.0,0.0
2023-05-05 09:30:00-04:00,30.320999145507812,30.320999145507812,30.320999145507812,30.320999145507812,0,0.0,0.0,0.0
2023-05-05 10:30:00-04:00,30.315000534057617,30.315000534057617,30.315000534057617,30.315000534057617,0,0.0,0.0,0.0
2023-05-05 11:30:00-04:00,30.34000015258789,30.350000381469727,30.333999633789062,30.34000015258789,0,0.0,0.0,0.0
2023-05-05 12:30:00-04:00,30.325000762939453,30.325000762939453,30.325000762939453,30.325000762939453,0,0.0,0.0,0.0
2023-05-05 13:30:00-04:00,30.399999618530273,30.399999618530273,30.399999618530273,30.399999618530273,5131,0.0,0.0,0.0
2023-05-05 15:30:00-04:00,30.479999542236328,30.479999542236328,30.41010093688965,30.41010093688965,1093,0.0,0.0,0.0
2023-05-08 09:30:00-04:00,30.40999984741211,30.40999984741211,30.3700008392334,30.3700008392334,0,0.0,0.0,0.0
2023-05-08 10:30:00-04:00,30.301700592041016,30.420000076293945,30.301700592041016,30.315000534057617,29535,0.0,0.0,0.0
2023-05-08 11:30:00-04:00,30.299999237060547,30.299999237060547,30.261199951171875,30.261199951171875,0,0.0,0.0,0.0
2023-05-08 12:30:00-04:00,30.29199981689453,30.29199981689453,30.273000717163086,30.273000717163086,132039,0.0,0.0,0.0
2023-05-08 13:30:00-04:00,30.319299697875977,30.399999618530273,30.319299697875977,30.350000381469727,0,0.0,0.0,0.0
2023-05-08 14:30:00-04:00,30.364999771118164,30.40999984741211,30.290000915527344,30.325199127197266,179005,0.0,0.0,0.0
2023-05-08 15:30:00-04:00,30.420000076293945,30.420000076293945,30.329999923706055,30.399999618530273,2768,0.0,0.0,0.0
2023-05-09 09:30:00-04:00,30.329999923706055,30.329999923706055,30.25,30.25,0,0.0,0.0,0.0
2023-05-09 12:30:00-04:00,30.290000915527344,30.290000915527344,30.290000915527344,30.290000915527344,0,0.0,0.0,0.0
2023-05-09 13:30:00-04:00,30.372800827026367,30.405000686645508,30.372800827026367,30.405000686645508,18727,0.0,0.0,0.0
2023-05-09 14:30:00-04:00,30.33009910583496,30.3799991607666,30.29199981689453,30.3799991607666,0,0.0,0.0,0.0
2023-05-09 15:30:00-04:00,30.31290054321289,30.389999389648438,30.31290054321289,30.31909942626953,27198,0.0,0.0,0.0
2023-05-10 09:30:00-04:00,30.5,30.5,30.43000030517578,30.43000030517578,0,0.0,0.0,0.0
2023-05-10 10:30:00-04:00,30.41900062561035,30.429899215698242,30.290000915527344,30.290000915527344,0,0.0,0.0,0.0
2023-05-10 11:30:00-04:00,30.330400466918945,30.330400466918945,30.330400466918945,30.330400466918945,0,0.0,0.0,0.0
2023-05-10 13:30:00-04:00,30.200000762939453,30.261699676513672,30.200000762939453,30.261699676513672,0,0.0,0.0,0.0
2023-05-10 14:30:00-04:00,30.38170051574707,30.420000076293945,30.350000381469727,30.350000381469727,0,0.0,0.0,0.0
2023-05-10 15:30:00-04:00,30.5,30.5,30.423900604248047,30.423900604248047,25890,0.0,0.0,0.0
2023-05-11 09:30:00-04:00,30.389999389648438,30.389999389648438,30.15999984741211,30.15999984741211,0,0.0,0.0,0.0
2023-05-11 10:30:00-04:00,30.15999984741211,30.190000534057617,30.15999984741211,30.170000076293945,772,0.0,0.0,0.0
2023-05-11 11:30:00-04:00,30.25,30.25,30.219999313354492,30.219999313354492,2412,0.0,0.0,0.0
2023-05-11 12:30:00-04:00,30.229999542236328,30.280000686645508,30.229999542236328,30.27989959716797,7929,0.0,0.0,0.0
2023-05-11 13:30:00-04:00,30.174999237060547,30.25,30.174999237060547,30.25,3457,0.0,0.0,0.0
2023-05-11 14:30:00-04:00,30.217599868774414,30.270000457763672,30.209999084472656,30.270000457763672,12313,0.0,0.0,0.0
2023-05-11 15:30:00-04:00,30.280000686645508,30.280000686645508,30.210100173950195,30.24690055847168,0,0.0,0.0,0.0
2023-05-12 09:30:00-04:00,30.38990020751953,30.389999389648438,30.190000534057617,30.209999084472656,385102,0.0,0.0,0.0
2023-05-12 10:30:00-04:00,30.20400047302246,30.20400047302246,30.200000762939453,30.200000762939453,0,0.0,0.0,0.0
2023-05-12 11:30:00-04:00,30.170000076293945,30.170000076293945,30.170000076293945,30.170000076293945,385666,0.0,0.0,0.0
2023-05-12 12:30:00-04:00,30.1299991607666,30.20599937438965,30.1299991607666,30.20599937438965,223,0.0,0.0,0.0
2023-05-12 13:30:00-04:00,30.143999099731445,30.16900062561035,30.108800888061523,30.108800888061523,2247,0.0,0.0,0.0
2023-05-12 14:30:00-04:00,30.166000366210938,30.166000366210938,30.133399963378906,30.133399963378906,239,0.0,0.0,0.0
2023-05-12 15:30:00-04:00,30.16360092163086,30.223600387573242,30.16360092163086,30.223600387573242,332,0.0,0.0,0.0
2023-05-15 09:30:00-04:00,30.31999969482422,30.31999969482422,30.31999969482422,30.31999969482422,0,0.0,0.0,0.0
2023-05-15 11:30:00-04:00,30.41990089416504,30.41990089416504,30.3799991607666,30.3799991607666,741,0.0,0.0,0.0
2023-05-15 12:30:00-04:00,30.448999404907227,30.520000457763672,30.448999404907227,30.520000457763672,356,0.0,0.0,0.0
2023-05-15 13:30:00-04:00,30.440000534057617,30.479999542236328,30.440000534057617,30.471399307250977,4359,0.0,0.0,0.0
2023-05-15 14:30:00-04:00,30.486000061035156,30.509000778198242,30.448299407958984,30.509000778198242,0,0.0,0.0,0.0
2023-05-15 15:30:00-04:00,30.489999771118164,30.490100860595703,30.485000610351562,30.490100860595703,0,0.0,0.0,0.0
2023-05-16 09:30:00-04:00,30.40999984741211,30.40999984741211,30.174999237060547,30.174999237060547,6060,0.0,0.0,0.0
2023-05-16 12:30:00-04:00,30.29990005493164,30.29990005493164,30.29990005493164,30.29990005493164,184,0.0,0.0,0.0
2023-05-16 13:30:00-04:00,30.260000228881836,30.260000228881836,30.260000228881836,30.260000228881836,4401,0.0,0.0,0.0
2023-05-16 14:30:00-04:00,30.219999313354492,30.239999771118164,30.219900131225586,30.239999771118164,2785,0.0,0.0,0.0
2023-05-16 15:30:00-04:00,30.219999313354492,30.268999099731445,30.195199966430664,30.195199966430664,0,0.0,0.0,0.0
2023-05-17 10:30:00-04:00,30.399999618530273,30.399999618530273,30.399999618530273,30.399999618530273,211,0.0,0.0,0.0
2023-05-17 11:30:00-04:00,30.479999542236328,30.479999542236328,30.479999542236328,30.479999542236328,197,0.0,0.0,0.0
2023-05-17 12:30:00-04:00,30.466999053955078,30.600000381469727,30.466999053955078,30.590099334716797,2148,0.0,0.0,0.0
2023-05-17 13:30:00-04:00,30.600000381469727,30.600000381469727,30.559999465942383,30.559999465942383,2761,0.0,0.0,0.0
2023-05-17 14:30:00-04:00,30.6560001373291,30.65999984741211,30.6200008392334,30.6200008392334,2433,0.0,0.0,0.0
2023-05-17 15:30:00-04:00,30.643699645996094,30.643699645996094,30.6200008392334,30.643699645996094,2000,0.0,0.0,0.0
2023-05-18 09:30:00-04:00,30.469999313354492,30.469999313354492,30.469999313354492,30.469999313354492,0,0.0,0.0,0.0
2023-05-18 11:30:00-04:00,30.690000534057617,30.690000534057617,30.690000534057617,30.690000534057617,208,0.0,0.0,0.0
2023-05-18 12:30:00-04:00,30.528400421142578,30.6299991607666,30.528400421142578,30.58009910583496,0,0.0,0.0,0.0
2023-05-18 13:30:00-04:00,30.56999969482422,30.6200008392334,30.51449966430664,30.6200008392334,40277,0.0,0.0,0.0
2023-05-18 14:30:00-04:00,30.6200008392334,30.690000534057617,30.559999465942383,30.670000076293945,111221,0.0,0.0,0.0
2023-05-18 15:30:00-04:00,30.733400344848633,30.733400344848633,30.69499969482422,30.733400344848633,491,0.0,0.0,0.0
2023-05-19 09:30:00-04:00,30.76799964904785,30.829999923706055,30.75,30.760000228881836,0,0.0,0.0,0.0
2023-05-19 10:30:00-04:00,30.743999481201172,30.743999481201172,30.719999313354492,30.719999313354492,941,0.0,0.0,0.0
2023-05-19 11:30:00-04:00,30.575000762939453,30.575000762939453,30.559999465942383,30.559999465942383,464,0.0,0.0,0.0
2023-05-19 12:30:00-04:00,30.615999221801758,30.6200008392334,30.584999084472656,30.6200008392334,4080,0.0,0.0,0.0
2023-05-19 13:30:00-04:00,30.59589958190918,30.619600296020508,30.56999969482422,30.56999969482422,514,0.0,0.0,0.0
2023-05-19 14:30:00-04:00,30.610000610351562,30.610000610351562,30.610000610351562,30.610000610351562,673,0.0,0.0,0.0
2023-05-19 15:30:00-04:00,30.6200008392334,30.6299991607666,30.6200008392334,30.6299991607666,2224,0.0,0.0,0.0
2023-05-22 09:30:00-04:00,30.729000091552734,30.75,30.610000610351562,30.75,1518,0.0,0.0,0.0
2023-05-22 10:30:00-04:00,30.72010040283203,30.77899932861328,30.709999084472656,30.77899932861328,5732,0.0,0.0,0.0
2023-05-22 11:30:00-04:00,30.750099182128906,30.860000610351562,30.750099182128906,30.860000610351562,2883,0.0,0.0,0.0
2023-05-22 12:30:00-04:00,30.854999542236328,30.868999481201172,30.854999542236328,30.868999481201172,458,0.0,0.0,0.0
2023-05-22 14:30:00-04:00,30.899999618530273,30.929000854492188,30.899999618530273,30.929000854492188,0,0.0,0.0,0.0
2023-05-22 15:30:00-04:00,30.8799991607666,30.8799991607666,30.8799991607666,30.8799991607666,24121,0.0,0.0,0.0
2023-05-23 09:30:00-04:00,30.94569969177246,30.94569969177246,30.94569969177246,30.94569969177246,0,0.0,0.0,0.0
2023-05-23 10:30:00-04:00,31.035999298095703,31.06999969482422,31.0,31.06999969482422,0,0.0,0.0,0.0
2023-05-23 11:30:00-04:00,31.045000076293945,31.045000076293945,31.0231990814209,31.0231990814209,4885,0.0,0.0,0.0
2023-05-23 12:30:00-04:00,30.940000534057617,30.940000534057617,30.889999389648438,30.889999389648438,1429,0.0,0.0,0.0
2023-05-23 13:30:00-04:00,30.883699417114258,30.929899215698242,30.797000885009766,30.80500030517578,10481,0.0,0.0,0.0
2023-05-23 15:30:00-04:00,30.81999969482422,30.829999923706055,30.790000915527344,30.790000915527344,2532,0.0,0.0,0.0
2023-05-24 09:30:00-04:00,30.729999542236328,30.729999542236328,30.420000076293945,30.420000076293945,0,0.0,0.0,0.0
2023-05-24 10:30:00-04:00,30.489999771118164,30.489999771118164,30.489999771118164,30.489999771118164,797,0.0,0.0,0.0
2023-05-24 12:30:00-04:00,30.459999084472656,30.489999771118164,30.459999084472656,30.489999771118164,300,0.0,0.0,0.0
2023-05-24 13:30:00-04:00,30.510000228881836,30.510000228881836,30.469999313354492,30.469999313354492,0,0.0,0.0,0.0
2023-05-24 14:30:00-04:00,30.450300216674805,30.53499984741211,30.40999984741211,30.53499984741211,45071,0.0,0.0,0.0
2023-05-24 15:30:00-04:00,30.55500030517578,30.559999465942383,30.510000228881836,30.559999465942383,2745,0.0,0.0,0.0
2023-05-25 09:30:00-04:00,30.440000534057617,30.450000762939453,30.344999313354492,30.344999313354492,0,0.0,0.0,0.0
2023-05-25 10:30:00-04:00,30.325000762939453,30.329999923706055,30.26919937133789,30.26919937133789,3341,0.0,0.0,0.0
2023-05-25 11:30:00-04:00,30.200000762939453,30.290000915527344,30.200000762939453,30.290000915527344,372,0.0,0.0,0.0
2023-05-25 12:30:00-04:00,30.299999237060547,30.329999923706055,30.299999237060547,30.329999923706055,335,0.0,0.0,0.0
2023-05-25 13:30:00-04:00,30.389999389648438,30.389999389648438,30.340299606323242,30.340299606323242,1195,0.0,0.0,0.0
2023-05-25 14:30:00-04:00,30.360000610351562,30.360000610351562,30.280000686645508,30.280000686645508,2628,0.0,0.0,0.0
2023-05-25 15:30:00-04:00,30.389999389648438,30.389999389648438,30.3799991607666,30.389999389648438,651,0.0,0.0,0.0
2023-05-26 09:30:00-04:00,30.459999084472656,30.459999084472656,30.459999084472656,30.459999084472656,0,0.0,0.0,0.0
2023-05-26 10:30:00-04:00,30.514999389648438,30.514999389648438,30.469999313354492,30.514999389648438,3683,0.0,0.0,0.0
2023-05-26 11:30:00-04:00,30.450000762939453,30.450000762939453,30.450000762939453,30.450000762939453,0,0.0,0.0,0.0
2023-05-26 12:30:00-04:00,30.545900344848633,30.545900344848633,30.545900344848633,30.545900344848633,4498,0.0,0.0,0.0
2023-05-26 13:30:00-04:00,30.56999969482422,30.56999969482422,30.559999465942383,30.56999969482422,1053,0.0,0.0,0.0
2023-05-26 14:30:00-04:00,30.600000381469727,30.600000381469727,30.600000381469727,30.600000381469727,1164,0.0,0.0,0.0
2023-05-26 15:30:00-04:00,30.600000381469727,30.638999938964844,30.600000381469727,30.6200008392334,2431,0.0,0.0,0.0
2023-05-30 09:30:00-04:00,30.6299991607666,30.6299991607666,30.565000534057617,30.565000534057617,0,0.0,0.0,0.0
2023-05-30 10:30:00-04:00,30.450000762939453,30.450000762939453,30.450000762939453,30.450000762939453,219,0.0,0.0,0.0
2023-05-30 11:30:00-04:00,30.450000762939453,30.450000762939453,30.43000030517578,30.450000762939453,2011,0.0,0.0,0.0
2023-05-30 12:30:00-04:00,30.530000686645508,30.530000686645508,30.530000686645508,30.530000686645508,531,0.0,0.0,0.0
2023-05-30 14:30:00-04:00,30.519899368286133,30.519899368286133,30.519899368286133,30.519899368286133,707,0.0,0.0,0.0
2023-05-30 15:30:00-04:00,30.460100173950195,30.559999465942383,30.460100173950195,30.559999465942383,3238,0.0,0.0,0.0
2023-05-31 09:30:00-04:00,30.239999771118164,30.239999771118164,30.239999771118164,30.239999771118164,0,0.0,0.0,0.0
2023-05-31 10:30:00-04:00,30.18000030517578,30.18000030517578,30.18000030517578,30.18000030517578,1029,0.0,0.0,0.0
2023-05-31 15:30:00-04:00,30.239999771118164,30.34000015258789,30.239999771118164,30.34000015258789,282,0.0,0.0,0.0
2023-06-01 09:30:00-04:00,30.389999389648438,30.389999389648438,30.389999389648438,30.389999389648438,0,0.0,0.0,0.0
2023-06-01 10:30:00-04:00,30.295700073242188,30.559999465942383,30.295700073242188,30.559999465942383,110035,0.0,0.0,0.0
2023-06-01 11:30:00-04:00,30.520000457763672,30.520000457763672,30.520000457763672,30.520000457763672,247,0.0,0.0,0.0
2023-06-01 12:30:00-04:00,30.56999969482422,30.56999969482422,30.56999969482422,30.56999969482422,369,0.0,0.0,0.0
2023-06-01 13:30:00-04:00,30.57360076904297,30.57360076904297,30.558700561523438,30.558700561523438,4440,0.0,0.0,0.0
2023-06-01 15:30:00-04:00,30.540000915527344,30.559999465942383,30.530000686645508,30.559999465942383,511,0.0,0.0,0.0
2023-06-02 09:30:00-04:00,30.8700008392334,30.8700008392334,30.860000610351562,30.860000610351562,0,0.0,0.0,0.0
2023-06-02 10:30:00-04:00,30.860000610351562,31.020000457763672,30.834999084472656,31.020000457763672,50217,0.0,0.0,0.0
2023-06-02 11:30:00-04:00,31.006000518798828,31.010000228881836,31.006000518798828,31.010000228881836,392,0.0,0.0,0.0
2023-06-02 12:30:00-04:00,31.0,31.1299991607666,31.0,31.1299991607666,35287,0.0,0.0,0.0
2023-06-02 14:30:00-04:00,31.204099655151367,31.204099655151367,31.190000534057617,31.190000534057617,961,0.0,0.0,0.0
2023-06-02 15:30:00-04:00,31.27989959716797,31.27989959716797,31.27989959716797,31.27989959716797,266,0.0,0.0,0.0
2023-06-05 09:30:00-04:00,31.239999771118164,31.239999771118164,30.781400680541992,30.781400680541992,0,0.0,0.0,0.0
2023-06-05 10:30:00-04:00,30.934999465942383,30.969999313354492,30.90999984741211,30.969999313354492,1056,0.0,0.0,0.0
2023-06-05 12:30:00-04:00,31.084999084472656,31.09000015258789,31.000999450683594,31.000999450683594,1059,0.0,0.0,0.0
2023-06-05 13:30:00-04:00,30.985000610351562,31.010000228881836,30.985000610351562,31.00200080871582,0,0.0,0.0,0.0
2023-06-05 14:30:00-04:00,30.930599212646484,30.945199966430664,30.930599212646484,30.945199966430664,12587,0.0,0.0,0.0
2023-06-05 15:30:00-04:00,31.010000228881836,31.020000457763672,30.95669937133789,30.95669937133789,0,0.0,0.0,0.0
2023-06-06 09:30:00-04:00,31.0,31.0,31.0,31.0,0,0.0,0.0,0.0
2023-06-06 10:30:00-04:00,31.349899291992188,31.349899291992188,31.349899291992188,31.349899291992188,0,0.0,0.0,0.0
2023-06-06 11:30:00-04:00,31.540000915527344,31.59000015258789,31.510000228881836,31.56999969482422,2358,0.0,0.0,0.0
2023-06-06 12:30:00-04:00,31.440000534057617,31.440000534057617,31.399999618530273,31.399999618530273,282,0.0,0.0,0.0
2023-06-06 13:30:00-04:00,31.479999542236328,31.479999542236328,31.479999542236328,31.479999542236328,101023,0.0,0.0,0.0
2023-06-06 14:30:00-04:00,31.510000228881836,31.549999237060547,31.47960090637207,31.549999237060547,27019,0.0,0.0,0.0
2023-06-06 15:30:00-04:00,31.59000015258789,31.59000015258789,31.510299682617188,31.549999237060547,0,0.0,0.0,0.0
2023-06-07 09:30:00-04:00,31.8799991607666,31.8799991607666,31.829999923706055,31.829999923706055,500,0.0,0.0,0.0
2023-06-07 10:30:00-04:00,31.809999465942383,31.8700008392334,31.809999465942383,31.8700008392334,4654,0.0,0.0,0.0
2023-06-07 11:30:00-04:00,31.901899337768555,31.958999633789062,31.829999923706055,31.829999923706055,1359,0.0,0.0,0.0
2023-06-07 12:30:00-04:00,31.833099365234375,31.833099365234375,31.82110023498535,31.829999923706055,1159,0.0,0.0,0.0
2023-06-07 13:30:00-04:00,31.829999923706055,31.829999923706055,31.829999923706055,31.829999923706055,173,0.0,0.0,0.0
2023-06-07 14:30:00-04:00,31.90999984741211,31.93000030517578,31.851299285888672,31.899900436401367,7187,0.0,0.0,0.0
2023-06-07 15:30:00-04:00,31.90999984741211,31.920000076293945,31.8700008392334,31.889999389648438,3503,0.0,0.0,0.0
2023-06-08 09:30:00-04:00,31.889999389648438,31.889999389648438,31.68400001525879,31.68400001525879,0,0.0,0.0,0.0
2023-06-08 10:30:00-04:00,31.700000762939453,31.700000762939453,31.611499786376953,31.68000030517578,2228,0.0,0.0,0.0
2023-06-08 11:30:00-04:00,31.7450008392334,31.7450008392334,31.700000762939453,31.700000762939453,478,0.0,0.0,0.0
2023-06-08 12:30:00-04:00,31.739999771118164,31.81999969482422,31.739999771118164,31.763999938964844,7763,0.0,0.0,0.0
2023-06-08 13:30:00-04:00,31.815000534057617,31.815000534057617,31.729999542236328,31.774999618530273,1178,0.0,0.0,0.0
2023-06-08 14:30:00-04:00,31.75,31.78499984741211,31.75,31.78499984741211,1846,0.0,0.0,0.0
2023-06-08 15:30:00-04:00,31.84000015258789,31.84000015258789,31.755300521850586,31.755300521850586,0,0.0,0.0,0.0
2023-06-09 09:30:00-04:00,31.68000030517578,31.68000030517578,31.68000030517578,31.68000030517578,216,0.0,0.0,0.0
2023-06-09 10:30:00-04:00,31.64189910888672,31.64189910888672,31.64189910888672,31.64189910888672,199,0.0,0.0,0.0
2023-06-09 11:30:00-04:00,31.645000457763672,31.645000457763672,31.645000457763672,31.645000457763672,174,0.0,0.0,0.0
2023-06-09 13:30:00-04:00,31.65999984741211,31.65999984741211,31.65999984741211,31.65999984741211,100,0.0,0.0,0.0
2023-06-09 14:30:00-04:00,31.604999542236328,31.604999542236328,31.604999542236328,31.604999542236328,315,0.0,0.0,0.0
2023-06-09 15:30:00-04:00,31.649999618530273,31.649999618530273,31.60610008239746,31.60610008239746,353,0.0,0.0,0.0
2023-06-12 09:30:00-04:00,31.655000686645508,31.84000015258789,31.655000686645508,31.829999923706055,2329,0.0,0.0,0.0
2023-06-12 10:30:00-04:00,31.674999237060547,31.770000457763672,31.670000076293945,31.770000457763672,1114,0.0,0.0,0.0
2023-06-12 11:30:00-04:00,31.725900650024414,31.725900650024414,31.725900650024414,31.725900650024414,185,0.0,0.0,0.0
2023-06-12 12:30:00-04:00,31.620100021362305,31.620100021362305,31.620100021362305,31.620100021362305,250,0.0,0.0,0.0
2023-06-12 13:30:00-04:00,31.65999984741211,31.700700759887695,31.65999984741211,31.700700759887695,552,0.0,0.0,0.0
2023-06-12 15:30:00-04:00,31.747800827026367,31.747800827026367,31.695100784301758,31.695100784301758,0,0.0,0.0,0.0
2023-06-13 12:30:00-04:00,31.981199264526367,31.981199264526367,31.981199264526367,31.981199264526367,160,0.0,0.0,0.0
2023-06-13 13:30:00-04:00,31.984800338745117,31.984800338745117,31.984800338745117,31.984800338745117,0,0.0,0.0,0.0
2023-06-13 15:30:00-04:00,32.006500244140625,32.02000045776367,31.966299057006836,31.966299057006836,2053,0.0,0.0,0.0
2023-06-14 09:30:00-04:00,32.02000045776367,32.02000045776367,31.969999313354492,31.969999313354492,0,0.0,0.0,0.0
2023-06-14 11:30:00-04:00,31.920000076293945,31.969999313354492,31.920000076293945,31.92169952392578,1115,0.0,0.0,0.0
2023-06-14 12:30:00-04:00,31.90999984741211,31.90999984741211,31.90999984741211,31.90999984741211,394,0.0,0.0,0.0
2023-06-14 13:30:00-04:00,31.68000030517578,31.68000030517578,31.6200008392334,31.6200008392334,818,0.0,0.0,0.0
2023-06-14 14:30:00-04:00,31.829999923706055,31.829999923706055,31.829999923706055,31.829999923706055,224,0.0,0.0,0.0
2023-06-14 15:30:00-04:00,31.69099998474121,31.729999542236328,31.600000381469727,31.679000854492188,0,0.0,0.0,0.0
2023-06-15 09:30:00-04:00,31.790000915527344,31.790000915527344,31.751800537109375,31.751800537109375,512,0.0,0.0,0.0
2023-06-15 10:30:00-04:00,31.649999618530273,31.735000610351562,31.649999618530273,31.735000610351562,1264,0.0,0.0,0.0
2023-06-15 11:30:00-04:00,31.780000686645508,31.790000915527344,31.7549991607666,31.790000915527344,1818,0.0,0.0,0.0
2023-06-15 12:30:00-04:00,31.680999755859375,31.739500045776367,31.680999755859375,31.739500045776367,1334,0.0,0.0,0.0
2023-06-15 13:30:00-04:00,31.79829978942871,31.84000015258789,31.79829978942871,31.83989906311035,2474,0.0,0.0,0.0
2023-06-15 14:30:00-04:00,31.8799991607666,31.899999618530273,31.799999237060547,31.799999237060547,3130,0.0,0.0,0.0
2023-06-15 15:30:00-04:00,31.90999984741211,31.90999984741211,31.851900100708008,31.851900100708008,0,0.0,0.0,0.0
2023-06-16 09:30:00-04:00,31.84000015258789,31.84000015258789,31.799999237060547,31.799999237060547,309,0.0,0.0,0.0
2023-06-16 10:30:00-04:00,31.790000915527344,31.790000915527344,31.769899368286133,31.769899368286133,753,0.0,0.0,0.0
2023-06-16 11:30:00-04:00,31.684999465942383,31.684999465942383,31.650100708007812,31.650100708007812,272,0.0,0.0,0.0
2023-06-16 12:30:00-04:00,31.752399444580078,31.752399444580078,31.710100173950195,31.711000442504883,648,0.0,0.0,0.0
2023-06-16 14:30:00-04:00,31.680200576782227,31.719999313354492,31.6299991607666,31.670000076293945,2937,0.0,0.0,0.0
2023-06-16 15:30:00-04:00,31.690000534057617,31.729700088500977,31.670000076293945,31.729700088500977,296,0.0,0.0,0.0
2023-06-20 09:30:00-04:00,31.56999969482422,31.636899948120117,31.56999969482422,31.6200008392334,0,0.0,0.0,0.0
2023-06-20 10:30:00-04:00,31.565000534057617,31.59000015258789,31.520000457763672,31.59000015258789,3628,0.0,0.0,0.0
2023-06-20 12:30:00-04:00,31.609899520874023,31.679100036621094,31.600000381469727,31.649999618530273,1488,0.0,0.0,0.0
2023-06-20 13:30:00-04:00,31.645000457763672,31.645000457763672,31.645000457763672,31.645000457763672,622,0.0,0.0,0.0
2023-06-20 14:30:00-04:00,31.68000030517578,31.690000534057617,31.611000061035156,31.611000061035156,775,0.0,0.0,0.0
2023-06-20 15:30:00-04:00,31.693500518798828,31.693500518798828,31.670700073242188,31.670700073242188,0,0.0,0.0,0.0
2023-06-21 09:30:00-04:00,31.549999237060547,31.549999237060547,31.549999237060547,31.549999237060547,181,0.0,0.0,0.0
2023-06-21 10:30:00-04:00,31.649900436401367,31.649999618530273,31.559999465942383,31.59000015258789,2099,0.0,0.0,0.0
2023-06-21 11:30:00-04:00,31.586000442504883,31.586000442504883,31.586000442504883,31.586000442504883,581,0.0,0.0,0.0
2023-06-21 12:30:00-04:00,31.6200008392334,31.630199432373047,31.6200008392334,31.630199432373047,496,0.0,0.0,0.0
2023-06-21 14:30:00-04:00,31.75979995727539,31.75979995727539,31.690099716186523,31.690099716186523,2327,0.0,0.0,0.0
2023-06-21 15:30:00-04:00,31.70989990234375,31.709999084472656,31.6387996673584,31.6387996673584,1266,0.0,0.0,0.0
2023-06-22 09:30:00-04:00,31.415000915527344,31.44099998474121,31.415000915527344,31.44099998474121,0,0.0,0.0,0.0
2023-06-22 10:30:00-04:00,31.3799991607666,31.3799991607666,31.3799991607666,31.3799991607666,0,0.0,0.0,0.0
2023-06-22 12:30:00-04:00,31.479999542236328,31.489999771118164,31.440000534057617,31.489999771118164,9421,0.0,0.0,0.0
2023-06-22 13:30:00-04:00,31.5,31.518999099731445,31.44860076904297,31.44860076904297,2357,0.0,0.0,0.0
2023-06-22 14:30:00-04:00,31.56999969482422,31.56999969482422,31.459999084472656,31.489999771118164,3940,0.0,0.0,0.0
2023-06-22 15:30:00-04:00,31.510000228881836,31.510000228881836,31.479900360107422,31.479900360107422,0,0.0,0.0,0.0
2023-06-23 09:30:00-04:00,31.3700008392334,31.3700008392334,31.3700008392334,31.3700008392334,152,0.0,0.0,0.0
2023-06-23 10:30:00-04:00,31.354000091552734,31.354000091552734,31.354000091552734,31.354000091552734,451,0.0,0.0,0.0
2023-06-23 13:30:00-04:00,31.295000076293945,31.295000076293945,31.209999084472656,31.27989959716797,2951,0.0,0.0,0.0
2023-06-23 14:30:00-04:00,31.200000762939453,31.200000762939453,31.14240074157715,31.14240074157715,4467,0.0,0.0,0.0
2023-06-23 15:30:00-04:00,31.132299423217773,31.15999984741211,31.119600296020508,31.119600296020508,1206,0.0,0.0,0.0
2023-06-26 09:30:00-04:00,31.354999542236328,31.354999542236328,31.354999542236328,31.354999542236328,0,0.0,0.0,0.0
2023-06-26 12:30:00-04:00,31.149999618530273,31.200000762939453,31.149999618530273,31.200000762939453,737,0.0,0.0,0.0
2023-06-26 13:30:00-04:00,31.33989906311035,31.33989906311035,31.295000076293945,31.295000076293945,770,0.0,0.0,0.0
2023-06-26 15:30:00-04:00,31.2549991607666,31.2549991607666,31.189800262451172,31.189800262451172,0,0.0,0.0,0.0
2023-06-27 10:30:00-04:00,31.3700008392334,31.440000534057617,31.34000015258789,31.440000534057617,15842,0.0,0.0,0.0
2023-06-27 11:30:00-04:00,31.469999313354492,31.469999313354492,31.469999313354492,31.469999313354492,363,0.0,0.0,0.0
2023-06-27 12:30:00-04:00,31.430099487304688,31.430099487304688,31.430099487304688,31.430099487304688,284,0.0,0.0,0.0
2023-06-27 13:30:00-04:00,31.58989906311035,31.58989906311035,31.5,31.5,838,0.0,0.0,0.0
2023-06-27 14:30:00-04:00,31.5,31.559999465942383,31.499900817871094,31.559999465942383,2010,0.0,0.0,0.0
2023-06-27 15:30:00-04:00,31.479999542236328,31.479999542236328,31.471900939941406,31.471900939941406,0,0.0,0.0,0.0
2023-06-28 09:30:00-04:00,31.350000381469727,31.350000381469727,31.350000381469727,31.350000381469727,0,0.0,0.0,0.0
2023-06-28 13:30:00-04:00,31.549999237060547,31.549999237060547,31.549999237060547,31.549999237060547,1419,0.0,0.0,0.0
2023-06-28 14:30:00-04:00,31.5,31.5,31.5,31.5,134,0.0,0.0,0.0
2023-06-28 15:30:00-04:00,31.561399459838867,31.6200008392334,31.561399459838867,31.561399459838867,2891,0.0,0.0,0.0
2023-06-29 13:30:00-04:00,31.8700008392334,31.8700008392334,31.740100860595703,31.740100860595703,385,0.0,0.0,0.0
2023-06-29 14:30:00-04:00,31.851299285888672,31.852399826049805,31.825000762939453,31.825000762939453,483,0.0,0.0,0.0
2023-06-29 15:30:00-04:00,31.8346004486084,31.8346004486084,31.8346004486084,31.8346004486084,0,0.0,0.0,0.0
2023-06-30 09:30:00-04:00,31.979999542236328,31.979999542236328,31.979999542236328,31.979999542236328,280,0.0,0.0,0.0
2023-06-30 10:30:00-04:00,31.93000030517578,32.02000045776367,31.899999618530273,31.96929931640625,9586,0.0,0.0,0.0
2023-06-30 12:30:00-04:00,32.02000045776367,32.08000183105469,32.02000045776367,32.03710174560547,5946,0.0,0.0,0.0
2023-06-30 13:30:00-04:00,31.979999542236328,32.04999923706055,31.969999313354492,31.969999313354492,4779,0.0,0.0,0.0
2023-06-30 14:30:00-04:00,31.960100173950195,32.04999923706055,31.960100173950195,31.985000610351562,2083,0.0,0.0,0.0
2023-06-30 15:30:00-04:00,31.940000534057617,31.98240089416504,31.940000534057617,31.98240089416504,560,0.0,0.0,0.0
2023-07-03 10:30:00-04:00,31.989999771118164,31.989999771118164,31.93000030517578,31.93000030517578,2245,0.0,0.0,0.0
2023-07-03 11:30:00-04:00,32.002899169921875,32.002899169921875,32.002899169921875,32.002899169921875,327,0.0,0.0,0.0
2023-07-03 12:30:00-04:00,32.01470184326172,32.01470184326172,32.01470184326172,32.01470184326172,0,0.0,0.0,0.0
2023-07-05 10:30:00-04:00,31.739999771118164,31.829999923706055,31.739999771118164,31.75,1547,0.0,0.0,0.0
2023-07-05 11:30:00-04:00,31.899999618530273,31.899999618530273,31.844999313354492,31.844999313354492,1803,0.0,0.0,0.0
2023-07-05 12:30:00-04:00,31.760000228881836,31.8700008392334,31.760000228881836,31.81999969482422,1644,0.0,0.0,0.0
2023-07-05 13:30:00-04:00,31.8799991607666,31.899999618530273,31.79010009765625,31.83989906311035,44417,0.0,0.0,0.0
2023-07-05 14:30:00-04:00,31.850000381469727,31.850000381469727,31.850000381469727,31.850000381469727,464,0.0,0.0,0.0
2023-07-05 15:30:00-04:00,31.860000610351562,31.860000610351562,31.764999389648438,31.809999465942383,2226,0.0,0.0,0.0
2023-07-06 09:30:00-04:00,31.344999313354492,31.344999313354492,31.290000915527344,31.290000915527344,0,0.0,0.0,0.0
2023-07-06 11:30:00-04:00,31.2450008392334,31.25,31.2450008392334,31.249900817871094,1317,0.0,0.0,0.0
2023-07-06 12:30:00-04:00,31.290000915527344,31.290000915527344,31.290000915527344,31.290000915527344,220,0.0,0.0,0.0
2023-07-06 15:30:00-04:00,31.38990020751953,31.38990020751953,31.38990020751953,31.38990020751953,227,0.0,0.0,0.0
2023-07-07 09:30:00-04:00,31.610000610351562,31.655000686645508,31.600099563598633,31.655000686645508,0,0.0,0.0,0.0
2023-07-07 10:30:00-04:00,31.780000686645508,31.780000686645508,31.770000457763672,31.780000686645508,2470,0.0,0.0,0.0
2023-07-07 11:30:00-04:00,31.790000915527344,31.790000915527344,31.789899826049805,31.789899826049805,1014,0.0,0.0,0.0
2023-07-07 12:30:00-04:00,31.799999237060547,31.799999237060547,31.799999237060547,31.799999237060547,115,0.0,0.0,0.0
2023-07-07 13:30:00-04:00,31.830299377441406,31.830299377441406,31.830299377441406,31.830299377441406,511,0.0,0.0,0.0
2023-07-07 14:30:00-04:00,31.729999542236328,31.809999465942383,31.729999542236328,31.809900283813477,6011,0.0,0.0,0.0
2023-07-07 15:30:00-04:00,31.764999389648438,31.764999389648438,31.659500122070312,31.659500122070312,1152,0.0,0.0,0.0
2023-07-10 10:30:00-04:00,31.899999618530273,31.899999618530273,31.860000610351562,31.870100021362305,411426,0.0,0.0,0.0
2023-07-10 12:30:00-04:00,31.940000534057617,31.979999542236328,31.899999618530273,31.899999618530273,3092,0.0,0.0,0.0
2023-07-10 13:30:00-04:00,31.93000030517578,31.995899200439453,31.92099952697754,31.995899200439453,1746,0.0,0.0,0.0
2023-07-10 14:30:00-04:00,31.959999084472656,31.991100311279297,31.94099998474121,31.94099998474121,3974,0.0,0.0,0.0
2023-07-10 15:30:00-04:00,31.996000289916992,32.0,31.969999313354492,32.0,1123,0.0,0.0,0.0
2023-07-11 09:30:00-04:00,32.05080032348633,32.05080032348633,32.04800033569336,32.04800033569336,0,0.0,0.0,0.0
2023-07-11 10:30:00-04:00,32.13999938964844,32.13999938964844,32.09149932861328,32.09149932861328,5405,0.0,0.0,0.0
2023-07-11 11:30:00-04:00,32.07350158691406,32.130001068115234,32.07350158691406,32.130001068115234,91580,0.0,0.0,0.0
2023-07-11 13:30:00-04:00,32.145999908447266,32.150001525878906,32.1150016784668,32.150001525878906,11578,0.0,0.0,0.0
2023-07-11 14:30:00-04:00,32.16999816894531,32.2400016784668,32.154998779296875,32.20000076293945,4406,0.0,0.0,0.0
2023-07-11 15:30:00-04:00,32.16999816894531,32.22679901123047,32.15999984741211,32.22679901123047,1911,0.0,0.0,0.0
2023-07-12 09:30:00-04:00,32.459999084472656,32.52000045776367,32.400001525878906,32.43989944458008,0,0.0,0.0,0.0
2023-07-12 11:30:00-04:00,32.43000030517578,32.43000030517578,32.43000030517578,32.43000030517578,0,0.0,0.0,0.0
2023-07-12 12:30:00-04:00,32.459999084472656,32.474998474121094,32.459999084472656,32.474998474121094,0,0.0,0.0,0.0
2023-07-12 13:30:00-04:00,32.5099983215332,32.5099983215332,32.43939971923828,32.43939971923828,0,0.0,0.0,0.0
2023-07-13 09:30:00-04:00,32.619998931884766,32.619998931884766,32.619998931884766,32.619998931884766,407,0.0,0.0,0.0
2023-07-13 10:30:00-04:00,32.53010177612305,32.560001373291016,32.53010177612305,32.559898376464844,766,0.0,0.0,0.0
2023-07-13 11:30:00-04:00,32.55500030517578,32.599998474121094,32.55500030517578,32.599998474121094,8426,0.0,0.0,0.0
2023-07-13 13:30:00-04:00,32.609901428222656,32.61389923095703,32.5880012512207,32.61389923095703,1486,0.0,0.0,0.0
2023-07-13 14:30:00-04:00,32.59000015258789,32.60499954223633,32.560001373291016,32.599998474121094,2860,0.0,0.0,0.0
2023-07-13 15:30:00-04:00,32.61989974975586,32.625,32.59000015258789,32.599998474121094,4962,0.0,0.0,0.0
2023-07-14 09:30:00-04:00,32.45500183105469,32.45500183105469,32.45500183105469,32.45500183105469,0,0.0,0.0,0.0
2023-07-14 11:30:00-04:00,32.38999938964844,32.4099006652832,32.38999938964844,32.4099006652832,890,0.0,0.0,0.0
2023-07-14 12:30:00-04:00,32.39500045776367,32.39500045776367,32.361000061035156,32.361000061035156,757,0.0,0.0,0.0
2023-07-14 13:30:00-04:00,32.45899963378906,32.45899963378906,32.45899963378906,32.45899963378906,3764,0.0,0.0,0.0
2023-07-14 14:30:00-04:00,32.43000030517578,32.43000030517578,32.40999984741211,32.40999984741211,4863,0.0,0.0,0.0
2023-07-14 15:30:00-04:00,32.43000030517578,32.470001220703125,32.380001068115234,32.452999114990234,3005,0.0,0.0,0.0
2023-07-17 09:30:00-04:00,32.58000183105469,32.58000183105469,32.58000183105469,32.58000183105469,0,0.0,0.0,0.0
2023-07-17 10:30:00-04:00,32.560001373291016,32.560001373291016,32.560001373291016,32.560001373291016,142,0.0,0.0,0.0
2023-07-17 11:30:00-04:00,32.619998931884766,32.69499969482422,32.619998931884766,32.69499969482422,2090,0.0,0.0,0.0
2023-07-17 12:30:00-04:00,32.71989822387695,32.720001220703125,32.709999084472656,32.720001220703125,4528,0.0,0.0,0.0
2023-07-17 13:30:00-04:00,32.68000030517578,32.70000076293945,32.68000030517578,32.70000076293945,19859,0.0,0.0,0.0
2023-07-17 15:30:00-04:00,32.709999084472656,32.709999084472656,32.619998931884766,32.65650177001953,7116,0.0,0.0,0.0
2023-07-18 09:30:00-04:00,32.599998474121094,32.599998474121094,32.599998474121094,32.599998474121094,0,0.0,0.0,0.0
2023-07-18 10:30:00-04:00,32.845001220703125,32.88999938964844,32.810001373291016,32.88999938964844,18341,0.0,0.0,0.0
2023-07-18 12:30:00-04:00,32.79999923706055,32.849998474121094,32.79999923706055,32.849998474121094,433,0.0,0.0,0.0
2023-07-18 13:30:00-04:00,32.81999969482422,32.880001068115234,32.810001373291016,32.810001373291016,92239,0.0,0.0,0.0
2023-07-18 14:30:00-04:00,32.8838005065918,32.93000030517578,32.875,32.91600036621094,2993,0.0,0.0,0.0
2023-07-18 15:30:00-04:00,32.88999938964844,32.90999984741211,32.849998474121094,32.89739990234375,2661,0.0,0.0,0.0
2023-07-19 09:30:00-04:00,33.0,33.0,32.95009994506836,32.95009994506836,0,0.0,0.0,0.0
2023-07-19 10:30:00-04:00,32.94499969482422,32.97010040283203,32.890098571777344,32.97010040283203,897,0.0,0.0,0.0
2023-07-19 11:30:00-04:00,32.939998626708984,32.974998474121094,32.939998626708984,32.974998474121094,871,0.0,0.0,0.0
2023-07-19 12:30:00-04:00,32.89500045776367,32.93600082397461,32.86009979248047,32.86009979248047,834,0.0,0.0,0.0
2023-07-19 13:30:00-04:00,32.900001525878906,32.900001525878906,32.88999938964844,32.88999938964844,258,0.0,0.0,0.0
2023-07-19 14:30:00-04:00,32.88999938964844,32.959999084472656,32.88999938964844,32.959999084472656,412,0.0,0.0,0.0
2023-07-19 15:30:00-04:00,32.91999816894531,33.0,32.91999816894531,32.9900016784668,5635,0.0,0.0,0.0
2023-07-20 09:30:00-04:00,32.900001525878906,32.900001525878906,32.900001525878906,32.900001525878906,0,0.0,0.0,0.0
2023-07-20 13:30:00-04:00,32.755001068115234,32.755001068115234,32.755001068115234,32.755001068115234,367,0.0,0.0,0.0
2023-07-20 14:30:00-04:00,32.77000045776367,32.81990051269531,32.7599983215332,32.7599983215332,13401,0.0,0.0,0.0
2023-07-20 15:30:00-04:00,32.79999923706055,32.83000183105469,32.775001525878906,32.790000915527344,2575,0.0,0.0,0.0
2023-07-21 09:30:00-04:00,32.83000183105469,32.849998474121094,32.750099182128906,32.834999084472656,0,0.0,0.0,0.0
2023-07-21 10:30:00-04:00,32.84000015258789,32.849998474121094,32.84000015258789,32.84989929199219,0,0.0,0.0,0.0
2023-07-21 11:30:00-04:00,32.8484001159668,32.8484001159668,32.8484001159668,32.8484001159668,1825,0.0,0.0,0.0
2023-07-21 13:30:00-04:00,32.77000045776367,32.86000061035156,32.760101318359375,32.86000061035156,6774,0.0,0.0,0.0
2023-07-21 14:30:00-04:00,32.70000076293945,32.7599983215332,32.70000076293945,32.720001220703125,7512,0.0,0.0,0.0
2023-07-21 15:30:00-04:00,32.720001220703125,32.790000915527344,32.689998626708984,32.709999084472656,3390,0.0,0.0,0.0
2023-07-24 09:30:00-04:00,32.849998474121094,32.849998474121094,32.849998474121094,32.849998474121094,0,0.0,0.0,0.0
2023-07-24 11:30:00-04:00,32.790000915527344,32.790000915527344,32.790000915527344,32.790000915527344,497,0.0,0.0,0.0
2023-07-24 12:30:00-04:00,32.82469940185547,32.82469940185547,32.79499816894531,32.810001373291016,2652,0.0,0.0,0.0
2023-07-24 13:30:00-04:00,32.78010177612305,32.78010177612305,32.78010177612305,32.78010177612305,878,0.0,0.0,0.0
2023-07-24 14:30:00-04:00,32.81999969482422,32.82500076293945,32.81999969482422,32.81999969482422,1776,0.0,0.0,0.0
2023-07-24 15:30:00-04:00,32.79999923706055,32.80699920654297,32.75,32.79439926147461,0,0.0,0.0,0.0
2023-07-25 09:30:00-04:00,32.93989944458008,32.93989944458008,32.93989944458008,32.93989944458008,0,0.0,0.0,0.0
2023-07-25 10:30:00-04:00,32.849998474121094,32.93000030517578,32.84000015258789,32.84000015258789,3192,0.0,0.0,0.0
2023-07-25 11:30:00-04:00,32.869998931884766,32.869998931884766,32.810001373291016,32.869998931884766,3853,0.0,0.0,0.0
2023-07-25 12:30:00-04:00,32.83000183105469,32.83000183105469,32.83000183105469,32.83000183105469,687,0.0,0.0,0.0
2023-07-25 14:30:00-04:00,32.89870071411133,32.89870071411133,32.810001373291016,32.810001373291016,894,0.0,0.0,0.0
2023-07-25 15:30:00-04:00,32.80739974975586,32.80739974975586,32.80739974975586,32.80739974975586,0,0.0,0.0,0.0
2023-07-26 11:30:00-04:00,32.939998626708984,32.939998626708984,32.900001525878906,32.900001525878906,173102,0.0,0.0,0.0
2023-07-26 12:30:00-04:00,32.939998626708984,32.939998626708984,32.85129928588867,32.93000030517578,13351,0.0,0.0,0.0
2023-07-26 13:30:00-04:00,32.86000061035156,32.86000061035156,32.84000015258789,32.849998474121094,145912,0.0,0.0,0.0
2023-07-26 14:30:00-04:00,32.86000061035156,32.939998626708984,32.849998474121094,32.880001068115234,5946,0.0,0.0,0.0
2023-07-26 15:30:00-04:00,32.88999938964844,32.989898681640625,32.88999938964844,32.989898681640625,807,0.0,0.0,0.0
2023-07-27 09:30:00-04:00,33.0,33.070899963378906,32.979000091552734,32.979000091552734,0,0.0,0.0,0.0
2023-07-27 11:30:00-04:00,32.939998626708984,32.939998626708984,32.93000030517578,32.93000030517578,0,0.0,0.0,0.0
2023-07-27 12:30:00-04:00,32.933998107910156,32.933998107910156,32.930999755859375,32.930999755859375,2285,0.0,0.0,0.0
2023-07-27 13:30:00-04:00,32.77000045776367,32.78499984741211,32.77000045776367,32.78499984741211,2903,0.0,0.0,0.0
2023-07-27 15:30:00-04:00,32.6713981628418,32.6713981628418,32.6713981628418,32.6713981628418,0,0.0,0.0,0.0
2023-07-28 10:30:00-04:00,33.02000045776367,33.029998779296875,33.02000045776367,33.02989959716797,5106,0.0,0.0,0.0
2023-07-28 12:30:00-04:00,33.0099983215332,33.0099983215332,33.0099983215332,33.0099983215332,2097,0.0,0.0,0.0
2023-07-28 13:30:00-04:00,32.96500015258789,32.96500015258789,32.96500015258789,32.96500015258789,2518,0.0,0.0,0.0
2023-07-28 15:30:00-04:00,32.98500061035156,32.98500061035156,32.95119857788086,32.95119857788086,592,0.0,0.0,0.0
2023-07-31 09:30:00-04:00,33.13999938964844,33.13999938964844,33.13999938964844,33.13999938964844,0,0.0,0.0,0.0
2023-07-31 11:30:00-04:00,33.13999938964844,33.13999938964844,33.1078987121582,33.11000061035156,468,0.0,0.0,0.0
2023-07-31 14:30:00-04:00,33.189998626708984,33.189998626708984,33.15999984741211,33.15999984741211,450,0.0,0.0,0.0
2023-07-31 15:30:00-04:00,33.18989944458008,33.18989944458008,33.11000061035156,33.165000915527344,0,0.0,0.0,0.0
2023-08-01 09:30:00-04:00,33.060001373291016,33.060001373291016,32.9900016784668,33.0099983215332,21207,0.0,0.0,0.0
2023-08-01 10:30:00-04:00,32.93000030517578,32.93000030517578,32.91999816894531,32.920101165771484,9809,0.0,0.0,0.0
2023-08-01 12:30:00-04:00,32.98099899291992,32.98099899291992,32.98099899291992,32.98099899291992,354,0.0,0.0,0.0
2023-08-01 13:30:00-04:00,33.083099365234375,33.083099365234375,33.083099365234375,33.083099365234375,1286,0.0,0.0,0.0
2023-08-01 14:30:00-04:00,33.10240173339844,33.10240173339844,33.10240173339844,33.10240173339844,0,0.0,0.0,0.0
2023-08-01 15:30:00-04:00,33.04999923706055,33.10110092163086,33.04999923706055,33.10110092163086,118,0.0,0.0,0.0
2023-08-02 09:30:00-04:00,32.83000183105469,32.83000183105469,32.83000183105469,32.83000183105469,193,0.0,0.0,0.0
2023-08-02 10:30:00-04:00,32.82500076293945,32.82500076293945,32.75,32.75,1440,0.0,0.0,0.0
2023-08-02 12:30:00-04:00,32.81999969482422,32.81999969482422,32.81999969482422,32.81999969482422,490,0.0,0.0,0.0
2023-08-02 13:30:00-04:00,32.879798889160156,32.879798889160156,32.82500076293945,32.82500076293945,0,0.0,0.0,0.0
2023-08-02 14:30:00-04:00,32.81399917602539,32.86989974975586,32.779998779296875,32.834999084472656,121159,0.0,0.0,0.0
2023-08-02 15:30:00-04:00,32.81990051269531,32.87900161743164,32.79999923706055,32.8760986328125,1872,0.0,0.0,0.0
2023-08-03 09:30:00-04:00,32.62009811401367,32.70500183105469,32.62009811401367,32.70500183105469,0,0.0,0.0,0.0
2023-08-03 10:30:00-04:00,32.720001220703125,32.810001373291016,32.720001220703125,32.79669952392578,5760,0.0,0.0,0.0
2023-08-03 11:30:00-04:00,32.7599983215332,32.792598724365234,32.72100067138672,32.75,2853,0.0,0.0,0.0
2023-08-03 12:30:00-04:00,32.85020065307617,32.90999984741211,32.814998626708984,32.88990020751953,106001,0.0,0.0,0.0
2023-08-03 13:30:00-04:00,32.790000915527344,32.813499450683594,32.78010177612305,32.80500030517578,6558,0.0,0.0,0.0
2023-08-03 15:30:00-04:00,32.724998474121094,32.77000045776367,32.724998474121094,32.7400016784668,0,0.0,0.0,0.0
2023-08-04 09:30:00-04:00,32.79999923706055,32.79999923706055,32.75,32.75,835,0.0,0.0,0.0
2023-08-04 10:30:00-04:00,32.89189910888672,32.89189910888672,32.8650016784668,32.8650016784668,862,0.0,0.0,0.0
2023-08-04 11:30:00-04:00,32.900001525878906,32.900001525878906,32.900001525878906,32.900001525878906,0,0.0,0.0,0.0
2023-08-04 13:30:00-04:00,32.90399932861328,32.90399932861328,32.80009841918945,32.82630157470703,15911,0.0,0.0,0.0
2023-08-04 14:30:00-04:00,32.744998931884766,32.77000045776367,32.73500061035156,32.73500061035156,1162,0.0,0.0,0.0
2023-08-07 09:30:00-04:00,32.790000915527344,32.790000915527344,32.63999938964844,32.73749923706055,0,0.0,0.0,0.0
2023-08-07 11:30:00-04:00,32.720001220703125,32.720001220703125,32.720001220703125,32.720001220703125,100,0.0,0.0,0.0
2023-08-07 12:30:00-04:00,32.70000076293945,32.70000076293945,32.70000076293945,32.70000076293945,400,0.0,0.0,0.0
2023-08-07 13:30:00-04:00,32.77000045776367,32.81679916381836,32.77000045776367,32.775001525878906,973,0.0,0.0,0.0
2023-08-07 14:30:00-04:00,32.755001068115234,32.755001068115234,32.72999954223633,32.755001068115234,916,0.0,0.0,0.0
2023-08-07 15:30:00-04:00,32.7599983215332,32.7599983215332,32.7599983215332,32.7599983215332,0,0.0,0.0,0.0
2023-08-08 09:30:00-04:00,32.630001068115234,32.630001068115234,32.38999938964844,32.440399169921875,3196,0.0,0.0,0.0
2023-08-08 10:30:00-04:00,32.404998779296875,32.404998779296875,32.404998779296875,32.404998779296875,103,0.0,0.0,0.0
2023-08-08 11:30:00-04:00,32.41999816894531,32.41999816894531,32.41999816894531,32.41999816894531,749,0.0,0.0,0.0
2023-08-08 12:30:00-04:00,32.476898193359375,32.540000915527344,32.476898193359375,32.540000915527344,2936,0.0,0.0,0.0
2023-08-08 13:30:00-04:00,32.5015983581543,32.56999969482422,32.5015983581543,32.56999969482422,1630,0.0,0.0,0.0
2023-08-08 14:30:00-04:00,32.61000061035156,32.617000579833984,32.61000061035156,32.617000579833984,703,0.0,0.0,0.0
2023-08-08 15:30:00-04:00,32.599998474121094,32.6885986328125,32.599998474121094,32.61000061035156,0,0.0,0.0,0.0
2023-08-09 10:30:00-04:00,32.529998779296875,32.529998779296875,32.459999084472656,32.459999084472656,30737,0.0,0.0,0.0
2023-08-09 11:30:00-04:00,32.41999816894531,32.42070007324219,32.40999984741211,32.41999816894531,45594,0.0,0.0,0.0
2023-08-09 12:30:00-04:00,32.415000915527344,32.52000045776367,32.415000915527344,32.52000045776367,1400,0.0,0.0,0.0
2023-08-09 13:30:00-04:00,32.52000045776367,32.52000045776367,32.47100067138672,32.52000045776367,106490,0.0,0.0,0.0
2023-08-09 14:30:00-04:00,32.5724983215332,32.5724983215332,32.529998779296875,32.529998779296875,1094,0.0,0.0,0.0
2023-08-09 15:30:00-04:00,32.499900817871094,32.499900817871094,32.470001220703125,32.470001220703125,0,0.0,0.0,0.0
2023-08-10 09:30:00-04:00,32.720001220703125,32.720001220703125,32.720001220703125,32.720001220703125,203,0.0,0.0,0.0
2023-08-10 11:30:00-04:00,32.52399826049805,32.54119873046875,32.52000045776367,32.52000045776367,1051,0.0,0.0,0.0
2023-08-10 14:30:00-04:00,32.380001068115234,32.380001068115234,32.369998931884766,32.37009811401367,2489,0.0,0.0,0.0
2023-08-10 15:30:00-04:00,32.38130187988281,32.38130187988281,32.38130187988281,32.38130187988281,0,0.0,0.0,0.0
2023-08-11 09:30:00-04:00,32.43000030517578,32.470001220703125,32.43000030517578,32.470001220703125,351,0.0,0.0,0.0
2023-08-11 10:30:00-04:00,32.38999938964844,32.38999938964844,32.38999938964844,32.38999938964844,679,0.0,0.0,0.0
2023-08-11 11:30:00-04:00,32.41999816894531,32.41999816894531,32.41999816894531,32.41999816894531,0,0.0,0.0,0.0
2023-08-11 13:30:00-04:00,32.470001220703125,32.5,32.459999084472656,32.47999954223633,6000,0.0,0.0,0.0
2023-08-11 14:30:00-04:00,32.47999954223633,32.52000045776367,32.411399841308594,32.5099983215332,13148,0.0,0.0,0.0
2023-08-11 15:30:00-04:00,32.5099983215332,32.52000045776367,32.420101165771484,32.4900016784668,8083,0.0,0.0,0.0
2023-08-14 09:30:00-04:00,32.22999954223633,32.22999954223633,32.22999954223633,32.22999954223633,0,0.0,0.0,0.0
2023-08-14 14:30:00-04:00,32.38990020751953,32.38990020751953,32.38990020751953,32.38990020751953,3802,0.0,0.0,0.0
2023-08-14 15:30:00-04:00,32.375,32.42250061035156,32.375,32.400001525878906,813,0.0,0.0,0.0
2023-08-15 09:30:00-04:00,32.2599983215332,32.2599983215332,32.2599983215332,32.2599983215332,0,0.0,0.0,0.0
2023-08-15 10:30:00-04:00,32.15999984741211,32.15999984741211,32.15999984741211,32.15999984741211,138,0.0,0.0,0.0
2023-08-15 11:30:00-04:00,32.224998474121094,32.224998474121094,32.224998474121094,32.224998474121094,1013,0.0,0.0,0.0
2023-08-15 12:30:00-04:00,32.1599006652832,32.1599006652832,32.1599006652832,32.1599006652832,309,0.0,0.0,0.0
2023-08-15 13:30:00-04:00,32.125,32.125,32.0901985168457,32.0901985168457,477,0.0,0.0,0.0
2023-08-15 14:30:00-04:00,32.130001068115234,32.18009948730469,32.130001068115234,32.18009948730469,385,0.0,0.0,0.0
2023-08-15 15:30:00-04:00,32.06010055541992,32.10499954223633,32.06010055541992,32.10499954223633,365,0.0,0.0,0.0
2023-08-16 09:30:00-04:00,32.19499969482422,32.19499969482422,32.11000061035156,32.11000061035156,1720,0.0,0.0,0.0
2023-08-16 10:30:00-04:00,32.029998779296875,32.10940170288086,32.029998779296875,32.10940170288086,2117,0.0,0.0,0.0
2023-08-16 11:30:00-04:00,32.0885009765625,32.0885009765625,32.0885009765625,32.0885009765625,405,0.0,0.0,0.0
2023-08-16 12:30:00-04:00,31.920000076293945,31.920000076293945,31.920000076293945,31.920000076293945,796,0.0,0.0,0.0
2023-08-16 13:30:00-04:00,31.959999084472656,31.979999542236328,31.8799991607666,31.8799991607666,2958,0.0,0.0,0.0
2023-08-16 15:30:00-04:00,31.864999771118164,31.882699966430664,31.790000915527344,31.790000915527344,6780,0.0,0.0,0.0
2023-08-17 09:30:00-04:00,31.799999237060547,31.799999237060547,31.799999237060547,31.799999237060547,395,0.0,0.0,0.0
2023-08-17 10:30:00-04:00,31.709999084472656,31.709999084472656,31.709999084472656,31.709999084472656,0,0.0,0.0,0.0
2023-08-17 11:30:00-04:00,31.701000213623047,31.75,31.701000213623047,31.75,1428,0.0,0.0,0.0
2023-08-17 12:30:00-04:00,31.740100860595703,31.740100860595703,31.740100860595703,31.740100860595703,426,0.0,0.0,0.0
2023-08-17 15:30:00-04:00,31.579999923706055,31.594900131225586,31.565000534057617,31.565000534057617,0,0.0,0.0,0.0
2023-08-18 09:30:00-04:00,31.579999923706055,31.579999923706055,31.579999923706055,31.579999923706055,156,0.0,0.0,0.0
2023-08-18 10:30:00-04:00,31.614999771118164,31.614999771118164,31.579999923706055,31.614999771118164,956,0.0,0.0,0.0
2023-08-18 11:30:00-04:00,31.640100479125977,31.640100479125977,31.640100479125977,31.640100479125977,265,0.0,0.0,0.0
2023-08-18 12:30:00-04:00,31.69499969482422,31.69499969482422,31.69499969482422,31.69499969482422,155,0.0,0.0,0.0
2023-08-18 14:30:00-04:00,31.71500015258789,31.719999313354492,31.685699462890625,31.685699462890625,750,0.0,0.0,0.0
2023-08-21 09:30:00-04:00,31.65999984741211,31.65999984741211,31.65999984741211,31.65999984741211,60453,0.0,0.0,0.0
2023-08-21 10:30:00-04:00,31.610000610351562,31.610000610351562,31.610000610351562,31.610000610351562,200,0.0,0.0,0.0
2023-08-21 11:30:00-04:00,31.540000915527344,31.540000915527344,31.540000915527344,31.540000915527344,200,0.0,0.0,0.0
2023-08-21 12:30:00-04:00,31.510000228881836,31.520000457763672,31.510000228881836,31.520000457763672,1055,0.0,0.0,0.0
2023-08-21 13:30:00-04:00,31.639699935913086,31.639799118041992,31.59000015258789,31.59000015258789,3216,0.0,0.0,0.0
2023-08-21 14:30:00-04:00,31.639400482177734,31.639400482177734,31.610000610351562,31.635000228881836,0,0.0,0.0,0.0
2023-08-22 09:30:00-04:00,31.56999969482422,31.600000381469727,31.56999969482422,31.600000381469727,410,0.0,0.0,0.0
2023-08-22 11:30:00-04:00,31.614999771118164,31.614999771118164,31.614999771118164,31.614999771118164,493,0.0,0.0,0.0
2023-08-22 13:30:00-04:00,31.579999923706055,31.579999923706055,31.570100784301758,31.570100784301758,1750,0.0,0.0,0.0
2023-08-22 14:30:00-04:00,31.559999465942383,31.559999465942383,31.551000595092773,31.551000595092773,1432,0.0,0.0,0.0
2023-08-22 15:30:00-04:00,31.625999450683594,31.6299991607666,31.57550048828125,31.57550048828125,0,0.0,0.0,0.0
2023-08-23 09:30:00-04:00,31.56999969482422,31.684999465942383,31.56999969482422,31.649999618530273,863,0.0,0.0,0.0
2023-08-23 10:30:00-04:00,31.690000534057617,31.690000534057617,31.690000534057617,31.690000534057617,200,0.0,0.0,0.0
2023-08-23 11:30:00-04:00,31.819900512695312,31.819900512695312,31.790000915527344,31.790000915527344,675,0.0,0.0,0.0
2023-08-23 12:30:00-04:00,31.81999969482422,31.81999969482422,31.81999969482422,31.81999969482422,200,0.0,0.0,0.0
2023-08-23 13:30:00-04:00,31.82069969177246,31.82069969177246,31.82069969177246,31.82069969177246,294,0.0,0.0,0.0
2023-08-23 14:30:00-04:00,31.78569984436035,31.78569984436035,31.78569984436035,31.78569984436035,0,0.0,0.0,0.0
2023-08-24 09:30:00-04:00,31.670000076293945,31.670000076293945,31.670000076293945,31.670000076293945,220,0.0,0.0,0.0
2023-08-24 10:30:00-04:00,31.680099487304688,31.680099487304688,31.680099487304688,31.680099487304688,764,0.0,0.0,0.0
2023-08-24 11:30:00-04:00,31.584999084472656,31.584999084472656,31.584999084472656,31.584999084472656,530,0.0,0.0,0.0
2023-08-24 12:30:00-04:00,31.600000381469727,31.600000381469727,31.600000381469727,31.600000381469727,699,0.0,0.0,0.0
2023-08-24 14:30:00-04:00,31.600000381469727,31.600000381469727,31.575000762939453,31.600000381469727,543,0.0,0.0,0.0
2023-08-24 15:30:00-04:00,31.489999771118164,31.559499740600586,31.485000610351562,31.511899948120117,0,0.0,0.0,0.0
2023-08-25 10:30:00-04:00,31.350000381469727,31.350000381469727,31.350000381469727,31.350000381469727,264,0.0,0.0,0.0
2023-08-25 11:30:00-04:00,31.469999313354492,31.469999313354492,31.469999313354492,31.469999313354492,319,0.0,0.0,0.0
2023-08-25 13:30:00-04:00,31.510000228881836,31.510000228881836,31.510000228881836,31.510000228881836,1114,0.0,0.0,0.0
2023-08-25 15:30:00-04:00,31.549999237060547,31.549999237060547,31.549999237060547,31.549999237060547,520,0.0,0.0,0.0
2023-08-28 09:30:00-04:00,31.904699325561523,31.904699325561523,31.904699325561523,31.904699325561523,0,0.0,0.0,0.0
2023-08-28 10:30:00-04:00,31.81999969482422,31.835500717163086,31.81999969482422,31.835500717163086,1448,0.0,0.0,0.0
2023-08-28 11:30:00-04:00,31.770000457763672,31.78339958190918,31.770000457763672,31.78339958190918,1600,0.0,0.0,0.0
2023-08-28 12:30:00-04:00,31.790000915527344,31.825000762939453,31.770000457763672,31.825000762939453,0,0.0,0.0,0.0
2023-08-28 13:30:00-04:00,31.799999237060547,31.799999237060547,31.799999237060547,31.799999237060547,7608,0.0,0.0,0.0
2023-08-28 14:30:00-04:00,31.807899475097656,31.807899475097656,31.807899475097656,31.807899475097656,882,0.0,0.0,0.0
2023-08-28 15:30:00-04:00,31.790000915527344,31.795499801635742,31.760000228881836,31.77910041809082,2405,0.0,0.0,0.0
2023-08-29 09:30:00-04:00,31.760000228881836,31.760000228881836,31.760000228881836,31.760000228881836,0,0.0,0.0,0.0
2023-08-29 10:30:00-04:00,32.010501861572266,32.010501861572266,32.010501861572266,32.010501861572266,1230,0.0,0.0,0.0
2023-08-29 11:30:00-04:00,32.0099983215332,32.0099983215332,32.0099983215332,32.0099983215332,378,0.0,0.0,0.0
2023-08-29 12:30:00-04:00,32.11000061035156,32.11000061035156,32.11000061035156,32.11000061035156,138,0.0,0.0,0.0
2023-08-29 13:30:00-04:00,32.060001373291016,32.060001373291016,32.060001373291016,32.060001373291016,118,0.0,0.0,0.0
2023-08-29 14:30:00-04:00,32.113800048828125,32.113800048828125,32.113800048828125,32.113800048828125,467,0.0,0.0,0.0
2023-08-29 15:30:00-04:00,32.06999969482422,32.09000015258789,32.06999969482422,32.09000015258789,0,0.0,0.0,0.0
2023-08-30 10:30:00-04:00,32.18000030517578,32.18000030517578,32.18000030517578,32.18000030517578,157,0.0,0.0,0.0
2023-08-30 11:30:00-04:00,32.209999084472656,32.279998779296875,32.209999084472656,32.2400016784668,1548,0.0,0.0,0.0
2023-08-30 12:30:00-04:00,32.230098724365234,32.230098724365234,32.189998626708984,32.224998474121094,1807,0.0,0.0,0.0
2023-08-30 13:30:00-04:00,32.16999816894531,32.18000030517578,32.16999816894531,32.172000885009766,431,0.0,0.0,0.0
2023-08-30 14:30:00-04:00,32.20600128173828,32.21500015258789,32.20600128173828,32.21500015258789,511,0.0,0.0,0.0
2023-08-30 15:30:00-04:00,32.15999984741211,32.2400016784668,32.150001525878906,32.19169998168945,0,0.0,0.0,0.0
2023-08-31 09:30:00-04:00,32.3026008605957,32.3026008605957,32.3026008605957,32.3026008605957,2645,0.0,0.0,0.0
2023-08-31 11:30:00-04:00,32.304901123046875,32.304901123046875,32.189998626708984,32.190101623535156,4140,0.0,0.0,0.0
2023-08-31 12:30:00-04:00,32.24420166015625,32.2598991394043,32.189998626708984,32.224998474121094,620,0.0,0.0,0.0
2023-08-31 13:30:00-04:00,32.235599517822266,32.235599517822266,32.19110107421875,32.22779846191406,1895,0.0,0.0,0.0
2023-08-31 14:30:00-04:00,32.18339920043945,32.18339920043945,32.18339920043945,32.18339920043945,100,0.0,0.0,0.0
2023-08-31 15:30:00-04:00,32.13999938964844,32.15700149536133,32.13999938964844,32.15700149536133,0,0.0,0.0,0.0
2023-09-01 13:30:00-04:00,32.47999954223633,32.47999954223633,32.47999954223633,32.47999954223633,335,0.0,0.0,0.0
2023-09-01 15:30:00-04:00,32.369998931884766,32.44990158081055,32.369998931884766,32.44990158081055,1883,0.0,0.0,0.0
2023-09-05 09:30:00-04:00,32.349998474121094,32.349998474121094,32.349998474121094,32.349998474121094,0,0.0,0.0,0.0
2023-09-05 10:30:00-04:00,32.0099983215332,32.0099983215332,32.0099983215332,32.0099983215332,100,0.0,0.0,0.0
2023-09-05 11:30:00-04:00,31.9950008392334,32.04999923706055,31.9950008392334,32.04999923706055,4427,0.0,0.0,0.0
2023-09-05 12:30:00-04:00,32.0,32.0,32.0,32.0,882,0.0,0.0,0.0
2023-09-05 13:30:00-04:00,31.989999771118164,32.0099983215332,31.952699661254883,32.0099983215332,1789,0.0,0.0,0.0
2023-09-05 14:30:00-04:00,31.920000076293945,31.920000076293945,31.920000076293945,31.920000076293945,201,0.0,0.0,0.0
2023-09-05 15:30:00-04:00,31.950000762939453,31.969999313354492,31.88010025024414,31.94969940185547,4764,0.0,0.0,0.0
2023-09-06 09:30:00-04:00,31.89459991455078,31.89459991455078,31.89459991455078,31.89459991455078,410,0.0,0.0,0.0
2023-09-06 14:30:00-04:00,31.760000228881836,31.790000915527344,31.75,31.770000457763672,14512,0.0,0.0,0.0
2023-09-06 15:30:00-04:00,31.770000457763672,31.816299438476562,31.770000457763672,31.799999237060547,12035,0.0,0.0,0.0
2023-09-07 10:30:00-04:00,31.510000228881836,31.559999465942383,31.510000228881836,31.530000686645508,801,0.0,0.0,0.0
2023-09-07 11:30:00-04:00,31.530000686645508,31.56999969482422,31.530000686645508,31.56999969482422,766,0.0,0.0,0.0
2023-09-07 12:30:00-04:00,31.559999465942383,31.56999969482422,31.549999237060547,31.56999969482422,621,0.0,0.0,0.0
2023-09-07 14:30:00-04:00,31.627399444580078,31.627399444580078,31.594999313354492,31.600000381469727,1419,0.0,0.0,0.0
2023-09-07 15:30:00-04:00,31.59000015258789,31.6299991607666,31.59000015258789,31.59000015258789,1283,0.0,0.0,0.0
2023-09-08 09:30:00-04:00,31.52899932861328,31.52899932861328,31.52899932861328,31.52899932861328,0,0.0,0.0,0.0
2023-09-08 10:30:00-04:00,31.549999237060547,31.559999465942383,31.549999237060547,31.559999465942383,410,0.0,0.0,0.0
2023-09-08 11:30:00-04:00,31.610000610351562,31.610000610351562,31.600000381469727,31.600000381469727,513,0.0,0.0,0.0
2023-09-08 12:30:00-04:00,31.600099563598633,31.600099563598633,31.600099563598633,31.600099563598633,293,0.0,0.0,0.0
2023-09-08 13:30:00-04:00,31.609100341796875,31.609100341796875,31.600000381469727,31.600000381469727,12187,0.0,0.0,0.0
2023-09-08 15:30:00-04:00,31.559999465942383,31.559999465942383,31.52750015258789,31.52750015258789,170,0.0,0.0,0.0
2023-09-11 09:30:00-04:00,31.639999389648438,31.639999389648438,31.639999389648438,31.639999389648438,0,0.0,0.0,0.0
2023-09-11 12:30:00-04:00,31.649999618530273,31.649999618530273,31.649999618530273,31.649999618530273,497,0.0,0.0,0.0
2023-09-11 13:30:00-04:00,31.559999465942383,31.6299991607666,31.549999237060547,31.6299991607666,4208,0.0,0.0,0.0
2023-09-11 14:30:00-04:00,31.610000610351562,31.610000610351562,31.56100082397461,31.56100082397461,289,0.0,0.0,0.0
2023-09-12 09:30:00-04:00,31.459999084472656,31.65999984741211,31.459999084472656,31.65999984741211,2864,0.0,0.0,0.0
2023-09-12 10:30:00-04:00,31.65399932861328,31.65399932861328,31.559999465942383,31.610000610351562,8836,0.0,0.0,0.0
2023-09-12 11:30:00-04:00,31.649999618530273,31.65999984741211,31.649999618530273,31.65999984741211,6109,0.0,0.0,0.0
2023-09-12 12:30:00-04:00,31.610000610351562,31.610000610351562,31.610000610351562,31.610000610351562,5813,0.0,0.0,0.0
2023-09-12 14:30:00-04:00,31.600000381469727,31.600000381469727,31.600000381469727,31.600000381469727,649,0.0,0.0,0.0
2023-09-12 15:30:00-04:00,31.56999969482422,31.610000610351562,31.55500030517578,31.59000015258789,0,0.0,0.0,0.0
2023-09-13 10:30:00-04:00,31.473899841308594,31.473899841308594,31.473899841308594,31.473899841308594,468,0.0,0.0,0.0
2023-09-13 12:30:00-04:00,31.469999313354492,31.469999313354492,31.469999313354492,31.469999313354492,258,0.0,0.0,0.0
2023-09-13 14:30:00-04:00,31.3700008392334,31.3700008392334,31.3700008392334,31.3700008392334,560,0.0,0.0,0.0
2023-09-13 15:30:00-04:00,31.399999618530273,31.399999618530273,31.374300003051758,31.374300003051758,0,0.0,0.0,0.0
2023-09-14 10:30:00-04:00,31.73349952697754,31.73349952697754,31.73349952697754,31.73349952697754,1002,0.0,0.0,0.0
2023-09-14 11:30:00-04:00,31.700000762939453,31.700000762939453,31.700000762939453,31.700000762939453,209,0.0,0.0,0.0
2023-09-14 13:30:00-04:00,31.700000762939453,31.700000762939453,31.700000762939453,31.700000762939453,193,0.0,0.0,0.0
2023-09-14 14:30:00-04:00,31.749900817871094,31.749900817871094,31.690000534057617,31.690000534057617,2870,0.0,0.0,0.0
2023-09-14 15:30:00-04:00,31.674999237060547,31.691099166870117,31.674999237060547,31.691099166870117,295,0.0,0.0,0.0
2023-09-15 09:30:00-04:00,31.530000686645508,31.530000686645508,31.530000686645508,31.530000686645508,0,0.0,0.0,0.0
2023-09-15 10:30:00-04:00,31.399999618530273,31.399999618530273,31.399999618530273,31.399999618530273,269,0.0,0.0,0.0
2023-09-15 15:30:00-04:00,31.44499969482422,31.479999542236328,31.44499969482422,31.450000762939453,1524,0.0,0.0,0.0
2023-09-18 09:30:00-04:00,31.3700008392334,31.3700008392334,31.3700008392334,31.3700008392334,0,0.0,0.0,0.0
2023-09-18 10:30:00-04:00,31.360000610351562,31.360000610351562,31.360000610351562,31.360000610351562,0,0.0,0.0,0.0
2023-09-18 11:30:00-04:00,31.360000610351562,31.3799991607666,31.350000381469727,31.350000381469727,2980,0.0,0.0,0.0
2023-09-18 12:30:00-04:00,31.340299606323242,31.340299606323242,31.340299606323242,31.340299606323242,226,0.0,0.0,0.0
2023-09-18 14:30:00-04:00,31.31999969482422,31.31999969482422,31.31999969482422,31.31999969482422,184,0.0,0.0,0.0
2023-09-18 15:30:00-04:00,31.31999969482422,31.32990074157715,31.31999969482422,31.32990074157715,0,0.0,0.0,0.0
2023-09-19 12:30:00-04:00,31.15999984741211,31.15999984741211,31.15999984741211,31.15999984741211,265,0.0,0.0,0.0
2023-09-19 13:30:00-04:00,31.239999771118164,31.25,31.239900588989258,31.239900588989258,2393,0.0,0.0,0.0
2023-09-19 15:30:00-04:00,31.219999313354492,31.239999771118164,31.219900131225586,31.231199264526367,3417,0.0,0.0,0.0
2023-09-20 09:30:00-04:00,31.299999237060547,31.31999969482422,31.299999237060547,31.31999969482422,0,0.0,0.0,0.0
2023-09-20 10:30:00-04:00,31.31999969482422,31.329999923706055,31.315000534057617,31.315000534057617,448,0.0,0.0,0.0
2023-09-20 11:30:00-04:00,31.30500030517578,31.30500030517578,31.30500030517578,31.30500030517578,535,0.0,0.0,0.0
2023-09-20 12:30:00-04:00,31.260000228881836,31.260000228881836,31.260000228881836,31.260000228881836,208,0.0,0.0,0.0
2023-09-20 13:30:00-04:00,31.239999771118164,31.239999771118164,31.239999771118164,31.239999771118164,264,0.0,0.0,0.0
2023-09-20 14:30:00-04:00,31.219999313354492,31.219999313354492,31.049999237060547,31.149900436401367,1003,0.0,0.0,0.0
2023-09-20 15:30:00-04:00,30.964000701904297,30.964000701904297,30.964000701904297,30.964000701904297,0,0.0,0.0,0.0
2023-09-21 09:30:00-04:00,30.721900939941406,30.721900939941406,30.721900939941406,30.721900939941406,100,0.0,0.0,0.0
2023-09-21 10:30:00-04:00,30.709999084472656,30.709999084472656,30.709999084472656,30.709999084472656,302,0.0,0.0,0.0
2023-09-21 11:30:00-04:00,30.773500442504883,30.773500442504883,30.719999313354492,30.719999313354492,254,0.0,0.0,0.0
2023-09-21 12:30:00-04:00,30.700000762939453,30.700000762939453,30.69499969482422,30.69499969482422,370,0.0,0.0,0.0
2023-09-21 13:30:00-04:00,30.739999771118164,30.760000228881836,30.739999771118164,30.760000228881836,5787,0.0,0.0,0.0
2023-09-21 14:30:00-04:00,30.729999542236328,30.749900817871094,30.729999542236328,30.738800048828125,2471,0.0,0.0,0.0
2023-09-21 15:30:00-04:00,30.68000030517578,30.75,30.674999237060547,30.690000534057617,5672,0.0,0.0,0.0
2023-09-22 09:30:00-04:00,30.65999984741211,30.65999984741211,30.65999984741211,30.65999984741211,0,0.0,0.0,0.0
2023-09-22 11:30:00-04:00,30.66990089416504,30.66990089416504,30.66990089416504,30.66990089416504,336,0.0,0.0,0.0
2023-09-22 13:30:00-04:00,30.639999389648438,30.639999389648438,30.639999389648438,30.639999389648438,0,0.0,0.0,0.0
2023-09-22 15:30:00-04:00,30.68000030517578,30.68000030517578,30.590299606323242,30.590299606323242,2794,0.0,0.0,0.0
2023-09-25 10:30:00-04:00,30.59000015258789,30.59000015258789,30.579999923706055,30.579999923706055,0,0.0,0.0,0.0
2023-09-25 11:30:00-04:00,30.690000534057617,30.690000534057617,30.670000076293945,30.670000076293945,387,0.0,0.0,0.0
2023-09-25 12:30:00-04:00,30.700000762939453,30.700000762939453,30.700000762939453,30.700000762939453,594,0.0,0.0,0.0
2023-09-25 13:30:00-04:00,30.670000076293945,30.670000076293945,30.670000076293945,30.670000076293945,215,0.0,0.0,0.0
2023-09-25 15:30:00-04:00,30.704999923706055,30.719900131225586,30.70170021057129,30.70170021057129,0,0.0,0.0,0.0
2023-09-26 09:30:00-04:00,30.6299991607666,30.649999618530273,30.6299991607666,30.649999618530273,17453,0.0,0.0,0.0
2023-09-26 11:30:00-04:00,30.629899978637695,30.6299991607666,30.629899978637695,30.6299991607666,600,0.0,0.0,0.0
2023-09-26 12:30:00-04:00,30.56999969482422,30.56999969482422,30.520099639892578,30.549999237060547,2100,0.0,0.0,0.0
2023-09-26 15:30:00-04:00,30.499900817871094,30.502700805664062,30.454999923706055,30.489900588989258,3545,0.0,0.0,0.0
2023-09-27 09:30:00-04:00,30.5,30.5,30.5,30.5,0,0.0,0.0,0.0
2023-09-27 11:30:00-04:00,30.635000228881836,30.635000228881836,30.635000228881836,30.635000228881836,613,0.0,0.0,0.0
2023-09-27 12:30:00-04:00,30.549999237060547,30.549999237060547,30.549999237060547,30.549999237060547,387,0.0,0.0,0.0
2023-09-27 14:30:00-04:00,30.68079948425293,30.790000915527344,30.65999984741211,30.65999984741211,11330,0.0,0.0,0.0
2023-09-27 15:30:00-04:00,30.67009925842285,30.700000762939453,30.6299991607666,30.655000686645508,0,0.0,0.0,0.0
2023-09-28 09:30:00-04:00,30.6299991607666,30.674999237060547,30.6299991607666,30.674999237060547,1133,0.0,0.0,0.0
2023-09-28 10:30:00-04:00,30.735300064086914,30.735300064086914,30.735300064086914,30.735300064086914,436,0.0,0.0,0.0
2023-09-28 13:30:00-04:00,30.780000686645508,30.79800033569336,30.780000686645508,30.79800033569336,400,0.0,0.0,0.0
2023-09-28 15:30:00-04:00,30.780000686645508,30.814599990844727,30.780000686645508,30.814599990844727,0,0.0,0.0,0.0
2023-09-29 09:30:00-04:00,30.8799991607666,30.8799991607666,30.8799991607666,30.8799991607666,226,0.0,0.0,0.0
2023-09-29 12:30:00-04:00,30.68000030517578,30.68000030517578,30.68000030517578,30.68000030517578,129,0.0,0.0,0.0
2023-09-29 14:30:00-04:00,30.69099998474121,30.770000457763672,30.690000534057617,30.721099853515625,1094,0.0,0.0,0.0
2023-10-02 09:30:00-04:00,30.540000915527344,30.540000915527344,30.540000915527344,30.540000915527344,0,0.0,0.0,0.0
2023-10-02 10:30:00-04:00,30.440000534057617,30.59000015258789,30.440000534057617,30.58989906311035,1193,0.0,0.0,0.0
2023-10-02 13:30:00-04:00,30.360000610351562,30.360000610351562,30.34000015258789,30.34000015258789,3000,0.0,0.0,0.0
2023-10-02 14:30:00-04:00,30.389999389648438,30.389999389648438,30.38990020751953,30.38990020751953,821,0.0,0.0,0.0
2023-10-02 15:30:00-04:00,30.34749984741211,30.440000534057617,30.34749984741211,30.41469955444336,0,0.0,0.0,0.0
2023-10-03 12:30:00-04:00,30.174999237060547,30.174999237060547,30.15999984741211,30.15999984741211,82685,0.0,0.0,0.0
2023-10-03 13:30:00-04:00,30.06999969482422,30.06999969482422,30.06999969482422,30.06999969482422,442,0.0,0.0,0.0
2023-10-03 15:30:00-04:00,30.189899444580078,30.190000534057617,30.142499923706055,30.16990089416504,0,0.0,0.0,0.0
2023-10-04 10:30:00-04:00,29.910499572753906,30.030000686645508,29.910499572753906,30.030000686645508,400,0.0,0.0,0.0
2023-10-04 11:30:00-04:00,30.082300186157227,30.1289005279541,30.082300186157227,30.1289005279541,570,0.0,0.0,0.0
2023-10-04 12:30:00-04:00,30.123899459838867,30.149999618530273,30.059999465942383,30.059999465942383,1200,0.0,0.0,0.0
2023-10-04 13:30:00-04:00,30.02400016784668,30.02400016784668,30.020000457763672,30.020000457763672,461,0.0,0.0,0.0
2023-10-04 14:30:00-04:00,30.103500366210938,30.103500366210938,30.103500366210938,30.103500366210938,635,0.0,0.0,0.0
2023-10-04 15:30:00-04:00,30.145000457763672,30.15999984741211,30.049999237060547,30.130599975585938,0,0.0,0.0,0.0
2023-10-05 09:30:00-04:00,30.209999084472656,30.209999084472656,30.06999969482422,30.06999969482422,7503,0.0,0.0,0.0
2023-10-05 10:30:00-04:00,30.0,30.0,30.0,30.0,500,0.0,0.0,0.0
2023-10-05 11:30:00-04:00,30.049999237060547,30.06999969482422,30.0,30.020000457763672,223514,0.0,0.0,0.0
2023-10-05 12:30:00-04:00,30.030000686645508,30.059999465942383,29.969999313354492,29.969999313354492,12584,0.0,0.0,0.0
2023-10-05 13:30:00-04:00,30.127599716186523,30.127599716186523,30.127599716186523,30.127599716186523,409,0.0,0.0,0.0
2023-10-05 14:30:00-04:00,30.149999618530273,30.170000076293945,30.110000610351562,30.170000076293945,1941,0.0,0.0,0.0
2023-10-05 15:30:00-04:00,30.11009979248047,30.1200008392334,30.100000381469727,30.100000381469727,0,0.0,0.0,0.0
2023-10-06 09:30:00-04:00,30.076200485229492,30.076200485229492,30.076200485229492,30.076200485229492,586,0.0,0.0,0.0
2023-10-06 11:30:00-04:00,30.18000030517578,30.18000030517578,30.18000030517578,30.18000030517578,233,0.0,0.0,0.0
2023-10-06 12:30:00-04:00,30.30500030517578,30.339799880981445,30.260000228881836,30.260000228881836,4101,0.0,0.0,0.0
2023-10-06 13:30:00-04:00,30.339000701904297,30.3799991607666,30.290000915527344,30.296100616455078,3125,0.0,0.0,0.0
2023-10-09 09:30:00-04:00,30.260000228881836,30.270000457763672,30.15999984741211,30.200000762939453,24402,0.0,0.0,0.0
2023-10-09 10:30:00-04:00,30.209999084472656,30.309999465942383,30.209999084472656,30.250099182128906,48578,0.0,0.0,0.0
2023-10-09 11:30:00-04:00,30.3164005279541,30.3164005279541,30.290000915527344,30.290000915527344,466,0.0,0.0,0.0
2023-10-09 12:30:00-04:00,30.31999969482422,30.31999969482422,30.31999969482422,30.31999969482422,190,0.0,0.0,0.0
2023-10-09 13:30:00-04:00,30.3799991607666,30.489999771118164,30.31999969482422,30.449899673461914,3800,0.0,0.0,0.0
2023-10-09 14:30:00-04:00,30.444499969482422,30.459999084472656,30.3799991607666,30.420000076293945,10985,0.0,0.0,0.0
2023-10-09 15:30:00-04:00,30.424999237060547,30.43000030517578,30.405000686645508,30.422500610351562,0,0.0,0.0,0.0
2023-10-10 09:30:00-04:00,30.549999237060547,30.666500091552734,30.43000030517578,30.610000610351562,3600,0.0,0.0,0.0
2023-10-10 11:30:00-04:00,30.69499969482422,30.69499969482422,30.69499969482422,30.69499969482422,110,0.0,0.0,0.0
2023-10-10 12:30:00-04:00,30.65999984741211,30.729999542236328,30.610000610351562,30.610000610351562,6665,0.0,0.0,0.0
2023-10-10 13:30:00-04:00,30.674999237060547,30.709800720214844,30.674999237060547,30.709800720214844,523,0.0,0.0,0.0
2023-10-10 14:30:00-04:00,30.625,30.625,30.59000015258789,30.59000015258789,821,0.0,0.0,0.0
2023-10-10 15:30:00-04:00,30.634300231933594,30.634300231933594,30.59819984436035,30.59819984436035,0,0.0,0.0,0.0
2023-10-11 10:30:00-04:00,30.584999084472656,30.584999084472656,30.540000915527344,30.540000915527344,829,0.0,0.0,0.0
2023-10-11 11:30:00-04:00,30.56999969482422,30.56999969482422,30.399999618530273,30.399999618530273,3791,0.0,0.0,0.0
2023-10-11 12:30:00-04:00,30.450000762939453,30.450000762939453,30.395000457763672,30.395000457763672,1100,0.0,0.0,0.0
2023-10-11 13:30:00-04:00,30.440000534057617,30.450000762939453,30.440000534057617,30.440000534057617,300,0.0,0.0,0.0
2023-10-11 14:30:00-04:00,30.479999542236328,30.480100631713867,30.479999542236328,30.480100631713867,687,0.0,0.0,0.0
2023-10-11 15:30:00-04:00,30.531200408935547,30.600000381469727,30.530000686645508,30.579999923706055,0,0.0,0.0,0.0
2023-10-12 09:30:00-04:00,30.270000457763672,30.270000457763672,30.270000457763672,30.270000457763672,2309,0.0,0.0,0.0
2023-10-12 11:30:00-04:00,30.254100799560547,30.270000457763672,30.254100799560547,30.2549991607666,834,0.0,0.0,0.0
2023-10-12 12:30:00-04:00,30.260099411010742,30.274599075317383,30.110000610351562,30.170000076293945,1845,0.0,0.0,0.0
2023-10-12 13:30:00-04:00,30.15999984741211,30.15999984741211,30.110000610351562,30.110000610351562,1422,0.0,0.0,0.0
2023-10-12 14:30:00-04:00,30.13010025024414,30.15999984741211,30.110000610351562,30.1299991607666,3057,0.0,0.0,0.0
2023-10-12 15:30:00-04:00,30.15999984741211,30.189899444580078,30.139999389648438,30.139999389648438,0,0.0,0.0,0.0
2023-10-13 11:30:00-04:00,30.059999465942383,30.069599151611328,30.059999465942383,30.069599151611328,3027,0.0,0.0,0.0
2023-10-13 12:30:00-04:00,30.059999465942383,30.059999465942383,30.021400451660156,30.021400451660156,3066,0.0,0.0,0.0
2023-10-13 13:30:00-04:00,30.05500030517578,30.07990074157715,30.0132999420166,30.0132999420166,1665,0.0,0.0,0.0
2023-10-13 14:30:00-04:00,30.020000457763672,30.049999237060547,30.020000457763672,30.030799865722656,6205,0.0,0.0,0.0
2023-10-13 15:30:00-04:00,30.024900436401367,30.040000915527344,30.0132999420166,30.031099319458008,1646,0.0,0.0,0.0
2023-10-16 09:30:00-04:00,30.06999969482422,30.15999984741211,30.06999969482422,30.15999984741211,0,0.0,0.0,0.0
2023-10-16 10:30:00-04:00,30.190000534057617,30.190000534057617,30.190000534057617,30.190000534057617,150,0.0,0.0,0.0
2023-10-16 11:30:00-04:00,30.2549991607666,30.280000686645508,30.2549991607666,30.280000686645508,395,0.0,0.0,0.0
2023-10-16 12:30:00-04:00,30.270000457763672,30.270000457763672,30.270000457763672,30.270000457763672,320,0.0,0.0,0.0
2023-10-16 14:30:00-04:00,30.274999618530273,30.309999465942383,30.219999313354492,30.275299072265625,17693,0.0,0.0,0.0
2023-10-17 09:30:00-04:00,30.219999313354492,30.468000411987305,30.219999313354492,30.468000411987305,0,0.0,0.0,0.0
2023-10-17 10:30:00-04:00,30.440000534057617,30.524999618530273,30.43000030517578,30.524999618530273,2838,0.0,0.0,0.0
2023-10-17 11:30:00-04:00,30.550100326538086,30.550100326538086,30.549999237060547,30.549999237060547,446,0.0,0.0,0.0
2023-10-17 12:30:00-04:00,30.56999969482422,30.56999969482422,30.56999969482422,30.56999969482422,101,0.0,0.0,0.0
2023-10-17 13:30:00-04:00,30.510000228881836,30.510000228881836,30.469999313354492,30.47010040283203,435,0.0,0.0,0.0
2023-10-17 14:30:00-04:00,30.530000686645508,30.530000686645508,30.5,30.509899139404297,814,0.0,0.0,0.0
2023-10-17 15:30:00-04:00,30.514999389648438,30.514999389648438,30.469999313354492,30.5,938,0.0,0.0,0.0
2023-10-18 09:30:00-04:00,30.25,30.25,30.209999084472656,30.25,0,0.0,0.0,0.0
2023-10-18 10:30:00-04:00,30.225000381469727,30.225000381469727,30.173999786376953,30.173999786376953,1920,0.0,0.0,0.0
2023-10-18 11:30:00-04:00,30.209999084472656,30.209999084472656,30.190000534057617,30.200000762939453,190290,0.0,0.0,0.0
2023-10-18 12:30:00-04:00,30.18000030517578,30.18000030517578,30.18000030517578,30.18000030517578,302,0.0,0.0,0.0
2023-10-18 13:30:00-04:00,30.139999389648438,30.219999313354492,30.139999389648438,30.219999313354492,2632,0.0,0.0,0.0
2023-10-18 14:30:00-04:00,30.1299991607666,30.1299991607666,30.1299991607666,30.1299991607666,516,0.0,0.0,0.0
2023-10-18 15:30:00-04:00,30.079999923706055,30.08099937438965,30.079999923706055,30.08099937438965,0,0.0,0.0,0.0
2023-10-19 09:30:00-04:00,30.020000457763672,30.020000457763672,30.020000457763672,30.020000457763672,166,0.0,0.0,0.0
2023-10-19 10:30:00-04:00,30.01129913330078,30.022499084472656,29.959999084472656,30.0049991607666,1144,0.0,0.0,0.0
2023-10-19 11:30:00-04:00,30.010000228881836,30.1299991607666,30.010000228881836,30.1299991607666,1395,0.0,0.0,0.0
2023-10-19 13:30:00-04:00,30.007999420166016,30.007999420166016,30.007999420166016,30.007999420166016,663,0.0,0.0,0.0
2023-10-19 14:30:00-04:00,29.899999618530273,29.899999618530273,29.899999618530273,29.899999618530273,526,0.0,0.0,0.0
2023-10-19 15:30:00-04:00,29.889799118041992,29.889799118041992,29.8700008392334,29.8700008392334,883,0.0,0.0,0.0
2023-10-20 09:30:00-04:00,29.850000381469727,29.850000381469727,29.829999923706055,29.829999923706055,0,0.0,0.0,0.0
2023-10-20 10:30:00-04:00,29.760000228881836,29.81999969482422,29.739999771118164,29.739999771118164,2210,0.0,0.0,0.0
2023-10-20 12:30:00-04:00,29.790000915527344,29.81100082397461,29.790000915527344,29.81100082397461,504,0.0,0.0,0.0
2023-10-20 13:30:00-04:00,29.770000457763672,29.79010009765625,29.770000457763672,29.79010009765625,731,0.0,0.0,0.0
2023-10-20 14:30:00-04:00,29.700000762939453,29.729999542236328,29.700000762939453,29.729999542236328,345,0.0,0.0,0.0
2023-10-20 15:30:00-04:00,29.725000381469727,29.738500595092773,29.704999923706055,29.738500595092773,829,0.0,0.0,0.0
2023-10-23 09:30:00-04:00,29.559999465942383,29.670000076293945,29.559999465942383,29.670000076293945,0,0.0,0.0,0.0
2023-10-23 10:30:00-04:00,29.645000457763672,29.690000534057617,29.645000457763672,29.690000534057617,588,0.0,0.0,0.0
2023-10-23 11:30:00-04:00,29.690000534057617,29.70829963684082,29.690000534057617,29.70829963684082,960,0.0,0.0,0.0
2023-10-23 12:30:00-04:00,29.709999084472656,29.739999771118164,29.70359992980957,29.709999084472656,7104,0.0,0.0,0.0
2023-10-23 13:30:00-04:00,29.739999771118164,29.739999771118164,29.66200065612793,29.70989990234375,2614,0.0,0.0,0.0
2023-10-23 14:30:00-04:00,29.687999725341797,29.687999725341797,29.687999725341797,29.687999725341797,363,0.0,0.0,0.0
2023-10-23 15:30:00-04:00,29.6299991607666,29.6299991607666,29.56999969482422,29.625,1405,0.0,0.0,0.0
2023-10-24 09:30:00-04:00,29.780000686645508,29.780000686645508,29.700000762939453,29.700000762939453,0,0.0,0.0,0.0
2023-10-24 10:30:00-04:00,29.789899826049805,29.789899826049805,29.729999542236328,29.729999542236328,3769,0.0,0.0,0.0
2023-10-24 13:30:00-04:00,29.68600082397461,29.700000762939453,29.674999237060547,29.674999237060547,2082,0.0,0.0,0.0
2023-10-24 15:30:00-04:00,29.690000534057617,29.739900588989258,29.68000030517578,29.68000030517578,0,0.0,0.0,0.0
2023-10-25 09:30:00-04:00,29.513599395751953,29.513599395751953,29.513599395751953,29.513599395751953,318,0.0,0.0,0.0
2023-10-25 11:30:00-04:00,29.549999237060547,29.596799850463867,29.549999237060547,29.559999465942383,3393,0.0,0.0,0.0
2023-10-25 12:30:00-04:00,29.586000442504883,29.59000015258789,29.520099639892578,29.535400390625,2046,0.0,0.0,0.0
2023-10-25 13:30:00-04:00,29.520000457763672,29.530000686645508,29.520000457763672,29.52199935913086,2187,0.0,0.0,0.0
2023-10-25 14:30:00-04:00,29.540000915527344,29.540000915527344,29.520099639892578,29.534400939941406,2083,0.0,0.0,0.0
2023-10-25 15:30:00-04:00,29.559999465942383,29.559999465942383,29.489999771118164,29.549999237060547,2048,0.0,0.0,0.0
2023-10-26 09:30:00-04:00,29.459999084472656,29.459999084472656,29.459999084472656,29.459999084472656,0,0.0,0.0,0.0
2023-10-26 10:30:00-04:00,29.490100860595703,29.6200008392334,29.490100860595703,29.609399795532227,2902,0.0,0.0,0.0
2023-10-26 12:30:00-04:00,29.5,29.510000228881836,29.479999542236328,29.510000228881836,924,0.0,0.0,0.0
2023-10-26 13:30:00-04:00,29.584999084472656,29.600000381469727,29.584999084472656,29.600000381469727,302,0.0,0.0,0.0
2023-10-26 14:30:00-04:00,29.594999313354492,29.635000228881836,29.56999969482422,29.576499938964844,2921,0.0,0.0,0.0
2023-10-26 15:30:00-04:00,29.565000534057617,29.565000534057617,29.5,29.549999237060547,1864,0.0,0.0,0.0
2023-10-27 09:30:00-04:00,29.489999771118164,29.489999771118164,29.489999771118164,29.489999771118164,0,0.0,0.0,0.0
2023-10-27 10:30:00-04:00,29.474300384521484,29.474300384521484,29.474300384521484,29.474300384521484,438,0.0,0.0,0.0
2023-10-27 11:30:00-04:00,29.500099182128906,29.506799697875977,29.440000534057617,29.46190071105957,5809,0.0,0.0,0.0
2023-10-27 12:30:00-04:00,29.420000076293945,29.449100494384766,29.420000076293945,29.449100494384766,351,0.0,0.0,0.0
2023-10-27 13:30:00-04:00,29.424999237060547,29.424999237060547,29.420000076293945,29.420000076293945,1370,0.0,0.0,0.0
2023-10-27 15:30:00-04:00,29.389999389648438,29.389999389648438,29.360000610351562,29.389999389648438,712,0.0,0.0,0.0
2023-10-30 09:30:00-04:00,29.600000381469727,29.600000381469727,29.600000381469727,29.600000381469727,0,0.0,0.0,0.0
2023-10-30 10:30:00-04:00,29.3700008392334,29.3700008392334,29.3700008392334,29.3700008392334,252,0.0,0.0,0.0
2023-10-30 11:30:00-04:00,29.43000030517578,29.450000762939453,29.43000030517578,29.450000762939453,441,0.0,0.0,0.0
2023-10-30 14:30:00-04:00,29.440000534057617,29.530000686645508,29.440000534057617,29.489999771118164,8819,0.0,0.0,0.0
2023-10-30 15:30:00-04:00,29.4601993560791,29.530000686645508,29.4601993560791,29.473400115966797,216512,0.0,0.0,0.0
2023-10-31 09:30:00-04:00,29.420000076293945,29.58989906311035,29.420000076293945,29.489999771118164,0,0.0,0.0,0.0
2023-10-31 10:30:00-04:00,29.485000610351562,29.559900283813477,29.485000610351562,29.530000686645508,6671,0.0,0.0,0.0
2023-10-31 11:30:00-04:00,29.520999908447266,29.56679916381836,29.520999908447266,29.56679916381836,495,0.0,0.0,0.0
2023-10-31 12:30:00-04:00,29.549999237060547,29.56999969482422,29.540000915527344,29.545400619506836,2201,0.0,0.0,0.0
2023-10-31 14:30:00-04:00,29.540000915527344,29.579999923706055,29.540000915527344,29.579999923706055,0,0.0,0.0,0.0
2023-10-31 15:30:00-04:00,29.54400062561035,29.610000610351562,29.520700454711914,29.559499740600586,62,0.0,0.0,0.0
2023-11-01 09:30:00-04:00,29.520000457763672,29.61989974975586,29.520000457763672,29.61989974975586,1954,0.0,0.0,0.0
2023-11-01 10:30:00-04:00,29.549999237060547,29.55109977722168,29.4906005859375,29.55109977722168,257349,0.0,0.0,0.0
2023-11-01 11:30:00-04:00,29.532400131225586,29.532400131225586,29.5,29.520000457763672,1030,0.0,0.0,0.0
2023-11-01 12:30:00-04:00,29.524999618530273,29.535999298095703,29.524999618530273,29.535999298095703,450,0.0,0.0,0.0
2023-11-01 13:30:00-04:00,29.540000915527344,29.56999969482422,29.469999313354492,29.469999313354492,9064,0.0,0.0,0.0
2023-11-01 14:30:00-04:00,29.599899291992188,29.639999389648438,29.510000228881836,29.59000015258789,5950,0.0,0.0,0.0
2023-11-01 15:30:00-04:00,29.670000076293945,29.68000030517578,29.56999969482422,29.670000076293945,14660,0.0,0.0,0.0
2023-11-02 09:30:00-04:00,29.739999771118164,29.739999771118164,29.739999771118164,29.739999771118164,0,0.0,0.0,0.0
2023-11-02 11:30:00-04:00,29.850000381469727,29.860000610351562,29.790000915527344,29.84000015258789,6987,0.0,0.0,0.0
2023-11-02 13:30:00-04:00,29.8799991607666,29.89940071105957,29.860000610351562,29.89940071105957,13179,0.0,0.0,0.0
2023-11-02 14:30:00-04:00,29.90999984741211,29.920000076293945,29.88990020751953,29.920000076293945,236455,0.0,0.0,0.0
2023-11-02 15:30:00-04:00,29.90060043334961,29.94529914855957,29.90060043334961,29.94529914855957,1665,0.0,0.0,0.0
2023-11-03 09:30:00-04:00,30.110000610351562,30.440000534057617,30.110000610351562,30.380599975585938,0,0.0,0.0,0.0
2023-11-03 10:30:00-04:00,30.31909942626953,30.36989974975586,30.31909942626953,30.329999923706055,2786,0.0,0.0,0.0
2023-11-03 11:30:00-04:00,30.3700008392334,30.420000076293945,30.3700008392334,30.40999984741211,13004,0.0,0.0,0.0
2023-11-03 12:30:00-04:00,30.399999618530273,30.43000030517578,30.3700008392334,30.43000030517578,1590,0.0,0.0,0.0
2023-11-03 13:30:00-04:00,30.38610076904297,30.440000534057617,30.382600784301758,30.440000534057617,1618,0.0,0.0,0.0
2023-11-03 14:30:00-04:00,30.420000076293945,30.5,30.381000518798828,30.389999389648438,35237,0.0,0.0,0.0
2023-11-03 15:30:00-04:00,30.4064998626709,30.420000076293945,30.3700008392334,30.389999389648438,55612,0.0,0.0,0.0
2023-11-06 09:30:00-05:00,30.15999984741211,30.15999984741211,30.15999984741211,30.15999984741211,0,0.0,0.0,0.0
2023-11-06 12:30:00-05:00,30.15999984741211,30.15999984741211,30.15999984741211,30.15999984741211,279,0.0,0.0,0.0
2023-11-06 13:30:00-05:00,30.100000381469727,30.100000381469727,30.100000381469727,30.100000381469727,970,0.0,0.0,0.0
2023-11-06 14:30:00-05:00,30.18000030517578,30.18000030517578,30.1299991607666,30.1299991607666,1521,0.0,0.0,0.0
2023-11-06 15:30:00-05:00,30.123300552368164,30.18000030517578,30.123300552368164,30.18000030517578,0,0.0,0.0,0.0
2023-11-07 09:30:00-05:00,30.100000381469727,30.110000610351562,30.059999465942383,30.059999465942383,1041,0.0,0.0,0.0
2023-11-07 11:30:00-05:00,30.090700149536133,30.090700149536133,30.059999465942383,30.060100555419922,2367,0.0,0.0,0.0
2023-11-07 13:30:00-05:00,30.010000228881836,30.059999465942383,30.010000228881836,30.059999465942383,6794,0.0,0.0,0.0
2023-11-07 14:30:00-05:00,30.059999465942383,30.110000610351562,30.059999465942383,30.095699310302734,2232,0.0,0.0,0.0
2023-11-07 15:30:00-05:00,30.090099334716797,30.102399826049805,30.090099334716797,30.102399826049805,321,0.0,0.0,0.0
2023-11-08 09:30:00-05:00,29.9950008392334,30.0,29.94499969482422,29.979299545288086,0,0.0,0.0,0.0
2023-11-08 10:30:00-05:00,29.979900360107422,29.979999542236328,29.8799991607666,29.950000762939453,6001,0.0,0.0,0.0
2023-11-08 11:30:00-05:00,29.940000534057617,29.959999084472656,29.90999984741211,29.90999984741211,2903,0.0,0.0,0.0
2023-11-08 12:30:00-05:00,29.8799991607666,29.959999084472656,29.860000610351562,29.959999084472656,7104,0.0,0.0,0.0
2023-11-08 13:30:00-05:00,29.899999618530273,29.899999618530273,29.899999618530273,29.899999618530273,103,0.0,0.0,0.0
2023-11-08 14:30:00-05:00,29.920000076293945,29.959999084472656,29.90999984741211,29.939899444580078,9927,0.0,0.0,0.0
2023-11-08 15:30:00-05:00,29.929899215698242,29.959999084472656,29.929899215698242,29.950000762939453,0,0.0,0.0,0.0
2023-11-09 09:30:00-05:00,29.91029930114746,29.924999237060547,29.91029930114746,29.924999237060547,1072,0.0,0.0,0.0
2023-11-09 10:30:00-05:00,29.890600204467773,29.915000915527344,29.850099563598633,29.850099563598633,2190,0.0,0.0,0.0
2023-11-09 11:30:00-05:00,29.85099983215332,29.8799991607666,29.850000381469727,29.850000381469727,616,0.0,0.0,0.0
2023-11-09 12:30:00-05:00,29.920000076293945,29.93000030517578,29.826799392700195,29.826799392700195,2945,0.0,0.0,0.0
2023-11-09 13:30:00-05:00,29.788999557495117,29.790000915527344,29.788999557495117,29.788999557495117,406,0.0,0.0,0.0
2023-11-09 14:30:00-05:00,29.764999389648438,29.770000457763672,29.756000518798828,29.759899139404297,1797,0.0,0.0,0.0
2023-11-09 15:30:00-05:00,29.719999313354492,29.760000228881836,29.68160057067871,29.71500015258789,0,0.0,0.0,0.0
2023-11-10 09:30:00-05:00,29.8700008392334,29.8700008392334,29.729999542236328,29.780000686645508,1792,0.0,0.0,0.0
2023-11-10 10:30:00-05:00,29.739999771118164,29.739999771118164,29.739999771118164,29.739999771118164,477,0.0,0.0,0.0
2023-11-10 12:30:00-05:00,29.799999237060547,29.799999237060547,29.799999237060547,29.799999237060547,453,0.0,0.0,0.0
2023-11-10 13:30:00-05:00,29.825000762939453,29.84000015258789,29.825000762939453,29.84000015258789,6190,0.0,0.0,0.0
2023-11-10 14:30:00-05:00,29.860000610351562,29.899900436401367,29.857999801635742,29.88599967956543,1314,0.0,0.0,0.0
2023-11-10 15:30:00-05:00,29.89929962158203,29.899900436401367,29.809999465942383,29.835599899291992,3589,0.0,0.0,0.0
2023-11-13 09:30:00-05:00,29.81999969482422,29.81999969482422,29.81999969482422,29.81999969482422,0,0.0,0.0,0.0
2023-11-13 10:30:00-05:00,29.770000457763672,29.770000457763672,29.770000457763672,29.770000457763672,226,0.0,0.0,0.0
2023-11-13 11:30:00-05:00,29.895999908447266,29.899999618530273,29.850000381469727,29.850000381469727,4961,0.0,0.0,0.0
2023-11-13 12:30:00-05:00,29.84000015258789,29.8799991607666,29.84000015258789,29.8799991607666,5541,0.0,0.0,0.0
2023-11-13 13:30:00-05:00,29.875999450683594,29.8799991607666,29.875999450683594,29.8799991607666,2100,0.0,0.0,0.0
2023-11-13 14:30:00-05:00,29.8799991607666,29.8799991607666,29.8799991607666,29.8799991607666,1226,0.0,0.0,0.0
2023-11-13 15:30:00-05:00,29.8799991607666,29.899999618530273,29.8799991607666,29.8799991607666,0,0.0,0.0,0.0
2023-11-14 09:30:00-05:00,30.33650016784668,30.508699417114258,30.33650016784668,30.508699417114258,2584,0.0,0.0,0.0
2023-11-14 10:30:00-05:00,30.545000076293945,30.62980079650879,30.545000076293945,30.584999084472656,1356,0.0,0.0,0.0
2023-11-14 11:30:00-05:00,30.672500610351562,30.684999465942383,30.540000915527344,30.54010009765625,5701,0.0,0.0,0.0
2023-11-14 12:30:00-05:00,30.610000610351562,30.610000610351562,30.610000610351562,30.610000610351562,12133,0.0,0.0,0.0
2023-11-14 13:30:00-05:00,30.65999984741211,30.65999984741211,30.610000610351562,30.610000610351562,1095,0.0,0.0,0.0
2023-11-14 14:30:00-05:00,30.65999984741211,30.690799713134766,30.65999984741211,30.690799713134766,1163,0.0,0.0,0.0
2023-11-14 15:30:00-05:00,30.739999771118164,30.779300689697266,30.733299255371094,30.733299255371094,955,0.0,0.0,0.0
2023-11-15 09:30:00-05:00,30.889999389648438,31.110000610351562,30.889999389648438,31.100000381469727,0,0.0,0.0,0.0
2023-11-15 10:30:00-05:00,31.040000915527344,31.18869972229004,31.040000915527344,31.09000015258789,265620,0.0,0.0,0.0
2023-11-15 11:30:00-05:00,30.989999771118164,30.999099731445312,30.925500869750977,30.999099731445312,18272,0.0,0.0,0.0
2023-11-15 12:30:00-05:00,31.009899139404297,31.009899139404297,30.809999465942383,30.816499710083008,16584,0.0,0.0,0.0
2023-11-15 13:30:00-05:00,30.899999618530273,30.899999618530273,30.850400924682617,30.850400924682617,506,0.0,0.0,0.0
2023-11-15 14:30:00-05:00,30.84000015258789,30.84000015258789,30.811500549316406,30.811500549316406,2193,0.0,0.0,0.0
2023-11-15 15:30:00-05:00,30.809999465942383,30.829299926757812,30.803199768066406,30.803199768066406,9242,0.0,0.0,0.0
2023-11-16 09:30:00-05:00,30.719200134277344,30.729999542236328,30.66990089416504,30.670000076293945,0,0.0,0.0,0.0
2023-11-16 10:30:00-05:00,30.440000534057617,30.440000534057617,30.3971004486084,30.3971004486084,2556,0.0,0.0,0.0
2023-11-16 11:30:00-05:00,30.43000030517578,30.43000030517578,30.43000030517578,30.43000030517578,1225,0.0,0.0,0.0
2023-11-16 12:30:00-05:00,30.459999084472656,30.469999313354492,30.44659996032715,30.469999313354492,2850,0.0,0.0,0.0
2023-11-16 13:30:00-05:00,30.3843994140625,30.450000762939453,30.3843994140625,30.435400009155273,2740,0.0,0.0,0.0
2023-11-16 14:30:00-05:00,30.445100784301758,30.499900817871094,30.445100784301758,30.499900817871094,1613,0.0,0.0,0.0
2023-11-16 15:30:00-05:00,30.49970054626465,30.49970054626465,30.3799991607666,30.42099952697754,0,0.0,0.0,0.0
2023-11-17 09:30:00-05:00,30.567100524902344,30.567100524902344,30.561599731445312,30.561599731445312,2724,0.0,0.0,0.0
2023-11-17 11:30:00-05:00,30.59000015258789,30.708999633789062,30.59000015258789,30.708999633789062,2346,0.0,0.0,0.0
2023-11-17 12:30:00-05:00,30.709999084472656,30.739999771118164,30.709999084472656,30.739999771118164,5816,0.0,0.0,0.0
2023-11-17 13:30:00-05:00,30.7362003326416,30.7362003326416,30.73080062866211,30.73080062866211,422,0.0,0.0,0.0
2023-11-17 14:30:00-05:00,30.739999771118164,30.739999771118164,30.65999984741211,30.65999984741211,4749,0.0,0.0,0.0
2023-11-17 15:30:00-05:00,30.697999954223633,30.75,30.63010025024414,30.75,13910,0.0,0.0,0.0
2023-11-20 09:30:00-05:00,30.729999542236328,30.770000457763672,30.719999313354492,30.770000457763672,0,0.0,0.0,0.0
2023-11-20 10:30:00-05:00,30.829999923706055,30.83989906311035,30.79199981689453,30.83989906311035,1843,0.0,0.0,0.0
2023-11-20 13:30:00-05:00,30.77239990234375,30.77239990234375,30.77239990234375,30.77239990234375,500,0.0,0.0,0.0
2023-11-20 14:30:00-05:00,30.780000686645508,30.839500427246094,30.739999771118164,30.839500427246094,1438,0.0,0.0,0.0
2023-11-20 15:30:00-05:00,30.850000381469727,30.850000381469727,30.829999923706055,30.84000015258789,0,0.0,0.0,0.0
2023-11-21 09:30:00-05:00,30.600000381469727,30.689899444580078,30.600000381469727,30.689899444580078,1904,0.0,0.0,0.0
2023-11-21 10:30:00-05:00,30.679899215698242,30.700000762939453,30.565000534057617,30.56999969482422,11495,0.0,0.0,0.0
2023-11-21 11:30:00-05:00,30.549999237060547,30.549999237060547,30.510099411010742,30.510099411010742,698,0.0,0.0,0.0
2023-11-21 12:30:00-05:00,30.510000228881836,30.56999969482422,30.510000228881836,30.56999969482422,383,0.0,0.0,0.0
2023-11-21 13:30:00-05:00,30.549800872802734,30.56999969482422,30.545900344848633,30.545900344848633,787,0.0,0.0,0.0
2023-11-21 14:30:00-05:00,30.549999237060547,30.59000015258789,30.514999389648438,30.59000015258789,1365,0.0,0.0,0.0
2023-11-21 15:30:00-05:00,30.5,30.549999237060547,30.450000762939453,30.549999237060547,1435,0.0,0.0,0.0
2023-11-22 09:30:00-05:00,30.679000854492188,30.700000762939453,30.679000854492188,30.690000534057617,0,0.0,0.0,0.0
2023-11-22 10:30:00-05:00,30.71500015258789,30.71500015258789,30.655000686645508,30.66469955444336,7751,0.0,0.0,0.0
2023-11-22 11:30:00-05:00,30.649999618530273,30.68000030517578,30.649999618530273,30.679899215698242,10259,0.0,0.0,0.0
2023-11-22 14:30:00-05:00,30.603900909423828,30.603900909423828,30.561500549316406,30.561500549316406,728,0.0,0.0,0.0
2023-11-24 09:30:00-05:00,30.770000457763672,30.770000457763672,30.770000457763672,30.770000457763672,0,0.0,0.0,0.0
2023-11-24 10:30:00-05:00,30.720800399780273,30.760000228881836,30.719999313354492,30.72010040283203,3112,0.0,0.0,0.0
2023-11-24 11:30:00-05:00,30.7450008392334,30.76849937438965,30.735000610351562,30.741600036621094,1372,0.0,0.0,0.0
2023-11-27 09:30:00-05:00,30.560100555419922,30.560100555419922,30.559999465942383,30.559999465942383,0,0.0,0.0,0.0
2023-11-27 10:30:00-05:00,30.65519905090332,30.65519905090332,30.61009979248047,30.649999618530273,2460,0.0,0.0,0.0
2023-11-27 11:30:00-05:00,30.68000030517578,30.690000534057617,30.635000228881836,30.635000228881836,1902,0.0,0.0,0.0
2023-11-27 12:30:00-05:00,30.635000228881836,30.649999618530273,30.610000610351562,30.610000610351562,7653,0.0,0.0,0.0
2023-11-27 13:30:00-05:00,30.661800384521484,30.665000915527344,30.655000686645508,30.665000915527344,557,0.0,0.0,0.0
2023-11-27 14:30:00-05:00,30.684999465942383,30.684999465942383,30.684999465942383,30.684999465942383,155,0.0,0.0,0.0
2023-11-27 15:30:00-05:00,30.719999313354492,30.719999313354492,30.690000534057617,30.690000534057617,0,0.0,0.0,0.0
2023-11-28 10:30:00-05:00,30.47010040283203,30.610000610351562,30.47010040283203,30.610000610351562,283,0.0,0.0,0.0
2023-11-28 11:30:00-05:00,30.684999465942383,30.709999084472656,30.610000610351562,30.618999481201172,4745,0.0,0.0,0.0
2023-11-28 12:30:00-05:00,30.639999389648438,30.639999389648438,30.639999389648438,30.639999389648438,368,0.0,0.0,0.0
2023-11-28 13:30:00-05:00,30.490999221801758,30.600000381469727,30.490999221801758,30.520000457763672,2328,0.0,0.0,0.0
2023-11-28 14:30:00-05:00,30.530099868774414,30.559999465942383,30.530099868774414,30.559999465942383,3104,0.0,0.0,0.0
2023-11-28 15:30:00-05:00,30.599899291992188,30.606000900268555,30.559900283813477,30.606000900268555,2590,0.0,0.0,0.0
2023-11-29 09:30:00-05:00,30.899900436401367,31.010000228881836,30.899900436401367,30.940000534057617,0,0.0,0.0,0.0
2023-11-29 10:30:00-05:00,30.760000228881836,30.83989906311035,30.760000228881836,30.83989906311035,947,0.0,0.0,0.0
2023-11-29 11:30:00-05:00,30.869800567626953,30.8700008392334,30.854999542236328,30.859100341796875,3317,0.0,0.0,0.0
2023-11-29 12:30:00-05:00,30.850000381469727,30.8799991607666,30.8125,30.850000381469727,13014,0.0,0.0,0.0
2023-11-29 13:30:00-05:00,30.815000534057617,30.860000610351562,30.80340003967285,30.815000534057617,6570,0.0,0.0,0.0
2023-11-29 14:30:00-05:00,30.829999923706055,30.829999923706055,30.709999084472656,30.709999084472656,1732,0.0,0.0,0.0
2023-11-29 15:30:00-05:00,30.727100372314453,30.760000228881836,30.714399337768555,30.739999771118164,0,0.0,0.0,0.0
2023-11-30 09:30:00-05:00,30.86989974975586,30.86989974975586,30.809600830078125,30.809600830078125,640,0.0,0.0,0.0
2023-11-30 10:30:00-05:00,30.809999465942383,30.889999389648438,30.809999465942383,30.889999389648438,1042,0.0,0.0,0.0
2023-11-30 11:30:00-05:00,30.798799514770508,30.799999237060547,30.780000686645508,30.799999237060547,2197,0.0,0.0,0.0
2023-11-30 12:30:00-05:00,30.770000457763672,30.799999237060547,30.71500015258789,30.799999237060547,2858,0.0,0.0,0.0
2023-11-30 13:30:00-05:00,30.770000457763672,30.809999465942383,30.690000534057617,30.809999465942383,7950,0.0,0.0,0.0
2023-11-30 14:30:00-05:00,30.81999969482422,30.850000381469727,30.700000762939453,30.770000457763672,5220,0.0,0.0,0.0
2023-11-30 15:30:00-05:00,30.770000457763672,30.809999465942383,30.719999313354492,30.809999465942383,2071,0.0,0.0,0.0
2023-12-01 09:30:00-05:00,30.639999389648438,30.774999618530273,30.639999389648438,30.774999618530273,0,0.0,0.0,0.0
2023-12-01 10:30:00-05:00,30.969999313354492,30.969999313354492,30.969999313354492,30.969999313354492,1300,0.0,0.0,0.0
2023-12-01 11:30:00-05:00,31.235000610351562,31.235000610351562,31.235000610351562,31.235000610351562,436,0.0,0.0,0.0
2023-12-01 12:30:00-05:00,31.440000534057617,31.440000534057617,31.440000534057617,31.440000534057617,209836,0.0,0.0,0.0
2023-12-01 13:30:00-05:00,31.350000381469727,31.38249969482422,31.31999969482422,31.38249969482422,26776,0.0,0.0,0.0
2023-12-01 14:30:00-05:00,31.385000228881836,31.391000747680664,31.350000381469727,31.36009979248047,6406,0.0,0.0,0.0
2023-12-01 15:30:00-05:00,31.410400390625,31.53190040588379,31.410400390625,31.53190040588379,1526,0.0,0.0,0.0
2023-12-04 09:30:00-05:00,31.3700008392334,31.649999618530273,31.3700008392334,31.510000228881836,0,0.0,0.0,0.0
2023-12-04 10:30:00-05:00,31.610000610351562,31.6200008392334,31.610000610351562,31.6200008392334,938,0.0,0.0,0.0
2023-12-04 13:30:00-05:00,31.68000030517578,31.719900131225586,31.66080093383789,31.70989990234375,1800,0.0,0.0,0.0
2023-12-04 14:30:00-05:00,31.680700302124023,31.7549991607666,31.680700302124023,31.726499557495117,29551,0.0,0.0,0.0
2023-12-04 15:30:00-05:00,31.709999084472656,31.760000228881836,31.709999084472656,31.75,1022,0.0,0.0,0.0
2023-12-05 09:30:00-05:00,31.43000030517578,31.43000030517578,31.420000076293945,31.43000030517578,0,0.0,0.0,0.0
2023-12-05 10:30:00-05:00,31.454999923706055,31.469999313354492,31.434999465942383,31.459999084472656,3861,0.0,0.0,0.0
2023-12-05 11:30:00-05:00,31.4335994720459,31.4335994720459,31.4335994720459,31.4335994720459,241,0.0,0.0,0.0
2023-12-05 13:30:00-05:00,31.424999237060547,31.424999237060547,31.424999237060547,31.424999237060547,561,0.0,0.0,0.0
2023-12-05 15:30:00-05:00,31.450000762939453,31.450000762939453,31.418100357055664,31.440000534057617,5091,0.0,0.0,0.0
2023-12-06 09:30:00-05:00,31.65999984741211,31.860000610351562,31.639999389648438,31.7450008392334,0,0.0,0.0,0.0
2023-12-06 10:30:00-05:00,31.790000915527344,31.790000915527344,31.640100479125977,31.725000381469727,1810,0.0,0.0,0.0
2023-12-06 11:30:00-05:00,31.6200008392334,31.6200008392334,31.610000610351562,31.6200008392334,988,0.0,0.0,0.0
2023-12-06 12:30:00-05:00,31.579999923706055,31.579999923706055,31.56999969482422,31.56999969482422,523,0.0,0.0,0.0
2023-12-06 14:30:00-05:00,31.482500076293945,31.516700744628906,31.459999084472656,31.516700744628906,6255,0.0,0.0,0.0
2023-12-06 15:30:00-05:00,31.346900939941406,31.346900939941406,31.290000915527344,31.309999465942383,0,0.0,0.0,0.0
2023-12-07 09:30:00-05:00,31.31999969482422,31.50510025024414,31.299999237060547,31.434999465942383,4484,0.0,0.0,0.0
2023-12-07 10:30:00-05:00,31.440000534057617,31.509899139404297,31.440000534057617,31.509899139404297,1023,0.0,0.0,0.0
2023-12-07 12:30:00-05:00,31.5,31.5,31.5,31.5,862,0.0,0.0,0.0
2023-12-07 13:30:00-05:00,31.47010040283203,31.47010040283203,31.47010040283203,31.47010040283203,731,0.0,0.0,0.0
2023-12-07 14:30:00-05:00,31.5531005859375,31.5531005859375,31.440000534057617,31.520099639892578,1096,0.0,0.0,0.0
2023-12-07 15:30:00-05:00,31.459999084472656,31.530000686645508,31.459999084472656,31.530000686645508,686,0.0,0.0,0.0
2023-12-08 09:30:00-05:00,31.479999542236328,31.905000686645508,31.47010040283203,31.905000686645508,0,0.0,0.0,0.0
2023-12-08 11:30:00-05:00,31.58989906311035,31.6200008392334,31.559999465942383,31.6200008392334,9495,0.0,0.0,0.0
2023-12-08 13:30:00-05:00,31.780000686645508,31.780000686645508,31.780000686645508,31.780000686645508,144,0.0,0.0,0.0
2023-12-08 14:30:00-05:00,31.78339958190918,31.815000534057617,31.774999618530273,31.815000534057617,1350,0.0,0.0,0.0
2023-12-08 15:30:00-05:00,31.829999923706055,31.834999084472656,31.709999084472656,31.709999084472656,472,0.0,0.0,0.0
2023-12-11 09:30:00-05:00,31.770000457763672,31.770000457763672,31.709999084472656,31.709999084472656,0,0.0,0.0,0.0
2023-12-11 10:30:00-05:00,31.69499969482422,31.719999313354492,31.69499969482422,31.719999313354492,1400,0.0,0.0,0.0
2023-12-11 12:30:00-05:00,31.729999542236328,31.760000228881836,31.729999542236328,31.760000228881836,734,0.0,0.0,0.0
2023-12-11 13:30:00-05:00,31.75,31.860000610351562,31.75,31.860000610351562,14907,0.0,0.0,0.0
2023-12-11 14:30:00-05:00,31.858999252319336,31.858999252319336,31.831499099731445,31.84000015258789,1660,0.0,0.0,0.0
2023-12-11 15:30:00-05:00,31.81999969482422,31.81999969482422,31.770000457763672,31.770000457763672,225,0.0,0.0,0.0
2023-12-12 09:30:00-05:00,31.84000015258789,31.84000015258789,31.5,31.6200008392334,0,0.0,0.0,0.0
2023-12-12 10:30:00-05:00,31.770000457763672,31.770000457763672,31.688600540161133,31.688600540161133,730,0.0,0.0,0.0
2023-12-12 11:30:00-05:00,31.65999984741211,31.65999984741211,31.65999984741211,31.65999984741211,213,0.0,0.0,0.0
2023-12-12 12:30:00-05:00,31.735000610351562,31.735000610351562,31.735000610351562,31.735000610351562,378,0.0,0.0,0.0
2023-12-12 13:30:00-05:00,31.790000915527344,31.844999313354492,31.719999313354492,31.84000015258789,7055,0.0,0.0,0.0
2023-12-12 14:30:00-05:00,31.8887996673584,31.8887996673584,31.876699447631836,31.876699447631836,0,0.0,0.0,0.0
2023-12-12 15:30:00-05:00,31.850000381469727,31.850000381469727,31.719999313354492,31.719999313354492,10,0.0,0.0,0.0
2023-12-13 09:30:00-05:00,31.770000457763672,31.81999969482422,31.7549991607666,31.7549991607666,2869,0.0,0.0,0.0
2023-12-13 11:30:00-05:00,31.747499465942383,31.747499465942383,31.720300674438477,31.720300674438477,280,0.0,0.0,0.0
2023-12-13 12:30:00-05:00,31.679899215698242,31.679899215698242,31.679899215698242,31.679899215698242,287,0.0,0.0,0.0
2023-12-13 13:30:00-05:00,31.573299407958984,32.119998931884766,31.56999969482422,32.1068000793457,18836,0.0,0.0,0.0
2023-12-13 14:30:00-05:00,32.5,32.640098571777344,32.5,32.599300384521484,2706,0.0,0.0,0.0
2023-12-13 15:30:00-05:00,32.8109016418457,32.88999938964844,32.79999923706055,32.810001373291016,6101,0.0,0.0,0.0
2023-12-14 09:30:00-05:00,33.470001220703125,33.68000030517578,33.33000183105469,33.37009811401367,0,0.0,0.0,0.0
2023-12-14 10:30:00-05:00,33.46760177612305,33.46760177612305,33.40999984741211,33.40999984741211,4095,0.0,0.0,0.0
2023-12-14 11:30:00-05:00,33.64500045776367,33.74300003051758,33.64500045776367,33.689998626708984,13943,0.0,0.0,0.0
2023-12-14 12:30:00-05:00,33.720001220703125,33.720001220703125,33.689998626708984,33.70000076293945,3012,0.0,0.0,0.0
2023-12-14 13:30:00-05:00,33.40010070800781,33.4370002746582,33.40010070800781,33.4359016418457,2607,0.0,0.0,0.0
2023-12-14 14:30:00-05:00,33.5,33.72019958496094,33.5,33.66999816894531,5480,0.0,0.0,0.0
2023-12-14 15:30:00-05:00,33.720001220703125,33.7599983215332,33.60499954223633,33.654998779296875,0,0.0,0.0,0.0
2023-12-15 09:30:00-05:00,33.63999938964844,33.63999938964844,33.63999938964844,33.63999938964844,696,0.0,0.0,0.0
2023-12-15 12:30:00-05:00,33.53450012207031,33.53450012207031,33.40999984741211,33.40999984741211,1279,0.0,0.0,0.0
2023-12-15 13:30:00-05:00,33.339900970458984,33.339900970458984,33.2599983215332,33.31999969482422,1242,0.0,0.0,0.0
2023-12-15 15:30:00-05:00,33.5,33.5,33.5,33.5,246,0.0,0.0,0.0
2023-12-18 09:30:00-05:00,33.66999816894531,33.66999816894531,33.420101165771484,33.420101165771484,0,0.0,0.0,0.0
2023-12-18 10:30:00-05:00,33.529998779296875,33.529998779296875,33.36000061035156,33.36000061035156,3212,0.0,0.0,0.0
2023-12-18 11:30:00-05:00,33.53300094604492,33.53300094604492,33.47999954223633,33.47999954223633,728,0.0,0.0,0.0
2023-12-18 13:30:00-05:00,33.445701599121094,33.5,33.445701599121094,33.469398498535156,1341,0.0,0.0,0.0
2023-12-18 14:30:00-05:00,33.380001068115234,33.52000045776367,33.36000061035156,33.459999084472656,27275,0.0,0.0,0.0
2023-12-18 15:30:00-05:00,33.4984016418457,33.5,33.40999984741211,33.40999984741211,1445,0.0,0.0,0.0
2023-12-19 09:30:00-05:00,33.650001525878906,33.869998931884766,33.650001525878906,33.779998779296875,0,0.0,0.0,0.0
2023-12-19 10:30:00-05:00,34.0098991394043,34.0098991394043,34.0098991394043,34.0098991394043,1190,0.0,0.0,0.0
2023-12-19 11:30:00-05:00,33.9640007019043,33.9640007019043,33.83000183105469,33.85499954223633,3721,0.0,0.0,0.0
2023-12-19 12:30:00-05:00,33.947898864746094,33.947898864746094,33.922298431396484,33.922298431396484,682,0.0,0.0,0.0
2023-12-19 14:30:00-05:00,33.970001220703125,34.08000183105469,33.959999084472656,34.02000045776367,4330,0.0,0.0,0.0
2023-12-19 15:30:00-05:00,34.04999923706055,34.04999923706055,34.04999923706055,34.04999923706055,379,0.0,0.0,0.0
2023-12-20 09:30:00-05:00,34.08000183105469,34.22639846801758,33.970001220703125,34.22639846801758,0,0.0,0.0,0.0
2023-12-20 10:30:00-05:00,34.30500030517578,34.30500030517578,34.30500030517578,34.30500030517578,1800,0.0,0.0,0.0
2023-12-20 11:30:00-05:00,34.28499984741211,34.359901428222656,34.25,34.29999923706055,3418,0.0,0.0,0.0
2023-12-20 12:30:00-05:00,34.37990188598633,34.38990020751953,34.3400993347168,34.38710021972656,3415,0.0,0.0,0.0
2023-12-20 13:30:00-05:00,34.35499954223633,34.35499954223633,34.27000045776367,34.27000045776367,721,0.0,0.0,0.0
2023-12-20 14:30:00-05:00,34.07500076293945,34.07500076293945,33.88999938964844,33.88999938964844,4996,0.0,0.0,0.0
2023-12-20 15:30:00-05:00,33.599998474121094,33.66999816894531,33.439998626708984,33.439998626708984,0,0.0,0.0,0.0
2023-12-21 09:30:00-05:00,33.93989944458008,33.959999084472656,33.79949951171875,33.79949951171875,7184,0.0,0.0,0.0
2023-12-21 10:30:00-05:00,33.81999969482422,33.869998931884766,33.81999969482422,33.86989974975586,5152,0.0,0.0,0.0
2023-12-21 11:30:00-05:00,33.83000183105469,33.83000183105469,33.70000076293945,33.70000076293945,967,0.0,0.0,0.0
2023-12-21 12:30:00-05:00,33.70000076293945,33.73500061035156,33.70000076293945,33.73500061035156,486,0.0,0.0,0.0
2023-12-21 13:30:00-05:00,33.7599983215332,33.7599983215332,33.7599983215332,33.7599983215332,396,0.0,0.0,0.0
2023-12-21 14:30:00-05:00,33.849998474121094,33.869998931884766,33.849998474121094,33.869998931884766,450,0.0,0.0,0.0
2023-12-21 15:30:00-05:00,34.0,34.0,34.0,34.0,0,0.0,0.0,0.0
2023-12-22 09:30:00-05:00,34.5,34.509700775146484,34.369998931884766,34.369998931884766,3044,0.0,0.0,0.0
2023-12-22 10:30:00-05:00,34.36989974975586,34.36989974975586,34.36989974975586,34.36989974975586,747,0.0,0.0,0.0
2023-12-22 11:30:00-05:00,34.39799880981445,34.400001525878906,34.34000015258789,34.37710189819336,3641,0.0,0.0,0.0
2023-12-22 12:30:00-05:00,34.400001525878906,34.440799713134766,34.400001525878906,34.440799713134766,2545,0.0,0.0,0.0
2023-12-22 13:30:00-05:00,34.44960021972656,34.44960021972656,34.36989974975586,34.36989974975586,3002,0.0,0.0,0.0
2023-12-22 14:30:00-05:00,34.150001525878906,34.150001525878906,34.150001525878906,34.150001525878906,157,0.0,0.0,0.0
2023-12-22 15:30:00-05:00,34.35499954223633,34.35499954223633,34.334999084472656,34.34000015258789,1440,0.0,0.0,0.0
2023-12-26 09:30:00-05:00,34.399898529052734,34.52000045776367,34.399898529052734,34.52000045776367,0,0.0,0.0,0.0
2023-12-26 10:30:00-05:00,34.52989959716797,34.59000015258789,34.52989959716797,34.59000015258789,148778,0.0,0.0,0.0
2023-12-26 11:30:00-05:00,34.56999969482422,34.630001068115234,34.56999969482422,34.630001068115234,394,0.0,0.0,0.0
2023-12-26 12:30:00-05:00,34.70000076293945,34.70989990234375,34.68000030517578,34.68000030517578,691,0.0,0.0,0.0
2023-12-26 13:30:00-05:00,34.77000045776367,34.779998779296875,34.72999954223633,34.779998779296875,3435,0.0,0.0,0.0
2023-12-26 14:30:00-05:00,34.77000045776367,34.83000183105469,34.77000045776367,34.81999969482422,3854,0.0,0.0,0.0
2023-12-26 15:30:00-05:00,34.720001220703125,34.720001220703125,34.720001220703125,34.720001220703125,0,0.0,0.0,0.0
2023-12-27 09:30:00-05:00,34.83000183105469,35.029998779296875,34.83000183105469,34.880001068115234,28323,0.0,0.0,0.0
2023-12-27 10:30:00-05:00,34.95000076293945,34.95000076293945,34.75,34.77000045776367,186771,0.0,0.0,0.0
2023-12-27 11:30:00-05:00,34.85820007324219,34.939998626708984,34.81999969482422,34.84000015258789,19540,0.0,0.0,0.0
2023-12-27 12:30:00-05:00,34.87689971923828,34.994998931884766,34.80009841918945,34.88999938964844,76893,0.0,0.0,0.0
2023-12-27 13:30:00-05:00,34.94599914550781,34.999900817871094,34.814998626708984,34.878501892089844,8145,0.0,0.0,0.0
2023-12-27 14:30:00-05:00,34.891998291015625,34.95000076293945,34.81999969482422,34.89500045776367,16039,0.0,0.0,0.0
2023-12-27 15:30:00-05:00,34.89400100708008,34.959999084472656,34.810001373291016,34.959999084472656,8486,0.0,0.0,0.0
2023-12-28 09:30:00-05:00,34.84000015258789,35.029998779296875,34.801700592041016,35.0099983215332,0,0.0,0.0,0.0
2023-12-28 10:30:00-05:00,35.02000045776367,35.02000045776367,34.7599983215332,34.760101318359375,79013,0.0,0.0,0.0
2023-12-28 11:30:00-05:00,34.839900970458984,34.87810134887695,34.839900970458984,34.87810134887695,1076,0.0,0.0,0.0
2023-12-28 12:30:00-05:00,34.86040115356445,34.88990020751953,34.790000915527344,34.790000915527344,4123,0.0,0.0,0.0
2023-12-28 13:30:00-05:00,34.7599983215332,34.81999969482422,34.68000030517578,34.79209899902344,81495,0.0,0.0,0.0
2023-12-28 14:30:00-05:00,34.72999954223633,34.75,34.68989944458008,34.73080062866211,12542,0.0,0.0,0.0
2023-12-28 15:30:00-05:00,34.779998779296875,34.81999969482422,34.7400016784668,34.81999969482422,408063,0.0,0.0,0.0
2023-12-29 09:30:00-05:00,34.7599983215332,34.790000915527344,34.54999923706055,34.54999923706055,0,0.0,0.0,0.0
2023-12-29 10:30:00-05:00,34.54999923706055,34.54999923706055,34.31999969482422,34.36989974975586,659423,0.0,0.0,0.0
2023-12-29 11:30:00-05:00,34.29999923706055,34.379798889160156,34.2401008605957,34.334999084472656,701615,0.0,0.0,0.0
2023-12-29 12:30:00-05:00,34.33440017700195,34.459999084472656,34.302101135253906,34.38999938964844,36630,0.0,0.0,0.0
2023-12-29 13:30:00-05:00,34.400001525878906,34.47990036010742,34.369998931884766,34.459999084472656,69192,0.0,0.0,0.0
2023-12-29 14:30:00-05:00,34.41999816894531,34.489498138427734,34.390098571777344,34.459999084472656,71141,0.0,0.0,0.0
2023-12-29 15:30:00-05:00,34.459999084472656,34.470001220703125,34.294898986816406,34.310001373291016,35694,0.0,0.0,0.0
2024-01-02 09:30:00-05:00,34.25,34.349998474121094,34.120601654052734,34.24909973144531,0,0.0,0.0,0.0
2024-01-02 10:30:00-05:00,34.25,34.2599983215332,34.16999816894531,34.2401008605957,32493,0.0,0.0,0.0
2024-01-02 11:30:00-05:00,34.244998931884766,34.348201751708984,34.2400016784668,34.310001373291016,34730,0.0,0.0,0.0
2024-01-02 12:30:00-05:00,34.293701171875,34.34989929199219,34.17449951171875,34.22999954223633,51993,0.0,0.0,0.0
2024-01-02 13:30:00-05:00,34.182098388671875,34.25,34.06999969482422,34.12990188598633,372188,0.0,0.0,0.0
2024-01-02 14:30:00-05:00,34.13999938964844,34.13999938964844,34.02000045776367,34.05009841918945,76092,0.0,0.0,0.0
2024-01-02 15:30:00-05:00,34.05329895019531,34.150001525878906,34.031700134277344,34.13999938964844,42156,0.0,0.0,0.0
2024-01-03 09:30:00-05:00,34.0,34.0,33.79999923706055,33.8849983215332,173634,0.0,0.0,0.0
2024-01-03 10:30:00-05:00,33.880001068115234,33.900001525878906,33.72209930419922,33.8650016784668,81340,0.0,0.0,0.0
2024-01-03 11:30:00-05:00,33.880001068115234,33.900001525878906,33.785701751708984,33.82500076293945,95184,0.0,0.0,0.0
2024-01-03 12:30:00-05:00,33.84000015258789,33.869998931884766,33.79999923706055,33.859901428222656,230486,0.0,0.0,0.0
2024-01-03 13:30:00-05:00,33.859901428222656,33.859901428222656,33.689998626708984,33.81909942626953,241300,0.0,0.0,0.0
2024-01-03 14:30:00-05:00,33.83940124511719,33.849998474121094,33.56999969482422,33.590999603271484,218611,0.0,0.0,0.0
2024-01-03 15:30:00-05:00,33.599998474121094,33.66999816894531,33.599998474121094,33.650001525878906,34186,0.0,0.0,0.0
2024-01-04 09:30:00-05:00,33.68000030517578,33.71989822387695,33.61000061035156,33.689998626708984,0,0.0,0.0,0.0
2024-01-04 10:30:00-05:00,33.72999954223633,33.7599983215332,33.66999816894531,33.72999954223633,37271,0.0,0.0,0.0
2024-01-04 11:30:00-05:00,33.720001220703125,33.75,33.650001525878906,33.689998626708984,107591,0.0,0.0,0.0
2024-01-04 12:30:00-05:00,33.65999984741211,33.699798583984375,33.62009811401367,33.68000030517578,70896,0.0,0.0,0.0
2024-01-04 13:30:00-05:00,33.689998626708984,33.72909927368164,33.65010070800781,33.65330123901367,58892,0.0,0.0,0.0
2024-01-04 14:30:00-05:00,33.66999816894531,33.709999084472656,33.6057014465332,33.66999816894531,85458,0.0,0.0,0.0
2024-01-04 15:30:00-05:00,33.649600982666016,33.683998107910156,33.58940124511719,33.60850143432617,129794,0.0,0.0,0.0
2024-01-05 09:30:00-05:00,33.5,33.769100189208984,33.5,33.73899841308594,0,0.0,0.0,0.0
2024-01-05 10:30:00-05:00,33.720001220703125,33.798301696777344,33.689998626708984,33.689998626708984,43353,0.0,0.0,0.0
2024-01-05 11:30:00-05:00,33.665401458740234,33.69990158081055,33.599998474121094,33.599998474121094,57503,0.0,0.0,0.0
2024-01-05 12:30:00-05:00,33.57500076293945,33.62990188598633,33.56999969482422,33.61000061035156,11791,0.0,0.0,0.0
2024-01-05 13:30:00-05:00,33.650001525878906,33.68000030517578,33.63999938964844,33.654998779296875,50974,0.0,0.0,0.0
2024-01-05 14:30:00-05:00,33.65999984741211,33.65999984741211,33.525299072265625,33.59000015258789,18286,0.0,0.0,0.0
2024-01-05 15:30:00-05:00,33.599998474121094,33.619998931884766,33.56209945678711,33.61970138549805,8189,0.0,0.0,0.0
2024-01-08 09:30:00-05:00,33.59000015258789,33.689998626708984,33.474998474121094,33.689998626708984,0,0.0,0.0,0.0
2024-01-08 10:30:00-05:00,33.709999084472656,33.77000045776367,33.709999084472656,33.755001068115234,17900,0.0,0.0,0.0
2024-01-08 11:30:00-05:00,33.779998779296875,33.810001373291016,33.744998931884766,33.744998931884766,12187,0.0,0.0,0.0
2024-01-08 12:30:00-05:00,33.761600494384766,33.869998931884766,33.7400016784668,33.80609893798828,10887,0.0,0.0,0.0
2024-01-08 13:30:00-05:00,33.8119010925293,33.91999816894531,33.810001373291016,33.917999267578125,30362,0.0,0.0,0.0
2024-01-08 14:30:00-05:00,33.92060089111328,33.939998626708984,33.86000061035156,33.90999984741211,209508,0.0,0.0,0.0
2024-01-08 15:30:00-05:00,33.88999938964844,33.974998474121094,33.88999938964844,33.91999816894531,21471,0.0,0.0,0.0
2024-01-09 09:30:00-05:00,33.72999954223633,33.72999954223633,33.61000061035156,33.720001220703125,0,0.0,0.0,0.0
2024-01-09 10:30:00-05:00,33.720001220703125,33.779998779296875,33.70000076293945,33.77000045776367,45266,0.0,0.0,0.0
2024-01-09 11:30:00-05:00,33.779998779296875,33.829898834228516,33.775001525878906,33.82099914550781,41621,0.0,0.0,0.0
2024-01-09 12:30:00-05:00,33.8291015625,33.849998474121094,33.779998779296875,33.810001373291016,23363,0.0,0.0,0.0
2024-01-09 13:30:00-05:00,33.7400016784668,33.86000061035156,33.7400016784668,33.810001373291016,47886,0.0,0.0,0.0
2024-01-09 14:30:00-05:00,33.810001373291016,33.859901428222656,33.80009841918945,33.82500076293945,11073,0.0,0.0,0.0
2024-01-09 15:30:00-05:00,33.82500076293945,33.82939910888672,33.779998779296875,33.81999969482422,60270,0.0,0.0,0.0
2024-01-10 09:30:00-05:00,33.810001373291016,33.810001373291016,33.61000061035156,33.68230056762695,0,0.0,0.0,0.0
2024-01-10 10:30:00-05:00,33.729801177978516,33.75,33.709999084472656,33.7156982421875,4356,0.0,0.0,0.0
2024-01-10 11:30:00-05:00,33.72999954223633,33.77000045776367,33.72570037841797,33.769901275634766,5214,0.0,0.0,0.0
2024-01-10 12:30:00-05:00,33.75,33.77000045776367,33.720001220703125,33.74330139160156,22872,0.0,0.0,0.0
2024-01-10 13:30:00-05:00,33.74380111694336,33.849998474121094,33.74380111694336,33.849998474121094,73871,0.0,0.0,0.0
2024-01-10 14:30:00-05:00,33.83000183105469,33.88880157470703,33.75,33.77000045776367,154777,0.0,0.0,0.0
2024-01-10 15:30:00-05:00,33.810001373291016,33.869998931884766,33.77000045776367,33.86000061035156,10110,0.0,0.0,0.0
2024-01-11 09:30:00-05:00,33.79999923706055,33.79999923706055,33.489898681640625,33.560001373291016,0,0.0,0.0,0.0
2024-01-11 10:30:00-05:00,33.58000183105469,33.59000015258789,33.474098205566406,33.474098205566406,12699,0.0,0.0,0.0
2024-01-11 11:30:00-05:00,33.4900016784668,33.529998779296875,33.480098724365234,33.480098724365234,6267,0.0,0.0,0.0
2024-01-11 12:30:00-05:00,33.619998931884766,33.630001068115234,33.59000015258789,33.61000061035156,5266,0.0,0.0,0.0
2024-01-11 13:30:00-05:00,33.58000183105469,33.66999816894531,33.58000183105469,33.66999816894531,17796,0.0,0.0,0.0
2024-01-11 14:30:00-05:00,33.68000030517578,33.71989822387695,33.62009811401367,33.68989944458008,13552,0.0,0.0,0.0
2024-01-11 15:30:00-05:00,33.65999984741211,33.720001220703125,33.650001525878906,33.68000030517578,33050,0.0,0.0,0.0
2024-01-12 09:30:00-05:00,33.9900016784668,33.9900016784668,33.83000183105469,33.83000183105469,0,0.0,0.0,0.0
2024-01-12 10:30:00-05:00,33.80860137939453,33.80860137939453,33.657100677490234,33.748199462890625,8260,0.0,0.0,0.0
2024-01-12 11:30:00-05:00,33.74869918823242,33.74869918823242,33.62009811401367,33.638099670410156,11096,0.0,0.0,0.0
2024-01-12 12:30:00-05:00,33.68000030517578,33.720001220703125,33.630001068115234,33.6781005859375,72074,0.0,0.0,0.0
2024-01-12 13:30:00-05:00,33.709999084472656,33.75,33.68009948730469,33.70000076293945,65524,0.0,0.0,0.0
2024-01-12 14:30:00-05:00,33.71500015258789,33.71500015258789,33.65999984741211,33.65999984741211,7455,0.0,0.0,0.0
2024-01-12 15:30:00-05:00,33.70000076293945,33.720001220703125,33.65010070800781,33.709999084472656,12489,0.0,0.0,0.0
2024-01-16 09:30:00-05:00,33.53499984741211,33.54999923706055,33.420101165771484,33.540000915527344,0,0.0,0.0,0.0
2024-01-16 10:30:00-05:00,33.53010177612305,33.57500076293945,33.49399948120117,33.54999923706055,63009,0.0,0.0,0.0
2024-01-16 11:30:00-05:00,33.560001373291016,33.560001373291016,33.5,33.52000045776367,6613,0.0,0.0,0.0
2024-01-16 12:30:00-05:00,33.45709991455078,33.5,33.45009994506836,33.47809982299805,22833,0.0,0.0,0.0
2024-01-16 13:30:00-05:00,33.440101623535156,33.45500183105469,33.36000061035156,33.39500045776367,52283,0.0,0.0,0.0
2024-01-16 14:30:00-05:00,33.380001068115234,33.439998626708984,33.380001068115234,33.43000030517578,49721,0.0,0.0,0.0
2024-01-16 15:30:00-05:00,33.40330123901367,33.4807014465332,33.38999938964844,33.43000030517578,4444,0.0,0.0,0.0
2024-01-17 09:30:00-05:00,33.16999816894531,33.33000183105469,33.165000915527344,33.27000045776367,0,0.0,0.0,0.0
2024-01-17 10:30:00-05:00,33.27000045776367,33.290000915527344,33.230098724365234,33.2599983215332,2450,0.0,0.0,0.0
2024-01-17 11:30:00-05:00,33.2599983215332,33.29999923706055,33.22999954223633,33.22999954223633,35249,0.0,0.0,0.0
2024-01-17 12:30:00-05:00,33.220001220703125,33.25,33.189998626708984,33.189998626708984,11885,0.0,0.0,0.0
2024-01-17 13:30:00-05:00,33.150001525878906,33.22999954223633,33.150001525878906,33.21009826660156,67282,0.0,0.0,0.0
2024-01-17 14:30:00-05:00,33.244998931884766,33.2598991394043,33.209999084472656,33.22999954223633,3121,0.0,0.0,0.0
2024-01-17 15:30:00-05:00,33.220001220703125,33.310001373291016,33.209999084472656,33.25,55397,0.0,0.0,0.0
2024-01-18 09:30:00-05:00,33.45000076293945,33.45000076293945,33.279998779296875,33.349998474121094,0,0.0,0.0,0.0
2024-01-18 10:30:00-05:00,33.3650016784668,33.380001068115234,33.244998931884766,33.29999923706055,20592,0.0,0.0,0.0
2024-01-18 11:30:00-05:00,33.34000015258789,33.34000015258789,33.220001220703125,33.244998931884766,3731,0.0,0.0,0.0
2024-01-18 12:30:00-05:00,33.244998931884766,33.27000045776367,33.18000030517578,33.18000030517578,9670,0.0,0.0,0.0
2024-01-18 13:30:00-05:00,33.22999954223633,33.310001373291016,33.229801177978516,33.300498962402344,4548,0.0,0.0,0.0
2024-01-18 14:30:00-05:00,33.36000061035156,33.400001525878906,33.290000915527344,33.3849983215332,20331,0.0,0.0,0.0
2024-01-18 15:30:00-05:00,33.40999984741211,33.439998626708984,33.37409973144531,33.439998626708984,13263,0.0,0.0,0.0
2024-01-19 09:30:00-05:00,33.470001220703125,33.470001220703125,33.279998779296875,33.34000015258789,0,0.0,0.0,0.0
2024-01-19 10:30:00-05:00,33.334999084472656,33.4098014831543,33.279998779296875,33.31999969482422,32369,0.0,0.0,0.0
2024-01-19 11:30:00-05:00,33.314998626708984,33.36000061035156,33.29999923706055,33.36000061035156,15826,0.0,0.0,0.0
2024-01-19 12:30:00-05:00,33.395999908447266,33.52000045776367,33.34749984741211,33.52000045776367,5747,0.0,0.0,0.0
2024-01-19 13:30:00-05:00,33.54999923706055,33.63999938964844,33.51150131225586,33.61000061035156,6157,0.0,0.0,0.0
2024-01-19 14:30:00-05:00,33.59000015258789,33.619998931884766,33.56809997558594,33.584999084472656,5674,0.0,0.0,0.0
2024-01-19 15:30:00-05:00,33.591800689697266,33.630001068115234,33.56999969482422,33.630001068115234,6286,0.0,0.0,0.0
2024-01-22 09:30:00-05:00,33.880001068115234,34.02000045776367,33.880001068115234,33.939998626708984,0,0.0,0.0,0.0
2024-01-22 10:30:00-05:00,33.959999084472656,33.959999084472656,33.849998474121094,33.900001525878906,6950,0.0,0.0,0.0
2024-01-22 11:30:00-05:00,33.900001525878906,33.90999984741211,33.880001068115234,33.8848991394043,2379,0.0,0.0,0.0
2024-01-22 12:30:00-05:00,33.87590026855469,33.89500045776367,33.83000183105469,33.83000183105469,47522,0.0,0.0,0.0
2024-01-22 13:30:00-05:00,33.81999969482422,33.88999938964844,33.81999969482422,33.849998474121094,13596,0.0,0.0,0.0
2024-01-22 14:30:00-05:00,33.86000061035156,33.95000076293945,33.86000061035156,33.9468994140625,10994,0.0,0.0,0.0
2024-01-22 15:30:00-05:00,33.947200775146484,34.0099983215332,33.94499969482422,34.0,0,0.0,0.0,0.0
2024-01-23 09:30:00-05:00,34.18000030517578,34.18000030517578,34.060001373291016,34.060001373291016,12049,0.0,0.0,0.0
2024-01-23 10:30:00-05:00,34.0,34.0,33.890098571777344,33.900001525878906,8507,0.0,0.0,0.0
2024-01-23 11:30:00-05:00,33.88999938964844,33.91999816894531,33.869998931884766,33.875999450683594,5243,0.0,0.0,0.0
2024-01-23 12:30:00-05:00,33.880001068115234,33.9099006652832,33.869998931884766,33.89179992675781,6206,0.0,0.0,0.0
2024-01-23 13:30:00-05:00,33.90599822998047,33.959999084472656,33.87009811401367,33.939998626708984,143143,0.0,0.0,0.0
2024-01-23 14:30:00-05:00,33.95000076293945,34.029998779296875,33.95000076293945,33.9900016784668,3018,0.0,0.0,0.0
2024-01-23 15:30:00-05:00,33.9900016784668,33.9900016784668,33.939998626708984,33.959999084472656,12408,0.0,0.0,0.0
2024-01-24 09:30:00-05:00,34.189998626708984,34.189998626708984,33.919898986816406,33.959999084472656,0,0.0,0.0,0.0
2024-01-24 10:30:00-05:00,33.97019958496094,34.04999923706055,33.97019958496094,34.0099983215332,12321,0.0,0.0,0.0
2024-01-24 11:30:00-05:00,34.02000045776367,34.02000045776367,33.96989822387695,33.96989822387695,5596,0.0,0.0,0.0
2024-01-24 12:30:00-05:00,34.0,34.009700775146484,33.89569854736328,33.90330123901367,0,0.0,0.0,0.0
2024-01-24 13:30:00-05:00,33.90639877319336,33.90999984741211,33.849998474121094,33.849998474121094,107362,0.0,0.0,0.0
2024-01-24 14:30:00-05:00,33.799800872802734,33.880001068115234,33.790000915527344,33.790000915527344,9056,0.0,0.0,0.0
2024-01-24 15:30:00-05:00,33.7599983215332,33.83000183105469,33.7599983215332,33.775001525878906,35284,0.0,0.0,0.0
2024-01-25 09:30:00-05:00,34.08000183105469,34.09000015258789,33.95000076293945,33.999000549316406,0,0.0,0.0,0.0
2024-01-25 10:30:00-05:00,34.009498596191406,34.0099983215332,33.89609909057617,33.939998626708984,7571,0.0,0.0,0.0
2024-01-25 11:30:00-05:00,33.90399932861328,33.93000030517578,33.843299865722656,33.8650016784668,10262,0.0,0.0,0.0
2024-01-25 12:30:00-05:00,33.86000061035156,33.900001525878906,33.830101013183594,33.830101013183594,1547,0.0,0.0,0.0
2024-01-25 13:30:00-05:00,33.849998474121094,33.86940002441406,33.83729934692383,33.845001220703125,4772,0.0,0.0,0.0
2024-01-25 14:30:00-05:00,33.849998474121094,33.88999938964844,33.849998474121094,33.849998474121094,19869,0.0,0.0,0.0
2024-01-25 15:30:00-05:00,33.849998474121094,33.91999816894531,33.849998474121094,33.91999816894531,0,0.0,0.0,0.0
2024-01-26 09:30:00-05:00,34.04999923706055,34.060001373291016,33.94810104370117,33.94810104370117,11814,0.0,0.0,0.0
2024-01-26 10:30:00-05:00,33.971500396728516,34.03990173339844,33.971500396728516,34.0098991394043,2397,0.0,0.0,0.0
2024-01-26 11:30:00-05:00,33.994998931884766,34.0099983215332,33.97999954223633,34.0098991394043,5042,0.0,0.0,0.0
2024-01-26 12:30:00-05:00,33.94499969482422,33.94990158081055,33.90449905395508,33.940101623535156,13143,0.0,0.0,0.0
2024-01-26 13:30:00-05:00,33.936100006103516,33.9900016784668,33.92499923706055,33.95500183105469,14036,0.0,0.0,0.0
2024-01-26 14:30:00-05:00,33.945701599121094,34.0,33.945701599121094,33.95000076293945,20674,0.0,0.0,0.0
2024-01-26 15:30:00-05:00,33.91429901123047,33.970001220703125,33.91429901123047,33.95000076293945,4565,0.0,0.0,0.0
2024-01-29 09:30:00-05:00,33.97999954223633,34.00749969482422,33.93080139160156,33.96220016479492,0,0.0,0.0,0.0
2024-01-29 10:30:00-05:00,33.9900016784668,34.029998779296875,33.959999084472656,34.029998779296875,3649,0.0,0.0,0.0
2024-01-29 11:30:00-05:00,34.029998779296875,34.04999923706055,33.9900016784668,34.04990005493164,13686,0.0,0.0,0.0
2024-01-29 12:30:00-05:00,34.04999923706055,34.069698333740234,34.010101318359375,34.03990173339844,9098,0.0,0.0,0.0
2024-01-29 13:30:00-05:00,34.08000183105469,34.08000183105469,34.04999923706055,34.08000183105469,4474,0.0,0.0,0.0
2024-01-29 14:30:00-05:00,34.099998474121094,34.25,34.099998474121094,34.220001220703125,6675,0.0,0.0,0.0
2024-01-29 15:30:00-05:00,34.2400016784668,34.249900817871094,34.189998626708984,34.220001220703125,13901,0.0,0.0,0.0
2024-01-30 09:30:00-05:00,34.20000076293945,34.20000076293945,34.04290008544922,34.05910110473633,0,0.0,0.0,0.0
2024-01-30 10:30:00-05:00,34.041500091552734,34.08000183105469,34.041500091552734,34.074100494384766,35139,0.0,0.0,0.0
2024-01-30 11:30:00-05:00,34.11000061035156,34.14310073852539,34.11000061035156,34.11000061035156,4083,0.0,0.0,0.0
2024-01-30 12:30:00-05:00,34.06999969482422,34.09989929199219,34.03010177612305,34.09989929199219,5268,0.0,0.0,0.0
2024-01-30 13:30:00-05:00,34.09000015258789,34.129600524902344,34.0713005065918,34.125,15633,0.0,0.0,0.0
2024-01-30 14:30:00-05:00,34.119998931884766,34.119998931884766,34.080101013183594,34.119998931884766,3440,0.0,0.0,0.0
2024-01-30 15:30:00-05:00,34.10409927368164,34.11980056762695,34.06999969482422,34.06999969482422,0,0.0,0.0,0.0
2024-01-31 09:30:00-05:00,34.0099983215332,34.060001373291016,33.95539855957031,34.01499938964844,4012,0.0,0.0,0.0
2024-01-31 10:30:00-05:00,33.99689865112305,34.04999923706055,33.972900390625,34.0,4494,0.0,0.0,0.0
2024-01-31 11:30:00-05:00,33.95000076293945,34.023101806640625,33.90010070800781,34.023101806640625,7963,0.0,0.0,0.0
2024-01-31 12:30:00-05:00,34.02000045776367,34.029998779296875,33.96289825439453,34.0,8340,0.0,0.0,0.0
2024-01-31 13:30:00-05:00,34.010101318359375,34.04600143432617,33.81999969482422,33.93000030517578,11377,0.0,0.0,0.0
2024-01-31 14:30:00-05:00,33.900001525878906,34.209999084472656,33.72999954223633,33.78879928588867,13401,0.0,0.0,0.0
2024-01-31 15:30:00-05:00,33.78919982910156,33.78919982910156,33.63999938964844,33.63999938964844,12456,0.0,0.0,0.0
2024-02-01 09:30:00-05:00,33.779998779296875,33.834999084472656,33.63570022583008,33.68000030517578,0,0.0,0.0,0.0
2024-02-01 10:30:00-05:00,33.74639892578125,33.74639892578125,33.525001525878906,33.564998626708984,19180,0.0,0.0,0.0
2024-02-01 11:30:00-05:00,33.619998931884766,33.779998779296875,33.60499954223633,33.72990036010742,10903,0.0,0.0,0.0
2024-02-01 12:30:00-05:00,33.7599983215332,33.83000183105469,33.73099899291992,33.83000183105469,8470,0.0,0.0,0.0
2024-02-01 13:30:00-05:00,33.84000015258789,33.875301361083984,33.81999969482422,33.875301361083984,5185,0.0,0.0,0.0
2024-02-01 14:30:00-05:00,33.810699462890625,33.91999816894531,33.810699462890625,33.869998931884766,14323,0.0,0.0,0.0
2024-02-01 15:30:00-05:00,33.88999938964844,33.93000030517578,33.869998931884766,33.880001068115234,0,0.0,0.0,0.0
2024-02-02 09:30:00-05:00,33.65999984741211,33.70000076293945,33.56999969482422,33.68000030517578,8626,0.0,0.0,0.0
2024-02-02 10:30:00-05:00,33.666500091552734,33.75,33.650001525878906,33.75,23022,0.0,0.0,0.0
2024-02-02 11:30:00-05:00,33.77000045776367,33.778900146484375,33.68410110473633,33.729000091552734,12937,0.0,0.0,0.0
2024-02-02 12:30:00-05:00,33.775901794433594,33.775901794433594,33.63399887084961,33.720001220703125,8940,0.0,0.0,0.0
2024-02-02 13:30:00-05:00,33.739898681640625,33.849998474121094,33.720001220703125,33.79410171508789,19016,0.0,0.0,0.0
2024-02-02 14:30:00-05:00,33.82569885253906,33.880001068115234,33.80270004272461,33.87990188598633,11750,0.0,0.0,0.0
2024-02-02 15:30:00-05:00,33.8672981262207,33.8672981262207,33.779998779296875,33.790000915527344,8532,0.0,0.0,0.0
2024-02-05 09:30:00-05:00,33.59000015258789,33.599998474121094,33.375,33.400001525878906,0,0.0,0.0,0.0
2024-02-05 10:30:00-05:00,33.403499603271484,33.45000076293945,33.37269973754883,33.439998626708984,29813,0.0,0.0,0.0
2024-02-05 11:30:00-05:00,33.45000076293945,33.49919891357422,33.43000030517578,33.474300384521484,3332,0.0,0.0,0.0
2024-02-05 12:30:00-05:00,33.540000915527344,33.540000915527344,33.500099182128906,33.500099182128906,412,0.0,0.0,0.0
2024-02-05 13:30:00-05:00,33.57939910888672,33.579898834228516,33.55009841918945,33.57720184326172,6721,0.0,0.0,0.0
2024-02-05 14:30:00-05:00,33.619300842285156,33.650001525878906,33.560001373291016,33.590999603271484,29243,0.0,0.0,0.0
2024-02-05 15:30:00-05:00,33.630001068115234,33.630001068115234,33.54999923706055,33.54999923706055,9279,0.0,0.0,0.0
2024-02-06 09:30:00-05:00,33.54999923706055,33.689998626708984,33.47999954223633,33.67499923706055,18581,0.0,0.0,0.0
2024-02-06 10:30:00-05:00,33.67499923706055,33.709999084472656,33.63570022583008,33.70869827270508,8084,0.0,0.0,0.0
2024-02-06 11:30:00-05:00,33.720001220703125,33.720001220703125,33.650001525878906,33.650001525878906,10401,0.0,0.0,0.0
2024-02-06 12:30:00-05:00,33.68000030517578,33.68000030517578,33.6161003112793,33.63410186767578,8818,0.0,0.0,0.0
2024-02-06 13:30:00-05:00,33.650001525878906,33.720001220703125,33.619998931884766,33.63999938964844,15711,0.0,0.0,0.0
2024-02-06 14:30:00-05:00,33.630001068115234,33.709999084472656,33.600101470947266,33.709999084472656,10810,0.0,0.0,0.0
2024-02-06 15:30:00-05:00,33.68000030517578,33.72999954223633,33.65999984741211,33.72999954223633,7087,0.0,0.0,0.0
2024-02-07 09:30:00-05:00,33.779998779296875,33.779998779296875,33.560001373291016,33.634300231933594,0,0.0,0.0,0.0
2024-02-07 10:30:00-05:00,33.70989990234375,33.70989990234375,33.650299072265625,33.679901123046875,25239,0.0,0.0,0.0
2024-02-07 11:30:00-05:00,33.665000915527344,33.68000030517578,33.6442985534668,33.6442985534668,3675,0.0,0.0,0.0
2024-02-07 12:30:00-05:00,33.65999984741211,33.7599983215332,33.65999984741211,33.7599983215332,268478,0.0,0.0,0.0
2024-02-07 13:30:00-05:00,33.77000045776367,33.779998779296875,33.72999954223633,33.76409912109375,6416,0.0,0.0,0.0
2024-02-07 14:30:00-05:00,33.7599983215332,33.76900100708008,33.720001220703125,33.73970031738281,20309,0.0,0.0,0.0
2024-02-07 15:30:00-05:00,33.72999954223633,33.72999954223633,33.66999816894531,33.689998626708984,17782,0.0,0.0,0.0
2024-02-08 09:30:00-05:00,33.65999984741211,33.86000061035156,33.65999984741211,33.849998474121094,0,0.0,0.0,0.0
2024-02-08 10:30:00-05:00,33.875,33.900001525878906,33.8400993347168,33.85499954223633,9491,0.0,0.0,0.0
2024-02-08 11:30:00-05:00,33.83000183105469,33.880001068115234,33.810001373291016,33.862701416015625,6683,0.0,0.0,0.0
2024-02-08 12:30:00-05:00,33.8572998046875,33.91999816894531,33.85049819946289,33.900001525878906,8113,0.0,0.0,0.0
2024-02-08 13:30:00-05:00,33.91400146484375,33.97999954223633,33.91400146484375,33.97959899902344,21691,0.0,0.0,0.0
2024-02-08 14:30:00-05:00,33.959999084472656,33.999000549316406,33.942501068115234,33.98500061035156,42754,0.0,0.0,0.0
2024-02-08 15:30:00-05:00,33.97999954223633,34.0099983215332,33.970001220703125,33.970001220703125,22862,0.0,0.0,0.0
2024-02-09 09:30:00-05:00,34.06999969482422,34.11000061035156,34.02000045776367,34.069000244140625,0,0.0,0.0,0.0
2024-02-09 10:30:00-05:00,34.06999969482422,34.11989974975586,34.069000244140625,34.069000244140625,11072,0.0,0.0,0.0
2024-02-09 11:30:00-05:00,34.079898834228516,34.13999938964844,34.075401306152344,34.125701904296875,7556,0.0,0.0,0.0
2024-02-09 12:30:00-05:00,34.20000076293945,34.27000045776367,34.189998626708984,34.27000045776367,6885,0.0,0.0,0.0
2024-02-09 13:30:00-05:00,34.2401008605957,34.279998779296875,34.23429870605469,34.279998779296875,11285,0.0,0.0,0.0
2024-02-09 14:30:00-05:00,34.279998779296875,34.279998779296875,34.20000076293945,34.260101318359375,23293,0.0,0.0,0.0
2024-02-09 15:30:00-05:00,34.27000045776367,34.27899932861328,34.24409866333008,34.2599983215332,7215,0.0,0.0,0.0
2024-02-12 09:30:00-05:00,34.34000015258789,34.5099983215332,34.34000015258789,34.5099983215332,0,0.0,0.0,0.0
2024-02-12 10:30:00-05:00,34.529998779296875,34.56999969482422,34.5099983215332,34.56999969482422,9496,0.0,0.0,0.0
2024-02-12 11:30:00-05:00,34.56999969482422,34.609100341796875,34.569000244140625,34.599998474121094,8433,0.0,0.0,0.0
2024-02-12 12:30:00-05:00,34.540000915527344,34.61000061035156,34.540000915527344,34.577999114990234,16926,0.0,0.0,0.0
2024-02-12 13:30:00-05:00,34.57099914550781,34.59000015258789,34.5099983215332,34.559898376464844,8890,0.0,0.0,0.0
2024-02-12 14:30:00-05:00,34.56999969482422,34.589900970458984,34.540000915527344,34.54999923706055,21581,0.0,0.0,0.0
2024-02-12 15:30:00-05:00,34.54999923706055,34.61000061035156,34.54999923706055,34.560001373291016,17645,0.0,0.0,0.0
2024-02-13 09:30:00-05:00,33.97999954223633,33.99689865112305,33.810001373291016,33.86000061035156,0,0.0,0.0,0.0
2024-02-13 10:30:00-05:00,33.86899948120117,34.013999938964844,33.86899948120117,34.00400161743164,14452,0.0,0.0,0.0
2024-02-13 11:30:00-05:00,34.01900100708008,34.02000045776367,33.96900177001953,33.96989822387695,3889,0.0,0.0,0.0
2024-02-13 12:30:00-05:00,33.95000076293945,33.959999084472656,33.89970016479492,33.90999984741211,8238,0.0,0.0,0.0
2024-02-13 13:30:00-05:00,33.9109992980957,33.91999816894531,33.750099182128906,33.779998779296875,15686,0.0,0.0,0.0
2024-02-13 14:30:00-05:00,33.808998107910156,33.83000183105469,33.630001068115234,33.70000076293945,41290,0.0,0.0,0.0
2024-02-13 15:30:00-05:00,33.70000076293945,33.79999923706055,33.66680145263672,33.79999923706055,10463,0.0,0.0,0.0
2024-02-14 09:30:00-05:00,34.040000915527344,34.06999969482422,33.965599060058594,34.06990051269531,6130,0.0,0.0,0.0
2024-02-14 10:30:00-05:00,34.04999923706055,34.060001373291016,33.935001373291016,34.02000045776367,5023,0.0,0.0,0.0
2024-02-14 11:30:00-05:00,34.02000045776367,34.06999969482422,33.96390151977539,34.04990005493164,3967,0.0,0.0,0.0
2024-02-14 12:30:00-05:00,34.06999969482422,34.119998931884766,34.02000045776367,34.099998474121094,11535,0.0,0.0,0.0
2024-02-14 13:30:00-05:00,34.08000183105469,34.16999816894531,34.08000183105469,34.165000915527344,9341,0.0,0.0,0.0
2024-02-14 14:30:00-05:00,34.18000030517578,34.27000045776367,34.1786003112793,34.269901275634766,19082,0.0,0.0,0.0
2024-02-14 15:30:00-05:00,34.25,34.25,34.16999816894531,34.16999816894531,0,0.0,0.0,0.0
2024-02-15 09:30:00-05:00,34.400001525878906,34.540000915527344,34.400001525878906,34.5,8370,0.0,0.0,0.0
2024-02-15 10:30:00-05:00,34.5098991394043,34.5099983215332,34.3760986328125,34.390098571777344,49637,0.0,0.0,0.0
2024-02-15 11:30:00-05:00,34.43000030517578,34.5099983215332,34.43000030517578,34.5099983215332,15942,0.0,0.0,0.0
2024-02-15 12:30:00-05:00,34.494998931884766,34.560001373291016,34.47999954223633,34.54999923706055,6560,0.0,0.0,0.0
2024-02-15 13:30:00-05:00,34.584999084472656,34.66999816894531,34.57789993286133,34.669898986816406,14681,0.0,0.0,0.0
2024-02-15 14:30:00-05:00,34.68000030517578,34.70000076293945,34.57310104370117,34.659000396728516,8469,0.0,0.0,0.0
2024-02-15 15:30:00-05:00,34.66999816894531,34.66999816894531,34.63010025024414,34.66999816894531,19765,0.0,0.0,0.0
2024-02-16 09:30:00-05:00,34.415000915527344,34.470001220703125,34.400001525878906,34.400001525878906,0,0.0,0.0,0.0
2024-02-16 10:30:00-05:00,34.473899841308594,34.536399841308594,34.459999084472656,34.536399841308594,2972,0.0,0.0,0.0
2024-02-16 11:30:00-05:00,34.5,34.52000045776367,34.5,34.5099983215332,3762,0.0,0.0,0.0
2024-02-16 12:30:00-05:00,34.54999923706055,34.55500030517578,34.49620056152344,34.49620056152344,5946,0.0,0.0,0.0
2024-02-16 13:30:00-05:00,34.560001373291016,34.56999969482422,34.4900016784668,34.54499816894531,3822,0.0,0.0,0.0
2024-02-16 14:30:00-05:00,34.53960037231445,34.540000915527344,34.43000030517578,34.454498291015625,15241,0.0,0.0,0.0
2024-02-16 15:30:00-05:00,34.499000549316406,34.5,34.349998474121094,34.43000030517578,7271,0.0,0.0,0.0
2024-02-20 09:30:00-05:00,34.18000030517578,34.2400016784668,34.16999816894531,34.2400016784668,0,0.0,0.0,0.0
2024-02-20 10:30:00-05:00,34.20920181274414,34.25,34.20000076293945,34.220001220703125,3367,0.0,0.0,0.0
2024-02-20 11:30:00-05:00,34.20000076293945,34.20000076293945,34.099998474121094,34.099998474121094,6017,0.0,0.0,0.0
2024-02-20 12:30:00-05:00,34.100101470947266,34.150001525878906,34.099998474121094,34.149898529052734,5445,0.0,0.0,0.0
2024-02-20 13:30:00-05:00,34.1150016784668,34.13999938964844,34.08000183105469,34.119998931884766,13068,0.0,0.0,0.0
2024-02-20 14:30:00-05:00,34.15489959716797,34.189998626708984,34.08000183105469,34.18989944458008,13291,0.0,0.0,0.0
2024-02-20 15:30:00-05:00,34.189998626708984,34.189998626708984,34.11000061035156,34.18000030517578,9003,0.0,0.0,0.0
2024-02-21 09:30:00-05:00,34.06999969482422,34.084999084472656,34.025001525878906,34.064998626708984,0,0.0,0.0,0.0
2024-02-21 10:30:00-05:00,34.024200439453125,34.099998474121094,34.002601623535156,34.05500030517578,8949,0.0,0.0,0.0
2024-02-21 11:30:00-05:00,34.08000183105469,34.08000183105469,33.98360061645508,33.98360061645508,7479,0.0,0.0,0.0
2024-02-21 12:30:00-05:00,34.005001068115234,34.005001068115234,33.97999954223633,34.0,2507,0.0,0.0,0.0
2024-02-21 13:30:00-05:00,34.03990173339844,34.03990173339844,33.97999954223633,33.97999954223633,2116,0.0,0.0,0.0
2024-02-21 14:30:00-05:00,33.98500061035156,34.0099983215332,33.919700622558594,33.970001220703125,9549,0.0,0.0,0.0
2024-02-21 15:30:00-05:00,33.9900016784668,34.09000015258789,33.9817008972168,34.09000015258789,7014,0.0,0.0,0.0
2024-02-22 09:30:00-05:00,34.13999938964844,34.209999084472656,34.11000061035156,34.130001068115234,0,0.0,0.0,0.0
2024-02-22 10:30:00-05:00,34.084999084472656,34.20000076293945,34.040000915527344,34.19990158081055,7854,0.0,0.0,0.0
2024-02-22 11:30:00-05:00,34.20000076293945,34.22999954223633,34.172298431396484,34.209999084472656,2335,0.0,0.0,0.0
2024-02-22 12:30:00-05:00,34.22999954223633,34.22999954223633,34.18370056152344,34.209999084472656,1315,0.0,0.0,0.0
2024-02-22 13:30:00-05:00,34.22999954223633,34.27939987182617,34.22990036010742,34.2411994934082,2478,0.0,0.0,0.0
2024-02-22 14:30:00-05:00,34.186100006103516,34.22999954223633,34.18000030517578,34.20109939575195,58096,0.0,0.0,0.0
2024-02-22 15:30:00-05:00,34.220001220703125,34.25,34.20330047607422,34.25,5424,0.0,0.0,0.0
2024-02-23 09:30:00-05:00,34.220001220703125,34.220001220703125,34.12009811401367,34.12009811401367,0,0.0,0.0,0.0
2024-02-23 10:30:00-05:00,34.22999954223633,34.27000045776367,34.179298400878906,34.236000061035156,6096,0.0,0.0,0.0
2024-02-23 11:30:00-05:00,34.27000045776367,34.349998474121094,34.2598991394043,34.349998474121094,10439,0.0,0.0,0.0
2024-02-23 12:30:00-05:00,34.36909866333008,34.380001068115234,34.33369827270508,34.380001068115234,5080,0.0,0.0,0.0
2024-02-23 13:30:00-05:00,34.36000061035156,34.400001525878906,34.298099517822266,34.31990051269531,14065,0.0,0.0,0.0
2024-02-23 14:30:00-05:00,34.29119873046875,34.34000015258789,34.25,34.290000915527344,19294,0.0,0.0,0.0
2024-02-23 15:30:00-05:00,34.26969909667969,34.31890106201172,34.250099182128906,34.310001373291016,8397,0.0,0.0,0.0
2024-02-26 09:30:00-05:00,34.2599983215332,34.400001525878906,34.2599983215332,34.400001525878906,0,0.0,0.0,0.0
2024-02-26 10:30:00-05:00,34.41999816894531,34.43000030517578,34.400001525878906,34.40769958496094,1173,0.0,0.0,0.0
2024-02-26 11:30:00-05:00,34.3650016784668,34.41999816894531,34.34389877319336,34.40999984741211,9854,0.0,0.0,0.0
2024-02-26 12:30:00-05:00,34.380001068115234,34.38999938964844,34.31999969482422,34.31999969482422,17865,0.0,0.0,0.0
2024-02-26 13:30:00-05:00,34.280601501464844,34.369998931884766,34.280601501464844,34.36000061035156,3786,0.0,0.0,0.0
2024-02-26 14:30:00-05:00,34.380001068115234,34.43000030517578,34.36000061035156,34.400001525878906,7985,0.0,0.0,0.0
2024-02-26 15:30:00-05:00,34.369300842285156,34.45000076293945,34.369300842285156,34.43000030517578,35275,0.0,0.0,0.0
2024-02-27 09:30:00-05:00,34.5099983215332,34.599998474121094,34.5099983215332,34.57350158691406,0,0.0,0.0,0.0
2024-02-27 10:30:00-05:00,34.619998931884766,34.630001068115234,34.531898498535156,34.59000015258789,531368,0.0,0.0,0.0
2024-02-27 11:30:00-05:00,34.59000015258789,34.619998931884766,34.57500076293945,34.59120178222656,24260,0.0,0.0,0.0
2024-02-27 12:30:00-05:00,34.59000015258789,34.61000061035156,34.560001373291016,34.56999969482422,12532,0.0,0.0,0.0
2024-02-27 13:30:00-05:00,34.589900970458984,34.599998474121094,34.52830123901367,34.560001373291016,11335,0.0,0.0,0.0
2024-02-27 14:30:00-05:00,34.58000183105469,34.5973014831543,34.54999923706055,34.59000015258789,12019,0.0,0.0,0.0
2024-02-27 15:30:00-05:00,34.54999923706055,34.649898529052734,34.54999923706055,34.63999938964844,9697,0.0,0.0,0.0
2024-02-28 09:30:00-05:00,34.47999954223633,34.599998474121094,34.47990036010742,34.55500030517578,0,0.0,0.0,0.0
2024-02-28 10:30:00-05:00,34.523799896240234,34.609901428222656,34.52009963989258,34.53499984741211,7689,0.0,0.0,0.0
2024-02-28 11:30:00-05:00,34.55220031738281,34.59830093383789,34.52000045776367,34.560001373291016,3624,0.0,0.0,0.0
2024-02-28 12:30:00-05:00,34.55500030517578,34.560001373291016,34.53969955444336,34.560001373291016,9298,0.0,0.0,0.0
2024-02-28 13:30:00-05:00,34.54010009765625,34.56990051269531,34.4900016784668,34.52000045776367,4482,0.0,0.0,0.0
2024-02-28 14:30:00-05:00,34.451900482177734,34.5099983215332,34.451900482177734,34.505001068115234,6099,0.0,0.0,0.0
2024-02-28 15:30:00-05:00,34.4900016784668,34.5099983215332,34.45500183105469,34.4900016784668,15343,0.0,0.0,0.0
2024-02-29 09:30:00-05:00,34.7599983215332,34.7599983215332,34.6349983215332,34.68989944458008,0,0.0,0.0,0.0
2024-02-29 10:30:00-05:00,34.6599006652832,34.6599006652832,34.560001373291016,34.63290023803711,12080,0.0,0.0,0.0
2024-02-29 11:30:00-05:00,34.4900016784668,34.599998474121094,34.47999954223633,34.529998779296875,50872,0.0,0.0,0.0
2024-02-29 12:30:00-05:00,34.51499938964844,34.59989929199219,34.51499938964844,34.59000015258789,18093,0.0,0.0,0.0
2024-02-29 13:30:00-05:00,34.59989929199219,34.61000061035156,34.58000183105469,34.61000061035156,14506,0.0,0.0,0.0
2024-02-29 14:30:00-05:00,34.599998474121094,34.619998931884766,34.54499816894531,34.59859848022461,18176,0.0,0.0,0.0
2024-02-29 15:30:00-05:00,34.54999923706055,34.63930130004883,34.54999923706055,34.61000061035156,13001,0.0,0.0,0.0
2024-03-01 09:30:00-05:00,34.71730041503906,34.71730041503906,34.59000015258789,34.65999984741211,3953,0.0,0.0,0.0
2024-03-01 10:30:00-05:00,34.724300384521484,34.808799743652344,34.724300384521484,34.77000045776367,6655,0.0,0.0,0.0
2024-03-01 11:30:00-05:00,34.7599983215332,34.79999923706055,34.7400016784668,34.779998779296875,12288,0.0,0.0,0.0
2024-03-01 12:30:00-05:00,34.779998779296875,34.809898376464844,34.7599983215332,34.77000045776367,10393,0.0,0.0,0.0
2024-03-01 13:30:00-05:00,34.79840087890625,34.81999969482422,34.7869987487793,34.79999923706055,16156,0.0,0.0,0.0
2024-03-01 14:30:00-05:00,34.77009963989258,34.80939865112305,34.75,34.77989959716797,17756,0.0,0.0,0.0
2024-03-01 15:30:00-05:00,34.7599983215332,34.869998931884766,34.74039840698242,34.81999969482422,257128,0.0,0.0,0.0
2024-03-04 09:30:00-05:00,34.93000030517578,34.939998626708984,34.876399993896484,34.88999938964844,0,0.0,0.0,0.0
2024-03-04 10:30:00-05:00,34.86989974975586,34.91999816894531,34.81999969482422,34.869998931884766,35849,0.0,0.0,0.0
2024-03-04 11:30:00-05:00,34.88869857788086,34.92900085449219,34.88869857788086,34.900001525878906,2886,0.0,0.0,0.0
2024-03-04 12:30:00-05:00,34.91999816894531,34.91999816894531,34.87080001831055,34.90999984741211,3077,0.0,0.0,0.0
2024-03-04 13:30:00-05:00,34.8849983215332,34.88999938964844,34.844600677490234,34.85369873046875,4121,0.0,0.0,0.0
2024-03-04 14:30:00-05:00,34.82609939575195,34.90999984741211,34.82609939575195,34.88999938964844,7765,0.0,0.0,0.0
2024-03-04 15:30:00-05:00,34.8849983215332,34.8849983215332,34.78010177612305,34.849998474121094,0,0.0,0.0,0.0
2024-03-05 09:30:00-05:00,34.66999816894531,34.66999816894531,34.66999816894531,34.66999816894531,2069,0.0,0.0,0.0
2024-03-05 10:30:00-05:00,34.7041015625,34.7041015625,34.66999816894531,34.70000076293945,2424,0.0,0.0,0.0
2024-03-05 11:30:00-05:00,34.69900131225586,34.75,34.67879867553711,34.73500061035156,1181183,0.0,0.0,0.0
2024-03-05 12:30:00-05:00,34.7599983215332,34.7599983215332,34.7150993347168,34.74209976196289,2674,0.0,0.0,0.0
2024-03-05 13:30:00-05:00,34.73500061035156,34.7599983215332,34.6786003112793,34.709999084472656,8496,0.0,0.0,0.0
2024-03-05 14:30:00-05:00,34.68000030517578,34.68000030517578,34.56010055541992,34.59709930419922,14777,0.0,0.0,0.0
2024-03-05 15:30:00-05:00,34.581199645996094,34.66999816894531,34.581199645996094,34.66999816894531,6042,0.0,0.0,0.0
2024-03-06 09:30:00-05:00,34.83000183105469,34.880001068115234,34.689998626708984,34.731998443603516,0,0.0,0.0,0.0
2024-03-06 10:30:00-05:00,34.751800537109375,34.810001373291016,34.751800537109375,34.810001373291016,1087,0.0,0.0,0.0
2024-03-06 11:30:00-05:00,34.849998474121094,34.849998474121094,34.760101318359375,34.839599609375,5231,0.0,0.0,0.0
2024-03-06 12:30:00-05:00,34.84000015258789,34.849998474121094,34.8119010925293,34.815399169921875,3688,0.0,0.0,0.0
2024-03-06 13:30:00-05:00,34.75,34.810001373291016,34.733299255371094,34.810001373291016,2702,0.0,0.0,0.0
2024-03-06 14:30:00-05:00,34.79999923706055,34.810001373291016,34.750099182128906,34.77000045776367,6576,0.0,0.0,0.0
2024-03-06 15:30:00-05:00,34.779998779296875,34.79999923706055,34.73429870605469,34.79999923706055,10674,0.0,0.0,0.0
2024-03-07 09:30:00-05:00,34.900001525878906,34.959999084472656,34.869998931884766,34.94839859008789,0,0.0,0.0,0.0
2024-03-07 10:30:00-05:00,34.891998291015625,34.94879913330078,34.880001068115234,34.900001525878906,10423,0.0,0.0,0.0
2024-03-07 11:30:00-05:00,34.904998779296875,34.904998779296875,34.89569854736328,34.897098541259766,3240,0.0,0.0,0.0
2024-03-07 12:30:00-05:00,34.900001525878906,34.959598541259766,34.900001525878906,34.94430160522461,1701,0.0,0.0,0.0
2024-03-07 13:30:00-05:00,34.95000076293945,34.97999954223633,34.916099548339844,34.916099548339844,7007,0.0,0.0,0.0
2024-03-07 14:30:00-05:00,34.92499923706055,34.935001373291016,34.890098571777344,34.91999816894531,7030,0.0,0.0,0.0
2024-03-07 15:30:00-05:00,34.93000030517578,34.94900131225586,34.93000030517578,34.94900131225586,3605,0.0,0.0,0.0
2024-03-08 09:30:00-05:00,34.97999954223633,35.185001373291016,34.97999954223633,35.15999984741211,0,0.0,0.0,0.0
2024-03-08 10:30:00-05:00,35.1619987487793,35.18000030517578,35.150001525878906,35.18000030517578,1888,0.0,0.0,0.0
2024-03-08 11:30:00-05:00,35.04999923706055,35.04999923706055,34.93009948730469,34.95289993286133,7780,0.0,0.0,0.0
2024-03-08 12:30:00-05:00,35.01300048828125,35.01300048828125,34.89440155029297,34.95920181274414,5957,0.0,0.0,0.0
2024-03-08 13:30:00-05:00,34.91999816894531,34.93000030517578,34.904300689697266,34.904300689697266,2116,0.0,0.0,0.0
2024-03-08 14:30:00-05:00,34.970001220703125,35.0099983215332,34.939998626708984,34.95209884643555,7517,0.0,0.0,0.0
2024-03-08 15:30:00-05:00,34.939998626708984,34.970001220703125,34.92610168457031,34.959999084472656,8826,0.0,0.0,0.0
2024-03-11 09:30:00-04:00,34.81999969482422,34.81999969482422,34.72589874267578,34.72589874267578,0,0.0,0.0,0.0
2024-03-11 10:30:00-04:00,34.76499938964844,34.809898376464844,34.76499938964844,34.809898376464844,707,0.0,0.0,0.0
2024-03-11 11:30:00-04:00,34.779998779296875,34.849998474121094,34.76499938964844,34.80609893798828,8255,0.0,0.0,0.0
2024-03-11 12:30:00-04:00,34.83000183105469,34.869998931884766,34.83000183105469,34.86000061035156,2733,0.0,0.0,0.0
2024-03-11 13:30:00-04:00,34.83000183105469,34.8390007019043,34.79999923706055,34.82500076293945,4411,0.0,0.0,0.0
2024-03-11 14:30:00-04:00,34.839900970458984,34.84000015258789,34.79499816894531,34.80099868774414,7841,0.0,0.0,0.0
2024-03-11 15:30:00-04:00,34.790000915527344,34.83000183105469,34.76539993286133,34.83000183105469,6874,0.0,0.0,0.0
2024-03-12 09:30:00-04:00,34.779998779296875,34.779998779296875,34.72010040283203,34.72010040283203,0,0.0,0.0,0.0
2024-03-12 10:30:00-04:00,34.814998626708984,34.814998626708984,34.814998626708984,34.814998626708984,223,0.0,0.0,0.0
2024-03-12 11:30:00-04:00,34.79880142211914,34.79880142211914,34.67509841918945,34.69599914550781,3749,0.0,0.0,0.0
2024-03-12 12:30:00-04:00,34.67399978637695,34.70000076293945,34.67399978637695,34.70000076293945,950,0.0,0.0,0.0
2024-03-12 13:30:00-04:00,34.694801330566406,34.76580047607422,34.694801330566406,34.76580047607422,2487,0.0,0.0,0.0
2024-03-12 14:30:00-04:00,34.77000045776367,34.79999923706055,34.77000045776367,34.78919982910156,8522,0.0,0.0,0.0
2024-03-12 15:30:00-04:00,34.77000045776367,34.84000015258789,34.75,34.84000015258789,1878,0.0,0.0,0.0
2024-03-13 09:30:00-04:00,34.7400016784668,34.869998931884766,34.7400016784668,34.869998931884766,0,0.0,0.0,0.0
2024-03-13 10:30:00-04:00,34.939998626708984,34.95000076293945,34.82830047607422,34.93000030517578,5382,0.0,0.0,0.0
2024-03-13 11:30:00-04:00,34.90629959106445,34.93960189819336,34.89289855957031,34.93960189819336,6586,0.0,0.0,0.0
2024-03-13 12:30:00-04:00,34.93989944458008,34.93989944458008,34.92499923706055,34.92499923706055,946,0.0,0.0,0.0
2024-03-13 13:30:00-04:00,34.9474983215332,34.9474983215332,34.88970184326172,34.88970184326172,2785,0.0,0.0,0.0
2024-03-13 14:30:00-04:00,34.91999816894531,34.91999816894531,34.869998931884766,34.869998931884766,12102,0.0,0.0,0.0
2024-03-13 15:30:00-04:00,34.82400131225586,34.91999816894531,34.810001373291016,34.91999816894531,0,0.0,0.0,0.0
2024-03-14 09:30:00-04:00,34.78499984741211,34.81999969482422,34.54759979248047,34.54759979248047,3500,0.0,0.0,0.0
2024-03-14 10:30:00-04:00,34.600101470947266,34.62910079956055,34.595001220703125,34.61000061035156,4913,0.0,0.0,0.0
2024-03-14 11:30:00-04:00,34.53499984741211,34.56999969482422,34.5,34.525001525878906,9079,0.0,0.0,0.0
2024-03-14 12:30:00-04:00,34.560001373291016,34.560001373291016,34.458499908447266,34.458499908447266,1193,0.0,0.0,0.0
2024-03-14 13:30:00-04:00,34.519901275634766,34.59000015258789,34.487998962402344,34.560001373291016,11930,0.0,0.0,0.0
2024-03-14 14:30:00-04:00,34.529998779296875,34.54999923706055,34.36000061035156,34.44839859008789,116216,0.0,0.0,0.0
2024-03-14 15:30:00-04:00,34.400001525878906,34.540000915527344,34.36000061035156,34.529998779296875,15384,0.0,0.0,0.0
2024-03-15 09:30:00-04:00,34.47999954223633,34.56999969482422,34.47999954223633,34.56999969482422,0,0.0,0.0,0.0
2024-03-15 10:30:00-04:00,34.568599700927734,34.599998474121094,34.52009963989258,34.54330062866211,8031,0.0,0.0,0.0
2024-03-15 11:30:00-04:00,34.53409957885742,34.560001373291016,34.52949905395508,34.540000915527344,5515,0.0,0.0,0.0
2024-03-15 12:30:00-04:00,34.54999923706055,34.54999923706055,34.48460006713867,34.48460006713867,1274,0.0,0.0,0.0
2024-03-15 13:30:00-04:00,34.540401458740234,34.58000183105469,34.52510070800781,34.55860137939453,4991,0.0,0.0,0.0
2024-03-15 14:30:00-04:00,34.577701568603516,34.61000061035156,34.56919860839844,34.56999969482422,6537,0.0,0.0,0.0
2024-03-15 15:30:00-04:00,34.548500061035156,34.59000015258789,34.548500061035156,34.58000183105469,3003,0.0,0.0,0.0
2024-03-18 09:30:00-04:00,34.52000045776367,34.540000915527344,34.5,34.52000045776367,0,0.0,0.0,0.0
2024-03-18 10:30:00-04:00,34.59000015258789,34.59000015258789,34.5,34.58000183105469,4417,0.0,0.0,0.0
2024-03-18 11:30:00-04:00,34.5,34.560001373291016,34.5,34.529998779296875,12473,0.0,0.0,0.0
2024-03-18 12:30:00-04:00,34.567501068115234,34.567501068115234,34.50579833984375,34.55649948120117,3220,0.0,0.0,0.0
2024-03-18 13:30:00-04:00,34.54410171508789,34.56999969482422,34.510101318359375,34.560001373291016,3156,0.0,0.0,0.0
2024-03-18 14:30:00-04:00,34.579898834228516,34.579898834228516,34.5099983215332,34.5099983215332,7192,0.0,0.0,0.0
2024-03-18 15:30:00-04:00,34.559898376464844,34.559898376464844,34.41999816894531,34.439998626708984,11301,0.0,0.0,0.0
2024-03-19 09:30:00-04:00,34.33000183105469,34.345001220703125,34.33000183105469,34.345001220703125,0,0.0,0.0,0.0
2024-03-19 10:30:00-04:00,34.38999938964844,34.435001373291016,34.38999938964844,34.435001373291016,3784,0.0,0.0,0.0
2024-03-19 11:30:00-04:00,34.470001220703125,34.51499938964844,34.440101623535156,34.51499938964844,14213,0.0,0.0,0.0
2024-03-19 12:30:00-04:00,34.565799713134766,34.565799713134766,34.55500030517578,34.55500030517578,1361,0.0,0.0,0.0
2024-03-19 13:30:00-04:00,34.57500076293945,34.57500076293945,34.573699951171875,34.573699951171875,748,0.0,0.0,0.0
2024-03-19 14:30:00-04:00,34.55500030517578,34.599300384521484,34.500099182128906,34.532501220703125,31763,0.0,0.0,0.0
2024-03-19 15:30:00-04:00,34.525001525878906,34.59000015258789,34.525001525878906,34.529998779296875,5408,0.0,0.0,0.0
2024-03-20 09:30:00-04:00,34.4900016784668,34.55500030517578,34.444801330566406,34.55500030517578,0,0.0,0.0,0.0
2024-03-20 10:30:00-04:00,34.59989929199219,34.59989929199219,34.59109878540039,34.59109878540039,2224,0.0,0.0,0.0
2024-03-20 11:30:00-04:00,34.564998626708984,34.588401794433594,34.525901794433594,34.525901794433594,1874,0.0,0.0,0.0
2024-03-20 12:30:00-04:00,34.59000015258789,34.59000015258789,34.510101318359375,34.510101318359375,15128,0.0,0.0,0.0
2024-03-20 13:30:00-04:00,34.55609893798828,34.70819854736328,34.55609893798828,34.70819854736328,1066,0.0,0.0,0.0
2024-03-20 14:30:00-04:00,34.810001373291016,34.94990158081055,34.779998779296875,34.89500045776367,9489,0.0,0.0,0.0
2024-03-20 15:30:00-04:00,34.91999816894531,34.970001220703125,34.90999984741211,34.970001220703125,1994,0.0,0.0,0.0
2024-03-21 09:30:00-04:00,35.08000183105469,35.14500045776367,35.07500076293945,35.095001220703125,0,0.0,0.0,0.0
2024-03-21 10:30:00-04:00,35.15999984741211,35.220001220703125,35.15439987182617,35.15439987182617,7791,0.0,0.0,0.0
2024-03-21 11:30:00-04:00,35.15999984741211,35.15999984741211,35.104000091552734,35.149898529052734,3147,0.0,0.0,0.0
2024-03-21 12:30:00-04:00,35.13990020751953,35.179100036621094,35.1349983215332,35.1593017578125,2778,0.0,0.0,0.0
2024-03-21 13:30:00-04:00,35.159400939941406,35.18000030517578,35.11000061035156,35.179901123046875,5621,0.0,0.0,0.0
2024-03-21 14:30:00-04:00,35.18000030517578,35.21989822387695,35.139198303222656,35.21989822387695,9075,0.0,0.0,0.0
2024-03-21 15:30:00-04:00,35.15999984741211,35.1963996887207,35.119998931884766,35.18000030517578,11184,0.0,0.0,0.0
2024-03-22 09:30:00-04:00,35.119998931884766,35.119998931884766,35.040000915527344,35.040000915527344,0,0.0,0.0,0.0
2024-03-22 10:30:00-04:00,34.959999084472656,34.970001220703125,34.939998626708984,34.970001220703125,10695,0.0,0.0,0.0
2024-03-22 11:30:00-04:00,34.987998962402344,34.987998962402344,34.912200927734375,34.912200927734375,430,0.0,0.0,0.0
2024-03-22 12:30:00-04:00,34.935001373291016,34.970001220703125,34.93000030517578,34.959999084472656,8109,0.0,0.0,0.0
2024-03-22 13:30:00-04:00,34.959999084472656,35.0099983215332,34.954498291015625,35.0099983215332,4910,0.0,0.0,0.0
2024-03-22 14:30:00-04:00,35.0,35.0,34.920799255371094,34.95899963378906,8644,0.0,0.0,0.0
2024-03-22 15:30:00-04:00,34.95000076293945,34.959999084472656,34.90850067138672,34.9379997253418,15017,0.0,0.0,0.0
2024-03-25 09:30:00-04:00,34.83000183105469,35.02989959716797,34.81999969482422,35.0099983215332,0,0.0,0.0,0.0
2024-03-25 10:30:00-04:00,35.0099983215332,35.02000045776367,34.9901008605957,34.9901008605957,4657,0.0,0.0,0.0
2024-03-25 11:30:00-04:00,35.01499938964844,35.02000045776367,34.989601135253906,34.989601135253906,1930,0.0,0.0,0.0
2024-03-25 12:30:00-04:00,34.98160171508789,34.994998931884766,34.98160171508789,34.994998931884766,1010,0.0,0.0,0.0
2024-03-25 13:30:00-04:00,34.9900016784668,35.01900100708008,34.985801696777344,34.9900016784668,1347,0.0,0.0,0.0
2024-03-25 14:30:00-04:00,34.9900016784668,34.9900016784668,34.92499923706055,34.92499923706055,6109,0.0,0.0,0.0
2024-03-25 15:30:00-04:00,34.90999984741211,34.95989990234375,34.869998931884766,34.869998931884766,8851,0.0,0.0,0.0
2024-03-26 09:30:00-04:00,34.9900016784668,35.084999084472656,34.959999084472656,34.959999084472656,0,0.0,0.0,0.0
2024-03-26 10:30:00-04:00,34.924598693847656,34.96500015258789,34.924598693847656,34.959999084472656,1379,0.0,0.0,0.0
2024-03-26 11:30:00-04:00,34.91999816894531,34.939998626708984,34.91999816894531,34.939998626708984,5055,0.0,0.0,0.0
2024-03-26 12:30:00-04:00,34.97990036010742,34.97990036010742,34.95000076293945,34.95000076293945,1822,0.0,0.0,0.0
2024-03-26 13:30:00-04:00,34.97999954223633,35.02000045776367,34.96009826660156,35.0099983215332,2139,0.0,0.0,0.0
2024-03-26 14:30:00-04:00,35.013099670410156,35.02000045776367,34.970001220703125,34.970001220703125,2279,0.0,0.0,0.0
2024-03-26 15:30:00-04:00,34.939998626708984,34.939998626708984,34.89440155029297,34.93000030517578,1648,0.0,0.0,0.0
2024-03-27 09:30:00-04:00,35.060001373291016,35.060001373291016,35.0,35.02000045776367,0,0.0,0.0,0.0
2024-03-27 10:30:00-04:00,35.130001068115234,35.130001068115234,35.09000015258789,35.130001068115234,1992,0.0,0.0,0.0
2024-03-27 11:30:00-04:00,35.099998474121094,35.150001525878906,35.099998474121094,35.10300064086914,4013,0.0,0.0,0.0
2024-03-27 12:30:00-04:00,35.20000076293945,35.20000076293945,35.13249969482422,35.1432991027832,2119,0.0,0.0,0.0
2024-03-27 13:30:00-04:00,35.12009811401367,35.18000030517578,35.12009811401367,35.16999816894531,2572,0.0,0.0,0.0
2024-03-27 14:30:00-04:00,35.209999084472656,35.22999954223633,35.15999984741211,35.1796989440918,31589,0.0,0.0,0.0
2024-03-27 15:30:00-04:00,35.220001220703125,35.29999923706055,35.2140998840332,35.25,8135,0.0,0.0,0.0
2024-03-28 09:30:00-04:00,35.34000015258789,35.34000015258789,35.34000015258789,35.34000015258789,0,0.0,0.0,0.0
2024-03-28 10:30:00-04:00,35.40800094604492,35.45000076293945,35.369998931884766,35.40010070800781,4581,0.0,0.0,0.0
2024-03-28 11:30:00-04:00,35.470001220703125,35.4900016784668,35.43349838256836,35.4900016784668,640,0.0,0.0,0.0
2024-03-28 12:30:00-04:00,35.45500183105469,35.45500183105469,35.40999984741211,35.40999984741211,1041,0.0,0.0,0.0
2024-03-28 13:30:00-04:00,35.375,35.38999938964844,35.34000015258789,35.38999938964844,3694,0.0,0.0,0.0
2024-03-28 14:30:00-04:00,35.36000061035156,35.3650016784668,35.31999969482422,35.31999969482422,23198,0.0,0.0,0.0
2024-03-28 15:30:00-04:00,35.36000061035156,35.41999816894531,35.29999923706055,35.29999923706055,8200,0.0,0.0,0.0
2024-04-01 09:30:00-04:00,35.40999984741211,35.40999984741211,35.40999984741211,35.40999984741211,0,0.0,0.0,0.0
2024-04-01 10:30:00-04:00,35.25,35.25,35.1254997253418,35.18000030517578,5430,0.0,0.0,0.0
2024-04-01 11:30:00-04:00,35.17509841918945,35.19839859008789,35.17509841918945,35.19839859008789,631,0.0,0.0,0.0
2024-04-01 12:30:00-04:00,35.150001525878906,35.150001525878906,35.11000061035156,35.14970016479492,15014,0.0,0.0,0.0
2024-04-01 13:30:00-04:00,35.13999938964844,35.179901123046875,35.130001068115234,35.179901123046875,310628,0.0,0.0,0.0
2024-04-01 14:30:00-04:00,35.12419891357422,35.189998626708984,35.12419891357422,35.13999938964844,4935,0.0,0.0,0.0
2024-04-01 15:30:00-04:00,35.189998626708984,35.25859832763672,35.11000061035156,35.189998626708984,0,0.0,0.0,0.0
2024-04-02 09:30:00-04:00,34.900001525878906,34.95000076293945,34.760101318359375,34.81999969482422,21442,0.0,0.0,0.0
2024-04-02 10:30:00-04:00,34.8140983581543,34.8484992980957,34.79999923706055,34.79999923706055,1136,0.0,0.0,0.0
2024-04-02 11:30:00-04:00,34.77000045776367,34.77009963989258,34.7400016784668,34.74409866333008,4814,0.0,0.0,0.0
2024-04-02 12:30:00-04:00,34.75709915161133,34.79990005493164,34.72999954223633,34.72999954223633,73610,0.0,0.0,0.0
2024-04-02 13:30:00-04:00,34.709999084472656,34.760101318359375,34.68000030517578,34.755001068115234,106966,0.0,0.0,0.0
2024-04-02 14:30:00-04:00,34.740699768066406,34.810001373291016,34.720401763916016,34.78710174560547,5706,0.0,0.0,0.0
2024-04-02 15:30:00-04:00,34.82640075683594,34.880001068115234,34.77000045776367,34.790000915527344,3504,0.0,0.0,0.0
2024-04-03 09:30:00-04:00,34.72999954223633,34.88100051879883,34.72999954223633,34.8650016784668,0,0.0,0.0,0.0
2024-04-03 10:30:00-04:00,34.95000076293945,34.95130157470703,34.92890167236328,34.94380187988281,10421,0.0,0.0,0.0
2024-04-03 11:30:00-04:00,34.90999984741211,34.93009948730469,34.88999938964844,34.93000030517578,1881,0.0,0.0,0.0
2024-04-03 12:30:00-04:00,34.97999954223633,35.005001068115234,34.939998626708984,34.939998626708984,1431,0.0,0.0,0.0
2024-04-03 14:30:00-04:00,34.959999084472656,34.959999084472656,34.88999938964844,34.92499923706055,3525,0.0,0.0,0.0
2024-04-03 15:30:00-04:00,34.96390151977539,35.00910186767578,34.910099029541016,34.91999816894531,0,0.0,0.0,0.0
2024-04-04 09:30:00-04:00,35.154998779296875,35.154998779296875,35.12009811401367,35.12009811401367,1628,0.0,0.0,0.0
2024-04-04 10:30:00-04:00,35.11040115356445,35.18000030517578,35.099998474121094,35.13130187988281,1727,0.0,0.0,0.0
2024-04-04 11:30:00-04:00,35.14509963989258,35.18000030517578,35.11000061035156,35.15370178222656,3072,0.0,0.0,0.0
2024-04-04 12:30:00-04:00,35.16529846191406,35.16590118408203,35.100101470947266,35.1349983215332,1548,0.0,0.0,0.0
2024-04-04 13:30:00-04:00,35.10499954223633,35.10499954223633,34.900001525878906,34.95000076293945,93061,0.0,0.0,0.0
2024-04-04 14:30:00-04:00,34.900001525878906,34.900001525878906,34.79130172729492,34.79130172729492,1791,0.0,0.0,0.0
2024-04-04 15:30:00-04:00,34.70000076293945,34.72999954223633,34.70000076293945,34.72999954223633,0,0.0,0.0,0.0
2024-04-05 09:30:00-04:00,34.76649856567383,34.79999923706055,34.76649856567383,34.79499816894531,922,0.0,0.0,0.0
2024-04-05 10:30:00-04:00,34.75410079956055,34.83000183105469,34.75410079956055,34.77000045776367,6089,0.0,0.0,0.0
2024-04-05 11:30:00-04:00,34.87329864501953,34.885101318359375,34.87329864501953,34.880001068115234,3495,0.0,0.0,0.0
2024-04-05 12:30:00-04:00,34.96989822387695,34.96989822387695,34.965999603271484,34.965999603271484,1206,0.0,0.0,0.0
2024-04-05 13:30:00-04:00,34.92499923706055,34.92499923706055,34.880001068115234,34.90449905395508,2160,0.0,0.0,0.0
2024-04-05 14:30:00-04:00,34.875,34.90999984741211,34.8650016784668,34.8650016784668,5361,0.0,0.0,0.0
2024-04-05 15:30:00-04:00,34.90610122680664,34.91999816894531,34.83000183105469,34.83000183105469,2320,0.0,0.0,0.0
2024-04-08 09:30:00-04:00,34.939998626708984,34.94459915161133,34.939998626708984,34.94459915161133,0,0.0,0.0,0.0
2024-04-08 10:30:00-04:00,34.91270065307617,34.989898681640625,34.91270065307617,34.989898681640625,2902,0.0,0.0,0.0
2024-04-08 11:30:00-04:00,34.97990036010742,34.97990036010742,34.97990036010742,34.97990036010742,642,0.0,0.0,0.0
2024-04-08 12:30:00-04:00,34.920101165771484,35.01620101928711,34.920101165771484,35.01620101928711,1917,0.0,0.0,0.0
2024-04-08 13:30:00-04:00,34.970001220703125,35.02000045776367,34.921600341796875,35.02000045776367,11807,0.0,0.0,0.0
2024-04-08 14:30:00-04:00,34.970001220703125,35.01409912109375,34.93000030517578,35.01409912109375,1169,0.0,0.0,0.0
2024-04-08 15:30:00-04:00,34.970001220703125,35.01900100708008,34.880001068115234,34.880001068115234,0,0.0,0.0,0.0
2024-04-09 09:30:00-04:00,35.09000015258789,35.09000015258789,34.994998931884766,34.994998931884766,77901,0.0,0.0,0.0
2024-04-09 10:30:00-04:00,34.929901123046875,34.929901123046875,34.8661003112793,34.8661003112793,661,0.0,0.0,0.0
2024-04-09 11:30:00-04:00,34.95989990234375,34.95989990234375,34.89569854736328,34.93939971923828,1149,0.0,0.0,0.0
2024-04-09 12:30:00-04:00,34.976200103759766,34.976200103759766,34.94260025024414,34.959999084472656,1664,0.0,0.0,0.0
2024-04-09 13:30:00-04:00,34.970001220703125,34.970001220703125,34.94499969482422,34.957801818847656,1977,0.0,0.0,0.0
2024-04-09 14:30:00-04:00,34.992801666259766,34.992801666259766,34.885799407958984,34.963600158691406,891,0.0,0.0,0.0
2024-04-09 15:30:00-04:00,34.97119903564453,35.04990005493164,34.97119903564453,34.9900016784668,4748,0.0,0.0,0.0
2024-04-10 09:30:00-04:00,34.400001525878906,34.591400146484375,34.400001525878906,34.54650115966797,0,0.0,0.0,0.0
2024-04-10 10:30:00-04:00,34.58000183105469,34.58000183105469,34.529998779296875,34.560001373291016,155992,0.0,0.0,0.0
2024-04-10 11:30:00-04:00,34.560001373291016,34.58000183105469,34.50360107421875,34.529998779296875,6157,0.0,0.0,0.0
2024-04-10 12:30:00-04:00,34.480098724365234,34.499698638916016,34.421600341796875,34.499698638916016,1218,0.0,0.0,0.0
2024-04-10 13:30:00-04:00,34.44499969482422,34.47890090942383,34.44499969482422,34.46969985961914,816,0.0,0.0,0.0
2024-04-10 14:30:00-04:00,34.459999084472656,34.529598236083984,34.4015007019043,34.525901794433594,12577,0.0,0.0,0.0
2024-04-10 15:30:00-04:00,34.52989959716797,34.560001373291016,34.463600158691406,34.50899887084961,8927,0.0,0.0,0.0
2024-04-11 09:30:00-04:00,34.619998931884766,34.619998931884766,34.459800720214844,34.5,0,0.0,0.0,0.0
2024-04-11 10:30:00-04:00,34.48500061035156,34.48500061035156,34.47999954223633,34.47999954223633,672,0.0,0.0,0.0
2024-04-11 11:30:00-04:00,34.50450134277344,34.59000015258789,34.50450134277344,34.58700180053711,700,0.0,0.0,0.0
2024-04-11 12:30:00-04:00,34.55860137939453,34.665000915527344,34.55860137939453,34.65999984741211,1990,0.0,0.0,0.0
2024-04-11 13:30:00-04:00,34.69990158081055,34.69990158081055,34.61009979248047,34.685001373291016,999,0.0,0.0,0.0
2024-04-11 14:30:00-04:00,34.65869903564453,34.65999984741211,34.600101470947266,34.63600158691406,5193,0.0,0.0,0.0
2024-04-11 15:30:00-04:00,34.63999938964844,34.63999938964844,34.619998931884766,34.630001068115234,0,0.0,0.0,0.0
2024-04-12 09:30:00-04:00,34.55009841918945,34.550201416015625,34.390098571777344,34.390098571777344,988,0.0,0.0,0.0
2024-04-12 10:30:00-04:00,34.45989990234375,34.45989990234375,34.45989990234375,34.45989990234375,306,0.0,0.0,0.0
2024-04-12 11:30:00-04:00,34.42430114746094,34.47990036010742,34.41999816894531,34.41999816894531,2193,0.0,0.0,0.0
2024-04-12 12:30:00-04:00,34.3650016784668,34.4098014831543,34.33100128173828,34.4098014831543,4938,0.0,0.0,0.0
2024-04-12 13:30:00-04:00,34.3025016784668,34.34000015258789,34.3025016784668,34.31290054321289,1075,0.0,0.0,0.0
2024-04-12 14:30:00-04:00,34.260101318359375,34.29999923706055,34.16999816894531,34.178001403808594,3815,0.0,0.0,0.0
2024-04-12 15:30:00-04:00,34.22370147705078,34.279998779296875,34.221500396728516,34.25,2524,0.0,0.0,0.0
2024-04-15 09:30:00-04:00,34.39500045776367,34.39500045776367,34.39500045776367,34.39500045776367,0,0.0,0.0,0.0
2024-04-15 10:30:00-04:00,34.15010070800781,34.15010070800781,34.15010070800781,34.15010070800781,1913,0.0,0.0,0.0
2024-04-15 11:30:00-04:00,34.14039993286133,34.209999084472656,34.14039993286133,34.209999084472656,1532,0.0,0.0,0.0
2024-04-15 12:30:00-04:00,34.150001525878906,34.16999816894531,34.13999938964844,34.150001525878906,4622,0.0,0.0,0.0
2024-04-15 13:30:00-04:00,34.02090072631836,34.060001373291016,34.00080108642578,34.00080108642578,2364,0.0,0.0,0.0
2024-04-15 14:30:00-04:00,34.03499984741211,34.04999923706055,33.95100021362305,34.04990005493164,2532,0.0,0.0,0.0
2024-04-15 15:30:00-04:00,34.05979919433594,34.089900970458984,34.000099182128906,34.08399963378906,0,0.0,0.0,0.0
2024-04-16 09:30:00-04:00,33.78810119628906,33.80400085449219,33.78810119628906,33.80400085449219,434,0.0,0.0,0.0
2024-04-16 10:30:00-04:00,33.8650016784668,33.919898986816406,33.8650016784668,33.919898986816406,790,0.0,0.0,0.0
2024-04-16 11:30:00-04:00,33.905399322509766,33.970001220703125,33.905399322509766,33.95050048828125,1159,0.0,0.0,0.0
2024-04-16 12:30:00-04:00,34.01900100708008,34.029998779296875,34.01900100708008,34.029998779296875,1096,0.0,0.0,0.0
2024-04-16 13:30:00-04:00,33.875,33.9900016784668,33.875,33.935001373291016,2492,0.0,0.0,0.0
2024-04-16 14:30:00-04:00,33.91130065917969,34.0099983215332,33.91130065917969,33.97309875488281,3940,0.0,0.0,0.0
2024-04-16 15:30:00-04:00,33.974998474121094,33.99290084838867,33.93000030517578,33.93000030517578,0,0.0,0.0,0.0
2024-04-17 09:30:00-04:00,34.00559997558594,34.06990051269531,33.93000030517578,33.959999084472656,2280,0.0,0.0,0.0
2024-04-17 10:30:00-04:00,33.93000030517578,33.96500015258789,33.90140151977539,33.91999816894531,5851,0.0,0.0,0.0
2024-04-17 11:30:00-04:00,33.91640090942383,33.91640090942383,33.8578987121582,33.8578987121582,2649,0.0,0.0,0.0
2024-04-17 13:30:00-04:00,33.95000076293945,33.95000076293945,33.87459945678711,33.87459945678711,1298,0.0,0.0,0.0
2024-04-17 14:30:00-04:00,33.92499923706055,33.92499923706055,33.808799743652344,33.810001373291016,12098,0.0,0.0,0.0
2024-04-17 15:30:00-04:00,33.845001220703125,33.86880111694336,33.7400016784668,33.7400016784668,10247,0.0,0.0,0.0
2024-04-18 09:30:00-04:00,33.880001068115234,33.880001068115234,33.779998779296875,33.849998474121094,0,0.0,0.0,0.0
2024-04-18 10:30:00-04:00,33.95500183105469,34.0,33.95500183105469,34.0,3924,0.0,0.0,0.0
2024-04-18 11:30:00-04:00,33.88999938964844,33.96989822387695,33.880001068115234,33.935001373291016,8034,0.0,0.0,0.0
2024-04-18 12:30:00-04:00,33.95500183105469,33.95500183105469,33.875,33.88999938964844,1685,0.0,0.0,0.0
2024-04-18 13:30:00-04:00,33.75040054321289,33.79999923706055,33.75040054321289,33.76139831542969,6591,0.0,0.0,0.0
2024-04-18 14:30:00-04:00,33.690101623535156,33.810001373291016,33.690101623535156,33.76750183105469,4727,0.0,0.0,0.0
2024-04-18 15:30:00-04:00,33.81809997558594,33.83000183105469,33.72010040283203,33.79999923706055,0,0.0,0.0,0.0
2024-04-19 09:30:00-04:00,33.77000045776367,33.869998931884766,33.77000045776367,33.869998931884766,1735,0.0,0.0,0.0
2024-04-19 10:30:00-04:00,33.709999084472656,33.83829879760742,33.709999084472656,33.83829879760742,2956,0.0,0.0,0.0
2024-04-19 11:30:00-04:00,33.79999923706055,33.79999923706055,33.70009994506836,33.70009994506836,775,0.0,0.0,0.0
2024-04-19 12:30:00-04:00,33.68410110473633,33.76319885253906,33.68000030517578,33.76319885253906,1246,0.0,0.0,0.0
2024-04-19 13:30:00-04:00,33.77000045776367,33.810001373291016,33.75,33.790000915527344,52219,0.0,0.0,0.0
2024-04-19 14:30:00-04:00,33.72999954223633,33.7599983215332,33.72999954223633,33.7599983215332,643,0.0,0.0,0.0
2024-04-19 15:30:00-04:00,33.7599983215332,33.80070114135742,33.711299896240234,33.80070114135742,16003,0.0,0.0,0.0
2024-04-22 09:30:00-04:00,33.939998626708984,33.939998626708984,33.81669998168945,33.90800094604492,0,0.0,0.0,0.0
2024-04-22 10:30:00-04:00,33.845001220703125,33.845001220703125,33.845001220703125,33.845001220703125,277,0.0,0.0,0.0
2024-04-22 11:30:00-04:00,33.85499954223633,33.869998931884766,33.80619812011719,33.80619812011719,4263,0.0,0.0,0.0
2024-04-22 12:30:00-04:00,34.029998779296875,34.060001373291016,34.0099983215332,34.02429962158203,2947,0.0,0.0,0.0
2024-04-22 13:30:00-04:00,34.025001525878906,34.130001068115234,34.025001525878906,34.10499954223633,5795,0.0,0.0,0.0
2024-04-22 14:30:00-04:00,34.099998474121094,34.13999938964844,34.04999923706055,34.06999969482422,9906,0.0,0.0,0.0
2024-04-22 15:30:00-04:00,34.060001373291016,34.099998474121094,34.0,34.060001373291016,84035,0.0,0.0,0.0
2024-04-23 09:30:00-04:00,34.029998779296875,34.29999923706055,34.029998779296875,34.29999923706055,0,0.0,0.0,0.0
2024-04-23 10:30:00-04:00,34.36000061035156,34.369998931884766,34.27000045776367,34.290000915527344,13795,0.0,0.0,0.0
2024-04-23 11:30:00-04:00,34.260101318359375,34.32509994506836,34.260101318359375,34.314998626708984,7257,0.0,0.0,0.0
2024-04-23 12:30:00-04:00,34.30569839477539,34.30569839477539,34.30569839477539,34.30569839477539,123,0.0,0.0,0.0
2024-04-23 13:30:00-04:00,34.36600112915039,34.43000030517578,34.34000015258789,34.43000030517578,4790,0.0,0.0,0.0
2024-04-23 14:30:00-04:00,34.429500579833984,34.45000076293945,34.349998474121094,34.349998474121094,16478,0.0,0.0,0.0
2024-04-23 15:30:00-04:00,34.380001068115234,34.38999938964844,34.279998779296875,34.38999938964844,30091,0.0,0.0,0.0
2024-04-24 09:30:00-04:00,34.31999969482422,34.34989929199219,34.30009841918945,34.30009841918945,0,0.0,0.0,0.0
2024-04-24 10:30:00-04:00,34.33000183105469,34.33000183105469,34.209999084472656,34.209999084472656,570,0.0,0.0,0.0
2024-04-24 11:30:00-04:00,34.1432991027832,34.1432991027832,34.1432991027832,34.1432991027832,415,0.0,0.0,0.0
2024-04-24 12:30:00-04:00,34.220001220703125,34.22909927368164,34.13999938964844,34.18980026245117,2272,0.0,0.0,0.0
2024-04-24 13:30:00-04:00,34.23500061035156,34.29999923706055,34.205299377441406,34.27859878540039,2460,0.0,0.0,0.0
2024-04-24 14:30:00-04:00,34.2400016784668,34.26860046386719,34.20000076293945,34.26860046386719,142136,0.0,0.0,0.0
2024-04-24 15:30:00-04:00,34.2400016784668,34.31999969482422,34.21009826660156,34.29999923706055,4800,0.0,0.0,0.0
2024-04-25 09:30:00-04:00,34.15999984741211,34.15999984741211,33.904998779296875,33.959999084472656,0,0.0,0.0,0.0
2024-04-25 10:30:00-04:00,34.06999969482422,34.08000183105469,33.90999984741211,33.97549819946289,12476,0.0,0.0,0.0
2024-04-25 11:30:00-04:00,33.97999954223633,34.025001525878906,33.970001220703125,33.970001220703125,68816,0.0,0.0,0.0
2024-04-25 12:30:00-04:00,34.0713996887207,34.0713996887207,33.97999954223633,34.04499816894531,6866,0.0,0.0,0.0
2024-04-25 13:30:00-04:00,34.119998931884766,34.119998931884766,34.040199279785156,34.099998474121094,588,0.0,0.0,0.0
2024-04-25 14:30:00-04:00,34.10279846191406,34.189998626708984,34.02000045776367,34.173301696777344,9558,0.0,0.0,0.0
2024-04-25 15:30:00-04:00,34.189998626708984,34.189998626708984,34.099998474121094,34.10499954223633,3748,0.0,0.0,0.0
2024-04-26 09:30:00-04:00,34.23820114135742,34.334999084472656,34.23820114135742,34.290000915527344,4369,0.0,0.0,0.0
2024-04-26 10:30:00-04:00,34.25669860839844,34.349998474121094,34.209999084472656,34.209999084472656,5351,0.0,0.0,0.0
2024-04-26 11:30:00-04:00,34.32809829711914,34.33000183105469,34.279998779296875,34.29999923706055,14687,0.0,0.0,0.0
2024-04-26 12:30:00-04:00,34.29999923706055,34.400001525878906,34.29999923706055,34.400001525878906,3703,0.0,0.0,0.0
2024-04-26 13:30:00-04:00,34.36000061035156,34.43000030517578,34.349998474121094,34.415000915527344,14420,0.0,0.0,0.0
2024-04-26 14:30:00-04:00,34.38850021362305,34.43000030517578,34.36000061035156,34.38999938964844,17827,0.0,0.0,0.0
2024-04-26 15:30:00-04:00,34.400001525878906,34.419700622558594,34.34000015258789,34.400001525878906,6441,0.0,0.0,0.0
2024-04-29 09:30:00-04:00,34.46910095214844,34.46910095214844,34.46910095214844,34.46910095214844,0,0.0,0.0,0.0
2024-04-29 10:30:00-04:00,34.459999084472656,34.529998779296875,34.459999084472656,34.5099983215332,18216,0.0,0.0,0.0
2024-04-29 11:30:00-04:00,34.5,34.52000045776367,34.464298248291016,34.5,1819,0.0,0.0,0.0
2024-04-29 13:30:00-04:00,34.5099983215332,34.5099983215332,34.5099983215332,34.5099983215332,1349,0.0,0.0,0.0
2024-04-29 14:30:00-04:00,34.5099983215332,34.52000045776367,34.42499923706055,34.42499923706055,3742,0.0,0.0,0.0
2024-04-29 15:30:00-04:00,34.45000076293945,34.540000915527344,34.38999938964844,34.540000915527344,1353,0.0,0.0,0.0
2024-04-30 09:30:00-04:00,34.34000015258789,34.399898529052734,34.28010177612305,34.28010177612305,0,0.0,0.0,0.0
2024-04-30 10:30:00-04:00,34.28900146484375,34.28900146484375,34.23500061035156,34.23500061035156,2849,0.0,0.0,0.0
2024-04-30 11:30:00-04:00,34.23789978027344,34.29999923706055,34.220001220703125,34.22480010986328,3803,0.0,0.0,0.0
2024-04-30 12:30:00-04:00,34.2599983215332,34.2599983215332,34.148799896240234,34.25,6501,0.0,0.0,0.0
2024-04-30 13:30:00-04:00,34.259700775146484,34.27000045776367,34.15999984741211,34.20100021362305,5482,0.0,0.0,0.0
2024-04-30 14:30:00-04:00,34.2599983215332,34.27000045776367,34.18669891357422,34.20000076293945,3503,0.0,0.0,0.0
2024-04-30 15:30:00-04:00,34.189998626708984,34.189998626708984,34.100799560546875,34.13999938964844,4259,0.0,0.0,0.0
2024-05-01 09:30:00-04:00,34.150001525878906,34.150001525878906,34.13999938964844,34.13999938964844,9787,0.0,0.0,0.0
2024-05-01 10:30:00-04:00,34.06999969482422,34.119998931884766,34.05500030517578,34.05500030517578,3519,0.0,0.0,0.0
2024-05-01 11:30:00-04:00,34.060001373291016,34.11000061035156,34.060001373291016,34.11000061035156,6694,0.0,0.0,0.0
2024-05-01 12:30:00-04:00,34.047298431396484,34.130001068115234,34.047298431396484,34.12990188598633,2376,0.0,0.0,0.0
2024-05-01 13:30:00-04:00,34.15999984741211,34.16999816894531,34.1349983215332,34.1349983215332,5106,0.0,0.0,0.0
2024-05-01 14:30:00-04:00,34.45000076293945,34.52000045776367,34.331298828125,34.429901123046875,5267,0.0,0.0,0.0
2024-05-01 15:30:00-04:00,34.29999923706055,34.31999969482422,34.189998626708984,34.189998626708984,0,0.0,0.0,0.0
2024-05-02 09:30:00-04:00,34.20000076293945,34.25,34.20000076293945,34.24420166015625,1049,0.0,0.0,0.0
2024-05-02 10:30:00-04:00,34.25510025024414,34.25510025024414,34.25510025024414,34.25510025024414,932,0.0,0.0,0.0
2024-05-02 11:30:00-04:00,34.350101470947266,34.40999984741211,34.350101470947266,34.40999984741211,2924,0.0,0.0,0.0
2024-05-02 12:30:00-04:00,34.36000061035156,34.375,34.30590057373047,34.33000183105469,6660,0.0,0.0,0.0
2024-05-02 13:30:00-04:00,34.4718017578125,34.4718017578125,34.4718017578125,34.4718017578125,940,0.0,0.0,0.0
2024-05-02 14:30:00-04:00,34.470001220703125,34.54999923706055,34.470001220703125,34.54999923706055,3300,0.0,0.0,0.0
2024-05-02 15:30:00-04:00,34.52000045776367,34.540000915527344,34.45009994506836,34.540000915527344,872,0.0,0.0,0.0
2024-05-03 09:30:00-04:00,34.880001068115234,34.919898986816406,34.849998474121094,34.849998474121094,0,0.0,0.0,0.0
2024-05-03 10:30:00-04:00,34.66999816894531,34.72999954223633,34.6239013671875,34.65999984741211,2909,0.0,0.0,0.0
2024-05-03 11:30:00-04:00,34.66590118408203,34.720001220703125,34.64590072631836,34.64590072631836,1527,0.0,0.0,0.0
2024-05-03 12:30:00-04:00,34.69499969482422,34.69499969482422,34.69499969482422,34.69499969482422,628,0.0,0.0,0.0
2024-05-03 13:30:00-04:00,34.67499923706055,34.709999084472656,34.63010025024414,34.66999816894531,14732,0.0,0.0,0.0
2024-05-03 14:30:00-04:00,34.715999603271484,34.715999603271484,34.70000076293945,34.70000076293945,651,0.0,0.0,0.0
2024-05-03 15:30:00-04:00,34.6442985534668,34.7400016784668,34.6442985534668,34.7400016784668,741,0.0,0.0,0.0
2024-05-06 09:30:00-04:00,34.779998779296875,35.0,34.779998779296875,34.95000076293945,0,0.0,0.0,0.0
2024-05-06 10:30:00-04:00,34.9900016784668,34.9900016784668,34.95000076293945,34.95000076293945,7585,0.0,0.0,0.0
2024-05-06 11:30:00-04:00,34.884498596191406,34.98500061035156,34.884498596191406,34.97999954223633,6670,0.0,0.0,0.0
2024-05-06 12:30:00-04:00,34.88010025024414,34.970001220703125,34.88010025024414,34.93000030517578,2892,0.0,0.0,0.0
2024-05-06 13:30:00-04:00,34.939701080322266,34.9900016784668,34.93000030517578,34.97999954223633,3130,0.0,0.0,0.0
2024-05-06 14:30:00-04:00,34.970001220703125,34.9900016784668,34.900001525878906,34.900001525878906,12597,0.0,0.0,0.0
2024-05-06 15:30:00-04:00,34.959999084472656,34.9900016784668,34.89289855957031,34.9900016784668,1376,0.0,0.0,0.0
2024-05-07 09:30:00-04:00,34.939998626708984,35.048500061035156,34.939998626708984,34.970001220703125,0,0.0,0.0,0.0
2024-05-07 10:30:00-04:00,35.028099060058594,35.060001373291016,35.028099060058594,35.060001373291016,2537,0.0,0.0,0.0
2024-05-07 11:30:00-04:00,35.06999969482422,35.06999969482422,35.064998626708984,35.064998626708984,1393,0.0,0.0,0.0
2024-05-07 12:30:00-04:00,35.090999603271484,35.119998931884766,35.060001373291016,35.07500076293945,5798,0.0,0.0,0.0
2024-05-07 13:30:00-04:00,35.06999969482422,35.06999969482422,35.019500732421875,35.019500732421875,1954,0.0,0.0,0.0
2024-05-07 14:30:00-04:00,35.079898834228516,35.079898834228516,35.0099983215332,35.01129913330078,1867,0.0,0.0,0.0
2024-05-07 15:30:00-04:00,35.04999923706055,35.060001373291016,34.99129867553711,35.0,3848,0.0,0.0,0.0
2024-05-08 09:30:00-04:00,34.849998474121094,34.90999984741211,34.849998474121094,34.90999984741211,5149,0.0,0.0,0.0
2024-05-08 10:30:00-04:00,34.8849983215332,34.91999816894531,34.810001373291016,34.91999816894531,21391,0.0,0.0,0.0
2024-05-08 11:30:00-04:00,34.91999816894531,34.91999816894531,34.83000183105469,34.83000183105469,1032,0.0,0.0,0.0
2024-05-08 12:30:00-04:00,34.79199981689453,34.81999969482422,34.790000915527344,34.79869842529297,3800,0.0,0.0,0.0
2024-05-08 13:30:00-04:00,34.83330154418945,34.869998931884766,34.79999923706055,34.869998931884766,3952,0.0,0.0,0.0
2024-05-08 14:30:00-04:00,34.8650016784668,34.900001525878906,34.81999969482422,34.900001525878906,11638,0.0,0.0,0.0
2024-05-08 15:30:00-04:00,34.85129928588867,34.900001525878906,34.849998474121094,34.849998474121094,3386,0.0,0.0,0.0
2024-05-09 09:30:00-04:00,34.91999816894531,34.95000076293945,34.849998474121094,34.95000076293945,0,0.0,0.0,0.0
2024-05-09 10:30:00-04:00,35.029998779296875,35.03499984741211,35.029998779296875,35.03499984741211,299,0.0,0.0,0.0
2024-05-09 11:30:00-04:00,34.95009994506836,35.06990051269531,34.95009994506836,35.06990051269531,1293,0.0,0.0,0.0
2024-05-09 12:30:00-04:00,35.0,35.040000915527344,34.96009826660156,35.040000915527344,2375,0.0,0.0,0.0
2024-05-09 13:30:00-04:00,34.95009994506836,35.05870056152344,34.939998626708984,35.005001068115234,2238,0.0,0.0,0.0
2024-05-09 14:30:00-04:00,35.01150131225586,35.08000183105469,35.01150131225586,35.08000183105469,13857,0.0,0.0,0.0
2024-05-09 15:30:00-04:00,35.060001373291016,35.08000183105469,35.04999923706055,35.06999969482422,528,0.0,0.0,0.0
2024-05-10 09:30:00-04:00,35.150001525878906,35.150001525878906,34.95000076293945,34.98379898071289,0,0.0,0.0,0.0
2024-05-10 10:30:00-04:00,34.964500427246094,34.964500427246094,34.964500427246094,34.964500427246094,210,0.0,0.0,0.0
2024-05-10 11:30:00-04:00,34.91999816894531,34.952701568603516,34.90999984741211,34.95000076293945,1252,0.0,0.0,0.0
2024-05-10 12:30:00-04:00,34.935001373291016,35.0,34.880699157714844,34.939998626708984,1636,0.0,0.0,0.0
2024-05-10 13:30:00-04:00,34.93000030517578,34.98849868774414,34.87799835205078,34.92499923706055,4871,0.0,0.0,0.0
2024-05-10 14:30:00-04:00,34.90999984741211,34.970001220703125,34.90999984741211,34.939998626708984,4301,0.0,0.0,0.0
2024-05-10 15:30:00-04:00,34.959999084472656,35.018798828125,34.91510009765625,34.96549987792969,1342,0.0,0.0,0.0
2024-05-13 09:30:00-04:00,35.040000915527344,35.150001525878906,35.040000915527344,35.09700012207031,0,0.0,0.0,0.0
2024-05-13 10:30:00-04:00,35.0703010559082,35.18000030517578,35.0703010559082,35.15999984741211,1546,0.0,0.0,0.0
2024-05-13 11:30:00-04:00,35.11000061035156,35.130001068115234,35.11000061035156,35.130001068115234,280,0.0,0.0,0.0
2024-05-13 12:30:00-04:00,35.03010177612305,35.11000061035156,35.0,35.01499938964844,13769,0.0,0.0,0.0
2024-05-13 13:30:00-04:00,35.029998779296875,35.040000915527344,34.970001220703125,35.029998779296875,6604,0.0,0.0,0.0
2024-05-13 14:30:00-04:00,35.060001373291016,35.079898834228516,35.060001373291016,35.079898834228516,4137,0.0,0.0,0.0
2024-05-13 15:30:00-04:00,34.95000076293945,35.05910110473633,34.95000076293945,35.040000915527344,493,0.0,0.0,0.0
2024-05-14 09:30:00-04:00,35.16999816894531,35.249900817871094,35.150001525878906,35.189998626708984,7341,0.0,0.0,0.0
2024-05-14 10:30:00-04:00,35.189998626708984,35.20000076293945,35.14979934692383,35.14979934692383,6029,0.0,0.0,0.0
2024-05-14 11:30:00-04:00,35.17499923706055,35.20000076293945,35.17499923706055,35.20000076293945,9163,0.0,0.0,0.0
2024-05-14 12:30:00-04:00,35.13999938964844,35.209999084472656,35.13999938964844,35.18000030517578,4268,0.0,0.0,0.0
2024-05-14 13:30:00-04:00,35.13999938964844,35.13999938964844,35.094200134277344,35.119998931884766,792,0.0,0.0,0.0
2024-05-14 14:30:00-04:00,35.16999816894531,35.209999084472656,35.130001068115234,35.18579864501953,1395,0.0,0.0,0.0
2024-05-15 09:30:00-04:00,35.33000183105469,35.415000915527344,35.2599983215332,35.29999923706055,0,0.0,0.0,0.0
2024-05-15 10:30:00-04:00,35.349998474121094,35.41999816894531,35.33100128173828,35.41999816894531,6433,0.0,0.0,0.0
2024-05-15 11:30:00-04:00,35.43000030517578,35.459999084472656,35.349998474121094,35.36130142211914,1769,0.0,0.0,0.0
2024-05-15 12:30:00-04:00,35.41999816894531,35.439998626708984,35.36920166015625,35.39609909057617,4466,0.0,0.0,0.0
2024-05-15 13:30:00-04:00,35.38399887084961,35.43000030517578,35.354400634765625,35.354400634765625,1274,0.0,0.0,0.0
2024-05-15 14:30:00-04:00,35.34000015258789,35.34000015258789,35.34000015258789,35.34000015258789,426,0.0,0.0,0.0
2024-05-15 15:30:00-04:00,35.375,35.43000030517578,35.375,35.41999816894531,805,0.0,0.0,0.0
2024-05-16 09:30:00-04:00,35.41999816894531,35.41999816894531,35.400001525878906,35.400001525878906,0,0.0,0.0,0.0
2024-05-16 10:30:00-04:00,35.369998931884766,35.38999938964844,35.369998931884766,35.38999938964844,613,0.0,0.0,0.0
2024-05-16 11:30:00-04:00,35.369998931884766,35.40999984741211,35.33000183105469,35.33000183105469,4270,0.0,0.0,0.0
2024-05-16 12:30:00-04:00,35.380001068115234,35.380001068115234,35.33060073852539,35.33060073852539,331,0.0,0.0,0.0
2024-05-16 13:30:00-04:00,35.30009841918945,35.36000061035156,35.30009841918945,35.31999969482422,1639,0.0,0.0,0.0
2024-05-16 14:30:00-04:00,35.334999084472656,35.334999084472656,35.334999084472656,35.334999084472656,362,0.0,0.0,0.0
2024-05-16 15:30:00-04:00,35.27909851074219,35.310001373291016,35.27909851074219,35.310001373291016,585,0.0,0.0,0.0
2024-05-17 09:30:00-04:00,35.30500030517578,35.310001373291016,35.30500030517578,35.310001373291016,0,0.0,0.0,0.0
2024-05-17 11:30:00-04:00,35.29840087890625,35.37990188598633,35.28179931640625,35.33000183105469,2791,0.0,0.0,0.0
2024-05-17 12:30:00-04:00,35.29999923706055,35.29999923706055,35.27000045776367,35.27009963989258,3362,0.0,0.0,0.0
2024-05-17 13:30:00-04:00,35.30500030517578,35.31999969482422,35.27000045776367,35.27000045776367,1405,0.0,0.0,0.0
2024-05-17 14:30:00-04:00,35.28889846801758,35.30500030517578,35.28889846801758,35.290000915527344,50706,0.0,0.0,0.0
2024-05-17 15:30:00-04:00,35.290000915527344,35.290000915527344,35.290000915527344,35.290000915527344,410,0.0,0.0,0.0
2024-05-20 09:30:00-04:00,35.25,35.369998931884766,35.25,35.369998931884766,0,0.0,0.0,0.0
2024-05-20 10:30:00-04:00,35.380001068115234,35.380001068115234,35.36009979248047,35.36009979248047,827,0.0,0.0,0.0
2024-05-20 11:30:00-04:00,35.43299865722656,35.43299865722656,35.43299865722656,35.43299865722656,390,0.0,0.0,0.0
2024-05-20 12:30:00-04:00,35.405799865722656,35.405799865722656,35.405799865722656,35.405799865722656,594,0.0,0.0,0.0
2024-05-20 13:30:00-04:00,35.41999816894531,35.41999816894531,35.35070037841797,35.39500045776367,4835,0.0,0.0,0.0
2024-05-20 14:30:00-04:00,35.40480041503906,35.40999984741211,35.372100830078125,35.40999984741211,8875,0.0,0.0,0.0
2024-05-20 15:30:00-04:00,35.380001068115234,35.40999984741211,35.31999969482422,35.34000015258789,41366,0.0,0.0,0.0
2024-05-21 09:30:00-04:00,35.3129997253418,35.399600982666016,35.3129997253418,35.35499954223633,1911,0.0,0.0,0.0
2024-05-21 10:30:00-04:00,35.33000183105469,35.38999938964844,35.33000183105469,35.38999938964844,25530,0.0,0.0,0.0
2024-05-21 11:30:00-04:00,35.369998931884766,35.369998931884766,35.283199310302734,35.283199310302734,1374,0.0,0.0,0.0
2024-05-21 12:30:00-04:00,35.30009841918945,35.36439895629883,35.30009841918945,35.30889892578125,1238,0.0,0.0,0.0
2024-05-21 13:30:00-04:00,35.359901428222656,35.36000061035156,35.30080032348633,35.36000061035156,1594,0.0,0.0,0.0
2024-05-21 14:30:00-04:00,35.33539962768555,35.399898529052734,35.33539962768555,35.35499954223633,1295,0.0,0.0,0.0
2024-05-21 15:30:00-04:00,35.346900939941406,35.36040115356445,35.346900939941406,35.36040115356445,0,0.0,0.0,0.0
2024-05-22 10:30:00-04:00,35.33000183105469,35.33000183105469,35.33000183105469,35.33000183105469,1049,0.0,0.0,0.0
2024-05-22 11:30:00-04:00,35.32500076293945,35.380001068115234,35.313899993896484,35.33679962158203,3479,0.0,0.0,0.0
2024-05-22 13:30:00-04:00,35.2599983215332,35.29010009765625,35.220001220703125,35.22999954223633,2430,0.0,0.0,0.0
2024-05-22 14:30:00-04:00,35.166500091552734,35.17210006713867,35.166500091552734,35.17210006713867,672,0.0,0.0,0.0
2024-05-22 15:30:00-04:00,35.20000076293945,35.20000076293945,35.16999816894531,35.16999816894531,6438,0.0,0.0,0.0
2024-05-23 09:30:00-04:00,35.25,35.25,35.095001220703125,35.095001220703125,0,0.0,0.0,0.0
2024-05-23 10:30:00-04:00,35.06999969482422,35.06999969482422,34.97100067138672,35.064998626708984,3130,0.0,0.0,0.0
2024-05-23 11:30:00-04:00,35.042301177978516,35.112998962402344,35.042301177978516,35.112998962402344,2826,0.0,0.0,0.0
2024-05-23 12:30:00-04:00,35.119998931884766,35.119998931884766,35.119998931884766,35.119998931884766,235,0.0,0.0,0.0
2024-05-23 13:30:00-04:00,35.060001373291016,35.060001373291016,34.77470016479492,34.77619934082031,3111,0.0,0.0,0.0
2024-05-23 14:30:00-04:00,34.8119010925293,34.83000183105469,34.8119010925293,34.83000183105469,19006,0.0,0.0,0.0
2024-05-23 15:30:00-04:00,34.85499954223633,34.8849983215332,34.85499954223633,34.8849983215332,1655,0.0,0.0,0.0
2024-05-24 09:30:00-04:00,35.13999938964844,35.150001525878906,35.04240036010742,35.04240036010742,0,0.0,0.0,0.0
2024-05-24 10:30:00-04:00,35.064998626708984,35.11000061035156,35.064998626708984,35.11000061035156,1433,0.0,0.0,0.0
2024-05-24 11:30:00-04:00,35.12990188598633,35.12990188598633,35.04999923706055,35.070098876953125,1594,0.0,0.0,0.0
2024-05-24 12:30:00-04:00,35.06999969482422,35.09510040283203,35.06999969482422,35.09510040283203,3884,0.0,0.0,0.0
2024-05-24 13:30:00-04:00,35.084999084472656,35.084999084472656,35.04010009765625,35.04010009765625,974,0.0,0.0,0.0
2024-05-24 14:30:00-04:00,35.082000732421875,35.082000732421875,35.041900634765625,35.05350112915039,3454,0.0,0.0,0.0
2024-05-24 15:30:00-04:00,35.06999969482422,35.108699798583984,35.060001373291016,35.108699798583984,461,0.0,0.0,0.0
2024-05-28 09:30:00-04:00,35.209999084472656,35.209999084472656,35.10810089111328,35.10810089111328,0,0.0,0.0,0.0
2024-05-28 10:30:00-04:00,35.15999984741211,35.15999984741211,35.15999984741211,35.15999984741211,158,0.0,0.0,0.0
2024-05-28 12:30:00-04:00,35.130001068115234,35.15999984741211,35.120201110839844,35.130001068115234,3221,0.0,0.0,0.0
2024-05-28 13:30:00-04:00,35.099998474121094,35.099998474121094,35.04999923706055,35.04999923706055,3506,0.0,0.0,0.0
2024-05-28 15:30:00-04:00,35.03329849243164,35.095001220703125,35.03329849243164,35.095001220703125,3407,0.0,0.0,0.0
2024-05-29 09:30:00-04:00,34.779998779296875,34.88999938964844,34.779998779296875,34.86000061035156,0,0.0,0.0,0.0
2024-05-29 10:30:00-04:00,34.84000015258789,34.900699615478516,34.79999923706055,34.81999969482422,4611,0.0,0.0,0.0
2024-05-29 11:30:00-04:00,34.83000183105469,34.83000183105469,34.83000183105469,34.83000183105469,695,0.0,0.0,0.0
2024-05-29 12:30:00-04:00,34.849998474121094,34.856300354003906,34.80799865722656,34.80799865722656,3250,0.0,0.0,0.0
2024-05-29 13:30:00-04:00,34.81999969482422,34.86000061035156,34.81999969482422,34.86000061035156,1508,0.0,0.0,0.0
2024-05-29 14:30:00-04:00,34.767398834228516,34.829898834228516,34.7400016784668,34.7400016784668,2213,0.0,0.0,0.0
2024-05-29 15:30:00-04:00,34.810001373291016,34.861900329589844,34.75,34.77000045776367,4981,0.0,0.0,0.0
2024-05-30 09:30:00-04:00,34.97999954223633,35.001800537109375,34.90999984741211,35.001800537109375,0,0.0,0.0,0.0
2024-05-30 10:30:00-04:00,35.029998779296875,35.029998779296875,34.939998626708984,34.9900016784668,4643,0.0,0.0,0.0
2024-05-30 11:30:00-04:00,35.0,35.05009841918945,35.0,35.05009841918945,332,0.0,0.0,0.0
2024-05-30 12:30:00-04:00,35.02000045776367,35.02000045776367,35.02000045776367,35.02000045776367,204,0.0,0.0,0.0
2024-05-30 13:30:00-04:00,35.02000045776367,35.02000045776367,35.02000045776367,35.02000045776367,216,0.0,0.0,0.0
2024-05-30 14:30:00-04:00,34.97999954223633,35.060001373291016,34.97999954223633,35.060001373291016,914,0.0,0.0,0.0
2024-05-30 15:30:00-04:00,35.0,35.0,35.0,35.0,295,0.0,0.0,0.0
2024-05-31 09:30:00-04:00,35.150001525878906,35.150001525878906,35.09000015258789,35.09000015258789,0,0.0,0.0,0.0
2024-05-31 10:30:00-04:00,35.0,35.0088005065918,34.970001220703125,34.970001220703125,4629,0.0,0.0,0.0
2024-05-31 11:30:00-04:00,34.980098724365234,34.980098724365234,34.97999954223633,34.97999954223633,34289,0.0,0.0,0.0
2024-05-31 12:30:00-04:00,34.93000030517578,35.0,34.93000030517578,34.9900016784668,3680,0.0,0.0,0.0
2024-05-31 13:30:00-04:00,35.029998779296875,35.06990051269531,35.0,35.0,1019,0.0,0.0,0.0
2024-05-31 14:30:00-04:00,35.02009963989258,35.059898376464844,35.02009963989258,35.059898376464844,588,0.0,0.0,0.0
2024-05-31 15:30:00-04:00,35.0099983215332,35.130001068115234,35.0099983215332,35.130001068115234,1632,0.0,0.0,0.0
2024-06-03 09:30:00-04:00,35.29999923706055,35.29999923706055,35.13999938964844,35.16999816894531,0,0.0,0.0,0.0
2024-06-03 10:30:00-04:00,35.104000091552734,35.140201568603516,35.05009841918945,35.140201568603516,899,0.0,0.0,0.0
2024-06-03 11:30:00-04:00,35.11830139160156,35.11830139160156,34.97999954223633,34.97999954223633,1220,0.0,0.0,0.0
2024-06-03 12:30:00-04:00,34.95009994506836,34.9900016784668,34.93000030517578,34.93000030517578,593,0.0,0.0,0.0
2024-06-03 13:30:00-04:00,34.959999084472656,34.9900016784668,34.959999084472656,34.9900016784668,2181,0.0,0.0,0.0
2024-06-03 14:30:00-04:00,35.0099983215332,35.02000045776367,34.97999954223633,34.97999954223633,4913,0.0,0.0,0.0
2024-06-03 15:30:00-04:00,35.040000915527344,35.040000915527344,34.980098724365234,35.029998779296875,0,0.0,0.0,0.0
2024-06-04 09:30:00-04:00,34.869998931884766,34.91999816894531,34.84000015258789,34.88999938964844,4296,0.0,0.0,0.0
2024-06-04 10:30:00-04:00,34.849998474121094,34.849998474121094,34.81999969482422,34.81999969482422,634,0.0,0.0,0.0
2024-06-04 11:30:00-04:00,34.790000915527344,34.829898834228516,34.7599983215332,34.7599983215332,2694,0.0,0.0,0.0
2024-06-04 12:30:00-04:00,34.7400016784668,34.7400016784668,34.7400016784668,34.7400016784668,210,0.0,0.0,0.0
2024-06-04 13:30:00-04:00,34.72999954223633,34.83869934082031,34.72999954223633,34.83869934082031,1634,0.0,0.0,0.0
2024-06-04 14:30:00-04:00,34.849998474121094,34.88529968261719,34.779998779296875,34.790000915527344,5998,0.0,0.0,0.0
2024-06-04 15:30:00-04:00,34.80009841918945,34.80500030517578,34.7400016784668,34.7400016784668,1690,0.0,0.0,0.0
2024-06-05 09:30:00-04:00,34.91429901123047,34.91429901123047,34.790000915527344,34.850101470947266,0,0.0,0.0,0.0
2024-06-05 10:30:00-04:00,34.900001525878906,34.944400787353516,34.900001525878906,34.944400787353516,275,0.0,0.0,0.0
2024-06-05 11:30:00-04:00,34.970001220703125,35.058998107910156,34.959999084472656,34.970001220703125,2037,0.0,0.0,0.0
2024-06-05 12:30:00-04:00,35.03499984741211,35.03499984741211,34.9900016784668,35.03499984741211,1688,0.0,0.0,0.0
2024-06-05 13:30:00-04:00,34.99150085449219,35.08430099487305,34.99150085449219,35.08430099487305,997,0.0,0.0,0.0
2024-06-05 14:30:00-04:00,35.07120132446289,35.07120132446289,35.02000045776367,35.044498443603516,2613,0.0,0.0,0.0
2024-06-05 15:30:00-04:00,35.07529830932617,35.07529830932617,35.040000915527344,35.04999923706055,1441,0.0,0.0,0.0
2024-06-06 09:30:00-04:00,34.97999954223633,35.040000915527344,34.97999954223633,34.9900016784668,1616,0.0,0.0,0.0
2024-06-06 10:30:00-04:00,34.95000076293945,34.989898681640625,34.939998626708984,34.989898681640625,1113,0.0,0.0,0.0
2024-06-06 11:30:00-04:00,34.90999984741211,34.90999984741211,34.90999984741211,34.90999984741211,172,0.0,0.0,0.0
2024-06-06 12:30:00-04:00,34.969200134277344,34.969200134277344,34.91999816894531,34.91999816894531,656,0.0,0.0,0.0
2024-06-06 13:30:00-04:00,34.98419952392578,34.98419952392578,34.90999984741211,34.90999984741211,3802,0.0,0.0,0.0
2024-06-06 14:30:00-04:00,34.91999816894531,34.980499267578125,34.91999816894531,34.95000076293945,1705,0.0,0.0,0.0
2024-06-06 15:30:00-04:00,34.939998626708984,34.939998626708984,34.91999816894531,34.935001373291016,2369,0.0,0.0,0.0
2024-06-07 09:30:00-04:00,34.709999084472656,34.81880187988281,34.709999084472656,34.81880187988281,0,0.0,0.0,0.0
2024-06-07 10:30:00-04:00,34.79999923706055,34.79999923706055,34.73099899291992,34.7400016784668,1331,0.0,0.0,0.0
2024-06-07 11:30:00-04:00,34.72999954223633,34.73030090332031,34.72999954223633,34.73030090332031,930,0.0,0.0,0.0
2024-06-07 12:30:00-04:00,34.810001373291016,34.810001373291016,34.72100067138672,34.72100067138672,2376,0.0,0.0,0.0
2024-06-07 13:30:00-04:00,34.74509811401367,34.76679992675781,34.72990036010742,34.72990036010742,4606,0.0,0.0,0.0
2024-06-07 14:30:00-04:00,34.720001220703125,34.76919937133789,34.66999816894531,34.70000076293945,2018,0.0,0.0,0.0
2024-06-07 15:30:00-04:00,34.70000076293945,34.720401763916016,34.68000030517578,34.68000030517578,1110,0.0,0.0,0.0
2024-06-10 09:30:00-04:00,34.53990173339844,34.645999908447266,34.500999450683594,34.645999908447266,0,0.0,0.0,0.0
2024-06-10 10:30:00-04:00,34.68000030517578,34.68389892578125,34.68000030517578,34.68389892578125,1018,0.0,0.0,0.0
2024-06-10 11:30:00-04:00,34.714698791503906,34.720001220703125,34.714698791503906,34.720001220703125,2843,0.0,0.0,0.0
2024-06-10 12:30:00-04:00,34.65999984741211,34.65999984741211,34.65999984741211,34.65999984741211,381,0.0,0.0,0.0
2024-06-10 14:30:00-04:00,34.76499938964844,34.8047981262207,34.76499938964844,34.790000915527344,6280,0.0,0.0,0.0
2024-06-10 15:30:00-04:00,34.775001525878906,34.7775993347168,34.72999954223633,34.72999954223633,5464,0.0,0.0,0.0
2024-06-11 09:30:00-04:00,34.58000183105469,34.599998474121094,34.4900016784668,34.54990005493164,0,0.0,0.0,0.0
2024-06-11 10:30:00-04:00,34.560001373291016,34.591400146484375,34.560001373291016,34.584999084472656,1844,0.0,0.0,0.0
2024-06-11 11:30:00-04:00,34.59000015258789,34.602500915527344,34.560001373291016,34.602500915527344,4887,0.0,0.0,0.0
2024-06-11 12:30:00-04:00,34.65380096435547,34.65380096435547,34.65380096435547,34.65380096435547,179,0.0,0.0,0.0
2024-06-11 13:30:00-04:00,34.64500045776367,34.695098876953125,34.630001068115234,34.689998626708984,6523,0.0,0.0,0.0
2024-06-11 14:30:00-04:00,34.724998474121094,34.724998474121094,34.68000030517578,34.68000030517578,22512,0.0,0.0,0.0
2024-06-11 15:30:00-04:00,34.689998626708984,34.7400016784668,34.650001525878906,34.66999816894531,5319,0.0,0.0,0.0
2024-06-12 09:30:00-04:00,35.29999923706055,35.29999923706055,35.220001220703125,35.27000045776367,0,0.0,0.0,0.0
2024-06-12 10:30:00-04:00,35.31999969482422,35.31999969482422,35.2400016784668,35.2400016784668,32736,0.0,0.0,0.0
2024-06-12 11:30:00-04:00,35.269901275634766,35.269901275634766,35.209999084472656,35.209999084472656,2690,0.0,0.0,0.0
2024-06-12 12:30:00-04:00,35.16999816894531,35.2317008972168,35.16999816894531,35.189998626708984,7449,0.0,0.0,0.0
2024-06-12 13:30:00-04:00,35.189998626708984,35.25,35.09000015258789,35.099998474121094,2495,0.0,0.0,0.0
2024-06-12 14:30:00-04:00,35.130001068115234,35.130001068115234,35.01499938964844,35.01499938964844,5404,0.0,0.0,0.0
2024-06-12 15:30:00-04:00,34.95000076293945,34.9900016784668,34.939998626708984,34.970001220703125,3353,0.0,0.0,0.0
2024-06-13 09:30:00-04:00,34.91999816894531,34.91999816894531,34.810001373291016,34.810001373291016,0,0.0,0.0,0.0
2024-06-13 10:30:00-04:00,34.72999954223633,34.77000045776367,34.709999084472656,34.7400016784668,4665,0.0,0.0,0.0
2024-06-13 11:30:00-04:00,34.719600677490234,34.75619888305664,34.719600677490234,34.75619888305664,1013,0.0,0.0,0.0
2024-06-13 12:30:00-04:00,34.75270080566406,34.79999923706055,34.709999084472656,34.779998779296875,1741,0.0,0.0,0.0
2024-06-13 13:30:00-04:00,34.8109016418457,34.84000015258789,34.7599983215332,34.83000183105469,2750,0.0,0.0,0.0
2024-06-13 15:30:00-04:00,34.779998779296875,34.84339904785156,34.779998779296875,34.810001373291016,2260,0.0,0.0,0.0
2024-06-14 09:30:00-04:00,34.625,34.625,34.492000579833984,34.492000579833984,912,0.0,0.0,0.0
2024-06-14 10:30:00-04:00,34.49829864501953,34.529998779296875,34.439998626708984,34.51850128173828,3188,0.0,0.0,0.0
2024-06-14 11:30:00-04:00,34.5099983215332,34.5099983215332,34.47999954223633,34.49409866333008,18411,0.0,0.0,0.0
2024-06-14 12:30:00-04:00,34.45119857788086,34.52470016479492,34.45000076293945,34.5,2390,0.0,0.0,0.0
2024-06-14 13:30:00-04:00,34.54930114746094,34.54930114746094,34.459999084472656,34.51409912109375,6239,0.0,0.0,0.0
2024-06-14 14:30:00-04:00,34.52000045776367,34.54899978637695,34.470001220703125,34.53850173950195,26787,0.0,0.0,0.0
2024-06-14 15:30:00-04:00,34.505001068115234,34.52000045776367,34.4900016784668,34.4900016784668,7999,0.0,0.0,0.0
2024-06-17 09:30:00-04:00,34.52000045776367,34.52000045776367,34.380001068115234,34.42150115966797,0,0.0,0.0,0.0
2024-06-17 10:30:00-04:00,34.40999984741211,34.40999984741211,34.389400482177734,34.400001525878906,497,0.0,0.0,0.0
2024-06-17 11:30:00-04:00,34.43000030517578,34.48500061035156,34.43000030517578,34.470001220703125,1206,0.0,0.0,0.0
2024-06-17 12:30:00-04:00,34.57680130004883,34.57709884643555,34.56999969482422,34.57709884643555,1033,0.0,0.0,0.0
2024-06-17 13:30:00-04:00,34.720001220703125,34.720001220703125,34.66999816894531,34.66999816894531,893,0.0,0.0,0.0
2024-06-17 14:30:00-04:00,34.69499969482422,34.70600128173828,34.650001525878906,34.67499923706055,1423,0.0,0.0,0.0
2024-06-17 15:30:00-04:00,34.66999816894531,34.66999816894531,34.650001525878906,34.650001525878906,690,0.0,0.0,0.0
2024-06-18 09:30:00-04:00,34.650001525878906,34.75,34.650001525878906,34.75,0,0.0,0.0,0.0
2024-06-18 10:30:00-04:00,34.779998779296875,34.78990173339844,34.689998626708984,34.7400016784668,3040,0.0,0.0,0.0
2024-06-18 11:30:00-04:00,34.69839859008789,34.80659866333008,34.69839859008789,34.80659866333008,4384,0.0,0.0,0.0
2024-06-18 12:30:00-04:00,34.7599983215332,34.79499816894531,34.72999954223633,34.72999954223633,576,0.0,0.0,0.0
2024-06-18 13:30:00-04:00,34.74359893798828,34.74359893798828,34.72890090942383,34.72890090942383,307,0.0,0.0,0.0
2024-06-18 14:30:00-04:00,34.75,34.755001068115234,34.75,34.755001068115234,649,0.0,0.0,0.0
2024-06-18 15:30:00-04:00,34.6890983581543,34.7599983215332,34.6890983581543,34.7599983215332,546,0.0,0.0,0.0
2024-06-20 09:30:00-04:00,34.709999084472656,34.79499816894531,34.709999084472656,34.76100158691406,0,0.0,0.0,0.0
2024-06-20 10:30:00-04:00,34.790000915527344,34.797298431396484,34.70000076293945,34.72999954223633,4639,0.0,0.0,0.0
2024-06-20 11:30:00-04:00,34.74300003051758,34.74300003051758,34.66999816894531,34.66999816894531,1733,0.0,0.0,0.0
2024-06-20 13:30:00-04:00,34.619998931884766,34.669898986816406,34.619998931884766,34.650001525878906,1339,0.0,0.0,0.0
2024-06-20 14:30:00-04:00,34.570899963378906,34.60499954223633,34.570899963378906,34.60499954223633,633,0.0,0.0,0.0
2024-06-20 15:30:00-04:00,34.6150016784668,34.6150016784668,34.6150016784668,34.6150016784668,150,0.0,0.0,0.0
2024-06-21 09:30:00-04:00,34.560001373291016,34.6349983215332,34.560001373291016,34.599998474121094,3478,0.0,0.0,0.0
2024-06-21 10:30:00-04:00,34.64820098876953,34.665000915527344,34.6234016418457,34.63999938964844,1019,0.0,0.0,0.0
2024-06-21 11:30:00-04:00,34.619998931884766,34.63999938964844,34.619998931884766,34.630001068115234,832,0.0,0.0,0.0
2024-06-21 12:30:00-04:00,34.650001525878906,34.65999984741211,34.630001068115234,34.63999938964844,3089,0.0,0.0,0.0
2024-06-21 13:30:00-04:00,34.61009979248047,34.686500549316406,34.61009979248047,34.61240005493164,2125,0.0,0.0,0.0
2024-06-21 14:30:00-04:00,34.625,34.650001525878906,34.599998474121094,34.650001525878906,3765,0.0,0.0,0.0
2024-06-21 15:30:00-04:00,34.619998931884766,34.68000030517578,34.619998931884766,34.65999984741211,2056,0.0,0.0,0.0
2024-06-24 09:30:00-04:00,34.7400016784668,34.88999938964844,34.7400016784668,34.86000061035156,0,0.0,0.0,0.0
2024-06-24 10:30:00-04:00,34.84000015258789,34.939998626708984,34.834999084472656,34.939998626708984,1376,0.0,0.0,0.0
2024-06-24 11:30:00-04:00,34.849998474121094,34.849998474121094,34.849998474121094,34.849998474121094,376,0.0,0.0,0.0
2024-06-24 12:30:00-04:00,34.834999084472656,34.834999084472656,34.75,34.79759979248047,1523,0.0,0.0,0.0
2024-06-24 13:30:00-04:00,34.767799377441406,34.79999923706055,34.767799377441406,34.79999923706055,854,0.0,0.0,0.0
2024-06-24 14:30:00-04:00,34.883399963378906,34.883399963378906,34.849998474121094,34.875,2951,0.0,0.0,0.0
2024-06-24 15:30:00-04:00,34.86000061035156,34.86000061035156,34.804901123046875,34.804901123046875,0,0.0,0.0,0.0
2024-06-25 09:30:00-04:00,34.709999084472656,34.720001220703125,34.709999084472656,34.720001220703125,457,0.0,0.0,0.0
2024-06-25 10:30:00-04:00,34.69309997558594,34.70389938354492,34.68000030517578,34.68000030517578,1053,0.0,0.0,0.0
2024-06-25 11:30:00-04:00,34.72840118408203,34.72840118408203,34.65999984741211,34.71989822387695,1848,0.0,0.0,0.0
2024-06-25 12:30:00-04:00,34.650001525878906,34.650001525878906,34.619998931884766,34.630001068115234,3028,0.0,0.0,0.0
2024-06-25 13:30:00-04:00,34.74660110473633,34.74660110473633,34.70500183105469,34.724998474121094,1197,0.0,0.0,0.0
2024-06-25 14:30:00-04:00,34.724998474121094,34.72600173950195,34.70000076293945,34.72600173950195,3305,0.0,0.0,0.0
2024-06-25 15:30:00-04:00,34.72309875488281,34.737998962402344,34.689998626708984,34.689998626708984,1600,0.0,0.0,0.0
2024-06-26 09:30:00-04:00,34.56999969482422,34.66999816894531,34.56999969482422,34.61149978637695,0,0.0,0.0,0.0
2024-06-26 10:30:00-04:00,34.61000061035156,34.678001403808594,34.61000061035156,34.678001403808594,1094,0.0,0.0,0.0
2024-06-26 11:30:00-04:00,34.693199157714844,34.693199157714844,34.66999816894531,34.672698974609375,1888,0.0,0.0,0.0
2024-06-26 12:30:00-04:00,34.675899505615234,34.68000030517578,34.62419891357422,34.62419891357422,1386,0.0,0.0,0.0
2024-06-26 13:30:00-04:00,34.6150016784668,34.630001068115234,34.59000015258789,34.60380172729492,2588,0.0,0.0,0.0
2024-06-26 14:30:00-04:00,34.655399322509766,34.655399322509766,34.59000015258789,34.630001068115234,1985,0.0,0.0,0.0
2024-06-26 15:30:00-04:00,34.65599822998047,34.720001220703125,34.64509963989258,34.720001220703125,1591,0.0,0.0,0.0
2024-06-27 09:30:00-04:00,34.70000076293945,34.78810119628906,34.68009948730469,34.72999954223633,0,0.0,0.0,0.0
2024-06-27 10:30:00-04:00,34.79499816894531,34.79499816894531,34.79499816894531,34.79499816894531,455,0.0,0.0,0.0
2024-06-27 11:30:00-04:00,34.680198669433594,34.71649932861328,34.680198669433594,34.709999084472656,6065,0.0,0.0,0.0
2024-06-27 12:30:00-04:00,34.774898529052734,34.78810119628906,34.774898529052734,34.78810119628906,541,0.0,0.0,0.0
2024-06-27 13:30:00-04:00,34.7599983215332,34.81999969482422,34.74100112915039,34.80699920654297,2945,0.0,0.0,0.0
2024-06-27 14:30:00-04:00,34.75529861450195,34.84000015258789,34.72999954223633,34.81999969482422,1218,0.0,0.0,0.0
2024-06-27 15:30:00-04:00,34.84709930419922,34.849998474121094,34.836700439453125,34.84000015258789,899,0.0,0.0,0.0
2024-06-28 09:30:00-04:00,35.0,35.0609016418457,34.999000549316406,35.0609016418457,0,0.0,0.0,0.0
2024-06-28 10:30:00-04:00,35.029998779296875,35.09000015258789,34.95000076293945,34.95000076293945,72354,0.0,0.0,0.0
2024-06-28 11:30:00-04:00,34.90999984741211,34.90999984741211,34.90999984741211,34.90999984741211,148,0.0,0.0,0.0
2024-06-28 12:30:00-04:00,34.935001373291016,34.95819854736328,34.88999938964844,34.958099365234375,1228,0.0,0.0,0.0
2024-06-28 13:30:00-04:00,34.89509963989258,34.919898986816406,34.84000015258789,34.919898986816406,4436,0.0,0.0,0.0
2024-06-28 14:30:00-04:00,34.875,34.883201599121094,34.81010055541992,34.81999969482422,3517,0.0,0.0,0.0
2024-06-28 15:30:00-04:00,34.899600982666016,34.9380989074707,34.88999938964844,34.90999984741211,2960,0.0,0.0,0.0
2024-07-01 09:30:00-04:00,34.91999816894531,35.0,34.7599983215332,34.7599983215332,0,0.0,0.0,0.0
2024-07-01 10:30:00-04:00,34.79499816894531,34.79499816894531,34.7599983215332,34.779998779296875,630,0.0,0.0,0.0
2024-07-01 11:30:00-04:00,34.75680160522461,34.7776985168457,34.720001220703125,34.7599983215332,2251,0.0,0.0,0.0
2024-07-01 12:30:00-04:00,34.75,34.809898376464844,34.75,34.77000045776367,4200,0.0,0.0,0.0
2024-07-01 13:30:00-04:00,34.79349899291992,34.849998474121094,34.7599983215332,34.826698303222656,14539,0.0,0.0,0.0
2024-07-01 14:30:00-04:00,34.77000045776367,34.810001373291016,34.77000045776367,34.810001373291016,2493,0.0,0.0,0.0
2024-07-01 15:30:00-04:00,34.78499984741211,34.810001373291016,34.78499984741211,34.810001373291016,2201,0.0,0.0,0.0
2024-07-02 09:30:00-04:00,34.779998779296875,34.849998474121094,34.779998779296875,34.849998474121094,0,0.0,0.0,0.0
2024-07-02 10:30:00-04:00,34.77009963989258,34.814998626708984,34.77009963989258,34.814998626708984,741,0.0,0.0,0.0
2024-07-02 11:30:00-04:00,34.79999923706055,34.83000183105469,34.79999923706055,34.810001373291016,1016,0.0,0.0,0.0
2024-07-02 12:30:00-04:00,34.79999923706055,34.810001373291016,34.7599983215332,34.790000915527344,7852,0.0,0.0,0.0
2024-07-02 13:30:00-04:00,34.80929946899414,34.839500427246094,34.77000045776367,34.839500427246094,10574,0.0,0.0,0.0
2024-07-02 14:30:00-04:00,34.779998779296875,34.84659957885742,34.779998779296875,34.84000015258789,11995,0.0,0.0,0.0
2024-07-02 15:30:00-04:00,34.810001373291016,34.869998931884766,34.790000915527344,34.810001373291016,7642,0.0,0.0,0.0
2024-07-03 09:30:00-04:00,34.939998626708984,34.939998626708984,34.849998474121094,34.939998626708984,0,0.0,0.0,0.0
2024-07-03 10:30:00-04:00,34.90999984741211,34.90999984741211,34.900001525878906,34.90999984741211,5449,0.0,0.0,0.0
2024-07-03 11:30:00-04:00,34.869998931884766,34.88999938964844,34.83000183105469,34.849998474121094,25331,0.0,0.0,0.0
2024-07-03 12:30:00-04:00,34.87300109863281,34.88999938964844,34.81999969482422,34.81999969482422,0,0.0,0.0,0.0
2024-07-05 09:30:00-04:00,34.7599983215332,34.7599983215332,34.7052001953125,34.7052001953125,1820,0.0,0.0,0.0
2024-07-05 10:30:00-04:00,34.66999816894531,34.779998779296875,34.66999816894531,34.779998779296875,7175,0.0,0.0,0.0
2024-07-05 11:30:00-04:00,34.709999084472656,34.7400016784668,34.70000076293945,34.724998474121094,4262,0.0,0.0,0.0
2024-07-05 12:30:00-04:00,34.720001220703125,34.72999954223633,34.709999084472656,34.722900390625,16934,0.0,0.0,0.0
2024-07-05 13:30:00-04:00,34.70000076293945,34.709999084472656,34.70000076293945,34.709999084472656,1178,0.0,0.0,0.0
2024-07-05 14:30:00-04:00,34.689998626708984,34.75910186767578,34.689998626708984,34.75899887084961,1694,0.0,0.0,0.0
2024-07-08 09:30:00-04:00,34.999900817871094,35.0099983215332,34.99489974975586,35.0099983215332,0,0.0,0.0,0.0
2024-07-08 10:30:00-04:00,35.005001068115234,35.005001068115234,34.95000076293945,34.95000076293945,1676,0.0,0.0,0.0
2024-07-08 11:30:00-04:00,34.880001068115234,34.880001068115234,34.880001068115234,34.880001068115234,553,0.0,0.0,0.0
2024-07-08 12:30:00-04:00,34.869998931884766,34.90999984741211,34.869998931884766,34.87409973144531,3764,0.0,0.0,0.0
2024-07-08 13:30:00-04:00,34.869998931884766,34.90999984741211,34.869998931884766,34.88100051879883,5610,0.0,0.0,0.0
2024-07-08 14:30:00-04:00,34.87139892578125,34.90549850463867,34.87139892578125,34.89500045776367,1712,0.0,0.0,0.0
2024-07-08 15:30:00-04:00,34.869998931884766,34.91999816894531,34.849998474121094,34.849998474121094,3438,0.0,0.0,0.0
2024-07-09 09:30:00-04:00,34.91999816894531,34.91999816894531,34.7400016784668,34.76499938964844,0,0.0,0.0,0.0
2024-07-09 11:30:00-04:00,34.77000045776367,34.849998474121094,34.77000045776367,34.827999114990234,4411,0.0,0.0,0.0
2024-07-09 12:30:00-04:00,34.8468017578125,34.924598693847656,34.81010055541992,34.84000015258789,53596,0.0,0.0,0.0
2024-07-09 13:30:00-04:00,34.875,34.900001525878906,34.8224983215332,34.83000183105469,2345,0.0,0.0,0.0
2024-07-09 14:30:00-04:00,34.79100036621094,34.832000732421875,34.77080154418945,34.779998779296875,10726,0.0,0.0,0.0
2024-07-09 15:30:00-04:00,34.84989929199219,34.84989929199219,34.779998779296875,34.779998779296875,1616,0.0,0.0,0.0
2024-07-10 10:30:00-04:00,34.888999938964844,34.888999938964844,34.888999938964844,34.888999938964844,386,0.0,0.0,0.0
2024-07-10 11:30:00-04:00,34.889198303222656,34.94459915161133,34.889198303222656,34.94459915161133,6809,0.0,0.0,0.0
2024-07-10 12:30:00-04:00,34.88999938964844,34.915000915527344,34.88999938964844,34.915000915527344,759,0.0,0.0,0.0
2024-07-10 13:30:00-04:00,34.88420104980469,34.9541015625,34.883399963378906,34.90999984741211,3054,0.0,0.0,0.0
2024-07-10 14:30:00-04:00,34.90999984741211,34.96900177001953,34.900001525878906,34.96900177001953,3496,0.0,0.0,0.0
2024-07-10 15:30:00-04:00,34.94499969482422,35.025001525878906,34.94499969482422,34.9900016784668,6941,0.0,0.0,0.0
2024-07-11 09:30:00-04:00,35.43000030517578,35.4724006652832,35.43000030517578,35.4724006652832,0,0.0,0.0,0.0
2024-07-11 10:30:00-04:00,35.665000915527344,35.689998626708984,35.665000915527344,35.689998626708984,733,0.0,0.0,0.0
2024-07-11 11:30:00-04:00,35.685001373291016,35.685001373291016,35.61000061035156,35.61000061035156,58488,0.0,0.0,0.0
2024-07-11 12:30:00-04:00,35.676700592041016,35.676700592041016,35.676700592041016,35.676700592041016,106,0.0,0.0,0.0
2024-07-11 13:30:00-04:00,35.7598991394043,35.7598991394043,35.70500183105469,35.70500183105469,861,0.0,0.0,0.0
2024-07-11 14:30:00-04:00,35.720001220703125,35.739898681640625,35.63330078125,35.739898681640625,2887,0.0,0.0,0.0
2024-07-11 15:30:00-04:00,35.79990005493164,35.79990005493164,35.749000549316406,35.749000549316406,0,0.0,0.0,0.0
2024-07-12 09:30:00-04:00,35.99100112915039,36.10499954223633,35.99100112915039,36.10499954223633,966,0.0,0.0,0.0
2024-07-12 10:30:00-04:00,36.06999969482422,36.06999969482422,36.06999969482422,36.06999969482422,328,0.0,0.0,0.0
2024-07-12 11:30:00-04:00,36.01810073852539,36.01810073852539,35.95320129394531,35.95320129394531,2399,0.0,0.0,0.0
2024-07-12 12:30:00-04:00,35.959999084472656,35.9900016784668,35.951499938964844,35.97999954223633,1480,0.0,0.0,0.0
2024-07-12 13:30:00-04:00,36.0099983215332,36.0099983215332,35.98500061035156,35.98500061035156,0,0.0,0.0,0.0
2024-07-12 14:30:00-04:00,35.99599838256836,35.99599838256836,35.969600677490234,35.97999954223633,21946,0.0,0.0,0.0
2024-07-12 15:30:00-04:00,35.994998931884766,35.994998931884766,35.90999984741211,35.90999984741211,1607,0.0,0.0,0.0
2024-07-15 09:30:00-04:00,36.233001708984375,36.275001525878906,36.233001708984375,36.275001525878906,0,0.0,0.0,0.0
2024-07-15 10:30:00-04:00,36.310001373291016,36.31999969482422,36.29600143432617,36.31999969482422,1019,0.0,0.0,0.0
2024-07-15 11:30:00-04:00,36.34000015258789,36.34000015258789,36.34000015258789,36.34000015258789,3083,0.0,0.0,0.0
2024-07-15 12:30:00-04:00,36.310001373291016,36.310001373291016,36.25,36.25,1702,0.0,0.0,0.0
2024-07-15 13:30:00-04:00,36.23099899291992,36.27000045776367,36.23099899291992,36.27000045776367,270,0.0,0.0,0.0
2024-07-15 14:30:00-04:00,36.36000061035156,36.41999816894531,36.3224983215332,36.380001068115234,4715,0.0,0.0,0.0
2024-07-15 15:30:00-04:00,36.369998931884766,36.378299713134766,36.267799377441406,36.27000045776367,3761,0.0,0.0,0.0
2024-07-16 09:30:00-04:00,36.5099983215332,36.689998626708984,36.5099983215332,36.630001068115234,2583,0.0,0.0,0.0
2024-07-16 10:30:00-04:00,36.611000061035156,36.77000045776367,36.611000061035156,36.685001373291016,1194,0.0,0.0,0.0
2024-07-16 11:30:00-04:00,36.709999084472656,36.715599060058594,36.709999084472656,36.715599060058594,568,0.0,0.0,0.0
2024-07-16 12:30:00-04:00,36.72600173950195,36.76240158081055,36.70000076293945,36.76240158081055,3333,0.0,0.0,0.0
2024-07-16 13:30:00-04:00,36.755001068115234,36.77000045776367,36.72010040283203,36.77000045776367,8431,0.0,0.0,0.0
2024-07-16 14:30:00-04:00,36.81999969482422,36.91999816894531,36.81999969482422,36.91999816894531,125533,0.0,0.0,0.0
2024-07-16 15:30:00-04:00,36.8650016784668,36.93989944458008,36.81999969482422,36.86000061035156,5004,0.0,0.0,0.0
2024-07-17 09:30:00-04:00,36.71500015258789,36.79999923706055,36.619998931884766,36.79999923706055,0,0.0,0.0,0.0
2024-07-17 10:30:00-04:00,36.75,36.824501037597656,36.7400016784668,36.7400016784668,653,0.0,0.0,0.0
2024-07-17 11:30:00-04:00,36.775001525878906,36.775001525878906,36.689998626708984,36.689998626708984,8000,0.0,0.0,0.0
2024-07-17 12:30:00-04:00,36.769901275634766,36.769901275634766,36.640098571777344,36.640098571777344,1013,0.0,0.0,0.0
2024-07-17 13:30:00-04:00,36.7400016784668,36.7400016784668,36.70000076293945,36.731998443603516,554,0.0,0.0,0.0
2024-07-17 14:30:00-04:00,36.75130081176758,36.78990173339844,36.72999954223633,36.78990173339844,1436,0.0,0.0,0.0
2024-07-17 15:30:00-04:00,36.7599983215332,36.7599983215332,36.65999984741211,36.66999816894531,1324,0.0,0.0,0.0
2024-07-18 09:30:00-04:00,36.63999938964844,36.834999084472656,36.63999938964844,36.834999084472656,0,0.0,0.0,0.0
2024-07-18 10:30:00-04:00,36.834999084472656,36.834999084472656,36.665000915527344,36.665000915527344,8356,0.0,0.0,0.0
2024-07-18 11:30:00-04:00,36.528499603271484,36.528499603271484,36.505001068115234,36.505001068115234,848,0.0,0.0,0.0
2024-07-18 12:30:00-04:00,36.58140182495117,36.58140182495117,36.58140182495117,36.58140182495117,423,0.0,0.0,0.0
2024-07-18 13:30:00-04:00,36.494998931884766,36.5,36.459800720214844,36.459800720214844,1927,0.0,0.0,0.0
2024-07-18 14:30:00-04:00,36.27050018310547,36.27050018310547,36.27050018310547,36.27050018310547,269,0.0,0.0,0.0
2024-07-18 15:30:00-04:00,36.380001068115234,36.40999984741211,36.380001068115234,36.40999984741211,1103,0.0,0.0,0.0
2024-07-19 09:30:00-04:00,36.36000061035156,36.36000061035156,36.36000061035156,36.36000061035156,0,0.0,0.0,0.0
2024-07-19 10:30:00-04:00,36.25,36.25,36.20000076293945,36.20000076293945,654,0.0,0.0,0.0
2024-07-19 11:30:00-04:00,36.209999084472656,36.209999084472656,36.209999084472656,36.209999084472656,345,0.0,0.0,0.0
2024-07-19 12:30:00-04:00,36.2400016784668,36.27000045776367,36.2400016784668,36.27000045776367,1499,0.0,0.0,0.0
2024-07-19 14:30:00-04:00,36.25,36.25,36.190101623535156,36.22999954223633,2207,0.0,0.0,0.0
2024-07-19 15:30:00-04:00,36.185298919677734,36.2400016784668,36.185298919677734,36.2400016784668,881,0.0,0.0,0.0
2024-07-22 09:30:00-04:00,36.35150146484375,36.36000061035156,36.154998779296875,36.21179962158203,2291,0.0,0.0,0.0
2024-07-22 10:30:00-04:00,36.189998626708984,36.36370086669922,36.189998626708984,36.31999969482422,838,0.0,0.0,0.0
2024-07-22 11:30:00-04:00,36.29090118408203,36.349998474121094,36.2849006652832,36.349998474121094,52016,0.0,0.0,0.0
2024-07-22 12:30:00-04:00,36.38750076293945,36.404998779296875,36.38750076293945,36.404998779296875,2396,0.0,0.0,0.0
2024-07-22 13:30:00-04:00,36.459999084472656,36.459999084472656,36.41999816894531,36.41999816894531,1049,0.0,0.0,0.0
2024-07-22 14:30:00-04:00,36.48970031738281,36.53499984741211,36.48970031738281,36.53499984741211,1986,0.0,0.0,0.0
2024-07-22 15:30:00-04:00,36.54999923706055,36.56999969482422,36.510101318359375,36.529998779296875,1628,0.0,0.0,0.0
2024-07-23 09:30:00-04:00,36.439998626708984,36.71500015258789,36.439998626708984,36.65999984741211,0,0.0,0.0,0.0
2024-07-23 10:30:00-04:00,36.709999084472656,36.709999084472656,36.59000015258789,36.63460159301758,3205,0.0,0.0,0.0
2024-07-23 11:30:00-04:00,36.689998626708984,36.71540069580078,36.63999938964844,36.63999938964844,2958,0.0,0.0,0.0
2024-07-23 12:30:00-04:00,36.619998931884766,36.709999084472656,36.619998931884766,36.689998626708984,13328,0.0,0.0,0.0
2024-07-23 13:30:00-04:00,36.650001525878906,36.7400016784668,36.650001525878906,36.7400016784668,2351,0.0,0.0,0.0
2024-07-23 14:30:00-04:00,36.7599983215332,36.810001373291016,36.7599983215332,36.79999923706055,0,0.0,0.0,0.0
2024-07-23 15:30:00-04:00,36.77000045776367,36.79899978637695,36.68000030517578,36.68000030517578,47,0.0,0.0,0.0
2024-07-24 09:30:00-04:00,36.709999084472656,36.709999084472656,36.48160171508789,36.48160171508789,1090,0.0,0.0,0.0
2024-07-24 10:30:00-04:00,36.63999938964844,36.63999938964844,36.5620002746582,36.5620002746582,1047,0.0,0.0,0.0
2024-07-24 11:30:00-04:00,36.60499954223633,36.665000915527344,36.599998474121094,36.599998474121094,0,0.0,0.0,0.0
2024-07-24 12:30:00-04:00,36.63999938964844,36.63999938964844,36.54999923706055,36.58000183105469,4406,0.0,0.0,0.0
2024-07-24 13:30:00-04:00,36.594398498535156,36.594398498535156,36.584999084472656,36.584999084472656,304,0.0,0.0,0.0
2024-07-24 14:30:00-04:00,36.42499923706055,36.439998626708984,36.36000061035156,36.3849983215332,22526,0.0,0.0,0.0
2024-07-24 15:30:00-04:00,36.34000015258789,36.349998474121094,36.279998779296875,36.279998779296875,3127,0.0,0.0,0.0
2024-07-25 09:30:00-04:00,36.439998626708984,36.529998779296875,36.41999816894531,36.529998779296875,0,0.0,0.0,0.0
2024-07-25 10:30:00-04:00,36.529998779296875,36.529998779296875,36.4900016784668,36.4900016784668,1099,0.0,0.0,0.0
2024-07-25 11:30:00-04:00,36.608001708984375,36.65999984741211,36.608001708984375,36.6150016784668,497,0.0,0.0,0.0
2024-07-25 12:30:00-04:00,36.75,36.77920150756836,36.689998626708984,36.689998626708984,1017,0.0,0.0,0.0
2024-07-25 13:30:00-04:00,36.724998474121094,36.75899887084961,36.62009811401367,36.630001068115234,3342,0.0,0.0,0.0
2024-07-25 14:30:00-04:00,36.619998931884766,36.619998931884766,36.540000915527344,36.59000015258789,3589,0.0,0.0,0.0
2024-07-25 15:30:00-04:00,36.599998474121094,36.599998474121094,36.47999954223633,36.47999954223633,3327,0.0,0.0,0.0
2024-07-26 09:30:00-04:00,36.7599983215332,36.8838005065918,36.7599983215332,36.82500076293945,2495,0.0,0.0,0.0
2024-07-26 10:30:00-04:00,36.73910140991211,36.73910140991211,36.66999816894531,36.66999816894531,669,0.0,0.0,0.0
2024-07-26 11:30:00-04:00,36.65999984741211,36.7859001159668,36.650001525878906,36.7859001159668,4034,0.0,0.0,0.0
2024-07-26 12:30:00-04:00,36.75,36.75,36.7400016784668,36.7401008605957,2472,0.0,0.0,0.0
2024-07-26 13:30:00-04:00,36.763999938964844,36.79990005493164,36.7599983215332,36.79990005493164,2341,0.0,0.0,0.0
2024-07-26 14:30:00-04:00,36.7599983215332,36.79999923706055,36.7599983215332,36.79999923706055,4883,0.0,0.0,0.0
2024-07-26 15:30:00-04:00,36.859901428222656,36.859901428222656,36.79999923706055,36.810001373291016,2655,0.0,0.0,0.0
2024-07-29 09:30:00-04:00,36.85499954223633,36.869998931884766,36.849998474121094,36.849998474121094,0,0.0,0.0,0.0
2024-07-29 10:30:00-04:00,36.72019958496094,36.72549819946289,36.72019958496094,36.72549819946289,1084,0.0,0.0,0.0
2024-07-29 11:30:00-04:00,36.634700775146484,36.720001220703125,36.634700775146484,36.720001220703125,2607,0.0,0.0,0.0
2024-07-29 12:30:00-04:00,36.68000030517578,36.68000030517578,36.60499954223633,36.60499954223633,1705,0.0,0.0,0.0
2024-07-29 13:30:00-04:00,36.62900161743164,36.6416015625,36.58000183105469,36.6349983215332,6962,0.0,0.0,0.0
2024-07-29 14:30:00-04:00,36.63999938964844,36.64500045776367,36.63999938964844,36.64500045776367,0,0.0,0.0,0.0
2024-07-29 15:30:00-04:00,36.630001068115234,36.630001068115234,36.619998931884766,36.619998931884766,0,0.0,0.0,0.0
2024-07-30 09:30:00-04:00,36.689998626708984,36.79999923706055,36.689998626708984,36.74850082397461,3257,0.0,0.0,0.0
2024-07-30 10:30:00-04:00,36.7400016784668,36.7400016784668,36.7400016784668,36.7400016784668,2301,0.0,0.0,0.0
2024-07-30 11:30:00-04:00,36.660499572753906,36.689998626708984,36.6349983215332,36.6349983215332,0,0.0,0.0,0.0
2024-07-30 12:30:00-04:00,36.665000915527344,36.665000915527344,36.62519836425781,36.645599365234375,0,0.0,0.0,0.0
2024-07-30 13:30:00-04:00,36.68000030517578,36.68000030517578,36.66999816894531,36.66999816894531,10203,0.0,0.0,0.0
2024-07-30 14:30:00-04:00,36.65999984741211,36.720001220703125,36.63999938964844,36.720001220703125,98185,0.0,0.0,0.0
2024-07-30 15:30:00-04:00,36.7599983215332,36.7599983215332,36.689998626708984,36.689998626708984,1108,0.0,0.0,0.0
2024-07-31 09:30:00-04:00,36.83000183105469,36.83000183105469,36.7599983215332,36.7760009765625,0,0.0,0.0,0.0
2024-07-31 10:30:00-04:00,36.875,36.875,36.846900939941406,36.846900939941406,480,0.0,0.0,0.0
2024-07-31 11:30:00-04:00,36.869998931884766,36.869998931884766,36.869998931884766,36.869998931884766,522,0.0,0.0,0.0
2024-07-31 12:30:00-04:00,36.947898864746094,36.96989822387695,36.94499969482422,36.96989822387695,614,0.0,0.0,0.0
2024-07-31 13:30:00-04:00,36.880001068115234,36.91999816894531,36.84000015258789,36.849998474121094,4581,0.0,0.0,0.0
2024-07-31 14:30:00-04:00,36.939998626708984,37.150001525878906,36.939998626708984,37.08000183105469,0,0.0,0.0,0.0
2024-07-31 15:30:00-04:00,36.880001068115234,36.90919876098633,36.79999923706055,36.79999923706055,13705,0.0,0.0,0.0
2024-08-01 09:30:00-04:00,36.919898986816406,36.93000030517578,36.759498596191406,36.759498596191406,0,0.0,0.0,0.0
2024-08-01 10:30:00-04:00,36.52000045776367,36.52000045776367,36.320499420166016,36.320499420166016,1781,0.0,0.0,0.0
2024-08-01 11:30:00-04:00,36.28499984741211,36.31999969482422,36.28499984741211,36.31999969482422,3440,0.0,0.0,0.0
2024-08-01 12:30:00-04:00,36.33000183105469,36.33000183105469,36.16999816894531,36.18069839477539,2521,0.0,0.0,0.0
2024-08-01 13:30:00-04:00,36.209999084472656,36.240501403808594,36.15999984741211,36.15999984741211,1955,0.0,0.0,0.0
2024-08-01 14:30:00-04:00,36.16999816894531,36.22999954223633,36.13800048828125,36.22999954223633,0,0.0,0.0,0.0
2024-08-01 15:30:00-04:00,36.18000030517578,36.26860046386719,36.18000030517578,36.220001220703125,26104,0.0,0.0,0.0
2024-08-02 09:30:00-04:00,35.552799224853516,35.689998626708984,35.459999084472656,35.459999084472656,0,0.0,0.0,0.0
2024-08-02 10:30:00-04:00,35.459999084472656,35.5099983215332,35.40999984741211,35.40999984741211,1937,0.0,0.0,0.0
2024-08-02 11:30:00-04:00,35.55799865722656,35.59000015258789,35.52000045776367,35.58000183105469,2971,0.0,0.0,0.0
2024-08-02 12:30:00-04:00,35.64550018310547,35.64550018310547,35.5099983215332,35.560001373291016,19449,0.0,0.0,0.0
2024-08-02 13:30:00-04:00,35.540000915527344,35.555999755859375,35.439998626708984,35.439998626708984,1586,0.0,0.0,0.0
2024-08-02 14:30:00-04:00,35.560001373291016,35.560001373291016,35.5099983215332,35.560001373291016,4233,0.0,0.0,0.0
2024-08-02 15:30:00-04:00,35.560001373291016,35.59000015258789,35.52000045776367,35.52000045776367,1149,0.0,0.0,0.0
2024-08-05 09:30:00-04:00,34.290000915527344,34.709999084472656,34.290000915527344,34.709999084472656,0,0.0,0.0,0.0
2024-08-05 10:30:00-04:00,34.72999954223633,34.880001068115234,34.72999954223633,34.869998931884766,13288,0.0,0.0,0.0
2024-08-05 11:30:00-04:00,34.89659881591797,35.0,34.880001068115234,35.0,43991,0.0,0.0,0.0
2024-08-05 12:30:00-04:00,35.11000061035156,35.11000061035156,35.11000061035156,35.11000061035156,144,0.0,0.0,0.0
2024-08-05 13:30:00-04:00,34.92499923706055,35.0,34.86000061035156,34.88999938964844,0,0.0,0.0,0.0
2024-08-05 14:30:00-04:00,34.86000061035156,34.880001068115234,34.80500030517578,34.80500030517578,198676,0.0,0.0,0.0
2024-08-05 15:30:00-04:00,34.90999984741211,34.90999984741211,34.90999984741211,34.90999984741211,454,0.0,0.0,0.0
2024-08-06 09:30:00-04:00,34.790000915527344,35.150001525878906,34.790000915527344,35.150001525878906,0,0.0,0.0,0.0
2024-08-06 10:30:00-04:00,35.119998931884766,35.27989959716797,35.119998931884766,35.239898681640625,0,0.0,0.0,0.0
2024-08-06 11:30:00-04:00,35.06999969482422,35.19929885864258,35.020999908447266,35.189998626708984,52900,0.0,0.0,0.0
2024-08-06 12:30:00-04:00,35.18000030517578,35.26850128173828,35.16999816894531,35.26499938964844,0,0.0,0.0,0.0
2024-08-06 13:30:00-04:00,35.38999938964844,35.40650177001953,35.369998931884766,35.40650177001953,68820,0.0,0.0,0.0
2024-08-06 14:30:00-04:00,35.265499114990234,35.265499114990234,35.265499114990234,35.265499114990234,121,0.0,0.0,0.0
2024-08-06 15:30:00-04:00,35.28139877319336,35.28139877319336,35.19499969482422,35.2400016784668,718,0.0,0.0,0.0
2024-08-07 09:30:00-04:00,35.439998626708984,35.459999084472656,35.2401008605957,35.2401008605957,0,0.0,0.0,0.0
2024-08-07 10:30:00-04:00,35.34000015258789,35.380001068115234,35.34000015258789,35.364200592041016,6319,0.0,0.0,0.0
2024-08-07 11:30:00-04:00,35.25,35.25,35.25,35.25,1073,0.0,0.0,0.0
2024-08-07 12:30:00-04:00,35.150001525878906,35.150001525878906,35.025001525878906,35.025001525878906,1187,0.0,0.0,0.0
2024-08-07 13:30:00-04:00,35.04999923706055,35.06999969482422,34.959999084472656,34.959999084472656,4940,0.0,0.0,0.0
2024-08-07 14:30:00-04:00,34.88029861450195,35.005001068115234,34.88029861450195,34.970001220703125,1347,0.0,0.0,0.0
2024-08-07 15:30:00-04:00,35.027198791503906,35.060001373291016,34.88999938964844,34.959999084472656,8606,0.0,0.0,0.0
2024-08-08 09:30:00-04:00,35.099998474121094,35.2400016784668,35.084999084472656,35.16999816894531,0,0.0,0.0,0.0
2024-08-08 11:30:00-04:00,35.25,35.25,35.25,35.25,5161,0.0,0.0,0.0
2024-08-08 12:30:00-04:00,35.20500183105469,35.3400993347168,35.20500183105469,35.3400993347168,767,0.0,0.0,0.0
2024-08-08 13:30:00-04:00,35.377899169921875,35.377899169921875,35.377899169921875,35.377899169921875,339,0.0,0.0,0.0
2024-08-08 14:30:00-04:00,35.38999938964844,35.38999938964844,35.320098876953125,35.320098876953125,1791,0.0,0.0,0.0
2024-08-08 15:30:00-04:00,35.32600021362305,35.32600021362305,35.32600021362305,35.32600021362305,168,0.0,0.0,0.0
2024-08-09 09:30:00-04:00,35.380001068115234,35.380001068115234,35.380001068115234,35.380001068115234,0,0.0,0.0,0.0
2024-08-09 10:30:00-04:00,35.314998626708984,35.44990158081055,35.314998626708984,35.44990158081055,12496,0.0,0.0,0.0
2024-08-09 11:30:00-04:00,35.29999923706055,35.34989929199219,35.28010177612305,35.34989929199219,2747,0.0,0.0,0.0
2024-08-09 12:30:00-04:00,35.349998474121094,35.349998474121094,35.349998474121094,35.349998474121094,886,0.0,0.0,0.0
2024-08-09 13:30:00-04:00,35.43000030517578,35.43000030517578,35.31159973144531,35.355098724365234,0,0.0,0.0,0.0
2024-08-09 14:30:00-04:00,35.35580062866211,35.35580062866211,35.31060028076172,35.31060028076172,18701,0.0,0.0,0.0
2024-08-09 15:30:00-04:00,35.41999816894531,35.41999816894531,35.34170150756836,35.41999816894531,3810,0.0,0.0,0.0
2024-08-12 09:30:00-04:00,35.43000030517578,35.43000030517578,35.25,35.31570053100586,0,0.0,0.0,0.0
2024-08-12 10:30:00-04:00,35.27000045776367,35.290000915527344,35.27000045776367,35.290000915527344,2271,0.0,0.0,0.0
2024-08-12 11:30:00-04:00,35.13999938964844,35.22999954223633,35.13999938964844,35.22999954223633,426,0.0,0.0,0.0
2024-08-12 12:30:00-04:00,35.21989822387695,35.22999954223633,35.13999938964844,35.224998474121094,3195,0.0,0.0,0.0
2024-08-12 13:30:00-04:00,35.23870086669922,35.23870086669922,35.23870086669922,35.23870086669922,182,0.0,0.0,0.0
2024-08-12 14:30:00-04:00,35.20199966430664,35.239200592041016,35.18000030517578,35.220001220703125,2097,0.0,0.0,0.0
2024-08-12 15:30:00-04:00,35.209999084472656,35.21500015258789,35.16999816894531,35.20500183105469,5167,0.0,0.0,0.0
2024-08-13 09:30:00-04:00,35.29999923706055,35.349998474121094,35.22999954223633,35.22999954223633,0,0.0,0.0,0.0
2024-08-13 10:30:00-04:00,35.2599983215332,35.36980056762695,35.2599983215332,35.33000183105469,1124,0.0,0.0,0.0
2024-08-13 11:30:00-04:00,35.435001373291016,35.439998626708984,35.435001373291016,35.439998626708984,3357,0.0,0.0,0.0
2024-08-13 12:30:00-04:00,35.40060043334961,35.474998474121094,35.40060043334961,35.452301025390625,18695,0.0,0.0,0.0
2024-08-13 13:30:00-04:00,35.447898864746094,35.45000076293945,35.439998626708984,35.45000076293945,2411,0.0,0.0,0.0
2024-08-13 14:30:00-04:00,35.47100067138672,35.52000045776367,35.47100067138672,35.52000045776367,603,0.0,0.0,0.0
2024-08-13 15:30:00-04:00,35.48500061035156,35.5099983215332,35.48500061035156,35.5099983215332,2878,0.0,0.0,0.0
2024-08-14 09:30:00-04:00,35.56999969482422,35.56999969482422,35.369998931884766,35.40140151977539,0,0.0,0.0,0.0
2024-08-14 10:30:00-04:00,35.37630081176758,35.415000915527344,35.369998931884766,35.415000915527344,1491,0.0,0.0,0.0
2024-08-14 11:30:00-04:00,35.48500061035156,35.54999923706055,35.369998931884766,35.369998931884766,5132,0.0,0.0,0.0
2024-08-14 12:30:00-04:00,35.349998474121094,35.419898986816406,35.33000183105469,35.369998931884766,1093,0.0,0.0,0.0
2024-08-14 13:30:00-04:00,35.349998474121094,35.385501861572266,35.349998474121094,35.36000061035156,617,0.0,0.0,0.0
2024-08-14 14:30:00-04:00,35.369998931884766,35.40399932861328,35.36000061035156,35.400001525878906,2962,0.0,0.0,0.0
2024-08-14 15:30:00-04:00,35.4114990234375,35.42499923706055,35.38999938964844,35.38999938964844,5304,0.0,0.0,0.0
2024-08-15 09:30:00-04:00,35.869998931884766,35.900001525878906,35.7599983215332,35.77000045776367,0,0.0,0.0,0.0
2024-08-15 10:30:00-04:00,35.880001068115234,35.9900016784668,35.81999969482422,35.93000030517578,2227,0.0,0.0,0.0
2024-08-15 11:30:00-04:00,35.870601654052734,35.94139862060547,35.870601654052734,35.93000030517578,690,0.0,0.0,0.0
2024-08-15 12:30:00-04:00,35.9900016784668,36.01430130004883,35.93000030517578,35.93000030517578,1896,0.0,0.0,0.0
2024-08-15 13:30:00-04:00,35.9900016784668,35.9900016784668,35.95600128173828,35.98500061035156,1277,0.0,0.0,0.0
2024-08-15 14:30:00-04:00,35.970001220703125,35.979000091552734,35.91999816894531,35.979000091552734,1010,0.0,0.0,0.0
2024-08-15 15:30:00-04:00,35.959999084472656,35.959999084472656,35.86000061035156,35.880001068115234,0,0.0,0.0,0.0
2024-08-16 09:30:00-04:00,36.0,36.06999969482422,35.970001220703125,36.022701263427734,4296,0.0,0.0,0.0
2024-08-16 10:30:00-04:00,35.900001525878906,35.900001525878906,35.869998931884766,35.869998931884766,408,0.0,0.0,0.0
2024-08-16 11:30:00-04:00,35.88970184326172,35.91999816894531,35.869998931884766,35.91999816894531,1981,0.0,0.0,0.0
2024-08-16 12:30:00-04:00,35.97999954223633,36.05910110473633,35.959999084472656,36.05910110473633,459,0.0,0.0,0.0
2024-08-16 13:30:00-04:00,35.9900016784668,36.005001068115234,35.959999084472656,36.005001068115234,1441,0.0,0.0,0.0
2024-08-16 14:30:00-04:00,35.9900016784668,36.0,35.9900016784668,36.0,445,0.0,0.0,0.0
2024-08-16 15:30:00-04:00,35.96099853515625,36.02239990234375,35.96099853515625,35.97999954223633,1243,0.0,0.0,0.0
2024-08-19 09:30:00-04:00,36.16999816894531,36.16999816894531,36.04999923706055,36.04999923706055,0,0.0,0.0,0.0
2024-08-19 10:30:00-04:00,36.17219924926758,36.17219924926758,36.11000061035156,36.150001525878906,1654,0.0,0.0,0.0
2024-08-19 11:30:00-04:00,36.18989944458008,36.20000076293945,36.130001068115234,36.130001068115234,1585,0.0,0.0,0.0
2024-08-19 12:30:00-04:00,36.17390060424805,36.17390060424805,36.140098571777344,36.140098571777344,1604,0.0,0.0,0.0
2024-08-19 13:30:00-04:00,36.18000030517578,36.18000030517578,36.160701751708984,36.18000030517578,1390,0.0,0.0,0.0
2024-08-19 14:30:00-04:00,36.23189926147461,36.23189926147461,36.209999084472656,36.209999084472656,459,0.0,0.0,0.0
2024-08-19 15:30:00-04:00,36.20000076293945,36.2400016784668,36.18000030517578,36.2400016784668,2632,0.0,0.0,0.0
2024-08-20 09:30:00-04:00,36.220001220703125,36.220001220703125,36.064998626708984,36.064998626708984,0,0.0,0.0,0.0
2024-08-20 10:30:00-04:00,36.040000915527344,36.09000015258789,36.00749969482422,36.02000045776367,16479,0.0,0.0,0.0
2024-08-20 11:30:00-04:00,36.02000045776367,36.058998107910156,36.02000045776367,36.04999923706055,801,0.0,0.0,0.0
2024-08-20 12:30:00-04:00,36.02000045776367,36.02000045776367,35.97999954223633,35.97999954223633,376,0.0,0.0,0.0
2024-08-20 13:30:00-04:00,35.959999084472656,36.108001708984375,35.94049835205078,36.04059982299805,9693,0.0,0.0,0.0
2024-08-20 14:30:00-04:00,36.0989990234375,36.0989990234375,36.040000915527344,36.06999969482422,14069,0.0,0.0,0.0
2024-08-20 15:30:00-04:00,36.066001892089844,36.08000183105469,36.0,36.0,13709,0.0,0.0,0.0
2024-08-21 09:30:00-04:00,36.119998931884766,36.13999938964844,36.09000015258789,36.09000015258789,0,0.0,0.0,0.0
2024-08-21 10:30:00-04:00,36.220401763916016,36.220401763916016,36.11470031738281,36.14070129394531,1607,0.0,0.0,0.0
2024-08-21 11:30:00-04:00,36.15999984741211,36.16999816894531,36.130001068115234,36.16999816894531,1710,0.0,0.0,0.0
2024-08-21 12:30:00-04:00,36.13999938964844,36.1796989440918,36.13999938964844,36.15010070800781,2914,0.0,0.0,0.0
2024-08-21 13:30:00-04:00,36.23400115966797,36.25,36.21009826660156,36.25,8866,0.0,0.0,0.0
2024-08-21 14:30:00-04:00,36.21189880371094,36.25680160522461,36.21189880371094,36.25680160522461,1423,0.0,0.0,0.0
2024-08-21 15:30:00-04:00,36.329898834228516,36.329898834228516,36.2599983215332,36.27000045776367,0,0.0,0.0,0.0
2024-08-22 09:30:00-04:00,36.279998779296875,36.310001373291016,36.275001525878906,36.275001525878906,1349,0.0,0.0,0.0
2024-08-22 10:30:00-04:00,36.189998626708984,36.222801208496094,36.16999816894531,36.16999816894531,2124,0.0,0.0,0.0
2024-08-22 11:30:00-04:00,36.18000030517578,36.18000030517578,36.18000030517578,36.18000030517578,735,0.0,0.0,0.0
2024-08-22 12:30:00-04:00,36.279998779296875,36.279998779296875,36.15999984741211,36.18320083618164,1752,0.0,0.0,0.0
2024-08-22 13:30:00-04:00,36.13800048828125,36.13800048828125,36.13800048828125,36.13800048828125,192,0.0,0.0,0.0
2024-08-22 14:30:00-04:00,36.1614990234375,36.195499420166016,36.1614990234375,36.189998626708984,1487,0.0,0.0,0.0
2024-08-22 15:30:00-04:00,36.13100051879883,36.13100051879883,36.099998474121094,36.099998474121094,805,0.0,0.0,0.0
2024-08-23 09:30:00-04:00,36.380001068115234,36.66999816894531,36.268001556396484,36.66999816894531,0,0.0,0.0,0.0
2024-08-23 10:30:00-04:00,36.720001220703125,36.7599983215332,36.65999984741211,36.7599983215332,5281,0.0,0.0,0.0
2024-08-23 11:30:00-04:00,36.790000915527344,36.79999923706055,36.70500183105469,36.7599983215332,1351,0.0,0.0,0.0
2024-08-23 12:30:00-04:00,36.74679946899414,36.74679946899414,36.650001525878906,36.709999084472656,2297,0.0,0.0,0.0
2024-08-23 13:30:00-04:00,36.758201599121094,36.790000915527344,36.720001220703125,36.720001220703125,6231,0.0,0.0,0.0
2024-08-23 14:30:00-04:00,36.73509979248047,36.73509979248047,36.73509979248047,36.73509979248047,311,0.0,0.0,0.0
2024-08-23 15:30:00-04:00,36.7400016784668,36.7400016784668,36.7400016784668,36.7400016784668,192,0.0,0.0,0.0
2024-08-26 09:30:00-04:00,36.849998474121094,36.93000030517578,36.849998474121094,36.93000030517578,0,0.0,0.0,0.0
2024-08-26 10:30:00-04:00,36.84000015258789,36.84000015258789,36.84000015258789,36.84000015258789,135,0.0,0.0,0.0
2024-08-26 11:30:00-04:00,36.75,36.79999923706055,36.75,36.79999923706055,486,0.0,0.0,0.0
2024-08-26 12:30:00-04:00,36.810001373291016,36.90999984741211,36.810001373291016,36.90999984741211,1222,0.0,0.0,0.0
2024-08-26 13:30:00-04:00,36.84400177001953,36.84400177001953,36.77000045776367,36.77000045776367,583,0.0,0.0,0.0
2024-08-26 14:30:00-04:00,36.84989929199219,36.84989929199219,36.779998779296875,36.79010009765625,5628,0.0,0.0,0.0
2024-08-26 15:30:00-04:00,36.810001373291016,36.810001373291016,36.75,36.75,808,0.0,0.0,0.0
2024-08-27 09:30:00-04:00,36.58000183105469,36.599998474121094,36.560001373291016,36.599998474121094,0,0.0,0.0,0.0
2024-08-27 10:30:00-04:00,36.605098724365234,36.605098724365234,36.605098724365234,36.605098724365234,161,0.0,0.0,0.0
2024-08-27 12:30:00-04:00,36.56999969482422,36.59619903564453,36.54999923706055,36.56999969482422,6736,0.0,0.0,0.0
2024-08-27 13:30:00-04:00,36.64899826049805,36.64899826049805,36.64899826049805,36.64899826049805,226,0.0,0.0,0.0
2024-08-27 14:30:00-04:00,36.689998626708984,36.689998626708984,36.630001068115234,36.63999938964844,2078,0.0,0.0,0.0
2024-08-27 15:30:00-04:00,36.6338005065918,36.650001525878906,36.61000061035156,36.61000061035156,3481,0.0,0.0,0.0
2024-08-28 09:30:00-04:00,36.45000076293945,36.61009979248047,36.45000076293945,36.61009979248047,0,0.0,0.0,0.0
2024-08-28 13:30:00-04:00,36.40190124511719,36.41999816894531,36.380001068115234,36.38999938964844,13797,0.0,0.0,0.0
2024-08-28 14:30:00-04:00,36.39400100708008,36.53390121459961,36.369998931884766,36.53390121459961,22768,0.0,0.0,0.0
2024-08-28 15:30:00-04:00,36.58300018310547,36.58300018310547,36.459999084472656,36.459999084472656,1048,0.0,0.0,0.0
2024-08-29 09:30:00-04:00,36.6599006652832,36.6599006652832,36.6599006652832,36.6599006652832,0,0.0,0.0,0.0
2024-08-29 10:30:00-04:00,36.66999816894531,36.70600128173828,36.650001525878906,36.70600128173828,7426,0.0,0.0,0.0
2024-08-29 11:30:00-04:00,36.7599983215332,36.7599983215332,36.744998931884766,36.744998931884766,485,0.0,0.0,0.0
2024-08-29 12:30:00-04:00,36.7599983215332,36.79499816894531,36.7599983215332,36.79499816894531,1082,0.0,0.0,0.0
2024-08-29 14:30:00-04:00,36.709999084472656,36.7239990234375,36.68000030517578,36.7239990234375,3349,0.0,0.0,0.0
2024-08-29 15:30:00-04:00,36.72999954223633,36.72999954223633,36.630001068115234,36.630001068115234,0,0.0,0.0,0.0
2024-08-30 09:30:00-04:00,36.819801330566406,36.819801330566406,36.73509979248047,36.73509979248047,613,0.0,0.0,0.0
2024-08-30 10:30:00-04:00,36.779998779296875,36.779998779296875,36.709999084472656,36.709999084472656,841,0.0,0.0,0.0
2024-08-30 11:30:00-04:00,36.625,36.625,36.599998474121094,36.599998474121094,437,0.0,0.0,0.0
2024-08-30 12:30:00-04:00,36.564998626708984,36.564998626708984,36.529998779296875,36.529998779296875,369,0.0,0.0,0.0
2024-08-30 13:30:00-04:00,36.642799377441406,36.642799377441406,36.630001068115234,36.630001068115234,704,0.0,0.0,0.0
2024-08-30 14:30:00-04:00,36.63999938964844,36.65010070800781,36.63999938964844,36.65010070800781,501,0.0,0.0,0.0
2024-08-30 15:30:00-04:00,36.70000076293945,36.81520080566406,36.70000076293945,36.790000915527344,3006,0.0,0.0,0.0
2024-09-03 09:30:00-04:00,36.61000061035156,36.61000061035156,36.41999816894531,36.41999816894531,0,0.0,0.0,0.0
2024-09-03 10:30:00-04:00,36.369998931884766,36.404998779296875,36.31999969482422,36.380001068115234,2401,0.0,0.0,0.0
2024-09-03 11:30:00-04:00,36.350101470947266,36.419898986816406,36.34000015258789,36.34000015258789,8645,0.0,0.0,0.0
2024-09-03 12:30:00-04:00,36.2400016784668,36.2599983215332,36.189998626708984,36.2599983215332,5057,0.0,0.0,0.0
2024-09-03 13:30:00-04:00,36.22010040283203,36.22010040283203,36.220001220703125,36.220001220703125,0,0.0,0.0,0.0
2024-09-03 14:30:00-04:00,36.13999938964844,36.209999084472656,36.13999938964844,36.16999816894531,0,0.0,0.0,0.0
2024-09-04 09:30:00-04:00,36.06999969482422,36.178199768066406,36.06999969482422,36.15999984741211,16856,0.0,0.0,0.0
2024-09-04 10:30:00-04:00,36.25,36.279998779296875,36.22999954223633,36.22999954223633,678,0.0,0.0,0.0
2024-09-04 11:30:00-04:00,36.16999816894531,36.195499420166016,36.16999816894531,36.16999816894531,444,0.0,0.0,0.0
2024-09-04 12:30:00-04:00,36.22999954223633,36.22999954223633,36.130001068115234,36.130001068115234,1544,0.0,0.0,0.0
2024-09-04 13:30:00-04:00,36.13999938964844,36.13999938964844,36.04999923706055,36.09000015258789,29880,0.0,0.0,0.0
2024-09-04 14:30:00-04:00,36.029998779296875,36.070098876953125,36.029998779296875,36.070098876953125,1528,0.0,0.0,0.0
2024-09-04 15:30:00-04:00,36.08000183105469,36.13909912109375,36.08000183105469,36.08000183105469,0,0.0,0.0,0.0
2024-09-05 09:30:00-04:00,36.20000076293945,36.20000076293945,36.06999969482422,36.09000015258789,40058,0.0,0.0,0.0
2024-09-05 10:30:00-04:00,36.02939987182617,36.02939987182617,35.970001220703125,35.970001220703125,2068,0.0,0.0,0.0
2024-09-05 11:30:00-04:00,35.900001525878906,35.994998931884766,35.900001525878906,35.994998931884766,4126,0.0,0.0,0.0
2024-09-05 12:30:00-04:00,35.95000076293945,35.95000076293945,35.95000076293945,35.95000076293945,272,0.0,0.0,0.0
2024-09-05 13:30:00-04:00,36.02000045776367,36.09000015258789,35.9901008605957,36.02000045776367,2885,0.0,0.0,0.0
2024-09-05 14:30:00-04:00,36.040000915527344,36.05649948120117,35.970001220703125,35.970001220703125,2621,0.0,0.0,0.0
2024-09-05 15:30:00-04:00,36.0,36.0,35.93000030517578,35.95000076293945,16038,0.0,0.0,0.0
2024-09-06 09:30:00-04:00,36.0,36.084999084472656,35.73899841308594,35.775001525878906,0,0.0,0.0,0.0
2024-09-06 10:30:00-04:00,35.689998626708984,35.77000045776367,35.58000183105469,35.58000183105469,5220,0.0,0.0,0.0
2024-09-06 11:30:00-04:00,35.60240173339844,35.60240173339844,35.60240173339844,35.60240173339844,669,0.0,0.0,0.0
2024-09-06 12:30:00-04:00,35.57500076293945,35.630001068115234,35.56999969482422,35.630001068115234,837,0.0,0.0,0.0
2024-09-06 13:30:00-04:00,35.619998931884766,35.658599853515625,35.61000061035156,35.658599853515625,904,0.0,0.0,0.0
2024-09-06 14:30:00-04:00,35.56999969482422,35.645999908447266,35.560001373291016,35.645999908447266,3236,0.0,0.0,0.0
2024-09-06 15:30:00-04:00,35.61600112915039,35.63999938964844,35.560001373291016,35.560001373291016,2630,0.0,0.0,0.0
2024-09-09 09:30:00-04:00,35.68000030517578,35.720001220703125,35.68000030517578,35.720001220703125,0,0.0,0.0,0.0
2024-09-09 10:30:00-04:00,35.690101623535156,35.744998931884766,35.690101623535156,35.690101623535156,841,0.0,0.0,0.0
2024-09-09 11:30:00-04:00,35.85969924926758,35.85969924926758,35.85969924926758,35.85969924926758,343,0.0,0.0,0.0
2024-09-09 12:30:00-04:00,35.849998474121094,35.859901428222656,35.78099822998047,35.859901428222656,1410,0.0,0.0,0.0
2024-09-09 13:30:00-04:00,35.670101165771484,35.73500061035156,35.670101165771484,35.689998626708984,1954,0.0,0.0,0.0
2024-09-09 14:30:00-04:00,35.709999084472656,35.7599983215332,35.650001525878906,35.72999954223633,2402,0.0,0.0,0.0
2024-09-09 15:30:00-04:00,35.72719955444336,35.7599983215332,35.630001068115234,35.630001068115234,6768,0.0,0.0,0.0
2024-09-10 09:30:00-04:00,35.59000015258789,35.63679885864258,35.560001373291016,35.560001373291016,0,0.0,0.0,0.0
2024-09-10 10:30:00-04:00,35.525001525878906,35.560001373291016,35.52009963989258,35.560001373291016,0,0.0,0.0,0.0
2024-09-10 11:30:00-04:00,35.48099899291992,35.48099899291992,35.40999984741211,35.40999984741211,25150,0.0,0.0,0.0
2024-09-10 13:30:00-04:00,35.525001525878906,35.61000061035156,35.510101318359375,35.58000183105469,1603,0.0,0.0,0.0
2024-09-10 14:30:00-04:00,35.59000015258789,35.63999938964844,35.58000183105469,35.63999938964844,4943,0.0,0.0,0.0
2024-09-10 15:30:00-04:00,35.619998931884766,35.630001068115234,35.619998931884766,35.630001068115234,2035,0.0,0.0,0.0
2024-09-11 09:30:00-04:00,35.459999084472656,35.459999084472656,35.29999923706055,35.29999923706055,0,0.0,0.0,0.0
2024-09-11 10:30:00-04:00,35.310001373291016,35.310001373291016,35.310001373291016,35.310001373291016,551,0.0,0.0,0.0
2024-09-11 11:30:00-04:00,35.459999084472656,35.48500061035156,35.439998626708984,35.439998626708984,2012,0.0,0.0,0.0
2024-09-11 12:30:00-04:00,35.56209945678711,35.63990020751953,35.56209945678711,35.5900993347168,586,0.0,0.0,0.0
2024-09-11 13:30:00-04:00,35.68989944458008,35.70000076293945,35.580299377441406,35.669898986816406,1061,0.0,0.0,0.0
2024-09-11 14:30:00-04:00,35.665000915527344,35.749900817871094,35.63999938964844,35.66999816894531,3978,0.0,0.0,0.0
2024-09-11 15:30:00-04:00,35.68009948730469,35.70500183105469,35.650001525878906,35.66999816894531,8719,0.0,0.0,0.0
2024-09-12 09:30:00-04:00,35.77000045776367,35.810001373291016,35.72999954223633,35.810001373291016,0,0.0,0.0,0.0
2024-09-12 10:30:00-04:00,35.869998931884766,35.880001068115234,35.869998931884766,35.880001068115234,732,0.0,0.0,0.0
2024-09-12 11:30:00-04:00,35.93000030517578,35.93000030517578,35.88999938964844,35.91279983520508,2828,0.0,0.0,0.0
2024-09-12 12:30:00-04:00,35.89979934692383,36.03990173339844,35.83000183105469,35.95349884033203,14247,0.0,0.0,0.0
2024-09-12 13:30:00-04:00,35.974998474121094,36.08000183105469,35.959999084472656,35.99169921875,13548,0.0,0.0,0.0
2024-09-12 14:30:00-04:00,36.0099983215332,36.040000915527344,35.900001525878906,35.970001220703125,19251,0.0,0.0,0.0
2024-09-12 15:30:00-04:00,35.95000076293945,35.970001220703125,35.90999984741211,35.95000076293945,11190,0.0,0.0,0.0
2024-09-13 09:30:00-04:00,36.13999938964844,36.400001525878906,36.13999938964844,36.400001525878906,0,0.0,0.0,0.0
2024-09-13 10:30:00-04:00,36.410099029541016,36.45000076293945,36.410099029541016,36.45000076293945,1024,0.0,0.0,0.0
2024-09-13 11:30:00-04:00,36.519901275634766,36.519901275634766,36.470001220703125,36.470001220703125,6766,0.0,0.0,0.0
2024-09-13 12:30:00-04:00,36.459999084472656,36.560001373291016,36.439998626708984,36.560001373291016,7236,0.0,0.0,0.0
2024-09-13 13:30:00-04:00,36.41999816894531,36.438201904296875,36.41999816894531,36.43000030517578,1086,0.0,0.0,0.0
2024-09-13 15:30:00-04:00,36.439998626708984,36.4900016784668,36.439998626708984,36.47999954223633,1243,0.0,0.0,0.0
2024-09-16 09:30:00-04:00,36.540000915527344,36.60499954223633,36.540000915527344,36.599998474121094,0,0.0,0.0,0.0
2024-09-16 10:30:00-04:00,36.44029998779297,36.47999954223633,36.44029998779297,36.47999954223633,0,0.0,0.0,0.0
2024-09-16 11:30:00-04:00,36.52399826049805,36.54999923706055,36.51679992675781,36.51679992675781,7086,0.0,0.0,0.0
2024-09-16 12:30:00-04:00,36.529998779296875,36.529998779296875,36.529998779296875,36.529998779296875,231,0.0,0.0,0.0
2024-09-16 13:30:00-04:00,36.529998779296875,36.595001220703125,36.529998779296875,36.595001220703125,4012,0.0,0.0,0.0
2024-09-16 14:30:00-04:00,36.60749816894531,36.619998931884766,36.53010177612305,36.540000915527344,4667,0.0,0.0,0.0
2024-09-16 15:30:00-04:00,36.560001373291016,36.560001373291016,36.560001373291016,36.560001373291016,0,0.0,0.0,0.0
2024-09-17 09:30:00-04:00,36.7400016784668,36.86000061035156,36.724998474121094,36.86000061035156,0,0.0,0.0,0.0
2024-09-17 10:30:00-04:00,36.869998931884766,36.91999816894531,36.869998931884766,36.91999816894531,5893,0.0,0.0,0.0
2024-09-17 11:30:00-04:00,36.95500183105469,36.95500183105469,36.880001068115234,36.915000915527344,1864,0.0,0.0,0.0
2024-09-17 12:30:00-04:00,36.709999084472656,36.709999084472656,36.68000030517578,36.68000030517578,433,0.0,0.0,0.0
2024-09-17 13:30:00-04:00,36.77000045776367,36.81990051269531,36.77000045776367,36.81990051269531,1408,0.0,0.0,0.0
2024-09-17 14:30:00-04:00,36.810001373291016,36.810001373291016,36.810001373291016,36.810001373291016,326,0.0,0.0,0.0
2024-09-17 15:30:00-04:00,36.68000030517578,36.75,36.68000030517578,36.709999084472656,1061,0.0,0.0,0.0
2024-09-18 09:30:00-04:00,36.75,36.77000045776367,36.75,36.77000045776367,0,0.0,0.0,0.0
2024-09-18 10:30:00-04:00,36.67190170288086,36.809898376464844,36.67190170288086,36.809898376464844,1215,0.0,0.0,0.0
2024-09-18 11:30:00-04:00,36.69160079956055,36.69160079956055,36.69160079956055,36.69160079956055,2263,0.0,0.0,0.0
2024-09-18 12:30:00-04:00,36.660099029541016,36.77989959716797,36.660099029541016,36.77989959716797,1773,0.0,0.0,0.0
2024-09-18 13:30:00-04:00,36.72999954223633,37.13999938964844,36.72309875488281,36.970001220703125,11240,0.0,0.0,0.0
2024-09-18 14:30:00-04:00,37.060001373291016,37.06100082397461,36.91999816894531,36.970001220703125,1022,0.0,0.0,0.0
2024-09-18 15:30:00-04:00,36.810001373291016,36.810001373291016,36.70500183105469,36.709999084472656,1674,0.0,0.0,0.0
2024-09-19 09:30:00-04:00,37.209999084472656,37.209999084472656,37.029998779296875,37.13999938964844,0,0.0,0.0,0.0
2024-09-19 10:30:00-04:00,37.189998626708984,37.189998626708984,37.08000183105469,37.08000183105469,1211,0.0,0.0,0.0
2024-09-19 12:30:00-04:00,37.2150993347168,37.2150993347168,37.16999816894531,37.191898345947266,1766,0.0,0.0,0.0
2024-09-19 13:30:00-04:00,37.222801208496094,37.222801208496094,37.18000030517578,37.18000030517578,816,0.0,0.0,0.0
2024-09-19 14:30:00-04:00,37.141300201416016,37.141300201416016,37.141300201416016,37.141300201416016,1424,0.0,0.0,0.0
2024-09-19 15:30:00-04:00,37.20500183105469,37.20500183105469,37.189998626708984,37.189998626708984,2177,0.0,0.0,0.0
2024-09-20 09:30:00-04:00,37.2400016784668,37.2400016784668,37.040000915527344,37.08100128173828,0,0.0,0.0,0.0
2024-09-20 10:30:00-04:00,37.08000183105469,37.08000183105469,37.08000183105469,37.08000183105469,14493,0.0,0.0,0.0
2024-09-20 12:30:00-04:00,37.13999938964844,37.14720153808594,37.119998931884766,37.130001068115234,1863,0.0,0.0,0.0
2024-09-20 13:30:00-04:00,37.119998931884766,37.119998931884766,37.08000183105469,37.08000183105469,445,0.0,0.0,0.0
2024-09-20 14:30:00-04:00,37.040000915527344,37.099998474121094,37.029998779296875,37.08000183105469,2529,0.0,0.0,0.0
2024-09-20 15:30:00-04:00,37.08000183105469,37.09000015258789,37.0099983215332,37.02000045776367,0,0.0,0.0,0.0
2024-09-23 09:30:00-04:00,37.099998474121094,37.119998931884766,37.099998474121094,37.119998931884766,2482,0.0,0.0,0.0
2024-09-23 10:30:00-04:00,36.900001525878906,36.90629959106445,36.88999938964844,36.90629959106445,2767,0.0,0.0,0.0
2024-09-23 11:30:00-04:00,36.95500183105469,37.0098991394043,36.900901794433594,36.900901794433594,877,0.0,0.0,0.0
2024-09-23 12:30:00-04:00,36.939998626708984,36.939998626708984,36.939998626708984,36.939998626708984,575,0.0,0.0,0.0
2024-09-23 14:30:00-04:00,37.0,37.025001525878906,37.0,37.025001525878906,586,0.0,0.0,0.0
2024-09-23 15:30:00-04:00,36.97010040283203,36.97010040283203,36.959999084472656,36.970001220703125,0,0.0,0.0,0.0
2024-09-24 09:30:00-04:00,37.06999969482422,37.06999969482422,37.06999969482422,37.06999969482422,436,0.0,0.0,0.0
2024-09-24 10:30:00-04:00,36.967201232910156,36.967201232910156,36.88999938964844,36.95500183105469,1149,0.0,0.0,0.0
2024-09-24 11:30:00-04:00,37.005001068115234,37.005001068115234,36.970001220703125,36.970001220703125,3323,0.0,0.0,0.0
2024-09-24 12:30:00-04:00,37.04999923706055,37.04999923706055,37.04999923706055,37.04999923706055,374,0.0,0.0,0.0
2024-09-24 13:30:00-04:00,37.029998779296875,37.08000183105469,37.010101318359375,37.08000183105469,2642,0.0,0.0,0.0
2024-09-24 14:30:00-04:00,37.03010177612305,37.040000915527344,37.0,37.029998779296875,7067,0.0,0.0,0.0
2024-09-24 15:30:00-04:00,37.02000045776367,37.029998779296875,37.02000045776367,37.02000045776367,630,0.0,0.0,0.0
2024-09-25 09:30:00-04:00,36.91999816894531,36.97999954223633,36.90999984741211,36.939998626708984,0,0.0,0.0,0.0
2024-09-25 10:30:00-04:00,36.91999816894531,36.97850036621094,36.91999816894531,36.97850036621094,2027,0.0,0.0,0.0
2024-09-25 11:30:00-04:00,36.88999938964844,36.915000915527344,36.88999938964844,36.90549850463867,2785,0.0,0.0,0.0
2024-09-25 12:30:00-04:00,36.849998474121094,36.849998474121094,36.81999969482422,36.81999969482422,1798,0.0,0.0,0.0
2024-09-25 13:30:00-04:00,36.810001373291016,36.810001373291016,36.77000045776367,36.77000045776367,886,0.0,0.0,0.0
2024-09-25 14:30:00-04:00,36.820701599121094,36.869998931884766,36.790000915527344,36.819801330566406,2911,0.0,0.0,0.0
2024-09-25 15:30:00-04:00,36.77000045776367,36.79999923706055,36.7400016784668,36.77000045776367,0,0.0,0.0,0.0
2024-09-26 09:30:00-04:00,37.0,37.005001068115234,37.0,37.005001068115234,965,0.0,0.0,0.0
2024-09-26 10:30:00-04:00,36.95000076293945,36.95600128173828,36.880001068115234,36.90010070800781,1800,0.0,0.0,0.0
2024-09-26 13:30:00-04:00,36.91999816894531,36.91999816894531,36.88999938964844,36.91170120239258,1097,0.0,0.0,0.0
2024-09-26 14:30:00-04:00,36.96989822387695,36.97999954223633,36.90999984741211,36.97999954223633,2691,0.0,0.0,0.0
2024-09-26 15:30:00-04:00,36.904998779296875,36.915000915527344,36.869998931884766,36.869998931884766,1717,0.0,0.0,0.0
2024-09-27 09:30:00-04:00,37.02000045776367,37.02000045776367,37.02000045776367,37.02000045776367,0,0.0,0.0,0.0
2024-09-27 10:30:00-04:00,37.21500015258789,37.21500015258789,37.21500015258789,37.21500015258789,618,0.0,0.0,0.0
2024-09-27 12:30:00-04:00,37.10499954223633,37.119998931884766,37.051300048828125,37.119998931884766,1263,0.0,0.0,0.0
2024-09-27 14:30:00-04:00,37.02000045776367,37.06999969482422,37.02000045776367,37.06999969482422,962,0.0,0.0,0.0
2024-09-27 15:30:00-04:00,37.01150131225586,37.01150131225586,37.0,37.0,1900,0.0,0.0,0.0
