Datetime,Open,High,Low,Close,Volume,Dividends,Stock Splits
2022-09-29 09:30:00-04:00,19.360000610351562,19.360000610351562,18.579999923706055,18.809999465942383,15393,0.0,0.0
2022-09-29 10:30:00-04:00,18.8799991607666,18.924999237060547,18.770000457763672,18.915000915527344,9028,0.0,0.0
2022-09-29 11:30:00-04:00,18.920000076293945,19.1200008392334,18.84000015258789,19.1200008392334,10991,0.0,0.0
2022-09-29 12:30:00-04:00,19.170000076293945,19.229000091552734,19.1299991607666,19.15999984741211,13066,0.0,0.0
2022-09-29 13:30:00-04:00,19.18000030517578,19.219999313354492,19.06999969482422,19.110000610351562,11368,0.0,0.0
2022-09-29 14:30:00-04:00,19.1200008392334,19.209999084472656,19.09000015258789,19.155000686645508,13474,0.0,0.0
2022-09-29 15:30:00-04:00,19.155000686645508,19.350000381469727,19.155000686645508,19.329999923706055,25842,0.0,0.0
2022-09-30 09:30:00-04:00,19.31999969482422,19.459999084472656,18.68000030517578,19.309999465942383,18452,0.0,0.0
2022-09-30 10:30:00-04:00,19.34000015258789,19.5,19.34000015258789,19.450000762939453,8911,0.0,0.0
2022-09-30 11:30:00-04:00,19.450000762939453,19.5,19.260000228881836,19.280000686645508,8633,0.0,0.0
2022-09-30 12:30:00-04:00,19.274999618530273,19.385000228881836,19.274999618530273,19.295000076293945,7523,0.0,0.0
2022-09-30 13:30:00-04:00,19.315000534057617,19.315000534057617,19.15049934387207,19.18000030517578,8446,0.0,0.0
2022-09-30 14:30:00-04:00,19.13450050354004,19.13450050354004,18.979999542236328,18.979999542236328,9386,0.0,0.0
2022-09-30 15:30:00-04:00,19.030000686645508,19.09000015258789,18.81999969482422,18.860000610351562,35279,0.0,0.0
2022-10-03 09:30:00-04:00,19.030000686645508,19.06999969482422,18.549999237060547,18.950000762939453,15990,0.0,0.0
2022-10-03 10:30:00-04:00,19.0,19.0,18.780000686645508,18.850000381469727,12391,0.0,0.0
2022-10-03 11:30:00-04:00,18.799999237060547,18.864999771118164,18.729999542236328,18.854999542236328,18224,0.0,0.0
2022-10-03 12:30:00-04:00,18.844999313354492,19.01799964904785,18.81999969482422,18.940000534057617,10180,0.0,0.0
2022-10-03 13:30:00-04:00,18.94499969482422,19.040000915527344,18.860000610351562,19.040000915527344,9199,0.0,0.0
2022-10-03 14:30:00-04:00,19.020000457763672,19.06999969482422,18.989999771118164,19.040000915527344,12496,0.0,0.0
2022-10-03 15:30:00-04:00,19.06999969482422,19.09000015258789,18.989999771118164,19.0049991607666,17362,0.0,0.0
2022-10-04 09:30:00-04:00,19.450000762939453,20.020000457763672,19.450000762939453,19.760000228881836,44543,0.0,0.0
2022-10-04 10:30:00-04:00,19.774999618530273,20.059999465942383,19.7450008392334,20.0,27278,0.0,0.0
2022-10-04 11:30:00-04:00,20.0,20.030000686645508,19.899999618530273,19.989999771118164,10158,0.0,0.0
2022-10-04 12:30:00-04:00,20.0,20.100000381469727,19.959999084472656,20.040000915527344,9393,0.0,0.0
2022-10-04 13:30:00-04:00,20.043100357055664,20.15999984741211,20.030000686645508,20.06999969482422,11338,0.0,0.0
2022-10-04 14:30:00-04:00,20.110000610351562,20.190000534057617,20.084999084472656,20.1200008392334,17120,0.0,0.0
2022-10-04 15:30:00-04:00,20.110000610351562,20.149999618530273,20.040000915527344,20.100000381469727,42208,0.0,0.0
2022-10-05 09:30:00-04:00,19.780000686645508,20.065000534057617,19.739999771118164,19.75,6770,0.0,0.0
2022-10-05 10:30:00-04:00,19.81999969482422,19.989999771118164,19.770000457763672,19.950000762939453,7071,0.0,0.0
2022-10-05 11:30:00-04:00,19.8700008392334,19.940000534057617,19.75979995727539,19.770000457763672,4882,0.0,0.0
2022-10-05 12:30:00-04:00,19.809999465942383,19.989999771118164,19.809999465942383,19.90999984741211,7751,0.0,0.0
2022-10-05 13:30:00-04:00,19.91659927368164,19.979999542236328,19.850000381469727,19.940000534057617,12233,0.0,0.0
2022-10-05 14:30:00-04:00,19.940000534057617,19.950000762939453,19.90999984741211,19.940000534057617,18661,0.0,0.0
2022-10-05 15:30:00-04:00,19.93939971923828,19.959999084472656,19.899999618530273,19.950000762939453,31288,0.0,0.0
2022-10-06 09:30:00-04:00,19.809999465942383,20.079999923706055,19.790000915527344,19.897600173950195,8463,0.0,0.0
2022-10-06 10:30:00-04:00,19.889999389648438,20.059999465942383,19.850000381469727,19.979999542236328,17162,0.0,0.0
2022-10-06 11:30:00-04:00,20.009000778198242,20.149999618530273,20.009000778198242,20.149999618530273,7600,0.0,0.0
2022-10-06 12:30:00-04:00,20.139999389648438,20.18000030517578,20.100000381469727,20.1299991607666,6118,0.0,0.0
2022-10-06 13:30:00-04:00,20.155000686645508,20.184999465942383,20.06999969482422,20.1200008392334,21049,0.0,0.0
2022-10-06 14:30:00-04:00,20.059999465942383,20.059999465942383,19.8700008392334,20.0,11323,0.0,0.0
2022-10-06 15:30:00-04:00,19.985000610351562,19.985000610351562,19.81999969482422,19.90999984741211,24926,0.0,0.0
2022-10-07 09:30:00-04:00,19.709999084472656,19.709999084472656,19.34000015258789,19.56999969482422,8836,0.0,0.0
2022-10-07 10:30:00-04:00,19.559999465942383,19.6299991607666,19.389999389648438,19.40999984741211,5541,0.0,0.0
2022-10-07 11:30:00-04:00,19.43000030517578,19.459999084472656,19.290000915527344,19.40999984741211,8180,0.0,0.0
2022-10-07 12:30:00-04:00,19.440000534057617,19.545000076293945,19.360000610351562,19.530000686645508,9861,0.0,0.0
2022-10-07 13:30:00-04:00,19.530000686645508,19.594200134277344,19.530000686645508,19.53499984741211,4756,0.0,0.0
2022-10-07 14:30:00-04:00,19.530000686645508,19.55500030517578,19.389999389648438,19.395000457763672,8425,0.0,0.0
2022-10-07 15:30:00-04:00,19.389999389648438,19.639999389648438,19.3799991607666,19.600000381469727,33361,0.0,0.0
2022-10-10 09:30:00-04:00,19.770000457763672,19.899999618530273,19.559999465942383,19.790000915527344,32674,0.0,0.0
2022-10-10 10:30:00-04:00,19.780000686645508,19.8700008392334,19.75,19.84000015258789,16424,0.0,0.0
2022-10-10 11:30:00-04:00,19.84000015258789,19.889999389648438,19.756500244140625,19.756500244140625,11760,0.0,0.0
2022-10-10 12:30:00-04:00,19.75,19.780000686645508,19.709999084472656,19.729999542236328,13743,0.0,0.0
2022-10-10 13:30:00-04:00,19.760000228881836,20.09000015258789,19.75,19.959999084472656,21016,0.0,0.0
2022-10-10 14:30:00-04:00,20.010000228881836,20.1200008392334,20.010000228881836,20.110000610351562,16393,0.0,0.0
2022-10-10 15:30:00-04:00,20.1200008392334,20.229999542236328,20.1200008392334,20.209999084472656,27534,0.0,0.0
2022-10-11 09:30:00-04:00,20.059999465942383,20.709999084472656,20.059999465942383,20.709999084472656,56425,0.0,0.0
2022-10-11 10:30:00-04:00,20.721500396728516,20.894800186157227,20.629100799560547,20.709999084472656,56638,0.0,0.0
2022-10-11 11:30:00-04:00,20.760000228881836,20.799999237060547,20.350000381469727,20.459999084472656,28402,0.0,0.0
2022-10-11 12:30:00-04:00,20.499900817871094,20.6299991607666,20.459999084472656,20.549999237060547,19987,0.0,0.0
2022-10-11 13:30:00-04:00,20.530000686645508,20.59000015258789,20.520000457763672,20.575000762939453,11159,0.0,0.0
2022-10-11 14:30:00-04:00,20.559999465942383,20.6299991607666,20.260000228881836,20.309999465942383,19204,0.0,0.0
2022-10-11 15:30:00-04:00,20.309999465942383,20.3700008392334,20.260000228881836,20.34000015258789,56774,0.0,0.0
2022-10-12 09:30:00-04:00,20.459999084472656,20.704999923706055,20.34000015258789,20.691600799560547,26903,0.0,0.0
2022-10-12 10:30:00-04:00,20.670000076293945,20.809999465942383,20.635000228881836,20.690000534057617,23066,0.0,0.0
2022-10-12 11:30:00-04:00,20.700000762939453,20.709999084472656,20.56999969482422,20.56999969482422,17711,0.0,0.0
2022-10-12 12:30:00-04:00,20.56999969482422,20.649999618530273,20.510000228881836,20.645000457763672,38429,0.0,0.0
2022-10-12 13:30:00-04:00,20.639999389648438,20.700000762939453,20.559999465942383,20.700000762939453,60309,0.0,0.0
2022-10-12 14:30:00-04:00,20.700000762939453,21.0,20.700000762939453,20.899999618530273,27141,0.0,0.0
2022-10-12 15:30:00-04:00,20.889999389648438,21.0,20.8700008392334,20.959999084472656,28401,0.0,0.0
2022-10-13 09:30:00-04:00,20.59000015258789,21.005199432373047,20.389999389648438,20.940000534057617,19651,0.0,0.0
2022-10-13 10:30:00-04:00,20.940000534057617,21.266700744628906,20.90999984741211,21.266700744628906,45924,0.0,0.0
2022-10-13 11:30:00-04:00,21.25,21.450000762939453,21.03499984741211,21.03499984741211,19499,0.0,0.0
2022-10-13 12:30:00-04:00,21.03499984741211,21.170000076293945,20.954999923706055,21.15999984741211,19730,0.0,0.0
2022-10-13 13:30:00-04:00,21.15999984741211,21.260000228881836,21.1200008392334,21.170000076293945,17397,0.0,0.0
2022-10-13 14:30:00-04:00,21.18000030517578,21.479999542236328,21.18000030517578,21.309999465942383,22316,0.0,0.0
2022-10-13 15:30:00-04:00,21.299999237060547,21.31999969482422,21.209999084472656,21.219999313354492,38407,0.0,0.0
2022-10-14 09:30:00-04:00,21.25,21.25,20.690000534057617,20.725000381469727,19862,0.0,0.0
2022-10-14 10:30:00-04:00,20.760000228881836,21.030000686645508,20.760000228881836,21.030000686645508,11628,0.0,0.0
2022-10-14 11:30:00-04:00,20.9950008392334,20.9950008392334,20.549999237060547,20.600000381469727,12498,0.0,0.0
2022-10-14 12:30:00-04:00,20.6200008392334,20.6200008392334,20.3700008392334,20.3700008392334,13258,0.0,0.0
2022-10-14 13:30:00-04:00,20.43000030517578,20.5,20.309999465942383,20.34000015258789,13514,0.0,0.0
2022-10-14 14:30:00-04:00,20.350000381469727,20.46500015258789,20.31999969482422,20.450000762939453,22578,0.0,0.0
2022-10-14 15:30:00-04:00,20.450000762939453,20.489999771118164,20.200000762939453,20.219999313354492,18980,0.0,0.0
2022-10-17 09:30:00-04:00,20.614999771118164,20.739999771118164,20.399999618530273,20.579999923706055,16861,0.0,0.0
2022-10-17 10:30:00-04:00,20.549999237060547,20.565000534057617,20.209999084472656,20.459999084472656,14875,0.0,0.0
2022-10-17 11:30:00-04:00,20.459999084472656,20.65999984741211,20.43000030517578,20.639999389648438,8547,0.0,0.0
2022-10-17 12:30:00-04:00,20.610000610351562,20.719999313354492,20.610000610351562,20.639999389648438,8974,0.0,0.0
2022-10-17 13:30:00-04:00,20.6299991607666,20.649999618530273,20.510000228881836,20.530000686645508,10834,0.0,0.0
2022-10-17 14:30:00-04:00,20.549999237060547,20.684999465942383,20.549999237060547,20.635000228881836,11952,0.0,0.0
2022-10-17 15:30:00-04:00,20.639999389648438,20.68000030517578,20.549999237060547,20.56999969482422,15260,0.0,0.0
2022-10-18 09:30:00-04:00,20.950000762939453,21.149999618530273,20.809999465942383,20.989999771118164,8935,0.0,0.0
2022-10-18 10:30:00-04:00,21.0,21.309999465942383,21.0,21.170000076293945,17467,0.0,0.0
2022-10-18 11:30:00-04:00,21.170000076293945,21.209999084472656,21.09000015258789,21.209999084472656,8027,0.0,0.0
2022-10-18 12:30:00-04:00,21.229999542236328,21.3700008392334,21.219999313354492,21.239999771118164,11215,0.0,0.0
2022-10-18 13:30:00-04:00,21.260000228881836,21.299999237060547,21.239999771118164,21.2450008392334,11339,0.0,0.0
2022-10-18 14:30:00-04:00,21.229999542236328,21.229999542236328,21.0,21.114999771118164,11748,0.0,0.0
2022-10-18 15:30:00-04:00,21.110000610351562,21.260000228881836,21.104999542236328,21.239999771118164,25650,0.0,0.0
2022-10-19 09:30:00-04:00,21.0,21.270000457763672,20.334999084472656,20.420000076293945,10073,0.0,0.0
2022-10-19 10:30:00-04:00,20.350000381469727,20.389999389648438,20.059999465942383,20.059999465942383,8044,0.0,0.0
2022-10-19 11:30:00-04:00,20.040000915527344,20.200000762939453,19.950000762939453,20.094499588012695,13245,0.0,0.0
2022-10-19 12:30:00-04:00,20.1200008392334,20.1299991607666,19.93000030517578,20.059999465942383,15114,0.0,0.0
2022-10-19 13:30:00-04:00,20.110000610351562,20.290000915527344,20.059999465942383,20.290000915527344,6750,0.0,0.0
2022-10-19 14:30:00-04:00,20.34000015258789,20.415000915527344,20.30500030517578,20.31999969482422,7157,0.0,0.0
2022-10-19 15:30:00-04:00,20.295000076293945,20.459999084472656,20.290000915527344,20.420000076293945,19159,0.0,0.0
2022-10-20 09:30:00-04:00,20.520000457763672,20.719999313354492,20.334999084472656,20.59000015258789,3871,0.0,0.0
2022-10-20 10:30:00-04:00,20.700000762939453,20.700000762939453,20.389999389648438,20.389999389648438,3238,0.0,0.0
2022-10-20 11:30:00-04:00,20.360000610351562,20.540000915527344,20.235000610351562,20.235000610351562,5604,0.0,0.0
2022-10-20 12:30:00-04:00,20.190000534057617,20.239999771118164,20.1299991607666,20.1299991607666,4836,0.0,0.0
2022-10-20 13:30:00-04:00,20.15999984741211,20.229999542236328,20.110000610351562,20.110000610351562,3558,0.0,0.0
2022-10-20 14:30:00-04:00,20.155000686645508,20.375,20.155000686645508,20.209999084472656,11477,0.0,0.0
2022-10-20 15:30:00-04:00,20.18000030517578,20.3799991607666,20.174999237060547,20.360000610351562,19953,0.0,0.0
2022-10-21 09:30:00-04:00,20.520000457763672,20.739999771118164,20.350000381469727,20.434999465942383,6486,0.0,0.0
2022-10-21 10:30:00-04:00,20.44499969482422,20.59000015258789,20.290000915527344,20.579999923706055,4880,0.0,0.0
2022-10-21 11:30:00-04:00,20.600000381469727,20.739999771118164,20.572999954223633,20.729999542236328,5885,0.0,0.0
2022-10-21 12:30:00-04:00,20.6299991607666,20.815000534057617,20.6299991607666,20.650299072265625,6275,0.0,0.0
2022-10-21 13:30:00-04:00,20.674999237060547,20.690000534057617,20.454999923706055,20.5,9944,0.0,0.0
2022-10-21 14:30:00-04:00,20.5,20.524999618530273,20.31999969482422,20.5,15988,0.0,0.0
2022-10-21 15:30:00-04:00,20.5,20.579999923706055,20.450000762939453,20.579999923706055,29122,0.0,0.0
2022-10-24 09:30:00-04:00,20.799999237060547,20.94029998779297,20.520000457763672,20.795000076293945,5554,0.0,0.0
2022-10-24 10:30:00-04:00,20.799999237060547,21.040000915527344,20.799999237060547,20.947399139404297,3552,0.0,0.0
2022-10-24 11:30:00-04:00,21.030000686645508,21.06999969482422,20.934999465942383,20.959999084472656,9654,0.0,0.0
2022-10-24 12:30:00-04:00,20.90999984741211,20.93000030517578,20.76259994506836,20.84000015258789,3656,0.0,0.0
2022-10-24 13:30:00-04:00,20.829999923706055,20.979999542236328,20.829999923706055,20.979999542236328,3740,0.0,0.0
2022-10-24 14:30:00-04:00,20.979999542236328,21.010000228881836,20.940000534057617,20.940000534057617,5128,0.0,0.0
2022-10-24 15:30:00-04:00,20.959999084472656,21.0,20.93000030517578,20.950000762939453,12336,0.0,0.0
2022-10-25 09:30:00-04:00,20.850000381469727,21.139999389648438,20.760000228881836,21.049999237060547,11660,0.0,0.0
2022-10-25 10:30:00-04:00,21.049999237060547,21.5,21.049999237060547,21.459999084472656,25279,0.0,0.0
2022-10-25 11:30:00-04:00,21.350000381469727,21.469999313354492,21.344999313354492,21.399999618530273,3716,0.0,0.0
2022-10-25 12:30:00-04:00,21.5,21.5,21.389999389648438,21.454999923706055,3858,0.0,0.0
2022-10-25 13:30:00-04:00,21.510000228881836,21.600000381469727,21.44499969482422,21.5,4335,0.0,0.0
2022-10-25 14:30:00-04:00,21.5,21.6200008392334,21.489999771118164,21.540000915527344,12523,0.0,0.0
2022-10-25 15:30:00-04:00,21.540000915527344,21.639999389648438,21.540000915527344,21.56999969482422,17253,0.0,0.0
2022-10-26 09:30:00-04:00,21.770000457763672,21.969999313354492,21.360000610351562,21.579999923706055,11029,0.0,0.0
2022-10-26 10:30:00-04:00,21.719999313354492,22.0,21.719999313354492,21.915000915527344,22805,0.0,0.0
2022-10-26 11:30:00-04:00,21.901599884033203,22.239999771118164,21.901599884033203,22.219999313354492,3461,0.0,0.0
2022-10-26 12:30:00-04:00,22.170000076293945,22.299999237060547,22.0,22.209999084472656,7926,0.0,0.0
2022-10-26 13:30:00-04:00,22.15999984741211,22.325000762939453,22.145000457763672,22.299999237060547,2969,0.0,0.0
2022-10-26 14:30:00-04:00,22.219999313354492,22.290000915527344,22.079999923706055,22.110000610351562,8666,0.0,0.0
2022-10-26 15:30:00-04:00,22.125,22.125,21.899999618530273,21.899999618530273,18544,0.0,0.0
2022-10-27 09:30:00-04:00,22.25,22.270000457763672,21.836000442504883,21.90999984741211,9666,0.0,0.0
2022-10-27 10:30:00-04:00,21.920000076293945,21.920000076293945,21.584999084472656,21.834999084472656,8247,0.0,0.0
2022-10-27 11:30:00-04:00,21.809999465942383,22.140199661254883,21.729999542236328,21.899999618530273,11109,0.0,0.0
2022-10-27 12:30:00-04:00,21.8700008392334,22.079999923706055,21.860000610351562,21.920000076293945,12913,0.0,0.0
2022-10-27 13:30:00-04:00,21.959999084472656,21.959999084472656,21.770099639892578,21.84000015258789,7544,0.0,0.0
2022-10-27 14:30:00-04:00,21.829999923706055,21.834999084472656,21.59000015258789,21.690000534057617,10641,0.0,0.0
2022-10-27 15:30:00-04:00,21.709999084472656,21.729999542236328,21.59000015258789,21.600000381469727,14683,0.0,0.0
2022-10-28 09:30:00-04:00,21.549999237060547,21.760000228881836,21.299999237060547,21.524999618530273,8741,0.0,0.0
2022-10-28 10:30:00-04:00,21.559999465942383,21.625,21.540000915527344,21.549999237060547,5130,0.0,0.0
2022-10-28 11:30:00-04:00,21.639999389648438,21.739999771118164,21.540000915527344,21.69499969482422,13886,0.0,0.0
2022-10-28 12:30:00-04:00,21.670000076293945,21.81999969482422,21.6200008392334,21.739999771118164,11460,0.0,0.0
2022-10-28 13:30:00-04:00,21.764999389648438,21.799999237060547,21.68000030517578,21.700000762939453,19924,0.0,0.0
2022-10-28 14:30:00-04:00,21.700000762939453,22.149999618530273,21.700000762939453,22.1299991607666,21149,0.0,0.0
2022-10-28 15:30:00-04:00,22.100000381469727,22.100000381469727,21.860000610351562,21.90999984741211,11983,0.0,0.0
2022-10-31 09:30:00-04:00,21.93000030517578,22.280000686645508,21.71500015258789,21.860000610351562,3900,0.0,0.0
2022-10-31 10:30:00-04:00,21.940000534057617,21.989999771118164,21.760000228881836,21.989999771118164,4638,0.0,0.0
2022-10-31 11:30:00-04:00,21.989999771118164,22.079999923706055,21.979999542236328,21.979999542236328,6549,0.0,0.0
2022-10-31 12:30:00-04:00,22.0,22.049999237060547,21.979999542236328,22.049999237060547,3095,0.0,0.0
2022-10-31 13:30:00-04:00,22.09000015258789,22.09000015258789,22.010000228881836,22.010000228881836,1659,0.0,0.0
2022-10-31 14:30:00-04:00,21.979999542236328,21.979999542236328,21.885000228881836,21.940000534057617,4042,0.0,0.0
2022-10-31 15:30:00-04:00,21.924999237060547,21.924999237060547,21.770000457763672,21.799999237060547,7186,0.0,0.0
2022-11-01 09:30:00-04:00,21.6200008392334,22.09000015258789,21.6200008392334,21.950000762939453,17998,0.0,0.0
2022-11-01 10:30:00-04:00,22.010000228881836,22.145000457763672,21.9950008392334,22.040000915527344,5782,0.0,0.0
2022-11-01 11:30:00-04:00,22.079999923706055,22.18000030517578,22.040000915527344,22.040000915527344,5548,0.0,0.0
2022-11-01 12:30:00-04:00,22.079999923706055,22.274999618530273,22.079999923706055,22.110000610351562,4071,0.0,0.0
2022-11-01 13:30:00-04:00,22.15999984741211,22.329999923706055,22.135000228881836,22.280000686645508,5694,0.0,0.0
2022-11-01 14:30:00-04:00,22.200000762939453,22.200000762939453,22.0,22.0,9180,0.0,0.0
2022-11-01 15:30:00-04:00,22.039100646972656,22.1200008392334,21.989999771118164,22.1200008392334,9911,0.0,0.0
2022-11-02 09:30:00-04:00,22.079999923706055,22.079999923706055,21.768699645996094,22.020000457763672,5128,0.0,0.0
2022-11-02 10:30:00-04:00,22.079999923706055,22.084999084472656,21.940000534057617,21.975000381469727,7846,0.0,0.0
2022-11-02 11:30:00-04:00,21.979999542236328,22.0,21.780000686645508,21.790000915527344,10317,0.0,0.0
2022-11-02 12:30:00-04:00,21.790000915527344,21.84000015258789,21.75,21.832700729370117,3787,0.0,0.0
2022-11-02 13:30:00-04:00,21.84000015258789,22.170000076293945,21.84000015258789,21.950000762939453,16404,0.0,0.0
2022-11-02 14:30:00-04:00,21.989999771118164,22.0,21.200000762939453,21.200000762939453,13767,0.0,0.0
2022-11-02 15:30:00-04:00,21.18000030517578,21.229999542236328,21.030000686645508,21.049999237060547,10593,0.0,0.0
2022-11-03 09:30:00-04:00,20.75,20.8700008392334,20.309999465942383,20.760000228881836,8414,0.0,0.0
2022-11-03 10:30:00-04:00,20.934999465942383,21.06999969482422,20.899999618530273,21.020000457763672,6311,0.0,0.0
2022-11-03 11:30:00-04:00,20.8799991607666,21.290000915527344,20.8799991607666,21.290000915527344,2961,0.0,0.0
2022-11-03 12:30:00-04:00,21.3799991607666,21.394699096679688,21.309600830078125,21.31999969482422,2698,0.0,0.0
2022-11-03 13:30:00-04:00,21.18000030517578,21.315000534057617,21.155000686645508,21.315000534057617,2680,0.0,0.0
2022-11-03 14:30:00-04:00,21.31999969482422,21.350000381469727,21.239999771118164,21.350000381469727,8849,0.0,0.0
2022-11-03 15:30:00-04:00,21.334999084472656,21.360000610351562,21.1299991607666,21.139999389648438,11310,0.0,0.0
2022-11-04 09:30:00-04:00,21.469999313354492,21.709999084472656,21.100000381469727,21.700000762939453,2406,0.0,0.0
2022-11-04 10:30:00-04:00,21.770000457763672,21.969999313354492,21.729999542236328,21.950000762939453,5854,0.0,0.0
2022-11-04 11:30:00-04:00,21.979999542236328,22.024999618530273,21.56999969482422,21.850000381469727,16786,0.0,0.0
2022-11-04 12:30:00-04:00,21.78499984741211,21.809900283813477,21.600000381469727,21.739999771118164,9992,0.0,0.0
2022-11-04 13:30:00-04:00,21.760000228881836,21.790000915527344,21.649999618530273,21.790000915527344,9003,0.0,0.0
2022-11-04 14:30:00-04:00,21.774999618530273,21.899999618530273,21.729999542236328,21.8799991607666,11898,0.0,0.0
2022-11-04 15:30:00-04:00,21.850000381469727,22.0,21.780000686645508,22.0,25039,0.0,0.0
2022-11-07 09:30:00-05:00,21.860000610351562,21.860000610351562,21.450000762939453,21.710800170898438,7390,0.0,0.0
2022-11-07 10:30:00-05:00,21.719999313354492,21.969999313354492,21.719999313354492,21.901500701904297,5877,0.0,0.0
2022-11-07 11:30:00-05:00,21.940000534057617,21.940000534057617,21.670000076293945,21.709999084472656,20292,0.0,0.0
2022-11-07 12:30:00-05:00,21.709999084472656,21.950000762939453,21.65999984741211,21.864999771118164,12375,0.0,0.0
2022-11-07 13:30:00-05:00,21.844999313354492,21.989999771118164,21.770000457763672,21.989999771118164,11635,0.0,0.0
2022-11-07 14:30:00-05:00,21.954999923706055,22.09000015258789,21.940000534057617,21.954999923706055,15823,0.0,0.0
2022-11-07 15:30:00-05:00,21.954999923706055,22.170000076293945,21.92099952697754,22.100000381469727,34885,0.0,0.0
2022-11-08 09:30:00-05:00,22.31999969482422,22.329999923706055,22.0,22.309999465942383,16375,0.0,0.0
2022-11-08 10:30:00-05:00,22.329999923706055,22.670000076293945,22.309999465942383,22.645000457763672,21075,0.0,0.0
2022-11-08 11:30:00-05:00,22.690000534057617,22.690000534057617,22.579999923706055,22.68000030517578,5272,0.0,0.0
2022-11-08 12:30:00-05:00,22.81999969482422,22.940000534057617,22.68000030517578,22.68000030517578,5691,0.0,0.0
2022-11-08 13:30:00-05:00,22.670000076293945,22.940000534057617,22.670000076293945,22.8799991607666,16020,0.0,0.0
2022-11-08 14:30:00-05:00,22.8700008392334,23.0,22.850000381469727,23.0,11293,0.0,0.0
2022-11-08 15:30:00-05:00,23.010000228881836,23.125,22.850000381469727,22.90999984741211,22205,0.0,0.0
2022-11-09 09:30:00-05:00,23.0,23.489999771118164,22.785999298095703,22.834999084472656,39170,0.0,0.0
2022-11-09 10:30:00-05:00,22.850000381469727,22.959999084472656,22.770000457763672,22.940000534057617,4703,0.0,0.0
2022-11-09 11:30:00-05:00,22.850000381469727,23.030000686645508,22.799999237060547,23.030000686645508,14061,0.0,0.0
2022-11-09 12:30:00-05:00,22.969999313354492,23.100000381469727,22.93000030517578,22.989999771118164,28008,0.0,0.0
2022-11-09 13:30:00-05:00,22.979999542236328,22.989999771118164,22.871999740600586,22.934999465942383,12105,0.0,0.0
2022-11-09 14:30:00-05:00,22.950000762939453,23.0,22.84000015258789,22.905000686645508,21397,0.0,0.0
2022-11-09 15:30:00-05:00,22.882699966430664,22.90999984741211,22.639999389648438,22.709999084472656,37522,0.0,0.0
2022-11-10 09:30:00-05:00,23.809999465942383,24.475000381469727,23.809999465942383,24.475000381469727,61171,0.0,0.0
2022-11-10 10:30:00-05:00,24.559999465942383,24.959999084472656,24.530000686645508,24.770000457763672,34625,0.0,0.0
2022-11-10 11:30:00-05:00,24.770000457763672,24.770000457763672,24.25,24.329999923706055,19513,0.0,0.0
2022-11-10 12:30:00-05:00,24.31999969482422,24.399999618530273,24.209999084472656,24.299999237060547,17960,0.0,0.0
2022-11-10 13:30:00-05:00,24.299999237060547,24.920000076293945,24.299999237060547,24.889999389648438,26126,0.0,0.0
2022-11-10 14:30:00-05:00,24.8799991607666,25.290000915527344,24.8612003326416,25.219999313354492,16596,0.0,0.0
2022-11-10 15:30:00-05:00,25.21500015258789,25.270000457763672,25.059999465942383,25.059999465942383,21064,0.0,0.0
2022-11-11 09:30:00-05:00,25.219999313354492,25.920000076293945,25.15999984741211,25.899999618530273,9082,0.0,0.0
2022-11-11 10:30:00-05:00,25.809999465942383,25.809999465942383,25.290000915527344,25.510000228881836,13894,0.0,0.0
2022-11-11 11:30:00-05:00,25.440000534057617,25.75,25.3700008392334,25.594999313354492,9818,0.0,0.0
2022-11-11 12:30:00-05:00,25.594999313354492,25.84000015258789,25.510000228881836,25.84000015258789,7202,0.0,0.0
2022-11-11 13:30:00-05:00,25.854999542236328,26.100000381469727,25.81999969482422,25.954999923706055,10684,0.0,0.0
2022-11-11 14:30:00-05:00,26.010000228881836,26.18400001525879,25.969999313354492,26.040000915527344,14295,0.0,0.0
2022-11-11 15:30:00-05:00,26.023799896240234,26.023799896240234,25.670000076293945,25.75,31193,0.0,0.0
2022-11-14 09:30:00-05:00,25.329999923706055,25.549999237060547,25.020000457763672,25.270000457763672,11709,0.0,0.0
2022-11-14 10:30:00-05:00,25.225000381469727,25.690000534057617,25.170000076293945,25.360000610351562,8679,0.0,0.0
2022-11-14 11:30:00-05:00,25.329999923706055,25.459999084472656,25.219999313354492,25.364999771118164,5749,0.0,0.0
2022-11-14 12:30:00-05:00,25.364999771118164,25.364999771118164,25.209999084472656,25.260000228881836,9915,0.0,0.0
2022-11-14 13:30:00-05:00,25.290000915527344,25.3700008392334,25.145000457763672,25.190000534057617,14138,0.0,0.0
2022-11-14 14:30:00-05:00,25.174999237060547,25.260000228881836,25.06999969482422,25.135000228881836,29349,0.0,0.0
2022-11-14 15:30:00-05:00,25.110000610351562,25.15999984741211,24.93000030517578,25.0,26930,0.0,0.0
2022-11-15 09:30:00-05:00,25.43000030517578,25.649999618530273,25.25,25.649999618530273,9013,0.0,0.0
2022-11-15 10:30:00-05:00,25.739999771118164,25.93000030517578,25.510000228881836,25.575000762939453,16530,0.0,0.0
2022-11-15 11:30:00-05:00,25.6200008392334,25.860000610351562,25.6200008392334,25.709999084472656,6319,0.0,0.0
2022-11-15 12:30:00-05:00,25.65999984741211,25.75,25.329999923706055,25.329999923706055,9323,0.0,0.0
2022-11-15 13:30:00-05:00,25.25,25.350000381469727,25.016000747680664,25.320999145507812,20399,0.0,0.0
2022-11-15 14:30:00-05:00,25.329999923706055,25.489999771118164,25.25,25.290000915527344,11477,0.0,0.0
2022-11-15 15:30:00-05:00,25.270000457763672,25.479999542236328,25.200000762939453,25.239999771118164,33093,0.0,0.0
2022-11-16 09:30:00-05:00,25.06999969482422,25.06999969482422,24.799999237060547,25.010000228881836,8019,0.0,0.0
2022-11-16 10:30:00-05:00,25.045000076293945,25.15999984741211,24.729999542236328,24.850000381469727,4862,0.0,0.0
2022-11-16 11:30:00-05:00,24.979999542236328,25.15999984741211,24.8700008392334,25.15999984741211,2752,0.0,0.0
2022-11-16 12:30:00-05:00,25.110000610351562,25.209999084472656,25.084999084472656,25.110000610351562,5168,0.0,0.0
2022-11-16 13:30:00-05:00,25.100000381469727,25.309999465942383,24.704999923706055,24.8799991607666,22965,0.0,0.0
2022-11-16 14:30:00-05:00,24.889999389648438,24.899999618530273,24.6299991607666,24.709999084472656,32511,0.0,0.0
2022-11-16 15:30:00-05:00,24.709999084472656,24.760000228881836,24.450000762939453,24.549999237060547,46714,0.0,0.0
2022-11-17 09:30:00-05:00,24.600000381469727,24.71500015258789,24.139999389648438,24.71500015258789,5769,0.0,0.0
2022-11-17 10:30:00-05:00,24.719999313354492,24.719999313354492,24.350000381469727,24.450000762939453,10196,0.0,0.0
2022-11-17 11:30:00-05:00,24.450000762939453,24.549999237060547,24.351900100708008,24.469999313354492,8477,0.0,0.0
2022-11-17 12:30:00-05:00,24.389999389648438,24.709999084472656,24.3700008392334,24.655000686645508,5488,0.0,0.0
2022-11-17 13:30:00-05:00,24.655000686645508,24.655000686645508,24.40999984741211,24.489999771118164,8519,0.0,0.0
2022-11-17 14:30:00-05:00,24.4950008392334,24.700000762939453,24.450000762939453,24.549999237060547,9709,0.0,0.0
2022-11-17 15:30:00-05:00,24.549999237060547,24.729999542236328,24.549999237060547,24.700000762939453,15903,0.0,0.0
2022-11-18 09:30:00-05:00,25.280000686645508,25.309999465942383,25.09000015258789,25.209999084472656,11476,0.0,0.0
2022-11-18 10:30:00-05:00,25.209999084472656,25.209999084472656,24.8799991607666,24.900400161743164,3994,0.0,0.0
2022-11-18 11:30:00-05:00,24.940000534057617,25.020000457763672,24.8700008392334,24.969999313354492,5201,0.0,0.0
2022-11-18 12:30:00-05:00,24.989999771118164,25.1200008392334,24.940000534057617,24.940000534057617,4383,0.0,0.0
2022-11-18 13:30:00-05:00,24.950700759887695,24.959999084472656,24.915000915527344,24.959999084472656,2844,0.0,0.0
2022-11-18 14:30:00-05:00,25.040000915527344,25.18000030517578,24.950000762939453,25.18000030517578,5826,0.0,0.0
2022-11-18 15:30:00-05:00,25.200000762939453,25.34000015258789,25.170000076293945,25.31999969482422,16076,0.0,0.0
2022-11-21 09:30:00-05:00,25.280000686645508,25.280000686645508,24.959999084472656,24.959999084472656,1412,0.0,0.0
2022-11-21 10:30:00-05:00,25.010000228881836,25.09000015258789,24.94499969482422,25.09000015258789,3048,0.0,0.0
2022-11-21 11:30:00-05:00,25.139999389648438,25.30500030517578,25.06999969482422,25.260000228881836,6570,0.0,0.0
2022-11-21 12:30:00-05:00,25.309999465942383,25.40999984741211,25.049999237060547,25.049999237060547,8314,0.0,0.0
2022-11-21 13:30:00-05:00,25.040000915527344,25.09000015258789,24.90999984741211,24.969999313354492,5112,0.0,0.0
2022-11-21 14:30:00-05:00,24.94499969482422,25.030000686645508,24.78499984741211,24.799999237060547,6474,0.0,0.0
2022-11-21 15:30:00-05:00,24.799999237060547,24.885000228881836,24.75,24.799999237060547,19869,0.0,0.0
2022-11-22 09:30:00-05:00,24.8700008392334,25.145000457763672,24.760000228881836,25.145000457763672,7264,0.0,0.0
2022-11-22 10:30:00-05:00,25.145000457763672,25.145000457763672,24.68000030517578,24.829999923706055,23684,0.0,0.0
2022-11-22 11:30:00-05:00,24.829999923706055,24.860000610351562,24.65999984741211,24.799999237060547,9178,0.0,0.0
2022-11-22 12:30:00-05:00,24.809999465942383,24.93000030517578,24.719999313354492,24.81999969482422,7649,0.0,0.0
2022-11-22 13:30:00-05:00,24.864999771118164,25.079999923706055,24.864999771118164,24.989999771118164,6110,0.0,0.0
2022-11-22 14:30:00-05:00,24.979999542236328,25.084999084472656,24.920000076293945,25.030000686645508,8948,0.0,0.0
2022-11-22 15:30:00-05:00,25.020000457763672,25.299999237060547,24.979999542236328,25.290000915527344,22912,0.0,0.0
2022-11-23 09:30:00-05:00,25.34000015258789,25.639999389648438,25.32550048828125,25.450000762939453,4856,0.0,0.0
2022-11-23 10:30:00-05:00,25.440000534057617,25.440000534057617,25.209999084472656,25.209999084472656,3724,0.0,0.0
2022-11-23 11:30:00-05:00,25.239999771118164,25.239999771118164,25.135000228881836,25.190000534057617,2284,0.0,0.0
2022-11-23 12:30:00-05:00,25.065000534057617,25.100000381469727,25.049999237060547,25.100000381469727,1501,0.0,0.0
2022-11-23 13:30:00-05:00,25.18000030517578,25.31999969482422,25.1299991607666,25.25,3799,0.0,0.0
2022-11-23 14:30:00-05:00,25.219999313354492,25.219999313354492,25.030000686645508,25.030000686645508,11943,0.0,0.0
2022-11-23 15:30:00-05:00,25.049999237060547,25.084999084472656,24.950000762939453,25.020000457763672,14808,0.0,0.0
2022-11-25 09:30:00-05:00,25.1299991607666,25.459999084472656,25.030000686645508,25.290000915527344,4701,0.0,0.0
2022-11-25 10:30:00-05:00,25.260000228881836,25.299999237060547,25.100000381469727,25.1299991607666,3931,0.0,0.0
2022-11-25 11:30:00-05:00,25.059999465942383,25.354999542236328,25.059999465942383,25.149999618530273,5641,0.0,0.0
2022-11-28 09:30:00-05:00,25.059999465942383,25.299999237060547,25.059999465942383,25.299999237060547,12463,0.0,0.0
2022-11-28 10:30:00-05:00,25.299999237060547,25.440000534057617,25.1299991607666,25.270000457763672,24766,0.0,0.0
2022-11-28 11:30:00-05:00,25.270000457763672,25.510000228881836,25.260000228881836,25.3700008392334,12728,0.0,0.0
2022-11-28 12:30:00-05:00,25.3700008392334,25.420000076293945,25.315000534057617,25.364999771118164,11307,0.0,0.0
2022-11-28 13:30:00-05:00,25.399999618530273,25.450000762939453,25.31999969482422,25.389999389648438,6405,0.0,0.0
2022-11-28 14:30:00-05:00,25.40999984741211,25.540000915527344,25.280000686645508,25.280000686645508,13498,0.0,0.0
2022-11-28 15:30:00-05:00,25.270000457763672,25.290000915527344,25.100000381469727,25.1299991607666,32314,0.0,0.0
2022-11-29 09:30:00-05:00,25.219999313354492,25.670000076293945,25.18000030517578,25.46150016784668,7404,0.0,0.0
2022-11-29 10:30:00-05:00,25.469999313354492,25.690000534057617,25.325000762939453,25.389999389648438,9671,0.0,0.0
2022-11-29 11:30:00-05:00,25.299999237060547,25.575000762939453,25.25,25.520000457763672,5625,0.0,0.0
2022-11-29 12:30:00-05:00,25.53499984741211,25.584999084472656,25.524999618530273,25.524999618530273,2413,0.0,0.0
2022-11-29 13:30:00-05:00,25.540000915527344,25.565000534057617,25.31999969482422,25.31999969482422,5325,0.0,0.0
2022-11-29 14:30:00-05:00,25.299999237060547,25.520000457763672,25.299999237060547,25.385000228881836,6124,0.0,0.0
2022-11-29 15:30:00-05:00,25.389999389648438,25.510000228881836,25.3799991607666,25.440000534057617,9881,0.0,0.0
2022-11-30 09:30:00-05:00,25.399999618530273,25.540000915527344,25.018699645996094,25.170000076293945,2532,0.0,0.0
2022-11-30 10:30:00-05:00,25.344999313354492,25.350000381469727,25.200000762939453,25.30500030517578,1448,0.0,0.0
2022-11-30 11:30:00-05:00,25.309999465942383,25.309999465942383,25.139999389648438,25.190000534057617,3666,0.0,0.0
2022-11-30 12:30:00-05:00,25.1200008392334,25.200000762939453,25.1200008392334,25.16349983215332,1188,0.0,0.0
2022-11-30 13:30:00-05:00,25.200000762939453,25.829999923706055,25.200000762939453,25.700000762939453,5599,0.0,0.0
2022-11-30 14:30:00-05:00,25.65999984741211,25.829999923706055,25.56999969482422,25.829999923706055,5636,0.0,0.0
2022-11-30 15:30:00-05:00,25.809900283813477,25.829999923706055,25.65999984741211,25.700000762939453,16696,0.0,0.0
2022-12-01 09:30:00-05:00,25.790000915527344,26.040000915527344,25.6299991607666,25.774999618530273,11036,0.0,0.0
2022-12-01 10:30:00-05:00,25.774999618530273,25.989999771118164,25.760000228881836,25.989999771118164,5628,0.0,0.0
2022-12-01 11:30:00-05:00,25.844200134277344,26.024999618530273,25.844200134277344,25.8799991607666,7378,0.0,0.0
2022-12-01 12:30:00-05:00,25.864700317382812,25.864700317382812,25.684999465942383,25.684999465942383,5058,0.0,0.0
2022-12-01 13:30:00-05:00,25.71500015258789,25.860000610351562,25.600000381469727,25.860000610351562,7815,0.0,0.0
2022-12-01 14:30:00-05:00,25.899999618530273,25.899999618530273,25.799999237060547,25.81999969482422,4310,0.0,0.0
2022-12-01 15:30:00-05:00,25.854999542236328,26.079999923706055,25.84510040283203,25.9950008392334,19237,0.0,0.0
2022-12-02 09:30:00-05:00,25.729999542236328,26.190000534057617,25.729999542236328,26.190000534057617,4178,0.0,0.0
2022-12-02 10:30:00-05:00,26.239999771118164,26.239999771118164,26.110000610351562,26.110000610351562,2152,0.0,0.0
2022-12-02 11:30:00-05:00,26.149999618530273,26.3799991607666,26.110000610351562,26.290000915527344,14493,0.0,0.0
2022-12-02 12:30:00-05:00,26.239999771118164,26.270000457763672,26.200000762939453,26.200000762939453,5796,0.0,0.0
2022-12-02 13:30:00-05:00,26.229999542236328,26.260000228881836,26.209999084472656,26.21500015258789,1693,0.0,0.0
2022-12-02 14:30:00-05:00,26.190000534057617,26.520000457763672,26.18000030517578,26.420000076293945,23975,0.0,0.0
2022-12-02 15:30:00-05:00,26.399999618530273,26.510000228881836,26.309999465942383,26.34000015258789,28748,0.0,0.0
2022-12-05 09:30:00-05:00,26.18000030517578,26.239999771118164,25.90999984741211,26.010000228881836,9375,0.0,0.0
2022-12-05 10:30:00-05:00,26.079999923706055,26.190000534057617,25.940000534057617,26.0,10575,0.0,0.0
2022-12-05 11:30:00-05:00,25.997699737548828,26.030000686645508,25.84000015258789,25.989999771118164,5691,0.0,0.0
2022-12-05 12:30:00-05:00,26.0049991607666,26.030000686645508,25.900100708007812,26.010000228881836,13333,0.0,0.0
2022-12-05 13:30:00-05:00,26.0,26.040000915527344,25.969999313354492,25.9950008392334,8735,0.0,0.0
2022-12-05 14:30:00-05:00,25.989999771118164,26.030000686645508,25.920000076293945,25.979999542236328,16075,0.0,0.0
2022-12-05 15:30:00-05:00,26.0,26.0,25.790000915527344,25.81999969482422,31452,0.0,0.0
2022-12-06 09:30:00-05:00,25.760000228881836,26.434999465942383,25.760000228881836,26.049999237060547,19447,0.0,0.0
2022-12-06 10:30:00-05:00,26.040000915527344,26.100000381469727,25.941299438476562,25.985000610351562,11705,0.0,0.0
2022-12-06 11:30:00-05:00,25.969999313354492,26.049999237060547,25.96500015258789,26.03499984741211,8206,0.0,0.0
2022-12-06 12:30:00-05:00,26.06999969482422,26.084999084472656,25.90999984741211,25.950000762939453,11024,0.0,0.0
2022-12-06 13:30:00-05:00,25.90999984741211,26.059999465942383,25.8799991607666,26.020000457763672,9903,0.0,0.0
2022-12-06 14:30:00-05:00,26.049999237060547,26.139999389648438,26.010000228881836,26.040000915527344,10382,0.0,0.0
2022-12-06 15:30:00-05:00,26.049999237060547,26.270000457763672,26.040000915527344,26.198999404907227,17248,0.0,0.0
2022-12-07 09:30:00-05:00,26.139999389648438,26.434999465942383,26.0,26.149999618530273,4944,0.0,0.0
2022-12-07 10:30:00-05:00,26.229999542236328,26.479999542236328,26.170000076293945,26.299999237060547,8220,0.0,0.0
2022-12-07 11:30:00-05:00,26.3700008392334,26.424999237060547,26.200000762939453,26.270000457763672,6965,0.0,0.0
2022-12-07 12:30:00-05:00,26.270000457763672,26.30500030517578,26.200000762939453,26.209999084472656,4438,0.0,0.0
2022-12-07 13:30:00-05:00,26.260000228881836,26.309999465942383,26.1299991607666,26.18000030517578,4683,0.0,0.0
2022-12-07 14:30:00-05:00,26.200000762939453,26.260000228881836,26.1299991607666,26.18000030517578,10815,0.0,0.0
2022-12-07 15:30:00-05:00,26.190000534057617,26.190000534057617,25.979999542236328,26.030000686645508,34674,0.0,0.0
2022-12-08 09:30:00-05:00,26.139999389648438,26.540000915527344,26.110000610351562,26.540000915527344,7422,0.0,0.0
2022-12-08 10:30:00-05:00,26.5,26.600000381469727,26.31999969482422,26.31999969482422,2706,0.0,0.0
2022-12-08 11:30:00-05:00,26.309999465942383,26.389999389648438,26.280000686645508,26.280000686645508,1100,0.0,0.0
2022-12-08 12:30:00-05:00,26.3799991607666,26.3799991607666,26.18899917602539,26.229999542236328,4361,0.0,0.0
2022-12-08 13:30:00-05:00,26.329999923706055,26.469999313354492,26.079999923706055,26.469999313354492,8552,0.0,0.0
2022-12-08 14:30:00-05:00,26.350000381469727,26.405000686645508,26.100000381469727,26.139999389648438,10029,0.0,0.0
2022-12-08 15:30:00-05:00,26.14900016784668,26.238000869750977,26.1033992767334,26.209999084472656,20733,0.0,0.0
2022-12-09 09:30:00-05:00,26.049999237060547,26.475000381469727,26.0,26.170000076293945,15852,0.0,0.0
2022-12-09 10:30:00-05:00,26.190000534057617,26.34000015258789,26.139999389648438,26.190000534057617,7146,0.0,0.0
2022-12-09 11:30:00-05:00,26.219999313354492,26.4950008392334,26.190000534057617,26.190000534057617,5684,0.0,0.0
2022-12-09 12:30:00-05:00,26.139999389648438,26.219999313354492,26.09000015258789,26.18000030517578,4051,0.0,0.0
2022-12-09 13:30:00-05:00,26.219999313354492,26.270000457763672,26.030000686645508,26.06999969482422,7543,0.0,0.0
2022-12-09 14:30:00-05:00,26.06999969482422,26.190000534057617,26.040000915527344,26.145000457763672,7585,0.0,0.0
2022-12-09 15:30:00-05:00,26.1200008392334,26.149999618530273,26.020000457763672,26.020000457763672,21852,0.0,0.0
2022-12-12 09:30:00-05:00,26.1299991607666,26.420000076293945,26.0,26.325000762939453,4836,0.0,0.0
2022-12-12 10:30:00-05:00,26.325000762939453,26.360000610351562,26.200000762939453,26.360000610351562,5912,0.0,0.0
2022-12-12 11:30:00-05:00,26.315000534057617,26.350000381469727,26.19499969482422,26.270000457763672,8328,0.0,0.0
2022-12-12 12:30:00-05:00,26.31999969482422,26.326000213623047,26.139999389648438,26.190000534057617,4551,0.0,0.0
2022-12-12 13:30:00-05:00,26.25,26.299999237060547,26.149999618530273,26.299999237060547,5141,0.0,0.0
2022-12-12 14:30:00-05:00,26.290000915527344,26.469999313354492,26.290000915527344,26.40999984741211,11208,0.0,0.0
2022-12-12 15:30:00-05:00,26.43000030517578,26.450000762939453,26.299999237060547,26.3700008392334,17346,0.0,0.0
2022-12-13 09:30:00-05:00,26.860000610351562,27.440000534057617,26.850000381469727,27.110000610351562,19016,0.0,0.0
2022-12-13 10:30:00-05:00,26.834999084472656,27.020000457763672,26.75,26.889999389648438,4079,0.0,0.0
2022-12-13 11:30:00-05:00,26.8799991607666,26.8799991607666,26.375,26.399999618530273,15400,0.0,0.0
2022-12-13 12:30:00-05:00,26.434999465942383,26.6200008392334,26.389999389648438,26.6200008392334,11455,0.0,0.0
2022-12-13 13:30:00-05:00,26.56999969482422,26.575000762939453,26.39900016784668,26.39900016784668,11539,0.0,0.0
2022-12-13 14:30:00-05:00,26.34000015258789,26.43000030517578,26.049999237060547,26.290000915527344,23375,0.0,0.0
2022-12-13 15:30:00-05:00,26.330400466918945,26.330400466918945,26.139999389648438,26.219999313354492,29641,0.0,0.0
2022-12-14 09:30:00-05:00,26.280000686645508,26.459999084472656,26.15999984741211,26.44499969482422,3658,0.0,0.0
2022-12-14 10:30:00-05:00,26.514999389648438,26.770000457763672,26.514999389648438,26.729999542236328,3119,0.0,0.0
2022-12-14 11:30:00-05:00,26.771099090576172,26.799999237060547,26.459999084472656,26.475000381469727,8713,0.0,0.0
2022-12-14 12:30:00-05:00,26.5,26.510000228881836,26.3700008392334,26.3700008392334,3572,0.0,0.0
2022-12-14 13:30:00-05:00,26.450000762939453,26.56999969482422,26.15999984741211,26.405000686645508,5411,0.0,0.0
2022-12-14 14:30:00-05:00,26.31999969482422,26.770000457763672,26.190000534057617,26.450000762939453,8047,0.0,0.0
2022-12-14 15:30:00-05:00,26.3700008392334,26.489999771118164,26.26110076904297,26.309999465942383,12649,0.0,0.0
2022-12-15 09:30:00-05:00,26.020000457763672,26.459999084472656,25.809999465942383,26.100000381469727,18138,0.0,0.0
2022-12-15 10:30:00-05:00,26.31999969482422,26.399999618530273,26.139999389648438,26.170000076293945,7003,0.0,0.0
2022-12-15 11:30:00-05:00,26.235000610351562,26.43000030517578,26.235000610351562,26.43000030517578,6992,0.0,0.0
2022-12-15 12:30:00-05:00,26.469999313354492,26.510000228881836,26.385000228881836,26.385000228881836,8641,0.0,0.0
2022-12-15 13:30:00-05:00,26.364999771118164,26.364999771118164,26.149999618530273,26.209999084472656,16635,0.0,0.0
2022-12-15 14:30:00-05:00,26.25,26.530000686645508,26.25,26.3799991607666,7420,0.0,0.0
2022-12-15 15:30:00-05:00,26.440000534057617,26.440000534057617,26.329999923706055,26.360000610351562,15860,0.0,0.0
2022-12-16 09:30:00-05:00,26.239999771118164,26.59000015258789,26.18000030517578,26.309999465942383,33989,0.0,0.0
2022-12-16 10:30:00-05:00,26.19499969482422,26.3700008392334,26.19499969482422,26.3700008392334,2658,0.0,0.0
2022-12-16 11:30:00-05:00,26.309999465942383,26.309999465942383,26.1299991607666,26.1299991607666,5275,0.0,0.0
2022-12-16 12:30:00-05:00,26.18000030517578,26.209999084472656,26.1299991607666,26.209999084472656,2841,0.0,0.0
2022-12-16 13:30:00-05:00,26.28499984741211,26.31999969482422,26.145000457763672,26.145000457763672,3029,0.0,0.0
2022-12-16 14:30:00-05:00,26.1200008392334,26.329999923706055,26.1200008392334,26.25,5681,0.0,0.0
2022-12-16 15:30:00-05:00,26.290000915527344,26.329999923706055,26.149999618530273,26.229999542236328,17217,0.0,0.0
2022-12-19 09:30:00-05:00,26.31999969482422,26.395000457763672,25.850000381469727,26.0,19438,0.0,0.0
2022-12-19 10:30:00-05:00,25.950000762939453,25.950000762939453,25.110000610351562,25.549999237060547,18263,0.0,0.0
2022-12-19 11:30:00-05:00,25.6299991607666,25.670000076293945,25.545000076293945,25.557600021362305,5074,0.0,0.0
2022-12-19 12:30:00-05:00,25.565000534057617,25.700000762939453,25.469999313354492,25.479999542236328,4760,0.0,0.0
2022-12-19 13:30:00-05:00,25.329999923706055,25.456100463867188,25.174999237060547,25.456100463867188,9210,0.0,0.0
2022-12-19 14:30:00-05:00,25.459999084472656,25.584999084472656,25.34000015258789,25.39349937438965,11115,0.0,0.0
2022-12-19 15:30:00-05:00,25.40999984741211,25.434999465942383,25.309999465942383,25.34000015258789,9942,0.0,0.0
2022-12-20 09:30:00-05:00,25.350000381469727,25.78499984741211,25.075000762939453,25.78499984741211,13765,0.0,0.0
2022-12-20 10:30:00-05:00,25.829999923706055,25.954999923706055,25.440000534057617,25.459999084472656,4458,0.0,0.0
2022-12-20 11:30:00-05:00,25.450000762939453,25.690500259399414,25.450000762939453,25.690500259399414,2857,0.0,0.0
2022-12-20 12:30:00-05:00,25.65999984741211,25.790000915527344,25.604999542236328,25.604999542236328,6026,0.0,0.0
2022-12-20 13:30:00-05:00,25.670000076293945,25.670000076293945,25.489999771118164,25.489999771118164,2891,0.0,0.0
2022-12-20 14:30:00-05:00,25.514999389648438,25.530000686645508,25.46500015258789,25.46500015258789,5090,0.0,0.0
2022-12-20 15:30:00-05:00,25.395000457763672,25.479999542236328,25.329999923706055,25.440000534057617,11308,0.0,0.0
2022-12-21 09:30:00-05:00,25.979999542236328,25.979999542236328,25.690000534057617,25.899999618530273,0,0.0,0.0
2022-12-21 10:30:00-05:00,25.989999771118164,26.139999389648438,25.989999771118164,26.020000457763672,4175,0.0,0.0
2022-12-21 11:30:00-05:00,25.940000534057617,26.06999969482422,25.8799991607666,25.8799991607666,6125,0.0,0.0
2022-12-21 12:30:00-05:00,25.81999969482422,26.049999237060547,25.81999969482422,25.905000686645508,4841,0.0,0.0
2022-12-21 13:30:00-05:00,25.950000762939453,26.149999618530273,25.950000762939453,26.030000686645508,4033,0.0,0.0
2022-12-21 14:30:00-05:00,26.020000457763672,26.079999923706055,25.950000762939453,26.010000228881836,6457,0.0,0.0
2022-12-21 15:30:00-05:00,25.989999771118164,26.229999542236328,25.940000534057617,26.219999313354492,23221,0.0,0.0
2022-12-22 09:30:00-05:00,26.059999465942383,26.059999465942383,25.649999618530273,25.828399658203125,10174,0.0,0.0
2022-12-22 10:30:00-05:00,25.79599952697754,25.860000610351562,25.7450008392334,25.790000915527344,4607,0.0,0.0
2022-12-22 11:30:00-05:00,25.75,25.790000915527344,25.700000762939453,25.700000762939453,6307,0.0,0.0
2022-12-22 12:30:00-05:00,25.700000762939453,25.739999771118164,25.65999984741211,25.700000762939453,8335,0.0,0.0
2022-12-22 13:30:00-05:00,25.649999618530273,25.739999771118164,25.6299991607666,25.68000030517578,6013,0.0,0.0
2022-12-22 14:30:00-05:00,25.735000610351562,25.799999237060547,25.6200008392334,25.729999542236328,8740,0.0,0.0
2022-12-22 15:30:00-05:00,25.739999771118164,25.81999969482422,25.649999618530273,25.81999969482422,13036,0.0,0.0
2022-12-23 09:30:00-05:00,25.920000076293945,25.920000076293945,25.700000762939453,25.899999618530273,3336,0.0,0.0
2022-12-23 10:30:00-05:00,25.959999084472656,25.959999084472656,25.799999237060547,25.799999237060547,4382,0.0,0.0
2022-12-23 11:30:00-05:00,25.860000610351562,25.969999313354492,25.860000610351562,25.954999923706055,2924,0.0,0.0
2022-12-23 12:30:00-05:00,25.969999313354492,25.975000381469727,25.90999984741211,25.940000534057617,4782,0.0,0.0
2022-12-23 13:30:00-05:00,26.081100463867188,26.081100463867188,26.010000228881836,26.049999237060547,2897,0.0,0.0
2022-12-23 14:30:00-05:00,26.020000457763672,26.18000030517578,26.020000457763672,26.05500030517578,4694,0.0,0.0
2022-12-23 15:30:00-05:00,26.030000686645508,26.209999084472656,26.0,26.209999084472656,9311,0.0,0.0
2022-12-27 09:30:00-05:00,26.209999084472656,26.299999237060547,26.01799964904785,26.290000915527344,5412,0.0,0.0
2022-12-27 10:30:00-05:00,26.25,26.315000534057617,26.149999618530273,26.200000762939453,9579,0.0,0.0
2022-12-27 11:30:00-05:00,26.209999084472656,26.280000686645508,26.170000076293945,26.200000762939453,6099,0.0,0.0
2022-12-27 12:30:00-05:00,26.15999984741211,26.190000534057617,26.049699783325195,26.170000076293945,5923,0.0,0.0
2022-12-27 13:30:00-05:00,26.15999984741211,26.209999084472656,26.084999084472656,26.1299991607666,8281,0.0,0.0
2022-12-27 14:30:00-05:00,26.149999618530273,26.174999237060547,26.079999923706055,26.155000686645508,10892,0.0,0.0
2022-12-27 15:30:00-05:00,26.15999984741211,26.15999984741211,26.030000686645508,26.079999923706055,14360,0.0,0.0
2022-12-28 09:30:00-05:00,26.149999618530273,26.260000228881836,26.030000686645508,26.045000076293945,4429,0.0,0.0
2022-12-28 10:30:00-05:00,25.920000076293945,25.920000076293945,25.71929931640625,25.71929931640625,5296,0.0,0.0
2022-12-28 11:30:00-05:00,25.75,25.75,25.579999923706055,25.579999923706055,2977,0.0,0.0
2022-12-28 12:30:00-05:00,25.6200008392334,25.850000381469727,25.6200008392334,25.649999618530273,4219,0.0,0.0
2022-12-28 13:30:00-05:00,25.639999389648438,25.639999389648438,25.43000030517578,25.43000030517578,4409,0.0,0.0
2022-12-28 14:30:00-05:00,25.420000076293945,25.68000030517578,25.34000015258789,25.375,7065,0.0,0.0
2022-12-28 15:30:00-05:00,25.3700008392334,25.469999313354492,25.264999389648438,25.34000015258789,12873,0.0,0.0
2022-12-29 09:30:00-05:00,25.6299991607666,25.94499969482422,25.6299991607666,25.94499969482422,3410,0.0,0.0
2022-12-29 10:30:00-05:00,25.954999923706055,25.954999923706055,25.639999389648438,25.709999084472656,8436,0.0,0.0
2022-12-29 11:30:00-05:00,25.809999465942383,26.0,25.809999465942383,25.979999542236328,3083,0.0,0.0
2022-12-29 12:30:00-05:00,26.010000228881836,26.03499984741211,25.93000030517578,25.96500015258789,4800,0.0,0.0
2022-12-29 13:30:00-05:00,25.940000534057617,25.940000534057617,25.889999389648438,25.889999389648438,4294,0.0,0.0
2022-12-29 14:30:00-05:00,25.920000076293945,26.1299991607666,25.860000610351562,25.860000610351562,7110,0.0,0.0
2022-12-29 15:30:00-05:00,25.920000076293945,25.989999771118164,25.8799991607666,25.940000534057617,12790,0.0,0.0
2022-12-30 09:30:00-05:00,25.780000686645508,25.799999237060547,25.450000762939453,25.799999237060547,5356,0.0,0.0
2022-12-30 10:30:00-05:00,25.770000457763672,25.81999969482422,25.5,25.649999618530273,9992,0.0,0.0
2022-12-30 11:30:00-05:00,25.6299991607666,25.8700008392334,25.610000610351562,25.81999969482422,16184,0.0,0.0
2022-12-30 12:30:00-05:00,25.809999465942383,25.829999923706055,25.68000030517578,25.790000915527344,12328,0.0,0.0
2022-12-30 13:30:00-05:00,25.790000915527344,26.030000686645508,25.790000915527344,25.979999542236328,9290,0.0,0.0
2022-12-30 14:30:00-05:00,25.9950008392334,26.040000915527344,25.889999389648438,25.889999389648438,6489,0.0,0.0
2022-12-30 15:30:00-05:00,25.920000076293945,26.010000228881836,25.829999923706055,25.850000381469727,15864,0.0,0.0
2023-01-03 09:30:00-05:00,26.1299991607666,26.3700008392334,25.729999542236328,25.899999618530273,0,0.0,0.0
2023-01-03 10:30:00-05:00,25.84000015258789,26.204999923706055,25.84000015258789,25.924999237060547,12058,0.0,0.0
2023-01-03 11:30:00-05:00,25.889999389648438,26.045000076293945,25.889999389648438,26.010000228881836,11948,0.0,0.0
2023-01-03 12:30:00-05:00,26.040000915527344,26.104999542236328,25.950000762939453,26.09000015258789,7630,0.0,0.0
2023-01-03 13:30:00-05:00,26.059999465942383,26.06999969482422,25.8799991607666,25.989999771118164,19923,0.0,0.0
2023-01-03 14:30:00-05:00,25.989999771118164,26.010000228881836,25.81999969482422,25.899999618530273,11276,0.0,0.0
2023-01-03 15:30:00-05:00,25.899999618530273,26.075000762939453,25.899999618530273,26.0,26454,0.0,0.0
2023-01-04 09:30:00-05:00,26.079999923706055,26.4950008392334,26.079999923706055,26.280000686645508,3511,0.0,0.0
2023-01-04 10:30:00-05:00,26.540000915527344,26.540000915527344,26.350000381469727,26.469999313354492,9104,0.0,0.0
2023-01-04 11:30:00-05:00,26.579999923706055,26.725000381469727,26.579999923706055,26.600000381469727,6257,0.0,0.0
2023-01-04 12:30:00-05:00,26.584999084472656,26.6299991607666,26.479999542236328,26.579999923706055,5488,0.0,0.0
2023-01-04 13:30:00-05:00,26.559999465942383,26.645000457763672,26.43000030517578,26.43000030517578,9640,0.0,0.0
2023-01-04 14:30:00-05:00,26.469999313354492,26.68000030517578,26.469999313354492,26.545000076293945,7227,0.0,0.0
2023-01-04 15:30:00-05:00,26.549999237060547,26.549999237060547,26.329999923706055,26.399999618530273,15179,0.0,0.0
2023-01-05 09:30:00-05:00,26.149999618530273,26.34000015258789,25.8799991607666,26.309999465942383,10894,0.0,0.0
2023-01-05 10:30:00-05:00,26.329999923706055,26.579999923706055,26.329999923706055,26.469999313354492,5388,0.0,0.0
2023-01-05 11:30:00-05:00,26.44499969482422,26.600000381469727,26.389999389648438,26.58989906311035,10930,0.0,0.0
2023-01-05 12:30:00-05:00,26.51099967956543,26.6299991607666,26.450000762939453,26.479999542236328,4936,0.0,0.0
2023-01-05 13:30:00-05:00,26.530000686645508,26.530000686645508,26.450000762939453,26.450000762939453,2562,0.0,0.0
2023-01-05 14:30:00-05:00,26.459999084472656,26.5,26.31999969482422,26.31999969482422,6344,0.0,0.0
2023-01-05 15:30:00-05:00,26.31999969482422,26.5,26.31999969482422,26.350000381469727,16683,0.0,0.0
2023-01-06 09:30:00-05:00,26.639999389648438,26.940000534057617,26.635000228881836,26.895000457763672,5487,0.0,0.0
2023-01-06 10:30:00-05:00,26.885000228881836,27.010000228881836,26.760000228881836,26.969999313354492,10835,0.0,0.0
2023-01-06 11:30:00-05:00,27.03499984741211,27.06999969482422,26.924999237060547,26.9507999420166,10209,0.0,0.0
2023-01-06 12:30:00-05:00,26.920000076293945,27.075000762939453,26.920000076293945,27.012800216674805,5148,0.0,0.0
2023-01-06 13:30:00-05:00,26.969999313354492,27.020000457763672,26.850000381469727,26.850000381469727,7013,0.0,0.0
2023-01-06 14:30:00-05:00,26.84000015258789,26.969999313354492,26.829999923706055,26.924999237060547,17159,0.0,0.0
2023-01-06 15:30:00-05:00,26.90999984741211,26.959999084472656,26.844999313354492,26.889999389648438,17728,0.0,0.0
2023-01-09 09:30:00-05:00,27.190000534057617,27.399999618530273,27.139999389648438,27.280000686645508,8489,0.0,0.0
2023-01-09 10:30:00-05:00,27.34000015258789,27.979999542236328,27.280000686645508,27.920000076293945,84199,0.0,0.0
2023-01-09 11:30:00-05:00,27.920000076293945,27.920000076293945,27.643400192260742,27.690000534057617,31883,0.0,0.0
2023-01-09 12:30:00-05:00,27.6200008392334,27.90999984741211,27.6200008392334,27.90999984741211,9431,0.0,0.0
2023-01-09 13:30:00-05:00,27.8799991607666,28.15999984741211,27.828500747680664,28.020000457763672,29665,0.0,0.0
2023-01-09 14:30:00-05:00,28.020000457763672,28.020000457763672,27.75,27.950000762939453,16602,0.0,0.0
2023-01-09 15:30:00-05:00,27.954999923706055,28.059999465942383,27.93000030517578,28.020000457763672,26037,0.0,0.0
2023-01-10 09:30:00-05:00,28.079999923706055,28.354400634765625,27.979999542236328,28.079999923706055,0,0.0,0.0
2023-01-10 10:30:00-05:00,28.010000228881836,28.149999618530273,27.84000015258789,28.030000686645508,8542,0.0,0.0
2023-01-10 11:30:00-05:00,28.100000381469727,28.190000534057617,27.959999084472656,28.18000030517578,7041,0.0,0.0
2023-01-10 12:30:00-05:00,28.170000076293945,28.219999313354492,27.959999084472656,28.219999313354492,7921,0.0,0.0
2023-01-10 13:30:00-05:00,28.190000534057617,28.329999923706055,28.18000030517578,28.280000686645508,27853,0.0,0.0
2023-01-10 14:30:00-05:00,28.280000686645508,28.639999389648438,28.274999618530273,28.420000076293945,24186,0.0,0.0
2023-01-10 15:30:00-05:00,28.3799991607666,28.479999542236328,28.299999237060547,28.309999465942383,30265,0.0,0.0
2023-01-11 09:30:00-05:00,28.34000015258789,28.780000686645508,28.34000015258789,28.690000534057617,3797,0.0,0.0
2023-01-11 10:30:00-05:00,28.639999389648438,28.639999389648438,28.40999984741211,28.4591007232666,5570,0.0,0.0
2023-01-11 11:30:00-05:00,28.420000076293945,28.700000762939453,28.420000076293945,28.700000762939453,4576,0.0,0.0
2023-01-11 12:30:00-05:00,28.704999923706055,28.704999923706055,28.545000076293945,28.6200008392334,5404,0.0,0.0
2023-01-11 13:30:00-05:00,28.6200008392334,28.631999969482422,28.559999465942383,28.579999923706055,5674,0.0,0.0
2023-01-11 14:30:00-05:00,28.59000015258789,28.65999984741211,28.40999984741211,28.40999984741211,12632,0.0,0.0
2023-01-11 15:30:00-05:00,28.415000915527344,28.43000030517578,28.280000686645508,28.350000381469727,40850,0.0,0.0
2023-01-12 09:30:00-05:00,28.399999618530273,28.65999984741211,28.15999984741211,28.520000457763672,16920,0.0,0.0
2023-01-12 10:30:00-05:00,28.520000457763672,28.75,28.510000228881836,28.75,6084,0.0,0.0
2023-01-12 11:30:00-05:00,28.760000228881836,28.850000381469727,28.690000534057617,28.829999923706055,11904,0.0,0.0
2023-01-12 12:30:00-05:00,28.799999237060547,28.850000381469727,28.700000762939453,28.739999771118164,10573,0.0,0.0
2023-01-12 13:30:00-05:00,28.700000762939453,28.799999237060547,28.700000762939453,28.7450008392334,5951,0.0,0.0
2023-01-12 14:30:00-05:00,28.780000686645508,28.864999771118164,28.65999984741211,28.65999984741211,15299,0.0,0.0
2023-01-12 15:30:00-05:00,28.600000381469727,28.6200008392334,28.5,28.559999465942383,16773,0.0,0.0
2023-01-13 09:30:00-05:00,28.360000610351562,28.610000610351562,28.1200008392334,28.565000534057617,9519,0.0,0.0
2023-01-13 10:30:00-05:00,28.6200008392334,28.639999389648438,28.510000228881836,28.510000228881836,5209,0.0,0.0
2023-01-13 11:30:00-05:00,28.55500030517578,28.6200008392334,28.549999237060547,28.59000015258789,6173,0.0,0.0
2023-01-13 12:30:00-05:00,28.610000610351562,28.809999465942383,28.610000610351562,28.700000762939453,5681,0.0,0.0
2023-01-13 13:30:00-05:00,28.739999771118164,28.90999984741211,28.739999771118164,28.809999465942383,7302,0.0,0.0
2023-01-13 14:30:00-05:00,28.81999969482422,28.899999618530273,28.780000686645508,28.79199981689453,8959,0.0,0.0
2023-01-13 15:30:00-05:00,28.791000366210938,28.829999923706055,28.670000076293945,28.719999313354492,15335,0.0,0.0
2023-01-17 09:30:00-05:00,28.729999542236328,29.290000915527344,28.729999542236328,29.09000015258789,5996,0.0,0.0
2023-01-17 10:30:00-05:00,29.128799438476562,29.128799438476562,28.709999084472656,28.709999084472656,5484,0.0,0.0
2023-01-17 11:30:00-05:00,28.739999771118164,28.860000610351562,28.739999771118164,28.790000915527344,9025,0.0,0.0
2023-01-17 12:30:00-05:00,28.799999237060547,28.81999969482422,28.649999618530273,28.65999984741211,8421,0.0,0.0
2023-01-17 13:30:00-05:00,28.65999984741211,28.690000534057617,28.450000762939453,28.459999084472656,6894,0.0,0.0
2023-01-17 14:30:00-05:00,28.459999084472656,28.625,28.395000457763672,28.510000228881836,12267,0.0,0.0
2023-01-17 15:30:00-05:00,28.520000457763672,28.549999237060547,28.3700008392334,28.389999389648438,14226,0.0,0.0
2023-01-18 09:30:00-05:00,28.520000457763672,28.860000610351562,28.329999923706055,28.700000762939453,10015,0.0,0.0
2023-01-18 10:30:00-05:00,28.68000030517578,28.700000762939453,28.510000228881836,28.639999389648438,16489,0.0,0.0
2023-01-18 11:30:00-05:00,28.600000381469727,28.60099983215332,28.469999313354492,28.469999313354492,10214,0.0,0.0
2023-01-18 12:30:00-05:00,28.43000030517578,28.549999237060547,28.420000076293945,28.549999237060547,8296,0.0,0.0
2023-01-18 13:30:00-05:00,28.600000381469727,28.610000610351562,28.34000015258789,28.360000610351562,11311,0.0,0.0
2023-01-18 14:30:00-05:00,28.364999771118164,28.3799991607666,28.200000762939453,28.31999969482422,13857,0.0,0.0
2023-01-18 15:30:00-05:00,28.290000915527344,28.309999465942383,28.139999389648438,28.209999084472656,23487,0.0,0.0
2023-01-19 09:30:00-05:00,27.989999771118164,28.315000534057617,27.610000610351562,27.899999618530273,19397,0.0,0.0
2023-01-19 10:30:00-05:00,27.950000762939453,28.079999923706055,27.829999923706055,28.059999465942383,11218,0.0,0.0
2023-01-19 11:30:00-05:00,28.100000381469727,28.280000686645508,28.03499984741211,28.19499969482422,12060,0.0,0.0
2023-01-19 12:30:00-05:00,28.209999084472656,28.31999969482422,28.18000030517578,28.31999969482422,6270,0.0,0.0
2023-01-19 13:30:00-05:00,28.33009910583496,28.625,28.33009910583496,28.625,9213,0.0,0.0
2023-01-19 14:30:00-05:00,28.600000381469727,28.790000915527344,28.594999313354492,28.6299991607666,21764,0.0,0.0
2023-01-19 15:30:00-05:00,28.604999542236328,28.700000762939453,28.469999313354492,28.510000228881836,22306,0.0,0.0
2023-01-20 09:30:00-05:00,28.760000228881836,29.200000762939453,28.5,28.850000381469727,19128,0.0,0.0
2023-01-20 10:30:00-05:00,28.946699142456055,29.18000030517578,28.899999618530273,28.920000076293945,10019,0.0,0.0
2023-01-20 11:30:00-05:00,28.979999542236328,29.059999465942383,28.854999542236328,29.020000457763672,8494,0.0,0.0
2023-01-20 12:30:00-05:00,28.940000534057617,28.979999542236328,28.899999618530273,28.899999618530273,8375,0.0,0.0
2023-01-20 13:30:00-05:00,29.020000457763672,29.110000610351562,29.020000457763672,29.110000610351562,4429,0.0,0.0
2023-01-20 14:30:00-05:00,29.125,29.31999969482422,29.10420036315918,29.15999984741211,9941,0.0,0.0
2023-01-20 15:30:00-05:00,29.139999389648438,29.219999313354492,29.059999465942383,29.170000076293945,13421,0.0,0.0
2023-01-23 09:30:00-05:00,29.290000915527344,29.489999771118164,29.229999542236328,29.354999542236328,6603,0.0,0.0
2023-01-23 10:30:00-05:00,29.420000076293945,29.6200008392334,29.358200073242188,29.579999923706055,9516,0.0,0.0
2023-01-23 11:30:00-05:00,29.639999389648438,29.665000915527344,29.450000762939453,29.450000762939453,5792,0.0,0.0
2023-01-23 12:30:00-05:00,29.690000534057617,29.770000457763672,29.520000457763672,29.56999969482422,14409,0.0,0.0
2023-01-23 13:30:00-05:00,29.59000015258789,29.649999618530273,29.440000534057617,29.485000610351562,21456,0.0,0.0
2023-01-23 14:30:00-05:00,29.536699295043945,29.536699295043945,29.40999984741211,29.450000762939453,7236,0.0,0.0
2023-01-23 15:30:00-05:00,29.540000915527344,29.700000762939453,29.389999389648438,29.389999389648438,43826,0.0,0.0
2023-01-24 09:30:00-05:00,29.260000228881836,29.565000534057617,29.030000686645508,29.469999313354492,5768,0.0,0.0
2023-01-24 10:30:00-05:00,29.405000686645508,29.530000686645508,29.3700008392334,29.489999771118164,5936,0.0,0.0
2023-01-24 11:30:00-05:00,29.489999771118164,29.55500030517578,29.40999984741211,29.540000915527344,4089,0.0,0.0
2023-01-24 12:30:00-05:00,29.545000076293945,29.579999923706055,29.44499969482422,29.44499969482422,6230,0.0,0.0
2023-01-24 13:30:00-05:00,29.459999084472656,29.670000076293945,29.43000030517578,29.43000030517578,65732,0.0,0.0
2023-01-24 14:30:00-05:00,29.424999237060547,29.479999542236328,29.299999237060547,29.434999465942383,9185,0.0,0.0
2023-01-24 15:30:00-05:00,29.43000030517578,29.510000228881836,29.34000015258789,29.34000015258789,14271,0.0,0.0
2023-01-25 09:30:00-05:00,29.209999084472656,29.229999542236328,29.03660011291504,29.094999313354492,5164,0.0,0.0
2023-01-25 10:30:00-05:00,29.100000381469727,29.31999969482422,29.049999237060547,29.219999313354492,7111,0.0,0.0
2023-01-25 11:30:00-05:00,29.229999542236328,29.420000076293945,29.200000762939453,29.399999618530273,4724,0.0,0.0
2023-01-25 12:30:00-05:00,29.3700008392334,29.46500015258789,29.350000381469727,29.405000686645508,11027,0.0,0.0
2023-01-25 13:30:00-05:00,29.455400466918945,29.469999313354492,29.360000610351562,29.40999984741211,11364,0.0,0.0
2023-01-25 14:30:00-05:00,29.399999618530273,29.46500015258789,29.3700008392334,29.450000762939453,15188,0.0,0.0
2023-01-25 15:30:00-05:00,29.485000610351562,29.540000915527344,29.260000228881836,29.3700008392334,29938,0.0,0.0
2023-01-26 09:30:00-05:00,29.18000030517578,29.565000534057617,27.420000076293945,27.55109977722168,87734,0.0,0.0
2023-01-26 10:30:00-05:00,27.540000915527344,28.3799991607666,27.469999313354492,27.65999984741211,28701,0.0,0.0
2023-01-26 11:30:00-05:00,27.719999313354492,28.565000534057617,27.549999237060547,28.450000762939453,74570,0.0,0.0
2023-01-26 12:30:00-05:00,28.459999084472656,28.540000915527344,28.200000762939453,28.25200080871582,34029,0.0,0.0
2023-01-26 13:30:00-05:00,28.270000457763672,28.46500015258789,28.219999313354492,28.350000381469727,10621,0.0,0.0
2023-01-26 14:30:00-05:00,28.40999984741211,28.469999313354492,28.25,28.25,11794,0.0,0.0
2023-01-26 15:30:00-05:00,28.25,28.25,27.889999389648438,27.889999389648438,62375,0.0,0.0
2023-01-27 09:30:00-05:00,27.959999084472656,28.256000518798828,27.639999389648438,28.0,0,0.0,0.0
2023-01-27 10:30:00-05:00,27.950000762939453,28.0674991607666,27.690000534057617,27.822500228881836,21439,0.0,0.0
2023-01-27 11:30:00-05:00,27.829999923706055,27.864999771118164,27.540000915527344,27.65999984741211,13306,0.0,0.0
2023-01-27 12:30:00-05:00,27.649999618530273,27.674999237060547,27.540000915527344,27.614999771118164,20444,0.0,0.0
2023-01-27 13:30:00-05:00,27.639999389648438,27.799999237060547,27.584999084472656,27.670000076293945,22427,0.0,0.0
2023-01-27 14:30:00-05:00,27.655000686645508,27.905000686645508,27.639999389648438,27.889999389648438,33415,0.0,0.0
2023-01-27 15:30:00-05:00,27.885000228881836,27.885000228881836,27.735000610351562,27.780000686645508,41612,0.0,0.0
2023-01-30 09:30:00-05:00,27.90999984741211,28.079999923706055,27.389999389648438,28.014999389648438,63845,0.0,0.0
2023-01-30 10:30:00-05:00,27.93000030517578,28.020000457763672,27.790000915527344,27.860000610351562,13423,0.0,0.0
2023-01-30 11:30:00-05:00,27.875,27.875,27.614999771118164,27.844999313354492,21195,0.0,0.0
2023-01-30 12:30:00-05:00,27.844999313354492,27.854900360107422,27.670000076293945,27.68000030517578,16355,0.0,0.0
2023-01-30 13:30:00-05:00,27.700000762939453,27.760000228881836,27.584999084472656,27.760000228881836,17399,0.0,0.0
2023-01-30 14:30:00-05:00,27.780000686645508,27.829999923706055,27.6299991607666,27.719999313354492,12500,0.0,0.0
2023-01-30 15:30:00-05:00,27.739999771118164,27.78499984741211,27.65999984741211,27.68000030517578,23968,0.0,0.0
2023-01-31 09:30:00-05:00,27.81999969482422,28.25,27.81999969482422,28.010000228881836,64021,0.0,0.0
2023-01-31 10:30:00-05:00,28.020000457763672,28.260000228881836,28.020000457763672,28.079999923706055,177619,0.0,0.0
2023-01-31 11:30:00-05:00,28.06999969482422,28.15999984741211,28.030000686645508,28.1200008392334,27546,0.0,0.0
2023-01-31 12:30:00-05:00,28.135000228881836,28.139999389648438,28.0,28.049999237060547,29261,0.0,0.0
2023-01-31 13:30:00-05:00,28.05500030517578,28.8700008392334,27.979999542236328,28.760000228881836,136288,0.0,0.0
2023-01-31 14:30:00-05:00,28.760000228881836,28.770000457763672,28.655000686645508,28.676000595092773,40051,0.0,0.0
2023-01-31 15:30:00-05:00,28.719999313354492,28.780000686645508,28.55299949645996,28.75,71413,0.0,0.0
2023-02-01 09:30:00-05:00,28.8700008392334,29.110000610351562,28.690000534057617,28.760000228881836,32535,0.0,0.0
2023-02-01 10:30:00-05:00,28.709999084472656,28.920000076293945,28.670000076293945,28.8799991607666,47752,0.0,0.0
2023-02-01 11:30:00-05:00,28.905000686645508,29.170000076293945,28.8700008392334,29.139999389648438,32878,0.0,0.0
2023-02-01 12:30:00-05:00,29.1299991607666,29.174999237060547,29.079999923706055,29.135000228881836,23002,0.0,0.0
2023-02-01 13:30:00-05:00,29.165000915527344,29.19499969482422,28.969999313354492,29.0,23744,0.0,0.0
2023-02-01 14:30:00-05:00,29.0,29.639999389648438,28.777999877929688,29.639999389648438,66898,0.0,0.0
2023-02-01 15:30:00-05:00,29.649999618530273,29.959999084472656,29.06999969482422,29.579999923706055,116790,0.0,0.0
2023-02-02 09:30:00-05:00,29.760000228881836,29.979999542236328,29.299999237060547,29.7450008392334,0,0.0,0.0
2023-02-02 10:30:00-05:00,29.815000534057617,29.899999618530273,29.6299991607666,29.80500030517578,22786,0.0,0.0
2023-02-02 11:30:00-05:00,29.78499984741211,29.857999801635742,29.610000610351562,29.809999465942383,18327,0.0,0.0
2023-02-02 12:30:00-05:00,29.829999923706055,30.059999465942383,29.75,30.040000915527344,31354,0.0,0.0
2023-02-02 13:30:00-05:00,30.139999389648438,30.56999969482422,30.139999389648438,30.56999969482422,42126,0.0,0.0
2023-02-02 14:30:00-05:00,30.520000457763672,30.815000534057617,30.510000228881836,30.78499984741211,63342,0.0,0.0
2023-02-02 15:30:00-05:00,30.80500030517578,30.8700008392334,30.6200008392334,30.81999969482422,52832,0.0,0.0
2023-02-03 09:30:00-05:00,30.43000030517578,31.170000076293945,30.43000030517578,31.06999969482422,18556,0.0,0.0
2023-02-03 10:30:00-05:00,31.1299991607666,31.329999923706055,31.09000015258789,31.325000762939453,11301,0.0,0.0
2023-02-03 11:30:00-05:00,31.290000915527344,31.427499771118164,31.219999313354492,31.34000015258789,13605,0.0,0.0
2023-02-03 12:30:00-05:00,31.309999465942383,31.3799991607666,31.190000534057617,31.190000534057617,12207,0.0,0.0
2023-02-03 13:30:00-05:00,31.204999923706055,31.318099975585938,31.09000015258789,31.100000381469727,19177,0.0,0.0
2023-02-03 14:30:00-05:00,31.020000457763672,31.06999969482422,30.790000915527344,30.9950008392334,15563,0.0,0.0
2023-02-03 15:30:00-05:00,31.010000228881836,31.030000686645508,30.8700008392334,30.90999984741211,19103,0.0,0.0
2023-02-06 09:30:00-05:00,30.84000015258789,30.8700008392334,30.579999923706055,30.770000457763672,12617,0.0,0.0
2023-02-06 10:30:00-05:00,30.850000381469727,31.1200008392334,30.850000381469727,30.934999465942383,14385,0.0,0.0
2023-02-06 11:30:00-05:00,30.989999771118164,31.100000381469727,30.872600555419922,30.90999984741211,8636,0.0,0.0
2023-02-06 12:30:00-05:00,30.93000030517578,31.049999237060547,30.889999389648438,30.889999389648438,7457,0.0,0.0
2023-02-06 13:30:00-05:00,30.850000381469727,30.979999542236328,30.80500030517578,30.8700008392334,12209,0.0,0.0
2023-02-06 14:30:00-05:00,30.850000381469727,30.920000076293945,30.729999542236328,30.7450008392334,25035,0.0,0.0
2023-02-06 15:30:00-05:00,30.739999771118164,30.760000228881836,30.6299991607666,30.670000076293945,24516,0.0,0.0
2023-02-07 09:30:00-05:00,30.520000457763672,30.81999969482422,30.389999389648438,30.700000762939453,19618,0.0,0.0
2023-02-07 10:30:00-05:00,30.649999618530273,31.0,30.6200008392334,30.725000381469727,27767,0.0,0.0
2023-02-07 11:30:00-05:00,30.75,30.950000762939453,30.75,30.850000381469727,10012,0.0,0.0
2023-02-07 12:30:00-05:00,30.790000915527344,30.899999618530273,30.690000534057617,30.809999465942383,28451,0.0,0.0
2023-02-07 13:30:00-05:00,30.760000228881836,30.850000381469727,30.59000015258789,30.825000762939453,22828,0.0,0.0
2023-02-07 14:30:00-05:00,30.850000381469727,30.950000762939453,30.829999923706055,30.920000076293945,17870,0.0,0.0
2023-02-07 15:30:00-05:00,30.944599151611328,31.239999771118164,30.915000915527344,31.239999771118164,29868,0.0,0.0
2023-02-08 09:30:00-05:00,32.369998931884766,33.79999923706055,31.59000015258789,33.3650016784668,66650,0.0,0.0
2023-02-08 10:30:00-05:00,33.25,34.209999084472656,32.88999938964844,34.0,69418,0.0,0.0
2023-02-08 11:30:00-05:00,33.97999954223633,34.2755012512207,33.810001373291016,33.9900016784668,74619,0.0,0.0
2023-02-08 12:30:00-05:00,34.02000045776367,34.290000915527344,33.86000061035156,34.16999816894531,174632,0.0,0.0
2023-02-08 13:30:00-05:00,34.1968994140625,34.29499816894531,33.95500183105469,34.150001525878906,128722,0.0,0.0
2023-02-08 14:30:00-05:00,34.15999984741211,34.869998931884766,33.959999084472656,34.6239013671875,112041,0.0,0.0
2023-02-08 15:30:00-05:00,34.66999816894531,34.76499938964844,34.13999938964844,34.13999938964844,213166,0.0,0.0
2023-02-09 09:30:00-05:00,35.09000015258789,35.09000015258789,33.84000015258789,34.119998931884766,98372,0.0,0.0
2023-02-09 10:30:00-05:00,33.970001220703125,34.119998931884766,33.83000183105469,34.0,34016,0.0,0.0
2023-02-09 11:30:00-05:00,34.02000045776367,34.11000061035156,33.84000015258789,33.95000076293945,30566,0.0,0.0
2023-02-09 12:30:00-05:00,33.95000076293945,33.959999084472656,33.16999816894531,33.27109909057617,31334,0.0,0.0
2023-02-09 13:30:00-05:00,33.255001068115234,33.33000183105469,32.83000183105469,32.94499969482422,32414,0.0,0.0
2023-02-09 14:30:00-05:00,32.9900016784668,33.040000915527344,32.540000915527344,32.959999084472656,34007,0.0,0.0
2023-02-09 15:30:00-05:00,33.029998779296875,33.16999816894531,32.83000183105469,33.060001373291016,50118,0.0,0.0
2023-02-10 09:30:00-05:00,33.0,33.03499984741211,31.809999465942383,32.81999969482422,61317,0.0,0.0
2023-02-10 10:30:00-05:00,32.790000915527344,33.15999984741211,32.630001068115234,33.04499816894531,28891,0.0,0.0
2023-02-10 11:30:00-05:00,33.04499816894531,33.1349983215332,32.720001220703125,32.75,30320,0.0,0.0
2023-02-10 12:30:00-05:00,32.75,33.040000915527344,32.7400016784668,33.025001525878906,34170,0.0,0.0
2023-02-10 13:30:00-05:00,33.0,33.02000045776367,32.720001220703125,32.720001220703125,37694,0.0,0.0
2023-02-10 14:30:00-05:00,32.75,32.79499816894531,32.47999954223633,32.5,44982,0.0,0.0
2023-02-10 15:30:00-05:00,32.5099983215332,32.61000061035156,32.43000030517578,32.439998626708984,85085,0.0,0.0
2023-02-13 09:30:00-05:00,32.470001220703125,32.94499969482422,32.310001373291016,32.900001525878906,22478,0.0,0.0
2023-02-13 10:30:00-05:00,32.970001220703125,33.349998474121094,32.81999969482422,33.03499984741211,23492,0.0,0.0
2023-02-13 11:30:00-05:00,33.029998779296875,33.33000183105469,32.90999984741211,33.20000076293945,21077,0.0,0.0
2023-02-13 12:30:00-05:00,33.2333984375,33.45000076293945,33.16999816894531,33.400001525878906,16553,0.0,0.0
2023-02-13 13:30:00-05:00,33.400001525878906,33.70000076293945,33.369998931884766,33.64500045776367,20441,0.0,0.0
2023-02-13 14:30:00-05:00,33.64500045776367,33.87900161743164,33.63999938964844,33.720001220703125,21943,0.0,0.0
2023-02-13 15:30:00-05:00,33.720001220703125,33.75,33.46500015258789,33.4900016784668,55353,0.0,0.0
2023-02-14 09:30:00-05:00,33.15999984741211,33.38999938964844,32.84000015258789,33.150001525878906,26896,0.0,0.0
2023-02-14 10:30:00-05:00,33.02000045776367,33.40999984741211,32.959999084472656,33.2400016784668,12622,0.0,0.0
2023-02-14 11:30:00-05:00,33.2400016784668,33.720001220703125,33.18000030517578,33.720001220703125,11902,0.0,0.0
2023-02-14 12:30:00-05:00,33.64500045776367,33.7400016784668,33.529998779296875,33.68000030517578,12709,0.0,0.0
2023-02-14 13:30:00-05:00,33.75,33.775001525878906,33.61000061035156,33.689998626708984,16542,0.0,0.0
2023-02-14 14:30:00-05:00,33.709999084472656,33.779998779296875,33.68000030517578,33.775001525878906,19478,0.0,0.0
2023-02-14 15:30:00-05:00,33.752498626708984,33.779998779296875,33.66999816894531,33.66999816894531,31076,0.0,0.0
2023-02-15 09:30:00-05:00,33.41999816894531,34.150001525878906,33.023799896240234,34.08000183105469,12779,0.0,0.0
2023-02-15 10:30:00-05:00,34.130001068115234,34.130001068115234,33.95000076293945,34.0,27381,0.0,0.0
2023-02-15 11:30:00-05:00,34.0,34.0099983215332,33.814998626708984,33.91999816894531,16783,0.0,0.0
2023-02-15 12:30:00-05:00,33.90999984741211,33.96500015258789,33.83000183105469,33.900001525878906,13717,0.0,0.0
2023-02-15 13:30:00-05:00,33.900001525878906,34.0,33.86000061035156,33.900001525878906,55402,0.0,0.0
2023-02-15 14:30:00-05:00,33.900001525878906,34.41999816894531,33.880001068115234,34.369998931884766,47338,0.0,0.0
2023-02-15 15:30:00-05:00,34.38999938964844,34.51900100708008,34.34000015258789,34.36000061035156,32365,0.0,0.0
2023-02-16 09:30:00-05:00,34.06999969482422,34.560001373291016,33.86000061035156,34.369998931884766,20811,0.0,0.0
2023-02-16 10:30:00-05:00,34.349998474121094,34.41999816894531,34.28499984741211,34.369998931884766,19346,0.0,0.0
2023-02-16 11:30:00-05:00,34.40999984741211,34.779998779296875,34.400001525878906,34.540000915527344,23513,0.0,0.0
2023-02-16 12:30:00-05:00,34.540000915527344,34.910301208496094,34.540000915527344,34.910301208496094,14515,0.0,0.0
2023-02-16 13:30:00-05:00,34.90999984741211,35.060001373291016,34.88059997558594,34.959999084472656,17496,0.0,0.0
2023-02-16 14:30:00-05:00,34.939998626708984,34.939998626708984,34.599998474121094,34.64500045776367,37699,0.0,0.0
2023-02-16 15:30:00-05:00,34.619998931884766,34.630001068115234,34.209999084472656,34.2400016784668,61052,0.0,0.0
2023-02-17 09:30:00-05:00,34.209999084472656,34.66999816894531,34.18000030517578,34.26499938964844,26067,0.0,0.0
2023-02-17 10:30:00-05:00,34.2599983215332,34.290000915527344,34.150001525878906,34.20000076293945,22197,0.0,0.0
2023-02-17 11:30:00-05:00,34.20000076293945,34.52000045776367,34.20000076293945,34.400001525878906,29965,0.0,0.0
2023-02-17 12:30:00-05:00,34.38999938964844,34.400001525878906,34.20000076293945,34.2400016784668,22489,0.0,0.0
2023-02-17 13:30:00-05:00,34.25,34.279998779296875,34.09000015258789,34.119998931884766,33423,0.0,0.0
2023-02-17 14:30:00-05:00,34.130001068115234,34.189998626708984,34.06999969482422,34.119998931884766,85091,0.0,0.0
2023-02-17 15:30:00-05:00,34.11000061035156,34.130001068115234,33.95000076293945,33.95000076293945,51373,0.0,0.0
2023-02-21 09:30:00-05:00,33.619998931884766,33.939998626708984,33.439998626708984,33.68009948730469,19261,0.0,0.0
2023-02-21 10:30:00-05:00,33.68000030517578,33.81999969482422,33.535400390625,33.70000076293945,37675,0.0,0.0
2023-02-21 11:30:00-05:00,33.70500183105469,33.70500183105469,33.45000076293945,33.5,17287,0.0,0.0
2023-02-21 12:30:00-05:00,33.52000045776367,33.880001068115234,33.470001220703125,33.70500183105469,16434,0.0,0.0
2023-02-21 13:30:00-05:00,33.689998626708984,33.689998626708984,33.45000076293945,33.4900016784668,24425,0.0,0.0
2023-02-21 14:30:00-05:00,33.5,33.619998931884766,33.47999954223633,33.494998931884766,26180,0.0,0.0
2023-02-21 15:30:00-05:00,33.4900016784668,33.5099983215332,33.209999084472656,33.220001220703125,44105,0.0,0.0
2023-02-22 09:30:00-05:00,33.25,34.099998474121094,33.25,33.709999084472656,19946,0.0,0.0
2023-02-22 10:30:00-05:00,33.494598388671875,33.994998931884766,33.439998626708984,33.83000183105469,26957,0.0,0.0
2023-02-22 11:30:00-05:00,33.83000183105469,34.03499984741211,33.810001373291016,34.03499984741211,50098,0.0,0.0
2023-02-22 12:30:00-05:00,34.03499984741211,34.05630111694336,33.91999816894531,33.9900016784668,18695,0.0,0.0
2023-02-22 13:30:00-05:00,34.0,34.025001525878906,33.439998626708984,33.75,48134,0.0,0.0
2023-02-22 14:30:00-05:00,33.7400016784668,33.84000015258789,33.63999938964844,33.814998626708984,50830,0.0,0.0
2023-02-22 15:30:00-05:00,33.790000915527344,33.970001220703125,33.7400016784668,33.75,85220,0.0,0.0
2023-02-23 09:30:00-05:00,34.029998779296875,34.46889877319336,33.86000061035156,34.13999938964844,11974,0.0,0.0
2023-02-23 10:30:00-05:00,34.150001525878906,34.18769836425781,33.87689971923828,34.052799224853516,12294,0.0,0.0
2023-02-23 11:30:00-05:00,34.06999969482422,34.1349983215332,33.70800018310547,33.70800018310547,15412,0.0,0.0
2023-02-23 12:30:00-05:00,33.70500183105469,33.77000045776367,33.59000015258789,33.689998626708984,13935,0.0,0.0
2023-02-23 13:30:00-05:00,33.709999084472656,33.970001220703125,33.66999816894531,33.915000915527344,11509,0.0,0.0
2023-02-23 14:30:00-05:00,33.915000915527344,34.040000915527344,33.869998931884766,34.040000915527344,10259,0.0,0.0
2023-02-23 15:30:00-05:00,34.029998779296875,34.05500030517578,34.005001068115234,34.029998779296875,21841,0.0,0.0
2023-02-24 09:30:00-05:00,33.63999938964844,33.900001525878906,33.045799255371094,33.66999816894531,12972,0.0,0.0
2023-02-24 10:30:00-05:00,33.619998931884766,34.05500030517578,33.61000061035156,34.0,19290,0.0,0.0
2023-02-24 11:30:00-05:00,34.012298583984375,34.11000061035156,33.8849983215332,34.029998779296875,20339,0.0,0.0
2023-02-24 12:30:00-05:00,34.029998779296875,34.06999969482422,34.0,34.031898498535156,16959,0.0,0.0
2023-02-24 13:30:00-05:00,34.025001525878906,34.130001068115234,33.96500015258789,34.095001220703125,17633,0.0,0.0
2023-02-24 14:30:00-05:00,34.09000015258789,34.27000045776367,34.060001373291016,34.239898681640625,19870,0.0,0.0
2023-02-24 15:30:00-05:00,34.2400016784668,34.349998474121094,34.20000076293945,34.31999969482422,53520,0.0,0.0
2023-02-27 09:30:00-05:00,34.5099983215332,34.790000915527344,34.22999954223633,34.310001373291016,26681,0.0,0.0
2023-02-27 10:30:00-05:00,34.290000915527344,34.36000061035156,34.16999816894531,34.29100036621094,22326,0.0,0.0
2023-02-27 11:30:00-05:00,34.279998779296875,34.31999969482422,34.18000030517578,34.21500015258789,13738,0.0,0.0
2023-02-27 12:30:00-05:00,34.279998779296875,34.31399917602539,34.185001373291016,34.189998626708984,7241,0.0,0.0
2023-02-27 13:30:00-05:00,34.160099029541016,34.18000030517578,34.099998474121094,34.130001068115234,8705,0.0,0.0
2023-02-27 14:30:00-05:00,34.1349983215332,34.209999084472656,34.03499984741211,34.08000183105469,10067,0.0,0.0
2023-02-27 15:30:00-05:00,34.060001373291016,34.0724983215332,33.849998474121094,33.90999984741211,25772,0.0,0.0
2023-02-28 09:30:00-05:00,33.84000015258789,34.0,33.52000045776367,33.84000015258789,12436,0.0,0.0
2023-02-28 10:30:00-05:00,33.7599983215332,33.810001373291016,33.65999984741211,33.709999084472656,14423,0.0,0.0
2023-02-28 11:30:00-05:00,33.69499969482422,33.69499969482422,33.459999084472656,33.474998474121094,11365,0.0,0.0
2023-02-28 12:30:00-05:00,33.459999084472656,33.540000915527344,33.38999938964844,33.540000915527344,14436,0.0,0.0
2023-02-28 13:30:00-05:00,33.58000183105469,33.84000015258789,33.56999969482422,33.75,8961,0.0,0.0
2023-02-28 14:30:00-05:00,33.77000045776367,34.0099983215332,33.77000045776367,34.0099983215332,11288,0.0,0.0
2023-02-28 15:30:00-05:00,34.04999923706055,34.04999923706055,33.7599983215332,33.790000915527344,50940,0.0,0.0
2023-03-01 09:30:00-05:00,33.849998474121094,34.564998626708984,33.7599983215332,34.209999084472656,18120,0.0,0.0
2023-03-01 10:30:00-05:00,34.11000061035156,34.310001373291016,33.900001525878906,33.91999816894531,15630,0.0,0.0
2023-03-01 11:30:00-05:00,33.91999816894531,34.18000030517578,33.91999816894531,34.06999969482422,14344,0.0,0.0
2023-03-01 12:30:00-05:00,34.08100128173828,34.349998474121094,34.04999923706055,34.119998931884766,30502,0.0,0.0
2023-03-01 13:30:00-05:00,34.130001068115234,34.2400016784668,34.04999923706055,34.13999938964844,20684,0.0,0.0
2023-03-01 14:30:00-05:00,34.11000061035156,34.11000061035156,34.0,34.064998626708984,23875,0.0,0.0
2023-03-01 15:30:00-05:00,34.064998626708984,34.29999923706055,34.04999923706055,34.27000045776367,28778,0.0,0.0
2023-03-02 09:30:00-05:00,34.0099983215332,34.47999954223633,33.779998779296875,34.47999954223633,14186,0.0,0.0
2023-03-02 10:30:00-05:00,34.4900016784668,34.71500015258789,34.43000030517578,34.61000061035156,14009,0.0,0.0
2023-03-02 11:30:00-05:00,34.6349983215332,34.7599983215332,34.619998931884766,34.650001525878906,8593,0.0,0.0
2023-03-02 12:30:00-05:00,34.619998931884766,34.65999984741211,34.560001373291016,34.599998474121094,6604,0.0,0.0
2023-03-02 13:30:00-05:00,34.619998931884766,34.75,34.54999923706055,34.599998474121094,16374,0.0,0.0
2023-03-02 14:30:00-05:00,34.59000015258789,34.65999984741211,34.5099983215332,34.630001068115234,9890,0.0,0.0
2023-03-02 15:30:00-05:00,34.61000061035156,34.720001220703125,34.58000183105469,34.599998474121094,19088,0.0,0.0
2023-03-03 09:30:00-05:00,34.720001220703125,34.970001220703125,34.63999938964844,34.849998474121094,8554,0.0,0.0
2023-03-03 10:30:00-05:00,34.81999969482422,35.0099983215332,34.72999954223633,35.0,9346,0.0,0.0
2023-03-03 11:30:00-05:00,35.02000045776367,35.04990005493164,34.959999084472656,34.959999084472656,8485,0.0,0.0
2023-03-03 12:30:00-05:00,34.939998626708984,35.005001068115234,34.939998626708984,34.97999954223633,5564,0.0,0.0
2023-03-03 13:30:00-05:00,35.0,35.01499938964844,34.869998931884766,34.869998931884766,8173,0.0,0.0
2023-03-03 14:30:00-05:00,34.880001068115234,34.89500045776367,34.77000045776367,34.82500076293945,12557,0.0,0.0
2023-03-03 15:30:00-05:00,34.84000015258789,34.84000015258789,34.654998779296875,34.654998779296875,16337,0.0,0.0
2023-03-06 09:30:00-05:00,34.400001525878906,34.90999984741211,34.33000183105469,34.650001525878906,10729,0.0,0.0
2023-03-06 10:30:00-05:00,34.769901275634766,34.769901275634766,34.529998779296875,34.56999969482422,12529,0.0,0.0
2023-03-06 11:30:00-05:00,34.540000915527344,34.81999969482422,34.540000915527344,34.70000076293945,12513,0.0,0.0
2023-03-06 12:30:00-05:00,34.70000076293945,34.70000076293945,34.435001373291016,34.470001220703125,7816,0.0,0.0
2023-03-06 13:30:00-05:00,34.5,34.5,34.220001220703125,34.310001373291016,12393,0.0,0.0
2023-03-06 14:30:00-05:00,34.34000015258789,34.45000076293945,34.20000076293945,34.20000076293945,13520,0.0,0.0
2023-03-06 15:30:00-05:00,34.189998626708984,34.279998779296875,34.13100051879883,34.15999984741211,26105,0.0,0.0
2023-03-07 09:30:00-05:00,34.11000061035156,34.84000015258789,34.11000061035156,34.654998779296875,0,0.0,0.0
2023-03-07 10:30:00-05:00,34.38589859008789,34.650001525878906,34.38589859008789,34.540000915527344,9362,0.0,0.0
2023-03-07 11:30:00-05:00,34.540000915527344,34.75,34.4900016784668,34.720001220703125,14682,0.0,0.0
2023-03-07 12:30:00-05:00,34.720001220703125,34.72999954223633,34.619998931884766,34.65999984741211,9572,0.0,0.0
2023-03-07 13:30:00-05:00,34.68000030517578,34.7599983215332,34.619998931884766,34.7599983215332,24872,0.0,0.0
2023-03-07 14:30:00-05:00,34.720001220703125,34.7400016784668,34.400001525878906,34.4900016784668,26406,0.0,0.0
2023-03-07 15:30:00-05:00,34.5,34.619998931884766,34.439998626708984,34.52000045776367,26554,0.0,0.0
2023-03-08 09:30:00-05:00,34.650001525878906,35.290000915527344,34.560001373291016,34.880001068115234,19885,0.0,0.0
2023-03-08 10:30:00-05:00,34.869998931884766,34.869998931884766,34.5,34.56999969482422,20575,0.0,0.0
2023-03-08 11:30:00-05:00,34.575801849365234,34.8125,34.54499816894531,34.650001525878906,12296,0.0,0.0
2023-03-08 12:30:00-05:00,34.619998931884766,34.779998779296875,34.59000015258789,34.619998931884766,11060,0.0,0.0
2023-03-08 13:30:00-05:00,34.66999816894531,34.66999816894531,34.42100143432617,34.42100143432617,7783,0.0,0.0
2023-03-08 14:30:00-05:00,34.439998626708984,34.560001373291016,34.38999938964844,34.505001068115234,26171,0.0,0.0
2023-03-08 15:30:00-05:00,34.529998779296875,34.70000076293945,34.4900016784668,34.529998779296875,31121,0.0,0.0
2023-03-09 09:30:00-05:00,34.43000030517578,34.59000015258789,34.20000076293945,34.20000076293945,11943,0.0,0.0
2023-03-09 10:30:00-05:00,34.145999908447266,34.369998931884766,34.09000015258789,34.13999938964844,6262,0.0,0.0
2023-03-09 11:30:00-05:00,34.130001068115234,34.13999938964844,34.06999969482422,34.09000015258789,3270,0.0,0.0
2023-03-09 12:30:00-05:00,34.09000015258789,34.25,34.040000915527344,34.16350173950195,15855,0.0,0.0
2023-03-09 13:30:00-05:00,34.130001068115234,34.15999984741211,34.02000045776367,34.150001525878906,7968,0.0,0.0
2023-03-09 14:30:00-05:00,34.119998931884766,34.13999938964844,33.84000015258789,33.869998931884766,25405,0.0,0.0
2023-03-09 15:30:00-05:00,33.84000015258789,33.84000015258789,33.689998626708984,33.77000045776367,18704,0.0,0.0
2023-03-10 09:30:00-05:00,33.54999923706055,33.54999923706055,32.70000076293945,32.904998779296875,20332,0.0,0.0
2023-03-10 10:30:00-05:00,32.95000076293945,33.349998474121094,32.82500076293945,33.349998474121094,6991,0.0,0.0
2023-03-10 11:30:00-05:00,33.349998474121094,33.4099006652832,32.790000915527344,32.85499954223633,18594,0.0,0.0
2023-03-10 12:30:00-05:00,32.85490036010742,32.900001525878906,32.400001525878906,32.43000030517578,22856,0.0,0.0
2023-03-10 13:30:00-05:00,32.439998626708984,32.7599983215332,32.280399322509766,32.5099983215332,12048,0.0,0.0
2023-03-10 14:30:00-05:00,32.53499984741211,32.58000183105469,32.27000045776367,32.290000915527344,19013,0.0,0.0
2023-03-10 15:30:00-05:00,32.345001220703125,32.560001373291016,32.310001373291016,32.540000915527344,30550,0.0,0.0
2023-03-13 09:30:00-04:00,31.920000076293945,32.209999084472656,31.306400299072266,31.329999923706055,43887,0.0,0.0
2023-03-13 10:30:00-04:00,31.40999984741211,31.844999313354492,31.2549991607666,31.780000686645508,28050,0.0,0.0
2023-03-13 11:30:00-04:00,31.780000686645508,31.795000076293945,31.43000030517578,31.43000030517578,29685,0.0,0.0
2023-03-13 12:30:00-04:00,31.440000534057617,31.493600845336914,31.200000762939453,31.420000076293945,14384,0.0,0.0
2023-03-13 13:30:00-04:00,31.5,31.600000381469727,31.415000915527344,31.55500030517578,22584,0.0,0.0
2023-03-13 14:30:00-04:00,31.540000915527344,31.559999465942383,31.22010040283203,31.22010040283203,33802,0.0,0.0
2023-03-13 15:30:00-04:00,31.329999923706055,31.469999313354492,31.15999984741211,31.18000030517578,24643,0.0,0.0
2023-03-14 09:30:00-04:00,31.959999084472656,32.31999969482422,31.920000076293945,32.279998779296875,17220,0.0,0.0
2023-03-14 10:30:00-04:00,32.209999084472656,32.40999984741211,32.18000030517578,32.36000061035156,16259,0.0,0.0
2023-03-14 11:30:00-04:00,32.369998931884766,32.369998931884766,32.17499923706055,32.189998626708984,12829,0.0,0.0
2023-03-14 12:30:00-04:00,32.13999938964844,32.279998779296875,32.02000045776367,32.130001068115234,13175,0.0,0.0
2023-03-14 13:30:00-04:00,32.0890998840332,32.11000061035156,31.940000534057617,32.0,29820,0.0,0.0
2023-03-14 14:30:00-04:00,32.0,32.064998626708984,31.790000915527344,31.8799991607666,24450,0.0,0.0
2023-03-14 15:30:00-04:00,31.8799991607666,32.150001525878906,31.860000610351562,32.119998931884766,23871,0.0,0.0
2023-03-15 09:30:00-04:00,31.290000915527344,31.684999465942383,31.020000457763672,31.489999771118164,24122,0.0,0.0
2023-03-15 10:30:00-04:00,31.561100006103516,31.81999969482422,31.399999618530273,31.739999771118164,17365,0.0,0.0
2023-03-15 11:30:00-04:00,31.809999465942383,31.809999465942383,31.059999465942383,31.15999984741211,48037,0.0,0.0
2023-03-15 12:30:00-04:00,31.170000076293945,31.34000015258789,31.09000015258789,31.34000015258789,18134,0.0,0.0
2023-03-15 13:30:00-04:00,31.290000915527344,31.690000534057617,31.239999771118164,31.690000534057617,24502,0.0,0.0
2023-03-15 14:30:00-04:00,31.719999313354492,31.829999923706055,31.579999923706055,31.809999465942383,27496,0.0,0.0
2023-03-15 15:30:00-04:00,31.809999465942383,32.02000045776367,31.760000228881836,32.0099983215332,35099,0.0,0.0
2023-03-16 09:30:00-04:00,31.899999618530273,32.787498474121094,30.920000076293945,31.15999984741211,20858,0.0,0.0
2023-03-16 10:30:00-04:00,31.270000457763672,31.6200008392334,30.969999313354492,31.559999465942383,18587,0.0,0.0
2023-03-16 11:30:00-04:00,31.530000686645508,31.933900833129883,31.489999771118164,31.933900833129883,7840,0.0,0.0
2023-03-16 12:30:00-04:00,31.954999923706055,32.369998931884766,31.90999984741211,32.20000076293945,11087,0.0,0.0
2023-03-16 13:30:00-04:00,32.209800720214844,32.209999084472656,31.956199645996094,32.08000183105469,11544,0.0,0.0
2023-03-16 14:30:00-04:00,32.095001220703125,32.459999084472656,32.040000915527344,32.25,23347,0.0,0.0
2023-03-16 15:30:00-04:00,32.25,32.439998626708984,32.189998626708984,32.439998626708984,21153,0.0,0.0
2023-03-17 09:30:00-04:00,32.20000076293945,32.20000076293945,31.5,31.5,40169,0.0,0.0
2023-03-17 10:30:00-04:00,31.6200008392334,31.6200008392334,31.229999542236328,31.325000762939453,18909,0.0,0.0
2023-03-17 11:30:00-04:00,31.299999237060547,31.59000015258789,31.229999542236328,31.579999923706055,15070,0.0,0.0
2023-03-17 12:30:00-04:00,31.6299991607666,31.6299991607666,31.34000015258789,31.385000228881836,14816,0.0,0.0
2023-03-17 13:30:00-04:00,31.399999618530273,31.479999542236328,31.149999618530273,31.149999618530273,15916,0.0,0.0
2023-03-17 14:30:00-04:00,31.149999618530273,31.280000686645508,30.71500015258789,30.878999710083008,48490,0.0,0.0
2023-03-17 15:30:00-04:00,30.829999923706055,30.90999984741211,30.639999389648438,30.639999389648438,43014,0.0,0.0
2023-03-20 09:30:00-04:00,31.0,31.010000228881836,30.6200008392334,30.795000076293945,20973,0.0,0.0
2023-03-20 10:30:00-04:00,30.7549991607666,31.375,30.7450008392334,31.375,19767,0.0,0.0
2023-03-20 11:30:00-04:00,31.360000610351562,31.360000610351562,30.6200008392334,30.7549991607666,15435,0.0,0.0
2023-03-20 12:30:00-04:00,30.739999771118164,30.969999313354492,30.59000015258789,30.959999084472656,21764,0.0,0.0
2023-03-20 13:30:00-04:00,30.920000076293945,30.920000076293945,30.590099334716797,30.6200008392334,9698,0.0,0.0
2023-03-20 14:30:00-04:00,30.610000610351562,30.6299991607666,30.40999984741211,30.514999389648438,13556,0.0,0.0
2023-03-20 15:30:00-04:00,30.514999389648438,30.84000015258789,30.5049991607666,30.81999969482422,30254,0.0,0.0
2023-03-21 09:30:00-04:00,31.5,32.25,31.5,31.919300079345703,12590,0.0,0.0
2023-03-21 10:30:00-04:00,31.905000686645508,32.13999938964844,31.905000686645508,32.13999938964844,8795,0.0,0.0
2023-03-21 11:30:00-04:00,32.095001220703125,32.099998474121094,31.985000610351562,32.040000915527344,11000,0.0,0.0
2023-03-21 12:30:00-04:00,32.04999923706055,32.07500076293945,31.889999389648438,32.0099983215332,13853,0.0,0.0
2023-03-21 13:30:00-04:00,32.060001373291016,32.060001373291016,31.799999237060547,31.954999923706055,13107,0.0,0.0
2023-03-21 14:30:00-04:00,31.989999771118164,32.13999938964844,31.91010093688965,32.119998931884766,13979,0.0,0.0
2023-03-21 15:30:00-04:00,32.119998931884766,32.2400016784668,32.08000183105469,32.16999816894531,19033,0.0,0.0
2023-03-22 09:30:00-04:00,32.130001068115234,32.94499969482422,31.93000030517578,32.779998779296875,13971,0.0,0.0
2023-03-22 10:30:00-04:00,32.755001068115234,32.93000030517578,32.529998779296875,32.540000915527344,28148,0.0,0.0
2023-03-22 11:30:00-04:00,32.54999923706055,32.54999923706055,32.099998474121094,32.20000076293945,14128,0.0,0.0
2023-03-22 12:30:00-04:00,32.189998626708984,32.25,32.11000061035156,32.20000076293945,9163,0.0,0.0
2023-03-22 13:30:00-04:00,32.215599060058594,32.5,32.11000061035156,32.150001525878906,29601,0.0,0.0
2023-03-22 14:30:00-04:00,32.14500045776367,32.29999923706055,31.860000610351562,31.895000457763672,51279,0.0,0.0
2023-03-22 15:30:00-04:00,31.90999984741211,31.90999984741211,31.3700008392334,31.3700008392334,43744,0.0,0.0
2023-03-23 09:30:00-04:00,31.600000381469727,31.7450008392334,31.344999313354492,31.40999984741211,19630,0.0,0.0
2023-03-23 10:30:00-04:00,31.3700008392334,31.700000762939453,31.34000015258789,31.579999923706055,22993,0.0,0.0
2023-03-23 11:30:00-04:00,31.579999923706055,31.600000381469727,31.15999984741211,31.399999618530273,10317,0.0,0.0
2023-03-23 12:30:00-04:00,31.3799991607666,31.399999618530273,30.854999542236328,30.899999618530273,20197,0.0,0.0
2023-03-23 13:30:00-04:00,30.938499450683594,31.040000915527344,30.6200008392334,30.665000915527344,25005,0.0,0.0
2023-03-23 14:30:00-04:00,30.649999618530273,30.8700008392334,30.469999313354492,30.56999969482422,21994,0.0,0.0
2023-03-23 15:30:00-04:00,30.604999542236328,30.84000015258789,30.559999465942383,30.655000686645508,29096,0.0,0.0
2023-03-24 09:30:00-04:00,30.440000534057617,30.440000534057617,29.7549991607666,30.024999618530273,38669,0.0,0.0
2023-03-24 10:30:00-04:00,30.049999237060547,30.049999237060547,29.489999771118164,29.65999984741211,37659,0.0,0.0
2023-03-24 11:30:00-04:00,29.65999984741211,30.09000015258789,29.65999984741211,30.020000457763672,9138,0.0,0.0
2023-03-24 12:30:00-04:00,30.05500030517578,30.200000762939453,29.940000534057617,30.010000228881836,11134,0.0,0.0
2023-03-24 13:30:00-04:00,30.059999465942383,30.139999389648438,29.989999771118164,30.139999389648438,13638,0.0,0.0
2023-03-24 14:30:00-04:00,30.139999389648438,30.325000762939453,30.139999389648438,30.290000915527344,15394,0.0,0.0
2023-03-24 15:30:00-04:00,30.315000534057617,30.329999923706055,29.979999542236328,30.0,59488,0.0,0.0
2023-03-27 09:30:00-04:00,30.399999618530273,30.399999618530273,29.989999771118164,30.0,31693,0.0,0.0
2023-03-27 10:30:00-04:00,29.920000076293945,30.110000610351562,29.875,30.040000915527344,16379,0.0,0.0
2023-03-27 11:30:00-04:00,29.969999313354492,30.059999465942383,29.886199951171875,29.94499969482422,12073,0.0,0.0
2023-03-27 12:30:00-04:00,30.030000686645508,30.260000228881836,29.989999771118164,30.190000534057617,30743,0.0,0.0
2023-03-27 13:30:00-04:00,30.200000762939453,30.454999923706055,30.170000076293945,30.375,98381,0.0,0.0
2023-03-27 14:30:00-04:00,30.334999084472656,30.510000228881836,30.260000228881836,30.510000228881836,46545,0.0,0.0
2023-03-27 15:30:00-04:00,30.530000686645508,30.530000686645508,30.280000686645508,30.334999084472656,34476,0.0,0.0
2023-03-28 09:30:00-04:00,30.360000610351562,30.920000076293945,30.360000610351562,30.81999969482422,13130,0.0,0.0
2023-03-28 10:30:00-04:00,30.799999237060547,31.0,30.65999984741211,30.65999984741211,13255,0.0,0.0
2023-03-28 11:30:00-04:00,30.684999465942383,30.684999465942383,30.3799991607666,30.479999542236328,17779,0.0,0.0
2023-03-28 12:30:00-04:00,30.459999084472656,30.479999542236328,30.290000915527344,30.3700008392334,10013,0.0,0.0
2023-03-28 13:30:00-04:00,30.290000915527344,30.479999542236328,30.139999389648438,30.40999984741211,15591,0.0,0.0
2023-03-28 14:30:00-04:00,30.43000030517578,30.469999313354492,30.31999969482422,30.3700008392334,17293,0.0,0.0
2023-03-28 15:30:00-04:00,30.364999771118164,30.469999313354492,30.329999923706055,30.469999313354492,19755,0.0,0.0
2023-03-29 09:30:00-04:00,30.760000228881836,31.0,30.239999771118164,30.40999984741211,18514,0.0,0.0
2023-03-29 10:30:00-04:00,30.360000610351562,30.399999618530273,30.200000762939453,30.34000015258789,6792,0.0,0.0
2023-03-29 11:30:00-04:00,30.385000228881836,30.43000030517578,30.270000457763672,30.28499984741211,19032,0.0,0.0
2023-03-29 12:30:00-04:00,30.239999771118164,30.239999771118164,30.13010025024414,30.170000076293945,6535,0.0,0.0
2023-03-29 13:30:00-04:00,30.139999389648438,30.149999618530273,29.93000030517578,29.950000762939453,11036,0.0,0.0
2023-03-29 14:30:00-04:00,29.950000762939453,30.25,29.950000762939453,30.15999984741211,24495,0.0,0.0
2023-03-29 15:30:00-04:00,30.190000534057617,30.43000030517578,30.18000030517578,30.30500030517578,19535,0.0,0.0
2023-03-30 09:30:00-04:00,30.530000686645508,30.639999389648438,30.34000015258789,30.489999771118164,10466,0.0,0.0
2023-03-30 10:30:00-04:00,30.489999771118164,30.540000915527344,30.149999618530273,30.229999542236328,10838,0.0,0.0
2023-03-30 11:30:00-04:00,30.229900360107422,30.270000457763672,30.1200008392334,30.168899536132812,5756,0.0,0.0
2023-03-30 12:30:00-04:00,30.196800231933594,30.25,29.969999313354492,29.969999313354492,7557,0.0,0.0
2023-03-30 13:30:00-04:00,29.860000610351562,29.929000854492188,29.780000686645508,29.8700008392334,9156,0.0,0.0
2023-03-30 14:30:00-04:00,29.867900848388672,29.8799991607666,29.670000076293945,29.75,12155,0.0,0.0
2023-03-30 15:30:00-04:00,29.709999084472656,29.764999389648438,29.469999313354492,29.530000686645508,28905,0.0,0.0
2023-03-31 09:30:00-04:00,29.81999969482422,30.200000762939453,29.520000457763672,30.094999313354492,22260,0.0,0.0
2023-03-31 10:30:00-04:00,30.1299991607666,30.540000915527344,30.09000015258789,30.469999313354492,15552,0.0,0.0
2023-03-31 11:30:00-04:00,30.469999313354492,30.575000762939453,30.350000381469727,30.3799991607666,16168,0.0,0.0
2023-03-31 12:30:00-04:00,30.299999237060547,30.360000610351562,30.270000457763672,30.280000686645508,6668,0.0,0.0
2023-03-31 13:30:00-04:00,30.280000686645508,30.299999237060547,30.139999389648438,30.149999618530273,9530,0.0,0.0
2023-03-31 14:30:00-04:00,30.149999618530273,30.325000762939453,30.100000381469727,30.31999969482422,28378,0.0,0.0
2023-03-31 15:30:00-04:00,30.31999969482422,30.5049991607666,30.1299991607666,30.40999984741211,35382,0.0,0.0
2023-04-03 09:30:00-04:00,30.43000030517578,30.780000686645508,30.43000030517578,30.700000762939453,28050,0.0,0.0
2023-04-03 10:30:00-04:00,30.6299991607666,30.6299991607666,30.1299991607666,30.200000762939453,13496,0.0,0.0
2023-04-03 11:30:00-04:00,30.239999771118164,30.459999084472656,30.239999771118164,30.434999465942383,13905,0.0,0.0
2023-04-03 12:30:00-04:00,30.459999084472656,30.530000686645508,30.389999389648438,30.489999771118164,10766,0.0,0.0
2023-04-03 13:30:00-04:00,30.5,30.65999984741211,30.450000762939453,30.65999984741211,34844,0.0,0.0
2023-04-03 14:30:00-04:00,30.649999618530273,30.700000762939453,30.579999923706055,30.6200008392334,39048,0.0,0.0
2023-04-03 15:30:00-04:00,30.649999618530273,30.65999984741211,30.5,30.5,56063,0.0,0.0
2023-04-04 09:30:00-04:00,30.81999969482422,30.84000015258789,29.889999389648438,29.920000076293945,9035,0.0,0.0
2023-04-04 10:30:00-04:00,29.9419002532959,30.020000457763672,29.360000610351562,29.489999771118164,9467,0.0,0.0
2023-04-04 11:30:00-04:00,29.5,29.5,29.06999969482422,29.165000915527344,12281,0.0,0.0
2023-04-04 12:30:00-04:00,29.270000457763672,29.450000762939453,29.18829917907715,29.450000762939453,20656,0.0,0.0
2023-04-04 13:30:00-04:00,29.485000610351562,29.509899139404297,29.149999618530273,29.149999618530273,19884,0.0,0.0
2023-04-04 14:30:00-04:00,29.1200008392334,29.270000457763672,29.040000915527344,29.045000076293945,24795,0.0,0.0
2023-04-04 15:30:00-04:00,29.030000686645508,29.270000457763672,28.93000030517578,29.219999313354492,37897,0.0,0.0
2023-04-05 09:30:00-04:00,29.100000381469727,29.100000381469727,28.23240089416504,28.594999313354492,23627,0.0,0.0
2023-04-05 10:30:00-04:00,28.600000381469727,28.649999618530273,28.479999542236328,28.479999542236328,22488,0.0,0.0
2023-04-05 11:30:00-04:00,28.510000228881836,28.540000915527344,28.280000686645508,28.309999465942383,25198,0.0,0.0
2023-04-05 12:30:00-04:00,28.309999465942383,28.329999923706055,28.1299991607666,28.329999923706055,25871,0.0,0.0
2023-04-05 13:30:00-04:00,28.366899490356445,28.40999984741211,28.209999084472656,28.309999465942383,15898,0.0,0.0
2023-04-05 14:30:00-04:00,28.334999084472656,28.40999984741211,28.25,28.350000381469727,26193,0.0,0.0
2023-04-05 15:30:00-04:00,28.3799991607666,28.510000228881836,28.34000015258789,28.440000534057617,24833,0.0,0.0
2023-04-06 09:30:00-04:00,28.6200008392334,28.780000686645508,28.15999984741211,28.3799991607666,10269,0.0,0.0
2023-04-06 10:30:00-04:00,28.389999389648438,28.389999389648438,28.084999084472656,28.15999984741211,22133,0.0,0.0
2023-04-06 11:30:00-04:00,28.1200008392334,28.280000686645508,28.1200008392334,28.190000534057617,11692,0.0,0.0
2023-04-06 12:30:00-04:00,28.21500015258789,28.360000610351562,28.170000076293945,28.190000534057617,13197,0.0,0.0
2023-04-06 13:30:00-04:00,28.190000534057617,28.200000762939453,28.040000915527344,28.079999923706055,14840,0.0,0.0
2023-04-06 14:30:00-04:00,28.100000381469727,28.100000381469727,27.865400314331055,27.90999984741211,14677,0.0,0.0
2023-04-06 15:30:00-04:00,27.96500015258789,28.0,27.829999923706055,27.8799991607666,25259,0.0,0.0
2023-04-10 09:30:00-04:00,27.899999618530273,28.56999969482422,27.549999237060547,28.440000534057617,15716,0.0,0.0
2023-04-10 10:30:00-04:00,28.469999313354492,28.559999465942383,28.3799991607666,28.3799991607666,19041,0.0,0.0
2023-04-10 11:30:00-04:00,28.549999237060547,28.56999969482422,28.25,28.31999969482422,15411,0.0,0.0
2023-04-10 12:30:00-04:00,28.306299209594727,28.5,28.306299209594727,28.415000915527344,6015,0.0,0.0
2023-04-10 13:30:00-04:00,28.415000915527344,28.415000915527344,28.200000762939453,28.299999237060547,16732,0.0,0.0
2023-04-10 14:30:00-04:00,28.360000610351562,28.399999618530273,28.309999465942383,28.31999969482422,8948,0.0,0.0
2023-04-10 15:30:00-04:00,28.329999923706055,28.40999984741211,28.239999771118164,28.299999237060547,17845,0.0,0.0
2023-04-11 09:30:00-04:00,28.399999618530273,28.709999084472656,28.209999084472656,28.649999618530273,18085,0.0,0.0
2023-04-11 10:30:00-04:00,28.700000762939453,28.719999313354492,28.510099411010742,28.600000381469727,9550,0.0,0.0
2023-04-11 11:30:00-04:00,28.59000015258789,29.059999465942383,28.59000015258789,29.014999389648438,10634,0.0,0.0
2023-04-11 12:30:00-04:00,29.06999969482422,29.25,29.06999969482422,29.06999969482422,9616,0.0,0.0
2023-04-11 13:30:00-04:00,29.059999465942383,29.239999771118164,29.045000076293945,29.06999969482422,17326,0.0,0.0
2023-04-11 14:30:00-04:00,29.040000915527344,29.06999969482422,28.8799991607666,29.040000915527344,10479,0.0,0.0
2023-04-11 15:30:00-04:00,29.040000915527344,29.079999923706055,28.979999542236328,29.040000915527344,21003,0.0,0.0
2023-04-12 09:30:00-04:00,29.25,29.364999771118164,28.950000762939453,29.014999389648438,6187,0.0,0.0
2023-04-12 10:30:00-04:00,28.946500778198242,29.114999771118164,28.739999771118164,29.114999771118164,6421,0.0,0.0
2023-04-12 11:30:00-04:00,28.93000030517578,29.08839988708496,28.91010093688965,29.049999237060547,4450,0.0,0.0
2023-04-12 12:30:00-04:00,28.969999313354492,29.225000381469727,28.950000762939453,29.219999313354492,10989,0.0,0.0
2023-04-12 13:30:00-04:00,29.200000762939453,29.239999771118164,29.06999969482422,29.1299991607666,18941,0.0,0.0
2023-04-12 14:30:00-04:00,29.1299991607666,29.18000030517578,28.940000534057617,28.940000534057617,16285,0.0,0.0
2023-04-12 15:30:00-04:00,28.989999771118164,29.100000381469727,28.950000762939453,29.079999923706055,29176,0.0,0.0
2023-04-13 09:30:00-04:00,29.110000610351562,29.34000015258789,28.93000030517578,29.2549991607666,0,0.0,0.0
2023-04-13 10:30:00-04:00,29.18000030517578,29.270000457763672,28.989999771118164,29.0049991607666,9116,0.0,0.0
2023-04-13 11:30:00-04:00,28.9950008392334,29.104999542236328,28.969999313354492,29.104999542236328,6346,0.0,0.0
2023-04-13 12:30:00-04:00,29.100000381469727,29.229999542236328,29.040000915527344,29.145000457763672,9538,0.0,0.0
2023-04-13 13:30:00-04:00,29.139999389648438,29.219999313354492,29.100000381469727,29.19499969482422,6440,0.0,0.0
2023-04-13 14:30:00-04:00,29.184999465942383,29.209999084472656,29.09000015258789,29.145000457763672,17548,0.0,0.0
2023-04-13 15:30:00-04:00,29.1299991607666,29.15999984741211,29.000999450683594,29.06999969482422,14292,0.0,0.0
2023-04-14 09:30:00-04:00,29.15999984741211,29.649999618530273,29.15999984741211,29.334999084472656,11121,0.0,0.0
2023-04-14 10:30:00-04:00,29.25,29.43000030517578,29.139999389648438,29.290000915527344,5717,0.0,0.0
2023-04-14 11:30:00-04:00,29.25,29.325000762939453,29.149999618530273,29.31999969482422,6945,0.0,0.0
2023-04-14 12:30:00-04:00,29.325000762939453,29.325000762939453,29.0,29.139999389648438,8557,0.0,0.0
2023-04-14 13:30:00-04:00,29.114999771118164,29.135000228881836,28.993200302124023,29.135000228881836,6811,0.0,0.0
2023-04-14 14:30:00-04:00,29.19499969482422,29.200000762939453,29.09000015258789,29.190000534057617,7796,0.0,0.0
2023-04-14 15:30:00-04:00,29.190000534057617,29.25,29.100000381469727,29.170000076293945,19037,0.0,0.0
2023-04-17 09:30:00-04:00,29.18000030517578,29.283899307250977,29.033700942993164,29.079999923706055,12778,0.0,0.0
2023-04-17 10:30:00-04:00,29.110000610351562,29.110000610351562,28.9950008392334,29.020000457763672,13491,0.0,0.0
2023-04-17 11:30:00-04:00,29.010000228881836,29.239999771118164,28.985000610351562,29.239999771118164,10444,0.0,0.0
2023-04-17 12:30:00-04:00,29.25,29.275400161743164,29.209999084472656,29.209999084472656,8073,0.0,0.0
2023-04-17 13:30:00-04:00,29.229999542236328,29.290000915527344,29.149999618530273,29.28499984741211,7735,0.0,0.0
2023-04-17 14:30:00-04:00,29.28499984741211,29.709999084472656,29.28499984741211,29.709999084472656,10234,0.0,0.0
2023-04-17 15:30:00-04:00,29.719999313354492,29.780000686645508,29.579999923706055,29.670000076293945,18326,0.0,0.0
2023-04-18 09:30:00-04:00,29.709999084472656,30.174999237060547,29.69499969482422,29.8799991607666,13790,0.0,0.0
2023-04-18 10:30:00-04:00,29.905000686645508,29.93000030517578,29.780000686645508,29.909900665283203,11689,0.0,0.0
2023-04-18 11:30:00-04:00,29.895000457763672,30.31999969482422,29.860000610351562,30.219999313354492,21119,0.0,0.0
2023-04-18 12:30:00-04:00,30.25,30.270000457763672,30.1299991607666,30.219999313354492,11472,0.0,0.0
2023-04-18 13:30:00-04:00,30.15999984741211,30.239999771118164,30.059999465942383,30.079999923706055,16097,0.0,0.0
2023-04-18 14:30:00-04:00,30.104999542236328,30.190000534057617,29.924999237060547,30.190000534057617,22152,0.0,0.0
2023-04-18 15:30:00-04:00,30.1299991607666,30.209999084472656,30.059999465942383,30.209999084472656,15437,0.0,0.0
2023-04-19 09:30:00-04:00,29.850000381469727,29.940000534057617,29.260000228881836,29.334999084472656,20770,0.0,0.0
2023-04-19 10:30:00-04:00,29.270000457763672,29.600000381469727,29.270000457763672,29.489999771118164,10695,0.0,0.0
2023-04-19 11:30:00-04:00,29.50860023498535,29.56999969482422,29.40999984741211,29.530000686645508,7266,0.0,0.0
2023-04-19 12:30:00-04:00,29.575000762939453,29.635000228881836,29.469999313354492,29.56999969482422,8379,0.0,0.0
2023-04-19 13:30:00-04:00,29.6200008392334,29.690000534057617,29.469999313354492,29.584999084472656,11158,0.0,0.0
2023-04-19 14:30:00-04:00,29.559999465942383,29.575000762939453,29.459999084472656,29.56999969482422,7699,0.0,0.0
2023-04-19 15:30:00-04:00,29.56999969482422,29.56999969482422,29.450000762939453,29.489999771118164,17744,0.0,0.0
2023-04-20 09:30:00-04:00,29.3700008392334,29.90999984741211,29.3700008392334,29.8799991607666,8367,0.0,0.0
2023-04-20 10:30:00-04:00,30.0,30.0,29.809999465942383,29.84000015258789,5853,0.0,0.0
2023-04-20 11:30:00-04:00,29.84000015258789,29.950000762939453,29.75,29.90999984741211,11508,0.0,0.0
2023-04-20 12:30:00-04:00,29.889999389648438,29.93000030517578,29.889999389648438,29.899999618530273,5129,0.0,0.0
2023-04-20 13:30:00-04:00,29.8700008392334,29.8700008392334,29.700000762939453,29.700000762939453,4933,0.0,0.0
2023-04-20 14:30:00-04:00,29.65180015563965,29.65999984741211,29.459999084472656,29.56999969482422,10025,0.0,0.0
2023-04-20 15:30:00-04:00,29.579999923706055,29.75,29.56999969482422,29.691999435424805,12642,0.0,0.0
2023-04-21 09:30:00-04:00,29.610000610351562,29.690000534057617,29.450000762939453,29.530000686645508,16332,0.0,0.0
2023-04-21 10:30:00-04:00,29.6200008392334,29.690000534057617,29.43000030517578,29.639999389648438,12056,0.0,0.0
2023-04-21 11:30:00-04:00,29.670000076293945,29.86549949645996,29.59000015258789,29.825000762939453,7405,0.0,0.0
2023-04-21 12:30:00-04:00,29.825000762939453,29.920000076293945,29.75,29.75,8289,0.0,0.0
2023-04-21 13:30:00-04:00,29.790000915527344,29.960899353027344,29.790000915527344,29.960899353027344,18175,0.0,0.0
2023-04-21 14:30:00-04:00,29.969999313354492,30.100000381469727,29.790000915527344,29.790000915527344,27841,0.0,0.0
2023-04-21 15:30:00-04:00,29.774999618530273,29.8799991607666,29.649999618530273,29.649999618530273,34496,0.0,0.0
2023-04-24 09:30:00-04:00,29.59000015258789,30.0,29.524999618530273,29.8799991607666,10434,0.0,0.0
2023-04-24 10:30:00-04:00,29.8700008392334,29.8700008392334,29.260000228881836,29.270000457763672,11704,0.0,0.0
2023-04-24 11:30:00-04:00,29.329999923706055,29.420000076293945,29.049999237060547,29.110000610351562,11778,0.0,0.0
2023-04-24 12:30:00-04:00,29.1200008392334,29.239999771118164,29.100000381469727,29.209999084472656,14921,0.0,0.0
2023-04-24 13:30:00-04:00,29.34000015258789,29.389999389648438,29.260000228881836,29.299999237060547,15378,0.0,0.0
2023-04-24 14:30:00-04:00,29.325000762939453,29.450000762939453,29.299999237060547,29.3799991607666,10155,0.0,0.0
2023-04-24 15:30:00-04:00,29.415000915527344,29.415000915527344,29.219999313354492,29.280000686645508,22235,0.0,0.0
2023-04-25 09:30:00-04:00,29.100000381469727,29.450000762939453,28.609800338745117,28.979999542236328,0,0.0,0.0
2023-04-25 10:30:00-04:00,28.885000228881836,28.999099731445312,28.850000381469727,28.979999542236328,8837,0.0,0.0
2023-04-25 11:30:00-04:00,29.010000228881836,29.010000228881836,28.719999313354492,28.719999313354492,8190,0.0,0.0
2023-04-25 12:30:00-04:00,28.770000457763672,28.828500747680664,28.450000762939453,28.475000381469727,11384,0.0,0.0
2023-04-25 13:30:00-04:00,28.399999618530273,28.53499984741211,28.239999771118164,28.360000610351562,23401,0.0,0.0
2023-04-25 14:30:00-04:00,28.290000915527344,28.3799991607666,28.1299991607666,28.2450008392334,24559,0.0,0.0
2023-04-25 15:30:00-04:00,28.25,28.354999542236328,28.15999984741211,28.270000457763672,38883,0.0,0.0
2023-04-26 09:30:00-04:00,28.655000686645508,29.280000686645508,28.469999313354492,28.63800048828125,54793,0.0,0.0
2023-04-26 10:30:00-04:00,28.600000381469727,28.920000076293945,28.459999084472656,28.91990089416504,28431,0.0,0.0
2023-04-26 11:30:00-04:00,28.9143009185791,28.920000076293945,28.719999313354492,28.81999969482422,25660,0.0,0.0
2023-04-26 12:30:00-04:00,28.850000381469727,28.940000534057617,28.700000762939453,28.80500030517578,20498,0.0,0.0
2023-04-26 13:30:00-04:00,28.815000534057617,28.829999923706055,28.690000534057617,28.739999771118164,18587,0.0,0.0
2023-04-26 14:30:00-04:00,28.770000457763672,28.780000686645508,28.520000457763672,28.524999618530273,25322,0.0,0.0
2023-04-26 15:30:00-04:00,28.524999618530273,28.540000915527344,28.399999618530273,28.459999084472656,29835,0.0,0.0
2023-04-27 09:30:00-04:00,28.5,28.700000762939453,27.270000457763672,27.875,72317,0.0,0.0
2023-04-27 10:30:00-04:00,27.84000015258789,27.929899215698242,27.489999771118164,27.760000228881836,26363,0.0,0.0
2023-04-27 11:30:00-04:00,27.75,28.385000228881836,27.670000076293945,28.385000228881836,68825,0.0,0.0
2023-04-27 12:30:00-04:00,28.350000381469727,28.540000915527344,28.25,28.399999618530273,20392,0.0,0.0
2023-04-27 13:30:00-04:00,28.405000686645508,28.405000686645508,28.219999313354492,28.299999237060547,34340,0.0,0.0
2023-04-27 14:30:00-04:00,28.299999237060547,28.661300659179688,28.260000228881836,28.661300659179688,51223,0.0,0.0
2023-04-27 15:30:00-04:00,28.645000457763672,28.875,28.6289005279541,28.860000610351562,31269,0.0,0.0
2023-04-28 09:30:00-04:00,28.719999313354492,29.489999771118164,28.719999313354492,29.360000610351562,9615,0.0,0.0
2023-04-28 10:30:00-04:00,29.3700008392334,29.78499984741211,29.34000015258789,29.610000610351562,21764,0.0,0.0
2023-04-28 11:30:00-04:00,29.739999771118164,29.799999237060547,29.399999618530273,29.399999618530273,12037,0.0,0.0
2023-04-28 12:30:00-04:00,29.420000076293945,29.559999465942383,29.3799991607666,29.454999923706055,11046,0.0,0.0
2023-04-28 13:30:00-04:00,29.479999542236328,29.540000915527344,29.381500244140625,29.43000030517578,14549,0.0,0.0
2023-04-28 14:30:00-04:00,29.40999984741211,29.520000457763672,29.299999237060547,29.469999313354492,18505,0.0,0.0
2023-04-28 15:30:00-04:00,29.450000762939453,29.5,29.229999542236328,29.259000778198242,20856,0.0,0.0
2023-05-01 09:30:00-04:00,29.110000610351562,29.679899215698242,29.0,29.530000686645508,22542,0.0,0.0
2023-05-01 10:30:00-04:00,29.565000534057617,29.622100830078125,29.3700008392334,29.469999313354492,17932,0.0,0.0
2023-05-01 11:30:00-04:00,29.479999542236328,29.684999465942383,29.479999542236328,29.684999465942383,4200,0.0,0.0
2023-05-01 12:30:00-04:00,29.6200008392334,29.735000610351562,29.610000610351562,29.610000610351562,9595,0.0,0.0
2023-05-01 13:30:00-04:00,29.600000381469727,29.65999984741211,29.531200408935547,29.584999084472656,7367,0.0,0.0
2023-05-01 14:30:00-04:00,29.61989974975586,29.6200008392334,29.489999771118164,29.608999252319336,10119,0.0,0.0
2023-05-01 15:30:00-04:00,29.584999084472656,29.809999465942383,29.56999969482422,29.799999237060547,15861,0.0,0.0
2023-05-02 09:30:00-04:00,29.530000686645508,29.667499542236328,29.04010009765625,29.06999969482422,17223,0.0,0.0
2023-05-02 10:30:00-04:00,29.1299991607666,29.1299991607666,28.719999313354492,29.030000686645508,26764,0.0,0.0
2023-05-02 11:30:00-04:00,28.950000762939453,29.239999771118164,28.950000762939453,29.200000762939453,18849,0.0,0.0
2023-05-02 12:30:00-04:00,29.237499237060547,29.415000915527344,29.237499237060547,29.385000228881836,12439,0.0,0.0
2023-05-02 13:30:00-04:00,29.40999984741211,29.610000610351562,29.395000457763672,29.559999465942383,12929,0.0,0.0
2023-05-02 14:30:00-04:00,29.540000915527344,29.75,29.530000686645508,29.68000030517578,10720,0.0,0.0
2023-05-02 15:30:00-04:00,29.704999923706055,29.839000701904297,29.65999984741211,29.780000686645508,18724,0.0,0.0
2023-05-03 09:30:00-04:00,29.729999542236328,30.469999313354492,29.729999542236328,30.239999771118164,14323,0.0,0.0
2023-05-03 10:30:00-04:00,30.155000686645508,30.18000030517578,30.020000457763672,30.020000457763672,9239,0.0,0.0
2023-05-03 11:30:00-04:00,30.010000228881836,30.200000762939453,29.969999313354492,30.200000762939453,10313,0.0,0.0
2023-05-03 12:30:00-04:00,30.200000762939453,30.200000762939453,29.950000762939453,30.170000076293945,6879,0.0,0.0
2023-05-03 13:30:00-04:00,30.18000030517578,30.18000030517578,29.795000076293945,30.030000686645508,11229,0.0,0.0
2023-05-03 14:30:00-04:00,30.0,30.010000228881836,29.700000762939453,29.719999313354492,15255,0.0,0.0
2023-05-03 15:30:00-04:00,29.68000030517578,29.68000030517578,29.510000228881836,29.559999465942383,16842,0.0,0.0
2023-05-04 09:30:00-04:00,29.360000610351562,29.360000610351562,28.860000610351562,28.899999618530273,17031,0.0,0.0
2023-05-04 10:30:00-04:00,28.889999389648438,28.889999389648438,28.545000076293945,28.610000610351562,19410,0.0,0.0
2023-05-04 11:30:00-04:00,28.600000381469727,28.700000762939453,28.420000076293945,28.469999313354492,12880,0.0,0.0
2023-05-04 12:30:00-04:00,28.531400680541992,28.639999389648438,28.459999084472656,28.540000915527344,14087,0.0,0.0
2023-05-04 13:30:00-04:00,28.520000457763672,28.55500030517578,28.30470085144043,28.30470085144043,14183,0.0,0.0
2023-05-04 14:30:00-04:00,28.280000686645508,28.34000015258789,28.174999237060547,28.260000228881836,19325,0.0,0.0
2023-05-04 15:30:00-04:00,28.25,28.260000228881836,28.05500030517578,28.229999542236328,27851,0.0,0.0
2023-05-05 09:30:00-04:00,28.739999771118164,28.860000610351562,28.200000762939453,28.440000534057617,16429,0.0,0.0
2023-05-05 10:30:00-04:00,28.44499969482422,28.44499969482422,28.219999313354492,28.270000457763672,10196,0.0,0.0
2023-05-05 11:30:00-04:00,28.270000457763672,28.3799991607666,28.21500015258789,28.270000457763672,12837,0.0,0.0
2023-05-05 12:30:00-04:00,28.309999465942383,28.5,28.110000610351562,28.474899291992188,28168,0.0,0.0
2023-05-05 13:30:00-04:00,28.510000228881836,28.844999313354492,28.510000228881836,28.799999237060547,11269,0.0,0.0
2023-05-05 14:30:00-04:00,28.80500030517578,29.06999969482422,28.8031005859375,28.950000762939453,15211,0.0,0.0
2023-05-05 15:30:00-04:00,28.920000076293945,28.920000076293945,28.75,28.790000915527344,19540,0.0,0.0
2023-05-08 09:30:00-04:00,28.829999923706055,29.280000686645508,28.770000457763672,28.84000015258789,14925,0.0,0.0
2023-05-08 10:30:00-04:00,28.84000015258789,29.030000686645508,28.84000015258789,28.940000534057617,10149,0.0,0.0
2023-05-08 11:30:00-04:00,28.950000762939453,29.059999465942383,28.940000534057617,29.0,7797,0.0,0.0
2023-05-08 12:30:00-04:00,29.059999465942383,29.200000762939453,29.027700424194336,29.139999389648438,5427,0.0,0.0
2023-05-08 13:30:00-04:00,29.15999984741211,29.28499984741211,29.143800735473633,29.28499984741211,9182,0.0,0.0
2023-05-08 14:30:00-04:00,29.299999237060547,29.299999237060547,29.229999542236328,29.25,6791,0.0,0.0
2023-05-08 15:30:00-04:00,29.219999313354492,29.280000686645508,29.030000686645508,29.049999237060547,21783,0.0,0.0
2023-05-09 09:30:00-04:00,28.81999969482422,28.94569969177246,28.665000915527344,28.829999923706055,7154,0.0,0.0
2023-05-09 10:30:00-04:00,28.809999465942383,28.96500015258789,28.799999237060547,28.850000381469727,6284,0.0,0.0
2023-05-09 11:30:00-04:00,28.790000915527344,28.979999542236328,28.790000915527344,28.979999542236328,6728,0.0,0.0
2023-05-09 12:30:00-04:00,28.989999771118164,29.049999237060547,28.809999465942383,28.858999252319336,18731,0.0,0.0
2023-05-09 13:30:00-04:00,28.8700008392334,28.969999313354492,28.84000015258789,28.860000610351562,11780,0.0,0.0
2023-05-09 14:30:00-04:00,28.8799991607666,28.8799991607666,28.729999542236328,28.770000457763672,31963,0.0,0.0
2023-05-09 15:30:00-04:00,28.75,28.75,28.635000228881836,28.65999984741211,28256,0.0,0.0
2023-05-10 09:30:00-04:00,30.489999771118164,30.700000762939453,27.75,27.854999542236328,48336,0.0,0.0
2023-05-10 10:30:00-04:00,27.850000381469727,28.4960994720459,27.670000076293945,28.260000228881836,24353,0.0,0.0
2023-05-10 11:30:00-04:00,28.329999923706055,28.8700008392334,28.309999465942383,28.854999542236328,20726,0.0,0.0
2023-05-10 12:30:00-04:00,28.84000015258789,28.860000610351562,27.514999389648438,27.75,33446,0.0,0.0
2023-05-10 13:30:00-04:00,27.700000762939453,27.700000762939453,27.225000381469727,27.65999984741211,36283,0.0,0.0
2023-05-10 14:30:00-04:00,27.688899993896484,27.934999465942383,27.540000915527344,27.739999771118164,45676,0.0,0.0
2023-05-10 15:30:00-04:00,27.790000915527344,27.790000915527344,27.440000534057617,27.489999771118164,42859,0.0,0.0
2023-05-11 09:30:00-04:00,27.6299991607666,28.333999633789062,27.354999542236328,28.200000762939453,37810,0.0,0.0
2023-05-11 10:30:00-04:00,28.09000015258789,28.1299991607666,27.725000381469727,27.84000015258789,21150,0.0,0.0
2023-05-11 11:30:00-04:00,27.684999465942383,28.010000228881836,27.684999465942383,27.8700008392334,15953,0.0,0.0
2023-05-11 12:30:00-04:00,27.809999465942383,27.989999771118164,27.75,27.799999237060547,16509,0.0,0.0
2023-05-11 13:30:00-04:00,27.739999771118164,27.850000381469727,27.610000610351562,27.665000915527344,15774,0.0,0.0
2023-05-11 14:30:00-04:00,27.6299991607666,27.725000381469727,27.559999465942383,27.645000457763672,17588,0.0,0.0
2023-05-11 15:30:00-04:00,27.6200008392334,27.6200008392334,27.440000534057617,27.479999542236328,32028,0.0,0.0
2023-05-12 09:30:00-04:00,27.739999771118164,28.56999969482422,27.549999237060547,27.969999313354492,33412,0.0,0.0
2023-05-12 10:30:00-04:00,27.959999084472656,28.079999923706055,27.850000381469727,27.959999084472656,8930,0.0,0.0
2023-05-12 11:30:00-04:00,27.88990020751953,27.979999542236328,27.690000534057617,27.690000534057617,5153,0.0,0.0
2023-05-12 12:30:00-04:00,27.760000228881836,27.889999389648438,27.704999923706055,27.704999923706055,10877,0.0,0.0
2023-05-12 13:30:00-04:00,27.65999984741211,27.65999984741211,27.40999984741211,27.530000686645508,8618,0.0,0.0
2023-05-12 14:30:00-04:00,27.53499984741211,27.600000381469727,27.459999084472656,27.5,17504,0.0,0.0
2023-05-12 15:30:00-04:00,27.55500030517578,27.739999771118164,27.520000457763672,27.739999771118164,22946,0.0,0.0
2023-05-15 09:30:00-04:00,27.889999389648438,28.21500015258789,27.84000015258789,28.1200008392334,19356,0.0,0.0
2023-05-15 10:30:00-04:00,28.1299991607666,28.1299991607666,27.889999389648438,28.020000457763672,14058,0.0,0.0
2023-05-15 11:30:00-04:00,28.0,28.0,27.829999923706055,27.915000915527344,8455,0.0,0.0
2023-05-15 12:30:00-04:00,27.8799991607666,28.170000076293945,27.8700008392334,28.079999923706055,10898,0.0,0.0
2023-05-15 13:30:00-04:00,28.06999969482422,28.06999969482422,27.969999313354492,27.969999313354492,10975,0.0,0.0
2023-05-15 14:30:00-04:00,27.979999542236328,28.0,27.860000610351562,27.905000686645508,14411,0.0,0.0
2023-05-15 15:30:00-04:00,27.889999389648438,28.065000534057617,27.8799991607666,27.969999313354492,26479,0.0,0.0
2023-05-16 09:30:00-04:00,27.59000015258789,27.790000915527344,27.34000015258789,27.475000381469727,27379,0.0,0.0
2023-05-16 10:30:00-04:00,27.454999923706055,27.969999313354492,27.41550064086914,27.844999313354492,13501,0.0,0.0
2023-05-16 11:30:00-04:00,27.889999389648438,27.989999771118164,27.760000228881836,27.809999465942383,9793,0.0,0.0
2023-05-16 12:30:00-04:00,27.787399291992188,27.889999389648438,27.764999389648438,27.764999389648438,4852,0.0,0.0
2023-05-16 13:30:00-04:00,27.729999542236328,27.850000381469727,27.69499969482422,27.725000381469727,9164,0.0,0.0
2023-05-16 14:30:00-04:00,27.700000762939453,27.729999542236328,27.610000610351562,27.728099822998047,16500,0.0,0.0
2023-05-16 15:30:00-04:00,27.760000228881836,27.780000686645508,27.645000457763672,27.65999984741211,14791,0.0,0.0
2023-05-17 09:30:00-04:00,27.75,28.014999389648438,27.75,27.81999969482422,6896,0.0,0.0
2023-05-17 10:30:00-04:00,28.03499984741211,28.229999542236328,27.885000228881836,28.229999542236328,6754,0.0,0.0
2023-05-17 11:30:00-04:00,28.149999618530273,28.299999237060547,28.139999389648438,28.219999313354492,12187,0.0,0.0
2023-05-17 12:30:00-04:00,28.299999237060547,28.479999542236328,28.299999237060547,28.3799991607666,10493,0.0,0.0
2023-05-17 13:30:00-04:00,28.399999618530273,28.5,28.325000762939453,28.344999313354492,9516,0.0,0.0
2023-05-17 14:30:00-04:00,28.260000228881836,28.559999465942383,28.260000228881836,28.450000762939453,15624,0.0,0.0
2023-05-17 15:30:00-04:00,28.479999542236328,28.520000457763672,28.420000076293945,28.450000762939453,22939,0.0,0.0
2023-05-18 09:30:00-04:00,28.469999313354492,28.65999984741211,28.43000030517578,28.624000549316406,10224,0.0,0.0
2023-05-18 10:30:00-04:00,28.645000457763672,28.889999389648438,28.600000381469727,28.8700008392334,9835,0.0,0.0
2023-05-18 11:30:00-04:00,28.899999618530273,29.040000915527344,28.809999465942383,28.829999923706055,6977,0.0,0.0
2023-05-18 12:30:00-04:00,28.860000610351562,28.972700119018555,28.799999237060547,28.815000534057617,5119,0.0,0.0
2023-05-18 13:30:00-04:00,28.8700008392334,28.96500015258789,28.799999237060547,28.8799991607666,6262,0.0,0.0
2023-05-18 14:30:00-04:00,28.915000915527344,29.024999618530273,28.889999389648438,28.920000076293945,10138,0.0,0.0
2023-05-18 15:30:00-04:00,28.928300857543945,28.979999542236328,28.84000015258789,28.889999389648438,21854,0.0,0.0
2023-05-19 09:30:00-04:00,29.149999618530273,29.149999618530273,28.079999923706055,28.170000076293945,18229,0.0,0.0
2023-05-19 10:30:00-04:00,28.190000534057617,28.329999923706055,27.959999084472656,27.959999084472656,25328,0.0,0.0
2023-05-19 11:30:00-04:00,27.8700008392334,27.891000747680664,27.6299991607666,27.75,17644,0.0,0.0
2023-05-19 12:30:00-04:00,27.799999237060547,27.90999984741211,27.719999313354492,27.729999542236328,9824,0.0,0.0
2023-05-19 13:30:00-04:00,27.75,27.860000610351562,27.59000015258789,27.59000015258789,17265,0.0,0.0
2023-05-19 14:30:00-04:00,27.575000762939453,27.829999923706055,27.540000915527344,27.75,13740,0.0,0.0
2023-05-19 15:30:00-04:00,27.760000228881836,27.920000076293945,27.759899139404297,27.90999984741211,19465,0.0,0.0
2023-05-22 09:30:00-04:00,27.889999389648438,28.200000762939453,27.79450035095215,28.184999465942383,15826,0.0,0.0
2023-05-22 10:30:00-04:00,28.170000076293945,28.170000076293945,27.97599983215332,28.110000610351562,9661,0.0,0.0
2023-05-22 11:30:00-04:00,28.149999618530273,28.170000076293945,27.96500015258789,28.06999969482422,13732,0.0,0.0
2023-05-22 12:30:00-04:00,28.07990074157715,28.170000076293945,27.975000381469727,28.1299991607666,8415,0.0,0.0
2023-05-22 13:30:00-04:00,28.030000686645508,28.15999984741211,28.030000686645508,28.1200008392334,6638,0.0,0.0
2023-05-22 14:30:00-04:00,28.170000076293945,28.262500762939453,28.165000915527344,28.209999084472656,9637,0.0,0.0
2023-05-22 15:30:00-04:00,28.149999618530273,28.219999313354492,28.059999465942383,28.219999313354492,17624,0.0,0.0
2023-05-23 09:30:00-04:00,28.010000228881836,28.31999969482422,27.83690071105957,28.290000915527344,15112,0.0,0.0
2023-05-23 10:30:00-04:00,28.329999923706055,28.399999618530273,28.118499755859375,28.399999618530273,8132,0.0,0.0
2023-05-23 11:30:00-04:00,28.389999389648438,28.389999389648438,28.065000534057617,28.110000610351562,9617,0.0,0.0
2023-05-23 12:30:00-04:00,28.065000534057617,28.2549991607666,28.0049991607666,28.145000457763672,15481,0.0,0.0
2023-05-23 13:30:00-04:00,28.149999618530273,28.260000228881836,27.989999771118164,28.100000381469727,17363,0.0,0.0
2023-05-23 14:30:00-04:00,28.104999542236328,28.170000076293945,28.030000686645508,28.06999969482422,13343,0.0,0.0
2023-05-23 15:30:00-04:00,28.09000015258789,28.170000076293945,27.979999542236328,28.010000228881836,13530,0.0,0.0
2023-05-24 09:30:00-04:00,28.040000915527344,28.09000015258789,27.729999542236328,27.809999465942383,12277,0.0,0.0
2023-05-24 10:30:00-04:00,27.829999923706055,28.040000915527344,27.829999923706055,27.940000534057617,8774,0.0,0.0
2023-05-24 11:30:00-04:00,27.899999618530273,27.899999618530273,27.760000228881836,27.761999130249023,9645,0.0,0.0
2023-05-24 12:30:00-04:00,27.760099411010742,27.799999237060547,27.43000030517578,27.450000762939453,41206,0.0,0.0
2023-05-24 13:30:00-04:00,27.5,27.540000915527344,27.260000228881836,27.260000228881836,22256,0.0,0.0
2023-05-24 14:30:00-04:00,27.25,27.32990074157715,27.140100479125977,27.21500015258789,24096,0.0,0.0
2023-05-24 15:30:00-04:00,27.25,27.270000457763672,27.06999969482422,27.100000381469727,25842,0.0,0.0
2023-05-25 09:30:00-04:00,26.940000534057617,27.549999237060547,26.940000534057617,27.15999984741211,20195,0.0,0.0
2023-05-25 10:30:00-04:00,27.170000076293945,27.191499710083008,26.905000686645508,26.950000762939453,9889,0.0,0.0
2023-05-25 11:30:00-04:00,26.940000534057617,27.059999465942383,26.799999237060547,27.010000228881836,10781,0.0,0.0
2023-05-25 12:30:00-04:00,27.010000228881836,27.149999618530273,26.940000534057617,27.1299991607666,10380,0.0,0.0
2023-05-25 13:30:00-04:00,27.100000381469727,27.15999984741211,27.01180076599121,27.049999237060547,10207,0.0,0.0
2023-05-25 14:30:00-04:00,27.020000457763672,27.110000610351562,26.93000030517578,27.079999923706055,16626,0.0,0.0
2023-05-25 15:30:00-04:00,27.110000610351562,27.167299270629883,27.059999465942383,27.100000381469727,25075,0.0,0.0
2023-05-26 09:30:00-04:00,27.1299991607666,27.34000015258789,27.06999969482422,27.290000915527344,13036,0.0,0.0
2023-05-26 10:30:00-04:00,27.270000457763672,27.270000457763672,27.040700912475586,27.049999237060547,8100,0.0,0.0
2023-05-26 11:30:00-04:00,27.049999237060547,27.1299991607666,26.89889907836914,27.1200008392334,13689,0.0,0.0
2023-05-26 12:30:00-04:00,27.149999618530273,27.170000076293945,27.09000015258789,27.139999389648438,6347,0.0,0.0
2023-05-26 13:30:00-04:00,27.1299991607666,27.190000534057617,27.104999542236328,27.149999618530273,11997,0.0,0.0
2023-05-26 14:30:00-04:00,27.1299991607666,27.149999618530273,26.989999771118164,27.010000228881836,15790,0.0,0.0
2023-05-26 15:30:00-04:00,27.03499984741211,27.059999465942383,26.90999984741211,26.910600662231445,32304,0.0,0.0
2023-05-30 09:30:00-04:00,26.920000076293945,26.969999313354492,26.67300033569336,26.707500457763672,13152,0.0,0.0
2023-05-30 10:30:00-04:00,26.709999084472656,26.709999084472656,26.43000030517578,26.43000030517578,12970,0.0,0.0
2023-05-30 11:30:00-04:00,26.440000534057617,26.468000411987305,26.360000610351562,26.3700008392334,13271,0.0,0.0
2023-05-30 12:30:00-04:00,26.3700008392334,26.409799575805664,26.25,26.290000915527344,15527,0.0,0.0
2023-05-30 13:30:00-04:00,26.280000686645508,26.350000381469727,26.170000076293945,26.350000381469727,12024,0.0,0.0
2023-05-30 14:30:00-04:00,26.360000610351562,26.420000076293945,26.200000762939453,26.399999618530273,21146,0.0,0.0
2023-05-30 15:30:00-04:00,26.3799991607666,26.81999969482422,26.3799991607666,26.690000534057617,72647,0.0,0.0
2023-05-31 09:30:00-04:00,26.149999618530273,26.579999923706055,25.799999237060547,25.825000762939453,30303,0.0,0.0
2023-05-31 10:30:00-04:00,25.862499237060547,26.059999465942383,25.825000762939453,26.0,24048,0.0,0.0
2023-05-31 11:30:00-04:00,25.989999771118164,26.315000534057617,25.979999542236328,26.270000457763672,17712,0.0,0.0
2023-05-31 12:30:00-04:00,26.309999465942383,26.40999984741211,26.239999771118164,26.399999618530273,14929,0.0,0.0
2023-05-31 13:30:00-04:00,26.420000076293945,26.68000030517578,26.420000076293945,26.649999618530273,20602,0.0,0.0
2023-05-31 14:30:00-04:00,26.68000030517578,26.719999313354492,26.59000015258789,26.59000015258789,17976,0.0,0.0
2023-05-31 15:30:00-04:00,26.610000610351562,26.790000915527344,26.469999313354492,26.5,37692,0.0,0.0
2023-06-01 09:30:00-04:00,26.459999084472656,26.549999237060547,26.200000762939453,26.520000457763672,9998,0.0,0.0
2023-06-01 10:30:00-04:00,26.5049991607666,26.735000610351562,26.5,26.690000534057617,14062,0.0,0.0
2023-06-01 11:30:00-04:00,26.710100173950195,26.770000457763672,26.59000015258789,26.59000015258789,3141,0.0,0.0
2023-06-01 12:30:00-04:00,26.6200008392334,26.6200008392334,26.34000015258789,26.399999618530273,8750,0.0,0.0
2023-06-01 13:30:00-04:00,26.3700008392334,26.549999237060547,26.34000015258789,26.549999237060547,9379,0.0,0.0
2023-06-01 14:30:00-04:00,26.56999969482422,26.700000762939453,26.510000228881836,26.59000015258789,10370,0.0,0.0
2023-06-01 15:30:00-04:00,26.56999969482422,26.584999084472656,26.375,26.530000686645508,23015,0.0,0.0
2023-06-02 09:30:00-04:00,26.90999984741211,27.19499969482422,26.90999984741211,27.084999084472656,12932,0.0,0.0
2023-06-02 10:30:00-04:00,27.110000610351562,27.299999237060547,27.059999465942383,27.15999984741211,16199,0.0,0.0
2023-06-02 11:30:00-04:00,27.174999237060547,27.299999237060547,27.079999923706055,27.299999237060547,7159,0.0,0.0
2023-06-02 12:30:00-04:00,27.309999465942383,27.489999771118164,27.280000686645508,27.450000762939453,11297,0.0,0.0
2023-06-02 13:30:00-04:00,27.475000381469727,27.6200008392334,27.475000381469727,27.59000015258789,8236,0.0,0.0
2023-06-02 14:30:00-04:00,27.6200008392334,27.764999389648438,27.6200008392334,27.684999465942383,7320,0.0,0.0
2023-06-02 15:30:00-04:00,27.700000762939453,27.829999923706055,27.639999389648438,27.639999389648438,45450,0.0,0.0
2023-06-05 09:30:00-04:00,27.469999313354492,27.5,27.149999618530273,27.149999618530273,10258,0.0,0.0
2023-06-05 10:30:00-04:00,27.149999618530273,27.309999465942383,27.1200008392334,27.309999465942383,9406,0.0,0.0
2023-06-05 11:30:00-04:00,27.315000534057617,27.360000610351562,27.270000457763672,27.280000686645508,13187,0.0,0.0
2023-06-05 12:30:00-04:00,27.280000686645508,27.309999465942383,27.149999618530273,27.149999618530273,13138,0.0,0.0
2023-06-05 13:30:00-04:00,27.09000015258789,27.18000030517578,27.079999923706055,27.079999923706055,10347,0.0,0.0
2023-06-05 14:30:00-04:00,27.017000198364258,27.040000915527344,26.800100326538086,26.860000610351562,18288,0.0,0.0
2023-06-05 15:30:00-04:00,26.850000381469727,27.010000228881836,26.850000381469727,26.940000534057617,14623,0.0,0.0
2023-06-06 09:30:00-04:00,26.969999313354492,28.229999542236328,26.969999313354492,28.18000030517578,21246,0.0,0.0
2023-06-06 10:30:00-04:00,28.280000686645508,28.610000610351562,28.280000686645508,28.610000610351562,15865,0.0,0.0
2023-06-06 11:30:00-04:00,28.700000762939453,29.09000015258789,28.6299991607666,28.979999542236328,31259,0.0,0.0
2023-06-06 12:30:00-04:00,28.8799991607666,28.90999984741211,28.489999771118164,28.489999771118164,14002,0.0,0.0
2023-06-06 13:30:00-04:00,28.479999542236328,28.850000381469727,28.479999542236328,28.850000381469727,21489,0.0,0.0
2023-06-06 14:30:00-04:00,28.760000228881836,29.010000228881836,28.725000381469727,29.010000228881836,18337,0.0,0.0
2023-06-06 15:30:00-04:00,28.989999771118164,29.09000015258789,28.940000534057617,29.010000228881836,21726,0.0,0.0
2023-06-07 09:30:00-04:00,29.059999465942383,29.799999237060547,29.059999465942383,29.59000015258789,12554,0.0,0.0
2023-06-07 10:30:00-04:00,29.65999984741211,29.940000534057617,29.540000915527344,29.920000076293945,8422,0.0,0.0
2023-06-07 11:30:00-04:00,29.979999542236328,30.032499313354492,29.854999542236328,29.854999542236328,7050,0.0,0.0
2023-06-07 12:30:00-04:00,29.889999389648438,29.899999618530273,29.725000381469727,29.889999389648438,9771,0.0,0.0
2023-06-07 13:30:00-04:00,29.950000762939453,29.959999084472656,29.81999969482422,29.899999618530273,9973,0.0,0.0
2023-06-07 14:30:00-04:00,29.90999984741211,30.200000762939453,29.8700008392334,30.200000762939453,20178,0.0,0.0
2023-06-07 15:30:00-04:00,30.219999313354492,30.290000915527344,30.09000015258789,30.1299991607666,21007,0.0,0.0
2023-06-08 09:30:00-04:00,29.959999084472656,29.965299606323242,29.209999084472656,29.299999237060547,12122,0.0,0.0
2023-06-08 10:30:00-04:00,29.204999923706055,29.545000076293945,29.18600082397461,29.5,12496,0.0,0.0
2023-06-08 11:30:00-04:00,29.540000915527344,29.540000915527344,29.34000015258789,29.440000534057617,7555,0.0,0.0
2023-06-08 12:30:00-04:00,29.450000762939453,29.530000686645508,29.420000076293945,29.524999618530273,9903,0.0,0.0
2023-06-08 13:30:00-04:00,29.540000915527344,29.579999923706055,29.43000030517578,29.510000228881836,13086,0.0,0.0
2023-06-08 14:30:00-04:00,29.525999069213867,29.760000228881836,29.514999389648438,29.59000015258789,10641,0.0,0.0
2023-06-08 15:30:00-04:00,29.549999237060547,29.639999389648438,29.479999542236328,29.579999923706055,15248,0.0,0.0
2023-06-09 09:30:00-04:00,29.469999313354492,29.790000915527344,29.354999542236328,29.6299991607666,18123,0.0,0.0
2023-06-09 10:30:00-04:00,29.71500015258789,29.790000915527344,29.639999389648438,29.75,5969,0.0,0.0
2023-06-09 11:30:00-04:00,29.709999084472656,29.989999771118164,29.709999084472656,29.940000534057617,10714,0.0,0.0
2023-06-09 12:30:00-04:00,29.920000076293945,29.920000076293945,29.65999984741211,29.700000762939453,6643,0.0,0.0
2023-06-09 13:30:00-04:00,29.65999984741211,29.719999313354492,29.600000381469727,29.719999313354492,3006,0.0,0.0
2023-06-09 14:30:00-04:00,29.729999542236328,29.739999771118164,29.6299991607666,29.69890022277832,6321,0.0,0.0
2023-06-09 15:30:00-04:00,29.739999771118164,29.809999465942383,29.59000015258789,29.809999465942383,36343,0.0,0.0
2023-06-12 09:30:00-04:00,29.8700008392334,30.309999465942383,29.549999237060547,30.229999542236328,32599,0.0,0.0
2023-06-12 10:30:00-04:00,30.110000610351562,30.190000534057617,29.81999969482422,30.030000686645508,44528,0.0,0.0
2023-06-12 11:30:00-04:00,30.030000686645508,30.040000915527344,29.96500015258789,29.9950008392334,20060,0.0,0.0
2023-06-12 12:30:00-04:00,30.0,30.059999465942383,29.799999237060547,29.950000762939453,10169,0.0,0.0
2023-06-12 13:30:00-04:00,29.950000762939453,30.09000015258789,29.93000030517578,30.09000015258789,5116,0.0,0.0
2023-06-12 14:30:00-04:00,30.09000015258789,30.18000030517578,30.0,30.09000015258789,22838,0.0,0.0
2023-06-12 15:30:00-04:00,30.079999923706055,30.110000610351562,29.950000762939453,30.110000610351562,22182,0.0,0.0
2023-06-13 09:30:00-04:00,30.219999313354492,30.65999984741211,30.219999313354492,30.649999618530273,32823,0.0,0.0
2023-06-13 10:30:00-04:00,30.59000015258789,30.59000015258789,30.34000015258789,30.5,26350,0.0,0.0
2023-06-13 11:30:00-04:00,30.5,30.64459991455078,30.454999923706055,30.5,20315,0.0,0.0
2023-06-13 12:30:00-04:00,30.489999771118164,30.709999084472656,30.489999771118164,30.6299991607666,11684,0.0,0.0
2023-06-13 13:30:00-04:00,30.6200008392334,30.6200008392334,30.395000457763672,30.5,13516,0.0,0.0
2023-06-13 14:30:00-04:00,30.459999084472656,30.665000915527344,30.43000030517578,30.450000762939453,41839,0.0,0.0
2023-06-13 15:30:00-04:00,30.440000534057617,30.559999465942383,30.440000534057617,30.469999313354492,20155,0.0,0.0
2023-06-14 09:30:00-04:00,30.65999984741211,30.68000030517578,30.489999771118164,30.489999771118164,39193,0.0,0.0
2023-06-14 10:30:00-04:00,30.459999084472656,30.639999389648438,30.3799991607666,30.5,13690,0.0,0.0
2023-06-14 11:30:00-04:00,30.540000915527344,30.559999465942383,30.3700008392334,30.3700008392334,83601,0.0,0.0
2023-06-14 12:30:00-04:00,30.375,30.510000228881836,30.34000015258789,30.395000457763672,8638,0.0,0.0
2023-06-14 13:30:00-04:00,30.43000030517578,30.474000930786133,30.059999465942383,30.280000686645508,21407,0.0,0.0
2023-06-14 14:30:00-04:00,30.299999237060547,30.459999084472656,30.21500015258789,30.329999923706055,19100,0.0,0.0
2023-06-14 15:30:00-04:00,30.34000015258789,30.43000030517578,30.219999313354492,30.40999984741211,23809,0.0,0.0
2023-06-15 09:30:00-04:00,30.389999389648438,30.709999084472656,30.270000457763672,30.479999542236328,38444,0.0,0.0
2023-06-15 10:30:00-04:00,30.514999389648438,30.520000457763672,30.239999771118164,30.43000030517578,12958,0.0,0.0
2023-06-15 11:30:00-04:00,30.459999084472656,30.459999084472656,30.302900314331055,30.3700008392334,4517,0.0,0.0
2023-06-15 12:30:00-04:00,30.40999984741211,30.43000030517578,30.309999465942383,30.309999465942383,3531,0.0,0.0
2023-06-15 13:30:00-04:00,30.274999618530273,30.459999084472656,30.248699188232422,30.3799991607666,8336,0.0,0.0
2023-06-15 14:30:00-04:00,30.40999984741211,30.5049991607666,30.31999969482422,30.420000076293945,37529,0.0,0.0
2023-06-15 15:30:00-04:00,30.420000076293945,30.510000228881836,30.25,30.510000228881836,66439,0.0,0.0
2023-06-16 09:30:00-04:00,30.729999542236328,30.729999542236328,29.5,29.68000030517578,50149,0.0,0.0
2023-06-16 10:30:00-04:00,29.635000228881836,29.795000076293945,29.584999084472656,29.729999542236328,12969,0.0,0.0
2023-06-16 11:30:00-04:00,29.78499984741211,29.860000610351562,29.75,29.81999969482422,7611,0.0,0.0
2023-06-16 12:30:00-04:00,29.829999923706055,29.850000381469727,29.59000015258789,29.684999465942383,13819,0.0,0.0
2023-06-16 13:30:00-04:00,29.68000030517578,29.700000762939453,29.469999313354492,29.49850082397461,13762,0.0,0.0
2023-06-16 14:30:00-04:00,29.479999542236328,29.530000686645508,29.280000686645508,29.520000457763672,14884,0.0,0.0
2023-06-16 15:30:00-04:00,29.49250030517578,29.604999542236328,29.389999389648438,29.600000381469727,30809,0.0,0.0
2023-06-20 09:30:00-04:00,29.639999389648438,29.719999313354492,29.280000686645508,29.3799991607666,20069,0.0,0.0
2023-06-20 10:30:00-04:00,29.469999313354492,29.65999984741211,29.469999313354492,29.65999984741211,19668,0.0,0.0
2023-06-20 11:30:00-04:00,29.639999389648438,29.719999313354492,29.5,29.56999969482422,12212,0.0,0.0
2023-06-20 12:30:00-04:00,29.579999923706055,29.610000610351562,29.34000015258789,29.34000015258789,8346,0.0,0.0
2023-06-20 13:30:00-04:00,29.31999969482422,29.420000076293945,29.209999084472656,29.290000915527344,12600,0.0,0.0
2023-06-20 14:30:00-04:00,29.309999465942383,29.309999465942383,29.18670082092285,29.270000457763672,6949,0.0,0.0
2023-06-20 15:30:00-04:00,29.260000228881836,29.600000381469727,29.155000686645508,29.459999084472656,42785,0.0,0.0
2023-06-21 09:30:00-04:00,29.299999237060547,30.0,29.010799407958984,29.90999984741211,22904,0.0,0.0
2023-06-21 10:30:00-04:00,29.91200065612793,29.950000762939453,29.520000457763672,29.639999389648438,24476,0.0,0.0
2023-06-21 11:30:00-04:00,29.614999771118164,29.799999237060547,29.59000015258789,29.795000076293945,11873,0.0,0.0
2023-06-21 12:30:00-04:00,29.850000381469727,29.989999771118164,29.84000015258789,29.84000015258789,13296,0.0,0.0
2023-06-21 13:30:00-04:00,29.844999313354492,29.995899200439453,29.844999313354492,29.954999923706055,10430,0.0,0.0
2023-06-21 14:30:00-04:00,29.93000030517578,29.969999313354492,29.860000610351562,29.905000686645508,8772,0.0,0.0
2023-06-21 15:30:00-04:00,29.889999389648438,29.889999389648438,29.725000381469727,29.739999771118164,14025,0.0,0.0
2023-06-22 09:30:00-04:00,29.56999969482422,29.780000686645508,29.31999969482422,29.780000686645508,12594,0.0,0.0
2023-06-22 10:30:00-04:00,29.780000686645508,29.795000076293945,29.610000610351562,29.684999465942383,10083,0.0,0.0
2023-06-22 11:30:00-04:00,29.709999084472656,29.790000915527344,29.665000915527344,29.760000228881836,11551,0.0,0.0
2023-06-22 12:30:00-04:00,29.799999237060547,29.799999237060547,29.610000610351562,29.665000915527344,6640,0.0,0.0
2023-06-22 13:30:00-04:00,29.65999984741211,29.670000076293945,29.510000228881836,29.6200008392334,12915,0.0,0.0
2023-06-22 14:30:00-04:00,29.614999771118164,29.6200008392334,29.295000076293945,29.295000076293945,12914,0.0,0.0
2023-06-22 15:30:00-04:00,29.295000076293945,29.604999542236328,29.25,29.600000381469727,31943,0.0,0.0
2023-06-23 09:30:00-04:00,29.229999542236328,29.729999542236328,29.079999923706055,29.34000015258789,35409,0.0,0.0
2023-06-23 10:30:00-04:00,29.325000762939453,29.3799991607666,28.8799991607666,28.950000762939453,33997,0.0,0.0
2023-06-23 11:30:00-04:00,29.0,29.06999969482422,28.780000686645508,29.045000076293945,28557,0.0,0.0
2023-06-23 12:30:00-04:00,29.030000686645508,29.17460060119629,28.969999313354492,29.149999618530273,47163,0.0,0.0
2023-06-23 13:30:00-04:00,29.1299991607666,29.174999237060547,29.020000457763672,29.06999969482422,22178,0.0,0.0
2023-06-23 14:30:00-04:00,29.065000534057617,29.15999984741211,28.989999771118164,29.079999923706055,27899,0.0,0.0
2023-06-23 15:30:00-04:00,29.075000762939453,29.075000762939453,28.770000457763672,28.790000915527344,35873,0.0,0.0
2023-06-26 09:30:00-04:00,28.540000915527344,29.34000015258789,28.540000915527344,29.170000076293945,7893,0.0,0.0
2023-06-26 10:30:00-04:00,29.18000030517578,29.239999771118164,29.049999237060547,29.19499969482422,10171,0.0,0.0
2023-06-26 11:30:00-04:00,29.19059944152832,29.31999969482422,29.050500869750977,29.110000610351562,8311,0.0,0.0
2023-06-26 12:30:00-04:00,29.110000610351562,29.21500015258789,29.079999923706055,29.200000762939453,6144,0.0,0.0
2023-06-26 13:30:00-04:00,29.219999313354492,29.31999969482422,29.190000534057617,29.274999618530273,8425,0.0,0.0
2023-06-26 14:30:00-04:00,29.290000915527344,29.360000610351562,29.270000457763672,29.299999237060547,8859,0.0,0.0
2023-06-26 15:30:00-04:00,29.295000076293945,29.299999237060547,28.959999084472656,28.969999313354492,12331,0.0,0.0
2023-06-27 09:30:00-04:00,29.040000915527344,29.5,28.899999618530273,29.43000030517578,10029,0.0,0.0
2023-06-27 10:30:00-04:00,29.46500015258789,29.6299991607666,29.440000534057617,29.508899688720703,22992,0.0,0.0
2023-06-27 11:30:00-04:00,29.520999908447266,29.520999908447266,29.420000076293945,29.46500015258789,4824,0.0,0.0
2023-06-27 12:30:00-04:00,29.459999084472656,29.459999084472656,29.34000015258789,29.434999465942383,4798,0.0,0.0
2023-06-27 13:30:00-04:00,29.434999465942383,29.434999465942383,29.209999084472656,29.309999465942383,11662,0.0,0.0
2023-06-27 14:30:00-04:00,29.32990074157715,29.385000228881836,29.299999237060547,29.329999923706055,13352,0.0,0.0
2023-06-27 15:30:00-04:00,29.385000228881836,29.55500030517578,29.219999313354492,29.549999237060547,71448,0.0,0.0
2023-06-28 09:30:00-04:00,29.489999771118164,29.75,29.40999984741211,29.440000534057617,10349,0.0,0.0
2023-06-28 10:30:00-04:00,29.40999984741211,29.579999923706055,29.389999389648438,29.399999618530273,7882,0.0,0.0
2023-06-28 11:30:00-04:00,29.420000076293945,29.485000610351562,29.350000381469727,29.420000076293945,5355,0.0,0.0
2023-06-28 12:30:00-04:00,29.399999618530273,29.43000030517578,29.25,29.280000686645508,5768,0.0,0.0
2023-06-28 13:30:00-04:00,29.34000015258789,29.354999542236328,29.229999542236328,29.270000457763672,9923,0.0,0.0
2023-06-28 14:30:00-04:00,29.2549991607666,29.46500015258789,29.2549991607666,29.440000534057617,15567,0.0,0.0
2023-06-28 15:30:00-04:00,29.43000030517578,29.520000457763672,29.340099334716797,29.510000228881836,21275,0.0,0.0
2023-06-29 09:30:00-04:00,29.469999313354492,30.15999984741211,29.469999313354492,30.06999969482422,9288,0.0,0.0
2023-06-29 10:30:00-04:00,30.06999969482422,30.06999969482422,29.614999771118164,29.649999618530273,10951,0.0,0.0
2023-06-29 11:30:00-04:00,29.665000915527344,29.8700008392334,29.6200008392334,29.860000610351562,7469,0.0,0.0
2023-06-29 12:30:00-04:00,29.844999313354492,29.8799991607666,29.75,29.860000610351562,5607,0.0,0.0
2023-06-29 13:30:00-04:00,29.8710994720459,29.959999084472656,29.770000457763672,29.950000762939453,8075,0.0,0.0
2023-06-29 14:30:00-04:00,29.969999313354492,30.100000381469727,29.940000534057617,30.100000381469727,14165,0.0,0.0
2023-06-29 15:30:00-04:00,30.09000015258789,30.190000534057617,30.06999969482422,30.15999984741211,20244,0.0,0.0
2023-06-30 09:30:00-04:00,30.420000076293945,30.6299991607666,30.184600830078125,30.350000381469727,10964,0.0,0.0
2023-06-30 10:30:00-04:00,30.3700008392334,30.479999542236328,30.225000381469727,30.360000610351562,6625,0.0,0.0
2023-06-30 11:30:00-04:00,30.440000534057617,30.639999389648438,30.440000534057617,30.639999389648438,4846,0.0,0.0
2023-06-30 12:30:00-04:00,30.649999618530273,30.780000686645508,30.645000457763672,30.780000686645508,30467,0.0,0.0
2023-06-30 13:30:00-04:00,30.760000228881836,30.829999923706055,30.709999084472656,30.770000457763672,6591,0.0,0.0
2023-06-30 14:30:00-04:00,30.7450008392334,30.780000686645508,30.6299991607666,30.674999237060547,12530,0.0,0.0
2023-06-30 15:30:00-04:00,30.665000915527344,30.739999771118164,30.6200008392334,30.6299991607666,17822,0.0,0.0
2023-07-03 09:30:00-04:00,30.59000015258789,30.90999984741211,30.500999450683594,30.75,14588,0.0,0.0
2023-07-03 10:30:00-04:00,30.719999313354492,30.81999969482422,30.600000381469727,30.799999237060547,10652,0.0,0.0
2023-07-03 11:30:00-04:00,30.81999969482422,30.829999923706055,30.719999313354492,30.780000686645508,10648,0.0,0.0
2023-07-05 09:30:00-04:00,30.709999084472656,30.709999084472656,30.209999084472656,30.2450008392334,17372,0.0,0.0
2023-07-05 10:30:00-04:00,30.290000915527344,30.299999237060547,30.014999389648438,30.170000076293945,14688,0.0,0.0
2023-07-05 11:30:00-04:00,30.200000762939453,30.219999313354492,30.014999389648438,30.139999389648438,8336,0.0,0.0
2023-07-05 12:30:00-04:00,30.139999389648438,30.229999542236328,30.079999923706055,30.229999542236328,9978,0.0,0.0
2023-07-05 13:30:00-04:00,30.25,30.420000076293945,30.18000030517578,30.31999969482422,13281,0.0,0.0
2023-07-05 14:30:00-04:00,30.329999923706055,30.350000381469727,30.260000228881836,30.299999237060547,9689,0.0,0.0
2023-07-05 15:30:00-04:00,30.299999237060547,30.299999237060547,30.110000610351562,30.15999984741211,24502,0.0,0.0
2023-07-06 09:30:00-04:00,29.719999313354492,30.030000686645508,29.549999237060547,29.71500015258789,28675,0.0,0.0
2023-07-06 10:30:00-04:00,29.71500015258789,29.71500015258789,29.209999084472656,29.25,19154,0.0,0.0
2023-07-06 11:30:00-04:00,29.270000457763672,29.399999618530273,29.235000610351562,29.31999969482422,11056,0.0,0.0
2023-07-06 12:30:00-04:00,29.309999465942383,29.43000030517578,29.25,29.385000228881836,13563,0.0,0.0
2023-07-06 13:30:00-04:00,29.385000228881836,29.520000457763672,29.34000015258789,29.3799991607666,13652,0.0,0.0
2023-07-06 14:30:00-04:00,29.399999618530273,29.56999969482422,29.3799991607666,29.40999984741211,14893,0.0,0.0
2023-07-06 15:30:00-04:00,29.434999465942383,29.5,29.299999237060547,29.309999465942383,22616,0.0,0.0
2023-07-07 09:30:00-04:00,29.299999237060547,29.8700008392334,29.290000915527344,29.3700008392334,16510,0.0,0.0
2023-07-07 10:30:00-04:00,29.399999618530273,29.469999313354492,29.204999923706055,29.420000076293945,10477,0.0,0.0
2023-07-07 11:30:00-04:00,29.40999984741211,29.40999984741211,29.184999465942383,29.184999465942383,6616,0.0,0.0
2023-07-07 12:30:00-04:00,29.200000762939453,29.440000534057617,29.15999984741211,29.389999389648438,14890,0.0,0.0
2023-07-07 13:30:00-04:00,29.43000030517578,29.5,29.200000762939453,29.229999542236328,15435,0.0,0.0
2023-07-07 14:30:00-04:00,29.200000762939453,29.229999542236328,29.075000762939453,29.170000076293945,16017,0.0,0.0
2023-07-07 15:30:00-04:00,29.18000030517578,29.18000030517578,28.729999542236328,28.780000686645508,30022,0.0,0.0
2023-07-10 09:30:00-04:00,28.739999771118164,29.079999923706055,28.600000381469727,28.84000015258789,33613,0.0,0.0
2023-07-10 10:30:00-04:00,28.809999465942383,28.989999771118164,28.600000381469727,28.600000381469727,23766,0.0,0.0
2023-07-10 11:30:00-04:00,28.559999465942383,28.610000610351562,28.239999771118164,28.350000381469727,22538,0.0,0.0
2023-07-10 12:30:00-04:00,28.34000015258789,28.350000381469727,28.010000228881836,28.260000228881836,30495,0.0,0.0
2023-07-10 13:30:00-04:00,28.280000686645508,28.290000915527344,28.0,28.21500015258789,30043,0.0,0.0
2023-07-10 14:30:00-04:00,28.200000762939453,28.200000762939453,27.850000381469727,27.850000381469727,35805,0.0,0.0
2023-07-10 15:30:00-04:00,27.84000015258789,28.209999084472656,27.770000457763672,28.190000534057617,85563,0.0,0.0
2023-07-11 09:30:00-04:00,28.420000076293945,28.65999984741211,28.290000915527344,28.545000076293945,18070,0.0,0.0
2023-07-11 10:30:00-04:00,28.5,28.510000228881836,28.170000076293945,28.485000610351562,22861,0.0,0.0
2023-07-11 11:30:00-04:00,28.530000686645508,28.75,28.5,28.6200008392334,40732,0.0,0.0
2023-07-11 12:30:00-04:00,28.639999389648438,28.850000381469727,28.510000228881836,28.600000381469727,27209,0.0,0.0
2023-07-11 13:30:00-04:00,28.6299991607666,28.649999618530273,28.440000534057617,28.6299991607666,16871,0.0,0.0
2023-07-11 14:30:00-04:00,28.614999771118164,28.8700008392334,28.559999465942383,28.84000015258789,28429,0.0,0.0
2023-07-11 15:30:00-04:00,28.860000610351562,29.110000610351562,28.799999237060547,29.010000228881836,94811,0.0,0.0
2023-07-12 09:30:00-04:00,29.489999771118164,30.1200008392334,29.415000915527344,30.110000610351562,36602,0.0,0.0
2023-07-12 10:30:00-04:00,30.110000610351562,30.530000686645508,30.110000610351562,30.450000762939453,42442,0.0,0.0
2023-07-12 11:30:00-04:00,30.430099487304688,30.430099487304688,30.06999969482422,30.06999969482422,9106,0.0,0.0
2023-07-12 12:30:00-04:00,30.118999481201172,30.270000457763672,30.09000015258789,30.260000228881836,7601,0.0,0.0
2023-07-12 13:30:00-04:00,30.2637996673584,30.280000686645508,30.045499801635742,30.059999465942383,15176,0.0,0.0
2023-07-12 14:30:00-04:00,30.06999969482422,30.139999389648438,29.959999084472656,29.9689998626709,16168,0.0,0.0
2023-07-12 15:30:00-04:00,29.959999084472656,30.020000457763672,29.895000457763672,29.959999084472656,20235,0.0,0.0
2023-07-13 09:30:00-04:00,29.8799991607666,30.280000686645508,29.696399688720703,29.850000381469727,19549,0.0,0.0
2023-07-13 10:30:00-04:00,29.889999389648438,30.0,29.549999237060547,29.549999237060547,8729,0.0,0.0
2023-07-13 11:30:00-04:00,29.59000015258789,29.8799991607666,29.549999237060547,29.84000015258789,6960,0.0,0.0
2023-07-13 12:30:00-04:00,29.8700008392334,29.954999923706055,29.75,29.917400360107422,11037,0.0,0.0
2023-07-13 13:30:00-04:00,29.969999313354492,29.969999313354492,29.760000228881836,29.829999923706055,7609,0.0,0.0
2023-07-13 14:30:00-04:00,29.799999237060547,29.80270004272461,29.65999984741211,29.719999313354492,9149,0.0,0.0
2023-07-13 15:30:00-04:00,29.75950050354004,29.80500030517578,29.68000030517578,29.790000915527344,11911,0.0,0.0
2023-07-14 09:30:00-04:00,29.799999237060547,29.799999237060547,28.549999237060547,28.584999084472656,16699,0.0,0.0
2023-07-14 10:30:00-04:00,28.540000915527344,28.629100799560547,28.299999237060547,28.531700134277344,14062,0.0,0.0
2023-07-14 11:30:00-04:00,28.541000366210938,28.599899291992188,28.36720085144043,28.3700008392334,7648,0.0,0.0
2023-07-14 12:30:00-04:00,28.3700008392334,28.5,28.31999969482422,28.360000610351562,7745,0.0,0.0
2023-07-14 13:30:00-04:00,28.360000610351562,28.428699493408203,28.18000030517578,28.260000228881836,11225,0.0,0.0
2023-07-14 14:30:00-04:00,28.260000228881836,28.350000381469727,28.15999984741211,28.34869956970215,7197,0.0,0.0
2023-07-14 15:30:00-04:00,28.40999984741211,28.420000076293945,28.09000015258789,28.190000534057617,24106,0.0,0.0
2023-07-17 09:30:00-04:00,28.200000762939453,28.459999084472656,28.020000457763672,28.059999465942383,15464,0.0,0.0
2023-07-17 10:30:00-04:00,28.110000610351562,28.274999618530273,28.0,28.059999465942383,16573,0.0,0.0
2023-07-17 11:30:00-04:00,28.09000015258789,28.25,28.0,28.1200008392334,9441,0.0,0.0
2023-07-17 12:30:00-04:00,28.1200008392334,28.18000030517578,28.010000228881836,28.18000030517578,15130,0.0,0.0
2023-07-17 13:30:00-04:00,28.209999084472656,28.235000610351562,28.149999618530273,28.235000610351562,5886,0.0,0.0
2023-07-17 14:30:00-04:00,28.209999084472656,28.209999084472656,28.0,28.126399993896484,15803,0.0,0.0
2023-07-17 15:30:00-04:00,28.100000381469727,28.149999618530273,27.989999771118164,28.06999969482422,19371,0.0,0.0
2023-07-18 09:30:00-04:00,28.0,28.479999542236328,27.959999084472656,28.309999465942383,16907,0.0,0.0
2023-07-18 10:30:00-04:00,28.299999237060547,28.299999237060547,27.969999313354492,28.155000686645508,27039,0.0,0.0
2023-07-18 11:30:00-04:00,28.1299991607666,28.290000915527344,27.96500015258789,28.0,16740,0.0,0.0
2023-07-18 12:30:00-04:00,27.979999542236328,27.989999771118164,27.719999313354492,27.84000015258789,36049,0.0,0.0
2023-07-18 13:30:00-04:00,27.81999969482422,27.81999969482422,27.639999389648438,27.790000915527344,14044,0.0,0.0
2023-07-18 14:30:00-04:00,27.739999771118164,27.809999465942383,27.641000747680664,27.68000030517578,15985,0.0,0.0
2023-07-18 15:30:00-04:00,27.68899917602539,27.90999984741211,27.639999389648438,27.90999984741211,66176,0.0,0.0
2023-07-19 09:30:00-04:00,27.989999771118164,28.6200008392334,27.700000762939453,28.450000762939453,82895,0.0,0.0
2023-07-19 10:30:00-04:00,28.59000015258789,28.59000015258789,27.969999313354492,28.100000381469727,59464,0.0,0.0
2023-07-19 11:30:00-04:00,28.149999618530273,28.209999084472656,27.899999618530273,28.024999618530273,17704,0.0,0.0
2023-07-19 12:30:00-04:00,27.979999542236328,27.979999542236328,27.700000762939453,27.90999984741211,24447,0.0,0.0
2023-07-19 13:30:00-04:00,27.90999984741211,27.979999542236328,27.770099639892578,27.8700008392334,13518,0.0,0.0
2023-07-19 14:30:00-04:00,27.920000076293945,27.969999313354492,27.860000610351562,27.90999984741211,17808,0.0,0.0
2023-07-19 15:30:00-04:00,27.899999618530273,28.0,27.660600662231445,27.829999923706055,79204,0.0,0.0
2023-07-20 09:30:00-04:00,27.93000030517578,28.315000534057617,27.709999084472656,28.110000610351562,61243,0.0,0.0
2023-07-20 10:30:00-04:00,28.110000610351562,28.260000228881836,27.850000381469727,27.8700008392334,20153,0.0,0.0
2023-07-20 11:30:00-04:00,27.850000381469727,27.8799991607666,27.670000076293945,27.725000381469727,17817,0.0,0.0
2023-07-20 12:30:00-04:00,27.719999313354492,27.771699905395508,27.540000915527344,27.604999542236328,41003,0.0,0.0
2023-07-20 13:30:00-04:00,27.559999465942383,27.6299991607666,27.459999084472656,27.5,36395,0.0,0.0
2023-07-20 14:30:00-04:00,27.510000228881836,27.690000534057617,27.454999923706055,27.690000534057617,86444,0.0,0.0
2023-07-20 15:30:00-04:00,27.704999923706055,27.81999969482422,27.704999923706055,27.81999969482422,28577,0.0,0.0
2023-07-21 09:30:00-04:00,28.139999389648438,28.3799991607666,27.760000228881836,27.799999237060547,57940,0.0,0.0
2023-07-21 10:30:00-04:00,27.829999923706055,28.149999618530273,27.829999923706055,28.049999237060547,53679,0.0,0.0
2023-07-21 11:30:00-04:00,28.05500030517578,28.354999542236328,28.010000228881836,28.329999923706055,33782,0.0,0.0
2023-07-21 12:30:00-04:00,28.325000762939453,28.335899353027344,28.059999465942383,28.065000534057617,21798,0.0,0.0
2023-07-21 13:30:00-04:00,28.06999969482422,28.149999618530273,27.940000534057617,27.940000534057617,16741,0.0,0.0
2023-07-21 14:30:00-04:00,27.899999618530273,28.03499984741211,27.850000381469727,28.010000228881836,21611,0.0,0.0
2023-07-21 15:30:00-04:00,28.030000686645508,28.079999923706055,27.959999084472656,28.079999923706055,23052,0.0,0.0
2023-07-24 09:30:00-04:00,28.0,28.649999618530273,28.0,28.399999618530273,45274,0.0,0.0
2023-07-24 10:30:00-04:00,28.3799991607666,28.459999084472656,28.270000457763672,28.3700008392334,20061,0.0,0.0
2023-07-24 11:30:00-04:00,28.360000610351562,28.450000762939453,28.270000457763672,28.450000762939453,18508,0.0,0.0
2023-07-24 12:30:00-04:00,28.450000762939453,28.6200008392334,28.40999984741211,28.559999465942383,24675,0.0,0.0
2023-07-24 13:30:00-04:00,28.55500030517578,28.56999969482422,28.34000015258789,28.420000076293945,14099,0.0,0.0
2023-07-24 14:30:00-04:00,28.420000076293945,28.43000030517578,28.28499984741211,28.399999618530273,20905,0.0,0.0
2023-07-24 15:30:00-04:00,28.40999984741211,28.65999984741211,28.40999984741211,28.579999923706055,52011,0.0,0.0
2023-07-25 09:30:00-04:00,29.979999542236328,31.149999618530273,29.889999389648438,30.524999618530273,112313,0.0,0.0
2023-07-25 10:30:00-04:00,30.489999771118164,30.489999771118164,29.940000534057617,30.25,62412,0.0,0.0
2023-07-25 11:30:00-04:00,30.225000381469727,30.404699325561523,30.100000381469727,30.325000762939453,12843,0.0,0.0
2023-07-25 12:30:00-04:00,30.31999969482422,30.690000534057617,30.31999969482422,30.690000534057617,19372,0.0,0.0
2023-07-25 13:30:00-04:00,30.709999084472656,31.010000228881836,30.690000534057617,31.010000228881836,21412,0.0,0.0
2023-07-25 14:30:00-04:00,31.040000915527344,31.110000610351562,30.639999389648438,30.84000015258789,26909,0.0,0.0
2023-07-25 15:30:00-04:00,30.829999923706055,30.829999923706055,30.420000076293945,30.440000534057617,67649,0.0,0.0
2023-07-26 09:30:00-04:00,30.299999237060547,30.469900131225586,29.719999313354492,29.93000030517578,22406,0.0,0.0
2023-07-26 10:30:00-04:00,29.853500366210938,29.989999771118164,29.65999984741211,29.799999237060547,11665,0.0,0.0
2023-07-26 11:30:00-04:00,29.834999084472656,29.860000610351562,29.690000534057617,29.850000381469727,15500,0.0,0.0
2023-07-26 12:30:00-04:00,29.81999969482422,30.06999969482422,29.81999969482422,30.0,21058,0.0,0.0
2023-07-26 13:30:00-04:00,29.989999771118164,30.040000915527344,29.895000457763672,29.985000610351562,12404,0.0,0.0
2023-07-26 14:30:00-04:00,30.0,30.229999542236328,29.979999542236328,30.149999618530273,20538,0.0,0.0
2023-07-26 15:30:00-04:00,30.139999389648438,30.2450008392334,30.09000015258789,30.209999084472656,35428,0.0,0.0
2023-07-27 09:30:00-04:00,30.479999542236328,30.950000762939453,30.479999542236328,30.950000762939453,15884,0.0,0.0
2023-07-27 10:30:00-04:00,30.831100463867188,30.940000534057617,30.5049991607666,30.579999923706055,15873,0.0,0.0
2023-07-27 11:30:00-04:00,30.59000015258789,30.649999618530273,30.520000457763672,30.6299991607666,6610,0.0,0.0
2023-07-27 12:30:00-04:00,30.6200008392334,30.790000915527344,30.364999771118164,30.364999771118164,32454,0.0,0.0
2023-07-27 13:30:00-04:00,30.344999313354492,30.40999984741211,30.18000030517578,30.235000610351562,11699,0.0,0.0
2023-07-27 14:30:00-04:00,30.200000762939453,30.299999237060547,30.09000015258789,30.292600631713867,35613,0.0,0.0
2023-07-27 15:30:00-04:00,30.260000228881836,30.309999465942383,30.139999389648438,30.170000076293945,29639,0.0,0.0
2023-07-28 09:30:00-04:00,30.520000457763672,30.614999771118164,30.040000915527344,30.049999237060547,13178,0.0,0.0
2023-07-28 10:30:00-04:00,30.075000762939453,30.270000457763672,30.05500030517578,30.209999084472656,15983,0.0,0.0
2023-07-28 11:30:00-04:00,30.219999313354492,30.434999465942383,30.219999313354492,30.434999465942383,30929,0.0,0.0
2023-07-28 12:30:00-04:00,30.40999984741211,30.40999984741211,30.139999389648438,30.15999984741211,10230,0.0,0.0
2023-07-28 13:30:00-04:00,30.190000534057617,30.219999313354492,30.139999389648438,30.190000534057617,9956,0.0,0.0
2023-07-28 14:30:00-04:00,30.219999313354492,30.389999389648438,30.170000076293945,30.3700008392334,34299,0.0,0.0
2023-07-28 15:30:00-04:00,30.3700008392334,30.462499618530273,30.260000228881836,30.334999084472656,28541,0.0,0.0
2023-07-31 09:30:00-04:00,30.31999969482422,30.864999771118164,30.31999969482422,30.610000610351562,15597,0.0,0.0
2023-07-31 10:30:00-04:00,30.604999542236328,30.65999984741211,30.3700008392334,30.56999969482422,17064,0.0,0.0
2023-07-31 11:30:00-04:00,30.549999237060547,30.625,30.479999542236328,30.6200008392334,19325,0.0,0.0
2023-07-31 12:30:00-04:00,30.549999237060547,30.594999313354492,30.399999618530273,30.459999084472656,8452,0.0,0.0
2023-07-31 13:30:00-04:00,30.469999313354492,30.809999465942383,30.469999313354492,30.809999465942383,6287,0.0,0.0
2023-07-31 14:30:00-04:00,30.77120018005371,30.790000915527344,30.6299991607666,30.670000076293945,11289,0.0,0.0
2023-07-31 15:30:00-04:00,30.6299991607666,30.729999542236328,30.610000610351562,30.639999389648438,16419,0.0,0.0
2023-08-01 09:30:00-04:00,30.65999984741211,30.81999969482422,30.540000915527344,30.604999542236328,11529,0.0,0.0
2023-08-01 10:30:00-04:00,30.65999984741211,31.045000076293945,30.489999771118164,30.920000076293945,13372,0.0,0.0
2023-08-01 11:30:00-04:00,30.920000076293945,31.0,30.889999389648438,30.94499969482422,9701,0.0,0.0
2023-08-01 12:30:00-04:00,30.940000534057617,30.985000610351562,30.844999313354492,30.940000534057617,10586,0.0,0.0
2023-08-01 13:30:00-04:00,30.969999313354492,31.045000076293945,30.969999313354492,31.0,15131,0.0,0.0
2023-08-01 14:30:00-04:00,31.010000228881836,31.399999618530273,31.010000228881836,31.399999618530273,31572,0.0,0.0
2023-08-01 15:30:00-04:00,31.389999389648438,31.65999984741211,31.389999389648438,31.510000228881836,59232,0.0,0.0
2023-08-02 09:30:00-04:00,31.15999984741211,31.700000762939453,31.075000762939453,31.395000457763672,14716,0.0,0.0
2023-08-02 10:30:00-04:00,31.520000457763672,31.520000457763672,30.950000762939453,31.049999237060547,9461,0.0,0.0
2023-08-02 11:30:00-04:00,31.030000686645508,31.190000534057617,30.937999725341797,30.937999725341797,8698,0.0,0.0
2023-08-02 12:30:00-04:00,31.010000228881836,31.260000228881836,30.989999771118164,31.190000534057617,6054,0.0,0.0
2023-08-02 13:30:00-04:00,31.19499969482422,31.200000762939453,31.049999237060547,31.100000381469727,6039,0.0,0.0
2023-08-02 14:30:00-04:00,31.030000686645508,31.03499984741211,30.809999465942383,30.809999465942383,10110,0.0,0.0
2023-08-02 15:30:00-04:00,30.81999969482422,30.8799991607666,30.670000076293945,30.68000030517578,41724,0.0,0.0
2023-08-03 09:30:00-04:00,30.5,30.850000381469727,29.059999465942383,29.059999465942383,96480,0.0,0.0
2023-08-03 10:30:00-04:00,29.0,29.14240074157715,28.540000915527344,28.81999969482422,40324,0.0,0.0
2023-08-03 11:30:00-04:00,28.809999465942383,28.829999923706055,28.510000228881836,28.704999923706055,24209,0.0,0.0
2023-08-03 12:30:00-04:00,28.674999237060547,28.674999237060547,28.440000534057617,28.55500030517578,20837,0.0,0.0
2023-08-03 13:30:00-04:00,28.559999465942383,28.75,28.43000030517578,28.530000686645508,26281,0.0,0.0
2023-08-03 14:30:00-04:00,28.510000228881836,28.719999313354492,28.479999542236328,28.719999313354492,27014,0.0,0.0
2023-08-03 15:30:00-04:00,28.690000534057617,28.690000534057617,28.190000534057617,28.200000762939453,63307,0.0,0.0
2023-08-04 09:30:00-04:00,28.18000030517578,28.290000915527344,27.450000762939453,27.749300003051758,55045,0.0,0.0
2023-08-04 10:30:00-04:00,27.709999084472656,27.75,27.450000762939453,27.485000610351562,40546,0.0,0.0
2023-08-04 11:30:00-04:00,27.469999313354492,27.520000457763672,27.280000686645508,27.31999969482422,26909,0.0,0.0
2023-08-04 12:30:00-04:00,27.30500030517578,27.489999771118164,27.290000915527344,27.375,21781,0.0,0.0
2023-08-04 13:30:00-04:00,27.350000381469727,27.700000762939453,27.2450008392334,27.614500045776367,34699,0.0,0.0
2023-08-04 14:30:00-04:00,27.600000381469727,27.649999618530273,27.459999084472656,27.479999542236328,27997,0.0,0.0
2023-08-04 15:30:00-04:00,27.5,27.770000457763672,27.459999084472656,27.68000030517578,48608,0.0,0.0
2023-08-07 09:30:00-04:00,27.799999237060547,28.56999969482422,27.799999237060547,28.56999969482422,41085,0.0,0.0
2023-08-07 10:30:00-04:00,28.40999984741211,28.639999389648438,28.40999984741211,28.600000381469727,22638,0.0,0.0
2023-08-07 11:30:00-04:00,28.6299991607666,28.6299991607666,28.225000381469727,28.239999771118164,15104,0.0,0.0
2023-08-07 12:30:00-04:00,28.209999084472656,28.360000610351562,28.170000076293945,28.30500030517578,9490,0.0,0.0
2023-08-07 13:30:00-04:00,28.30500030517578,28.440000534057617,28.270000457763672,28.290000915527344,12303,0.0,0.0
2023-08-07 14:30:00-04:00,28.274999618530273,28.280000686645508,28.14150047302246,28.190000534057617,11882,0.0,0.0
2023-08-07 15:30:00-04:00,28.170000076293945,28.170000076293945,28.040000915527344,28.040000915527344,22199,0.0,0.0
2023-08-08 09:30:00-04:00,27.56999969482422,27.9424991607666,27.280000686645508,27.450000762939453,23379,0.0,0.0
2023-08-08 10:30:00-04:00,27.454999923706055,27.520000457763672,27.3700008392334,27.485000610351562,15129,0.0,0.0
2023-08-08 11:30:00-04:00,27.489999771118164,27.639999389648438,27.420000076293945,27.6299991607666,18933,0.0,0.0
2023-08-08 12:30:00-04:00,27.600000381469727,27.770000457763672,27.59000015258789,27.670000076293945,12441,0.0,0.0
2023-08-08 13:30:00-04:00,27.670000076293945,27.860000610351562,27.670000076293945,27.670000076293945,13400,0.0,0.0
2023-08-08 14:30:00-04:00,27.6299991607666,27.770000457763672,27.6299991607666,27.68000030517578,8837,0.0,0.0
2023-08-08 15:30:00-04:00,27.65999984741211,27.670000076293945,27.559999465942383,27.639999389648438,25997,0.0,0.0
2023-08-09 09:30:00-04:00,27.579999923706055,27.649999618530273,27.290000915527344,27.600000381469727,10959,0.0,0.0
2023-08-09 10:30:00-04:00,27.649999618530273,27.670000076293945,27.520000457763672,27.579999923706055,11257,0.0,0.0
2023-08-09 11:30:00-04:00,27.5,27.5,27.31999969482422,27.422500610351562,5874,0.0,0.0
2023-08-09 12:30:00-04:00,27.3799991607666,27.399999618530273,27.260000228881836,27.350000381469727,9022,0.0,0.0
2023-08-09 13:30:00-04:00,27.350000381469727,27.530000686645508,27.280000686645508,27.48080062866211,17862,0.0,0.0
2023-08-09 14:30:00-04:00,27.489999771118164,27.639999389648438,27.489999771118164,27.530000686645508,10533,0.0,0.0
2023-08-09 15:30:00-04:00,27.540000915527344,27.565000534057617,27.40999984741211,27.459999084472656,26853,0.0,0.0
2023-08-10 09:30:00-04:00,27.549999237060547,27.93000030517578,27.549999237060547,27.799999237060547,15188,0.0,0.0
2023-08-10 10:30:00-04:00,27.729999542236328,27.739999771118164,27.610000610351562,27.610000610351562,14808,0.0,0.0
2023-08-10 11:30:00-04:00,27.649999618530273,27.649999618530273,27.360000610351562,27.399999618530273,11646,0.0,0.0
2023-08-10 12:30:00-04:00,27.39900016784668,27.43000030517578,27.329999923706055,27.329999923706055,12065,0.0,0.0
2023-08-10 13:30:00-04:00,27.329999923706055,27.63800048828125,27.295000076293945,27.579999923706055,20883,0.0,0.0
2023-08-10 14:30:00-04:00,27.579999923706055,27.649999618530273,27.540000915527344,27.56999969482422,12882,0.0,0.0
2023-08-10 15:30:00-04:00,27.56999969482422,27.56999969482422,27.450000762939453,27.479999542236328,24420,0.0,0.0
2023-08-11 09:30:00-04:00,27.450000762939453,27.739900588989258,27.010000228881836,27.020000457763672,21493,0.0,0.0
2023-08-11 10:30:00-04:00,27.042499542236328,27.1299991607666,26.90999984741211,26.959999084472656,19656,0.0,0.0
2023-08-11 11:30:00-04:00,27.0,27.15999984741211,26.959999084472656,27.040000915527344,8987,0.0,0.0
2023-08-11 12:30:00-04:00,27.020000457763672,27.040000915527344,26.899999618530273,27.0049991607666,13517,0.0,0.0
2023-08-11 13:30:00-04:00,26.989999771118164,27.100000381469727,26.84000015258789,27.059999465942383,12790,0.0,0.0
2023-08-11 14:30:00-04:00,27.06999969482422,27.125,27.0,27.094999313354492,21495,0.0,0.0
2023-08-11 15:30:00-04:00,27.110000610351562,27.1200008392334,26.864999771118164,26.8700008392334,33766,0.0,0.0
2023-08-14 09:30:00-04:00,26.889999389648438,27.239999771118164,26.760000228881836,26.860000610351562,30464,0.0,0.0
2023-08-14 10:30:00-04:00,26.850000381469727,26.940000534057617,26.75,26.850000381469727,15210,0.0,0.0
2023-08-14 11:30:00-04:00,26.893800735473633,27.030000686645508,26.850000381469727,26.8700008392334,17088,0.0,0.0
2023-08-14 12:30:00-04:00,26.844999313354492,26.93000030517578,26.709999084472656,26.724899291992188,22758,0.0,0.0
2023-08-14 13:30:00-04:00,26.799999237060547,26.854999542236328,26.739999771118164,26.799999237060547,8681,0.0,0.0
2023-08-14 14:30:00-04:00,26.780000686645508,27.086200714111328,26.780000686645508,27.06999969482422,23013,0.0,0.0
2023-08-14 15:30:00-04:00,27.040000915527344,27.1200008392334,26.979999542236328,27.1200008392334,26362,0.0,0.0
2023-08-15 09:30:00-04:00,26.979999542236328,27.09000015258789,26.739999771118164,26.84000015258789,19434,0.0,0.0
2023-08-15 10:30:00-04:00,26.84000015258789,26.850000381469727,26.579999923706055,26.649999618530273,25545,0.0,0.0
2023-08-15 11:30:00-04:00,26.659099578857422,26.659099578857422,26.364999771118164,26.5,19916,0.0,0.0
2023-08-15 12:30:00-04:00,26.58989906311035,26.58989906311035,26.40999984741211,26.489999771118164,19351,0.0,0.0
2023-08-15 13:30:00-04:00,26.530000686645508,26.60059928894043,26.47010040283203,26.520000457763672,14551,0.0,0.0
2023-08-15 14:30:00-04:00,26.549999237060547,26.549999237060547,26.399999618530273,26.399999618530273,16952,0.0,0.0
2023-08-15 15:30:00-04:00,26.399999618530273,26.440000534057617,26.260000228881836,26.270000457763672,31633,0.0,0.0
2023-08-16 09:30:00-04:00,26.270000457763672,26.68000030517578,26.209999084472656,26.209999084472656,12984,0.0,0.0
2023-08-16 10:30:00-04:00,26.290000915527344,26.3799991607666,26.15999984741211,26.239999771118164,12087,0.0,0.0
2023-08-16 11:30:00-04:00,26.260000228881836,26.260000228881836,26.170000076293945,26.200000762939453,8307,0.0,0.0
2023-08-16 12:30:00-04:00,26.239999771118164,26.334999084472656,26.209999084472656,26.270000457763672,11366,0.0,0.0
2023-08-16 13:30:00-04:00,26.219999313354492,26.219999313354492,25.969999313354492,26.040000915527344,18507,0.0,0.0
2023-08-16 14:30:00-04:00,26.049999237060547,26.059999465942383,25.829999923706055,25.96500015258789,31837,0.0,0.0
2023-08-16 15:30:00-04:00,25.959999084472656,26.014999389648438,25.860000610351562,25.90999984741211,28375,0.0,0.0
2023-08-17 09:30:00-04:00,25.950000762939453,26.280000686645508,25.950000762939453,25.975000381469727,0,0.0,0.0
2023-08-17 10:30:00-04:00,26.0,26.309999465942383,25.969999313354492,26.280000686645508,42061,0.0,0.0
2023-08-17 11:30:00-04:00,26.239999771118164,26.25,26.014999389648438,26.125,9099,0.0,0.0
2023-08-17 12:30:00-04:00,26.079999923706055,26.299999237060547,26.059999465942383,26.260000228881836,9535,0.0,0.0
2023-08-17 13:30:00-04:00,26.28380012512207,26.389999389648438,26.170000076293945,26.270000457763672,24203,0.0,0.0
2023-08-17 14:30:00-04:00,26.350000381469727,26.440000534057617,26.229999542236328,26.329999923706055,28895,0.0,0.0
2023-08-17 15:30:00-04:00,26.360000610351562,26.360000610351562,26.139999389648438,26.280000686645508,29858,0.0,0.0
2023-08-18 09:30:00-04:00,26.100000381469727,26.700000762939453,26.100000381469727,26.299999237060547,13870,0.0,0.0
2023-08-18 10:30:00-04:00,26.260000228881836,26.389999389648438,26.209999084472656,26.25,7280,0.0,0.0
2023-08-18 11:30:00-04:00,26.229999542236328,26.399999618530273,26.229999542236328,26.399999618530273,5147,0.0,0.0
2023-08-18 12:30:00-04:00,26.350000381469727,26.440000534057617,26.299999237060547,26.3700008392334,6053,0.0,0.0
2023-08-18 13:30:00-04:00,26.364999771118164,26.420000076293945,26.30500030517578,26.40999984741211,7086,0.0,0.0
2023-08-18 14:30:00-04:00,26.40999984741211,26.420000076293945,26.270000457763672,26.280000686645508,9964,0.0,0.0
2023-08-18 15:30:00-04:00,26.262500762939453,26.31999969482422,26.079999923706055,26.15999984741211,38892,0.0,0.0
2023-08-21 09:30:00-04:00,26.18000030517578,26.334999084472656,25.829999923706055,25.8700008392334,23968,0.0,0.0
2023-08-21 10:30:00-04:00,25.8700008392334,26.06999969482422,25.780000686645508,25.790000915527344,13732,0.0,0.0
2023-08-21 11:30:00-04:00,25.809999465942383,25.81999969482422,25.600000381469727,25.690000534057617,8630,0.0,0.0
2023-08-21 12:30:00-04:00,25.75,25.75,25.579999923706055,25.65999984741211,7465,0.0,0.0
2023-08-21 13:30:00-04:00,25.65999984741211,25.790000915527344,25.600099563598633,25.731199264526367,12730,0.0,0.0
2023-08-21 14:30:00-04:00,25.78969955444336,25.81999969482422,25.719999313354492,25.780000686645508,15861,0.0,0.0
2023-08-21 15:30:00-04:00,25.770000457763672,25.799999237060547,25.610000610351562,25.65999984741211,17221,0.0,0.0
2023-08-22 09:30:00-04:00,25.690000534057617,25.905000686645508,25.450000762939453,25.459999084472656,8636,0.0,0.0
2023-08-22 10:30:00-04:00,25.459999084472656,25.579999923706055,25.170000076293945,25.292999267578125,21014,0.0,0.0
2023-08-22 11:30:00-04:00,25.350000381469727,25.389999389648438,25.179899215698242,25.209999084472656,7999,0.0,0.0
2023-08-22 12:30:00-04:00,25.23200035095215,25.290000915527344,25.1200008392334,25.19499969482422,6702,0.0,0.0
2023-08-22 13:30:00-04:00,25.190000534057617,25.190000534057617,25.049999237060547,25.084999084472656,7826,0.0,0.0
2023-08-22 14:30:00-04:00,25.100000381469727,25.125,24.967500686645508,24.9955997467041,24686,0.0,0.0
2023-08-22 15:30:00-04:00,24.96500015258789,25.0,24.889999389648438,24.979999542236328,22334,0.0,0.0
2023-08-23 09:30:00-04:00,25.0,25.09000015258789,24.719999313354492,24.84000015258789,14306,0.0,0.0
2023-08-23 10:30:00-04:00,24.879600524902344,25.1299991607666,24.790000915527344,25.1299991607666,23955,0.0,0.0
2023-08-23 11:30:00-04:00,25.11750030517578,25.229999542236328,25.110000610351562,25.190000534057617,16753,0.0,0.0
2023-08-23 12:30:00-04:00,25.16010093688965,25.31999969482422,25.14299964904785,25.31999969482422,22510,0.0,0.0
2023-08-23 13:30:00-04:00,25.280000686645508,25.280000686645508,25.110000610351562,25.139999389648438,7549,0.0,0.0
2023-08-23 14:30:00-04:00,25.15999984741211,25.229999542236328,25.040000915527344,25.200000762939453,18717,0.0,0.0
2023-08-23 15:30:00-04:00,25.219999313354492,25.280000686645508,25.1200008392334,25.280000686645508,40437,0.0,0.0
2023-08-24 09:30:00-04:00,25.25,25.43000030517578,25.149999618530273,25.190000534057617,11059,0.0,0.0
2023-08-24 10:30:00-04:00,25.200000762939453,25.43440055847168,25.200000762939453,25.43440055847168,16342,0.0,0.0
2023-08-24 11:30:00-04:00,25.440000534057617,25.6299991607666,25.25,25.549999237060547,35770,0.0,0.0
2023-08-24 12:30:00-04:00,25.510000228881836,25.559999465942383,25.395000457763672,25.395000457763672,41679,0.0,0.0
2023-08-24 13:30:00-04:00,25.395000457763672,25.565000534057617,25.385000228881836,25.489999771118164,25814,0.0,0.0
2023-08-24 14:30:00-04:00,25.479999542236328,25.579999923706055,25.399999618530273,25.5,24572,0.0,0.0
2023-08-24 15:30:00-04:00,25.5049991607666,25.549999237060547,25.485000610351562,25.520000457763672,60485,0.0,0.0
2023-08-25 09:30:00-04:00,25.5,25.96500015258789,25.43000030517578,25.56999969482422,22330,0.0,0.0
2023-08-25 10:30:00-04:00,25.540000915527344,25.565000534057617,25.489999771118164,25.511999130249023,32012,0.0,0.0
2023-08-25 11:30:00-04:00,25.5,25.540000915527344,25.489999771118164,25.520000457763672,33675,0.0,0.0
2023-08-25 12:30:00-04:00,25.530000686645508,25.549999237060547,25.489999771118164,25.520000457763672,16102,0.0,0.0
2023-08-25 13:30:00-04:00,25.5,25.639999389648438,25.5,25.600000381469727,18862,0.0,0.0
2023-08-25 14:30:00-04:00,25.594999313354492,25.649999618530273,25.540000915527344,25.559999465942383,31153,0.0,0.0
2023-08-25 15:30:00-04:00,25.549999237060547,25.604999542236328,25.5,25.59000015258789,39465,0.0,0.0
2023-08-28 09:30:00-04:00,25.579999923706055,25.940000534057617,25.5,25.56999969482422,16001,0.0,0.0
2023-08-28 10:30:00-04:00,25.579999923706055,25.600000381469727,25.479999542236328,25.520000457763672,24887,0.0,0.0
2023-08-28 11:30:00-04:00,25.530000686645508,25.579999923706055,25.27079963684082,25.31999969482422,21161,0.0,0.0
2023-08-28 12:30:00-04:00,25.344999313354492,25.3700008392334,25.200000762939453,25.31999969482422,6551,0.0,0.0
2023-08-28 13:30:00-04:00,25.309999465942383,25.309999465942383,25.0,25.0,17472,0.0,0.0
2023-08-28 14:30:00-04:00,25.010000228881836,25.059999465942383,24.90999984741211,25.003999710083008,21262,0.0,0.0
2023-08-28 15:30:00-04:00,25.020000457763672,25.049999237060547,24.90999984741211,24.959999084472656,56181,0.0,0.0
2023-08-29 09:30:00-04:00,25.040000915527344,25.040000915527344,24.700000762939453,24.84000015258789,19182,0.0,0.0
2023-08-29 10:30:00-04:00,24.834999084472656,24.834999084472656,24.6299991607666,24.719999313354492,17705,0.0,0.0
2023-08-29 11:30:00-04:00,24.709999084472656,25.075000762939453,24.700000762939453,25.075000762939453,14271,0.0,0.0
2023-08-29 12:30:00-04:00,25.049999237060547,25.049999237060547,24.889999389648438,25.010000228881836,7370,0.0,0.0
2023-08-29 13:30:00-04:00,25.010299682617188,25.15999984741211,25.010000228881836,25.114999771118164,18132,0.0,0.0
2023-08-29 14:30:00-04:00,25.15999984741211,25.190000534057617,25.09000015258789,25.144699096679688,21151,0.0,0.0
2023-08-29 15:30:00-04:00,25.139999389648438,25.149999618530273,24.899999618530273,24.93000030517578,72543,0.0,0.0
2023-08-30 09:30:00-04:00,19.25,21.6200008392334,19.25,21.59000015258789,866157,0.0,0.0
2023-08-30 10:30:00-04:00,21.59000015258789,22.31999969482422,21.479999542236328,21.83919906616211,176914,0.0,0.0
2023-08-30 11:30:00-04:00,21.850000381469727,22.259899139404297,21.780000686645508,22.149999618530273,64877,0.0,0.0
2023-08-30 12:30:00-04:00,22.149999618530273,22.56999969482422,21.850000381469727,22.079999923706055,110955,0.0,0.0
2023-08-30 13:30:00-04:00,22.09000015258789,22.1200008392334,21.639999389648438,21.774999618530273,98338,0.0,0.0
2023-08-30 14:30:00-04:00,21.790000915527344,21.899999618530273,21.399999618530273,21.56999969482422,91043,0.0,0.0
2023-08-30 15:30:00-04:00,21.600000381469727,21.760000228881836,21.0,21.75,265559,0.0,0.0
2023-08-31 09:30:00-04:00,21.06999969482422,22.299999237060547,20.06999969482422,22.270000457763672,227959,0.0,0.0
2023-08-31 10:30:00-04:00,22.270000457763672,22.485000610351562,21.950000762939453,22.0049991607666,74288,0.0,0.0
2023-08-31 11:30:00-04:00,22.010000228881836,22.020000457763672,21.31999969482422,21.440000534057617,79417,0.0,0.0
2023-08-31 12:30:00-04:00,21.350000381469727,21.559999465942383,21.299999237060547,21.514999389648438,49040,0.0,0.0
2023-08-31 13:30:00-04:00,21.520000457763672,21.559499740600586,21.354999542236328,21.43000030517578,89183,0.0,0.0
2023-08-31 14:30:00-04:00,21.440000534057617,21.93000030517578,21.440000534057617,21.670000076293945,79187,0.0,0.0
2023-08-31 15:30:00-04:00,21.65999984741211,21.84000015258789,21.625,21.795000076293945,152047,0.0,0.0
2023-09-01 09:30:00-04:00,21.829999923706055,21.850000381469727,21.260000228881836,21.63010025024414,92962,0.0,0.0
2023-09-01 10:30:00-04:00,21.59000015258789,22.329999923706055,21.549999237060547,22.25,89948,0.0,0.0
2023-09-01 11:30:00-04:00,22.274999618530273,22.59000015258789,22.219999313354492,22.513900756835938,63597,0.0,0.0
2023-09-01 12:30:00-04:00,22.53499984741211,22.575000762939453,22.100000381469727,22.270000457763672,65128,0.0,0.0
2023-09-01 13:30:00-04:00,22.280000686645508,22.389999389648438,22.15999984741211,22.15999984741211,65230,0.0,0.0
2023-09-01 14:30:00-04:00,22.15999984741211,22.450000762939453,22.110000610351562,22.375,52733,0.0,0.0
2023-09-01 15:30:00-04:00,22.389999389648438,23.0,22.389999389648438,22.8700008392334,357339,0.0,0.0
2023-09-05 09:30:00-04:00,22.790000915527344,22.790000915527344,21.530000686645508,21.655000686645508,48673,0.0,0.0
2023-09-05 10:30:00-04:00,21.709999084472656,22.06999969482422,21.579999923706055,21.670000076293945,42190,0.0,0.0
2023-09-05 11:30:00-04:00,21.6200008392334,21.6200008392334,21.299999237060547,21.5,26847,0.0,0.0
2023-09-05 12:30:00-04:00,21.489999771118164,21.597700119018555,21.3799991607666,21.454999923706055,25954,0.0,0.0
2023-09-05 13:30:00-04:00,21.459999084472656,21.5,21.239999771118164,21.280000686645508,29953,0.0,0.0
2023-09-05 14:30:00-04:00,21.270000457763672,21.385000228881836,21.247499465942383,21.280000686645508,53858,0.0,0.0
2023-09-05 15:30:00-04:00,21.280000686645508,21.3799991607666,21.059999465942383,21.059999465942383,131895,0.0,0.0
2023-09-06 09:30:00-04:00,21.030000686645508,21.190000534057617,20.799999237060547,20.850000381469727,32870,0.0,0.0
2023-09-06 10:30:00-04:00,20.940000534057617,21.079999923706055,20.600000381469727,20.81999969482422,63072,0.0,0.0
2023-09-06 11:30:00-04:00,20.81999969482422,21.114999771118164,20.81999969482422,21.05500030517578,38416,0.0,0.0
2023-09-06 12:30:00-04:00,21.0,21.04990005493164,20.799999237060547,20.799999237060547,15939,0.0,0.0
2023-09-06 13:30:00-04:00,20.84000015258789,20.8799991607666,20.770599365234375,20.8700008392334,21416,0.0,0.0
2023-09-06 14:30:00-04:00,20.860000610351562,20.979999542236328,20.799999237060547,20.8799991607666,43004,0.0,0.0
2023-09-06 15:30:00-04:00,20.8799991607666,20.899999618530273,20.790000915527344,20.815000534057617,77692,0.0,0.0
2023-09-07 09:30:00-04:00,20.799999237060547,20.8700008392334,20.520000457763672,20.59000015258789,42228,0.0,0.0
2023-09-07 10:30:00-04:00,20.610000610351562,20.829999923706055,20.59000015258789,20.700000762939453,28867,0.0,0.0
2023-09-07 11:30:00-04:00,20.65999984741211,20.75,20.479999542236328,20.669700622558594,37487,0.0,0.0
2023-09-07 12:30:00-04:00,20.65999984741211,20.76889991760254,20.600000381469727,20.719999313354492,12082,0.0,0.0
2023-09-07 13:30:00-04:00,20.700000762939453,20.84000015258789,20.670000076293945,20.760000228881836,17744,0.0,0.0
2023-09-07 14:30:00-04:00,20.770000457763672,20.84000015258789,20.700000762939453,20.825000762939453,21114,0.0,0.0
2023-09-07 15:30:00-04:00,20.81999969482422,20.850000381469727,20.75,20.815000534057617,44919,0.0,0.0
2023-09-08 09:30:00-04:00,20.799999237060547,21.05500030517578,20.799999237060547,20.959999084472656,43241,0.0,0.0
2023-09-08 10:30:00-04:00,20.99370002746582,21.15999984741211,20.959999084472656,21.065000534057617,50008,0.0,0.0
2023-09-08 11:30:00-04:00,21.065000534057617,21.3700008392334,21.049999237060547,21.2549991607666,56369,0.0,0.0
2023-09-08 12:30:00-04:00,21.229999542236328,21.350000381469727,21.209999084472656,21.290000915527344,20179,0.0,0.0
2023-09-08 13:30:00-04:00,21.31999969482422,21.415000915527344,21.315000534057617,21.385000228881836,19336,0.0,0.0
2023-09-08 14:30:00-04:00,21.399999618530273,21.565000534057617,21.389999389648438,21.514999389648438,33681,0.0,0.0
2023-09-08 15:30:00-04:00,21.510000228881836,21.510000228881836,21.270000457763672,21.34000015258789,70439,0.0,0.0
2023-09-11 09:30:00-04:00,21.31999969482422,21.5,20.90999984741211,21.260000228881836,26762,0.0,0.0
2023-09-11 10:30:00-04:00,21.229999542236328,21.229999542236328,20.840900421142578,20.857500076293945,19664,0.0,0.0
2023-09-11 11:30:00-04:00,20.844100952148438,20.844100952148438,20.600000381469727,20.71500015258789,20152,0.0,0.0
2023-09-11 12:30:00-04:00,20.709999084472656,20.739999771118164,20.5,20.700000762939453,38644,0.0,0.0
2023-09-11 13:30:00-04:00,20.709999084472656,20.75,20.600000381469727,20.690000534057617,18572,0.0,0.0
2023-09-11 14:30:00-04:00,20.690000534057617,20.81999969482422,20.690000534057617,20.704999923706055,27614,0.0,0.0
2023-09-11 15:30:00-04:00,20.700000762939453,20.770000457763672,20.690000534057617,20.700000762939453,58872,0.0,0.0
2023-09-12 09:30:00-04:00,20.719999313354492,21.049999237060547,20.719999313354492,20.809999465942383,26465,0.0,0.0
2023-09-12 10:30:00-04:00,20.799999237060547,20.8799991607666,20.71500015258789,20.834999084472656,20569,0.0,0.0
2023-09-12 11:30:00-04:00,20.850000381469727,21.06999969482422,20.84000015258789,20.84000015258789,26493,0.0,0.0
2023-09-12 12:30:00-04:00,20.834999084472656,20.93000030517578,20.790000915527344,20.88599967956543,14071,0.0,0.0
2023-09-12 13:30:00-04:00,20.90999984741211,21.059999465942383,20.8700008392334,20.985000610351562,51659,0.0,0.0
2023-09-12 14:30:00-04:00,20.969999313354492,21.0,20.850000381469727,20.920000076293945,31909,0.0,0.0
2023-09-12 15:30:00-04:00,20.920000076293945,21.100000381469727,20.899999618530273,21.06999969482422,56727,0.0,0.0
2023-09-13 09:30:00-04:00,21.020000457763672,21.219999313354492,20.860000610351562,21.219999313354492,16461,0.0,0.0
2023-09-13 10:30:00-04:00,21.25,21.350000381469727,21.139999389648438,21.149999618530273,17371,0.0,0.0
2023-09-13 11:30:00-04:00,21.149999618530273,21.315000534057617,21.139999389648438,21.315000534057617,17775,0.0,0.0
2023-09-13 12:30:00-04:00,21.299999237060547,21.299999237060547,21.059999465942383,21.1299991607666,87128,0.0,0.0
2023-09-13 13:30:00-04:00,21.1299991607666,21.139999389648438,20.850000381469727,20.8799991607666,24943,0.0,0.0
2023-09-13 14:30:00-04:00,20.8799991607666,20.959999084472656,20.770000457763672,20.8700008392334,54020,0.0,0.0
2023-09-13 15:30:00-04:00,20.899999618530273,20.90999984741211,20.68000030517578,20.7450008392334,64593,0.0,0.0
2023-09-14 09:30:00-04:00,20.81999969482422,21.549999237060547,20.81999969482422,21.549999237060547,55865,0.0,0.0
2023-09-14 10:30:00-04:00,21.539600372314453,21.989999771118164,21.539600372314453,21.969999313354492,45041,0.0,0.0
2023-09-14 11:30:00-04:00,22.010099411010742,22.040000915527344,21.746400833129883,21.959999084472656,36544,0.0,0.0
2023-09-14 12:30:00-04:00,21.979999542236328,22.170000076293945,21.8700008392334,21.8700008392334,51351,0.0,0.0
2023-09-14 13:30:00-04:00,21.8700008392334,22.18000030517578,21.83060073852539,22.170000076293945,59998,0.0,0.0
2023-09-14 14:30:00-04:00,22.170000076293945,22.299999237060547,22.09000015258789,22.229999542236328,39621,0.0,0.0
2023-09-14 15:30:00-04:00,22.2450008392334,22.459999084472656,22.18000030517578,22.3700008392334,94714,0.0,0.0
2023-09-15 09:30:00-04:00,22.270000457763672,22.270000457763672,21.684999465942383,21.735000610351562,37192,0.0,0.0
2023-09-15 10:30:00-04:00,21.770000457763672,21.860000610351562,21.510000228881836,21.56999969482422,24273,0.0,0.0
2023-09-15 11:30:00-04:00,21.579999923706055,21.579999923706055,21.34000015258789,21.34000015258789,14486,0.0,0.0
2023-09-15 12:30:00-04:00,21.325000762939453,21.53499984741211,21.309999465942383,21.53499984741211,41432,0.0,0.0
2023-09-15 13:30:00-04:00,21.55579948425293,21.739599227905273,21.48200035095215,21.48200035095215,17682,0.0,0.0
2023-09-15 14:30:00-04:00,21.489999771118164,21.540000915527344,21.301000595092773,21.3700008392334,26411,0.0,0.0
2023-09-15 15:30:00-04:00,21.40999984741211,21.469999313354492,21.28499984741211,21.329999923706055,104751,0.0,0.0
2023-09-18 09:30:00-04:00,21.329999923706055,21.559999465942383,21.329999923706055,21.329999923706055,13832,0.0,0.0
2023-09-18 10:30:00-04:00,21.3700008392334,21.469999313354492,21.309999465942383,21.309999465942383,9528,0.0,0.0
2023-09-18 11:30:00-04:00,21.350000381469727,21.350000381469727,21.1299991607666,21.15999984741211,7946,0.0,0.0
2023-09-18 12:30:00-04:00,21.170000076293945,21.34000015258789,21.170000076293945,21.329999923706055,8794,0.0,0.0
2023-09-18 13:30:00-04:00,21.280000686645508,21.34000015258789,21.18000030517578,21.200000762939453,10464,0.0,0.0
2023-09-18 14:30:00-04:00,21.229999542236328,21.459999084472656,21.200000762939453,21.440000534057617,11411,0.0,0.0
2023-09-18 15:30:00-04:00,21.429000854492188,21.440000534057617,21.350000381469727,21.3799991607666,41894,0.0,0.0
2023-09-19 09:30:00-04:00,21.3799991607666,21.559999465942383,21.28230094909668,21.50040054321289,7662,0.0,0.0
2023-09-19 10:30:00-04:00,21.510000228881836,21.524999618530273,21.3799991607666,21.524999618530273,11012,0.0,0.0
2023-09-19 11:30:00-04:00,21.530000686645508,21.600000381469727,21.450000762939453,21.600000381469727,9549,0.0,0.0
2023-09-19 12:30:00-04:00,21.594999313354492,21.594999313354492,21.479999542236328,21.56410026550293,7589,0.0,0.0
2023-09-19 13:30:00-04:00,21.549999237060547,21.75,21.549999237060547,21.71500015258789,10285,0.0,0.0
2023-09-19 14:30:00-04:00,21.71500015258789,21.770000457763672,21.485000610351562,21.489999771118164,27717,0.0,0.0
2023-09-19 15:30:00-04:00,21.479999542236328,21.540000915527344,21.3799991607666,21.440000534057617,31705,0.0,0.0
2023-09-20 09:30:00-04:00,21.610000610351562,21.809999465942383,21.59000015258789,21.59000015258789,6192,0.0,0.0
2023-09-20 10:30:00-04:00,21.579999923706055,21.59000015258789,21.459999084472656,21.510799407958984,11874,0.0,0.0
2023-09-20 11:30:00-04:00,21.51460075378418,21.56999969482422,21.43000030517578,21.56999969482422,12766,0.0,0.0
2023-09-20 12:30:00-04:00,21.549999237060547,21.56999969482422,21.440000534057617,21.440000534057617,8339,0.0,0.0
2023-09-20 13:30:00-04:00,21.420000076293945,21.450000762939453,21.389999389648438,21.44499969482422,7645,0.0,0.0
2023-09-20 14:30:00-04:00,21.420000076293945,21.479999542236328,21.200000762939453,21.239999771118164,22441,0.0,0.0
2023-09-20 15:30:00-04:00,21.239999771118164,21.25,21.149999618530273,21.190000534057617,35828,0.0,0.0
2023-09-21 09:30:00-04:00,21.079999923706055,21.399999618530273,21.010000228881836,21.280000686645508,22085,0.0,0.0
2023-09-21 10:30:00-04:00,21.25,21.3799991607666,21.25,21.309999465942383,8947,0.0,0.0
2023-09-21 11:30:00-04:00,21.34000015258789,21.5,21.34000015258789,21.365699768066406,10972,0.0,0.0
2023-09-21 12:30:00-04:00,21.360000610351562,21.399999618530273,21.325000762939453,21.399999618530273,5977,0.0,0.0
2023-09-21 13:30:00-04:00,21.40999984741211,21.440000534057617,21.280000686645508,21.280000686645508,8626,0.0,0.0
2023-09-21 14:30:00-04:00,21.25,21.290000915527344,21.114999771118164,21.114999771118164,18275,0.0,0.0
2023-09-21 15:30:00-04:00,21.110000610351562,21.149999618530273,20.989999771118164,20.989999771118164,50409,0.0,0.0
2023-09-22 09:30:00-04:00,21.010000228881836,21.469999313354492,20.8799991607666,21.059999465942383,21521,0.0,0.0
2023-09-22 10:30:00-04:00,21.09000015258789,21.139999389648438,20.8799991607666,20.8799991607666,7024,0.0,0.0
2023-09-22 11:30:00-04:00,20.889999389648438,21.049999237060547,20.68000030517578,21.040000915527344,39138,0.0,0.0
2023-09-22 12:30:00-04:00,21.0,21.010000228881836,20.8799991607666,20.950000762939453,40936,0.0,0.0
2023-09-22 13:30:00-04:00,20.969999313354492,21.0,20.889999389648438,20.899999618530273,8918,0.0,0.0
2023-09-22 14:30:00-04:00,20.899999618530273,21.049999237060547,20.8799991607666,20.969999313354492,18943,0.0,0.0
2023-09-22 15:30:00-04:00,20.959999084472656,21.040000915527344,20.950000762939453,20.959999084472656,27083,0.0,0.0
2023-09-25 09:30:00-04:00,20.959999084472656,21.280000686645508,20.8700008392334,20.8700008392334,13161,0.0,0.0
2023-09-25 10:30:00-04:00,20.940000534057617,21.079999923706055,20.899999618530273,21.059999465942383,12346,0.0,0.0
2023-09-25 11:30:00-04:00,21.040000915527344,21.049999237060547,20.950000762939453,20.999500274658203,11083,0.0,0.0
2023-09-25 12:30:00-04:00,21.0,21.18000030517578,21.0,21.100000381469727,9340,0.0,0.0
2023-09-25 13:30:00-04:00,21.110000610351562,21.190000534057617,21.09000015258789,21.149999618530273,7187,0.0,0.0
2023-09-25 14:30:00-04:00,21.149999618530273,21.170000076293945,21.09000015258789,21.1200008392334,13680,0.0,0.0
2023-09-25 15:30:00-04:00,21.1200008392334,21.200000762939453,21.09000015258789,21.1200008392334,29530,0.0,0.0
2023-09-26 09:30:00-04:00,21.020000457763672,21.084999084472656,20.829999923706055,21.084999084472656,19152,0.0,0.0
2023-09-26 10:30:00-04:00,21.09000015258789,21.139999389648438,21.040000915527344,21.049999237060547,6549,0.0,0.0
2023-09-26 11:30:00-04:00,21.0,21.163299560546875,20.8799991607666,21.110000610351562,21971,0.0,0.0
2023-09-26 12:30:00-04:00,21.114999771118164,21.139999389648438,21.049999237060547,21.100000381469727,12756,0.0,0.0
2023-09-26 13:30:00-04:00,21.110000610351562,21.139999389648438,21.059999465942383,21.1200008392334,12360,0.0,0.0
2023-09-26 14:30:00-04:00,21.139999389648438,21.170000076293945,21.0049991607666,21.030000686645508,13215,0.0,0.0
2023-09-26 15:30:00-04:00,21.020000457763672,21.15999984741211,21.0,21.149999618530273,63585,0.0,0.0
2023-09-27 09:30:00-04:00,21.209999084472656,21.309999465942383,21.100000381469727,21.170000076293945,9784,0.0,0.0
2023-09-27 10:30:00-04:00,21.170000076293945,21.3799991607666,21.110000610351562,21.364999771118164,43746,0.0,0.0
2023-09-27 11:30:00-04:00,21.3700008392334,21.450000762939453,21.205699920654297,21.25,22295,0.0,0.0
2023-09-27 12:30:00-04:00,21.260000228881836,21.299999237060547,21.15999984741211,21.15999984741211,8318,0.0,0.0
2023-09-27 13:30:00-04:00,21.170000076293945,21.280000686645508,21.15999984741211,21.280000686645508,19192,0.0,0.0
2023-09-27 14:30:00-04:00,21.289899826049805,21.479999542236328,21.25,21.399900436401367,32358,0.0,0.0
2023-09-27 15:30:00-04:00,21.399999618530273,21.59000015258789,21.350000381469727,21.59000015258789,81715,0.0,0.0
2023-09-28 09:30:00-04:00,21.520000457763672,21.739999771118164,21.424999237060547,21.459999084472656,12441,0.0,0.0
2023-09-28 10:30:00-04:00,21.450000762939453,21.510000228881836,21.318099975585938,21.510000228881836,13909,0.0,0.0
2023-09-28 11:30:00-04:00,21.510000228881836,21.610000610351562,21.469999313354492,21.510000228881836,12093,0.0,0.0
2023-09-28 12:30:00-04:00,21.469999313354492,21.575000762939453,21.46500015258789,21.510000228881836,8997,0.0,0.0
2023-09-28 13:30:00-04:00,21.5,21.889999389648438,21.450000762939453,21.844999313354492,23507,0.0,0.0
2023-09-28 14:30:00-04:00,21.829999923706055,22.049999237060547,21.709999084472656,22.049999237060547,54146,0.0,0.0
2023-09-28 15:30:00-04:00,22.030000686645508,22.270000457763672,21.875,22.25,133313,0.0,0.0
2023-09-29 09:30:00-04:00,22.969999313354492,23.635000228881836,22.600000381469727,22.719999313354492,57804,0.0,0.0
2023-09-29 10:30:00-04:00,22.71500015258789,22.959999084472656,22.68000030517578,22.850000381469727,31823,0.0,0.0
2023-09-29 11:30:00-04:00,22.7450008392334,22.7450008392334,22.480100631713867,22.5,14671,0.0,0.0
2023-09-29 12:30:00-04:00,22.399999618530273,22.450000762939453,22.229999542236328,22.31999969482422,15517,0.0,0.0
2023-09-29 13:30:00-04:00,22.350000381469727,22.350000381469727,22.15999984741211,22.270000457763672,16600,0.0,0.0
2023-09-29 14:30:00-04:00,22.299999237060547,22.31999969482422,22.15999984741211,22.25,19259,0.0,0.0
2023-09-29 15:30:00-04:00,22.25,22.31999969482422,22.190000534057617,22.229999542236328,47957,0.0,0.0
2023-10-02 09:30:00-04:00,22.239999771118164,22.399999618530273,22.110000610351562,22.290000915527344,13214,0.0,0.0
2023-10-02 10:30:00-04:00,22.270000457763672,22.440000534057617,22.1200008392334,22.3799991607666,13287,0.0,0.0
2023-10-02 11:30:00-04:00,22.402000427246094,22.459999084472656,22.15999984741211,22.200000762939453,11097,0.0,0.0
2023-10-02 12:30:00-04:00,22.219999313354492,22.334999084472656,22.219999313354492,22.290000915527344,8402,0.0,0.0
2023-10-02 13:30:00-04:00,22.260000228881836,22.264999389648438,22.06999969482422,22.079999923706055,35064,0.0,0.0
2023-10-02 14:30:00-04:00,22.110000610351562,22.170000076293945,22.059999465942383,22.139999389648438,27141,0.0,0.0
2023-10-02 15:30:00-04:00,22.139999389648438,22.34000015258789,22.139999389648438,22.34000015258789,32689,0.0,0.0
2023-10-03 09:30:00-04:00,22.079999923706055,22.309999465942383,22.0,22.110000610351562,22093,0.0,0.0
2023-10-03 10:30:00-04:00,22.06999969482422,22.264999389648438,22.0310001373291,22.17099952697754,10705,0.0,0.0
2023-10-03 11:30:00-04:00,22.139999389648438,22.25,22.125,22.25,5640,0.0,0.0
2023-10-03 12:30:00-04:00,22.200000762939453,22.2450008392334,22.1200008392334,22.235000610351562,9220,0.0,0.0
2023-10-03 13:30:00-04:00,22.190000534057617,22.3799991607666,22.18000030517578,22.290000915527344,25238,0.0,0.0
2023-10-03 14:30:00-04:00,22.260000228881836,22.329999923706055,22.149999618530273,22.25,29744,0.0,0.0
2023-10-03 15:30:00-04:00,22.270000457763672,22.440000534057617,22.239999771118164,22.43000030517578,45337,0.0,0.0
2023-10-04 09:30:00-04:00,22.399999618530273,22.489999771118164,22.030000686645508,22.09000015258789,17585,0.0,0.0
2023-10-04 10:30:00-04:00,22.100000381469727,22.280000686645508,22.100000381469727,22.225000381469727,15128,0.0,0.0
2023-10-04 11:30:00-04:00,22.225000381469727,22.280000686645508,22.155000686645508,22.274999618530273,13703,0.0,0.0
2023-10-04 12:30:00-04:00,22.290000915527344,22.440000534057617,22.209999084472656,22.360000610351562,10453,0.0,0.0
2023-10-04 13:30:00-04:00,22.3799991607666,22.389999389648438,22.200000762939453,22.212200164794922,10532,0.0,0.0
2023-10-04 14:30:00-04:00,22.209999084472656,22.3700008392334,22.18000030517578,22.31999969482422,22311,0.0,0.0
2023-10-04 15:30:00-04:00,22.360000610351562,22.469999313354492,22.25,22.270000457763672,37279,0.0,0.0
2023-10-05 09:30:00-04:00,22.299999237060547,22.3799991607666,21.670000076293945,21.979999542236328,81581,0.0,0.0
2023-10-05 10:30:00-04:00,21.940000534057617,22.010000228881836,21.84000015258789,21.8799991607666,13480,0.0,0.0
2023-10-05 11:30:00-04:00,21.84000015258789,22.06999969482422,21.84000015258789,22.030000686645508,12265,0.0,0.0
2023-10-05 12:30:00-04:00,21.9950008392334,22.0,21.8700008392334,21.989999771118164,10135,0.0,0.0
2023-10-05 13:30:00-04:00,21.989999771118164,22.110000610351562,21.84000015258789,21.899999618530273,33937,0.0,0.0
2023-10-05 14:30:00-04:00,21.950000762939453,21.979999542236328,21.875,21.93000030517578,12109,0.0,0.0
2023-10-05 15:30:00-04:00,21.93000030517578,22.040000915527344,21.809999465942383,21.809999465942383,39781,0.0,0.0
2023-10-06 09:30:00-04:00,21.690000534057617,21.809999465942383,21.520000457763672,21.639999389648438,23007,0.0,0.0
2023-10-06 10:30:00-04:00,21.627500534057617,21.950000762939453,21.59000015258789,21.790000915527344,65732,0.0,0.0
2023-10-06 11:30:00-04:00,21.799999237060547,22.18000030517578,21.760000228881836,22.09000015258789,11732,0.0,0.0
2023-10-06 12:30:00-04:00,22.059999465942383,22.059999465942383,21.875,22.010000228881836,8138,0.0,0.0
2023-10-06 13:30:00-04:00,21.959999084472656,22.010000228881836,21.8700008392334,22.0,10363,0.0,0.0
2023-10-06 14:30:00-04:00,22.0,22.010000228881836,21.719999313354492,21.770000457763672,14452,0.0,0.0
2023-10-06 15:30:00-04:00,21.790000915527344,21.8700008392334,21.700000762939453,21.739999771118164,52007,0.0,0.0
2023-10-09 09:30:00-04:00,21.520000457763672,21.635000228881836,21.229999542236328,21.270000457763672,17708,0.0,0.0
2023-10-09 10:30:00-04:00,21.329999923706055,21.600000381469727,21.329999923706055,21.520000457763672,8922,0.0,0.0
2023-10-09 11:30:00-04:00,21.510000228881836,21.549999237060547,21.420000076293945,21.5,8700,0.0,0.0
2023-10-09 12:30:00-04:00,21.450000762939453,21.4773006439209,21.3799991607666,21.454999923706055,8021,0.0,0.0
2023-10-09 13:30:00-04:00,21.46500015258789,21.709999084472656,21.46500015258789,21.709999084472656,8914,0.0,0.0
2023-10-09 14:30:00-04:00,21.655000686645508,21.72920036315918,21.635000228881836,21.649999618530273,10172,0.0,0.0
2023-10-09 15:30:00-04:00,21.649999618530273,21.709999084472656,21.59000015258789,21.690000534057617,18014,0.0,0.0
2023-10-10 09:30:00-04:00,21.65999984741211,22.334999084472656,21.510000228881836,22.260000228881836,36953,0.0,0.0
2023-10-10 10:30:00-04:00,22.239999771118164,22.260000228881836,22.1299991607666,22.239999771118164,12162,0.0,0.0
2023-10-10 11:30:00-04:00,22.219999313354492,22.280000686645508,22.1299991607666,22.260000228881836,9720,0.0,0.0
2023-10-10 12:30:00-04:00,22.270000457763672,22.309999465942383,22.18000030517578,22.18000030517578,24239,0.0,0.0
2023-10-10 13:30:00-04:00,22.18000030517578,22.200000762939453,22.100000381469727,22.17140007019043,10148,0.0,0.0
2023-10-10 14:30:00-04:00,22.18000030517578,22.190000534057617,22.040000915527344,22.079999923706055,15459,0.0,0.0
2023-10-10 15:30:00-04:00,22.079999923706055,22.18000030517578,22.079999923706055,22.15999984741211,28352,0.0,0.0
2023-10-11 09:30:00-04:00,22.079999923706055,22.329999923706055,22.059999465942383,22.075000762939453,11674,0.0,0.0
2023-10-11 10:30:00-04:00,22.110000610351562,22.149999618530273,21.979999542236328,21.979999542236328,8578,0.0,0.0
2023-10-11 11:30:00-04:00,21.995800018310547,22.1299991607666,21.975000381469727,22.020000457763672,10685,0.0,0.0
2023-10-11 12:30:00-04:00,22.05500030517578,22.25,21.989999771118164,22.18000030517578,18323,0.0,0.0
2023-10-11 13:30:00-04:00,22.180999755859375,22.399999618530273,22.170000076293945,22.399999618530273,11404,0.0,0.0
2023-10-11 14:30:00-04:00,22.40999984741211,22.43000030517578,22.135000228881836,22.250699996948242,15472,0.0,0.0
2023-10-11 15:30:00-04:00,22.239999771118164,22.420000076293945,22.219999313354492,22.420000076293945,34865,0.0,0.0
2023-10-12 09:30:00-04:00,22.420000076293945,22.420000076293945,21.93000030517578,22.420000076293945,28468,0.0,0.0
2023-10-12 10:30:00-04:00,22.34000015258789,22.530000686645508,22.125200271606445,22.489999771118164,11681,0.0,0.0
2023-10-12 11:30:00-04:00,22.43000030517578,22.434999465942383,22.33919906616211,22.43000030517578,6197,0.0,0.0
2023-10-12 12:30:00-04:00,22.420000076293945,22.440000534057617,22.264999389648438,22.264999389648438,6900,0.0,0.0
2023-10-12 13:30:00-04:00,22.270000457763672,22.290000915527344,22.200000762939453,22.229999542236328,19117,0.0,0.0
2023-10-12 14:30:00-04:00,22.260000228881836,22.329999923706055,22.260000228881836,22.329999923706055,12266,0.0,0.0
2023-10-12 15:30:00-04:00,22.340099334716797,22.389999389648438,22.280000686645508,22.3700008392334,29215,0.0,0.0
2023-10-13 09:30:00-04:00,22.299999237060547,22.399999618530273,22.239999771118164,22.389999389648438,5202,0.0,0.0
2023-10-13 10:30:00-04:00,22.27199935913086,22.3700008392334,22.09000015258789,22.125,7661,0.0,0.0
2023-10-13 11:30:00-04:00,22.1200008392334,22.360000610351562,22.05500030517578,22.334999084472656,12793,0.0,0.0
2023-10-13 12:30:00-04:00,22.334999084472656,22.40999984741211,22.149999618530273,22.149999618530273,13713,0.0,0.0
2023-10-13 13:30:00-04:00,22.1299991607666,22.270000457763672,22.1299991607666,22.25,19323,0.0,0.0
2023-10-13 14:30:00-04:00,22.239999771118164,22.280000686645508,22.170000076293945,22.170000076293945,13549,0.0,0.0
2023-10-13 15:30:00-04:00,22.200000762939453,22.329999923706055,22.165000915527344,22.31999969482422,27636,0.0,0.0
2023-10-16 09:30:00-04:00,22.520000457763672,22.809999465942383,22.450000762939453,22.809999465942383,8287,0.0,0.0
2023-10-16 10:30:00-04:00,22.753000259399414,22.8799991607666,22.719999313354492,22.764999389648438,8933,0.0,0.0
2023-10-16 11:30:00-04:00,22.780000686645508,22.799999237060547,22.719999313354492,22.739999771118164,3376,0.0,0.0
2023-10-16 12:30:00-04:00,22.760000228881836,22.8799991607666,22.760000228881836,22.812000274658203,7442,0.0,0.0
2023-10-16 13:30:00-04:00,22.84000015258789,22.920000076293945,22.799999237060547,22.799999237060547,5797,0.0,0.0
2023-10-16 14:30:00-04:00,22.790000915527344,22.790000915527344,22.65999984741211,22.68000030517578,9039,0.0,0.0
2023-10-16 15:30:00-04:00,22.709999084472656,22.760000228881836,22.670000076293945,22.71500015258789,17861,0.0,0.0
2023-10-17 09:30:00-04:00,22.469999313354492,23.135000228881836,22.469999313354492,22.93000030517578,19204,0.0,0.0
2023-10-17 10:30:00-04:00,22.924999237060547,22.924999237060547,22.799999237060547,22.895000457763672,5204,0.0,0.0
2023-10-17 11:30:00-04:00,22.8700008392334,22.969999313354492,22.799999237060547,22.969999313354492,7123,0.0,0.0
2023-10-17 12:30:00-04:00,22.979999542236328,22.979999542236328,22.81999969482422,22.959999084472656,5539,0.0,0.0
2023-10-17 13:30:00-04:00,22.90999984741211,23.0,22.893999099731445,22.979999542236328,6350,0.0,0.0
2023-10-17 14:30:00-04:00,22.975000381469727,23.09000015258789,22.975000381469727,23.06999969482422,9847,0.0,0.0
2023-10-17 15:30:00-04:00,23.040000915527344,23.079999923706055,23.020000457763672,23.049999237060547,17567,0.0,0.0
2023-10-18 09:30:00-04:00,22.739999771118164,22.950000762939453,22.40999984741211,22.860000610351562,9084,0.0,0.0
2023-10-18 10:30:00-04:00,22.88800048828125,22.88800048828125,22.75,22.795000076293945,15540,0.0,0.0
2023-10-18 11:30:00-04:00,22.790000915527344,22.850000381469727,22.639999389648438,22.799999237060547,23412,0.0,0.0
2023-10-18 12:30:00-04:00,22.80500030517578,22.889999389648438,22.7810001373291,22.850000381469727,5571,0.0,0.0
2023-10-18 13:30:00-04:00,22.809999465942383,22.940000534057617,22.799999237060547,22.940000534057617,5670,0.0,0.0
2023-10-18 14:30:00-04:00,22.899999618530273,22.899999618530273,22.770000457763672,22.81999969482422,19290,0.0,0.0
2023-10-18 15:30:00-04:00,22.829999923706055,22.855100631713867,22.670000076293945,22.72100067138672,44789,0.0,0.0
2023-10-19 09:30:00-04:00,22.760000228881836,22.760000228881836,22.5,22.700000762939453,4809,0.0,0.0
2023-10-19 10:30:00-04:00,22.670000076293945,22.670000076293945,22.510000228881836,22.649999618530273,9212,0.0,0.0
2023-10-19 11:30:00-04:00,22.670000076293945,22.739999771118164,22.59000015258789,22.735000610351562,14312,0.0,0.0
2023-10-19 12:30:00-04:00,22.56999969482422,22.739999771118164,22.5,22.65999984741211,7094,0.0,0.0
2023-10-19 13:30:00-04:00,22.709999084472656,22.709999084472656,22.549999237060547,22.57159996032715,8300,0.0,0.0
2023-10-19 14:30:00-04:00,22.56999969482422,22.56999969482422,22.420000076293945,22.420000076293945,5436,0.0,0.0
2023-10-19 15:30:00-04:00,22.43000030517578,22.469999313354492,22.3700008392334,22.469999313354492,12422,0.0,0.0
2023-10-20 09:30:00-04:00,22.510000228881836,22.709999084472656,22.299999237060547,22.540000915527344,40919,0.0,0.0
2023-10-20 10:30:00-04:00,22.520000457763672,22.59000015258789,22.43000030517578,22.43000030517578,6699,0.0,0.0
2023-10-20 11:30:00-04:00,22.469999313354492,22.549999237060547,22.450000762939453,22.489999771118164,10185,0.0,0.0
2023-10-20 12:30:00-04:00,22.489999771118164,22.559999465942383,22.469999313354492,22.559999465942383,9748,0.0,0.0
2023-10-20 13:30:00-04:00,22.530000686645508,22.582500457763672,22.360000610351562,22.40999984741211,7467,0.0,0.0
2023-10-20 14:30:00-04:00,22.399999618530273,22.40999984741211,22.309999465942383,22.31999969482422,8146,0.0,0.0
2023-10-20 15:30:00-04:00,22.329999923706055,22.34000015258789,22.190000534057617,22.209999084472656,16822,0.0,0.0
2023-10-23 09:30:00-04:00,22.1200008392334,22.309999465942383,21.950000762939453,22.139999389648438,10313,0.0,0.0
2023-10-23 10:30:00-04:00,22.083999633789062,22.229999542236328,22.030000686645508,22.229999542236328,8736,0.0,0.0
2023-10-23 11:30:00-04:00,22.190000534057617,22.280000686645508,22.15999984741211,22.260000228881836,6718,0.0,0.0
2023-10-23 12:30:00-04:00,22.2450008392334,22.31999969482422,22.170000076293945,22.190000534057617,4246,0.0,0.0
2023-10-23 13:30:00-04:00,22.219999313354492,22.280000686645508,22.170000076293945,22.204999923706055,3999,0.0,0.0
2023-10-23 14:30:00-04:00,22.165000915527344,22.200000762939453,21.93000030517578,21.93000030517578,10981,0.0,0.0
2023-10-23 15:30:00-04:00,21.889999389648438,22.059999465942383,21.864999771118164,21.93000030517578,16837,0.0,0.0
2023-10-24 09:30:00-04:00,21.969999313354492,22.010000228881836,21.75,21.7549991607666,15590,0.0,0.0
2023-10-24 10:30:00-04:00,21.7549991607666,21.850000381469727,21.65999984741211,21.735000610351562,12934,0.0,0.0
2023-10-24 11:30:00-04:00,21.690000534057617,21.725000381469727,21.280000686645508,21.309999465942383,11357,0.0,0.0
2023-10-24 12:30:00-04:00,21.329999923706055,21.420000076293945,21.270000457763672,21.40999984741211,10476,0.0,0.0
2023-10-24 13:30:00-04:00,21.3799991607666,21.43000030517578,21.3700008392334,21.415000915527344,10340,0.0,0.0
2023-10-24 14:30:00-04:00,21.440000534057617,21.549999237060547,21.389999389648438,21.530000686645508,13485,0.0,0.0
2023-10-24 15:30:00-04:00,21.5,21.59000015258789,21.440000534057617,21.479999542236328,31128,0.0,0.0
2023-10-25 09:30:00-04:00,21.420000076293945,21.420000076293945,21.100000381469727,21.100000381469727,6065,0.0,0.0
2023-10-25 10:30:00-04:00,21.06399917602539,21.170000076293945,21.040000915527344,21.110000610351562,8228,0.0,0.0
2023-10-25 11:30:00-04:00,21.09000015258789,21.1200008392334,20.93000030517578,20.93000030517578,12373,0.0,0.0
2023-10-25 12:30:00-04:00,20.979999542236328,21.0,20.86009979248047,21.0,9854,0.0,0.0
2023-10-25 13:30:00-04:00,21.012500762939453,21.170000076293945,20.989999771118164,21.08989906311035,71092,0.0,0.0
2023-10-25 14:30:00-04:00,21.010000228881836,21.079999923706055,20.950000762939453,21.049999237060547,11481,0.0,0.0
2023-10-25 15:30:00-04:00,21.075000762939453,21.1200008392334,20.979999542236328,21.0,37815,0.0,0.0
2023-10-26 09:30:00-04:00,21.040000915527344,21.299999237060547,20.84000015258789,20.90999984741211,14329,0.0,0.0
2023-10-26 10:30:00-04:00,20.809999465942383,21.1200008392334,20.780000686645508,20.905000686645508,12676,0.0,0.0
2023-10-26 11:30:00-04:00,20.849000930786133,20.950000762939453,20.559999465942383,20.600000381469727,6580,0.0,0.0
2023-10-26 12:30:00-04:00,20.590999603271484,20.627099990844727,20.43000030517578,20.43000030517578,17301,0.0,0.0
2023-10-26 13:30:00-04:00,20.46500015258789,20.649999618530273,20.34000015258789,20.649999618530273,11469,0.0,0.0
2023-10-26 14:30:00-04:00,20.674999237060547,20.75,20.56999969482422,20.625,21554,0.0,0.0
2023-10-26 15:30:00-04:00,20.639999389648438,20.639999389648438,20.469999313354492,20.56999969482422,22626,0.0,0.0
2023-10-27 09:30:00-04:00,20.5,20.790000915527344,20.5,20.7549991607666,13037,0.0,0.0
2023-10-27 10:30:00-04:00,20.7549991607666,20.950000762939453,20.7549991607666,20.85219955444336,19184,0.0,0.0
2023-10-27 11:30:00-04:00,20.884300231933594,20.899900436401367,20.43000030517578,20.43000030517578,18095,0.0,0.0
2023-10-27 12:30:00-04:00,20.440000534057617,20.510000228881836,20.43000030517578,20.46500015258789,4972,0.0,0.0
2023-10-27 13:30:00-04:00,20.43000030517578,20.43000030517578,20.290000915527344,20.350000381469727,7617,0.0,0.0
2023-10-27 14:30:00-04:00,20.334999084472656,20.360000610351562,20.149999618530273,20.149999618530273,14854,0.0,0.0
2023-10-27 15:30:00-04:00,20.149999618530273,20.229999542236328,20.149999618530273,20.229999542236328,32457,0.0,0.0
2023-10-30 09:30:00-04:00,20.389999389648438,20.469999313354492,20.06999969482422,20.114999771118164,9815,0.0,0.0
2023-10-30 10:30:00-04:00,20.079999923706055,20.079999923706055,19.93000030517578,19.985000610351562,6254,0.0,0.0
2023-10-30 11:30:00-04:00,20.020000457763672,20.1299991607666,19.899999618530273,19.959999084472656,26296,0.0,0.0
2023-10-30 12:30:00-04:00,19.9950008392334,20.030000686645508,19.8700008392334,19.94969940185547,11972,0.0,0.0
2023-10-30 13:30:00-04:00,20.0,20.049999237060547,19.770000457763672,19.850000381469727,42528,0.0,0.0
2023-10-30 14:30:00-04:00,19.84000015258789,20.079999923706055,19.84000015258789,20.011600494384766,14417,0.0,0.0
2023-10-30 15:30:00-04:00,20.040000915527344,20.110000610351562,20.010000228881836,20.049999237060547,28113,0.0,0.0
2023-10-31 09:30:00-04:00,20.0,20.329999923706055,19.959999084472656,20.200000762939453,20657,0.0,0.0
2023-10-31 10:30:00-04:00,20.15999984741211,20.440000534057617,20.15999984741211,20.440000534057617,5723,0.0,0.0
2023-10-31 11:30:00-04:00,20.5,20.649999618530273,20.5,20.649999618530273,10853,0.0,0.0
2023-10-31 12:30:00-04:00,20.670000076293945,20.68000030517578,20.450000762939453,20.450000762939453,7015,0.0,0.0
2023-10-31 13:30:00-04:00,20.40999984741211,20.6299991607666,20.40999984741211,20.540000915527344,7769,0.0,0.0
2023-10-31 14:30:00-04:00,20.575000762939453,20.6200008392334,20.5,20.510000228881836,8629,0.0,0.0
2023-10-31 15:30:00-04:00,20.510000228881836,20.510000228881836,20.399999618530273,20.420000076293945,31600,0.0,0.0
2023-11-01 09:30:00-04:00,20.229999542236328,20.719999313354492,20.06999969482422,20.6200008392334,41952,0.0,0.0
2023-11-01 10:30:00-04:00,20.6200008392334,20.68000030517578,20.600000381469727,20.625,21160,0.0,0.0
2023-11-01 11:30:00-04:00,20.6299991607666,20.75,20.6200008392334,20.649999618530273,14577,0.0,0.0
2023-11-01 12:30:00-04:00,20.639999389648438,20.690000534057617,20.610000610351562,20.6299991607666,10183,0.0,0.0
2023-11-01 13:30:00-04:00,20.621000289916992,20.729999542236328,20.6200008392334,20.677000045776367,13622,0.0,0.0
2023-11-01 14:30:00-04:00,20.670000076293945,20.719999313354492,20.549999237060547,20.579999923706055,34692,0.0,0.0
2023-11-01 15:30:00-04:00,20.600000381469727,20.799999237060547,20.59000015258789,20.780000686645508,30486,0.0,0.0
2023-11-02 09:30:00-04:00,21.190000534057617,21.420000076293945,21.110000610351562,21.110000610351562,7096,0.0,0.0
2023-11-02 10:30:00-04:00,21.100000381469727,21.165000915527344,21.040000915527344,21.079999923706055,13449,0.0,0.0
2023-11-02 11:30:00-04:00,21.049999237060547,21.049999237060547,20.809999465942383,20.93000030517578,7721,0.0,0.0
2023-11-02 12:30:00-04:00,20.959999084472656,21.114999771118164,20.940000534057617,21.06999969482422,6315,0.0,0.0
2023-11-02 13:30:00-04:00,21.09000015258789,21.1200008392334,21.0,21.0,7948,0.0,0.0
2023-11-02 14:30:00-04:00,20.989999771118164,21.110000610351562,20.959999084472656,21.059999465942383,11059,0.0,0.0
2023-11-02 15:30:00-04:00,21.06999969482422,21.149999618530273,21.030000686645508,21.139999389648438,25160,0.0,0.0
2023-11-03 09:30:00-04:00,21.540000915527344,21.790000915527344,21.540000915527344,21.68000030517578,9232,0.0,0.0
2023-11-03 10:30:00-04:00,21.640899658203125,21.739999771118164,21.6299991607666,21.690000534057617,16903,0.0,0.0
2023-11-03 11:30:00-04:00,21.700000762939453,21.860000610351562,21.687999725341797,21.799999237060547,10591,0.0,0.0
2023-11-03 12:30:00-04:00,21.920000076293945,21.93000030517578,21.8799991607666,21.8799991607666,4738,0.0,0.0
2023-11-03 13:30:00-04:00,21.8700008392334,22.020000457763672,21.8700008392334,21.969999313354492,11988,0.0,0.0
2023-11-03 14:30:00-04:00,22.0,22.260000228881836,21.989999771118164,22.229999542236328,18768,0.0,0.0
2023-11-03 15:30:00-04:00,22.229999542236328,22.270000457763672,22.200000762939453,22.209999084472656,25916,0.0,0.0
2023-11-06 09:30:00-05:00,22.3799991607666,22.449100494384766,21.649999618530273,21.649999618530273,9231,0.0,0.0
2023-11-06 10:30:00-05:00,21.639999389648438,21.739999771118164,21.59000015258789,21.645000457763672,7609,0.0,0.0
2023-11-06 11:30:00-05:00,21.6299991607666,21.700000762939453,21.59000015258789,21.59000015258789,5393,0.0,0.0
2023-11-06 12:30:00-05:00,21.579999923706055,21.600000381469727,21.440000534057617,21.440000534057617,6583,0.0,0.0
2023-11-06 13:30:00-05:00,21.469999313354492,21.610000610351562,21.450000762939453,21.579999923706055,10043,0.0,0.0
2023-11-06 14:30:00-05:00,21.610000610351562,21.649999618530273,21.559999465942383,21.639999389648438,12532,0.0,0.0
2023-11-06 15:30:00-05:00,21.625,21.690000534057617,21.59000015258789,21.68000030517578,22184,0.0,0.0
2023-11-07 09:30:00-05:00,21.6299991607666,21.649999618530273,21.5,21.639999389648438,6783,0.0,0.0
2023-11-07 10:30:00-05:00,21.596099853515625,21.597000122070312,21.5,21.510000228881836,12233,0.0,0.0
2023-11-07 11:30:00-05:00,21.479999542236328,21.600000381469727,21.440000534057617,21.459999084472656,8909,0.0,0.0
2023-11-07 12:30:00-05:00,21.459999084472656,21.459999084472656,21.34000015258789,21.34000015258789,8657,0.0,0.0
2023-11-07 13:30:00-05:00,21.334999084472656,21.399999618530273,21.239999771118164,21.360000610351562,10113,0.0,0.0
2023-11-07 14:30:00-05:00,21.329999923706055,21.40999984741211,21.309999465942383,21.40999984741211,14834,0.0,0.0
2023-11-07 15:30:00-05:00,21.420000076293945,21.450000762939453,21.360000610351562,21.40999984741211,32712,0.0,0.0
2023-11-08 09:30:00-05:00,20.5,21.56999969482422,19.309999465942383,20.68000030517578,32457,0.0,0.0
2023-11-08 10:30:00-05:00,20.59000015258789,20.760000228881836,20.299999237060547,20.299999237060547,14876,0.0,0.0
2023-11-08 11:30:00-05:00,20.389999389648438,20.43000030517578,20.235000610351562,20.34000015258789,13145,0.0,0.0
2023-11-08 12:30:00-05:00,20.290000915527344,20.584999084472656,20.235000610351562,20.56999969482422,17643,0.0,0.0
2023-11-08 13:30:00-05:00,20.530000686645508,20.540000915527344,19.899999618530273,19.90999984741211,29791,0.0,0.0
2023-11-08 14:30:00-05:00,19.96500015258789,20.1200008392334,19.905000686645508,20.100000381469727,28879,0.0,0.0
2023-11-08 15:30:00-05:00,20.06999969482422,20.15999984741211,19.979999542236328,20.0,58357,0.0,0.0
2023-11-09 09:30:00-05:00,20.239999771118164,20.290000915527344,19.81999969482422,20.0,27575,0.0,0.0
2023-11-09 10:30:00-05:00,20.06999969482422,20.1299991607666,19.860000610351562,20.0,14345,0.0,0.0
2023-11-09 11:30:00-05:00,19.940900802612305,20.200000762939453,19.940900802612305,20.1200008392334,13512,0.0,0.0
2023-11-09 12:30:00-05:00,20.149999618530273,20.18000030517578,20.0,20.05500030517578,17004,0.0,0.0
2023-11-09 13:30:00-05:00,20.06999969482422,20.1299991607666,20.0,20.059999465942383,59705,0.0,0.0
2023-11-09 14:30:00-05:00,20.065000534057617,20.18000030517578,20.0,20.149999618530273,24402,0.0,0.0
2023-11-09 15:30:00-05:00,20.149999618530273,20.209999084472656,20.110000610351562,20.190000534057617,28120,0.0,0.0
2023-11-10 09:30:00-05:00,20.350000381469727,20.3799991607666,19.989999771118164,20.0,12549,0.0,0.0
2023-11-10 10:30:00-05:00,20.040000915527344,20.1299991607666,19.989999771118164,20.010000228881836,14966,0.0,0.0
2023-11-10 11:30:00-05:00,20.010000228881836,20.030000686645508,19.690000534057617,19.709999084472656,25390,0.0,0.0
2023-11-10 12:30:00-05:00,19.729999542236328,20.049999237060547,19.729999542236328,20.049999237060547,9663,0.0,0.0
2023-11-10 13:30:00-05:00,20.040000915527344,20.139999389648438,19.989999771118164,20.09000015258789,11344,0.0,0.0
2023-11-10 14:30:00-05:00,20.1200008392334,20.1200008392334,20.0,20.049999237060547,12197,0.0,0.0
2023-11-10 15:30:00-05:00,20.045000076293945,20.045000076293945,19.920000076293945,19.920000076293945,19899,0.0,0.0
2023-11-13 09:30:00-05:00,19.75,19.81999969482422,19.5,19.510000228881836,18111,0.0,0.0
2023-11-13 10:30:00-05:00,19.510000228881836,19.68000030517578,19.399999618530273,19.559999465942383,30721,0.0,0.0
2023-11-13 11:30:00-05:00,19.545000076293945,19.885000228881836,19.545000076293945,19.809999465942383,20111,0.0,0.0
2023-11-13 12:30:00-05:00,19.809999465942383,19.850000381469727,19.770000457763672,19.790000915527344,12735,0.0,0.0
2023-11-13 13:30:00-05:00,19.799999237060547,19.815000534057617,19.670000076293945,19.68000030517578,21873,0.0,0.0
2023-11-13 14:30:00-05:00,19.700000762939453,19.709999084472656,19.6299991607666,19.667699813842773,17528,0.0,0.0
2023-11-13 15:30:00-05:00,19.670000076293945,19.709999084472656,19.559999465942383,19.559999465942383,24938,0.0,0.0
2023-11-14 09:30:00-05:00,20.209999084472656,20.799999237060547,20.1200008392334,20.799999237060547,20119,0.0,0.0
2023-11-14 10:30:00-05:00,20.790000915527344,20.899999618530273,20.761199951171875,20.8700008392334,14242,0.0,0.0
2023-11-14 11:30:00-05:00,20.864999771118164,20.90399932861328,20.71500015258789,20.729999542236328,11528,0.0,0.0
2023-11-14 12:30:00-05:00,20.739999771118164,20.75,20.610000610351562,20.610000610351562,12108,0.0,0.0
2023-11-14 13:30:00-05:00,20.610000610351562,20.709999084472656,20.610000610351562,20.655000686645508,15903,0.0,0.0
2023-11-14 14:30:00-05:00,20.655000686645508,20.709999084472656,20.530000686645508,20.709999084472656,31480,0.0,0.0
2023-11-14 15:30:00-05:00,20.709999084472656,20.920000076293945,20.69499969482422,20.8799991607666,46745,0.0,0.0
2023-11-15 09:30:00-05:00,21.010000228881836,21.75,20.930099487304688,21.65999984741211,19810,0.0,0.0
2023-11-15 10:30:00-05:00,21.729999542236328,21.979999542236328,21.729000091552734,21.940000534057617,15749,0.0,0.0
2023-11-15 11:30:00-05:00,21.959999084472656,21.959999084472656,21.6200008392334,21.709999084472656,6882,0.0,0.0
2023-11-15 12:30:00-05:00,21.760000228881836,21.760000228881836,21.469999313354492,21.5,10359,0.0,0.0
2023-11-15 13:30:00-05:00,21.5,21.559999465942383,21.31999969482422,21.399999618530273,9177,0.0,0.0
2023-11-15 14:30:00-05:00,21.405000686645508,21.549999237060547,21.3799991607666,21.5,14825,0.0,0.0
2023-11-15 15:30:00-05:00,21.510000228881836,21.520000457763672,21.450000762939453,21.489999771118164,23840,0.0,0.0
2023-11-16 09:30:00-05:00,21.260000228881836,21.28499984741211,20.93000030517578,20.989999771118164,6986,0.0,0.0
2023-11-16 10:30:00-05:00,21.0,21.020000457763672,20.700000762939453,20.729999542236328,19167,0.0,0.0
2023-11-16 11:30:00-05:00,20.729999542236328,20.850000381469727,20.709999084472656,20.81999969482422,8416,0.0,0.0
2023-11-16 12:30:00-05:00,20.80500030517578,20.93000030517578,20.75,20.829999923706055,20500,0.0,0.0
2023-11-16 13:30:00-05:00,20.829999923706055,20.8799991607666,20.75,20.75,9898,0.0,0.0
2023-11-16 14:30:00-05:00,20.780000686645508,20.920000076293945,20.780000686645508,20.829999923706055,15426,0.0,0.0
2023-11-16 15:30:00-05:00,20.809999465942383,20.8700008392334,20.799999237060547,20.854999542236328,28260,0.0,0.0
2023-11-17 09:30:00-05:00,21.200000762939453,21.690000534057617,21.095199584960938,21.256399154663086,33968,0.0,0.0
2023-11-17 10:30:00-05:00,21.20400047302246,21.424999237060547,20.979999542236328,21.110000610351562,18543,0.0,0.0
2023-11-17 11:30:00-05:00,21.020000457763672,21.09000015258789,21.020000457763672,21.040000915527344,7043,0.0,0.0
2023-11-17 12:30:00-05:00,21.040000915527344,21.1299991607666,21.010000228881836,21.100000381469727,18333,0.0,0.0
2023-11-17 13:30:00-05:00,21.09000015258789,21.145000457763672,21.05500030517578,21.06999969482422,13545,0.0,0.0
2023-11-17 14:30:00-05:00,21.049999237060547,21.06399917602539,21.0,21.020000457763672,14498,0.0,0.0
2023-11-17 15:30:00-05:00,21.030000686645508,21.049999237060547,20.950000762939453,20.979999542236328,28595,0.0,0.0
2023-11-20 09:30:00-05:00,20.950000762939453,21.334999084472656,20.68000030517578,20.940000534057617,15845,0.0,0.0
2023-11-20 10:30:00-05:00,20.940000534057617,21.100000381469727,20.90999984741211,21.010000228881836,10209,0.0,0.0
2023-11-20 11:30:00-05:00,20.950000762939453,20.996299743652344,20.850000381469727,20.8700008392334,11018,0.0,0.0
2023-11-20 12:30:00-05:00,20.8700008392334,20.959999084472656,20.850000381469727,20.920000076293945,7780,0.0,0.0
2023-11-20 13:30:00-05:00,20.920000076293945,20.989999771118164,20.860000610351562,20.889999389648438,8053,0.0,0.0
2023-11-20 14:30:00-05:00,20.8700008392334,20.950000762939453,20.850000381469727,20.860000610351562,14247,0.0,0.0
2023-11-20 15:30:00-05:00,20.86989974975586,20.969999313354492,20.846099853515625,20.905000686645508,19316,0.0,0.0
2023-11-21 09:30:00-05:00,20.760000228881836,21.055999755859375,20.6299991607666,20.6299991607666,9153,0.0,0.0
2023-11-21 10:30:00-05:00,20.638999938964844,20.780000686645508,20.638999938964844,20.729999542236328,16095,0.0,0.0
2023-11-21 11:30:00-05:00,20.760000228881836,20.790000915527344,20.719999313354492,20.75,16302,0.0,0.0
2023-11-21 12:30:00-05:00,20.784099578857422,20.829999923706055,20.729999542236328,20.799999237060547,8917,0.0,0.0
2023-11-21 13:30:00-05:00,20.799999237060547,20.81999969482422,20.709999084472656,20.709999084472656,7690,0.0,0.0
2023-11-21 14:30:00-05:00,20.700000762939453,20.770000457763672,20.65999984741211,20.725000381469727,10000,0.0,0.0
2023-11-21 15:30:00-05:00,20.739999771118164,20.739999771118164,20.579999923706055,20.59000015258789,19590,0.0,0.0
2023-11-22 09:30:00-05:00,20.719999313354492,21.069000244140625,20.709999084472656,20.954999923706055,27660,0.0,0.0
2023-11-22 10:30:00-05:00,20.948999404907227,21.049999237060547,20.920000076293945,20.940000534057617,10066,0.0,0.0
2023-11-22 11:30:00-05:00,20.905000686645508,20.989999771118164,20.770000457763672,20.79129981994629,11947,0.0,0.0
2023-11-22 12:30:00-05:00,20.770000457763672,20.790000915527344,20.729999542236328,20.780000686645508,5535,0.0,0.0
2023-11-22 13:30:00-05:00,20.774999618530273,20.790000915527344,20.655000686645508,20.729999542236328,12001,0.0,0.0
2023-11-22 14:30:00-05:00,20.739999771118164,20.790000915527344,20.649999618530273,20.790000915527344,8691,0.0,0.0
2023-11-22 15:30:00-05:00,20.780000686645508,20.780000686645508,20.579999923706055,20.579999923706055,18411,0.0,0.0
2023-11-24 09:30:00-05:00,20.59000015258789,20.899999618530273,20.579999923706055,20.850000381469727,15643,0.0,0.0
2023-11-24 10:30:00-05:00,20.799999237060547,20.8700008392334,20.690000534057617,20.809999465942383,19732,0.0,0.0
2023-11-24 11:30:00-05:00,20.760000228881836,20.809999465942383,20.709999084472656,20.764999389648438,14889,0.0,0.0
2023-11-27 09:30:00-05:00,20.790000915527344,20.809999465942383,20.5,20.729999542236328,14563,0.0,0.0
2023-11-27 10:30:00-05:00,20.719999313354492,20.770000457763672,20.670000076293945,20.700000762939453,12821,0.0,0.0
2023-11-27 11:30:00-05:00,20.75,20.818099975585938,20.729999542236328,20.760000228881836,7151,0.0,0.0
2023-11-27 12:30:00-05:00,20.780000686645508,20.850000381469727,20.739999771118164,20.799999237060547,10452,0.0,0.0
2023-11-27 13:30:00-05:00,20.81999969482422,20.8799991607666,20.75,20.81999969482422,8866,0.0,0.0
2023-11-27 14:30:00-05:00,20.860000610351562,20.889999389648438,20.73539924621582,20.889999389648438,20568,0.0,0.0
2023-11-27 15:30:00-05:00,20.850000381469727,20.850000381469727,20.700000762939453,20.809999465942383,32010,0.0,0.0
2023-11-28 09:30:00-05:00,20.68000030517578,20.68000030517578,20.450000762939453,20.579999923706055,9944,0.0,0.0
2023-11-28 10:30:00-05:00,20.583999633789062,20.700000762939453,20.549999237060547,20.600000381469727,7916,0.0,0.0
2023-11-28 11:30:00-05:00,20.59000015258789,20.65999984741211,20.5,20.540000915527344,22593,0.0,0.0
2023-11-28 12:30:00-05:00,20.549999237060547,20.610000610351562,20.45400047302246,20.5,7676,0.0,0.0
2023-11-28 13:30:00-05:00,20.459999084472656,20.578100204467773,20.389999389648438,20.578100204467773,8752,0.0,0.0
2023-11-28 14:30:00-05:00,20.59000015258789,20.670000076293945,20.520000457763672,20.540000915527344,9747,0.0,0.0
2023-11-28 15:30:00-05:00,20.540000915527344,20.559999465942383,20.460100173950195,20.510000228881836,19928,0.0,0.0
2023-11-29 09:30:00-05:00,20.670000076293945,21.1200008392334,20.670000076293945,20.815000534057617,11657,0.0,0.0
2023-11-29 10:30:00-05:00,20.815000534057617,20.920000076293945,20.5,20.530000686645508,20401,0.0,0.0
2023-11-29 11:30:00-05:00,20.510000228881836,20.56999969482422,20.485000610351562,20.530000686645508,6595,0.0,0.0
2023-11-29 12:30:00-05:00,20.514999389648438,20.545799255371094,20.459999084472656,20.520000457763672,6205,0.0,0.0
2023-11-29 13:30:00-05:00,20.530000686645508,20.604999542236328,20.492900848388672,20.604999542236328,6106,0.0,0.0
2023-11-29 14:30:00-05:00,20.579999923706055,20.579999923706055,20.43000030517578,20.438899993896484,9848,0.0,0.0
2023-11-29 15:30:00-05:00,20.434999465942383,20.440000534057617,20.309999465942383,20.309999465942383,19232,0.0,0.0
2023-11-30 09:30:00-05:00,20.5,20.5,20.059999465942383,20.16550064086914,16490,0.0,0.0
2023-11-30 10:30:00-05:00,20.16550064086914,20.229999542236328,20.0,20.200000762939453,14200,0.0,0.0
2023-11-30 11:30:00-05:00,20.200000762939453,20.229999542236328,20.0,20.0,10744,0.0,0.0
2023-11-30 12:30:00-05:00,20.0,20.139999389648438,19.979999542236328,20.100000381469727,8650,0.0,0.0
2023-11-30 13:30:00-05:00,20.06999969482422,20.06999969482422,19.989999771118164,20.06999969482422,6989,0.0,0.0
2023-11-30 14:30:00-05:00,20.075000762939453,20.100000381469727,19.979999542236328,19.979999542236328,16871,0.0,0.0
2023-11-30 15:30:00-05:00,19.969999313354492,20.0,19.920000076293945,19.979999542236328,20115,0.0,0.0
2023-12-01 09:30:00-05:00,20.06999969482422,20.290000915527344,19.934999465942383,20.260000228881836,66462,0.0,0.0
2023-12-01 10:30:00-05:00,20.209999084472656,20.600000381469727,20.190000534057617,20.600000381469727,14557,0.0,0.0
2023-12-01 11:30:00-05:00,20.645000457763672,20.729999542236328,20.42020034790039,20.479999542236328,55690,0.0,0.0
2023-12-01 12:30:00-05:00,20.43000030517578,20.760000228881836,20.3799991607666,20.760000228881836,46475,0.0,0.0
2023-12-01 13:30:00-05:00,20.760000228881836,20.81999969482422,20.68000030517578,20.81999969482422,17600,0.0,0.0
2023-12-01 14:30:00-05:00,20.850000381469727,21.009000778198242,20.81999969482422,20.9685001373291,14852,0.0,0.0
2023-12-01 15:30:00-05:00,20.989999771118164,21.139999389648438,20.93000030517578,21.059999465942383,33592,0.0,0.0
2023-12-04 09:30:00-05:00,20.950000762939453,21.579999923706055,20.8799991607666,21.263999938964844,14577,0.0,0.0
2023-12-04 10:30:00-05:00,21.274999618530273,21.299999237060547,21.1299991607666,21.182100296020508,7849,0.0,0.0
2023-12-04 11:30:00-05:00,21.15999984741211,21.280000686645508,21.1299991607666,21.209999084472656,8315,0.0,0.0
2023-12-04 12:30:00-05:00,21.239999771118164,21.239999771118164,21.049999237060547,21.049999237060547,10481,0.0,0.0
2023-12-04 13:30:00-05:00,21.049999237060547,21.059999465942383,21.020000457763672,21.0216007232666,10265,0.0,0.0
2023-12-04 14:30:00-05:00,21.049999237060547,21.100000381469727,20.940000534057617,20.940000534057617,20014,0.0,0.0
2023-12-04 15:30:00-05:00,20.959999084472656,21.06999969482422,20.850000381469727,21.049999237060547,35364,0.0,0.0
2023-12-05 09:30:00-05:00,21.0,21.010000228881836,20.709999084472656,20.719999313354492,11952,0.0,0.0
2023-12-05 10:30:00-05:00,20.690000534057617,20.75,20.610000610351562,20.75,11876,0.0,0.0
2023-12-05 11:30:00-05:00,20.70709991455078,20.70709991455078,20.510000228881836,20.510000228881836,4977,0.0,0.0
2023-12-05 12:30:00-05:00,20.489999771118164,20.600000381469727,20.469999313354492,20.559999465942383,4801,0.0,0.0
2023-12-05 13:30:00-05:00,20.540000915527344,20.540000915527344,20.459999084472656,20.459999084472656,4828,0.0,0.0
2023-12-05 14:30:00-05:00,20.450000762939453,20.469999313354492,20.34000015258789,20.360000610351562,10310,0.0,0.0
2023-12-05 15:30:00-05:00,20.350000381469727,20.40999984741211,20.290000915527344,20.309999465942383,15494,0.0,0.0
2023-12-06 09:30:00-05:00,20.479999542236328,21.030000686645508,20.420000076293945,20.905000686645508,10093,0.0,0.0
2023-12-06 10:30:00-05:00,20.940000534057617,21.0,20.760000228881836,20.90999984741211,6786,0.0,0.0
2023-12-06 11:30:00-05:00,20.90999984741211,20.90999984741211,20.799999237060547,20.799999237060547,6216,0.0,0.0
2023-12-06 12:30:00-05:00,20.770000457763672,20.809999465942383,20.68000030517578,20.75,4400,0.0,0.0
2023-12-06 13:30:00-05:00,20.799999237060547,20.850000381469727,20.760000228881836,20.760000228881836,4710,0.0,0.0
2023-12-06 14:30:00-05:00,20.780000686645508,20.799999237060547,20.564800262451172,20.584999084472656,9366,0.0,0.0
2023-12-06 15:30:00-05:00,20.530000686645508,20.579999923706055,20.469999313354492,20.520000457763672,12385,0.0,0.0
2023-12-07 09:30:00-05:00,20.65999984741211,20.75,20.389999389648438,20.690000534057617,7407,0.0,0.0
2023-12-07 10:30:00-05:00,20.760000228881836,20.878400802612305,20.75,20.809999465942383,7423,0.0,0.0
2023-12-07 11:30:00-05:00,20.8799991607666,20.940000534057617,20.84000015258789,20.850000381469727,15720,0.0,0.0
2023-12-07 12:30:00-05:00,20.920000076293945,21.010000228881836,20.91550064086914,20.91550064086914,5099,0.0,0.0
2023-12-07 13:30:00-05:00,20.969999313354492,21.030000686645508,20.940000534057617,21.030000686645508,5145,0.0,0.0
2023-12-07 14:30:00-05:00,21.06999969482422,21.1299991607666,20.979999542236328,21.1299991607666,16760,0.0,0.0
2023-12-07 15:30:00-05:00,21.1299991607666,21.1299991607666,20.989999771118164,21.010000228881836,15163,0.0,0.0
2023-12-08 09:30:00-05:00,20.979999542236328,21.31999969482422,20.979999542236328,21.290000915527344,10352,0.0,0.0
2023-12-08 10:30:00-05:00,21.239999771118164,21.239999771118164,20.90999984741211,20.90999984741211,7272,0.0,0.0
2023-12-08 11:30:00-05:00,20.934999465942383,21.1299991607666,20.934999465942383,21.049999237060547,10351,0.0,0.0
2023-12-08 12:30:00-05:00,21.04010009765625,21.1200008392334,21.0,21.100000381469727,20384,0.0,0.0
2023-12-08 13:30:00-05:00,21.15999984741211,21.190000534057617,21.110000610351562,21.190000534057617,4866,0.0,0.0
2023-12-08 14:30:00-05:00,21.200000762939453,21.209999084472656,21.0398006439209,21.059999465942383,8589,0.0,0.0
2023-12-08 15:30:00-05:00,21.040000915527344,21.079999923706055,20.959999084472656,21.0,22474,0.0,0.0
2023-12-11 09:30:00-05:00,21.0,21.170000076293945,20.75,20.78499984741211,9635,0.0,0.0
2023-12-11 10:30:00-05:00,20.780000686645508,20.950000762939453,20.780000686645508,20.809999465942383,7883,0.0,0.0
2023-12-11 11:30:00-05:00,20.790000915527344,20.860000610351562,20.780000686645508,20.780000686645508,7549,0.0,0.0
2023-12-11 12:30:00-05:00,20.75,20.829999923706055,20.75,20.81999969482422,4302,0.0,0.0
2023-12-11 13:30:00-05:00,20.799999237060547,20.799999237060547,20.709999084472656,20.763399124145508,13527,0.0,0.0
2023-12-11 14:30:00-05:00,20.729999542236328,20.8700008392334,20.719999313354492,20.81999969482422,11716,0.0,0.0
2023-12-11 15:30:00-05:00,20.799999237060547,20.969999313354492,20.799999237060547,20.959999084472656,24222,0.0,0.0
2023-12-12 09:30:00-05:00,20.959999084472656,20.959999084472656,20.690000534057617,20.780000686645508,6168,0.0,0.0
2023-12-12 10:30:00-05:00,20.78890037536621,20.899999618530273,20.760000228881836,20.829999923706055,5989,0.0,0.0
2023-12-12 11:30:00-05:00,20.73419952392578,20.84000015258789,20.719999313354492,20.81999969482422,3984,0.0,0.0
2023-12-12 12:30:00-05:00,20.809999465942383,20.850000381469727,20.729999542236328,20.799999237060547,5592,0.0,0.0
2023-12-12 13:30:00-05:00,20.809999465942383,20.829999923706055,20.719999313354492,20.799999237060547,5175,0.0,0.0
2023-12-12 14:30:00-05:00,20.780000686645508,20.833499908447266,20.780000686645508,20.81999969482422,5739,0.0,0.0
2023-12-12 15:30:00-05:00,20.81999969482422,20.81999969482422,20.6200008392334,20.670000076293945,10801,0.0,0.0
2023-12-13 09:30:00-05:00,20.56999969482422,20.56999969482422,20.360000610351562,20.43000030517578,9117,0.0,0.0
2023-12-13 10:30:00-05:00,20.43199920654297,20.4512996673584,20.350000381469727,20.443300247192383,13339,0.0,0.0
2023-12-13 11:30:00-05:00,20.450000762939453,20.450000762939453,20.309999465942383,20.31999969482422,8475,0.0,0.0
2023-12-13 12:30:00-05:00,20.34000015258789,20.34000015258789,20.17140007019043,20.17140007019043,5846,0.0,0.0
2023-12-13 13:30:00-05:00,20.219999313354492,20.850000381469727,20.219999313354492,20.850000381469727,19888,0.0,0.0
2023-12-13 14:30:00-05:00,20.850000381469727,21.309999465942383,20.829999923706055,21.110000610351562,22225,0.0,0.0
2023-12-13 15:30:00-05:00,21.110000610351562,21.264999389648438,21.100000381469727,21.25,109181,0.0,0.0
2023-12-14 09:30:00-05:00,21.600000381469727,22.43000030517578,21.600000381469727,22.375,61454,0.0,0.0
2023-12-14 10:30:00-05:00,22.398799896240234,22.408000946044922,22.049999237060547,22.197999954223633,21062,0.0,0.0
2023-12-14 11:30:00-05:00,22.197500228881836,22.360000610351562,22.09000015258789,22.100000381469727,33505,0.0,0.0
2023-12-14 12:30:00-05:00,22.1299991607666,22.399999618530273,21.950000762939453,21.950000762939453,16615,0.0,0.0
2023-12-14 13:30:00-05:00,21.950000762939453,22.079999923706055,21.90999984741211,22.04050064086914,23036,0.0,0.0
2023-12-14 14:30:00-05:00,22.040000915527344,22.25,21.920000076293945,22.25,31875,0.0,0.0
2023-12-14 15:30:00-05:00,22.229999542236328,22.299999237060547,22.15999984741211,22.229999542236328,37224,0.0,0.0
2023-12-15 09:30:00-05:00,22.469999313354492,22.469999313354492,21.770000457763672,22.350000381469727,55175,0.0,0.0
2023-12-15 10:30:00-05:00,22.239999771118164,22.469999313354492,22.18000030517578,22.200000762939453,13752,0.0,0.0
2023-12-15 11:30:00-05:00,22.200000762939453,22.260000228881836,22.06999969482422,22.09000015258789,8837,0.0,0.0
2023-12-15 12:30:00-05:00,22.13050079345703,22.13050079345703,21.950000762939453,21.9950008392334,7341,0.0,0.0
2023-12-15 13:30:00-05:00,22.010000228881836,22.049999237060547,21.905000686645508,22.049999237060547,10998,0.0,0.0
2023-12-15 14:30:00-05:00,21.969999313354492,22.059999465942383,21.93000030517578,22.040000915527344,9257,0.0,0.0
2023-12-15 15:30:00-05:00,22.065000534057617,22.065000534057617,21.850000381469727,21.8700008392334,35160,0.0,0.0
2023-12-18 09:30:00-05:00,21.809999465942383,21.920000076293945,21.600000381469727,21.815000534057617,15633,0.0,0.0
2023-12-18 10:30:00-05:00,21.770000457763672,21.889999389648438,21.56999969482422,21.854999542236328,15232,0.0,0.0
2023-12-18 11:30:00-05:00,21.844999313354492,21.844999313354492,21.690000534057617,21.790000915527344,5332,0.0,0.0
2023-12-18 12:30:00-05:00,21.790000915527344,21.829999923706055,21.760000228881836,21.760000228881836,5025,0.0,0.0
2023-12-18 13:30:00-05:00,21.790000915527344,21.799999237060547,21.670000076293945,21.674999237060547,5701,0.0,0.0
2023-12-18 14:30:00-05:00,21.690000534057617,21.760000228881836,21.6200008392334,21.6200008392334,12499,0.0,0.0
2023-12-18 15:30:00-05:00,21.579999923706055,21.670000076293945,21.549999237060547,21.670000076293945,16260,0.0,0.0
2023-12-19 09:30:00-05:00,21.8799991607666,22.15999984741211,21.520000457763672,21.950000762939453,19306,0.0,0.0
2023-12-19 10:30:00-05:00,21.940000534057617,22.06999969482422,21.93000030517578,21.93000030517578,7194,0.0,0.0
2023-12-19 11:30:00-05:00,21.899999618530273,21.940000534057617,21.81399917602539,21.864999771118164,4572,0.0,0.0
2023-12-19 12:30:00-05:00,21.899999618530273,22.09000015258789,21.899999618530273,22.09000015258789,5583,0.0,0.0
2023-12-19 13:30:00-05:00,22.1299991607666,22.184999465942383,22.1299991607666,22.184999465942383,7363,0.0,0.0
2023-12-19 14:30:00-05:00,22.200000762939453,22.34000015258789,22.17009925842285,22.34000015258789,8417,0.0,0.0
2023-12-19 15:30:00-05:00,22.331300735473633,22.520000457763672,22.28499984741211,22.510000228881836,42262,0.0,0.0
2023-12-20 09:30:00-05:00,22.40999984741211,22.690000534057617,22.229999542236328,22.579999923706055,12269,0.0,0.0
2023-12-20 10:30:00-05:00,22.670000076293945,22.8799991607666,22.670000076293945,22.860000610351562,8121,0.0,0.0
2023-12-20 11:30:00-05:00,22.8799991607666,22.950000762939453,22.790000915527344,22.950000762939453,6641,0.0,0.0
2023-12-20 12:30:00-05:00,22.96500015258789,23.260000228881836,22.96500015258789,23.1200008392334,15841,0.0,0.0
2023-12-20 13:30:00-05:00,23.139999389648438,23.190000534057617,23.110000610351562,23.14310073852539,6933,0.0,0.0
2023-12-20 14:30:00-05:00,23.1200008392334,23.139999389648438,22.600000381469727,22.635000228881836,14295,0.0,0.0
2023-12-20 15:30:00-05:00,22.549999237060547,22.559999465942383,22.389999389648438,22.40999984741211,8749,0.0,0.0
2023-12-21 09:30:00-05:00,22.729999542236328,22.860000610351562,22.600000381469727,22.78499984741211,4794,0.0,0.0
2023-12-21 10:30:00-05:00,22.805999755859375,22.93000030517578,22.780000686645508,22.93000030517578,4797,0.0,0.0
2023-12-21 11:30:00-05:00,22.93000030517578,23.020000457763672,22.870100021362305,22.94499969482422,9022,0.0,0.0
2023-12-21 12:30:00-05:00,22.920000076293945,22.920000076293945,22.670000076293945,22.737499237060547,5634,0.0,0.0
2023-12-21 13:30:00-05:00,22.729999542236328,22.950000762939453,22.639999389648438,22.899999618530273,13860,0.0,0.0
2023-12-21 14:30:00-05:00,22.895000457763672,22.93000030517578,22.725000381469727,22.860000610351562,9013,0.0,0.0
2023-12-21 15:30:00-05:00,22.8700008392334,23.010000228881836,22.809999465942383,23.010000228881836,23495,0.0,0.0
2023-12-22 09:30:00-05:00,23.1299991607666,23.420000076293945,23.0,23.290000915527344,9974,0.0,0.0
2023-12-22 10:30:00-05:00,23.25,23.420000076293945,23.154800415039062,23.25,14306,0.0,0.0
2023-12-22 11:30:00-05:00,23.315000534057617,23.315000534057617,23.170000076293945,23.170000076293945,6190,0.0,0.0
2023-12-22 12:30:00-05:00,23.229999542236328,23.260000228881836,23.190000534057617,23.200000762939453,4920,0.0,0.0
2023-12-22 13:30:00-05:00,23.200000762939453,23.200000762939453,22.940000534057617,22.940000534057617,4491,0.0,0.0
2023-12-22 14:30:00-05:00,22.90999984741211,23.049999237060547,22.90999984741211,23.020000457763672,6968,0.0,0.0
2023-12-22 15:30:00-05:00,23.020000457763672,23.059999465942383,22.989999771118164,23.030000686645508,11590,0.0,0.0
2023-12-26 09:30:00-05:00,23.09000015258789,23.260000228881836,23.020000457763672,23.040000915527344,5896,0.0,0.0
2023-12-26 10:30:00-05:00,23.049999237060547,23.1299991607666,22.959999084472656,23.065000534057617,15399,0.0,0.0
2023-12-26 11:30:00-05:00,23.065000534057617,23.315000534057617,23.065000534057617,23.229999542236328,16407,0.0,0.0
2023-12-26 12:30:00-05:00,23.235000610351562,23.309999465942383,23.190099716186523,23.309999465942383,2533,0.0,0.0
2023-12-26 13:30:00-05:00,23.309999465942383,23.385000228881836,23.25,23.25,3614,0.0,0.0
2023-12-26 14:30:00-05:00,23.25,23.25,23.149999618530273,23.18000030517578,3876,0.0,0.0
2023-12-26 15:30:00-05:00,23.165000915527344,23.280000686645508,23.165000915527344,23.270000457763672,15902,0.0,0.0
2023-12-27 09:30:00-05:00,23.219999313354492,23.549999237060547,23.09000015258789,23.549999237060547,17548,0.0,0.0
2023-12-27 10:30:00-05:00,23.521299362182617,23.521299362182617,23.3700008392334,23.489999771118164,15977,0.0,0.0
2023-12-27 11:30:00-05:00,23.5,23.639999389648438,23.5,23.540000915527344,6849,0.0,0.0
2023-12-27 12:30:00-05:00,23.575000762939453,23.799999237060547,23.575000762939453,23.725000381469727,17097,0.0,0.0
2023-12-27 13:30:00-05:00,23.739999771118164,23.799999237060547,23.56999969482422,23.600000381469727,6989,0.0,0.0
2023-12-27 14:30:00-05:00,23.540000915527344,23.6200008392334,23.510000228881836,23.530000686645508,6243,0.0,0.0
2023-12-27 15:30:00-05:00,23.56999969482422,23.56999969482422,23.43000030517578,23.520000457763672,13164,0.0,0.0
2023-12-28 09:30:00-05:00,23.510000228881836,23.510000228881836,23.3700008392334,23.459999084472656,4539,0.0,0.0
2023-12-28 10:30:00-05:00,23.34000015258789,23.34000015258789,23.075000762939453,23.199899673461914,9360,0.0,0.0
2023-12-28 11:30:00-05:00,23.09000015258789,23.100000381469727,23.049999237060547,23.09000015258789,6847,0.0,0.0
2023-12-28 12:30:00-05:00,23.09000015258789,23.139999389648438,22.940000534057617,23.010000228881836,8514,0.0,0.0
2023-12-28 13:30:00-05:00,22.989999771118164,23.010000228881836,22.950000762939453,23.010000228881836,5109,0.0,0.0
2023-12-28 14:30:00-05:00,23.010000228881836,23.09000015258789,23.0049991607666,23.010000228881836,6827,0.0,0.0
2023-12-28 15:30:00-05:00,23.020000457763672,23.079999923706055,23.0,23.06999969482422,10260,0.0,0.0
2023-12-29 09:30:00-05:00,23.139999389648438,23.25,22.940000534057617,23.049999237060547,6694,0.0,0.0
2023-12-29 10:30:00-05:00,23.0,23.0,22.790000915527344,22.81999969482422,6658,0.0,0.0
2023-12-29 11:30:00-05:00,22.860000610351562,22.90999984741211,22.760000228881836,22.770000457763672,6053,0.0,0.0
2023-12-29 12:30:00-05:00,22.770000457763672,22.81999969482422,22.72010040283203,22.745500564575195,3608,0.0,0.0
2023-12-29 13:30:00-05:00,22.75,22.770000457763672,22.690000534057617,22.739999771118164,3962,0.0,0.0
2023-12-29 14:30:00-05:00,22.705799102783203,22.760000228881836,22.649999618530273,22.760000228881836,5989,0.0,0.0
2023-12-29 15:30:00-05:00,22.770000457763672,22.790000915527344,22.6200008392334,22.65999984741211,13336,0.0,0.0
2024-01-02 09:30:00-05:00,22.639999389648438,23.139999389648438,22.479999542236328,22.969999313354492,18190,0.0,0.0
2024-01-02 10:30:00-05:00,23.040000915527344,23.079999923706055,22.860300064086914,22.975000381469727,9511,0.0,0.0
2024-01-02 11:30:00-05:00,22.969999313354492,23.1200008392334,22.940000534057617,23.06999969482422,10860,0.0,0.0
2024-01-02 12:30:00-05:00,23.1299991607666,23.18000030517578,22.94099998474121,23.040000915527344,6458,0.0,0.0
2024-01-02 13:30:00-05:00,22.950000762939453,22.959999084472656,22.829999923706055,22.829999923706055,8588,0.0,0.0
2024-01-02 14:30:00-05:00,22.850000381469727,22.850000381469727,22.579999923706055,22.729999542236328,15163,0.0,0.0
2024-01-02 15:30:00-05:00,22.75,22.8799991607666,22.719999313354492,22.860000610351562,14341,0.0,0.0
2024-01-03 09:30:00-05:00,22.670000076293945,22.8700008392334,22.139999389648438,22.239999771118164,22528,0.0,0.0
2024-01-03 10:30:00-05:00,22.260000228881836,22.260000228881836,21.96500015258789,22.03499984741211,27596,0.0,0.0
2024-01-03 11:30:00-05:00,22.065000534057617,22.100000381469727,21.9950008392334,22.06999969482422,8529,0.0,0.0
2024-01-03 12:30:00-05:00,22.06999969482422,22.219999313354492,22.010000228881836,22.190000534057617,9120,0.0,0.0
2024-01-03 13:30:00-05:00,22.21500015258789,22.21500015258789,22.0,22.06999969482422,13646,0.0,0.0
2024-01-03 14:30:00-05:00,22.110000610351562,22.200000762939453,21.81999969482422,21.864999771118164,14155,0.0,0.0
2024-01-03 15:30:00-05:00,21.8700008392334,21.93000030517578,21.670000076293945,21.68000030517578,25517,0.0,0.0
2024-01-04 09:30:00-05:00,21.850000381469727,21.860000610351562,21.34000015258789,21.670000076293945,20776,0.0,0.0
2024-01-04 10:30:00-05:00,21.600000381469727,21.8700008392334,21.600000381469727,21.860000610351562,14793,0.0,0.0
2024-01-04 11:30:00-05:00,21.799999237060547,21.899999618530273,21.670000076293945,21.795000076293945,13137,0.0,0.0
2024-01-04 12:30:00-05:00,21.780000686645508,21.81999969482422,21.719999313354492,21.815000534057617,9113,0.0,0.0
2024-01-04 13:30:00-05:00,21.799999237060547,22.020000457763672,21.799999237060547,21.8799991607666,12686,0.0,0.0
2024-01-04 14:30:00-05:00,21.899999618530273,22.1299991607666,21.860000610351562,22.110000610351562,12440,0.0,0.0
2024-01-04 15:30:00-05:00,22.1299991607666,22.229999542236328,22.010000228881836,22.149999618530273,55089,0.0,0.0
2024-01-05 09:30:00-05:00,21.899999618530273,22.469999313354492,21.899999618530273,22.40999984741211,9702,0.0,0.0
2024-01-05 10:30:00-05:00,22.469999313354492,22.6200008392334,22.360000610351562,22.6200008392334,16561,0.0,0.0
2024-01-05 11:30:00-05:00,22.600000381469727,22.600000381469727,22.389999389648438,22.469999313354492,8176,0.0,0.0
2024-01-05 12:30:00-05:00,22.475000381469727,22.475000381469727,22.290000915527344,22.399999618530273,6946,0.0,0.0
2024-01-05 13:30:00-05:00,22.43000030517578,22.479999542236328,22.329999923706055,22.389999389648438,8509,0.0,0.0
2024-01-05 14:30:00-05:00,22.344999313354492,22.360000610351562,22.149999618530273,22.290000915527344,12281,0.0,0.0
2024-01-05 15:30:00-05:00,22.260000228881836,22.290000915527344,22.149999618530273,22.149999618530273,15858,0.0,0.0
2024-01-08 09:30:00-05:00,22.059999465942383,22.270000457763672,21.863399505615234,22.25,14289,0.0,0.0
2024-01-08 10:30:00-05:00,22.329999923706055,22.3700008392334,22.25,22.260000228881836,5966,0.0,0.0
2024-01-08 11:30:00-05:00,22.290000915527344,22.295000076293945,21.959999084472656,21.959999084472656,5818,0.0,0.0
2024-01-08 12:30:00-05:00,21.90999984741211,22.05500030517578,21.90999984741211,22.05500030517578,5469,0.0,0.0
2024-01-08 13:30:00-05:00,22.100000381469727,22.139999389648438,22.084999084472656,22.1299991607666,8108,0.0,0.0
2024-01-08 14:30:00-05:00,22.15999984741211,22.200000762939453,22.06999969482422,22.06999969482422,6387,0.0,0.0
2024-01-08 15:30:00-05:00,22.05500030517578,22.139999389648438,22.05500030517578,22.110000610351562,11655,0.0,0.0
2024-01-09 09:30:00-05:00,21.850000381469727,22.25,21.649999618530273,22.235000610351562,17303,0.0,0.0
2024-01-09 10:30:00-05:00,22.290000915527344,22.290000915527344,22.010000228881836,22.110000610351562,8798,0.0,0.0
2024-01-09 11:30:00-05:00,22.09000015258789,22.200000762939453,22.09000015258789,22.200000762939453,3129,0.0,0.0
2024-01-09 12:30:00-05:00,22.18000030517578,22.229999542236328,22.03019905090332,22.03019905090332,9091,0.0,0.0
2024-01-09 13:30:00-05:00,21.955400466918945,22.059999465942383,21.84000015258789,21.84000015258789,9621,0.0,0.0
2024-01-09 14:30:00-05:00,21.8700008392334,22.0049991607666,21.860000610351562,21.950000762939453,8845,0.0,0.0
2024-01-09 15:30:00-05:00,21.940000534057617,21.979999542236328,21.850000381469727,21.969999313354492,16228,0.0,0.0
2024-01-10 09:30:00-05:00,21.940000534057617,22.12619972229004,21.56999969482422,21.729999542236328,10300,0.0,0.0
2024-01-10 10:30:00-05:00,21.739999771118164,21.809999465942383,21.610000610351562,21.770000457763672,14943,0.0,0.0
2024-01-10 11:30:00-05:00,21.770000457763672,21.799999237060547,21.709999084472656,21.719999313354492,6732,0.0,0.0
2024-01-10 12:30:00-05:00,21.690000534057617,21.71500015258789,21.6299991607666,21.700000762939453,8180,0.0,0.0
2024-01-10 13:30:00-05:00,21.700000762939453,21.700000762939453,21.59000015258789,21.6466007232666,6120,0.0,0.0
2024-01-10 14:30:00-05:00,21.635000228881836,21.65999984741211,21.510000228881836,21.559799194335938,12830,0.0,0.0
2024-01-10 15:30:00-05:00,21.520000457763672,21.610000610351562,21.4950008392334,21.610000610351562,18462,0.0,0.0
2024-01-11 09:30:00-05:00,21.690000534057617,21.690000534057617,21.276599884033203,21.399999618530273,11305,0.0,0.0
2024-01-11 10:30:00-05:00,21.420000076293945,21.459999084472656,21.329999923706055,21.389999389648438,5794,0.0,0.0
2024-01-11 11:30:00-05:00,21.34239959716797,21.36009979248047,21.239999771118164,21.308300018310547,7252,0.0,0.0
2024-01-11 12:30:00-05:00,21.360000610351562,21.56999969482422,21.360000610351562,21.510000228881836,3854,0.0,0.0
2024-01-11 13:30:00-05:00,21.540000915527344,21.59000015258789,21.489999771118164,21.55500030517578,6116,0.0,0.0
2024-01-11 14:30:00-05:00,21.559999465942383,21.6299991607666,21.459999084472656,21.459999084472656,6984,0.0,0.0
2024-01-11 15:30:00-05:00,21.459999084472656,21.459999084472656,21.389999389648438,21.459999084472656,14545,0.0,0.0
2024-01-12 09:30:00-05:00,21.65999984741211,21.89240074157715,21.639999389648438,21.719999313354492,10726,0.0,0.0
2024-01-12 10:30:00-05:00,21.635000228881836,21.645000457763672,21.40999984741211,21.440000534057617,12164,0.0,0.0
2024-01-12 11:30:00-05:00,21.40999984741211,21.40999984741211,21.264999389648438,21.274999618530273,3035,0.0,0.0
2024-01-12 12:30:00-05:00,21.299999237060547,21.350000381469727,21.219999313354492,21.329999923706055,20067,0.0,0.0
2024-01-12 13:30:00-05:00,21.309999465942383,21.360000610351562,21.299999237060547,21.344999313354492,4946,0.0,0.0
2024-01-12 14:30:00-05:00,21.360000610351562,21.3799991607666,21.06999969482422,21.110000610351562,24863,0.0,0.0
2024-01-12 15:30:00-05:00,21.139999389648438,21.149999618530273,21.11520004272461,21.139999389648438,9770,0.0,0.0
2024-01-16 09:30:00-05:00,21.0,21.0,20.540000915527344,20.77899932861328,13938,0.0,0.0
2024-01-16 10:30:00-05:00,20.7549991607666,20.790000915527344,20.56999969482422,20.760000228881836,10077,0.0,0.0
2024-01-16 11:30:00-05:00,20.65999984741211,20.68000030517578,20.539100646972656,20.56999969482422,13035,0.0,0.0
2024-01-16 12:30:00-05:00,20.540000915527344,20.59000015258789,20.5,20.540000915527344,6997,0.0,0.0
2024-01-16 13:30:00-05:00,20.540000915527344,20.540000915527344,20.3799991607666,20.389999389648438,11960,0.0,0.0
2024-01-16 14:30:00-05:00,20.375,20.520000457763672,20.375,20.520000457763672,8289,0.0,0.0
2024-01-16 15:30:00-05:00,20.540000915527344,20.610000610351562,20.514999389648438,20.610000610351562,14841,0.0,0.0
2024-01-17 09:30:00-05:00,20.440000534057617,20.616600036621094,20.304000854492188,20.520000457763672,8377,0.0,0.0
2024-01-17 10:30:00-05:00,20.489999771118164,20.510000228881836,20.450000762939453,20.469999313354492,4057,0.0,0.0
2024-01-17 11:30:00-05:00,20.454999923706055,20.475000381469727,20.389999389648438,20.459999084472656,2373,0.0,0.0
2024-01-17 12:30:00-05:00,20.389999389648438,20.43000030517578,20.389999389648438,20.423799514770508,3556,0.0,0.0
2024-01-17 13:30:00-05:00,20.399999618530273,20.399999618530273,20.229999542236328,20.31999969482422,11450,0.0,0.0
2024-01-17 14:30:00-05:00,20.329999923706055,20.43000030517578,20.28499984741211,20.43000030517578,7034,0.0,0.0
2024-01-17 15:30:00-05:00,20.399999618530273,20.475000381469727,20.389999389648438,20.389999389648438,12538,0.0,0.0
2024-01-18 09:30:00-05:00,20.479999542236328,20.6200008392334,20.40999984741211,20.479999542236328,14027,0.0,0.0
2024-01-18 10:30:00-05:00,20.475000381469727,20.53499984741211,20.31999969482422,20.360000610351562,6789,0.0,0.0
2024-01-18 11:30:00-05:00,20.34000015258789,20.395000457763672,20.31999969482422,20.31999969482422,6337,0.0,0.0
2024-01-18 12:30:00-05:00,20.299999237060547,20.309999465942383,20.190000534057617,20.209999084472656,9635,0.0,0.0
2024-01-18 13:30:00-05:00,20.226999282836914,20.43000030517578,20.20009994506836,20.420000076293945,3994,0.0,0.0
2024-01-18 14:30:00-05:00,20.440000534057617,20.489999771118164,20.399999618530273,20.450000762939453,7592,0.0,0.0
2024-01-18 15:30:00-05:00,20.46500015258789,20.49020004272461,20.424999237060547,20.469999313354492,14126,0.0,0.0
2024-01-19 09:30:00-05:00,20.639999389648438,20.645000457763672,20.229999542236328,20.278200149536133,7579,0.0,0.0
2024-01-19 10:30:00-05:00,20.1299991607666,20.18000030517578,20.059999465942383,20.139999389648438,5476,0.0,0.0
2024-01-19 11:30:00-05:00,20.1200008392334,20.15999984741211,19.989999771118164,20.15999984741211,12354,0.0,0.0
2024-01-19 12:30:00-05:00,20.174999237060547,20.399999618530273,20.174999237060547,20.399999618530273,5177,0.0,0.0
2024-01-19 13:30:00-05:00,20.40999984741211,20.6200008392334,20.40999984741211,20.6200008392334,8449,0.0,0.0
2024-01-19 14:30:00-05:00,20.635000228881836,20.700000762939453,20.579999923706055,20.700000762939453,9019,0.0,0.0
2024-01-19 15:30:00-05:00,20.709999084472656,20.739999771118164,20.690000534057617,20.719999313354492,15290,0.0,0.0
2024-01-22 09:30:00-05:00,20.829999923706055,21.40999984741211,20.829999923706055,21.329999923706055,11891,0.0,0.0
2024-01-22 10:30:00-05:00,21.25,21.25,21.1299991607666,21.200000762939453,3017,0.0,0.0
2024-01-22 11:30:00-05:00,21.1200008392334,21.20989990234375,21.079999923706055,21.20989990234375,3498,0.0,0.0
2024-01-22 12:30:00-05:00,21.170000076293945,21.20989990234375,21.079999923706055,21.079999923706055,10430,0.0,0.0
2024-01-22 13:30:00-05:00,21.06999969482422,21.229999542236328,21.049999237060547,21.1200008392334,10597,0.0,0.0
2024-01-22 14:30:00-05:00,21.139999389648438,21.43000030517578,21.139999389648438,21.40999984741211,11410,0.0,0.0
2024-01-22 15:30:00-05:00,21.469999313354492,21.469999313354492,21.3700008392334,21.469999313354492,15059,0.0,0.0
2024-01-23 09:30:00-05:00,21.75,21.84000015258789,21.559999465942383,21.56999969482422,11308,0.0,0.0
2024-01-23 10:30:00-05:00,21.59000015258789,21.59000015258789,21.299999237060547,21.410999298095703,12632,0.0,0.0
2024-01-23 11:30:00-05:00,21.479999542236328,21.479999542236328,21.295000076293945,21.30699920654297,4117,0.0,0.0
2024-01-23 12:30:00-05:00,21.30500030517578,21.350000381469727,21.246000289916992,21.329999923706055,3708,0.0,0.0
2024-01-23 13:30:00-05:00,21.350000381469727,21.5,21.350000381469727,21.436199188232422,7289,0.0,0.0
2024-01-23 14:30:00-05:00,21.44499969482422,21.520000457763672,21.360000610351562,21.360000610351562,13294,0.0,0.0
2024-01-23 15:30:00-05:00,21.329999923706055,21.43000030517578,21.32200050354004,21.389999389648438,22746,0.0,0.0
2024-01-24 09:30:00-05:00,21.780000686645508,21.860000610351562,21.059999465942383,21.059999465942383,15307,0.0,0.0
2024-01-24 10:30:00-05:00,21.1299991607666,21.231599807739258,21.079999923706055,21.170000076293945,4940,0.0,0.0
2024-01-24 11:30:00-05:00,21.100000381469727,21.170000076293945,21.06999969482422,21.079999923706055,3781,0.0,0.0
2024-01-24 12:30:00-05:00,21.09000015258789,21.10110092163086,20.959999084472656,20.992799758911133,4641,0.0,0.0
2024-01-24 13:30:00-05:00,20.889999389648438,20.923799514770508,20.760000228881836,20.90999984741211,7069,0.0,0.0
2024-01-24 14:30:00-05:00,20.959999084472656,21.110000610351562,20.940000534057617,20.940000534057617,7620,0.0,0.0
2024-01-24 15:30:00-05:00,20.899999618530273,21.049999237060547,20.899999618530273,21.040000915527344,19795,0.0,0.0
2024-01-25 09:30:00-05:00,20.889999389648438,21.190000534057617,20.290000915527344,20.299999237060547,38608,0.0,0.0
2024-01-25 10:30:00-05:00,20.25,20.469999313354492,20.030000686645508,20.469999313354492,18147,0.0,0.0
2024-01-25 11:30:00-05:00,20.40999984741211,20.600000381469727,20.40999984741211,20.489999771118164,16347,0.0,0.0
2024-01-25 12:30:00-05:00,20.43000030517578,20.5,20.181100845336914,20.260000228881836,14557,0.0,0.0
2024-01-25 13:30:00-05:00,20.25,20.459999084472656,20.25,20.459999084472656,9627,0.0,0.0
2024-01-25 14:30:00-05:00,20.479999542236328,20.479999542236328,20.200000762939453,20.360000610351562,15709,0.0,0.0
2024-01-25 15:30:00-05:00,20.360000610351562,20.68000030517578,20.360000610351562,20.649999618530273,19491,0.0,0.0
2024-01-26 09:30:00-05:00,20.959999084472656,20.969999313354492,20.780000686645508,20.850000381469727,5669,0.0,0.0
2024-01-26 10:30:00-05:00,20.800100326538086,20.800100326538086,20.65999984741211,20.65999984741211,10775,0.0,0.0
2024-01-26 11:30:00-05:00,20.670000076293945,20.829999923706055,20.65999984741211,20.829999923706055,11570,0.0,0.0
2024-01-26 12:30:00-05:00,20.795000076293945,20.795000076293945,20.6299991607666,20.6299991607666,3627,0.0,0.0
2024-01-26 13:30:00-05:00,20.65999984741211,20.790000915527344,20.6299991607666,20.739999771118164,9176,0.0,0.0
2024-01-26 14:30:00-05:00,20.690000534057617,20.729999542236328,20.611600875854492,20.639999389648438,7919,0.0,0.0
2024-01-26 15:30:00-05:00,20.615999221801758,20.700000762939453,20.610000610351562,20.670000076293945,9784,0.0,0.0
2024-01-29 09:30:00-05:00,20.700000762939453,20.93000030517578,20.579999923706055,20.93000030517578,14517,0.0,0.0
2024-01-29 10:30:00-05:00,21.0,21.209999084472656,20.940000534057617,21.200000762939453,15553,0.0,0.0
2024-01-29 11:30:00-05:00,21.1200008392334,21.1200008392334,21.010000228881836,21.04010009765625,8894,0.0,0.0
2024-01-29 12:30:00-05:00,21.1200008392334,21.389999389648438,21.1200008392334,21.329999923706055,9362,0.0,0.0
2024-01-29 13:30:00-05:00,21.260000228881836,21.270000457763672,21.190000534057617,21.190000534057617,6379,0.0,0.0
2024-01-29 14:30:00-05:00,21.209999084472656,21.440000534057617,21.18000030517578,21.35219955444336,8947,0.0,0.0
2024-01-29 15:30:00-05:00,21.3799991607666,21.459999084472656,21.309999465942383,21.450000762939453,13761,0.0,0.0
2024-01-30 09:30:00-05:00,20.770000457763672,20.770000457763672,20.059999465942383,20.280000686645508,35264,0.0,0.0
2024-01-30 10:30:00-05:00,20.28499984741211,20.31999969482422,20.149999618530273,20.21500015258789,6138,0.0,0.0
2024-01-30 11:30:00-05:00,20.170000076293945,20.229999542236328,19.936599731445312,19.944499969482422,16765,0.0,0.0
2024-01-30 12:30:00-05:00,19.950000762939453,19.954999923706055,19.450000762939453,19.770000457763672,32714,0.0,0.0
2024-01-30 13:30:00-05:00,19.649999618530273,19.874000549316406,19.649999618530273,19.829999923706055,27086,0.0,0.0
2024-01-30 14:30:00-05:00,19.809999465942383,19.85540008544922,19.53499984741211,19.709999084472656,18830,0.0,0.0
2024-01-30 15:30:00-05:00,19.700000762939453,19.739999771118164,19.579999923706055,19.6200008392334,29389,0.0,0.0
2024-01-31 09:30:00-05:00,19.75,19.860000610351562,19.459999084472656,19.860000610351562,16284,0.0,0.0
2024-01-31 10:30:00-05:00,19.850000381469727,19.899999618530273,19.760000228881836,19.799999237060547,9243,0.0,0.0
2024-01-31 11:30:00-05:00,19.790000915527344,19.8799991607666,19.709999084472656,19.809999465942383,15875,0.0,0.0
2024-01-31 12:30:00-05:00,19.80500030517578,19.8700008392334,19.739999771118164,19.780000686645508,6169,0.0,0.0
2024-01-31 13:30:00-05:00,19.795000076293945,19.864999771118164,19.520099639892578,19.549999237060547,11967,0.0,0.0
2024-01-31 14:30:00-05:00,19.549999237060547,19.90999984741211,19.395000457763672,19.489999771118164,28680,0.0,0.0
2024-01-31 15:30:00-05:00,19.399999618530273,19.530000686645508,19.31999969482422,19.3700008392334,33160,0.0,0.0
2024-02-01 09:30:00-05:00,19.6200008392334,19.760000228881836,19.46500015258789,19.690000534057617,8187,0.0,0.0
2024-02-01 10:30:00-05:00,19.599000930786133,19.614999771118164,19.25,19.309999465942383,20469,0.0,0.0
2024-02-01 11:30:00-05:00,19.309999465942383,19.600000381469727,19.290000915527344,19.5,12252,0.0,0.0
2024-02-01 12:30:00-05:00,19.530000686645508,19.709999084472656,19.489999771118164,19.559999465942383,9059,0.0,0.0
2024-02-01 13:30:00-05:00,19.579999923706055,19.719999313354492,19.56999969482422,19.649999618530273,28636,0.0,0.0
2024-02-01 14:30:00-05:00,19.6299991607666,19.899999618530273,19.579999923706055,19.77389907836914,25624,0.0,0.0
2024-02-01 15:30:00-05:00,19.780000686645508,19.899999618530273,19.780000686645508,19.8799991607666,17844,0.0,0.0
2024-02-02 09:30:00-05:00,19.5,19.75,19.385000228881836,19.700000762939453,10583,0.0,0.0
2024-02-02 10:30:00-05:00,19.709999084472656,19.979999542236328,19.709999084472656,19.979999542236328,6378,0.0,0.0
2024-02-02 11:30:00-05:00,19.93000030517578,19.979999542236328,19.799999237060547,19.920000076293945,6156,0.0,0.0
2024-02-02 12:30:00-05:00,19.899999618530273,19.940000534057617,19.799999237060547,19.940000534057617,4816,0.0,0.0
2024-02-02 13:30:00-05:00,19.915000915527344,20.190000534057617,19.889999389648438,20.149999618530273,6021,0.0,0.0
2024-02-02 14:30:00-05:00,20.15999984741211,20.15999984741211,19.940000534057617,19.979999542236328,8667,0.0,0.0
2024-02-02 15:30:00-05:00,20.020000457763672,20.020000457763672,19.809999465942383,19.81999969482422,17352,0.0,0.0
2024-02-05 09:30:00-05:00,19.540000915527344,19.65999984741211,19.219999313354492,19.479999542236328,19578,0.0,0.0
2024-02-05 10:30:00-05:00,19.4950008392334,19.584999084472656,19.450000762939453,19.510000228881836,13999,0.0,0.0
2024-02-05 11:30:00-05:00,19.510000228881836,19.649999618530273,19.479999542236328,19.6299991607666,10367,0.0,0.0
2024-02-05 12:30:00-05:00,19.652799606323242,19.652799606323242,19.459999084472656,19.600000381469727,4748,0.0,0.0
2024-02-05 13:30:00-05:00,19.600000381469727,19.71500015258789,19.540000915527344,19.709999084472656,22558,0.0,0.0
2024-02-05 14:30:00-05:00,19.684999465942383,19.693099975585938,19.579999923706055,19.65999984741211,11973,0.0,0.0
2024-02-05 15:30:00-05:00,19.65999984741211,19.75,19.579999923706055,19.709999084472656,44464,0.0,0.0
2024-02-06 09:30:00-05:00,19.559999465942383,19.90999984741211,19.559999465942383,19.700000762939453,9195,0.0,0.0
2024-02-06 10:30:00-05:00,19.700000762939453,19.829999923706055,19.700000762939453,19.780000686645508,6225,0.0,0.0
2024-02-06 11:30:00-05:00,19.78499984741211,19.93000030517578,19.78499984741211,19.90999984741211,9093,0.0,0.0
2024-02-06 12:30:00-05:00,19.8799991607666,19.90999984741211,19.780000686645508,19.780000686645508,11163,0.0,0.0
2024-02-06 13:30:00-05:00,19.780000686645508,19.959999084472656,19.75,19.899999618530273,15191,0.0,0.0
2024-02-06 14:30:00-05:00,19.889999389648438,19.985000610351562,19.860000610351562,19.940000534057617,35589,0.0,0.0
2024-02-06 15:30:00-05:00,19.959999084472656,20.170000076293945,19.959999084472656,20.1299991607666,56818,0.0,0.0
2024-02-07 09:30:00-05:00,20.799999237060547,21.219999313354492,20.024999618530273,21.156700134277344,40380,0.0,0.0
2024-02-07 10:30:00-05:00,21.094999313354492,21.170000076293945,20.860000610351562,21.139999389648438,16525,0.0,0.0
2024-02-07 11:30:00-05:00,21.200000762939453,21.479999542236328,20.979999542236328,21.1299991607666,22507,0.0,0.0
2024-02-07 12:30:00-05:00,21.135000228881836,21.440000534057617,21.1299991607666,21.260000228881836,14956,0.0,0.0
2024-02-07 13:30:00-05:00,21.280000686645508,21.280000686645508,21.075000762939453,21.209999084472656,26609,0.0,0.0
2024-02-07 14:30:00-05:00,21.21500015258789,21.364999771118164,20.850000381469727,20.979999542236328,34532,0.0,0.0
2024-02-07 15:30:00-05:00,20.950000762939453,21.010000228881836,20.59000015258789,20.59000015258789,50206,0.0,0.0
2024-02-08 09:30:00-05:00,20.3799991607666,20.889999389648438,20.3799991607666,20.670000076293945,14270,0.0,0.0
2024-02-08 10:30:00-05:00,20.648000717163086,20.700000762939453,20.459999084472656,20.5,9291,0.0,0.0
2024-02-08 11:30:00-05:00,20.534400939941406,20.700000762939453,20.4950008392334,20.665000915527344,19531,0.0,0.0
2024-02-08 12:30:00-05:00,20.664400100708008,20.664400100708008,20.549999237060547,20.579999923706055,10105,0.0,0.0
2024-02-08 13:30:00-05:00,20.540000915527344,20.84000015258789,20.4950008392334,20.815000534057617,10820,0.0,0.0
2024-02-08 14:30:00-05:00,20.844999313354492,21.1299991607666,20.780000686645508,21.100000381469727,25012,0.0,0.0
2024-02-08 15:30:00-05:00,20.969999313354492,21.1299991607666,20.969999313354492,21.1299991607666,16927,0.0,0.0
2024-02-09 09:30:00-05:00,21.1299991607666,21.239999771118164,21.010000228881836,21.010000228881836,6709,0.0,0.0
2024-02-09 10:30:00-05:00,21.0,21.290000915527344,21.0,21.280000686645508,6841,0.0,0.0
2024-02-09 11:30:00-05:00,21.309999465942383,21.510000228881836,21.309999465942383,21.43000030517578,5105,0.0,0.0
2024-02-09 12:30:00-05:00,21.432199478149414,21.611600875854492,21.399999618530273,21.530000686645508,5227,0.0,0.0
2024-02-09 13:30:00-05:00,21.600000381469727,21.739999771118164,21.600000381469727,21.739999771118164,7113,0.0,0.0
2024-02-09 14:30:00-05:00,21.69610023498535,21.69610023498535,21.5,21.56999969482422,5660,0.0,0.0
2024-02-09 15:30:00-05:00,21.614999771118164,21.700000762939453,21.59000015258789,21.690000534057617,20935,0.0,0.0
2024-02-12 09:30:00-05:00,21.6299991607666,22.65999984741211,21.6299991607666,22.579999923706055,26954,0.0,0.0
2024-02-12 10:30:00-05:00,22.56999969482422,22.733299255371094,22.549999237060547,22.6299991607666,11620,0.0,0.0
2024-02-12 11:30:00-05:00,22.65999984741211,22.799999237060547,22.59000015258789,22.739999771118164,12484,0.0,0.0
2024-02-12 12:30:00-05:00,22.750099182128906,23.21500015258789,22.750099182128906,23.1299991607666,21727,0.0,0.0
2024-02-12 13:30:00-05:00,23.15999984741211,23.25,23.065000534057617,23.1299991607666,15184,0.0,0.0
2024-02-12 14:30:00-05:00,23.15999984741211,23.260000228881836,22.9950008392334,23.049999237060547,23757,0.0,0.0
2024-02-12 15:30:00-05:00,23.020000457763672,23.29990005493164,23.020000457763672,23.09000015258789,30926,0.0,0.0
2024-02-13 09:30:00-05:00,22.110000610351562,22.450000762939453,21.889999389648438,22.145000457763672,68137,0.0,0.0
2024-02-13 10:30:00-05:00,22.145000457763672,22.260000228881836,21.93000030517578,22.040000915527344,28855,0.0,0.0
2024-02-13 11:30:00-05:00,22.139999389648438,22.18000030517578,22.0,22.040000915527344,22942,0.0,0.0
2024-02-13 12:30:00-05:00,22.014999389648438,22.030000686645508,21.850000381469727,21.96500015258789,23083,0.0,0.0
2024-02-13 13:30:00-05:00,21.989999771118164,22.0,21.719999313354492,21.860000610351562,25439,0.0,0.0
2024-02-13 14:30:00-05:00,21.860000610351562,21.90999984741211,21.700000762939453,21.729999542236328,36475,0.0,0.0
2024-02-13 15:30:00-05:00,21.760000228881836,21.850000381469727,21.649999618530273,21.760000228881836,68813,0.0,0.0
2024-02-14 09:30:00-05:00,22.1200008392334,22.299999237060547,21.99530029296875,22.25,12978,0.0,0.0
2024-02-14 10:30:00-05:00,22.149999618530273,22.149999618530273,21.899999618530273,21.950000762939453,13787,0.0,0.0
2024-02-14 11:30:00-05:00,21.989999771118164,22.030000686645508,21.850000381469727,21.934999465942383,52002,0.0,0.0
2024-02-14 12:30:00-05:00,21.93000030517578,21.959999084472656,21.690000534057617,21.690000534057617,13088,0.0,0.0
2024-02-14 13:30:00-05:00,21.709999084472656,21.8700008392334,21.6299991607666,21.8700008392334,14080,0.0,0.0
2024-02-14 14:30:00-05:00,21.90999984741211,22.209999084472656,21.90999984741211,22.209999084472656,12852,0.0,0.0
2024-02-14 15:30:00-05:00,22.170000076293945,22.18000030517578,22.0,22.09000015258789,31591,0.0,0.0
2024-02-15 09:30:00-05:00,22.360000610351562,22.68000030517578,22.06999969482422,22.450000762939453,45297,0.0,0.0
2024-02-15 10:30:00-05:00,22.3799991607666,22.399999618530273,22.100000381469727,22.163700103759766,9509,0.0,0.0
2024-02-15 11:30:00-05:00,22.209999084472656,22.399999618530273,22.18000030517578,22.3700008392334,7146,0.0,0.0
2024-02-15 12:30:00-05:00,22.3700008392334,22.3700008392334,22.170000076293945,22.239999771118164,8901,0.0,0.0
2024-02-15 13:30:00-05:00,22.260000228881836,22.34000015258789,22.209999084472656,22.274999618530273,10900,0.0,0.0
2024-02-15 14:30:00-05:00,22.280000686645508,22.3700008392334,22.209999084472656,22.229999542236328,21804,0.0,0.0
2024-02-15 15:30:00-05:00,22.219999313354492,22.43000030517578,22.190000534057617,22.43000030517578,41701,0.0,0.0
2024-02-16 09:30:00-05:00,21.950000762939453,22.200000762939453,21.850000381469727,22.049999237060547,11880,0.0,0.0
2024-02-16 10:30:00-05:00,22.030000686645508,22.030000686645508,21.905000686645508,21.975000381469727,4574,0.0,0.0
2024-02-16 11:30:00-05:00,21.940000534057617,21.989999771118164,21.860000610351562,21.8700008392334,5208,0.0,0.0
2024-02-16 12:30:00-05:00,21.959999084472656,22.099000930786133,21.899999618530273,22.099000930786133,3371,0.0,0.0
2024-02-16 13:30:00-05:00,22.079999923706055,22.18000030517578,22.010000228881836,22.100000381469727,5933,0.0,0.0
2024-02-16 14:30:00-05:00,22.040000915527344,22.040000915527344,21.93000030517578,21.93000030517578,5296,0.0,0.0
2024-02-16 15:30:00-05:00,21.920000076293945,21.920000076293945,21.709999084472656,21.709999084472656,23258,0.0,0.0
2024-02-20 09:30:00-05:00,21.510000228881836,21.670000076293945,21.299999237060547,21.469999313354492,26340,0.0,0.0
2024-02-20 10:30:00-05:00,21.469999313354492,21.549999237060547,21.40999984741211,21.549999237060547,10662,0.0,0.0
2024-02-20 11:30:00-05:00,21.43000030517578,21.43000030517578,21.270000457763672,21.299999237060547,10049,0.0,0.0
2024-02-20 12:30:00-05:00,21.309999465942383,21.360000610351562,21.270000457763672,21.309999465942383,8911,0.0,0.0
2024-02-20 13:30:00-05:00,21.309999465942383,21.420000076293945,21.309999465942383,21.420000076293945,7469,0.0,0.0
2024-02-20 14:30:00-05:00,21.405000686645508,21.549999237060547,21.389999389648438,21.510000228881836,15962,0.0,0.0
2024-02-20 15:30:00-05:00,21.514999389648438,21.65250015258789,21.43000030517578,21.579999923706055,45049,0.0,0.0
2024-02-21 09:30:00-05:00,21.549999237060547,21.979900360107422,21.5,21.790000915527344,42192,0.0,0.0
2024-02-21 10:30:00-05:00,21.799999237060547,22.010000228881836,21.799999237060547,21.979999542236328,5956,0.0,0.0
2024-02-21 11:30:00-05:00,21.950000762939453,22.020000457763672,21.8799991607666,21.979999542236328,8797,0.0,0.0
2024-02-21 12:30:00-05:00,21.989999771118164,22.1299991607666,21.940000534057617,22.110000610351562,14024,0.0,0.0
2024-02-21 13:30:00-05:00,22.1200008392334,22.1200008392334,21.90999984741211,21.93000030517578,4637,0.0,0.0
2024-02-21 14:30:00-05:00,21.899999618530273,21.899999618530273,21.799999237060547,21.850000381469727,13905,0.0,0.0
2024-02-21 15:30:00-05:00,21.844999313354492,22.0,21.844999313354492,22.0,19975,0.0,0.0
2024-02-22 09:30:00-05:00,21.860000610351562,21.979999542236328,21.530000686645508,21.674999237060547,21762,0.0,0.0
2024-02-22 10:30:00-05:00,21.674999237060547,22.030000686645508,21.670000076293945,22.0,17789,0.0,0.0
2024-02-22 11:30:00-05:00,22.03499984741211,22.06999969482422,22.010000228881836,22.010000228881836,12038,0.0,0.0
2024-02-22 12:30:00-05:00,22.040000915527344,22.170000076293945,22.024999618530273,22.100000381469727,22345,0.0,0.0
2024-02-22 13:30:00-05:00,22.065000534057617,22.184200286865234,22.065000534057617,22.149999618530273,3574,0.0,0.0
2024-02-22 14:30:00-05:00,22.100000381469727,22.299999237060547,22.049999237060547,22.260000228881836,20186,0.0,0.0
2024-02-22 15:30:00-05:00,22.219999313354492,22.399999618530273,22.200000762939453,22.3700008392334,22250,0.0,0.0
2024-02-23 09:30:00-05:00,22.25,22.399999618530273,22.145000457763672,22.389999389648438,12506,0.0,0.0
2024-02-23 10:30:00-05:00,22.41990089416504,22.56999969482422,22.364999771118164,22.459999084472656,7052,0.0,0.0
2024-02-23 11:30:00-05:00,22.459999084472656,22.459999084472656,22.34000015258789,22.420000076293945,8083,0.0,0.0
2024-02-23 12:30:00-05:00,22.395000457763672,22.489999771118164,22.377500534057617,22.475000381469727,5466,0.0,0.0
2024-02-23 13:30:00-05:00,22.479999542236328,22.52560043334961,22.440000534057617,22.450000762939453,4151,0.0,0.0
2024-02-23 14:30:00-05:00,22.46500015258789,22.559999465942383,22.420000076293945,22.440000534057617,8106,0.0,0.0
2024-02-23 15:30:00-05:00,22.450000762939453,22.489999771118164,22.407499313354492,22.46500015258789,18910,0.0,0.0
2024-02-26 09:30:00-05:00,22.270000457763672,22.600000381469727,22.204999923706055,22.3700008392334,9251,0.0,0.0
2024-02-26 10:30:00-05:00,22.389999389648438,22.389999389648438,22.020000457763672,22.020000457763672,5872,0.0,0.0
2024-02-26 11:30:00-05:00,22.0,22.100000381469727,21.950000762939453,22.0,11200,0.0,0.0
2024-02-26 12:30:00-05:00,22.030000686645508,22.059999465942383,21.90999984741211,21.917499542236328,18713,0.0,0.0
2024-02-26 13:30:00-05:00,21.8799991607666,22.030000686645508,21.8700008392334,22.020000457763672,8956,0.0,0.0
2024-02-26 14:30:00-05:00,22.010000228881836,22.079999923706055,21.920000076293945,22.049999237060547,8455,0.0,0.0
2024-02-26 15:30:00-05:00,21.989999771118164,22.09000015258789,21.979999542236328,22.09000015258789,18237,0.0,0.0
2024-02-27 09:30:00-05:00,22.170000076293945,22.270000457763672,21.969999313354492,22.06999969482422,12990,0.0,0.0
2024-02-27 10:30:00-05:00,22.110000610351562,22.31999969482422,22.110000610351562,22.31999969482422,10811,0.0,0.0
2024-02-27 11:30:00-05:00,22.360000610351562,22.43000030517578,22.270000457763672,22.309999465942383,4360,0.0,0.0
2024-02-27 12:30:00-05:00,22.309999465942383,22.389999389648438,22.280000686645508,22.385000228881836,5505,0.0,0.0
2024-02-27 13:30:00-05:00,22.399999618530273,22.420000076293945,22.280000686645508,22.309999465942383,7126,0.0,0.0
2024-02-27 14:30:00-05:00,22.309999465942383,22.309999465942383,22.15999984741211,22.25,8559,0.0,0.0
2024-02-27 15:30:00-05:00,22.229999542236328,22.389999389648438,22.229999542236328,22.260000228881836,17998,0.0,0.0
2024-02-28 09:30:00-05:00,21.959999084472656,22.09000015258789,21.860000610351562,22.09000015258789,12074,0.0,0.0
2024-02-28 10:30:00-05:00,22.190000534057617,22.274999618530273,22.1200008392334,22.209999084472656,11881,0.0,0.0
2024-02-28 11:30:00-05:00,22.219999313354492,22.219999313354492,22.049999237060547,22.06999969482422,6697,0.0,0.0
2024-02-28 12:30:00-05:00,22.024999618530273,22.040000915527344,21.920000076293945,21.950000762939453,7056,0.0,0.0
2024-02-28 13:30:00-05:00,21.969999313354492,21.979999542236328,21.844999313354492,21.950000762939453,9546,0.0,0.0
2024-02-28 14:30:00-05:00,21.950000762939453,21.950000762939453,21.790000915527344,21.834999084472656,39937,0.0,0.0
2024-02-28 15:30:00-05:00,21.834999084472656,21.8700008392334,21.719999313354492,21.729999542236328,25640,0.0,0.0
2024-02-29 09:30:00-05:00,22.190000534057617,22.19499969482422,21.940000534057617,21.940000534057617,9340,0.0,0.0
2024-02-29 10:30:00-05:00,21.799999237060547,22.020000457763672,21.799999237060547,21.959999084472656,7696,0.0,0.0
2024-02-29 11:30:00-05:00,21.94499969482422,21.94499969482422,21.770000457763672,21.770000457763672,8646,0.0,0.0
2024-02-29 12:30:00-05:00,21.760000228881836,21.899999618530273,21.760000228881836,21.829999923706055,9381,0.0,0.0
2024-02-29 13:30:00-05:00,21.81999969482422,21.8700008392334,21.75,21.77039909362793,7779,0.0,0.0
2024-02-29 14:30:00-05:00,21.760000228881836,21.8700008392334,21.75,21.850000381469727,22198,0.0,0.0
2024-02-29 15:30:00-05:00,21.895000457763672,22.010000228881836,21.8799991607666,21.950000762939453,29109,0.0,0.0
2024-03-01 09:30:00-05:00,21.889999389648438,21.989999771118164,21.510000228881836,21.93000030517578,8865,0.0,0.0
2024-03-01 10:30:00-05:00,21.94499969482422,22.149999618530273,21.90999984741211,22.040000915527344,12028,0.0,0.0
2024-03-01 11:30:00-05:00,22.030000686645508,22.079999923706055,21.989999771118164,21.989999771118164,7970,0.0,0.0
2024-03-01 12:30:00-05:00,22.020000457763672,22.020000457763672,21.920000076293945,21.940000534057617,6263,0.0,0.0
2024-03-01 13:30:00-05:00,21.970199584960938,22.024999618530273,21.969999313354492,22.0,7463,0.0,0.0
2024-03-01 14:30:00-05:00,22.010000228881836,22.030000686645508,21.93000030517578,21.959999084472656,10509,0.0,0.0
2024-03-01 15:30:00-05:00,21.959999084472656,22.040000915527344,21.905000686645508,21.940000534057617,22707,0.0,0.0
2024-03-04 09:30:00-05:00,21.75,22.0,21.56999969482422,21.6200008392334,15398,0.0,0.0
2024-03-04 10:30:00-05:00,21.649999618530273,21.940000534057617,21.639999389648438,21.920000076293945,5761,0.0,0.0
2024-03-04 11:30:00-05:00,21.8799991607666,21.899999618530273,21.540000915527344,21.59779930114746,4772,0.0,0.0
2024-03-04 12:30:00-05:00,21.540000915527344,21.540000915527344,21.459999084472656,21.5,2445,0.0,0.0
2024-03-04 13:30:00-05:00,21.510000228881836,21.72800064086914,21.510000228881836,21.721900939941406,8876,0.0,0.0
2024-03-04 14:30:00-05:00,21.71500015258789,21.719999313354492,21.540000915527344,21.54010009765625,7352,0.0,0.0
2024-03-04 15:30:00-05:00,21.540000915527344,21.540000915527344,21.405000686645508,21.40999984741211,30461,0.0,0.0
2024-03-05 09:30:00-05:00,21.3799991607666,21.68000030517578,21.3799991607666,21.395000457763672,13216,0.0,0.0
2024-03-05 10:30:00-05:00,21.399999618530273,21.770000457763672,21.395000457763672,21.67770004272461,25849,0.0,0.0
2024-03-05 11:30:00-05:00,21.780000686645508,21.84000015258789,21.700000762939453,21.80500030517578,421,0.0,0.0
2024-03-05 12:30:00-05:00,21.790000915527344,21.90999984741211,21.75,21.90999984741211,6972,0.0,0.0
2024-03-05 13:30:00-05:00,21.8799991607666,21.899999618530273,21.729999542236328,21.780000686645508,12301,0.0,0.0
2024-03-05 14:30:00-05:00,21.780000686645508,21.790000915527344,21.415000915527344,21.450000762939453,10636,0.0,0.0
2024-03-05 15:30:00-05:00,21.43000030517578,21.43000030517578,21.239999771118164,21.239999771118164,40137,0.0,0.0
2024-03-06 09:30:00-05:00,21.389999389648438,21.606399536132812,21.020000457763672,21.059999465942383,8713,0.0,0.0
2024-03-06 10:30:00-05:00,21.030000686645508,21.094999313354492,21.0,21.010000228881836,4479,0.0,0.0
2024-03-06 11:30:00-05:00,20.979999542236328,21.03499984741211,20.920000076293945,20.979999542236328,8599,0.0,0.0
2024-03-06 12:30:00-05:00,21.075000762939453,21.09000015258789,20.969999313354492,21.0,7366,0.0,0.0
2024-03-06 13:30:00-05:00,20.8799991607666,21.059999465942383,20.780000686645508,21.059999465942383,13282,0.0,0.0
2024-03-06 14:30:00-05:00,21.05500030517578,21.170000076293945,20.992599487304688,21.1299991607666,10641,0.0,0.0
2024-03-06 15:30:00-05:00,21.110000610351562,21.13909912109375,20.860000610351562,21.010000228881836,61583,0.0,0.0
2024-03-07 09:30:00-05:00,21.229999542236328,21.540000915527344,21.06999969482422,21.290000915527344,8173,0.0,0.0
2024-03-07 10:30:00-05:00,21.288000106811523,21.31999969482422,21.18000030517578,21.290000915527344,8501,0.0,0.0
2024-03-07 11:30:00-05:00,21.260000228881836,21.280000686645508,21.184999465942383,21.280000686645508,5792,0.0,0.0
2024-03-07 12:30:00-05:00,21.280000686645508,21.30500030517578,21.260000228881836,21.270000457763672,6186,0.0,0.0
2024-03-07 13:30:00-05:00,21.239999771118164,21.280000686645508,21.156400680541992,21.229999542236328,6628,0.0,0.0
2024-03-07 14:30:00-05:00,21.225000381469727,21.25,21.1200008392334,21.1299991607666,11704,0.0,0.0
2024-03-07 15:30:00-05:00,21.1299991607666,21.149999618530273,21.06999969482422,21.139999389648438,15009,0.0,0.0
2024-03-08 09:30:00-05:00,21.3799991607666,21.770000457763672,21.36079978942871,21.729999542236328,19635,0.0,0.0
2024-03-08 10:30:00-05:00,21.704999923706055,21.75,21.520000457763672,21.520000457763672,9975,0.0,0.0
2024-03-08 11:30:00-05:00,21.489999771118164,21.520000457763672,21.360000610351562,21.3700008392334,7468,0.0,0.0
2024-03-08 12:30:00-05:00,21.3799991607666,21.3799991607666,21.260000228881836,21.274999618530273,2717,0.0,0.0
2024-03-08 13:30:00-05:00,21.270000457763672,21.295000076293945,21.139999389648438,21.260000228881836,7037,0.0,0.0
2024-03-08 14:30:00-05:00,21.290000915527344,21.399999618530273,21.200000762939453,21.25,12160,0.0,0.0
2024-03-08 15:30:00-05:00,21.200000762939453,21.270000457763672,21.200000762939453,21.21500015258789,15118,0.0,0.0
2024-03-11 09:30:00-04:00,21.260000228881836,21.55970001220703,21.100000381469727,21.100000381469727,16849,0.0,0.0
2024-03-11 10:30:00-04:00,21.1299991607666,21.1299991607666,20.935199737548828,21.09910011291504,18740,0.0,0.0
2024-03-11 11:30:00-04:00,21.059999465942383,21.2362003326416,21.059999465942383,21.198999404907227,11934,0.0,0.0
2024-03-11 12:30:00-04:00,21.18000030517578,21.225000381469727,21.149999618530273,21.200000762939453,8632,0.0,0.0
2024-03-11 13:30:00-04:00,21.209999084472656,21.2549991607666,21.149999618530273,21.165000915527344,11937,0.0,0.0
2024-03-11 14:30:00-04:00,21.170000076293945,21.209999084472656,21.1200008392334,21.125,30460,0.0,0.0
2024-03-11 15:30:00-04:00,21.100000381469727,21.174999237060547,21.079999923706055,21.1299991607666,30389,0.0,0.0
2024-03-12 09:30:00-04:00,21.1200008392334,21.2549991607666,20.950000762939453,21.209999084472656,15013,0.0,0.0
2024-03-12 10:30:00-04:00,21.229999542236328,21.270000457763672,21.165000915527344,21.170000076293945,18369,0.0,0.0
2024-03-12 11:30:00-04:00,21.149999618530273,21.200000762939453,21.049999237060547,21.049999237060547,9261,0.0,0.0
2024-03-12 12:30:00-04:00,21.05500030517578,21.100000381469727,20.989999771118164,20.989999771118164,24789,0.0,0.0
2024-03-12 13:30:00-04:00,21.010000228881836,21.030000686645508,20.969999313354492,21.030000686645508,8906,0.0,0.0
2024-03-12 14:30:00-04:00,21.010000228881836,21.020000457763672,20.979999542236328,20.989999771118164,10832,0.0,0.0
2024-03-12 15:30:00-04:00,20.989999771118164,21.020000457763672,20.895000457763672,21.020000457763672,26564,0.0,0.0
2024-03-13 09:30:00-04:00,20.899999618530273,21.225000381469727,20.899999618530273,21.059999465942383,7348,0.0,0.0
2024-03-13 10:30:00-04:00,21.049999237060547,21.049999237060547,20.889999389648438,21.0,12254,0.0,0.0
2024-03-13 11:30:00-04:00,21.040000915527344,21.110000610351562,21.030000686645508,21.104999542236328,7272,0.0,0.0
2024-03-13 12:30:00-04:00,21.040000915527344,21.094999313354492,21.010000228881836,21.094999313354492,2475,0.0,0.0
2024-03-13 13:30:00-04:00,21.09000015258789,21.09000015258789,21.020000457763672,21.030000686645508,5062,0.0,0.0
2024-03-13 14:30:00-04:00,21.040000915527344,21.079999923706055,20.969999313354492,20.989999771118164,17706,0.0,0.0
2024-03-13 15:30:00-04:00,21.030000686645508,21.09000015258789,20.954999923706055,21.059999465942383,16695,0.0,0.0
2024-03-14 09:30:00-04:00,21.059999465942383,21.100000381469727,20.84000015258789,20.860000610351562,9579,0.0,0.0
2024-03-14 10:30:00-04:00,20.847999572753906,20.950000762939453,20.84000015258789,20.899999618530273,11723,0.0,0.0
2024-03-14 11:30:00-04:00,20.90999984741211,20.950000762939453,20.799999237060547,20.822900772094727,8221,0.0,0.0
2024-03-14 12:30:00-04:00,20.81999969482422,20.829999923706055,20.6200008392334,20.6200008392334,12189,0.0,0.0
2024-03-14 13:30:00-04:00,20.610000610351562,20.780000686645508,20.594999313354492,20.75,16885,0.0,0.0
2024-03-14 14:30:00-04:00,20.75,20.780000686645508,20.649999618530273,20.719999313354492,29410,0.0,0.0
2024-03-14 15:30:00-04:00,20.700000762939453,20.850000381469727,20.690000534057617,20.850000381469727,19989,0.0,0.0
2024-03-15 09:30:00-04:00,20.770000457763672,21.34000015258789,20.770000457763672,21.170000076293945,31106,0.0,0.0
2024-03-15 10:30:00-04:00,21.049999237060547,21.360000610351562,21.049999237060547,21.360000610351562,13413,0.0,0.0
2024-03-15 11:30:00-04:00,21.3799991607666,21.385000228881836,21.34749984741211,21.350000381469727,8125,0.0,0.0
2024-03-15 12:30:00-04:00,21.3799991607666,21.450000762939453,21.329999923706055,21.360000610351562,8244,0.0,0.0
2024-03-15 13:30:00-04:00,21.350000381469727,21.610000610351562,21.350000381469727,21.489999771118164,6016,0.0,0.0
2024-03-15 14:30:00-04:00,21.47100067138672,21.600000381469727,21.459999084472656,21.549999237060547,9959,0.0,0.0
2024-03-15 15:30:00-04:00,21.540000915527344,21.760000228881836,21.540000915527344,21.719999313354492,11381,0.0,0.0
2024-03-18 09:30:00-04:00,21.739999771118164,21.860000610351562,21.229999542236328,21.420000076293945,8947,0.0,0.0
2024-03-18 10:30:00-04:00,21.325000762939453,21.579999923706055,21.260000228881836,21.579999923706055,14706,0.0,0.0
2024-03-18 11:30:00-04:00,21.549999237060547,21.760000228881836,21.537500381469727,21.760000228881836,9370,0.0,0.0
2024-03-18 12:30:00-04:00,21.770000457763672,21.84000015258789,21.700000762939453,21.809999465942383,4665,0.0,0.0
2024-03-18 13:30:00-04:00,21.80500030517578,21.80500030517578,21.700000762939453,21.75,4647,0.0,0.0
2024-03-18 14:30:00-04:00,21.775299072265625,21.790000915527344,21.530000686645508,21.75,43855,0.0,0.0
2024-03-18 15:30:00-04:00,21.75,22.049999237060547,21.625,22.040000915527344,114402,0.0,0.0
2024-03-19 09:30:00-04:00,22.200000762939453,22.565000534057617,21.850000381469727,22.039899826049805,51821,0.0,0.0
2024-03-19 10:30:00-04:00,21.9950008392334,22.05500030517578,21.975000381469727,22.0049991607666,11092,0.0,0.0
2024-03-19 11:30:00-04:00,22.049999237060547,22.094999313354492,22.020000457763672,22.04010009765625,7956,0.0,0.0
2024-03-19 12:30:00-04:00,22.049999237060547,22.219999313354492,22.049999237060547,22.1299991607666,8939,0.0,0.0
2024-03-19 13:30:00-04:00,22.137100219726562,22.145000457763672,22.030000686645508,22.065000534057617,8036,0.0,0.0
2024-03-19 14:30:00-04:00,22.110000610351562,22.190000534057617,22.0,22.065000534057617,13461,0.0,0.0
2024-03-19 15:30:00-04:00,22.079999923706055,22.15999984741211,22.049999237060547,22.125,25392,0.0,0.0
2024-03-20 09:30:00-04:00,21.920000076293945,22.3799991607666,21.735000610351562,22.18000030517578,9276,0.0,0.0
2024-03-20 10:30:00-04:00,22.13800048828125,22.329999923706055,22.13800048828125,22.25,6145,0.0,0.0
2024-03-20 11:30:00-04:00,22.240100860595703,22.420000076293945,22.240100860595703,22.350000381469727,9612,0.0,0.0
2024-03-20 12:30:00-04:00,22.360000610351562,22.5049991607666,22.34000015258789,22.431800842285156,9445,0.0,0.0
2024-03-20 13:30:00-04:00,22.440000534057617,22.6200008392334,22.40999984741211,22.55500030517578,17618,0.0,0.0
2024-03-20 14:30:00-04:00,22.645000457763672,22.8700008392334,22.510000228881836,22.850000381469727,19683,0.0,0.0
2024-03-20 15:30:00-04:00,22.844999313354492,22.969999313354492,22.80500030517578,22.90999984741211,25293,0.0,0.0
2024-03-21 09:30:00-04:00,22.739999771118164,22.950000762939453,22.739999771118164,22.899999618530273,10591,0.0,0.0
2024-03-21 10:30:00-04:00,22.940000534057617,23.014999389648438,22.812000274658203,22.812000274658203,6711,0.0,0.0
2024-03-21 11:30:00-04:00,22.8700008392334,22.96500015258789,22.8700008392334,22.96500015258789,2962,0.0,0.0
2024-03-21 12:30:00-04:00,23.020000457763672,23.065000534057617,23.020000457763672,23.050800323486328,5722,0.0,0.0
2024-03-21 13:30:00-04:00,23.100000381469727,23.18000030517578,23.09000015258789,23.165800094604492,7694,0.0,0.0
2024-03-21 14:30:00-04:00,23.174999237060547,23.209999084472656,23.1200008392334,23.149999618530273,8569,0.0,0.0
2024-03-21 15:30:00-04:00,23.1200008392334,23.139999389648438,23.040000915527344,23.059999465942383,24008,0.0,0.0
2024-03-22 09:30:00-04:00,23.0,23.020000457763672,22.850000381469727,23.0,9284,0.0,0.0
2024-03-22 10:30:00-04:00,22.979999542236328,22.979999542236328,22.875,22.90999984741211,5924,0.0,0.0
2024-03-22 11:30:00-04:00,22.899999618530273,22.90999984741211,22.799999237060547,22.822500228881836,3137,0.0,0.0
2024-03-22 12:30:00-04:00,22.850000381469727,22.90999984741211,22.850000381469727,22.851999282836914,2474,0.0,0.0
2024-03-22 13:30:00-04:00,22.8799991607666,22.90999984741211,22.84000015258789,22.889999389648438,4831,0.0,0.0
2024-03-22 14:30:00-04:00,22.895000457763672,22.895000457763672,22.58989906311035,22.59000015258789,25036,0.0,0.0
2024-03-22 15:30:00-04:00,22.610000610351562,22.610000610351562,22.530000686645508,22.56999969482422,20318,0.0,0.0
2024-03-25 09:30:00-04:00,22.389999389648438,22.889999389648438,22.389999389648438,22.614099502563477,20675,0.0,0.0
2024-03-25 10:30:00-04:00,22.610000610351562,22.700000762939453,22.549999237060547,22.600000381469727,6878,0.0,0.0
2024-03-25 11:30:00-04:00,22.6200008392334,22.649999618530273,22.59000015258789,22.610000610351562,7543,0.0,0.0
2024-03-25 12:30:00-04:00,22.604999542236328,22.6200008392334,22.559999465942383,22.575000762939453,3925,0.0,0.0
2024-03-25 13:30:00-04:00,22.56999969482422,22.56999969482422,22.40999984741211,22.40999984741211,6937,0.0,0.0
2024-03-25 14:30:00-04:00,22.43000030517578,22.43000030517578,22.229999542236328,22.229999542236328,10015,0.0,0.0
2024-03-25 15:30:00-04:00,22.229999542236328,22.350000381469727,22.149999618530273,22.190000534057617,21580,0.0,0.0
2024-03-26 09:30:00-04:00,22.43000030517578,22.530000686645508,22.239999771118164,22.405000686645508,4941,0.0,0.0
2024-03-26 10:30:00-04:00,22.347000122070312,22.435300827026367,22.347000122070312,22.435300827026367,9403,0.0,0.0
2024-03-26 11:30:00-04:00,22.3799991607666,22.450000762939453,22.350000381469727,22.450000762939453,2967,0.0,0.0
2024-03-26 12:30:00-04:00,22.50819969177246,22.59000015258789,22.459999084472656,22.469999313354492,10296,0.0,0.0
2024-03-26 13:30:00-04:00,22.440000534057617,22.469999313354492,22.329999923706055,22.3799991607666,9254,0.0,0.0
2024-03-26 14:30:00-04:00,22.360000610351562,22.360000610351562,22.190000534057617,22.209999084472656,4719,0.0,0.0
2024-03-26 15:30:00-04:00,22.170000076293945,22.170000076293945,21.979999542236328,21.989999771118164,10106,0.0,0.0
2024-03-27 09:30:00-04:00,22.239999771118164,22.34000015258789,22.239999771118164,22.309999465942383,3974,0.0,0.0
2024-03-27 10:30:00-04:00,22.350000381469727,22.479999542236328,22.309999465942383,22.479999542236328,6287,0.0,0.0
2024-03-27 11:30:00-04:00,22.524999618530273,22.530000686645508,22.440000534057617,22.440000534057617,5496,0.0,0.0
2024-03-27 12:30:00-04:00,22.440000534057617,22.459999084472656,22.40999984741211,22.44499969482422,4742,0.0,0.0
2024-03-27 13:30:00-04:00,22.530000686645508,22.65999984741211,22.510000228881836,22.65999984741211,4434,0.0,0.0
2024-03-27 14:30:00-04:00,22.75,22.799999237060547,22.700000762939453,22.709999084472656,9852,0.0,0.0
2024-03-27 15:30:00-04:00,22.709999084472656,22.829999923706055,22.670000076293945,22.829999923706055,12558,0.0,0.0
2024-03-28 09:30:00-04:00,22.979999542236328,23.010000228881836,22.91119956970215,23.010000228881836,4176,0.0,0.0
2024-03-28 10:30:00-04:00,23.097999572753906,23.139999389648438,22.979999542236328,22.979999542236328,6399,0.0,0.0
2024-03-28 11:30:00-04:00,23.174999237060547,23.309999465942383,23.174999237060547,23.309999465942383,9929,0.0,0.0
2024-03-28 12:30:00-04:00,23.299999237060547,23.579999923706055,23.264999389648438,23.524999618530273,24300,0.0,0.0
2024-03-28 13:30:00-04:00,23.559999465942383,23.6299991607666,23.469999313354492,23.530000686645508,12562,0.0,0.0
2024-03-28 14:30:00-04:00,23.5,23.665000915527344,23.4950008392334,23.549999237060547,17773,0.0,0.0
2024-03-28 15:30:00-04:00,23.530000686645508,23.739999771118164,23.530000686645508,23.719999313354492,25745,0.0,0.0
2024-04-01 09:30:00-04:00,23.729999542236328,24.010000228881836,23.399999618530273,23.959999084472656,13023,0.0,0.0
2024-04-01 10:30:00-04:00,23.937000274658203,24.010000228881836,23.889999389648438,23.905000686645508,9020,0.0,0.0
2024-04-01 11:30:00-04:00,23.90999984741211,24.030000686645508,23.8700008392334,24.0,17228,0.0,0.0
2024-04-01 12:30:00-04:00,24.0,24.049999237060547,23.75,23.889999389648438,15675,0.0,0.0
2024-04-01 13:30:00-04:00,23.854999542236328,24.0,23.852500915527344,23.885000228881836,9322,0.0,0.0
2024-04-01 14:30:00-04:00,23.885000228881836,24.0,23.799999237060547,23.8700008392334,19994,0.0,0.0
2024-04-01 15:30:00-04:00,23.899999618530273,24.0,23.899999618530273,23.989999771118164,43396,0.0,0.0
2024-04-02 09:30:00-04:00,23.790000915527344,23.790000915527344,23.3799991607666,23.3799991607666,9333,0.0,0.0
2024-04-02 10:30:00-04:00,23.3700008392334,23.46500015258789,23.344999313354492,23.399999618530273,7191,0.0,0.0
2024-04-02 11:30:00-04:00,23.364999771118164,23.389999389648438,23.344999313354492,23.364999771118164,4470,0.0,0.0
2024-04-02 12:30:00-04:00,23.3125,23.334999084472656,23.1299991607666,23.290000915527344,10854,0.0,0.0
2024-04-02 13:30:00-04:00,23.290000915527344,23.31999969482422,23.181299209594727,23.200000762939453,12018,0.0,0.0
2024-04-02 14:30:00-04:00,23.184999465942383,23.344999313354492,23.184999465942383,23.329999923706055,13151,0.0,0.0
2024-04-02 15:30:00-04:00,23.334999084472656,23.600000381469727,23.309999465942383,23.450000762939453,41761,0.0,0.0
2024-04-03 09:30:00-04:00,23.260000228881836,23.524999618530273,23.260000228881836,23.450000762939453,7521,0.0,0.0
2024-04-03 10:30:00-04:00,23.485000610351562,23.674999237060547,23.270000457763672,23.43000030517578,13580,0.0,0.0
2024-04-03 11:30:00-04:00,23.389999389648438,23.389999389648438,23.200000762939453,23.360000610351562,6910,0.0,0.0
2024-04-03 12:30:00-04:00,23.3799991607666,23.440000534057617,23.3799991607666,23.42289924621582,3161,0.0,0.0
2024-04-03 13:30:00-04:00,23.34000015258789,23.469999313354492,23.31999969482422,23.469999313354492,4584,0.0,0.0
2024-04-03 14:30:00-04:00,23.450000762939453,23.489999771118164,23.3799991607666,23.440000534057617,5862,0.0,0.0
2024-04-03 15:30:00-04:00,23.399999618530273,23.43000030517578,23.290000915527344,23.350000381469727,18200,0.0,0.0
2024-04-04 09:30:00-04:00,23.649999618530273,23.670000076293945,23.309999465942383,23.309999465942383,6340,0.0,0.0
2024-04-04 10:30:00-04:00,23.270000457763672,23.399999618530273,23.260000228881836,23.260000228881836,5163,0.0,0.0
2024-04-04 11:30:00-04:00,23.170000076293945,23.175899505615234,23.040000915527344,23.170000076293945,9912,0.0,0.0
2024-04-04 12:30:00-04:00,23.059999465942383,23.100000381469727,23.059999465942383,23.06049919128418,3069,0.0,0.0
2024-04-04 13:30:00-04:00,23.049999237060547,23.06920051574707,22.81999969482422,22.829999923706055,13048,0.0,0.0
2024-04-04 14:30:00-04:00,22.690000534057617,22.71500015258789,22.38010025024414,22.420000076293945,21005,0.0,0.0
2024-04-04 15:30:00-04:00,22.399999618530273,22.440000534057617,22.270000457763672,22.3700008392334,35799,0.0,0.0
2024-04-05 09:30:00-04:00,22.389999389648438,22.54829978942871,22.260000228881836,22.260000228881836,5358,0.0,0.0
2024-04-05 10:30:00-04:00,22.31999969482422,22.420000076293945,22.229999542236328,22.290000915527344,8165,0.0,0.0
2024-04-05 11:30:00-04:00,22.350000381469727,22.49850082397461,22.350000381469727,22.49850082397461,6294,0.0,0.0
2024-04-05 12:30:00-04:00,22.530000686645508,22.639999389648438,22.520000457763672,22.530000686645508,6338,0.0,0.0
2024-04-05 13:30:00-04:00,22.5,22.530000686645508,22.399999618530273,22.530000686645508,5973,0.0,0.0
2024-04-05 14:30:00-04:00,22.450000762939453,22.739999771118164,22.450000762939453,22.735000610351562,11294,0.0,0.0
2024-04-05 15:30:00-04:00,22.75,22.809999465942383,22.725000381469727,22.780000686645508,21924,0.0,0.0
2024-04-08 09:30:00-04:00,22.979999542236328,23.09000015258789,22.80500030517578,22.80500030517578,2674,0.0,0.0
2024-04-08 10:30:00-04:00,22.80500030517578,22.8700008392334,22.614999771118164,22.614999771118164,6077,0.0,0.0
2024-04-08 11:30:00-04:00,22.6299991607666,22.6299991607666,22.47100067138672,22.56100082397461,4248,0.0,0.0
2024-04-08 12:30:00-04:00,22.6299991607666,22.670000076293945,22.6200008392334,22.649999618530273,3093,0.0,0.0
2024-04-08 13:30:00-04:00,22.709999084472656,22.709999084472656,22.610000610351562,22.610000610351562,3064,0.0,0.0
2024-04-08 14:30:00-04:00,22.59000015258789,22.639999389648438,22.5,22.639999389648438,12841,0.0,0.0
2024-04-08 15:30:00-04:00,22.59000015258789,22.6200008392334,22.459999084472656,22.510000228881836,16210,0.0,0.0
2024-04-09 09:30:00-04:00,22.559999465942383,22.670000076293945,22.420000076293945,22.600000381469727,9349,0.0,0.0
2024-04-09 10:30:00-04:00,22.540000915527344,22.641599655151367,22.440000534057617,22.641599655151367,3326,0.0,0.0
2024-04-09 11:30:00-04:00,22.604999542236328,22.84000015258789,22.604999542236328,22.84000015258789,4657,0.0,0.0
2024-04-09 12:30:00-04:00,22.81999969482422,22.899999618530273,22.799999237060547,22.829999923706055,7323,0.0,0.0
2024-04-09 13:30:00-04:00,22.807899475097656,22.944000244140625,22.768299102783203,22.920000076293945,7176,0.0,0.0
2024-04-09 14:30:00-04:00,22.8700008392334,22.90999984741211,22.760000228881836,22.834999084472656,12220,0.0,0.0
2024-04-09 15:30:00-04:00,22.834999084472656,22.860000610351562,22.739999771118164,22.847000122070312,17149,0.0,0.0
2024-04-10 09:30:00-04:00,22.010000228881836,22.1299991607666,21.829999923706055,22.1299991607666,13065,0.0,0.0
2024-04-10 10:30:00-04:00,22.059999465942383,22.170000076293945,22.0,22.0049991607666,12241,0.0,0.0
2024-04-10 11:30:00-04:00,22.020000457763672,22.040000915527344,21.875,21.889999389648438,7993,0.0,0.0
2024-04-10 12:30:00-04:00,21.889999389648438,21.899999618530273,21.739999771118164,21.739999771118164,12729,0.0,0.0
2024-04-10 13:30:00-04:00,21.600000381469727,21.690000534057617,21.549999237060547,21.6299991607666,12303,0.0,0.0
2024-04-10 14:30:00-04:00,21.649999618530273,22.809999465942383,21.6299991607666,21.75,16251,0.0,0.0
2024-04-10 15:30:00-04:00,21.719999313354492,21.719999313354492,21.549999237060547,21.639999389648438,21210,0.0,0.0
2024-04-11 09:30:00-04:00,21.84000015258789,22.077800750732422,21.739999771118164,21.78499984741211,8001,0.0,0.0
2024-04-11 10:30:00-04:00,21.79290008544922,21.829999923706055,21.760000228881836,21.760000228881836,6014,0.0,0.0
2024-04-11 11:30:00-04:00,21.823699951171875,22.030000686645508,21.80500030517578,21.959999084472656,9959,0.0,0.0
2024-04-11 12:30:00-04:00,21.93000030517578,22.040000915527344,21.899999618530273,22.020000457763672,4629,0.0,0.0
2024-04-11 13:30:00-04:00,21.989999771118164,22.0,21.920000076293945,21.989999771118164,6741,0.0,0.0
2024-04-11 14:30:00-04:00,21.940000534057617,21.967300415039062,21.8799991607666,21.889999389648438,6168,0.0,0.0
2024-04-11 15:30:00-04:00,21.889999389648438,22.040000915527344,21.875,22.0,19176,0.0,0.0
2024-04-12 09:30:00-04:00,21.90999984741211,21.90999984741211,21.6200008392334,21.690000534057617,4677,0.0,0.0
2024-04-12 10:30:00-04:00,21.670000076293945,21.760000228881836,21.65999984741211,21.719999313354492,17386,0.0,0.0
2024-04-12 11:30:00-04:00,21.75,21.82990074157715,21.710100173950195,21.770000457763672,9011,0.0,0.0
2024-04-12 12:30:00-04:00,21.75,21.770000457763672,21.719999313354492,21.7450008392334,17088,0.0,0.0
2024-04-12 13:30:00-04:00,21.75,21.83989906311035,21.74250030517578,21.75,7172,0.0,0.0
2024-04-12 14:30:00-04:00,21.75,21.790000915527344,21.645000457763672,21.709999084472656,13102,0.0,0.0
2024-04-12 15:30:00-04:00,21.719999313354492,22.0,21.68000030517578,22.0,58925,0.0,0.0
2024-04-15 09:30:00-04:00,22.290000915527344,22.375,22.010000228881836,22.059999465942383,25186,0.0,0.0
2024-04-15 10:30:00-04:00,22.049999237060547,22.09000015258789,21.886199951171875,21.886199951171875,15315,0.0,0.0
2024-04-15 11:30:00-04:00,21.924999237060547,21.924999237060547,21.639999389648438,21.639999389648438,8264,0.0,0.0
2024-04-15 12:30:00-04:00,21.639999389648438,21.790000915527344,21.6200008392334,21.700000762939453,15970,0.0,0.0
2024-04-15 13:30:00-04:00,21.670000076293945,21.790000915527344,21.65999984741211,21.68000030517578,10884,0.0,0.0
2024-04-15 14:30:00-04:00,21.59000015258789,21.690000534057617,21.469999313354492,21.5,32353,0.0,0.0
2024-04-15 15:30:00-04:00,21.520000457763672,21.559999465942383,21.420000076293945,21.520000457763672,27404,0.0,0.0
2024-04-16 09:30:00-04:00,21.229999542236328,21.229999542236328,20.850000381469727,21.059999465942383,34204,0.0,0.0
2024-04-16 10:30:00-04:00,21.030000686645508,21.260000228881836,21.0,21.219999313354492,24270,0.0,0.0
2024-04-16 11:30:00-04:00,21.219999313354492,21.260000228881836,21.174999237060547,21.19499969482422,8546,0.0,0.0
2024-04-16 12:30:00-04:00,21.200000762939453,21.200000762939453,21.045000076293945,21.059999465942383,7392,0.0,0.0
2024-04-16 13:30:00-04:00,21.049999237060547,21.1200008392334,20.934999465942383,21.020000457763672,37682,0.0,0.0
2024-04-16 14:30:00-04:00,21.020000457763672,21.219999313354492,21.020000457763672,21.059999465942383,15428,0.0,0.0
2024-04-16 15:30:00-04:00,21.040000915527344,21.100000381469727,21.000200271606445,21.059999465942383,31295,0.0,0.0
2024-04-17 09:30:00-04:00,21.1200008392334,21.524999618530273,21.1200008392334,21.264999389648438,14296,0.0,0.0
2024-04-17 10:30:00-04:00,21.235000610351562,21.270000457763672,21.094999313354492,21.104999542236328,21215,0.0,0.0
2024-04-17 11:30:00-04:00,21.125,21.2450008392334,21.100000381469727,21.100000381469727,24778,0.0,0.0
2024-04-17 12:30:00-04:00,21.100000381469727,21.219999313354492,21.09000015258789,21.209999084472656,15104,0.0,0.0
2024-04-17 13:30:00-04:00,21.170000076293945,21.170000076293945,20.8700008392334,20.8700008392334,15437,0.0,0.0
2024-04-17 14:30:00-04:00,20.850000381469727,21.0,20.783000946044922,20.783000946044922,27734,0.0,0.0
2024-04-17 15:30:00-04:00,20.780000686645508,20.885000228881836,20.69499969482422,20.860000610351562,38144,0.0,0.0
2024-04-18 09:30:00-04:00,20.889999389648438,20.969999313354492,20.825000762939453,20.954999923706055,28585,0.0,0.0
2024-04-18 10:30:00-04:00,20.940000534057617,21.14889907836914,20.940000534057617,21.070100784301758,4198,0.0,0.0
2024-04-18 11:30:00-04:00,21.06999969482422,21.06999969482422,20.75,20.780000686645508,98781,0.0,0.0
2024-04-18 12:30:00-04:00,20.772300720214844,20.959999084472656,20.764999389648438,20.957500457763672,25519,0.0,0.0
2024-04-18 13:30:00-04:00,20.959999084472656,20.989999771118164,20.880300521850586,20.899999618530273,15253,0.0,0.0
2024-04-18 14:30:00-04:00,20.885000228881836,20.940000534057617,20.649999618530273,20.649999618530273,39572,0.0,0.0
2024-04-18 15:30:00-04:00,20.645000457763672,20.90999984741211,20.56999969482422,20.899999618530273,102339,0.0,0.0
2024-04-19 09:30:00-04:00,20.709999084472656,21.19499969482422,20.709999084472656,21.149999618530273,13106,0.0,0.0
2024-04-19 10:30:00-04:00,21.149999618530273,21.3700008392334,21.030000686645508,21.290000915527344,19782,0.0,0.0
2024-04-19 11:30:00-04:00,21.34000015258789,21.34000015258789,21.030000686645508,21.030000686645508,14196,0.0,0.0
2024-04-19 12:30:00-04:00,21.024999618530273,21.170000076293945,21.0,21.100000381469727,7588,0.0,0.0
2024-04-19 13:30:00-04:00,21.030000686645508,21.1200008392334,21.020000457763672,21.100000381469727,11481,0.0,0.0
2024-04-19 14:30:00-04:00,21.06999969482422,21.1200008392334,21.010000228881836,21.03499984741211,12545,0.0,0.0
2024-04-19 15:30:00-04:00,21.020000457763672,21.149999618530273,21.010000228881836,21.1299991607666,33363,0.0,0.0
2024-04-22 09:30:00-04:00,21.309999465942383,21.309999465942383,21.1299991607666,21.200000762939453,12062,0.0,0.0
2024-04-22 10:30:00-04:00,21.200000762939453,21.239999771118164,21.100000381469727,21.100000381469727,13460,0.0,0.0
2024-04-22 11:30:00-04:00,21.049999237060547,21.079999923706055,21.020000457763672,21.059999465942383,6227,0.0,0.0
2024-04-22 12:30:00-04:00,21.079999923706055,21.274999618530273,21.079999923706055,21.25,8666,0.0,0.0
2024-04-22 13:30:00-04:00,21.290000915527344,21.3700008392334,21.25,21.299999237060547,13888,0.0,0.0
2024-04-22 14:30:00-04:00,21.350000381469727,21.350000381469727,21.25,21.309999465942383,10671,0.0,0.0
2024-04-22 15:30:00-04:00,21.290000915527344,21.530000686645508,21.290000915527344,21.510000228881836,32537,0.0,0.0
2024-04-23 09:30:00-04:00,21.84000015258789,22.010000228881836,21.530000686645508,21.950000762939453,29300,0.0,0.0
2024-04-23 10:30:00-04:00,21.952999114990234,21.969999313354492,21.46500015258789,21.530000686645508,17280,0.0,0.0
2024-04-23 11:30:00-04:00,21.520000457763672,21.599899291992188,21.43000030517578,21.579999923706055,12837,0.0,0.0
2024-04-23 12:30:00-04:00,21.559999465942383,21.559999465942383,21.280000686645508,21.395000457763672,8723,0.0,0.0
2024-04-23 13:30:00-04:00,21.350000381469727,21.350000381469727,21.229999542236328,21.290000915527344,6689,0.0,0.0
2024-04-23 14:30:00-04:00,21.270000457763672,21.3799991607666,21.170000076293945,21.170000076293945,12227,0.0,0.0
2024-04-23 15:30:00-04:00,21.100000381469727,21.15999984741211,21.040000915527344,21.040000915527344,24958,0.0,0.0
2024-04-24 09:30:00-04:00,21.030000686645508,21.27680015563965,21.0,21.149999618530273,15364,0.0,0.0
2024-04-24 10:30:00-04:00,21.139999389648438,21.219999313354492,21.020000457763672,21.219999313354492,8174,0.0,0.0
2024-04-24 11:30:00-04:00,21.270000457763672,21.346099853515625,21.15999984741211,21.200000762939453,9747,0.0,0.0
2024-04-24 12:30:00-04:00,21.200000762939453,21.200000762939453,21.149999618530273,21.15999984741211,4684,0.0,0.0
2024-04-24 13:30:00-04:00,21.18000030517578,21.200000762939453,21.1299991607666,21.1299991607666,4826,0.0,0.0
2024-04-24 14:30:00-04:00,21.110000610351562,21.1299991607666,21.059999465942383,21.122499465942383,7435,0.0,0.0
2024-04-24 15:30:00-04:00,21.170000076293945,21.309999465942383,21.163000106811523,21.290000915527344,18943,0.0,0.0
2024-04-25 09:30:00-04:00,20.90999984741211,20.90999984741211,20.43000030517578,20.719999313354492,53345,0.0,0.0
2024-04-25 10:30:00-04:00,20.709999084472656,20.722999572753906,20.549999237060547,20.610000610351562,8280,0.0,0.0
2024-04-25 11:30:00-04:00,20.59000015258789,20.6299991607666,20.469999313354492,20.469999313354492,15121,0.0,0.0
2024-04-25 12:30:00-04:00,20.483400344848633,20.579999923706055,20.483400344848633,20.489999771118164,10983,0.0,0.0
2024-04-25 13:30:00-04:00,20.5,20.514999389648438,20.440000534057617,20.440000534057617,6490,0.0,0.0
2024-04-25 14:30:00-04:00,20.43000030517578,20.559999465942383,20.40019989013672,20.559999465942383,13684,0.0,0.0
2024-04-25 15:30:00-04:00,20.565000534057617,20.670000076293945,20.540000915527344,20.540000915527344,28103,0.0,0.0
2024-04-26 09:30:00-04:00,20.700000762939453,20.87339973449707,20.700000762939453,20.74850082397461,7854,0.0,0.0
2024-04-26 10:30:00-04:00,20.770000457763672,20.770000457763672,20.670000076293945,20.68000030517578,7964,0.0,0.0
2024-04-26 11:30:00-04:00,20.684999465942383,20.860000610351562,20.684999465942383,20.760000228881836,11843,0.0,0.0
2024-04-26 12:30:00-04:00,20.704999923706055,20.704999923706055,20.6299991607666,20.655000686645508,3243,0.0,0.0
2024-04-26 13:30:00-04:00,20.639999389648438,20.649999618530273,20.610000610351562,20.6299991607666,6294,0.0,0.0
2024-04-26 14:30:00-04:00,20.610000610351562,20.610000610351562,20.540000915527344,20.56999969482422,12449,0.0,0.0
2024-04-26 15:30:00-04:00,20.56999969482422,20.6200008392334,20.510000228881836,20.549999237060547,13608,0.0,0.0
2024-04-29 09:30:00-04:00,20.700000762939453,20.770000457763672,20.579999923706055,20.639999389648438,10306,0.0,0.0
2024-04-29 10:30:00-04:00,20.610000610351562,20.739999771118164,20.610000610351562,20.65999984741211,10803,0.0,0.0
2024-04-29 11:30:00-04:00,20.639999389648438,20.719999313354492,20.625,20.700000762939453,14808,0.0,0.0
2024-04-29 12:30:00-04:00,20.700000762939453,20.700000762939453,20.559999465942383,20.6200008392334,7109,0.0,0.0
2024-04-29 13:30:00-04:00,20.610000610351562,20.65999984741211,20.610000610351562,20.6200008392334,9247,0.0,0.0
2024-04-29 14:30:00-04:00,20.614999771118164,20.6299991607666,20.559999465942383,20.594999313354492,12074,0.0,0.0
2024-04-29 15:30:00-04:00,20.600000381469727,20.700000762939453,20.600000381469727,20.690000534057617,24012,0.0,0.0
2024-04-30 09:30:00-04:00,20.559999465942383,20.59749984741211,20.420000076293945,20.5,18269,0.0,0.0
2024-04-30 10:30:00-04:00,20.424999237060547,20.479999542236328,20.329999923706055,20.479999542236328,7396,0.0,0.0
2024-04-30 11:30:00-04:00,20.469999313354492,20.520000457763672,20.450000762939453,20.479999542236328,4875,0.0,0.0
2024-04-30 12:30:00-04:00,20.459999084472656,20.479999542236328,20.420000076293945,20.420000076293945,6624,0.0,0.0
2024-04-30 13:30:00-04:00,20.3700008392334,20.389999389648438,20.260000228881836,20.350000381469727,30615,0.0,0.0
2024-04-30 14:30:00-04:00,20.36400032043457,20.420000076293945,20.350000381469727,20.371999740600586,12627,0.0,0.0
2024-04-30 15:30:00-04:00,20.360000610351562,20.360000610351562,20.200000762939453,20.229999542236328,32400,0.0,0.0
2024-05-01 09:30:00-04:00,20.350000381469727,20.440000534057617,20.260000228881836,20.290000915527344,17836,0.0,0.0
2024-05-01 10:30:00-04:00,20.309999465942383,20.364999771118164,20.084999084472656,20.190000534057617,13303,0.0,0.0
2024-05-01 11:30:00-04:00,20.184999465942383,20.209999084472656,20.110000610351562,20.149999618530273,14998,0.0,0.0
2024-05-01 12:30:00-04:00,20.170000076293945,20.170000076293945,20.09000015258789,20.139999389648438,12077,0.0,0.0
2024-05-01 13:30:00-04:00,20.1299991607666,20.21500015258789,20.059999465942383,20.139999389648438,15975,0.0,0.0
2024-05-01 14:30:00-04:00,20.139999389648438,20.420000076293945,20.020000457763672,20.309999465942383,32699,0.0,0.0
2024-05-01 15:30:00-04:00,20.209999084472656,20.229999542236328,19.979999542236328,19.989999771118164,27534,0.0,0.0
2024-05-02 09:30:00-04:00,20.190000534057617,20.190000534057617,19.809999465942383,19.920000076293945,16569,0.0,0.0
2024-05-02 10:30:00-04:00,19.8700008392334,19.940000534057617,19.729999542236328,19.924999237060547,5102,0.0,0.0
2024-05-02 11:30:00-04:00,19.940000534057617,20.016199111938477,19.8700008392334,19.979999542236328,13596,0.0,0.0
2024-05-02 12:30:00-04:00,19.985000610351562,20.0,19.950000762939453,20.0,7438,0.0,0.0
2024-05-02 13:30:00-04:00,19.979999542236328,19.985000610351562,19.916000366210938,19.940000534057617,8169,0.0,0.0
2024-05-02 14:30:00-04:00,19.959999084472656,19.959999084472656,19.84000015258789,19.93000030517578,16894,0.0,0.0
2024-05-02 15:30:00-04:00,19.92099952697754,19.93000030517578,19.83099937438965,19.90999984741211,17756,0.0,0.0
2024-05-03 09:30:00-04:00,20.360000610351562,20.485000610351562,20.260000228881836,20.290000915527344,17585,0.0,0.0
2024-05-03 10:30:00-04:00,20.260000228881836,20.260000228881836,20.030000686645508,20.15999984741211,9881,0.0,0.0
2024-05-03 11:30:00-04:00,20.15999984741211,20.209999084472656,20.06999969482422,20.190000534057617,11987,0.0,0.0
2024-05-03 12:30:00-04:00,20.149999618530273,20.20989990234375,20.010000228881836,20.059999465942383,9324,0.0,0.0
2024-05-03 13:30:00-04:00,20.059999465942383,20.200000762939453,20.059999465942383,20.170000076293945,8001,0.0,0.0
2024-05-03 14:30:00-04:00,20.170000076293945,20.18000030517578,20.100400924682617,20.125,12225,0.0,0.0
2024-05-03 15:30:00-04:00,20.1200008392334,20.1200008392334,20.030000686645508,20.06999969482422,29235,0.0,0.0
2024-05-06 09:30:00-04:00,20.280000686645508,20.309999465942383,20.190000534057617,20.209999084472656,11043,0.0,0.0
2024-05-06 10:30:00-04:00,20.229999542236328,20.349899291992188,20.049999237060547,20.20599937438965,9177,0.0,0.0
2024-05-06 11:30:00-04:00,20.229999542236328,20.450000762939453,20.229999542236328,20.438499450683594,7681,0.0,0.0
2024-05-06 12:30:00-04:00,20.40999984741211,20.549999237060547,20.399999618530273,20.520000457763672,9386,0.0,0.0
2024-05-06 13:30:00-04:00,20.479999542236328,20.493999481201172,20.375,20.389999389648438,8061,0.0,0.0
2024-05-06 14:30:00-04:00,20.3700008392334,20.399999618530273,20.25,20.270000457763672,12169,0.0,0.0
2024-05-06 15:30:00-04:00,20.25,20.329999923706055,20.209999084472656,20.25,17839,0.0,0.0
2024-05-07 09:30:00-04:00,20.290000915527344,20.510000228881836,20.290000915527344,20.510000228881836,14061,0.0,0.0
2024-05-07 10:30:00-04:00,20.520000457763672,20.520000457763672,20.3799991607666,20.3799991607666,13992,0.0,0.0
2024-05-07 11:30:00-04:00,20.34000015258789,20.389999389648438,20.229999542236328,20.31999969482422,26141,0.0,0.0
2024-05-07 12:30:00-04:00,20.329999923706055,20.353200912475586,20.229999542236328,20.280000686645508,9186,0.0,0.0
2024-05-07 13:30:00-04:00,20.260000228881836,20.325000762939453,20.252500534057617,20.290000915527344,10831,0.0,0.0
2024-05-07 14:30:00-04:00,20.299999237060547,20.299999237060547,20.209999084472656,20.209999084472656,36293,0.0,0.0
2024-05-07 15:30:00-04:00,20.200000762939453,20.229999542236328,20.09000015258789,20.09000015258789,39703,0.0,0.0
2024-05-08 09:30:00-04:00,19.510000228881836,19.520000457763672,18.010000228881836,18.93000030517578,195113,0.0,0.0
2024-05-08 10:30:00-04:00,18.895000457763672,19.299999237060547,18.610000610351562,19.270000457763672,123796,0.0,0.0
2024-05-08 11:30:00-04:00,19.329999923706055,19.600000381469727,19.15999984741211,19.510000228881836,76374,0.0,0.0
2024-05-08 12:30:00-04:00,19.450000762939453,19.799999237060547,19.40999984741211,19.799999237060547,45295,0.0,0.0
2024-05-08 13:30:00-04:00,19.75,20.1200008392334,19.719999313354492,20.100000381469727,19337,0.0,0.0
2024-05-08 14:30:00-04:00,20.100000381469727,20.1299991607666,19.84000015258789,20.020000457763672,21422,0.0,0.0
2024-05-08 15:30:00-04:00,20.030000686645508,20.1299991607666,19.7549991607666,19.78499984741211,49806,0.0,0.0
2024-05-09 09:30:00-04:00,19.649999618530273,20.020000457763672,19.625,19.989999771118164,35639,0.0,0.0
2024-05-09 10:30:00-04:00,20.0,20.25,19.990100860595703,20.200000762939453,26438,0.0,0.0
2024-05-09 11:30:00-04:00,20.190000534057617,20.190000534057617,19.969999313354492,20.020000457763672,21192,0.0,0.0
2024-05-09 12:30:00-04:00,20.020000457763672,20.18000030517578,20.010000228881836,20.165000915527344,48223,0.0,0.0
2024-05-09 13:30:00-04:00,20.149999618530273,20.190000534057617,20.09000015258789,20.170000076293945,26982,0.0,0.0
2024-05-09 14:30:00-04:00,20.15999984741211,20.229999542236328,20.145000457763672,20.190000534057617,24621,0.0,0.0
2024-05-09 15:30:00-04:00,20.209999084472656,20.239999771118164,20.110000610351562,20.209999084472656,102648,0.0,0.0
2024-05-10 09:30:00-04:00,20.170000076293945,20.510000228881836,20.1200008392334,20.360000610351562,20682,0.0,0.0
2024-05-10 10:30:00-04:00,20.280000686645508,20.43000030517578,20.25,20.3700008392334,27531,0.0,0.0
2024-05-10 11:30:00-04:00,20.360000610351562,20.360000610351562,20.260000228881836,20.290000915527344,17736,0.0,0.0
2024-05-10 12:30:00-04:00,20.290000915527344,20.329999923706055,20.25,20.260000228881836,9222,0.0,0.0
2024-05-10 13:30:00-04:00,20.270000457763672,20.34000015258789,20.239999771118164,20.34000015258789,15979,0.0,0.0
2024-05-10 14:30:00-04:00,20.350000381469727,20.463499069213867,20.34000015258789,20.399999618530273,46966,0.0,0.0
2024-05-10 15:30:00-04:00,20.399999618530273,20.520000457763672,20.399999618530273,20.510000228881836,25210,0.0,0.0
2024-05-13 09:30:00-04:00,20.959999084472656,21.670000076293945,20.943300247192383,21.530000686645508,58902,0.0,0.0
2024-05-13 10:30:00-04:00,21.577499389648438,21.65999984741211,21.445600509643555,21.445600509643555,21133,0.0,0.0
2024-05-13 11:30:00-04:00,21.430099487304688,21.430099487304688,21.1299991607666,21.219999313354492,22849,0.0,0.0
2024-05-13 12:30:00-04:00,21.18000030517578,21.190000534057617,20.864999771118164,20.864999771118164,9710,0.0,0.0
2024-05-13 13:30:00-04:00,20.860000610351562,21.059999465942383,20.860000610351562,21.059999465942383,17328,0.0,0.0
2024-05-13 14:30:00-04:00,21.06999969482422,21.110000610351562,20.910999298095703,20.910999298095703,26000,0.0,0.0
2024-05-13 15:30:00-04:00,20.90999984741211,21.079999923706055,20.889999389648438,20.969999313354492,41447,0.0,0.0
2024-05-14 09:30:00-04:00,21.25,21.399999618530273,20.969999313354492,20.979999542236328,10798,0.0,0.0
2024-05-14 10:30:00-04:00,20.9689998626709,21.030000686645508,20.959999084472656,21.024999618530273,11831,0.0,0.0
2024-05-14 11:30:00-04:00,21.010000228881836,21.114999771118164,20.889999389648438,21.020000457763672,23117,0.0,0.0
2024-05-14 12:30:00-04:00,21.0,21.040000915527344,20.850000381469727,20.889999389648438,14137,0.0,0.0
2024-05-14 13:30:00-04:00,20.940000534057617,20.979999542236328,20.8700008392334,20.920000076293945,16803,0.0,0.0
2024-05-14 14:30:00-04:00,20.905000686645508,20.969999313354492,20.770000457763672,20.770000457763672,19721,0.0,0.0
2024-05-14 15:30:00-04:00,20.770000457763672,20.770000457763672,20.549999237060547,20.56999969482422,47789,0.0,0.0
2024-05-15 09:30:00-04:00,20.84000015258789,20.906299591064453,20.414199829101562,20.600000381469727,25018,0.0,0.0
2024-05-15 10:30:00-04:00,20.600000381469727,20.610000610351562,20.479999542236328,20.510000228881836,13112,0.0,0.0
2024-05-15 11:30:00-04:00,20.489999771118164,20.6200008392334,20.471599578857422,20.559999465942383,33103,0.0,0.0
2024-05-15 12:30:00-04:00,20.559999465942383,20.68000030517578,20.540000915527344,20.670000076293945,15942,0.0,0.0
2024-05-15 13:30:00-04:00,20.639999389648438,20.65999984741211,20.46500015258789,20.469999313354492,21058,0.0,0.0
2024-05-15 14:30:00-04:00,20.489999771118164,20.600000381469727,20.479999542236328,20.579999923706055,31590,0.0,0.0
2024-05-15 15:30:00-04:00,20.575000762939453,20.575000762939453,20.469999313354492,20.530000686645508,33635,0.0,0.0
2024-05-16 09:30:00-04:00,20.649999618530273,20.860000610351562,20.469999313354492,20.774999618530273,49616,0.0,0.0
2024-05-16 10:30:00-04:00,20.760000228881836,20.850000381469727,20.709999084472656,20.809999465942383,22857,0.0,0.0
2024-05-16 11:30:00-04:00,20.790000915527344,20.790000915527344,20.56999969482422,20.600000381469727,10497,0.0,0.0
2024-05-16 12:30:00-04:00,20.59000015258789,20.639999389648438,20.479999542236328,20.540000915527344,14740,0.0,0.0
2024-05-16 13:30:00-04:00,20.5,20.559999465942383,20.475000381469727,20.489999771118164,23650,0.0,0.0
2024-05-16 14:30:00-04:00,20.485000610351562,20.510000228881836,20.360000610351562,20.3799991607666,27046,0.0,0.0
2024-05-16 15:30:00-04:00,20.3799991607666,20.3799991607666,20.31999969482422,20.360000610351562,29729,0.0,0.0
2024-05-17 09:30:00-04:00,20.34000015258789,20.360000610351562,20.06999969482422,20.350000381469727,29294,0.0,0.0
2024-05-17 10:30:00-04:00,20.360000610351562,20.59000015258789,20.360000610351562,20.3700008392334,17555,0.0,0.0
2024-05-17 11:30:00-04:00,20.350000381469727,20.3799991607666,20.25,20.264999389648438,10887,0.0,0.0
2024-05-17 12:30:00-04:00,20.280000686645508,20.3799991607666,20.280000686645508,20.360000610351562,10145,0.0,0.0
2024-05-17 13:30:00-04:00,20.3700008392334,20.420000076293945,20.350000381469727,20.399999618530273,13938,0.0,0.0
2024-05-17 14:30:00-04:00,20.40999984741211,20.649999618530273,20.40999984741211,20.639999389648438,18827,0.0,0.0
2024-05-17 15:30:00-04:00,20.6200008392334,20.639999389648438,20.520000457763672,20.549999237060547,29691,0.0,0.0
2024-05-20 09:30:00-04:00,20.610000610351562,20.639999389648438,20.475000381469727,20.6299991607666,18471,0.0,0.0
2024-05-20 10:30:00-04:00,20.635000228881836,20.71190071105957,20.594999313354492,20.709999084472656,12368,0.0,0.0
2024-05-20 11:30:00-04:00,20.719999313354492,20.7450008392334,20.600000381469727,20.610000610351562,14418,0.0,0.0
2024-05-20 12:30:00-04:00,20.639999389648438,20.699499130249023,20.6299991607666,20.68000030517578,15989,0.0,0.0
2024-05-20 13:30:00-04:00,20.690000534057617,20.739999771118164,20.579999923706055,20.739999771118164,36812,0.0,0.0
2024-05-20 14:30:00-04:00,20.709999084472656,20.850000381469727,20.700000762939453,20.84000015258789,20678,0.0,0.0
2024-05-20 15:30:00-04:00,20.84000015258789,20.850000381469727,20.600000381469727,20.850000381469727,129743,0.0,0.0
2024-05-21 09:30:00-04:00,20.75,20.889999389648438,20.469999313354492,20.540000915527344,33673,0.0,0.0
2024-05-21 10:30:00-04:00,20.5,20.600000381469727,20.5,20.549999237060547,12997,0.0,0.0
2024-05-21 11:30:00-04:00,20.540000915527344,20.670000076293945,20.530000686645508,20.665000915527344,12268,0.0,0.0
2024-05-21 12:30:00-04:00,20.645000457763672,20.780000686645508,20.639999389648438,20.647499084472656,47345,0.0,0.0
2024-05-21 13:30:00-04:00,20.670000076293945,20.760000228881836,20.600000381469727,20.75,18958,0.0,0.0
2024-05-21 14:30:00-04:00,20.690000534057617,20.760000228881836,20.647499084472656,20.7450008392334,23718,0.0,0.0
2024-05-21 15:30:00-04:00,20.729999542236328,20.899999618530273,20.700000762939453,20.899999618530273,57447,0.0,0.0
2024-05-22 09:30:00-04:00,20.75,21.399599075317383,20.739999771118164,21.399599075317383,28893,0.0,0.0
2024-05-22 10:30:00-04:00,21.399999618530273,21.399999618530273,20.9950008392334,21.09749984741211,20141,0.0,0.0
2024-05-22 11:30:00-04:00,21.100000381469727,21.239999771118164,20.979999542236328,21.030000686645508,67324,0.0,0.0
2024-05-22 12:30:00-04:00,21.079999923706055,21.079999923706055,20.770000457763672,20.770000457763672,27602,0.0,0.0
2024-05-22 13:30:00-04:00,20.770000457763672,21.059999465942383,20.735000610351562,20.76180076599121,38550,0.0,0.0
2024-05-22 14:30:00-04:00,20.709999084472656,21.059999465942383,20.614999771118164,21.0,108313,0.0,0.0
2024-05-22 15:30:00-04:00,21.049999237060547,21.239999771118164,20.989999771118164,21.239999771118164,64600,0.0,0.0
2024-05-23 09:30:00-04:00,21.68000030517578,21.760000228881836,20.649999618530273,20.665000915527344,53006,0.0,0.0
2024-05-23 10:30:00-04:00,20.649999618530273,20.829999923706055,20.59000015258789,20.600000381469727,47012,0.0,0.0
2024-05-23 11:30:00-04:00,20.610000610351562,20.68000030517578,20.559999465942383,20.610000610351562,17608,0.0,0.0
2024-05-23 12:30:00-04:00,20.600000381469727,20.600000381469727,20.209999084472656,20.2450008392334,67780,0.0,0.0
2024-05-23 13:30:00-04:00,20.229999542236328,20.260000228881836,20.03580093383789,20.110000610351562,81827,0.0,0.0
2024-05-23 14:30:00-04:00,20.110000610351562,20.3700008392334,20.110000610351562,20.329999923706055,29578,0.0,0.0
2024-05-23 15:30:00-04:00,20.290000915527344,20.610000610351562,20.190000534057617,20.610000610351562,104827,0.0,0.0
2024-05-24 09:30:00-04:00,20.75,20.8799991607666,20.540000915527344,20.8799991607666,18597,0.0,0.0
2024-05-24 10:30:00-04:00,20.899999618530273,21.040000915527344,20.829999923706055,20.954999923706055,25004,0.0,0.0
2024-05-24 11:30:00-04:00,20.954999923706055,21.25,20.8799991607666,21.25,30181,0.0,0.0
2024-05-24 12:30:00-04:00,21.270000457763672,21.270000457763672,21.1299991607666,21.19499969482422,16259,0.0,0.0
2024-05-24 13:30:00-04:00,21.1924991607666,21.229999542236328,21.1200008392334,21.1299991607666,17417,0.0,0.0
2024-05-24 14:30:00-04:00,21.149999618530273,21.510000228881836,21.149999618530273,21.5,34663,0.0,0.0
2024-05-24 15:30:00-04:00,21.510000228881836,21.6200008392334,21.389999389648438,21.389999389648438,52456,0.0,0.0
2024-05-28 09:30:00-04:00,21.399999618530273,21.864999771118164,21.329999923706055,21.829999923706055,23042,0.0,0.0
2024-05-28 10:30:00-04:00,21.868999481201172,21.868999481201172,21.610000610351562,21.780000686645508,10022,0.0,0.0
2024-05-28 11:30:00-04:00,21.790000915527344,21.850000381469727,21.780000686645508,21.81399917602539,8519,0.0,0.0
2024-05-28 12:30:00-04:00,21.84000015258789,21.924999237060547,21.84000015258789,21.850000381469727,9720,0.0,0.0
2024-05-28 13:30:00-04:00,21.8799991607666,21.8799991607666,21.709999084472656,21.709999084472656,9597,0.0,0.0
2024-05-28 14:30:00-04:00,21.68000030517578,21.68000030517578,21.399999618530273,21.399999618530273,18168,0.0,0.0
2024-05-28 15:30:00-04:00,21.399999618530273,21.40999984741211,21.200000762939453,21.239999771118164,30454,0.0,0.0
2024-05-29 09:30:00-04:00,21.139999389648438,21.260000228881836,20.809999465942383,20.820100784301758,46206,0.0,0.0
2024-05-29 10:30:00-04:00,20.809999465942383,20.84000015258789,20.559999465942383,20.719999313354492,28623,0.0,0.0
2024-05-29 11:30:00-04:00,20.700000762939453,20.829999923706055,20.667999267578125,20.829999923706055,11113,0.0,0.0
2024-05-29 12:30:00-04:00,20.829999923706055,20.834999084472656,20.700000762939453,20.760000228881836,9508,0.0,0.0
2024-05-29 13:30:00-04:00,20.739999771118164,20.75,20.68000030517578,20.68000030517578,7482,0.0,0.0
2024-05-29 14:30:00-04:00,20.68000030517578,20.719999313354492,20.510000228881836,20.510000228881836,19158,0.0,0.0
2024-05-29 15:30:00-04:00,20.461000442504883,20.461000442504883,20.200000762939453,20.200000762939453,57340,0.0,0.0
2024-05-30 09:30:00-04:00,20.219999313354492,20.75,20.209999084472656,20.670000076293945,21578,0.0,0.0
2024-05-30 10:30:00-04:00,20.690000534057617,20.954599380493164,20.690000534057617,20.954599380493164,11516,0.0,0.0
2024-05-30 11:30:00-04:00,20.93000030517578,20.93000030517578,20.729999542236328,20.93000030517578,14305,0.0,0.0
2024-05-30 12:30:00-04:00,20.899999618530273,21.0,20.8700008392334,20.934999465942383,11530,0.0,0.0
2024-05-30 13:30:00-04:00,20.934999465942383,20.975000381469727,20.84000015258789,20.860000610351562,13768,0.0,0.0
2024-05-30 14:30:00-04:00,20.889999389648438,20.9064998626709,20.799999237060547,20.850000381469727,19712,0.0,0.0
2024-05-30 15:30:00-04:00,20.84000015258789,20.899999618530273,20.809999465942383,20.889999389648438,32742,0.0,0.0
2024-05-31 09:30:00-04:00,21.09000015258789,21.09000015258789,20.857500076293945,20.915000915527344,12823,0.0,0.0
2024-05-31 10:30:00-04:00,20.905000686645508,21.170000076293945,20.8700008392334,21.020000457763672,22786,0.0,0.0
2024-05-31 11:30:00-04:00,20.989999771118164,21.149999618530273,20.979999542236328,21.149999618530273,12580,0.0,0.0
2024-05-31 12:30:00-04:00,21.18000030517578,21.200000762939453,21.086000442504883,21.18000030517578,11771,0.0,0.0
2024-05-31 13:30:00-04:00,21.190000534057617,21.270000457763672,21.18000030517578,21.239999771118164,14057,0.0,0.0
2024-05-31 14:30:00-04:00,21.1299991607666,21.1299991607666,21.049999237060547,21.049999237060547,6994,0.0,0.0
2024-05-31 15:30:00-04:00,21.040000915527344,21.139999389648438,21.020000457763672,21.110000610351562,34823,0.0,0.0
2024-06-03 09:30:00-04:00,21.43000030517578,21.43000030517578,21.1299991607666,21.299999237060547,26717,0.0,0.0
2024-06-03 10:30:00-04:00,21.281999588012695,21.299999237060547,21.170000076293945,21.274999618530273,12189,0.0,0.0
2024-06-03 11:30:00-04:00,21.264999389648438,21.299999237060547,21.140100479125977,21.235000610351562,8414,0.0,0.0
2024-06-03 12:30:00-04:00,21.25,21.309999465942383,21.25,21.280000686645508,9220,0.0,0.0
2024-06-03 13:30:00-04:00,21.299999237060547,21.469999313354492,21.239999771118164,21.44499969482422,8785,0.0,0.0
2024-06-03 14:30:00-04:00,21.469999313354492,21.479999542236328,21.420000076293945,21.459999084472656,14122,0.0,0.0
2024-06-03 15:30:00-04:00,21.479999542236328,21.559999465942383,21.440000534057617,21.450000762939453,40678,0.0,0.0
2024-06-04 09:30:00-04:00,21.209999084472656,21.299999237060547,21.190000534057617,21.299999237060547,7225,0.0,0.0
2024-06-04 10:30:00-04:00,21.325000762939453,21.38599967956543,21.198699951171875,21.31999969482422,8664,0.0,0.0
2024-06-04 11:30:00-04:00,21.239999771118164,21.239999771118164,21.059999465942383,21.110000610351562,6433,0.0,0.0
2024-06-04 12:30:00-04:00,21.1200008392334,21.125,20.950000762939453,21.020000457763672,9125,0.0,0.0
2024-06-04 13:30:00-04:00,21.0,21.170000076293945,20.940000534057617,21.170000076293945,10689,0.0,0.0
2024-06-04 14:30:00-04:00,21.15999984741211,21.15999984741211,20.930599212646484,20.989999771118164,18507,0.0,0.0
2024-06-04 15:30:00-04:00,21.0,21.040000915527344,20.910999298095703,20.910999298095703,25312,0.0,0.0
2024-06-05 09:30:00-04:00,20.93000030517578,20.93000030517578,20.684999465942383,20.739999771118164,8185,0.0,0.0
2024-06-05 10:30:00-04:00,20.760000228881836,20.889999389648438,20.760000228881836,20.889999389648438,6950,0.0,0.0
2024-06-05 11:30:00-04:00,20.8799991607666,20.8799991607666,20.7549991607666,20.7549991607666,8355,0.0,0.0
2024-06-05 12:30:00-04:00,20.760000228881836,20.889999389648438,20.739999771118164,20.84000015258789,14515,0.0,0.0
2024-06-05 13:30:00-04:00,20.820100784301758,20.825000762939453,20.760000228881836,20.770000457763672,11095,0.0,0.0
2024-06-05 14:30:00-04:00,20.75,20.760000228881836,20.700000762939453,20.739999771118164,21310,0.0,0.0
2024-06-05 15:30:00-04:00,20.739999771118164,20.899999618530273,20.719999313354492,20.8700008392334,22553,0.0,0.0
2024-06-06 09:30:00-04:00,20.8700008392334,20.8799991607666,20.719999313354492,20.719999313354492,0,0.0,0.0
2024-06-06 10:30:00-04:00,20.67099952697754,20.67099952697754,20.280000686645508,20.399999618530273,21634,0.0,0.0
2024-06-06 11:30:00-04:00,20.389999389648438,20.399999618530273,20.31999969482422,20.31999969482422,6827,0.0,0.0
2024-06-06 12:30:00-04:00,20.309999465942383,20.540000915527344,20.299999237060547,20.510000228881836,110525,0.0,0.0
2024-06-06 13:30:00-04:00,20.559999465942383,20.575000762939453,20.40999984741211,20.459999084472656,9307,0.0,0.0
2024-06-06 14:30:00-04:00,20.5,20.549999237060547,20.490100860595703,20.540000915527344,7838,0.0,0.0
2024-06-06 15:30:00-04:00,20.549999237060547,20.600000381469727,20.530000686645508,20.540000915527344,14194,0.0,0.0
2024-06-07 09:30:00-04:00,20.270000457763672,20.6299991607666,20.270000457763672,20.6299991607666,9168,0.0,0.0
2024-06-07 10:30:00-04:00,20.594999313354492,20.610000610351562,20.479999542236328,20.5,7601,0.0,0.0
2024-06-07 11:30:00-04:00,20.5,20.540000915527344,20.4950008392334,20.529399871826172,7767,0.0,0.0
2024-06-07 12:30:00-04:00,20.530000686645508,20.578800201416016,20.5,20.514999389648438,8346,0.0,0.0
2024-06-07 13:30:00-04:00,20.520000457763672,20.579999923706055,20.489999771118164,20.579999923706055,9954,0.0,0.0
2024-06-07 14:30:00-04:00,20.560100555419922,20.6299991607666,20.5,20.6200008392334,10466,0.0,0.0
2024-06-07 15:30:00-04:00,20.6200008392334,20.65999984741211,20.59000015258789,20.649999618530273,13127,0.0,0.0
2024-06-10 09:30:00-04:00,20.350000381469727,20.440000534057617,20.15999984741211,20.290000915527344,19701,0.0,0.0
2024-06-10 10:30:00-04:00,20.309999465942383,20.459999084472656,20.309999465942383,20.350000381469727,6331,0.0,0.0
2024-06-10 11:30:00-04:00,20.360000610351562,20.440000534057617,20.340499877929688,20.440000534057617,10224,0.0,0.0
2024-06-10 12:30:00-04:00,20.399999618530273,20.530000686645508,20.385000228881836,20.530000686645508,11177,0.0,0.0
2024-06-10 13:30:00-04:00,20.56999969482422,20.604999542236328,20.510000228881836,20.540000915527344,8574,0.0,0.0
2024-06-10 14:30:00-04:00,20.540000915527344,20.639999389648438,20.540000915527344,20.6200008392334,17348,0.0,0.0
2024-06-10 15:30:00-04:00,20.600000381469727,20.760000228881836,20.600000381469727,20.739999771118164,24272,0.0,0.0
2024-06-11 09:30:00-04:00,20.829999923706055,20.829999923706055,20.56999969482422,20.59000015258789,14616,0.0,0.0
2024-06-11 10:30:00-04:00,20.59600067138672,20.709999084472656,20.540000915527344,20.69860076904297,5955,0.0,0.0
2024-06-11 11:30:00-04:00,20.719999313354492,20.829999923706055,20.700000762939453,20.75,6397,0.0,0.0
2024-06-11 12:30:00-04:00,20.780000686645508,20.795000076293945,20.68000030517578,20.68000030517578,3194,0.0,0.0
2024-06-11 13:30:00-04:00,20.684600830078125,20.735000610351562,20.6200008392334,20.709999084472656,11491,0.0,0.0
2024-06-11 14:30:00-04:00,20.75,20.75,20.649999618530273,20.649999618530273,9465,0.0,0.0
2024-06-11 15:30:00-04:00,20.649999618530273,20.690000534057617,20.577499389648438,20.690000534057617,22242,0.0,0.0
2024-06-12 09:30:00-04:00,21.190000534057617,21.65999984741211,21.190000534057617,21.56999969482422,20444,0.0,0.0
2024-06-12 10:30:00-04:00,21.590999603271484,21.729999542236328,21.25,21.25,6265,0.0,0.0
2024-06-12 11:30:00-04:00,21.239999771118164,21.299999237060547,21.213699340820312,21.21500015258789,5989,0.0,0.0
2024-06-12 12:30:00-04:00,21.190000534057617,21.200000762939453,21.049999237060547,21.049999237060547,9859,0.0,0.0
2024-06-12 13:30:00-04:00,21.100000381469727,21.219999313354492,21.049999237060547,21.059999465942383,8127,0.0,0.0
2024-06-12 14:30:00-04:00,21.059999465942383,21.079999923706055,20.760000228881836,20.760000228881836,14255,0.0,0.0
2024-06-12 15:30:00-04:00,20.780000686645508,20.829999923706055,20.75,20.780000686645508,16226,0.0,0.0
2024-06-13 09:30:00-04:00,20.610000610351562,20.739999771118164,20.25,20.260000228881836,13087,0.0,0.0
2024-06-13 10:30:00-04:00,20.283000946044922,20.329999923706055,20.149999618530273,20.299999237060547,7250,0.0,0.0
2024-06-13 11:30:00-04:00,20.31999969482422,20.360000610351562,20.260000228881836,20.290000915527344,4789,0.0,0.0
2024-06-13 12:30:00-04:00,20.290000915527344,20.3700008392334,20.15999984741211,20.200000762939453,69029,0.0,0.0
2024-06-13 13:30:00-04:00,20.239999771118164,20.350000381469727,20.219999313354492,20.350000381469727,20367,0.0,0.0
2024-06-13 14:30:00-04:00,20.3799991607666,20.424800872802734,20.360000610351562,20.40999984741211,8409,0.0,0.0
2024-06-13 15:30:00-04:00,20.440000534057617,20.440000534057617,20.354999542236328,20.3700008392334,15175,0.0,0.0
2024-06-14 09:30:00-04:00,20.15999984741211,20.15999984741211,19.559999465942383,19.719999313354492,39513,0.0,0.0
2024-06-14 10:30:00-04:00,19.7549991607666,19.937000274658203,19.68000030517578,19.937000274658203,15173,0.0,0.0
2024-06-14 11:30:00-04:00,19.924999237060547,20.0,19.6299991607666,19.700000762939453,34966,0.0,0.0
2024-06-14 12:30:00-04:00,19.739999771118164,19.809999465942383,19.690000534057617,19.719999313354492,18160,0.0,0.0
2024-06-14 13:30:00-04:00,19.690000534057617,19.76959991455078,19.665000915527344,19.670000076293945,23767,0.0,0.0
2024-06-14 14:30:00-04:00,19.684999465942383,19.7450008392334,19.584999084472656,19.7450008392334,29679,0.0,0.0
2024-06-14 15:30:00-04:00,19.739999771118164,19.760000228881836,19.547500610351562,19.579999923706055,53210,0.0,0.0
2024-06-17 09:30:00-04:00,19.68000030517578,19.84000015258789,19.59749984741211,19.600000381469727,107898,0.0,0.0
2024-06-17 10:30:00-04:00,19.65999984741211,19.670000076293945,19.600000381469727,19.6299991607666,12690,0.0,0.0
2024-06-17 11:30:00-04:00,19.6200008392334,19.700000762939453,19.450000762939453,19.670000076293945,53465,0.0,0.0
2024-06-17 12:30:00-04:00,19.680999755859375,19.799999237060547,19.6200008392334,19.799999237060547,33048,0.0,0.0
2024-06-17 13:30:00-04:00,19.790000915527344,19.889999389648438,19.780000686645508,19.850000381469727,43422,0.0,0.0
2024-06-17 14:30:00-04:00,19.850000381469727,19.969999313354492,19.850000381469727,19.924999237060547,17451,0.0,0.0
2024-06-17 15:30:00-04:00,19.927499771118164,20.020000457763672,19.899999618530273,19.920000076293945,33273,0.0,0.0
2024-06-18 09:30:00-04:00,20.09000015258789,20.2450008392334,20.010000228881836,20.049999237060547,37528,0.0,0.0
2024-06-18 10:30:00-04:00,20.104999542236328,20.104999542236328,19.950000762939453,19.950000762939453,5608,0.0,0.0
2024-06-18 11:30:00-04:00,19.889999389648438,19.889999389648438,19.809999465942383,19.809999465942383,3244,0.0,0.0
2024-06-18 12:30:00-04:00,19.739999771118164,19.740100860595703,19.649999618530273,19.649999618530273,3230,0.0,0.0
2024-06-18 13:30:00-04:00,19.584999084472656,19.655000686645508,19.540000915527344,19.540000915527344,8240,0.0,0.0
2024-06-18 14:30:00-04:00,19.549999237060547,19.625,19.489999771118164,19.524999618530273,11415,0.0,0.0
2024-06-18 15:30:00-04:00,19.520000457763672,19.530000686645508,19.34000015258789,19.350000381469727,43225,0.0,0.0
2024-06-20 09:30:00-04:00,19.190000534057617,19.549299240112305,19.079999923706055,19.3700008392334,36225,0.0,0.0
2024-06-20 10:30:00-04:00,19.4060001373291,19.40999984741211,19.309999465942383,19.3799991607666,8087,0.0,0.0
2024-06-20 11:30:00-04:00,19.395000457763672,19.5049991607666,19.26099967956543,19.309999465942383,25189,0.0,0.0
2024-06-20 12:30:00-04:00,19.309999465942383,19.389999389648438,19.290000915527344,19.334999084472656,10458,0.0,0.0
2024-06-20 13:30:00-04:00,19.350000381469727,19.579999923706055,19.342500686645508,19.54599952697754,27145,0.0,0.0
2024-06-20 14:30:00-04:00,19.545000076293945,19.579999923706055,19.512500762939453,19.565000534057617,32535,0.0,0.0
2024-06-20 15:30:00-04:00,19.565000534057617,19.579999923706055,19.40999984741211,19.559999465942383,54295,0.0,0.0
2024-06-21 09:30:00-04:00,19.469999313354492,19.600000381469727,19.424999237060547,19.424999237060547,48368,0.0,0.0
2024-06-21 10:30:00-04:00,19.454999923706055,19.454999923706055,19.25,19.3700008392334,16456,0.0,0.0
2024-06-21 11:30:00-04:00,19.399999618530273,19.44499969482422,19.329999923706055,19.44499969482422,13606,0.0,0.0
2024-06-21 12:30:00-04:00,19.450000762939453,19.55500030517578,19.450000762939453,19.5,7568,0.0,0.0
2024-06-21 13:30:00-04:00,19.530000686645508,19.530000686645508,19.459999084472656,19.485000610351562,8240,0.0,0.0
2024-06-21 14:30:00-04:00,19.479999542236328,19.545000076293945,19.3799991607666,19.420000076293945,38768,0.0,0.0
2024-06-21 15:30:00-04:00,19.399999618530273,19.440000534057617,19.31399917602539,19.31399917602539,71210,0.0,0.0
2024-06-24 09:30:00-04:00,19.329999923706055,19.760000228881836,19.309999465942383,19.540000915527344,59548,0.0,0.0
2024-06-24 10:30:00-04:00,19.440000534057617,19.8799991607666,19.434999465942383,19.8799991607666,7249,0.0,0.0
2024-06-24 11:30:00-04:00,19.899999618530273,19.940000534057617,19.784500122070312,19.784500122070312,10497,0.0,0.0
2024-06-24 12:30:00-04:00,19.760000228881836,19.839000701904297,19.700000762939453,19.829999923706055,11530,0.0,0.0
2024-06-24 13:30:00-04:00,19.829999923706055,19.979999542236328,19.790000915527344,19.979999542236328,33270,0.0,0.0
2024-06-24 14:30:00-04:00,19.989999771118164,20.229999542236328,19.98900032043457,20.145000457763672,15582,0.0,0.0
2024-06-24 15:30:00-04:00,20.170000076293945,20.209999084472656,20.06999969482422,20.06999969482422,26639,0.0,0.0
2024-06-25 09:30:00-04:00,20.040000915527344,20.040000915527344,19.662500381469727,19.7549991607666,7327,0.0,0.0
2024-06-25 10:30:00-04:00,19.610000610351562,19.613000869750977,19.31999969482422,19.350000381469727,21560,0.0,0.0
2024-06-25 11:30:00-04:00,19.350900650024414,19.399999618530273,19.25,19.3799991607666,20759,0.0,0.0
2024-06-25 12:30:00-04:00,19.399999618530273,19.440000534057617,19.280000686645508,19.309999465942383,17143,0.0,0.0
2024-06-25 13:30:00-04:00,19.309999465942383,19.399999618530273,19.299999237060547,19.34309959411621,9291,0.0,0.0
2024-06-25 14:30:00-04:00,19.3799991607666,19.3799991607666,19.270000457763672,19.280000686645508,17261,0.0,0.0
2024-06-25 15:30:00-04:00,19.266199111938477,19.299999237060547,19.06999969482422,19.06999969482422,37176,0.0,0.0
2024-06-26 09:30:00-04:00,19.06999969482422,19.1299991607666,18.940000534057617,19.110000610351562,9138,0.0,0.0
2024-06-26 10:30:00-04:00,19.131000518798828,19.209999084472656,19.020000457763672,19.079999923706055,14545,0.0,0.0
2024-06-26 11:30:00-04:00,19.079999923706055,19.18000030517578,19.049999237060547,19.06999969482422,13651,0.0,0.0
2024-06-26 12:30:00-04:00,19.020000457763672,19.110000610351562,18.93000030517578,18.989999771118164,17794,0.0,0.0
2024-06-26 13:30:00-04:00,18.9950008392334,19.06999969482422,18.950000762939453,18.975000381469727,34837,0.0,0.0
2024-06-26 14:30:00-04:00,18.940000534057617,18.989999771118164,18.93000030517578,18.989999771118164,26856,0.0,0.0
2024-06-26 15:30:00-04:00,19.0049991607666,19.010000228881836,18.889999389648438,18.93400001525879,53595,0.0,0.0
2024-06-27 09:30:00-04:00,18.950000762939453,19.0,18.790000915527344,18.909400939941406,18363,0.0,0.0
2024-06-27 10:30:00-04:00,18.881000518798828,18.889999389648438,18.700000762939453,18.889999389648438,14071,0.0,0.0
2024-06-27 11:30:00-04:00,18.829999923706055,19.030000686645508,18.81999969482422,18.850000381469727,23086,0.0,0.0
2024-06-27 12:30:00-04:00,18.81999969482422,18.920000076293945,18.780000686645508,18.8700008392334,12766,0.0,0.0
2024-06-27 13:30:00-04:00,18.84000015258789,18.860000610351562,18.709999084472656,18.719999313354492,12073,0.0,0.0
2024-06-27 14:30:00-04:00,18.719999313354492,18.719999313354492,18.618000030517578,18.68000030517578,24556,0.0,0.0
2024-06-27 15:30:00-04:00,18.68000030517578,18.735000610351562,18.639999389648438,18.724000930786133,47024,0.0,0.0
2024-06-28 09:30:00-04:00,18.899999618530273,19.0,18.834999084472656,18.975000381469727,6735,0.0,0.0
2024-06-28 10:30:00-04:00,19.010000228881836,19.049999237060547,18.864999771118164,18.8700008392334,9665,0.0,0.0
2024-06-28 11:30:00-04:00,18.860000610351562,18.907499313354492,18.81999969482422,18.907499313354492,8135,0.0,0.0
2024-06-28 12:30:00-04:00,18.90999984741211,18.92959976196289,18.860000610351562,18.860000610351562,9466,0.0,0.0
2024-06-28 13:30:00-04:00,18.799999237060547,18.850000381469727,18.774999618530273,18.81999969482422,4780,0.0,0.0
2024-06-28 14:30:00-04:00,18.850000381469727,18.899999618530273,18.750099182128906,18.81999969482422,17282,0.0,0.0
2024-06-28 15:30:00-04:00,18.809999465942383,18.940000534057617,18.676000595092773,18.874000549316406,52268,0.0,0.0
2024-07-01 09:30:00-04:00,18.8700008392334,18.90999984741211,18.56999969482422,18.625,29686,0.0,0.0
2024-07-01 10:30:00-04:00,18.600000381469727,18.6200008392334,18.280000686645508,18.30229949951172,23496,0.0,0.0
2024-07-01 11:30:00-04:00,18.270000457763672,18.298500061035156,18.170000076293945,18.19499969482422,10810,0.0,0.0
2024-07-01 12:30:00-04:00,18.190000534057617,18.204999923706055,18.110000610351562,18.201000213623047,12027,0.0,0.0
2024-07-01 13:30:00-04:00,18.219999313354492,18.219999313354492,18.040000915527344,18.06999969482422,23364,0.0,0.0
2024-07-01 14:30:00-04:00,18.065000534057617,18.295000076293945,18.065000534057617,18.079999923706055,28530,0.0,0.0
2024-07-01 15:30:00-04:00,18.110000610351562,18.135000228881836,17.959999084472656,17.959999084472656,50245,0.0,0.0
2024-07-02 09:30:00-04:00,17.989999771118164,18.077999114990234,17.670000076293945,17.857999801635742,36927,0.0,0.0
2024-07-02 10:30:00-04:00,17.829999923706055,17.8799991607666,17.729999542236328,17.854999542236328,32099,0.0,0.0
2024-07-02 11:30:00-04:00,17.850000381469727,18.014999389648438,17.809999465942383,18.010000228881836,17534,0.0,0.0
2024-07-02 12:30:00-04:00,18.010000228881836,18.010000228881836,17.780000686645508,17.80940055847168,20737,0.0,0.0
2024-07-02 13:30:00-04:00,17.80500030517578,17.969999313354492,17.780000686645508,17.8700008392334,25339,0.0,0.0
2024-07-02 14:30:00-04:00,17.860000610351562,17.88249969482422,17.549999237060547,17.829999923706055,152688,0.0,0.0
2024-07-02 15:30:00-04:00,17.829999923706055,17.860000610351562,17.719999313354492,17.770000457763672,62987,0.0,0.0
2024-07-03 09:30:00-04:00,17.860000610351562,17.989999771118164,17.709999084472656,17.84749984741211,21007,0.0,0.0
2024-07-03 10:30:00-04:00,17.81999969482422,17.8799991607666,17.670000076293945,17.729999542236328,21819,0.0,0.0
2024-07-03 11:30:00-04:00,17.725000381469727,17.799999237060547,17.68000030517578,17.760000228881836,16350,0.0,0.0
2024-07-05 09:30:00-04:00,17.43000030517578,17.674999237060547,17.309999465942383,17.645000457763672,111425,0.0,0.0
2024-07-05 10:30:00-04:00,17.6200008392334,17.799999237060547,17.540000915527344,17.747499465942383,22885,0.0,0.0
2024-07-05 11:30:00-04:00,17.670000076293945,17.749900817871094,17.614999771118164,17.614999771118164,28078,0.0,0.0
2024-07-05 12:30:00-04:00,17.6200008392334,17.639999389648438,17.510000228881836,17.530000686645508,13287,0.0,0.0
2024-07-05 13:30:00-04:00,17.510000228881836,17.56999969482422,17.46500015258789,17.510000228881836,14828,0.0,0.0
2024-07-05 14:30:00-04:00,17.49850082397461,17.520000457763672,17.420000076293945,17.459999084472656,18165,0.0,0.0
2024-07-05 15:30:00-04:00,17.450000762939453,17.559999465942383,17.420000076293945,17.534000396728516,30045,0.0,0.0
2024-07-08 09:30:00-04:00,17.520000457763672,17.78190040588379,17.3799991607666,17.5049991607666,23230,0.0,0.0
2024-07-08 10:30:00-04:00,17.43000030517578,17.6200008392334,17.401500701904297,17.479999542236328,40254,0.0,0.0
2024-07-08 11:30:00-04:00,17.52199935913086,17.69499969482422,17.41010093688965,17.69499969482422,29023,0.0,0.0
2024-07-08 12:30:00-04:00,17.697500228881836,17.769899368286133,17.649999618530273,17.735000610351562,19414,0.0,0.0
2024-07-08 13:30:00-04:00,17.739999771118164,17.7450008392334,17.59000015258789,17.690000534057617,30676,0.0,0.0
2024-07-08 14:30:00-04:00,17.704999923706055,17.719999313354492,17.649999618530273,17.719999313354492,18591,0.0,0.0
2024-07-08 15:30:00-04:00,17.719999313354492,17.780000686645508,17.670000076293945,17.780000686645508,31414,0.0,0.0
2024-07-09 09:30:00-04:00,17.75,17.81999969482422,17.56089973449707,17.780000686645508,61517,0.0,0.0
2024-07-09 10:30:00-04:00,17.78499984741211,17.809999465942383,17.700000762939453,17.729999542236328,21533,0.0,0.0
2024-07-09 11:30:00-04:00,17.735000610351562,17.889999389648438,17.729999542236328,17.8700008392334,17233,0.0,0.0
2024-07-09 12:30:00-04:00,17.8799991607666,17.8799991607666,17.844999313354492,17.850000381469727,8535,0.0,0.0
2024-07-09 13:30:00-04:00,17.86199951171875,17.8700008392334,17.760000228881836,17.780000686645508,12254,0.0,0.0
2024-07-09 14:30:00-04:00,17.78499984741211,17.790000915527344,17.69499969482422,17.760000228881836,39399,0.0,0.0
2024-07-09 15:30:00-04:00,17.760000228881836,17.809999465942383,17.724000930786133,17.799999237060547,39221,0.0,0.0
2024-07-10 09:30:00-04:00,17.790000915527344,17.860000610351562,17.69499969482422,17.729999542236328,83264,0.0,0.0
2024-07-10 10:30:00-04:00,17.729999542236328,17.860000610351562,17.719999313354492,17.719999313354492,13169,0.0,0.0
2024-07-10 11:30:00-04:00,17.709999084472656,17.709999084472656,17.510000228881836,17.600000381469727,25608,0.0,0.0
2024-07-10 12:30:00-04:00,17.549999237060547,17.600000381469727,17.540000915527344,17.579999923706055,18721,0.0,0.0
2024-07-10 13:30:00-04:00,17.56999969482422,17.575000762939453,17.440000534057617,17.565000534057617,33727,0.0,0.0
2024-07-10 14:30:00-04:00,17.56999969482422,17.649999618530273,17.5,17.5,21368,0.0,0.0
2024-07-10 15:30:00-04:00,17.520000457763672,17.649999618530273,17.440000534057617,17.639999389648438,31675,0.0,0.0
2024-07-11 09:30:00-04:00,18.18000030517578,18.65999984741211,18.059999465942383,18.4950008392334,24289,0.0,0.0
2024-07-11 10:30:00-04:00,18.530000686645508,18.600000381469727,18.479999542236328,18.559999465942383,14501,0.0,0.0
2024-07-11 11:30:00-04:00,18.59000015258789,18.600000381469727,18.3799991607666,18.385000228881836,10363,0.0,0.0
2024-07-11 12:30:00-04:00,18.40999984741211,18.56999969482422,18.38010025024414,18.549999237060547,11613,0.0,0.0
2024-07-11 13:30:00-04:00,18.545000076293945,18.670000076293945,18.520000457763672,18.614999771118164,15220,0.0,0.0
2024-07-11 14:30:00-04:00,18.625,18.729999542236328,18.530000686645508,18.729999542236328,16183,0.0,0.0
2024-07-11 15:30:00-04:00,18.719999313354492,18.928300857543945,18.709999084472656,18.829999923706055,32389,0.0,0.0
2024-07-12 09:30:00-04:00,18.959999084472656,19.274999618530273,18.959999084472656,19.274999618530273,19858,0.0,0.0
2024-07-12 10:30:00-04:00,19.280000686645508,19.290000915527344,19.1299991607666,19.190000534057617,11544,0.0,0.0
2024-07-12 11:30:00-04:00,19.190000534057617,19.190000534057617,19.075000762939453,19.079999923706055,10639,0.0,0.0
2024-07-12 12:30:00-04:00,19.10420036315918,19.125,19.020299911499023,19.125,9241,0.0,0.0
2024-07-12 13:30:00-04:00,19.149999618530273,19.170000076293945,19.059999465942383,19.059999465942383,6310,0.0,0.0
2024-07-12 14:30:00-04:00,19.010000228881836,19.045000076293945,18.920000076293945,18.969999313354492,20379,0.0,0.0
2024-07-12 15:30:00-04:00,18.969999313354492,19.0,18.899999618530273,18.899999618530273,35057,0.0,0.0
2024-07-15 09:30:00-04:00,18.979999542236328,19.190000534057617,18.829999923706055,19.135000228881836,14810,0.0,0.0
2024-07-15 10:30:00-04:00,19.100000381469727,19.454999923706055,19.05500030517578,19.399999618530273,15711,0.0,0.0
2024-07-15 11:30:00-04:00,19.34000015258789,19.530000686645508,19.31999969482422,19.3799991607666,13671,0.0,0.0
2024-07-15 12:30:00-04:00,19.350000381469727,19.350000381469727,19.209999084472656,19.209999084472656,12254,0.0,0.0
2024-07-15 13:30:00-04:00,19.200000762939453,19.299999237060547,19.170000076293945,19.25,15799,0.0,0.0
2024-07-15 14:30:00-04:00,19.200000762939453,19.299999237060547,19.15999984741211,19.299999237060547,17954,0.0,0.0
2024-07-15 15:30:00-04:00,19.270000457763672,19.30500030517578,19.170000076293945,19.299999237060547,57959,0.0,0.0
2024-07-16 09:30:00-04:00,19.540000915527344,19.799999237060547,19.460599899291992,19.479999542236328,17204,0.0,0.0
2024-07-16 10:30:00-04:00,19.510000228881836,19.709999084472656,19.489999771118164,19.670000076293945,13758,0.0,0.0
2024-07-16 11:30:00-04:00,19.655000686645508,19.940000534057617,19.530000686645508,19.864999771118164,17769,0.0,0.0
2024-07-16 12:30:00-04:00,19.84000015258789,19.905000686645508,19.75,19.905000686645508,9116,0.0,0.0
2024-07-16 13:30:00-04:00,19.905000686645508,20.05500030517578,19.905000686645508,20.024999618530273,19168,0.0,0.0
2024-07-16 14:30:00-04:00,20.03499984741211,20.31999969482422,20.03499984741211,20.309999465942383,19480,0.0,0.0
2024-07-16 15:30:00-04:00,20.31999969482422,20.43000030517578,20.260000228881836,20.40999984741211,48424,0.0,0.0
2024-07-17 09:30:00-04:00,20.15999984741211,20.579999923706055,20.149999618530273,20.41119956970215,14486,0.0,0.0
2024-07-17 10:30:00-04:00,20.518999099731445,20.59000015258789,20.25,20.30500030517578,21299,0.0,0.0
2024-07-17 11:30:00-04:00,20.31999969482422,20.549999237060547,20.31999969482422,20.399999618530273,15139,0.0,0.0
2024-07-17 12:30:00-04:00,20.354999542236328,20.459999084472656,20.350000381469727,20.459999084472656,11568,0.0,0.0
2024-07-17 13:30:00-04:00,20.499000549316406,20.600000381469727,20.450000762939453,20.600000381469727,13021,0.0,0.0
2024-07-17 14:30:00-04:00,20.59000015258789,20.719999313354492,20.510000228881836,20.719999313354492,11955,0.0,0.0
2024-07-17 15:30:00-04:00,20.709999084472656,20.75,20.549999237060547,20.610000610351562,25964,0.0,0.0
2024-07-18 09:30:00-04:00,20.43000030517578,21.1200008392334,20.43000030517578,21.1200008392334,18311,0.0,0.0
2024-07-18 10:30:00-04:00,21.051000595092773,21.09000015258789,20.719999313354492,20.829999923706055,15319,0.0,0.0
2024-07-18 11:30:00-04:00,20.81999969482422,20.860000610351562,20.68000030517578,20.68000030517578,11055,0.0,0.0
2024-07-18 12:30:00-04:00,20.625,20.790000915527344,20.625,20.719999313354492,20175,0.0,0.0
2024-07-18 13:30:00-04:00,20.71500015258789,20.735000610351562,20.40999984741211,20.459999084472656,13900,0.0,0.0
2024-07-18 14:30:00-04:00,20.440000534057617,20.440000534057617,20.100000381469727,20.25,21423,0.0,0.0
2024-07-18 15:30:00-04:00,20.190000534057617,20.399999618530273,20.190000534057617,20.395999908447266,49511,0.0,0.0
2024-07-19 09:30:00-04:00,20.440000534057617,20.649999618530273,20.260000228881836,20.260000228881836,13830,0.0,0.0
2024-07-19 10:30:00-04:00,20.1200008392334,20.325000762939453,20.059999465942383,20.125,8195,0.0,0.0
2024-07-19 11:30:00-04:00,20.05500030517578,20.235000610351562,20.05500030517578,20.1299991607666,8292,0.0,0.0
2024-07-19 12:30:00-04:00,20.15999984741211,20.25,20.139999389648438,20.219999313354492,8109,0.0,0.0
2024-07-19 13:30:00-04:00,20.2450008392334,20.264999389648438,20.174999237060547,20.174999237060547,10499,0.0,0.0
2024-07-19 14:30:00-04:00,20.15999984741211,20.209999084472656,20.09000015258789,20.1299991607666,9238,0.0,0.0
2024-07-19 15:30:00-04:00,20.104999542236328,20.149999618530273,20.070999145507812,20.149999618530273,25667,0.0,0.0
2024-07-22 09:30:00-04:00,20.200000762939453,20.350000381469727,19.790000915527344,19.950000762939453,17120,0.0,0.0
2024-07-22 10:30:00-04:00,19.90999984741211,20.3700008392334,19.90999984741211,20.309999465942383,14686,0.0,0.0
2024-07-22 11:30:00-04:00,20.31999969482422,20.459999084472656,20.277799606323242,20.389999389648438,10289,0.0,0.0
2024-07-22 12:30:00-04:00,20.399999618530273,20.610000610351562,20.399999618530273,20.4950008392334,12395,0.0,0.0
2024-07-22 13:30:00-04:00,20.479999542236328,20.479999542236328,20.329999923706055,20.389999389648438,9329,0.0,0.0
2024-07-22 14:30:00-04:00,20.40999984741211,20.579999923706055,20.40999984741211,20.530000686645508,12590,0.0,0.0
2024-07-22 15:30:00-04:00,20.540000915527344,20.540000915527344,20.360000610351562,20.36199951171875,24115,0.0,0.0
2024-07-23 09:30:00-04:00,20.110000610351562,20.110000610351562,19.635000228881836,19.969999313354492,23471,0.0,0.0
2024-07-23 10:30:00-04:00,20.010000228881836,20.030000686645508,19.780000686645508,19.959999084472656,5910,0.0,0.0
2024-07-23 11:30:00-04:00,19.989999771118164,20.1299991607666,19.940000534057617,19.940000534057617,6602,0.0,0.0
2024-07-23 12:30:00-04:00,19.93000030517578,20.040000915527344,19.920000076293945,20.03499984741211,7298,0.0,0.0
2024-07-23 13:30:00-04:00,20.010000228881836,20.170000076293945,19.979999542236328,20.170000076293945,7489,0.0,0.0
2024-07-23 14:30:00-04:00,20.149999618530273,20.219999313354492,20.1200008392334,20.170000076293945,10642,0.0,0.0
2024-07-23 15:30:00-04:00,20.170000076293945,20.209999084472656,20.079999923706055,20.139999389648438,25720,0.0,0.0
2024-07-24 09:30:00-04:00,20.0,20.270000457763672,19.899999618530273,20.040000915527344,7445,0.0,0.0
2024-07-24 10:30:00-04:00,20.030000686645508,20.030000686645508,19.75,19.834999084472656,11303,0.0,0.0
2024-07-24 11:30:00-04:00,19.920000076293945,19.920000076293945,19.82349967956543,19.84000015258789,8654,0.0,0.0
2024-07-24 12:30:00-04:00,19.780000686645508,19.780000686645508,19.65999984741211,19.709999084472656,7039,0.0,0.0
2024-07-24 13:30:00-04:00,19.690000534057617,19.75,19.530000686645508,19.530000686645508,11258,0.0,0.0
2024-07-24 14:30:00-04:00,19.524999618530273,19.524999618530273,19.270000457763672,19.30500030517578,24286,0.0,0.0
2024-07-24 15:30:00-04:00,19.309999465942383,19.399999618530273,19.06999969482422,19.170000076293945,45396,0.0,0.0
2024-07-25 09:30:00-04:00,19.299999237060547,20.239999771118164,19.202999114990234,20.219999313354492,19741,0.0,0.0
2024-07-25 10:30:00-04:00,20.239999771118164,20.239999771118164,19.920000076293945,20.079999923706055,11297,0.0,0.0
2024-07-25 11:30:00-04:00,20.030000686645508,20.43000030517578,20.030000686645508,20.3700008392334,11857,0.0,0.0
2024-07-25 12:30:00-04:00,20.420000076293945,20.469999313354492,20.329999923706055,20.3799991607666,10154,0.0,0.0
2024-07-25 13:30:00-04:00,20.345199584960938,20.530000686645508,20.34000015258789,20.469999313354492,62333,0.0,0.0
2024-07-25 14:30:00-04:00,20.459999084472656,20.649999618530273,20.399999618530273,20.645000457763672,24474,0.0,0.0
2024-07-25 15:30:00-04:00,20.65999984741211,20.739900588989258,20.65999984741211,20.672000885009766,40707,0.0,0.0
2024-07-26 09:30:00-04:00,21.06999969482422,21.200000762939453,20.809999465942383,20.96500015258789,40403,0.0,0.0
2024-07-26 10:30:00-04:00,20.899999618530273,21.010000228881836,20.75,20.864999771118164,9045,0.0,0.0
2024-07-26 11:30:00-04:00,20.899999618530273,21.040000915527344,20.850000381469727,20.954999923706055,19407,0.0,0.0
2024-07-26 12:30:00-04:00,20.940000534057617,21.040000915527344,20.900100708007812,21.020000457763672,14269,0.0,0.0
2024-07-26 13:30:00-04:00,21.03070068359375,21.07990074157715,20.959999084472656,21.015499114990234,11713,0.0,0.0
2024-07-26 14:30:00-04:00,21.040000915527344,21.125,20.989999771118164,21.094999313354492,14574,0.0,0.0
2024-07-26 15:30:00-04:00,21.06999969482422,21.170000076293945,21.049999237060547,21.049999237060547,23939,0.0,0.0
2024-07-29 09:30:00-04:00,21.100000381469727,21.260000228881836,21.0,21.1200008392334,24697,0.0,0.0
2024-07-29 10:30:00-04:00,21.020000457763672,21.200000762939453,20.96500015258789,21.125,17978,0.0,0.0
2024-07-29 11:30:00-04:00,21.110000610351562,21.114999771118164,21.05500030517578,21.075000762939453,6931,0.0,0.0
2024-07-29 12:30:00-04:00,21.065000534057617,21.065000534057617,20.915000915527344,20.979999542236328,9777,0.0,0.0
2024-07-29 13:30:00-04:00,20.950000762939453,20.989999771118164,20.889999389648438,20.989999771118164,9010,0.0,0.0
2024-07-29 14:30:00-04:00,20.969999313354492,21.059999465942383,20.924999237060547,20.9950008392334,13543,0.0,0.0
2024-07-29 15:30:00-04:00,20.9950008392334,21.235000610351562,20.9950008392334,21.190000534057617,28010,0.0,0.0
2024-07-30 09:30:00-04:00,20.90999984741211,21.040000915527344,20.350000381469727,20.899999618530273,72503,0.0,0.0
2024-07-30 10:30:00-04:00,20.979999542236328,21.06999969482422,20.950000762939453,21.020000457763672,12577,0.0,0.0
2024-07-30 11:30:00-04:00,21.010000228881836,21.075000762939453,20.825000762939453,20.959999084472656,12146,0.0,0.0
2024-07-30 12:30:00-04:00,20.969999313354492,21.049999237060547,20.940000534057617,20.975000381469727,8021,0.0,0.0
2024-07-30 13:30:00-04:00,20.94499969482422,21.114999771118164,20.94499969482422,21.06999969482422,11992,0.0,0.0
2024-07-30 14:30:00-04:00,21.059999465942383,21.1299991607666,20.979999542236328,21.09000015258789,29445,0.0,0.0
2024-07-30 15:30:00-04:00,21.065000534057617,21.280000686645508,21.059999465942383,21.229999542236328,61646,0.0,0.0
2024-07-31 09:30:00-04:00,21.309999465942383,21.440000534057617,21.110000610351562,21.329999923706055,0,0.0,0.0
2024-07-31 10:30:00-04:00,21.34000015258789,21.450000762939453,21.329999923706055,21.389999389648438,11379,0.0,0.0
2024-07-31 11:30:00-04:00,21.360000610351562,21.6299991607666,21.360000610351562,21.614999771118164,7532,0.0,0.0
2024-07-31 12:30:00-04:00,21.639999389648438,21.68000030517578,21.56999969482422,21.68000030517578,15727,0.0,0.0
2024-07-31 13:30:00-04:00,21.690000534057617,21.969999313354492,21.665000915527344,21.934999465942383,76968,0.0,0.0
2024-07-31 14:30:00-04:00,21.969999313354492,22.475000381469727,21.959999084472656,22.06999969482422,57737,0.0,0.0
2024-07-31 15:30:00-04:00,22.06999969482422,22.079999923706055,21.850000381469727,21.93000030517578,68620,0.0,0.0
2024-08-01 09:30:00-04:00,21.770000457763672,21.770000457763672,21.1299991607666,21.1299991607666,14340,0.0,0.0
2024-08-01 10:30:00-04:00,21.040000915527344,21.040000915527344,20.200000762939453,20.200000762939453,19652,0.0,0.0
2024-08-01 11:30:00-04:00,20.239999771118164,20.329999923706055,19.93000030517578,19.94499969482422,30956,0.0,0.0
2024-08-01 12:30:00-04:00,19.94499969482422,20.05500030517578,19.81999969482422,19.985000610351562,20458,0.0,0.0
2024-08-01 13:30:00-04:00,20.030000686645508,20.18000030517578,19.940000534057617,20.014999389648438,12279,0.0,0.0
2024-08-01 14:30:00-04:00,19.959999084472656,20.09000015258789,19.940000534057617,20.06999969482422,17675,0.0,0.0
2024-08-01 15:30:00-04:00,20.079999923706055,20.329999923706055,20.040000915527344,20.299999237060547,55494,0.0,0.0
2024-08-02 09:30:00-04:00,19.6299991607666,20.959999084472656,19.489999771118164,19.78499984741211,23151,0.0,0.0
2024-08-02 10:30:00-04:00,19.860000610351562,19.979999542236328,19.649999618530273,19.719999313354492,33429,0.0,0.0
2024-08-02 11:30:00-04:00,19.729999542236328,20.06999969482422,19.729999542236328,20.06999969482422,25874,0.0,0.0
2024-08-02 12:30:00-04:00,20.079999923706055,20.1200008392334,19.8700008392334,20.1200008392334,14727,0.0,0.0
2024-08-02 13:30:00-04:00,20.1200008392334,20.360000610351562,19.921899795532227,20.350000381469727,57290,0.0,0.0
2024-08-02 14:30:00-04:00,20.389999389648438,20.440000534057617,20.209999084472656,20.271099090576172,35594,0.0,0.0
2024-08-02 15:30:00-04:00,20.270099639892578,20.459999084472656,20.219999313354492,20.459999084472656,70035,0.0,0.0
2024-08-05 09:30:00-04:00,19.18000030517578,19.790000915527344,19.079999923706055,19.530000686645508,36606,0.0,0.0
2024-08-05 10:30:00-04:00,19.53499984741211,19.825000762939453,19.53499984741211,19.825000762939453,17195,0.0,0.0
2024-08-05 11:30:00-04:00,19.790000915527344,19.922500610351562,19.760000228881836,19.922500610351562,23015,0.0,0.0
2024-08-05 12:30:00-04:00,19.920000076293945,19.920000076293945,19.635000228881836,19.65999984741211,13320,0.0,0.0
2024-08-05 13:30:00-04:00,19.658199310302734,19.81999969482422,19.559999465942383,19.606000900268555,12611,0.0,0.0
2024-08-05 14:30:00-04:00,19.625,19.68000030517578,19.5,19.674999237060547,19689,0.0,0.0
2024-08-05 15:30:00-04:00,19.68000030517578,19.684999465942383,19.579999923706055,19.625,35690,0.0,0.0
2024-08-06 09:30:00-04:00,19.649999618530273,19.889999389648438,19.520000457763672,19.739999771118164,11155,0.0,0.0
2024-08-06 10:30:00-04:00,19.69300079345703,19.979999542236328,19.6200008392334,19.625,10156,0.0,0.0
2024-08-06 11:30:00-04:00,19.604999542236328,19.760000228881836,19.604999542236328,19.704999923706055,6456,0.0,0.0
2024-08-06 12:30:00-04:00,19.71500015258789,19.920000076293945,19.65999984741211,19.739999771118164,19894,0.0,0.0
2024-08-06 13:30:00-04:00,19.799100875854492,19.8700008392334,19.729999542236328,19.760000228881836,8961,0.0,0.0
2024-08-06 14:30:00-04:00,19.739999771118164,19.770000457763672,19.450000762939453,19.520000457763672,15904,0.0,0.0
2024-08-06 15:30:00-04:00,19.520000457763672,19.770000457763672,19.450000762939453,19.700000762939453,43370,0.0,0.0
2024-08-07 09:30:00-04:00,20.100000381469727,20.100000381469727,19.65999984741211,19.739999771118164,18536,0.0,0.0
2024-08-07 10:30:00-04:00,19.739999771118164,19.81999969482422,19.690000534057617,19.709999084472656,9830,0.0,0.0
2024-08-07 11:30:00-04:00,19.735000610351562,19.8700008392334,19.65999984741211,19.790000915527344,10046,0.0,0.0
2024-08-07 12:30:00-04:00,19.760000228881836,19.760000228881836,19.600000381469727,19.649999618530273,26523,0.0,0.0
2024-08-07 13:30:00-04:00,19.729999542236328,19.760000228881836,19.5,19.53499984741211,17090,0.0,0.0
2024-08-07 14:30:00-04:00,19.53499984741211,19.600000381469727,19.489999771118164,19.565000534057617,15930,0.0,0.0
2024-08-07 15:30:00-04:00,19.56999969482422,19.59000015258789,19.40999984741211,19.459999084472656,37621,0.0,0.0
2024-08-08 09:30:00-04:00,19.850000381469727,19.850000381469727,19.635000228881836,19.850000381469727,11022,0.0,0.0
2024-08-08 10:30:00-04:00,19.825000762939453,19.93000030517578,19.825000762939453,19.93000030517578,6071,0.0,0.0
2024-08-08 11:30:00-04:00,19.940000534057617,19.950000762939453,19.7549991607666,19.770000457763672,9589,0.0,0.0
2024-08-08 12:30:00-04:00,19.709999084472656,19.783000946044922,19.6200008392334,19.783000946044922,10225,0.0,0.0
2024-08-08 13:30:00-04:00,19.850000381469727,19.850000381469727,19.735000610351562,19.75,7144,0.0,0.0
2024-08-08 14:30:00-04:00,19.719999313354492,19.889999389648438,19.690000534057617,19.829999923706055,12224,0.0,0.0
2024-08-08 15:30:00-04:00,19.770000457763672,19.850000381469727,19.719999313354492,19.829999923706055,22337,0.0,0.0
2024-08-09 09:30:00-04:00,20.479999542236328,20.56999969482422,20.010000228881836,20.395000457763672,31118,0.0,0.0
2024-08-09 10:30:00-04:00,20.38800048828125,20.530000686645508,20.350000381469727,20.360000610351562,22769,0.0,0.0
2024-08-09 11:30:00-04:00,20.360000610351562,20.459999084472656,20.31999969482422,20.420000076293945,17699,0.0,0.0
2024-08-09 12:30:00-04:00,20.420000076293945,20.5,20.389999389648438,20.46500015258789,13115,0.0,0.0
2024-08-09 13:30:00-04:00,20.43000030517578,20.5,20.329999923706055,20.3799991607666,24627,0.0,0.0
2024-08-09 14:30:00-04:00,20.350000381469727,20.440000534057617,20.260000228881836,20.440000534057617,21013,0.0,0.0
2024-08-09 15:30:00-04:00,20.459999084472656,20.459999084472656,20.315000534057617,20.350000381469727,27138,0.0,0.0
2024-08-12 09:30:00-04:00,20.530000686645508,20.59000015258789,20.149999618530273,20.18000030517578,13881,0.0,0.0
2024-08-12 10:30:00-04:00,20.141000747680664,20.141000747680664,19.81999969482422,19.889999389648438,7813,0.0,0.0
2024-08-12 11:30:00-04:00,19.860000610351562,19.885000228881836,19.739999771118164,19.7450008392334,8427,0.0,0.0
2024-08-12 12:30:00-04:00,19.753000259399414,19.770000457763672,19.65999984741211,19.709999084472656,9734,0.0,0.0
2024-08-12 13:30:00-04:00,19.709999084472656,19.889999389648438,19.6299991607666,19.6299991607666,16931,0.0,0.0
2024-08-12 14:30:00-04:00,19.559999465942383,19.709999084472656,19.559999465942383,19.709999084472656,9406,0.0,0.0
2024-08-12 15:30:00-04:00,19.704999923706055,19.729999542236328,19.510000228881836,19.559999465942383,30046,0.0,0.0
2024-08-13 09:30:00-04:00,19.799999237060547,19.895000457763672,19.65999984741211,19.68000030517578,5335,0.0,0.0
2024-08-13 10:30:00-04:00,19.68000030517578,19.799999237060547,19.68000030517578,19.795000076293945,5402,0.0,0.0
2024-08-13 11:30:00-04:00,19.795000076293945,19.954999923706055,19.764999389648438,19.920000076293945,11198,0.0,0.0
2024-08-13 12:30:00-04:00,19.860000610351562,19.939899444580078,19.84000015258789,19.860700607299805,4740,0.0,0.0
2024-08-13 13:30:00-04:00,19.81999969482422,19.899999618530273,19.809999465942383,19.809999465942383,6312,0.0,0.0
2024-08-13 14:30:00-04:00,19.8700008392334,19.8799991607666,19.75,19.809999465942383,10089,0.0,0.0
2024-08-13 15:30:00-04:00,19.829999923706055,19.8799991607666,19.790000915527344,19.799999237060547,12903,0.0,0.0
2024-08-14 09:30:00-04:00,19.81999969482422,19.919700622558594,19.545000076293945,19.545000076293945,6887,0.0,0.0
2024-08-14 10:30:00-04:00,19.565000534057617,19.565000534057617,19.31999969482422,19.40999984741211,12914,0.0,0.0
2024-08-14 11:30:00-04:00,19.399999618530273,19.469999313354492,19.225000381469727,19.225000381469727,16782,0.0,0.0
2024-08-14 12:30:00-04:00,19.209999084472656,19.225000381469727,19.079999923706055,19.110000610351562,13225,0.0,0.0
2024-08-14 13:30:00-04:00,19.049999237060547,19.065000534057617,18.915000915527344,18.915000915527344,7770,0.0,0.0
2024-08-14 14:30:00-04:00,18.954999923706055,19.065000534057617,18.954999923706055,19.059999465942383,14196,0.0,0.0
2024-08-14 15:30:00-04:00,19.049999237060547,19.09000015258789,18.84000015258789,18.84000015258789,26054,0.0,0.0
2024-08-15 09:30:00-04:00,19.43000030517578,19.709999084472656,19.43000030517578,19.565000534057617,10810,0.0,0.0
2024-08-15 10:30:00-04:00,19.452999114990234,19.798599243164062,19.452999114990234,19.68000030517578,7647,0.0,0.0
2024-08-15 11:30:00-04:00,19.71500015258789,19.729999542236328,19.600000381469727,19.690000534057617,6660,0.0,0.0
2024-08-15 12:30:00-04:00,19.690000534057617,19.770000457763672,19.690000534057617,19.770000457763672,5166,0.0,0.0
2024-08-15 13:30:00-04:00,19.850000381469727,19.860000610351562,19.700000762939453,19.709999084472656,7363,0.0,0.0
2024-08-15 14:30:00-04:00,19.709999084472656,19.75,19.6299991607666,19.729999542236328,9309,0.0,0.0
2024-08-15 15:30:00-04:00,19.719999313354492,19.719999313354492,19.579999923706055,19.6560001373291,18794,0.0,0.0
2024-08-16 09:30:00-04:00,19.639999389648438,19.954999923706055,19.639999389648438,19.771900177001953,8808,0.0,0.0
2024-08-16 10:30:00-04:00,19.75,19.770000457763672,19.68000030517578,19.695499420166016,4608,0.0,0.0
2024-08-16 11:30:00-04:00,19.709999084472656,19.799999237060547,19.709999084472656,19.799999237060547,6134,0.0,0.0
2024-08-16 12:30:00-04:00,19.81999969482422,19.81999969482422,19.780000686645508,19.780000686645508,4417,0.0,0.0
2024-08-16 13:30:00-04:00,19.799999237060547,19.799999237060547,19.670000076293945,19.670000076293945,3593,0.0,0.0
2024-08-16 14:30:00-04:00,19.700000762939453,19.729999542236328,19.600000381469727,19.639999389648438,9470,0.0,0.0
2024-08-16 15:30:00-04:00,19.58049964904785,19.649999618530273,19.58049964904785,19.610000610351562,13774,0.0,0.0
2024-08-19 09:30:00-04:00,19.610000610351562,19.690000534057617,19.559999465942383,19.6299991607666,5691,0.0,0.0
2024-08-19 10:30:00-04:00,19.59600067138672,19.700000762939453,19.440000534057617,19.684999465942383,12745,0.0,0.0
2024-08-19 11:30:00-04:00,19.700000762939453,19.729999542236328,19.610000610351562,19.729999542236328,5248,0.0,0.0
2024-08-19 12:30:00-04:00,19.700000762939453,19.739999771118164,19.700000762939453,19.700000762939453,5576,0.0,0.0
2024-08-19 13:30:00-04:00,19.728599548339844,19.790000915527344,19.700000762939453,19.729999542236328,5821,0.0,0.0
2024-08-19 14:30:00-04:00,19.719999313354492,19.719999313354492,19.600000381469727,19.600000381469727,4574,0.0,0.0
2024-08-19 15:30:00-04:00,19.600000381469727,19.600000381469727,19.479999542236328,19.579999923706055,8862,0.0,0.0
2024-08-20 09:30:00-04:00,19.670000076293945,19.670000076293945,19.485000610351562,19.485000610351562,4419,0.0,0.0
2024-08-20 10:30:00-04:00,19.3799991607666,19.3799991607666,19.149999618530273,19.290000915527344,8550,0.0,0.0
2024-08-20 11:30:00-04:00,19.299999237060547,19.440000534057617,19.299999237060547,19.389999389648438,5433,0.0,0.0
2024-08-20 12:30:00-04:00,19.30500030517578,19.360000610351562,19.299999237060547,19.360000610351562,9280,0.0,0.0
2024-08-20 13:30:00-04:00,19.360000610351562,19.540000915527344,19.360000610351562,19.485000610351562,4493,0.0,0.0
2024-08-20 14:30:00-04:00,19.440000534057617,19.46500015258789,19.399999618530273,19.440000534057617,6739,0.0,0.0
2024-08-20 15:30:00-04:00,19.40999984741211,19.40999984741211,19.280000686645508,19.34000015258789,9986,0.0,0.0
2024-08-21 09:30:00-04:00,19.549999237060547,19.735000610351562,19.424999237060547,19.594999313354492,0,0.0,0.0
2024-08-21 10:30:00-04:00,19.55699920654297,19.799999237060547,19.55699920654297,19.670000076293945,5620,0.0,0.0
2024-08-21 11:30:00-04:00,19.670000076293945,19.695999145507812,19.59000015258789,19.6200008392334,4998,0.0,0.0
2024-08-21 12:30:00-04:00,19.639999389648438,19.684999465942383,19.6200008392334,19.684999465942383,4011,0.0,0.0
2024-08-21 13:30:00-04:00,19.719900131225586,19.72640037536621,19.690000534057617,19.72640037536621,4031,0.0,0.0
2024-08-21 14:30:00-04:00,19.709999084472656,19.860000610351562,19.690000534057617,19.81999969482422,15789,0.0,0.0
2024-08-21 15:30:00-04:00,19.850000381469727,19.90999984741211,19.850000381469727,19.895000457763672,13612,0.0,0.0
2024-08-22 09:30:00-04:00,19.780000686645508,19.975000381469727,19.709999084472656,19.709999084472656,6915,0.0,0.0
2024-08-22 10:30:00-04:00,19.65999984741211,19.719999313354492,19.540000915527344,19.540000915527344,7855,0.0,0.0
2024-08-22 11:30:00-04:00,19.5,19.5,19.440000534057617,19.489999771118164,1777,0.0,0.0
2024-08-22 12:30:00-04:00,19.489999771118164,19.530000686645508,19.450000762939453,19.450000762939453,6167,0.0,0.0
2024-08-22 13:30:00-04:00,19.420000076293945,19.420000076293945,19.329999923706055,19.34000015258789,8229,0.0,0.0
2024-08-22 14:30:00-04:00,19.34000015258789,19.43000030517578,19.329999923706055,19.364999771118164,14620,0.0,0.0
2024-08-22 15:30:00-04:00,19.350000381469727,19.350000381469727,19.260000228881836,19.350000381469727,17147,0.0,0.0
2024-08-23 09:30:00-04:00,19.59000015258789,20.290000915527344,19.59000015258789,20.280000686645508,14778,0.0,0.0
2024-08-23 10:30:00-04:00,20.28499984741211,20.540000915527344,20.25,20.540000915527344,10880,0.0,0.0
2024-08-23 11:30:00-04:00,20.5,20.579999923706055,20.420000076293945,20.46500015258789,6396,0.0,0.0
2024-08-23 12:30:00-04:00,20.479999542236328,20.530000686645508,20.440000534057617,20.440000534057617,7773,0.0,0.0
2024-08-23 13:30:00-04:00,20.450000762939453,20.450000762939453,20.329999923706055,20.38909912109375,4668,0.0,0.0
2024-08-23 14:30:00-04:00,20.350000381469727,20.354999542236328,20.200000762939453,20.34000015258789,9060,0.0,0.0
2024-08-23 15:30:00-04:00,20.329999923706055,20.40999984741211,20.299999237060547,20.3799991607666,23452,0.0,0.0
2024-08-26 09:30:00-04:00,20.600000381469727,20.84000015258789,20.43000030517578,20.59000015258789,11891,0.0,0.0
2024-08-26 10:30:00-04:00,20.645000457763672,20.645000457763672,20.46299934387207,20.46299934387207,3160,0.0,0.0
2024-08-26 11:30:00-04:00,20.520000457763672,20.729999542236328,20.430099487304688,20.729999542236328,5669,0.0,0.0
2024-08-26 12:30:00-04:00,20.719999313354492,20.719999313354492,20.479999542236328,20.56999969482422,12523,0.0,0.0
2024-08-26 13:30:00-04:00,20.54400062561035,20.604999542236328,20.469999313354492,20.510000228881836,5460,0.0,0.0
2024-08-26 14:30:00-04:00,20.540000915527344,20.579999923706055,20.450000762939453,20.450000762939453,9066,0.0,0.0
2024-08-26 15:30:00-04:00,20.420000076293945,20.459999084472656,20.309999465942383,20.450000762939453,21921,0.0,0.0
2024-08-27 09:30:00-04:00,20.3700008392334,20.420000076293945,20.010000228881836,20.03499984741211,9065,0.0,0.0
2024-08-27 10:30:00-04:00,20.007999420166016,20.225000381469727,20.007999420166016,20.040000915527344,14355,0.0,0.0
2024-08-27 11:30:00-04:00,20.0,20.075000762939453,19.979999542236328,20.075000762939453,9649,0.0,0.0
2024-08-27 12:30:00-04:00,20.079999923706055,20.079999923706055,20.020000457763672,20.049999237060547,4417,0.0,0.0
2024-08-27 13:30:00-04:00,20.062999725341797,20.094999313354492,20.040000915527344,20.065000534057617,6244,0.0,0.0
2024-08-27 14:30:00-04:00,20.065000534057617,20.200000762939453,20.049999237060547,20.190000534057617,10643,0.0,0.0
2024-08-27 15:30:00-04:00,20.18000030517578,20.219999313354492,20.15060043334961,20.209999084472656,15187,0.0,0.0
2024-08-28 09:30:00-04:00,20.190000534057617,20.264999389648438,19.860000610351562,20.200000762939453,6018,0.0,0.0
2024-08-28 10:30:00-04:00,20.239999771118164,20.361299514770508,19.901599884033203,19.901599884033203,17223,0.0,0.0
2024-08-28 11:30:00-04:00,19.96500015258789,19.96500015258789,19.709999084472656,19.709999084472656,7010,0.0,0.0
2024-08-28 12:30:00-04:00,19.6200008392334,19.709999084472656,19.53179931640625,19.59000015258789,14323,0.0,0.0
2024-08-28 13:30:00-04:00,19.59000015258789,19.6299991607666,19.530000686645508,19.6299991607666,12793,0.0,0.0
2024-08-28 14:30:00-04:00,19.6299991607666,19.700000762939453,19.5,19.641000747680664,16507,0.0,0.0
2024-08-28 15:30:00-04:00,19.739999771118164,19.8700008392334,19.719999313354492,19.860000610351562,28051,0.0,0.0
2024-08-29 09:30:00-04:00,18.799999237060547,19.739999771118164,18.69540023803711,19.739999771118164,87710,0.0,0.0
2024-08-29 10:30:00-04:00,19.709999084472656,19.793500900268555,19.100000381469727,19.290000915527344,26650,0.0,0.0
2024-08-29 11:30:00-04:00,19.510000228881836,19.510000228881836,19.309999465942383,19.364999771118164,6658,0.0,0.0
2024-08-29 12:30:00-04:00,19.434999465942383,19.434999465942383,18.920000076293945,19.31999969482422,20310,0.0,0.0
2024-08-29 13:30:00-04:00,19.329999923706055,19.434999465942383,19.18000030517578,19.264999389648438,16254,0.0,0.0
2024-08-29 14:30:00-04:00,19.225000381469727,19.225000381469727,18.989999771118164,19.135000228881836,15231,0.0,0.0
2024-08-29 15:30:00-04:00,19.075000762939453,19.1200008392334,18.6299991607666,18.639999389648438,62993,0.0,0.0
2024-08-30 09:30:00-04:00,18.440000534057617,18.549999237060547,17.969999313354492,18.065000534057617,44607,0.0,0.0
2024-08-30 10:30:00-04:00,18.065000534057617,18.15999984741211,18.040000915527344,18.1200008392334,11526,0.0,0.0
2024-08-30 11:30:00-04:00,18.049999237060547,18.190000534057617,18.030000686645508,18.149999618530273,9624,0.0,0.0
2024-08-30 12:30:00-04:00,18.141000747680664,18.420000076293945,18.079999923706055,18.375,22402,0.0,0.0
2024-08-30 13:30:00-04:00,18.360000610351562,18.389999389648438,18.290000915527344,18.350000381469727,9849,0.0,0.0
2024-08-30 14:30:00-04:00,18.3700008392334,18.40999984741211,18.34000015258789,18.399999618530273,18944,0.0,0.0
2024-08-30 15:30:00-04:00,18.420000076293945,18.56999969482422,18.399999618530273,18.540000915527344,66559,0.0,0.0
2024-09-03 09:30:00-04:00,18.200000762939453,18.200000762939453,17.899999618530273,17.950000762939453,32385,0.0,0.0
2024-09-03 10:30:00-04:00,17.96299934387207,18.030000686645508,17.930999755859375,18.0,19918,0.0,0.0
2024-09-03 11:30:00-04:00,18.0,18.049999237060547,17.959999084472656,17.989999771118164,19813,0.0,0.0
2024-09-03 12:30:00-04:00,18.014999389648438,18.014999389648438,17.635000228881836,17.799999237060547,61615,0.0,0.0
2024-09-03 13:30:00-04:00,17.774999618530273,17.809999465942383,17.65999984741211,17.700000762939453,29123,0.0,0.0
2024-09-03 14:30:00-04:00,17.709999084472656,17.760000228881836,17.530000686645508,17.530000686645508,30669,0.0,0.0
2024-09-03 15:30:00-04:00,17.540000915527344,17.6299991607666,17.4950008392334,17.530000686645508,97893,0.0,0.0
2024-09-04 09:30:00-04:00,17.559999465942383,17.600000381469727,17.40999984741211,17.549999237060547,23602,0.0,0.0
2024-09-04 10:30:00-04:00,17.599000930786133,17.920000076293945,17.599000930786133,17.729999542236328,14679,0.0,0.0
2024-09-04 11:30:00-04:00,17.670000076293945,17.829999923706055,17.670000076293945,17.799999237060547,15666,0.0,0.0
2024-09-04 12:30:00-04:00,17.770000457763672,17.780000686645508,17.639999389648438,17.65999984741211,13466,0.0,0.0
2024-09-04 13:30:00-04:00,17.670000076293945,17.700000762939453,17.610000610351562,17.65999984741211,14339,0.0,0.0
2024-09-04 14:30:00-04:00,17.666000366210938,17.68000030517578,17.579999923706055,17.645000457763672,20758,0.0,0.0
2024-09-04 15:30:00-04:00,17.639999389648438,17.700000762939453,17.610000610351562,17.670000076293945,31070,0.0,0.0
2024-09-05 09:30:00-04:00,17.709999084472656,17.954999923706055,17.635000228881836,17.860000610351562,23485,0.0,0.0
2024-09-05 10:30:00-04:00,17.90999984741211,18.040000915527344,17.8799991607666,17.915000915527344,18514,0.0,0.0
2024-09-05 11:30:00-04:00,17.93000030517578,18.0,17.899999618530273,17.959999084472656,12676,0.0,0.0
2024-09-05 12:30:00-04:00,17.93000030517578,17.94499969482422,17.8700008392334,17.8799991607666,16314,0.0,0.0
2024-09-05 13:30:00-04:00,17.84000015258789,17.989999771118164,17.829999923706055,17.90999984741211,17109,0.0,0.0
2024-09-05 14:30:00-04:00,17.920000076293945,17.93000030517578,17.649999618530273,17.665000915527344,29782,0.0,0.0
2024-09-05 15:30:00-04:00,17.6299991607666,17.657499313354492,17.575000762939453,17.649999618530273,43655,0.0,0.0
2024-09-06 09:30:00-04:00,17.559999465942383,17.697999954223633,17.489999771118164,17.489999771118164,15947,0.0,0.0
2024-09-06 10:30:00-04:00,17.410900115966797,17.56999969482422,17.34000015258789,17.34000015258789,12999,0.0,0.0
2024-09-06 11:30:00-04:00,17.299999237060547,17.389999389648438,17.260000228881836,17.290000915527344,9923,0.0,0.0
2024-09-06 12:30:00-04:00,17.290000915527344,17.559999465942383,17.290000915527344,17.53499984741211,20407,0.0,0.0
2024-09-06 13:30:00-04:00,17.520000457763672,17.549999237060547,17.31999969482422,17.31999969482422,13409,0.0,0.0
2024-09-06 14:30:00-04:00,17.34000015258789,17.3700008392334,17.219999313354492,17.360000610351562,12229,0.0,0.0
2024-09-06 15:30:00-04:00,17.3700008392334,17.579999923706055,17.3700008392334,17.579999923706055,48193,0.0,0.0
2024-09-09 09:30:00-04:00,17.549999237060547,17.780000686645508,17.459999084472656,17.780000686645508,21108,0.0,0.0
2024-09-09 10:30:00-04:00,17.665000915527344,17.739999771118164,17.59000015258789,17.68000030517578,9835,0.0,0.0
2024-09-09 11:30:00-04:00,17.700000762939453,17.780000686645508,17.65999984741211,17.6825008392334,8974,0.0,0.0
2024-09-09 12:30:00-04:00,17.690000534057617,17.690000534057617,17.579999923706055,17.600000381469727,6980,0.0,0.0
2024-09-09 13:30:00-04:00,17.579999923706055,17.600000381469727,17.479999542236328,17.53499984741211,8245,0.0,0.0
2024-09-09 14:30:00-04:00,17.510000228881836,17.549999237060547,17.46500015258789,17.510000228881836,25454,0.0,0.0
2024-09-09 15:30:00-04:00,17.5,17.5,17.209999084472656,17.219999313354492,51010,0.0,0.0
2024-09-10 09:30:00-04:00,17.110000610351562,17.219999313354492,16.639999389648438,16.75,97545,0.0,0.0
2024-09-10 10:30:00-04:00,16.739999771118164,16.864999771118164,16.670000076293945,16.809999465942383,32508,0.0,0.0
2024-09-10 11:30:00-04:00,16.790000915527344,16.790000915527344,16.514699935913086,16.540000915527344,13815,0.0,0.0
2024-09-10 12:30:00-04:00,16.549999237060547,16.6299991607666,16.40999984741211,16.434999465942383,27418,0.0,0.0
2024-09-10 13:30:00-04:00,16.40999984741211,16.489999771118164,16.350000381469727,16.479999542236328,22863,0.0,0.0
2024-09-10 14:30:00-04:00,16.455400466918945,16.639999389648438,16.40999984741211,16.610000610351562,53521,0.0,0.0
2024-09-10 15:30:00-04:00,16.6200008392334,16.757999420166016,16.560100555419922,16.700000762939453,87826,0.0,0.0
2024-09-11 09:30:00-04:00,16.690000534057617,16.690000534057617,16.229999542236328,16.600000381469727,83902,0.0,0.0
2024-09-11 10:30:00-04:00,16.510000228881836,16.690000534057617,16.444499969482422,16.690000534057617,18201,0.0,0.0
2024-09-11 11:30:00-04:00,16.719999313354492,16.899999618530273,16.709999084472656,16.899999618530273,24965,0.0,0.0
2024-09-11 12:30:00-04:00,16.899999618530273,16.969999313354492,16.860000610351562,16.8700008392334,13403,0.0,0.0
2024-09-11 13:30:00-04:00,16.885000228881836,16.93000030517578,16.799999237060547,16.889999389648438,17580,0.0,0.0
2024-09-11 14:30:00-04:00,16.920000076293945,16.9950008392334,16.844999313354492,16.93000030517578,21167,0.0,0.0
2024-09-11 15:30:00-04:00,16.920000076293945,17.1200008392334,16.920000076293945,17.1200008392334,38658,0.0,0.0
2024-09-12 09:30:00-04:00,17.329999923706055,17.350000381469727,16.940000534057617,17.110000610351562,14231,0.0,0.0
2024-09-12 10:30:00-04:00,17.125,17.280000686645508,17.075000762939453,17.280000686645508,13951,0.0,0.0
2024-09-12 11:30:00-04:00,17.299999237060547,17.350000381469727,17.1299991607666,17.1299991607666,6131,0.0,0.0
2024-09-12 12:30:00-04:00,17.100000381469727,17.25,17.100000381469727,17.239999771118164,8614,0.0,0.0
2024-09-12 13:30:00-04:00,17.25,17.520000457763672,17.25,17.459999084472656,13424,0.0,0.0
2024-09-12 14:30:00-04:00,17.415000915527344,17.43000030517578,17.34000015258789,17.360000610351562,19234,0.0,0.0
2024-09-12 15:30:00-04:00,17.350000381469727,17.399999618530273,17.299999237060547,17.360000610351562,24280,0.0,0.0
2024-09-13 09:30:00-04:00,17.530000686645508,18.15999984741211,17.530000686645508,18.100000381469727,22699,0.0,0.0
2024-09-13 10:30:00-04:00,18.100000381469727,18.1299991607666,17.989999771118164,18.014999389648438,19256,0.0,0.0
2024-09-13 11:30:00-04:00,17.989999771118164,18.100000381469727,17.975000381469727,18.045000076293945,20327,0.0,0.0
2024-09-13 12:30:00-04:00,18.045000076293945,18.049999237060547,17.889999389648438,17.889999389648438,20602,0.0,0.0
2024-09-13 13:30:00-04:00,17.899999618530273,17.96500015258789,17.790000915527344,17.8700008392334,13091,0.0,0.0
2024-09-13 14:30:00-04:00,17.850000381469727,17.98710060119629,17.799999237060547,17.959999084472656,20236,0.0,0.0
2024-09-13 15:30:00-04:00,18.010000228881836,18.1299991607666,17.90999984741211,18.110000610351562,49748,0.0,0.0
2024-09-16 09:30:00-04:00,18.149999618530273,18.260000228881836,17.610000610351562,17.610000610351562,26614,0.0,0.0
2024-09-16 10:30:00-04:00,17.635000228881836,17.635000228881836,17.450000762939453,17.496999740600586,11675,0.0,0.0
2024-09-16 11:30:00-04:00,17.469999313354492,17.649999618530273,17.469999313354492,17.635000228881836,16548,0.0,0.0
2024-09-16 12:30:00-04:00,17.639999389648438,17.719900131225586,17.59040069580078,17.6299991607666,13515,0.0,0.0
2024-09-16 13:30:00-04:00,17.651899337768555,17.815000534057617,17.651899337768555,17.78499984741211,13692,0.0,0.0
2024-09-16 14:30:00-04:00,17.760000228881836,17.829999923706055,17.729999542236328,17.780000686645508,16149,0.0,0.0
2024-09-16 15:30:00-04:00,17.7450008392334,17.790000915527344,17.71500015258789,17.780000686645508,32721,0.0,0.0
2024-09-17 09:30:00-04:00,18.010000228881836,18.010000228881836,17.774999618530273,17.905000686645508,0,0.0,0.0
2024-09-17 10:30:00-04:00,17.899999618530273,18.05500030517578,17.809999465942383,18.020000457763672,55158,0.0,0.0
2024-09-17 11:30:00-04:00,18.010000228881836,18.059999465942383,17.850000381469727,17.90999984741211,36635,0.0,0.0
2024-09-17 12:30:00-04:00,17.90999984741211,17.90999984741211,17.6299991607666,17.739999771118164,26960,0.0,0.0
2024-09-17 13:30:00-04:00,17.739999771118164,17.924999237060547,17.670000076293945,17.924999237060547,72260,0.0,0.0
2024-09-17 14:30:00-04:00,17.889999389648438,18.030000686645508,17.84000015258789,18.030000686645508,27456,0.0,0.0
2024-09-17 15:30:00-04:00,18.010000228881836,18.020000457763672,17.8799991607666,17.8799991607666,41026,0.0,0.0
2024-09-18 09:30:00-04:00,17.969999313354492,18.010000228881836,17.729999542236328,17.764999389648438,11137,0.0,0.0
2024-09-18 10:30:00-04:00,17.775999069213867,17.915000915527344,17.719999313354492,17.790000915527344,7797,0.0,0.0
2024-09-18 11:30:00-04:00,17.790000915527344,17.809999465942383,17.700000762939453,17.700000762939453,6774,0.0,0.0
2024-09-18 12:30:00-04:00,17.700000762939453,17.790000915527344,17.649999618530273,17.770000457763672,8268,0.0,0.0
2024-09-18 13:30:00-04:00,17.799999237060547,18.479999542236328,17.75,18.479999542236328,22473,0.0,0.0
2024-09-18 14:30:00-04:00,18.475000381469727,18.719999313354492,18.010000228881836,18.1299991607666,31875,0.0,0.0
2024-09-18 15:30:00-04:00,18.1200008392334,18.1200008392334,17.829999923706055,17.969999313354492,32095,0.0,0.0
2024-09-19 09:30:00-04:00,18.40999984741211,18.420000076293945,18.049999237060547,18.290000915527344,18341,0.0,0.0
2024-09-19 10:30:00-04:00,18.385000228881836,18.4325008392334,18.229999542236328,18.329999923706055,14553,0.0,0.0
2024-09-19 11:30:00-04:00,18.31999969482422,18.413999557495117,18.260000228881836,18.413999557495117,7813,0.0,0.0
2024-09-19 12:30:00-04:00,18.413999557495117,18.540000915527344,18.413999557495117,18.479999542236328,12529,0.0,0.0
2024-09-19 13:30:00-04:00,18.450000762939453,18.4950008392334,18.334999084472656,18.3799991607666,9246,0.0,0.0
2024-09-19 14:30:00-04:00,18.389999389648438,18.450000762939453,18.290000915527344,18.290000915527344,12919,0.0,0.0
2024-09-19 15:30:00-04:00,18.290000915527344,18.420000076293945,18.280000686645508,18.350000381469727,27574,0.0,0.0
2024-09-20 09:30:00-04:00,18.190000534057617,18.190000534057617,18.030000686645508,18.170000076293945,41020,0.0,0.0
2024-09-20 10:30:00-04:00,18.135000228881836,18.209999084472656,18.045000076293945,18.209999084472656,15669,0.0,0.0
2024-09-20 11:30:00-04:00,18.209999084472656,18.350000381469727,18.1200008392334,18.342500686645508,6710,0.0,0.0
2024-09-20 12:30:00-04:00,18.31999969482422,18.3700008392334,18.309999465942383,18.360000610351562,5418,0.0,0.0
2024-09-20 13:30:00-04:00,18.315000534057617,18.344999313354492,18.295000076293945,18.309999465942383,7191,0.0,0.0
2024-09-20 14:30:00-04:00,18.290000915527344,18.290000915527344,18.190000534057617,18.239999771118164,10846,0.0,0.0
2024-09-20 15:30:00-04:00,18.25,18.5,18.2450008392334,18.489999771118164,73352,0.0,0.0
2024-09-23 09:30:00-04:00,18.450000762939453,18.450000762939453,18.040000915527344,18.049999237060547,14388,0.0,0.0
2024-09-23 10:30:00-04:00,18.05900001525879,18.100000381469727,17.950000762939453,18.035499572753906,11848,0.0,0.0
2024-09-23 11:30:00-04:00,18.020000457763672,18.065000534057617,17.93000030517578,17.950000762939453,9260,0.0,0.0
2024-09-23 12:30:00-04:00,17.96500015258789,18.079999923706055,17.96500015258789,18.079999923706055,7790,0.0,0.0
2024-09-23 13:30:00-04:00,18.100000381469727,18.1200008392334,17.969999313354492,17.989999771118164,10992,0.0,0.0
2024-09-23 14:30:00-04:00,17.989999771118164,18.0,17.920000076293945,17.950000762939453,12791,0.0,0.0
2024-09-23 15:30:00-04:00,17.969999313354492,18.010000228881836,17.93000030517578,17.969999313354492,24150,0.0,0.0
2024-09-24 09:30:00-04:00,18.030000686645508,18.15999984741211,18.030000686645508,18.030000686645508,13883,0.0,0.0
2024-09-24 10:30:00-04:00,17.989999771118164,18.15999984741211,17.899999618530273,18.134000778198242,13213,0.0,0.0
2024-09-24 11:30:00-04:00,18.094999313354492,18.094999313354492,18.0049991607666,18.030000686645508,8486,0.0,0.0
2024-09-24 12:30:00-04:00,18.020000457763672,18.149999618530273,18.020000457763672,18.139999389648438,10192,0.0,0.0
2024-09-24 13:30:00-04:00,18.1299991607666,18.1299991607666,18.040000915527344,18.045000076293945,8667,0.0,0.0
2024-09-24 14:30:00-04:00,18.040000915527344,18.079999923706055,17.959999084472656,18.06999969482422,14480,0.0,0.0
2024-09-24 15:30:00-04:00,18.079999923706055,18.09000015258789,17.969999313354492,17.989999771118164,26668,0.0,0.0
2024-09-25 09:30:00-04:00,17.989999771118164,17.989999771118164,17.850000381469727,17.934999465942383,7575,0.0,0.0
2024-09-25 10:30:00-04:00,17.940000534057617,17.959999084472656,17.84000015258789,17.844999313354492,7439,0.0,0.0
2024-09-25 11:30:00-04:00,17.844999313354492,17.854999542236328,17.760000228881836,17.770000457763672,13814,0.0,0.0
2024-09-25 12:30:00-04:00,17.764999389648438,17.770000457763672,17.649999618530273,17.649999618530273,10006,0.0,0.0
2024-09-25 13:30:00-04:00,17.65999984741211,17.78499984741211,17.649999618530273,17.75,10252,0.0,0.0
2024-09-25 14:30:00-04:00,17.729999542236328,17.84000015258789,17.690000534057617,17.829999923706055,19547,0.0,0.0
2024-09-25 15:30:00-04:00,17.834999084472656,17.834999084472656,17.670000076293945,17.68000030517578,33217,0.0,0.0
2024-09-26 09:30:00-04:00,17.93000030517578,18.200000762939453,17.920000076293945,17.989999771118164,10887,0.0,0.0
2024-09-26 10:30:00-04:00,17.95400047302246,18.094999313354492,17.95400047302246,18.084999084472656,8374,0.0,0.0
2024-09-26 11:30:00-04:00,18.100000381469727,18.200000762939453,18.09000015258789,18.200000762939453,6406,0.0,0.0
2024-09-26 12:30:00-04:00,18.149999618530273,18.260000228881836,18.094999313354492,18.094999313354492,6896,0.0,0.0
2024-09-26 13:30:00-04:00,18.139999389648438,18.18000030517578,18.139999389648438,18.139999389648438,4815,0.0,0.0
2024-09-26 14:30:00-04:00,18.1200008392334,18.170000076293945,18.094999313354492,18.110000610351562,8201,0.0,0.0
2024-09-26 15:30:00-04:00,18.079999923706055,18.079999923706055,18.020000457763672,18.030000686645508,18488,0.0,0.0
2024-09-27 09:30:00-04:00,18.31999969482422,18.496000289916992,18.209999084472656,18.496000289916992,14796,0.0,0.0
2024-09-27 10:30:00-04:00,18.469999313354492,18.709999084472656,18.469999313354492,18.639999389648438,5445,0.0,0.0
2024-09-27 11:30:00-04:00,18.670000076293945,18.670000076293945,18.420000076293945,18.420000076293945,4981,0.0,0.0
2024-09-27 12:30:00-04:00,18.399999618530273,18.399999618530273,18.25,18.299999237060547,6123,0.0,0.0
2024-09-27 13:30:00-04:00,18.299999237060547,18.3700008392334,18.139999389648438,18.139999389648438,29543,0.0,0.0
2024-09-27 14:30:00-04:00,18.114999771118164,18.25,18.104999542236328,18.110000610351562,12384,0.0,0.0
2024-09-27 15:30:00-04:00,18.079999923706055,18.219999313354492,18.06999969482422,18.139999389648438,32800,0.0,0.0
