Datetime,Open,High,Low,Close,Volume,Dividends,Stock Splits
2022-09-29 09:30:00-04:00,11.369999885559082,11.369999885559082,11.069999694824219,11.100000381469727,0,0.0,0.0
2022-09-29 10:30:00-04:00,11.079999923706055,11.079999923706055,10.960000038146973,10.960000038146973,2280,0.0,0.0
2022-09-29 11:30:00-04:00,10.914999961853027,11.020000457763672,10.890000343322754,10.9399995803833,7358,0.0,0.0
2022-09-29 12:30:00-04:00,10.930000305175781,10.9399995803833,10.84000015258789,10.890000343322754,5842,0.0,0.0
2022-09-29 13:30:00-04:00,10.920000076293945,10.920000076293945,10.880000114440918,10.90999984741211,4696,0.0,0.0
2022-09-29 14:30:00-04:00,10.890000343322754,10.890000343322754,10.760000228881836,10.880000114440918,10009,0.0,0.0
2022-09-29 15:30:00-04:00,10.890000343322754,11.0,10.890000343322754,10.949999809265137,8288,0.0,0.0
2022-09-30 09:30:00-04:00,10.979999542236328,10.979999542236328,10.680000305175781,10.704999923706055,9371,0.0,0.0
2022-09-30 10:30:00-04:00,10.680000305175781,10.800000190734863,10.625,10.699999809265137,24735,0.0,0.0
2022-09-30 11:30:00-04:00,10.710000038146973,10.725000381469727,10.5,10.59000015258789,18680,0.0,0.0
2022-09-30 12:30:00-04:00,10.649999618530273,10.84000015258789,10.649999618530273,10.789999961853027,7756,0.0,0.0
2022-09-30 13:30:00-04:00,10.838899612426758,10.859999656677246,10.739999771118164,10.739999771118164,4196,0.0,0.0
2022-09-30 14:30:00-04:00,10.760000228881836,10.770000457763672,10.680000305175781,10.699999809265137,7617,0.0,0.0
2022-09-30 15:30:00-04:00,10.720000267028809,10.8100004196167,10.720000267028809,10.770000457763672,14480,0.0,0.0
2022-10-03 09:30:00-04:00,10.970000267028809,11.289999961853027,10.79010009765625,11.289999961853027,9117,0.0,0.0
2022-10-03 10:30:00-04:00,11.210000038146973,11.319999694824219,11.180000305175781,11.20989990234375,5397,0.0,0.0
2022-10-03 11:30:00-04:00,11.260000228881836,11.289999961853027,11.210000038146973,11.289999961853027,2100,0.0,0.0
2022-10-03 12:30:00-04:00,11.289999961853027,11.329999923706055,11.239999771118164,11.329999923706055,15299,0.0,0.0
2022-10-03 13:30:00-04:00,11.3100004196167,11.430000305175781,11.3100004196167,11.350000381469727,8960,0.0,0.0
2022-10-03 14:30:00-04:00,11.390000343322754,11.4399995803833,11.34000015258789,11.380000114440918,7929,0.0,0.0
2022-10-03 15:30:00-04:00,11.350000381469727,11.350000381469727,11.229999542236328,11.260000228881836,8049,0.0,0.0
2022-10-04 09:30:00-04:00,11.460000038146973,11.779999732971191,11.270000457763672,11.6899995803833,5581,0.0,0.0
2022-10-04 10:30:00-04:00,11.670000076293945,11.720000267028809,11.619999885559082,11.720000267028809,2658,0.0,0.0
2022-10-04 11:30:00-04:00,11.699999809265137,11.699999809265137,11.550000190734863,11.5600004196167,7654,0.0,0.0
2022-10-04 12:30:00-04:00,11.569999694824219,11.569999694824219,11.279999732971191,11.279999732971191,5598,0.0,0.0
2022-10-04 13:30:00-04:00,11.289999961853027,11.307499885559082,11.1899995803833,11.1899995803833,12737,0.0,0.0
2022-10-04 14:30:00-04:00,11.180000305175781,11.258299827575684,11.170000076293945,11.25,9808,0.0,0.0
2022-10-04 15:30:00-04:00,11.229999542236328,11.3100004196167,11.210000038146973,11.3100004196167,19561,0.0,0.0
2022-10-05 09:30:00-04:00,11.109999656677246,11.149999618530273,10.930000305175781,10.930000305175781,5536,0.0,0.0
2022-10-05 10:30:00-04:00,10.939900398254395,10.939900398254395,10.845999717712402,10.899499893188477,2169,0.0,0.0
2022-10-05 11:30:00-04:00,10.850000381469727,10.850000381469727,10.800000190734863,10.800000190734863,3324,0.0,0.0
2022-10-05 12:30:00-04:00,10.829999923706055,10.829999923706055,10.75,10.75,3358,0.0,0.0
2022-10-05 13:30:00-04:00,10.75,10.818099975585938,10.739899635314941,10.818099975585938,3623,0.0,0.0
2022-10-05 14:30:00-04:00,10.789999961853027,10.789999961853027,10.699999809265137,10.732999801635742,3508,0.0,0.0
2022-10-05 15:30:00-04:00,10.729999542236328,10.729999542236328,10.619999885559082,10.649999618530273,6156,0.0,0.0
2022-10-06 09:30:00-04:00,10.609999656677246,10.779999732971191,10.5,10.5,5326,0.0,0.0
2022-10-06 10:30:00-04:00,10.5,10.600000381469727,10.420000076293945,10.539999961853027,13880,0.0,0.0
2022-10-06 11:30:00-04:00,10.53499984741211,10.550000190734863,10.5,10.520000457763672,2630,0.0,0.0
2022-10-06 12:30:00-04:00,10.516599655151367,10.550000190734863,10.5,10.550000190734863,5201,0.0,0.0
2022-10-06 13:30:00-04:00,10.569999694824219,10.649999618530273,10.529999732971191,10.529999732971191,5962,0.0,0.0
2022-10-06 14:30:00-04:00,10.550000190734863,10.550000190734863,10.449999809265137,10.539999961853027,9697,0.0,0.0
2022-10-06 15:30:00-04:00,10.550000190734863,10.550000190734863,10.430000305175781,10.479999542236328,13656,0.0,0.0
2022-10-07 09:30:00-04:00,10.569999694824219,10.789999961853027,10.5600004196167,10.600000381469727,7842,0.0,0.0
2022-10-07 10:30:00-04:00,10.609999656677246,10.609999656677246,10.5,10.5,2128,0.0,0.0
2022-10-07 11:30:00-04:00,10.510000228881836,10.510100364685059,10.449999809265137,10.449999809265137,6941,0.0,0.0
2022-10-07 12:30:00-04:00,10.4350004196167,10.439900398254395,10.399999618530273,10.399999618530273,3594,0.0,0.0
2022-10-07 13:30:00-04:00,10.416899681091309,10.460000038146973,10.416899681091309,10.420000076293945,2843,0.0,0.0
2022-10-07 14:30:00-04:00,10.430000305175781,10.430000305175781,10.300000190734863,10.300000190734863,5129,0.0,0.0
2022-10-07 15:30:00-04:00,10.329899787902832,10.329899787902832,10.260000228881836,10.279999732971191,8536,0.0,0.0
2022-10-10 09:30:00-04:00,10.449999809265137,10.5600004196167,10.314000129699707,10.5600004196167,4070,0.0,0.0
2022-10-10 10:30:00-04:00,10.555000305175781,10.555000305175781,10.430000305175781,10.430000305175781,2920,0.0,0.0
2022-10-10 11:30:00-04:00,10.40999984741211,10.419599533081055,10.350000381469727,10.419599533081055,2301,0.0,0.0
2022-10-10 12:30:00-04:00,10.3100004196167,10.319999694824219,10.225000381469727,10.273300170898438,2779,0.0,0.0
2022-10-10 13:30:00-04:00,10.289999961853027,10.403400421142578,10.289999961853027,10.403400421142578,5334,0.0,0.0
2022-10-10 14:30:00-04:00,10.380000114440918,10.40999984741211,10.369999885559082,10.40999984741211,1096,0.0,0.0
2022-10-10 15:30:00-04:00,10.399999618530273,10.489999771118164,10.399999618530273,10.479999542236328,7468,0.0,0.0
2022-10-11 09:30:00-04:00,10.479999542236328,10.614999771118164,10.479999542236328,10.614999771118164,2811,0.0,0.0
2022-10-11 10:30:00-04:00,10.65999984741211,10.84000015258789,10.65999984741211,10.812999725341797,1901,0.0,0.0
2022-10-11 11:30:00-04:00,10.8100004196167,10.9399995803833,10.809900283813477,10.859999656677246,5091,0.0,0.0
2022-10-11 12:30:00-04:00,10.789999961853027,10.819999694824219,10.760000228881836,10.819999694824219,1632,0.0,0.0
2022-10-11 13:30:00-04:00,10.812999725341797,10.812999725341797,10.760000228881836,10.760000228881836,1515,0.0,0.0
2022-10-11 14:30:00-04:00,10.760000228881836,10.760000228881836,10.609999656677246,10.699999809265137,5892,0.0,0.0
2022-10-11 15:30:00-04:00,10.6899995803833,10.819999694824219,10.670000076293945,10.699999809265137,9539,0.0,0.0
2022-10-12 09:30:00-04:00,10.649999618530273,10.649999618530273,10.510000228881836,10.510000228881836,1648,0.0,0.0
2022-10-12 10:30:00-04:00,10.663700103759766,10.670000076293945,10.630000114440918,10.640000343322754,938,0.0,0.0
2022-10-12 11:30:00-04:00,10.645000457763672,10.680000305175781,10.645000457763672,10.680000305175781,725,0.0,0.0
2022-10-12 12:30:00-04:00,10.724800109863281,10.724800109863281,10.699999809265137,10.699999809265137,960,0.0,0.0
2022-10-12 13:30:00-04:00,10.65999984741211,10.729999542236328,10.65999984741211,10.729999542236328,3556,0.0,0.0
2022-10-12 14:30:00-04:00,10.699999809265137,10.699999809265137,10.670000076293945,10.675000190734863,1903,0.0,0.0
2022-10-12 15:30:00-04:00,10.675000190734863,10.739999771118164,10.670000076293945,10.6899995803833,8494,0.0,0.0
2022-10-13 09:30:00-04:00,10.670000076293945,10.989999771118164,10.579999923706055,10.880000114440918,6629,0.0,0.0
2022-10-13 10:30:00-04:00,10.899999618530273,11.074999809265137,10.850000381469727,11.074999809265137,4512,0.0,0.0
2022-10-13 11:30:00-04:00,11.069999694824219,11.09000015258789,11.0,11.0600004196167,1912,0.0,0.0
2022-10-13 12:30:00-04:00,11.029999732971191,11.170000076293945,11.020000457763672,11.170000076293945,3794,0.0,0.0
2022-10-13 13:30:00-04:00,11.21500015258789,11.265000343322754,11.15999984741211,11.190899848937988,10512,0.0,0.0
2022-10-13 14:30:00-04:00,11.170000076293945,11.329999923706055,11.170000076293945,11.289999961853027,2819,0.0,0.0
2022-10-13 15:30:00-04:00,11.279999732971191,11.279999732971191,11.09000015258789,11.140000343322754,11199,0.0,0.0
2022-10-14 09:30:00-04:00,11.319999694824219,11.319999694824219,10.949999809265137,11.0,4285,0.0,0.0
2022-10-14 10:30:00-04:00,10.989999771118164,10.989999771118164,10.859999656677246,10.880000114440918,5857,0.0,0.0
2022-10-14 11:30:00-04:00,10.880000114440918,10.944999694824219,10.850000381469727,10.944999694824219,2277,0.0,0.0
2022-10-14 12:30:00-04:00,10.9399995803833,11.069999694824219,10.9399995803833,11.069999694824219,9003,0.0,0.0
2022-10-14 13:30:00-04:00,11.099699974060059,11.100099563598633,11.050000190734863,11.07349967956543,3280,0.0,0.0
2022-10-14 14:30:00-04:00,11.079999923706055,11.130000114440918,11.069999694824219,11.125,6837,0.0,0.0
2022-10-14 15:30:00-04:00,11.125,11.125,10.930000305175781,10.9399995803833,5620,0.0,0.0
2022-10-17 09:30:00-04:00,11.229999542236328,11.229999542236328,11.010000228881836,11.194999694824219,2582,0.0,0.0
2022-10-17 10:30:00-04:00,11.199999809265137,11.234999656677246,11.079999923706055,11.109999656677246,3663,0.0,0.0
2022-10-17 11:30:00-04:00,11.100000381469727,11.220000267028809,11.100000381469727,11.199999809265137,6781,0.0,0.0
2022-10-17 12:30:00-04:00,11.180000305175781,11.180000305175781,11.039999961853027,11.0600004196167,3279,0.0,0.0
2022-10-17 13:30:00-04:00,11.029999732971191,11.029999732971191,10.949999809265137,11.010000228881836,5981,0.0,0.0
2022-10-17 14:30:00-04:00,11.029999732971191,11.239999771118164,11.029999732971191,11.199999809265137,10216,0.0,0.0
2022-10-17 15:30:00-04:00,11.199999809265137,11.220000267028809,11.180000305175781,11.1899995803833,5854,0.0,0.0
2022-10-18 09:30:00-04:00,11.359999656677246,11.4350004196167,11.308799743652344,11.425000190734863,2569,0.0,0.0
2022-10-18 10:30:00-04:00,11.404999732971191,11.430000305175781,11.319999694824219,11.319999694824219,2376,0.0,0.0
2022-10-18 11:30:00-04:00,11.34000015258789,11.59000015258789,11.270000457763672,11.5649995803833,33200,0.0,0.0
2022-10-18 12:30:00-04:00,11.5600004196167,11.5600004196167,11.470000267028809,11.5,6637,0.0,0.0
2022-10-18 13:30:00-04:00,11.5,11.5,11.274999618530273,11.279999732971191,5680,0.0,0.0
2022-10-18 14:30:00-04:00,11.270000457763672,11.270000457763672,11.199999809265137,11.199999809265137,3942,0.0,0.0
2022-10-18 15:30:00-04:00,11.220000267028809,11.260000228881836,11.210000038146973,11.25,3762,0.0,0.0
2022-10-19 09:30:00-04:00,11.170000076293945,11.239999771118164,11.170000076293945,11.210000038146973,4156,0.0,0.0
2022-10-19 10:30:00-04:00,11.171299934387207,11.171299934387207,10.930000305175781,10.930000305175781,2226,0.0,0.0
2022-10-19 11:30:00-04:00,10.930000305175781,10.9399995803833,10.830699920654297,10.830699920654297,2278,0.0,0.0
2022-10-19 12:30:00-04:00,10.829999923706055,10.829999923706055,10.710000038146973,10.729999542236328,4265,0.0,0.0
2022-10-19 13:30:00-04:00,10.739999771118164,10.925700187683105,10.739999771118164,10.855500221252441,2668,0.0,0.0
2022-10-19 14:30:00-04:00,10.819999694824219,10.960000038146973,10.819999694824219,10.960000038146973,10020,0.0,0.0
2022-10-19 15:30:00-04:00,10.949999809265137,11.029999732971191,10.90999984741211,11.029999732971191,8078,0.0,0.0
2022-10-20 09:30:00-04:00,11.020000457763672,11.220000267028809,11.020000457763672,11.220000267028809,1638,0.0,0.0
2022-10-20 10:30:00-04:00,11.210000038146973,11.210000038146973,11.03499984741211,11.199999809265137,3579,0.0,0.0
2022-10-20 11:30:00-04:00,11.108599662780762,11.108599662780762,11.108599662780762,11.108599662780762,311,0.0,0.0
2022-10-20 12:30:00-04:00,11.0,11.015000343322754,10.920000076293945,10.949999809265137,7384,0.0,0.0
2022-10-20 13:30:00-04:00,10.994999885559082,11.014900207519531,10.930000305175781,10.930000305175781,3525,0.0,0.0
2022-10-20 14:30:00-04:00,10.954999923706055,10.954999923706055,10.800000190734863,10.800000190734863,15925,0.0,0.0
2022-10-20 15:30:00-04:00,10.84000015258789,10.899999618530273,10.800000190734863,10.854999542236328,18231,0.0,0.0
2022-10-21 09:30:00-04:00,11.020000457763672,11.291999816894531,10.880000114440918,11.0600004196167,3286,0.0,0.0
2022-10-21 10:30:00-04:00,11.010000228881836,11.0600004196167,11.0,11.0600004196167,3239,0.0,0.0
2022-10-21 11:30:00-04:00,11.010000228881836,11.119999885559082,11.0,11.119999885559082,2100,0.0,0.0
2022-10-21 12:30:00-04:00,11.22719955444336,11.265000343322754,11.208100318908691,11.210000038146973,1177,0.0,0.0
2022-10-21 13:30:00-04:00,11.109999656677246,11.135000228881836,11.079999923706055,11.109999656677246,2600,0.0,0.0
2022-10-21 14:30:00-04:00,11.079999923706055,11.279999732971191,11.050000190734863,11.270000457763672,7548,0.0,0.0
2022-10-21 15:30:00-04:00,11.289999961853027,11.289999961853027,11.149999618530273,11.15999984741211,6711,0.0,0.0
2022-10-24 09:30:00-04:00,11.260000228881836,11.274299621582031,11.0600004196167,11.274299621582031,2103,0.0,0.0
2022-10-24 10:30:00-04:00,11.229999542236328,11.28499984741211,11.170000076293945,11.170000076293945,8870,0.0,0.0
2022-10-24 11:30:00-04:00,11.140000343322754,11.1899995803833,11.140000343322754,11.17870044708252,610,0.0,0.0
2022-10-24 12:30:00-04:00,11.15999984741211,11.15999984741211,11.039999961853027,11.039999961853027,1576,0.0,0.0
2022-10-24 13:30:00-04:00,11.010000228881836,11.100000381469727,11.0,11.050000190734863,5653,0.0,0.0
2022-10-24 14:30:00-04:00,11.0600004196167,11.199999809265137,11.0600004196167,11.170000076293945,1739,0.0,0.0
2022-10-24 15:30:00-04:00,11.157099723815918,11.157099723815918,11.0600004196167,11.0600004196167,5718,0.0,0.0
2022-10-25 09:30:00-04:00,11.130000114440918,11.130000114440918,10.970000267028809,11.0600004196167,18311,0.0,0.0
2022-10-25 10:30:00-04:00,11.050000190734863,11.069899559020996,10.930000305175781,11.0600004196167,4569,0.0,0.0
2022-10-25 11:30:00-04:00,11.010000228881836,11.054100036621094,10.930000305175781,10.960000038146973,5249,0.0,0.0
2022-10-25 12:30:00-04:00,10.960000038146973,11.0,10.930000305175781,11.0,3868,0.0,0.0
2022-10-25 13:30:00-04:00,10.989999771118164,11.010000228881836,10.960000038146973,10.979999542236328,5366,0.0,0.0
2022-10-25 14:30:00-04:00,11.0,11.010000228881836,10.960000038146973,10.989999771118164,8061,0.0,0.0
2022-10-25 15:30:00-04:00,11.0,11.020000457763672,10.859999656677246,10.859999656677246,12063,0.0,0.0
2022-10-26 09:30:00-04:00,10.979999542236328,11.029999732971191,10.899999618530273,10.989999771118164,30877,0.0,0.0
2022-10-26 10:30:00-04:00,10.979999542236328,11.020000457763672,10.979999542236328,11.020000457763672,9788,0.0,0.0
2022-10-26 11:30:00-04:00,11.039999961853027,11.300000190734863,11.010000228881836,11.2746000289917,22156,0.0,0.0
2022-10-26 12:30:00-04:00,11.319999694824219,11.319999694824219,11.020000457763672,11.170000076293945,27058,0.0,0.0
2022-10-26 13:30:00-04:00,11.259900093078613,11.260000228881836,11.119999885559082,11.119999885559082,6711,0.0,0.0
2022-10-26 14:30:00-04:00,11.125,11.135499954223633,11.039999961853027,11.085000038146973,3955,0.0,0.0
2022-10-26 15:30:00-04:00,11.085000038146973,11.130000114440918,11.039999961853027,11.0600004196167,11476,0.0,0.0
2022-10-27 09:30:00-04:00,11.119999885559082,11.210000038146973,11.039999961853027,11.130000114440918,3752,0.0,0.0
2022-10-27 10:30:00-04:00,11.130000114440918,11.15999984741211,11.079999923706055,11.130000114440918,5322,0.0,0.0
2022-10-27 11:30:00-04:00,11.149999618530273,11.210000038146973,11.119999885559082,11.119999885559082,6953,0.0,0.0
2022-10-27 12:30:00-04:00,11.119999885559082,11.220000267028809,11.114999771118164,11.169699668884277,5830,0.0,0.0
2022-10-27 13:30:00-04:00,11.154999732971191,11.359999656677246,11.109999656677246,11.352999687194824,5760,0.0,0.0
2022-10-27 14:30:00-04:00,11.329999923706055,11.329999923706055,11.260000228881836,11.289999961853027,4310,0.0,0.0
2022-10-27 15:30:00-04:00,11.274999618530273,11.289999961853027,11.09000015258789,11.09000015258789,7315,0.0,0.0
2022-10-28 09:30:00-04:00,11.180000305175781,11.350000381469727,11.165499687194824,11.289999961853027,0,0.0,0.0
2022-10-28 10:30:00-04:00,11.329999923706055,11.399999618530273,11.329999923706055,11.399999618530273,1741,0.0,0.0
2022-10-28 11:30:00-04:00,11.460000038146973,11.529999732971191,11.460000038146973,11.529999732971191,3622,0.0,0.0
2022-10-28 12:30:00-04:00,11.60990047454834,11.6899995803833,11.550000190734863,11.59000015258789,9164,0.0,0.0
2022-10-28 13:30:00-04:00,11.59000015258789,11.614999771118164,11.550000190734863,11.569999694824219,6100,0.0,0.0
2022-10-28 14:30:00-04:00,11.5649995803833,11.65999984741211,11.545000076293945,11.609999656677246,7283,0.0,0.0
2022-10-28 15:30:00-04:00,11.649999618530273,11.710000038146973,11.529999732971191,11.609999656677246,18178,0.0,0.0
2022-10-31 09:30:00-04:00,11.630000114440918,11.677300453186035,11.3100004196167,11.390000343322754,11457,0.0,0.0
2022-10-31 10:30:00-04:00,11.350000381469727,11.375,11.319999694824219,11.324999809265137,3755,0.0,0.0
2022-10-31 11:30:00-04:00,11.3100004196167,11.399999618530273,11.300000190734863,11.354999542236328,7043,0.0,0.0
2022-10-31 12:30:00-04:00,11.354999542236328,11.359999656677246,11.32040023803711,11.32040023803711,3011,0.0,0.0
2022-10-31 13:30:00-04:00,11.340399742126465,11.460000038146973,11.340399742126465,11.454999923706055,7469,0.0,0.0
2022-10-31 14:30:00-04:00,11.420000076293945,11.550000190734863,11.380000114440918,11.430000305175781,9049,0.0,0.0
2022-10-31 15:30:00-04:00,11.4399995803833,11.539999961853027,11.4399995803833,11.510000228881836,15159,0.0,0.0
2022-11-01 09:30:00-04:00,11.550000190734863,11.694999694824219,11.550000190734863,11.694999694824219,4935,0.0,0.0
2022-11-01 10:30:00-04:00,11.720000267028809,11.859999656677246,11.710000038146973,11.760000228881836,7877,0.0,0.0
2022-11-01 11:30:00-04:00,11.795000076293945,12.020000457763672,11.795000076293945,12.020000457763672,3740,0.0,0.0
2022-11-01 12:30:00-04:00,11.989999771118164,12.069999694824219,11.9350004196167,12.029999732971191,7256,0.0,0.0
2022-11-01 13:30:00-04:00,12.03499984741211,12.03499984741211,11.770099639892578,11.920000076293945,13300,0.0,0.0
2022-11-01 14:30:00-04:00,11.885000228881836,11.944999694824219,11.789999961853027,11.899999618530273,7216,0.0,0.0
2022-11-01 15:30:00-04:00,11.885000228881836,11.979999542236328,11.850000381469727,11.979999542236328,15633,0.0,0.0
2022-11-02 09:30:00-04:00,11.989999771118164,11.989999771118164,11.75,11.781299591064453,4913,0.0,0.0
2022-11-02 10:30:00-04:00,11.725000381469727,11.84000015258789,11.704999923706055,11.779999732971191,7365,0.0,0.0
2022-11-02 11:30:00-04:00,11.720000267028809,11.729999542236328,11.649999618530273,11.670000076293945,2559,0.0,0.0
2022-11-02 12:30:00-04:00,11.680000305175781,11.720000267028809,11.600000381469727,11.600000381469727,4099,0.0,0.0
2022-11-02 13:30:00-04:00,11.569999694824219,11.930000305175781,11.5,11.899999618530273,7759,0.0,0.0
2022-11-02 14:30:00-04:00,11.864999771118164,11.890000343322754,11.470000267028809,11.470000267028809,7795,0.0,0.0
2022-11-02 15:30:00-04:00,11.449999809265137,11.532999992370605,11.430000305175781,11.449999809265137,10755,0.0,0.0
2022-11-03 09:30:00-04:00,11.34000015258789,11.34000015258789,11.279999732971191,11.34000015258789,1967,0.0,0.0
2022-11-03 10:30:00-04:00,11.427499771118164,11.427499771118164,11.34000015258789,11.399999618530273,1164,0.0,0.0
2022-11-03 11:30:00-04:00,11.40999984741211,11.460000038146973,11.40999984741211,11.430000305175781,1879,0.0,0.0
2022-11-03 12:30:00-04:00,11.40999984741211,11.420000076293945,11.399999618530273,11.399999618530273,1163,0.0,0.0
2022-11-03 13:30:00-04:00,11.390000343322754,11.40999984741211,11.390000343322754,11.40999984741211,935,0.0,0.0
2022-11-03 14:30:00-04:00,11.430000305175781,11.430000305175781,11.430000305175781,11.430000305175781,740,0.0,0.0
2022-11-03 15:30:00-04:00,11.444999694824219,11.579999923706055,11.430000305175781,11.5600004196167,13209,0.0,0.0
2022-11-04 09:30:00-04:00,11.630000114440918,11.927200317382812,11.579999923706055,11.779999732971191,7404,0.0,0.0
2022-11-04 10:30:00-04:00,11.720000267028809,11.770000457763672,11.630000114440918,11.630000114440918,2771,0.0,0.0
2022-11-04 11:30:00-04:00,11.630000114440918,11.630000114440918,11.399999618530273,11.550000190734863,4610,0.0,0.0
2022-11-04 12:30:00-04:00,11.491999626159668,11.593999862670898,11.460000038146973,11.564599990844727,3547,0.0,0.0
2022-11-04 13:30:00-04:00,11.59000015258789,11.59000015258789,11.449999809265137,11.569999694824219,5337,0.0,0.0
2022-11-04 14:30:00-04:00,11.529999732971191,11.6850004196167,11.529999732971191,11.670000076293945,4236,0.0,0.0
2022-11-04 15:30:00-04:00,11.649999618530273,11.65999984741211,11.5,11.550000190734863,15676,0.0,0.0
2022-11-07 09:30:00-05:00,11.59000015258789,11.739700317382812,11.539999961853027,11.539999961853027,5320,0.0,0.0
2022-11-07 10:30:00-05:00,11.505999565124512,11.619999885559082,11.449999809265137,11.619999885559082,1643,0.0,0.0
2022-11-07 11:30:00-05:00,11.59000015258789,11.675000190734863,11.579999923706055,11.619999885559082,5757,0.0,0.0
2022-11-07 12:30:00-05:00,11.634499549865723,11.6850004196167,11.567999839782715,11.670000076293945,4476,0.0,0.0
2022-11-07 13:30:00-05:00,11.671600341796875,11.78499984741211,11.65999984741211,11.78499984741211,4615,0.0,0.0
2022-11-07 14:30:00-05:00,11.859999656677246,11.859999656677246,11.779999732971191,11.84000015258789,3150,0.0,0.0
2022-11-07 15:30:00-05:00,11.789999961853027,11.789999961853027,11.739999771118164,11.779999732971191,7361,0.0,0.0
2022-11-08 09:30:00-05:00,11.779999732971191,11.850000381469727,11.779999732971191,11.800000190734863,2712,0.0,0.0
2022-11-08 10:30:00-05:00,11.899399757385254,11.960000038146973,11.859999656677246,11.949999809265137,6295,0.0,0.0
2022-11-08 11:30:00-05:00,11.949999809265137,11.979999542236328,11.885299682617188,11.885299682617188,2214,0.0,0.0
2022-11-08 12:30:00-05:00,11.829999923706055,11.850000381469727,11.739999771118164,11.760000228881836,2189,0.0,0.0
2022-11-08 13:30:00-05:00,11.630000114440918,11.630000114440918,11.479999542236328,11.479999542236328,10741,0.0,0.0
2022-11-08 14:30:00-05:00,11.449999809265137,11.579999923706055,11.449999809265137,11.569999694824219,3925,0.0,0.0
2022-11-08 15:30:00-05:00,11.609999656677246,11.635000228881836,11.595000267028809,11.600000381469727,4532,0.0,0.0
2022-11-09 09:30:00-05:00,11.479999542236328,11.90999984741211,11.479999542236328,11.880000114440918,15155,0.0,0.0
2022-11-09 10:30:00-05:00,11.854999542236328,11.96500015258789,11.829999923706055,11.960000038146973,4249,0.0,0.0
2022-11-09 11:30:00-05:00,11.949999809265137,12.050000190734863,11.949999809265137,12.010000228881836,5418,0.0,0.0
2022-11-09 12:30:00-05:00,12.019200325012207,12.029999732971191,11.899999618530273,11.9399995803833,4351,0.0,0.0
2022-11-09 13:30:00-05:00,11.890000343322754,11.890000343322754,11.710000038146973,11.819999694824219,10439,0.0,0.0
2022-11-09 14:30:00-05:00,11.8149995803833,11.8149995803833,11.6899995803833,11.729999542236328,2864,0.0,0.0
2022-11-09 15:30:00-05:00,11.6899995803833,11.739999771118164,11.630000114440918,11.729999542236328,15519,0.0,0.0
2022-11-10 09:30:00-05:00,11.869999885559082,12.093799591064453,11.800000190734863,11.8100004196167,8126,0.0,0.0
2022-11-10 10:30:00-05:00,11.789999961853027,11.979999542236328,11.770000457763672,11.9399995803833,23576,0.0,0.0
2022-11-10 11:30:00-05:00,11.9399995803833,12.0,11.8100004196167,11.8100004196167,10806,0.0,0.0
2022-11-10 12:30:00-05:00,11.789999961853027,11.789999961853027,11.609999656677246,11.720000267028809,9001,0.0,0.0
2022-11-10 13:30:00-05:00,11.76099967956543,11.885000228881836,11.76099967956543,11.885000228881836,2048,0.0,0.0
2022-11-10 14:30:00-05:00,11.885000228881836,11.899999618530273,11.859999656677246,11.899999618530273,3487,0.0,0.0
2022-11-10 15:30:00-05:00,11.899999618530273,11.925000190734863,11.859999656677246,11.890000343322754,8034,0.0,0.0
2022-11-11 09:30:00-05:00,11.9399995803833,11.949999809265137,11.710100173950195,11.800000190734863,12068,0.0,0.0
2022-11-11 10:30:00-05:00,11.800000190734863,11.949999809265137,11.799200057983398,11.90999984741211,13801,0.0,0.0
2022-11-11 11:30:00-05:00,11.890000343322754,11.909500122070312,11.779999732971191,11.800000190734863,8759,0.0,0.0
2022-11-11 12:30:00-05:00,11.854999542236328,11.854999542236328,11.680000305175781,11.680000305175781,7084,0.0,0.0
2022-11-11 13:30:00-05:00,11.670000076293945,11.717100143432617,11.579999923706055,11.580100059509277,11123,0.0,0.0
2022-11-11 14:30:00-05:00,11.59000015258789,11.59000015258789,11.489999771118164,11.489999771118164,12735,0.0,0.0
2022-11-11 15:30:00-05:00,11.489999771118164,11.550000190734863,11.479999542236328,11.539999961853027,21912,0.0,0.0
2022-11-14 09:30:00-05:00,11.600000381469727,11.6899995803833,11.529999732971191,11.529999732971191,11303,0.0,0.0
2022-11-14 10:30:00-05:00,11.600000381469727,11.710000038146973,11.600000381469727,11.6899995803833,3333,0.0,0.0
2022-11-14 11:30:00-05:00,11.662500381469727,11.779999732971191,11.6072998046875,11.774399757385254,11129,0.0,0.0
2022-11-14 12:30:00-05:00,11.819999694824219,11.859999656677246,11.739999771118164,11.85200023651123,4081,0.0,0.0
2022-11-14 13:30:00-05:00,11.800000190734863,11.800000190734863,11.670000076293945,11.6899995803833,7773,0.0,0.0
2022-11-14 14:30:00-05:00,11.699999809265137,11.699999809265137,11.550000190734863,11.595000267028809,6322,0.0,0.0
2022-11-14 15:30:00-05:00,11.600000381469727,11.625,11.489999771118164,11.489999771118164,4686,0.0,0.0
2022-11-15 09:30:00-05:00,11.59000015258789,11.680000305175781,11.390000343322754,11.600000381469727,21212,0.0,0.0
2022-11-15 10:30:00-05:00,11.600000381469727,11.602499961853027,11.550000190734863,11.550000190734863,4137,0.0,0.0
2022-11-15 11:30:00-05:00,11.5,11.597999572753906,11.454999923706055,11.513699531555176,7882,0.0,0.0
2022-11-15 12:30:00-05:00,11.539999961853027,11.5600004196167,11.5,11.520000457763672,26529,0.0,0.0
2022-11-15 13:30:00-05:00,11.505000114440918,11.680000305175781,11.489999771118164,11.680000305175781,6895,0.0,0.0
2022-11-15 14:30:00-05:00,11.640000343322754,11.699999809265137,11.640000343322754,11.6850004196167,3036,0.0,0.0
2022-11-15 15:30:00-05:00,11.680000305175781,11.710000038146973,11.630000114440918,11.65999984741211,9951,0.0,0.0
2022-11-16 09:30:00-05:00,11.600000381469727,11.65999984741211,11.579999923706055,11.60990047454834,0,0.0,0.0
2022-11-16 10:30:00-05:00,11.629599571228027,11.630000114440918,11.520000457763672,11.630000114440918,2164,0.0,0.0
2022-11-16 11:30:00-05:00,11.569999694824219,11.569999694824219,11.569999694824219,11.569999694824219,390,0.0,0.0
2022-11-16 12:30:00-05:00,11.59000015258789,11.680000305175781,11.59000015258789,11.680000305175781,1329,0.0,0.0
2022-11-16 13:30:00-05:00,11.710000038146973,11.71500015258789,11.670000076293945,11.680000305175781,2029,0.0,0.0
2022-11-16 14:30:00-05:00,11.680000305175781,11.78499984741211,11.680000305175781,11.720000267028809,7114,0.0,0.0
2022-11-16 15:30:00-05:00,11.725000381469727,11.725000381469727,11.569999694824219,11.640000343322754,8915,0.0,0.0
2022-11-17 09:30:00-05:00,11.5,11.5,11.34000015258789,11.390000343322754,9630,0.0,0.0
2022-11-17 10:30:00-05:00,11.452699661254883,11.529999732971191,11.420000076293945,11.510000228881836,6467,0.0,0.0
2022-11-17 11:30:00-05:00,11.50510025024414,11.6899995803833,11.470100402832031,11.59000015258789,19962,0.0,0.0
2022-11-17 12:30:00-05:00,11.59000015258789,11.850000381469727,11.59000015258789,11.8100004196167,11375,0.0,0.0
2022-11-17 13:30:00-05:00,11.779999732971191,12.0,11.779999732971191,11.789999961853027,18043,0.0,0.0
2022-11-17 14:30:00-05:00,11.75,11.75,11.699999809265137,11.699999809265137,11351,0.0,0.0
2022-11-17 15:30:00-05:00,11.699999809265137,11.920000076293945,11.699999809265137,11.869999885559082,12877,0.0,0.0
2022-11-18 09:30:00-05:00,11.0,11.048999786376953,10.225000381469727,10.229999542236328,50895,0.0,0.0
2022-11-18 10:30:00-05:00,10.239999771118164,10.239999771118164,9.859999656677246,9.925000190734863,30422,0.0,0.0
2022-11-18 11:30:00-05:00,9.925000190734863,10.329999923706055,9.925000190734863,10.3100004196167,26456,0.0,0.0
2022-11-18 12:30:00-05:00,10.350000381469727,10.545000076293945,10.199999809265137,10.545000076293945,36345,0.0,0.0
2022-11-18 13:30:00-05:00,10.550000190734863,10.609700202941895,10.310099601745605,10.345000267028809,13898,0.0,0.0
2022-11-18 14:30:00-05:00,10.319999694824219,10.358699798583984,10.25,10.25,6975,0.0,0.0
2022-11-18 15:30:00-05:00,10.25,10.40999984741211,10.170000076293945,10.319999694824219,28825,0.0,0.0
2022-11-21 09:30:00-05:00,10.15999984741211,10.260000228881836,10.15999984741211,10.199999809265137,8767,0.0,0.0
2022-11-21 10:30:00-05:00,10.180000305175781,10.225000381469727,10.15999984741211,10.15999984741211,5792,0.0,0.0
2022-11-21 11:30:00-05:00,10.15999984741211,10.1899995803833,10.020000457763672,10.149999618530273,9554,0.0,0.0
2022-11-21 12:30:00-05:00,10.114999771118164,10.25,10.114999771118164,10.234999656677246,3925,0.0,0.0
2022-11-21 13:30:00-05:00,10.220000267028809,10.239999771118164,10.130000114440918,10.130000114440918,7975,0.0,0.0
2022-11-21 14:30:00-05:00,10.15999984741211,10.15999984741211,10.020000457763672,10.020000457763672,10953,0.0,0.0
2022-11-21 15:30:00-05:00,10.04259967803955,10.069999694824219,10.0,10.010000228881836,20476,0.0,0.0
2022-11-22 09:30:00-05:00,10.0,10.34000015258789,10.0,10.34000015258789,98523,0.0,0.0
2022-11-22 10:30:00-05:00,10.390000343322754,10.430000305175781,10.34000015258789,10.399999618530273,17822,0.0,0.0
2022-11-22 11:30:00-05:00,10.364999771118164,10.600000381469727,10.270000457763672,10.545000076293945,13090,0.0,0.0
2022-11-22 12:30:00-05:00,10.539999961853027,10.710000038146973,10.539999961853027,10.63010025024414,7612,0.0,0.0
2022-11-22 13:30:00-05:00,10.630000114440918,10.680000305175781,10.600000381469727,10.640000343322754,8334,0.0,0.0
2022-11-22 14:30:00-05:00,10.630000114440918,10.65999984741211,10.520000457763672,10.545000076293945,10488,0.0,0.0
2022-11-22 15:30:00-05:00,10.520000457763672,10.520000457763672,10.420000076293945,10.420000076293945,19624,0.0,0.0
2022-11-23 09:30:00-05:00,10.460000038146973,10.460000038146973,10.3100004196167,10.369999885559082,3954,0.0,0.0
2022-11-23 10:30:00-05:00,10.388400077819824,10.399999618530273,10.329999923706055,10.345000267028809,1579,0.0,0.0
2022-11-23 11:30:00-05:00,10.353699684143066,10.353699684143066,10.25,10.25,2903,0.0,0.0
2022-11-23 12:30:00-05:00,10.265000343322754,10.283300399780273,10.25,10.270000457763672,3401,0.0,0.0
2022-11-23 13:30:00-05:00,10.300000190734863,10.369999885559082,10.25,10.369999885559082,4790,0.0,0.0
2022-11-23 14:30:00-05:00,10.329999923706055,10.329999923706055,10.246999740600586,10.246999740600586,2743,0.0,0.0
2022-11-23 15:30:00-05:00,10.265000343322754,10.305000305175781,10.265000343322754,10.300000190734863,3792,0.0,0.0
2022-11-25 09:30:00-05:00,10.25,10.25,10.079999923706055,10.140000343322754,12979,0.0,0.0
2022-11-25 10:30:00-05:00,10.25,10.390000343322754,10.25,10.3149995803833,1776,0.0,0.0
2022-11-25 11:30:00-05:00,10.3100004196167,10.329999923706055,10.239999771118164,10.3100004196167,2266,0.0,0.0
2022-11-28 09:30:00-05:00,10.300000190734863,10.34000015258789,10.149999618530273,10.149999618530273,4618,0.0,0.0
2022-11-28 10:30:00-05:00,10.135000228881836,10.229999542236328,10.135000228881836,10.229999542236328,3778,0.0,0.0
2022-11-28 11:30:00-05:00,10.244999885559082,10.329999923706055,10.244999885559082,10.300000190734863,2927,0.0,0.0
2022-11-28 12:30:00-05:00,10.34000015258789,10.354999542236328,10.289999961853027,10.300000190734863,3362,0.0,0.0
2022-11-28 13:30:00-05:00,10.3100004196167,10.32409954071045,10.3016996383667,10.319999694824219,2201,0.0,0.0
2022-11-28 14:30:00-05:00,10.319999694824219,10.369999885559082,10.3149995803833,10.369999885559082,2781,0.0,0.0
2022-11-28 15:30:00-05:00,10.364999771118164,10.4399995803833,10.329999923706055,10.329999923706055,13810,0.0,0.0
2022-11-29 09:30:00-05:00,10.40999984741211,10.40999984741211,10.250100135803223,10.274999618530273,0,0.0,0.0
2022-11-29 10:30:00-05:00,10.289999961853027,10.319899559020996,10.079999923706055,10.079999923706055,8438,0.0,0.0
2022-11-29 11:30:00-05:00,10.050000190734863,10.095600128173828,9.850000381469727,9.979999542236328,24631,0.0,0.0
2022-11-29 12:30:00-05:00,9.979999542236328,9.994999885559082,9.760000228881836,9.866000175476074,20157,0.0,0.0
2022-11-29 13:30:00-05:00,9.859999656677246,10.300000190734863,9.800000190734863,9.989999771118164,46645,0.0,0.0
2022-11-29 14:30:00-05:00,9.899999618530273,10.089799880981445,9.899999618530273,9.920000076293945,20197,0.0,0.0
2022-11-29 15:30:00-05:00,9.920000076293945,9.989999771118164,9.899999618530273,9.9399995803833,18725,0.0,0.0
2022-11-30 09:30:00-05:00,9.970000267028809,9.979999542236328,9.920000076293945,9.92300033569336,3500,0.0,0.0
2022-11-30 10:30:00-05:00,9.920000076293945,9.973099708557129,9.777999877929688,9.973099708557129,8498,0.0,0.0
2022-11-30 11:30:00-05:00,9.979399681091309,10.058600425720215,9.96500015258789,10.050000190734863,3501,0.0,0.0
2022-11-30 12:30:00-05:00,10.029999732971191,10.055000305175781,10.001199722290039,10.029999732971191,4622,0.0,0.0
2022-11-30 13:30:00-05:00,10.0600004196167,10.24899959564209,10.0600004196167,10.24899959564209,5308,0.0,0.0
2022-11-30 14:30:00-05:00,10.15999984741211,10.300000190734863,10.15999984741211,10.220000267028809,6194,0.0,0.0
2022-11-30 15:30:00-05:00,10.199999809265137,10.210000038146973,10.0600004196167,10.079999923706055,11053,0.0,0.0
2022-12-01 09:30:00-05:00,10.079999923706055,10.079999923706055,9.97700023651123,9.979999542236328,4967,0.0,0.0
2022-12-01 10:30:00-05:00,9.979999542236328,10.119999885559082,9.979999542236328,10.119999885559082,6552,0.0,0.0
2022-12-01 11:30:00-05:00,10.109999656677246,10.109999656677246,10.010000228881836,10.010000228881836,2502,0.0,0.0
2022-12-01 12:30:00-05:00,10.039999961853027,10.280599594116211,10.039999961853027,10.119999885559082,14409,0.0,0.0
2022-12-01 13:30:00-05:00,10.145000457763672,10.149999618530273,10.074999809265137,10.148200035095215,8343,0.0,0.0
2022-12-01 14:30:00-05:00,10.114999771118164,10.229999542236328,10.114999771118164,10.140000343322754,8421,0.0,0.0
2022-12-01 15:30:00-05:00,10.140000343322754,10.229999542236328,10.119999885559082,10.149999618530273,12017,0.0,0.0
2022-12-02 09:30:00-05:00,10.039999961853027,10.139300346374512,10.039999961853027,10.139300346374512,2170,0.0,0.0
2022-12-02 10:30:00-05:00,10.229999542236328,10.29990005493164,10.204000473022461,10.28849983215332,5626,0.0,0.0
2022-12-02 11:30:00-05:00,10.29990005493164,10.300000190734863,10.220000267028809,10.239999771118164,4648,0.0,0.0
2022-12-02 12:30:00-05:00,10.199999809265137,10.199999809265137,10.069999694824219,10.09000015258789,4813,0.0,0.0
2022-12-02 13:30:00-05:00,10.100000381469727,10.119999885559082,10.100000381469727,10.119999885559082,949,0.0,0.0
2022-12-02 14:30:00-05:00,10.12600040435791,10.180000305175781,10.093400001525879,10.109999656677246,5765,0.0,0.0
2022-12-02 15:30:00-05:00,10.079000473022461,10.09000015258789,10.020000457763672,10.050000190734863,22830,0.0,0.0
2022-12-05 09:30:00-05:00,10.0600004196167,10.170000076293945,10.050000190734863,10.170000076293945,5324,0.0,0.0
2022-12-05 10:30:00-05:00,10.070099830627441,10.119999885559082,10.020000457763672,10.039999961853027,5555,0.0,0.0
2022-12-05 11:30:00-05:00,10.039999961853027,10.100000381469727,10.029999732971191,10.09000015258789,2976,0.0,0.0
2022-12-05 12:30:00-05:00,10.079999923706055,10.109999656677246,9.949999809265137,9.960000038146973,7286,0.0,0.0
2022-12-05 13:30:00-05:00,9.9399995803833,9.949999809265137,9.869999885559082,9.869999885559082,7354,0.0,0.0
2022-12-05 14:30:00-05:00,9.829999923706055,9.880000114440918,9.8100004196167,9.850000381469727,4137,0.0,0.0
2022-12-05 15:30:00-05:00,9.819999694824219,9.850000381469727,9.6899995803833,9.710000038146973,66348,0.0,0.0
2022-12-06 09:30:00-05:00,9.75,9.99020004272461,9.720000267028809,9.880000114440918,7997,0.0,0.0
2022-12-06 10:30:00-05:00,9.869999885559082,9.960000038146973,9.800000190734863,9.84000015258789,3995,0.0,0.0
2022-12-06 11:30:00-05:00,9.859999656677246,9.890000343322754,9.84000015258789,9.84000015258789,3406,0.0,0.0
2022-12-06 12:30:00-05:00,9.800000190734863,9.800000190734863,9.770000457763672,9.78689956665039,2512,0.0,0.0
2022-12-06 13:30:00-05:00,9.773200035095215,9.869999885559082,9.773200035095215,9.829999923706055,18351,0.0,0.0
2022-12-06 14:30:00-05:00,9.824999809265137,9.859999656677246,9.65999984741211,9.65999984741211,34912,0.0,0.0
2022-12-06 15:30:00-05:00,9.670000076293945,9.670000076293945,9.609999656677246,9.640000343322754,21460,0.0,0.0
2022-12-07 09:30:00-05:00,9.789999961853027,9.897500038146973,9.682900428771973,9.699999809265137,8659,0.0,0.0
2022-12-07 10:30:00-05:00,9.670000076293945,9.899999618530273,9.619999885559082,9.850000381469727,7193,0.0,0.0
2022-12-07 11:30:00-05:00,9.8100004196167,9.8100004196167,9.680000305175781,9.75,7893,0.0,0.0
2022-12-07 12:30:00-05:00,9.710000038146973,9.760000228881836,9.699999809265137,9.739999771118164,3744,0.0,0.0
2022-12-07 13:30:00-05:00,9.800000190734863,9.8100004196167,9.65999984741211,9.667200088500977,6160,0.0,0.0
2022-12-07 14:30:00-05:00,9.675000190734863,9.739999771118164,9.619999885559082,9.625,12601,0.0,0.0
2022-12-07 15:30:00-05:00,9.625,9.640000343322754,9.5600004196167,9.569999694824219,14267,0.0,0.0
2022-12-08 09:30:00-05:00,9.699999809265137,9.699999809265137,9.600000381469727,9.609999656677246,3375,0.0,0.0
2022-12-08 10:30:00-05:00,9.699999809265137,9.8100004196167,9.699999809265137,9.777600288391113,4858,0.0,0.0
2022-12-08 11:30:00-05:00,9.729399681091309,9.729399681091309,9.729399681091309,9.729399681091309,1628,0.0,0.0
2022-12-08 12:30:00-05:00,9.837599754333496,9.850000381469727,9.729999542236328,9.78219985961914,9305,0.0,0.0
2022-12-08 13:30:00-05:00,9.765000343322754,9.895000457763672,9.765000343322754,9.895000457763672,3054,0.0,0.0
2022-12-08 14:30:00-05:00,9.90999984741211,9.9399995803833,9.84000015258789,9.859999656677246,5574,0.0,0.0
2022-12-08 15:30:00-05:00,9.869999885559082,9.869999885559082,9.770000457763672,9.819999694824219,6581,0.0,0.0
2022-12-09 09:30:00-05:00,9.829999923706055,9.829999923706055,9.675700187683105,9.729999542236328,2695,0.0,0.0
2022-12-09 10:30:00-05:00,9.760000228881836,9.760000228881836,9.680000305175781,9.680000305175781,4968,0.0,0.0
2022-12-09 11:30:00-05:00,9.65999984741211,9.65999984741211,9.609999656677246,9.609999656677246,1327,0.0,0.0
2022-12-09 12:30:00-05:00,9.630000114440918,9.699899673461914,9.619999885559082,9.685999870300293,7872,0.0,0.0
2022-12-09 13:30:00-05:00,9.664999961853027,9.739999771118164,9.640000343322754,9.710000038146973,3474,0.0,0.0
2022-12-09 14:30:00-05:00,9.729999542236328,9.75,9.696700096130371,9.696700096130371,2917,0.0,0.0
2022-12-09 15:30:00-05:00,9.654999732971191,9.654999732971191,9.609999656677246,9.630000114440918,3976,0.0,0.0
2022-12-12 09:30:00-05:00,9.619999885559082,9.670000076293945,9.539999961853027,9.579999923706055,4007,0.0,0.0
2022-12-12 10:30:00-05:00,9.569999694824219,9.630000114440918,9.529999732971191,9.550000190734863,2697,0.0,0.0
2022-12-12 11:30:00-05:00,9.539999961853027,9.75,9.529999732971191,9.65999984741211,19510,0.0,0.0
2022-12-12 12:30:00-05:00,9.630000114440918,9.720000267028809,9.630000114440918,9.6850004196167,2942,0.0,0.0
2022-12-12 13:30:00-05:00,9.649999618530273,9.729999542236328,9.649999618530273,9.729999542236328,2632,0.0,0.0
2022-12-12 14:30:00-05:00,9.739999771118164,9.789199829101562,9.718999862670898,9.779999732971191,2462,0.0,0.0
2022-12-12 15:30:00-05:00,9.779999732971191,9.779999732971191,9.630000114440918,9.710000038146973,8387,0.0,0.0
2022-12-13 09:30:00-05:00,9.880000114440918,9.937999725341797,9.699999809265137,9.699999809265137,8168,0.0,0.0
2022-12-13 10:30:00-05:00,9.699999809265137,9.789999961853027,9.699999809265137,9.729999542236328,3184,0.0,0.0
2022-12-13 11:30:00-05:00,9.76200008392334,9.779999732971191,9.6899995803833,9.6899995803833,1886,0.0,0.0
2022-12-13 12:30:00-05:00,9.65999984741211,9.6899995803833,9.65999984741211,9.6899995803833,1308,0.0,0.0
2022-12-13 13:30:00-05:00,9.734999656677246,9.779999732971191,9.699999809265137,9.720000267028809,3297,0.0,0.0
2022-12-13 14:30:00-05:00,9.71500015258789,9.789999961853027,9.699999809265137,9.760000228881836,4697,0.0,0.0
2022-12-13 15:30:00-05:00,9.75,9.779999732971191,9.649999618530273,9.710000038146973,35688,0.0,0.0
2022-12-14 09:30:00-05:00,9.710000038146973,9.746700286865234,9.585000038146973,9.585000038146973,9458,0.0,0.0
2022-12-14 10:30:00-05:00,9.630000114440918,9.75,9.571000099182129,9.720000267028809,8067,0.0,0.0
2022-12-14 11:30:00-05:00,9.720000267028809,9.770000457763672,9.699999809265137,9.734399795532227,7526,0.0,0.0
2022-12-14 12:30:00-05:00,9.739999771118164,9.779999732971191,9.710000038146973,9.710000038146973,4335,0.0,0.0
2022-12-14 13:30:00-05:00,9.71310043334961,9.734999656677246,9.449999809265137,9.550000190734863,28191,0.0,0.0
2022-12-14 14:30:00-05:00,9.550000190734863,9.5600004196167,9.449999809265137,9.449999809265137,12021,0.0,0.0
2022-12-14 15:30:00-05:00,9.430000305175781,9.470000267028809,9.359999656677246,9.380000114440918,15778,0.0,0.0
2022-12-15 09:30:00-05:00,9.350000381469727,9.489999771118164,9.300000190734863,9.300000190734863,12960,0.0,0.0
2022-12-15 10:30:00-05:00,9.289999961853027,9.289999961853027,9.180000305175781,9.180000305175781,4897,0.0,0.0
2022-12-15 11:30:00-05:00,9.170000076293945,9.220000267028809,9.119999885559082,9.1850004196167,3754,0.0,0.0
2022-12-15 12:30:00-05:00,9.210000038146973,9.239999771118164,9.104599952697754,9.104599952697754,6324,0.0,0.0
2022-12-15 13:30:00-05:00,9.114999771118164,9.1899995803833,9.100000381469727,9.15999984741211,7196,0.0,0.0
2022-12-15 14:30:00-05:00,9.170000076293945,9.25,9.170000076293945,9.220000267028809,4299,0.0,0.0
2022-12-15 15:30:00-05:00,9.234700202941895,9.234700202941895,9.069999694824219,9.09000015258789,14596,0.0,0.0
2022-12-16 09:30:00-05:00,9.050000190734863,9.050000190734863,8.943300247192383,8.975000381469727,21525,0.0,0.0
2022-12-16 10:30:00-05:00,8.960000038146973,9.033699989318848,8.949999809265137,9.015000343322754,6718,0.0,0.0
2022-12-16 11:30:00-05:00,8.979999542236328,9.0600004196167,8.979999542236328,9.0600004196167,3765,0.0,0.0
2022-12-16 12:30:00-05:00,9.0600004196167,9.079999923706055,9.015000343322754,9.031000137329102,5120,0.0,0.0
2022-12-16 13:30:00-05:00,9.029999732971191,9.085000038146973,9.01710033416748,9.085000038146973,3963,0.0,0.0
2022-12-16 14:30:00-05:00,9.09000015258789,9.194999694824219,9.0600004196167,9.0600004196167,8669,0.0,0.0
2022-12-16 15:30:00-05:00,9.079999923706055,9.09000015258789,8.989999771118164,9.0,35266,0.0,0.0
2022-12-19 09:30:00-05:00,9.010000228881836,9.3100004196167,9.010000228881836,9.270000457763672,12750,0.0,0.0
2022-12-19 10:30:00-05:00,9.286499977111816,9.34000015258789,9.239999771118164,9.255000114440918,3609,0.0,0.0
2022-12-19 11:30:00-05:00,9.279999732971191,9.329999923706055,9.239999771118164,9.31719970703125,3671,0.0,0.0
2022-12-19 12:30:00-05:00,9.289999961853027,9.289999961853027,9.215499877929688,9.234999656677246,13013,0.0,0.0
2022-12-19 13:30:00-05:00,9.239999771118164,9.3149995803833,9.234999656677246,9.305000305175781,8602,0.0,0.0
2022-12-19 14:30:00-05:00,9.270000457763672,9.300000190734863,9.239999771118164,9.274999618530273,5273,0.0,0.0
2022-12-19 15:30:00-05:00,9.274999618530273,9.28499984741211,9.1899995803833,9.25,26966,0.0,0.0
2022-12-20 09:30:00-05:00,9.289999961853027,9.430000305175781,9.210000038146973,9.260000228881836,24231,0.0,0.0
2022-12-20 10:30:00-05:00,9.3100004196167,9.350000381469727,9.208800315856934,9.229999542236328,5993,0.0,0.0
2022-12-20 11:30:00-05:00,9.229999542236328,9.359999656677246,9.210000038146973,9.329999923706055,3298,0.0,0.0
2022-12-20 12:30:00-05:00,9.270099639892578,9.303899765014648,9.270099639892578,9.28499984741211,2669,0.0,0.0
2022-12-20 13:30:00-05:00,9.329999923706055,9.359999656677246,9.329999923706055,9.335000038146973,2475,0.0,0.0
2022-12-20 14:30:00-05:00,9.319999694824219,9.319999694824219,9.260000228881836,9.270000457763672,4499,0.0,0.0
2022-12-20 15:30:00-05:00,9.28499984741211,9.329999923706055,9.220000267028809,9.25,11672,0.0,0.0
2022-12-21 09:30:00-05:00,9.279999732971191,9.430000305175781,9.229999542236328,9.279999732971191,3682,0.0,0.0
2022-12-21 10:30:00-05:00,9.300000190734863,9.350000381469727,9.279999732971191,9.279999732971191,17011,0.0,0.0
2022-12-21 11:30:00-05:00,9.28499984741211,9.28499984741211,9.170000076293945,9.1899995803833,12130,0.0,0.0
2022-12-21 12:30:00-05:00,9.1850004196167,9.1850004196167,8.968000411987305,9.024999618530273,22963,0.0,0.0
2022-12-21 13:30:00-05:00,9.050000190734863,9.128000259399414,8.979999542236328,9.100000381469727,13402,0.0,0.0
2022-12-21 14:30:00-05:00,9.069999694824219,9.1899995803833,9.039999961853027,9.180000305175781,4894,0.0,0.0
2022-12-21 15:30:00-05:00,9.15999984741211,9.1899995803833,9.140000343322754,9.1899995803833,9155,0.0,0.0
2022-12-22 09:30:00-05:00,9.149999618530273,9.149999618530273,9.029999732971191,9.029999732971191,19999,0.0,0.0
2022-12-22 10:30:00-05:00,9.069999694824219,9.140000343322754,9.039999961853027,9.069999694824219,12670,0.0,0.0
2022-12-22 11:30:00-05:00,9.109999656677246,9.154999732971191,9.03499984741211,9.03499984741211,4361,0.0,0.0
2022-12-22 12:30:00-05:00,9.029999732971191,9.050000190734863,9.0,9.050000190734863,5476,0.0,0.0
2022-12-22 13:30:00-05:00,9.029999732971191,9.100000381469727,9.029999732971191,9.042699813842773,3031,0.0,0.0
2022-12-22 14:30:00-05:00,9.050000190734863,9.050100326538086,9.024999618530273,9.030400276184082,12061,0.0,0.0
2022-12-22 15:30:00-05:00,9.039999961853027,9.079999923706055,9.039999961853027,9.069999694824219,13131,0.0,0.0
2022-12-23 09:30:00-05:00,9.069999694824219,9.1899995803833,9.050000190734863,9.110099792480469,9479,0.0,0.0
2022-12-23 10:30:00-05:00,9.119999885559082,9.170000076293945,9.055000305175781,9.130000114440918,8454,0.0,0.0
2022-12-23 11:30:00-05:00,9.130000114440918,9.220000267028809,9.119999885559082,9.210000038146973,5644,0.0,0.0
2022-12-23 12:30:00-05:00,9.210000038146973,9.270000457763672,9.1899995803833,9.20009994506836,6592,0.0,0.0
2022-12-23 13:30:00-05:00,9.210000038146973,9.3100004196167,9.1899995803833,9.3100004196167,13855,0.0,0.0
2022-12-23 14:30:00-05:00,9.364999771118164,9.375,9.270000457763672,9.270000457763672,8651,0.0,0.0
2022-12-23 15:30:00-05:00,9.260000228881836,9.260000228881836,9.029999732971191,9.050000190734863,36298,0.0,0.0
2022-12-27 09:30:00-05:00,9.100000381469727,9.234999656677246,9.100000381469727,9.234999656677246,5016,0.0,0.0
2022-12-27 10:30:00-05:00,9.270000457763672,9.274999618530273,9.170000076293945,9.240599632263184,8161,0.0,0.0
2022-12-27 11:30:00-05:00,9.220000267028809,9.319999694824219,9.220000267028809,9.270000457763672,7154,0.0,0.0
2022-12-27 12:30:00-05:00,9.25,9.34000015258789,9.199999809265137,9.310099601745605,4101,0.0,0.0
2022-12-27 13:30:00-05:00,9.34000015258789,9.369999885559082,9.239999771118164,9.239999771118164,5515,0.0,0.0
2022-12-27 14:30:00-05:00,9.239999771118164,9.295000076293945,9.222399711608887,9.255000114440918,3651,0.0,0.0
2022-12-27 15:30:00-05:00,9.25,9.289999961853027,9.210000038146973,9.260000228881836,11812,0.0,0.0
2022-12-28 09:30:00-05:00,9.329999923706055,9.329999923706055,9.20009994506836,9.229999542236328,0,0.0,0.0
2022-12-28 10:30:00-05:00,9.239999771118164,9.25,9.199999809265137,9.210000038146973,4878,0.0,0.0
2022-12-28 11:30:00-05:00,9.204999923706055,9.239999771118164,9.119999885559082,9.119999885559082,2483,0.0,0.0
2022-12-28 12:30:00-05:00,9.180000305175781,9.25,9.109999656677246,9.119999885559082,6181,0.0,0.0
2022-12-28 13:30:00-05:00,9.141799926757812,9.149999618530273,9.0,9.0,11713,0.0,0.0
2022-12-28 14:30:00-05:00,9.010000228881836,9.010000228881836,8.880000114440918,8.914999961853027,7789,0.0,0.0
2022-12-28 15:30:00-05:00,8.920000076293945,8.989899635314941,8.90999984741211,8.930000305175781,11246,0.0,0.0
2022-12-29 09:30:00-05:00,8.979999542236328,9.069000244140625,8.9350004196167,9.069000244140625,5403,0.0,0.0
2022-12-29 10:30:00-05:00,9.09000015258789,9.130000114440918,9.020000457763672,9.020000457763672,2632,0.0,0.0
2022-12-29 11:30:00-05:00,9.020000457763672,9.140000343322754,9.020000457763672,9.140000343322754,2714,0.0,0.0
2022-12-29 12:30:00-05:00,9.154999732971191,9.180100440979004,9.109999656677246,9.119999885559082,4486,0.0,0.0
2022-12-29 13:30:00-05:00,9.109999656677246,9.180000305175781,9.100000381469727,9.175000190734863,2812,0.0,0.0
2022-12-29 14:30:00-05:00,9.15999984741211,9.168000221252441,9.130000114440918,9.140000343322754,3244,0.0,0.0
2022-12-29 15:30:00-05:00,9.149999618530273,9.199999809265137,9.140000343322754,9.1899995803833,8466,0.0,0.0
2022-12-30 09:30:00-05:00,9.140000343322754,9.1899995803833,9.100000381469727,9.145000457763672,4452,0.0,0.0
2022-12-30 10:30:00-05:00,9.125,9.149999618530273,9.125,9.145000457763672,1456,0.0,0.0
2022-12-30 11:30:00-05:00,9.149999618530273,9.239999771118164,9.149999618530273,9.210000038146973,3147,0.0,0.0
2022-12-30 12:30:00-05:00,9.210000038146973,9.220000267028809,9.09000015258789,9.109999656677246,2972,0.0,0.0
2022-12-30 13:30:00-05:00,9.130000114440918,9.145000457763672,9.079999923706055,9.079999923706055,1608,0.0,0.0
2022-12-30 14:30:00-05:00,9.079999923706055,9.140000343322754,9.079999923706055,9.130000114440918,7406,0.0,0.0
2022-12-30 15:30:00-05:00,9.119999885559082,9.140000343322754,9.114999771118164,9.130000114440918,7348,0.0,0.0
2023-01-03 09:30:00-05:00,9.170000076293945,9.220000267028809,9.119999885559082,9.149999618530273,24761,0.0,0.0
2023-01-03 10:30:00-05:00,9.164999961853027,9.1899995803833,9.079999923706055,9.079999923706055,6527,0.0,0.0
2023-01-03 11:30:00-05:00,9.050000190734863,9.050000190734863,8.944999694824219,8.944999694824219,2897,0.0,0.0
2023-01-03 12:30:00-05:00,8.949999809265137,8.979999542236328,8.890000343322754,8.979999542236328,8474,0.0,0.0
2023-01-03 13:30:00-05:00,8.960000038146973,9.020000457763672,8.930000305175781,8.9399995803833,9758,0.0,0.0
2023-01-03 14:30:00-05:00,8.949999809265137,9.045000076293945,8.949999809265137,9.029999732971191,5264,0.0,0.0
2023-01-03 15:30:00-05:00,9.015000343322754,9.0600004196167,9.010000228881836,9.050000190734863,8717,0.0,0.0
2023-01-04 09:30:00-05:00,9.130000114440918,9.180000305175781,9.020099639892578,9.085000038146973,23018,0.0,0.0
2023-01-04 10:30:00-05:00,9.119999885559082,9.399999618530273,9.103400230407715,9.380000114440918,7917,0.0,0.0
2023-01-04 11:30:00-05:00,9.404999732971191,9.404999732971191,9.350000381469727,9.368499755859375,6971,0.0,0.0
2023-01-04 12:30:00-05:00,9.399999618530273,9.449999809265137,9.390000343322754,9.449999809265137,2233,0.0,0.0
2023-01-04 13:30:00-05:00,9.45009994506836,9.46500015258789,9.350000381469727,9.380000114440918,5161,0.0,0.0
2023-01-04 14:30:00-05:00,9.399999618530273,9.449999809265137,9.319999694824219,9.34000015258789,5900,0.0,0.0
2023-01-04 15:30:00-05:00,9.34000015258789,9.390000343322754,9.3100004196167,9.390000343322754,14990,0.0,0.0
2023-01-05 09:30:00-05:00,9.399999618530273,9.399999618530273,9.279999732971191,9.279999732971191,1199,0.0,0.0
2023-01-05 10:30:00-05:00,9.329999923706055,9.329999923706055,9.24269962310791,9.24269962310791,3193,0.0,0.0
2023-01-05 11:30:00-05:00,9.220000267028809,9.279999732971191,9.206700325012207,9.229999542236328,6102,0.0,0.0
2023-01-05 12:30:00-05:00,9.270000457763672,9.329999923706055,9.260000228881836,9.329999923706055,2132,0.0,0.0
2023-01-05 13:30:00-05:00,9.320099830627441,9.369999885559082,9.320099830627441,9.350000381469727,3353,0.0,0.0
2023-01-05 14:30:00-05:00,9.357000350952148,9.357000350952148,9.3100004196167,9.329999923706055,1851,0.0,0.0
2023-01-05 15:30:00-05:00,9.3100004196167,9.399999618530273,9.289999961853027,9.319999694824219,12466,0.0,0.0
2023-01-06 09:30:00-05:00,9.399999618530273,9.584400177001953,9.390000343322754,9.584400177001953,2559,0.0,0.0
2023-01-06 10:30:00-05:00,9.5649995803833,9.619999885559082,9.503999710083008,9.600000381469727,13336,0.0,0.0
2023-01-06 11:30:00-05:00,9.574999809265137,9.71500015258789,9.569999694824219,9.618000030517578,7426,0.0,0.0
2023-01-06 12:30:00-05:00,9.539999961853027,9.539999961853027,9.510000228881836,9.510000228881836,594,0.0,0.0
2023-01-06 13:30:00-05:00,9.524999618530273,9.680000305175781,9.524999618530273,9.65999984741211,8338,0.0,0.0
2023-01-06 14:30:00-05:00,9.670000076293945,9.734999656677246,9.640000343322754,9.710000038146973,9754,0.0,0.0
2023-01-06 15:30:00-05:00,9.720000267028809,9.720000267028809,9.609999656677246,9.630000114440918,12045,0.0,0.0
2023-01-09 09:30:00-05:00,9.699999809265137,9.699999809265137,9.5,9.589900016784668,5177,0.0,0.0
2023-01-09 10:30:00-05:00,9.5600004196167,9.5649995803833,9.511099815368652,9.529999732971191,2182,0.0,0.0
2023-01-09 11:30:00-05:00,9.539999961853027,9.600000381469727,9.512900352478027,9.569999694824219,7378,0.0,0.0
2023-01-09 12:30:00-05:00,9.654000282287598,9.654000282287598,9.579999923706055,9.579999923706055,3874,0.0,0.0
2023-01-09 13:30:00-05:00,9.619999885559082,9.699899673461914,9.529999732971191,9.612000465393066,3536,0.0,0.0
2023-01-09 14:30:00-05:00,9.639900207519531,9.639900207519531,9.510000228881836,9.529999732971191,3830,0.0,0.0
2023-01-09 15:30:00-05:00,9.539999961853027,9.539999961853027,9.5,9.510000228881836,4428,0.0,0.0
2023-01-10 09:30:00-05:00,9.539999961853027,9.59000015258789,9.52079963684082,9.550000190734863,2214,0.0,0.0
2023-01-10 10:30:00-05:00,9.529999732971191,9.720000267028809,9.489999771118164,9.710000038146973,4916,0.0,0.0
2023-01-10 11:30:00-05:00,9.712499618530273,9.819999694824219,9.712499618530273,9.800000190734863,3628,0.0,0.0
2023-01-10 12:30:00-05:00,9.8100004196167,9.859999656677246,9.709600448608398,9.734999656677246,3823,0.0,0.0
2023-01-10 13:30:00-05:00,9.716099739074707,9.729999542236328,9.569999694824219,9.569999694824219,6455,0.0,0.0
2023-01-10 14:30:00-05:00,9.569700241088867,9.614999771118164,9.520000457763672,9.614999771118164,6384,0.0,0.0
2023-01-10 15:30:00-05:00,9.600000381469727,9.6899995803833,9.600000381469727,9.65999984741211,5886,0.0,0.0
2023-01-11 09:30:00-05:00,9.720000267028809,9.890000343322754,9.670000076293945,9.699999809265137,9049,0.0,0.0
2023-01-11 10:30:00-05:00,9.6899995803833,9.739999771118164,9.640000343322754,9.720000267028809,1467,0.0,0.0
2023-01-11 11:30:00-05:00,9.739999771118164,9.84000015258789,9.6899995803833,9.779999732971191,7424,0.0,0.0
2023-01-11 12:30:00-05:00,9.8100004196167,9.880000114440918,9.800000190734863,9.8149995803833,3637,0.0,0.0
2023-01-11 13:30:00-05:00,9.8100004196167,9.930000305175781,9.809900283813477,9.880000114440918,4903,0.0,0.0
2023-01-11 14:30:00-05:00,9.854999542236328,9.9399995803833,9.850000381469727,9.90999984741211,2407,0.0,0.0
2023-01-11 15:30:00-05:00,9.904999732971191,9.90999984741211,9.854999542236328,9.880000114440918,7036,0.0,0.0
2023-01-12 09:30:00-05:00,9.890000343322754,9.970000267028809,9.850000381469727,9.9350004196167,0,0.0,0.0
2023-01-12 10:30:00-05:00,9.859999656677246,9.904999732971191,9.859999656677246,9.904999732971191,1846,0.0,0.0
2023-01-12 11:30:00-05:00,9.904999732971191,10.073200225830078,9.904999732971191,10.073200225830078,14605,0.0,0.0
2023-01-12 12:30:00-05:00,10.079999923706055,10.100000381469727,10.050000190734863,10.050000190734863,2434,0.0,0.0
2023-01-12 13:30:00-05:00,10.020000457763672,10.0600004196167,9.989999771118164,10.029999732971191,4041,0.0,0.0
2023-01-12 14:30:00-05:00,10.0,10.059900283813477,10.0,10.029999732971191,3244,0.0,0.0
2023-01-12 15:30:00-05:00,9.989999771118164,10.069999694824219,9.949999809265137,10.039999961853027,5541,0.0,0.0
2023-01-13 09:30:00-05:00,9.960000038146973,9.979999542236328,9.920000076293945,9.949999809265137,1554,0.0,0.0
2023-01-13 10:30:00-05:00,9.960000038146973,10.069999694824219,9.960000038146973,10.069999694824219,2611,0.0,0.0
2023-01-13 11:30:00-05:00,10.0600004196167,10.100000381469727,10.039999961853027,10.074999809265137,2651,0.0,0.0
2023-01-13 12:30:00-05:00,10.100000381469727,10.140000343322754,10.074199676513672,10.127900123596191,4452,0.0,0.0
2023-01-13 13:30:00-05:00,10.140000343322754,10.174500465393066,10.119999885559082,10.159899711608887,4351,0.0,0.0
2023-01-13 14:30:00-05:00,10.119999885559082,10.164999961853027,10.100000381469727,10.130000114440918,2603,0.0,0.0
2023-01-13 15:30:00-05:00,10.149999618530273,10.170000076293945,10.109999656677246,10.140000343322754,9037,0.0,0.0
2023-01-17 09:30:00-05:00,10.149999618530273,10.194999694824219,10.060500144958496,10.194999694824219,1703,0.0,0.0
2023-01-17 10:30:00-05:00,10.132699966430664,10.160400390625,10.119999885559082,10.160400390625,2945,0.0,0.0
2023-01-17 11:30:00-05:00,10.14799976348877,10.149399757385254,10.035099983215332,10.035099983215332,3539,0.0,0.0
2023-01-17 12:30:00-05:00,10.039299964904785,10.039299964904785,10.039299964904785,10.039299964904785,410,0.0,0.0
2023-01-17 13:30:00-05:00,10.045000076293945,10.0600004196167,9.989999771118164,9.989999771118164,1795,0.0,0.0
2023-01-17 14:30:00-05:00,10.0,10.029999732971191,10.0,10.021499633789062,2844,0.0,0.0
2023-01-17 15:30:00-05:00,10.020000457763672,10.050000190734863,9.979999542236328,10.010000228881836,6171,0.0,0.0
2023-01-18 09:30:00-05:00,10.029999732971191,10.0600004196167,9.845000267028809,9.880000114440918,54482,0.0,0.0
2023-01-18 10:30:00-05:00,9.850000381469727,9.879899978637695,9.65999984741211,9.69540023803711,6708,0.0,0.0
2023-01-18 11:30:00-05:00,9.65999984741211,9.760000228881836,9.569999694824219,9.664999961853027,9462,0.0,0.0
2023-01-18 12:30:00-05:00,9.587499618530273,9.630000114440918,9.510000228881836,9.630000114440918,7067,0.0,0.0
2023-01-18 13:30:00-05:00,9.65999984741211,9.670000076293945,9.529999732971191,9.529999732971191,10698,0.0,0.0
2023-01-18 14:30:00-05:00,9.520000457763672,9.54990005493164,9.460000038146973,9.479999542236328,20875,0.0,0.0
2023-01-18 15:30:00-05:00,9.479999542236328,9.489999771118164,9.430000305175781,9.430000305175781,23619,0.0,0.0
2023-01-19 09:30:00-05:00,9.460000038146973,9.609999656677246,9.460000038146973,9.609999656677246,0,0.0,0.0
2023-01-19 10:30:00-05:00,9.64780044555664,9.65999984741211,9.510000228881836,9.510000228881836,6426,0.0,0.0
2023-01-19 11:30:00-05:00,9.510000228881836,9.539999961853027,9.460000038146973,9.505000114440918,7206,0.0,0.0
2023-01-19 12:30:00-05:00,9.505000114440918,9.53950023651123,9.399999618530273,9.399999618530273,6850,0.0,0.0
2023-01-19 13:30:00-05:00,9.399999618530273,9.40999984741211,9.359999656677246,9.399999618530273,7263,0.0,0.0
2023-01-19 14:30:00-05:00,9.369999885559082,9.380000114440918,9.15999984741211,9.170000076293945,45985,0.0,0.0
2023-01-19 15:30:00-05:00,9.15999984741211,9.15999984741211,8.0,8.34000015258789,150639,0.0,0.0
2023-01-20 09:30:00-05:00,8.579999923706055,9.09000015258789,8.5600004196167,8.949999809265137,37185,0.0,0.0
2023-01-20 10:30:00-05:00,8.89680004119873,9.270000457763672,8.860099792480469,9.229999542236328,19546,0.0,0.0
2023-01-20 11:30:00-05:00,9.149999618530273,9.149999618530273,9.010000228881836,9.050000190734863,5327,0.0,0.0
2023-01-20 12:30:00-05:00,9.039999961853027,9.319999694824219,9.039999961853027,9.265000343322754,9962,0.0,0.0
2023-01-20 13:30:00-05:00,9.229999542236328,9.229999542236328,9.079999923706055,9.079999923706055,8828,0.0,0.0
2023-01-20 14:30:00-05:00,9.100000381469727,9.319999694824219,9.050000190734863,9.319999694824219,14592,0.0,0.0
2023-01-20 15:30:00-05:00,9.389900207519531,9.489999771118164,9.300000190734863,9.449999809265137,27408,0.0,0.0
2023-01-23 09:30:00-05:00,9.460000038146973,9.531999588012695,9.202199935913086,9.508700370788574,5338,0.0,0.0
2023-01-23 10:30:00-05:00,9.520000457763672,9.539999961853027,9.470000267028809,9.470000267028809,2394,0.0,0.0
2023-01-23 11:30:00-05:00,9.460000038146973,9.600000381469727,9.420000076293945,9.600000381469727,3823,0.0,0.0
2023-01-23 12:30:00-05:00,9.5600004196167,9.609999656677246,9.5600004196167,9.569999694824219,2210,0.0,0.0
2023-01-23 13:30:00-05:00,9.510000228881836,9.520000457763672,9.40999984741211,9.460000038146973,6542,0.0,0.0
2023-01-23 14:30:00-05:00,9.4399995803833,9.460000038146973,9.369999885559082,9.40999984741211,16213,0.0,0.0
2023-01-23 15:30:00-05:00,9.4399995803833,9.489999771118164,9.40999984741211,9.449999809265137,13033,0.0,0.0
2023-01-24 09:30:00-05:00,9.4399995803833,9.4399995803833,9.277199745178223,9.277199745178223,1778,0.0,0.0
2023-01-24 10:30:00-05:00,9.300000190734863,9.3100004196167,9.300000190734863,9.3100004196167,936,0.0,0.0
2023-01-24 11:30:00-05:00,9.25,9.289999961853027,9.229999542236328,9.244999885559082,5863,0.0,0.0
2023-01-24 12:30:00-05:00,9.25,9.260000228881836,9.229999542236328,9.25,4706,0.0,0.0
2023-01-24 13:30:00-05:00,9.279999732971191,9.350000381469727,9.25,9.300000190734863,8135,0.0,0.0
2023-01-24 14:30:00-05:00,9.295000076293945,9.34000015258789,9.270000457763672,9.300700187683105,13320,0.0,0.0
2023-01-24 15:30:00-05:00,9.329999923706055,9.460000038146973,9.329999923706055,9.350000381469727,15699,0.0,0.0
2023-01-25 09:30:00-05:00,9.4399995803833,9.4399995803833,9.279899597167969,9.319999694824219,3114,0.0,0.0
2023-01-25 10:30:00-05:00,9.300000190734863,9.300000190734863,9.260000228881836,9.295000076293945,570,0.0,0.0
2023-01-25 11:30:00-05:00,9.318400382995605,9.470000267028809,9.318400382995605,9.359999656677246,5237,0.0,0.0
2023-01-25 12:30:00-05:00,9.390000343322754,9.4399995803833,9.371800422668457,9.4399995803833,1886,0.0,0.0
2023-01-25 13:30:00-05:00,9.449999809265137,9.579999923706055,9.449999809265137,9.579999923706055,12647,0.0,0.0
2023-01-25 14:30:00-05:00,9.555000305175781,9.6899995803833,9.555000305175781,9.579999923706055,7687,0.0,0.0
2023-01-25 15:30:00-05:00,9.600000381469727,9.65999984741211,9.470000267028809,9.539999961853027,13412,0.0,0.0
2023-01-26 09:30:00-05:00,9.609999656677246,9.609999656677246,9.470000267028809,9.5600004196167,5253,0.0,0.0
2023-01-26 10:30:00-05:00,9.579999923706055,9.579999923706055,9.510000228881836,9.53499984741211,10743,0.0,0.0
2023-01-26 11:30:00-05:00,9.520000457763672,9.529999732971191,9.5,9.529999732971191,1571,0.0,0.0
2023-01-26 12:30:00-05:00,9.529999732971191,9.559000015258789,9.449999809265137,9.524999618530273,5754,0.0,0.0
2023-01-26 13:30:00-05:00,9.496000289916992,9.5600004196167,9.496000289916992,9.539999961853027,7487,0.0,0.0
2023-01-26 14:30:00-05:00,9.539999961853027,9.5600004196167,9.5,9.505000114440918,3334,0.0,0.0
2023-01-26 15:30:00-05:00,9.5,9.630000114440918,9.5,9.619999885559082,7363,0.0,0.0
2023-01-27 09:30:00-05:00,9.729999542236328,9.890000343322754,9.6899995803833,9.75,9118,0.0,0.0
2023-01-27 10:30:00-05:00,9.75,9.75,9.579999923706055,9.619999885559082,13033,0.0,0.0
2023-01-27 11:30:00-05:00,9.555000305175781,9.569999694824219,9.524999618530273,9.5600004196167,1310,0.0,0.0
2023-01-27 12:30:00-05:00,9.520000457763672,9.600000381469727,9.510000228881836,9.59000015258789,6101,0.0,0.0
2023-01-27 13:30:00-05:00,9.59000015258789,9.693699836730957,9.59000015258789,9.693699836730957,10831,0.0,0.0
2023-01-27 14:30:00-05:00,9.680000305175781,9.850000381469727,9.680000305175781,9.765000343322754,5621,0.0,0.0
2023-01-27 15:30:00-05:00,9.729999542236328,9.770000457763672,9.699999809265137,9.729999542236328,9794,0.0,0.0
2023-01-30 09:30:00-05:00,9.75,9.75,9.680000305175781,9.680000305175781,0,0.0,0.0
2023-01-30 10:30:00-05:00,9.710000038146973,9.800000190734863,9.600000381469727,9.625300407409668,8206,0.0,0.0
2023-01-30 11:30:00-05:00,9.673299789428711,9.729999542236328,9.619999885559082,9.619999885559082,7382,0.0,0.0
2023-01-30 12:30:00-05:00,9.619999885559082,9.779999732971191,9.600000381469727,9.704999923706055,6996,0.0,0.0
2023-01-30 13:30:00-05:00,9.699999809265137,9.746199607849121,9.579999923706055,9.619999885559082,11120,0.0,0.0
2023-01-30 14:30:00-05:00,9.619999885559082,9.625,9.510000228881836,9.529999732971191,7354,0.0,0.0
2023-01-30 15:30:00-05:00,9.59000015258789,9.640000343322754,9.5,9.529999732971191,9728,0.0,0.0
2023-01-31 09:30:00-05:00,9.5,9.679300308227539,9.5,9.600000381469727,0,0.0,0.0
2023-01-31 10:30:00-05:00,9.609999656677246,9.649999618530273,9.600000381469727,9.600199699401855,7255,0.0,0.0
2023-01-31 11:30:00-05:00,9.609999656677246,9.75,9.579999923706055,9.730999946594238,20960,0.0,0.0
2023-01-31 12:30:00-05:00,9.720000267028809,9.739999771118164,9.699999809265137,9.739999771118164,8244,0.0,0.0
2023-01-31 13:30:00-05:00,9.75,9.84000015258789,9.75,9.83899974822998,7714,0.0,0.0
2023-01-31 14:30:00-05:00,9.84000015258789,9.889800071716309,9.84000015258789,9.889800071716309,2409,0.0,0.0
2023-01-31 15:30:00-05:00,9.850000381469727,9.920000076293945,9.850000381469727,9.920000076293945,5953,0.0,0.0
2023-02-01 09:30:00-05:00,9.949999809265137,9.960000038146973,9.75,9.75,5571,0.0,0.0
2023-02-01 10:30:00-05:00,9.794899940490723,9.880000114440918,9.794899940490723,9.819999694824219,14087,0.0,0.0
2023-02-01 11:30:00-05:00,9.875,9.875,9.800000190734863,9.800000190734863,2386,0.0,0.0
2023-02-01 12:30:00-05:00,9.809900283813477,9.90999984741211,9.809900283813477,9.869999885559082,4757,0.0,0.0
2023-02-01 13:30:00-05:00,9.895000457763672,9.960000038146973,9.864999771118164,9.917400360107422,7242,0.0,0.0
2023-02-01 14:30:00-05:00,9.920000076293945,10.039999961853027,9.854999542236328,10.039999961853027,21866,0.0,0.0
2023-02-01 15:30:00-05:00,10.050000190734863,10.149999618530273,10.010000228881836,10.09000015258789,11244,0.0,0.0
2023-02-02 09:30:00-05:00,10.029999732971191,10.15999984741211,10.029999732971191,10.119999885559082,8023,0.0,0.0
2023-02-02 10:30:00-05:00,10.119999885559082,10.209099769592285,10.103300094604492,10.170000076293945,13523,0.0,0.0
2023-02-02 11:30:00-05:00,10.15999984741211,10.15999984741211,9.819999694824219,9.949999809265137,35245,0.0,0.0
2023-02-02 12:30:00-05:00,9.960000038146973,10.0,9.949999809265137,9.96500015258789,8448,0.0,0.0
2023-02-02 13:30:00-05:00,9.960000038146973,10.064200401306152,9.928400039672852,10.010000228881836,14286,0.0,0.0
2023-02-02 14:30:00-05:00,10.0,10.0,9.930000305175781,9.954999923706055,6802,0.0,0.0
2023-02-02 15:30:00-05:00,9.949999809265137,10.109999656677246,9.910099983215332,10.109999656677246,19008,0.0,0.0
2023-02-03 09:30:00-05:00,10.039999961853027,10.039999961853027,9.670000076293945,9.729999542236328,17027,0.0,0.0
2023-02-03 10:30:00-05:00,9.729999542236328,10.158300399780273,9.729999542236328,10.0,11117,0.0,0.0
2023-02-03 11:30:00-05:00,10.020000457763672,10.130000114440918,10.020000457763672,10.024999618530273,5153,0.0,0.0
2023-02-03 12:30:00-05:00,10.0,10.0,9.829999923706055,9.920000076293945,4194,0.0,0.0
2023-02-03 13:30:00-05:00,9.898099899291992,9.898099899291992,9.789999961853027,9.84000015258789,4060,0.0,0.0
2023-02-03 14:30:00-05:00,9.835000038146973,9.989999771118164,9.819999694824219,9.9399995803833,6572,0.0,0.0
2023-02-03 15:30:00-05:00,9.9399995803833,10.029999732971191,9.84000015258789,9.979999542236328,18913,0.0,0.0
2023-02-06 09:30:00-05:00,10.0,10.069999694824219,9.930100440979004,9.9399995803833,4971,0.0,0.0
2023-02-06 10:30:00-05:00,9.9399995803833,10.069999694824219,9.9399995803833,9.949999809265137,4272,0.0,0.0
2023-02-06 11:30:00-05:00,10.0,10.095000267028809,9.970000267028809,9.970000267028809,2411,0.0,0.0
2023-02-06 12:30:00-05:00,9.994999885559082,10.0600004196167,9.989999771118164,9.989999771118164,3202,0.0,0.0
2023-02-06 13:30:00-05:00,10.069999694824219,10.187999725341797,10.010000228881836,10.140399932861328,5194,0.0,0.0
2023-02-06 14:30:00-05:00,10.140000343322754,10.229999542236328,10.100000381469727,10.170000076293945,9329,0.0,0.0
2023-02-06 15:30:00-05:00,10.170000076293945,10.220000267028809,10.130000114440918,10.140000343322754,10645,0.0,0.0
2023-02-07 09:30:00-05:00,10.039999961853027,10.0649995803833,9.949999809265137,9.970000267028809,5192,0.0,0.0
2023-02-07 10:30:00-05:00,10.0,10.279999732971191,10.0,10.270000457763672,6355,0.0,0.0
2023-02-07 11:30:00-05:00,10.289999961853027,10.305000305175781,10.219799995422363,10.219799995422363,6359,0.0,0.0
2023-02-07 12:30:00-05:00,10.1899995803833,10.420000076293945,10.1899995803833,10.379899978637695,5502,0.0,0.0
2023-02-07 13:30:00-05:00,10.3100004196167,10.3100004196167,10.199999809265137,10.270000457763672,5224,0.0,0.0
2023-02-07 14:30:00-05:00,10.299300193786621,10.399999618530273,10.279999732971191,10.295000076293945,11309,0.0,0.0
2023-02-07 15:30:00-05:00,10.319999694824219,10.369999885559082,10.289999961853027,10.3100004196167,10863,0.0,0.0
2023-02-08 09:30:00-05:00,10.380000114440918,10.380000114440918,10.279999732971191,10.279999732971191,1756,0.0,0.0
2023-02-08 10:30:00-05:00,10.210000038146973,10.270000457763672,10.140000343322754,10.140000343322754,1563,0.0,0.0
2023-02-08 11:30:00-05:00,10.132800102233887,10.220000267028809,10.130000114440918,10.220000267028809,4364,0.0,0.0
2023-02-08 12:30:00-05:00,10.289999961853027,10.399999618530273,10.289999961853027,10.300000190734863,2767,0.0,0.0
2023-02-08 13:30:00-05:00,10.25,10.3100004196167,10.210000038146973,10.3100004196167,5805,0.0,0.0
2023-02-08 14:30:00-05:00,10.300000190734863,10.319999694824219,10.291899681091309,10.3100004196167,2858,0.0,0.0
2023-02-08 15:30:00-05:00,10.300000190734863,10.348600387573242,10.270000457763672,10.289999961853027,4361,0.0,0.0
2023-02-09 09:30:00-05:00,10.359999656677246,10.387999534606934,10.329999923706055,10.345000267028809,0,0.0,0.0
2023-02-09 10:30:00-05:00,10.359999656677246,10.369999885559082,10.329999923706055,10.369999885559082,3097,0.0,0.0
2023-02-09 11:30:00-05:00,10.34749984741211,10.428999900817871,10.34280014038086,10.428999900817871,11892,0.0,0.0
2023-02-09 12:30:00-05:00,10.375,10.393099784851074,10.329999923706055,10.393099784851074,2989,0.0,0.0
2023-02-09 13:30:00-05:00,10.329999923706055,10.383999824523926,10.329999923706055,10.34000015258789,3037,0.0,0.0
2023-02-09 14:30:00-05:00,10.350000381469727,10.373499870300293,10.300000190734863,10.319999694824219,3289,0.0,0.0
2023-02-09 15:30:00-05:00,10.332500457763672,10.383299827575684,10.332500457763672,10.359999656677246,5418,0.0,0.0
2023-02-10 09:30:00-05:00,10.289999961853027,10.329999923706055,10.1899995803833,10.1899995803833,4088,0.0,0.0
2023-02-10 10:30:00-05:00,10.1899995803833,10.28279972076416,10.140000343322754,10.270000457763672,5541,0.0,0.0
2023-02-10 11:30:00-05:00,10.279999732971191,10.300000190734863,10.220000267028809,10.28499984741211,3260,0.0,0.0
2023-02-10 12:30:00-05:00,10.300000190734863,10.359999656677246,10.300000190734863,10.300000190734863,2654,0.0,0.0
2023-02-10 13:30:00-05:00,10.279999732971191,10.324999809265137,10.267499923706055,10.324999809265137,1932,0.0,0.0
2023-02-10 14:30:00-05:00,10.359999656677246,10.359999656677246,10.28499984741211,10.303600311279297,3600,0.0,0.0
2023-02-10 15:30:00-05:00,10.3100004196167,10.359999656677246,10.270000457763672,10.270000457763672,5648,0.0,0.0
2023-02-13 09:30:00-05:00,10.3100004196167,10.356800079345703,10.139699935913086,10.140000343322754,5989,0.0,0.0
2023-02-13 10:30:00-05:00,10.100000381469727,10.100000381469727,10.024999618530273,10.024999618530273,1486,0.0,0.0
2023-02-13 11:30:00-05:00,10.020000457763672,10.135000228881836,9.989999771118164,10.135000228881836,7940,0.0,0.0
2023-02-13 12:30:00-05:00,10.149999618530273,10.15999984741211,10.069999694824219,10.09000015258789,3734,0.0,0.0
2023-02-13 13:30:00-05:00,10.100000381469727,10.140000343322754,10.0,10.010000228881836,4491,0.0,0.0
2023-02-13 14:30:00-05:00,10.010000228881836,10.035799980163574,10.0,10.029999732971191,3194,0.0,0.0
2023-02-13 15:30:00-05:00,9.994999885559082,10.055000305175781,9.984999656677246,10.029999732971191,6354,0.0,0.0
2023-02-14 09:30:00-05:00,9.960000038146973,10.024999618530273,9.930000305175781,10.024999618530273,2142,0.0,0.0
2023-02-14 10:30:00-05:00,10.024999618530273,10.069999694824219,9.970000267028809,10.069999694824219,4264,0.0,0.0
2023-02-14 11:30:00-05:00,10.039999961853027,10.059900283813477,10.0,10.059900283813477,2548,0.0,0.0
2023-02-14 12:30:00-05:00,10.034199714660645,10.09000015258789,10.034199714660645,10.09000015258789,1960,0.0,0.0
2023-02-14 13:30:00-05:00,10.09000015258789,10.09000015258789,10.010000228881836,10.0600004196167,1983,0.0,0.0
2023-02-14 14:30:00-05:00,10.069999694824219,10.130000114440918,10.039999961853027,10.104999542236328,3965,0.0,0.0
2023-02-14 15:30:00-05:00,10.104999542236328,10.104999542236328,10.010000228881836,10.010000228881836,5229,0.0,0.0
2023-02-15 09:30:00-05:00,9.9399995803833,9.975000381469727,9.904999732971191,9.920999526977539,688,0.0,0.0
2023-02-15 10:30:00-05:00,10.020000457763672,10.029999732971191,10.020000457763672,10.029999732971191,684,0.0,0.0
2023-02-15 11:30:00-05:00,10.0649995803833,10.138699531555176,10.039999961853027,10.138699531555176,2560,0.0,0.0
2023-02-15 12:30:00-05:00,10.130000114440918,10.15999984741211,10.119999885559082,10.119999885559082,663,0.0,0.0
2023-02-15 13:30:00-05:00,10.170000076293945,10.199999809265137,10.14009952545166,10.199199676513672,5701,0.0,0.0
2023-02-15 14:30:00-05:00,10.243200302124023,10.271300315856934,10.210000038146973,10.271300315856934,3103,0.0,0.0
2023-02-15 15:30:00-05:00,10.28219985961914,10.359999656677246,10.25,10.3100004196167,7078,0.0,0.0
2023-02-16 09:30:00-05:00,10.1899995803833,10.1899995803833,10.095000267028809,10.095000267028809,932,0.0,0.0
2023-02-16 10:30:00-05:00,10.14900016784668,10.210100173950195,10.14900016784668,10.199999809265137,716,0.0,0.0
2023-02-16 11:30:00-05:00,10.204999923706055,10.369999885559082,10.204999923706055,10.329999923706055,7252,0.0,0.0
2023-02-16 12:30:00-05:00,10.289999961853027,10.339900016784668,10.229999542236328,10.229999542236328,1549,0.0,0.0
2023-02-16 13:30:00-05:00,10.239999771118164,10.239999771118164,10.210000038146973,10.210000038146973,951,0.0,0.0
2023-02-16 14:30:00-05:00,10.210000038146973,10.350000381469727,10.204999923706055,10.3100004196167,2992,0.0,0.0
2023-02-16 15:30:00-05:00,10.295000076293945,10.295000076293945,10.069999694824219,10.15999984741211,7300,0.0,0.0
2023-02-17 09:30:00-05:00,10.220000267028809,10.220000267028809,10.125,10.15999984741211,3547,0.0,0.0
2023-02-17 10:30:00-05:00,10.150699615478516,10.170000076293945,10.140000343322754,10.170000076293945,414,0.0,0.0
2023-02-17 11:30:00-05:00,10.1899995803833,10.191399574279785,10.130000114440918,10.140000343322754,4205,0.0,0.0
2023-02-17 12:30:00-05:00,10.150099754333496,10.260000228881836,10.140000343322754,10.2475004196167,8910,0.0,0.0
2023-02-17 13:30:00-05:00,10.239999771118164,10.239999771118164,10.229999542236328,10.229999542236328,1021,0.0,0.0
2023-02-17 14:30:00-05:00,10.359999656677246,10.404999732971191,10.350000381469727,10.350000381469727,4320,0.0,0.0
2023-02-17 15:30:00-05:00,10.350000381469727,10.449999809265137,10.350000381469727,10.449999809265137,8175,0.0,0.0
2023-02-21 09:30:00-05:00,10.390000343322754,10.390000343322754,10.120100021362305,10.3016996383667,8314,0.0,0.0
2023-02-21 10:30:00-05:00,10.34000015258789,10.369999885559082,10.300000190734863,10.369999885559082,3081,0.0,0.0
2023-02-21 11:30:00-05:00,10.345000267028809,10.345000267028809,10.3149995803833,10.3149995803833,2813,0.0,0.0
2023-02-21 12:30:00-05:00,10.3100004196167,10.359999656677246,10.265600204467773,10.3100004196167,2897,0.0,0.0
2023-02-21 13:30:00-05:00,10.319999694824219,10.359999656677246,10.28849983215332,10.33899974822998,3592,0.0,0.0
2023-02-21 14:30:00-05:00,10.331500053405762,10.498200416564941,10.331500053405762,10.470000267028809,16992,0.0,0.0
2023-02-21 15:30:00-05:00,10.470000267028809,10.479999542236328,10.34000015258789,10.350000381469727,16457,0.0,0.0
2023-02-22 09:30:00-05:00,10.350000381469727,10.479999542236328,10.050000190734863,10.460000038146973,15463,0.0,0.0
2023-02-22 10:30:00-05:00,10.449999809265137,10.65999984741211,10.359999656677246,10.625,16843,0.0,0.0
2023-02-22 11:30:00-05:00,10.65999984741211,10.65999984741211,10.599599838256836,10.649999618530273,3183,0.0,0.0
2023-02-22 12:30:00-05:00,10.640000343322754,10.819999694824219,10.619199752807617,10.819999694824219,16096,0.0,0.0
2023-02-22 13:30:00-05:00,10.819999694824219,11.0600004196167,10.819999694824219,10.925000190734863,24603,0.0,0.0
2023-02-22 14:30:00-05:00,11.0,11.069999694824219,10.851400375366211,10.979999542236328,13134,0.0,0.0
2023-02-22 15:30:00-05:00,10.979999542236328,11.0,10.869999885559082,10.90999984741211,13189,0.0,0.0
2023-02-23 09:30:00-05:00,10.930000305175781,11.039999961853027,10.829999923706055,10.970000267028809,5226,0.0,0.0
2023-02-23 10:30:00-05:00,10.920000076293945,10.949999809265137,10.8100004196167,10.890000343322754,9519,0.0,0.0
2023-02-23 11:30:00-05:00,10.864999771118164,10.90999984741211,10.854999542236328,10.899999618530273,4763,0.0,0.0
2023-02-23 12:30:00-05:00,10.893699645996094,10.989999771118164,10.880000114440918,10.954999923706055,5133,0.0,0.0
2023-02-23 13:30:00-05:00,10.954999923706055,11.039999961853027,10.949999809265137,11.039999961853027,3817,0.0,0.0
2023-02-23 14:30:00-05:00,11.020000457763672,11.0600004196167,10.989999771118164,11.020000457763672,2243,0.0,0.0
2023-02-23 15:30:00-05:00,11.0,11.109999656677246,10.9399995803833,11.09000015258789,39104,0.0,0.0
2023-02-24 09:30:00-05:00,10.880000114440918,10.979999542236328,10.649999618530273,10.899999618530273,9650,0.0,0.0
2023-02-24 10:30:00-05:00,10.885000228881836,11.059700012207031,10.885000228881836,11.03499984741211,5154,0.0,0.0
2023-02-24 11:30:00-05:00,11.069999694824219,11.1899995803833,11.055000305175781,11.119999885559082,6825,0.0,0.0
2023-02-24 12:30:00-05:00,11.100000381469727,11.109999656677246,10.970000267028809,10.979999542236328,22393,0.0,0.0
2023-02-24 13:30:00-05:00,11.0,11.029999732971191,10.979999542236328,11.0,3663,0.0,0.0
2023-02-24 14:30:00-05:00,10.989999771118164,11.020000457763672,10.960000038146973,10.994999885559082,6208,0.0,0.0
2023-02-24 15:30:00-05:00,10.975000381469727,11.039999961853027,10.949999809265137,11.0,19577,0.0,0.0
2023-02-27 09:30:00-05:00,11.069999694824219,11.069999694824219,10.823399543762207,10.989899635314941,3061,0.0,0.0
2023-02-27 10:30:00-05:00,11.0,11.029999732971191,10.960000038146973,10.989999771118164,6210,0.0,0.0
2023-02-27 11:30:00-05:00,11.0,11.0,10.78499984741211,10.920000076293945,7790,0.0,0.0
2023-02-27 12:30:00-05:00,10.920000076293945,10.970000267028809,10.859999656677246,10.970000267028809,3863,0.0,0.0
2023-02-27 13:30:00-05:00,10.914999961853027,11.0600004196167,10.914999961853027,11.050000190734863,6043,0.0,0.0
2023-02-27 14:30:00-05:00,10.940099716186523,11.029999732971191,10.940099716186523,10.979999542236328,3262,0.0,0.0
2023-02-27 15:30:00-05:00,10.960000038146973,11.039999961853027,10.829999923706055,10.9399995803833,29354,0.0,0.0
2023-02-28 09:30:00-05:00,10.84000015258789,10.949999809265137,10.699999809265137,10.880000114440918,6570,0.0,0.0
2023-02-28 10:30:00-05:00,10.880000114440918,11.037400245666504,10.864999771118164,10.920000076293945,12789,0.0,0.0
2023-02-28 11:30:00-05:00,10.885000228881836,10.9350004196167,10.876199722290039,10.920000076293945,6586,0.0,0.0
2023-02-28 12:30:00-05:00,10.904999732971191,10.930000305175781,10.789999961853027,10.854999542236328,9766,0.0,0.0
2023-02-28 13:30:00-05:00,10.930000305175781,10.930000305175781,10.75,10.90999984741211,4517,0.0,0.0
2023-02-28 14:30:00-05:00,10.890000343322754,11.020000457763672,10.800000190734863,10.800000190734863,21784,0.0,0.0
2023-02-28 15:30:00-05:00,10.789999961853027,11.0600004196167,10.789999961853027,10.890000343322754,32252,0.0,0.0
2023-03-01 09:30:00-05:00,10.880000114440918,10.960000038146973,10.850000381469727,10.850000381469727,6098,0.0,0.0
2023-03-01 10:30:00-05:00,10.90999984741211,10.90999984741211,10.729999542236328,10.779999732971191,5577,0.0,0.0
2023-03-01 11:30:00-05:00,10.800000190734863,10.885000228881836,10.800000190734863,10.8100004196167,5023,0.0,0.0
2023-03-01 12:30:00-05:00,10.800100326538086,10.885000228881836,10.800100326538086,10.885000228881836,1343,0.0,0.0
2023-03-01 13:30:00-05:00,10.869999885559082,10.880000114440918,10.800000190734863,10.859999656677246,3044,0.0,0.0
2023-03-01 14:30:00-05:00,10.859999656677246,10.859999656677246,10.806400299072266,10.829999923706055,3654,0.0,0.0
2023-03-01 15:30:00-05:00,10.850000381469727,10.859999656677246,10.760000228881836,10.829999923706055,12107,0.0,0.0
2023-03-02 09:30:00-05:00,10.859999656677246,10.960000038146973,10.779999732971191,10.850000381469727,2091,0.0,0.0
2023-03-02 10:30:00-05:00,10.859999656677246,10.860199928283691,10.850000381469727,10.850000381469727,1767,0.0,0.0
2023-03-02 11:30:00-05:00,10.899999618530273,10.899999618530273,10.850000381469727,10.854999542236328,2464,0.0,0.0
2023-03-02 12:30:00-05:00,10.899999618530273,10.90999984741211,10.819999694824219,10.84000015258789,9569,0.0,0.0
2023-03-02 13:30:00-05:00,10.829999923706055,10.90999984741211,10.795000076293945,10.84000015258789,5725,0.0,0.0
2023-03-02 14:30:00-05:00,10.835000038146973,10.970000267028809,10.829999923706055,10.944999694824219,9620,0.0,0.0
2023-03-02 15:30:00-05:00,10.944999694824219,11.029999732971191,10.925000190734863,10.970000267028809,5668,0.0,0.0
2023-03-03 09:30:00-05:00,11.100000381469727,11.100000381469727,10.984999656677246,11.089900016784668,0,0.0,0.0
2023-03-03 10:30:00-05:00,11.040499687194824,11.040499687194824,10.869999885559082,10.930000305175781,7552,0.0,0.0
2023-03-03 11:30:00-05:00,10.930000305175781,10.979999542236328,10.892499923706055,10.970000267028809,2015,0.0,0.0
2023-03-03 12:30:00-05:00,10.970000267028809,11.0,10.970000267028809,11.0,900,0.0,0.0
2023-03-03 13:30:00-05:00,11.010000228881836,11.010000228881836,10.96500015258789,11.0,1118,0.0,0.0
2023-03-03 14:30:00-05:00,11.0,11.149999618530273,11.0,11.130000114440918,24198,0.0,0.0
2023-03-03 15:30:00-05:00,11.135000228881836,11.170000076293945,11.109999656677246,11.15999984741211,10026,0.0,0.0
2023-03-06 09:30:00-05:00,11.149999618530273,11.178799629211426,10.954999923706055,10.970000267028809,13293,0.0,0.0
2023-03-06 10:30:00-05:00,10.949999809265137,11.039999961853027,10.90999984741211,10.960000038146973,7238,0.0,0.0
2023-03-06 11:30:00-05:00,10.989999771118164,10.989999771118164,10.864999771118164,10.930000305175781,6640,0.0,0.0
2023-03-06 12:30:00-05:00,10.899999618530273,10.989999771118164,10.779999732971191,10.78499984741211,9428,0.0,0.0
2023-03-06 13:30:00-05:00,10.824999809265137,11.029999732971191,10.819999694824219,10.930000305175781,13342,0.0,0.0
2023-03-06 14:30:00-05:00,10.920000076293945,10.9399995803833,10.795000076293945,10.84000015258789,9679,0.0,0.0
2023-03-06 15:30:00-05:00,10.8149995803833,10.914999961853027,10.800000190734863,10.869999885559082,33641,0.0,0.0
2023-03-07 09:30:00-05:00,10.899999618530273,10.918100357055664,10.789999961853027,10.829999923706055,6974,0.0,0.0
2023-03-07 10:30:00-05:00,10.84000015258789,10.899999618530273,10.760000228881836,10.760000228881836,6811,0.0,0.0
2023-03-07 11:30:00-05:00,10.720000267028809,10.859999656677246,10.710000038146973,10.859999656677246,4946,0.0,0.0
2023-03-07 12:30:00-05:00,10.859999656677246,10.890299797058105,10.670000076293945,10.670000076293945,3996,0.0,0.0
2023-03-07 13:30:00-05:00,10.680000305175781,10.800000190734863,10.680000305175781,10.6899995803833,10115,0.0,0.0
2023-03-07 14:30:00-05:00,10.710000038146973,10.84000015258789,10.710000038146973,10.8100004196167,7139,0.0,0.0
2023-03-07 15:30:00-05:00,10.829999923706055,10.920000076293945,10.829999923706055,10.869999885559082,15054,0.0,0.0
2023-03-08 09:30:00-05:00,10.819999694824219,10.8572998046875,10.744999885559082,10.795000076293945,4322,0.0,0.0
2023-03-08 10:30:00-05:00,10.899999618530273,11.039999961853027,10.789999961853027,10.920000076293945,6571,0.0,0.0
2023-03-08 11:30:00-05:00,10.890000343322754,10.920000076293945,10.819999694824219,10.819999694824219,3328,0.0,0.0
2023-03-08 12:30:00-05:00,10.864999771118164,10.949999809265137,10.850000381469727,10.895000457763672,4345,0.0,0.0
2023-03-08 13:30:00-05:00,10.898699760437012,11.0,10.861000061035156,10.979999542236328,2376,0.0,0.0
2023-03-08 14:30:00-05:00,11.0,11.055000305175781,10.989999771118164,11.024999618530273,5573,0.0,0.0
2023-03-08 15:30:00-05:00,11.024999618530273,11.149999618530273,11.024999618530273,11.130000114440918,10414,0.0,0.0
2023-03-09 09:30:00-05:00,11.180000305175781,11.220000267028809,10.930000305175781,11.029999732971191,29070,0.0,0.0
2023-03-09 10:30:00-05:00,11.029999732971191,11.03499984741211,10.970000267028809,10.970000267028809,2860,0.0,0.0
2023-03-09 11:30:00-05:00,10.970000267028809,11.0600004196167,10.880000114440918,11.039999961853027,6462,0.0,0.0
2023-03-09 12:30:00-05:00,11.039999961853027,11.069999694824219,10.970000267028809,11.0600004196167,5509,0.0,0.0
2023-03-09 13:30:00-05:00,11.0600004196167,11.114999771118164,11.029999732971191,11.0600004196167,6369,0.0,0.0
2023-03-09 14:30:00-05:00,11.020000457763672,11.050000190734863,10.979999542236328,11.020000457763672,7142,0.0,0.0
2023-03-09 15:30:00-05:00,11.010000228881836,11.020000457763672,10.984999656677246,11.0,14284,0.0,0.0
2023-03-10 09:30:00-05:00,10.989999771118164,10.989999771118164,10.885000228881836,10.885000228881836,4858,0.0,0.0
2023-03-10 10:30:00-05:00,10.9350004196167,11.070599555969238,10.9350004196167,10.960000038146973,3413,0.0,0.0
2023-03-10 11:30:00-05:00,10.954999923706055,10.979999542236328,10.88010025024414,10.930000305175781,799,0.0,0.0
2023-03-10 12:30:00-05:00,10.920000076293945,10.920000076293945,10.824999809265137,10.850000381469727,3987,0.0,0.0
2023-03-10 13:30:00-05:00,10.869999885559082,10.899999618530273,10.770000457763672,10.845000267028809,6590,0.0,0.0
2023-03-10 14:30:00-05:00,10.781399726867676,10.970000267028809,10.781399726867676,10.90999984741211,11149,0.0,0.0
2023-03-10 15:30:00-05:00,10.930000305175781,11.039999961853027,10.880000114440918,11.0,16042,0.0,0.0
2023-03-13 09:30:00-04:00,10.84000015258789,10.92039966583252,10.670000076293945,10.694999694824219,30166,0.0,0.0
2023-03-13 10:30:00-04:00,10.729399681091309,10.729399681091309,10.5,10.524999618530273,7113,0.0,0.0
2023-03-13 11:30:00-04:00,10.524999618530273,10.529999732971191,10.399999618530273,10.529999732971191,4175,0.0,0.0
2023-03-13 12:30:00-04:00,10.449999809265137,10.489999771118164,10.430000305175781,10.449999809265137,3072,0.0,0.0
2023-03-13 13:30:00-04:00,10.40999984741211,10.550000190734863,10.40999984741211,10.479999542236328,10205,0.0,0.0
2023-03-13 14:30:00-04:00,10.479999542236328,10.517399787902832,10.420000076293945,10.444999694824219,4623,0.0,0.0
2023-03-13 15:30:00-04:00,10.4399995803833,10.479999542236328,10.40999984741211,10.449999809265137,18488,0.0,0.0
2023-03-14 09:30:00-04:00,10.649999618530273,10.800000190734863,10.529999732971191,10.649999618530273,33059,0.0,0.0
2023-03-14 10:30:00-04:00,10.600000381469727,10.640000343322754,10.510000228881836,10.574999809265137,2992,0.0,0.0
2023-03-14 11:30:00-04:00,10.550000190734863,10.600000381469727,10.5,10.5,2643,0.0,0.0
2023-03-14 12:30:00-04:00,10.460000038146973,10.510000228881836,10.449999809265137,10.449999809265137,15144,0.0,0.0
2023-03-14 13:30:00-04:00,10.449999809265137,10.449999809265137,10.369999885559082,10.420000076293945,6310,0.0,0.0
2023-03-14 14:30:00-04:00,10.417699813842773,10.420000076293945,10.369999885559082,10.420000076293945,4230,0.0,0.0
2023-03-14 15:30:00-04:00,10.449999809265137,10.520000457763672,10.420000076293945,10.510000228881836,21825,0.0,0.0
2023-03-15 09:30:00-04:00,10.319999694824219,10.40999984741211,10.223099708557129,10.380000114440918,11209,0.0,0.0
2023-03-15 10:30:00-04:00,10.40999984741211,10.510000228881836,10.40999984741211,10.479999542236328,1448,0.0,0.0
2023-03-15 11:30:00-04:00,10.520000457763672,10.614999771118164,10.470000267028809,10.585000038146973,3914,0.0,0.0
2023-03-15 12:30:00-04:00,10.576000213623047,10.640000343322754,10.539999961853027,10.640000343322754,4444,0.0,0.0
2023-03-15 13:30:00-04:00,10.619999885559082,10.720000267028809,10.619999885559082,10.720000267028809,1902,0.0,0.0
2023-03-15 14:30:00-04:00,10.75,10.800000190734863,10.673399925231934,10.800000190734863,6783,0.0,0.0
2023-03-15 15:30:00-04:00,10.800000190734863,10.84000015258789,10.739999771118164,10.8100004196167,7640,0.0,0.0
2023-03-16 09:30:00-04:00,10.720000267028809,10.8100004196167,10.630000114440918,10.640000343322754,4641,0.0,0.0
2023-03-16 10:30:00-04:00,10.6899995803833,10.869999885559082,10.6899995803833,10.800000190734863,10426,0.0,0.0
2023-03-16 11:30:00-04:00,10.75,10.789999961853027,10.699999809265137,10.75,6378,0.0,0.0
2023-03-16 12:30:00-04:00,10.75,10.789999961853027,10.729999542236328,10.789999961853027,1270,0.0,0.0
2023-03-16 13:30:00-04:00,10.75,10.854999542236328,10.75,10.854999542236328,4557,0.0,0.0
2023-03-16 14:30:00-04:00,10.869999885559082,10.9399995803833,10.864500045776367,10.913200378417969,15318,0.0,0.0
2023-03-16 15:30:00-04:00,10.899999618530273,10.904999732971191,10.78499984741211,10.819999694824219,11503,0.0,0.0
2023-03-17 09:30:00-04:00,10.819999694824219,10.819999694824219,10.65999984741211,10.710000038146973,15456,0.0,0.0
2023-03-17 10:30:00-04:00,10.734999656677246,10.760000228881836,10.710100173950195,10.729999542236328,6578,0.0,0.0
2023-03-17 11:30:00-04:00,10.739999771118164,10.829999923706055,10.720000267028809,10.744999885559082,4965,0.0,0.0
2023-03-17 12:30:00-04:00,10.770000457763672,10.805000305175781,10.760000228881836,10.770000457763672,3279,0.0,0.0
2023-03-17 13:30:00-04:00,10.75,10.81029987335205,10.739999771118164,10.81029987335205,3517,0.0,0.0
2023-03-17 14:30:00-04:00,10.760000228881836,10.930000305175781,10.760000228881836,10.84000015258789,9316,0.0,0.0
2023-03-17 15:30:00-04:00,10.819999694824219,10.84000015258789,10.770000457763672,10.770000457763672,8132,0.0,0.0
2023-03-20 09:30:00-04:00,10.890000343322754,11.029999732971191,10.770000457763672,11.029999732971191,40993,0.0,0.0
2023-03-20 10:30:00-04:00,11.050000190734863,11.119999885559082,11.020000457763672,11.100000381469727,3481,0.0,0.0
2023-03-20 11:30:00-04:00,11.09000015258789,11.09000015258789,10.979999542236328,10.979999542236328,7485,0.0,0.0
2023-03-20 12:30:00-04:00,11.029999732971191,11.069999694824219,10.989999771118164,11.069999694824219,1308,0.0,0.0
2023-03-20 13:30:00-04:00,11.039999961853027,11.039999961853027,10.954999923706055,11.0,3753,0.0,0.0
2023-03-20 14:30:00-04:00,11.010000228881836,11.100000381469727,10.960000038146973,11.100000381469727,5295,0.0,0.0
2023-03-20 15:30:00-04:00,11.0649995803833,11.100000381469727,11.020000457763672,11.039999961853027,10235,0.0,0.0
2023-03-21 09:30:00-04:00,11.15999984741211,11.210000038146973,11.074999809265137,11.130000114440918,36399,0.0,0.0
2023-03-21 10:30:00-04:00,11.119999885559082,11.25,11.119999885559082,11.149999618530273,23199,0.0,0.0
2023-03-21 11:30:00-04:00,11.15999984741211,11.15999984741211,11.002900123596191,11.002900123596191,5162,0.0,0.0
2023-03-21 12:30:00-04:00,11.0,11.020000457763672,10.920000076293945,10.930000305175781,3760,0.0,0.0
2023-03-21 13:30:00-04:00,10.95989990234375,11.0600004196167,10.954999923706055,11.039999961853027,3368,0.0,0.0
2023-03-21 14:30:00-04:00,11.010000228881836,11.180000305175781,11.010000228881836,11.180000305175781,3349,0.0,0.0
2023-03-21 15:30:00-04:00,11.119999885559082,11.199999809265137,11.0,11.010000228881836,22224,0.0,0.0
2023-03-22 09:30:00-04:00,11.029999732971191,11.149999618530273,10.954999923706055,11.119999885559082,17714,0.0,0.0
2023-03-22 10:30:00-04:00,11.100000381469727,11.140000343322754,11.069999694824219,11.079999923706055,6608,0.0,0.0
2023-03-22 11:30:00-04:00,11.079999923706055,11.079999923706055,11.079999923706055,11.079999923706055,286,0.0,0.0
2023-03-22 12:30:00-04:00,11.065500259399414,11.065500259399414,10.960000038146973,10.960000038146973,2549,0.0,0.0
2023-03-22 13:30:00-04:00,10.989999771118164,11.0600004196167,10.920000076293945,10.989999771118164,6193,0.0,0.0
2023-03-22 14:30:00-04:00,11.01099967956543,11.024999618530273,10.859999656677246,10.920000076293945,5572,0.0,0.0
2023-03-22 15:30:00-04:00,10.920000076293945,10.920000076293945,10.760000228881836,10.760000228881836,7141,0.0,0.0
2023-03-23 09:30:00-04:00,10.850000381469727,10.86989974975586,10.789999961853027,10.789999961853027,2234,0.0,0.0
2023-03-23 10:30:00-04:00,10.784899711608887,10.789999961853027,10.670000076293945,10.670000076293945,8117,0.0,0.0
2023-03-23 11:30:00-04:00,10.649999618530273,10.789999961853027,10.649999618530273,10.789999961853027,3653,0.0,0.0
2023-03-23 12:30:00-04:00,10.701000213623047,10.701000213623047,10.65999984741211,10.65999984741211,966,0.0,0.0
2023-03-23 13:30:00-04:00,10.630000114440918,10.670000076293945,10.625,10.649999618530273,1730,0.0,0.0
2023-03-23 14:30:00-04:00,10.630000114440918,10.6899995803833,10.585000038146973,10.636199951171875,4463,0.0,0.0
2023-03-23 15:30:00-04:00,10.649900436401367,10.6899995803833,10.59000015258789,10.640000343322754,8470,0.0,0.0
2023-03-24 09:30:00-04:00,10.600000381469727,10.630000114440918,10.600000381469727,10.630000114440918,1659,0.0,0.0
2023-03-24 10:30:00-04:00,10.621700286865234,10.719900131225586,10.621700286865234,10.649999618530273,3769,0.0,0.0
2023-03-24 11:30:00-04:00,10.65999984741211,10.779999732971191,10.630000114440918,10.779999732971191,1817,0.0,0.0
2023-03-24 12:30:00-04:00,10.8100004196167,10.880000114440918,10.8100004196167,10.84000015258789,3030,0.0,0.0
2023-03-24 13:30:00-04:00,10.819999694824219,10.819999694824219,10.819999694824219,10.819999694824219,189,0.0,0.0
2023-03-24 14:30:00-04:00,10.875,10.899999618530273,10.84000015258789,10.850000381469727,3489,0.0,0.0
2023-03-24 15:30:00-04:00,10.859999656677246,10.859999656677246,10.770000457763672,10.779999732971191,7054,0.0,0.0
2023-03-27 09:30:00-04:00,10.90999984741211,10.989999771118164,10.90999984741211,10.989999771118164,3381,0.0,0.0
2023-03-27 10:30:00-04:00,11.0,11.0,10.850000381469727,10.890000343322754,5432,0.0,0.0
2023-03-27 11:30:00-04:00,10.890000343322754,10.960000038146973,10.890000343322754,10.960000038146973,1133,0.0,0.0
2023-03-27 12:30:00-04:00,10.960000038146973,11.039999961853027,10.960000038146973,11.039999961853027,1796,0.0,0.0
2023-03-27 13:30:00-04:00,11.109999656677246,11.135000228881836,11.0600004196167,11.069999694824219,6559,0.0,0.0
2023-03-27 14:30:00-04:00,11.074999809265137,11.149999618530273,11.074999809265137,11.149999618530273,1621,0.0,0.0
2023-03-27 15:30:00-04:00,11.145000457763672,11.149999618530273,11.109999656677246,11.130000114440918,7542,0.0,0.0
2023-03-28 09:30:00-04:00,11.079999923706055,11.140000343322754,11.020000457763672,11.09000015258789,2129,0.0,0.0
2023-03-28 10:30:00-04:00,11.100000381469727,11.100000381469727,11.0600004196167,11.074999809265137,1439,0.0,0.0
2023-03-28 11:30:00-04:00,11.109999656677246,11.175000190734863,11.109999656677246,11.130000114440918,2149,0.0,0.0
2023-03-28 12:30:00-04:00,11.09000015258789,11.109999656677246,11.029999732971191,11.029999732971191,2144,0.0,0.0
2023-03-28 13:30:00-04:00,11.088899612426758,11.088899612426758,11.029999732971191,11.0693998336792,3629,0.0,0.0
2023-03-28 14:30:00-04:00,11.069999694824219,11.076199531555176,11.039999961853027,11.039999961853027,2627,0.0,0.0
2023-03-28 15:30:00-04:00,11.03499984741211,11.119999885559082,11.03499984741211,11.09000015258789,5043,0.0,0.0
2023-03-29 09:30:00-04:00,11.140000343322754,11.190400123596191,11.140000343322754,11.180000305175781,4214,0.0,0.0
2023-03-29 10:30:00-04:00,11.170000076293945,11.3100004196167,11.140000343322754,11.3100004196167,9388,0.0,0.0
2023-03-29 11:30:00-04:00,11.260000228881836,11.285699844360352,11.199999809265137,11.220000267028809,1575,0.0,0.0
2023-03-29 12:30:00-04:00,11.199999809265137,11.359999656677246,11.199999809265137,11.34000015258789,4530,0.0,0.0
2023-03-29 13:30:00-04:00,11.350000381469727,11.369999885559082,11.289999961853027,11.369999885559082,3487,0.0,0.0
2023-03-29 14:30:00-04:00,11.350000381469727,11.415399551391602,11.350000381469727,11.350000381469727,4228,0.0,0.0
2023-03-29 15:30:00-04:00,11.345000267028809,11.390000343322754,11.337499618530273,11.354999542236328,6353,0.0,0.0
2023-03-30 09:30:00-04:00,11.359999656677246,11.539999961853027,11.359999656677246,11.539899826049805,6914,0.0,0.0
2023-03-30 10:30:00-04:00,11.520000457763672,11.574999809265137,11.324999809265137,11.494999885559082,16809,0.0,0.0
2023-03-30 11:30:00-04:00,11.514800071716309,11.514800071716309,11.470000267028809,11.494999885559082,2438,0.0,0.0
2023-03-30 12:30:00-04:00,11.449999809265137,11.5,11.444999694824219,11.484999656677246,2917,0.0,0.0
2023-03-30 13:30:00-04:00,11.470000267028809,11.510000228881836,11.470000267028809,11.479999542236328,3386,0.0,0.0
2023-03-30 14:30:00-04:00,11.479999542236328,11.5,11.375,11.479999542236328,11619,0.0,0.0
2023-03-30 15:30:00-04:00,11.489999771118164,11.550000190734863,11.470000267028809,11.510000228881836,9562,0.0,0.0
2023-03-31 09:30:00-04:00,11.600000381469727,11.789999961853027,11.59000015258789,11.755000114440918,5731,0.0,0.0
2023-03-31 10:30:00-04:00,11.755000114440918,11.850000381469727,11.710200309753418,11.805000305175781,8022,0.0,0.0
2023-03-31 11:30:00-04:00,11.8100004196167,11.8100004196167,11.710000038146973,11.739999771118164,1901,0.0,0.0
2023-03-31 12:30:00-04:00,11.760000228881836,11.770000457763672,11.70009994506836,11.770000457763672,1885,0.0,0.0
2023-03-31 13:30:00-04:00,11.789999961853027,11.84000015258789,11.789999961853027,11.8100004196167,4473,0.0,0.0
2023-03-31 14:30:00-04:00,11.84000015258789,11.850000381469727,11.789999961853027,11.8149995803833,3373,0.0,0.0
2023-03-31 15:30:00-04:00,11.8100004196167,11.8149995803833,11.739999771118164,11.779999732971191,14513,0.0,0.0
2023-04-03 09:30:00-04:00,11.789999961853027,11.804100036621094,11.614999771118164,11.680000305175781,4578,0.0,0.0
2023-04-03 10:30:00-04:00,11.6899995803833,11.6899995803833,11.5,11.587900161743164,6839,0.0,0.0
2023-04-03 11:30:00-04:00,11.579999923706055,11.6899995803833,11.515000343322754,11.6899995803833,3998,0.0,0.0
2023-04-03 12:30:00-04:00,11.669899940490723,11.670000076293945,11.479999542236328,11.479999542236328,2753,0.0,0.0
2023-04-03 13:30:00-04:00,11.470000267028809,11.470000267028809,11.380000114440918,11.380000114440918,2159,0.0,0.0
2023-04-03 14:30:00-04:00,11.380000114440918,11.489999771118164,11.380000114440918,11.46500015258789,5414,0.0,0.0
2023-04-03 15:30:00-04:00,11.449999809265137,11.529999732971191,11.449999809265137,11.5,11736,0.0,0.0
2023-04-04 09:30:00-04:00,11.59000015258789,11.59000015258789,11.479999542236328,11.479999542236328,2642,0.0,0.0
2023-04-04 10:30:00-04:00,11.430000305175781,11.454999923706055,11.3100004196167,11.345000267028809,2324,0.0,0.0
2023-04-04 11:30:00-04:00,11.345000267028809,11.399999618530273,11.3100004196167,11.399999618530273,3892,0.0,0.0
2023-04-04 12:30:00-04:00,11.367899894714355,11.470000267028809,11.367899894714355,11.470000267028809,1471,0.0,0.0
2023-04-04 13:30:00-04:00,11.4350004196167,11.475000381469727,11.4350004196167,11.475000381469727,2386,0.0,0.0
2023-04-04 14:30:00-04:00,11.414999961853027,11.414999961853027,11.414999961853027,11.414999961853027,394,0.0,0.0
2023-04-04 15:30:00-04:00,11.414999961853027,11.414999961853027,11.350000381469727,11.390000343322754,3675,0.0,0.0
2023-04-05 09:30:00-04:00,11.260000228881836,11.399999618530273,11.119999885559082,11.119999885559082,38277,0.0,0.0
2023-04-05 10:30:00-04:00,11.09000015258789,11.100000381469727,11.005999565124512,11.005999565124512,2668,0.0,0.0
2023-04-05 11:30:00-04:00,11.010000228881836,11.069999694824219,11.010000228881836,11.062999725341797,2136,0.0,0.0
2023-04-05 12:30:00-04:00,10.989999771118164,10.996000289916992,10.960700035095215,10.960700035095215,1938,0.0,0.0
2023-04-05 13:30:00-04:00,10.960000038146973,10.975000381469727,10.930000305175781,10.9399995803833,2784,0.0,0.0
2023-04-05 14:30:00-04:00,10.930000305175781,10.9399995803833,10.90999984741211,10.930000305175781,3551,0.0,0.0
2023-04-05 15:30:00-04:00,10.949999809265137,11.0600004196167,10.930000305175781,11.0600004196167,8389,0.0,0.0
2023-04-06 09:30:00-04:00,11.029999732971191,11.029999732971191,10.84000015258789,10.850000381469727,1848,0.0,0.0
2023-04-06 10:30:00-04:00,11.0,11.0,10.829999923706055,10.875,2207,0.0,0.0
2023-04-06 11:30:00-04:00,10.875,11.029899597167969,10.875,10.984999656677246,2979,0.0,0.0
2023-04-06 12:30:00-04:00,11.039899826049805,11.09000015258789,11.010000228881836,11.09000015258789,2266,0.0,0.0
2023-04-06 13:30:00-04:00,11.005000114440918,11.005000114440918,11.0,11.0,676,0.0,0.0
2023-04-06 14:30:00-04:00,10.949999809265137,10.949999809265137,10.899999618530273,10.90999984741211,4146,0.0,0.0
2023-04-06 15:30:00-04:00,10.899999618530273,10.970000267028809,10.899999618530273,10.970000267028809,3224,0.0,0.0
2023-04-10 09:30:00-04:00,10.930000305175781,11.014300346374512,10.930000305175781,11.014300346374512,2297,0.0,0.0
2023-04-10 10:30:00-04:00,11.020000457763672,11.0600004196167,10.960000038146973,10.979999542236328,3441,0.0,0.0
2023-04-10 11:30:00-04:00,11.005000114440918,11.005000114440918,10.920000076293945,10.944999694824219,3004,0.0,0.0
2023-04-10 12:30:00-04:00,10.930000305175781,10.979999542236328,10.899999618530273,10.979999542236328,3240,0.0,0.0
2023-04-10 13:30:00-04:00,10.960100173950195,11.039999961853027,10.960100173950195,11.029999732971191,1601,0.0,0.0
2023-04-10 14:30:00-04:00,11.050000190734863,11.069999694824219,11.010000228881836,11.050000190734863,4415,0.0,0.0
2023-04-10 15:30:00-04:00,11.074999809265137,11.100000381469727,11.029999732971191,11.069999694824219,7042,0.0,0.0
2023-04-11 09:30:00-04:00,11.119999885559082,11.15999984741211,10.874699592590332,11.039999961853027,3203,0.0,0.0
2023-04-11 10:30:00-04:00,11.0600004196167,11.069999694824219,11.0600004196167,11.069999694824219,818,0.0,0.0
2023-04-11 11:30:00-04:00,11.15999984741211,11.220000267028809,11.15999984741211,11.220000267028809,914,0.0,0.0
2023-04-11 12:30:00-04:00,11.210000038146973,11.260000228881836,11.1899995803833,11.260000228881836,3191,0.0,0.0
2023-04-11 13:30:00-04:00,11.180800437927246,11.180800437927246,11.170000076293945,11.170000076293945,1431,0.0,0.0
2023-04-11 14:30:00-04:00,11.080100059509277,11.157600402832031,11.080100059509277,11.140000343322754,1579,0.0,0.0
2023-04-11 15:30:00-04:00,11.170000076293945,11.199999809265137,11.140000343322754,11.140000343322754,4201,0.0,0.0
2023-04-12 09:30:00-04:00,11.1899995803833,11.1899995803833,11.109999656677246,11.109999656677246,3388,0.0,0.0
2023-04-12 10:30:00-04:00,10.859999656677246,10.960000038146973,10.859999656677246,10.960000038146973,5946,0.0,0.0
2023-04-12 11:30:00-04:00,10.899999618530273,10.949999809265137,10.880000114440918,10.949999809265137,6225,0.0,0.0
2023-04-12 12:30:00-04:00,10.880000114440918,10.914999961853027,10.880000114440918,10.914999961853027,1616,0.0,0.0
2023-04-12 13:30:00-04:00,10.850000381469727,10.850000381469727,10.850000381469727,10.850000381469727,2389,0.0,0.0
2023-04-12 15:30:00-04:00,10.670000076293945,10.739999771118164,10.619999885559082,10.65999984741211,10205,0.0,0.0
2023-04-13 09:30:00-04:00,10.710000038146973,10.890000343322754,10.703700065612793,10.890000343322754,6280,0.0,0.0
2023-04-13 10:30:00-04:00,10.921600341796875,10.921600341796875,10.869999885559082,10.90999984741211,2844,0.0,0.0
2023-04-13 11:30:00-04:00,11.010000228881836,11.0600004196167,10.970000267028809,11.0600004196167,2518,0.0,0.0
2023-04-13 12:30:00-04:00,11.039999961853027,11.039999961853027,10.984999656677246,11.010000228881836,4942,0.0,0.0
2023-04-13 13:30:00-04:00,11.0,11.029999732971191,10.989999771118164,11.015000343322754,4243,0.0,0.0
2023-04-13 14:30:00-04:00,11.029999732971191,11.15999984741211,11.029999732971191,11.145000457763672,7930,0.0,0.0
2023-04-13 15:30:00-04:00,11.109999656677246,11.109999656677246,11.0,11.0,5681,0.0,0.0
2023-04-14 09:30:00-04:00,11.0,11.0,10.970000267028809,10.984999656677246,835,0.0,0.0
2023-04-14 10:30:00-04:00,11.0,11.010000228881836,10.850000381469727,11.010000228881836,6010,0.0,0.0
2023-04-14 11:30:00-04:00,10.984999656677246,11.020000457763672,10.966400146484375,11.010000228881836,2000,0.0,0.0
2023-04-14 12:30:00-04:00,11.0,11.0,10.920000076293945,11.0,7008,0.0,0.0
2023-04-14 13:30:00-04:00,11.0,11.0,10.970000267028809,11.0,2257,0.0,0.0
2023-04-14 14:30:00-04:00,10.979999542236328,11.0,10.954999923706055,10.979999542236328,3878,0.0,0.0
2023-04-14 15:30:00-04:00,10.979999542236328,11.020000457763672,10.954999923706055,11.020000457763672,5962,0.0,0.0
2023-04-17 09:30:00-04:00,10.90999984741211,11.079999923706055,10.90999984741211,11.079999923706055,3075,0.0,0.0
2023-04-17 10:30:00-04:00,10.975000381469727,10.975000381469727,10.975000381469727,10.975000381469727,216,0.0,0.0
2023-04-17 11:30:00-04:00,10.960000038146973,10.994999885559082,10.90999984741211,10.989999771118164,2183,0.0,0.0
2023-04-17 12:30:00-04:00,11.053600311279297,11.053600311279297,10.96500015258789,10.96500015258789,377,0.0,0.0
2023-04-17 13:30:00-04:00,10.969900131225586,10.969900131225586,10.829999923706055,10.829999923706055,3876,0.0,0.0
2023-04-17 14:30:00-04:00,10.970000267028809,11.029999732971191,10.899999618530273,11.000100135803223,4264,0.0,0.0
2023-04-17 15:30:00-04:00,10.944999694824219,11.050000190734863,10.944999694824219,11.050000190734863,5751,0.0,0.0
2023-04-18 09:30:00-04:00,11.079999923706055,11.079999923706055,10.970000267028809,11.020000457763672,1455,0.0,0.0
2023-04-18 10:30:00-04:00,10.920000076293945,10.925000190734863,10.890000343322754,10.890000343322754,2768,0.0,0.0
2023-04-18 11:30:00-04:00,10.899999618530273,10.899999618530273,10.859999656677246,10.869999885559082,3144,0.0,0.0
2023-04-18 12:30:00-04:00,10.859999656677246,10.859999656677246,10.789999961853027,10.8100004196167,3342,0.0,0.0
2023-04-18 13:30:00-04:00,10.817899703979492,10.829999923706055,10.800000190734863,10.824999809265137,3477,0.0,0.0
2023-04-18 14:30:00-04:00,10.819999694824219,10.90999984741211,10.800000190734863,10.859999656677246,5375,0.0,0.0
2023-04-18 15:30:00-04:00,10.859999656677246,10.90999984741211,10.800000190734863,10.8100004196167,8657,0.0,0.0
2023-04-19 09:30:00-04:00,10.800000190734863,11.053600311279297,10.670000076293945,10.789999961853027,1941,0.0,0.0
2023-04-19 10:30:00-04:00,10.6899995803833,10.729999542236328,10.6899995803833,10.729999542236328,497,0.0,0.0
2023-04-19 11:30:00-04:00,10.681500434875488,10.760000228881836,10.681500434875488,10.729999542236328,805,0.0,0.0
2023-04-19 12:30:00-04:00,10.739999771118164,10.779999732971191,10.65999984741211,10.694999694824219,8876,0.0,0.0
2023-04-19 13:30:00-04:00,10.694999694824219,10.720000267028809,10.619999885559082,10.619999885559082,2930,0.0,0.0
2023-04-19 14:30:00-04:00,10.595000267028809,10.609999656677246,10.57229995727539,10.59749984741211,2477,0.0,0.0
2023-04-19 15:30:00-04:00,10.595000267028809,10.635000228881836,10.5,10.5,7777,0.0,0.0
2023-04-20 09:30:00-04:00,10.5,10.5600004196167,10.5,10.5600004196167,1130,0.0,0.0
2023-04-20 10:30:00-04:00,10.569999694824219,10.649999618530273,10.523699760437012,10.649999618530273,2489,0.0,0.0
2023-04-20 11:30:00-04:00,10.704999923706055,10.770000457763672,10.698399543762207,10.729999542236328,1853,0.0,0.0
2023-04-20 12:30:00-04:00,10.729999542236328,10.739999771118164,10.6899995803833,10.739999771118164,1732,0.0,0.0
2023-04-20 13:30:00-04:00,10.739999771118164,10.74899959564209,10.6899995803833,10.71500015258789,1954,0.0,0.0
2023-04-20 14:30:00-04:00,10.739999771118164,10.774999618530273,10.71500015258789,10.774999618530273,5027,0.0,0.0
2023-04-20 15:30:00-04:00,10.739999771118164,10.795000076293945,10.630000114440918,10.670000076293945,9694,0.0,0.0
2023-04-21 09:30:00-04:00,10.789999961853027,11.039999961853027,10.765000343322754,11.029999732971191,6861,0.0,0.0
2023-04-21 10:30:00-04:00,11.050000190734863,11.055000305175781,10.970000267028809,11.039999961853027,5144,0.0,0.0
2023-04-21 11:30:00-04:00,11.050000190734863,11.140000343322754,11.050000190734863,11.09000015258789,4102,0.0,0.0
2023-04-21 12:30:00-04:00,11.104999542236328,11.104999542236328,11.039999961853027,11.039999961853027,935,0.0,0.0
2023-04-21 13:30:00-04:00,11.050000190734863,11.125,11.039999961853027,11.09000015258789,2345,0.0,0.0
2023-04-21 14:30:00-04:00,11.0600004196167,11.109999656677246,11.0600004196167,11.079999923706055,2008,0.0,0.0
2023-04-21 15:30:00-04:00,11.09000015258789,11.130000114440918,11.079999923706055,11.130000114440918,6574,0.0,0.0
2023-04-24 09:30:00-04:00,10.979999542236328,11.100000381469727,10.979999542236328,11.06149959564209,4354,0.0,0.0
2023-04-24 10:30:00-04:00,11.14210033416748,11.14210033416748,11.020000457763672,11.0649995803833,2827,0.0,0.0
2023-04-24 12:30:00-04:00,11.074999809265137,11.100000381469727,11.0600004196167,11.0600004196167,1673,0.0,0.0
2023-04-24 13:30:00-04:00,11.095000267028809,11.100000381469727,11.09000015258789,11.100000381469727,926,0.0,0.0
2023-04-24 14:30:00-04:00,11.135000228881836,11.149999618530273,11.130000114440918,11.130000114440918,1544,0.0,0.0
2023-04-24 15:30:00-04:00,11.145000457763672,11.180000305175781,11.130000114440918,11.130000114440918,2987,0.0,0.0
2023-04-25 09:30:00-04:00,11.15999984741211,11.1899995803833,11.149999618530273,11.149999618530273,0,0.0,0.0
2023-04-25 10:30:00-04:00,11.25,11.383399963378906,11.25,11.383399963378906,4471,0.0,0.0
2023-04-25 11:30:00-04:00,11.350000381469727,11.393600463867188,11.244999885559082,11.244999885559082,0,0.0,0.0
2023-04-25 12:30:00-04:00,11.239999771118164,11.239999771118164,11.170000076293945,11.170000076293945,12329,0.0,0.0
2023-04-25 13:30:00-04:00,11.23169994354248,11.239999771118164,11.09000015258789,11.09000015258789,7444,0.0,0.0
2023-04-25 14:30:00-04:00,11.069999694824219,11.109999656677246,11.0600004196167,11.0600004196167,10685,0.0,0.0
2023-04-25 15:30:00-04:00,11.050000190734863,11.1850004196167,11.010000228881836,11.079999923706055,17579,0.0,0.0
2023-04-26 09:30:00-04:00,10.970000267028809,11.022600173950195,10.949999809265137,10.970000267028809,1836,0.0,0.0
2023-04-26 10:30:00-04:00,11.0,11.130000114440918,10.97130012512207,11.114999771118164,2516,0.0,0.0
2023-04-26 11:30:00-04:00,11.164999961853027,11.199999809265137,11.109999656677246,11.109999656677246,1424,0.0,0.0
2023-04-26 12:30:00-04:00,11.130000114440918,11.210000038146973,11.130000114440918,11.194999694824219,2121,0.0,0.0
2023-04-26 13:30:00-04:00,11.1850004196167,11.220000267028809,10.989999771118164,10.989999771118164,3226,0.0,0.0
2023-04-26 14:30:00-04:00,10.989999771118164,11.119999885559082,10.989999771118164,11.119999885559082,7015,0.0,0.0
2023-04-26 15:30:00-04:00,11.079999923706055,11.109999656677246,10.930000305175781,10.949999809265137,8227,0.0,0.0
2023-04-27 09:30:00-04:00,11.050000190734863,11.125200271606445,11.050000190734863,11.0649995803833,928,0.0,0.0
2023-04-27 10:30:00-04:00,11.074999809265137,11.074999809265137,11.0,11.0,1116,0.0,0.0
2023-04-27 11:30:00-04:00,10.944999694824219,10.944999694824219,10.640000343322754,10.701499938964844,7905,0.0,0.0
2023-04-27 12:30:00-04:00,10.65999984741211,10.65999984741211,10.5600004196167,10.5600004196167,2688,0.0,0.0
2023-04-27 13:30:00-04:00,10.604999542236328,10.608099937438965,10.59000015258789,10.59000015258789,1694,0.0,0.0
2023-04-27 14:30:00-04:00,10.59000015258789,10.61340045928955,10.5600004196167,10.585000038146973,7757,0.0,0.0
2023-04-27 15:30:00-04:00,10.609999656677246,10.65999984741211,10.585000038146973,10.630000114440918,9565,0.0,0.0
2023-04-28 09:30:00-04:00,10.699999809265137,10.90999984741211,10.699999809265137,10.744999885559082,829,0.0,0.0
2023-04-28 10:30:00-04:00,10.800000190734863,10.859999656677246,10.800000190734863,10.803899765014648,996,0.0,0.0
2023-04-28 11:30:00-04:00,10.880000114440918,10.90999984741211,10.859999656677246,10.859999656677246,1119,0.0,0.0
2023-04-28 12:30:00-04:00,10.899999618530273,10.949999809265137,10.890000343322754,10.949999809265137,1273,0.0,0.0
2023-04-28 13:30:00-04:00,10.9399995803833,10.960000038146973,10.829999923706055,10.920000076293945,8576,0.0,0.0
2023-04-28 14:30:00-04:00,10.920000076293945,10.960000038146973,10.829999923706055,10.84000015258789,5044,0.0,0.0
2023-04-28 15:30:00-04:00,10.84000015258789,10.875,10.760000228881836,10.8149995803833,13987,0.0,0.0
2023-05-01 09:30:00-04:00,10.710000038146973,10.875,10.710000038146973,10.774999618530273,1159,0.0,0.0
2023-05-01 10:30:00-04:00,10.64009952545166,10.789999961853027,10.64009952545166,10.71500015258789,2896,0.0,0.0
2023-05-01 11:30:00-04:00,10.694999694824219,10.694999694824219,10.694999694824219,10.694999694824219,1233,0.0,0.0
2023-05-01 12:30:00-04:00,10.71500015258789,10.739999771118164,10.670000076293945,10.670000076293945,1206,0.0,0.0
2023-05-01 13:30:00-04:00,10.635000228881836,10.65999984741211,10.609999656677246,10.65999984741211,1348,0.0,0.0
2023-05-01 14:30:00-04:00,10.635000228881836,10.645000457763672,10.569999694824219,10.569999694824219,3608,0.0,0.0
2023-05-01 15:30:00-04:00,10.569999694824219,10.600000381469727,10.449999809265137,10.470000267028809,9245,0.0,0.0
2023-05-02 09:30:00-04:00,10.529999732971191,10.579999923706055,10.459400177001953,10.539999961853027,5253,0.0,0.0
2023-05-02 10:30:00-04:00,10.579999923706055,10.795000076293945,10.5600004196167,10.5600004196167,12005,0.0,0.0
2023-05-02 11:30:00-04:00,10.5600004196167,10.699999809265137,10.5600004196167,10.670000076293945,1834,0.0,0.0
2023-05-02 12:30:00-04:00,10.710000038146973,10.779999732971191,10.710000038146973,10.779999732971191,1673,0.0,0.0
2023-05-02 13:30:00-04:00,10.800000190734863,10.800000190734863,10.729999542236328,10.770000457763672,1508,0.0,0.0
2023-05-02 14:30:00-04:00,10.729999542236328,10.770000457763672,10.729999542236328,10.739999771118164,2273,0.0,0.0
2023-05-02 15:30:00-04:00,10.744999885559082,10.800000190734863,10.720000267028809,10.800000190734863,8109,0.0,0.0
2023-05-03 09:30:00-04:00,10.779999732971191,10.949999809265137,10.600000381469727,10.800000190734863,5399,0.0,0.0
2023-05-03 10:30:00-04:00,10.739999771118164,10.779999732971191,10.739999771118164,10.779999732971191,1422,0.0,0.0
2023-05-03 11:30:00-04:00,10.760000228881836,10.760000228881836,10.609999656677246,10.689900398254395,12574,0.0,0.0
2023-05-03 12:30:00-04:00,10.65999984741211,10.670000076293945,10.609999656677246,10.609999656677246,1004,0.0,0.0
2023-05-03 13:30:00-04:00,10.699999809265137,10.770000457763672,10.640000343322754,10.640000343322754,1732,0.0,0.0
2023-05-03 14:30:00-04:00,10.75,10.75,10.720000267028809,10.720000267028809,939,0.0,0.0
2023-05-03 15:30:00-04:00,10.65999984741211,10.65999984741211,10.479999542236328,10.479999542236328,5650,0.0,0.0
2023-05-04 09:30:00-04:00,10.579999923706055,10.579999923706055,10.210000038146973,10.210000038146973,5646,0.0,0.0
2023-05-04 10:30:00-04:00,10.170000076293945,10.180000305175781,10.09000015258789,10.180000305175781,3180,0.0,0.0
2023-05-04 11:30:00-04:00,10.160099983215332,10.160099983215332,10.0,10.15999984741211,8871,0.0,0.0
2023-05-04 12:30:00-04:00,10.289999961853027,10.300000190734863,10.194999694824219,10.199999809265137,1911,0.0,0.0
2023-05-04 13:30:00-04:00,10.3100004196167,10.3100004196167,10.119999885559082,10.210000038146973,4785,0.0,0.0
2023-05-04 14:30:00-04:00,10.118399620056152,10.145000457763672,9.949999809265137,9.968799591064453,30353,0.0,0.0
2023-05-04 15:30:00-04:00,10.050000190734863,10.229999542236328,10.050000190734863,10.170000076293945,13051,0.0,0.0
2023-05-05 09:30:00-04:00,10.460000038146973,11.489999771118164,10.411199569702148,11.489999771118164,13488,0.0,0.0
2023-05-05 10:30:00-04:00,11.510000228881836,11.729900360107422,11.390000343322754,11.5,15675,0.0,0.0
2023-05-05 11:30:00-04:00,11.533300399780273,11.533300399780273,11.350000381469727,11.362000465393066,5114,0.0,0.0
2023-05-05 12:30:00-04:00,11.369999885559082,11.390000343322754,11.324999809265137,11.36929988861084,2000,0.0,0.0
2023-05-05 13:30:00-04:00,11.369999885559082,11.430000305175781,11.319999694824219,11.354900360107422,2172,0.0,0.0
2023-05-05 14:30:00-04:00,11.489999771118164,11.600000381469727,11.430000305175781,11.538900375366211,13698,0.0,0.0
2023-05-05 15:30:00-04:00,11.649999618530273,11.789999961853027,11.550000190734863,11.680000305175781,15044,0.0,0.0
2023-05-08 09:30:00-04:00,11.8100004196167,11.87969970703125,11.609999656677246,11.65999984741211,3423,0.0,0.0
2023-05-08 10:30:00-04:00,11.701800346374512,11.701800346374512,11.600000381469727,11.600000381469727,2533,0.0,0.0
2023-05-08 11:30:00-04:00,11.609999656677246,11.649999618530273,11.404999732971191,11.404999732971191,4712,0.0,0.0
2023-05-08 12:30:00-04:00,11.444999694824219,11.470000267028809,11.289999961853027,11.289999961853027,2632,0.0,0.0
2023-05-08 13:30:00-04:00,11.380000114440918,11.380000114440918,11.289999961853027,11.289999961853027,1502,0.0,0.0
2023-05-08 14:30:00-04:00,11.279999732971191,11.35990047454834,11.255000114440918,11.255000114440918,3928,0.0,0.0
2023-05-08 15:30:00-04:00,11.180000305175781,11.199999809265137,10.979999542236328,10.979999542236328,10650,0.0,0.0
2023-05-09 09:30:00-04:00,10.819999694824219,10.960000038146973,10.819999694824219,10.854999542236328,4784,0.0,0.0
2023-05-09 10:30:00-04:00,10.850000381469727,10.930000305175781,10.710000038146973,10.850000381469727,6360,0.0,0.0
2023-05-09 11:30:00-04:00,10.800000190734863,10.8100004196167,10.6899995803833,10.78499984741211,4788,0.0,0.0
2023-05-09 12:30:00-04:00,10.78499984741211,10.869999885559082,10.729999542236328,10.8100004196167,3869,0.0,0.0
2023-05-09 13:30:00-04:00,10.8100004196167,10.859999656677246,10.789999961853027,10.859999656677246,1265,0.0,0.0
2023-05-09 14:30:00-04:00,10.930000305175781,11.09000015258789,10.920000076293945,11.09000015258789,12426,0.0,0.0
2023-05-09 15:30:00-04:00,11.045000076293945,11.079999923706055,10.859999656677246,10.930000305175781,7852,0.0,0.0
2023-05-10 09:30:00-04:00,10.680000305175781,11.029999732971191,10.680000305175781,10.949999809265137,9163,0.0,0.0
2023-05-10 10:30:00-04:00,11.020000457763672,11.359999656677246,11.020000457763672,11.224499702453613,5085,0.0,0.0
2023-05-10 11:30:00-04:00,11.289999961853027,11.389900207519531,11.197999954223633,11.300000190734863,1566,0.0,0.0
2023-05-10 12:30:00-04:00,11.34000015258789,11.34000015258789,11.170000076293945,11.239999771118164,6966,0.0,0.0
2023-05-10 13:30:00-04:00,11.188199996948242,11.300000190734863,11.180000305175781,11.234999656677246,4571,0.0,0.0
2023-05-10 14:30:00-04:00,11.234999656677246,11.234999656677246,11.130000114440918,11.225000381469727,6679,0.0,0.0
2023-05-10 15:30:00-04:00,11.1850004196167,11.279999732971191,11.100000381469727,11.239999771118164,10920,0.0,0.0
2023-05-11 09:30:00-04:00,11.180000305175781,11.265000343322754,11.09000015258789,11.1850004196167,2746,0.0,0.0
2023-05-11 10:30:00-04:00,11.308099746704102,11.308099746704102,10.949999809265137,11.114999771118164,2117,0.0,0.0
2023-05-11 11:30:00-04:00,11.050000190734863,11.0600004196167,11.050000190734863,11.0600004196167,476,0.0,0.0
2023-05-11 12:30:00-04:00,11.12660026550293,11.170000076293945,11.069999694824219,11.085000038146973,2387,0.0,0.0
2023-05-11 13:30:00-04:00,11.029999732971191,11.029999732971191,10.869999885559082,10.869999885559082,2744,0.0,0.0
2023-05-11 14:30:00-04:00,10.920000076293945,11.09000015258789,10.920000076293945,11.09000015258789,3638,0.0,0.0
2023-05-11 15:30:00-04:00,11.039999961853027,11.069999694824219,10.9399995803833,11.0,9853,0.0,0.0
2023-05-12 09:30:00-04:00,11.010000228881836,11.125,10.9399995803833,10.9399995803833,1182,0.0,0.0
2023-05-12 10:30:00-04:00,11.210000038146973,11.210000038146973,10.925000190734863,10.925000190734863,495,0.0,0.0
2023-05-12 11:30:00-04:00,10.941499710083008,11.0600004196167,10.920000076293945,11.050000190734863,1372,0.0,0.0
2023-05-12 12:30:00-04:00,10.875,11.015000343322754,10.875,11.0,515,0.0,0.0
2023-05-12 13:30:00-04:00,11.0600004196167,11.088700294494629,11.0,11.0,1903,0.0,0.0
2023-05-12 14:30:00-04:00,11.0,11.055000305175781,11.0,11.0,687,0.0,0.0
2023-05-12 15:30:00-04:00,11.045000076293945,11.069999694824219,10.960000038146973,11.0,5448,0.0,0.0
2023-05-15 09:30:00-04:00,11.0,11.029999732971191,11.0,11.029999732971191,1231,0.0,0.0
2023-05-15 10:30:00-04:00,11.010000228881836,11.1899995803833,10.920000076293945,11.09000015258789,16488,0.0,0.0
2023-05-15 11:30:00-04:00,11.114999771118164,11.199999809265137,10.949999809265137,11.180000305175781,5141,0.0,0.0
2023-05-15 12:30:00-04:00,11.244999885559082,11.319999694824219,11.15999984741211,11.15999984741211,7951,0.0,0.0
2023-05-15 13:30:00-04:00,11.109999656677246,11.25,11.039999961853027,11.100000381469727,1031,0.0,0.0
2023-05-15 14:30:00-04:00,11.229999542236328,11.289999961853027,11.229999542236328,11.260000228881836,3065,0.0,0.0
2023-05-15 15:30:00-04:00,11.260000228881836,11.260000228881836,11.170000076293945,11.199999809265137,6235,0.0,0.0
2023-05-16 09:30:00-04:00,11.0600004196167,11.178999900817871,11.0600004196167,11.178999900817871,0,0.0,0.0
2023-05-16 10:30:00-04:00,11.100000381469727,11.380000114440918,11.100000381469727,11.340999603271484,12142,0.0,0.0
2023-05-16 11:30:00-04:00,11.28499984741211,11.359999656677246,11.260000228881836,11.26039981842041,3197,0.0,0.0
2023-05-16 12:30:00-04:00,11.3100004196167,11.359999656677246,11.262499809265137,11.262499809265137,2630,0.0,0.0
2023-05-16 13:30:00-04:00,11.229999542236328,11.279999732971191,11.210000038146973,11.279999732971191,1314,0.0,0.0
2023-05-16 14:30:00-04:00,11.25,11.270000457763672,11.25,11.25,1180,0.0,0.0
2023-05-16 15:30:00-04:00,11.225000381469727,11.25,11.180000305175781,11.25,3679,0.0,0.0
2023-05-17 09:30:00-04:00,11.270000457763672,11.289999961853027,11.199999809265137,11.289999961853027,1916,0.0,0.0
2023-05-17 10:30:00-04:00,11.1899995803833,11.289999961853027,11.149999618530273,11.289999961853027,1409,0.0,0.0
2023-05-17 11:30:00-04:00,11.289999961853027,11.510000228881836,11.274999618530273,11.510000228881836,3274,0.0,0.0
2023-05-17 12:30:00-04:00,11.529999732971191,11.630000114440918,11.399999618530273,11.630000114440918,3714,0.0,0.0
2023-05-17 13:30:00-04:00,11.680000305175781,11.680000305175781,11.609999656677246,11.670000076293945,3057,0.0,0.0
2023-05-17 14:30:00-04:00,11.670000076293945,11.670000076293945,11.619999885559082,11.619999885559082,1208,0.0,0.0
2023-05-17 15:30:00-04:00,11.609999656677246,11.6899995803833,11.609999656677246,11.670000076293945,8571,0.0,0.0
2023-05-18 09:30:00-04:00,11.729999542236328,11.729999542236328,11.574999809265137,11.574999809265137,525,0.0,0.0
2023-05-18 10:30:00-04:00,11.430000305175781,11.5,11.430000305175781,11.449999809265137,873,0.0,0.0
2023-05-18 11:30:00-04:00,11.489999771118164,11.539999961853027,11.4399995803833,11.449999809265137,23842,0.0,0.0
2023-05-18 12:30:00-04:00,11.5,11.579999923706055,11.440099716186523,11.579999923706055,1334,0.0,0.0
2023-05-18 13:30:00-04:00,11.579999923706055,11.579999923706055,11.569999694824219,11.569999694824219,868,0.0,0.0
2023-05-18 14:30:00-04:00,11.579999923706055,11.579999923706055,11.460000038146973,11.460000038146973,3180,0.0,0.0
2023-05-18 15:30:00-04:00,11.515000343322754,11.699999809265137,11.475000381469727,11.670000076293945,7422,0.0,0.0
2023-05-19 09:30:00-04:00,11.75,11.789899826049805,11.640000343322754,11.670000076293945,9555,0.0,0.0
2023-05-19 10:30:00-04:00,11.670000076293945,11.670000076293945,11.579999923706055,11.579999923706055,3447,0.0,0.0
2023-05-19 11:30:00-04:00,11.625,11.65999984741211,11.59000015258789,11.619999885559082,2880,0.0,0.0
2023-05-19 12:30:00-04:00,11.59000015258789,11.649999618530273,11.59000015258789,11.649999618530273,708,0.0,0.0
2023-05-19 14:30:00-04:00,11.630000114440918,11.630000114440918,11.630000114440918,11.630000114440918,302,0.0,0.0
2023-05-19 15:30:00-04:00,11.625,11.6899995803833,11.619999885559082,11.6899995803833,2367,0.0,0.0
2023-05-22 09:30:00-04:00,11.680000305175781,11.680000305175781,11.680000305175781,11.680000305175781,2097,0.0,0.0
2023-05-22 10:30:00-04:00,11.494999885559082,11.619999885559082,11.380000114440918,11.380000114440918,672,0.0,0.0
2023-05-22 11:30:00-04:00,11.460000038146973,11.460000038146973,11.380000114440918,11.380000114440918,5127,0.0,0.0
2023-05-22 12:30:00-04:00,11.399999618530273,11.4399995803833,11.399999618530273,11.40999984741211,802,0.0,0.0
2023-05-22 13:30:00-04:00,11.43280029296875,11.603400230407715,11.43280029296875,11.479999542236328,3553,0.0,0.0
2023-05-22 14:30:00-04:00,11.600000381469727,11.628000259399414,11.59000015258789,11.609999656677246,2279,0.0,0.0
2023-05-22 15:30:00-04:00,11.5,11.5600004196167,11.430000305175781,11.529999732971191,2206,0.0,0.0
2023-05-23 09:30:00-04:00,11.5600004196167,11.5600004196167,11.430000305175781,11.430000305175781,2945,0.0,0.0
2023-05-23 10:30:00-04:00,11.486300468444824,11.670000076293945,11.486300468444824,11.600000381469727,1611,0.0,0.0
2023-05-23 11:30:00-04:00,11.65999984741211,11.65999984741211,11.65999984741211,11.65999984741211,564,0.0,0.0
2023-05-23 12:30:00-04:00,11.649999618530273,11.6899995803833,11.635000228881836,11.6899995803833,6397,0.0,0.0
2023-05-23 13:30:00-04:00,11.670000076293945,11.670000076293945,11.569999694824219,11.579999923706055,2981,0.0,0.0
2023-05-23 14:30:00-04:00,11.585000038146973,11.640000343322754,11.5649995803833,11.5649995803833,1950,0.0,0.0
2023-05-23 15:30:00-04:00,11.640000343322754,11.640000343322754,11.430000305175781,11.569999694824219,4797,0.0,0.0
2023-05-24 09:30:00-04:00,11.6899995803833,11.760000228881836,11.619999885559082,11.734999656677246,1700,0.0,0.0
2023-05-24 10:30:00-04:00,11.710000038146973,11.720000267028809,11.489999771118164,11.595000267028809,4555,0.0,0.0
2023-05-24 11:30:00-04:00,11.699999809265137,11.699999809265137,11.510000228881836,11.619999885559082,3811,0.0,0.0
2023-05-24 12:30:00-04:00,11.630000114440918,11.729999542236328,11.600000381469727,11.729999542236328,3246,0.0,0.0
2023-05-24 13:30:00-04:00,11.734999656677246,11.744999885559082,11.670000076293945,11.675000190734863,2003,0.0,0.0
2023-05-24 14:30:00-04:00,11.739999771118164,11.75,11.664999961853027,11.75,4382,0.0,0.0
2023-05-24 15:30:00-04:00,11.670000076293945,11.829999923706055,11.619999885559082,11.670000076293945,11146,0.0,0.0
2023-05-25 09:30:00-04:00,11.670000076293945,11.6899995803833,11.579999923706055,11.675000190734863,994,0.0,0.0
2023-05-25 10:30:00-04:00,11.774999618530273,11.774999618530273,11.570099830627441,11.59000015258789,1555,0.0,0.0
2023-05-25 11:30:00-04:00,11.640000343322754,11.640000343322754,11.460000038146973,11.520000457763672,2567,0.0,0.0
2023-05-25 12:30:00-04:00,11.545000076293945,11.59000015258789,11.510499954223633,11.569999694824219,2636,0.0,0.0
2023-05-25 13:30:00-04:00,11.604999542236328,11.604999542236328,11.545000076293945,11.59000015258789,2836,0.0,0.0
2023-05-25 14:30:00-04:00,11.510000228881836,11.59000015258789,11.510000228881836,11.59000015258789,2676,0.0,0.0
2023-05-25 15:30:00-04:00,11.574999809265137,11.640000343322754,11.545000076293945,11.600000381469727,6349,0.0,0.0
2023-05-26 09:30:00-04:00,11.5,11.5,11.470000267028809,11.479999542236328,1859,0.0,0.0
2023-05-26 10:30:00-04:00,11.495699882507324,11.495699882507324,11.291000366210938,11.300000190734863,9473,0.0,0.0
2023-05-26 11:30:00-04:00,11.295000076293945,11.364999771118164,11.289999961853027,11.364999771118164,3201,0.0,0.0
2023-05-26 12:30:00-04:00,11.369999885559082,11.460000038146973,11.369999885559082,11.369999885559082,1020,0.0,0.0
2023-05-26 13:30:00-04:00,11.404999732971191,11.4399995803833,11.380000114440918,11.380000114440918,1363,0.0,0.0
2023-05-26 14:30:00-04:00,11.404999732971191,11.449999809265137,11.404999732971191,11.430000305175781,5007,0.0,0.0
2023-05-26 15:30:00-04:00,11.479999542236328,11.5600004196167,11.444999694824219,11.520000457763672,6499,0.0,0.0
2023-05-30 09:30:00-04:00,11.449999809265137,11.560999870300293,11.443499565124512,11.475000381469727,2067,0.0,0.0
2023-05-30 10:30:00-04:00,11.475000381469727,11.475000381469727,11.279999732971191,11.335000038146973,11064,0.0,0.0
2023-05-30 11:30:00-04:00,11.335000038146973,11.369999885559082,11.149999618530273,11.149999618530273,7016,0.0,0.0
2023-05-30 12:30:00-04:00,11.175000190734863,11.194999694824219,11.095199584960938,11.194999694824219,4148,0.0,0.0
2023-05-30 13:30:00-04:00,11.1850004196167,11.40999984741211,11.15999984741211,11.40999984741211,7306,0.0,0.0
2023-05-30 14:30:00-04:00,11.359999656677246,11.462499618530273,11.350000381469727,11.4350004196167,3662,0.0,0.0
2023-05-30 15:30:00-04:00,11.4350004196167,11.470000267028809,11.399999618530273,11.40999984741211,12067,0.0,0.0
2023-05-31 09:30:00-04:00,11.399999618530273,11.454999923706055,11.270000457763672,11.369999885559082,0,0.0,0.0
2023-05-31 10:30:00-04:00,11.289999961853027,11.380000114440918,11.029999732971191,11.045000076293945,36114,0.0,0.0
2023-05-31 11:30:00-04:00,10.960000038146973,11.170000076293945,10.680000305175781,11.055700302124023,30831,0.0,0.0
2023-05-31 12:30:00-04:00,11.055700302124023,11.170000076293945,10.729999542236328,10.850000381469727,8310,0.0,0.0
2023-05-31 13:30:00-04:00,10.850000381469727,10.949999809265137,10.789999961853027,10.869999885559082,8273,0.0,0.0
2023-05-31 14:30:00-04:00,10.819999694824219,10.994999885559082,10.789999961853027,10.989999771118164,5242,0.0,0.0
2023-05-31 15:30:00-04:00,10.989999771118164,11.119999885559082,10.944999694824219,11.0,9999,0.0,0.0
2023-06-01 09:30:00-04:00,11.050000190734863,11.050000190734863,10.640000343322754,10.670000076293945,14972,0.0,0.0
2023-06-01 10:30:00-04:00,10.725000381469727,10.875,10.68850040435791,10.6899995803833,4194,0.0,0.0
2023-06-01 11:30:00-04:00,10.704999923706055,10.704999923706055,10.539999961853027,10.539999961853027,4419,0.0,0.0
2023-06-01 12:30:00-04:00,10.510000228881836,10.579999923706055,10.5,10.5600004196167,6825,0.0,0.0
2023-06-01 13:30:00-04:00,10.580400466918945,10.649999618530273,10.5600004196167,10.579999923706055,4342,0.0,0.0
2023-06-01 14:30:00-04:00,10.5649995803833,10.5649995803833,10.524999618530273,10.524999618530273,3049,0.0,0.0
2023-06-01 15:30:00-04:00,10.5,10.5,10.385000228881836,10.479999542236328,7239,0.0,0.0
2023-06-02 09:30:00-04:00,10.630000114440918,10.8100004196167,10.500100135803223,10.8100004196167,2093,0.0,0.0
2023-06-02 10:30:00-04:00,10.619999885559082,10.789999961853027,10.619999885559082,10.640000343322754,2789,0.0,0.0
2023-06-02 11:30:00-04:00,10.649999618530273,10.760000228881836,10.579999923706055,10.579999923706055,1765,0.0,0.0
2023-06-02 12:30:00-04:00,10.569999694824219,10.710000038146973,10.510000228881836,10.520000457763672,9308,0.0,0.0
2023-06-02 13:30:00-04:00,10.5,10.595000267028809,10.5,10.539999961853027,3291,0.0,0.0
2023-06-02 14:30:00-04:00,10.539999961853027,10.579999923706055,10.5,10.5,3993,0.0,0.0
2023-06-02 15:30:00-04:00,10.5,10.699999809265137,10.5,10.579999923706055,12717,0.0,0.0
2023-06-05 09:30:00-04:00,10.5600004196167,10.5600004196167,10.5600004196167,10.5600004196167,975,0.0,0.0
2023-06-05 10:30:00-04:00,10.5,10.735199928283691,10.5,10.735199928283691,2336,0.0,0.0
2023-06-05 12:30:00-04:00,10.729999542236328,10.819999694824219,10.729999542236328,10.819999694824219,6867,0.0,0.0
2023-06-05 13:30:00-04:00,10.859999656677246,10.920000076293945,10.800000190734863,10.920000076293945,3931,0.0,0.0
2023-06-05 14:30:00-04:00,10.90999984741211,10.90999984741211,10.789999961853027,10.789999961853027,3214,0.0,0.0
2023-06-05 15:30:00-04:00,10.789999961853027,10.789999961853027,10.649999618530273,10.760000228881836,2895,0.0,0.0
2023-06-06 09:30:00-04:00,10.699999809265137,10.829999923706055,10.699999809265137,10.795000076293945,943,0.0,0.0
2023-06-06 10:30:00-04:00,10.795000076293945,10.899999618530273,10.795000076293945,10.890000343322754,2604,0.0,0.0
2023-06-06 11:30:00-04:00,10.90999984741211,11.109999656677246,10.90999984741211,11.109999656677246,2410,0.0,0.0
2023-06-06 12:30:00-04:00,11.119999885559082,11.1899995803833,10.98900032043457,10.98900032043457,3094,0.0,0.0
2023-06-06 13:30:00-04:00,11.0600004196167,11.079999923706055,10.970000267028809,11.069999694824219,2046,0.0,0.0
2023-06-06 14:30:00-04:00,11.125,11.155500411987305,11.079999923706055,11.1003999710083,4826,0.0,0.0
2023-06-06 15:30:00-04:00,11.079999923706055,11.119999885559082,11.024999618530273,11.0600004196167,9523,0.0,0.0
2023-06-07 09:30:00-04:00,10.890000343322754,11.229999542236328,10.890000343322754,11.229999542236328,3834,0.0,0.0
2023-06-07 10:30:00-04:00,11.279999732971191,11.420000076293945,11.199999809265137,11.399999618530273,11921,0.0,0.0
2023-06-07 11:30:00-04:00,11.399999618530273,11.399999618530273,11.260000228881836,11.260000228881836,3910,0.0,0.0
2023-06-07 12:30:00-04:00,11.300000190734863,11.329999923706055,11.260000228881836,11.260000228881836,2501,0.0,0.0
2023-06-07 13:30:00-04:00,11.3100004196167,11.350000381469727,11.3100004196167,11.350000381469727,2991,0.0,0.0
2023-06-07 14:30:00-04:00,11.402999877929688,11.59000015258789,11.402999877929688,11.550000190734863,9809,0.0,0.0
2023-06-07 15:30:00-04:00,11.529999732971191,11.5600004196167,11.479999542236328,11.479999542236328,12368,0.0,0.0
2023-06-08 09:30:00-04:00,11.479999542236328,11.479999542236328,11.444999694824219,11.46500015258789,674,0.0,0.0
2023-06-08 10:30:00-04:00,11.398200035095215,11.5,11.398200035095215,11.5,2539,0.0,0.0
2023-06-08 12:30:00-04:00,11.489999771118164,11.494999885559082,11.479999542236328,11.494999885559082,2033,0.0,0.0
2023-06-08 13:30:00-04:00,11.50160026550293,11.50160026550293,11.50160026550293,11.50160026550293,733,0.0,0.0
2023-06-08 14:30:00-04:00,11.5,11.519700050354004,11.5,11.5,1500,0.0,0.0
2023-06-08 15:30:00-04:00,11.510000228881836,11.539999961853027,11.489999771118164,11.5,6648,0.0,0.0
2023-06-09 09:30:00-04:00,11.329999923706055,11.329999923706055,11.000100135803223,11.149999618530273,7103,0.0,0.0
2023-06-09 11:30:00-04:00,11.369999885559082,11.38539981842041,11.25,11.25,6030,0.0,0.0
2023-06-09 12:30:00-04:00,11.244999885559082,11.244999885559082,11.165599822998047,11.165599822998047,1558,0.0,0.0
2023-06-09 13:30:00-04:00,11.15999984741211,11.219900131225586,11.15999984741211,11.219900131225586,602,0.0,0.0
2023-06-09 14:30:00-04:00,11.15999984741211,11.229999542236328,11.145000457763672,11.229999542236328,2471,0.0,0.0
2023-06-09 15:30:00-04:00,11.25,11.25,11.039999961853027,11.100000381469727,8278,0.0,0.0
2023-06-12 09:30:00-04:00,11.180000305175781,11.300000190734863,11.15999984741211,11.300000190734863,3874,0.0,0.0
2023-06-12 10:30:00-04:00,11.350000381469727,11.543999671936035,11.3100004196167,11.489999771118164,2774,0.0,0.0
2023-06-12 11:30:00-04:00,11.34000015258789,11.529999732971191,11.289999961853027,11.529999732971191,2457,0.0,0.0
2023-06-12 12:30:00-04:00,11.520000457763672,11.569999694824219,11.420700073242188,11.539999961853027,1969,0.0,0.0
2023-06-12 13:30:00-04:00,11.529999732971191,11.5600004196167,11.401100158691406,11.5600004196167,3187,0.0,0.0
2023-06-12 14:30:00-04:00,11.569999694824219,11.614999771118164,11.370100021362305,11.510000228881836,8354,0.0,0.0
2023-06-12 15:30:00-04:00,11.510000228881836,11.550000190734863,11.420000076293945,11.420000076293945,4115,0.0,0.0
2023-06-13 09:30:00-04:00,11.510000228881836,11.579999923706055,11.510000228881836,11.579999923706055,990,0.0,0.0
2023-06-13 10:30:00-04:00,11.641200065612793,11.689900398254395,11.484999656677246,11.689900398254395,788,0.0,0.0
2023-06-13 11:30:00-04:00,11.5,11.65999984741211,11.5,11.65999984741211,1145,0.0,0.0
2023-06-13 12:30:00-04:00,11.399999618530273,11.649999618530273,11.399999618530273,11.649999618530273,1613,0.0,0.0
2023-06-13 13:30:00-04:00,11.65999984741211,11.65999984741211,11.600099563598633,11.65999984741211,1961,0.0,0.0
2023-06-13 14:30:00-04:00,11.649999618530273,11.744999885559082,11.649999618530273,11.744999885559082,5618,0.0,0.0
2023-06-13 15:30:00-04:00,11.720000267028809,11.774999618530273,11.619999885559082,11.760000228881836,6227,0.0,0.0
2023-06-14 09:30:00-04:00,11.800000190734863,11.880000114440918,11.470100402832031,11.850000381469727,5908,0.0,0.0
2023-06-14 10:30:00-04:00,11.805000305175781,11.899999618530273,11.805000305175781,11.899999618530273,1370,0.0,0.0
2023-06-14 11:30:00-04:00,11.970000267028809,12.029999732971191,11.825200080871582,12.01990032196045,11731,0.0,0.0
2023-06-14 12:30:00-04:00,11.989999771118164,11.989999771118164,11.859999656677246,11.859999656677246,1163,0.0,0.0
2023-06-14 13:30:00-04:00,11.960000038146973,11.960000038146973,11.859999656677246,11.899999618530273,4304,0.0,0.0
2023-06-14 14:30:00-04:00,11.9399995803833,12.010000228881836,11.920000076293945,11.920000076293945,10093,0.0,0.0
2023-06-14 15:30:00-04:00,11.989999771118164,11.989999771118164,11.670000076293945,11.760000228881836,11224,0.0,0.0
2023-06-15 09:30:00-04:00,11.59000015258789,11.90999984741211,11.59000015258789,11.817999839782715,7843,0.0,0.0
2023-06-15 10:30:00-04:00,11.890000343322754,11.890000343322754,11.796099662780762,11.85319995880127,2714,0.0,0.0
2023-06-15 11:30:00-04:00,11.869999885559082,11.880000114440918,11.784700393676758,11.784700393676758,3797,0.0,0.0
2023-06-15 12:30:00-04:00,11.829999923706055,11.84000015258789,11.829999923706055,11.829999923706055,1506,0.0,0.0
2023-06-15 13:30:00-04:00,11.829999923706055,11.989999771118164,11.829999923706055,11.979999542236328,1913,0.0,0.0
2023-06-15 14:30:00-04:00,11.960000038146973,11.970000267028809,11.920000076293945,11.930000305175781,2647,0.0,0.0
2023-06-15 15:30:00-04:00,11.90999984741211,11.960000038146973,11.880000114440918,11.949999809265137,7044,0.0,0.0
2023-06-16 09:30:00-04:00,12.0600004196167,12.0600004196167,11.8100004196167,11.850000381469727,18266,0.0,0.0
2023-06-16 10:30:00-04:00,11.904999732971191,12.10990047454834,11.904999732971191,12.10990047454834,4758,0.0,0.0
2023-06-16 11:30:00-04:00,12.018400192260742,12.018400192260742,11.949999809265137,11.949999809265137,5163,0.0,0.0
2023-06-16 12:30:00-04:00,11.899999618530273,11.90999984741211,11.854999542236328,11.859999656677246,1828,0.0,0.0
2023-06-16 13:30:00-04:00,11.829999923706055,11.850000381469727,11.649999618530273,11.710000038146973,13433,0.0,0.0
2023-06-16 14:30:00-04:00,11.649999618530273,11.680000305175781,11.649999618530273,11.680000305175781,1567,0.0,0.0
2023-06-16 15:30:00-04:00,11.630000114440918,11.850000381469727,11.619999885559082,11.8100004196167,5834,0.0,0.0
2023-06-20 09:30:00-04:00,11.779999732971191,11.779999732971191,11.4350004196167,11.760000228881836,6049,0.0,0.0
2023-06-20 10:30:00-04:00,11.8100004196167,12.039999961853027,11.770000457763672,11.864999771118164,2408,0.0,0.0
2023-06-20 11:30:00-04:00,11.779999732971191,11.899999618530273,11.755000114440918,11.890000343322754,4858,0.0,0.0
2023-06-20 12:30:00-04:00,11.880000114440918,11.880000114440918,11.819999694824219,11.850000381469727,1016,0.0,0.0
2023-06-20 13:30:00-04:00,11.899999618530273,11.899999618530273,11.729999542236328,11.755499839782715,3306,0.0,0.0
2023-06-20 14:30:00-04:00,11.800000190734863,11.869999885559082,11.800000190734863,11.835000038146973,3766,0.0,0.0
2023-06-20 15:30:00-04:00,11.859999656677246,11.869999885559082,11.770000457763672,11.859999656677246,11727,0.0,0.0
2023-06-21 09:30:00-04:00,11.880000114440918,11.880000114440918,11.880000114440918,11.880000114440918,0,0.0,0.0
2023-06-21 10:30:00-04:00,11.774399757385254,11.90999984741211,11.520000457763672,11.744999885559082,3029,0.0,0.0
2023-06-21 11:30:00-04:00,11.920000076293945,11.920000076293945,11.824999809265137,11.854999542236328,1012,0.0,0.0
2023-06-21 12:30:00-04:00,11.829999923706055,11.920000076293945,11.829999923706055,11.904999732971191,3359,0.0,0.0
2023-06-21 13:30:00-04:00,11.920000076293945,11.979999542236328,11.895000457763672,11.960000038146973,3193,0.0,0.0
2023-06-21 14:30:00-04:00,11.979999542236328,11.98009967803955,11.901399612426758,11.904999732971191,2359,0.0,0.0
2023-06-21 15:30:00-04:00,11.895000457763672,11.90999984741211,11.75,11.789999961853027,4928,0.0,0.0
2023-06-22 09:30:00-04:00,11.829999923706055,11.829999923706055,11.829999923706055,11.829999923706055,773,0.0,0.0
2023-06-22 10:30:00-04:00,11.829999923706055,11.84000015258789,11.829999923706055,11.84000015258789,869,0.0,0.0
2023-06-22 11:30:00-04:00,11.920000076293945,11.920000076293945,11.811300277709961,11.880000114440918,4319,0.0,0.0
2023-06-22 12:30:00-04:00,11.949999809265137,11.949999809265137,11.819999694824219,11.90999984741211,1425,0.0,0.0
2023-06-22 13:30:00-04:00,11.90999984741211,11.90999984741211,11.8100004196167,11.8100004196167,2340,0.0,0.0
2023-06-22 14:30:00-04:00,11.90999984741211,11.920000076293945,11.8100004196167,11.880000114440918,3016,0.0,0.0
2023-06-22 15:30:00-04:00,11.90999984741211,11.960000038146973,11.835000038146973,11.960000038146973,6919,0.0,0.0
2023-06-23 09:30:00-04:00,11.859999656677246,11.949999809265137,11.859999656677246,11.949999809265137,1242,0.0,0.0
2023-06-23 10:30:00-04:00,12.010000228881836,12.220000267028809,12.010000228881836,12.149999618530273,3854,0.0,0.0
2023-06-23 11:30:00-04:00,12.239999771118164,12.239999771118164,12.19279956817627,12.19279956817627,2502,0.0,0.0
2023-06-23 12:30:00-04:00,12.19320011138916,12.229999542236328,12.180000305175781,12.229999542236328,708,0.0,0.0
2023-06-23 13:30:00-04:00,12.199999809265137,12.210000038146973,12.150699615478516,12.175000190734863,2977,0.0,0.0
2023-06-23 14:30:00-04:00,12.119999885559082,12.15999984741211,12.079999923706055,12.15999984741211,1854,0.0,0.0
2023-06-23 15:30:00-04:00,12.069999694824219,12.1899995803833,12.010000228881836,12.079999923706055,13455,0.0,0.0
2023-06-26 09:30:00-04:00,12.079999923706055,12.239999771118164,12.0,12.1899995803833,3669,0.0,0.0
2023-06-26 11:30:00-04:00,12.010000228881836,12.09000015258789,12.010000228881836,12.09000015258789,756,0.0,0.0
2023-06-26 12:30:00-04:00,12.050000190734863,12.050000190734863,12.039999961853027,12.039999961853027,935,0.0,0.0
2023-06-26 13:30:00-04:00,12.020000457763672,12.020000457763672,12.020000457763672,12.020000457763672,487,0.0,0.0
2023-06-26 14:30:00-04:00,12.024999618530273,12.119999885559082,12.024999618530273,12.119999885559082,2945,0.0,0.0
2023-06-26 15:30:00-04:00,12.109999656677246,12.109999656677246,11.989999771118164,12.050000190734863,5823,0.0,0.0
2023-06-27 09:30:00-04:00,12.100000381469727,12.100000381469727,12.069999694824219,12.069999694824219,750,0.0,0.0
2023-06-27 10:30:00-04:00,12.079999923706055,12.079999923706055,12.079999923706055,12.079999923706055,201,0.0,0.0
2023-06-27 12:30:00-04:00,12.0600004196167,12.0600004196167,12.0600004196167,12.0600004196167,405,0.0,0.0
2023-06-27 13:30:00-04:00,12.0600004196167,12.0600004196167,12.0600004196167,12.0600004196167,106,0.0,0.0
2023-06-27 14:30:00-04:00,12.139300346374512,12.139300346374512,12.095000267028809,12.095000267028809,389,0.0,0.0
2023-06-27 15:30:00-04:00,12.09000015258789,12.130000114440918,11.90999984741211,11.960000038146973,15648,0.0,0.0
2023-06-28 09:30:00-04:00,11.920000076293945,11.989999771118164,11.640000343322754,11.770000457763672,9481,0.0,0.0
2023-06-28 10:30:00-04:00,11.640000343322754,11.694499969482422,11.640000343322754,11.640000343322754,2882,0.0,0.0
2023-06-28 12:30:00-04:00,11.649999618530273,11.704999923706055,11.649999618530273,11.704999923706055,637,0.0,0.0
2023-06-28 13:30:00-04:00,11.640000343322754,11.725000381469727,11.640000343322754,11.725000381469727,1225,0.0,0.0
2023-06-28 14:30:00-04:00,11.725000381469727,11.725000381469727,11.640000343322754,11.694999694824219,3175,0.0,0.0
2023-06-28 15:30:00-04:00,11.739899635314941,11.739899635314941,11.640000343322754,11.6899995803833,4112,0.0,0.0
2023-06-29 09:30:00-04:00,11.729999542236328,11.739999771118164,11.729999542236328,11.739999771118164,917,0.0,0.0
2023-06-29 10:30:00-04:00,11.930000305175781,11.949999809265137,11.819999694824219,11.864999771118164,3307,0.0,0.0
2023-06-29 11:30:00-04:00,11.899999618530273,11.899999618530273,11.899999618530273,11.899999618530273,742,0.0,0.0
2023-06-29 12:30:00-04:00,11.949999809265137,11.949999809265137,11.904999732971191,11.948200225830078,1444,0.0,0.0
2023-06-29 13:30:00-04:00,11.960000038146973,12.0,11.90999984741211,11.920000076293945,5338,0.0,0.0
2023-06-29 14:30:00-04:00,12.0,12.109999656677246,12.0,12.074000358581543,4347,0.0,0.0
2023-06-29 15:30:00-04:00,12.085000038146973,12.149999618530273,12.010000228881836,12.130000114440918,13959,0.0,0.0
2023-06-30 09:30:00-04:00,12.160300254821777,12.239999771118164,12.140000343322754,12.239999771118164,2955,0.0,0.0
2023-06-30 10:30:00-04:00,12.229999542236328,12.260000228881836,12.149999618530273,12.214300155639648,3236,0.0,0.0
2023-06-30 11:30:00-04:00,12.204999923706055,12.25,12.197500228881836,12.21500015258789,2049,0.0,0.0
2023-06-30 12:30:00-04:00,12.239899635314941,12.479999542236328,12.239899635314941,12.460000038146973,20759,0.0,0.0
2023-06-30 13:30:00-04:00,12.40999984741211,12.40999984741211,12.300000190734863,12.345000267028809,1032,0.0,0.0
2023-06-30 14:30:00-04:00,12.345000267028809,12.4399995803833,12.345000267028809,12.439599990844727,6007,0.0,0.0
2023-06-30 15:30:00-04:00,12.430000305175781,12.439499855041504,12.154999732971191,12.239999771118164,6338,0.0,0.0
2023-07-03 09:30:00-04:00,12.390000343322754,12.489899635314941,12.3100004196167,12.3100004196167,3143,0.0,0.0
2023-07-03 10:30:00-04:00,12.329999923706055,12.329999923706055,12.180000305175781,12.229999542236328,3054,0.0,0.0
2023-07-03 11:30:00-04:00,12.229999542236328,12.350000381469727,12.220000267028809,12.255000114440918,2839,0.0,0.0
2023-07-05 09:30:00-04:00,12.260000228881836,12.34000015258789,12.260000228881836,12.34000015258789,1221,0.0,0.0
2023-07-05 10:30:00-04:00,12.369999885559082,12.444499969482422,12.369999885559082,12.444499969482422,1400,0.0,0.0
2023-07-05 11:30:00-04:00,12.404999732971191,12.550000190734863,12.404999732971191,12.550000190734863,5947,0.0,0.0
2023-07-05 12:30:00-04:00,12.569999694824219,12.630000114440918,12.569999694824219,12.574999809265137,733,0.0,0.0
2023-07-05 13:30:00-04:00,12.569999694824219,12.569999694824219,12.545000076293945,12.545000076293945,986,0.0,0.0
2023-07-05 14:30:00-04:00,12.539999961853027,12.569999694824219,12.53499984741211,12.569999694824219,1927,0.0,0.0
2023-07-05 15:30:00-04:00,12.555000305175781,12.555000305175781,12.4399995803833,12.4399995803833,5499,0.0,0.0
2023-07-06 09:30:00-04:00,12.359999656677246,12.4399995803833,12.300000190734863,12.300000190734863,1282,0.0,0.0
2023-07-06 10:30:00-04:00,12.135000228881836,12.170000076293945,12.135000228881836,12.164999961853027,1472,0.0,0.0
2023-07-06 11:30:00-04:00,12.255000114440918,12.255000114440918,12.170000076293945,12.1899995803833,1543,0.0,0.0
2023-07-06 12:30:00-04:00,12.1899995803833,12.210000038146973,12.1899995803833,12.1899995803833,811,0.0,0.0
2023-07-06 13:30:00-04:00,12.270000457763672,12.270000457763672,12.1899995803833,12.1899995803833,985,0.0,0.0
2023-07-06 14:30:00-04:00,12.190099716186523,12.263999938964844,12.180000305175781,12.234999656677246,5316,0.0,0.0
2023-07-06 15:30:00-04:00,12.260000228881836,12.300000190734863,12.104999542236328,12.220000267028809,11224,0.0,0.0
2023-07-07 09:30:00-04:00,12.270000457763672,12.345000267028809,12.1899995803833,12.1899995803833,1148,0.0,0.0
2023-07-07 10:30:00-04:00,12.180000305175781,12.319999694824219,12.180000305175781,12.3100004196167,1604,0.0,0.0
2023-07-07 11:30:00-04:00,12.329999923706055,12.329999923706055,12.194999694824219,12.260000228881836,692,0.0,0.0
2023-07-07 12:30:00-04:00,12.3100004196167,12.399999618530273,12.3100004196167,12.399999618530273,3380,0.0,0.0
2023-07-07 13:30:00-04:00,12.40999984741211,12.420000076293945,12.220100402832031,12.220100402832031,3102,0.0,0.0
2023-07-07 14:30:00-04:00,12.2677001953125,12.380000114440918,12.265199661254883,12.369999885559082,2781,0.0,0.0
2023-07-07 15:30:00-04:00,12.369999885559082,12.5,12.279999732971191,12.319999694824219,12217,0.0,0.0
2023-07-10 09:30:00-04:00,12.470000267028809,12.545000076293945,12.470000267028809,12.545000076293945,0,0.0,0.0
2023-07-10 10:30:00-04:00,12.529999732971191,12.550000190734863,12.529999732971191,12.529999732971191,612,0.0,0.0
2023-07-10 11:30:00-04:00,12.529999732971191,12.5649995803833,12.395000457763672,12.395000457763672,1195,0.0,0.0
2023-07-10 12:30:00-04:00,12.380000114440918,12.414999961853027,12.260000228881836,12.414999961853027,908,0.0,0.0
2023-07-10 13:30:00-04:00,12.270000457763672,12.417499542236328,12.260000228881836,12.417499542236328,638,0.0,0.0
2023-07-10 14:30:00-04:00,12.470000267028809,12.550000190734863,12.390000343322754,12.390000343322754,1189,0.0,0.0
2023-07-10 15:30:00-04:00,12.449999809265137,12.489999771118164,12.300000190734863,12.390000343322754,5237,0.0,0.0
2023-07-11 09:30:00-04:00,12.460000038146973,12.529999732971191,12.449999809265137,12.449999809265137,585,0.0,0.0
2023-07-11 10:30:00-04:00,12.460000038146973,12.720000267028809,12.460000038146973,12.720000267028809,6745,0.0,0.0
2023-07-11 11:30:00-04:00,12.680000305175781,12.779899597167969,12.670000076293945,12.729999542236328,2809,0.0,0.0
2023-07-11 12:30:00-04:00,12.645000457763672,12.680000305175781,12.449999809265137,12.5,5731,0.0,0.0
2023-07-11 13:30:00-04:00,12.420000076293945,12.640000343322754,12.420000076293945,12.640000343322754,2496,0.0,0.0
2023-07-11 14:30:00-04:00,12.739999771118164,12.739999771118164,12.699999809265137,12.699999809265137,1099,0.0,0.0
2023-07-11 15:30:00-04:00,12.670000076293945,12.670000076293945,12.489999771118164,12.670000076293945,4391,0.0,0.0
2023-07-12 09:30:00-04:00,12.770000457763672,12.779899597167969,12.398799896240234,12.539999961853027,2006,0.0,0.0
2023-07-12 10:30:00-04:00,12.550000190734863,12.669899940490723,12.510000228881836,12.669899940490723,1725,0.0,0.0
2023-07-12 11:30:00-04:00,12.510000228881836,12.659899711608887,12.510000228881836,12.659899711608887,2874,0.0,0.0
2023-07-12 12:30:00-04:00,12.649999618530273,12.649999618530273,12.359999656677246,12.359999656677246,2812,0.0,0.0
2023-07-12 13:30:00-04:00,12.359999656677246,12.60990047454834,12.310099601745605,12.329999923706055,1516,0.0,0.0
2023-07-12 14:30:00-04:00,12.549200057983398,12.599900245666504,12.345000267028809,12.345000267028809,5709,0.0,0.0
2023-07-12 15:30:00-04:00,12.479999542236328,12.579999923706055,12.300000190734863,12.4399995803833,7360,0.0,0.0
2023-07-13 09:30:00-04:00,12.4399995803833,12.494999885559082,12.369999885559082,12.494999885559082,1165,0.0,0.0
2023-07-13 10:30:00-04:00,12.5,12.515000343322754,12.5,12.515000343322754,622,0.0,0.0
2023-07-13 11:30:00-04:00,12.630000114440918,12.694999694824219,12.630000114440918,12.694999694824219,1909,0.0,0.0
2023-07-13 12:30:00-04:00,12.6899995803833,12.696700096130371,12.595000267028809,12.595000267028809,1370,0.0,0.0
2023-07-13 13:30:00-04:00,12.652799606323242,12.652799606323242,12.510000228881836,12.529999732971191,1501,0.0,0.0
2023-07-13 14:30:00-04:00,12.539999961853027,12.696800231933594,12.529999732971191,12.579999923706055,1342,0.0,0.0
2023-07-13 15:30:00-04:00,12.550000190734863,12.640000343322754,12.470000267028809,12.550000190734863,3448,0.0,0.0
2023-07-14 09:30:00-04:00,12.625,12.625,12.5649995803833,12.5649995803833,378,0.0,0.0
2023-07-14 10:30:00-04:00,12.680000305175781,12.789999961853027,12.5,12.5,1895,0.0,0.0
2023-07-14 11:30:00-04:00,12.550000190734863,12.6850004196167,12.3149995803833,12.40999984741211,4609,0.0,0.0
2023-07-14 12:30:00-04:00,12.510000228881836,12.510000228881836,12.3149995803833,12.3149995803833,1432,0.0,0.0
2023-07-14 13:30:00-04:00,12.359999656677246,12.479999542236328,12.359999656677246,12.460000038146973,2103,0.0,0.0
2023-07-14 14:30:00-04:00,12.472299575805664,12.472299575805664,12.40999984741211,12.423700332641602,3145,0.0,0.0
2023-07-14 15:30:00-04:00,12.40999984741211,12.40999984741211,12.300000190734863,12.350000381469727,6635,0.0,0.0
2023-07-17 09:30:00-04:00,12.229999542236328,12.449999809265137,12.229999542236328,12.449999809265137,16035,0.0,0.0
2023-07-17 10:30:00-04:00,12.449999809265137,12.5600004196167,12.34000015258789,12.454000473022461,2273,0.0,0.0
2023-07-17 11:30:00-04:00,12.380000114440918,12.4399995803833,12.375,12.375,8284,0.0,0.0
2023-07-17 12:30:00-04:00,12.420000076293945,12.559900283813477,12.350000381469727,12.559900283813477,4440,0.0,0.0
2023-07-17 13:30:00-04:00,12.559900283813477,12.559900283813477,12.345000267028809,12.359999656677246,8334,0.0,0.0
2023-07-17 14:30:00-04:00,12.5,12.5,12.25,12.270000457763672,13860,0.0,0.0
2023-07-17 15:30:00-04:00,12.229999542236328,12.359999656677246,12.149999618530273,12.25,13057,0.0,0.0
2023-07-18 09:30:00-04:00,12.350000381469727,12.430000305175781,12.350000381469727,12.430000305175781,1331,0.0,0.0
2023-07-18 10:30:00-04:00,12.40999984741211,12.529999732971191,12.40999984741211,12.529999732971191,3665,0.0,0.0
2023-07-18 11:30:00-04:00,12.454999923706055,12.483799934387207,12.454999923706055,12.460000038146973,1491,0.0,0.0
2023-07-18 12:30:00-04:00,12.449999809265137,12.449999809265137,12.449999809265137,12.449999809265137,819,0.0,0.0
2023-07-18 13:30:00-04:00,12.449999809265137,12.539999961853027,12.449999809265137,12.449999809265137,1216,0.0,0.0
2023-07-18 14:30:00-04:00,12.460000038146973,12.569999694824219,12.430000305175781,12.569999694824219,4330,0.0,0.0
2023-07-18 15:30:00-04:00,12.630000114440918,12.649999618530273,12.579999923706055,12.609999656677246,3868,0.0,0.0
2023-07-19 09:30:00-04:00,12.600000381469727,12.710000038146973,12.600000381469727,12.640000343322754,1663,0.0,0.0
2023-07-19 10:30:00-04:00,12.71500015258789,12.71500015258789,12.71500015258789,12.71500015258789,242,0.0,0.0
2023-07-19 11:30:00-04:00,12.75,12.850000381469727,12.724699974060059,12.73009967803955,7335,0.0,0.0
2023-07-19 12:30:00-04:00,12.800000190734863,12.869999885559082,12.800000190734863,12.810099601745605,757,0.0,0.0
2023-07-19 13:30:00-04:00,12.84000015258789,12.84000015258789,12.839300155639648,12.839300155639648,1239,0.0,0.0
2023-07-19 14:30:00-04:00,12.812000274658203,12.90999984741211,12.812000274658203,12.90999984741211,3144,0.0,0.0
2023-07-19 15:30:00-04:00,12.9399995803833,13.010000228881836,12.90999984741211,12.949999809265137,6833,0.0,0.0
2023-07-20 09:30:00-04:00,12.949999809265137,13.039999961853027,12.949999809265137,13.020000457763672,1129,0.0,0.0
2023-07-20 10:30:00-04:00,13.037400245666504,13.069899559020996,13.0,13.03499984741211,3678,0.0,0.0
2023-07-20 11:30:00-04:00,13.079999923706055,13.09000015258789,13.0,13.0649995803833,1346,0.0,0.0
2023-07-20 12:30:00-04:00,13.020000457763672,13.11989974975586,13.0,13.0,4283,0.0,0.0
2023-07-20 13:30:00-04:00,13.0,13.010000228881836,12.960000038146973,12.960000038146973,7168,0.0,0.0
2023-07-20 14:30:00-04:00,12.979999542236328,13.020000457763672,12.930000305175781,12.930000305175781,1531,0.0,0.0
2023-07-20 15:30:00-04:00,12.9399995803833,13.039999961853027,12.930000305175781,13.039999961853027,5087,0.0,0.0
2023-07-21 09:30:00-04:00,13.069999694824219,13.069999694824219,12.784600257873535,12.784600257873535,4390,0.0,0.0
2023-07-21 11:30:00-04:00,12.899999618530273,12.899999618530273,12.899999618530273,12.899999618530273,1080,0.0,0.0
2023-07-21 12:30:00-04:00,12.9399995803833,12.9399995803833,12.9399995803833,12.9399995803833,637,0.0,0.0
2023-07-21 13:30:00-04:00,12.875,12.875,12.864999771118164,12.864999771118164,1311,0.0,0.0
2023-07-21 14:30:00-04:00,12.864999771118164,12.869999885559082,12.864999771118164,12.869999885559082,767,0.0,0.0
2023-07-21 15:30:00-04:00,12.84000015258789,12.84000015258789,12.460000038146973,12.630000114440918,10687,0.0,0.0
2023-07-24 09:30:00-04:00,12.510000228881836,12.710000038146973,12.510000228881836,12.614999771118164,2483,0.0,0.0
2023-07-24 10:30:00-04:00,12.579999923706055,12.585000038146973,12.524999618530273,12.524999618530273,5747,0.0,0.0
2023-07-24 11:30:00-04:00,12.470000267028809,12.5600004196167,12.470000267028809,12.489999771118164,1519,0.0,0.0
2023-07-24 12:30:00-04:00,12.489999771118164,12.65999984741211,12.489999771118164,12.65999984741211,7463,0.0,0.0
2023-07-24 13:30:00-04:00,12.65999984741211,12.699999809265137,12.529999732971191,12.529999732971191,873,0.0,0.0
2023-07-24 14:30:00-04:00,12.670000076293945,12.670000076293945,12.550000190734863,12.5600004196167,3555,0.0,0.0
2023-07-24 15:30:00-04:00,12.609999656677246,12.819999694824219,12.609999656677246,12.819999694824219,3643,0.0,0.0
2023-07-25 10:30:00-04:00,12.66409969329834,12.66409969329834,12.66409969329834,12.66409969329834,776,0.0,0.0
2023-07-25 11:30:00-04:00,12.850000381469727,12.859999656677246,12.649999618530273,12.859999656677246,572,0.0,0.0
2023-07-25 12:30:00-04:00,12.859999656677246,12.859999656677246,12.472399711608887,12.472399711608887,2830,0.0,0.0
2023-07-25 13:30:00-04:00,12.680000305175781,12.680000305175781,12.680000305175781,12.680000305175781,406,0.0,0.0
2023-07-25 14:30:00-04:00,12.699999809265137,12.699999809265137,12.6899995803833,12.699999809265137,1318,0.0,0.0
2023-07-25 15:30:00-04:00,12.6899995803833,12.699999809265137,12.522600173950195,12.539999961853027,5320,0.0,0.0
2023-07-26 09:30:00-04:00,12.5,12.520000457763672,12.5,12.520000457763672,381,0.0,0.0
2023-07-26 10:30:00-04:00,12.5600004196167,12.770000457763672,12.5600004196167,12.5600004196167,1236,0.0,0.0
2023-07-26 11:30:00-04:00,12.765000343322754,12.765000343322754,12.569999694824219,12.569999694824219,258,0.0,0.0
2023-07-26 12:30:00-04:00,12.739999771118164,12.739999771118164,12.569999694824219,12.569999694824219,1425,0.0,0.0
2023-07-26 13:30:00-04:00,12.6899995803833,12.6899995803833,12.671500205993652,12.671500205993652,1009,0.0,0.0
2023-07-26 14:30:00-04:00,12.664999961853027,12.699999809265137,12.649999618530273,12.699999809265137,3239,0.0,0.0
2023-07-26 15:30:00-04:00,12.6899995803833,12.699999809265137,12.65999984741211,12.699999809265137,2682,0.0,0.0
2023-07-27 09:30:00-04:00,12.680000305175781,12.851300239562988,12.680000305175781,12.851300239562988,780,0.0,0.0
2023-07-27 10:30:00-04:00,12.739999771118164,12.739999771118164,12.520000457763672,12.520000457763672,1863,0.0,0.0
2023-07-27 11:30:00-04:00,12.520000457763672,12.635199546813965,12.520000457763672,12.569999694824219,1610,0.0,0.0
2023-07-27 12:30:00-04:00,12.569999694824219,12.569999694824219,12.510000228881836,12.510000228881836,1613,0.0,0.0
2023-07-27 13:30:00-04:00,12.521900177001953,12.521900177001953,12.239999771118164,12.239999771118164,6150,0.0,0.0
2023-07-27 15:30:00-04:00,12.305000305175781,12.420000076293945,12.289999961853027,12.359999656677246,3217,0.0,0.0
2023-07-28 09:30:00-04:00,12.4399995803833,12.4399995803833,12.343700408935547,12.435600280761719,658,0.0,0.0
2023-07-28 10:30:00-04:00,12.279999732971191,12.489999771118164,12.260000228881836,12.489999771118164,1640,0.0,0.0
2023-07-28 11:30:00-04:00,12.5,12.5,12.319999694824219,12.425000190734863,1162,0.0,0.0
2023-07-28 12:30:00-04:00,12.350000381469727,12.470000267028809,12.350000381469727,12.470000267028809,773,0.0,0.0
2023-07-28 13:30:00-04:00,12.390000343322754,12.399999618530273,12.1899995803833,12.1899995803833,3596,0.0,0.0
2023-07-28 14:30:00-04:00,12.34000015258789,12.34000015258789,12.199999809265137,12.265000343322754,1055,0.0,0.0
2023-07-28 15:30:00-04:00,12.265000343322754,12.380000114440918,12.239999771118164,12.34000015258789,2165,0.0,0.0
2023-07-31 09:30:00-04:00,12.399999618530273,12.4399995803833,12.217300415039062,12.289999961853027,1984,0.0,0.0
2023-07-31 10:30:00-04:00,12.420000076293945,12.460000038146973,12.260000228881836,12.260000228881836,3382,0.0,0.0
2023-07-31 11:30:00-04:00,12.40999984741211,12.5,12.40999984741211,12.4399995803833,15775,0.0,0.0
2023-07-31 12:30:00-04:00,12.440099716186523,12.499899864196777,12.440099716186523,12.48960018157959,910,0.0,0.0
2023-07-31 13:30:00-04:00,12.5,12.529999732971191,12.430000305175781,12.430000305175781,2839,0.0,0.0
2023-07-31 14:30:00-04:00,12.420000076293945,12.420000076293945,12.34000015258789,12.399999618530273,1974,0.0,0.0
2023-07-31 15:30:00-04:00,12.399999618530273,12.479999542236328,12.300000190734863,12.34000015258789,5960,0.0,0.0
2023-08-01 09:30:00-04:00,12.40999984741211,12.454999923706055,12.40999984741211,12.454999923706055,0,0.0,0.0
2023-08-01 10:30:00-04:00,12.430000305175781,12.430000305175781,12.350000381469727,12.375,1115,0.0,0.0
2023-08-01 11:30:00-04:00,12.390000343322754,12.390000343322754,12.34000015258789,12.34000015258789,1139,0.0,0.0
2023-08-01 12:30:00-04:00,12.390000343322754,12.390000343322754,12.350000381469727,12.364999771118164,1442,0.0,0.0
2023-08-01 13:30:00-04:00,12.350000381469727,12.359999656677246,12.29069995880127,12.324999809265137,4037,0.0,0.0
2023-08-01 14:30:00-04:00,12.359999656677246,12.359999656677246,12.300000190734863,12.3149995803833,1191,0.0,0.0
2023-08-01 15:30:00-04:00,12.350000381469727,12.380000114440918,12.3149995803833,12.359999656677246,5069,0.0,0.0
2023-08-02 09:30:00-04:00,12.345499992370605,12.460000038146973,12.345499992370605,12.460000038146973,1049,0.0,0.0
2023-08-02 10:30:00-04:00,12.260000228881836,12.260000228881836,12.260000228881836,12.260000228881836,407,0.0,0.0
2023-08-02 11:30:00-04:00,12.430000305175781,12.430000305175781,12.335000038146973,12.335000038146973,777,0.0,0.0
2023-08-02 12:30:00-04:00,12.279999732971191,12.279999732971191,12.279999732971191,12.279999732971191,674,0.0,0.0
2023-08-02 13:30:00-04:00,12.319999694824219,12.319999694824219,12.319999694824219,12.319999694824219,414,0.0,0.0
2023-08-02 14:30:00-04:00,12.40999984741211,12.40999984741211,12.40999984741211,12.40999984741211,741,0.0,0.0
2023-08-02 15:30:00-04:00,12.3100004196167,12.369999885559082,12.220000267028809,12.369999885559082,12121,0.0,0.0
2023-08-03 09:30:00-04:00,12.539899826049805,12.539899826049805,12.433899879455566,12.433899879455566,0,0.0,0.0
2023-08-03 10:30:00-04:00,12.350000381469727,12.350000381469727,12.149999618530273,12.149999618530273,927,0.0,0.0
2023-08-03 12:30:00-04:00,12.170000076293945,12.350000381469727,12.170000076293945,12.350000381469727,541,0.0,0.0
2023-08-03 13:30:00-04:00,12.239999771118164,12.255000114440918,12.029999732971191,12.220000267028809,3958,0.0,0.0
2023-08-03 14:30:00-04:00,12.25,12.25,11.990099906921387,12.0600004196167,2529,0.0,0.0
2023-08-03 15:30:00-04:00,12.140000343322754,12.210000038146973,12.050000190734863,12.210000038146973,1408,0.0,0.0
2023-08-04 09:30:00-04:00,13.130000114440918,13.329999923706055,12.609999656677246,13.0,14797,0.0,0.0
2023-08-04 10:30:00-04:00,13.050000190734863,13.399999618530273,13.0177001953125,13.25,4654,0.0,0.0
2023-08-04 11:30:00-04:00,13.180000305175781,13.4399995803833,13.180000305175781,13.210000038146973,7148,0.0,0.0
2023-08-04 12:30:00-04:00,13.085000038146973,13.100000381469727,13.085000038146973,13.100000381469727,2145,0.0,0.0
2023-08-04 13:30:00-04:00,13.100000381469727,13.100000381469727,13.100000381469727,13.100000381469727,279,0.0,0.0
2023-08-04 14:30:00-04:00,13.135000228881836,13.220000267028809,13.135000228881836,13.220000267028809,2081,0.0,0.0
2023-08-04 15:30:00-04:00,13.199999809265137,13.199999809265137,13.010000228881836,13.010000228881836,7291,0.0,0.0
2023-08-07 09:30:00-04:00,13.210000038146973,13.569999694824219,13.1766996383667,13.5,10547,0.0,0.0
2023-08-07 10:30:00-04:00,13.520000457763672,13.589400291442871,13.380000114440918,13.380000114440918,5813,0.0,0.0
2023-08-07 11:30:00-04:00,13.420000076293945,13.420000076293945,13.199999809265137,13.199999809265137,1842,0.0,0.0
2023-08-07 12:30:00-04:00,13.15999984741211,13.15999984741211,13.100000381469727,13.140000343322754,4896,0.0,0.0
2023-08-07 13:30:00-04:00,13.149999618530273,13.149999618530273,13.079999923706055,13.079999923706055,1201,0.0,0.0
2023-08-07 14:30:00-04:00,13.0600004196167,13.0600004196167,12.899999618530273,12.899999618530273,4614,0.0,0.0
2023-08-07 15:30:00-04:00,12.920000076293945,13.079999923706055,12.819999694824219,13.079999923706055,9158,0.0,0.0
2023-08-08 09:30:00-04:00,12.770000457763672,12.770000457763672,12.770000457763672,12.770000457763672,1189,0.0,0.0
2023-08-08 10:30:00-04:00,12.800000190734863,12.800000190734863,12.579999923706055,12.675000190734863,2915,0.0,0.0
2023-08-08 11:30:00-04:00,12.720000267028809,12.800000190734863,12.720000267028809,12.800000190734863,1864,0.0,0.0
2023-08-08 12:30:00-04:00,12.774999618530273,12.850000381469727,12.774999618530273,12.814200401306152,1917,0.0,0.0
2023-08-08 13:30:00-04:00,12.843700408935547,12.900300025939941,12.843700408935547,12.859999656677246,4063,0.0,0.0
2023-08-08 14:30:00-04:00,12.859999656677246,12.930000305175781,12.609999656677246,12.90999984741211,5643,0.0,0.0
2023-08-08 15:30:00-04:00,12.824999809265137,13.010000228881836,12.6899995803833,12.960000038146973,7292,0.0,0.0
2023-08-09 09:30:00-04:00,13.100000381469727,13.100000381469727,12.798700332641602,12.798700332641602,2389,0.0,0.0
2023-08-09 10:30:00-04:00,12.848600387573242,12.899999618530273,12.8100004196167,12.844799995422363,3466,0.0,0.0
2023-08-09 11:30:00-04:00,12.848999977111816,12.908499717712402,12.84000015258789,12.908499717712402,4740,0.0,0.0
2023-08-09 12:30:00-04:00,12.895000457763672,13.16510009765625,12.84000015258789,13.069999694824219,11958,0.0,0.0
2023-08-09 13:30:00-04:00,13.0,13.069999694824219,12.90999984741211,13.069999694824219,1330,0.0,0.0
2023-08-09 14:30:00-04:00,12.968999862670898,13.010000228881836,12.920000076293945,12.991100311279297,4527,0.0,0.0
2023-08-09 15:30:00-04:00,13.0,13.045000076293945,12.798600196838379,12.90999984741211,4104,0.0,0.0
2023-08-10 09:30:00-04:00,13.0,13.095000267028809,13.0,13.095000267028809,861,0.0,0.0
2023-08-10 10:30:00-04:00,13.000100135803223,13.069999694824219,13.000100135803223,13.0600004196167,764,0.0,0.0
2023-08-10 11:30:00-04:00,12.949999809265137,13.005000114440918,12.949999809265137,12.954999923706055,1180,0.0,0.0
2023-08-10 12:30:00-04:00,12.930000305175781,13.177300453186035,12.930000305175781,13.177300453186035,3953,0.0,0.0
2023-08-10 13:30:00-04:00,13.069999694824219,13.109999656677246,13.020000457763672,13.079999923706055,2815,0.0,0.0
2023-08-10 14:30:00-04:00,13.09000015258789,13.1899995803833,13.085000038146973,13.135000228881836,3699,0.0,0.0
2023-08-10 15:30:00-04:00,13.119999885559082,13.149999618530273,13.079999923706055,13.149999618530273,3003,0.0,0.0
2023-08-11 09:30:00-04:00,13.15999984741211,13.15999984741211,13.15999984741211,13.15999984741211,651,0.0,0.0
2023-08-11 10:30:00-04:00,13.140000343322754,13.140000343322754,13.130000114440918,13.130000114440918,692,0.0,0.0
2023-08-11 11:30:00-04:00,13.149999618530273,13.199999809265137,13.125,13.145899772644043,2806,0.0,0.0
2023-08-11 12:30:00-04:00,13.180000305175781,13.279999732971191,13.149999618530273,13.279999732971191,1654,0.0,0.0
2023-08-11 13:30:00-04:00,13.28499984741211,13.289999961853027,13.180100440979004,13.25,2147,0.0,0.0
2023-08-11 14:30:00-04:00,13.25,13.25,13.119999885559082,13.175000190734863,2653,0.0,0.0
2023-08-11 15:30:00-04:00,13.170000076293945,13.260000228881836,13.170000076293945,13.260000228881836,2107,0.0,0.0
2023-08-14 09:30:00-04:00,13.25,13.34000015258789,13.039999961853027,13.045000076293945,5026,0.0,0.0
2023-08-14 10:30:00-04:00,13.194999694824219,13.390000343322754,13.0600004196167,13.34000015258789,11554,0.0,0.0
2023-08-14 11:30:00-04:00,13.34000015258789,13.350000381469727,13.199999809265137,13.279999732971191,4147,0.0,0.0
2023-08-14 12:30:00-04:00,13.119999885559082,13.1899995803833,13.109999656677246,13.15999984741211,1261,0.0,0.0
2023-08-14 13:30:00-04:00,13.069999694824219,13.146699905395508,13.069999694824219,13.146699905395508,2142,0.0,0.0
2023-08-14 14:30:00-04:00,13.100000381469727,13.15999984741211,12.960000038146973,13.15999984741211,7254,0.0,0.0
2023-08-14 15:30:00-04:00,13.255000114440918,13.260000228881836,13.069999694824219,13.140000343322754,8639,0.0,0.0
2023-08-15 09:30:00-04:00,13.029999732971191,13.029999732971191,13.029999732971191,13.029999732971191,1200,0.0,0.0
2023-08-15 11:30:00-04:00,13.045000076293945,13.199999809265137,13.045000076293945,13.09000015258789,526,0.0,0.0
2023-08-15 12:30:00-04:00,13.039999961853027,13.039999961853027,13.039999961853027,13.039999961853027,189,0.0,0.0
2023-08-15 13:30:00-04:00,13.134599685668945,13.25,13.134599685668945,13.199999809265137,2868,0.0,0.0
2023-08-15 14:30:00-04:00,13.079999923706055,13.079999923706055,13.079999923706055,13.079999923706055,623,0.0,0.0
2023-08-15 15:30:00-04:00,13.114999771118164,13.114999771118164,12.850000381469727,12.970000267028809,7800,0.0,0.0
2023-08-16 09:30:00-04:00,13.029999732971191,13.029999732971191,12.870100021362305,12.90999984741211,1628,0.0,0.0
2023-08-16 10:30:00-04:00,12.930000305175781,13.024999618530273,12.930000305175781,13.024999618530273,1492,0.0,0.0
2023-08-16 11:30:00-04:00,13.0600004196167,13.0600004196167,12.920000076293945,12.920000076293945,1538,0.0,0.0
2023-08-16 12:30:00-04:00,12.944999694824219,12.949999809265137,12.850000381469727,12.850000381469727,1975,0.0,0.0
2023-08-16 13:30:00-04:00,12.84000015258789,12.914999961853027,12.84000015258789,12.914999961853027,1432,0.0,0.0
2023-08-16 14:30:00-04:00,12.954999923706055,13.020000457763672,12.946700096130371,12.949999809265137,4330,0.0,0.0
2023-08-16 15:30:00-04:00,13.0,13.145000457763672,12.9399995803833,13.03499984741211,2712,0.0,0.0
2023-08-17 09:30:00-04:00,13.069999694824219,13.069999694824219,12.869999885559082,12.869999885559082,1095,0.0,0.0
2023-08-17 10:30:00-04:00,12.96500015258789,13.010100364685059,12.869999885559082,13.010000228881836,2282,0.0,0.0
2023-08-17 12:30:00-04:00,13.0600004196167,13.064000129699707,12.968799591064453,13.064000129699707,935,0.0,0.0
2023-08-17 13:30:00-04:00,13.069999694824219,13.09000015258789,13.069999694824219,13.09000015258789,813,0.0,0.0
2023-08-17 15:30:00-04:00,12.890000343322754,13.079999923706055,12.890000343322754,13.079999923706055,1634,0.0,0.0
2023-08-18 09:30:00-04:00,12.829999923706055,13.140000343322754,12.75,13.015000343322754,4576,0.0,0.0
2023-08-18 10:30:00-04:00,13.07859992980957,13.25,13.07859992980957,13.25,18805,0.0,0.0
2023-08-18 11:30:00-04:00,13.244999885559082,13.244999885559082,13.069999694824219,13.130000114440918,5285,0.0,0.0
2023-08-18 12:30:00-04:00,13.109999656677246,13.145000457763672,13.069999694824219,13.069999694824219,2178,0.0,0.0
2023-08-18 13:30:00-04:00,13.085000038146973,13.085000038146973,13.069999694824219,13.069999694824219,488,0.0,0.0
2023-08-18 14:30:00-04:00,13.09000015258789,13.149999618530273,13.09000015258789,13.149999618530273,1613,0.0,0.0
2023-08-18 15:30:00-04:00,13.260000228881836,13.260000228881836,12.789999961853027,12.890000343322754,13743,0.0,0.0
2023-08-21 09:30:00-04:00,13.039999961853027,13.300000190734863,13.014599800109863,13.180000305175781,3492,0.0,0.0
2023-08-21 10:30:00-04:00,13.170000076293945,13.239999771118164,13.170000076293945,13.199999809265137,2539,0.0,0.0
2023-08-21 11:30:00-04:00,13.199999809265137,13.4399995803833,13.164999961853027,13.4399995803833,11437,0.0,0.0
2023-08-21 12:30:00-04:00,13.505000114440918,13.569999694824219,13.4399995803833,13.479999542236328,1483,0.0,0.0
2023-08-21 13:30:00-04:00,13.479999542236328,13.479999542236328,13.454999923706055,13.479999542236328,3636,0.0,0.0
2023-08-21 14:30:00-04:00,13.520000457763672,13.609999656677246,13.5,13.609999656677246,2604,0.0,0.0
2023-08-21 15:30:00-04:00,13.619999885559082,13.800000190734863,13.609999656677246,13.739999771118164,10811,0.0,0.0
2023-08-22 09:30:00-04:00,13.720000267028809,13.720000267028809,13.510000228881836,13.529999732971191,3284,0.0,0.0
2023-08-22 10:30:00-04:00,13.319999694824219,13.354999542236328,13.319999694824219,13.354999542236328,1602,0.0,0.0
2023-08-22 11:30:00-04:00,13.319999694824219,13.319999694824219,13.229999542236328,13.300000190734863,3233,0.0,0.0
2023-08-22 12:30:00-04:00,13.199999809265137,13.199999809265137,13.0600004196167,13.1899995803833,1648,0.0,0.0
2023-08-22 13:30:00-04:00,13.220000267028809,13.313199996948242,13.135299682617188,13.303799629211426,2606,0.0,0.0
2023-08-22 14:30:00-04:00,13.229999542236328,13.296600341796875,13.21500015258789,13.21500015258789,4353,0.0,0.0
2023-08-22 15:30:00-04:00,13.21500015258789,13.300000190734863,13.100000381469727,13.100000381469727,11761,0.0,0.0
2023-08-23 09:30:00-04:00,13.100000381469727,13.495499610900879,13.100000381469727,13.359999656677246,1053,0.0,0.0
2023-08-23 10:30:00-04:00,13.100000381469727,13.140000343322754,13.100000381469727,13.100000381469727,844,0.0,0.0
2023-08-23 11:30:00-04:00,13.168899536132812,13.168899536132812,13.09000015258789,13.104999542236328,3424,0.0,0.0
2023-08-23 12:30:00-04:00,13.100000381469727,13.109999656677246,13.010000228881836,13.010000228881836,1854,0.0,0.0
2023-08-23 13:30:00-04:00,13.178500175476074,13.178500175476074,13.010000228881836,13.010000228881836,1116,0.0,0.0
2023-08-23 14:30:00-04:00,13.100000381469727,13.100000381469727,13.0,13.0,1741,0.0,0.0
2023-08-23 15:30:00-04:00,13.0,13.029999732971191,12.949999809265137,12.949999809265137,3801,0.0,0.0
2023-08-24 09:30:00-04:00,13.0,13.233499526977539,13.0,13.020000457763672,1561,0.0,0.0
2023-08-24 10:30:00-04:00,12.970000267028809,12.970000267028809,12.819999694824219,12.829999923706055,1973,0.0,0.0
2023-08-24 11:30:00-04:00,12.890000343322754,12.890000343322754,12.829999923706055,12.829999923706055,634,0.0,0.0
2023-08-24 12:30:00-04:00,12.829999923706055,12.859999656677246,12.748900413513184,12.789999961853027,1745,0.0,0.0
2023-08-24 13:30:00-04:00,12.760000228881836,12.78499984741211,12.630000114440918,12.649999618530273,5259,0.0,0.0
2023-08-24 14:30:00-04:00,12.649999618530273,12.835000038146973,12.649999618530273,12.835000038146973,6060,0.0,0.0
2023-08-24 15:30:00-04:00,12.831100463867188,12.899999618530273,12.800000190734863,12.850000381469727,4220,0.0,0.0
2023-08-25 09:30:00-04:00,12.789999961853027,12.850000381469727,12.75,12.8149995803833,2076,0.0,0.0
2023-08-25 10:30:00-04:00,12.649999618530273,12.649999618530273,12.59000015258789,12.59000015258789,1318,0.0,0.0
2023-08-25 11:30:00-04:00,12.598999977111816,12.649900436401367,12.598999977111816,12.600000381469727,773,0.0,0.0
2023-08-25 12:30:00-04:00,12.630000114440918,12.720000267028809,12.601799964904785,12.65999984741211,2532,0.0,0.0
2023-08-25 13:30:00-04:00,12.649999618530273,12.649999618530273,12.649999618530273,12.649999618530273,695,0.0,0.0
2023-08-25 14:30:00-04:00,12.649999618530273,12.779899597167969,12.645000457763672,12.770000457763672,1753,0.0,0.0
2023-08-25 15:30:00-04:00,12.779999732971191,12.789999961853027,12.739999771118164,12.75,3963,0.0,0.0
2023-08-28 09:30:00-04:00,12.6899995803833,12.775899887084961,12.6899995803833,12.724900245666504,2233,0.0,0.0
2023-08-28 10:30:00-04:00,12.729999542236328,12.7878999710083,12.710000038146973,12.710000038146973,3249,0.0,0.0
2023-08-28 11:30:00-04:00,12.779999732971191,12.930000305175781,12.779999732971191,12.867400169372559,1929,0.0,0.0
2023-08-28 12:30:00-04:00,12.850000381469727,12.850000381469727,12.850000381469727,12.850000381469727,554,0.0,0.0
2023-08-28 14:30:00-04:00,12.800000190734863,12.829999923706055,12.800000190734863,12.829999923706055,1387,0.0,0.0
2023-08-28 15:30:00-04:00,12.859999656677246,13.020000457763672,12.829999923706055,12.90999984741211,5145,0.0,0.0
2023-08-29 09:30:00-04:00,12.869999885559082,12.869999885559082,12.869999885559082,12.869999885559082,395,0.0,0.0
2023-08-29 10:30:00-04:00,13.129899978637695,13.130000114440918,12.870100021362305,12.870100021362305,1525,0.0,0.0
2023-08-29 11:30:00-04:00,12.96310043334961,12.96310043334961,12.835000038146973,12.880000114440918,2562,0.0,0.0
2023-08-29 13:30:00-04:00,12.899999618530273,12.949999809265137,12.819999694824219,12.819999694824219,3599,0.0,0.0
2023-08-29 14:30:00-04:00,12.8149995803833,12.859999656677246,12.8149995803833,12.859999656677246,886,0.0,0.0
2023-08-29 15:30:00-04:00,12.8149995803833,12.850000381469727,12.739999771118164,12.770000457763672,8740,0.0,0.0
2023-08-30 09:30:00-04:00,12.800000190734863,12.949999809265137,12.75,12.75,3015,0.0,0.0
2023-08-30 10:30:00-04:00,12.6899995803833,12.8100004196167,12.649999618530273,12.679900169372559,12266,0.0,0.0
2023-08-30 11:30:00-04:00,12.664999961853027,12.682100296020508,12.649999618530273,12.649999618530273,2391,0.0,0.0
2023-08-30 12:30:00-04:00,12.654999732971191,12.654999732971191,12.550100326538086,12.550100326538086,1917,0.0,0.0
2023-08-30 13:30:00-04:00,12.600000381469727,12.600000381469727,12.40999984741211,12.40999984741211,2305,0.0,0.0
2023-08-30 14:30:00-04:00,12.550000190734863,12.65999984741211,12.550000190734863,12.596099853515625,4253,0.0,0.0
2023-08-30 15:30:00-04:00,12.5,12.649999618530273,12.5,12.649999618530273,7798,0.0,0.0
2023-08-31 09:30:00-04:00,12.6899995803833,12.6899995803833,12.5600004196167,12.680000305175781,3250,0.0,0.0
2023-08-31 10:30:00-04:00,12.579999923706055,12.630000114440918,12.520000457763672,12.520000457763672,1457,0.0,0.0
2023-08-31 11:30:00-04:00,12.569999694824219,12.649999618530273,12.5,12.649999618530273,2967,0.0,0.0
2023-08-31 12:30:00-04:00,12.649999618530273,12.680000305175781,12.557499885559082,12.614999771118164,5044,0.0,0.0
2023-08-31 13:30:00-04:00,12.680000305175781,12.829999923706055,12.680000305175781,12.739999771118164,6421,0.0,0.0
2023-08-31 14:30:00-04:00,12.6899995803833,12.8100004196167,12.60990047454834,12.8100004196167,7780,0.0,0.0
2023-08-31 15:30:00-04:00,12.635000228881836,12.710000038146973,12.539999961853027,12.649999618530273,6182,0.0,0.0
2023-09-01 09:30:00-04:00,12.619999885559082,12.8100004196167,12.569999694824219,12.604999542236328,1016,0.0,0.0
2023-09-01 10:30:00-04:00,12.670000076293945,12.675000190734863,12.555000305175781,12.675000190734863,1483,0.0,0.0
2023-09-01 11:30:00-04:00,12.604999542236328,12.604999542236328,12.489999771118164,12.529999732971191,3636,0.0,0.0
2023-09-01 12:30:00-04:00,12.609999656677246,12.609999656677246,12.23449993133545,12.335000038146973,11113,0.0,0.0
2023-09-01 13:30:00-04:00,12.395000457763672,12.494999885559082,12.395000457763672,12.494999885559082,1858,0.0,0.0
2023-09-01 14:30:00-04:00,12.496600151062012,12.496600151062012,12.422200202941895,12.425000190734863,1923,0.0,0.0
2023-09-01 15:30:00-04:00,12.369999885559082,12.5,12.369999885559082,12.4399995803833,4613,0.0,0.0
2023-09-05 09:30:00-04:00,12.319999694824219,12.449899673461914,11.850000381469727,12.350000381469727,5528,0.0,0.0
2023-09-05 10:30:00-04:00,12.345000267028809,12.345000267028809,12.204999923706055,12.204999923706055,5676,0.0,0.0
2023-09-05 11:30:00-04:00,12.194999694824219,12.260000228881836,12.194999694824219,12.260000228881836,1254,0.0,0.0
2023-09-05 12:30:00-04:00,12.248299598693848,12.295000076293945,12.170000076293945,12.234999656677246,1935,0.0,0.0
2023-09-05 13:30:00-04:00,12.279999732971191,12.300000190734863,12.1899995803833,12.295000076293945,1630,0.0,0.0
2023-09-05 14:30:00-04:00,12.244999885559082,12.300000190734863,12.210000038146973,12.255000114440918,3533,0.0,0.0
2023-09-05 15:30:00-04:00,12.25,12.289999961853027,12.199999809265137,12.199999809265137,5798,0.0,0.0
2023-09-06 09:30:00-04:00,12.350000381469727,13.079999923706055,12.350000381469727,12.979999542236328,21792,0.0,0.0
2023-09-06 10:30:00-04:00,12.850000381469727,12.95580005645752,12.625300407409668,12.640000343322754,5428,0.0,0.0
2023-09-06 11:30:00-04:00,12.645000457763672,12.699999809265137,12.600099563598633,12.600099563598633,6107,0.0,0.0
2023-09-06 12:30:00-04:00,12.600099563598633,12.774999618530273,12.600099563598633,12.774999618530273,5001,0.0,0.0
2023-09-06 13:30:00-04:00,12.800000190734863,12.84000015258789,12.710000038146973,12.84000015258789,2928,0.0,0.0
2023-09-06 14:30:00-04:00,12.819999694824219,12.949999809265137,12.8100004196167,12.869999885559082,3817,0.0,0.0
2023-09-06 15:30:00-04:00,12.859999656677246,13.0,12.859999656677246,12.979999542236328,9506,0.0,0.0
2023-09-07 09:30:00-04:00,13.079999923706055,13.079999923706055,12.84000015258789,12.846400260925293,3879,0.0,0.0
2023-09-07 10:30:00-04:00,12.779999732971191,12.960000038146973,12.740099906921387,12.920000076293945,5836,0.0,0.0
2023-09-07 11:30:00-04:00,12.90999984741211,12.930000305175781,12.880000114440918,12.899900436401367,6590,0.0,0.0
2023-09-07 12:30:00-04:00,12.859999656677246,12.859999656677246,12.670000076293945,12.6899995803833,1908,0.0,0.0
2023-09-07 13:30:00-04:00,12.6899995803833,12.864399909973145,12.630000114440918,12.694999694824219,3738,0.0,0.0
2023-09-07 14:30:00-04:00,12.619999885559082,12.619999885559082,12.444999694824219,12.499899864196777,5116,0.0,0.0
2023-09-07 15:30:00-04:00,12.499899864196777,12.670000076293945,12.359999656677246,12.59000015258789,28725,0.0,0.0
2023-09-08 09:30:00-04:00,12.600000381469727,12.774999618530273,12.600000381469727,12.774999618530273,3584,0.0,0.0
2023-09-08 10:30:00-04:00,12.889900207519531,12.890000343322754,12.75,12.890000343322754,8580,0.0,0.0
2023-09-08 11:30:00-04:00,12.930000305175781,12.9399995803833,12.820099830627441,12.859999656677246,8970,0.0,0.0
2023-09-08 12:30:00-04:00,12.949999809265137,12.989999771118164,12.869999885559082,12.869999885559082,730,0.0,0.0
2023-09-08 13:30:00-04:00,12.864999771118164,12.869999885559082,12.760000228881836,12.819999694824219,8079,0.0,0.0
2023-09-08 14:30:00-04:00,12.819999694824219,12.9399995803833,12.789999961853027,12.899999618530273,13068,0.0,0.0
2023-09-08 15:30:00-04:00,12.979999542236328,12.979999542236328,12.880000114440918,12.920000076293945,13300,0.0,0.0
2023-09-11 09:30:00-04:00,13.079999923706055,13.329999923706055,12.761500358581543,13.329999923706055,11952,0.0,0.0
2023-09-11 10:30:00-04:00,13.28499984741211,13.369999885559082,13.151100158691406,13.359999656677246,7218,0.0,0.0
2023-09-11 11:30:00-04:00,13.390000343322754,13.40880012512207,13.279999732971191,13.279999732971191,3703,0.0,0.0
2023-09-11 12:30:00-04:00,13.274999618530273,13.630000114440918,13.270000457763672,13.39009952545166,12017,0.0,0.0
2023-09-11 13:30:00-04:00,13.539999961853027,13.550000190734863,13.46500015258789,13.46500015258789,702,0.0,0.0
2023-09-11 14:30:00-04:00,13.46560001373291,13.51990032196045,13.40999984741211,13.5,1294,0.0,0.0
2023-09-11 15:30:00-04:00,13.484999656677246,13.484999656677246,13.390000343322754,13.430000305175781,4086,0.0,0.0
2023-09-12 09:30:00-04:00,13.40999984741211,13.40999984741211,13.170000076293945,13.170000076293945,2628,0.0,0.0
2023-09-12 10:30:00-04:00,13.234600067138672,13.25,13.180000305175781,13.180000305175781,2641,0.0,0.0
2023-09-12 11:30:00-04:00,13.109999656677246,13.140000343322754,13.020000457763672,13.020000457763672,1795,0.0,0.0
2023-09-12 12:30:00-04:00,13.0,13.1899995803833,13.0,13.119999885559082,3021,0.0,0.0
2023-09-12 13:30:00-04:00,13.164999961853027,13.170000076293945,12.699999809265137,12.704999923706055,18436,0.0,0.0
2023-09-12 14:30:00-04:00,12.670000076293945,12.699999809265137,12.649999618530273,12.680000305175781,3610,0.0,0.0
2023-09-12 15:30:00-04:00,12.680000305175781,12.850000381469727,12.680000305175781,12.75,9392,0.0,0.0
2023-09-13 09:30:00-04:00,12.760000228881836,12.951700210571289,12.760000228881836,12.926899909973145,0,0.0,0.0
2023-09-13 10:30:00-04:00,12.855600357055664,12.855600357055664,12.699999809265137,12.720000267028809,7858,0.0,0.0
2023-09-13 11:30:00-04:00,12.75,12.8100004196167,12.720000267028809,12.8100004196167,648,0.0,0.0
2023-09-13 12:30:00-04:00,12.8100004196167,12.859999656677246,12.68809986114502,12.859999656677246,6755,0.0,0.0
2023-09-13 13:30:00-04:00,12.725000381469727,12.770000457763672,12.65999984741211,12.65999984741211,1122,0.0,0.0
2023-09-13 14:30:00-04:00,12.670000076293945,12.675000190734863,12.649999618530273,12.649999618530273,2122,0.0,0.0
2023-09-13 15:30:00-04:00,12.6899995803833,12.795000076293945,12.640000343322754,12.779999732971191,8022,0.0,0.0
2023-09-14 09:30:00-04:00,12.75,12.899900436401367,12.75,12.859999656677246,2270,0.0,0.0
2023-09-14 10:30:00-04:00,12.899999618530273,13.09000015258789,12.79010009765625,12.79010009765625,2017,0.0,0.0
2023-09-14 11:30:00-04:00,12.8100004196167,12.859999656677246,12.789999961853027,12.859999656677246,4963,0.0,0.0
2023-09-14 12:30:00-04:00,12.864999771118164,13.0600004196167,12.864999771118164,13.039999961853027,7702,0.0,0.0
2023-09-14 13:30:00-04:00,13.010000228881836,13.010000228881836,12.880000114440918,12.880000114440918,4736,0.0,0.0
2023-09-14 14:30:00-04:00,12.999899864196777,13.050000190734863,12.890000343322754,13.032999992370605,7475,0.0,0.0
2023-09-14 15:30:00-04:00,13.029999732971191,13.079999923706055,12.90999984741211,12.970000267028809,5975,0.0,0.0
2023-09-15 09:30:00-04:00,12.930000305175781,13.126500129699707,12.920000076293945,13.07509994506836,13422,0.0,0.0
2023-09-15 10:30:00-04:00,13.050000190734863,13.069999694824219,12.9399995803833,12.9399995803833,4099,0.0,0.0
2023-09-15 11:30:00-04:00,12.800000190734863,12.90999984741211,12.800000190734863,12.90999984741211,746,0.0,0.0
2023-09-15 12:30:00-04:00,12.87030029296875,12.87030029296875,12.87030029296875,12.87030029296875,762,0.0,0.0
2023-09-15 14:30:00-04:00,12.899999618530273,12.899999618530273,12.869600296020508,12.890000343322754,1077,0.0,0.0
2023-09-15 15:30:00-04:00,12.890000343322754,13.039999961853027,12.86400032043457,13.020000457763672,23629,0.0,0.0
2023-09-18 09:30:00-04:00,13.069999694824219,13.070099830627441,12.660099983215332,12.765000343322754,5655,0.0,0.0
2023-09-18 10:30:00-04:00,12.920000076293945,13.029999732971191,12.880000114440918,13.029999732971191,1884,0.0,0.0
2023-09-18 12:30:00-04:00,13.069999694824219,13.069999694824219,13.069999694824219,13.069999694824219,321,0.0,0.0
2023-09-18 14:30:00-04:00,13.039999961853027,13.039999961853027,12.979999542236328,12.979999542236328,3296,0.0,0.0
2023-09-18 15:30:00-04:00,12.960000038146973,12.970000267028809,12.930000305175781,12.970000267028809,2875,0.0,0.0
2023-09-19 09:30:00-04:00,12.800000190734863,12.972200393676758,12.800000190734863,12.949999809265137,2233,0.0,0.0
2023-09-19 10:30:00-04:00,12.888299942016602,12.888299942016602,12.819999694824219,12.829999923706055,2901,0.0,0.0
2023-09-19 11:30:00-04:00,13.010000228881836,13.010000228881836,12.920000076293945,12.920000076293945,949,0.0,0.0
2023-09-19 12:30:00-04:00,12.920000076293945,12.970000267028809,12.920000076293945,12.970000267028809,535,0.0,0.0
2023-09-19 13:30:00-04:00,12.869999885559082,12.914999961853027,12.869999885559082,12.914999961853027,726,0.0,0.0
2023-09-19 14:30:00-04:00,12.949999809265137,13.039999961853027,12.949899673461914,13.039999961853027,2206,0.0,0.0
2023-09-19 15:30:00-04:00,13.039999961853027,13.069999694824219,12.930000305175781,12.960000038146973,6302,0.0,0.0
2023-09-20 09:30:00-04:00,13.0600004196167,13.069999694824219,13.0600004196167,13.0600004196167,890,0.0,0.0
2023-09-20 10:30:00-04:00,13.015000343322754,13.015000343322754,12.984000205993652,12.984000205993652,1589,0.0,0.0
2023-09-20 11:30:00-04:00,13.058500289916992,13.058500289916992,12.910099983215332,12.989999771118164,1209,0.0,0.0
2023-09-20 12:30:00-04:00,13.0649995803833,13.0649995803833,13.0649995803833,13.0649995803833,1150,0.0,0.0
2023-09-20 13:30:00-04:00,13.0600004196167,13.09000015258789,13.039999961853027,13.039999961853027,5106,0.0,0.0
2023-09-20 14:30:00-04:00,13.080699920654297,13.080699920654297,13.039999961853027,13.039999961853027,1117,0.0,0.0
2023-09-20 15:30:00-04:00,12.970000267028809,13.0,12.920000076293945,12.960000038146973,3303,0.0,0.0
2023-09-21 09:30:00-04:00,12.880000114440918,13.069999694824219,12.880000114440918,13.069999694824219,709,0.0,0.0
2023-09-21 12:30:00-04:00,12.994099617004395,13.0,12.9399995803833,13.0,669,0.0,0.0
2023-09-21 13:30:00-04:00,13.0,13.0,12.890000343322754,12.899999618530273,2789,0.0,0.0
2023-09-21 14:30:00-04:00,12.899999618530273,12.899999618530273,12.899999618530273,12.899999618530273,819,0.0,0.0
2023-09-21 15:30:00-04:00,12.890000343322754,12.90999984741211,12.880000114440918,12.880000114440918,5433,0.0,0.0
2023-09-22 09:30:00-04:00,12.84000015258789,12.84000015258789,12.779999732971191,12.779999732971191,1653,0.0,0.0
2023-09-22 10:30:00-04:00,12.920000076293945,12.920000076293945,12.84000015258789,12.84000015258789,1829,0.0,0.0
2023-09-22 11:30:00-04:00,12.821000099182129,12.821000099182129,12.800100326538086,12.819999694824219,1011,0.0,0.0
2023-09-22 12:30:00-04:00,12.829999923706055,12.850099563598633,12.739999771118164,12.739999771118164,3907,0.0,0.0
2023-09-22 14:30:00-04:00,12.770000457763672,12.770000457763672,12.739999771118164,12.739999771118164,1344,0.0,0.0
2023-09-22 15:30:00-04:00,12.8100004196167,12.84000015258789,12.729999542236328,12.8100004196167,5497,0.0,0.0
2023-09-25 09:30:00-04:00,12.760000228881836,12.770000457763672,12.560099601745605,12.770000457763672,4700,0.0,0.0
2023-09-25 10:30:00-04:00,12.899999618530273,12.931500434875488,12.859999656677246,12.885000228881836,1997,0.0,0.0
2023-09-25 11:30:00-04:00,12.819999694824219,12.928099632263184,12.819999694824219,12.864999771118164,1561,0.0,0.0
2023-09-25 12:30:00-04:00,12.839300155639648,12.929900169372559,12.720000267028809,12.75,2028,0.0,0.0
2023-09-25 13:30:00-04:00,12.723099708557129,12.796799659729004,12.715299606323242,12.715299606323242,1085,0.0,0.0
2023-09-25 14:30:00-04:00,12.789999961853027,12.819999694824219,12.789999961853027,12.819999694824219,1943,0.0,0.0
2023-09-25 15:30:00-04:00,12.805000305175781,12.819999694824219,12.770000457763672,12.819999694824219,4511,0.0,0.0
2023-09-26 09:30:00-04:00,12.779999732971191,12.949999809265137,12.779999732971191,12.825799942016602,1809,0.0,0.0
2023-09-26 10:30:00-04:00,12.710000038146973,12.923600196838379,12.710000038146973,12.779999732971191,559,0.0,0.0
2023-09-26 11:30:00-04:00,12.766200065612793,12.850000381469727,12.766200065612793,12.850000381469727,710,0.0,0.0
2023-09-26 12:30:00-04:00,12.760000228881836,12.760000228881836,12.760000228881836,12.760000228881836,170,0.0,0.0
2023-09-26 13:30:00-04:00,12.75,12.816699981689453,12.699999809265137,12.760000228881836,2160,0.0,0.0
2023-09-26 14:30:00-04:00,12.760000228881836,12.760000228881836,12.6899995803833,12.744999885559082,4492,0.0,0.0
2023-09-26 15:30:00-04:00,12.720000267028809,12.789999961853027,12.710000038146973,12.770000457763672,3570,0.0,0.0
2023-09-27 09:30:00-04:00,12.880000114440918,12.88539981842041,12.649999618530273,12.739999771118164,4207,0.0,0.0
2023-09-27 10:30:00-04:00,12.650099754333496,12.829999923706055,12.650099754333496,12.829999923706055,3339,0.0,0.0
2023-09-27 11:30:00-04:00,12.776000022888184,12.829999923706055,12.720000267028809,12.78499984741211,1477,0.0,0.0
2023-09-27 12:30:00-04:00,12.890000343322754,12.890000343322754,12.800000190734863,12.800000190734863,370,0.0,0.0
2023-09-27 13:30:00-04:00,12.835000038146973,12.880000114440918,12.789999961853027,12.869999885559082,1495,0.0,0.0
2023-09-27 14:30:00-04:00,12.789999961853027,12.800000190734863,12.640000343322754,12.675000190734863,1797,0.0,0.0
2023-09-27 15:30:00-04:00,12.649999618530273,12.729999542236328,12.550100326538086,12.609999656677246,6874,0.0,0.0
2023-09-28 09:30:00-04:00,12.600000381469727,12.600000381469727,12.522299766540527,12.600000381469727,2705,0.0,0.0
2023-09-28 10:30:00-04:00,12.600000381469727,12.829999923706055,12.59000015258789,12.829999923706055,1680,0.0,0.0
2023-09-28 11:30:00-04:00,12.84000015258789,12.84000015258789,12.800000190734863,12.800000190734863,246,0.0,0.0
2023-09-28 12:30:00-04:00,12.720000267028809,12.720000267028809,12.649999618530273,12.649999618530273,3376,0.0,0.0
2023-09-28 13:30:00-04:00,12.670000076293945,12.670000076293945,12.5600004196167,12.5600004196167,4357,0.0,0.0
2023-09-28 14:30:00-04:00,12.600000381469727,12.765000343322754,12.600000381469727,12.765000343322754,1460,0.0,0.0
2023-09-28 15:30:00-04:00,12.739999771118164,12.739999771118164,12.609999656677246,12.649999618530273,5850,0.0,0.0
2023-09-29 09:30:00-04:00,12.789999961853027,12.795000076293945,12.789999961853027,12.795000076293945,629,0.0,0.0
2023-09-29 11:30:00-04:00,12.699999809265137,12.699999809265137,12.699999809265137,12.699999809265137,186,0.0,0.0
2023-09-29 12:30:00-04:00,12.680000305175781,12.725000381469727,12.550000190734863,12.65999984741211,20195,0.0,0.0
2023-09-29 13:30:00-04:00,12.649999618530273,12.65999984741211,12.539999961853027,12.611700057983398,746,0.0,0.0
2023-09-29 14:30:00-04:00,12.65999984741211,12.819999694824219,12.619999885559082,12.819999694824219,4989,0.0,0.0
2023-09-29 15:30:00-04:00,12.755000114440918,12.930000305175781,12.6899995803833,12.880000114440918,7215,0.0,0.0
2023-10-02 09:30:00-04:00,12.90999984741211,12.90999984741211,12.71500015258789,12.71500015258789,2042,0.0,0.0
2023-10-02 10:30:00-04:00,12.90999984741211,12.960000038146973,12.75,12.864999771118164,6193,0.0,0.0
2023-10-02 11:30:00-04:00,12.90999984741211,12.9399995803833,12.770000457763672,12.770000457763672,1620,0.0,0.0
2023-10-02 12:30:00-04:00,12.770000457763672,12.920000076293945,12.770000457763672,12.90999984741211,3241,0.0,0.0
2023-10-02 13:30:00-04:00,12.895000457763672,13.130000114440918,12.895000457763672,13.0600004196167,8775,0.0,0.0
2023-10-02 14:30:00-04:00,13.015000343322754,13.0600004196167,12.979999542236328,13.050000190734863,1213,0.0,0.0
2023-10-02 15:30:00-04:00,13.020000457763672,13.149999618530273,12.970000267028809,13.029999732971191,8574,0.0,0.0
2023-10-03 09:30:00-04:00,13.039999961853027,13.045000076293945,13.019499778747559,13.019499778747559,435,0.0,0.0
2023-10-03 10:30:00-04:00,13.050000190734863,13.143600463867188,12.949999809265137,12.949999809265137,3428,0.0,0.0
2023-10-03 11:30:00-04:00,13.013299942016602,13.013299942016602,12.960000038146973,13.003899574279785,1155,0.0,0.0
2023-10-03 12:30:00-04:00,12.925000190734863,12.925000190734863,12.800000190734863,12.800000190734863,1356,0.0,0.0
2023-10-03 13:30:00-04:00,12.789999961853027,12.789999961853027,12.789999961853027,12.789999961853027,156,0.0,0.0
2023-10-03 14:30:00-04:00,12.770000457763672,12.961400032043457,12.739999771118164,12.739999771118164,4413,0.0,0.0
2023-10-03 15:30:00-04:00,12.739999771118164,12.739999771118164,12.520000457763672,12.529999732971191,9054,0.0,0.0
2023-10-04 09:30:00-04:00,12.449999809265137,12.450400352478027,12.399999618530273,12.450400352478027,2596,0.0,0.0
2023-10-04 10:30:00-04:00,12.569899559020996,12.569899559020996,12.460000038146973,12.550000190734863,2234,0.0,0.0
2023-10-04 11:30:00-04:00,12.779999732971191,12.779999732971191,12.609999656677246,12.609999656677246,939,0.0,0.0
2023-10-04 12:30:00-04:00,12.649999618530273,12.659000396728516,12.579999923706055,12.649999618530273,902,0.0,0.0
2023-10-04 13:30:00-04:00,12.640000343322754,12.744999885559082,12.59000015258789,12.739999771118164,2096,0.0,0.0
2023-10-04 14:30:00-04:00,12.744999885559082,12.744999885559082,12.670000076293945,12.670000076293945,1145,0.0,0.0
2023-10-04 15:30:00-04:00,12.763400077819824,12.899999618530273,12.71500015258789,12.84000015258789,7915,0.0,0.0
2023-10-05 09:30:00-04:00,12.779999732971191,12.984999656677246,12.6850004196167,12.984999656677246,2364,0.0,0.0
2023-10-05 10:30:00-04:00,12.94629955291748,13.109999656677246,12.765000343322754,12.970000267028809,6922,0.0,0.0
2023-10-05 11:30:00-04:00,13.000100135803223,13.180000305175781,13.000100135803223,13.069299697875977,2321,0.0,0.0
2023-10-05 12:30:00-04:00,13.16189956665039,13.16189956665039,13.050100326538086,13.09000015258789,2296,0.0,0.0
2023-10-05 13:30:00-04:00,13.049300193786621,13.122699737548828,13.049300193786621,13.085000038146973,1082,0.0,0.0
2023-10-05 14:30:00-04:00,13.05370044708252,13.270000457763672,13.05370044708252,13.270000457763672,6924,0.0,0.0
2023-10-05 15:30:00-04:00,13.229999542236328,13.5,13.229999542236328,13.40999984741211,9237,0.0,0.0
2023-10-06 09:30:00-04:00,13.34000015258789,13.479999542236328,13.270000457763672,13.335000038146973,2730,0.0,0.0
2023-10-06 10:30:00-04:00,13.229999542236328,13.369999885559082,13.229999542236328,13.369999885559082,982,0.0,0.0
2023-10-06 11:30:00-04:00,13.395000457763672,13.470000267028809,13.329999923706055,13.329999923706055,3177,0.0,0.0
2023-10-06 12:30:00-04:00,13.279999732971191,13.470000267028809,13.25,13.430000305175781,8228,0.0,0.0
2023-10-06 13:30:00-04:00,13.359999656677246,13.399999618530273,13.229999542236328,13.3100004196167,4260,0.0,0.0
2023-10-06 14:30:00-04:00,13.279999732971191,13.346599578857422,13.220000267028809,13.250100135803223,5913,0.0,0.0
2023-10-06 15:30:00-04:00,13.25,13.350000381469727,13.210000038146973,13.279999732971191,11934,0.0,0.0
2023-10-09 09:30:00-04:00,13.25,13.25,12.6899995803833,13.239999771118164,5421,0.0,0.0
2023-10-09 10:30:00-04:00,13.220000267028809,13.399999618530273,13.220000267028809,13.399999618530273,2563,0.0,0.0
2023-10-09 11:30:00-04:00,13.460000038146973,13.460000038146973,13.460000038146973,13.460000038146973,437,0.0,0.0
2023-10-09 12:30:00-04:00,13.359999656677246,13.359999656677246,13.319999694824219,13.319999694824219,636,0.0,0.0
2023-10-09 13:30:00-04:00,13.324999809265137,13.40999984741211,13.289999961853027,13.300000190734863,6739,0.0,0.0
2023-10-09 14:30:00-04:00,13.289999961853027,13.399999618530273,13.289999961853027,13.359999656677246,12644,0.0,0.0
2023-10-09 15:30:00-04:00,13.25,13.270000457763672,13.199999809265137,13.270000457763672,3089,0.0,0.0
2023-10-10 09:30:00-04:00,13.260000228881836,13.300000190734863,13.260000228881836,13.260000228881836,1319,0.0,0.0
2023-10-10 10:30:00-04:00,13.429900169372559,13.429900169372559,13.2923002243042,13.3100004196167,934,0.0,0.0
2023-10-10 11:30:00-04:00,13.399999618530273,13.5,13.34000015258789,13.475000381469727,5795,0.0,0.0
2023-10-10 12:30:00-04:00,13.470000267028809,13.550000190734863,13.470000267028809,13.504199981689453,3547,0.0,0.0
2023-10-10 13:30:00-04:00,13.5600004196167,13.5600004196167,13.489999771118164,13.5,1993,0.0,0.0
2023-10-10 14:30:00-04:00,13.5,13.5,13.40999984741211,13.420000076293945,2925,0.0,0.0
2023-10-10 15:30:00-04:00,13.479999542236328,13.5,13.350000381469727,13.350000381469727,8502,0.0,0.0
2023-10-11 09:30:00-04:00,13.359999656677246,13.359999656677246,13.289999961853027,13.289999961853027,1206,0.0,0.0
2023-10-11 10:30:00-04:00,13.229999542236328,13.229999542236328,13.079999923706055,13.079999923706055,3706,0.0,0.0
2023-10-11 11:30:00-04:00,13.170000076293945,13.170000076293945,13.160099983215332,13.160099983215332,2120,0.0,0.0
2023-10-11 12:30:00-04:00,13.1899995803833,13.223899841308594,13.180000305175781,13.194000244140625,1240,0.0,0.0
2023-10-11 13:30:00-04:00,13.180000305175781,13.1899995803833,13.170000076293945,13.1899995803833,1680,0.0,0.0
2023-10-11 14:30:00-04:00,13.229999542236328,13.229999542236328,13.149999618530273,13.149999618530273,4630,0.0,0.0
2023-10-11 15:30:00-04:00,13.100000381469727,13.15999984741211,13.100000381469727,13.15999984741211,3358,0.0,0.0
2023-10-12 09:30:00-04:00,13.076800346374512,13.076800346374512,13.010000228881836,13.010000228881836,1572,0.0,0.0
2023-10-12 10:30:00-04:00,13.079999923706055,13.079999923706055,12.850000381469727,12.850000381469727,3185,0.0,0.0
2023-10-12 11:30:00-04:00,12.989999771118164,13.116600036621094,12.850000381469727,13.116600036621094,1310,0.0,0.0
2023-10-12 13:30:00-04:00,12.970000267028809,13.029999732971191,12.770000457763672,12.899999618530273,7452,0.0,0.0
2023-10-12 14:30:00-04:00,12.918000221252441,13.010000228881836,12.918000221252441,12.9399995803833,1824,0.0,0.0
2023-10-12 15:30:00-04:00,12.89009952545166,12.960000038146973,12.8100004196167,12.930000305175781,9739,0.0,0.0
2023-10-13 09:30:00-04:00,12.890000343322754,12.890000343322754,12.890000343322754,12.890000343322754,606,0.0,0.0
2023-10-13 11:30:00-04:00,13.024399757385254,13.024399757385254,13.024399757385254,13.024399757385254,762,0.0,0.0
2023-10-13 12:30:00-04:00,12.979999542236328,12.979999542236328,12.7923002243042,12.899999618530273,3153,0.0,0.0
2023-10-13 13:30:00-04:00,12.812100410461426,12.960000038146973,12.8100004196167,12.960000038146973,2822,0.0,0.0
2023-10-13 15:30:00-04:00,12.890000343322754,12.960000038146973,12.829700469970703,12.949999809265137,4121,0.0,0.0
2023-10-16 09:30:00-04:00,12.899999618530273,12.970000267028809,12.899999618530273,12.960000038146973,5124,0.0,0.0
2023-10-16 10:30:00-04:00,12.949999809265137,13.199999809265137,12.949999809265137,13.199999809265137,3979,0.0,0.0
2023-10-16 12:30:00-04:00,13.130000114440918,13.130000114440918,13.050000190734863,13.050000190734863,4154,0.0,0.0
2023-10-16 13:30:00-04:00,13.0600004196167,13.09000015258789,13.010000228881836,13.010000228881836,2551,0.0,0.0
2023-10-16 14:30:00-04:00,13.039999961853027,13.039999961853027,12.99020004272461,13.015000343322754,2189,0.0,0.0
2023-10-16 15:30:00-04:00,13.0,13.15999984741211,13.0,13.0600004196167,2681,0.0,0.0
2023-10-17 09:30:00-04:00,13.010000228881836,13.199999809265137,13.010000228881836,13.199999809265137,2731,0.0,0.0
2023-10-17 10:30:00-04:00,13.239899635314941,13.239899635314941,13.239899635314941,13.239899635314941,872,0.0,0.0
2023-10-17 11:30:00-04:00,13.274999618530273,13.359999656677246,13.274999618530273,13.359999656677246,1018,0.0,0.0
2023-10-17 12:30:00-04:00,13.359999656677246,13.359999656677246,13.34000015258789,13.34000015258789,1324,0.0,0.0
2023-10-17 14:30:00-04:00,13.289999961853027,13.390000343322754,13.289999961853027,13.3100004196167,1662,0.0,0.0
2023-10-17 15:30:00-04:00,13.279999732971191,13.279999732971191,13.010000228881836,13.100000381469727,4377,0.0,0.0
2023-10-18 09:30:00-04:00,13.180000305175781,13.180000305175781,13.09939956665039,13.100000381469727,1595,0.0,0.0
2023-10-18 11:30:00-04:00,13.069999694824219,13.079999923706055,13.050000190734863,13.050000190734863,1124,0.0,0.0
2023-10-18 12:30:00-04:00,13.050000190734863,13.0649995803833,12.949999809265137,12.954999923706055,2395,0.0,0.0
2023-10-18 13:30:00-04:00,12.961700439453125,12.961700439453125,12.961700439453125,12.961700439453125,340,0.0,0.0
2023-10-18 14:30:00-04:00,13.023699760437012,13.023699760437012,12.882599830627441,12.882599830627441,1589,0.0,0.0
2023-10-18 15:30:00-04:00,12.899999618530273,13.130000114440918,12.890000343322754,13.029999732971191,3984,0.0,0.0
2023-10-19 09:30:00-04:00,12.989999771118164,12.989999771118164,12.789999961853027,12.789999961853027,1011,0.0,0.0
2023-10-19 12:30:00-04:00,12.920000076293945,12.920000076293945,12.914999961853027,12.914999961853027,1469,0.0,0.0
2023-10-19 14:30:00-04:00,12.849900245666504,12.90999984741211,12.849900245666504,12.90999984741211,611,0.0,0.0
2023-10-19 15:30:00-04:00,12.979999542236328,12.979999542236328,12.819999694824219,12.819999694824219,979,0.0,0.0
2023-10-20 09:30:00-04:00,12.920000076293945,12.920000076293945,12.734800338745117,12.90999984741211,3950,0.0,0.0
2023-10-20 10:30:00-04:00,12.90999984741211,13.079999923706055,12.90999984741211,13.079999923706055,2505,0.0,0.0
2023-10-20 11:30:00-04:00,13.000100135803223,13.000100135803223,13.000100135803223,13.000100135803223,527,0.0,0.0
2023-10-20 12:30:00-04:00,12.979999542236328,12.979999542236328,12.979999542236328,12.979999542236328,428,0.0,0.0
2023-10-20 14:30:00-04:00,12.989999771118164,13.039999961853027,12.979999542236328,13.039999961853027,4551,0.0,0.0
2023-10-20 15:30:00-04:00,12.920000076293945,13.010000228881836,12.819999694824219,12.989999771118164,10309,0.0,0.0
2023-10-23 09:30:00-04:00,12.640000343322754,12.710000038146973,12.484999656677246,12.668000221252441,6225,0.0,0.0
2023-10-23 10:30:00-04:00,12.755000114440918,12.880000114440918,12.739999771118164,12.779999732971191,7738,0.0,0.0
2023-10-23 11:30:00-04:00,12.880000114440918,12.880000114440918,12.75,12.75,1442,0.0,0.0
2023-10-23 12:30:00-04:00,12.710000038146973,12.710000038146973,12.710000038146973,12.710000038146973,1345,0.0,0.0
2023-10-23 13:30:00-04:00,12.710000038146973,12.739999771118164,12.678799629211426,12.6899995803833,5222,0.0,0.0
2023-10-23 14:30:00-04:00,12.6899995803833,12.6899995803833,12.539999961853027,12.590399742126465,4091,0.0,0.0
2023-10-23 15:30:00-04:00,12.649999618530273,12.649999618530273,12.46500015258789,12.5600004196167,6627,0.0,0.0
2023-10-24 09:30:00-04:00,12.710000038146973,12.710000038146973,12.579999923706055,12.59000015258789,2698,0.0,0.0
2023-10-24 10:30:00-04:00,12.600000381469727,12.6899995803833,12.5600004196167,12.649999618530273,2924,0.0,0.0
2023-10-24 11:30:00-04:00,12.670000076293945,12.670000076293945,12.614999771118164,12.614999771118164,1007,0.0,0.0
2023-10-24 12:30:00-04:00,12.600000381469727,12.600000381469727,12.470000267028809,12.470000267028809,5478,0.0,0.0
2023-10-24 13:30:00-04:00,12.51550006866455,12.51550006866455,12.470000267028809,12.470000267028809,1357,0.0,0.0
2023-10-24 14:30:00-04:00,12.449999809265137,12.449999809265137,12.279999732971191,12.279999732971191,8946,0.0,0.0
2023-10-24 15:30:00-04:00,12.279999732971191,12.4399995803833,12.279999732971191,12.329999923706055,6180,0.0,0.0
2023-10-25 09:30:00-04:00,12.260000228881836,12.270000457763672,12.260000228881836,12.260000228881836,1321,0.0,0.0
2023-10-25 10:30:00-04:00,12.3149995803833,12.350000381469727,12.3149995803833,12.350000381469727,1115,0.0,0.0
2023-10-25 11:30:00-04:00,12.449899673461914,12.449899673461914,12.378199577331543,12.378199577331543,430,0.0,0.0
2023-10-25 12:30:00-04:00,12.369999885559082,12.369999885559082,12.324999809265137,12.324999809265137,721,0.0,0.0
2023-10-25 13:30:00-04:00,12.319999694824219,12.380000114440918,12.315699577331543,12.349900245666504,4566,0.0,0.0
2023-10-25 14:30:00-04:00,12.34000015258789,12.395000457763672,12.3149995803833,12.350000381469727,3228,0.0,0.0
2023-10-25 15:30:00-04:00,12.390000343322754,12.479999542236328,12.375,12.4350004196167,3295,0.0,0.0
2023-10-26 09:30:00-04:00,12.329999923706055,12.329999923706055,12.25,12.289999961853027,2980,0.0,0.0
2023-10-26 10:30:00-04:00,12.460000038146973,12.460000038146973,12.335000038146973,12.335000038146973,749,0.0,0.0
2023-10-26 11:30:00-04:00,12.4399995803833,12.4399995803833,12.199999809265137,12.324999809265137,1449,0.0,0.0
2023-10-26 12:30:00-04:00,12.420000076293945,12.420000076293945,12.260000228881836,12.260000228881836,1072,0.0,0.0
2023-10-26 13:30:00-04:00,12.260000228881836,12.399999618530273,12.260000228881836,12.399999618530273,808,0.0,0.0
2023-10-26 14:30:00-04:00,12.3149995803833,12.520000457763672,12.231399536132812,12.520000457763672,1843,0.0,0.0
2023-10-26 15:30:00-04:00,12.539999961853027,12.550000190734863,12.430000305175781,12.430000305175781,1934,0.0,0.0
2023-10-27 09:30:00-04:00,12.289999961853027,12.289999961853027,12.289999961853027,12.289999961853027,1976,0.0,0.0
2023-10-27 10:30:00-04:00,12.410099983215332,12.410099983215332,12.400099754333496,12.400099754333496,431,0.0,0.0
2023-10-27 11:30:00-04:00,12.45580005645752,12.5,12.350000381469727,12.354999542236328,2100,0.0,0.0
2023-10-27 12:30:00-04:00,12.359999656677246,12.359999656677246,12.29010009765625,12.3100004196167,1165,0.0,0.0
2023-10-27 13:30:00-04:00,12.180000305175781,12.180000305175781,12.180000305175781,12.180000305175781,342,0.0,0.0
2023-10-27 14:30:00-04:00,12.255000114440918,12.255000114440918,12.20009994506836,12.20009994506836,3480,0.0,0.0
2023-10-27 15:30:00-04:00,12.210000038146973,12.390000343322754,12.210000038146973,12.359999656677246,4084,0.0,0.0
2023-10-30 09:30:00-04:00,12.0,12.40999984741211,12.0,12.369999885559082,9984,0.0,0.0
2023-10-30 10:30:00-04:00,12.220000267028809,12.369999885559082,12.210000038146973,12.369999885559082,2606,0.0,0.0
2023-10-30 11:30:00-04:00,12.279999732971191,12.369999885559082,12.199999809265137,12.3100004196167,5074,0.0,0.0
2023-10-30 12:30:00-04:00,12.274999618530273,12.319999694824219,12.079999923706055,12.149999618530273,9998,0.0,0.0
2023-10-30 13:30:00-04:00,12.191100120544434,12.199999809265137,11.960000038146973,12.020000457763672,8445,0.0,0.0
2023-10-30 14:30:00-04:00,12.170000076293945,12.170000076293945,12.020000457763672,12.119999885559082,5624,0.0,0.0
2023-10-30 15:30:00-04:00,12.119999885559082,12.119999885559082,11.930000305175781,12.069999694824219,12164,0.0,0.0
2023-10-31 09:30:00-04:00,12.079999923706055,12.239999771118164,12.079999923706055,12.239999771118164,804,0.0,0.0
2023-10-31 10:30:00-04:00,12.220000267028809,12.220000267028809,12.199999809265137,12.199999809265137,1525,0.0,0.0
2023-10-31 11:30:00-04:00,12.25,12.399999618530273,12.25,12.350099563598633,1784,0.0,0.0
2023-10-31 12:30:00-04:00,12.425000190734863,12.5,12.425000190734863,12.5,763,0.0,0.0
2023-10-31 13:30:00-04:00,12.489999771118164,12.5,12.420000076293945,12.476799964904785,2439,0.0,0.0
2023-10-31 14:30:00-04:00,12.489999771118164,12.5,12.489999771118164,12.5,2564,0.0,0.0
2023-10-31 15:30:00-04:00,12.5,12.600000381469727,12.430000305175781,12.569999694824219,7515,0.0,0.0
2023-11-01 09:30:00-04:00,12.569999694824219,12.66100025177002,12.569999694824219,12.66100025177002,2187,0.0,0.0
2023-11-01 10:30:00-04:00,12.670000076293945,12.670000076293945,12.649999618530273,12.649999618530273,1084,0.0,0.0
2023-11-01 11:30:00-04:00,12.550000190734863,12.59000015258789,12.550000190734863,12.59000015258789,1452,0.0,0.0
2023-11-01 12:30:00-04:00,12.555000305175781,12.555000305175781,12.503299713134766,12.529999732971191,2308,0.0,0.0
2023-11-01 13:30:00-04:00,12.630000114440918,12.630000114440918,12.619999885559082,12.619999885559082,974,0.0,0.0
2023-11-01 14:30:00-04:00,12.649999618530273,12.649999618530273,12.600000381469727,12.627300262451172,1217,0.0,0.0
2023-11-01 15:30:00-04:00,12.670000076293945,12.789999961853027,12.600000381469727,12.600000381469727,9377,0.0,0.0
2023-11-02 09:30:00-04:00,12.789999961853027,12.789999961853027,12.511199951171875,12.511199951171875,1497,0.0,0.0
2023-11-02 11:30:00-04:00,12.75,12.75,12.75,12.75,1308,0.0,0.0
2023-11-02 12:30:00-04:00,12.8100004196167,12.829999923706055,12.760000228881836,12.760000228881836,1521,0.0,0.0
2023-11-02 13:30:00-04:00,12.8100004196167,12.850000381469727,12.785799980163574,12.850000381469727,1016,0.0,0.0
2023-11-02 14:30:00-04:00,12.899999618530273,12.920000076293945,12.826399803161621,12.829999923706055,5749,0.0,0.0
2023-11-02 15:30:00-04:00,12.899999618530273,13.109999656677246,12.899999618530273,13.039999961853027,5426,0.0,0.0
2023-11-03 09:30:00-04:00,13.229999542236328,13.229999542236328,13.069999694824219,13.119999885559082,608,0.0,0.0
2023-11-03 10:30:00-04:00,13.039999961853027,13.199999809265137,13.039999961853027,13.140000343322754,2317,0.0,0.0
2023-11-03 11:30:00-04:00,13.199999809265137,13.199999809265137,13.199999809265137,13.199999809265137,843,0.0,0.0
2023-11-03 12:30:00-04:00,13.15999984741211,13.15999984741211,13.119999885559082,13.130000114440918,1994,0.0,0.0
2023-11-03 14:30:00-04:00,13.170000076293945,13.1899995803833,13.140000343322754,13.170000076293945,4037,0.0,0.0
2023-11-03 15:30:00-04:00,13.199999809265137,13.210000038146973,13.180000305175781,13.180000305175781,2559,0.0,0.0
2023-11-06 09:30:00-05:00,13.0600004196167,13.231399536132812,12.627099990844727,13.231399536132812,4432,0.0,0.0
2023-11-06 10:30:00-05:00,13.085100173950195,13.210000038146973,12.880000114440918,12.920000076293945,6890,0.0,0.0
2023-11-06 12:30:00-05:00,12.840900421142578,13.064499855041504,12.840900421142578,12.979999542236328,4607,0.0,0.0
2023-11-06 13:30:00-05:00,13.020000457763672,13.020000457763672,13.020000457763672,13.020000457763672,1119,0.0,0.0
2023-11-06 14:30:00-05:00,13.0,13.039999961853027,12.979999542236328,13.022000312805176,2160,0.0,0.0
2023-11-06 15:30:00-05:00,12.960000038146973,13.020000457763672,12.9399995803833,13.008000373840332,6237,0.0,0.0
2023-11-07 09:30:00-05:00,12.890000343322754,13.0,12.890000343322754,12.979999542236328,0,0.0,0.0
2023-11-07 10:30:00-05:00,12.949999809265137,13.119999885559082,12.860099792480469,13.119999885559082,2048,0.0,0.0
2023-11-07 11:30:00-05:00,12.925000190734863,12.9399995803833,12.925000190734863,12.9399995803833,321,0.0,0.0
2023-11-07 12:30:00-05:00,12.989999771118164,13.050000190734863,12.90999984741211,13.039999961853027,2572,0.0,0.0
2023-11-07 13:30:00-05:00,13.010000228881836,13.010000228881836,12.946200370788574,12.989999771118164,1442,0.0,0.0
2023-11-07 14:30:00-05:00,12.989999771118164,13.149999618530273,12.989999771118164,13.119999885559082,4063,0.0,0.0
2023-11-07 15:30:00-05:00,13.109999656677246,13.119999885559082,12.90999984741211,12.90999984741211,7807,0.0,0.0
2023-11-08 09:30:00-05:00,13.050000190734863,13.069999694824219,12.789999961853027,12.789999961853027,0,0.0,0.0
2023-11-08 10:30:00-05:00,13.0600004196167,13.069999694824219,13.0600004196167,13.069999694824219,668,0.0,0.0
2023-11-08 11:30:00-05:00,13.069999694824219,13.069999694824219,12.819999694824219,13.020000457763672,1297,0.0,0.0
2023-11-08 12:30:00-05:00,13.0,13.0,12.949999809265137,12.949999809265137,774,0.0,0.0
2023-11-08 13:30:00-05:00,12.904999732971191,12.920000076293945,12.771300315856934,12.880000114440918,3876,0.0,0.0
2023-11-08 14:30:00-05:00,12.819999694824219,12.869999885559082,12.770000457763672,12.850000381469727,2870,0.0,0.0
2023-11-08 15:30:00-05:00,12.850000381469727,12.899999618530273,12.770000457763672,12.869999885559082,5661,0.0,0.0
2023-11-09 09:30:00-05:00,12.960000038146973,12.960000038146973,12.960000038146973,12.960000038146973,135,0.0,0.0
2023-11-09 10:30:00-05:00,12.970000267028809,12.970000267028809,12.520000457763672,12.520000457763672,835,0.0,0.0
2023-11-09 11:30:00-05:00,12.635000228881836,12.725000381469727,12.354999542236328,12.5,2255,0.0,0.0
2023-11-09 12:30:00-05:00,12.520000457763672,12.520000457763672,12.520000457763672,12.520000457763672,1152,0.0,0.0
2023-11-09 13:30:00-05:00,12.515000343322754,12.5600004196167,12.515000343322754,12.542400360107422,2600,0.0,0.0
2023-11-09 14:30:00-05:00,12.470000267028809,12.510000228881836,12.415599822998047,12.505000114440918,4047,0.0,0.0
2023-11-09 15:30:00-05:00,12.509900093078613,12.59000015258789,12.5,12.59000015258789,5172,0.0,0.0
2023-11-10 09:30:00-05:00,12.539999961853027,12.539999961853027,12.404999732971191,12.404999732971191,337,0.0,0.0
2023-11-10 10:30:00-05:00,12.390000343322754,12.699999809265137,12.390000343322754,12.545000076293945,1677,0.0,0.0
2023-11-10 11:30:00-05:00,12.399999618530273,12.460000038146973,12.399999618530273,12.460000038146973,596,0.0,0.0
2023-11-10 12:30:00-05:00,12.460000038146973,12.539999961853027,12.4399995803833,12.470000267028809,5509,0.0,0.0
2023-11-10 13:30:00-05:00,12.449999809265137,12.470000267028809,12.4399995803833,12.4399995803833,2230,0.0,0.0
2023-11-10 14:30:00-05:00,12.399999618530273,12.520000457763672,12.369999885559082,12.520000457763672,3539,0.0,0.0
2023-11-10 15:30:00-05:00,12.489999771118164,12.649999618530273,12.489999771118164,12.529999732971191,7619,0.0,0.0
2023-11-13 09:30:00-05:00,12.5,12.694999694824219,12.5,12.569999694824219,1140,0.0,0.0
2023-11-13 10:30:00-05:00,12.600000381469727,12.869999885559082,12.5,12.869999885559082,10501,0.0,0.0
2023-11-13 11:30:00-05:00,12.949999809265137,13.279999732971191,12.949999809265137,13.1899995803833,5312,0.0,0.0
2023-11-13 12:30:00-05:00,13.109999656677246,13.119999885559082,13.039999961853027,13.109999656677246,3312,0.0,0.0
2023-11-13 13:30:00-05:00,13.052599906921387,13.079999923706055,13.0,13.079999923706055,3299,0.0,0.0
2023-11-13 14:30:00-05:00,13.074999809265137,13.079999923706055,12.84000015258789,12.9399995803833,6980,0.0,0.0
2023-11-13 15:30:00-05:00,12.95009994506836,13.229999542236328,12.949999809265137,13.199999809265137,8357,0.0,0.0
2023-11-14 09:30:00-05:00,13.1899995803833,13.279999732971191,13.0,13.279999732971191,4490,0.0,0.0
2023-11-14 10:30:00-05:00,13.079999923706055,13.199999809265137,13.069999694824219,13.100000381469727,1578,0.0,0.0
2023-11-14 11:30:00-05:00,13.180000305175781,13.329999923706055,13.180000305175781,13.3149995803833,4408,0.0,0.0
2023-11-14 12:30:00-05:00,13.239999771118164,13.239999771118164,13.15999984741211,13.15999984741211,1501,0.0,0.0
2023-11-14 13:30:00-05:00,13.109999656677246,13.3100004196167,13.109999656677246,13.3100004196167,5827,0.0,0.0
2023-11-14 14:30:00-05:00,13.260000228881836,13.260000228881836,13.109999656677246,13.199999809265137,2030,0.0,0.0
2023-11-14 15:30:00-05:00,13.25,13.414999961853027,13.25,13.369999885559082,9517,0.0,0.0
2023-11-15 09:30:00-05:00,13.239999771118164,13.319999694824219,13.180000305175781,13.260000228881836,1655,0.0,0.0
2023-11-15 10:30:00-05:00,13.3100004196167,13.4399995803833,13.279999732971191,13.279999732971191,2343,0.0,0.0
2023-11-15 11:30:00-05:00,13.342499732971191,13.342499732971191,13.110400199890137,13.1899995803833,5647,0.0,0.0
2023-11-15 12:30:00-05:00,13.1850004196167,13.1850004196167,13.100000381469727,13.164999961853027,2173,0.0,0.0
2023-11-15 13:30:00-05:00,13.17039966583252,13.260000228881836,13.15999984741211,13.15999984741211,2435,0.0,0.0
2023-11-15 14:30:00-05:00,13.1899995803833,13.206000328063965,13.15999984741211,13.170000076293945,1593,0.0,0.0
2023-11-15 15:30:00-05:00,13.149999618530273,13.170000076293945,13.039899826049805,13.039999961853027,15108,0.0,0.0
2023-11-16 09:30:00-05:00,12.805000305175781,13.259099960327148,12.805000305175781,12.90999984741211,1612,0.0,0.0
2023-11-16 10:30:00-05:00,12.540900230407715,12.9443998336792,12.540900230407715,12.850000381469727,4478,0.0,0.0
2023-11-16 11:30:00-05:00,12.829999923706055,12.829999923706055,12.65999984741211,12.664999961853027,1868,0.0,0.0
2023-11-16 12:30:00-05:00,12.770000457763672,12.779999732971191,12.569999694824219,12.600000381469727,2719,0.0,0.0
2023-11-16 13:30:00-05:00,12.675000190734863,12.675000190734863,12.640000343322754,12.640000343322754,1163,0.0,0.0
2023-11-16 14:30:00-05:00,12.600000381469727,12.720000267028809,12.600000381469727,12.720000267028809,4019,0.0,0.0
2023-11-16 15:30:00-05:00,12.729999542236328,12.829999923706055,12.720000267028809,12.829999923706055,7403,0.0,0.0
2023-11-17 09:30:00-05:00,13.569999694824219,15.339900016784668,13.569999694824219,15.31820011138916,54753,0.0,0.0
2023-11-17 10:30:00-05:00,15.15999984741211,15.8100004196167,15.079999923706055,15.100099563598633,51666,0.0,0.0
2023-11-17 11:30:00-05:00,15.110099792480469,15.489999771118164,15.109999656677246,15.380000114440918,10743,0.0,0.0
2023-11-17 12:30:00-05:00,15.300000190734863,15.838299751281738,15.300000190734863,15.620800018310547,28668,0.0,0.0
2023-11-17 13:30:00-05:00,15.631600379943848,15.800000190734863,15.550100326538086,15.760000228881836,20345,0.0,0.0
2023-11-17 14:30:00-05:00,15.650099754333496,15.989999771118164,15.352700233459473,15.600099563598633,38749,0.0,0.0
2023-11-17 15:30:00-05:00,15.699999809265137,15.779999732971191,15.449999809265137,15.699999809265137,32249,0.0,0.0
2023-11-20 09:30:00-05:00,15.800000190734863,16.8799991607666,15.800000190734863,16.8799991607666,56753,0.0,0.0
2023-11-20 10:30:00-05:00,16.850000381469727,17.489999771118164,16.415000915527344,16.584999084472656,45255,0.0,0.0
2023-11-20 11:30:00-05:00,16.6299991607666,16.959999084472656,16.61009979248047,16.81999969482422,18565,0.0,0.0
2023-11-20 12:30:00-05:00,16.875,17.1299991607666,16.760000228881836,17.110000610351562,10161,0.0,0.0
2023-11-20 13:30:00-05:00,17.110000610351562,17.239999771118164,16.928199768066406,17.229999542236328,13021,0.0,0.0
2023-11-20 14:30:00-05:00,17.399999618530273,17.399999618530273,16.92009925842285,17.059999465942383,14109,0.0,0.0
2023-11-20 15:30:00-05:00,17.06999969482422,17.170000076293945,16.8799991607666,16.93000030517578,13361,0.0,0.0
2023-11-21 09:30:00-05:00,16.940000534057617,16.940000534057617,16.559999465942383,16.674999237060547,11016,0.0,0.0
2023-11-21 10:30:00-05:00,16.670000076293945,16.719999313354492,16.43000030517578,16.709999084472656,6680,0.0,0.0
2023-11-21 11:30:00-05:00,16.691200256347656,16.989999771118164,16.691200256347656,16.889999389648438,4868,0.0,0.0
2023-11-21 12:30:00-05:00,16.823299407958984,17.09000015258789,16.81999969482422,16.8346004486084,11346,0.0,0.0
2023-11-21 13:30:00-05:00,16.850000381469727,16.920000076293945,16.784099578857422,16.850000381469727,6255,0.0,0.0
2023-11-21 14:30:00-05:00,16.885000228881836,16.885000228881836,16.700000762939453,16.829999923706055,7450,0.0,0.0
2023-11-21 15:30:00-05:00,16.860000610351562,16.8799991607666,16.729999542236328,16.790000915527344,6414,0.0,0.0
2023-11-22 09:30:00-05:00,17.0,17.139999389648438,16.799999237060547,16.853200912475586,15689,0.0,0.0
2023-11-22 10:30:00-05:00,16.8700008392334,17.099899291992188,16.860000610351562,17.012100219726562,7708,0.0,0.0
2023-11-22 11:30:00-05:00,17.0,17.09000015258789,16.8799991607666,16.8799991607666,4397,0.0,0.0
2023-11-22 12:30:00-05:00,17.0,17.0,16.8799991607666,16.890100479125977,2258,0.0,0.0
2023-11-22 13:30:00-05:00,17.0,17.100000381469727,16.960100173950195,16.975000381469727,12420,0.0,0.0
2023-11-22 14:30:00-05:00,16.9867000579834,17.079999923706055,16.92009925842285,17.049999237060547,4753,0.0,0.0
2023-11-22 15:30:00-05:00,17.010000228881836,17.270000457763672,17.0049991607666,17.239900588989258,18386,0.0,0.0
2023-11-24 09:30:00-05:00,16.1200008392334,16.780000686645508,16.1200008392334,16.674999237060547,22635,0.0,0.0
2023-11-24 10:30:00-05:00,16.75,17.0,16.75,16.948999404907227,18939,0.0,0.0
2023-11-24 11:30:00-05:00,16.90999984741211,16.989999771118164,16.850000381469727,16.899999618530273,6612,0.0,0.0
2023-11-27 09:30:00-05:00,17.200000762939453,17.3799991607666,16.65999984741211,16.90999984741211,20882,0.0,0.0
2023-11-27 10:30:00-05:00,16.8700008392334,17.0,16.78499984741211,16.8700008392334,8001,0.0,0.0
2023-11-27 11:30:00-05:00,16.829999923706055,16.959999084472656,16.815099716186523,16.879499435424805,1635,0.0,0.0
2023-11-27 12:30:00-05:00,17.0,17.209999084472656,17.0,17.114999771118164,2914,0.0,0.0
2023-11-27 13:30:00-05:00,17.110000610351562,17.18000030517578,17.09000015258789,17.170000076293945,2174,0.0,0.0
2023-11-27 14:30:00-05:00,17.125,17.299999237060547,17.09000015258789,17.149999618530273,8881,0.0,0.0
2023-11-27 15:30:00-05:00,17.170000076293945,17.170000076293945,16.86709976196289,17.010000228881836,15969,0.0,0.0
2023-11-28 09:30:00-05:00,16.860000610351562,16.860000610351562,16.510000228881836,16.578399658203125,32060,0.0,0.0
2023-11-28 10:30:00-05:00,16.604999542236328,16.81999969482422,16.570100784301758,16.784500122070312,9961,0.0,0.0
2023-11-28 11:30:00-05:00,16.809999465942383,16.885000228881836,16.530000686645508,16.625,11595,0.0,0.0
2023-11-28 12:30:00-05:00,16.625,16.625,16.540000915527344,16.594999313354492,3520,0.0,0.0
2023-11-28 13:30:00-05:00,16.594999313354492,16.65999984741211,16.55500030517578,16.639999389648438,17652,0.0,0.0
2023-11-28 14:30:00-05:00,16.6299991607666,16.770000457763672,16.59000015258789,16.690000534057617,7452,0.0,0.0
2023-11-28 15:30:00-05:00,16.690000534057617,16.959999084472656,16.690000534057617,16.899999618530273,18319,0.0,0.0
2023-11-29 09:30:00-05:00,17.010000228881836,17.010000228881836,16.25,16.93000030517578,4606,0.0,0.0
2023-11-29 10:30:00-05:00,16.934999465942383,17.010000228881836,16.93000030517578,16.93000030517578,1964,0.0,0.0
2023-11-29 11:30:00-05:00,16.8700008392334,16.979999542236328,16.8700008392334,16.870100021362305,2078,0.0,0.0
2023-11-29 12:30:00-05:00,17.020000457763672,17.149999618530273,17.0,17.114999771118164,5402,0.0,0.0
2023-11-29 13:30:00-05:00,16.989999771118164,17.110000610351562,16.969999313354492,17.110000610351562,2442,0.0,0.0
2023-11-29 14:30:00-05:00,17.059999465942383,17.100000381469727,17.010000228881836,17.043699264526367,3755,0.0,0.0
2023-11-29 15:30:00-05:00,17.040000915527344,17.110000610351562,16.90999984741211,17.020000457763672,10767,0.0,0.0
2023-11-30 09:30:00-05:00,16.90999984741211,16.90999984741211,16.0,16.2549991607666,25487,0.0,0.0
2023-11-30 10:30:00-05:00,16.360700607299805,16.440000534057617,16.06999969482422,16.20009994506836,9352,0.0,0.0
2023-11-30 11:30:00-05:00,16.19499969482422,16.264999389648438,15.949999809265137,16.079999923706055,8067,0.0,0.0
2023-11-30 12:30:00-05:00,15.90999984741211,15.90999984741211,15.197500228881836,15.560600280761719,28183,0.0,0.0
2023-11-30 13:30:00-05:00,15.569999694824219,15.779999732971191,15.539999961853027,15.539999961853027,11420,0.0,0.0
2023-11-30 14:30:00-05:00,15.539999961853027,15.699999809265137,15.410099983215332,15.699999809265137,9468,0.0,0.0
2023-11-30 15:30:00-05:00,15.699999809265137,15.699999809265137,15.510100364685059,15.6899995803833,8470,0.0,0.0
2023-12-01 09:30:00-05:00,15.9399995803833,16.065000534057617,15.76729965209961,15.98009967803955,4658,0.0,0.0
2023-12-01 10:30:00-05:00,16.0,16.030000686645508,15.904999732971191,16.030000686645508,1876,0.0,0.0
2023-12-01 11:30:00-05:00,16.100000381469727,16.200000762939453,16.040000915527344,16.09000015258789,3131,0.0,0.0
2023-12-01 12:30:00-05:00,16.190000534057617,16.190000534057617,16.079999923706055,16.18000030517578,932,0.0,0.0
2023-12-01 13:30:00-05:00,16.190000534057617,16.190000534057617,16.155000686645508,16.155000686645508,826,0.0,0.0
2023-12-01 14:30:00-05:00,16.15999984741211,16.190000534057617,15.920000076293945,16.0,8674,0.0,0.0
2023-12-01 15:30:00-05:00,16.06999969482422,16.350000381469727,16.020000457763672,16.280000686645508,25010,0.0,0.0
2023-12-04 09:30:00-05:00,16.06999969482422,17.065000534057617,16.06999969482422,16.959999084472656,14427,0.0,0.0
2023-12-04 10:30:00-05:00,16.81599998474121,16.8799991607666,16.6299991607666,16.6299991607666,11185,0.0,0.0
2023-12-04 11:30:00-05:00,16.649999618530273,16.799999237060547,16.639999389648438,16.75,13202,0.0,0.0
2023-12-04 12:30:00-05:00,16.727699279785156,16.727699279785156,16.600000381469727,16.600000381469727,3671,0.0,0.0
2023-12-04 13:30:00-05:00,16.670000076293945,16.78499984741211,16.649999618530273,16.69499969482422,9062,0.0,0.0
2023-12-04 14:30:00-05:00,16.68000030517578,16.790000915527344,16.670000076293945,16.700000762939453,8902,0.0,0.0
2023-12-04 15:30:00-05:00,16.75,16.75,16.610000610351562,16.700000762939453,8087,0.0,0.0
2023-12-05 09:30:00-05:00,16.600000381469727,16.774999618530273,16.570199966430664,16.774999618530273,7686,0.0,0.0
2023-12-05 10:30:00-05:00,16.78499984741211,16.9197998046875,16.6200008392334,16.670000076293945,9458,0.0,0.0
2023-12-05 11:30:00-05:00,16.649999618530273,16.71500015258789,16.649999618530273,16.707199096679688,825,0.0,0.0
2023-12-05 12:30:00-05:00,16.665000915527344,16.75,16.665000915527344,16.75,1904,0.0,0.0
2023-12-05 13:30:00-05:00,16.68000030517578,16.719999313354492,16.639999389648438,16.639999389648438,2290,0.0,0.0
2023-12-05 14:30:00-05:00,16.649999618530273,16.65999984741211,16.450000762939453,16.450000762939453,3307,0.0,0.0
2023-12-05 15:30:00-05:00,16.420000076293945,16.579999923706055,16.350000381469727,16.559999465942383,12012,0.0,0.0
2023-12-06 09:30:00-05:00,16.649999618530273,16.700000762939453,16.510000228881836,16.510000228881836,1945,0.0,0.0
2023-12-06 10:30:00-05:00,16.559999465942383,16.850000381469727,16.499900817871094,16.850000381469727,6302,0.0,0.0
2023-12-06 11:30:00-05:00,16.700000762939453,16.799999237060547,16.600000381469727,16.670000076293945,4824,0.0,0.0
2023-12-06 12:30:00-05:00,16.69499969482422,16.729999542236328,16.655000686645508,16.729999542236328,4578,0.0,0.0
2023-12-06 13:30:00-05:00,16.799999237060547,16.799999237060547,16.7549991607666,16.799999237060547,4009,0.0,0.0
2023-12-06 14:30:00-05:00,16.764999389648438,16.799999237060547,16.600000381469727,16.600000381469727,2801,0.0,0.0
2023-12-06 15:30:00-05:00,16.68000030517578,16.729999542236328,16.520000457763672,16.520000457763672,9319,0.0,0.0
2023-12-07 09:30:00-05:00,16.559999465942383,16.729999542236328,16.559999465942383,16.700000762939453,2317,0.0,0.0
2023-12-07 10:30:00-05:00,16.579999923706055,16.579999923706055,16.360000610351562,16.40999984741211,4409,0.0,0.0
2023-12-07 11:30:00-05:00,16.599899291992188,16.709999084472656,16.469999313354492,16.65999984741211,5197,0.0,0.0
2023-12-07 12:30:00-05:00,16.65999984741211,16.783100128173828,16.63010025024414,16.63010025024414,2739,0.0,0.0
2023-12-07 13:30:00-05:00,16.735000610351562,16.75,16.670000076293945,16.70199966430664,6757,0.0,0.0
2023-12-07 14:30:00-05:00,16.67460060119629,16.829999923706055,16.670000076293945,16.770000457763672,4754,0.0,0.0
2023-12-07 15:30:00-05:00,16.770000457763672,16.799999237060547,16.610000610351562,16.760000228881836,25489,0.0,0.0
2023-12-08 09:30:00-05:00,16.8700008392334,16.8700008392334,16.520000457763672,16.520000457763672,8215,0.0,0.0
2023-12-08 10:30:00-05:00,16.540000915527344,16.685800552368164,16.479999542236328,16.479999542236328,3650,0.0,0.0
2023-12-08 11:30:00-05:00,16.479999542236328,16.579999923706055,16.3700008392334,16.440000534057617,12015,0.0,0.0
2023-12-08 12:30:00-05:00,16.459999084472656,16.530000686645508,16.43000030517578,16.43000030517578,4283,0.0,0.0
2023-12-08 13:30:00-05:00,16.530000686645508,16.600000381469727,16.489999771118164,16.600000381469727,6187,0.0,0.0
2023-12-08 14:30:00-05:00,16.55030059814453,16.739999771118164,16.489999771118164,16.719999313354492,8864,0.0,0.0
2023-12-08 15:30:00-05:00,16.700000762939453,16.729999542236328,16.610000610351562,16.639999389648438,12529,0.0,0.0
2023-12-11 09:30:00-05:00,16.670000076293945,16.670000076293945,16.06999969482422,16.107900619506836,13974,0.0,0.0
2023-12-11 10:30:00-05:00,16.0939998626709,16.5,16.0939998626709,16.454999923706055,3873,0.0,0.0
2023-12-11 11:30:00-05:00,16.5049991607666,16.540000915527344,16.399999618530273,16.450000762939453,4541,0.0,0.0
2023-12-11 12:30:00-05:00,16.459999084472656,16.459999084472656,16.360000610351562,16.360000610351562,4129,0.0,0.0
2023-12-11 13:30:00-05:00,16.420900344848633,16.479999542236328,16.350000381469727,16.375,8503,0.0,0.0
2023-12-11 14:30:00-05:00,16.375,16.559999465942383,16.375,16.510000228881836,2979,0.0,0.0
2023-12-11 15:30:00-05:00,16.530000686645508,16.530000686645508,16.350000381469727,16.350000381469727,8106,0.0,0.0
2023-12-12 09:30:00-05:00,16.459999084472656,16.5,16.280000686645508,16.280000686645508,2072,0.0,0.0
2023-12-12 10:30:00-05:00,16.399999618530273,16.399999618530273,15.90999984741211,16.125,9612,0.0,0.0
2023-12-12 11:30:00-05:00,16.149999618530273,16.239999771118164,16.0,16.069900512695312,5333,0.0,0.0
2023-12-12 12:30:00-05:00,16.020000457763672,16.020000457763672,16.020000457763672,16.020000457763672,1700,0.0,0.0
2023-12-12 13:30:00-05:00,16.010000228881836,16.069900512695312,16.010000228881836,16.020000457763672,3517,0.0,0.0
2023-12-12 14:30:00-05:00,16.020000457763672,16.09000015258789,16.020000457763672,16.049999237060547,5259,0.0,0.0
2023-12-12 15:30:00-05:00,16.020000457763672,16.020000457763672,15.949999809265137,15.979999542236328,8705,0.0,0.0
2023-12-13 09:30:00-05:00,16.1200008392334,16.1200008392334,15.720000267028809,15.720000267028809,7466,0.0,0.0
2023-12-13 10:30:00-05:00,15.75,15.890000343322754,15.630000114440918,15.760000228881836,5899,0.0,0.0
2023-12-13 11:30:00-05:00,15.789999961853027,15.839900016784668,15.774999618530273,15.789999961853027,4936,0.0,0.0
2023-12-13 12:30:00-05:00,15.770000457763672,15.824999809265137,15.760000228881836,15.824999809265137,3490,0.0,0.0
2023-12-13 13:30:00-05:00,15.880000114440918,16.239999771118164,15.880000114440918,16.149999618530273,2585,0.0,0.0
2023-12-13 14:30:00-05:00,16.149999618530273,16.420000076293945,16.125,16.31999969482422,8964,0.0,0.0
2023-12-13 15:30:00-05:00,16.350000381469727,16.489999771118164,16.09000015258789,16.1200008392334,35934,0.0,0.0
2023-12-14 09:30:00-05:00,16.329999923706055,16.616899490356445,16.31999969482422,16.549999237060547,6277,0.0,0.0
2023-12-14 10:30:00-05:00,16.639699935913086,16.69499969482422,16.40999984741211,16.69499969482422,6822,0.0,0.0
2023-12-14 11:30:00-05:00,16.729999542236328,16.729999542236328,16.5,16.6299991607666,6582,0.0,0.0
2023-12-14 12:30:00-05:00,16.68000030517578,16.719999313354492,16.43000030517578,16.479999542236328,4564,0.0,0.0
2023-12-14 13:30:00-05:00,16.43000030517578,16.530000686645508,16.3700008392334,16.510000228881836,6837,0.0,0.0
2023-12-14 14:30:00-05:00,16.540000915527344,16.799999237060547,16.510000228881836,16.75,12075,0.0,0.0
2023-12-14 15:30:00-05:00,16.760000228881836,16.850000381469727,16.56999969482422,16.59000015258789,18135,0.0,0.0
2023-12-15 09:30:00-05:00,16.68000030517578,16.68000030517578,16.350000381469727,16.43000030517578,23249,0.0,0.0
2023-12-15 10:30:00-05:00,16.58799934387207,16.58799934387207,16.209999084472656,16.209999084472656,3461,0.0,0.0
2023-12-15 11:30:00-05:00,16.139999389648438,16.200000762939453,16.040000915527344,16.100000381469727,3976,0.0,0.0
2023-12-15 12:30:00-05:00,16.143999099731445,16.170000076293945,15.869999885559082,16.099899291992188,4400,0.0,0.0
2023-12-15 13:30:00-05:00,16.045000076293945,16.110000610351562,15.979999542236328,16.049999237060547,6152,0.0,0.0
2023-12-15 14:30:00-05:00,15.949999809265137,16.299999237060547,15.949999809265137,16.239999771118164,15045,0.0,0.0
2023-12-15 15:30:00-05:00,16.299999237060547,16.384300231933594,16.219999313354492,16.290000915527344,17746,0.0,0.0
2023-12-18 09:30:00-05:00,16.350000381469727,16.420000076293945,16.15999984741211,16.420000076293945,5694,0.0,0.0
2023-12-18 10:30:00-05:00,16.464000701904297,16.510000228881836,16.290000915527344,16.510000228881836,5524,0.0,0.0
2023-12-18 11:30:00-05:00,16.549999237060547,16.549999237060547,16.3799991607666,16.399999618530273,5789,0.0,0.0
2023-12-18 12:30:00-05:00,16.399999618530273,16.450000762939453,16.299999237060547,16.309999465942383,5611,0.0,0.0
2023-12-18 13:30:00-05:00,16.34000015258789,16.53499984741211,16.309999465942383,16.524999618530273,5305,0.0,0.0
2023-12-18 14:30:00-05:00,16.649999618530273,16.75,16.649999618530273,16.68000030517578,6217,0.0,0.0
2023-12-18 15:30:00-05:00,16.670000076293945,16.770000457763672,16.639999389648438,16.739999771118164,14372,0.0,0.0
2023-12-19 09:30:00-05:00,16.81999969482422,16.81999969482422,16.520000457763672,16.6299991607666,3132,0.0,0.0
2023-12-19 10:30:00-05:00,16.600000381469727,16.600000381469727,16.329999923706055,16.449899673461914,7198,0.0,0.0
2023-12-19 11:30:00-05:00,16.360000610351562,16.519899368286133,16.360000610351562,16.420000076293945,4380,0.0,0.0
2023-12-19 12:30:00-05:00,16.40999984741211,16.635000228881836,16.40999984741211,16.635000228881836,3711,0.0,0.0
2023-12-19 13:30:00-05:00,16.59000015258789,16.62019920349121,16.56999969482422,16.62019920349121,4199,0.0,0.0
2023-12-19 14:30:00-05:00,16.681699752807617,16.799999237060547,16.649999618530273,16.68000030517578,6688,0.0,0.0
2023-12-19 15:30:00-05:00,16.68000030517578,16.760000228881836,16.649999618530273,16.670000076293945,25878,0.0,0.0
2023-12-20 09:30:00-05:00,16.719999313354492,16.719999313354492,16.42959976196289,16.575000762939453,5654,0.0,0.0
2023-12-20 10:30:00-05:00,16.63960075378418,16.869600296020508,16.63960075378418,16.719999313354492,9233,0.0,0.0
2023-12-20 11:30:00-05:00,16.799999237060547,17.110000610351562,16.7549991607666,16.813199996948242,15344,0.0,0.0
2023-12-20 12:30:00-05:00,16.91010093688965,16.985000610351562,16.885000228881836,16.920000076293945,5069,0.0,0.0
2023-12-20 13:30:00-05:00,16.90999984741211,16.90999984741211,16.729999542236328,16.75,7301,0.0,0.0
2023-12-20 14:30:00-05:00,16.7549991607666,16.7549991607666,16.53499984741211,16.540000915527344,4494,0.0,0.0
2023-12-20 15:30:00-05:00,16.600000381469727,16.600000381469727,16.469999313354492,16.469999313354492,8596,0.0,0.0
2023-12-21 09:30:00-05:00,16.65999984741211,16.65999984741211,16.299999237060547,16.5,6096,0.0,0.0
2023-12-21 10:30:00-05:00,16.579999923706055,16.579999923706055,16.579999923706055,16.579999923706055,136,0.0,0.0
2023-12-21 11:30:00-05:00,16.559999465942383,16.56999969482422,16.389999389648438,16.489999771118164,8856,0.0,0.0
2023-12-21 12:30:00-05:00,16.489999771118164,16.50749969482422,16.479999542236328,16.5,1784,0.0,0.0
2023-12-21 13:30:00-05:00,16.479999542236328,16.579999923706055,16.479999542236328,16.479999542236328,2121,0.0,0.0
2023-12-21 14:30:00-05:00,16.469999313354492,16.469999313354492,16.450000762939453,16.450000762939453,568,0.0,0.0
2023-12-21 15:30:00-05:00,16.43000030517578,16.489999771118164,16.3799991607666,16.459999084472656,12381,0.0,0.0
2023-12-22 09:30:00-05:00,16.56999969482422,16.56999969482422,16.56999969482422,16.56999969482422,618,0.0,0.0
2023-12-22 10:30:00-05:00,16.684999465942383,16.684999465942383,16.5,16.5,2775,0.0,0.0
2023-12-22 11:30:00-05:00,16.540000915527344,16.545000076293945,16.479999542236328,16.520000457763672,1878,0.0,0.0
2023-12-22 12:30:00-05:00,16.559999465942383,16.559999465942383,16.459999084472656,16.459999084472656,2965,0.0,0.0
2023-12-22 13:30:00-05:00,16.459999084472656,16.489999771118164,16.43000030517578,16.43000030517578,8005,0.0,0.0
2023-12-22 14:30:00-05:00,16.489999771118164,16.489999771118164,16.450000762939453,16.479999542236328,2760,0.0,0.0
2023-12-22 15:30:00-05:00,16.479999542236328,16.520000457763672,16.260000228881836,16.329999923706055,17445,0.0,0.0
2023-12-26 09:30:00-05:00,16.31999969482422,16.440000534057617,16.31999969482422,16.420000076293945,2921,0.0,0.0
2023-12-26 10:30:00-05:00,16.510000228881836,16.520000457763672,16.510000228881836,16.520000457763672,1300,0.0,0.0
2023-12-26 11:30:00-05:00,16.680599212646484,16.680599212646484,16.549999237060547,16.66029930114746,1545,0.0,0.0
2023-12-26 12:30:00-05:00,16.701099395751953,16.709999084472656,16.670000076293945,16.68000030517578,2870,0.0,0.0
2023-12-26 13:30:00-05:00,16.700000762939453,16.709999084472656,16.6200008392334,16.6200008392334,1520,0.0,0.0
2023-12-26 14:30:00-05:00,16.639999389648438,16.700000762939453,16.639999389648438,16.69499969482422,2622,0.0,0.0
2023-12-26 15:30:00-05:00,16.700000762939453,16.700000762939453,16.600000381469727,16.649999618530273,6867,0.0,0.0
2023-12-27 09:30:00-05:00,16.77039909362793,16.77039909362793,16.729999542236328,16.729999542236328,1280,0.0,0.0
2023-12-27 10:30:00-05:00,16.719999313354492,16.75,16.690000534057617,16.690000534057617,2164,0.0,0.0
2023-12-27 11:30:00-05:00,16.75,16.760000228881836,16.700000762939453,16.704999923706055,2208,0.0,0.0
2023-12-27 12:30:00-05:00,16.700000762939453,16.780000686645508,16.700000762939453,16.75,2181,0.0,0.0
2023-12-27 13:30:00-05:00,16.760000228881836,16.760000228881836,16.729999542236328,16.75,1410,0.0,0.0
2023-12-27 14:30:00-05:00,16.760000228881836,16.760000228881836,16.6299991607666,16.639999389648438,2512,0.0,0.0
2023-12-27 15:30:00-05:00,16.679899215698242,16.739999771118164,16.579999923706055,16.610000610351562,9647,0.0,0.0
2023-12-28 09:30:00-05:00,16.459999084472656,16.589399337768555,16.459999084472656,16.579999923706055,1878,0.0,0.0
2023-12-28 10:30:00-05:00,16.590999603271484,16.590999603271484,16.399999618530273,16.399999618530273,2197,0.0,0.0
2023-12-28 11:30:00-05:00,16.424999237060547,16.450000762939453,16.40999984741211,16.424999237060547,2047,0.0,0.0
2023-12-28 12:30:00-05:00,16.399999618530273,16.399999618530273,16.1299991607666,16.179899215698242,5925,0.0,0.0
2023-12-28 13:30:00-05:00,16.239999771118164,16.295000076293945,16.190000534057617,16.295000076293945,2493,0.0,0.0
2023-12-28 14:30:00-05:00,16.295000076293945,16.295000076293945,16.209999084472656,16.229999542236328,6248,0.0,0.0
2023-12-28 15:30:00-05:00,16.227399826049805,16.239999771118164,16.1200008392334,16.125999450683594,6434,0.0,0.0
2023-12-29 09:30:00-05:00,16.0,16.18000030517578,15.520000457763672,16.174999237060547,5934,0.0,0.0
2023-12-29 10:30:00-05:00,16.171300888061523,16.25,15.989999771118164,16.040000915527344,3607,0.0,0.0
2023-12-29 11:30:00-05:00,15.990500450134277,15.990500450134277,15.990500450134277,15.990500450134277,1759,0.0,0.0
2023-12-29 12:30:00-05:00,16.010000228881836,16.07990074157715,15.949999809265137,15.949999809265137,2003,0.0,0.0
2023-12-29 13:30:00-05:00,16.04990005493164,16.04990005493164,15.960000038146973,15.970000267028809,2219,0.0,0.0
2023-12-29 14:30:00-05:00,16.020000457763672,16.06999969482422,15.970999717712402,16.006999969482422,4203,0.0,0.0
2023-12-29 15:30:00-05:00,15.960000038146973,16.020000457763672,15.960000038146973,15.989999771118164,5391,0.0,0.0
2024-01-02 09:30:00-05:00,15.75,16.170000076293945,15.5,16.170000076293945,0,0.0,0.0
2024-01-02 10:30:00-05:00,16.298599243164062,16.298599243164062,16.149999618530273,16.290000915527344,4400,0.0,0.0
2024-01-02 11:30:00-05:00,16.360000610351562,16.3700008392334,16.299999237060547,16.3700008392334,2748,0.0,0.0
2024-01-02 12:30:00-05:00,16.399999618530273,16.399999618530273,16.350000381469727,16.350000381469727,2086,0.0,0.0
2024-01-02 13:30:00-05:00,16.364999771118164,16.364999771118164,16.25,16.290000915527344,2603,0.0,0.0
2024-01-02 14:30:00-05:00,16.360000610351562,16.40999984741211,16.270000457763672,16.280000686645508,4996,0.0,0.0
2024-01-02 15:30:00-05:00,16.30500030517578,16.3799991607666,16.299999237060547,16.34000015258789,9219,0.0,0.0
2024-01-03 09:30:00-05:00,16.34000015258789,16.5,16.25,16.5,4934,0.0,0.0
2024-01-03 10:30:00-05:00,16.599000930786133,16.599000930786133,16.420000076293945,16.469999313354492,3825,0.0,0.0
2024-01-03 11:30:00-05:00,16.5,16.545000076293945,16.469900131225586,16.540000915527344,2708,0.0,0.0
2024-01-03 12:30:00-05:00,16.5,16.575000762939453,16.475000381469727,16.475000381469727,2644,0.0,0.0
2024-01-03 13:30:00-05:00,16.492799758911133,16.492799758911133,16.375,16.40999984741211,2587,0.0,0.0
2024-01-03 14:30:00-05:00,16.385000228881836,16.399999618530273,16.174999237060547,16.174999237060547,2797,0.0,0.0
2024-01-03 15:30:00-05:00,16.25,16.25,16.1299991607666,16.170000076293945,8336,0.0,0.0
2024-01-04 09:30:00-05:00,16.309999465942383,16.31999969482422,16.040000915527344,16.040000915527344,5997,0.0,0.0
2024-01-04 10:30:00-05:00,16.1200008392334,16.1200008392334,16.1200008392334,16.1200008392334,1999,0.0,0.0
2024-01-04 11:30:00-05:00,16.09000015258789,16.09000015258789,15.989999771118164,16.03820037841797,2496,0.0,0.0
2024-01-04 12:30:00-05:00,15.869999885559082,15.899999618530273,15.789999961853027,15.899999618530273,1919,0.0,0.0
2024-01-04 13:30:00-05:00,15.904899597167969,16.0,15.824999809265137,15.829999923706055,5766,0.0,0.0
2024-01-04 14:30:00-05:00,15.877099990844727,15.930000305175781,15.859999656677246,15.864999771118164,5928,0.0,0.0
2024-01-04 15:30:00-05:00,15.890000343322754,16.030000686645508,15.84000015258789,15.920000076293945,12321,0.0,0.0
2024-01-05 09:30:00-05:00,15.850000381469727,15.9399995803833,15.779999732971191,15.84939956665039,2134,0.0,0.0
2024-01-05 10:30:00-05:00,16.059999465942383,16.114999771118164,16.059999465942383,16.114999771118164,1778,0.0,0.0
2024-01-05 11:30:00-05:00,16.1299991607666,16.22800064086914,16.1200008392334,16.200000762939453,2531,0.0,0.0
2024-01-05 12:30:00-05:00,15.970000267028809,15.970000267028809,15.869999885559082,15.970000267028809,2254,0.0,0.0
2024-01-05 13:30:00-05:00,16.010000228881836,16.110000610351562,15.9399995803833,15.9399995803833,7603,0.0,0.0
2024-01-05 14:30:00-05:00,15.914999961853027,16.014999389648438,15.914999961853027,15.920000076293945,2913,0.0,0.0
2024-01-05 15:30:00-05:00,15.90999984741211,15.949999809265137,15.8100004196167,15.84000015258789,8977,0.0,0.0
2024-01-08 09:30:00-05:00,15.8100004196167,15.940699577331543,15.520000457763672,15.940699577331543,3964,0.0,0.0
2024-01-08 11:30:00-05:00,15.829999923706055,15.899999618530273,15.770000457763672,15.850000381469727,3293,0.0,0.0
2024-01-08 12:30:00-05:00,15.680000305175781,15.899999618530273,15.680000305175781,15.863699913024902,5002,0.0,0.0
2024-01-08 13:30:00-05:00,15.859999656677246,16.010000228881836,15.800000190734863,15.880000114440918,11975,0.0,0.0
2024-01-08 14:30:00-05:00,15.899999618530273,16.032499313354492,15.859999656677246,15.970000267028809,5467,0.0,0.0
2024-01-08 15:30:00-05:00,16.010000228881836,16.010000228881836,15.949999809265137,15.960000038146973,5395,0.0,0.0
2024-01-09 09:30:00-05:00,15.989999771118164,15.989999771118164,15.989999771118164,15.989999771118164,917,0.0,0.0
2024-01-09 10:30:00-05:00,15.949999809265137,15.949999809265137,15.949999809265137,15.949999809265137,266,0.0,0.0
2024-01-09 11:30:00-05:00,15.949999809265137,15.970000267028809,15.869999885559082,15.904999732971191,631,0.0,0.0
2024-01-09 12:30:00-05:00,15.904999732971191,15.9399995803833,15.789999961853027,15.789999961853027,1410,0.0,0.0
2024-01-09 13:30:00-05:00,15.819999694824219,15.899999618530273,15.8100004196167,15.850000381469727,2291,0.0,0.0
2024-01-09 14:30:00-05:00,15.859999656677246,15.859999656677246,15.776000022888184,15.8149995803833,1764,0.0,0.0
2024-01-09 15:30:00-05:00,15.789999961853027,15.789999961853027,15.670000076293945,15.6899995803833,9975,0.0,0.0
2024-01-10 09:30:00-05:00,15.609999656677246,15.899999618530273,15.609999656677246,15.699999809265137,3128,0.0,0.0
2024-01-10 10:30:00-05:00,15.635000228881836,15.670000076293945,15.635000228881836,15.649999618530273,674,0.0,0.0
2024-01-10 11:30:00-05:00,15.640000343322754,15.670000076293945,15.529999732971191,15.529999732971191,1902,0.0,0.0
2024-01-10 12:30:00-05:00,15.649999618530273,15.649999618530273,15.380000114440918,15.380000114440918,6825,0.0,0.0
2024-01-10 13:30:00-05:00,15.4399995803833,15.538900375366211,15.34000015258789,15.538900375366211,5973,0.0,0.0
2024-01-10 14:30:00-05:00,15.430000305175781,15.4375,15.329999923706055,15.364999771118164,5807,0.0,0.0
2024-01-10 15:30:00-05:00,15.364999771118164,15.5600004196167,15.300000190734863,15.5600004196167,9682,0.0,0.0
2024-01-11 09:30:00-05:00,15.630000114440918,15.630000114440918,15.333100318908691,15.404999732971191,1371,0.0,0.0
2024-01-11 10:30:00-05:00,15.395000457763672,15.460000038146973,15.380000114440918,15.460000038146973,1866,0.0,0.0
2024-01-11 11:30:00-05:00,15.370100021362305,15.370100021362305,15.370100021362305,15.370100021362305,462,0.0,0.0
2024-01-11 12:30:00-05:00,15.489999771118164,15.489999771118164,15.489999771118164,15.489999771118164,522,0.0,0.0
2024-01-11 13:30:00-05:00,15.444999694824219,15.444999694824219,15.350000381469727,15.350000381469727,2471,0.0,0.0
2024-01-11 14:30:00-05:00,15.380000114440918,15.460000038146973,15.380000114440918,15.4350004196167,1948,0.0,0.0
2024-01-11 15:30:00-05:00,15.45009994506836,15.479999542236328,15.428000450134277,15.449999809265137,4519,0.0,0.0
2024-01-12 09:30:00-05:00,15.640000343322754,15.640000343322754,15.460000038146973,15.579999923706055,730,0.0,0.0
2024-01-12 10:30:00-05:00,15.420100212097168,15.529999732971191,15.350099563598633,15.529999732971191,3768,0.0,0.0
2024-01-12 11:30:00-05:00,15.510000228881836,15.550000190734863,15.4399995803833,15.510299682617188,3316,0.0,0.0
2024-01-12 12:30:00-05:00,15.510100364685059,15.545000076293945,15.5,15.545000076293945,1131,0.0,0.0
2024-01-12 13:30:00-05:00,15.510000228881836,15.569999694824219,15.479999542236328,15.484999656677246,4333,0.0,0.0
2024-01-12 14:30:00-05:00,15.449999809265137,15.470000267028809,15.399999618530273,15.470000267028809,4048,0.0,0.0
2024-01-12 15:30:00-05:00,15.5,15.609999656677246,15.479999542236328,15.600000381469727,9719,0.0,0.0
2024-01-16 09:30:00-05:00,15.600000381469727,15.869999885559082,15.600000381469727,15.779999732971191,6067,0.0,0.0
2024-01-16 10:30:00-05:00,15.670000076293945,15.69480037689209,15.610099792480469,15.69480037689209,1570,0.0,0.0
2024-01-16 11:30:00-05:00,15.789999961853027,15.8100004196167,15.75,15.760000228881836,4429,0.0,0.0
2024-01-16 13:30:00-05:00,15.609999656677246,15.680000305175781,15.4399995803833,15.520000457763672,4650,0.0,0.0
2024-01-16 14:30:00-05:00,15.489999771118164,15.640000343322754,15.489999771118164,15.5600004196167,4805,0.0,0.0
2024-01-16 15:30:00-05:00,15.520000457763672,15.550000190734863,15.470000267028809,15.5,6249,0.0,0.0
2024-01-17 09:30:00-05:00,15.300000190734863,15.40999984741211,15.25,15.34000015258789,6354,0.0,0.0
2024-01-17 10:30:00-05:00,15.324999809265137,15.350000381469727,15.279999732971191,15.350000381469727,705,0.0,0.0
2024-01-17 11:30:00-05:00,15.3149995803833,15.390000343322754,15.3149995803833,15.380000114440918,2203,0.0,0.0
2024-01-17 12:30:00-05:00,15.310099601745605,15.380000114440918,15.255000114440918,15.380000114440918,3802,0.0,0.0
2024-01-17 13:30:00-05:00,15.34000015258789,15.359999656677246,15.175000190734863,15.29069995880127,3919,0.0,0.0
2024-01-17 14:30:00-05:00,15.279999732971191,15.460000038146973,15.279999732971191,15.40999984741211,2880,0.0,0.0
2024-01-17 15:30:00-05:00,15.430000305175781,15.430000305175781,15.300000190734863,15.3100004196167,10882,0.0,0.0
2024-01-18 09:30:00-05:00,15.270000457763672,15.270000457763672,15.270000457763672,15.270000457763672,541,0.0,0.0
2024-01-18 10:30:00-05:00,15.100299835205078,15.146200180053711,15.100299835205078,15.146200180053711,871,0.0,0.0
2024-01-18 11:30:00-05:00,15.100000381469727,15.15999984741211,14.979999542236328,15.15999984741211,5457,0.0,0.0
2024-01-18 12:30:00-05:00,15.125,15.125,14.990099906921387,15.0600004196167,2884,0.0,0.0
2024-01-18 13:30:00-05:00,15.109999656677246,15.250499725341797,15.109999656677246,15.25,4980,0.0,0.0
2024-01-18 14:30:00-05:00,15.279999732971191,15.300000190734863,15.210000038146973,15.244999885559082,2661,0.0,0.0
2024-01-18 15:30:00-05:00,15.244999885559082,15.270000457763672,15.164999961853027,15.229999542236328,7864,0.0,0.0
2024-01-19 09:30:00-05:00,15.25,15.25,15.05109977722168,15.0600004196167,2476,0.0,0.0
2024-01-19 10:30:00-05:00,15.079999923706055,15.229999542236328,15.0600004196167,15.204999923706055,4803,0.0,0.0
2024-01-19 11:30:00-05:00,15.053999900817871,15.25,15.053999900817871,15.239999771118164,4893,0.0,0.0
2024-01-19 12:30:00-05:00,15.25,15.289999961853027,15.180000305175781,15.289999961853027,6240,0.0,0.0
2024-01-19 13:30:00-05:00,15.250100135803223,15.4399995803833,15.250100135803223,15.4399995803833,6345,0.0,0.0
2024-01-19 14:30:00-05:00,15.350000381469727,15.350000381469727,15.270099639892578,15.272899627685547,1783,0.0,0.0
2024-01-19 15:30:00-05:00,15.25,15.279999732971191,15.225000381469727,15.260000228881836,7320,0.0,0.0
2024-01-22 09:30:00-05:00,15.3100004196167,15.630000114440918,15.3100004196167,15.59000015258789,4073,0.0,0.0
2024-01-22 10:30:00-05:00,15.520000457763672,15.520000457763672,15.460000038146973,15.460000038146973,489,0.0,0.0
2024-01-22 11:30:00-05:00,15.479999542236328,16.040000915527344,15.479999542236328,16.010000228881836,18220,0.0,0.0
2024-01-22 12:30:00-05:00,15.965999603271484,16.139999389648438,15.965999603271484,16.010000228881836,10097,0.0,0.0
2024-01-22 13:30:00-05:00,15.9399995803833,16.280000686645508,15.9399995803833,16.1299991607666,11601,0.0,0.0
2024-01-22 14:30:00-05:00,16.059999465942383,16.190000534057617,16.049999237060547,16.079999923706055,5629,0.0,0.0
2024-01-22 15:30:00-05:00,16.06999969482422,16.260000228881836,16.059999465942383,16.260000228881836,11722,0.0,0.0
2024-01-23 09:30:00-05:00,16.40999984741211,16.40999984741211,16.31999969482422,16.31999969482422,1402,0.0,0.0
2024-01-23 10:30:00-05:00,16.25,16.25,16.084999084472656,16.084999084472656,702,0.0,0.0
2024-01-23 11:30:00-05:00,16.059999465942383,16.200000762939453,16.049999237060547,16.110000610351562,4912,0.0,0.0
2024-01-23 12:30:00-05:00,16.059999465942383,16.059999465942383,16.049999237060547,16.049999237060547,794,0.0,0.0
2024-01-23 13:30:00-05:00,16.100000381469727,16.139999389648438,16.100000381469727,16.104999542236328,3703,0.0,0.0
2024-01-23 14:30:00-05:00,15.989999771118164,15.989999771118164,15.89009952545166,15.930000305175781,5576,0.0,0.0
2024-01-23 15:30:00-05:00,15.890000343322754,15.949999809265137,15.8100004196167,15.859999656677246,15727,0.0,0.0
2024-01-24 09:30:00-05:00,16.059999465942383,16.059999465942383,15.930000305175781,15.930000305175781,689,0.0,0.0
2024-01-24 10:30:00-05:00,15.824999809265137,15.970000267028809,15.824999809265137,15.90999984741211,4045,0.0,0.0
2024-01-24 11:30:00-05:00,15.895000457763672,16.0,15.880000114440918,16.0,3387,0.0,0.0
2024-01-24 12:30:00-05:00,15.960000038146973,15.960000038146973,15.770000457763672,15.770000457763672,2711,0.0,0.0
2024-01-24 13:30:00-05:00,15.779999732971191,15.779999732971191,15.6899995803833,15.710000038146973,1604,0.0,0.0
2024-01-24 14:30:00-05:00,15.710000038146973,15.710000038146973,15.59000015258789,15.619999885559082,2037,0.0,0.0
2024-01-24 15:30:00-05:00,15.539999961853027,15.685999870300293,15.539999961853027,15.579999923706055,12541,0.0,0.0
2024-01-25 09:30:00-05:00,15.84000015258789,15.84000015258789,15.84000015258789,15.84000015258789,723,0.0,0.0
2024-01-25 10:30:00-05:00,15.609999656677246,15.609999656677246,15.529999732971191,15.529999732971191,1324,0.0,0.0
2024-01-25 11:30:00-05:00,15.579999923706055,15.579999923706055,15.569999694824219,15.569999694824219,1056,0.0,0.0
2024-01-25 12:30:00-05:00,15.569999694824219,15.569999694824219,15.5600004196167,15.5600004196167,1498,0.0,0.0
2024-01-25 13:30:00-05:00,15.609999656677246,15.699999809265137,15.60770034790039,15.699999809265137,2951,0.0,0.0
2024-01-25 14:30:00-05:00,15.688799858093262,15.688799858093262,15.621999740600586,15.670000076293945,4724,0.0,0.0
2024-01-25 15:30:00-05:00,15.630000114440918,15.8100004196167,15.619999885559082,15.789999961853027,17150,0.0,0.0
2024-01-26 09:30:00-05:00,15.880000114440918,15.890000343322754,15.5600004196167,15.5600004196167,2787,0.0,0.0
2024-01-26 10:30:00-05:00,15.600000381469727,15.6850004196167,15.539999961853027,15.539999961853027,1036,0.0,0.0
2024-01-26 11:30:00-05:00,15.560799598693848,15.729999542236328,15.560799598693848,15.670000076293945,2946,0.0,0.0
2024-01-26 12:30:00-05:00,15.699999809265137,15.699999809265137,15.539999961853027,15.550000190734863,1692,0.0,0.0
2024-01-26 13:30:00-05:00,15.579999923706055,15.579999923706055,15.460000038146973,15.460000038146973,4043,0.0,0.0
2024-01-26 14:30:00-05:00,15.449999809265137,15.489899635314941,15.369999885559082,15.369999885559082,4830,0.0,0.0
2024-01-26 15:30:00-05:00,15.34000015258789,15.470000267028809,15.34000015258789,15.369999885559082,7830,0.0,0.0
2024-01-29 09:30:00-05:00,15.470000267028809,15.510000228881836,15.369999885559082,15.510000228881836,2192,0.0,0.0
2024-01-29 10:30:00-05:00,15.454999923706055,15.770000457763672,15.359999656677246,15.604999542236328,10798,0.0,0.0
2024-01-29 11:30:00-05:00,15.619999885559082,15.680000305175781,15.604000091552734,15.680000305175781,1133,0.0,0.0
2024-01-29 12:30:00-05:00,15.600000381469727,15.739999771118164,15.59000015258789,15.680000305175781,13433,0.0,0.0
2024-01-29 13:30:00-05:00,15.590100288391113,15.729999542236328,15.529999732971191,15.5600004196167,7843,0.0,0.0
2024-01-29 14:30:00-05:00,15.5600004196167,15.630000114440918,15.510000228881836,15.609999656677246,11126,0.0,0.0
2024-01-29 15:30:00-05:00,15.539999961853027,15.720000267028809,15.520000457763672,15.65999984741211,32922,0.0,0.0
2024-01-30 09:30:00-05:00,15.670000076293945,15.670000076293945,15.600000381469727,15.630000114440918,978,0.0,0.0
2024-01-30 10:30:00-05:00,15.515000343322754,15.579999923706055,15.470000267028809,15.579999923706055,1729,0.0,0.0
2024-01-30 11:30:00-05:00,15.659899711608887,15.670000076293945,15.659899711608887,15.670000076293945,1562,0.0,0.0
2024-01-30 12:30:00-05:00,15.579999923706055,15.600000381469727,15.579999923706055,15.579999923706055,1281,0.0,0.0
2024-01-30 13:30:00-05:00,15.630000114440918,15.630000114440918,15.470000267028809,15.470000267028809,1036,0.0,0.0
2024-01-30 14:30:00-05:00,15.558600425720215,15.59000015258789,15.449999809265137,15.489999771118164,10155,0.0,0.0
2024-01-30 15:30:00-05:00,15.489999771118164,15.59000015258789,15.449999809265137,15.489999771118164,12471,0.0,0.0
2024-01-31 09:30:00-05:00,15.5600004196167,15.5600004196167,15.357999801635742,15.359999656677246,2204,0.0,0.0
2024-01-31 10:30:00-05:00,15.359999656677246,15.524999618530273,15.359999656677246,15.454999923706055,2349,0.0,0.0
2024-01-31 11:30:00-05:00,15.460000038146973,15.460000038146973,15.350000381469727,15.427200317382812,1561,0.0,0.0
2024-01-31 12:30:00-05:00,15.369999885559082,15.454999923706055,15.3100004196167,15.35990047454834,2569,0.0,0.0
2024-01-31 13:30:00-05:00,15.369999885559082,15.369999885559082,15.180000305175781,15.199999809265137,8635,0.0,0.0
2024-01-31 14:30:00-05:00,15.234999656677246,15.420000076293945,15.095000267028809,15.210000038146973,9039,0.0,0.0
2024-01-31 15:30:00-05:00,15.149999618530273,15.15999984741211,14.930000305175781,14.9399995803833,21423,0.0,0.0
2024-02-01 09:30:00-05:00,15.079999923706055,15.1899995803833,15.029999732971191,15.09000015258789,5314,0.0,0.0
2024-02-01 10:30:00-05:00,15.055000305175781,15.149999618530273,15.015000343322754,15.09000015258789,4069,0.0,0.0
2024-02-01 11:30:00-05:00,15.09000015258789,15.09000015258789,14.975000381469727,14.975000381469727,3305,0.0,0.0
2024-02-01 12:30:00-05:00,14.949999809265137,15.079999923706055,14.899999618530273,15.069999694824219,5835,0.0,0.0
2024-02-01 13:30:00-05:00,15.024999618530273,15.039999961853027,14.960000038146973,15.020000457763672,4227,0.0,0.0
2024-02-01 14:30:00-05:00,15.020000457763672,15.020000457763672,14.869999885559082,14.869999885559082,4331,0.0,0.0
2024-02-01 15:30:00-05:00,14.90999984741211,14.975000381469727,14.899999618530273,14.920000076293945,21776,0.0,0.0
2024-02-02 09:30:00-05:00,14.869999885559082,15.050000190734863,14.869999885559082,15.050000190734863,3934,0.0,0.0
2024-02-02 10:30:00-05:00,15.119999885559082,15.239999771118164,15.003000259399414,15.239999771118164,2297,0.0,0.0
2024-02-02 11:30:00-05:00,15.239999771118164,15.25,15.110099792480469,15.180000305175781,4300,0.0,0.0
2024-02-02 12:30:00-05:00,15.180000305175781,15.334500312805176,15.120100021362305,15.334500312805176,5474,0.0,0.0
2024-02-02 13:30:00-05:00,15.25,15.255000114440918,15.170100212097168,15.170100212097168,2037,0.0,0.0
2024-02-02 14:30:00-05:00,15.350000381469727,15.380000114440918,15.25,15.300000190734863,9729,0.0,0.0
2024-02-02 15:30:00-05:00,15.3100004196167,15.3100004196167,15.029999732971191,15.069999694824219,14651,0.0,0.0
2024-02-05 09:30:00-05:00,15.020000457763672,15.319999694824219,14.864999771118164,14.997699737548828,9635,0.0,0.0
2024-02-05 10:30:00-05:00,14.979999542236328,15.010000228881836,14.864700317382812,15.010000228881836,3611,0.0,0.0
2024-02-05 11:30:00-05:00,14.949999809265137,15.050000190734863,14.90999984741211,15.01550006866455,5679,0.0,0.0
2024-02-05 12:30:00-05:00,15.015000343322754,15.024999618530273,14.829999923706055,14.890000343322754,7947,0.0,0.0
2024-02-05 13:30:00-05:00,14.92199993133545,14.949999809265137,14.75,14.75,10907,0.0,0.0
2024-02-05 14:30:00-05:00,14.809900283813477,14.930000305175781,14.729999542236328,14.800000190734863,10585,0.0,0.0
2024-02-05 15:30:00-05:00,14.84000015258789,14.850000381469727,14.640000343322754,14.640000343322754,22478,0.0,0.0
2024-02-06 09:30:00-05:00,14.699999809265137,14.739999771118164,14.530099868774414,14.689200401306152,3957,0.0,0.0
2024-02-06 10:30:00-05:00,14.748000144958496,14.859999656677246,14.748000144958496,14.760000228881836,3635,0.0,0.0
2024-02-06 11:30:00-05:00,14.779999732971191,14.779999732971191,14.649999618530273,14.649999618530273,3202,0.0,0.0
2024-02-06 12:30:00-05:00,14.609999656677246,14.699899673461914,14.609999656677246,14.6899995803833,15717,0.0,0.0
2024-02-06 13:30:00-05:00,14.630000114440918,14.649999618530273,14.5,14.54990005493164,11529,0.0,0.0
2024-02-06 14:30:00-05:00,14.529999732971191,14.579999923706055,14.489999771118164,14.520000457763672,8182,0.0,0.0
2024-02-06 15:30:00-05:00,14.531700134277344,14.640000343322754,14.531700134277344,14.630000114440918,7207,0.0,0.0
2024-02-07 09:30:00-05:00,14.550000190734863,14.550000190734863,14.3100004196167,14.3100004196167,3438,0.0,0.0
2024-02-07 10:30:00-05:00,14.373000144958496,14.600000381469727,14.354999542236328,14.600000381469727,4338,0.0,0.0
2024-02-07 11:30:00-05:00,14.510000228881836,14.630000114440918,14.510000228881836,14.545000076293945,5227,0.0,0.0
2024-02-07 12:30:00-05:00,14.529999732971191,14.53499984741211,14.420000076293945,14.420000076293945,3542,0.0,0.0
2024-02-07 13:30:00-05:00,14.420000076293945,14.479999542236328,14.420000076293945,14.420000076293945,3671,0.0,0.0
2024-02-07 14:30:00-05:00,14.420000076293945,14.489999771118164,14.420000076293945,14.46500015258789,8123,0.0,0.0
2024-02-07 15:30:00-05:00,14.470000267028809,14.609999656677246,14.460000038146973,14.460000038146973,12857,0.0,0.0
2024-02-08 09:30:00-05:00,14.569999694824219,14.720000267028809,14.5600004196167,14.720000267028809,3043,0.0,0.0
2024-02-08 10:30:00-05:00,14.75,14.989999771118164,14.73009967803955,14.930000305175781,13709,0.0,0.0
2024-02-08 11:30:00-05:00,14.880000114440918,14.960000038146973,14.880000114440918,14.960000038146973,1577,0.0,0.0
2024-02-08 12:30:00-05:00,14.949999809265137,14.949999809265137,14.699999809265137,14.770000457763672,7278,0.0,0.0
2024-02-08 13:30:00-05:00,14.800000190734863,14.800000190734863,14.770000457763672,14.770000457763672,1176,0.0,0.0
2024-02-08 14:30:00-05:00,14.75,14.869999885559082,14.75,14.829999923706055,3285,0.0,0.0
2024-02-08 15:30:00-05:00,14.850000381469727,14.880000114440918,14.796699523925781,14.800000190734863,10666,0.0,0.0
2024-02-09 09:30:00-05:00,15.670000076293945,17.75,15.670000076293945,17.649999618530273,56635,0.0,0.0
2024-02-09 10:30:00-05:00,17.649999618530273,17.75,16.83810043334961,17.25,23135,0.0,0.0
2024-02-09 11:30:00-05:00,17.219999313354492,17.700000762939453,17.219999313354492,17.611499786376953,58970,0.0,0.0
2024-02-09 12:30:00-05:00,17.649999618530273,17.65999984741211,17.459999084472656,17.459999084472656,5704,0.0,0.0
2024-02-09 13:30:00-05:00,17.459999084472656,17.459999084472656,17.299999237060547,17.385000228881836,5248,0.0,0.0
2024-02-09 14:30:00-05:00,17.350000381469727,17.350000381469727,16.950000762939453,17.0049991607666,12296,0.0,0.0
2024-02-09 15:30:00-05:00,16.989999771118164,17.260000228881836,16.989999771118164,17.170000076293945,31618,0.0,0.0
2024-02-12 09:30:00-05:00,17.149999618530273,17.149999618530273,16.260000228881836,16.309999465942383,19227,0.0,0.0
2024-02-12 10:30:00-05:00,16.35919952392578,16.670000076293945,16.190000534057617,16.190000534057617,11684,0.0,0.0
2024-02-12 11:30:00-05:00,16.209999084472656,16.236000061035156,15.930000305175781,15.930000305175781,10973,0.0,0.0
2024-02-12 12:30:00-05:00,15.899999618530273,16.170000076293945,15.899999618530273,16.06999969482422,15104,0.0,0.0
2024-02-12 13:30:00-05:00,16.100000381469727,16.100000381469727,15.864999771118164,15.869999885559082,9298,0.0,0.0
2024-02-12 14:30:00-05:00,15.930000305175781,15.991999626159668,15.854999542236328,15.9399995803833,9967,0.0,0.0
2024-02-12 15:30:00-05:00,15.920000076293945,15.920000076293945,15.59000015258789,15.600000381469727,55532,0.0,0.0
2024-02-13 09:30:00-05:00,15.239999771118164,15.390000343322754,15.161499977111816,15.180000305175781,9977,0.0,0.0
2024-02-13 10:30:00-05:00,15.206000328063965,15.319999694824219,15.130000114440918,15.25,8716,0.0,0.0
2024-02-13 11:30:00-05:00,15.300000190734863,15.303799629211426,14.970000267028809,14.970000267028809,8149,0.0,0.0
2024-02-13 12:30:00-05:00,14.989999771118164,15.039999961853027,14.779999732971191,14.949999809265137,8691,0.0,0.0
2024-02-13 13:30:00-05:00,15.0,15.050000190734863,14.850000381469727,15.010000228881836,5422,0.0,0.0
2024-02-13 14:30:00-05:00,15.020000457763672,15.029899597167969,14.90999984741211,14.960000038146973,20063,0.0,0.0
2024-02-13 15:30:00-05:00,14.989999771118164,15.100000381469727,14.890000343322754,15.100000381469727,32044,0.0,0.0
2024-02-14 09:30:00-05:00,15.119999885559082,15.300000190734863,15.029999732971191,15.046699523925781,4634,0.0,0.0
2024-02-14 10:30:00-05:00,15.017999649047852,15.100000381469727,15.017999649047852,15.100000381469727,2963,0.0,0.0
2024-02-14 11:30:00-05:00,15.050000190734863,15.1850004196167,15.039999961853027,15.1850004196167,4174,0.0,0.0
2024-02-14 12:30:00-05:00,15.170000076293945,15.1899995803833,15.149999618530273,15.170000076293945,2864,0.0,0.0
2024-02-14 13:30:00-05:00,15.229999542236328,15.35990047454834,15.180000305175781,15.239999771118164,3602,0.0,0.0
2024-02-14 14:30:00-05:00,15.225000381469727,15.34000015258789,15.1899995803833,15.34000015258789,4346,0.0,0.0
2024-02-14 15:30:00-05:00,15.300000190734863,15.40999984741211,15.270000457763672,15.289999961853027,15079,0.0,0.0
2024-02-15 09:30:00-05:00,15.329999923706055,15.350000381469727,15.220000267028809,15.350000381469727,3116,0.0,0.0
2024-02-15 10:30:00-05:00,15.380000114440918,15.380000114440918,15.239999771118164,15.319999694824219,7836,0.0,0.0
2024-02-15 11:30:00-05:00,15.289999961853027,15.430000305175781,15.289999961853027,15.40999984741211,2335,0.0,0.0
2024-02-15 12:30:00-05:00,15.399999618530273,15.399999618530273,15.25,15.289999961853027,4760,0.0,0.0
2024-02-15 13:30:00-05:00,15.25,15.430000305175781,15.229999542236328,15.369999885559082,6079,0.0,0.0
2024-02-15 14:30:00-05:00,15.395000457763672,15.395000457763672,15.079999923706055,15.135000228881836,11775,0.0,0.0
2024-02-15 15:30:00-05:00,15.125,15.229999542236328,15.100000381469727,15.210000038146973,14675,0.0,0.0
2024-02-16 09:30:00-05:00,15.010000228881836,15.309900283813477,15.010000228881836,15.170000076293945,20615,0.0,0.0
2024-02-16 10:30:00-05:00,15.14799976348877,15.15999984741211,15.010000228881836,15.0649995803833,1979,0.0,0.0
2024-02-16 11:30:00-05:00,15.029999732971191,15.0600004196167,15.0,15.029999732971191,6014,0.0,0.0
2024-02-16 12:30:00-05:00,15.010000228881836,15.050000190734863,14.949999809265137,14.949999809265137,2131,0.0,0.0
2024-02-16 13:30:00-05:00,15.0,15.020000457763672,14.979999542236328,15.0,7034,0.0,0.0
2024-02-16 14:30:00-05:00,14.989999771118164,14.989999771118164,14.7701997756958,14.8100004196167,4675,0.0,0.0
2024-02-16 15:30:00-05:00,14.800000190734863,14.970000267028809,14.800000190734863,14.850000381469727,8224,0.0,0.0
2024-02-20 09:30:00-05:00,14.880000114440918,15.3100004196167,14.880000114440918,15.260000228881836,11688,0.0,0.0
2024-02-20 10:30:00-05:00,15.1899995803833,15.1899995803833,15.039999961853027,15.053799629211426,7730,0.0,0.0
2024-02-20 11:30:00-05:00,15.0,15.039999961853027,14.949999809265137,14.949999809265137,11742,0.0,0.0
2024-02-20 12:30:00-05:00,14.890000343322754,14.989999771118164,14.84000015258789,14.960000038146973,10765,0.0,0.0
2024-02-20 13:30:00-05:00,14.970399856567383,15.020000457763672,14.930000305175781,14.960000038146973,13976,0.0,0.0
2024-02-20 14:30:00-05:00,14.960100173950195,14.960100173950195,14.880000114440918,14.880000114440918,3875,0.0,0.0
2024-02-20 15:30:00-05:00,14.869999885559082,15.029999732971191,14.8100004196167,14.979999542236328,29579,0.0,0.0
2024-02-21 09:30:00-05:00,14.979999542236328,15.005000114440918,14.90999984741211,15.005000114440918,2838,0.0,0.0
2024-02-21 10:30:00-05:00,14.970999717712402,14.970999717712402,14.810099601745605,14.925000190734863,8262,0.0,0.0
2024-02-21 11:30:00-05:00,14.890000343322754,14.966500282287598,14.859999656677246,14.899999618530273,7695,0.0,0.0
2024-02-21 12:30:00-05:00,14.899999618530273,14.979999542236328,14.899999618530273,14.9399995803833,11728,0.0,0.0
2024-02-21 13:30:00-05:00,14.899999618530273,14.920000076293945,14.880000114440918,14.90999984741211,2577,0.0,0.0
2024-02-21 14:30:00-05:00,14.920000076293945,14.9399995803833,14.895000457763672,14.9399995803833,5564,0.0,0.0
2024-02-21 15:30:00-05:00,14.9399995803833,15.042799949645996,14.899999618530273,15.020000457763672,18574,0.0,0.0
2024-02-22 09:30:00-05:00,14.9399995803833,15.0,14.899999618530273,14.919899940490723,4173,0.0,0.0
2024-02-22 10:30:00-05:00,14.855999946594238,14.855999946594238,14.800000190734863,14.849900245666504,1717,0.0,0.0
2024-02-22 11:30:00-05:00,14.832799911499023,14.880000114440918,14.832799911499023,14.880000114440918,886,0.0,0.0
2024-02-22 12:30:00-05:00,14.829999923706055,14.84000015258789,14.800000190734863,14.800000190734863,1526,0.0,0.0
2024-02-22 13:30:00-05:00,14.779999732971191,14.824999809265137,14.750100135803223,14.824999809265137,1880,0.0,0.0
2024-02-22 14:30:00-05:00,14.760000228881836,14.760000228881836,14.699999809265137,14.729999542236328,4129,0.0,0.0
2024-02-22 15:30:00-05:00,14.829999923706055,14.84000015258789,14.779999732971191,14.819999694824219,9651,0.0,0.0
2024-02-23 09:30:00-05:00,14.800000190734863,14.880000114440918,14.779999732971191,14.880000114440918,3900,0.0,0.0
2024-02-23 10:30:00-05:00,14.913999557495117,15.085000038146973,14.913999557495117,15.085000038146973,4271,0.0,0.0
2024-02-23 11:30:00-05:00,15.09000015258789,15.149999618530273,15.039999961853027,15.149999618530273,3107,0.0,0.0
2024-02-23 12:30:00-05:00,15.095000267028809,15.170000076293945,15.050000190734863,15.119999885559082,5467,0.0,0.0
2024-02-23 13:30:00-05:00,15.119999885559082,15.210000038146973,15.119999885559082,15.194999694824219,2365,0.0,0.0
2024-02-23 14:30:00-05:00,15.194999694824219,15.359100341796875,15.194999694824219,15.3100004196167,9452,0.0,0.0
2024-02-23 15:30:00-05:00,15.350000381469727,15.390000343322754,15.30370044708252,15.3100004196167,17052,0.0,0.0
2024-02-26 09:30:00-05:00,15.199999809265137,15.640000343322754,15.199999809265137,15.600000381469727,15882,0.0,0.0
2024-02-26 10:30:00-05:00,15.655099868774414,15.655099868774414,15.569999694824219,15.649999618530273,2958,0.0,0.0
2024-02-26 11:30:00-05:00,15.625,15.770000457763672,15.600000381469727,15.755000114440918,6363,0.0,0.0
2024-02-26 12:30:00-05:00,15.760000228881836,15.8100004196167,15.649999618530273,15.65999984741211,4137,0.0,0.0
2024-02-26 13:30:00-05:00,15.609999656677246,15.729999542236328,15.579999923706055,15.699999809265137,5044,0.0,0.0
2024-02-26 14:30:00-05:00,15.6899995803833,15.739999771118164,15.6850004196167,15.739999771118164,1117,0.0,0.0
2024-02-26 15:30:00-05:00,15.699999809265137,15.859999656677246,15.699999809265137,15.770000457763672,21101,0.0,0.0
2024-02-27 09:30:00-05:00,16.0,16.139999389648438,15.979999542236328,16.049999237060547,4437,0.0,0.0
2024-02-27 10:30:00-05:00,16.072999954223633,16.225000381469727,16.072999954223633,16.225000381469727,2865,0.0,0.0
2024-02-27 11:30:00-05:00,16.200000762939453,16.229999542236328,16.15999984741211,16.200000762939453,4891,0.0,0.0
2024-02-27 12:30:00-05:00,16.149999618530273,16.174999237060547,16.110000610351562,16.139999389648438,2557,0.0,0.0
2024-02-27 13:30:00-05:00,16.079999923706055,16.079999923706055,15.899999618530273,15.899999618530273,4331,0.0,0.0
2024-02-27 14:30:00-05:00,15.850000381469727,15.859999656677246,15.770000457763672,15.8149995803833,3355,0.0,0.0
2024-02-27 15:30:00-05:00,15.84000015258789,15.850000381469727,15.739999771118164,15.765000343322754,11746,0.0,0.0
2024-02-28 09:30:00-05:00,15.699999809265137,15.720000267028809,15.569999694824219,15.720000267028809,4652,0.0,0.0
2024-02-28 10:30:00-05:00,15.701000213623047,15.701000213623047,15.539999961853027,15.539999961853027,3883,0.0,0.0
2024-02-28 11:30:00-05:00,15.569999694824219,15.61989974975586,15.510000228881836,15.510000228881836,2262,0.0,0.0
2024-02-28 12:30:00-05:00,15.520000457763672,15.520000457763672,15.130000114440918,15.1850004196167,16397,0.0,0.0
2024-02-28 13:30:00-05:00,15.220000267028809,15.229999542236328,15.079999923706055,15.180000305175781,9881,0.0,0.0
2024-02-28 14:30:00-05:00,15.180000305175781,16.0,15.154999732971191,15.930000305175781,47198,0.0,0.0
2024-02-28 15:30:00-05:00,15.955699920654297,16.154300689697266,15.840100288391113,15.899999618530273,40815,0.0,0.0
2024-02-29 09:30:00-05:00,16.200000762939453,16.75,16.139999389648438,16.43000030517578,19694,0.0,0.0
2024-02-29 10:30:00-05:00,16.39900016784668,16.700000762939453,16.31999969482422,16.700000762939453,7793,0.0,0.0
2024-02-29 11:30:00-05:00,16.77050018310547,16.77050018310547,16.65489959716797,16.65489959716797,5287,0.0,0.0
2024-02-29 12:30:00-05:00,16.61009979248047,16.75,16.604999542236328,16.719999313354492,5107,0.0,0.0
2024-02-29 13:30:00-05:00,16.700000762939453,16.700000762939453,16.59000015258789,16.699899673461914,5378,0.0,0.0
2024-02-29 14:30:00-05:00,16.700000762939453,16.82990074157715,16.6299991607666,16.6299991607666,7062,0.0,0.0
2024-02-29 15:30:00-05:00,16.600000381469727,16.709999084472656,16.549999237060547,16.56999969482422,14952,0.0,0.0
2024-03-01 09:30:00-05:00,16.600000381469727,16.600000381469727,16.020000457763672,16.219999313354492,8625,0.0,0.0
2024-03-01 10:30:00-05:00,16.329999923706055,16.56999969482422,16.260000228881836,16.469999313354492,6082,0.0,0.0
2024-03-01 11:30:00-05:00,16.44569969177246,16.534500122070312,16.430099487304688,16.475000381469727,8805,0.0,0.0
2024-03-01 12:30:00-05:00,16.479999542236328,16.510000228881836,16.43899917602539,16.4950008392334,7284,0.0,0.0
2024-03-01 13:30:00-05:00,16.454999923706055,16.518999099731445,16.40999984741211,16.479999542236328,2648,0.0,0.0
2024-03-01 14:30:00-05:00,16.420000076293945,16.510000228881836,16.3799991607666,16.489999771118164,3520,0.0,0.0
2024-03-01 15:30:00-05:00,16.489999771118164,16.600000381469727,16.454999923706055,16.4950008392334,16495,0.0,0.0
2024-03-04 09:30:00-05:00,16.510000228881836,16.739999771118164,16.489999771118164,16.5,20239,0.0,0.0
2024-03-04 10:30:00-05:00,16.559999465942383,16.795000076293945,16.510000228881836,16.530000686645508,9229,0.0,0.0
2024-03-04 11:30:00-05:00,16.6200008392334,16.6200008392334,16.229999542236328,16.389999389648438,14856,0.0,0.0
2024-03-04 12:30:00-05:00,16.346500396728516,16.346500396728516,16.280000686645508,16.30500030517578,3234,0.0,0.0
2024-03-04 13:30:00-05:00,16.25,16.33300018310547,16.239999771118164,16.319900512695312,3451,0.0,0.0
2024-03-04 14:30:00-05:00,16.290000915527344,16.3700008392334,16.25,16.3700008392334,3717,0.0,0.0
2024-03-04 15:30:00-05:00,16.35700035095215,16.40239906311035,16.25,16.25,8535,0.0,0.0
2024-03-05 09:30:00-05:00,16.25,16.280000686645508,16.25,16.280000686645508,1494,0.0,0.0
2024-03-05 10:30:00-05:00,16.434999465942383,16.469999313354492,16.309999465942383,16.3799991607666,5146,0.0,0.0
2024-03-05 11:30:00-05:00,16.381099700927734,16.381099700927734,16.310100555419922,16.354999542236328,1131,0.0,0.0
2024-03-05 12:30:00-05:00,16.31999969482422,16.399999618530273,16.31999969482422,16.399999618530273,2740,0.0,0.0
2024-03-05 13:30:00-05:00,16.389999389648438,16.459999084472656,16.3799991607666,16.459999084472656,2808,0.0,0.0
2024-03-05 14:30:00-05:00,16.459999084472656,16.469999313354492,16.190000534057617,16.204999923706055,7001,0.0,0.0
2024-03-05 15:30:00-05:00,16.200000762939453,16.239999771118164,16.15999984741211,16.165000915527344,6313,0.0,0.0
2024-03-06 09:30:00-05:00,16.31999969482422,16.31999969482422,16.200000762939453,16.219999313354492,2288,0.0,0.0
2024-03-06 10:30:00-05:00,16.170000076293945,16.25,16.040000915527344,16.25,2710,0.0,0.0
2024-03-06 11:30:00-05:00,16.260000228881836,16.290000915527344,16.219999313354492,16.219999313354492,1785,0.0,0.0
2024-03-06 12:30:00-05:00,16.209999084472656,16.219999313354492,16.170000076293945,16.209999084472656,1238,0.0,0.0
2024-03-06 13:30:00-05:00,16.174999237060547,16.200000762939453,16.079999923706055,16.184999465942383,4079,0.0,0.0
2024-03-06 14:30:00-05:00,16.15999984741211,16.229999542236328,16.15999984741211,16.229999542236328,3220,0.0,0.0
2024-03-06 15:30:00-05:00,16.239999771118164,16.260000228881836,16.049999237060547,16.049999237060547,10050,0.0,0.0
2024-03-07 09:30:00-05:00,16.219999313354492,16.709999084472656,16.190000534057617,16.229999542236328,7004,0.0,0.0
2024-03-07 10:30:00-05:00,16.235000610351562,16.29990005493164,16.209999084472656,16.209999084472656,4273,0.0,0.0
2024-03-07 11:30:00-05:00,16.209999084472656,16.270000457763672,16.151899337768555,16.270000457763672,2308,0.0,0.0
2024-03-07 12:30:00-05:00,16.389999389648438,16.569900512695312,16.389999389648438,16.53499984741211,5804,0.0,0.0
2024-03-07 13:30:00-05:00,16.527000427246094,16.559999465942383,16.479999542236328,16.520000457763672,5023,0.0,0.0
2024-03-07 14:30:00-05:00,16.540000915527344,16.59000015258789,16.514999389648438,16.56999969482422,4925,0.0,0.0
2024-03-07 15:30:00-05:00,16.514999389648438,16.6200008392334,16.510000228881836,16.549999237060547,16305,0.0,0.0
2024-03-08 09:30:00-05:00,16.559999465942383,16.90999984741211,16.549999237060547,16.90999984741211,9773,0.0,0.0
2024-03-08 10:30:00-05:00,16.950000762939453,17.010000228881836,16.8700008392334,17.010000228881836,7335,0.0,0.0
2024-03-08 11:30:00-05:00,16.908100128173828,16.920000076293945,16.625,16.699899673461914,14739,0.0,0.0
2024-03-08 12:30:00-05:00,16.700000762939453,16.950000762939453,16.700000762939453,16.950000762939453,12947,0.0,0.0
2024-03-08 13:30:00-05:00,16.940000534057617,16.959999084472656,16.844999313354492,16.895000457763672,5153,0.0,0.0
2024-03-08 14:30:00-05:00,16.905000686645508,16.940000534057617,16.860000610351562,16.920000076293945,5190,0.0,0.0
2024-03-08 15:30:00-05:00,16.8799991607666,17.059999465942383,16.8799991607666,17.059999465942383,10003,0.0,0.0
2024-03-11 09:30:00-04:00,17.139999389648438,17.209999084472656,16.940000534057617,17.139999389648438,9723,0.0,0.0
2024-03-11 10:30:00-04:00,17.170000076293945,17.473800659179688,17.170000076293945,17.360000610351562,16806,0.0,0.0
2024-03-11 11:30:00-04:00,17.399999618530273,17.639999389648438,17.399999618530273,17.469999313354492,12515,0.0,0.0
2024-03-11 12:30:00-04:00,17.499900817871094,17.514999389648438,17.426000595092773,17.514999389648438,5687,0.0,0.0
2024-03-11 13:30:00-04:00,17.520000457763672,17.540000915527344,17.459999084472656,17.465499877929688,4704,0.0,0.0
2024-03-11 14:30:00-04:00,17.479999542236328,17.5,17.440000534057617,17.5,6384,0.0,0.0
2024-03-11 15:30:00-04:00,17.479999542236328,17.65999984741211,17.464399337768555,17.649999618530273,23216,0.0,0.0
2024-03-12 09:30:00-04:00,17.600000381469727,17.760000228881836,17.600000381469727,17.760000228881836,5414,0.0,0.0
2024-03-12 10:30:00-04:00,17.73900032043457,17.8700008392334,17.690000534057617,17.690000534057617,6107,0.0,0.0
2024-03-12 11:30:00-04:00,17.689899444580078,17.829999923706055,17.56999969482422,17.570999145507812,10330,0.0,0.0
2024-03-12 12:30:00-04:00,17.574499130249023,17.729999542236328,17.56999969482422,17.729999542236328,5197,0.0,0.0
2024-03-12 13:30:00-04:00,17.719999313354492,17.950000762939453,17.709999084472656,17.940000534057617,16316,0.0,0.0
2024-03-12 14:30:00-04:00,17.93400001525879,18.049999237060547,17.8799991607666,18.040000915527344,6432,0.0,0.0
2024-03-12 15:30:00-04:00,18.020000457763672,18.06999969482422,17.979999542236328,18.059999465942383,16375,0.0,0.0
2024-03-13 09:30:00-04:00,17.959999084472656,18.03619956970215,17.810100555419922,17.810100555419922,4518,0.0,0.0
2024-03-13 10:30:00-04:00,17.875,17.90999984741211,17.834999084472656,17.90999984741211,2820,0.0,0.0
2024-03-13 11:30:00-04:00,17.959999084472656,18.030000686645508,17.954999923706055,17.959999084472656,3207,0.0,0.0
2024-03-13 12:30:00-04:00,17.959999084472656,17.959999084472656,17.864999771118164,17.864999771118164,1062,0.0,0.0
2024-03-13 13:30:00-04:00,17.854999542236328,17.920000076293945,17.81999969482422,17.920000076293945,1553,0.0,0.0
2024-03-13 14:30:00-04:00,17.889999389648438,17.940000534057617,17.729999542236328,17.729999542236328,8555,0.0,0.0
2024-03-13 15:30:00-04:00,17.649999618530273,17.969999313354492,17.6200008392334,17.950000762939453,20799,0.0,0.0
2024-03-14 09:30:00-04:00,18.010000228881836,18.117900848388672,17.829999923706055,17.829999923706055,1987,0.0,0.0
2024-03-14 10:30:00-04:00,17.864200592041016,17.864200592041016,17.510099411010742,17.520000457763672,2744,0.0,0.0
2024-03-14 11:30:00-04:00,17.530000686645508,17.670000076293945,17.530000686645508,17.6200008392334,2249,0.0,0.0
2024-03-14 12:30:00-04:00,17.6200008392334,17.739500045776367,17.559999465942383,17.559999465942383,3734,0.0,0.0
2024-03-14 13:30:00-04:00,17.559999465942383,17.809999465942383,17.559999465942383,17.7549991607666,2913,0.0,0.0
2024-03-14 14:30:00-04:00,17.780000686645508,17.780000686645508,17.610000610351562,17.709999084472656,5308,0.0,0.0
2024-03-14 15:30:00-04:00,17.729999542236328,17.729999542236328,17.559999465942383,17.68000030517578,20772,0.0,0.0
2024-03-15 09:30:00-04:00,17.579999923706055,17.860000610351562,17.579999923706055,17.860000610351562,15317,0.0,0.0
2024-03-15 10:30:00-04:00,17.81399917602539,17.82699966430664,17.799999237060547,17.82699966430664,2752,0.0,0.0
2024-03-15 11:30:00-04:00,17.84000015258789,17.8700008392334,17.700000762939453,17.8700008392334,5459,0.0,0.0
2024-03-15 12:30:00-04:00,17.8799991607666,17.920000076293945,17.850000381469727,17.895000457763672,2558,0.0,0.0
2024-03-15 13:30:00-04:00,17.8799991607666,17.920000076293945,17.8799991607666,17.90999984741211,1916,0.0,0.0
2024-03-15 14:30:00-04:00,17.969999313354492,18.0,17.90999984741211,17.90999984741211,1916,0.0,0.0
2024-03-15 15:30:00-04:00,17.91010093688965,17.920000076293945,17.649999618530273,17.829999923706055,13783,0.0,0.0
2024-03-18 09:30:00-04:00,17.850000381469727,17.899999618530273,17.639999389648438,17.639999389648438,17143,0.0,0.0
2024-03-18 10:30:00-04:00,17.6200008392334,17.780000686645508,17.56999969482422,17.65999984741211,5339,0.0,0.0
2024-03-18 11:30:00-04:00,17.690000534057617,17.690000534057617,17.520000457763672,17.549999237060547,7021,0.0,0.0
2024-03-18 12:30:00-04:00,17.59000015258789,17.610000610351562,17.540000915527344,17.565000534057617,6883,0.0,0.0
2024-03-18 13:30:00-04:00,17.59000015258789,17.59000015258789,17.31999969482422,17.514999389648438,17110,0.0,0.0
2024-03-18 14:30:00-04:00,17.524999618530273,17.524999618530273,17.3700008392334,17.3700008392334,5954,0.0,0.0
2024-03-18 15:30:00-04:00,17.31999969482422,17.3799991607666,16.959999084472656,17.0,46972,0.0,0.0
2024-03-19 09:30:00-04:00,16.889999389648438,17.059999465942383,16.889999389648438,16.969999313354492,3836,0.0,0.0
2024-03-19 10:30:00-04:00,17.079999923706055,17.079999923706055,16.774999618530273,16.799999237060547,4793,0.0,0.0
2024-03-19 11:30:00-04:00,16.860000610351562,16.920000076293945,16.739999771118164,16.850000381469727,7430,0.0,0.0
2024-03-19 12:30:00-04:00,16.850000381469727,16.8799991607666,16.75,16.82990074157715,6068,0.0,0.0
2024-03-19 13:30:00-04:00,16.829999923706055,16.899999618530273,16.719999313354492,16.899999618530273,9581,0.0,0.0
2024-03-19 14:30:00-04:00,16.90999984741211,16.90999984741211,16.75,16.770000457763672,12369,0.0,0.0
2024-03-19 15:30:00-04:00,16.75,16.790000915527344,16.604900360107422,16.780000686645508,15930,0.0,0.0
2024-03-20 09:30:00-04:00,16.639999389648438,16.860000610351562,16.62849998474121,16.860000610351562,2190,0.0,0.0
2024-03-20 10:30:00-04:00,16.93000030517578,17.280000686645508,16.93000030517578,17.149999618530273,7916,0.0,0.0
2024-03-20 11:30:00-04:00,17.149999618530273,17.209999084472656,16.989999771118164,16.989999771118164,2571,0.0,0.0
2024-03-20 12:30:00-04:00,16.975000381469727,16.975000381469727,16.860000610351562,16.86009979248047,1886,0.0,0.0
2024-03-20 13:30:00-04:00,16.920000076293945,17.239999771118164,16.920000076293945,17.100000381469727,3949,0.0,0.0
2024-03-20 14:30:00-04:00,17.149999618530273,17.270000457763672,17.1299991607666,17.21500015258789,7683,0.0,0.0
2024-03-20 15:30:00-04:00,17.239999771118164,17.360000610351562,17.170000076293945,17.170000076293945,18653,0.0,0.0
2024-03-21 09:30:00-04:00,17.18000030517578,17.25,17.114999771118164,17.145000457763672,7151,0.0,0.0
2024-03-21 10:30:00-04:00,17.219999313354492,17.219999313354492,17.059999465942383,17.110000610351562,3841,0.0,0.0
2024-03-21 11:30:00-04:00,17.15999984741211,17.309999465942383,17.15999984741211,17.264999389648438,3244,0.0,0.0
2024-03-21 12:30:00-04:00,17.234600067138672,17.259899139404297,17.219999313354492,17.259899139404297,4704,0.0,0.0
2024-03-21 13:30:00-04:00,17.270000457763672,17.540000915527344,17.260000228881836,17.46500015258789,11629,0.0,0.0
2024-03-21 14:30:00-04:00,17.520000457763672,17.530000686645508,17.43000030517578,17.469999313354492,4614,0.0,0.0
2024-03-21 15:30:00-04:00,17.530000686645508,17.559999465942383,17.389999389648438,17.389999389648438,4785,0.0,0.0
2024-03-22 09:30:00-04:00,17.43000030517578,17.5,17.31999969482422,17.31999969482422,2626,0.0,0.0
2024-03-22 10:30:00-04:00,17.31999969482422,17.31999969482422,17.260000228881836,17.260000228881836,1564,0.0,0.0
2024-03-22 11:30:00-04:00,17.229999542236328,17.229999542236328,17.149999618530273,17.217599868774414,2248,0.0,0.0
2024-03-22 12:30:00-04:00,17.149999618530273,17.229999542236328,17.139999389648438,17.229999542236328,3554,0.0,0.0
2024-03-22 13:30:00-04:00,17.260000228881836,17.280000686645508,17.219999313354492,17.219999313354492,1349,0.0,0.0
2024-03-22 14:30:00-04:00,17.125,17.125,17.125,17.125,120,0.0,0.0
2024-03-22 15:30:00-04:00,17.100000381469727,17.1299991607666,17.030000686645508,17.049999237060547,8772,0.0,0.0
2024-03-25 09:30:00-04:00,16.989999771118164,16.989999771118164,16.84000015258789,16.982099533081055,7197,0.0,0.0
2024-03-25 10:30:00-04:00,16.90999984741211,16.90999984741211,16.780000686645508,16.790000915527344,2353,0.0,0.0
2024-03-25 11:30:00-04:00,16.790000915527344,16.873899459838867,16.780000686645508,16.850099563598633,3461,0.0,0.0
2024-03-25 12:30:00-04:00,16.889999389648438,16.950000762939453,16.889999389648438,16.913999557495117,1805,0.0,0.0
2024-03-25 13:30:00-04:00,16.934999465942383,17.059999465942383,16.934999465942383,17.041900634765625,2429,0.0,0.0
2024-03-25 14:30:00-04:00,16.969999313354492,17.010000228881836,16.920000076293945,16.920000076293945,1991,0.0,0.0
2024-03-25 15:30:00-04:00,17.030000686645508,17.059999465942383,16.959999084472656,16.959999084472656,8717,0.0,0.0
2024-03-26 09:30:00-04:00,17.059999465942383,19.344999313354492,17.059999465942383,18.609399795532227,246699,0.0,0.0
2024-03-26 10:30:00-04:00,18.520000457763672,18.829999923706055,18.110000610351562,18.709999084472656,33140,0.0,0.0
2024-03-26 11:30:00-04:00,18.709999084472656,18.74139976501465,18.440099716186523,18.65999984741211,9031,0.0,0.0
2024-03-26 12:30:00-04:00,18.670000076293945,18.974000930786133,18.65999984741211,18.68000030517578,15073,0.0,0.0
2024-03-26 13:30:00-04:00,18.709999084472656,18.799999237060547,18.25,18.329999923706055,13199,0.0,0.0
2024-03-26 14:30:00-04:00,18.260000228881836,18.260000228881836,18.040000915527344,18.100000381469727,9837,0.0,0.0
2024-03-26 15:30:00-04:00,18.040000915527344,18.420000076293945,18.040000915527344,18.200000762939453,31401,0.0,0.0
2024-03-27 09:30:00-04:00,18.299999237060547,18.479999542236328,18.139999389648438,18.239999771118164,4005,0.0,0.0
2024-03-27 10:30:00-04:00,18.200000762939453,18.28499984741211,18.139999389648438,18.28499984741211,3280,0.0,0.0
2024-03-27 11:30:00-04:00,18.229999542236328,18.290000915527344,18.18000030517578,18.18000030517578,3687,0.0,0.0
2024-03-27 12:30:00-04:00,18.149999618530273,18.149999618530273,18.010000228881836,18.010000228881836,1592,0.0,0.0
2024-03-27 13:30:00-04:00,18.0,18.100000381469727,18.0,18.06999969482422,2709,0.0,0.0
2024-03-27 14:30:00-04:00,18.1299991607666,18.280000686645508,18.125,18.219999313354492,4325,0.0,0.0
2024-03-27 15:30:00-04:00,18.219999313354492,18.280000686645508,18.09000015258789,18.209999084472656,15810,0.0,0.0
2024-03-28 09:30:00-04:00,18.190000534057617,18.350000381469727,18.100000381469727,18.2450008392334,2445,0.0,0.0
2024-03-28 10:30:00-04:00,18.31839942932129,18.31839942932129,18.15999984741211,18.15999984741211,2478,0.0,0.0
2024-03-28 11:30:00-04:00,18.23710060119629,18.280000686645508,18.125,18.125,3653,0.0,0.0
2024-03-28 12:30:00-04:00,18.100000381469727,18.100000381469727,17.799999237060547,17.81999969482422,9037,0.0,0.0
2024-03-28 13:30:00-04:00,17.790000915527344,17.799999237060547,17.78499984741211,17.790000915527344,2075,0.0,0.0
2024-03-28 14:30:00-04:00,17.780000686645508,17.850000381469727,17.600000381469727,17.709999084472656,7845,0.0,0.0
2024-03-28 15:30:00-04:00,17.770000457763672,18.040000915527344,17.75,17.989999771118164,13558,0.0,0.0
2024-04-01 09:30:00-04:00,18.18000030517578,18.209999084472656,17.899999618530273,17.899999618530273,8050,0.0,0.0
2024-04-01 10:30:00-04:00,17.871000289916992,17.899999618530273,17.75,17.760000228881836,5650,0.0,0.0
2024-04-01 11:30:00-04:00,17.809999465942383,17.915000915527344,17.709999084472656,17.739999771118164,17175,0.0,0.0
2024-04-01 12:30:00-04:00,17.665000915527344,17.665000915527344,17.510000228881836,17.56999969482422,8309,0.0,0.0
2024-04-01 13:30:00-04:00,17.540000915527344,17.610000610351562,17.299999237060547,17.299999237060547,17862,0.0,0.0
2024-04-01 14:30:00-04:00,17.344999313354492,17.479999542236328,17.344999313354492,17.40999984741211,11009,0.0,0.0
2024-04-01 15:30:00-04:00,17.420000076293945,17.420000076293945,17.309999465942383,17.329999923706055,10524,0.0,0.0
2024-04-02 09:30:00-04:00,17.260000228881836,17.31999969482422,16.25040054321289,16.979999542236328,70377,0.0,0.0
2024-04-02 10:30:00-04:00,16.989999771118164,17.149999618530273,16.860000610351562,17.149999618530273,4724,0.0,0.0
2024-04-02 11:30:00-04:00,17.040000915527344,17.040000915527344,16.93000030517578,17.0,1926,0.0,0.0
2024-04-02 12:30:00-04:00,16.963499069213867,16.989999771118164,16.90999984741211,16.989999771118164,2456,0.0,0.0
2024-04-02 13:30:00-04:00,16.989999771118164,16.99370002746582,16.920000076293945,16.950000762939453,1835,0.0,0.0
2024-04-02 14:30:00-04:00,16.954999923706055,17.035999298095703,16.81999969482422,16.979999542236328,10435,0.0,0.0
2024-04-02 15:30:00-04:00,17.030000686645508,17.309999465942383,17.030000686645508,17.309999465942383,21559,0.0,0.0
2024-04-03 09:30:00-04:00,17.190000534057617,17.3700008392334,17.18000030517578,17.246000289916992,2490,0.0,0.0
2024-04-03 10:30:00-04:00,17.246400833129883,17.389999389648438,17.246400833129883,17.290000915527344,4188,0.0,0.0
2024-04-03 11:30:00-04:00,17.260000228881836,17.260000228881836,17.190000534057617,17.190000534057617,2805,0.0,0.0
2024-04-03 12:30:00-04:00,17.226999282836914,17.290000915527344,17.209999084472656,17.219999313354492,3473,0.0,0.0
2024-04-03 13:30:00-04:00,17.260000228881836,17.3799991607666,17.260000228881836,17.3799991607666,3802,0.0,0.0
2024-04-03 14:30:00-04:00,17.40999984741211,17.40999984741211,17.309999465942383,17.309999465942383,2318,0.0,0.0
2024-04-03 15:30:00-04:00,17.270000457763672,17.3799991607666,17.260000228881836,17.270000457763672,7240,0.0,0.0
2024-04-04 09:30:00-04:00,17.40999984741211,17.5,17.319900512695312,17.427099227905273,5924,0.0,0.0
2024-04-04 10:30:00-04:00,17.440000534057617,17.489999771118164,17.440000534057617,17.440000534057617,1286,0.0,0.0
2024-04-04 11:30:00-04:00,17.399999618530273,17.399999618530273,17.270000457763672,17.280000686645508,1524,0.0,0.0
2024-04-04 12:30:00-04:00,17.200000762939453,17.200000762939453,17.149999618530273,17.149999618530273,1413,0.0,0.0
2024-04-04 13:30:00-04:00,17.200000762939453,17.229999542236328,17.110000610351562,17.139999389648438,4491,0.0,0.0
2024-04-04 14:30:00-04:00,17.059999465942383,17.059999465942383,16.8700008392334,16.90999984741211,7648,0.0,0.0
2024-04-04 15:30:00-04:00,16.8700008392334,16.969999313354492,16.75,16.969999313354492,10553,0.0,0.0
2024-04-05 09:30:00-04:00,16.979999542236328,17.030000686645508,16.8700008392334,17.0,2685,0.0,0.0
2024-04-05 10:30:00-04:00,16.93000030517578,16.93000030517578,16.790000915527344,16.860000610351562,1607,0.0,0.0
2024-04-05 11:30:00-04:00,16.854999542236328,16.8799991607666,16.770000457763672,16.770000457763672,1699,0.0,0.0
2024-04-05 12:30:00-04:00,16.797399520874023,16.979999542236328,16.797399520874023,16.959999084472656,4185,0.0,0.0
2024-04-05 13:30:00-04:00,16.920000076293945,16.954999923706055,16.920000076293945,16.954999923706055,674,0.0,0.0
2024-04-05 14:30:00-04:00,16.895000457763672,16.93000030517578,16.895000457763672,16.93000030517578,2033,0.0,0.0
2024-04-05 15:30:00-04:00,16.940000534057617,16.989999771118164,16.889999389648438,16.899999618530273,8516,0.0,0.0
2024-04-08 09:30:00-04:00,16.65999984741211,17.059999465942383,16.582799911499023,17.059999465942383,16651,0.0,0.0
2024-04-08 10:30:00-04:00,17.020000457763672,17.225000381469727,17.020000457763672,17.15999984741211,4232,0.0,0.0
2024-04-08 11:30:00-04:00,17.094999313354492,17.155000686645508,17.020000457763672,17.104999542236328,5726,0.0,0.0
2024-04-08 12:30:00-04:00,17.020000457763672,17.056100845336914,16.950000762939453,16.99049949645996,1250,0.0,0.0
2024-04-08 13:30:00-04:00,16.950000762939453,16.950000762939453,16.920000076293945,16.920000076293945,533,0.0,0.0
2024-04-08 14:30:00-04:00,16.889999389648438,16.889999389648438,16.8799991607666,16.8799991607666,1558,0.0,0.0
2024-04-08 15:30:00-04:00,16.809999465942383,16.920000076293945,16.809999465942383,16.860000610351562,8486,0.0,0.0
2024-04-09 09:30:00-04:00,16.959999084472656,16.959999084472656,16.670000076293945,16.838899612426758,6356,0.0,0.0
2024-04-09 10:30:00-04:00,16.84000015258789,16.84000015258789,16.760000228881836,16.760000228881836,1417,0.0,0.0
2024-04-09 11:30:00-04:00,16.75,16.76799964904785,16.71500015258789,16.71500015258789,1542,0.0,0.0
2024-04-09 12:30:00-04:00,16.649999618530273,16.662399291992188,16.520000457763672,16.662399291992188,9093,0.0,0.0
2024-04-09 13:30:00-04:00,16.604999542236328,16.685699462890625,16.600099563598633,16.685699462890625,1310,0.0,0.0
2024-04-09 14:30:00-04:00,16.65999984741211,16.790000915527344,16.610000610351562,16.719999313354492,5427,0.0,0.0
2024-04-09 15:30:00-04:00,16.770000457763672,17.040000915527344,16.770000457763672,16.90999984741211,18006,0.0,0.0
2024-04-10 09:30:00-04:00,16.65999984741211,16.65999984741211,16.500099182128906,16.500099182128906,2870,0.0,0.0
2024-04-10 10:30:00-04:00,16.579999923706055,16.649999618530273,16.540000915527344,16.540000915527344,2892,0.0,0.0
2024-04-10 11:30:00-04:00,16.56999969482422,16.699899673461914,16.530000686645508,16.69499969482422,7673,0.0,0.0
2024-04-10 12:30:00-04:00,16.690000534057617,16.690000534057617,16.540000915527344,16.6200008392334,4674,0.0,0.0
2024-04-10 13:30:00-04:00,16.59000015258789,16.59000015258789,16.40999984741211,16.40999984741211,3346,0.0,0.0
2024-04-10 14:30:00-04:00,16.395000457763672,16.5,16.31999969482422,16.40999984741211,4788,0.0,0.0
2024-04-10 15:30:00-04:00,16.43000030517578,16.479999542236328,16.350000381469727,16.469999313354492,21034,0.0,0.0
2024-04-11 09:30:00-04:00,16.6200008392334,16.6200008392334,16.420000076293945,16.520000457763672,2412,0.0,0.0
2024-04-11 10:30:00-04:00,16.459999084472656,16.637300491333008,16.420000076293945,16.637300491333008,3723,0.0,0.0
2024-04-11 11:30:00-04:00,16.645000457763672,16.760000228881836,16.645000457763672,16.75,3286,0.0,0.0
2024-04-11 13:30:00-04:00,16.77910041809082,16.84000015258789,16.77910041809082,16.84000015258789,1306,0.0,0.0
2024-04-11 14:30:00-04:00,16.75,16.850000381469727,16.729999542236328,16.729999542236328,5239,0.0,0.0
2024-04-11 15:30:00-04:00,16.740100860595703,16.75,16.68000030517578,16.700000762939453,5991,0.0,0.0
2024-04-12 09:30:00-04:00,16.579999923706055,16.68000030517578,16.579999923706055,16.68000030517578,1594,0.0,0.0
2024-04-12 11:30:00-04:00,16.5,16.5,16.5,16.5,1109,0.0,0.0
2024-04-12 12:30:00-04:00,16.360000610351562,16.40999984741211,16.350000381469727,16.350000381469727,1920,0.0,0.0
2024-04-12 13:30:00-04:00,16.34000015258789,16.389999389648438,16.329999923706055,16.389999389648438,1653,0.0,0.0
2024-04-12 14:30:00-04:00,16.390100479125977,16.399999618530273,16.280000686645508,16.280000686645508,2677,0.0,0.0
2024-04-12 15:30:00-04:00,16.31999969482422,16.3700008392334,16.18000030517578,16.290000915527344,16413,0.0,0.0
2024-04-15 09:30:00-04:00,16.450000762939453,16.450000762939453,16.217899322509766,16.217899322509766,1860,0.0,0.0
2024-04-15 10:30:00-04:00,16.079999923706055,16.170000076293945,16.075000762939453,16.110000610351562,5159,0.0,0.0
2024-04-15 11:30:00-04:00,16.135000228881836,16.149999618530273,16.100000381469727,16.149999618530273,2107,0.0,0.0
2024-04-15 12:30:00-04:00,16.209999084472656,16.209999084472656,16.020000457763672,16.1299991607666,2381,0.0,0.0
2024-04-15 13:30:00-04:00,16.1299991607666,16.25,16.1299991607666,16.219999313354492,1281,0.0,0.0
2024-04-15 14:30:00-04:00,16.229999542236328,16.274999618530273,16.149999618530273,16.2549991607666,5470,0.0,0.0
2024-04-15 15:30:00-04:00,16.280000686645508,16.469999313354492,16.280000686645508,16.34000015258789,23809,0.0,0.0
2024-04-16 09:30:00-04:00,16.290000915527344,16.420000076293945,16.15999984741211,16.389999389648438,2128,0.0,0.0
2024-04-16 10:30:00-04:00,16.405000686645508,16.440000534057617,16.260099411010742,16.440000534057617,3870,0.0,0.0
2024-04-16 11:30:00-04:00,16.440000534057617,16.440000534057617,16.300100326538086,16.40999984741211,3087,0.0,0.0
2024-04-16 12:30:00-04:00,16.450000762939453,16.469999313354492,16.34000015258789,16.450000762939453,2724,0.0,0.0
2024-04-16 13:30:00-04:00,16.440000534057617,16.520000457763672,16.329999923706055,16.334999084472656,4368,0.0,0.0
2024-04-16 14:30:00-04:00,16.40999984741211,16.420000076293945,16.350000381469727,16.3799991607666,1012,0.0,0.0
2024-04-16 15:30:00-04:00,16.469999313354492,16.469999313354492,16.309999465942383,16.34000015258789,7417,0.0,0.0
2024-04-17 09:30:00-04:00,16.34000015258789,16.520000457763672,16.34000015258789,16.469999313354492,1690,0.0,0.0
2024-04-17 10:30:00-04:00,16.520000457763672,16.6200008392334,16.43000030517578,16.469999313354492,3652,0.0,0.0
2024-04-17 11:30:00-04:00,16.510000228881836,16.510000228881836,16.350000381469727,16.350000381469727,4512,0.0,0.0
2024-04-17 12:30:00-04:00,16.34000015258789,16.350000381469727,16.25,16.350000381469727,2990,0.0,0.0
2024-04-17 13:30:00-04:00,16.34000015258789,16.3700008392334,16.31999969482422,16.31999969482422,1820,0.0,0.0
2024-04-17 14:30:00-04:00,16.350000381469727,16.350000381469727,16.219999313354492,16.219999313354492,1559,0.0,0.0
2024-04-17 15:30:00-04:00,16.170000076293945,16.270000457763672,16.1200008392334,16.18000030517578,6575,0.0,0.0
2024-04-18 09:30:00-04:00,16.260000228881836,16.290000915527344,16.120100021362305,16.290000915527344,1620,0.0,0.0
2024-04-18 10:30:00-04:00,16.284000396728516,16.405000686645508,16.284000396728516,16.309999465942383,2578,0.0,0.0
2024-04-18 11:30:00-04:00,16.31999969482422,16.31999969482422,16.229999542236328,16.239999771118164,1726,0.0,0.0
2024-04-18 12:30:00-04:00,16.239999771118164,16.239999771118164,16.135000228881836,16.135000228881836,3286,0.0,0.0
2024-04-18 13:30:00-04:00,16.18000030517578,16.200000762939453,16.139999389648438,16.190000534057617,2089,0.0,0.0
2024-04-18 14:30:00-04:00,16.219999313354492,16.309999465942383,16.204999923706055,16.280000686645508,3641,0.0,0.0
2024-04-18 15:30:00-04:00,16.239999771118164,16.299999237060547,16.170000076293945,16.200000762939453,7858,0.0,0.0
2024-04-19 09:30:00-04:00,16.139999389648438,16.579999923706055,16.139999389648438,16.399999618530273,6528,0.0,0.0
2024-04-19 10:30:00-04:00,16.347000122070312,16.420000076293945,16.347000122070312,16.3799991607666,977,0.0,0.0
2024-04-19 11:30:00-04:00,16.3700008392334,16.43000030517578,16.31999969482422,16.31999969482422,3966,0.0,0.0
2024-04-19 12:30:00-04:00,16.28499984741211,16.35810089111328,16.209999084472656,16.350000381469727,2585,0.0,0.0
2024-04-19 13:30:00-04:00,16.299999237060547,16.36389923095703,16.274999618530273,16.360000610351562,1773,0.0,0.0
2024-04-19 14:30:00-04:00,16.350000381469727,16.420000076293945,16.299999237060547,16.3799991607666,3288,0.0,0.0
2024-04-19 15:30:00-04:00,16.3700008392334,16.520000457763672,16.31999969482422,16.510000228881836,10216,0.0,0.0
2024-04-22 09:30:00-04:00,16.450000762939453,16.450000762939453,16.18000030517578,16.280000686645508,8249,0.0,0.0
2024-04-22 10:30:00-04:00,16.253999710083008,16.32990074157715,16.229999542236328,16.32990074157715,2074,0.0,0.0
2024-04-22 11:30:00-04:00,16.270000457763672,16.40999984741211,16.260000228881836,16.3799991607666,11376,0.0,0.0
2024-04-22 12:30:00-04:00,16.3700008392334,16.469999313354492,16.350000381469727,16.469999313354492,3288,0.0,0.0
2024-04-22 13:30:00-04:00,16.4950008392334,16.510000228881836,16.475000381469727,16.475000381469727,4151,0.0,0.0
2024-04-22 14:30:00-04:00,16.530000686645508,16.530000686645508,16.329999923706055,16.350000381469727,2380,0.0,0.0
2024-04-22 15:30:00-04:00,16.3700008392334,16.395000457763672,16.209999084472656,16.239999771118164,14508,0.0,0.0
2024-04-23 09:30:00-04:00,16.209999084472656,16.299999237060547,16.200000762939453,16.239999771118164,3321,0.0,0.0
2024-04-23 10:30:00-04:00,16.260000228881836,16.260000228881836,16.18000030517578,16.18000030517578,2063,0.0,0.0
2024-04-23 11:30:00-04:00,16.110000610351562,16.18000030517578,16.049999237060547,16.09000015258789,3907,0.0,0.0
2024-04-23 12:30:00-04:00,16.139999389648438,16.139999389648438,16.100000381469727,16.110000610351562,1235,0.0,0.0
2024-04-23 13:30:00-04:00,16.09000015258789,16.15999984741211,16.086999893188477,16.130800247192383,3901,0.0,0.0
2024-04-23 14:30:00-04:00,16.120100021362305,16.120100021362305,15.9399995803833,16.040000915527344,10586,0.0,0.0
2024-04-23 15:30:00-04:00,16.010000228881836,16.06999969482422,15.9399995803833,16.010000228881836,11413,0.0,0.0
2024-04-24 09:30:00-04:00,15.920000076293945,15.920000076293945,15.829999923706055,15.859999656677246,3559,0.0,0.0
2024-04-24 10:30:00-04:00,15.890000343322754,15.895000457763672,15.819999694824219,15.819999694824219,3413,0.0,0.0
2024-04-24 11:30:00-04:00,15.850000381469727,15.970000267028809,15.850000381469727,15.876899719238281,2807,0.0,0.0
2024-04-24 12:30:00-04:00,15.989999771118164,16.0,15.949999809265137,15.949999809265137,1789,0.0,0.0
2024-04-24 13:30:00-04:00,15.920000076293945,15.9399995803833,15.90999984741211,15.9399995803833,1676,0.0,0.0
2024-04-24 14:30:00-04:00,15.9399995803833,15.95479965209961,15.899999618530273,15.949999809265137,3883,0.0,0.0
2024-04-24 15:30:00-04:00,15.970000267028809,16.049999237060547,15.970000267028809,16.0,7639,0.0,0.0
2024-04-25 09:30:00-04:00,16.09000015258789,16.219999313354492,15.925000190734863,16.190000534057617,8804,0.0,0.0
2024-04-25 10:30:00-04:00,16.135000228881836,16.450000762939453,16.135000228881836,16.31999969482422,9666,0.0,0.0
2024-04-25 11:30:00-04:00,16.309999465942383,16.350000381469727,16.280000686645508,16.325000762939453,2337,0.0,0.0
2024-04-25 12:30:00-04:00,16.325000762939453,16.399999618530273,16.325000762939453,16.360000610351562,1928,0.0,0.0
2024-04-25 13:30:00-04:00,16.31999969482422,16.343700408935547,16.229999542236328,16.270000457763672,6624,0.0,0.0
2024-04-25 14:30:00-04:00,16.280000686645508,16.459999084472656,16.280000686645508,16.3799991607666,3864,0.0,0.0
2024-04-25 15:30:00-04:00,16.3799991607666,16.434999465942383,16.329999923706055,16.420000076293945,9757,0.0,0.0
2024-04-26 09:30:00-04:00,16.479999542236328,16.68000030517578,16.479999542236328,16.68000030517578,4545,0.0,0.0
2024-04-26 10:30:00-04:00,16.613000869750977,16.75,16.613000869750977,16.690000534057617,3503,0.0,0.0
2024-04-26 11:30:00-04:00,16.739999771118164,16.969999313354492,16.739999771118164,16.8799991607666,4948,0.0,0.0
2024-04-26 12:30:00-04:00,16.8799991607666,16.920000076293945,16.8700008392334,16.899999618530273,1466,0.0,0.0
2024-04-26 13:30:00-04:00,16.93000030517578,17.030000686645508,16.851699829101562,16.899999618530273,6831,0.0,0.0
2024-04-26 14:30:00-04:00,16.93000030517578,16.950000762939453,16.8799991607666,16.889999389648438,1621,0.0,0.0
2024-04-26 15:30:00-04:00,16.940000534057617,16.950000762939453,16.860000610351562,16.8799991607666,10942,0.0,0.0
2024-04-29 09:30:00-04:00,16.8799991607666,16.959999084472656,16.81999969482422,16.950000762939453,2881,0.0,0.0
2024-04-29 10:30:00-04:00,16.895999908447266,16.895999908447266,16.709999084472656,16.709999084472656,2189,0.0,0.0
2024-04-29 11:30:00-04:00,16.610000610351562,16.700000762939453,16.610000610351562,16.649999618530273,3071,0.0,0.0
2024-04-29 12:30:00-04:00,16.68000030517578,16.69499969482422,16.68000030517578,16.69499969482422,591,0.0,0.0
2024-04-29 13:30:00-04:00,16.68000030517578,16.860000610351562,16.670000076293945,16.760000228881836,4289,0.0,0.0
2024-04-29 14:30:00-04:00,16.829999923706055,16.829999923706055,16.670000076293945,16.729999542236328,3330,0.0,0.0
2024-04-29 15:30:00-04:00,16.700000762939453,16.760000228881836,16.6299991607666,16.665000915527344,12262,0.0,0.0
2024-04-30 09:30:00-04:00,16.59000015258789,16.59000015258789,16.500499725341797,16.559999465942383,1175,0.0,0.0
2024-04-30 10:30:00-04:00,16.549999237060547,16.68000030517578,16.545000076293945,16.649999618530273,2437,0.0,0.0
2024-04-30 11:30:00-04:00,16.549999237060547,16.549999237060547,16.5,16.524999618530273,3044,0.0,0.0
2024-04-30 12:30:00-04:00,16.5,16.5,16.440000534057617,16.440000534057617,1344,0.0,0.0
2024-04-30 13:30:00-04:00,16.440000534057617,16.450000762939453,16.43000030517578,16.43000030517578,1821,0.0,0.0
2024-04-30 14:30:00-04:00,16.43000030517578,16.450000762939453,16.43000030517578,16.450000762939453,1064,0.0,0.0
2024-04-30 15:30:00-04:00,16.420000076293945,16.469999313354492,16.3799991607666,16.3799991607666,11012,0.0,0.0
2024-05-01 09:30:00-04:00,16.43000030517578,16.5,16.43000030517578,16.5,782,0.0,0.0
2024-05-01 10:30:00-04:00,16.5,16.5,16.479999542236328,16.479999542236328,317,0.0,0.0
2024-05-01 11:30:00-04:00,16.43000030517578,16.459999084472656,16.40999984741211,16.420000076293945,1873,0.0,0.0
2024-05-01 12:30:00-04:00,16.41550064086914,16.56999969482422,16.399999618530273,16.56999969482422,2477,0.0,0.0
2024-05-01 13:30:00-04:00,16.6299991607666,16.6299991607666,16.610000610351562,16.610000610351562,1747,0.0,0.0
2024-05-01 14:30:00-04:00,16.704999923706055,16.75,16.639999389648438,16.649999618530273,4871,0.0,0.0
2024-05-01 15:30:00-04:00,16.6200008392334,16.690000534057617,16.520000457763672,16.540000915527344,4692,0.0,0.0
2024-05-02 09:30:00-04:00,16.6200008392334,16.6200008392334,16.510000228881836,16.6200008392334,687,0.0,0.0
2024-05-02 10:30:00-04:00,16.6200008392334,16.732900619506836,16.6200008392334,16.68000030517578,1705,0.0,0.0
2024-05-02 11:30:00-04:00,16.719999313354492,16.75,16.684999465942383,16.719999313354492,2750,0.0,0.0
2024-05-02 12:30:00-04:00,16.709999084472656,16.75,16.68000030517578,16.700000762939453,3472,0.0,0.0
2024-05-02 13:30:00-04:00,16.670000076293945,16.979999542236328,16.670000076293945,16.96500015258789,11266,0.0,0.0
2024-05-02 14:30:00-04:00,16.81999969482422,16.940000534057617,16.81999969482422,16.940000534057617,3870,0.0,0.0
2024-05-02 15:30:00-04:00,16.90999984741211,16.940000534057617,16.790000915527344,16.790000915527344,6028,0.0,0.0
2024-05-03 09:30:00-04:00,16.84000015258789,17.056699752807617,16.84000015258789,17.0,11877,0.0,0.0
2024-05-03 10:30:00-04:00,17.0,17.014999389648438,16.93000030517578,17.0049991607666,3904,0.0,0.0
2024-05-03 11:30:00-04:00,17.020000457763672,17.040000915527344,16.989999771118164,17.040000915527344,1704,0.0,0.0
2024-05-03 12:30:00-04:00,17.024999618530273,17.110000610351562,17.024999618530273,17.059999465942383,2272,0.0,0.0
2024-05-03 13:30:00-04:00,17.084999084472656,17.239999771118164,17.084999084472656,17.239999771118164,2139,0.0,0.0
2024-05-03 14:30:00-04:00,17.209999084472656,17.309999465942383,17.18000030517578,17.309999465942383,7696,0.0,0.0
2024-05-03 15:30:00-04:00,17.31999969482422,17.399999618530273,17.300100326538086,17.34000015258789,9854,0.0,0.0
2024-05-06 09:30:00-04:00,17.489999771118164,17.770000457763672,17.469999313354492,17.69499969482422,6576,0.0,0.0
2024-05-06 10:30:00-04:00,17.68000030517578,17.719999313354492,17.579999923706055,17.6200008392334,4657,0.0,0.0
2024-05-06 11:30:00-04:00,17.770000457763672,17.799999237060547,17.549999237060547,17.649999618530273,8904,0.0,0.0
2024-05-06 12:30:00-04:00,17.59000015258789,17.649999618530273,17.520000457763672,17.649999618530273,5491,0.0,0.0
2024-05-06 13:30:00-04:00,17.56999969482422,17.850000381469727,17.56999969482422,17.774999618530273,8683,0.0,0.0
2024-05-06 14:30:00-04:00,17.780000686645508,17.844999313354492,17.729999542236328,17.729999542236328,1915,0.0,0.0
2024-05-06 15:30:00-04:00,17.760000228881836,17.81999969482422,17.709999084472656,17.719999313354492,9242,0.0,0.0
2024-05-07 09:30:00-04:00,17.690000534057617,18.020000457763672,17.690000534057617,17.90999984741211,2434,0.0,0.0
2024-05-07 10:30:00-04:00,17.989999771118164,18.100000381469727,17.989999771118164,18.100000381469727,1769,0.0,0.0
2024-05-07 11:30:00-04:00,18.114999771118164,18.229999542236328,18.110000610351562,18.229900360107422,6043,0.0,0.0
2024-05-07 12:30:00-04:00,18.199899673461914,18.219999313354492,18.120100021362305,18.219999313354492,855,0.0,0.0
2024-05-07 13:30:00-04:00,18.149999618530273,18.149999618530273,18.030000686645508,18.104999542236328,3524,0.0,0.0
2024-05-07 14:30:00-04:00,18.099899291992188,18.099899291992188,17.959999084472656,17.959999084472656,1804,0.0,0.0
2024-05-07 15:30:00-04:00,18.020000457763672,18.049999237060547,17.93000030517578,17.950000762939453,21561,0.0,0.0
2024-05-08 09:30:00-04:00,17.90999984741211,18.103599548339844,17.90999984741211,17.959999084472656,4390,0.0,0.0
2024-05-08 10:30:00-04:00,17.954999923706055,17.989999771118164,17.799999237060547,17.93000030517578,3655,0.0,0.0
2024-05-08 11:30:00-04:00,17.950000762939453,18.010000228881836,17.950000762939453,18.0,4071,0.0,0.0
2024-05-08 12:30:00-04:00,18.06999969482422,18.1299991607666,18.06999969482422,18.06999969482422,1822,0.0,0.0
2024-05-08 13:30:00-04:00,18.049999237060547,18.079999923706055,17.987499237060547,18.079999923706055,2867,0.0,0.0
2024-05-08 14:30:00-04:00,18.010000228881836,18.06999969482422,17.920000076293945,17.920000076293945,23107,0.0,0.0
2024-05-08 15:30:00-04:00,17.969999313354492,17.969999313354492,17.895000457763672,17.899999618530273,4207,0.0,0.0
2024-05-09 09:30:00-04:00,17.799999237060547,17.920000076293945,17.799999237060547,17.920000076293945,4266,0.0,0.0
2024-05-09 10:30:00-04:00,18.040000915527344,18.040000915527344,17.950000762939453,17.950000762939453,1468,0.0,0.0
2024-05-09 11:30:00-04:00,17.81999969482422,17.850000381469727,17.703899383544922,17.703899383544922,4369,0.0,0.0
2024-05-09 12:30:00-04:00,17.700000762939453,17.75,17.649999618530273,17.71500015258789,4239,0.0,0.0
2024-05-09 13:30:00-04:00,17.75,17.82990074157715,17.709999084472656,17.799999237060547,5385,0.0,0.0
2024-05-09 14:30:00-04:00,17.829999923706055,17.860000610351562,17.770000457763672,17.80500030517578,3386,0.0,0.0
2024-05-09 15:30:00-04:00,17.809999465942383,17.899999618530273,17.790000915527344,17.850000381469727,12977,0.0,0.0
2024-05-10 09:30:00-04:00,19.440000534057617,20.719999313354492,19.329999923706055,20.190000534057617,41059,0.0,0.0
2024-05-10 10:30:00-04:00,20.1299991607666,20.209999084472656,19.798200607299805,19.899999618530273,20514,0.0,0.0
2024-05-10 11:30:00-04:00,19.920000076293945,20.274999618530273,19.8799991607666,20.15999984741211,15684,0.0,0.0
2024-05-10 12:30:00-04:00,20.165000915527344,20.200000762939453,19.649999618530273,19.649999618530273,16001,0.0,0.0
2024-05-10 13:30:00-04:00,19.6299991607666,19.84000015258789,19.420000076293945,19.420000076293945,17076,0.0,0.0
2024-05-10 14:30:00-04:00,19.260000228881836,19.559999465942383,19.200000762939453,19.393999099731445,22597,0.0,0.0
2024-05-10 15:30:00-04:00,19.399999618530273,19.530000686645508,19.270000457763672,19.520000457763672,19446,0.0,0.0
2024-05-13 09:30:00-04:00,19.459999084472656,20.25,19.40999984741211,20.200000762939453,25051,0.0,0.0
2024-05-13 10:30:00-04:00,20.209999084472656,20.450000762939453,20.170000076293945,20.209999084472656,17496,0.0,0.0
2024-05-13 11:30:00-04:00,20.190000534057617,20.239999771118164,19.899999618530273,20.020000457763672,20200,0.0,0.0
2024-05-13 12:30:00-04:00,20.0,20.0,19.670000076293945,19.859899520874023,7756,0.0,0.0
2024-05-13 13:30:00-04:00,19.860000610351562,19.989999771118164,19.703699111938477,19.93000030517578,5370,0.0,0.0
2024-05-13 14:30:00-04:00,19.875,19.93000030517578,19.709999084472656,19.719999313354492,4412,0.0,0.0
2024-05-13 15:30:00-04:00,19.690000534057617,19.719999313354492,19.450000762939453,19.450000762939453,28113,0.0,0.0
2024-05-14 09:30:00-04:00,19.610000610351562,20.219999313354492,19.610000610351562,20.079999923706055,18328,0.0,0.0
2024-05-14 10:30:00-04:00,20.05500030517578,20.15999984741211,20.017000198364258,20.017000198364258,2839,0.0,0.0
2024-05-14 11:30:00-04:00,19.920000076293945,20.059099197387695,19.8799991607666,19.899999618530273,4924,0.0,0.0
2024-05-14 12:30:00-04:00,19.780000686645508,20.045000076293945,19.780000686645508,20.045000076293945,7625,0.0,0.0
2024-05-14 13:30:00-04:00,20.100000381469727,20.200000762939453,20.059999465942383,20.149999618530273,8359,0.0,0.0
2024-05-14 14:30:00-04:00,20.25,20.329999923706055,20.079999923706055,20.079999923706055,20744,0.0,0.0
2024-05-14 15:30:00-04:00,20.149999618530273,20.290000915527344,20.139999389648438,20.209999084472656,36020,0.0,0.0
2024-05-15 09:30:00-04:00,20.40999984741211,20.40999984741211,19.809999465942383,20.190000534057617,0,0.0,0.0
2024-05-15 10:30:00-04:00,20.155000686645508,20.290000915527344,20.15169906616211,20.290000915527344,3535,0.0,0.0
2024-05-15 11:30:00-04:00,20.31999969482422,20.6299991607666,20.299999237060547,20.51740074157715,12814,0.0,0.0
2024-05-15 12:30:00-04:00,20.600000381469727,20.780000686645508,20.600000381469727,20.690000534057617,7538,0.0,0.0
2024-05-15 13:30:00-04:00,20.6919002532959,20.768999099731445,20.665000915527344,20.7450008392334,4549,0.0,0.0
2024-05-15 14:30:00-04:00,20.709999084472656,20.860000610351562,20.68000030517578,20.860000610351562,17565,0.0,0.0
2024-05-15 15:30:00-04:00,20.818599700927734,20.920000076293945,20.799999237060547,20.809999465942383,12055,0.0,0.0
2024-05-16 09:30:00-04:00,20.850000381469727,21.3700008392334,20.829999923706055,21.315000534057617,19602,0.0,0.0
2024-05-16 10:30:00-04:00,21.31999969482422,21.559999465942383,21.290000915527344,21.43000030517578,47411,0.0,0.0
2024-05-16 11:30:00-04:00,21.450000762939453,21.479999542236328,21.299999237060547,21.425199508666992,11786,0.0,0.0
2024-05-16 12:30:00-04:00,21.43000030517578,21.479999542236328,21.290000915527344,21.440000534057617,19040,0.0,0.0
2024-05-16 13:30:00-04:00,21.350000381469727,21.35099983215332,20.989999771118164,20.989999771118164,19676,0.0,0.0
2024-05-16 14:30:00-04:00,21.09000015258789,21.18000030517578,21.06999969482422,21.06999969482422,6647,0.0,0.0
2024-05-16 15:30:00-04:00,21.030000686645508,21.06999969482422,20.950000762939453,21.059999465942383,15870,0.0,0.0
2024-05-17 09:30:00-04:00,21.09000015258789,21.09000015258789,20.894800186157227,21.009700775146484,3578,0.0,0.0
2024-05-17 10:30:00-04:00,20.93000030517578,20.93000030517578,20.780000686645508,20.889999389648438,3030,0.0,0.0
2024-05-17 11:30:00-04:00,20.875,21.059999465942383,20.820199966430664,21.049999237060547,8233,0.0,0.0
2024-05-17 12:30:00-04:00,21.049999237060547,21.290000915527344,20.899999618530273,21.219999313354492,9657,0.0,0.0
2024-05-17 13:30:00-04:00,21.2549991607666,21.309999465942383,21.100000381469727,21.100000381469727,4341,0.0,0.0
2024-05-17 14:30:00-04:00,21.100000381469727,21.100000381469727,21.028400421142578,21.059999465942383,2601,0.0,0.0
2024-05-17 15:30:00-04:00,21.010000228881836,21.3700008392334,21.010000228881836,21.3700008392334,12861,0.0,0.0
2024-05-20 09:30:00-04:00,21.280000686645508,21.6299991607666,21.280000686645508,21.489999771118164,5481,0.0,0.0
2024-05-20 10:30:00-04:00,21.530000686645508,21.700000762939453,21.329999923706055,21.364999771118164,13930,0.0,0.0
2024-05-20 11:30:00-04:00,21.360000610351562,21.450000762939453,21.139999389648438,21.170000076293945,22444,0.0,0.0
2024-05-20 12:30:00-04:00,21.170000076293945,21.260000228881836,21.149999618530273,21.260000228881836,8085,0.0,0.0
2024-05-20 13:30:00-04:00,21.229999542236328,21.32900047302246,21.06999969482422,21.110000610351562,12814,0.0,0.0
2024-05-20 14:30:00-04:00,21.100000381469727,21.229900360107422,20.969999313354492,21.100000381469727,15839,0.0,0.0
2024-05-20 15:30:00-04:00,21.06999969482422,21.100000381469727,20.940000534057617,20.940000534057617,26944,0.0,0.0
2024-05-21 09:30:00-04:00,20.889999389648438,21.0,20.709999084472656,21.0,2794,0.0,0.0
2024-05-21 10:30:00-04:00,21.079999923706055,21.229900360107422,21.0,21.110000610351562,3834,0.0,0.0
2024-05-21 11:30:00-04:00,21.049999237060547,21.049999237060547,20.954999923706055,21.03499984741211,2802,0.0,0.0
2024-05-21 12:30:00-04:00,21.04050064086914,21.04050064086914,20.870100021362305,20.928800582885742,8317,0.0,0.0
2024-05-21 13:30:00-04:00,20.94499969482422,20.959999084472656,20.690000534057617,20.6919002532959,8952,0.0,0.0
2024-05-21 14:30:00-04:00,20.729999542236328,20.84000015258789,20.690000534057617,20.729999542236328,4554,0.0,0.0
2024-05-21 15:30:00-04:00,20.700000762939453,20.899999618530273,20.690000534057617,20.889999389648438,8357,0.0,0.0
2024-05-22 09:30:00-04:00,20.8700008392334,21.045000076293945,20.8700008392334,21.0049991607666,2284,0.0,0.0
2024-05-22 10:30:00-04:00,20.920000076293945,20.93000030517578,20.780000686645508,20.854999542236328,3079,0.0,0.0
2024-05-22 11:30:00-04:00,20.920000076293945,20.920000076293945,20.850000381469727,20.850000381469727,1418,0.0,0.0
2024-05-22 12:30:00-04:00,20.829999923706055,20.864999771118164,20.780000686645508,20.864999771118164,1458,0.0,0.0
2024-05-22 13:30:00-04:00,20.81999969482422,20.8799991607666,20.760000228881836,20.875,7107,0.0,0.0
2024-05-22 14:30:00-04:00,20.881000518798828,20.959999084472656,20.881000518798828,20.90999984741211,5108,0.0,0.0
2024-05-22 15:30:00-04:00,21.010000228881836,21.1200008392334,20.969999313354492,21.1200008392334,13480,0.0,0.0
2024-05-23 09:30:00-04:00,21.06999969482422,21.06999969482422,20.65999984741211,20.719999313354492,8447,0.0,0.0
2024-05-23 10:30:00-04:00,20.671899795532227,20.760000228881836,20.65999984741211,20.719999313354492,2202,0.0,0.0
2024-05-23 11:30:00-04:00,20.700000762939453,20.770000457763672,20.549999237060547,20.59000015258789,2608,0.0,0.0
2024-05-23 12:30:00-04:00,20.56999969482422,20.59000015258789,20.40999984741211,20.59000015258789,3986,0.0,0.0
2024-05-23 13:30:00-04:00,20.549999237060547,20.549999237060547,20.3976993560791,20.3976993560791,5472,0.0,0.0
2024-05-23 14:30:00-04:00,20.479999542236328,20.68000030517578,20.430099487304688,20.635000228881836,5430,0.0,0.0
2024-05-23 15:30:00-04:00,20.6299991607666,20.770000457763672,20.540000915527344,20.75,22544,0.0,0.0
2024-05-24 09:30:00-04:00,20.860000610351562,20.969999313354492,20.780000686645508,20.780000686645508,7828,0.0,0.0
2024-05-24 10:30:00-04:00,20.846099853515625,20.97949981689453,20.810400009155273,20.97949981689453,1696,0.0,0.0
2024-05-24 11:30:00-04:00,20.989999771118164,21.049999237060547,20.8700008392334,20.8700008392334,3540,0.0,0.0
2024-05-24 12:30:00-04:00,20.83009910583496,20.959999084472656,20.829999923706055,20.959999084472656,7301,0.0,0.0
2024-05-24 13:30:00-04:00,20.96500015258789,20.969999313354492,20.920000076293945,20.950000762939453,1448,0.0,0.0
2024-05-24 14:30:00-04:00,20.940000534057617,21.059999465942383,20.90999984741211,21.024999618530273,5514,0.0,0.0
2024-05-24 15:30:00-04:00,21.020000457763672,21.06999969482422,21.0049991607666,21.020000457763672,9410,0.0,0.0
2024-05-28 09:30:00-04:00,21.1299991607666,21.15999984741211,20.889999389648438,21.020000457763672,7119,0.0,0.0
2024-05-28 10:30:00-04:00,21.049999237060547,21.09000015258789,20.770000457763672,21.0,10849,0.0,0.0
2024-05-28 11:30:00-04:00,20.950000762939453,21.105199813842773,20.93000030517578,21.020000457763672,7448,0.0,0.0
2024-05-28 12:30:00-04:00,21.084999084472656,21.09000015258789,20.969999313354492,20.969999313354492,2732,0.0,0.0
2024-05-28 13:30:00-04:00,21.020000457763672,21.020000457763672,20.719999313354492,20.719999313354492,6104,0.0,0.0
2024-05-28 14:30:00-04:00,20.649999618530273,20.8700008392334,20.649999618530273,20.84000015258789,6070,0.0,0.0
2024-05-28 15:30:00-04:00,20.8700008392334,20.959999084472656,20.80500030517578,20.959999084472656,14041,0.0,0.0
2024-05-29 09:30:00-04:00,20.860000610351562,20.924999237060547,20.735000610351562,20.924999237060547,4527,0.0,0.0
2024-05-29 10:30:00-04:00,20.940000534057617,21.100000381469727,20.940000534057617,21.09000015258789,2614,0.0,0.0
2024-05-29 11:30:00-04:00,21.020000457763672,21.139999389648438,21.020000457763672,21.139999389648438,1536,0.0,0.0
2024-05-29 12:30:00-04:00,21.010000228881836,21.139999389648438,21.010000228881836,21.110000610351562,2161,0.0,0.0
2024-05-29 13:30:00-04:00,21.100000381469727,21.100000381469727,20.959999084472656,21.049999237060547,4560,0.0,0.0
2024-05-29 14:30:00-04:00,21.100000381469727,21.170000076293945,21.027599334716797,21.135000228881836,5824,0.0,0.0
2024-05-29 15:30:00-04:00,21.149999618530273,21.170000076293945,20.90999984741211,20.950000762939453,15703,0.0,0.0
2024-05-30 09:30:00-04:00,21.079999923706055,21.488000869750977,21.079999923706055,21.315000534057617,6923,0.0,0.0
2024-05-30 10:30:00-04:00,21.299999237060547,21.5,21.295000076293945,21.5,5074,0.0,0.0
2024-05-30 11:30:00-04:00,21.53499984741211,21.565000534057617,21.434999465942383,21.434999465942383,11978,0.0,0.0
2024-05-30 12:30:00-04:00,21.40999984741211,21.40999984741211,21.18000030517578,21.190000534057617,4848,0.0,0.0
2024-05-30 13:30:00-04:00,21.19499969482422,21.209999084472656,21.049999237060547,21.104999542236328,10017,0.0,0.0
2024-05-30 14:30:00-04:00,21.110000610351562,21.19499969482422,21.06999969482422,21.110000610351562,12575,0.0,0.0
2024-05-30 15:30:00-04:00,21.100000381469727,21.260000228881836,21.09000015258789,21.190000534057617,13886,0.0,0.0
2024-05-31 09:30:00-04:00,21.360000610351562,21.40999984741211,21.22249984741211,21.399900436401367,1522,0.0,0.0
2024-05-31 10:30:00-04:00,21.239999771118164,21.440000534057617,21.239999771118164,21.34000015258789,9465,0.0,0.0
2024-05-31 11:30:00-04:00,21.290000915527344,21.450000762939453,21.260000228881836,21.329999923706055,10385,0.0,0.0
2024-05-31 12:30:00-04:00,21.329999923706055,21.360000610351562,21.28499984741211,21.2893009185791,7203,0.0,0.0
2024-05-31 13:30:00-04:00,21.350799560546875,21.5,21.350799560546875,21.5,3791,0.0,0.0
2024-05-31 14:30:00-04:00,21.475000381469727,21.549999237060547,21.40999984741211,21.527700424194336,8375,0.0,0.0
2024-05-31 15:30:00-04:00,21.490100860595703,21.6299991607666,21.459999084472656,21.579999923706055,15696,0.0,0.0
2024-06-03 09:30:00-04:00,21.600000381469727,21.950000762939453,21.600000381469727,21.739999771118164,39472,0.0,0.0
2024-06-03 10:30:00-04:00,21.84000015258789,21.860000610351562,21.440000534057617,21.440000534057617,5204,0.0,0.0
2024-06-03 11:30:00-04:00,21.489900588989258,21.78499984741211,21.489900588989258,21.780000686645508,9417,0.0,0.0
2024-06-03 12:30:00-04:00,21.8799991607666,21.8799991607666,21.6299991607666,21.790000915527344,2730,0.0,0.0
2024-06-03 13:30:00-04:00,21.8799991607666,21.950000762939453,21.71579933166504,21.950000762939453,14381,0.0,0.0
2024-06-03 14:30:00-04:00,21.920000076293945,21.950000762939453,21.8700008392334,21.8700008392334,11858,0.0,0.0
2024-06-03 15:30:00-04:00,21.850000381469727,21.950000762939453,21.850000381469727,21.885000228881836,18322,0.0,0.0
2024-06-04 09:30:00-04:00,21.899999618530273,21.90999984741211,21.700000762939453,21.700000762939453,4462,0.0,0.0
2024-06-04 10:30:00-04:00,21.780000686645508,21.79319953918457,21.6200008392334,21.6200008392334,2667,0.0,0.0
2024-06-04 11:30:00-04:00,21.559999465942383,21.594999313354492,21.540000915527344,21.540000915527344,2806,0.0,0.0
2024-06-04 12:30:00-04:00,21.6299991607666,21.739999771118164,21.6299991607666,21.739999771118164,2650,0.0,0.0
2024-06-04 13:30:00-04:00,21.739999771118164,21.799999237060547,21.735000610351562,21.7987003326416,787,0.0,0.0
2024-06-04 14:30:00-04:00,21.760000228881836,21.799999237060547,21.690000534057617,21.790000915527344,3717,0.0,0.0
2024-06-04 15:30:00-04:00,21.780000686645508,21.780000686645508,21.549999237060547,21.56999969482422,26045,0.0,0.0
2024-06-05 09:30:00-04:00,21.780000686645508,21.780000686645508,21.309999465942383,21.309999465942383,3285,0.0,0.0
2024-06-05 10:30:00-04:00,21.2549991607666,21.364999771118164,21.200000762939453,21.325000762939453,10011,0.0,0.0
2024-06-05 11:30:00-04:00,21.260000228881836,21.302499771118164,21.149999618530273,21.302499771118164,6116,0.0,0.0
2024-06-05 12:30:00-04:00,21.295000076293945,21.309999465942383,21.260000228881836,21.260000228881836,2952,0.0,0.0
2024-06-05 13:30:00-04:00,21.170000076293945,21.21500015258789,21.170000076293945,21.21500015258789,1425,0.0,0.0
2024-06-05 14:30:00-04:00,21.280000686645508,21.479999542236328,21.260000228881836,21.299999237060547,15540,0.0,0.0
2024-06-05 15:30:00-04:00,21.2450008392334,21.420000076293945,21.2450008392334,21.420000076293945,17403,0.0,0.0
2024-06-06 09:30:00-04:00,21.420000076293945,21.549999237060547,21.3700008392334,21.3799991607666,1500,0.0,0.0
2024-06-06 10:30:00-04:00,21.34000015258789,21.34000015258789,21.25,21.25,956,0.0,0.0
2024-06-06 11:30:00-04:00,21.33989906311035,21.33989906311035,21.200000762939453,21.200000762939453,1590,0.0,0.0
2024-06-06 12:30:00-04:00,21.190000534057617,21.190000534057617,21.139999389648438,21.174999237060547,3357,0.0,0.0
2024-06-06 13:30:00-04:00,21.040000915527344,21.040000915527344,21.040000915527344,21.040000915527344,420,0.0,0.0
2024-06-06 14:30:00-04:00,21.040000915527344,21.228900909423828,21.030000686645508,21.228900909423828,4605,0.0,0.0
2024-06-06 15:30:00-04:00,21.219999313354492,21.329999923706055,21.190000534057617,21.290000915527344,15732,0.0,0.0
2024-06-07 09:30:00-04:00,21.15999984741211,21.204999923706055,21.09000015258789,21.09000015258789,2327,0.0,0.0
2024-06-07 10:30:00-04:00,20.680099487304688,20.729999542236328,20.680099487304688,20.729999542236328,4457,0.0,0.0
2024-06-07 11:30:00-04:00,20.729999542236328,20.920000076293945,20.729999542236328,20.920000076293945,6773,0.0,0.0
2024-06-07 12:30:00-04:00,20.86009979248047,20.969999313354492,20.760000228881836,20.760000228881836,4775,0.0,0.0
2024-06-07 13:30:00-04:00,20.81999969482422,20.81999969482422,20.764999389648438,20.764999389648438,1144,0.0,0.0
2024-06-07 14:30:00-04:00,20.780000686645508,20.780000686645508,20.719999313354492,20.719999313354492,1617,0.0,0.0
2024-06-07 15:30:00-04:00,20.809999465942383,20.84000015258789,20.75,20.84000015258789,7010,0.0,0.0
2024-06-10 09:30:00-04:00,20.709999084472656,20.731399536132812,20.459999084472656,20.56999969482422,9102,0.0,0.0
2024-06-10 10:30:00-04:00,20.760000228881836,21.020000457763672,20.760000228881836,20.899999618530273,6543,0.0,0.0
2024-06-10 11:30:00-04:00,20.969999313354492,20.969999313354492,20.8799991607666,20.959999084472656,3604,0.0,0.0
2024-06-10 12:30:00-04:00,20.840099334716797,20.92959976196289,20.840099334716797,20.877300262451172,3159,0.0,0.0
2024-06-10 13:30:00-04:00,20.950000762939453,20.959999084472656,20.690000534057617,20.690000534057617,4768,0.0,0.0
2024-06-10 14:30:00-04:00,20.65999984741211,20.69860076904297,20.6200008392334,20.69860076904297,4525,0.0,0.0
2024-06-10 15:30:00-04:00,20.690000534057617,20.8799991607666,20.690000534057617,20.8799991607666,7121,0.0,0.0
2024-06-11 09:30:00-04:00,20.760000228881836,20.760000228881836,20.56999969482422,20.600000381469727,1204,0.0,0.0
2024-06-11 10:30:00-04:00,20.520000457763672,20.65999984741211,20.520000457763672,20.629899978637695,3943,0.0,0.0
2024-06-11 11:30:00-04:00,20.6200008392334,20.719999313354492,20.6200008392334,20.639999389648438,2198,0.0,0.0
2024-06-11 12:30:00-04:00,20.694499969482422,20.739999771118164,20.600000381469727,20.719900131225586,7978,0.0,0.0
2024-06-11 14:30:00-04:00,20.790000915527344,20.84000015258789,20.790000915527344,20.84000015258789,717,0.0,0.0
2024-06-11 15:30:00-04:00,20.815000534057617,21.0,20.815000534057617,20.930999755859375,13235,0.0,0.0
2024-06-12 09:30:00-04:00,21.31999969482422,21.31999969482422,20.969999313354492,21.149999618530273,13287,0.0,0.0
2024-06-12 10:30:00-04:00,20.969999313354492,21.020000457763672,20.969999313354492,21.0,1673,0.0,0.0
2024-06-12 11:30:00-04:00,20.915000915527344,20.920000076293945,20.780000686645508,20.799999237060547,4333,0.0,0.0
2024-06-12 12:30:00-04:00,20.84000015258789,20.91189956665039,20.800100326538086,20.899999618530273,3205,0.0,0.0
2024-06-12 13:30:00-04:00,20.850000381469727,20.940000534057617,20.729999542236328,20.829999923706055,7741,0.0,0.0
2024-06-12 14:30:00-04:00,20.860000610351562,20.8700008392334,20.690000534057617,20.729999542236328,12933,0.0,0.0
2024-06-12 15:30:00-04:00,20.690099716186523,20.850000381469727,20.690000534057617,20.81999969482422,19002,0.0,0.0
2024-06-13 09:30:00-04:00,20.739999771118164,20.799999237060547,20.739999771118164,20.746400833129883,2155,0.0,0.0
2024-06-13 10:30:00-04:00,20.700000762939453,20.700000762939453,20.640899658203125,20.640899658203125,926,0.0,0.0
2024-06-13 11:30:00-04:00,20.549999237060547,20.600000381469727,20.489999771118164,20.545000076293945,1747,0.0,0.0
2024-06-13 12:30:00-04:00,20.56999969482422,20.760000228881836,20.56999969482422,20.760000228881836,1111,0.0,0.0
2024-06-13 13:30:00-04:00,20.75,20.770000457763672,20.645000457763672,20.645000457763672,1620,0.0,0.0
2024-06-13 14:30:00-04:00,20.68000030517578,20.68000030517578,20.68000030517578,20.68000030517578,508,0.0,0.0
2024-06-13 15:30:00-04:00,20.649999618530273,20.65999984741211,20.579999923706055,20.65999984741211,9071,0.0,0.0
2024-06-14 09:30:00-04:00,20.43000030517578,20.739999771118164,20.389999389648438,20.389999389648438,1789,0.0,0.0
2024-06-14 10:30:00-04:00,20.40999984741211,20.5,20.329999923706055,20.5,2190,0.0,0.0
2024-06-14 11:30:00-04:00,20.434999465942383,20.600000381469727,20.3799991607666,20.524999618530273,5025,0.0,0.0
2024-06-14 12:30:00-04:00,20.520000457763672,20.55500030517578,20.49090003967285,20.5,3733,0.0,0.0
2024-06-14 13:30:00-04:00,20.5,20.573299407958984,20.450000762939453,20.508100509643555,1872,0.0,0.0
2024-06-14 14:30:00-04:00,20.509899139404297,20.53499984741211,20.469999313354492,20.53499984741211,7568,0.0,0.0
2024-06-14 15:30:00-04:00,20.545000076293945,20.545000076293945,20.43000030517578,20.5,12172,0.0,0.0
2024-06-17 09:30:00-04:00,20.329999923706055,20.459999084472656,20.0,20.34000015258789,6626,0.0,0.0
2024-06-17 10:30:00-04:00,20.270000457763672,20.440000534057617,20.270000457763672,20.440000534057617,2122,0.0,0.0
2024-06-17 11:30:00-04:00,20.450000762939453,20.690000534057617,20.450000762939453,20.670000076293945,8856,0.0,0.0
2024-06-17 12:30:00-04:00,20.637800216674805,20.639999389648438,20.59000015258789,20.610000610351562,1378,0.0,0.0
2024-06-17 13:30:00-04:00,20.639999389648438,20.65999984741211,20.579999923706055,20.639999389648438,2196,0.0,0.0
2024-06-17 14:30:00-04:00,20.670000076293945,20.75,20.639999389648438,20.75,6896,0.0,0.0
2024-06-17 15:30:00-04:00,20.790000915527344,21.0,20.739999771118164,20.899999618530273,15989,0.0,0.0
2024-06-18 09:30:00-04:00,20.780000686645508,20.899999618530273,20.735000610351562,20.735000610351562,1757,0.0,0.0
2024-06-18 10:30:00-04:00,20.774999618530273,20.969999313354492,20.774999618530273,20.895000457763672,5832,0.0,0.0
2024-06-18 11:30:00-04:00,20.81999969482422,20.905000686645508,20.700000762939453,20.905000686645508,6819,0.0,0.0
2024-06-18 12:30:00-04:00,20.899999618530273,20.899999618530273,20.899999618530273,20.899999618530273,815,0.0,0.0
2024-06-18 13:30:00-04:00,20.959999084472656,21.045000076293945,20.959999084472656,21.030000686645508,2916,0.0,0.0
2024-06-18 14:30:00-04:00,21.010000228881836,21.010000228881836,20.8799991607666,20.88990020751953,2797,0.0,0.0
2024-06-18 15:30:00-04:00,20.954999923706055,21.010000228881836,20.850000381469727,20.979999542236328,14371,0.0,0.0
2024-06-20 09:30:00-04:00,21.110000610351562,21.280000686645508,20.851999282836914,21.114999771118164,2866,0.0,0.0
2024-06-20 10:30:00-04:00,20.959999084472656,21.030000686645508,20.740100860595703,21.010000228881836,3651,0.0,0.0
2024-06-20 11:30:00-04:00,20.899999618530273,20.899999618530273,20.559999465942383,20.670000076293945,4128,0.0,0.0
2024-06-20 12:30:00-04:00,20.674999237060547,20.729999542236328,20.65999984741211,20.719900131225586,1258,0.0,0.0
2024-06-20 13:30:00-04:00,20.610000610351562,20.65999984741211,20.610000610351562,20.65999984741211,1100,0.0,0.0
2024-06-20 14:30:00-04:00,20.56999969482422,20.649999618530273,20.520000457763672,20.594999313354492,8007,0.0,0.0
2024-06-20 15:30:00-04:00,20.594999313354492,20.639999389648438,20.469999313354492,20.524999618530273,10913,0.0,0.0
2024-06-21 09:30:00-04:00,20.610000610351562,20.739999771118164,20.566999435424805,20.566999435424805,16791,0.0,0.0
2024-06-21 10:30:00-04:00,20.540000915527344,20.540000915527344,20.459999084472656,20.459999084472656,528,0.0,0.0
2024-06-21 11:30:00-04:00,20.617799758911133,20.617799758911133,20.617799758911133,20.617799758911133,518,0.0,0.0
2024-06-21 12:30:00-04:00,20.65999984741211,20.790000915527344,20.65999984741211,20.790000915527344,4726,0.0,0.0
2024-06-21 13:30:00-04:00,20.770000457763672,20.770000457763672,20.600000381469727,20.600000381469727,1450,0.0,0.0
2024-06-21 14:30:00-04:00,20.625,20.649999618530273,20.559999465942383,20.645000457763672,3945,0.0,0.0
2024-06-21 15:30:00-04:00,20.65999984741211,20.65999984741211,20.450000762939453,20.450000762939453,11320,0.0,0.0
2024-06-24 09:30:00-04:00,20.610000610351562,21.190000534057617,20.524999618530273,21.0,7635,0.0,0.0
2024-06-24 10:30:00-04:00,21.014999389648438,21.239999771118164,20.969999313354492,21.125,11812,0.0,0.0
2024-06-24 11:30:00-04:00,21.114999771118164,21.125,20.989999771118164,21.09000015258789,6998,0.0,0.0
2024-06-24 12:30:00-04:00,21.040000915527344,21.079999923706055,20.770000457763672,20.770000457763672,6525,0.0,0.0
2024-06-24 13:30:00-04:00,20.739999771118164,20.920000076293945,20.739999771118164,20.899999618530273,10333,0.0,0.0
2024-06-24 14:30:00-04:00,20.940000534057617,21.010000228881836,20.81999969482422,20.989999771118164,14379,0.0,0.0
2024-06-24 15:30:00-04:00,20.93000030517578,21.110000610351562,20.889999389648438,20.93000030517578,26917,0.0,0.0
2024-06-25 09:30:00-04:00,21.0,21.199899673461914,20.985000610351562,21.149999618530273,6870,0.0,0.0
2024-06-25 10:30:00-04:00,21.219999313354492,21.34000015258789,21.190000534057617,21.329999923706055,7748,0.0,0.0
2024-06-25 11:30:00-04:00,21.260000228881836,21.459999084472656,21.235000610351562,21.459999084472656,8199,0.0,0.0
2024-06-25 12:30:00-04:00,21.479999542236328,21.549999237060547,21.450000762939453,21.450000762939453,5783,0.0,0.0
2024-06-25 13:30:00-04:00,21.3799991607666,21.3799991607666,21.360000610351562,21.3700008392334,3164,0.0,0.0
2024-06-25 14:30:00-04:00,21.420000076293945,21.520200729370117,21.420000076293945,21.485000610351562,9496,0.0,0.0
2024-06-25 15:30:00-04:00,21.5049991607666,21.6299991607666,21.479999542236328,21.610000610351562,18041,0.0,0.0
2024-06-26 09:30:00-04:00,21.6200008392334,21.649999618530273,21.139999389648438,21.649999618530273,3922,0.0,0.0
2024-06-26 10:30:00-04:00,21.709999084472656,21.75,21.600000381469727,21.75,5106,0.0,0.0
2024-06-26 11:30:00-04:00,21.75,21.809999465942383,21.690000534057617,21.774999618530273,5398,0.0,0.0
2024-06-26 12:30:00-04:00,21.760000228881836,21.760000228881836,21.559999465942383,21.604999542236328,8870,0.0,0.0
2024-06-26 13:30:00-04:00,21.65999984741211,21.81999969482422,21.604999542236328,21.81999969482422,5471,0.0,0.0
2024-06-26 14:30:00-04:00,21.814199447631836,21.819900512695312,21.670000076293945,21.729999542236328,5862,0.0,0.0
2024-06-26 15:30:00-04:00,21.729999542236328,21.770000457763672,21.540000915527344,21.540000915527344,18634,0.0,0.0
2024-06-27 09:30:00-04:00,21.709999084472656,21.709999084472656,21.290000915527344,21.6200008392334,3537,0.0,0.0
2024-06-27 10:30:00-04:00,21.6200008392334,21.6200008392334,21.290000915527344,21.290000915527344,4495,0.0,0.0
2024-06-27 11:30:00-04:00,21.270000457763672,21.360000610351562,21.18000030517578,21.18000030517578,6022,0.0,0.0
2024-06-27 12:30:00-04:00,21.219999313354492,21.290000915527344,21.030000686645508,21.290000915527344,4513,0.0,0.0
2024-06-27 13:30:00-04:00,21.290000915527344,21.290000915527344,21.149999618530273,21.170000076293945,3430,0.0,0.0
2024-06-27 14:30:00-04:00,21.209999084472656,21.209999084472656,21.110000610351562,21.155000686645508,5503,0.0,0.0
2024-06-27 15:30:00-04:00,21.1200008392334,21.239999771118164,21.06999969482422,21.149999618530273,18088,0.0,0.0
2024-06-28 09:30:00-04:00,21.100000381469727,21.309999465942383,20.270000457763672,21.309999465942383,8693,0.0,0.0
2024-06-28 10:30:00-04:00,21.43000030517578,21.479999542236328,21.225000381469727,21.299999237060547,8371,0.0,0.0
2024-06-28 11:30:00-04:00,21.31999969482422,21.31999969482422,20.8799991607666,21.125,22485,0.0,0.0
2024-06-28 12:30:00-04:00,21.200000762939453,21.200000762939453,21.09000015258789,21.100000381469727,4918,0.0,0.0
2024-06-28 13:30:00-04:00,21.104999542236328,21.104999542236328,20.979999542236328,21.049999237060547,4877,0.0,0.0
2024-06-28 14:30:00-04:00,21.075000762939453,21.209999084472656,21.049999237060547,21.1200008392334,12885,0.0,0.0
2024-06-28 15:30:00-04:00,21.104999542236328,21.239999771118164,21.0,21.209999084472656,30585,0.0,0.0
2024-07-01 09:30:00-04:00,21.3700008392334,21.520000457763672,20.90999984741211,20.969999313354492,6498,0.0,0.0
2024-07-01 10:30:00-04:00,21.030000686645508,21.204999923706055,21.030000686645508,21.079999923706055,4273,0.0,0.0
2024-07-01 11:30:00-04:00,21.040000915527344,21.1200008392334,21.0,21.110000610351562,2869,0.0,0.0
2024-07-01 12:30:00-04:00,21.239900588989258,21.290000915527344,21.200000762939453,21.264999389648438,1992,0.0,0.0
2024-07-01 13:30:00-04:00,21.290000915527344,21.309999465942383,21.170000076293945,21.170000076293945,3174,0.0,0.0
2024-07-01 14:30:00-04:00,21.136899948120117,21.229999542236328,21.09000015258789,21.135000228881836,5462,0.0,0.0
2024-07-01 15:30:00-04:00,21.18000030517578,21.280000686645508,21.15999984741211,21.270000457763672,10577,0.0,0.0
2024-07-02 09:30:00-04:00,21.399999618530273,21.509899139404297,21.399999618530273,21.509899139404297,2725,0.0,0.0
2024-07-02 10:30:00-04:00,21.5,21.540000915527344,21.281999588012695,21.360000610351562,3580,0.0,0.0
2024-07-02 11:30:00-04:00,21.309999465942383,21.575000762939453,21.309999465942383,21.459999084472656,6975,0.0,0.0
2024-07-02 12:30:00-04:00,21.459999084472656,21.84000015258789,21.459999084472656,21.75,10631,0.0,0.0
2024-07-02 13:30:00-04:00,21.7450008392334,21.799999237060547,21.7450008392334,21.770000457763672,1581,0.0,0.0
2024-07-02 14:30:00-04:00,21.770000457763672,21.780000686645508,21.6200008392334,21.667499542236328,4993,0.0,0.0
2024-07-02 15:30:00-04:00,21.68000030517578,21.729999542236328,21.59000015258789,21.690000534057617,9449,0.0,0.0
2024-07-03 09:30:00-04:00,21.65999984741211,21.65999984741211,21.44179916381836,21.44179916381836,2412,0.0,0.0
2024-07-03 10:30:00-04:00,21.471900939941406,21.530000686645508,21.40999984741211,21.530000686645508,5864,0.0,0.0
2024-07-03 11:30:00-04:00,21.6200008392334,21.649999618530273,21.530000686645508,21.649999618530273,7395,0.0,0.0
2024-07-05 09:30:00-04:00,21.65999984741211,21.780000686645508,21.520000457763672,21.520000457763672,5639,0.0,0.0
2024-07-05 10:30:00-04:00,21.55500030517578,21.690000534057617,21.45009994506836,21.559999465942383,10439,0.0,0.0
2024-07-05 11:30:00-04:00,21.469999313354492,21.579999923706055,21.450000762939453,21.565000534057617,5555,0.0,0.0
2024-07-05 12:30:00-04:00,21.559999465942383,21.559999465942383,21.43000030517578,21.43000030517578,5283,0.0,0.0
2024-07-05 13:30:00-04:00,21.475000381469727,21.59000015258789,21.440000534057617,21.559999465942383,2245,0.0,0.0
2024-07-05 14:30:00-04:00,21.530000686645508,21.690000534057617,21.530000686645508,21.635000228881836,7117,0.0,0.0
2024-07-05 15:30:00-04:00,21.59000015258789,21.829999923706055,21.59000015258789,21.81999969482422,8437,0.0,0.0
2024-07-08 09:30:00-04:00,21.969999313354492,22.959999084472656,21.969999313354492,22.625,27603,0.0,0.0
2024-07-08 10:30:00-04:00,22.625,22.92009925842285,22.530000686645508,22.84000015258789,32848,0.0,0.0
2024-07-08 11:30:00-04:00,22.809999465942383,22.809999465942383,22.25,22.39150047302246,12267,0.0,0.0
2024-07-08 12:30:00-04:00,22.469999313354492,22.63319969177246,22.469999313354492,22.56399917602539,4617,0.0,0.0
2024-07-08 13:30:00-04:00,22.610000610351562,22.610000610351562,22.510000228881836,22.510000228881836,2654,0.0,0.0
2024-07-08 14:30:00-04:00,22.43000030517578,22.5,22.43000030517578,22.450000762939453,3983,0.0,0.0
2024-07-08 15:30:00-04:00,22.440000534057617,22.52989959716797,22.260000228881836,22.260000228881836,17314,0.0,0.0
2024-07-09 09:30:00-04:00,22.299999237060547,22.540000915527344,22.299999237060547,22.420000076293945,3221,0.0,0.0
2024-07-09 10:30:00-04:00,22.479999542236328,22.59000015258789,22.385000228881836,22.530000686645508,5336,0.0,0.0
2024-07-09 11:30:00-04:00,22.489999771118164,22.559999465942383,22.479999542236328,22.479999542236328,1657,0.0,0.0
2024-07-09 12:30:00-04:00,22.479999542236328,22.479999542236328,22.200000762939453,22.219999313354492,7360,0.0,0.0
2024-07-09 13:30:00-04:00,22.239999771118164,22.360000610351562,22.1299991607666,22.315000534057617,9325,0.0,0.0
2024-07-09 14:30:00-04:00,22.360000610351562,22.360000610351562,22.209999084472656,22.209999084472656,3710,0.0,0.0
2024-07-09 15:30:00-04:00,22.25,22.3700008392334,22.184999465942383,22.3700008392334,19461,0.0,0.0
2024-07-10 09:30:00-04:00,22.420000076293945,22.600000381469727,22.420000076293945,22.5,4547,0.0,0.0
2024-07-10 10:30:00-04:00,22.424999237060547,22.440000534057617,22.309999465942383,22.315000534057617,2024,0.0,0.0
2024-07-10 11:30:00-04:00,22.315000534057617,22.399999618530273,22.299999237060547,22.350000381469727,2426,0.0,0.0
2024-07-10 12:30:00-04:00,22.350000381469727,22.700000762939453,22.350000381469727,22.700000762939453,3147,0.0,0.0
2024-07-10 13:30:00-04:00,22.700000762939453,22.700000762939453,22.56999969482422,22.68000030517578,3160,0.0,0.0
2024-07-10 14:30:00-04:00,22.700000762939453,22.700000762939453,22.604999542236328,22.604999542236328,3000,0.0,0.0
2024-07-10 15:30:00-04:00,22.6200008392334,22.65999984741211,22.559999465942383,22.649999618530273,8632,0.0,0.0
2024-07-11 09:30:00-04:00,22.989999771118164,23.459999084472656,22.979999542236328,23.459999084472656,10819,0.0,0.0
2024-07-11 10:30:00-04:00,23.479999542236328,23.90999984741211,23.405000686645508,23.825000762939453,33052,0.0,0.0
2024-07-11 11:30:00-04:00,23.78499984741211,23.889999389648438,23.68000030517578,23.790000915527344,8596,0.0,0.0
2024-07-11 12:30:00-04:00,23.710100173950195,23.989999771118164,23.710100173950195,23.989999771118164,8634,0.0,0.0
2024-07-11 13:30:00-04:00,24.030000686645508,24.209999084472656,23.93000030517578,24.18000030517578,11468,0.0,0.0
2024-07-11 14:30:00-04:00,24.170000076293945,24.189899444580078,23.549999237060547,23.610000610351562,12088,0.0,0.0
2024-07-11 15:30:00-04:00,23.639999389648438,23.729999542236328,23.469999313354492,23.600000381469727,40738,0.0,0.0
2024-07-12 09:30:00-04:00,23.90999984741211,24.06999969482422,23.770000457763672,24.024999618530273,6582,0.0,0.0
2024-07-12 10:30:00-04:00,24.024999618530273,24.024999618530273,23.68000030517578,23.68000030517578,2670,0.0,0.0
2024-07-12 11:30:00-04:00,23.65999984741211,23.65999984741211,23.553499221801758,23.621000289916992,3309,0.0,0.0
2024-07-12 13:30:00-04:00,23.6200008392334,23.719999313354492,23.55150032043457,23.719999313354492,1711,0.0,0.0
2024-07-12 14:30:00-04:00,23.670000076293945,23.670000076293945,23.25,23.43000030517578,17045,0.0,0.0
2024-07-12 15:30:00-04:00,23.3799991607666,23.469999313354492,23.209999084472656,23.270000457763672,16979,0.0,0.0
2024-07-15 09:30:00-04:00,23.3700008392334,23.610000610351562,23.299999237060547,23.34000015258789,7866,0.0,0.0
2024-07-15 10:30:00-04:00,23.549999237060547,23.81999969482422,23.46500015258789,23.75,6642,0.0,0.0
2024-07-15 11:30:00-04:00,23.639999389648438,23.770000457763672,23.5,23.5,4316,0.0,0.0
2024-07-15 12:30:00-04:00,23.479999542236328,23.610000610351562,23.40999984741211,23.610000610351562,7849,0.0,0.0
2024-07-15 13:30:00-04:00,23.59939956665039,23.689899444580078,23.514999389648438,23.65999984741211,5315,0.0,0.0
2024-07-15 14:30:00-04:00,23.665000915527344,23.739999771118164,23.399999618530273,23.549999237060547,9508,0.0,0.0
2024-07-15 15:30:00-04:00,23.549999237060547,23.579999923706055,23.3799991607666,23.420000076293945,15964,0.0,0.0
2024-07-16 09:30:00-04:00,23.690000534057617,24.099899291992188,23.690000534057617,24.040000915527344,6631,0.0,0.0
2024-07-16 10:30:00-04:00,24.020000457763672,24.139999389648438,23.969999313354492,24.139999389648438,3021,0.0,0.0
2024-07-16 11:30:00-04:00,24.1299991607666,24.450000762939453,24.100000381469727,24.450000762939453,7307,0.0,0.0
2024-07-16 12:30:00-04:00,24.399999618530273,24.584999084472656,24.360000610351562,24.5,6237,0.0,0.0
2024-07-16 13:30:00-04:00,24.420000076293945,24.6200008392334,24.350000381469727,24.6200008392334,4707,0.0,0.0
2024-07-16 14:30:00-04:00,24.530000686645508,24.815000534057617,24.530000686645508,24.795000076293945,10762,0.0,0.0
2024-07-16 15:30:00-04:00,24.690000534057617,24.864999771118164,24.639999389648438,24.850000381469727,14420,0.0,0.0
2024-07-17 09:30:00-04:00,24.65999984741211,25.059999465942383,24.5,24.809999465942383,13553,0.0,0.0
2024-07-17 10:30:00-04:00,24.680099487304688,25.06999969482422,24.680099487304688,24.760000228881836,4372,0.0,0.0
2024-07-17 11:30:00-04:00,24.65999984741211,24.809999465942383,24.600000381469727,24.649999618530273,9597,0.0,0.0
2024-07-17 12:30:00-04:00,24.700000762939453,24.719999313354492,24.549999237060547,24.6299991607666,3980,0.0,0.0
2024-07-17 13:30:00-04:00,24.700000762939453,24.850000381469727,24.690000534057617,24.760000228881836,7214,0.0,0.0
2024-07-17 14:30:00-04:00,24.790000915527344,24.8700008392334,24.700000762939453,24.8700008392334,5500,0.0,0.0
2024-07-17 15:30:00-04:00,24.920000076293945,25.030000686645508,24.739999771118164,24.799999237060547,14512,0.0,0.0
2024-07-18 09:30:00-04:00,24.65999984741211,25.030399322509766,24.65999984741211,24.800100326538086,3135,0.0,0.0
2024-07-18 10:30:00-04:00,24.985000610351562,25.099899291992188,24.985000610351562,25.0049991607666,2517,0.0,0.0
2024-07-18 11:30:00-04:00,25.01689910888672,25.049999237060547,24.559999465942383,24.719999313354492,15670,0.0,0.0
2024-07-18 12:30:00-04:00,24.780000686645508,24.8700008392334,24.7549991607666,24.8700008392334,2925,0.0,0.0
2024-07-18 13:30:00-04:00,24.700000762939453,24.700000762939453,24.700000762939453,24.700000762939453,805,0.0,0.0
2024-07-18 14:30:00-04:00,24.770000457763672,24.799999237060547,24.170000076293945,24.479999542236328,12451,0.0,0.0
2024-07-18 15:30:00-04:00,24.459999084472656,24.56999969482422,24.260000228881836,24.420000076293945,26486,0.0,0.0
2024-07-19 09:30:00-04:00,24.440000534057617,24.639999389648438,24.440000534057617,24.520000457763672,4142,0.0,0.0
2024-07-19 10:30:00-04:00,24.618999481201172,24.708499908447266,24.59000015258789,24.600000381469727,4566,0.0,0.0
2024-07-19 11:30:00-04:00,24.510000228881836,24.6299991607666,24.510000228881836,24.549999237060547,3496,0.0,0.0
2024-07-19 12:30:00-04:00,24.353099822998047,24.444900512695312,24.295000076293945,24.295000076293945,2514,0.0,0.0
2024-07-19 13:30:00-04:00,24.209999084472656,24.239999771118164,24.209999084472656,24.239999771118164,2196,0.0,0.0
2024-07-19 14:30:00-04:00,24.219999313354492,24.299999237060547,24.176000595092773,24.176000595092773,8576,0.0,0.0
2024-07-19 15:30:00-04:00,24.219999313354492,24.34000015258789,24.219999313354492,24.290000915527344,6494,0.0,0.0
2024-07-22 09:30:00-04:00,24.290000915527344,24.40999984741211,23.79010009765625,24.15999984741211,6359,0.0,0.0
2024-07-22 10:30:00-04:00,24.239999771118164,24.239999771118164,24.155000686645508,24.239999771118164,1434,0.0,0.0
2024-07-22 11:30:00-04:00,24.290000915527344,24.34000015258789,24.170000076293945,24.170000076293945,4971,0.0,0.0
2024-07-22 12:30:00-04:00,24.19499969482422,24.3799991607666,24.190000534057617,24.325000762939453,2240,0.0,0.0
2024-07-22 13:30:00-04:00,24.329999923706055,24.600000381469727,24.329999923706055,24.5,2853,0.0,0.0
2024-07-22 14:30:00-04:00,24.510000228881836,24.559999465942383,24.430099487304688,24.450000762939453,5248,0.0,0.0
2024-07-22 15:30:00-04:00,24.479999542236328,24.594999313354492,24.459999084472656,24.540000915527344,8396,0.0,0.0
2024-07-23 09:30:00-04:00,24.440000534057617,24.93000030517578,24.440000534057617,24.93000030517578,3823,0.0,0.0
2024-07-23 10:30:00-04:00,24.829999923706055,25.06999969482422,24.665000915527344,24.735000610351562,4475,0.0,0.0
2024-07-23 11:30:00-04:00,24.709999084472656,24.90999984741211,24.709999084472656,24.799999237060547,7766,0.0,0.0
2024-07-23 12:30:00-04:00,24.75,24.764999389648438,24.360000610351562,24.360000610351562,14416,0.0,0.0
2024-07-23 13:30:00-04:00,24.469999313354492,24.6200008392334,24.43000030517578,24.440000534057617,10641,0.0,0.0
2024-07-23 14:30:00-04:00,24.459999084472656,24.6200008392334,24.3700008392334,24.6200008392334,16978,0.0,0.0
2024-07-23 15:30:00-04:00,24.670000076293945,24.670000076293945,24.3700008392334,24.450000762939453,26485,0.0,0.0
2024-07-24 09:30:00-04:00,24.40999984741211,24.6299991607666,24.190000534057617,24.5,4387,0.0,0.0
2024-07-24 10:30:00-04:00,24.5,24.565000534057617,24.415000915527344,24.5,8938,0.0,0.0
2024-07-24 11:30:00-04:00,24.469999313354492,24.649999618530273,24.459999084472656,24.614999771118164,7282,0.0,0.0
2024-07-24 12:30:00-04:00,24.678699493408203,24.678699493408203,24.520000457763672,24.540000915527344,6145,0.0,0.0
2024-07-24 13:30:00-04:00,24.540000915527344,24.559999465942383,24.450000762939453,24.450000762939453,3634,0.0,0.0
2024-07-24 14:30:00-04:00,24.350000381469727,24.524999618530273,24.239999771118164,24.459999084472656,7634,0.0,0.0
2024-07-24 15:30:00-04:00,24.469999313354492,24.469999313354492,24.170000076293945,24.190000534057617,22355,0.0,0.0
2024-07-25 09:30:00-04:00,24.420000076293945,24.600000381469727,24.18000030517578,24.575000762939453,4837,0.0,0.0
2024-07-25 10:30:00-04:00,24.670000076293945,25.200000762939453,24.670000076293945,25.065000534057617,7722,0.0,0.0
2024-07-25 11:30:00-04:00,25.010000228881836,25.110599517822266,24.889999389648438,25.0049991607666,7194,0.0,0.0
2024-07-25 12:30:00-04:00,25.010000228881836,25.010000228881836,24.850000381469727,24.950000762939453,2169,0.0,0.0
2024-07-25 13:30:00-04:00,24.829999923706055,24.90999984741211,24.719999313354492,24.8799991607666,2066,0.0,0.0
2024-07-25 14:30:00-04:00,24.799999237060547,25.100000381469727,24.799999237060547,25.06999969482422,7478,0.0,0.0
2024-07-25 15:30:00-04:00,25.05500030517578,25.104999542236328,24.8799991607666,24.899999618530273,18349,0.0,0.0
2024-07-26 09:30:00-04:00,25.239999771118164,25.489999771118164,25.139999389648438,25.190000534057617,9013,0.0,0.0
2024-07-26 10:30:00-04:00,25.204999923706055,25.43000030517578,25.200000762939453,25.200000762939453,10100,0.0,0.0
2024-07-26 11:30:00-04:00,25.40999984741211,25.700000762939453,25.399999618530273,25.65999984741211,9898,0.0,0.0
2024-07-26 12:30:00-04:00,25.719999313354492,25.927900314331055,25.610000610351562,25.716999053955078,17543,0.0,0.0
2024-07-26 13:30:00-04:00,25.649999618530273,25.81999969482422,25.649200439453125,25.649200439453125,5157,0.0,0.0
2024-07-26 14:30:00-04:00,25.80500030517578,26.040000915527344,25.80500030517578,26.030000686645508,20979,0.0,0.0
2024-07-26 15:30:00-04:00,25.920000076293945,26.139999389648438,25.920000076293945,26.06999969482422,10199,0.0,0.0
2024-07-29 09:30:00-04:00,26.15999984741211,26.15999984741211,25.68790054321289,26.1299991607666,3113,0.0,0.0
2024-07-29 10:30:00-04:00,25.790000915527344,26.079999923706055,25.6299991607666,26.079999923706055,12766,0.0,0.0
2024-07-29 11:30:00-04:00,26.06999969482422,26.06999969482422,25.100000381469727,25.139999389648438,19072,0.0,0.0
2024-07-29 12:30:00-04:00,25.219999313354492,25.43000030517578,25.184999465942383,25.43000030517578,4922,0.0,0.0
2024-07-29 13:30:00-04:00,25.59000015258789,25.59000015258789,25.110000610351562,25.360000610351562,7400,0.0,0.0
2024-07-29 14:30:00-04:00,25.329999923706055,25.399999618530273,25.049999237060547,25.399999618530273,13415,0.0,0.0
2024-07-29 15:30:00-04:00,25.285400390625,25.3700008392334,25.1200008392334,25.1299991607666,13710,0.0,0.0
2024-07-30 09:30:00-04:00,25.760000228881836,26.3700008392334,25.700000762939453,26.010000228881836,36672,0.0,0.0
2024-07-30 10:30:00-04:00,26.149999618530273,26.459999084472656,26.125,26.30500030517578,32508,0.0,0.0
2024-07-30 11:30:00-04:00,26.309999465942383,26.489999771118164,26.18000030517578,26.18790054321289,12269,0.0,0.0
2024-07-30 12:30:00-04:00,26.239999771118164,26.360000610351562,26.15999984741211,26.15999984741211,5985,0.0,0.0
2024-07-30 13:30:00-04:00,26.1200008392334,26.450000762939453,26.070999145507812,26.309999465942383,8554,0.0,0.0
2024-07-30 14:30:00-04:00,26.25,26.266199111938477,26.110000610351562,26.204999923706055,6960,0.0,0.0
2024-07-30 15:30:00-04:00,26.239999771118164,26.520000457763672,26.239999771118164,26.34000015258789,19856,0.0,0.0
2024-07-31 09:30:00-04:00,26.440000534057617,26.440000534057617,25.854299545288086,26.19499969482422,9928,0.0,0.0
2024-07-31 10:30:00-04:00,26.350000381469727,26.700000762939453,26.260000228881836,26.670000076293945,6205,0.0,0.0
2024-07-31 11:30:00-04:00,26.770000457763672,26.860000610351562,26.700000762939453,26.780000686645508,6699,0.0,0.0
2024-07-31 12:30:00-04:00,26.85110092163086,27.01799964904785,26.85110092163086,26.969999313354492,4013,0.0,0.0
2024-07-31 13:30:00-04:00,26.94499969482422,27.1299991607666,26.889999389648438,27.1299991607666,5002,0.0,0.0
2024-07-31 14:30:00-04:00,27.149999618530273,27.600000381469727,27.071800231933594,27.270000457763672,15380,0.0,0.0
2024-07-31 15:30:00-04:00,27.280000686645508,27.389999389648438,27.059999465942383,27.329999923706055,16396,0.0,0.0
2024-08-01 09:30:00-04:00,27.360000610351562,27.360000610351562,26.631399154663086,26.684999465942383,13107,0.0,0.0
2024-08-01 10:30:00-04:00,26.489999771118164,26.489999771118164,25.829999923706055,26.190000534057617,30323,0.0,0.0
2024-08-01 11:30:00-04:00,26.09000015258789,26.09000015258789,25.75,25.860000610351562,7606,0.0,0.0
2024-08-01 12:30:00-04:00,25.854999542236328,25.940000534057617,25.700000762939453,25.700000762939453,7622,0.0,0.0
2024-08-01 13:30:00-04:00,25.690000534057617,25.80500030517578,25.329999923706055,25.540000915527344,21949,0.0,0.0
2024-08-01 14:30:00-04:00,25.729999542236328,25.75,25.399999618530273,25.75,7520,0.0,0.0
2024-08-01 15:30:00-04:00,25.770000457763672,25.90999984741211,25.725000381469727,25.829999923706055,19331,0.0,0.0
2024-08-02 09:30:00-04:00,25.1200008392334,25.59000015258789,24.6200008392334,24.760000228881836,19871,0.0,0.0
2024-08-02 10:30:00-04:00,24.624000549316406,24.90999984741211,24.624000549316406,24.729999542236328,4171,0.0,0.0
2024-08-02 11:30:00-04:00,24.670000076293945,25.010000228881836,24.670000076293945,25.0,3786,0.0,0.0
2024-08-02 12:30:00-04:00,24.969999313354492,24.969999313354492,24.700000762939453,24.824399948120117,3804,0.0,0.0
2024-08-02 13:30:00-04:00,24.74329948425293,24.979999542236328,24.389999389648438,24.950000762939453,23329,0.0,0.0
2024-08-02 14:30:00-04:00,25.040000915527344,25.040000915527344,24.739999771118164,24.780000686645508,6431,0.0,0.0
2024-08-02 15:30:00-04:00,24.850000381469727,24.940000534057617,24.760000228881836,24.8799991607666,17732,0.0,0.0
2024-08-05 09:30:00-04:00,23.549999237060547,23.549999237060547,22.141000747680664,23.540000915527344,36988,0.0,0.0
2024-08-05 10:30:00-04:00,23.219999313354492,23.579999923706055,23.15999984741211,23.399999618530273,9960,0.0,0.0
2024-08-05 11:30:00-04:00,23.389999389648438,23.68000030517578,23.34000015258789,23.500099182128906,6507,0.0,0.0
2024-08-05 12:30:00-04:00,23.594999313354492,23.594999313354492,23.200000762939453,23.200000762939453,7408,0.0,0.0
2024-08-05 13:30:00-04:00,23.209999084472656,23.415000915527344,23.170000076293945,23.415000915527344,4788,0.0,0.0
2024-08-05 14:30:00-04:00,23.415000915527344,23.415000915527344,23.049999237060547,23.235000610351562,12046,0.0,0.0
2024-08-05 15:30:00-04:00,23.239999771118164,23.350000381469727,23.06999969482422,23.290000915527344,16519,0.0,0.0
2024-08-06 09:30:00-04:00,23.549999237060547,23.639999389648438,23.239999771118164,23.559999465942383,9507,0.0,0.0
2024-08-06 10:30:00-04:00,23.559999465942383,23.860000610351562,23.520000457763672,23.520000457763672,10539,0.0,0.0
2024-08-06 11:30:00-04:00,23.49220085144043,23.530000686645508,23.459999084472656,23.530000686645508,2499,0.0,0.0
2024-08-06 12:30:00-04:00,23.530000686645508,23.8799991607666,23.475000381469727,23.850000381469727,9012,0.0,0.0
2024-08-06 13:30:00-04:00,23.91990089416504,23.91990089416504,23.66010093688965,23.90999984741211,4672,0.0,0.0
2024-08-06 14:30:00-04:00,23.8700008392334,23.8700008392334,23.539499282836914,23.729999542236328,21016,0.0,0.0
2024-08-06 15:30:00-04:00,23.700000762939453,23.700000762939453,23.56999969482422,23.59000015258789,12588,0.0,0.0
2024-08-07 09:30:00-04:00,24.030000686645508,24.030000686645508,23.691200256347656,23.709999084472656,5864,0.0,0.0
2024-08-07 10:30:00-04:00,23.690000534057617,24.049999237060547,23.690000534057617,24.049999237060547,3276,0.0,0.0
2024-08-07 11:30:00-04:00,24.024999618530273,24.024999618530273,23.760000228881836,23.969999313354492,9627,0.0,0.0
2024-08-07 12:30:00-04:00,23.829999923706055,23.829999923706055,23.5,23.5,5002,0.0,0.0
2024-08-07 13:30:00-04:00,23.5,23.549999237060547,23.229999542236328,23.229999542236328,6241,0.0,0.0
2024-08-07 14:30:00-04:00,23.170000076293945,23.469999313354492,23.1299991607666,23.3799991607666,7670,0.0,0.0
2024-08-07 15:30:00-04:00,23.360000610351562,23.549999237060547,23.360000610351562,23.459999084472656,11871,0.0,0.0
2024-08-08 09:30:00-04:00,23.780000686645508,23.969999313354492,23.579999923706055,23.969999313354492,7705,0.0,0.0
2024-08-08 10:30:00-04:00,23.959999084472656,23.976299285888672,23.81999969482422,23.81999969482422,2552,0.0,0.0
2024-08-08 11:30:00-04:00,23.809999465942383,23.809999465942383,23.719999313354492,23.795000076293945,1878,0.0,0.0
2024-08-08 12:30:00-04:00,23.6299991607666,23.9950008392334,23.6299991607666,23.92919921875,8637,0.0,0.0
2024-08-08 13:30:00-04:00,23.940000534057617,24.07990074157715,23.850000381469727,23.850000381469727,6366,0.0,0.0
2024-08-08 14:30:00-04:00,23.885000228881836,23.94499969482422,23.770000457763672,23.825000762939453,9192,0.0,0.0
2024-08-08 15:30:00-04:00,23.809999465942383,23.899999618530273,23.729999542236328,23.809999465942383,13919,0.0,0.0
2024-08-09 09:30:00-04:00,24.510000228881836,25.625,23.809999465942383,25.229999542236328,27350,0.0,0.0
2024-08-09 10:30:00-04:00,24.825000762939453,24.825000762939453,24.290000915527344,24.75,14935,0.0,0.0
2024-08-09 11:30:00-04:00,24.625,24.90999984741211,24.149999618530273,24.149999618530273,32264,0.0,0.0
2024-08-09 12:30:00-04:00,24.149999618530273,24.700000762939453,24.079999923706055,24.540000915527344,110436,0.0,0.0
2024-08-09 13:30:00-04:00,24.389999389648438,24.950000762939453,24.350099563598633,24.66010093688965,12058,0.0,0.0
2024-08-09 14:30:00-04:00,24.66010093688965,25.399999618530273,24.65999984741211,25.200000762939453,23516,0.0,0.0
2024-08-09 15:30:00-04:00,25.219999313354492,25.225000381469727,24.770000457763672,24.809999465942383,33238,0.0,0.0
2024-08-12 09:30:00-04:00,24.760000228881836,24.760000228881836,23.670000076293945,23.864999771118164,10832,0.0,0.0
2024-08-12 10:30:00-04:00,23.829999923706055,23.829999923706055,22.86199951171875,22.979999542236328,23792,0.0,0.0
2024-08-12 11:30:00-04:00,23.18000030517578,23.200000762939453,22.8700008392334,22.8700008392334,7640,0.0,0.0
2024-08-12 12:30:00-04:00,22.82379913330078,22.860000610351562,22.579999923706055,22.735000610351562,14532,0.0,0.0
2024-08-12 13:30:00-04:00,22.790000915527344,23.157899856567383,22.540000915527344,23.139999389648438,13697,0.0,0.0
2024-08-12 14:30:00-04:00,22.950000762939453,22.959999084472656,22.700000762939453,22.700000762939453,4768,0.0,0.0
2024-08-12 15:30:00-04:00,22.719999313354492,22.8700008392334,22.520000457763672,22.770000457763672,31243,0.0,0.0
2024-08-13 09:30:00-04:00,23.049999237060547,23.399999618530273,22.690000534057617,22.989999771118164,15867,0.0,0.0
2024-08-13 10:30:00-04:00,22.950000762939453,23.170000076293945,22.920000076293945,22.934999465942383,9311,0.0,0.0
2024-08-13 11:30:00-04:00,23.0,23.100000381469727,22.940000534057617,22.989999771118164,4559,0.0,0.0
2024-08-13 12:30:00-04:00,22.899999618530273,23.40999984741211,22.899999618530273,23.40999984741211,7385,0.0,0.0
2024-08-13 13:30:00-04:00,23.309999465942383,23.40999984741211,23.270000457763672,23.270000457763672,7940,0.0,0.0
2024-08-13 14:30:00-04:00,23.278499603271484,23.278499603271484,23.25,23.2549991607666,2607,0.0,0.0
2024-08-13 15:30:00-04:00,23.31999969482422,23.489999771118164,23.299999237060547,23.420000076293945,16374,0.0,0.0
2024-08-14 09:30:00-04:00,23.479999542236328,23.65999984741211,23.15999984741211,23.65999984741211,12799,0.0,0.0
2024-08-14 10:30:00-04:00,23.65999984741211,23.65999984741211,23.309999465942383,23.309999465942383,4575,0.0,0.0
2024-08-14 11:30:00-04:00,23.459999084472656,23.600000381469727,23.15999984741211,23.229900360107422,5802,0.0,0.0
2024-08-14 12:30:00-04:00,23.229999542236328,23.420000076293945,23.049999237060547,23.360000610351562,8327,0.0,0.0
2024-08-14 13:30:00-04:00,23.364999771118164,23.479999542236328,23.364999771118164,23.479999542236328,3465,0.0,0.0
2024-08-14 14:30:00-04:00,23.479999542236328,23.559999465942383,23.350000381469727,23.350000381469727,4397,0.0,0.0
2024-08-14 15:30:00-04:00,23.450000762939453,23.489999771118164,23.350000381469727,23.3799991607666,12585,0.0,0.0
2024-08-15 09:30:00-04:00,24.010000228881836,24.010000228881836,23.69499969482422,23.760000228881836,3738,0.0,0.0
2024-08-15 10:30:00-04:00,23.8700008392334,24.024999618530273,23.81999969482422,24.024999618530273,4499,0.0,0.0
2024-08-15 11:30:00-04:00,23.93000030517578,24.057300567626953,23.770099639892578,24.057300567626953,12732,0.0,0.0
2024-08-15 12:30:00-04:00,24.094999313354492,24.094999313354492,23.990100860595703,23.990100860595703,1960,0.0,0.0
2024-08-15 13:30:00-04:00,24.219999313354492,24.229999542236328,24.139999389648438,24.219999313354492,2379,0.0,0.0
2024-08-15 14:30:00-04:00,24.260000228881836,24.268600463867188,24.149999618530273,24.18000030517578,3753,0.0,0.0
2024-08-15 15:30:00-04:00,24.186800003051758,24.186800003051758,23.969999313354492,24.0,9125,0.0,0.0
2024-08-16 09:30:00-04:00,24.030000686645508,24.329999923706055,23.930500030517578,24.329999923706055,4688,0.0,0.0
2024-08-16 10:30:00-04:00,24.165000915527344,24.290000915527344,23.959999084472656,24.15999984741211,3683,0.0,0.0
2024-08-16 11:30:00-04:00,24.170000076293945,24.405000686645508,24.135000228881836,24.405000686645508,3786,0.0,0.0
2024-08-16 12:30:00-04:00,24.449199676513672,24.540000915527344,24.34000015258789,24.540000915527344,5070,0.0,0.0
2024-08-16 13:30:00-04:00,24.549999237060547,24.579999923706055,24.389999389648438,24.420000076293945,2643,0.0,0.0
2024-08-16 14:30:00-04:00,24.43000030517578,24.510000228881836,24.309999465942383,24.309999465942383,3283,0.0,0.0
2024-08-16 15:30:00-04:00,24.350000381469727,24.549999237060547,24.290000915527344,24.549999237060547,23732,0.0,0.0
2024-08-19 09:30:00-04:00,24.479999542236328,24.860000610351562,24.450000762939453,24.510000228881836,22053,0.0,0.0
2024-08-19 10:30:00-04:00,24.545000076293945,24.940000534057617,24.545000076293945,24.80500030517578,16266,0.0,0.0
2024-08-19 11:30:00-04:00,24.854999542236328,24.8700008392334,24.709999084472656,24.795400619506836,3549,0.0,0.0
2024-08-19 12:30:00-04:00,24.739999771118164,24.739999771118164,24.610000610351562,24.684999465942383,3149,0.0,0.0
2024-08-19 13:30:00-04:00,24.650100708007812,24.700000762939453,24.6200008392334,24.68000030517578,4886,0.0,0.0
2024-08-19 14:30:00-04:00,24.68000030517578,24.75,24.670000076293945,24.709999084472656,7990,0.0,0.0
2024-08-19 15:30:00-04:00,24.709999084472656,24.809999465942383,24.604999542236328,24.780000686645508,17011,0.0,0.0
2024-08-20 09:30:00-04:00,24.8799991607666,24.885000228881836,24.600000381469727,24.670000076293945,2600,0.0,0.0
2024-08-20 10:30:00-04:00,24.6299991607666,24.655000686645508,24.545000076293945,24.649999618530273,3435,0.0,0.0
2024-08-20 11:30:00-04:00,24.540000915527344,24.68000030517578,24.510000228881836,24.510000228881836,8160,0.0,0.0
2024-08-20 12:30:00-04:00,24.575000762939453,24.575000762939453,24.459999084472656,24.549999237060547,5092,0.0,0.0
2024-08-20 13:30:00-04:00,24.540000915527344,24.59000015258789,24.5,24.59000015258789,3209,0.0,0.0
2024-08-20 14:30:00-04:00,24.559999465942383,24.610000610351562,24.520000457763672,24.610000610351562,1634,0.0,0.0
2024-08-20 15:30:00-04:00,24.575000762939453,24.770000457763672,24.540000915527344,24.700000762939453,28958,0.0,0.0
2024-08-21 09:30:00-04:00,24.989999771118164,24.989999771118164,24.239999771118164,24.354299545288086,0,0.0,0.0
2024-08-21 10:30:00-04:00,24.479999542236328,24.549999237060547,24.3700008392334,24.454999923706055,6039,0.0,0.0
2024-08-21 11:30:00-04:00,24.46500015258789,24.479999542236328,24.3799991607666,24.479999542236328,2341,0.0,0.0
2024-08-21 12:30:00-04:00,24.489999771118164,24.6200008392334,24.43000030517578,24.600000381469727,7219,0.0,0.0
2024-08-21 13:30:00-04:00,24.584999084472656,24.584999084472656,24.520000457763672,24.530000686645508,3365,0.0,0.0
2024-08-21 14:30:00-04:00,24.5,24.509899139404297,24.440000534057617,24.4950008392334,4462,0.0,0.0
2024-08-21 15:30:00-04:00,24.559999465942383,24.739999771118164,24.520000457763672,24.719999313354492,15531,0.0,0.0
2024-08-22 09:30:00-04:00,24.760000228881836,24.760000228881836,24.459999084472656,24.559999465942383,5568,0.0,0.0
2024-08-22 10:30:00-04:00,24.600000381469727,24.665000915527344,24.524999618530273,24.524999618530273,5533,0.0,0.0
2024-08-22 11:30:00-04:00,24.56999969482422,24.59000015258789,24.420000076293945,24.570600509643555,4658,0.0,0.0
2024-08-22 12:30:00-04:00,24.56999969482422,24.649999618530273,24.540000915527344,24.645000457763672,5400,0.0,0.0
2024-08-22 13:30:00-04:00,24.665000915527344,24.75,24.520000457763672,24.71500015258789,24192,0.0,0.0
2024-08-22 14:30:00-04:00,24.682600021362305,24.834999084472656,24.649999618530273,24.649999618530273,7011,0.0,0.0
2024-08-22 15:30:00-04:00,24.65999984741211,24.670000076293945,24.549999237060547,24.600000381469727,10502,0.0,0.0
2024-08-23 09:30:00-04:00,24.959999084472656,25.139999389648438,24.549999237060547,25.139999389648438,19882,0.0,0.0
2024-08-23 10:30:00-04:00,25.15999984741211,25.190000534057617,24.787200927734375,25.15999984741211,14214,0.0,0.0
2024-08-23 11:30:00-04:00,25.184999465942383,25.280000686645508,25.030000686645508,25.120100021362305,6529,0.0,0.0
2024-08-23 12:30:00-04:00,25.135000228881836,25.229999542236328,25.06999969482422,25.15999984741211,3356,0.0,0.0
2024-08-23 13:30:00-04:00,25.200000762939453,25.209999084472656,25.030000686645508,25.059999465942383,2862,0.0,0.0
2024-08-23 14:30:00-04:00,25.09000015258789,25.100000381469727,25.020000457763672,25.079999923706055,5507,0.0,0.0
2024-08-23 15:30:00-04:00,25.059999465942383,25.260000228881836,25.059999465942383,25.200000762939453,11124,0.0,0.0
2024-08-26 09:30:00-04:00,25.43000030517578,25.43000030517578,24.8799991607666,25.135000228881836,4362,0.0,0.0
2024-08-26 10:30:00-04:00,25.145000457763672,25.25,25.0,25.014999389648438,3405,0.0,0.0
2024-08-26 11:30:00-04:00,24.979999542236328,25.270000457763672,24.979999542236328,25.270000457763672,3484,0.0,0.0
2024-08-26 12:30:00-04:00,25.289899826049805,25.530000686645508,25.2450008392334,25.510000228881836,3321,0.0,0.0
2024-08-26 13:30:00-04:00,25.40999984741211,25.440000534057617,25.260000228881836,25.40999984741211,3961,0.0,0.0
2024-08-26 14:30:00-04:00,25.329999923706055,25.40999984741211,25.239999771118164,25.34000015258789,2526,0.0,0.0
2024-08-26 15:30:00-04:00,25.364999771118164,25.364999771118164,24.969999313354492,25.18000030517578,16841,0.0,0.0
2024-08-27 09:30:00-04:00,25.079999923706055,25.110000610351562,24.95599937438965,25.100000381469727,2778,0.0,0.0
2024-08-27 10:30:00-04:00,25.21500015258789,25.559999465942383,25.21500015258789,25.44499969482422,2483,0.0,0.0
2024-08-27 11:30:00-04:00,25.31999969482422,25.40999984741211,25.299999237060547,25.299999237060547,2256,0.0,0.0
2024-08-27 12:30:00-04:00,25.434999465942383,25.75,25.434999465942383,25.709999084472656,5542,0.0,0.0
2024-08-27 13:30:00-04:00,25.809999465942383,25.809999465942383,25.59000015258789,25.59000015258789,5575,0.0,0.0
2024-08-27 14:30:00-04:00,25.55500030517578,25.6200008392334,25.459999084472656,25.530000686645508,3189,0.0,0.0
2024-08-27 15:30:00-04:00,25.489999771118164,25.6200008392334,25.44499969482422,25.579999923706055,16691,0.0,0.0
2024-08-28 09:30:00-04:00,25.56999969482422,25.799999237060547,24.8700008392334,25.700000762939453,8113,0.0,0.0
2024-08-28 10:30:00-04:00,25.75,25.979999542236328,25.69230079650879,25.69230079650879,4606,0.0,0.0
2024-08-28 11:30:00-04:00,25.600000381469727,25.700000762939453,25.577800750732422,25.577800750732422,2237,0.0,0.0
2024-08-28 12:30:00-04:00,25.579999923706055,25.729999542236328,25.530000686645508,25.700000762939453,2571,0.0,0.0
2024-08-28 13:30:00-04:00,25.56999969482422,25.739999771118164,25.56999969482422,25.68000030517578,2742,0.0,0.0
2024-08-28 14:30:00-04:00,25.625,25.83989906311035,25.625,25.799999237060547,8843,0.0,0.0
2024-08-28 15:30:00-04:00,25.80500030517578,25.899999618530273,25.739999771118164,25.760000228881836,20290,0.0,0.0
2024-08-29 09:30:00-04:00,25.93000030517578,25.93000030517578,25.209999084472656,25.360000610351562,7200,0.0,0.0
2024-08-29 10:30:00-04:00,25.364999771118164,25.739999771118164,25.350000381469727,25.739999771118164,9448,0.0,0.0
2024-08-29 11:30:00-04:00,25.790000915527344,25.790000915527344,25.690000534057617,25.690000534057617,5694,0.0,0.0
2024-08-29 12:30:00-04:00,25.59000015258789,25.71500015258789,25.59000015258789,25.71500015258789,4327,0.0,0.0
2024-08-29 13:30:00-04:00,25.719999313354492,25.90999984741211,25.639999389648438,25.815000534057617,8463,0.0,0.0
2024-08-29 14:30:00-04:00,25.739999771118164,25.889999389648438,25.60700035095215,25.8799991607666,13438,0.0,0.0
2024-08-29 15:30:00-04:00,25.850000381469727,26.020000457763672,25.81999969482422,26.010000228881836,23201,0.0,0.0
2024-08-30 09:30:00-04:00,26.100000381469727,26.34000015258789,26.030000686645508,26.200000762939453,2156,0.0,0.0
2024-08-30 10:30:00-04:00,26.229999542236328,26.270000457763672,26.170000076293945,26.18000030517578,1590,0.0,0.0
2024-08-30 11:30:00-04:00,26.190000534057617,26.364999771118164,26.18000030517578,26.30500030517578,4139,0.0,0.0
2024-08-30 12:30:00-04:00,26.30500030517578,26.3700008392334,26.260000228881836,26.280000686645508,2981,0.0,0.0
2024-08-30 13:30:00-04:00,26.25,26.3700008392334,26.200000762939453,26.325000762939453,3478,0.0,0.0
2024-08-30 14:30:00-04:00,26.325000762939453,26.489999771118164,26.280000686645508,26.420000076293945,6430,0.0,0.0
2024-08-30 15:30:00-04:00,26.489999771118164,26.639999389648438,26.440000534057617,26.6200008392334,10069,0.0,0.0
2024-09-03 09:30:00-04:00,26.780000686645508,26.780000686645508,26.399999618530273,26.399999618530273,3698,0.0,0.0
2024-09-03 10:30:00-04:00,26.290000915527344,26.530000686645508,26.238000869750977,26.520000457763672,3833,0.0,0.0
2024-09-03 11:30:00-04:00,26.549999237060547,26.56999969482422,26.1200008392334,26.125,5582,0.0,0.0
2024-09-03 12:30:00-04:00,26.18000030517578,26.200000762939453,25.989999771118164,26.18000030517578,5486,0.0,0.0
2024-09-03 13:30:00-04:00,26.200000762939453,26.200000762939453,26.020000457763672,26.079999923706055,7063,0.0,0.0
2024-09-03 14:30:00-04:00,26.079999923706055,26.08989906311035,25.885000228881836,26.030000686645508,11475,0.0,0.0
2024-09-03 15:30:00-04:00,26.010000228881836,26.1299991607666,25.940000534057617,26.110000610351562,16073,0.0,0.0
2024-09-04 09:30:00-04:00,25.940000534057617,26.360000610351562,25.690000534057617,26.360000610351562,5370,0.0,0.0
2024-09-04 10:30:00-04:00,26.26799964904785,26.524999618530273,26.229999542236328,26.329999923706055,2447,0.0,0.0
2024-09-04 11:30:00-04:00,26.190000534057617,26.440000534057617,26.190000534057617,26.309999465942383,2935,0.0,0.0
2024-09-04 12:30:00-04:00,26.329999923706055,26.360000610351562,26.264999389648438,26.360000610351562,2760,0.0,0.0
2024-09-04 13:30:00-04:00,26.239999771118164,26.309999465942383,26.184999465942383,26.309999465942383,5102,0.0,0.0
2024-09-04 14:30:00-04:00,26.329999923706055,26.350000381469727,26.1200008392334,26.329999923706055,5319,0.0,0.0
2024-09-04 15:30:00-04:00,26.25,26.399999618530273,26.170000076293945,26.31999969482422,12949,0.0,0.0
2024-09-05 09:30:00-04:00,26.360000610351562,27.069900512695312,26.309999465942383,26.901899337768555,29128,0.0,0.0
2024-09-05 10:30:00-04:00,27.010000228881836,27.709999084472656,26.899999618530273,27.540000915527344,31152,0.0,0.0
2024-09-05 11:30:00-04:00,27.540000915527344,28.308000564575195,27.350000381469727,28.135000228881836,24881,0.0,0.0
2024-09-05 12:30:00-04:00,27.979999542236328,28.1299991607666,27.59000015258789,27.719999313354492,25301,0.0,0.0
2024-09-05 13:30:00-04:00,27.690000534057617,27.81999969482422,27.5,27.610000610351562,22454,0.0,0.0
2024-09-05 14:30:00-04:00,27.6200008392334,27.84000015258789,27.489999771118164,27.524999618530273,27431,0.0,0.0
2024-09-05 15:30:00-04:00,27.524999618530273,27.68000030517578,27.3700008392334,27.469999313354492,24175,0.0,0.0
2024-09-06 09:30:00-04:00,27.469999313354492,27.719999313354492,26.860000610351562,26.860000610351562,12593,0.0,0.0
2024-09-06 10:30:00-04:00,26.875,26.875,26.399999618530273,26.469999313354492,9696,0.0,0.0
2024-09-06 11:30:00-04:00,26.40999984741211,26.56999969482422,26.340099334716797,26.3799991607666,7009,0.0,0.0
2024-09-06 12:30:00-04:00,26.34000015258789,26.540000915527344,26.299999237060547,26.5049991607666,5667,0.0,0.0
2024-09-06 13:30:00-04:00,26.40999984741211,26.459999084472656,26.149999618530273,26.18000030517578,4193,0.0,0.0
2024-09-06 14:30:00-04:00,26.200000762939453,26.40999984741211,26.110000610351562,26.290000915527344,9501,0.0,0.0
2024-09-06 15:30:00-04:00,26.34000015258789,26.43000030517578,26.239999771118164,26.43000030517578,14505,0.0,0.0
2024-09-09 09:30:00-04:00,26.549999237060547,26.84000015258789,26.200000762939453,26.579999923706055,7846,0.0,0.0
2024-09-09 10:30:00-04:00,26.719999313354492,26.889999389648438,26.540000915527344,26.6200008392334,6172,0.0,0.0
2024-09-09 11:30:00-04:00,26.639999389648438,26.789899826049805,26.469999313354492,26.789899826049805,5212,0.0,0.0
2024-09-09 12:30:00-04:00,26.641300201416016,26.790000915527344,26.63010025024414,26.729999542236328,5300,0.0,0.0
2024-09-09 13:30:00-04:00,26.59000015258789,26.600000381469727,26.450000762939453,26.45009994506836,6405,0.0,0.0
2024-09-09 14:30:00-04:00,26.549999237060547,26.549999237060547,26.450000762939453,26.510000228881836,6951,0.0,0.0
2024-09-09 15:30:00-04:00,26.479999542236328,26.5,26.309999465942383,26.309999465942383,15503,0.0,0.0
2024-09-10 09:30:00-04:00,26.329999923706055,26.5,26.059999465942383,26.459999084472656,4191,0.0,0.0
2024-09-10 10:30:00-04:00,26.315000534057617,26.600000381469727,26.315000534057617,26.600000381469727,3916,0.0,0.0
2024-09-10 11:30:00-04:00,26.510000228881836,26.600000381469727,26.420000076293945,26.549999237060547,7318,0.0,0.0
2024-09-10 12:30:00-04:00,26.559999465942383,26.729999542236328,26.540000915527344,26.579999923706055,7377,0.0,0.0
2024-09-10 13:30:00-04:00,26.530000686645508,26.75,26.489999771118164,26.75,4705,0.0,0.0
2024-09-10 14:30:00-04:00,26.739999771118164,26.829999923706055,26.700000762939453,26.799999237060547,5875,0.0,0.0
2024-09-10 15:30:00-04:00,26.809999465942383,26.93000030517578,26.780000686645508,26.899999618530273,13647,0.0,0.0
2024-09-11 09:30:00-04:00,26.899999618530273,26.899999618530273,26.440099716186523,26.520000457763672,2733,0.0,0.0
2024-09-11 10:30:00-04:00,26.434999465942383,26.670000076293945,26.415000915527344,26.670000076293945,5005,0.0,0.0
2024-09-11 11:30:00-04:00,26.68000030517578,26.799999237060547,26.6299991607666,26.790000915527344,3703,0.0,0.0
2024-09-11 12:30:00-04:00,26.799999237060547,26.899999618530273,26.739999771118164,26.860000610351562,3042,0.0,0.0
2024-09-11 13:30:00-04:00,26.760000228881836,26.950000762939453,26.760000228881836,26.950000762939453,4092,0.0,0.0
2024-09-11 14:30:00-04:00,27.0,27.15999984741211,26.8799991607666,27.09000015258789,7649,0.0,0.0
2024-09-11 15:30:00-04:00,27.010000228881836,27.270000457763672,26.979999542236328,27.260000228881836,20601,0.0,0.0
2024-09-12 09:30:00-04:00,27.520000457763672,28.08919906616211,27.360000610351562,28.08919906616211,8751,0.0,0.0
2024-09-12 10:30:00-04:00,27.88629913330078,28.11989974975586,27.704999923706055,27.975000381469727,8491,0.0,0.0
2024-09-12 11:30:00-04:00,27.85409927368164,27.85409927368164,27.399999618530273,27.43000030517578,7735,0.0,0.0
2024-09-12 12:30:00-04:00,27.395000457763672,27.860000610351562,27.395000457763672,27.689899444580078,4240,0.0,0.0
2024-09-12 13:30:00-04:00,27.604999542236328,27.9153995513916,27.604999542236328,27.844999313354492,5224,0.0,0.0
2024-09-12 14:30:00-04:00,27.780000686645508,27.920000076293945,27.704999923706055,27.87350082397461,4920,0.0,0.0
2024-09-12 15:30:00-04:00,27.8700008392334,27.940000534057617,27.809999465942383,27.889999389648438,10920,0.0,0.0
2024-09-13 09:30:00-04:00,28.059999465942383,28.610000610351562,28.059999465942383,28.411300659179688,8026,0.0,0.0
2024-09-13 10:30:00-04:00,28.200000762939453,28.655000686645508,28.170000076293945,28.655000686645508,4330,0.0,0.0
2024-09-13 11:30:00-04:00,28.655000686645508,28.959999084472656,28.639999389648438,28.920000076293945,14960,0.0,0.0
2024-09-13 12:30:00-04:00,28.979999542236328,29.135000228881836,28.899999618530273,29.1299991607666,10131,0.0,0.0
2024-09-13 13:30:00-04:00,29.139999389648438,29.360000610351562,28.84000015258789,28.84000015258789,14365,0.0,0.0
2024-09-13 14:30:00-04:00,28.84000015258789,28.8700008392334,28.530000686645508,28.559999465942383,11334,0.0,0.0
2024-09-13 15:30:00-04:00,28.530000686645508,28.650100708007812,28.25,28.6299991607666,18514,0.0,0.0
2024-09-16 09:30:00-04:00,28.780000686645508,29.34000015258789,28.770000457763672,29.100000381469727,8674,0.0,0.0
2024-09-16 10:30:00-04:00,28.989999771118164,29.100000381469727,28.969999313354492,29.09000015258789,5276,0.0,0.0
2024-09-16 11:30:00-04:00,29.079999923706055,29.360000610351562,28.899999618530273,29.360000610351562,10592,0.0,0.0
2024-09-16 12:30:00-04:00,29.360000610351562,29.489999771118164,29.309999465942383,29.309999465942383,3727,0.0,0.0
2024-09-16 13:30:00-04:00,29.299999237060547,29.31999969482422,29.235000610351562,29.290000915527344,5854,0.0,0.0
2024-09-16 14:30:00-04:00,29.280000686645508,29.420000076293945,29.209999084472656,29.209999084472656,4552,0.0,0.0
2024-09-16 15:30:00-04:00,29.239999771118164,29.364999771118164,29.219999313354492,29.31999969482422,12185,0.0,0.0
2024-09-17 09:30:00-04:00,29.709999084472656,29.742399215698242,29.190099716186523,29.299999237060547,10823,0.0,0.0
2024-09-17 10:30:00-04:00,29.325000762939453,29.690000534057617,29.260099411010742,29.657899856567383,6634,0.0,0.0
2024-09-17 11:30:00-04:00,29.670000076293945,29.670000076293945,29.329999923706055,29.329999923706055,6623,0.0,0.0
2024-09-17 12:30:00-04:00,29.329999923706055,29.329999923706055,28.934099197387695,29.125,9521,0.0,0.0
2024-09-17 13:30:00-04:00,29.237899780273438,29.237899780273438,29.059999465942383,29.139999389648438,5185,0.0,0.0
2024-09-17 14:30:00-04:00,29.1299991607666,29.315000534057617,29.1299991607666,29.229999542236328,4572,0.0,0.0
2024-09-17 15:30:00-04:00,29.219999313354492,29.40999984741211,29.219999313354492,29.31999969482422,11406,0.0,0.0
2024-09-18 09:30:00-04:00,29.375,29.530000686645508,29.309999465942383,29.489999771118164,5161,0.0,0.0
2024-09-18 10:30:00-04:00,29.437000274658203,29.559999465942383,29.360000610351562,29.55500030517578,2702,0.0,0.0
2024-09-18 11:30:00-04:00,29.5,29.53499984741211,29.299999237060547,29.299999237060547,3779,0.0,0.0
2024-09-18 12:30:00-04:00,29.270000457763672,29.271099090576172,29.260000228881836,29.264999389648438,1847,0.0,0.0
2024-09-18 13:30:00-04:00,29.360000610351562,30.170000076293945,29.280000686645508,30.170000076293945,72148,0.0,0.0
2024-09-18 14:30:00-04:00,30.19499969482422,30.315000534057617,29.913299560546875,29.989999771118164,14396,0.0,0.0
2024-09-18 15:30:00-04:00,30.020000457763672,30.020000457763672,29.229999542236328,29.270000457763672,28254,0.0,0.0
2024-09-19 09:30:00-04:00,29.809999465942383,29.88990020751953,28.959999084472656,29.684999465942383,14617,0.0,0.0
2024-09-19 10:30:00-04:00,29.8799991607666,29.899999618530273,29.315000534057617,29.34000015258789,9070,0.0,0.0
2024-09-19 11:30:00-04:00,29.549999237060547,29.584999084472656,29.450000762939453,29.510000228881836,3350,0.0,0.0
2024-09-19 12:30:00-04:00,29.389799118041992,29.53499984741211,29.350000381469727,29.450000762939453,4142,0.0,0.0
2024-09-19 13:30:00-04:00,29.440000534057617,29.540000915527344,29.360000610351562,29.469999313354492,6875,0.0,0.0
2024-09-19 14:30:00-04:00,29.469999313354492,29.520000457763672,29.280000686645508,29.334999084472656,13081,0.0,0.0
2024-09-19 15:30:00-04:00,29.299999237060547,29.459999084472656,29.110000610351562,29.219999313354492,29665,0.0,0.0
2024-09-20 09:30:00-04:00,28.989999771118164,29.06999969482422,28.739999771118164,28.959999084472656,24829,0.0,0.0
2024-09-20 10:30:00-04:00,28.920000076293945,29.020000457763672,28.670000076293945,28.719999313354492,6476,0.0,0.0
2024-09-20 11:30:00-04:00,28.65999984741211,28.90999984741211,28.65999984741211,28.84000015258789,2004,0.0,0.0
2024-09-20 12:30:00-04:00,28.834999084472656,28.90999984741211,28.74250030517578,28.90999984741211,6468,0.0,0.0
2024-09-20 13:30:00-04:00,28.790000915527344,29.100000381469727,28.719999313354492,28.969999313354492,9363,0.0,0.0
2024-09-20 14:30:00-04:00,28.979999542236328,28.979999542236328,28.84000015258789,28.950000762939453,10816,0.0,0.0
2024-09-20 15:30:00-04:00,28.889999389648438,29.0,28.34000015258789,28.34000015258789,41711,0.0,0.0
2024-09-23 09:30:00-04:00,28.309999465942383,28.719999313354492,28.060100555419922,28.60700035095215,13304,0.0,0.0
2024-09-23 10:30:00-04:00,28.56999969482422,28.639999389648438,27.989999771118164,28.260000228881836,9454,0.0,0.0
2024-09-23 11:30:00-04:00,28.225000381469727,28.469999313354492,28.100000381469727,28.315000534057617,19345,0.0,0.0
2024-09-23 12:30:00-04:00,28.315000534057617,28.34000015258789,28.100000381469727,28.270000457763672,12487,0.0,0.0
2024-09-23 13:30:00-04:00,28.325000762939453,28.489999771118164,28.309999465942383,28.43000030517578,8312,0.0,0.0
2024-09-23 14:30:00-04:00,28.489999771118164,28.68000030517578,28.43000030517578,28.609800338745117,13051,0.0,0.0
2024-09-23 15:30:00-04:00,28.6200008392334,28.690000534057617,28.540000915527344,28.65999984741211,23657,0.0,0.0
2024-09-24 09:30:00-04:00,28.600000381469727,28.94499969482422,28.424999237060547,28.4950008392334,7191,0.0,0.0
2024-09-24 10:30:00-04:00,28.5,28.559999465942383,28.239999771118164,28.315000534057617,9659,0.0,0.0
2024-09-24 11:30:00-04:00,28.31999969482422,28.3799991607666,28.229999542236328,28.290000915527344,4887,0.0,0.0
2024-09-24 12:30:00-04:00,28.290000915527344,28.3799991607666,28.200000762939453,28.200000762939453,5493,0.0,0.0
2024-09-24 13:30:00-04:00,28.197999954223633,28.204999923706055,28.030000686645508,28.049999237060547,8710,0.0,0.0
2024-09-24 14:30:00-04:00,28.010000228881836,28.024999618530273,27.920000076293945,27.920000076293945,8668,0.0,0.0
2024-09-24 15:30:00-04:00,27.90999984741211,27.950000762939453,27.770000457763672,27.780000686645508,19195,0.0,0.0
2024-09-25 09:30:00-04:00,27.540000915527344,27.863500595092773,27.309999465942383,27.795000076293945,15333,0.0,0.0
2024-09-25 10:30:00-04:00,27.84000015258789,28.06999969482422,27.709999084472656,27.940000534057617,6429,0.0,0.0
2024-09-25 11:30:00-04:00,27.989999771118164,28.09000015258789,27.934999465942383,28.003299713134766,4534,0.0,0.0
2024-09-25 12:30:00-04:00,28.020000457763672,28.030000686645508,27.889999389648438,27.940000534057617,5521,0.0,0.0
2024-09-25 13:30:00-04:00,27.8799991607666,28.118900299072266,27.8799991607666,28.09000015258789,5758,0.0,0.0
2024-09-25 14:30:00-04:00,28.1200008392334,28.184999465942383,28.059999465942383,28.1299991607666,4457,0.0,0.0
2024-09-25 15:30:00-04:00,28.139999389648438,28.299999237060547,28.1299991607666,28.270000457763672,16304,0.0,0.0
2024-09-26 09:30:00-04:00,28.43000030517578,28.84000015258789,28.06999969482422,28.125,10864,0.0,0.0
2024-09-26 10:30:00-04:00,28.1200008392334,28.280000686645508,27.829999923706055,27.959999084472656,9048,0.0,0.0
2024-09-26 11:30:00-04:00,27.8799991607666,28.040000915527344,27.850000381469727,27.860000610351562,5450,0.0,0.0
2024-09-26 12:30:00-04:00,27.78689956665039,27.834999084472656,27.719999313354492,27.7450008392334,4117,0.0,0.0
2024-09-26 13:30:00-04:00,27.739999771118164,27.7549991607666,27.71500015258789,27.729999542236328,5194,0.0,0.0
2024-09-26 14:30:00-04:00,27.760000228881836,27.8700008392334,27.7450008392334,27.854999542236328,4332,0.0,0.0
2024-09-26 15:30:00-04:00,27.75,27.75,27.579999923706055,27.579999923706055,15062,0.0,0.0
2024-09-27 09:30:00-04:00,28.229999542236328,28.229999542236328,27.729999542236328,28.049999237060547,17354,0.0,0.0
2024-09-27 10:30:00-04:00,28.128799438476562,28.34000015258789,28.049999237060547,28.34000015258789,4621,0.0,0.0
2024-09-27 11:30:00-04:00,28.354999542236328,28.469999313354492,27.81999969482422,27.81999969482422,5134,0.0,0.0
2024-09-27 12:30:00-04:00,27.729999542236328,27.8799991607666,27.68000030517578,27.68000030517578,7444,0.0,0.0
2024-09-27 13:30:00-04:00,27.795000076293945,27.940000534057617,27.68000030517578,27.700000762939453,6782,0.0,0.0
2024-09-27 14:30:00-04:00,27.6294002532959,27.93000030517578,27.6294002532959,27.84000015258789,5229,0.0,0.0
2024-09-27 15:30:00-04:00,27.84000015258789,27.967599868774414,27.84000015258789,27.889999389648438,10997,0.0,0.0
