Datetime,Open,High,Low,Close,Volume,Dividends,Stock Splits
2022-09-29 09:30:00-04:00,0.7599999904632568,0.7799999713897705,0.7599999904632568,0.7760999798774719,33228,0.0,0.0
2022-09-29 10:30:00-04:00,0.7649999856948853,0.7760000228881836,0.7609999775886536,0.7749000191688538,29086,0.0,0.0
2022-09-29 11:30:00-04:00,0.7746000289916992,0.7748000025749207,0.7311000227928162,0.732200026512146,48579,0.0,0.0
2022-09-29 12:30:00-04:00,0.7386999726295471,0.7599999904632568,0.7301999926567078,0.7595000267028809,66434,0.0,0.0
2022-09-29 13:30:00-04:00,0.7595000267028809,0.7595000267028809,0.7350000143051147,0.744700014591217,18309,0.0,0.0
2022-09-29 14:30:00-04:00,0.7445999979972839,0.7541999816894531,0.7301999926567078,0.7539989948272705,39894,0.0,0.0
2022-09-29 15:30:00-04:00,0.75,0.7598999738693237,0.7400000095367432,0.7401000261306763,14982,0.0,0.0
2022-09-30 09:30:00-04:00,0.7400000095367432,0.7486000061035156,0.699999988079071,0.7458000183105469,60501,0.0,0.0
2022-09-30 10:30:00-04:00,0.7114999890327454,0.7440710067749023,0.7114999890327454,0.7350999712944031,25642,0.0,0.0
2022-09-30 11:30:00-04:00,0.7498999834060669,0.761900007724762,0.7401000261306763,0.7501000165939331,26268,0.0,0.0
2022-09-30 12:30:00-04:00,0.75,0.7601990103721619,0.7450000047683716,0.7505000233650208,40539,0.0,0.0
2022-09-30 13:30:00-04:00,0.7505000233650208,0.7552000284194946,0.7450000047683716,0.7500010132789612,51690,0.0,0.0
2022-09-30 14:30:00-04:00,0.7522000074386597,0.7542999982833862,0.7350999712944031,0.7350999712944031,0,0.0,0.0
2022-09-30 15:30:00-04:00,0.7389000058174133,0.7389000058174133,0.722100019454956,0.722100019454956,291869,0.0,0.0
2022-10-03 09:30:00-04:00,0.7398999929428101,0.7398999929428101,0.7121999859809875,0.7210000157356262,36899,0.0,0.0
2022-10-03 10:30:00-04:00,0.7210000157356262,0.75,0.7182999849319458,0.7202000021934509,63731,0.0,0.0
2022-10-03 11:30:00-04:00,0.7300000190734863,0.7493000030517578,0.7300000190734863,0.7350500226020813,5746,0.0,0.0
2022-10-03 12:30:00-04:00,0.7348999977111816,0.7487999796867371,0.7307000160217285,0.7476999759674072,13505,0.0,0.0
2022-10-03 13:30:00-04:00,0.7396000027656555,0.7476999759674072,0.7232000231742859,0.7297999858856201,48116,0.0,0.0
2022-10-03 14:30:00-04:00,0.7297999858856201,0.7303000092506409,0.7172999978065491,0.7297000288963318,26070,0.0,0.0
2022-10-03 15:30:00-04:00,0.7200999855995178,0.73089998960495,0.6923999786376953,0.6926000118255615,95237,0.0,0.0
2022-10-04 09:30:00-04:00,0.7095999717712402,0.7511000037193298,0.7095999717712402,0.7269999980926514,91086,0.0,0.0
2022-10-04 10:30:00-04:00,0.7269999980926514,0.7598999738693237,0.7269999980926514,0.7441999912261963,108156,0.0,0.0
2022-10-04 11:30:00-04:00,0.7441999912261963,0.7511000037193298,0.7354000210762024,0.7401999831199646,47784,0.0,0.0
2022-10-04 12:30:00-04:00,0.7401999831199646,0.7443000078201294,0.7401999831199646,0.7404000163078308,22946,0.0,0.0
2022-10-04 13:30:00-04:00,0.7404000163078308,0.754800021648407,0.7376000285148621,0.7401000261306763,35138,0.0,0.0
2022-10-04 14:30:00-04:00,0.7401000261306763,0.7448999881744385,0.7371000051498413,0.7401999831199646,17573,0.0,0.0
2022-10-04 15:30:00-04:00,0.7425510287284851,0.7450000047683716,0.7269999980926514,0.7317000031471252,90587,0.0,0.0
2022-10-05 09:30:00-04:00,0.7213000059127808,0.7549989819526672,0.7213000059127808,0.7549989819526672,14207,0.0,0.0
2022-10-05 10:30:00-04:00,0.7549999952316284,0.7918999791145325,0.7483999729156494,0.7782999873161316,77599,0.0,0.0
2022-10-05 11:30:00-04:00,0.7738000154495239,0.8299999833106995,0.7738000154495239,0.8050000071525574,78953,0.0,0.0
2022-10-05 12:30:00-04:00,0.8051000237464905,0.8130999803543091,0.8050000071525574,0.8050000071525574,16229,0.0,0.0
2022-10-05 13:30:00-04:00,0.807449996471405,0.8281999826431274,0.8050000071525574,0.8050000071525574,40021,0.0,0.0
2022-10-05 14:30:00-04:00,0.8050000071525574,0.8098999857902527,0.800000011920929,0.800000011920929,17228,0.0,0.0
2022-10-05 15:30:00-04:00,0.800000011920929,0.8101009726524353,0.800000011920929,0.8101000189781189,49720,0.0,0.0
2022-10-06 09:30:00-04:00,0.8199999928474426,0.8199999928474426,0.800000011920929,0.800000011920929,14342,0.0,0.0
2022-10-06 10:30:00-04:00,0.8100000023841858,0.8148999810218811,0.800000011920929,0.800000011920929,7707,0.0,0.0
2022-10-06 11:30:00-04:00,0.8049499988555908,0.8050000071525574,0.7716000080108643,0.7716000080108643,31673,0.0,0.0
2022-10-06 12:30:00-04:00,0.78329998254776,0.78329998254776,0.7699999809265137,0.7795000076293945,5809,0.0,0.0
2022-10-06 13:30:00-04:00,0.7747499942779541,0.7792999744415283,0.7694500088691711,0.7694500088691711,26403,0.0,0.0
2022-10-06 14:30:00-04:00,0.7694500088691711,0.7748000025749207,0.7694000005722046,0.7700999975204468,28840,0.0,0.0
2022-10-06 15:30:00-04:00,0.7723000049591064,0.7746000289916992,0.7710000276565552,0.7738999724388123,40068,0.0,0.0
2022-10-07 09:30:00-04:00,0.7998999953269958,0.7998999953269958,0.7601000070571899,0.760200023651123,8163,0.0,0.0
2022-10-07 10:30:00-04:00,0.760200023651123,0.7789999842643738,0.760200023651123,0.7649999856948853,9557,0.0,0.0
2022-10-07 11:30:00-04:00,0.7651000022888184,0.7696999907493591,0.7400000095367432,0.75,54261,0.0,0.0
2022-10-07 12:30:00-04:00,0.75,0.7587000131607056,0.7450000047683716,0.7501999735832214,14308,0.0,0.0
2022-10-07 13:30:00-04:00,0.746999979019165,0.7501000165939331,0.746999979019165,0.75,10871,0.0,0.0
2022-10-07 14:30:00-04:00,0.7450000047683716,0.7508999705314636,0.7276999950408936,0.7277010083198547,47187,0.0,0.0
2022-10-07 15:30:00-04:00,0.7226999998092651,0.7299000024795532,0.6983000040054321,0.6990000009536743,96063,0.0,0.0
2022-10-10 09:30:00-04:00,0.699999988079071,0.7161999940872192,0.699999988079071,0.7050999999046326,25890,0.0,0.0
2022-10-10 10:30:00-04:00,0.7052000164985657,0.7250999808311462,0.7052000164985657,0.7059999704360962,8900,0.0,0.0
2022-10-10 11:30:00-04:00,0.699999988079071,0.720300018787384,0.699999988079071,0.7055000066757202,5408,0.0,0.0
2022-10-10 12:30:00-04:00,0.7128000259399414,0.715499997138977,0.671999990940094,0.7044000029563904,95066,0.0,0.0
2022-10-10 13:30:00-04:00,0.7149999737739563,0.7161999940872192,0.7099999785423279,0.7099999785423279,8102,0.0,0.0
2022-10-10 14:30:00-04:00,0.710099995136261,0.7156999707221985,0.7080000042915344,0.7156999707221985,12179,0.0,0.0
2022-10-10 15:30:00-04:00,0.7156999707221985,0.7156999707221985,0.7080000042915344,0.7103999853134155,12354,0.0,0.0
2022-10-11 09:30:00-04:00,0.6902999877929688,0.7146999835968018,0.6700000166893005,0.6899999976158142,20858,0.0,0.0
2022-10-11 10:30:00-04:00,0.6899999976158142,0.6987990140914917,0.6801000237464905,0.690500020980835,52264,0.0,0.0
2022-10-11 11:30:00-04:00,0.690500020980835,0.6998000144958496,0.6722999811172485,0.6998000144958496,15334,0.0,0.0
2022-10-11 12:30:00-04:00,0.6877999901771545,0.7265989780426025,0.6877999901771545,0.7149999737739563,29828,0.0,0.0
2022-10-11 13:30:00-04:00,0.7149999737739563,0.7149999737739563,0.6899999976158142,0.7013999819755554,31050,0.0,0.0
2022-10-11 14:30:00-04:00,0.7013999819755554,0.7124999761581421,0.6901000142097473,0.6970000267028809,10578,0.0,0.0
2022-10-11 15:30:00-04:00,0.6934999823570251,0.6966000199317932,0.6814000010490417,0.6929000020027161,13984,0.0,0.0
2022-10-12 09:30:00-04:00,0.6919999718666077,0.7099999785423279,0.6899999976158142,0.692300021648407,25535,0.0,0.0
2022-10-12 10:30:00-04:00,0.6923999786376953,0.7300000190734863,0.692300021648407,0.7113999724388123,64694,0.0,0.0
2022-10-12 11:30:00-04:00,0.7300000190734863,0.7300000190734863,0.7227010130882263,0.7227010130882263,1972,0.0,0.0
2022-10-12 12:30:00-04:00,0.7235999703407288,0.7239000201225281,0.7089999914169312,0.7089999914169312,8932,0.0,0.0
2022-10-12 13:30:00-04:00,0.7089999914169312,0.724399983882904,0.7080000042915344,0.7102000117301941,16878,0.0,0.0
2022-10-12 14:30:00-04:00,0.710099995136261,0.7148000001907349,0.699999988079071,0.7059999704360962,22951,0.0,0.0
2022-10-12 15:30:00-04:00,0.7128000259399414,0.7246999740600586,0.7128000259399414,0.7200000286102295,7862,0.0,0.0
2022-10-13 09:30:00-04:00,0.6899999976158142,0.7179999947547913,0.6700000166893005,0.6930000185966492,13130,0.0,0.0
2022-10-13 10:30:00-04:00,0.6990000009536743,0.6998999714851379,0.6880000233650208,0.6899999976158142,21711,0.0,0.0
2022-10-13 11:30:00-04:00,0.6899999976158142,0.6995999813079834,0.6825000047683716,0.6850000023841858,25366,0.0,0.0
2022-10-13 12:30:00-04:00,0.6850000023841858,0.6984999775886536,0.6809999942779541,0.6830999851226807,14318,0.0,0.0
2022-10-13 13:30:00-04:00,0.6830999851226807,0.6927000284194946,0.671500027179718,0.6725999712944031,30299,0.0,0.0
2022-10-13 14:30:00-04:00,0.6729999780654907,0.6834999918937683,0.671500027179718,0.6779999732971191,43616,0.0,0.0
2022-10-13 15:30:00-04:00,0.6779999732971191,0.682200014591217,0.671500027179718,0.6717000007629395,34046,0.0,0.0
2022-10-14 09:30:00-04:00,0.6800000071525574,0.7157999873161316,0.6710000038146973,0.6800000071525574,140830,0.0,0.0
2022-10-14 10:30:00-04:00,0.6800000071525574,0.6830000281333923,0.6774500012397766,0.6800000071525574,19221,0.0,0.0
2022-10-14 11:30:00-04:00,0.6800000071525574,0.6800000071525574,0.671500027179718,0.6797999739646912,19856,0.0,0.0
2022-10-14 12:30:00-04:00,0.6797999739646912,0.6797999739646912,0.671500027179718,0.671999990940094,5233,0.0,0.0
2022-10-14 13:30:00-04:00,0.6740000247955322,0.6764000058174133,0.6710000038146973,0.6764000058174133,9386,0.0,0.0
2022-10-14 14:30:00-04:00,0.6736999750137329,0.6762999892234802,0.6625000238418579,0.6650000214576721,0,0.0,0.0
2022-10-14 15:30:00-04:00,0.6665999889373779,0.6721000075340271,0.6629999876022339,0.6718999743461609,242974,0.0,0.0
2022-10-17 09:30:00-04:00,0.6700000166893005,0.6855999827384949,0.6600000262260437,0.6851000189781189,18375,0.0,0.0
2022-10-17 10:30:00-04:00,0.6851990222930908,0.6899999976158142,0.6728000044822693,0.6899999976158142,37204,0.0,0.0
2022-10-17 11:30:00-04:00,0.6819999814033508,0.6819999814033508,0.6399999856948853,0.6600000262260437,76195,0.0,0.0
2022-10-17 12:30:00-04:00,0.6664990186691284,0.6883999705314636,0.6632999777793884,0.6779999732971191,34706,0.0,0.0
2022-10-17 13:30:00-04:00,0.6674000024795532,0.6797000169754028,0.6672999858856201,0.6672999858856201,6382,0.0,0.0
2022-10-17 14:30:00-04:00,0.6700000166893005,0.6797999739646912,0.6674000024795532,0.6674000024795532,15650,0.0,0.0
2022-10-17 15:30:00-04:00,0.6674000024795532,0.6797000169754028,0.6549000144004822,0.6600000262260437,40717,0.0,0.0
2022-10-18 09:30:00-04:00,0.6898999810218811,0.7128999829292297,0.6800000071525574,0.6898999810218811,21148,0.0,0.0
2022-10-18 10:30:00-04:00,0.6898999810218811,0.7129999995231628,0.6890000104904175,0.7045000195503235,12203,0.0,0.0
2022-10-18 11:30:00-04:00,0.704800009727478,0.7099999785423279,0.6962000131607056,0.7099999785423279,3510,0.0,0.0
2022-10-18 12:30:00-04:00,0.6962000131607056,0.7099999785423279,0.6962000131607056,0.7039999961853027,5331,0.0,0.0
2022-10-18 13:30:00-04:00,0.7099999785423279,0.7099999785423279,0.6916000247001648,0.6916000247001648,34557,0.0,0.0
2022-10-18 14:30:00-04:00,0.6916000247001648,0.6997900009155273,0.6899999976158142,0.6899999976158142,14587,0.0,0.0
2022-10-18 15:30:00-04:00,0.6899999976158142,0.7055000066757202,0.6642000079154968,0.6800000071525574,85775,0.0,0.0
2022-10-19 09:30:00-04:00,0.7095000147819519,0.7095000147819519,0.6800000071525574,0.6808000206947327,79504,0.0,0.0
2022-10-19 10:30:00-04:00,0.6808000206947327,0.6808000206947327,0.6650000214576721,0.6650000214576721,11374,0.0,0.0
2022-10-19 11:30:00-04:00,0.6650000214576721,0.6796000003814697,0.6624000072479248,0.6624000072479248,17589,0.0,0.0
2022-10-19 12:30:00-04:00,0.6624000072479248,0.6796000003814697,0.6574000120162964,0.6574000120162964,9428,0.0,0.0
2022-10-19 13:30:00-04:00,0.6510000228881836,0.6700000166893005,0.6510000228881836,0.6517000198364258,21651,0.0,0.0
2022-10-19 14:30:00-04:00,0.6607999801635742,0.6699000000953674,0.6516000032424927,0.6603999733924866,25753,0.0,0.0
2022-10-19 15:30:00-04:00,0.6603999733924866,0.6690000295639038,0.6220999956130981,0.6302000284194946,84271,0.0,0.0
2022-10-20 09:30:00-04:00,0.6499999761581421,0.6700000166893005,0.6302000284194946,0.6456000208854675,37418,0.0,0.0
2022-10-20 10:30:00-04:00,0.6517000198364258,0.6671000123023987,0.6251999735832214,0.6252999901771545,50245,0.0,0.0
2022-10-20 11:30:00-04:00,0.6371999979019165,0.6377999782562256,0.625,0.6299999952316284,21766,0.0,0.0
2022-10-20 12:30:00-04:00,0.6301000118255615,0.6301000118255615,0.6299999952316284,0.6299999952316284,4921,0.0,0.0
2022-10-20 13:30:00-04:00,0.630050003528595,0.6489999890327454,0.6299999952316284,0.6301000118255615,15842,0.0,0.0
2022-10-20 14:30:00-04:00,0.6360499858856201,0.6402999758720398,0.6251000165939331,0.6316999793052673,35219,0.0,0.0
2022-10-20 15:30:00-04:00,0.6330010294914246,0.6338499784469604,0.6299999952316284,0.6301000118255615,9069,0.0,0.0
2022-10-21 09:30:00-04:00,0.617900013923645,0.6603000164031982,0.617900013923645,0.6255999803543091,34916,0.0,0.0
2022-10-21 10:30:00-04:00,0.6348000168800354,0.6348000168800354,0.6255000233650208,0.6310499906539917,4702,0.0,0.0
2022-10-21 11:30:00-04:00,0.6345000267028809,0.6430000066757202,0.6309000253677368,0.6428999900817871,9310,0.0,0.0
2022-10-21 12:30:00-04:00,0.6425999999046326,0.6427000164985657,0.6337000131607056,0.6367499828338623,6875,0.0,0.0
2022-10-21 13:30:00-04:00,0.6337000131607056,0.6366999745368958,0.6200000047683716,0.6200000047683716,35655,0.0,0.0
2022-10-21 14:30:00-04:00,0.6205999851226807,0.6488999724388123,0.6200000047683716,0.6200000047683716,42919,0.0,0.0
2022-10-21 15:30:00-04:00,0.6353989839553833,0.6362000107765198,0.6212000250816345,0.6243000030517578,36178,0.0,0.0
2022-10-24 09:30:00-04:00,0.6100000143051147,0.6100000143051147,0.47269999980926514,0.5200499892234802,363540,0.0,0.0
2022-10-24 10:30:00-04:00,0.5189999938011169,0.5249999761581421,0.5,0.5095000267028809,95360,0.0,0.0
2022-10-24 11:30:00-04:00,0.5199999809265137,0.5379999876022339,0.5134999752044678,0.5371999740600586,55115,0.0,0.0
2022-10-24 12:30:00-04:00,0.5385000109672546,0.5479999780654907,0.5152000188827515,0.5189999938011169,43197,0.0,0.0
2022-10-24 13:30:00-04:00,0.5220999717712402,0.5412999987602234,0.5156000256538391,0.5156000256538391,24680,0.0,0.0
2022-10-24 14:30:00-04:00,0.5183500051498413,0.534600019454956,0.515500009059906,0.5199000239372253,29984,0.0,0.0
2022-10-24 15:30:00-04:00,0.5188999772071838,0.5234000086784363,0.5059999823570251,0.5059999823570251,31103,0.0,0.0
2022-10-25 09:30:00-04:00,0.5099999904632568,0.5889000296592712,0.5099999904632568,0.5516999959945679,124043,0.0,0.0
2022-10-25 10:30:00-04:00,0.5551999807357788,0.5685999989509583,0.5410000085830688,0.5496000051498413,54066,0.0,0.0
2022-10-25 11:30:00-04:00,0.5669999718666077,0.5688999891281128,0.5455499887466431,0.5455499887466431,99659,0.0,0.0
2022-10-25 12:30:00-04:00,0.5515990257263184,0.5835999846458435,0.5393999814987183,0.5821499824523926,32758,0.0,0.0
2022-10-25 13:30:00-04:00,0.5799999833106995,0.5830000042915344,0.5799499750137329,0.5827000141143799,12305,0.0,0.0
2022-10-25 14:30:00-04:00,0.5825999975204468,0.6000000238418579,0.571150004863739,0.5825999975204468,53481,0.0,0.0
2022-10-25 15:30:00-04:00,0.588699996471405,0.6200000047683716,0.5827999711036682,0.6193000078201294,72887,0.0,0.0
2022-10-26 09:30:00-04:00,0.6597999930381775,0.6800000071525574,0.6378999948501587,0.6798999905586243,67305,0.0,0.0
2022-10-26 10:30:00-04:00,0.6789000034332275,0.7900000214576721,0.6789000034332275,0.7649000287055969,334545,0.0,0.0
2022-10-26 11:30:00-04:00,0.7649000287055969,0.8418999910354614,0.7616999745368958,0.8098999857902527,632310,0.0,0.0
2022-10-26 12:30:00-04:00,0.8098999857902527,0.8348000049591064,0.7900000214576721,0.8299999833106995,356344,0.0,0.0
2022-10-26 13:30:00-04:00,0.8300009965896606,0.9398999810218811,0.829200029373169,0.9254000186920166,1047617,0.0,0.0
2022-10-26 14:30:00-04:00,0.9200000166893005,1.0,0.9103000164031982,0.9782999753952026,1682746,0.0,0.0
2022-10-26 15:30:00-04:00,0.9756489992141724,1.0,0.8988000154495239,0.8988000154495239,1508331,0.0,0.0
2022-10-27 09:30:00-04:00,0.8799999952316284,0.9233999848365784,0.8414999842643738,0.8699989914894104,309577,0.0,0.0
2022-10-27 10:30:00-04:00,0.862500011920929,0.862500011920929,0.8131999969482422,0.8299000263214111,90806,0.0,0.0
2022-10-27 11:30:00-04:00,0.8141999840736389,0.8557000160217285,0.8141999840736389,0.8317999839782715,37448,0.0,0.0
2022-10-27 12:30:00-04:00,0.8312000036239624,0.8323500156402588,0.8199999928474426,0.8201000094413757,30847,0.0,0.0
2022-10-27 13:30:00-04:00,0.8199999928474426,0.8201000094413757,0.8068000078201294,0.8068000078201294,24125,0.0,0.0
2022-10-27 14:30:00-04:00,0.8015000224113464,0.8015999794006348,0.75,0.7639489769935608,99208,0.0,0.0
2022-10-27 15:30:00-04:00,0.7669000029563904,0.7831000089645386,0.7551010251045227,0.7734000086784363,53238,0.0,0.0
2022-10-28 09:30:00-04:00,0.75,0.767799973487854,0.7294999957084656,0.7300999760627747,116336,0.0,0.0
2022-10-28 10:30:00-04:00,0.7300999760627747,0.7394999861717224,0.7300000190734863,0.7361000180244446,26066,0.0,0.0
2022-10-28 11:30:00-04:00,0.7365000247955322,0.7365000247955322,0.7099999785423279,0.7215999960899353,95732,0.0,0.0
2022-10-28 12:30:00-04:00,0.7215999960899353,0.7290999889373779,0.7179999947547913,0.7181000113487244,25229,0.0,0.0
2022-10-28 13:30:00-04:00,0.7180160284042358,0.7400000095367432,0.7128999829292297,0.7186999917030334,61903,0.0,0.0
2022-10-28 14:30:00-04:00,0.7185999751091003,0.7300000190734863,0.7099999785423279,0.7110499739646912,36336,0.0,0.0
2022-10-28 15:30:00-04:00,0.7099999785423279,0.7200000286102295,0.707099974155426,0.7106999754905701,79190,0.0,0.0
2022-10-31 09:30:00-04:00,0.7006000280380249,0.7089999914169312,0.6421999931335449,0.6650999784469604,145526,0.0,0.0
2022-10-31 10:30:00-04:00,0.6650999784469604,0.685699999332428,0.6200000047683716,0.6313999891281128,201102,0.0,0.0
2022-10-31 11:30:00-04:00,0.6384999752044678,0.6450999975204468,0.6244000196456909,0.628350019454956,62048,0.0,0.0
2022-10-31 12:30:00-04:00,0.6310999989509583,0.63919997215271,0.6200000047683716,0.6323000192642212,42137,0.0,0.0
2022-10-31 13:30:00-04:00,0.6320000290870667,0.6384000182151794,0.6202999949455261,0.6328999996185303,22372,0.0,0.0
2022-10-31 14:30:00-04:00,0.6328999996185303,0.6381000280380249,0.6200000047683716,0.629800021648407,83879,0.0,0.0
2022-10-31 15:30:00-04:00,0.6326000094413757,0.6326000094413757,0.6201000213623047,0.6312999725341797,28172,0.0,0.0
2022-11-01 09:30:00-04:00,0.699999988079071,0.7253999710083008,0.6899999976158142,0.699400007724762,47925,0.0,0.0
2022-11-01 10:30:00-04:00,0.6912000179290771,0.699999988079071,0.6805999875068665,0.6850000023841858,72974,0.0,0.0
2022-11-01 11:30:00-04:00,0.6800000071525574,0.6887000203132629,0.6800000071525574,0.6811000108718872,13180,0.0,0.0
2022-11-01 12:30:00-04:00,0.6811000108718872,0.6812999844551086,0.6502000093460083,0.6502000093460083,24338,0.0,0.0
2022-11-01 13:30:00-04:00,0.6502000093460083,0.6660000085830688,0.6499999761581421,0.6622999906539917,38896,0.0,0.0
2022-11-01 14:30:00-04:00,0.6635000109672546,0.6635000109672546,0.6499999761581421,0.6539000272750854,22207,0.0,0.0
2022-11-01 15:30:00-04:00,0.6517999768257141,0.6527000069618225,0.6428999900817871,0.6497989892959595,33900,0.0,0.0
2022-11-02 09:30:00-04:00,0.6499000191688538,0.6600000262260437,0.6359999775886536,0.6359999775886536,30728,0.0,0.0
2022-11-02 10:30:00-04:00,0.6546000242233276,0.6546000242233276,0.6200000047683716,0.625,45257,0.0,0.0
2022-11-02 11:30:00-04:00,0.625,0.6251000165939331,0.6015999913215637,0.6029999852180481,52332,0.0,0.0
2022-11-02 12:30:00-04:00,0.6021000146865845,0.6176000237464905,0.6018000245094299,0.6089000105857849,17749,0.0,0.0
2022-11-02 13:30:00-04:00,0.6050000190734863,0.6277999877929688,0.6050000190734863,0.6129999756813049,16138,0.0,0.0
2022-11-02 14:30:00-04:00,0.6216999888420105,0.6259999871253967,0.612500011920929,0.612500011920929,33286,0.0,0.0
2022-11-02 15:30:00-04:00,0.612500011920929,0.612500011920929,0.588699996471405,0.6000000238418579,74806,0.0,0.0
2022-11-03 09:30:00-04:00,0.609000027179718,0.609000027179718,0.5849999785423279,0.5910999774932861,107770,0.0,0.0
2022-11-03 10:30:00-04:00,0.6026999950408936,0.6298999786376953,0.5950000286102295,0.6201000213623047,45406,0.0,0.0
2022-11-03 11:30:00-04:00,0.6201000213623047,0.6699000000953674,0.6201000213623047,0.664900004863739,28078,0.0,0.0
2022-11-03 12:30:00-04:00,0.6600000262260437,0.6700000166893005,0.6299999952316284,0.6302000284194946,15377,0.0,0.0
2022-11-03 13:30:00-04:00,0.630299985408783,0.6480000019073486,0.6299999952316284,0.6299999952316284,24521,0.0,0.0
2022-11-03 14:30:00-04:00,0.6299999952316284,0.6455000042915344,0.6200000047683716,0.6201000213623047,11851,0.0,0.0
2022-11-03 15:30:00-04:00,0.6334999799728394,0.6334999799728394,0.6201000213623047,0.6201000213623047,17466,0.0,0.0
2022-11-04 09:30:00-04:00,0.7300000190734863,0.8342999815940857,0.7297999858856201,0.8080000281333923,1186187,0.0,0.0
2022-11-04 10:30:00-04:00,0.8191999793052673,0.9399999976158142,0.7886000275611877,0.9092000126838684,2371514,0.0,0.0
2022-11-04 11:30:00-04:00,0.9000999927520752,0.9573990106582642,0.7519999742507935,0.767799973487854,2369697,0.0,0.0
2022-11-04 12:30:00-04:00,0.7610999941825867,0.8149999976158142,0.7312999963760376,0.8100000023841858,505399,0.0,0.0
2022-11-04 13:30:00-04:00,0.807449996471405,0.8500000238418579,0.75,0.8195000290870667,385280,0.0,0.0
2022-11-04 14:30:00-04:00,0.8194990158081055,0.8399999737739563,0.7770000100135803,0.8199999928474426,277727,0.0,0.0
2022-11-04 15:30:00-04:00,0.828000009059906,0.9200000166893005,0.8034999966621399,0.9120000004768372,390520,0.0,0.0
2022-11-07 09:30:00-05:00,0.8812000155448914,0.8859999775886536,0.7505999803543091,0.7800999879837036,385832,0.0,0.0
2022-11-07 10:30:00-05:00,0.7800999879837036,0.798799991607666,0.7799999713897705,0.7803999781608582,29062,0.0,0.0
2022-11-07 11:30:00-05:00,0.7875999808311462,0.795799970626831,0.7602999806404114,0.7753270268440247,84419,0.0,0.0
2022-11-07 12:30:00-05:00,0.778099000453949,0.7781000137329102,0.7620999813079834,0.777999997138977,18711,0.0,0.0
2022-11-07 13:30:00-05:00,0.777999997138977,0.7990999817848206,0.7699999809265137,0.7990999817848206,24782,0.0,0.0
2022-11-07 14:30:00-05:00,0.785099983215332,0.7949000000953674,0.7712000012397766,0.7906000018119812,27284,0.0,0.0
2022-11-07 15:30:00-05:00,0.7904999852180481,0.8011000156402588,0.77920001745224,0.7838000059127808,69400,0.0,0.0
2022-11-08 09:30:00-05:00,0.7799999713897705,0.7799999713897705,0.7300000190734863,0.7648000121116638,68529,0.0,0.0
2022-11-08 10:30:00-05:00,0.7504000067710876,0.7907000184059143,0.7504000067710876,0.7883999943733215,25433,0.0,0.0
2022-11-08 11:30:00-05:00,0.795199990272522,0.7983999848365784,0.7703999876976013,0.7910789847373962,40588,0.0,0.0
2022-11-08 12:30:00-05:00,0.79202800989151,0.796500027179718,0.7502999901771545,0.7644000053405762,55748,0.0,0.0
2022-11-08 13:30:00-05:00,0.7520999908447266,0.7900999784469604,0.7520999908447266,0.7700999975204468,12137,0.0,0.0
2022-11-08 14:30:00-05:00,0.7700999975204468,0.7700999975204468,0.7423999905586243,0.7423999905586243,21461,0.0,0.0
2022-11-08 15:30:00-05:00,0.7425000071525574,0.7544000148773193,0.7423999905586243,0.7534000277519226,14197,0.0,0.0
2022-11-09 09:30:00-05:00,0.7700999975204468,0.7700999975204468,0.725600004196167,0.7261009812355042,38567,0.0,0.0
2022-11-09 10:30:00-05:00,0.7261000275611877,0.7495999932289124,0.7261000275611877,0.7269999980926514,14914,0.0,0.0
2022-11-09 11:30:00-05:00,0.7269999980926514,0.7400000095367432,0.7261000275611877,0.7357000112533569,26418,0.0,0.0
2022-11-09 12:30:00-05:00,0.7300000190734863,0.73580002784729,0.7261000275611877,0.7261000275611877,30951,0.0,0.0
2022-11-09 13:30:00-05:00,0.7279999852180481,0.7299000024795532,0.711899995803833,0.7236999869346619,124441,0.0,0.0
2022-11-09 14:30:00-05:00,0.7200000286102295,0.7448989748954773,0.7117000222206116,0.7207000255584717,42243,0.0,0.0
2022-11-09 15:30:00-05:00,0.7207000255584717,0.7699999809265137,0.7207000255584717,0.7242000102996826,24386,0.0,0.0
2022-11-10 09:30:00-05:00,0.800000011920929,0.8199999928474426,0.7400000095367432,0.7401000261306763,93407,0.0,0.0
2022-11-10 10:30:00-05:00,0.7401000261306763,0.7450000047683716,0.7184000015258789,0.7184000015258789,50465,0.0,0.0
2022-11-10 11:30:00-05:00,0.7200000286102295,0.7386000156402588,0.7150999903678894,0.7200999855995178,27329,0.0,0.0
2022-11-10 12:30:00-05:00,0.7200999855995178,0.7346000075340271,0.7200000286102295,0.7200999855995178,58552,0.0,0.0
2022-11-10 13:30:00-05:00,0.7200000286102295,0.7329000234603882,0.7200000286102295,0.7200000286102295,21001,0.0,0.0
2022-11-10 14:30:00-05:00,0.7200000286102295,0.7245000004768372,0.6949999928474426,0.6949999928474426,142943,0.0,0.0
2022-11-10 15:30:00-05:00,0.699400007724762,0.7207000255584717,0.6949999928474426,0.7080000042915344,111521,0.0,0.0
2022-11-11 09:30:00-05:00,0.7401999831199646,0.7562000155448914,0.7210999727249146,0.7390000224113464,137887,0.0,0.0
2022-11-11 10:30:00-05:00,0.742900013923645,0.75,0.7300000190734863,0.7386999726295471,62259,0.0,0.0
2022-11-11 11:30:00-05:00,0.7409999966621399,0.7450000047683716,0.7211999893188477,0.7390999794006348,35441,0.0,0.0
2022-11-11 12:30:00-05:00,0.7390999794006348,0.7718999981880188,0.7390000224113464,0.7542999982833862,34114,0.0,0.0
2022-11-11 13:30:00-05:00,0.7542999982833862,0.7692989706993103,0.7501999735832214,0.7599999904632568,28624,0.0,0.0
2022-11-11 14:30:00-05:00,0.7683849930763245,0.7771999835968018,0.7495999932289124,0.7723000049591064,46016,0.0,0.0
2022-11-11 15:30:00-05:00,0.7723000049591064,0.777400016784668,0.7581999897956848,0.7581999897956848,24175,0.0,0.0
2022-11-14 09:30:00-05:00,0.7699999809265137,0.7997999787330627,0.75,0.75,68660,0.0,0.0
2022-11-14 10:30:00-05:00,0.753000020980835,0.7820000052452087,0.75,0.7599999904632568,31255,0.0,0.0
2022-11-14 11:30:00-05:00,0.7599999904632568,0.7680000066757202,0.75,0.7548499703407288,32467,0.0,0.0
2022-11-14 12:30:00-05:00,0.7512000203132629,0.7722499966621399,0.7490000128746033,0.7639999985694885,13828,0.0,0.0
2022-11-14 13:30:00-05:00,0.7722499966621399,0.7861999869346619,0.7639999985694885,0.7807000279426575,15750,0.0,0.0
2022-11-14 14:30:00-05:00,0.7792999744415283,0.7889999747276306,0.7753999829292297,0.7766000032424927,16763,0.0,0.0
2022-11-14 15:30:00-05:00,0.7766000032424927,0.7921000123023987,0.7717999815940857,0.7810999751091003,18129,0.0,0.0
2022-11-15 09:30:00-05:00,0.8399999737739563,0.8700000047683716,0.8100000023841858,0.8410000205039978,134078,0.0,0.0
2022-11-15 10:30:00-05:00,0.8410999774932861,0.8598999977111816,0.8310999870300293,0.8339999914169312,71425,0.0,0.0
2022-11-15 11:30:00-05:00,0.8597999811172485,0.8600000143051147,0.8339999914169312,0.8597990274429321,31753,0.0,0.0
2022-11-15 12:30:00-05:00,0.8500999808311462,0.8783000111579895,0.8500000238418579,0.8701000213623047,51864,0.0,0.0
2022-11-15 13:30:00-05:00,0.8702009916305542,0.8902000188827515,0.8555999994277954,0.8565000295639038,43726,0.0,0.0
2022-11-15 14:30:00-05:00,0.8730999827384949,0.8888000249862671,0.8555999994277954,0.8700000047683716,40887,0.0,0.0
2022-11-15 15:30:00-05:00,0.8555999994277954,0.8863000273704529,0.8312000036239624,0.8824999928474426,136224,0.0,0.0
2022-11-16 09:30:00-05:00,0.8648999929428101,0.8824999928474426,0.8500000238418579,0.8600999712944031,47447,0.0,0.0
2022-11-16 10:30:00-05:00,0.8600999712944031,0.8648999929428101,0.8399999737739563,0.8406000137329102,36241,0.0,0.0
2022-11-16 11:30:00-05:00,0.8406000137329102,0.8500000238418579,0.8310999870300293,0.8409000039100647,18606,0.0,0.0
2022-11-16 12:30:00-05:00,0.8409000039100647,0.848800003528595,0.824999988079071,0.824999988079071,10253,0.0,0.0
2022-11-16 13:30:00-05:00,0.824999988079071,0.8353999853134155,0.8159999847412109,0.8159999847412109,22448,0.0,0.0
2022-11-16 14:30:00-05:00,0.8159999847412109,0.8341000080108643,0.8118000030517578,0.8149999976158142,14736,0.0,0.0
2022-11-16 15:30:00-05:00,0.8149999976158142,0.8313000202178955,0.8149999976158142,0.8313000202178955,20935,0.0,0.0
2022-11-17 09:30:00-05:00,0.7839999794960022,0.8382999897003174,0.7839999794960022,0.8100000023841858,47029,0.0,0.0
2022-11-17 10:30:00-05:00,0.8230999708175659,0.8233000040054321,0.8100000023841858,0.8105000257492065,24220,0.0,0.0
2022-11-17 11:30:00-05:00,0.8133999705314636,0.8345999717712402,0.8105000257492065,0.8145999908447266,20890,0.0,0.0
2022-11-17 12:30:00-05:00,0.8184999823570251,0.8288459777832031,0.810699999332428,0.8108000159263611,10640,0.0,0.0
2022-11-17 13:30:00-05:00,0.810699999332428,0.8264999985694885,0.810699999332428,0.8130999803543091,15602,0.0,0.0
2022-11-17 14:30:00-05:00,0.8130999803543091,0.8199999928474426,0.8101000189781189,0.8101000189781189,31402,0.0,0.0
2022-11-17 15:30:00-05:00,0.8101000189781189,0.8299999833106995,0.8100000023841858,0.8105000257492065,20206,0.0,0.0
2022-11-18 09:30:00-05:00,0.839900016784668,0.839900016784668,0.7906000018119812,0.7906000018119812,42131,0.0,0.0
2022-11-18 10:30:00-05:00,0.7906000018119812,0.8100000023841858,0.7906000018119812,0.7906000018119812,17726,0.0,0.0
2022-11-18 11:30:00-05:00,0.7906000018119812,0.795199990272522,0.7839999794960022,0.7872499823570251,13260,0.0,0.0
2022-11-18 12:30:00-05:00,0.7904000282287598,0.7904999852180481,0.7799999713897705,0.7799999713897705,8524,0.0,0.0
2022-11-18 13:30:00-05:00,0.7799999713897705,0.7904999852180481,0.7630159854888916,0.7631000280380249,46181,0.0,0.0
2022-11-18 14:30:00-05:00,0.7785999774932861,0.7785999774932861,0.7631000280380249,0.7631000280380249,16499,0.0,0.0
2022-11-18 15:30:00-05:00,0.7631000280380249,0.7813000082969666,0.7609999775886536,0.7781000137329102,60244,0.0,0.0
2022-11-21 09:30:00-05:00,0.7542999982833862,0.7789999842643738,0.7207000255584717,0.7229999899864197,71040,0.0,0.0
2022-11-21 10:30:00-05:00,0.7229999899864197,0.7398999929428101,0.7110999822616577,0.7110999822616577,46167,0.0,0.0
2022-11-21 11:30:00-05:00,0.7110999822616577,0.7197999954223633,0.699999988079071,0.7010999917984009,43293,0.0,0.0
2022-11-21 12:30:00-05:00,0.7010999917984009,0.7179999947547913,0.6690000295639038,0.699999988079071,76899,0.0,0.0
2022-11-21 13:30:00-05:00,0.699999988079071,0.7001000046730042,0.6800000071525574,0.6802999973297119,40559,0.0,0.0
2022-11-21 14:30:00-05:00,0.6802999973297119,0.6883500218391418,0.6700000166893005,0.6700000166893005,75852,0.0,0.0
2022-11-21 15:30:00-05:00,0.6700000166893005,0.6761500239372253,0.6650000214576721,0.6650000214576721,141609,0.0,0.0
2022-11-22 09:30:00-05:00,0.6800000071525574,0.6800000071525574,0.6299999952316284,0.6317999958992004,87321,0.0,0.0
2022-11-22 10:30:00-05:00,0.6319500207901001,0.6363000273704529,0.6299999952316284,0.6299999952316284,73883,0.0,0.0
2022-11-22 11:30:00-05:00,0.6299999952316284,0.6301000118255615,0.6031000018119812,0.6150000095367432,58191,0.0,0.0
2022-11-22 12:30:00-05:00,0.6129999756813049,0.616599977016449,0.6000000238418579,0.6057000160217285,47675,0.0,0.0
2022-11-22 13:30:00-05:00,0.6011999845504761,0.6111000180244446,0.583899974822998,0.583899974822998,80422,0.0,0.0
2022-11-22 14:30:00-05:00,0.5809999704360962,0.603600025177002,0.5799999833106995,0.603600025177002,86060,0.0,0.0
2022-11-22 15:30:00-05:00,0.6000000238418579,0.6100000143051147,0.5875999927520752,0.6100000143051147,120692,0.0,0.0
2022-11-23 09:30:00-05:00,0.5916000008583069,0.6261000037193298,0.5916000008583069,0.6200000047683716,107766,0.0,0.0
2022-11-23 10:30:00-05:00,0.6200000047683716,0.6223999857902527,0.6074000000953674,0.6169000267982483,30489,0.0,0.0
2022-11-23 11:30:00-05:00,0.6169000267982483,0.6255000233650208,0.6100999712944031,0.612500011920929,21522,0.0,0.0
2022-11-23 12:30:00-05:00,0.6136999726295471,0.6225000023841858,0.611299991607666,0.6131500005722046,32447,0.0,0.0
2022-11-23 13:30:00-05:00,0.6129000186920166,0.6205999851226807,0.6129000186920166,0.6175000071525574,25209,0.0,0.0
2022-11-23 14:30:00-05:00,0.6175000071525574,0.6241000294685364,0.6175000071525574,0.6241000294685364,28328,0.0,0.0
2022-11-23 15:30:00-05:00,0.6241000294685364,0.6399999856948853,0.6241000294685364,0.6301000118255615,35683,0.0,0.0
2022-11-25 09:30:00-05:00,0.618399977684021,0.6399999856948853,0.6098999977111816,0.6399000287055969,48016,0.0,0.0
2022-11-25 10:30:00-05:00,0.6128000020980835,0.6399000287055969,0.6110000014305115,0.6284999847412109,43835,0.0,0.0
2022-11-25 11:30:00-05:00,0.628600001335144,0.6366999745368958,0.6220999956130981,0.6220999956130981,38439,0.0,0.0
2022-11-28 09:30:00-05:00,0.6384000182151794,0.6384000182151794,0.6100000143051147,0.6111999750137329,49749,0.0,0.0
2022-11-28 10:30:00-05:00,0.6266000270843506,0.6335999965667725,0.6110000014305115,0.6335999965667725,125002,0.0,0.0
2022-11-28 11:30:00-05:00,0.6349999904632568,0.6471999883651733,0.6349999904632568,0.642549991607666,44577,0.0,0.0
2022-11-28 12:30:00-05:00,0.6438999772071838,0.6800000071525574,0.6424999833106995,0.6600000262260437,34903,0.0,0.0
2022-11-28 13:30:00-05:00,0.6600000262260437,0.667900025844574,0.6434000134468079,0.6434000134468079,22667,0.0,0.0
2022-11-28 14:30:00-05:00,0.6492000222206116,0.6549999713897705,0.6434999704360962,0.6467499732971191,32935,0.0,0.0
2022-11-28 15:30:00-05:00,0.6467499732971191,0.6499999761581421,0.6399999856948853,0.6437000036239624,58256,0.0,0.0
2022-11-29 09:30:00-05:00,0.6708999872207642,0.7379999756813049,0.6401000022888184,0.734050989151001,80349,0.0,0.0
2022-11-29 10:30:00-05:00,0.7340499758720398,0.7680000066757202,0.6940000057220459,0.7493000030517578,107517,0.0,0.0
2022-11-29 11:30:00-05:00,0.7256990075111389,0.7493000030517578,0.7099999785423279,0.7106000185012817,51701,0.0,0.0
2022-11-29 12:30:00-05:00,0.7106000185012817,0.7250999808311462,0.6988999843597412,0.7077000141143799,40372,0.0,0.0
2022-11-29 13:30:00-05:00,0.6988999843597412,0.7190999984741211,0.6988999843597412,0.715499997138977,16261,0.0,0.0
2022-11-29 14:30:00-05:00,0.715499997138977,0.715499997138977,0.6970999836921692,0.7026000022888184,22025,0.0,0.0
2022-11-29 15:30:00-05:00,0.6972000002861023,0.7077999711036682,0.6920999884605408,0.6985750198364258,32670,0.0,0.0
2022-11-30 09:30:00-05:00,0.7099999785423279,0.7384999990463257,0.7059999704360962,0.7218000292778015,69545,0.0,0.0
2022-11-30 10:30:00-05:00,0.7258999943733215,0.7279999852180481,0.7002999782562256,0.7105000019073486,53418,0.0,0.0
2022-11-30 11:30:00-05:00,0.7105010151863098,0.7229999899864197,0.7002999782562256,0.7003999948501587,45220,0.0,0.0
2022-11-30 12:30:00-05:00,0.7003999948501587,0.7153000235557556,0.699999988079071,0.7071999907493591,31798,0.0,0.0
2022-11-30 13:30:00-05:00,0.699999988079071,0.732699990272522,0.699999988079071,0.7001000046730042,74318,0.0,0.0
2022-11-30 14:30:00-05:00,0.7105500102043152,0.7301499843597412,0.699999988079071,0.7123500108718872,154574,0.0,0.0
2022-11-30 15:30:00-05:00,0.7123000025749207,0.7235999703407288,0.660099983215332,0.671999990940094,489935,0.0,0.0
2022-12-01 09:30:00-05:00,0.6026999950408936,0.6664000153541565,0.6026999950408936,0.6600000262260437,1021295,0.0,0.0
2022-12-01 10:30:00-05:00,0.659500002861023,0.6790000200271606,0.6518999934196472,0.6751999855041504,30526,0.0,0.0
2022-12-01 11:30:00-05:00,0.6751999855041504,0.6753000020980835,0.6610000133514404,0.6613010168075562,32947,0.0,0.0
2022-12-01 12:30:00-05:00,0.6611999869346619,0.6693999767303467,0.6611999869346619,0.6614000201225281,32352,0.0,0.0
2022-12-01 13:30:00-05:00,0.6614000201225281,0.6689000129699707,0.654699981212616,0.6576499938964844,33213,0.0,0.0
2022-12-01 14:30:00-05:00,0.6576499938964844,0.660099983215332,0.651199996471405,0.6556500196456909,44026,0.0,0.0
2022-12-01 15:30:00-05:00,0.6556500196456909,0.6629999876022339,0.6556500196456909,0.6600000262260437,107735,0.0,0.0
2022-12-02 09:30:00-05:00,0.6601999998092651,0.742900013923645,0.6399999856948853,0.7300999760627747,174871,0.0,0.0
2022-12-02 10:30:00-05:00,0.7300999760627747,0.7400000095367432,0.72079998254776,0.7272999882698059,50901,0.0,0.0
2022-12-02 11:30:00-05:00,0.7272999882698059,0.7501000165939331,0.7268000245094299,0.7268000245094299,110208,0.0,0.0
2022-12-02 12:30:00-05:00,0.7268000245094299,0.7369999885559082,0.699999988079071,0.710099995136261,25081,0.0,0.0
2022-12-02 13:30:00-05:00,0.710099995136261,0.7200999855995178,0.6955999732017517,0.7200000286102295,46813,0.0,0.0
2022-12-02 14:30:00-05:00,0.7200999855995178,0.729200005531311,0.7178000211715698,0.729200005531311,18028,0.0,0.0
2022-12-02 15:30:00-05:00,0.7221500277519226,0.7321000099182129,0.718625009059906,0.7250000238418579,40876,0.0,0.0
2022-12-05 09:30:00-05:00,0.7713000178337097,0.7926999926567078,0.7516000270843506,0.7549999952316284,1072461,0.0,0.0
2022-12-05 10:30:00-05:00,0.7549999952316284,0.7598000168800354,0.7549999952316284,0.7554000020027161,107499,0.0,0.0
2022-12-05 11:30:00-05:00,0.7554000020027161,0.7559000253677368,0.7549999952316284,0.7549999952316284,75454,0.0,0.0
2022-12-05 12:30:00-05:00,0.755050003528595,0.7635999917984009,0.7400000095367432,0.7524999976158142,103049,0.0,0.0
2022-12-05 13:30:00-05:00,0.7524999976158142,0.7601000070571899,0.75,0.755299985408783,55046,0.0,0.0
2022-12-05 14:30:00-05:00,0.7540500164031982,0.7595000267028809,0.748199999332428,0.7566999793052673,84051,0.0,0.0
2022-12-05 15:30:00-05:00,0.7551000118255615,0.7628999948501587,0.7483000159263611,0.7599999904632568,58955,0.0,0.0
2022-12-06 09:30:00-05:00,0.7400000095367432,0.7641000151634216,0.7300000190734863,0.7641000151634216,93279,0.0,0.0
2022-12-06 10:30:00-05:00,0.7641000151634216,0.7799999713897705,0.7450000047683716,0.7699999809265137,23775,0.0,0.0
2022-12-06 11:30:00-05:00,0.7595000267028809,0.7795000076293945,0.7451000213623047,0.7548999786376953,56294,0.0,0.0
2022-12-06 12:30:00-05:00,0.7548999786376953,0.7548999786376953,0.7400000095367432,0.7435500025749207,65867,0.0,0.0
2022-12-06 13:30:00-05:00,0.7435500025749207,0.7497000098228455,0.7401000261306763,0.7444999814033508,33069,0.0,0.0
2022-12-06 14:30:00-05:00,0.7429999709129333,0.7598000168800354,0.7400000095367432,0.7519999742507935,47586,0.0,0.0
2022-12-06 15:30:00-05:00,0.7519999742507935,0.7649999856948853,0.75,0.7599999904632568,35591,0.0,0.0
2022-12-07 09:30:00-05:00,0.7171000242233276,0.7598999738693237,0.7171000242233276,0.7588000297546387,60842,0.0,0.0
2022-12-07 10:30:00-05:00,0.7551000118255615,0.7588000297546387,0.7268999814987183,0.7268999814987183,137886,0.0,0.0
2022-12-07 11:30:00-05:00,0.7190999984741211,0.7379999756813049,0.710099995136261,0.7249000072479248,59170,0.0,0.0
2022-12-07 12:30:00-05:00,0.7317000031471252,0.7317000031471252,0.7200000286102295,0.7214999794960022,18644,0.0,0.0
2022-12-07 13:30:00-05:00,0.7200000286102295,0.7211999893188477,0.7166500091552734,0.717199981212616,20701,0.0,0.0
2022-12-07 14:30:00-05:00,0.7175999879837036,0.7175999879837036,0.7137500047683716,0.7160000205039978,34074,0.0,0.0
2022-12-07 15:30:00-05:00,0.7160000205039978,0.7300000190734863,0.712149977684021,0.7149999737739563,29864,0.0,0.0
2022-12-08 09:30:00-05:00,0.7156000137329102,0.7699000239372253,0.7009000182151794,0.75,87912,0.0,0.0
2022-12-08 10:30:00-05:00,0.75,0.7678999900817871,0.7271999716758728,0.7678999900817871,34445,0.0,0.0
2022-12-08 11:30:00-05:00,0.746150016784668,0.7599999904632568,0.7333999872207642,0.7386000156402588,40939,0.0,0.0
2022-12-08 12:30:00-05:00,0.7386000156402588,0.753000020980835,0.7384999990463257,0.740149974822998,43385,0.0,0.0
2022-12-08 13:30:00-05:00,0.740149974822998,0.7578999996185303,0.7272999882698059,0.7491999864578247,33013,0.0,0.0
2022-12-08 14:30:00-05:00,0.7491999864578247,0.7560999989509583,0.7434999942779541,0.7515000104904175,23578,0.0,0.0
2022-12-08 15:30:00-05:00,0.753000020980835,0.7534999847412109,0.7419999837875366,0.7533000111579895,62506,0.0,0.0
2022-12-09 09:30:00-05:00,0.7400000095367432,0.7599999904632568,0.7300000190734863,0.7354000210762024,63245,0.0,0.0
2022-12-09 10:30:00-05:00,0.7354000210762024,0.8700000047683716,0.7307999730110168,0.8100000023841858,329837,0.0,0.0
2022-12-09 11:30:00-05:00,0.8051000237464905,0.835099995136261,0.7851790189743042,0.8180999755859375,276863,0.0,0.0
2022-12-09 12:30:00-05:00,0.8122000098228455,0.8180999755859375,0.7900000214576721,0.7900000214576721,9706,0.0,0.0
2022-12-09 13:30:00-05:00,0.7900000214576721,0.8198999762535095,0.7900000214576721,0.8065999746322632,32296,0.0,0.0
2022-12-09 14:30:00-05:00,0.8065999746322632,0.8100000023841858,0.7700999975204468,0.7700999975204468,35157,0.0,0.0
2022-12-09 15:30:00-05:00,0.7700999975204468,0.7861999869346619,0.7599999904632568,0.7699999809265137,26947,0.0,0.0
2022-12-12 09:30:00-05:00,7.449999809265137,7.489999771118164,6.909999847412109,7.045000076293945,27963,0.0,0.0
2022-12-12 10:30:00-05:00,7.010000228881836,7.159999847412109,6.960000038146973,7.010000228881836,16365,0.0,0.0
2022-12-12 11:30:00-05:00,7.139999866485596,7.800000190734863,7.039999961853027,7.619999885559082,13963,0.0,0.0
2022-12-12 12:30:00-05:00,7.679500102996826,7.869999885559082,7.590000152587891,7.869999885559082,5945,0.0,0.0
2022-12-12 13:30:00-05:00,7.695000171661377,7.695000171661377,7.579999923706055,7.639999866485596,1242,0.0,0.0
2022-12-12 14:30:00-05:00,7.559999942779541,7.650000095367432,7.5,7.59499979019165,3952,0.0,0.0
2022-12-12 15:30:00-05:00,7.670000076293945,7.829999923706055,7.519999980926514,7.829999923706055,3435,0.0,0.0
2022-12-13 09:30:00-05:00,7.980000019073486,7.980000019073486,7.355000019073486,7.699999809265137,57604,0.0,0.0
2022-12-13 10:30:00-05:00,7.570000171661377,7.570000171661377,7.3190999031066895,7.380000114440918,15779,0.0,0.0
2022-12-13 11:30:00-05:00,7.360000133514404,7.550000190734863,7.230000019073486,7.369999885559082,13263,0.0,0.0
2022-12-13 12:30:00-05:00,7.300000190734863,7.380000114440918,7.179999828338623,7.25,19535,0.0,0.0
2022-12-13 13:30:00-05:00,7.329899787902832,7.329899787902832,7.239999771118164,7.320000171661377,3374,0.0,0.0
2022-12-13 14:30:00-05:00,7.22760009765625,7.369999885559082,7.22760009765625,7.230100154876709,5603,0.0,0.0
2022-12-13 15:30:00-05:00,7.239999771118164,7.369999885559082,7.230000019073486,7.349999904632568,20246,0.0,0.0
2022-12-14 09:30:00-05:00,7.150000095367432,7.199999809265137,7.019999980926514,7.070000171661377,12934,0.0,0.0
2022-12-14 10:30:00-05:00,7.119999885559082,7.21999979019165,7.090000152587891,7.21999979019165,1755,0.0,0.0
2022-12-14 11:30:00-05:00,7.135700225830078,7.198500156402588,7.0696001052856445,7.150000095367432,6866,0.0,0.0
2022-12-14 12:30:00-05:00,7.039999961853027,7.170000076293945,7.039999961853027,7.050000190734863,1672,0.0,0.0
2022-12-14 13:30:00-05:00,7.050000190734863,7.119999885559082,7.019999980926514,7.019999980926514,7050,0.0,0.0
2022-12-14 14:30:00-05:00,7.039999961853027,7.079999923706055,7.0,7.0,14895,0.0,0.0
2022-12-14 15:30:00-05:00,7.0,7.070000171661377,7.0,7.020999908447266,10147,0.0,0.0
2022-12-15 09:30:00-05:00,6.989999771118164,7.119999885559082,6.710000038146973,6.769999980926514,45063,0.0,0.0
2022-12-15 10:30:00-05:00,6.71999979019165,6.78000020980835,6.699999809265137,6.730000019073486,25143,0.0,0.0
2022-12-15 11:30:00-05:00,6.730000019073486,6.809999942779541,6.539999961853027,6.539999961853027,37809,0.0,0.0
2022-12-15 12:30:00-05:00,6.539999961853027,6.559999942779541,6.5,6.510000228881836,7485,0.0,0.0
2022-12-15 13:30:00-05:00,6.510000228881836,6.510000228881836,6.309999942779541,6.35099983215332,21557,0.0,0.0
2022-12-15 14:30:00-05:00,6.340000152587891,6.361800193786621,5.809999942779541,6.119999885559082,20918,0.0,0.0
2022-12-15 15:30:00-05:00,6.150000095367432,6.150000095367432,6.0,6.090000152587891,23102,0.0,0.0
2022-12-16 09:30:00-05:00,6.179999828338623,6.289999961853027,6.179999828338623,6.179999828338623,4763,0.0,0.0
2022-12-16 10:30:00-05:00,6.189199924468994,6.230000019073486,6.189199924468994,6.230000019073486,4954,0.0,0.0
2022-12-16 11:30:00-05:00,6.210000038146973,6.239999771118164,6.199999809265137,6.199999809265137,2242,0.0,0.0
2022-12-16 12:30:00-05:00,6.232100009918213,6.232100009918213,6.199999809265137,6.199999809265137,636,0.0,0.0
2022-12-16 13:30:00-05:00,6.190000057220459,6.21999979019165,6.190000057220459,6.21999979019165,7748,0.0,0.0
2022-12-16 14:30:00-05:00,6.21999979019165,6.340000152587891,6.210000038146973,6.289999961853027,2710,0.0,0.0
2022-12-16 15:30:00-05:00,6.320199966430664,6.320199966430664,6.0,6.050000190734863,36244,0.0,0.0
2022-12-19 09:30:00-05:00,6.0,6.099999904632568,5.960000038146973,6.010000228881836,14702,0.0,0.0
2022-12-19 10:30:00-05:00,6.019999980926514,6.019999980926514,5.909999847412109,5.96999979019165,10692,0.0,0.0
2022-12-19 11:30:00-05:00,5.909999847412109,5.920000076293945,5.809999942779541,5.809999942779541,8626,0.0,0.0
2022-12-19 12:30:00-05:00,5.809999942779541,5.909999847412109,5.809999942779541,5.824999809265137,9581,0.0,0.0
2022-12-19 13:30:00-05:00,5.835100173950195,5.835100173950195,5.739999771118164,5.739999771118164,19711,0.0,0.0
2022-12-19 14:30:00-05:00,5.699999809265137,5.730000019073486,5.599999904632568,5.670000076293945,10306,0.0,0.0
2022-12-19 15:30:00-05:00,5.662300109863281,5.662300109863281,5.510000228881836,5.590000152587891,10237,0.0,0.0
2022-12-20 09:30:00-05:00,5.590000152587891,6.059999942779541,5.590000152587891,5.800600051879883,21048,0.0,0.0
2022-12-20 10:30:00-05:00,5.760000228881836,5.760000228881836,5.619999885559082,5.739999771118164,12983,0.0,0.0
2022-12-20 11:30:00-05:00,5.739999771118164,5.929999828338623,5.710000038146973,5.909999847412109,19628,0.0,0.0
2022-12-20 12:30:00-05:00,5.929999828338623,5.949999809265137,5.860000133514404,5.889999866485596,10270,0.0,0.0
2022-12-20 13:30:00-05:00,5.889999866485596,5.889999866485596,5.639999866485596,5.639999866485596,20968,0.0,0.0
2022-12-20 14:30:00-05:00,5.639999866485596,5.639999866485596,5.510000228881836,5.585000038146973,11915,0.0,0.0
2022-12-20 15:30:00-05:00,5.570000171661377,5.594699859619141,5.53000020980835,5.559999942779541,15492,0.0,0.0
2022-12-21 09:30:00-05:00,5.739999771118164,5.869999885559082,5.610000133514404,5.829999923706055,9181,0.0,0.0
2022-12-21 10:30:00-05:00,5.800000190734863,5.800000190734863,5.610000133514404,5.611400127410889,27571,0.0,0.0
2022-12-21 11:30:00-05:00,5.710000038146973,5.739999771118164,5.639999866485596,5.739999771118164,2431,0.0,0.0
2022-12-21 12:30:00-05:00,5.710000038146973,5.739999771118164,5.710000038146973,5.739999771118164,2663,0.0,0.0
2022-12-21 13:30:00-05:00,5.760000228881836,5.800000190734863,5.610000133514404,5.610000133514404,11945,0.0,0.0
2022-12-21 14:30:00-05:00,5.570000171661377,6.449999809265137,5.570000171661377,6.420000076293945,74642,0.0,0.0
2022-12-21 15:30:00-05:00,6.366600036621094,6.71999979019165,6.239999771118164,6.579999923706055,98767,0.0,0.0
2022-12-22 09:30:00-05:00,6.059999942779541,6.449999809265137,6.059999942779541,6.269999980926514,13984,0.0,0.0
2022-12-22 10:30:00-05:00,6.329999923706055,6.335000038146973,6.289999961853027,6.335000038146973,1040,0.0,0.0
2022-12-22 11:30:00-05:00,6.300000190734863,6.300000190734863,6.225599765777588,6.225599765777588,4748,0.0,0.0
2022-12-22 12:30:00-05:00,6.21999979019165,6.21999979019165,5.889999866485596,5.889999866485596,31520,0.0,0.0
2022-12-22 13:30:00-05:00,5.880000114440918,5.945000171661377,5.880000114440918,5.920000076293945,1548,0.0,0.0
2022-12-22 14:30:00-05:00,5.909999847412109,5.985000133514404,5.900000095367432,5.985000133514404,5125,0.0,0.0
2022-12-22 15:30:00-05:00,5.940000057220459,5.949999809265137,5.900000095367432,5.909999847412109,4401,0.0,0.0
2022-12-23 09:30:00-05:00,5.760000228881836,5.824999809265137,5.760000228881836,5.784999847412109,12226,0.0,0.0
2022-12-23 10:30:00-05:00,5.784999847412109,5.800000190734863,5.5100998878479,5.599999904632568,38175,0.0,0.0
2022-12-23 11:30:00-05:00,5.570000171661377,5.610000133514404,5.570000171661377,5.605000019073486,9506,0.0,0.0
2022-12-23 12:30:00-05:00,5.619999885559082,5.710000038146973,5.610000133514404,5.659999847412109,14224,0.0,0.0
2022-12-23 13:30:00-05:00,5.684999942779541,5.690000057220459,5.639999866485596,5.664999961853027,4280,0.0,0.0
2022-12-23 14:30:00-05:00,5.670000076293945,5.684999942779541,5.639999866485596,5.659999847412109,11945,0.0,0.0
2022-12-23 15:30:00-05:00,5.674600124359131,5.71999979019165,5.619999885559082,5.679999828338623,7895,0.0,0.0
2022-12-27 09:30:00-05:00,5.579999923706055,5.6894001960754395,5.579999923706055,5.675000190734863,13509,0.0,0.0
2022-12-27 10:30:00-05:00,5.675000190734863,5.789999961853027,5.630000114440918,5.769999980926514,8361,0.0,0.0
2022-12-27 11:30:00-05:00,5.769999980926514,5.78000020980835,5.690000057220459,5.769999980926514,7697,0.0,0.0
2022-12-27 12:30:00-05:00,5.765500068664551,5.765500068664551,5.730000019073486,5.760000228881836,3935,0.0,0.0
2022-12-27 13:30:00-05:00,5.760000228881836,5.760000228881836,5.710000038146973,5.75,3579,0.0,0.0
2022-12-27 14:30:00-05:00,5.715000152587891,5.75,5.53000020980835,5.570000171661377,17094,0.0,0.0
2022-12-27 15:30:00-05:00,5.614999771118164,5.650000095367432,5.550000190734863,5.559999942779541,11477,0.0,0.0
2022-12-28 09:30:00-05:00,5.5,5.579999923706055,5.5,5.539999961853027,14233,0.0,0.0
2022-12-28 10:30:00-05:00,5.539999961853027,5.559999942779541,5.460000038146973,5.460000038146973,18682,0.0,0.0
2022-12-28 11:30:00-05:00,5.460000038146973,5.460000038146973,5.420000076293945,5.420000076293945,8545,0.0,0.0
2022-12-28 12:30:00-05:00,5.439199924468994,5.46999979019165,5.409999847412109,5.440000057220459,5863,0.0,0.0
2022-12-28 13:30:00-05:00,5.440000057220459,5.460000038146973,5.409999847412109,5.425000190734863,8622,0.0,0.0
2022-12-28 14:30:00-05:00,5.409999847412109,5.409999847412109,5.380000114440918,5.380000114440918,12259,0.0,0.0
2022-12-28 15:30:00-05:00,5.400000095367432,5.420000076293945,5.099999904632568,5.099999904632568,49086,0.0,0.0
2022-12-29 09:30:00-05:00,5.190000057220459,5.309999942779541,5.170000076293945,5.239999771118164,20648,0.0,0.0
2022-12-29 10:30:00-05:00,5.235000133514404,5.309999942779541,5.200099945068359,5.304999828338623,8410,0.0,0.0
2022-12-29 11:30:00-05:00,5.289999961853027,5.289999961853027,5.199999809265137,5.244999885559082,11709,0.0,0.0
2022-12-29 12:30:00-05:00,5.244999885559082,5.300000190734863,5.230000019073486,5.28000020980835,4576,0.0,0.0
2022-12-29 13:30:00-05:00,5.304999828338623,5.329999923706055,5.21999979019165,5.264999866485596,8579,0.0,0.0
2022-12-29 14:30:00-05:00,5.300000190734863,5.329999923706055,5.260000228881836,5.269999980926514,15792,0.0,0.0
2022-12-29 15:30:00-05:00,5.309999942779541,5.429999828338623,5.28000020980835,5.380000114440918,20265,0.0,0.0
2022-12-30 09:30:00-05:00,5.239999771118164,5.375,5.239999771118164,5.364999771118164,6189,0.0,0.0
2022-12-30 10:30:00-05:00,5.360000133514404,5.425000190734863,5.360000133514404,5.425000190734863,3596,0.0,0.0
2022-12-30 11:30:00-05:00,5.440000057220459,5.46999979019165,5.440000057220459,5.46999979019165,846,0.0,0.0
2022-12-30 12:30:00-05:00,5.409999847412109,5.409999847412109,5.329999923706055,5.355000019073486,3610,0.0,0.0
2022-12-30 13:30:00-05:00,5.340000152587891,5.349999904632568,5.320000171661377,5.320000171661377,2997,0.0,0.0
2022-12-30 14:30:00-05:00,5.340000152587891,5.349999904632568,5.320000171661377,5.326399803161621,2450,0.0,0.0
2022-12-30 15:30:00-05:00,5.335000038146973,5.349999904632568,5.309999942779541,5.309999942779541,6405,0.0,0.0
2023-01-03 09:30:00-05:00,5.559999942779541,5.559999942779541,5.414999961853027,5.480000019073486,18741,0.0,0.0
2023-01-03 10:30:00-05:00,5.5157999992370605,5.519999980926514,5.110000133514404,5.170000076293945,46934,0.0,0.0
2023-01-03 11:30:00-05:00,5.150000095367432,5.21999979019165,4.909999847412109,5.019999980926514,36179,0.0,0.0
2023-01-03 12:30:00-05:00,5.03000020980835,5.079599857330322,5.019999980926514,5.03000020980835,18450,0.0,0.0
2023-01-03 13:30:00-05:00,5.050000190734863,5.050000190734863,4.769999980926514,4.949999809265137,63372,0.0,0.0
2023-01-03 14:30:00-05:00,4.940000057220459,5.085000038146973,4.940000057220459,5.074999809265137,8658,0.0,0.0
2023-01-03 15:30:00-05:00,5.0,5.03000020980835,4.5,4.519999980926514,88816,0.0,0.0
2023-01-04 09:30:00-05:00,4.940000057220459,5.190000057220459,4.869999885559082,5.179999828338623,41057,0.0,0.0
2023-01-04 10:30:00-05:00,5.199999809265137,5.460000038146973,5.199999809265137,5.460000038146973,14611,0.0,0.0
2023-01-04 11:30:00-05:00,5.460000038146973,5.579899787902832,5.449999809265137,5.449999809265137,15680,0.0,0.0
2023-01-04 12:30:00-05:00,5.421000003814697,5.570000171661377,5.420000076293945,5.5406999588012695,12806,0.0,0.0
2023-01-04 13:30:00-05:00,5.53000020980835,5.639999866485596,5.519999980926514,5.559999942779541,6879,0.0,0.0
2023-01-04 14:30:00-05:00,5.5980000495910645,5.999899864196777,5.590000152587891,5.999899864196777,18974,0.0,0.0
2023-01-04 15:30:00-05:00,6.0,6.0,5.739999771118164,5.769999980926514,24415,0.0,0.0
2023-01-05 09:30:00-05:00,5.840000152587891,5.96999979019165,5.704100131988525,5.920000076293945,27311,0.0,0.0
2023-01-05 10:30:00-05:00,5.949999809265137,6.648499965667725,5.949999809265137,6.21999979019165,23779,0.0,0.0
2023-01-05 11:30:00-05:00,6.300000190734863,6.340000152587891,6.210000038146973,6.304999828338623,7052,0.0,0.0
2023-01-05 12:30:00-05:00,6.21999979019165,6.300000190734863,6.150000095367432,6.275000095367432,11473,0.0,0.0
2023-01-05 13:30:00-05:00,6.289999961853027,6.340000152587891,6.244200229644775,6.320000171661377,9488,0.0,0.0
2023-01-05 14:30:00-05:00,6.320099830627441,6.329999923706055,6.21999979019165,6.21999979019165,7613,0.0,0.0
2023-01-05 15:30:00-05:00,6.21999979019165,6.320000171661377,6.21999979019165,6.300000190734863,12490,0.0,0.0
2023-01-06 09:30:00-05:00,6.090000152587891,6.117000102996826,5.920000076293945,6.110000133514404,11180,0.0,0.0
2023-01-06 10:30:00-05:00,6.179999828338623,6.400000095367432,6.179999828338623,6.349999904632568,5398,0.0,0.0
2023-01-06 11:30:00-05:00,6.34499979019165,6.559999942779541,6.34499979019165,6.539999961853027,6300,0.0,0.0
2023-01-06 12:30:00-05:00,6.539999961853027,6.554999828338623,6.460000038146973,6.554999828338623,6446,0.0,0.0
2023-01-06 13:30:00-05:00,6.590000152587891,6.739999771118164,6.519999980926514,6.704999923706055,6608,0.0,0.0
2023-01-06 14:30:00-05:00,6.704999923706055,6.75,6.5,6.53000020980835,19711,0.0,0.0
2023-01-06 15:30:00-05:00,6.53000020980835,6.559999942779541,6.5,6.550000190734863,8069,0.0,0.0
2023-01-09 09:30:00-05:00,6.53000020980835,7.0,6.53000020980835,6.980000019073486,12699,0.0,0.0
2023-01-09 10:30:00-05:00,7.010000228881836,7.380000114440918,7.010000228881836,7.329999923706055,16797,0.0,0.0
2023-01-09 11:30:00-05:00,7.329999923706055,7.5,7.289999961853027,7.5,8112,0.0,0.0
2023-01-09 12:30:00-05:00,7.510000228881836,7.510000228881836,7.349999904632568,7.369999885559082,4458,0.0,0.0
2023-01-09 13:30:00-05:00,7.349999904632568,7.409999847412109,7.079899787902832,7.139900207519531,30292,0.0,0.0
2023-01-09 14:30:00-05:00,7.079999923706055,7.125,6.900000095367432,6.900000095367432,7057,0.0,0.0
2023-01-09 15:30:00-05:00,6.920000076293945,6.920000076293945,6.869999885559082,6.909999847412109,7801,0.0,0.0
2023-01-10 09:30:00-05:00,6.949999809265137,7.079999923706055,6.860000133514404,6.940000057220459,4546,0.0,0.0
2023-01-10 10:30:00-05:00,6.985000133514404,7.085000038146973,6.909999847412109,7.059999942779541,2834,0.0,0.0
2023-01-10 11:30:00-05:00,7.0,7.159999847412109,7.0,7.144999980926514,2111,0.0,0.0
2023-01-10 12:30:00-05:00,7.21999979019165,7.324999809265137,7.21999979019165,7.309999942779541,1603,0.0,0.0
2023-01-10 13:30:00-05:00,7.257800102233887,7.360000133514404,7.257800102233887,7.309999942779541,7907,0.0,0.0
2023-01-10 14:30:00-05:00,7.230000019073486,7.230999946594238,7.170000076293945,7.190000057220459,2750,0.0,0.0
2023-01-10 15:30:00-05:00,7.150000095367432,7.199999809265137,7.090000152587891,7.139999866485596,4595,0.0,0.0
2023-01-11 09:30:00-05:00,7.119999885559082,7.5,7.03000020980835,7.349999904632568,14525,0.0,0.0
2023-01-11 10:30:00-05:00,7.255000114440918,7.300000190734863,6.949999809265137,6.949999809265137,11297,0.0,0.0
2023-01-11 11:30:00-05:00,6.960000038146973,7.130000114440918,6.949999809265137,7.099999904632568,8684,0.0,0.0
2023-01-11 12:30:00-05:00,7.050000190734863,7.070000171661377,6.949999809265137,7.070000171661377,4054,0.0,0.0
2023-01-11 13:30:00-05:00,7.190000057220459,7.230000019073486,7.159999847412109,7.170000076293945,11847,0.0,0.0
2023-01-11 14:30:00-05:00,7.170000076293945,7.28000020980835,7.159999847412109,7.230000019073486,4947,0.0,0.0
2023-01-11 15:30:00-05:00,7.170000076293945,7.320000171661377,7.170000076293945,7.21999979019165,0,0.0,0.0
2023-01-12 09:30:00-05:00,7.25,7.28000020980835,7.010000228881836,7.010000228881836,8738,0.0,0.0
2023-01-12 10:30:00-05:00,7.010000228881836,7.090000152587891,7.010000228881836,7.085000038146973,3950,0.0,0.0
2023-01-12 11:30:00-05:00,7.085000038146973,7.114999771118164,7.03000020980835,7.114999771118164,1135,0.0,0.0
2023-01-12 12:30:00-05:00,7.050000190734863,7.164999961853027,7.039999961853027,7.039999961853027,4687,0.0,0.0
2023-01-12 13:30:00-05:00,7.03000020980835,7.03000020980835,6.760000228881836,6.760000228881836,9119,0.0,0.0
2023-01-12 14:30:00-05:00,6.809999942779541,6.919899940490723,6.809999942779541,6.829999923706055,6304,0.0,0.0
2023-01-12 15:30:00-05:00,6.909999847412109,6.989999771118164,6.840000152587891,6.840000152587891,5809,0.0,0.0
2023-01-13 09:30:00-05:00,6.900000095367432,7.400000095367432,6.840199947357178,7.400000095367432,16134,0.0,0.0
2023-01-13 10:30:00-05:00,7.485000133514404,7.485000133514404,6.962299823760986,7.079999923706055,12863,0.0,0.0
2023-01-13 11:30:00-05:00,7.21999979019165,7.229899883270264,7.059999942779541,7.105000019073486,2044,0.0,0.0
2023-01-13 12:30:00-05:00,7.090799808502197,7.099999904632568,7.090799808502197,7.099999904632568,1370,0.0,0.0
2023-01-13 13:30:00-05:00,7.054999828338623,7.25,7.054999828338623,7.199999809265137,5410,0.0,0.0
2023-01-13 14:30:00-05:00,7.204999923706055,7.255000114440918,7.050000190734863,7.050000190734863,2259,0.0,0.0
2023-01-13 15:30:00-05:00,7.010000228881836,7.260000228881836,7.010000228881836,7.199999809265137,9692,0.0,0.0
2023-01-17 09:30:00-05:00,7.25,8.300000190734863,7.25,8.300000190734863,50718,0.0,0.0
2023-01-17 10:30:00-05:00,8.260000228881836,9.0,8.1899995803833,8.999899864196777,65372,0.0,0.0
2023-01-17 11:30:00-05:00,8.991299629211426,9.010000228881836,8.529999732971191,8.65999984741211,77267,0.0,0.0
2023-01-17 12:30:00-05:00,8.65999984741211,9.029999732971191,8.569999694824219,8.960000038146973,54979,0.0,0.0
2023-01-17 13:30:00-05:00,8.960000038146973,9.529999732971191,8.75,9.460000038146973,43199,0.0,0.0
2023-01-17 14:30:00-05:00,9.430100440979004,9.489999771118164,9.300000190734863,9.420000076293945,39600,0.0,0.0
2023-01-17 15:30:00-05:00,9.430000305175781,9.640000343322754,9.250100135803223,9.484100341796875,51959,0.0,0.0
2023-01-18 09:30:00-05:00,9.199999809265137,9.489999771118164,8.5,8.799300193786621,32050,0.0,0.0
2023-01-18 10:30:00-05:00,8.760000228881836,8.760000228881836,8.119999885559082,8.239999771118164,34379,0.0,0.0
2023-01-18 11:30:00-05:00,8.149999618530273,8.210399627685547,7.900000095367432,8.0,17348,0.0,0.0
2023-01-18 12:30:00-05:00,7.949999809265137,8.069999694824219,7.840000152587891,7.840000152587891,11288,0.0,0.0
2023-01-18 13:30:00-05:00,7.872099876403809,7.872099876403809,7.625,7.65500020980835,16796,0.0,0.0
2023-01-18 14:30:00-05:00,7.630000114440918,7.630000114440918,7.409999847412109,7.539999961853027,20589,0.0,0.0
2023-01-18 15:30:00-05:00,7.579999923706055,7.590000152587891,7.4278998374938965,7.5,6591,0.0,0.0
2023-01-19 09:30:00-05:00,7.5,7.659999847412109,7.5,7.619999885559082,20027,0.0,0.0
2023-01-19 10:30:00-05:00,7.599999904632568,7.630000114440918,7.571499824523926,7.599999904632568,3887,0.0,0.0
2023-01-19 11:30:00-05:00,7.59499979019165,7.59499979019165,7.2221999168396,7.329999923706055,27509,0.0,0.0
2023-01-19 12:30:00-05:00,7.300000190734863,7.309999942779541,7.130000114440918,7.260000228881836,10166,0.0,0.0
2023-01-19 13:30:00-05:00,7.28000020980835,7.340000152587891,7.199999809265137,7.199999809265137,7501,0.0,0.0
2023-01-19 14:30:00-05:00,7.21999979019165,7.25,7.199999809265137,7.25,9737,0.0,0.0
2023-01-19 15:30:00-05:00,7.25,7.320000171661377,7.230000019073486,7.289999961853027,1388,0.0,0.0
2023-01-20 09:30:00-05:00,7.400000095367432,7.590000152587891,7.349999904632568,7.559999942779541,5552,0.0,0.0
2023-01-20 10:30:00-05:00,7.519999980926514,7.560800075531006,7.380000114440918,7.381499767303467,4811,0.0,0.0
2023-01-20 11:30:00-05:00,7.380000114440918,7.440000057220459,7.380000114440918,7.440000057220459,1656,0.0,0.0
2023-01-20 12:30:00-05:00,7.340000152587891,7.519999980926514,7.300000190734863,7.519999980926514,3781,0.0,0.0
2023-01-20 13:30:00-05:00,7.489999771118164,8.359999656677246,7.449999809265137,8.34000015258789,58159,0.0,0.0
2023-01-20 14:30:00-05:00,8.420000076293945,8.84000015258789,8.415900230407715,8.520000457763672,86514,0.0,0.0
2023-01-20 15:30:00-05:00,8.479999542236328,8.770000457763672,8.229999542236328,8.229999542236328,31082,0.0,0.0
2023-01-23 09:30:00-05:00,8.289999961853027,8.479000091552734,8.140000343322754,8.1899995803833,11885,0.0,0.0
2023-01-23 10:30:00-05:00,8.180000305175781,8.399999618530273,8.0,8.0,19658,0.0,0.0
2023-01-23 11:30:00-05:00,8.029999732971191,8.10990047454834,8.0,8.0,3706,0.0,0.0
2023-01-23 12:30:00-05:00,8.039999961853027,8.039999961853027,7.929999828338623,8.0,3273,0.0,0.0
2023-01-23 13:30:00-05:00,7.929999828338623,8.029999732971191,7.929999828338623,7.989999771118164,3369,0.0,0.0
2023-01-23 14:30:00-05:00,8.050000190734863,8.050000190734863,7.929999828338623,8.0,1064,0.0,0.0
2023-01-23 15:30:00-05:00,8.057299613952637,8.057299613952637,7.940000057220459,7.989999771118164,6741,0.0,0.0
2023-01-24 09:30:00-05:00,7.840000152587891,8.234999656677246,7.840000152587891,8.170000076293945,4071,0.0,0.0
2023-01-24 10:30:00-05:00,8.149999618530273,8.34000015258789,8.149999618530273,8.239999771118164,6276,0.0,0.0
2023-01-24 11:30:00-05:00,8.239999771118164,8.300000190734863,8.1899995803833,8.199999809265137,2249,0.0,0.0
2023-01-24 12:30:00-05:00,8.270000457763672,8.289999961853027,8.1899995803833,8.239999771118164,1671,0.0,0.0
2023-01-24 13:30:00-05:00,8.180399894714355,8.180399894714355,8.039999961853027,8.079999923706055,4314,0.0,0.0
2023-01-24 14:30:00-05:00,8.0600004196167,8.399999618530273,8.0600004196167,8.300000190734863,3638,0.0,0.0
2023-01-24 15:30:00-05:00,8.33430004119873,8.34000015258789,8.210000038146973,8.3100004196167,3905,0.0,0.0
2023-01-25 09:30:00-05:00,8.079999923706055,8.079999923706055,8.020000457763672,8.020000457763672,2191,0.0,0.0
2023-01-25 10:30:00-05:00,8.029999732971191,8.029999732971191,8.010000228881836,8.010000228881836,665,0.0,0.0
2023-01-25 11:30:00-05:00,8.0,8.0,7.933499813079834,8.0,1793,0.0,0.0
2023-01-25 12:30:00-05:00,8.0,8.279999732971191,7.914999961853027,8.279999732971191,8323,0.0,0.0
2023-01-25 13:30:00-05:00,8.239999771118164,8.239999771118164,8.239999771118164,8.239999771118164,810,0.0,0.0
2023-01-25 14:30:00-05:00,8.300000190734863,8.300000190734863,8.25,8.25,922,0.0,0.0
2023-01-25 15:30:00-05:00,8.220000267028809,8.220000267028809,8.1899995803833,8.199999809265137,0,0.0,0.0
2023-01-26 09:30:00-05:00,8.470000267028809,8.609999656677246,8.289999961853027,8.510000228881836,12677,0.0,0.0
2023-01-26 10:30:00-05:00,8.524999618530273,8.524999618530273,8.350000381469727,8.40999984741211,4826,0.0,0.0
2023-01-26 11:30:00-05:00,8.399999618530273,8.454999923706055,8.399999618530273,8.40999984741211,3223,0.0,0.0
2023-01-26 12:30:00-05:00,8.399999618530273,8.399999618530273,8.399999618530273,8.399999618530273,243,0.0,0.0
2023-01-26 13:30:00-05:00,8.449999809265137,8.449999809265137,7.699999809265137,8.079999923706055,35148,0.0,0.0
2023-01-26 14:30:00-05:00,8.079999923706055,8.229999542236328,8.029999732971191,8.220000267028809,9806,0.0,0.0
2023-01-26 15:30:00-05:00,8.229999542236328,8.4399995803833,8.199999809265137,8.4399995803833,17941,0.0,0.0
2023-01-27 09:30:00-05:00,8.329999923706055,8.579999923706055,8.259099960327148,8.479999542236328,7454,0.0,0.0
2023-01-27 10:30:00-05:00,8.34000015258789,8.34000015258789,8.34000015258789,8.34000015258789,437,0.0,0.0
2023-01-27 11:30:00-05:00,8.426600456237793,8.426600456237793,8.250100135803223,8.250100135803223,2900,0.0,0.0
2023-01-27 12:30:00-05:00,8.34000015258789,8.350000381469727,8.170000076293945,8.310099601745605,2871,0.0,0.0
2023-01-27 13:30:00-05:00,8.345000267028809,8.345000267028809,8.345000267028809,8.345000267028809,774,0.0,0.0
2023-01-27 14:30:00-05:00,8.379899978637695,8.550000190734863,8.379899978637695,8.529999732971191,7886,0.0,0.0
2023-01-27 15:30:00-05:00,8.510000228881836,8.609999656677246,8.479999542236328,8.579999923706055,4420,0.0,0.0
2023-01-30 09:30:00-05:00,8.079999923706055,8.304800033569336,7.900100231170654,7.900100231170654,34043,0.0,0.0
2023-01-30 10:30:00-05:00,7.949999809265137,8.0,7.867499828338623,8.0,4835,0.0,0.0
2023-01-30 11:30:00-05:00,8.0,8.079999923706055,8.0,8.010000228881836,1135,0.0,0.0
2023-01-30 12:30:00-05:00,8.010000228881836,8.052599906921387,8.0,8.010000228881836,2572,0.0,0.0
2023-01-30 13:30:00-05:00,8.010000228881836,8.010000228881836,7.960000038146973,8.005000114440918,6578,0.0,0.0
2023-01-30 14:30:00-05:00,7.96999979019165,8.029999732971191,7.809999942779541,7.809999942779541,5442,0.0,0.0
2023-01-30 15:30:00-05:00,7.820000171661377,7.920000076293945,7.730000019073486,7.730000019073486,6533,0.0,0.0
2023-01-31 09:30:00-05:00,7.659999847412109,7.844600200653076,7.599999904632568,7.789999961853027,6011,0.0,0.0
2023-01-31 10:30:00-05:00,7.840000152587891,7.889999866485596,7.800000190734863,7.829999923706055,3570,0.0,0.0
2023-01-31 11:30:00-05:00,7.750999927520752,7.900000095367432,7.710000038146973,7.900000095367432,4667,0.0,0.0
2023-01-31 12:30:00-05:00,7.829999923706055,7.829999923706055,7.829999923706055,7.829999923706055,423,0.0,0.0
2023-01-31 13:30:00-05:00,7.883299827575684,7.883299827575684,7.883299827575684,7.883299827575684,800,0.0,0.0
2023-01-31 14:30:00-05:00,7.743100166320801,7.869999885559082,7.710000038146973,7.869999885559082,702,0.0,0.0
2023-01-31 15:30:00-05:00,7.710000038146973,7.860000133514404,7.710000038146973,7.769999980926514,3562,0.0,0.0
2023-02-01 09:30:00-05:00,8.029999732971191,8.050000190734863,7.7600998878479,7.937099933624268,16557,0.0,0.0
2023-02-01 10:30:00-05:00,7.96999979019165,7.96999979019165,7.80049991607666,7.820000171661377,2003,0.0,0.0
2023-02-01 11:30:00-05:00,7.894999980926514,7.894999980926514,7.894999980926514,7.894999980926514,124,0.0,0.0
2023-02-01 12:30:00-05:00,7.885000228881836,7.885000228881836,7.829999923706055,7.829999923706055,421,0.0,0.0
2023-02-01 13:30:00-05:00,7.940000057220459,7.960000038146973,7.909999847412109,7.909999847412109,1669,0.0,0.0
2023-02-01 14:30:00-05:00,7.920000076293945,8.180000305175781,7.789999961853027,8.140000343322754,12065,0.0,0.0
2023-02-01 15:30:00-05:00,8.180000305175781,8.1899995803833,8.050000190734863,8.050000190734863,3720,0.0,0.0
2023-02-02 09:30:00-05:00,7.960000038146973,7.960000038146973,7.260000228881836,7.449999809265137,55042,0.0,0.0
2023-02-02 10:30:00-05:00,7.449999809265137,7.545400142669678,7.159999847412109,7.360000133514404,48358,0.0,0.0
2023-02-02 11:30:00-05:00,7.40500020980835,7.480000019073486,7.349999904632568,7.394400119781494,13156,0.0,0.0
2023-02-02 12:30:00-05:00,7.499899864196777,7.519999980926514,7.42080020904541,7.460000038146973,8945,0.0,0.0
2023-02-02 13:30:00-05:00,7.5,7.5,6.710000038146973,6.989699840545654,66740,0.0,0.0
2023-02-02 14:30:00-05:00,7.059999942779541,7.150000095367432,6.5,6.746099948883057,50525,0.0,0.0
2023-02-02 15:30:00-05:00,6.775599956512451,6.775599956512451,6.489999771118164,6.550000190734863,69407,0.0,0.0
2023-02-03 09:30:00-05:00,6.590000152587891,7.21999979019165,6.590000152587891,6.965000152587891,32949,0.0,0.0
2023-02-03 10:30:00-05:00,6.96999979019165,7.059999942779541,6.929999828338623,6.940000057220459,6799,0.0,0.0
2023-02-03 11:30:00-05:00,6.949999809265137,6.949999809265137,6.840000152587891,6.849999904632568,2795,0.0,0.0
2023-02-03 12:30:00-05:00,6.840000152587891,6.840000152587891,6.75,6.807000160217285,3382,0.0,0.0
2023-02-03 13:30:00-05:00,6.795000076293945,6.860000133514404,6.760000228881836,6.860000133514404,2172,0.0,0.0
2023-02-03 14:30:00-05:00,6.829999923706055,6.829999923706055,6.739999771118164,6.769999980926514,9057,0.0,0.0
2023-02-03 15:30:00-05:00,6.760000228881836,6.829999923706055,6.75,6.78000020980835,4731,0.0,0.0
2023-02-06 09:30:00-05:00,6.510000228881836,6.699999809265137,6.5,6.5,37052,0.0,0.0
2023-02-06 10:30:00-05:00,6.525000095367432,6.809999942779541,6.5,6.809999942779541,8051,0.0,0.0
2023-02-06 11:30:00-05:00,6.809999942779541,6.8597002029418945,6.650000095367432,6.650000095367432,2618,0.0,0.0
2023-02-06 12:30:00-05:00,6.626999855041504,6.745999813079834,6.626999855041504,6.745999813079834,903,0.0,0.0
2023-02-06 13:30:00-05:00,6.760000228881836,6.789999961853027,6.735000133514404,6.75,3786,0.0,0.0
2023-02-06 14:30:00-05:00,6.78000020980835,6.789999961853027,6.704999923706055,6.75,2330,0.0,0.0
2023-02-06 15:30:00-05:00,6.739999771118164,6.849999904632568,6.679999828338623,6.699999809265137,10020,0.0,0.0
2023-02-07 09:30:00-05:00,6.690000057220459,7.0,6.670000076293945,6.822299957275391,11198,0.0,0.0
2023-02-07 10:30:00-05:00,6.7170000076293945,6.929999828338623,6.679999828338623,6.929999828338623,2299,0.0,0.0
2023-02-07 11:30:00-05:00,6.885000228881836,6.909999847412109,6.885000228881836,6.909999847412109,605,0.0,0.0
2023-02-07 12:30:00-05:00,6.909999847412109,7.070000171661377,6.909999847412109,7.059999942779541,4025,0.0,0.0
2023-02-07 13:30:00-05:00,6.985000133514404,7.059999942779541,6.909999847412109,7.059999942779541,1539,0.0,0.0
2023-02-07 14:30:00-05:00,7.059999942779541,7.059999942779541,6.909999847412109,7.039999961853027,1820,0.0,0.0
2023-02-07 15:30:00-05:00,7.039999961853027,7.090000152587891,7.010000228881836,7.054999828338623,5005,0.0,0.0
2023-02-08 09:30:00-05:00,7.25,7.25,7.070000171661377,7.070000171661377,3254,0.0,0.0
2023-02-08 10:30:00-05:00,7.090000152587891,7.117300033569336,6.960000038146973,6.994999885559082,5214,0.0,0.0
2023-02-08 11:30:00-05:00,7.074999809265137,7.074999809265137,7.074999809265137,7.074999809265137,417,0.0,0.0
2023-02-08 12:30:00-05:00,7.010700225830078,7.050000190734863,7.0,7.019999980926514,3110,0.0,0.0
2023-02-08 13:30:00-05:00,7.0,7.0,6.949999809265137,6.949999809265137,1167,0.0,0.0
2023-02-08 14:30:00-05:00,6.894999980926514,6.949999809265137,6.809999942779541,6.894999980926514,2557,0.0,0.0
2023-02-08 15:30:00-05:00,6.840000152587891,6.909999847412109,6.760000228881836,6.809999942779541,3847,0.0,0.0
2023-02-09 09:30:00-05:00,7.170000076293945,7.195000171661377,6.860000133514404,7.010000228881836,0,0.0,0.0
2023-02-09 10:30:00-05:00,7.0,7.0,6.820000171661377,6.920000076293945,5673,0.0,0.0
2023-02-09 11:30:00-05:00,6.927299976348877,6.989999771118164,6.780900001525879,6.859899997711182,10411,0.0,0.0
2023-02-09 12:30:00-05:00,6.849999904632568,6.920000076293945,6.849999904632568,6.920000076293945,4150,0.0,0.0
2023-02-09 13:30:00-05:00,6.949999809265137,6.949999809265137,6.949999809265137,6.949999809265137,229,0.0,0.0
2023-02-09 14:30:00-05:00,6.90500020980835,6.90500020980835,6.610000133514404,6.610000133514404,6590,0.0,0.0
2023-02-09 15:30:00-05:00,6.605999946594238,6.869999885559082,6.599999904632568,6.835000038146973,13266,0.0,0.0
2023-02-10 09:30:00-05:00,6.579999923706055,6.71999979019165,6.539999961853027,6.65500020980835,15694,0.0,0.0
2023-02-10 10:30:00-05:00,6.659999847412109,6.730000019073486,6.650000095367432,6.650000095367432,3428,0.0,0.0
2023-02-10 11:30:00-05:00,6.650000095367432,6.739999771118164,6.639999866485596,6.695000171661377,3691,0.0,0.0
2023-02-10 12:30:00-05:00,6.670000076293945,6.679999828338623,6.650000095367432,6.677299976348877,1181,0.0,0.0
2023-02-10 13:30:00-05:00,6.650000095367432,6.650000095367432,6.559999942779541,6.639999866485596,5059,0.0,0.0
2023-02-10 14:30:00-05:00,6.590000152587891,6.670000076293945,6.579999923706055,6.639999866485596,3565,0.0,0.0
2023-02-10 15:30:00-05:00,6.670000076293945,6.670000076293945,6.570000171661377,6.639999866485596,4451,0.0,0.0
2023-02-13 09:30:00-05:00,6.639999866485596,6.78000020980835,6.495299816131592,6.760000228881836,7461,0.0,0.0
2023-02-13 10:30:00-05:00,6.570000171661377,6.6844000816345215,6.570000171661377,6.6844000816345215,270,0.0,0.0
2023-02-13 11:30:00-05:00,6.760000228881836,6.769999980926514,6.679999828338623,6.761099815368652,3642,0.0,0.0
2023-02-13 12:30:00-05:00,6.724999904632568,6.869999885559082,6.724999904632568,6.84499979019165,9399,0.0,0.0
2023-02-13 13:30:00-05:00,6.8256001472473145,6.869999885559082,6.690000057220459,6.730000019073486,2235,0.0,0.0
2023-02-13 14:30:00-05:00,6.855000019073486,6.855000019073486,6.599999904632568,6.686100006103516,4158,0.0,0.0
2023-02-13 15:30:00-05:00,6.666500091552734,6.75,6.510000228881836,6.75,9692,0.0,0.0
2023-02-14 09:30:00-05:00,6.639999866485596,7.639999866485596,6.565000057220459,7.639999866485596,65784,0.0,0.0
2023-02-14 10:30:00-05:00,7.670000076293945,8.1899995803833,7.510000228881836,7.789999961853027,120769,0.0,0.0
2023-02-14 11:30:00-05:00,7.789999961853027,8.380000114440918,7.789999961853027,8.149999618530273,111629,0.0,0.0
2023-02-14 12:30:00-05:00,8.239999771118164,8.470000267028809,7.980000019073486,8.420000076293945,46750,0.0,0.0
2023-02-14 13:30:00-05:00,8.4399995803833,8.680000305175781,8.229999542236328,8.625,72010,0.0,0.0
2023-02-14 14:30:00-05:00,8.640000343322754,8.930000305175781,8.539999961853027,8.779999732971191,57807,0.0,0.0
2023-02-14 15:30:00-05:00,8.779999732971191,8.899999618530273,8.520000457763672,8.75,50269,0.0,0.0
2023-02-15 09:30:00-05:00,7.900000095367432,8.350000381469727,7.849999904632568,7.929999828338623,34457,0.0,0.0
2023-02-15 10:30:00-05:00,7.829999923706055,8.039999961853027,7.809999942779541,7.960999965667725,10763,0.0,0.0
2023-02-15 11:30:00-05:00,8.019599914550781,8.180000305175781,7.909999847412109,7.980000019073486,15511,0.0,0.0
2023-02-15 12:30:00-05:00,8.0,8.039999961853027,7.824999809265137,8.0,8714,0.0,0.0
2023-02-15 13:30:00-05:00,7.96999979019165,8.130000114440918,7.949999809265137,8.121100425720215,2732,0.0,0.0
2023-02-15 14:30:00-05:00,8.119999885559082,8.119999885559082,7.900000095367432,7.900000095367432,5352,0.0,0.0
2023-02-15 15:30:00-05:00,7.869999885559082,8.069999694824219,7.869999885559082,8.069999694824219,16463,0.0,0.0
2023-02-16 09:30:00-05:00,7.78000020980835,7.940000057220459,7.519999980926514,7.679999828338623,15676,0.0,0.0
2023-02-16 10:30:00-05:00,7.789999961853027,7.789999961853027,7.639999866485596,7.639999866485596,567,0.0,0.0
2023-02-16 11:30:00-05:00,7.630000114440918,7.681000232696533,7.550000190734863,7.619999885559082,4926,0.0,0.0
2023-02-16 12:30:00-05:00,7.664999961853027,7.699999809265137,7.579999923706055,7.610000133514404,5228,0.0,0.0
2023-02-16 13:30:00-05:00,7.605000019073486,7.664999961853027,7.599999904632568,7.599999904632568,8052,0.0,0.0
2023-02-16 14:30:00-05:00,7.710000038146973,7.710000038146973,7.545000076293945,7.545000076293945,3850,0.0,0.0
2023-02-16 15:30:00-05:00,7.53000020980835,7.550000190734863,7.400100231170654,7.409999847412109,7475,0.0,0.0
2023-02-17 09:30:00-05:00,7.230000019073486,7.369999885559082,7.230000019073486,7.369999885559082,1880,0.0,0.0
2023-02-17 10:30:00-05:00,7.369999885559082,7.389999866485596,7.260000228881836,7.320000171661377,3318,0.0,0.0
2023-02-17 11:30:00-05:00,7.320000171661377,7.329999923706055,7.230000019073486,7.329999923706055,7046,0.0,0.0
2023-02-17 12:30:00-05:00,7.25,7.400000095367432,7.230000019073486,7.230000019073486,6462,0.0,0.0
2023-02-17 13:30:00-05:00,7.230000019073486,7.269999980926514,7.170000076293945,7.260000228881836,8896,0.0,0.0
2023-02-17 14:30:00-05:00,7.235000133514404,7.290299892425537,7.184999942779541,7.290299892425537,2940,0.0,0.0
2023-02-17 15:30:00-05:00,7.239999771118164,7.409900188446045,7.239999771118164,7.300000190734863,4543,0.0,0.0
2023-02-21 09:30:00-05:00,7.139999866485596,7.355000019073486,6.929999828338623,7.0,32577,0.0,0.0
2023-02-21 10:30:00-05:00,7.059999942779541,7.079999923706055,6.889999866485596,6.900000095367432,15706,0.0,0.0
2023-02-21 11:30:00-05:00,6.889999866485596,6.989999771118164,6.800000190734863,6.809999942779541,16776,0.0,0.0
2023-02-21 12:30:00-05:00,6.809999942779541,6.820000171661377,6.75,6.75,3773,0.0,0.0
2023-02-21 13:30:00-05:00,6.784999847412109,6.909999847412109,6.75,6.864999771118164,11017,0.0,0.0
2023-02-21 14:30:00-05:00,6.9019999504089355,6.989999771118164,6.864299774169922,6.920000076293945,6218,0.0,0.0
2023-02-21 15:30:00-05:00,6.920000076293945,6.980000019073486,6.920000076293945,6.929999828338623,6692,0.0,0.0
2023-02-22 09:30:00-05:00,6.760000228881836,7.039999961853027,6.760000228881836,7.0,6750,0.0,0.0
2023-02-22 10:30:00-05:00,7.0,7.070000171661377,6.954999923706055,7.014999866485596,2208,0.0,0.0
2023-02-22 11:30:00-05:00,7.010000228881836,7.03000020980835,7.010000228881836,7.025000095367432,1181,0.0,0.0
2023-02-22 12:30:00-05:00,7.079999923706055,7.139999866485596,7.059999942779541,7.059999942779541,3620,0.0,0.0
2023-02-22 13:30:00-05:00,7.03000020980835,7.119999885559082,6.985000133514404,6.985000133514404,2641,0.0,0.0
2023-02-22 14:30:00-05:00,7.0,7.130000114440918,6.960000038146973,7.059999942779541,6047,0.0,0.0
2023-02-22 15:30:00-05:00,7.012199878692627,7.099999904632568,6.96999979019165,6.96999979019165,7051,0.0,0.0
2023-02-23 09:30:00-05:00,6.989999771118164,7.099999904632568,6.960000038146973,7.034999847412109,13349,0.0,0.0
2023-02-23 10:30:00-05:00,7.034999847412109,7.034999847412109,6.949999809265137,6.954999923706055,4122,0.0,0.0
2023-02-23 11:30:00-05:00,6.960000038146973,7.070000171661377,6.954999923706055,7.010000228881836,7145,0.0,0.0
2023-02-23 12:30:00-05:00,7.010000228881836,7.053999900817871,6.96999979019165,7.053999900817871,901,0.0,0.0
2023-02-23 13:30:00-05:00,7.0,7.199999809265137,7.0,7.179999828338623,4812,0.0,0.0
2023-02-23 14:30:00-05:00,7.079999923706055,7.090000152587891,7.03000020980835,7.039999961853027,2015,0.0,0.0
2023-02-23 15:30:00-05:00,7.050000190734863,7.099999904632568,6.985000133514404,7.03000020980835,6426,0.0,0.0
2023-02-24 09:30:00-05:00,6.769999980926514,7.0,6.769999980926514,7.0,12543,0.0,0.0
2023-02-24 10:30:00-05:00,7.010000228881836,7.019999980926514,6.932400226593018,6.980000019073486,4849,0.0,0.0
2023-02-24 11:30:00-05:00,6.980000019073486,7.019999980926514,6.929999828338623,7.019999980926514,6088,0.0,0.0
2023-02-24 12:30:00-05:00,6.945000171661377,7.010000228881836,6.945000171661377,7.0,3657,0.0,0.0
2023-02-24 13:30:00-05:00,7.005000114440918,7.005000114440918,6.910099983215332,7.0,4598,0.0,0.0
2023-02-24 14:30:00-05:00,7.0,7.150000095367432,6.96999979019165,6.96999979019165,5674,0.0,0.0
2023-02-24 15:30:00-05:00,6.980000019073486,7.03000020980835,6.96999979019165,7.019999980926514,5530,0.0,0.0
2023-02-27 09:30:00-05:00,7.0,7.340000152587891,6.929999828338623,6.994999885559082,3253,0.0,0.0
2023-02-27 10:30:00-05:00,6.989999771118164,7.0,6.949999809265137,6.949999809265137,4175,0.0,0.0
2023-02-27 11:30:00-05:00,6.960000038146973,7.03000020980835,6.934999942779541,7.0,3598,0.0,0.0
2023-02-27 12:30:00-05:00,6.9303998947143555,7.03000020980835,6.9303998947143555,7.0,1832,0.0,0.0
2023-02-27 13:30:00-05:00,6.989999771118164,7.019999980926514,6.985000133514404,7.019999980926514,2623,0.0,0.0
2023-02-27 14:30:00-05:00,7.059999942779541,7.070000171661377,6.980000019073486,6.980000019073486,2506,0.0,0.0
2023-02-27 15:30:00-05:00,6.96999979019165,7.039999961853027,6.920000076293945,7.0,12282,0.0,0.0
2023-02-28 09:30:00-05:00,6.96999979019165,7.039999961853027,6.800000190734863,6.96999979019165,9884,0.0,0.0
2023-02-28 10:30:00-05:00,6.965000152587891,7.010000228881836,6.800000190734863,6.875,16295,0.0,0.0
2023-02-28 11:30:00-05:00,6.920000076293945,6.920000076293945,6.855000019073486,6.869999885559082,2024,0.0,0.0
2023-02-28 12:30:00-05:00,6.864999771118164,6.864999771118164,6.800000190734863,6.849999904632568,1441,0.0,0.0
2023-02-28 13:30:00-05:00,6.849999904632568,6.934999942779541,6.849999904632568,6.869999885559082,3922,0.0,0.0
2023-02-28 14:30:00-05:00,6.821000099182129,6.929999828338623,6.821000099182129,6.840000152587891,7339,0.0,0.0
2023-02-28 15:30:00-05:00,6.840000152587891,6.960000038146973,6.815000057220459,6.960000038146973,16531,0.0,0.0
2023-03-01 09:30:00-05:00,7.210000038146973,7.210000038146973,6.945000171661377,6.985000133514404,10087,0.0,0.0
2023-03-01 10:30:00-05:00,6.985000133514404,7.03000020980835,6.909900188446045,6.909900188446045,2242,0.0,0.0
2023-03-01 11:30:00-05:00,6.960000038146973,7.0,6.929999828338623,6.994999885559082,3000,0.0,0.0
2023-03-01 12:30:00-05:00,6.981400012969971,6.989999771118164,6.914999961853027,6.929999828338623,6736,0.0,0.0
2023-03-01 13:30:00-05:00,6.929999828338623,7.0,6.929999828338623,6.954999923706055,2539,0.0,0.0
2023-03-01 14:30:00-05:00,6.949999809265137,7.050000190734863,6.949999809265137,6.96999979019165,5389,0.0,0.0
2023-03-01 15:30:00-05:00,6.965000152587891,7.010000228881836,6.920000076293945,6.920000076293945,4391,0.0,0.0
2023-03-02 09:30:00-05:00,6.920000076293945,6.945000171661377,6.800000190734863,6.900000095367432,8518,0.0,0.0
2023-03-02 10:30:00-05:00,6.849999904632568,6.945000171661377,6.829999923706055,6.929999828338623,1019,0.0,0.0
2023-03-02 11:30:00-05:00,6.900000095367432,6.940000057220459,6.900000095367432,6.909999847412109,1642,0.0,0.0
2023-03-02 12:30:00-05:00,6.894999980926514,6.940000057220459,6.894999980926514,6.925000190734863,4441,0.0,0.0
2023-03-02 13:30:00-05:00,6.909999847412109,6.920000076293945,6.900000095367432,6.900000095367432,1257,0.0,0.0
2023-03-02 14:30:00-05:00,6.889999866485596,6.90500020980835,6.849999904632568,6.860000133514404,3909,0.0,0.0
2023-03-02 15:30:00-05:00,6.860000133514404,6.949999809265137,6.860000133514404,6.949999809265137,3341,0.0,0.0
2023-03-03 09:30:00-05:00,6.860000133514404,7.0,6.800000190734863,7.0,524,0.0,0.0
2023-03-03 10:30:00-05:00,6.960000038146973,6.96999979019165,6.893499851226807,6.96999979019165,3700,0.0,0.0
2023-03-03 11:30:00-05:00,6.909999847412109,7.150000095367432,6.909999847412109,7.0,2325,0.0,0.0
2023-03-03 12:30:00-05:00,7.0,7.0,6.949999809265137,6.960000038146973,1060,0.0,0.0
2023-03-03 13:30:00-05:00,6.949999809265137,7.046299934387207,6.900000095367432,6.900000095367432,2848,0.0,0.0
2023-03-03 14:30:00-05:00,6.900000095367432,6.949999809265137,6.880000114440918,6.900000095367432,3852,0.0,0.0
2023-03-03 15:30:00-05:00,6.920000076293945,6.980000019073486,6.829999923706055,6.96999979019165,5257,0.0,0.0
2023-03-06 09:30:00-05:00,6.78000020980835,6.78000020980835,6.78000020980835,6.78000020980835,1401,0.0,0.0
2023-03-06 10:30:00-05:00,6.880000114440918,6.900000095367432,6.679999828338623,6.775000095367432,9200,0.0,0.0
2023-03-06 11:30:00-05:00,6.704999923706055,6.775000095367432,6.5,6.539999961853027,13381,0.0,0.0
2023-03-06 12:30:00-05:00,6.5,6.560400009155273,6.400000095367432,6.440000057220459,17391,0.0,0.0
2023-03-06 13:30:00-05:00,6.375,6.5,6.375,6.400000095367432,5524,0.0,0.0
2023-03-06 14:30:00-05:00,6.383699893951416,6.514999866485596,6.210000038146973,6.239999771118164,17624,0.0,0.0
2023-03-06 15:30:00-05:00,6.230000019073486,6.309999942779541,6.199999809265137,6.21999979019165,0,0.0,0.0
2023-03-07 09:30:00-05:00,6.199999809265137,6.199999809265137,6.050000190734863,6.059999942779541,16250,0.0,0.0
2023-03-07 10:30:00-05:00,6.117599964141846,6.119999885559082,5.929999828338623,5.980000019073486,51346,0.0,0.0
2023-03-07 11:30:00-05:00,5.974999904632568,6.019999980926514,5.900000095367432,5.949999809265137,20294,0.0,0.0
2023-03-07 12:30:00-05:00,5.995100021362305,6.0,5.880000114440918,5.929999828338623,44368,0.0,0.0
2023-03-07 13:30:00-05:00,5.925000190734863,5.980000019073486,5.90500020980835,5.940000057220459,5978,0.0,0.0
2023-03-07 14:30:00-05:00,5.900100231170654,6.039999961853027,5.880000114440918,6.03000020980835,13136,0.0,0.0
2023-03-07 15:30:00-05:00,5.960000038146973,6.019999980926514,5.809999942779541,5.809999942779541,0,0.0,0.0
2023-03-08 09:30:00-05:00,5.800000190734863,6.090000152587891,5.75,5.86460018157959,32121,0.0,0.0
2023-03-08 10:30:00-05:00,5.849999904632568,5.949999809265137,5.849999904632568,5.949999809265137,7769,0.0,0.0
2023-03-08 11:30:00-05:00,5.880000114440918,5.889999866485596,5.710000038146973,5.710000038146973,9287,0.0,0.0
2023-03-08 12:30:00-05:00,5.730000019073486,5.800000190734863,5.699999809265137,5.710000038146973,10546,0.0,0.0
2023-03-08 13:30:00-05:00,5.699999809265137,5.710000038146973,5.570000171661377,5.635000228881836,9630,0.0,0.0
2023-03-08 14:30:00-05:00,5.650000095367432,5.739999771118164,5.590000152587891,5.650000095367432,18348,0.0,0.0
2023-03-08 15:30:00-05:00,5.639999866485596,5.769999980926514,5.579999923706055,5.75,16840,0.0,0.0
2023-03-09 09:30:00-05:00,5.730000019073486,5.860000133514404,5.505000114440918,5.550000190734863,23696,0.0,0.0
2023-03-09 10:30:00-05:00,5.590000152587891,5.735000133514404,5.550000190734863,5.690000057220459,6975,0.0,0.0
2023-03-09 11:30:00-05:00,5.699999809265137,5.739999771118164,5.550000190734863,5.550000190734863,26617,0.0,0.0
2023-03-09 12:30:00-05:00,5.554999828338623,5.559999942779541,5.480000019073486,5.489999771118164,9304,0.0,0.0
2023-03-09 13:30:00-05:00,5.449999809265137,5.559999942779541,5.429999828338623,5.559999942779541,11820,0.0,0.0
2023-03-09 14:30:00-05:00,5.599999904632568,5.690000057220459,5.599999904632568,5.614999771118164,6356,0.0,0.0
2023-03-09 15:30:00-05:00,5.599999904632568,5.75,5.550000190734863,5.75,17377,0.0,0.0
2023-03-10 09:30:00-05:00,5.710000038146973,5.789999961853027,5.599999904632568,5.732999801635742,28485,0.0,0.0
2023-03-10 10:30:00-05:00,5.710000038146973,5.789999961853027,5.625,5.789999961853027,11654,0.0,0.0
2023-03-10 11:30:00-05:00,5.994999885559082,5.994999885559082,5.800000190734863,5.840000152587891,8526,0.0,0.0
2023-03-10 12:30:00-05:00,5.829999923706055,5.929999828338623,5.829999923706055,5.900000095367432,13484,0.0,0.0
2023-03-10 13:30:00-05:00,5.830100059509277,5.96999979019165,5.830100059509277,5.96999979019165,4420,0.0,0.0
2023-03-10 14:30:00-05:00,5.940000057220459,6.150000095367432,5.940000057220459,6.054999828338623,7105,0.0,0.0
2023-03-10 15:30:00-05:00,6.054999828338623,6.360000133514404,6.010000228881836,6.360000133514404,14519,0.0,0.0
2023-03-13 09:30:00-04:00,5.980000019073486,6.139999866485596,5.630000114440918,5.849999904632568,36209,0.0,0.0
2023-03-13 10:30:00-04:00,5.860000133514404,6.130000114440918,5.800000190734863,5.840000152587891,9401,0.0,0.0
2023-03-13 11:30:00-04:00,5.800099849700928,5.860000133514404,5.730000019073486,5.757299900054932,16043,0.0,0.0
2023-03-13 12:30:00-04:00,5.735000133514404,5.735000133514404,5.630000114440918,5.730000019073486,14689,0.0,0.0
2023-03-13 13:30:00-04:00,5.730000019073486,5.739999771118164,5.659999847412109,5.739999771118164,6995,0.0,0.0
2023-03-13 14:30:00-04:00,5.730000019073486,5.730000019073486,5.635000228881836,5.650000095367432,6616,0.0,0.0
2023-03-13 15:30:00-04:00,5.635000228881836,6.099999904632568,5.635000228881836,6.0,36068,0.0,0.0
2023-03-14 09:30:00-04:00,5.730000019073486,5.96999979019165,5.679999828338623,5.96999979019165,10749,0.0,0.0
2023-03-14 10:30:00-04:00,5.965000152587891,5.965000152587891,5.820000171661377,5.914999961853027,9045,0.0,0.0
2023-03-14 11:30:00-04:00,5.920000076293945,6.010000228881836,5.900000095367432,6.0,7403,0.0,0.0
2023-03-14 12:30:00-04:00,6.0,6.0,5.960100173950195,6.0,3974,0.0,0.0
2023-03-14 13:30:00-04:00,6.0,6.0,5.925000190734863,5.96999979019165,3313,0.0,0.0
2023-03-14 14:30:00-04:00,5.929999828338623,5.994999885559082,5.9278998374938965,5.989999771118164,7520,0.0,0.0
2023-03-14 15:30:00-04:00,6.0,6.039999961853027,5.96999979019165,6.039999961853027,0,0.0,0.0
2023-03-15 09:30:00-04:00,5.840000152587891,5.989999771118164,5.800000190734863,5.829999923706055,10923,0.0,0.0
2023-03-15 10:30:00-04:00,5.760000228881836,6.039999961853027,5.65500020980835,6.039999961853027,10724,0.0,0.0
2023-03-15 11:30:00-04:00,6.039999961853027,6.059999942779541,5.840000152587891,6.059999942779541,3044,0.0,0.0
2023-03-15 12:30:00-04:00,6.059999942779541,6.059999942779541,5.880199909210205,5.974999904632568,4441,0.0,0.0
2023-03-15 13:30:00-04:00,6.03000020980835,6.039999961853027,5.974999904632568,5.994999885559082,4027,0.0,0.0
2023-03-15 14:30:00-04:00,6.0,6.230000019073486,5.994999885559082,6.230000019073486,5449,0.0,0.0
2023-03-15 15:30:00-04:00,6.21999979019165,6.260000228881836,6.045000076293945,6.260000228881836,9950,0.0,0.0
2023-03-16 09:30:00-04:00,6.130000114440918,6.130000114440918,5.704999923706055,5.704999923706055,0,0.0,0.0
2023-03-16 10:30:00-04:00,5.7154998779296875,5.869999885559082,5.659999847412109,5.849999904632568,9700,0.0,0.0
2023-03-16 11:30:00-04:00,5.79010009765625,5.79010009765625,5.710000038146973,5.773600101470947,8467,0.0,0.0
2023-03-16 12:30:00-04:00,5.769999980926514,6.099999904632568,5.690000057220459,5.849999904632568,25396,0.0,0.0
2023-03-16 13:30:00-04:00,5.809999942779541,5.880000114440918,5.710000038146973,5.835000038146973,8396,0.0,0.0
2023-03-16 14:30:00-04:00,5.835000038146973,5.869999885559082,5.764999866485596,5.840000152587891,6110,0.0,0.0
2023-03-16 15:30:00-04:00,5.860000133514404,5.909999847412109,5.809999942779541,5.889999866485596,10909,0.0,0.0
2023-03-17 09:30:00-04:00,5.769999980926514,5.989999771118164,5.764999866485596,5.925000190734863,15462,0.0,0.0
2023-03-17 10:30:00-04:00,5.889999866485596,5.900000095367432,5.730000019073486,5.820000171661377,13335,0.0,0.0
2023-03-17 11:30:00-04:00,5.820000171661377,5.849999904632568,5.710000038146973,5.75,9511,0.0,0.0
2023-03-17 12:30:00-04:00,5.760000228881836,5.875,5.690000057220459,5.800000190734863,21323,0.0,0.0
2023-03-17 13:30:00-04:00,5.900000095367432,5.900000095367432,5.730000019073486,5.789999961853027,14271,0.0,0.0
2023-03-17 14:30:00-04:00,5.78000020980835,5.909999847412109,5.730000019073486,5.78000020980835,19902,0.0,0.0
2023-03-17 15:30:00-04:00,5.75,5.860000133514404,5.579999923706055,5.639999866485596,68968,0.0,0.0
2023-03-20 09:30:00-04:00,5.610000133514404,5.724999904632568,5.400000095367432,5.449999809265137,14053,0.0,0.0
2023-03-20 10:30:00-04:00,5.519999980926514,5.639599800109863,5.474999904632568,5.559999942779541,15075,0.0,0.0
2023-03-20 11:30:00-04:00,5.5,5.524099826812744,5.449999809265137,5.449999809265137,1930,0.0,0.0
2023-03-20 12:30:00-04:00,5.449999809265137,5.489999771118164,5.349999904632568,5.355000019073486,7821,0.0,0.0
2023-03-20 13:30:00-04:00,5.375,5.440000057220459,5.375,5.440000057220459,4812,0.0,0.0
2023-03-20 14:30:00-04:00,5.4222002029418945,5.4222002029418945,5.349999904632568,5.380000114440918,11744,0.0,0.0
2023-03-20 15:30:00-04:00,5.389999866485596,5.389999866485596,5.309999942779541,5.309999942779541,11319,0.0,0.0
2023-03-21 09:30:00-04:00,5.429999828338623,5.479000091552734,5.300000190734863,5.335000038146973,11600,0.0,0.0
2023-03-21 10:30:00-04:00,5.335000038146973,5.40500020980835,5.335000038146973,5.349999904632568,3670,0.0,0.0
2023-03-21 11:30:00-04:00,5.349999904632568,5.46999979019165,5.340000152587891,5.389999866485596,4718,0.0,0.0
2023-03-21 12:30:00-04:00,5.434999942779541,5.53000020980835,5.400000095367432,5.489999771118164,3045,0.0,0.0
2023-03-21 13:30:00-04:00,5.489999771118164,5.519999980926514,5.429999828338623,5.440000057220459,4565,0.0,0.0
2023-03-21 14:30:00-04:00,5.440000057220459,5.5,5.440000057220459,5.5,3337,0.0,0.0
2023-03-21 15:30:00-04:00,5.5,5.590000152587891,5.460000038146973,5.5,10861,0.0,0.0
2023-03-22 09:30:00-04:00,5.519999980926514,5.570000171661377,5.460000038146973,5.46999979019165,8101,0.0,0.0
2023-03-22 10:30:00-04:00,5.5,5.590000152587891,5.5,5.559999942779541,6606,0.0,0.0
2023-03-22 11:30:00-04:00,5.559999942779541,5.590000152587891,5.559999942779541,5.559999942779541,4742,0.0,0.0
2023-03-22 12:30:00-04:00,5.593599796295166,5.619999885559082,5.559999942779541,5.559999942779541,7144,0.0,0.0
2023-03-22 13:30:00-04:00,5.559999942779541,5.599999904632568,5.550000190734863,5.550000190734863,4138,0.0,0.0
2023-03-22 14:30:00-04:00,5.550000190734863,5.579999923706055,5.489999771118164,5.510000228881836,6778,0.0,0.0
2023-03-22 15:30:00-04:00,5.519999980926514,5.619999885559082,5.5,5.5,7320,0.0,0.0
2023-03-23 09:30:00-04:00,5.53000020980835,6.099999904632568,5.5,6.050000190734863,19020,0.0,0.0
2023-03-23 10:30:00-04:00,6.014999866485596,6.25,5.989999771118164,6.150000095367432,31210,0.0,0.0
2023-03-23 11:30:00-04:00,6.125,6.232999801635742,6.070000171661377,6.070000171661377,9951,0.0,0.0
2023-03-23 12:30:00-04:00,6.119999885559082,6.130000114440918,5.960000038146973,6.099999904632568,8035,0.0,0.0
2023-03-23 13:30:00-04:00,6.099999904632568,6.099999904632568,5.96999979019165,6.059999942779541,11132,0.0,0.0
2023-03-23 14:30:00-04:00,6.070000171661377,6.070000171661377,5.960000038146973,6.070000171661377,9052,0.0,0.0
2023-03-23 15:30:00-04:00,6.034999847412109,6.110000133514404,5.960000038146973,5.96999979019165,20347,0.0,0.0
2023-03-24 09:30:00-04:00,5.849999904632568,5.989999771118164,5.699999809265137,5.925000190734863,7678,0.0,0.0
2023-03-24 10:30:00-04:00,5.925000190734863,5.989999771118164,5.864999771118164,5.945000171661377,6116,0.0,0.0
2023-03-24 11:30:00-04:00,5.945000171661377,5.989999771118164,5.940000057220459,5.945000171661377,2685,0.0,0.0
2023-03-24 12:30:00-04:00,5.945000171661377,6.0,5.900000095367432,5.914999961853027,10724,0.0,0.0
2023-03-24 13:30:00-04:00,5.909999847412109,5.949999809265137,5.800000190734863,5.900000095367432,10666,0.0,0.0
2023-03-24 14:30:00-04:00,5.869999885559082,5.980000019073486,5.699999809265137,5.78000020980835,5684,0.0,0.0
2023-03-24 15:30:00-04:00,5.800000190734863,5.96999979019165,5.800000190734863,5.900000095367432,10446,0.0,0.0
2023-03-27 09:30:00-04:00,5.5,5.650000095367432,5.210000038146973,5.46999979019165,71017,0.0,0.0
2023-03-27 10:30:00-04:00,5.46999979019165,5.5,5.440000057220459,5.454999923706055,14389,0.0,0.0
2023-03-27 11:30:00-04:00,5.449999809265137,5.449999809265137,5.380000114440918,5.394999980926514,7549,0.0,0.0
2023-03-27 12:30:00-04:00,5.394999980926514,5.53000020980835,5.019999980926514,5.199999809265137,59999,0.0,0.0
2023-03-27 13:30:00-04:00,5.199999809265137,5.349999904632568,5.199999809265137,5.324999809265137,13764,0.0,0.0
2023-03-27 14:30:00-04:00,5.329999923706055,5.439700126647949,5.329999923706055,5.369999885559082,10173,0.0,0.0
2023-03-27 15:30:00-04:00,5.380000114440918,5.409999847412109,5.0,5.119999885559082,60302,0.0,0.0
2023-03-28 09:30:00-04:00,5.199999809265137,5.349999904632568,5.199999809265137,5.349999904632568,8712,0.0,0.0
2023-03-28 10:30:00-04:00,5.329999923706055,5.329999923706055,5.199999809265137,5.284999847412109,5120,0.0,0.0
2023-03-28 11:30:00-04:00,5.300000190734863,5.329999923706055,5.300000190734863,5.315000057220459,2332,0.0,0.0
2023-03-28 12:30:00-04:00,5.309999942779541,5.309999942779541,5.300000190734863,5.300000190734863,1998,0.0,0.0
2023-03-28 13:30:00-04:00,5.300000190734863,5.320000171661377,5.220099925994873,5.269999980926514,8632,0.0,0.0
2023-03-28 14:30:00-04:00,5.289999961853027,5.289999961853027,5.199999809265137,5.210000038146973,10244,0.0,0.0
2023-03-28 15:30:00-04:00,5.21999979019165,5.28000020980835,5.170000076293945,5.210000038146973,12048,0.0,0.0
2023-03-29 09:30:00-04:00,5.170000076293945,5.300000190734863,5.159999847412109,5.199999809265137,14722,0.0,0.0
2023-03-29 10:30:00-04:00,5.179999828338623,5.260000228881836,5.139999866485596,5.260000228881836,9733,0.0,0.0
2023-03-29 11:30:00-04:00,5.260000228881836,5.320000171661377,5.260000228881836,5.269999980926514,4443,0.0,0.0
2023-03-29 12:30:00-04:00,5.269999980926514,5.320000171661377,5.260000228881836,5.284999847412109,1937,0.0,0.0
2023-03-29 13:30:00-04:00,5.28000020980835,5.300000190734863,5.25,5.300000190734863,3009,0.0,0.0
2023-03-29 14:30:00-04:00,5.21999979019165,5.369999885559082,5.21999979019165,5.324999809265137,14443,0.0,0.0
2023-03-29 15:30:00-04:00,5.309999942779541,5.340000152587891,5.300000190734863,5.315000057220459,3078,0.0,0.0
2023-03-30 09:30:00-04:00,5.300000190734863,5.460000038146973,5.300000190734863,5.414999961853027,17555,0.0,0.0
2023-03-30 10:30:00-04:00,5.460000038146973,5.46999979019165,5.389999866485596,5.46999979019165,3287,0.0,0.0
2023-03-30 11:30:00-04:00,5.46999979019165,5.539999961853027,5.46999979019165,5.539999961853027,3396,0.0,0.0
2023-03-30 12:30:00-04:00,5.53000020980835,5.554999828338623,5.485000133514404,5.489999771118164,3250,0.0,0.0
2023-03-30 14:30:00-04:00,5.489999771118164,5.514999866485596,5.489999771118164,5.5,1280,0.0,0.0
2023-03-30 15:30:00-04:00,5.525000095367432,5.550000190734863,5.46999979019165,5.519999980926514,8592,0.0,0.0
2023-03-31 09:30:00-04:00,5.409999847412109,5.555699825286865,5.329999923706055,5.449999809265137,966,0.0,0.0
2023-03-31 10:30:00-04:00,5.489999771118164,5.489999771118164,5.410099983215332,5.410099983215332,4472,0.0,0.0
2023-03-31 11:30:00-04:00,5.485000133514404,5.699999809265137,5.400000095367432,5.460000038146973,16030,0.0,0.0
2023-03-31 12:30:00-04:00,5.46999979019165,5.46999979019165,5.43209981918335,5.46999979019165,2483,0.0,0.0
2023-03-31 13:30:00-04:00,5.460000038146973,5.460000038146973,5.460000038146973,5.460000038146973,441,0.0,0.0
2023-03-31 14:30:00-04:00,5.460000038146973,5.460000038146973,5.409999847412109,5.449999809265137,2892,0.0,0.0
2023-03-31 15:30:00-04:00,5.449999809265137,5.449999809265137,5.340000152587891,5.340000152587891,13979,0.0,0.0
2023-04-03 09:30:00-04:00,5.400000095367432,5.690000057220459,5.400000095367432,5.525000095367432,14257,0.0,0.0
2023-04-03 10:30:00-04:00,5.53000020980835,5.75,5.5,5.710000038146973,11325,0.0,0.0
2023-04-03 11:30:00-04:00,5.650000095367432,5.730000019073486,5.650000095367432,5.695000171661377,6289,0.0,0.0
2023-04-03 12:30:00-04:00,5.695000171661377,5.71999979019165,5.650000095367432,5.695000171661377,4768,0.0,0.0
2023-04-03 13:30:00-04:00,5.659999847412109,5.675000190734863,5.605000019073486,5.659999847412109,8441,0.0,0.0
2023-04-03 14:30:00-04:00,5.650000095367432,5.690000057220459,5.590000152587891,5.639999866485596,3320,0.0,0.0
2023-04-03 15:30:00-04:00,5.639999866485596,5.71999979019165,5.539999961853027,5.71999979019165,9286,0.0,0.0
2023-04-04 09:30:00-04:00,5.639999866485596,5.739999771118164,5.532400131225586,5.659999847412109,2305,0.0,0.0
2023-04-04 10:30:00-04:00,5.727499961853027,5.736400127410889,5.670000076293945,5.684999942779541,4094,0.0,0.0
2023-04-04 11:30:00-04:00,5.650000095367432,5.684999942779541,5.53000020980835,5.53000020980835,1702,0.0,0.0
2023-04-04 12:30:00-04:00,5.519999980926514,5.619999885559082,5.5,5.599999904632568,4252,0.0,0.0
2023-04-04 13:30:00-04:00,5.599999904632568,5.611700057983398,5.590000152587891,5.593200206756592,1320,0.0,0.0
2023-04-04 14:30:00-04:00,5.559999942779541,5.590000152587891,5.559999942779541,5.590000152587891,1681,0.0,0.0
2023-04-04 15:30:00-04:00,5.559999942779541,5.610000133514404,5.550000190734863,5.550000190734863,3796,0.0,0.0
2023-04-05 09:30:00-04:00,5.5,5.574999809265137,5.320000171661377,5.440000057220459,3724,0.0,0.0
2023-04-05 10:30:00-04:00,5.429900169372559,5.429900169372559,5.304999828338623,5.304999828338623,3453,0.0,0.0
2023-04-05 11:30:00-04:00,5.350100040435791,5.409999847412109,5.300000190734863,5.409999847412109,8470,0.0,0.0
2023-04-05 12:30:00-04:00,5.360000133514404,5.409999847412109,5.320000171661377,5.409999847412109,1339,0.0,0.0
2023-04-05 13:30:00-04:00,5.440000057220459,5.440000057220459,5.409999847412109,5.429999828338623,1514,0.0,0.0
2023-04-05 14:30:00-04:00,5.460000038146973,5.460000038146973,5.340000152587891,5.36870002746582,4113,0.0,0.0
2023-04-05 15:30:00-04:00,5.369999885559082,5.420000076293945,5.320000171661377,5.400000095367432,4335,0.0,0.0
2023-04-06 09:30:00-04:00,5.309999942779541,5.460000038146973,5.309999942779541,5.324999809265137,5349,0.0,0.0
2023-04-06 10:30:00-04:00,5.320000171661377,5.420000076293945,5.300000190734863,5.420000076293945,6885,0.0,0.0
2023-04-06 11:30:00-04:00,5.380000114440918,5.420000076293945,5.380000114440918,5.420000076293945,4370,0.0,0.0
2023-04-06 13:30:00-04:00,5.329999923706055,5.349999904632568,5.329999923706055,5.349999904632568,707,0.0,0.0
2023-04-06 14:30:00-04:00,5.329999923706055,5.349999904632568,5.300000190734863,5.300000190734863,5756,0.0,0.0
2023-04-06 15:30:00-04:00,5.300000190734863,5.360000133514404,5.21999979019165,5.360000133514404,2659,0.0,0.0
2023-04-10 09:30:00-04:00,5.21999979019165,5.329999923706055,5.199999809265137,5.199999809265137,32038,0.0,0.0
2023-04-10 10:30:00-04:00,5.25,5.3003997802734375,5.25,5.3003997802734375,5900,0.0,0.0
2023-04-10 11:30:00-04:00,5.25,5.25,5.199999809265137,5.199999809265137,1183,0.0,0.0
2023-04-10 12:30:00-04:00,5.260000228881836,5.260000228881836,5.170000076293945,5.195000171661377,5327,0.0,0.0
2023-04-10 13:30:00-04:00,5.170000076293945,5.25,5.110000133514404,5.110000133514404,4928,0.0,0.0
2023-04-10 14:30:00-04:00,5.175000190734863,5.2399001121521,5.119999885559082,5.119999885559082,3087,0.0,0.0
2023-04-10 15:30:00-04:00,5.199999809265137,5.239999771118164,5.119999885559082,5.239999771118164,6052,0.0,0.0
2023-04-11 09:30:00-04:00,5.300000190734863,5.420000076293945,5.224999904632568,5.369999885559082,9944,0.0,0.0
2023-04-11 10:30:00-04:00,5.409999847412109,5.409999847412109,5.329999923706055,5.375,1415,0.0,0.0
2023-04-11 11:30:00-04:00,5.329999923706055,5.340000152587891,5.329999923706055,5.340000152587891,982,0.0,0.0
2023-04-11 12:30:00-04:00,5.340000152587891,5.340000152587891,5.25,5.25,2694,0.0,0.0
2023-04-11 13:30:00-04:00,5.25,5.329999923706055,5.21999979019165,5.300000190734863,6422,0.0,0.0
2023-04-11 14:30:00-04:00,5.320000171661377,5.320000171661377,5.289999961853027,5.300000190734863,2287,0.0,0.0
2023-04-11 15:30:00-04:00,5.309999942779541,5.389999866485596,5.309999942779541,5.340000152587891,5113,0.0,0.0
2023-04-12 09:30:00-04:00,5.230000019073486,5.389999866485596,5.230000019073486,5.260000228881836,4123,0.0,0.0
2023-04-12 10:30:00-04:00,5.25,5.28000020980835,5.244999885559082,5.25,3915,0.0,0.0
2023-04-12 11:30:00-04:00,5.25,5.369999885559082,5.25,5.369999885559082,2992,0.0,0.0
2023-04-12 12:30:00-04:00,5.289999961853027,5.309999942779541,5.28000020980835,5.309999942779541,3400,0.0,0.0
2023-04-12 13:30:00-04:00,5.300000190734863,5.360000133514404,5.300000190734863,5.360000133514404,1347,0.0,0.0
2023-04-12 14:30:00-04:00,5.300000190734863,5.349999904632568,5.300000190734863,5.300000190734863,3185,0.0,0.0
2023-04-12 15:30:00-04:00,5.300000190734863,5.349999904632568,5.260000228881836,5.289999961853027,5391,0.0,0.0
2023-04-13 09:30:00-04:00,5.179999828338623,5.349999904632568,5.179999828338623,5.21999979019165,8493,0.0,0.0
2023-04-13 10:30:00-04:00,5.230000019073486,5.260000228881836,5.21999979019165,5.230000019073486,4219,0.0,0.0
2023-04-13 11:30:00-04:00,5.25,5.269999980926514,5.239999771118164,5.269999980926514,1357,0.0,0.0
2023-04-13 13:30:00-04:00,5.260000228881836,5.349999904632568,5.25,5.269999980926514,6634,0.0,0.0
2023-04-13 14:30:00-04:00,5.269999980926514,5.300000190734863,5.239999771118164,5.300000190734863,3349,0.0,0.0
2023-04-13 15:30:00-04:00,5.300000190734863,5.300000190734863,5.210000038146973,5.21999979019165,8954,0.0,0.0
2023-04-14 09:30:00-04:00,5.130000114440918,5.297999858856201,5.130000114440918,5.190000057220459,0,0.0,0.0
2023-04-14 10:30:00-04:00,5.210000038146973,5.210000038146973,5.184999942779541,5.184999942779541,1726,0.0,0.0
2023-04-14 11:30:00-04:00,5.21999979019165,5.21999979019165,5.179999828338623,5.199999809265137,3265,0.0,0.0
2023-04-14 12:30:00-04:00,5.199999809265137,5.199999809265137,5.199999809265137,5.199999809265137,1785,0.0,0.0
2023-04-14 13:30:00-04:00,5.190000057220459,5.199999809265137,5.175000190734863,5.199999809265137,957,0.0,0.0
2023-04-14 14:30:00-04:00,5.150000095367432,5.230000019073486,5.150000095367432,5.190000057220459,2311,0.0,0.0
2023-04-14 15:30:00-04:00,5.190000057220459,5.21999979019165,5.190000057220459,5.21999979019165,3027,0.0,0.0
2023-04-17 09:30:00-04:00,5.269999980926514,5.269999980926514,5.139999866485596,5.139999866485596,894,0.0,0.0
2023-04-17 10:30:00-04:00,5.139999866485596,5.28000020980835,5.139999866485596,5.190000057220459,1865,0.0,0.0
2023-04-17 11:30:00-04:00,5.179999828338623,5.179999828338623,5.179999828338623,5.179999828338623,400,0.0,0.0
2023-04-17 12:30:00-04:00,5.179999828338623,5.179999828338623,5.179999828338623,5.179999828338623,394,0.0,0.0
2023-04-17 13:30:00-04:00,5.179999828338623,5.28000020980835,5.179999828338623,5.21999979019165,8871,0.0,0.0
2023-04-17 14:30:00-04:00,5.25,5.28000020980835,5.21999979019165,5.269999980926514,2824,0.0,0.0
2023-04-17 15:30:00-04:00,5.284999847412109,5.320000171661377,5.269999980926514,5.269999980926514,5245,0.0,0.0
2023-04-18 09:30:00-04:00,5.369999885559082,5.380000114440918,5.260000228881836,5.28000020980835,3972,0.0,0.0
2023-04-18 10:30:00-04:00,5.265100002288818,5.265100002288818,5.210000038146973,5.235000133514404,2034,0.0,0.0
2023-04-18 11:30:00-04:00,5.230000019073486,5.230000019073486,5.199999809265137,5.21999979019165,3170,0.0,0.0
2023-04-18 12:30:00-04:00,5.190000057220459,5.21999979019165,5.164999961853027,5.164999961853027,1925,0.0,0.0
2023-04-18 13:30:00-04:00,5.179999828338623,5.179999828338623,5.179999828338623,5.179999828338623,224,0.0,0.0
2023-04-18 14:30:00-04:00,5.199999809265137,5.230000019073486,5.195000171661377,5.219900131225586,4859,0.0,0.0
2023-04-18 15:30:00-04:00,5.179999828338623,5.260000228881836,5.179999828338623,5.25,3660,0.0,0.0
2023-04-19 09:30:00-04:00,5.170000076293945,5.300000190734863,5.159999847412109,5.260000228881836,34211,0.0,0.0
2023-04-19 10:30:00-04:00,5.300000190734863,5.5,5.289999961853027,5.480000019073486,32214,0.0,0.0
2023-04-19 11:30:00-04:00,5.449999809265137,5.550000190734863,5.449999809265137,5.539999961853027,31826,0.0,0.0
2023-04-19 12:30:00-04:00,5.539999961853027,5.550000190734863,5.480000019073486,5.5,19738,0.0,0.0
2023-04-19 13:30:00-04:00,5.534999847412109,5.559999942779541,5.474999904632568,5.559199810028076,37515,0.0,0.0
2023-04-19 14:30:00-04:00,5.559999942779541,5.864999771118164,5.510000228881836,5.610000133514404,66521,0.0,0.0
2023-04-19 15:30:00-04:00,5.599999904632568,5.749599933624268,5.550000190734863,5.579999923706055,40951,0.0,0.0
2023-04-20 09:30:00-04:00,5.510000228881836,5.510000228881836,5.320000171661377,5.349999904632568,3608,0.0,0.0
2023-04-20 10:30:00-04:00,5.329999923706055,5.360000133514404,5.199999809265137,5.269999980926514,9161,0.0,0.0
2023-04-20 11:30:00-04:00,5.215000152587891,5.309999942779541,5.215000152587891,5.309999942779541,3751,0.0,0.0
2023-04-20 12:30:00-04:00,5.299900054931641,5.300000190734863,5.199999809265137,5.25,9815,0.0,0.0
2023-04-20 13:30:00-04:00,5.190000057220459,5.258399963378906,5.190000057220459,5.195000171661377,3043,0.0,0.0
2023-04-20 14:30:00-04:00,5.157700061798096,5.25,5.157700061798096,5.25,5564,0.0,0.0
2023-04-20 15:30:00-04:00,5.210000038146973,5.260000228881836,5.199999809265137,5.199999809265137,5320,0.0,0.0
2023-04-21 09:30:00-04:00,5.21999979019165,5.25,5.099999904632568,5.099999904632568,3212,0.0,0.0
2023-04-21 10:30:00-04:00,5.139999866485596,5.139999866485596,5.050000190734863,5.110000133514404,11365,0.0,0.0
2023-04-21 11:30:00-04:00,5.079999923706055,5.079999923706055,5.070000171661377,5.070000171661377,1293,0.0,0.0
2023-04-21 12:30:00-04:00,5.093100070953369,5.093100070953369,5.090000152587891,5.090000152587891,2947,0.0,0.0
2023-04-21 13:30:00-04:00,5.050000190734863,5.079999923706055,5.019999980926514,5.079999923706055,4150,0.0,0.0
2023-04-21 14:30:00-04:00,5.065000057220459,5.069900035858154,5.03000020980835,5.069799900054932,3319,0.0,0.0
2023-04-21 15:30:00-04:00,5.039999961853027,5.1579999923706055,5.03000020980835,5.090000152587891,5922,0.0,0.0
2023-04-24 09:30:00-04:00,5.179999828338623,5.2052001953125,5.059999942779541,5.059999942779541,6303,0.0,0.0
2023-04-24 10:30:00-04:00,5.070000171661377,5.099999904632568,5.010000228881836,5.050000190734863,7650,0.0,0.0
2023-04-24 11:30:00-04:00,5.050000190734863,5.099800109863281,5.010000228881836,5.099800109863281,5067,0.0,0.0
2023-04-24 12:30:00-04:00,5.059999942779541,5.070000171661377,5.039999961853027,5.050000190734863,4005,0.0,0.0
2023-04-24 13:30:00-04:00,5.034999847412109,5.070000171661377,5.034999847412109,5.070000171661377,2708,0.0,0.0
2023-04-24 14:30:00-04:00,5.090000152587891,5.099999904632568,5.039999961853027,5.070000171661377,1142,0.0,0.0
2023-04-24 15:30:00-04:00,5.065000057220459,5.099999904632568,5.039999961853027,5.099999904632568,2111,0.0,0.0
2023-04-25 09:30:00-04:00,5.010000228881836,5.119999885559082,4.929999828338623,4.980000019073486,30730,0.0,0.0
2023-04-25 10:30:00-04:00,5.050000190734863,5.050000190734863,4.960000038146973,5.039999961853027,4655,0.0,0.0
2023-04-25 11:30:00-04:00,5.0,5.039999961853027,5.0,5.039999961853027,732,0.0,0.0
2023-04-25 12:30:00-04:00,5.050000190734863,5.063000202178955,5.013999938964844,5.063000202178955,1635,0.0,0.0
2023-04-25 13:30:00-04:00,5.039999961853027,5.050000190734863,5.019999980926514,5.019999980926514,2946,0.0,0.0
2023-04-25 14:30:00-04:00,5.03000020980835,5.03000020980835,4.949999809265137,4.974999904632568,33032,0.0,0.0
2023-04-25 15:30:00-04:00,4.960000038146973,4.960000038146973,4.869999885559082,4.869999885559082,12669,0.0,0.0
2023-04-26 09:30:00-04:00,5.050000190734863,5.110000133514404,4.929999828338623,4.929999828338623,11383,0.0,0.0
2023-04-26 10:30:00-04:00,4.929999828338623,4.989999771118164,4.929999828338623,4.989999771118164,1561,0.0,0.0
2023-04-26 11:30:00-04:00,4.974999904632568,5.010000228881836,4.929999828338623,4.971099853515625,1589,0.0,0.0
2023-04-26 12:30:00-04:00,4.934999942779541,4.934999942779541,4.925000190734863,4.925000190734863,437,0.0,0.0
2023-04-26 13:30:00-04:00,4.949999809265137,4.954999923706055,4.929999828338623,4.929999828338623,5097,0.0,0.0
2023-04-26 14:30:00-04:00,4.944399833679199,4.949999809265137,4.909999847412109,4.909999847412109,3715,0.0,0.0
2023-04-26 15:30:00-04:00,4.940000057220459,5.070000171661377,4.920000076293945,4.920000076293945,8072,0.0,0.0
2023-04-27 09:30:00-04:00,4.989999771118164,5.0,4.965799808502197,4.965799808502197,2441,0.0,0.0
2023-04-27 10:30:00-04:00,4.96999979019165,4.989999771118164,4.900000095367432,4.929999828338623,7985,0.0,0.0
2023-04-27 11:30:00-04:00,4.936500072479248,4.945000171661377,4.909999847412109,4.909999847412109,2594,0.0,0.0
2023-04-27 12:30:00-04:00,4.909999847412109,4.909999847412109,4.869999885559082,4.889999866485596,5330,0.0,0.0
2023-04-27 13:30:00-04:00,4.939899921417236,5.0,4.929999828338623,4.980000019073486,7133,0.0,0.0
2023-04-27 14:30:00-04:00,4.96999979019165,5.025000095367432,4.900000095367432,4.960000038146973,6418,0.0,0.0
2023-04-27 15:30:00-04:00,4.949999809265137,5.010000228881836,4.900000095367432,4.980000019073486,0,0.0,0.0
2023-04-28 09:30:00-04:00,5.139999866485596,5.179999828338623,5.050000190734863,5.159999847412109,12642,0.0,0.0
2023-04-28 10:30:00-04:00,5.110000133514404,5.119999885559082,5.059999942779541,5.074999809265137,11313,0.0,0.0
2023-04-28 11:30:00-04:00,5.050000190734863,5.139999866485596,5.050000190734863,5.139999866485596,3851,0.0,0.0
2023-04-28 12:30:00-04:00,5.110000133514404,5.114999771118164,5.039999961853027,5.099999904632568,10489,0.0,0.0
2023-04-28 13:30:00-04:00,5.130000114440918,5.195000171661377,5.090000152587891,5.195000171661377,9339,0.0,0.0
2023-04-28 14:30:00-04:00,5.179999828338623,5.25,5.170000076293945,5.215000152587891,12574,0.0,0.0
2023-04-28 15:30:00-04:00,5.179999828338623,5.230000019073486,5.159999847412109,5.159999847412109,8223,0.0,0.0
2023-05-01 09:30:00-04:00,5.28000020980835,5.360000133514404,5.090000152587891,5.269999980926514,42212,0.0,0.0
2023-05-01 10:30:00-04:00,5.239999771118164,5.300000190734863,5.199999809265137,5.210999965667725,6500,0.0,0.0
2023-05-01 11:30:00-04:00,5.199999809265137,5.2399001121521,5.070000171661377,5.159999847412109,12349,0.0,0.0
2023-05-01 12:30:00-04:00,5.190000057220459,5.239999771118164,5.150000095367432,5.239999771118164,2645,0.0,0.0
2023-05-01 13:30:00-04:00,5.229800224304199,5.229800224304199,5.150000095367432,5.150000095367432,7094,0.0,0.0
2023-05-01 14:30:00-04:00,5.179999828338623,5.179999828338623,5.139999866485596,5.150000095367432,3548,0.0,0.0
2023-05-01 15:30:00-04:00,5.172399997711182,5.172399997711182,5.090000152587891,5.150000095367432,10219,0.0,0.0
2023-05-02 09:30:00-04:00,5.090000152587891,5.090000152587891,5.0,5.0,2638,0.0,0.0
2023-05-02 10:30:00-04:00,5.065000057220459,5.110000133514404,5.050000190734863,5.050000190734863,3180,0.0,0.0
2023-05-02 11:30:00-04:00,5.069900035858154,5.069900035858154,5.0,5.019999980926514,15542,0.0,0.0
2023-05-02 12:30:00-04:00,5.019999980926514,5.039999961853027,4.994999885559082,5.039999961853027,5255,0.0,0.0
2023-05-02 13:30:00-04:00,5.034999847412109,5.079999923706055,5.034999847412109,5.079999923706055,1372,0.0,0.0
2023-05-02 14:30:00-04:00,5.03000020980835,5.059999942779541,5.0,5.019999980926514,4744,0.0,0.0
2023-05-02 15:30:00-04:00,4.96999979019165,5.050000190734863,4.96999979019165,5.039999961853027,7126,0.0,0.0
2023-05-03 09:30:00-04:00,5.010000228881836,5.119999885559082,5.010000228881836,5.010000228881836,940,0.0,0.0
2023-05-03 10:30:00-04:00,5.010000228881836,5.010000228881836,4.900700092315674,4.954999923706055,4757,0.0,0.0
2023-05-03 11:30:00-04:00,4.989999771118164,4.989999771118164,4.940000057220459,4.940000057220459,756,0.0,0.0
2023-05-03 12:30:00-04:00,4.920000076293945,4.960000038146973,4.909999847412109,4.960000038146973,5104,0.0,0.0
2023-05-03 13:30:00-04:00,4.957900047302246,4.980000019073486,4.929999828338623,4.929999828338623,400,0.0,0.0
2023-05-03 14:30:00-04:00,4.960000038146973,5.070000171661377,4.960000038146973,4.960000038146973,3633,0.0,0.0
2023-05-03 15:30:00-04:00,4.960000038146973,4.985000133514404,4.880000114440918,4.889999866485596,13270,0.0,0.0
2023-05-04 09:30:00-04:00,5.039999961853027,5.153600215911865,4.980000019073486,4.989999771118164,2979,0.0,0.0
2023-05-04 10:30:00-04:00,4.989999771118164,4.989999771118164,4.980000019073486,4.980000019073486,409,0.0,0.0
2023-05-04 11:30:00-04:00,4.96999979019165,5.010000228881836,4.929999828338623,5.010000228881836,3655,0.0,0.0
2023-05-04 12:30:00-04:00,5.049600124359131,5.049600124359131,4.949999809265137,5.019999980926514,4700,0.0,0.0
2023-05-04 13:30:00-04:00,4.980000019073486,5.009900093078613,4.909999847412109,4.909999847412109,2325,0.0,0.0
2023-05-04 14:30:00-04:00,4.900000095367432,4.940000057220459,4.860000133514404,4.885000228881836,12599,0.0,0.0
2023-05-04 15:30:00-04:00,4.869999885559082,4.929999828338623,4.869999885559082,4.929999828338623,4791,0.0,0.0
2023-05-05 09:30:00-04:00,5.0,5.039999961853027,4.922900199890137,5.039999961853027,0,0.0,0.0
2023-05-05 10:30:00-04:00,5.050000190734863,5.110000133514404,4.989999771118164,5.099999904632568,5578,0.0,0.0
2023-05-05 11:30:00-04:00,4.989999771118164,5.0,4.989999771118164,5.0,697,0.0,0.0
2023-05-05 12:30:00-04:00,5.070000171661377,5.079999923706055,5.0,5.0,0,0.0,0.0
2023-05-05 13:30:00-04:00,5.0,5.010000228881836,4.909999847412109,4.909999847412109,15238,0.0,0.0
2023-05-05 14:30:00-04:00,4.954800128936768,4.96999979019165,4.920000076293945,4.920000076293945,2678,0.0,0.0
2023-05-05 15:30:00-04:00,4.929999828338623,5.0,4.920000076293945,4.929999828338623,3365,0.0,0.0
2023-05-08 09:30:00-04:00,5.039999961853027,5.039999961853027,4.929999828338623,4.929999828338623,2633,0.0,0.0
2023-05-08 10:30:00-04:00,4.880000114440918,4.914899826049805,4.880000114440918,4.914899826049805,0,0.0,0.0
2023-05-08 11:30:00-04:00,4.909999847412109,4.920000076293945,4.880000114440918,4.880000114440918,11612,0.0,0.0
2023-05-08 12:30:00-04:00,4.880000114440918,4.880000114440918,4.869999885559082,4.869999885559082,1222,0.0,0.0
2023-05-08 13:30:00-04:00,4.899700164794922,4.900000095367432,4.829999923706055,4.880000114440918,0,0.0,0.0
2023-05-08 14:30:00-04:00,4.900000095367432,5.010000228881836,4.900000095367432,4.962699890136719,0,0.0,0.0
2023-05-08 15:30:00-04:00,4.96999979019165,4.989999771118164,4.909999847412109,4.989999771118164,46100,0.0,0.0
2023-05-09 09:30:00-04:00,4.809999942779541,4.869999885559082,4.801000118255615,4.860000133514404,6577,0.0,0.0
2023-05-09 10:30:00-04:00,4.84499979019165,4.84499979019165,4.820000171661377,4.829999923706055,1230,0.0,0.0
2023-05-09 11:30:00-04:00,4.78000020980835,4.860000133514404,4.764999866485596,4.829999923706055,9406,0.0,0.0
2023-05-09 12:30:00-04:00,4.820000171661377,4.820000171661377,4.809999942779541,4.809999942779541,1752,0.0,0.0
2023-05-09 13:30:00-04:00,4.820000171661377,4.840000152587891,4.800000190734863,4.840000152587891,5662,0.0,0.0
2023-05-09 14:30:00-04:00,4.809999942779541,4.880000114440918,4.809999942779541,4.849999904632568,4876,0.0,0.0
2023-05-09 15:30:00-04:00,4.849999904632568,4.889999866485596,4.809999942779541,4.809999942779541,2182,0.0,0.0
2023-05-10 09:30:00-04:00,4.789999961853027,4.869999885559082,4.789999961853027,4.846399784088135,2792,0.0,0.0
2023-05-10 10:30:00-04:00,4.849999904632568,4.909999847412109,4.849999904632568,4.876699924468994,4213,0.0,0.0
2023-05-10 11:30:00-04:00,4.869999885559082,4.899700164794922,4.849999904632568,4.849999904632568,1540,0.0,0.0
2023-05-10 12:30:00-04:00,4.840000152587891,4.849999904632568,4.800000190734863,4.815000057220459,6135,0.0,0.0
2023-05-10 13:30:00-04:00,4.809999942779541,4.809999942779541,4.802999973297119,4.802999973297119,249,0.0,0.0
2023-05-10 14:30:00-04:00,4.809999942779541,4.815000057220459,4.800000190734863,4.815000057220459,6716,0.0,0.0
2023-05-10 15:30:00-04:00,4.829999923706055,4.861299991607666,4.820000171661377,4.840000152587891,2031,0.0,0.0
2023-05-11 09:30:00-04:00,4.820000171661377,4.880000114440918,4.71999979019165,4.800000190734863,10413,0.0,0.0
2023-05-11 10:30:00-04:00,4.800000190734863,4.829999923706055,4.800000190734863,4.800000190734863,1218,0.0,0.0
2023-05-11 11:30:00-04:00,4.730000019073486,4.779900074005127,4.730000019073486,4.75,3972,0.0,0.0
2023-05-11 12:30:00-04:00,4.769999980926514,4.769999980926514,4.75,4.769999980926514,2849,0.0,0.0
2023-05-11 13:30:00-04:00,4.78000020980835,4.800000190734863,4.710000038146973,4.739999771118164,18161,0.0,0.0
2023-05-11 14:30:00-04:00,4.800000190734863,4.819900035858154,4.769999980926514,4.769999980926514,3238,0.0,0.0
2023-05-11 15:30:00-04:00,4.75,4.860000133514404,4.739999771118164,4.840000152587891,6041,0.0,0.0
2023-05-12 09:30:00-04:00,4.699999809265137,4.799900054931641,4.699999809265137,4.729000091552734,3159,0.0,0.0
2023-05-12 10:30:00-04:00,4.71999979019165,4.739999771118164,4.699999809265137,4.699999809265137,7283,0.0,0.0
2023-05-12 11:30:00-04:00,4.679999828338623,4.710000038146973,4.679999828338623,4.690000057220459,3551,0.0,0.0
2023-05-12 12:30:00-04:00,4.700200080871582,4.710000038146973,4.639999866485596,4.675000190734863,6670,0.0,0.0
2023-05-12 13:30:00-04:00,4.659999847412109,4.699999809265137,4.639999866485596,4.699999809265137,7796,0.0,0.0
2023-05-12 14:30:00-04:00,4.710000038146973,4.739999771118164,4.670000076293945,4.704999923706055,4245,0.0,0.0
2023-05-12 15:30:00-04:00,4.670000076293945,4.730000019073486,4.670000076293945,4.730000019073486,1312,0.0,0.0
2023-05-15 09:30:00-04:00,4.829999923706055,4.880000114440918,4.75,4.78000020980835,7114,0.0,0.0
2023-05-15 10:30:00-04:00,4.760000228881836,4.869999885559082,4.760000228881836,4.78000020980835,10915,0.0,0.0
2023-05-15 11:30:00-04:00,4.880000114440918,4.880000114440918,4.769999980926514,4.769999980926514,7631,0.0,0.0
2023-05-15 12:30:00-04:00,4.800000190734863,4.800000190734863,4.75,4.800000190734863,25270,0.0,0.0
2023-05-15 13:30:00-04:00,4.784999847412109,4.889999866485596,4.784999847412109,4.864999771118164,5700,0.0,0.0
2023-05-15 14:30:00-04:00,4.840000152587891,4.958199977874756,4.840000152587891,4.908400058746338,5195,0.0,0.0
2023-05-15 15:30:00-04:00,4.949999809265137,5.03000020980835,4.900000095367432,5.03000020980835,0,0.0,0.0
2023-05-16 09:30:00-04:00,4.900000095367432,4.949999809265137,4.849999904632568,4.900000095367432,4068,0.0,0.0
2023-05-16 10:30:00-04:00,4.894999980926514,4.980000019073486,4.894999980926514,4.940000057220459,1270,0.0,0.0
2023-05-16 11:30:00-04:00,4.940000057220459,4.980000019073486,4.940000057220459,4.980000019073486,984,0.0,0.0
2023-05-16 12:30:00-04:00,4.960000038146973,5.029900074005127,4.949999809265137,4.949999809265137,3732,0.0,0.0
2023-05-16 13:30:00-04:00,4.980000019073486,4.980000019073486,4.920000076293945,4.949999809265137,2953,0.0,0.0
2023-05-16 14:30:00-04:00,4.96999979019165,4.96999979019165,4.9359002113342285,4.949999809265137,989,0.0,0.0
2023-05-16 15:30:00-04:00,4.940000057220459,4.959799766540527,4.909999847412109,4.909999847412109,0,0.0,0.0
2023-05-17 09:30:00-04:00,4.920000076293945,4.920000076293945,4.809999942779541,4.900000095367432,1630,0.0,0.0
2023-05-17 10:30:00-04:00,4.940000057220459,4.940000057220459,4.860000133514404,4.893199920654297,5508,0.0,0.0
2023-05-17 11:30:00-04:00,4.920000076293945,4.949999809265137,4.900000095367432,4.900000095367432,3118,0.0,0.0
2023-05-17 12:30:00-04:00,4.900000095367432,5.0,4.869999885559082,5.0,5712,0.0,0.0
2023-05-17 13:30:00-04:00,5.019999980926514,5.079999923706055,5.019999980926514,5.079999923706055,2714,0.0,0.0
2023-05-17 14:30:00-04:00,5.070000171661377,5.090000152587891,5.03000020980835,5.059999942779541,1220,0.0,0.0
2023-05-17 15:30:00-04:00,5.034999847412109,5.110000133514404,5.034999847412109,5.110000133514404,3669,0.0,0.0
2023-05-18 09:30:00-04:00,5.090000152587891,5.110000133514404,4.940000057220459,4.96999979019165,10475,0.0,0.0
2023-05-18 10:30:00-04:00,4.929999828338623,4.929999828338623,4.809999942779541,4.849999904632568,11277,0.0,0.0
2023-05-18 11:30:00-04:00,4.809999942779541,4.900000095367432,4.800099849700928,4.880000114440918,11315,0.0,0.0
2023-05-18 12:30:00-04:00,4.869999885559082,4.89109992980957,4.849999904632568,4.849999904632568,2259,0.0,0.0
2023-05-18 13:30:00-04:00,4.849999904632568,4.880000114440918,4.800000190734863,4.800000190734863,0,0.0,0.0
2023-05-18 14:30:00-04:00,4.800000190734863,4.860000133514404,4.730000019073486,4.760000228881836,56732,0.0,0.0
2023-05-18 15:30:00-04:00,4.820000171661377,4.889999866485596,4.769999980926514,4.769999980926514,0,0.0,0.0
2023-05-19 09:30:00-04:00,4.75,4.940000057220459,4.75,4.78000020980835,8217,0.0,0.0
2023-05-19 10:30:00-04:00,4.800000190734863,4.8028998374938965,4.75,4.75,8930,0.0,0.0
2023-05-19 11:30:00-04:00,4.75,4.759900093078613,4.699999809265137,4.710000038146973,11652,0.0,0.0
2023-05-19 12:30:00-04:00,4.710000038146973,4.829999923706055,4.710000038146973,4.829999923706055,7295,0.0,0.0
2023-05-19 13:30:00-04:00,4.824999809265137,4.849999904632568,4.800000190734863,4.800000190734863,5121,0.0,0.0
2023-05-19 14:30:00-04:00,4.820000171661377,4.908999919891357,4.800000190734863,4.908999919891357,6791,0.0,0.0
2023-05-19 15:30:00-04:00,4.829999923706055,4.885000228881836,4.829999923706055,4.829999923706055,12736,0.0,0.0
2023-05-22 09:30:00-04:00,4.949999809265137,4.949999809265137,4.480000019073486,4.550000190734863,91674,0.0,0.0
2023-05-22 10:30:00-04:00,4.550099849700928,4.570000171661377,4.5,4.570000171661377,13245,0.0,0.0
2023-05-22 11:30:00-04:00,4.569900035858154,4.639999866485596,4.539999961853027,4.59499979019165,9739,0.0,0.0
2023-05-22 12:30:00-04:00,4.559999942779541,4.590000152587891,4.550000190734863,4.590000152587891,3424,0.0,0.0
2023-05-22 13:30:00-04:00,4.600100040435791,4.610000133514404,4.539999961853027,4.539999961853027,9269,0.0,0.0
2023-05-22 14:30:00-04:00,4.545000076293945,4.619999885559082,4.510000228881836,4.550000190734863,8281,0.0,0.0
2023-05-22 15:30:00-04:00,4.510000228881836,4.579999923706055,4.5,4.579999923706055,4580,0.0,0.0
2023-05-23 09:30:00-04:00,4.5,4.53000020980835,4.429999828338623,4.460000038146973,37719,0.0,0.0
2023-05-23 10:30:00-04:00,4.5121002197265625,4.5121002197265625,4.440000057220459,4.485000133514404,18392,0.0,0.0
2023-05-23 11:30:00-04:00,4.485000133514404,4.489999771118164,4.400000095367432,4.400000095367432,10170,0.0,0.0
2023-05-23 12:30:00-04:00,4.420000076293945,4.420000076293945,4.230000019073486,4.28000020980835,43783,0.0,0.0
2023-05-23 13:30:00-04:00,4.289999961853027,4.329999923706055,4.25,4.25,10034,0.0,0.0
2023-05-23 14:30:00-04:00,4.25,4.25,4.150000095367432,4.159999847412109,10130,0.0,0.0
2023-05-23 15:30:00-04:00,4.159999847412109,4.199999809265137,4.099999904632568,4.159999847412109,9140,0.0,0.0
2023-05-24 09:30:00-04:00,4.269999980926514,4.269999980926514,4.099999904632568,4.099999904632568,3566,0.0,0.0
2023-05-24 10:30:00-04:00,4.110000133514404,4.110000133514404,4.010000228881836,4.036499977111816,19355,0.0,0.0
2023-05-24 11:30:00-04:00,4.019999980926514,4.079999923706055,4.010000228881836,4.03000020980835,8607,0.0,0.0
2023-05-24 12:30:00-04:00,4.019999980926514,4.050000190734863,4.019999980926514,4.03000020980835,4374,0.0,0.0
2023-05-24 13:30:00-04:00,4.03000020980835,4.03000020980835,4.0,4.010000228881836,11161,0.0,0.0
2023-05-24 14:30:00-04:00,4.008699893951416,4.008699893951416,3.9800000190734863,3.9800000190734863,2629,0.0,0.0
2023-05-24 15:30:00-04:00,3.9800000190734863,4.03000020980835,3.9800000190734863,4.03000020980835,13321,0.0,0.0
2023-05-25 09:30:00-04:00,4.199999809265137,4.3130998611450195,3.7899999618530273,3.839900016784668,36212,0.0,0.0
2023-05-25 10:30:00-04:00,3.8299999237060547,3.8399999141693115,3.744999885559082,3.7799999713897705,19694,0.0,0.0
2023-05-25 11:30:00-04:00,3.7799999713897705,3.802799940109253,3.7799999713897705,3.799999952316284,747,0.0,0.0
2023-05-25 12:30:00-04:00,3.7799999713897705,3.7899999618530273,3.700000047683716,3.7899999618530273,9986,0.0,0.0
2023-05-25 13:30:00-04:00,3.799999952316284,3.809999942779541,3.75,3.759999990463257,12848,0.0,0.0
2023-05-25 14:30:00-04:00,3.7600998878479004,3.7899999618530273,3.75,3.75,4221,0.0,0.0
2023-05-25 15:30:00-04:00,3.75,3.818000078201294,3.75,3.75,7175,0.0,0.0
2023-05-26 09:30:00-04:00,3.680000066757202,3.75,3.4200000762939453,3.4700000286102295,60722,0.0,0.0
2023-05-26 10:30:00-04:00,3.4742000102996826,3.5199999809265137,3.440000057220459,3.5,31752,0.0,0.0
2023-05-26 11:30:00-04:00,3.5299999713897705,3.5299999713897705,3.4600000381469727,3.4600000381469727,15827,0.0,0.0
2023-05-26 12:30:00-04:00,3.4700000286102295,3.4700000286102295,3.350399971008301,3.424999952316284,33077,0.0,0.0
2023-05-26 13:30:00-04:00,3.4200000762939453,3.430000066757202,3.259999990463257,3.3232998847961426,24610,0.0,0.0
2023-05-26 14:30:00-04:00,3.323499917984009,3.4100000858306885,3.315000057220459,3.380000114440918,20510,0.0,0.0
2023-05-26 15:30:00-04:00,3.384999990463257,3.4800000190734863,3.259999990463257,3.3499999046325684,40274,0.0,0.0
2023-05-30 09:30:00-04:00,3.380000114440918,3.5785000324249268,3.369999885559082,3.5399999618530273,43806,0.0,0.0
2023-05-30 10:30:00-04:00,3.490000009536743,3.5199999809265137,3.4600000381469727,3.4721999168395996,3694,0.0,0.0
2023-05-30 11:30:00-04:00,3.4609999656677246,3.549999952316284,3.4600000381469727,3.549999952316284,10530,0.0,0.0
2023-05-30 12:30:00-04:00,3.5399999618530273,3.5799999237060547,3.4700000286102295,3.490000009536743,8859,0.0,0.0
2023-05-30 13:30:00-04:00,3.490000009536743,3.5199999809265137,3.4600000381469727,3.4600000381469727,6467,0.0,0.0
2023-05-30 14:30:00-04:00,3.450000047683716,3.450000047683716,3.430000066757202,3.430000066757202,3352,0.0,0.0
2023-05-30 15:30:00-04:00,3.434999942779541,3.4400999546051025,3.430000066757202,3.430000066757202,6224,0.0,0.0
2023-05-31 09:30:00-04:00,3.4700000286102295,3.4800000190734863,3.2899999618530273,3.2899999618530273,14903,0.0,0.0
2023-05-31 10:30:00-04:00,3.309999942779541,3.309999942779541,3.1700000762939453,3.2604000568389893,11914,0.0,0.0
2023-05-31 11:30:00-04:00,3.259999990463257,3.299999952316284,3.25,3.2899999618530273,5328,0.0,0.0
2023-05-31 12:30:00-04:00,3.259399890899658,3.2799999713897705,3.240000009536743,3.240000009536743,4399,0.0,0.0
2023-05-31 13:30:00-04:00,3.259999990463257,3.380000114440918,3.2300000190734863,3.3526999950408936,7016,0.0,0.0
2023-05-31 14:30:00-04:00,3.355600118637085,3.369999885559082,3.2899999618530273,3.3499999046325684,3143,0.0,0.0
2023-05-31 15:30:00-04:00,3.3499999046325684,3.440000057220459,3.3399999141693115,3.369999885559082,10419,0.0,0.0
2023-06-01 09:30:00-04:00,3.390000104904175,3.549999952316284,3.390000104904175,3.5,15265,0.0,0.0
2023-06-01 10:30:00-04:00,3.5071001052856445,3.609999895095825,3.450000047683716,3.609999895095825,13901,0.0,0.0
2023-06-01 11:30:00-04:00,3.5250000953674316,3.569999933242798,3.515000104904175,3.569999933242798,3323,0.0,0.0
2023-06-01 12:30:00-04:00,3.549999952316284,3.549999952316284,3.4800000190734863,3.4800000190734863,1246,0.0,0.0
2023-06-01 13:30:00-04:00,3.4600000381469727,3.5199999809265137,3.4600000381469727,3.5199999809265137,756,0.0,0.0
2023-06-01 14:30:00-04:00,3.5199999809265137,3.5299999713897705,3.5,3.5,7358,0.0,0.0
2023-06-01 15:30:00-04:00,3.5199999809265137,3.5199999809265137,3.440000057220459,3.440000057220459,7008,0.0,0.0
2023-06-02 09:30:00-04:00,3.5,3.619999885559082,3.5,3.5,4748,0.0,0.0
2023-06-02 10:30:00-04:00,3.5,3.5199999809265137,3.4040000438690186,3.4040000438690186,18996,0.0,0.0
2023-06-02 11:30:00-04:00,3.4100000858306885,3.4100000858306885,3.369999885559082,3.369999885559082,1947,0.0,0.0
2023-06-02 12:30:00-04:00,3.3898000717163086,3.3898000717163086,3.299999952316284,3.306299924850464,6753,0.0,0.0
2023-06-02 13:30:00-04:00,3.3299999237060547,3.4600000381469727,3.3299999237060547,3.4200000762939453,8066,0.0,0.0
2023-06-02 14:30:00-04:00,3.369999885559082,3.4198999404907227,3.369999885559082,3.390000104904175,5003,0.0,0.0
2023-06-02 15:30:00-04:00,3.390000104904175,3.4800000190734863,3.319999933242798,3.440000057220459,15782,0.0,0.0
2023-06-05 09:30:00-04:00,3.569999933242798,3.5799999237060547,3.3499999046325684,3.3499999046325684,7873,0.0,0.0
2023-06-05 10:30:00-04:00,3.3873000144958496,3.4000000953674316,3.3603999614715576,3.3854000568389893,4325,0.0,0.0
2023-06-05 11:30:00-04:00,3.369999885559082,3.3949999809265137,3.369999885559082,3.3949999809265137,634,0.0,0.0
2023-06-05 12:30:00-04:00,3.390000104904175,3.450000047683716,3.390000104904175,3.450000047683716,3422,0.0,0.0
2023-06-05 13:30:00-04:00,3.4200000762939453,3.490000009536743,3.4200000762939453,3.440000057220459,4156,0.0,0.0
2023-06-05 14:30:00-04:00,3.440000057220459,3.509999990463257,3.430000066757202,3.509999990463257,12991,0.0,0.0
2023-06-05 15:30:00-04:00,3.505000114440918,3.509999990463257,3.4800000190734863,3.5,12015,0.0,0.0
2023-06-06 09:30:00-04:00,3.5,3.5199999809265137,3.4200000762939453,3.5199999809265137,5427,0.0,0.0
2023-06-06 10:30:00-04:00,3.505000114440918,3.5299999713897705,3.5,3.5000998973846436,5244,0.0,0.0
2023-06-06 11:30:00-04:00,3.5,3.509999990463257,3.491499900817871,3.5,11285,0.0,0.0
2023-06-06 12:30:00-04:00,3.5,3.5,3.4800000190734863,3.4800000190734863,12874,0.0,0.0
2023-06-06 13:30:00-04:00,3.4800000190734863,3.490000009536743,3.4600000381469727,3.490000009536743,5022,0.0,0.0
2023-06-06 14:30:00-04:00,3.450000047683716,3.5850000381469727,3.450000047683716,3.5799999237060547,15634,0.0,0.0
2023-06-06 15:30:00-04:00,3.5799999237060547,3.5799999237060547,3.4700000286102295,3.5,5745,0.0,0.0
2023-06-07 09:30:00-04:00,3.4200000762939453,3.4700000286102295,3.4200000762939453,3.4700000286102295,1274,0.0,0.0
2023-06-07 10:30:00-04:00,3.4600000381469727,3.5,3.430000066757202,3.4600000381469727,2993,0.0,0.0
2023-06-07 11:30:00-04:00,3.4700000286102295,3.4700000286102295,3.430000066757202,3.450000047683716,2245,0.0,0.0
2023-06-07 12:30:00-04:00,3.437700033187866,3.4700000286102295,3.4200000762939453,3.4200000762939453,2541,0.0,0.0
2023-06-07 13:30:00-04:00,3.4200000762939453,3.430000066757202,3.3533999919891357,3.4296998977661133,5179,0.0,0.0
2023-06-07 14:30:00-04:00,3.3399999141693115,3.4100000858306885,3.3399999141693115,3.3499999046325684,4755,0.0,0.0
2023-06-07 15:30:00-04:00,3.380000114440918,3.434999942779541,3.359999895095825,3.430000066757202,0,0.0,0.0
2023-06-08 09:30:00-04:00,3.450000047683716,3.4600000381469727,3.299999952316284,3.4000000953674316,12769,0.0,0.0
2023-06-08 10:30:00-04:00,3.4100000858306885,3.4100000858306885,3.3499999046325684,3.3499999046325684,951,0.0,0.0
2023-06-08 12:30:00-04:00,3.3499999046325684,3.3499999046325684,3.319999933242798,3.319999933242798,3396,0.0,0.0
2023-06-08 13:30:00-04:00,3.319999933242798,3.3598999977111816,3.319999933242798,3.3598999977111816,1767,0.0,0.0
2023-06-08 14:30:00-04:00,3.341200113296509,3.359999895095825,3.3399999141693115,3.3573999404907227,4921,0.0,0.0
2023-06-08 15:30:00-04:00,3.3499999046325684,3.390000104904175,3.3499999046325684,3.390000104904175,3604,0.0,0.0
2023-06-09 09:30:00-04:00,3.3399999141693115,3.4200000762939453,3.3399999141693115,3.4200000762939453,4995,0.0,0.0
2023-06-09 10:30:00-04:00,3.424999952316284,3.424999952316284,3.299999952316284,3.319999933242798,23011,0.0,0.0
2023-06-09 11:30:00-04:00,3.315000057220459,3.4000000953674316,3.305000066757202,3.380000114440918,10894,0.0,0.0
2023-06-09 12:30:00-04:00,3.350100040435791,3.4000000953674316,3.350100040435791,3.390000104904175,2837,0.0,0.0
2023-06-09 13:30:00-04:00,3.390000104904175,3.390000104904175,3.369999885559082,3.390000104904175,2127,0.0,0.0
2023-06-09 14:30:00-04:00,3.390000104904175,3.4100000858306885,3.2899999618530273,3.319999933242798,8568,0.0,0.0
2023-06-09 15:30:00-04:00,3.319999933242798,3.4700000286102295,3.319999933242798,3.440000057220459,12100,0.0,0.0
2023-06-12 09:30:00-04:00,3.4800000190734863,3.5485999584198,3.390000104904175,3.430000066757202,5600,0.0,0.0
2023-06-12 10:30:00-04:00,3.5,3.549999952316284,3.4800000190734863,3.4800000190734863,1696,0.0,0.0
2023-06-12 11:30:00-04:00,3.440000057220459,3.4549999237060547,3.440000057220459,3.4549999237060547,856,0.0,0.0
2023-06-12 12:30:00-04:00,3.4800000190734863,3.490000009536743,3.430000066757202,3.430000066757202,3834,0.0,0.0
2023-06-12 13:30:00-04:00,3.4600000381469727,3.4600000381469727,3.430000066757202,3.4600000381469727,1835,0.0,0.0
2023-06-12 14:30:00-04:00,3.435699939727783,3.490000009536743,3.4200000762939453,3.4549999237060547,4516,0.0,0.0
2023-06-12 15:30:00-04:00,3.455199956893921,3.490000009536743,3.4516000747680664,3.4700000286102295,7445,0.0,0.0
2023-06-13 09:30:00-04:00,3.5,4.440000057220459,3.5,4.440000057220459,156660,0.0,0.0
2023-06-13 10:30:00-04:00,4.409999847412109,4.735000133514404,4.28000020980835,4.550000190734863,298151,0.0,0.0
2023-06-13 11:30:00-04:00,4.579999923706055,4.75,4.300000190734863,4.409999847412109,119120,0.0,0.0
2023-06-13 12:30:00-04:00,4.417300224304199,4.829999923706055,4.329999923706055,4.730000019073486,104528,0.0,0.0
2023-06-13 13:30:00-04:00,4.730000019073486,5.269999980926514,4.550000190734863,4.989999771118164,318525,0.0,0.0
2023-06-13 14:30:00-04:00,5.079999923706055,5.400000095367432,4.970099925994873,5.389699935913086,328112,0.0,0.0
2023-06-13 15:30:00-04:00,5.389900207519531,6.0,5.329999923706055,5.602399826049805,762387,0.0,0.0
2023-06-14 09:30:00-04:00,5.25,5.900000095367432,5.010000228881836,5.110000133514404,181588,0.0,0.0
2023-06-14 10:30:00-04:00,5.159999847412109,5.269999980926514,5.119999885559082,5.21999979019165,22569,0.0,0.0
2023-06-14 11:30:00-04:00,5.170000076293945,5.520400047302246,5.142000198364258,5.510000228881836,43763,0.0,0.0
2023-06-14 12:30:00-04:00,5.510000228881836,5.510000228881836,5.199999809265137,5.400000095367432,35793,0.0,0.0
2023-06-14 13:30:00-04:00,5.389400005340576,5.510000228881836,5.389400005340576,5.5,23747,0.0,0.0
2023-06-14 14:30:00-04:00,5.46999979019165,5.510000228881836,5.437399864196777,5.46999979019165,15244,0.0,0.0
2023-06-14 15:30:00-04:00,5.48799991607666,5.599999904632568,5.380000114440918,5.539999961853027,22250,0.0,0.0
2023-06-15 09:30:00-04:00,5.46999979019165,5.630000114440918,5.360000133514404,5.550000190734863,34251,0.0,0.0
2023-06-15 10:30:00-04:00,5.550000190734863,5.56220006942749,5.360000133514404,5.360000133514404,11449,0.0,0.0
2023-06-15 11:30:00-04:00,5.420000076293945,5.420000076293945,5.224999904632568,5.25,18566,0.0,0.0
2023-06-15 12:30:00-04:00,5.220099925994873,5.269999980926514,5.17140007019043,5.17140007019043,6922,0.0,0.0
2023-06-15 13:30:00-04:00,5.170000076293945,5.204999923706055,5.077099800109863,5.127600193023682,14461,0.0,0.0
2023-06-15 14:30:00-04:00,5.130000114440918,5.130000114440918,5.03000020980835,5.090000152587891,27491,0.0,0.0
2023-06-15 15:30:00-04:00,5.079999923706055,5.199999809265137,5.079999923706055,5.130000114440918,12580,0.0,0.0
2023-06-16 09:30:00-04:00,5.139999866485596,5.46999979019165,5.139999866485596,5.309999942779541,25338,0.0,0.0
2023-06-16 10:30:00-04:00,5.440000057220459,5.590000152587891,5.360000133514404,5.554999828338623,15771,0.0,0.0
2023-06-16 11:30:00-04:00,5.554999828338623,5.730000019073486,5.53000020980835,5.718999862670898,27612,0.0,0.0
2023-06-16 12:30:00-04:00,5.71999979019165,5.71999979019165,5.460000038146973,5.460000038146973,15479,0.0,0.0
2023-06-16 13:30:00-04:00,5.5,5.550000190734863,5.449999809265137,5.460000038146973,4629,0.0,0.0
2023-06-16 14:30:00-04:00,5.380000114440918,5.440000057220459,5.21999979019165,5.284999847412109,6185,0.0,0.0
2023-06-16 15:30:00-04:00,5.260000228881836,5.710000038146973,5.21999979019165,5.659999847412109,22222,0.0,0.0
2023-06-20 09:30:00-04:00,5.440000057220459,5.630000114440918,5.340000152587891,5.349999904632568,11743,0.0,0.0
2023-06-20 10:30:00-04:00,5.440000057220459,5.440000057220459,5.25,5.320000171661377,18826,0.0,0.0
2023-06-20 11:30:00-04:00,5.289999961853027,5.289999961853027,5.110000133514404,5.210000038146973,19513,0.0,0.0
2023-06-20 12:30:00-04:00,5.204999923706055,5.340000152587891,5.179999828338623,5.340000152587891,10972,0.0,0.0
2023-06-20 13:30:00-04:00,5.352200031280518,5.429999828338623,5.345900058746338,5.385000228881836,2532,0.0,0.0
2023-06-20 14:30:00-04:00,5.510000228881836,5.510000228881836,5.360000133514404,5.409999847412109,3777,0.0,0.0
2023-06-20 15:30:00-04:00,5.369999885559082,5.409999847412109,5.360000133514404,5.400000095367432,3928,0.0,0.0
2023-06-21 09:30:00-04:00,5.360000133514404,5.369999885559082,5.119999885559082,5.355000019073486,7684,0.0,0.0
2023-06-21 10:30:00-04:00,5.230000019073486,5.355000019073486,5.210000038146973,5.352799892425537,4364,0.0,0.0
2023-06-21 11:30:00-04:00,5.300000190734863,5.300000190734863,5.139999866485596,5.139999866485596,7841,0.0,0.0
2023-06-21 12:30:00-04:00,5.130000114440918,5.135000228881836,5.050000190734863,5.050000190734863,7171,0.0,0.0
2023-06-21 13:30:00-04:00,5.077700138092041,5.079800128936768,5.057499885559082,5.065000057220459,2681,0.0,0.0
2023-06-21 14:30:00-04:00,5.070000171661377,5.11929988861084,5.070000171661377,5.11929988861084,3557,0.0,0.0
2023-06-21 15:30:00-04:00,5.099999904632568,5.230000019073486,5.059999942779541,5.190000057220459,5878,0.0,0.0
2023-06-22 09:30:00-04:00,5.150000095367432,5.260000228881836,5.139999866485596,5.159999847412109,2336,0.0,0.0
2023-06-22 10:30:00-04:00,5.150000095367432,5.150000095367432,5.0,5.010000228881836,3962,0.0,0.0
2023-06-22 11:30:00-04:00,5.0,5.0970001220703125,4.860000133514404,4.929999828338623,10071,0.0,0.0
2023-06-22 12:30:00-04:00,5.007999897003174,5.010000228881836,4.849999904632568,4.849999904632568,12785,0.0,0.0
2023-06-22 13:30:00-04:00,4.849999904632568,4.869999885559082,4.710000038146973,4.7743000984191895,13934,0.0,0.0
2023-06-22 14:30:00-04:00,4.78000020980835,4.809999942779541,4.744999885559082,4.789999961853027,7872,0.0,0.0
2023-06-22 15:30:00-04:00,4.759300231933594,4.800000190734863,4.710000038146973,4.800000190734863,9410,0.0,0.0
2023-06-23 09:30:00-04:00,4.679999828338623,4.75,4.539999961853027,4.630000114440918,17507,0.0,0.0
2023-06-23 10:30:00-04:00,4.539999961853027,4.618000030517578,4.320000171661377,4.320000171661377,5227,0.0,0.0
2023-06-23 11:30:00-04:00,4.380799770355225,4.380799770355225,4.099999904632568,4.119999885559082,16693,0.0,0.0
2023-06-23 12:30:00-04:00,4.130000114440918,4.239699840545654,4.119999885559082,4.130000114440918,6026,0.0,0.0
2023-06-23 13:30:00-04:00,4.110000133514404,4.160999774932861,4.04010009765625,4.119999885559082,12224,0.0,0.0
2023-06-23 14:30:00-04:00,4.144999980926514,4.159999847412109,4.110000133514404,4.119999885559082,8016,0.0,0.0
2023-06-23 15:30:00-04:00,4.090000152587891,4.199999809265137,4.039999961853027,4.099999904632568,16095,0.0,0.0
2023-06-26 09:30:00-04:00,4.070000171661377,4.070000171661377,3.359999895095825,3.569999933242798,148167,0.0,0.0
2023-06-26 10:30:00-04:00,3.5399999618530273,3.5799999237060547,3.25,3.25,106012,0.0,0.0
2023-06-26 11:30:00-04:00,3.309999942779541,3.4000000953674316,3.309999942779541,3.3450000286102295,17823,0.0,0.0
2023-06-26 12:30:00-04:00,3.349299907684326,3.3499999046325684,3.190000057220459,3.200000047683716,119902,0.0,0.0
2023-06-26 13:30:00-04:00,3.200000047683716,3.200000047683716,2.609999895095825,2.7123000621795654,172005,0.0,0.0
2023-06-26 14:30:00-04:00,2.7149999141693115,3.140000104904175,2.7100000381469727,2.782599925994873,190096,0.0,0.0
2023-06-26 15:30:00-04:00,2.7799999713897705,2.880000114440918,2.6500000953674316,2.7300000190734863,97794,0.0,0.0
2023-06-27 09:30:00-04:00,2.9200000762939453,3.180000066757202,2.9200000762939453,2.970099925994873,207507,0.0,0.0
2023-06-27 10:30:00-04:00,2.992300033569336,3.059999942779541,2.9600000381469727,2.9862000942230225,34947,0.0,0.0
2023-06-27 11:30:00-04:00,2.990000009536743,3.0,2.8499999046325684,2.860100030899048,35941,0.0,0.0
2023-06-27 12:30:00-04:00,2.9000000953674316,3.0199999809265137,2.9000000953674316,3.0199999809265137,18434,0.0,0.0
2023-06-27 13:30:00-04:00,3.0299999713897705,3.059999942779541,2.990000009536743,3.0,10002,0.0,0.0
2023-06-27 14:30:00-04:00,3.009999990463257,3.0799999237060547,3.009999990463257,3.0450000762939453,12793,0.0,0.0
2023-06-27 15:30:00-04:00,3.049999952316284,3.299999952316284,3.0100998878479004,3.299999952316284,57359,0.0,0.0
2023-06-28 09:30:00-04:00,3.319999933242798,3.319999933242798,3.0899999141693115,3.0917000770568848,28450,0.0,0.0
2023-06-28 10:30:00-04:00,3.0899999141693115,3.134399890899658,3.009999990463257,3.0897998809814453,15618,0.0,0.0
2023-06-28 11:30:00-04:00,3.0799999237060547,3.180000066757202,3.069999933242798,3.1166999340057373,11689,0.0,0.0
2023-06-28 12:30:00-04:00,3.135200023651123,3.140000104904175,3.0899999141693115,3.140000104904175,7751,0.0,0.0
2023-06-28 13:30:00-04:00,3.140000104904175,3.2699999809265137,3.140000104904175,3.2699999809265137,6857,0.0,0.0
2023-06-28 14:30:00-04:00,3.2699999809265137,3.319999933242798,3.2100000381469727,3.2945001125335693,18256,0.0,0.0
2023-06-28 15:30:00-04:00,3.2899999618530273,3.309999942779541,3.200000047683716,3.309999942779541,14927,0.0,0.0
2023-06-29 09:30:00-04:00,3.359999895095825,3.359999895095825,3.1289000511169434,3.1600000858306885,17565,0.0,0.0
2023-06-29 10:30:00-04:00,3.140000104904175,3.380000114440918,3.1219000816345215,3.359999895095825,33999,0.0,0.0
2023-06-29 11:30:00-04:00,3.359999895095825,3.374500036239624,3.319999933242798,3.374500036239624,6834,0.0,0.0
2023-06-29 12:30:00-04:00,3.359999895095825,3.369999885559082,3.2799999713897705,3.2799999713897705,7237,0.0,0.0
2023-06-29 13:30:00-04:00,3.3299999237060547,3.4000000953674316,3.315000057220459,3.4000000953674316,11132,0.0,0.0
2023-06-29 14:30:00-04:00,3.4100000858306885,3.481600046157837,3.4098000526428223,3.4398000240325928,12790,0.0,0.0
2023-06-29 15:30:00-04:00,3.440000057220459,3.440000057220459,3.4100000858306885,3.4100000858306885,5389,0.0,0.0
2023-06-30 09:30:00-04:00,3.4000000953674316,3.490000009536743,3.180000066757202,3.354300022125244,20821,0.0,0.0
2023-06-30 10:30:00-04:00,3.3984999656677246,3.4000000953674316,3.2899999618530273,3.2899999618530273,6421,0.0,0.0
2023-06-30 11:30:00-04:00,3.380000114440918,3.380000114440918,3.301500082015991,3.301500082015991,1042,0.0,0.0
2023-06-30 12:30:00-04:00,3.299999952316284,3.359999895095825,3.299999952316284,3.299999952316284,1416,0.0,0.0
2023-06-30 13:30:00-04:00,3.310800075531006,3.359999895095825,3.299999952316284,3.299999952316284,1986,0.0,0.0
2023-06-30 14:30:00-04:00,3.2899999618530273,3.369999885559082,3.259999990463257,3.369999885559082,4460,0.0,0.0
2023-06-30 15:30:00-04:00,3.3499999046325684,3.430000066757202,3.299999952316284,3.3399999141693115,9843,0.0,0.0
2023-07-03 09:30:00-04:00,3.299999952316284,3.534899950027466,3.299999952316284,3.5199999809265137,17497,0.0,0.0
2023-07-03 10:30:00-04:00,3.4800000190734863,3.587399959564209,3.4200000762939453,3.4800000190734863,16967,0.0,0.0
2023-07-03 11:30:00-04:00,3.5,3.690000057220459,3.5,3.690000057220459,11972,0.0,0.0
2023-07-05 09:30:00-04:00,3.680000066757202,3.8399999141693115,3.550100088119507,3.7100000381469727,40292,0.0,0.0
2023-07-05 10:30:00-04:00,3.700000047683716,3.7699999809265137,3.6500000953674316,3.6600000858306885,12312,0.0,0.0
2023-07-05 11:30:00-04:00,3.630000114440918,3.6874001026153564,3.569999933242798,3.569999933242798,7419,0.0,0.0
2023-07-05 12:30:00-04:00,3.509999990463257,3.5799999237060547,3.4800000190734863,3.509999990463257,2683,0.0,0.0
2023-07-05 13:30:00-04:00,3.5299999713897705,3.759999990463257,3.509999990463257,3.5399999618530273,14480,0.0,0.0
2023-07-05 14:30:00-04:00,3.559999942779541,3.659899950027466,3.5,3.505000114440918,3102,0.0,0.0
2023-07-05 15:30:00-04:00,3.549999952316284,3.680000066757202,3.5,3.5950000286102295,6120,0.0,0.0
2023-07-06 09:30:00-04:00,3.5399999618530273,3.549999952316284,3.4279000759124756,3.4279000759124756,26591,0.0,0.0
2023-07-06 10:30:00-04:00,3.440000057220459,3.509999990463257,3.2300000190734863,3.3499999046325684,35182,0.0,0.0
2023-07-06 11:30:00-04:00,3.390000104904175,3.3926000595092773,3.3550000190734863,3.3613998889923096,2454,0.0,0.0
2023-07-06 12:30:00-04:00,3.321000099182129,3.390000104904175,3.315000057220459,3.3833000659942627,2821,0.0,0.0
2023-07-06 13:30:00-04:00,3.369999885559082,3.4000000953674316,3.355600118637085,3.355600118637085,1256,0.0,0.0
2023-07-06 14:30:00-04:00,3.4000000953674316,3.4100000858306885,3.369999885559082,3.369999885559082,1488,0.0,0.0
2023-07-06 15:30:00-04:00,3.390000104904175,3.4000000953674316,3.3299999237060547,3.390000104904175,6608,0.0,0.0
2023-07-07 09:30:00-04:00,3.359999895095825,3.374799966812134,3.309999942779541,3.374799966812134,6235,0.0,0.0
2023-07-07 10:30:00-04:00,3.364300012588501,3.364300012588501,3.364300012588501,3.364300012588501,373,0.0,0.0
2023-07-07 11:30:00-04:00,3.309999942779541,3.3664000034332275,3.309999942779541,3.3350000381469727,4413,0.0,0.0
2023-07-07 12:30:00-04:00,3.2799999713897705,3.299999952316284,3.2100000381469727,3.2799999713897705,4536,0.0,0.0
2023-07-07 13:30:00-04:00,3.2964000701904297,3.2964000701904297,3.2081000804901123,3.2081000804901123,2209,0.0,0.0
2023-07-07 14:30:00-04:00,3.2100000381469727,3.3399999141693115,3.1500000953674316,3.259999990463257,13667,0.0,0.0
2023-07-07 15:30:00-04:00,3.3299999237060547,3.3399999141693115,3.259999990463257,3.3399999141693115,1988,0.0,0.0
2023-07-10 09:30:00-04:00,3.280100107192993,3.4526000022888184,3.25,3.3433001041412354,13157,0.0,0.0
2023-07-10 10:30:00-04:00,3.3645999431610107,3.559999942779541,3.3645999431610107,3.5299999713897705,21398,0.0,0.0
2023-07-10 11:30:00-04:00,3.4500999450683594,3.549999952316284,3.430000066757202,3.4800000190734863,2817,0.0,0.0
2023-07-10 12:30:00-04:00,3.5199999809265137,3.5399999618530273,3.5,3.5399999618530273,1115,0.0,0.0
2023-07-10 13:30:00-04:00,3.470099925994873,3.549999952316284,3.4700000286102295,3.549999952316284,2911,0.0,0.0
2023-07-10 14:30:00-04:00,3.5450000762939453,3.559999942779541,3.5450000762939453,3.559999942779541,1318,0.0,0.0
2023-07-10 15:30:00-04:00,3.4600000381469727,3.505000114440918,3.450000047683716,3.5,2671,0.0,0.0
2023-07-11 09:30:00-04:00,3.440000057220459,3.690000057220459,3.299999952316284,3.619999885559082,12158,0.0,0.0
2023-07-11 10:30:00-04:00,3.700000047683716,3.7899999618530273,3.661600112915039,3.740000009536743,8846,0.0,0.0
2023-07-11 11:30:00-04:00,3.76990008354187,3.76990008354187,3.6898999214172363,3.690700054168701,6004,0.0,0.0
2023-07-11 12:30:00-04:00,3.7300000190734863,3.759999990463257,3.7100000381469727,3.75,1746,0.0,0.0
2023-07-11 13:30:00-04:00,3.714200019836426,3.75,3.714200019836426,3.75,962,0.0,0.0
2023-07-11 14:30:00-04:00,3.7699999809265137,3.7899999618530273,3.7300000190734863,3.7300000190734863,4577,0.0,0.0
2023-07-11 15:30:00-04:00,3.7300000190734863,3.7799999713897705,3.7200000286102295,3.7799999713897705,1481,0.0,0.0
2023-07-12 09:30:00-04:00,3.7200000286102295,3.880000114440918,3.7100000381469727,3.811500072479248,32090,0.0,0.0
2023-07-12 10:30:00-04:00,3.799999952316284,3.880000114440918,3.799999952316284,3.8671998977661133,10002,0.0,0.0
2023-07-12 11:30:00-04:00,3.8101000785827637,3.8750998973846436,3.8101000785827637,3.8299999237060547,3183,0.0,0.0
2023-07-12 12:30:00-04:00,3.809999942779541,3.8299999237060547,3.7699999809265137,3.7699999809265137,3732,0.0,0.0
2023-07-12 13:30:00-04:00,3.75,3.819999933242798,3.7300000190734863,3.7799999713897705,4742,0.0,0.0
2023-07-12 14:30:00-04:00,3.7799999713897705,3.7799999713897705,3.740000009536743,3.740000009536743,1814,0.0,0.0
2023-07-12 15:30:00-04:00,3.7200000286102295,3.799999952316284,3.7100000381469727,3.799999952316284,3492,0.0,0.0
2023-07-13 09:30:00-04:00,3.8399999141693115,3.9182000160217285,3.8399999141693115,3.8901000022888184,3666,0.0,0.0
2023-07-13 10:30:00-04:00,3.8101999759674072,4.440000057220459,3.8101999759674072,4.190100193023682,69933,0.0,0.0
2023-07-13 11:30:00-04:00,4.230000019073486,4.550000190734863,4.170000076293945,4.505000114440918,49939,0.0,0.0
2023-07-13 12:30:00-04:00,4.480000019073486,4.550000190734863,4.309999942779541,4.309999942779541,6854,0.0,0.0
2023-07-13 13:30:00-04:00,4.289999961853027,4.289999961853027,4.162499904632568,4.195099830627441,5391,0.0,0.0
2023-07-13 14:30:00-04:00,4.164999961853027,4.260000228881836,4.164999961853027,4.180699825286865,6192,0.0,0.0
2023-07-13 15:30:00-04:00,4.190000057220459,4.299900054931641,4.170000076293945,4.190000057220459,13011,0.0,0.0
2023-07-14 09:30:00-04:00,4.210000038146973,4.320000171661377,4.070000171661377,4.099999904632568,14108,0.0,0.0
2023-07-14 10:30:00-04:00,4.179999828338623,4.28000020980835,4.010000228881836,4.28000020980835,3160,0.0,0.0
2023-07-14 11:30:00-04:00,4.150000095367432,4.150000095367432,4.051499843597412,4.144999980926514,1986,0.0,0.0
2023-07-14 12:30:00-04:00,4.059999942779541,4.139999866485596,4.057600021362305,4.057600021362305,964,0.0,0.0
2023-07-14 13:30:00-04:00,4.059999942779541,4.070000171661377,4.010000228881836,4.059999942779541,7281,0.0,0.0
2023-07-14 14:30:00-04:00,4.050000190734863,4.098199844360352,4.010000228881836,4.039999961853027,3229,0.0,0.0
2023-07-14 15:30:00-04:00,4.039999961853027,4.130000114440918,4.039999961853027,4.130000114440918,3495,0.0,0.0
2023-07-17 09:30:00-04:00,4.010000228881836,4.050000190734863,4.010000228881836,4.050000190734863,826,0.0,0.0
2023-07-17 10:30:00-04:00,4.079999923706055,4.21999979019165,4.079999923706055,4.210000038146973,6609,0.0,0.0
2023-07-17 11:30:00-04:00,4.210000038146973,4.369999885559082,4.170000076293945,4.340000152587891,4533,0.0,0.0
2023-07-17 12:30:00-04:00,4.340000152587891,4.340000152587891,4.275000095367432,4.275000095367432,1683,0.0,0.0
2023-07-17 13:30:00-04:00,4.262199878692627,4.300000190734863,4.25,4.28000020980835,5757,0.0,0.0
2023-07-17 14:30:00-04:00,4.28000020980835,4.300000190734863,4.260000228881836,4.260000228881836,2220,0.0,0.0
2023-07-17 15:30:00-04:00,4.289999961853027,4.34499979019165,4.25,4.340000152587891,2735,0.0,0.0
2023-07-18 09:30:00-04:00,4.190000057220459,4.195000171661377,4.0,4.195000171661377,6268,0.0,0.0
2023-07-18 10:30:00-04:00,4.210000038146973,4.210000038146973,4.130000114440918,4.190000057220459,1551,0.0,0.0
2023-07-18 12:30:00-04:00,4.199999809265137,4.199999809265137,4.130000114440918,4.190000057220459,1465,0.0,0.0
2023-07-18 13:30:00-04:00,4.119999885559082,4.159999847412109,4.119999885559082,4.159999847412109,745,0.0,0.0
2023-07-18 14:30:00-04:00,4.119999885559082,4.119999885559082,4.119999885559082,4.119999885559082,400,0.0,0.0
2023-07-18 15:30:00-04:00,4.119999885559082,4.199999809265137,4.119999885559082,4.190000057220459,1532,0.0,0.0
2023-07-19 09:30:00-04:00,4.139999866485596,4.289999961853027,4.03000020980835,4.264999866485596,5523,0.0,0.0
2023-07-19 10:30:00-04:00,4.239999771118164,4.239999771118164,4.139999866485596,4.139999866485596,3050,0.0,0.0
2023-07-19 11:30:00-04:00,4.139999866485596,4.139999866485596,4.139999866485596,4.139999866485596,348,0.0,0.0
2023-07-19 12:30:00-04:00,4.159999847412109,4.159999847412109,4.039999961853027,4.039999961853027,2006,0.0,0.0
2023-07-19 13:30:00-04:00,4.119999885559082,4.119999885559082,4.039999961853027,4.039999961853027,1426,0.0,0.0
2023-07-19 14:30:00-04:00,4.059999942779541,4.099999904632568,4.0,4.0,26149,0.0,0.0
2023-07-19 15:30:00-04:00,4.054999828338623,4.125,4.0,4.059999942779541,3237,0.0,0.0
2023-07-20 09:30:00-04:00,4.0,4.050000190734863,3.990000009536743,4.050000190734863,3242,0.0,0.0
2023-07-20 10:30:00-04:00,4.070000171661377,4.070000171661377,4.0,4.0,1892,0.0,0.0
2023-07-20 11:30:00-04:00,4.070000171661377,4.119999885559082,4.03000020980835,4.059999942779541,45577,0.0,0.0
2023-07-20 12:30:00-04:00,4.039999961853027,4.099999904632568,4.0,4.0329999923706055,15328,0.0,0.0
2023-07-20 13:30:00-04:00,4.039999961853027,4.054999828338623,3.9600000381469727,3.9600000381469727,8978,0.0,0.0
2023-07-20 14:30:00-04:00,3.9999001026153564,3.9999001026153564,3.890000104904175,3.990000009536743,7769,0.0,0.0
2023-07-20 15:30:00-04:00,3.9000000953674316,4.0,3.859999895095825,3.890000104904175,9306,0.0,0.0
2023-07-21 09:30:00-04:00,3.9100000858306885,4.090000152587891,3.799999952316284,3.899899959564209,21576,0.0,0.0
2023-07-21 10:30:00-04:00,3.871999979019165,3.871999979019165,3.8201000690460205,3.8499999046325684,4675,0.0,0.0
2023-07-21 11:30:00-04:00,3.859999895095825,3.859999895095825,3.8499999046325684,3.8499999046325684,654,0.0,0.0
2023-07-21 12:30:00-04:00,3.8499999046325684,3.86080002784729,3.819999933242798,3.819999933242798,2170,0.0,0.0
2023-07-21 14:30:00-04:00,3.809999942779541,3.8526999950408936,3.809999942779541,3.8350000381469727,1630,0.0,0.0
2023-07-21 15:30:00-04:00,3.851599931716919,3.890000104904175,3.809999942779541,3.890000104904175,1480,0.0,0.0
2023-07-24 09:30:00-04:00,3.869999885559082,3.8938000202178955,3.609999895095825,3.6596999168395996,7373,0.0,0.0
2023-07-24 10:30:00-04:00,3.609999895095825,3.759999990463257,3.609999895095825,3.7300000190734863,17605,0.0,0.0
2023-07-24 11:30:00-04:00,3.7202000617980957,3.880000114440918,3.7202000617980957,3.8610000610351562,4645,0.0,0.0
2023-07-24 12:30:00-04:00,3.859299898147583,3.880000114440918,3.8399999141693115,3.869999885559082,4557,0.0,0.0
2023-07-24 13:30:00-04:00,3.819999933242798,3.8499999046325684,3.7799999713897705,3.8299999237060547,2850,0.0,0.0
2023-07-24 14:30:00-04:00,3.7899999618530273,3.8299999237060547,3.7699999809265137,3.7699999809265137,1363,0.0,0.0
2023-07-24 15:30:00-04:00,3.7799999713897705,3.8299999237060547,3.75,3.8299999237060547,4033,0.0,0.0
2023-07-25 09:30:00-04:00,3.9000000953674316,3.950000047683716,3.8499999046325684,3.909899950027466,8822,0.0,0.0
2023-07-25 10:30:00-04:00,3.9200000762939453,3.9800000190734863,3.9100000858306885,3.930000066757202,5682,0.0,0.0
2023-07-25 11:30:00-04:00,3.9800000190734863,3.9800000190734863,3.5950000286102295,3.700000047683716,58188,0.0,0.0
2023-07-25 12:30:00-04:00,3.759999990463257,3.759999990463257,3.759999990463257,3.759999990463257,283,0.0,0.0
2023-07-25 13:30:00-04:00,3.740000009536743,3.7699999809265137,3.740000009536743,3.7699999809265137,1813,0.0,0.0
2023-07-25 14:30:00-04:00,3.716599941253662,3.809999942779541,3.7100000381469727,3.809999942779541,9468,0.0,0.0
2023-07-25 15:30:00-04:00,3.740000009536743,3.819999933242798,3.7300000190734863,3.799999952316284,2829,0.0,0.0
2023-07-26 09:30:00-04:00,3.821700096130371,3.9200000762939453,3.7167000770568848,3.83240008354187,7019,0.0,0.0
2023-07-26 10:30:00-04:00,3.8299999237060547,3.8399999141693115,3.740000009536743,3.740000009536743,2623,0.0,0.0
2023-07-26 11:30:00-04:00,3.819999933242798,3.819999933242798,3.75,3.7878000736236572,1170,0.0,0.0
2023-07-26 12:30:00-04:00,3.8194000720977783,3.8299999237060547,3.7899999618530273,3.8299999237060547,2117,0.0,0.0
2023-07-26 14:30:00-04:00,3.7899999618530273,3.875,3.7899999618530273,3.799999952316284,4384,0.0,0.0
2023-07-26 15:30:00-04:00,3.799999952316284,3.875,3.799999952316284,3.8399999141693115,1473,0.0,0.0
2023-07-27 09:30:00-04:00,3.950000047683716,3.9800000190734863,3.619999885559082,3.6500000953674316,12660,0.0,0.0
2023-07-27 10:30:00-04:00,3.609999895095825,3.690000057220459,3.609999895095825,3.6600000858306885,2652,0.0,0.0
2023-07-27 11:30:00-04:00,3.630000114440918,3.690000057220459,3.630000114440918,3.6600000858306885,4064,0.0,0.0
2023-07-27 12:30:00-04:00,3.699899911880493,3.700000047683716,3.630000114440918,3.630000114440918,3922,0.0,0.0
2023-07-27 13:30:00-04:00,3.690000057220459,3.690000057220459,3.5399999618530273,3.5399999618530273,10643,0.0,0.0
2023-07-27 14:30:00-04:00,3.5399999618530273,3.600399971008301,3.4700000286102295,3.5299999713897705,4707,0.0,0.0
2023-07-27 15:30:00-04:00,3.5799999237060547,3.619999885559082,3.5299999713897705,3.549999952316284,3666,0.0,0.0
2023-07-28 09:30:00-04:00,3.690000057220459,3.8550000190734863,3.690000057220459,3.8101000785827637,13324,0.0,0.0
2023-07-28 10:30:00-04:00,3.884399890899658,3.8910999298095703,3.799999952316284,3.809999942779541,3148,0.0,0.0
2023-07-28 11:30:00-04:00,3.8299999237060547,3.8399999141693115,3.799999952316284,3.799999952316284,2368,0.0,0.0
2023-07-28 12:30:00-04:00,3.815000057220459,3.8499999046325684,3.809999942779541,3.809999942779541,1141,0.0,0.0
2023-07-28 13:30:00-04:00,3.819999933242798,3.859999895095825,3.809999942779541,3.859999895095825,2903,0.0,0.0
2023-07-28 14:30:00-04:00,3.880000114440918,3.890000104904175,3.880000114440918,3.889400005340576,2020,0.0,0.0
2023-07-28 15:30:00-04:00,3.9000000953674316,3.9800000190734863,3.9000000953674316,3.9700000286102295,8851,0.0,0.0
2023-07-31 09:30:00-04:00,4.0,4.0,3.865000009536743,3.940000057220459,2636,0.0,0.0
2023-07-31 10:30:00-04:00,3.990000009536743,3.990000009536743,3.9000000953674316,3.9000000953674316,1481,0.0,0.0
2023-07-31 11:30:00-04:00,3.890000104904175,3.9000000953674316,3.890000104904175,3.9000000953674316,1861,0.0,0.0
2023-07-31 12:30:00-04:00,3.890000104904175,3.890000104904175,3.75,3.75,14408,0.0,0.0
2023-07-31 13:30:00-04:00,3.8499999046325684,3.8499999046325684,3.7300000190734863,3.7699999809265137,8101,0.0,0.0
2023-07-31 14:30:00-04:00,3.747499942779541,3.8299999237060547,3.747499942779541,3.7799999713897705,3376,0.0,0.0
2023-07-31 15:30:00-04:00,3.7699999809265137,3.880000114440918,3.7699999809265137,3.869999885559082,2568,0.0,0.0
2023-08-01 09:30:00-04:00,3.819999933242798,3.8798999786376953,3.799999952316284,3.799999952316284,2662,0.0,0.0
2023-08-01 10:30:00-04:00,3.799999952316284,3.859999895095825,3.799999952316284,3.859999895095825,775,0.0,0.0
2023-08-01 11:30:00-04:00,3.8399999141693115,3.9000000953674316,3.8340001106262207,3.9000000953674316,5095,0.0,0.0
2023-08-01 12:30:00-04:00,3.871799945831299,3.930000066757202,3.871799945831299,3.9000000953674316,1697,0.0,0.0
2023-08-01 13:30:00-04:00,3.9000000953674316,3.9000000953674316,3.9000000953674316,3.9000000953674316,220,0.0,0.0
2023-08-01 14:30:00-04:00,3.890000104904175,3.9200000762939453,3.858099937438965,3.9200000762939453,1907,0.0,0.0
2023-08-01 15:30:00-04:00,3.9100000858306885,3.9600000381469727,3.880000114440918,3.940000057220459,2634,0.0,0.0
2023-08-02 09:30:00-04:00,3.9000000953674316,3.9000000953674316,3.7950000762939453,3.8399999141693115,4898,0.0,0.0
2023-08-02 10:30:00-04:00,3.7799999713897705,3.7799999713897705,3.680000066757202,3.75,7058,0.0,0.0
2023-08-02 11:30:00-04:00,3.75,3.7899999618530273,3.75,3.7899999618530273,2412,0.0,0.0
2023-08-02 12:30:00-04:00,3.7843000888824463,3.799999952316284,3.7843000888824463,3.799999952316284,779,0.0,0.0
2023-08-02 14:30:00-04:00,3.799999952316284,3.799999952316284,3.5999999046325684,3.5999999046325684,9914,0.0,0.0
2023-08-02 15:30:00-04:00,3.5799999237060547,3.7300000190734863,3.5799999237060547,3.690000057220459,5803,0.0,0.0
2023-08-03 09:30:00-04:00,3.6700000762939453,3.809999942779541,3.6700000762939453,3.799999952316284,3031,0.0,0.0
2023-08-03 10:30:00-04:00,3.7771999835968018,3.805000066757202,3.759999990463257,3.759999990463257,2586,0.0,0.0
2023-08-03 11:30:00-04:00,3.75,3.7799999713897705,3.75,3.7799999713897705,730,0.0,0.0
2023-08-03 12:30:00-04:00,3.75,3.75,3.700000047683716,3.740000009536743,2044,0.0,0.0
2023-08-03 13:30:00-04:00,3.762200117111206,3.7899999618530273,3.75,3.7699999809265137,1628,0.0,0.0
2023-08-03 14:30:00-04:00,3.75,3.75,3.7100000381469727,3.7300000190734863,3049,0.0,0.0
2023-08-03 15:30:00-04:00,3.7300000190734863,3.7822999954223633,3.7300000190734863,3.7799999713897705,2820,0.0,0.0
2023-08-04 09:30:00-04:00,3.7300000190734863,3.890000104904175,3.7300000190734863,3.78410005569458,3713,0.0,0.0
2023-08-04 10:30:00-04:00,3.8350000381469727,3.8350000381469727,3.740000009536743,3.8187999725341797,773,0.0,0.0
2023-08-04 11:30:00-04:00,3.805000066757202,3.805000066757202,3.805000066757202,3.805000066757202,100,0.0,0.0
2023-08-04 12:30:00-04:00,3.7899999618530273,3.7899999618530273,3.680000066757202,3.700000047683716,7501,0.0,0.0
2023-08-04 13:30:00-04:00,3.7100000381469727,3.7300000190734863,3.6600000858306885,3.7200000286102295,1973,0.0,0.0
2023-08-04 14:30:00-04:00,3.6500000953674316,3.7699999809265137,3.6500000953674316,3.6700000762939453,1426,0.0,0.0
2023-08-04 15:30:00-04:00,3.6600000858306885,3.75,3.6500000953674316,3.6500000953674316,4634,0.0,0.0
2023-08-07 09:30:00-04:00,3.700000047683716,3.700000047683716,3.700000047683716,3.700000047683716,738,0.0,0.0
2023-08-07 10:30:00-04:00,3.6600000858306885,3.75,3.609999895095825,3.619999885559082,1794,0.0,0.0
2023-08-07 11:30:00-04:00,3.619999885559082,3.680000066757202,3.5799999237060547,3.619999885559082,7629,0.0,0.0
2023-08-07 12:30:00-04:00,3.5899999141693115,3.5899999141693115,3.5199999809265137,3.5399999618530273,2009,0.0,0.0
2023-08-07 13:30:00-04:00,3.549999952316284,3.549999952316284,3.450000047683716,3.450000047683716,7434,0.0,0.0
2023-08-07 14:30:00-04:00,3.4200000762939453,3.4879000186920166,3.4200000762939453,3.4649999141693115,1449,0.0,0.0
2023-08-07 15:30:00-04:00,3.497299909591675,3.569999933242798,3.497299909591675,3.5,4308,0.0,0.0
2023-08-08 09:30:00-04:00,3.5299999713897705,3.5299999713897705,3.440000057220459,3.440000057220459,1393,0.0,0.0
2023-08-08 10:30:00-04:00,3.440000057220459,3.484999895095825,3.440000057220459,3.484999895095825,388,0.0,0.0
2023-08-08 11:30:00-04:00,3.440000057220459,3.4749999046325684,3.3299999237060547,3.359999895095825,5741,0.0,0.0
2023-08-08 12:30:00-04:00,3.3399999141693115,3.4000000953674316,3.3399999141693115,3.4000000953674316,5062,0.0,0.0
2023-08-08 13:30:00-04:00,3.4267001152038574,3.4267001152038574,3.4100000858306885,3.4100000858306885,876,0.0,0.0
2023-08-08 14:30:00-04:00,3.430000066757202,3.440000057220459,3.3299999237060547,3.3299999237060547,2829,0.0,0.0
2023-08-08 15:30:00-04:00,3.380000114440918,3.440000057220459,3.380000114440918,3.430000066757202,1448,0.0,0.0
2023-08-09 09:30:00-04:00,3.440000057220459,3.440000057220459,3.3750998973846436,3.410099983215332,8606,0.0,0.0
2023-08-09 10:30:00-04:00,3.4100000858306885,3.503499984741211,3.4100000858306885,3.503499984741211,1768,0.0,0.0
2023-08-09 11:30:00-04:00,3.497299909591675,3.5,3.450000047683716,3.4700000286102295,3785,0.0,0.0
2023-08-09 12:30:00-04:00,3.450000047683716,3.450000047683716,3.4000000953674316,3.4000000953674316,1571,0.0,0.0
2023-08-09 13:30:00-04:00,3.4000000953674316,3.4000000953674316,3.4000000953674316,3.4000000953674316,388,0.0,0.0
2023-08-09 14:30:00-04:00,3.450000047683716,3.450000047683716,3.4100000858306885,3.4100000858306885,1780,0.0,0.0
2023-08-09 15:30:00-04:00,3.4200000762939453,3.4700000286102295,3.4100000858306885,3.4700000286102295,0,0.0,0.0
2023-08-10 09:30:00-04:00,3.4600000381469727,3.690000057220459,3.4600000381469727,3.6500000953674316,9780,0.0,0.0
2023-08-10 10:30:00-04:00,3.680000066757202,3.7200000286102295,3.640000104904175,3.700000047683716,20221,0.0,0.0
2023-08-10 11:30:00-04:00,3.680000066757202,3.700000047683716,3.640000104904175,3.640000104904175,6678,0.0,0.0
2023-08-10 12:30:00-04:00,3.640000104904175,3.6500000953674316,3.640000104904175,3.640000104904175,6115,0.0,0.0
2023-08-10 13:30:00-04:00,3.640000104904175,3.640000104904175,3.640000104904175,3.640000104904175,397,0.0,0.0
2023-08-10 14:30:00-04:00,3.6500000953674316,3.7100000381469727,3.6500000953674316,3.6700000762939453,9097,0.0,0.0
2023-08-10 15:30:00-04:00,3.6700000762939453,3.6728999614715576,3.6600000858306885,3.6728999614715576,1584,0.0,0.0
2023-08-11 09:30:00-04:00,3.619999885559082,3.690000057220459,3.4700000286102295,3.6500000953674316,13020,0.0,0.0
2023-08-11 11:30:00-04:00,3.6600000858306885,3.6738998889923096,3.619999885559082,3.6738998889923096,12626,0.0,0.0
2023-08-11 12:30:00-04:00,3.6600000858306885,3.690000057220459,3.6600000858306885,3.690000057220459,7077,0.0,0.0
2023-08-11 13:30:00-04:00,3.700000047683716,3.7300000190734863,3.700000047683716,3.7300000190734863,999,0.0,0.0
2023-08-11 14:30:00-04:00,3.759999990463257,3.759999990463257,3.75,3.75,1324,0.0,0.0
2023-08-11 15:30:00-04:00,3.759999990463257,3.8399999141693115,3.75,3.8399999141693115,5512,0.0,0.0
2023-08-14 09:30:00-04:00,3.7100000381469727,3.8373000621795654,3.5999999046325684,3.8373000621795654,1637,0.0,0.0
2023-08-14 10:30:00-04:00,3.799999952316284,3.799999952316284,3.5999999046325684,3.5999999046325684,1327,0.0,0.0
2023-08-14 11:30:00-04:00,3.619999885559082,3.787600040435791,3.619999885559082,3.7100000381469727,1115,0.0,0.0
2023-08-14 12:30:00-04:00,3.619999885559082,3.799999952316284,3.619999885559082,3.640000104904175,768,0.0,0.0
2023-08-14 13:30:00-04:00,3.619999885559082,3.7100000381469727,3.619999885559082,3.7100000381469727,537,0.0,0.0
2023-08-14 14:30:00-04:00,3.630000114440918,3.640000104904175,3.5999999046325684,3.5999999046325684,2268,0.0,0.0
2023-08-14 15:30:00-04:00,3.5999999046325684,3.609999895095825,3.5999999046325684,3.5999999046325684,0,0.0,0.0
2023-08-15 09:30:00-04:00,3.5199999809265137,3.7699999809265137,3.5,3.5,2340,0.0,0.0
2023-08-15 10:30:00-04:00,3.450000047683716,3.450000047683716,3.3517000675201416,3.4000000953674316,2426,0.0,0.0
2023-08-15 11:30:00-04:00,3.4000000953674316,3.47160005569458,3.4000000953674316,3.4000000953674316,1535,0.0,0.0
2023-08-15 12:30:00-04:00,3.4683001041412354,3.4683001041412354,3.3499999046325684,3.3499999046325684,13827,0.0,0.0
2023-08-15 13:30:00-04:00,3.375,3.375,3.3499999046325684,3.3499999046325684,829,0.0,0.0
2023-08-15 14:30:00-04:00,3.309999942779541,3.4000000953674316,3.299999952316284,3.319999933242798,2598,0.0,0.0
2023-08-15 15:30:00-04:00,3.390700101852417,3.390700101852417,3.299999952316284,3.299999952316284,4866,0.0,0.0
2023-08-16 09:30:00-04:00,3.4100000858306885,3.5399999618530273,3.2699999809265137,3.5399999618530273,10414,0.0,0.0
2023-08-16 10:30:00-04:00,3.490000009536743,3.490000009536743,3.309999942779541,3.309999942779541,0,0.0,0.0
2023-08-16 11:30:00-04:00,3.4200000762939453,3.453000068664551,3.4200000762939453,3.453000068664551,12035,0.0,0.0
2023-08-16 12:30:00-04:00,3.319999933242798,3.399899959564209,3.309999942779541,3.309999942779541,1774,0.0,0.0
2023-08-16 13:30:00-04:00,3.319999933242798,3.3499999046325684,3.299999952316284,3.299999952316284,2743,0.0,0.0
2023-08-16 14:30:00-04:00,3.299999952316284,3.299999952316284,3.299999952316284,3.299999952316284,721,0.0,0.0
2023-08-16 15:30:00-04:00,3.299999952316284,3.4200000762939453,3.299999952316284,3.4200000762939453,8304,0.0,0.0
2023-08-17 09:30:00-04:00,3.299999952316284,3.505000114440918,3.299999952316284,3.4200000762939453,26980,0.0,0.0
2023-08-17 10:30:00-04:00,3.359999895095825,3.359999895095825,3.359999895095825,3.359999895095825,1103,0.0,0.0
2023-08-17 12:30:00-04:00,3.299999952316284,3.3299999237060547,3.299999952316284,3.3299999237060547,307,0.0,0.0
2023-08-17 13:30:00-04:00,3.309999942779541,3.309999942779541,3.2699999809265137,3.2699999809265137,1787,0.0,0.0
2023-08-17 14:30:00-04:00,3.2776999473571777,3.2776999473571777,3.25,3.25,1122,0.0,0.0
2023-08-17 15:30:00-04:00,3.25,3.3299999237060547,3.2200000286102295,3.240000009536743,2889,0.0,0.0
2023-08-18 09:30:00-04:00,3.25,3.4000000953674316,3.0999999046325684,3.4000000953674316,62925,0.0,0.0
2023-08-18 10:30:00-04:00,3.2899999618530273,3.3299999237060547,3.25,3.2699999809265137,0,0.0,0.0
2023-08-18 11:30:00-04:00,3.25,3.25,3.2200000286102295,3.2200000286102295,65903,0.0,0.0
2023-08-18 12:30:00-04:00,3.3066000938415527,3.3066000938415527,3.3066000938415527,3.3066000938415527,1089,0.0,0.0
2023-08-18 13:30:00-04:00,3.307800054550171,3.307800054550171,3.2300000190734863,3.2300000190734863,2930,0.0,0.0
2023-08-18 14:30:00-04:00,3.2300000190734863,3.309999942779541,3.2300000190734863,3.240000009536743,2636,0.0,0.0
2023-08-18 15:30:00-04:00,3.240000009536743,3.2899999618530273,3.2300000190734863,3.2899999618530273,1563,0.0,0.0
2023-08-21 09:30:00-04:00,3.2899999618530273,3.4700000286102295,3.2899999618530273,3.4700000286102295,3197,0.0,0.0
2023-08-21 10:30:00-04:00,3.380000114440918,3.380000114440918,3.369999885559082,3.369999885559082,859,0.0,0.0
2023-08-21 11:30:00-04:00,3.3399999141693115,3.509999990463257,3.319999933242798,3.445499897003174,9032,0.0,0.0
2023-08-21 12:30:00-04:00,3.4700000286102295,3.5,3.450000047683716,3.5,4789,0.0,0.0
2023-08-21 14:30:00-04:00,3.444999933242798,3.444999933242798,3.4000000953674316,3.4000000953674316,1628,0.0,0.0
2023-08-21 15:30:00-04:00,3.4100000858306885,3.4100000858306885,3.2799999713897705,3.2799999713897705,0,0.0,0.0
2023-08-22 09:30:00-04:00,3.2799999713897705,3.440000057220459,3.259999990463257,3.259999990463257,6187,0.0,0.0
2023-08-22 10:30:00-04:00,3.305000066757202,3.380000114440918,3.305000066757202,3.380000114440918,5979,0.0,0.0
2023-08-22 11:30:00-04:00,3.4000000953674316,3.4100000858306885,3.4000000953674316,3.4000000953674316,9311,0.0,0.0
2023-08-22 12:30:00-04:00,3.380000114440918,3.380000114440918,3.359999895095825,3.359999895095825,861,0.0,0.0
2023-08-22 13:30:00-04:00,3.380000114440918,3.380000114440918,3.3299999237060547,3.3299999237060547,3598,0.0,0.0
2023-08-22 14:30:00-04:00,3.3447999954223633,3.4200000762939453,3.3447999954223633,3.3499999046325684,2394,0.0,0.0
2023-08-22 15:30:00-04:00,3.369999885559082,3.3701999187469482,3.3299999237060547,3.3299999237060547,2770,0.0,0.0
2023-08-23 09:30:00-04:00,3.4100000858306885,3.4189999103546143,3.390000104904175,3.4189999103546143,912,0.0,0.0
2023-08-23 10:30:00-04:00,3.3761000633239746,3.4700000286102295,3.3761000633239746,3.3901000022888184,8887,0.0,0.0
2023-08-23 11:30:00-04:00,3.359999895095825,3.359999895095825,3.359999895095825,3.359999895095825,1244,0.0,0.0
2023-08-23 12:30:00-04:00,3.461199998855591,3.461199998855591,3.4049999713897705,3.4049999713897705,1944,0.0,0.0
2023-08-23 13:30:00-04:00,3.3682000637054443,3.4091999530792236,3.3299999237060547,3.3299999237060547,1661,0.0,0.0
2023-08-23 14:30:00-04:00,3.388200044631958,3.4000000953674316,3.2899999618530273,3.4000000953674316,2904,0.0,0.0
2023-08-23 15:30:00-04:00,3.319999933242798,3.380000114440918,3.309999942779541,3.3550000190734863,1100,0.0,0.0
2023-08-24 09:30:00-04:00,3.3499999046325684,3.3499999046325684,3.0899999141693115,3.315000057220459,0,0.0,0.0
2023-08-24 10:30:00-04:00,3.140000104904175,3.190000057220459,3.119999885559082,3.1500000953674316,6207,0.0,0.0
2023-08-24 11:30:00-04:00,3.1700000762939453,3.2100000381469727,3.1700000762939453,3.2100000381469727,441,0.0,0.0
2023-08-24 12:30:00-04:00,3.3073999881744385,3.319999933242798,3.2100000381469727,3.2100000381469727,719,0.0,0.0
2023-08-24 13:30:00-04:00,3.2100000381469727,3.299999952316284,3.2100000381469727,3.2100000381469727,1317,0.0,0.0
2023-08-24 14:30:00-04:00,3.234999895095825,3.2699999809265137,3.2200000286102295,3.2200000286102295,2261,0.0,0.0
2023-08-24 15:30:00-04:00,3.2300000190734863,3.309999942779541,3.2300000190734863,3.309999942779541,964,0.0,0.0
2023-08-25 09:30:00-04:00,3.2699999809265137,3.2699999809265137,3.2100000381469727,3.2100000381469727,1134,0.0,0.0
2023-08-25 10:30:00-04:00,3.322999954223633,3.322999954223633,3.2100000381469727,3.2100000381469727,700,0.0,0.0
2023-08-25 11:30:00-04:00,3.3299999237060547,3.359999895095825,3.25,3.25,4709,0.0,0.0
2023-08-25 13:30:00-04:00,3.25,3.259999990463257,3.1600000858306885,3.1700000762939453,15981,0.0,0.0
2023-08-25 14:30:00-04:00,3.2049999237060547,3.309999942779541,3.1500000953674316,3.309999942779541,12631,0.0,0.0
2023-08-25 15:30:00-04:00,3.240000009536743,3.2899999618530273,3.180000066757202,3.2899999618530273,1112,0.0,0.0
2023-08-28 09:30:00-04:00,3.2899999618530273,3.375,3.2899999618530273,3.299999952316284,2128,0.0,0.0
2023-08-28 10:30:00-04:00,3.200000047683716,3.200000047683716,3.184999942779541,3.184999942779541,1937,0.0,0.0
2023-08-28 11:30:00-04:00,3.240000009536743,3.240000009536743,3.240000009536743,3.240000009536743,214,0.0,0.0
2023-08-28 12:30:00-04:00,3.259999990463257,3.259999990463257,3.200000047683716,3.200000047683716,1187,0.0,0.0
2023-08-28 13:30:00-04:00,3.1600000858306885,3.210099935531616,3.1600000858306885,3.210099935531616,3433,0.0,0.0
2023-08-28 14:30:00-04:00,3.2100000381469727,3.2897000312805176,3.170099973678589,3.2716000080108643,7942,0.0,0.0
2023-08-28 15:30:00-04:00,3.2200000286102295,3.299999952316284,3.180000066757202,3.299999952316284,2314,0.0,0.0
2023-08-29 09:30:00-04:00,3.2699999809265137,3.2699999809265137,3.1600000858306885,3.1600000858306885,1111,0.0,0.0
2023-08-29 10:30:00-04:00,3.4800000190734863,3.4800000190734863,3.323699951171875,3.325000047683716,1017,0.0,0.0
2023-08-29 11:30:00-04:00,3.180000066757202,3.4000000953674316,3.180000066757202,3.4000000953674316,1280,0.0,0.0
2023-08-29 12:30:00-04:00,3.3399999141693115,3.4600000381469727,3.3399999141693115,3.380000114440918,3390,0.0,0.0
2023-08-29 13:30:00-04:00,3.4700000286102295,3.4800000190734863,3.4700000286102295,3.4800000190734863,0,0.0,0.0
2023-08-29 14:30:00-04:00,3.430000066757202,3.430000066757202,3.380000114440918,3.3801000118255615,12063,0.0,0.0
2023-08-29 15:30:00-04:00,3.430000066757202,3.4800000190734863,3.380000114440918,3.4800000190734863,0,0.0,0.0
2023-08-30 09:30:00-04:00,3.5,3.5,3.25,3.260999917984009,11459,0.0,0.0
2023-08-30 10:30:00-04:00,3.259999990463257,3.259999990463257,3.259999990463257,3.259999990463257,911,0.0,0.0
2023-08-30 11:30:00-04:00,3.299999952316284,3.299999952316284,3.299999952316284,3.299999952316284,5660,0.0,0.0
2023-08-30 12:30:00-04:00,3.343100070953369,3.343100070953369,3.343100070953369,3.343100070953369,221,0.0,0.0
2023-08-30 13:30:00-04:00,3.3499999046325684,3.3499999046325684,3.299999952316284,3.299999952316284,1361,0.0,0.0
2023-08-30 14:30:00-04:00,3.2899999618530273,3.2899999618530273,3.190000057220459,3.200000047683716,5284,0.0,0.0
2023-08-30 15:30:00-04:00,3.2100000381469727,3.299999952316284,3.200000047683716,3.299999952316284,3855,0.0,0.0
2023-08-31 09:30:00-04:00,3.3399999141693115,3.3399999141693115,3.2300000190734863,3.2300000190734863,1821,0.0,0.0
2023-08-31 10:30:00-04:00,3.3299999237060547,3.4000000953674316,3.3299999237060547,3.4000000953674316,2633,0.0,0.0
2023-08-31 11:30:00-04:00,3.390000104904175,3.450000047683716,3.390000104904175,3.450000047683716,4732,0.0,0.0
2023-08-31 12:30:00-04:00,3.440000057220459,3.4600000381469727,3.440000057220459,3.4600000381469727,3057,0.0,0.0
2023-08-31 15:30:00-04:00,3.3299999237060547,3.4800000190734863,3.3299999237060547,3.359999895095825,2699,0.0,0.0
2023-09-01 09:30:00-04:00,3.2899999618530273,3.4600000381469727,3.2899999618530273,3.4600000381469727,2273,0.0,0.0
2023-09-01 10:30:00-04:00,3.3399999141693115,3.649899959564209,3.3399999141693115,3.5399999618530273,4455,0.0,0.0
2023-09-01 11:30:00-04:00,3.6198999881744385,3.6298999786376953,3.4600000381469727,3.609999895095825,4833,0.0,0.0
2023-09-01 12:30:00-04:00,3.5199999809265137,3.539900064468384,3.484999895095825,3.484999895095825,745,0.0,0.0
2023-09-01 13:30:00-04:00,3.5302000045776367,3.5302000045776367,3.4700000286102295,3.509999990463257,1413,0.0,0.0
2023-09-01 14:30:00-04:00,3.5027999877929688,3.5027999877929688,3.4600000381469727,3.4600000381469727,2442,0.0,0.0
2023-09-01 15:30:00-04:00,3.4268999099731445,3.559999942779541,3.4268999099731445,3.559999942779541,2708,0.0,0.0
2023-09-05 09:30:00-04:00,3.4700000286102295,3.4700000286102295,3.4700000286102295,3.4700000286102295,409,0.0,0.0
2023-09-05 10:30:00-04:00,3.369999885559082,3.4800000190734863,3.309999942779541,3.4800000190734863,2120,0.0,0.0
2023-09-05 11:30:00-04:00,3.5399999618530273,3.569999933242798,3.5399999618530273,3.5399999618530273,1331,0.0,0.0
2023-09-05 12:30:00-04:00,3.369999885559082,3.3757998943328857,3.369999885559082,3.3757998943328857,1144,0.0,0.0
2023-09-05 13:30:00-04:00,3.369999885559082,3.369999885559082,3.369999885559082,3.369999885559082,716,0.0,0.0
2023-09-05 14:30:00-04:00,3.559999942779541,3.559999942779541,3.4100000858306885,3.4100000858306885,948,0.0,0.0
2023-09-05 15:30:00-04:00,3.4200000762939453,3.484999895095825,3.4000000953674316,3.4000000953674316,0,0.0,0.0
2023-09-06 09:30:00-04:00,3.2799999713897705,3.5399999618530273,3.2799999713897705,3.5399999618530273,3009,0.0,0.0
2023-09-06 10:30:00-04:00,3.5399999618530273,3.559999942779541,3.5,3.505000114440918,4335,0.0,0.0
2023-09-06 11:30:00-04:00,3.549999952316284,3.630000114440918,3.549999952316284,3.569999933242798,2790,0.0,0.0
2023-09-06 12:30:00-04:00,3.54010009765625,3.559999942779541,3.4623000621795654,3.4800000190734863,3197,0.0,0.0
2023-09-06 13:30:00-04:00,3.5799999237060547,3.5999999046325684,3.434999942779541,3.4800000190734863,4700,0.0,0.0
2023-09-06 14:30:00-04:00,3.4600000381469727,3.4700000286102295,3.450000047683716,3.4700000286102295,400,0.0,0.0
2023-09-06 15:30:00-04:00,3.4600000381469727,3.609999895095825,3.450000047683716,3.609999895095825,1329,0.0,0.0
2023-09-07 09:30:00-04:00,3.5199999809265137,3.5199999809265137,3.5199999809265137,3.5199999809265137,436,0.0,0.0
2023-09-07 13:30:00-04:00,3.3399999141693115,3.3399999141693115,3.3399999141693115,3.3399999141693115,2111,0.0,0.0
2023-09-07 14:30:00-04:00,3.390000104904175,3.390000104904175,3.390000104904175,3.390000104904175,1000,0.0,0.0
2023-09-08 09:30:00-04:00,3.440000057220459,3.5999999046325684,3.4100000858306885,3.4100000858306885,3687,0.0,0.0
2023-09-08 10:30:00-04:00,3.489799976348877,3.5899999141693115,3.489799976348877,3.5899999141693115,2337,0.0,0.0
2023-09-08 11:30:00-04:00,3.569999933242798,3.569999933242798,3.5299999713897705,3.5399999618530273,728,0.0,0.0
2023-09-08 12:30:00-04:00,3.490000009536743,3.540800094604492,3.4000000953674316,3.540800094604492,2466,0.0,0.0
2023-09-08 13:30:00-04:00,3.5199999809265137,3.549999952316284,3.480799913406372,3.480799913406372,2003,0.0,0.0
2023-09-08 14:30:00-04:00,3.430000066757202,3.490000009536743,3.4200000762939453,3.430000066757202,3947,0.0,0.0
2023-09-08 15:30:00-04:00,3.484999895095825,3.549999952316284,3.4000000953674316,3.5299999713897705,3428,0.0,0.0
2023-09-11 09:30:00-04:00,3.4800000190734863,3.5799999237060547,3.4100000858306885,3.569999933242798,4329,0.0,0.0
2023-09-11 10:30:00-04:00,3.559999942779541,3.630000114440918,3.515000104904175,3.630000114440918,2268,0.0,0.0
2023-09-11 12:30:00-04:00,3.4609999656677246,3.630000114440918,3.440000057220459,3.6054999828338623,3262,0.0,0.0
2023-09-11 13:30:00-04:00,3.4600000381469727,3.609999895095825,3.4600000381469727,3.609999895095825,1050,0.0,0.0
2023-09-11 14:30:00-04:00,3.4800000190734863,3.609999895095825,3.4600000381469727,3.609999895095825,1201,0.0,0.0
2023-09-11 15:30:00-04:00,3.4700000286102295,3.609999895095825,3.4600000381469727,3.4700000286102295,1966,0.0,0.0
2023-09-12 09:30:00-04:00,3.440000057220459,3.7200000286102295,3.440000057220459,3.700900077819824,5021,0.0,0.0
2023-09-12 10:30:00-04:00,3.6649999618530273,3.6649999618530273,3.6649999618530273,3.6649999618530273,272,0.0,0.0
2023-09-12 11:30:00-04:00,3.690000057220459,3.690000057220459,3.690000057220459,3.690000057220459,1674,0.0,0.0
2023-09-12 12:30:00-04:00,3.700000047683716,3.7200000286102295,3.700000047683716,3.7200000286102295,2321,0.0,0.0
2023-09-12 13:30:00-04:00,3.714600086212158,3.8375000953674316,3.6700000762939453,3.75,10803,0.0,0.0
2023-09-12 14:30:00-04:00,3.8499999046325684,3.889899969100952,3.7200000286102295,3.7200000286102295,920,0.0,0.0
2023-09-12 15:30:00-04:00,3.7249999046325684,3.809999942779541,3.640000104904175,3.7799999713897705,0,0.0,0.0
2023-09-13 09:30:00-04:00,3.740000009536743,3.740000009536743,3.740000009536743,3.740000009536743,172,0.0,0.0
2023-09-13 12:30:00-04:00,3.5899999141693115,3.734999895095825,3.5899999141693115,3.7286999225616455,3781,0.0,0.0
2023-09-13 13:30:00-04:00,3.549999952316284,3.7049999237060547,3.549999952316284,3.7049999237060547,1978,0.0,0.0
2023-09-13 14:30:00-04:00,3.701200008392334,3.701200008392334,3.5,3.5,2496,0.0,0.0
2023-09-13 15:30:00-04:00,3.790600061416626,3.790600061416626,3.549999952316284,3.549999952316284,0,0.0,0.0
2023-09-14 09:30:00-04:00,3.5799999237060547,3.8399999141693115,3.559999942779541,3.559999942779541,1019,0.0,0.0
2023-09-14 10:30:00-04:00,3.619999885559082,3.75,3.580199956893921,3.728300094604492,3651,0.0,0.0
2023-09-14 11:30:00-04:00,3.740000009536743,3.75,3.680000066757202,3.7100000381469727,2167,0.0,0.0
2023-09-14 12:30:00-04:00,3.680000066757202,3.690000057220459,3.609999895095825,3.6549999713897705,4072,0.0,0.0
2023-09-14 13:30:00-04:00,3.6500000953674316,3.678100109100342,3.549999952316284,3.622299909591675,5358,0.0,0.0
2023-09-14 14:30:00-04:00,3.5729000568389893,3.680000066757202,3.509999990463257,3.680000066757202,2287,0.0,0.0
2023-09-14 15:30:00-04:00,3.559999942779541,3.700000047683716,3.5,3.5199999809265137,6018,0.0,0.0
2023-09-15 09:30:00-04:00,3.5,3.5250000953674316,3.5,3.5199999809265137,1103,0.0,0.0
2023-09-15 10:30:00-04:00,3.740000009536743,3.740000009536743,3.509999990463257,3.562299966812134,903,0.0,0.0
2023-09-15 11:30:00-04:00,3.5850000381469727,3.609999895095825,3.4700000286102295,3.609999895095825,1117,0.0,0.0
2023-09-15 12:30:00-04:00,3.5299999713897705,3.5999999046325684,3.4600000381469727,3.5999999046325684,1000,0.0,0.0
2023-09-15 13:30:00-04:00,3.549999952316284,3.549999952316284,3.549999952316284,3.549999952316284,104,0.0,0.0
2023-09-15 14:30:00-04:00,3.4700000286102295,3.5799999237060547,3.390000104904175,3.559999942779541,3567,0.0,0.0
2023-09-15 15:30:00-04:00,3.4000000953674316,3.5799999237060547,3.2300000190734863,3.25,14575,0.0,0.0
2023-09-18 09:30:00-04:00,3.3499999046325684,3.4200000762939453,3.3499999046325684,3.4200000762939453,671,0.0,0.0
2023-09-18 10:30:00-04:00,3.2699999809265137,3.2699999809265137,3.2699999809265137,3.2699999809265137,0,0.0,0.0
2023-09-18 11:30:00-04:00,3.278599977493286,3.278599977493286,3.278599977493286,3.278599977493286,1557,0.0,0.0
2023-09-18 12:30:00-04:00,3.3613998889923096,3.3613998889923096,3.3613998889923096,3.3613998889923096,233,0.0,0.0
2023-09-18 13:30:00-04:00,3.2699999809265137,3.3399999141693115,3.2100000381469727,3.278899908065796,2874,0.0,0.0
2023-09-18 14:30:00-04:00,3.2100000381469727,3.3499999046325684,3.2100000381469727,3.3499999046325684,1502,0.0,0.0
2023-09-18 15:30:00-04:00,3.259999990463257,3.3499999046325684,3.2100000381469727,3.2100000381469727,2028,0.0,0.0
2023-09-19 09:30:00-04:00,3.309999942779541,3.309999942779541,3.2899999618530273,3.29010009765625,1433,0.0,0.0
2023-09-19 10:30:00-04:00,3.2899999618530273,3.2899999618530273,3.119999885559082,3.200000047683716,7475,0.0,0.0
2023-09-19 12:30:00-04:00,3.2100000381469727,3.2100000381469727,3.2100000381469727,3.2100000381469727,481,0.0,0.0
2023-09-19 13:30:00-04:00,3.2100000381469727,3.2100000381469727,3.200000047683716,3.200000047683716,1689,0.0,0.0
2023-09-19 14:30:00-04:00,3.2100000381469727,3.2100000381469727,3.1500000953674316,3.1600000858306885,3465,0.0,0.0
2023-09-19 15:30:00-04:00,3.1700000762939453,3.1700000762939453,3.130000114440918,3.140000104904175,5582,0.0,0.0
2023-09-20 09:30:00-04:00,3.1700000762939453,3.4000000953674316,3.119999885559082,3.2699999809265137,1616,0.0,0.0
2023-09-20 10:30:00-04:00,3.25,3.25,3.25,3.25,2907,0.0,0.0
2023-09-20 11:30:00-04:00,3.2114999294281006,3.2114999294281006,3.190000057220459,3.190000057220459,1614,0.0,0.0
2023-09-20 12:30:00-04:00,3.200000047683716,3.2699999809265137,3.190000057220459,3.200000047683716,5330,0.0,0.0
2023-09-20 14:30:00-04:00,3.2100000381469727,3.2200000286102295,3.2100000381469727,3.2100000381469727,900,0.0,0.0
2023-09-20 15:30:00-04:00,3.2200000286102295,3.2200000286102295,3.200000047683716,3.200000047683716,1311,0.0,0.0
2023-09-21 09:30:00-04:00,3.200000047683716,3.259999990463257,3.095400094985962,3.2200000286102295,0,0.0,0.0
2023-09-21 10:30:00-04:00,3.119999885559082,3.190000057220459,3.0999999046325684,3.190000057220459,4641,0.0,0.0
2023-09-21 12:30:00-04:00,3.130000114440918,3.130000114440918,3.0899999141693115,3.0899999141693115,4417,0.0,0.0
2023-09-21 13:30:00-04:00,3.0999999046325684,3.134999990463257,3.0899999141693115,3.0899999141693115,410,0.0,0.0
2023-09-21 14:30:00-04:00,3.1233999729156494,3.1233999729156494,3.0799999237060547,3.0799999237060547,4520,0.0,0.0
2023-09-21 15:30:00-04:00,3.0899999141693115,3.0899999141693115,3.0799999237060547,3.0799999237060547,890,0.0,0.0
2023-09-22 09:30:00-04:00,3.200000047683716,3.2850000858306885,3.200000047683716,3.2850000858306885,0,0.0,0.0
2023-09-22 10:30:00-04:00,3.140000104904175,3.303499937057495,3.130000114440918,3.303499937057495,1778,0.0,0.0
2023-09-22 11:30:00-04:00,3.2100000381469727,3.25,3.0999999046325684,3.25,3637,0.0,0.0
2023-09-22 12:30:00-04:00,3.0799999237060547,3.240000009536743,3.069999933242798,3.240000009536743,2982,0.0,0.0
2023-09-22 13:30:00-04:00,3.059999942779541,3.0899999141693115,3.059999942779541,3.0899999141693115,698,0.0,0.0
2023-09-22 14:30:00-04:00,3.0399999618530273,3.240000009536743,3.0299999713897705,3.049999952316284,3470,0.0,0.0
2023-09-22 15:30:00-04:00,3.0799999237060547,3.212399959564209,3.059999942779541,3.0799999237060547,830,0.0,0.0
2023-09-25 09:30:00-04:00,3.1500000953674316,3.299999952316284,3.130000114440918,3.299999952316284,2084,0.0,0.0
2023-09-25 10:30:00-04:00,3.240000009536743,3.240000009536743,3.1500000953674316,3.200000047683716,1745,0.0,0.0
2023-09-25 11:30:00-04:00,3.049999952316284,3.140000104904175,3.009999990463257,3.121999979019165,1578,0.0,0.0
2023-09-25 12:30:00-04:00,3.119999885559082,3.1500000953674316,3.0999999046325684,3.130000114440918,3183,0.0,0.0
2023-09-25 13:30:00-04:00,3.1136999130249023,3.1136999130249023,3.1136999130249023,3.1136999130249023,849,0.0,0.0
2023-09-25 14:30:00-04:00,3.049999952316284,3.049999952316284,3.049999952316284,3.049999952316284,1225,0.0,0.0
2023-09-25 15:30:00-04:00,3.049999952316284,3.140000104904175,3.049999952316284,3.140000104904175,1495,0.0,0.0
2023-09-26 09:30:00-04:00,3.119999885559082,3.140000104904175,3.119999885559082,3.140000104904175,0,0.0,0.0
2023-09-26 10:30:00-04:00,3.140000104904175,3.1500000953674316,3.140000104904175,3.1500000953674316,1861,0.0,0.0
2023-09-26 11:30:00-04:00,3.184999942779541,3.2300000190734863,3.184999942779541,3.2300000190734863,1426,0.0,0.0
2023-09-26 13:30:00-04:00,3.2100000381469727,3.2300000190734863,3.140000104904175,3.1401000022888184,5997,0.0,0.0
2023-09-26 14:30:00-04:00,3.1500000953674316,3.1500000953674316,3.0799999237060547,3.0999999046325684,3193,0.0,0.0
2023-09-26 15:30:00-04:00,3.1500000953674316,3.1500000953674316,3.1500000953674316,3.1500000953674316,377,0.0,0.0
2023-09-27 09:30:00-04:00,3.109999895095825,3.299999952316284,3.0799999237060547,3.299999952316284,0,0.0,0.0
2023-09-27 10:30:00-04:00,3.2950000762939453,3.2950000762939453,3.130000114440918,3.140000104904175,3124,0.0,0.0
2023-09-27 11:30:00-04:00,3.2899999618530273,3.2899999618530273,3.2899999618530273,3.2899999618530273,112,0.0,0.0
2023-09-27 13:30:00-04:00,3.140000104904175,3.2899999618530273,3.069999933242798,3.20989990234375,12528,0.0,0.0
2023-09-27 14:30:00-04:00,3.109999895095825,3.1700000762939453,3.0999999046325684,3.0999999046325684,2709,0.0,0.0
2023-09-27 15:30:00-04:00,3.20989990234375,3.20989990234375,3.0799999237060547,3.0899999141693115,0,0.0,0.0
2023-09-28 09:30:00-04:00,3.049999952316284,3.0899999141693115,3.049999952316284,3.069999933242798,1106,0.0,0.0
2023-09-28 10:30:00-04:00,3.049999952316284,3.174999952316284,3.049999952316284,3.174999952316284,1896,0.0,0.0
2023-09-28 11:30:00-04:00,3.0601000785827637,3.1700000762939453,3.0601000785827637,3.1700000762939453,803,0.0,0.0
2023-09-28 12:30:00-04:00,3.1600000858306885,3.1600000858306885,3.1600000858306885,3.1600000858306885,552,0.0,0.0
2023-09-28 14:30:00-04:00,3.119999885559082,3.119999885559082,3.0199999809265137,3.0199999809265137,2840,0.0,0.0
2023-09-28 15:30:00-04:00,3.115000009536743,3.1700000762939453,3.049999952316284,3.049999952316284,705,0.0,0.0
2023-09-29 09:30:00-04:00,3.0999999046325684,3.2200000286102295,3.0999999046325684,3.2200000286102295,2182,0.0,0.0
2023-09-29 11:30:00-04:00,3.130000114440918,3.2899999618530273,3.109999895095825,3.2300000190734863,3656,0.0,0.0
2023-09-29 12:30:00-04:00,3.299999952316284,3.299999952316284,3.299999952316284,3.299999952316284,427,0.0,0.0
2023-09-29 14:30:00-04:00,3.2100000381469727,3.2100000381469727,3.119999885559082,3.119999885559082,2216,0.0,0.0
2023-09-29 15:30:00-04:00,3.1500000953674316,3.2899999618530273,3.130000114440918,3.130000114440918,2097,0.0,0.0
2023-10-02 09:30:00-04:00,3.190000057220459,3.299999952316284,3.190000057220459,3.2899999618530273,586,0.0,0.0
2023-10-02 10:30:00-04:00,3.1500000953674316,3.2799999713897705,3.1500000953674316,3.2799999713897705,1576,0.0,0.0
2023-10-02 11:30:00-04:00,3.1600000858306885,3.25,3.0799999237060547,3.180000066757202,4354,0.0,0.0
2023-10-02 14:30:00-04:00,3.190000057220459,3.190000057220459,3.0899999141693115,3.0899999141693115,3436,0.0,0.0
2023-10-02 15:30:00-04:00,3.119999885559082,3.1663999557495117,3.119999885559082,3.1600000858306885,0,0.0,0.0
2023-10-03 09:30:00-04:00,3.1500000953674316,3.2100000381469727,3.130000114440918,3.1600000858306885,4576,0.0,0.0
2023-10-03 10:30:00-04:00,3.1500000953674316,3.1500000953674316,3.119999885559082,3.119999885559082,805,0.0,0.0
2023-10-03 11:30:00-04:00,3.119999885559082,3.119999885559082,3.119999885559082,3.119999885559082,513,0.0,0.0
2023-10-03 12:30:00-04:00,3.149899959564209,3.149899959564209,3.059999942779541,3.059999942779541,2466,0.0,0.0
2023-10-03 13:30:00-04:00,3.059999942779541,3.059999942779541,3.0,3.0,1026,0.0,0.0
2023-10-03 14:30:00-04:00,3.0,3.009999990463257,3.0,3.009999990463257,853,0.0,0.0
2023-10-03 15:30:00-04:00,3.0,3.1357998847961426,2.990000009536743,2.990000009536743,0,0.0,0.0
2023-10-04 09:30:00-04:00,3.049999952316284,3.1700000762939453,3.0399999618530273,3.0999999046325684,8441,0.0,0.0
2023-10-04 10:30:00-04:00,3.146699905395508,3.1910998821258545,3.009999990463257,3.190000057220459,7256,0.0,0.0
2023-10-04 11:30:00-04:00,3.109999895095825,3.109999895095825,3.109999895095825,3.109999895095825,141,0.0,0.0
2023-10-04 12:30:00-04:00,3.0,3.059999942779541,3.0,3.0,2630,0.0,0.0
2023-10-04 13:30:00-04:00,3.049999952316284,3.0899999141693115,3.0,3.0799999237060547,1005,0.0,0.0
2023-10-04 14:30:00-04:00,3.009999990463257,3.0399999618530273,3.0,3.0399999618530273,1307,0.0,0.0
2023-10-04 15:30:00-04:00,3.0,3.0199999809265137,3.0,3.0199999809265137,0,0.0,0.0
2023-10-05 09:30:00-04:00,3.0999999046325684,3.1963000297546387,3.059999942779541,3.1700000762939453,2915,0.0,0.0
2023-10-05 11:30:00-04:00,3.1500000953674316,3.1700000762939453,3.140000104904175,3.140000104904175,1565,0.0,0.0
2023-10-05 12:30:00-04:00,3.1500000953674316,3.1700000762939453,3.130000114440918,3.130000114440918,2426,0.0,0.0
2023-10-05 13:30:00-04:00,3.130000114440918,3.130000114440918,3.130000114440918,3.130000114440918,2331,0.0,0.0
2023-10-05 14:30:00-04:00,3.130000114440918,3.1600000858306885,3.130000114440918,3.130000114440918,4836,0.0,0.0
2023-10-05 15:30:00-04:00,3.140000104904175,3.1600000858306885,3.130000114440918,3.130000114440918,541,0.0,0.0
2023-10-06 09:30:00-04:00,3.140000104904175,3.140000104904175,3.009999990463257,3.1201000213623047,0,0.0,0.0
2023-10-06 10:30:00-04:00,3.119999885559082,3.119999885559082,3.119999885559082,3.119999885559082,1032,0.0,0.0
2023-10-06 11:30:00-04:00,3.119999885559082,3.2100000381469727,3.119999885559082,3.130000114440918,8819,0.0,0.0
2023-10-06 12:30:00-04:00,3.130000114440918,3.1549999713897705,3.119999885559082,3.1549999713897705,4883,0.0,0.0
2023-10-06 15:30:00-04:00,3.119999885559082,3.1561999320983887,3.109999895095825,3.1561999320983887,1654,0.0,0.0
2023-10-09 09:30:00-04:00,3.1600000858306885,3.1600000858306885,3.1500000953674316,3.1600000858306885,2819,0.0,0.0
2023-10-09 10:30:00-04:00,3.1600000858306885,3.1600000858306885,3.1500000953674316,3.1500000953674316,1534,0.0,0.0
2023-10-09 11:30:00-04:00,3.121500015258789,3.130000114440918,3.119999885559082,3.119999885559082,633,0.0,0.0
2023-10-09 12:30:00-04:00,3.119999885559082,3.2300000190734863,3.109999895095825,3.2300000190734863,556,0.0,0.0
2023-10-09 14:30:00-04:00,3.119999885559082,3.119999885559082,3.109999895095825,3.109999895095825,653,0.0,0.0
2023-10-09 15:30:00-04:00,3.109999895095825,3.1500000953674316,3.0199999809265137,3.1500000953674316,3856,0.0,0.0
2023-10-10 09:30:00-04:00,3.1600000858306885,3.2899999618530273,3.1600000858306885,3.2899999618530273,0,0.0,0.0
2023-10-10 10:30:00-04:00,3.2200000286102295,3.244999885559082,3.180000066757202,3.190000057220459,6638,0.0,0.0
2023-10-10 11:30:00-04:00,3.2699999809265137,3.2699999809265137,3.244999885559082,3.26990008354187,4619,0.0,0.0
2023-10-10 12:30:00-04:00,3.2646000385284424,3.2646000385284424,3.2200000286102295,3.2200000286102295,1055,0.0,0.0
2023-10-10 13:30:00-04:00,3.2200000286102295,3.2200000286102295,3.2100000381469727,3.2100000381469727,900,0.0,0.0
2023-10-10 14:30:00-04:00,3.200000047683716,3.200000047683716,3.190000057220459,3.190000057220459,699,0.0,0.0
2023-10-10 15:30:00-04:00,3.200000047683716,3.2799999713897705,3.190000057220459,3.2799999713897705,0,0.0,0.0
2023-10-11 09:30:00-04:00,3.25,3.4000000953674316,3.240000009536743,3.4000000953674316,5280,0.0,0.0
2023-10-11 10:30:00-04:00,3.319999933242798,3.3598999977111816,3.309999942779541,3.309999942779541,3428,0.0,0.0
2023-10-11 11:30:00-04:00,3.319999933242798,3.3499999046325684,3.309999942779541,3.309999942779541,10887,0.0,0.0
2023-10-11 12:30:00-04:00,3.299999952316284,3.309999942779541,3.299999952316284,3.309999942779541,2671,0.0,0.0
2023-10-11 13:30:00-04:00,3.299999952316284,3.300100088119507,3.299999952316284,3.299999952316284,855,0.0,0.0
2023-10-11 14:30:00-04:00,3.299999952316284,3.299999952316284,3.190000057220459,3.2699999809265137,7477,0.0,0.0
2023-10-11 15:30:00-04:00,3.200000047683716,3.3499999046325684,3.128700017929077,3.3499999046325684,0,0.0,0.0
2023-10-12 09:30:00-04:00,3.130000114440918,3.25,3.130000114440918,3.240000009536743,2553,0.0,0.0
2023-10-12 10:30:00-04:00,3.2100000381469727,3.25,3.180000066757202,3.2100000381469727,3657,0.0,0.0
2023-10-12 11:30:00-04:00,3.184999942779541,3.184999942779541,3.184999942779541,3.184999942779541,294,0.0,0.0
2023-10-12 12:30:00-04:00,3.180000066757202,3.2899999618530273,3.1201000213623047,3.2899999618530273,899,0.0,0.0
2023-10-12 14:30:00-04:00,3.119999885559082,3.319999933242798,3.119999885559082,3.319999933242798,2100,0.0,0.0
2023-10-12 15:30:00-04:00,3.1449999809265137,3.3399999141693115,3.140000104904175,3.2200000286102295,3841,0.0,0.0
2023-10-13 09:30:00-04:00,3.109999895095825,3.309999942779541,3.0999999046325684,3.309999942779541,0,0.0,0.0
2023-10-13 10:30:00-04:00,3.299999952316284,3.299999952316284,3.255500078201294,3.255500078201294,1601,0.0,0.0
2023-10-13 12:30:00-04:00,3.240000009536743,3.25,3.240000009536743,3.240000009536743,418,0.0,0.0
2023-10-13 13:30:00-04:00,3.240000009536743,3.259999990463257,3.240000009536743,3.259999990463257,3087,0.0,0.0
2023-10-13 14:30:00-04:00,3.2899999618530273,3.2899999618530273,3.2899999618530273,3.2899999618530273,131,0.0,0.0
2023-10-13 15:30:00-04:00,3.259999990463257,3.2699999809265137,3.259999990463257,3.2699999809265137,1244,0.0,0.0
2023-10-16 10:30:00-04:00,3.109999895095825,3.1500000953674316,3.109999895095825,3.1500000953674316,3602,0.0,0.0
2023-10-16 11:30:00-04:00,3.1242001056671143,3.140000104904175,3.0899999141693115,3.130000114440918,2609,0.0,0.0
2023-10-16 12:30:00-04:00,3.1070001125335693,3.1500000953674316,3.1070001125335693,3.1500000953674316,509,0.0,0.0
2023-10-16 13:30:00-04:00,3.1600000858306885,3.1700000762939453,3.1500000953674316,3.1700000762939453,1343,0.0,0.0
2023-10-16 14:30:00-04:00,3.1064000129699707,3.109999895095825,3.0999999046325684,3.0999999046325684,1323,0.0,0.0
2023-10-16 15:30:00-04:00,3.109999895095825,3.109999895095825,3.0899999141693115,3.0899999141693115,0,0.0,0.0
2023-10-17 09:30:00-04:00,3.0,3.134999990463257,3.0,3.134999990463257,7889,0.0,0.0
2023-10-17 10:30:00-04:00,3.109999895095825,3.109999895095825,3.109999895095825,3.109999895095825,2987,0.0,0.0
2023-10-17 11:30:00-04:00,3.130000114440918,3.1600000858306885,3.130000114440918,3.1335999965667725,656,0.0,0.0
2023-10-17 14:30:00-04:00,3.0899999141693115,3.0899999141693115,3.0799999237060547,3.0799999237060547,2348,0.0,0.0
2023-10-17 15:30:00-04:00,3.0799999237060547,3.0999999046325684,3.0799999237060547,3.0999999046325684,1940,0.0,0.0
2023-10-18 09:30:00-04:00,3.0999999046325684,3.109999895095825,3.0999999046325684,3.0999999046325684,0,0.0,0.0
2023-10-18 10:30:00-04:00,3.0999999046325684,3.1138999462127686,3.0999999046325684,3.1138999462127686,1500,0.0,0.0
2023-10-18 11:30:00-04:00,3.0999999046325684,3.1101999282836914,3.0999999046325684,3.1101999282836914,1551,0.0,0.0
2023-10-18 12:30:00-04:00,3.0999999046325684,3.109999895095825,3.049999952316284,3.049999952316284,17453,0.0,0.0
2023-10-18 13:30:00-04:00,3.0850000381469727,3.0850000381469727,3.0199999809265137,3.0199999809265137,952,0.0,0.0
2023-10-18 14:30:00-04:00,3.0,3.130000114440918,3.0,3.0999999046325684,5011,0.0,0.0
2023-10-18 15:30:00-04:00,3.0999999046325684,3.159899950027466,3.0999999046325684,3.109999895095825,0,0.0,0.0
2023-10-19 09:30:00-04:00,2.990000009536743,3.003200054168701,2.990000009536743,3.0,1837,0.0,0.0
2023-10-19 10:30:00-04:00,3.01200008392334,3.0999999046325684,3.009999990463257,3.009999990463257,2612,0.0,0.0
2023-10-19 11:30:00-04:00,3.1700000762939453,3.1700000762939453,3.009999990463257,3.009999990463257,532,0.0,0.0
2023-10-19 13:30:00-04:00,3.140000104904175,3.1500000953674316,3.0799999237060547,3.0799999237060547,23160,0.0,0.0
2023-10-19 14:30:00-04:00,3.134999990463257,3.134999990463257,3.0799999237060547,3.0799999237060547,718,0.0,0.0
2023-10-19 15:30:00-04:00,3.0799999237060547,3.1700000762939453,3.0799999237060547,3.1700000762939453,1030,0.0,0.0
2023-10-20 09:30:00-04:00,3.119999885559082,3.119999885559082,3.0,3.0,0,0.0,0.0
2023-10-20 10:30:00-04:00,3.0,3.0,3.0,3.0,427,0.0,0.0
2023-10-20 12:30:00-04:00,3.0,3.049999952316284,3.0,3.012200117111206,1014,0.0,0.0
2023-10-20 13:30:00-04:00,3.059999942779541,3.0980000495910645,3.059999942779541,3.0980000495910645,605,0.0,0.0
2023-10-20 14:30:00-04:00,3.0199999809265137,3.0299999713897705,3.0199999809265137,3.0199999809265137,2217,0.0,0.0
2023-10-20 15:30:00-04:00,3.0199999809265137,3.0999999046325684,3.009999990463257,3.0999999046325684,1786,0.0,0.0
2023-10-23 09:30:00-04:00,2.990000009536743,3.1600000858306885,2.990000009536743,3.1600000858306885,6044,0.0,0.0
2023-10-23 10:30:00-04:00,3.009500026702881,3.009500026702881,3.009500026702881,3.009500026702881,893,0.0,0.0
2023-10-23 11:30:00-04:00,3.1500000953674316,3.1500000953674316,3.0299999713897705,3.049999952316284,2133,0.0,0.0
2023-10-23 13:30:00-04:00,3.009999990463257,3.009999990463257,3.009999990463257,3.009999990463257,481,0.0,0.0
2023-10-23 14:30:00-04:00,3.009999990463257,3.0899999141693115,3.009999990463257,3.0899999141693115,1073,0.0,0.0
2023-10-23 15:30:00-04:00,3.009999990463257,3.0199999809265137,3.009999990463257,3.009999990463257,832,0.0,0.0
2023-10-24 09:30:00-04:00,3.049999952316284,3.140000104904175,3.049999952316284,3.109999895095825,5681,0.0,0.0
2023-10-24 10:30:00-04:00,3.1600000858306885,3.1700000762939453,3.0899999141693115,3.0899999141693115,657,0.0,0.0
2023-10-24 11:30:00-04:00,3.0299999713897705,3.0999999046325684,3.0299999713897705,3.059999942779541,497,0.0,0.0
2023-10-24 13:30:00-04:00,3.009999990463257,3.0399999618530273,2.9600000381469727,2.9600000381469727,1561,0.0,0.0
2023-10-24 14:30:00-04:00,2.9000000953674316,2.9200000762939453,2.9000000953674316,2.9200000762939453,1181,0.0,0.0
2023-10-24 15:30:00-04:00,2.9100000858306885,3.0,2.9100000858306885,2.940000057220459,2117,0.0,0.0
2023-10-25 10:30:00-04:00,2.9749999046325684,3.0,2.950000047683716,3.0,1162,0.0,0.0
2023-10-25 12:30:00-04:00,2.9000000953674316,2.9049999713897705,2.869999885559082,2.9049999713897705,1335,0.0,0.0
2023-10-25 13:30:00-04:00,2.890000104904175,2.9700000286102295,2.799999952316284,2.800100088119507,3722,0.0,0.0
2023-10-25 14:30:00-04:00,2.799999952316284,2.819999933242798,2.799999952316284,2.819999933242798,914,0.0,0.0
2023-10-25 15:30:00-04:00,2.809999942779541,2.8998000621795654,2.7699999809265137,2.890000104904175,0,0.0,0.0
2023-10-26 09:30:00-04:00,2.799999952316284,2.9600000381469727,2.799999952316284,2.9600000381469727,885,0.0,0.0
2023-10-26 11:30:00-04:00,2.8499999046325684,2.869999885559082,2.8499999046325684,2.8499999046325684,1900,0.0,0.0
2023-10-26 12:30:00-04:00,2.850100040435791,2.850100040435791,2.8499999046325684,2.8499999046325684,872,0.0,0.0
2023-10-26 13:30:00-04:00,2.8243000507354736,2.8243000507354736,2.8243000507354736,2.8243000507354736,833,0.0,0.0
2023-10-26 14:30:00-04:00,2.809999942779541,2.9200000762939453,2.799999952316284,2.809999942779541,3169,0.0,0.0
2023-10-26 15:30:00-04:00,2.9790000915527344,2.9790000915527344,2.819999933242798,2.819999933242798,348,0.0,0.0
2023-10-27 09:30:00-04:00,2.8499999046325684,2.8949999809265137,2.8299999237060547,2.890000104904175,0,0.0,0.0
2023-10-27 10:30:00-04:00,2.7899999618530273,2.809999942779541,2.7899999618530273,2.809999942779541,941,0.0,0.0
2023-10-27 11:30:00-04:00,2.809999942779541,2.8499999046325684,2.809999942779541,2.8499999046325684,1110,0.0,0.0
2023-10-27 12:30:00-04:00,2.8759000301361084,2.8759000301361084,2.805000066757202,2.805000066757202,4130,0.0,0.0
2023-10-27 13:30:00-04:00,2.7600998878479004,2.7846999168395996,2.75,2.75,1941,0.0,0.0
2023-10-27 14:30:00-04:00,2.75,2.75,2.7100000381469727,2.7100000381469727,1761,0.0,0.0
2023-10-27 15:30:00-04:00,2.7300000190734863,2.7300000190734863,2.7100000381469727,2.7100000381469727,522,0.0,0.0
2023-10-30 09:30:00-04:00,2.7899999618530273,2.8499999046325684,2.680000066757202,2.7200000286102295,5994,0.0,0.0
2023-10-30 10:30:00-04:00,2.7300000190734863,2.75,2.7300000190734863,2.7300000190734863,1648,0.0,0.0
2023-10-30 11:30:00-04:00,2.7300000190734863,2.7300000190734863,2.7300000190734863,2.7300000190734863,326,0.0,0.0
2023-10-30 13:30:00-04:00,2.7300000190734863,2.7300000190734863,2.7300000190734863,2.7300000190734863,728,0.0,0.0
2023-10-30 14:30:00-04:00,2.7300000190734863,2.7300000190734863,2.7300000190734863,2.7300000190734863,457,0.0,0.0
2023-10-30 15:30:00-04:00,2.740000009536743,2.740000009536743,2.7300000190734863,2.7300000190734863,1236,0.0,0.0
2023-10-31 09:30:00-04:00,2.7899999618530273,2.7899999618530273,2.7300000190734863,2.73009991645813,0,0.0,0.0
2023-10-31 10:30:00-04:00,2.7300000190734863,2.7309000492095947,2.7300000190734863,2.7309000492095947,1327,0.0,0.0
2023-10-31 11:30:00-04:00,2.75,2.75,2.7300000190734863,2.7300000190734863,1000,0.0,0.0
2023-10-31 12:30:00-04:00,2.7799999713897705,2.7799999713897705,2.7300000190734863,2.7300000190734863,949,0.0,0.0
2023-10-31 13:30:00-04:00,2.7950000762939453,2.7950000762939453,2.7950000762939453,2.7950000762939453,110,0.0,0.0
2023-10-31 14:30:00-04:00,2.7300000190734863,2.7300000190734863,2.7300000190734863,2.7300000190734863,996,0.0,0.0
2023-10-31 15:30:00-04:00,2.759999990463257,2.759999990463257,2.740000009536743,2.740000009536743,0,0.0,0.0
2023-11-01 09:30:00-04:00,2.740000009536743,2.751199960708618,2.7300000190734863,2.740000009536743,3611,0.0,0.0
2023-11-01 10:30:00-04:00,2.740000009536743,2.740000009536743,2.6600000858306885,2.6714999675750732,1503,0.0,0.0
2023-11-01 11:30:00-04:00,2.740000009536743,2.740000009536743,2.6500000953674316,2.6500000953674316,1106,0.0,0.0
2023-11-01 12:30:00-04:00,2.6600000858306885,2.740000009536743,2.640000104904175,2.740000009536743,1484,0.0,0.0
2023-11-01 13:30:00-04:00,2.7300000190734863,2.7300000190734863,2.640000104904175,2.640000104904175,730,0.0,0.0
2023-11-01 14:30:00-04:00,2.6600000858306885,2.6600000858306885,2.619999885559082,2.640000104904175,3045,0.0,0.0
2023-11-01 15:30:00-04:00,2.619999885559082,2.700000047683716,2.619999885559082,2.619999885559082,0,0.0,0.0
2023-11-02 09:30:00-04:00,2.609999895095825,2.690700054168701,2.609999895095825,2.690700054168701,1158,0.0,0.0
2023-11-02 10:30:00-04:00,2.690000057220459,2.690000057220459,2.6500000953674316,2.6740000247955322,4061,0.0,0.0
2023-11-02 11:30:00-04:00,2.7219998836517334,2.740000009536743,2.6700000762939453,2.6700000762939453,3455,0.0,0.0
2023-11-02 12:30:00-04:00,2.6700000762939453,2.7049999237060547,2.6700000762939453,2.6700000762939453,972,0.0,0.0
2023-11-02 14:30:00-04:00,2.680000066757202,2.690000057220459,2.680000066757202,2.680000066757202,1390,0.0,0.0
2023-11-02 15:30:00-04:00,2.680000066757202,2.799999952316284,2.680000066757202,2.799999952316284,14059,0.0,0.0
2023-11-03 09:30:00-04:00,2.7699999809265137,3.009999990463257,2.7699999809265137,2.899899959564209,0,0.0,0.0
2023-11-03 10:30:00-04:00,2.809999942779541,2.9458000659942627,2.809999942779541,2.9458000659942627,1419,0.0,0.0
2023-11-03 11:30:00-04:00,2.9149999618530273,2.9149999618530273,2.809999942779541,2.809999942779541,2104,0.0,0.0
2023-11-03 12:30:00-04:00,3.0,3.0,3.0,3.0,163,0.0,0.0
2023-11-03 13:30:00-04:00,2.8299999237060547,2.8399999141693115,2.8299999237060547,2.8399999141693115,1855,0.0,0.0
2023-11-03 14:30:00-04:00,2.8399999141693115,2.890000104904175,2.809999942779541,2.809999942779541,5251,0.0,0.0
2023-11-03 15:30:00-04:00,2.8499999046325684,2.880000114440918,2.799999952316284,2.8299999237060547,4768,0.0,0.0
2023-11-06 09:30:00-05:00,2.8399999141693115,2.890000104904175,2.7699999809265137,2.7699999809265137,0,0.0,0.0
2023-11-06 10:30:00-05:00,2.809999942779541,2.869999885559082,2.809999942779541,2.869999885559082,1570,0.0,0.0
2023-11-06 11:30:00-05:00,2.9100000858306885,2.9488000869750977,2.9000000953674316,2.9488000869750977,1510,0.0,0.0
2023-11-06 12:30:00-05:00,2.9100000858306885,2.9200000762939453,2.9000000953674316,2.9100000858306885,1874,0.0,0.0
2023-11-06 13:30:00-05:00,2.9100000858306885,2.9200000762939453,2.9100000858306885,2.9100000858306885,731,0.0,0.0
2023-11-06 14:30:00-05:00,2.9100000858306885,2.9200000762939453,2.9100000858306885,2.9200000762939453,380,0.0,0.0
2023-11-06 15:30:00-05:00,2.930000066757202,2.9600000381469727,2.930000066757202,2.9600000381469727,808,0.0,0.0
2023-11-07 09:30:00-05:00,2.9700000286102295,2.9700000286102295,2.859999895095825,2.9000000953674316,0,0.0,0.0
2023-11-07 10:30:00-05:00,2.9600000381469727,3.009999990463257,2.924999952316284,3.009999990463257,1828,0.0,0.0
2023-11-07 11:30:00-05:00,3.0399999618530273,3.049999952316284,2.950000047683716,3.0399999618530273,3455,0.0,0.0
2023-11-07 12:30:00-05:00,3.065000057220459,3.109999895095825,3.065000057220459,3.109999895095825,1842,0.0,0.0
2023-11-07 13:30:00-05:00,3.109999895095825,3.109999895095825,3.109999895095825,3.109999895095825,911,0.0,0.0
2023-11-07 14:30:00-05:00,3.140000104904175,3.190000057220459,3.119999885559082,3.130000114440918,1588,0.0,0.0
2023-11-07 15:30:00-05:00,3.0799999237060547,3.180000066757202,3.069999933242798,3.180000066757202,1503,0.0,0.0
2023-11-08 09:30:00-05:00,3.119999885559082,3.1600000858306885,3.119999885559082,3.1600000858306885,0,0.0,0.0
2023-11-08 10:30:00-05:00,3.190000057220459,3.190000057220459,3.140000104904175,3.140000104904175,1159,0.0,0.0
2023-11-08 11:30:00-05:00,3.130000114440918,3.180000066757202,3.130000114440918,3.180000066757202,1335,0.0,0.0
2023-11-08 13:30:00-05:00,3.174999952316284,3.190000057220459,3.119999885559082,3.180000066757202,3481,0.0,0.0
2023-11-08 14:30:00-05:00,3.1500000953674316,3.1500000953674316,3.1500000953674316,3.1500000953674316,4635,0.0,0.0
2023-11-08 15:30:00-05:00,3.1500000953674316,3.1791000366210938,3.1500000953674316,3.1500000953674316,0,0.0,0.0
2023-11-09 09:30:00-05:00,3.0299999713897705,3.190000057220459,3.0299999713897705,3.0999999046325684,13244,0.0,0.0
2023-11-09 10:30:00-05:00,3.190000057220459,3.190000057220459,3.059999942779541,3.0899999141693115,7128,0.0,0.0
2023-11-09 11:30:00-05:00,3.109999895095825,3.1600000858306885,3.109999895095825,3.1600000858306885,2109,0.0,0.0
2023-11-09 12:30:00-05:00,3.100100040435791,3.100100040435791,3.0999999046325684,3.0999999046325684,1702,0.0,0.0
2023-11-09 13:30:00-05:00,3.1600000858306885,3.1600000858306885,3.1600000858306885,3.1600000858306885,107,0.0,0.0
2023-11-09 14:30:00-05:00,3.0999999046325684,3.140000104904175,3.0799999237060547,3.0799999237060547,6193,0.0,0.0
2023-11-09 15:30:00-05:00,3.1600000858306885,3.1600000858306885,3.0799999237060547,3.1600000858306885,0,0.0,0.0
2023-11-10 09:30:00-05:00,3.109999895095825,3.109999895095825,3.0799999237060547,3.0799999237060547,588,0.0,0.0
2023-11-10 10:30:00-05:00,3.0799999237060547,3.1449999809265137,3.0799999237060547,3.1449999809265137,275,0.0,0.0
2023-11-10 11:30:00-05:00,3.0899999141693115,3.0899999141693115,3.0799999237060547,3.0799999237060547,1003,0.0,0.0
2023-11-10 12:30:00-05:00,3.0999999046325684,3.0999999046325684,3.0,3.0,3242,0.0,0.0
2023-11-10 13:30:00-05:00,3.0199999809265137,3.0199999809265137,3.0,3.0,1002,0.0,0.0
2023-11-10 14:30:00-05:00,3.0899999141693115,3.1449999809265137,3.009999990463257,3.009999990463257,2777,0.0,0.0
2023-11-10 15:30:00-05:00,3.0,3.0199999809265137,3.0,3.0199999809265137,695,0.0,0.0
2023-11-13 09:30:00-05:00,3.0199999809265137,3.0199999809265137,3.0,3.0,325,0.0,0.0
2023-11-13 10:30:00-05:00,3.167099952697754,3.184999942779541,3.0199999809265137,3.0199999809265137,687,0.0,0.0
2023-11-13 11:30:00-05:00,3.049999952316284,3.1549999713897705,3.0199999809265137,3.0199999809265137,1281,0.0,0.0
2023-11-13 13:30:00-05:00,3.0299999713897705,3.180000066757202,3.0299999713897705,3.180000066757202,714,0.0,0.0
2023-11-13 14:30:00-05:00,3.049999952316284,3.059999942779541,3.049999952316284,3.059999942779541,1013,0.0,0.0
2023-11-13 15:30:00-05:00,3.2149999141693115,3.2149999141693115,3.0999999046325684,3.0999999046325684,718,0.0,0.0
2023-11-14 09:30:00-05:00,3.109999895095825,3.325000047683716,3.109999895095825,3.2100000381469727,4063,0.0,0.0
2023-11-14 10:30:00-05:00,3.266200065612793,3.266200065612793,3.2100000381469727,3.2100000381469727,1499,0.0,0.0
2023-11-14 11:30:00-05:00,3.2200000286102295,3.2200000286102295,3.200000047683716,3.2200000286102295,852,0.0,0.0
2023-11-14 12:30:00-05:00,3.200000047683716,3.309999942779541,3.200000047683716,3.309999942779541,2611,0.0,0.0
2023-11-14 13:30:00-05:00,3.180000066757202,3.184999942779541,3.1500000953674316,3.1500000953674316,2633,0.0,0.0
2023-11-14 14:30:00-05:00,3.259999990463257,3.259999990463257,3.100100040435791,3.200000047683716,8879,0.0,0.0
2023-11-14 15:30:00-05:00,3.187999963760376,3.200000047683716,3.1500000953674316,3.200000047683716,1525,0.0,0.0
2023-11-15 09:30:00-05:00,3.180000066757202,3.25,3.180000066757202,3.180000066757202,2439,0.0,0.0
2023-11-15 10:30:00-05:00,3.1600000858306885,3.1600000858306885,3.130000114440918,3.140000104904175,2846,0.0,0.0
2023-11-15 11:30:00-05:00,3.190000057220459,3.190000057220459,3.0999999046325684,3.0999999046325684,3436,0.0,0.0
2023-11-15 12:30:00-05:00,3.140000104904175,3.140000104904175,3.130000114440918,3.137700080871582,7605,0.0,0.0
2023-11-15 13:30:00-05:00,3.140000104904175,3.1500000953674316,3.140000104904175,3.1500000953674316,538,0.0,0.0
2023-11-15 14:30:00-05:00,3.1500000953674316,3.1500000953674316,3.0799999237060547,3.0799999237060547,1610,0.0,0.0
2023-11-15 15:30:00-05:00,3.1106998920440674,3.1700000762939453,3.1106998920440674,3.1600000858306885,12289,0.0,0.0
2023-11-16 09:30:00-05:00,3.0399999618530273,3.069999933242798,3.0399999618530273,3.069999933242798,267,0.0,0.0
2023-11-16 10:30:00-05:00,2.9100000858306885,3.059999942779541,2.9100000858306885,3.0299999713897705,4738,0.0,0.0
2023-11-16 11:30:00-05:00,3.0899999141693115,3.0999999046325684,3.0011000633239746,3.0011000633239746,484,0.0,0.0
2023-11-16 13:30:00-05:00,2.9600000381469727,2.9600000381469727,2.9600000381469727,2.9600000381469727,939,0.0,0.0
2023-11-16 14:30:00-05:00,2.9800000190734863,2.9800000190734863,2.9800000190734863,2.9800000190734863,1034,0.0,0.0
2023-11-16 15:30:00-05:00,3.0899999141693115,3.0999999046325684,3.0199999809265137,3.049999952316284,1129,0.0,0.0
2023-11-17 09:30:00-05:00,3.119999885559082,3.119999885559082,2.9200000762939453,3.0,0,0.0,0.0
2023-11-17 10:30:00-05:00,3.069999933242798,3.069999933242798,3.069999933242798,3.069999933242798,198,0.0,0.0
2023-11-17 11:30:00-05:00,3.069999933242798,3.069999933242798,3.069999933242798,3.069999933242798,209,0.0,0.0
2023-11-17 12:30:00-05:00,3.049999952316284,3.069999933242798,3.0199999809265137,3.0199999809265137,4299,0.0,0.0
2023-11-17 13:30:00-05:00,3.0,3.180000066757202,2.9999001026153564,3.180000066757202,7133,0.0,0.0
2023-11-17 14:30:00-05:00,3.0299999713897705,3.069999933242798,3.0299999713897705,3.069999933242798,1770,0.0,0.0
2023-11-17 15:30:00-05:00,3.059999942779541,3.0899999141693115,3.0,3.010999917984009,6783,0.0,0.0
2023-11-20 09:30:00-05:00,3.0399999618530273,3.1135001182556152,3.0399999618530273,3.109999895095825,0,0.0,0.0
2023-11-20 10:30:00-05:00,3.109999895095825,3.180000066757202,3.0999999046325684,3.180000066757202,2998,0.0,0.0
2023-11-20 12:30:00-05:00,3.0799999237060547,3.0799999237060547,3.0799999237060547,3.0799999237060547,390,0.0,0.0
2023-11-20 13:30:00-05:00,3.109999895095825,3.1600000858306885,3.0799999237060547,3.1600000858306885,2178,0.0,0.0
2023-11-20 14:30:00-05:00,3.0799999237060547,3.200000047683716,3.0799999237060547,3.200000047683716,3317,0.0,0.0
2023-11-20 15:30:00-05:00,3.1500000953674316,3.170599937438965,3.1500000953674316,3.170599937438965,734,0.0,0.0
2023-11-21 09:30:00-05:00,3.119999885559082,3.25,3.119999885559082,3.2300000190734863,3031,0.0,0.0
2023-11-21 10:30:00-05:00,3.1500000953674316,3.2300000190734863,3.1500000953674316,3.2300000190734863,701,0.0,0.0
2023-11-21 12:30:00-05:00,3.140000104904175,3.240000009536743,3.140000104904175,3.240000009536743,500,0.0,0.0
2023-11-21 13:30:00-05:00,3.190000057220459,3.190000057220459,3.1500000953674316,3.1500000953674316,310,0.0,0.0
2023-11-21 14:30:00-05:00,3.180000066757202,3.2300000190734863,3.119999885559082,3.180000066757202,3224,0.0,0.0
2023-11-21 15:30:00-05:00,3.1301000118255615,3.1700000762939453,3.119999885559082,3.1600000858306885,1779,0.0,0.0
2023-11-22 09:30:00-05:00,3.119999885559082,3.203200101852417,3.059999942779541,3.0899999141693115,22086,0.0,0.0
2023-11-22 10:30:00-05:00,3.130000114440918,3.130000114440918,3.0899999141693115,3.130000114440918,801,0.0,0.0
2023-11-22 11:30:00-05:00,3.119999885559082,3.180000066757202,3.119999885559082,3.180000066757202,851,0.0,0.0
2023-11-22 12:30:00-05:00,3.130000114440918,3.190000057220459,3.130000114440918,3.190000057220459,501,0.0,0.0
2023-11-22 13:30:00-05:00,3.130000114440918,3.200000047683716,3.130000114440918,3.200000047683716,517,0.0,0.0
2023-11-22 15:30:00-05:00,3.130000114440918,3.200000047683716,3.059999942779541,3.200000047683716,998,0.0,0.0
2023-11-24 09:30:00-05:00,3.0799999237060547,3.25,3.0799999237060547,3.1700000762939453,6072,0.0,0.0
2023-11-24 10:30:00-05:00,3.1700000762939453,3.1700000762939453,3.0899999141693115,3.109999895095825,1602,0.0,0.0
2023-11-24 11:30:00-05:00,3.1600000858306885,3.2300000190734863,3.119999885559082,3.2300000190734863,3415,0.0,0.0
2023-11-27 09:30:00-05:00,3.0999999046325684,3.25,3.0999999046325684,3.119999885559082,5415,0.0,0.0
2023-11-27 10:30:00-05:00,3.1600000858306885,3.1600000858306885,3.119999885559082,3.1500000953674316,1912,0.0,0.0
2023-11-27 11:30:00-05:00,3.1500000953674316,3.1500000953674316,3.1500000953674316,3.1500000953674316,312,0.0,0.0
2023-11-27 12:30:00-05:00,3.119999885559082,3.119999885559082,3.119999885559082,3.119999885559082,432,0.0,0.0
2023-11-27 14:30:00-05:00,3.125,3.1600000858306885,3.0899999141693115,3.1600000858306885,701,0.0,0.0
2023-11-27 15:30:00-05:00,3.0899999141693115,3.1600000858306885,3.0899999141693115,3.0899999141693115,1423,0.0,0.0
2023-11-28 09:30:00-05:00,3.119999885559082,3.2100000381469727,3.0799999237060547,3.1700000762939453,6010,0.0,0.0
2023-11-28 10:30:00-05:00,3.174999952316284,3.2200000286102295,3.0799999237060547,3.1814000606536865,5414,0.0,0.0
2023-11-28 11:30:00-05:00,3.2200000286102295,3.2200000286102295,3.1700000762939453,3.1700000762939453,442,0.0,0.0
2023-11-28 12:30:00-05:00,3.2100000381469727,3.2100000381469727,3.1600000858306885,3.1846001148223877,2075,0.0,0.0
2023-11-28 13:30:00-05:00,3.190000057220459,3.190000057220459,3.190000057220459,3.190000057220459,242,0.0,0.0
2023-11-28 14:30:00-05:00,3.0899999141693115,3.190000057220459,3.0899999141693115,3.109999895095825,805,0.0,0.0
2023-11-28 15:30:00-05:00,3.1549999713897705,3.1549999713897705,3.130000114440918,3.130000114440918,504,0.0,0.0
2023-11-29 09:30:00-05:00,3.0999999046325684,3.2149999141693115,3.0999999046325684,3.1500000953674316,0,0.0,0.0
2023-11-29 10:30:00-05:00,3.0999999046325684,3.200000047683716,3.0999999046325684,3.1700000762939453,1113,0.0,0.0
2023-11-29 11:30:00-05:00,3.1500000953674316,3.200000047683716,3.1500000953674316,3.200000047683716,423,0.0,0.0
2023-11-29 12:30:00-05:00,3.194999933242798,3.25,3.1500000953674316,3.194999933242798,1096,0.0,0.0
2023-11-29 13:30:00-05:00,3.25,3.25,3.25,3.25,197,0.0,0.0
2023-11-29 14:30:00-05:00,3.180000066757202,3.194999933242798,3.140000104904175,3.1500000953674316,1526,0.0,0.0
2023-11-29 15:30:00-05:00,3.1600000858306885,3.2300000190734863,3.1600000858306885,3.2300000190734863,947,0.0,0.0
2023-11-30 09:30:00-05:00,3.200000047683716,3.240000009536743,3.119999885559082,3.2200000286102295,1626,0.0,0.0
2023-11-30 10:30:00-05:00,3.180000066757202,3.200000047683716,3.140000104904175,3.190000057220459,2772,0.0,0.0
2023-11-30 11:30:00-05:00,3.200000047683716,3.200000047683716,3.140000104904175,3.140000104904175,205,0.0,0.0
2023-11-30 12:30:00-05:00,3.130000114440918,3.200000047683716,3.130000114440918,3.200000047683716,901,0.0,0.0
2023-11-30 13:30:00-05:00,3.180000066757202,3.2200000286102295,3.140000104904175,3.2200000286102295,1870,0.0,0.0
2023-11-30 14:30:00-05:00,3.2300000190734863,3.2300000190734863,3.130000114440918,3.130000114440918,628,0.0,0.0
2023-11-30 15:30:00-05:00,3.140000104904175,3.240000009536743,3.140000104904175,3.2300000190734863,1882,0.0,0.0
2023-12-01 09:30:00-05:00,3.1500000953674316,3.2049999237060547,3.1500000953674316,3.2049999237060547,2349,0.0,0.0
2023-12-01 10:30:00-05:00,3.1700000762939453,3.241499900817871,3.1700000762939453,3.186199903488159,1270,0.0,0.0
2023-12-01 11:30:00-05:00,3.240000009536743,3.240000009536743,3.1600000858306885,3.1600000858306885,1319,0.0,0.0
2023-12-01 12:30:00-05:00,3.2200000286102295,3.2200000286102295,3.1600000858306885,3.1600000858306885,902,0.0,0.0
2023-12-01 13:30:00-05:00,3.1700000762939453,3.1700000762939453,3.1401000022888184,3.1700000762939453,1849,0.0,0.0
2023-12-01 14:30:00-05:00,3.240000009536743,3.240000009536743,3.1500000953674316,3.1500000953674316,892,0.0,0.0
2023-12-01 15:30:00-05:00,3.194999933242798,3.2300000190734863,3.1500000953674316,3.1500000953674316,1465,0.0,0.0
2023-12-04 09:30:00-05:00,3.119999885559082,3.2100000381469727,3.119999885559082,3.200000047683716,0,0.0,0.0
2023-12-04 10:30:00-05:00,3.1600000858306885,3.1600000858306885,3.140000104904175,3.1600000858306885,1790,0.0,0.0
2023-12-04 11:30:00-05:00,3.1600000858306885,3.180000066757202,3.13700008392334,3.180000066757202,1365,0.0,0.0
2023-12-04 12:30:00-05:00,3.244999885559082,3.244999885559082,3.200000047683716,3.2300000190734863,1156,0.0,0.0
2023-12-04 13:30:00-05:00,3.240000009536743,3.240000009536743,3.1700000762939453,3.1700000762939453,2217,0.0,0.0
2023-12-04 14:30:00-05:00,3.2007999420166016,3.2007999420166016,3.130000114440918,3.130000114440918,3197,0.0,0.0
2023-12-04 15:30:00-05:00,3.2200000286102295,3.2300000190734863,3.130000114440918,3.130000114440918,0,0.0,0.0
2023-12-05 09:30:00-05:00,3.0999999046325684,3.190000057220459,3.0999999046325684,3.130000114440918,3402,0.0,0.0
2023-12-05 10:30:00-05:00,3.130000114440918,3.244999885559082,3.0999999046325684,3.119999885559082,2363,0.0,0.0
2023-12-05 11:30:00-05:00,3.2249999046325684,3.2300000190734863,3.2200000286102295,3.2300000190734863,916,0.0,0.0
2023-12-05 12:30:00-05:00,3.20989990234375,3.20989990234375,3.2049999237060547,3.2049999237060547,685,0.0,0.0
2023-12-05 13:30:00-05:00,3.1600000858306885,3.2100000381469727,3.1600000858306885,3.200000047683716,1886,0.0,0.0
2023-12-05 14:30:00-05:00,3.140000104904175,3.140000104904175,3.0999999046325684,3.0999999046325684,3505,0.0,0.0
2023-12-05 15:30:00-05:00,3.158400058746338,3.158400058746338,3.1549999713897705,3.1549999713897705,0,0.0,0.0
2023-12-06 09:30:00-05:00,3.0799999237060547,3.25,3.0799999237060547,3.1500000953674316,2396,0.0,0.0
2023-12-06 10:30:00-05:00,3.1500000953674316,3.200000047683716,3.1500000953674316,3.200000047683716,1583,0.0,0.0
2023-12-06 11:30:00-05:00,3.196899890899658,3.200000047683716,3.130000114440918,3.130000114440918,1553,0.0,0.0
2023-12-06 12:30:00-05:00,3.130000114440918,3.2483999729156494,3.0999999046325684,3.2483999729156494,9709,0.0,0.0
2023-12-06 13:30:00-05:00,3.240000009536743,3.25,3.194999933242798,3.194999933242798,5034,0.0,0.0
2023-12-06 14:30:00-05:00,3.2049999237060547,3.240000009536743,3.200000047683716,3.240000009536743,1315,0.0,0.0
2023-12-06 15:30:00-05:00,3.240000009536743,3.240000009536743,3.180000066757202,3.2049999237060547,1121,0.0,0.0
2023-12-07 09:30:00-05:00,3.119999885559082,3.190000057220459,3.119999885559082,3.1600000858306885,4055,0.0,0.0
2023-12-07 10:30:00-05:00,3.190000057220459,3.240000009536743,3.180000066757202,3.180000066757202,2044,0.0,0.0
2023-12-07 11:30:00-05:00,3.180000066757202,3.2300000190734863,3.180000066757202,3.2300000190734863,1972,0.0,0.0
2023-12-07 12:30:00-05:00,3.180000066757202,3.180000066757202,3.180000066757202,3.180000066757202,426,0.0,0.0
2023-12-07 13:30:00-05:00,3.2300000190734863,3.2300000190734863,3.1700000762939453,3.2200000286102295,2143,0.0,0.0
2023-12-07 14:30:00-05:00,3.1700000762939453,3.1700000762939453,3.1500000953674316,3.1500000953674316,1029,0.0,0.0
2023-12-07 15:30:00-05:00,3.1500000953674316,3.190000057220459,3.140000104904175,3.190000057220459,1359,0.0,0.0
2023-12-08 09:30:00-05:00,3.1500000953674316,3.180000066757202,3.140000104904175,3.140000104904175,0,0.0,0.0
2023-12-08 10:30:00-05:00,3.180000066757202,3.2100000381469727,3.1500000953674316,3.2100000381469727,1151,0.0,0.0
2023-12-08 11:30:00-05:00,3.1600000858306885,3.200000047683716,3.1600000858306885,3.200000047683716,416,0.0,0.0
2023-12-08 12:30:00-05:00,3.1600000858306885,3.200000047683716,3.140000104904175,3.1500000953674316,2598,0.0,0.0
2023-12-08 13:30:00-05:00,3.1700000762939453,3.2100000381469727,3.1700000762939453,3.174999952316284,1314,0.0,0.0
2023-12-08 14:30:00-05:00,3.130000114440918,3.200000047683716,3.119999885559082,3.119999885559082,1537,0.0,0.0
2023-12-08 15:30:00-05:00,3.1312999725341797,3.1312999725341797,3.109999895095825,3.109999895095825,1741,0.0,0.0
2023-12-11 09:30:00-05:00,3.130000114440918,3.1600000858306885,3.130000114440918,3.130000114440918,2345,0.0,0.0
2023-12-11 11:30:00-05:00,3.1500000953674316,3.1500000953674316,3.0799999237060547,3.0799999237060547,565,0.0,0.0
2023-12-11 12:30:00-05:00,3.0799999237060547,3.0961999893188477,3.069999933242798,3.0899999141693115,7862,0.0,0.0
2023-12-11 13:30:00-05:00,3.0299999713897705,3.0899999141693115,3.0299999713897705,3.0899999141693115,6845,0.0,0.0
2023-12-11 14:30:00-05:00,3.0299999713897705,3.0299999713897705,2.9700000286102295,2.9800000190734863,1731,0.0,0.0
2023-12-11 15:30:00-05:00,2.970099925994873,3.0399999618530273,2.9700000286102295,3.0399999618530273,0,0.0,0.0
2023-12-12 09:30:00-05:00,3.0,3.1500000953674316,3.0,3.0199999809265137,1564,0.0,0.0
2023-12-12 10:30:00-05:00,3.0299999713897705,3.045599937438965,3.0,3.0,1637,0.0,0.0
2023-12-12 11:30:00-05:00,3.069999933242798,3.0799999237060547,2.9800000190734863,2.9800000190734863,846,0.0,0.0
2023-12-12 12:30:00-05:00,2.9700000286102295,2.9800000190734863,2.880000114440918,2.9800000190734863,1160,0.0,0.0
2023-12-12 13:30:00-05:00,2.930000066757202,2.930000066757202,2.9200000762939453,2.930000066757202,1590,0.0,0.0
2023-12-12 14:30:00-05:00,2.9700000286102295,2.9700000286102295,2.9200000762939453,2.9600000381469727,1871,0.0,0.0
2023-12-12 15:30:00-05:00,2.890000104904175,2.9700000286102295,2.890000104904175,2.9700000286102295,0,0.0,0.0
2023-12-13 09:30:00-05:00,2.880000114440918,2.9100000858306885,2.880000114440918,2.9100000858306885,860,0.0,0.0
2023-12-13 10:30:00-05:00,2.9000000953674316,2.950000047683716,2.9000000953674316,2.950000047683716,688,0.0,0.0
2023-12-13 11:30:00-05:00,2.930000066757202,2.930000066757202,2.9100000858306885,2.9100000858306885,244,0.0,0.0
2023-12-13 12:30:00-05:00,2.9100000858306885,2.9200000762939453,2.8499999046325684,2.8499999046325684,4524,0.0,0.0
2023-12-13 13:30:00-05:00,2.8299999237060547,2.830699920654297,2.7300000190734863,2.7699999809265137,5615,0.0,0.0
2023-12-13 14:30:00-05:00,2.819999933242798,2.9000000953674316,2.819999933242798,2.9000000953674316,17709,0.0,0.0
2023-12-13 15:30:00-05:00,2.869999885559082,2.880000114440918,2.8399999141693115,2.8499999046325684,2291,0.0,0.0
2023-12-14 09:30:00-05:00,2.7799999713897705,2.950000047683716,2.7799999713897705,2.940000057220459,9217,0.0,0.0
2023-12-14 10:30:00-05:00,2.880000114440918,2.940000057220459,2.8201000690460205,2.93149995803833,2351,0.0,0.0
2023-12-14 11:30:00-05:00,2.8299999237060547,2.9000000953674316,2.8299999237060547,2.9000000953674316,4978,0.0,0.0
2023-12-14 12:30:00-05:00,2.9000000953674316,2.9000000953674316,2.8299999237060547,2.8299999237060547,2482,0.0,0.0
2023-12-14 13:30:00-05:00,2.8399999141693115,2.9100000858306885,2.8399999141693115,2.8399999141693115,1024,0.0,0.0
2023-12-14 14:30:00-05:00,2.8399999141693115,2.9000000953674316,2.8399999141693115,2.9000000953674316,1909,0.0,0.0
2023-12-14 15:30:00-05:00,2.880000114440918,2.9100000858306885,2.8499999046325684,2.859999895095825,2206,0.0,0.0
2023-12-15 09:30:00-05:00,2.809999942779541,2.9000000953674316,2.809999942779541,2.859999895095825,0,0.0,0.0
2023-12-15 10:30:00-05:00,2.8399999141693115,2.8450000286102295,2.809999942779541,2.809999942779541,2598,0.0,0.0
2023-12-15 11:30:00-05:00,2.809999942779541,2.8450000286102295,2.809999942779541,2.819999933242798,1809,0.0,0.0
2023-12-15 12:30:00-05:00,2.809999942779541,2.837599992752075,2.799999952316284,2.799999952316284,3503,0.0,0.0
2023-12-15 13:30:00-05:00,2.799999952316284,2.8550000190734863,2.740000009536743,2.740000009536743,5317,0.0,0.0
2023-12-15 14:30:00-05:00,2.7832999229431152,2.819999933242798,2.7300000190734863,2.75,2560,0.0,0.0
2023-12-15 15:30:00-05:00,2.7950000762939453,2.880000114440918,2.75,2.880000114440918,6847,0.0,0.0
2023-12-18 09:30:00-05:00,2.7899999618530273,2.8299999237060547,2.740000009536743,2.759999990463257,4213,0.0,0.0
2023-12-18 10:30:00-05:00,2.75,2.815000057220459,2.75,2.75,1933,0.0,0.0
2023-12-18 11:30:00-05:00,2.799999952316284,2.819999933242798,2.7699999809265137,2.819999933242798,805,0.0,0.0
2023-12-18 12:30:00-05:00,2.7874999046325684,2.7874999046325684,2.75,2.75,1251,0.0,0.0
2023-12-18 13:30:00-05:00,2.809999942779541,2.809999942779541,2.75,2.75,1055,0.0,0.0
2023-12-18 14:30:00-05:00,2.755000114440918,2.759000062942505,2.700000047683716,2.700000047683716,3157,0.0,0.0
2023-12-18 15:30:00-05:00,2.700000047683716,2.7000999450683594,2.6500000953674316,2.680000066757202,6028,0.0,0.0
2023-12-19 09:30:00-05:00,2.700000047683716,2.700000047683716,2.6700000762939453,2.6700000762939453,7125,0.0,0.0
2023-12-19 10:30:00-05:00,2.6700000762939453,2.7799999713897705,2.6700000762939453,2.740000009536743,6472,0.0,0.0
2023-12-19 11:30:00-05:00,2.740000009536743,2.819999933242798,2.740000009536743,2.819999933242798,1012,0.0,0.0
2023-12-19 12:30:00-05:00,2.740000009536743,2.740000009536743,2.700000047683716,2.700000047683716,925,0.0,0.0
2023-12-19 13:30:00-05:00,2.7100000381469727,2.814500093460083,2.7100000381469727,2.765000104904175,1030,0.0,0.0
2023-12-19 14:30:00-05:00,2.77239990234375,2.77239990234375,2.759999990463257,2.759999990463257,697,0.0,0.0
2023-12-19 15:30:00-05:00,2.759999990463257,2.759999990463257,2.759999990463257,2.759999990463257,796,0.0,0.0
2023-12-20 09:30:00-05:00,2.759999990463257,2.800100088119507,2.759999990463257,2.800100088119507,803,0.0,0.0
2023-12-20 10:30:00-05:00,2.819999933242798,2.8299999237060547,2.700000047683716,2.7799999713897705,7836,0.0,0.0
2023-12-20 11:30:00-05:00,2.809999942779541,2.809999942779541,2.7899999618530273,2.7899999618530273,1015,0.0,0.0
2023-12-20 12:30:00-05:00,2.7899999618530273,2.809999942779541,2.7699999809265137,2.809999942779541,854,0.0,0.0
2023-12-20 13:30:00-05:00,2.809999942779541,2.8299999237060547,2.799999952316284,2.8299999237060547,1649,0.0,0.0
2023-12-20 14:30:00-05:00,2.8399999141693115,2.8399999141693115,2.700500011444092,2.7200000286102295,6846,0.0,0.0
2023-12-20 15:30:00-05:00,2.7200000286102295,2.7200000286102295,2.690000057220459,2.7200000286102295,2158,0.0,0.0
2023-12-21 09:30:00-05:00,2.700000047683716,2.799999952316284,2.700000047683716,2.799999952316284,2588,0.0,0.0
2023-12-21 10:30:00-05:00,2.8382999897003174,2.8499999046325684,2.7699999809265137,2.799999952316284,10641,0.0,0.0
2023-12-21 11:30:00-05:00,2.8499999046325684,2.9600000381469727,2.7899999618530273,2.9600000381469727,10518,0.0,0.0
2023-12-21 12:30:00-05:00,2.859999895095825,2.990000009536743,2.859999895095825,2.950000047683716,2500,0.0,0.0
2023-12-21 13:30:00-05:00,3.0,3.0,2.9549999237060547,2.9549999237060547,3372,0.0,0.0
2023-12-21 14:30:00-05:00,3.0,3.0,2.915600061416626,2.915600061416626,3499,0.0,0.0
2023-12-21 15:30:00-05:00,2.950000047683716,2.9600000381469727,2.7699999809265137,2.8499999046325684,17905,0.0,0.0
2023-12-22 09:30:00-05:00,2.799999952316284,2.930000066757202,2.799999952316284,2.8450000286102295,5471,0.0,0.0
2023-12-22 10:30:00-05:00,2.855799913406372,2.950000047683716,2.855799913406372,2.950000047683716,3217,0.0,0.0
2023-12-22 11:30:00-05:00,2.950000047683716,3.0,2.950000047683716,3.0,5145,0.0,0.0
2023-12-22 12:30:00-05:00,3.0434000492095947,3.049999952316284,3.0199999809265137,3.049999952316284,2783,0.0,0.0
2023-12-22 13:30:00-05:00,3.0968000888824463,3.0999999046325684,3.0601000785827637,3.0799999237060547,3281,0.0,0.0
2023-12-22 14:30:00-05:00,3.0100998878479004,3.0899999141693115,3.009999990463257,3.019200086593628,6687,0.0,0.0
2023-12-22 15:30:00-05:00,3.0199999809265137,3.130000114440918,2.950000047683716,2.9700000286102295,5756,0.0,0.0
2023-12-26 09:30:00-05:00,3.0199999809265137,3.200000047683716,3.0199999809265137,3.119999885559082,5321,0.0,0.0
2023-12-26 10:30:00-05:00,3.119999885559082,3.190000057220459,3.0601000785827637,3.0999999046325684,2189,0.0,0.0
2023-12-26 11:30:00-05:00,3.1333000659942627,3.180000066757202,3.130000114440918,3.180000066757202,3527,0.0,0.0
2023-12-26 12:30:00-05:00,3.130000114440918,3.130000114440918,2.880000114440918,2.952500104904175,20445,0.0,0.0
2023-12-26 13:30:00-05:00,2.990000009536743,3.0,2.9200000762939453,2.9200000762939453,1647,0.0,0.0
2023-12-26 14:30:00-05:00,3.0,3.0,2.930000066757202,2.990000009536743,1501,0.0,0.0
2023-12-26 15:30:00-05:00,2.950000047683716,2.9899001121520996,2.930000066757202,2.930000066757202,3507,0.0,0.0
2023-12-27 09:30:00-05:00,2.950000047683716,2.994999885559082,2.9000000953674316,2.930000066757202,0,0.0,0.0
2023-12-27 10:30:00-05:00,3.0,3.049999952316284,2.9600000381469727,3.009999990463257,3794,0.0,0.0
2023-12-27 11:30:00-05:00,3.0,3.049999952316284,2.9800000190734863,3.009999990463257,1025,0.0,0.0
2023-12-27 12:30:00-05:00,3.009999990463257,3.049999952316284,3.009999990463257,3.049999952316284,1983,0.0,0.0
2023-12-27 13:30:00-05:00,3.065000057220459,3.0799999237060547,3.065000057220459,3.0799999237060547,1111,0.0,0.0
2023-12-27 14:30:00-05:00,3.049999952316284,3.069999933242798,3.0299999713897705,3.0299999713897705,1381,0.0,0.0
2023-12-27 15:30:00-05:00,3.049999952316284,3.0799999237060547,3.049999952316284,3.049999952316284,1812,0.0,0.0
2023-12-28 09:30:00-05:00,3.049999952316284,3.0799999237060547,3.0199999809265137,3.0799999237060547,5085,0.0,0.0
2023-12-28 10:30:00-05:00,3.140000104904175,3.190000057220459,3.049999952316284,3.1414999961853027,3963,0.0,0.0
2023-12-28 11:30:00-05:00,3.1500000953674316,3.190000057220459,3.0899999141693115,3.190000057220459,4229,0.0,0.0
2023-12-28 12:30:00-05:00,3.140000104904175,3.200000047683716,3.130000114440918,3.200000047683716,2300,0.0,0.0
2023-12-28 13:30:00-05:00,3.12280011177063,3.200000047683716,3.109999895095825,3.109999895095825,4343,0.0,0.0
2023-12-28 14:30:00-05:00,3.190000057220459,3.199899911880493,3.109999895095825,3.109999895095825,5434,0.0,0.0
2023-12-28 15:30:00-05:00,3.109999895095825,3.1649999618530273,3.109999895095825,3.1649999618530273,1141,0.0,0.0
2023-12-29 09:30:00-05:00,3.109999895095825,3.199899911880493,3.109999895095825,3.140000104904175,9797,0.0,0.0
2023-12-29 10:30:00-05:00,3.1500000953674316,3.200000047683716,3.140000104904175,3.200000047683716,5056,0.0,0.0
2023-12-29 11:30:00-05:00,3.1649999618530273,3.1649999618530273,3.140000104904175,3.1500000953674316,1278,0.0,0.0
2023-12-29 12:30:00-05:00,3.1500000953674316,3.190000057220459,3.1500000953674316,3.190000057220459,770,0.0,0.0
2023-12-29 13:30:00-05:00,3.1721999645233154,3.200000047683716,3.1500000953674316,3.200000047683716,4059,0.0,0.0
2023-12-29 14:30:00-05:00,3.140000104904175,3.2300000190734863,3.140000104904175,3.2300000190734863,3139,0.0,0.0
2023-12-29 15:30:00-05:00,3.140000104904175,3.2300000190734863,3.140000104904175,3.2300000190734863,1536,0.0,0.0
2024-01-02 09:30:00-05:00,3.2200000286102295,3.2699999809265137,3.0899999141693115,3.1600000858306885,9704,0.0,0.0
2024-01-02 10:30:00-05:00,3.0999999046325684,3.140000104904175,3.0,3.1115000247955322,15336,0.0,0.0
2024-01-02 12:30:00-05:00,3.0399999618530273,3.1129000186920166,3.005000114440918,3.0199999809265137,1714,0.0,0.0
2024-01-02 14:30:00-05:00,3.0299999713897705,3.0299999713897705,3.0299999713897705,3.0299999713897705,1045,0.0,0.0
2024-01-02 15:30:00-05:00,3.0199999809265137,3.0920000076293945,3.009999990463257,3.009999990463257,0,0.0,0.0
2024-01-03 09:30:00-05:00,3.049999952316284,3.190000057220459,3.009999990463257,3.109999895095825,962,0.0,0.0
2024-01-03 10:30:00-05:00,3.049999952316284,3.0850000381469727,3.009999990463257,3.0850000381469727,730,0.0,0.0
2024-01-03 11:30:00-05:00,3.140000104904175,3.1500000953674316,3.015000104904175,3.015000104904175,1219,0.0,0.0
2024-01-03 12:30:00-05:00,3.075000047683716,3.0899999141693115,3.009999990463257,3.009999990463257,1011,0.0,0.0
2024-01-03 13:30:00-05:00,3.066699981689453,3.0799999237060547,3.066699981689453,3.0799999237060547,325,0.0,0.0
2024-01-03 14:30:00-05:00,3.0399999618530273,3.0399999618530273,3.0,3.0,1719,0.0,0.0
2024-01-03 15:30:00-05:00,3.009999990463257,3.0199999809265137,3.0,3.0199999809265137,1358,0.0,0.0
2024-01-04 09:30:00-05:00,3.0799999237060547,3.0799999237060547,3.0299999713897705,3.049999952316284,0,0.0,0.0
2024-01-04 10:30:00-05:00,3.0,3.049999952316284,3.0,3.0199999809265137,2730,0.0,0.0
2024-01-04 11:30:00-05:00,3.009999990463257,3.069999933242798,3.0,3.049999952316284,5941,0.0,0.0
2024-01-04 12:30:00-05:00,3.009999990463257,3.0799999237060547,3.009999990463257,3.061300039291382,2024,0.0,0.0
2024-01-04 13:30:00-05:00,3.009999990463257,3.0480000972747803,3.009999990463257,3.009999990463257,786,0.0,0.0
2024-01-04 14:30:00-05:00,3.0100998878479004,3.049999952316284,3.009999990463257,3.009999990463257,1040,0.0,0.0
2024-01-04 15:30:00-05:00,3.006200075149536,3.0299999713897705,3.0,3.0,3134,0.0,0.0
2024-01-05 09:30:00-05:00,3.0399999618530273,3.0899999141693115,3.009999990463257,3.049999952316284,869,0.0,0.0
2024-01-05 11:30:00-05:00,3.0899999141693115,3.0899999141693115,3.0899999141693115,3.0899999141693115,313,0.0,0.0
2024-01-05 12:30:00-05:00,3.0199999809265137,3.0999999046325684,3.009999990463257,3.0899999141693115,1682,0.0,0.0
2024-01-05 13:30:00-05:00,3.049999952316284,3.049999952316284,3.049999952316284,3.049999952316284,492,0.0,0.0
2024-01-05 14:30:00-05:00,3.0299999713897705,3.0299999713897705,3.0,3.0,18020,0.0,0.0
2024-01-05 15:30:00-05:00,3.005000114440918,3.009999990463257,3.0,3.009999990463257,4066,0.0,0.0
2024-01-08 09:30:00-05:00,3.0399999618530273,3.1642000675201416,3.0000998973846436,3.0299999713897705,0,0.0,0.0
2024-01-08 10:30:00-05:00,3.0285000801086426,3.0285000801086426,3.009999990463257,3.0199999809265137,1599,0.0,0.0
2024-01-08 11:30:00-05:00,3.0,3.0299999713897705,3.0,3.0,9959,0.0,0.0
2024-01-08 12:30:00-05:00,3.0,3.0,3.0,3.0,1707,0.0,0.0
2024-01-08 13:30:00-05:00,3.0,3.0,3.0,3.0,1263,0.0,0.0
2024-01-08 14:30:00-05:00,3.009999990463257,3.0183000564575195,3.0,3.0,6033,0.0,0.0
2024-01-08 15:30:00-05:00,3.0,3.009999990463257,3.0,3.009999990463257,1065,0.0,0.0
2024-01-09 09:30:00-05:00,3.0,3.0799999237060547,3.0,3.0,37005,0.0,0.0
2024-01-09 10:30:00-05:00,3.0,3.0,2.859999895095825,2.9600000381469727,3463,0.0,0.0
2024-01-09 11:30:00-05:00,2.9000000953674316,2.940000057220459,2.9000000953674316,2.930000066757202,4327,0.0,0.0
2024-01-09 13:30:00-05:00,2.9200000762939453,2.9200000762939453,2.9200000762939453,2.9200000762939453,307,0.0,0.0
2024-01-09 14:30:00-05:00,2.986599922180176,2.986599922180176,2.9200000762939453,2.9200000762939453,605,0.0,0.0
2024-01-09 15:30:00-05:00,2.940000057220459,2.940000057220459,2.890000104904175,2.890000104904175,0,0.0,0.0
2024-01-10 09:30:00-05:00,2.9600000381469727,2.9600000381469727,2.8499999046325684,2.8499999046325684,2831,0.0,0.0
2024-01-10 10:30:00-05:00,2.890000104904175,2.9000000953674316,2.8499999046325684,2.8499999046325684,2040,0.0,0.0
2024-01-10 12:30:00-05:00,2.8399999141693115,2.9000000953674316,2.799999952316284,2.809999942779541,1812,0.0,0.0
2024-01-10 13:30:00-05:00,2.8949999809265137,2.8949999809265137,2.8949999809265137,2.8949999809265137,126,0.0,0.0
2024-01-10 14:30:00-05:00,2.799999952316284,2.8499999046325684,2.799999952316284,2.799999952316284,3683,0.0,0.0
2024-01-10 15:30:00-05:00,2.839099884033203,2.890000104904175,2.799999952316284,2.890000104904175,0,0.0,0.0
2024-01-11 09:30:00-05:00,2.9000000953674316,2.9000000953674316,2.809999942779541,2.8499999046325684,2538,0.0,0.0
2024-01-11 10:30:00-05:00,2.75,2.75,2.75,2.75,825,0.0,0.0
2024-01-11 11:30:00-05:00,2.8447000980377197,2.8447000980377197,2.8447000980377197,2.8447000980377197,424,0.0,0.0
2024-01-11 13:30:00-05:00,2.8399999141693115,2.8499999046325684,2.792099952697754,2.792099952697754,831,0.0,0.0
2024-01-11 14:30:00-05:00,2.756999969482422,2.8299999237060547,2.75,2.8299999237060547,2663,0.0,0.0
2024-01-11 15:30:00-05:00,2.7899999618530273,2.8499999046325684,2.7899999618530273,2.8499999046325684,0,0.0,0.0
2024-01-12 09:30:00-05:00,2.819999933242798,2.890000104904175,2.799999952316284,2.8499999046325684,4556,0.0,0.0
2024-01-12 10:30:00-05:00,2.859999895095825,2.9100000858306885,2.8550000190734863,2.9100000858306885,1207,0.0,0.0
2024-01-12 11:30:00-05:00,2.9433000087738037,2.9433000087738037,2.930000066757202,2.930000066757202,601,0.0,0.0
2024-01-12 12:30:00-05:00,2.930000066757202,2.9925999641418457,2.930000066757202,2.9925999641418457,1516,0.0,0.0
2024-01-12 13:30:00-05:00,2.992300033569336,2.992300033569336,2.992300033569336,2.992300033569336,100,0.0,0.0
2024-01-12 14:30:00-05:00,2.9749999046325684,2.9749999046325684,2.950000047683716,2.950000047683716,615,0.0,0.0
2024-01-12 15:30:00-05:00,2.9200000762939453,2.9549999237060547,2.880000114440918,2.890000104904175,5171,0.0,0.0
2024-01-16 09:30:00-05:00,2.9000000953674316,2.930000066757202,2.7458999156951904,2.7458999156951904,4965,0.0,0.0
2024-01-16 10:30:00-05:00,2.822200059890747,2.822200059890747,2.75,2.75,626,0.0,0.0
2024-01-16 11:30:00-05:00,2.75,2.8299999237060547,2.740000009536743,2.819999933242798,1536,0.0,0.0
2024-01-16 12:30:00-05:00,2.78629994392395,2.78629994392395,2.7799999713897705,2.7799999713897705,829,0.0,0.0
2024-01-16 13:30:00-05:00,2.75,2.75,2.7300000190734863,2.7300000190734863,411,0.0,0.0
2024-01-16 14:30:00-05:00,2.7300000190734863,2.75,2.7200000286102295,2.75,3116,0.0,0.0
2024-01-16 15:30:00-05:00,2.7200000286102295,2.7899999618530273,2.700000047683716,2.7799999713897705,3770,0.0,0.0
2024-01-17 09:30:00-05:00,2.7799999713897705,2.7799999713897705,2.690000057220459,2.7699999809265137,3167,0.0,0.0
2024-01-17 10:30:00-05:00,2.8250999450683594,2.8250999450683594,2.799999952316284,2.799999952316284,1405,0.0,0.0
2024-01-17 11:30:00-05:00,2.8355000019073486,2.8355000019073486,2.6700000762939453,2.759999990463257,5583,0.0,0.0
2024-01-17 12:30:00-05:00,2.7049999237060547,2.7049999237060547,2.7049999237060547,2.7049999237060547,207,0.0,0.0
2024-01-17 13:30:00-05:00,2.680000066757202,2.680000066757202,2.680000066757202,2.680000066757202,213,0.0,0.0
2024-01-17 14:30:00-05:00,2.680000066757202,2.700000047683716,2.5899999141693115,2.700000047683716,11728,0.0,0.0
2024-01-17 15:30:00-05:00,2.5999999046325684,2.5999999046325684,2.5999999046325684,2.5999999046325684,551,0.0,0.0
2024-01-18 09:30:00-05:00,2.640000104904175,2.7300000190734863,2.640000104904175,2.690000057220459,5319,0.0,0.0
2024-01-18 10:30:00-05:00,2.680000066757202,2.7200000286102295,2.680000066757202,2.684000015258789,4306,0.0,0.0
2024-01-18 11:30:00-05:00,2.680000066757202,2.700000047683716,2.680000066757202,2.694999933242798,2950,0.0,0.0
2024-01-18 12:30:00-05:00,2.680000066757202,2.688199996948242,2.6700000762939453,2.6800999641418457,4112,0.0,0.0
2024-01-18 13:30:00-05:00,2.680000066757202,2.680000066757202,2.680000066757202,2.680000066757202,676,0.0,0.0
2024-01-18 14:30:00-05:00,2.700000047683716,2.700000047683716,2.680000066757202,2.680000066757202,978,0.0,0.0
2024-01-18 15:30:00-05:00,2.680000066757202,2.690000057220459,2.680000066757202,2.680000066757202,0,0.0,0.0
2024-01-19 09:30:00-05:00,2.690000057220459,2.690000057220459,2.680000066757202,2.680000066757202,4084,0.0,0.0
2024-01-19 10:30:00-05:00,2.690000057220459,2.690000057220459,2.690000057220459,2.690000057220459,685,0.0,0.0
2024-01-19 11:30:00-05:00,2.6900999546051025,2.6900999546051025,2.6900999546051025,2.6900999546051025,185,0.0,0.0
2024-01-19 12:30:00-05:00,2.690000057220459,2.700000047683716,2.690000057220459,2.700000047683716,315,0.0,0.0
2024-01-19 13:30:00-05:00,2.755000114440918,2.755000114440918,2.7100000381469727,2.755000114440918,3125,0.0,0.0
2024-01-19 14:30:00-05:00,2.7200000286102295,2.75,2.700000047683716,2.75,2649,0.0,0.0
2024-01-19 15:30:00-05:00,2.75,2.75,2.690000057220459,2.744999885559082,1672,0.0,0.0
2024-01-22 09:30:00-05:00,2.680000066757202,2.7799999713897705,2.680000066757202,2.680000066757202,5510,0.0,0.0
2024-01-22 10:30:00-05:00,2.680000066757202,2.705699920654297,2.680000066757202,2.705699920654297,503,0.0,0.0
2024-01-22 11:30:00-05:00,2.680000066757202,2.70989990234375,2.680000066757202,2.70989990234375,769,0.0,0.0
2024-01-22 12:30:00-05:00,2.680000066757202,2.694999933242798,2.5899999141693115,2.5999999046325684,16698,0.0,0.0
2024-01-22 13:30:00-05:00,2.5525999069213867,2.630000114440918,2.5525999069213867,2.6036999225616455,2170,0.0,0.0
2024-01-22 14:30:00-05:00,2.5799999237060547,2.5999999046325684,2.559999942779541,2.5999999046325684,1698,0.0,0.0
2024-01-22 15:30:00-05:00,2.5799999237060547,2.639899969100952,2.5799999237060547,2.5999999046325684,3626,0.0,0.0
2024-01-23 09:30:00-05:00,2.75,2.75,2.6600000858306885,2.7230000495910645,3644,0.0,0.0
2024-01-23 10:30:00-05:00,2.680000066757202,2.7497000694274902,2.680000066757202,2.728800058364868,1633,0.0,0.0
2024-01-23 11:30:00-05:00,2.7200000286102295,2.75,2.700000047683716,2.7462000846862793,6833,0.0,0.0
2024-01-23 12:30:00-05:00,2.75,2.75,2.700000047683716,2.700000047683716,2451,0.0,0.0
2024-01-23 13:30:00-05:00,2.7100000381469727,2.7499001026153564,2.7100000381469727,2.7100000381469727,772,0.0,0.0
2024-01-23 14:30:00-05:00,2.700000047683716,2.7499001026153564,2.6700000762939453,2.7499001026153564,2165,0.0,0.0
2024-01-23 15:30:00-05:00,2.6600000858306885,2.690000057220459,2.6600000858306885,2.6600000858306885,1142,0.0,0.0
2024-01-24 09:30:00-05:00,2.7799999713897705,2.859999895095825,2.7200000286102295,2.759999990463257,4828,0.0,0.0
2024-01-24 10:30:00-05:00,2.7699999809265137,2.7699999809265137,2.7367000579833984,2.75,8827,0.0,0.0
2024-01-24 11:30:00-05:00,2.7100000381469727,2.7100000381469727,2.7100000381469727,2.7100000381469727,558,0.0,0.0
2024-01-24 12:30:00-05:00,2.710099935531616,2.710099935531616,2.7100000381469727,2.7100000381469727,781,0.0,0.0
2024-01-24 13:30:00-05:00,2.6900999546051025,2.6900999546051025,2.6900999546051025,2.6900999546051025,301,0.0,0.0
2024-01-24 14:30:00-05:00,2.690000057220459,2.690000057220459,2.6500000953674316,2.6500000953674316,4138,0.0,0.0
2024-01-24 15:30:00-05:00,2.6500000953674316,2.6500000953674316,2.6500000953674316,2.6500000953674316,0,0.0,0.0
2024-01-25 09:30:00-05:00,2.6500000953674316,2.740000009536743,2.6500000953674316,2.6821000576019287,10981,0.0,0.0
2024-01-25 10:30:00-05:00,2.6600000858306885,2.6600000858306885,2.6600000858306885,2.6600000858306885,502,0.0,0.0
2024-01-25 11:30:00-05:00,2.6802000999450684,2.6802000999450684,2.677999973297119,2.677999973297119,302,0.0,0.0
2024-01-25 12:30:00-05:00,2.6600000858306885,2.660099983215332,2.6500000953674316,2.660099983215332,20026,0.0,0.0
2024-01-25 13:30:00-05:00,2.609999895095825,2.609999895095825,2.609999895095825,2.609999895095825,402,0.0,0.0
2024-01-25 14:30:00-05:00,2.609999895095825,2.609999895095825,2.609999895095825,2.609999895095825,615,0.0,0.0
2024-01-25 15:30:00-05:00,2.609999895095825,2.700000047683716,2.5999999046325684,2.700000047683716,1814,0.0,0.0
2024-01-26 09:30:00-05:00,2.5999999046325684,2.630000114440918,2.569999933242798,2.5999999046325684,12351,0.0,0.0
2024-01-26 10:30:00-05:00,2.690000057220459,2.690000057220459,2.609999895095825,2.609999895095825,609,0.0,0.0
2024-01-26 11:30:00-05:00,2.6809000968933105,2.6809000968933105,2.5999999046325684,2.5999999046325684,3199,0.0,0.0
2024-01-26 12:30:00-05:00,2.5999999046325684,2.5999999046325684,2.5999999046325684,2.5999999046325684,316,0.0,0.0
2024-01-26 14:30:00-05:00,2.609999895095825,2.609999895095825,2.609999895095825,2.609999895095825,1503,0.0,0.0
2024-01-26 15:30:00-05:00,2.619999885559082,2.619999885559082,2.609999895095825,2.609999895095825,973,0.0,0.0
2024-01-29 09:30:00-05:00,2.549999952316284,2.6500000953674316,2.5399999618530273,2.6500000953674316,10283,0.0,0.0
2024-01-29 10:30:00-05:00,2.640000104904175,2.6500000953674316,2.5999999046325684,2.619999885559082,3597,0.0,0.0
2024-01-29 11:30:00-05:00,2.630000114440918,2.6500000953674316,2.630000114440918,2.6500000953674316,558,0.0,0.0
2024-01-29 13:30:00-05:00,2.609999895095825,2.609999895095825,2.5999999046325684,2.5999999046325684,724,0.0,0.0
2024-01-29 14:30:00-05:00,2.5999999046325684,2.5999999046325684,2.5399999618530273,2.5950000286102295,2895,0.0,0.0
2024-01-29 15:30:00-05:00,2.549999952316284,2.619999885559082,2.549999952316284,2.609999895095825,1440,0.0,0.0
2024-01-30 09:30:00-05:00,2.609999895095825,2.609999895095825,2.5399999618530273,2.5399999618530273,980,0.0,0.0
2024-01-30 10:30:00-05:00,2.5399999618530273,2.5399999618530273,2.5299999713897705,2.5299999713897705,845,0.0,0.0
2024-01-30 11:30:00-05:00,2.5299999713897705,2.5399999618530273,2.5199999809265137,2.5399999618530273,1488,0.0,0.0
2024-01-30 12:30:00-05:00,2.509999990463257,2.509999990463257,2.5,2.5,1285,0.0,0.0
2024-01-30 13:30:00-05:00,2.5,2.5495998859405518,2.490000009536743,2.5495998859405518,7555,0.0,0.0
2024-01-30 14:30:00-05:00,2.5450000762939453,2.5450000762939453,2.5450000762939453,2.5450000762939453,581,0.0,0.0
2024-01-30 15:30:00-05:00,2.5,2.509999990463257,2.5,2.509999990463257,2421,0.0,0.0
2024-01-31 09:30:00-05:00,2.5,2.5,2.4800000190734863,2.490000009536743,3669,0.0,0.0
2024-01-31 10:30:00-05:00,2.4700000286102295,2.4800000190734863,2.4700000286102295,2.4800000190734863,726,0.0,0.0
2024-01-31 11:30:00-05:00,2.4800000190734863,2.4800000190734863,2.4800000190734863,2.4800000190734863,400,0.0,0.0
2024-01-31 12:30:00-05:00,2.4800000190734863,2.4800000190734863,2.4700000286102295,2.4700000286102295,727,0.0,0.0
2024-01-31 13:30:00-05:00,2.486799955368042,2.486799955368042,2.4700000286102295,2.4700000286102295,615,0.0,0.0
2024-01-31 14:30:00-05:00,2.5018999576568604,2.5018999576568604,2.440000057220459,2.440000057220459,1063,0.0,0.0
2024-01-31 15:30:00-05:00,2.4200000762939453,2.430000066757202,2.3499999046325684,2.430000066757202,4352,0.0,0.0
2024-02-01 09:30:00-05:00,2.4700000286102295,2.509000062942505,2.359999895095825,2.380000114440918,2228,0.0,0.0
2024-02-01 10:30:00-05:00,2.369999885559082,2.380000114440918,2.369999885559082,2.380000114440918,760,0.0,0.0
2024-02-01 12:30:00-05:00,2.390000104904175,2.444999933242798,2.390000104904175,2.4000000953674316,1520,0.0,0.0
2024-02-01 13:30:00-05:00,2.5004000663757324,2.5004000663757324,2.5004000663757324,2.5004000663757324,152,0.0,0.0
2024-02-01 14:30:00-05:00,2.4100000858306885,2.4100000858306885,2.390000104904175,2.390000104904175,1844,0.0,0.0
2024-02-01 15:30:00-05:00,2.390000104904175,2.4000000953674316,2.380000114440918,2.380000114440918,1394,0.0,0.0
2024-02-02 09:30:00-05:00,2.4200000762939453,2.4790000915527344,2.359999895095825,2.4200000762939453,4277,0.0,0.0
2024-02-02 10:30:00-05:00,2.4000000953674316,2.4000000953674316,2.3645999431610107,2.375,2200,0.0,0.0
2024-02-02 11:30:00-05:00,2.3499999046325684,2.359999895095825,2.319999933242798,2.359999895095825,1411,0.0,0.0
2024-02-02 12:30:00-05:00,2.319999933242798,2.319999933242798,2.2699999809265137,2.299999952316284,3114,0.0,0.0
2024-02-02 13:30:00-05:00,2.259999990463257,2.259999990463257,2.259999990463257,2.259999990463257,856,0.0,0.0
2024-02-02 14:30:00-05:00,2.259999990463257,2.3241000175476074,2.259999990463257,2.3241000175476074,4150,0.0,0.0
2024-02-02 15:30:00-05:00,2.2899999618530273,2.305000066757202,2.2899999618530273,2.2899999618530273,2132,0.0,0.0
2024-02-05 09:30:00-05:00,2.319999933242798,2.490000009536743,2.2300000190734863,2.490000009536743,11798,0.0,0.0
2024-02-05 10:30:00-05:00,2.309999942779541,2.309999942779541,2.309999942779541,2.309999942779541,311,0.0,0.0
2024-02-05 11:30:00-05:00,2.309999942779541,2.309999942779541,2.309999942779541,2.309999942779541,362,0.0,0.0
2024-02-05 12:30:00-05:00,2.3450000286102295,2.3450000286102295,2.3450000286102295,2.3450000286102295,357,0.0,0.0
2024-02-05 13:30:00-05:00,2.2799999713897705,2.4059998989105225,2.2699999809265137,2.4059998989105225,5051,0.0,0.0
2024-02-05 14:30:00-05:00,2.2799999713897705,2.2899999618530273,2.2699999809265137,2.2699999809265137,1319,0.0,0.0
2024-02-05 15:30:00-05:00,2.2699999809265137,2.299999952316284,2.2699999809265137,2.2799999713897705,4994,0.0,0.0
2024-02-06 09:30:00-05:00,2.3399999141693115,2.4200000762939453,2.299999952316284,2.319999933242798,4174,0.0,0.0
2024-02-06 10:30:00-05:00,2.3499999046325684,2.3499999046325684,2.2799999713897705,2.2899999618530273,1548,0.0,0.0
2024-02-06 11:30:00-05:00,2.2899999618530273,2.349900007247925,2.2899999618530273,2.349900007247925,280,0.0,0.0
2024-02-06 12:30:00-05:00,2.309999942779541,2.309999942779541,2.2899999618530273,2.2899999618530273,914,0.0,0.0
2024-02-06 13:30:00-05:00,2.2899999618530273,2.303499937057495,2.2899999618530273,2.299999952316284,812,0.0,0.0
2024-02-06 14:30:00-05:00,2.315000057220459,2.3345000743865967,2.2300000190734863,2.240000009536743,14038,0.0,0.0
2024-02-06 15:30:00-05:00,2.2980000972747803,2.3299999237060547,2.240000009536743,2.25,4942,0.0,0.0
2024-02-07 09:30:00-05:00,2.2899999618530273,2.4200000762939453,2.2699999809265137,2.2899999618530273,4963,0.0,0.0
2024-02-07 10:30:00-05:00,2.2899999618530273,2.2899999618530273,2.2899999618530273,2.2899999618530273,1275,0.0,0.0
2024-02-07 11:30:00-05:00,2.2799999713897705,2.3399999141693115,2.2799999713897705,2.2799999713897705,1738,0.0,0.0
2024-02-07 13:30:00-05:00,2.3299999237060547,2.3299999237060547,2.2699999809265137,2.2699999809265137,2388,0.0,0.0
2024-02-07 14:30:00-05:00,2.2850000858306885,2.2850000858306885,2.180000066757202,2.180000066757202,4250,0.0,0.0
2024-02-07 15:30:00-05:00,2.180000066757202,2.190000057220459,2.1700000762939453,2.180000066757202,1251,0.0,0.0
2024-02-08 09:30:00-05:00,2.2799999713897705,2.2899999618530273,2.1600000858306885,2.200000047683716,5833,0.0,0.0
2024-02-08 10:30:00-05:00,2.200000047683716,2.200000047683716,2.1500000953674316,2.1500000953674316,14252,0.0,0.0
2024-02-08 11:30:00-05:00,2.1600000858306885,2.194999933242798,2.1582000255584717,2.194999933242798,2997,0.0,0.0
2024-02-08 13:30:00-05:00,2.1600000858306885,2.200000047683716,2.1500000953674316,2.1500000953674316,8131,0.0,0.0
2024-02-08 14:30:00-05:00,2.1500000953674316,2.1500000953674316,2.110100030899048,2.130000114440918,3395,0.0,0.0
2024-02-08 15:30:00-05:00,2.130000114440918,2.1500000953674316,2.130000114440918,2.130000114440918,2278,0.0,0.0
2024-02-09 09:30:00-05:00,2.119999885559082,2.249000072479248,2.119999885559082,2.184999942779541,1989,0.0,0.0
2024-02-09 10:30:00-05:00,2.235100030899048,2.25,2.131999969482422,2.184999942779541,2819,0.0,0.0
2024-02-09 11:30:00-05:00,2.140000104904175,2.1500000953674316,2.140000104904175,2.1500000953674316,964,0.0,0.0
2024-02-09 13:30:00-05:00,2.164900064468384,2.1666998863220215,2.1600000858306885,2.1666998863220215,4216,0.0,0.0
2024-02-09 14:30:00-05:00,2.1449999809265137,2.1449999809265137,2.130000114440918,2.130000114440918,816,0.0,0.0
2024-02-09 15:30:00-05:00,2.130000114440918,2.130000114440918,2.0999999046325684,2.119999885559082,1709,0.0,0.0
2024-02-12 09:30:00-05:00,2.164599895477295,2.190000057220459,2.164599895477295,2.190000057220459,0,0.0,0.0
2024-02-12 10:30:00-05:00,2.200000047683716,2.200000047683716,2.109999895095825,2.109999895095825,3925,0.0,0.0
2024-02-12 11:30:00-05:00,2.140199899673462,2.140199899673462,2.109999895095825,2.109999895095825,731,0.0,0.0
2024-02-12 12:30:00-05:00,2.130000114440918,2.130000114440918,2.109999895095825,2.109999895095825,843,0.0,0.0
2024-02-12 13:30:00-05:00,2.109999895095825,2.140000104904175,2.109999895095825,2.140000104904175,1772,0.0,0.0
2024-02-12 14:30:00-05:00,2.140000104904175,2.140000104904175,2.0999999046325684,2.0999999046325684,3645,0.0,0.0
2024-02-12 15:30:00-05:00,2.0999999046325684,2.1500000953674316,2.0999999046325684,2.1500000953674316,1767,0.0,0.0
2024-02-13 09:30:00-05:00,2.180000066757202,2.180000066757202,2.0999999046325684,2.109999895095825,3794,0.0,0.0
2024-02-13 10:30:00-05:00,2.109999895095825,2.140000104904175,2.109999895095825,2.109999895095825,2068,0.0,0.0
2024-02-13 11:30:00-05:00,2.109999895095825,2.109999895095825,2.109999895095825,2.109999895095825,213,0.0,0.0
2024-02-13 12:30:00-05:00,2.109999895095825,2.109999895095825,2.0999999046325684,2.109999895095825,3763,0.0,0.0
2024-02-13 13:30:00-05:00,2.109999895095825,2.109999895095825,2.109999895095825,2.109999895095825,702,0.0,0.0
2024-02-13 14:30:00-05:00,2.130000114440918,2.130000114440918,2.109999895095825,2.109999895095825,1372,0.0,0.0
2024-02-13 15:30:00-05:00,2.119999885559082,2.1201000213623047,2.0799999237060547,2.119999885559082,10647,0.0,0.0
2024-02-14 09:30:00-05:00,2.0999999046325684,2.2100000381469727,2.0999999046325684,2.119999885559082,5934,0.0,0.0
2024-02-14 10:30:00-05:00,2.119999885559082,2.1201000213623047,2.0899999141693115,2.0899999141693115,1721,0.0,0.0
2024-02-14 12:30:00-05:00,2.0899999141693115,2.0899999141693115,2.0899999141693115,2.0899999141693115,579,0.0,0.0
2024-02-14 13:30:00-05:00,2.0999999046325684,2.109999895095825,2.0899999141693115,2.0899999141693115,1484,0.0,0.0
2024-02-14 14:30:00-05:00,2.0899999141693115,2.119999885559082,2.0799999237060547,2.0899999141693115,6361,0.0,0.0
2024-02-14 15:30:00-05:00,2.1050000190734863,2.119999885559082,2.0899999141693115,2.119999885559082,3273,0.0,0.0
2024-02-15 09:30:00-05:00,2.0999999046325684,2.200000047683716,2.0999999046325684,2.1500000953674316,0,0.0,0.0
2024-02-15 10:30:00-05:00,2.1500000953674316,2.1500000953674316,2.0999999046325684,2.130000114440918,14317,0.0,0.0
2024-02-15 11:30:00-05:00,2.119999885559082,2.240000009536743,2.119999885559082,2.190000057220459,13226,0.0,0.0
2024-02-15 12:30:00-05:00,2.1700000762939453,2.1700000762939453,2.1700000762939453,2.1700000762939453,1187,0.0,0.0
2024-02-15 13:30:00-05:00,2.180000066757202,2.180000066757202,2.1700000762939453,2.1700000762939453,1401,0.0,0.0
2024-02-15 14:30:00-05:00,2.190000057220459,2.190000057220459,2.130000114440918,2.190000057220459,13705,0.0,0.0
2024-02-15 15:30:00-05:00,2.200000047683716,2.2300000190734863,2.1500000953674316,2.1500000953674316,10871,0.0,0.0
2024-02-16 09:30:00-05:00,2.1500000953674316,2.2699999809265137,2.130000114440918,2.200000047683716,17093,0.0,0.0
2024-02-16 10:30:00-05:00,2.2100000381469727,2.224600076675415,2.1700000762939453,2.1700000762939453,3677,0.0,0.0
2024-02-16 11:30:00-05:00,2.1700000762939453,2.1700000762939453,2.1101999282836914,2.119999885559082,8918,0.0,0.0
2024-02-16 12:30:00-05:00,2.119999885559082,2.130000114440918,2.119999885559082,2.130000114440918,401,0.0,0.0
2024-02-16 13:30:00-05:00,2.140000104904175,2.144700050354004,2.140000104904175,2.144700050354004,458,0.0,0.0
2024-02-16 14:30:00-05:00,2.1500000953674316,2.1500000953674316,2.130000114440918,2.130000114440918,3245,0.0,0.0
2024-02-16 15:30:00-05:00,2.130000114440918,2.1500000953674316,2.130000114440918,2.1500000953674316,7114,0.0,0.0
2024-02-20 09:30:00-05:00,2.130000114440918,2.2799999713897705,2.130000114440918,2.1559998989105225,9513,0.0,0.0
2024-02-20 10:30:00-05:00,2.130000114440918,2.146899938583374,2.130000114440918,2.1417999267578125,3114,0.0,0.0
2024-02-20 11:30:00-05:00,2.140000104904175,2.147900104522705,2.130000114440918,2.147900104522705,852,0.0,0.0
2024-02-20 12:30:00-05:00,2.1500000953674316,2.1500000953674316,2.130000114440918,2.1500000953674316,801,0.0,0.0
2024-02-20 13:30:00-05:00,2.130000114440918,2.130000114440918,2.130000114440918,2.130000114440918,200,0.0,0.0
2024-02-20 14:30:00-05:00,2.1500000953674316,2.1500000953674316,2.119999885559082,2.1500000953674316,7356,0.0,0.0
2024-02-20 15:30:00-05:00,2.1500000953674316,2.1500000953674316,2.119999885559082,2.130000114440918,6613,0.0,0.0
2024-02-21 09:30:00-05:00,2.2699999809265137,2.2699999809265137,2.1700000762939453,2.259999990463257,27827,0.0,0.0
2024-02-21 10:30:00-05:00,2.240000009536743,2.2500998973846436,2.240000009536743,2.2500998973846436,797,0.0,0.0
2024-02-21 11:30:00-05:00,2.25,2.25,2.25,2.25,401,0.0,0.0
2024-02-21 12:30:00-05:00,2.250999927520752,2.250999927520752,2.240000009536743,2.240000009536743,632,0.0,0.0
2024-02-21 13:30:00-05:00,2.239799976348877,2.240000009536743,2.239799976348877,2.240000009536743,710,0.0,0.0
2024-02-21 14:30:00-05:00,2.2200000286102295,2.2200000286102295,2.2100000381469727,2.2100000381469727,1253,0.0,0.0
2024-02-21 15:30:00-05:00,2.240000009536743,2.2799999713897705,2.2200000286102295,2.2799999713897705,1727,0.0,0.0
2024-02-22 09:30:00-05:00,2.319999933242798,2.4000000953674316,2.25,2.25,0,0.0,0.0
2024-02-22 10:30:00-05:00,2.359999895095825,2.359999895095825,2.25,2.25,599,0.0,0.0
2024-02-22 11:30:00-05:00,2.25,2.299999952316284,2.2200000286102295,2.240000009536743,1881,0.0,0.0
2024-02-22 12:30:00-05:00,2.2200000286102295,2.2207999229431152,2.2200000286102295,2.2207999229431152,1342,0.0,0.0
2024-02-22 13:30:00-05:00,2.2788000106811523,2.2788000106811523,2.259999990463257,2.259999990463257,980,0.0,0.0
2024-02-22 14:30:00-05:00,2.259999990463257,2.2750000953674316,2.2100000381469727,2.2100000381469727,1286,0.0,0.0
2024-02-22 15:30:00-05:00,2.2100000381469727,2.2699999809265137,2.2100000381469727,2.2699999809265137,979,0.0,0.0
2024-02-23 09:30:00-05:00,2.2100000381469727,2.319999933242798,2.200000047683716,2.299999952316284,0,0.0,0.0
2024-02-23 10:30:00-05:00,2.259999990463257,2.299999952316284,2.119999885559082,2.180000066757202,10757,0.0,0.0
2024-02-23 11:30:00-05:00,2.200000047683716,2.259999990463257,2.200000047683716,2.259999990463257,6978,0.0,0.0
2024-02-23 12:30:00-05:00,2.259999990463257,2.259999990463257,2.259999990463257,2.259999990463257,2010,0.0,0.0
2024-02-23 13:30:00-05:00,2.190000057220459,2.190000057220459,2.190000057220459,2.190000057220459,202,0.0,0.0
2024-02-23 14:30:00-05:00,2.200000047683716,2.200000047683716,2.200000047683716,2.200000047683716,1014,0.0,0.0
2024-02-23 15:30:00-05:00,2.200000047683716,2.200000047683716,2.1700000762939453,2.1700000762939453,3012,0.0,0.0
2024-02-26 09:30:00-05:00,2.0999999046325684,2.2699999809265137,2.0999999046325684,2.200000047683716,5632,0.0,0.0
2024-02-26 10:30:00-05:00,2.202199935913086,2.234999895095825,2.190000057220459,2.2300000190734863,2480,0.0,0.0
2024-02-26 11:30:00-05:00,2.2300000190734863,2.25,2.2300000190734863,2.25,3516,0.0,0.0
2024-02-26 12:30:00-05:00,2.25,2.25,2.25,2.25,1867,0.0,0.0
2024-02-26 13:30:00-05:00,2.25,2.25,2.200000047683716,2.2100000381469727,1912,0.0,0.0
2024-02-26 14:30:00-05:00,2.2200000286102295,2.2200000286102295,2.2200000286102295,2.2200000286102295,703,0.0,0.0
2024-02-26 15:30:00-05:00,2.2200000286102295,2.240000009536743,2.2100000381469727,2.2100000381469727,2182,0.0,0.0
2024-02-27 09:30:00-05:00,2.25,2.315000057220459,2.25,2.2802000045776367,0,0.0,0.0
2024-02-27 10:30:00-05:00,2.299999952316284,2.319999933242798,2.259999990463257,2.2799999713897705,2730,0.0,0.0
2024-02-27 11:30:00-05:00,2.2899999618530273,2.2899999618530273,2.2899999618530273,2.2899999618530273,419,0.0,0.0
2024-02-27 12:30:00-05:00,2.299999952316284,2.319999933242798,2.2899999618530273,2.2899999618530273,1441,0.0,0.0
2024-02-27 13:30:00-05:00,2.2899999618530273,2.2899999618530273,2.2799999713897705,2.2799999713897705,1287,0.0,0.0
2024-02-27 14:30:00-05:00,2.2799999713897705,2.2799999713897705,2.2799999713897705,2.2799999713897705,1525,0.0,0.0
2024-02-27 15:30:00-05:00,2.2799999713897705,2.2899999618530273,2.2799999713897705,2.2899999618530273,722,0.0,0.0
2024-02-28 09:30:00-05:00,2.3399999141693115,2.3399999141693115,2.25,2.25,1835,0.0,0.0
2024-02-28 10:30:00-05:00,2.299999952316284,2.309999942779541,2.299999952316284,2.309999942779541,2642,0.0,0.0
2024-02-28 11:30:00-05:00,2.309999942779541,2.309999942779541,2.309999942779541,2.309999942779541,301,0.0,0.0
2024-02-28 12:30:00-05:00,2.316999912261963,2.316999912261963,2.309999942779541,2.309999942779541,816,0.0,0.0
2024-02-28 13:30:00-05:00,2.309999942779541,2.309999942779541,2.309999942779541,2.309999942779541,696,0.0,0.0
2024-02-28 14:30:00-05:00,2.309999942779541,2.3296000957489014,2.309999942779541,2.309999942779541,1630,0.0,0.0
2024-02-28 15:30:00-05:00,2.309999942779541,2.3499999046325684,2.309999942779541,2.3499999046325684,1118,0.0,0.0
2024-02-29 09:30:00-05:00,2.369999885559082,2.369999885559082,2.2899999618530273,2.319999933242798,4065,0.0,0.0
2024-02-29 10:30:00-05:00,2.3299999237060547,2.3299999237060547,2.319999933242798,2.3299999237060547,664,0.0,0.0
2024-02-29 11:30:00-05:00,2.3450000286102295,2.3499999046325684,2.319999933242798,2.319999933242798,873,0.0,0.0
2024-02-29 13:30:00-05:00,2.3450000286102295,2.369999885559082,2.3450000286102295,2.369999885559082,872,0.0,0.0
2024-02-29 14:30:00-05:00,2.319999933242798,2.319999933242798,2.309999942779541,2.309999942779541,1102,0.0,0.0
2024-02-29 15:30:00-05:00,2.309999942779541,2.309999942779541,2.309999942779541,2.309999942779541,800,0.0,0.0
2024-03-01 09:30:00-05:00,2.450000047683716,2.450000047683716,2.3399999141693115,2.390000104904175,5223,0.0,0.0
2024-03-01 10:30:00-05:00,2.380000114440918,2.380000114440918,2.3399999141693115,2.3550000190734863,4071,0.0,0.0
2024-03-01 11:30:00-05:00,2.369999885559082,2.450000047683716,2.369999885559082,2.450000047683716,4978,0.0,0.0
2024-03-01 12:30:00-05:00,2.450000047683716,2.5199999809265137,2.4200000762939453,2.5199999809265137,10606,0.0,0.0
2024-03-01 13:30:00-05:00,2.509999990463257,2.5199999809265137,2.440000057220459,2.5199999809265137,3635,0.0,0.0
2024-03-01 14:30:00-05:00,2.5399999618530273,2.5399999618530273,2.5199999809265137,2.5199999809265137,2206,0.0,0.0
2024-03-01 15:30:00-05:00,2.5399999618530273,2.549999952316284,2.509999990463257,2.549999952316284,11397,0.0,0.0
2024-03-04 09:30:00-05:00,2.549999952316284,2.549999952316284,2.309999942779541,2.4798998832702637,16167,0.0,0.0
2024-03-04 11:30:00-05:00,2.384999990463257,2.384999990463257,2.2920000553131104,2.369999885559082,2825,0.0,0.0
2024-03-04 13:30:00-05:00,2.299999952316284,2.3645999431610107,2.259999990463257,2.3645999431610107,2413,0.0,0.0
2024-03-04 14:30:00-05:00,2.319999933242798,2.3343000411987305,2.299999952316284,2.299999952316284,1649,0.0,0.0
2024-03-04 15:30:00-05:00,2.2699999809265137,2.309999942779541,2.25,2.251499891281128,1019,0.0,0.0
2024-03-05 09:30:00-05:00,2.2799999713897705,2.2799999713897705,2.2100000381469727,2.2200000286102295,0,0.0,0.0
2024-03-05 10:30:00-05:00,2.309999942779541,2.440000057220459,2.2699999809265137,2.3399999141693115,4534,0.0,0.0
2024-03-05 11:30:00-05:00,2.319999933242798,2.3399999141693115,2.319999933242798,2.319999933242798,795,0.0,0.0
2024-03-05 12:30:00-05:00,2.299999952316284,2.299999952316284,2.299999952316284,2.299999952316284,1307,0.0,0.0
2024-03-05 13:30:00-05:00,2.299999952316284,2.299999952316284,2.299999952316284,2.299999952316284,1172,0.0,0.0
2024-03-05 14:30:00-05:00,2.299999952316284,2.299999952316284,2.299999952316284,2.299999952316284,443,0.0,0.0
2024-03-05 15:30:00-05:00,2.305000066757202,2.309999942779541,2.299999952316284,2.309999942779541,2509,0.0,0.0
2024-03-06 09:30:00-05:00,2.319999933242798,2.359999895095825,2.309999942779541,2.359999895095825,1493,0.0,0.0
2024-03-06 12:30:00-05:00,2.299999952316284,2.319999933242798,2.2899999618530273,2.2899999618530273,2101,0.0,0.0
2024-03-06 13:30:00-05:00,2.2899999618530273,2.2899999618530273,2.2899999618530273,2.2899999618530273,297,0.0,0.0
2024-03-06 14:30:00-05:00,2.2799999713897705,2.2799999713897705,2.2300000190734863,2.25,2175,0.0,0.0
2024-03-06 15:30:00-05:00,2.259999990463257,2.259999990463257,2.25,2.25,0,0.0,0.0
2024-03-07 09:30:00-05:00,2.259999990463257,2.259999990463257,2.2100000381469727,2.2100000381469727,714,0.0,0.0
2024-03-07 10:30:00-05:00,2.2799999713897705,2.2799999713897705,2.2300000190734863,2.2300000190734863,550,0.0,0.0
2024-03-07 11:30:00-05:00,2.2300000190734863,2.2899999618530273,2.2200000286102295,2.2799999713897705,1979,0.0,0.0
2024-03-07 12:30:00-05:00,2.2799999713897705,2.2799999713897705,2.240000009536743,2.259999990463257,1153,0.0,0.0
2024-03-07 13:30:00-05:00,2.2899999618530273,2.2899999618530273,2.2899999618530273,2.2899999618530273,175,0.0,0.0
2024-03-07 14:30:00-05:00,2.240000009536743,2.240000009536743,2.240000009536743,2.240000009536743,834,0.0,0.0
2024-03-07 15:30:00-05:00,2.2899999618530273,2.299999952316284,2.259999990463257,2.259999990463257,2322,0.0,0.0
2024-03-08 09:30:00-05:00,2.240000009536743,2.240000009536743,2.2200000286102295,2.2200000286102295,0,0.0,0.0
2024-03-08 10:30:00-05:00,2.2200000286102295,2.2200000286102295,2.2200000286102295,2.2200000286102295,630,0.0,0.0
2024-03-08 11:30:00-05:00,2.2200000286102295,2.2200000286102295,2.2200000286102295,2.2200000286102295,210,0.0,0.0
2024-03-08 12:30:00-05:00,2.2200000286102295,2.2200000286102295,2.2200000286102295,2.2200000286102295,541,0.0,0.0
2024-03-08 13:30:00-05:00,2.2200000286102295,2.259999990463257,2.2200000286102295,2.2300000190734863,1041,0.0,0.0
2024-03-08 14:30:00-05:00,2.2300000190734863,2.259999990463257,2.2300000190734863,2.240000009536743,3974,0.0,0.0
2024-03-08 15:30:00-05:00,2.240000009536743,2.2899999618530273,2.2100000381469727,2.2750000953674316,3165,0.0,0.0
2024-03-11 09:30:00-04:00,2.2100000381469727,2.359999895095825,2.2100000381469727,2.259999990463257,0,0.0,0.0
2024-03-11 10:30:00-04:00,2.4351999759674072,2.4800000190734863,2.3499999046325684,2.359999895095825,4761,0.0,0.0
2024-03-11 11:30:00-04:00,2.380000114440918,2.390000104904175,2.380000114440918,2.390000104904175,706,0.0,0.0
2024-03-11 12:30:00-04:00,2.4000000953674316,2.4000000953674316,2.4000000953674316,2.4000000953674316,182,0.0,0.0
2024-03-11 13:30:00-04:00,2.399899959564209,2.399899959564209,2.369999885559082,2.369999885559082,354,0.0,0.0
2024-03-11 14:30:00-04:00,2.331399917602539,2.331399917602539,2.2799999713897705,2.2899999618530273,2206,0.0,0.0
2024-03-11 15:30:00-04:00,2.309999942779541,2.309999942779541,2.2899999618530273,2.2899999618530273,0,0.0,0.0
2024-03-12 09:30:00-04:00,2.299999952316284,2.499000072479248,2.299999952316284,2.499000072479248,3603,0.0,0.0
2024-03-12 10:30:00-04:00,2.380000114440918,2.450000047683716,2.380000114440918,2.450000047683716,2472,0.0,0.0
2024-03-12 11:30:00-04:00,2.4000000953674316,2.4000000953674316,2.3499999046325684,2.365000009536743,900,0.0,0.0
2024-03-12 12:30:00-04:00,2.369999885559082,2.3798999786376953,2.3499999046325684,2.3798999786376953,1808,0.0,0.0
2024-03-12 13:30:00-04:00,2.369999885559082,2.369999885559082,2.369999885559082,2.369999885559082,217,0.0,0.0
2024-03-12 14:30:00-04:00,2.309999942779541,2.309999942779541,2.299999952316284,2.299999952316284,1161,0.0,0.0
2024-03-12 15:30:00-04:00,2.3299999237060547,2.437999963760376,2.3299999237060547,2.4000000953674316,6231,0.0,0.0
2024-03-13 09:30:00-04:00,2.430000066757202,2.430000066757202,2.369999885559082,2.369999885559082,0,0.0,0.0
2024-03-13 10:30:00-04:00,2.380000114440918,2.380000114440918,2.369999885559082,2.369999885559082,710,0.0,0.0
2024-03-13 11:30:00-04:00,2.4100000858306885,2.4100000858306885,2.369999885559082,2.369999885559082,864,0.0,0.0
2024-03-13 12:30:00-04:00,2.369999885559082,2.369999885559082,2.369999885559082,2.369999885559082,202,0.0,0.0
2024-03-13 13:30:00-04:00,2.4049999713897705,2.4049999713897705,2.369999885559082,2.369999885559082,565,0.0,0.0
2024-03-13 14:30:00-04:00,2.4000000953674316,2.4000000953674316,2.4000000953674316,2.4000000953674316,160,0.0,0.0
2024-03-13 15:30:00-04:00,2.380000114440918,2.4100000858306885,2.369999885559082,2.369999885559082,1651,0.0,0.0
2024-03-14 09:30:00-04:00,2.4000000953674316,2.4000000953674316,2.2200000286102295,2.2200000286102295,2086,0.0,0.0
2024-03-14 10:30:00-04:00,2.240000009536743,2.2950000762939453,2.240000009536743,2.2950000762939453,787,0.0,0.0
2024-03-14 11:30:00-04:00,2.259999990463257,2.259999990463257,2.259999990463257,2.259999990463257,180,0.0,0.0
2024-03-14 12:30:00-04:00,2.259999990463257,2.2899999618530273,2.2400999069213867,2.2400999069213867,2436,0.0,0.0
2024-03-14 13:30:00-04:00,2.25,2.299999952316284,2.240000009536743,2.240000009536743,3523,0.0,0.0
2024-03-14 14:30:00-04:00,2.240000009536743,2.240000009536743,2.2200000286102295,2.2200000286102295,3150,0.0,0.0
2024-03-14 15:30:00-04:00,2.2200000286102295,2.240000009536743,2.2100000381469727,2.2249999046325684,6169,0.0,0.0
2024-03-15 09:30:00-04:00,2.380000114440918,2.4700000286102295,2.2699999809265137,2.449899911880493,25554,0.0,0.0
2024-03-15 10:30:00-04:00,2.380000114440918,2.449899911880493,2.3299999237060547,2.3399999141693115,3706,0.0,0.0
2024-03-15 11:30:00-04:00,2.3399999141693115,2.390000104904175,2.3399999141693115,2.3399999141693115,950,0.0,0.0
2024-03-15 12:30:00-04:00,2.440000057220459,2.440000057220459,2.359999895095825,2.359999895095825,1926,0.0,0.0
2024-03-15 13:30:00-04:00,2.375,2.430000066757202,2.375,2.380000114440918,2321,0.0,0.0
2024-03-15 14:30:00-04:00,2.380000114440918,2.380000114440918,2.359999895095825,2.380000114440918,4745,0.0,0.0
2024-03-15 15:30:00-04:00,2.375,2.4000000953674316,2.369999885559082,2.399899959564209,9155,0.0,0.0
2024-03-18 09:30:00-04:00,2.490000009536743,2.740000009536743,2.259999990463257,2.4100000858306885,23503,0.0,0.0
2024-03-18 10:30:00-04:00,2.3375000953674316,2.365000009536743,2.309999942779541,2.309999942779541,3625,0.0,0.0
2024-03-18 11:30:00-04:00,2.4000000953674316,2.4198999404907227,2.300100088119507,2.309999942779541,2115,0.0,0.0
2024-03-18 12:30:00-04:00,2.359999895095825,2.359999895095825,2.309999942779541,2.309999942779541,1275,0.0,0.0
2024-03-18 13:30:00-04:00,2.309999942779541,2.309999942779541,2.309999942779541,2.309999942779541,521,0.0,0.0
2024-03-18 14:30:00-04:00,2.309999942779541,2.3499999046325684,2.25,2.259999990463257,6416,0.0,0.0
2024-03-18 15:30:00-04:00,2.2300000190734863,2.4000000953674316,2.2300000190734863,2.4000000953674316,11290,0.0,0.0
2024-03-19 09:30:00-04:00,2.369999885559082,2.432300090789795,2.1500000953674316,2.180000066757202,0,0.0,0.0
2024-03-19 10:30:00-04:00,2.1600000858306885,2.196500062942505,2.1600000858306885,2.196500062942505,1076,0.0,0.0
2024-03-19 11:30:00-04:00,2.1600000858306885,2.200000047683716,2.1600000858306885,2.1651999950408936,2386,0.0,0.0
2024-03-19 12:30:00-04:00,2.180000066757202,2.180000066757202,2.180000066757202,2.180000066757202,2100,0.0,0.0
2024-03-19 13:30:00-04:00,2.1600000858306885,2.200000047683716,2.1600000858306885,2.193000078201294,3398,0.0,0.0
2024-03-19 14:30:00-04:00,2.1600000858306885,2.184999942779541,2.1198999881744385,2.140000104904175,11971,0.0,0.0
2024-03-19 15:30:00-04:00,2.109999895095825,2.1700000762939453,2.109999895095825,2.1700000762939453,3528,0.0,0.0
2024-03-20 09:30:00-04:00,2.1600000858306885,2.2899999618530273,2.1600000858306885,2.200000047683716,12857,0.0,0.0
2024-03-20 10:30:00-04:00,2.2300000190734863,2.2300000190734863,2.2300000190734863,2.2300000190734863,101,0.0,0.0
2024-03-20 11:30:00-04:00,2.2200000286102295,2.2200000286102295,2.200000047683716,2.200000047683716,1556,0.0,0.0
2024-03-20 13:30:00-04:00,2.180000066757202,2.190000057220459,2.1700000762939453,2.1700000762939453,2534,0.0,0.0
2024-03-20 14:30:00-04:00,2.200000047683716,2.240000009536743,2.200000047683716,2.240000009536743,680,0.0,0.0
2024-03-20 15:30:00-04:00,2.1600000858306885,2.240000009536743,2.1600000858306885,2.240000009536743,2343,0.0,0.0
2024-03-21 09:30:00-04:00,2.240000009536743,2.2699999809265137,2.190000057220459,2.240000009536743,12275,0.0,0.0
2024-03-21 10:30:00-04:00,2.240000009536743,2.259999990463257,2.240000009536743,2.259999990463257,1218,0.0,0.0
2024-03-21 11:30:00-04:00,2.2600998878479004,2.2822000980377197,2.259999990463257,2.2822000980377197,9645,0.0,0.0
2024-03-21 12:30:00-04:00,2.2899999618530273,2.299999952316284,2.2899999618530273,2.291100025177002,2705,0.0,0.0
2024-03-21 13:30:00-04:00,2.315000057220459,2.315000057220459,2.309999942779541,2.309999942779541,1095,0.0,0.0
2024-03-21 15:30:00-04:00,2.2899999618530273,2.309999942779541,2.2899999618530273,2.299999952316284,4160,0.0,0.0
2024-03-22 09:30:00-04:00,2.2899999618530273,2.3399999141693115,2.2200000286102295,2.3399999141693115,0,0.0,0.0
2024-03-22 10:30:00-04:00,2.322700023651123,2.322700023651123,2.25,2.25,1309,0.0,0.0
2024-03-22 11:30:00-04:00,2.240000009536743,2.319999933242798,2.240000009536743,2.25,3401,0.0,0.0
2024-03-22 12:30:00-04:00,2.309999942779541,2.309999942779541,2.309999942779541,2.309999942779541,501,0.0,0.0
2024-03-22 13:30:00-04:00,2.2899999618530273,2.2899999618530273,2.25,2.25,2775,0.0,0.0
2024-03-22 15:30:00-04:00,2.2200000286102295,2.25,2.2100000381469727,2.25,1929,0.0,0.0
2024-03-25 09:30:00-04:00,2.240000009536743,2.2799999713897705,2.240000009536743,2.259999990463257,0,0.0,0.0
2024-03-25 10:30:00-04:00,2.2999000549316406,2.2999000549316406,2.2200000286102295,2.2200000286102295,934,0.0,0.0
2024-03-25 11:30:00-04:00,2.2200000286102295,2.259999990463257,2.2200000286102295,2.259999990463257,1688,0.0,0.0
2024-03-25 12:30:00-04:00,2.190000057220459,2.190000057220459,2.1700000762939453,2.1700000762939453,1338,0.0,0.0
2024-03-25 13:30:00-04:00,2.194700002670288,2.2049999237060547,2.190000057220459,2.190000057220459,687,0.0,0.0
2024-03-25 14:30:00-04:00,2.2200000286102295,2.2200000286102295,2.180000066757202,2.180000066757202,2788,0.0,0.0
2024-03-25 15:30:00-04:00,2.2300000190734863,2.25,2.200000047683716,2.200000047683716,1180,0.0,0.0
2024-03-26 09:30:00-04:00,2.200000047683716,2.240000009536743,2.200000047683716,2.240000009536743,3197,0.0,0.0
2024-03-26 10:30:00-04:00,2.2200000286102295,2.2300000190734863,2.2200000286102295,2.2300000190734863,621,0.0,0.0
2024-03-26 11:30:00-04:00,2.25,2.25,2.240000009536743,2.240000009536743,324,0.0,0.0
2024-03-26 12:30:00-04:00,2.25,2.25,2.25,2.25,198,0.0,0.0
2024-03-26 13:30:00-04:00,2.25,2.25,2.25,2.25,407,0.0,0.0
2024-03-26 14:30:00-04:00,2.240000009536743,2.240000009536743,2.2300000190734863,2.2300000190734863,900,0.0,0.0
2024-03-26 15:30:00-04:00,2.240000009536743,2.240000009536743,2.190000057220459,2.190000057220459,1764,0.0,0.0
2024-03-27 09:30:00-04:00,2.180000066757202,2.240000009536743,2.1700000762939453,2.240000009536743,0,0.0,0.0
2024-03-27 10:30:00-04:00,2.2990000247955322,2.299999952316284,2.255000114440918,2.2899999618530273,3656,0.0,0.0
2024-03-27 11:30:00-04:00,2.2899999618530273,2.315000057220459,2.2899999618530273,2.299999952316284,3143,0.0,0.0
2024-03-27 12:30:00-04:00,2.299999952316284,2.309999942779541,2.299999952316284,2.309999942779541,424,0.0,0.0
2024-03-27 13:30:00-04:00,2.3299999237060547,2.3299999237060547,2.3299999237060547,2.3299999237060547,480,0.0,0.0
2024-03-27 14:30:00-04:00,2.299999952316284,2.299999952316284,2.299999952316284,2.299999952316284,420,0.0,0.0
2024-03-27 15:30:00-04:00,2.2899999618530273,2.299999952316284,2.2100000381469727,2.2100000381469727,1122,0.0,0.0
2024-03-28 09:30:00-04:00,2.200000047683716,2.2799999713897705,2.200000047683716,2.240000009536743,0,0.0,0.0
2024-03-28 10:30:00-04:00,2.2000999450683594,2.25,2.2000999450683594,2.2100000381469727,3463,0.0,0.0
2024-03-28 11:30:00-04:00,2.2100000381469727,2.2100000381469727,2.2100000381469727,2.2100000381469727,0,0.0,0.0
2024-03-28 12:30:00-04:00,2.286099910736084,2.286099910736084,2.255000114440918,2.255000114440918,7554,0.0,0.0
2024-03-28 13:30:00-04:00,2.2100000381469727,2.2100000381469727,2.2100000381469727,2.2100000381469727,505,0.0,0.0
2024-03-28 14:30:00-04:00,2.2100000381469727,2.2699999809265137,2.2100000381469727,2.2100000381469727,1603,0.0,0.0
2024-03-28 15:30:00-04:00,2.2100000381469727,2.2750000953674316,2.2100000381469727,2.259999990463257,1616,0.0,0.0
2024-04-01 09:30:00-04:00,2.240000009536743,2.265000104904175,2.2200000286102295,2.265000104904175,0,0.0,0.0
2024-04-01 10:30:00-04:00,2.2699999809265137,2.2699999809265137,2.200000047683716,2.21560001373291,3018,0.0,0.0
2024-04-01 11:30:00-04:00,2.2300000190734863,2.2699999809265137,2.2300000190734863,2.25,2221,0.0,0.0
2024-04-01 13:30:00-04:00,2.2200000286102295,2.2300000190734863,2.2200000286102295,2.2300000190734863,405,0.0,0.0
2024-04-01 14:30:00-04:00,2.2200000286102295,2.240000009536743,2.2200000286102295,2.240000009536743,913,0.0,0.0
2024-04-01 15:30:00-04:00,2.2300000190734863,2.2899999618530273,2.2300000190734863,2.2699999809265137,0,0.0,0.0
2024-04-02 09:30:00-04:00,2.259999990463257,2.2899999618530273,2.240000009536743,2.240000009536743,1328,0.0,0.0
2024-04-02 10:30:00-04:00,2.240000009536743,2.240000009536743,2.2200000286102295,2.2200000286102295,2939,0.0,0.0
2024-04-02 11:30:00-04:00,2.2200000286102295,2.2200000286102295,2.2200000286102295,2.2200000286102295,2335,0.0,0.0
2024-04-02 12:30:00-04:00,2.200000047683716,2.200000047683716,2.180000066757202,2.180000066757202,797,0.0,0.0
2024-04-02 13:30:00-04:00,2.180000066757202,2.180000066757202,2.180000066757202,2.180000066757202,1243,0.0,0.0
2024-04-02 14:30:00-04:00,2.180000066757202,2.2200000286102295,2.1500000953674316,2.1500000953674316,2133,0.0,0.0
2024-04-02 15:30:00-04:00,2.184999942779541,2.2300000190734863,2.1700000762939453,2.190000057220459,2974,0.0,0.0
2024-04-03 09:30:00-04:00,2.1600000858306885,2.1600000858306885,2.130000114440918,2.1500000953674316,9931,0.0,0.0
2024-04-03 10:30:00-04:00,2.180799961090088,2.2300000190734863,2.1500000953674316,2.194999933242798,1512,0.0,0.0
2024-04-03 11:30:00-04:00,2.194999933242798,2.194999933242798,2.194999933242798,2.194999933242798,206,0.0,0.0
2024-04-03 12:30:00-04:00,2.1700000762939453,2.1700000762939453,2.1500000953674316,2.1549999713897705,778,0.0,0.0
2024-04-03 13:30:00-04:00,2.1700000762939453,2.1700000762939453,2.1700000762939453,2.1700000762939453,352,0.0,0.0
2024-04-03 14:30:00-04:00,2.1600000858306885,2.1700000762939453,2.1500000953674316,2.1500000953674316,2111,0.0,0.0
2024-04-03 15:30:00-04:00,2.180000066757202,2.180000066757202,2.180000066757202,2.180000066757202,299,0.0,0.0
2024-04-04 09:30:00-04:00,2.240000009536743,2.299999952316284,2.2100000381469727,2.240000009536743,5020,0.0,0.0
2024-04-04 10:30:00-04:00,2.200000047683716,2.200000047683716,2.200000047683716,2.200000047683716,525,0.0,0.0
2024-04-04 11:30:00-04:00,2.25,2.25,2.200000047683716,2.2100000381469727,1099,0.0,0.0
2024-04-04 12:30:00-04:00,2.2100000381469727,2.25,2.200000047683716,2.200000047683716,1888,0.0,0.0
2024-04-04 13:30:00-04:00,2.2100000381469727,2.2100000381469727,2.2100000381469727,2.2100000381469727,542,0.0,0.0
2024-04-04 14:30:00-04:00,2.200000047683716,2.240000009536743,2.180000066757202,2.200000047683716,1613,0.0,0.0
2024-04-04 15:30:00-04:00,2.200000047683716,2.240000009536743,2.200000047683716,2.240000009536743,2895,0.0,0.0
2024-04-05 09:30:00-04:00,2.240000009536743,2.240000009536743,2.1700000762939453,2.1700000762939453,0,0.0,0.0
2024-04-05 10:30:00-04:00,2.180000066757202,2.189300060272217,2.180000066757202,2.189300060272217,644,0.0,0.0
2024-04-05 11:30:00-04:00,2.190000057220459,2.190000057220459,2.180000066757202,2.180000066757202,508,0.0,0.0
2024-04-05 12:30:00-04:00,2.180000066757202,2.180000066757202,2.180000066757202,2.180000066757202,389,0.0,0.0
2024-04-05 13:30:00-04:00,2.2200000286102295,2.2200000286102295,2.2200000286102295,2.2200000286102295,296,0.0,0.0
2024-04-05 14:30:00-04:00,2.180000066757202,2.180000066757202,2.180000066757202,2.180000066757202,535,0.0,0.0
2024-04-05 15:30:00-04:00,2.190000057220459,2.190000057220459,2.180000066757202,2.180000066757202,997,0.0,0.0
2024-04-08 09:30:00-04:00,2.190000057220459,2.190000057220459,2.190000057220459,2.190000057220459,0,0.0,0.0
2024-04-08 10:30:00-04:00,2.190000057220459,2.2300000190734863,2.190000057220459,2.190000057220459,5174,0.0,0.0
2024-04-08 11:30:00-04:00,2.190000057220459,2.2149999141693115,2.190000057220459,2.2149999141693115,674,0.0,0.0
2024-04-08 12:30:00-04:00,2.2149999141693115,2.2149999141693115,2.2149999141693115,2.2149999141693115,189,0.0,0.0
2024-04-08 13:30:00-04:00,2.190000057220459,2.200000047683716,2.190000057220459,2.190000057220459,438,0.0,0.0
2024-04-08 14:30:00-04:00,2.190000057220459,2.2200000286102295,2.190000057220459,2.194999933242798,1723,0.0,0.0
2024-04-08 15:30:00-04:00,2.190000057220459,2.190000057220459,2.190000057220459,2.190000057220459,900,0.0,0.0
2024-04-09 09:30:00-04:00,2.2200000286102295,2.2200000286102295,2.200000047683716,2.200000047683716,0,0.0,0.0
2024-04-09 10:30:00-04:00,2.190000057220459,2.190000057220459,2.190000057220459,2.190000057220459,302,0.0,0.0
2024-04-09 11:30:00-04:00,2.190000057220459,2.1900999546051025,2.190000057220459,2.190000057220459,3572,0.0,0.0
2024-04-09 13:30:00-04:00,2.1600000858306885,2.1600000858306885,2.1600000858306885,2.1600000858306885,2339,0.0,0.0
2024-04-09 14:30:00-04:00,2.1600000858306885,2.1600000858306885,2.130000114440918,2.130000114440918,3048,0.0,0.0
2024-04-09 15:30:00-04:00,2.109999895095825,2.1698999404907227,2.0999999046325684,2.0999999046325684,1115,0.0,0.0
2024-04-10 09:30:00-04:00,2.130000114440918,2.1649999618530273,2.0801000595092773,2.1649999618530273,9154,0.0,0.0
2024-04-10 10:30:00-04:00,2.140000104904175,2.140000104904175,2.140000104904175,2.140000104904175,559,0.0,0.0
2024-04-10 11:30:00-04:00,2.140000104904175,2.1600000858306885,2.0999999046325684,2.100100040435791,3037,0.0,0.0
2024-04-10 13:30:00-04:00,2.0999999046325684,2.0999999046325684,2.049999952316284,2.0597000122070312,4103,0.0,0.0
2024-04-10 14:30:00-04:00,2.0597000122070312,2.059999942779541,2.049999952316284,2.059999942779541,2803,0.0,0.0
2024-04-10 15:30:00-04:00,2.0590999126434326,2.1500000953674316,2.049999952316284,2.1500000953674316,5001,0.0,0.0
2024-04-11 09:30:00-04:00,2.130000114440918,2.130000114440918,2.049999952316284,2.049999952316284,5304,0.0,0.0
2024-04-11 10:30:00-04:00,2.0399999618530273,2.0399999618530273,2.0299999713897705,2.0299999713897705,7574,0.0,0.0
2024-04-11 11:30:00-04:00,2.0299999713897705,2.0969998836517334,2.0299999713897705,2.0969998836517334,232,0.0,0.0
2024-04-11 12:30:00-04:00,2.0899999141693115,2.0899999141693115,2.049999952316284,2.059999942779541,1392,0.0,0.0
2024-04-11 13:30:00-04:00,2.059999942779541,2.059999942779541,2.059999942779541,2.059999942779541,245,0.0,0.0
2024-04-11 14:30:00-04:00,2.0399999618530273,2.0399999618530273,2.0399999618530273,2.0399999618530273,500,0.0,0.0
2024-04-11 15:30:00-04:00,2.059999942779541,2.059999942779541,2.059999942779541,2.059999942779541,500,0.0,0.0
2024-04-12 09:30:00-04:00,2.0199999809265137,2.059999942779541,2.009999990463257,2.0399999618530273,2409,0.0,0.0
2024-04-12 10:30:00-04:00,2.0,2.0,1.9600000381469727,1.9600000381469727,3152,0.0,0.0
2024-04-12 11:30:00-04:00,1.9299999475479126,1.9800000190734863,1.9299999475479126,1.9299999475479126,1357,0.0,0.0
2024-04-12 12:30:00-04:00,1.940000057220459,1.940000057220459,1.940000057220459,1.940000057220459,317,0.0,0.0
2024-04-12 13:30:00-04:00,1.9299999475479126,1.9299999475479126,1.909999966621399,1.909999966621399,2336,0.0,0.0
2024-04-12 14:30:00-04:00,1.9279999732971191,1.9904999732971191,1.909999966621399,1.9600000381469727,2595,0.0,0.0
2024-04-12 15:30:00-04:00,1.909999966621399,2.009999990463257,1.909999966621399,1.9500000476837158,5309,0.0,0.0
2024-04-15 09:30:00-04:00,1.9900000095367432,1.9900000095367432,1.899999976158142,1.9550000429153442,846,0.0,0.0
2024-04-15 10:30:00-04:00,1.909999966621399,1.940000057220459,1.899999976158142,1.9299999475479126,7116,0.0,0.0
2024-04-15 11:30:00-04:00,1.899999976158142,1.9199999570846558,1.899999976158142,1.9199999570846558,5241,0.0,0.0
2024-04-15 12:30:00-04:00,1.9199999570846558,1.9199999570846558,1.9199999570846558,1.9199999570846558,677,0.0,0.0
2024-04-15 13:30:00-04:00,1.9199999570846558,1.9199999570846558,1.8899999856948853,1.8899999856948853,3133,0.0,0.0
2024-04-15 14:30:00-04:00,1.8899999856948853,1.9199999570846558,1.8899999856948853,1.9199999570846558,3597,0.0,0.0
2024-04-15 15:30:00-04:00,1.9199999570846558,1.9199999570846558,1.8899999856948853,1.9199999570846558,587,0.0,0.0
2024-04-16 09:30:00-04:00,2.0,2.0,1.840000033378601,1.8759000301361084,5794,0.0,0.0
2024-04-16 10:30:00-04:00,1.8700000047683716,1.8907999992370605,1.8700000047683716,1.8907999992370605,1547,0.0,0.0
2024-04-16 11:30:00-04:00,1.899999976158142,1.9199999570846558,1.8799999952316284,1.8799999952316284,4338,0.0,0.0
2024-04-16 12:30:00-04:00,1.8799999952316284,1.899999976158142,1.8700000047683716,1.8700000047683716,3788,0.0,0.0
2024-04-16 13:30:00-04:00,1.899899959564209,1.899899959564209,1.8700000047683716,1.8700000047683716,3308,0.0,0.0
2024-04-16 14:30:00-04:00,1.8700000047683716,1.8849999904632568,1.850000023841858,1.850000023841858,1829,0.0,0.0
2024-04-16 15:30:00-04:00,1.850000023841858,1.899999976158142,1.850000023841858,1.8799999952316284,1804,0.0,0.0
2024-04-17 09:30:00-04:00,1.940000057220459,1.9500000476837158,1.850000023841858,1.850000023841858,0,0.0,0.0
2024-04-17 10:30:00-04:00,1.850000023841858,1.850000023841858,1.8300000429153442,1.8300000429153442,2033,0.0,0.0
2024-04-17 11:30:00-04:00,1.8300000429153442,1.840000033378601,1.8300000429153442,1.8300000429153442,1178,0.0,0.0
2024-04-17 12:30:00-04:00,1.8300000429153442,1.8600000143051147,1.809999942779541,1.809999942779541,2902,0.0,0.0
2024-04-17 13:30:00-04:00,1.809999942779541,1.8200000524520874,1.7999999523162842,1.7999999523162842,1913,0.0,0.0
2024-04-17 14:30:00-04:00,1.8200000524520874,1.8300000429153442,1.7999999523162842,1.7999999523162842,5627,0.0,0.0
2024-04-17 15:30:00-04:00,1.7999999523162842,1.7999999523162842,1.7699999809265137,1.7799999713897705,5600,0.0,0.0
2024-04-18 09:30:00-04:00,1.7899999618530273,1.8600000143051147,1.7899999618530273,1.7999999523162842,1374,0.0,0.0
2024-04-18 11:30:00-04:00,1.8300000429153442,1.8300000429153442,1.809999942779541,1.8300000429153442,790,0.0,0.0
2024-04-18 12:30:00-04:00,1.8200000524520874,1.909999966621399,1.7999999523162842,1.7999999523162842,21143,0.0,0.0
2024-04-18 13:30:00-04:00,1.7999999523162842,1.8550000190734863,1.7999999523162842,1.8550000190734863,833,0.0,0.0
2024-04-18 14:30:00-04:00,1.8550000190734863,1.8550000190734863,1.7999999523162842,1.8550000190734863,2977,0.0,0.0
2024-04-18 15:30:00-04:00,1.8300000429153442,1.840000033378601,1.8200000524520874,1.8200000524520874,0,0.0,0.0
2024-04-19 09:30:00-04:00,1.8200000524520874,1.8200000524520874,1.8200000524520874,1.8200000524520874,280,0.0,0.0
2024-04-19 10:30:00-04:00,1.840000033378601,1.8899999856948853,1.840000033378601,1.8420000076293945,1654,0.0,0.0
2024-04-19 11:30:00-04:00,1.840000033378601,1.840000033378601,1.840000033378601,1.840000033378601,318,0.0,0.0
2024-04-19 12:30:00-04:00,1.8493000268936157,1.8493000268936157,1.840000033378601,1.840000033378601,557,0.0,0.0
2024-04-19 13:30:00-04:00,1.840000033378601,1.840000033378601,1.840000033378601,1.840000033378601,354,0.0,0.0
2024-04-19 14:30:00-04:00,1.840000033378601,1.840000033378601,1.840000033378601,1.840000033378601,1120,0.0,0.0
2024-04-19 15:30:00-04:00,1.8300000429153442,1.8899999856948853,1.8300000429153442,1.8899999856948853,2453,0.0,0.0
2024-04-22 09:30:00-04:00,1.850000023841858,1.850000023841858,1.850000023841858,1.850000023841858,189,0.0,0.0
2024-04-22 10:30:00-04:00,1.8600000143051147,1.8600000143051147,1.8200000524520874,1.8200000524520874,3465,0.0,0.0
2024-04-22 13:30:00-04:00,1.8700000047683716,1.8799999952316284,1.8700000047683716,1.8799999952316284,2289,0.0,0.0
2024-04-22 14:30:00-04:00,1.8799999952316284,1.8799999952316284,1.8300000429153442,1.8300000429153442,7754,0.0,0.0
2024-04-22 15:30:00-04:00,1.8799999952316284,1.8799999952316284,1.8799999952316284,1.8799999952316284,109,0.0,0.0
2024-04-23 09:30:00-04:00,1.909999966621399,1.909999966621399,1.909999966621399,1.909999966621399,0,0.0,0.0
2024-04-23 12:30:00-04:00,1.8899999856948853,1.8899999856948853,1.8899999856948853,1.8899999856948853,217,0.0,0.0
2024-04-23 13:30:00-04:00,1.850000023841858,1.850000023841858,1.8300000429153442,1.8300000429153442,3220,0.0,0.0
2024-04-23 14:30:00-04:00,1.8300000429153442,1.8300000429153442,1.8300000429153442,1.8300000429153442,0,0.0,0.0
2024-04-24 09:30:00-04:00,1.850000023841858,1.850000023841858,1.8299000263214111,1.8299000263214111,2204,0.0,0.0
2024-04-24 10:30:00-04:00,1.809999942779541,1.809999942779541,1.750100016593933,1.750100016593933,10429,0.0,0.0
2024-04-24 11:30:00-04:00,1.7549999952316284,1.7899999618530273,1.7549999952316284,1.7899999618530273,2139,0.0,0.0
2024-04-24 12:30:00-04:00,1.7999999523162842,1.7999999523162842,1.7949999570846558,1.7999999523162842,7191,0.0,0.0
2024-04-24 13:30:00-04:00,1.7899999618530273,1.7899999618530273,1.7899999618530273,1.7899999618530273,418,0.0,0.0
2024-04-24 14:30:00-04:00,1.7899999618530273,1.7999999523162842,1.75,1.7999999523162842,18044,0.0,0.0
2024-04-24 15:30:00-04:00,1.7599999904632568,1.7999999523162842,1.7599999904632568,1.7949999570846558,2787,0.0,0.0
2024-04-25 09:30:00-04:00,1.809999942779541,1.8300000429153442,1.7899999618530273,1.8200000524520874,0,0.0,0.0
2024-04-25 10:30:00-04:00,1.8300000429153442,1.8300000429153442,1.799399971961975,1.7999000549316406,8514,0.0,0.0
2024-04-25 11:30:00-04:00,1.7958999872207642,1.7999999523162842,1.7958999872207642,1.7999999523162842,7435,0.0,0.0
2024-04-25 12:30:00-04:00,1.7999999523162842,1.7999999523162842,1.7999999523162842,1.7999999523162842,1983,0.0,0.0
2024-04-25 13:30:00-04:00,1.7900999784469604,1.7991000413894653,1.7700999975204468,1.7700999975204468,1342,0.0,0.0
2024-04-25 14:30:00-04:00,1.7999999523162842,1.7999999523162842,1.7699999809265137,1.7999999523162842,3453,0.0,0.0
2024-04-25 15:30:00-04:00,1.7999999523162842,1.850000023841858,1.7949999570846558,1.850000023841858,3313,0.0,0.0
2024-04-26 09:30:00-04:00,1.899999976158142,1.9199999570846558,1.8600000143051147,1.8799999952316284,11931,0.0,0.0
2024-04-26 10:30:00-04:00,1.8799999952316284,1.919700026512146,1.8600000143051147,1.909999966621399,6288,0.0,0.0
2024-04-26 11:30:00-04:00,1.9199999570846558,1.9199999570846558,1.909999966621399,1.909999966621399,1044,0.0,0.0
2024-04-26 12:30:00-04:00,1.9299999475479126,1.9600000381469727,1.9199999570846558,1.9500000476837158,5808,0.0,0.0
2024-04-26 13:30:00-04:00,1.9299999475479126,1.9600000381469727,1.9299999475479126,1.9600000381469727,10572,0.0,0.0
2024-04-26 14:30:00-04:00,1.9700000286102295,1.9900000095367432,1.9600000381469727,1.9600000381469727,2261,0.0,0.0
2024-04-26 15:30:00-04:00,1.975000023841858,1.9900000095367432,1.9708000421524048,1.9900000095367432,1901,0.0,0.0
2024-04-29 09:30:00-04:00,1.9600000381469727,2.0,1.9600000381469727,1.9989999532699585,2380,0.0,0.0
2024-04-29 10:30:00-04:00,1.9600000381469727,1.9600000381469727,1.9500000476837158,1.9500000476837158,2202,0.0,0.0
2024-04-29 11:30:00-04:00,1.9500000476837158,1.9500000476837158,1.9500000476837158,1.9500000476837158,3788,0.0,0.0
2024-04-29 12:30:00-04:00,1.9500000476837158,1.9571000337600708,1.9500000476837158,1.9571000337600708,3854,0.0,0.0
2024-04-29 13:30:00-04:00,1.975000023841858,1.975000023841858,1.9500000476837158,1.9500000476837158,712,0.0,0.0
2024-04-29 14:30:00-04:00,1.9500000476837158,1.9500000476837158,1.9500000476837158,1.9500000476837158,804,0.0,0.0
2024-04-29 15:30:00-04:00,1.9500000476837158,1.975000023841858,1.940000057220459,1.940000057220459,1783,0.0,0.0
2024-04-30 09:30:00-04:00,2.0,2.0099000930786133,2.0,2.0,6430,0.0,0.0
2024-04-30 10:30:00-04:00,1.9600000381469727,1.9600000381469727,1.909999966621399,1.910099983215332,2552,0.0,0.0
2024-04-30 11:30:00-04:00,1.9900000095367432,1.9900000095367432,1.9299999475479126,1.9299999475479126,2481,0.0,0.0
2024-04-30 14:30:00-04:00,1.9299999475479126,1.9299999475479126,1.9299999475479126,1.9299999475479126,607,0.0,0.0
2024-04-30 15:30:00-04:00,1.9299999475479126,2.0199999809265137,1.9299999475479126,2.0199999809265137,1608,0.0,0.0
2024-05-01 09:30:00-04:00,2.009999990463257,2.009999990463257,1.9800000190734863,2.009999990463257,0,0.0,0.0
2024-05-01 10:30:00-04:00,2.009999990463257,2.0299999713897705,2.009999990463257,2.009999990463257,1579,0.0,0.0
2024-05-01 11:30:00-04:00,2.009999990463257,2.0350000858306885,2.009999990463257,2.009999990463257,1003,0.0,0.0
2024-05-01 12:30:00-04:00,2.009999990463257,2.009999990463257,2.009999990463257,2.009999990463257,201,0.0,0.0
2024-05-01 13:30:00-04:00,2.0350000858306885,2.0350000858306885,2.009999990463257,2.009999990463257,1000,0.0,0.0
2024-05-01 14:30:00-04:00,2.0332000255584717,2.0332000255584717,2.0199999809265137,2.0199999809265137,1712,0.0,0.0
2024-05-01 15:30:00-04:00,2.0199999809265137,2.059999942779541,2.0199999809265137,2.059999942779541,776,0.0,0.0
2024-05-02 09:30:00-04:00,2.0399999618530273,2.0399999618530273,2.0399999618530273,2.0399999618530273,505,0.0,0.0
2024-05-02 10:30:00-04:00,2.0399999618530273,2.0399999618530273,1.9600000381469727,1.9600000381469727,2734,0.0,0.0
2024-05-02 11:30:00-04:00,2.009999990463257,2.049999952316284,2.009999990463257,2.049999952316284,2135,0.0,0.0
2024-05-02 12:30:00-04:00,2.059999942779541,2.1500000953674316,2.059999942779541,2.1500000953674316,4621,0.0,0.0
2024-05-02 13:30:00-04:00,2.1600000858306885,2.184000015258789,2.130000114440918,2.1301000118255615,2891,0.0,0.0
2024-05-02 14:30:00-04:00,2.130000114440918,2.190000057220459,2.130000114440918,2.130000114440918,1147,0.0,0.0
2024-05-02 15:30:00-04:00,2.1500000953674316,2.1500000953674316,2.140000104904175,2.140000104904175,502,0.0,0.0
2024-05-03 09:30:00-04:00,2.2100000381469727,2.240000009536743,2.2100000381469727,2.2200000286102295,8113,0.0,0.0
2024-05-03 10:30:00-04:00,2.2200000286102295,2.2200000286102295,2.2200000286102295,2.2200000286102295,326,0.0,0.0
2024-05-03 11:30:00-04:00,2.309999942779541,2.390000104904175,2.2267000675201416,2.390000104904175,9435,0.0,0.0
2024-05-03 12:30:00-04:00,2.369999885559082,2.440000057220459,2.299999952316284,2.440000057220459,1275,0.0,0.0
2024-05-03 13:30:00-04:00,2.319999933242798,2.418600082397461,2.319999933242798,2.418600082397461,1331,0.0,0.0
2024-05-03 14:30:00-04:00,2.426500082015991,2.437999963760376,2.4040000438690186,2.437999963760376,1151,0.0,0.0
2024-05-03 15:30:00-04:00,2.4100000858306885,2.440000057220459,2.4100000858306885,2.4200000762939453,4860,0.0,0.0
2024-05-06 09:30:00-04:00,2.390000104904175,2.4096999168395996,2.2309999465942383,2.2799999713897705,5920,0.0,0.0
2024-05-06 10:30:00-04:00,2.2899999618530273,2.371000051498413,2.2899999618530273,2.3399999141693115,1866,0.0,0.0
2024-05-06 11:30:00-04:00,2.4100000858306885,2.4100000858306885,2.2899999618530273,2.2899999618530273,803,0.0,0.0
2024-05-06 12:30:00-04:00,2.3380000591278076,2.3380000591278076,2.299999952316284,2.299999952316284,456,0.0,0.0
2024-05-06 13:30:00-04:00,2.299999952316284,2.361999988555908,2.299999952316284,2.361999988555908,911,0.0,0.0
2024-05-06 14:30:00-04:00,2.2899999618530273,2.3499999046325684,2.2899999618530273,2.299999952316284,2150,0.0,0.0
2024-05-06 15:30:00-04:00,2.2699999809265137,2.2699999809265137,2.265000104904175,2.265000104904175,0,0.0,0.0
2024-05-07 09:30:00-04:00,2.2300000190734863,2.3889999389648438,2.2118000984191895,2.3889999389648438,2985,0.0,0.0
2024-05-07 10:30:00-04:00,2.2699999809265137,2.2699999809265137,2.2100000381469727,2.2249999046325684,3258,0.0,0.0
2024-05-07 11:30:00-04:00,2.2100000381469727,2.2100000381469727,2.1649999618530273,2.190000057220459,2070,0.0,0.0
2024-05-07 14:30:00-04:00,2.2100000381469727,2.2100000381469727,2.0799999237060547,2.0799999237060547,5265,0.0,0.0
2024-05-07 15:30:00-04:00,2.0899999141693115,2.190000057220459,2.0899999141693115,2.0899999141693115,4007,0.0,0.0
2024-05-08 09:30:00-04:00,2.130000114440918,2.134999990463257,2.0399999618530273,2.0899999141693115,2774,0.0,0.0
2024-05-08 10:30:00-04:00,2.0399999618530273,2.0399999618530273,2.0399999618530273,2.0399999618530273,302,0.0,0.0
2024-05-08 11:30:00-04:00,2.0399999618530273,2.0399999618530273,2.0399999618530273,2.0399999618530273,300,0.0,0.0
2024-05-08 12:30:00-04:00,2.0399999618530273,2.0399999618530273,1.9600000381469727,1.9600000381469727,5450,0.0,0.0
2024-05-08 13:30:00-04:00,2.023200035095215,2.0299999713897705,1.9700000286102295,2.0299999713897705,4127,0.0,0.0
2024-05-08 14:30:00-04:00,2.0250000953674316,2.0399999618530273,2.0250000953674316,2.0399999618530273,718,0.0,0.0
2024-05-08 15:30:00-04:00,2.009999990463257,2.069999933242798,2.009999990463257,2.069999933242798,3611,0.0,0.0
2024-05-09 09:30:00-04:00,2.059999942779541,2.069999933242798,1.9700000286102295,1.9800000190734863,0,0.0,0.0
2024-05-09 10:30:00-04:00,2.0,2.0199999809265137,1.9900000095367432,2.0,12012,0.0,0.0
2024-05-09 11:30:00-04:00,1.9700000286102295,1.9900000095367432,1.9700000286102295,1.9800000190734863,2520,0.0,0.0
2024-05-09 12:30:00-04:00,1.9900000095367432,1.9900000095367432,1.9900000095367432,1.9900000095367432,527,0.0,0.0
2024-05-09 13:30:00-04:00,1.9700000286102295,2.0,1.9700000286102295,1.98989999294281,7671,0.0,0.0
2024-05-09 14:30:00-04:00,1.9900000095367432,2.0199999809265137,1.9800000190734863,2.0199999809265137,719,0.0,0.0
2024-05-09 15:30:00-04:00,2.0199999809265137,2.049999952316284,2.0199999809265137,2.049999952316284,2811,0.0,0.0
2024-05-10 09:30:00-04:00,2.049999952316284,2.049999952316284,1.9900000095367432,1.9900000095367432,866,0.0,0.0
2024-05-10 10:30:00-04:00,2.0,2.0127999782562256,2.0,2.0,1061,0.0,0.0
2024-05-10 14:30:00-04:00,2.0,2.0299999713897705,2.0,2.0299999713897705,1845,0.0,0.0
2024-05-10 15:30:00-04:00,2.0299999713897705,2.049999952316284,2.015000104904175,2.015000104904175,7249,0.0,0.0
2024-05-13 09:30:00-04:00,1.9800000190734863,2.0999999046325684,1.9800000190734863,2.069999933242798,4330,0.0,0.0
2024-05-13 10:30:00-04:00,2.099900007247925,2.140000104904175,2.0913000106811523,2.130000114440918,13672,0.0,0.0
2024-05-13 11:30:00-04:00,2.130000114440918,2.1500000953674316,2.130000114440918,2.1500000953674316,484,0.0,0.0
2024-05-13 12:30:00-04:00,2.1500000953674316,2.1700000762939453,2.130000114440918,2.140000104904175,6386,0.0,0.0
2024-05-13 14:30:00-04:00,2.1600000858306885,2.1700000762939453,2.119999885559082,2.140000104904175,1393,0.0,0.0
2024-05-13 15:30:00-04:00,2.200000047683716,2.200000047683716,2.200000047683716,2.200000047683716,0,0.0,0.0
2024-05-14 09:30:00-04:00,2.1700000762939453,2.194999933242798,2.1177000999450684,2.1177000999450684,882,0.0,0.0
2024-05-14 10:30:00-04:00,2.140000104904175,2.200000047683716,2.130000114440918,2.190000057220459,13035,0.0,0.0
2024-05-14 11:30:00-04:00,2.1700000762939453,2.190000057220459,2.1600000858306885,2.180000066757202,3750,0.0,0.0
2024-05-14 12:30:00-04:00,2.1700000762939453,2.200000047683716,2.1700000762939453,2.200000047683716,5331,0.0,0.0
2024-05-14 13:30:00-04:00,2.1802000999450684,2.1802000999450684,2.1802000999450684,2.1802000999450684,1366,0.0,0.0
2024-05-14 15:30:00-04:00,2.200000047683716,2.200000047683716,2.200000047683716,2.200000047683716,0,0.0,0.0
2024-05-15 09:30:00-04:00,2.180000066757202,2.180000066757202,2.180000066757202,2.180000066757202,2070,0.0,0.0
2024-05-15 10:30:00-04:00,2.180000066757202,2.180000066757202,2.1319000720977783,2.1500000953674316,5779,0.0,0.0
2024-05-15 13:30:00-04:00,2.1600000858306885,2.1600000858306885,2.1500000953674316,2.1500000953674316,1068,0.0,0.0
2024-05-16 09:30:00-04:00,2.140000104904175,2.140000104904175,2.140000104904175,2.140000104904175,370,0.0,0.0
2024-05-16 13:30:00-04:00,2.16759991645813,2.16759991645813,2.16759991645813,2.16759991645813,511,0.0,0.0
2024-05-16 14:30:00-04:00,2.140000104904175,2.180000066757202,2.140000104904175,2.180000066757202,4892,0.0,0.0
2024-05-16 15:30:00-04:00,2.1600000858306885,2.180000066757202,2.1600000858306885,2.180000066757202,3308,0.0,0.0
2024-05-17 09:30:00-04:00,2.1700000762939453,2.2720000743865967,2.1700000762939453,2.2720000743865967,3636,0.0,0.0
2024-05-17 10:30:00-04:00,2.3055999279022217,2.3055999279022217,2.140000104904175,2.200000047683716,6023,0.0,0.0
2024-05-17 12:30:00-04:00,2.2699999809265137,2.299999952316284,2.2699999809265137,2.299999952316284,4312,0.0,0.0
2024-05-17 13:30:00-04:00,2.299999952316284,2.339900016784668,2.259999990463257,2.2799999713897705,13041,0.0,0.0
2024-05-17 14:30:00-04:00,2.3299999237060547,2.3499999046325684,2.3299999237060547,2.3499999046325684,1431,0.0,0.0
2024-05-17 15:30:00-04:00,2.326200008392334,2.326200008392334,2.326200008392334,2.326200008392334,375,0.0,0.0
2024-05-20 09:30:00-04:00,2.309999942779541,2.380000114440918,2.299999952316284,2.309999942779541,0,0.0,0.0
2024-05-20 10:30:00-04:00,2.3450000286102295,2.3450000286102295,2.3399999141693115,2.3399999141693115,868,0.0,0.0
2024-05-20 11:30:00-04:00,2.3350000381469727,2.3350000381469727,2.200000047683716,2.309999942779541,7830,0.0,0.0
2024-05-20 12:30:00-04:00,2.319999933242798,2.319999933242798,2.319999933242798,2.319999933242798,334,0.0,0.0
2024-05-20 13:30:00-04:00,2.315000057220459,2.315000057220459,2.130000114440918,2.134999990463257,13286,0.0,0.0
2024-05-20 14:30:00-04:00,2.2200000286102295,2.2300000190734863,2.2200000286102295,2.2300000190734863,2205,0.0,0.0
2024-05-20 15:30:00-04:00,2.2899999618530273,2.299999952316284,2.240000009536743,2.259999990463257,2758,0.0,0.0
2024-05-21 09:30:00-04:00,2.200000047683716,2.2899999618530273,2.200000047683716,2.259999990463257,23352,0.0,0.0
2024-05-21 10:30:00-04:00,2.2300000190734863,2.2300000190734863,2.200000047683716,2.200000047683716,10095,0.0,0.0
2024-05-21 12:30:00-04:00,2.25,2.25,2.220099925994873,2.220099925994873,1261,0.0,0.0
2024-05-21 14:30:00-04:00,2.369800090789795,2.369800090789795,2.259999990463257,2.3052000999450684,5617,0.0,0.0
2024-05-21 15:30:00-04:00,2.309999942779541,2.309999942779541,2.2200000286102295,2.2200000286102295,1334,0.0,0.0
2024-05-22 09:30:00-04:00,2.3499999046325684,2.3499999046325684,2.150899887084961,2.150899887084961,5838,0.0,0.0
2024-05-22 10:30:00-04:00,2.130000114440918,2.130000114440918,2.049999952316284,2.075000047683716,3408,0.0,0.0
2024-05-22 11:30:00-04:00,2.119999885559082,2.254499912261963,2.119999885559082,2.175800085067749,6354,0.0,0.0
2024-05-22 12:30:00-04:00,2.149899959564209,2.149899959564209,2.069999933242798,2.069999933242798,3840,0.0,0.0
2024-05-22 13:30:00-04:00,2.071000099182129,2.1666998863220215,2.049999952316284,2.0769999027252197,6058,0.0,0.0
2024-05-22 14:30:00-04:00,2.069999933242798,2.069999933242798,2.069999933242798,2.069999933242798,652,0.0,0.0
2024-05-22 15:30:00-04:00,2.069999933242798,2.119999885559082,2.069999933242798,2.0799999237060547,625,0.0,0.0
2024-05-23 09:30:00-04:00,2.000200033187866,2.0100998878479004,2.000200033187866,2.0100998878479004,7121,0.0,0.0
2024-05-23 10:30:00-04:00,2.049999952316284,2.049999952316284,2.049999952316284,2.049999952316284,245,0.0,0.0
2024-05-23 11:30:00-04:00,2.059999942779541,2.059999942779541,2.049999952316284,2.049999952316284,5408,0.0,0.0
2024-05-23 13:30:00-04:00,2.009999990463257,2.0199999809265137,2.009999990463257,2.009999990463257,1401,0.0,0.0
2024-05-23 14:30:00-04:00,2.009999990463257,2.009999990463257,2.009999990463257,2.009999990463257,115,0.0,0.0
2024-05-23 15:30:00-04:00,2.0199999809265137,2.0450000762939453,2.0199999809265137,2.0450000762939453,0,0.0,0.0
2024-05-24 09:30:00-04:00,2.0399999618530273,2.0899999141693115,2.0299999713897705,2.0899999141693115,1138,0.0,0.0
2024-05-24 10:30:00-04:00,2.049999952316284,2.049999952316284,2.0299999713897705,2.0399999618530273,3366,0.0,0.0
2024-05-24 11:30:00-04:00,2.0299999713897705,2.0299999713897705,2.0299999713897705,2.0299999713897705,3216,0.0,0.0
2024-05-24 12:30:00-04:00,2.0299999713897705,2.0299999713897705,2.0199999809265137,2.0299999713897705,2267,0.0,0.0
2024-05-24 13:30:00-04:00,2.0299999713897705,2.0299999713897705,2.0299999713897705,2.0299999713897705,388,0.0,0.0
2024-05-24 14:30:00-04:00,2.009999990463257,2.0299999713897705,2.009999990463257,2.0299999713897705,4059,0.0,0.0
2024-05-24 15:30:00-04:00,2.0350000858306885,2.059999942779541,2.0350000858306885,2.059999942779541,1774,0.0,0.0
2024-05-28 09:30:00-04:00,2.0899999141693115,2.0899999141693115,2.0899999141693115,2.0899999141693115,0,0.0,0.0
2024-05-28 10:30:00-04:00,2.0899999141693115,2.130000114440918,2.0899999141693115,2.130000114440918,8814,0.0,0.0
2024-05-28 11:30:00-04:00,2.130000114440918,2.130000114440918,2.009999990463257,2.009999990463257,2675,0.0,0.0
2024-05-28 12:30:00-04:00,2.065000057220459,2.065000057220459,2.065000057220459,2.065000057220459,166,0.0,0.0
2024-05-28 13:30:00-04:00,2.069999933242798,2.069999933242798,2.0299999713897705,2.0299999713897705,1257,0.0,0.0
2024-05-28 14:30:00-04:00,2.049999952316284,2.049999952316284,2.049999952316284,2.049999952316284,241,0.0,0.0
2024-05-28 15:30:00-04:00,2.0999999046325684,2.0999999046325684,2.0999999046325684,2.0999999046325684,382,0.0,0.0
2024-05-30 09:30:00-04:00,2.0199999809265137,2.0199999809265137,2.0199999809265137,2.0199999809265137,526,0.0,0.0
2024-05-30 10:30:00-04:00,2.009999990463257,2.009999990463257,1.9901000261306763,2.0,2499,0.0,0.0
2024-05-30 14:30:00-04:00,1.9946000576019287,1.9946000576019287,1.9946000576019287,1.9946000576019287,1001,0.0,0.0
2024-05-30 15:30:00-04:00,2.0,2.0000998973846436,2.0,2.0,2377,0.0,0.0
2024-05-31 09:30:00-04:00,2.0299999713897705,2.0299999713897705,2.0299999713897705,2.0299999713897705,6206,0.0,0.0
2024-05-31 10:30:00-04:00,2.015000104904175,2.015000104904175,2.0,2.0,4237,0.0,0.0
2024-05-31 11:30:00-04:00,2.0,2.0,1.975000023841858,1.975000023841858,6020,0.0,0.0
2024-05-31 12:30:00-04:00,1.975000023841858,1.9800000190734863,1.9700000286102295,1.9700000286102295,1933,0.0,0.0
2024-05-31 13:30:00-04:00,1.98989999294281,1.98989999294281,1.9700000286102295,1.9700000286102295,2073,0.0,0.0
2024-05-31 14:30:00-04:00,1.9600000381469727,1.9600000381469727,1.9600000381469727,1.9600000381469727,180,0.0,0.0
2024-05-31 15:30:00-04:00,1.9600000381469727,1.9700000286102295,1.9500000476837158,1.9500000476837158,4075,0.0,0.0
2024-06-03 09:30:00-04:00,1.9700000286102295,2.0799999237060547,1.9700000286102295,2.0799999237060547,2748,0.0,0.0
2024-06-03 10:30:00-04:00,2.0399999618530273,2.0697999000549316,2.0399999618530273,2.0697999000549316,2637,0.0,0.0
2024-06-03 11:30:00-04:00,2.0799999237060547,2.0799999237060547,2.074399948120117,2.0799999237060547,1540,0.0,0.0
2024-06-03 12:30:00-04:00,2.069999933242798,2.069999933242798,2.065000057220459,2.065000057220459,713,0.0,0.0
2024-06-03 13:30:00-04:00,2.0,2.0,1.9700000286102295,1.9700000286102295,4916,0.0,0.0
2024-06-03 15:30:00-04:00,1.9800000190734863,2.0199999809265137,1.9700000286102295,1.9700000286102295,610,0.0,0.0
2024-06-04 09:30:00-04:00,1.9600000381469727,2.059999942779541,1.9600000381469727,2.059999942779541,0,0.0,0.0
2024-06-04 11:30:00-04:00,2.0,2.0,2.0,2.0,267,0.0,0.0
2024-06-04 15:30:00-04:00,1.9600000381469727,2.0,1.9600000381469727,2.0,1643,0.0,0.0
2024-06-05 09:30:00-04:00,2.0299999713897705,2.0299999713897705,1.9498000144958496,1.958799958229065,0,0.0,0.0
2024-06-05 10:30:00-04:00,1.9600000381469727,1.9600000381469727,1.9500000476837158,1.9500000476837158,920,0.0,0.0
2024-06-05 11:30:00-04:00,1.9450000524520874,1.9450000524520874,1.940000057220459,1.940000057220459,3928,0.0,0.0
2024-06-05 12:30:00-04:00,1.940000057220459,1.9600000381469727,1.909999966621399,1.9600000381469727,14951,0.0,0.0
2024-06-05 13:30:00-04:00,1.9500000476837158,1.9500000476837158,1.9500000476837158,1.9500000476837158,352,0.0,0.0
2024-06-05 14:30:00-04:00,1.9220000505447388,1.940000057220459,1.9220000505447388,1.940000057220459,387,0.0,0.0
2024-06-05 15:30:00-04:00,1.9299999475479126,1.9299999475479126,1.899999976158142,1.9110000133514404,0,0.0,0.0
2024-06-06 09:30:00-04:00,1.980299949645996,1.980299949645996,1.8799999952316284,1.8899999856948853,1697,0.0,0.0
2024-06-06 10:30:00-04:00,1.940000057220459,1.9500000476837158,1.934999942779541,1.9500000476837158,1472,0.0,0.0
2024-06-06 13:30:00-04:00,2.0,2.0,1.9299999475479126,1.9350999593734741,6096,0.0,0.0
2024-06-06 14:30:00-04:00,1.9600000381469727,1.965000033378601,1.899999976158142,1.899999976158142,7636,0.0,0.0
2024-06-06 15:30:00-04:00,1.899999976158142,1.909999966621399,1.899999976158142,1.899999976158142,1502,0.0,0.0
2024-06-07 09:30:00-04:00,1.909999966621399,1.965000033378601,1.909999966621399,1.9103000164031982,550,0.0,0.0
2024-06-07 10:30:00-04:00,1.9199999570846558,1.9199999570846558,1.9199999570846558,1.9199999570846558,214,0.0,0.0
2024-06-07 15:30:00-04:00,1.909999966621399,1.9299999475479126,1.909999966621399,1.9299999475479126,374,0.0,0.0
2024-06-10 09:30:00-04:00,1.9299999475479126,2.029900074005127,1.909999966621399,1.909999966621399,3151,0.0,0.0
2024-06-10 10:30:00-04:00,1.909999966621399,1.909999966621399,1.909999966621399,1.909999966621399,414,0.0,0.0
2024-06-10 11:30:00-04:00,1.965000033378601,1.965000033378601,1.965000033378601,1.965000033378601,497,0.0,0.0
2024-06-10 12:30:00-04:00,1.909999966621399,1.9600000381469727,1.909999966621399,1.909999966621399,656,0.0,0.0
2024-06-10 13:30:00-04:00,1.9600000381469727,1.9600000381469727,1.909999966621399,1.909999966621399,399,0.0,0.0
2024-06-10 14:30:00-04:00,1.9500000476837158,1.9700000286102295,1.909999966621399,1.9199999570846558,3761,0.0,0.0
2024-06-10 15:30:00-04:00,1.899999976158142,1.9199999570846558,1.899999976158142,1.9199999570846558,0,0.0,0.0
2024-06-11 10:30:00-04:00,1.940000057220459,1.940000057220459,1.9049999713897705,1.9049999713897705,2143,0.0,0.0
2024-06-11 11:30:00-04:00,1.940000057220459,1.9500000476837158,1.940000057220459,1.940000057220459,2158,0.0,0.0
2024-06-11 12:30:00-04:00,1.940000057220459,1.940000057220459,1.940000057220459,1.940000057220459,718,0.0,0.0
2024-06-11 13:30:00-04:00,1.940000057220459,1.940000057220459,1.909999966621399,1.909999966621399,1658,0.0,0.0
2024-06-11 14:30:00-04:00,1.899999976158142,1.9079999923706055,1.8799999952316284,1.9079999923706055,1407,0.0,0.0
2024-06-11 15:30:00-04:00,1.8899999856948853,1.909999966621399,1.8799999952316284,1.8799999952316284,3018,0.0,0.0
2024-06-12 09:30:00-04:00,1.9199999570846558,1.9199999570846558,1.9199999570846558,1.9199999570846558,192,0.0,0.0
2024-06-12 10:30:00-04:00,1.8899999856948853,1.8899999856948853,1.8899999856948853,1.8899999856948853,476,0.0,0.0
2024-06-12 11:30:00-04:00,1.909999966621399,1.909999966621399,1.8799999952316284,1.8799999952316284,296,0.0,0.0
2024-06-12 12:30:00-04:00,1.8700000047683716,1.909999966621399,1.8700000047683716,1.909999966621399,1023,0.0,0.0
2024-06-12 13:30:00-04:00,1.899999976158142,1.899999976158142,1.8700000047683716,1.8700000047683716,409,0.0,0.0
2024-06-12 15:30:00-04:00,1.8799999952316284,1.8799999952316284,1.7699999809265137,1.784999966621399,3764,0.0,0.0
2024-06-13 09:30:00-04:00,1.8300000429153442,1.8300000429153442,1.8300000429153442,1.8300000429153442,0,0.0,0.0
2024-06-13 10:30:00-04:00,1.9520000219345093,1.9520000219345093,1.8799999952316284,1.9149999618530273,2879,0.0,0.0
2024-06-13 12:30:00-04:00,1.8200000524520874,1.8200000524520874,1.8200000524520874,1.8200000524520874,763,0.0,0.0
2024-06-13 15:30:00-04:00,1.809999942779541,1.809999942779541,1.809999942779541,1.809999942779541,0,0.0,0.0
2024-06-14 09:30:00-04:00,1.7999999523162842,1.7999999523162842,1.7999999523162842,1.7999999523162842,706,0.0,0.0
2024-06-14 10:30:00-04:00,1.8899999856948853,1.8899999856948853,1.809999942779541,1.809999942779541,2898,0.0,0.0
2024-06-14 14:30:00-04:00,1.8300000429153442,1.8300000429153442,1.8300000429153442,1.8300000429153442,800,0.0,0.0
2024-06-17 09:30:00-04:00,1.7999999523162842,1.809999942779541,1.7999999523162842,1.7999999523162842,3456,0.0,0.0
2024-06-17 10:30:00-04:00,1.7699999809265137,1.7999999523162842,1.7699999809265137,1.7899999618530273,5883,0.0,0.0
2024-06-17 11:30:00-04:00,1.7899999618530273,1.7899999618530273,1.7899999618530273,1.7899999618530273,104,0.0,0.0
2024-06-17 12:30:00-04:00,1.7999999523162842,1.7999999523162842,1.7899999618530273,1.7899999618530273,573,0.0,0.0
2024-06-17 13:30:00-04:00,1.7899999618530273,1.7899999618530273,1.7899999618530273,1.7899999618530273,201,0.0,0.0
2024-06-17 14:30:00-04:00,1.8077000379562378,1.8077000379562378,1.8077000379562378,1.8077000379562378,115,0.0,0.0
2024-06-17 15:30:00-04:00,1.7899999618530273,1.7899999618530273,1.7799999713897705,1.7799999713897705,450,0.0,0.0
2024-06-18 09:30:00-04:00,1.7699999809265137,1.8049999475479126,1.7699999809265137,1.8049999475479126,1698,0.0,0.0
2024-06-18 10:30:00-04:00,1.8000999689102173,1.809999942779541,1.7999999523162842,1.809999942779541,548,0.0,0.0
2024-06-18 11:30:00-04:00,1.8001999855041504,1.801800012588501,1.7999999523162842,1.7999999523162842,2005,0.0,0.0
2024-06-18 12:30:00-04:00,1.8200000524520874,1.8200000524520874,1.8200000524520874,1.8200000524520874,460,0.0,0.0
2024-06-18 13:30:00-04:00,1.8200000524520874,1.8200000524520874,1.7999999523162842,1.7999999523162842,200,0.0,0.0
2024-06-18 14:30:00-04:00,1.8200000524520874,1.8300000429153442,1.8200000524520874,1.8300000429153442,1273,0.0,0.0
2024-06-18 15:30:00-04:00,1.8200000524520874,1.8200000524520874,1.8200000524520874,1.8200000524520874,100,0.0,0.0
2024-06-20 09:30:00-04:00,1.9700000286102295,1.9700000286102295,1.7899999618530273,1.8300000429153442,7306,0.0,0.0
2024-06-20 10:30:00-04:00,1.940000057220459,1.9500000476837158,1.8799999952316284,1.8799999952316284,3795,0.0,0.0
2024-06-20 11:30:00-04:00,1.8799999952316284,1.8799999952316284,1.8799999952316284,1.8799999952316284,109,0.0,0.0
2024-06-20 13:30:00-04:00,1.9049999713897705,1.9299999475479126,1.8700000047683716,1.899999976158142,858,0.0,0.0
2024-06-20 14:30:00-04:00,1.8600000143051147,1.8600000143051147,1.8600000143051147,1.8600000143051147,209,0.0,0.0
2024-06-20 15:30:00-04:00,1.8655999898910522,1.899999976158142,1.809999942779541,1.899999976158142,1363,0.0,0.0
2024-06-21 09:30:00-04:00,1.8300000429153442,1.8300000429153442,1.7996000051498413,1.7996000051498413,635,0.0,0.0
2024-06-21 11:30:00-04:00,1.8696999549865723,1.8696999549865723,1.801800012588501,1.8350000381469727,3933,0.0,0.0
2024-06-21 14:30:00-04:00,1.850000023841858,1.8700000047683716,1.850000023841858,1.8700000047683716,1010,0.0,0.0
2024-06-21 15:30:00-04:00,1.8700000047683716,1.909999966621399,1.840000033378601,1.8799999952316284,6064,0.0,0.0
2024-06-24 09:30:00-04:00,1.8600000143051147,1.8600000143051147,1.8600000143051147,1.8600000143051147,0,0.0,0.0
2024-06-24 10:30:00-04:00,1.840000033378601,1.840000033378601,1.809999942779541,1.809999942779541,2236,0.0,0.0
2024-06-24 11:30:00-04:00,1.8200000524520874,1.8200000524520874,1.7899999618530273,1.7899999618530273,3105,0.0,0.0
2024-06-24 12:30:00-04:00,1.8101999759674072,1.8101999759674072,1.8101999759674072,1.8101999759674072,376,0.0,0.0
2024-06-24 13:30:00-04:00,1.823099970817566,1.8997999429702759,1.7799999713897705,1.812000036239624,3848,0.0,0.0
2024-06-24 15:30:00-04:00,1.809999942779541,1.809999942779541,1.809999942779541,1.809999942779541,376,0.0,0.0
2024-06-25 09:30:00-04:00,1.7599999904632568,1.8300000429153442,1.75,1.812000036239624,5411,0.0,0.0
2024-06-25 11:30:00-04:00,1.75,1.7799999713897705,1.75,1.7699999809265137,811,0.0,0.0
2024-06-25 12:30:00-04:00,1.7201999425888062,1.7599999904632568,1.7000000476837158,1.7599999904632568,4369,0.0,0.0
2024-06-25 13:30:00-04:00,1.75,1.75,1.7252999544143677,1.7252999544143677,1236,0.0,0.0
2024-06-25 14:30:00-04:00,1.7200000286102295,1.7200000286102295,1.7200000286102295,1.7200000286102295,280,0.0,0.0
2024-06-25 15:30:00-04:00,1.7000000476837158,1.7000000476837158,1.6799999475479126,1.7000000476837158,3107,0.0,0.0
2024-06-26 09:30:00-04:00,1.7100000381469727,1.7599999904632568,1.7100000381469727,1.75,15268,0.0,0.0
2024-06-26 15:30:00-04:00,1.7000000476837158,1.7000000476837158,1.7000000476837158,1.7000000476837158,885,0.0,0.0
2024-06-27 09:30:00-04:00,1.690000057220459,1.690000057220459,1.6311999559402466,1.690000057220459,0,0.0,0.0
2024-06-27 11:30:00-04:00,1.6304999589920044,1.6304999589920044,1.6304999589920044,1.6304999589920044,1607,0.0,0.0
2024-06-27 12:30:00-04:00,1.659999966621399,1.660099983215332,1.6299999952316284,1.6399999856948853,3757,0.0,0.0
2024-06-27 13:30:00-04:00,1.6504000425338745,1.6504000425338745,1.6399999856948853,1.6399999856948853,18281,0.0,0.0
2024-06-27 14:30:00-04:00,1.6449999809265137,1.649999976158142,1.6299999952316284,1.6299999952316284,6070,0.0,0.0
2024-06-27 15:30:00-04:00,1.6399999856948853,1.6399999856948853,1.6399999856948853,1.6399999856948853,131,0.0,0.0
2024-06-28 09:30:00-04:00,1.600000023841858,1.600000023841858,1.5800000429153442,1.590000033378601,18636,0.0,0.0
2024-06-28 10:30:00-04:00,1.5800000429153442,1.6200000047683716,1.5800000429153442,1.6200000047683716,4608,0.0,0.0
2024-06-28 11:30:00-04:00,1.6332000494003296,1.6399999856948853,1.6299999952316284,1.6299999952316284,1000,0.0,0.0
2024-06-28 12:30:00-04:00,1.6399999856948853,1.6401000022888184,1.590000033378601,1.6239999532699585,4535,0.0,0.0
2024-06-28 13:30:00-04:00,1.600000023841858,1.600000023841858,1.600000023841858,1.600000023841858,528,0.0,0.0
2024-06-28 14:30:00-04:00,1.6100000143051147,1.6100000143051147,1.6100000143051147,1.6100000143051147,296,0.0,0.0
2024-06-28 15:30:00-04:00,1.6200000047683716,1.6200000047683716,1.6200000047683716,1.6200000047683716,672,0.0,0.0
2024-07-01 11:30:00-04:00,1.667199969291687,1.6699999570846558,1.6653000116348267,1.6653000116348267,1059,0.0,0.0
2024-07-01 13:30:00-04:00,1.6339999437332153,1.6339999437332153,1.6339999437332153,1.6339999437332153,1061,0.0,0.0
2024-07-01 14:30:00-04:00,1.649999976158142,1.690000057220459,1.649999976158142,1.6608999967575073,4636,0.0,0.0
2024-07-01 15:30:00-04:00,1.6799999475479126,1.6799999475479126,1.649999976158142,1.649999976158142,1431,0.0,0.0
2024-07-02 09:30:00-04:00,1.6419999599456787,1.6419999599456787,1.6419999599456787,1.6419999599456787,670,0.0,0.0
2024-07-02 10:30:00-04:00,1.635699987411499,1.635699987411499,1.635699987411499,1.635699987411499,242,0.0,0.0
2024-07-02 11:30:00-04:00,1.649999976158142,1.649999976158142,1.649999976158142,1.649999976158142,126,0.0,0.0
2024-07-02 12:30:00-04:00,1.659999966621399,1.659999966621399,1.659999966621399,1.659999966621399,188,0.0,0.0
2024-07-02 15:30:00-04:00,1.6399999856948853,1.659999966621399,1.600000023841858,1.600000023841858,1487,0.0,0.0
2024-07-03 09:30:00-04:00,1.5920000076293945,1.659999966621399,1.590000033378601,1.600000023841858,4267,0.0,0.0
2024-07-03 10:30:00-04:00,1.6699999570846558,1.6699999570846558,1.659999966621399,1.659999966621399,1207,0.0,0.0
2024-07-03 12:30:00-04:00,1.6799999475479126,1.6799999475479126,1.6799999475479126,1.6799999475479126,345,0.0,0.0
2024-07-05 09:30:00-04:00,1.659999966621399,1.7598999738693237,1.5700000524520874,1.6920000314712524,0,0.0,0.0
2024-07-05 10:30:00-04:00,1.7200000286102295,1.7525999546051025,1.7200000286102295,1.7400000095367432,753,0.0,0.0
2024-07-05 11:30:00-04:00,1.7400000095367432,1.75,1.7400000095367432,1.75,2091,0.0,0.0
2024-07-05 13:30:00-04:00,1.7300000190734863,1.7300000190734863,1.7300000190734863,1.7300000190734863,412,0.0,0.0
2024-07-05 14:30:00-04:00,1.7202999591827393,1.7202999591827393,1.7202999591827393,1.7202999591827393,248,0.0,0.0
2024-07-08 09:30:00-04:00,1.7100000381469727,1.7301000356674194,1.7100000381469727,1.7300000190734863,1093,0.0,0.0
2024-07-08 10:30:00-04:00,1.7000000476837158,1.7200000286102295,1.7000000476837158,1.7200000286102295,1416,0.0,0.0
2024-07-08 11:30:00-04:00,1.7200000286102295,1.8700000047683716,1.7200000286102295,1.8700000047683716,10687,0.0,0.0
2024-07-08 12:30:00-04:00,1.8250000476837158,1.8799999952316284,1.8250000476837158,1.8799999952316284,1045,0.0,0.0
2024-07-08 13:30:00-04:00,1.9220000505447388,1.9220000505447388,1.9220000505447388,1.9220000505447388,197,0.0,0.0
2024-07-08 14:30:00-04:00,1.7699999809265137,1.7699999809265137,1.7699999809265137,1.7699999809265137,647,0.0,0.0
2024-07-09 09:30:00-04:00,1.7300000190734863,1.7300000190734863,1.7300000190734863,1.7300000190734863,0,0.0,0.0
2024-07-09 10:30:00-04:00,1.7899999618530273,1.7899999618530273,1.7899999618530273,1.7899999618530273,111,0.0,0.0
2024-07-09 11:30:00-04:00,1.805999994277954,1.805999994277954,1.7999999523162842,1.7999999523162842,319,0.0,0.0
2024-07-09 12:30:00-04:00,1.7899999618530273,1.8799999952316284,1.7799999713897705,1.8799999952316284,5550,0.0,0.0
2024-07-09 13:30:00-04:00,1.8898999691009521,1.8898999691009521,1.8898999691009521,1.8898999691009521,259,0.0,0.0
2024-07-10 09:30:00-04:00,1.850000023841858,1.850000023841858,1.850000023841858,1.850000023841858,0,0.0,0.0
2024-07-10 10:30:00-04:00,1.8200000524520874,1.8200000524520874,1.8200000524520874,1.8200000524520874,775,0.0,0.0
2024-07-10 11:30:00-04:00,1.8200000524520874,1.8200000524520874,1.8200000524520874,1.8200000524520874,0,0.0,0.0
2024-07-11 09:30:00-04:00,1.840000033378601,1.840000033378601,1.840000033378601,1.840000033378601,920,0.0,0.0
2024-07-11 11:30:00-04:00,1.8049999475479126,1.8049999475479126,1.8049999475479126,1.8049999475479126,0,0.0,0.0
2024-07-11 12:30:00-04:00,1.809999942779541,1.809999942779541,1.809999942779541,1.809999942779541,1860,0.0,0.0
2024-07-11 13:30:00-04:00,1.7899999618530273,1.7899999618530273,1.7899999618530273,1.7899999618530273,110,0.0,0.0
2024-07-11 14:30:00-04:00,1.7999999523162842,1.7999999523162842,1.7899999618530273,1.7999999523162842,4967,0.0,0.0
2024-07-11 15:30:00-04:00,1.7899999618530273,1.7899999618530273,1.7899999618530273,1.7899999618530273,180,0.0,0.0
2024-07-12 09:30:00-04:00,1.7899999618530273,1.7999999523162842,1.722000002861023,1.7999000549316406,3974,0.0,0.0
2024-07-12 10:30:00-04:00,1.7727999687194824,1.7727999687194824,1.7727999687194824,1.7727999687194824,353,0.0,0.0
2024-07-12 11:30:00-04:00,1.7699999809265137,1.7999999523162842,1.7699999809265137,1.7999999523162842,5018,0.0,0.0
2024-07-12 12:30:00-04:00,1.784999966621399,1.784999966621399,1.784999966621399,1.784999966621399,317,0.0,0.0
2024-07-12 15:30:00-04:00,1.7999999523162842,1.7999999523162842,1.7899999618530273,1.7999999523162842,3399,0.0,0.0
2024-07-15 09:30:00-04:00,1.850000023841858,1.8700000047683716,1.8344000577926636,1.8344000577926636,0,0.0,0.0
2024-07-15 10:30:00-04:00,1.8300000429153442,1.840000033378601,1.8300000429153442,1.840000033378601,0,0.0,0.0
2024-07-15 12:30:00-04:00,1.8819999694824219,1.8819999694824219,1.8819999694824219,1.8819999694824219,3268,0.0,0.0
2024-07-15 13:30:00-04:00,1.8700000047683716,1.8700000047683716,1.8700000047683716,1.8700000047683716,168,0.0,0.0
2024-07-15 15:30:00-04:00,1.875,1.875,1.875,1.875,200,0.0,0.0
2024-07-16 09:30:00-04:00,1.840000033378601,1.840000033378601,1.8250000476837158,1.8250000476837158,0,0.0,0.0
2024-07-16 11:30:00-04:00,1.875,1.875,1.850000023841858,1.850000023841858,965,0.0,0.0
2024-07-16 13:30:00-04:00,1.8600000143051147,1.8600000143051147,1.8600000143051147,1.8600000143051147,538,0.0,0.0
2024-07-16 14:30:00-04:00,1.8600000143051147,1.8600000143051147,1.8600000143051147,1.8600000143051147,1648,0.0,0.0
2024-07-17 09:30:00-04:00,1.809999942779541,1.815000057220459,1.7900999784469604,1.7900999784469604,0,0.0,0.0
2024-07-17 10:30:00-04:00,1.7999999523162842,1.7999999523162842,1.7599999904632568,1.7599999904632568,2104,0.0,0.0
2024-07-17 11:30:00-04:00,1.7899999618530273,1.7899999618530273,1.7899999618530273,1.7899999618530273,565,0.0,0.0
2024-07-17 13:30:00-04:00,1.7049000263214111,1.7259000539779663,1.6299999952316284,1.7259000539779663,4233,0.0,0.0
2024-07-17 14:30:00-04:00,1.75,1.7799999713897705,1.75,1.7799999713897705,1921,0.0,0.0
2024-07-17 15:30:00-04:00,1.7899999618530273,1.7899999618530273,1.7899999618530273,1.7899999618530273,120,0.0,0.0
2024-07-18 14:30:00-04:00,1.7799999713897705,1.7799999713897705,1.7799999713897705,1.7799999713897705,477,0.0,0.0
2024-07-18 15:30:00-04:00,1.781000018119812,1.7999999523162842,1.7400000095367432,1.7400000095367432,0,0.0,0.0
2024-07-19 10:30:00-04:00,1.659999966621399,1.659999966621399,1.6299999952316284,1.6299999952316284,2662,0.0,0.0
2024-07-19 11:30:00-04:00,1.6399999856948853,1.6399999856948853,1.6399999856948853,1.6399999856948853,100,0.0,0.0
2024-07-19 12:30:00-04:00,1.6799999475479126,1.6799999475479126,1.6799999475479126,1.6799999475479126,151,0.0,0.0
2024-07-19 13:30:00-04:00,1.7000000476837158,1.7000000476837158,1.7000000476837158,1.7000000476837158,739,0.0,0.0
2024-07-19 14:30:00-04:00,1.6799999475479126,1.6799999475479126,1.6799999475479126,1.6799999475479126,555,0.0,0.0
2024-07-19 15:30:00-04:00,1.6799999475479126,1.6799999475479126,1.6799999475479126,1.6799999475479126,305,0.0,0.0
2024-07-22 09:30:00-04:00,1.649999976158142,1.6799999475479126,1.649999976158142,1.649999976158142,855,0.0,0.0
2024-07-22 10:30:00-04:00,1.6739000082015991,1.6749999523162842,1.6739000082015991,1.6749999523162842,581,0.0,0.0
2024-07-22 11:30:00-04:00,1.6301000118255615,1.6301000118255615,1.6299999952316284,1.6299999952316284,350,0.0,0.0
2024-07-22 12:30:00-04:00,1.6380000114440918,1.649999976158142,1.6299999952316284,1.6303000450134277,6525,0.0,0.0
2024-07-22 13:30:00-04:00,1.6399999856948853,1.6399999856948853,1.6399999856948853,1.6399999856948853,544,0.0,0.0
2024-07-22 14:30:00-04:00,1.6699999570846558,1.6699999570846558,1.6699999570846558,1.6699999570846558,155,0.0,0.0
2024-07-22 15:30:00-04:00,1.6299999952316284,1.6699999570846558,1.6299999952316284,1.6699999570846558,1019,0.0,0.0
2024-07-23 09:30:00-04:00,1.6799999475479126,1.6799999475479126,1.6799999475479126,1.6799999475479126,1046,0.0,0.0
2024-07-23 10:30:00-04:00,1.649999976158142,1.649999976158142,1.649999976158142,1.649999976158142,475,0.0,0.0
2024-07-23 11:30:00-04:00,1.7798000574111938,1.7798000574111938,1.7300000190734863,1.7300000190734863,959,0.0,0.0
2024-07-23 12:30:00-04:00,1.7010999917984009,1.7010999917984009,1.7010999917984009,1.7010999917984009,501,0.0,0.0
2024-07-23 13:30:00-04:00,1.6829999685287476,1.6829999685287476,1.6829999685287476,1.6829999685287476,0,0.0,0.0
2024-07-24 09:30:00-04:00,1.659999966621399,1.6999000310897827,1.659999966621399,1.6999000310897827,728,0.0,0.0
2024-07-24 11:30:00-04:00,1.690000057220459,1.75,1.690000057220459,1.7300000190734863,12408,0.0,0.0
2024-07-24 12:30:00-04:00,1.7510000467300415,1.7510000467300415,1.7200000286102295,1.7300000190734863,2093,0.0,0.0
2024-07-24 13:30:00-04:00,1.7300000190734863,1.7300000190734863,1.7100000381469727,1.7100000381469727,7115,0.0,0.0
2024-07-24 14:30:00-04:00,1.7100000381469727,1.7100000381469727,1.6799999475479126,1.6799999475479126,893,0.0,0.0
2024-07-24 15:30:00-04:00,1.7100000381469727,1.7529000043869019,1.6799999475479126,1.7400000095367432,699,0.0,0.0
2024-07-25 09:30:00-04:00,1.690000057220459,1.690000057220459,1.690000057220459,1.690000057220459,0,0.0,0.0
2024-07-25 10:30:00-04:00,1.6100000143051147,1.6100000143051147,1.6100000143051147,1.6100000143051147,353,0.0,0.0
2024-07-25 13:30:00-04:00,1.6480000019073486,1.6480000019073486,1.6399999856948853,1.6399999856948853,711,0.0,0.0
2024-07-25 14:30:00-04:00,1.6299999952316284,1.6299999952316284,1.600000023841858,1.6299999952316284,547,0.0,0.0
2024-07-26 11:30:00-04:00,1.6500999927520752,1.6500999927520752,1.6009999513626099,1.649999976158142,3741,0.0,0.0
2024-07-26 15:30:00-04:00,1.600000023841858,1.649999976158142,1.600000023841858,1.649999976158142,756,0.0,0.0
2024-07-29 09:30:00-04:00,1.649999976158142,1.649999976158142,1.625,1.625,0,0.0,0.0
2024-07-29 11:30:00-04:00,1.6496000289916992,1.6496000289916992,1.6200000047683716,1.6349999904632568,0,0.0,0.0
2024-07-29 12:30:00-04:00,1.6100000143051147,1.6100000143051147,1.600000023841858,1.600000023841858,3431,0.0,0.0
2024-07-29 13:30:00-04:00,1.5700000524520874,1.5700000524520874,1.5700000524520874,1.5700000524520874,180,0.0,0.0
2024-07-29 14:30:00-04:00,1.600000023841858,1.600000023841858,1.5700000524520874,1.5700000524520874,469,0.0,0.0
2024-07-29 15:30:00-04:00,1.5950000286102295,1.6399999856948853,1.5950000286102295,1.6399999856948853,0,0.0,0.0
2024-07-30 09:30:00-04:00,1.5700000524520874,1.6050000190734863,1.5700000524520874,1.6050000190734863,525,0.0,0.0
2024-07-30 10:30:00-04:00,1.5800000429153442,1.5800000429153442,1.5800000429153442,1.5800000429153442,0,0.0,0.0
2024-07-30 11:30:00-04:00,1.6399999856948853,1.6399999856948853,1.6399999856948853,1.6399999856948853,846,0.0,0.0
2024-07-30 14:30:00-04:00,1.6200000047683716,1.6299999952316284,1.5800000429153442,1.5800000429153442,0,0.0,0.0
2024-07-31 09:30:00-04:00,1.6399999856948853,1.6399999856948853,1.5901000499725342,1.5901000499725342,6177,0.0,0.0
2024-07-31 10:30:00-04:00,1.5700000524520874,1.5700000524520874,1.559999942779541,1.559999942779541,0,0.0,0.0
2024-07-31 11:30:00-04:00,1.5509999990463257,1.5509999990463257,1.5099999904632568,1.542799949645996,18066,0.0,0.0
2024-07-31 12:30:00-04:00,1.5399999618530273,1.5568000078201294,1.5399999618530273,1.5399999618530273,2085,0.0,0.0
2024-07-31 13:30:00-04:00,1.5499999523162842,1.5599000453948975,1.5399999618530273,1.5399999618530273,2459,0.0,0.0
2024-07-31 14:30:00-04:00,1.5399999618530273,1.549299955368042,1.5399999618530273,1.5399999618530273,2616,0.0,0.0
2024-07-31 15:30:00-04:00,1.5399999618530273,1.5499999523162842,1.5399999618530273,1.5499999523162842,880,0.0,0.0
2024-08-01 09:30:00-04:00,1.5199999809265137,1.5199999809265137,1.5199999809265137,1.5199999809265137,0,0.0,0.0
2024-08-01 10:30:00-04:00,1.5299999713897705,1.5299999713897705,1.5099999904632568,1.5099999904632568,905,0.0,0.0
2024-08-01 11:30:00-04:00,1.5099999904632568,1.5099999904632568,1.4850000143051147,1.4850000143051147,5059,0.0,0.0
2024-08-01 13:30:00-04:00,1.4900000095367432,1.4900000095367432,1.4850000143051147,1.4850000143051147,399,0.0,0.0
2024-08-01 14:30:00-04:00,1.4850000143051147,1.4850000143051147,1.4600000381469727,1.4600000381469727,510,0.0,0.0
2024-08-02 09:30:00-04:00,1.4500000476837158,1.5049999952316284,1.4500000476837158,1.5,0,0.0,0.0
2024-08-02 10:30:00-04:00,1.4500000476837158,1.4500000476837158,1.4500000476837158,1.4500000476837158,366,0.0,0.0
2024-08-02 11:30:00-04:00,1.4766000509262085,1.4766000509262085,1.4766000509262085,1.4766000509262085,293,0.0,0.0
2024-08-02 14:30:00-04:00,1.4697999954223633,1.4697999954223633,1.4697999954223633,1.4697999954223633,128,0.0,0.0
2024-08-05 09:30:00-04:00,1.409999966621399,1.4708000421524048,1.409999966621399,1.4708000421524048,1136,0.0,0.0
2024-08-06 09:30:00-04:00,1.4021999835968018,1.440000057220459,1.4021999835968018,1.440000057220459,0,0.0,0.0
2024-08-06 10:30:00-04:00,1.4199999570846558,1.4199999570846558,1.409999966621399,1.409999966621399,0,0.0,0.0
2024-08-06 11:30:00-04:00,1.4500000476837158,1.4500000476837158,1.4500000476837158,1.4500000476837158,2420,0.0,0.0
2024-08-06 15:30:00-04:00,1.399999976158142,1.399999976158142,1.399999976158142,1.399999976158142,582,0.0,0.0
2024-08-07 09:30:00-04:00,1.350000023841858,1.489400029182434,1.350000023841858,1.489400029182434,1099,0.0,0.0
2024-08-07 11:30:00-04:00,1.4800000190734863,1.4800000190734863,1.4800000190734863,1.4800000190734863,338,0.0,0.0
2024-08-07 13:30:00-04:00,1.409999966621399,1.409999966621399,1.409999966621399,1.409999966621399,210,0.0,0.0
2024-08-08 09:30:00-04:00,1.409999966621399,1.409999966621399,1.409999966621399,1.409999966621399,0,0.0,0.0
2024-08-08 10:30:00-04:00,1.409999966621399,1.409999966621399,1.409999966621399,1.409999966621399,208,0.0,0.0
2024-08-08 12:30:00-04:00,1.409999966621399,1.409999966621399,1.409999966621399,1.409999966621399,454,0.0,0.0
2024-08-08 13:30:00-04:00,1.4399000406265259,1.4399000406265259,1.4399000406265259,1.4399000406265259,506,0.0,0.0
2024-08-08 15:30:00-04:00,1.409999966621399,1.409999966621399,1.409999966621399,1.409999966621399,0,0.0,0.0
2024-08-09 09:30:00-04:00,1.5,1.5003000497817993,1.4299999475479126,1.4299999475479126,0,0.0,0.0
2024-08-09 12:30:00-04:00,1.4299999475479126,1.4938000440597534,1.4299999475479126,1.4938000440597534,2987,0.0,0.0
2024-08-09 14:30:00-04:00,1.4900000095367432,1.4900000095367432,1.4600000381469727,1.4600000381469727,352,0.0,0.0
2024-08-12 09:30:00-04:00,1.5099999904632568,1.5199999809265137,1.4562000036239624,1.5199999809265137,0,0.0,0.0
2024-08-12 10:30:00-04:00,1.4600000381469727,1.5299999713897705,1.4600000381469727,1.4674999713897705,1567,0.0,0.0
2024-08-12 12:30:00-04:00,1.4600000381469727,1.4600000381469727,1.4600000381469727,1.4600000381469727,823,0.0,0.0
2024-08-12 15:30:00-04:00,1.4500000476837158,1.4500000476837158,1.440000057220459,1.4500000476837158,771,0.0,0.0
2024-08-13 09:30:00-04:00,1.440000057220459,1.440000057220459,1.440000057220459,1.440000057220459,0,0.0,0.0
2024-08-13 10:30:00-04:00,1.4850000143051147,1.5198999643325806,1.4850000143051147,1.4850000143051147,1447,0.0,0.0
2024-08-13 11:30:00-04:00,1.4872000217437744,1.4900000095367432,1.4872000217437744,1.4900000095367432,969,0.0,0.0
2024-08-13 13:30:00-04:00,1.4800000190734863,1.4900000095367432,1.4700000286102295,1.4700000286102295,4591,0.0,0.0
2024-08-13 14:30:00-04:00,1.4850000143051147,1.4850000143051147,1.4500000476837158,1.4500000476837158,377,0.0,0.0
2024-08-13 15:30:00-04:00,1.4800000190734863,1.4800000190734863,1.4800000190734863,1.4800000190734863,0,0.0,0.0
2024-08-14 09:30:00-04:00,1.4800000190734863,1.5699000358581543,1.440999984741211,1.5149999856948853,10027,0.0,0.0
2024-08-14 10:30:00-04:00,1.5199999809265137,1.5499999523162842,1.5199999809265137,1.5499999523162842,330,0.0,0.0
2024-08-14 11:30:00-04:00,1.5499999523162842,1.5499999523162842,1.5499999523162842,1.5499999523162842,103,0.0,0.0
2024-08-14 12:30:00-04:00,1.5234999656677246,1.5299999713897705,1.5,1.5,1536,0.0,0.0
2024-08-14 13:30:00-04:00,1.4600000381469727,1.4600000381469727,1.4600000381469727,1.4600000381469727,148,0.0,0.0
2024-08-14 15:30:00-04:00,1.5,1.5099999904632568,1.5,1.5098999738693237,2413,0.0,0.0
2024-08-15 09:30:00-04:00,1.4900000095367432,1.4900000095367432,1.4900000095367432,1.4900000095367432,311,0.0,0.0
2024-08-15 11:30:00-04:00,1.5199999809265137,1.5199999809265137,1.5190000534057617,1.5199999809265137,2859,0.0,0.0
2024-08-15 12:30:00-04:00,1.5363999605178833,1.548799991607666,1.5299999713897705,1.548799991607666,3246,0.0,0.0
2024-08-15 13:30:00-04:00,1.5499999523162842,1.5499999523162842,1.5399999618530273,1.5399999618530273,550,0.0,0.0
2024-08-15 15:30:00-04:00,1.559999942779541,1.559999942779541,1.557800054550171,1.559999942779541,0,0.0,0.0
2024-08-16 09:30:00-04:00,1.5800000429153442,1.5800000429153442,1.5,1.5,4919,0.0,0.0
2024-08-16 10:30:00-04:00,1.4600000381469727,1.4900000095367432,1.4500000476837158,1.4900000095367432,2957,0.0,0.0
2024-08-16 14:30:00-04:00,1.4800000190734863,1.4900000095367432,1.4800000190734863,1.4900000095367432,579,0.0,0.0
2024-08-19 09:30:00-04:00,1.4500000476837158,1.5,1.4500000476837158,1.4900000095367432,4174,0.0,0.0
2024-08-19 12:30:00-04:00,1.4500000476837158,1.4500000476837158,1.4500000476837158,1.4500000476837158,282,0.0,0.0
2024-08-19 13:30:00-04:00,1.4697999954223633,1.4697999954223633,1.4697999954223633,1.4697999954223633,279,0.0,0.0
2024-08-19 14:30:00-04:00,1.4900000095367432,1.4900000095367432,1.4500999450683594,1.4500999450683594,573,0.0,0.0
2024-08-20 09:30:00-04:00,1.4199999570846558,1.4699000120162964,1.4199999570846558,1.4599000215530396,0,0.0,0.0
2024-08-20 10:30:00-04:00,1.4249999523162842,1.4249999523162842,1.4249999523162842,1.4249999523162842,344,0.0,0.0
2024-08-20 11:30:00-04:00,1.4199999570846558,1.4293999671936035,1.4199999570846558,1.4293999671936035,273,0.0,0.0
2024-08-20 12:30:00-04:00,1.4199999570846558,1.4200999736785889,1.4199999570846558,1.4200999736785889,1090,0.0,0.0
2024-08-20 13:30:00-04:00,1.4315999746322632,1.4315999746322632,1.4315999746322632,1.4315999746322632,0,0.0,0.0
2024-08-21 09:30:00-04:00,1.4299999475479126,1.4299999475479126,1.409999966621399,1.409999966621399,7488,0.0,0.0
2024-08-21 10:30:00-04:00,1.409999966621399,1.4199999570846558,1.409999966621399,1.4199999570846558,905,0.0,0.0
2024-08-21 11:30:00-04:00,1.4199999570846558,1.4199999570846558,1.4149999618530273,1.4149999618530273,4381,0.0,0.0
2024-08-21 12:30:00-04:00,1.409999966621399,1.409999966621399,1.409999966621399,1.409999966621399,416,0.0,0.0
2024-08-21 13:30:00-04:00,1.409999966621399,1.409999966621399,1.409999966621399,1.409999966621399,1119,0.0,0.0
2024-08-21 14:30:00-04:00,1.409999966621399,1.4113999605178833,1.409999966621399,1.4112999439239502,907,0.0,0.0
2024-08-21 15:30:00-04:00,1.409999966621399,1.409999966621399,1.409999966621399,1.409999966621399,0,0.0,0.0
2024-08-22 09:30:00-04:00,1.440000057220459,1.4700000286102295,1.399999976158142,1.409999966621399,4140,0.0,0.0
2024-08-22 10:30:00-04:00,1.440000057220459,1.440000057220459,1.25,1.2999999523162842,7145,0.0,0.0
2024-08-22 11:30:00-04:00,1.3109999895095825,1.315000057220459,1.25,1.315000057220459,5858,0.0,0.0
2024-08-22 12:30:00-04:00,1.3450000286102295,1.3450000286102295,1.3200000524520874,1.3200000524520874,417,0.0,0.0
2024-08-22 13:30:00-04:00,1.340000033378601,1.340000033378601,1.340000033378601,1.340000033378601,292,0.0,0.0
2024-08-22 14:30:00-04:00,1.3442000150680542,1.3700000047683716,1.340000033378601,1.340000033378601,2451,0.0,0.0
2024-08-22 15:30:00-04:00,1.3550000190734863,1.3550000190734863,1.340000033378601,1.340000033378601,800,0.0,0.0
2024-08-23 09:30:00-04:00,1.3200000524520874,1.3890999555587769,1.3200000524520874,1.3799999952316284,3229,0.0,0.0
2024-08-23 10:30:00-04:00,1.350000023841858,1.350000023841858,1.3380000591278076,1.3380000591278076,1564,0.0,0.0
2024-08-23 11:30:00-04:00,1.3600000143051147,1.399899959564209,1.3600000143051147,1.399899959564209,7418,0.0,0.0
2024-08-23 12:30:00-04:00,1.3600000143051147,1.3600000143051147,1.340000033378601,1.340000033378601,1848,0.0,0.0
2024-08-23 13:30:00-04:00,1.3698999881744385,1.3698999881744385,1.3698999881744385,1.3698999881744385,382,0.0,0.0
2024-08-23 14:30:00-04:00,1.3509999513626099,1.3509999513626099,1.3401000499725342,1.3401000499725342,1452,0.0,0.0
2024-08-26 09:30:00-04:00,1.3519999980926514,1.3519999980926514,1.3519999980926514,1.3519999980926514,645,0.0,0.0
2024-08-26 10:30:00-04:00,1.350000023841858,1.3849999904632568,1.350000023841858,1.3799999952316284,3450,0.0,0.0
2024-08-26 11:30:00-04:00,1.3650000095367432,1.3798999786376953,1.350000023841858,1.350000023841858,7811,0.0,0.0
2024-08-26 12:30:00-04:00,1.3700000047683716,1.3798999786376953,1.3700000047683716,1.3798999786376953,1102,0.0,0.0
2024-08-26 13:30:00-04:00,1.3602999448776245,1.3700000047683716,1.340000033378601,1.340000033378601,2190,0.0,0.0
2024-08-26 15:30:00-04:00,1.3700000047683716,1.3799999952316284,1.3600000143051147,1.3799999952316284,0,0.0,0.0
2024-08-27 09:30:00-04:00,1.3799999952316284,1.3799999952316284,1.3600000143051147,1.3798999786376953,3453,0.0,0.0
2024-08-27 10:30:00-04:00,1.350000023841858,1.367400050163269,1.3330999612808228,1.367400050163269,0,0.0,0.0
2024-08-27 12:30:00-04:00,1.3798999786376953,1.3798999786376953,1.3798999786376953,1.3798999786376953,6758,0.0,0.0
2024-08-28 09:30:00-04:00,1.3300000429153442,1.3300000429153442,1.3200000524520874,1.3200000524520874,0,0.0,0.0
2024-08-28 10:30:00-04:00,1.3600000143051147,1.3600000143051147,1.3600000143051147,1.3600000143051147,717,0.0,0.0
2024-08-28 12:30:00-04:00,1.350000023841858,1.350000023841858,1.3200000524520874,1.3200000524520874,1251,0.0,0.0
2024-08-28 13:30:00-04:00,1.3200000524520874,1.3200000524520874,1.3032000064849854,1.3032000064849854,10037,0.0,0.0
2024-08-28 14:30:00-04:00,1.2799999713897705,1.2799999713897705,1.2799999713897705,1.2799999713897705,0,0.0,0.0
2024-08-29 09:30:00-04:00,1.2000000476837158,1.319100022315979,1.2000000476837158,1.2799999713897705,7878,0.0,0.0
2024-08-29 10:30:00-04:00,1.350000023841858,1.350000023841858,1.350000023841858,1.350000023841858,1013,0.0,0.0
2024-08-29 11:30:00-04:00,1.2899999618530273,1.2899999618530273,1.2899999618530273,1.2899999618530273,592,0.0,0.0
2024-08-29 12:30:00-04:00,1.309999942779541,1.3300000429153442,1.2899999618530273,1.2899999618530273,1779,0.0,0.0
2024-08-29 13:30:00-04:00,1.2899999618530273,1.2899999618530273,1.2899999618530273,1.2899999618530273,2367,0.0,0.0
2024-08-29 14:30:00-04:00,1.2710000276565552,1.2710000276565552,1.2699999809265137,1.2699999809265137,1255,0.0,0.0
2024-08-29 15:30:00-04:00,1.2799999713897705,1.2799999713897705,1.2799999713897705,1.2799999713897705,294,0.0,0.0
2024-08-30 09:30:00-04:00,1.2899999618530273,1.2999999523162842,1.2799999713897705,1.2899999618530273,3697,0.0,0.0
2024-08-30 10:30:00-04:00,1.2699999809265137,1.2699999809265137,1.2699999809265137,1.2699999809265137,208,0.0,0.0
2024-08-30 12:30:00-04:00,1.2699999809265137,1.2699999809265137,1.2699999809265137,1.2699999809265137,853,0.0,0.0
2024-08-30 13:30:00-04:00,1.2599999904632568,1.2699999809265137,1.2599999904632568,1.2687000036239624,3723,0.0,0.0
2024-08-30 14:30:00-04:00,1.2699999809265137,1.2699999809265137,1.2699999809265137,1.2699999809265137,286,0.0,0.0
2024-08-30 15:30:00-04:00,1.2699999809265137,1.309999942779541,1.2699999809265137,1.2699999809265137,3989,0.0,0.0
2024-09-03 09:30:00-04:00,1.2999999523162842,1.3200000524520874,1.2949999570846558,1.2949999570846558,1973,0.0,0.0
2024-09-03 10:30:00-04:00,1.2799999713897705,1.2799999713897705,1.2799999713897705,1.2799999713897705,0,0.0,0.0
2024-09-03 11:30:00-04:00,1.2999999523162842,1.2999999523162842,1.2999999523162842,1.2999999523162842,2267,0.0,0.0
2024-09-03 13:30:00-04:00,1.2799999713897705,1.2799999713897705,1.2799999713897705,1.2799999713897705,299,0.0,0.0
2024-09-03 15:30:00-04:00,1.309999942779541,1.309999942779541,1.2949999570846558,1.2949999570846558,0,0.0,0.0
2024-09-04 09:30:00-04:00,1.25,1.25,1.2300000190734863,1.25,4189,0.0,0.0
2024-09-04 10:30:00-04:00,1.25,1.2999999523162842,1.2400000095367432,1.2899999618530273,9925,0.0,0.0
2024-09-04 11:30:00-04:00,1.270300030708313,1.270300030708313,1.270300030708313,1.270300030708313,9001,0.0,0.0
2024-09-04 12:30:00-04:00,1.274999976158142,1.2899999618530273,1.26010000705719,1.2899999618530273,2344,0.0,0.0
2024-09-04 13:30:00-04:00,1.2599999904632568,1.2999999523162842,1.2599999904632568,1.2699999809265137,916,0.0,0.0
2024-09-04 15:30:00-04:00,1.2799999713897705,1.2999999523162842,1.2699999809265137,1.2699999809265137,2435,0.0,0.0
2024-09-05 09:30:00-04:00,1.2999999523162842,1.2999999523162842,1.2300000190734863,1.2300000190734863,6870,0.0,0.0
2024-09-05 10:30:00-04:00,1.2400000095367432,1.2417999505996704,1.2400000095367432,1.2417999505996704,1155,0.0,0.0
2024-09-05 11:30:00-04:00,1.2400000095367432,1.2450000047683716,1.2400000095367432,1.2400000095367432,1777,0.0,0.0
2024-09-05 12:30:00-04:00,1.2400000095367432,1.2400000095367432,1.2400000095367432,1.2400000095367432,1335,0.0,0.0
2024-09-05 13:30:00-04:00,1.2350000143051147,1.2350000143051147,1.2350000143051147,1.2350000143051147,163,0.0,0.0
2024-09-05 14:30:00-04:00,1.2400000095367432,1.2400000095367432,1.2300000190734863,1.2300000190734863,499,0.0,0.0
2024-09-05 15:30:00-04:00,1.2300000190734863,1.2300000190734863,1.2300000190734863,1.2300000190734863,1024,0.0,0.0
2024-09-06 09:30:00-04:00,1.2000000476837158,1.2092000246047974,1.1900999546051025,1.2000000476837158,1902,0.0,0.0
2024-09-06 10:30:00-04:00,1.2000000476837158,1.2000000476837158,1.1950000524520874,1.1950000524520874,22040,0.0,0.0
2024-09-06 11:30:00-04:00,1.1993000507354736,1.2000000476837158,1.1900999546051025,1.1900999546051025,4641,0.0,0.0
2024-09-06 12:30:00-04:00,1.1950000524520874,1.2000000476837158,1.190000057220459,1.2000000476837158,5485,0.0,0.0
2024-09-06 13:30:00-04:00,1.190000057220459,1.190000057220459,1.0499999523162842,1.070099949836731,24847,0.0,0.0
2024-09-06 14:30:00-04:00,1.0399999618530273,1.0399999618530273,0.8651000261306763,0.9962999820709229,26314,0.0,0.0
2024-09-06 15:30:00-04:00,1.0199999809265137,1.090000033378601,1.0199999809265137,1.090000033378601,17551,0.0,0.0
2024-09-09 09:30:00-04:00,1.2000000476837158,1.2000000476837158,1.1207000017166138,1.1399999856948853,0,0.0,0.0
2024-09-09 10:30:00-04:00,1.1399999856948853,1.1435470581054688,1.1299999952316284,1.1398999691009521,7433,0.0,0.0
2024-09-09 12:30:00-04:00,1.100000023841858,1.100000023841858,1.0700000524520874,1.0700000524520874,6698,0.0,0.0
2024-09-09 13:30:00-04:00,1.0800000429153442,1.0800000429153442,1.0800000429153442,1.0800000429153442,1001,0.0,0.0
2024-09-09 14:30:00-04:00,1.0800000429153442,1.0850000381469727,1.059999942779541,1.059999942779541,2095,0.0,0.0
2024-09-09 15:30:00-04:00,1.0299999713897705,1.0299999713897705,1.0299999713897705,1.0299999713897705,567,0.0,0.0
2024-09-10 09:30:00-04:00,1.0099999904632568,1.0099999904632568,0.9921000003814697,1.0,2682,0.0,0.0
2024-09-10 10:30:00-04:00,0.9800999760627747,0.9898999929428101,0.9610000252723694,0.9898999929428101,27008,0.0,0.0
2024-09-10 11:30:00-04:00,0.9900000095367432,0.9900000095367432,0.9900000095367432,0.9900000095367432,460,0.0,0.0
2024-09-10 13:30:00-04:00,0.9850000143051147,0.9900000095367432,0.9850000143051147,0.9900000095367432,3722,0.0,0.0
2024-09-10 14:30:00-04:00,0.9900000095367432,1.0,0.9851999878883362,0.9851999878883362,22120,0.0,0.0
2024-09-10 15:30:00-04:00,1.0,1.0,0.9998999834060669,1.0,3867,0.0,0.0
2024-09-11 09:30:00-04:00,1.0,1.0,0.9800000190734863,0.9800000190734863,0,0.0,0.0
2024-09-11 10:30:00-04:00,0.9800000190734863,1.0,0.9800000190734863,0.9800000190734863,6294,0.0,0.0
2024-09-11 11:30:00-04:00,0.9799000024795532,0.9799000024795532,0.9799000024795532,0.9799000024795532,201,0.0,0.0
2024-09-11 13:30:00-04:00,0.9900000095367432,0.9900000095367432,0.9900000095367432,0.9900000095367432,3330,0.0,0.0
2024-09-11 14:30:00-04:00,0.9610999822616577,1.0199999809265137,0.9610999822616577,1.0199999809265137,4905,0.0,0.0
2024-09-11 15:30:00-04:00,1.0199999809265137,1.0499999523162842,1.0199999809265137,1.0499999523162842,0,0.0,0.0
2024-09-12 09:30:00-04:00,1.0099999904632568,1.090000033378601,1.0099999904632568,1.090000033378601,4077,0.0,0.0
2024-09-12 12:30:00-04:00,1.0700000524520874,1.090000033378601,1.0700000524520874,1.090000033378601,4949,0.0,0.0
2024-09-12 13:30:00-04:00,1.1399999856948853,1.2020000219345093,1.1399999856948853,1.2000000476837158,6128,0.0,0.0
2024-09-12 14:30:00-04:00,1.1950000524520874,1.2200000286102295,1.160099983215332,1.2200000286102295,1584,0.0,0.0
2024-09-12 15:30:00-04:00,1.1699999570846558,1.2100000381469727,1.1699999570846558,1.1800999641418457,7668,0.0,0.0
2024-09-13 09:30:00-04:00,1.1610000133514404,1.2099000215530396,1.159999966621399,1.190000057220459,13099,0.0,0.0
2024-09-13 10:30:00-04:00,1.2000000476837158,1.2000000476837158,1.159999966621399,1.1699999570846558,1605,0.0,0.0
2024-09-13 11:30:00-04:00,1.1699999570846558,1.2100000381469727,1.1699999570846558,1.2100000381469727,1115,0.0,0.0
2024-09-13 13:30:00-04:00,1.190000057220459,1.2200000286102295,1.190000057220459,1.2200000286102295,3084,0.0,0.0
2024-09-13 14:30:00-04:00,1.215000033378601,1.215000033378601,1.180999994277954,1.180999994277954,5568,0.0,0.0
2024-09-13 15:30:00-04:00,1.2200000286102295,1.2200000286102295,1.2200000286102295,1.2200000286102295,1069,0.0,0.0
2024-09-16 09:30:00-04:00,1.190000057220459,1.190000057220459,1.190000057220459,1.190000057220459,390,0.0,0.0
2024-09-16 12:30:00-04:00,1.1799999475479126,1.1799999475479126,1.1799999475479126,1.1799999475479126,328,0.0,0.0
2024-09-16 13:30:00-04:00,1.1799999475479126,1.1799999475479126,1.1799999475479126,1.1799999475479126,759,0.0,0.0
2024-09-16 15:30:00-04:00,1.190000057220459,1.2000000476837158,1.190000057220459,1.1950000524520874,0,0.0,0.0
2024-09-17 12:30:00-04:00,1.2300000190734863,1.2999999523162842,1.2300000190734863,1.2699999809265137,2816,0.0,0.0
2024-09-17 13:30:00-04:00,1.2508000135421753,1.2599999904632568,1.25,1.25,730,0.0,0.0
2024-09-17 14:30:00-04:00,1.2512999773025513,1.2512999773025513,1.25,1.25,656,0.0,0.0
2024-09-17 15:30:00-04:00,1.2489999532699585,1.2698999643325806,1.2489999532699585,1.2698999643325806,1081,0.0,0.0
2024-09-18 09:30:00-04:00,1.2666000127792358,1.2666000127792358,1.2545000314712524,1.2545000314712524,0,0.0,0.0
2024-09-18 11:30:00-04:00,1.2100000381469727,1.225000023841858,1.2000000476837158,1.2200000286102295,4789,0.0,0.0
2024-09-18 12:30:00-04:00,1.190000057220459,1.190000057220459,1.190000057220459,1.190000057220459,1570,0.0,0.0
2024-09-18 14:30:00-04:00,1.2100000381469727,1.2100000381469727,1.2100000381469727,1.2100000381469727,1063,0.0,0.0
2024-09-18 15:30:00-04:00,1.190000057220459,1.2000000476837158,1.1200000047683716,1.2000000476837158,22978,0.0,0.0
2024-09-19 09:30:00-04:00,1.2100000381469727,1.2799999713897705,1.2100000381469727,1.2799999713897705,3028,0.0,0.0
2024-09-19 10:30:00-04:00,1.2699999809265137,1.2699999809265137,1.2699999809265137,1.2699999809265137,703,0.0,0.0
2024-09-19 11:30:00-04:00,1.25,1.25,1.2200000286102295,1.2350000143051147,2958,0.0,0.0
2024-09-19 12:30:00-04:00,1.2400000095367432,1.25,1.2400000095367432,1.2400000095367432,3510,0.0,0.0
2024-09-19 13:30:00-04:00,1.2649999856948853,1.2999999523162842,1.2649999856948853,1.2999999523162842,7434,0.0,0.0
2024-09-19 15:30:00-04:00,1.2699999809265137,1.2899999618530273,1.2699999809265137,1.2899999618530273,0,0.0,0.0
2024-09-20 09:30:00-04:00,1.2799999713897705,1.4500000476837158,1.2100000381469727,1.4199999570846558,10876,0.0,0.0
2024-09-20 10:30:00-04:00,1.4299999475479126,1.4299999475479126,1.3000999689102173,1.340000033378601,5282,0.0,0.0
2024-09-20 15:30:00-04:00,1.3600000143051147,1.3600000143051147,1.3600000143051147,1.3600000143051147,0,0.0,0.0
2024-09-23 09:30:00-04:00,1.440000057220459,1.5,1.399999976158142,1.4800000190734863,8317,0.0,0.0
2024-09-23 10:30:00-04:00,1.4600000381469727,1.4600000381469727,1.4600000381469727,1.4600000381469727,589,0.0,0.0
2024-09-23 11:30:00-04:00,1.4764000177383423,1.4764000177383423,1.4764000177383423,1.4764000177383423,445,0.0,0.0
2024-09-23 12:30:00-04:00,1.4520000219345093,1.4600000381469727,1.4500000476837158,1.4500000476837158,1785,0.0,0.0
2024-09-23 13:30:00-04:00,1.440000057220459,1.4550000429153442,1.440000057220459,1.4550000429153442,1682,0.0,0.0
2024-09-23 14:30:00-04:00,1.440000057220459,1.440000057220459,1.3899999856948853,1.3899999856948853,0,0.0,0.0
2024-09-24 09:30:00-04:00,1.5,1.5019999742507935,1.4437999725341797,1.4437999725341797,3789,0.0,0.0
2024-09-24 10:30:00-04:00,1.409999966621399,1.4500000476837158,1.409999966621399,1.4500000476837158,296,0.0,0.0
2024-09-24 11:30:00-04:00,1.4450000524520874,1.4450000524520874,1.399999976158142,1.399999976158142,2852,0.0,0.0
2024-09-24 13:30:00-04:00,1.4199999570846558,1.4292000532150269,1.4199999570846558,1.4292000532150269,430,0.0,0.0
2024-09-24 14:30:00-04:00,1.409999966621399,1.409999966621399,1.350000023841858,1.409999966621399,2702,0.0,0.0
2024-09-24 15:30:00-04:00,1.3890140056610107,1.3890140056610107,1.375,1.375,1123,0.0,0.0
2024-09-25 09:30:00-04:00,1.3300000429153442,1.3300000429153442,1.2999999523162842,1.3300000429153442,1383,0.0,0.0
2024-09-25 10:30:00-04:00,1.350000023841858,1.3600000143051147,1.350000023841858,1.3550000190734863,1799,0.0,0.0
2024-09-25 14:30:00-04:00,1.340000033378601,1.340000033378601,1.3300000429153442,1.340000033378601,4184,0.0,0.0
2024-09-25 15:30:00-04:00,1.3300000429153442,1.340000033378601,1.3300000429153442,1.340000033378601,0,0.0,0.0
2024-09-26 09:30:00-04:00,1.3700000047683716,1.600000023841858,1.3700000047683716,1.5499999523162842,41366,0.0,0.0
2024-09-26 10:30:00-04:00,1.5499999523162842,1.600000023841858,1.5,1.5,11497,0.0,0.0
2024-09-26 11:30:00-04:00,1.559999942779541,1.590000033378601,1.559999942779541,1.5750000476837158,727,0.0,0.0
2024-09-26 12:30:00-04:00,1.5700000524520874,1.5700000524520874,1.5700000524520874,1.5700000524520874,370,0.0,0.0
2024-09-26 13:30:00-04:00,1.5369000434875488,1.5499999523162842,1.5299999713897705,1.5499999523162842,7231,0.0,0.0
2024-09-26 14:30:00-04:00,1.5499999523162842,1.5499999523162842,1.524999976158142,1.5455000400543213,9015,0.0,0.0
2024-09-26 15:30:00-04:00,1.5499999523162842,1.5499999523162842,1.5299999713897705,1.5299999713897705,3937,0.0,0.0
2024-09-27 09:30:00-04:00,1.649999976158142,2.0199999809265137,1.6396000385284424,1.7899999618530273,369523,0.0,0.0
2024-09-27 10:30:00-04:00,1.784999966621399,1.8600000143051147,1.7699999809265137,1.840000033378601,44210,0.0,0.0
2024-09-27 11:30:00-04:00,1.8587000370025635,1.90910005569458,1.8171000480651855,1.8949999809265137,54050,0.0,0.0
2024-09-27 12:30:00-04:00,1.899899959564209,2.0299999713897705,1.8899999856948853,2.0299999713897705,80099,0.0,0.0
2024-09-27 13:30:00-04:00,2.0299999713897705,2.0299999713897705,1.7999999523162842,1.9059590101242065,62580,0.0,0.0
2024-09-27 14:30:00-04:00,1.9299999475479126,1.9700000286102295,1.9199999570846558,1.9550000429153442,11789,0.0,0.0
2024-09-27 15:30:00-04:00,1.9600000381469727,2.0355000495910645,1.9299999475479126,1.9700000286102295,22533,0.0,0.0
