Datetime,Open,High,Low,Close,Volume,Dividends,Stock Splits
2023-09-11 09:30:00-04:00,3.6500000953674316,3.9999001026153564,3.5999999046325684,3.6700000762939453,0,0.0,0.0
2023-09-11 10:30:00-04:00,3.549999952316284,3.549999952316284,3.2200000286102295,3.3499999046325684,31627,0.0,0.0
2023-09-11 11:30:00-04:00,3.373300075531006,3.4200000762939453,3.3499999046325684,3.369999885559082,5952,0.0,0.0
2023-09-11 12:30:00-04:00,3.390000104904175,3.4156999588012695,3.3499999046325684,3.3499999046325684,8550,0.0,0.0
2023-09-11 13:30:00-04:00,3.380000114440918,3.4000000953674316,3.3499999046325684,3.359999895095825,7754,0.0,0.0
2023-09-11 14:30:00-04:00,3.3499999046325684,3.450000047683716,3.3499999046325684,3.380000114440918,8001,0.0,0.0
2023-09-11 15:30:00-04:00,3.380000114440918,3.399899959564209,3.3499999046325684,3.3499999046325684,0,0.0,0.0
2023-09-12 09:30:00-04:00,3.119999885559082,3.149899959564209,2.9200000762939453,2.9300999641418457,72798,0.0,0.0
2023-09-12 10:30:00-04:00,2.940000057220459,2.992300033569336,2.900700092315674,2.924999952316284,26567,0.0,0.0
2023-09-12 11:30:00-04:00,2.9100000858306885,2.9100000858306885,2.8399999141693115,2.8399999141693115,11997,0.0,0.0
2023-09-12 12:30:00-04:00,2.8749001026153564,2.950000047683716,2.710099935531616,2.809999942779541,57880,0.0,0.0
2023-09-12 13:30:00-04:00,2.7950000762939453,2.8099000453948975,2.7100000381469727,2.740000009536743,34740,0.0,0.0
2023-09-12 14:30:00-04:00,2.740000009536743,2.7599000930786133,2.7100000381469727,2.740000009536743,23623,0.0,0.0
2023-09-12 15:30:00-04:00,2.7300000190734863,2.759999990463257,2.7149999141693115,2.740000009536743,0,0.0,0.0
2023-09-13 09:30:00-04:00,2.75,2.7500998973846436,2.609999895095825,2.625200033187866,27954,0.0,0.0
2023-09-13 10:30:00-04:00,2.619999885559082,2.6700000762939453,2.490000009536743,2.609999895095825,23608,0.0,0.0
2023-09-13 11:30:00-04:00,2.609999895095825,2.6465001106262207,2.5299999713897705,2.569999933242798,3962,0.0,0.0
2023-09-13 12:30:00-04:00,2.549999952316284,2.609999895095825,2.549999952316284,2.609999895095825,1898,0.0,0.0
2023-09-13 13:30:00-04:00,2.609999895095825,2.619999885559082,2.5899999141693115,2.5899999141693115,1185,0.0,0.0
2023-09-13 14:30:00-04:00,2.609999895095825,2.6600000858306885,2.60479998588562,2.6549999713897705,7388,0.0,0.0
2023-09-13 15:30:00-04:00,2.6500000953674316,2.6600000858306885,2.609999895095825,2.630000114440918,0,0.0,0.0
2023-09-14 09:30:00-04:00,2.619999885559082,2.6612000465393066,2.5999999046325684,2.609999895095825,5938,0.0,0.0
2023-09-14 10:30:00-04:00,2.7302000522613525,2.7302000522613525,2.609999895095825,2.6600000858306885,3292,0.0,0.0
2023-09-14 11:30:00-04:00,2.7049999237060547,2.7049999237060547,2.6500000953674316,2.6500000953674316,5438,0.0,0.0
2023-09-14 12:30:00-04:00,2.73009991645813,3.0,2.6500000953674316,2.809999942779541,11920,0.0,0.0
2023-09-14 13:30:00-04:00,2.8499999046325684,2.8499999046325684,2.680000066757202,2.7799999713897705,3298,0.0,0.0
2023-09-14 14:30:00-04:00,2.8399999141693115,2.8399999141693115,2.759999990463257,2.799999952316284,1028,0.0,0.0
2023-09-14 15:30:00-04:00,2.75,2.8399999141693115,2.75,2.8399999141693115,2948,0.0,0.0
2023-09-15 09:30:00-04:00,2.8299999237060547,2.882200002670288,2.759999990463257,2.8299999237060547,3491,0.0,0.0
2023-09-15 10:30:00-04:00,2.767699956893921,2.869999885559082,2.767699956893921,2.7899999618530273,1486,0.0,0.0
2023-09-15 11:30:00-04:00,2.869999885559082,2.869999885559082,2.7699999809265137,2.7699999809265137,7662,0.0,0.0
2023-09-15 12:30:00-04:00,2.7699999809265137,2.7699999809265137,2.6500000953674316,2.7160000801086426,26811,0.0,0.0
2023-09-15 13:30:00-04:00,2.690000057220459,2.799999952316284,2.6500000953674316,2.6600000858306885,25457,0.0,0.0
2023-09-15 14:30:00-04:00,2.6600000858306885,2.7300000190734863,2.6500000953674316,2.7100000381469727,22072,0.0,0.0
2023-09-15 15:30:00-04:00,2.6700000762939453,2.7200000286102295,2.6700000762939453,2.680000066757202,6331,0.0,0.0
2023-09-18 09:30:00-04:00,2.890000104904175,2.890000104904175,2.6500000953674316,2.6500000953674316,19604,0.0,0.0
2023-09-18 10:30:00-04:00,2.6500000953674316,2.7200000286102295,2.5799999237060547,2.630000114440918,22005,0.0,0.0
2023-09-18 11:30:00-04:00,2.649899959564209,2.649899959564209,2.5199999809265137,2.559999942779541,22383,0.0,0.0
2023-09-18 12:30:00-04:00,2.5899999141693115,2.630000114440918,2.511399984359741,2.5499000549316406,7960,0.0,0.0
2023-09-18 13:30:00-04:00,2.549999952316284,2.549999952316284,2.490000009536743,2.490000009536743,7700,0.0,0.0
2023-09-18 14:30:00-04:00,2.494999885559082,2.515000104904175,2.494999885559082,2.5,2945,0.0,0.0
2023-09-18 15:30:00-04:00,2.515000104904175,2.515000104904175,2.440000057220459,2.4700000286102295,14586,0.0,0.0
2023-09-19 09:30:00-04:00,2.4100000858306885,2.430000066757202,2.359999895095825,2.384000062942505,4046,0.0,0.0
2023-09-19 10:30:00-04:00,2.446000099182129,2.450000047683716,2.3801000118255615,2.4000000953674316,4461,0.0,0.0
2023-09-19 11:30:00-04:00,2.4200000762939453,2.446500062942505,2.2699999809265137,2.380000114440918,20879,0.0,0.0
2023-09-19 12:30:00-04:00,2.309999942779541,2.369999885559082,2.309999942779541,2.3299999237060547,2412,0.0,0.0
2023-09-19 13:30:00-04:00,2.3299999237060547,2.3589000701904297,2.319999933242798,2.3589000701904297,1855,0.0,0.0
2023-09-19 14:30:00-04:00,2.359999895095825,2.359999895095825,2.259999990463257,2.3299999237060547,3055,0.0,0.0
2023-09-19 15:30:00-04:00,2.319999933242798,2.3499999046325684,2.25,2.25,0,0.0,0.0
2023-09-20 09:30:00-04:00,2.3499999046325684,2.3626999855041504,2.2100000381469727,2.2100000381469727,6631,0.0,0.0
2023-09-20 10:30:00-04:00,2.243499994277954,2.243499994277954,2.0299999713897705,2.1700000762939453,45421,0.0,0.0
2023-09-20 11:30:00-04:00,2.180000066757202,2.559999942779541,2.180000066757202,2.549999952316284,45412,0.0,0.0
2023-09-20 12:30:00-04:00,2.450000047683716,2.450000047683716,2.309999942779541,2.309999942779541,10601,0.0,0.0
2023-09-20 13:30:00-04:00,2.309999942779541,2.390000104904175,2.3076999187469482,2.319999933242798,4563,0.0,0.0
2023-09-20 14:30:00-04:00,2.319999933242798,2.3499999046325684,2.2599000930786133,2.305000066757202,18138,0.0,0.0
2023-09-20 15:30:00-04:00,2.2300000190734863,2.259999990463257,2.2300000190734863,2.25,0,0.0,0.0
2023-09-21 09:30:00-04:00,2.200000047683716,2.2799999713897705,2.110100030899048,2.200000047683716,6193,0.0,0.0
2023-09-21 10:30:00-04:00,2.150099992752075,2.200000047683716,2.1500000953674316,2.1600000858306885,1425,0.0,0.0
2023-09-21 11:30:00-04:00,2.1500000953674316,2.1798999309539795,2.130000114440918,2.140000104904175,3812,0.0,0.0
2023-09-21 12:30:00-04:00,2.174999952316284,2.174999952316284,2.140000104904175,2.140000104904175,1669,0.0,0.0
2023-09-21 13:30:00-04:00,2.140000104904175,2.1700000762939453,2.140000104904175,2.1500000953674316,7854,0.0,0.0
2023-09-21 14:30:00-04:00,2.130000114440918,2.1698999404907227,2.130000114440918,2.140000104904175,2613,0.0,0.0
2023-09-21 15:30:00-04:00,2.1640000343322754,2.1700000762939453,2.109999895095825,2.109999895095825,11253,0.0,0.0
2023-09-22 09:30:00-04:00,2.119999885559082,2.1500000953674316,2.109999895095825,2.109999895095825,1890,0.0,0.0
2023-09-22 10:30:00-04:00,2.0999999046325684,2.1194000244140625,2.059999942779541,2.109999895095825,4182,0.0,0.0
2023-09-22 11:30:00-04:00,2.0999999046325684,2.0999999046325684,2.0299999713897705,2.075000047683716,3093,0.0,0.0
2023-09-22 12:30:00-04:00,2.049999952316284,2.049999952316284,1.899999976158142,1.965000033378601,27348,0.0,0.0
2023-09-22 13:30:00-04:00,1.965000033378601,2.1500000953674316,1.9600000381469727,2.119999885559082,28717,0.0,0.0
2023-09-22 14:30:00-04:00,2.119999885559082,2.119999885559082,2.0299999713897705,2.050100088119507,7816,0.0,0.0
2023-09-22 15:30:00-04:00,2.050100088119507,2.0799999237060547,2.0199999809265137,2.049999952316284,10216,0.0,0.0
2023-09-25 09:30:00-04:00,2.130000114440918,2.329400062561035,2.119999885559082,2.160099983215332,32352,0.0,0.0
2023-09-25 10:30:00-04:00,2.2200000286102295,2.2219998836517334,2.2200000286102295,2.2219998836517334,732,0.0,0.0
2023-09-25 11:30:00-04:00,2.285799980163574,2.285799980163574,2.0899999141693115,2.119999885559082,2817,0.0,0.0
2023-09-25 12:30:00-04:00,2.134999990463257,2.134999990463257,2.069999933242798,2.071000099182129,13964,0.0,0.0
2023-09-25 13:30:00-04:00,2.0799999237060547,2.0799999237060547,2.069999933242798,2.069999933242798,3511,0.0,0.0
2023-09-25 14:30:00-04:00,2.0701000690460205,2.075000047683716,2.069999933242798,2.0703001022338867,2046,0.0,0.0
2023-09-25 15:30:00-04:00,2.070199966430664,2.0799999237060547,2.069999933242798,2.069999933242798,2985,0.0,0.0
2023-09-26 09:30:00-04:00,2.009999990463257,2.069999933242798,2.0,2.0,3486,0.0,0.0
2023-09-26 10:30:00-04:00,2.038599967956543,2.0399999618530273,1.9900000095367432,2.032399892807007,2401,0.0,0.0
2023-09-26 11:30:00-04:00,1.982699990272522,1.982699990272522,1.7699999809265137,1.9599000215530396,35565,0.0,0.0
2023-09-26 12:30:00-04:00,1.9500000476837158,2.059999942779541,1.9399000406265259,2.03410005569458,17070,0.0,0.0
2023-09-26 13:30:00-04:00,2.0399999618530273,2.0399999618530273,1.9499000310897827,1.9917999505996704,7061,0.0,0.0
2023-09-26 14:30:00-04:00,1.9600000381469727,1.9900000095367432,1.9299999475479126,1.9800000190734863,7614,0.0,0.0
2023-09-26 15:30:00-04:00,2.0000998973846436,2.0000998973846436,1.8899999856948853,1.909999966621399,7701,0.0,0.0
2023-09-27 09:30:00-04:00,1.8899999856948853,1.909999966621399,1.7999999523162842,1.8600000143051147,59655,0.0,0.0
2023-09-27 10:30:00-04:00,1.8200000524520874,1.8799999952316284,1.7699999809265137,1.850000023841858,7585,0.0,0.0
2023-09-27 11:30:00-04:00,1.850000023841858,1.850000023841858,1.7899999618530273,1.7999999523162842,3582,0.0,0.0
2023-09-27 12:30:00-04:00,1.7699999809265137,1.899899959564209,1.7699999809265137,1.8983999490737915,20589,0.0,0.0
2023-09-27 13:30:00-04:00,1.899999976158142,2.059999942779541,1.899999976158142,2.0,49509,0.0,0.0
2023-09-27 14:30:00-04:00,2.0,2.0000998973846436,1.9900000095367432,1.9904999732971191,6640,0.0,0.0
2023-09-27 15:30:00-04:00,2.0,2.0,1.9900000095367432,2.0,7031,0.0,0.0
2023-09-28 09:30:00-04:00,2.1600000858306885,2.1600000858306885,1.9500000476837158,2.0,6290,0.0,0.0
2023-09-28 10:30:00-04:00,1.9900000095367432,2.0,1.9800000190734863,1.9800000190734863,1968,0.0,0.0
2023-09-28 11:30:00-04:00,2.0,2.0,1.9500000476837158,1.9500000476837158,9393,0.0,0.0
2023-09-28 12:30:00-04:00,1.9896999597549438,1.9896999597549438,1.940000057220459,1.940000057220459,2242,0.0,0.0
2023-09-28 13:30:00-04:00,1.940000057220459,1.940000057220459,1.909999966621399,1.9249999523162842,2321,0.0,0.0
2023-09-28 14:30:00-04:00,1.940000057220459,2.0,1.940000057220459,1.9900000095367432,8670,0.0,0.0
2023-09-28 15:30:00-04:00,1.9700000286102295,2.0,1.9700000286102295,2.0,1028,0.0,0.0
2023-09-29 09:30:00-04:00,2.0199999809265137,2.0799999237060547,1.9500000476837158,1.9500000476837158,6070,0.0,0.0
2023-09-29 10:30:00-04:00,1.9299999475479126,1.9700000286102295,1.9199999570846558,1.9199999570846558,1119,0.0,0.0
2023-09-29 11:30:00-04:00,1.9299999475479126,1.9299999475479126,1.9299999475479126,1.9299999475479126,677,0.0,0.0
2023-09-29 12:30:00-04:00,1.940000057220459,1.9736000299453735,1.9199999570846558,1.9736000299453735,8293,0.0,0.0
2023-09-29 13:30:00-04:00,1.9700000286102295,1.9700000286102295,1.9299999475479126,1.9299999475479126,956,0.0,0.0
2023-09-29 14:30:00-04:00,1.9199999570846558,1.9500000476837158,1.9199999570846558,1.9199999570846558,1896,0.0,0.0
2023-09-29 15:30:00-04:00,1.9199999570846558,1.9700000286102295,1.9199999570846558,1.9700000286102295,2107,0.0,0.0
2023-10-02 09:30:00-04:00,1.909999966621399,1.9900000095367432,1.899999976158142,1.9800000190734863,2058,0.0,0.0
2023-10-02 10:30:00-04:00,1.940000057220459,1.9900000095367432,1.899999976158142,1.9299999475479126,1338,0.0,0.0
2023-10-02 11:30:00-04:00,1.9299999475479126,1.9500000476837158,1.9249999523162842,1.940000057220459,1469,0.0,0.0
2023-10-02 12:30:00-04:00,1.9299999475479126,1.934999942779541,1.8791999816894531,1.8791999816894531,6380,0.0,0.0
2023-10-02 13:30:00-04:00,1.8600000143051147,1.8799999952316284,1.8600000143051147,1.8600000143051147,773,0.0,0.0
2023-10-02 14:30:00-04:00,1.899999976158142,1.909999966621399,1.899999976158142,1.899999976158142,492,0.0,0.0
2023-10-02 15:30:00-04:00,1.902500033378601,1.9299999475479126,1.850000023841858,1.909999966621399,21162,0.0,0.0
2023-10-03 09:30:00-04:00,1.8799999952316284,1.9407999515533447,1.8799999952316284,1.9129999876022339,3685,0.0,0.0
2023-10-03 10:30:00-04:00,1.8600000143051147,1.8700000047683716,1.809999942779541,1.850000023841858,9574,0.0,0.0
2023-10-03 11:30:00-04:00,1.8650000095367432,1.8650000095367432,1.809999942779541,1.809999942779541,7215,0.0,0.0
2023-10-03 12:30:00-04:00,1.7999999523162842,1.8600000143051147,1.7999999523162842,1.8200000524520874,1578,0.0,0.0
2023-10-03 13:30:00-04:00,1.8200000524520874,1.8200000524520874,1.7699999809265137,1.7699999809265137,2412,0.0,0.0
2023-10-03 14:30:00-04:00,1.7899999618530273,1.7999999523162842,1.7799999713897705,1.7999999523162842,1515,0.0,0.0
2023-10-03 15:30:00-04:00,1.7999999523162842,1.809999942779541,1.7899999618530273,1.809999942779541,9397,0.0,0.0
2023-10-04 09:30:00-04:00,1.7699999809265137,1.7999999523162842,1.7699999809265137,1.7949999570846558,14356,0.0,0.0
2023-10-04 10:30:00-04:00,1.7899999618530273,1.7999999523162842,1.7799999713897705,1.7799999713897705,3651,0.0,0.0
2023-10-04 11:30:00-04:00,1.7799999713897705,1.7999000549316406,1.7699999809265137,1.7899999618530273,1759,0.0,0.0
2023-10-04 12:30:00-04:00,1.7799999713897705,1.7899999618530273,1.7699999809265137,1.784999966621399,52133,0.0,0.0
2023-10-04 13:30:00-04:00,1.7998000383377075,1.7998000383377075,1.7901999950408936,1.7949999570846558,1803,0.0,0.0
2023-10-04 14:30:00-04:00,1.7949999570846558,1.7999999523162842,1.7899999618530273,1.7999000549316406,12680,0.0,0.0
2023-10-04 15:30:00-04:00,1.7949999570846558,1.7999999523162842,1.7699999809265137,1.7799999713897705,1000,0.0,0.0
2023-10-05 09:30:00-04:00,1.7799999713897705,1.7999999523162842,1.7699999809265137,1.7799999713897705,6840,0.0,0.0
2023-10-05 10:30:00-04:00,1.7999999523162842,1.809999942779541,1.7899999618530273,1.7999999523162842,1665,0.0,0.0
2023-10-05 11:30:00-04:00,1.809999942779541,1.8200000524520874,1.7300000190734863,1.7400000095367432,6080,0.0,0.0
2023-10-05 12:30:00-04:00,1.7300000190734863,1.8899999856948853,1.7300000190734863,1.7999999523162842,4641,0.0,0.0
2023-10-05 13:30:00-04:00,1.840000033378601,1.8600000143051147,1.7599999904632568,1.7599999904632568,3971,0.0,0.0
2023-10-05 14:30:00-04:00,1.7599999904632568,1.885699987411499,1.7599999904632568,1.7599999904632568,1885,0.0,0.0
2023-10-05 15:30:00-04:00,1.7699999809265137,1.8300000429153442,1.7699999809265137,1.7999999523162842,2324,0.0,0.0
2023-10-06 09:30:00-04:00,1.9355000257492065,1.999899983406067,1.7899999618530273,1.7899999618530273,1200,0.0,0.0
2023-10-06 11:30:00-04:00,1.7999999523162842,1.7999999523162842,1.7999999523162842,1.7999999523162842,1172,0.0,0.0
2023-10-06 12:30:00-04:00,1.820099949836731,1.820099949836731,1.7999999523162842,1.8200000524520874,6140,0.0,0.0
2023-10-06 13:30:00-04:00,1.8209999799728394,1.8300000429153442,1.7999999523162842,1.7999999523162842,11306,0.0,0.0
2023-10-06 14:30:00-04:00,1.7999999523162842,1.9098999500274658,1.784999966621399,1.8899999856948853,28897,0.0,0.0
2023-10-06 15:30:00-04:00,1.8701000213623047,1.8701000213623047,1.8600000143051147,1.8600000143051147,2741,0.0,0.0
2023-10-09 09:30:00-04:00,1.899999976158142,1.899999976158142,1.899999976158142,1.899999976158142,317,0.0,0.0
2023-10-09 11:30:00-04:00,1.8676999807357788,1.8799999952316284,1.8200000524520874,1.840000033378601,5423,0.0,0.0
2023-10-09 12:30:00-04:00,1.847100019454956,1.847100019454956,1.847100019454956,1.847100019454956,147,0.0,0.0
2023-10-09 13:30:00-04:00,1.850000023841858,1.8700000047683716,1.850000023841858,1.8700000047683716,5309,0.0,0.0
2023-10-09 14:30:00-04:00,1.840000033378601,1.8898999691009521,1.840000033378601,1.8898999691009521,5521,0.0,0.0
2023-10-10 09:30:00-04:00,1.8700000047683716,1.8700000047683716,1.75,1.8200000524520874,5290,0.0,0.0
2023-10-10 10:30:00-04:00,1.7799999713897705,1.909999966621399,1.7799999713897705,1.899999976158142,9113,0.0,0.0
2023-10-10 11:30:00-04:00,1.840000033378601,1.899999976158142,1.809999942779541,1.8799999952316284,5920,0.0,0.0
2023-10-10 12:30:00-04:00,1.850000023841858,1.8700000047683716,1.850000023841858,1.8700000047683716,569,0.0,0.0
2023-10-10 13:30:00-04:00,1.8899999856948853,1.899999976158142,1.809999942779541,1.8700000047683716,2824,0.0,0.0
2023-10-10 14:30:00-04:00,1.8250000476837158,1.899999976158142,1.809999942779541,1.8600000143051147,3449,0.0,0.0
2023-10-10 15:30:00-04:00,1.8799999952316284,1.8799999952316284,1.7999999523162842,1.7999999523162842,1213,0.0,0.0
2023-10-11 10:30:00-04:00,1.8799999952316284,1.8799999952316284,1.8799999952316284,1.8799999952316284,875,0.0,0.0
2023-10-11 11:30:00-04:00,1.8284000158309937,1.8898999691009521,1.75,1.8898999691009521,18194,0.0,0.0
2023-10-11 12:30:00-04:00,1.8200000524520874,1.899999976158142,1.8200000524520874,1.8600000143051147,6481,0.0,0.0
2023-10-11 13:30:00-04:00,1.8899999856948853,1.940000057220459,1.8899999856948853,1.940000057220459,3687,0.0,0.0
2023-10-11 14:30:00-04:00,1.909999966621399,1.909999966621399,1.909999966621399,1.909999966621399,1121,0.0,0.0
2023-10-11 15:30:00-04:00,1.940000057220459,2.0,1.940000057220459,1.940000057220459,5076,0.0,0.0
2023-10-12 11:30:00-04:00,1.9119999408721924,2.190000057220459,1.8799999952316284,2.109999895095825,36593,0.0,0.0
2023-10-12 12:30:00-04:00,2.109999895095825,2.180000066757202,2.069999933242798,2.1600000858306885,4108,0.0,0.0
2023-10-12 13:30:00-04:00,2.1700000762939453,2.2100000381469727,2.119999885559082,2.1500000953674316,6454,0.0,0.0
2023-10-12 14:30:00-04:00,2.194999933242798,2.2100000381469727,2.1600000858306885,2.1600000858306885,6019,0.0,0.0
2023-10-12 15:30:00-04:00,2.160099983215332,2.200000047683716,2.140000104904175,2.1700000762939453,0,0.0,0.0
2023-10-13 09:30:00-04:00,2.299999952316284,2.3399999141693115,2.25,2.299999952316284,15103,0.0,0.0
2023-10-13 10:30:00-04:00,2.2699999809265137,2.2899999618530273,2.200000047683716,2.25,3299,0.0,0.0
2023-10-13 11:30:00-04:00,2.259999990463257,2.259999990463257,2.2300000190734863,2.25,3563,0.0,0.0
2023-10-13 12:30:00-04:00,2.25,2.2500998973846436,2.2300000190734863,2.2300000190734863,1514,0.0,0.0
2023-10-13 13:30:00-04:00,2.2300000190734863,2.25,2.109999895095825,2.140000104904175,4105,0.0,0.0
2023-10-13 14:30:00-04:00,2.1500000953674316,2.1600000858306885,2.140000104904175,2.1500000953674316,2275,0.0,0.0
2023-10-13 15:30:00-04:00,2.1500000953674316,2.200000047683716,2.1500000953674316,2.1998000144958496,3320,0.0,0.0
2023-10-16 09:30:00-04:00,2.0899999141693115,2.0899999141693115,2.0899999141693115,2.0899999141693115,218,0.0,0.0
2023-10-16 10:30:00-04:00,2.069999933242798,2.119999885559082,1.9700000286102295,2.119999885559082,10701,0.0,0.0
2023-10-16 11:30:00-04:00,2.0999999046325684,2.1700000762939453,2.049999952316284,2.049999952316284,15588,0.0,0.0
2023-10-16 12:30:00-04:00,2.0899999141693115,2.0899999141693115,2.0799999237060547,2.0799999237060547,373,0.0,0.0
2023-10-16 13:30:00-04:00,2.119999885559082,2.1700000762939453,2.0799999237060547,2.1500000953674316,3108,0.0,0.0
2023-10-16 14:30:00-04:00,2.1500000953674316,2.1500000953674316,2.109999895095825,2.109999895095825,1729,0.0,0.0
2023-10-17 09:30:00-04:00,2.0399999618530273,2.200000047683716,2.0399999618530273,2.180000066757202,1358,0.0,0.0
2023-10-17 10:30:00-04:00,2.180000066757202,2.200000047683716,2.180000066757202,2.200000047683716,869,0.0,0.0
2023-10-17 12:30:00-04:00,2.1900999546051025,2.25,2.1900999546051025,2.2300000190734863,9045,0.0,0.0
2023-10-17 13:30:00-04:00,2.2300000190734863,2.369999885559082,2.2300000190734863,2.369999885559082,37040,0.0,0.0
2023-10-17 14:30:00-04:00,2.369999885559082,2.450000047683716,2.2799999713897705,2.4200000762939453,23016,0.0,0.0
2023-10-17 15:30:00-04:00,2.449899911880493,2.630000114440918,2.4000000953674316,2.5799999237060547,38404,0.0,0.0
2023-10-18 09:30:00-04:00,2.5899999141693115,2.940000057220459,2.5899999141693115,2.9000000953674316,70811,0.0,0.0
2023-10-18 10:30:00-04:00,2.9000000953674316,2.9100000858306885,2.7799999713897705,2.819999933242798,32741,0.0,0.0
2023-10-18 11:30:00-04:00,2.8499999046325684,2.8499999046325684,2.799999952316284,2.819999933242798,5896,0.0,0.0
2023-10-18 12:30:00-04:00,2.8034000396728516,2.8499999046325684,2.7300000190734863,2.7750000953674316,7483,0.0,0.0
2023-10-18 13:30:00-04:00,2.759999990463257,2.759999990463257,2.7200000286102295,2.7300000190734863,4409,0.0,0.0
2023-10-18 14:30:00-04:00,2.75,2.75,2.7200000286102295,2.75,1488,0.0,0.0
2023-10-18 15:30:00-04:00,2.75,2.799999952316284,2.6700000762939453,2.6700000762939453,43368,0.0,0.0
2023-10-19 09:30:00-04:00,2.700000047683716,3.559999942779541,2.700000047683716,3.109100103378296,313880,0.0,0.0
2023-10-19 10:30:00-04:00,3.0799999237060547,3.109999895095825,2.7850000858306885,2.9200000762939453,189981,0.0,0.0
2023-10-19 11:30:00-04:00,2.9200000762939453,2.969899892807007,2.75,2.8601999282836914,76463,0.0,0.0
2023-10-19 12:30:00-04:00,2.8661999702453613,2.869999885559082,2.759999990463257,2.799999952316284,35886,0.0,0.0
2023-10-19 13:30:00-04:00,2.7300000190734863,2.799999952316284,2.7300000190734863,2.7899999618530273,35916,0.0,0.0
2023-10-19 14:30:00-04:00,2.7799999713897705,2.799999952316284,2.771699905395508,2.799999952316284,8651,0.0,0.0
2023-10-19 15:30:00-04:00,2.7799999713897705,2.7899999618530273,2.2100000381469727,2.2100000381469727,41000,0.0,0.0
2023-10-20 09:30:00-04:00,2.509999990463257,2.700000047683716,2.369999885559082,2.440000057220459,123255,0.0,0.0
2023-10-20 10:30:00-04:00,2.430000066757202,2.5,2.390000104904175,2.430000066757202,41302,0.0,0.0
2023-10-20 11:30:00-04:00,2.4200000762939453,2.434799909591675,2.25,2.434799909591675,103865,0.0,0.0
2023-10-20 12:30:00-04:00,2.3499999046325684,2.3499999046325684,2.240000009536743,2.2699999809265137,75183,0.0,0.0
2023-10-20 13:30:00-04:00,2.2699999809265137,2.3399999141693115,2.240000009536743,2.299999952316284,17965,0.0,0.0
2023-10-20 14:30:00-04:00,2.2799999713897705,2.2799999713897705,2.130000114440918,2.184999942779541,12293,0.0,0.0
2023-10-20 15:30:00-04:00,2.184999942779541,2.200000047683716,2.0199999809265137,2.190000057220459,15222,0.0,0.0
2023-10-23 09:30:00-04:00,2.1500000953674316,2.9100000858306885,2.1500000953674316,2.640000104904175,118700,0.0,0.0
2023-10-23 10:30:00-04:00,2.630000114440918,2.940000057220459,2.350100040435791,2.7799999713897705,228273,0.0,0.0
2023-10-23 11:30:00-04:00,2.7699999809265137,2.792799949645996,2.4000000953674316,2.609999895095825,180072,0.0,0.0
2023-10-23 12:30:00-04:00,2.559999942779541,2.630000114440918,2.440000057220459,2.5,122504,0.0,0.0
2023-10-23 13:30:00-04:00,2.5,2.7100000381469727,2.4800000190734863,2.700000047683716,76965,0.0,0.0
2023-10-23 14:30:00-04:00,2.6600000858306885,2.740000009536743,2.640000104904175,2.700000047683716,16947,0.0,0.0
2023-10-23 15:30:00-04:00,2.7049999237060547,2.7100000381469727,2.559999942779541,2.6500000953674316,21730,0.0,0.0
2023-10-24 09:30:00-04:00,2.630000114440918,3.0899999141693115,2.380000114440918,2.75,110850,0.0,0.0
2023-10-24 10:30:00-04:00,2.759999990463257,3.2899999618530273,2.759999990463257,3.059999942779541,106177,0.0,0.0
2023-10-24 11:30:00-04:00,3.059999942779541,3.099299907684326,2.9100000858306885,2.9100000858306885,13785,0.0,0.0
2023-10-24 12:30:00-04:00,2.930000066757202,2.9800000190734863,2.9200000762939453,2.9800000190734863,2302,0.0,0.0
2023-10-24 13:30:00-04:00,2.9800000190734863,2.990000009536743,2.890000104904175,2.990000009536743,12680,0.0,0.0
2023-10-24 14:30:00-04:00,2.990000009536743,3.2300000190734863,2.990000009536743,3.2300000190734863,44197,0.0,0.0
2023-10-24 15:30:00-04:00,3.2188000679016113,3.2200000286102295,3.0399999618530273,3.0399999618530273,0,0.0,0.0
2023-10-25 09:30:00-04:00,3.309999942779541,3.680000066757202,3.1600000858306885,3.3239998817443848,212902,0.0,0.0
2023-10-25 10:30:00-04:00,3.299999952316284,3.5199999809265137,3.240000009536743,3.359999895095825,147235,0.0,0.0
2023-10-25 11:30:00-04:00,3.369999885559082,3.5,3.299999952316284,3.440000057220459,48057,0.0,0.0
2023-10-25 12:30:00-04:00,3.4600000381469727,3.5,3.200000047683716,3.2899999618530273,113050,0.0,0.0
2023-10-25 13:30:00-04:00,3.2899999618530273,3.2899999618530273,3.111999988555908,3.259999990463257,37347,0.0,0.0
2023-10-25 14:30:00-04:00,3.259999990463257,3.440000057220459,3.25,3.3299999237060547,20266,0.0,0.0
2023-10-25 15:30:00-04:00,3.380000114440918,3.380000114440918,3.059999942779541,3.059999942779541,65800,0.0,0.0
2023-10-26 09:30:00-04:00,3.2100000381469727,3.450000047683716,3.0299999713897705,3.2200000286102295,139228,0.0,0.0
2023-10-26 10:30:00-04:00,3.2300000190734863,3.265000104904175,3.0299999713897705,3.0899999141693115,87818,0.0,0.0
2023-10-26 11:30:00-04:00,3.0799999237060547,3.119999885559082,3.069999933242798,3.109999895095825,4436,0.0,0.0
2023-10-26 12:30:00-04:00,3.119999885559082,3.1926000118255615,3.119999885559082,3.1600000858306885,1015,0.0,0.0
2023-10-26 13:30:00-04:00,3.140000104904175,3.240000009536743,3.090100049972534,3.109999895095825,23933,0.0,0.0
2023-10-26 14:30:00-04:00,3.119999885559082,3.3399999141693115,3.119999885559082,3.319999933242798,49781,0.0,0.0
2023-10-26 15:30:00-04:00,3.2799999713897705,3.319999933242798,3.0899999141693115,3.0998001098632812,68373,0.0,0.0
2023-10-27 09:30:00-04:00,3.1700000762939453,3.440000057220459,3.1700000762939453,3.3578999042510986,116842,0.0,0.0
2023-10-27 10:30:00-04:00,3.3299999237060547,3.4000000953674316,3.2699999809265137,3.369999885559082,27431,0.0,0.0
2023-10-27 11:30:00-04:00,3.390000104904175,3.4000000953674316,3.200000047683716,3.2799999713897705,103351,0.0,0.0
2023-10-27 12:30:00-04:00,3.2699999809265137,3.299999952316284,3.059999942779541,3.0899999141693115,156748,0.0,0.0
2023-10-27 13:30:00-04:00,3.109999895095825,3.1898999214172363,3.0999999046325684,3.1898999214172363,11657,0.0,0.0
2023-10-27 14:30:00-04:00,3.119999885559082,3.1898999214172363,3.0799999237060547,3.1798999309539795,19207,0.0,0.0
2023-10-27 15:30:00-04:00,3.180000066757202,3.190000057220459,3.059999942779541,3.0899999141693115,82900,0.0,0.0
2023-10-30 09:30:00-04:00,3.0999999046325684,3.390000104904175,3.0999999046325684,3.2300000190734863,82684,0.0,0.0
2023-10-30 10:30:00-04:00,3.2249999046325684,3.2799999713897705,3.0899999141693115,3.2100000381469727,58832,0.0,0.0
2023-10-30 11:30:00-04:00,3.2100000381469727,3.2899999618530273,3.1500000953674316,3.255000114440918,35291,0.0,0.0
2023-10-30 12:30:00-04:00,3.2300000190734863,3.2799999713897705,3.0299999713897705,3.109999895095825,133198,0.0,0.0
2023-10-30 13:30:00-04:00,3.119999885559082,3.200000047683716,3.109999895095825,3.1600000858306885,6763,0.0,0.0
2023-10-30 14:30:00-04:00,3.1700000762939453,3.190000057220459,3.140000104904175,3.1700000762939453,10344,0.0,0.0
2023-10-30 15:30:00-04:00,3.1700000762939453,3.180000066757202,3.0399999618530273,3.0399999618530273,63457,0.0,0.0
2023-10-31 09:30:00-04:00,3.119999885559082,3.279900074005127,3.0799999237060547,3.1500000953674316,12922,0.0,0.0
2023-10-31 10:30:00-04:00,3.180000066757202,3.2799999713897705,3.109999895095825,3.1905999183654785,30814,0.0,0.0
2023-10-31 11:30:00-04:00,3.190000057220459,3.2499001026153564,3.049999952316284,3.1698999404907227,69243,0.0,0.0
2023-10-31 12:30:00-04:00,3.145699977874756,3.200000047683716,3.119999885559082,3.180000066757202,6300,0.0,0.0
2023-10-31 13:30:00-04:00,3.190000057220459,3.199899911880493,3.1500000953674316,3.1600000858306885,3357,0.0,0.0
2023-10-31 14:30:00-04:00,3.1500000953674316,3.180000066757202,3.119999885559082,3.1600000858306885,4689,0.0,0.0
2023-10-31 15:30:00-04:00,3.1600000858306885,3.190000057220459,3.0999999046325684,3.0999999046325684,72052,0.0,0.0
2023-11-01 09:30:00-04:00,3.1700000762939453,3.2699999809265137,3.0899999141693115,3.130000114440918,78506,0.0,0.0
2023-11-01 10:30:00-04:00,3.130000114440918,3.200000047683716,3.109999895095825,3.130000114440918,8237,0.0,0.0
2023-11-01 11:30:00-04:00,3.130000114440918,3.1600000858306885,3.069999933242798,3.0999999046325684,27319,0.0,0.0
2023-11-01 12:30:00-04:00,3.0999999046325684,3.140000104904175,3.0999999046325684,3.109999895095825,2343,0.0,0.0
2023-11-01 13:30:00-04:00,3.130000114440918,3.1449999809265137,3.0,3.0999999046325684,21025,0.0,0.0
2023-11-01 14:30:00-04:00,3.109999895095825,3.140000104904175,3.0899999141693115,3.109999895095825,13945,0.0,0.0
2023-11-01 15:30:00-04:00,3.109999895095825,3.130000114440918,3.0399999618530273,3.1003000736236572,86964,0.0,0.0
2023-11-02 09:30:00-04:00,3.180000066757202,3.609999895095825,3.1500000953674316,3.2699999809265137,274599,0.0,0.0
2023-11-02 10:30:00-04:00,3.2699999809265137,3.2799999713897705,3.0899999141693115,3.1700000762939453,74444,0.0,0.0
2023-11-02 11:30:00-04:00,3.1600000858306885,3.2300000190734863,3.130000114440918,3.1500000953674316,11880,0.0,0.0
2023-11-02 12:30:00-04:00,3.1700000762939453,3.2100000381469727,3.119999885559082,3.1600000858306885,36535,0.0,0.0
2023-11-02 13:30:00-04:00,3.1500000953674316,3.2100000381469727,3.0999999046325684,3.1500000953674316,36785,0.0,0.0
2023-11-02 14:30:00-04:00,3.1500000953674316,3.180000066757202,3.1500000953674316,3.1500000953674316,1843,0.0,0.0
2023-11-02 15:30:00-04:00,3.180000066757202,3.2100000381469727,3.0399999618530273,3.059999942779541,111184,0.0,0.0
2023-11-03 09:30:00-04:00,3.0999999046325684,3.2799999713897705,3.0399999618530273,3.0799999237060547,86323,0.0,0.0
2023-11-03 10:30:00-04:00,3.0899999141693115,3.0999999046325684,2.880000114440918,2.9052999019622803,108381,0.0,0.0
2023-11-03 11:30:00-04:00,2.924999952316284,2.924999952316284,2.7279999256134033,2.7899999618530273,25969,0.0,0.0
2023-11-03 12:30:00-04:00,2.7899999618530273,2.9000000953674316,2.7899999618530273,2.9000000953674316,14876,0.0,0.0
2023-11-03 13:30:00-04:00,2.880000114440918,2.940000057220459,2.8299999237060547,2.899899959564209,30237,0.0,0.0
2023-11-03 14:30:00-04:00,2.890000104904175,2.9100000858306885,2.7950000762939453,2.8399999141693115,35489,0.0,0.0
2023-11-03 15:30:00-04:00,2.8299999237060547,2.859999895095825,2.75,2.7799999713897705,61286,0.0,0.0
2023-11-06 09:30:00-05:00,2.819999933242798,3.0899999141693115,2.700000047683716,2.7200000286102295,65444,0.0,0.0
2023-11-06 10:30:00-05:00,2.7149999141693115,2.719899892807007,2.6500000953674316,2.690000057220459,12433,0.0,0.0
2023-11-06 11:30:00-05:00,2.6700000762939453,2.6700000762939453,2.509999990463257,2.5801000595092773,19768,0.0,0.0
2023-11-06 12:30:00-05:00,2.559999942779541,2.5799999237060547,2.549999952316284,2.5706000328063965,8138,0.0,0.0
2023-11-06 13:30:00-05:00,2.568000078201294,2.579900026321411,2.509999990463257,2.5199999809265137,7297,0.0,0.0
2023-11-06 14:30:00-05:00,2.515000104904175,2.5999999046325684,2.509999990463257,2.5999999046325684,7008,0.0,0.0
2023-11-06 15:30:00-05:00,2.5799999237060547,2.6600000858306885,2.509999990463257,2.5199999809265137,53479,0.0,0.0
2023-11-07 09:30:00-05:00,2.509999990463257,2.5100998878479004,2.4600000381469727,2.5100998878479004,2951,0.0,0.0
2023-11-07 10:30:00-05:00,2.56850004196167,2.56850004196167,2.5299999713897705,2.5299999713897705,4069,0.0,0.0
2023-11-07 11:30:00-05:00,2.5469000339508057,2.569999933242798,2.5453999042510986,2.569999933242798,2345,0.0,0.0
2023-11-07 12:30:00-05:00,2.5838000774383545,2.5838000774383545,2.5838000774383545,2.5838000774383545,607,0.0,0.0
2023-11-07 13:30:00-05:00,2.559999942779541,2.559999942779541,2.559999942779541,2.559999942779541,1315,0.0,0.0
2023-11-07 14:30:00-05:00,2.5450000762939453,2.549999952316284,2.5199999809265137,2.549999952316284,6163,0.0,0.0
2023-11-07 15:30:00-05:00,2.559999942779541,2.559999942779541,2.5299999713897705,2.5299999713897705,2430,0.0,0.0
2023-11-08 09:30:00-05:00,2.5,2.575000047683716,2.5,2.5299999713897705,3705,0.0,0.0
2023-11-08 10:30:00-05:00,2.4934000968933105,2.4934000968933105,2.4000000953674316,2.4000000953674316,7707,0.0,0.0
2023-11-08 11:30:00-05:00,2.430000066757202,2.5199999809265137,2.430000066757202,2.509999990463257,4817,0.0,0.0
2023-11-08 12:30:00-05:00,2.509999990463257,2.509999990463257,2.5,2.5,299,0.0,0.0
2023-11-08 13:30:00-05:00,2.4800000190734863,2.5344998836517334,2.4800000190734863,2.525399923324585,1110,0.0,0.0
2023-11-08 14:30:00-05:00,2.5199999809265137,2.549999952316284,2.5,2.5,1443,0.0,0.0
2023-11-08 15:30:00-05:00,2.5355000495910645,2.5355000495910645,2.440000057220459,2.440000057220459,14915,0.0,0.0
2023-11-09 09:30:00-05:00,2.4600000381469727,2.4600000381469727,2.390000104904175,2.390000104904175,3253,0.0,0.0
2023-11-09 11:30:00-05:00,2.375,2.427999973297119,2.369999885559082,2.4100000858306885,9344,0.0,0.0
2023-11-09 12:30:00-05:00,2.4049999713897705,2.4049999713897705,2.3499999046325684,2.3499999046325684,2660,0.0,0.0
2023-11-09 13:30:00-05:00,2.372999906539917,2.5411999225616455,2.309999942779541,2.509999990463257,62696,0.0,0.0
2023-11-09 14:30:00-05:00,2.4800000190734863,2.4800000190734863,2.4000000953674316,2.4100000858306885,10629,0.0,0.0
2023-11-09 15:30:00-05:00,2.4200000762939453,2.430000066757202,2.390000104904175,2.4000000953674316,8130,0.0,0.0
2023-11-10 09:30:00-05:00,2.3243000507354736,2.4860000610351562,2.309999942779541,2.309999942779541,5622,0.0,0.0
2023-11-10 10:30:00-05:00,2.380000114440918,2.380000114440918,2.309999942779541,2.309999942779541,2891,0.0,0.0
2023-11-10 11:30:00-05:00,2.309999942779541,2.3480000495910645,2.309999942779541,2.319999933242798,6751,0.0,0.0
2023-11-10 12:30:00-05:00,2.309999942779541,2.3299999237060547,2.309999942779541,2.319999933242798,5704,0.0,0.0
2023-11-10 13:30:00-05:00,2.309999942779541,2.309999942779541,2.309999942779541,2.309999942779541,953,0.0,0.0
2023-11-10 14:30:00-05:00,2.309999942779541,2.3399999141693115,2.309999942779541,2.309999942779541,1723,0.0,0.0
2023-11-10 15:30:00-05:00,2.335200071334839,2.390000104904175,2.309999942779541,2.3499999046325684,5838,0.0,0.0
2023-11-13 09:30:00-05:00,2.2899999618530273,2.4100000858306885,2.0801000595092773,2.3299999237060547,6138,0.0,0.0
2023-11-13 10:30:00-05:00,2.319999933242798,2.319999933242798,2.2699999809265137,2.271399974822998,1536,0.0,0.0
2023-11-13 11:30:00-05:00,2.3499999046325684,2.3499999046325684,2.3499999046325684,2.3499999046325684,213,0.0,0.0
2023-11-13 12:30:00-05:00,2.309999942779541,2.3399999141693115,2.309999942779541,2.3399999141693115,314,0.0,0.0
2023-11-13 13:30:00-05:00,2.319999933242798,2.3499999046325684,2.2799999713897705,2.3299999237060547,6405,0.0,0.0
2023-11-13 14:30:00-05:00,2.319999933242798,2.3399999141693115,2.309999942779541,2.3299999237060547,7698,0.0,0.0
2023-11-13 15:30:00-05:00,2.3457000255584717,2.3499999046325684,2.319999933242798,2.3399999141693115,12677,0.0,0.0
2023-11-14 09:30:00-05:00,2.640000104904175,2.9999001026153564,2.4200000762939453,2.490000009536743,141024,0.0,0.0
2023-11-14 10:30:00-05:00,2.5,2.559999942779541,2.450000047683716,2.450000047683716,6413,0.0,0.0
2023-11-14 11:30:00-05:00,2.509999990463257,2.5183000564575195,2.390000104904175,2.4400999546051025,29561,0.0,0.0
2023-11-14 12:30:00-05:00,2.4100000858306885,2.440000057220459,2.400099992752075,2.40310001373291,8403,0.0,0.0
2023-11-14 13:30:00-05:00,2.4000000953674316,2.4000000953674316,2.4000000953674316,2.4000000953674316,301,0.0,0.0
2023-11-14 14:30:00-05:00,2.430000066757202,2.4981000423431396,2.25,2.25,66302,0.0,0.0
2023-11-14 15:30:00-05:00,2.259999990463257,2.2950000762939453,2.25,2.2750000953674316,9737,0.0,0.0
2023-11-15 09:30:00-05:00,2.180000066757202,2.299999952316284,2.180000066757202,2.299999952316284,2303,0.0,0.0
2023-11-15 10:30:00-05:00,2.299999952316284,2.299999952316284,2.1989998817443848,2.2200000286102295,10072,0.0,0.0
2023-11-15 11:30:00-05:00,2.18969988822937,2.2458999156951904,2.1582000255584717,2.190999984741211,9450,0.0,0.0
2023-11-15 13:30:00-05:00,2.200000047683716,2.3099000453948975,2.190000057220459,2.3099000453948975,9851,0.0,0.0
2023-11-15 15:30:00-05:00,2.2534000873565674,2.2534000873565674,2.2300000190734863,2.240000009536743,4131,0.0,0.0
2023-11-16 09:30:00-05:00,2.25,2.2799999713897705,2.25,2.2799999713897705,916,0.0,0.0
2023-11-16 13:30:00-05:00,2.3499999046325684,2.365799903869629,2.3499999046325684,2.365799903869629,414,0.0,0.0
2023-11-16 14:30:00-05:00,2.344099998474121,2.4149999618530273,2.344099998474121,2.380000114440918,3019,0.0,0.0
2023-11-16 15:30:00-05:00,2.3717000484466553,2.3717000484466553,2.3399999141693115,2.369999885559082,1183,0.0,0.0
2023-11-17 09:30:00-05:00,2.4600000381469727,2.490000009536743,2.4600000381469727,2.490000009536743,1197,0.0,0.0
2023-11-17 10:30:00-05:00,2.4600000381469727,2.4600000381469727,2.380000114440918,2.453200101852417,4082,0.0,0.0
2023-11-17 11:30:00-05:00,2.450000047683716,2.450000047683716,2.2100000381469727,2.240000009536743,7976,0.0,0.0
2023-11-17 12:30:00-05:00,2.240000009536743,2.4000000953674316,2.200000047683716,2.259999990463257,22651,0.0,0.0
2023-11-17 13:30:00-05:00,2.380000114440918,2.380000114440918,2.319999933242798,2.3550000190734863,2157,0.0,0.0
2023-11-17 14:30:00-05:00,2.359999895095825,2.359999895095825,2.299999952316284,2.309999942779541,6644,0.0,0.0
2023-11-17 15:30:00-05:00,2.3299999237060547,2.359999895095825,2.3299999237060547,2.359999895095825,1630,0.0,0.0
2023-11-20 09:30:00-05:00,2.4200000762939453,2.5274999141693115,2.4200000762939453,2.4800000190734863,595,0.0,0.0
2023-11-20 10:30:00-05:00,2.4600000381469727,2.5999999046325684,2.430000066757202,2.5999999046325684,2473,0.0,0.0
2023-11-20 11:30:00-05:00,2.599900007247925,2.599900007247925,2.4540998935699463,2.559999942779541,1115,0.0,0.0
2023-11-20 12:30:00-05:00,2.440000057220459,2.440000057220459,2.380000114440918,2.3949999809265137,1673,0.0,0.0
2023-11-20 13:30:00-05:00,2.3499999046325684,2.3505001068115234,2.3399999141693115,2.3399999141693115,1494,0.0,0.0
2023-11-20 14:30:00-05:00,2.3399999141693115,2.399899959564209,2.319999933242798,2.3891000747680664,11115,0.0,0.0
2023-11-20 15:30:00-05:00,2.3299999237060547,2.3299999237060547,2.3299999237060547,2.3299999237060547,786,0.0,0.0
2023-11-21 09:30:00-05:00,2.359999895095825,2.690000057220459,2.359999895095825,2.4100000858306885,14327,0.0,0.0
2023-11-21 10:30:00-05:00,2.4100000858306885,2.410099983215332,2.299999952316284,2.299999952316284,6942,0.0,0.0
2023-11-21 11:30:00-05:00,2.319999933242798,2.3201000690460205,2.319999933242798,2.3201000690460205,9624,0.0,0.0
2023-11-21 12:30:00-05:00,2.3499999046325684,2.4198999404907227,2.25,2.325000047683716,52564,0.0,0.0
2023-11-21 13:30:00-05:00,2.299999952316284,2.309999942779541,2.2799999713897705,2.2950000762939453,9837,0.0,0.0
2023-11-21 14:30:00-05:00,2.299999952316284,2.319999933242798,2.2950000762939453,2.309999942779541,5722,0.0,0.0
2023-11-21 15:30:00-05:00,2.309999942779541,2.309999942779541,2.2699999809265137,2.2899999618530273,6131,0.0,0.0
2023-11-22 09:30:00-05:00,2.309999942779541,2.4100000858306885,2.299999952316284,2.309999942779541,14370,0.0,0.0
2023-11-22 10:30:00-05:00,2.309999942779541,2.319999933242798,2.309999942779541,2.309999942779541,1888,0.0,0.0
2023-11-22 11:30:00-05:00,2.359999895095825,2.359999895095825,2.3499999046325684,2.3499999046325684,691,0.0,0.0
2023-11-22 12:30:00-05:00,2.3499999046325684,2.3499999046325684,2.309999942779541,2.322999954223633,1685,0.0,0.0
2023-11-22 13:30:00-05:00,2.3399999141693115,2.409899950027466,2.309999942779541,2.359999895095825,1590,0.0,0.0
2023-11-22 14:30:00-05:00,2.309999942779541,2.3550000190734863,2.299999952316284,2.299999952316284,2028,0.0,0.0
2023-11-22 15:30:00-05:00,2.380000114440918,2.380000114440918,2.380000114440918,2.380000114440918,241,0.0,0.0
2023-11-24 10:30:00-05:00,2.36299991607666,2.5999999046325684,2.36299991607666,2.5999999046325684,347,0.0,0.0
2023-11-24 11:30:00-05:00,2.5799999237060547,2.5799999237060547,2.4000000953674316,2.565000057220459,659,0.0,0.0
2023-11-24 12:30:00-05:00,2.5250000953674316,2.5250000953674316,2.5250000953674316,2.5250000953674316,0,0.0,0.0
2023-11-27 09:30:00-05:00,2.309999942779541,2.430000066757202,2.2121999263763428,2.369999885559082,2459,0.0,0.0
2023-11-27 10:30:00-05:00,2.4100000858306885,2.4100000858306885,2.4100000858306885,2.4100000858306885,433,0.0,0.0
2023-11-27 13:30:00-05:00,2.3701000213623047,2.430000066757202,2.369999885559082,2.4000000953674316,2142,0.0,0.0
2023-11-27 14:30:00-05:00,2.3949999809265137,2.4000000953674316,2.369999885559082,2.3949999809265137,2037,0.0,0.0
2023-11-27 15:30:00-05:00,2.3499999046325684,2.384999990463257,2.309999942779541,2.359999895095825,4076,0.0,0.0
2023-11-28 09:30:00-05:00,2.3399999141693115,2.589900016784668,2.3399999141693115,2.4200000762939453,29091,0.0,0.0
2023-11-28 10:30:00-05:00,2.450000047683716,2.589900016784668,2.3499999046325684,2.4000000953674316,15345,0.0,0.0
2023-11-28 11:30:00-05:00,2.4000000953674316,2.4000000953674316,2.380000114440918,2.380000114440918,782,0.0,0.0
2023-11-28 12:30:00-05:00,2.369999885559082,2.449899911880493,2.3499999046325684,2.4100000858306885,7257,0.0,0.0
2023-11-28 13:30:00-05:00,2.4151999950408936,2.4198999404907227,2.3299999237060547,2.3299999237060547,11661,0.0,0.0
2023-11-28 14:30:00-05:00,2.369999885559082,2.390000104904175,2.318700075149536,2.390000104904175,3941,0.0,0.0
2023-11-28 15:30:00-05:00,2.359999895095825,2.4000000953674316,2.3399999141693115,2.4000000953674316,7120,0.0,0.0
2023-11-29 09:30:00-05:00,2.299999952316284,2.4100000858306885,2.2799999713897705,2.4000000953674316,2103,0.0,0.0
2023-11-29 10:30:00-05:00,2.309999942779541,2.380000114440918,2.309999942779541,2.380000114440918,505,0.0,0.0
2023-11-29 11:30:00-05:00,2.380000114440918,2.380000114440918,2.299999952316284,2.299999952316284,554,0.0,0.0
2023-11-29 12:30:00-05:00,2.299999952316284,2.390000104904175,2.2799999713897705,2.380000114440918,1968,0.0,0.0
2023-11-29 13:30:00-05:00,2.3350000381469727,2.390000104904175,2.25,2.339900016784668,16072,0.0,0.0
2023-11-29 14:30:00-05:00,2.319999933242798,2.319999933242798,2.2100000381469727,2.309999942779541,12879,0.0,0.0
2023-11-29 15:30:00-05:00,2.309999942779541,2.309999942779541,2.2200000286102295,2.2200000286102295,1706,0.0,0.0
2023-11-30 09:30:00-05:00,2.409899950027466,2.6500000953674316,2.3299999237060547,2.449899911880493,32265,0.0,0.0
2023-11-30 10:30:00-05:00,2.4000000953674316,2.4000000953674316,2.2899999618530273,2.2899999618530273,2876,0.0,0.0
2023-11-30 11:30:00-05:00,2.299999952316284,2.380000114440918,2.25,2.380000114440918,2215,0.0,0.0
2023-11-30 12:30:00-05:00,2.380000114440918,2.390000104904175,2.380000114440918,2.390000104904175,435,0.0,0.0
2023-11-30 13:30:00-05:00,2.3299999237060547,2.380000114440918,2.302500009536743,2.380000114440918,2362,0.0,0.0
2023-11-30 14:30:00-05:00,2.380000114440918,2.380000114440918,2.380000114440918,2.380000114440918,309,0.0,0.0
2023-11-30 15:30:00-05:00,2.390000104904175,2.390000104904175,2.380000114440918,2.380000114440918,1523,0.0,0.0
2023-12-01 09:30:00-05:00,2.4200000762939453,2.4200000762939453,2.380000114440918,2.4200000762939453,568,0.0,0.0
2023-12-01 10:30:00-05:00,2.299999952316284,2.369999885559082,2.2799999713897705,2.3596999645233154,2701,0.0,0.0
2023-12-01 11:30:00-05:00,2.3499999046325684,2.3499999046325684,2.200000047683716,2.3499999046325684,8361,0.0,0.0
2023-12-01 12:30:00-05:00,2.299999952316284,2.299999952316284,2.2200000286102295,2.299999952316284,3428,0.0,0.0
2023-12-01 13:30:00-05:00,2.299999952316284,2.299999952316284,2.200000047683716,2.299999952316284,12846,0.0,0.0
2023-12-01 14:30:00-05:00,2.299999952316284,2.299999952316284,2.2200000286102295,2.2200000286102295,667,0.0,0.0
2023-12-01 15:30:00-05:00,2.299999952316284,2.299999952316284,2.2100000381469727,2.2799999713897705,8345,0.0,0.0
2023-12-04 09:30:00-05:00,2.2100000381469727,2.369999885559082,2.200000047683716,2.369999885559082,8802,0.0,0.0
2023-12-04 10:30:00-05:00,2.3399999141693115,2.4191999435424805,2.069999933242798,2.069999933242798,118722,0.0,0.0
2023-12-04 11:30:00-05:00,2.049999952316284,2.1301000118255615,2.049999952316284,2.049999952316284,18897,0.0,0.0
2023-12-04 12:30:00-05:00,2.049999952316284,2.0899999141693115,2.049999952316284,2.049999952316284,3637,0.0,0.0
2023-12-04 13:30:00-05:00,2.0199999809265137,2.0625,1.9900000095367432,1.9900000095367432,3841,0.0,0.0
2023-12-04 14:30:00-05:00,1.986899971961975,2.009999990463257,1.9299999475479126,1.9299999475479126,41787,0.0,0.0
2023-12-04 15:30:00-05:00,1.9299999475479126,1.9299999475479126,1.9299999475479126,1.9299999475479126,1401,0.0,0.0
2023-12-05 09:30:00-05:00,1.8799999952316284,1.9299999475479126,1.7999999523162842,1.8200000524520874,33408,0.0,0.0
2023-12-05 10:30:00-05:00,1.8385000228881836,1.8385000228881836,1.7999999523162842,1.809999942779541,3809,0.0,0.0
2023-12-05 11:30:00-05:00,1.7999999523162842,1.8200000524520874,1.7999999523162842,1.809999942779541,2207,0.0,0.0
2023-12-05 12:30:00-05:00,1.809999942779541,1.8200000524520874,1.809999942779541,1.8151999711990356,6719,0.0,0.0
2023-12-05 13:30:00-05:00,1.809999942779541,1.850000023841858,1.809999942779541,1.850000023841858,12798,0.0,0.0
2023-12-05 14:30:00-05:00,1.8300000429153442,1.8600000143051147,1.8300000429153442,1.8300000429153442,1628,0.0,0.0
2023-12-05 15:30:00-05:00,1.8200000524520874,1.9199999570846558,1.8200000524520874,1.9199999570846558,0,0.0,0.0
2023-12-06 09:30:00-05:00,1.850000023841858,1.8799999952316284,1.8063000440597534,1.850000023841858,13696,0.0,0.0
2023-12-06 10:30:00-05:00,1.840000033378601,2.0799999237060547,1.840000033378601,2.0399999618530273,63251,0.0,0.0
2023-12-06 11:30:00-05:00,2.0299999713897705,2.190000057220459,2.0299999713897705,2.1600000858306885,7525,0.0,0.0
2023-12-06 12:30:00-05:00,2.1600000858306885,2.2200000286102295,2.1600000858306885,2.1700000762939453,1862,0.0,0.0
2023-12-06 13:30:00-05:00,2.1700000762939453,2.4000000953674316,2.1500000953674316,2.190000057220459,40868,0.0,0.0
2023-12-06 14:30:00-05:00,2.190000057220459,2.2300000190734863,2.1619999408721924,2.200000047683716,12805,0.0,0.0
2023-12-06 15:30:00-05:00,2.1600000858306885,2.200000047683716,2.1600000858306885,2.200000047683716,0,0.0,0.0
2023-12-07 09:30:00-05:00,2.2300000190734863,2.2300000190734863,2.0950000286102295,2.0950000286102295,1129,0.0,0.0
2023-12-07 10:30:00-05:00,2.119999885559082,2.130000114440918,2.0899999141693115,2.0899999141693115,3111,0.0,0.0
2023-12-07 11:30:00-05:00,2.0899999141693115,2.0899999141693115,2.0399999618530273,2.0399999618530273,949,0.0,0.0
2023-12-07 13:30:00-05:00,2.0899999141693115,2.130000114440918,2.049999952316284,2.049999952316284,8002,0.0,0.0
2023-12-07 14:30:00-05:00,2.049999952316284,2.0999999046325684,2.049999952316284,2.069999933242798,2389,0.0,0.0
2023-12-07 15:30:00-05:00,2.0799999237060547,2.1500000953674316,2.049999952316284,2.0799999237060547,0,0.0,0.0
2023-12-08 09:30:00-05:00,2.0199999809265137,2.1500000953674316,2.0,2.1493000984191895,14245,0.0,0.0
2023-12-08 10:30:00-05:00,2.049999952316284,2.049999952316284,2.0,2.0,5352,0.0,0.0
2023-12-08 11:30:00-05:00,1.940000057220459,2.055000066757202,1.8701000213623047,2.009999990463257,10680,0.0,0.0
2023-12-08 12:30:00-05:00,1.9550000429153442,1.9550000429153442,1.9550000429153442,1.9550000429153442,442,0.0,0.0
2023-12-08 13:30:00-05:00,1.9900000095367432,1.9900000095367432,1.9900000095367432,1.9900000095367432,729,0.0,0.0
2023-12-08 14:30:00-05:00,1.9700000286102295,2.0,1.9550000429153442,2.0,1508,0.0,0.0
2023-12-08 15:30:00-05:00,1.9600000381469727,1.9900000095367432,1.9600000381469727,1.9900000095367432,589,0.0,0.0
2023-12-11 09:30:00-05:00,1.940000057220459,1.940000057220459,1.940000057220459,1.940000057220459,374,0.0,0.0
2023-12-11 10:30:00-05:00,1.9800000190734863,1.9800000190734863,1.9800000190734863,1.9800000190734863,1163,0.0,0.0
2023-12-11 11:30:00-05:00,1.9800000190734863,2.0,1.9800000190734863,2.0,383,0.0,0.0
2023-12-11 12:30:00-05:00,2.049999952316284,2.049999952316284,1.659999966621399,1.8700000047683716,75167,0.0,0.0
2023-12-11 13:30:00-05:00,1.840000033378601,1.9800000190734863,1.7700999975204468,1.8300000429153442,29213,0.0,0.0
2023-12-11 14:30:00-05:00,1.899999976158142,1.899999976158142,1.840000033378601,1.850000023841858,2464,0.0,0.0
2023-12-11 15:30:00-05:00,1.8600000143051147,1.8899999856948853,1.8600000143051147,1.8600000143051147,1546,0.0,0.0
2023-12-12 09:30:00-05:00,1.8600000143051147,1.9299999475479126,1.8301000595092773,1.8301000595092773,3086,0.0,0.0
2023-12-12 10:30:00-05:00,1.840000033378601,1.840000033378601,1.7799999713897705,1.7799999713897705,729,0.0,0.0
2023-12-12 11:30:00-05:00,1.7699999809265137,1.9800000190734863,1.7200000286102295,1.899999976158142,47818,0.0,0.0
2023-12-12 12:30:00-05:00,1.899999976158142,1.899999976158142,1.8899999856948853,1.8899999856948853,1202,0.0,0.0
2023-12-12 13:30:00-05:00,1.8940999507904053,1.899999976158142,1.8899999856948853,1.8899999856948853,1917,0.0,0.0
2023-12-12 14:30:00-05:00,1.8899999856948853,1.909999966621399,1.8899999856948853,1.8899999856948853,1354,0.0,0.0
2023-12-12 15:30:00-05:00,1.8949999809265137,1.899999976158142,1.8700000047683716,1.8700000047683716,0,0.0,0.0
2023-12-13 09:30:00-05:00,1.9103000164031982,1.9199999570846558,1.7839000225067139,1.9199999570846558,8128,0.0,0.0
2023-12-13 10:30:00-05:00,1.9199999570846558,1.9199999570846558,1.9199999570846558,1.9199999570846558,466,0.0,0.0
2023-12-13 11:30:00-05:00,1.909999966621399,1.9700000286102295,1.909999966621399,1.965000033378601,5454,0.0,0.0
2023-12-13 12:30:00-05:00,1.9299999475479126,1.940000057220459,1.850000023841858,1.850000023841858,14960,0.0,0.0
2023-12-13 13:30:00-05:00,1.840000033378601,1.840000033378601,1.7307000160217285,1.7999999523162842,35871,0.0,0.0
2023-12-13 14:30:00-05:00,1.809999942779541,1.8200000524520874,1.7699999809265137,1.7899999618530273,8279,0.0,0.0
2023-12-13 15:30:00-05:00,1.7899999618530273,1.850000023841858,1.7898999452590942,1.7999999523162842,10633,0.0,0.0
2023-12-14 09:30:00-05:00,1.7400000095367432,1.8049999475479126,1.7400000095367432,1.7699999809265137,11092,0.0,0.0
2023-12-14 10:30:00-05:00,1.7799999713897705,1.8200000524520874,1.7100000381469727,1.774999976158142,22054,0.0,0.0
2023-12-14 11:30:00-05:00,1.7799999713897705,1.8200000524520874,1.75,1.7984999418258667,24379,0.0,0.0
2023-12-14 12:30:00-05:00,1.7949999570846558,1.850000023841858,1.7599999904632568,1.7599999904632568,17688,0.0,0.0
2023-12-14 13:30:00-05:00,1.7699999809265137,1.7699999809265137,1.7300000190734863,1.7300000190734863,6668,0.0,0.0
2023-12-14 14:30:00-05:00,1.7300000190734863,1.7450000047683716,1.7200000286102295,1.7300000190734863,5918,0.0,0.0
2023-12-14 15:30:00-05:00,1.7400000095367432,1.75,1.7200000286102295,1.75,0,0.0,0.0
2023-12-15 09:30:00-05:00,1.9900000095367432,1.9900000095367432,1.7999999523162842,1.8300000429153442,6153,0.0,0.0
2023-12-15 10:30:00-05:00,1.7799999713897705,1.7799999713897705,1.7699999809265137,1.7699999809265137,909,0.0,0.0
2023-12-15 11:30:00-05:00,1.7799999713897705,1.7799999713897705,1.75,1.75,4083,0.0,0.0
2023-12-15 12:30:00-05:00,1.7400000095367432,1.7599999904632568,1.7200000286102295,1.7200000286102295,3279,0.0,0.0
2023-12-15 13:30:00-05:00,1.7877999544143677,1.7899999618530273,1.7200000286102295,1.7200000286102295,19797,0.0,0.0
2023-12-15 14:30:00-05:00,1.7300000190734863,1.7799999713897705,1.7100000381469727,1.7400000095367432,2084,0.0,0.0
2023-12-15 15:30:00-05:00,1.75,1.7799999713897705,1.7200000286102295,1.7200000286102295,5229,0.0,0.0
2023-12-18 09:30:00-05:00,1.7999999523162842,1.8799999952316284,1.7400000095367432,1.7599999904632568,162923,0.0,0.0
2023-12-18 10:30:00-05:00,1.7699999809265137,1.8499000072479248,1.6200000047683716,1.6200000047683716,66321,0.0,0.0
2023-12-18 11:30:00-05:00,1.6299999952316284,1.6799999475479126,1.600000023841858,1.600000023841858,8649,0.0,0.0
2023-12-18 12:30:00-05:00,1.625,1.645300030708313,1.600000023841858,1.600000023841858,18318,0.0,0.0
2023-12-18 13:30:00-05:00,1.600000023841858,1.600000023841858,1.5499999523162842,1.600000023841858,14344,0.0,0.0
2023-12-18 14:30:00-05:00,1.5399999618530273,1.5878000259399414,1.5099999904632568,1.5878000259399414,10262,0.0,0.0
2023-12-18 15:30:00-05:00,1.5199999809265137,1.5788999795913696,1.5099999904632568,1.5299999713897705,17208,0.0,0.0
2023-12-19 09:30:00-05:00,1.4900000095367432,1.7020000219345093,1.4900000095367432,1.590000033378601,11019,0.0,0.0
2023-12-19 10:30:00-05:00,1.6399999856948853,1.649999976158142,1.600000023841858,1.649999976158142,7091,0.0,0.0
2023-12-19 11:30:00-05:00,1.6100000143051147,1.6100000143051147,1.4800000190734863,1.5,65939,0.0,0.0
2023-12-19 12:30:00-05:00,1.5,1.5,1.4600000381469727,1.4700000286102295,9055,0.0,0.0
2023-12-19 13:30:00-05:00,1.4700000286102295,1.4900000095367432,1.4600000381469727,1.4600000381469727,6676,0.0,0.0
2023-12-19 14:30:00-05:00,1.4600000381469727,1.4800000190734863,1.430400013923645,1.4500000476837158,12880,0.0,0.0
2023-12-19 15:30:00-05:00,1.4600000381469727,1.4880000352859497,1.4500000476837158,1.4880000352859497,4976,0.0,0.0
2023-12-20 09:30:00-05:00,1.5,1.6398999691009521,1.440000057220459,1.4500000476837158,24591,0.0,0.0
2023-12-20 10:30:00-05:00,1.4900000095367432,1.4900000095367432,1.440000057220459,1.4500000476837158,10289,0.0,0.0
2023-12-20 11:30:00-05:00,1.440000057220459,1.4873000383377075,1.440000057220459,1.440000057220459,14167,0.0,0.0
2023-12-20 12:30:00-05:00,1.440000057220459,1.4900000095367432,1.440000057220459,1.4500000476837158,18061,0.0,0.0
2023-12-20 13:30:00-05:00,1.4500000476837158,1.4699000120162964,1.440000057220459,1.440000057220459,25878,0.0,0.0
2023-12-20 14:30:00-05:00,1.4500000476837158,1.4700000286102295,1.440000057220459,1.4523999691009521,15936,0.0,0.0
2023-12-20 15:30:00-05:00,1.4500000476837158,1.4600000381469727,1.4299999475479126,1.4500000476837158,0,0.0,0.0
2023-12-21 09:30:00-05:00,1.4950000047683716,1.5130000114440918,1.4700000286102295,1.4800000190734863,17959,0.0,0.0
2023-12-21 10:30:00-05:00,1.4600000381469727,1.4700000286102295,1.4299999475479126,1.4500000476837158,26394,0.0,0.0
2023-12-21 11:30:00-05:00,1.4500000476837158,1.649999976158142,1.4500000476837158,1.5499999523162842,38467,0.0,0.0
2023-12-21 12:30:00-05:00,1.5499999523162842,1.559999942779541,1.5,1.5,17984,0.0,0.0
2023-12-21 13:30:00-05:00,1.5299999713897705,1.5299999713897705,1.5299999713897705,1.5299999713897705,541,0.0,0.0
2023-12-21 14:30:00-05:00,1.5299999713897705,1.5299999713897705,1.5,1.5149999856948853,2434,0.0,0.0
2023-12-21 15:30:00-05:00,1.5,1.5199999809265137,1.5,1.5199999809265137,0,0.0,0.0
2023-12-22 09:30:00-05:00,1.590000033378601,1.6050000190734863,1.5199999809265137,1.600000023841858,11067,0.0,0.0
2023-12-22 10:30:00-05:00,1.5700000524520874,1.659999966621399,1.5700000524520874,1.649999976158142,14941,0.0,0.0
2023-12-22 11:30:00-05:00,1.6598999500274658,1.659999966621399,1.5800000429153442,1.600000023841858,13422,0.0,0.0
2023-12-22 12:30:00-05:00,1.5950000286102295,1.600000023841858,1.5800000429153442,1.590000033378601,1802,0.0,0.0
2023-12-22 13:30:00-05:00,1.590000033378601,1.590000033378601,1.5700000524520874,1.5800000429153442,812,0.0,0.0
2023-12-22 14:30:00-05:00,1.559999942779541,1.5800000429153442,1.559999942779541,1.559999942779541,1446,0.0,0.0
2023-12-22 15:30:00-05:00,1.5499999523162842,1.6100000143051147,1.5499999523162842,1.5700000524520874,1240,0.0,0.0
2023-12-26 09:30:00-05:00,1.600000023841858,1.6461999416351318,1.5700000524520874,1.590000033378601,5021,0.0,0.0
2023-12-26 10:30:00-05:00,1.590000033378601,1.590000033378601,1.590000033378601,1.590000033378601,152,0.0,0.0
2023-12-26 11:30:00-05:00,1.5953999757766724,1.5953999757766724,1.5800000429153442,1.5800000429153442,2953,0.0,0.0
2023-12-26 12:30:00-05:00,1.5750000476837158,1.5750000476837158,1.5499999523162842,1.5499999523162842,1601,0.0,0.0
2023-12-26 13:30:00-05:00,1.5499999523162842,1.590000033378601,1.5499999523162842,1.590000033378601,1781,0.0,0.0
2023-12-26 14:30:00-05:00,1.5700000524520874,1.6299999952316284,1.559999942779541,1.6299999952316284,5351,0.0,0.0
2023-12-26 15:30:00-05:00,1.6299999952316284,1.6699999570846558,1.5800000429153442,1.590000033378601,0,0.0,0.0
2023-12-27 09:30:00-05:00,1.590000033378601,1.7400000095367432,1.5794999599456787,1.690000057220459,12154,0.0,0.0
2023-12-27 10:30:00-05:00,1.690000057220459,1.7000000476837158,1.6299999952316284,1.6725000143051147,14520,0.0,0.0
2023-12-27 11:30:00-05:00,1.6699999570846558,1.7100000381469727,1.659999966621399,1.7100000381469727,9317,0.0,0.0
2023-12-27 12:30:00-05:00,1.7300000190734863,1.8200000524520874,1.7100000381469727,1.75,21391,0.0,0.0
2023-12-27 13:30:00-05:00,1.7699999809265137,1.7699999809265137,1.7300000190734863,1.7300000190734863,3322,0.0,0.0
2023-12-27 14:30:00-05:00,1.7400000095367432,1.75,1.7200000286102295,1.75,2051,0.0,0.0
2023-12-27 15:30:00-05:00,1.75,1.7999999523162842,1.75,1.7999000549316406,7227,0.0,0.0
2023-12-28 09:30:00-05:00,1.7200000286102295,1.809999942779541,1.659999966621399,1.75,13070,0.0,0.0
2023-12-28 10:30:00-05:00,1.8294999599456787,1.8600000143051147,1.7999999523162842,1.8300000429153442,10374,0.0,0.0
2023-12-28 11:30:00-05:00,1.8250000476837158,1.850000023841858,1.809999942779541,1.8200000524520874,6080,0.0,0.0
2023-12-28 12:30:00-05:00,1.809999942779541,1.8600000143051147,1.7899999618530273,1.850000023841858,11315,0.0,0.0
2023-12-28 13:30:00-05:00,1.8350000381469727,1.850000023841858,1.809999942779541,1.850000023841858,1984,0.0,0.0
2023-12-28 14:30:00-05:00,1.8200000524520874,1.850000023841858,1.809999942779541,1.8499000072479248,5039,0.0,0.0
2023-12-28 15:30:00-05:00,1.8250000476837158,1.8250000476837158,1.7899999618530273,1.7999999523162842,4971,0.0,0.0
2023-12-29 09:30:00-05:00,1.7599999904632568,1.8799999952316284,1.7549999952316284,1.850000023841858,12836,0.0,0.0
2023-12-29 10:30:00-05:00,1.8600000143051147,2.0999999046325684,1.8450000286102295,1.9199999570846558,66339,0.0,0.0
2023-12-29 11:30:00-05:00,1.9227999448776245,2.0199999809265137,1.899999976158142,2.0199999809265137,18936,0.0,0.0
2023-12-29 12:30:00-05:00,1.9500000476837158,1.9800000190734863,1.9500000476837158,1.9700000286102295,689,0.0,0.0
2023-12-29 13:30:00-05:00,1.9700000286102295,1.9701000452041626,1.899999976158142,1.9199999570846558,8783,0.0,0.0
2023-12-29 14:30:00-05:00,1.899999976158142,1.9206000566482544,1.8799999952316284,1.9206000566482544,2086,0.0,0.0
2023-12-29 15:30:00-05:00,1.899999976158142,1.9199999570846558,1.850000023841858,1.8600000143051147,17120,0.0,0.0
2024-01-02 09:30:00-05:00,1.850000023841858,1.9282000064849854,1.8300000429153442,1.8300000429153442,5885,0.0,0.0
2024-01-02 10:30:00-05:00,1.8700000047683716,1.940000057220459,1.8650000095367432,1.8799999952316284,11783,0.0,0.0
2024-01-02 11:30:00-05:00,1.8799999952316284,1.9160000085830688,1.8799999952316284,1.909999966621399,3792,0.0,0.0
2024-01-02 12:30:00-05:00,1.899999976158142,1.899999976158142,1.8899999856948853,1.8899999856948853,467,0.0,0.0
2024-01-02 13:30:00-05:00,1.909999966621399,1.909999966621399,1.8799999952316284,1.8799999952316284,2169,0.0,0.0
2024-01-02 14:30:00-05:00,1.9049999713897705,1.9049999713897705,1.8799999952316284,1.8799999952316284,1886,0.0,0.0
2024-01-02 15:30:00-05:00,1.850000023841858,1.8799999952316284,1.8300000429153442,1.8799999952316284,0,0.0,0.0
2024-01-03 09:30:00-05:00,1.8040000200271606,1.8698999881744385,1.7999999523162842,1.8698999881744385,1946,0.0,0.0
2024-01-03 10:30:00-05:00,1.809999942779541,1.809999942779541,1.7400000095367432,1.7730000019073486,3584,0.0,0.0
2024-01-03 11:30:00-05:00,1.7661000490188599,1.7999999523162842,1.7400000095367432,1.7400000095367432,8610,0.0,0.0
2024-01-03 12:30:00-05:00,1.75,1.7798999547958374,1.6699999570846558,1.75,1363,0.0,0.0
2024-01-03 13:30:00-05:00,1.7400000095367432,1.7652000188827515,1.7400000095367432,1.75,1226,0.0,0.0
2024-01-03 14:30:00-05:00,1.75,1.7942999601364136,1.75,1.7817000150680542,591,0.0,0.0
2024-01-03 15:30:00-05:00,1.75,1.7699999809265137,1.7300000190734863,1.7400000095367432,4731,0.0,0.0
2024-01-04 09:30:00-05:00,1.8200000524520874,1.8200000524520874,1.7300000190734863,1.7300000190734863,3336,0.0,0.0
2024-01-04 10:30:00-05:00,1.7000000476837158,1.7100000381469727,1.7000000476837158,1.7100000381469727,246,0.0,0.0
2024-01-04 12:30:00-05:00,1.6699999570846558,1.7151999473571777,1.6699999570846558,1.7029999494552612,1632,0.0,0.0
2024-01-04 13:30:00-05:00,1.7000000476837158,1.7252000570297241,1.7000000476837158,1.7000000476837158,3582,0.0,0.0
2024-01-04 14:30:00-05:00,1.690000057220459,1.690000057220459,1.690000057220459,1.690000057220459,297,0.0,0.0
2024-01-04 15:30:00-05:00,1.7000000476837158,1.7000000476837158,1.690000057220459,1.690000057220459,801,0.0,0.0
2024-01-05 09:30:00-05:00,1.7200000286102295,1.7450000047683716,1.690000057220459,1.7450000047683716,2547,0.0,0.0
2024-01-05 10:30:00-05:00,1.6900999546051025,1.6900999546051025,1.659999966621399,1.659999966621399,4456,0.0,0.0
2024-01-05 11:30:00-05:00,1.6399999856948853,1.7029000520706177,1.6399999856948853,1.649999976158142,673,0.0,0.0
2024-01-05 12:30:00-05:00,1.6399999856948853,1.850000023841858,1.6399999856948853,1.809999942779541,5982,0.0,0.0
2024-01-05 13:30:00-05:00,1.8300000429153442,1.899999976158142,1.649999976158142,1.7000000476837158,59134,0.0,0.0
2024-01-05 14:30:00-05:00,1.6748000383377075,1.7000000476837158,1.5821000337600708,1.649999976158142,8681,0.0,0.0
2024-01-05 15:30:00-05:00,1.6598999500274658,1.6598999500274658,1.6598999500274658,1.6598999500274658,273,0.0,0.0
2024-01-08 09:30:00-05:00,1.6100000143051147,1.6299999952316284,1.4500000476837158,1.6299999952316284,167271,0.0,0.0
2024-01-08 10:30:00-05:00,1.6200000047683716,1.6299999952316284,1.590000033378601,1.6200000047683716,4076,0.0,0.0
2024-01-08 11:30:00-05:00,1.5801000595092773,1.5801000595092773,1.5801000595092773,1.5801000595092773,611,0.0,0.0
2024-01-08 12:30:00-05:00,1.600000023841858,1.7300000190734863,1.5800000429153442,1.7299000024795532,33518,0.0,0.0
2024-01-08 13:30:00-05:00,1.7299000024795532,1.75,1.6800999641418457,1.7400000095367432,10219,0.0,0.0
2024-01-08 14:30:00-05:00,1.7101000547409058,1.7200000286102295,1.6900999546051025,1.7000000476837158,4058,0.0,0.0
2024-01-08 15:30:00-05:00,1.6900999546051025,1.75,1.6900999546051025,1.7300000190734863,4518,0.0,0.0
2024-01-09 09:30:00-05:00,1.7899999618530273,1.7899999618530273,1.7200000286102295,1.7300000190734863,4650,0.0,0.0
2024-01-09 10:30:00-05:00,1.7200000286102295,1.7400000095367432,1.7100000381469727,1.7300000190734863,1572,0.0,0.0
2024-01-09 11:30:00-05:00,1.7400000095367432,1.8600000143051147,1.7400000095367432,1.850000023841858,12089,0.0,0.0
2024-01-09 12:30:00-05:00,1.8600000143051147,1.9199999570846558,1.850000023841858,1.8899999856948853,12509,0.0,0.0
2024-01-09 13:30:00-05:00,1.8799999952316284,1.9700000286102295,1.8799999952316284,1.940000057220459,20577,0.0,0.0
2024-01-09 14:30:00-05:00,1.9299999475479126,1.9299999475479126,1.8700000047683716,1.8899999856948853,2859,0.0,0.0
2024-01-09 15:30:00-05:00,1.8700000047683716,1.8799999952316284,1.8300000429153442,1.8799999952316284,0,0.0,0.0
2024-01-10 09:30:00-05:00,1.909999966621399,2.0399999618530273,1.8700000047683716,1.9850000143051147,45040,0.0,0.0
2024-01-10 10:30:00-05:00,1.9700000286102295,2.0199999809265137,1.850000023841858,1.899999976158142,66373,0.0,0.0
2024-01-10 11:30:00-05:00,1.9500000476837158,1.9900000095367432,1.840000033378601,1.850000023841858,75382,0.0,0.0
2024-01-10 12:30:00-05:00,1.8600000143051147,1.9399000406265259,1.850000023841858,1.9399000406265259,7009,0.0,0.0
2024-01-10 13:30:00-05:00,1.8899999856948853,1.909999966621399,1.8600000143051147,1.8600000143051147,2109,0.0,0.0
2024-01-10 14:30:00-05:00,1.8840999603271484,1.8840999603271484,1.8600000143051147,1.8799999952316284,1250,0.0,0.0
2024-01-10 15:30:00-05:00,1.8899999856948853,1.9299999475479126,1.809999942779541,1.809999942779541,34240,0.0,0.0
2024-01-11 09:30:00-05:00,1.8600000143051147,2.0,1.7999999523162842,1.899999976158142,30482,0.0,0.0
2024-01-11 10:30:00-05:00,1.8700000047683716,1.8899999856948853,1.7799999713897705,1.809999942779541,150226,0.0,0.0
2024-01-11 11:30:00-05:00,1.8300000429153442,1.8598999977111816,1.649999976158142,1.649999976158142,25934,0.0,0.0
2024-01-11 12:30:00-05:00,1.5800000429153442,1.6799999475479126,1.5671000480651855,1.6200000047683716,39954,0.0,0.0
2024-01-11 13:30:00-05:00,1.6399999856948853,1.6979999542236328,1.6371999979019165,1.6756999492645264,11201,0.0,0.0
2024-01-11 14:30:00-05:00,1.6799999475479126,1.6799999475479126,1.659999966621399,1.659999966621399,448,0.0,0.0
2024-01-11 15:30:00-05:00,1.659999966621399,1.6799999475479126,1.6399999856948853,1.6799999475479126,4646,0.0,0.0
2024-01-12 09:30:00-05:00,1.649999976158142,1.7400000095367432,1.649999976158142,1.649999976158142,20353,0.0,0.0
2024-01-12 10:30:00-05:00,1.649999976158142,1.6799999475479126,1.649999976158142,1.6699999570846558,3646,0.0,0.0
2024-01-12 11:30:00-05:00,1.660099983215332,1.6699999570846558,1.649999976158142,1.659999966621399,3590,0.0,0.0
2024-01-12 12:30:00-05:00,1.6500999927520752,1.6699999570846558,1.649999976158142,1.649999976158142,693,0.0,0.0
2024-01-12 13:30:00-05:00,1.659999966621399,1.659999966621399,1.649999976158142,1.6500999927520752,1869,0.0,0.0
2024-01-12 14:30:00-05:00,1.649999976158142,1.6500999927520752,1.649999976158142,1.649999976158142,603,0.0,0.0
2024-01-12 15:30:00-05:00,1.6500999927520752,1.690000057220459,1.649999976158142,1.649999976158142,630,0.0,0.0
2024-01-16 09:30:00-05:00,1.7400000095367432,1.7400000095367432,1.7400000095367432,1.7400000095367432,1191,0.0,0.0
2024-01-16 10:30:00-05:00,1.6799999475479126,1.6799999475479126,1.6699999570846558,1.6699999570846558,414,0.0,0.0
2024-01-16 11:30:00-05:00,1.649999976158142,1.659999966621399,1.6100000143051147,1.659999966621399,8016,0.0,0.0
2024-01-16 12:30:00-05:00,1.6101000308990479,1.6101000308990479,1.5800000429153442,1.5800000429153442,3570,0.0,0.0
2024-01-16 13:30:00-05:00,1.590000033378601,1.600000023841858,1.590000033378601,1.600000023841858,1035,0.0,0.0
2024-01-16 14:30:00-05:00,1.6100000143051147,1.6200000047683716,1.6100000143051147,1.6200000047683716,468,0.0,0.0
2024-01-16 15:30:00-05:00,1.600000023841858,1.600000023841858,1.600000023841858,1.600000023841858,0,0.0,0.0
2024-01-17 09:30:00-05:00,1.600000023841858,1.649999976158142,1.600000023841858,1.649999976158142,3206,0.0,0.0
2024-01-17 10:30:00-05:00,1.7200000286102295,1.7200000286102295,1.7200000286102295,1.7200000286102295,854,0.0,0.0
2024-01-17 14:30:00-05:00,1.6200000047683716,1.628499984741211,1.600000023841858,1.600000023841858,3914,0.0,0.0
2024-01-17 15:30:00-05:00,1.6799999475479126,1.6799999475479126,1.6799999475479126,1.6799999475479126,0,0.0,0.0
2024-01-18 09:30:00-05:00,1.6699999570846558,1.6699999570846558,1.6136000156402588,1.6399999856948853,5473,0.0,0.0
2024-01-18 10:30:00-05:00,1.6080000400543213,1.75,1.6080000400543213,1.6399999856948853,8564,0.0,0.0
2024-01-18 11:30:00-05:00,1.6200000047683716,1.6399999856948853,1.6200000047683716,1.6399999856948853,604,0.0,0.0
2024-01-18 12:30:00-05:00,1.6398999691009521,1.6399999856948853,1.6398999691009521,1.6399999856948853,1706,0.0,0.0
2024-01-18 13:30:00-05:00,1.6449999809265137,1.6449999809265137,1.5800000429153442,1.5800000429153442,1239,0.0,0.0
2024-01-18 14:30:00-05:00,1.559999942779541,1.6299999952316284,1.5499999523162842,1.6050000190734863,9534,0.0,0.0
2024-01-18 15:30:00-05:00,1.625,1.649999976158142,1.600000023841858,1.600000023841858,0,0.0,0.0
2024-01-19 10:30:00-05:00,1.6200000047683716,1.6200000047683716,1.6200000047683716,1.6200000047683716,195,0.0,0.0
2024-01-19 11:30:00-05:00,1.6100000143051147,1.6638000011444092,1.600000023841858,1.6349999904632568,2658,0.0,0.0
2024-01-19 12:30:00-05:00,1.600000023841858,1.600000023841858,1.600000023841858,1.600000023841858,263,0.0,0.0
2024-01-19 14:30:00-05:00,1.6298999786376953,1.6298999786376953,1.6100000143051147,1.6200000047683716,1534,0.0,0.0
2024-01-19 15:30:00-05:00,1.6100000143051147,1.6200000047683716,1.5800000429153442,1.5800000429153442,13308,0.0,0.0
2024-01-22 09:30:00-05:00,1.5800000429153442,1.6299999952316284,1.559999942779541,1.6100000143051147,5294,0.0,0.0
2024-01-22 10:30:00-05:00,1.600000023841858,1.6399999856948853,1.600000023841858,1.6200000047683716,2814,0.0,0.0
2024-01-22 11:30:00-05:00,1.6100000143051147,1.6110999584197998,1.6100000143051147,1.6100000143051147,656,0.0,0.0
2024-01-22 12:30:00-05:00,1.6171000003814697,1.6367000341415405,1.600000023841858,1.600000023841858,7664,0.0,0.0
2024-01-22 13:30:00-05:00,1.600000023841858,1.600100040435791,1.600000023841858,1.600000023841858,520,0.0,0.0
2024-01-22 14:30:00-05:00,1.600000023841858,1.600000023841858,1.600000023841858,1.600000023841858,4574,0.0,0.0
2024-01-22 15:30:00-05:00,1.5700000524520874,1.6100000143051147,1.5399999618530273,1.6100000143051147,27452,0.0,0.0
2024-01-23 09:30:00-05:00,1.659999966621399,1.659999966621399,1.659999966621399,1.659999966621399,3038,0.0,0.0
2024-01-23 10:30:00-05:00,1.721500039100647,1.7280999422073364,1.6749999523162842,1.690000057220459,1732,0.0,0.0
2024-01-23 11:30:00-05:00,1.6799999475479126,1.7100000381469727,1.6799999475479126,1.7100000381469727,2590,0.0,0.0
2024-01-23 12:30:00-05:00,1.7100000381469727,1.7100000381469727,1.7100000381469727,1.7100000381469727,351,0.0,0.0
2024-01-23 14:30:00-05:00,1.6923999786376953,1.7000000476837158,1.6923999786376953,1.6999000310897827,4568,0.0,0.0
2024-01-23 15:30:00-05:00,1.6955000162124634,1.7000000476837158,1.690000057220459,1.7000000476837158,2156,0.0,0.0
2024-01-24 09:30:00-05:00,1.6399999856948853,1.6399999856948853,1.6399999856948853,1.6399999856948853,302,0.0,0.0
2024-01-24 11:30:00-05:00,1.7000000476837158,1.7000000476837158,1.6299999952316284,1.6999000310897827,2939,0.0,0.0
2024-01-24 13:30:00-05:00,1.6890000104904175,1.6999000310897827,1.6699999570846558,1.6999000310897827,3556,0.0,0.0
2024-01-24 14:30:00-05:00,1.7000000476837158,1.7599999904632568,1.7000000476837158,1.7400000095367432,7480,0.0,0.0
2024-01-24 15:30:00-05:00,1.7070000171661377,1.7599999904632568,1.7070000171661377,1.7200000286102295,3469,0.0,0.0
2024-01-25 09:30:00-05:00,1.7450000047683716,1.8300000429153442,1.7450000047683716,1.7555999755859375,8683,0.0,0.0
2024-01-25 10:30:00-05:00,1.75,1.75,1.7200000286102295,1.7300000190734863,2369,0.0,0.0
2024-01-25 11:30:00-05:00,1.7300000190734863,1.7300000190734863,1.7300000190734863,1.7300000190734863,618,0.0,0.0
2024-01-25 12:30:00-05:00,1.7200000286102295,1.7200000286102295,1.7000000476837158,1.7000000476837158,5788,0.0,0.0
2024-01-25 14:30:00-05:00,1.690000057220459,1.7000000476837158,1.690000057220459,1.7000000476837158,316,0.0,0.0
2024-01-25 15:30:00-05:00,1.6699999570846558,1.7000000476837158,1.6699999570846558,1.7000000476837158,0,0.0,0.0
2024-01-26 09:30:00-05:00,1.600000023841858,1.649999976158142,1.5954999923706055,1.6200000047683716,6634,0.0,0.0
2024-01-26 10:30:00-05:00,1.7000000476837158,1.7000000476837158,1.6931999921798706,1.6931999921798706,200,0.0,0.0
2024-01-26 11:30:00-05:00,1.684999942779541,1.684999942779541,1.6699999570846558,1.6699999570846558,2355,0.0,0.0
2024-01-26 12:30:00-05:00,1.649999976158142,1.649999976158142,1.649999976158142,1.649999976158142,870,0.0,0.0
2024-01-26 15:30:00-05:00,1.649999976158142,1.649999976158142,1.649999976158142,1.649999976158142,867,0.0,0.0
2024-01-29 09:30:00-05:00,1.649999976158142,1.649999976158142,1.649999976158142,1.649999976158142,846,0.0,0.0
2024-01-29 11:30:00-05:00,1.75,1.850000023841858,1.7000000476837158,1.7999999523162842,33904,0.0,0.0
2024-01-29 12:30:00-05:00,1.8396999835968018,1.840000033378601,1.7999999523162842,1.7999999523162842,14102,0.0,0.0
2024-01-29 13:30:00-05:00,1.8000999689102173,1.8250000476837158,1.7860000133514404,1.7860000133514404,8485,0.0,0.0
2024-01-29 14:30:00-05:00,1.7300000190734863,1.7799999713897705,1.7201000452041626,1.7799999713897705,1270,0.0,0.0
2024-01-29 15:30:00-05:00,1.7899999618530273,1.7999999523162842,1.7699999809265137,1.7999999523162842,0,0.0,0.0
2024-01-30 09:30:00-05:00,1.7000000476837158,1.7346999645233154,1.7000000476837158,1.725000023841858,2601,0.0,0.0
2024-01-30 10:30:00-05:00,1.70169997215271,1.7200000286102295,1.70169997215271,1.7200000286102295,1907,0.0,0.0
2024-01-30 11:30:00-05:00,1.7200000286102295,1.739799976348877,1.7200000286102295,1.7301000356674194,3323,0.0,0.0
2024-01-30 13:30:00-05:00,1.7599999904632568,1.7699999809265137,1.7599999904632568,1.7699999809265137,5352,0.0,0.0
2024-01-30 14:30:00-05:00,1.7799999713897705,1.7800999879837036,1.7699999809265137,1.7699999809265137,5306,0.0,0.0
2024-01-30 15:30:00-05:00,1.7649999856948853,1.7649999856948853,1.75,1.75,0,0.0,0.0
2024-01-31 09:30:00-05:00,1.75,1.7699999809265137,1.73989999294281,1.7599999904632568,3909,0.0,0.0
2024-01-31 10:30:00-05:00,1.7599999904632568,1.7599999904632568,1.75,1.75,7264,0.0,0.0
2024-01-31 11:30:00-05:00,1.7649999856948853,1.7999999523162842,1.7649999856948853,1.7999999523162842,6742,0.0,0.0
2024-01-31 12:30:00-05:00,1.7599999904632568,1.7999999523162842,1.7515000104904175,1.7515000104904175,3243,0.0,0.0
2024-01-31 13:30:00-05:00,1.774999976158142,1.774999976158142,1.75,1.75,12758,0.0,0.0
2024-01-31 14:30:00-05:00,1.7300000190734863,1.7300000190734863,1.7204999923706055,1.7204999923706055,423,0.0,0.0
2024-01-31 15:30:00-05:00,1.6699999570846558,1.6699999570846558,1.659999966621399,1.659999966621399,0,0.0,0.0
2024-02-01 10:30:00-05:00,1.725000023841858,1.725000023841858,1.7000000476837158,1.7000000476837158,2519,0.0,0.0
2024-02-01 11:30:00-05:00,1.7400000095367432,1.7400000095367432,1.7000000476837158,1.7000000476837158,7077,0.0,0.0
2024-02-01 13:30:00-05:00,1.7100000381469727,1.7201000452041626,1.7100000381469727,1.7201000452041626,5454,0.0,0.0
2024-02-01 14:30:00-05:00,1.7200000286102295,1.7200000286102295,1.7200000286102295,1.7200000286102295,202,0.0,0.0
2024-02-01 15:30:00-05:00,1.7100000381469727,1.7100000381469727,1.7000000476837158,1.7000000476837158,0,0.0,0.0
2024-02-02 09:30:00-05:00,1.7100000381469727,1.8200000524520874,1.7100000381469727,1.730299949645996,62339,0.0,0.0
2024-02-02 10:30:00-05:00,1.7400000095367432,1.7649999856948853,1.7100000381469727,1.75,16899,0.0,0.0
2024-02-02 11:30:00-05:00,1.7400000095367432,1.7799999713897705,1.7300000190734863,1.7619999647140503,27106,0.0,0.0
2024-02-02 12:30:00-05:00,1.774999976158142,1.774999976158142,1.75,1.7587000131607056,14764,0.0,0.0
2024-02-02 13:30:00-05:00,1.75,1.7584999799728394,1.7300000190734863,1.7300000190734863,9269,0.0,0.0
2024-02-02 14:30:00-05:00,1.7300000190734863,1.7599999904632568,1.7300000190734863,1.7599999904632568,18925,0.0,0.0
2024-02-02 15:30:00-05:00,1.7888000011444092,1.7888000011444092,1.75,1.75,5361,0.0,0.0
2024-02-05 09:30:00-05:00,1.7300000190734863,1.8000999689102173,1.7200000286102295,1.75,10561,0.0,0.0
2024-02-05 10:30:00-05:00,1.7400000095367432,1.7482999563217163,1.7100000381469727,1.7482999563217163,9320,0.0,0.0
2024-02-05 12:30:00-05:00,1.7400000095367432,1.7699999809265137,1.7400000095367432,1.7698999643325806,12333,0.0,0.0
2024-02-05 13:30:00-05:00,1.7699999809265137,1.7899999618530273,1.7599999904632568,1.7599999904632568,23045,0.0,0.0
2024-02-05 14:30:00-05:00,1.7899999618530273,1.7899999618530273,1.7699999809265137,1.7890000343322754,4030,0.0,0.0
2024-02-05 15:30:00-05:00,1.7649999856948853,1.7999999523162842,1.75,1.7999999523162842,0,0.0,0.0
2024-02-06 09:30:00-05:00,1.8300000429153442,1.9900000095367432,1.8300000429153442,1.948199987411499,41093,0.0,0.0
2024-02-06 10:30:00-05:00,1.9289000034332275,2.140000104904175,1.9289000034332275,2.0299999713897705,77148,0.0,0.0
2024-02-06 11:30:00-05:00,2.0399999618530273,2.119999885559082,1.9900000095367432,2.056999921798706,17470,0.0,0.0
2024-02-06 12:30:00-05:00,2.0399999618530273,2.059999942779541,1.944700002670288,2.0399999618530273,13015,0.0,0.0
2024-02-06 13:30:00-05:00,2.0699000358581543,2.0699000358581543,1.8700000047683716,1.8899999856948853,15819,0.0,0.0
2024-02-06 14:30:00-05:00,1.899999976158142,1.9199999570846558,1.8949999809265137,1.909999966621399,3056,0.0,0.0
2024-02-06 15:30:00-05:00,1.909999966621399,1.9290000200271606,1.8799999952316284,1.8899999856948853,0,0.0,0.0
2024-02-07 09:30:00-05:00,1.8700000047683716,1.9801000356674194,1.75,1.7990000247955322,41477,0.0,0.0
2024-02-07 10:30:00-05:00,1.806399941444397,1.806399941444397,1.7792999744415283,1.7799999713897705,6262,0.0,0.0
2024-02-07 11:30:00-05:00,1.8183000087738037,1.9700000286102295,1.8183000087738037,1.8899999856948853,9606,0.0,0.0
2024-02-07 12:30:00-05:00,1.899999976158142,1.9248000383377075,1.8899999856948853,1.9000999927520752,2652,0.0,0.0
2024-02-07 13:30:00-05:00,1.878999948501587,1.905400037765503,1.8700000047683716,1.8899999856948853,468,0.0,0.0
2024-02-07 14:30:00-05:00,1.8700000047683716,1.9484000205993652,1.840000033378601,1.899999976158142,5177,0.0,0.0
2024-02-07 15:30:00-05:00,1.8799999952316284,1.9249999523162842,1.850000023841858,1.8600000143051147,0,0.0,0.0
2024-02-08 09:30:00-05:00,1.8300000429153442,1.8956999778747559,1.690000057220459,1.7599999904632568,34027,0.0,0.0
2024-02-08 10:30:00-05:00,1.749899983406067,1.7999999523162842,1.749899983406067,1.7999999523162842,4163,0.0,0.0
2024-02-08 11:30:00-05:00,1.7999999523162842,1.7999999523162842,1.7999999523162842,1.7999999523162842,286,0.0,0.0
2024-02-08 13:30:00-05:00,1.8049999475479126,1.8350000381469727,1.7799999713897705,1.7999999523162842,17545,0.0,0.0
2024-02-08 14:30:00-05:00,1.7999999523162842,1.8899999856948853,1.7932000160217285,1.8503999710083008,16560,0.0,0.0
2024-02-08 15:30:00-05:00,1.850100040435791,1.8703999519348145,1.8200000524520874,1.8200000524520874,0,0.0,0.0
2024-02-09 09:30:00-05:00,1.899999976158142,1.899999976158142,1.8499000072479248,1.8499000072479248,6703,0.0,0.0
2024-02-09 10:30:00-05:00,1.850000023841858,1.8899999856948853,1.850000023841858,1.8700000047683716,4248,0.0,0.0
2024-02-09 11:30:00-05:00,1.8650000095367432,1.8700000047683716,1.850000023841858,1.8700000047683716,11034,0.0,0.0
2024-02-09 12:30:00-05:00,1.8200000524520874,1.8700000047683716,1.8200000524520874,1.8300000429153442,1186,0.0,0.0
2024-02-09 13:30:00-05:00,1.8700000047683716,1.8700000047683716,1.8700000047683716,1.8700000047683716,1040,0.0,0.0
2024-02-09 14:30:00-05:00,1.8401000499725342,1.9299999475479126,1.8401000499725342,1.9199999570846558,1579,0.0,0.0
2024-02-09 15:30:00-05:00,1.8880000114440918,1.8990000486373901,1.8600000143051147,1.8600000143051147,3504,0.0,0.0
2024-02-12 09:30:00-05:00,1.9299999475479126,1.9299999475479126,1.8200000524520874,1.8200000524520874,3303,0.0,0.0
2024-02-12 10:30:00-05:00,1.8003000020980835,1.8600000143051147,1.7899999618530273,1.7899999618530273,3330,0.0,0.0
2024-02-12 11:30:00-05:00,1.7958999872207642,1.7958999872207642,1.7599999904632568,1.7599999904632568,2991,0.0,0.0
2024-02-12 12:30:00-05:00,1.7700999975204468,1.8799999952316284,1.7700999975204468,1.8799999952316284,7361,0.0,0.0
2024-02-12 13:30:00-05:00,1.8250000476837158,1.8423999547958374,1.7711999416351318,1.8300000429153442,6189,0.0,0.0
2024-02-12 14:30:00-05:00,1.850000023841858,1.850100040435791,1.819700002670288,1.819700002670288,6315,0.0,0.0
2024-02-12 15:30:00-05:00,1.7999999523162842,1.8200000524520874,1.7599999904632568,1.7699999809265137,3345,0.0,0.0
2024-02-13 09:30:00-05:00,1.7200000286102295,1.750100016593933,1.7000000476837158,1.7200000286102295,8164,0.0,0.0
2024-02-13 10:30:00-05:00,1.7699999809265137,1.809999942779541,1.75,1.7999999523162842,3938,0.0,0.0
2024-02-13 11:30:00-05:00,1.809399962425232,1.809399962425232,1.75,1.750100016593933,1551,0.0,0.0
2024-02-13 13:30:00-05:00,1.7000999450683594,1.7100000381469727,1.690000057220459,1.7100000381469727,4649,0.0,0.0
2024-02-13 15:30:00-05:00,1.759600043296814,1.759600043296814,1.6699999570846558,1.7400000095367432,0,0.0,0.0
2024-02-14 09:30:00-05:00,1.7799999713897705,1.8300000429153442,1.7799999713897705,1.7799999713897705,2168,0.0,0.0
2024-02-14 10:30:00-05:00,1.7800999879837036,1.839900016784668,1.7400000095367432,1.839900016784668,19997,0.0,0.0
2024-02-14 11:30:00-05:00,1.7999999523162842,1.809999942779541,1.7999999523162842,1.809999942779541,1177,0.0,0.0
2024-02-14 12:30:00-05:00,1.7999999523162842,1.7999999523162842,1.7999999523162842,1.7999999523162842,326,0.0,0.0
2024-02-14 13:30:00-05:00,1.7400000095367432,1.7980999946594238,1.6820000410079956,1.7980999946594238,8574,0.0,0.0
2024-02-14 14:30:00-05:00,1.7651000022888184,1.8082000017166138,1.756600022315979,1.8080999851226807,3772,0.0,0.0
2024-02-14 15:30:00-05:00,1.809999942779541,1.8200000524520874,1.7799999713897705,1.8200000524520874,4033,0.0,0.0
2024-02-15 09:30:00-05:00,1.8799999952316284,1.899999976158142,1.8799999952316284,1.899999976158142,1593,0.0,0.0
2024-02-15 10:30:00-05:00,1.8513000011444092,1.9350999593734741,1.8513000011444092,1.9350999593734741,1286,0.0,0.0
2024-02-15 11:30:00-05:00,1.8801000118255615,1.9299999475479126,1.8701000213623047,1.8701000213623047,2850,0.0,0.0
2024-02-15 13:30:00-05:00,1.8753999471664429,1.8799999952316284,1.8700000047683716,1.8700000047683716,1001,0.0,0.0
2024-02-15 14:30:00-05:00,1.8849999904632568,1.899999976158142,1.8700000047683716,1.8981000185012817,1975,0.0,0.0
2024-02-15 15:30:00-05:00,1.8849999904632568,1.8914999961853027,1.8700000047683716,1.8914999961853027,1456,0.0,0.0
2024-02-16 09:30:00-05:00,1.7999999523162842,1.850000023841858,1.7999999523162842,1.809999942779541,2486,0.0,0.0
2024-02-16 10:30:00-05:00,1.899999976158142,1.899999976158142,1.899999976158142,1.899999976158142,966,0.0,0.0
2024-02-16 11:30:00-05:00,1.8980000019073486,1.909999966621399,1.88100004196167,1.88100004196167,2622,0.0,0.0
2024-02-16 12:30:00-05:00,1.9149999618530273,1.9199999570846558,1.9149999618530273,1.9199999570846558,542,0.0,0.0
2024-02-16 13:30:00-05:00,1.919800043106079,1.919800043106079,1.919800043106079,1.919800043106079,536,0.0,0.0
2024-02-16 14:30:00-05:00,1.9149999618530273,1.9199999570846558,1.899999976158142,1.9000999927520752,6816,0.0,0.0
2024-02-16 15:30:00-05:00,1.899999976158142,1.899999976158142,1.899999976158142,1.899999976158142,346,0.0,0.0
2024-02-20 09:30:00-05:00,1.899999976158142,1.899999976158142,1.7799999713897705,1.7799999713897705,4488,0.0,0.0
2024-02-20 11:30:00-05:00,1.8899999856948853,1.8899999856948853,1.8700000047683716,1.8700000047683716,2260,0.0,0.0
2024-02-20 15:30:00-05:00,1.850000023841858,1.850000023841858,1.850000023841858,1.850000023841858,0,0.0,0.0
2024-02-21 09:30:00-05:00,1.8241000175476074,1.8241000175476074,1.8100999593734741,1.8100999593734741,1800,0.0,0.0
2024-02-21 10:30:00-05:00,1.8250000476837158,1.8250000476837158,1.8250000476837158,1.8250000476837158,481,0.0,0.0
2024-02-21 11:30:00-05:00,1.840000033378601,1.840000033378601,1.840000033378601,1.840000033378601,509,0.0,0.0
2024-02-21 12:30:00-05:00,1.850000023841858,1.850000023841858,1.8300000429153442,1.8300000429153442,335,0.0,0.0
2024-02-21 13:30:00-05:00,1.8350000381469727,1.8350000381469727,1.7899999618530273,1.7899999618530273,2117,0.0,0.0
2024-02-21 14:30:00-05:00,1.8049999475479126,1.850000023841858,1.7899999618530273,1.840000033378601,9325,0.0,0.0
2024-02-21 15:30:00-05:00,1.850000023841858,1.909999966621399,1.850000023841858,1.909999966621399,0,0.0,0.0
2024-02-22 11:30:00-05:00,1.8300000429153442,1.8300000429153442,1.8300000429153442,1.8300000429153442,381,0.0,0.0
2024-02-22 12:30:00-05:00,1.899999976158142,1.899999976158142,1.899999976158142,1.899999976158142,5270,0.0,0.0
2024-02-22 14:30:00-05:00,1.868899941444397,1.868899941444397,1.868899941444397,1.868899941444397,254,0.0,0.0
2024-02-22 15:30:00-05:00,1.8899999856948853,1.8899999856948853,1.8899999856948853,1.8899999856948853,0,0.0,0.0
2024-02-23 09:30:00-05:00,1.8700000047683716,1.8700000047683716,1.850000023841858,1.850000023841858,1103,0.0,0.0
2024-02-23 10:30:00-05:00,1.8650000095367432,1.8650000095367432,1.8650000095367432,1.8650000095367432,4769,0.0,0.0
2024-02-23 12:30:00-05:00,1.850000023841858,1.850000023841858,1.850000023841858,1.850000023841858,884,0.0,0.0
2024-02-23 13:30:00-05:00,1.850000023841858,1.850000023841858,1.850000023841858,1.850000023841858,1320,0.0,0.0
2024-02-23 14:30:00-05:00,1.850000023841858,1.8600000143051147,1.7999999523162842,1.7999999523162842,2156,0.0,0.0
2024-02-23 15:30:00-05:00,1.7999999523162842,1.8200000524520874,1.75,1.809999942779541,17261,0.0,0.0
2024-02-26 09:30:00-05:00,1.9500000476837158,1.9800000190734863,1.8550000190734863,1.9800000190734863,8698,0.0,0.0
2024-02-26 10:30:00-05:00,1.9800000190734863,1.9900000095367432,1.8899999856948853,1.9234000444412231,16784,0.0,0.0
2024-02-26 11:30:00-05:00,1.909999966621399,1.909999966621399,1.909999966621399,1.909999966621399,531,0.0,0.0
2024-02-26 12:30:00-05:00,1.909999966621399,1.909999966621399,1.850000023841858,1.8568999767303467,4850,0.0,0.0
2024-02-26 13:30:00-05:00,1.840000033378601,1.840000033378601,1.8300000429153442,1.8300000429153442,919,0.0,0.0
2024-02-26 14:30:00-05:00,1.8350000381469727,1.8350000381469727,1.8200000524520874,1.8200000524520874,1219,0.0,0.0
2024-02-26 15:30:00-05:00,1.7999999523162842,1.839900016784668,1.7100000381469727,1.7300000190734863,4849,0.0,0.0
2024-02-27 09:30:00-05:00,1.7300000190734863,1.8499000072479248,1.7300000190734863,1.8259999752044678,4646,0.0,0.0
2024-02-27 10:30:00-05:00,1.7999999523162842,1.7999999523162842,1.75,1.7649999856948853,23479,0.0,0.0
2024-02-27 11:30:00-05:00,1.7315000295639038,1.8600000143051147,1.7300000190734863,1.75,14205,0.0,0.0
2024-02-27 12:30:00-05:00,1.7699999809265137,1.7699999809265137,1.7300000190734863,1.7300000190734863,9158,0.0,0.0
2024-02-27 13:30:00-05:00,1.7200000286102295,1.7582999467849731,1.6799999475479126,1.7582999467849731,11990,0.0,0.0
2024-02-27 14:30:00-05:00,1.7000000476837158,1.7699999809265137,1.649999976158142,1.649999976158142,11343,0.0,0.0
2024-02-27 15:30:00-05:00,1.649999976158142,1.7300000190734863,1.590000033378601,1.590000033378601,0,0.0,0.0
2024-02-28 09:30:00-05:00,1.559999942779541,1.73989999294281,1.559999942779541,1.7300000190734863,5554,0.0,0.0
2024-02-28 10:30:00-05:00,1.7300000190734863,1.7300000190734863,1.7300000190734863,1.7300000190734863,1636,0.0,0.0
2024-02-28 11:30:00-05:00,1.7000000476837158,1.7000000476837158,1.649999976158142,1.6950000524520874,3076,0.0,0.0
2024-02-28 12:30:00-05:00,1.7300000190734863,1.735700011253357,1.7000000476837158,1.7000000476837158,763,0.0,0.0
2024-02-28 13:30:00-05:00,1.6799999475479126,1.6950000524520874,1.6100000143051147,1.6100000143051147,9797,0.0,0.0
2024-02-28 14:30:00-05:00,1.6200000047683716,1.6871000528335571,1.600000023841858,1.6100000143051147,14964,0.0,0.0
2024-02-28 15:30:00-05:00,1.600000023841858,1.649999976158142,1.5800000429153442,1.6100000143051147,41598,0.0,0.0
2024-02-29 09:30:00-05:00,1.6699999570846558,1.7999999523162842,1.6301000118255615,1.7503000497817993,17685,0.0,0.0
2024-02-29 10:30:00-05:00,1.7400000095367432,1.7400000095367432,1.7100000381469727,1.7100000381469727,2684,0.0,0.0
2024-02-29 11:30:00-05:00,1.7100000381469727,1.7285000085830688,1.7100000381469727,1.7100000381469727,1439,0.0,0.0
2024-02-29 12:30:00-05:00,1.7000000476837158,1.7999999523162842,1.7000000476837158,1.7999999523162842,31128,0.0,0.0
2024-02-29 13:30:00-05:00,1.7999999523162842,1.9500000476837158,1.7999999523162842,1.9500000476837158,47644,0.0,0.0
2024-02-29 14:30:00-05:00,1.9500000476837158,2.1500000953674316,1.9500000476837158,2.0199999809265137,54406,0.0,0.0
2024-02-29 15:30:00-05:00,2.009999990463257,2.0399999618530273,1.850000023841858,1.8700000047683716,31998,0.0,0.0
2024-03-01 09:30:00-05:00,1.9285000562667847,2.0353000164031982,1.893399953842163,1.9417999982833862,17068,0.0,0.0
2024-03-01 10:30:00-05:00,1.9900000095367432,2.075700044631958,1.9900000095367432,2.069999933242798,11444,0.0,0.0
2024-03-01 11:30:00-05:00,2.086199998855591,2.1500000953674316,2.069999933242798,2.119999885559082,21161,0.0,0.0
2024-03-01 12:30:00-05:00,2.140000104904175,2.140000104904175,2.0799999237060547,2.119999885559082,8746,0.0,0.0
2024-03-01 13:30:00-05:00,2.119999885559082,2.119999885559082,2.049999952316284,2.119999885559082,11726,0.0,0.0
2024-03-01 14:30:00-05:00,2.119999885559082,2.140000104904175,2.0999999046325684,2.140000104904175,12129,0.0,0.0
2024-03-01 15:30:00-05:00,2.140000104904175,2.1500000953674316,2.119999885559082,2.1500000953674316,11137,0.0,0.0
2024-03-04 09:30:00-05:00,2.200000047683716,2.25,2.119999885559082,2.200000047683716,22314,0.0,0.0
2024-03-04 10:30:00-05:00,2.180000066757202,2.200000047683716,2.0999999046325684,2.0999999046325684,0,0.0,0.0
2024-03-04 11:30:00-05:00,2.0899999141693115,2.1361000537872314,2.0799999237060547,2.1361000537872314,3116,0.0,0.0
2024-03-04 12:30:00-05:00,2.0999999046325684,2.0999999046325684,2.0373001098632812,2.061300039291382,5104,0.0,0.0
2024-03-04 13:30:00-05:00,2.050100088119507,2.149899959564209,2.050100088119507,2.0989999771118164,1873,0.0,0.0
2024-03-04 14:30:00-05:00,2.109999895095825,2.109999895095825,2.050100088119507,2.08270001411438,9971,0.0,0.0
2024-03-04 15:30:00-05:00,2.0899999141693115,2.119999885559082,2.0199999809265137,2.0223000049591064,0,0.0,0.0
2024-03-05 09:30:00-05:00,2.0199999809265137,2.069999933242798,2.0,2.0199999809265137,4597,0.0,0.0
2024-03-05 10:30:00-05:00,1.9900000095367432,2.1698999404907227,1.9700000286102295,2.006999969482422,10759,0.0,0.0
2024-03-05 11:30:00-05:00,2.0299999713897705,2.0299999713897705,1.8628000020980835,1.8700000047683716,13330,0.0,0.0
2024-03-05 12:30:00-05:00,1.8949999809265137,1.9692000150680542,1.875,1.9692000150680542,3477,0.0,0.0
2024-03-05 15:30:00-05:00,1.9500000476837158,1.9700000286102295,1.9199999570846558,1.9199999570846558,32261,0.0,0.0
2024-03-06 09:30:00-05:00,2.015000104904175,2.015000104904175,1.9199999570846558,1.9199999570846558,2505,0.0,0.0
2024-03-06 10:30:00-05:00,1.9199999570846558,1.940000057220459,1.8799999952316284,1.9249999523162842,300,0.0,0.0
2024-03-06 11:30:00-05:00,1.9799000024795532,1.9799000024795532,1.9299999475479126,1.940000057220459,2028,0.0,0.0
2024-03-06 12:30:00-05:00,1.899999976158142,1.9395999908447266,1.899999976158142,1.909999966621399,2856,0.0,0.0
2024-03-06 13:30:00-05:00,1.9199999570846558,1.9199999570846558,1.899999976158142,1.9199999570846558,1681,0.0,0.0
2024-03-06 14:30:00-05:00,1.899999976158142,2.188499927520752,1.899999976158142,2.0799999237060547,31657,0.0,0.0
2024-03-06 15:30:00-05:00,2.049999952316284,2.049999952316284,1.9500000476837158,2.009999990463257,39996,0.0,0.0
2024-03-07 09:30:00-05:00,2.0,2.2300000190734863,2.0,2.0,12751,0.0,0.0
2024-03-07 10:30:00-05:00,2.0299999713897705,2.102099895477295,2.0299999713897705,2.102099895477295,2109,0.0,0.0
2024-03-07 11:30:00-05:00,2.069999933242798,2.0899999141693115,2.049999952316284,2.049999952316284,2588,0.0,0.0
2024-03-07 12:30:00-05:00,2.0899999141693115,2.0999999046325684,2.0199999809265137,2.0199999809265137,5264,0.0,0.0
2024-03-07 13:30:00-05:00,2.049999952316284,2.0899999141693115,1.9500000476837158,1.9700000286102295,27824,0.0,0.0
2024-03-07 14:30:00-05:00,2.0597000122070312,2.0597000122070312,2.005000114440918,2.005000114440918,624,0.0,0.0
2024-03-07 15:30:00-05:00,2.009999990463257,2.0199999809265137,1.9500000476837158,1.98989999294281,12809,0.0,0.0
2024-03-08 09:30:00-05:00,2.069999933242798,2.2383999824523926,2.0299999713897705,2.2100000381469727,13202,0.0,0.0
2024-03-08 10:30:00-05:00,2.190000057220459,2.2899999618530273,2.180000066757202,2.200000047683716,22429,0.0,0.0
2024-03-08 11:30:00-05:00,2.180000066757202,2.240000009536743,2.180000066757202,2.240000009536743,3169,0.0,0.0
2024-03-08 12:30:00-05:00,2.2320001125335693,2.259999990463257,2.2249999046325684,2.25,33664,0.0,0.0
2024-03-08 13:30:00-05:00,2.25,2.259999990463257,2.200000047683716,2.2200000286102295,11070,0.0,0.0
2024-03-08 14:30:00-05:00,2.2300000190734863,2.240000009536743,2.2149999141693115,2.240000009536743,3346,0.0,0.0
2024-03-08 15:30:00-05:00,2.240000009536743,2.259999990463257,2.2300000190734863,2.259999990463257,25462,0.0,0.0
2024-03-11 09:30:00-04:00,2.2699999809265137,2.3399999141693115,2.2699999809265137,2.3299999237060547,3955,0.0,0.0
2024-03-11 10:30:00-04:00,2.2809998989105225,2.390000104904175,2.2809998989105225,2.390000104904175,13341,0.0,0.0
2024-03-11 11:30:00-04:00,2.390000104904175,2.549999952316284,2.380000114440918,2.51990008354187,66473,0.0,0.0
2024-03-11 12:30:00-04:00,2.5,2.5199999809265137,2.440000057220459,2.450000047683716,6017,0.0,0.0
2024-03-11 13:30:00-04:00,2.440000057220459,2.4800000190734863,2.430000066757202,2.450000047683716,3643,0.0,0.0
2024-03-11 14:30:00-04:00,2.450000047683716,2.4600000381469727,2.4410998821258545,2.4600000381469727,5682,0.0,0.0
2024-03-11 15:30:00-04:00,2.450000047683716,2.4649999141693115,2.449899911880493,2.450000047683716,3835,0.0,0.0
2024-03-12 09:30:00-04:00,2.4700000286102295,2.5999999046325684,2.4100000858306885,2.569999933242798,10115,0.0,0.0
2024-03-12 10:30:00-04:00,2.569999933242798,2.569999933242798,2.480799913406372,2.5299999713897705,2958,0.0,0.0
2024-03-12 11:30:00-04:00,2.5299999713897705,2.5299999713897705,2.430000066757202,2.443700075149536,10419,0.0,0.0
2024-03-12 12:30:00-04:00,2.490000009536743,2.490000009536743,2.365000009536743,2.4100000858306885,5964,0.0,0.0
2024-03-12 13:30:00-04:00,2.4100000858306885,2.4100000858306885,2.369999885559082,2.4100000858306885,2575,0.0,0.0
2024-03-12 14:30:00-04:00,2.4000000953674316,2.4800000190734863,2.4000000953674316,2.4800000190734863,5638,0.0,0.0
2024-03-12 15:30:00-04:00,2.4700000286102295,2.5199999809265137,2.4700000286102295,2.5199999809265137,6888,0.0,0.0
2024-03-13 09:30:00-04:00,2.5799999237060547,2.700000047683716,2.4500999450683594,2.4800000190734863,76133,0.0,0.0
2024-03-13 10:30:00-04:00,2.549999952316284,2.5799999237060547,2.450000047683716,2.4800000190734863,56934,0.0,0.0
2024-03-13 11:30:00-04:00,2.4700000286102295,2.4702000617980957,2.3301000595092773,2.3499999046325684,20824,0.0,0.0
2024-03-13 12:30:00-04:00,2.3499999046325684,2.365000009536743,2.2600998878479004,2.365000009536743,4537,0.0,0.0
2024-03-13 13:30:00-04:00,2.359999895095825,2.369999885559082,2.319999933242798,2.365000009536743,5209,0.0,0.0
2024-03-13 14:30:00-04:00,2.3499999046325684,2.389899969100952,2.3299999237060547,2.3499999046325684,3105,0.0,0.0
2024-03-13 15:30:00-04:00,2.3947999477386475,2.4000000953674316,2.319999933242798,2.3399999141693115,5912,0.0,0.0
2024-03-14 09:30:00-04:00,2.315000057220459,2.358299970626831,2.315000057220459,2.358299970626831,796,0.0,0.0
2024-03-14 10:30:00-04:00,2.3499999046325684,2.3701000213623047,2.299999952316284,2.3499999046325684,4140,0.0,0.0
2024-03-14 11:30:00-04:00,2.3499999046325684,2.3499999046325684,2.3499999046325684,2.3499999046325684,478,0.0,0.0
2024-03-14 12:30:00-04:00,2.3798999786376953,2.3798999786376953,2.2100000381469727,2.2100000381469727,7194,0.0,0.0
2024-03-14 13:30:00-04:00,2.25,2.305000066757202,2.25,2.2799999713897705,2805,0.0,0.0
2024-03-14 14:30:00-04:00,2.2799999713897705,2.2899999618530273,2.2699999809265137,2.2899999618530273,1875,0.0,0.0
2024-03-14 15:30:00-04:00,2.2899999618530273,2.299999952316284,2.2699999809265137,2.299999952316284,2922,0.0,0.0
2024-03-15 09:30:00-04:00,2.2999000549316406,2.2999000549316406,2.240000009536743,2.240000009536743,2782,0.0,0.0
2024-03-15 10:30:00-04:00,2.265000104904175,2.265000104904175,2.240000009536743,2.240000009536743,2108,0.0,0.0
2024-03-15 11:30:00-04:00,2.240000009536743,2.240000009536743,2.2200000286102295,2.2200000286102295,1285,0.0,0.0
2024-03-15 12:30:00-04:00,2.2100000381469727,2.2100000381469727,2.200000047683716,2.200000047683716,1150,0.0,0.0
2024-03-15 13:30:00-04:00,2.1535000801086426,2.1600000858306885,1.9200999736785889,2.084199905395508,36536,0.0,0.0
2024-03-15 14:30:00-04:00,2.0299999713897705,2.0761001110076904,2.0199999809265137,2.069999933242798,4722,0.0,0.0
2024-03-15 15:30:00-04:00,2.069999933242798,2.0899999141693115,2.0299999713897705,2.0299999713897705,30963,0.0,0.0
2024-03-18 09:30:00-04:00,2.0899999141693115,2.180000066757202,2.0899999141693115,2.180000066757202,17681,0.0,0.0
2024-03-18 10:30:00-04:00,2.160099983215332,2.234999895095825,2.160099983215332,2.234999895095825,2243,0.0,0.0
2024-03-18 11:30:00-04:00,2.2850000858306885,2.3440001010894775,2.2019999027252197,2.2019999027252197,6788,0.0,0.0
2024-03-18 12:30:00-04:00,2.2200000286102295,2.2200000286102295,2.0,2.130000114440918,21643,0.0,0.0
2024-03-18 13:30:00-04:00,2.030100107192993,2.0799999237060547,2.030100107192993,2.0799999237060547,1479,0.0,0.0
2024-03-18 14:30:00-04:00,2.109999895095825,2.115000009536743,2.052000045776367,2.115000009536743,3481,0.0,0.0
2024-03-18 15:30:00-04:00,2.069999933242798,2.1500000953674316,2.069999933242798,2.1500000953674316,2529,0.0,0.0
2024-03-19 09:30:00-04:00,2.089900016784668,2.089900016784668,2.0799999237060547,2.0799999237060547,1837,0.0,0.0
2024-03-19 10:30:00-04:00,2.059999942779541,2.059999942779541,2.055000066757202,2.059999942779541,3592,0.0,0.0
2024-03-19 11:30:00-04:00,2.109999895095825,2.1700000762939453,2.0799999237060547,2.1700000762939453,7324,0.0,0.0
2024-03-19 12:30:00-04:00,2.217900037765503,2.225600004196167,2.1600000858306885,2.190000057220459,6354,0.0,0.0
2024-03-19 13:30:00-04:00,2.188800096511841,2.188800096511841,2.1500000953674316,2.1500000953674316,1946,0.0,0.0
2024-03-19 14:30:00-04:00,2.2200000286102295,2.2200000286102295,2.2200000286102295,2.2200000286102295,2522,0.0,0.0
2024-03-19 15:30:00-04:00,2.180000066757202,2.2200000286102295,2.180000066757202,2.2200000286102295,4722,0.0,0.0
2024-03-20 09:30:00-04:00,2.1600000858306885,2.325000047683716,2.1600000858306885,2.319999933242798,9490,0.0,0.0
2024-03-20 10:30:00-04:00,2.345900058746338,2.450000047683716,2.2799999713897705,2.2850000858306885,32827,0.0,0.0
2024-03-20 12:30:00-04:00,2.294300079345703,2.3199000358581543,2.2699999809265137,2.3199000358581543,11839,0.0,0.0
2024-03-20 13:30:00-04:00,2.299999952316284,2.299999952316284,2.299999952316284,2.299999952316284,0,0.0,0.0
2024-03-20 14:30:00-04:00,2.2200000286102295,2.299999952316284,2.200000047683716,2.280900001525879,3589,0.0,0.0
2024-03-20 15:30:00-04:00,2.299999952316284,2.299999952316284,2.119999885559082,2.119999885559082,49766,0.0,0.0
2024-03-21 09:30:00-04:00,2.109999895095825,2.4000000953674316,2.109999895095825,2.200000047683716,3675,0.0,0.0
2024-03-21 10:30:00-04:00,2.200000047683716,2.200000047683716,2.1500000953674316,2.1500000953674316,2635,0.0,0.0
2024-03-21 11:30:00-04:00,2.1500000953674316,2.1700000762939453,2.0899999141693115,2.1700000762939453,24521,0.0,0.0
2024-03-21 12:30:00-04:00,2.1600000858306885,2.2200000286102295,2.1600000858306885,2.2200000286102295,13608,0.0,0.0
2024-03-21 13:30:00-04:00,2.2200000286102295,2.2500998973846436,2.119999885559082,2.119999885559082,34234,0.0,0.0
2024-03-21 14:30:00-04:00,2.140000104904175,2.140000104904175,2.140000104904175,2.140000104904175,510,0.0,0.0
2024-03-21 15:30:00-04:00,2.119999885559082,2.140000104904175,2.109999895095825,2.119999885559082,1592,0.0,0.0
2024-03-22 09:30:00-04:00,2.119999885559082,2.119999885559082,2.119999885559082,2.119999885559082,1551,0.0,0.0
2024-03-22 10:30:00-04:00,2.119999885559082,2.1500000953674316,2.0799999237060547,2.1500000953674316,19020,0.0,0.0
2024-03-22 11:30:00-04:00,2.1105000972747803,2.2850000858306885,2.109999895095825,2.1700000762939453,34052,0.0,0.0
2024-03-22 12:30:00-04:00,2.240000009536743,2.25,2.240000009536743,2.25,5376,0.0,0.0
2024-03-22 14:30:00-04:00,2.180000066757202,2.2723000049591064,2.180000066757202,2.2723000049591064,487,0.0,0.0
2024-03-22 15:30:00-04:00,2.240000009536743,2.240000009536743,2.240000009536743,2.240000009536743,865,0.0,0.0
2024-03-25 09:30:00-04:00,2.309999942779541,2.309999942779541,2.134500026702881,2.134500026702881,4773,0.0,0.0
2024-03-25 10:30:00-04:00,2.200000047683716,2.259999990463257,2.0899999141693115,2.259999990463257,12193,0.0,0.0
2024-03-25 12:30:00-04:00,2.1512999534606934,2.1512999534606934,2.1512999534606934,2.1512999534606934,257,0.0,0.0
2024-03-25 13:30:00-04:00,2.1600000858306885,2.199899911880493,2.130000114440918,2.130000114440918,2210,0.0,0.0
2024-03-25 14:30:00-04:00,2.180000066757202,2.180000066757202,2.119999885559082,2.1500000953674316,6093,0.0,0.0
2024-03-25 15:30:00-04:00,2.0199999809265137,2.069999933242798,1.9500000476837158,2.0199999809265137,37262,0.0,0.0
2024-03-26 09:30:00-04:00,2.0,2.0999999046325684,2.0,2.039900064468384,12310,0.0,0.0
2024-03-26 10:30:00-04:00,2.0699000358581543,2.07069993019104,2.059999942779541,2.07069993019104,8009,0.0,0.0
2024-03-26 11:30:00-04:00,2.0797998905181885,2.109999895095825,2.0599000453948975,2.069499969482422,23545,0.0,0.0
2024-03-26 12:30:00-04:00,2.069999933242798,2.109999895095825,2.069999933242798,2.1098999977111816,1261,0.0,0.0
2024-03-26 13:30:00-04:00,2.1549999713897705,2.1549999713897705,2.130000114440918,2.130000114440918,2534,0.0,0.0
2024-03-26 14:30:00-04:00,2.1301000118255615,2.140000104904175,2.1301000118255615,2.140000104904175,1857,0.0,0.0
2024-03-26 15:30:00-04:00,2.049999952316284,2.049999952316284,2.0299999713897705,2.0299999713897705,234,0.0,0.0
2024-03-27 09:30:00-04:00,2.2200000286102295,2.2200000286102295,2.0299999713897705,2.0299999713897705,6635,0.0,0.0
2024-03-27 11:30:00-04:00,2.1500000953674316,2.1500000953674316,2.059999942779541,2.148699998855591,0,0.0,0.0
2024-03-27 12:30:00-04:00,2.0875000953674316,2.0875000953674316,2.0875000953674316,2.0875000953674316,9931,0.0,0.0
2024-03-27 13:30:00-04:00,2.059999942779541,2.089900016784668,2.059999942779541,2.089900016784668,2463,0.0,0.0
2024-03-27 14:30:00-04:00,2.059999942779541,2.070199966430664,2.059999942779541,2.059999942779541,1600,0.0,0.0
2024-03-27 15:30:00-04:00,2.0899999141693115,2.1050000190734863,2.0899999141693115,2.1050000190734863,743,0.0,0.0
2024-03-28 09:30:00-04:00,2.109999895095825,2.125,2.049999952316284,2.069999933242798,1597,0.0,0.0
2024-03-28 11:30:00-04:00,2.140000104904175,2.140000104904175,2.140000104904175,2.140000104904175,625,0.0,0.0
2024-03-28 12:30:00-04:00,2.070199966430664,2.070199966430664,2.070199966430664,2.070199966430664,244,0.0,0.0
2024-03-28 14:30:00-04:00,2.069999933242798,2.069999933242798,2.069999933242798,2.069999933242798,202,0.0,0.0
2024-03-28 15:30:00-04:00,2.1050000190734863,2.1050000190734863,2.1050000190734863,2.1050000190734863,341,0.0,0.0
2024-04-01 09:30:00-04:00,2.02020001411438,2.0815999507904053,2.02020001411438,2.0815999507904053,1262,0.0,0.0
2024-04-01 10:30:00-04:00,2.069999933242798,2.069999933242798,2.069999933242798,2.069999933242798,627,0.0,0.0
2024-04-01 11:30:00-04:00,2.0999999046325684,2.130000114440918,2.0999999046325684,2.130000114440918,3418,0.0,0.0
2024-04-01 12:30:00-04:00,2.130000114440918,2.130000114440918,2.0799999237060547,2.0799999237060547,3000,0.0,0.0
2024-04-01 13:30:00-04:00,2.0999999046325684,2.0999999046325684,2.069999933242798,2.069999933242798,4532,0.0,0.0
2024-04-01 14:30:00-04:00,2.009999990463257,2.009999990463257,2.009999990463257,2.009999990463257,1865,0.0,0.0
2024-04-01 15:30:00-04:00,2.009999990463257,2.0399999618530273,2.005000114440918,2.0399999618530273,1854,0.0,0.0
2024-04-02 09:30:00-04:00,2.0,2.0599000453948975,1.9500000476837158,2.0199999809265137,23722,0.0,0.0
2024-04-02 11:30:00-04:00,2.0399999618530273,2.0485000610351562,2.0399999618530273,2.0485000610351562,781,0.0,0.0
2024-04-02 13:30:00-04:00,1.9900000095367432,2.009999990463257,1.9900000095367432,2.009999990463257,6838,0.0,0.0
2024-04-02 15:30:00-04:00,2.0399999618530273,2.049999952316284,2.0399999618530273,2.049999952316284,4779,0.0,0.0
2024-04-03 09:30:00-04:00,2.059999942779541,2.075000047683716,2.0399999618530273,2.057499885559082,7581,0.0,0.0
2024-04-03 10:30:00-04:00,2.059999942779541,2.1798999309539795,2.049999952316284,2.1115000247955322,17954,0.0,0.0
2024-04-03 12:30:00-04:00,2.1600000858306885,2.1600000858306885,2.110100030899048,2.110100030899048,1609,0.0,0.0
2024-04-03 13:30:00-04:00,2.119999885559082,2.119999885559082,2.0999999046325684,2.119999885559082,7867,0.0,0.0
2024-04-03 14:30:00-04:00,2.109999895095825,2.119999885559082,2.109999895095825,2.119999885559082,0,0.0,0.0
2024-04-03 15:30:00-04:00,2.119999885559082,2.130000114440918,2.119999885559082,2.130000114440918,632,0.0,0.0
2024-04-04 09:30:00-04:00,2.1700000762939453,2.2321999073028564,2.1600000858306885,2.1600000858306885,4864,0.0,0.0
2024-04-04 10:30:00-04:00,2.130000114440918,2.1500000953674316,2.109999895095825,2.1500000953674316,3699,0.0,0.0
2024-04-04 11:30:00-04:00,2.1449999809265137,2.1449999809265137,2.1449999809265137,2.1449999809265137,968,0.0,0.0
2024-04-04 12:30:00-04:00,2.1110000610351562,2.119999885559082,2.1110000610351562,2.119999885559082,1698,0.0,0.0
2024-04-04 15:30:00-04:00,2.109999895095825,2.109999895095825,2.109999895095825,2.109999895095825,792,0.0,0.0
2024-04-05 10:30:00-04:00,2.0731000900268555,2.0899999141693115,2.0731000900268555,2.089900016784668,7296,0.0,0.0
2024-04-05 11:30:00-04:00,2.139699935913086,2.2100000381469727,2.139699935913086,2.2100000381469727,2579,0.0,0.0
2024-04-05 12:30:00-04:00,2.2100000381469727,2.2100000381469727,2.1500000953674316,2.1786000728607178,4119,0.0,0.0
2024-04-05 13:30:00-04:00,2.180000066757202,2.180000066757202,2.180000066757202,2.180000066757202,0,0.0,0.0
2024-04-05 15:30:00-04:00,2.109999895095825,2.109999895095825,2.109999895095825,2.109999895095825,578,0.0,0.0
2024-04-08 09:30:00-04:00,2.0999999046325684,2.1424999237060547,2.0999999046325684,2.1424999237060547,1304,0.0,0.0
2024-04-08 10:30:00-04:00,2.2191998958587646,2.2399001121520996,2.1600000858306885,2.1600000858306885,2086,0.0,0.0
2024-04-08 11:30:00-04:00,2.140000104904175,2.140000104904175,2.140000104904175,2.140000104904175,36,0.0,0.0
2024-04-08 12:30:00-04:00,2.1600000858306885,2.1600000858306885,2.1500000953674316,2.1600000858306885,5976,0.0,0.0
2024-04-08 13:30:00-04:00,2.1549999713897705,2.240000009536743,2.1549999713897705,2.240000009536743,26343,0.0,0.0
2024-04-08 14:30:00-04:00,2.2699999809265137,2.279900074005127,2.200000047683716,2.236299991607666,19863,0.0,0.0
2024-04-08 15:30:00-04:00,2.252000093460083,2.319999933242798,2.252000093460083,2.302000045776367,3933,0.0,0.0
2024-04-09 09:30:00-04:00,2.2100000381469727,2.29010009765625,2.2100000381469727,2.29010009765625,1331,0.0,0.0
2024-04-09 10:30:00-04:00,2.2899999618530273,2.450000047683716,2.2899999618530273,2.4140000343322754,17316,0.0,0.0
2024-04-09 11:30:00-04:00,2.4000000953674316,2.430000066757202,2.3299999237060547,2.3499999046325684,5787,0.0,0.0
2024-04-09 12:30:00-04:00,2.345900058746338,2.345900058746338,2.3450000286102295,2.3450000286102295,1712,0.0,0.0
2024-04-09 13:30:00-04:00,2.3201000690460205,2.380000114440918,2.2300000190734863,2.240000009536743,3926,0.0,0.0
2024-04-09 14:30:00-04:00,2.2300000190734863,2.2300000190734863,2.2300000190734863,2.2300000190734863,344,0.0,0.0
2024-04-09 15:30:00-04:00,2.309999942779541,2.309999942779541,2.2200000286102295,2.2200000286102295,800,0.0,0.0
2024-04-10 09:30:00-04:00,2.119999885559082,2.289900064468384,2.119999885559082,2.289900064468384,1885,0.0,0.0
2024-04-10 10:30:00-04:00,2.2079999446868896,2.240000009536743,2.2079999446868896,2.240000009536743,1041,0.0,0.0
2024-04-10 11:30:00-04:00,2.1600000858306885,2.1600000858306885,2.1500000953674316,2.1500000953674316,1557,0.0,0.0
2024-04-10 12:30:00-04:00,2.0871999263763428,2.119999885559082,2.0871999263763428,2.119999885559082,2506,0.0,0.0
2024-04-10 13:30:00-04:00,2.1387999057769775,2.1387999057769775,2.119999885559082,2.120300054550171,5154,0.0,0.0
2024-04-10 14:30:00-04:00,2.1600000858306885,2.2200000286102295,2.1600000858306885,2.194999933242798,4255,0.0,0.0
2024-04-10 15:30:00-04:00,2.25,2.259999990463257,2.25,2.259999990463257,2600,0.0,0.0
2024-04-11 09:30:00-04:00,2.2100000381469727,2.2200000286102295,2.2100000381469727,2.2200000286102295,690,0.0,0.0
2024-04-11 10:30:00-04:00,2.2200000286102295,2.2200000286102295,2.190000057220459,2.2200000286102295,855,0.0,0.0
2024-04-11 11:30:00-04:00,2.240000009536743,2.240000009536743,2.240000009536743,2.240000009536743,105,0.0,0.0
2024-04-11 12:30:00-04:00,2.240000009536743,2.240000009536743,2.240000009536743,2.240000009536743,1403,0.0,0.0
2024-04-11 13:30:00-04:00,2.240000009536743,2.2799999713897705,2.240000009536743,2.265500068664551,11110,0.0,0.0
2024-04-11 14:30:00-04:00,2.259999990463257,2.2699999809265137,2.259999990463257,2.2600998878479004,0,0.0,0.0
2024-04-11 15:30:00-04:00,2.2799999713897705,2.2799999713897705,2.25,2.259999990463257,2182,0.0,0.0
2024-04-12 09:30:00-04:00,2.2799999713897705,2.2799999713897705,2.100100040435791,2.100100040435791,735,0.0,0.0
2024-04-12 12:30:00-04:00,2.109999895095825,2.109999895095825,2.109999895095825,2.109999895095825,2000,0.0,0.0
2024-04-12 13:30:00-04:00,2.1649999618530273,2.1649999618530273,2.1649999618530273,2.1649999618530273,0,0.0,0.0
2024-04-12 14:30:00-04:00,2.200000047683716,2.2100000381469727,2.190000057220459,2.200000047683716,13651,0.0,0.0
2024-04-12 15:30:00-04:00,2.259999990463257,2.321700096130371,2.240000009536743,2.309999942779541,3893,0.0,0.0
2024-04-15 09:30:00-04:00,2.3399999141693115,2.3399999141693115,2.1700000762939453,2.2200000286102295,48505,0.0,0.0
2024-04-15 10:30:00-04:00,2.200000047683716,2.208400011062622,2.075000047683716,2.1947999000549316,23473,0.0,0.0
2024-04-15 11:30:00-04:00,2.1500000953674316,2.1500000953674316,2.0,2.009999990463257,19816,0.0,0.0
2024-04-15 12:30:00-04:00,2.065000057220459,2.1500000953674316,2.065000057220459,2.118000030517578,16143,0.0,0.0
2024-04-15 13:30:00-04:00,2.0399999618530273,2.065000057220459,2.0299999713897705,2.0299999713897705,3507,0.0,0.0
2024-04-15 14:30:00-04:00,2.049999952316284,2.049999952316284,1.9700000286102295,2.021899938583374,13232,0.0,0.0
2024-04-15 15:30:00-04:00,2.0199999809265137,2.1500000953674316,2.0199999809265137,2.069999933242798,17076,0.0,0.0
2024-04-16 09:30:00-04:00,2.0199999809265137,2.1774001121520996,2.0199999809265137,2.1774001121520996,2697,0.0,0.0
2024-04-16 12:30:00-04:00,2.1098999977111816,2.109999895095825,1.9901000261306763,2.0490000247955322,203332,0.0,0.0
2024-04-16 13:30:00-04:00,2.069999933242798,2.069999933242798,2.059999942779541,2.059999942779541,1186,0.0,0.0
2024-04-16 14:30:00-04:00,2.0999999046325684,2.0999999046325684,2.0999999046325684,2.0999999046325684,1261,0.0,0.0
2024-04-16 15:30:00-04:00,2.164400100708008,2.180000066757202,2.119999885559082,2.180000066757202,2878,0.0,0.0
2024-04-17 11:30:00-04:00,2.119999885559082,2.119999885559082,2.119999885559082,2.119999885559082,419,0.0,0.0
2024-04-17 12:30:00-04:00,2.109999895095825,2.109999895095825,2.109999895095825,2.109999895095825,2575,0.0,0.0
2024-04-17 13:30:00-04:00,2.100100040435791,2.100100040435791,2.100100040435791,2.100100040435791,5011,0.0,0.0
2024-04-17 15:30:00-04:00,2.0899999141693115,2.1259000301361084,2.069999933242798,2.069999933242798,1788,0.0,0.0
2024-04-18 09:30:00-04:00,2.011699914932251,2.0892999172210693,2.0000998973846436,2.0892999172210693,13827,0.0,0.0
2024-04-18 10:30:00-04:00,2.0999999046325684,2.0999999046325684,2.0999999046325684,2.0999999046325684,6135,0.0,0.0
2024-04-18 12:30:00-04:00,2.0299999713897705,2.0299999713897705,2.0199999809265137,2.0199999809265137,9099,0.0,0.0
2024-04-18 13:30:00-04:00,2.0199999809265137,2.0999999046325684,1.9900000095367432,2.0,15673,0.0,0.0
2024-04-18 14:30:00-04:00,2.0299999713897705,2.125,2.0299999713897705,2.069999933242798,10609,0.0,0.0
2024-04-18 15:30:00-04:00,2.069999933242798,2.0899999141693115,2.0399999618530273,2.0399999618530273,9090,0.0,0.0
2024-04-19 09:30:00-04:00,2.0,2.009999990463257,1.9902000427246094,1.9902000427246094,2680,0.0,0.0
2024-04-19 10:30:00-04:00,2.0799999237060547,2.0799999237060547,2.0522000789642334,2.0522000789642334,1692,0.0,0.0
2024-04-19 11:30:00-04:00,2.0199999809265137,2.0199999809265137,1.9900000095367432,1.9900000095367432,10116,0.0,0.0
2024-04-19 12:30:00-04:00,1.9950000047683716,2.049999952316284,1.9900000095367432,2.049999952316284,15376,0.0,0.0
2024-04-19 13:30:00-04:00,2.0299999713897705,2.0439999103546143,2.0000998973846436,2.0000998973846436,17840,0.0,0.0
2024-04-19 15:30:00-04:00,2.059999942779541,2.059999942779541,2.0299999713897705,2.0299999713897705,2653,0.0,0.0
2024-04-22 09:30:00-04:00,1.9950000047683716,2.0299999713897705,1.9950000047683716,2.0299999713897705,690,0.0,0.0
2024-04-22 10:30:00-04:00,2.055000066757202,2.055000066757202,2.055000066757202,2.055000066757202,556,0.0,0.0
2024-04-22 11:30:00-04:00,2.0199999809265137,2.0399999618530273,2.0,2.0399999618530273,4550,0.0,0.0
2024-04-22 12:30:00-04:00,2.0,2.0299999713897705,2.0,2.0299999713897705,1532,0.0,0.0
2024-04-22 13:30:00-04:00,1.9800000190734863,1.9800000190734863,1.899999976158142,1.899999976158142,2097,0.0,0.0
2024-04-22 15:30:00-04:00,2.0399999618530273,2.0399999618530273,1.9800000190734863,1.9800000190734863,626,0.0,0.0
2024-04-23 10:30:00-04:00,2.0,2.0064001083374023,1.9850000143051147,1.9850000143051147,3295,0.0,0.0
2024-04-23 12:30:00-04:00,1.9800000190734863,2.0062999725341797,1.9800000190734863,2.0062999725341797,3054,0.0,0.0
2024-04-23 14:30:00-04:00,2.049999952316284,2.049999952316284,2.0299999713897705,2.0299999713897705,11637,0.0,0.0
2024-04-23 15:30:00-04:00,2.0199999809265137,2.0199999809265137,2.0199999809265137,2.0199999809265137,314,0.0,0.0
2024-04-24 09:30:00-04:00,2.009999990463257,2.119999885559082,2.009999990463257,2.0399999618530273,10579,0.0,0.0
2024-04-24 10:30:00-04:00,2.0,2.0,2.0,2.0,5729,0.0,0.0
2024-04-24 11:30:00-04:00,1.9900000095367432,2.055000066757202,1.9900000095367432,2.0401999950408936,16628,0.0,0.0
2024-04-24 12:30:00-04:00,2.049999952316284,2.049999952316284,2.0299999713897705,2.0299999713897705,4044,0.0,0.0
2024-04-24 15:30:00-04:00,2.0299999713897705,2.0299999713897705,2.0299999713897705,2.0299999713897705,911,0.0,0.0
2024-04-25 09:30:00-04:00,1.9945000410079956,2.005000114440918,1.909999966621399,1.9800000190734863,11870,0.0,0.0
2024-04-25 10:30:00-04:00,1.9950000047683716,1.9950000047683716,1.9700000286102295,1.9700000286102295,422,0.0,0.0
2024-04-25 11:30:00-04:00,1.9701999425888062,1.9701999425888062,1.9701000452041626,1.9701999425888062,1016,0.0,0.0
2024-04-25 12:30:00-04:00,1.98989999294281,1.98989999294281,1.98989999294281,1.98989999294281,918,0.0,0.0
2024-04-25 15:30:00-04:00,1.940000057220459,1.940000057220459,1.940000057220459,1.940000057220459,220,0.0,0.0
2024-04-26 09:30:00-04:00,2.0099000930786133,2.0099000930786133,2.0099000930786133,2.0099000930786133,492,0.0,0.0
2024-04-26 11:30:00-04:00,1.909999966621399,1.909999966621399,1.909999966621399,1.909999966621399,1336,0.0,0.0
2024-04-26 13:30:00-04:00,1.940000057220459,1.9700000286102295,1.934999942779541,1.9500000476837158,9765,0.0,0.0
2024-04-26 14:30:00-04:00,1.9589999914169312,2.0000998973846436,1.9539999961853027,1.9950000047683716,11854,0.0,0.0
2024-04-26 15:30:00-04:00,1.9900000095367432,1.9950000047683716,1.9600000381469727,1.9950000047683716,3128,0.0,0.0
2024-04-29 09:30:00-04:00,2.009999990463257,2.009999990463257,2.009999990463257,2.009999990463257,766,0.0,0.0
2024-04-29 11:30:00-04:00,1.9600000381469727,1.9600000381469727,1.9600000381469727,1.9600000381469727,200,0.0,0.0
2024-04-29 12:30:00-04:00,2.015000104904175,2.088900089263916,2.015000104904175,2.088900089263916,10305,0.0,0.0
2024-04-29 13:30:00-04:00,2.049999952316284,2.049999952316284,2.049999952316284,2.049999952316284,10828,0.0,0.0
2024-04-29 14:30:00-04:00,2.0350000858306885,2.0592000484466553,2.0,2.0,18989,0.0,0.0
2024-04-29 15:30:00-04:00,2.005000114440918,2.005000114440918,1.9500000476837158,1.9500000476837158,5143,0.0,0.0
2024-04-30 09:30:00-04:00,1.9700000286102295,1.9700000286102295,1.9700000286102295,1.9700000286102295,620,0.0,0.0
2024-04-30 14:30:00-04:00,1.9700000286102295,1.9700000286102295,1.9700000286102295,1.9700000286102295,869,0.0,0.0
2024-04-30 15:30:00-04:00,1.9500000476837158,1.9500000476837158,1.9199999570846558,1.9199999570846558,2334,0.0,0.0
2024-05-01 11:30:00-04:00,1.8799999952316284,1.8801000118255615,1.8799999952316284,1.8801000118255615,2567,0.0,0.0
2024-05-01 13:30:00-04:00,1.9149999618530273,2.0,1.8799999952316284,2.0,17559,0.0,0.0
2024-05-01 14:30:00-04:00,2.0399999618530273,2.0399999618530273,2.0,2.0,4210,0.0,0.0
2024-05-01 15:30:00-04:00,2.009999990463257,2.0720999240875244,1.9800000190734863,1.9800000190734863,1962,0.0,0.0
2024-05-02 09:30:00-04:00,1.9299999475479126,1.9700000286102295,1.9299999475479126,1.9700000286102295,1711,0.0,0.0
2024-05-02 10:30:00-04:00,1.9900000095367432,1.9900000095367432,1.9800000190734863,1.9800000190734863,1153,0.0,0.0
2024-05-02 11:30:00-04:00,1.9600000381469727,2.059999942779541,1.940000057220459,2.059999942779541,61955,0.0,0.0
2024-05-02 12:30:00-04:00,2.0799999237060547,2.0961999893188477,2.0,2.0,30384,0.0,0.0
2024-05-02 13:30:00-04:00,1.9800000190734863,2.0499000549316406,1.9800000190734863,2.0499000549316406,2325,0.0,0.0
2024-05-02 14:30:00-04:00,2.049999952316284,2.049999952316284,1.9800000190734863,2.0299999713897705,11946,0.0,0.0
2024-05-02 15:30:00-04:00,1.9900000095367432,2.009999990463257,1.9500000476837158,1.9700000286102295,5954,0.0,0.0
2024-05-03 10:30:00-04:00,1.9869999885559082,2.0299999713897705,1.9869999885559082,2.0299999713897705,1680,0.0,0.0
2024-05-03 11:30:00-04:00,2.0299999713897705,2.0399999618530273,1.9900000095367432,2.0,10052,0.0,0.0
2024-05-03 12:30:00-04:00,2.0199999809265137,2.0199999809265137,2.0,2.0,1672,0.0,0.0
2024-05-03 13:30:00-04:00,2.0181000232696533,2.0181000232696533,2.0181000232696533,2.0181000232696533,768,0.0,0.0
2024-05-06 10:30:00-04:00,2.0,2.0,2.0,2.0,977,0.0,0.0
2024-05-06 11:30:00-04:00,2.015000104904175,2.0299999713897705,1.9752999544143677,1.9801000356674194,4505,0.0,0.0
2024-05-06 12:30:00-04:00,2.0100998878479004,2.0100998878479004,1.9500000476837158,1.9500000476837158,6262,0.0,0.0
2024-05-06 13:30:00-04:00,1.9299999475479126,1.9299999475479126,1.9299999475479126,1.9299999475479126,1385,0.0,0.0
2024-05-06 14:30:00-04:00,1.899999976158142,1.9500000476837158,1.899999976158142,1.9002000093460083,8164,0.0,0.0
2024-05-06 15:30:00-04:00,1.899999976158142,1.9182000160217285,1.899999976158142,1.9182000160217285,744,0.0,0.0
2024-05-07 09:30:00-04:00,2.003999948501587,2.003999948501587,1.9677000045776367,1.9677000045776367,1575,0.0,0.0
2024-05-07 10:30:00-04:00,1.9199999570846558,1.9417999982833862,1.909999966621399,1.9417999982833862,4632,0.0,0.0
2024-05-07 12:30:00-04:00,1.9800000190734863,1.9800000190734863,1.9800000190734863,1.9800000190734863,2736,0.0,0.0
2024-05-07 14:30:00-04:00,1.9800000190734863,1.9950000047683716,1.899999976158142,1.9199999570846558,26508,0.0,0.0
2024-05-07 15:30:00-04:00,1.8899999856948853,1.8899999856948853,1.8899999856948853,1.8899999856948853,710,0.0,0.0
2024-05-08 09:30:00-04:00,1.8899999856948853,1.9375,1.8601000308990479,1.8601000308990479,7730,0.0,0.0
2024-05-08 10:30:00-04:00,1.8524999618530273,1.8524999618530273,1.839900016784668,1.8401000499725342,5089,0.0,0.0
2024-05-08 11:30:00-04:00,1.850100040435791,1.909999966621399,1.840000033378601,1.8700000047683716,20713,0.0,0.0
2024-05-08 12:30:00-04:00,1.8200000524520874,1.8200000524520874,1.8200000524520874,1.8200000524520874,2933,0.0,0.0
2024-05-08 13:30:00-04:00,1.7799999713897705,1.7799999713897705,1.7400000095367432,1.7604000568389893,11453,0.0,0.0
2024-05-08 14:30:00-04:00,1.763800024986267,1.8650000095367432,1.7400000095367432,1.850000023841858,16092,0.0,0.0
2024-05-08 15:30:00-04:00,1.8450000286102295,1.8450000286102295,1.7699999809265137,1.7699999809265137,7436,0.0,0.0
2024-05-09 10:30:00-04:00,1.7599999904632568,1.76010000705719,1.7599999904632568,1.76010000705719,1654,0.0,0.0
2024-05-09 11:30:00-04:00,1.7799999713897705,1.7799999713897705,1.7799999713897705,1.7799999713897705,909,0.0,0.0
2024-05-09 12:30:00-04:00,1.7894999980926514,1.7894999980926514,1.7894999980926514,1.7894999980926514,323,0.0,0.0
2024-05-09 13:30:00-04:00,1.8097000122070312,1.8099000453948975,1.8097000122070312,1.8099000453948975,252,0.0,0.0
2024-05-09 14:30:00-04:00,1.7899999618530273,1.7899999618530273,1.7899999618530273,1.7899999618530273,2010,0.0,0.0
2024-05-09 15:30:00-04:00,1.7799999713897705,1.7800999879837036,1.7799999713897705,1.7799999713897705,4851,0.0,0.0
2024-05-10 09:30:00-04:00,1.7788000106811523,1.7789000272750854,1.7788000106811523,1.7789000272750854,361,0.0,0.0
2024-05-10 10:30:00-04:00,1.7799999713897705,1.809999942779541,1.7799999713897705,1.797700047492981,8926,0.0,0.0
2024-05-10 11:30:00-04:00,1.7799999713897705,1.7799999713897705,1.7599999904632568,1.7599999904632568,2241,0.0,0.0
2024-05-10 12:30:00-04:00,1.7599999904632568,1.7799999713897705,1.7599999904632568,1.7799999713897705,4508,0.0,0.0
2024-05-10 14:30:00-04:00,1.7799999713897705,1.8200000524520874,1.7799999713897705,1.8200000524520874,4539,0.0,0.0
2024-05-10 15:30:00-04:00,1.8600000143051147,1.8799999952316284,1.850000023841858,1.8700000047683716,18198,0.0,0.0
2024-05-13 09:30:00-04:00,1.8300000429153442,1.8300000429153442,1.8300000429153442,1.8300000429153442,470,0.0,0.0
2024-05-13 11:30:00-04:00,1.8177000284194946,1.8200000524520874,1.8109999895095825,1.8109999895095825,2187,0.0,0.0
2024-05-13 13:30:00-04:00,1.8350000381469727,1.8350000381469727,1.8350000381469727,1.8350000381469727,124,0.0,0.0
2024-05-13 14:30:00-04:00,1.840000033378601,1.840000033378601,1.840000033378601,1.840000033378601,195,0.0,0.0
2024-05-14 10:30:00-04:00,1.809999942779541,1.8600000143051147,1.809999942779541,1.8600000143051147,16269,0.0,0.0
2024-05-14 11:30:00-04:00,1.9299999475479126,1.940000057220459,1.850000023841858,1.9199999570846558,9347,0.0,0.0
2024-05-14 12:30:00-04:00,1.9000999927520752,1.9000999927520752,1.809999942779541,1.809999942779541,419,0.0,0.0
2024-05-14 14:30:00-04:00,1.8853000402450562,1.8853000402450562,1.8853000402450562,1.8853000402450562,563,0.0,0.0
2024-05-15 09:30:00-04:00,1.8200000524520874,1.8200000524520874,1.8200000524520874,1.8200000524520874,2122,0.0,0.0
2024-05-15 10:30:00-04:00,1.8600000143051147,1.9000999927520752,1.8244999647140503,1.8244999647140503,4317,0.0,0.0
2024-05-15 12:30:00-04:00,1.809999942779541,1.809999942779541,1.809999942779541,1.809999942779541,449,0.0,0.0
2024-05-15 14:30:00-04:00,1.809999942779541,1.809999942779541,1.809999942779541,1.809999942779541,2725,0.0,0.0
2024-05-15 15:30:00-04:00,1.7998000383377075,1.7998000383377075,1.7799999713897705,1.7799999713897705,768,0.0,0.0
2024-05-16 10:30:00-04:00,1.8350000381469727,1.8350000381469727,1.7799999713897705,1.8274999856948853,3917,0.0,0.0
2024-05-16 11:30:00-04:00,1.7799999713897705,1.7799999713897705,1.7799999713897705,1.7799999713897705,406,0.0,0.0
2024-05-16 12:30:00-04:00,1.78410005569458,1.78410005569458,1.78410005569458,1.78410005569458,2011,0.0,0.0
2024-05-16 13:30:00-04:00,1.8350000381469727,1.8350000381469727,1.8350000381469727,1.8350000381469727,1112,0.0,0.0
2024-05-16 15:30:00-04:00,1.7999999523162842,1.7999999523162842,1.7999999523162842,1.7999999523162842,588,0.0,0.0
2024-05-17 10:30:00-04:00,1.8966000080108643,1.8966000080108643,1.8966000080108643,1.8966000080108643,655,0.0,0.0
2024-05-17 14:30:00-04:00,1.809999942779541,1.809999942779541,1.809999942779541,1.809999942779541,3211,0.0,0.0
2024-05-17 15:30:00-04:00,1.7799999713897705,1.7799999713897705,1.75,1.75,251,0.0,0.0
2024-05-20 09:30:00-04:00,1.815000057220459,1.815000057220459,1.815000057220459,1.815000057220459,1145,0.0,0.0
2024-05-20 12:30:00-04:00,1.7649999856948853,1.7649999856948853,1.7549999952316284,1.7598999738693237,2051,0.0,0.0
2024-05-20 13:30:00-04:00,1.7599999904632568,1.7599999904632568,1.7599999904632568,1.7599999904632568,1085,0.0,0.0
2024-05-20 14:30:00-04:00,1.7599999904632568,1.7599999904632568,1.7599999904632568,1.7599999904632568,993,0.0,0.0
2024-05-21 11:30:00-04:00,1.7799999713897705,1.7999999523162842,1.7699999809265137,1.7992000579833984,9581,0.0,0.0
2024-05-21 14:30:00-04:00,1.809999942779541,1.9299999475479126,1.8092000484466553,1.9200999736785889,37573,0.0,0.0
2024-05-21 15:30:00-04:00,1.9249999523162842,1.9249999523162842,1.899999976158142,1.899999976158142,4180,0.0,0.0
2024-05-22 09:30:00-04:00,1.899999976158142,1.899999976158142,1.8899999856948853,1.8899999856948853,1286,0.0,0.0
2024-05-22 10:30:00-04:00,1.7733999490737915,1.809999942779541,1.7699999809265137,1.7700999975204468,10170,0.0,0.0
2024-05-22 11:30:00-04:00,1.774999976158142,1.7799999713897705,1.7699999809265137,1.7799999713897705,1661,0.0,0.0
2024-05-22 12:30:00-04:00,1.7799999713897705,1.8099000453948975,1.7599999904632568,1.7599999904632568,12652,0.0,0.0
2024-05-22 13:30:00-04:00,1.7699999809265137,1.8049999475479126,1.7699999809265137,1.8049999475479126,1646,0.0,0.0
2024-05-22 15:30:00-04:00,1.7899999618530273,1.7899999618530273,1.7899999618530273,1.7899999618530273,225,0.0,0.0
2024-05-23 10:30:00-04:00,1.8300000429153442,1.8645999431610107,1.8300000429153442,1.8645999431610107,7566,0.0,0.0
2024-05-23 13:30:00-04:00,1.7400000095367432,1.7400000095367432,1.690000057220459,1.7000000476837158,5855,0.0,0.0
2024-05-23 14:30:00-04:00,1.7450000047683716,1.7450000047683716,1.7450000047683716,1.7450000047683716,1111,0.0,0.0
2024-05-23 15:30:00-04:00,1.7400000095367432,1.7400000095367432,1.7400000095367432,1.7400000095367432,822,0.0,0.0
2024-05-24 10:30:00-04:00,1.700700044631958,1.809999942779541,1.7000000476837158,1.809999942779541,9120,0.0,0.0
2024-05-24 12:30:00-04:00,1.8158999681472778,1.8158999681472778,1.8158999681472778,1.8158999681472778,5693,0.0,0.0
2024-05-24 13:30:00-04:00,1.8109999895095825,1.8109999895095825,1.8109999895095825,1.8109999895095825,2283,0.0,0.0
2024-05-24 14:30:00-04:00,1.8300000429153442,1.8799999952316284,1.8294999599456787,1.8600000143051147,13496,0.0,0.0
2024-05-24 15:30:00-04:00,1.8985999822616577,1.8985999822616577,1.875,1.875,0,0.0,0.0
2024-05-28 09:30:00-04:00,1.8300000429153442,1.9199999570846558,1.8300000429153442,1.909999966621399,6402,0.0,0.0
2024-05-28 10:30:00-04:00,1.8250000476837158,1.8250000476837158,1.8250000476837158,1.8250000476837158,458,0.0,0.0
2024-05-29 09:30:00-04:00,1.8300000429153442,1.8300000429153442,1.750100016593933,1.750100016593933,2333,0.0,0.0
2024-05-29 10:30:00-04:00,1.909999966621399,1.909999966621399,1.909999966621399,1.909999966621399,212,0.0,0.0
2024-05-29 12:30:00-04:00,1.9098999500274658,1.9098999500274658,1.9098999500274658,1.9098999500274658,2165,0.0,0.0
2024-05-29 14:30:00-04:00,1.899999976158142,1.899999976158142,1.899999976158142,1.899999976158142,765,0.0,0.0
2024-05-29 15:30:00-04:00,1.899999976158142,1.899999976158142,1.899999976158142,1.899999976158142,671,0.0,0.0
2024-05-30 09:30:00-04:00,1.9199999570846558,1.9241000413894653,1.899999976158142,1.9241000413894653,3945,0.0,0.0
2024-05-30 10:30:00-04:00,1.8901000022888184,2.0,1.8901000022888184,1.9200999736785889,15720,0.0,0.0
2024-05-30 11:30:00-04:00,1.98989999294281,1.98989999294281,1.9500000476837158,1.9500000476837158,1637,0.0,0.0
2024-05-30 12:30:00-04:00,1.985700011253357,2.070199966430664,1.985700011253357,2.0201001167297363,23026,0.0,0.0
2024-05-30 13:30:00-04:00,2.0,2.009999990463257,1.9400999546051025,1.9400999546051025,9917,0.0,0.0
2024-05-30 14:30:00-04:00,1.9119999408721924,1.9299999475479126,1.909999966621399,1.909999966621399,2489,0.0,0.0
2024-05-30 15:30:00-04:00,1.9199999570846558,1.9299999475479126,1.9149999618530273,1.9299999475479126,1601,0.0,0.0
2024-05-31 09:30:00-04:00,1.9299999475479126,1.9299999475479126,1.7806999683380127,1.7806999683380127,3646,0.0,0.0
2024-05-31 10:30:00-04:00,1.8450000286102295,1.8450000286102295,1.8450000286102295,1.8450000286102295,110,0.0,0.0
2024-05-31 11:30:00-04:00,1.8450000286102295,1.8799999952316284,1.8450000286102295,1.8799999952316284,855,0.0,0.0
2024-05-31 12:30:00-04:00,1.8799999952316284,1.8799999952316284,1.8799999952316284,1.8799999952316284,772,0.0,0.0
2024-05-31 14:30:00-04:00,1.899999976158142,1.899999976158142,1.8899999856948853,1.8899999856948853,2346,0.0,0.0
2024-05-31 15:30:00-04:00,1.9198999404907227,1.9198999404907227,1.899999976158142,1.909999966621399,8334,0.0,0.0
2024-06-03 09:30:00-04:00,1.9500000476837158,2.0499000549316406,1.940000057220459,1.9500000476837158,34979,0.0,0.0
2024-06-03 11:30:00-04:00,1.9564000368118286,2.009999990463257,1.9564000368118286,2.002000093460083,1772,0.0,0.0
2024-06-03 12:30:00-04:00,2.002000093460083,2.01990008354187,2.0,2.01990008354187,1407,0.0,0.0
2024-06-03 13:30:00-04:00,2.000999927520752,2.000999927520752,1.8300000429153442,1.8300000429153442,41231,0.0,0.0
2024-06-03 14:30:00-04:00,1.7999999523162842,1.8499000072479248,1.75,1.8049999475479126,34099,0.0,0.0
2024-06-03 15:30:00-04:00,1.840000033378601,1.850000023841858,1.7899999618530273,1.7899999618530273,0,0.0,0.0
2024-06-04 09:30:00-04:00,1.850000023841858,1.850000023841858,1.7949999570846558,1.7949999570846558,4115,0.0,0.0
2024-06-04 10:30:00-04:00,1.75,1.798200011253357,1.7338000535964966,1.798200011253357,74650,0.0,0.0
2024-06-04 11:30:00-04:00,1.75,1.7899999618530273,1.75,1.7899999618530273,1242,0.0,0.0
2024-06-04 12:30:00-04:00,1.7829999923706055,1.7829999923706055,1.7649999856948853,1.7799999713897705,1824,0.0,0.0
2024-06-04 13:30:00-04:00,1.7699999809265137,1.7699999809265137,1.7699999809265137,1.7699999809265137,168,0.0,0.0
2024-06-04 14:30:00-04:00,1.7699999809265137,1.7899999618530273,1.7699999809265137,1.7899999618530273,589,0.0,0.0
2024-06-04 15:30:00-04:00,1.774999976158142,1.774999976158142,1.774999976158142,1.774999976158142,445,0.0,0.0
2024-06-05 09:30:00-04:00,1.850000023841858,1.9700000286102295,1.8001999855041504,1.8001999855041504,11483,0.0,0.0
2024-06-05 10:30:00-04:00,1.899999976158142,1.9299999475479126,1.8849999904632568,1.906999945640564,8701,0.0,0.0
2024-06-05 11:30:00-04:00,1.899999976158142,1.940000057220459,1.899999976158142,1.940000057220459,20723,0.0,0.0
2024-06-05 12:30:00-04:00,1.8899999856948853,1.9500000476837158,1.8899999856948853,1.9299999475479126,6904,0.0,0.0
2024-06-05 14:30:00-04:00,1.9700000286102295,1.9800000190734863,1.9700000286102295,1.9800000190734863,2440,0.0,0.0
2024-06-05 15:30:00-04:00,1.9466999769210815,1.9800000190734863,1.9466999769210815,1.9800000190734863,1228,0.0,0.0
2024-06-06 09:30:00-04:00,1.9900000095367432,1.9900000095367432,1.9550000429153442,1.9891999959945679,10448,0.0,0.0
2024-06-06 10:30:00-04:00,1.940000057220459,1.940000057220459,1.909999966621399,1.9199999570846558,42025,0.0,0.0
2024-06-06 11:30:00-04:00,1.9700000286102295,1.9900000095367432,1.9600000381469727,1.9600000381469727,5582,0.0,0.0
2024-06-06 12:30:00-04:00,1.9800000190734863,1.9800000190734863,1.9146000146865845,1.9700000286102295,1362,0.0,0.0
2024-06-06 13:30:00-04:00,1.9500999450683594,1.9508999586105347,1.910099983215332,1.910099983215332,14111,0.0,0.0
2024-06-06 15:30:00-04:00,1.9800000190734863,1.9800000190734863,1.9800000190734863,1.9800000190734863,1286,0.0,0.0
2024-06-07 09:30:00-04:00,1.8799999952316284,1.9199999570846558,1.8799999952316284,1.9199999570846558,5650,0.0,0.0
2024-06-07 10:30:00-04:00,1.9014999866485596,1.9399000406265259,1.8899999856948853,1.8949999809265137,2205,0.0,0.0
2024-06-07 11:30:00-04:00,1.9199999570846558,1.9199999570846558,1.8601000308990479,1.8799999952316284,15601,0.0,0.0
2024-06-07 12:30:00-04:00,1.8703999519348145,1.8703999519348145,1.8600000143051147,1.8600000143051147,2322,0.0,0.0
2024-06-07 13:30:00-04:00,1.8550000190734863,1.8550000190734863,1.75,1.75,7398,0.0,0.0
2024-06-07 14:30:00-04:00,1.7799999713897705,1.809999942779541,1.7400000095367432,1.8049999475479126,12497,0.0,0.0
2024-06-07 15:30:00-04:00,1.8099000453948975,1.809999942779541,1.7999999523162842,1.7999999523162842,2699,0.0,0.0
2024-06-10 09:30:00-04:00,1.809999942779541,1.850000023841858,1.809999942779541,1.840000033378601,7801,0.0,0.0
2024-06-10 10:30:00-04:00,1.8200000524520874,1.8899999856948853,1.8200000524520874,1.8758000135421753,1412,0.0,0.0
2024-06-10 11:30:00-04:00,1.8550000190734863,1.899999976158142,1.843000054359436,1.899999976158142,5272,0.0,0.0
2024-06-10 12:30:00-04:00,1.919800043106079,1.919800043106079,1.8901000022888184,1.8901000022888184,1600,0.0,0.0
2024-06-10 13:30:00-04:00,1.875,1.875,1.875,1.875,452,0.0,0.0
2024-06-10 14:30:00-04:00,1.8899999856948853,1.909999966621399,1.8899999856948853,1.909999966621399,709,0.0,0.0
2024-06-11 09:30:00-04:00,1.909999966621399,1.909999966621399,1.8700000047683716,1.909999966621399,18533,0.0,0.0
2024-06-11 10:30:00-04:00,1.8961999416351318,1.899999976158142,1.878000020980835,1.888800024986267,2212,0.0,0.0
2024-06-11 11:30:00-04:00,1.899999976158142,1.9005000591278076,1.899999976158142,1.899999976158142,3555,0.0,0.0
2024-06-11 12:30:00-04:00,1.909999966621399,1.909999966621399,1.909999966621399,1.909999966621399,1024,0.0,0.0
2024-06-11 13:30:00-04:00,1.9117000102996826,1.9117000102996826,1.8703999519348145,1.8911000490188599,2527,0.0,0.0
2024-06-11 14:30:00-04:00,1.8949999809265137,1.909999966621399,1.850000023841858,1.8765000104904175,1922,0.0,0.0
2024-06-11 15:30:00-04:00,1.899899959564209,1.899899959564209,1.899899959564209,1.899899959564209,889,0.0,0.0
2024-06-12 09:30:00-04:00,1.9199999570846558,1.948199987411499,1.8600000143051147,1.8707000017166138,2397,0.0,0.0
2024-06-12 10:30:00-04:00,1.8899999856948853,1.9198999404907227,1.8801000118255615,1.9049999713897705,6623,0.0,0.0
2024-06-12 11:30:00-04:00,1.9076000452041626,1.909999966621399,1.9076000452041626,1.909999966621399,268,0.0,0.0
2024-06-12 12:30:00-04:00,1.9076000452041626,1.9199999570846558,1.9076000452041626,1.9198999404907227,7880,0.0,0.0
2024-06-12 14:30:00-04:00,1.919100046157837,1.919100046157837,1.909999966621399,1.909999966621399,1282,0.0,0.0
2024-06-12 15:30:00-04:00,1.8799999952316284,1.8799999952316284,1.850100040435791,1.8799999952316284,3062,0.0,0.0
2024-06-13 09:30:00-04:00,1.8899999856948853,1.8899999856948853,1.8601000308990479,1.8899999856948853,808,0.0,0.0
2024-06-13 10:30:00-04:00,1.861799955368042,1.861799955368042,1.861799955368042,1.861799955368042,1288,0.0,0.0
2024-06-13 11:30:00-04:00,1.9199999570846558,1.9199999570846558,1.8799999952316284,1.8809000253677368,6394,0.0,0.0
2024-06-13 12:30:00-04:00,1.8600000143051147,1.8600000143051147,1.8600000143051147,1.8600000143051147,2477,0.0,0.0
2024-06-13 13:30:00-04:00,1.833400011062622,1.833400011062622,1.8300000429153442,1.8300000429153442,2361,0.0,0.0
2024-06-13 14:30:00-04:00,1.850000023841858,1.8600000143051147,1.8300000429153442,1.8300000429153442,2147,0.0,0.0
2024-06-13 15:30:00-04:00,1.8215999603271484,1.8600000143051147,1.8200000524520874,1.8200000524520874,562,0.0,0.0
2024-06-14 09:30:00-04:00,1.9199999570846558,1.9199999570846558,1.7699999809265137,1.7699999809265137,16257,0.0,0.0
2024-06-14 10:30:00-04:00,1.76010000705719,1.7999999523162842,1.75,1.7699999809265137,12246,0.0,0.0
2024-06-14 11:30:00-04:00,1.7898999452590942,1.7898999452590942,1.75,1.75,5388,0.0,0.0
2024-06-14 12:30:00-04:00,1.75,1.7699999809265137,1.7400000095367432,1.7699999809265137,2520,0.0,0.0
2024-06-14 13:30:00-04:00,1.7699999809265137,1.819599986076355,1.7599999904632568,1.7799999713897705,6534,0.0,0.0
2024-06-14 14:30:00-04:00,1.7899999618530273,1.809999942779541,1.7899999618530273,1.7999999523162842,2567,0.0,0.0
2024-06-14 15:30:00-04:00,1.7699999809265137,1.7699999809265137,1.7699999809265137,1.7699999809265137,527,0.0,0.0
2024-06-17 09:30:00-04:00,1.7999999523162842,1.7999999523162842,1.75,1.75,6531,0.0,0.0
2024-06-17 10:30:00-04:00,1.75,1.7799999713897705,1.75,1.7599999904632568,2309,0.0,0.0
2024-06-17 11:30:00-04:00,1.75,1.75,1.75,1.75,1082,0.0,0.0
2024-06-17 12:30:00-04:00,1.7300000190734863,1.7300000190734863,1.7100000381469727,1.7101000547409058,2409,0.0,0.0
2024-06-17 13:30:00-04:00,1.719499945640564,1.719499945640564,1.719499945640564,1.719499945640564,1371,0.0,0.0
2024-06-17 14:30:00-04:00,1.7200000286102295,1.75,1.7200000286102295,1.75,5341,0.0,0.0
2024-06-18 09:30:00-04:00,1.7200000286102295,1.7549999952316284,1.7200000286102295,1.75,2548,0.0,0.0
2024-06-18 10:30:00-04:00,1.75,1.75,1.75,1.75,2171,0.0,0.0
2024-06-18 11:30:00-04:00,1.7206000089645386,1.7206000089645386,1.7206000089645386,1.7206000089645386,995,0.0,0.0
2024-06-18 12:30:00-04:00,1.7100000381469727,1.7300000190734863,1.7100000381469727,1.7300000190734863,1162,0.0,0.0
2024-06-18 13:30:00-04:00,1.725000023841858,1.725000023841858,1.725000023841858,1.725000023841858,2778,0.0,0.0
2024-06-18 14:30:00-04:00,1.7000000476837158,1.7100000381469727,1.7000000476837158,1.7100000381469727,5862,0.0,0.0
2024-06-18 15:30:00-04:00,1.7100000381469727,1.7100000381469727,1.649999976158142,1.649999976158142,6018,0.0,0.0
2024-06-20 09:30:00-04:00,1.7000000476837158,1.7000000476837158,1.6654000282287598,1.6654000282287598,3296,0.0,0.0
2024-06-20 10:30:00-04:00,1.649999976158142,1.649999976158142,1.649899959564209,1.649899959564209,6326,0.0,0.0
2024-06-20 11:30:00-04:00,1.6301000118255615,1.6301000118255615,1.6301000118255615,1.6301000118255615,4867,0.0,0.0
2024-06-20 13:30:00-04:00,1.5700000524520874,1.600000023841858,1.5700000524520874,1.600000023841858,3520,0.0,0.0
2024-06-20 14:30:00-04:00,1.5894999504089355,1.5950000286102295,1.580199956893921,1.580199956893921,2636,0.0,0.0
2024-06-20 15:30:00-04:00,1.590000033378601,1.679900050163269,1.590000033378601,1.590000033378601,11611,0.0,0.0
2024-06-21 09:30:00-04:00,1.6100000143051147,1.6100000143051147,1.3701000213623047,1.4200999736785889,23703,0.0,0.0
2024-06-21 10:30:00-04:00,1.5635000467300415,1.5635000467300415,1.5099999904632568,1.5099999904632568,5277,0.0,0.0
2024-06-21 11:30:00-04:00,1.541700005531311,1.559999942779541,1.440000057220459,1.440000057220459,9268,0.0,0.0
2024-06-21 12:30:00-04:00,1.5492000579833984,1.5599000453948975,1.5399999618530273,1.5399999618530273,2302,0.0,0.0
2024-06-21 14:30:00-04:00,1.649999976158142,1.649999976158142,1.649999976158142,1.649999976158142,365,0.0,0.0
2024-06-21 15:30:00-04:00,1.649999976158142,1.7000000476837158,1.6100000143051147,1.7000000476837158,10715,0.0,0.0
2024-06-24 09:30:00-04:00,1.6200000047683716,1.680999994277954,1.5299999713897705,1.5449999570846558,6377,0.0,0.0
2024-06-24 10:30:00-04:00,1.4901000261306763,1.5299999713897705,1.4901000261306763,1.5299999713897705,11020,0.0,0.0
2024-06-24 12:30:00-04:00,1.5499000549316406,1.5499000549316406,1.5465999841690063,1.5499000549316406,4364,0.0,0.0
2024-06-24 14:30:00-04:00,1.5399999618530273,1.5399999618530273,1.5399999618530273,1.5399999618530273,581,0.0,0.0
2024-06-24 15:30:00-04:00,1.5399999618530273,1.5399999618530273,1.5399999618530273,1.5399999618530273,950,0.0,0.0
2024-06-25 09:30:00-04:00,1.600000023841858,1.600000023841858,1.4800000190734863,1.5750000476837158,579,0.0,0.0
2024-06-25 10:30:00-04:00,1.593999981880188,1.593999981880188,1.593999981880188,1.593999981880188,451,0.0,0.0
2024-06-25 11:30:00-04:00,1.6050000190734863,1.6050000190734863,1.6050000190734863,1.6050000190734863,326,0.0,0.0
2024-06-25 12:30:00-04:00,1.5845999717712402,1.5845999717712402,1.5813000202178955,1.5813000202178955,706,0.0,0.0
2024-06-25 13:30:00-04:00,1.5549999475479126,1.5549999475479126,1.545799970626831,1.545799970626831,1031,0.0,0.0
2024-06-25 14:30:00-04:00,1.5,1.5499999523162842,1.4500000476837158,1.5499999523162842,37541,0.0,0.0
2024-06-25 15:30:00-04:00,1.5199999809265137,1.5850000381469727,1.5199999809265137,1.559999942779541,2935,0.0,0.0
2024-06-26 09:30:00-04:00,1.6418999433517456,1.6418999433517456,1.5516999959945679,1.5516999959945679,8478,0.0,0.0
2024-06-26 11:30:00-04:00,1.6100000143051147,1.6100000143051147,1.6100000143051147,1.6100000143051147,554,0.0,0.0
2024-06-26 12:30:00-04:00,1.5499999523162842,1.628000020980835,1.5499999523162842,1.628000020980835,531,0.0,0.0
2024-06-26 13:30:00-04:00,1.5587999820709229,1.6670000553131104,1.5587999820709229,1.6150000095367432,4007,0.0,0.0
2024-06-26 15:30:00-04:00,1.5950000286102295,1.5950000286102295,1.5499999523162842,1.5499999523162842,3575,0.0,0.0
2024-06-27 09:30:00-04:00,1.6399999856948853,1.649999976158142,1.600100040435791,1.6100000143051147,3662,0.0,0.0
2024-06-27 13:30:00-04:00,1.590000033378601,1.590000033378601,1.590000033378601,1.590000033378601,507,0.0,0.0
2024-06-27 15:30:00-04:00,1.590000033378601,1.6100000143051147,1.590000033378601,1.6100000143051147,782,0.0,0.0
2024-06-28 09:30:00-04:00,1.690000057220459,1.690000057220459,1.6230000257492065,1.6230000257492065,2889,0.0,0.0
2024-06-28 12:30:00-04:00,1.649999976158142,1.649999976158142,1.583899974822998,1.583899974822998,2138,0.0,0.0
2024-06-28 14:30:00-04:00,1.6200000047683716,1.6200000047683716,1.6200000047683716,1.6200000047683716,635,0.0,0.0
2024-06-28 15:30:00-04:00,1.659999966621399,1.659999966621399,1.6299999952316284,1.659999966621399,1870,0.0,0.0
2024-07-01 10:30:00-04:00,1.6050000190734863,1.649999976158142,1.5509999990463257,1.649999976158142,5668,0.0,0.0
2024-07-01 13:30:00-04:00,1.559999942779541,1.559999942779541,1.559999942779541,1.559999942779541,229,0.0,0.0
2024-07-01 15:30:00-04:00,1.5500999689102173,1.649999976158142,1.5499999523162842,1.649999976158142,2195,0.0,0.0
2024-07-02 09:30:00-04:00,1.5628999471664429,1.5628999471664429,1.5628999471664429,1.5628999471664429,442,0.0,0.0
2024-07-02 11:30:00-04:00,1.590000033378601,1.6298999786376953,1.590000033378601,1.6298999786376953,845,0.0,0.0
2024-07-02 14:30:00-04:00,1.600000023841858,1.600000023841858,1.5823999643325806,1.5823999643325806,974,0.0,0.0
2024-07-03 09:30:00-04:00,1.559999942779541,1.559999942779541,1.559999942779541,1.559999942779541,404,0.0,0.0
2024-07-03 10:30:00-04:00,1.559999942779541,1.559999942779541,1.4901000261306763,1.4901000261306763,17334,0.0,0.0
2024-07-03 11:30:00-04:00,1.535099983215332,1.535099983215332,1.4800000190734863,1.4800000190734863,4030,0.0,0.0
2024-07-05 09:30:00-04:00,1.5499999523162842,1.5499999523162842,1.4746999740600586,1.4746999740600586,856,0.0,0.0
2024-07-05 10:30:00-04:00,1.5098999738693237,1.5399999618530273,1.4701000452041626,1.4709999561309814,8258,0.0,0.0
2024-07-05 12:30:00-04:00,1.4900000095367432,1.4900000095367432,1.48989999294281,1.48989999294281,557,0.0,0.0
2024-07-05 13:30:00-04:00,1.499899983406067,1.499899983406067,1.499899983406067,1.499899983406067,2251,0.0,0.0
2024-07-05 15:30:00-04:00,1.5,1.5,1.5,1.5,404,0.0,0.0
2024-07-08 09:30:00-04:00,1.4400999546051025,1.4400999546051025,1.399999976158142,1.4149999618530273,25506,0.0,0.0
2024-07-08 10:30:00-04:00,1.4199999570846558,1.4199999570846558,1.4199999570846558,1.4199999570846558,439,0.0,0.0
2024-07-08 11:30:00-04:00,1.4149999618530273,1.440000057220459,1.315000057220459,1.4299999475479126,18403,0.0,0.0
2024-07-08 12:30:00-04:00,1.399899959564209,1.4199999570846558,1.3799999952316284,1.3899999856948853,6746,0.0,0.0
2024-07-08 13:30:00-04:00,1.3949999809265137,1.3949999809265137,1.3949999809265137,1.3949999809265137,487,0.0,0.0
2024-07-08 14:30:00-04:00,1.4199999570846558,1.4199999570846558,1.4199999570846558,1.4199999570846558,159,0.0,0.0
2024-07-08 15:30:00-04:00,1.399999976158142,1.399999976158142,1.399999976158142,1.399999976158142,192,0.0,0.0
2024-07-09 09:30:00-04:00,1.3899999856948853,1.3899999856948853,1.3700000047683716,1.3700000047683716,2016,0.0,0.0
2024-07-09 10:30:00-04:00,1.3600000143051147,1.3600000143051147,1.309999942779541,1.309999942779541,4945,0.0,0.0
2024-07-09 11:30:00-04:00,1.340000033378601,1.340000033378601,1.340000033378601,1.340000033378601,2235,0.0,0.0
2024-07-09 13:30:00-04:00,1.3198000192642212,1.3198000192642212,1.3198000192642212,1.3198000192642212,1572,0.0,0.0
2024-07-09 14:30:00-04:00,1.2999999523162842,1.2999999523162842,1.2497999668121338,1.25,11604,0.0,0.0
2024-07-09 15:30:00-04:00,1.3389999866485596,1.350000023841858,1.2799999713897705,1.350000023841858,4375,0.0,0.0
2024-07-10 09:30:00-04:00,1.3450000286102295,1.3450000286102295,1.3300000429153442,1.3300000429153442,1126,0.0,0.0
2024-07-10 13:30:00-04:00,1.3177000284194946,1.3177000284194946,1.3177000284194946,1.3177000284194946,2293,0.0,0.0
2024-07-10 14:30:00-04:00,1.2899999618530273,1.3200000524520874,1.2599999904632568,1.3200000524520874,16978,0.0,0.0
2024-07-10 15:30:00-04:00,1.3179999589920044,1.3200000524520874,1.26010000705719,1.2806999683380127,2911,0.0,0.0
2024-07-11 09:30:00-04:00,1.2000000476837158,1.3600000143051147,1.2000000476837158,1.309999942779541,14952,0.0,0.0
2024-07-11 10:30:00-04:00,1.3300000429153442,1.3300000429153442,1.3200000524520874,1.3300000429153442,1852,0.0,0.0
2024-07-11 11:30:00-04:00,1.340000033378601,1.340000033378601,1.3300000429153442,1.3300000429153442,1884,0.0,0.0
2024-07-11 12:30:00-04:00,1.350000023841858,1.350000023841858,1.350000023841858,1.350000023841858,556,0.0,0.0
2024-07-11 13:30:00-04:00,1.3597999811172485,1.3597999811172485,1.3597999811172485,1.3597999811172485,339,0.0,0.0
2024-07-11 14:30:00-04:00,1.3450000286102295,1.3450000286102295,1.3450000286102295,1.3450000286102295,1159,0.0,0.0
2024-07-12 09:30:00-04:00,1.440000057220459,1.6698999404907227,1.440000057220459,1.4900000095367432,14018,0.0,0.0
2024-07-12 10:30:00-04:00,1.48989999294281,1.48989999294281,1.4800000190734863,1.4850000143051147,7397,0.0,0.0
2024-07-12 11:30:00-04:00,1.4836000204086304,1.4900000095367432,1.4836000204086304,1.4900000095367432,869,0.0,0.0
2024-07-12 12:30:00-04:00,1.4900000095367432,1.5199999809265137,1.4900000095367432,1.5199999809265137,5091,0.0,0.0
2024-07-12 14:30:00-04:00,1.5669000148773193,1.5669000148773193,1.5399999618530273,1.559999942779541,3486,0.0,0.0
2024-07-12 15:30:00-04:00,1.559999942779541,1.579800009727478,1.559999942779541,1.579800009727478,1441,0.0,0.0
2024-07-15 10:30:00-04:00,1.501099944114685,1.5199999809265137,1.501099944114685,1.5199999809265137,1822,0.0,0.0
2024-07-15 11:30:00-04:00,1.5499000549316406,1.7300000190734863,1.534999966621399,1.684999942779541,19401,0.0,0.0
2024-07-15 12:30:00-04:00,1.559999942779541,1.6100000143051147,1.5499999523162842,1.5800000429153442,1296,0.0,0.0
2024-07-15 13:30:00-04:00,1.5800000429153442,1.5800000429153442,1.559999942779541,1.559999942779541,827,0.0,0.0
2024-07-15 15:30:00-04:00,1.559999942779541,1.600000023841858,1.5506000518798828,1.600000023841858,787,0.0,0.0
2024-07-16 09:30:00-04:00,1.690000057220459,1.690000057220459,1.559999942779541,1.590000033378601,37526,0.0,0.0
2024-07-16 10:30:00-04:00,1.6104999780654907,1.659999966621399,1.4249999523162842,1.4900000095367432,36373,0.0,0.0
2024-07-16 11:30:00-04:00,1.5700000524520874,1.5700000524520874,1.4900000095367432,1.5099999904632568,1974,0.0,0.0
2024-07-16 12:30:00-04:00,1.5299999713897705,1.590000033378601,1.5099999904632568,1.590000033378601,8063,0.0,0.0
2024-07-16 13:30:00-04:00,1.559999942779541,1.5700000524520874,1.5299999713897705,1.5700000524520874,21566,0.0,0.0
2024-07-16 14:30:00-04:00,1.5800000429153442,1.5800000429153442,1.5800000429153442,1.5800000429153442,389,0.0,0.0
2024-07-16 15:30:00-04:00,1.5800000429153442,1.600000023841858,1.534999966621399,1.600000023841858,16002,0.0,0.0
2024-07-17 09:30:00-04:00,1.559999942779541,1.580199956893921,1.559999942779541,1.559999942779541,3394,0.0,0.0
2024-07-17 10:30:00-04:00,1.5299999713897705,1.5299999713897705,1.5,1.5,10352,0.0,0.0
2024-07-17 11:30:00-04:00,1.5099999904632568,1.5099999904632568,1.5099999904632568,1.5099999904632568,549,0.0,0.0
2024-07-17 12:30:00-04:00,1.5099999904632568,1.5099999904632568,1.5099999904632568,1.5099999904632568,196,0.0,0.0
2024-07-17 13:30:00-04:00,1.500100016593933,1.5189000368118286,1.4605000019073486,1.4801000356674194,4145,0.0,0.0
2024-07-18 09:30:00-04:00,1.5199999809265137,1.5759999752044678,1.5199999809265137,1.5759999752044678,3917,0.0,0.0
2024-07-18 10:30:00-04:00,1.5595999956130981,1.5595999956130981,1.5199999809265137,1.5499000549316406,1072,0.0,0.0
2024-07-18 11:30:00-04:00,1.5235999822616577,1.5298999547958374,1.4800000190734863,1.5298999547958374,5833,0.0,0.0
2024-07-18 12:30:00-04:00,1.4900000095367432,1.499899983406067,1.4500999450683594,1.4500999450683594,2685,0.0,0.0
2024-07-18 13:30:00-04:00,1.4799000024795532,1.4800000190734863,1.4500000476837158,1.4500000476837158,5730,0.0,0.0
2024-07-18 15:30:00-04:00,1.4800000190734863,1.4800000190734863,1.4800000190734863,1.4800000190734863,215,0.0,0.0
2024-07-19 12:30:00-04:00,1.4500000476837158,1.4500000476837158,1.399999976158142,1.4199999570846558,3747,0.0,0.0
2024-07-19 13:30:00-04:00,1.409999966621399,1.4199999570846558,1.409999966621399,1.409999966621399,1321,0.0,0.0
2024-07-19 14:30:00-04:00,1.429900050163269,1.4299999475479126,1.3801000118255615,1.3801000118255615,7877,0.0,0.0
2024-07-19 15:30:00-04:00,1.3832999467849731,1.4049999713897705,1.350000023841858,1.3700000047683716,17335,0.0,0.0
2024-07-22 09:30:00-04:00,1.340000033378601,1.340000033378601,1.340000033378601,1.340000033378601,576,0.0,0.0
2024-07-22 10:30:00-04:00,1.399999976158142,1.399999976158142,1.399999976158142,1.399999976158142,267,0.0,0.0
2024-07-22 11:30:00-04:00,1.399999976158142,1.399999976158142,1.399999976158142,1.399999976158142,605,0.0,0.0
2024-07-22 14:30:00-04:00,1.4773000478744507,1.4773000478744507,1.4199999570846558,1.4199999570846558,373,0.0,0.0
2024-07-23 09:30:00-04:00,1.5,1.5,1.5,1.5,651,0.0,0.0
2024-07-23 11:30:00-04:00,1.4799000024795532,1.4799000024795532,1.4799000024795532,1.4799000024795532,273,0.0,0.0
2024-07-23 13:30:00-04:00,1.3949999809265137,1.4500000476837158,1.3949999809265137,1.399999976158142,1402,0.0,0.0
2024-07-23 15:30:00-04:00,1.399999976158142,1.399999976158142,1.399999976158142,1.399999976158142,599,0.0,0.0
2024-07-24 09:30:00-04:00,1.4049999713897705,1.4049999713897705,1.4049999713897705,1.4049999713897705,1036,0.0,0.0
2024-07-24 10:30:00-04:00,1.399999976158142,1.4700000286102295,1.3799999952316284,1.4700000286102295,9083,0.0,0.0
2024-07-24 11:30:00-04:00,1.48989999294281,1.48989999294281,1.4500000476837158,1.4700000286102295,7290,0.0,0.0
2024-07-24 12:30:00-04:00,1.4700000286102295,1.4961999654769897,1.4700000286102295,1.4961999654769897,6310,0.0,0.0
2024-07-24 13:30:00-04:00,1.5,1.500100016593933,1.5,1.5,2519,0.0,0.0
2024-07-24 14:30:00-04:00,1.5199999809265137,1.5199999809265137,1.5199999809265137,1.5199999809265137,497,0.0,0.0
2024-07-24 15:30:00-04:00,1.5399999618530273,1.5399999618530273,1.5099999904632568,1.5099999904632568,407,0.0,0.0
2024-07-25 09:30:00-04:00,1.5099999904632568,1.5145000219345093,1.5099999904632568,1.5099999904632568,2691,0.0,0.0
2024-07-25 10:30:00-04:00,1.5300999879837036,1.5300999879837036,1.5300999879837036,1.5300999879837036,414,0.0,0.0
2024-07-25 11:30:00-04:00,1.5799000263214111,1.5799000263214111,1.5499999523162842,1.5499999523162842,1493,0.0,0.0
2024-07-25 12:30:00-04:00,1.5700000524520874,1.5800000429153442,1.5299999713897705,1.5299999713897705,8569,0.0,0.0
2024-07-26 10:30:00-04:00,1.524999976158142,1.5700000524520874,1.524999976158142,1.524999976158142,1391,0.0,0.0
2024-07-26 14:30:00-04:00,1.5700000524520874,1.6449999809265137,1.5549999475479126,1.5801000595092773,10395,0.0,0.0
2024-07-26 15:30:00-04:00,1.600000023841858,1.600000023841858,1.5700000524520874,1.5700000524520874,4881,0.0,0.0
2024-07-29 09:30:00-04:00,1.5800000429153442,1.6341999769210815,1.5800000429153442,1.6341999769210815,2741,0.0,0.0
2024-07-29 10:30:00-04:00,1.590000033378601,1.6100000143051147,1.590000033378601,1.5915000438690186,2231,0.0,0.0
2024-07-29 11:30:00-04:00,1.590000033378601,1.590000033378601,1.5399999618530273,1.5399999618530273,5581,0.0,0.0
2024-07-29 13:30:00-04:00,1.5499999523162842,1.5499999523162842,1.5499999523162842,1.5499999523162842,1262,0.0,0.0
2024-07-29 15:30:00-04:00,1.5499999523162842,1.5499999523162842,1.5499999523162842,1.5499999523162842,443,0.0,0.0
2024-07-30 09:30:00-04:00,1.5299999713897705,1.534999966621399,1.5299999713897705,1.534999966621399,0,0.0,0.0
2024-07-30 10:30:00-04:00,1.5398999452590942,1.5398999452590942,1.5,1.5,0,0.0,0.0
2024-07-30 11:30:00-04:00,1.5,1.5,1.4700000286102295,1.4700000286102295,10928,0.0,0.0
2024-07-30 12:30:00-04:00,1.4850000143051147,1.4850000143051147,1.475000023841858,1.475000023841858,2470,0.0,0.0
2024-07-30 13:30:00-04:00,1.4500000476837158,1.4500000476837158,1.4500000476837158,1.4500000476837158,0,0.0,0.0
2024-07-30 14:30:00-04:00,1.465000033378601,1.465000033378601,1.465000033378601,1.465000033378601,15920,0.0,0.0
2024-07-30 15:30:00-04:00,1.4600000381469727,1.4600000381469727,1.4600000381469727,1.4600000381469727,285,0.0,0.0
2024-07-31 09:30:00-04:00,1.4500000476837158,1.4500000476837158,1.4500000476837158,1.4500000476837158,0,0.0,0.0
2024-07-31 10:30:00-04:00,1.4850000143051147,1.4850000143051147,1.4500000476837158,1.4500000476837158,4164,0.0,0.0
2024-07-31 11:30:00-04:00,1.4500000476837158,1.5099999904632568,1.4500000476837158,1.4500000476837158,1633,0.0,0.0
2024-07-31 12:30:00-04:00,1.5,1.5,1.4900000095367432,1.497499942779541,569,0.0,0.0
2024-08-01 09:30:00-04:00,1.5170999765396118,1.5170999765396118,1.5170999765396118,1.5170999765396118,623,0.0,0.0
2024-08-01 11:30:00-04:00,1.5159000158309937,1.5159000158309937,1.5099999904632568,1.5099999904632568,0,0.0,0.0
2024-08-01 12:30:00-04:00,1.590000033378601,1.590000033378601,1.4800000190734863,1.4800000190734863,12899,0.0,0.0
2024-08-01 13:30:00-04:00,1.4500000476837158,1.4800000190734863,1.4500000476837158,1.4500000476837158,914,0.0,0.0
2024-08-01 14:30:00-04:00,1.4500999450683594,1.475000023841858,1.4500999450683594,1.475000023841858,1416,0.0,0.0
2024-08-01 15:30:00-04:00,1.5099999904632568,1.5099999904632568,1.4500000476837158,1.4500000476837158,453,0.0,0.0
2024-08-02 09:30:00-04:00,1.4500000476837158,1.4800000190734863,1.4500000476837158,1.4800000190734863,2031,0.0,0.0
2024-08-02 13:30:00-04:00,1.4889999628067017,1.4889999628067017,1.420199990272522,1.420199990272522,6780,0.0,0.0
2024-08-02 14:30:00-04:00,1.4149999618530273,1.4199999570846558,1.399999976158142,1.409999966621399,5789,0.0,0.0
2024-08-02 15:30:00-04:00,1.5299999713897705,1.5299999713897705,1.4199999570846558,1.4199999570846558,582,0.0,0.0
2024-08-05 09:30:00-04:00,1.4632999897003174,1.4632999897003174,1.4632999897003174,1.4632999897003174,0,0.0,0.0
2024-08-05 10:30:00-04:00,1.3700000047683716,1.3898999691009521,1.350000023841858,1.350000023841858,8141,0.0,0.0
2024-08-05 11:30:00-04:00,1.3601000308990479,1.3722000122070312,1.3601000308990479,1.3722000122070312,484,0.0,0.0
2024-08-05 12:30:00-04:00,1.3600000143051147,1.399999976158142,1.3600000143051147,1.399999976158142,6560,0.0,0.0
2024-08-05 13:30:00-04:00,1.4199999570846558,1.4199999570846558,1.4199999570846558,1.4199999570846558,283,0.0,0.0
2024-08-05 15:30:00-04:00,1.440000057220459,1.440000057220459,1.440000057220459,1.440000057220459,741,0.0,0.0
2024-08-06 09:30:00-04:00,1.409999966621399,1.409999966621399,1.409999966621399,1.409999966621399,1814,0.0,0.0
2024-08-06 12:30:00-04:00,1.4450000524520874,1.4450000524520874,1.4450000524520874,1.4450000524520874,279,0.0,0.0
2024-08-06 13:30:00-04:00,1.3899999856948853,1.3899999856948853,1.3899999856948853,1.3899999856948853,2466,0.0,0.0
2024-08-06 14:30:00-04:00,1.4249999523162842,1.4249999523162842,1.4249999523162842,1.4249999523162842,648,0.0,0.0
2024-08-06 15:30:00-04:00,1.409999966621399,1.409999966621399,1.409999966621399,1.409999966621399,276,0.0,0.0
2024-08-07 09:30:00-04:00,1.4700000286102295,1.4700000286102295,1.4700000286102295,1.4700000286102295,183,0.0,0.0
2024-08-07 10:30:00-04:00,1.4700000286102295,1.4700000286102295,1.399999976158142,1.440000057220459,0,0.0,0.0
2024-08-07 13:30:00-04:00,1.399999976158142,1.399999976158142,1.399999976158142,1.399999976158142,18901,0.0,0.0
2024-08-07 14:30:00-04:00,1.3700000047683716,1.4301999807357788,1.3700000047683716,1.4300999641418457,5207,0.0,0.0
2024-08-07 15:30:00-04:00,1.4098000526428223,1.4098000526428223,1.3700000047683716,1.3799999952316284,0,0.0,0.0
2024-08-08 09:30:00-04:00,1.4450000524520874,1.4450000524520874,1.4450000524520874,1.4450000524520874,0,0.0,0.0
2024-08-08 10:30:00-04:00,1.399999976158142,1.399999976158142,1.399999976158142,1.399999976158142,2921,0.0,0.0
2024-08-08 12:30:00-04:00,1.399999976158142,1.399999976158142,1.399999976158142,1.399999976158142,246,0.0,0.0
2024-08-08 13:30:00-04:00,1.4450000524520874,1.4450000524520874,1.4450000524520874,1.4450000524520874,548,0.0,0.0
2024-08-08 15:30:00-04:00,1.399999976158142,1.440000057220459,1.399999976158142,1.440000057220459,510,0.0,0.0
2024-08-09 09:30:00-04:00,1.4500000476837158,1.4600000381469727,1.409999966621399,1.409999966621399,7274,0.0,0.0
2024-08-09 10:30:00-04:00,1.475000023841858,1.5,1.409999966621399,1.4800000190734863,11688,0.0,0.0
2024-08-09 11:30:00-04:00,1.5130000114440918,1.5130000114440918,1.4700000286102295,1.4700000286102295,6269,0.0,0.0
2024-08-09 12:30:00-04:00,1.4700000286102295,1.4700000286102295,1.4700000286102295,1.4700000286102295,726,0.0,0.0
2024-08-09 13:30:00-04:00,1.4850000143051147,1.649999976158142,1.465000033378601,1.649999976158142,21197,0.0,0.0
2024-08-09 14:30:00-04:00,1.6299999952316284,1.6299999952316284,1.6299999952316284,1.6299999952316284,300,0.0,0.0
2024-08-09 15:30:00-04:00,1.6299999952316284,1.6399999856948853,1.6299999952316284,1.6399999856948853,440,0.0,0.0
2024-08-12 09:30:00-04:00,1.6399999856948853,1.6399999856948853,1.5499999523162842,1.6100000143051147,7825,0.0,0.0
2024-08-12 10:30:00-04:00,1.5880999565124512,1.5880999565124512,1.5199999809265137,1.5199999809265137,2811,0.0,0.0
2024-08-12 11:30:00-04:00,1.5379999876022339,1.6079000234603882,1.5199999809265137,1.5299999713897705,26433,0.0,0.0
2024-08-12 12:30:00-04:00,1.565000057220459,1.6438000202178955,1.5449999570846558,1.6438000202178955,14077,0.0,0.0
2024-08-12 13:30:00-04:00,1.6383999586105347,1.6383999586105347,1.6200000047683716,1.6200000047683716,0,0.0,0.0
2024-08-12 14:30:00-04:00,1.5999000072479248,1.6050000190734863,1.5750000476837158,1.600000023841858,1593,0.0,0.0
2024-08-12 15:30:00-04:00,1.6298999786376953,1.6298999786376953,1.6200000047683716,1.6200000047683716,3935,0.0,0.0
2024-08-13 09:30:00-04:00,1.6299999952316284,1.6299999952316284,1.559999942779541,1.5700000524520874,23526,0.0,0.0
2024-08-13 10:30:00-04:00,1.565000057220459,1.565000057220459,1.5600999593734741,1.5600999593734741,3956,0.0,0.0
2024-08-13 11:30:00-04:00,1.5549999475479126,1.5549999475479126,1.5399999618530273,1.5399999618530273,4206,0.0,0.0
2024-08-13 13:30:00-04:00,1.5499000549316406,1.5499000549316406,1.5499000549316406,1.5499000549316406,1575,0.0,0.0
2024-08-13 14:30:00-04:00,1.5311000347137451,1.565000057220459,1.500100016593933,1.5008000135421753,5758,0.0,0.0
2024-08-14 10:30:00-04:00,1.4800000190734863,1.4800000190734863,1.4800000190734863,1.4800000190734863,1073,0.0,0.0
2024-08-14 11:30:00-04:00,1.4800000190734863,1.4800000190734863,1.4500999450683594,1.4529000520706177,4198,0.0,0.0
2024-08-14 13:30:00-04:00,1.4600000381469727,1.4600000381469727,1.3949999809265137,1.3949999809265137,4713,0.0,0.0
2024-08-14 14:30:00-04:00,1.391800045967102,1.3990000486373901,1.350100040435791,1.3899999856948853,12905,0.0,0.0
2024-08-14 15:30:00-04:00,1.3700000047683716,1.3700000047683716,1.3700000047683716,1.3700000047683716,520,0.0,0.0
2024-08-15 09:30:00-04:00,1.3601000308990479,1.3601000308990479,1.3601000308990479,1.3601000308990479,297,0.0,0.0
2024-08-15 10:30:00-04:00,1.3650000095367432,1.3700000047683716,1.3650000095367432,1.3700000047683716,606,0.0,0.0
2024-08-15 11:30:00-04:00,1.399999976158142,1.434999942779541,1.399999976158142,1.434999942779541,1463,0.0,0.0
2024-08-15 12:30:00-04:00,1.4500000476837158,1.4886000156402588,1.4500000476837158,1.4550000429153442,2201,0.0,0.0
2024-08-15 13:30:00-04:00,1.440000057220459,1.440000057220459,1.4199999570846558,1.4199999570846558,1342,0.0,0.0
2024-08-16 10:30:00-04:00,1.4464000463485718,1.4464000463485718,1.4199999570846558,1.4199999570846558,909,0.0,0.0
2024-08-16 12:30:00-04:00,1.4800000190734863,1.4990999698638916,1.4500000476837158,1.475000023841858,12320,0.0,0.0
2024-08-16 15:30:00-04:00,1.4600000381469727,1.4600000381469727,1.4600000381469727,1.4600000381469727,1057,0.0,0.0
2024-08-19 09:30:00-04:00,1.4299999475479126,1.4299999475479126,1.4299999475479126,1.4299999475479126,0,0.0,0.0
2024-08-19 12:30:00-04:00,1.409999966621399,1.4199999570846558,1.409999966621399,1.409999966621399,6924,0.0,0.0
2024-08-19 14:30:00-04:00,1.440000057220459,1.440000057220459,1.350100040435791,1.350100040435791,8324,0.0,0.0
2024-08-19 15:30:00-04:00,1.409999966621399,1.409999966621399,1.409999966621399,1.409999966621399,411,0.0,0.0
2024-08-20 09:30:00-04:00,1.399999976158142,1.399999976158142,1.3600000143051147,1.3600000143051147,3164,0.0,0.0
2024-08-20 11:30:00-04:00,1.3799999952316284,1.3799999952316284,1.350000023841858,1.350000023841858,1619,0.0,0.0
2024-08-20 14:30:00-04:00,1.3700000047683716,1.3700000047683716,1.3700000047683716,1.3700000047683716,183,0.0,0.0
2024-08-21 09:30:00-04:00,1.3600000143051147,1.375,1.350000023841858,1.3686000108718872,4576,0.0,0.0
2024-08-21 10:30:00-04:00,1.3787000179290771,1.3799999952316284,1.3787000179290771,1.3799999952316284,845,0.0,0.0
2024-08-21 11:30:00-04:00,1.3600000143051147,1.3600000143051147,1.3600000143051147,1.3600000143051147,300,0.0,0.0
2024-08-21 12:30:00-04:00,1.3827999830245972,1.3827999830245972,1.3600000143051147,1.3600000143051147,454,0.0,0.0
2024-08-21 14:30:00-04:00,1.3799999952316284,1.3898999691009521,1.3799999952316284,1.3898999691009521,3061,0.0,0.0
2024-08-21 15:30:00-04:00,1.3600000143051147,1.3600000143051147,1.3600000143051147,1.3600000143051147,217,0.0,0.0
2024-08-22 09:30:00-04:00,1.3700000047683716,1.3700000047683716,1.3700000047683716,1.3700000047683716,944,0.0,0.0
2024-08-22 12:30:00-04:00,1.399999976158142,1.399999976158142,1.399999976158142,1.399999976158142,11593,0.0,0.0
2024-08-22 15:30:00-04:00,1.350000023841858,1.350000023841858,1.350000023841858,1.350000023841858,204,0.0,0.0
2024-08-23 09:30:00-04:00,1.350000023841858,1.350000023841858,1.350000023841858,1.350000023841858,662,0.0,0.0
2024-08-23 10:30:00-04:00,1.3601000308990479,1.3601000308990479,1.3601000308990479,1.3601000308990479,499,0.0,0.0
2024-08-26 09:30:00-04:00,1.4199999570846558,1.4199999570846558,1.4199999570846558,1.4199999570846558,300,0.0,0.0
2024-08-26 11:30:00-04:00,1.3911000490188599,1.409999966621399,1.3911000490188599,1.409999966621399,710,0.0,0.0
2024-08-26 12:30:00-04:00,1.3413000106811523,1.409999966621399,1.340499997138977,1.409999966621399,576,0.0,0.0
2024-08-26 15:30:00-04:00,1.3799999952316284,1.3799999952316284,1.3799999952316284,1.3799999952316284,196,0.0,0.0
2024-08-27 09:30:00-04:00,1.399999976158142,1.409999966621399,1.399999976158142,1.399999976158142,555,0.0,0.0
2024-08-27 10:30:00-04:00,1.3600000143051147,1.3600000143051147,1.3600000143051147,1.3600000143051147,560,0.0,0.0
2024-08-27 11:30:00-04:00,1.4299999475479126,1.4299999475479126,1.4299999475479126,1.4299999475479126,0,0.0,0.0
2024-08-27 13:30:00-04:00,1.3700000047683716,1.4299999475479126,1.3700000047683716,1.4299999475479126,800,0.0,0.0
2024-08-27 15:30:00-04:00,1.4299999475479126,1.4299999475479126,1.399999976158142,1.399999976158142,633,0.0,0.0
2024-08-28 10:30:00-04:00,1.4799000024795532,1.5099999904632568,1.4700000286102295,1.5099999904632568,20036,0.0,0.0
2024-08-28 11:30:00-04:00,1.5010000467300415,1.7300000190734863,1.5010000467300415,1.6749999523162842,28283,0.0,0.0
2024-08-28 12:30:00-04:00,1.6994999647140503,1.7100000381469727,1.5,1.5,38803,0.0,0.0
2024-08-28 13:30:00-04:00,1.5499999523162842,1.5800000429153442,1.5499999523162842,1.5800000429153442,490,0.0,0.0
2024-08-28 14:30:00-04:00,1.5499999523162842,1.5499999523162842,1.5499999523162842,1.5499999523162842,1468,0.0,0.0
2024-08-29 09:30:00-04:00,1.5449999570846558,1.5449999570846558,1.5449999570846558,1.5449999570846558,460,0.0,0.0
2024-08-29 11:30:00-04:00,1.5800000429153442,1.5800000429153442,1.5601999759674072,1.5601999759674072,597,0.0,0.0
2024-08-29 12:30:00-04:00,1.5602999925613403,1.586300015449524,1.5600999593734741,1.586300015449524,1824,0.0,0.0
2024-08-29 14:30:00-04:00,1.565500020980835,1.565500020980835,1.565500020980835,1.565500020980835,203,0.0,0.0
2024-08-29 15:30:00-04:00,1.5750000476837158,1.5750000476837158,1.5750000476837158,1.5750000476837158,233,0.0,0.0
2024-08-30 09:30:00-04:00,1.590000033378601,1.590000033378601,1.5470000505447388,1.5470000505447388,302,0.0,0.0
2024-08-30 11:30:00-04:00,1.600000023841858,1.600000023841858,1.5822999477386475,1.5822999477386475,1757,0.0,0.0
2024-08-30 13:30:00-04:00,1.5700000524520874,1.600000023841858,1.5700000524520874,1.590000033378601,8176,0.0,0.0
2024-09-03 09:30:00-04:00,1.600000023841858,1.600000023841858,1.600000023841858,1.600000023841858,754,0.0,0.0
2024-09-04 09:30:00-04:00,1.531499981880188,1.531499981880188,1.531499981880188,1.531499981880188,277,0.0,0.0
2024-09-04 12:30:00-04:00,1.5399999618530273,1.5700000524520874,1.510200023651123,1.5700000524520874,1286,0.0,0.0
2024-09-04 13:30:00-04:00,1.5104999542236328,1.5104999542236328,1.5099999904632568,1.5099999904632568,3395,0.0,0.0
2024-09-05 09:30:00-04:00,1.4700000286102295,1.4700000286102295,1.4700000286102295,1.4700000286102295,689,0.0,0.0
2024-09-05 13:30:00-04:00,1.4800000190734863,1.4800000190734863,1.4800000190734863,1.4800000190734863,401,0.0,0.0
2024-09-06 10:30:00-04:00,1.5499999523162842,1.5499999523162842,1.4800000190734863,1.4800000190734863,937,0.0,0.0
2024-09-06 11:30:00-04:00,1.4869999885559082,1.4869999885559082,1.4869999885559082,1.4869999885559082,194,0.0,0.0
2024-09-06 12:30:00-04:00,1.5499999523162842,1.5499999523162842,1.5399999618530273,1.5399999618530273,1383,0.0,0.0
2024-09-09 09:30:00-04:00,1.5299999713897705,1.5399999618530273,1.5299999713897705,1.5399999618530273,1495,0.0,0.0
2024-09-09 10:30:00-04:00,1.5399999618530273,1.5399999618530273,1.5399999618530273,1.5399999618530273,1210,0.0,0.0
2024-09-09 12:30:00-04:00,1.5700000524520874,1.6399999856948853,1.5700000524520874,1.6399999856948853,11988,0.0,0.0
2024-09-09 13:30:00-04:00,1.6792999505996704,1.6792999505996704,1.6792999505996704,1.6792999505996704,2230,0.0,0.0
2024-09-09 14:30:00-04:00,1.7000000476837158,1.7000000476837158,1.6548999547958374,1.6548999547958374,1324,0.0,0.0
2024-09-09 15:30:00-04:00,1.711899995803833,1.7300000190734863,1.6478999853134155,1.649999976158142,15007,0.0,0.0
2024-09-10 09:30:00-04:00,1.649999976158142,1.6849000453948975,1.649999976158142,1.659999966621399,2030,0.0,0.0
2024-09-10 11:30:00-04:00,1.690000057220459,1.690000057220459,1.649999976158142,1.6500999927520752,16691,0.0,0.0
2024-09-10 12:30:00-04:00,1.7200000286102295,1.7200000286102295,1.649999976158142,1.649999976158142,6565,0.0,0.0
2024-09-10 13:30:00-04:00,1.649999976158142,1.7000000476837158,1.649999976158142,1.6990000009536743,3311,0.0,0.0
2024-09-10 14:30:00-04:00,1.6799999475479126,1.6799999475479126,1.649999976158142,1.6500999927520752,2896,0.0,0.0
2024-09-10 15:30:00-04:00,1.631600022315979,1.631600022315979,1.631600022315979,1.631600022315979,341,0.0,0.0
2024-09-11 09:30:00-04:00,1.6200000047683716,1.690000057220459,1.6200000047683716,1.6200000047683716,3644,0.0,0.0
2024-09-11 10:30:00-04:00,1.621000051498413,1.690000057220459,1.6200000047683716,1.690000057220459,3121,0.0,0.0
2024-09-11 11:30:00-04:00,1.6200000047683716,1.659999966621399,1.6100000143051147,1.617799997329712,6070,0.0,0.0
2024-09-11 12:30:00-04:00,1.6333999633789062,1.6399999856948853,1.6100000143051147,1.6200000047683716,8515,0.0,0.0
2024-09-11 14:30:00-04:00,1.6399999856948853,1.7000000476837158,1.6399999856948853,1.7000000476837158,25677,0.0,0.0
2024-09-11 15:30:00-04:00,1.649999976158142,1.7000000476837158,1.649999976158142,1.6799999475479126,2778,0.0,0.0
2024-09-12 10:30:00-04:00,1.659999966621399,1.659999966621399,1.649999976158142,1.649999976158142,5350,0.0,0.0
2024-09-12 11:30:00-04:00,1.6200000047683716,1.6200000047683716,1.6200000047683716,1.6200000047683716,6853,0.0,0.0
2024-09-12 12:30:00-04:00,1.6390000581741333,1.6390000581741333,1.6390000581741333,1.6390000581741333,1120,0.0,0.0
2024-09-12 14:30:00-04:00,1.649999976158142,1.649999976158142,1.649999976158142,1.649999976158142,210,0.0,0.0
2024-09-13 09:30:00-04:00,1.6699999570846558,1.6699999570846558,1.6100000143051147,1.6100000143051147,2973,0.0,0.0
2024-09-13 10:30:00-04:00,1.6299999952316284,1.649999976158142,1.6299999952316284,1.6380000114440918,0,0.0,0.0
2024-09-13 11:30:00-04:00,1.6299999952316284,1.6299999952316284,1.6299999952316284,1.6299999952316284,4798,0.0,0.0
2024-09-13 12:30:00-04:00,1.649999976158142,1.649999976158142,1.600000023841858,1.600000023841858,11105,0.0,0.0
2024-09-13 13:30:00-04:00,1.600000023841858,1.600000023841858,1.600000023841858,1.600000023841858,5686,0.0,0.0
2024-09-16 09:30:00-04:00,1.649999976158142,1.649999976158142,1.6100000143051147,1.6100000143051147,3105,0.0,0.0
2024-09-16 14:30:00-04:00,1.621999979019165,1.6649999618530273,1.6198999881744385,1.6309000253677368,0,0.0,0.0
2024-09-16 15:30:00-04:00,1.6686999797821045,1.6699999570846558,1.6660000085830688,1.6699999570846558,12884,0.0,0.0
2024-09-17 09:30:00-04:00,1.6892000436782837,1.7000000476837158,1.6892000436782837,1.7000000476837158,2108,0.0,0.0
2024-09-17 10:30:00-04:00,1.6505999565124512,1.7100000381469727,1.6505999565124512,1.7000000476837158,1516,0.0,0.0
2024-09-17 11:30:00-04:00,1.690000057220459,1.690000057220459,1.690000057220459,1.690000057220459,334,0.0,0.0
2024-09-17 13:30:00-04:00,1.6900999546051025,1.6900999546051025,1.6900999546051025,1.6900999546051025,516,0.0,0.0
2024-09-17 15:30:00-04:00,1.684999942779541,1.684999942779541,1.684999942779541,1.684999942779541,616,0.0,0.0
2024-09-18 09:30:00-04:00,1.649999976158142,1.649999976158142,1.649999976158142,1.649999976158142,304,0.0,0.0
2024-09-18 10:30:00-04:00,1.690000057220459,1.690000057220459,1.649999976158142,1.6700999736785889,3512,0.0,0.0
2024-09-18 11:30:00-04:00,1.6749999523162842,1.6749999523162842,1.6749999523162842,1.6749999523162842,1300,0.0,0.0
2024-09-18 12:30:00-04:00,1.6799999475479126,1.6799999475479126,1.6799999475479126,1.6799999475479126,0,0.0,0.0
2024-09-18 13:30:00-04:00,1.6837999820709229,1.7300000190734863,1.6799999475479126,1.6950000524520874,2084,0.0,0.0
2024-09-18 14:30:00-04:00,1.6950000524520874,1.7099000215530396,1.6950000524520874,1.7000000476837158,2619,0.0,0.0
2024-09-18 15:30:00-04:00,1.6799999475479126,1.6799999475479126,1.6799999475479126,1.6799999475479126,219,0.0,0.0
2024-09-19 11:30:00-04:00,1.7100000381469727,1.7258000373840332,1.7100000381469727,1.7258000373840332,7247,0.0,0.0
2024-09-19 12:30:00-04:00,1.75,1.8200000524520874,1.75,1.8200000524520874,5766,0.0,0.0
2024-09-19 13:30:00-04:00,1.8331999778747559,1.839900016784668,1.8200000524520874,1.8300000429153442,8585,0.0,0.0
2024-09-19 14:30:00-04:00,1.8200000524520874,1.820099949836731,1.8200000524520874,1.820099949836731,1751,0.0,0.0
2024-09-19 15:30:00-04:00,1.8200000524520874,1.8200000524520874,1.8200000524520874,1.8200000524520874,450,0.0,0.0
2024-09-20 09:30:00-04:00,1.840000033378601,1.8899999856948853,1.840000033378601,1.8899999856948853,11381,0.0,0.0
2024-09-20 10:30:00-04:00,1.8200000524520874,1.8899999856948853,1.8200000524520874,1.8600000143051147,1492,0.0,0.0
2024-09-20 11:30:00-04:00,1.840000033378601,1.8428000211715698,1.840000033378601,1.8428000211715698,840,0.0,0.0
2024-09-20 12:30:00-04:00,1.8200000524520874,1.8200000524520874,1.8200000524520874,1.8200000524520874,557,0.0,0.0
2024-09-20 14:30:00-04:00,1.850000023841858,1.9299999475479126,1.850000023841858,1.9299999475479126,14065,0.0,0.0
2024-09-20 15:30:00-04:00,1.899999976158142,1.9199999570846558,1.8818999528884888,1.9199999570846558,25603,0.0,0.0
2024-09-23 09:30:00-04:00,1.8300000429153442,1.9194999933242798,1.8300000429153442,1.909999966621399,0,0.0,0.0
2024-09-23 10:30:00-04:00,1.8905999660491943,1.8905999660491943,1.8905999660491943,1.8905999660491943,7716,0.0,0.0
2024-09-23 11:30:00-04:00,1.8899999856948853,1.9198999404907227,1.8799999952316284,1.8799999952316284,10926,0.0,0.0
2024-09-23 12:30:00-04:00,1.8782999515533447,1.8899999856948853,1.8782999515533447,1.8799999952316284,1632,0.0,0.0
2024-09-23 13:30:00-04:00,1.8799999952316284,1.899999976158142,1.8799999952316284,1.8997000455856323,1742,0.0,0.0
2024-09-23 14:30:00-04:00,1.8899999856948853,1.8899999856948853,1.8701000213623047,1.8701000213623047,1294,0.0,0.0
2024-09-23 15:30:00-04:00,1.8701000213623047,1.8701000213623047,1.8200000524520874,1.8200000524520874,12930,0.0,0.0
2024-09-24 09:30:00-04:00,1.8799999952316284,1.8799999952316284,1.819200038909912,1.8200000524520874,3599,0.0,0.0
2024-09-24 10:30:00-04:00,1.8299000263214111,1.8299000263214111,1.7999999523162842,1.8000999689102173,5927,0.0,0.0
2024-09-24 11:30:00-04:00,1.7899999618530273,1.7899999618530273,1.7899999618530273,1.7899999618530273,1536,0.0,0.0
2024-09-24 12:30:00-04:00,1.7999999523162842,1.7999999523162842,1.690000057220459,1.690000057220459,21833,0.0,0.0
2024-09-24 13:30:00-04:00,1.7000000476837158,1.7000000476837158,1.6121000051498413,1.6299999952316284,4973,0.0,0.0
2024-09-24 14:30:00-04:00,1.649999976158142,1.690000057220459,1.6200000047683716,1.6200000047683716,18992,0.0,0.0
2024-09-25 09:30:00-04:00,1.600000023841858,1.6200000047683716,1.5886000394821167,1.5901000499725342,8558,0.0,0.0
2024-09-25 10:30:00-04:00,1.5700000524520874,1.5700000524520874,1.5700000524520874,1.5700000524520874,612,0.0,0.0
2024-09-25 11:30:00-04:00,1.590000033378601,1.590000033378601,1.590000033378601,1.590000033378601,974,0.0,0.0
2024-09-25 13:30:00-04:00,1.600000023841858,1.600000023841858,1.600000023841858,1.600000023841858,966,0.0,0.0
2024-09-26 09:30:00-04:00,1.5706000328063965,1.5850000381469727,1.5700000524520874,1.5700000524520874,12473,0.0,0.0
2024-09-26 10:30:00-04:00,1.5700000524520874,1.5700000524520874,1.5700000524520874,1.5700000524520874,2020,0.0,0.0
2024-09-26 11:30:00-04:00,1.5477999448776245,1.5499999523162842,1.5199999809265137,1.5199999809265137,3534,0.0,0.0
2024-09-26 12:30:00-04:00,1.5199999809265137,1.5199999809265137,1.5199999809265137,1.5199999809265137,145,0.0,0.0
2024-09-26 13:30:00-04:00,1.5199999809265137,1.5499999523162842,1.5199999809265137,1.5499999523162842,1068,0.0,0.0
2024-09-26 14:30:00-04:00,1.590000033378601,1.600000023841858,1.590000033378601,1.600000023841858,747,0.0,0.0
2024-09-26 15:30:00-04:00,1.600000023841858,1.6050000190734863,1.600000023841858,1.6050000190734863,2095,0.0,0.0
2024-09-27 09:30:00-04:00,1.6101000308990479,1.6101000308990479,1.6101000308990479,1.6101000308990479,3811,0.0,0.0
2024-09-27 12:30:00-04:00,1.649999976158142,1.649999976158142,1.649899959564209,1.649899959564209,3015,0.0,0.0
2024-09-27 13:30:00-04:00,1.6521999835968018,1.654099941253662,1.6521999835968018,1.654099941253662,10259,0.0,0.0
2024-09-27 15:30:00-04:00,1.6299999952316284,1.6299999952316284,1.6100000143051147,1.6100000143051147,1303,0.0,0.0
