Datetime,Open,High,Low,Close,Volume,Dividends,Stock Splits,Capital Gains
2024-06-13 09:30:00-04:00,62.189998626708984,62.189998626708984,62.100101470947266,62.100101470947266,0,0.0,0.0,0.0
2024-06-13 09:35:00-04:00,62.16999816894531,62.16999816894531,62.16999816894531,62.16999816894531,240,0.0,0.0,0.0
2024-06-13 09:40:00-04:00,62.05500030517578,62.17900085449219,62.05500030517578,62.09090042114258,3096,0.0,0.0,0.0
2024-06-13 09:50:00-04:00,61.97159957885742,61.97159957885742,61.97159957885742,61.97159957885742,173,0.0,0.0,0.0
2024-06-13 10:00:00-04:00,62.08060073852539,62.08060073852539,62.08060073852539,62.08060073852539,362,0.0,0.0,0.0
2024-06-13 10:15:00-04:00,62.08000183105469,62.165000915527344,62.08000183105469,62.09000015258789,2255,0.0,0.0,0.0
2024-06-13 10:20:00-04:00,62.11000061035156,62.130001068115234,62.04999923706055,62.04999923706055,1340,0.0,0.0,0.0
2024-06-13 10:25:00-04:00,61.95000076293945,62.099998474121094,61.95000076293945,62.099998474121094,688,0.0,0.0,0.0
2024-06-13 10:30:00-04:00,61.98590087890625,62.125,61.96989822387695,62.125,663,0.0,0.0,0.0
2024-06-13 10:35:00-04:00,62.15999984741211,62.15999984741211,62.15999984741211,62.15999984741211,513,0.0,0.0,0.0
2024-06-13 10:50:00-04:00,62.084999084472656,62.084999084472656,62.084999084472656,62.084999084472656,312,0.0,0.0,0.0
2024-06-13 10:55:00-04:00,62.02360153198242,62.13999938964844,62.02360153198242,62.093299865722656,1502,0.0,0.0,0.0
2024-06-13 11:00:00-04:00,62.0452995300293,62.0452995300293,62.0452995300293,62.0452995300293,608,0.0,0.0,0.0
2024-06-13 11:05:00-04:00,62.11000061035156,62.11000061035156,62.029998779296875,62.029998779296875,525,0.0,0.0,0.0
2024-06-13 11:15:00-04:00,62.064998626708984,62.064998626708984,62.064998626708984,62.064998626708984,118,0.0,0.0,0.0
2024-06-13 11:20:00-04:00,61.97090148925781,61.97090148925781,61.97090148925781,61.97090148925781,819,0.0,0.0,0.0
2024-06-13 11:25:00-04:00,62.060001373291016,62.150001525878906,62.060001373291016,62.07500076293945,1223,0.0,0.0,0.0
2024-06-13 11:35:00-04:00,62.16999816894531,62.16999816894531,62.16999816894531,62.16999816894531,263,0.0,0.0,0.0
2024-06-13 11:40:00-04:00,62.0890007019043,62.110599517822266,62.0890007019043,62.110599517822266,415,0.0,0.0,0.0
2024-06-13 11:45:00-04:00,62.18000030517578,62.18000030517578,62.18000030517578,62.18000030517578,616,0.0,0.0,0.0
2024-06-13 11:55:00-04:00,62.0609016418457,62.0609016418457,62.0609016418457,62.0609016418457,168,0.0,0.0,0.0
2024-06-13 12:00:00-04:00,62.125,62.125,62.125,62.125,419,0.0,0.0,0.0
2024-06-13 12:05:00-04:00,62.141998291015625,62.141998291015625,62.141998291015625,62.141998291015625,250,0.0,0.0,0.0
2024-06-13 12:10:00-04:00,62.16400146484375,62.16400146484375,62.16400146484375,62.16400146484375,653,0.0,0.0,0.0
2024-06-13 12:15:00-04:00,62.14830017089844,62.16999816894531,62.10499954223633,62.16999816894531,3245,0.0,0.0,0.0
2024-06-13 12:30:00-04:00,62.08000183105469,62.09000015258789,62.08000183105469,62.09000015258789,961,0.0,0.0,0.0
2024-06-13 12:40:00-04:00,62.147499084472656,62.22779846191406,62.0099983215332,62.119998931884766,1160,0.0,0.0,0.0
2024-06-13 12:45:00-04:00,62.209999084472656,62.209999084472656,62.125,62.125,314,0.0,0.0,0.0
2024-06-13 12:50:00-04:00,62.13119888305664,62.1328010559082,62.13119888305664,62.1328010559082,1564,0.0,0.0,0.0
2024-06-13 13:00:00-04:00,62.057098388671875,62.057098388671875,62.057098388671875,62.057098388671875,266,0.0,0.0,0.0
2024-06-13 13:05:00-04:00,62.22999954223633,62.22999954223633,62.14500045776367,62.14500045776367,324,0.0,0.0,0.0
2024-06-13 13:10:00-04:00,62.165000915527344,62.165000915527344,62.165000915527344,62.165000915527344,606,0.0,0.0,0.0
2024-06-13 13:15:00-04:00,62.189998626708984,62.26449966430664,62.140201568603516,62.26449966430664,1479,0.0,0.0,0.0
2024-06-13 13:20:00-04:00,62.26100158691406,62.26100158691406,62.22999954223633,62.2599983215332,766,0.0,0.0,0.0
2024-06-13 13:25:00-04:00,62.22999954223633,62.22999954223633,62.22999954223633,62.22999954223633,218,0.0,0.0,0.0
2024-06-13 13:30:00-04:00,62.25,62.2599983215332,62.1078987121582,62.2599983215332,915,0.0,0.0,0.0
2024-06-13 13:40:00-04:00,62.2599983215332,62.2599983215332,62.2599983215332,62.2599983215332,107,0.0,0.0,0.0
2024-06-13 13:45:00-04:00,62.190101623535156,62.190101623535156,62.190101623535156,62.190101623535156,215,0.0,0.0,0.0
2024-06-13 13:50:00-04:00,62.2599983215332,62.2599983215332,62.2599983215332,62.2599983215332,384,0.0,0.0,0.0
2024-06-13 14:00:00-04:00,62.220001220703125,62.220001220703125,62.220001220703125,62.220001220703125,344,0.0,0.0,0.0
2024-06-13 14:05:00-04:00,62.15829849243164,62.15829849243164,62.15829849243164,62.15829849243164,306,0.0,0.0,0.0
2024-06-13 14:10:00-04:00,62.20280075073242,62.223899841308594,62.18259811401367,62.18259811401367,1332,0.0,0.0,0.0
2024-06-13 14:15:00-04:00,62.20500183105469,62.20500183105469,62.14820098876953,62.14820098876953,958,0.0,0.0,0.0
2024-06-13 14:20:00-04:00,62.215999603271484,62.215999603271484,62.215999603271484,62.215999603271484,493,0.0,0.0,0.0
2024-06-13 14:25:00-04:00,62.29999923706055,62.309898376464844,62.28900146484375,62.28900146484375,2768,0.0,0.0,0.0
2024-06-13 14:30:00-04:00,62.16419982910156,62.16419982910156,62.16419982910156,62.16419982910156,397,0.0,0.0,0.0
2024-06-13 14:35:00-04:00,62.21500015258789,62.21500015258789,62.21500015258789,62.21500015258789,118,0.0,0.0,0.0
2024-06-13 14:40:00-04:00,62.29999923706055,62.31999969482422,62.29999923706055,62.31999969482422,621,0.0,0.0,0.0
2024-06-13 14:50:00-04:00,62.24129867553711,62.349998474121094,62.21799850463867,62.34000015258789,2422,0.0,0.0,0.0
2024-06-13 15:05:00-04:00,62.260101318359375,62.41999816894531,62.260101318359375,62.41999816894531,1125,0.0,0.0,0.0
2024-06-13 15:10:00-04:00,62.404998779296875,62.404998779296875,62.381500244140625,62.381500244140625,2968,0.0,0.0,0.0
2024-06-13 15:15:00-04:00,62.280601501464844,62.34000015258789,62.280601501464844,62.34000015258789,665,0.0,0.0,0.0
2024-06-13 15:20:00-04:00,62.27000045776367,62.349998474121094,62.27000045776367,62.2849006652832,736,0.0,0.0,0.0
2024-06-13 15:25:00-04:00,62.27009963989258,62.418399810791016,62.27009963989258,62.418399810791016,556,0.0,0.0,0.0
2024-06-13 15:30:00-04:00,62.400001525878906,62.40999984741211,62.332000732421875,62.40999984741211,681,0.0,0.0,0.0
2024-06-13 15:35:00-04:00,62.38999938964844,62.41999816894531,62.270599365234375,62.270599365234375,3276,0.0,0.0,0.0
2024-06-13 15:40:00-04:00,62.27640151977539,62.27640151977539,62.27640151977539,62.27640151977539,261,0.0,0.0,0.0
2024-06-13 15:45:00-04:00,62.37580108642578,62.45000076293945,62.37580108642578,62.420501708984375,3249,0.0,0.0,0.0
2024-06-13 15:50:00-04:00,62.37519836425781,62.37519836425781,62.37519836425781,62.37519836425781,656,0.0,0.0,0.0
2024-06-13 15:55:00-04:00,62.40999984741211,62.45000076293945,62.38999938964844,62.45000076293945,1597,0.0,0.0,0.0
2024-06-14 09:30:00-04:00,62.150001525878906,62.150001525878906,62.13370132446289,62.13370132446289,0,0.0,0.0,0.0
2024-06-14 09:35:00-04:00,62.22999954223633,62.22999954223633,62.22999954223633,62.22999954223633,393,0.0,0.0,0.0
2024-06-14 09:50:00-04:00,62.377498626708984,62.377498626708984,62.13010025024414,62.141998291015625,1097,0.0,0.0,0.0
2024-06-14 10:05:00-04:00,62.25510025024414,62.25510025024414,62.25510025024414,62.25510025024414,828,0.0,0.0,0.0
2024-06-14 10:15:00-04:00,62.23210144042969,62.23210144042969,62.23210144042969,62.23210144042969,175,0.0,0.0,0.0
2024-06-14 10:20:00-04:00,62.3286018371582,62.3286018371582,62.3286018371582,62.3286018371582,294,0.0,0.0,0.0
2024-06-14 10:25:00-04:00,62.32500076293945,62.36289978027344,62.32500076293945,62.36289978027344,283,0.0,0.0,0.0
2024-06-14 10:30:00-04:00,62.310001373291016,62.310001373291016,62.30500030517578,62.30500030517578,290,0.0,0.0,0.0
2024-06-14 10:35:00-04:00,62.29999923706055,62.29999923706055,62.26890182495117,62.26890182495117,501,0.0,0.0,0.0
2024-06-14 10:40:00-04:00,62.313201904296875,62.313201904296875,62.313201904296875,62.313201904296875,343,0.0,0.0,0.0
2024-06-14 10:45:00-04:00,62.369998931884766,62.369998931884766,62.369998931884766,62.369998931884766,248,0.0,0.0,0.0
2024-06-14 10:50:00-04:00,62.380001068115234,62.380001068115234,62.28010177612305,62.285099029541016,3018,0.0,0.0,0.0
2024-06-14 10:55:00-04:00,62.349998474121094,62.419898986816406,62.279998779296875,62.4182014465332,1453,0.0,0.0,0.0
2024-06-14 11:00:00-04:00,62.345001220703125,62.345001220703125,62.30649948120117,62.30649948120117,732,0.0,0.0,0.0
2024-06-14 11:05:00-04:00,62.3849983215332,62.3849983215332,62.320899963378906,62.320899963378906,3328,0.0,0.0,0.0
2024-06-14 11:10:00-04:00,62.403499603271484,62.403499603271484,62.356998443603516,62.35879898071289,826,0.0,0.0,0.0
2024-06-14 11:20:00-04:00,62.42499923706055,62.42850112915039,62.37300109863281,62.42850112915039,647,0.0,0.0,0.0
2024-06-14 11:25:00-04:00,62.403499603271484,62.404998779296875,62.35929870605469,62.36119842529297,535,0.0,0.0,0.0
2024-06-14 11:35:00-04:00,62.40999984741211,62.40999984741211,62.40999984741211,62.40999984741211,126,0.0,0.0,0.0
2024-06-14 11:40:00-04:00,62.38999938964844,62.41999816894531,62.38999938964844,62.41999816894531,489,0.0,0.0,0.0
2024-06-14 11:50:00-04:00,62.3213005065918,62.400001525878906,62.320098876953125,62.400001525878906,3919,0.0,0.0,0.0
2024-06-14 11:55:00-04:00,62.400001525878906,62.400001525878906,62.400001525878906,62.400001525878906,234,0.0,0.0,0.0
2024-06-14 12:00:00-04:00,62.43000030517578,62.47999954223633,62.3849983215332,62.470001220703125,4699,0.0,0.0,0.0
2024-06-14 12:05:00-04:00,62.4900016784668,62.5,62.47999954223633,62.47999954223633,3000,0.0,0.0,0.0
2024-06-14 12:10:00-04:00,62.4900016784668,62.5099983215332,62.4900016784668,62.5,2323,0.0,0.0,0.0
2024-06-14 12:20:00-04:00,62.4900016784668,62.4900016784668,62.467098236083984,62.47999954223633,831,0.0,0.0,0.0
2024-06-14 12:25:00-04:00,62.410099029541016,62.47999954223633,62.410099029541016,62.45000076293945,714,0.0,0.0,0.0
2024-06-14 12:30:00-04:00,62.470001220703125,62.470001220703125,62.38999938964844,62.400001525878906,17846,0.0,0.0,0.0
2024-06-14 12:35:00-04:00,62.439998626708984,62.439998626708984,62.310001373291016,62.310001373291016,3181,0.0,0.0,0.0
2024-06-14 12:40:00-04:00,62.40999984741211,62.45000076293945,62.40999984741211,62.45000076293945,309,0.0,0.0,0.0
2024-06-14 12:45:00-04:00,62.46500015258789,62.46500015258789,62.33610153198242,62.38999938964844,2061,0.0,0.0,0.0
2024-06-14 12:55:00-04:00,62.39789962768555,62.39789962768555,62.39789962768555,62.39789962768555,1954,0.0,0.0,0.0
2024-06-14 13:00:00-04:00,62.41999816894531,62.48500061035156,62.41999816894531,62.470001220703125,1270,0.0,0.0,0.0
2024-06-14 13:05:00-04:00,62.46160125732422,62.46160125732422,62.45050048828125,62.459999084472656,806,0.0,0.0,0.0
2024-06-14 13:10:00-04:00,62.474998474121094,62.4900016784668,62.459999084472656,62.48310089111328,531,0.0,0.0,0.0
2024-06-14 13:15:00-04:00,62.470001220703125,62.470001220703125,62.45000076293945,62.45000076293945,544,0.0,0.0,0.0
2024-06-14 13:20:00-04:00,62.45000076293945,62.45000076293945,62.45000076293945,62.45000076293945,361,0.0,0.0,0.0
2024-06-14 13:25:00-04:00,62.45000076293945,62.45000076293945,62.45000076293945,62.45000076293945,218,0.0,0.0,0.0
2024-06-14 13:30:00-04:00,62.43000030517578,62.470001220703125,62.41999816894531,62.45500183105469,2324,0.0,0.0,0.0
2024-06-14 13:35:00-04:00,62.432098388671875,62.432098388671875,62.432098388671875,62.432098388671875,396,0.0,0.0,0.0
2024-06-14 13:40:00-04:00,62.470001220703125,62.470001220703125,62.380001068115234,62.380001068115234,687,0.0,0.0,0.0
2024-06-14 13:45:00-04:00,62.400001525878906,62.400001525878906,62.400001525878906,62.400001525878906,100,0.0,0.0,0.0
2024-06-14 13:50:00-04:00,62.414798736572266,62.414798736572266,62.400001525878906,62.400001525878906,694,0.0,0.0,0.0
2024-06-14 14:00:00-04:00,62.32529830932617,62.40999984741211,62.32529830932617,62.40999984741211,456,0.0,0.0,0.0
2024-06-14 14:05:00-04:00,62.39250183105469,62.434898376464844,62.36009979248047,62.400001525878906,4023,0.0,0.0,0.0
2024-06-14 14:10:00-04:00,62.43000030517578,62.43000030517578,62.43000030517578,62.43000030517578,348,0.0,0.0,0.0
2024-06-14 14:25:00-04:00,62.42169952392578,62.42169952392578,62.41999816894531,62.41999816894531,1140,0.0,0.0,0.0
2024-06-14 14:30:00-04:00,62.39500045776367,62.407501220703125,62.37269973754883,62.407501220703125,671,0.0,0.0,0.0
2024-06-14 14:35:00-04:00,62.45000076293945,62.45000076293945,62.36600112915039,62.36600112915039,640,0.0,0.0,0.0
2024-06-14 14:55:00-04:00,62.29999923706055,62.29999923706055,62.29999923706055,62.29999923706055,205,0.0,0.0,0.0
2024-06-14 15:00:00-04:00,62.46969985961914,62.46969985961914,62.325199127197266,62.325199127197266,327,0.0,0.0,0.0
2024-06-14 15:05:00-04:00,62.41999816894531,62.41999816894531,62.40079879760742,62.40079879760742,3949,0.0,0.0,0.0
2024-06-14 15:10:00-04:00,62.364898681640625,62.364898681640625,62.31999969482422,62.31999969482422,631,0.0,0.0,0.0
2024-06-14 15:20:00-04:00,62.45970153808594,62.45970153808594,62.45970153808594,62.45970153808594,874,0.0,0.0,0.0
2024-06-14 15:25:00-04:00,62.415000915527344,62.48809814453125,62.415000915527344,62.48809814453125,1001,0.0,0.0,0.0
2024-06-14 15:30:00-04:00,62.47999954223633,62.49869918823242,62.404998779296875,62.404998779296875,10767,0.0,0.0,0.0
2024-06-14 15:40:00-04:00,62.439998626708984,62.439998626708984,62.404998779296875,62.404998779296875,265,0.0,0.0,0.0
2024-06-14 15:45:00-04:00,62.46699905395508,62.470001220703125,62.40999984741211,62.40999984741211,841,0.0,0.0,0.0
2024-06-14 15:50:00-04:00,62.459999084472656,62.46969985961914,62.404998779296875,62.438201904296875,856,0.0,0.0,0.0
2024-06-14 15:55:00-04:00,62.369998931884766,62.5,62.369998931884766,62.5,847,0.0,0.0,0.0
2024-06-17 09:30:00-04:00,62.47999954223633,62.47999954223633,62.47999954223633,62.47999954223633,2456,0.0,0.0,0.0
2024-06-17 09:45:00-04:00,62.43000030517578,62.43000030517578,62.43000030517578,62.43000030517578,476,0.0,0.0,0.0
2024-06-17 09:50:00-04:00,62.39500045776367,62.39500045776367,62.29610061645508,62.29610061645508,327,0.0,0.0,0.0
2024-06-17 09:55:00-04:00,62.38999938964844,62.38999938964844,62.38999938964844,62.38999938964844,140,0.0,0.0,0.0
2024-06-17 10:00:00-04:00,62.495201110839844,62.495201110839844,62.495201110839844,62.495201110839844,284,0.0,0.0,0.0
2024-06-17 10:10:00-04:00,62.48500061035156,62.48500061035156,62.48500061035156,62.48500061035156,279,0.0,0.0,0.0
2024-06-17 10:20:00-04:00,62.540000915527344,62.54999923706055,62.48649978637695,62.529998779296875,2378,0.0,0.0,0.0
2024-06-17 10:30:00-04:00,62.47909927368164,62.482398986816406,62.47909927368164,62.482398986816406,372,0.0,0.0,0.0
2024-06-17 10:35:00-04:00,62.540000915527344,62.540000915527344,62.540000915527344,62.540000915527344,263,0.0,0.0,0.0
2024-06-17 10:45:00-04:00,62.469600677490234,62.599998474121094,62.469600677490234,62.599998474121094,2493,0.0,0.0,0.0
2024-06-17 10:55:00-04:00,62.599998474121094,62.61000061035156,62.599998474121094,62.609901428222656,1655,0.0,0.0,0.0
2024-06-17 11:00:00-04:00,62.61000061035156,62.61000061035156,62.61000061035156,62.61000061035156,322,0.0,0.0,0.0
2024-06-17 11:05:00-04:00,62.560001373291016,62.560001373291016,62.560001373291016,62.560001373291016,184,0.0,0.0,0.0
2024-06-17 11:15:00-04:00,62.566200256347656,62.599998474121094,62.566200256347656,62.599998474121094,487,0.0,0.0,0.0
2024-06-17 11:30:00-04:00,62.64500045776367,62.64500045776367,62.64500045776367,62.64500045776367,117,0.0,0.0,0.0
2024-06-17 11:35:00-04:00,62.6349983215332,62.659000396728516,62.59000015258789,62.659000396728516,818,0.0,0.0,0.0
2024-06-17 11:40:00-04:00,62.650001525878906,62.650001525878906,62.59199905395508,62.59199905395508,445,0.0,0.0,0.0
2024-06-17 11:45:00-04:00,62.6150016784668,62.64509963989258,62.6150016784668,62.64509963989258,981,0.0,0.0,0.0
2024-06-17 11:55:00-04:00,62.71989822387695,62.71989822387695,62.71989822387695,62.71989822387695,348,0.0,0.0,0.0
2024-06-17 12:00:00-04:00,62.709999084472656,62.709999084472656,62.709999084472656,62.709999084472656,650,0.0,0.0,0.0
2024-06-17 12:05:00-04:00,62.720001220703125,62.720001220703125,62.6963996887207,62.6963996887207,505,0.0,0.0,0.0
2024-06-17 12:10:00-04:00,62.70000076293945,62.720001220703125,62.657501220703125,62.720001220703125,1425,0.0,0.0,0.0
2024-06-17 12:15:00-04:00,62.70000076293945,62.70000076293945,62.650001525878906,62.650001525878906,1433,0.0,0.0,0.0
2024-06-17 12:35:00-04:00,62.7599983215332,62.7599983215332,62.7599983215332,62.7599983215332,420,0.0,0.0,0.0
2024-06-17 12:40:00-04:00,62.7599983215332,62.7599983215332,62.7599983215332,62.7599983215332,219,0.0,0.0,0.0
2024-06-17 12:50:00-04:00,62.88990020751953,62.88990020751953,62.88990020751953,62.88990020751953,611,0.0,0.0,0.0
2024-06-17 12:55:00-04:00,62.87990188598633,62.87990188598633,62.824100494384766,62.824100494384766,4633,0.0,0.0,0.0
2024-06-17 13:05:00-04:00,62.869998931884766,62.869998931884766,62.869998931884766,62.869998931884766,254,0.0,0.0,0.0
2024-06-17 13:10:00-04:00,62.86000061035156,62.86000061035156,62.86000061035156,62.86000061035156,249,0.0,0.0,0.0
2024-06-17 13:20:00-04:00,62.81809997558594,62.81809997558594,62.81809997558594,62.81809997558594,730,0.0,0.0,0.0
2024-06-17 13:25:00-04:00,62.900001525878906,62.900001525878906,62.900001525878906,62.900001525878906,479,0.0,0.0,0.0
2024-06-17 13:40:00-04:00,62.95000076293945,62.979698181152344,62.8849983215332,62.8849983215332,1882,0.0,0.0,0.0
2024-06-17 13:45:00-04:00,62.880001068115234,62.880001068115234,62.880001068115234,62.880001068115234,440,0.0,0.0,0.0
2024-06-17 13:50:00-04:00,62.880001068115234,62.95000076293945,62.880001068115234,62.95000076293945,341,0.0,0.0,0.0
2024-06-17 13:55:00-04:00,62.95000076293945,62.95000076293945,62.8650016784668,62.939998626708984,10396,0.0,0.0,0.0
2024-06-17 14:00:00-04:00,62.93000030517578,62.959999084472656,62.88520050048828,62.959999084472656,850,0.0,0.0,0.0
2024-06-17 14:10:00-04:00,62.95000076293945,62.959999084472656,62.91999816894531,62.91999816894531,2519,0.0,0.0,0.0
2024-06-17 14:20:00-04:00,62.939998626708984,62.95000076293945,62.939998626708984,62.95000076293945,2327,0.0,0.0,0.0
2024-06-17 14:25:00-04:00,62.97999954223633,63.0,62.97999954223633,63.0,940,0.0,0.0,0.0
2024-06-17 14:30:00-04:00,63.0,63.0,62.95500183105469,63.0,1726,0.0,0.0,0.0
2024-06-17 14:45:00-04:00,62.90399932861328,62.95000076293945,62.90399932861328,62.91999816894531,6827,0.0,0.0,0.0
2024-06-17 14:50:00-04:00,62.90999984741211,62.95000076293945,62.900001525878906,62.939998626708984,11303,0.0,0.0,0.0
2024-06-17 14:55:00-04:00,62.939998626708984,62.95500183105469,62.91999816894531,62.95500183105469,2499,0.0,0.0,0.0
2024-06-17 15:00:00-04:00,62.93000030517578,62.95500183105469,62.87839889526367,62.91999816894531,8164,0.0,0.0,0.0
2024-06-17 15:05:00-04:00,62.93000030517578,62.93000030517578,62.91999816894531,62.91999816894531,389,0.0,0.0,0.0
2024-06-17 15:15:00-04:00,62.94499969482422,63.029998779296875,62.94499969482422,63.029998779296875,42618,0.0,0.0,0.0
2024-06-17 15:20:00-04:00,62.939998626708984,62.97600173950195,62.939998626708984,62.959999084472656,6136,0.0,0.0,0.0
2024-06-17 15:25:00-04:00,62.959999084472656,62.98500061035156,62.959999084472656,62.959999084472656,873,0.0,0.0,0.0
2024-06-17 15:30:00-04:00,62.95000076293945,62.959999084472656,62.95000076293945,62.959999084472656,1246,0.0,0.0,0.0
2024-06-17 15:35:00-04:00,62.939998626708984,62.939998626708984,62.93989944458008,62.93989944458008,534,0.0,0.0,0.0
2024-06-17 15:40:00-04:00,63.0,63.0,63.0,63.0,162,0.0,0.0,0.0
2024-06-17 15:45:00-04:00,62.97999954223633,62.97999954223633,62.95220184326172,62.95800018310547,474,0.0,0.0,0.0
2024-06-17 15:50:00-04:00,62.959999084472656,62.959999084472656,62.90700149536133,62.90700149536133,1252,0.0,0.0,0.0
2024-06-17 15:55:00-04:00,62.900001525878906,62.939998626708984,62.849998474121094,62.939998626708984,1381,0.0,0.0,0.0
2024-06-18 09:30:00-04:00,62.869998931884766,62.869998931884766,62.869998931884766,62.869998931884766,228,0.0,0.0,0.0
2024-06-18 09:35:00-04:00,62.996498107910156,62.996498107910156,62.88999938964844,62.88999938964844,2713,0.0,0.0,0.0
2024-06-18 09:45:00-04:00,62.89889907836914,62.94499969482422,62.89889907836914,62.94499969482422,249,0.0,0.0,0.0
2024-06-18 09:50:00-04:00,62.939998626708984,62.939998626708984,62.90610122680664,62.90610122680664,374,0.0,0.0,0.0
2024-06-18 09:55:00-04:00,62.96419906616211,62.96419906616211,62.96419906616211,62.96419906616211,790,0.0,0.0,0.0
2024-06-18 10:00:00-04:00,62.969200134277344,62.969200134277344,62.969200134277344,62.969200134277344,479,0.0,0.0,0.0
2024-06-18 10:05:00-04:00,62.88880157470703,62.93000030517578,62.88880157470703,62.93000030517578,843,0.0,0.0,0.0
2024-06-18 10:15:00-04:00,62.959999084472656,62.959999084472656,62.95000076293945,62.95000076293945,1492,0.0,0.0,0.0
2024-06-18 10:20:00-04:00,62.97999954223633,62.97999954223633,62.97999954223633,62.97999954223633,463,0.0,0.0,0.0
2024-06-18 10:25:00-04:00,62.93000030517578,62.935001373291016,62.85810089111328,62.85810089111328,5090,0.0,0.0,0.0
2024-06-18 10:30:00-04:00,62.869998931884766,62.93000030517578,62.869998931884766,62.93000030517578,2153,0.0,0.0,0.0
2024-06-18 10:45:00-04:00,62.880001068115234,62.880001068115234,62.79999923706055,62.79999923706055,1783,0.0,0.0,0.0
2024-06-18 10:50:00-04:00,62.80500030517578,62.819400787353516,62.80500030517578,62.819400787353516,676,0.0,0.0,0.0
2024-06-18 10:55:00-04:00,62.888301849365234,62.888301849365234,62.7244987487793,62.829498291015625,1775,0.0,0.0,0.0
2024-06-18 11:10:00-04:00,62.83000183105469,62.83000183105469,62.82709884643555,62.8291015625,963,0.0,0.0,0.0
2024-06-18 11:20:00-04:00,62.86000061035156,62.86000061035156,62.86000061035156,62.86000061035156,336,0.0,0.0,0.0
2024-06-18 11:35:00-04:00,62.72010040283203,62.72010040283203,62.72010040283203,62.72010040283203,128,0.0,0.0,0.0
2024-06-18 11:40:00-04:00,62.77370071411133,62.88999938964844,62.77370071411133,62.88999938964844,1366,0.0,0.0,0.0
2024-06-18 11:45:00-04:00,62.79130172729492,62.79130172729492,62.79130172729492,62.79130172729492,621,0.0,0.0,0.0
2024-06-18 11:55:00-04:00,62.82830047607422,62.82830047607422,62.82830047607422,62.82830047607422,302,0.0,0.0,0.0
2024-06-18 12:00:00-04:00,62.82630157470703,62.82630157470703,62.82630157470703,62.82630157470703,306,0.0,0.0,0.0
2024-06-18 12:05:00-04:00,62.900001525878906,62.909000396728516,62.885101318359375,62.885101318359375,1137,0.0,0.0,0.0
2024-06-18 12:10:00-04:00,62.90959930419922,62.90959930419922,62.86249923706055,62.86249923706055,660,0.0,0.0,0.0
2024-06-18 12:20:00-04:00,62.838600158691406,62.90999984741211,62.73099899291992,62.73099899291992,777,0.0,0.0,0.0
2024-06-18 12:40:00-04:00,62.73310089111328,62.83000183105469,62.73310089111328,62.83000183105469,738,0.0,0.0,0.0
2024-06-18 12:50:00-04:00,62.84000015258789,62.84000015258789,62.83000183105469,62.834999084472656,738,0.0,0.0,0.0
2024-06-18 12:55:00-04:00,62.923099517822266,62.923099517822266,62.923099517822266,62.923099517822266,251,0.0,0.0,0.0
2024-06-18 13:00:00-04:00,62.720001220703125,62.720001220703125,62.720001220703125,62.720001220703125,872,0.0,0.0,0.0
2024-06-18 13:10:00-04:00,62.86000061035156,62.86000061035156,62.86000061035156,62.86000061035156,1110,0.0,0.0,0.0
2024-06-18 13:15:00-04:00,62.959999084472656,62.970001220703125,62.858001708984375,62.86000061035156,4530,0.0,0.0,0.0
2024-06-18 13:30:00-04:00,62.97999954223633,62.97999954223633,62.854000091552734,62.95000076293945,1071,0.0,0.0,0.0
2024-06-18 13:55:00-04:00,62.94260025024414,62.94260025024414,62.88180160522461,62.88180160522461,1253,0.0,0.0,0.0
2024-06-18 14:00:00-04:00,62.869998931884766,62.91999816894531,62.869998931884766,62.91999816894531,309,0.0,0.0,0.0
2024-06-18 14:10:00-04:00,62.93000030517578,62.93000030517578,62.93000030517578,62.93000030517578,434,0.0,0.0,0.0
2024-06-18 14:15:00-04:00,62.880001068115234,62.93000030517578,62.880001068115234,62.93000030517578,483,0.0,0.0,0.0
2024-06-18 14:20:00-04:00,62.880001068115234,62.88999938964844,62.82609939575195,62.88999938964844,721,0.0,0.0,0.0
2024-06-18 14:25:00-04:00,62.8650016784668,62.929901123046875,62.8650016784668,62.929901123046875,886,0.0,0.0,0.0
2024-06-18 14:30:00-04:00,62.72629928588867,62.78160095214844,62.71009826660156,62.78160095214844,2959,0.0,0.0,0.0
2024-06-18 14:40:00-04:00,62.81999969482422,62.81999969482422,62.81999969482422,62.81999969482422,450,0.0,0.0,0.0
2024-06-18 14:45:00-04:00,62.900001525878906,62.90999984741211,62.900001525878906,62.90999984741211,284,0.0,0.0,0.0
2024-06-18 14:50:00-04:00,62.90999984741211,62.90999984741211,62.83760070800781,62.83760070800781,715,0.0,0.0,0.0
2024-06-18 14:55:00-04:00,62.900001525878906,62.900001525878906,62.8380012512207,62.8380012512207,450,0.0,0.0,0.0
2024-06-18 15:00:00-04:00,62.82979965209961,62.82979965209961,62.82979965209961,62.82979965209961,345,0.0,0.0,0.0
2024-06-18 15:05:00-04:00,62.90010070800781,62.90010070800781,62.82830047607422,62.82830047607422,268,0.0,0.0,0.0
2024-06-18 15:10:00-04:00,62.75859832763672,62.81999969482422,62.75859832763672,62.81999969482422,629,0.0,0.0,0.0
2024-06-18 15:20:00-04:00,62.90999984741211,62.90999984741211,62.83940124511719,62.880001068115234,3003,0.0,0.0,0.0
2024-06-18 15:25:00-04:00,62.880001068115234,62.880001068115234,62.83000183105469,62.85499954223633,1643,0.0,0.0,0.0
2024-06-18 15:30:00-04:00,62.91859817504883,62.91859817504883,62.79069900512695,62.79069900512695,1239,0.0,0.0,0.0
2024-06-18 15:35:00-04:00,62.880001068115234,62.880001068115234,62.84000015258789,62.84000015258789,1182,0.0,0.0,0.0
2024-06-18 15:40:00-04:00,62.78839874267578,62.880001068115234,62.78839874267578,62.880001068115234,868,0.0,0.0,0.0
2024-06-18 15:45:00-04:00,62.84000015258789,62.869998931884766,62.84000015258789,62.869998931884766,801,0.0,0.0,0.0
2024-06-18 15:55:00-04:00,62.92259979248047,62.970001220703125,62.92259979248047,62.970001220703125,2801,0.0,0.0,0.0
2024-06-20 09:30:00-04:00,62.95000076293945,62.95000076293945,62.939998626708984,62.939998626708984,0,0.0,0.0,0.0
2024-06-20 09:40:00-04:00,63.209999084472656,63.209999084472656,63.209999084472656,63.209999084472656,355,0.0,0.0,0.0
2024-06-20 09:55:00-04:00,63.08639907836914,63.099998474121094,63.08639907836914,63.099998474121094,1908,0.0,0.0,0.0
2024-06-20 10:00:00-04:00,63.119998931884766,63.119998931884766,63.0,63.02000045776367,7570,0.0,0.0,0.0
2024-06-20 10:05:00-04:00,63.08000183105469,63.08000183105469,63.060001373291016,63.060001373291016,618,0.0,0.0,0.0
2024-06-20 10:10:00-04:00,63.06999969482422,63.06999969482422,63.029998779296875,63.029998779296875,1118,0.0,0.0,0.0
2024-06-20 10:15:00-04:00,62.96500015258789,62.96500015258789,62.96500015258789,62.96500015258789,372,0.0,0.0,0.0
2024-06-20 10:25:00-04:00,63.04499816894531,63.04499816894531,63.04499816894531,63.04499816894531,1323,0.0,0.0,0.0
2024-06-20 10:30:00-04:00,63.025001525878906,63.08700180053711,63.025001525878906,63.08700180053711,1911,0.0,0.0,0.0
2024-06-20 10:35:00-04:00,62.992000579833984,62.992000579833984,62.992000579833984,62.992000579833984,260,0.0,0.0,0.0
2024-06-20 10:40:00-04:00,63.029998779296875,63.029998779296875,63.029998779296875,63.029998779296875,1625,0.0,0.0,0.0
2024-06-20 10:45:00-04:00,63.06999969482422,63.08000183105469,62.9901008605957,62.9901008605957,645,0.0,0.0,0.0
2024-06-20 10:50:00-04:00,63.00450134277344,63.00450134277344,63.00450134277344,63.00450134277344,143,0.0,0.0,0.0
2024-06-20 10:55:00-04:00,63.040000915527344,63.04999923706055,63.040000915527344,63.04999923706055,712,0.0,0.0,0.0
2024-06-20 11:00:00-04:00,63.06999969482422,63.119998931884766,63.06999969482422,63.084999084472656,622,0.0,0.0,0.0
2024-06-20 11:10:00-04:00,63.060001373291016,63.060001373291016,63.060001373291016,63.060001373291016,634,0.0,0.0,0.0
2024-06-20 11:15:00-04:00,63.04010009765625,63.064998626708984,63.040000915527344,63.040000915527344,1335,0.0,0.0,0.0
2024-06-20 11:20:00-04:00,63.029998779296875,63.040000915527344,63.02000045776367,63.040000915527344,1964,0.0,0.0,0.0
2024-06-20 11:25:00-04:00,63.029998779296875,63.029998779296875,63.029998779296875,63.029998779296875,1846,0.0,0.0,0.0
2024-06-20 11:30:00-04:00,63.060001373291016,63.060001373291016,63.060001373291016,63.060001373291016,406,0.0,0.0,0.0
2024-06-20 11:35:00-04:00,63.08000183105469,63.11000061035156,63.064998626708984,63.064998626708984,527,0.0,0.0,0.0
2024-06-20 11:40:00-04:00,63.06050109863281,63.08000183105469,63.04010009765625,63.04010009765625,1610,0.0,0.0,0.0
2024-06-20 11:45:00-04:00,63.04999923706055,63.05609893798828,62.959999084472656,62.97999954223633,990,0.0,0.0,0.0
2024-06-20 11:50:00-04:00,62.9900016784668,63.04999923706055,62.9900016784668,63.04999923706055,2093,0.0,0.0,0.0
2024-06-20 11:55:00-04:00,63.029998779296875,63.029998779296875,63.029998779296875,63.029998779296875,100,0.0,0.0,0.0
2024-06-20 12:00:00-04:00,62.933998107910156,62.9900016784668,62.933998107910156,62.9453010559082,1205,0.0,0.0,0.0
2024-06-20 12:10:00-04:00,63.04999923706055,63.04999923706055,63.04999923706055,63.04999923706055,178,0.0,0.0,0.0
2024-06-20 12:15:00-04:00,63.029998779296875,63.029998779296875,63.029998779296875,63.029998779296875,540,0.0,0.0,0.0
2024-06-20 12:20:00-04:00,62.900001525878906,62.900001525878906,62.900001525878906,62.900001525878906,576,0.0,0.0,0.0
2024-06-20 12:30:00-04:00,62.82500076293945,62.82500076293945,62.82500076293945,62.82500076293945,692,0.0,0.0,0.0
2024-06-20 12:35:00-04:00,62.751800537109375,62.83000183105469,62.751800537109375,62.83000183105469,3077,0.0,0.0,0.0
2024-06-20 12:40:00-04:00,62.864200592041016,62.864200592041016,62.77000045776367,62.849998474121094,716,0.0,0.0,0.0
2024-06-20 12:45:00-04:00,62.849998474121094,62.93000030517578,62.849998474121094,62.90999984741211,1858,0.0,0.0,0.0
2024-06-20 12:50:00-04:00,62.8651008605957,62.90999984741211,62.828399658203125,62.828399658203125,2532,0.0,0.0,0.0
2024-06-20 13:00:00-04:00,62.97999954223633,62.97999954223633,62.834999084472656,62.834999084472656,4672,0.0,0.0,0.0
2024-06-20 13:05:00-04:00,62.74869918823242,62.74869918823242,62.74869918823242,62.74869918823242,113,0.0,0.0,0.0
2024-06-20 13:15:00-04:00,62.86000061035156,62.86000061035156,62.86000061035156,62.86000061035156,509,0.0,0.0,0.0
2024-06-20 13:30:00-04:00,62.72719955444336,62.72719955444336,62.72169876098633,62.72169876098633,940,0.0,0.0,0.0
2024-06-20 13:35:00-04:00,62.775001525878906,62.775001525878906,62.775001525878906,62.775001525878906,445,0.0,0.0,0.0
2024-06-20 13:45:00-04:00,62.880001068115234,62.880001068115234,62.8218994140625,62.8224983215332,806,0.0,0.0,0.0
2024-06-20 13:50:00-04:00,62.80500030517578,62.80500030517578,62.73400115966797,62.7599983215332,476,0.0,0.0,0.0
2024-06-20 13:55:00-04:00,62.880001068115234,62.880001068115234,62.81999969482422,62.880001068115234,313,0.0,0.0,0.0
2024-06-20 14:00:00-04:00,62.91239929199219,62.91239929199219,62.91239929199219,62.91239929199219,280,0.0,0.0,0.0
2024-06-20 14:05:00-04:00,62.88999938964844,62.88999938964844,62.88999938964844,62.88999938964844,853,0.0,0.0,0.0
2024-06-20 14:10:00-04:00,62.959598541259766,62.959598541259766,62.82550048828125,62.82550048828125,1047,0.0,0.0,0.0
2024-06-20 14:25:00-04:00,62.88959884643555,62.88959884643555,62.88959884643555,62.88959884643555,107,0.0,0.0,0.0
2024-06-20 14:30:00-04:00,62.869998931884766,63.040000915527344,62.869998931884766,63.012001037597656,2487,0.0,0.0,0.0
2024-06-20 14:35:00-04:00,62.97999954223633,62.989898681640625,62.97999954223633,62.989898681640625,1662,0.0,0.0,0.0
2024-06-20 14:45:00-04:00,62.955299377441406,62.955299377441406,62.955299377441406,62.955299377441406,322,0.0,0.0,0.0
2024-06-20 14:50:00-04:00,62.9900016784668,62.9900016784668,62.92499923706055,62.92499923706055,1553,0.0,0.0,0.0
2024-06-20 15:00:00-04:00,62.91999816894531,62.93000030517578,62.83000183105469,62.900001525878906,2096,0.0,0.0,0.0
2024-06-20 15:05:00-04:00,62.83000183105469,62.83000183105469,62.83000183105469,62.83000183105469,1734,0.0,0.0,0.0
2024-06-20 15:10:00-04:00,62.880001068115234,62.880001068115234,62.77000045776367,62.77000045776367,1029,0.0,0.0,0.0
2024-06-20 15:15:00-04:00,62.869998931884766,62.869998931884766,62.760101318359375,62.760101318359375,780,0.0,0.0,0.0
2024-06-20 15:20:00-04:00,62.86000061035156,62.86000061035156,62.86000061035156,62.86000061035156,686,0.0,0.0,0.0
2024-06-20 15:25:00-04:00,62.84000015258789,62.900001525878906,62.84000015258789,62.880001068115234,494,0.0,0.0,0.0
2024-06-20 15:30:00-04:00,62.831298828125,62.84410095214844,62.831298828125,62.84410095214844,611,0.0,0.0,0.0
2024-06-20 15:35:00-04:00,62.917999267578125,62.939998626708984,62.811500549316406,62.811500549316406,1743,0.0,0.0,0.0
2024-06-20 15:40:00-04:00,62.88999938964844,62.91999816894531,62.81999969482422,62.81999969482422,1019,0.0,0.0,0.0
2024-06-20 15:45:00-04:00,62.867000579833984,62.92900085449219,62.81340026855469,62.92900085449219,575,0.0,0.0,0.0
2024-06-20 15:50:00-04:00,62.92900085449219,62.97999954223633,62.90010070800781,62.90010070800781,2801,0.0,0.0,0.0
2024-06-20 15:55:00-04:00,62.86000061035156,62.869998931884766,62.86000061035156,62.869998931884766,1024,0.0,0.0,0.0
2024-06-21 09:30:00-04:00,63.18000030517578,63.18000030517578,62.900001525878906,62.900001525878906,7255,0.0,0.0,0.0
2024-06-21 09:35:00-04:00,62.82500076293945,62.97999954223633,62.82500076293945,62.930198669433594,1397,0.0,0.0,0.0
2024-06-21 09:40:00-04:00,62.8849983215332,62.93000030517578,62.875,62.900001525878906,1551,0.0,0.0,0.0
2024-06-21 09:45:00-04:00,62.9900016784668,62.9900016784668,62.709999084472656,62.72999954223633,9141,0.0,0.0,0.0
2024-06-21 09:50:00-04:00,62.72999954223633,62.7400016784668,62.66999816894531,62.66999816894531,2913,0.0,0.0,0.0
2024-06-21 09:55:00-04:00,62.70650100708008,62.75,62.70650100708008,62.75,738,0.0,0.0,0.0
2024-06-21 10:00:00-04:00,62.79999923706055,62.83000183105469,62.77000045776367,62.77000045776367,1655,0.0,0.0,0.0
2024-06-21 10:10:00-04:00,62.790000915527344,62.79499816894531,62.790000915527344,62.790000915527344,2046,0.0,0.0,0.0
2024-06-21 10:15:00-04:00,62.81999969482422,62.86899948120117,62.81999969482422,62.81999969482422,1165,0.0,0.0,0.0
2024-06-21 10:20:00-04:00,62.810001373291016,62.810001373291016,62.810001373291016,62.810001373291016,161,0.0,0.0,0.0
2024-06-21 10:25:00-04:00,62.79169845581055,62.810001373291016,62.79169845581055,62.810001373291016,1408,0.0,0.0,0.0
2024-06-21 10:30:00-04:00,62.790000915527344,62.79999923706055,62.790000915527344,62.79999923706055,377,0.0,0.0,0.0
2024-06-21 10:35:00-04:00,62.79999923706055,62.79999923706055,62.79999923706055,62.79999923706055,261,0.0,0.0,0.0
2024-06-21 10:40:00-04:00,62.77750015258789,62.77750015258789,62.77000045776367,62.77000045776367,505,0.0,0.0,0.0
2024-06-21 10:45:00-04:00,62.77450180053711,62.77450180053711,62.77450180053711,62.77450180053711,468,0.0,0.0,0.0
2024-06-21 10:50:00-04:00,62.80500030517578,62.80500030517578,62.80500030517578,62.80500030517578,175,0.0,0.0,0.0
2024-06-21 10:55:00-04:00,62.810001373291016,62.83000183105469,62.790000915527344,62.79999923706055,1330,0.0,0.0,0.0
2024-06-21 11:05:00-04:00,62.8297004699707,62.8297004699707,62.8297004699707,62.8297004699707,212,0.0,0.0,0.0
2024-06-21 11:15:00-04:00,62.802398681640625,62.802398681640625,62.802398681640625,62.802398681640625,146,0.0,0.0,0.0
2024-06-21 11:20:00-04:00,62.816898345947266,62.816898345947266,62.816898345947266,62.816898345947266,254,0.0,0.0,0.0
2024-06-21 11:30:00-04:00,62.81999969482422,62.81999969482422,62.77000045776367,62.79499816894531,3487,0.0,0.0,0.0
2024-06-21 11:35:00-04:00,62.779998779296875,62.779998779296875,62.7400016784668,62.7400016784668,839,0.0,0.0,0.0
2024-06-21 11:40:00-04:00,62.7599983215332,62.83000183105469,62.67570114135742,62.83000183105469,5342,0.0,0.0,0.0
2024-06-21 11:45:00-04:00,62.868900299072266,62.869998931884766,62.825401306152344,62.825401306152344,930,0.0,0.0,0.0
2024-06-21 11:50:00-04:00,62.880001068115234,62.89889907836914,62.83330154418945,62.88999938964844,895,0.0,0.0,0.0
2024-06-21 11:55:00-04:00,62.826499938964844,62.826499938964844,62.826499938964844,62.826499938964844,119,0.0,0.0,0.0
2024-06-21 12:05:00-04:00,62.91999816894531,62.929298400878906,62.869998931884766,62.869998931884766,1134,0.0,0.0,0.0
2024-06-21 12:10:00-04:00,62.817501068115234,62.817501068115234,62.79169845581055,62.79169845581055,1534,0.0,0.0,0.0
2024-06-21 12:20:00-04:00,62.834999084472656,62.834999084472656,62.834999084472656,62.834999084472656,118,0.0,0.0,0.0
2024-06-21 12:25:00-04:00,62.84600067138672,62.84600067138672,62.84600067138672,62.84600067138672,212,0.0,0.0,0.0
2024-06-21 12:30:00-04:00,62.90999984741211,62.90999984741211,62.9099006652832,62.9099006652832,646,0.0,0.0,0.0
2024-06-21 12:35:00-04:00,62.89899826049805,62.89899826049805,62.89899826049805,62.89899826049805,758,0.0,0.0,0.0
2024-06-21 12:45:00-04:00,62.88999938964844,62.899600982666016,62.8307991027832,62.899600982666016,1326,0.0,0.0,0.0
2024-06-21 12:50:00-04:00,62.75199890136719,62.75199890136719,62.75199890136719,62.75199890136719,839,0.0,0.0,0.0
2024-06-21 12:55:00-04:00,62.775001525878906,62.775001525878906,62.775001525878906,62.775001525878906,523,0.0,0.0,0.0
2024-06-21 13:00:00-04:00,62.900001525878906,62.900001525878906,62.806800842285156,62.807701110839844,930,0.0,0.0,0.0
2024-06-21 13:15:00-04:00,62.69350051879883,62.69350051879883,62.69350051879883,62.69350051879883,275,0.0,0.0,0.0
2024-06-21 13:20:00-04:00,62.85940170288086,62.85940170288086,62.84000015258789,62.84000015258789,1030,0.0,0.0,0.0
2024-06-21 13:25:00-04:00,62.8385009765625,62.8385009765625,62.8385009765625,62.8385009765625,583,0.0,0.0,0.0
2024-06-21 13:35:00-04:00,62.75,62.75,62.75,62.75,1564,0.0,0.0,0.0
2024-06-21 14:10:00-04:00,62.76409912109375,62.76409912109375,62.76409912109375,62.76409912109375,1124,0.0,0.0,0.0
2024-06-21 14:15:00-04:00,62.77009963989258,62.86000061035156,62.77009963989258,62.86000061035156,542,0.0,0.0,0.0
2024-06-21 14:25:00-04:00,62.85369873046875,62.85369873046875,62.85369873046875,62.85369873046875,8114,0.0,0.0,0.0
2024-06-21 14:30:00-04:00,62.8739013671875,62.87799835205078,62.849998474121094,62.849998474121094,613,0.0,0.0,0.0
2024-06-21 14:35:00-04:00,62.86000061035156,62.86000061035156,62.77009963989258,62.77009963989258,864,0.0,0.0,0.0
2024-06-21 14:40:00-04:00,62.77920150756836,62.83000183105469,62.77920150756836,62.83000183105469,1324,0.0,0.0,0.0
2024-06-21 14:55:00-04:00,62.849998474121094,62.849998474121094,62.81999969482422,62.81999969482422,569,0.0,0.0,0.0
2024-06-21 15:05:00-04:00,62.84000015258789,62.84000015258789,62.84000015258789,62.84000015258789,533,0.0,0.0,0.0
2024-06-21 15:10:00-04:00,62.8140983581543,62.8140983581543,62.8140983581543,62.8140983581543,457,0.0,0.0,0.0
2024-06-21 15:15:00-04:00,62.880001068115234,62.880001068115234,62.830101013183594,62.830101013183594,569,0.0,0.0,0.0
2024-06-21 15:20:00-04:00,62.84410095214844,62.84410095214844,62.84410095214844,62.84410095214844,2838,0.0,0.0,0.0
2024-06-21 15:25:00-04:00,62.880001068115234,62.880001068115234,62.820098876953125,62.820098876953125,1159,0.0,0.0,0.0
2024-06-21 15:35:00-04:00,62.849300384521484,62.900001525878906,62.83000183105469,62.875,5495,0.0,0.0,0.0
2024-06-21 15:40:00-04:00,62.90999984741211,62.90999984741211,62.8661994934082,62.88999938964844,3122,0.0,0.0,0.0
2024-06-21 15:45:00-04:00,62.880001068115234,62.880001068115234,62.86000061035156,62.86000061035156,508,0.0,0.0,0.0
2024-06-21 15:50:00-04:00,62.85390090942383,62.85390090942383,62.85390090942383,62.85390090942383,445,0.0,0.0,0.0
2024-06-21 15:55:00-04:00,62.869998931884766,62.93000030517578,62.86000061035156,62.93000030517578,1154,0.0,0.0,0.0
2024-06-24 09:30:00-04:00,62.7400016784668,62.7400016784668,62.7400016784668,62.7400016784668,2895,0.0,0.0,0.0
2024-06-24 09:35:00-04:00,62.7400016784668,62.7400016784668,62.7400016784668,62.7400016784668,104,0.0,0.0,0.0
2024-06-24 09:40:00-04:00,62.87300109863281,62.87300109863281,62.668800354003906,62.869998931884766,2287,0.0,0.0,0.0
2024-06-24 09:45:00-04:00,62.95199966430664,62.95199966430664,62.600101470947266,62.66960144042969,4590,0.0,0.0,0.0
2024-06-24 09:50:00-04:00,62.91999816894531,62.91999816894531,62.850799560546875,62.850799560546875,1208,0.0,0.0,0.0
2024-06-24 10:00:00-04:00,62.880001068115234,62.880001068115234,62.880001068115234,62.880001068115234,169,0.0,0.0,0.0
2024-06-24 10:05:00-04:00,62.81489944458008,62.81489944458008,62.81489944458008,62.81489944458008,274,0.0,0.0,0.0
2024-06-24 10:10:00-04:00,63.0,63.0,63.0,63.0,456,0.0,0.0,0.0
2024-06-24 10:15:00-04:00,62.959999084472656,62.970001220703125,62.959999084472656,62.970001220703125,1385,0.0,0.0,0.0
2024-06-24 10:20:00-04:00,63.04010009765625,63.04010009765625,62.96799850463867,62.970001220703125,1301,0.0,0.0,0.0
2024-06-24 10:25:00-04:00,63.0,63.06999969482422,62.94499969482422,62.959999084472656,1667,0.0,0.0,0.0
2024-06-24 10:30:00-04:00,63.0099983215332,63.04999923706055,62.9900016784668,63.04999923706055,656,0.0,0.0,0.0
2024-06-24 10:40:00-04:00,62.91619873046875,62.91619873046875,62.91619873046875,62.91619873046875,554,0.0,0.0,0.0
2024-06-24 10:45:00-04:00,62.91999816894531,62.91999816894531,62.91999816894531,62.91999816894531,361,0.0,0.0,0.0
2024-06-24 10:55:00-04:00,62.869998931884766,62.904998779296875,62.85309982299805,62.86000061035156,109677,0.0,0.0,0.0
2024-06-24 11:00:00-04:00,62.983001708984375,62.98500061035156,62.850101470947266,62.959999084472656,1093,0.0,0.0,0.0
2024-06-24 11:05:00-04:00,62.900001525878906,62.900001525878906,62.900001525878906,62.900001525878906,342,0.0,0.0,0.0
2024-06-24 11:10:00-04:00,62.85649871826172,62.85649871826172,62.85649871826172,62.85649871826172,190,0.0,0.0,0.0
2024-06-24 11:15:00-04:00,62.88999938964844,62.900001525878906,62.86349868774414,62.900001525878906,907,0.0,0.0,0.0
2024-06-24 11:20:00-04:00,62.904998779296875,62.904998779296875,62.904998779296875,62.904998779296875,696,0.0,0.0,0.0
2024-06-24 11:30:00-04:00,62.83000183105469,62.95000076293945,62.83000183105469,62.95000076293945,538,0.0,0.0,0.0
2024-06-24 11:40:00-04:00,62.910099029541016,62.910099029541016,62.910099029541016,62.910099029541016,415,0.0,0.0,0.0
2024-06-24 11:45:00-04:00,62.90999984741211,62.90999984741211,62.90999984741211,62.90999984741211,187,0.0,0.0,0.0
2024-06-24 11:50:00-04:00,62.97999954223633,62.97999954223633,62.97999954223633,62.97999954223633,125,0.0,0.0,0.0
2024-06-24 11:55:00-04:00,62.9900016784668,62.9900016784668,62.95000076293945,62.95000076293945,5930,0.0,0.0,0.0
2024-06-24 12:05:00-04:00,62.974998474121094,63.0,62.959999084472656,63.0,2691,0.0,0.0,0.0
2024-06-24 12:10:00-04:00,62.959999084472656,62.959999084472656,62.95000076293945,62.95000076293945,2161,0.0,0.0,0.0
2024-06-24 12:15:00-04:00,62.970001220703125,63.0,62.96070098876953,62.96070098876953,6177,0.0,0.0,0.0
2024-06-24 12:20:00-04:00,63.005001068115234,63.005001068115234,63.005001068115234,63.005001068115234,193,0.0,0.0,0.0
2024-06-24 12:25:00-04:00,63.0099983215332,63.02000045776367,63.0099983215332,63.02000045776367,477,0.0,0.0,0.0
2024-06-24 12:30:00-04:00,63.040000915527344,63.08000183105469,62.96009826660156,63.02439880371094,1630,0.0,0.0,0.0
2024-06-24 12:35:00-04:00,63.04800033569336,63.099998474121094,63.040000915527344,63.040000915527344,873,0.0,0.0,0.0
2024-06-24 12:40:00-04:00,63.08000183105469,63.08000183105469,63.08000183105469,63.08000183105469,160,0.0,0.0,0.0
2024-06-24 12:45:00-04:00,63.04999923706055,63.09000015258789,63.04999923706055,63.09000015258789,300,0.0,0.0,0.0
2024-06-24 12:50:00-04:00,63.04999923706055,63.07889938354492,63.029998779296875,63.07889938354492,7883,0.0,0.0,0.0
2024-06-24 12:55:00-04:00,62.9833984375,63.0099983215332,62.9833984375,63.0099983215332,893,0.0,0.0,0.0
2024-06-24 13:00:00-04:00,63.06999969482422,63.08000183105469,63.02000045776367,63.045501708984375,1190,0.0,0.0,0.0
2024-06-24 13:05:00-04:00,63.0,63.04999923706055,63.0,63.04999923706055,1429,0.0,0.0,0.0
2024-06-24 13:10:00-04:00,62.95000076293945,62.95000076293945,62.95000076293945,62.95000076293945,435,0.0,0.0,0.0
2024-06-24 13:15:00-04:00,62.88959884643555,62.89500045776367,62.88959884643555,62.89500045776367,407,0.0,0.0,0.0
2024-06-24 13:20:00-04:00,63.02000045776367,63.029998779296875,62.899898529052734,62.93109893798828,875,0.0,0.0,0.0
2024-06-24 13:25:00-04:00,63.019901275634766,63.019901275634766,63.019901275634766,63.019901275634766,158,0.0,0.0,0.0
2024-06-24 13:30:00-04:00,62.94810104370117,63.0099983215332,62.94810104370117,62.95000076293945,919,0.0,0.0,0.0
2024-06-24 13:35:00-04:00,62.982200622558594,63.007999420166016,62.97169876098633,62.97169876098633,1538,0.0,0.0,0.0
2024-06-24 13:40:00-04:00,62.92610168457031,63.02989959716797,62.92610168457031,63.02989959716797,2576,0.0,0.0,0.0
2024-06-24 13:45:00-04:00,63.0099983215332,63.0099983215332,63.0099983215332,63.0099983215332,685,0.0,0.0,0.0
2024-06-24 13:55:00-04:00,62.959999084472656,62.959999084472656,62.959999084472656,62.959999084472656,391,0.0,0.0,0.0
2024-06-24 14:00:00-04:00,62.91999816894531,62.91999816894531,62.91999816894531,62.91999816894531,372,0.0,0.0,0.0
2024-06-24 14:05:00-04:00,62.970001220703125,62.970001220703125,62.970001220703125,62.970001220703125,130,0.0,0.0,0.0
2024-06-24 14:15:00-04:00,62.85660171508789,62.988800048828125,62.85660171508789,62.988800048828125,794,0.0,0.0,0.0
2024-06-24 14:20:00-04:00,62.872501373291016,62.872501373291016,62.872501373291016,62.872501373291016,1245,0.0,0.0,0.0
2024-06-24 14:25:00-04:00,62.959999084472656,62.96989822387695,62.90999984741211,62.96989822387695,1186,0.0,0.0,0.0
2024-06-24 14:30:00-04:00,62.959999084472656,62.959999084472656,62.959999084472656,62.959999084472656,216,0.0,0.0,0.0
2024-06-24 14:40:00-04:00,62.935001373291016,62.935001373291016,62.935001373291016,62.935001373291016,1000,0.0,0.0,0.0
2024-06-24 14:45:00-04:00,62.95909881591797,62.9900016784668,62.95909881591797,62.97010040283203,2137,0.0,0.0,0.0
2024-06-24 14:50:00-04:00,63.0,63.0,62.95000076293945,62.95000076293945,1502,0.0,0.0,0.0
2024-06-24 14:55:00-04:00,62.95000076293945,63.0098991394043,62.91999816894531,62.939998626708984,1681,0.0,0.0,0.0
2024-06-24 15:00:00-04:00,62.981998443603516,63.02000045776367,62.981998443603516,63.0171012878418,674,0.0,0.0,0.0
2024-06-24 15:05:00-04:00,63.038700103759766,63.038700103759766,63.038700103759766,63.038700103759766,937,0.0,0.0,0.0
2024-06-24 15:10:00-04:00,62.959999084472656,63.0099983215332,62.92729949951172,63.0099983215332,1695,0.0,0.0,0.0
2024-06-24 15:15:00-04:00,63.00859832763672,63.00859832763672,62.968101501464844,62.968101501464844,726,0.0,0.0,0.0
2024-06-24 15:20:00-04:00,62.959999084472656,62.970001220703125,62.939300537109375,62.970001220703125,536,0.0,0.0,0.0
2024-06-24 15:25:00-04:00,63.0,63.0,63.0,63.0,545,0.0,0.0,0.0
2024-06-24 15:30:00-04:00,62.97999954223633,62.97999954223633,62.97999954223633,62.97999954223633,102,0.0,0.0,0.0
2024-06-24 15:35:00-04:00,63.0,63.0,62.95500183105469,62.95500183105469,1737,0.0,0.0,0.0
2024-06-24 15:45:00-04:00,62.9901008605957,62.9901008605957,62.94929885864258,62.97999954223633,730,0.0,0.0,0.0
2024-06-24 15:50:00-04:00,62.970001220703125,62.970001220703125,62.91600036621094,62.92890167236328,3627,0.0,0.0,0.0
2024-06-24 15:55:00-04:00,62.96989822387695,62.970001220703125,62.89500045776367,62.91999816894531,1402,0.0,0.0,0.0
2024-06-25 09:30:00-04:00,62.970001220703125,62.970001220703125,62.970001220703125,62.970001220703125,0,0.0,0.0,0.0
2024-06-25 09:45:00-04:00,63.119998931884766,63.119998931884766,63.119998931884766,63.119998931884766,490,0.0,0.0,0.0
2024-06-25 10:00:00-04:00,63.04999923706055,63.06990051269531,63.04999923706055,63.060001373291016,778,0.0,0.0,0.0
2024-06-25 10:05:00-04:00,62.994998931884766,62.994998931884766,62.994998931884766,62.994998931884766,595,0.0,0.0,0.0
2024-06-25 10:25:00-04:00,62.91999816894531,63.06999969482422,62.91999816894531,63.06999969482422,552,0.0,0.0,0.0
2024-06-25 10:30:00-04:00,62.99129867553711,63.08869934082031,62.99129867553711,63.08869934082031,823,0.0,0.0,0.0
2024-06-25 10:35:00-04:00,63.04999923706055,63.04999923706055,63.04999923706055,63.04999923706055,102,0.0,0.0,0.0
2024-06-25 10:40:00-04:00,63.04999923706055,63.060001373291016,63.040000915527344,63.040000915527344,1204,0.0,0.0,0.0
2024-06-25 10:45:00-04:00,63.06999969482422,63.088199615478516,63.060001373291016,63.060001373291016,513,0.0,0.0,0.0
2024-06-25 10:50:00-04:00,63.0,63.040000915527344,62.970001220703125,63.02000045776367,2315,0.0,0.0,0.0
2024-06-25 10:55:00-04:00,63.04999923706055,63.04999923706055,63.040000915527344,63.040000915527344,326,0.0,0.0,0.0
2024-06-25 11:00:00-04:00,63.01499938964844,63.08000183105469,63.01499938964844,63.08000183105469,526,0.0,0.0,0.0
2024-06-25 11:05:00-04:00,63.029998779296875,63.029998779296875,63.029998779296875,63.029998779296875,424,0.0,0.0,0.0
2024-06-25 11:10:00-04:00,63.09000015258789,63.09000015258789,63.09000015258789,63.09000015258789,4165,0.0,0.0,0.0
2024-06-25 11:15:00-04:00,63.05500030517578,63.05500030517578,63.05500030517578,63.05500030517578,474,0.0,0.0,0.0
2024-06-25 11:25:00-04:00,62.985801696777344,63.11000061035156,62.985801696777344,62.98820114135742,1821,0.0,0.0,0.0
2024-06-25 11:30:00-04:00,63.099998474121094,63.130001068115234,63.07400131225586,63.130001068115234,1126,0.0,0.0,0.0
2024-06-25 11:35:00-04:00,63.097198486328125,63.097198486328125,63.087799072265625,63.087799072265625,434,0.0,0.0,0.0
2024-06-25 11:40:00-04:00,63.07500076293945,63.130001068115234,63.04999923706055,63.060001373291016,1817,0.0,0.0,0.0
2024-06-25 11:45:00-04:00,63.04999923706055,63.130001068115234,63.040000915527344,63.040000915527344,7216,0.0,0.0,0.0
2024-06-25 11:50:00-04:00,63.06999969482422,63.130001068115234,63.06999969482422,63.130001068115234,672,0.0,0.0,0.0
2024-06-25 11:55:00-04:00,63.06999969482422,63.06999969482422,63.04999923706055,63.04999923706055,524,0.0,0.0,0.0
2024-06-25 12:05:00-04:00,63.109901428222656,63.109901428222656,63.109901428222656,63.109901428222656,256,0.0,0.0,0.0
2024-06-25 12:10:00-04:00,63.09000015258789,63.09000015258789,63.02000045776367,63.036800384521484,1442,0.0,0.0,0.0
2024-06-25 12:20:00-04:00,63.025001525878906,63.060001373291016,63.02000045776367,63.04999923706055,717,0.0,0.0,0.0
2024-06-25 12:25:00-04:00,62.99129867553711,63.04499816894531,62.99129867553711,63.0099983215332,0,0.0,0.0,0.0
2024-06-25 12:30:00-04:00,63.0099983215332,63.0099983215332,62.93009948730469,62.93009948730469,32285,0.0,0.0,0.0
2024-06-25 12:35:00-04:00,63.02000045776367,63.040000915527344,63.02000045776367,63.040000915527344,489,0.0,0.0,0.0
2024-06-25 12:45:00-04:00,63.005001068115234,63.005001068115234,63.005001068115234,63.005001068115234,179,0.0,0.0,0.0
2024-06-25 12:50:00-04:00,63.029998779296875,63.029998779296875,63.027400970458984,63.029998779296875,2548,0.0,0.0,0.0
2024-06-25 12:55:00-04:00,62.940101623535156,63.0099983215332,62.939998626708984,62.99909973144531,2004,0.0,0.0,0.0
2024-06-25 13:00:00-04:00,63.0099983215332,63.0099983215332,63.0099983215332,63.0099983215332,868,0.0,0.0,0.0
2024-06-25 13:20:00-04:00,63.04999923706055,63.04999923706055,63.04999923706055,63.04999923706055,588,0.0,0.0,0.0
2024-06-25 13:25:00-04:00,63.060001373291016,63.060001373291016,63.05139923095703,63.05139923095703,723,0.0,0.0,0.0
2024-06-25 13:30:00-04:00,63.060001373291016,63.06370162963867,63.060001373291016,63.060001373291016,1312,0.0,0.0,0.0
2024-06-25 13:35:00-04:00,63.060001373291016,63.099998474121094,63.02009963989258,63.06999969482422,2574,0.0,0.0,0.0
2024-06-25 13:40:00-04:00,63.071800231933594,63.09000015258789,63.04999923706055,63.09000015258789,2136,0.0,0.0,0.0
2024-06-25 13:55:00-04:00,63.11899948120117,63.11899948120117,63.064998626708984,63.099998474121094,1283,0.0,0.0,0.0
2024-06-25 14:00:00-04:00,63.099998474121094,63.099998474121094,63.08720016479492,63.08720016479492,298,0.0,0.0,0.0
2024-06-25 14:05:00-04:00,63.08209991455078,63.099998474121094,63.08209991455078,63.099998474121094,818,0.0,0.0,0.0
2024-06-25 14:10:00-04:00,63.11000061035156,63.130001068115234,63.11000061035156,63.130001068115234,1195,0.0,0.0,0.0
2024-06-25 14:25:00-04:00,63.13869857788086,63.13869857788086,63.119998931884766,63.119998931884766,384,0.0,0.0,0.0
2024-06-25 14:30:00-04:00,63.150001525878906,63.15909957885742,63.13010025024414,63.15909957885742,770,0.0,0.0,0.0
2024-06-25 14:35:00-04:00,63.130001068115234,63.130001068115234,63.02009963989258,63.130001068115234,944,0.0,0.0,0.0
2024-06-25 14:40:00-04:00,63.10319900512695,63.10319900512695,63.10319900512695,63.10319900512695,128,0.0,0.0,0.0
2024-06-25 14:45:00-04:00,63.064998626708984,63.064998626708984,63.064998626708984,63.064998626708984,824,0.0,0.0,0.0
2024-06-25 14:50:00-04:00,63.06999969482422,63.130001068115234,63.06999969482422,63.084999084472656,1687,0.0,0.0,0.0
2024-06-25 14:55:00-04:00,63.130001068115234,63.130001068115234,63.060001373291016,63.11000061035156,1217,0.0,0.0,0.0
2024-06-25 15:00:00-04:00,63.11000061035156,63.130001068115234,63.09000015258789,63.130001068115234,3044,0.0,0.0,0.0
2024-06-25 15:05:00-04:00,63.15999984741211,63.165000915527344,63.130001068115234,63.130001068115234,2054,0.0,0.0,0.0
2024-06-25 15:10:00-04:00,63.1349983215332,63.13999938964844,63.11009979248047,63.13999938964844,1061,0.0,0.0,0.0
2024-06-25 15:15:00-04:00,63.13999938964844,63.13999938964844,63.13999938964844,63.13999938964844,219,0.0,0.0,0.0
2024-06-25 15:20:00-04:00,63.13010025024414,63.15999984741211,63.13010025024414,63.150001525878906,2265,0.0,0.0,0.0
2024-06-25 15:25:00-04:00,63.150001525878906,63.18000030517578,63.130001068115234,63.18000030517578,6421,0.0,0.0,0.0
2024-06-25 15:30:00-04:00,63.18000030517578,63.18000030517578,63.130001068115234,63.130001068115234,1590,0.0,0.0,0.0
2024-06-25 15:35:00-04:00,63.15999984741211,63.15999984741211,63.06999969482422,63.11000061035156,351327,0.0,0.0,0.0
2024-06-25 15:40:00-04:00,63.08000183105469,63.11000061035156,63.06999969482422,63.09000015258789,1371,0.0,0.0,0.0
2024-06-25 15:45:00-04:00,63.06999969482422,63.06999969482422,63.040000915527344,63.04999923706055,2529,0.0,0.0,0.0
2024-06-25 15:50:00-04:00,63.0,63.07870101928711,62.96099853515625,62.97999954223633,4302,0.0,0.0,0.0
2024-06-25 15:55:00-04:00,62.96099853515625,63.060001373291016,62.941001892089844,62.95000076293945,9328,0.0,0.0,0.0
2024-06-26 09:30:00-04:00,62.93000030517578,62.93000030517578,62.779998779296875,62.779998779296875,0,0.0,0.0,0.0
2024-06-26 09:35:00-04:00,62.790000915527344,62.790000915527344,62.790000915527344,62.790000915527344,363,0.0,0.0,0.0
2024-06-26 09:50:00-04:00,62.91579818725586,62.91579818725586,62.91579818725586,62.91579818725586,110,0.0,0.0,0.0
2024-06-26 09:55:00-04:00,62.8849983215332,62.8849983215332,62.8849983215332,62.8849983215332,215,0.0,0.0,0.0
2024-06-26 10:05:00-04:00,62.999900817871094,62.999900817871094,62.91999816894531,62.91999816894531,670,0.0,0.0,0.0
2024-06-26 10:10:00-04:00,62.90399932861328,62.90399932861328,62.83039855957031,62.83039855957031,325,0.0,0.0,0.0
2024-06-26 10:15:00-04:00,62.83000183105469,62.83000183105469,62.83000183105469,62.83000183105469,315,0.0,0.0,0.0
2024-06-26 10:20:00-04:00,62.93000030517578,62.93000030517578,62.93000030517578,62.93000030517578,1205,0.0,0.0,0.0
2024-06-26 10:25:00-04:00,62.970001220703125,62.970001220703125,62.84320068359375,62.95000076293945,745,0.0,0.0,0.0
2024-06-26 10:30:00-04:00,62.84000015258789,62.9900016784668,62.81990051269531,62.81990051269531,3763,0.0,0.0,0.0
2024-06-26 10:35:00-04:00,62.970001220703125,62.970001220703125,62.772098541259766,62.900699615478516,2835,0.0,0.0,0.0
2024-06-26 10:40:00-04:00,62.96849822998047,62.96849822998047,62.875,62.875,597,0.0,0.0,0.0
2024-06-26 10:45:00-04:00,62.970001220703125,62.970001220703125,62.842201232910156,62.842201232910156,3023,0.0,0.0,0.0
2024-06-26 10:50:00-04:00,62.84600067138672,62.880001068115234,62.84600067138672,62.880001068115234,721,0.0,0.0,0.0
2024-06-26 11:00:00-04:00,62.8650016784668,62.8650016784668,62.8650016784668,62.8650016784668,518,0.0,0.0,0.0
2024-06-26 11:20:00-04:00,62.95000076293945,62.95000076293945,62.95000076293945,62.95000076293945,276,0.0,0.0,0.0
2024-06-26 11:25:00-04:00,62.939998626708984,62.939998626708984,62.939998626708984,62.939998626708984,623,0.0,0.0,0.0
2024-06-26 11:40:00-04:00,62.869998931884766,62.94919967651367,62.869998931884766,62.94919967651367,1430,0.0,0.0,0.0
2024-06-26 11:45:00-04:00,62.94820022583008,62.94820022583008,62.869998931884766,62.869998931884766,601,0.0,0.0,0.0
2024-06-26 11:55:00-04:00,62.85329818725586,62.94599914550781,62.852500915527344,62.94599914550781,1396,0.0,0.0,0.0
2024-06-26 12:05:00-04:00,62.970001220703125,62.970001220703125,62.970001220703125,62.970001220703125,294,0.0,0.0,0.0
2024-06-26 12:15:00-04:00,62.930599212646484,62.970001220703125,62.9005012512207,62.970001220703125,3466,0.0,0.0,0.0
2024-06-26 12:20:00-04:00,62.95000076293945,63.040000915527344,62.90610122680664,62.99530029296875,14728,0.0,0.0,0.0
2024-06-26 12:30:00-04:00,62.96500015258789,62.96500015258789,62.96500015258789,62.96500015258789,458,0.0,0.0,0.0
2024-06-26 12:35:00-04:00,62.96500015258789,62.96500015258789,62.96500015258789,62.96500015258789,324,0.0,0.0,0.0
2024-06-26 12:45:00-04:00,62.96500015258789,62.96500015258789,62.96500015258789,62.96500015258789,866,0.0,0.0,0.0
2024-06-26 12:50:00-04:00,62.93370056152344,62.93370056152344,62.93370056152344,62.93370056152344,1299,0.0,0.0,0.0
2024-06-26 12:55:00-04:00,63.019901275634766,63.019901275634766,63.019901275634766,63.019901275634766,394,0.0,0.0,0.0
2024-06-26 13:05:00-04:00,62.92649841308594,62.92649841308594,62.92649841308594,62.92649841308594,320,0.0,0.0,0.0
2024-06-26 13:10:00-04:00,63.0,63.00400161743164,62.96500015258789,62.96500015258789,637,0.0,0.0,0.0
2024-06-26 13:20:00-04:00,62.900001525878906,62.93000030517578,62.900001525878906,62.93000030517578,1065,0.0,0.0,0.0
2024-06-26 13:25:00-04:00,62.93000030517578,62.93000030517578,62.93000030517578,62.93000030517578,382,0.0,0.0,0.0
2024-06-26 13:30:00-04:00,62.939998626708984,63.0182991027832,62.87910079956055,62.939998626708984,1681,0.0,0.0,0.0
2024-06-26 13:35:00-04:00,62.95650100708008,62.95650100708008,62.95650100708008,62.95650100708008,311,0.0,0.0,0.0
2024-06-26 13:45:00-04:00,62.94369888305664,62.94369888305664,62.94369888305664,62.94369888305664,355,0.0,0.0,0.0
2024-06-26 13:55:00-04:00,62.935001373291016,62.935001373291016,62.935001373291016,62.935001373291016,362,0.0,0.0,0.0
2024-06-26 14:00:00-04:00,62.869998931884766,62.94409942626953,62.86520004272461,62.94409942626953,866,0.0,0.0,0.0
2024-06-26 14:05:00-04:00,62.912899017333984,62.912899017333984,62.912899017333984,62.912899017333984,218,0.0,0.0,0.0
2024-06-26 14:10:00-04:00,62.92499923706055,62.92499923706055,62.92499923706055,62.92499923706055,155,0.0,0.0,0.0
2024-06-26 14:15:00-04:00,62.93000030517578,62.93000030517578,62.93000030517578,62.93000030517578,367,0.0,0.0,0.0
2024-06-26 14:20:00-04:00,62.849998474121094,62.93000030517578,62.849998474121094,62.93000030517578,381,0.0,0.0,0.0
2024-06-26 14:25:00-04:00,62.9379997253418,62.9379997253418,62.9379997253418,62.9379997253418,145,0.0,0.0,0.0
2024-06-26 14:30:00-04:00,62.91999816894531,63.0099983215332,62.91999816894531,63.0099983215332,3340,0.0,0.0,0.0
2024-06-26 14:40:00-04:00,62.91999816894531,62.91999816894531,62.84149932861328,62.84410095214844,1375,0.0,0.0,0.0
2024-06-26 14:45:00-04:00,62.92499923706055,62.92499923706055,62.92499923706055,62.92499923706055,1525,0.0,0.0,0.0
2024-06-26 14:50:00-04:00,62.92449951171875,62.96580123901367,62.92449951171875,62.92499923706055,1486,0.0,0.0,0.0
2024-06-26 14:55:00-04:00,62.92499923706055,62.92499923706055,62.92499923706055,62.92499923706055,367,0.0,0.0,0.0
2024-06-26 15:00:00-04:00,62.92499923706055,62.92499923706055,62.91960144042969,62.91960144042969,1181,0.0,0.0,0.0
2024-06-26 15:05:00-04:00,62.90520095825195,62.90520095825195,62.90520095825195,62.90520095825195,268,0.0,0.0,0.0
2024-06-26 15:15:00-04:00,62.9900016784668,63.013999938964844,62.87879943847656,63.013999938964844,928,0.0,0.0,0.0
2024-06-26 15:20:00-04:00,62.869998931884766,63.0,62.869998931884766,63.0,665,0.0,0.0,0.0
2024-06-26 15:25:00-04:00,63.029998779296875,63.029998779296875,62.93000030517578,62.93000030517578,387,0.0,0.0,0.0
2024-06-26 15:30:00-04:00,62.970001220703125,63.0099983215332,62.970001220703125,63.0099983215332,1111,0.0,0.0,0.0
2024-06-26 15:35:00-04:00,63.04840087890625,63.059898376464844,63.029998779296875,63.059898376464844,824,0.0,0.0,0.0
2024-06-26 15:40:00-04:00,63.02000045776367,63.04999923706055,62.992801666259766,63.04999923706055,630,0.0,0.0,0.0
2024-06-26 15:50:00-04:00,63.040000915527344,63.04999923706055,63.019100189208984,63.019100189208984,960,0.0,0.0,0.0
2024-06-26 15:55:00-04:00,63.099998474121094,63.099998474121094,63.099998474121094,63.099998474121094,0,0.0,0.0,0.0
2024-06-27 09:30:00-04:00,62.81999969482422,62.838199615478516,62.81999969482422,62.838199615478516,2828,0.0,0.0,0.0
2024-06-27 09:35:00-04:00,63.09000015258789,63.09000015258789,62.915000915527344,62.97489929199219,3501,0.0,0.0,0.0
2024-06-27 09:40:00-04:00,62.775001525878906,62.775001525878906,62.7599983215332,62.7599983215332,480,0.0,0.0,0.0
2024-06-27 09:50:00-04:00,62.93000030517578,62.93000030517578,62.8849983215332,62.8849983215332,971,0.0,0.0,0.0
2024-06-27 09:55:00-04:00,62.81999969482422,62.81999969482422,62.81999969482422,62.81999969482422,333,0.0,0.0,0.0
2024-06-27 10:00:00-04:00,62.91999816894531,62.91999816894531,62.91999816894531,62.91999816894531,378,0.0,0.0,0.0
2024-06-27 10:10:00-04:00,62.77730178833008,62.9099006652832,62.77730178833008,62.9099006652832,1492,0.0,0.0,0.0
2024-06-27 10:20:00-04:00,62.9099006652832,62.9099006652832,62.79999923706055,62.88999938964844,757,0.0,0.0,0.0
2024-06-27 10:25:00-04:00,62.89929962158203,62.89929962158203,62.88999938964844,62.88999938964844,281,0.0,0.0,0.0
2024-06-27 10:30:00-04:00,62.88999938964844,62.88999938964844,62.88999938964844,62.88999938964844,768,0.0,0.0,0.0
2024-06-27 10:35:00-04:00,62.845001220703125,62.88999938964844,62.84000015258789,62.869998931884766,3351,0.0,0.0,0.0
2024-06-27 10:40:00-04:00,62.845001220703125,62.878501892089844,62.845001220703125,62.869998931884766,2845,0.0,0.0,0.0
2024-06-27 10:45:00-04:00,62.849998474121094,62.869998931884766,62.849998474121094,62.85309982299805,1286,0.0,0.0,0.0
2024-06-27 10:50:00-04:00,62.79999923706055,62.84989929199219,62.76210021972656,62.79199981689453,2498,0.0,0.0,0.0
2024-06-27 11:00:00-04:00,62.8297004699707,62.8297004699707,62.8297004699707,62.8297004699707,712,0.0,0.0,0.0
2024-06-27 11:05:00-04:00,62.79410171508789,62.79410171508789,62.79410171508789,62.79410171508789,420,0.0,0.0,0.0
2024-06-27 11:10:00-04:00,62.77000045776367,62.77000045776367,62.77000045776367,62.77000045776367,503,0.0,0.0,0.0
2024-06-27 11:25:00-04:00,62.55149841308594,62.55149841308594,62.55149841308594,62.55149841308594,4142,0.0,0.0,0.0
2024-06-27 11:30:00-04:00,62.66999816894531,62.66999816894531,62.665000915527344,62.665000915527344,310,0.0,0.0,0.0
2024-06-27 11:35:00-04:00,62.665000915527344,62.665000915527344,62.665000915527344,62.665000915527344,1742,0.0,0.0,0.0
2024-06-27 11:45:00-04:00,62.560001373291016,62.75,62.560001373291016,62.61909866333008,1219,0.0,0.0,0.0
2024-06-27 11:50:00-04:00,62.65999984741211,62.65999984741211,62.560001373291016,62.635101318359375,1978,0.0,0.0,0.0
2024-06-27 11:55:00-04:00,62.7599983215332,62.7599983215332,62.7599983215332,62.7599983215332,3958,0.0,0.0,0.0
2024-06-27 12:05:00-04:00,62.61439895629883,62.72460174560547,62.58539962768555,62.72460174560547,1859,0.0,0.0,0.0
2024-06-27 12:10:00-04:00,62.654998779296875,62.74879837036133,62.56949996948242,62.654998779296875,948,0.0,0.0,0.0
2024-06-27 12:15:00-04:00,62.60070037841797,62.75,62.60070037841797,62.75,222,0.0,0.0,0.0
2024-06-27 12:20:00-04:00,62.7140007019043,62.7140007019043,62.65999984741211,62.65999984741211,1089,0.0,0.0,0.0
2024-06-27 12:25:00-04:00,62.733001708984375,62.733001708984375,62.731300354003906,62.731300354003906,2380,0.0,0.0,0.0
2024-06-27 12:30:00-04:00,62.749900817871094,62.749900817871094,62.665000915527344,62.665000915527344,2864,0.0,0.0,0.0
2024-06-27 12:35:00-04:00,62.62630081176758,62.75,62.62630081176758,62.75,489,0.0,0.0,0.0
2024-06-27 12:40:00-04:00,62.66999816894531,62.68629837036133,62.650001525878906,62.665000915527344,11421,0.0,0.0,0.0
2024-06-27 12:45:00-04:00,62.58000183105469,62.75,62.58000183105469,62.689998626708984,13109,0.0,0.0,0.0
2024-06-27 12:50:00-04:00,62.685001373291016,62.685001373291016,62.685001373291016,62.685001373291016,636,0.0,0.0,0.0
2024-06-27 12:55:00-04:00,62.677799224853516,62.77830123901367,62.677799224853516,62.77830123901367,1509,0.0,0.0,0.0
2024-06-27 13:05:00-04:00,62.790000915527344,62.790000915527344,62.790000915527344,62.790000915527344,398,0.0,0.0,0.0
2024-06-27 13:10:00-04:00,62.64899826049805,62.64899826049805,62.648799896240234,62.648799896240234,856,0.0,0.0,0.0
2024-06-27 13:15:00-04:00,62.68339920043945,62.68339920043945,62.68339920043945,62.68339920043945,506,0.0,0.0,0.0
2024-06-27 13:20:00-04:00,62.66999816894531,62.66999816894531,62.66999816894531,62.66999816894531,437,0.0,0.0,0.0
2024-06-27 13:25:00-04:00,62.75870132446289,62.7599983215332,62.66999816894531,62.66999816894531,2036,0.0,0.0,0.0
2024-06-27 13:30:00-04:00,62.650001525878906,62.66999816894531,62.650001525878906,62.66999816894531,957,0.0,0.0,0.0
2024-06-27 13:35:00-04:00,62.6619987487793,62.6879997253418,62.6619987487793,62.6879997253418,1983,0.0,0.0,0.0
2024-06-27 13:40:00-04:00,62.69839859008789,62.7599983215332,62.67499923706055,62.67499923706055,3586,0.0,0.0,0.0
2024-06-27 13:45:00-04:00,62.75,62.759498596191406,62.66999816894531,62.66999816894531,1157,0.0,0.0,0.0
2024-06-27 13:50:00-04:00,62.59339904785156,62.72999954223633,62.59339904785156,62.72999954223633,931,0.0,0.0,0.0
2024-06-27 14:00:00-04:00,62.654998779296875,62.654998779296875,62.60649871826172,62.60649871826172,589,0.0,0.0,0.0
2024-06-27 14:05:00-04:00,62.66999816894531,62.70000076293945,62.62710189819336,62.67179870605469,1506,0.0,0.0,0.0
2024-06-27 14:10:00-04:00,62.580101013183594,62.66999816894531,62.580101013183594,62.66999816894531,716,0.0,0.0,0.0
2024-06-27 14:15:00-04:00,62.689998626708984,62.689998626708984,62.689998626708984,62.689998626708984,382,0.0,0.0,0.0
2024-06-27 14:20:00-04:00,62.580101013183594,62.580101013183594,62.580101013183594,62.580101013183594,114,0.0,0.0,0.0
2024-06-27 14:25:00-04:00,62.68870162963867,62.68870162963867,62.59000015258789,62.66999816894531,3417,0.0,0.0,0.0
2024-06-27 14:30:00-04:00,62.66999816894531,62.66999816894531,62.64350128173828,62.66960144042969,3230,0.0,0.0,0.0
2024-06-27 14:35:00-04:00,62.65999984741211,62.69900131225586,62.59980010986328,62.65999984741211,2517,0.0,0.0,0.0
2024-06-27 14:40:00-04:00,62.618499755859375,62.65599822998047,62.599300384521484,62.63999938964844,2011,0.0,0.0,0.0
2024-06-27 14:45:00-04:00,62.580101013183594,62.580101013183594,62.580101013183594,62.580101013183594,156,0.0,0.0,0.0
2024-06-27 14:50:00-04:00,62.68000030517578,62.68000030517578,62.68000030517578,62.68000030517578,520,0.0,0.0,0.0
2024-06-27 14:55:00-04:00,62.720001220703125,62.810001373291016,62.68000030517578,62.810001373291016,1838,0.0,0.0,0.0
2024-06-27 15:00:00-04:00,62.7400016784668,62.7400016784668,62.689998626708984,62.70000076293945,488,0.0,0.0,0.0
2024-06-27 15:05:00-04:00,62.622501373291016,62.70000076293945,62.622501373291016,62.70000076293945,967,0.0,0.0,0.0
2024-06-27 15:20:00-04:00,62.70000076293945,62.70000076293945,62.70000076293945,62.70000076293945,282,0.0,0.0,0.0
2024-06-27 15:25:00-04:00,62.709999084472656,62.71900177001953,62.69919967651367,62.69919967651367,1575,0.0,0.0,0.0
2024-06-27 15:30:00-04:00,62.640098571777344,62.68000030517578,62.640098571777344,62.68000030517578,4035,0.0,0.0,0.0
2024-06-27 15:35:00-04:00,62.640098571777344,62.640098571777344,62.640098571777344,62.640098571777344,146,0.0,0.0,0.0
2024-06-27 15:40:00-04:00,62.70899963378906,62.709999084472656,62.690799713134766,62.690799713134766,1937,0.0,0.0,0.0
2024-06-27 15:45:00-04:00,62.7400016784668,62.7400016784668,62.68199920654297,62.682899475097656,1517,0.0,0.0,0.0
2024-06-27 15:55:00-04:00,62.71989822387695,62.72999954223633,62.709999084472656,62.72999954223633,938,0.0,0.0,0.0
2024-06-28 09:30:00-04:00,62.7599983215332,62.91999816894531,62.70000076293945,62.91999816894531,0,0.0,0.0,0.0
2024-06-28 09:35:00-04:00,62.655601501464844,62.655601501464844,62.655601501464844,62.655601501464844,229,0.0,0.0,0.0
2024-06-28 09:40:00-04:00,62.95000076293945,62.95000076293945,62.95000076293945,62.95000076293945,646,0.0,0.0,0.0
2024-06-28 09:45:00-04:00,63.08000183105469,63.08000183105469,63.08000183105469,63.08000183105469,254,0.0,0.0,0.0
2024-06-28 09:55:00-04:00,62.89690017700195,62.89690017700195,62.89690017700195,62.89690017700195,222,0.0,0.0,0.0
2024-06-28 10:00:00-04:00,62.697898864746094,62.88999938964844,62.697898864746094,62.88999938964844,7221,0.0,0.0,0.0
2024-06-28 10:10:00-04:00,62.939998626708984,62.939998626708984,62.939998626708984,62.939998626708984,100,0.0,0.0,0.0
2024-06-28 10:15:00-04:00,62.84000015258789,62.84000015258789,62.834999084472656,62.834999084472656,300,0.0,0.0,0.0
2024-06-28 10:20:00-04:00,62.83000183105469,62.910701751708984,62.83000183105469,62.910701751708984,395,0.0,0.0,0.0
2024-06-28 10:25:00-04:00,62.90999984741211,62.90999984741211,62.834999084472656,62.834999084472656,574,0.0,0.0,0.0
2024-06-28 10:30:00-04:00,62.90999984741211,62.90999984741211,62.88999938964844,62.88999938964844,733,0.0,0.0,0.0
2024-06-28 10:35:00-04:00,62.88999938964844,62.90999984741211,62.782100677490234,62.900001525878906,2806,0.0,0.0,0.0
2024-06-28 10:40:00-04:00,62.88999938964844,62.88999938964844,62.880001068115234,62.880001068115234,201,0.0,0.0,0.0
2024-06-28 10:45:00-04:00,62.88999938964844,62.90999984741211,62.75149917602539,62.90999984741211,1660,0.0,0.0,0.0
2024-06-28 10:50:00-04:00,62.900001525878906,62.90999984741211,62.900001525878906,62.90999984741211,267,0.0,0.0,0.0
2024-06-28 10:55:00-04:00,62.88999938964844,62.88999938964844,62.88999938964844,62.88999938964844,168,0.0,0.0,0.0
2024-06-28 11:00:00-04:00,62.760101318359375,62.84000015258789,62.7599983215332,62.7599983215332,3362,0.0,0.0,0.0
2024-06-28 11:20:00-04:00,62.71369934082031,62.71369934082031,62.71369934082031,62.71369934082031,484,0.0,0.0,0.0
2024-06-28 11:40:00-04:00,62.810001373291016,62.810001373291016,62.753501892089844,62.810001373291016,1021,0.0,0.0,0.0
2024-06-28 11:45:00-04:00,62.790000915527344,62.790000915527344,62.779300689697266,62.779300689697266,401,0.0,0.0,0.0
2024-06-28 11:50:00-04:00,62.810001373291016,62.810001373291016,62.7400016784668,62.7400016784668,332,0.0,0.0,0.0
2024-06-28 11:55:00-04:00,62.73500061035156,62.75199890136719,62.73500061035156,62.75199890136719,1097,0.0,0.0,0.0
2024-06-28 12:00:00-04:00,62.79999923706055,62.79999923706055,62.79999923706055,62.79999923706055,610,0.0,0.0,0.0
2024-06-28 12:05:00-04:00,62.790000915527344,62.790000915527344,62.790000915527344,62.790000915527344,165,0.0,0.0,0.0
2024-06-28 12:10:00-04:00,62.720001220703125,62.720001220703125,62.720001220703125,62.720001220703125,362,0.0,0.0,0.0
2024-06-28 12:15:00-04:00,62.70209884643555,62.70209884643555,62.70209884643555,62.70209884643555,275,0.0,0.0,0.0
2024-06-28 12:20:00-04:00,62.7400016784668,62.7400016784668,62.7400016784668,62.7400016784668,252,0.0,0.0,0.0
2024-06-28 12:25:00-04:00,62.72999954223633,62.80820083618164,62.72999954223633,62.80820083618164,4416,0.0,0.0,0.0
2024-06-28 12:35:00-04:00,62.689701080322266,62.75,62.689701080322266,62.75,760,0.0,0.0,0.0
2024-06-28 12:40:00-04:00,62.72999954223633,62.72999954223633,62.64500045776367,62.720001220703125,813,0.0,0.0,0.0
2024-06-28 12:45:00-04:00,62.64500045776367,62.72999954223633,62.64500045776367,62.72999954223633,1133,0.0,0.0,0.0
2024-06-28 12:50:00-04:00,62.62860107421875,62.62860107421875,62.62860107421875,62.62860107421875,181,0.0,0.0,0.0
2024-06-28 12:55:00-04:00,62.72999954223633,62.75,62.72999954223633,62.75,2402,0.0,0.0,0.0
2024-06-28 13:00:00-04:00,62.77000045776367,62.77000045776367,62.77000045776367,62.77000045776367,109,0.0,0.0,0.0
2024-06-28 13:05:00-04:00,62.66999816894531,62.66999816894531,62.66999816894531,62.66999816894531,500,0.0,0.0,0.0
2024-06-28 13:10:00-04:00,62.7400016784668,62.79600143432617,62.724998474121094,62.779998779296875,4009,0.0,0.0,0.0
2024-06-28 13:15:00-04:00,62.66130065917969,62.790000915527344,62.65700149536133,62.790000915527344,1091,0.0,0.0,0.0
2024-06-28 13:20:00-04:00,62.71849822998047,62.71849822998047,62.71849822998047,62.71849822998047,174,0.0,0.0,0.0
2024-06-28 13:25:00-04:00,62.79970169067383,62.79970169067383,62.79970169067383,62.79970169067383,400,0.0,0.0,0.0
2024-06-28 13:30:00-04:00,62.71500015258789,62.71500015258789,62.71500015258789,62.71500015258789,291,0.0,0.0,0.0
2024-06-28 13:35:00-04:00,62.77880096435547,62.77880096435547,62.77880096435547,62.77880096435547,1979,0.0,0.0,0.0
2024-06-28 13:40:00-04:00,62.779998779296875,62.779998779296875,62.73500061035156,62.7599983215332,826,0.0,0.0,0.0
2024-06-28 13:45:00-04:00,62.69499969482422,62.7400016784668,62.69499969482422,62.7400016784668,494,0.0,0.0,0.0
2024-06-28 13:50:00-04:00,62.68769836425781,62.68769836425781,62.68769836425781,62.68769836425781,570,0.0,0.0,0.0
2024-06-28 13:55:00-04:00,62.769100189208984,62.769100189208984,62.769100189208984,62.769100189208984,481,0.0,0.0,0.0
2024-06-28 14:00:00-04:00,62.75,62.75,62.75,62.75,168,0.0,0.0,0.0
2024-06-28 14:05:00-04:00,62.7239990234375,62.7239990234375,62.7239990234375,62.7239990234375,241,0.0,0.0,0.0
2024-06-28 14:15:00-04:00,62.720001220703125,62.75,62.720001220703125,62.75,1063,0.0,0.0,0.0
2024-06-28 14:25:00-04:00,62.66999816894531,62.66999816894531,62.66999816894531,62.66999816894531,4659,0.0,0.0,0.0
2024-06-28 14:30:00-04:00,62.685001373291016,62.685001373291016,62.685001373291016,62.685001373291016,315,0.0,0.0,0.0
2024-06-28 14:35:00-04:00,62.70000076293945,62.70000076293945,62.630001068115234,62.630001068115234,2502,0.0,0.0,0.0
2024-06-28 14:40:00-04:00,62.599998474121094,62.61000061035156,62.599998474121094,62.61000061035156,588,0.0,0.0,0.0
2024-06-28 14:45:00-04:00,62.650001525878906,62.650001525878906,62.55009841918945,62.650001525878906,1244,0.0,0.0,0.0
2024-06-28 14:50:00-04:00,62.581298828125,62.581298828125,62.57609939575195,62.57609939575195,786,0.0,0.0,0.0
2024-06-28 14:55:00-04:00,62.55009841918945,62.6150016784668,62.54999923706055,62.54999923706055,947,0.0,0.0,0.0
2024-06-28 15:00:00-04:00,62.58369827270508,62.66999816894531,62.58369827270508,62.66999816894531,461,0.0,0.0,0.0
2024-06-28 15:05:00-04:00,62.631500244140625,62.65999984741211,62.55009841918945,62.65999984741211,1494,0.0,0.0,0.0
2024-06-28 15:10:00-04:00,62.65999984741211,62.66400146484375,62.58330154418945,62.58330154418945,90413,0.0,0.0,0.0
2024-06-28 15:15:00-04:00,62.61000061035156,62.66999816894531,62.59429931640625,62.59429931640625,3111,0.0,0.0,0.0
2024-06-28 15:20:00-04:00,62.68000030517578,62.68000030517578,62.68000030517578,62.68000030517578,208,0.0,0.0,0.0
2024-06-28 15:25:00-04:00,62.66999816894531,62.679901123046875,62.61750030517578,62.679901123046875,828,0.0,0.0,0.0
2024-06-28 15:30:00-04:00,62.65999984741211,62.65999984741211,62.54999923706055,62.564998626708984,2865,0.0,0.0,0.0
2024-06-28 15:35:00-04:00,62.50640106201172,62.50640106201172,62.50640106201172,62.50640106201172,284,0.0,0.0,0.0
2024-06-28 15:40:00-04:00,62.40999984741211,62.40999984741211,62.40999984741211,62.40999984741211,209,0.0,0.0,0.0
2024-06-28 15:50:00-04:00,62.65999984741211,62.65999984741211,62.4900016784668,62.600101470947266,1537,0.0,0.0,0.0
2024-06-28 15:55:00-04:00,62.560001373291016,62.560001373291016,62.560001373291016,62.560001373291016,254,0.0,0.0,0.0
2024-07-01 09:30:00-04:00,62.560001373291016,63.0,62.560001373291016,62.95500183105469,2579,0.0,0.0,0.0
2024-07-01 09:35:00-04:00,62.65999984741211,62.65999984741211,62.65999984741211,62.65999984741211,224,0.0,0.0,0.0
2024-07-01 09:45:00-04:00,63.30500030517578,63.30500030517578,62.77000045776367,62.779998779296875,406,0.0,0.0,0.0
2024-07-01 09:50:00-04:00,62.70000076293945,62.71989822387695,62.70000076293945,62.71989822387695,1293,0.0,0.0,0.0
2024-07-01 09:55:00-04:00,62.58000183105469,62.58000183105469,62.58000183105469,62.58000183105469,25766,0.0,0.0,0.0
2024-07-01 10:00:00-04:00,63.025001525878906,63.025001525878906,62.61180114746094,62.61180114746094,791,0.0,0.0,0.0
2024-07-01 10:05:00-04:00,62.61000061035156,62.61000061035156,62.61000061035156,62.61000061035156,280,0.0,0.0,0.0
2024-07-01 10:10:00-04:00,62.59000015258789,62.59000015258789,62.59000015258789,62.59000015258789,159,0.0,0.0,0.0
2024-07-01 10:20:00-04:00,62.586299896240234,62.61000061035156,62.586299896240234,62.61000061035156,608,0.0,0.0,0.0
2024-07-01 10:25:00-04:00,62.68000030517578,62.68000030517578,62.68000030517578,62.68000030517578,1121,0.0,0.0,0.0
2024-07-01 10:30:00-04:00,62.66999816894531,62.66999816894531,62.66999816894531,62.66999816894531,529,0.0,0.0,0.0
2024-07-01 10:40:00-04:00,62.619998931884766,62.619998931884766,62.54240036010742,62.54240036010742,653,0.0,0.0,0.0
2024-07-01 10:50:00-04:00,62.510101318359375,62.510101318359375,62.510101318359375,62.510101318359375,252,0.0,0.0,0.0
2024-07-01 10:55:00-04:00,62.619998931884766,62.619998931884766,62.557498931884766,62.58000183105469,2681,0.0,0.0,0.0
2024-07-01 11:05:00-04:00,62.669898986816406,62.669898986816406,62.669898986816406,62.669898986816406,287,0.0,0.0,0.0
2024-07-01 11:10:00-04:00,62.599998474121094,62.599998474121094,62.599998474121094,62.599998474121094,464,0.0,0.0,0.0
2024-07-01 11:15:00-04:00,62.61000061035156,62.61000061035156,62.61000061035156,62.61000061035156,1003,0.0,0.0,0.0
2024-07-01 11:20:00-04:00,62.63999938964844,62.63999938964844,62.52009963989258,62.619998931884766,27418,0.0,0.0,0.0
2024-07-01 11:30:00-04:00,62.709999084472656,62.709999084472656,62.709999084472656,62.709999084472656,122,0.0,0.0,0.0
2024-07-01 11:35:00-04:00,62.72999954223633,62.7400016784668,62.72999954223633,62.7400016784668,7704,0.0,0.0,0.0
2024-07-01 11:40:00-04:00,62.7400016784668,62.7599983215332,62.619998931884766,62.63999938964844,4750,0.0,0.0,0.0
2024-07-01 11:50:00-04:00,62.7400016784668,62.7400016784668,62.64500045776367,62.737998962402344,2327,0.0,0.0,0.0
2024-07-01 11:55:00-04:00,62.714500427246094,62.724998474121094,62.70009994506836,62.70009994506836,1232,0.0,0.0,0.0
2024-07-01 12:00:00-04:00,62.700599670410156,62.72999954223633,62.700599670410156,62.718101501464844,1828,0.0,0.0,0.0
2024-07-01 12:05:00-04:00,62.630001068115234,62.630001068115234,62.55569839477539,62.55569839477539,703,0.0,0.0,0.0
2024-07-01 12:10:00-04:00,62.73899841308594,62.73899841308594,62.709999084472656,62.709999084472656,845,0.0,0.0,0.0
2024-07-01 12:15:00-04:00,62.77000045776367,62.77000045776367,62.77000045776367,62.77000045776367,281,0.0,0.0,0.0
2024-07-01 12:30:00-04:00,62.756900787353516,62.775001525878906,62.756900787353516,62.775001525878906,409,0.0,0.0,0.0
2024-07-01 12:35:00-04:00,62.76620101928711,62.78499984741211,62.76620101928711,62.779998779296875,2118,0.0,0.0,0.0
2024-07-01 12:40:00-04:00,62.79999923706055,62.837398529052734,62.790000915527344,62.837398529052734,2337,0.0,0.0,0.0
2024-07-01 12:45:00-04:00,62.790000915527344,62.810001373291016,62.790000915527344,62.810001373291016,303,0.0,0.0,0.0
2024-07-01 12:50:00-04:00,62.80500030517578,62.810001373291016,62.80500030517578,62.80500030517578,546,0.0,0.0,0.0
2024-07-01 12:55:00-04:00,62.80500030517578,62.80500030517578,62.790000915527344,62.790000915527344,716,0.0,0.0,0.0
2024-07-01 13:00:00-04:00,62.79999923706055,62.79999923706055,62.70000076293945,62.70000076293945,5294,0.0,0.0,0.0
2024-07-01 13:05:00-04:00,62.61000061035156,62.61000061035156,62.61000061035156,62.61000061035156,538,0.0,0.0,0.0
2024-07-01 13:10:00-04:00,62.79249954223633,62.79249954223633,62.76150131225586,62.76150131225586,5808,0.0,0.0,0.0
2024-07-01 13:20:00-04:00,62.72999954223633,62.72999954223633,62.705299377441406,62.705299377441406,1144,0.0,0.0,0.0
2024-07-01 13:30:00-04:00,62.80649948120117,62.80649948120117,62.80649948120117,62.80649948120117,108,0.0,0.0,0.0
2024-07-01 13:35:00-04:00,62.814998626708984,62.839298248291016,62.77000045776367,62.77000045776367,1951,0.0,0.0,0.0
2024-07-01 13:40:00-04:00,62.82500076293945,62.82500076293945,62.82500076293945,62.82500076293945,312,0.0,0.0,0.0
2024-07-01 13:45:00-04:00,62.849998474121094,62.849998474121094,62.84000015258789,62.849998474121094,731,0.0,0.0,0.0
2024-07-01 13:50:00-04:00,62.814998626708984,62.85100173950195,62.814998626708984,62.849998474121094,935,0.0,0.0,0.0
2024-07-01 14:00:00-04:00,62.77009963989258,62.77009963989258,62.77009963989258,62.77009963989258,394,0.0,0.0,0.0
2024-07-01 14:05:00-04:00,62.79999923706055,62.814998626708984,62.790000915527344,62.814998626708984,604,0.0,0.0,0.0
2024-07-01 14:10:00-04:00,62.834999084472656,62.834999084472656,62.83000183105469,62.834999084472656,1009,0.0,0.0,0.0
2024-07-01 14:15:00-04:00,62.880001068115234,62.880001068115234,62.849998474121094,62.849998474121094,635,0.0,0.0,0.0
2024-07-01 14:20:00-04:00,62.81999969482422,62.81999969482422,62.81999969482422,62.81999969482422,1153,0.0,0.0,0.0
2024-07-01 14:25:00-04:00,62.70249938964844,62.78499984741211,62.67660140991211,62.704898834228516,3979,0.0,0.0,0.0
2024-07-01 14:35:00-04:00,62.690101623535156,62.690101623535156,62.690101623535156,62.690101623535156,501,0.0,0.0,0.0
2024-07-01 14:40:00-04:00,62.701900482177734,62.84920120239258,62.701900482177734,62.84000015258789,1555,0.0,0.0,0.0
2024-07-01 14:50:00-04:00,62.72850036621094,62.849998474121094,62.72850036621094,62.84000015258789,1980,0.0,0.0,0.0
2024-07-01 14:55:00-04:00,62.849998474121094,62.849998474121094,62.775001525878906,62.83760070800781,687,0.0,0.0,0.0
2024-07-01 15:00:00-04:00,62.70249938964844,62.849998474121094,62.70249938964844,62.849998474121094,1085,0.0,0.0,0.0
2024-07-01 15:05:00-04:00,62.83000183105469,62.869998931884766,62.83000183105469,62.849998474121094,1381,0.0,0.0,0.0
2024-07-01 15:10:00-04:00,62.88999938964844,62.88999938964844,62.837501525878906,62.837501525878906,5271,0.0,0.0,0.0
2024-07-01 15:15:00-04:00,62.849998474121094,62.849998474121094,62.849998474121094,62.849998474121094,401,0.0,0.0,0.0
2024-07-01 15:20:00-04:00,62.849998474121094,62.849998474121094,62.820098876953125,62.845001220703125,2426,0.0,0.0,0.0
2024-07-01 15:25:00-04:00,62.81999969482422,62.848899841308594,62.70000076293945,62.70000076293945,2046,0.0,0.0,0.0
2024-07-01 15:30:00-04:00,62.709999084472656,62.810001373291016,62.69499969482422,62.810001373291016,2973,0.0,0.0,0.0
2024-07-01 15:35:00-04:00,62.810001373291016,62.824100494384766,62.79999923706055,62.824100494384766,623,0.0,0.0,0.0
2024-07-01 15:40:00-04:00,62.77000045776367,62.86000061035156,62.75,62.779998779296875,6408,0.0,0.0,0.0
2024-07-01 15:45:00-04:00,62.87810134887695,62.87810134887695,62.869998931884766,62.869998931884766,580,0.0,0.0,0.0
2024-07-01 15:50:00-04:00,62.79819869995117,62.88999938964844,62.79819869995117,62.88999938964844,2291,0.0,0.0,0.0
2024-07-01 15:55:00-04:00,62.93000030517578,62.939998626708984,62.90999984741211,62.93000030517578,1692,0.0,0.0,0.0
2024-07-02 09:30:00-04:00,62.689998626708984,62.794898986816406,62.689998626708984,62.794898986816406,0,0.0,0.0,0.0
2024-07-02 09:35:00-04:00,62.869998931884766,62.869998931884766,62.849998474121094,62.849998474121094,226,0.0,0.0,0.0
2024-07-02 09:40:00-04:00,62.7599983215332,62.7599983215332,62.7599983215332,62.7599983215332,738,0.0,0.0,0.0
2024-07-02 09:45:00-04:00,62.724998474121094,62.724998474121094,62.724998474121094,62.724998474121094,171,0.0,0.0,0.0
2024-07-02 09:50:00-04:00,62.779998779296875,62.779998779296875,62.71009826660156,62.779998779296875,639,0.0,0.0,0.0
2024-07-02 09:55:00-04:00,62.76959991455078,62.78499984741211,62.70000076293945,62.70000076293945,4817,0.0,0.0,0.0
2024-07-02 10:00:00-04:00,62.70000076293945,62.73910140991211,62.689998626708984,62.73910140991211,0,0.0,0.0,0.0
2024-07-02 10:05:00-04:00,62.7400016784668,62.7400016784668,62.7400016784668,62.7400016784668,10057,0.0,0.0,0.0
2024-07-02 10:20:00-04:00,62.70130157470703,62.81990051269531,62.70130157470703,62.81990051269531,630,0.0,0.0,0.0
2024-07-02 10:25:00-04:00,62.684200286865234,62.684200286865234,62.684200286865234,62.684200286865234,205,0.0,0.0,0.0
2024-07-02 10:30:00-04:00,62.83000183105469,62.83000183105469,62.8291015625,62.8291015625,472,0.0,0.0,0.0
2024-07-02 10:35:00-04:00,62.81999969482422,62.81999969482422,62.81999969482422,62.81999969482422,272,0.0,0.0,0.0
2024-07-02 10:40:00-04:00,62.76599884033203,62.849998474121094,62.75,62.81999969482422,1286,0.0,0.0,0.0
2024-07-02 10:50:00-04:00,62.650001525878906,62.83000183105469,62.650001525878906,62.829898834228516,1150,0.0,0.0,0.0
2024-07-02 10:55:00-04:00,62.81999969482422,62.81999969482422,62.81999969482422,62.81999969482422,451,0.0,0.0,0.0
2024-07-02 11:00:00-04:00,62.849998474121094,62.849998474121094,62.849998474121094,62.849998474121094,186,0.0,0.0,0.0
2024-07-02 11:10:00-04:00,62.84989929199219,62.84989929199219,62.84989929199219,62.84989929199219,754,0.0,0.0,0.0
2024-07-02 11:25:00-04:00,62.755001068115234,62.755001068115234,62.755001068115234,62.755001068115234,755,0.0,0.0,0.0
2024-07-02 11:35:00-04:00,62.849998474121094,62.86000061035156,62.775001525878906,62.86000061035156,525,0.0,0.0,0.0
2024-07-02 11:40:00-04:00,62.84349822998047,62.880001068115234,62.83000183105469,62.86000061035156,4009,0.0,0.0,0.0
2024-07-02 11:45:00-04:00,62.817501068115234,62.849998474121094,62.804100036621094,62.804100036621094,734,0.0,0.0,0.0
2024-07-02 11:50:00-04:00,62.849998474121094,62.849998474121094,62.849998474121094,62.849998474121094,234,0.0,0.0,0.0
2024-07-02 11:55:00-04:00,62.790000915527344,62.848201751708984,62.68000030517578,62.848201751708984,6283,0.0,0.0,0.0
2024-07-02 12:00:00-04:00,62.8286018371582,62.8286018371582,62.8286018371582,62.8286018371582,1045,0.0,0.0,0.0
2024-07-02 12:10:00-04:00,62.7400016784668,62.808998107910156,62.7400016784668,62.75,600,0.0,0.0,0.0
2024-07-02 12:15:00-04:00,62.790000915527344,62.790000915527344,62.78710174560547,62.790000915527344,1000,0.0,0.0,0.0
2024-07-02 12:20:00-04:00,62.77009963989258,62.790000915527344,62.77009963989258,62.790000915527344,491,0.0,0.0,0.0
2024-07-02 12:25:00-04:00,62.77000045776367,62.810001373291016,62.77000045776367,62.810001373291016,1241,0.0,0.0,0.0
2024-07-02 12:30:00-04:00,62.859901428222656,62.859901428222656,62.79999923706055,62.83000183105469,3481,0.0,0.0,0.0
2024-07-02 12:35:00-04:00,62.81999969482422,62.83000183105469,62.81999969482422,62.83000183105469,395,0.0,0.0,0.0
2024-07-02 12:40:00-04:00,62.74369812011719,62.760501861572266,62.74369812011719,62.760501861572266,793,0.0,0.0,0.0
2024-07-02 12:45:00-04:00,62.71009826660156,62.71009826660156,62.71009826660156,62.71009826660156,341,0.0,0.0,0.0
2024-07-02 12:55:00-04:00,62.817901611328125,62.817901611328125,62.817901611328125,62.817901611328125,1567,0.0,0.0,0.0
2024-07-02 13:00:00-04:00,62.74209976196289,62.74209976196289,62.74209976196289,62.74209976196289,363,0.0,0.0,0.0
2024-07-02 13:10:00-04:00,62.89889907836914,62.89889907836914,62.89889907836914,62.89889907836914,4895,0.0,0.0,0.0
2024-07-02 13:25:00-04:00,62.814998626708984,62.814998626708984,62.814998626708984,62.814998626708984,3132,0.0,0.0,0.0
2024-07-02 13:35:00-04:00,62.880001068115234,62.88999938964844,62.84000015258789,62.84000015258789,2309,0.0,0.0,0.0
2024-07-02 13:40:00-04:00,62.91999816894531,62.91999816894531,62.91999816894531,62.91999816894531,300,0.0,0.0,0.0
2024-07-02 13:45:00-04:00,62.84000015258789,62.84000015258789,62.84000015258789,62.84000015258789,218,0.0,0.0,0.0
2024-07-02 13:50:00-04:00,62.805198669433594,62.888099670410156,62.805198669433594,62.888099670410156,1867,0.0,0.0,0.0
2024-07-02 13:55:00-04:00,62.93000030517578,62.93000030517578,62.93000030517578,62.93000030517578,300,0.0,0.0,0.0
2024-07-02 14:00:00-04:00,62.894100189208984,62.93000030517578,62.894100189208984,62.91999816894531,1705,0.0,0.0,0.0
2024-07-02 14:05:00-04:00,62.93000030517578,62.939998626708984,62.880001068115234,62.93000030517578,22261,0.0,0.0,0.0
2024-07-02 14:10:00-04:00,62.88999938964844,62.93000030517578,62.820098876953125,62.93000030517578,7840,0.0,0.0,0.0
2024-07-02 14:15:00-04:00,62.90999984741211,62.90999984741211,62.869998931884766,62.88999938964844,1382,0.0,0.0,0.0
2024-07-02 14:20:00-04:00,62.88970184326172,62.915401458740234,62.88970184326172,62.915401458740234,774,0.0,0.0,0.0
2024-07-02 14:25:00-04:00,62.91999816894531,62.91999816894531,62.90999984741211,62.90999984741211,328,0.0,0.0,0.0
2024-07-02 14:30:00-04:00,62.88999938964844,62.88999938964844,62.869998931884766,62.869998931884766,984,0.0,0.0,0.0
2024-07-02 14:35:00-04:00,62.869998931884766,62.869998931884766,62.869998931884766,62.869998931884766,320,0.0,0.0,0.0
2024-07-02 14:40:00-04:00,62.90999984741211,62.90999984741211,62.80009841918945,62.80009841918945,702,0.0,0.0,0.0
2024-07-02 14:45:00-04:00,62.820899963378906,62.820899963378906,62.820899963378906,62.820899963378906,252,0.0,0.0,0.0
2024-07-02 14:50:00-04:00,62.849998474121094,62.900001525878906,62.849998474121094,62.900001525878906,793,0.0,0.0,0.0
2024-07-02 14:55:00-04:00,62.900001525878906,62.900001525878906,62.900001525878906,62.900001525878906,203,0.0,0.0,0.0
2024-07-02 15:00:00-04:00,62.86000061035156,62.93000030517578,62.849998474121094,62.849998474121094,14721,0.0,0.0,0.0
2024-07-02 15:05:00-04:00,62.90999984741211,62.90999984741211,62.849998474121094,62.849998474121094,730,0.0,0.0,0.0
2024-07-02 15:10:00-04:00,62.86000061035156,62.91999816894531,62.86000061035156,62.91490173339844,3003,0.0,0.0,0.0
2024-07-02 15:15:00-04:00,62.88999938964844,62.90999984741211,62.88999938964844,62.90999984741211,410,0.0,0.0,0.0
2024-07-02 15:20:00-04:00,62.90999984741211,62.90999984741211,62.88999938964844,62.88999938964844,590,0.0,0.0,0.0
2024-07-02 15:25:00-04:00,62.88999938964844,62.93000030517578,62.88999938964844,62.91999816894531,4128,0.0,0.0,0.0
2024-07-02 15:30:00-04:00,62.91999816894531,62.92499923706055,62.900001525878906,62.900001525878906,1743,0.0,0.0,0.0
2024-07-02 15:35:00-04:00,62.88999938964844,62.88999938964844,62.849998474121094,62.869998931884766,2251,0.0,0.0,0.0
2024-07-02 15:40:00-04:00,62.86000061035156,62.91999816894531,62.84000015258789,62.91999816894531,3415,0.0,0.0,0.0
2024-07-02 15:45:00-04:00,62.880001068115234,62.880001068115234,62.79999923706055,62.79999923706055,3216,0.0,0.0,0.0
2024-07-02 15:50:00-04:00,62.790000915527344,62.900001525878906,62.790000915527344,62.845001220703125,5131,0.0,0.0,0.0
2024-07-02 15:55:00-04:00,62.81999969482422,62.900001525878906,62.790000915527344,62.900001525878906,5025,0.0,0.0,0.0
2024-07-03 09:30:00-04:00,62.70000076293945,62.869998931884766,62.69499969482422,62.70000076293945,0,0.0,0.0,0.0
2024-07-03 09:35:00-04:00,62.76100158691406,62.76100158691406,62.76100158691406,62.76100158691406,1068,0.0,0.0,0.0
2024-07-03 09:45:00-04:00,62.760799407958984,62.760799407958984,62.760799407958984,62.760799407958984,724,0.0,0.0,0.0
2024-07-03 09:55:00-04:00,62.88050079345703,63.18000030517578,62.88050079345703,63.18000030517578,479,0.0,0.0,0.0
2024-07-03 10:00:00-04:00,63.0,63.0,62.93000030517578,62.93000030517578,1041,0.0,0.0,0.0
2024-07-03 10:05:00-04:00,62.91999816894531,62.91999816894531,62.8650016784668,62.8650016784668,1684,0.0,0.0,0.0
2024-07-03 10:10:00-04:00,62.875,62.875,62.875,62.875,684,0.0,0.0,0.0
2024-07-03 10:20:00-04:00,62.90999984741211,62.90999984741211,62.81010055541992,62.81010055541992,622,0.0,0.0,0.0
2024-07-03 10:25:00-04:00,62.90879821777344,62.90879821777344,62.88999938964844,62.88999938964844,334,0.0,0.0,0.0
2024-07-03 10:30:00-04:00,62.798301696777344,62.845001220703125,62.798301696777344,62.845001220703125,310,0.0,0.0,0.0
2024-07-03 10:35:00-04:00,62.7692985534668,62.7692985534668,62.7692985534668,62.7692985534668,708,0.0,0.0,0.0
2024-07-03 10:40:00-04:00,62.79600143432617,62.79600143432617,62.79600143432617,62.79600143432617,238,0.0,0.0,0.0
2024-07-03 10:45:00-04:00,62.93000030517578,62.93000030517578,62.849998474121094,62.849998474121094,528,0.0,0.0,0.0
2024-07-03 10:50:00-04:00,62.900001525878906,62.900001525878906,62.880001068115234,62.880001068115234,406,0.0,0.0,0.0
2024-07-03 11:00:00-04:00,62.91669845581055,62.91669845581055,62.91669845581055,62.91669845581055,451,0.0,0.0,0.0
2024-07-03 11:05:00-04:00,62.88999938964844,62.9900016784668,62.88999938964844,62.93000030517578,136523,0.0,0.0,0.0
2024-07-03 11:15:00-04:00,62.76570129394531,62.951499938964844,62.76570129394531,62.951499938964844,2687,0.0,0.0,0.0
2024-07-03 11:20:00-04:00,62.89849853515625,62.89939880371094,62.89849853515625,62.89939880371094,390,0.0,0.0,0.0
2024-07-03 11:25:00-04:00,62.97999954223633,62.97999954223633,62.90700149536133,62.90700149536133,1194,0.0,0.0,0.0
2024-07-03 11:30:00-04:00,62.88999938964844,62.97999954223633,62.88999938964844,62.88999938964844,806,0.0,0.0,0.0
2024-07-03 11:35:00-04:00,62.90800094604492,62.97999954223633,62.90800094604492,62.97999954223633,1849,0.0,0.0,0.0
2024-07-03 11:45:00-04:00,62.97909927368164,62.97909927368164,62.97909927368164,62.97909927368164,365,0.0,0.0,0.0
2024-07-03 11:50:00-04:00,62.959999084472656,63.0099983215332,62.959999084472656,63.0099983215332,613,0.0,0.0,0.0
2024-07-03 11:55:00-04:00,63.0099983215332,63.0099983215332,62.91529846191406,62.91529846191406,241,0.0,0.0,0.0
2024-07-03 12:00:00-04:00,62.904998779296875,63.01240158081055,62.904998779296875,63.01240158081055,1918,0.0,0.0,0.0
2024-07-03 12:05:00-04:00,62.82270050048828,62.82270050048828,62.82270050048828,62.82270050048828,301,0.0,0.0,0.0
2024-07-03 12:10:00-04:00,62.9900016784668,63.0,62.97999954223633,62.97999954223633,2621,0.0,0.0,0.0
2024-07-03 12:15:00-04:00,62.95000076293945,63.040000915527344,62.95000076293945,63.040000915527344,568,0.0,0.0,0.0
2024-07-03 12:20:00-04:00,63.029998779296875,63.040000915527344,63.0,63.025001525878906,948,0.0,0.0,0.0
2024-07-03 12:25:00-04:00,63.01810073852539,63.04499816894531,62.910099029541016,63.022499084472656,3572,0.0,0.0,0.0
2024-07-03 12:30:00-04:00,63.029998779296875,63.029998779296875,63.0,63.02000045776367,550,0.0,0.0,0.0
2024-07-03 12:35:00-04:00,62.907798767089844,62.907798767089844,62.907798767089844,62.907798767089844,311,0.0,0.0,0.0
2024-07-03 12:40:00-04:00,62.970001220703125,62.970001220703125,62.959999084472656,62.959999084472656,1135,0.0,0.0,0.0
2024-07-03 12:45:00-04:00,63.040000915527344,63.040000915527344,63.040000915527344,63.040000915527344,186,0.0,0.0,0.0
2024-07-05 09:30:00-04:00,63.029998779296875,63.2599983215332,63.029998779296875,63.2599983215332,0,0.0,0.0,0.0
2024-07-05 09:35:00-04:00,63.21799850463867,63.21799850463867,63.20000076293945,63.209999084472656,1121,0.0,0.0,0.0
2024-07-05 09:40:00-04:00,63.224998474121094,63.224998474121094,63.224998474121094,63.224998474121094,139,0.0,0.0,0.0
2024-07-05 09:45:00-04:00,63.20000076293945,63.20000076293945,63.099998474121094,63.099998474121094,1552,0.0,0.0,0.0
2024-07-05 09:55:00-04:00,63.150001525878906,63.150001525878906,63.12080001831055,63.130001068115234,3872,0.0,0.0,0.0
2024-07-05 10:00:00-04:00,63.119998931884766,63.119998931884766,63.06999969482422,63.08000183105469,11142,0.0,0.0,0.0
2024-07-05 10:05:00-04:00,63.10810089111328,63.10810089111328,62.91709899902344,62.91709899902344,1307,0.0,0.0,0.0
2024-07-05 10:10:00-04:00,62.88330078125,62.88330078125,62.8400993347168,62.8400993347168,524,0.0,0.0,0.0
2024-07-05 10:20:00-04:00,63.029998779296875,63.029998779296875,63.029998779296875,63.029998779296875,416,0.0,0.0,0.0
2024-07-05 10:25:00-04:00,62.9900016784668,63.0010986328125,62.9900016784668,63.0010986328125,398,0.0,0.0,0.0
2024-07-05 10:30:00-04:00,63.0,63.0,63.0,63.0,109,0.0,0.0,0.0
2024-07-05 10:35:00-04:00,62.959999084472656,62.959999084472656,62.959999084472656,62.959999084472656,206,0.0,0.0,0.0
2024-07-05 10:40:00-04:00,62.89509963989258,62.89509963989258,62.89509963989258,62.89509963989258,228,0.0,0.0,0.0
2024-07-05 10:45:00-04:00,63.04949951171875,63.04949951171875,62.9900016784668,63.0,1356,0.0,0.0,0.0
2024-07-05 10:50:00-04:00,62.97439956665039,63.029998779296875,62.87009811401367,63.029998779296875,1176,0.0,0.0,0.0
2024-07-05 10:55:00-04:00,63.03990173339844,63.03990173339844,62.879798889160156,62.879798889160156,1166,0.0,0.0,0.0
2024-07-05 11:00:00-04:00,62.9739990234375,62.9739990234375,62.9739990234375,62.9739990234375,1341,0.0,0.0,0.0
2024-07-05 11:05:00-04:00,63.02330017089844,63.02330017089844,63.02330017089844,63.02330017089844,521,0.0,0.0,0.0
2024-07-05 11:10:00-04:00,62.88019943237305,62.88019943237305,62.88019943237305,62.88019943237305,139,0.0,0.0,0.0
2024-07-05 11:15:00-04:00,62.984901428222656,62.984901428222656,62.984901428222656,62.984901428222656,483,0.0,0.0,0.0
2024-07-05 11:20:00-04:00,63.028499603271484,63.028499603271484,63.028499603271484,63.028499603271484,478,0.0,0.0,0.0
2024-07-05 11:30:00-04:00,62.95500183105469,62.95500183105469,62.94969940185547,62.95500183105469,1329,0.0,0.0,0.0
2024-07-05 11:35:00-04:00,62.94179916381836,62.95709991455078,62.94179916381836,62.95000076293945,3071,0.0,0.0,0.0
2024-07-05 11:40:00-04:00,62.939998626708984,62.939998626708984,62.939998626708984,62.939998626708984,950,0.0,0.0,0.0
2024-07-05 11:45:00-04:00,63.0,63.0,62.97999954223633,62.97999954223633,357,0.0,0.0,0.0
2024-07-05 11:50:00-04:00,63.0,63.0,63.0,63.0,279,0.0,0.0,0.0
2024-07-05 12:00:00-04:00,63.0099983215332,63.0099983215332,62.99829864501953,62.99829864501953,4699,0.0,0.0,0.0
2024-07-05 12:05:00-04:00,62.98249816894531,62.98249816894531,62.98249816894531,62.98249816894531,368,0.0,0.0,0.0
2024-07-05 12:10:00-04:00,63.02000045776367,63.02000045776367,62.970001220703125,62.970001220703125,496,0.0,0.0,0.0
2024-07-05 12:15:00-04:00,63.029998779296875,63.040000915527344,62.92610168457031,62.92610168457031,1128,0.0,0.0,0.0
2024-07-05 12:25:00-04:00,63.029300689697266,63.029300689697266,63.029300689697266,63.029300689697266,2340,0.0,0.0,0.0
2024-07-05 12:35:00-04:00,62.920101165771484,62.920101165771484,62.920101165771484,62.920101165771484,5573,0.0,0.0,0.0
2024-07-05 12:45:00-04:00,62.98500061035156,62.98500061035156,62.98500061035156,62.98500061035156,651,0.0,0.0,0.0
2024-07-05 12:50:00-04:00,62.9906005859375,63.04970169067383,62.9906005859375,63.04970169067383,590,0.0,0.0,0.0
2024-07-05 13:05:00-04:00,62.98500061035156,63.040000915527344,62.97850036621094,62.97850036621094,641,0.0,0.0,0.0
2024-07-05 13:10:00-04:00,63.040000915527344,63.04999923706055,62.91999816894531,62.91999816894531,4229,0.0,0.0,0.0
2024-07-05 13:15:00-04:00,63.0004997253418,63.0004997253418,63.0004997253418,63.0004997253418,111,0.0,0.0,0.0
2024-07-05 13:20:00-04:00,62.99150085449219,62.99150085449219,62.99150085449219,62.99150085449219,580,0.0,0.0,0.0
2024-07-05 13:25:00-04:00,63.0099983215332,63.040000915527344,62.929298400878906,62.929298400878906,1394,0.0,0.0,0.0
2024-07-05 13:30:00-04:00,63.040000915527344,63.040000915527344,63.040000915527344,63.040000915527344,334,0.0,0.0,0.0
2024-07-05 13:35:00-04:00,63.0,63.005001068115234,62.929100036621094,62.929100036621094,951,0.0,0.0,0.0
2024-07-05 13:40:00-04:00,63.040000915527344,63.07500076293945,63.040000915527344,63.07500076293945,569,0.0,0.0,0.0
2024-07-05 13:50:00-04:00,63.10499954223633,63.150001525878906,63.089900970458984,63.095001220703125,1199,0.0,0.0,0.0
2024-07-05 13:55:00-04:00,63.10499954223633,63.10900115966797,63.07500076293945,63.07500076293945,1519,0.0,0.0,0.0
2024-07-05 14:00:00-04:00,63.060001373291016,63.060001373291016,63.04499816894531,63.0546989440918,1587,0.0,0.0,0.0
2024-07-05 14:05:00-04:00,63.040000915527344,63.04999923706055,63.0099983215332,63.02000045776367,3373,0.0,0.0,0.0
2024-07-05 14:10:00-04:00,63.04499816894531,63.04990005493164,63.02000045776367,63.040000915527344,1896,0.0,0.0,0.0
2024-07-05 14:20:00-04:00,63.048099517822266,63.048099517822266,63.048099517822266,63.048099517822266,149,0.0,0.0,0.0
2024-07-05 14:25:00-04:00,63.04010009765625,63.04010009765625,63.04010009765625,63.04010009765625,472,0.0,0.0,0.0
2024-07-05 14:30:00-04:00,63.060001373291016,63.060001373291016,63.060001373291016,63.060001373291016,219,0.0,0.0,0.0
2024-07-05 14:45:00-04:00,63.083900451660156,63.083900451660156,63.083900451660156,63.083900451660156,135,0.0,0.0,0.0
2024-07-05 14:55:00-04:00,63.07500076293945,63.07500076293945,63.07500076293945,63.07500076293945,608,0.0,0.0,0.0
2024-07-05 15:00:00-04:00,63.06209945678711,63.06209945678711,63.06209945678711,63.06209945678711,361,0.0,0.0,0.0
2024-07-05 15:20:00-04:00,63.084999084472656,63.084999084472656,63.084999084472656,63.084999084472656,181,0.0,0.0,0.0
2024-07-05 15:25:00-04:00,63.13990020751953,63.13990020751953,63.13990020751953,63.13990020751953,211,0.0,0.0,0.0
2024-07-05 15:30:00-04:00,63.084999084472656,63.084999084472656,63.064998626708984,63.064998626708984,1487,0.0,0.0,0.0
2024-07-05 15:35:00-04:00,63.150001525878906,63.150001525878906,63.150001525878906,63.150001525878906,549,0.0,0.0,0.0
2024-07-05 15:40:00-04:00,63.13999938964844,63.13999938964844,63.119998931884766,63.119998931884766,927,0.0,0.0,0.0
2024-07-05 15:45:00-04:00,63.15810012817383,63.15810012817383,63.15810012817383,63.15810012817383,506,0.0,0.0,0.0
2024-07-05 15:50:00-04:00,63.150001525878906,63.150001525878906,63.099998474121094,63.099998474121094,1297,0.0,0.0,0.0
2024-07-05 15:55:00-04:00,63.095001220703125,63.15999984741211,63.095001220703125,63.13999938964844,1012,0.0,0.0,0.0
2024-07-08 09:30:00-04:00,63.150001525878906,63.150001525878906,63.018798828125,63.018798828125,0,0.0,0.0,0.0
2024-07-08 09:35:00-04:00,63.123199462890625,63.123199462890625,63.123199462890625,63.123199462890625,346,0.0,0.0,0.0
2024-07-08 09:50:00-04:00,63.154998779296875,63.17620086669922,63.100101470947266,63.17620086669922,730,0.0,0.0,0.0
2024-07-08 10:00:00-04:00,63.18000030517578,63.18000030517578,63.18000030517578,63.18000030517578,601,0.0,0.0,0.0
2024-07-08 10:10:00-04:00,63.1416015625,63.1416015625,63.1416015625,63.1416015625,156,0.0,0.0,0.0
2024-07-08 10:15:00-04:00,63.18000030517578,63.22999954223633,63.18000030517578,63.22999954223633,340,0.0,0.0,0.0
2024-07-08 10:20:00-04:00,63.189998626708984,63.189998626708984,63.17499923706055,63.18000030517578,1239,0.0,0.0,0.0
2024-07-08 10:25:00-04:00,63.22359848022461,63.22359848022461,63.22359848022461,63.22359848022461,315,0.0,0.0,0.0
2024-07-08 10:35:00-04:00,63.16999816894531,63.16999816894531,63.15999984741211,63.15999984741211,925,0.0,0.0,0.0
2024-07-08 10:40:00-04:00,63.150001525878906,63.150001525878906,63.04999923706055,63.060001373291016,15055,0.0,0.0,0.0
2024-07-08 10:45:00-04:00,63.099998474121094,63.130001068115234,63.02090072631836,63.119998931884766,9604,0.0,0.0,0.0
2024-07-08 10:50:00-04:00,63.11000061035156,63.11000061035156,63.11000061035156,63.11000061035156,0,0.0,0.0,0.0
2024-07-08 10:55:00-04:00,63.11000061035156,63.11000061035156,63.11000061035156,63.11000061035156,35008,0.0,0.0,0.0
2024-07-08 11:00:00-04:00,63.150001525878906,63.150001525878906,63.119998931884766,63.130001068115234,1697,0.0,0.0,0.0
2024-07-08 11:05:00-04:00,63.119998931884766,63.119998931884766,63.119998931884766,63.119998931884766,270,0.0,0.0,0.0
2024-07-08 11:15:00-04:00,63.11000061035156,63.11000061035156,63.11000061035156,63.11000061035156,227,0.0,0.0,0.0
2024-07-08 11:20:00-04:00,63.135398864746094,63.135398864746094,63.11000061035156,63.1150016784668,1224,0.0,0.0,0.0
2024-07-08 11:30:00-04:00,63.11000061035156,63.11000061035156,63.11000061035156,63.11000061035156,684,0.0,0.0,0.0
2024-07-08 11:40:00-04:00,63.05009841918945,63.05009841918945,63.05009841918945,63.05009841918945,180,0.0,0.0,0.0
2024-07-08 11:45:00-04:00,63.13990020751953,63.13990020751953,63.09669876098633,63.09669876098633,792,0.0,0.0,0.0
2024-07-08 11:50:00-04:00,63.125,63.158599853515625,63.125,63.158599853515625,1342,0.0,0.0,0.0
2024-07-08 11:55:00-04:00,63.125,63.14390182495117,63.125,63.14390182495117,998,0.0,0.0,0.0
2024-07-08 12:00:00-04:00,63.14860153198242,63.14860153198242,63.13800048828125,63.13800048828125,859,0.0,0.0,0.0
2024-07-08 12:05:00-04:00,63.09000015258789,63.09000015258789,63.09000015258789,63.09000015258789,475,0.0,0.0,0.0
2024-07-08 12:20:00-04:00,63.029998779296875,63.029998779296875,63.029998779296875,63.029998779296875,372,0.0,0.0,0.0
2024-07-08 12:25:00-04:00,63.11989974975586,63.11989974975586,63.10960006713867,63.10960006713867,928,0.0,0.0,0.0
2024-07-08 12:40:00-04:00,63.11000061035156,63.11000061035156,63.11000061035156,63.11000061035156,165,0.0,0.0,0.0
2024-07-08 12:45:00-04:00,63.048500061035156,63.1083984375,63.048500061035156,63.1083984375,856,0.0,0.0,0.0
2024-07-08 13:05:00-04:00,63.04669952392578,63.095001220703125,63.04669952392578,63.095001220703125,604,0.0,0.0,0.0
2024-07-08 13:10:00-04:00,63.11000061035156,63.11000061035156,63.11000061035156,63.11000061035156,200,0.0,0.0,0.0
2024-07-08 13:15:00-04:00,63.04010009765625,63.095001220703125,63.04010009765625,63.04010009765625,3187,0.0,0.0,0.0
2024-07-08 13:20:00-04:00,63.095001220703125,63.095001220703125,63.04010009765625,63.04010009765625,865,0.0,0.0,0.0
2024-07-08 13:25:00-04:00,63.1349983215332,63.1349983215332,63.10169982910156,63.1349983215332,876,0.0,0.0,0.0
2024-07-08 13:35:00-04:00,63.109901428222656,63.109901428222656,63.109901428222656,63.109901428222656,546,0.0,0.0,0.0
2024-07-08 13:50:00-04:00,63.100101470947266,63.100101470947266,63.100101470947266,63.100101470947266,281,0.0,0.0,0.0
2024-07-08 14:10:00-04:00,63.13999938964844,63.16999816894531,63.13999938964844,63.13999938964844,2911,0.0,0.0,0.0
2024-07-08 14:15:00-04:00,63.154998779296875,63.154998779296875,63.13010025024414,63.13010025024414,690,0.0,0.0,0.0
2024-07-08 14:25:00-04:00,63.13999938964844,63.13999938964844,63.0724983215332,63.125,3129,0.0,0.0,0.0
2024-07-08 14:30:00-04:00,63.1349983215332,63.13999938964844,63.099998474121094,63.099998474121094,3964,0.0,0.0,0.0
2024-07-08 14:35:00-04:00,63.119998931884766,63.119998931884766,63.119998931884766,63.119998931884766,592,0.0,0.0,0.0
2024-07-08 14:40:00-04:00,63.130001068115234,63.130001068115234,63.04999923706055,63.04999923706055,4380,0.0,0.0,0.0
2024-07-08 14:45:00-04:00,63.09000015258789,63.095001220703125,63.05690002441406,63.05690002441406,1112,0.0,0.0,0.0
2024-07-08 14:55:00-04:00,63.023399353027344,63.188201904296875,63.023399353027344,63.188201904296875,945,0.0,0.0,0.0
2024-07-08 15:00:00-04:00,63.18989944458008,63.18989944458008,63.10499954223633,63.10499954223633,506,0.0,0.0,0.0
2024-07-08 15:05:00-04:00,63.130001068115234,63.130001068115234,63.130001068115234,63.130001068115234,366,0.0,0.0,0.0
2024-07-08 15:10:00-04:00,63.11009979248047,63.11009979248047,63.11009979248047,63.11009979248047,125,0.0,0.0,0.0
2024-07-08 15:15:00-04:00,63.119998931884766,63.1599006652832,63.0,63.07500076293945,7915,0.0,0.0,0.0
2024-07-08 15:25:00-04:00,63.13999938964844,63.13999938964844,63.022499084472656,63.022499084472656,1594,0.0,0.0,0.0
2024-07-08 15:30:00-04:00,63.01100158691406,63.125701904296875,63.00830078125,63.064998626708984,2643,0.0,0.0,0.0
2024-07-08 15:35:00-04:00,63.09000015258789,63.150001525878906,63.0536003112793,63.149898529052734,108771,0.0,0.0,0.0
2024-07-08 15:40:00-04:00,63.07500076293945,63.07500076293945,63.07500076293945,63.07500076293945,709,0.0,0.0,0.0
2024-07-08 15:50:00-04:00,63.102699279785156,63.168800354003906,63.01679992675781,63.01679992675781,1761,0.0,0.0,0.0
2024-07-08 15:55:00-04:00,63.179100036621094,63.179100036621094,63.099998474121094,63.16999816894531,2040,0.0,0.0,0.0
2024-07-09 09:30:00-04:00,63.18000030517578,63.18000030517578,63.099998474121094,63.154998779296875,4011,0.0,0.0,0.0
2024-07-09 09:35:00-04:00,63.21549987792969,63.21549987792969,63.21549987792969,63.21549987792969,803,0.0,0.0,0.0
2024-07-09 09:55:00-04:00,63.16999816894531,63.16999816894531,63.16999816894531,63.16999816894531,297,0.0,0.0,0.0
2024-07-09 10:05:00-04:00,63.31269836425781,63.31269836425781,63.31269836425781,63.31269836425781,356,0.0,0.0,0.0
2024-07-09 10:10:00-04:00,63.2400016784668,63.2400016784668,63.2400016784668,63.2400016784668,417,0.0,0.0,0.0
2024-07-09 10:20:00-04:00,63.23249816894531,63.23249816894531,63.23249816894531,63.23249816894531,1010,0.0,0.0,0.0
2024-07-09 10:25:00-04:00,63.2400016784668,63.2400016784668,63.2400016784668,63.2400016784668,217,0.0,0.0,0.0
2024-07-09 10:30:00-04:00,63.27000045776367,63.28990173339844,63.2400016784668,63.2599983215332,2822,0.0,0.0,0.0
2024-07-09 10:35:00-04:00,63.27000045776367,63.33000183105469,63.23899841308594,63.23899841308594,2284,0.0,0.0,0.0
2024-07-09 10:40:00-04:00,63.31999969482422,63.34000015258789,63.31999969482422,63.34000015258789,2967,0.0,0.0,0.0
2024-07-09 10:50:00-04:00,63.387901306152344,63.387901306152344,63.387901306152344,63.387901306152344,349,0.0,0.0,0.0
2024-07-09 11:00:00-04:00,63.369998931884766,63.369998931884766,63.3401985168457,63.3401985168457,859,0.0,0.0,0.0
2024-07-09 11:05:00-04:00,63.34000015258789,63.34000015258789,63.31669998168945,63.31669998168945,629,0.0,0.0,0.0
2024-07-09 11:10:00-04:00,63.37269973754883,63.400001525878906,63.37269973754883,63.400001525878906,1710,0.0,0.0,0.0
2024-07-09 11:15:00-04:00,63.34550094604492,63.43000030517578,63.34550094604492,63.360801696777344,2174,0.0,0.0,0.0
2024-07-09 11:20:00-04:00,63.34450149536133,63.4286994934082,63.34450149536133,63.380001068115234,1574,0.0,0.0,0.0
2024-07-09 11:25:00-04:00,63.380001068115234,63.380001068115234,63.334999084472656,63.334999084472656,1459,0.0,0.0,0.0
2024-07-09 11:30:00-04:00,63.39870071411133,63.39870071411133,63.39870071411133,63.39870071411133,393,0.0,0.0,0.0
2024-07-09 11:40:00-04:00,63.34000015258789,63.34000015258789,63.34000015258789,63.34000015258789,4177,0.0,0.0,0.0
2024-07-09 11:45:00-04:00,63.34349822998047,63.38800048828125,63.304298400878906,63.38800048828125,1742,0.0,0.0,0.0
2024-07-09 11:50:00-04:00,63.369998931884766,63.415000915527344,63.369998931884766,63.415000915527344,457,0.0,0.0,0.0
2024-07-09 11:55:00-04:00,63.415000915527344,63.45000076293945,63.415000915527344,63.415000915527344,5724,0.0,0.0,0.0
2024-07-09 12:05:00-04:00,63.42499923706055,63.42499923706055,63.38999938964844,63.38999938964844,406,0.0,0.0,0.0
2024-07-09 12:10:00-04:00,63.439998626708984,63.44559860229492,63.410099029541016,63.410099029541016,1512,0.0,0.0,0.0
2024-07-09 12:20:00-04:00,63.439998626708984,63.439998626708984,63.43360137939453,63.43360137939453,365,0.0,0.0,0.0
2024-07-09 12:25:00-04:00,63.40999984741211,63.435001373291016,63.40999984741211,63.40999984741211,2532,0.0,0.0,0.0
2024-07-09 12:30:00-04:00,63.40999984741211,63.40999984741211,63.31999969482422,63.38999938964844,9756,0.0,0.0,0.0
2024-07-09 12:35:00-04:00,63.380001068115234,63.380001068115234,63.33000183105469,63.349998474121094,5641,0.0,0.0,0.0
2024-07-09 12:40:00-04:00,63.38750076293945,63.4296989440918,63.330101013183594,63.349998474121094,5385,0.0,0.0,0.0
2024-07-09 12:45:00-04:00,63.31610107421875,63.399898529052734,63.29999923706055,63.399898529052734,2504,0.0,0.0,0.0
2024-07-09 12:50:00-04:00,63.380001068115234,63.3849983215332,63.380001068115234,63.3849983215332,475,0.0,0.0,0.0
2024-07-09 12:55:00-04:00,63.34370040893555,63.36000061035156,63.34370040893555,63.349998474121094,542,0.0,0.0,0.0
2024-07-09 13:00:00-04:00,63.41999816894531,63.41999816894531,63.41999816894531,63.41999816894531,1416,0.0,0.0,0.0
2024-07-09 13:05:00-04:00,63.41999816894531,63.42499923706055,63.41999816894531,63.42499923706055,1352,0.0,0.0,0.0
2024-07-09 13:10:00-04:00,63.369998931884766,63.369998931884766,63.369998931884766,63.369998931884766,338,0.0,0.0,0.0
2024-07-09 13:15:00-04:00,63.41999816894531,63.41999816894531,63.41999816894531,63.41999816894531,167,0.0,0.0,0.0
2024-07-09 13:20:00-04:00,63.39889907836914,63.41999816894531,63.36000061035156,63.36000061035156,1274,0.0,0.0,0.0
2024-07-09 13:25:00-04:00,63.3400993347168,63.40999984741211,63.3400993347168,63.40999984741211,281,0.0,0.0,0.0
2024-07-09 13:35:00-04:00,63.42959976196289,63.42959976196289,63.42959976196289,63.42959976196289,131,0.0,0.0,0.0
2024-07-09 13:40:00-04:00,63.380001068115234,63.41999816894531,63.380001068115234,63.41999816894531,1017,0.0,0.0,0.0
2024-07-09 13:50:00-04:00,63.40829849243164,63.40829849243164,63.40829849243164,63.40829849243164,391,0.0,0.0,0.0
2024-07-09 14:00:00-04:00,63.34000015258789,63.34000015258789,63.34000015258789,63.34000015258789,300,0.0,0.0,0.0
2024-07-09 14:05:00-04:00,63.33399963378906,63.40999984741211,63.31520080566406,63.31520080566406,6805,0.0,0.0,0.0
2024-07-09 14:10:00-04:00,63.400001525878906,63.400001525878906,63.32500076293945,63.384700775146484,643,0.0,0.0,0.0
2024-07-09 14:20:00-04:00,63.28369903564453,63.28369903564453,63.28369903564453,63.28369903564453,315,0.0,0.0,0.0
2024-07-09 14:25:00-04:00,63.34000015258789,63.34000015258789,63.31930160522461,63.31930160522461,1324,0.0,0.0,0.0
2024-07-09 14:30:00-04:00,63.349998474121094,63.380001068115234,63.349998474121094,63.380001068115234,500,0.0,0.0,0.0
2024-07-09 14:35:00-04:00,63.347999572753906,63.347999572753906,63.32550048828125,63.32550048828125,773,0.0,0.0,0.0
2024-07-09 14:40:00-04:00,63.369998931884766,63.380001068115234,63.30009841918945,63.380001068115234,3135,0.0,0.0,0.0
2024-07-09 14:50:00-04:00,63.37799835205078,63.380001068115234,63.34809875488281,63.36000061035156,1350,0.0,0.0,0.0
2024-07-09 14:55:00-04:00,63.369998931884766,63.369998931884766,63.36000061035156,63.36000061035156,528,0.0,0.0,0.0
2024-07-09 15:00:00-04:00,63.30619812011719,63.380001068115234,63.30619812011719,63.380001068115234,900,0.0,0.0,0.0
2024-07-09 15:05:00-04:00,63.398799896240234,63.398799896240234,63.345001220703125,63.380001068115234,1413,0.0,0.0,0.0
2024-07-09 15:10:00-04:00,63.380001068115234,63.380001068115234,63.369998931884766,63.369998931884766,708,0.0,0.0,0.0
2024-07-09 15:15:00-04:00,63.31999969482422,63.349998474121094,63.31999969482422,63.349998474121094,240940,0.0,0.0,0.0
2024-07-09 15:20:00-04:00,63.33000183105469,63.33000183105469,63.33000183105469,63.33000183105469,442,0.0,0.0,0.0
2024-07-09 15:25:00-04:00,63.33000183105469,63.34000015258789,63.310001373291016,63.34000015258789,120736,0.0,0.0,0.0
2024-07-09 15:30:00-04:00,63.34000015258789,63.369998931884766,63.30009841918945,63.369998931884766,5309,0.0,0.0,0.0
2024-07-09 15:35:00-04:00,63.38999938964844,63.38999938964844,63.31999969482422,63.31999969482422,2243,0.0,0.0,0.0
2024-07-09 15:40:00-04:00,63.33000183105469,63.33000183105469,63.33000183105469,63.33000183105469,500,0.0,0.0,0.0
2024-07-09 15:45:00-04:00,63.31999969482422,63.31999969482422,63.279998779296875,63.310001373291016,2644,0.0,0.0,0.0
2024-07-09 15:50:00-04:00,63.33000183105469,63.33000183105469,63.25270080566406,63.31999969482422,417,0.0,0.0,0.0
2024-07-09 15:55:00-04:00,63.290000915527344,63.290000915527344,63.2400016784668,63.279998779296875,19574,0.0,0.0,0.0
2024-07-10 09:30:00-04:00,63.29999923706055,63.48500061035156,63.209999084472656,63.209999084472656,17817,0.0,0.0,0.0
2024-07-10 09:35:00-04:00,63.400001525878906,63.400001525878906,63.400001525878906,63.400001525878906,827,0.0,0.0,0.0
2024-07-10 09:40:00-04:00,63.310001373291016,63.310001373291016,63.2400016784668,63.25,591,0.0,0.0,0.0
2024-07-10 09:45:00-04:00,63.275001525878906,63.275001525878906,63.275001525878906,63.275001525878906,235,0.0,0.0,0.0
2024-07-10 09:50:00-04:00,63.31999969482422,63.31999969482422,63.31999969482422,63.31999969482422,5533,0.0,0.0,0.0
2024-07-10 09:55:00-04:00,63.28499984741211,63.29999923706055,63.2401008605957,63.29999923706055,529,0.0,0.0,0.0
2024-07-10 10:00:00-04:00,63.35749816894531,63.35749816894531,63.33000183105469,63.33000183105469,6161,0.0,0.0,0.0
2024-07-10 10:05:00-04:00,63.34000015258789,63.35499954223633,63.33000183105469,63.34000015258789,1474,0.0,0.0,0.0
2024-07-10 10:10:00-04:00,63.31610107421875,63.34000015258789,63.31610107421875,63.34000015258789,922,0.0,0.0,0.0
2024-07-10 10:15:00-04:00,63.35499954223633,63.35499954223633,63.33000183105469,63.33000183105469,636,0.0,0.0,0.0
2024-07-10 10:20:00-04:00,63.34000015258789,63.36909866333008,63.323299407958984,63.36909866333008,1469,0.0,0.0,0.0
2024-07-10 10:25:00-04:00,63.29999923706055,63.29999923706055,63.28499984741211,63.28499984741211,305,0.0,0.0,0.0
2024-07-10 10:30:00-04:00,63.2599983215332,63.28499984741211,63.2599983215332,63.28499984741211,674,0.0,0.0,0.0
2024-07-10 10:35:00-04:00,63.369598388671875,63.369598388671875,63.369598388671875,63.369598388671875,674,0.0,0.0,0.0
2024-07-10 10:40:00-04:00,63.314998626708984,63.346500396728516,63.314998626708984,63.34000015258789,1379,0.0,0.0,0.0
2024-07-10 10:50:00-04:00,63.33000183105469,63.33000183105469,63.33000183105469,63.33000183105469,211,0.0,0.0,0.0
2024-07-10 10:55:00-04:00,63.31999969482422,63.31999969482422,63.310001373291016,63.310001373291016,674,0.0,0.0,0.0
2024-07-10 11:10:00-04:00,63.34989929199219,63.34989929199219,63.34989929199219,63.34989929199219,483,0.0,0.0,0.0
2024-07-10 11:15:00-04:00,63.231998443603516,63.339900970458984,63.231998443603516,63.339900970458984,1474,0.0,0.0,0.0
2024-07-10 11:20:00-04:00,63.25,63.338600158691406,63.25,63.338600158691406,545,0.0,0.0,0.0
2024-07-10 11:25:00-04:00,63.339900970458984,63.339900970458984,63.339900970458984,63.339900970458984,643,0.0,0.0,0.0
2024-07-10 11:35:00-04:00,63.31999969482422,63.33000183105469,63.28329849243164,63.28329849243164,4552,0.0,0.0,0.0
2024-07-10 11:45:00-04:00,63.279998779296875,63.279998779296875,63.279998779296875,63.279998779296875,497,0.0,0.0,0.0
2024-07-10 11:50:00-04:00,63.327999114990234,63.327999114990234,63.327999114990234,63.327999114990234,893,0.0,0.0,0.0
2024-07-10 12:00:00-04:00,63.263999938964844,63.279998779296875,63.263999938964844,63.279998779296875,586,0.0,0.0,0.0
2024-07-10 12:15:00-04:00,63.33549880981445,63.369998931884766,63.315799713134766,63.315799713134766,1385,0.0,0.0,0.0
2024-07-10 12:20:00-04:00,63.34000015258789,63.3650016784668,63.33000183105469,63.349998474121094,2774,0.0,0.0,0.0
2024-07-10 12:25:00-04:00,63.349998474121094,63.349998474121094,63.349998474121094,63.349998474121094,1109,0.0,0.0,0.0
2024-07-10 12:30:00-04:00,63.36000061035156,63.36000061035156,63.251399993896484,63.279998779296875,4082,0.0,0.0,0.0
2024-07-10 12:35:00-04:00,63.2599983215332,63.349998474121094,63.2599983215332,63.279598236083984,4482,0.0,0.0,0.0
2024-07-10 12:40:00-04:00,63.36000061035156,63.36000061035156,63.31999969482422,63.31999969482422,1234,0.0,0.0,0.0
2024-07-10 12:45:00-04:00,63.34000015258789,63.36000061035156,63.34000015258789,63.36000061035156,475,0.0,0.0,0.0
2024-07-10 12:50:00-04:00,63.38999938964844,63.38999938964844,63.349998474121094,63.36000061035156,1090,0.0,0.0,0.0
2024-07-10 12:55:00-04:00,63.400001525878906,63.400001525878906,63.400001525878906,63.400001525878906,434,0.0,0.0,0.0
2024-07-10 13:00:00-04:00,63.418701171875,63.418701171875,63.39440155029297,63.39440155029297,810,0.0,0.0,0.0
2024-07-10 13:05:00-04:00,63.41999816894531,63.46989822387695,63.40999984741211,63.43000030517578,1617,0.0,0.0,0.0
2024-07-10 13:10:00-04:00,63.43000030517578,63.444801330566406,63.41230010986328,63.444801330566406,1313,0.0,0.0,0.0
2024-07-10 13:15:00-04:00,63.41999816894531,63.41999816894531,63.41999816894531,63.41999816894531,539,0.0,0.0,0.0
2024-07-10 13:20:00-04:00,63.470001220703125,63.470001220703125,63.40999984741211,63.40999984741211,4467,0.0,0.0,0.0
2024-07-10 13:25:00-04:00,63.41999816894531,63.41999816894531,63.40999984741211,63.40999984741211,230,0.0,0.0,0.0
2024-07-10 13:30:00-04:00,63.400001525878906,63.400001525878906,63.38999938964844,63.38999938964844,328,0.0,0.0,0.0
2024-07-10 13:35:00-04:00,63.38999938964844,63.40999984741211,63.38999938964844,63.38999938964844,1065,0.0,0.0,0.0
2024-07-10 13:45:00-04:00,63.390098571777344,63.45819854736328,63.390098571777344,63.45819854736328,1583,0.0,0.0,0.0
2024-07-10 13:50:00-04:00,63.470001220703125,63.470001220703125,63.470001220703125,63.470001220703125,596,0.0,0.0,0.0
2024-07-10 13:55:00-04:00,63.41999816894531,63.41999816894531,63.41999816894531,63.41999816894531,360,0.0,0.0,0.0
2024-07-10 14:05:00-04:00,63.439998626708984,63.469600677490234,63.42789840698242,63.469600677490234,1112,0.0,0.0,0.0
2024-07-10 14:10:00-04:00,63.46839904785156,63.46839904785156,63.46839904785156,63.46839904785156,728,0.0,0.0,0.0
2024-07-10 14:15:00-04:00,63.40999984741211,63.40999984741211,63.40999984741211,63.40999984741211,401,0.0,0.0,0.0
2024-07-10 14:20:00-04:00,63.38999938964844,63.402099609375,63.38999938964844,63.402099609375,1009,0.0,0.0,0.0
2024-07-10 14:40:00-04:00,63.332401275634766,63.43830108642578,63.303001403808594,63.43830108642578,2059,0.0,0.0,0.0
2024-07-10 14:45:00-04:00,63.415000915527344,63.415000915527344,63.415000915527344,63.415000915527344,161,0.0,0.0,0.0
2024-07-10 14:50:00-04:00,63.380001068115234,63.41999816894531,63.380001068115234,63.41999816894531,1969,0.0,0.0,0.0
2024-07-10 15:00:00-04:00,63.41999816894531,63.41999816894531,63.41999816894531,63.41999816894531,505,0.0,0.0,0.0
2024-07-10 15:05:00-04:00,63.371700286865234,63.439998626708984,63.371700286865234,63.439998626708984,636,0.0,0.0,0.0
2024-07-10 15:10:00-04:00,63.42499923706055,63.44499969482422,63.400001525878906,63.400001525878906,4685,0.0,0.0,0.0
2024-07-10 15:15:00-04:00,63.34000015258789,63.44499969482422,63.34000015258789,63.43000030517578,117691,0.0,0.0,0.0
2024-07-10 15:20:00-04:00,63.45000076293945,63.45000076293945,63.400001525878906,63.435001373291016,2774,0.0,0.0,0.0
2024-07-10 15:25:00-04:00,63.435001373291016,63.435001373291016,63.400001525878906,63.41849899291992,2005,0.0,0.0,0.0
2024-07-10 15:30:00-04:00,63.4114990234375,63.4114990234375,63.4114990234375,63.4114990234375,250,0.0,0.0,0.0
2024-07-10 15:35:00-04:00,63.439998626708984,63.439998626708984,63.400001525878906,63.400001525878906,910,0.0,0.0,0.0
2024-07-10 15:40:00-04:00,63.41210174560547,63.41210174560547,63.41210174560547,63.41210174560547,179,0.0,0.0,0.0
2024-07-10 15:45:00-04:00,63.410499572753906,63.42499923706055,63.4015007019043,63.42499923706055,1007,0.0,0.0,0.0
2024-07-10 15:50:00-04:00,63.42499923706055,63.45000076293945,63.42499923706055,63.439998626708984,891,0.0,0.0,0.0
2024-07-10 15:55:00-04:00,63.45000076293945,63.45000076293945,63.45000076293945,63.45000076293945,2884,0.0,0.0,0.0
2024-07-11 09:30:00-04:00,63.459999084472656,63.470001220703125,63.43000030517578,63.470001220703125,1591,0.0,0.0,0.0
2024-07-11 09:40:00-04:00,63.29999923706055,63.29999923706055,63.29999923706055,63.29999923706055,173,0.0,0.0,0.0
2024-07-11 09:45:00-04:00,63.18000030517578,63.345001220703125,63.18000030517578,63.18000030517578,5020,0.0,0.0,0.0
2024-07-11 09:50:00-04:00,63.24470138549805,63.24470138549805,63.24470138549805,63.24470138549805,252,0.0,0.0,0.0
2024-07-11 09:55:00-04:00,63.178001403808594,63.178001403808594,63.178001403808594,63.178001403808594,1096,0.0,0.0,0.0
2024-07-11 10:00:00-04:00,63.15999984741211,63.15999984741211,63.15999984741211,63.15999984741211,337,0.0,0.0,0.0
2024-07-11 10:05:00-04:00,63.165000915527344,63.165000915527344,63.154998779296875,63.154998779296875,1223,0.0,0.0,0.0
2024-07-11 10:10:00-04:00,63.16999816894531,63.16999816894531,63.16999816894531,63.16999816894531,296,0.0,0.0,0.0
2024-07-11 10:15:00-04:00,63.060001373291016,63.060001373291016,63.060001373291016,63.060001373291016,200,0.0,0.0,0.0
2024-07-11 10:20:00-04:00,63.08000183105469,63.08000183105469,63.04999923706055,63.04999923706055,854,0.0,0.0,0.0
2024-07-11 10:25:00-04:00,63.04999923706055,63.04999923706055,63.02000045776367,63.040000915527344,897,0.0,0.0,0.0
2024-07-11 10:30:00-04:00,63.08000183105469,63.08000183105469,63.08000183105469,63.08000183105469,695,0.0,0.0,0.0
2024-07-11 10:35:00-04:00,63.04999923706055,63.060001373291016,63.040000915527344,63.04999923706055,1922,0.0,0.0,0.0
2024-07-11 10:40:00-04:00,63.040000915527344,63.040000915527344,62.959999084472656,62.959999084472656,4798,0.0,0.0,0.0
2024-07-11 10:45:00-04:00,62.91999816894531,62.91999816894531,62.91999816894531,62.91999816894531,255,0.0,0.0,0.0
2024-07-11 10:50:00-04:00,63.0099983215332,63.079898834228516,63.0,63.029998779296875,1555,0.0,0.0,0.0
2024-07-11 10:55:00-04:00,63.0099983215332,63.0099983215332,63.0,63.0,725,0.0,0.0,0.0
2024-07-11 11:00:00-04:00,62.95500183105469,62.970001220703125,62.95500183105469,62.959999084472656,2561,0.0,0.0,0.0
2024-07-11 11:05:00-04:00,62.970001220703125,62.970001220703125,62.90999984741211,62.95000076293945,14171,0.0,0.0,0.0
2024-07-11 11:10:00-04:00,62.95000076293945,62.97999954223633,62.92499923706055,62.959999084472656,1742,0.0,0.0,0.0
2024-07-11 11:15:00-04:00,62.970001220703125,62.97999954223633,62.95000076293945,62.95000076293945,922,0.0,0.0,0.0
2024-07-11 11:20:00-04:00,62.94499969482422,62.959999084472656,62.90999984741211,62.91999816894531,843,0.0,0.0,0.0
2024-07-11 11:25:00-04:00,62.86280059814453,62.947200775146484,62.86280059814453,62.91999816894531,2781,0.0,0.0,0.0
2024-07-11 11:30:00-04:00,62.93600082397461,62.970001220703125,62.93000030517578,62.95000076293945,1548,0.0,0.0,0.0
2024-07-11 11:35:00-04:00,62.95000076293945,62.95000076293945,62.93000030517578,62.95000076293945,801,0.0,0.0,0.0
2024-07-11 11:40:00-04:00,62.95000076293945,62.96200180053711,62.90010070800781,62.96200180053711,10204,0.0,0.0,0.0
2024-07-11 11:45:00-04:00,62.95500183105469,62.97999954223633,62.95500183105469,62.95759963989258,1544,0.0,0.0,0.0
2024-07-11 12:00:00-04:00,62.959999084472656,62.970001220703125,62.959999084472656,62.970001220703125,240,0.0,0.0,0.0
2024-07-11 12:05:00-04:00,62.935001373291016,62.935001373291016,62.900001525878906,62.900001525878906,3766,0.0,0.0,0.0
2024-07-11 12:10:00-04:00,62.95000076293945,62.95000076293945,62.90999984741211,62.939998626708984,3803,0.0,0.0,0.0
2024-07-11 12:15:00-04:00,62.93000030517578,62.93000030517578,62.900001525878906,62.90010070800781,952,0.0,0.0,0.0
2024-07-11 12:20:00-04:00,62.935001373291016,62.935001373291016,62.935001373291016,62.935001373291016,349,0.0,0.0,0.0
2024-07-11 12:25:00-04:00,62.939998626708984,62.97919845581055,62.88999938964844,62.95500183105469,63615,0.0,0.0,0.0
2024-07-11 12:40:00-04:00,62.95000076293945,62.95000076293945,62.95000076293945,62.95000076293945,274,0.0,0.0,0.0
2024-07-11 12:45:00-04:00,62.88999938964844,62.88999938964844,62.88999938964844,62.88999938964844,0,0.0,0.0,0.0
2024-07-11 12:50:00-04:00,62.86000061035156,62.86000061035156,62.86000061035156,62.86000061035156,132586,0.0,0.0,0.0
2024-07-11 12:55:00-04:00,62.857601165771484,62.857601165771484,62.857601165771484,62.857601165771484,159,0.0,0.0,0.0
2024-07-11 13:00:00-04:00,62.89500045776367,62.90999984741211,62.820098876953125,62.90999984741211,2259,0.0,0.0,0.0
2024-07-11 13:05:00-04:00,62.849998474121094,62.849998474121094,62.849998474121094,62.849998474121094,1980,0.0,0.0,0.0
2024-07-11 13:15:00-04:00,62.869998931884766,62.869998931884766,62.869998931884766,62.869998931884766,475,0.0,0.0,0.0
2024-07-11 13:20:00-04:00,62.88690185546875,62.91310119628906,62.869998931884766,62.869998931884766,959,0.0,0.0,0.0
2024-07-11 13:25:00-04:00,62.86000061035156,62.86000061035156,62.86000061035156,62.86000061035156,291,0.0,0.0,0.0
2024-07-11 13:30:00-04:00,62.880001068115234,62.880001068115234,62.880001068115234,62.880001068115234,196,0.0,0.0,0.0
2024-07-11 13:35:00-04:00,62.86000061035156,62.86000061035156,62.86000061035156,62.86000061035156,273,0.0,0.0,0.0
2024-07-11 13:40:00-04:00,62.86320114135742,62.86320114135742,62.86320114135742,62.86320114135742,194,0.0,0.0,0.0
2024-07-11 13:45:00-04:00,62.86000061035156,62.86000061035156,62.86000061035156,62.86000061035156,1707,0.0,0.0,0.0
2024-07-11 13:50:00-04:00,62.81999969482422,62.84000015258789,62.779998779296875,62.79999923706055,1899,0.0,0.0,0.0
2024-07-11 13:55:00-04:00,62.73870086669922,62.73870086669922,62.73870086669922,62.73870086669922,104,0.0,0.0,0.0
2024-07-11 14:00:00-04:00,62.7400016784668,62.7400016784668,62.7400016784668,62.7400016784668,609,0.0,0.0,0.0
2024-07-11 14:05:00-04:00,62.77000045776367,62.779998779296875,62.7599983215332,62.77000045776367,4130,0.0,0.0,0.0
2024-07-11 14:10:00-04:00,62.7400016784668,62.7400016784668,62.727500915527344,62.727500915527344,424,0.0,0.0,0.0
2024-07-11 14:15:00-04:00,62.73500061035156,62.779998779296875,62.73500061035156,62.779998779296875,1272,0.0,0.0,0.0
2024-07-11 14:20:00-04:00,62.77989959716797,62.779998779296875,62.7599983215332,62.7599983215332,2804,0.0,0.0,0.0
2024-07-11 14:25:00-04:00,62.7599983215332,62.779998779296875,62.74800109863281,62.7599983215332,10904,0.0,0.0,0.0
2024-07-11 14:35:00-04:00,62.779998779296875,62.779998779296875,62.744998931884766,62.744998931884766,881,0.0,0.0,0.0
2024-07-11 14:40:00-04:00,62.77880096435547,62.779998779296875,62.77299880981445,62.779998779296875,2498,0.0,0.0,0.0
2024-07-11 14:45:00-04:00,62.779998779296875,62.779998779296875,62.779998779296875,62.779998779296875,896,0.0,0.0,0.0
2024-07-11 14:50:00-04:00,62.779998779296875,62.779998779296875,62.77909851074219,62.77909851074219,483,0.0,0.0,0.0
2024-07-11 14:55:00-04:00,62.77149963378906,62.77149963378906,62.77149963378906,62.77149963378906,296,0.0,0.0,0.0
2024-07-11 15:00:00-04:00,62.779998779296875,62.779998779296875,62.77989959716797,62.77989959716797,1777,0.0,0.0,0.0
2024-07-11 15:05:00-04:00,62.810001373291016,62.95000076293945,62.810001373291016,62.95000076293945,598,0.0,0.0,0.0
2024-07-11 15:10:00-04:00,62.858299255371094,62.91749954223633,62.858299255371094,62.90999984741211,480,0.0,0.0,0.0
2024-07-11 15:15:00-04:00,62.86009979248047,62.939998626708984,62.86009979248047,62.9275016784668,2707,0.0,0.0,0.0
2024-07-11 15:20:00-04:00,62.90999984741211,62.945098876953125,62.88999938964844,62.88999938964844,1763,0.0,0.0,0.0
2024-07-11 15:25:00-04:00,62.90999984741211,62.90999984741211,62.849998474121094,62.849998474121094,716,0.0,0.0,0.0
2024-07-11 15:35:00-04:00,62.8400993347168,62.944000244140625,62.8400993347168,62.900001525878906,3491,0.0,0.0,0.0
2024-07-11 15:40:00-04:00,62.900001525878906,62.900001525878906,62.810001373291016,62.84000015258789,5869,0.0,0.0,0.0
2024-07-11 15:45:00-04:00,62.83000183105469,62.869598388671875,62.790000915527344,62.83000183105469,5739,0.0,0.0,0.0
2024-07-11 15:50:00-04:00,62.849998474121094,62.849998474121094,62.84170150756836,62.84170150756836,1205,0.0,0.0,0.0
2024-07-11 15:55:00-04:00,62.900001525878906,62.900001525878906,62.709999084472656,62.709999084472656,1880,0.0,0.0,0.0
2024-07-12 09:30:00-04:00,62.970001220703125,62.970001220703125,62.84320068359375,62.84320068359375,6095,0.0,0.0,0.0
2024-07-12 09:35:00-04:00,62.970001220703125,63.0,62.79999923706055,62.88999938964844,28386,0.0,0.0,0.0
2024-07-12 09:40:00-04:00,62.88999938964844,62.88999938964844,62.88999938964844,62.88999938964844,712,0.0,0.0,0.0
2024-07-12 09:45:00-04:00,62.84170150756836,62.84170150756836,62.84170150756836,62.84170150756836,219,0.0,0.0,0.0
2024-07-12 09:50:00-04:00,62.87810134887695,62.87810134887695,62.87810134887695,62.87810134887695,2738,0.0,0.0,0.0
2024-07-12 09:55:00-04:00,62.977699279785156,63.0,62.90999984741211,63.0,462,0.0,0.0,0.0
2024-07-12 10:00:00-04:00,63.11000061035156,63.11000061035156,62.849998474121094,62.95000076293945,1188,0.0,0.0,0.0
2024-07-12 10:10:00-04:00,62.90999984741211,62.939998626708984,62.869998931884766,62.880001068115234,1601,0.0,0.0,0.0
2024-07-12 10:15:00-04:00,62.939998626708984,62.939998626708984,62.72570037841797,62.904998779296875,3443,0.0,0.0,0.0
2024-07-12 10:20:00-04:00,62.900001525878906,62.900001525878906,62.81999969482422,62.81999969482422,5741,0.0,0.0,0.0
2024-07-12 10:25:00-04:00,62.83000183105469,62.849998474121094,62.81999969482422,62.84000015258789,2453,0.0,0.0,0.0
2024-07-12 10:30:00-04:00,62.81999969482422,62.81999969482422,62.810001373291016,62.810001373291016,749,0.0,0.0,0.0
2024-07-12 10:35:00-04:00,62.81999969482422,62.904300689697266,62.81999969482422,62.904300689697266,2123,0.0,0.0,0.0
2024-07-12 10:45:00-04:00,62.92499923706055,62.93410110473633,62.91999816894531,62.91999816894531,2752,0.0,0.0,0.0
2024-07-12 10:50:00-04:00,62.91999816894531,62.91999816894531,62.900001525878906,62.900001525878906,404,0.0,0.0,0.0
2024-07-12 10:55:00-04:00,62.910099029541016,62.910099029541016,62.910099029541016,62.910099029541016,516,0.0,0.0,0.0
2024-07-12 11:00:00-04:00,62.91999816894531,62.96500015258789,62.91999816894531,62.96500015258789,594,0.0,0.0,0.0
2024-07-12 11:05:00-04:00,62.94380187988281,62.94380187988281,62.90999984741211,62.90999984741211,646,0.0,0.0,0.0
2024-07-12 11:10:00-04:00,62.95009994506836,62.970001220703125,62.95009994506836,62.970001220703125,685,0.0,0.0,0.0
2024-07-12 11:25:00-04:00,62.94200134277344,62.94200134277344,62.940101623535156,62.940101623535156,505,0.0,0.0,0.0
2024-07-12 11:35:00-04:00,63.019500732421875,63.019500732421875,62.97999954223633,62.97999954223633,705,0.0,0.0,0.0
2024-07-12 11:40:00-04:00,62.95930099487305,62.95930099487305,62.948001861572266,62.95930099487305,1264,0.0,0.0,0.0
2024-07-12 11:55:00-04:00,63.0099983215332,63.0099983215332,62.970001220703125,62.970001220703125,1618,0.0,0.0,0.0
2024-07-12 12:00:00-04:00,62.939998626708984,63.01860046386719,62.910400390625,62.910400390625,2488,0.0,0.0,0.0
2024-07-12 12:05:00-04:00,62.935001373291016,62.935001373291016,62.935001373291016,62.935001373291016,300,0.0,0.0,0.0
2024-07-12 12:10:00-04:00,62.93000030517578,62.93000030517578,62.93000030517578,62.93000030517578,315,0.0,0.0,0.0
2024-07-12 12:15:00-04:00,62.97999954223633,62.97999954223633,62.94810104370117,62.94839859008789,2126,0.0,0.0,0.0
2024-07-12 12:20:00-04:00,62.910099029541016,62.910099029541016,62.910099029541016,62.910099029541016,313,0.0,0.0,0.0
2024-07-12 12:25:00-04:00,62.939998626708984,62.939998626708984,62.880001068115234,62.880001068115234,1377,0.0,0.0,0.0
2024-07-12 12:30:00-04:00,62.880001068115234,62.9093017578125,62.880001068115234,62.9093017578125,593,0.0,0.0,0.0
2024-07-12 12:35:00-04:00,62.890098571777344,62.890098571777344,62.890098571777344,62.890098571777344,190,0.0,0.0,0.0
2024-07-12 12:45:00-04:00,62.914100646972656,62.914100646972656,62.914100646972656,62.914100646972656,195,0.0,0.0,0.0
2024-07-12 12:55:00-04:00,62.95000076293945,62.95000076293945,62.95000076293945,62.95000076293945,191,0.0,0.0,0.0
2024-07-12 13:00:00-04:00,62.95000076293945,62.95000076293945,62.95000076293945,62.95000076293945,441,0.0,0.0,0.0
2024-07-12 13:05:00-04:00,62.95000076293945,62.95000076293945,62.95000076293945,62.95000076293945,373,0.0,0.0,0.0
2024-07-12 13:10:00-04:00,62.95000076293945,62.95000076293945,62.91999816894531,62.91999816894531,3582,0.0,0.0,0.0
2024-07-12 13:15:00-04:00,62.95000076293945,62.95000076293945,62.95000076293945,62.95000076293945,276,0.0,0.0,0.0
2024-07-12 13:20:00-04:00,62.970001220703125,62.970001220703125,62.88999938964844,62.88999938964844,7147,0.0,0.0,0.0
2024-07-12 13:25:00-04:00,62.95500183105469,62.95500183105469,62.95500183105469,62.95500183105469,449,0.0,0.0,0.0
2024-07-12 13:30:00-04:00,62.96379852294922,62.96379852294922,62.96379852294922,62.96379852294922,260,0.0,0.0,0.0
2024-07-12 13:35:00-04:00,62.97999954223633,62.97999954223633,62.97999954223633,62.97999954223633,465,0.0,0.0,0.0
2024-07-12 13:40:00-04:00,62.971900939941406,62.971900939941406,62.971900939941406,62.971900939941406,5202,0.0,0.0,0.0
2024-07-12 13:45:00-04:00,62.9900016784668,62.9900016784668,62.9900016784668,62.9900016784668,216,0.0,0.0,0.0
2024-07-12 13:50:00-04:00,63.0099983215332,63.040000915527344,62.98059844970703,62.98059844970703,2030,0.0,0.0,0.0
2024-07-12 13:55:00-04:00,62.97999954223633,62.97999954223633,62.97999954223633,62.97999954223633,1953,0.0,0.0,0.0
2024-07-12 14:00:00-04:00,62.99449920654297,62.99449920654297,62.99449920654297,62.99449920654297,395,0.0,0.0,0.0
2024-07-12 14:05:00-04:00,63.0099983215332,63.0099983215332,63.0099983215332,63.0099983215332,430,0.0,0.0,0.0
2024-07-12 14:10:00-04:00,63.02000045776367,63.040000915527344,63.02000045776367,63.040000915527344,564,0.0,0.0,0.0
2024-07-12 14:20:00-04:00,63.010101318359375,63.040000915527344,62.95000076293945,63.040000915527344,7211,0.0,0.0,0.0
2024-07-12 14:25:00-04:00,63.040000915527344,63.040000915527344,62.97269821166992,62.97269821166992,1297,0.0,0.0,0.0
2024-07-12 14:30:00-04:00,62.97010040283203,62.97010040283203,62.97010040283203,62.97010040283203,3498,0.0,0.0,0.0
2024-07-12 14:35:00-04:00,62.97010040283203,62.994998931884766,62.97010040283203,62.994998931884766,388,0.0,0.0,0.0
2024-07-12 14:40:00-04:00,62.994998931884766,62.994998931884766,62.97999954223633,62.97999954223633,23313,0.0,0.0,0.0
2024-07-12 14:45:00-04:00,63.02000045776367,63.02000045776367,63.02000045776367,63.02000045776367,905,0.0,0.0,0.0
2024-07-12 14:55:00-04:00,63.0,63.02000045776367,63.0,63.000099182128906,800,0.0,0.0,0.0
2024-07-12 15:00:00-04:00,62.9900016784668,62.9900016784668,62.959999084472656,62.959999084472656,4900,0.0,0.0,0.0
2024-07-12 15:05:00-04:00,63.0171012878418,63.0171012878418,62.97999954223633,62.98509979248047,2642,0.0,0.0,0.0
2024-07-12 15:10:00-04:00,62.98590087890625,62.98590087890625,62.95000076293945,62.970001220703125,6012,0.0,0.0,0.0
2024-07-12 15:15:00-04:00,62.9900016784668,63.061798095703125,62.974998474121094,63.061798095703125,1404,0.0,0.0,0.0
2024-07-12 15:20:00-04:00,63.061798095703125,63.061798095703125,63.061798095703125,63.061798095703125,270,0.0,0.0,0.0
2024-07-12 15:25:00-04:00,63.069801330566406,63.06990051269531,62.97999954223633,62.97999954223633,965,0.0,0.0,0.0
2024-07-12 15:40:00-04:00,62.93880081176758,62.959999084472656,62.908599853515625,62.9453010559082,972,0.0,0.0,0.0
2024-07-12 15:50:00-04:00,62.88420104980469,62.88420104980469,62.76499938964844,62.82500076293945,1774,0.0,0.0,0.0
2024-07-12 15:55:00-04:00,62.90879821777344,62.90879821777344,62.84000015258789,62.86000061035156,2637,0.0,0.0,0.0
