Datetime,Open,High,Low,Close,Volume,Dividends,Stock Splits
2024-06-13 09:30:00-04:00,7.400000095367432,7.485000133514404,7.380000114440918,7.380000114440918,65123,0.0,0.0
2024-06-13 09:35:00-04:00,7.369999885559082,7.389999866485596,7.329999923706055,7.34499979019165,44153,0.0,0.0
2024-06-13 09:40:00-04:00,7.349999904632568,7.360000133514404,7.320000171661377,7.320000171661377,69266,0.0,0.0
2024-06-13 09:45:00-04:00,7.315000057220459,7.315000057220459,7.25,7.255000114440918,40152,0.0,0.0
2024-06-13 09:50:00-04:00,7.260000228881836,7.284999847412109,7.25,7.278900146484375,30192,0.0,0.0
2024-06-13 09:55:00-04:00,7.275000095367432,7.309999942779541,7.264999866485596,7.275000095367432,88135,0.0,0.0
2024-06-13 10:00:00-04:00,7.269999980926514,7.269999980926514,7.235000133514404,7.239999771118164,29989,0.0,0.0
2024-06-13 10:05:00-04:00,7.239999771118164,7.239999771118164,7.210000038146973,7.210000038146973,34402,0.0,0.0
2024-06-13 10:10:00-04:00,7.210000038146973,7.21999979019165,7.170000076293945,7.175000190734863,40973,0.0,0.0
2024-06-13 10:15:00-04:00,7.179999828338623,7.188899993896484,7.159999847412109,7.164999961853027,42033,0.0,0.0
2024-06-13 10:20:00-04:00,7.164999961853027,7.1697998046875,7.159999847412109,7.164999961853027,9432,0.0,0.0
2024-06-13 10:25:00-04:00,7.159999847412109,7.179999828338623,7.150000095367432,7.164999961853027,25570,0.0,0.0
2024-06-13 10:30:00-04:00,7.164999961853027,7.175000190734863,7.150000095367432,7.15500020980835,37588,0.0,0.0
2024-06-13 10:35:00-04:00,7.15500020980835,7.159200191497803,7.144999980926514,7.159200191497803,34949,0.0,0.0
2024-06-13 10:40:00-04:00,7.15500020980835,7.15910005569458,7.139999866485596,7.15910005569458,18713,0.0,0.0
2024-06-13 10:45:00-04:00,7.15500020980835,7.164999961853027,7.15500020980835,7.159999847412109,15463,0.0,0.0
2024-06-13 10:50:00-04:00,7.159999847412109,7.164999961853027,7.139999866485596,7.15500020980835,15744,0.0,0.0
2024-06-13 10:55:00-04:00,7.159999847412109,7.184999942779541,7.150000095367432,7.175000190734863,33429,0.0,0.0
2024-06-13 11:00:00-04:00,7.170000076293945,7.179800033569336,7.150000095367432,7.15500020980835,25021,0.0,0.0
2024-06-13 11:05:00-04:00,7.150000095367432,7.159999847412109,7.125,7.130000114440918,103972,0.0,0.0
2024-06-13 11:10:00-04:00,7.135000228881836,7.144999980926514,7.130000114440918,7.144999980926514,27029,0.0,0.0
2024-06-13 11:15:00-04:00,7.150000095367432,7.159999847412109,7.135000228881836,7.139999866485596,56001,0.0,0.0
2024-06-13 11:20:00-04:00,7.139999866485596,7.170000076293945,7.139999866485596,7.164999961853027,63323,0.0,0.0
2024-06-13 11:25:00-04:00,7.170000076293945,7.170000076293945,7.159999847412109,7.170000076293945,20501,0.0,0.0
2024-06-13 11:30:00-04:00,7.170000076293945,7.184999942779541,7.159999847412109,7.184999942779541,49753,0.0,0.0
2024-06-13 11:35:00-04:00,7.190000057220459,7.210000038146973,7.184999942779541,7.210000038146973,20341,0.0,0.0
2024-06-13 11:40:00-04:00,7.210000038146973,7.210000038146973,7.199999809265137,7.208399772644043,7793,0.0,0.0
2024-06-13 11:45:00-04:00,7.210000038146973,7.210000038146973,7.199999809265137,7.204999923706055,12857,0.0,0.0
2024-06-13 11:50:00-04:00,7.204999923706055,7.215000152587891,7.15500020980835,7.15500020980835,52673,0.0,0.0
2024-06-13 11:55:00-04:00,7.15500020980835,7.170000076293945,7.15500020980835,7.164999961853027,16787,0.0,0.0
2024-06-13 12:00:00-04:00,7.164999961853027,7.169300079345703,7.130000114440918,7.139999866485596,50185,0.0,0.0
2024-06-13 12:05:00-04:00,7.139800071716309,7.139999866485596,7.130000114440918,7.130000114440918,24114,0.0,0.0
2024-06-13 12:10:00-04:00,7.139999866485596,7.15500020980835,7.130000114440918,7.15500020980835,23486,0.0,0.0
2024-06-13 12:15:00-04:00,7.15500020980835,7.15500020980835,7.144400119781494,7.144999980926514,17332,0.0,0.0
2024-06-13 12:20:00-04:00,7.144999980926514,7.150000095367432,7.139999866485596,7.144999980926514,10337,0.0,0.0
2024-06-13 12:25:00-04:00,7.144999980926514,7.144999980926514,7.110000133514404,7.110000133514404,40104,0.0,0.0
2024-06-13 12:30:00-04:00,7.113399982452393,7.119999885559082,7.110000133514404,7.110000133514404,8312,0.0,0.0
2024-06-13 12:35:00-04:00,7.110000133514404,7.114999771118164,7.099999904632568,7.110000133514404,24945,0.0,0.0
2024-06-13 12:40:00-04:00,7.110000133514404,7.119100093841553,7.105199813842773,7.11899995803833,11698,0.0,0.0
2024-06-13 12:45:00-04:00,7.114999771118164,7.135000228881836,7.110000133514404,7.125,51435,0.0,0.0
2024-06-13 12:50:00-04:00,7.125,7.125,7.110000133514404,7.125,31001,0.0,0.0
2024-06-13 12:55:00-04:00,7.125,7.125,7.105999946594238,7.110000133514404,59216,0.0,0.0
2024-06-13 13:00:00-04:00,7.110000133514404,7.119999885559082,7.110000133514404,7.119999885559082,25663,0.0,0.0
2024-06-13 13:05:00-04:00,7.125,7.125,7.110000133514404,7.114999771118164,9143,0.0,0.0
2024-06-13 13:10:00-04:00,7.114999771118164,7.116600036621094,7.110000133514404,7.110000133514404,4860,0.0,0.0
2024-06-13 13:15:00-04:00,7.110000133514404,7.114999771118164,7.110000133514404,7.110000133514404,8964,0.0,0.0
2024-06-13 13:20:00-04:00,7.110000133514404,7.115300178527832,7.110000133514404,7.114999771118164,8348,0.0,0.0
2024-06-13 13:25:00-04:00,7.110000133514404,7.119900226593018,7.105000019073486,7.119900226593018,26869,0.0,0.0
2024-06-13 13:30:00-04:00,7.110000133514404,7.119100093841553,7.110000133514404,7.114999771118164,8832,0.0,0.0
2024-06-13 13:35:00-04:00,7.114999771118164,7.114999771118164,7.105000019073486,7.110000133514404,35411,0.0,0.0
2024-06-13 13:40:00-04:00,7.110000133514404,7.110000133514404,7.099999904632568,7.110000133514404,6587,0.0,0.0
2024-06-13 13:45:00-04:00,7.099999904632568,7.105000019073486,7.090000152587891,7.099999904632568,26684,0.0,0.0
2024-06-13 13:50:00-04:00,7.099999904632568,7.105000019073486,7.090000152587891,7.09499979019165,25934,0.0,0.0
2024-06-13 13:55:00-04:00,7.098599910736084,7.099999904632568,7.090000152587891,7.09499979019165,16509,0.0,0.0
2024-06-13 14:00:00-04:00,7.090000152587891,7.099999904632568,7.079999923706055,7.079999923706055,20542,0.0,0.0
2024-06-13 14:05:00-04:00,7.079999923706055,7.099999904632568,7.079999923706055,7.09499979019165,22029,0.0,0.0
2024-06-13 14:10:00-04:00,7.09499979019165,7.099999904632568,7.079999923706055,7.085000038146973,16774,0.0,0.0
2024-06-13 14:15:00-04:00,7.079999923706055,7.085000038146973,7.079999923706055,7.085000038146973,9563,0.0,0.0
2024-06-13 14:20:00-04:00,7.085000038146973,7.090000152587891,7.079999923706055,7.088699817657471,16861,0.0,0.0
2024-06-13 14:25:00-04:00,7.085000038146973,7.090000152587891,7.079999923706055,7.085000038146973,12472,0.0,0.0
2024-06-13 14:30:00-04:00,7.085000038146973,7.099999904632568,7.085000038146973,7.085000038146973,67002,0.0,0.0
2024-06-13 14:35:00-04:00,7.085000038146973,7.090000152587891,7.079999923706055,7.085000038146973,13040,0.0,0.0
2024-06-13 14:40:00-04:00,7.085000038146973,7.114999771118164,7.085000038146973,7.114999771118164,37709,0.0,0.0
2024-06-13 14:45:00-04:00,7.119999885559082,7.130000114440918,7.114999771118164,7.125,18005,0.0,0.0
2024-06-13 14:50:00-04:00,7.130000114440918,7.130000114440918,7.119999885559082,7.125,19248,0.0,0.0
2024-06-13 14:55:00-04:00,7.120100021362305,7.139999866485596,7.119999885559082,7.119999885559082,99583,0.0,0.0
2024-06-13 15:00:00-04:00,7.125,7.125,7.110000133514404,7.114999771118164,39852,0.0,0.0
2024-06-13 15:05:00-04:00,7.119999885559082,7.119999885559082,7.110000133514404,7.114999771118164,25333,0.0,0.0
2024-06-13 15:10:00-04:00,7.114999771118164,7.119999885559082,7.110000133514404,7.114999771118164,14884,0.0,0.0
2024-06-13 15:15:00-04:00,7.114999771118164,7.130000114440918,7.110000133514404,7.130000114440918,58943,0.0,0.0
2024-06-13 15:20:00-04:00,7.125,7.130000114440918,7.119999885559082,7.125,19166,0.0,0.0
2024-06-13 15:25:00-04:00,7.130000114440918,7.130000114440918,7.112500190734863,7.119999885559082,42031,0.0,0.0
2024-06-13 15:30:00-04:00,7.114999771118164,7.119999885559082,7.09499979019165,7.09499979019165,73621,0.0,0.0
2024-06-13 15:35:00-04:00,7.090000152587891,7.09499979019165,7.074999809265137,7.085000038146973,59554,0.0,0.0
2024-06-13 15:40:00-04:00,7.085000038146973,7.090000152587891,7.074999809265137,7.079999923706055,41978,0.0,0.0
2024-06-13 15:45:00-04:00,7.085000038146973,7.090000152587891,7.074999809265137,7.085000038146973,89679,0.0,0.0
2024-06-13 15:50:00-04:00,7.079999923706055,7.090000152587891,7.059999942779541,7.065000057220459,202388,0.0,0.0
2024-06-13 15:55:00-04:00,7.059999942779541,7.070000171661377,7.039999961853027,7.045000076293945,415615,0.0,0.0
2024-06-14 09:30:00-04:00,6.929999828338623,7.0,6.929999828338623,6.989999771118164,146688,0.0,0.0
2024-06-14 09:35:00-04:00,6.994999885559082,7.019800186157227,6.994999885559082,7.000699996948242,11877,0.0,0.0
2024-06-14 09:40:00-04:00,7.010000228881836,7.03000020980835,6.960000038146973,6.960000038146973,24477,0.0,0.0
2024-06-14 09:45:00-04:00,6.949999809265137,6.954999923706055,6.929999828338623,6.934999942779541,16967,0.0,0.0
2024-06-14 09:50:00-04:00,6.929999828338623,6.940000057220459,6.925000190734863,6.940000057220459,26695,0.0,0.0
2024-06-14 09:55:00-04:00,6.934999942779541,6.945000171661377,6.934999942779541,6.938499927520752,20775,0.0,0.0
2024-06-14 10:00:00-04:00,6.929999828338623,6.934999942779541,6.880000114440918,6.900000095367432,98257,0.0,0.0
2024-06-14 10:05:00-04:00,6.90500020980835,6.9095001220703125,6.880000114440918,6.889999866485596,42222,0.0,0.0
2024-06-14 10:10:00-04:00,6.880000114440918,6.894999980926514,6.880000114440918,6.880000114440918,25594,0.0,0.0
2024-06-14 10:15:00-04:00,6.885000228881836,6.90500020980835,6.8846001625061035,6.894999980926514,26915,0.0,0.0
2024-06-14 10:20:00-04:00,6.894999980926514,6.894999980926514,6.885000228881836,6.885200023651123,21936,0.0,0.0
2024-06-14 10:25:00-04:00,6.889999866485596,6.909999847412109,6.889999866485596,6.900000095367432,15949,0.0,0.0
2024-06-14 10:30:00-04:00,6.900000095367432,6.900000095367432,6.889999866485596,6.894999980926514,24784,0.0,0.0
2024-06-14 10:35:00-04:00,6.894999980926514,6.900000095367432,6.889999866485596,6.900000095367432,13620,0.0,0.0
2024-06-14 10:40:00-04:00,6.894999980926514,6.90500020980835,6.889999866485596,6.889999866485596,26968,0.0,0.0
2024-06-14 10:45:00-04:00,6.900000095367432,6.909999847412109,6.890500068664551,6.90500020980835,17182,0.0,0.0
2024-06-14 10:50:00-04:00,6.90500020980835,6.90500020980835,6.880000114440918,6.894999980926514,38292,0.0,0.0
2024-06-14 10:55:00-04:00,6.900000095367432,6.900000095367432,6.880000114440918,6.885000228881836,30702,0.0,0.0
2024-06-14 11:00:00-04:00,6.885000228881836,6.914999961853027,6.885000228881836,6.909999847412109,26537,0.0,0.0
2024-06-14 11:05:00-04:00,6.909999847412109,6.909999847412109,6.900000095367432,6.90500020980835,6131,0.0,0.0
2024-06-14 11:10:00-04:00,6.90500020980835,6.914999961853027,6.900000095367432,6.90500020980835,55625,0.0,0.0
2024-06-14 11:15:00-04:00,6.909999847412109,6.929999828338623,6.90500020980835,6.925000190734863,28806,0.0,0.0
2024-06-14 11:20:00-04:00,6.929999828338623,6.929999828338623,6.925000190734863,6.929999828338623,7859,0.0,0.0
2024-06-14 11:25:00-04:00,6.929999828338623,6.949999809265137,6.929999828338623,6.949999809265137,14282,0.0,0.0
2024-06-14 11:30:00-04:00,6.949999809265137,6.974999904632568,6.945000171661377,6.96999979019165,29014,0.0,0.0
2024-06-14 11:35:00-04:00,6.96999979019165,6.980000019073486,6.965000152587891,6.980000019073486,13536,0.0,0.0
2024-06-14 11:40:00-04:00,6.974999904632568,6.980000019073486,6.965000152587891,6.96999979019165,20893,0.0,0.0
2024-06-14 11:45:00-04:00,6.965000152587891,6.96999979019165,6.945000171661377,6.959700107574463,52925,0.0,0.0
2024-06-14 11:50:00-04:00,6.954999923706055,6.960000038146973,6.949999809265137,6.954999923706055,5810,0.0,0.0
2024-06-14 11:55:00-04:00,6.960000038146973,6.960000038146973,6.953499794006348,6.960000038146973,9542,0.0,0.0
2024-06-14 12:00:00-04:00,6.954999923706055,6.960000038146973,6.949999809265137,6.954999923706055,5758,0.0,0.0
2024-06-14 12:05:00-04:00,6.960000038146973,6.960000038146973,6.954999923706055,6.954999923706055,5767,0.0,0.0
2024-06-14 12:10:00-04:00,6.954999923706055,6.96999979019165,6.954999923706055,6.965000152587891,14835,0.0,0.0
2024-06-14 12:15:00-04:00,6.965000152587891,6.96999979019165,6.965000152587891,6.965000152587891,7264,0.0,0.0
2024-06-14 12:20:00-04:00,6.965000152587891,6.980000019073486,6.965000152587891,6.980000019073486,13514,0.0,0.0
2024-06-14 12:25:00-04:00,6.980000019073486,6.980000019073486,6.96999979019165,6.980000019073486,8389,0.0,0.0
2024-06-14 12:30:00-04:00,6.974999904632568,6.989999771118164,6.974999904632568,6.989999771118164,23143,0.0,0.0
2024-06-14 12:35:00-04:00,6.989999771118164,6.989999771118164,6.985000133514404,6.985000133514404,7403,0.0,0.0
2024-06-14 12:40:00-04:00,6.985000133514404,7.0,6.980000019073486,6.985000133514404,36452,0.0,0.0
2024-06-14 12:45:00-04:00,6.985000133514404,6.989999771118164,6.980000019073486,6.980000019073486,8602,0.0,0.0
2024-06-14 12:50:00-04:00,6.985000133514404,6.989999771118164,6.949999809265137,6.954999923706055,87459,0.0,0.0
2024-06-14 12:55:00-04:00,6.954999923706055,6.965000152587891,6.949999809265137,6.965000152587891,16450,0.0,0.0
2024-06-14 13:00:00-04:00,6.965000152587891,6.96999979019165,6.960000038146973,6.960000038146973,7831,0.0,0.0
2024-06-14 13:05:00-04:00,6.965000152587891,6.96999979019165,6.960000038146973,6.965000152587891,10585,0.0,0.0
2024-06-14 13:10:00-04:00,6.965000152587891,6.96999979019165,6.960000038146973,6.965000152587891,10556,0.0,0.0
2024-06-14 13:15:00-04:00,6.969799995422363,6.96999979019165,6.960000038146973,6.965000152587891,12108,0.0,0.0
2024-06-14 13:20:00-04:00,6.96999979019165,6.989999771118164,6.960000038146973,6.989999771118164,47942,0.0,0.0
2024-06-14 13:25:00-04:00,6.985000133514404,6.989999771118164,6.960000038146973,6.965000152587891,48569,0.0,0.0
2024-06-14 13:30:00-04:00,6.960000038146973,6.974999904632568,6.960000038146973,6.974999904632568,24118,0.0,0.0
2024-06-14 13:35:00-04:00,6.96999979019165,6.96999979019165,6.960000038146973,6.96999979019165,11757,0.0,0.0
2024-06-14 13:40:00-04:00,6.96999979019165,6.96999979019165,6.954999923706055,6.965000152587891,29369,0.0,0.0
2024-06-14 13:45:00-04:00,6.965000152587891,6.965000152587891,6.960000038146973,6.965000152587891,3318,0.0,0.0
2024-06-14 13:50:00-04:00,6.965000152587891,6.965000152587891,6.949999809265137,6.954999923706055,64251,0.0,0.0
2024-06-14 13:55:00-04:00,6.954999923706055,6.96999979019165,6.953400135040283,6.96999979019165,40043,0.0,0.0
2024-06-14 14:00:00-04:00,6.965000152587891,6.96999979019165,6.940000057220459,6.954999923706055,78613,0.0,0.0
2024-06-14 14:05:00-04:00,6.954999923706055,6.960000038146973,6.945000171661377,6.945000171661377,16359,0.0,0.0
2024-06-14 14:10:00-04:00,6.945000171661377,6.954999923706055,6.940000057220459,6.945000171661377,49090,0.0,0.0
2024-06-14 14:15:00-04:00,6.945000171661377,6.960000038146973,6.940000057220459,6.954999923706055,61907,0.0,0.0
2024-06-14 14:20:00-04:00,6.954999923706055,6.96999979019165,6.954999923706055,6.96999979019165,13728,0.0,0.0
2024-06-14 14:25:00-04:00,6.965000152587891,6.980000019073486,6.960000038146973,6.980000019073486,22872,0.0,0.0
2024-06-14 14:30:00-04:00,6.974999904632568,7.010000228881836,6.974999904632568,7.005099773406982,71937,0.0,0.0
2024-06-14 14:35:00-04:00,7.010000228881836,7.010000228881836,7.0,7.005000114440918,18061,0.0,0.0
2024-06-14 14:40:00-04:00,7.010000228881836,7.019999980926514,7.010000228881836,7.014999866485596,19241,0.0,0.0
2024-06-14 14:45:00-04:00,7.019999980926514,7.03000020980835,7.014999866485596,7.025000095367432,48470,0.0,0.0
2024-06-14 14:50:00-04:00,7.025300025939941,7.03000020980835,7.019999980926514,7.03000020980835,12072,0.0,0.0
2024-06-14 14:55:00-04:00,7.025000095367432,7.03000020980835,7.010000228881836,7.010000228881836,50413,0.0,0.0
2024-06-14 15:00:00-04:00,7.019999980926514,7.019999980926514,7.010000228881836,7.014999866485596,18610,0.0,0.0
2024-06-14 15:05:00-04:00,7.0100998878479,7.019999980926514,7.010000228881836,7.019999980926514,17819,0.0,0.0
2024-06-14 15:10:00-04:00,7.014999866485596,7.03000020980835,7.014999866485596,7.03000020980835,33620,0.0,0.0
2024-06-14 15:15:00-04:00,7.025000095367432,7.039999961853027,7.010000228881836,7.03000020980835,93542,0.0,0.0
2024-06-14 15:20:00-04:00,7.039999961853027,7.050000190734863,7.034999847412109,7.050000190734863,69261,0.0,0.0
2024-06-14 15:25:00-04:00,7.045000076293945,7.050000190734863,7.039999961853027,7.039999961853027,22098,0.0,0.0
2024-06-14 15:30:00-04:00,7.045000076293945,7.050000190734863,7.03000020980835,7.03000020980835,62154,0.0,0.0
2024-06-14 15:35:00-04:00,7.034999847412109,7.039999961853027,7.03000020980835,7.034999847412109,20521,0.0,0.0
2024-06-14 15:40:00-04:00,7.034999847412109,7.039999961853027,7.0,7.0,106820,0.0,0.0
2024-06-14 15:45:00-04:00,7.0,7.010000228881836,7.0,7.010000228881836,73949,0.0,0.0
2024-06-14 15:50:00-04:00,7.005000114440918,7.010000228881836,6.989999771118164,6.994999885559082,91109,0.0,0.0
2024-06-14 15:55:00-04:00,6.994999885559082,7.0,6.960000038146973,6.960000038146973,260625,0.0,0.0
2024-06-17 09:30:00-04:00,6.96999979019165,7.010000228881836,6.920000076293945,6.949999809265137,78040,0.0,0.0
2024-06-17 09:35:00-04:00,6.960000038146973,6.960000038146973,6.894999980926514,6.894999980926514,31230,0.0,0.0
2024-06-17 09:40:00-04:00,6.885000228881836,6.889900207519531,6.840000152587891,6.849999904632568,57720,0.0,0.0
2024-06-17 09:45:00-04:00,6.84499979019165,6.855000019073486,6.800099849700928,6.815000057220459,125872,0.0,0.0
2024-06-17 09:50:00-04:00,6.815000057220459,6.829999923706055,6.795000076293945,6.800000190734863,61812,0.0,0.0
2024-06-17 09:55:00-04:00,6.800000190734863,6.800000190734863,6.78000020980835,6.789299964904785,87386,0.0,0.0
2024-06-17 10:00:00-04:00,6.784999847412109,6.789999961853027,6.775000095367432,6.78000020980835,51600,0.0,0.0
2024-06-17 10:05:00-04:00,6.784999847412109,6.809999942779541,6.775000095367432,6.804999828338623,96605,0.0,0.0
2024-06-17 10:10:00-04:00,6.800000190734863,6.800000190734863,6.760000228881836,6.795000076293945,93597,0.0,0.0
2024-06-17 10:15:00-04:00,6.795000076293945,6.835000038146973,6.784999847412109,6.835000038146973,49723,0.0,0.0
2024-06-17 10:20:00-04:00,6.835000038146973,6.840000152587891,6.820000171661377,6.820000171661377,25622,0.0,0.0
2024-06-17 10:25:00-04:00,6.824999809265137,6.849999904632568,6.789999961853027,6.804999828338623,73924,0.0,0.0
2024-06-17 10:30:00-04:00,6.804999828338623,6.809999942779541,6.795000076293945,6.795000076293945,31576,0.0,0.0
2024-06-17 10:35:00-04:00,6.795000076293945,6.795000076293945,6.769999980926514,6.784999847412109,38555,0.0,0.0
2024-06-17 10:40:00-04:00,6.784999847412109,6.789999961853027,6.764999866485596,6.764999866485596,47448,0.0,0.0
2024-06-17 10:45:00-04:00,6.764999866485596,6.784999847412109,6.764999866485596,6.764999866485596,66489,0.0,0.0
2024-06-17 10:50:00-04:00,6.764999866485596,6.769999980926514,6.760000228881836,6.764999866485596,49365,0.0,0.0
2024-06-17 10:55:00-04:00,6.764999866485596,6.78000020980835,6.75,6.775000095367432,74253,0.0,0.0
2024-06-17 11:00:00-04:00,6.78000020980835,6.809999942779541,6.78000020980835,6.809999942779541,35027,0.0,0.0
2024-06-17 11:05:00-04:00,6.804999828338623,6.809999942779541,6.800000190734863,6.802499771118164,7866,0.0,0.0
2024-06-17 11:10:00-04:00,6.804999828338623,6.809999942779541,6.800000190734863,6.800000190734863,9984,0.0,0.0
2024-06-17 11:15:00-04:00,6.804999828338623,6.820000171661377,6.800000190734863,6.804999828338623,36897,0.0,0.0
2024-06-17 11:20:00-04:00,6.809999942779541,6.829999923706055,6.809999942779541,6.815000057220459,30590,0.0,0.0
2024-06-17 11:25:00-04:00,6.820000171661377,6.885000228881836,6.820000171661377,6.885000228881836,30369,0.0,0.0
2024-06-17 11:30:00-04:00,6.889999866485596,6.900000095367432,6.885000228881836,6.889999866485596,28446,0.0,0.0
2024-06-17 11:35:00-04:00,6.885000228881836,6.90500020980835,6.885000228881836,6.894999980926514,47145,0.0,0.0
2024-06-17 11:40:00-04:00,6.909999847412109,6.909999847412109,6.894999980926514,6.900000095367432,52494,0.0,0.0
2024-06-17 11:45:00-04:00,6.900000095367432,6.900000095367432,6.869999885559082,6.875,75933,0.0,0.0
2024-06-17 11:50:00-04:00,6.875,6.894999980926514,6.869999885559082,6.880000114440918,69888,0.0,0.0
2024-06-17 11:55:00-04:00,6.869999885559082,6.885000228881836,6.864999771118164,6.864999771118164,70306,0.0,0.0
2024-06-17 12:00:00-04:00,6.864999771118164,6.869999885559082,6.849999904632568,6.864999771118164,69079,0.0,0.0
2024-06-17 12:05:00-04:00,6.869999885559082,6.880000114440918,6.869999885559082,6.875,18993,0.0,0.0
2024-06-17 12:10:00-04:00,6.880000114440918,6.889999866485596,6.869999885559082,6.875,65021,0.0,0.0
2024-06-17 12:15:00-04:00,6.875,6.900000095367432,6.875,6.875,73611,0.0,0.0
2024-06-17 12:20:00-04:00,6.878799915313721,6.885000228881836,6.869999885559082,6.880000114440918,35271,0.0,0.0
2024-06-17 12:25:00-04:00,6.870100021362305,6.889999866485596,6.869999885559082,6.889999866485596,13850,0.0,0.0
2024-06-17 12:30:00-04:00,6.889999866485596,6.900000095367432,6.880000114440918,6.900000095367432,15869,0.0,0.0
2024-06-17 12:35:00-04:00,6.900000095367432,6.900000095367432,6.889999866485596,6.894999980926514,17469,0.0,0.0
2024-06-17 12:40:00-04:00,6.889999866485596,6.90500020980835,6.889999866485596,6.894999980926514,47085,0.0,0.0
2024-06-17 12:45:00-04:00,6.894999980926514,6.900000095367432,6.869999885559082,6.869999885559082,18102,0.0,0.0
2024-06-17 12:50:00-04:00,6.875,6.909999847412109,6.875,6.906499862670898,52034,0.0,0.0
2024-06-17 12:55:00-04:00,6.909999847412109,6.909999847412109,6.889999866485596,6.894999980926514,32111,0.0,0.0
2024-06-17 13:00:00-04:00,6.894999980926514,6.900000095367432,6.880000114440918,6.894999980926514,61221,0.0,0.0
2024-06-17 13:05:00-04:00,6.894999980926514,6.894999980926514,6.869999885559082,6.883500099182129,47518,0.0,0.0
2024-06-17 13:10:00-04:00,6.885000228881836,6.889999866485596,6.885000228881836,6.885000228881836,16636,0.0,0.0
2024-06-17 13:15:00-04:00,6.889999866485596,6.889999866485596,6.869999885559082,6.869999885559082,40843,0.0,0.0
2024-06-17 13:20:00-04:00,6.875,6.880000114440918,6.860000133514404,6.860000133514404,25897,0.0,0.0
2024-06-17 13:25:00-04:00,6.864999771118164,6.875,6.849999904632568,6.855000019073486,41090,0.0,0.0
2024-06-17 13:30:00-04:00,6.855000019073486,6.860000133514404,6.849999904632568,6.860000133514404,14576,0.0,0.0
2024-06-17 13:35:00-04:00,6.849999904632568,6.869999885559082,6.849999904632568,6.864999771118164,13823,0.0,0.0
2024-06-17 13:40:00-04:00,6.864999771118164,6.869999885559082,6.849999904632568,6.855000019073486,44078,0.0,0.0
2024-06-17 13:45:00-04:00,6.855000019073486,6.859899997711182,6.840000152587891,6.84499979019165,20158,0.0,0.0
2024-06-17 13:50:00-04:00,6.840000152587891,6.855000019073486,6.840000152587891,6.849999904632568,20227,0.0,0.0
2024-06-17 13:55:00-04:00,6.860000133514404,6.860000133514404,6.849999904632568,6.855000019073486,9699,0.0,0.0
2024-06-17 14:00:00-04:00,6.855000019073486,6.860000133514404,6.829999923706055,6.829999923706055,52488,0.0,0.0
2024-06-17 14:05:00-04:00,6.835000038146973,6.849999904632568,6.829999923706055,6.849999904632568,52520,0.0,0.0
2024-06-17 14:10:00-04:00,6.849999904632568,6.855000019073486,6.840000152587891,6.849999904632568,40548,0.0,0.0
2024-06-17 14:15:00-04:00,6.84499979019165,6.860000133514404,6.840000152587891,6.84499979019165,48889,0.0,0.0
2024-06-17 14:20:00-04:00,6.840000152587891,6.849999904632568,6.840000152587891,6.840000152587891,17429,0.0,0.0
2024-06-17 14:25:00-04:00,6.849999904632568,6.860000133514404,6.84250020980835,6.849999904632568,24080,0.0,0.0
2024-06-17 14:30:00-04:00,6.855000019073486,6.860000133514404,6.849999904632568,6.855000019073486,14888,0.0,0.0
2024-06-17 14:35:00-04:00,6.855000019073486,6.855000019073486,6.829999923706055,6.829999923706055,58351,0.0,0.0
2024-06-17 14:40:00-04:00,6.835000038146973,6.840000152587891,6.829999923706055,6.835000038146973,20302,0.0,0.0
2024-06-17 14:45:00-04:00,6.829999923706055,6.849999904632568,6.820000171661377,6.849999904632568,42151,0.0,0.0
2024-06-17 14:50:00-04:00,6.84499979019165,6.849999904632568,6.824999809265137,6.84499979019165,94214,0.0,0.0
2024-06-17 14:55:00-04:00,6.84499979019165,6.849899768829346,6.829999923706055,6.829999923706055,28663,0.0,0.0
2024-06-17 15:00:00-04:00,6.835000038146973,6.840000152587891,6.820000171661377,6.824999809265137,23844,0.0,0.0
2024-06-17 15:05:00-04:00,6.820000171661377,6.824999809265137,6.809999942779541,6.815000057220459,67110,0.0,0.0
2024-06-17 15:10:00-04:00,6.815000057220459,6.820000171661377,6.809999942779541,6.815000057220459,20713,0.0,0.0
2024-06-17 15:15:00-04:00,6.809999942779541,6.820000171661377,6.809999942779541,6.809999942779541,24068,0.0,0.0
2024-06-17 15:20:00-04:00,6.815000057220459,6.820000171661377,6.809999942779541,6.819799900054932,49433,0.0,0.0
2024-06-17 15:25:00-04:00,6.820000171661377,6.820000171661377,6.784999847412109,6.784999847412109,121576,0.0,0.0
2024-06-17 15:30:00-04:00,6.789999961853027,6.800000190734863,6.78000020980835,6.795000076293945,49942,0.0,0.0
2024-06-17 15:35:00-04:00,6.795000076293945,6.800000190734863,6.789999961853027,6.789999961853027,40999,0.0,0.0
2024-06-17 15:40:00-04:00,6.795000076293945,6.809999942779541,6.789999961853027,6.800000190734863,86670,0.0,0.0
2024-06-17 15:45:00-04:00,6.800000190734863,6.809999942779541,6.789999961853027,6.809999942779541,73799,0.0,0.0
2024-06-17 15:50:00-04:00,6.800000190734863,6.809999942779541,6.789999961853027,6.800000190734863,262225,0.0,0.0
2024-06-17 15:55:00-04:00,6.800000190734863,6.800000190734863,6.769999980926514,6.78000020980835,356209,0.0,0.0
2024-06-18 09:30:00-04:00,6.75,6.829999923706055,6.71999979019165,6.800000190734863,77879,0.0,0.0
2024-06-18 09:35:00-04:00,6.789999961853027,6.820000171661377,6.784999847412109,6.815000057220459,7525,0.0,0.0
2024-06-18 09:40:00-04:00,6.820000171661377,6.849999904632568,6.804999828338623,6.804999828338623,16798,0.0,0.0
2024-06-18 09:45:00-04:00,6.804999828338623,6.804999828338623,6.75,6.755000114440918,13820,0.0,0.0
2024-06-18 09:50:00-04:00,6.755000114440918,6.769999980926514,6.75,6.760000228881836,9604,0.0,0.0
2024-06-18 09:55:00-04:00,6.75,6.769999980926514,6.744999885559082,6.744999885559082,45305,0.0,0.0
2024-06-18 10:00:00-04:00,6.75,6.759500026702881,6.744999885559082,6.755000114440918,20089,0.0,0.0
2024-06-18 10:05:00-04:00,6.755000114440918,6.755000114440918,6.739999771118164,6.748000144958496,23430,0.0,0.0
2024-06-18 10:10:00-04:00,6.744999885559082,6.747499942779541,6.704999923706055,6.710000038146973,110279,0.0,0.0
2024-06-18 10:15:00-04:00,6.715000152587891,6.71999979019165,6.710000038146973,6.715000152587891,21214,0.0,0.0
2024-06-18 10:20:00-04:00,6.718999862670898,6.71999979019165,6.710000038146973,6.71999979019165,15478,0.0,0.0
2024-06-18 10:25:00-04:00,6.715000152587891,6.729700088500977,6.710000038146973,6.715000152587891,35714,0.0,0.0
2024-06-18 10:30:00-04:00,6.715000152587891,6.715000152587891,6.699999809265137,6.704999923706055,27314,0.0,0.0
2024-06-18 10:35:00-04:00,6.704999923706055,6.71999979019165,6.704999923706055,6.718999862670898,18824,0.0,0.0
2024-06-18 10:40:00-04:00,6.715000152587891,6.71999979019165,6.699999809265137,6.699999809265137,14614,0.0,0.0
2024-06-18 10:45:00-04:00,6.700200080871582,6.700200080871582,6.690000057220459,6.690299987792969,20553,0.0,0.0
2024-06-18 10:50:00-04:00,6.690000057220459,6.699999809265137,6.690000057220459,6.690000057220459,8883,0.0,0.0
2024-06-18 10:55:00-04:00,6.695000171661377,6.699999809265137,6.679999828338623,6.679999828338623,26046,0.0,0.0
2024-06-18 11:00:00-04:00,6.679999828338623,6.684999942779541,6.670000076293945,6.679999828338623,34604,0.0,0.0
2024-06-18 11:05:00-04:00,6.675000190734863,6.710000038146973,6.675000190734863,6.699999809265137,46948,0.0,0.0
2024-06-18 11:10:00-04:00,6.699999809265137,6.704699993133545,6.690000057220459,6.698999881744385,10825,0.0,0.0
2024-06-18 11:15:00-04:00,6.699999809265137,6.699999809265137,6.695000171661377,6.695000171661377,7600,0.0,0.0
2024-06-18 11:20:00-04:00,6.699999809265137,6.704999923706055,6.684999942779541,6.704999923706055,77940,0.0,0.0
2024-06-18 11:25:00-04:00,6.699999809265137,6.704800128936768,6.690000057220459,6.695000171661377,20116,0.0,0.0
2024-06-18 11:30:00-04:00,6.695000171661377,6.699900150299072,6.690000057220459,6.695000171661377,12374,0.0,0.0
2024-06-18 11:35:00-04:00,6.699999809265137,6.699999809265137,6.681000232696533,6.689300060272217,20269,0.0,0.0
2024-06-18 11:40:00-04:00,6.684999942779541,6.699999809265137,6.684999942779541,6.699999809265137,16596,0.0,0.0
2024-06-18 11:45:00-04:00,6.6975998878479,6.704999923706055,6.690000057220459,6.704999923706055,12461,0.0,0.0
2024-06-18 11:50:00-04:00,6.709099769592285,6.710000038146973,6.699999809265137,6.704999923706055,10025,0.0,0.0
2024-06-18 11:55:00-04:00,6.704999923706055,6.710000038146973,6.684999942779541,6.684999942779541,40167,0.0,0.0
2024-06-18 12:00:00-04:00,6.684999942779541,6.689700126647949,6.679999828338623,6.684999942779541,19945,0.0,0.0
2024-06-18 12:05:00-04:00,6.690000057220459,6.690000057220459,6.670000076293945,6.684999942779541,33184,0.0,0.0
2024-06-18 12:10:00-04:00,6.679999828338623,6.684999942779541,6.670000076293945,6.679900169372559,29133,0.0,0.0
2024-06-18 12:15:00-04:00,6.678899765014648,6.679999828338623,6.659999847412109,6.664999961853027,44825,0.0,0.0
2024-06-18 12:20:00-04:00,6.659999847412109,6.670000076293945,6.659999847412109,6.664999961853027,18158,0.0,0.0
2024-06-18 12:25:00-04:00,6.664999961853027,6.670000076293945,6.650000095367432,6.650000095367432,46464,0.0,0.0
2024-06-18 12:30:00-04:00,6.650000095367432,6.659900188446045,6.650000095367432,6.659299850463867,22263,0.0,0.0
2024-06-18 12:35:00-04:00,6.650000095367432,6.659999847412109,6.639999866485596,6.649899959564209,38153,0.0,0.0
2024-06-18 12:40:00-04:00,6.639999866485596,6.650000095367432,6.639999866485596,6.644999980926514,17976,0.0,0.0
2024-06-18 12:45:00-04:00,6.644999980926514,6.647500038146973,6.639999866485596,6.639999866485596,15590,0.0,0.0
2024-06-18 12:50:00-04:00,6.639999866485596,6.644999980926514,6.630000114440918,6.635000228881836,29658,0.0,0.0
2024-06-18 12:55:00-04:00,6.630000114440918,6.639999866485596,6.630000114440918,6.630000114440918,15084,0.0,0.0
2024-06-18 13:00:00-04:00,6.635000228881836,6.635000228881836,6.619999885559082,6.625,27258,0.0,0.0
2024-06-18 13:05:00-04:00,6.625,6.639999866485596,6.619999885559082,6.635000228881836,175198,0.0,0.0
2024-06-18 13:10:00-04:00,6.635000228881836,6.65500020980835,6.630000114440918,6.644999980926514,50871,0.0,0.0
2024-06-18 13:15:00-04:00,6.644999980926514,6.650000095367432,6.635000228881836,6.650000095367432,25978,0.0,0.0
2024-06-18 13:20:00-04:00,6.644999980926514,6.650000095367432,6.639999866485596,6.644999980926514,16066,0.0,0.0
2024-06-18 13:25:00-04:00,6.650000095367432,6.659999847412109,6.644999980926514,6.65500020980835,23149,0.0,0.0
2024-06-18 13:30:00-04:00,6.65500020980835,6.664999961853027,6.644999980926514,6.664999961853027,44309,0.0,0.0
2024-06-18 13:35:00-04:00,6.670000076293945,6.690000057220459,6.664999961853027,6.684999942779541,15019,0.0,0.0
2024-06-18 13:40:00-04:00,6.684999942779541,6.690000057220459,6.679999828338623,6.68720006942749,9558,0.0,0.0
2024-06-18 13:45:00-04:00,6.684999942779541,6.690000057220459,6.679999828338623,6.690000057220459,24949,0.0,0.0
2024-06-18 13:50:00-04:00,6.684999942779541,6.690000057220459,6.679999828338623,6.690000057220459,36112,0.0,0.0
2024-06-18 13:55:00-04:00,6.690000057220459,6.699999809265137,6.684999942779541,6.699999809265137,26274,0.0,0.0
2024-06-18 14:00:00-04:00,6.695000171661377,6.710000038146973,6.695000171661377,6.710000038146973,44154,0.0,0.0
2024-06-18 14:05:00-04:00,6.710000038146973,6.71999979019165,6.699999809265137,6.71999979019165,17697,0.0,0.0
2024-06-18 14:10:00-04:00,6.719799995422363,6.739999771118164,6.710100173950195,6.735000133514404,44730,0.0,0.0
2024-06-18 14:15:00-04:00,6.735000133514404,6.735000133514404,6.724999904632568,6.724999904632568,33125,0.0,0.0
2024-06-18 14:20:00-04:00,6.71999979019165,6.724999904632568,6.704999923706055,6.715000152587891,42093,0.0,0.0
2024-06-18 14:25:00-04:00,6.715000152587891,6.715000152587891,6.699999809265137,6.710000038146973,26283,0.0,0.0
2024-06-18 14:30:00-04:00,6.704999923706055,6.71999979019165,6.699999809265137,6.710000038146973,57987,0.0,0.0
2024-06-18 14:35:00-04:00,6.710000038146973,6.729499816894531,6.699999809265137,6.709700107574463,113236,0.0,0.0
2024-06-18 14:40:00-04:00,6.704999923706055,6.710000038146973,6.699999809265137,6.699999809265137,12306,0.0,0.0
2024-06-18 14:45:00-04:00,6.704999923706055,6.704999923706055,6.690000057220459,6.690000057220459,30280,0.0,0.0
2024-06-18 14:50:00-04:00,6.695000171661377,6.695000171661377,6.690000057220459,6.695000171661377,17209,0.0,0.0
2024-06-18 14:55:00-04:00,6.690000057220459,6.699999809265137,6.690000057220459,6.695000171661377,23550,0.0,0.0
2024-06-18 15:00:00-04:00,6.69920015335083,6.699999809265137,6.659999847412109,6.664999961853027,58461,0.0,0.0
2024-06-18 15:05:00-04:00,6.664999961853027,6.669899940490723,6.659999847412109,6.669899940490723,17682,0.0,0.0
2024-06-18 15:10:00-04:00,6.659999847412109,6.670000076293945,6.650000095367432,6.670000076293945,42725,0.0,0.0
2024-06-18 15:15:00-04:00,6.659999847412109,6.670000076293945,6.650000095367432,6.65500020980835,35237,0.0,0.0
2024-06-18 15:20:00-04:00,6.65500020980835,6.659999847412109,6.650000095367432,6.659999847412109,18293,0.0,0.0
2024-06-18 15:25:00-04:00,6.659999847412109,6.670000076293945,6.650000095367432,6.65500020980835,55269,0.0,0.0
2024-06-18 15:30:00-04:00,6.65500020980835,6.659999847412109,6.630000114440918,6.644999980926514,83033,0.0,0.0
2024-06-18 15:35:00-04:00,6.644999980926514,6.65500020980835,6.644999980926514,6.65500020980835,34927,0.0,0.0
2024-06-18 15:40:00-04:00,6.65500020980835,6.65500020980835,6.639999866485596,6.639999866485596,62176,0.0,0.0
2024-06-18 15:45:00-04:00,6.644999980926514,6.650000095367432,6.639999866485596,6.644999980926514,48327,0.0,0.0
2024-06-18 15:50:00-04:00,6.644999980926514,6.644999980926514,6.619999885559082,6.625,245785,0.0,0.0
2024-06-18 15:55:00-04:00,6.625,6.639999866485596,6.619999885559082,6.625,308501,0.0,0.0
2024-06-20 09:30:00-04:00,6.590000152587891,6.610000133514404,6.550000190734863,6.610000133514404,70853,0.0,0.0
2024-06-20 09:35:00-04:00,6.610000133514404,6.610000133514404,6.579999923706055,6.5879998207092285,18149,0.0,0.0
2024-06-20 09:40:00-04:00,6.585000038146973,6.590000152587891,6.570000171661377,6.579899787902832,21449,0.0,0.0
2024-06-20 09:45:00-04:00,6.579999923706055,6.630000114440918,6.574999809265137,6.630000114440918,16563,0.0,0.0
2024-06-20 09:50:00-04:00,6.625,6.630000114440918,6.610000133514404,6.625,16182,0.0,0.0
2024-06-20 09:55:00-04:00,6.625,6.630000114440918,6.605000019073486,6.630000114440918,34653,0.0,0.0
2024-06-20 10:00:00-04:00,6.639900207519531,6.650000095367432,6.630000114440918,6.635000228881836,21466,0.0,0.0
2024-06-20 10:05:00-04:00,6.635000228881836,6.659999847412109,6.610000133514404,6.610000133514404,26067,0.0,0.0
2024-06-20 10:10:00-04:00,6.614999771118164,6.630000114440918,6.599999904632568,6.630000114440918,24659,0.0,0.0
2024-06-20 10:15:00-04:00,6.630000114440918,6.650000095367432,6.620699882507324,6.644999980926514,24225,0.0,0.0
2024-06-20 10:20:00-04:00,6.648600101470947,6.650000095367432,6.639999866485596,6.639999866485596,7925,0.0,0.0
2024-06-20 10:25:00-04:00,6.644999980926514,6.659999847412109,6.642499923706055,6.65500020980835,11979,0.0,0.0
2024-06-20 10:30:00-04:00,6.650000095367432,6.664999961853027,6.635000228881836,6.635000228881836,52738,0.0,0.0
2024-06-20 10:35:00-04:00,6.639999866485596,6.650000095367432,6.639999866485596,6.644999980926514,20943,0.0,0.0
2024-06-20 10:40:00-04:00,6.644999980926514,6.644999980926514,6.630000114440918,6.639999866485596,10108,0.0,0.0
2024-06-20 10:45:00-04:00,6.630000114440918,6.639999866485596,6.630000114440918,6.639999866485596,11048,0.0,0.0
2024-06-20 10:50:00-04:00,6.635000228881836,6.644999980926514,6.632500171661377,6.644999980926514,11991,0.0,0.0
2024-06-20 10:55:00-04:00,6.644999980926514,6.659999847412109,6.644999980926514,6.65500020980835,11231,0.0,0.0
2024-06-20 11:00:00-04:00,6.65500020980835,6.659999847412109,6.639999866485596,6.659999847412109,23360,0.0,0.0
2024-06-20 11:05:00-04:00,6.65500020980835,6.659999847412109,6.644999980926514,6.644999980926514,22543,0.0,0.0
2024-06-20 11:10:00-04:00,6.639999866485596,6.675000190734863,6.639999866485596,6.675000190734863,35984,0.0,0.0
2024-06-20 11:15:00-04:00,6.670000076293945,6.675000190734863,6.65500020980835,6.675000190734863,33058,0.0,0.0
2024-06-20 11:20:00-04:00,6.675000190734863,6.675000190734863,6.659999847412109,6.659999847412109,5642,0.0,0.0
2024-06-20 11:25:00-04:00,6.664999961853027,6.670000076293945,6.659999847412109,6.670000076293945,50298,0.0,0.0
2024-06-20 11:30:00-04:00,6.664999961853027,6.670000076293945,6.659999847412109,6.670000076293945,8441,0.0,0.0
2024-06-20 11:35:00-04:00,6.664999961853027,6.670000076293945,6.659999847412109,6.659999847412109,12430,0.0,0.0
2024-06-20 11:40:00-04:00,6.670000076293945,6.679999828338623,6.659999847412109,6.675000190734863,33255,0.0,0.0
2024-06-20 11:45:00-04:00,6.675000190734863,6.679999828338623,6.65500020980835,6.664999961853027,28728,0.0,0.0
2024-06-20 11:50:00-04:00,6.664999961853027,6.664999961853027,6.639999866485596,6.639999866485596,51982,0.0,0.0
2024-06-20 11:55:00-04:00,6.639999866485596,6.659999847412109,6.610000133514404,6.614999771118164,63916,0.0,0.0
2024-06-20 12:00:00-04:00,6.614999771118164,6.619999885559082,6.610000133514404,6.619999885559082,29617,0.0,0.0
2024-06-20 12:05:00-04:00,6.614999771118164,6.619999885559082,6.612500190734863,6.612500190734863,9751,0.0,0.0
2024-06-20 12:10:00-04:00,6.614999771118164,6.630000114440918,6.612500190734863,6.625,24888,0.0,0.0
2024-06-20 12:15:00-04:00,6.625,6.630000114440918,6.619999885559082,6.625,12238,0.0,0.0
2024-06-20 12:20:00-04:00,6.622499942779541,6.630000114440918,6.610000133514404,6.614999771118164,63089,0.0,0.0
2024-06-20 12:25:00-04:00,6.614999771118164,6.619999885559082,6.610000133514404,6.614999771118164,9907,0.0,0.0
2024-06-20 12:30:00-04:00,6.614999771118164,6.614999771118164,6.590000152587891,6.605000019073486,39355,0.0,0.0
2024-06-20 12:35:00-04:00,6.599999904632568,6.610000133514404,6.590000152587891,6.605000019073486,27989,0.0,0.0
2024-06-20 12:40:00-04:00,6.605000019073486,6.610000133514404,6.599999904632568,6.610000133514404,12757,0.0,0.0
2024-06-20 12:45:00-04:00,6.605000019073486,6.610000133514404,6.599999904632568,6.599999904632568,13892,0.0,0.0
2024-06-20 12:50:00-04:00,6.610000133514404,6.614999771118164,6.59499979019165,6.605000019073486,53298,0.0,0.0
2024-06-20 12:55:00-04:00,6.605000019073486,6.610000133514404,6.590000152587891,6.59499979019165,28684,0.0,0.0
2024-06-20 13:00:00-04:00,6.59499979019165,6.599999904632568,6.590000152587891,6.590000152587891,13552,0.0,0.0
2024-06-20 13:05:00-04:00,6.59499979019165,6.59499979019165,6.570000171661377,6.574699878692627,49986,0.0,0.0
2024-06-20 13:10:00-04:00,6.574999809265137,6.574999809265137,6.559999942779541,6.564899921417236,16948,0.0,0.0
2024-06-20 13:15:00-04:00,6.559999942779541,6.574999809265137,6.559999942779541,6.565000057220459,57204,0.0,0.0
2024-06-20 13:20:00-04:00,6.565000057220459,6.565000057220459,6.550000190734863,6.554999828338623,37553,0.0,0.0
2024-06-20 13:25:00-04:00,6.554999828338623,6.559999942779541,6.550000190734863,6.554999828338623,19709,0.0,0.0
2024-06-20 13:30:00-04:00,6.559999942779541,6.559999942779541,6.534999847412109,6.534999847412109,44570,0.0,0.0
2024-06-20 13:35:00-04:00,6.534999847412109,6.539999961853027,6.519999980926514,6.519999980926514,45875,0.0,0.0
2024-06-20 13:40:00-04:00,6.525000095367432,6.539999961853027,6.519999980926514,6.525000095367432,42962,0.0,0.0
2024-06-20 13:45:00-04:00,6.525000095367432,6.550000190734863,6.525000095367432,6.550000190734863,48580,0.0,0.0
2024-06-20 13:50:00-04:00,6.550000190734863,6.550000190734863,6.53000020980835,6.534999847412109,56067,0.0,0.0
2024-06-20 13:55:00-04:00,6.534999847412109,6.539999961853027,6.53000020980835,6.534999847412109,21784,0.0,0.0
2024-06-20 14:00:00-04:00,6.534999847412109,6.539999961853027,6.53000020980835,6.539999961853027,26685,0.0,0.0
2024-06-20 14:05:00-04:00,6.539999961853027,6.559999942779541,6.539999961853027,6.559999942779541,43249,0.0,0.0
2024-06-20 14:10:00-04:00,6.559999942779541,6.559999942779541,6.539999961853027,6.539999961853027,25825,0.0,0.0
2024-06-20 14:15:00-04:00,6.542200088500977,6.550000190734863,6.539999961853027,6.539999961853027,24109,0.0,0.0
2024-06-20 14:20:00-04:00,6.545000076293945,6.550000190734863,6.539999961853027,6.545000076293945,21757,0.0,0.0
2024-06-20 14:25:00-04:00,6.539999961853027,6.550000190734863,6.539999961853027,6.550000190734863,21974,0.0,0.0
2024-06-20 14:30:00-04:00,6.550000190734863,6.550000190734863,6.53000020980835,6.53000020980835,43975,0.0,0.0
2024-06-20 14:35:00-04:00,6.534999847412109,6.539999961853027,6.53000020980835,6.534999847412109,31849,0.0,0.0
2024-06-20 14:40:00-04:00,6.534999847412109,6.539999961853027,6.519999980926514,6.519999980926514,61583,0.0,0.0
2024-06-20 14:45:00-04:00,6.519999980926514,6.519999980926514,6.510000228881836,6.514999866485596,45167,0.0,0.0
2024-06-20 14:50:00-04:00,6.514999866485596,6.53000020980835,6.510000228881836,6.528600215911865,59070,0.0,0.0
2024-06-20 14:55:00-04:00,6.525000095367432,6.53000020980835,6.510000228881836,6.510000228881836,37435,0.0,0.0
2024-06-20 15:00:00-04:00,6.514999866485596,6.514999866485596,6.5,6.505000114440918,143422,0.0,0.0
2024-06-20 15:05:00-04:00,6.505000114440918,6.510000228881836,6.5,6.505000114440918,36628,0.0,0.0
2024-06-20 15:10:00-04:00,6.510000228881836,6.519999980926514,6.5,6.514999866485596,61945,0.0,0.0
2024-06-20 15:15:00-04:00,6.514999866485596,6.539999961853027,6.510000228881836,6.534999847412109,49981,0.0,0.0
2024-06-20 15:20:00-04:00,6.539999961853027,6.559999942779541,6.534999847412109,6.559999942779541,67545,0.0,0.0
2024-06-20 15:25:00-04:00,6.559999942779541,6.570000171661377,6.554999828338623,6.565000057220459,54193,0.0,0.0
2024-06-20 15:30:00-04:00,6.570000171661377,6.574999809265137,6.559999942779541,6.574999809265137,89630,0.0,0.0
2024-06-20 15:35:00-04:00,6.574999809265137,6.579999923706055,6.570000171661377,6.570000171661377,56634,0.0,0.0
2024-06-20 15:40:00-04:00,6.570000171661377,6.574999809265137,6.53000020980835,6.545000076293945,164970,0.0,0.0
2024-06-20 15:45:00-04:00,6.545000076293945,6.550000190734863,6.539999961853027,6.545000076293945,53084,0.0,0.0
2024-06-20 15:50:00-04:00,6.539999961853027,6.565000057220459,6.539999961853027,6.559999942779541,181245,0.0,0.0
2024-06-20 15:55:00-04:00,6.559999942779541,6.559999942779541,6.519999980926514,6.519999980926514,406580,0.0,0.0
2024-06-21 09:30:00-04:00,6.510000228881836,6.550000190734863,6.5,6.519999980926514,127072,0.0,0.0
2024-06-21 09:35:00-04:00,6.525000095367432,6.550000190734863,6.525000095367432,6.550000190734863,15950,0.0,0.0
2024-06-21 09:40:00-04:00,6.539999961853027,6.559999942779541,6.525000095367432,6.559999942779541,14270,0.0,0.0
2024-06-21 09:45:00-04:00,6.550000190734863,6.614999771118164,6.545000076293945,6.610000133514404,53307,0.0,0.0
2024-06-21 09:50:00-04:00,6.610000133514404,6.614999771118164,6.585000038146973,6.599999904632568,19307,0.0,0.0
2024-06-21 09:55:00-04:00,6.59499979019165,6.599999904632568,6.570000171661377,6.579999923706055,15208,0.0,0.0
2024-06-21 10:00:00-04:00,6.579999923706055,6.610000133514404,6.579999923706055,6.610000133514404,14078,0.0,0.0
2024-06-21 10:05:00-04:00,6.610000133514404,6.610000133514404,6.605000019073486,6.610000133514404,13992,0.0,0.0
2024-06-21 10:10:00-04:00,6.605000019073486,6.614999771118164,6.59499979019165,6.610000133514404,36244,0.0,0.0
2024-06-21 10:15:00-04:00,6.605000019073486,6.610000133514404,6.579999923706055,6.605000019073486,68389,0.0,0.0
2024-06-21 10:20:00-04:00,6.605000019073486,6.610000133514404,6.599999904632568,6.599999904632568,8111,0.0,0.0
2024-06-21 10:25:00-04:00,6.599999904632568,6.605000019073486,6.590000152587891,6.599999904632568,25517,0.0,0.0
2024-06-21 10:30:00-04:00,6.59499979019165,6.610000133514404,6.59499979019165,6.605000019073486,33984,0.0,0.0
2024-06-21 10:35:00-04:00,6.605000019073486,6.605000019073486,6.590000152587891,6.590000152587891,113748,0.0,0.0
2024-06-21 10:40:00-04:00,6.59499979019165,6.605000019073486,6.590000152587891,6.599999904632568,27566,0.0,0.0
2024-06-21 10:45:00-04:00,6.59499979019165,6.605000019073486,6.579999923706055,6.585000038146973,30342,0.0,0.0
2024-06-21 10:50:00-04:00,6.579999923706055,6.599999904632568,6.579999923706055,6.583600044250488,29003,0.0,0.0
2024-06-21 10:55:00-04:00,6.585000038146973,6.585000038146973,6.559999942779541,6.565000057220459,36558,0.0,0.0
2024-06-21 11:00:00-04:00,6.565000057220459,6.590000152587891,6.559999942779541,6.589000225067139,59090,0.0,0.0
2024-06-21 11:05:00-04:00,6.585000038146973,6.590000152587891,6.579999923706055,6.585000038146973,34829,0.0,0.0
2024-06-21 11:10:00-04:00,6.585000038146973,6.59499979019165,6.579999923706055,6.59499979019165,15884,0.0,0.0
2024-06-21 11:15:00-04:00,6.599999904632568,6.599999904632568,6.574999809265137,6.579999923706055,42959,0.0,0.0
2024-06-21 11:20:00-04:00,6.574999809265137,6.589000225067139,6.574999809265137,6.585000038146973,18261,0.0,0.0
2024-06-21 11:25:00-04:00,6.585000038146973,6.590000152587891,6.574999809265137,6.585000038146973,45066,0.0,0.0
2024-06-21 11:30:00-04:00,6.579999923706055,6.590000152587891,6.579999923706055,6.579999923706055,44532,0.0,0.0
2024-06-21 11:35:00-04:00,6.585000038146973,6.585000038146973,6.559999942779541,6.574999809265137,96676,0.0,0.0
2024-06-21 11:40:00-04:00,6.579999923706055,6.585000038146973,6.574999809265137,6.585000038146973,26281,0.0,0.0
2024-06-21 11:45:00-04:00,6.587600231170654,6.599999904632568,6.579999923706055,6.579999923706055,44674,0.0,0.0
2024-06-21 11:50:00-04:00,6.585000038146973,6.589900016784668,6.579999923706055,6.585000038146973,12817,0.0,0.0
2024-06-21 11:55:00-04:00,6.585000038146973,6.599999904632568,6.579999923706055,6.59499979019165,48673,0.0,0.0
2024-06-21 12:00:00-04:00,6.590000152587891,6.59499979019165,6.579999923706055,6.585000038146973,45922,0.0,0.0
2024-06-21 12:05:00-04:00,6.585000038146973,6.589000225067139,6.579999923706055,6.585000038146973,14676,0.0,0.0
2024-06-21 12:10:00-04:00,6.585000038146973,6.590000152587891,6.580100059509277,6.585000038146973,22589,0.0,0.0
2024-06-21 12:15:00-04:00,6.585000038146973,6.590000152587891,6.579999923706055,6.585000038146973,11875,0.0,0.0
2024-06-21 12:20:00-04:00,6.585000038146973,6.590000152587891,6.579999923706055,6.590000152587891,31075,0.0,0.0
2024-06-21 12:25:00-04:00,6.585000038146973,6.590000152587891,6.579999923706055,6.579999923706055,10631,0.0,0.0
2024-06-21 12:30:00-04:00,6.585000038146973,6.585000038146973,6.559999942779541,6.568999767303467,39483,0.0,0.0
2024-06-21 12:35:00-04:00,6.565000057220459,6.570000171661377,6.559999942779541,6.565000057220459,14986,0.0,0.0
2024-06-21 12:40:00-04:00,6.565000057220459,6.570000171661377,6.559999942779541,6.565000057220459,13808,0.0,0.0
2024-06-21 12:45:00-04:00,6.565000057220459,6.565000057220459,6.550000190734863,6.554999828338623,22527,0.0,0.0
2024-06-21 12:50:00-04:00,6.554999828338623,6.554999828338623,6.545000076293945,6.545000076293945,20530,0.0,0.0
2024-06-21 12:55:00-04:00,6.545000076293945,6.550000190734863,6.539999961853027,6.545000076293945,17358,0.0,0.0
2024-06-21 13:00:00-04:00,6.539999961853027,6.559999942779541,6.539999961853027,6.554999828338623,20270,0.0,0.0
2024-06-21 13:05:00-04:00,6.554999828338623,6.559999942779541,6.554999828338623,6.554999828338623,11035,0.0,0.0
2024-06-21 13:10:00-04:00,6.559999942779541,6.559999942779541,6.53000020980835,6.545000076293945,60701,0.0,0.0
2024-06-21 13:15:00-04:00,6.545000076293945,6.550000190734863,6.539999961853027,6.549900054931641,8343,0.0,0.0
2024-06-21 13:20:00-04:00,6.539999961853027,6.539999961853027,6.53000020980835,6.539999961853027,14065,0.0,0.0
2024-06-21 13:25:00-04:00,6.534999847412109,6.535999774932861,6.525000095367432,6.534999847412109,48071,0.0,0.0
2024-06-21 13:30:00-04:00,6.534999847412109,6.534999847412109,6.519999980926514,6.525000095367432,60818,0.0,0.0
2024-06-21 13:35:00-04:00,6.519999980926514,6.539999961853027,6.519999980926514,6.534999847412109,47317,0.0,0.0
2024-06-21 13:40:00-04:00,6.534999847412109,6.539999961853027,6.53000020980835,6.534999847412109,24236,0.0,0.0
2024-06-21 13:45:00-04:00,6.53000020980835,6.537499904632568,6.510000228881836,6.514999866485596,26741,0.0,0.0
2024-06-21 13:50:00-04:00,6.514999866485596,6.514999866485596,6.510000228881836,6.514999866485596,9706,0.0,0.0
2024-06-21 13:55:00-04:00,6.514999866485596,6.519999980926514,6.510000228881836,6.514999866485596,19961,0.0,0.0
2024-06-21 14:00:00-04:00,6.514999866485596,6.519999980926514,6.5,6.514999866485596,186630,0.0,0.0
2024-06-21 14:05:00-04:00,6.514999866485596,6.519999980926514,6.510000228881836,6.514999866485596,21923,0.0,0.0
2024-06-21 14:10:00-04:00,6.514999866485596,6.514999866485596,6.5,6.505000114440918,26366,0.0,0.0
2024-06-21 14:15:00-04:00,6.505199909210205,6.510000228881836,6.5,6.5,26429,0.0,0.0
2024-06-21 14:20:00-04:00,6.5,6.510000228881836,6.489999771118164,6.505000114440918,103365,0.0,0.0
2024-06-21 14:25:00-04:00,6.505000114440918,6.505000114440918,6.5,6.505000114440918,19115,0.0,0.0
2024-06-21 14:30:00-04:00,6.505000114440918,6.519999980926514,6.5,6.514999866485596,68446,0.0,0.0
2024-06-21 14:35:00-04:00,6.510000228881836,6.514999866485596,6.480000019073486,6.480000019073486,91544,0.0,0.0
2024-06-21 14:40:00-04:00,6.485000133514404,6.489999771118164,6.46999979019165,6.485000133514404,58052,0.0,0.0
2024-06-21 14:45:00-04:00,6.485000133514404,6.485000133514404,6.46999979019165,6.485000133514404,45641,0.0,0.0
2024-06-21 14:50:00-04:00,6.485000133514404,6.489999771118164,6.484600067138672,6.485000133514404,27785,0.0,0.0
2024-06-21 14:55:00-04:00,6.485000133514404,6.5,6.482500076293945,6.5,77817,0.0,0.0
2024-06-21 15:00:00-04:00,6.494999885559082,6.53000020980835,6.494999885559082,6.53000020980835,119779,0.0,0.0
2024-06-21 15:05:00-04:00,6.5279998779296875,6.539999961853027,6.525000095367432,6.539999961853027,65699,0.0,0.0
2024-06-21 15:10:00-04:00,6.534999847412109,6.630000114440918,6.534999847412109,6.625,230468,0.0,0.0
2024-06-21 15:15:00-04:00,6.625,6.645299911499023,6.59499979019165,6.605000019073486,260114,0.0,0.0
2024-06-21 15:20:00-04:00,6.605000019073486,6.605000019073486,6.579999923706055,6.590000152587891,97321,0.0,0.0
2024-06-21 15:25:00-04:00,6.585000038146973,6.599999904632568,6.579999923706055,6.599999904632568,96710,0.0,0.0
2024-06-21 15:30:00-04:00,6.59499979019165,6.619999885559082,6.590000152587891,6.619999885559082,77465,0.0,0.0
2024-06-21 15:35:00-04:00,6.614999771118164,6.625,6.610000133514404,6.614999771118164,164679,0.0,0.0
2024-06-21 15:40:00-04:00,6.614999771118164,6.65500020980835,6.614999771118164,6.644999980926514,236849,0.0,0.0
2024-06-21 15:45:00-04:00,6.650000095367432,6.695000171661377,6.644999980926514,6.675000190734863,282515,0.0,0.0
2024-06-21 15:50:00-04:00,6.679999828338623,6.764999866485596,6.679999828338623,6.735000133514404,604804,0.0,0.0
2024-06-21 15:55:00-04:00,6.735000133514404,6.735000133514404,6.699999809265137,6.710000038146973,1045910,0.0,0.0
2024-06-24 09:30:00-04:00,6.679999828338623,6.710000038146973,6.539999961853027,6.539999961853027,159774,0.0,0.0
2024-06-24 09:35:00-04:00,6.534999847412109,6.610000133514404,6.53000020980835,6.605000019073486,69213,0.0,0.0
2024-06-24 09:40:00-04:00,6.610000133514404,6.644999980926514,6.599999904632568,6.605000019073486,40907,0.0,0.0
2024-06-24 09:45:00-04:00,6.599999904632568,6.670000076293945,6.590000152587891,6.650000095367432,47014,0.0,0.0
2024-06-24 09:50:00-04:00,6.65500020980835,6.699999809265137,6.650000095367432,6.695000171661377,53138,0.0,0.0
2024-06-24 09:55:00-04:00,6.695000171661377,6.710000038146973,6.679999828338623,6.699999809265137,94842,0.0,0.0
2024-06-24 10:00:00-04:00,6.699900150299072,6.755000114440918,6.679999828338623,6.735000133514404,126867,0.0,0.0
2024-06-24 10:05:00-04:00,6.735000133514404,6.735000133514404,6.699999809265137,6.71999979019165,48091,0.0,0.0
2024-06-24 10:10:00-04:00,6.730000019073486,6.755000114440918,6.724999904632568,6.735000133514404,75500,0.0,0.0
2024-06-24 10:15:00-04:00,6.739999771118164,6.78000020980835,6.730000019073486,6.764999866485596,87977,0.0,0.0
2024-06-24 10:20:00-04:00,6.764999866485596,6.769999980926514,6.739999771118164,6.739999771118164,35355,0.0,0.0
2024-06-24 10:25:00-04:00,6.739999771118164,6.739999771118164,6.690000057220459,6.699999809265137,50426,0.0,0.0
2024-06-24 10:30:00-04:00,6.695000171661377,6.710000038146973,6.679999828338623,6.690000057220459,29031,0.0,0.0
2024-06-24 10:35:00-04:00,6.689000129699707,6.699999809265137,6.679999828338623,6.684999942779541,29070,0.0,0.0
2024-06-24 10:40:00-04:00,6.684999942779541,6.710000038146973,6.679999828338623,6.704999923706055,25500,0.0,0.0
2024-06-24 10:45:00-04:00,6.704999923706055,6.71999979019165,6.695000171661377,6.71019983291626,23634,0.0,0.0
2024-06-24 10:50:00-04:00,6.710000038146973,6.730000019073486,6.699999809265137,6.71999979019165,26188,0.0,0.0
2024-06-24 10:55:00-04:00,6.724999904632568,6.730000019073486,6.71999979019165,6.724699974060059,25505,0.0,0.0
2024-06-24 11:00:00-04:00,6.730000019073486,6.739999771118164,6.71999979019165,6.724999904632568,34773,0.0,0.0
2024-06-24 11:05:00-04:00,6.730000019073486,6.75,6.71999979019165,6.744999885559082,22953,0.0,0.0
2024-06-24 11:10:00-04:00,6.744999885559082,6.75,6.739999771118164,6.75,11858,0.0,0.0
2024-06-24 11:15:00-04:00,6.75,6.75,6.730000019073486,6.739999771118164,47233,0.0,0.0
2024-06-24 11:20:00-04:00,6.739999771118164,6.775000095367432,6.739999771118164,6.775000095367432,78154,0.0,0.0
2024-06-24 11:25:00-04:00,6.775000095367432,6.78000020980835,6.769999980926514,6.775000095367432,12533,0.0,0.0
2024-06-24 11:30:00-04:00,6.769999980926514,6.789999961853027,6.769999980926514,6.784999847412109,36609,0.0,0.0
2024-06-24 11:35:00-04:00,6.789999961853027,6.789999961853027,6.760000228881836,6.760000228881836,48342,0.0,0.0
2024-06-24 11:40:00-04:00,6.760000228881836,6.765999794006348,6.739999771118164,6.744999885559082,24638,0.0,0.0
2024-06-24 11:45:00-04:00,6.739999771118164,6.75,6.730000019073486,6.735000133514404,19263,0.0,0.0
2024-06-24 11:50:00-04:00,6.735000133514404,6.739999771118164,6.710000038146973,6.710000038146973,26052,0.0,0.0
2024-06-24 11:55:00-04:00,6.710000038146973,6.730000019073486,6.699999809265137,6.724999904632568,58376,0.0,0.0
2024-06-24 12:00:00-04:00,6.71999979019165,6.71999979019165,6.710000038146973,6.710000038146973,12969,0.0,0.0
2024-06-24 12:05:00-04:00,6.710000038146973,6.71999979019165,6.710000038146973,6.710000038146973,16471,0.0,0.0
2024-06-24 12:10:00-04:00,6.715000152587891,6.71999979019165,6.710000038146973,6.715099811553955,9231,0.0,0.0
2024-06-24 12:15:00-04:00,6.715000152587891,6.724999904632568,6.710000038146973,6.724999904632568,35656,0.0,0.0
2024-06-24 12:20:00-04:00,6.71999979019165,6.726200103759766,6.71999979019165,6.724999904632568,12531,0.0,0.0
2024-06-24 12:25:00-04:00,6.724999904632568,6.724999904632568,6.699999809265137,6.710000038146973,68524,0.0,0.0
2024-06-24 12:30:00-04:00,6.715000152587891,6.715000152587891,6.699999809265137,6.699999809265137,31672,0.0,0.0
2024-06-24 12:35:00-04:00,6.699999809265137,6.710000038146973,6.699999809265137,6.699999809265137,25745,0.0,0.0
2024-06-24 12:40:00-04:00,6.699999809265137,6.704999923706055,6.679999828338623,6.679999828338623,32555,0.0,0.0
2024-06-24 12:45:00-04:00,6.679999828338623,6.690000057220459,6.670000076293945,6.670000076293945,27962,0.0,0.0
2024-06-24 12:50:00-04:00,6.670000076293945,6.675000190734863,6.650000095367432,6.650000095367432,34735,0.0,0.0
2024-06-24 12:55:00-04:00,6.650000095367432,6.65500020980835,6.650000095367432,6.650000095367432,15587,0.0,0.0
2024-06-24 13:00:00-04:00,6.650000095367432,6.659999847412109,6.650000095367432,6.65500020980835,26541,0.0,0.0
2024-06-24 13:05:00-04:00,6.65500020980835,6.659999847412109,6.650000095367432,6.65500020980835,17702,0.0,0.0
2024-06-24 13:10:00-04:00,6.65500020980835,6.659999847412109,6.650000095367432,6.650000095367432,13928,0.0,0.0
2024-06-24 13:15:00-04:00,6.650000095367432,6.650000095367432,6.630000114440918,6.644999980926514,73541,0.0,0.0
2024-06-24 13:20:00-04:00,6.644999980926514,6.644999980926514,6.630000114440918,6.630000114440918,19323,0.0,0.0
2024-06-24 13:25:00-04:00,6.635000228881836,6.635000228881836,6.619999885559082,6.625,39934,0.0,0.0
2024-06-24 13:30:00-04:00,6.625,6.630000114440918,6.619999885559082,6.619999885559082,18755,0.0,0.0
2024-06-24 13:35:00-04:00,6.619999885559082,6.639999866485596,6.619999885559082,6.635000228881836,36937,0.0,0.0
2024-06-24 13:40:00-04:00,6.635000228881836,6.650000095367432,6.619999885559082,6.640999794006348,84564,0.0,0.0
2024-06-24 13:45:00-04:00,6.639999866485596,6.650000095367432,6.630000114440918,6.635000228881836,28218,0.0,0.0
2024-06-24 13:50:00-04:00,6.630000114440918,6.635000228881836,6.630000114440918,6.635000228881836,18377,0.0,0.0
2024-06-24 13:55:00-04:00,6.630000114440918,6.644999980926514,6.630000114440918,6.630000114440918,55751,0.0,0.0
2024-06-24 14:00:00-04:00,6.635000228881836,6.639999866485596,6.630000114440918,6.639999866485596,24325,0.0,0.0
2024-06-24 14:05:00-04:00,6.635000228881836,6.659999847412109,6.635000228881836,6.644999980926514,92231,0.0,0.0
2024-06-24 14:10:00-04:00,6.644999980926514,6.650000095367432,6.639999866485596,6.650000095367432,10898,0.0,0.0
2024-06-24 14:15:00-04:00,6.644999980926514,6.659999847412109,6.639999866485596,6.650000095367432,90591,0.0,0.0
2024-06-24 14:20:00-04:00,6.659999847412109,6.670000076293945,6.650300025939941,6.664999961853027,59209,0.0,0.0
2024-06-24 14:25:00-04:00,6.663599967956543,6.679999828338623,6.659999847412109,6.670000076293945,42088,0.0,0.0
2024-06-24 14:30:00-04:00,6.675000190734863,6.679999828338623,6.664999961853027,6.675000190734863,34400,0.0,0.0
2024-06-24 14:35:00-04:00,6.675000190734863,6.679999828338623,6.660099983215332,6.664899826049805,25777,0.0,0.0
2024-06-24 14:40:00-04:00,6.664999961853027,6.670000076293945,6.659999847412109,6.664999961853027,23571,0.0,0.0
2024-06-24 14:45:00-04:00,6.664999961853027,6.699999809265137,6.659999847412109,6.690000057220459,91354,0.0,0.0
2024-06-24 14:50:00-04:00,6.690000057220459,6.699999809265137,6.690000057220459,6.695000171661377,18879,0.0,0.0
2024-06-24 14:55:00-04:00,6.695000171661377,6.695000171661377,6.679999828338623,6.679999828338623,23381,0.0,0.0
2024-06-24 15:00:00-04:00,6.684999942779541,6.699999809265137,6.684999942779541,6.699999809265137,69024,0.0,0.0
2024-06-24 15:05:00-04:00,6.699999809265137,6.699999809265137,6.690000057220459,6.695000171661377,15584,0.0,0.0
2024-06-24 15:10:00-04:00,6.690000057220459,6.715000152587891,6.690000057220459,6.704999923706055,77280,0.0,0.0
2024-06-24 15:15:00-04:00,6.710000038146973,6.710000038146973,6.690000057220459,6.690000057220459,38717,0.0,0.0
2024-06-24 15:20:00-04:00,6.690000057220459,6.699999809265137,6.690000057220459,6.690000057220459,40805,0.0,0.0
2024-06-24 15:25:00-04:00,6.690100193023682,6.699999809265137,6.690000057220459,6.695000171661377,39158,0.0,0.0
2024-06-24 15:30:00-04:00,6.690000057220459,6.699999809265137,6.690000057220459,6.695000171661377,44595,0.0,0.0
2024-06-24 15:35:00-04:00,6.699999809265137,6.704999923706055,6.670000076293945,6.684999942779541,69207,0.0,0.0
2024-06-24 15:40:00-04:00,6.679999828338623,6.690000057220459,6.670000076293945,6.684999942779541,99171,0.0,0.0
2024-06-24 15:45:00-04:00,6.681099891662598,6.690000057220459,6.681099891662598,6.684999942779541,50978,0.0,0.0
2024-06-24 15:50:00-04:00,6.684999942779541,6.690000057220459,6.659999847412109,6.684999942779541,196778,0.0,0.0
2024-06-24 15:55:00-04:00,6.684999942779541,6.690000057220459,6.664999961853027,6.670000076293945,411864,0.0,0.0
2024-06-25 09:30:00-04:00,6.650000095367432,6.675000190734863,6.582600116729736,6.590000152587891,53043,0.0,0.0
2024-06-25 09:35:00-04:00,6.590000152587891,6.619999885559082,6.583399772644043,6.599999904632568,23082,0.0,0.0
2024-06-25 09:40:00-04:00,6.605000019073486,6.610000133514404,6.585000038146973,6.610000133514404,15520,0.0,0.0
2024-06-25 09:45:00-04:00,6.619999885559082,6.625,6.579999923706055,6.590000152587891,34143,0.0,0.0
2024-06-25 09:50:00-04:00,6.585000038146973,6.59499979019165,6.565000057220459,6.570000171661377,25068,0.0,0.0
2024-06-25 09:55:00-04:00,6.574999809265137,6.578999996185303,6.550000190734863,6.550000190734863,37066,0.0,0.0
2024-06-25 10:00:00-04:00,6.554999828338623,6.559999942779541,6.539999961853027,6.550000190734863,28306,0.0,0.0
2024-06-25 10:05:00-04:00,6.539999961853027,6.549900054931641,6.514999866485596,6.514999866485596,46336,0.0,0.0
2024-06-25 10:10:00-04:00,6.514999866485596,6.5345001220703125,6.510000228881836,6.529900074005127,25836,0.0,0.0
2024-06-25 10:15:00-04:00,6.525000095367432,6.550000190734863,6.519999980926514,6.550000190734863,17566,0.0,0.0
2024-06-25 10:20:00-04:00,6.550000190734863,6.554999828338623,6.53000020980835,6.53000020980835,55695,0.0,0.0
2024-06-25 10:25:00-04:00,6.525000095367432,6.525000095367432,6.510000228881836,6.510000228881836,18816,0.0,0.0
2024-06-25 10:30:00-04:00,6.518099784851074,6.519999980926514,6.510000228881836,6.510000228881836,15670,0.0,0.0
2024-06-25 10:35:00-04:00,6.519999980926514,6.550000190734863,6.519999980926514,6.545000076293945,25348,0.0,0.0
2024-06-25 10:40:00-04:00,6.550000190734863,6.559999942779541,6.550000190734863,6.554999828338623,36658,0.0,0.0
2024-06-25 10:45:00-04:00,6.559999942779541,6.565000057220459,6.539999961853027,6.539999961853027,28714,0.0,0.0
2024-06-25 10:50:00-04:00,6.545000076293945,6.550000190734863,6.539999961853027,6.545000076293945,15736,0.0,0.0
2024-06-25 10:55:00-04:00,6.539999961853027,6.550000190734863,6.519999980926514,6.525000095367432,40196,0.0,0.0
2024-06-25 11:00:00-04:00,6.525000095367432,6.525000095367432,6.510000228881836,6.514999866485596,15200,0.0,0.0
2024-06-25 11:05:00-04:00,6.510000228881836,6.519999980926514,6.510000228881836,6.514999866485596,16863,0.0,0.0
2024-06-25 11:10:00-04:00,6.519000053405762,6.53000020980835,6.519000053405762,6.525000095367432,12040,0.0,0.0
2024-06-25 11:15:00-04:00,6.529799938201904,6.539999961853027,6.525000095367432,6.534999847412109,42249,0.0,0.0
2024-06-25 11:20:00-04:00,6.539999961853027,6.539999961853027,6.519999980926514,6.525000095367432,37754,0.0,0.0
2024-06-25 11:25:00-04:00,6.525000095367432,6.53000020980835,6.525000095367432,6.53000020980835,6297,0.0,0.0
2024-06-25 11:30:00-04:00,6.53000020980835,6.539999961853027,6.514999866485596,6.514999866485596,74637,0.0,0.0
2024-06-25 11:35:00-04:00,6.510000228881836,6.510000228881836,6.5,6.510000228881836,72915,0.0,0.0
2024-06-25 11:40:00-04:00,6.5,6.510000228881836,6.5,6.510000228881836,5328,0.0,0.0
2024-06-25 11:45:00-04:00,6.505000114440918,6.510000228881836,6.494999885559082,6.494999885559082,23587,0.0,0.0
2024-06-25 11:50:00-04:00,6.494999885559082,6.5,6.489999771118164,6.5,10735,0.0,0.0
2024-06-25 11:55:00-04:00,6.494999885559082,6.5,6.480000019073486,6.489999771118164,31627,0.0,0.0
2024-06-25 12:00:00-04:00,6.485000133514404,6.5,6.485000133514404,6.5,16171,0.0,0.0
2024-06-25 12:05:00-04:00,6.489999771118164,6.5,6.489999771118164,6.5,8043,0.0,0.0
2024-06-25 12:10:00-04:00,6.5,6.505000114440918,6.480000019073486,6.485000133514404,47726,0.0,0.0
2024-06-25 12:15:00-04:00,6.485000133514404,6.485000133514404,6.462500095367432,6.462500095367432,43420,0.0,0.0
2024-06-25 12:20:00-04:00,6.465000152587891,6.46999979019165,6.460000038146973,6.460000038146973,16695,0.0,0.0
2024-06-25 12:25:00-04:00,6.465000152587891,6.480000019073486,6.465000152587891,6.479899883270264,46513,0.0,0.0
2024-06-25 12:30:00-04:00,6.474999904632568,6.480000019073486,6.460000038146973,6.460000038146973,25370,0.0,0.0
2024-06-25 12:35:00-04:00,6.465000152587891,6.46999979019165,6.460000038146973,6.465000152587891,12313,0.0,0.0
2024-06-25 12:40:00-04:00,6.465000152587891,6.46999979019165,6.445000171661377,6.445000171661377,105135,0.0,0.0
2024-06-25 12:45:00-04:00,6.440000057220459,6.449999809265137,6.440000057220459,6.445000171661377,24628,0.0,0.0
2024-06-25 12:50:00-04:00,6.445000171661377,6.454999923706055,6.429999828338623,6.445000171661377,81067,0.0,0.0
2024-06-25 12:55:00-04:00,6.440000057220459,6.445000171661377,6.4344000816345215,6.445000171661377,30146,0.0,0.0
2024-06-25 13:00:00-04:00,6.440000057220459,6.44789981842041,6.440000057220459,6.445000171661377,12096,0.0,0.0
2024-06-25 13:05:00-04:00,6.445000171661377,6.454999923706055,6.445000171661377,6.445000171661377,42595,0.0,0.0
2024-06-25 13:10:00-04:00,6.449699878692627,6.46999979019165,6.440000057220459,6.46999979019165,49125,0.0,0.0
2024-06-25 13:15:00-04:00,6.465000152587891,6.465000152587891,6.449999809265137,6.454999923706055,15356,0.0,0.0
2024-06-25 13:20:00-04:00,6.454999923706055,6.460000038146973,6.449999809265137,6.460000038146973,40773,0.0,0.0
2024-06-25 13:25:00-04:00,6.454999923706055,6.454999923706055,6.440000057220459,6.454999923706055,26223,0.0,0.0
2024-06-25 13:30:00-04:00,6.454999923706055,6.460000038146973,6.449999809265137,6.454999923706055,14408,0.0,0.0
2024-06-25 13:35:00-04:00,6.449999809265137,6.460000038146973,6.440000057220459,6.449999809265137,52778,0.0,0.0
2024-06-25 13:40:00-04:00,6.454999923706055,6.468400001525879,6.454999923706055,6.460000038146973,65872,0.0,0.0
2024-06-25 13:45:00-04:00,6.454999923706055,6.460000038146973,6.449999809265137,6.454999923706055,23659,0.0,0.0
2024-06-25 13:50:00-04:00,6.454999923706055,6.4567999839782715,6.449999809265137,6.454999923706055,12125,0.0,0.0
2024-06-25 13:55:00-04:00,6.449999809265137,6.460000038146973,6.449999809265137,6.460000038146973,15605,0.0,0.0
2024-06-25 14:00:00-04:00,6.449999809265137,6.449999809265137,6.440000057220459,6.445000171661377,20067,0.0,0.0
2024-06-25 14:05:00-04:00,6.449999809265137,6.460000038146973,6.445000171661377,6.454999923706055,25097,0.0,0.0
2024-06-25 14:10:00-04:00,6.455699920654297,6.460000038146973,6.449999809265137,6.454999923706055,13751,0.0,0.0
2024-06-25 14:15:00-04:00,6.4552001953125,6.460000038146973,6.449999809265137,6.454999923706055,12255,0.0,0.0
2024-06-25 14:20:00-04:00,6.455399990081787,6.460000038146973,6.449999809265137,6.454999923706055,20338,0.0,0.0
2024-06-25 14:25:00-04:00,6.454999923706055,6.460000038146973,6.449999809265137,6.449999809265137,14876,0.0,0.0
2024-06-25 14:30:00-04:00,6.449999809265137,6.460000038146973,6.449999809265137,6.454999923706055,14939,0.0,0.0
2024-06-25 14:35:00-04:00,6.460000038146973,6.460000038146973,6.449999809265137,6.454999923706055,90642,0.0,0.0
2024-06-25 14:40:00-04:00,6.454999923706055,6.460000038146973,6.449999809265137,6.454999923706055,66291,0.0,0.0
2024-06-25 14:45:00-04:00,6.4542999267578125,6.460000038146973,6.434700012207031,6.440000057220459,90412,0.0,0.0
2024-06-25 14:50:00-04:00,6.440000057220459,6.445300102233887,6.440000057220459,6.440000057220459,23676,0.0,0.0
2024-06-25 14:55:00-04:00,6.445000171661377,6.445000171661377,6.429999828338623,6.434999942779541,60272,0.0,0.0
2024-06-25 15:00:00-04:00,6.434999942779541,6.440000057220459,6.420000076293945,6.425000190734863,32710,0.0,0.0
2024-06-25 15:05:00-04:00,6.425000190734863,6.425000190734863,6.409999847412109,6.410099983215332,70350,0.0,0.0
2024-06-25 15:10:00-04:00,6.419899940490723,6.420000076293945,6.409999847412109,6.420000076293945,16520,0.0,0.0
2024-06-25 15:15:00-04:00,6.414999961853027,6.420000076293945,6.410099983215332,6.414999961853027,32681,0.0,0.0
2024-06-25 15:20:00-04:00,6.414999961853027,6.420000076293945,6.409999847412109,6.414999961853027,20141,0.0,0.0
2024-06-25 15:25:00-04:00,6.414999961853027,6.420000076293945,6.409999847412109,6.409999847412109,21107,0.0,0.0
2024-06-25 15:30:00-04:00,6.414999961853027,6.420000076293945,6.400000095367432,6.40500020980835,119421,0.0,0.0
2024-06-25 15:35:00-04:00,6.40500020980835,6.40500020980835,6.380000114440918,6.385000228881836,89487,0.0,0.0
2024-06-25 15:40:00-04:00,6.389999866485596,6.389999866485596,6.380000114440918,6.389999866485596,57556,0.0,0.0
2024-06-25 15:45:00-04:00,6.389999866485596,6.400000095367432,6.389999866485596,6.394999980926514,81897,0.0,0.0
2024-06-25 15:50:00-04:00,6.394999980926514,6.394999980926514,6.369999885559082,6.375,211380,0.0,0.0
2024-06-25 15:55:00-04:00,6.380000114440918,6.380000114440918,6.351500034332275,6.369999885559082,283984,0.0,0.0
2024-06-26 09:30:00-04:00,6.340000152587891,6.360000133514404,6.321400165557861,6.360000133514404,73297,0.0,0.0
2024-06-26 09:35:00-04:00,6.349999904632568,6.349999904632568,6.320000171661377,6.340000152587891,51528,0.0,0.0
2024-06-26 09:40:00-04:00,6.340000152587891,6.340000152587891,6.320000171661377,6.324999809265137,10061,0.0,0.0
2024-06-26 09:45:00-04:00,6.323999881744385,6.335000038146973,6.309999942779541,6.324999809265137,55730,0.0,0.0
2024-06-26 09:50:00-04:00,6.329999923706055,6.360000133514404,6.329999923706055,6.359899997711182,32063,0.0,0.0
2024-06-26 09:55:00-04:00,6.355000019073486,6.355000019073486,6.320000171661377,6.324999809265137,36828,0.0,0.0
2024-06-26 10:00:00-04:00,6.324999809265137,6.324999809265137,6.28000020980835,6.289999961853027,46454,0.0,0.0
2024-06-26 10:05:00-04:00,6.295100212097168,6.295100212097168,6.28000020980835,6.289999961853027,46793,0.0,0.0
2024-06-26 10:10:00-04:00,6.289999961853027,6.300000190734863,6.289999961853027,6.295000076293945,19161,0.0,0.0
2024-06-26 10:15:00-04:00,6.300000190734863,6.300000190734863,6.28000020980835,6.284999847412109,52120,0.0,0.0
2024-06-26 10:20:00-04:00,6.284999847412109,6.289899826049805,6.269999980926514,6.275000095367432,52971,0.0,0.0
2024-06-26 10:25:00-04:00,6.28000020980835,6.300000190734863,6.275000095367432,6.295000076293945,33997,0.0,0.0
2024-06-26 10:30:00-04:00,6.295000076293945,6.304999828338623,6.289999961853027,6.289999961853027,45217,0.0,0.0
2024-06-26 10:35:00-04:00,6.295000076293945,6.295000076293945,6.283199787139893,6.289999961853027,16725,0.0,0.0
2024-06-26 10:40:00-04:00,6.284999847412109,6.289999961853027,6.28000020980835,6.283199787139893,16611,0.0,0.0
2024-06-26 10:45:00-04:00,6.28000020980835,6.289999961853027,6.269899845123291,6.275000095367432,76326,0.0,0.0
2024-06-26 10:50:00-04:00,6.275000095367432,6.28000020980835,6.269999980926514,6.275000095367432,37480,0.0,0.0
2024-06-26 10:55:00-04:00,6.275000095367432,6.28000020980835,6.269999980926514,6.279900074005127,17419,0.0,0.0
2024-06-26 11:00:00-04:00,6.275000095367432,6.309999942779541,6.275000095367432,6.309999942779541,29133,0.0,0.0
2024-06-26 11:05:00-04:00,6.309999942779541,6.309999942779541,6.304999828338623,6.309999942779541,13500,0.0,0.0
2024-06-26 11:10:00-04:00,6.304999828338623,6.309999942779541,6.295000076293945,6.295000076293945,29182,0.0,0.0
2024-06-26 11:15:00-04:00,6.289999961853027,6.295000076293945,6.28000020980835,6.284999847412109,24726,0.0,0.0
2024-06-26 11:20:00-04:00,6.28000020980835,6.309999942779541,6.28000020980835,6.304999828338623,29789,0.0,0.0
2024-06-26 11:25:00-04:00,6.309999942779541,6.320000171661377,6.300000190734863,6.320000171661377,24171,0.0,0.0
2024-06-26 11:30:00-04:00,6.320000171661377,6.320000171661377,6.300000190734863,6.304999828338623,106809,0.0,0.0
2024-06-26 11:35:00-04:00,6.304999828338623,6.309999942779541,6.300000190734863,6.300000190734863,11948,0.0,0.0
2024-06-26 11:40:00-04:00,6.300000190734863,6.309999942779541,6.300000190734863,6.309999942779541,20204,0.0,0.0
2024-06-26 11:45:00-04:00,6.304999828338623,6.309999942779541,6.300000190734863,6.304999828338623,17926,0.0,0.0
2024-06-26 11:50:00-04:00,6.304999828338623,6.320000171661377,6.295000076293945,6.315000057220459,73044,0.0,0.0
2024-06-26 11:55:00-04:00,6.315000057220459,6.315000057220459,6.300000190734863,6.304999828338623,16941,0.0,0.0
2024-06-26 12:00:00-04:00,6.304999828338623,6.309999942779541,6.289999961853027,6.309999942779541,30518,0.0,0.0
2024-06-26 12:05:00-04:00,6.304999828338623,6.309999942779541,6.300000190734863,6.304999828338623,15480,0.0,0.0
2024-06-26 12:10:00-04:00,6.304999828338623,6.309999942779541,6.295000076293945,6.304999828338623,38400,0.0,0.0
2024-06-26 12:15:00-04:00,6.304999828338623,6.324999809265137,6.300000190734863,6.324999809265137,27235,0.0,0.0
2024-06-26 12:20:00-04:00,6.320000171661377,6.324999809265137,6.284999847412109,6.284999847412109,57836,0.0,0.0
2024-06-26 12:25:00-04:00,6.284999847412109,6.289000034332275,6.28000020980835,6.28000020980835,13822,0.0,0.0
2024-06-26 12:30:00-04:00,6.28000020980835,6.289999961853027,6.269999980926514,6.269999980926514,41473,0.0,0.0
2024-06-26 12:35:00-04:00,6.269999980926514,6.275000095367432,6.235000133514404,6.255000114440918,204980,0.0,0.0
2024-06-26 12:40:00-04:00,6.259900093078613,6.260000228881836,6.25,6.255000114440918,14107,0.0,0.0
2024-06-26 12:45:00-04:00,6.260000228881836,6.269999980926514,6.260000228881836,6.267499923706055,20899,0.0,0.0
2024-06-26 12:50:00-04:00,6.260000228881836,6.269999980926514,6.260000228881836,6.264999866485596,19153,0.0,0.0
2024-06-26 12:55:00-04:00,6.269999980926514,6.284999847412109,6.25,6.284999847412109,48311,0.0,0.0
2024-06-26 13:00:00-04:00,6.284999847412109,6.284999847412109,6.275000095367432,6.28000020980835,13555,0.0,0.0
2024-06-26 13:05:00-04:00,6.289999961853027,6.300000190734863,6.28000020980835,6.289999961853027,22461,0.0,0.0
2024-06-26 13:10:00-04:00,6.289999961853027,6.300000190734863,6.28439998626709,6.284999847412109,22155,0.0,0.0
2024-06-26 13:15:00-04:00,6.289999961853027,6.300000190734863,6.289999961853027,6.295000076293945,30602,0.0,0.0
2024-06-26 13:20:00-04:00,6.289999961853027,6.300000190734863,6.284999847412109,6.295000076293945,32413,0.0,0.0
2024-06-26 13:25:00-04:00,6.295000076293945,6.300000190734863,6.28000020980835,6.289999961853027,18900,0.0,0.0
2024-06-26 13:30:00-04:00,6.284999847412109,6.289899826049805,6.269999980926514,6.269999980926514,51982,0.0,0.0
2024-06-26 13:35:00-04:00,6.275000095367432,6.28000020980835,6.269999980926514,6.275000095367432,17122,0.0,0.0
2024-06-26 13:40:00-04:00,6.28000020980835,6.28000020980835,6.269999980926514,6.28000020980835,17819,0.0,0.0
2024-06-26 13:45:00-04:00,6.275000095367432,6.28000020980835,6.269999980926514,6.275000095367432,18192,0.0,0.0
2024-06-26 13:50:00-04:00,6.275000095367432,6.28000020980835,6.269999980926514,6.28000020980835,16800,0.0,0.0
2024-06-26 13:55:00-04:00,6.275000095367432,6.28000020980835,6.262499809265137,6.269700050354004,51786,0.0,0.0
2024-06-26 14:00:00-04:00,6.264999866485596,6.300000190734863,6.2600998878479,6.300000190734863,35733,0.0,0.0
2024-06-26 14:05:00-04:00,6.300000190734863,6.309999942779541,6.300000190734863,6.309999942779541,35386,0.0,0.0
2024-06-26 14:10:00-04:00,6.304999828338623,6.309999942779541,6.300000190734863,6.309999942779541,21468,0.0,0.0
2024-06-26 14:15:00-04:00,6.304999828338623,6.309999942779541,6.300000190734863,6.300000190734863,19533,0.0,0.0
2024-06-26 14:20:00-04:00,6.304999828338623,6.309999942779541,6.295000076293945,6.295000076293945,73127,0.0,0.0
2024-06-26 14:25:00-04:00,6.295000076293945,6.309999942779541,6.291399955749512,6.301300048828125,27987,0.0,0.0
2024-06-26 14:30:00-04:00,6.304999828338623,6.309999942779541,6.304999828338623,6.309999942779541,11752,0.0,0.0
2024-06-26 14:35:00-04:00,6.304999828338623,6.315000057220459,6.30109977722168,6.315000057220459,41308,0.0,0.0
2024-06-26 14:40:00-04:00,6.309999942779541,6.320000171661377,6.304999828338623,6.304999828338623,47470,0.0,0.0
2024-06-26 14:45:00-04:00,6.304999828338623,6.315000057220459,6.304999828338623,6.315000057220459,35484,0.0,0.0
2024-06-26 14:50:00-04:00,6.315000057220459,6.315000057220459,6.300000190734863,6.304999828338623,21073,0.0,0.0
2024-06-26 14:55:00-04:00,6.304999828338623,6.315000057220459,6.300000190734863,6.315000057220459,30181,0.0,0.0
2024-06-26 15:00:00-04:00,6.320000171661377,6.360000133514404,6.309999942779541,6.355000019073486,86715,0.0,0.0
2024-06-26 15:05:00-04:00,6.355000019073486,6.360000133514404,6.349999904632568,6.355000019073486,10908,0.0,0.0
2024-06-26 15:10:00-04:00,6.360000133514404,6.360000133514404,6.340000152587891,6.34499979019165,34777,0.0,0.0
2024-06-26 15:15:00-04:00,6.34499979019165,6.349899768829346,6.340000152587891,6.341000080108643,28421,0.0,0.0
2024-06-26 15:20:00-04:00,6.34499979019165,6.349999904632568,6.329999923706055,6.335000038146973,72003,0.0,0.0
2024-06-26 15:25:00-04:00,6.329999923706055,6.349999904632568,6.329999923706055,6.335000038146973,92405,0.0,0.0
2024-06-26 15:30:00-04:00,6.335000038146973,6.349999904632568,6.330100059509277,6.34499979019165,40659,0.0,0.0
2024-06-26 15:35:00-04:00,6.340099811553955,6.349999904632568,6.340099811553955,6.34499979019165,38312,0.0,0.0
2024-06-26 15:40:00-04:00,6.349999904632568,6.349999904632568,6.340000152587891,6.34499979019165,41542,0.0,0.0
2024-06-26 15:45:00-04:00,6.34499979019165,6.394999980926514,6.34499979019165,6.369999885559082,341131,0.0,0.0
2024-06-26 15:50:00-04:00,6.380000114440918,6.409999847412109,6.370200157165527,6.40500020980835,227530,0.0,0.0
2024-06-26 15:55:00-04:00,6.389999866485596,6.400000095367432,6.369999885559082,6.369999885559082,384058,0.0,0.0
2024-06-27 09:30:00-04:00,6.329999923706055,6.329999923706055,6.235000133514404,6.255000114440918,74968,0.0,0.0
2024-06-27 09:35:00-04:00,6.260000228881836,6.269999980926514,6.2434000968933105,6.249899864196777,25718,0.0,0.0
2024-06-27 09:40:00-04:00,6.255000114440918,6.269999980926514,6.244999885559082,6.264999866485596,38863,0.0,0.0
2024-06-27 09:45:00-04:00,6.260000228881836,6.279900074005127,6.25,6.255000114440918,40619,0.0,0.0
2024-06-27 09:50:00-04:00,6.255000114440918,6.269999980926514,6.25,6.264999866485596,31680,0.0,0.0
2024-06-27 09:55:00-04:00,6.269999980926514,6.269999980926514,6.260000228881836,6.264999866485596,14976,0.0,0.0
2024-06-27 10:00:00-04:00,6.264999866485596,6.275000095367432,6.260000228881836,6.269999980926514,23538,0.0,0.0
2024-06-27 10:05:00-04:00,6.269999980926514,6.269999980926514,6.260000228881836,6.264999866485596,8816,0.0,0.0
2024-06-27 10:10:00-04:00,6.264999866485596,6.269999980926514,6.255000114440918,6.259900093078613,28192,0.0,0.0
2024-06-27 10:15:00-04:00,6.255000114440918,6.257999897003174,6.25,6.255000114440918,11263,0.0,0.0
2024-06-27 10:20:00-04:00,6.255000114440918,6.255000114440918,6.230000019073486,6.244999885559082,68258,0.0,0.0
2024-06-27 10:25:00-04:00,6.244999885559082,6.244999885559082,6.230000019073486,6.239999771118164,16794,0.0,0.0
2024-06-27 10:30:00-04:00,6.239999771118164,6.264999866485596,6.235000133514404,6.260000228881836,98104,0.0,0.0
2024-06-27 10:35:00-04:00,6.260000228881836,6.284999847412109,6.260000228881836,6.280300140380859,23206,0.0,0.0
2024-06-27 10:40:00-04:00,6.284999847412109,6.295000076293945,6.28000020980835,6.284999847412109,35142,0.0,0.0
2024-06-27 10:45:00-04:00,6.284999847412109,6.289999961853027,6.269999980926514,6.275000095367432,22151,0.0,0.0
2024-06-27 10:50:00-04:00,6.275000095367432,6.2754998207092285,6.269999980926514,6.275000095367432,12279,0.0,0.0
2024-06-27 10:55:00-04:00,6.275000095367432,6.284999847412109,6.269999980926514,6.279900074005127,23920,0.0,0.0
2024-06-27 11:00:00-04:00,6.275000095367432,6.275000095367432,6.25,6.25,17362,0.0,0.0
2024-06-27 11:05:00-04:00,6.25,6.260000228881836,6.25,6.254199981689453,12335,0.0,0.0
2024-06-27 11:10:00-04:00,6.255000114440918,6.260000228881836,6.244999885559082,6.25,30667,0.0,0.0
2024-06-27 11:15:00-04:00,6.255000114440918,6.255000114440918,6.239999771118164,6.255000114440918,35507,0.0,0.0
2024-06-27 11:20:00-04:00,6.260000228881836,6.260000228881836,6.244999885559082,6.260000228881836,21646,0.0,0.0
2024-06-27 11:25:00-04:00,6.255000114440918,6.260000228881836,6.25,6.260000228881836,13685,0.0,0.0
2024-06-27 11:30:00-04:00,6.25,6.260000228881836,6.239999771118164,6.244999885559082,36195,0.0,0.0
2024-06-27 11:35:00-04:00,6.239999771118164,6.247799873352051,6.239999771118164,6.244999885559082,11985,0.0,0.0
2024-06-27 11:40:00-04:00,6.244999885559082,6.255000114440918,6.239999771118164,6.255000114440918,29248,0.0,0.0
2024-06-27 11:45:00-04:00,6.255000114440918,6.255000114440918,6.243000030517578,6.25,18851,0.0,0.0
2024-06-27 11:50:00-04:00,6.244999885559082,6.255000114440918,6.244999885559082,6.255000114440918,22564,0.0,0.0
2024-06-27 11:55:00-04:00,6.255000114440918,6.260000228881836,6.239999771118164,6.240099906921387,18036,0.0,0.0
2024-06-27 12:00:00-04:00,6.244999885559082,6.244999885559082,6.230000019073486,6.230000019073486,42843,0.0,0.0
2024-06-27 12:05:00-04:00,6.235000133514404,6.239999771118164,6.230000019073486,6.235000133514404,20866,0.0,0.0
2024-06-27 12:10:00-04:00,6.235000133514404,6.239999771118164,6.230000019073486,6.235000133514404,62328,0.0,0.0
2024-06-27 12:15:00-04:00,6.239999771118164,6.239999771118164,6.230000019073486,6.235000133514404,26018,0.0,0.0
2024-06-27 12:20:00-04:00,6.235000133514404,6.239999771118164,6.21999979019165,6.235000133514404,65225,0.0,0.0
2024-06-27 12:25:00-04:00,6.235000133514404,6.237500190734863,6.230000019073486,6.235000133514404,11689,0.0,0.0
2024-06-27 12:30:00-04:00,6.235000133514404,6.239999771118164,6.21999979019165,6.224999904632568,27254,0.0,0.0
2024-06-27 12:35:00-04:00,6.224999904632568,6.230000019073486,6.21999979019165,6.227499961853027,13083,0.0,0.0
2024-06-27 12:40:00-04:00,6.21999979019165,6.230000019073486,6.210000038146973,6.215000152587891,35658,0.0,0.0
2024-06-27 12:45:00-04:00,6.210000038146973,6.21999979019165,6.210000038146973,6.215000152587891,42679,0.0,0.0
2024-06-27 12:50:00-04:00,6.215000152587891,6.21999979019165,6.210000038146973,6.21750020980835,21094,0.0,0.0
2024-06-27 12:55:00-04:00,6.210100173950195,6.21999979019165,6.210000038146973,6.215000152587891,16724,0.0,0.0
2024-06-27 13:00:00-04:00,6.215000152587891,6.269999980926514,6.210000038146973,6.264999866485596,119859,0.0,0.0
2024-06-27 13:05:00-04:00,6.269999980926514,6.309999942779541,6.269999980926514,6.309999942779541,170718,0.0,0.0
2024-06-27 13:10:00-04:00,6.304999828338623,6.309999942779541,6.300000190734863,6.300000190734863,50174,0.0,0.0
2024-06-27 13:15:00-04:00,6.304999828338623,6.315000057220459,6.300000190734863,6.304999828338623,40642,0.0,0.0
2024-06-27 13:20:00-04:00,6.304999828338623,6.309999942779541,6.300000190734863,6.304999828338623,10399,0.0,0.0
2024-06-27 13:25:00-04:00,6.300000190734863,6.309999942779541,6.300000190734863,6.304999828338623,71774,0.0,0.0
2024-06-27 13:30:00-04:00,6.304999828338623,6.305699825286865,6.295000076293945,6.304999828338623,38947,0.0,0.0
2024-06-27 13:35:00-04:00,6.300000190734863,6.309999942779541,6.300000190734863,6.300000190734863,19153,0.0,0.0
2024-06-27 13:40:00-04:00,6.304999828338623,6.309999942779541,6.28000020980835,6.284999847412109,91871,0.0,0.0
2024-06-27 13:45:00-04:00,6.28000020980835,6.300000190734863,6.28000020980835,6.295000076293945,28472,0.0,0.0
2024-06-27 13:50:00-04:00,6.295000076293945,6.300000190734863,6.289999961853027,6.295000076293945,15491,0.0,0.0
2024-06-27 13:55:00-04:00,6.295000076293945,6.300000190734863,6.289999961853027,6.295000076293945,19883,0.0,0.0
2024-06-27 14:00:00-04:00,6.295000076293945,6.300000190734863,6.28000020980835,6.284999847412109,32295,0.0,0.0
2024-06-27 14:05:00-04:00,6.284999847412109,6.295000076293945,6.28000020980835,6.284999847412109,49859,0.0,0.0
2024-06-27 14:10:00-04:00,6.289999961853027,6.289999961853027,6.28000020980835,6.284999847412109,14641,0.0,0.0
2024-06-27 14:15:00-04:00,6.284999847412109,6.300000190734863,6.284999847412109,6.295000076293945,54708,0.0,0.0
2024-06-27 14:20:00-04:00,6.295000076293945,6.295000076293945,6.260000228881836,6.260000228881836,61747,0.0,0.0
2024-06-27 14:25:00-04:00,6.264999866485596,6.269999980926514,6.260000228881836,6.260000228881836,17307,0.0,0.0
2024-06-27 14:30:00-04:00,6.264999866485596,6.275000095367432,6.260000228881836,6.275000095367432,59200,0.0,0.0
2024-06-27 14:35:00-04:00,6.269999980926514,6.269999980926514,6.25,6.264999866485596,46595,0.0,0.0
2024-06-27 14:40:00-04:00,6.264999866485596,6.264999866485596,6.260000228881836,6.264999866485596,10645,0.0,0.0
2024-06-27 14:45:00-04:00,6.260000228881836,6.28000020980835,6.260000228881836,6.28000020980835,47440,0.0,0.0
2024-06-27 14:50:00-04:00,6.28000020980835,6.289999961853027,6.275000095367432,6.28000020980835,49895,0.0,0.0
2024-06-27 14:55:00-04:00,6.28000020980835,6.295000076293945,6.275000095367432,6.28000020980835,64513,0.0,0.0
2024-06-27 15:00:00-04:00,6.284999847412109,6.289999961853027,6.28000020980835,6.28000020980835,30601,0.0,0.0
2024-06-27 15:05:00-04:00,6.28000020980835,6.289999961853027,6.269999980926514,6.269999980926514,48235,0.0,0.0
2024-06-27 15:10:00-04:00,6.271399974822998,6.28000020980835,6.269999980926514,6.275000095367432,27180,0.0,0.0
2024-06-27 15:15:00-04:00,6.269999980926514,6.284999847412109,6.269999980926514,6.269999980926514,97447,0.0,0.0
2024-06-27 15:20:00-04:00,6.269999980926514,6.28000020980835,6.269999980926514,6.275000095367432,13630,0.0,0.0
2024-06-27 15:25:00-04:00,6.275000095367432,6.28000020980835,6.269999980926514,6.275000095367432,33077,0.0,0.0
2024-06-27 15:30:00-04:00,6.275000095367432,6.28000020980835,6.269999980926514,6.275000095367432,26468,0.0,0.0
2024-06-27 15:35:00-04:00,6.275000095367432,6.28000020980835,6.269999980926514,6.269999980926514,47515,0.0,0.0
2024-06-27 15:40:00-04:00,6.269999980926514,6.28000020980835,6.269999980926514,6.269999980926514,38550,0.0,0.0
2024-06-27 15:45:00-04:00,6.2718000411987305,6.278200149536133,6.260000228881836,6.260000228881836,64637,0.0,0.0
2024-06-27 15:50:00-04:00,6.260000228881836,6.289999961853027,6.25,6.284999847412109,314359,0.0,0.0
2024-06-27 15:55:00-04:00,6.28000020980835,6.289999961853027,6.269999980926514,6.284999847412109,261275,0.0,0.0
2024-06-28 09:30:00-04:00,6.289999961853027,6.380000114440918,6.289999961853027,6.375,76308,0.0,0.0
2024-06-28 09:35:00-04:00,6.375,6.440000057220459,6.372300148010254,6.372300148010254,50332,0.0,0.0
2024-06-28 09:40:00-04:00,6.375500202178955,6.389500141143799,6.349999904632568,6.355000019073486,11478,0.0,0.0
2024-06-28 09:45:00-04:00,6.355000019073486,6.355000019073486,6.329999923706055,6.335000038146973,22924,0.0,0.0
2024-06-28 09:50:00-04:00,6.335000038146973,6.335000038146973,6.304999828338623,6.315000057220459,27373,0.0,0.0
2024-06-28 09:55:00-04:00,6.315000057220459,6.320000171661377,6.289999961853027,6.295000076293945,14418,0.0,0.0
2024-06-28 10:00:00-04:00,6.299900054931641,6.315000057220459,6.289999961853027,6.309999942779541,33911,0.0,0.0
2024-06-28 10:05:00-04:00,6.315000057220459,6.329999923706055,6.309999942779541,6.324999809265137,16289,0.0,0.0
2024-06-28 10:10:00-04:00,6.329999923706055,6.340000152587891,6.320000171661377,6.324999809265137,23627,0.0,0.0
2024-06-28 10:15:00-04:00,6.324999809265137,6.335000038146973,6.309999942779541,6.335000038146973,37179,0.0,0.0
2024-06-28 10:20:00-04:00,6.335000038146973,6.369999885559082,6.329999923706055,6.364999771118164,65881,0.0,0.0
2024-06-28 10:25:00-04:00,6.369999885559082,6.380000114440918,6.369999885559082,6.375,15665,0.0,0.0
2024-06-28 10:30:00-04:00,6.375,6.380000114440918,6.369999885559082,6.375,19088,0.0,0.0
2024-06-28 10:35:00-04:00,6.375,6.40500020980835,6.364999771118164,6.370999813079834,145027,0.0,0.0
2024-06-28 10:40:00-04:00,6.375,6.380000114440918,6.372499942779541,6.375,20965,0.0,0.0
2024-06-28 10:45:00-04:00,6.375,6.380000114440918,6.374000072479248,6.375,15579,0.0,0.0
2024-06-28 10:50:00-04:00,6.369999885559082,6.380000114440918,6.363999843597412,6.364999771118164,49201,0.0,0.0
2024-06-28 10:55:00-04:00,6.364999771118164,6.369699954986572,6.360000133514404,6.364999771118164,11359,0.0,0.0
2024-06-28 11:00:00-04:00,6.364999771118164,6.364999771118164,6.340000152587891,6.349999904632568,23459,0.0,0.0
2024-06-28 11:05:00-04:00,6.34499979019165,6.364999771118164,6.340000152587891,6.355599880218506,52683,0.0,0.0
2024-06-28 11:10:00-04:00,6.355000019073486,6.360000133514404,6.349999904632568,6.355000019073486,25314,0.0,0.0
2024-06-28 11:15:00-04:00,6.360000133514404,6.375,6.355000019073486,6.364999771118164,37085,0.0,0.0
2024-06-28 11:20:00-04:00,6.369999885559082,6.380000114440918,6.360000133514404,6.374899864196777,49135,0.0,0.0
2024-06-28 11:25:00-04:00,6.375,6.380000114440918,6.362199783325195,6.369999885559082,75331,0.0,0.0
2024-06-28 11:30:00-04:00,6.369999885559082,6.369999885559082,6.350100040435791,6.364999771118164,122460,0.0,0.0
2024-06-28 11:35:00-04:00,6.364999771118164,6.380000114440918,6.364999771118164,6.375,29781,0.0,0.0
2024-06-28 11:40:00-04:00,6.380000114440918,6.380000114440918,6.369999885559082,6.375,29097,0.0,0.0
2024-06-28 11:45:00-04:00,6.377900123596191,6.389999866485596,6.369999885559082,6.369999885559082,129353,0.0,0.0
2024-06-28 11:50:00-04:00,6.375,6.375,6.369999885559082,6.375,31463,0.0,0.0
2024-06-28 11:55:00-04:00,6.375,6.375,6.369999885559082,6.369999885559082,15905,0.0,0.0
2024-06-28 12:00:00-04:00,6.375,6.375,6.360000133514404,6.364999771118164,57338,0.0,0.0
2024-06-28 12:05:00-04:00,6.364999771118164,6.369999885559082,6.360000133514404,6.364999771118164,14345,0.0,0.0
2024-06-28 12:10:00-04:00,6.360000133514404,6.369999885559082,6.349999904632568,6.360000133514404,90135,0.0,0.0
2024-06-28 12:15:00-04:00,6.360000133514404,6.360000133514404,6.349999904632568,6.360000133514404,56730,0.0,0.0
2024-06-28 12:20:00-04:00,6.360000133514404,6.375,6.355000019073486,6.375,32805,0.0,0.0
2024-06-28 12:25:00-04:00,6.375,6.389999866485596,6.375,6.389999866485596,15923,0.0,0.0
2024-06-28 12:30:00-04:00,6.389999866485596,6.400000095367432,6.385000228881836,6.389999866485596,35690,0.0,0.0
2024-06-28 12:35:00-04:00,6.394999980926514,6.400000095367432,6.389999866485596,6.400000095367432,26012,0.0,0.0
2024-06-28 12:40:00-04:00,6.400000095367432,6.400000095367432,6.389999866485596,6.390100002288818,69780,0.0,0.0
2024-06-28 12:45:00-04:00,6.400000095367432,6.400000095367432,6.380099773406982,6.394999980926514,143788,0.0,0.0
2024-06-28 12:50:00-04:00,6.389999866485596,6.399899959564209,6.389999866485596,6.394999980926514,9606,0.0,0.0
2024-06-28 12:55:00-04:00,6.394999980926514,6.400000095367432,6.389999866485596,6.394999980926514,31727,0.0,0.0
2024-06-28 13:00:00-04:00,6.394999980926514,6.400000095367432,6.389999866485596,6.400000095367432,44587,0.0,0.0
2024-06-28 13:05:00-04:00,6.394999980926514,6.400000095367432,6.389999866485596,6.400000095367432,18857,0.0,0.0
2024-06-28 13:10:00-04:00,6.400000095367432,6.400000095367432,6.389999866485596,6.394999980926514,16805,0.0,0.0
2024-06-28 13:15:00-04:00,6.394999980926514,6.400000095367432,6.389999866485596,6.394999980926514,18311,0.0,0.0
2024-06-28 13:20:00-04:00,6.394999980926514,6.400000095367432,6.389999866485596,6.399700164794922,26628,0.0,0.0
2024-06-28 13:25:00-04:00,6.394999980926514,6.400000095367432,6.355000019073486,6.364999771118164,156936,0.0,0.0
2024-06-28 13:30:00-04:00,6.364999771118164,6.366000175476074,6.360000133514404,6.364999771118164,11295,0.0,0.0
2024-06-28 13:35:00-04:00,6.364999771118164,6.369999885559082,6.360000133514404,6.364999771118164,16678,0.0,0.0
2024-06-28 13:40:00-04:00,6.361100196838379,6.369999885559082,6.360000133514404,6.364999771118164,31515,0.0,0.0
2024-06-28 13:45:00-04:00,6.369999885559082,6.369999885559082,6.355000019073486,6.355000019073486,84040,0.0,0.0
2024-06-28 13:50:00-04:00,6.352499961853027,6.355000019073486,6.349999904632568,6.355000019073486,38154,0.0,0.0
2024-06-28 13:55:00-04:00,6.355000019073486,6.360000133514404,6.349999904632568,6.360000133514404,15990,0.0,0.0
2024-06-28 14:00:00-04:00,6.355000019073486,6.360000133514404,6.349999904632568,6.360000133514404,14986,0.0,0.0
2024-06-28 14:05:00-04:00,6.355000019073486,6.364999771118164,6.324999809265137,6.324999809265137,169784,0.0,0.0
2024-06-28 14:10:00-04:00,6.324999809265137,6.335000038146973,6.320000171661377,6.335000038146973,31477,0.0,0.0
2024-06-28 14:15:00-04:00,6.329999923706055,6.340000152587891,6.329999923706055,6.335000038146973,22731,0.0,0.0
2024-06-28 14:20:00-04:00,6.335000038146973,6.340000152587891,6.329999923706055,6.335000038146973,45161,0.0,0.0
2024-06-28 14:25:00-04:00,6.335000038146973,6.349999904632568,6.335000038146973,6.335000038146973,53518,0.0,0.0
2024-06-28 14:30:00-04:00,6.335000038146973,6.340000152587891,6.324999809265137,6.330100059509277,136651,0.0,0.0
2024-06-28 14:35:00-04:00,6.335000038146973,6.340000152587891,6.329999923706055,6.335000038146973,42391,0.0,0.0
2024-06-28 14:40:00-04:00,6.335000038146973,6.340000152587891,6.329999923706055,6.335000038146973,49049,0.0,0.0
2024-06-28 14:45:00-04:00,6.335000038146973,6.340000152587891,6.329999923706055,6.335000038146973,14460,0.0,0.0
2024-06-28 14:50:00-04:00,6.335000038146973,6.34499979019165,6.335000038146973,6.34499979019165,44736,0.0,0.0
2024-06-28 14:55:00-04:00,6.349999904632568,6.349999904632568,6.340000152587891,6.340000152587891,48471,0.0,0.0
2024-06-28 15:00:00-04:00,6.34499979019165,6.34499979019165,6.289999961853027,6.289999961853027,98074,0.0,0.0
2024-06-28 15:05:00-04:00,6.289999961853027,6.309999942779541,6.289999961853027,6.309999942779541,60283,0.0,0.0
2024-06-28 15:10:00-04:00,6.304999828338623,6.309999942779541,6.300000190734863,6.309999942779541,20524,0.0,0.0
2024-06-28 15:15:00-04:00,6.304999828338623,6.315000057220459,6.300000190734863,6.309999942779541,121640,0.0,0.0
2024-06-28 15:20:00-04:00,6.301199913024902,6.315000057220459,6.300000190734863,6.314799785614014,75518,0.0,0.0
2024-06-28 15:25:00-04:00,6.315000057220459,6.329999923706055,6.309999942779541,6.324999809265137,42196,0.0,0.0
2024-06-28 15:30:00-04:00,6.329999923706055,6.340000152587891,6.324999809265137,6.335000038146973,102101,0.0,0.0
2024-06-28 15:35:00-04:00,6.335000038146973,6.364999771118164,6.335000038146973,6.364999771118164,61860,0.0,0.0
2024-06-28 15:40:00-04:00,6.364999771118164,6.380000114440918,6.364999771118164,6.375,60635,0.0,0.0
2024-06-28 15:45:00-04:00,6.371699810028076,6.380000114440918,6.360000133514404,6.360000133514404,85679,0.0,0.0
2024-06-28 15:50:00-04:00,6.369999885559082,6.429999828338623,6.369999885559082,6.414999961853027,380530,0.0,0.0
2024-06-28 15:55:00-04:00,6.414999961853027,6.414999961853027,6.400000095367432,6.409999847412109,318070,0.0,0.0
2024-07-01 09:30:00-04:00,6.460000038146973,6.46999979019165,6.429999828338623,6.460000038146973,172523,0.0,0.0
2024-07-01 09:35:00-04:00,6.460000038146973,6.460000038146973,6.409999847412109,6.425000190734863,18094,0.0,0.0
2024-07-01 09:40:00-04:00,6.430099964141846,6.449999809265137,6.429999828338623,6.434999942779541,18209,0.0,0.0
2024-07-01 09:45:00-04:00,6.434999942779541,6.434999942779541,6.400000095367432,6.425000190734863,31544,0.0,0.0
2024-07-01 09:50:00-04:00,6.420000076293945,6.445000171661377,6.420000076293945,6.440000057220459,24995,0.0,0.0
2024-07-01 09:55:00-04:00,6.43149995803833,6.434999942779541,6.400000095367432,6.40500020980835,18522,0.0,0.0
2024-07-01 10:00:00-04:00,6.409999847412109,6.434999942779541,6.409999847412109,6.409999847412109,21542,0.0,0.0
2024-07-01 10:05:00-04:00,6.400000095367432,6.414999961853027,6.389999866485596,6.394999980926514,28500,0.0,0.0
2024-07-01 10:10:00-04:00,6.394999980926514,6.400000095367432,6.375,6.375,28981,0.0,0.0
2024-07-01 10:15:00-04:00,6.380000114440918,6.380000114440918,6.360000133514404,6.364999771118164,20819,0.0,0.0
2024-07-01 10:20:00-04:00,6.360000133514404,6.360000133514404,6.349999904632568,6.355000019073486,21161,0.0,0.0
2024-07-01 10:25:00-04:00,6.355000019073486,6.369999885559082,6.349999904632568,6.369999885559082,34887,0.0,0.0
2024-07-01 10:30:00-04:00,6.364999771118164,6.364999771118164,6.349999904632568,6.355000019073486,38927,0.0,0.0
2024-07-01 10:35:00-04:00,6.360000133514404,6.364999771118164,6.349999904632568,6.355000019073486,105277,0.0,0.0
2024-07-01 10:40:00-04:00,6.349999904632568,6.364999771118164,6.340000152587891,6.355000019073486,45237,0.0,0.0
2024-07-01 10:45:00-04:00,6.355000019073486,6.355000019073486,6.340000152587891,6.34499979019165,24890,0.0,0.0
2024-07-01 10:50:00-04:00,6.34499979019165,6.349999904632568,6.329999923706055,6.335000038146973,29725,0.0,0.0
2024-07-01 10:55:00-04:00,6.329999923706055,6.340000152587891,6.329999923706055,6.329999923706055,24600,0.0,0.0
2024-07-01 11:00:00-04:00,6.335000038146973,6.340000152587891,6.324999809265137,6.340000152587891,62222,0.0,0.0
2024-07-01 11:05:00-04:00,6.335000038146973,6.340000152587891,6.320000171661377,6.320000171661377,46378,0.0,0.0
2024-07-01 11:10:00-04:00,6.320000171661377,6.329999923706055,6.309999942779541,6.324999809265137,24341,0.0,0.0
2024-07-01 11:15:00-04:00,6.315000057220459,6.319799900054932,6.309999942779541,6.315000057220459,33762,0.0,0.0
2024-07-01 11:20:00-04:00,6.309999942779541,6.324999809265137,6.309999942779541,6.324999809265137,44689,0.0,0.0
2024-07-01 11:25:00-04:00,6.320099830627441,6.329999923706055,6.320000171661377,6.324999809265137,14467,0.0,0.0
2024-07-01 11:30:00-04:00,6.324999809265137,6.340000152587891,6.324999809265137,6.336299896240234,40671,0.0,0.0
2024-07-01 11:35:00-04:00,6.340000152587891,6.34499979019165,6.320000171661377,6.324999809265137,40865,0.0,0.0
2024-07-01 11:40:00-04:00,6.320000171661377,6.324999809265137,6.309999942779541,6.315000057220459,16338,0.0,0.0
2024-07-01 11:45:00-04:00,6.315000057220459,6.324999809265137,6.309999942779541,6.324999809265137,43979,0.0,0.0
2024-07-01 11:50:00-04:00,6.324999809265137,6.324999809265137,6.320000171661377,6.324999809265137,8514,0.0,0.0
2024-07-01 11:55:00-04:00,6.320000171661377,6.329999923706055,6.320000171661377,6.324999809265137,11423,0.0,0.0
2024-07-01 12:00:00-04:00,6.324999809265137,6.327499866485596,6.309999942779541,6.315000057220459,35341,0.0,0.0
2024-07-01 12:05:00-04:00,6.315000057220459,6.315000057220459,6.309999942779541,6.309999942779541,8933,0.0,0.0
2024-07-01 12:10:00-04:00,6.319799900054932,6.319799900054932,6.309999942779541,6.309999942779541,18519,0.0,0.0
2024-07-01 12:15:00-04:00,6.315000057220459,6.320000171661377,6.309999942779541,6.315000057220459,12907,0.0,0.0
2024-07-01 12:20:00-04:00,6.315000057220459,6.320000171661377,6.309999942779541,6.315000057220459,16333,0.0,0.0
2024-07-01 12:25:00-04:00,6.315000057220459,6.320000171661377,6.309999942779541,6.315000057220459,29160,0.0,0.0
2024-07-01 12:30:00-04:00,6.315000057220459,6.320000171661377,6.309999942779541,6.315000057220459,18225,0.0,0.0
2024-07-01 12:35:00-04:00,6.309999942779541,6.315000057220459,6.300000190734863,6.304999828338623,39933,0.0,0.0
2024-07-01 12:40:00-04:00,6.300000190734863,6.320000171661377,6.300000190734863,6.315000057220459,40170,0.0,0.0
2024-07-01 12:45:00-04:00,6.320000171661377,6.320000171661377,6.304999828338623,6.309999942779541,42946,0.0,0.0
2024-07-01 12:50:00-04:00,6.304999828338623,6.309999942779541,6.300000190734863,6.309999942779541,18879,0.0,0.0
2024-07-01 12:55:00-04:00,6.305600166320801,6.309999942779541,6.300000190734863,6.304999828338623,9517,0.0,0.0
2024-07-01 13:00:00-04:00,6.304999828338623,6.304999828338623,6.289999961853027,6.289999961853027,50850,0.0,0.0
2024-07-01 13:05:00-04:00,6.289999961853027,6.300000190734863,6.289999961853027,6.295000076293945,9972,0.0,0.0
2024-07-01 13:10:00-04:00,6.289999961853027,6.299900054931641,6.260000228881836,6.260000228881836,54937,0.0,0.0
2024-07-01 13:15:00-04:00,6.260000228881836,6.28000020980835,6.260000228881836,6.275000095367432,37748,0.0,0.0
2024-07-01 13:20:00-04:00,6.28000020980835,6.284999847412109,6.269999980926514,6.269999980926514,52882,0.0,0.0
2024-07-01 13:25:00-04:00,6.275000095367432,6.276700019836426,6.269999980926514,6.271200180053711,16942,0.0,0.0
2024-07-01 13:30:00-04:00,6.275000095367432,6.28000020980835,6.269999980926514,6.275000095367432,21431,0.0,0.0
2024-07-01 13:35:00-04:00,6.269999980926514,6.289999961853027,6.269999980926514,6.284999847412109,51335,0.0,0.0
2024-07-01 13:40:00-04:00,6.284999847412109,6.289999961853027,6.28000020980835,6.284999847412109,7856,0.0,0.0
2024-07-01 13:45:00-04:00,6.284999847412109,6.289999961853027,6.28000020980835,6.284999847412109,14154,0.0,0.0
2024-07-01 13:50:00-04:00,6.284999847412109,6.289999961853027,6.28000020980835,6.289999961853027,11803,0.0,0.0
2024-07-01 13:55:00-04:00,6.284999847412109,6.289999961853027,6.28000020980835,6.289999961853027,13344,0.0,0.0
2024-07-01 14:00:00-04:00,6.284999847412109,6.309999942779541,6.28000020980835,6.309999942779541,57250,0.0,0.0
2024-07-01 14:05:00-04:00,6.304999828338623,6.309999942779541,6.304999828338623,6.309999942779541,14172,0.0,0.0
2024-07-01 14:10:00-04:00,6.309999942779541,6.320000171661377,6.304999828338623,6.315000057220459,16823,0.0,0.0
2024-07-01 14:15:00-04:00,6.320000171661377,6.320000171661377,6.309999942779541,6.320000171661377,11599,0.0,0.0
2024-07-01 14:20:00-04:00,6.315000057220459,6.320000171661377,6.309999942779541,6.315000057220459,12913,0.0,0.0
2024-07-01 14:25:00-04:00,6.315000057220459,6.320000171661377,6.309999942779541,6.315000057220459,14188,0.0,0.0
2024-07-01 14:30:00-04:00,6.309999942779541,6.329999923706055,6.309999942779541,6.324999809265137,27821,0.0,0.0
2024-07-01 14:35:00-04:00,6.324999809265137,6.329999923706055,6.320000171661377,6.32450008392334,15554,0.0,0.0
2024-07-01 14:40:00-04:00,6.324999809265137,6.329999923706055,6.320000171661377,6.324999809265137,24584,0.0,0.0
2024-07-01 14:45:00-04:00,6.329899787902832,6.340000152587891,6.324999809265137,6.340000152587891,34238,0.0,0.0
2024-07-01 14:50:00-04:00,6.335000038146973,6.340000152587891,6.329999923706055,6.340000152587891,17031,0.0,0.0
2024-07-01 14:55:00-04:00,6.335000038146973,6.340000152587891,6.329999923706055,6.335000038146973,20339,0.0,0.0
2024-07-01 15:00:00-04:00,6.335000038146973,6.340000152587891,6.329999923706055,6.335000038146973,81566,0.0,0.0
2024-07-01 15:05:00-04:00,6.335000038146973,6.339900016784668,6.324999809265137,6.339900016784668,64243,0.0,0.0
2024-07-01 15:10:00-04:00,6.340000152587891,6.340000152587891,6.329999923706055,6.335000038146973,24999,0.0,0.0
2024-07-01 15:15:00-04:00,6.335000038146973,6.340000152587891,6.329999923706055,6.340000152587891,22394,0.0,0.0
2024-07-01 15:20:00-04:00,6.335000038146973,6.340000152587891,6.329999923706055,6.335000038146973,41847,0.0,0.0
2024-07-01 15:25:00-04:00,6.329999923706055,6.340000152587891,6.329999923706055,6.335000038146973,92804,0.0,0.0
2024-07-01 15:30:00-04:00,6.335000038146973,6.340000152587891,6.329999923706055,6.335000038146973,17812,0.0,0.0
2024-07-01 15:35:00-04:00,6.335000038146973,6.34499979019165,6.329999923706055,6.335000038146973,100632,0.0,0.0
2024-07-01 15:40:00-04:00,6.335000038146973,6.335000038146973,6.329999923706055,6.329999923706055,33547,0.0,0.0
2024-07-01 15:45:00-04:00,6.335000038146973,6.340000152587891,6.329999923706055,6.335000038146973,89907,0.0,0.0
2024-07-01 15:50:00-04:00,6.340000152587891,6.360000133514404,6.340000152587891,6.355000019073486,170479,0.0,0.0
2024-07-01 15:55:00-04:00,6.349999904632568,6.355000019073486,6.320000171661377,6.329999923706055,348048,0.0,0.0
2024-07-02 09:30:00-04:00,6.329999923706055,6.335000038146973,6.304999828338623,6.324999809265137,50477,0.0,0.0
2024-07-02 09:35:00-04:00,6.329999923706055,6.340000152587891,6.315000057220459,6.335000038146973,6008,0.0,0.0
2024-07-02 09:40:00-04:00,6.340000152587891,6.340000152587891,6.304999828338623,6.304999828338623,17966,0.0,0.0
2024-07-02 09:45:00-04:00,6.304999828338623,6.340000152587891,6.300000190734863,6.335000038146973,23442,0.0,0.0
2024-07-02 09:50:00-04:00,6.335000038146973,6.340000152587891,6.329999923706055,6.335000038146973,16064,0.0,0.0
2024-07-02 09:55:00-04:00,6.340000152587891,6.340000152587891,6.329999923706055,6.340000152587891,17215,0.0,0.0
2024-07-02 10:00:00-04:00,6.329999923706055,6.34499979019165,6.320000171661377,6.340000152587891,41793,0.0,0.0
2024-07-02 10:05:00-04:00,6.340000152587891,6.34499979019165,6.335000038146973,6.340000152587891,13545,0.0,0.0
2024-07-02 10:10:00-04:00,6.335000038146973,6.34499979019165,6.324999809265137,6.335000038146973,25534,0.0,0.0
2024-07-02 10:15:00-04:00,6.335000038146973,6.337500095367432,6.324999809265137,6.335000038146973,25156,0.0,0.0
2024-07-02 10:20:00-04:00,6.329999923706055,6.329999923706055,6.320000171661377,6.322500228881836,24460,0.0,0.0
2024-07-02 10:25:00-04:00,6.322500228881836,6.329999923706055,6.322500228881836,6.329999923706055,7192,0.0,0.0
2024-07-02 10:30:00-04:00,6.324999809265137,6.329999923706055,6.320000171661377,6.329999923706055,12713,0.0,0.0
2024-07-02 10:35:00-04:00,6.329999923706055,6.329999923706055,6.300000190734863,6.304999828338623,97852,0.0,0.0
2024-07-02 10:40:00-04:00,6.304999828338623,6.304999828338623,6.300000190734863,6.300000190734863,73840,0.0,0.0
2024-07-02 10:45:00-04:00,6.300000190734863,6.300000190734863,6.289999961853027,6.295000076293945,33961,0.0,0.0
2024-07-02 10:50:00-04:00,6.295000076293945,6.300000190734863,6.269999980926514,6.270699977874756,53188,0.0,0.0
2024-07-02 10:55:00-04:00,6.269999980926514,6.277400016784668,6.269999980926514,6.269999980926514,47056,0.0,0.0
2024-07-02 11:00:00-04:00,6.269999980926514,6.277500152587891,6.269999980926514,6.275000095367432,18425,0.0,0.0
2024-07-02 11:05:00-04:00,6.269999980926514,6.269999980926514,6.230000019073486,6.235000133514404,67295,0.0,0.0
2024-07-02 11:10:00-04:00,6.235000133514404,6.244999885559082,6.230000019073486,6.244500160217285,23190,0.0,0.0
2024-07-02 11:15:00-04:00,6.239999771118164,6.25,6.239999771118164,6.244999885559082,8912,0.0,0.0
2024-07-02 11:20:00-04:00,6.249899864196777,6.25,6.239999771118164,6.244999885559082,11671,0.0,0.0
2024-07-02 11:25:00-04:00,6.244999885559082,6.269999980926514,6.239999771118164,6.269999980926514,40865,0.0,0.0
2024-07-02 11:30:00-04:00,6.264999866485596,6.269999980926514,6.255000114440918,6.255000114440918,23651,0.0,0.0
2024-07-02 11:35:00-04:00,6.260000228881836,6.265999794006348,6.25,6.255000114440918,26515,0.0,0.0
2024-07-02 11:40:00-04:00,6.259900093078613,6.260000228881836,6.25,6.260000228881836,5335,0.0,0.0
2024-07-02 11:45:00-04:00,6.260000228881836,6.260000228881836,6.25,6.260000228881836,11970,0.0,0.0
2024-07-02 11:50:00-04:00,6.260000228881836,6.260000228881836,6.25,6.255000114440918,16685,0.0,0.0
2024-07-02 11:55:00-04:00,6.260000228881836,6.260000228881836,6.25,6.255000114440918,8749,0.0,0.0
2024-07-02 12:00:00-04:00,6.255000114440918,6.260000228881836,6.25029993057251,6.260000228881836,21595,0.0,0.0
2024-07-02 12:05:00-04:00,6.260000228881836,6.260000228881836,6.25,6.255000114440918,14118,0.0,0.0
2024-07-02 12:10:00-04:00,6.255000114440918,6.269999980926514,6.252500057220459,6.264999866485596,38378,0.0,0.0
2024-07-02 12:15:00-04:00,6.260000228881836,6.269999980926514,6.260000228881836,6.269999980926514,12563,0.0,0.0
2024-07-02 12:20:00-04:00,6.269999980926514,6.269999980926514,6.260000228881836,6.264999866485596,23043,0.0,0.0
2024-07-02 12:25:00-04:00,6.264999866485596,6.269999980926514,6.260000228881836,6.260000228881836,66599,0.0,0.0
2024-07-02 12:30:00-04:00,6.260000228881836,6.269999980926514,6.260000228881836,6.269999980926514,25838,0.0,0.0
2024-07-02 12:35:00-04:00,6.260000228881836,6.269999980926514,6.239999771118164,6.244999885559082,62433,0.0,0.0
2024-07-02 12:40:00-04:00,6.244999885559082,6.244999885559082,6.21999979019165,6.21999979019165,30605,0.0,0.0
2024-07-02 12:45:00-04:00,6.21999979019165,6.224999904632568,6.21999979019165,6.224999904632568,14556,0.0,0.0
2024-07-02 12:50:00-04:00,6.224699974060059,6.230000019073486,6.199999809265137,6.199999809265137,45268,0.0,0.0
2024-07-02 12:55:00-04:00,6.199999809265137,6.20989990234375,6.199999809265137,6.199999809265137,26438,0.0,0.0
2024-07-02 13:00:00-04:00,6.204999923706055,6.21999979019165,6.204999923706055,6.21999979019165,31460,0.0,0.0
2024-07-02 13:05:00-04:00,6.215000152587891,6.21999979019165,6.210000038146973,6.21999979019165,8513,0.0,0.0
2024-07-02 13:10:00-04:00,6.21999979019165,6.21999979019165,6.210000038146973,6.215000152587891,10588,0.0,0.0
2024-07-02 13:15:00-04:00,6.21999979019165,6.21999979019165,6.210000038146973,6.215000152587891,13205,0.0,0.0
2024-07-02 13:20:00-04:00,6.21999979019165,6.230000019073486,6.215000152587891,6.224999904632568,19162,0.0,0.0
2024-07-02 13:25:00-04:00,6.230000019073486,6.239999771118164,6.224999904632568,6.235000133514404,30097,0.0,0.0
2024-07-02 13:30:00-04:00,6.235000133514404,6.239999771118164,6.235000133514404,6.235000133514404,14969,0.0,0.0
2024-07-02 13:35:00-04:00,6.239999771118164,6.239999771118164,6.230000019073486,6.235000133514404,13761,0.0,0.0
2024-07-02 13:40:00-04:00,6.235000133514404,6.239999771118164,6.21999979019165,6.224999904632568,43998,0.0,0.0
2024-07-02 13:45:00-04:00,6.230000019073486,6.230000019073486,6.21999979019165,6.230000019073486,7513,0.0,0.0
2024-07-02 13:50:00-04:00,6.21999979019165,6.239999771118164,6.21999979019165,6.235000133514404,26693,0.0,0.0
2024-07-02 13:55:00-04:00,6.237500190734863,6.239999771118164,6.230000019073486,6.235000133514404,16195,0.0,0.0
2024-07-02 14:00:00-04:00,6.235000133514404,6.25,6.230000019073486,6.239999771118164,30788,0.0,0.0
2024-07-02 14:05:00-04:00,6.25,6.257999897003174,6.235000133514404,6.255000114440918,49122,0.0,0.0
2024-07-02 14:10:00-04:00,6.250999927520752,6.260000228881836,6.250999927520752,6.260000228881836,21533,0.0,0.0
2024-07-02 14:15:00-04:00,6.260000228881836,6.260000228881836,6.254799842834473,6.260000228881836,15520,0.0,0.0
2024-07-02 14:20:00-04:00,6.260000228881836,6.269999980926514,6.260000228881836,6.264999866485596,20029,0.0,0.0
2024-07-02 14:25:00-04:00,6.269899845123291,6.269999980926514,6.260000228881836,6.269999980926514,12733,0.0,0.0
2024-07-02 14:30:00-04:00,6.264999866485596,6.269999980926514,6.263500213623047,6.264999866485596,8649,0.0,0.0
2024-07-02 14:35:00-04:00,6.264999866485596,6.269999980926514,6.260000228881836,6.264999866485596,17995,0.0,0.0
2024-07-02 14:40:00-04:00,6.269999980926514,6.275000095367432,6.2600998878479,6.264999866485596,45887,0.0,0.0
2024-07-02 14:45:00-04:00,6.264999866485596,6.269999980926514,6.260000228881836,6.269999980926514,17638,0.0,0.0
2024-07-02 14:50:00-04:00,6.269999980926514,6.269999980926514,6.2617998123168945,6.264999866485596,22124,0.0,0.0
2024-07-02 14:55:00-04:00,6.264999866485596,6.269999980926514,6.260000228881836,6.264999866485596,13925,0.0,0.0
2024-07-02 15:00:00-04:00,6.264999866485596,6.269999980926514,6.260000228881836,6.264999866485596,22439,0.0,0.0
2024-07-02 15:05:00-04:00,6.269999980926514,6.275000095367432,6.260000228881836,6.269999980926514,32949,0.0,0.0
2024-07-02 15:10:00-04:00,6.28000020980835,6.28000020980835,6.271299839019775,6.28000020980835,20165,0.0,0.0
2024-07-02 15:15:00-04:00,6.28000020980835,6.28000020980835,6.271399974822998,6.275000095367432,14097,0.0,0.0
2024-07-02 15:20:00-04:00,6.28000020980835,6.295000076293945,6.269999980926514,6.289999961853027,30669,0.0,0.0
2024-07-02 15:25:00-04:00,6.300000190734863,6.329999923706055,6.295000076293945,6.329999923706055,97567,0.0,0.0
2024-07-02 15:30:00-04:00,6.329999923706055,6.360000133514404,6.329999923706055,6.335000038146973,119617,0.0,0.0
2024-07-02 15:35:00-04:00,6.335000038146973,6.335000038146973,6.304999828338623,6.304999828338623,85997,0.0,0.0
2024-07-02 15:40:00-04:00,6.304999828338623,6.309999942779541,6.300000190734863,6.300000190734863,20134,0.0,0.0
2024-07-02 15:45:00-04:00,6.304999828338623,6.309999942779541,6.300000190734863,6.304999828338623,51006,0.0,0.0
2024-07-02 15:50:00-04:00,6.304999828338623,6.304999828338623,6.275000095367432,6.275000095367432,177888,0.0,0.0
2024-07-02 15:55:00-04:00,6.275000095367432,6.304999828338623,6.275000095367432,6.300000190734863,216556,0.0,0.0
2024-07-03 09:30:00-04:00,6.349999904632568,6.349999904632568,6.260000228881836,6.260000228881836,59480,0.0,0.0
2024-07-03 09:35:00-04:00,6.264999866485596,6.299200057983398,6.264999866485596,6.289999961853027,33151,0.0,0.0
2024-07-03 09:40:00-04:00,6.289999961853027,6.320000171661377,6.260000228881836,6.320000171661377,27314,0.0,0.0
2024-07-03 09:45:00-04:00,6.315000057220459,6.320000171661377,6.300000190734863,6.300000190734863,18973,0.0,0.0
2024-07-03 09:50:00-04:00,6.300000190734863,6.306700229644775,6.295000076293945,6.295000076293945,12961,0.0,0.0
2024-07-03 09:55:00-04:00,6.295000076293945,6.309999942779541,6.295000076293945,6.300000190734863,9067,0.0,0.0
2024-07-03 10:00:00-04:00,6.300000190734863,6.335000038146973,6.300000190734863,6.329999923706055,26989,0.0,0.0
2024-07-03 10:05:00-04:00,6.324999809265137,6.34499979019165,6.324999809265137,6.340000152587891,21880,0.0,0.0
2024-07-03 10:10:00-04:00,6.34499979019165,6.349999904632568,6.340000152587891,6.340000152587891,9922,0.0,0.0
2024-07-03 10:15:00-04:00,6.34499979019165,6.34499979019165,6.322800159454346,6.324999809265137,24855,0.0,0.0
2024-07-03 10:20:00-04:00,6.324999809265137,6.340000152587891,6.324999809265137,6.329999923706055,41184,0.0,0.0
2024-07-03 10:25:00-04:00,6.335000038146973,6.340000152587891,6.324999809265137,6.324999809265137,12976,0.0,0.0
2024-07-03 10:30:00-04:00,6.324999809265137,6.329999923706055,6.320000171661377,6.320000171661377,13436,0.0,0.0
2024-07-03 10:35:00-04:00,6.320000171661377,6.329999923706055,6.315000057220459,6.320000171661377,23558,0.0,0.0
2024-07-03 10:40:00-04:00,6.324999809265137,6.324999809265137,6.309999942779541,6.315000057220459,17563,0.0,0.0
2024-07-03 10:45:00-04:00,6.315000057220459,6.320000171661377,6.300000190734863,6.315000057220459,33026,0.0,0.0
2024-07-03 10:50:00-04:00,6.309999942779541,6.315000057220459,6.304999828338623,6.304999828338623,18834,0.0,0.0
2024-07-03 10:55:00-04:00,6.304999828338623,6.309999942779541,6.300000190734863,6.304999828338623,27998,0.0,0.0
2024-07-03 11:00:00-04:00,6.300000190734863,6.300000190734863,6.289999961853027,6.295000076293945,50789,0.0,0.0
2024-07-03 11:05:00-04:00,6.295000076293945,6.295000076293945,6.275000095367432,6.275000095367432,33378,0.0,0.0
2024-07-03 11:10:00-04:00,6.275000095367432,6.28000020980835,6.270299911499023,6.28000020980835,13498,0.0,0.0
2024-07-03 11:15:00-04:00,6.28000020980835,6.28000020980835,6.269999980926514,6.28000020980835,31658,0.0,0.0
2024-07-03 11:20:00-04:00,6.28000020980835,6.284999847412109,6.273600101470947,6.273600101470947,46337,0.0,0.0
2024-07-03 11:25:00-04:00,6.279699802398682,6.28000020980835,6.264999866485596,6.264999866485596,21656,0.0,0.0
2024-07-03 11:30:00-04:00,6.260000228881836,6.269899845123291,6.260000228881836,6.260000228881836,21069,0.0,0.0
2024-07-03 11:35:00-04:00,6.264999866485596,6.275000095367432,6.260000228881836,6.275000095367432,26231,0.0,0.0
2024-07-03 11:40:00-04:00,6.269999980926514,6.28000020980835,6.255000114440918,6.260000228881836,78649,0.0,0.0
2024-07-03 11:45:00-04:00,6.264999866485596,6.28000020980835,6.262499809265137,6.275000095367432,33692,0.0,0.0
2024-07-03 11:50:00-04:00,6.28000020980835,6.28000020980835,6.275000095367432,6.275000095367432,13327,0.0,0.0
2024-07-03 11:55:00-04:00,6.275000095367432,6.28000020980835,6.269999980926514,6.27400016784668,14410,0.0,0.0
2024-07-03 12:00:00-04:00,6.275000095367432,6.28000020980835,6.264999866485596,6.275000095367432,42034,0.0,0.0
2024-07-03 12:05:00-04:00,6.28000020980835,6.300000190734863,6.271999835968018,6.300000190734863,21188,0.0,0.0
2024-07-03 12:10:00-04:00,6.295000076293945,6.300000190734863,6.292600154876709,6.300000190734863,15491,0.0,0.0
2024-07-03 12:15:00-04:00,6.300000190734863,6.300000190734863,6.292699813842773,6.295000076293945,18056,0.0,0.0
2024-07-03 12:20:00-04:00,6.295000076293945,6.295000076293945,6.284999847412109,6.295000076293945,33741,0.0,0.0
2024-07-03 12:25:00-04:00,6.295000076293945,6.300000190734863,6.290299892425537,6.300000190734863,8396,0.0,0.0
2024-07-03 12:30:00-04:00,6.295000076293945,6.300000190734863,6.295000076293945,6.295000076293945,10333,0.0,0.0
2024-07-03 12:35:00-04:00,6.295000076293945,6.300000190734863,6.289999961853027,6.289999961853027,22366,0.0,0.0
2024-07-03 12:40:00-04:00,6.295000076293945,6.295000076293945,6.280099868774414,6.284999847412109,43836,0.0,0.0
2024-07-03 12:45:00-04:00,6.284999847412109,6.289999961853027,6.28000020980835,6.28000020980835,22284,0.0,0.0
2024-07-03 12:50:00-04:00,6.284999847412109,6.289999961853027,6.269999980926514,6.284999847412109,84767,0.0,0.0
2024-07-03 12:55:00-04:00,6.284999847412109,6.289999961853027,6.260000228881836,6.260000228881836,186318,0.0,0.0
2024-07-05 09:30:00-04:00,6.25,6.269999980926514,6.230000019073486,6.260000228881836,80905,0.0,0.0
2024-07-05 09:35:00-04:00,6.260000228881836,6.264999866485596,6.235000133514404,6.244999885559082,27046,0.0,0.0
2024-07-05 09:40:00-04:00,6.25,6.28000020980835,6.25,6.255000114440918,22500,0.0,0.0
2024-07-05 09:45:00-04:00,6.255000114440918,6.255000114440918,6.215000152587891,6.219299793243408,45967,0.0,0.0
2024-07-05 09:50:00-04:00,6.21999979019165,6.224999904632568,6.190000057220459,6.195000171661377,112169,0.0,0.0
2024-07-05 09:55:00-04:00,6.190000057220459,6.199999809265137,6.184999942779541,6.199999809265137,41505,0.0,0.0
2024-07-05 10:00:00-04:00,6.190000057220459,6.199999809265137,6.190000057220459,6.195000171661377,71121,0.0,0.0
2024-07-05 10:05:00-04:00,6.199999809265137,6.210000038146973,6.184999942779541,6.210000038146973,87265,0.0,0.0
2024-07-05 10:10:00-04:00,6.204999923706055,6.21999979019165,6.204999923706055,6.204999923706055,20773,0.0,0.0
2024-07-05 10:15:00-04:00,6.210000038146973,6.210000038146973,6.199999809265137,6.210000038146973,20629,0.0,0.0
2024-07-05 10:20:00-04:00,6.210000038146973,6.210000038146973,6.190000057220459,6.199999809265137,54014,0.0,0.0
2024-07-05 10:25:00-04:00,6.195000171661377,6.199999809265137,6.144999980926514,6.144999980926514,65395,0.0,0.0
2024-07-05 10:30:00-04:00,6.144999980926514,6.159999847412109,6.130000114440918,6.15500020980835,97536,0.0,0.0
2024-07-05 10:35:00-04:00,6.159999847412109,6.164999961853027,6.139999866485596,6.1479997634887695,70734,0.0,0.0
2024-07-05 10:40:00-04:00,6.144700050354004,6.149899959564209,6.139999866485596,6.144999980926514,48023,0.0,0.0
2024-07-05 10:45:00-04:00,6.144999980926514,6.15500020980835,6.130000114440918,6.135000228881836,95061,0.0,0.0
2024-07-05 10:50:00-04:00,6.135000228881836,6.144999980926514,6.125,6.144999980926514,62328,0.0,0.0
2024-07-05 10:55:00-04:00,6.144999980926514,6.150000095367432,6.139999866485596,6.144999980926514,33694,0.0,0.0
2024-07-05 11:00:00-04:00,6.144999980926514,6.144999980926514,6.130000114440918,6.130000114440918,31401,0.0,0.0
2024-07-05 11:05:00-04:00,6.135000228881836,6.150000095367432,6.130000114440918,6.139999866485596,40076,0.0,0.0
2024-07-05 11:10:00-04:00,6.144999980926514,6.144999980926514,6.130000114440918,6.135000228881836,40352,0.0,0.0
2024-07-05 11:15:00-04:00,6.135000228881836,6.135799884796143,6.130000114440918,6.135000228881836,10975,0.0,0.0
2024-07-05 11:20:00-04:00,6.135000228881836,6.139999866485596,6.130000114440918,6.135000228881836,11460,0.0,0.0
2024-07-05 11:25:00-04:00,6.130000114440918,6.139999866485596,6.119999885559082,6.125,31941,0.0,0.0
2024-07-05 11:30:00-04:00,6.125,6.130000114440918,6.110000133514404,6.114999771118164,13808,0.0,0.0
2024-07-05 11:35:00-04:00,6.114999771118164,6.129700183868408,6.114999771118164,6.125,44738,0.0,0.0
2024-07-05 11:40:00-04:00,6.125,6.130000114440918,6.119999885559082,6.119999885559082,32070,0.0,0.0
2024-07-05 11:45:00-04:00,6.114999771118164,6.119999885559082,6.059999942779541,6.065000057220459,117465,0.0,0.0
2024-07-05 11:50:00-04:00,6.059999942779541,6.079999923706055,6.059999942779541,6.07420015335083,104275,0.0,0.0
2024-07-05 11:55:00-04:00,6.074999809265137,6.079999923706055,6.070000171661377,6.070000171661377,35351,0.0,0.0
2024-07-05 12:00:00-04:00,6.070000171661377,6.070000171661377,6.059999942779541,6.065000057220459,63810,0.0,0.0
2024-07-05 12:05:00-04:00,6.065000057220459,6.090000152587891,6.059999942779541,6.074999809265137,89812,0.0,0.0
2024-07-05 12:10:00-04:00,6.074999809265137,6.079999923706055,6.065000057220459,6.065000057220459,28067,0.0,0.0
2024-07-05 12:15:00-04:00,6.065800189971924,6.070000171661377,6.03000020980835,6.03000020980835,126800,0.0,0.0
2024-07-05 12:20:00-04:00,6.025000095367432,6.050000190734863,6.019999980926514,6.050000190734863,101277,0.0,0.0
2024-07-05 12:25:00-04:00,6.050000190734863,6.050000190734863,6.025000095367432,6.025000095367432,80023,0.0,0.0
2024-07-05 12:30:00-04:00,6.025000095367432,6.045000076293945,6.019999980926514,6.025000095367432,53152,0.0,0.0
2024-07-05 12:35:00-04:00,6.024199962615967,6.025000095367432,6.0,6.005000114440918,107422,0.0,0.0
2024-07-05 12:40:00-04:00,6.009900093078613,6.010000228881836,6.0,6.009900093078613,15640,0.0,0.0
2024-07-05 12:45:00-04:00,6.005000114440918,6.010000228881836,5.989999771118164,5.994999885559082,113344,0.0,0.0
2024-07-05 12:50:00-04:00,5.989999771118164,6.010000228881836,5.989999771118164,6.009900093078613,51819,0.0,0.0
2024-07-05 12:55:00-04:00,6.005000114440918,6.010000228881836,5.989999771118164,5.994999885559082,25924,0.0,0.0
2024-07-05 13:00:00-04:00,5.994999885559082,5.994999885559082,5.985000133514404,5.989999771118164,81753,0.0,0.0
2024-07-05 13:05:00-04:00,5.988900184631348,5.989999771118164,5.96999979019165,5.96999979019165,44996,0.0,0.0
2024-07-05 13:10:00-04:00,5.96999979019165,5.985000133514404,5.96999979019165,5.96999979019165,81976,0.0,0.0
2024-07-05 13:15:00-04:00,5.974999904632568,5.979899883270264,5.96999979019165,5.96999979019165,26186,0.0,0.0
2024-07-05 13:20:00-04:00,5.96999979019165,5.979899883270264,5.96999979019165,5.974999904632568,21559,0.0,0.0
2024-07-05 13:25:00-04:00,5.979800224304199,5.985000133514404,5.96999979019165,5.978600025177002,52015,0.0,0.0
2024-07-05 13:30:00-04:00,5.973800182342529,5.980000019073486,5.96999979019165,5.96999979019165,28197,0.0,0.0
2024-07-05 13:35:00-04:00,5.9730000495910645,5.989999771118164,5.96999979019165,5.989999771118164,47414,0.0,0.0
2024-07-05 13:40:00-04:00,5.989999771118164,5.989999771118164,5.980000019073486,5.985000133514404,46189,0.0,0.0
2024-07-05 13:45:00-04:00,5.985000133514404,6.0,5.980000019073486,5.994999885559082,91260,0.0,0.0
2024-07-05 13:50:00-04:00,5.994999885559082,6.019999980926514,5.989999771118164,6.019999980926514,91133,0.0,0.0
2024-07-05 13:55:00-04:00,6.014999866485596,6.019999980926514,6.010000228881836,6.019999980926514,20905,0.0,0.0
2024-07-05 14:00:00-04:00,6.014999866485596,6.039999961853027,6.014999866485596,6.039999961853027,39138,0.0,0.0
2024-07-05 14:05:00-04:00,6.039999961853027,6.039999961853027,6.025000095367432,6.025000095367432,37054,0.0,0.0
2024-07-05 14:10:00-04:00,6.025000095367432,6.03000020980835,6.019999980926514,6.025000095367432,10864,0.0,0.0
2024-07-05 14:15:00-04:00,6.025000095367432,6.03000020980835,6.019999980926514,6.019999980926514,33269,0.0,0.0
2024-07-05 14:20:00-04:00,6.014999866485596,6.019999980926514,6.010000228881836,6.014999866485596,14774,0.0,0.0
2024-07-05 14:25:00-04:00,6.014999866485596,6.019999980926514,6.005000114440918,6.005000114440918,42123,0.0,0.0
2024-07-05 14:30:00-04:00,6.010000228881836,6.019999980926514,6.0,6.019999980926514,24494,0.0,0.0
2024-07-05 14:35:00-04:00,6.012499809265137,6.019899845123291,6.010000228881836,6.014999866485596,8866,0.0,0.0
2024-07-05 14:40:00-04:00,6.014699935913086,6.019999980926514,6.010000228881836,6.014999866485596,14246,0.0,0.0
2024-07-05 14:45:00-04:00,6.018799781799316,6.025000095367432,6.010000228881836,6.014999866485596,35912,0.0,0.0
2024-07-05 14:50:00-04:00,6.014999866485596,6.019999980926514,6.010000228881836,6.019999980926514,7509,0.0,0.0
2024-07-05 14:55:00-04:00,6.014999866485596,6.019999980926514,6.010000228881836,6.014999866485596,13462,0.0,0.0
2024-07-05 15:00:00-04:00,6.014999866485596,6.014999866485596,6.0,6.010000228881836,73966,0.0,0.0
2024-07-05 15:05:00-04:00,6.010000228881836,6.03000020980835,6.005000114440918,6.03000020980835,53667,0.0,0.0
2024-07-05 15:10:00-04:00,6.03000020980835,6.03000020980835,6.022799968719482,6.025000095367432,20570,0.0,0.0
2024-07-05 15:15:00-04:00,6.025000095367432,6.03000020980835,6.019999980926514,6.03000020980835,18382,0.0,0.0
2024-07-05 15:20:00-04:00,6.03000020980835,6.039999961853027,6.029699802398682,6.034999847412109,33783,0.0,0.0
2024-07-05 15:25:00-04:00,6.039999961853027,6.039999961853027,6.025000095367432,6.034999847412109,54620,0.0,0.0
2024-07-05 15:30:00-04:00,6.034999847412109,6.039999961853027,6.03000020980835,6.03000020980835,45103,0.0,0.0
2024-07-05 15:35:00-04:00,6.034999847412109,6.039899826049805,6.025000095367432,6.034999847412109,71978,0.0,0.0
2024-07-05 15:40:00-04:00,6.034999847412109,6.039999961853027,6.03000020980835,6.034999847412109,26940,0.0,0.0
2024-07-05 15:45:00-04:00,6.034999847412109,6.054999828338623,6.03000020980835,6.045000076293945,122233,0.0,0.0
2024-07-05 15:50:00-04:00,6.039999961853027,6.050000190734863,6.03000020980835,6.047299861907959,202212,0.0,0.0
2024-07-05 15:55:00-04:00,6.050000190734863,6.070000171661377,6.045000076293945,6.070000171661377,247898,0.0,0.0
2024-07-08 09:30:00-04:00,6.130000114440918,6.159999847412109,6.110000133514404,6.135000228881836,99383,0.0,0.0
2024-07-08 09:35:00-04:00,6.135000228881836,6.139999866485596,6.099999904632568,6.110000133514404,22394,0.0,0.0
2024-07-08 09:40:00-04:00,6.110000133514404,6.130000114440918,6.099999904632568,6.099999904632568,19530,0.0,0.0
2024-07-08 09:45:00-04:00,6.09499979019165,6.130000114440918,6.09499979019165,6.119999885559082,18006,0.0,0.0
2024-07-08 09:50:00-04:00,6.125,6.130000114440918,6.110000133514404,6.114999771118164,20549,0.0,0.0
2024-07-08 09:55:00-04:00,6.110000133514404,6.119999885559082,6.099999904632568,6.105000019073486,25107,0.0,0.0
2024-07-08 10:00:00-04:00,6.110000133514404,6.130000114440918,6.110000133514404,6.125,14928,0.0,0.0
2024-07-08 10:05:00-04:00,6.125,6.130000114440918,6.114999771118164,6.125,23540,0.0,0.0
2024-07-08 10:10:00-04:00,6.125,6.125,6.099999904632568,6.105000019073486,17982,0.0,0.0
2024-07-08 10:15:00-04:00,6.105000019073486,6.105000019073486,6.059999942779541,6.074999809265137,79545,0.0,0.0
2024-07-08 10:20:00-04:00,6.070000171661377,6.090000152587891,6.070000171661377,6.090000152587891,27075,0.0,0.0
2024-07-08 10:25:00-04:00,6.090000152587891,6.090000152587891,6.074999809265137,6.090000152587891,23953,0.0,0.0
2024-07-08 10:30:00-04:00,6.085000038146973,6.090000152587891,6.079999923706055,6.085000038146973,17111,0.0,0.0
2024-07-08 10:35:00-04:00,6.085000038146973,6.099999904632568,6.079999923706055,6.099999904632568,16458,0.0,0.0
2024-07-08 10:40:00-04:00,6.09499979019165,6.114999771118164,6.09499979019165,6.1107001304626465,21922,0.0,0.0
2024-07-08 10:45:00-04:00,6.110000133514404,6.119999885559082,6.110000133514404,6.111400127410889,14486,0.0,0.0
2024-07-08 10:50:00-04:00,6.119999885559082,6.150000095367432,6.119999885559082,6.139800071716309,40086,0.0,0.0
2024-07-08 10:55:00-04:00,6.139999866485596,6.150000095367432,6.135000228881836,6.135000228881836,21039,0.0,0.0
2024-07-08 11:00:00-04:00,6.130000114440918,6.139999866485596,6.110000133514404,6.114999771118164,16300,0.0,0.0
2024-07-08 11:05:00-04:00,6.114999771118164,6.139999866485596,6.114999771118164,6.119999885559082,30518,0.0,0.0
2024-07-08 11:10:00-04:00,6.125,6.130000114440918,6.114999771118164,6.119999885559082,27737,0.0,0.0
2024-07-08 11:15:00-04:00,6.116000175476074,6.125,6.110000133514404,6.114999771118164,16561,0.0,0.0
2024-07-08 11:20:00-04:00,6.119900226593018,6.119999885559082,6.099999904632568,6.105000019073486,45849,0.0,0.0
2024-07-08 11:25:00-04:00,6.105000019073486,6.110000133514404,6.099999904632568,6.099999904632568,14271,0.0,0.0
2024-07-08 11:30:00-04:00,6.104499816894531,6.110000133514404,6.090000152587891,6.090000152587891,39848,0.0,0.0
2024-07-08 11:35:00-04:00,6.090000152587891,6.099999904632568,6.090000152587891,6.090000152587891,15274,0.0,0.0
2024-07-08 11:40:00-04:00,6.09499979019165,6.099999904632568,6.090000152587891,6.099999904632568,11940,0.0,0.0
2024-07-08 11:45:00-04:00,6.090000152587891,6.09499979019165,6.079999923706055,6.079999923706055,53093,0.0,0.0
2024-07-08 11:50:00-04:00,6.079999923706055,6.090000152587891,6.079999923706055,6.079999923706055,9722,0.0,0.0
2024-07-08 11:55:00-04:00,6.085000038146973,6.090000152587891,6.079999923706055,6.085000038146973,12920,0.0,0.0
2024-07-08 12:00:00-04:00,6.085000038146973,6.090000152587891,6.074999809265137,6.079999923706055,38259,0.0,0.0
2024-07-08 12:05:00-04:00,6.085000038146973,6.099999904632568,6.079999923706055,6.09499979019165,21338,0.0,0.0
2024-07-08 12:10:00-04:00,6.099899768829346,6.099899768829346,6.079999923706055,6.090000152587891,23803,0.0,0.0
2024-07-08 12:15:00-04:00,6.085000038146973,6.090000152587891,6.085000038146973,6.085000038146973,7911,0.0,0.0
2024-07-08 12:20:00-04:00,6.090000152587891,6.090000152587891,6.079999923706055,6.090000152587891,20356,0.0,0.0
2024-07-08 12:25:00-04:00,6.085000038146973,6.099999904632568,6.085000038146973,6.09499979019165,14983,0.0,0.0
2024-07-08 12:30:00-04:00,6.090000152587891,6.099999904632568,6.090000152587891,6.099999904632568,7862,0.0,0.0
2024-07-08 12:35:00-04:00,6.099999904632568,6.125,6.099999904632568,6.117499828338623,22197,0.0,0.0
2024-07-08 12:40:00-04:00,6.114999771118164,6.119999885559082,6.099999904632568,6.110000133514404,47379,0.0,0.0
2024-07-08 12:45:00-04:00,6.105000019073486,6.110000133514404,6.09499979019165,6.099999904632568,48629,0.0,0.0
2024-07-08 12:50:00-04:00,6.105000019073486,6.119999885559082,6.099999904632568,6.119999885559082,15775,0.0,0.0
2024-07-08 12:55:00-04:00,6.119999885559082,6.119999885559082,6.110899925231934,6.119999885559082,30909,0.0,0.0
2024-07-08 13:00:00-04:00,6.119999885559082,6.119999885559082,6.110000133514404,6.114999771118164,10931,0.0,0.0
2024-07-08 13:05:00-04:00,6.114999771118164,6.114999771118164,6.079999923706055,6.085000038146973,53934,0.0,0.0
2024-07-08 13:10:00-04:00,6.079999923706055,6.090000152587891,6.079999923706055,6.079999923706055,8522,0.0,0.0
2024-07-08 13:15:00-04:00,6.079999923706055,6.085000038146973,6.070000171661377,6.070000171661377,20102,0.0,0.0
2024-07-08 13:20:00-04:00,6.074999809265137,6.099999904632568,6.070000171661377,6.099999904632568,46174,0.0,0.0
2024-07-08 13:25:00-04:00,6.09499979019165,6.099999904632568,6.083399772644043,6.090000152587891,33714,0.0,0.0
2024-07-08 13:30:00-04:00,6.090000152587891,6.09499979019165,6.080999851226807,6.090000152587891,15342,0.0,0.0
2024-07-08 13:35:00-04:00,6.090000152587891,6.099999904632568,6.079999923706055,6.099999904632568,25375,0.0,0.0
2024-07-08 13:40:00-04:00,6.09499979019165,6.110000133514404,6.090000152587891,6.110000133514404,25574,0.0,0.0
2024-07-08 13:45:00-04:00,6.110000133514404,6.130000114440918,6.110000133514404,6.130000114440918,25915,0.0,0.0
2024-07-08 13:50:00-04:00,6.125,6.130000114440918,6.125,6.129899978637695,19338,0.0,0.0
2024-07-08 13:55:00-04:00,6.125,6.139999866485596,6.119999885559082,6.139999866485596,47423,0.0,0.0
2024-07-08 14:00:00-04:00,6.139999866485596,6.150000095367432,6.135000228881836,6.139999866485596,32088,0.0,0.0
2024-07-08 14:05:00-04:00,6.139999866485596,6.144999980926514,6.135000228881836,6.144999980926514,22241,0.0,0.0
2024-07-08 14:10:00-04:00,6.144999980926514,6.150000095367432,6.135000228881836,6.144999980926514,30871,0.0,0.0
2024-07-08 14:15:00-04:00,6.144999980926514,6.150000095367432,6.139999866485596,6.150000095367432,8462,0.0,0.0
2024-07-08 14:20:00-04:00,6.150000095367432,6.159999847412109,6.144999980926514,6.159999847412109,32662,0.0,0.0
2024-07-08 14:25:00-04:00,6.15500020980835,6.170000076293945,6.15500020980835,6.164999961853027,53261,0.0,0.0
2024-07-08 14:30:00-04:00,6.164999961853027,6.179999828338623,6.161200046539307,6.179999828338623,14365,0.0,0.0
2024-07-08 14:35:00-04:00,6.179999828338623,6.195000171661377,6.175000190734863,6.195000171661377,90799,0.0,0.0
2024-07-08 14:40:00-04:00,6.195000171661377,6.210000038146973,6.175000190734863,6.179999828338623,75404,0.0,0.0
2024-07-08 14:45:00-04:00,6.175000190734863,6.179999828338623,6.159999847412109,6.164999961853027,46719,0.0,0.0
2024-07-08 14:50:00-04:00,6.170000076293945,6.179999828338623,6.170000076293945,6.175000190734863,15547,0.0,0.0
2024-07-08 14:55:00-04:00,6.179999828338623,6.179999828338623,6.175000190734863,6.175000190734863,28457,0.0,0.0
2024-07-08 15:00:00-04:00,6.175000190734863,6.184999942779541,6.170300006866455,6.179999828338623,38125,0.0,0.0
2024-07-08 15:05:00-04:00,6.179999828338623,6.179999828338623,6.170100212097168,6.179999828338623,10707,0.0,0.0
2024-07-08 15:10:00-04:00,6.179999828338623,6.179999828338623,6.171000003814697,6.179999828338623,14365,0.0,0.0
2024-07-08 15:15:00-04:00,6.179999828338623,6.184999942779541,6.164999961853027,6.175000190734863,72213,0.0,0.0
2024-07-08 15:20:00-04:00,6.17579984664917,6.190000057220459,6.175000190734863,6.190000057220459,34029,0.0,0.0
2024-07-08 15:25:00-04:00,6.190000057220459,6.190000057220459,6.179999828338623,6.184999942779541,19214,0.0,0.0
2024-07-08 15:30:00-04:00,6.184999942779541,6.190000057220459,6.179999828338623,6.184999942779541,40521,0.0,0.0
2024-07-08 15:35:00-04:00,6.184999942779541,6.184999942779541,6.172599792480469,6.175000190734863,53806,0.0,0.0
2024-07-08 15:40:00-04:00,6.179999828338623,6.179999828338623,6.150000095367432,6.15500020980835,85819,0.0,0.0
2024-07-08 15:45:00-04:00,6.15500020980835,6.159999847412109,6.139999866485596,6.15500020980835,101817,0.0,0.0
2024-07-08 15:50:00-04:00,6.15500020980835,6.170000076293945,6.15500020980835,6.164999961853027,76925,0.0,0.0
2024-07-08 15:55:00-04:00,6.159999847412109,6.175000190734863,6.150000095367432,6.159999847412109,424487,0.0,0.0
2024-07-09 09:30:00-04:00,6.079999923706055,6.110000133514404,5.949999809265137,5.960000038146973,275645,0.0,0.0
2024-07-09 09:35:00-04:00,5.954999923706055,5.965000152587891,5.880000114440918,5.880000114440918,229277,0.0,0.0
2024-07-09 09:40:00-04:00,5.885000228881836,5.925000190734863,5.849999904632568,5.855000019073486,162794,0.0,0.0
2024-07-09 09:45:00-04:00,5.849999904632568,5.860000133514404,5.815000057220459,5.820000171661377,265007,0.0,0.0
2024-07-09 09:50:00-04:00,5.829999923706055,5.835000038146973,5.795000076293945,5.824999809265137,129442,0.0,0.0
2024-07-09 09:55:00-04:00,5.820000171661377,5.829999923706055,5.800000190734863,5.809000015258789,111628,0.0,0.0
2024-07-09 10:00:00-04:00,5.804999828338623,5.864999771118164,5.804999828338623,5.855000019073486,63242,0.0,0.0
2024-07-09 10:05:00-04:00,5.855000019073486,5.889999866485596,5.840000152587891,5.860000133514404,105905,0.0,0.0
2024-07-09 10:10:00-04:00,5.860000133514404,5.869999885559082,5.855000019073486,5.864999771118164,39096,0.0,0.0
2024-07-09 10:15:00-04:00,5.864999771118164,5.869999885559082,5.849999904632568,5.860000133514404,63082,0.0,0.0
2024-07-09 10:20:00-04:00,5.855000019073486,5.885000228881836,5.854400157928467,5.880000114440918,29746,0.0,0.0
2024-07-09 10:25:00-04:00,5.880000114440918,5.929999828338623,5.880000114440918,5.920000076293945,54757,0.0,0.0
2024-07-09 10:30:00-04:00,5.925000190734863,5.925000190734863,5.885000228881836,5.894999980926514,45091,0.0,0.0
2024-07-09 10:35:00-04:00,5.900000095367432,5.90500020980835,5.869999885559082,5.885000228881836,57135,0.0,0.0
2024-07-09 10:40:00-04:00,5.885000228881836,5.9197001457214355,5.875,5.90500020980835,108818,0.0,0.0
2024-07-09 10:45:00-04:00,5.900000095367432,5.900000095367432,5.875,5.885000228881836,27318,0.0,0.0
2024-07-09 10:50:00-04:00,5.885000228881836,5.885000228881836,5.864999771118164,5.864999771118164,28476,0.0,0.0
2024-07-09 10:55:00-04:00,5.864999771118164,5.875,5.860000133514404,5.864999771118164,27412,0.0,0.0
2024-07-09 11:00:00-04:00,5.864999771118164,5.875,5.849999904632568,5.860000133514404,49800,0.0,0.0
2024-07-09 11:05:00-04:00,5.860000133514404,5.864999771118164,5.849999904632568,5.864999771118164,27439,0.0,0.0
2024-07-09 11:10:00-04:00,5.864999771118164,5.86899995803833,5.840000152587891,5.848800182342529,50587,0.0,0.0
2024-07-09 11:15:00-04:00,5.84499979019165,5.849999904632568,5.840000152587891,5.840000152587891,63366,0.0,0.0
2024-07-09 11:20:00-04:00,5.840000152587891,5.869999885559082,5.829999923706055,5.869999885559082,54231,0.0,0.0
2024-07-09 11:25:00-04:00,5.869999885559082,5.869999885559082,5.860099792480469,5.869999885559082,22808,0.0,0.0
2024-07-09 11:30:00-04:00,5.869999885559082,5.889999866485596,5.860000133514404,5.885000228881836,37119,0.0,0.0
2024-07-09 11:35:00-04:00,5.889999866485596,5.900000095367432,5.881100177764893,5.894999980926514,22646,0.0,0.0
2024-07-09 11:40:00-04:00,5.900000095367432,5.90500020980835,5.880000114440918,5.900000095367432,114859,0.0,0.0
2024-07-09 11:45:00-04:00,5.894999980926514,5.900000095367432,5.880000114440918,5.889999866485596,24068,0.0,0.0
2024-07-09 11:50:00-04:00,5.885000228881836,5.885000228881836,5.869999885559082,5.875,32571,0.0,0.0
2024-07-09 11:55:00-04:00,5.875,5.875,5.860000133514404,5.868199825286865,44075,0.0,0.0
2024-07-09 12:00:00-04:00,5.864999771118164,5.869900226593018,5.849999904632568,5.855000019073486,62448,0.0,0.0
2024-07-09 12:05:00-04:00,5.855000019073486,5.855999946594238,5.84060001373291,5.84499979019165,54639,0.0,0.0
2024-07-09 12:10:00-04:00,5.840000152587891,5.849800109863281,5.840000152587891,5.840000152587891,11104,0.0,0.0
2024-07-09 12:15:00-04:00,5.84499979019165,5.849999904632568,5.840000152587891,5.849999904632568,30249,0.0,0.0
2024-07-09 12:20:00-04:00,5.84499979019165,5.849999904632568,5.840000152587891,5.84250020980835,27601,0.0,0.0
2024-07-09 12:25:00-04:00,5.840000152587891,5.855000019073486,5.829999923706055,5.829999923706055,137200,0.0,0.0
2024-07-09 12:30:00-04:00,5.829999923706055,5.840000152587891,5.800000190734863,5.804999828338623,50078,0.0,0.0
2024-07-09 12:35:00-04:00,5.80019998550415,5.804999828338623,5.789999961853027,5.795000076293945,93223,0.0,0.0
2024-07-09 12:40:00-04:00,5.789999961853027,5.804999828338623,5.789999961853027,5.795000076293945,66543,0.0,0.0
2024-07-09 12:45:00-04:00,5.795000076293945,5.800000190734863,5.789999961853027,5.789999961853027,17149,0.0,0.0
2024-07-09 12:50:00-04:00,5.795000076293945,5.800000190734863,5.789999961853027,5.800000190734863,24480,0.0,0.0
2024-07-09 12:55:00-04:00,5.795000076293945,5.804999828338623,5.784999847412109,5.795000076293945,96477,0.0,0.0
2024-07-09 13:00:00-04:00,5.795000076293945,5.804999828338623,5.789999961853027,5.795000076293945,52192,0.0,0.0
2024-07-09 13:05:00-04:00,5.792699813842773,5.809999942779541,5.78000020980835,5.804999828338623,54879,0.0,0.0
2024-07-09 13:10:00-04:00,5.804999828338623,5.829999923706055,5.800000190734863,5.825200080871582,89740,0.0,0.0
2024-07-09 13:15:00-04:00,5.829899787902832,5.835000038146973,5.820000171661377,5.829999923706055,76600,0.0,0.0
2024-07-09 13:20:00-04:00,5.829999923706055,5.835000038146973,5.802499771118164,5.824999809265137,150488,0.0,0.0
2024-07-09 13:25:00-04:00,5.823500156402588,5.829999923706055,5.823500156402588,5.829999923706055,19602,0.0,0.0
2024-07-09 13:30:00-04:00,5.824999809265137,5.829999923706055,5.820000171661377,5.829999923706055,26176,0.0,0.0
2024-07-09 13:35:00-04:00,5.829999923706055,5.829999923706055,5.820000171661377,5.824999809265137,30828,0.0,0.0
2024-07-09 13:40:00-04:00,5.824999809265137,5.829999923706055,5.820000171661377,5.829999923706055,18994,0.0,0.0
2024-07-09 13:45:00-04:00,5.829999923706055,5.829999923706055,5.820000171661377,5.824999809265137,17852,0.0,0.0
2024-07-09 13:50:00-04:00,5.829899787902832,5.829999923706055,5.815000057220459,5.824999809265137,86445,0.0,0.0
2024-07-09 13:55:00-04:00,5.82420015335083,5.829999923706055,5.820000171661377,5.824999809265137,10407,0.0,0.0
2024-07-09 14:00:00-04:00,5.824999809265137,5.824999809265137,5.809999942779541,5.815000057220459,38843,0.0,0.0
2024-07-09 14:05:00-04:00,5.815000057220459,5.820000171661377,5.795000076293945,5.804999828338623,103765,0.0,0.0
2024-07-09 14:10:00-04:00,5.804999828338623,5.809999942779541,5.800000190734863,5.804999828338623,13747,0.0,0.0
2024-07-09 14:15:00-04:00,5.804999828338623,5.809999942779541,5.800000190734863,5.809999942779541,20156,0.0,0.0
2024-07-09 14:20:00-04:00,5.800000190734863,5.809999942779541,5.800000190734863,5.809999942779541,14104,0.0,0.0
2024-07-09 14:25:00-04:00,5.804999828338623,5.809999942779541,5.800000190734863,5.809999942779541,26472,0.0,0.0
2024-07-09 14:30:00-04:00,5.804999828338623,5.809999942779541,5.800000190734863,5.804999828338623,72368,0.0,0.0
2024-07-09 14:35:00-04:00,5.800300121307373,5.829999923706055,5.800000190734863,5.824999809265137,72269,0.0,0.0
2024-07-09 14:40:00-04:00,5.824999809265137,5.835000038146973,5.815000057220459,5.835000038146973,87926,0.0,0.0
2024-07-09 14:45:00-04:00,5.835000038146973,5.840000152587891,5.829999923706055,5.835000038146973,37037,0.0,0.0
2024-07-09 14:50:00-04:00,5.835000038146973,5.835000038146973,5.823999881744385,5.824999809265137,34575,0.0,0.0
2024-07-09 14:55:00-04:00,5.824999809265137,5.829999923706055,5.824999809265137,5.824999809265137,25651,0.0,0.0
2024-07-09 15:00:00-04:00,5.820000171661377,5.829999923706055,5.820000171661377,5.829999923706055,33370,0.0,0.0
2024-07-09 15:05:00-04:00,5.826700210571289,5.829999923706055,5.800000190734863,5.800000190734863,74193,0.0,0.0
2024-07-09 15:10:00-04:00,5.800000190734863,5.800000190734863,5.760000228881836,5.762499809265137,121585,0.0,0.0
2024-07-09 15:15:00-04:00,5.764999866485596,5.769999980926514,5.760000228881836,5.764999866485596,134851,0.0,0.0
2024-07-09 15:20:00-04:00,5.764999866485596,5.78000020980835,5.760000228881836,5.775000095367432,103777,0.0,0.0
2024-07-09 15:25:00-04:00,5.769999980926514,5.775000095367432,5.760000228881836,5.769700050354004,59756,0.0,0.0
2024-07-09 15:30:00-04:00,5.766200065612793,5.766200065612793,5.75,5.764999866485596,160211,0.0,0.0
2024-07-09 15:35:00-04:00,5.764999866485596,5.764999866485596,5.75,5.755000114440918,50492,0.0,0.0
2024-07-09 15:40:00-04:00,5.755000114440918,5.760000228881836,5.75,5.755000114440918,50511,0.0,0.0
2024-07-09 15:45:00-04:00,5.758200168609619,5.760000228881836,5.739999771118164,5.739999771118164,161194,0.0,0.0
2024-07-09 15:50:00-04:00,5.744999885559082,5.760000228881836,5.730000019073486,5.75,296990,0.0,0.0
2024-07-09 15:55:00-04:00,5.75,5.75,5.730000019073486,5.730000019073486,472098,0.0,0.0
2024-07-10 09:30:00-04:00,5.670000076293945,5.71999979019165,5.539999961853027,5.565000057220459,424495,0.0,0.0
2024-07-10 09:35:00-04:00,5.579999923706055,5.585000038146973,5.510000228881836,5.534999847412109,152662,0.0,0.0
2024-07-10 09:40:00-04:00,5.534999847412109,5.550000190734863,5.440000057220459,5.445000171661377,198436,0.0,0.0
2024-07-10 09:45:00-04:00,5.449999809265137,5.454999923706055,5.385000228881836,5.394999980926514,180889,0.0,0.0
2024-07-10 09:50:00-04:00,5.394999980926514,5.468400001525879,5.389999866485596,5.409999847412109,161750,0.0,0.0
2024-07-10 09:55:00-04:00,5.409900188446045,5.489999771118164,5.400000095367432,5.480000019073486,459901,0.0,0.0
2024-07-10 10:00:00-04:00,5.485000133514404,5.590000152587891,5.480100154876709,5.579999923706055,174820,0.0,0.0
2024-07-10 10:05:00-04:00,5.599999904632568,5.625,5.578000068664551,5.579999923706055,68531,0.0,0.0
2024-07-10 10:10:00-04:00,5.570099830627441,5.619999885559082,5.554999828338623,5.61329984664917,51612,0.0,0.0
2024-07-10 10:15:00-04:00,5.618100166320801,5.690000057220459,5.614999771118164,5.679999828338623,128368,0.0,0.0
2024-07-10 10:20:00-04:00,5.678999900817871,5.695000171661377,5.650000095367432,5.6697998046875,137963,0.0,0.0
2024-07-10 10:25:00-04:00,5.670000076293945,5.675000190734863,5.650000095367432,5.650100231170654,48459,0.0,0.0
2024-07-10 10:30:00-04:00,5.65500020980835,5.665999889373779,5.630000114440918,5.635000228881836,150823,0.0,0.0
2024-07-10 10:35:00-04:00,5.635000228881836,5.659999847412109,5.635000228881836,5.650000095367432,33383,0.0,0.0
2024-07-10 10:40:00-04:00,5.651199817657471,5.659999847412109,5.644999980926514,5.659999847412109,39735,0.0,0.0
2024-07-10 10:45:00-04:00,5.659999847412109,5.664999961853027,5.639999866485596,5.664999961853027,33727,0.0,0.0
2024-07-10 10:50:00-04:00,5.664999961853027,5.670000076293945,5.650000095367432,5.664999961853027,23301,0.0,0.0
2024-07-10 10:55:00-04:00,5.659999847412109,5.664999961853027,5.650000095367432,5.65500020980835,24128,0.0,0.0
2024-07-10 11:00:00-04:00,5.65500020980835,5.695000171661377,5.65500020980835,5.695000171661377,40657,0.0,0.0
2024-07-10 11:05:00-04:00,5.690000057220459,5.71999979019165,5.679999828338623,5.695000171661377,80564,0.0,0.0
2024-07-10 11:10:00-04:00,5.695000171661377,5.699699878692627,5.679999828338623,5.684999942779541,50623,0.0,0.0
2024-07-10 11:15:00-04:00,5.684999942779541,5.690000057220459,5.664999961853027,5.679999828338623,27081,0.0,0.0
2024-07-10 11:20:00-04:00,5.679999828338623,5.699999809265137,5.679999828338623,5.695000171661377,30417,0.0,0.0
2024-07-10 11:25:00-04:00,5.690000057220459,5.695000171661377,5.664999961853027,5.664999961853027,62793,0.0,0.0
2024-07-10 11:30:00-04:00,5.664999961853027,5.675000190734863,5.633500099182129,5.639999866485596,166677,0.0,0.0
2024-07-10 11:35:00-04:00,5.635000228881836,5.644999980926514,5.612500190734863,5.630000114440918,41440,0.0,0.0
2024-07-10 11:40:00-04:00,5.625,5.630000114440918,5.599999904632568,5.605000019073486,57045,0.0,0.0
2024-07-10 11:45:00-04:00,5.605000019073486,5.619900226593018,5.602499961853027,5.610000133514404,43392,0.0,0.0
2024-07-10 11:50:00-04:00,5.610000133514404,5.650000095367432,5.605000019073486,5.644999980926514,31071,0.0,0.0
2024-07-10 11:55:00-04:00,5.650000095367432,5.659999847412109,5.639999866485596,5.659999847412109,15193,0.0,0.0
2024-07-10 12:00:00-04:00,5.659999847412109,5.670000076293945,5.65500020980835,5.670000076293945,25222,0.0,0.0
2024-07-10 12:05:00-04:00,5.670000076293945,5.675000190734863,5.659999847412109,5.670000076293945,18415,0.0,0.0
2024-07-10 12:10:00-04:00,5.670000076293945,5.690000057220459,5.664999961853027,5.664999961853027,81673,0.0,0.0
2024-07-10 12:15:00-04:00,5.670000076293945,5.710000038146973,5.670000076293945,5.710000038146973,79842,0.0,0.0
2024-07-10 12:20:00-04:00,5.704999923706055,5.71999979019165,5.699999809265137,5.699999809265137,47262,0.0,0.0
2024-07-10 12:25:00-04:00,5.704999923706055,5.710000038146973,5.699999809265137,5.704999923706055,57766,0.0,0.0
2024-07-10 12:30:00-04:00,5.704999923706055,5.710000038146973,5.699999809265137,5.704999923706055,28946,0.0,0.0
2024-07-10 12:35:00-04:00,5.704999923706055,5.710000038146973,5.690000057220459,5.695000171661377,98783,0.0,0.0
2024-07-10 12:40:00-04:00,5.695000171661377,5.704999923706055,5.690000057220459,5.704999923706055,106744,0.0,0.0
2024-07-10 12:45:00-04:00,5.704999923706055,5.710000038146973,5.699999809265137,5.710000038146973,12338,0.0,0.0
2024-07-10 12:50:00-04:00,5.710000038146973,5.71999979019165,5.699999809265137,5.71999979019165,22520,0.0,0.0
2024-07-10 12:55:00-04:00,5.71999979019165,5.71999979019165,5.659999847412109,5.664999961853027,114498,0.0,0.0
2024-07-10 13:00:00-04:00,5.670000076293945,5.690000057220459,5.659999847412109,5.684999942779541,21525,0.0,0.0
2024-07-10 13:05:00-04:00,5.684999942779541,5.690000057220459,5.679999828338623,5.684999942779541,20188,0.0,0.0
2024-07-10 13:10:00-04:00,5.690000057220459,5.699999809265137,5.684999942779541,5.695000171661377,24152,0.0,0.0
2024-07-10 13:15:00-04:00,5.695000171661377,5.699999809265137,5.695000171661377,5.695000171661377,11425,0.0,0.0
2024-07-10 13:20:00-04:00,5.695000171661377,5.699999809265137,5.684999942779541,5.690000057220459,95570,0.0,0.0
2024-07-10 13:25:00-04:00,5.684999942779541,5.699999809265137,5.684999942779541,5.690000057220459,42012,0.0,0.0
2024-07-10 13:30:00-04:00,5.690000057220459,5.690000057220459,5.650100231170654,5.65500020980835,55100,0.0,0.0
2024-07-10 13:35:00-04:00,5.65500020980835,5.710000038146973,5.65500020980835,5.710000038146973,124476,0.0,0.0
2024-07-10 13:40:00-04:00,5.710000038146973,5.730000019073486,5.710000038146973,5.715000152587891,46723,0.0,0.0
2024-07-10 13:45:00-04:00,5.715000152587891,5.730000019073486,5.715000152587891,5.715000152587891,45152,0.0,0.0
2024-07-10 13:50:00-04:00,5.71999979019165,5.730000019073486,5.71999979019165,5.730000019073486,16341,0.0,0.0
2024-07-10 13:55:00-04:00,5.735000133514404,5.739999771118164,5.730000019073486,5.735000133514404,19704,0.0,0.0
2024-07-10 14:00:00-04:00,5.735000133514404,5.735000133514404,5.71999979019165,5.724999904632568,32338,0.0,0.0
2024-07-10 14:05:00-04:00,5.724999904632568,5.724999904632568,5.703700065612793,5.715000152587891,42139,0.0,0.0
2024-07-10 14:10:00-04:00,5.715000152587891,5.71999979019165,5.710000038146973,5.71999979019165,10362,0.0,0.0
2024-07-10 14:15:00-04:00,5.71999979019165,5.724999904632568,5.715000152587891,5.724999904632568,66514,0.0,0.0
2024-07-10 14:20:00-04:00,5.730000019073486,5.730000019073486,5.71999979019165,5.724999904632568,60700,0.0,0.0
2024-07-10 14:25:00-04:00,5.71999979019165,5.729899883270264,5.699999809265137,5.704999923706055,49617,0.0,0.0
2024-07-10 14:30:00-04:00,5.704999923706055,5.710000038146973,5.699999809265137,5.699999809265137,16087,0.0,0.0
2024-07-10 14:35:00-04:00,5.699999809265137,5.710000038146973,5.699999809265137,5.704999923706055,16125,0.0,0.0
2024-07-10 14:40:00-04:00,5.710000038146973,5.710000038146973,5.699999809265137,5.710000038146973,37073,0.0,0.0
2024-07-10 14:45:00-04:00,5.710000038146973,5.710000038146973,5.695000171661377,5.695000171661377,84205,0.0,0.0
2024-07-10 14:50:00-04:00,5.695000171661377,5.699999809265137,5.675000190734863,5.675000190734863,87702,0.0,0.0
2024-07-10 14:55:00-04:00,5.675000190734863,5.710000038146973,5.675000190734863,5.704999923706055,98111,0.0,0.0
2024-07-10 15:00:00-04:00,5.699999809265137,5.704999923706055,5.690999984741211,5.690999984741211,146901,0.0,0.0
2024-07-10 15:05:00-04:00,5.699999809265137,5.699999809265137,5.670000076293945,5.670000076293945,119830,0.0,0.0
2024-07-10 15:10:00-04:00,5.675000190734863,5.690000057220459,5.670000076293945,5.684999942779541,56954,0.0,0.0
2024-07-10 15:15:00-04:00,5.682700157165527,5.690000057220459,5.679999828338623,5.684999942779541,41593,0.0,0.0
2024-07-10 15:20:00-04:00,5.684999942779541,5.710000038146973,5.684999942779541,5.710000038146973,45004,0.0,0.0
2024-07-10 15:25:00-04:00,5.704999923706055,5.71999979019165,5.704999923706055,5.715000152587891,37222,0.0,0.0
2024-07-10 15:30:00-04:00,5.71999979019165,5.730000019073486,5.7104997634887695,5.730000019073486,30515,0.0,0.0
2024-07-10 15:35:00-04:00,5.730000019073486,5.730000019073486,5.710100173950195,5.715000152587891,99831,0.0,0.0
2024-07-10 15:40:00-04:00,5.71999979019165,5.724999904632568,5.715000152587891,5.724999904632568,80174,0.0,0.0
2024-07-10 15:45:00-04:00,5.724999904632568,5.730000019073486,5.715000152587891,5.715000152587891,106182,0.0,0.0
2024-07-10 15:50:00-04:00,5.715000152587891,5.730000019073486,5.7118000984191895,5.730000019073486,97320,0.0,0.0
2024-07-10 15:55:00-04:00,5.724999904632568,5.739999771118164,5.71999979019165,5.739999771118164,321476,0.0,0.0
2024-07-11 09:30:00-04:00,5.849999904632568,5.900000095367432,5.829999923706055,5.900000095367432,113024,0.0,0.0
2024-07-11 09:35:00-04:00,5.894999980926514,5.918000221252441,5.855000019073486,5.875,38069,0.0,0.0
2024-07-11 09:40:00-04:00,5.875,5.875,5.84499979019165,5.860099792480469,20184,0.0,0.0
2024-07-11 09:45:00-04:00,5.861199855804443,5.90500020980835,5.861199855804443,5.90500020980835,111287,0.0,0.0
2024-07-11 09:50:00-04:00,5.90500020980835,5.929999828338623,5.900199890136719,5.929999828338623,24942,0.0,0.0
2024-07-11 09:55:00-04:00,5.929999828338623,5.934999942779541,5.887499809265137,5.900000095367432,97548,0.0,0.0
2024-07-11 10:00:00-04:00,5.900000095367432,6.0,5.900000095367432,5.994999885559082,79838,0.0,0.0
2024-07-11 10:05:00-04:00,5.994999885559082,6.019999980926514,5.989999771118164,6.018199920654297,70626,0.0,0.0
2024-07-11 10:10:00-04:00,6.019999980926514,6.050000190734863,5.994999885559082,6.010000228881836,121488,0.0,0.0
2024-07-11 10:15:00-04:00,6.005000114440918,6.005000114440918,5.945000171661377,5.949999809265137,61290,0.0,0.0
2024-07-11 10:20:00-04:00,5.940100193023682,5.954999923706055,5.939000129699707,5.940000057220459,93066,0.0,0.0
2024-07-11 10:25:00-04:00,5.940000057220459,5.9481000900268555,5.900000095367432,5.900000095367432,62798,0.0,0.0
2024-07-11 10:30:00-04:00,5.900000095367432,5.90500020980835,5.880000114440918,5.900000095367432,138281,0.0,0.0
2024-07-11 10:35:00-04:00,5.889999866485596,5.925000190734863,5.880000114440918,5.909999847412109,157343,0.0,0.0
2024-07-11 10:40:00-04:00,5.90500020980835,5.954999923706055,5.900000095367432,5.949999809265137,97428,0.0,0.0
2024-07-11 10:45:00-04:00,5.940000057220459,5.96999979019165,5.940000057220459,5.94980001449585,36549,0.0,0.0
2024-07-11 10:50:00-04:00,5.949999809265137,5.949999809265137,5.920000076293945,5.925000190734863,20988,0.0,0.0
2024-07-11 10:55:00-04:00,5.925000190734863,5.934999942779541,5.914999961853027,5.925000190734863,54631,0.0,0.0
2024-07-11 11:00:00-04:00,5.920000076293945,5.929999828338623,5.920000076293945,5.925000190734863,34816,0.0,0.0
2024-07-11 11:05:00-04:00,5.925000190734863,5.945000171661377,5.920199871063232,5.945000171661377,19922,0.0,0.0
2024-07-11 11:10:00-04:00,5.940000057220459,5.960000038146973,5.940000057220459,5.945000171661377,36197,0.0,0.0
2024-07-11 11:15:00-04:00,5.945000171661377,5.949699878692627,5.929999828338623,5.929999828338623,24170,0.0,0.0
2024-07-11 11:20:00-04:00,5.929999828338623,5.934999942779541,5.920000076293945,5.920000076293945,49656,0.0,0.0
2024-07-11 11:25:00-04:00,5.920000076293945,5.929999828338623,5.920000076293945,5.920000076293945,12736,0.0,0.0
2024-07-11 11:30:00-04:00,5.920000076293945,5.940000057220459,5.920000076293945,5.934999942779541,19650,0.0,0.0
2024-07-11 11:35:00-04:00,5.932700157165527,5.940000057220459,5.929999828338623,5.934999942779541,22279,0.0,0.0
2024-07-11 11:40:00-04:00,5.929999828338623,5.945000171661377,5.929999828338623,5.940000057220459,13715,0.0,0.0
2024-07-11 11:45:00-04:00,5.945000171661377,5.960000038146973,5.929999828338623,5.934999942779541,58209,0.0,0.0
2024-07-11 11:50:00-04:00,5.934999942779541,5.934999942779541,5.929999828338623,5.934999942779541,9941,0.0,0.0
2024-07-11 11:55:00-04:00,5.929999828338623,5.934999942779541,5.920000076293945,5.929999828338623,46232,0.0,0.0
2024-07-11 12:00:00-04:00,5.929999828338623,5.934999942779541,5.920000076293945,5.920000076293945,22042,0.0,0.0
2024-07-11 12:05:00-04:00,5.920000076293945,5.935500144958496,5.920000076293945,5.935500144958496,23550,0.0,0.0
2024-07-11 12:10:00-04:00,5.934999942779541,5.938000202178955,5.929999828338623,5.929999828338623,11763,0.0,0.0
2024-07-11 12:15:00-04:00,5.934999942779541,5.940000057220459,5.929999828338623,5.934999942779541,19727,0.0,0.0
2024-07-11 12:20:00-04:00,5.934999942779541,5.940000057220459,5.929999828338623,5.940000057220459,11873,0.0,0.0
2024-07-11 12:25:00-04:00,5.934999942779541,5.949999809265137,5.929999828338623,5.945000171661377,27051,0.0,0.0
2024-07-11 12:30:00-04:00,5.949999809265137,5.960000038146973,5.949999809265137,5.960000038146973,13014,0.0,0.0
2024-07-11 12:35:00-04:00,5.954999923706055,5.960000038146973,5.949999809265137,5.954999923706055,16951,0.0,0.0
2024-07-11 12:40:00-04:00,5.949999809265137,5.960000038146973,5.949999809265137,5.954999923706055,14099,0.0,0.0
2024-07-11 12:45:00-04:00,5.949999809265137,5.954999923706055,5.929999828338623,5.929999828338623,101322,0.0,0.0
2024-07-11 12:50:00-04:00,5.929999828338623,5.945000171661377,5.929999828338623,5.945000171661377,55042,0.0,0.0
2024-07-11 12:55:00-04:00,5.945000171661377,5.960000038146973,5.934999942779541,5.949999809265137,95454,0.0,0.0
2024-07-11 13:00:00-04:00,5.960000038146973,5.969900131225586,5.940000057220459,5.945000171661377,35256,0.0,0.0
2024-07-11 13:05:00-04:00,5.945000171661377,5.96999979019165,5.940000057220459,5.965000152587891,39364,0.0,0.0
2024-07-11 13:10:00-04:00,5.96999979019165,5.980000019073486,5.960000038146973,5.974999904632568,50507,0.0,0.0
2024-07-11 13:15:00-04:00,5.980000019073486,6.0,5.974999904632568,5.994999885559082,41258,0.0,0.0
2024-07-11 13:20:00-04:00,6.0,6.0,5.96999979019165,5.974999904632568,34856,0.0,0.0
2024-07-11 13:25:00-04:00,5.974999904632568,5.989999771118164,5.974999904632568,5.985000133514404,42345,0.0,0.0
2024-07-11 13:30:00-04:00,5.985000133514404,5.9899001121521,5.96999979019165,5.974999904632568,67030,0.0,0.0
2024-07-11 13:35:00-04:00,5.970099925994873,5.980000019073486,5.96999979019165,5.980000019073486,27356,0.0,0.0
2024-07-11 13:40:00-04:00,5.974999904632568,5.989999771118164,5.974999904632568,5.985000133514404,21953,0.0,0.0
2024-07-11 13:45:00-04:00,5.985000133514404,6.0,5.980000019073486,6.0,38492,0.0,0.0
2024-07-11 13:50:00-04:00,6.0,6.019999980926514,6.0,6.014999866485596,30405,0.0,0.0
2024-07-11 13:55:00-04:00,6.019999980926514,6.03000020980835,6.013599872589111,6.03000020980835,31117,0.0,0.0
2024-07-11 14:00:00-04:00,6.03000020980835,6.03000020980835,6.014800071716309,6.025000095367432,36557,0.0,0.0
2024-07-11 14:05:00-04:00,6.025000095367432,6.03000020980835,6.010000228881836,6.025000095367432,107148,0.0,0.0
2024-07-11 14:10:00-04:00,6.025000095367432,6.025000095367432,6.014999866485596,6.014999866485596,51659,0.0,0.0
2024-07-11 14:15:00-04:00,6.019999980926514,6.019999980926514,6.010000228881836,6.019999980926514,14310,0.0,0.0
2024-07-11 14:20:00-04:00,6.015500068664551,6.015500068664551,6.0,6.014999866485596,41052,0.0,0.0
2024-07-11 14:25:00-04:00,6.014999866485596,6.017199993133545,6.010000228881836,6.014999866485596,36966,0.0,0.0
2024-07-11 14:30:00-04:00,6.014999866485596,6.014999866485596,6.0,6.005000114440918,70491,0.0,0.0
2024-07-11 14:35:00-04:00,6.005000114440918,6.009900093078613,6.0,6.005000114440918,18891,0.0,0.0
2024-07-11 14:40:00-04:00,6.005000114440918,6.010000228881836,6.0,6.010000228881836,21479,0.0,0.0
2024-07-11 14:45:00-04:00,6.010000228881836,6.010000228881836,6.0,6.010000228881836,18686,0.0,0.0
2024-07-11 14:50:00-04:00,6.010000228881836,6.019999980926514,6.010000228881836,6.014999866485596,66692,0.0,0.0
2024-07-11 14:55:00-04:00,6.010000228881836,6.019999980926514,6.010000228881836,6.010000228881836,14501,0.0,0.0
2024-07-11 15:00:00-04:00,6.014999866485596,6.039999961853027,6.010000228881836,6.025000095367432,115910,0.0,0.0
2024-07-11 15:05:00-04:00,6.025000095367432,6.039999961853027,6.025000095367432,6.025000095367432,59859,0.0,0.0
2024-07-11 15:10:00-04:00,6.025000095367432,6.03000020980835,6.019999980926514,6.021399974822998,17235,0.0,0.0
2024-07-11 15:15:00-04:00,6.03000020980835,6.065000057220459,6.03000020980835,6.054999828338623,109691,0.0,0.0
2024-07-11 15:20:00-04:00,6.054999828338623,6.054999828338623,6.039999961853027,6.050000190734863,44422,0.0,0.0
2024-07-11 15:25:00-04:00,6.050000190734863,6.059999942779541,6.045000076293945,6.059999942779541,49366,0.0,0.0
2024-07-11 15:30:00-04:00,6.059999942779541,6.070000171661377,6.050000190734863,6.065000057220459,43999,0.0,0.0
2024-07-11 15:35:00-04:00,6.065000057220459,6.074999809265137,6.059999942779541,6.059999942779541,123405,0.0,0.0
2024-07-11 15:40:00-04:00,6.065000057220459,6.090000152587891,6.059999942779541,6.085000038146973,81061,0.0,0.0
2024-07-11 15:45:00-04:00,6.085000038146973,6.110000133514404,6.079999923706055,6.110000133514404,112417,0.0,0.0
2024-07-11 15:50:00-04:00,6.110000133514404,6.125,6.054999828338623,6.059999942779541,546783,0.0,0.0
2024-07-11 15:55:00-04:00,6.050000190734863,6.090000152587891,6.050000190734863,6.085000038146973,311174,0.0,0.0
2024-07-12 09:30:00-04:00,6.150000095367432,6.179999828338623,6.110099792480469,6.175000190734863,115563,0.0,0.0
2024-07-12 09:35:00-04:00,6.170000076293945,6.195000171661377,6.130000114440918,6.159999847412109,38433,0.0,0.0
2024-07-12 09:40:00-04:00,6.159999847412109,6.179999828338623,6.150000095367432,6.179999828338623,29167,0.0,0.0
2024-07-12 09:45:00-04:00,6.170000076293945,6.179999828338623,6.119999885559082,6.119999885559082,47722,0.0,0.0
2024-07-12 09:50:00-04:00,6.119999885559082,6.125,6.09499979019165,6.105000019073486,31512,0.0,0.0
2024-07-12 09:55:00-04:00,6.105000019073486,6.129899978637695,6.105000019073486,6.114999771118164,53260,0.0,0.0
2024-07-12 10:00:00-04:00,6.114999771118164,6.135000228881836,6.114999771118164,6.130000114440918,48666,0.0,0.0
2024-07-12 10:05:00-04:00,6.130000114440918,6.159999847412109,6.122499942779541,6.135000228881836,53748,0.0,0.0
2024-07-12 10:10:00-04:00,6.135000228881836,6.164999961853027,6.130000114440918,6.164999961853027,19226,0.0,0.0
2024-07-12 10:15:00-04:00,6.159999847412109,6.179999828338623,6.159999847412109,6.175000190734863,31292,0.0,0.0
2024-07-12 10:20:00-04:00,6.172500133514404,6.179999828338623,6.172500133514404,6.175000190734863,13129,0.0,0.0
2024-07-12 10:25:00-04:00,6.175000190734863,6.199999809265137,6.162499904632568,6.199900150299072,87156,0.0,0.0
2024-07-12 10:30:00-04:00,6.195000171661377,6.204999923706055,6.144599914550781,6.144599914550781,70707,0.0,0.0
2024-07-12 10:35:00-04:00,6.144999980926514,6.164999961853027,6.144999980926514,6.15500020980835,22452,0.0,0.0
2024-07-12 10:40:00-04:00,6.150000095367432,6.150000095367432,6.099999904632568,6.119999885559082,37031,0.0,0.0
2024-07-12 10:45:00-04:00,6.114999771118164,6.130000114440918,6.114999771118164,6.130000114440918,36215,0.0,0.0
2024-07-12 10:50:00-04:00,6.125,6.125699996948242,6.099999904632568,6.099999904632568,37055,0.0,0.0
2024-07-12 10:55:00-04:00,6.099999904632568,6.164999961853027,6.099999904632568,6.164999961853027,26183,0.0,0.0
2024-07-12 11:00:00-04:00,6.170000076293945,6.170000076293945,6.150000095367432,6.15500020980835,34759,0.0,0.0
2024-07-12 11:05:00-04:00,6.150000095367432,6.159999847412109,6.139999866485596,6.144999980926514,15792,0.0,0.0
2024-07-12 11:10:00-04:00,6.144999980926514,6.144999980926514,6.139999866485596,6.144999980926514,6845,0.0,0.0
2024-07-12 11:15:00-04:00,6.144999980926514,6.150000095367432,6.119999885559082,6.125,45586,0.0,0.0
2024-07-12 11:20:00-04:00,6.125,6.130000114440918,6.119999885559082,6.119999885559082,11307,0.0,0.0
2024-07-12 11:25:00-04:00,6.119999885559082,6.150000095367432,6.119999885559082,6.139999866485596,65104,0.0,0.0
2024-07-12 11:30:00-04:00,6.139999866485596,6.140999794006348,6.130000114440918,6.135000228881836,11350,0.0,0.0
2024-07-12 11:35:00-04:00,6.135000228881836,6.135000228881836,6.125,6.130000114440918,28070,0.0,0.0
2024-07-12 11:40:00-04:00,6.135000228881836,6.139999866485596,6.130000114440918,6.135000228881836,11450,0.0,0.0
2024-07-12 11:45:00-04:00,6.132500171661377,6.144999980926514,6.110000133514404,6.114999771118164,68408,0.0,0.0
2024-07-12 11:50:00-04:00,6.114999771118164,6.135000228881836,6.114999771118164,6.135000228881836,63020,0.0,0.0
2024-07-12 11:55:00-04:00,6.135000228881836,6.135000228881836,6.110000133514404,6.119999885559082,21118,0.0,0.0
2024-07-12 12:00:00-04:00,6.119999885559082,6.119999885559082,6.110000133514404,6.110000133514404,14248,0.0,0.0
2024-07-12 12:05:00-04:00,6.110000133514404,6.119999885559082,6.110000133514404,6.114999771118164,8878,0.0,0.0
2024-07-12 12:10:00-04:00,6.114999771118164,6.130000114440918,6.110000133514404,6.114999771118164,30730,0.0,0.0
2024-07-12 12:15:00-04:00,6.114999771118164,6.119999885559082,6.110000133514404,6.114999771118164,16826,0.0,0.0
2024-07-12 12:20:00-04:00,6.114999771118164,6.119999885559082,6.114299774169922,6.119999885559082,7292,0.0,0.0
2024-07-12 12:25:00-04:00,6.119999885559082,6.125,6.110099792480469,6.114999771118164,32321,0.0,0.0
2024-07-12 12:30:00-04:00,6.114999771118164,6.119999885559082,6.111299991607666,6.119999885559082,11572,0.0,0.0
2024-07-12 12:35:00-04:00,6.119999885559082,6.119999885559082,6.09499979019165,6.105000019073486,32346,0.0,0.0
2024-07-12 12:40:00-04:00,6.105000019073486,6.110000133514404,6.099999904632568,6.099999904632568,3553,0.0,0.0
2024-07-12 12:45:00-04:00,6.105000019073486,6.110000133514404,6.099999904632568,6.110000133514404,14603,0.0,0.0
2024-07-12 12:50:00-04:00,6.110000133514404,6.119999885559082,6.110000133514404,6.114999771118164,22623,0.0,0.0
2024-07-12 12:55:00-04:00,6.119999885559082,6.135000228881836,6.119999885559082,6.125,35229,0.0,0.0
2024-07-12 13:00:00-04:00,6.125,6.125,6.099999904632568,6.105000019073486,30347,0.0,0.0
2024-07-12 13:05:00-04:00,6.099999904632568,6.099999904632568,6.090000152587891,6.09499979019165,13619,0.0,0.0
2024-07-12 13:10:00-04:00,6.090000152587891,6.099999904632568,6.090000152587891,6.090000152587891,8495,0.0,0.0
2024-07-12 13:15:00-04:00,6.090000152587891,6.107500076293945,6.090000152587891,6.099999904632568,30387,0.0,0.0
2024-07-12 13:20:00-04:00,6.099999904632568,6.110000133514404,6.09499979019165,6.105000019073486,28153,0.0,0.0
2024-07-12 13:25:00-04:00,6.105000019073486,6.125,6.099999904632568,6.125,23921,0.0,0.0
2024-07-12 13:30:00-04:00,6.130000114440918,6.150000095367432,6.125,6.150000095367432,15047,0.0,0.0
2024-07-12 13:35:00-04:00,6.150000095367432,6.170000076293945,6.144999980926514,6.1697998046875,20113,0.0,0.0
2024-07-12 13:40:00-04:00,6.169899940490723,6.170000076293945,6.164999961853027,6.170000076293945,8528,0.0,0.0
2024-07-12 13:45:00-04:00,6.170000076293945,6.170000076293945,6.160099983215332,6.170000076293945,31633,0.0,0.0
2024-07-12 13:50:00-04:00,6.170000076293945,6.170000076293945,6.130000114440918,6.140200138092041,101615,0.0,0.0
2024-07-12 13:55:00-04:00,6.144000053405762,6.150000095367432,6.139999866485596,6.139999866485596,18078,0.0,0.0
2024-07-12 14:00:00-04:00,6.144999980926514,6.150000095367432,6.135000228881836,6.144999980926514,24240,0.0,0.0
2024-07-12 14:05:00-04:00,6.1458001136779785,6.147500038146973,6.135000228881836,6.139999866485596,29852,0.0,0.0
2024-07-12 14:10:00-04:00,6.139999866485596,6.144999980926514,6.119999885559082,6.119999885559082,39072,0.0,0.0
2024-07-12 14:15:00-04:00,6.119999885559082,6.135000228881836,6.119999885559082,6.135000228881836,17163,0.0,0.0
2024-07-12 14:20:00-04:00,6.135000228881836,6.139999866485596,6.130000114440918,6.135000228881836,14695,0.0,0.0
2024-07-12 14:25:00-04:00,6.130000114440918,6.150000095367432,6.130000114440918,6.144999980926514,35376,0.0,0.0
2024-07-12 14:30:00-04:00,6.144999980926514,6.150000095367432,6.135000228881836,6.144999980926514,40930,0.0,0.0
2024-07-12 14:35:00-04:00,6.144999980926514,6.150000095367432,6.139999866485596,6.150000095367432,14248,0.0,0.0
2024-07-12 14:40:00-04:00,6.144999980926514,6.159999847412109,6.142499923706055,6.159999847412109,27308,0.0,0.0
2024-07-12 14:45:00-04:00,6.15500020980835,6.159999847412109,6.151400089263916,6.159999847412109,25177,0.0,0.0
2024-07-12 14:50:00-04:00,6.159999847412109,6.175000190734863,6.150000095367432,6.175000190734863,25602,0.0,0.0
2024-07-12 14:55:00-04:00,6.179999828338623,6.179999828338623,6.170000076293945,6.179999828338623,22875,0.0,0.0
2024-07-12 15:00:00-04:00,6.175000190734863,6.179999828338623,6.170000076293945,6.175000190734863,44001,0.0,0.0
2024-07-12 15:05:00-04:00,6.179999828338623,6.190000057220459,6.175000190734863,6.184999942779541,71786,0.0,0.0
2024-07-12 15:10:00-04:00,6.184999942779541,6.229800224304199,6.180099964141846,6.229800224304199,79509,0.0,0.0
2024-07-12 15:15:00-04:00,6.230000019073486,6.230000019073486,6.210000038146973,6.215000152587891,71724,0.0,0.0
2024-07-12 15:20:00-04:00,6.215000152587891,6.260000228881836,6.214900016784668,6.255000114440918,242064,0.0,0.0
2024-07-12 15:25:00-04:00,6.260000228881836,6.269999980926514,6.239999771118164,6.244999885559082,218611,0.0,0.0
2024-07-12 15:30:00-04:00,6.25,6.255000114440918,6.210000038146973,6.235000133514404,116322,0.0,0.0
2024-07-12 15:35:00-04:00,6.235000133514404,6.239999771118164,6.230000019073486,6.235000133514404,41454,0.0,0.0
2024-07-12 15:40:00-04:00,6.235000133514404,6.239999771118164,6.21999979019165,6.235000133514404,95519,0.0,0.0
2024-07-12 15:45:00-04:00,6.235000133514404,6.255000114440918,6.224999904632568,6.255000114440918,162281,0.0,0.0
2024-07-12 15:50:00-04:00,6.255000114440918,6.260000228881836,6.235000133514404,6.235000133514404,192137,0.0,0.0
2024-07-12 15:55:00-04:00,6.235000133514404,6.239999771118164,6.210000038146973,6.215000152587891,291582,0.0,0.0
