Datetime,Open,High,Low,Close,Volume,Dividends,Stock Splits,Capital Gains
2024-06-13 09:30:00-04:00,79.62999725341797,79.62999725341797,79.48500061035156,79.50569915771484,5854,0.0,0.0,0.0
2024-06-13 09:40:00-04:00,79.3499984741211,79.56999969482422,79.3499984741211,79.56999969482422,473,0.0,0.0,0.0
2024-06-13 09:45:00-04:00,79.48500061035156,79.5,79.26000213623047,79.29000091552734,3770,0.0,0.0,0.0
2024-06-13 09:50:00-04:00,79.45500183105469,79.45500183105469,79.37000274658203,79.37000274658203,829,0.0,0.0,0.0
2024-06-13 09:55:00-04:00,79.37000274658203,79.40499877929688,79.3499984741211,79.36000061035156,831,0.0,0.0,0.0
2024-06-13 10:00:00-04:00,79.48500061035156,79.48500061035156,79.48500061035156,79.48500061035156,316,0.0,0.0,0.0
2024-06-13 10:05:00-04:00,79.33000183105469,79.44999694824219,79.31999969482422,79.44999694824219,582,0.0,0.0,0.0
2024-06-13 10:10:00-04:00,79.4000015258789,79.4000015258789,79.33999633789062,79.33999633789062,431,0.0,0.0,0.0
2024-06-13 10:15:00-04:00,79.31999969482422,79.42500305175781,79.30000305175781,79.30000305175781,1549,0.0,0.0,0.0
2024-06-13 10:20:00-04:00,79.30000305175781,79.30000305175781,79.2699966430664,79.29000091552734,937,0.0,0.0,0.0
2024-06-13 10:25:00-04:00,79.2699966430664,79.38999938964844,79.16000366210938,79.22000122070312,62009,0.0,0.0,0.0
2024-06-13 10:30:00-04:00,79.2699966430664,79.30999755859375,79.26000213623047,79.2699966430664,842,0.0,0.0,0.0
2024-06-13 10:35:00-04:00,79.3949966430664,79.3949966430664,79.27999877929688,79.30000305175781,1516,0.0,0.0,0.0
2024-06-13 10:40:00-04:00,79.3499984741211,79.39869689941406,79.3499984741211,79.39869689941406,324,0.0,0.0,0.0
2024-06-13 10:45:00-04:00,79.27999877929688,79.40499877929688,79.27999877929688,79.4000015258789,0,0.0,0.0,0.0
2024-06-13 10:50:00-04:00,79.30000305175781,79.3550033569336,79.30000305175781,79.30000305175781,86665,0.0,0.0,0.0
2024-06-13 10:55:00-04:00,79.28500366210938,79.3949966430664,79.28500366210938,79.36699676513672,6637,0.0,0.0,0.0
2024-06-13 11:00:00-04:00,79.3499984741211,79.40499877929688,79.30000305175781,79.30000305175781,3676,0.0,0.0,0.0
2024-06-13 11:05:00-04:00,79.30999755859375,79.30999755859375,79.20999908447266,79.27999877929688,4848,0.0,0.0,0.0
2024-06-13 11:10:00-04:00,79.375,79.44930267333984,79.36209869384766,79.44930267333984,1390,0.0,0.0,0.0
2024-06-13 11:15:00-04:00,79.29000091552734,79.29000091552734,79.29000091552734,79.29000091552734,281,0.0,0.0,0.0
2024-06-13 11:20:00-04:00,79.375,79.38009643554688,79.30000305175781,79.30000305175781,982,0.0,0.0,0.0
2024-06-13 11:25:00-04:00,79.30000305175781,79.45279693603516,79.30000305175781,79.30999755859375,909,0.0,0.0,0.0
2024-06-13 11:30:00-04:00,79.36499786376953,79.36499786376953,79.30000305175781,79.30000305175781,905,0.0,0.0,0.0
2024-06-13 11:35:00-04:00,79.31999969482422,79.40499877929688,79.31999969482422,79.40499877929688,898,0.0,0.0,0.0
2024-06-13 11:40:00-04:00,79.31999969482422,79.37000274658203,79.31999969482422,79.37000274658203,355,0.0,0.0,0.0
2024-06-13 11:45:00-04:00,79.31999969482422,79.36000061035156,79.27999877929688,79.27999877929688,1135,0.0,0.0,0.0
2024-06-13 11:50:00-04:00,79.34300231933594,79.34300231933594,79.34300231933594,79.34300231933594,765,0.0,0.0,0.0
2024-06-13 11:55:00-04:00,79.31500244140625,79.31500244140625,79.26000213623047,79.30500030517578,1021,0.0,0.0,0.0
2024-06-13 12:00:00-04:00,79.30000305175781,79.30000305175781,79.23999786376953,79.23999786376953,0,0.0,0.0,0.0
2024-06-13 12:05:00-04:00,79.27790069580078,79.27790069580078,79.19499969482422,79.2300033569336,115242,0.0,0.0,0.0
2024-06-13 12:10:00-04:00,79.2300033569336,79.30000305175781,79.2300033569336,79.30000305175781,532,0.0,0.0,0.0
2024-06-13 12:15:00-04:00,79.23999786376953,79.30000305175781,79.23999786376953,79.29499816894531,1106,0.0,0.0,0.0
2024-06-13 12:20:00-04:00,79.25,79.25,79.19999694824219,79.19999694824219,1100,0.0,0.0,0.0
2024-06-13 12:25:00-04:00,79.22000122070312,79.2300033569336,79.11000061035156,79.11000061035156,1577,0.0,0.0,0.0
2024-06-13 12:30:00-04:00,79.18000030517578,79.20999908447266,79.18000030517578,79.20999908447266,1461,0.0,0.0,0.0
2024-06-13 12:35:00-04:00,79.19999694824219,79.2300033569336,79.19999694824219,79.19999694824219,713,0.0,0.0,0.0
2024-06-13 12:40:00-04:00,79.20999908447266,79.23999786376953,79.16000366210938,79.16000366210938,2113,0.0,0.0,0.0
2024-06-13 12:45:00-04:00,79.18000030517578,79.18499755859375,79.16500091552734,79.17500305175781,3785,0.0,0.0,0.0
2024-06-13 12:50:00-04:00,79.20999908447266,79.30500030517578,79.20999908447266,79.30500030517578,220,0.0,0.0,0.0
2024-06-13 12:55:00-04:00,79.30500030517578,79.30500030517578,79.20999908447266,79.22000122070312,1081,0.0,0.0,0.0
2024-06-13 13:00:00-04:00,79.2300033569336,79.25,79.20999908447266,79.25,1193,0.0,0.0,0.0
2024-06-13 13:05:00-04:00,79.32499694824219,79.32499694824219,79.25599670410156,79.25599670410156,455,0.0,0.0,0.0
2024-06-13 13:10:00-04:00,79.2300033569336,79.33499908447266,79.20999908447266,79.20999908447266,1512,0.0,0.0,0.0
2024-06-13 13:15:00-04:00,79.20999908447266,79.30000305175781,79.18000030517578,79.19000244140625,2475,0.0,0.0,0.0
2024-06-13 13:20:00-04:00,79.19999694824219,79.29000091552734,79.19999694824219,79.29000091552734,7196,0.0,0.0,0.0
2024-06-13 13:25:00-04:00,79.2300033569336,79.3102035522461,79.2300033569336,79.25,1422,0.0,0.0,0.0
2024-06-13 13:30:00-04:00,79.19999694824219,79.19999694824219,79.18000030517578,79.18000030517578,448,0.0,0.0,0.0
2024-06-13 13:35:00-04:00,79.19000244140625,79.26000213623047,79.19000244140625,79.23999786376953,683,0.0,0.0,0.0
2024-06-13 13:40:00-04:00,79.2300033569336,79.2300033569336,79.20999908447266,79.20999908447266,639,0.0,0.0,0.0
2024-06-13 13:45:00-04:00,79.26000213623047,79.2699966430664,79.18000030517578,79.18000030517578,909,0.0,0.0,0.0
2024-06-13 13:50:00-04:00,79.19000244140625,79.2699966430664,79.19000244140625,79.25,1228,0.0,0.0,0.0
2024-06-13 13:55:00-04:00,79.27989959716797,79.27989959716797,79.19999694824219,79.20999908447266,1223,0.0,0.0,0.0
2024-06-13 14:00:00-04:00,79.20999908447266,79.25499725341797,79.20999908447266,79.22000122070312,1120,0.0,0.0,0.0
2024-06-13 14:05:00-04:00,79.20999908447266,79.26499938964844,79.20999908447266,79.26499938964844,980,0.0,0.0,0.0
2024-06-13 14:10:00-04:00,79.2300033569336,79.29989624023438,79.22000122070312,79.2300033569336,1113,0.0,0.0,0.0
2024-06-13 14:15:00-04:00,79.2300033569336,79.2300033569336,79.2300033569336,79.2300033569336,473,0.0,0.0,0.0
2024-06-13 14:20:00-04:00,79.26499938964844,79.37999725341797,79.2300033569336,79.2699966430664,2770,0.0,0.0,0.0
2024-06-13 14:25:00-04:00,79.375,79.375,79.2699966430664,79.2699966430664,851,0.0,0.0,0.0
2024-06-13 14:30:00-04:00,79.25,79.30000305175781,79.2300033569336,79.30000305175781,798,0.0,0.0,0.0
2024-06-13 14:35:00-04:00,79.23999786376953,79.36000061035156,79.23999786376953,79.36000061035156,528,0.0,0.0,0.0
2024-06-13 14:40:00-04:00,79.25,79.36000061035156,79.25,79.26000213623047,1240,0.0,0.0,0.0
2024-06-13 14:45:00-04:00,79.26000213623047,79.2699966430664,79.23999786376953,79.23999786376953,1185,0.0,0.0,0.0
2024-06-13 14:50:00-04:00,79.29499816894531,79.30000305175781,79.26000213623047,79.29000091552734,1478,0.0,0.0,0.0
2024-06-13 14:55:00-04:00,79.26000213623047,79.35479736328125,79.23999786376953,79.35479736328125,559,0.0,0.0,0.0
2024-06-13 15:00:00-04:00,79.31500244140625,79.31500244140625,79.25,79.26000213623047,641,0.0,0.0,0.0
2024-06-13 15:05:00-04:00,79.25,79.33499908447266,79.23999786376953,79.33000183105469,1265,0.0,0.0,0.0
2024-06-13 15:10:00-04:00,79.26000213623047,79.26000213623047,79.22000122070312,79.2300033569336,1608,0.0,0.0,0.0
2024-06-13 15:15:00-04:00,79.20999908447266,79.34349822998047,79.20999908447266,79.20999908447266,1519,0.0,0.0,0.0
2024-06-13 15:20:00-04:00,79.20999908447266,79.29499816894531,79.20999908447266,79.23500061035156,897,0.0,0.0,0.0
2024-06-13 15:25:00-04:00,79.27999877929688,79.3499984741211,79.22000122070312,79.28500366210938,2049,0.0,0.0,0.0
2024-06-13 15:30:00-04:00,79.23999786376953,79.30999755859375,79.22000122070312,79.22000122070312,2497,0.0,0.0,0.0
2024-06-13 15:35:00-04:00,79.22000122070312,79.29000091552734,79.22000122070312,79.27999877929688,1017,0.0,0.0,0.0
2024-06-13 15:40:00-04:00,79.25,79.33889770507812,79.25,79.30999755859375,2394,0.0,0.0,0.0
2024-06-13 15:45:00-04:00,79.29000091552734,79.34500122070312,79.26000213623047,79.26000213623047,1705,0.0,0.0,0.0
2024-06-13 15:50:00-04:00,79.26000213623047,79.29000091552734,79.22000122070312,79.29000091552734,1057,0.0,0.0,0.0
2024-06-13 15:55:00-04:00,79.22000122070312,79.47000122070312,79.18000030517578,79.47000122070312,7497,0.0,0.0,0.0
2024-06-14 09:30:00-04:00,79.91000366210938,80.0,79.87000274658203,79.87000274658203,6542,0.0,0.0,0.0
2024-06-14 09:35:00-04:00,79.91500091552734,79.91500091552734,79.8499984741211,79.90750122070312,876,0.0,0.0,0.0
2024-06-14 09:40:00-04:00,79.92500305175781,79.94000244140625,79.80000305175781,79.83999633789062,6202,0.0,0.0,0.0
2024-06-14 09:45:00-04:00,79.83000183105469,79.92579650878906,79.83000183105469,79.86000061035156,2278,0.0,0.0,0.0
2024-06-14 09:50:00-04:00,79.87999725341797,79.98069763183594,79.83000183105469,79.98069763183594,1864,0.0,0.0,0.0
2024-06-14 09:55:00-04:00,79.91500091552734,79.91500091552734,79.91500091552734,79.91500091552734,363,0.0,0.0,0.0
2024-06-14 10:00:00-04:00,79.86000061035156,79.87000274658203,79.8499984741211,79.87000274658203,946,0.0,0.0,0.0
2024-06-14 10:05:00-04:00,79.90499877929688,79.90499877929688,79.83999633789062,79.83999633789062,635,0.0,0.0,0.0
2024-06-14 10:10:00-04:00,79.80999755859375,79.80999755859375,79.7699966430664,79.7699966430664,869,0.0,0.0,0.0
2024-06-14 10:15:00-04:00,79.80999755859375,79.8499984741211,79.80999755859375,79.83999633789062,948,0.0,0.0,0.0
2024-06-14 10:20:00-04:00,79.83999633789062,79.87000274658203,79.83999633789062,79.87000274658203,1266,0.0,0.0,0.0
2024-06-14 10:25:00-04:00,79.87000274658203,79.87000274658203,79.87000274658203,79.87000274658203,342,0.0,0.0,0.0
2024-06-14 10:30:00-04:00,79.87999725341797,79.91000366210938,79.83999633789062,79.83999633789062,1699,0.0,0.0,0.0
2024-06-14 10:35:00-04:00,79.87999725341797,79.96990203857422,79.83000183105469,79.84400177001953,1054,0.0,0.0,0.0
2024-06-14 10:40:00-04:00,79.86000061035156,79.8949966430664,79.83000183105469,79.8949966430664,450,0.0,0.0,0.0
2024-06-14 10:45:00-04:00,79.83999633789062,79.8949966430664,79.83999633789062,79.8949966430664,318,0.0,0.0,0.0
2024-06-14 10:50:00-04:00,79.95989990234375,79.95989990234375,79.86000061035156,79.86000061035156,1950,0.0,0.0,0.0
2024-06-14 10:55:00-04:00,79.86000061035156,79.91000366210938,79.8499984741211,79.88999938964844,2084,0.0,0.0,0.0
2024-06-14 11:00:00-04:00,79.87000274658203,79.91000366210938,79.83499908447266,79.9000015258789,7891,0.0,0.0,0.0
2024-06-14 11:05:00-04:00,79.91000366210938,79.93000030517578,79.88999938964844,79.9000015258789,2814,0.0,0.0,0.0
2024-06-14 11:10:00-04:00,79.91000366210938,79.95999908447266,79.91000366210938,79.95999908447266,2405,0.0,0.0,0.0
2024-06-14 11:15:00-04:00,79.87100219726562,79.94999694824219,79.87100219726562,79.94999694824219,921,0.0,0.0,0.0
2024-06-14 11:20:00-04:00,79.97000122070312,80.0199966430664,79.95030212402344,80.0199966430664,5679,0.0,0.0,0.0
2024-06-14 11:25:00-04:00,80.0198974609375,80.11000061035156,79.9800033569336,80.11000061035156,2703,0.0,0.0,0.0
2024-06-14 11:30:00-04:00,80.08999633789062,80.08999633789062,80.05000305175781,80.06999969482422,1680,0.0,0.0,0.0
2024-06-14 11:35:00-04:00,80.04000091552734,80.05000305175781,80.0,80.0199966430664,4535,0.0,0.0,0.0
2024-06-14 11:40:00-04:00,80.01499938964844,80.13990020751953,80.0,80.13990020751953,0,0.0,0.0,0.0
2024-06-14 11:45:00-04:00,80.04000091552734,80.06999969482422,79.9281005859375,79.98999786376953,74602,0.0,0.0,0.0
2024-06-14 11:50:00-04:00,80.0199966430664,80.0199966430664,80.0199966430664,80.0199966430664,265,0.0,0.0,0.0
2024-06-14 11:55:00-04:00,79.98500061035156,80.06990051269531,79.98500061035156,80.04499816894531,4504,0.0,0.0,0.0
2024-06-14 12:00:00-04:00,80.04000091552734,80.04000091552734,80.0199966430664,80.0199966430664,1496,0.0,0.0,0.0
2024-06-14 12:05:00-04:00,80.03199768066406,80.03199768066406,80.03199768066406,80.03199768066406,274,0.0,0.0,0.0
2024-06-14 12:10:00-04:00,80.05000305175781,80.0999984741211,80.04000091552734,80.08000183105469,1053,0.0,0.0,0.0
2024-06-14 12:15:00-04:00,80.08999633789062,80.12830352783203,80.08499908447266,80.08999633789062,3901,0.0,0.0,0.0
2024-06-14 12:20:00-04:00,80.08999633789062,80.13990020751953,80.08999633789062,80.13990020751953,576,0.0,0.0,0.0
2024-06-14 12:25:00-04:00,80.09500122070312,80.09500122070312,80.09500122070312,80.09500122070312,325,0.0,0.0,0.0
2024-06-14 12:30:00-04:00,80.12539672851562,80.12539672851562,80.12539672851562,80.12539672851562,361,0.0,0.0,0.0
2024-06-14 12:35:00-04:00,80.08999633789062,80.1050033569336,80.06999969482422,80.06999969482422,2299,0.0,0.0,0.0
2024-06-14 12:40:00-04:00,80.08999633789062,80.08999633789062,80.08999633789062,80.08999633789062,419,0.0,0.0,0.0
2024-06-14 12:50:00-04:00,80.08999633789062,80.16999816894531,80.08999633789062,80.16999816894531,1024,0.0,0.0,0.0
2024-06-14 12:55:00-04:00,80.1698989868164,80.1698989868164,80.06999969482422,80.0999984741211,1747,0.0,0.0,0.0
2024-06-14 13:00:00-04:00,80.0999984741211,80.0999984741211,80.0999984741211,80.0999984741211,291,0.0,0.0,0.0
2024-06-14 13:05:00-04:00,80.12000274658203,80.13999938964844,80.12000274658203,80.125,2352,0.0,0.0,0.0
2024-06-14 13:10:00-04:00,80.11000061035156,80.1500015258789,80.10690307617188,80.1500015258789,9412,0.0,0.0,0.0
2024-06-14 13:15:00-04:00,80.12999725341797,80.15499877929688,80.125,80.1500015258789,2002,0.0,0.0,0.0
2024-06-14 13:20:00-04:00,80.16000366210938,80.18299865722656,80.1500015258789,80.1500015258789,1268,0.0,0.0,0.0
2024-06-14 13:25:00-04:00,80.16500091552734,80.19989776611328,80.16500091552734,80.18730163574219,533,0.0,0.0,0.0
2024-06-14 13:35:00-04:00,80.16999816894531,80.16999816894531,80.12999725341797,80.12999725341797,399,0.0,0.0,0.0
2024-06-14 13:45:00-04:00,80.16999816894531,80.16999816894531,80.1072006225586,80.1072006225586,556,0.0,0.0,0.0
2024-06-14 13:50:00-04:00,80.11380004882812,80.19989776611328,80.05000305175781,80.11000061035156,5619,0.0,0.0,0.0
2024-06-14 14:00:00-04:00,80.17320251464844,80.17990112304688,80.0999984741211,80.13999938964844,2173,0.0,0.0,0.0
2024-06-14 14:05:00-04:00,80.13999938964844,80.13999938964844,80.13999938964844,80.13999938964844,158,0.0,0.0,0.0
2024-06-14 14:10:00-04:00,80.15499877929688,80.16000366210938,80.15499877929688,80.15499877929688,622,0.0,0.0,0.0
2024-06-14 14:15:00-04:00,80.1500015258789,80.16000366210938,80.1500015258789,80.16000366210938,1888,0.0,0.0,0.0
2024-06-14 14:25:00-04:00,80.16000366210938,80.16000366210938,80.16000366210938,80.16000366210938,333,0.0,0.0,0.0
2024-06-14 14:30:00-04:00,80.16500091552734,80.16500091552734,80.12999725341797,80.13999938964844,400,0.0,0.0,0.0
2024-06-14 14:35:00-04:00,80.16500091552734,80.16500091552734,80.09500122070312,80.11000061035156,5049,0.0,0.0,0.0
2024-06-14 14:40:00-04:00,80.1500015258789,80.18000030517578,80.1500015258789,80.18000030517578,825,0.0,0.0,0.0
2024-06-14 14:45:00-04:00,80.1500015258789,80.1500015258789,80.12999725341797,80.12999725341797,560,0.0,0.0,0.0
2024-06-14 14:50:00-04:00,80.1449966430664,80.16999816894531,80.13500213623047,80.1698989868164,10468,0.0,0.0,0.0
2024-06-14 14:55:00-04:00,80.18000030517578,80.22000122070312,80.17500305175781,80.19999694824219,2724,0.0,0.0,0.0
2024-06-14 15:00:00-04:00,80.2698974609375,80.2699966430664,80.20999908447266,80.22000122070312,4203,0.0,0.0,0.0
2024-06-14 15:05:00-04:00,80.19999694824219,80.25,80.19999694824219,80.25,12656,0.0,0.0,0.0
2024-06-14 15:10:00-04:00,80.23999786376953,80.27989959716797,80.22000122070312,80.2300033569336,5663,0.0,0.0,0.0
2024-06-14 15:15:00-04:00,80.27429962158203,80.27429962158203,80.22000122070312,80.23999786376953,959,0.0,0.0,0.0
2024-06-14 15:20:00-04:00,80.2249984741211,80.26000213623047,80.2249984741211,80.25,6867,0.0,0.0,0.0
2024-06-14 15:25:00-04:00,80.29989624023438,80.29989624023438,80.25,80.26000213623047,1608,0.0,0.0,0.0
2024-06-14 15:30:00-04:00,80.26000213623047,80.26000213623047,80.23999786376953,80.23999786376953,1901,0.0,0.0,0.0
2024-06-14 15:35:00-04:00,80.27999877929688,80.27999877929688,80.23999786376953,80.25599670410156,1183,0.0,0.0,0.0
2024-06-14 15:40:00-04:00,80.2699966430664,80.30000305175781,80.25,80.29499816894531,6942,0.0,0.0,0.0
2024-06-14 15:45:00-04:00,80.30000305175781,80.33999633789062,80.2699966430664,80.28500366210938,9682,0.0,0.0,0.0
2024-06-14 15:50:00-04:00,80.28500366210938,80.30500030517578,80.26000213623047,80.30500030517578,18167,0.0,0.0,0.0
2024-06-14 15:55:00-04:00,80.2699966430664,80.31999969482422,80.26000213623047,80.27999877929688,6246,0.0,0.0,0.0
2024-06-17 09:30:00-04:00,80.47000122070312,80.47000122070312,80.23999786376953,80.23999786376953,6110,0.0,0.0,0.0
2024-06-17 09:35:00-04:00,80.25499725341797,80.25499725341797,80.25499725341797,80.25499725341797,489,0.0,0.0,0.0
2024-06-17 09:40:00-04:00,80.19999694824219,80.19999694824219,80.19999694824219,80.19999694824219,319,0.0,0.0,0.0
2024-06-17 09:45:00-04:00,80.3678970336914,80.3678970336914,80.25,80.25,1440,0.0,0.0,0.0
2024-06-17 09:50:00-04:00,80.30999755859375,80.37000274658203,80.25,80.25969696044922,1876,0.0,0.0,0.0
2024-06-17 09:55:00-04:00,80.2699966430664,80.30500030517578,80.2249984741211,80.25,12132,0.0,0.0,0.0
2024-06-17 10:00:00-04:00,80.27269744873047,80.27269744873047,80.27269744873047,80.27269744873047,638,0.0,0.0,0.0
2024-06-17 10:05:00-04:00,80.36000061035156,80.36000061035156,80.27999877929688,80.27999877929688,592,0.0,0.0,0.0
2024-06-17 10:10:00-04:00,80.26830291748047,80.26830291748047,80.26000213623047,80.26709747314453,967,0.0,0.0,0.0
2024-06-17 10:15:00-04:00,80.31500244140625,80.31500244140625,80.25,80.25,4775,0.0,0.0,0.0
2024-06-17 10:20:00-04:00,80.25,80.30000305175781,80.25,80.30000305175781,554,0.0,0.0,0.0
2024-06-17 10:25:00-04:00,80.27999877929688,80.30000305175781,80.27999877929688,80.30000305175781,1160,0.0,0.0,0.0
2024-06-17 10:30:00-04:00,80.29499816894531,80.36000061035156,80.29499816894531,80.36000061035156,627,0.0,0.0,0.0
2024-06-17 10:35:00-04:00,80.30000305175781,80.30000305175781,80.25,80.25,594,0.0,0.0,0.0
2024-06-17 10:40:00-04:00,80.30500030517578,80.30500030517578,80.2301025390625,80.2301025390625,785,0.0,0.0,0.0
2024-06-17 10:50:00-04:00,80.26010131835938,80.30999755859375,80.26010131835938,80.30999755859375,2136,0.0,0.0,0.0
2024-06-17 10:55:00-04:00,80.30999755859375,80.30999755859375,80.30999755859375,80.30999755859375,167,0.0,0.0,0.0
2024-06-17 11:00:00-04:00,80.26000213623047,80.26000213623047,80.25,80.25,519,0.0,0.0,0.0
2024-06-17 11:05:00-04:00,80.30000305175781,80.30000305175781,80.30000305175781,80.30000305175781,479,0.0,0.0,0.0
2024-06-17 11:10:00-04:00,80.30500030517578,80.30500030517578,80.30500030517578,80.30500030517578,290,0.0,0.0,0.0
2024-06-17 11:15:00-04:00,80.30999755859375,80.30999755859375,80.30999755859375,80.30999755859375,152,0.0,0.0,0.0
2024-06-17 11:20:00-04:00,80.30500030517578,80.30500030517578,80.30500030517578,80.30500030517578,471,0.0,0.0,0.0
2024-06-17 11:25:00-04:00,80.30000305175781,80.30000305175781,80.30000305175781,80.30000305175781,611,0.0,0.0,0.0
2024-06-17 11:30:00-04:00,80.30000305175781,80.32990264892578,80.24500274658203,80.31999969482422,6267,0.0,0.0,0.0
2024-06-17 11:35:00-04:00,80.30999755859375,80.33000183105469,80.2699966430664,80.31500244140625,1635,0.0,0.0,0.0
2024-06-17 11:40:00-04:00,80.30999755859375,80.30999755859375,80.30999755859375,80.30999755859375,118,0.0,0.0,0.0
2024-06-17 11:45:00-04:00,80.27269744873047,80.31500244140625,80.27269744873047,80.31500244140625,444,0.0,0.0,0.0
2024-06-17 11:55:00-04:00,80.27100372314453,80.3499984741211,80.2699966430664,80.27100372314453,5850,0.0,0.0,0.0
2024-06-17 12:00:00-04:00,80.26909637451172,80.26909637451172,80.26909637451172,80.26909637451172,124,0.0,0.0,0.0
2024-06-17 12:05:00-04:00,80.30500030517578,80.30500030517578,80.2699966430664,80.2699966430664,1215,0.0,0.0,0.0
2024-06-17 12:10:00-04:00,80.27999877929688,80.33000183105469,80.2750015258789,80.29000091552734,11008,0.0,0.0,0.0
2024-06-17 12:15:00-04:00,80.29499816894531,80.33999633789062,80.29499816894531,80.30999755859375,0,0.0,0.0,0.0
2024-06-17 12:20:00-04:00,80.31999969482422,80.44000244140625,80.31999969482422,80.44000244140625,74004,0.0,0.0,0.0
2024-06-17 12:25:00-04:00,80.37999725341797,80.47000122070312,80.37999725341797,80.47000122070312,2600,0.0,0.0,0.0
2024-06-17 12:30:00-04:00,80.43000030517578,80.43000030517578,80.37999725341797,80.38999938964844,1055,0.0,0.0,0.0
2024-06-17 12:35:00-04:00,80.38999938964844,80.38999938964844,80.36000061035156,80.36000061035156,689,0.0,0.0,0.0
2024-06-17 12:40:00-04:00,80.36000061035156,80.37809753417969,80.36000061035156,80.37809753417969,1166,0.0,0.0,0.0
2024-06-17 12:45:00-04:00,80.40499877929688,80.40499877929688,80.36000061035156,80.37999725341797,485,0.0,0.0,0.0
2024-06-17 12:50:00-04:00,80.38999938964844,80.40499877929688,80.38999938964844,80.40499877929688,863,0.0,0.0,0.0
2024-06-17 12:55:00-04:00,80.3949966430664,80.4000015258789,80.3949966430664,80.4000015258789,464,0.0,0.0,0.0
2024-06-17 13:00:00-04:00,80.41000366210938,80.41000366210938,80.41000366210938,80.41000366210938,262,0.0,0.0,0.0
2024-06-17 13:05:00-04:00,80.37000274658203,80.4000015258789,80.33999633789062,80.36000061035156,12983,0.0,0.0,0.0
2024-06-17 13:10:00-04:00,80.37000274658203,80.37999725341797,80.36000061035156,80.37000274658203,9536,0.0,0.0,0.0
2024-06-17 13:15:00-04:00,80.37000274658203,80.41500091552734,80.36000061035156,80.37999725341797,2235,0.0,0.0,0.0
2024-06-17 13:20:00-04:00,80.38500213623047,80.44000244140625,80.38500213623047,80.43000030517578,6468,0.0,0.0,0.0
2024-06-17 13:25:00-04:00,80.45500183105469,80.45500183105469,80.45500183105469,80.45500183105469,116,0.0,0.0,0.0
2024-06-17 13:30:00-04:00,80.4198989868164,80.4198989868164,80.41000366210938,80.41000366210938,967,0.0,0.0,0.0
2024-06-17 13:35:00-04:00,80.44499969482422,80.44499969482422,80.41999816894531,80.41999816894531,683,0.0,0.0,0.0
2024-06-17 13:40:00-04:00,80.44999694824219,80.44999694824219,80.44999694824219,80.44999694824219,268,0.0,0.0,0.0
2024-06-17 13:45:00-04:00,80.44000244140625,80.44000244140625,80.44000244140625,80.44000244140625,265,0.0,0.0,0.0
2024-06-17 13:50:00-04:00,80.45500183105469,80.45500183105469,80.41999816894531,80.45500183105469,2365,0.0,0.0,0.0
2024-06-17 13:55:00-04:00,80.44000244140625,80.44000244140625,80.375,80.38999938964844,4624,0.0,0.0,0.0
2024-06-17 14:00:00-04:00,80.41999816894531,80.45999908447266,80.41000366210938,80.45999908447266,3983,0.0,0.0,0.0
2024-06-17 14:05:00-04:00,80.47000122070312,80.47000122070312,80.47000122070312,80.47000122070312,436,0.0,0.0,0.0
2024-06-17 14:10:00-04:00,80.4749984741211,80.4749984741211,80.44999694824219,80.44999694824219,2574,0.0,0.0,0.0
2024-06-17 14:20:00-04:00,80.43000030517578,80.43000030517578,80.40049743652344,80.40049743652344,390,0.0,0.0,0.0
2024-06-17 14:25:00-04:00,80.44499969482422,80.44499969482422,80.44000244140625,80.44000244140625,737,0.0,0.0,0.0
2024-06-17 14:30:00-04:00,80.45500183105469,80.45500183105469,80.45500183105469,80.45500183105469,174,0.0,0.0,0.0
2024-06-17 14:35:00-04:00,80.44999694824219,80.45999908447266,80.44999694824219,80.45999908447266,729,0.0,0.0,0.0
2024-06-17 14:45:00-04:00,80.44999694824219,80.44999694824219,80.44999694824219,80.44999694824219,215,0.0,0.0,0.0
2024-06-17 14:50:00-04:00,80.44999694824219,80.44999694824219,80.42160034179688,80.42160034179688,638,0.0,0.0,0.0
2024-06-17 14:55:00-04:00,80.44999694824219,80.48989868164062,80.44999694824219,80.44999694824219,1104,0.0,0.0,0.0
2024-06-17 15:00:00-04:00,80.46199798583984,80.46199798583984,80.44999694824219,80.44999694824219,629,0.0,0.0,0.0
2024-06-17 15:05:00-04:00,80.44999694824219,80.44999694824219,80.44999694824219,80.44999694824219,429,0.0,0.0,0.0
2024-06-17 15:10:00-04:00,80.47250366210938,80.47250366210938,80.47250366210938,80.47250366210938,101,0.0,0.0,0.0
2024-06-17 15:15:00-04:00,80.45999908447266,80.45999908447266,80.41999816894531,80.41999816894531,2276,0.0,0.0,0.0
2024-06-17 15:20:00-04:00,80.45999908447266,80.48999786376953,80.45999908447266,80.48249816894531,1196,0.0,0.0,0.0
2024-06-17 15:25:00-04:00,80.4800033569336,80.49500274658203,80.4800033569336,80.4800033569336,952,0.0,0.0,0.0
2024-06-17 15:30:00-04:00,80.49500274658203,80.5,80.49500274658203,80.5,1215,0.0,0.0,0.0
2024-06-17 15:35:00-04:00,80.49500274658203,80.49500274658203,80.49500274658203,80.49500274658203,420,0.0,0.0,0.0
2024-06-17 15:40:00-04:00,80.48999786376953,80.48999786376953,80.48999786376953,80.48999786376953,415,0.0,0.0,0.0
2024-06-17 15:45:00-04:00,80.47000122070312,80.51190185546875,80.4000015258789,80.41000366210938,1924,0.0,0.0,0.0
2024-06-17 15:50:00-04:00,80.43000030517578,80.48500061035156,80.40080261230469,80.48500061035156,1555,0.0,0.0,0.0
2024-06-17 15:55:00-04:00,80.4800033569336,80.5,80.37999725341797,80.37999725341797,4240,0.0,0.0,0.0
2024-06-18 09:30:00-04:00,80.81999969482422,80.97000122070312,80.77999877929688,80.77999877929688,8011,0.0,0.0,0.0
2024-06-18 09:35:00-04:00,80.78359985351562,80.9999008178711,80.78359985351562,80.89620208740234,1947,0.0,0.0,0.0
2024-06-18 09:40:00-04:00,80.87999725341797,80.9999008178711,80.80000305175781,80.8010025024414,4075,0.0,0.0,0.0
2024-06-18 09:45:00-04:00,80.8010025024414,80.9926986694336,80.80000305175781,80.9926986694336,3094,0.0,0.0,0.0
2024-06-18 09:50:00-04:00,80.91999816894531,80.91999816894531,80.8499984741211,80.87000274658203,1526,0.0,0.0,0.0
2024-06-18 09:55:00-04:00,80.875,80.90850067138672,80.83999633789062,80.8499984741211,10529,0.0,0.0,0.0
2024-06-18 10:00:00-04:00,80.8499984741211,80.91999816894531,80.8499984741211,80.91000366210938,3431,0.0,0.0,0.0
2024-06-18 10:05:00-04:00,80.91000366210938,80.91000366210938,80.86499786376953,80.88500213623047,11009,0.0,0.0,0.0
2024-06-18 10:10:00-04:00,80.91999816894531,80.9220962524414,80.91999816894531,80.9220962524414,772,0.0,0.0,0.0
2024-06-18 10:15:00-04:00,80.91000366210938,80.93499755859375,80.8949966430664,80.93499755859375,3876,0.0,0.0,0.0
2024-06-18 10:20:00-04:00,80.94999694824219,80.97599792480469,80.91999816894531,80.97599792480469,600,0.0,0.0,0.0
2024-06-18 10:25:00-04:00,80.94000244140625,80.95500183105469,80.91999816894531,80.92120361328125,3192,0.0,0.0,0.0
2024-06-18 10:30:00-04:00,80.93000030517578,80.93000030517578,80.93000030517578,80.93000030517578,1010,0.0,0.0,0.0
2024-06-18 10:45:00-04:00,80.91000366210938,80.927001953125,80.91000366210938,80.927001953125,1226,0.0,0.0,0.0
2024-06-18 10:50:00-04:00,80.92410278320312,80.93499755859375,80.88500213623047,80.90499877929688,2179,0.0,0.0,0.0
2024-06-18 10:55:00-04:00,80.91999816894531,80.91999816894531,80.91999816894531,80.91999816894531,357,0.0,0.0,0.0
2024-06-18 11:00:00-04:00,80.91999816894531,80.91999816894531,80.9000015258789,80.9000015258789,1233,0.0,0.0,0.0
2024-06-18 11:15:00-04:00,80.91999816894531,80.91999816894531,80.88999938964844,80.88999938964844,1360,0.0,0.0,0.0
2024-06-18 11:20:00-04:00,80.92500305175781,80.93000030517578,80.87359619140625,80.9220962524414,3597,0.0,0.0,0.0
2024-06-18 11:25:00-04:00,80.87000274658203,80.93000030517578,80.83999633789062,80.9000015258789,3868,0.0,0.0,0.0
2024-06-18 11:30:00-04:00,80.94090270996094,80.94090270996094,80.91000366210938,80.91000366210938,816,0.0,0.0,0.0
2024-06-18 11:35:00-04:00,80.87999725341797,80.93499755859375,80.87999725341797,80.93499755859375,5960,0.0,0.0,0.0
2024-06-18 11:40:00-04:00,80.94000244140625,80.94000244140625,80.94000244140625,80.94000244140625,409,0.0,0.0,0.0
2024-06-18 11:45:00-04:00,80.94000244140625,80.94999694824219,80.87999725341797,80.94999694824219,4717,0.0,0.0,0.0
2024-06-18 11:50:00-04:00,80.94000244140625,80.95989990234375,80.90499877929688,80.93000030517578,2695,0.0,0.0,0.0
2024-06-18 11:55:00-04:00,80.93000030517578,81.0,80.9000015258789,81.0,10514,0.0,0.0,0.0
2024-06-18 12:00:00-04:00,80.9884033203125,80.9884033203125,80.97000122070312,80.97000122070312,1761,0.0,0.0,0.0
2024-06-18 12:10:00-04:00,80.9800033569336,80.98999786376953,80.95999908447266,80.97000122070312,1121,0.0,0.0,0.0
2024-06-18 12:15:00-04:00,80.9800033569336,80.9800033569336,80.93000030517578,80.93000030517578,4369,0.0,0.0,0.0
2024-06-18 12:20:00-04:00,80.93000030517578,80.94499969482422,80.93000030517578,80.94499969482422,1564,0.0,0.0,0.0
2024-06-18 12:30:00-04:00,80.96499633789062,80.96499633789062,80.96499633789062,80.96499633789062,515,0.0,0.0,0.0
2024-06-18 12:40:00-04:00,80.97000122070312,80.97000122070312,80.95999908447266,80.97000122070312,957,0.0,0.0,0.0
2024-06-18 12:45:00-04:00,80.97000122070312,80.97000122070312,80.97000122070312,80.97000122070312,314,0.0,0.0,0.0
2024-06-18 12:50:00-04:00,80.94999694824219,80.94999694824219,80.94999694824219,80.94999694824219,160,0.0,0.0,0.0
2024-06-18 12:55:00-04:00,80.94999694824219,80.94999694824219,80.94000244140625,80.94999694824219,991,0.0,0.0,0.0
2024-06-18 13:00:00-04:00,80.95110321044922,80.95110321044922,80.94999694824219,80.94999694824219,794,0.0,0.0,0.0
2024-06-18 13:05:00-04:00,80.91999816894531,80.97000122070312,80.91999816894531,80.97000122070312,477,0.0,0.0,0.0
2024-06-18 13:10:00-04:00,80.94499969482422,80.94499969482422,80.94000244140625,80.94000244140625,767,0.0,0.0,0.0
2024-06-18 13:20:00-04:00,80.94000244140625,80.94000244140625,80.94000244140625,80.94000244140625,542,0.0,0.0,0.0
2024-06-18 13:25:00-04:00,80.95999908447266,80.97000122070312,80.94999694824219,80.97000122070312,3862,0.0,0.0,0.0
2024-06-18 13:30:00-04:00,81.0,81.0,80.94999694824219,80.99500274658203,2757,0.0,0.0,0.0
2024-06-18 13:35:00-04:00,80.99500274658203,80.99500274658203,80.99500274658203,80.99500274658203,339,0.0,0.0,0.0
2024-06-18 13:40:00-04:00,81.0,81.0,81.0,81.0,197,0.0,0.0,0.0
2024-06-18 13:45:00-04:00,81.01599884033203,81.01599884033203,80.97000122070312,80.97000122070312,2687,0.0,0.0,0.0
2024-06-18 13:50:00-04:00,80.99500274658203,80.99500274658203,80.95999908447266,80.98999786376953,1068,0.0,0.0,0.0
2024-06-18 13:55:00-04:00,80.94999694824219,80.94999694824219,80.94999694824219,80.94999694824219,455,0.0,0.0,0.0
2024-06-18 14:00:00-04:00,80.94999694824219,80.94999694824219,80.88999938964844,80.88999938964844,2490,0.0,0.0,0.0
2024-06-18 14:20:00-04:00,80.96499633789062,80.96499633789062,80.96499633789062,80.96499633789062,307,0.0,0.0,0.0
2024-06-18 14:25:00-04:00,80.97000122070312,80.97000122070312,80.97000122070312,80.97000122070312,490,0.0,0.0,0.0
2024-06-18 14:35:00-04:00,80.94999694824219,80.95999908447266,80.94999694824219,80.94999694824219,3393,0.0,0.0,0.0
2024-06-18 14:40:00-04:00,80.93009948730469,80.93009948730469,80.93009948730469,80.93009948730469,535,0.0,0.0,0.0
2024-06-18 14:50:00-04:00,80.90550231933594,80.94999694824219,80.90550231933594,80.94999694824219,500,0.0,0.0,0.0
2024-06-18 14:55:00-04:00,80.93489837646484,80.94999694824219,80.93470001220703,80.94999694824219,2676,0.0,0.0,0.0
2024-06-18 15:05:00-04:00,80.93000030517578,80.93000030517578,80.93000030517578,80.93000030517578,313,0.0,0.0,0.0
2024-06-18 15:10:00-04:00,80.93009948730469,80.94999694824219,80.93009948730469,80.94999694824219,1520,0.0,0.0,0.0
2024-06-18 15:15:00-04:00,80.94999694824219,80.95999908447266,80.94000244140625,80.94499969482422,2010,0.0,0.0,0.0
2024-06-18 15:20:00-04:00,80.94000244140625,80.94999694824219,80.94000244140625,80.94999694824219,432,0.0,0.0,0.0
2024-06-18 15:25:00-04:00,80.94999694824219,80.95500183105469,80.94999694824219,80.95500183105469,1538,0.0,0.0,0.0
2024-06-18 15:30:00-04:00,80.95500183105469,80.95500183105469,80.95500183105469,80.95500183105469,959,0.0,0.0,0.0
2024-06-18 15:35:00-04:00,80.94000244140625,80.97000122070312,80.94000244140625,80.97000122070312,1059,0.0,0.0,0.0
2024-06-18 15:40:00-04:00,80.93000030517578,80.95999908447266,80.93000030517578,80.95999908447266,485,0.0,0.0,0.0
2024-06-18 15:45:00-04:00,80.93000030517578,80.97000122070312,80.93000030517578,80.97000122070312,806,0.0,0.0,0.0
2024-06-18 15:50:00-04:00,80.91999816894531,80.95500183105469,80.91999816894531,80.94000244140625,3327,0.0,0.0,0.0
2024-06-18 15:55:00-04:00,80.95999908447266,81.06999969482422,80.91999816894531,81.06999969482422,5858,0.0,0.0,0.0
2024-06-20 09:30:00-04:00,80.76000213623047,80.87000274658203,80.41629791259766,80.62000274658203,14239,0.0,0.0,0.0
2024-06-20 09:35:00-04:00,80.48999786376953,80.68550109863281,80.30000305175781,80.42500305175781,4185,0.0,0.0,0.0
2024-06-20 09:40:00-04:00,80.3949966430664,80.45500183105469,80.26000213623047,80.44999694824219,49148,0.0,0.0,0.0
2024-06-20 09:45:00-04:00,80.40499877929688,80.51000213623047,80.38999938964844,80.51000213623047,22247,0.0,0.0,0.0
2024-06-20 09:50:00-04:00,80.46499633789062,80.51000213623047,80.44000244140625,80.4749984741211,10078,0.0,0.0,0.0
2024-06-20 09:55:00-04:00,80.4749984741211,80.4800033569336,80.37999725341797,80.44000244140625,3194,0.0,0.0,0.0
2024-06-20 10:00:00-04:00,80.43499755859375,80.45999908447266,80.43499755859375,80.43499755859375,2024,0.0,0.0,0.0
2024-06-20 10:05:00-04:00,80.43000030517578,80.4800033569336,80.42500305175781,80.44499969482422,2977,0.0,0.0,0.0
2024-06-20 10:10:00-04:00,80.43000030517578,80.51820373535156,80.33999633789062,80.38999938964844,3449,0.0,0.0,0.0
2024-06-20 10:15:00-04:00,80.41000366210938,80.44000244140625,80.3499984741211,80.4000015258789,43516,0.0,0.0,0.0
2024-06-20 10:20:00-04:00,80.35009765625,80.44999694824219,80.35009765625,80.41000366210938,2152,0.0,0.0,0.0
2024-06-20 10:25:00-04:00,80.36000061035156,80.4800033569336,80.35209655761719,80.4000015258789,2090,0.0,0.0,0.0
2024-06-20 10:30:00-04:00,80.38999938964844,80.4000015258789,80.36000061035156,80.36000061035156,3578,0.0,0.0,0.0
2024-06-20 10:35:00-04:00,80.37000274658203,80.39800262451172,80.33999633789062,80.38999938964844,3325,0.0,0.0,0.0
2024-06-20 10:40:00-04:00,80.36000061035156,80.4000015258789,80.30000305175781,80.33999633789062,35239,0.0,0.0,0.0
2024-06-20 10:45:00-04:00,80.3499984741211,80.37999725341797,80.33999633789062,80.3499984741211,4886,0.0,0.0,0.0
2024-06-20 10:50:00-04:00,80.37999725341797,80.41999816894531,80.3552017211914,80.41500091552734,3522,0.0,0.0,0.0
2024-06-20 10:55:00-04:00,80.43000030517578,80.47000122070312,80.38999938964844,80.43000030517578,1661,0.0,0.0,0.0
2024-06-20 11:00:00-04:00,80.4000015258789,80.44999694824219,80.39129638671875,80.4000015258789,3534,0.0,0.0,0.0
2024-06-20 11:05:00-04:00,80.4000015258789,80.44999694824219,80.4000015258789,80.44000244140625,1064,0.0,0.0,0.0
2024-06-20 11:10:00-04:00,80.41500091552734,80.44999694824219,80.4000015258789,80.4000015258789,1719,0.0,0.0,0.0
2024-06-20 11:15:00-04:00,80.5,80.5,80.37000274658203,80.4000015258789,10702,0.0,0.0,0.0
2024-06-20 11:20:00-04:00,80.3949966430664,80.3949966430664,80.33999633789062,80.33999633789062,1243,0.0,0.0,0.0
2024-06-20 11:25:00-04:00,80.4397964477539,80.4397964477539,80.33999633789062,80.37000274658203,34688,0.0,0.0,0.0
2024-06-20 11:30:00-04:00,80.339599609375,80.41500091552734,80.339599609375,80.41000366210938,1192,0.0,0.0,0.0
2024-06-20 11:35:00-04:00,80.41000366210938,80.41000366210938,80.37999725341797,80.37999725341797,865,0.0,0.0,0.0
2024-06-20 11:40:00-04:00,80.41000366210938,80.45989990234375,80.37999725341797,80.41000366210938,1235,0.0,0.0,0.0
2024-06-20 11:45:00-04:00,80.41000366210938,80.43199920654297,80.36000061035156,80.36000061035156,1350,0.0,0.0,0.0
2024-06-20 11:50:00-04:00,80.38999938964844,80.4186019897461,80.36000061035156,80.37000274658203,1491,0.0,0.0,0.0
2024-06-20 11:55:00-04:00,80.38999938964844,80.38999938964844,80.36000061035156,80.36000061035156,21357,0.0,0.0,0.0
2024-06-20 12:00:00-04:00,80.33999633789062,80.37999725341797,80.33999633789062,80.37999725341797,847,0.0,0.0,0.0
2024-06-20 12:05:00-04:00,80.3499984741211,80.4000015258789,80.33999633789062,80.33999633789062,2439,0.0,0.0,0.0
2024-06-20 12:10:00-04:00,80.3499984741211,80.37999725341797,80.26010131835938,80.26010131835938,3917,0.0,0.0,0.0
2024-06-20 12:15:00-04:00,80.26499938964844,80.31999969482422,80.26499938964844,80.31999969482422,910,0.0,0.0,0.0
2024-06-20 12:20:00-04:00,80.33000183105469,80.34400177001953,80.26000213623047,80.30000305175781,5647,0.0,0.0,0.0
2024-06-20 12:25:00-04:00,80.2699966430664,80.30500030517578,80.26010131835938,80.2699966430664,1163,0.0,0.0,0.0
2024-06-20 12:30:00-04:00,80.26000213623047,80.2699966430664,80.19000244140625,80.19000244140625,22888,0.0,0.0,0.0
2024-06-20 12:35:00-04:00,80.25,80.25,80.19999694824219,80.19999694824219,482,0.0,0.0,0.0
2024-06-20 12:40:00-04:00,80.19000244140625,80.26000213623047,80.19000244140625,80.26000213623047,682,0.0,0.0,0.0
2024-06-20 12:45:00-04:00,80.2699966430664,80.31900024414062,80.2699966430664,80.31900024414062,770,0.0,0.0,0.0
2024-06-20 12:50:00-04:00,80.26499938964844,80.31999969482422,80.25,80.25,2195,0.0,0.0,0.0
2024-06-20 12:55:00-04:00,80.28500366210938,80.28500366210938,80.23999786376953,80.25499725341797,1150,0.0,0.0,0.0
2024-06-20 13:00:00-04:00,80.22000122070312,80.31999969482422,80.22000122070312,80.31999969482422,44328,0.0,0.0,0.0
2024-06-20 13:05:00-04:00,80.2750015258789,80.2750015258789,80.20999908447266,80.20999908447266,1626,0.0,0.0,0.0
2024-06-20 13:10:00-04:00,80.25,80.25,80.23999786376953,80.23999786376953,397,0.0,0.0,0.0
2024-06-20 13:15:00-04:00,80.29000091552734,80.29000091552734,80.29000091552734,80.29000091552734,537,0.0,0.0,0.0
2024-06-20 13:20:00-04:00,80.26000213623047,80.2699966430664,80.22000122070312,80.24500274658203,2245,0.0,0.0,0.0
2024-06-20 13:25:00-04:00,80.2699966430664,80.27999877929688,80.23500061035156,80.23999786376953,2432,0.0,0.0,0.0
2024-06-20 13:30:00-04:00,80.25499725341797,80.28579711914062,80.22000122070312,80.28579711914062,1194,0.0,0.0,0.0
2024-06-20 13:35:00-04:00,80.16999816894531,80.23999786376953,80.16000366210938,80.20500183105469,0,0.0,0.0,0.0
2024-06-20 13:40:00-04:00,80.23999786376953,80.23999786376953,80.23999786376953,80.23999786376953,391002,0.0,0.0,0.0
2024-06-20 13:45:00-04:00,80.2300033569336,80.2300033569336,80.2249984741211,80.2249984741211,788,0.0,0.0,0.0
2024-06-20 13:50:00-04:00,80.23999786376953,80.23999786376953,80.23999786376953,80.23999786376953,1206,0.0,0.0,0.0
2024-06-20 13:55:00-04:00,80.2699966430664,80.2699966430664,80.22000122070312,80.22000122070312,43800,0.0,0.0,0.0
2024-06-20 14:00:00-04:00,80.21009826660156,80.31999969482422,80.21009826660156,80.31999969482422,6591,0.0,0.0,0.0
2024-06-20 14:05:00-04:00,80.2750015258789,80.33999633789062,80.2750015258789,80.33899688720703,2048,0.0,0.0,0.0
2024-06-20 14:10:00-04:00,80.33999633789062,80.33999633789062,80.33000183105469,80.33499908447266,1302,0.0,0.0,0.0
2024-06-20 14:15:00-04:00,80.33499908447266,80.48999786376953,80.33499908447266,80.43000030517578,1598,0.0,0.0,0.0
2024-06-20 14:20:00-04:00,80.43000030517578,80.44999694824219,80.3949966430664,80.3949966430664,6113,0.0,0.0,0.0
2024-06-20 14:25:00-04:00,80.35009765625,80.4000015258789,80.35009765625,80.3949966430664,1033,0.0,0.0,0.0
2024-06-20 14:30:00-04:00,80.43000030517578,80.43000030517578,80.39720153808594,80.43000030517578,885,0.0,0.0,0.0
2024-06-20 14:35:00-04:00,80.36499786376953,80.41999816894531,80.36009979248047,80.36009979248047,2110,0.0,0.0,0.0
2024-06-20 14:40:00-04:00,80.3949966430664,80.3949966430664,80.36000061035156,80.38999938964844,689,0.0,0.0,0.0
2024-06-20 14:45:00-04:00,80.38999938964844,80.38999938964844,80.37000274658203,80.37000274658203,712,0.0,0.0,0.0
2024-06-20 14:50:00-04:00,80.37969970703125,80.4000015258789,80.36000061035156,80.36000061035156,948,0.0,0.0,0.0
2024-06-20 14:55:00-04:00,80.40499877929688,80.40499877929688,80.3499984741211,80.375,573,0.0,0.0,0.0
2024-06-20 15:00:00-04:00,80.36000061035156,80.3949966430664,80.3499984741211,80.3499984741211,1895,0.0,0.0,0.0
2024-06-20 15:05:00-04:00,80.38999938964844,80.38999938964844,80.3499984741211,80.38500213623047,893,0.0,0.0,0.0
2024-06-20 15:10:00-04:00,80.3499984741211,80.38999938964844,80.3499984741211,80.37000274658203,1097,0.0,0.0,0.0
2024-06-20 15:15:00-04:00,80.3499984741211,80.4000015258789,80.3499984741211,80.3949966430664,905,0.0,0.0,0.0
2024-06-20 15:20:00-04:00,80.3949966430664,80.42990112304688,80.36000061035156,80.36000061035156,1793,0.0,0.0,0.0
2024-06-20 15:25:00-04:00,80.36000061035156,80.4000015258789,80.36000061035156,80.4000015258789,2431,0.0,0.0,0.0
2024-06-20 15:30:00-04:00,80.41000366210938,80.41000366210938,80.375,80.3949966430664,2120,0.0,0.0,0.0
2024-06-20 15:35:00-04:00,80.38999938964844,80.41500091552734,80.37000274658203,80.37000274658203,1185,0.0,0.0,0.0
2024-06-20 15:40:00-04:00,80.4000015258789,80.40499877929688,80.37999725341797,80.37999725341797,1038,0.0,0.0,0.0
2024-06-20 15:45:00-04:00,80.38580322265625,80.38580322265625,80.3499984741211,80.3499984741211,2298,0.0,0.0,0.0
2024-06-20 15:50:00-04:00,80.36000061035156,80.38999938964844,80.33000183105469,80.33000183105469,3441,0.0,0.0,0.0
2024-06-20 15:55:00-04:00,80.3499984741211,80.38999938964844,80.26000213623047,80.26000213623047,6433,0.0,0.0,0.0
2024-06-21 09:30:00-04:00,80.5999984741211,80.87999725341797,80.38999938964844,80.87999725341797,6688,0.0,0.0,0.0
2024-06-21 09:35:00-04:00,80.70999908447266,80.70999908447266,80.56500244140625,80.66000366210938,1725,0.0,0.0,0.0
2024-06-21 09:40:00-04:00,80.6449966430664,80.66999816894531,80.61000061035156,80.61000061035156,5468,0.0,0.0,0.0
2024-06-21 09:45:00-04:00,80.5999984741211,80.5999984741211,80.55000305175781,80.56999969482422,503,0.0,0.0,0.0
2024-06-21 09:50:00-04:00,80.5999984741211,80.61000061035156,80.52999877929688,80.52999877929688,2567,0.0,0.0,0.0
2024-06-21 09:55:00-04:00,80.51000213623047,80.56999969482422,80.51000213623047,80.5199966430664,1661,0.0,0.0,0.0
2024-06-21 10:00:00-04:00,80.52999877929688,80.55999755859375,80.52999877929688,80.52999877929688,1466,0.0,0.0,0.0
2024-06-21 10:05:00-04:00,80.51000213623047,80.52999877929688,80.5,80.5199966430664,2263,0.0,0.0,0.0
2024-06-21 10:10:00-04:00,80.55000305175781,80.58830261230469,80.55000305175781,80.58830261230469,951,0.0,0.0,0.0
2024-06-21 10:15:00-04:00,80.52999877929688,80.55000305175781,80.52999877929688,80.52999877929688,997,0.0,0.0,0.0
2024-06-21 10:20:00-04:00,80.53500366210938,80.53500366210938,80.48999786376953,80.48999786376953,2128,0.0,0.0,0.0
2024-06-21 10:25:00-04:00,80.45999908447266,80.45999908447266,80.45999908447266,80.45999908447266,380,0.0,0.0,0.0
2024-06-21 10:30:00-04:00,80.5,80.5,80.5,80.5,211,0.0,0.0,0.0
2024-06-21 10:35:00-04:00,80.51000213623047,80.52999877929688,80.5,80.52999877929688,1982,0.0,0.0,0.0
2024-06-21 10:40:00-04:00,80.54000091552734,80.625,80.47039794921875,80.55000305175781,0,0.0,0.0,0.0
2024-06-21 10:45:00-04:00,80.51000213623047,80.55999755859375,80.51000213623047,80.52999877929688,32341,0.0,0.0,0.0
2024-06-21 10:50:00-04:00,80.54000091552734,80.56400299072266,80.54000091552734,80.55500030517578,863,0.0,0.0,0.0
2024-06-21 10:55:00-04:00,80.55000305175781,80.55960083007812,80.51000213623047,80.51000213623047,1542,0.0,0.0,0.0
2024-06-21 11:00:00-04:00,80.55000305175781,80.55000305175781,80.53500366210938,80.53500366210938,472,0.0,0.0,0.0
2024-06-21 11:05:00-04:00,80.55000305175781,80.6500015258789,80.55000305175781,80.63999938964844,827,0.0,0.0,0.0
2024-06-21 11:10:00-04:00,80.52999877929688,80.5425033569336,80.51000213623047,80.52010345458984,1770,0.0,0.0,0.0
2024-06-21 11:15:00-04:00,80.52999877929688,80.6050033569336,80.51000213623047,80.6050033569336,1652,0.0,0.0,0.0
2024-06-21 11:20:00-04:00,80.52999877929688,80.54000091552734,80.51000213623047,80.51000213623047,3507,0.0,0.0,0.0
2024-06-21 11:25:00-04:00,80.51499938964844,80.56919860839844,80.45999908447266,80.52249908447266,5530,0.0,0.0,0.0
2024-06-21 11:30:00-04:00,80.51750183105469,80.5199966430664,80.47000122070312,80.47000122070312,2258,0.0,0.0,0.0
2024-06-21 11:35:00-04:00,80.4800033569336,80.54000091552734,80.45999908447266,80.48500061035156,3054,0.0,0.0,0.0
2024-06-21 11:40:00-04:00,80.58499908447266,80.58499908447266,80.55000305175781,80.55000305175781,982,0.0,0.0,0.0
2024-06-21 11:45:00-04:00,80.52999877929688,80.55000305175781,80.52999877929688,80.55000305175781,3806,0.0,0.0,0.0
2024-06-21 11:50:00-04:00,80.5989990234375,80.66500091552734,80.5989990234375,80.62000274658203,707,0.0,0.0,0.0
2024-06-21 11:55:00-04:00,80.63999938964844,80.6500015258789,80.54000091552734,80.57499694824219,12613,0.0,0.0,0.0
2024-06-21 12:00:00-04:00,80.57499694824219,80.70999908447266,80.57499694824219,80.68000030517578,13070,0.0,0.0,0.0
2024-06-21 12:05:00-04:00,80.63999938964844,80.73989868164062,80.61000061035156,80.61000061035156,3334,0.0,0.0,0.0
2024-06-21 12:10:00-04:00,80.63999938964844,80.68000030517578,80.60040283203125,80.66000366210938,12248,0.0,0.0,0.0
2024-06-21 12:15:00-04:00,80.69999694824219,80.74500274658203,80.62000274658203,80.62000274658203,5282,0.0,0.0,0.0
2024-06-21 12:20:00-04:00,80.62000274658203,80.68499755859375,80.62000274658203,80.6500015258789,4848,0.0,0.0,0.0
2024-06-21 12:25:00-04:00,80.6500015258789,80.68250274658203,80.6500015258789,80.68250274658203,404,0.0,0.0,0.0
2024-06-21 12:30:00-04:00,80.68499755859375,80.68499755859375,80.6500015258789,80.6500015258789,1008,0.0,0.0,0.0
2024-06-21 12:35:00-04:00,80.69000244140625,80.69000244140625,80.66999816894531,80.66999816894531,487,0.0,0.0,0.0
2024-06-21 12:40:00-04:00,80.66999816894531,80.67939758300781,80.6500015258789,80.6500015258789,4306,0.0,0.0,0.0
2024-06-21 12:45:00-04:00,80.66000366210938,80.66000366210938,80.56999969482422,80.58999633789062,11392,0.0,0.0,0.0
2024-06-21 12:50:00-04:00,80.58999633789062,80.61000061035156,80.56999969482422,80.5999984741211,18969,0.0,0.0,0.0
2024-06-21 12:55:00-04:00,80.5999984741211,80.5999984741211,80.58000183105469,80.5999984741211,9628,0.0,0.0,0.0
2024-06-21 13:00:00-04:00,80.5999984741211,80.5999984741211,80.56999969482422,80.56999969482422,3565,0.0,0.0,0.0
2024-06-21 13:05:00-04:00,80.5999984741211,80.61000061035156,80.5999984741211,80.5999984741211,3724,0.0,0.0,0.0
2024-06-21 13:10:00-04:00,80.5999984741211,80.66639709472656,80.5999984741211,80.62830352783203,1288,0.0,0.0,0.0
2024-06-21 13:15:00-04:00,80.625,80.625,80.62000274658203,80.625,860,0.0,0.0,0.0
2024-06-21 13:20:00-04:00,80.61000061035156,80.61000061035156,80.61000061035156,80.61000061035156,345,0.0,0.0,0.0
2024-06-21 13:25:00-04:00,80.61000061035156,80.62000274658203,80.56999969482422,80.58999633789062,2610,0.0,0.0,0.0
2024-06-21 13:30:00-04:00,80.56999969482422,80.62000274658203,80.56999969482422,80.56999969482422,541,0.0,0.0,0.0
2024-06-21 13:35:00-04:00,80.62000274658203,80.62249755859375,80.5999984741211,80.5999984741211,3047,0.0,0.0,0.0
2024-06-21 13:40:00-04:00,80.56559753417969,80.62999725341797,80.56559753417969,80.62999725341797,1131,0.0,0.0,0.0
2024-06-21 13:45:00-04:00,80.61499786376953,80.62999725341797,80.61000061035156,80.61000061035156,673,0.0,0.0,0.0
2024-06-21 13:50:00-04:00,80.62999725341797,80.63999938964844,80.58999633789062,80.62000274658203,1151,0.0,0.0,0.0
2024-06-21 13:55:00-04:00,80.61000061035156,80.6500015258789,80.61000061035156,80.625,780,0.0,0.0,0.0
2024-06-21 14:00:00-04:00,80.625,80.625,80.62000274658203,80.625,454,0.0,0.0,0.0
2024-06-21 14:05:00-04:00,80.61000061035156,80.63970184326172,80.60009765625,80.61000061035156,890,0.0,0.0,0.0
2024-06-21 14:10:00-04:00,80.61000061035156,80.62789916992188,80.5999984741211,80.625,3137,0.0,0.0,0.0
2024-06-21 14:15:00-04:00,80.61000061035156,80.63999938964844,80.61000061035156,80.62999725341797,932,0.0,0.0,0.0
2024-06-21 14:20:00-04:00,80.63999938964844,80.63999938964844,80.62000274658203,80.63999938964844,516,0.0,0.0,0.0
2024-06-21 14:25:00-04:00,80.63999938964844,80.66999816894531,80.62000274658203,80.6500015258789,1351,0.0,0.0,0.0
2024-06-21 14:30:00-04:00,80.6500015258789,80.6500015258789,80.62000274658203,80.6500015258789,980,0.0,0.0,0.0
2024-06-21 14:35:00-04:00,80.6500015258789,80.6500015258789,80.62000274658203,80.62000274658203,1003,0.0,0.0,0.0
2024-06-21 14:40:00-04:00,80.6500015258789,80.6500015258789,80.6500015258789,80.6500015258789,670,0.0,0.0,0.0
2024-06-21 14:45:00-04:00,80.6449966430664,80.6500015258789,80.62999725341797,80.62999725341797,1542,0.0,0.0,0.0
2024-06-21 14:50:00-04:00,80.62000274658203,80.63999938964844,80.61000061035156,80.62000274658203,2289,0.0,0.0,0.0
2024-06-21 14:55:00-04:00,80.62999725341797,80.67500305175781,80.62999725341797,80.66000366210938,1171,0.0,0.0,0.0
2024-06-21 15:00:00-04:00,80.66000366210938,80.70999908447266,80.61000061035156,80.61000061035156,3062,0.0,0.0,0.0
2024-06-21 15:05:00-04:00,80.62000274658203,80.66000366210938,80.61000061035156,80.64009857177734,10258,0.0,0.0,0.0
2024-06-21 15:10:00-04:00,80.66000366210938,80.70999908447266,80.6500015258789,80.66000366210938,2530,0.0,0.0,0.0
2024-06-21 15:15:00-04:00,80.66000366210938,80.66999816894531,80.66000366210938,80.66999816894531,1513,0.0,0.0,0.0
2024-06-21 15:20:00-04:00,80.68000030517578,80.68000030517578,80.68000030517578,80.68000030517578,323,0.0,0.0,0.0
2024-06-21 15:25:00-04:00,80.67500305175781,80.67500305175781,80.6500015258789,80.6500015258789,1336,0.0,0.0,0.0
2024-06-21 15:30:00-04:00,80.67500305175781,80.67620086669922,80.63009643554688,80.63009643554688,1954,0.0,0.0,0.0
2024-06-21 15:35:00-04:00,80.66999816894531,80.69000244140625,80.66000366210938,80.66000366210938,1227,0.0,0.0,0.0
2024-06-21 15:40:00-04:00,80.63999938964844,80.67140197753906,80.54499816894531,80.5999984741211,7766,0.0,0.0,0.0
2024-06-21 15:45:00-04:00,80.69999694824219,80.69999694824219,80.61000061035156,80.62999725341797,3248,0.0,0.0,0.0
2024-06-21 15:50:00-04:00,80.5999984741211,80.5999984741211,80.5199966430664,80.5199966430664,1834,0.0,0.0,0.0
2024-06-21 15:55:00-04:00,80.61499786376953,80.6500015258789,80.54000091552734,80.54000091552734,4054,0.0,0.0,0.0
2024-06-24 09:30:00-04:00,80.87999725341797,80.87999725341797,80.73200225830078,80.73200225830078,2541,0.0,0.0,0.0
2024-06-24 09:35:00-04:00,80.80500030517578,81.0,80.80500030517578,80.81999969482422,3310,0.0,0.0,0.0
2024-06-24 09:40:00-04:00,80.8550033569336,80.91000366210938,80.80999755859375,80.81999969482422,4322,0.0,0.0,0.0
2024-06-24 09:45:00-04:00,80.86990356445312,80.87000274658203,80.86990356445312,80.87000274658203,597,0.0,0.0,0.0
2024-06-24 09:50:00-04:00,80.87999725341797,80.87999725341797,80.80500030517578,80.87999725341797,1620,0.0,0.0,0.0
2024-06-24 09:55:00-04:00,80.8949966430664,80.91999816894531,80.8949966430664,80.91999816894531,502,0.0,0.0,0.0
2024-06-24 10:00:00-04:00,80.9000015258789,80.93000030517578,80.9000015258789,80.93000030517578,512,0.0,0.0,0.0
2024-06-24 10:05:00-04:00,80.93000030517578,80.94000244140625,80.875,80.88999938964844,1858,0.0,0.0,0.0
2024-06-24 10:10:00-04:00,80.9800033569336,80.9800033569336,80.88500213623047,80.88500213623047,1293,0.0,0.0,0.0
2024-06-24 10:15:00-04:00,80.95999908447266,80.9800033569336,80.93499755859375,80.9800033569336,1296,0.0,0.0,0.0
2024-06-24 10:20:00-04:00,80.94000244140625,80.98999786376953,80.91000366210938,80.98999786376953,2252,0.0,0.0,0.0
2024-06-24 10:25:00-04:00,80.94999694824219,80.98999786376953,80.9000015258789,80.91999816894531,8997,0.0,0.0,0.0
2024-06-24 10:30:00-04:00,80.97000122070312,80.97810363769531,80.92500305175781,80.97810363769531,821,0.0,0.0,0.0
2024-06-24 10:35:00-04:00,80.95999908447266,80.95999908447266,80.95999908447266,80.95999908447266,620,0.0,0.0,0.0
2024-06-24 10:40:00-04:00,81.0,81.04000091552734,81.0,81.03500366210938,737,0.0,0.0,0.0
2024-06-24 10:45:00-04:00,80.98999786376953,80.98999786376953,80.9000015258789,80.95500183105469,1326,0.0,0.0,0.0
2024-06-24 10:50:00-04:00,80.91999816894531,80.98999786376953,80.8646011352539,80.8646011352539,0,0.0,0.0,0.0
2024-06-24 10:55:00-04:00,80.91000366210938,81.05999755859375,80.90499877929688,80.95999908447266,38349,0.0,0.0,0.0
2024-06-24 11:00:00-04:00,80.97000122070312,80.97000122070312,80.90640258789062,80.95999908447266,1007,0.0,0.0,0.0
2024-06-24 11:05:00-04:00,80.94000244140625,80.94000244140625,80.90499877929688,80.90499877929688,1437,0.0,0.0,0.0
2024-06-24 11:10:00-04:00,80.88999938964844,80.93000030517578,80.87000274658203,80.87999725341797,30892,0.0,0.0,0.0
2024-06-24 11:15:00-04:00,80.88999938964844,80.88999938964844,80.86000061035156,80.88310241699219,6729,0.0,0.0,0.0
2024-06-24 11:20:00-04:00,80.88990020751953,80.88990020751953,80.8499984741211,80.87000274658203,1877,0.0,0.0,0.0
2024-06-24 11:25:00-04:00,80.86000061035156,80.88999938964844,80.76000213623047,80.86000061035156,9980,0.0,0.0,0.0
2024-06-24 11:30:00-04:00,80.95999908447266,81.08000183105469,80.77999877929688,80.86000061035156,26124,0.0,0.0,0.0
2024-06-24 11:35:00-04:00,80.86000061035156,80.9000015258789,80.81999969482422,80.87010192871094,7710,0.0,0.0,0.0
2024-06-24 11:40:00-04:00,80.875,80.89730072021484,80.80500030517578,80.84049987792969,0,0.0,0.0,0.0
2024-06-24 11:45:00-04:00,80.83999633789062,80.8499984741211,80.80000305175781,80.81999969482422,187408,0.0,0.0,0.0
2024-06-24 11:50:00-04:00,80.80000305175781,80.86000061035156,80.77999877929688,80.80000305175781,10917,0.0,0.0,0.0
2024-06-24 11:55:00-04:00,80.80000305175781,80.83999633789062,80.80000305175781,80.80999755859375,57791,0.0,0.0,0.0
2024-06-24 12:00:00-04:00,80.80000305175781,80.80000305175781,80.80000305175781,80.80000305175781,1239,0.0,0.0,0.0
2024-06-24 12:05:00-04:00,80.79000091552734,80.79000091552734,80.79000091552734,80.79000091552734,508,0.0,0.0,0.0
2024-06-24 12:10:00-04:00,80.79000091552734,80.80000305175781,80.79000091552734,80.80000305175781,399,0.0,0.0,0.0
2024-06-24 12:15:00-04:00,80.79000091552734,80.80000305175781,80.7699966430664,80.7699966430664,871,0.0,0.0,0.0
2024-06-24 12:20:00-04:00,80.79989624023438,80.83999633789062,80.79000091552734,80.81999969482422,3084,0.0,0.0,0.0
2024-06-24 12:25:00-04:00,80.83999633789062,80.83999633789062,80.79000091552734,80.79000091552734,8905,0.0,0.0,0.0
2024-06-24 12:30:00-04:00,80.80000305175781,80.80000305175781,80.76000213623047,80.76000213623047,11667,0.0,0.0,0.0
2024-06-24 12:35:00-04:00,80.80000305175781,80.80000305175781,80.75,80.75,44253,0.0,0.0,0.0
2024-06-24 12:40:00-04:00,80.75,80.76499938964844,80.73729705810547,80.76000213623047,7128,0.0,0.0,0.0
2024-06-24 12:45:00-04:00,80.75,80.76499938964844,80.7300033569336,80.75,2779,0.0,0.0,0.0
2024-06-24 12:50:00-04:00,80.78810119628906,80.78810119628906,80.78810119628906,80.78810119628906,878,0.0,0.0,0.0
2024-06-24 12:55:00-04:00,80.7300033569336,80.7300033569336,80.7300033569336,80.7300033569336,1021,0.0,0.0,0.0
2024-06-24 13:00:00-04:00,80.7300033569336,80.75499725341797,80.7300033569336,80.7300033569336,934,0.0,0.0,0.0
2024-06-24 13:05:00-04:00,80.72000122070312,80.74500274658203,80.66999816894531,80.66999816894531,26594,0.0,0.0,0.0
2024-06-24 13:10:00-04:00,80.66500091552734,80.66500091552734,80.63999938964844,80.63999938964844,1308,0.0,0.0,0.0
2024-06-24 13:15:00-04:00,80.6050033569336,80.6050033569336,80.6050033569336,80.6050033569336,280,0.0,0.0,0.0
2024-06-24 13:20:00-04:00,80.6500015258789,80.6500015258789,80.60800170898438,80.60800170898438,596,0.0,0.0,0.0
2024-06-24 13:25:00-04:00,80.63999938964844,80.63999938964844,80.63999938964844,80.63999938964844,170,0.0,0.0,0.0
2024-06-24 13:30:00-04:00,80.62999725341797,80.62999725341797,80.5999984741211,80.5999984741211,810,0.0,0.0,0.0
2024-06-24 13:35:00-04:00,80.55000305175781,80.62000274658203,80.55000305175781,80.61499786376953,635,0.0,0.0,0.0
2024-06-24 13:40:00-04:00,80.66999816894531,80.66999816894531,80.61499786376953,80.61499786376953,1782,0.0,0.0,0.0
2024-06-24 13:50:00-04:00,80.54000091552734,80.66500091552734,80.54000091552734,80.66000366210938,553,0.0,0.0,0.0
2024-06-24 13:55:00-04:00,80.69999694824219,80.69999694824219,80.69999694824219,80.69999694824219,289,0.0,0.0,0.0
2024-06-24 14:05:00-04:00,80.6500015258789,80.6500015258789,80.61499786376953,80.61499786376953,1282,0.0,0.0,0.0
2024-06-24 14:10:00-04:00,80.59339904785156,80.62000274658203,80.59339904785156,80.62000274658203,1057,0.0,0.0,0.0
2024-06-24 14:40:00-04:00,80.68000030517578,80.73999786376953,80.68000030517578,80.68000030517578,9701,0.0,0.0,0.0
2024-06-24 14:45:00-04:00,80.68000030517578,80.75499725341797,80.62000274658203,80.63999938964844,60218,0.0,0.0,0.0
2024-06-24 14:50:00-04:00,80.62999725341797,80.62999725341797,80.61499786376953,80.62000274658203,3876,0.0,0.0,0.0
2024-06-24 14:55:00-04:00,80.62999725341797,80.63999938964844,80.62999725341797,80.63999938964844,1447,0.0,0.0,0.0
2024-06-24 15:00:00-04:00,80.66999816894531,80.68000030517578,80.62000274658203,80.62000274658203,74743,0.0,0.0,0.0
2024-06-24 15:05:00-04:00,80.6500015258789,80.66999816894531,80.58000183105469,80.62999725341797,11144,0.0,0.0,0.0
2024-06-24 15:10:00-04:00,80.66000366210938,80.69999694824219,80.66000366210938,80.69999694824219,1048,0.0,0.0,0.0
2024-06-24 15:15:00-04:00,80.69000244140625,80.69999694824219,80.66999816894531,80.69000244140625,2385,0.0,0.0,0.0
2024-06-24 15:20:00-04:00,80.69999694824219,80.69999694824219,80.62000274658203,80.63999938964844,21025,0.0,0.0,0.0
2024-06-24 15:25:00-04:00,80.62999725341797,80.63999938964844,80.61000061035156,80.62999725341797,0,0.0,0.0,0.0
2024-06-24 15:30:00-04:00,80.63999938964844,80.66999816894531,80.62000274658203,80.62999725341797,568934,0.0,0.0,0.0
2024-06-24 15:35:00-04:00,80.63999938964844,80.67459869384766,80.62000274658203,80.62000274658203,1738,0.0,0.0,0.0
2024-06-24 15:40:00-04:00,80.62000274658203,80.62000274658203,80.61000061035156,80.61000061035156,627,0.0,0.0,0.0
2024-06-24 15:45:00-04:00,80.63999938964844,80.6500015258789,80.58000183105469,80.5999984741211,5412,0.0,0.0,0.0
2024-06-24 15:50:00-04:00,80.5999984741211,80.625,80.54000091552734,80.54000091552734,42044,0.0,0.0,0.0
2024-06-24 15:55:00-04:00,80.54000091552734,80.56999969482422,80.4800033569336,80.5,15858,0.0,0.0,0.0
2024-06-25 09:30:00-04:00,80.70999908447266,80.70999908447266,80.5999984741211,80.5999984741211,10463,0.0,0.0,0.0
2024-06-25 09:35:00-04:00,80.50499725341797,80.50499725341797,80.50499725341797,80.50499725341797,230,0.0,0.0,0.0
2024-06-25 09:40:00-04:00,80.5999984741211,80.5999984741211,80.5,80.5,1120,0.0,0.0,0.0
2024-06-25 09:45:00-04:00,80.56999969482422,80.56999969482422,80.56999969482422,80.56999969482422,381,0.0,0.0,0.0
2024-06-25 09:50:00-04:00,80.53500366210938,80.53500366210938,80.5,80.5,552,0.0,0.0,0.0
2024-06-25 09:55:00-04:00,80.54000091552734,80.55000305175781,80.45999908447266,80.4800033569336,1663,0.0,0.0,0.0
2024-06-25 10:00:00-04:00,80.54989624023438,80.54989624023438,80.5,80.52999877929688,6802,0.0,0.0,0.0
2024-06-25 10:05:00-04:00,80.52999877929688,80.52999877929688,80.4800033569336,80.4800033569336,3474,0.0,0.0,0.0
2024-06-25 10:20:00-04:00,80.4800033569336,80.4800033569336,80.45500183105469,80.47049713134766,963,0.0,0.0,0.0
2024-06-25 10:25:00-04:00,80.47000122070312,80.47000122070312,80.47000122070312,80.47000122070312,254,0.0,0.0,0.0
2024-06-25 10:30:00-04:00,80.47000122070312,80.47000122070312,80.47000122070312,80.47000122070312,929,0.0,0.0,0.0
2024-06-25 10:35:00-04:00,80.44129943847656,80.45999908447266,80.43000030517578,80.44000244140625,90268,0.0,0.0,0.0
2024-06-25 10:40:00-04:00,80.41000366210938,80.43000030517578,80.3499984741211,80.3499984741211,13019,0.0,0.0,0.0
2024-06-25 10:45:00-04:00,80.3499984741211,80.37999725341797,80.3499984741211,80.3499984741211,1944,0.0,0.0,0.0
2024-06-25 10:50:00-04:00,80.3499984741211,80.3499984741211,80.32460021972656,80.3499984741211,1680,0.0,0.0,0.0
2024-06-25 10:55:00-04:00,80.3499984741211,80.37000274658203,80.33999633789062,80.3499984741211,5738,0.0,0.0,0.0
2024-06-25 11:00:00-04:00,80.33999633789062,80.36000061035156,80.33999633789062,80.33999633789062,2530,0.0,0.0,0.0
2024-06-25 11:05:00-04:00,80.33999633789062,80.37000274658203,80.33999633789062,80.37000274658203,1380,0.0,0.0,0.0
2024-06-25 11:10:00-04:00,80.33999633789062,80.37000274658203,80.33499908447266,80.33999633789062,4573,0.0,0.0,0.0
2024-06-25 11:15:00-04:00,80.3499984741211,80.3550033569336,80.32499694824219,80.33999633789062,3578,0.0,0.0,0.0
2024-06-25 11:20:00-04:00,80.32499694824219,80.33999633789062,80.31999969482422,80.31999969482422,3110,0.0,0.0,0.0
2024-06-25 11:25:00-04:00,80.30999755859375,80.33999633789062,80.29499816894531,80.30999755859375,2652,0.0,0.0,0.0
2024-06-25 11:30:00-04:00,80.33000183105469,80.33999633789062,80.31500244140625,80.33999633789062,2902,0.0,0.0,0.0
2024-06-25 11:35:00-04:00,80.31999969482422,80.37999725341797,80.31999969482422,80.33999633789062,5944,0.0,0.0,0.0
2024-06-25 11:40:00-04:00,80.375,80.38999938964844,80.33000183105469,80.33000183105469,6546,0.0,0.0,0.0
2024-06-25 11:45:00-04:00,80.33999633789062,80.36000061035156,80.31999969482422,80.33869934082031,4704,0.0,0.0,0.0
2024-06-25 11:50:00-04:00,80.32499694824219,80.3499984741211,80.32499694824219,80.33000183105469,1863,0.0,0.0,0.0
2024-06-25 11:55:00-04:00,80.33000183105469,80.33999633789062,80.32499694824219,80.32499694824219,1782,0.0,0.0,0.0
2024-06-25 12:00:00-04:00,80.34989929199219,80.34989929199219,80.32499694824219,80.32499694824219,2121,0.0,0.0,0.0
2024-06-25 12:05:00-04:00,80.32499694824219,80.34989929199219,80.32499694824219,80.32499694824219,1802,0.0,0.0,0.0
2024-06-25 12:10:00-04:00,80.32499694824219,80.34010314941406,80.31999969482422,80.33000183105469,5278,0.0,0.0,0.0
2024-06-25 12:15:00-04:00,80.33000183105469,80.33000183105469,80.27999877929688,80.28500366210938,10621,0.0,0.0,0.0
2024-06-25 12:20:00-04:00,80.30000305175781,80.31999969482422,80.26000213623047,80.30000305175781,2356,0.0,0.0,0.0
2024-06-25 12:25:00-04:00,80.26000213623047,80.32990264892578,80.24500274658203,80.27999877929688,2468,0.0,0.0,0.0
2024-06-25 12:30:00-04:00,80.29000091552734,80.30000305175781,80.25,80.25,3068,0.0,0.0,0.0
2024-06-25 12:35:00-04:00,80.25,80.32990264892578,80.25,80.32990264892578,2754,0.0,0.0,0.0
2024-06-25 12:40:00-04:00,80.27999877929688,80.30500030517578,80.24500274658203,80.24500274658203,3912,0.0,0.0,0.0
2024-06-25 12:45:00-04:00,80.24500274658203,80.33999633789062,80.24500274658203,80.25499725341797,8887,0.0,0.0,0.0
2024-06-25 12:50:00-04:00,80.29000091552734,80.30999755859375,80.25,80.30000305175781,2126,0.0,0.0,0.0
2024-06-25 12:55:00-04:00,80.30000305175781,80.30999755859375,80.2699966430664,80.2750015258789,2079,0.0,0.0,0.0
2024-06-25 13:00:00-04:00,80.29000091552734,80.30000305175781,80.29000091552734,80.30000305175781,1922,0.0,0.0,0.0
2024-06-25 13:05:00-04:00,80.26499938964844,80.31999969482422,80.24500274658203,80.27999877929688,3912,0.0,0.0,0.0
2024-06-25 13:10:00-04:00,80.2750015258789,80.29000091552734,80.2750015258789,80.29000091552734,396,0.0,0.0,0.0
2024-06-25 13:15:00-04:00,80.29000091552734,80.31999969482422,80.27999877929688,80.27999877929688,2001,0.0,0.0,0.0
2024-06-25 13:20:00-04:00,80.27999877929688,80.27999877929688,80.27999877929688,80.27999877929688,1323,0.0,0.0,0.0
2024-06-25 13:25:00-04:00,80.27999877929688,80.31999969482422,80.27999877929688,80.29499816894531,2448,0.0,0.0,0.0
2024-06-25 13:30:00-04:00,80.29499816894531,80.30999755859375,80.29000091552734,80.30000305175781,2170,0.0,0.0,0.0
2024-06-25 13:35:00-04:00,80.30000305175781,80.4000015258789,80.28070068359375,80.28070068359375,0,0.0,0.0,0.0
2024-06-25 13:40:00-04:00,80.30999755859375,80.36280059814453,80.30999755859375,80.31999969482422,253896,0.0,0.0,0.0
2024-06-25 13:45:00-04:00,80.33000183105469,80.3550033569336,80.30000305175781,80.33000183105469,11825,0.0,0.0,0.0
2024-06-25 13:50:00-04:00,80.33999633789062,80.37999725341797,80.33499908447266,80.33999633789062,12246,0.0,0.0,0.0
2024-06-25 13:55:00-04:00,80.33000183105469,80.3499984741211,80.31999969482422,80.33000183105469,2990,0.0,0.0,0.0
2024-06-25 14:00:00-04:00,80.33999633789062,80.33999633789062,80.30999755859375,80.33999633789062,2551,0.0,0.0,0.0
2024-06-25 14:05:00-04:00,80.33999633789062,80.36000061035156,80.31999969482422,80.36000061035156,2452,0.0,0.0,0.0
2024-06-25 14:10:00-04:00,80.3499984741211,80.35970306396484,80.32499694824219,80.32499694824219,2238,0.0,0.0,0.0
2024-06-25 14:15:00-04:00,80.3499984741211,80.35880279541016,80.30000305175781,80.3499984741211,38791,0.0,0.0,0.0
2024-06-25 14:20:00-04:00,80.3499984741211,80.3499984741211,80.3499984741211,80.3499984741211,509,0.0,0.0,0.0
2024-06-25 14:25:00-04:00,80.35990142822266,80.36000061035156,80.35130310058594,80.36000061035156,1324,0.0,0.0,0.0
2024-06-25 14:30:00-04:00,80.33499908447266,80.33499908447266,80.33499908447266,80.33499908447266,504,0.0,0.0,0.0
2024-06-25 14:35:00-04:00,80.33999633789062,80.36820220947266,80.33999633789062,80.36820220947266,394,0.0,0.0,0.0
2024-06-25 14:40:00-04:00,80.36000061035156,80.38860321044922,80.36000061035156,80.375,2510,0.0,0.0,0.0
2024-06-25 15:05:00-04:00,80.38050079345703,80.38050079345703,80.38050079345703,80.38050079345703,2238,0.0,0.0,0.0
2024-06-25 15:10:00-04:00,80.37999725341797,80.37999725341797,80.36499786376953,80.36499786376953,353,0.0,0.0,0.0
2024-06-25 15:15:00-04:00,80.4000015258789,80.4000015258789,80.375,80.37999725341797,1007,0.0,0.0,0.0
2024-06-25 15:20:00-04:00,80.37999725341797,80.38279724121094,80.37999725341797,80.38279724121094,874,0.0,0.0,0.0
2024-06-25 15:25:00-04:00,80.38999938964844,80.4000015258789,80.38999938964844,80.38999938964844,1015,0.0,0.0,0.0
2024-06-25 15:30:00-04:00,80.3843002319336,80.4000015258789,80.3843002319336,80.38999938964844,1122,0.0,0.0,0.0
2024-06-25 15:35:00-04:00,80.38999938964844,80.41000366210938,80.36009979248047,80.41000366210938,1125,0.0,0.0,0.0
2024-06-25 15:40:00-04:00,80.36000061035156,80.37000274658203,80.36000061035156,80.37000274658203,464,0.0,0.0,0.0
2024-06-25 15:45:00-04:00,80.41000366210938,80.41999816894531,80.41000366210938,80.41999816894531,897,0.0,0.0,0.0
2024-06-25 15:50:00-04:00,80.41000366210938,80.44999694824219,80.41000366210938,80.44999694824219,1125,0.0,0.0,0.0
2024-06-25 15:55:00-04:00,80.37210083007812,80.62999725341797,80.37210083007812,80.55000305175781,2344,0.0,0.0,0.0
2024-06-26 09:30:00-04:00,80.69000244140625,80.69000244140625,80.51499938964844,80.58000183105469,3430,0.0,0.0,0.0
2024-06-26 09:35:00-04:00,80.54000091552734,80.54000091552734,80.54000091552734,80.54000091552734,364,0.0,0.0,0.0
2024-06-26 09:40:00-04:00,80.55999755859375,80.55999755859375,80.55999755859375,80.55999755859375,204,0.0,0.0,0.0
2024-06-26 09:45:00-04:00,80.56500244140625,80.58000183105469,80.56500244140625,80.58000183105469,903,0.0,0.0,0.0
2024-06-26 09:50:00-04:00,80.54499816894531,80.55999755859375,80.54499816894531,80.55999755859375,1347,0.0,0.0,0.0
2024-06-26 09:55:00-04:00,80.51820373535156,80.56500244140625,80.51820373535156,80.56500244140625,1636,0.0,0.0,0.0
2024-06-26 10:00:00-04:00,80.58999633789062,80.59100341796875,80.54000091552734,80.55000305175781,3612,0.0,0.0,0.0
2024-06-26 10:05:00-04:00,80.55999755859375,80.55999755859375,80.55999755859375,80.55999755859375,328,0.0,0.0,0.0
2024-06-26 10:10:00-04:00,80.57279968261719,80.61000061035156,80.56999969482422,80.61000061035156,616,0.0,0.0,0.0
2024-06-26 10:15:00-04:00,80.58999633789062,80.91999816894531,80.5,80.52890014648438,8216,0.0,0.0,0.0
2024-06-26 10:30:00-04:00,80.54499816894531,80.54499816894531,80.54499816894531,80.54499816894531,984,0.0,0.0,0.0
2024-06-26 10:35:00-04:00,80.5,80.5,80.5,80.5,202,0.0,0.0,0.0
2024-06-26 10:40:00-04:00,80.53990173339844,80.54000091552734,80.48999786376953,80.48999786376953,419,0.0,0.0,0.0
2024-06-26 10:45:00-04:00,80.5,80.5,80.49610137939453,80.49610137939453,778,0.0,0.0,0.0
2024-06-26 10:55:00-04:00,80.48999786376953,80.48999786376953,80.48999786376953,80.48999786376953,282,0.0,0.0,0.0
2024-06-26 11:00:00-04:00,80.5199966430664,80.5199966430664,80.5199966430664,80.5199966430664,222,0.0,0.0,0.0
2024-06-26 11:10:00-04:00,80.4800033569336,80.4800033569336,80.45999908447266,80.45999908447266,852,0.0,0.0,0.0
2024-06-26 11:25:00-04:00,80.57849884033203,80.57849884033203,80.4800033569336,80.4800033569336,1408,0.0,0.0,0.0
2024-06-26 11:35:00-04:00,80.44999694824219,80.44999694824219,80.44999694824219,80.44999694824219,389,0.0,0.0,0.0
2024-06-26 11:40:00-04:00,80.43000030517578,80.4749984741211,80.43000030517578,80.4749984741211,687,0.0,0.0,0.0
2024-06-26 11:55:00-04:00,80.5000991821289,80.51000213623047,80.5,80.51000213623047,1244,0.0,0.0,0.0
2024-06-26 12:00:00-04:00,80.5250015258789,80.58000183105469,80.5250015258789,80.58000183105469,251,0.0,0.0,0.0
2024-06-26 12:05:00-04:00,80.51000213623047,80.55000305175781,80.51000213623047,80.55000305175781,356,0.0,0.0,0.0
2024-06-26 12:10:00-04:00,80.56999969482422,80.56999969482422,80.56999969482422,80.56999969482422,290,0.0,0.0,0.0
2024-06-26 12:15:00-04:00,80.55999755859375,80.58000183105469,80.54499816894531,80.58000183105469,711,0.0,0.0,0.0
2024-06-26 12:20:00-04:00,80.58999633789062,80.58999633789062,80.5250015258789,80.55999755859375,2919,0.0,0.0,0.0
2024-06-26 12:40:00-04:00,80.55999755859375,80.55999755859375,80.55999755859375,80.55999755859375,426,0.0,0.0,0.0
2024-06-26 12:45:00-04:00,80.54000091552734,80.55000305175781,80.52999877929688,80.52999877929688,1666,0.0,0.0,0.0
2024-06-26 12:50:00-04:00,80.5199966430664,80.52999877929688,80.5199966430664,80.52999877929688,845,0.0,0.0,0.0
2024-06-26 12:55:00-04:00,80.5250015258789,80.52999877929688,80.5250015258789,80.52999877929688,717,0.0,0.0,0.0
2024-06-26 13:00:00-04:00,80.55000305175781,80.55000305175781,80.55000305175781,80.55000305175781,100,0.0,0.0,0.0
2024-06-26 13:05:00-04:00,80.54000091552734,80.55999755859375,80.5199966430664,80.55999755859375,1682,0.0,0.0,0.0
2024-06-26 13:25:00-04:00,80.51000213623047,80.58329772949219,80.51000213623047,80.58329772949219,1072,0.0,0.0,0.0
2024-06-26 13:30:00-04:00,80.55000305175781,80.55000305175781,80.55000305175781,80.55000305175781,745,0.0,0.0,0.0
2024-06-26 13:40:00-04:00,80.5,80.51000213623047,80.4749984741211,80.51000213623047,407,0.0,0.0,0.0
2024-06-26 13:45:00-04:00,80.54000091552734,80.55000305175781,80.53500366210938,80.55000305175781,1285,0.0,0.0,0.0
2024-06-26 13:50:00-04:00,80.47000122070312,80.47000122070312,80.47000122070312,80.47000122070312,706,0.0,0.0,0.0
2024-06-26 14:00:00-04:00,80.5,80.5199966430664,80.5,80.5199966430664,590,0.0,0.0,0.0
2024-06-26 14:10:00-04:00,80.56999969482422,80.56999969482422,80.56999969482422,80.56999969482422,447,0.0,0.0,0.0
2024-06-26 14:15:00-04:00,80.56999969482422,80.56999969482422,80.51000213623047,80.518798828125,1003,0.0,0.0,0.0
2024-06-26 14:20:00-04:00,80.4800033569336,80.48999786376953,80.47000122070312,80.4800033569336,987,0.0,0.0,0.0
2024-06-26 14:25:00-04:00,80.45010375976562,80.46499633789062,80.45010375976562,80.46499633789062,303,0.0,0.0,0.0
2024-06-26 14:30:00-04:00,80.46499633789062,80.61000061035156,80.46499633789062,80.61000061035156,1078,0.0,0.0,0.0
2024-06-26 14:40:00-04:00,80.5250015258789,80.5250015258789,80.47010040283203,80.47010040283203,519,0.0,0.0,0.0
2024-06-26 14:45:00-04:00,80.5,80.5,80.5,80.5,324,0.0,0.0,0.0
2024-06-26 14:50:00-04:00,80.4800033569336,80.54810333251953,80.4800033569336,80.54810333251953,644,0.0,0.0,0.0
2024-06-26 14:55:00-04:00,80.4800033569336,80.4800033569336,80.47000122070312,80.47000122070312,1382,0.0,0.0,0.0
2024-06-26 15:05:00-04:00,80.5250015258789,80.5250015258789,80.5250015258789,80.5250015258789,213,0.0,0.0,0.0
2024-06-26 15:10:00-04:00,80.47000122070312,80.4800033569336,80.47000122070312,80.4800033569336,914,0.0,0.0,0.0
2024-06-26 15:15:00-04:00,80.47560119628906,80.47560119628906,80.45010375976562,80.45010375976562,447,0.0,0.0,0.0
2024-06-26 15:20:00-04:00,80.4218978881836,80.44999694824219,80.4218978881836,80.44999694824219,895,0.0,0.0,0.0
2024-06-26 15:25:00-04:00,80.4800033569336,80.4800033569336,80.4800033569336,80.4800033569336,903,0.0,0.0,0.0
2024-06-26 15:40:00-04:00,80.4800033569336,80.48999786376953,80.4800033569336,80.48999786376953,524,0.0,0.0,0.0
2024-06-26 15:45:00-04:00,80.51000213623047,80.51000213623047,80.49500274658203,80.49500274658203,797,0.0,0.0,0.0
2024-06-26 15:50:00-04:00,80.45999908447266,80.45999908447266,80.45999908447266,80.45999908447266,459,0.0,0.0,0.0
2024-06-26 15:55:00-04:00,80.47000122070312,80.55999755859375,80.4000015258789,80.41999816894531,2151,0.0,0.0,0.0
2024-06-27 09:30:00-04:00,80.54000091552734,80.69000244140625,80.54000091552734,80.58499908447266,5654,0.0,0.0,0.0
2024-06-27 09:35:00-04:00,80.62999725341797,80.62999725341797,80.58499908447266,80.62000274658203,864,0.0,0.0,0.0
2024-06-27 09:45:00-04:00,80.6500015258789,80.69000244140625,80.62999725341797,80.62999725341797,718,0.0,0.0,0.0
2024-06-27 09:50:00-04:00,80.52999877929688,80.66000366210938,80.52999877929688,80.66000366210938,80078,0.0,0.0,0.0
2024-06-27 09:55:00-04:00,80.60479736328125,80.60479736328125,80.60479736328125,80.60479736328125,459,0.0,0.0,0.0
2024-06-27 10:00:00-04:00,80.61000061035156,80.62999725341797,80.5999984741211,80.62999725341797,982,0.0,0.0,0.0
2024-06-27 10:05:00-04:00,80.65850067138672,80.65850067138672,80.63500213623047,80.6583023071289,735,0.0,0.0,0.0
2024-06-27 10:10:00-04:00,80.6500015258789,80.6500015258789,80.61000061035156,80.62000274658203,1407,0.0,0.0,0.0
2024-06-27 10:15:00-04:00,80.55999755859375,80.55999755859375,80.52999877929688,80.52999877929688,1235,0.0,0.0,0.0
2024-06-27 10:20:00-04:00,80.54000091552734,80.58999633789062,80.52999877929688,80.58499908447266,7302,0.0,0.0,0.0
2024-06-27 10:25:00-04:00,80.58000183105469,80.58999633789062,80.55000305175781,80.55999755859375,4434,0.0,0.0,0.0
2024-06-27 10:30:00-04:00,80.55000305175781,80.55000305175781,80.52999877929688,80.55000305175781,502,0.0,0.0,0.0
2024-06-27 10:35:00-04:00,80.55000305175781,80.55000305175781,80.55000305175781,80.55000305175781,211,0.0,0.0,0.0
2024-06-27 10:40:00-04:00,80.55999755859375,80.55999755859375,80.52999877929688,80.52999877929688,529,0.0,0.0,0.0
2024-06-27 10:45:00-04:00,80.56999969482422,80.57499694824219,80.56999969482422,80.56999969482422,1250,0.0,0.0,0.0
2024-06-27 10:50:00-04:00,80.52999877929688,80.55999755859375,80.52999877929688,80.52999877929688,1308,0.0,0.0,0.0
2024-06-27 10:55:00-04:00,80.51000213623047,80.51000213623047,80.51000213623047,80.51000213623047,510,0.0,0.0,0.0
2024-06-27 11:00:00-04:00,80.4220962524414,80.4220962524414,80.4220962524414,80.4220962524414,639,0.0,0.0,0.0
2024-06-27 11:10:00-04:00,80.5,80.51499938964844,80.5,80.51499938964844,770,0.0,0.0,0.0
2024-06-27 11:20:00-04:00,80.4800033569336,80.48999786376953,80.4800033569336,80.48999786376953,4517,0.0,0.0,0.0
2024-06-27 11:25:00-04:00,80.4749984741211,80.52999877929688,80.4749984741211,80.50499725341797,4357,0.0,0.0,0.0
2024-06-27 11:30:00-04:00,80.5,80.5,80.44000244140625,80.44000244140625,2743,0.0,0.0,0.0
2024-06-27 11:35:00-04:00,80.47000122070312,80.5,80.41999816894531,80.44999694824219,5147,0.0,0.0,0.0
2024-06-27 11:40:00-04:00,80.44000244140625,80.44000244140625,80.44000244140625,80.44000244140625,258,0.0,0.0,0.0
2024-06-27 11:50:00-04:00,80.46119689941406,80.47000122070312,80.44999694824219,80.44999694824219,1286,0.0,0.0,0.0
2024-06-27 11:55:00-04:00,80.45999908447266,80.48999786376953,80.45999908447266,80.48400115966797,430,0.0,0.0,0.0
2024-06-27 12:00:00-04:00,80.48999786376953,80.48999786376953,80.48999786376953,80.48999786376953,703,0.0,0.0,0.0
2024-06-27 12:05:00-04:00,80.5,80.5,80.46530151367188,80.46530151367188,1732,0.0,0.0,0.0
2024-06-27 12:10:00-04:00,80.46009826660156,80.5,80.46009826660156,80.5,2013,0.0,0.0,0.0
2024-06-27 12:15:00-04:00,80.5000991821289,80.5000991821289,80.5000991821289,80.5000991821289,284,0.0,0.0,0.0
2024-06-27 12:20:00-04:00,80.50990295410156,80.5199966430664,80.50990295410156,80.5199966430664,248,0.0,0.0,0.0
2024-06-27 12:25:00-04:00,80.5199966430664,80.52999877929688,80.5199966430664,80.52999877929688,297,0.0,0.0,0.0
2024-06-27 12:30:00-04:00,80.5167007446289,80.56849670410156,80.5167007446289,80.56849670410156,600,0.0,0.0,0.0
2024-06-27 12:35:00-04:00,80.55000305175781,80.55000305175781,80.51000213623047,80.51000213623047,1315,0.0,0.0,0.0
2024-06-27 12:45:00-04:00,80.54000091552734,80.54000091552734,80.51000213623047,80.51000213623047,777,0.0,0.0,0.0
2024-06-27 13:10:00-04:00,80.55999755859375,80.55999755859375,80.55999755859375,80.55999755859375,296,0.0,0.0,0.0
2024-06-27 13:20:00-04:00,80.5000991821289,80.58999633789062,80.5000991821289,80.58999633789062,514,0.0,0.0,0.0
2024-06-27 13:25:00-04:00,80.52999877929688,80.52999877929688,80.52999877929688,80.52999877929688,385,0.0,0.0,0.0
2024-06-27 13:30:00-04:00,80.56999969482422,80.58000183105469,80.55500030517578,80.58000183105469,919,0.0,0.0,0.0
2024-06-27 13:35:00-04:00,80.58999633789062,80.5999984741211,80.58000183105469,80.58999633789062,1265,0.0,0.0,0.0
2024-06-27 13:40:00-04:00,80.61000061035156,80.62999725341797,80.61000061035156,80.62999725341797,1226,0.0,0.0,0.0
2024-06-27 13:45:00-04:00,80.61000061035156,80.62999725341797,80.61000061035156,80.62000274658203,1017,0.0,0.0,0.0
2024-06-27 13:50:00-04:00,80.58000183105469,80.61370086669922,80.55000305175781,80.55999755859375,1332,0.0,0.0,0.0
2024-06-27 13:55:00-04:00,80.56999969482422,80.56999969482422,80.53009796142578,80.53009796142578,528,0.0,0.0,0.0
2024-06-27 14:00:00-04:00,80.5,80.51000213623047,80.5,80.51000213623047,312,0.0,0.0,0.0
2024-06-27 14:05:00-04:00,80.55000305175781,80.55000305175781,80.55000305175781,80.55000305175781,398,0.0,0.0,0.0
2024-06-27 14:20:00-04:00,80.55000305175781,80.55000305175781,80.55000305175781,80.55000305175781,418,0.0,0.0,0.0
2024-06-27 14:30:00-04:00,80.55000305175781,80.55000305175781,80.55000305175781,80.55000305175781,234,0.0,0.0,0.0
2024-06-27 14:40:00-04:00,80.52529907226562,80.52529907226562,80.52529907226562,80.52529907226562,455,0.0,0.0,0.0
2024-06-27 14:45:00-04:00,80.53230285644531,80.56400299072266,80.53230285644531,80.56400299072266,480,0.0,0.0,0.0
2024-06-27 14:50:00-04:00,80.55000305175781,80.5999984741211,80.55000305175781,80.5999984741211,2307,0.0,0.0,0.0
2024-06-27 14:55:00-04:00,80.55000305175781,80.55000305175781,80.54000091552734,80.55000305175781,560,0.0,0.0,0.0
2024-06-27 15:00:00-04:00,80.54000091552734,80.56999969482422,80.54000091552734,80.56999969482422,741,0.0,0.0,0.0
2024-06-27 15:05:00-04:00,80.56999969482422,80.56999969482422,80.55000305175781,80.55500030517578,1503,0.0,0.0,0.0
2024-06-27 15:10:00-04:00,80.58999633789062,80.58999633789062,80.58999633789062,80.58999633789062,491,0.0,0.0,0.0
2024-06-27 15:15:00-04:00,80.56999969482422,80.58000183105469,80.55999755859375,80.55999755859375,724,0.0,0.0,0.0
2024-06-27 15:20:00-04:00,80.51010131835938,80.51010131835938,80.51010131835938,80.51010131835938,737,0.0,0.0,0.0
2024-06-27 15:40:00-04:00,80.55500030517578,80.55500030517578,80.55500030517578,80.55500030517578,305,0.0,0.0,0.0
2024-06-27 15:45:00-04:00,80.55000305175781,80.55000305175781,80.55000305175781,80.55000305175781,264,0.0,0.0,0.0
2024-06-27 15:50:00-04:00,80.55000305175781,80.55000305175781,80.55000305175781,80.55000305175781,278,0.0,0.0,0.0
2024-06-27 15:55:00-04:00,80.55999755859375,80.5999984741211,80.54499816894531,80.5999984741211,1260,0.0,0.0,0.0
2024-06-28 09:30:00-04:00,81.0,81.0,80.7300033569336,80.88999938964844,7847,0.0,0.0,0.0
2024-06-28 09:35:00-04:00,80.9800033569336,81.1624984741211,80.87000274658203,81.1624984741211,1729,0.0,0.0,0.0
2024-06-28 09:40:00-04:00,80.94999694824219,81.0,80.78500366210938,80.94000244140625,13182,0.0,0.0,0.0
2024-06-28 09:45:00-04:00,80.91000366210938,80.91699981689453,80.8499984741211,80.8499984741211,1931,0.0,0.0,0.0
2024-06-28 09:50:00-04:00,80.9800033569336,80.98999786376953,80.88999938964844,80.98999786376953,734,0.0,0.0,0.0
2024-06-28 09:55:00-04:00,80.88999938964844,80.98999786376953,80.87000274658203,80.87000274658203,824,0.0,0.0,0.0
2024-06-28 10:00:00-04:00,80.88999938964844,81.0457992553711,80.87999725341797,80.94090270996094,1436,0.0,0.0,0.0
2024-06-28 10:05:00-04:00,80.94999694824219,80.94999694824219,80.9000015258789,80.9000015258789,0,0.0,0.0,0.0
2024-06-28 10:10:00-04:00,80.91010284423828,81.01000213623047,80.91010284423828,80.93000030517578,29758,0.0,0.0,0.0
2024-06-28 10:15:00-04:00,80.93000030517578,81.01000213623047,80.87000274658203,80.87000274658203,1803,0.0,0.0,0.0
2024-06-28 10:20:00-04:00,80.93000030517578,81.00250244140625,80.88999938964844,80.94999694824219,1744,0.0,0.0,0.0
2024-06-28 10:25:00-04:00,80.98500061035156,80.98500061035156,80.93000030517578,80.93000030517578,810,0.0,0.0,0.0
2024-06-28 10:30:00-04:00,80.96499633789062,80.98999786376953,80.93499755859375,80.98999786376953,427,0.0,0.0,0.0
2024-06-28 10:35:00-04:00,80.95999908447266,80.97000122070312,80.88999938964844,80.94000244140625,24652,0.0,0.0,0.0
2024-06-28 10:40:00-04:00,80.94000244140625,80.98999786376953,80.88999938964844,80.95999908447266,25946,0.0,0.0,0.0
2024-06-28 10:45:00-04:00,80.94000244140625,80.97709655761719,80.91999816894531,80.9447021484375,3291,0.0,0.0,0.0
2024-06-28 10:50:00-04:00,80.93000030517578,81.0,80.91000366210938,80.94999694824219,7570,0.0,0.0,0.0
2024-06-28 10:55:00-04:00,80.93000030517578,80.97000122070312,80.87999725341797,80.92500305175781,3884,0.0,0.0,0.0
2024-06-28 11:00:00-04:00,80.93000030517578,81.0,80.87000274658203,80.97000122070312,12708,0.0,0.0,0.0
2024-06-28 11:05:00-04:00,81.0,81.0280990600586,80.93000030517578,80.95999908447266,5613,0.0,0.0,0.0
2024-06-28 11:10:00-04:00,80.93000030517578,80.96499633789062,80.88500213623047,80.91500091552734,1972,0.0,0.0,0.0
2024-06-28 11:15:00-04:00,80.88999938964844,80.91000366210938,80.88999938964844,80.91000366210938,828,0.0,0.0,0.0
2024-06-28 11:20:00-04:00,80.91500091552734,80.94999694824219,80.89009857177734,80.89009857177734,1831,0.0,0.0,0.0
2024-06-28 11:25:00-04:00,80.9000015258789,80.93309783935547,80.9000015258789,80.91500091552734,1663,0.0,0.0,0.0
2024-06-28 11:30:00-04:00,80.91999816894531,80.91999816894531,80.9000015258789,80.9000015258789,1389,0.0,0.0,0.0
2024-06-28 11:35:00-04:00,80.93000030517578,80.98600006103516,80.93000030517578,80.9800033569336,1576,0.0,0.0,0.0
2024-06-28 11:40:00-04:00,80.9800033569336,81.0,80.9800033569336,80.98999786376953,2175,0.0,0.0,0.0
2024-06-28 11:45:00-04:00,80.96499633789062,80.96499633789062,80.96499633789062,80.96499633789062,414,0.0,0.0,0.0
2024-06-28 11:50:00-04:00,80.9717025756836,81.0031967163086,80.92500305175781,80.95500183105469,1660,0.0,0.0,0.0
2024-06-28 12:00:00-04:00,80.95500183105469,80.95500183105469,80.95500183105469,80.95500183105469,626,0.0,0.0,0.0
2024-06-28 12:05:00-04:00,80.92569732666016,80.95500183105469,80.92569732666016,80.95500183105469,223,0.0,0.0,0.0
2024-06-28 12:10:00-04:00,80.91000366210938,80.9833984375,80.91000366210938,80.97810363769531,2372,0.0,0.0,0.0
2024-06-28 12:15:00-04:00,80.93000030517578,80.93000030517578,80.91000366210938,80.91010284423828,894,0.0,0.0,0.0
2024-06-28 12:20:00-04:00,80.91000366210938,80.94999694824219,80.91000366210938,80.94000244140625,759,0.0,0.0,0.0
2024-06-28 12:25:00-04:00,80.92259979248047,80.92259979248047,80.92259979248047,80.92259979248047,117,0.0,0.0,0.0
2024-06-28 12:30:00-04:00,80.9103012084961,80.9103012084961,80.91000366210938,80.91000366210938,1052,0.0,0.0,0.0
2024-06-28 12:35:00-04:00,80.91000366210938,80.91999816894531,80.86499786376953,80.87999725341797,12240,0.0,0.0,0.0
2024-06-28 12:40:00-04:00,80.86499786376953,80.87999725341797,80.84249877929688,80.87999725341797,3713,0.0,0.0,0.0
2024-06-28 12:45:00-04:00,80.87999725341797,80.87999725341797,80.86000061035156,80.87000274658203,4783,0.0,0.0,0.0
2024-06-28 12:50:00-04:00,80.86499786376953,80.86499786376953,80.8550033569336,80.8550033569336,1654,0.0,0.0,0.0
2024-06-28 12:55:00-04:00,80.86499786376953,80.86499786376953,80.81999969482422,80.81999969482422,792,0.0,0.0,0.0
2024-06-28 13:00:00-04:00,80.83999633789062,80.83999633789062,80.80999755859375,80.80999755859375,3257,0.0,0.0,0.0
2024-06-28 13:05:00-04:00,80.83499908447266,80.90540313720703,80.83000183105469,80.8499984741211,2756,0.0,0.0,0.0
2024-06-28 13:10:00-04:00,80.91999816894531,80.91999816894531,80.91999816894531,80.91999816894531,822,0.0,0.0,0.0
2024-06-28 13:15:00-04:00,80.8656997680664,80.8656997680664,80.84500122070312,80.84500122070312,371,0.0,0.0,0.0
2024-06-28 13:20:00-04:00,80.8499984741211,80.8499984741211,80.8499984741211,80.8499984741211,127,0.0,0.0,0.0
2024-06-28 13:25:00-04:00,80.8561019897461,80.8561019897461,80.84500122070312,80.8499984741211,880,0.0,0.0,0.0
2024-06-28 13:30:00-04:00,80.86000061035156,80.86000061035156,80.83999633789062,80.8550033569336,0,0.0,0.0,0.0
2024-06-28 13:35:00-04:00,80.80999755859375,80.86000061035156,80.80999755859375,80.8499984741211,170968,0.0,0.0,0.0
2024-06-28 13:40:00-04:00,80.86499786376953,80.86499786376953,80.80000305175781,80.80000305175781,733,0.0,0.0,0.0
2024-06-28 13:45:00-04:00,80.81999969482422,80.83000183105469,80.81999969482422,80.83000183105469,848,0.0,0.0,0.0
2024-06-28 13:50:00-04:00,80.80999755859375,80.9000015258789,80.80000305175781,80.8301010131836,12942,0.0,0.0,0.0
2024-06-28 13:55:00-04:00,80.80999755859375,80.81880187988281,80.77999877929688,80.80000305175781,12757,0.0,0.0,0.0
2024-06-28 14:00:00-04:00,80.79499816894531,80.83000183105469,80.77899932861328,80.83000183105469,0,0.0,0.0,0.0
2024-06-28 14:05:00-04:00,80.83000183105469,80.83000183105469,80.81500244140625,80.83000183105469,220857,0.0,0.0,0.0
2024-06-28 14:10:00-04:00,80.81500244140625,80.81999969482422,80.81500244140625,80.81999969482422,476,0.0,0.0,0.0
2024-06-28 14:15:00-04:00,80.81500244140625,80.81500244140625,80.77999877929688,80.77999877929688,515,0.0,0.0,0.0
2024-06-28 14:20:00-04:00,80.79000091552734,80.79000091552734,80.77999877929688,80.77999877929688,669,0.0,0.0,0.0
2024-06-28 14:25:00-04:00,80.80999755859375,80.80999755859375,80.7699966430664,80.7699966430664,1522,0.0,0.0,0.0
2024-06-28 14:30:00-04:00,80.7249984741211,80.81999969482422,80.7249984741211,80.81999969482422,423,0.0,0.0,0.0
2024-06-28 14:35:00-04:00,80.74250030517578,80.74250030517578,80.74250030517578,80.74250030517578,100,0.0,0.0,0.0
2024-06-28 14:40:00-04:00,80.76360321044922,80.76360321044922,80.73500061035156,80.73500061035156,506,0.0,0.0,0.0
2024-06-28 14:45:00-04:00,80.74500274658203,80.74500274658203,80.70500183105469,80.70500183105469,549,0.0,0.0,0.0
2024-06-28 14:50:00-04:00,80.70999908447266,80.83499908447266,80.70999908447266,80.81400299072266,558,0.0,0.0,0.0
2024-06-28 14:55:00-04:00,80.74659729003906,80.75499725341797,80.69999694824219,80.69999694824219,1561,0.0,0.0,0.0
2024-06-28 15:00:00-04:00,80.75499725341797,80.80999755859375,80.69999694824219,80.75,1573,0.0,0.0,0.0
2024-06-28 15:05:00-04:00,80.69999694824219,80.73999786376953,80.69000244140625,80.70999908447266,1015,0.0,0.0,0.0
2024-06-28 15:10:00-04:00,80.70899963378906,80.70999908447266,80.69999694824219,80.69999694824219,2596,0.0,0.0,0.0
2024-06-28 15:15:00-04:00,80.69999694824219,80.7300033569336,80.6500015258789,80.72000122070312,981,0.0,0.0,0.0
2024-06-28 15:20:00-04:00,80.75499725341797,80.75499725341797,80.69999694824219,80.69999694824219,403,0.0,0.0,0.0
2024-06-28 15:25:00-04:00,80.66500091552734,80.66999816894531,80.66500091552734,80.66500091552734,563,0.0,0.0,0.0
2024-06-28 15:30:00-04:00,80.68000030517578,80.68000030517578,80.625,80.62999725341797,2139,0.0,0.0,0.0
2024-06-28 15:35:00-04:00,80.62000274658203,80.66999816894531,80.62000274658203,80.66999816894531,588,0.0,0.0,0.0
2024-06-28 15:40:00-04:00,80.62000274658203,80.72000122070312,80.62000274658203,80.69000244140625,2411,0.0,0.0,0.0
2024-06-28 15:45:00-04:00,80.70999908447266,80.73500061035156,80.70999908447266,80.70999908447266,875,0.0,0.0,0.0
2024-06-28 15:50:00-04:00,80.80000305175781,80.80000305175781,80.63999938964844,80.63999938964844,12937,0.0,0.0,0.0
2024-06-28 15:55:00-04:00,80.80999755859375,80.80999755859375,80.6500015258789,80.70500183105469,4764,0.0,0.0,0.0
2024-07-01 09:30:00-04:00,82.08999633789062,82.16000366210938,82.04499816894531,82.05000305175781,0,0.0,0.0,0.0
2024-07-01 09:35:00-04:00,82.0999984741211,82.12989807128906,82.05999755859375,82.12989807128906,4945,0.0,0.0,0.0
2024-07-01 09:40:00-04:00,82.12000274658203,82.19999694824219,82.08999633789062,82.12000274658203,9345,0.0,0.0,0.0
2024-07-01 09:45:00-04:00,82.12899780273438,82.12899780273438,82.02999877929688,82.04000091552734,4546,0.0,0.0,0.0
2024-07-01 09:50:00-04:00,82.19989776611328,82.19989776611328,82.0000991821289,82.05999755859375,4796,0.0,0.0,0.0
2024-07-01 09:55:00-04:00,82.06999969482422,82.08000183105469,82.05000305175781,82.05000305175781,1079,0.0,0.0,0.0
2024-07-01 10:00:00-04:00,82.0728988647461,82.0728988647461,82.0728988647461,82.0728988647461,523,0.0,0.0,0.0
2024-07-01 10:05:00-04:00,82.12999725341797,82.16999816894531,82.0999984741211,82.1156005859375,6555,0.0,0.0,0.0
2024-07-01 10:10:00-04:00,82.0999984741211,82.0999984741211,81.99610137939453,82.04499816894531,8841,0.0,0.0,0.0
2024-07-01 10:15:00-04:00,82.0999984741211,82.0999984741211,82.02999877929688,82.05000305175781,1163,0.0,0.0,0.0
2024-07-01 10:20:00-04:00,82.0199966430664,82.0199966430664,82.0199966430664,82.0199966430664,237,0.0,0.0,0.0
2024-07-01 10:25:00-04:00,82.04499816894531,82.05000305175781,82.04499816894531,82.05000305175781,818,0.0,0.0,0.0
2024-07-01 10:30:00-04:00,82.0177001953125,82.0177001953125,82.0177001953125,82.0177001953125,157,0.0,0.0,0.0
2024-07-01 10:35:00-04:00,82.01000213623047,82.01000213623047,81.94000244140625,81.94000244140625,5001,0.0,0.0,0.0
2024-07-01 10:40:00-04:00,81.95999908447266,82.0,81.95999908447266,82.0,1376,0.0,0.0,0.0
2024-07-01 10:50:00-04:00,81.95999908447266,81.95999908447266,81.95999908447266,81.95999908447266,237,0.0,0.0,0.0
2024-07-01 10:55:00-04:00,81.9800033569336,81.9800033569336,81.9800033569336,81.9800033569336,645,0.0,0.0,0.0
2024-07-01 11:00:00-04:00,82.06500244140625,82.06500244140625,82.05999755859375,82.05999755859375,511,0.0,0.0,0.0
2024-07-01 11:05:00-04:00,81.95999908447266,82.14250183105469,81.95999908447266,81.98999786376953,3261,0.0,0.0,0.0
2024-07-01 11:10:00-04:00,81.9800033569336,81.98999786376953,81.9800033569336,81.98999786376953,596,0.0,0.0,0.0
2024-07-01 11:15:00-04:00,81.98999786376953,82.08499908447266,81.96199798583984,82.08499908447266,1274,0.0,0.0,0.0
2024-07-01 11:20:00-04:00,82.0,82.06999969482422,81.97000122070312,82.0,2078,0.0,0.0,0.0
2024-07-01 11:25:00-04:00,81.98999786376953,82.06999969482422,81.98999786376953,82.06999969482422,1056,0.0,0.0,0.0
2024-07-01 11:30:00-04:00,82.0199966430664,82.06999969482422,82.01000213623047,82.06999969482422,937,0.0,0.0,0.0
2024-07-01 11:35:00-04:00,82.04000091552734,82.05999755859375,82.04000091552734,82.05999755859375,545,0.0,0.0,0.0
2024-07-01 11:40:00-04:00,82.06990051269531,82.06990051269531,82.05000305175781,82.05000305175781,646,0.0,0.0,0.0
2024-07-01 11:45:00-04:00,82.02770233154297,82.04000091552734,82.02770233154297,82.02999877929688,471,0.0,0.0,0.0
2024-07-01 11:50:00-04:00,82.02999877929688,82.08989715576172,82.02999877929688,82.08989715576172,1187,0.0,0.0,0.0
2024-07-01 11:55:00-04:00,82.04000091552734,82.0718994140625,82.02100372314453,82.0718994140625,4228,0.0,0.0,0.0
2024-07-01 12:00:00-04:00,82.05000305175781,82.05000305175781,81.8499984741211,81.9800033569336,7830,0.0,0.0,0.0
2024-07-01 12:10:00-04:00,81.95390319824219,81.95390319824219,81.95390319824219,81.95390319824219,154,0.0,0.0,0.0
2024-07-01 12:15:00-04:00,82.00499725341797,82.05989837646484,82.00499725341797,82.05989837646484,377,0.0,0.0,0.0
2024-07-01 12:20:00-04:00,82.05000305175781,82.05000305175781,82.05000305175781,82.05000305175781,709,0.0,0.0,0.0
2024-07-01 12:25:00-04:00,81.98249816894531,82.00900268554688,81.98249816894531,82.00900268554688,275,0.0,0.0,0.0
2024-07-01 12:30:00-04:00,82.05989837646484,82.05989837646484,81.98500061035156,81.98500061035156,566,0.0,0.0,0.0
2024-07-01 12:35:00-04:00,82.05999755859375,82.05999755859375,82.01499938964844,82.0199966430664,610,0.0,0.0,0.0
2024-07-01 12:40:00-04:00,82.0,82.0199966430664,82.0,82.0199966430664,316,0.0,0.0,0.0
2024-07-01 12:45:00-04:00,82.02999877929688,82.02999877929688,82.02999877929688,82.02999877929688,401,0.0,0.0,0.0
2024-07-01 12:50:00-04:00,82.0199966430664,82.09989929199219,82.0,82.01000213623047,3033,0.0,0.0,0.0
2024-07-01 12:55:00-04:00,82.01000213623047,82.05999755859375,82.01000213623047,82.05999755859375,854,0.0,0.0,0.0
2024-07-01 13:00:00-04:00,82.02999877929688,82.02999877929688,81.95999908447266,81.95999908447266,2412,0.0,0.0,0.0
2024-07-01 13:05:00-04:00,81.95999908447266,82.01000213623047,81.95999908447266,82.01000213623047,450,0.0,0.0,0.0
2024-07-01 13:10:00-04:00,81.97000122070312,81.97000122070312,81.97000122070312,81.97000122070312,391,0.0,0.0,0.0
2024-07-01 13:15:00-04:00,81.97000122070312,82.0,81.97000122070312,82.0,224,0.0,0.0,0.0
2024-07-01 13:20:00-04:00,82.01000213623047,82.0199966430664,82.01000213623047,82.01000213623047,466,0.0,0.0,0.0
2024-07-01 13:25:00-04:00,82.02999877929688,82.05500030517578,82.01000213623047,82.05500030517578,911,0.0,0.0,0.0
2024-07-01 13:30:00-04:00,82.0199966430664,82.05500030517578,82.01000213623047,82.05500030517578,713,0.0,0.0,0.0
2024-07-01 13:35:00-04:00,82.01000213623047,82.04000091552734,82.01000213623047,82.04000091552734,530,0.0,0.0,0.0
2024-07-01 13:40:00-04:00,82.0,82.09989929199219,82.0,82.04499816894531,614,0.0,0.0,0.0
2024-07-01 13:45:00-04:00,82.08999633789062,82.12000274658203,82.04000091552734,82.12000274658203,2756,0.0,0.0,0.0
2024-07-01 13:50:00-04:00,82.08999633789062,82.16999816894531,82.02999877929688,82.0999984741211,4826,0.0,0.0,0.0
2024-07-01 13:55:00-04:00,82.02999877929688,82.08999633789062,82.02999877929688,82.05000305175781,619,0.0,0.0,0.0
2024-07-01 14:00:00-04:00,82.02999877929688,82.10900115966797,82.02999877929688,82.10900115966797,1729,0.0,0.0,0.0
2024-07-01 14:05:00-04:00,82.04000091552734,82.04000091552734,82.04000091552734,82.04000091552734,275,0.0,0.0,0.0
2024-07-01 14:10:00-04:00,82.04000091552734,82.04000091552734,82.02999877929688,82.02999877929688,239,0.0,0.0,0.0
2024-07-01 14:15:00-04:00,82.04000091552734,82.10990142822266,82.02999877929688,82.10990142822266,526,0.0,0.0,0.0
2024-07-01 14:20:00-04:00,82.08999633789062,82.08999633789062,82.0199966430664,82.0199966430664,1321,0.0,0.0,0.0
2024-07-01 14:30:00-04:00,82.10990142822266,82.10990142822266,81.9844970703125,82.03500366210938,1026,0.0,0.0,0.0
2024-07-01 14:35:00-04:00,82.0,82.09989929199219,81.9800033569336,82.01000213623047,1886,0.0,0.0,0.0
2024-07-01 14:40:00-04:00,81.95999908447266,82.05989837646484,81.95999908447266,82.01000213623047,732,0.0,0.0,0.0
2024-07-01 14:45:00-04:00,81.97000122070312,82.02290344238281,81.97000122070312,82.02290344238281,523,0.0,0.0,0.0
2024-07-01 14:50:00-04:00,81.97000122070312,81.97000122070312,81.97000122070312,81.97000122070312,201,0.0,0.0,0.0
2024-07-01 14:55:00-04:00,81.97000122070312,82.02729797363281,81.97000122070312,81.97000122070312,1540,0.0,0.0,0.0
2024-07-01 15:00:00-04:00,81.97000122070312,82.05809783935547,81.97000122070312,81.97000122070312,450,0.0,0.0,0.0
2024-07-01 15:05:00-04:00,81.97000122070312,82.05339813232422,81.97000122070312,81.9800033569336,4286,0.0,0.0,0.0
2024-07-01 15:10:00-04:00,81.97000122070312,82.04989624023438,81.97000122070312,81.9800033569336,899,0.0,0.0,0.0
2024-07-01 15:15:00-04:00,81.9800033569336,82.04989624023438,81.9800033569336,82.01000213623047,2869,0.0,0.0,0.0
2024-07-01 15:20:00-04:00,81.9800033569336,81.9800033569336,81.9800033569336,81.9800033569336,775,0.0,0.0,0.0
2024-07-01 15:25:00-04:00,82.0,82.0,81.97000122070312,81.97000122070312,631,0.0,0.0,0.0
2024-07-01 15:30:00-04:00,81.9800033569336,82.03990173339844,81.97000122070312,82.03990173339844,1181,0.0,0.0,0.0
2024-07-01 15:35:00-04:00,82.0,82.03990173339844,81.94999694824219,81.94999694824219,1245,0.0,0.0,0.0
2024-07-01 15:40:00-04:00,82.00869750976562,82.00869750976562,81.91000366210938,81.91000366210938,2445,0.0,0.0,0.0
2024-07-01 15:45:00-04:00,81.97000122070312,81.97000122070312,81.91999816894531,81.97000122070312,1938,0.0,0.0,0.0
2024-07-01 15:50:00-04:00,81.93000030517578,82.02989959716797,81.93000030517578,81.96499633789062,1151,0.0,0.0,0.0
2024-07-01 15:55:00-04:00,81.91999816894531,82.0199966430664,81.91999816894531,81.94000244140625,4830,0.0,0.0,0.0
2024-07-02 09:30:00-04:00,81.98999786376953,81.98999786376953,81.78500366210938,81.78500366210938,2619,0.0,0.0,0.0
2024-07-02 09:35:00-04:00,81.64009857177734,81.97000122070312,81.64009857177734,81.96990203857422,4819,0.0,0.0,0.0
2024-07-02 09:40:00-04:00,81.97000122070312,82.05000305175781,81.94000244140625,81.9800033569336,7843,0.0,0.0,0.0
2024-07-02 09:45:00-04:00,81.9729995727539,81.9729995727539,81.94999694824219,81.94999694824219,1057,0.0,0.0,0.0
2024-07-02 09:55:00-04:00,81.93499755859375,81.9800033569336,81.93499755859375,81.97489929199219,892,0.0,0.0,0.0
2024-07-02 10:00:00-04:00,81.95999908447266,82.00900268554688,81.94000244140625,81.96499633789062,1766,0.0,0.0,0.0
2024-07-02 10:05:00-04:00,81.97000122070312,81.97000122070312,81.94499969482422,81.94499969482422,673,0.0,0.0,0.0
2024-07-02 10:10:00-04:00,81.94000244140625,81.94000244140625,81.88500213623047,81.88999938964844,1752,0.0,0.0,0.0
2024-07-02 10:15:00-04:00,81.88999938964844,81.95999908447266,81.81230163574219,81.87999725341797,7199,0.0,0.0,0.0
2024-07-02 10:20:00-04:00,81.81169891357422,81.94999694824219,81.80010223388672,81.94999694824219,1933,0.0,0.0,0.0
2024-07-02 10:25:00-04:00,81.86000061035156,81.93000030517578,81.86000061035156,81.88999938964844,1832,0.0,0.0,0.0
2024-07-02 10:30:00-04:00,81.88999938964844,81.93000030517578,81.88999938964844,81.88999938964844,1167,0.0,0.0,0.0
2024-07-02 10:35:00-04:00,81.90010070800781,81.91999816894531,81.90010070800781,81.91500091552734,758,0.0,0.0,0.0
2024-07-02 10:40:00-04:00,81.91999816894531,81.94999694824219,81.9000015258789,81.9000015258789,2697,0.0,0.0,0.0
2024-07-02 10:45:00-04:00,81.92500305175781,81.92500305175781,81.9000015258789,81.9000015258789,599,0.0,0.0,0.0
2024-07-02 10:55:00-04:00,81.87010192871094,81.87010192871094,81.87010192871094,81.87010192871094,230,0.0,0.0,0.0
2024-07-02 11:00:00-04:00,81.94000244140625,81.94000244140625,81.94000244140625,81.94000244140625,254,0.0,0.0,0.0
2024-07-02 11:05:00-04:00,81.91500091552734,81.93000030517578,81.91500091552734,81.93000030517578,330,0.0,0.0,0.0
2024-07-02 11:10:00-04:00,81.91410064697266,81.95999908447266,81.91410064697266,81.95999908447266,1996,0.0,0.0,0.0
2024-07-02 11:15:00-04:00,81.98999786376953,82.06999969482422,81.98999786376953,82.06999969482422,3082,0.0,0.0,0.0
2024-07-02 11:20:00-04:00,82.0250015258789,82.04000091552734,82.0250015258789,82.04000091552734,302,0.0,0.0,0.0
2024-07-02 11:25:00-04:00,82.0199966430664,82.05000305175781,82.0199966430664,82.05000305175781,1765,0.0,0.0,0.0
2024-07-02 11:30:00-04:00,82.05999755859375,82.08999633789062,82.05000305175781,82.05000305175781,1749,0.0,0.0,0.0
2024-07-02 11:35:00-04:00,82.06999969482422,82.08999633789062,82.02179718017578,82.08000183105469,3493,0.0,0.0,0.0
2024-07-02 11:40:00-04:00,82.06999969482422,82.09739685058594,82.04000091552734,82.06500244140625,5967,0.0,0.0,0.0
2024-07-02 11:45:00-04:00,82.05840301513672,82.08999633789062,82.04989624023438,82.05999755859375,1907,0.0,0.0,0.0
2024-07-02 11:50:00-04:00,82.05999755859375,82.05999755859375,82.05999755859375,82.05999755859375,342,0.0,0.0,0.0
2024-07-02 11:55:00-04:00,82.06800079345703,82.07499694824219,82.02999877929688,82.02999877929688,4551,0.0,0.0,0.0
2024-07-02 12:00:00-04:00,82.02999877929688,82.08000183105469,82.02999877929688,82.04000091552734,444,0.0,0.0,0.0
2024-07-02 12:05:00-04:00,82.05000305175781,82.05000305175781,82.04000091552734,82.04000091552734,376,0.0,0.0,0.0
2024-07-02 12:10:00-04:00,82.01000213623047,82.04000091552734,82.01000213623047,82.04000091552734,1054,0.0,0.0,0.0
2024-07-02 12:15:00-04:00,82.04000091552734,82.05000305175781,82.0250015258789,82.05000305175781,722,0.0,0.0,0.0
2024-07-02 12:20:00-04:00,82.05999755859375,82.08000183105469,82.03450012207031,82.08000183105469,1101,0.0,0.0,0.0
2024-07-02 12:25:00-04:00,82.08000183105469,82.08000183105469,82.08000183105469,82.08000183105469,1107,0.0,0.0,0.0
2024-07-02 12:30:00-04:00,82.06999969482422,82.06999969482422,82.06999969482422,82.06999969482422,460,0.0,0.0,0.0
2024-07-02 12:35:00-04:00,82.08000183105469,82.0801010131836,82.05999755859375,82.0801010131836,528,0.0,0.0,0.0
2024-07-02 12:40:00-04:00,82.08000183105469,82.08000183105469,82.08000183105469,82.08000183105469,670,0.0,0.0,0.0
2024-07-02 12:45:00-04:00,82.08999633789062,82.11000061035156,82.08999633789062,82.0999984741211,4461,0.0,0.0,0.0
2024-07-02 12:50:00-04:00,82.0999984741211,82.0999984741211,82.05500030517578,82.05500030517578,5129,0.0,0.0,0.0
2024-07-02 12:55:00-04:00,82.06500244140625,82.08999633789062,82.0250015258789,82.04750061035156,753,0.0,0.0,0.0
2024-07-02 13:00:00-04:00,82.04750061035156,82.04750061035156,82.0250015258789,82.0250015258789,371,0.0,0.0,0.0
2024-07-02 13:05:00-04:00,82.0250015258789,82.11499786376953,82.0250015258789,82.11000061035156,3212,0.0,0.0,0.0
2024-07-02 13:15:00-04:00,82.0999984741211,82.12000274658203,82.0999984741211,82.12000274658203,564,0.0,0.0,0.0
2024-07-02 13:20:00-04:00,82.06500244140625,82.06500244140625,82.06500244140625,82.06500244140625,400,0.0,0.0,0.0
2024-07-02 13:25:00-04:00,82.05500030517578,82.0999984741211,82.05500030517578,82.08000183105469,0,0.0,0.0,0.0
2024-07-02 13:35:00-04:00,82.05999755859375,82.07499694824219,82.05999755859375,82.07499694824219,95034,0.0,0.0,0.0
2024-07-02 13:40:00-04:00,82.05000305175781,82.08000183105469,82.05000305175781,82.08000183105469,955,0.0,0.0,0.0
2024-07-02 13:45:00-04:00,82.05000305175781,82.10449981689453,82.05000305175781,82.10449981689453,1214,0.0,0.0,0.0
2024-07-02 13:50:00-04:00,82.0999984741211,82.0999984741211,82.0999984741211,82.0999984741211,176,0.0,0.0,0.0
2024-07-02 14:05:00-04:00,82.08000183105469,82.08999633789062,82.08000183105469,82.08999633789062,561,0.0,0.0,0.0
2024-07-02 14:10:00-04:00,82.08000183105469,82.12000274658203,82.08000183105469,82.12000274658203,1514,0.0,0.0,0.0
2024-07-02 14:15:00-04:00,82.12000274658203,82.12999725341797,82.12000274658203,82.12000274658203,9922,0.0,0.0,0.0
2024-07-02 14:20:00-04:00,82.12999725341797,82.15989685058594,82.12999725341797,82.15989685058594,893,0.0,0.0,0.0
2024-07-02 14:25:00-04:00,82.1500015258789,82.1500015258789,82.1500015258789,82.1500015258789,2664,0.0,0.0,0.0
2024-07-02 14:30:00-04:00,82.1500015258789,82.19000244140625,82.08409881591797,82.16000366210938,0,0.0,0.0,0.0
2024-07-02 14:40:00-04:00,82.19000244140625,82.20010375976562,82.19000244140625,82.20010375976562,121444,0.0,0.0,0.0
2024-07-02 14:45:00-04:00,82.21900177001953,82.21900177001953,82.21839904785156,82.21859741210938,3006,0.0,0.0,0.0
2024-07-02 14:50:00-04:00,82.22000122070312,82.22000122070312,82.22000122070312,82.22000122070312,1278,0.0,0.0,0.0
2024-07-02 14:55:00-04:00,82.23999786376953,82.23999786376953,82.2300033569336,82.2300033569336,546,0.0,0.0,0.0
2024-07-02 15:00:00-04:00,82.19999694824219,82.19999694824219,82.13500213623047,82.18000030517578,1435,0.0,0.0,0.0
2024-07-02 15:05:00-04:00,82.18499755859375,82.2490005493164,82.18499755859375,82.2490005493164,2411,0.0,0.0,0.0
2024-07-02 15:10:00-04:00,82.18000030517578,82.18000030517578,82.18000030517578,82.18000030517578,442,0.0,0.0,0.0
2024-07-02 15:15:00-04:00,82.16500091552734,82.22000122070312,82.16500091552734,82.22000122070312,701,0.0,0.0,0.0
2024-07-02 15:20:00-04:00,82.18499755859375,82.18499755859375,82.18499755859375,82.18499755859375,112,0.0,0.0,0.0
2024-07-02 15:25:00-04:00,82.19999694824219,82.22000122070312,82.19999694824219,82.22000122070312,715,0.0,0.0,0.0
2024-07-02 15:30:00-04:00,82.19000244140625,82.19000244140625,82.19000244140625,82.19000244140625,381,0.0,0.0,0.0
2024-07-02 15:35:00-04:00,82.19000244140625,82.22000122070312,82.19000244140625,82.22000122070312,511,0.0,0.0,0.0
2024-07-02 15:40:00-04:00,82.19000244140625,82.19000244140625,82.1449966430664,82.19000244140625,1563,0.0,0.0,0.0
2024-07-02 15:45:00-04:00,82.18000030517578,82.19999694824219,82.16000366210938,82.19000244140625,2111,0.0,0.0,0.0
2024-07-02 15:50:00-04:00,82.16500091552734,82.19000244140625,82.15979766845703,82.15979766845703,1059,0.0,0.0,0.0
2024-07-02 15:55:00-04:00,82.16000366210938,82.19159698486328,82.0199966430664,82.0199966430664,3490,0.0,0.0,0.0
2024-07-03 09:30:00-04:00,82.66000366210938,82.66000366210938,82.45500183105469,82.54000091552734,31549,0.0,0.0,0.0
2024-07-03 09:35:00-04:00,82.54499816894531,82.71499633789062,82.54000091552734,82.5989990234375,5702,0.0,0.0,0.0
2024-07-03 09:40:00-04:00,82.58999633789062,82.62000274658203,82.58000183105469,82.61499786376953,7204,0.0,0.0,0.0
2024-07-03 09:45:00-04:00,82.5999984741211,82.75499725341797,82.5999984741211,82.69000244140625,8905,0.0,0.0,0.0
2024-07-03 09:50:00-04:00,82.69999694824219,82.71900177001953,82.6500015258789,82.6500015258789,12046,0.0,0.0,0.0
2024-07-03 09:55:00-04:00,82.6500015258789,82.70989990234375,82.6500015258789,82.66500091552734,5102,0.0,0.0,0.0
2024-07-03 10:00:00-04:00,82.66999816894531,82.80000305175781,82.66999816894531,82.75,9549,0.0,0.0,0.0
2024-07-03 10:05:00-04:00,82.75,82.76000213623047,82.70999908447266,82.71499633789062,7858,0.0,0.0,0.0
2024-07-03 10:10:00-04:00,82.73999786376953,82.7699966430664,82.72000122070312,82.7699966430664,9579,0.0,0.0,0.0
2024-07-03 10:15:00-04:00,82.75,82.79000091552734,82.75,82.7699966430664,7438,0.0,0.0,0.0
2024-07-03 10:20:00-04:00,82.7699966430664,82.80999755859375,82.76499938964844,82.80000305175781,14759,0.0,0.0,0.0
2024-07-03 10:25:00-04:00,82.80000305175781,82.80000305175781,82.75499725341797,82.77999877929688,18878,0.0,0.0,0.0
2024-07-03 10:30:00-04:00,82.73999786376953,82.79000091552734,82.72000122070312,82.7699966430664,11282,0.0,0.0,0.0
2024-07-03 10:35:00-04:00,82.7699966430664,82.80000305175781,82.7699966430664,82.79000091552734,12471,0.0,0.0,0.0
2024-07-03 10:40:00-04:00,82.79000091552734,82.79000091552734,82.76000213623047,82.76000213623047,7867,0.0,0.0,0.0
2024-07-03 10:45:00-04:00,82.76499938964844,82.79000091552734,82.76499938964844,82.78500366210938,5008,0.0,0.0,0.0
2024-07-03 10:50:00-04:00,82.79000091552734,82.80000305175781,82.7750015258789,82.77999877929688,8626,0.0,0.0,0.0
2024-07-03 10:55:00-04:00,82.77999877929688,82.80000305175781,82.77999877929688,82.79000091552734,6529,0.0,0.0,0.0
2024-07-03 11:00:00-04:00,82.80000305175781,82.86000061035156,82.80000305175781,82.81999969482422,4658,0.0,0.0,0.0
2024-07-03 11:05:00-04:00,82.81999969482422,82.87000274658203,82.80500030517578,82.83499908447266,8323,0.0,0.0,0.0
2024-07-03 11:10:00-04:00,82.83999633789062,82.8499984741211,82.79000091552734,82.83999633789062,3696,0.0,0.0,0.0
2024-07-03 11:15:00-04:00,82.80500030517578,82.86000061035156,82.80500030517578,82.8499984741211,5039,0.0,0.0,0.0
2024-07-03 11:20:00-04:00,82.8499984741211,82.86000061035156,82.81999969482422,82.86000061035156,4816,0.0,0.0,0.0
2024-07-03 11:25:00-04:00,82.86000061035156,82.87000274658203,82.86000061035156,82.87000274658203,4216,0.0,0.0,0.0
2024-07-03 11:30:00-04:00,82.87000274658203,82.91999816894531,82.86499786376953,82.87999725341797,5142,0.0,0.0,0.0
2024-07-03 11:35:00-04:00,82.87999725341797,82.90499877929688,82.8550033569336,82.88999938964844,17457,0.0,0.0,0.0
2024-07-03 11:40:00-04:00,82.88999938964844,82.88999938964844,82.87000274658203,82.88999938964844,6751,0.0,0.0,0.0
2024-07-03 11:45:00-04:00,82.87999725341797,82.9000015258789,82.87999725341797,82.88999938964844,5419,0.0,0.0,0.0
2024-07-03 11:50:00-04:00,82.9000015258789,82.91000366210938,82.88500213623047,82.88999938964844,9730,0.0,0.0,0.0
2024-07-03 11:55:00-04:00,82.87999725341797,82.9000015258789,82.87000274658203,82.9000015258789,17766,0.0,0.0,0.0
2024-07-03 12:00:00-04:00,82.9000015258789,82.9000015258789,82.86499786376953,82.86499786376953,13719,0.0,0.0,0.0
2024-07-03 12:05:00-04:00,82.87000274658203,82.87999725341797,82.86499786376953,82.86499786376953,3191,0.0,0.0,0.0
2024-07-03 12:10:00-04:00,82.87000274658203,82.91000366210938,82.86499786376953,82.90499877929688,11103,0.0,0.0,0.0
2024-07-03 12:15:00-04:00,82.90499877929688,82.93000030517578,82.9000015258789,82.93000030517578,8328,0.0,0.0,0.0
2024-07-03 12:20:00-04:00,82.94000244140625,82.94000244140625,82.86000061035156,82.86000061035156,10719,0.0,0.0,0.0
2024-07-03 12:25:00-04:00,82.8499984741211,82.91000366210938,82.83499908447266,82.87999725341797,15304,0.0,0.0,0.0
2024-07-03 12:30:00-04:00,82.8949966430664,82.9000015258789,82.87000274658203,82.88999938964844,9914,0.0,0.0,0.0
2024-07-03 12:35:00-04:00,82.88999938964844,82.91000366210938,82.87999725341797,82.88500213623047,5026,0.0,0.0,0.0
2024-07-03 12:40:00-04:00,82.87999725341797,82.87999725341797,82.79750061035156,82.8499984741211,7316,0.0,0.0,0.0
2024-07-03 12:45:00-04:00,82.84500122070312,82.88990020751953,82.83000183105469,82.84500122070312,1129,0.0,0.0,0.0
2024-07-05 09:30:00-04:00,83.2300033569336,83.55000305175781,83.19999694824219,83.2300033569336,15634,0.0,0.0,0.0
2024-07-05 09:35:00-04:00,83.56999969482422,83.62000274658203,83.5,83.5,1624,0.0,0.0,0.0
2024-07-05 09:40:00-04:00,83.48999786376953,83.48999786376953,83.44329833984375,83.44329833984375,997,0.0,0.0,0.0
2024-07-05 09:45:00-04:00,83.4000015258789,83.41500091552734,83.33999633789062,83.37999725341797,2121,0.0,0.0,0.0
2024-07-05 09:50:00-04:00,83.33000183105469,83.33000183105469,83.1500015258789,83.30000305175781,12397,0.0,0.0,0.0
2024-07-05 09:55:00-04:00,83.13999938964844,83.33499908447266,83.13999938964844,83.33499908447266,721,0.0,0.0,0.0
2024-07-05 10:00:00-04:00,83.33000183105469,83.33999633789062,83.23999786376953,83.25,4050,0.0,0.0,0.0
2024-07-05 10:05:00-04:00,83.32830047607422,83.32830047607422,83.16000366210938,83.16000366210938,4202,0.0,0.0,0.0
2024-07-05 10:10:00-04:00,83.19000244140625,83.2249984741211,83.19000244140625,83.2249984741211,2878,0.0,0.0,0.0
2024-07-05 10:15:00-04:00,83.30999755859375,83.31999969482422,83.30999755859375,83.31999969482422,695,0.0,0.0,0.0
2024-07-05 10:20:00-04:00,83.19100189208984,83.22000122070312,83.19100189208984,83.22000122070312,1236,0.0,0.0,0.0
2024-07-05 10:30:00-04:00,83.19999694824219,83.22000122070312,83.19999694824219,83.21499633789062,780,0.0,0.0,0.0
2024-07-05 10:35:00-04:00,83.2300033569336,83.25959777832031,83.16000366210938,83.19000244140625,6817,0.0,0.0,0.0
2024-07-05 10:40:00-04:00,83.25,83.28500366210938,83.19999694824219,83.23999786376953,8757,0.0,0.0,0.0
2024-07-05 10:45:00-04:00,83.20999908447266,83.29000091552734,83.18000030517578,83.27999877929688,6729,0.0,0.0,0.0
2024-07-05 10:50:00-04:00,83.26899719238281,83.26899719238281,83.26599884033203,83.26599884033203,612,0.0,0.0,0.0
2024-07-05 10:55:00-04:00,83.31099700927734,83.31099700927734,83.25,83.25,2543,0.0,0.0,0.0
2024-07-05 11:00:00-04:00,83.25,83.29989624023438,83.2300033569336,83.29989624023438,2152,0.0,0.0,0.0
2024-07-05 11:05:00-04:00,83.29989624023438,83.29989624023438,83.24500274658203,83.25499725341797,2035,0.0,0.0,0.0
2024-07-05 11:10:00-04:00,83.26000213623047,83.31939697265625,83.26000213623047,83.31939697265625,673,0.0,0.0,0.0
2024-07-05 11:15:00-04:00,83.28500366210938,83.28500366210938,83.27999877929688,83.27999877929688,559,0.0,0.0,0.0
2024-07-05 11:20:00-04:00,83.29499816894531,83.29499816894531,83.29499816894531,83.29499816894531,1086,0.0,0.0,0.0
2024-07-05 11:25:00-04:00,83.27999877929688,83.32990264892578,83.26000213623047,83.2699966430664,2038,0.0,0.0,0.0
2024-07-05 11:30:00-04:00,83.27100372314453,83.30000305175781,83.23999786376953,83.25,2715,0.0,0.0,0.0
2024-07-05 11:35:00-04:00,83.2750015258789,83.30000305175781,83.26000213623047,83.30000305175781,1625,0.0,0.0,0.0
2024-07-05 11:40:00-04:00,83.29000091552734,83.29000091552734,83.29000091552734,83.29000091552734,396,0.0,0.0,0.0
2024-07-05 11:45:00-04:00,83.32990264892578,83.32990264892578,83.3281021118164,83.3281021118164,643,0.0,0.0,0.0
2024-07-05 11:50:00-04:00,83.28600311279297,83.29000091552734,83.28600311279297,83.29000091552734,855,0.0,0.0,0.0
2024-07-05 11:55:00-04:00,83.26709747314453,83.31710052490234,83.26709747314453,83.31710052490234,535,0.0,0.0,0.0
2024-07-05 12:00:00-04:00,83.25,83.31590270996094,83.25,83.26000213623047,563,0.0,0.0,0.0
2024-07-05 12:05:00-04:00,83.26000213623047,83.26699829101562,83.26000213623047,83.26100158691406,0,0.0,0.0,0.0
2024-07-05 12:10:00-04:00,83.25,83.25,83.2300033569336,83.23500061035156,91995,0.0,0.0,0.0
2024-07-05 12:15:00-04:00,83.2699966430664,83.2699966430664,83.26000213623047,83.26000213623047,826,0.0,0.0,0.0
2024-07-05 12:20:00-04:00,83.26000213623047,83.29499816894531,83.23999786376953,83.29499816894531,2897,0.0,0.0,0.0
2024-07-05 12:25:00-04:00,83.26000213623047,83.2667007446289,83.26000213623047,83.2667007446289,495,0.0,0.0,0.0
2024-07-05 12:30:00-04:00,83.29499816894531,83.29499816894531,83.16000366210938,83.16999816894531,7647,0.0,0.0,0.0
2024-07-05 12:35:00-04:00,83.26000213623047,83.32990264892578,83.23999786376953,83.32990264892578,2760,0.0,0.0,0.0
2024-07-05 12:40:00-04:00,83.25,83.25,83.25,83.25,221,0.0,0.0,0.0
2024-07-05 12:45:00-04:00,83.23999786376953,83.23999786376953,83.23999786376953,83.23999786376953,575,0.0,0.0,0.0
2024-07-05 12:55:00-04:00,83.2699966430664,83.27999877929688,83.2699966430664,83.27999877929688,666,0.0,0.0,0.0
2024-07-05 13:00:00-04:00,83.2699966430664,83.28500366210938,83.2699966430664,83.28500366210938,420,0.0,0.0,0.0
2024-07-05 13:05:00-04:00,83.28500366210938,83.28500366210938,83.19999694824219,83.19999694824219,1762,0.0,0.0,0.0
2024-07-05 13:10:00-04:00,83.27999877929688,83.27999877929688,83.27999877929688,83.27999877929688,680,0.0,0.0,0.0
2024-07-05 13:15:00-04:00,83.23999786376953,83.23999786376953,83.23999786376953,83.23999786376953,173,0.0,0.0,0.0
2024-07-05 13:20:00-04:00,83.23999786376953,83.2750015258789,83.2300033569336,83.2750015258789,3017,0.0,0.0,0.0
2024-07-05 13:25:00-04:00,83.2699966430664,83.2699966430664,83.2699966430664,83.2699966430664,529,0.0,0.0,0.0
2024-07-05 13:30:00-04:00,83.26010131835938,83.26010131835938,83.26010131835938,83.26010131835938,431,0.0,0.0,0.0
2024-07-05 13:35:00-04:00,83.30000305175781,83.30000305175781,83.30000305175781,83.30000305175781,259,0.0,0.0,0.0
2024-07-05 13:40:00-04:00,83.30000305175781,83.30000305175781,83.26000213623047,83.26000213623047,1255,0.0,0.0,0.0
2024-07-05 13:45:00-04:00,83.27770233154297,83.33989715576172,83.26000213623047,83.33989715576172,806,0.0,0.0,0.0
2024-07-05 13:50:00-04:00,83.33999633789062,83.33999633789062,83.30000305175781,83.30000305175781,1693,0.0,0.0,0.0
2024-07-05 13:55:00-04:00,83.30000305175781,83.30000305175781,83.29000091552734,83.29000091552734,904,0.0,0.0,0.0
2024-07-05 14:00:00-04:00,83.28500366210938,83.28500366210938,83.28500366210938,83.28500366210938,548,0.0,0.0,0.0
2024-07-05 14:05:00-04:00,83.30000305175781,83.30000305175781,83.30000305175781,83.30000305175781,167,0.0,0.0,0.0
2024-07-05 14:10:00-04:00,83.30000305175781,83.30000305175781,83.26000213623047,83.26000213623047,1089,0.0,0.0,0.0
2024-07-05 14:20:00-04:00,83.26000213623047,83.26000213623047,83.26000213623047,83.26000213623047,446,0.0,0.0,0.0
2024-07-05 14:30:00-04:00,83.26100158691406,83.26100158691406,83.26100158691406,83.26100158691406,401,0.0,0.0,0.0
2024-07-05 14:35:00-04:00,83.26000213623047,83.26000213623047,83.26000213623047,83.26000213623047,324,0.0,0.0,0.0
2024-07-05 14:40:00-04:00,83.30000305175781,83.30000305175781,83.30000305175781,83.30000305175781,1160,0.0,0.0,0.0
2024-07-05 14:50:00-04:00,83.2699966430664,83.2699966430664,83.2699966430664,83.2699966430664,228,0.0,0.0,0.0
2024-07-05 14:55:00-04:00,83.30000305175781,83.33989715576172,83.2699966430664,83.33989715576172,1435,0.0,0.0,0.0
2024-07-05 15:05:00-04:00,83.2699966430664,83.30000305175781,83.2699966430664,83.2699966430664,780,0.0,0.0,0.0
2024-07-05 15:15:00-04:00,83.31999969482422,83.33989715576172,83.28500366210938,83.33989715576172,1784,0.0,0.0,0.0
2024-07-05 15:20:00-04:00,83.27999877929688,83.30500030517578,83.27999877929688,83.30500030517578,1171,0.0,0.0,0.0
2024-07-05 15:25:00-04:00,83.29000091552734,83.30500030517578,83.27999877929688,83.27999877929688,1687,0.0,0.0,0.0
2024-07-05 15:30:00-04:00,83.33000183105469,83.33000183105469,83.27999877929688,83.27999877929688,534,0.0,0.0,0.0
2024-07-05 15:35:00-04:00,83.29000091552734,83.29000091552734,83.27999877929688,83.27999877929688,437,0.0,0.0,0.0
2024-07-05 15:40:00-04:00,83.29000091552734,83.33999633789062,83.27999877929688,83.33999633789062,2947,0.0,0.0,0.0
2024-07-05 15:45:00-04:00,83.3499984741211,83.38999938964844,83.33000183105469,83.37999725341797,3892,0.0,0.0,0.0
2024-07-05 15:50:00-04:00,83.37000274658203,83.37000274658203,83.33999633789062,83.33999633789062,1194,0.0,0.0,0.0
2024-07-05 15:55:00-04:00,83.33999633789062,83.44999694824219,83.2699966430664,83.43000030517578,9316,0.0,0.0,0.0
2024-07-08 09:30:00-04:00,83.37999725341797,83.44999694824219,83.2300033569336,83.44999694824219,9375,0.0,0.0,0.0
2024-07-08 09:35:00-04:00,83.44000244140625,83.4800033569336,83.25260162353516,83.41999816894531,8521,0.0,0.0,0.0
2024-07-08 09:40:00-04:00,83.44000244140625,83.4800033569336,83.4000015258789,83.42500305175781,7225,0.0,0.0,0.0
2024-07-08 09:45:00-04:00,83.44999694824219,83.44999694824219,83.41000366210938,83.41000366210938,7019,0.0,0.0,0.0
2024-07-08 09:50:00-04:00,83.41449737548828,83.43000030517578,83.32499694824219,83.33499908447266,10335,0.0,0.0,0.0
2024-07-08 09:55:00-04:00,83.33499908447266,83.43830108642578,83.33499908447266,83.3499984741211,6688,0.0,0.0,0.0
2024-07-08 10:00:00-04:00,83.3949966430664,83.4000015258789,83.37999725341797,83.4000015258789,3685,0.0,0.0,0.0
2024-07-08 10:05:00-04:00,83.37999725341797,83.41000366210938,83.36000061035156,83.37000274658203,3781,0.0,0.0,0.0
2024-07-08 10:10:00-04:00,83.36000061035156,83.37000274658203,83.3550033569336,83.37000274658203,3600,0.0,0.0,0.0
2024-07-08 10:15:00-04:00,83.36000061035156,83.37000274658203,83.3499984741211,83.3499984741211,3358,0.0,0.0,0.0
2024-07-08 10:20:00-04:00,83.3499984741211,83.3499984741211,83.2699966430664,83.30000305175781,11078,0.0,0.0,0.0
2024-07-08 10:25:00-04:00,83.30999755859375,83.30999755859375,83.29000091552734,83.29000091552734,2131,0.0,0.0,0.0
2024-07-08 10:30:00-04:00,83.30000305175781,83.30000305175781,83.2699966430664,83.27999877929688,4264,0.0,0.0,0.0
2024-07-08 10:35:00-04:00,83.2699966430664,83.2699966430664,83.19999694824219,83.19999694824219,4725,0.0,0.0,0.0
2024-07-08 10:40:00-04:00,83.24500274658203,83.28919982910156,83.24500274658203,83.26010131835938,2580,0.0,0.0,0.0
2024-07-08 10:45:00-04:00,83.2699966430664,83.27999877929688,83.2699966430664,83.2699966430664,2197,0.0,0.0,0.0
2024-07-08 10:50:00-04:00,83.27999877929688,83.28990173339844,83.26000213623047,83.2750015258789,3299,0.0,0.0,0.0
2024-07-08 10:55:00-04:00,83.2750015258789,83.2750015258789,83.25810241699219,83.26000213623047,3374,0.0,0.0,0.0
2024-07-08 11:00:00-04:00,83.2750015258789,83.27999877929688,83.2750015258789,83.27999877929688,2788,0.0,0.0,0.0
2024-07-08 11:05:00-04:00,83.2699966430664,83.27999877929688,83.2699966430664,83.27999877929688,3431,0.0,0.0,0.0
2024-07-08 11:10:00-04:00,83.27999877929688,83.27999877929688,83.25,83.25,3521,0.0,0.0,0.0
2024-07-08 11:15:00-04:00,83.26000213623047,83.26000213623047,83.25,83.26000213623047,1411,0.0,0.0,0.0
2024-07-08 11:20:00-04:00,83.2509994506836,83.2509994506836,83.2300033569336,83.2300033569336,4776,0.0,0.0,0.0
2024-07-08 11:25:00-04:00,83.2300033569336,83.25,83.2300033569336,83.24500274658203,2607,0.0,0.0,0.0
2024-07-08 11:30:00-04:00,83.24500274658203,83.26000213623047,83.24500274658203,83.25,15189,0.0,0.0,0.0
2024-07-08 11:35:00-04:00,83.25,83.26000213623047,83.2301025390625,83.25,2317,0.0,0.0,0.0
2024-07-08 11:40:00-04:00,83.23500061035156,83.26000213623047,83.2300033569336,83.2499008178711,5449,0.0,0.0,0.0
2024-07-08 11:45:00-04:00,83.23999786376953,83.26000213623047,83.2300033569336,83.26000213623047,2760,0.0,0.0,0.0
2024-07-08 11:50:00-04:00,83.24500274658203,83.26000213623047,83.23999786376953,83.25,4513,0.0,0.0,0.0
2024-07-08 11:55:00-04:00,83.26000213623047,83.26000213623047,83.26000213623047,83.26000213623047,409,0.0,0.0,0.0
2024-07-08 12:00:00-04:00,83.26000213623047,83.26499938964844,83.25,83.25,3321,0.0,0.0,0.0
2024-07-08 12:05:00-04:00,83.25,83.2699966430664,83.25,83.2699966430664,1122,0.0,0.0,0.0
2024-07-08 12:10:00-04:00,83.2699966430664,83.2699966430664,83.23999786376953,83.25,2188,0.0,0.0,0.0
2024-07-08 12:15:00-04:00,83.25,83.26959991455078,83.19999694824219,83.23500061035156,3119,0.0,0.0,0.0
2024-07-08 12:20:00-04:00,83.2300033569336,83.2300033569336,83.13999938964844,83.20999908447266,2546,0.0,0.0,0.0
2024-07-08 12:25:00-04:00,83.20999908447266,83.26080322265625,83.19000244140625,83.19999694824219,2079,0.0,0.0,0.0
2024-07-08 12:30:00-04:00,83.2249984741211,83.26000213623047,83.22000122070312,83.2300033569336,1924,0.0,0.0,0.0
2024-07-08 12:35:00-04:00,83.23500061035156,83.23500061035156,83.20980072021484,83.20980072021484,1961,0.0,0.0,0.0
2024-07-08 12:40:00-04:00,83.2300033569336,83.23500061035156,83.19999694824219,83.20500183105469,2352,0.0,0.0,0.0
2024-07-08 12:45:00-04:00,83.22000122070312,83.2300033569336,83.21499633789062,83.22000122070312,5483,0.0,0.0,0.0
2024-07-08 12:50:00-04:00,83.22000122070312,83.24500274658203,83.22000122070312,83.24500274658203,3443,0.0,0.0,0.0
2024-07-08 12:55:00-04:00,83.24500274658203,83.26940155029297,83.23999786376953,83.25,4039,0.0,0.0,0.0
2024-07-08 13:00:00-04:00,83.2300033569336,83.24500274658203,83.22000122070312,83.22000122070312,3580,0.0,0.0,0.0
2024-07-08 13:05:00-04:00,83.2300033569336,83.2300033569336,83.19999694824219,83.22000122070312,2365,0.0,0.0,0.0
2024-07-08 13:10:00-04:00,83.24500274658203,83.24500274658203,83.22000122070312,83.23249816894531,2878,0.0,0.0,0.0
2024-07-08 13:15:00-04:00,83.22000122070312,83.2300033569336,83.19999694824219,83.19999694824219,1289,0.0,0.0,0.0
2024-07-08 13:20:00-04:00,83.2300033569336,83.23500061035156,83.19999694824219,83.22000122070312,1619,0.0,0.0,0.0
2024-07-08 13:25:00-04:00,83.2300033569336,83.25759887695312,83.2300033569336,83.24500274658203,2301,0.0,0.0,0.0
2024-07-08 13:30:00-04:00,83.24500274658203,83.26840209960938,83.20999908447266,83.22000122070312,8683,0.0,0.0,0.0
2024-07-08 13:35:00-04:00,83.21499633789062,83.2300033569336,83.21499633789062,83.2300033569336,3730,0.0,0.0,0.0
2024-07-08 13:40:00-04:00,83.22000122070312,83.24500274658203,83.22000122070312,83.22010040283203,2328,0.0,0.0,0.0
2024-07-08 13:45:00-04:00,83.22000122070312,83.2698974609375,83.22000122070312,83.2300033569336,2060,0.0,0.0,0.0
2024-07-08 13:50:00-04:00,83.23259735107422,83.24500274658203,83.23259735107422,83.24500274658203,3974,0.0,0.0,0.0
2024-07-08 13:55:00-04:00,83.23999786376953,83.24500274658203,83.2300033569336,83.23999786376953,1387,0.0,0.0,0.0
2024-07-08 14:00:00-04:00,83.25,83.26640319824219,83.25,83.25,1937,0.0,0.0,0.0
2024-07-08 14:05:00-04:00,83.25,83.25,83.23999786376953,83.25,1976,0.0,0.0,0.0
2024-07-08 14:10:00-04:00,83.25,83.25,83.25,83.25,1683,0.0,0.0,0.0
2024-07-08 14:15:00-04:00,83.23999786376953,83.25,83.23999786376953,83.25,2603,0.0,0.0,0.0
2024-07-08 14:20:00-04:00,83.26000213623047,83.2699966430664,83.25,83.26000213623047,11457,0.0,0.0,0.0
2024-07-08 14:25:00-04:00,83.26000213623047,83.31500244140625,83.26000213623047,83.31500244140625,5677,0.0,0.0,0.0
2024-07-08 14:30:00-04:00,83.31500244140625,83.31500244140625,83.27999877929688,83.28009796142578,1718,0.0,0.0,0.0
2024-07-08 14:35:00-04:00,83.29000091552734,83.29499816894531,83.2699966430664,83.27230072021484,4216,0.0,0.0,0.0
2024-07-08 14:40:00-04:00,83.27999877929688,83.27999877929688,83.20500183105469,83.22000122070312,5885,0.0,0.0,0.0
2024-07-08 14:45:00-04:00,83.2249984741211,83.2249984741211,83.20999908447266,83.2249984741211,588,0.0,0.0,0.0
2024-07-08 14:50:00-04:00,83.25,83.25,83.2249984741211,83.25,1477,0.0,0.0,0.0
2024-07-08 14:55:00-04:00,83.2300033569336,83.25,83.21070098876953,83.2249984741211,2430,0.0,0.0,0.0
2024-07-08 15:00:00-04:00,83.2249984741211,83.25,83.2249984741211,83.23999786376953,3900,0.0,0.0,0.0
2024-07-08 15:05:00-04:00,83.23500061035156,83.25,83.23500061035156,83.25,1892,0.0,0.0,0.0
2024-07-08 15:10:00-04:00,83.23500061035156,83.25,83.2301025390625,83.23999786376953,3591,0.0,0.0,0.0
2024-07-08 15:15:00-04:00,83.23999786376953,83.24929809570312,83.23999786376953,83.23999786376953,2515,0.0,0.0,0.0
2024-07-08 15:20:00-04:00,83.23999786376953,83.25,83.2300033569336,83.23999786376953,3247,0.0,0.0,0.0
2024-07-08 15:25:00-04:00,83.2300033569336,83.23999786376953,83.2300033569336,83.2300033569336,3091,0.0,0.0,0.0
2024-07-08 15:30:00-04:00,83.2300033569336,83.25,83.19999694824219,83.19999694824219,1592,0.0,0.0,0.0
2024-07-08 15:35:00-04:00,83.19999694824219,83.19999694824219,83.19999694824219,83.19999694824219,255,0.0,0.0,0.0
2024-07-08 15:40:00-04:00,83.2249984741211,83.2249984741211,83.1957015991211,83.1957015991211,1399,0.0,0.0,0.0
2024-07-08 15:45:00-04:00,83.15499877929688,83.19499969482422,83.1500015258789,83.1500015258789,1167,0.0,0.0,0.0
2024-07-08 15:50:00-04:00,83.1500015258789,83.22370147705078,83.1500015258789,83.22370147705078,1251,0.0,0.0,0.0
2024-07-08 15:55:00-04:00,83.19499969482422,83.22000122070312,83.08999633789062,83.08999633789062,3038,0.0,0.0,0.0
2024-07-09 09:30:00-04:00,83.38999938964844,83.38999938964844,83.23999786376953,83.23999786376953,5056,0.0,0.0,0.0
2024-07-09 09:35:00-04:00,83.42479705810547,83.42479705810547,83.3499984741211,83.38500213623047,3563,0.0,0.0,0.0
2024-07-09 09:40:00-04:00,83.37100219726562,83.41500091552734,83.36000061035156,83.36000061035156,7214,0.0,0.0,0.0
2024-07-09 09:45:00-04:00,83.36000061035156,83.37999725341797,83.3499984741211,83.37999725341797,4670,0.0,0.0,0.0
2024-07-09 09:50:00-04:00,83.36000061035156,83.38500213623047,83.31999969482422,83.3499984741211,11740,0.0,0.0,0.0
2024-07-09 09:55:00-04:00,83.3499984741211,83.41999816894531,83.28500366210938,83.41000366210938,12680,0.0,0.0,0.0
2024-07-09 10:00:00-04:00,83.41000366210938,83.44000244140625,83.3949966430664,83.41000366210938,10827,0.0,0.0,0.0
2024-07-09 10:05:00-04:00,83.38999938964844,83.41000366210938,83.37999725341797,83.38999938964844,3405,0.0,0.0,0.0
2024-07-09 10:10:00-04:00,83.4000015258789,83.41500091552734,83.375,83.375,9528,0.0,0.0,0.0
2024-07-09 10:15:00-04:00,83.38999938964844,83.44999694824219,83.30999755859375,83.44999694824219,4691,0.0,0.0,0.0
2024-07-09 10:20:00-04:00,83.43000030517578,83.44000244140625,83.38469696044922,83.38999938964844,4268,0.0,0.0,0.0
2024-07-09 10:25:00-04:00,83.38999938964844,83.41999816894531,83.38999938964844,83.41999816894531,3100,0.0,0.0,0.0
2024-07-09 10:30:00-04:00,83.41999816894531,83.41999816894531,83.4000015258789,83.41000366210938,2899,0.0,0.0,0.0
2024-07-09 10:35:00-04:00,83.41000366210938,83.45999908447266,83.41000366210938,83.44999694824219,3501,0.0,0.0,0.0
2024-07-09 10:40:00-04:00,83.45999908447266,83.47000122070312,83.42500305175781,83.42500305175781,2554,0.0,0.0,0.0
2024-07-09 10:45:00-04:00,83.44999694824219,83.47000122070312,83.40010070800781,83.44210052490234,3562,0.0,0.0,0.0
2024-07-09 10:50:00-04:00,83.45500183105469,83.45500183105469,83.41000366210938,83.44999694824219,4914,0.0,0.0,0.0
2024-07-09 10:55:00-04:00,83.44999694824219,83.44999694824219,83.40740203857422,83.44999694824219,4139,0.0,0.0,0.0
2024-07-09 11:00:00-04:00,83.43499755859375,83.44999694824219,83.41999816894531,83.43000030517578,2409,0.0,0.0,0.0
2024-07-09 11:05:00-04:00,83.43499755859375,83.45500183105469,83.41999816894531,83.43499755859375,2600,0.0,0.0,0.0
2024-07-09 11:10:00-04:00,83.43000030517578,83.44999694824219,83.43000030517578,83.44999694824219,2428,0.0,0.0,0.0
2024-07-09 11:15:00-04:00,83.43499755859375,83.45999908447266,83.41999816894531,83.41999816894531,3439,0.0,0.0,0.0
2024-07-09 11:20:00-04:00,83.43000030517578,83.43000030517578,83.41999816894531,83.42500305175781,1646,0.0,0.0,0.0
2024-07-09 11:25:00-04:00,83.41999816894531,83.43000030517578,83.36000061035156,83.36000061035156,5162,0.0,0.0,0.0
2024-07-09 11:30:00-04:00,83.36000061035156,83.40180206298828,83.36000061035156,83.38999938964844,7099,0.0,0.0,0.0
2024-07-09 11:35:00-04:00,83.38999938964844,83.4000015258789,83.33260345458984,83.38500213623047,14461,0.0,0.0,0.0
2024-07-09 11:40:00-04:00,83.4000015258789,83.41999816894531,83.37999725341797,83.41000366210938,4730,0.0,0.0,0.0
2024-07-09 11:45:00-04:00,83.4000015258789,83.41000366210938,83.38999938964844,83.41000366210938,6289,0.0,0.0,0.0
2024-07-09 11:50:00-04:00,83.41000366210938,83.41500091552734,83.4000015258789,83.41500091552734,3831,0.0,0.0,0.0
2024-07-09 11:55:00-04:00,83.41500091552734,83.45999908447266,83.4000015258789,83.44999694824219,4472,0.0,0.0,0.0
2024-07-09 12:00:00-04:00,83.44000244140625,83.44999694824219,83.41999816894531,83.42970275878906,5866,0.0,0.0,0.0
2024-07-09 12:05:00-04:00,83.44000244140625,83.44999694824219,83.44000244140625,83.44999694824219,467,0.0,0.0,0.0
2024-07-09 12:10:00-04:00,83.44999694824219,83.48999786376953,83.44999694824219,83.4800033569336,11590,0.0,0.0,0.0
2024-07-09 12:15:00-04:00,83.4749984741211,83.4800033569336,83.47000122070312,83.47000122070312,2338,0.0,0.0,0.0
2024-07-09 12:20:00-04:00,83.45010375976562,83.47000122070312,83.43000030517578,83.44000244140625,8253,0.0,0.0,0.0
2024-07-09 12:25:00-04:00,83.44000244140625,83.46499633789062,83.439697265625,83.439697265625,3314,0.0,0.0,0.0
2024-07-09 12:30:00-04:00,83.44999694824219,83.47969818115234,83.44999694824219,83.47969818115234,3342,0.0,0.0,0.0
2024-07-09 12:35:00-04:00,83.46499633789062,83.47000122070312,83.45999908447266,83.47000122070312,1502,0.0,0.0,0.0
2024-07-09 12:40:00-04:00,83.45999908447266,83.47000122070312,83.44999694824219,83.45999908447266,5452,0.0,0.0,0.0
2024-07-09 12:45:00-04:00,83.46499633789062,83.46499633789062,83.44999694824219,83.44999694824219,1876,0.0,0.0,0.0
2024-07-09 12:50:00-04:00,83.46499633789062,83.4749984741211,83.46499633789062,83.4749984741211,2003,0.0,0.0,0.0
2024-07-09 12:55:00-04:00,83.4749984741211,83.5,83.4749984741211,83.48999786376953,1634,0.0,0.0,0.0
2024-07-09 13:00:00-04:00,83.48999786376953,83.58999633789062,83.46499633789062,83.48999786376953,6622,0.0,0.0,0.0
2024-07-09 13:05:00-04:00,83.5,83.55000305175781,83.47000122070312,83.51000213623047,6031,0.0,0.0,0.0
2024-07-09 13:10:00-04:00,83.5,83.53500366210938,83.5,83.5199966430664,1902,0.0,0.0,0.0
2024-07-09 13:15:00-04:00,83.5199966430664,83.5199966430664,83.45500183105469,83.46990203857422,4465,0.0,0.0,0.0
2024-07-09 13:20:00-04:00,83.4800033569336,83.4800033569336,83.4800033569336,83.4800033569336,930,0.0,0.0,0.0
2024-07-09 13:25:00-04:00,83.4800033569336,83.53500366210938,83.47000122070312,83.51000213623047,6588,0.0,0.0,0.0
2024-07-09 13:30:00-04:00,83.51000213623047,83.51000213623047,83.48999786376953,83.51000213623047,2708,0.0,0.0,0.0
2024-07-09 13:35:00-04:00,83.5199966430664,83.5199966430664,83.49009704589844,83.5,2235,0.0,0.0,0.0
2024-07-09 13:40:00-04:00,83.51499938964844,83.51499938964844,83.4800033569336,83.48999786376953,1880,0.0,0.0,0.0
2024-07-09 13:45:00-04:00,83.50499725341797,83.51499938964844,83.4800033569336,83.4800033569336,4247,0.0,0.0,0.0
2024-07-09 13:50:00-04:00,83.4800033569336,83.54000091552734,83.44999694824219,83.5,9492,0.0,0.0,0.0
2024-07-09 13:55:00-04:00,83.5,83.5,83.45999908447266,83.45999908447266,7636,0.0,0.0,0.0
2024-07-09 14:00:00-04:00,83.4800033569336,83.4800033569336,83.44999694824219,83.47000122070312,2444,0.0,0.0,0.0
2024-07-09 14:05:00-04:00,83.4800033569336,83.4800033569336,83.45999908447266,83.47000122070312,2891,0.0,0.0,0.0
2024-07-09 14:10:00-04:00,83.47000122070312,83.4749984741211,83.45999908447266,83.45999908447266,7213,0.0,0.0,0.0
2024-07-09 14:15:00-04:00,83.44999694824219,83.47000122070312,83.44999694824219,83.47000122070312,1837,0.0,0.0,0.0
2024-07-09 14:20:00-04:00,83.47000122070312,83.47000122070312,83.44000244140625,83.44000244140625,3126,0.0,0.0,0.0
2024-07-09 14:25:00-04:00,83.46499633789062,83.46499633789062,83.41850280761719,83.41850280761719,9895,0.0,0.0,0.0
2024-07-09 14:30:00-04:00,83.43499755859375,83.43499755859375,83.41000366210938,83.41999816894531,2568,0.0,0.0,0.0
2024-07-09 14:35:00-04:00,83.42009735107422,83.45950317382812,83.41470336914062,83.41470336914062,2753,0.0,0.0,0.0
2024-07-09 14:40:00-04:00,83.43499755859375,83.43499755859375,83.41000366210938,83.41410064697266,1853,0.0,0.0,0.0
2024-07-09 14:45:00-04:00,83.43000030517578,83.43499755859375,83.38999938964844,83.38999938964844,5277,0.0,0.0,0.0
2024-07-09 14:50:00-04:00,83.38999938964844,83.44000244140625,83.37000274658203,83.43000030517578,5035,0.0,0.0,0.0
2024-07-09 14:55:00-04:00,83.43499755859375,83.43499755859375,83.41999816894531,83.43000030517578,3011,0.0,0.0,0.0
2024-07-09 15:00:00-04:00,83.43000030517578,83.50499725341797,83.43000030517578,83.44000244140625,1931,0.0,0.0,0.0
2024-07-09 15:05:00-04:00,83.44000244140625,83.45999908447266,83.41999816894531,83.45999908447266,3811,0.0,0.0,0.0
2024-07-09 15:10:00-04:00,83.45999908447266,83.48999786376953,83.44999694824219,83.44999694824219,3044,0.0,0.0,0.0
2024-07-09 15:15:00-04:00,83.44999694824219,83.48999786376953,83.44999694824219,83.44999694824219,2274,0.0,0.0,0.0
2024-07-09 15:20:00-04:00,83.48999786376953,83.48999786376953,83.44999694824219,83.45999908447266,2804,0.0,0.0,0.0
2024-07-09 15:25:00-04:00,83.4800033569336,83.48999786376953,83.44000244140625,83.4800033569336,4706,0.0,0.0,0.0
2024-07-09 15:30:00-04:00,83.45999908447266,83.45999908447266,83.45999908447266,83.45999908447266,0,0.0,0.0,0.0
2024-07-09 15:35:00-04:00,83.5,83.5199966430664,83.47000122070312,83.47000122070312,332684,0.0,0.0,0.0
2024-07-09 15:40:00-04:00,83.48999786376953,83.52999877929688,83.45500183105469,83.5,16128,0.0,0.0,0.0
2024-07-09 15:45:00-04:00,83.51000213623047,83.54499816894531,83.4800033569336,83.54499816894531,1631,0.0,0.0,0.0
2024-07-09 15:50:00-04:00,83.5,83.5199966430664,83.44999694824219,83.44999694824219,2889,0.0,0.0,0.0
2024-07-09 15:55:00-04:00,83.45610046386719,83.56999969482422,83.33000183105469,83.5199966430664,6280,0.0,0.0,0.0
2024-07-10 09:30:00-04:00,83.16000366210938,83.16000366210938,82.8667984008789,82.9114990234375,7952,0.0,0.0,0.0
2024-07-10 09:35:00-04:00,82.97000122070312,83.02999877929688,82.79010009765625,82.88500213623047,3663,0.0,0.0,0.0
2024-07-10 09:40:00-04:00,82.88999938964844,82.94499969482422,82.8499984741211,82.87000274658203,34720,0.0,0.0,0.0
2024-07-10 09:45:00-04:00,82.8499984741211,82.87000274658203,82.80000305175781,82.86000061035156,8811,0.0,0.0,0.0
2024-07-10 09:50:00-04:00,82.86000061035156,82.87000274658203,82.83999633789062,82.86000061035156,8976,0.0,0.0,0.0
2024-07-10 09:55:00-04:00,82.86499786376953,82.91000366210938,82.8499984741211,82.91000366210938,14912,0.0,0.0,0.0
2024-07-10 10:00:00-04:00,82.9000015258789,82.94999694824219,82.87000274658203,82.93000030517578,9945,0.0,0.0,0.0
2024-07-10 10:05:00-04:00,82.93000030517578,82.98999786376953,82.91000366210938,82.98999786376953,8768,0.0,0.0,0.0
2024-07-10 10:10:00-04:00,83.0,83.02999877929688,82.99569702148438,83.0199966430664,3874,0.0,0.0,0.0
2024-07-10 10:15:00-04:00,83.0199966430664,83.0199966430664,82.9800033569336,83.01000213623047,9722,0.0,0.0,0.0
2024-07-10 10:20:00-04:00,83.01000213623047,83.0199966430664,82.9800033569336,83.0199966430664,3525,0.0,0.0,0.0
2024-07-10 10:25:00-04:00,83.0,83.0250015258789,82.9801025390625,83.0250015258789,7084,0.0,0.0,0.0
2024-07-10 10:30:00-04:00,82.9905014038086,83.11000061035156,82.9905014038086,83.05000305175781,3818,0.0,0.0,0.0
2024-07-10 10:35:00-04:00,83.05000305175781,83.11000061035156,83.05000305175781,83.05000305175781,4651,0.0,0.0,0.0
2024-07-10 10:40:00-04:00,83.06999969482422,83.08999633789062,83.05000305175781,83.05000305175781,13293,0.0,0.0,0.0
2024-07-10 10:45:00-04:00,83.05000305175781,83.08999633789062,83.02999877929688,83.04000091552734,18482,0.0,0.0,0.0
2024-07-10 10:50:00-04:00,83.02999877929688,83.05000305175781,83.0,83.0,6673,0.0,0.0,0.0
2024-07-10 10:55:00-04:00,82.98999786376953,83.01000213623047,82.9800033569336,82.98500061035156,7124,0.0,0.0,0.0
2024-07-10 11:00:00-04:00,82.98999786376953,82.98999786376953,82.94999694824219,82.95999908447266,3795,0.0,0.0,0.0
2024-07-10 11:05:00-04:00,82.95999908447266,83.05500030517578,82.95999908447266,83.04499816894531,7110,0.0,0.0,0.0
2024-07-10 11:10:00-04:00,83.04000091552734,83.05000305175781,83.04000091552734,83.04000091552734,3530,0.0,0.0,0.0
2024-07-10 11:15:00-04:00,83.04000091552734,83.05500030517578,83.02999877929688,83.05500030517578,3793,0.0,0.0,0.0
2024-07-10 11:20:00-04:00,83.04000091552734,83.05000305175781,83.02999877929688,83.03500366210938,2094,0.0,0.0,0.0
2024-07-10 11:25:00-04:00,83.04000091552734,83.08000183105469,83.03500366210938,83.05999755859375,8775,0.0,0.0,0.0
2024-07-10 11:30:00-04:00,83.05999755859375,83.08000183105469,83.04969787597656,83.08000183105469,4664,0.0,0.0,0.0
2024-07-10 11:35:00-04:00,83.04750061035156,83.1050033569336,83.04750061035156,83.08999633789062,7456,0.0,0.0,0.0
2024-07-10 11:40:00-04:00,83.09500122070312,83.0999984741211,83.08000183105469,83.08000183105469,4735,0.0,0.0,0.0
2024-07-10 11:45:00-04:00,83.07499694824219,83.08999633789062,83.05000305175781,83.08999633789062,10174,0.0,0.0,0.0
2024-07-10 11:50:00-04:00,83.06749725341797,83.08999633789062,83.05999755859375,83.08000183105469,6149,0.0,0.0,0.0
2024-07-10 11:55:00-04:00,83.08000183105469,83.08999633789062,83.05010223388672,83.05999755859375,4628,0.0,0.0,0.0
2024-07-10 12:00:00-04:00,83.08999633789062,83.08999633789062,83.08999633789062,83.08999633789062,1366,0.0,0.0,0.0
2024-07-10 12:05:00-04:00,83.08999633789062,83.0999984741211,83.05000305175781,83.05000305175781,5789,0.0,0.0,0.0
2024-07-10 12:10:00-04:00,83.05000305175781,83.08000183105469,83.05000305175781,83.08000183105469,4338,0.0,0.0,0.0
2024-07-10 12:15:00-04:00,83.07499694824219,83.08000183105469,83.06809997558594,83.06809997558594,3917,0.0,0.0,0.0
2024-07-10 12:20:00-04:00,83.06999969482422,83.08000183105469,83.05999755859375,83.08000183105469,2231,0.0,0.0,0.0
2024-07-10 12:25:00-04:00,83.0999984741211,83.11000061035156,83.06999969482422,83.06999969482422,7390,0.0,0.0,0.0
2024-07-10 12:30:00-04:00,83.08000183105469,83.0999984741211,83.06999969482422,83.08000183105469,4596,0.0,0.0,0.0
2024-07-10 12:35:00-04:00,83.08000183105469,83.08999633789062,83.05999755859375,83.05999755859375,2905,0.0,0.0,0.0
2024-07-10 12:40:00-04:00,83.06999969482422,83.06999969482422,83.05000305175781,83.05999755859375,2462,0.0,0.0,0.0
2024-07-10 12:45:00-04:00,83.06999969482422,83.06999969482422,83.05999755859375,83.06500244140625,1425,0.0,0.0,0.0
2024-07-10 12:50:00-04:00,83.06999969482422,83.08000183105469,83.0636978149414,83.06999969482422,2920,0.0,0.0,0.0
2024-07-10 12:55:00-04:00,83.06999969482422,83.08000183105469,83.06999969482422,83.08000183105469,2323,0.0,0.0,0.0
2024-07-10 13:00:00-04:00,83.0999984741211,83.0999984741211,83.08000183105469,83.0999984741211,1979,0.0,0.0,0.0
2024-07-10 13:05:00-04:00,83.0989990234375,83.12000274658203,83.05999755859375,83.09500122070312,3193,0.0,0.0,0.0
2024-07-10 13:10:00-04:00,83.08999633789062,83.12000274658203,83.08999633789062,83.08999633789062,4381,0.0,0.0,0.0
2024-07-10 13:15:00-04:00,83.08999633789062,83.08999633789062,83.05999755859375,83.06999969482422,3803,0.0,0.0,0.0
2024-07-10 13:20:00-04:00,83.05999755859375,83.08000183105469,83.05999755859375,83.07499694824219,2237,0.0,0.0,0.0
2024-07-10 13:25:00-04:00,83.07499694824219,83.08999633789062,83.07499694824219,83.08999633789062,1878,0.0,0.0,0.0
2024-07-10 13:30:00-04:00,83.07499694824219,83.08000183105469,83.06009674072266,83.06999969482422,3340,0.0,0.0,0.0
2024-07-10 13:35:00-04:00,83.08000183105469,83.08000183105469,83.06999969482422,83.06999969482422,2246,0.0,0.0,0.0
2024-07-10 13:40:00-04:00,83.08000183105469,83.08000183105469,83.06009674072266,83.06999969482422,1735,0.0,0.0,0.0
2024-07-10 13:45:00-04:00,83.08000183105469,83.08000183105469,83.06999969482422,83.07270050048828,4999,0.0,0.0,0.0
2024-07-10 13:50:00-04:00,83.06999969482422,83.08000183105469,83.06999969482422,83.06999969482422,2329,0.0,0.0,0.0
2024-07-10 13:55:00-04:00,83.06999969482422,83.06999969482422,83.05999755859375,83.06800079345703,2413,0.0,0.0,0.0
2024-07-10 14:00:00-04:00,83.06500244140625,83.08000183105469,83.05000305175781,83.06999969482422,4302,0.0,0.0,0.0
2024-07-10 14:05:00-04:00,83.05999755859375,83.05999755859375,83.04000091552734,83.05000305175781,2813,0.0,0.0,0.0
2024-07-10 14:10:00-04:00,83.04000091552734,83.05999755859375,83.04000091552734,83.04000091552734,2274,0.0,0.0,0.0
2024-07-10 14:15:00-04:00,83.04000091552734,83.05999755859375,83.04000091552734,83.05999755859375,2693,0.0,0.0,0.0
2024-07-10 14:20:00-04:00,83.04000091552734,83.05999755859375,83.03500366210938,83.05999755859375,2461,0.0,0.0,0.0
2024-07-10 14:25:00-04:00,83.08000183105469,83.08000183105469,83.05500030517578,83.06999969482422,2190,0.0,0.0,0.0
2024-07-10 14:30:00-04:00,83.05999755859375,83.06999969482422,83.05490112304688,83.05500030517578,4188,0.0,0.0,0.0
2024-07-10 14:35:00-04:00,83.05500030517578,83.08000183105469,83.05000305175781,83.05999755859375,3292,0.0,0.0,0.0
2024-07-10 14:40:00-04:00,83.06500244140625,83.08000183105469,83.05999755859375,83.07250213623047,2774,0.0,0.0,0.0
2024-07-10 14:45:00-04:00,83.08000183105469,83.12000274658203,83.06500244140625,83.08999633789062,13399,0.0,0.0,0.0
2024-07-10 14:50:00-04:00,83.08999633789062,83.0999984741211,83.07499694824219,83.07499694824219,9895,0.0,0.0,0.0
2024-07-10 14:55:00-04:00,83.07499694824219,83.08999633789062,83.07499694824219,83.08809661865234,3262,0.0,0.0,0.0
2024-07-10 15:00:00-04:00,83.08999633789062,83.08999633789062,83.08000183105469,83.08000183105469,3225,0.0,0.0,0.0
2024-07-10 15:05:00-04:00,83.08000183105469,83.08999633789062,83.07099914550781,83.08999633789062,4899,0.0,0.0,0.0
2024-07-10 15:10:00-04:00,83.08000183105469,83.08999633789062,83.06999969482422,83.08000183105469,3293,0.0,0.0,0.0
2024-07-10 15:15:00-04:00,83.06999969482422,83.08999633789062,83.05000305175781,83.06999969482422,20530,0.0,0.0,0.0
2024-07-10 15:20:00-04:00,83.0739974975586,83.0739974975586,83.06999969482422,83.06999969482422,4540,0.0,0.0,0.0
2024-07-10 15:25:00-04:00,83.06089782714844,83.08999633789062,83.06089782714844,83.06999969482422,3029,0.0,0.0,0.0
2024-07-10 15:30:00-04:00,83.06999969482422,83.06999969482422,83.05000305175781,83.05970001220703,2133,0.0,0.0,0.0
2024-07-10 15:35:00-04:00,83.06999969482422,83.08999633789062,83.05000305175781,83.06999969482422,2731,0.0,0.0,0.0
2024-07-10 15:40:00-04:00,83.05010223388672,83.06999969482422,83.05000305175781,83.06500244140625,3433,0.0,0.0,0.0
2024-07-10 15:45:00-04:00,83.05000305175781,83.06999969482422,83.05000305175781,83.06999969482422,3511,0.0,0.0,0.0
2024-07-10 15:50:00-04:00,83.08000183105469,83.1500015258789,83.08000183105469,83.1500015258789,2989,0.0,0.0,0.0
2024-07-10 15:55:00-04:00,83.1500015258789,83.1500015258789,83.05000305175781,83.05000305175781,8853,0.0,0.0,0.0
2024-07-11 09:30:00-04:00,83.6500015258789,83.65499877929688,83.45999908447266,83.48500061035156,9034,0.0,0.0,0.0
2024-07-11 09:35:00-04:00,83.68939971923828,83.68939971923828,83.58000183105469,83.58000183105469,6123,0.0,0.0,0.0
2024-07-11 09:40:00-04:00,83.56999969482422,83.57499694824219,83.52999877929688,83.55999755859375,5319,0.0,0.0,0.0
2024-07-11 09:45:00-04:00,83.5999984741211,83.61000061035156,83.56999969482422,83.58000183105469,3955,0.0,0.0,0.0
2024-07-11 09:50:00-04:00,83.58999633789062,83.6050033569336,83.52999877929688,83.55999755859375,10061,0.0,0.0,0.0
2024-07-11 09:55:00-04:00,83.56999969482422,83.62999725341797,83.55999755859375,83.58999633789062,5444,0.0,0.0,0.0
2024-07-11 10:00:00-04:00,83.58999633789062,83.63999938964844,83.55999755859375,83.63999938964844,6195,0.0,0.0,0.0
2024-07-11 10:05:00-04:00,83.63999938964844,83.66999816894531,83.63569641113281,83.6500015258789,2646,0.0,0.0,0.0
2024-07-11 10:10:00-04:00,83.66000366210938,83.69000244140625,83.62999725341797,83.63999938964844,5569,0.0,0.0,0.0
2024-07-11 10:15:00-04:00,83.63999938964844,83.6500015258789,83.58000183105469,83.58000183105469,5243,0.0,0.0,0.0
2024-07-11 10:20:00-04:00,83.61000061035156,83.62999725341797,83.6050033569336,83.62999725341797,1331,0.0,0.0,0.0
2024-07-11 10:25:00-04:00,83.62920379638672,83.63999938964844,83.61499786376953,83.62000274658203,9853,0.0,0.0,0.0
2024-07-11 10:30:00-04:00,83.62000274658203,83.6500015258789,83.61000061035156,83.62000274658203,4303,0.0,0.0,0.0
2024-07-11 10:35:00-04:00,83.63009643554688,83.66000366210938,83.63009643554688,83.6500015258789,939,0.0,0.0,0.0
2024-07-11 10:40:00-04:00,83.6500015258789,83.66500091552734,83.63999938964844,83.66000366210938,2266,0.0,0.0,0.0
2024-07-11 10:45:00-04:00,83.66500091552734,83.68499755859375,83.6500015258789,83.68000030517578,13477,0.0,0.0,0.0
2024-07-11 10:50:00-04:00,83.68000030517578,83.69000244140625,83.65589904785156,83.68000030517578,6798,0.0,0.0,0.0
2024-07-11 10:55:00-04:00,83.66999816894531,83.69999694824219,83.66999816894531,83.69999694824219,1761,0.0,0.0,0.0
2024-07-11 11:00:00-04:00,83.67400360107422,83.69989776611328,83.66999816894531,83.68000030517578,4869,0.0,0.0,0.0
2024-07-11 11:05:00-04:00,83.68000030517578,83.68000030517578,83.68000030517578,83.68000030517578,290,0.0,0.0,0.0
2024-07-11 11:10:00-04:00,83.72000122070312,83.72000122070312,83.70500183105469,83.70500183105469,1783,0.0,0.0,0.0
2024-07-11 11:15:00-04:00,83.75,83.75,83.70999908447266,83.70999908447266,3379,0.0,0.0,0.0
2024-07-11 11:20:00-04:00,83.70999908447266,83.73999786376953,83.69000244140625,83.69000244140625,2790,0.0,0.0,0.0
2024-07-11 11:25:00-04:00,83.70999908447266,83.70999908447266,83.70999908447266,83.70999908447266,1156,0.0,0.0,0.0
2024-07-11 11:30:00-04:00,83.69999694824219,83.70999908447266,83.69000244140625,83.69000244140625,3676,0.0,0.0,0.0
2024-07-11 11:35:00-04:00,83.69999694824219,83.72000122070312,83.69999694824219,83.70500183105469,3725,0.0,0.0,0.0
2024-07-11 11:40:00-04:00,83.70500183105469,83.70500183105469,83.69249725341797,83.69999694824219,1735,0.0,0.0,0.0
2024-07-11 11:45:00-04:00,83.70999908447266,83.70999908447266,83.68000030517578,83.68000030517578,3413,0.0,0.0,0.0
2024-07-11 11:50:00-04:00,83.69000244140625,83.7499008178711,83.66999816894531,83.7499008178711,1792,0.0,0.0,0.0
2024-07-11 11:55:00-04:00,83.70999908447266,83.70999908447266,83.69999694824219,83.70999908447266,1782,0.0,0.0,0.0
2024-07-11 12:00:00-04:00,83.68000030517578,83.69499969482422,83.63999938964844,83.63999938964844,4135,0.0,0.0,0.0
2024-07-11 12:05:00-04:00,83.68000030517578,83.68000030517578,83.5999984741211,83.5999984741211,2160,0.0,0.0,0.0
2024-07-11 12:15:00-04:00,83.6449966430664,83.6449966430664,83.6449966430664,83.6449966430664,158,0.0,0.0,0.0
2024-07-11 12:20:00-04:00,83.63500213623047,83.63500213623047,83.63500213623047,83.63500213623047,144,0.0,0.0,0.0
2024-07-11 12:25:00-04:00,83.68939971923828,83.68939971923828,83.66000366210938,83.67500305175781,606,0.0,0.0,0.0
2024-07-11 12:30:00-04:00,83.67500305175781,83.68499755859375,83.67500305175781,83.68499755859375,301,0.0,0.0,0.0
2024-07-11 12:35:00-04:00,83.72969818115234,83.72969818115234,83.69000244140625,83.69000244140625,415,0.0,0.0,0.0
2024-07-11 12:40:00-04:00,83.70999908447266,83.70999908447266,83.70999908447266,83.70999908447266,248,0.0,0.0,0.0
2024-07-11 12:45:00-04:00,83.69000244140625,83.69000244140625,83.49009704589844,83.49009704589844,978,0.0,0.0,0.0
2024-07-11 12:50:00-04:00,83.56060028076172,83.56060028076172,83.56060028076172,83.56060028076172,213,0.0,0.0,0.0
2024-07-11 13:00:00-04:00,83.68000030517578,83.68000030517578,83.6500015258789,83.6500015258789,211,0.0,0.0,0.0
2024-07-11 13:05:00-04:00,83.5199966430664,83.5199966430664,83.5199966430664,83.5199966430664,231,0.0,0.0,0.0
2024-07-11 13:10:00-04:00,83.69000244140625,83.69000244140625,83.6510009765625,83.6510009765625,250,0.0,0.0,0.0
2024-07-11 13:15:00-04:00,83.66000366210938,83.68000030517578,83.66000366210938,83.68000030517578,399,0.0,0.0,0.0
2024-07-11 13:20:00-04:00,83.67500305175781,83.67500305175781,83.6500015258789,83.6500015258789,804,0.0,0.0,0.0
2024-07-11 13:25:00-04:00,83.69000244140625,83.69000244140625,83.69000244140625,83.69000244140625,384,0.0,0.0,0.0
2024-07-11 13:30:00-04:00,83.68000030517578,83.69000244140625,83.68000030517578,83.69000244140625,349,0.0,0.0,0.0
2024-07-11 13:40:00-04:00,83.66500091552734,83.66500091552734,83.66500091552734,83.66500091552734,100,0.0,0.0,0.0
2024-07-11 13:45:00-04:00,83.65029907226562,83.68000030517578,83.65029907226562,83.68000030517578,405,0.0,0.0,0.0
2024-07-11 13:50:00-04:00,83.65010070800781,83.67990112304688,83.65010070800781,83.67990112304688,245,0.0,0.0,0.0
2024-07-11 13:55:00-04:00,83.66500091552734,83.66500091552734,83.5999984741211,83.5999984741211,672,0.0,0.0,0.0
2024-07-11 14:05:00-04:00,83.62999725341797,83.62999725341797,83.60970306396484,83.60970306396484,203,0.0,0.0,0.0
2024-07-11 14:10:00-04:00,83.63999938964844,83.63999938964844,83.63999938964844,83.63999938964844,167,0.0,0.0,0.0
2024-07-11 14:15:00-04:00,83.66999816894531,83.66999816894531,83.66999816894531,83.66999816894531,192,0.0,0.0,0.0
2024-07-11 14:20:00-04:00,83.61150360107422,83.66999816894531,83.61150360107422,83.66999816894531,324,0.0,0.0,0.0
2024-07-11 14:30:00-04:00,83.66000366210938,83.66000366210938,83.66000366210938,83.66000366210938,145,0.0,0.0,0.0
2024-07-11 14:35:00-04:00,83.66999816894531,83.66999816894531,83.66999816894531,83.66999816894531,192,0.0,0.0,0.0
2024-07-11 14:40:00-04:00,83.66999816894531,83.66999816894531,83.66999816894531,83.66999816894531,108,0.0,0.0,0.0
2024-07-11 14:45:00-04:00,83.625,83.625,83.61669921875,83.61669921875,2811,0.0,0.0,0.0
2024-07-11 14:50:00-04:00,83.66999816894531,83.66999816894531,83.60079956054688,83.62999725341797,2053,0.0,0.0,0.0
2024-07-11 14:55:00-04:00,83.68000030517578,83.68000030517578,83.67169952392578,83.67169952392578,267,0.0,0.0,0.0
2024-07-11 15:00:00-04:00,83.67990112304688,83.68000030517578,83.6449966430664,83.6449966430664,2592,0.0,0.0,0.0
2024-07-11 15:05:00-04:00,83.6489028930664,83.68000030517578,83.6489028930664,83.68000030517578,1164,0.0,0.0,0.0
2024-07-11 15:10:00-04:00,83.68000030517578,83.69000244140625,83.68000030517578,83.69000244140625,476,0.0,0.0,0.0
2024-07-11 15:15:00-04:00,83.68499755859375,83.68499755859375,83.68499755859375,83.68499755859375,231,0.0,0.0,0.0
2024-07-11 15:20:00-04:00,83.69999694824219,83.69999694824219,83.68000030517578,83.68000030517578,288,0.0,0.0,0.0
2024-07-11 15:25:00-04:00,83.69999694824219,83.69999694824219,83.69989776611328,83.69999694824219,1524,0.0,0.0,0.0
2024-07-11 15:30:00-04:00,83.68659973144531,83.72000122070312,83.68659973144531,83.69999694824219,328,0.0,0.0,0.0
2024-07-11 15:35:00-04:00,83.69999694824219,83.72000122070312,83.69000244140625,83.69000244140625,900,0.0,0.0,0.0
2024-07-11 15:40:00-04:00,83.70999908447266,83.70999908447266,83.70999908447266,83.70999908447266,329,0.0,0.0,0.0
2024-07-11 15:45:00-04:00,83.73999786376953,83.73999786376953,83.68119812011719,83.68119812011719,599,0.0,0.0,0.0
2024-07-11 15:50:00-04:00,83.75,83.75,83.68499755859375,83.71499633789062,698,0.0,0.0,0.0
2024-07-11 15:55:00-04:00,83.69000244140625,83.73999786376953,83.69000244140625,83.73999786376953,2145,0.0,0.0,0.0
2024-07-12 09:30:00-04:00,83.6500015258789,83.6500015258789,83.50499725341797,83.56999969482422,8324,0.0,0.0,0.0
2024-07-12 09:35:00-04:00,83.59049987792969,83.63999938964844,83.58999633789062,83.59500122070312,6216,0.0,0.0,0.0
2024-07-12 09:40:00-04:00,83.58999633789062,83.61000061035156,83.51499938964844,83.61000061035156,14011,0.0,0.0,0.0
2024-07-12 09:45:00-04:00,83.61000061035156,83.69000244140625,83.56500244140625,83.6500015258789,11163,0.0,0.0,0.0
2024-07-12 09:50:00-04:00,83.65499877929688,83.68930053710938,83.6500015258789,83.66000366210938,5151,0.0,0.0,0.0
2024-07-12 09:55:00-04:00,83.65180206298828,83.66000366210938,83.58999633789062,83.62000274658203,5144,0.0,0.0,0.0
2024-07-12 10:00:00-04:00,83.6500015258789,83.69000244140625,83.63999938964844,83.66999816894531,4895,0.0,0.0,0.0
2024-07-12 10:05:00-04:00,83.68000030517578,83.68000030517578,83.66000366210938,83.66999816894531,2954,0.0,0.0,0.0
2024-07-12 10:10:00-04:00,83.66999816894531,83.74500274658203,83.66999816894531,83.69000244140625,3001,0.0,0.0,0.0
2024-07-12 10:15:00-04:00,83.70500183105469,83.70989990234375,83.66999816894531,83.66999816894531,3238,0.0,0.0,0.0
2024-07-12 10:20:00-04:00,83.68000030517578,83.69000244140625,83.66000366210938,83.66000366210938,4257,0.0,0.0,0.0
2024-07-12 10:25:00-04:00,83.66000366210938,83.66000366210938,83.55500030517578,83.61499786376953,3757,0.0,0.0,0.0
2024-07-12 10:30:00-04:00,83.62999725341797,83.68000030517578,83.61900329589844,83.68000030517578,1390,0.0,0.0,0.0
2024-07-12 10:35:00-04:00,83.68000030517578,83.69000244140625,83.66010284423828,83.66500091552734,1351,0.0,0.0,0.0
2024-07-12 10:40:00-04:00,83.68000030517578,83.76000213623047,83.66000366210938,83.68000030517578,3152,0.0,0.0,0.0
2024-07-12 10:45:00-04:00,83.66000366210938,83.68000030517578,83.5,83.58999633789062,22192,0.0,0.0,0.0
2024-07-12 10:50:00-04:00,83.5602035522461,83.63999938964844,83.5602035522461,83.63999938964844,2640,0.0,0.0,0.0
2024-07-12 10:55:00-04:00,83.62000274658203,83.62000274658203,83.61000061035156,83.61000061035156,2026,0.0,0.0,0.0
2024-07-12 11:00:00-04:00,83.62000274658203,83.69000244140625,83.6050033569336,83.63999938964844,5670,0.0,0.0,0.0
2024-07-12 11:05:00-04:00,83.63999938964844,83.6500015258789,83.62000274658203,83.62000274658203,1587,0.0,0.0,0.0
2024-07-12 11:10:00-04:00,83.63800048828125,83.66999816894531,83.62000274658203,83.6500015258789,4539,0.0,0.0,0.0
2024-07-12 11:15:00-04:00,83.68000030517578,83.68000030517578,83.63999938964844,83.66000366210938,1457,0.0,0.0,0.0
2024-07-12 11:20:00-04:00,83.6500015258789,83.67289733886719,83.62999725341797,83.62999725341797,5487,0.0,0.0,0.0
2024-07-12 11:25:00-04:00,83.62059783935547,83.66280364990234,83.62000274658203,83.62000274658203,2352,0.0,0.0,0.0
2024-07-12 11:30:00-04:00,83.62000274658203,83.6698989868164,83.62000274658203,83.63999938964844,2335,0.0,0.0,0.0
2024-07-12 11:35:00-04:00,83.6500015258789,83.6500015258789,83.62999725341797,83.6500015258789,4216,0.0,0.0,0.0
2024-07-12 11:40:00-04:00,83.66999816894531,83.69999694824219,83.63999938964844,83.63999938964844,3141,0.0,0.0,0.0
2024-07-12 11:45:00-04:00,83.63999938964844,83.66999816894531,83.63999938964844,83.66999816894531,5522,0.0,0.0,0.0
2024-07-12 11:50:00-04:00,83.66000366210938,83.66999816894531,83.65499877929688,83.65499877929688,3363,0.0,0.0,0.0
2024-07-12 11:55:00-04:00,83.66999816894531,83.66999816894531,83.65499877929688,83.66999816894531,1057,0.0,0.0,0.0
2024-07-12 12:00:00-04:00,83.6500015258789,83.66000366210938,83.6500015258789,83.66000366210938,1470,0.0,0.0,0.0
2024-07-12 12:05:00-04:00,83.668701171875,83.66999816894531,83.63999938964844,83.65499877929688,3036,0.0,0.0,0.0
2024-07-12 12:15:00-04:00,83.65499877929688,83.72000122070312,83.64009857177734,83.72000122070312,3551,0.0,0.0,0.0
2024-07-12 12:20:00-04:00,83.72989654541016,83.72989654541016,83.66010284423828,83.70999908447266,2633,0.0,0.0,0.0
2024-07-12 12:25:00-04:00,83.70999908447266,83.71890258789062,83.69999694824219,83.70999908447266,3175,0.0,0.0,0.0
2024-07-12 12:30:00-04:00,83.70999908447266,83.7300033569336,83.70999908447266,83.71499633789062,1946,0.0,0.0,0.0
2024-07-12 12:35:00-04:00,83.72000122070312,83.75499725341797,83.72000122070312,83.72000122070312,7821,0.0,0.0,0.0
2024-07-12 12:40:00-04:00,83.70999908447266,83.7300033569336,83.70999908447266,83.7249984741211,1393,0.0,0.0,0.0
2024-07-12 12:45:00-04:00,83.72000122070312,83.73999786376953,83.70999908447266,83.73999786376953,3137,0.0,0.0,0.0
2024-07-12 12:55:00-04:00,83.7300033569336,83.7499008178711,83.7249984741211,83.7249984741211,959,0.0,0.0,0.0
2024-07-12 13:00:00-04:00,83.71610260009766,83.7343978881836,83.70999908447266,83.71939849853516,2358,0.0,0.0,0.0
2024-07-12 13:05:00-04:00,83.69999694824219,83.70999908447266,83.68000030517578,83.68000030517578,3281,0.0,0.0,0.0
2024-07-12 13:10:00-04:00,83.6500015258789,83.7300033569336,83.6500015258789,83.69499969482422,428,0.0,0.0,0.0
2024-07-12 13:15:00-04:00,83.6500015258789,83.73999786376953,83.6500015258789,83.69499969482422,477,0.0,0.0,0.0
2024-07-12 13:20:00-04:00,83.6500015258789,83.73999786376953,83.6500015258789,83.66000366210938,1666,0.0,0.0,0.0
2024-07-12 13:25:00-04:00,83.7384033203125,83.73999786376953,83.66000366210938,83.73999786376953,2198,0.0,0.0,0.0
2024-07-12 13:30:00-04:00,83.66000366210938,83.73999786376953,83.66000366210938,83.73999786376953,1584,0.0,0.0,0.0
2024-07-12 13:35:00-04:00,83.73999786376953,83.76499938964844,83.69000244140625,83.75499725341797,2040,0.0,0.0,0.0
2024-07-12 13:40:00-04:00,83.69999694824219,83.77999877929688,83.69999694824219,83.77999877929688,318,0.0,0.0,0.0
2024-07-12 13:45:00-04:00,83.73999786376953,83.77999877929688,83.69999694824219,83.75499725341797,1584,0.0,0.0,0.0
2024-07-12 13:50:00-04:00,83.75499725341797,83.80000305175781,83.70999908447266,83.79000091552734,1713,0.0,0.0,0.0
2024-07-12 13:55:00-04:00,83.74500274658203,83.77999877929688,83.7323989868164,83.73999786376953,3807,0.0,0.0,0.0
2024-07-12 14:00:00-04:00,83.7699966430664,83.7699966430664,83.72000122070312,83.7699966430664,916,0.0,0.0,0.0
2024-07-12 14:05:00-04:00,83.7699966430664,83.80000305175781,83.74500274658203,83.76000213623047,1473,0.0,0.0,0.0
2024-07-12 14:10:00-04:00,83.76000213623047,83.77999877929688,83.73999786376953,83.73999786376953,0,0.0,0.0,0.0
2024-07-12 14:15:00-04:00,83.75,83.75,83.73999786376953,83.75,201119,0.0,0.0,0.0
2024-07-12 14:20:00-04:00,83.75,83.7750015258789,83.75,83.76499938964844,1486,0.0,0.0,0.0
2024-07-12 14:25:00-04:00,83.76000213623047,83.7699966430664,83.75,83.7699966430664,1572,0.0,0.0,0.0
2024-07-12 14:30:00-04:00,83.75,83.75,83.73999786376953,83.73999786376953,1691,0.0,0.0,0.0
2024-07-12 14:35:00-04:00,83.73999786376953,83.73999786376953,83.68000030517578,83.68000030517578,509,0.0,0.0,0.0
2024-07-12 14:40:00-04:00,83.72000122070312,83.7249984741211,83.68000030517578,83.69999694824219,1242,0.0,0.0,0.0
2024-07-12 14:45:00-04:00,83.73999786376953,83.7699966430664,83.70999908447266,83.72000122070312,1643,0.0,0.0,0.0
2024-07-12 14:50:00-04:00,83.74500274658203,83.7699966430664,83.72000122070312,83.74500274658203,1936,0.0,0.0,0.0
2024-07-12 14:55:00-04:00,83.7614974975586,83.7699966430664,83.7300033569336,83.75499725341797,1732,0.0,0.0,0.0
2024-07-12 15:00:00-04:00,83.73999786376953,83.7699966430664,83.73999786376953,83.73999786376953,2608,0.0,0.0,0.0
2024-07-12 15:05:00-04:00,83.7698974609375,83.7698974609375,83.73999786376953,83.73999786376953,4010,0.0,0.0,0.0
2024-07-12 15:10:00-04:00,83.73999786376953,83.7699966430664,83.70999908447266,83.73999786376953,1540,0.0,0.0,0.0
2024-07-12 15:15:00-04:00,83.73999786376953,83.73999786376953,83.68000030517578,83.68000030517578,1717,0.0,0.0,0.0
2024-07-12 15:20:00-04:00,83.68000030517578,83.75,83.68000030517578,83.69000244140625,861,0.0,0.0,0.0
2024-07-12 15:25:00-04:00,83.69000244140625,83.7249984741211,83.69000244140625,83.7249984741211,4625,0.0,0.0,0.0
2024-07-12 15:30:00-04:00,83.68000030517578,83.68000030517578,83.6500015258789,83.6500015258789,1018,0.0,0.0,0.0
2024-07-12 15:35:00-04:00,83.6500015258789,83.72000122070312,83.6500015258789,83.6500015258789,1063,0.0,0.0,0.0
2024-07-12 15:40:00-04:00,83.69000244140625,83.70999908447266,83.6500015258789,83.66000366210938,2486,0.0,0.0,0.0
2024-07-12 15:45:00-04:00,83.66000366210938,83.69999694824219,83.6500015258789,83.6500015258789,1548,0.0,0.0,0.0
2024-07-12 15:50:00-04:00,83.69129943847656,83.69129943847656,83.56500244140625,83.58999633789062,5620,0.0,0.0,0.0
2024-07-12 15:55:00-04:00,83.58000183105469,83.66999816894531,83.55500030517578,83.66999816894531,5358,0.0,0.0,0.0
