Datetime,Open,High,Low,Close,Volume,Dividends,Stock Splits
2024-10-02 09:00:00+09:00,7250.0,7250.0,7150.0,7210.0,0,0.0,0.0
2024-10-02 09:05:00+09:00,7160.0,7220.0,7140.0,7140.0,1010,0.0,0.0
2024-10-02 09:10:00+09:00,7130.0,7170.0,7110.0,7170.0,1340,0.0,0.0
2024-10-02 09:15:00+09:00,7170.0,7170.0,7150.0,7150.0,604,0.0,0.0
2024-10-02 09:20:00+09:00,7140.0,7140.0,7140.0,7140.0,129,0.0,0.0
2024-10-02 09:25:00+09:00,7130.0,7170.0,7130.0,7170.0,165,0.0,0.0
2024-10-02 09:30:00+09:00,7170.0,7180.0,7160.0,7180.0,124,0.0,0.0
2024-10-02 09:35:00+09:00,7170.0,7170.0,7160.0,7160.0,215,0.0,0.0
2024-10-02 09:40:00+09:00,7160.0,7160.0,7160.0,7160.0,0,0.0,0.0
2024-10-02 09:45:00+09:00,7190.0,7190.0,7190.0,7190.0,7,0.0,0.0
2024-10-02 09:50:00+09:00,7170.0,7190.0,7110.0,7110.0,1068,0.0,0.0
2024-10-02 09:55:00+09:00,7120.0,7120.0,7100.0,7100.0,399,0.0,0.0
2024-10-02 10:00:00+09:00,7160.0,7200.0,7160.0,7200.0,233,0.0,0.0
2024-10-02 10:05:00+09:00,7160.0,7200.0,7150.0,7200.0,1634,0.0,0.0
2024-10-02 10:15:00+09:00,7160.0,7170.0,7160.0,7160.0,178,0.0,0.0
2024-10-02 10:20:00+09:00,7160.0,7160.0,7140.0,7140.0,292,0.0,0.0
2024-10-02 10:25:00+09:00,7160.0,7200.0,7160.0,7200.0,601,0.0,0.0
2024-10-02 10:30:00+09:00,7200.0,7200.0,7190.0,7190.0,135,0.0,0.0
2024-10-02 10:35:00+09:00,7190.0,7190.0,7160.0,7160.0,160,0.0,0.0
2024-10-02 10:40:00+09:00,7200.0,7200.0,7160.0,7160.0,50,0.0,0.0
2024-10-02 10:50:00+09:00,7200.0,7200.0,7190.0,7190.0,180,0.0,0.0
2024-10-02 10:55:00+09:00,7180.0,7200.0,7120.0,7130.0,1718,0.0,0.0
2024-10-02 11:00:00+09:00,7190.0,7190.0,7190.0,7190.0,20,0.0,0.0
2024-10-02 11:05:00+09:00,7200.0,7200.0,7190.0,7190.0,469,0.0,0.0
2024-10-02 11:10:00+09:00,7190.0,7200.0,7170.0,7200.0,629,0.0,0.0
2024-10-02 11:15:00+09:00,7210.0,7210.0,7200.0,7200.0,65,0.0,0.0
2024-10-02 11:20:00+09:00,7190.0,7190.0,7180.0,7180.0,300,0.0,0.0
2024-10-02 11:30:00+09:00,7190.0,7190.0,7190.0,7190.0,8,0.0,0.0
2024-10-02 11:35:00+09:00,7180.0,7180.0,7180.0,7180.0,348,0.0,0.0
2024-10-02 11:40:00+09:00,7180.0,7180.0,7180.0,7180.0,106,0.0,0.0
2024-10-02 11:45:00+09:00,7180.0,7180.0,7180.0,7180.0,120,0.0,0.0
2024-10-02 11:50:00+09:00,7180.0,7180.0,7180.0,7180.0,44,0.0,0.0
2024-10-02 11:55:00+09:00,7180.0,7180.0,7170.0,7170.0,6,0.0,0.0
2024-10-02 12:00:00+09:00,7170.0,7170.0,7170.0,7170.0,7,0.0,0.0
2024-10-02 12:05:00+09:00,7180.0,7180.0,7180.0,7180.0,24,0.0,0.0
2024-10-02 12:10:00+09:00,7180.0,7180.0,7180.0,7180.0,10,0.0,0.0
2024-10-02 12:15:00+09:00,7170.0,7170.0,7170.0,7170.0,136,0.0,0.0
2024-10-02 12:20:00+09:00,7170.0,7190.0,7170.0,7190.0,979,0.0,0.0
2024-10-02 12:25:00+09:00,7200.0,7210.0,7200.0,7210.0,0,0.0,0.0
2024-10-02 12:35:00+09:00,7220.0,7220.0,7220.0,7220.0,3,0.0,0.0
2024-10-02 12:40:00+09:00,7220.0,7240.0,7220.0,7240.0,139,0.0,0.0
2024-10-02 12:45:00+09:00,7250.0,7250.0,7230.0,7240.0,344,0.0,0.0
2024-10-02 12:50:00+09:00,7230.0,7230.0,7230.0,7230.0,154,0.0,0.0
2024-10-02 12:55:00+09:00,7230.0,7230.0,7210.0,7210.0,96,0.0,0.0
2024-10-02 13:05:00+09:00,7210.0,7210.0,7210.0,7210.0,57,0.0,0.0
2024-10-02 13:15:00+09:00,7210.0,7210.0,7210.0,7210.0,674,0.0,0.0
2024-10-02 13:20:00+09:00,7210.0,7210.0,7200.0,7200.0,0,0.0,0.0
2024-10-02 13:25:00+09:00,7210.0,7210.0,7190.0,7190.0,268,0.0,0.0
2024-10-02 13:30:00+09:00,7190.0,7190.0,7150.0,7150.0,960,0.0,0.0
2024-10-02 13:35:00+09:00,7150.0,7150.0,7150.0,7150.0,40,0.0,0.0
2024-10-02 13:40:00+09:00,7180.0,7180.0,7180.0,7180.0,0,0.0,0.0
2024-10-02 13:45:00+09:00,7180.0,7180.0,7180.0,7180.0,11,0.0,0.0
2024-10-02 13:50:00+09:00,7180.0,7180.0,7180.0,7180.0,53,0.0,0.0
2024-10-02 14:00:00+09:00,7180.0,7180.0,7180.0,7180.0,18,0.0,0.0
2024-10-02 14:10:00+09:00,7180.0,7180.0,7180.0,7180.0,815,0.0,0.0
2024-10-02 14:15:00+09:00,7180.0,7200.0,7180.0,7190.0,219,0.0,0.0
2024-10-02 14:20:00+09:00,7180.0,7180.0,7180.0,7180.0,858,0.0,0.0
2024-10-02 14:25:00+09:00,7180.0,7180.0,7180.0,7180.0,6,0.0,0.0
2024-10-02 14:30:00+09:00,7170.0,7190.0,7170.0,7190.0,330,0.0,0.0
2024-10-02 14:35:00+09:00,7160.0,7160.0,7160.0,7160.0,227,0.0,0.0
2024-10-02 14:40:00+09:00,7160.0,7160.0,7160.0,7160.0,8,0.0,0.0
2024-10-02 14:50:00+09:00,7170.0,7170.0,7170.0,7170.0,227,0.0,0.0
2024-10-02 14:55:00+09:00,7170.0,7170.0,7160.0,7160.0,887,0.0,0.0
2024-10-04 09:00:00+09:00,7140.0,7200.0,7140.0,7200.0,0,0.0,0.0
2024-10-04 09:05:00+09:00,7150.0,7160.0,7110.0,7160.0,614,0.0,0.0
2024-10-04 09:10:00+09:00,7170.0,7170.0,7170.0,7170.0,0,0.0,0.0
2024-10-04 09:25:00+09:00,7160.0,7160.0,7150.0,7150.0,498,0.0,0.0
2024-10-04 09:30:00+09:00,7160.0,7180.0,7160.0,7180.0,73,0.0,0.0
2024-10-04 09:35:00+09:00,7180.0,7180.0,7180.0,7180.0,1047,0.0,0.0
2024-10-04 09:40:00+09:00,7190.0,7190.0,7190.0,7190.0,0,0.0,0.0
2024-10-04 09:45:00+09:00,7190.0,7190.0,7190.0,7190.0,127,0.0,0.0
2024-10-04 09:50:00+09:00,7200.0,7210.0,7200.0,7210.0,0,0.0,0.0
2024-10-04 09:55:00+09:00,7220.0,7220.0,7220.0,7220.0,22,0.0,0.0
2024-10-04 10:00:00+09:00,7190.0,7190.0,7190.0,7190.0,1001,0.0,0.0
2024-10-04 10:10:00+09:00,7190.0,7190.0,7190.0,7190.0,266,0.0,0.0
2024-10-04 10:20:00+09:00,7200.0,7200.0,7190.0,7190.0,167,0.0,0.0
2024-10-04 10:25:00+09:00,7200.0,7200.0,7190.0,7190.0,300,0.0,0.0
2024-10-04 10:30:00+09:00,7220.0,7220.0,7220.0,7220.0,106,0.0,0.0
2024-10-04 10:35:00+09:00,7230.0,7230.0,7200.0,7200.0,13,0.0,0.0
2024-10-04 10:45:00+09:00,7230.0,7230.0,7230.0,7230.0,8,0.0,0.0
2024-10-04 10:50:00+09:00,7230.0,7240.0,7230.0,7240.0,1027,0.0,0.0
2024-10-04 10:55:00+09:00,7240.0,7240.0,7240.0,7240.0,86,0.0,0.0
2024-10-04 11:00:00+09:00,7250.0,7250.0,7250.0,7250.0,68,0.0,0.0
2024-10-04 11:05:00+09:00,7250.0,7260.0,7250.0,7260.0,0,0.0,0.0
2024-10-04 11:10:00+09:00,7260.0,7260.0,7240.0,7240.0,7,0.0,0.0
2024-10-04 11:15:00+09:00,7260.0,7260.0,7240.0,7240.0,8,0.0,0.0
2024-10-04 11:20:00+09:00,7240.0,7260.0,7240.0,7260.0,274,0.0,0.0
2024-10-04 11:25:00+09:00,7260.0,7260.0,7240.0,7240.0,0,0.0,0.0
2024-10-04 11:30:00+09:00,7260.0,7260.0,7260.0,7260.0,10,0.0,0.0
2024-10-04 11:35:00+09:00,7270.0,7270.0,7270.0,7270.0,81,0.0,0.0
2024-10-04 11:40:00+09:00,7270.0,7270.0,7270.0,7270.0,11,0.0,0.0
2024-10-04 11:50:00+09:00,7270.0,7270.0,7270.0,7270.0,140,0.0,0.0
2024-10-04 12:00:00+09:00,7250.0,7250.0,7250.0,7250.0,14,0.0,0.0
2024-10-04 12:10:00+09:00,7270.0,7270.0,7270.0,7270.0,43,0.0,0.0
2024-10-04 12:20:00+09:00,7260.0,7260.0,7260.0,7260.0,13,0.0,0.0
2024-10-04 12:25:00+09:00,7250.0,7250.0,7240.0,7240.0,32,0.0,0.0
2024-10-04 12:35:00+09:00,7230.0,7270.0,7220.0,7220.0,690,0.0,0.0
2024-10-04 12:40:00+09:00,7220.0,7220.0,7200.0,7200.0,875,0.0,0.0
2024-10-04 12:55:00+09:00,7200.0,7200.0,7200.0,7200.0,0,0.0,0.0
2024-10-04 13:00:00+09:00,7200.0,7200.0,7170.0,7170.0,864,0.0,0.0
2024-10-04 13:10:00+09:00,7190.0,7190.0,7190.0,7190.0,2,0.0,0.0
2024-10-04 13:20:00+09:00,7220.0,7220.0,7220.0,7220.0,1,0.0,0.0
2024-10-04 13:50:00+09:00,7220.0,7220.0,7220.0,7220.0,33,0.0,0.0
2024-10-04 14:00:00+09:00,7220.0,7220.0,7220.0,7220.0,24,0.0,0.0
2024-10-04 14:10:00+09:00,7220.0,7220.0,7220.0,7220.0,90,0.0,0.0
2024-10-04 14:15:00+09:00,7220.0,7220.0,7220.0,7220.0,10,0.0,0.0
2024-10-04 14:20:00+09:00,7220.0,7220.0,7220.0,7220.0,1,0.0,0.0
2024-10-04 14:25:00+09:00,7220.0,7220.0,7220.0,7220.0,10,0.0,0.0
2024-10-04 14:40:00+09:00,7220.0,7220.0,7220.0,7220.0,1635,0.0,0.0
2024-10-04 14:45:00+09:00,7220.0,7220.0,7220.0,7220.0,0,0.0,0.0
2024-10-04 14:50:00+09:00,7220.0,7220.0,7220.0,7220.0,188,0.0,0.0
2024-10-04 14:55:00+09:00,7230.0,7270.0,7230.0,7270.0,185,0.0,0.0
2024-10-07 09:00:00+09:00,7250.0,7260.0,7210.0,7210.0,0,0.0,0.0
2024-10-07 09:05:00+09:00,7210.0,7210.0,7200.0,7200.0,0,0.0,0.0
2024-10-07 09:10:00+09:00,7200.0,7200.0,7190.0,7190.0,400,0.0,0.0
2024-10-07 09:15:00+09:00,7210.0,7210.0,7210.0,7210.0,16,0.0,0.0
2024-10-07 09:20:00+09:00,7190.0,7210.0,7190.0,7210.0,42,0.0,0.0
2024-10-07 09:25:00+09:00,7210.0,7210.0,7180.0,7180.0,243,0.0,0.0
2024-10-07 09:30:00+09:00,7210.0,7220.0,7210.0,7220.0,182,0.0,0.0
2024-10-07 09:35:00+09:00,7200.0,7220.0,7200.0,7220.0,0,0.0,0.0
2024-10-07 09:40:00+09:00,7210.0,7210.0,7210.0,7210.0,199,0.0,0.0
2024-10-07 09:45:00+09:00,7220.0,7220.0,7200.0,7220.0,60,0.0,0.0
2024-10-07 09:50:00+09:00,7220.0,7280.0,7200.0,7280.0,257,0.0,0.0
2024-10-07 09:55:00+09:00,7240.0,7240.0,7220.0,7220.0,35,0.0,0.0
2024-10-07 10:00:00+09:00,7260.0,7260.0,7260.0,7260.0,102,0.0,0.0
2024-10-07 10:05:00+09:00,7210.0,7270.0,7210.0,7270.0,1037,0.0,0.0
2024-10-07 10:10:00+09:00,7270.0,7270.0,7270.0,7270.0,239,0.0,0.0
2024-10-07 10:15:00+09:00,7270.0,7270.0,7270.0,7270.0,34,0.0,0.0
2024-10-07 10:20:00+09:00,7260.0,7260.0,7260.0,7260.0,130,0.0,0.0
2024-10-07 10:25:00+09:00,7210.0,7220.0,7170.0,7220.0,705,0.0,0.0
2024-10-07 10:30:00+09:00,7220.0,7230.0,7220.0,7230.0,50,0.0,0.0
2024-10-07 10:35:00+09:00,7220.0,7220.0,7220.0,7220.0,1,0.0,0.0
2024-10-07 10:40:00+09:00,7220.0,7220.0,7220.0,7220.0,38,0.0,0.0
2024-10-07 10:45:00+09:00,7220.0,7220.0,7210.0,7210.0,5,0.0,0.0
2024-10-07 10:50:00+09:00,7200.0,7200.0,7200.0,7200.0,64,0.0,0.0
2024-10-07 10:55:00+09:00,7200.0,7200.0,7190.0,7190.0,390,0.0,0.0
2024-10-07 11:10:00+09:00,7200.0,7200.0,7200.0,7200.0,0,0.0,0.0
2024-10-07 11:20:00+09:00,7200.0,7200.0,7170.0,7190.0,514,0.0,0.0
2024-10-07 11:25:00+09:00,7190.0,7190.0,7190.0,7190.0,34,0.0,0.0
2024-10-07 11:30:00+09:00,7190.0,7190.0,7190.0,7190.0,50,0.0,0.0
2024-10-07 11:35:00+09:00,7190.0,7190.0,7190.0,7190.0,262,0.0,0.0
2024-10-07 11:40:00+09:00,7220.0,7220.0,7220.0,7220.0,0,0.0,0.0
2024-10-07 11:45:00+09:00,7190.0,7190.0,7180.0,7180.0,306,0.0,0.0
2024-10-07 11:50:00+09:00,7180.0,7180.0,7170.0,7170.0,531,0.0,0.0
2024-10-07 11:55:00+09:00,7190.0,7190.0,7190.0,7190.0,489,0.0,0.0
2024-10-07 12:00:00+09:00,7190.0,7190.0,7190.0,7190.0,72,0.0,0.0
2024-10-07 12:15:00+09:00,7190.0,7190.0,7180.0,7180.0,1557,0.0,0.0
2024-10-07 12:25:00+09:00,7190.0,7210.0,7190.0,7210.0,0,0.0,0.0
2024-10-07 12:30:00+09:00,7190.0,7190.0,7190.0,7190.0,59,0.0,0.0
2024-10-07 12:35:00+09:00,7200.0,7200.0,7190.0,7190.0,75,0.0,0.0
2024-10-07 12:40:00+09:00,7190.0,7190.0,7190.0,7190.0,9,0.0,0.0
2024-10-07 12:45:00+09:00,7200.0,7200.0,7200.0,7200.0,145,0.0,0.0
2024-10-07 12:50:00+09:00,7210.0,7210.0,7210.0,7210.0,0,0.0,0.0
2024-10-07 12:55:00+09:00,7200.0,7200.0,7200.0,7200.0,55,0.0,0.0
2024-10-07 13:05:00+09:00,7200.0,7210.0,7200.0,7210.0,24,0.0,0.0
2024-10-07 13:25:00+09:00,7210.0,7210.0,7210.0,7210.0,35,0.0,0.0
2024-10-07 13:30:00+09:00,7210.0,7230.0,7210.0,7220.0,1855,0.0,0.0
2024-10-07 13:35:00+09:00,7220.0,7220.0,7220.0,7220.0,205,0.0,0.0
2024-10-07 13:40:00+09:00,7230.0,7230.0,7230.0,7230.0,0,0.0,0.0
2024-10-07 13:50:00+09:00,7220.0,7220.0,7210.0,7210.0,325,0.0,0.0
2024-10-07 13:55:00+09:00,7230.0,7230.0,7230.0,7230.0,0,0.0,0.0
2024-10-07 14:05:00+09:00,7220.0,7220.0,7220.0,7220.0,135,0.0,0.0
2024-10-07 14:10:00+09:00,7220.0,7230.0,7220.0,7230.0,57,0.0,0.0
2024-10-07 14:15:00+09:00,7220.0,7220.0,7220.0,7220.0,100,0.0,0.0
2024-10-07 14:20:00+09:00,7220.0,7220.0,7220.0,7220.0,20,0.0,0.0
2024-10-07 14:25:00+09:00,7220.0,7220.0,7220.0,7220.0,53,0.0,0.0
2024-10-07 14:35:00+09:00,7220.0,7220.0,7200.0,7200.0,400,0.0,0.0
2024-10-07 14:40:00+09:00,7220.0,7220.0,7210.0,7220.0,181,0.0,0.0
2024-10-07 14:45:00+09:00,7220.0,7220.0,7220.0,7220.0,31,0.0,0.0
2024-10-07 14:50:00+09:00,7210.0,7210.0,7210.0,7210.0,6,0.0,0.0
2024-10-08 09:00:00+09:00,7200.0,7210.0,7180.0,7210.0,480,0.0,0.0
2024-10-08 09:20:00+09:00,7210.0,7210.0,7190.0,7210.0,49,0.0,0.0
2024-10-08 09:30:00+09:00,7210.0,7210.0,7190.0,7190.0,143,0.0,0.0
2024-10-08 09:35:00+09:00,7180.0,7220.0,7180.0,7220.0,208,0.0,0.0
2024-10-08 09:40:00+09:00,7220.0,7220.0,7220.0,7220.0,27,0.0,0.0
2024-10-08 09:50:00+09:00,7220.0,7220.0,7220.0,7220.0,25,0.0,0.0
2024-10-08 09:55:00+09:00,7220.0,7220.0,7220.0,7220.0,38,0.0,0.0
2024-10-08 10:00:00+09:00,7200.0,7230.0,7180.0,7210.0,713,0.0,0.0
2024-10-08 10:05:00+09:00,7200.0,7210.0,7200.0,7210.0,69,0.0,0.0
2024-10-08 10:10:00+09:00,7210.0,7210.0,7210.0,7210.0,0,0.0,0.0
2024-10-08 10:15:00+09:00,7210.0,7240.0,7170.0,7220.0,3389,0.0,0.0
2024-10-08 10:20:00+09:00,7210.0,7210.0,7200.0,7200.0,137,0.0,0.0
2024-10-08 10:25:00+09:00,7200.0,7200.0,7190.0,7190.0,447,0.0,0.0
2024-10-08 10:30:00+09:00,7190.0,7190.0,7190.0,7190.0,0,0.0,0.0
2024-10-08 10:35:00+09:00,7190.0,7200.0,7190.0,7200.0,348,0.0,0.0
2024-10-08 10:40:00+09:00,7200.0,7230.0,7200.0,7230.0,295,0.0,0.0
2024-10-08 10:45:00+09:00,7220.0,7220.0,7200.0,7200.0,529,0.0,0.0
2024-10-08 10:55:00+09:00,7200.0,7200.0,7200.0,7200.0,34,0.0,0.0
2024-10-08 11:00:00+09:00,7200.0,7210.0,7200.0,7210.0,317,0.0,0.0
2024-10-08 11:05:00+09:00,7210.0,7210.0,7210.0,7210.0,8,0.0,0.0
2024-10-08 11:10:00+09:00,7210.0,7210.0,7190.0,7190.0,211,0.0,0.0
2024-10-08 11:15:00+09:00,7190.0,7200.0,7180.0,7200.0,923,0.0,0.0
2024-10-08 11:20:00+09:00,7200.0,7200.0,7180.0,7180.0,5,0.0,0.0
2024-10-08 11:30:00+09:00,7200.0,7210.0,7190.0,7210.0,360,0.0,0.0
2024-10-08 11:45:00+09:00,7190.0,7190.0,7170.0,7170.0,193,0.0,0.0
2024-10-08 11:50:00+09:00,7180.0,7180.0,7180.0,7180.0,100,0.0,0.0
2024-10-08 11:55:00+09:00,7180.0,7180.0,7180.0,7180.0,26,0.0,0.0
2024-10-08 12:00:00+09:00,7180.0,7180.0,7180.0,7180.0,170,0.0,0.0
2024-10-08 12:05:00+09:00,7170.0,7210.0,7150.0,7210.0,2042,0.0,0.0
2024-10-08 12:10:00+09:00,7180.0,7180.0,7180.0,7180.0,574,0.0,0.0
2024-10-08 12:15:00+09:00,7180.0,7180.0,7180.0,7180.0,0,0.0,0.0
2024-10-08 12:25:00+09:00,7190.0,7190.0,7180.0,7180.0,167,0.0,0.0
2024-10-08 12:40:00+09:00,7180.0,7180.0,7180.0,7180.0,97,0.0,0.0
2024-10-08 12:45:00+09:00,7180.0,7180.0,7160.0,7180.0,333,0.0,0.0
2024-10-08 12:50:00+09:00,7190.0,7190.0,7180.0,7180.0,190,0.0,0.0
2024-10-08 12:55:00+09:00,7180.0,7180.0,7180.0,7180.0,232,0.0,0.0
2024-10-08 13:00:00+09:00,7180.0,7180.0,7180.0,7180.0,586,0.0,0.0
2024-10-08 13:15:00+09:00,7200.0,7200.0,7200.0,7200.0,0,0.0,0.0
2024-10-08 13:20:00+09:00,7200.0,7210.0,7200.0,7210.0,135,0.0,0.0
2024-10-08 13:25:00+09:00,7190.0,7200.0,7190.0,7200.0,290,0.0,0.0
2024-10-08 13:30:00+09:00,7190.0,7190.0,7190.0,7190.0,805,0.0,0.0
2024-10-08 13:35:00+09:00,7190.0,7190.0,7190.0,7190.0,462,0.0,0.0
2024-10-08 13:40:00+09:00,7190.0,7190.0,7190.0,7190.0,202,0.0,0.0
2024-10-08 13:45:00+09:00,7190.0,7190.0,7190.0,7190.0,41,0.0,0.0
2024-10-08 13:50:00+09:00,7200.0,7200.0,7180.0,7180.0,324,0.0,0.0
2024-10-08 13:55:00+09:00,7180.0,7180.0,7180.0,7180.0,0,0.0,0.0
2024-10-08 14:05:00+09:00,7170.0,7180.0,7120.0,7180.0,2514,0.0,0.0
2024-10-08 14:10:00+09:00,7160.0,7160.0,7160.0,7160.0,0,0.0,0.0
2024-10-08 14:15:00+09:00,7170.0,7170.0,7170.0,7170.0,30,0.0,0.0
2024-10-08 14:20:00+09:00,7170.0,7170.0,7170.0,7170.0,313,0.0,0.0
2024-10-08 14:25:00+09:00,7190.0,7190.0,7190.0,7190.0,236,0.0,0.0
2024-10-08 14:35:00+09:00,7180.0,7180.0,7180.0,7180.0,196,0.0,0.0
2024-10-08 14:40:00+09:00,7180.0,7180.0,7170.0,7170.0,197,0.0,0.0
2024-10-08 14:45:00+09:00,7180.0,7180.0,7170.0,7170.0,0,0.0,0.0
2024-10-08 14:50:00+09:00,7170.0,7170.0,7170.0,7170.0,166,0.0,0.0
2024-10-08 14:55:00+09:00,7170.0,7170.0,7170.0,7170.0,300,0.0,0.0
2024-10-10 09:00:00+09:00,7250.0,7250.0,7230.0,7250.0,0,0.0,0.0
2024-10-10 09:05:00+09:00,7240.0,7250.0,7220.0,7220.0,512,0.0,0.0
2024-10-10 09:10:00+09:00,7240.0,7290.0,7230.0,7290.0,1160,0.0,0.0
2024-10-10 09:15:00+09:00,7290.0,7300.0,7280.0,7280.0,543,0.0,0.0
2024-10-10 09:20:00+09:00,7280.0,7280.0,7270.0,7270.0,20,0.0,0.0
2024-10-10 09:25:00+09:00,7270.0,7270.0,7270.0,7270.0,154,0.0,0.0
2024-10-10 09:30:00+09:00,7270.0,7280.0,7270.0,7270.0,132,0.0,0.0
2024-10-10 09:35:00+09:00,7270.0,7300.0,7270.0,7290.0,730,0.0,0.0
2024-10-10 09:40:00+09:00,7290.0,7290.0,7270.0,7270.0,136,0.0,0.0
2024-10-10 09:45:00+09:00,7270.0,7270.0,7270.0,7270.0,114,0.0,0.0
2024-10-10 09:50:00+09:00,7260.0,7260.0,7260.0,7260.0,0,0.0,0.0
2024-10-10 09:55:00+09:00,7250.0,7250.0,7230.0,7230.0,407,0.0,0.0
2024-10-10 10:00:00+09:00,7230.0,7230.0,7230.0,7230.0,452,0.0,0.0
2024-10-10 10:10:00+09:00,7230.0,7260.0,7230.0,7260.0,529,0.0,0.0
2024-10-10 10:15:00+09:00,7230.0,7230.0,7230.0,7230.0,152,0.0,0.0
2024-10-10 10:20:00+09:00,7220.0,7220.0,7200.0,7200.0,1398,0.0,0.0
2024-10-10 10:30:00+09:00,7240.0,7240.0,7240.0,7240.0,4,0.0,0.0
2024-10-10 10:45:00+09:00,7210.0,7230.0,7200.0,7230.0,114,0.0,0.0
2024-10-10 10:50:00+09:00,7230.0,7230.0,7210.0,7210.0,4,0.0,0.0
2024-10-10 10:55:00+09:00,7230.0,7230.0,7230.0,7230.0,299,0.0,0.0
2024-10-10 11:05:00+09:00,7230.0,7230.0,7230.0,7230.0,0,0.0,0.0
2024-10-10 11:15:00+09:00,7240.0,7240.0,7240.0,7240.0,55,0.0,0.0
2024-10-10 11:25:00+09:00,7250.0,7270.0,7250.0,7270.0,621,0.0,0.0
2024-10-10 11:30:00+09:00,7270.0,7280.0,7240.0,7240.0,90,0.0,0.0
2024-10-10 11:35:00+09:00,7270.0,7280.0,7270.0,7270.0,70,0.0,0.0
2024-10-10 11:40:00+09:00,7250.0,7250.0,7250.0,7250.0,3,0.0,0.0
2024-10-10 11:45:00+09:00,7250.0,7250.0,7250.0,7250.0,1,0.0,0.0
2024-10-10 11:55:00+09:00,7250.0,7250.0,7250.0,7250.0,146,0.0,0.0
2024-10-10 12:00:00+09:00,7240.0,7240.0,7230.0,7230.0,56,0.0,0.0
2024-10-10 12:05:00+09:00,7270.0,7270.0,7270.0,7270.0,2,0.0,0.0
2024-10-10 12:15:00+09:00,7280.0,7280.0,7280.0,7280.0,13,0.0,0.0
2024-10-10 12:50:00+09:00,7240.0,7240.0,7230.0,7230.0,323,0.0,0.0
2024-10-10 13:05:00+09:00,7240.0,7240.0,7240.0,7240.0,0,0.0,0.0
2024-10-10 13:10:00+09:00,7240.0,7240.0,7220.0,7220.0,39,0.0,0.0
2024-10-10 13:15:00+09:00,7220.0,7220.0,7220.0,7220.0,12,0.0,0.0
2024-10-10 13:20:00+09:00,7220.0,7220.0,7210.0,7210.0,245,0.0,0.0
2024-10-10 13:25:00+09:00,7210.0,7260.0,7200.0,7250.0,743,0.0,0.0
2024-10-10 13:30:00+09:00,7200.0,7250.0,7190.0,7190.0,799,0.0,0.0
2024-10-10 13:35:00+09:00,7200.0,7240.0,7200.0,7240.0,0,0.0,0.0
2024-10-10 13:45:00+09:00,7240.0,7260.0,7240.0,7260.0,485,0.0,0.0
2024-10-10 13:50:00+09:00,7260.0,7280.0,7220.0,7220.0,2188,0.0,0.0
2024-10-10 13:55:00+09:00,7250.0,7260.0,7230.0,7260.0,409,0.0,0.0
2024-10-10 14:00:00+09:00,7230.0,7260.0,7210.0,7260.0,785,0.0,0.0
2024-10-10 14:05:00+09:00,7260.0,7260.0,7260.0,7260.0,1,0.0,0.0
2024-10-10 14:15:00+09:00,7230.0,7230.0,7230.0,7230.0,50,0.0,0.0
2024-10-10 14:20:00+09:00,7230.0,7230.0,7230.0,7230.0,0,0.0,0.0
2024-10-10 14:25:00+09:00,7230.0,7230.0,7230.0,7230.0,1,0.0,0.0
2024-10-10 14:30:00+09:00,7230.0,7230.0,7230.0,7230.0,56,0.0,0.0
2024-10-10 14:45:00+09:00,7230.0,7230.0,7220.0,7220.0,87,0.0,0.0
2024-10-10 14:50:00+09:00,7220.0,7220.0,7210.0,7220.0,295,0.0,0.0
2024-10-10 14:55:00+09:00,7230.0,7230.0,7230.0,7230.0,0,0.0,0.0
2024-10-11 09:00:00+09:00,7250.0,7260.0,7240.0,7240.0,2265,0.0,0.0
2024-10-11 09:05:00+09:00,7260.0,7300.0,7260.0,7300.0,0,0.0,0.0
2024-10-11 09:15:00+09:00,7290.0,7290.0,7260.0,7260.0,104,0.0,0.0
2024-10-11 09:20:00+09:00,7270.0,7270.0,7260.0,7270.0,2,0.0,0.0
2024-10-11 09:25:00+09:00,7260.0,7260.0,7260.0,7260.0,134,0.0,0.0
2024-10-11 09:30:00+09:00,7260.0,7260.0,7260.0,7260.0,0,0.0,0.0
2024-10-11 09:35:00+09:00,7250.0,7250.0,7250.0,7250.0,170,0.0,0.0
2024-10-11 09:40:00+09:00,7260.0,7260.0,7250.0,7250.0,10,0.0,0.0
2024-10-11 09:45:00+09:00,7250.0,7260.0,7240.0,7260.0,23,0.0,0.0
2024-10-11 09:50:00+09:00,7250.0,7260.0,7250.0,7260.0,70,0.0,0.0
2024-10-11 10:00:00+09:00,7240.0,7260.0,7240.0,7260.0,107,0.0,0.0
2024-10-11 10:05:00+09:00,7250.0,7260.0,7250.0,7260.0,49,0.0,0.0
2024-10-11 10:10:00+09:00,7260.0,7280.0,7260.0,7280.0,723,0.0,0.0
2024-10-11 10:20:00+09:00,7240.0,7250.0,7240.0,7250.0,153,0.0,0.0
2024-10-11 10:25:00+09:00,7280.0,7280.0,7280.0,7280.0,162,0.0,0.0
2024-10-11 10:30:00+09:00,7280.0,7280.0,7280.0,7280.0,2,0.0,0.0
2024-10-11 10:35:00+09:00,7280.0,7280.0,7280.0,7280.0,12,0.0,0.0
2024-10-11 10:45:00+09:00,7260.0,7270.0,7250.0,7270.0,63,0.0,0.0
2024-10-11 10:50:00+09:00,7250.0,7250.0,7250.0,7250.0,60,0.0,0.0
2024-10-11 10:55:00+09:00,7270.0,7270.0,7260.0,7270.0,228,0.0,0.0
2024-10-11 11:00:00+09:00,7250.0,7270.0,7250.0,7270.0,0,0.0,0.0
2024-10-11 11:05:00+09:00,7260.0,7260.0,7260.0,7260.0,0,0.0,0.0
2024-10-11 11:10:00+09:00,7250.0,7260.0,7240.0,7260.0,1279,0.0,0.0
2024-10-11 11:20:00+09:00,7250.0,7270.0,7250.0,7270.0,516,0.0,0.0
2024-10-11 11:25:00+09:00,7260.0,7260.0,7250.0,7250.0,269,0.0,0.0
2024-10-11 11:30:00+09:00,7260.0,7260.0,7260.0,7260.0,419,0.0,0.0
2024-10-11 11:35:00+09:00,7250.0,7250.0,7250.0,7250.0,275,0.0,0.0
2024-10-11 11:40:00+09:00,7250.0,7250.0,7240.0,7240.0,280,0.0,0.0
2024-10-11 11:45:00+09:00,7240.0,7240.0,7240.0,7240.0,17,0.0,0.0
2024-10-11 11:50:00+09:00,7240.0,7260.0,7240.0,7260.0,115,0.0,0.0
2024-10-11 12:00:00+09:00,7260.0,7260.0,7260.0,7260.0,0,0.0,0.0
2024-10-11 12:05:00+09:00,7250.0,7260.0,7240.0,7240.0,462,0.0,0.0
2024-10-11 12:10:00+09:00,7250.0,7250.0,7250.0,7250.0,2,0.0,0.0
2024-10-11 12:15:00+09:00,7250.0,7260.0,7250.0,7250.0,426,0.0,0.0
2024-10-11 12:20:00+09:00,7240.0,7240.0,7240.0,7240.0,531,0.0,0.0
2024-10-11 12:25:00+09:00,7250.0,7250.0,7230.0,7230.0,189,0.0,0.0
2024-10-11 12:30:00+09:00,7230.0,7270.0,7230.0,7270.0,1168,0.0,0.0
2024-10-11 12:35:00+09:00,7260.0,7260.0,7260.0,7260.0,0,0.0,0.0
2024-10-11 12:40:00+09:00,7250.0,7250.0,7250.0,7250.0,1810,0.0,0.0
2024-10-11 12:45:00+09:00,7250.0,7250.0,7250.0,7250.0,0,0.0,0.0
2024-10-11 12:50:00+09:00,7250.0,7250.0,7240.0,7240.0,22,0.0,0.0
2024-10-11 12:55:00+09:00,7250.0,7250.0,7240.0,7240.0,61,0.0,0.0
2024-10-11 13:00:00+09:00,7250.0,7250.0,7240.0,7240.0,4,0.0,0.0
2024-10-11 13:05:00+09:00,7240.0,7240.0,7240.0,7240.0,10,0.0,0.0
2024-10-11 13:10:00+09:00,7240.0,7240.0,7240.0,7240.0,30,0.0,0.0
2024-10-11 13:15:00+09:00,7250.0,7250.0,7250.0,7250.0,2,0.0,0.0
2024-10-11 13:20:00+09:00,7250.0,7250.0,7250.0,7250.0,49,0.0,0.0
2024-10-11 13:25:00+09:00,7250.0,7250.0,7250.0,7250.0,20,0.0,0.0
2024-10-11 13:30:00+09:00,7250.0,7250.0,7250.0,7250.0,81,0.0,0.0
2024-10-11 13:40:00+09:00,7240.0,7240.0,7230.0,7230.0,333,0.0,0.0
2024-10-11 13:55:00+09:00,7240.0,7240.0,7240.0,7240.0,69,0.0,0.0
2024-10-11 14:05:00+09:00,7240.0,7240.0,7240.0,7240.0,103,0.0,0.0
2024-10-11 14:10:00+09:00,7250.0,7250.0,7250.0,7250.0,1,0.0,0.0
2024-10-11 14:20:00+09:00,7230.0,7250.0,7230.0,7250.0,206,0.0,0.0
2024-10-11 14:30:00+09:00,7240.0,7240.0,7240.0,7240.0,335,0.0,0.0
2024-10-11 14:35:00+09:00,7250.0,7250.0,7250.0,7250.0,0,0.0,0.0
2024-10-11 14:40:00+09:00,7240.0,7240.0,7230.0,7230.0,1049,0.0,0.0
2024-10-11 14:45:00+09:00,7240.0,7240.0,7240.0,7240.0,6,0.0,0.0
2024-10-11 14:50:00+09:00,7230.0,7230.0,7230.0,7230.0,264,0.0,0.0
2024-10-11 14:55:00+09:00,7230.0,7230.0,7230.0,7230.0,85,0.0,0.0
2024-10-14 09:00:00+09:00,7250.0,7250.0,7220.0,7220.0,0,0.0,0.0
2024-10-14 09:05:00+09:00,7250.0,7260.0,7210.0,7210.0,889,0.0,0.0
2024-10-14 09:10:00+09:00,7220.0,7240.0,7200.0,7200.0,904,0.0,0.0
2024-10-14 09:15:00+09:00,7200.0,7200.0,7170.0,7170.0,1047,0.0,0.0
2024-10-14 09:20:00+09:00,7170.0,7170.0,7150.0,7150.0,1055,0.0,0.0
2024-10-14 09:25:00+09:00,7170.0,7180.0,7160.0,7170.0,47,0.0,0.0
2024-10-14 09:30:00+09:00,7160.0,7170.0,7140.0,7160.0,922,0.0,0.0
2024-10-14 09:35:00+09:00,7160.0,7180.0,7150.0,7160.0,653,0.0,0.0
2024-10-14 09:40:00+09:00,7170.0,7200.0,7170.0,7200.0,418,0.0,0.0
2024-10-14 09:45:00+09:00,7200.0,7200.0,7190.0,7190.0,128,0.0,0.0
2024-10-14 09:50:00+09:00,7200.0,7210.0,7200.0,7210.0,414,0.0,0.0
2024-10-14 09:55:00+09:00,7210.0,7210.0,7210.0,7210.0,76,0.0,0.0
2024-10-14 10:00:00+09:00,7210.0,7210.0,7210.0,7210.0,114,0.0,0.0
2024-10-14 10:05:00+09:00,7210.0,7220.0,7210.0,7220.0,237,0.0,0.0
2024-10-14 10:10:00+09:00,7210.0,7210.0,7210.0,7210.0,313,0.0,0.0
2024-10-14 10:15:00+09:00,7210.0,7220.0,7180.0,7220.0,1336,0.0,0.0
2024-10-14 10:20:00+09:00,7190.0,7190.0,7190.0,7190.0,65,0.0,0.0
2024-10-14 10:25:00+09:00,7190.0,7190.0,7190.0,7190.0,89,0.0,0.0
2024-10-14 10:30:00+09:00,7190.0,7210.0,7180.0,7210.0,148,0.0,0.0
2024-10-14 10:35:00+09:00,7210.0,7210.0,7210.0,7210.0,27,0.0,0.0
2024-10-14 10:40:00+09:00,7190.0,7190.0,7190.0,7190.0,191,0.0,0.0
2024-10-14 10:45:00+09:00,7190.0,7190.0,7190.0,7190.0,0,0.0,0.0
2024-10-14 10:50:00+09:00,7190.0,7190.0,7190.0,7190.0,60,0.0,0.0
2024-10-14 10:55:00+09:00,7180.0,7180.0,7150.0,7150.0,1601,0.0,0.0
2024-10-14 11:00:00+09:00,7200.0,7200.0,7200.0,7200.0,0,0.0,0.0
2024-10-14 11:10:00+09:00,7190.0,7190.0,7190.0,7190.0,101,0.0,0.0
2024-10-14 11:15:00+09:00,7200.0,7200.0,7190.0,7190.0,45,0.0,0.0
2024-10-14 11:25:00+09:00,7200.0,7200.0,7200.0,7200.0,2,0.0,0.0
2024-10-14 11:30:00+09:00,7200.0,7220.0,7200.0,7220.0,410,0.0,0.0
2024-10-14 11:40:00+09:00,7220.0,7220.0,7220.0,7220.0,2,0.0,0.0
2024-10-14 11:45:00+09:00,7200.0,7200.0,7190.0,7190.0,263,0.0,0.0
2024-10-14 11:55:00+09:00,7190.0,7190.0,7180.0,7180.0,492,0.0,0.0
2024-10-14 12:00:00+09:00,7210.0,7210.0,7210.0,7210.0,0,0.0,0.0
2024-10-14 12:05:00+09:00,7190.0,7190.0,7190.0,7190.0,249,0.0,0.0
2024-10-14 12:15:00+09:00,7200.0,7200.0,7200.0,7200.0,523,0.0,0.0
2024-10-14 12:20:00+09:00,7200.0,7200.0,7200.0,7200.0,0,0.0,0.0
2024-10-14 12:25:00+09:00,7200.0,7210.0,7200.0,7210.0,45,0.0,0.0
2024-10-14 12:30:00+09:00,7200.0,7200.0,7190.0,7190.0,101,0.0,0.0
2024-10-14 12:35:00+09:00,7190.0,7190.0,7190.0,7190.0,0,0.0,0.0
2024-10-14 12:45:00+09:00,7210.0,7210.0,7200.0,7200.0,17,0.0,0.0
2024-10-14 12:50:00+09:00,7210.0,7220.0,7210.0,7220.0,1579,0.0,0.0
2024-10-14 12:55:00+09:00,7200.0,7200.0,7190.0,7190.0,138,0.0,0.0
2024-10-14 13:00:00+09:00,7190.0,7200.0,7190.0,7200.0,286,0.0,0.0
2024-10-14 13:05:00+09:00,7200.0,7200.0,7200.0,7200.0,40,0.0,0.0
2024-10-14 13:15:00+09:00,7210.0,7210.0,7210.0,7210.0,28,0.0,0.0
2024-10-14 13:20:00+09:00,7210.0,7210.0,7210.0,7210.0,208,0.0,0.0
2024-10-14 13:25:00+09:00,7210.0,7210.0,7210.0,7210.0,0,0.0,0.0
2024-10-14 13:30:00+09:00,7220.0,7220.0,7210.0,7210.0,162,0.0,0.0
2024-10-14 13:35:00+09:00,7220.0,7220.0,7220.0,7220.0,0,0.0,0.0
2024-10-14 13:40:00+09:00,7210.0,7210.0,7210.0,7210.0,7,0.0,0.0
2024-10-14 13:45:00+09:00,7210.0,7210.0,7210.0,7210.0,200,0.0,0.0
2024-10-14 13:50:00+09:00,7210.0,7220.0,7210.0,7210.0,0,0.0,0.0
2024-10-14 13:55:00+09:00,7220.0,7220.0,7220.0,7220.0,10,0.0,0.0
2024-10-14 14:00:00+09:00,7210.0,7220.0,7210.0,7220.0,300,0.0,0.0
2024-10-14 14:05:00+09:00,7220.0,7220.0,7210.0,7210.0,11,0.0,0.0
2024-10-14 14:10:00+09:00,7210.0,7210.0,7210.0,7210.0,382,0.0,0.0
2024-10-14 14:15:00+09:00,7210.0,7240.0,7210.0,7220.0,2652,0.0,0.0
2024-10-14 14:20:00+09:00,7220.0,7220.0,7220.0,7220.0,105,0.0,0.0
2024-10-14 14:25:00+09:00,7240.0,7260.0,7240.0,7250.0,2844,0.0,0.0
2024-10-14 14:30:00+09:00,7250.0,7250.0,7250.0,7250.0,0,0.0,0.0
2024-10-14 14:35:00+09:00,7220.0,7220.0,7220.0,7220.0,1,0.0,0.0
2024-10-14 14:40:00+09:00,7250.0,7250.0,7250.0,7250.0,1,0.0,0.0
2024-10-14 14:50:00+09:00,7250.0,7250.0,7250.0,7250.0,850,0.0,0.0
2024-10-14 14:55:00+09:00,7260.0,7260.0,7260.0,7260.0,0,0.0,0.0
2024-10-15 09:00:00+09:00,7260.0,7260.0,7230.0,7260.0,828,0.0,0.0
2024-10-15 09:05:00+09:00,7240.0,7270.0,7240.0,7270.0,538,0.0,0.0
2024-10-15 09:10:00+09:00,7280.0,7280.0,7280.0,7280.0,104,0.0,0.0
2024-10-15 09:15:00+09:00,7280.0,7280.0,7280.0,7280.0,452,0.0,0.0
2024-10-15 09:20:00+09:00,7280.0,7280.0,7270.0,7270.0,144,0.0,0.0
2024-10-15 09:25:00+09:00,7270.0,7270.0,7250.0,7250.0,2636,0.0,0.0
2024-10-15 09:30:00+09:00,7250.0,7260.0,7250.0,7260.0,0,0.0,0.0
2024-10-15 09:35:00+09:00,7260.0,7260.0,7250.0,7260.0,1417,0.0,0.0
2024-10-15 09:40:00+09:00,7260.0,7260.0,7250.0,7250.0,27,0.0,0.0
2024-10-15 09:45:00+09:00,7250.0,7260.0,7250.0,7260.0,462,0.0,0.0
2024-10-15 09:50:00+09:00,7250.0,7260.0,7240.0,7240.0,1501,0.0,0.0
2024-10-15 09:55:00+09:00,7250.0,7250.0,7250.0,7250.0,105,0.0,0.0
2024-10-15 10:00:00+09:00,7260.0,7260.0,7260.0,7260.0,0,0.0,0.0
2024-10-15 10:10:00+09:00,7260.0,7260.0,7250.0,7250.0,460,0.0,0.0
2024-10-15 10:20:00+09:00,7250.0,7250.0,7250.0,7250.0,69,0.0,0.0
2024-10-15 10:25:00+09:00,7250.0,7260.0,7250.0,7260.0,408,0.0,0.0
2024-10-15 10:30:00+09:00,7260.0,7270.0,7250.0,7250.0,623,0.0,0.0
2024-10-15 10:35:00+09:00,7250.0,7280.0,7250.0,7280.0,128,0.0,0.0
2024-10-15 10:40:00+09:00,7280.0,7280.0,7270.0,7270.0,264,0.0,0.0
2024-10-15 10:45:00+09:00,7280.0,7280.0,7280.0,7280.0,5,0.0,0.0
2024-10-15 10:50:00+09:00,7280.0,7290.0,7280.0,7290.0,193,0.0,0.0
2024-10-15 10:55:00+09:00,7290.0,7290.0,7290.0,7290.0,120,0.0,0.0
2024-10-15 11:00:00+09:00,7290.0,7290.0,7290.0,7290.0,305,0.0,0.0
2024-10-15 11:05:00+09:00,7280.0,7280.0,7270.0,7270.0,56,0.0,0.0
2024-10-15 11:10:00+09:00,7280.0,7280.0,7280.0,7280.0,57,0.0,0.0
2024-10-15 11:15:00+09:00,7280.0,7300.0,7280.0,7300.0,1159,0.0,0.0
2024-10-15 11:20:00+09:00,7300.0,7310.0,7300.0,7300.0,297,0.0,0.0
2024-10-15 11:25:00+09:00,7300.0,7300.0,7300.0,7300.0,0,0.0,0.0
2024-10-15 11:30:00+09:00,7300.0,7340.0,7300.0,7340.0,1280,0.0,0.0
2024-10-15 11:35:00+09:00,7320.0,7320.0,7310.0,7310.0,27,0.0,0.0
2024-10-15 11:40:00+09:00,7300.0,7300.0,7300.0,7300.0,0,0.0,0.0
2024-10-15 11:50:00+09:00,7290.0,7290.0,7290.0,7290.0,50,0.0,0.0
2024-10-15 11:55:00+09:00,7290.0,7290.0,7290.0,7290.0,2,0.0,0.0
2024-10-15 12:00:00+09:00,7290.0,7290.0,7280.0,7280.0,355,0.0,0.0
2024-10-15 12:05:00+09:00,7290.0,7290.0,7290.0,7290.0,24,0.0,0.0
2024-10-15 12:10:00+09:00,7280.0,7280.0,7280.0,7280.0,8,0.0,0.0
2024-10-15 12:25:00+09:00,7300.0,7310.0,7300.0,7310.0,99,0.0,0.0
2024-10-15 12:30:00+09:00,7300.0,7300.0,7300.0,7300.0,252,0.0,0.0
2024-10-15 12:40:00+09:00,7310.0,7310.0,7300.0,7300.0,12,0.0,0.0
2024-10-15 12:45:00+09:00,7290.0,7290.0,7260.0,7260.0,1945,0.0,0.0
2024-10-15 12:50:00+09:00,7270.0,7310.0,7270.0,7310.0,0,0.0,0.0
2024-10-15 12:55:00+09:00,7310.0,7400.0,7310.0,7370.0,5017,0.0,0.0
2024-10-15 13:00:00+09:00,7370.0,7370.0,7360.0,7370.0,20,0.0,0.0
2024-10-15 13:05:00+09:00,7350.0,7350.0,7320.0,7350.0,180,0.0,0.0
2024-10-15 13:10:00+09:00,7320.0,7320.0,7320.0,7320.0,3,0.0,0.0
2024-10-15 13:20:00+09:00,7320.0,7320.0,7320.0,7320.0,15,0.0,0.0
2024-10-15 13:25:00+09:00,7320.0,7320.0,7320.0,7320.0,12,0.0,0.0
2024-10-15 13:30:00+09:00,7320.0,7320.0,7320.0,7320.0,3,0.0,0.0
2024-10-15 13:35:00+09:00,7330.0,7360.0,7330.0,7360.0,325,0.0,0.0
2024-10-15 13:40:00+09:00,7360.0,7360.0,7360.0,7360.0,1100,0.0,0.0
2024-10-15 13:45:00+09:00,7350.0,7350.0,7320.0,7320.0,0,0.0,0.0
2024-10-15 13:50:00+09:00,7320.0,7320.0,7320.0,7320.0,2,0.0,0.0
2024-10-15 13:55:00+09:00,7310.0,7330.0,7310.0,7330.0,718,0.0,0.0
2024-10-15 14:00:00+09:00,7330.0,7330.0,7330.0,7330.0,230,0.0,0.0
2024-10-15 14:05:00+09:00,7330.0,7370.0,7330.0,7330.0,1278,0.0,0.0
2024-10-15 14:10:00+09:00,7330.0,7330.0,7320.0,7320.0,4,0.0,0.0
2024-10-15 14:15:00+09:00,7330.0,7380.0,7330.0,7360.0,170,0.0,0.0
2024-10-15 14:20:00+09:00,7360.0,7400.0,7360.0,7400.0,1499,0.0,0.0
2024-10-15 14:25:00+09:00,7380.0,7390.0,7370.0,7380.0,883,0.0,0.0
2024-10-15 14:30:00+09:00,7380.0,7390.0,7380.0,7390.0,1361,0.0,0.0
2024-10-15 14:35:00+09:00,7360.0,7380.0,7350.0,7380.0,167,0.0,0.0
2024-10-15 14:40:00+09:00,7340.0,7390.0,7330.0,7390.0,248,0.0,0.0
2024-10-15 14:45:00+09:00,7370.0,7390.0,7340.0,7380.0,720,0.0,0.0
2024-10-15 14:50:00+09:00,7380.0,7390.0,7380.0,7390.0,104,0.0,0.0
2024-10-15 14:55:00+09:00,7380.0,7390.0,7380.0,7380.0,1080,0.0,0.0
2024-10-16 09:00:00+09:00,7370.0,7370.0,7300.0,7300.0,1996,0.0,0.0
2024-10-16 09:05:00+09:00,7350.0,7350.0,7310.0,7330.0,555,0.0,0.0
2024-10-16 09:10:00+09:00,7320.0,7320.0,7300.0,7320.0,256,0.0,0.0
2024-10-16 09:15:00+09:00,7320.0,7320.0,7300.0,7320.0,1769,0.0,0.0
2024-10-16 09:20:00+09:00,7320.0,7340.0,7320.0,7340.0,182,0.0,0.0
2024-10-16 09:25:00+09:00,7340.0,7340.0,7340.0,7340.0,53,0.0,0.0
2024-10-16 09:30:00+09:00,7350.0,7350.0,7350.0,7350.0,0,0.0,0.0
2024-10-16 09:35:00+09:00,7340.0,7340.0,7320.0,7320.0,1297,0.0,0.0
2024-10-16 09:40:00+09:00,7320.0,7330.0,7320.0,7320.0,371,0.0,0.0
2024-10-16 09:45:00+09:00,7320.0,7330.0,7320.0,7330.0,40,0.0,0.0
2024-10-16 09:50:00+09:00,7320.0,7340.0,7320.0,7330.0,218,0.0,0.0
2024-10-16 09:55:00+09:00,7320.0,7320.0,7300.0,7310.0,4529,0.0,0.0
2024-10-16 10:00:00+09:00,7310.0,7320.0,7310.0,7320.0,92,0.0,0.0
2024-10-16 10:05:00+09:00,7310.0,7320.0,7310.0,7320.0,461,0.0,0.0
2024-10-16 10:10:00+09:00,7330.0,7350.0,7330.0,7340.0,280,0.0,0.0
2024-10-16 10:15:00+09:00,7340.0,7340.0,7330.0,7340.0,393,0.0,0.0
2024-10-16 10:20:00+09:00,7350.0,7400.0,7350.0,7360.0,2456,0.0,0.0
2024-10-16 10:25:00+09:00,7340.0,7340.0,7340.0,7340.0,0,0.0,0.0
2024-10-16 10:30:00+09:00,7360.0,7360.0,7300.0,7300.0,446,0.0,0.0
2024-10-16 10:35:00+09:00,7290.0,7320.0,7290.0,7310.0,1106,0.0,0.0
2024-10-16 10:40:00+09:00,7320.0,7320.0,7310.0,7310.0,301,0.0,0.0
2024-10-16 10:45:00+09:00,7320.0,7320.0,7310.0,7310.0,108,0.0,0.0
2024-10-16 10:50:00+09:00,7320.0,7330.0,7320.0,7320.0,95,0.0,0.0
2024-10-16 10:55:00+09:00,7330.0,7330.0,7330.0,7330.0,27,0.0,0.0
2024-10-16 11:00:00+09:00,7330.0,7330.0,7330.0,7330.0,89,0.0,0.0
2024-10-16 11:05:00+09:00,7340.0,7340.0,7340.0,7340.0,40,0.0,0.0
2024-10-16 11:10:00+09:00,7350.0,7370.0,7350.0,7370.0,203,0.0,0.0
2024-10-16 11:15:00+09:00,7370.0,7430.0,7370.0,7410.0,1933,0.0,0.0
2024-10-16 11:20:00+09:00,7410.0,7430.0,7390.0,7390.0,902,0.0,0.0
2024-10-16 11:25:00+09:00,7400.0,7410.0,7390.0,7410.0,182,0.0,0.0
2024-10-16 11:30:00+09:00,7410.0,7450.0,7390.0,7390.0,4873,0.0,0.0
2024-10-16 11:35:00+09:00,7390.0,7400.0,7390.0,7400.0,1101,0.0,0.0
2024-10-16 11:40:00+09:00,7400.0,7420.0,7400.0,7420.0,145,0.0,0.0
2024-10-16 11:45:00+09:00,7410.0,7420.0,7390.0,7410.0,1530,0.0,0.0
2024-10-16 11:55:00+09:00,7410.0,7410.0,7390.0,7390.0,1829,0.0,0.0
2024-10-16 12:00:00+09:00,7390.0,7440.0,7390.0,7400.0,524,0.0,0.0
2024-10-16 12:05:00+09:00,7400.0,7400.0,7400.0,7400.0,495,0.0,0.0
2024-10-16 12:10:00+09:00,7400.0,7400.0,7400.0,7400.0,440,0.0,0.0
2024-10-16 12:15:00+09:00,7400.0,7410.0,7400.0,7400.0,145,0.0,0.0
2024-10-16 12:20:00+09:00,7410.0,7430.0,7390.0,7430.0,680,0.0,0.0
2024-10-16 12:25:00+09:00,7410.0,7410.0,7410.0,7410.0,0,0.0,0.0
2024-10-16 12:30:00+09:00,7400.0,7440.0,7400.0,7420.0,662,0.0,0.0
2024-10-16 12:35:00+09:00,7420.0,7420.0,7420.0,7420.0,36,0.0,0.0
2024-10-16 12:40:00+09:00,7410.0,7410.0,7410.0,7410.0,605,0.0,0.0
2024-10-16 12:45:00+09:00,7410.0,7410.0,7400.0,7400.0,586,0.0,0.0
2024-10-16 12:50:00+09:00,7410.0,7410.0,7410.0,7410.0,0,0.0,0.0
2024-10-16 12:55:00+09:00,7410.0,7410.0,7410.0,7410.0,2,0.0,0.0
2024-10-16 13:00:00+09:00,7400.0,7400.0,7390.0,7390.0,18,0.0,0.0
2024-10-16 13:05:00+09:00,7410.0,7410.0,7380.0,7400.0,123,0.0,0.0
2024-10-16 13:10:00+09:00,7390.0,7400.0,7380.0,7380.0,335,0.0,0.0
2024-10-16 13:15:00+09:00,7380.0,7380.0,7380.0,7380.0,10,0.0,0.0
2024-10-16 13:25:00+09:00,7380.0,7380.0,7360.0,7360.0,2303,0.0,0.0
2024-10-16 13:30:00+09:00,7360.0,7380.0,7360.0,7380.0,0,0.0,0.0
2024-10-16 13:35:00+09:00,7390.0,7390.0,7390.0,7390.0,2,0.0,0.0
2024-10-16 13:40:00+09:00,7390.0,7390.0,7390.0,7390.0,2,0.0,0.0
2024-10-16 13:45:00+09:00,7390.0,7390.0,7390.0,7390.0,20,0.0,0.0
2024-10-16 13:50:00+09:00,7380.0,7380.0,7360.0,7380.0,14,0.0,0.0
2024-10-16 13:55:00+09:00,7380.0,7390.0,7360.0,7390.0,68,0.0,0.0
2024-10-16 14:00:00+09:00,7390.0,7390.0,7360.0,7380.0,460,0.0,0.0
2024-10-16 14:05:00+09:00,7380.0,7390.0,7380.0,7390.0,102,0.0,0.0
2024-10-16 14:10:00+09:00,7380.0,7390.0,7380.0,7390.0,330,0.0,0.0
2024-10-16 14:15:00+09:00,7390.0,7390.0,7380.0,7390.0,350,0.0,0.0
2024-10-16 14:20:00+09:00,7390.0,7390.0,7390.0,7390.0,188,0.0,0.0
2024-10-16 14:25:00+09:00,7390.0,7390.0,7390.0,7390.0,372,0.0,0.0
2024-10-16 14:30:00+09:00,7390.0,7390.0,7380.0,7380.0,410,0.0,0.0
2024-10-16 14:35:00+09:00,7380.0,7410.0,7380.0,7380.0,822,0.0,0.0
2024-10-16 14:40:00+09:00,7390.0,7390.0,7380.0,7380.0,486,0.0,0.0
2024-10-16 14:55:00+09:00,7390.0,7390.0,7390.0,7390.0,0,0.0,0.0
2024-10-17 09:00:00+09:00,7390.0,7400.0,7390.0,7400.0,666,0.0,0.0
2024-10-17 09:05:00+09:00,7380.0,7380.0,7370.0,7370.0,388,0.0,0.0
2024-10-17 09:10:00+09:00,7380.0,7400.0,7380.0,7400.0,579,0.0,0.0
2024-10-17 09:15:00+09:00,7410.0,7410.0,7380.0,7380.0,339,0.0,0.0
2024-10-17 09:20:00+09:00,7380.0,7380.0,7380.0,7380.0,4,0.0,0.0
2024-10-17 09:35:00+09:00,7390.0,7390.0,7390.0,7390.0,40,0.0,0.0
2024-10-17 09:40:00+09:00,7400.0,7400.0,7340.0,7340.0,1425,0.0,0.0
2024-10-17 09:45:00+09:00,7370.0,7370.0,7370.0,7370.0,1,0.0,0.0
2024-10-17 09:55:00+09:00,7340.0,7340.0,7340.0,7340.0,301,0.0,0.0
2024-10-17 10:00:00+09:00,7370.0,7370.0,7370.0,7370.0,0,0.0,0.0
2024-10-17 10:15:00+09:00,7360.0,7370.0,7360.0,7370.0,42,0.0,0.0
2024-10-17 10:20:00+09:00,7370.0,7370.0,7360.0,7360.0,138,0.0,0.0
2024-10-17 10:30:00+09:00,7360.0,7360.0,7350.0,7350.0,32,0.0,0.0
2024-10-17 10:35:00+09:00,7340.0,7350.0,7340.0,7340.0,763,0.0,0.0
2024-10-17 10:40:00+09:00,7340.0,7350.0,7340.0,7340.0,27,0.0,0.0
2024-10-17 10:45:00+09:00,7340.0,7340.0,7330.0,7330.0,387,0.0,0.0
2024-10-17 10:55:00+09:00,7330.0,7330.0,7330.0,7330.0,872,0.0,0.0
2024-10-17 11:00:00+09:00,7340.0,7340.0,7330.0,7330.0,0,0.0,0.0
2024-10-17 11:05:00+09:00,7340.0,7340.0,7340.0,7340.0,283,0.0,0.0
2024-10-17 11:25:00+09:00,7340.0,7390.0,7340.0,7390.0,0,0.0,0.0
2024-10-17 11:35:00+09:00,7390.0,7390.0,7390.0,7390.0,533,0.0,0.0
2024-10-17 11:45:00+09:00,7390.0,7390.0,7390.0,7390.0,0,0.0,0.0
2024-10-17 11:55:00+09:00,7390.0,7390.0,7390.0,7390.0,330,0.0,0.0
2024-10-17 12:00:00+09:00,7390.0,7390.0,7360.0,7390.0,136,0.0,0.0
2024-10-17 12:05:00+09:00,7390.0,7410.0,7390.0,7400.0,935,0.0,0.0
2024-10-17 12:10:00+09:00,7380.0,7380.0,7380.0,7380.0,0,0.0,0.0
2024-10-17 12:15:00+09:00,7410.0,7410.0,7410.0,7410.0,535,0.0,0.0
2024-10-17 12:20:00+09:00,7410.0,7420.0,7410.0,7410.0,0,0.0,0.0
2024-10-17 12:25:00+09:00,7410.0,7420.0,7410.0,7420.0,121,0.0,0.0
2024-10-17 12:30:00+09:00,7420.0,7440.0,7420.0,7440.0,1496,0.0,0.0
2024-10-17 12:35:00+09:00,7440.0,7440.0,7420.0,7420.0,0,0.0,0.0
2024-10-17 12:40:00+09:00,7420.0,7420.0,7420.0,7420.0,10,0.0,0.0
2024-10-17 12:45:00+09:00,7410.0,7440.0,7410.0,7440.0,606,0.0,0.0
2024-10-17 12:50:00+09:00,7410.0,7440.0,7410.0,7440.0,113,0.0,0.0
2024-10-17 12:55:00+09:00,7440.0,7440.0,7440.0,7440.0,1319,0.0,0.0
2024-10-17 13:00:00+09:00,7440.0,7440.0,7420.0,7420.0,0,0.0,0.0
2024-10-17 13:10:00+09:00,7420.0,7420.0,7410.0,7410.0,302,0.0,0.0
2024-10-17 13:15:00+09:00,7410.0,7410.0,7410.0,7410.0,22,0.0,0.0
2024-10-17 13:20:00+09:00,7420.0,7420.0,7420.0,7420.0,299,0.0,0.0
2024-10-17 13:25:00+09:00,7420.0,7420.0,7410.0,7410.0,425,0.0,0.0
2024-10-17 13:30:00+09:00,7410.0,7410.0,7410.0,7410.0,3,0.0,0.0
2024-10-17 13:35:00+09:00,7410.0,7410.0,7400.0,7400.0,57,0.0,0.0
2024-10-17 13:40:00+09:00,7410.0,7410.0,7410.0,7410.0,0,0.0,0.0
2024-10-17 13:45:00+09:00,7410.0,7420.0,7410.0,7420.0,600,0.0,0.0
2024-10-17 13:50:00+09:00,7410.0,7410.0,7410.0,7410.0,2,0.0,0.0
2024-10-17 13:55:00+09:00,7420.0,7420.0,7420.0,7420.0,52,0.0,0.0
2024-10-17 14:00:00+09:00,7410.0,7410.0,7410.0,7410.0,67,0.0,0.0
2024-10-17 14:10:00+09:00,7410.0,7420.0,7410.0,7420.0,59,0.0,0.0
2024-10-17 14:15:00+09:00,7420.0,7430.0,7400.0,7430.0,198,0.0,0.0
2024-10-17 14:20:00+09:00,7430.0,7430.0,7430.0,7430.0,3,0.0,0.0
2024-10-17 14:25:00+09:00,7420.0,7420.0,7420.0,7420.0,3,0.0,0.0
2024-10-17 14:30:00+09:00,7420.0,7420.0,7420.0,7420.0,34,0.0,0.0
2024-10-17 14:35:00+09:00,7420.0,7430.0,7400.0,7400.0,969,0.0,0.0
2024-10-17 14:40:00+09:00,7390.0,7390.0,7390.0,7390.0,0,0.0,0.0
2024-10-17 14:45:00+09:00,7390.0,7420.0,7390.0,7410.0,16,0.0,0.0
2024-10-17 14:55:00+09:00,7410.0,7420.0,7390.0,7390.0,7,0.0,0.0
2024-10-18 09:00:00+09:00,7370.0,7390.0,7370.0,7390.0,491,0.0,0.0
2024-10-18 09:05:00+09:00,7390.0,7400.0,7390.0,7400.0,1060,0.0,0.0
2024-10-18 09:10:00+09:00,7400.0,7480.0,7400.0,7480.0,2516,0.0,0.0
2024-10-18 09:15:00+09:00,7470.0,7560.0,7470.0,7560.0,7197,0.0,0.0
2024-10-18 09:20:00+09:00,7560.0,7590.0,7480.0,7480.0,6408,0.0,0.0
2024-10-18 09:25:00+09:00,7500.0,7540.0,7500.0,7510.0,258,0.0,0.0
2024-10-18 09:30:00+09:00,7540.0,7540.0,7510.0,7540.0,904,0.0,0.0
2024-10-18 09:35:00+09:00,7520.0,7520.0,7470.0,7470.0,4430,0.0,0.0
2024-10-18 09:40:00+09:00,7470.0,7470.0,7470.0,7470.0,83,0.0,0.0
2024-10-18 09:45:00+09:00,7480.0,7490.0,7480.0,7480.0,632,0.0,0.0
2024-10-18 09:50:00+09:00,7480.0,7480.0,7470.0,7470.0,390,0.0,0.0
2024-10-18 09:55:00+09:00,7470.0,7470.0,7470.0,7470.0,2,0.0,0.0
2024-10-18 10:00:00+09:00,7490.0,7530.0,7490.0,7530.0,2811,0.0,0.0
2024-10-18 10:05:00+09:00,7540.0,7570.0,7510.0,7510.0,1541,0.0,0.0
2024-10-18 10:10:00+09:00,7510.0,7510.0,7510.0,7510.0,17,0.0,0.0
2024-10-18 10:15:00+09:00,7520.0,7520.0,7500.0,7500.0,254,0.0,0.0
2024-10-18 10:20:00+09:00,7530.0,7530.0,7530.0,7530.0,6,0.0,0.0
2024-10-18 10:25:00+09:00,7510.0,7510.0,7500.0,7500.0,892,0.0,0.0
2024-10-18 10:30:00+09:00,7500.0,7510.0,7500.0,7510.0,0,0.0,0.0
2024-10-18 10:35:00+09:00,7490.0,7490.0,7480.0,7480.0,1156,0.0,0.0
2024-10-18 10:40:00+09:00,7470.0,7470.0,7440.0,7440.0,2002,0.0,0.0
2024-10-18 10:45:00+09:00,7500.0,7500.0,7500.0,7500.0,15,0.0,0.0
2024-10-18 10:50:00+09:00,7490.0,7490.0,7490.0,7490.0,30,0.0,0.0
2024-10-18 10:55:00+09:00,7490.0,7490.0,7440.0,7440.0,407,0.0,0.0
2024-10-18 11:00:00+09:00,7480.0,7480.0,7470.0,7470.0,71,0.0,0.0
2024-10-18 11:05:00+09:00,7480.0,7480.0,7480.0,7480.0,0,0.0,0.0
2024-10-18 11:10:00+09:00,7460.0,7460.0,7450.0,7450.0,106,0.0,0.0
2024-10-18 11:15:00+09:00,7450.0,7450.0,7430.0,7430.0,539,0.0,0.0
2024-10-18 11:20:00+09:00,7470.0,7470.0,7460.0,7460.0,0,0.0,0.0
2024-10-18 11:25:00+09:00,7450.0,7470.0,7450.0,7470.0,76,0.0,0.0
2024-10-18 11:30:00+09:00,7450.0,7450.0,7450.0,7450.0,3,0.0,0.0
2024-10-18 11:35:00+09:00,7450.0,7450.0,7450.0,7450.0,30,0.0,0.0
2024-10-18 11:45:00+09:00,7460.0,7460.0,7460.0,7460.0,12,0.0,0.0
2024-10-18 11:50:00+09:00,7460.0,7460.0,7440.0,7440.0,896,0.0,0.0
2024-10-18 12:00:00+09:00,7440.0,7440.0,7440.0,7440.0,0,0.0,0.0
2024-10-18 12:05:00+09:00,7460.0,7460.0,7460.0,7460.0,1060,0.0,0.0
2024-10-18 12:10:00+09:00,7440.0,7440.0,7440.0,7440.0,76,0.0,0.0
2024-10-18 12:15:00+09:00,7450.0,7470.0,7450.0,7470.0,92,0.0,0.0
2024-10-18 12:20:00+09:00,7470.0,7470.0,7460.0,7460.0,1126,0.0,0.0
2024-10-18 12:25:00+09:00,7460.0,7460.0,7430.0,7430.0,935,0.0,0.0
2024-10-18 12:30:00+09:00,7430.0,7430.0,7410.0,7410.0,1987,0.0,0.0
2024-10-18 12:35:00+09:00,7410.0,7450.0,7410.0,7420.0,15,0.0,0.0
2024-10-18 12:50:00+09:00,7430.0,7430.0,7410.0,7410.0,1974,0.0,0.0
2024-10-18 12:55:00+09:00,7400.0,7400.0,7400.0,7400.0,1317,0.0,0.0
2024-10-18 13:00:00+09:00,7400.0,7400.0,7390.0,7400.0,0,0.0,0.0
2024-10-18 13:05:00+09:00,7400.0,7410.0,7400.0,7410.0,214,0.0,0.0
2024-10-18 13:10:00+09:00,7410.0,7410.0,7400.0,7410.0,194,0.0,0.0
2024-10-18 13:15:00+09:00,7410.0,7450.0,7410.0,7450.0,1201,0.0,0.0
2024-10-18 13:20:00+09:00,7450.0,7450.0,7450.0,7450.0,0,0.0,0.0
2024-10-18 13:25:00+09:00,7440.0,7440.0,7440.0,7440.0,31,0.0,0.0
2024-10-18 13:30:00+09:00,7430.0,7430.0,7430.0,7430.0,416,0.0,0.0
2024-10-18 13:35:00+09:00,7420.0,7430.0,7390.0,7390.0,2937,0.0,0.0
2024-10-18 13:40:00+09:00,7430.0,7450.0,7430.0,7450.0,0,0.0,0.0
2024-10-18 13:45:00+09:00,7440.0,7450.0,7440.0,7450.0,17,0.0,0.0
2024-10-18 13:50:00+09:00,7450.0,7450.0,7450.0,7450.0,0,0.0,0.0
2024-10-18 13:55:00+09:00,7450.0,7450.0,7450.0,7450.0,42,0.0,0.0
2024-10-18 14:05:00+09:00,7450.0,7450.0,7450.0,7450.0,1,0.0,0.0
2024-10-18 14:10:00+09:00,7450.0,7460.0,7450.0,7460.0,595,0.0,0.0
2024-10-18 14:15:00+09:00,7460.0,7500.0,7460.0,7500.0,655,0.0,0.0
2024-10-18 14:20:00+09:00,7480.0,7500.0,7470.0,7490.0,642,0.0,0.0
2024-10-18 14:25:00+09:00,7490.0,7500.0,7450.0,7490.0,378,0.0,0.0
2024-10-18 14:30:00+09:00,7460.0,7470.0,7450.0,7470.0,327,0.0,0.0
2024-10-18 14:35:00+09:00,7470.0,7480.0,7470.0,7480.0,373,0.0,0.0
2024-10-18 14:40:00+09:00,7480.0,7480.0,7480.0,7480.0,0,0.0,0.0
2024-10-18 14:45:00+09:00,7490.0,7490.0,7470.0,7470.0,122,0.0,0.0
2024-10-18 14:50:00+09:00,7470.0,7500.0,7440.0,7500.0,1214,0.0,0.0
2024-10-18 14:55:00+09:00,7490.0,7490.0,7450.0,7450.0,302,0.0,0.0
2024-10-21 09:00:00+09:00,7520.0,7520.0,7490.0,7500.0,0,0.0,0.0
2024-10-21 09:05:00+09:00,7500.0,7530.0,7490.0,7500.0,1729,0.0,0.0
2024-10-21 09:10:00+09:00,7490.0,7550.0,7490.0,7540.0,589,0.0,0.0
2024-10-21 09:15:00+09:00,7520.0,7520.0,7520.0,7520.0,0,0.0,0.0
2024-10-21 09:20:00+09:00,7520.0,7530.0,7510.0,7510.0,824,0.0,0.0
2024-10-21 09:25:00+09:00,7500.0,7500.0,7490.0,7490.0,425,0.0,0.0
2024-10-21 09:30:00+09:00,7490.0,7490.0,7480.0,7480.0,188,0.0,0.0
2024-10-21 09:35:00+09:00,7480.0,7480.0,7460.0,7460.0,2467,0.0,0.0
2024-10-21 09:40:00+09:00,7480.0,7480.0,7470.0,7470.0,20,0.0,0.0
2024-10-21 09:45:00+09:00,7480.0,7480.0,7460.0,7480.0,363,0.0,0.0
2024-10-21 09:55:00+09:00,7490.0,7490.0,7490.0,7490.0,54,0.0,0.0
2024-10-21 10:00:00+09:00,7480.0,7480.0,7480.0,7480.0,1031,0.0,0.0
2024-10-21 10:10:00+09:00,7480.0,7490.0,7470.0,7480.0,1658,0.0,0.0
2024-10-21 10:15:00+09:00,7500.0,7500.0,7470.0,7470.0,0,0.0,0.0
2024-10-21 10:20:00+09:00,7490.0,7490.0,7490.0,7490.0,13,0.0,0.0
2024-10-21 10:25:00+09:00,7490.0,7490.0,7480.0,7480.0,672,0.0,0.0
2024-10-21 10:30:00+09:00,7480.0,7480.0,7470.0,7480.0,139,0.0,0.0
2024-10-21 10:40:00+09:00,7480.0,7480.0,7480.0,7480.0,722,0.0,0.0
2024-10-21 10:50:00+09:00,7480.0,7490.0,7480.0,7490.0,5,0.0,0.0
2024-10-21 11:00:00+09:00,7490.0,7490.0,7470.0,7470.0,518,0.0,0.0
2024-10-21 11:10:00+09:00,7480.0,7480.0,7480.0,7480.0,36,0.0,0.0
2024-10-21 11:15:00+09:00,7480.0,7480.0,7480.0,7480.0,0,0.0,0.0
2024-10-21 11:20:00+09:00,7480.0,7480.0,7480.0,7480.0,144,0.0,0.0
2024-10-21 11:30:00+09:00,7480.0,7490.0,7480.0,7490.0,260,0.0,0.0
2024-10-21 11:35:00+09:00,7480.0,7500.0,7480.0,7500.0,983,0.0,0.0
2024-10-21 11:40:00+09:00,7500.0,7500.0,7490.0,7490.0,75,0.0,0.0
2024-10-21 11:45:00+09:00,7490.0,7500.0,7490.0,7500.0,375,0.0,0.0
2024-10-21 11:50:00+09:00,7500.0,7510.0,7500.0,7510.0,344,0.0,0.0
2024-10-21 11:55:00+09:00,7500.0,7500.0,7500.0,7500.0,255,0.0,0.0
2024-10-21 12:00:00+09:00,7500.0,7500.0,7500.0,7500.0,1,0.0,0.0
2024-10-21 12:05:00+09:00,7510.0,7510.0,7510.0,7510.0,2,0.0,0.0
2024-10-21 12:10:00+09:00,7510.0,7510.0,7510.0,7510.0,139,0.0,0.0
2024-10-21 12:20:00+09:00,7510.0,7510.0,7510.0,7510.0,776,0.0,0.0
2024-10-21 12:25:00+09:00,7500.0,7500.0,7500.0,7500.0,268,0.0,0.0
2024-10-21 12:30:00+09:00,7500.0,7510.0,7500.0,7510.0,317,0.0,0.0
2024-10-21 12:35:00+09:00,7510.0,7510.0,7510.0,7510.0,60,0.0,0.0
2024-10-21 12:40:00+09:00,7510.0,7510.0,7510.0,7510.0,52,0.0,0.0
2024-10-21 12:45:00+09:00,7510.0,7510.0,7510.0,7510.0,22,0.0,0.0
2024-10-21 12:50:00+09:00,7500.0,7500.0,7500.0,7500.0,222,0.0,0.0
2024-10-21 12:55:00+09:00,7500.0,7500.0,7480.0,7480.0,1600,0.0,0.0
2024-10-21 13:00:00+09:00,7510.0,7510.0,7510.0,7510.0,30,0.0,0.0
2024-10-21 13:05:00+09:00,7510.0,7520.0,7510.0,7520.0,58,0.0,0.0
2024-10-21 13:15:00+09:00,7520.0,7520.0,7520.0,7520.0,48,0.0,0.0
2024-10-21 13:20:00+09:00,7500.0,7500.0,7490.0,7490.0,476,0.0,0.0
2024-10-21 13:40:00+09:00,7490.0,7490.0,7490.0,7490.0,0,0.0,0.0
2024-10-21 13:45:00+09:00,7510.0,7510.0,7510.0,7510.0,127,0.0,0.0
2024-10-21 13:50:00+09:00,7490.0,7490.0,7480.0,7480.0,2191,0.0,0.0
2024-10-21 13:55:00+09:00,7480.0,7480.0,7480.0,7480.0,0,0.0,0.0
2024-10-21 14:00:00+09:00,7480.0,7480.0,7480.0,7480.0,500,0.0,0.0
2024-10-21 14:05:00+09:00,7480.0,7480.0,7470.0,7470.0,786,0.0,0.0
2024-10-21 14:10:00+09:00,7470.0,7480.0,7470.0,7480.0,216,0.0,0.0
2024-10-21 14:20:00+09:00,7480.0,7480.0,7480.0,7480.0,2,0.0,0.0
2024-10-21 14:25:00+09:00,7480.0,7480.0,7480.0,7480.0,59,0.0,0.0
2024-10-21 14:30:00+09:00,7490.0,7490.0,7490.0,7490.0,1,0.0,0.0
2024-10-21 14:35:00+09:00,7490.0,7490.0,7490.0,7490.0,6,0.0,0.0
2024-10-21 14:45:00+09:00,7480.0,7480.0,7480.0,7480.0,168,0.0,0.0
2024-10-21 14:50:00+09:00,7470.0,7490.0,7470.0,7480.0,315,0.0,0.0
2024-10-21 14:55:00+09:00,7490.0,7500.0,7470.0,7470.0,1507,0.0,0.0
2024-10-22 09:00:00+09:00,7430.0,7500.0,7430.0,7490.0,588,0.0,0.0
2024-10-22 09:05:00+09:00,7470.0,7470.0,7450.0,7450.0,22,0.0,0.0
2024-10-22 09:10:00+09:00,7440.0,7470.0,7400.0,7470.0,952,0.0,0.0
2024-10-22 09:15:00+09:00,7450.0,7470.0,7400.0,7450.0,3241,0.0,0.0
2024-10-22 09:20:00+09:00,7410.0,7480.0,7400.0,7460.0,559,0.0,0.0
2024-10-22 09:25:00+09:00,7460.0,7460.0,7460.0,7460.0,21,0.0,0.0
2024-10-22 09:30:00+09:00,7460.0,7460.0,7420.0,7420.0,184,0.0,0.0
2024-10-22 09:35:00+09:00,7420.0,7440.0,7420.0,7440.0,212,0.0,0.0
2024-10-22 09:40:00+09:00,7440.0,7440.0,7440.0,7440.0,0,0.0,0.0
2024-10-22 09:45:00+09:00,7430.0,7480.0,7400.0,7460.0,3983,0.0,0.0
2024-10-22 09:50:00+09:00,7430.0,7480.0,7410.0,7470.0,444,0.0,0.0
2024-10-22 09:55:00+09:00,7420.0,7450.0,7410.0,7450.0,1731,0.0,0.0
2024-10-22 10:00:00+09:00,7440.0,7470.0,7440.0,7470.0,231,0.0,0.0
2024-10-22 10:05:00+09:00,7430.0,7460.0,7430.0,7450.0,300,0.0,0.0
2024-10-22 10:10:00+09:00,7430.0,7450.0,7390.0,7450.0,3386,0.0,0.0
2024-10-22 10:15:00+09:00,7400.0,7440.0,7400.0,7420.0,180,0.0,0.0
2024-10-22 10:20:00+09:00,7400.0,7440.0,7380.0,7390.0,2832,0.0,0.0
2024-10-22 10:25:00+09:00,7430.0,7440.0,7360.0,7430.0,2810,0.0,0.0
2024-10-22 10:30:00+09:00,7430.0,7440.0,7430.0,7440.0,19,0.0,0.0
2024-10-22 10:35:00+09:00,7440.0,7440.0,7410.0,7420.0,166,0.0,0.0
2024-10-22 10:40:00+09:00,7420.0,7420.0,7420.0,7420.0,83,0.0,0.0
2024-10-22 10:45:00+09:00,7400.0,7420.0,7400.0,7420.0,49,0.0,0.0
2024-10-22 10:55:00+09:00,7420.0,7430.0,7420.0,7430.0,183,0.0,0.0
2024-10-22 11:00:00+09:00,7430.0,7430.0,7430.0,7430.0,2,0.0,0.0
2024-10-22 11:05:00+09:00,7410.0,7430.0,7370.0,7430.0,900,0.0,0.0
2024-10-22 11:10:00+09:00,7380.0,7420.0,7380.0,7420.0,16,0.0,0.0
2024-10-22 11:15:00+09:00,7410.0,7410.0,7380.0,7410.0,65,0.0,0.0
2024-10-22 11:20:00+09:00,7370.0,7420.0,7270.0,7420.0,4446,0.0,0.0
2024-10-22 11:25:00+09:00,7410.0,7420.0,7400.0,7420.0,810,0.0,0.0
2024-10-22 11:30:00+09:00,7410.0,7420.0,7410.0,7420.0,0,0.0,0.0
2024-10-22 11:35:00+09:00,7350.0,7410.0,7350.0,7410.0,23,0.0,0.0
2024-10-22 11:40:00+09:00,7410.0,7420.0,7410.0,7420.0,17,0.0,0.0
2024-10-22 11:45:00+09:00,7380.0,7420.0,7380.0,7420.0,2,0.0,0.0
2024-10-22 11:50:00+09:00,7410.0,7410.0,7390.0,7410.0,53,0.0,0.0
2024-10-22 12:00:00+09:00,7390.0,7400.0,7340.0,7400.0,287,0.0,0.0
2024-10-22 12:05:00+09:00,7380.0,7390.0,7370.0,7390.0,12,0.0,0.0
2024-10-22 12:10:00+09:00,7390.0,7410.0,7370.0,7410.0,247,0.0,0.0
2024-10-22 12:15:00+09:00,7400.0,7410.0,7400.0,7410.0,0,0.0,0.0
2024-10-22 12:20:00+09:00,7410.0,7410.0,7410.0,7410.0,28945,0.0,0.0
2024-10-22 12:30:00+09:00,7390.0,7410.0,7390.0,7410.0,315,0.0,0.0
2024-10-22 12:35:00+09:00,7400.0,7410.0,7400.0,7410.0,20,0.0,0.0
2024-10-22 12:40:00+09:00,7410.0,7410.0,7380.0,7410.0,287,0.0,0.0
2024-10-22 12:45:00+09:00,7400.0,7410.0,7400.0,7410.0,372,0.0,0.0
2024-10-22 12:50:00+09:00,7400.0,7420.0,7390.0,7420.0,433,0.0,0.0
2024-10-22 12:55:00+09:00,7380.0,7420.0,7380.0,7420.0,386,0.0,0.0
2024-10-22 13:25:00+09:00,7410.0,7410.0,7410.0,7410.0,17,0.0,0.0
2024-10-22 13:50:00+09:00,7390.0,7400.0,7390.0,7400.0,75,0.0,0.0
2024-10-22 13:55:00+09:00,7400.0,7400.0,7390.0,7390.0,26,0.0,0.0
2024-10-22 14:00:00+09:00,7390.0,7390.0,7380.0,7390.0,49,0.0,0.0
2024-10-22 14:05:00+09:00,7380.0,7390.0,7380.0,7390.0,92,0.0,0.0
2024-10-22 14:10:00+09:00,7380.0,7380.0,7380.0,7380.0,176,0.0,0.0
2024-10-22 14:15:00+09:00,7380.0,7380.0,7380.0,7380.0,100,0.0,0.0
2024-10-22 14:20:00+09:00,7390.0,7390.0,7390.0,7390.0,0,0.0,0.0
2024-10-22 14:25:00+09:00,7370.0,7390.0,7360.0,7390.0,116,0.0,0.0
2024-10-22 14:30:00+09:00,7370.0,7380.0,7370.0,7380.0,118,0.0,0.0
2024-10-22 14:45:00+09:00,7360.0,7380.0,7320.0,7380.0,847,0.0,0.0
2024-10-22 14:50:00+09:00,7360.0,7370.0,7360.0,7370.0,1,0.0,0.0
2024-10-22 14:55:00+09:00,7370.0,7370.0,7370.0,7370.0,0,0.0,0.0
2024-10-23 09:00:00+09:00,7370.0,7430.0,7370.0,7370.0,285,0.0,0.0
2024-10-23 09:05:00+09:00,7400.0,7430.0,7370.0,7430.0,111,0.0,0.0
2024-10-23 09:10:00+09:00,7400.0,7420.0,7380.0,7420.0,58,0.0,0.0
2024-10-23 09:15:00+09:00,7400.0,7420.0,7370.0,7400.0,571,0.0,0.0
2024-10-23 09:20:00+09:00,7360.0,7400.0,7360.0,7400.0,1397,0.0,0.0
2024-10-23 09:25:00+09:00,7400.0,7400.0,7390.0,7400.0,557,0.0,0.0
2024-10-23 09:35:00+09:00,7400.0,7400.0,7390.0,7400.0,188,0.0,0.0
2024-10-23 09:40:00+09:00,7400.0,7400.0,7400.0,7400.0,0,0.0,0.0
2024-10-23 09:45:00+09:00,7400.0,7420.0,7400.0,7420.0,93,0.0,0.0
2024-10-23 09:50:00+09:00,7420.0,7420.0,7420.0,7420.0,0,0.0,0.0
2024-10-23 09:55:00+09:00,7420.0,7420.0,7420.0,7420.0,141,0.0,0.0
2024-10-23 10:05:00+09:00,7420.0,7420.0,7400.0,7410.0,96,0.0,0.0
2024-10-23 10:10:00+09:00,7400.0,7420.0,7390.0,7390.0,765,0.0,0.0
2024-10-23 10:15:00+09:00,7420.0,7420.0,7380.0,7380.0,149,0.0,0.0
2024-10-23 10:20:00+09:00,7380.0,7420.0,7370.0,7370.0,41,0.0,0.0
2024-10-23 10:25:00+09:00,7370.0,7410.0,7360.0,7410.0,2248,0.0,0.0
2024-10-23 10:30:00+09:00,7370.0,7400.0,7370.0,7400.0,9,0.0,0.0
2024-10-23 10:40:00+09:00,7360.0,7390.0,7350.0,7390.0,292,0.0,0.0
2024-10-23 10:55:00+09:00,7350.0,7380.0,7340.0,7380.0,0,0.0,0.0
2024-10-23 11:00:00+09:00,7380.0,7380.0,7380.0,7380.0,11,0.0,0.0
2024-10-23 11:05:00+09:00,7360.0,7380.0,7330.0,7380.0,164,0.0,0.0
2024-10-23 11:15:00+09:00,7330.0,7330.0,7330.0,7330.0,236,0.0,0.0
2024-10-23 11:20:00+09:00,7380.0,7380.0,7380.0,7380.0,0,0.0,0.0
2024-10-23 11:25:00+09:00,7340.0,7380.0,7340.0,7380.0,118,0.0,0.0
2024-10-23 11:35:00+09:00,7380.0,7380.0,7380.0,7380.0,1,0.0,0.0
2024-10-23 11:45:00+09:00,7350.0,7350.0,7340.0,7340.0,200,0.0,0.0
2024-10-23 11:50:00+09:00,7340.0,7340.0,7340.0,7340.0,10,0.0,0.0
2024-10-23 11:55:00+09:00,7370.0,7370.0,7370.0,7370.0,70,0.0,0.0
2024-10-23 12:00:00+09:00,7350.0,7400.0,7340.0,7400.0,154,0.0,0.0
2024-10-23 12:05:00+09:00,7400.0,7400.0,7400.0,7400.0,82,0.0,0.0
2024-10-23 12:20:00+09:00,7370.0,7390.0,7370.0,7390.0,111,0.0,0.0
2024-10-23 12:25:00+09:00,7370.0,7390.0,7370.0,7390.0,77,0.0,0.0
2024-10-23 12:30:00+09:00,7390.0,7390.0,7390.0,7390.0,10,0.0,0.0
2024-10-23 12:35:00+09:00,7390.0,7390.0,7390.0,7390.0,30,0.0,0.0
2024-10-23 12:45:00+09:00,7360.0,7390.0,7360.0,7390.0,4,0.0,0.0
2024-10-23 12:50:00+09:00,7370.0,7390.0,7360.0,7390.0,105,0.0,0.0
2024-10-23 13:10:00+09:00,7370.0,7400.0,7370.0,7400.0,825,0.0,0.0
2024-10-23 13:20:00+09:00,7370.0,7370.0,7370.0,7370.0,3,0.0,0.0
2024-10-23 13:25:00+09:00,7370.0,7400.0,7370.0,7400.0,26,0.0,0.0
2024-10-23 13:30:00+09:00,7370.0,7410.0,7370.0,7410.0,427,0.0,0.0
2024-10-23 13:45:00+09:00,7410.0,7410.0,7410.0,7410.0,6,0.0,0.0
2024-10-23 13:50:00+09:00,7410.0,7430.0,7410.0,7430.0,1424,0.0,0.0
2024-10-23 13:55:00+09:00,7430.0,7430.0,7430.0,7430.0,0,0.0,0.0
2024-10-23 14:10:00+09:00,7420.0,7420.0,7420.0,7420.0,86,0.0,0.0
2024-10-23 14:15:00+09:00,7420.0,7450.0,7420.0,7450.0,5229,0.0,0.0
2024-10-23 14:20:00+09:00,7430.0,7450.0,7430.0,7440.0,887,0.0,0.0
2024-10-23 14:30:00+09:00,7440.0,7440.0,7440.0,7440.0,0,0.0,0.0
2024-10-23 14:35:00+09:00,7430.0,7460.0,7430.0,7460.0,843,0.0,0.0
2024-10-23 14:40:00+09:00,7450.0,7590.0,7450.0,7490.0,9808,0.0,0.0
2024-10-23 14:45:00+09:00,7520.0,7520.0,7440.0,7480.0,166,0.0,0.0
2024-10-23 14:50:00+09:00,7480.0,7520.0,7480.0,7520.0,426,0.0,0.0
2024-10-23 14:55:00+09:00,7470.0,7520.0,7430.0,7500.0,188,0.0,0.0
2024-10-24 09:00:00+09:00,7450.0,7490.0,7410.0,7480.0,1297,0.0,0.0
2024-10-24 09:05:00+09:00,7460.0,7490.0,7460.0,7490.0,99,0.0,0.0
2024-10-24 09:10:00+09:00,7460.0,7490.0,7420.0,7460.0,437,0.0,0.0
2024-10-24 09:20:00+09:00,7460.0,7480.0,7460.0,7480.0,40,0.0,0.0
2024-10-24 09:25:00+09:00,7470.0,7470.0,7470.0,7470.0,16,0.0,0.0
2024-10-24 09:30:00+09:00,7470.0,7470.0,7430.0,7470.0,1464,0.0,0.0
2024-10-24 09:40:00+09:00,7470.0,7470.0,7460.0,7470.0,162,0.0,0.0
2024-10-24 09:45:00+09:00,7470.0,7480.0,7470.0,7470.0,226,0.0,0.0
2024-10-24 09:50:00+09:00,7460.0,7480.0,7460.0,7480.0,273,0.0,0.0
2024-10-24 09:55:00+09:00,7450.0,7470.0,7450.0,7450.0,631,0.0,0.0
2024-10-24 10:00:00+09:00,7450.0,7480.0,7450.0,7480.0,1680,0.0,0.0
2024-10-24 10:10:00+09:00,7460.0,7460.0,7440.0,7460.0,141,0.0,0.0
2024-10-24 10:15:00+09:00,7460.0,7460.0,7460.0,7460.0,23,0.0,0.0
2024-10-24 10:30:00+09:00,7440.0,7460.0,7430.0,7460.0,711,0.0,0.0
2024-10-24 10:40:00+09:00,7430.0,7450.0,7420.0,7450.0,1265,0.0,0.0
2024-10-24 10:55:00+09:00,7450.0,7450.0,7450.0,7450.0,0,0.0,0.0
2024-10-24 11:00:00+09:00,7450.0,7450.0,7450.0,7450.0,430,0.0,0.0
2024-10-24 11:15:00+09:00,7430.0,7450.0,7420.0,7450.0,388,0.0,0.0
2024-10-24 11:30:00+09:00,7430.0,7500.0,7390.0,7500.0,8565,0.0,0.0
2024-10-24 11:35:00+09:00,7460.0,7460.0,7460.0,7460.0,2,0.0,0.0
2024-10-24 12:05:00+09:00,7470.0,7490.0,7470.0,7490.0,52,0.0,0.0
2024-10-24 12:10:00+09:00,7470.0,7480.0,7470.0,7480.0,48,0.0,0.0
2024-10-24 12:15:00+09:00,7480.0,7480.0,7480.0,7480.0,1,0.0,0.0
2024-10-24 12:20:00+09:00,7460.0,7470.0,7450.0,7470.0,14,0.0,0.0
2024-10-24 12:25:00+09:00,7470.0,7480.0,7470.0,7480.0,198,0.0,0.0
2024-10-24 12:30:00+09:00,7460.0,7480.0,7460.0,7480.0,3,0.0,0.0
2024-10-24 12:35:00+09:00,7450.0,7450.0,7450.0,7450.0,33,0.0,0.0
2024-10-24 12:40:00+09:00,7450.0,7470.0,7450.0,7470.0,0,0.0,0.0
2024-10-24 12:50:00+09:00,7450.0,7450.0,7450.0,7450.0,34,0.0,0.0
2024-10-24 12:55:00+09:00,7440.0,7470.0,7410.0,7430.0,1256,0.0,0.0
2024-10-24 13:00:00+09:00,7440.0,7440.0,7410.0,7440.0,11,0.0,0.0
2024-10-24 13:05:00+09:00,7420.0,7430.0,7410.0,7430.0,472,0.0,0.0
2024-10-24 13:10:00+09:00,7410.0,7430.0,7410.0,7430.0,0,0.0,0.0
2024-10-24 13:15:00+09:00,7410.0,7430.0,7410.0,7430.0,57,0.0,0.0
2024-10-24 13:30:00+09:00,7420.0,7420.0,7420.0,7420.0,11,0.0,0.0
2024-10-24 13:35:00+09:00,7410.0,7430.0,7410.0,7410.0,415,0.0,0.0
2024-10-24 13:40:00+09:00,7410.0,7430.0,7400.0,7430.0,593,0.0,0.0
2024-10-24 13:50:00+09:00,7430.0,7430.0,7430.0,7430.0,0,0.0,0.0
2024-10-24 14:05:00+09:00,7410.0,7420.0,7410.0,7420.0,8,0.0,0.0
2024-10-24 14:10:00+09:00,7400.0,7420.0,7400.0,7420.0,74,0.0,0.0
2024-10-24 14:15:00+09:00,7400.0,7420.0,7390.0,7400.0,433,0.0,0.0
2024-10-24 14:20:00+09:00,7400.0,7440.0,7400.0,7430.0,714,0.0,0.0
2024-10-24 14:25:00+09:00,7400.0,7420.0,7400.0,7420.0,66,0.0,0.0
2024-10-24 14:30:00+09:00,7390.0,7420.0,7380.0,7420.0,1394,0.0,0.0
2024-10-24 14:35:00+09:00,7400.0,7400.0,7400.0,7400.0,0,0.0,0.0
2024-10-24 14:40:00+09:00,7390.0,7410.0,7390.0,7400.0,368,0.0,0.0
2024-10-24 14:45:00+09:00,7400.0,7410.0,7400.0,7410.0,651,0.0,0.0
2024-10-24 14:50:00+09:00,7390.0,7410.0,7390.0,7410.0,48,0.0,0.0
2024-10-24 14:55:00+09:00,7410.0,7410.0,7410.0,7410.0,203,0.0,0.0
2024-10-25 09:00:00+09:00,7390.0,7400.0,7370.0,7370.0,1863,0.0,0.0
2024-10-25 09:05:00+09:00,7370.0,7370.0,7360.0,7360.0,463,0.0,0.0
2024-10-25 09:10:00+09:00,7350.0,7350.0,7330.0,7330.0,10,0.0,0.0
2024-10-25 09:15:00+09:00,7330.0,7330.0,7330.0,7330.0,28,0.0,0.0
2024-10-25 09:20:00+09:00,7340.0,7380.0,7340.0,7380.0,345,0.0,0.0
2024-10-25 09:25:00+09:00,7380.0,7380.0,7340.0,7340.0,968,0.0,0.0
2024-10-25 09:30:00+09:00,7330.0,7350.0,7320.0,7330.0,2337,0.0,0.0
2024-10-25 09:35:00+09:00,7330.0,7330.0,7330.0,7330.0,72,0.0,0.0
2024-10-25 09:40:00+09:00,7320.0,7350.0,7320.0,7350.0,184,0.0,0.0
2024-10-25 09:45:00+09:00,7350.0,7350.0,7350.0,7350.0,32,0.0,0.0
2024-10-25 09:50:00+09:00,7320.0,7320.0,7300.0,7310.0,1561,0.0,0.0
2024-10-25 09:55:00+09:00,7310.0,7310.0,7310.0,7310.0,0,0.0,0.0
2024-10-25 10:00:00+09:00,7310.0,7310.0,7310.0,7310.0,94,0.0,0.0
2024-10-25 10:05:00+09:00,7340.0,7340.0,7310.0,7310.0,0,0.0,0.0
2024-10-25 10:20:00+09:00,7340.0,7340.0,7310.0,7310.0,19,0.0,0.0
2024-10-25 10:25:00+09:00,7310.0,7310.0,7290.0,7290.0,1862,0.0,0.0
2024-10-25 10:30:00+09:00,7280.0,7340.0,7280.0,7340.0,1018,0.0,0.0
2024-10-25 10:35:00+09:00,7330.0,7350.0,7300.0,7350.0,136,0.0,0.0
2024-10-25 10:40:00+09:00,7350.0,7350.0,7350.0,7350.0,6,0.0,0.0
2024-10-25 10:45:00+09:00,7350.0,7360.0,7350.0,7360.0,107,0.0,0.0
2024-10-25 10:50:00+09:00,7360.0,7360.0,7290.0,7340.0,1020,0.0,0.0
2024-10-25 10:55:00+09:00,7300.0,7340.0,7300.0,7330.0,112,0.0,0.0
2024-10-25 11:00:00+09:00,7330.0,7330.0,7330.0,7330.0,18,0.0,0.0
2024-10-25 11:05:00+09:00,7330.0,7330.0,7300.0,7330.0,8,0.0,0.0
2024-10-25 11:10:00+09:00,7330.0,7330.0,7330.0,7330.0,7,0.0,0.0
2024-10-25 11:15:00+09:00,7330.0,7340.0,7330.0,7340.0,87,0.0,0.0
2024-10-25 11:20:00+09:00,7340.0,7350.0,7340.0,7350.0,510,0.0,0.0
2024-10-25 11:25:00+09:00,7330.0,7330.0,7290.0,7290.0,336,0.0,0.0
2024-10-25 11:30:00+09:00,7310.0,7310.0,7300.0,7300.0,119,0.0,0.0
2024-10-25 11:40:00+09:00,7300.0,7300.0,7300.0,7300.0,1,0.0,0.0
2024-10-25 11:45:00+09:00,7300.0,7300.0,7300.0,7300.0,40,0.0,0.0
2024-10-25 11:50:00+09:00,7300.0,7320.0,7280.0,7320.0,2652,0.0,0.0
2024-10-25 11:55:00+09:00,7280.0,7350.0,7240.0,7290.0,3741,0.0,0.0
2024-10-25 12:05:00+09:00,7250.0,7280.0,7250.0,7280.0,71,0.0,0.0
2024-10-25 12:10:00+09:00,7250.0,7290.0,7250.0,7290.0,181,0.0,0.0
2024-10-25 12:35:00+09:00,7290.0,7300.0,7290.0,7300.0,345,0.0,0.0
2024-10-25 12:50:00+09:00,7270.0,7300.0,7270.0,7300.0,235,0.0,0.0
2024-10-25 12:55:00+09:00,7300.0,7310.0,7290.0,7290.0,0,0.0,0.0
2024-10-25 13:00:00+09:00,7270.0,7270.0,7270.0,7270.0,242,0.0,0.0
2024-10-25 13:05:00+09:00,7280.0,7280.0,7280.0,7280.0,47,0.0,0.0
2024-10-25 13:15:00+09:00,7280.0,7280.0,7270.0,7270.0,514,0.0,0.0
2024-10-25 13:20:00+09:00,7300.0,7300.0,7270.0,7270.0,236,0.0,0.0
2024-10-25 13:25:00+09:00,7270.0,7270.0,7260.0,7260.0,3,0.0,0.0
2024-10-25 13:30:00+09:00,7290.0,7290.0,7270.0,7270.0,81,0.0,0.0
2024-10-25 13:35:00+09:00,7270.0,7270.0,7260.0,7260.0,508,0.0,0.0
2024-10-25 13:40:00+09:00,7260.0,7270.0,7260.0,7270.0,391,0.0,0.0
2024-10-25 13:45:00+09:00,7260.0,7260.0,7260.0,7260.0,540,0.0,0.0
2024-10-25 13:55:00+09:00,7260.0,7280.0,7260.0,7280.0,108,0.0,0.0
2024-10-25 14:00:00+09:00,7260.0,7260.0,7240.0,7240.0,2031,0.0,0.0
2024-10-25 14:05:00+09:00,7250.0,7250.0,7230.0,7230.0,592,0.0,0.0
2024-10-25 14:10:00+09:00,7230.0,7240.0,7220.0,7240.0,339,0.0,0.0
2024-10-25 14:20:00+09:00,7230.0,7230.0,7230.0,7230.0,41,0.0,0.0
2024-10-25 14:25:00+09:00,7240.0,7240.0,7230.0,7230.0,39,0.0,0.0
2024-10-25 14:30:00+09:00,7230.0,7230.0,7220.0,7230.0,627,0.0,0.0
2024-10-25 14:35:00+09:00,7240.0,7260.0,7240.0,7260.0,171,0.0,0.0
2024-10-25 14:40:00+09:00,7240.0,7240.0,7240.0,7240.0,148,0.0,0.0
2024-10-25 14:45:00+09:00,7240.0,7240.0,7240.0,7240.0,82,0.0,0.0
2024-10-25 14:50:00+09:00,7230.0,7230.0,7220.0,7220.0,604,0.0,0.0
2024-10-25 14:55:00+09:00,7230.0,7230.0,7230.0,7230.0,0,0.0,0.0
2024-10-28 09:00:00+09:00,7270.0,7270.0,7260.0,7270.0,0,0.0,0.0
2024-10-28 09:05:00+09:00,7260.0,7270.0,7260.0,7270.0,190,0.0,0.0
2024-10-28 09:10:00+09:00,7270.0,7290.0,7250.0,7290.0,500,0.0,0.0
2024-10-28 09:15:00+09:00,7290.0,7300.0,7290.0,7300.0,302,0.0,0.0
2024-10-28 09:20:00+09:00,7300.0,7310.0,7300.0,7300.0,599,0.0,0.0
2024-10-28 09:25:00+09:00,7310.0,7310.0,7310.0,7310.0,37,0.0,0.0
2024-10-28 09:30:00+09:00,7310.0,7310.0,7290.0,7300.0,341,0.0,0.0
2024-10-28 09:35:00+09:00,7280.0,7280.0,7280.0,7280.0,123,0.0,0.0
2024-10-28 09:45:00+09:00,7300.0,7300.0,7300.0,7300.0,307,0.0,0.0
2024-10-28 09:50:00+09:00,7280.0,7300.0,7280.0,7300.0,302,0.0,0.0
2024-10-28 09:55:00+09:00,7280.0,7280.0,7260.0,7260.0,245,0.0,0.0
2024-10-28 10:00:00+09:00,7260.0,7270.0,7260.0,7270.0,254,0.0,0.0
2024-10-28 10:05:00+09:00,7290.0,7300.0,7290.0,7300.0,218,0.0,0.0
2024-10-28 10:10:00+09:00,7300.0,7300.0,7270.0,7270.0,195,0.0,0.0
2024-10-28 10:15:00+09:00,7270.0,7270.0,7270.0,7270.0,90,0.0,0.0
2024-10-28 10:20:00+09:00,7270.0,7270.0,7270.0,7270.0,110,0.0,0.0
2024-10-28 10:25:00+09:00,7260.0,7260.0,7260.0,7260.0,172,0.0,0.0
2024-10-28 10:30:00+09:00,7250.0,7260.0,7250.0,7260.0,1122,0.0,0.0
2024-10-28 10:35:00+09:00,7260.0,7260.0,7260.0,7260.0,0,0.0,0.0
2024-10-28 10:40:00+09:00,7250.0,7250.0,7250.0,7250.0,164,0.0,0.0
2024-10-28 10:45:00+09:00,7250.0,7260.0,7250.0,7260.0,74,0.0,0.0
2024-10-28 10:50:00+09:00,7240.0,7240.0,7220.0,7220.0,400,0.0,0.0
2024-10-28 11:00:00+09:00,7230.0,7230.0,7230.0,7230.0,120,0.0,0.0
2024-10-28 11:15:00+09:00,7240.0,7260.0,7240.0,7260.0,40,0.0,0.0
2024-10-28 11:25:00+09:00,7260.0,7260.0,7260.0,7260.0,331,0.0,0.0
2024-10-28 11:30:00+09:00,7260.0,7260.0,7260.0,7260.0,0,0.0,0.0
2024-10-28 11:35:00+09:00,7250.0,7250.0,7250.0,7250.0,31,0.0,0.0
2024-10-28 11:40:00+09:00,7250.0,7250.0,7230.0,7240.0,1533,0.0,0.0
2024-10-28 11:45:00+09:00,7240.0,7240.0,7230.0,7230.0,978,0.0,0.0
2024-10-28 11:50:00+09:00,7240.0,7240.0,7220.0,7220.0,564,0.0,0.0
2024-10-28 11:55:00+09:00,7220.0,7220.0,7200.0,7200.0,1241,0.0,0.0
2024-10-28 12:00:00+09:00,7220.0,7240.0,7220.0,7240.0,864,0.0,0.0
2024-10-28 12:10:00+09:00,7240.0,7250.0,7240.0,7250.0,200,0.0,0.0
2024-10-28 12:15:00+09:00,7260.0,7260.0,7260.0,7260.0,0,0.0,0.0
2024-10-28 12:20:00+09:00,7250.0,7250.0,7230.0,7230.0,561,0.0,0.0
2024-10-28 12:35:00+09:00,7250.0,7250.0,7250.0,7250.0,86,0.0,0.0
2024-10-28 12:45:00+09:00,7250.0,7260.0,7250.0,7260.0,7,0.0,0.0
2024-10-28 12:50:00+09:00,7260.0,7260.0,7250.0,7260.0,48,0.0,0.0
2024-10-28 13:00:00+09:00,7250.0,7250.0,7250.0,7250.0,48,0.0,0.0
2024-10-28 13:10:00+09:00,7250.0,7260.0,7250.0,7260.0,309,0.0,0.0
2024-10-28 13:25:00+09:00,7260.0,7260.0,7260.0,7260.0,207,0.0,0.0
2024-10-28 13:30:00+09:00,7260.0,7260.0,7230.0,7230.0,579,0.0,0.0
2024-10-28 13:35:00+09:00,7270.0,7270.0,7270.0,7270.0,1,0.0,0.0
2024-10-28 13:50:00+09:00,7250.0,7250.0,7250.0,7250.0,138,0.0,0.0
2024-10-28 13:55:00+09:00,7250.0,7250.0,7240.0,7240.0,500,0.0,0.0
2024-10-28 14:05:00+09:00,7270.0,7270.0,7270.0,7270.0,343,0.0,0.0
2024-10-28 14:10:00+09:00,7250.0,7250.0,7250.0,7250.0,1,0.0,0.0
2024-10-28 14:20:00+09:00,7270.0,7270.0,7270.0,7270.0,1,0.0,0.0
2024-10-28 14:25:00+09:00,7270.0,7270.0,7270.0,7270.0,1,0.0,0.0
2024-10-28 14:30:00+09:00,7250.0,7250.0,7250.0,7250.0,78,0.0,0.0
2024-10-28 14:35:00+09:00,7260.0,7260.0,7260.0,7260.0,0,0.0,0.0
2024-10-28 14:40:00+09:00,7250.0,7250.0,7250.0,7250.0,69,0.0,0.0
2024-10-28 14:45:00+09:00,7240.0,7240.0,7240.0,7240.0,0,0.0,0.0
2024-10-28 14:50:00+09:00,7240.0,7240.0,7240.0,7240.0,7,0.0,0.0
2024-10-28 14:55:00+09:00,7250.0,7250.0,7250.0,7250.0,2,0.0,0.0
2024-10-29 09:00:00+09:00,7240.0,7270.0,7230.0,7270.0,569,0.0,0.0
2024-10-29 09:05:00+09:00,7270.0,7270.0,7240.0,7260.0,465,0.0,0.0
2024-10-29 09:10:00+09:00,7240.0,7250.0,7240.0,7240.0,29,0.0,0.0
2024-10-29 09:15:00+09:00,7240.0,7260.0,7230.0,7250.0,984,0.0,0.0
2024-10-29 09:20:00+09:00,7230.0,7250.0,7230.0,7250.0,758,0.0,0.0
2024-10-29 09:25:00+09:00,7240.0,7240.0,7240.0,7240.0,160,0.0,0.0
2024-10-29 09:30:00+09:00,7240.0,7240.0,7220.0,7240.0,514,0.0,0.0
2024-10-29 09:35:00+09:00,7220.0,7220.0,7220.0,7220.0,460,0.0,0.0
2024-10-29 09:40:00+09:00,7240.0,7250.0,7240.0,7250.0,84,0.0,0.0
2024-10-29 09:45:00+09:00,7230.0,7230.0,7230.0,7230.0,85,0.0,0.0
2024-10-29 09:50:00+09:00,7230.0,7270.0,7210.0,7270.0,1121,0.0,0.0
2024-10-29 10:05:00+09:00,7270.0,7280.0,7270.0,7280.0,24,0.0,0.0
2024-10-29 10:10:00+09:00,7280.0,7280.0,7260.0,7280.0,218,0.0,0.0
2024-10-29 10:15:00+09:00,7290.0,7290.0,7290.0,7290.0,0,0.0,0.0
2024-10-29 10:20:00+09:00,7270.0,7270.0,7270.0,7270.0,192,0.0,0.0
2024-10-29 10:30:00+09:00,7270.0,7270.0,7260.0,7260.0,29,0.0,0.0
2024-10-29 10:35:00+09:00,7260.0,7260.0,7260.0,7260.0,5,0.0,0.0
2024-10-29 10:50:00+09:00,7260.0,7260.0,7250.0,7250.0,190,0.0,0.0
2024-10-29 10:55:00+09:00,7250.0,7250.0,7240.0,7240.0,71,0.0,0.0
2024-10-29 11:00:00+09:00,7240.0,7240.0,7240.0,7240.0,0,0.0,0.0
2024-10-29 11:05:00+09:00,7230.0,7240.0,7230.0,7240.0,143,0.0,0.0
2024-10-29 11:10:00+09:00,7240.0,7240.0,7240.0,7240.0,11,0.0,0.0
2024-10-29 11:15:00+09:00,7250.0,7250.0,7250.0,7250.0,11,0.0,0.0
2024-10-29 11:20:00+09:00,7250.0,7250.0,7250.0,7250.0,3,0.0,0.0
2024-10-29 11:25:00+09:00,7250.0,7250.0,7250.0,7250.0,20,0.0,0.0
2024-10-29 11:35:00+09:00,7240.0,7240.0,7240.0,7240.0,299,0.0,0.0
2024-10-29 11:40:00+09:00,7250.0,7250.0,7230.0,7230.0,1603,0.0,0.0
2024-10-29 11:45:00+09:00,7250.0,7270.0,7250.0,7270.0,677,0.0,0.0
2024-10-29 11:50:00+09:00,7270.0,7280.0,7270.0,7280.0,515,0.0,0.0
2024-10-29 11:55:00+09:00,7280.0,7280.0,7280.0,7280.0,20,0.0,0.0
2024-10-29 12:00:00+09:00,7270.0,7270.0,7270.0,7270.0,207,0.0,0.0
2024-10-29 12:10:00+09:00,7260.0,7260.0,7260.0,7260.0,42,0.0,0.0
2024-10-29 12:20:00+09:00,7250.0,7290.0,7210.0,7210.0,5756,0.0,0.0
2024-10-29 12:30:00+09:00,7250.0,7250.0,7250.0,7250.0,0,0.0,0.0
2024-10-29 12:35:00+09:00,7240.0,7240.0,7240.0,7240.0,0,0.0,0.0
2024-10-29 12:40:00+09:00,7240.0,7240.0,7240.0,7240.0,71,0.0,0.0
2024-10-29 12:45:00+09:00,7240.0,7240.0,7240.0,7240.0,40,0.0,0.0
2024-10-29 12:55:00+09:00,7230.0,7230.0,7230.0,7230.0,46,0.0,0.0
2024-10-29 13:05:00+09:00,7230.0,7230.0,7230.0,7230.0,50,0.0,0.0
2024-10-29 13:10:00+09:00,7230.0,7230.0,7230.0,7230.0,1,0.0,0.0
2024-10-29 13:15:00+09:00,7240.0,7240.0,7240.0,7240.0,180,0.0,0.0
2024-10-29 13:20:00+09:00,7240.0,7240.0,7240.0,7240.0,63,0.0,0.0
2024-10-29 13:30:00+09:00,7240.0,7240.0,7240.0,7240.0,231,0.0,0.0
2024-10-29 13:35:00+09:00,7230.0,7230.0,7230.0,7230.0,710,0.0,0.0
2024-10-29 13:40:00+09:00,7230.0,7230.0,7220.0,7220.0,138,0.0,0.0
2024-10-29 13:45:00+09:00,7220.0,7230.0,7220.0,7230.0,404,0.0,0.0
2024-10-29 13:55:00+09:00,7230.0,7230.0,7230.0,7230.0,40,0.0,0.0
2024-10-29 14:00:00+09:00,7230.0,7230.0,7220.0,7230.0,253,0.0,0.0
2024-10-29 14:05:00+09:00,7230.0,7230.0,7220.0,7220.0,305,0.0,0.0
2024-10-29 14:15:00+09:00,7220.0,7220.0,7210.0,7210.0,814,0.0,0.0
2024-10-29 14:20:00+09:00,7220.0,7220.0,7220.0,7220.0,2,0.0,0.0
2024-10-29 14:25:00+09:00,7220.0,7220.0,7210.0,7210.0,326,0.0,0.0
2024-10-29 14:30:00+09:00,7220.0,7220.0,7210.0,7210.0,590,0.0,0.0
2024-10-29 14:35:00+09:00,7210.0,7220.0,7210.0,7220.0,0,0.0,0.0
2024-10-29 14:40:00+09:00,7230.0,7230.0,7230.0,7230.0,0,0.0,0.0
2024-10-29 14:50:00+09:00,7230.0,7230.0,7230.0,7230.0,357,0.0,0.0
2024-10-30 09:00:00+09:00,7210.0,7260.0,7210.0,7260.0,1014,0.0,0.0
2024-10-30 09:05:00+09:00,7220.0,7220.0,7220.0,7220.0,30,0.0,0.0
2024-10-30 09:10:00+09:00,7220.0,7220.0,7200.0,7200.0,3038,0.0,0.0
2024-10-30 09:15:00+09:00,7190.0,7200.0,7190.0,7190.0,679,0.0,0.0
2024-10-30 09:20:00+09:00,7200.0,7240.0,7200.0,7240.0,263,0.0,0.0
2024-10-30 09:25:00+09:00,7210.0,7210.0,7210.0,7210.0,24,0.0,0.0
2024-10-30 09:35:00+09:00,7210.0,7210.0,7200.0,7200.0,308,0.0,0.0
2024-10-30 09:40:00+09:00,7220.0,7240.0,7210.0,7240.0,150,0.0,0.0
2024-10-30 09:45:00+09:00,7230.0,7230.0,7210.0,7210.0,405,0.0,0.0
2024-10-30 09:50:00+09:00,7210.0,7210.0,7210.0,7210.0,70,0.0,0.0
2024-10-30 09:55:00+09:00,7220.0,7220.0,7220.0,7220.0,0,0.0,0.0
2024-10-30 10:00:00+09:00,7220.0,7230.0,7220.0,7230.0,7376,0.0,0.0
2024-10-30 10:05:00+09:00,7220.0,7240.0,7220.0,7240.0,0,0.0,0.0
2024-10-30 10:10:00+09:00,7230.0,7230.0,7230.0,7230.0,107,0.0,0.0
2024-10-30 10:15:00+09:00,7230.0,7240.0,7230.0,7240.0,219,0.0,0.0
2024-10-30 10:20:00+09:00,7240.0,7240.0,7240.0,7240.0,0,0.0,0.0
2024-10-30 10:25:00+09:00,7230.0,7230.0,7230.0,7230.0,100,0.0,0.0
2024-10-30 10:30:00+09:00,7240.0,7240.0,7240.0,7240.0,786,0.0,0.0
2024-10-30 10:35:00+09:00,7240.0,7250.0,7240.0,7250.0,361,0.0,0.0
2024-10-30 10:45:00+09:00,7230.0,7230.0,7230.0,7230.0,104,0.0,0.0
2024-10-30 10:55:00+09:00,7230.0,7230.0,7230.0,7230.0,72,0.0,0.0
2024-10-30 11:00:00+09:00,7220.0,7220.0,7210.0,7210.0,127,0.0,0.0
2024-10-30 11:05:00+09:00,7220.0,7220.0,7210.0,7210.0,1504,0.0,0.0
2024-10-30 11:10:00+09:00,7220.0,7220.0,7200.0,7200.0,514,0.0,0.0
2024-10-30 11:20:00+09:00,7210.0,7210.0,7200.0,7200.0,244,0.0,0.0
2024-10-30 11:25:00+09:00,7210.0,7240.0,7210.0,7240.0,541,0.0,0.0
2024-10-30 11:30:00+09:00,7220.0,7220.0,7220.0,7220.0,364,0.0,0.0
2024-10-30 11:35:00+09:00,7220.0,7220.0,7220.0,7220.0,0,0.0,0.0
2024-10-30 11:45:00+09:00,7210.0,7210.0,7210.0,7210.0,280,0.0,0.0
2024-10-30 11:55:00+09:00,7210.0,7210.0,7210.0,7210.0,50,0.0,0.0
2024-10-30 12:05:00+09:00,7210.0,7210.0,7210.0,7210.0,113,0.0,0.0
2024-10-30 12:15:00+09:00,7200.0,7200.0,7200.0,7200.0,701,0.0,0.0
2024-10-30 12:20:00+09:00,7200.0,7200.0,7200.0,7200.0,784,0.0,0.0
2024-10-30 12:25:00+09:00,7210.0,7210.0,7210.0,7210.0,1,0.0,0.0
2024-10-30 12:30:00+09:00,7200.0,7200.0,7190.0,7190.0,0,0.0,0.0
2024-10-30 12:35:00+09:00,7200.0,7200.0,7200.0,7200.0,15031,0.0,0.0
2024-10-30 12:40:00+09:00,7190.0,7190.0,7190.0,7190.0,471,0.0,0.0
2024-10-30 12:55:00+09:00,7190.0,7190.0,7180.0,7190.0,362,0.0,0.0
2024-10-30 13:00:00+09:00,7190.0,7200.0,7190.0,7200.0,67,0.0,0.0
2024-10-30 13:05:00+09:00,7200.0,7200.0,7200.0,7200.0,137,0.0,0.0
2024-10-30 13:10:00+09:00,7210.0,7210.0,7210.0,7210.0,60,0.0,0.0
2024-10-30 13:15:00+09:00,7210.0,7210.0,7210.0,7210.0,20,0.0,0.0
2024-10-30 13:20:00+09:00,7210.0,7220.0,7210.0,7220.0,32,0.0,0.0
2024-10-30 13:30:00+09:00,7220.0,7220.0,7210.0,7210.0,43,0.0,0.0
2024-10-30 13:45:00+09:00,7220.0,7230.0,7210.0,7210.0,124,0.0,0.0
2024-10-30 13:55:00+09:00,7230.0,7230.0,7230.0,7230.0,2,0.0,0.0
2024-10-30 14:00:00+09:00,7210.0,7210.0,7200.0,7200.0,7,0.0,0.0
2024-10-30 14:15:00+09:00,7210.0,7210.0,7200.0,7200.0,247,0.0,0.0
2024-10-30 14:30:00+09:00,7200.0,7200.0,7200.0,7200.0,78,0.0,0.0
2024-10-30 14:35:00+09:00,7200.0,7220.0,7200.0,7220.0,324,0.0,0.0
2024-10-30 14:40:00+09:00,7220.0,7230.0,7210.0,7210.0,0,0.0,0.0
2024-10-30 14:50:00+09:00,7200.0,7200.0,7200.0,7200.0,0,0.0,0.0
2024-10-30 14:55:00+09:00,7200.0,7200.0,7200.0,7200.0,17954,0.0,0.0
2024-10-31 09:00:00+09:00,7230.0,7230.0,7160.0,7160.0,1412,0.0,0.0
2024-10-31 09:05:00+09:00,7180.0,7180.0,7110.0,7150.0,1588,0.0,0.0
2024-10-31 09:10:00+09:00,7120.0,7150.0,7120.0,7150.0,63,0.0,0.0
2024-10-31 09:15:00+09:00,7150.0,7160.0,7110.0,7130.0,1494,0.0,0.0
2024-10-31 09:20:00+09:00,7130.0,7130.0,7120.0,7120.0,692,0.0,0.0
2024-10-31 09:25:00+09:00,7130.0,7160.0,7120.0,7130.0,298,0.0,0.0
2024-10-31 09:30:00+09:00,7140.0,7210.0,7140.0,7210.0,550,0.0,0.0
2024-10-31 09:35:00+09:00,7150.0,7150.0,7130.0,7130.0,596,0.0,0.0
2024-10-31 09:40:00+09:00,7170.0,7170.0,7170.0,7170.0,0,0.0,0.0
2024-10-31 09:45:00+09:00,7170.0,7210.0,7150.0,7210.0,528,0.0,0.0
2024-10-31 09:50:00+09:00,7200.0,7200.0,7200.0,7200.0,42,0.0,0.0
2024-10-31 10:05:00+09:00,7180.0,7180.0,7180.0,7180.0,51,0.0,0.0
2024-10-31 10:10:00+09:00,7200.0,7200.0,7170.0,7170.0,48,0.0,0.0
2024-10-31 10:15:00+09:00,7170.0,7190.0,7170.0,7190.0,89,0.0,0.0
2024-10-31 10:25:00+09:00,7180.0,7180.0,7150.0,7150.0,629,0.0,0.0
2024-10-31 10:35:00+09:00,7150.0,7190.0,7150.0,7190.0,31,0.0,0.0
2024-10-31 10:40:00+09:00,7150.0,7150.0,7150.0,7150.0,47,0.0,0.0
2024-10-31 11:05:00+09:00,7150.0,7150.0,7150.0,7150.0,50,0.0,0.0
2024-10-31 11:10:00+09:00,7200.0,7200.0,7200.0,7200.0,31,0.0,0.0
2024-10-31 11:15:00+09:00,7190.0,7190.0,7170.0,7170.0,91,0.0,0.0
2024-10-31 11:20:00+09:00,7160.0,7160.0,7150.0,7150.0,432,0.0,0.0
2024-10-31 11:25:00+09:00,7150.0,7190.0,7150.0,7190.0,202,0.0,0.0
2024-10-31 11:30:00+09:00,7180.0,7200.0,7180.0,7200.0,2,0.0,0.0
2024-10-31 11:35:00+09:00,7200.0,7200.0,7200.0,7200.0,2,0.0,0.0
2024-10-31 11:40:00+09:00,7200.0,7200.0,7200.0,7200.0,7,0.0,0.0
2024-10-31 11:50:00+09:00,7180.0,7180.0,7180.0,7180.0,6,0.0,0.0
2024-10-31 12:00:00+09:00,7160.0,7160.0,7130.0,7130.0,2684,0.0,0.0
2024-10-31 12:05:00+09:00,7150.0,7150.0,7150.0,7150.0,0,0.0,0.0
2024-10-31 12:10:00+09:00,7180.0,7180.0,7180.0,7180.0,47,0.0,0.0
2024-10-31 12:15:00+09:00,7170.0,7180.0,7170.0,7180.0,121,0.0,0.0
2024-10-31 12:20:00+09:00,7180.0,7180.0,7160.0,7160.0,16,0.0,0.0
2024-10-31 12:30:00+09:00,7170.0,7170.0,7140.0,7140.0,483,0.0,0.0
2024-10-31 12:35:00+09:00,7170.0,7180.0,7130.0,7180.0,2770,0.0,0.0
2024-10-31 12:40:00+09:00,7180.0,7180.0,7180.0,7180.0,0,0.0,0.0
2024-10-31 12:50:00+09:00,7180.0,7180.0,7170.0,7180.0,760,0.0,0.0
2024-10-31 12:55:00+09:00,7180.0,7180.0,7180.0,7180.0,27,0.0,0.0
2024-10-31 13:00:00+09:00,7180.0,7180.0,7180.0,7180.0,0,0.0,0.0
2024-10-31 13:05:00+09:00,7180.0,7180.0,7170.0,7170.0,289,0.0,0.0
2024-10-31 13:10:00+09:00,7190.0,7190.0,7190.0,7190.0,46,0.0,0.0
2024-10-31 13:15:00+09:00,7190.0,7190.0,7180.0,7180.0,96,0.0,0.0
2024-10-31 13:20:00+09:00,7190.0,7190.0,7190.0,7190.0,0,0.0,0.0
2024-10-31 13:25:00+09:00,7170.0,7170.0,7160.0,7160.0,406,0.0,0.0
2024-10-31 13:35:00+09:00,7170.0,7170.0,7130.0,7130.0,475,0.0,0.0
2024-10-31 13:40:00+09:00,7170.0,7170.0,7170.0,7170.0,184,0.0,0.0
2024-10-31 13:45:00+09:00,7160.0,7160.0,7160.0,7160.0,68,0.0,0.0
2024-10-31 13:50:00+09:00,7160.0,7180.0,7160.0,7180.0,112,0.0,0.0
2024-10-31 13:55:00+09:00,7170.0,7170.0,7170.0,7170.0,4,0.0,0.0
2024-10-31 14:00:00+09:00,7170.0,7240.0,7170.0,7240.0,19,0.0,0.0
2024-10-31 14:05:00+09:00,7170.0,7170.0,7160.0,7160.0,85,0.0,0.0
2024-10-31 14:10:00+09:00,7160.0,7160.0,7160.0,7160.0,466,0.0,0.0
2024-10-31 14:15:00+09:00,7160.0,7160.0,7160.0,7160.0,1075,0.0,0.0
2024-10-31 14:20:00+09:00,7180.0,7180.0,7170.0,7170.0,914,0.0,0.0
2024-10-31 14:25:00+09:00,7190.0,7190.0,7190.0,7190.0,0,0.0,0.0
2024-10-31 14:30:00+09:00,7180.0,7190.0,7180.0,7190.0,35,0.0,0.0
2024-10-31 14:35:00+09:00,7190.0,7190.0,7180.0,7180.0,469,0.0,0.0
2024-10-31 14:40:00+09:00,7190.0,7190.0,7150.0,7150.0,497,0.0,0.0
2024-10-31 14:50:00+09:00,7170.0,7170.0,7150.0,7170.0,1040,0.0,0.0
2024-11-01 09:00:00+09:00,7170.0,7170.0,7150.0,7150.0,513,0.0,0.0
2024-11-01 09:05:00+09:00,7170.0,7170.0,7150.0,7150.0,27,0.0,0.0
2024-11-01 09:10:00+09:00,7150.0,7160.0,7130.0,7130.0,603,0.0,0.0
2024-11-01 09:15:00+09:00,7160.0,7160.0,7130.0,7130.0,390,0.0,0.0
2024-11-01 09:20:00+09:00,7120.0,7130.0,7080.0,7100.0,3969,0.0,0.0
2024-11-01 09:25:00+09:00,7100.0,7100.0,7090.0,7100.0,470,0.0,0.0
2024-11-01 09:30:00+09:00,7120.0,7130.0,7120.0,7120.0,30,0.0,0.0
2024-11-01 09:40:00+09:00,7120.0,7120.0,7110.0,7110.0,1056,0.0,0.0
2024-11-01 09:45:00+09:00,7130.0,7180.0,7130.0,7150.0,19,0.0,0.0
2024-11-01 09:50:00+09:00,7130.0,7130.0,7130.0,7130.0,21,0.0,0.0
2024-11-01 09:55:00+09:00,7130.0,7140.0,7110.0,7140.0,380,0.0,0.0
2024-11-01 10:00:00+09:00,7120.0,7120.0,7110.0,7110.0,136,0.0,0.0
2024-11-01 10:05:00+09:00,7110.0,7110.0,7100.0,7110.0,1115,0.0,0.0
2024-11-01 10:10:00+09:00,7120.0,7120.0,7120.0,7120.0,0,0.0,0.0
2024-11-01 10:15:00+09:00,7120.0,7130.0,7120.0,7130.0,8704,0.0,0.0
2024-11-01 10:20:00+09:00,7140.0,7140.0,7120.0,7120.0,202,0.0,0.0
2024-11-01 10:25:00+09:00,7130.0,7130.0,7130.0,7130.0,0,0.0,0.0
2024-11-01 10:30:00+09:00,7130.0,7130.0,7120.0,7120.0,179,0.0,0.0
2024-11-01 10:35:00+09:00,7130.0,7140.0,7120.0,7140.0,59,0.0,0.0
2024-11-01 10:40:00+09:00,7130.0,7130.0,7120.0,7120.0,137,0.0,0.0
2024-11-01 10:45:00+09:00,7130.0,7140.0,7120.0,7120.0,61,0.0,0.0
2024-11-01 10:50:00+09:00,7130.0,7130.0,7120.0,7120.0,33,0.0,0.0
2024-11-01 10:55:00+09:00,7130.0,7130.0,7130.0,7130.0,130,0.0,0.0
2024-11-01 11:00:00+09:00,7130.0,7140.0,7130.0,7130.0,750,0.0,0.0
2024-11-01 11:05:00+09:00,7120.0,7120.0,7120.0,7120.0,52,0.0,0.0
2024-11-01 11:10:00+09:00,7140.0,7140.0,7130.0,7130.0,331,0.0,0.0
2024-11-01 11:20:00+09:00,7140.0,7140.0,7140.0,7140.0,13,0.0,0.0
2024-11-01 11:25:00+09:00,7130.0,7130.0,7130.0,7130.0,12,0.0,0.0
2024-11-01 11:30:00+09:00,7140.0,7150.0,7140.0,7150.0,479,0.0,0.0
2024-11-01 11:40:00+09:00,7160.0,7170.0,7160.0,7170.0,187,0.0,0.0
2024-11-01 11:55:00+09:00,7170.0,7170.0,7170.0,7170.0,0,0.0,0.0
2024-11-01 12:00:00+09:00,7170.0,7170.0,7170.0,7170.0,12,0.0,0.0
2024-11-01 12:05:00+09:00,7160.0,7170.0,7100.0,7170.0,1096,0.0,0.0
2024-11-01 12:35:00+09:00,7160.0,7160.0,7160.0,7160.0,88,0.0,0.0
2024-11-01 13:05:00+09:00,7160.0,7160.0,7160.0,7160.0,383,0.0,0.0
2024-11-01 13:20:00+09:00,7150.0,7150.0,7150.0,7150.0,35,0.0,0.0
2024-11-01 13:30:00+09:00,7140.0,7140.0,7140.0,7140.0,90,0.0,0.0
2024-11-01 13:40:00+09:00,7130.0,7130.0,7130.0,7130.0,0,0.0,0.0
2024-11-01 13:45:00+09:00,7130.0,7130.0,7120.0,7120.0,13167,0.0,0.0
2024-11-01 13:50:00+09:00,7110.0,7130.0,7100.0,7130.0,355,0.0,0.0
2024-11-01 14:00:00+09:00,7130.0,7130.0,7130.0,7130.0,1,0.0,0.0
2024-11-01 14:05:00+09:00,7120.0,7120.0,7120.0,7120.0,34,0.0,0.0
2024-11-01 14:15:00+09:00,7110.0,7110.0,7110.0,7110.0,4,0.0,0.0
2024-11-01 14:30:00+09:00,7110.0,7110.0,7110.0,7110.0,212,0.0,0.0
2024-11-01 14:35:00+09:00,7110.0,7110.0,7110.0,7110.0,116,0.0,0.0
2024-11-01 14:40:00+09:00,7130.0,7130.0,7130.0,7130.0,0,0.0,0.0
2024-11-01 14:45:00+09:00,7120.0,7130.0,7120.0,7130.0,38,0.0,0.0
2024-11-01 14:50:00+09:00,7120.0,7120.0,7120.0,7120.0,61,0.0,0.0
2024-11-01 14:55:00+09:00,7110.0,7110.0,7110.0,7110.0,300,0.0,0.0
