Datetime,Open,High,Low,Close,Volume,Dividends,Stock Splits
2024-10-02 09:00:00+09:00,56500.0,58000.0,56500.0,57400.0,0,0.0,0.0
2024-10-02 09:05:00+09:00,57300.0,57400.0,57100.0,57100.0,3251,0.0,0.0
2024-10-02 09:10:00+09:00,57000.0,57300.0,56900.0,57000.0,1914,0.0,0.0
2024-10-02 09:15:00+09:00,56900.0,56900.0,56500.0,56500.0,1658,0.0,0.0
2024-10-02 09:20:00+09:00,56500.0,56600.0,56200.0,56200.0,1611,0.0,0.0
2024-10-02 09:25:00+09:00,56300.0,56300.0,56100.0,56100.0,2584,0.0,0.0
2024-10-02 09:30:00+09:00,56200.0,56200.0,55900.0,56200.0,2213,0.0,0.0
2024-10-02 09:35:00+09:00,56200.0,56400.0,56100.0,56200.0,1031,0.0,0.0
2024-10-02 09:40:00+09:00,56200.0,56400.0,56200.0,56200.0,401,0.0,0.0
2024-10-02 09:45:00+09:00,56200.0,56300.0,56200.0,56200.0,1097,0.0,0.0
2024-10-02 09:50:00+09:00,56300.0,56300.0,56100.0,56100.0,334,0.0,0.0
2024-10-02 09:55:00+09:00,56100.0,56300.0,56100.0,56200.0,961,0.0,0.0
2024-10-02 10:00:00+09:00,56300.0,56700.0,56200.0,56700.0,2081,0.0,0.0
2024-10-02 10:05:00+09:00,56600.0,56600.0,56500.0,56600.0,270,0.0,0.0
2024-10-02 10:10:00+09:00,56500.0,56800.0,56400.0,56600.0,816,0.0,0.0
2024-10-02 10:15:00+09:00,56600.0,56800.0,56600.0,56600.0,861,0.0,0.0
2024-10-02 10:20:00+09:00,56600.0,56900.0,56600.0,56800.0,623,0.0,0.0
2024-10-02 10:25:00+09:00,56800.0,57700.0,56800.0,57500.0,2624,0.0,0.0
2024-10-02 10:30:00+09:00,57600.0,57700.0,57500.0,57600.0,1184,0.0,0.0
2024-10-02 10:35:00+09:00,57700.0,57700.0,57200.0,57300.0,1883,0.0,0.0
2024-10-02 10:40:00+09:00,57300.0,57300.0,56600.0,56800.0,2687,0.0,0.0
2024-10-02 10:45:00+09:00,56800.0,57100.0,56700.0,57000.0,829,0.0,0.0
2024-10-02 10:50:00+09:00,57000.0,57100.0,56900.0,56900.0,761,0.0,0.0
2024-10-02 10:55:00+09:00,56900.0,57000.0,56800.0,56900.0,1372,0.0,0.0
2024-10-02 11:00:00+09:00,57000.0,57000.0,56800.0,57000.0,1514,0.0,0.0
2024-10-02 11:05:00+09:00,57100.0,57100.0,56900.0,57000.0,1091,0.0,0.0
2024-10-02 11:10:00+09:00,57000.0,57000.0,56700.0,56700.0,1272,0.0,0.0
2024-10-02 11:15:00+09:00,56700.0,56900.0,56600.0,56900.0,932,0.0,0.0
2024-10-02 11:20:00+09:00,56800.0,56900.0,56800.0,56800.0,420,0.0,0.0
2024-10-02 11:25:00+09:00,56800.0,57100.0,56700.0,57100.0,572,0.0,0.0
2024-10-02 11:30:00+09:00,57000.0,57000.0,56900.0,56900.0,121,0.0,0.0
2024-10-02 11:35:00+09:00,56900.0,56900.0,56800.0,56800.0,323,0.0,0.0
2024-10-02 11:40:00+09:00,56800.0,56900.0,56800.0,56800.0,477,0.0,0.0
2024-10-02 11:45:00+09:00,56800.0,56900.0,56800.0,56900.0,571,0.0,0.0
2024-10-02 11:50:00+09:00,56800.0,56900.0,56800.0,56800.0,300,0.0,0.0
2024-10-02 11:55:00+09:00,56800.0,57000.0,56800.0,56800.0,452,0.0,0.0
2024-10-02 12:00:00+09:00,56800.0,56900.0,56800.0,56800.0,127,0.0,0.0
2024-10-02 12:05:00+09:00,56800.0,57300.0,56800.0,57100.0,1713,0.0,0.0
2024-10-02 12:10:00+09:00,57100.0,57200.0,57100.0,57100.0,203,0.0,0.0
2024-10-02 12:15:00+09:00,57100.0,57400.0,57000.0,57400.0,1555,0.0,0.0
2024-10-02 12:20:00+09:00,57400.0,57400.0,57300.0,57300.0,261,0.0,0.0
2024-10-02 12:25:00+09:00,57300.0,57600.0,57300.0,57500.0,2372,0.0,0.0
2024-10-02 12:30:00+09:00,57500.0,57500.0,57300.0,57400.0,275,0.0,0.0
2024-10-02 12:35:00+09:00,57400.0,57500.0,57400.0,57400.0,750,0.0,0.0
2024-10-02 12:40:00+09:00,57400.0,57400.0,57300.0,57300.0,394,0.0,0.0
2024-10-02 12:45:00+09:00,57300.0,57300.0,57200.0,57200.0,314,0.0,0.0
2024-10-02 12:50:00+09:00,57200.0,57300.0,57200.0,57200.0,166,0.0,0.0
2024-10-02 12:55:00+09:00,57200.0,57200.0,57100.0,57100.0,462,0.0,0.0
2024-10-02 13:00:00+09:00,57200.0,57400.0,57200.0,57200.0,846,0.0,0.0
2024-10-02 13:05:00+09:00,57200.0,57300.0,57200.0,57200.0,242,0.0,0.0
2024-10-02 13:10:00+09:00,57200.0,57300.0,57100.0,57200.0,510,0.0,0.0
2024-10-02 13:15:00+09:00,57100.0,57200.0,57100.0,57100.0,155,0.0,0.0
2024-10-02 13:20:00+09:00,57100.0,57100.0,57000.0,57100.0,997,0.0,0.0
2024-10-02 13:25:00+09:00,57100.0,57100.0,57100.0,57100.0,200,0.0,0.0
2024-10-02 13:30:00+09:00,57100.0,57100.0,57000.0,57000.0,487,0.0,0.0
2024-10-02 13:35:00+09:00,57000.0,57100.0,57000.0,57000.0,1002,0.0,0.0
2024-10-02 13:40:00+09:00,57100.0,57200.0,57000.0,57100.0,453,0.0,0.0
2024-10-02 13:45:00+09:00,57100.0,57200.0,57100.0,57100.0,183,0.0,0.0
2024-10-02 13:50:00+09:00,57100.0,57100.0,57000.0,57000.0,458,0.0,0.0
2024-10-02 13:55:00+09:00,57000.0,57000.0,56800.0,56900.0,607,0.0,0.0
2024-10-02 14:00:00+09:00,56900.0,56900.0,56900.0,56900.0,307,0.0,0.0
2024-10-02 14:05:00+09:00,56900.0,56900.0,56800.0,56800.0,543,0.0,0.0
2024-10-02 14:10:00+09:00,56800.0,56900.0,56800.0,56800.0,577,0.0,0.0
2024-10-02 14:15:00+09:00,56900.0,56900.0,56800.0,56800.0,611,0.0,0.0
2024-10-02 14:20:00+09:00,56900.0,56900.0,56700.0,56700.0,490,0.0,0.0
2024-10-02 14:25:00+09:00,56700.0,56800.0,56700.0,56700.0,914,0.0,0.0
2024-10-02 14:30:00+09:00,56800.0,57000.0,56800.0,56800.0,1145,0.0,0.0
2024-10-02 14:35:00+09:00,56900.0,56900.0,56600.0,56700.0,619,0.0,0.0
2024-10-02 14:40:00+09:00,56800.0,56800.0,56600.0,56700.0,1225,0.0,0.0
2024-10-02 14:45:00+09:00,56700.0,56900.0,56700.0,56700.0,1299,0.0,0.0
2024-10-02 14:50:00+09:00,56700.0,56800.0,56600.0,56600.0,1207,0.0,0.0
2024-10-02 14:55:00+09:00,56600.0,56700.0,56600.0,56600.0,564,0.0,0.0
2024-10-04 09:00:00+09:00,56700.0,58000.0,56700.0,57900.0,0,0.0,0.0
2024-10-04 09:05:00+09:00,57900.0,58200.0,57800.0,58000.0,2613,0.0,0.0
2024-10-04 09:10:00+09:00,58000.0,58100.0,57600.0,57600.0,1235,0.0,0.0
2024-10-04 09:15:00+09:00,57700.0,57700.0,57100.0,57200.0,1570,0.0,0.0
2024-10-04 09:20:00+09:00,57100.0,57200.0,57000.0,57000.0,1068,0.0,0.0
2024-10-04 09:25:00+09:00,57000.0,57500.0,57000.0,57200.0,2265,0.0,0.0
2024-10-04 09:30:00+09:00,57200.0,57300.0,57000.0,57100.0,835,0.0,0.0
2024-10-04 09:35:00+09:00,57100.0,57400.0,57000.0,57100.0,2112,0.0,0.0
2024-10-04 09:40:00+09:00,57100.0,57300.0,57100.0,57300.0,520,0.0,0.0
2024-10-04 09:45:00+09:00,57200.0,57400.0,57200.0,57300.0,1285,0.0,0.0
2024-10-04 09:50:00+09:00,57300.0,57400.0,57100.0,57100.0,1714,0.0,0.0
2024-10-04 09:55:00+09:00,57100.0,57400.0,57000.0,57400.0,1660,0.0,0.0
2024-10-04 10:00:00+09:00,57400.0,57500.0,57300.0,57400.0,664,0.0,0.0
2024-10-04 10:05:00+09:00,57400.0,57500.0,57300.0,57500.0,739,0.0,0.0
2024-10-04 10:10:00+09:00,57500.0,57600.0,57400.0,57500.0,1153,0.0,0.0
2024-10-04 10:15:00+09:00,57500.0,57600.0,57400.0,57400.0,535,0.0,0.0
2024-10-04 10:20:00+09:00,57500.0,57600.0,57400.0,57600.0,344,0.0,0.0
2024-10-04 10:25:00+09:00,57600.0,57600.0,57500.0,57500.0,745,0.0,0.0
2024-10-04 10:30:00+09:00,57500.0,57800.0,57500.0,57800.0,1202,0.0,0.0
2024-10-04 10:35:00+09:00,57800.0,57800.0,57700.0,57700.0,142,0.0,0.0
2024-10-04 10:40:00+09:00,57700.0,57900.0,57600.0,57900.0,775,0.0,0.0
2024-10-04 10:45:00+09:00,57800.0,57900.0,57800.0,57900.0,274,0.0,0.0
2024-10-04 10:50:00+09:00,57900.0,57900.0,57700.0,57800.0,506,0.0,0.0
2024-10-04 10:55:00+09:00,57700.0,57900.0,57700.0,57900.0,485,0.0,0.0
2024-10-04 11:00:00+09:00,57900.0,57900.0,57700.0,57800.0,453,0.0,0.0
2024-10-04 11:05:00+09:00,57800.0,57900.0,57700.0,57700.0,575,0.0,0.0
2024-10-04 11:10:00+09:00,57700.0,57800.0,57600.0,57800.0,409,0.0,0.0
2024-10-04 11:15:00+09:00,57800.0,57800.0,57700.0,57700.0,936,0.0,0.0
2024-10-04 11:20:00+09:00,57700.0,57800.0,57700.0,57700.0,249,0.0,0.0
2024-10-04 11:25:00+09:00,57700.0,57900.0,57700.0,57800.0,299,0.0,0.0
2024-10-04 11:30:00+09:00,57900.0,58100.0,57800.0,58100.0,2287,0.0,0.0
2024-10-04 11:35:00+09:00,58000.0,58100.0,58000.0,58000.0,195,0.0,0.0
2024-10-04 11:40:00+09:00,58000.0,58200.0,57900.0,57900.0,1004,0.0,0.0
2024-10-04 11:45:00+09:00,58000.0,58000.0,57800.0,57900.0,888,0.0,0.0
2024-10-04 11:50:00+09:00,57800.0,57900.0,57800.0,57900.0,327,0.0,0.0
2024-10-04 11:55:00+09:00,57800.0,57900.0,57800.0,57800.0,74,0.0,0.0
2024-10-04 12:00:00+09:00,57800.0,57900.0,57800.0,57900.0,271,0.0,0.0
2024-10-04 12:05:00+09:00,57900.0,57900.0,57700.0,57800.0,900,0.0,0.0
2024-10-04 12:10:00+09:00,57800.0,57800.0,57700.0,57700.0,97,0.0,0.0
2024-10-04 12:15:00+09:00,57700.0,57700.0,57600.0,57600.0,669,0.0,0.0
2024-10-04 12:20:00+09:00,57500.0,57600.0,57500.0,57600.0,652,0.0,0.0
2024-10-04 12:25:00+09:00,57500.0,57900.0,57500.0,57900.0,2892,0.0,0.0
2024-10-04 12:30:00+09:00,57900.0,58100.0,57900.0,58100.0,865,0.0,0.0
2024-10-04 12:35:00+09:00,58100.0,58100.0,58000.0,58000.0,853,0.0,0.0
2024-10-04 12:40:00+09:00,58000.0,58000.0,57800.0,57900.0,407,0.0,0.0
2024-10-04 12:45:00+09:00,57900.0,57900.0,57700.0,57800.0,427,0.0,0.0
2024-10-04 12:50:00+09:00,57700.0,57800.0,57700.0,57800.0,468,0.0,0.0
2024-10-04 12:55:00+09:00,57800.0,57800.0,57700.0,57800.0,455,0.0,0.0
2024-10-04 13:00:00+09:00,57800.0,57800.0,57700.0,57700.0,300,0.0,0.0
2024-10-04 13:05:00+09:00,57700.0,57800.0,57700.0,57800.0,306,0.0,0.0
2024-10-04 13:10:00+09:00,57700.0,57800.0,57700.0,57800.0,376,0.0,0.0
2024-10-04 13:15:00+09:00,57800.0,57800.0,57700.0,57700.0,194,0.0,0.0
2024-10-04 13:20:00+09:00,57700.0,58000.0,57700.0,58000.0,698,0.0,0.0
2024-10-04 13:25:00+09:00,58000.0,58100.0,57800.0,57900.0,1459,0.0,0.0
2024-10-04 13:30:00+09:00,57900.0,58000.0,57800.0,57800.0,1149,0.0,0.0
2024-10-04 13:35:00+09:00,57800.0,57800.0,57600.0,57700.0,872,0.0,0.0
2024-10-04 13:40:00+09:00,57600.0,57700.0,57600.0,57700.0,439,0.0,0.0
2024-10-04 13:45:00+09:00,57600.0,57700.0,57400.0,57500.0,2163,0.0,0.0
2024-10-04 13:50:00+09:00,57500.0,57600.0,57500.0,57600.0,156,0.0,0.0
2024-10-04 13:55:00+09:00,57500.0,57500.0,57400.0,57500.0,666,0.0,0.0
2024-10-04 14:00:00+09:00,57400.0,57500.0,57300.0,57500.0,1042,0.0,0.0
2024-10-04 14:05:00+09:00,57600.0,57600.0,57500.0,57600.0,158,0.0,0.0
2024-10-04 14:10:00+09:00,57600.0,57600.0,57500.0,57600.0,163,0.0,0.0
2024-10-04 14:15:00+09:00,57600.0,57800.0,57600.0,57700.0,1253,0.0,0.0
2024-10-04 14:20:00+09:00,57600.0,57600.0,57500.0,57600.0,541,0.0,0.0
2024-10-04 14:25:00+09:00,57600.0,57600.0,57400.0,57400.0,385,0.0,0.0
2024-10-04 14:30:00+09:00,57500.0,57600.0,57400.0,57600.0,723,0.0,0.0
2024-10-04 14:35:00+09:00,57600.0,57600.0,57400.0,57400.0,352,0.0,0.0
2024-10-04 14:40:00+09:00,57500.0,57700.0,57400.0,57700.0,898,0.0,0.0
2024-10-04 14:45:00+09:00,57700.0,57700.0,57400.0,57500.0,2268,0.0,0.0
2024-10-04 14:50:00+09:00,57500.0,57500.0,57300.0,57500.0,659,0.0,0.0
2024-10-04 14:55:00+09:00,57400.0,57500.0,57400.0,57500.0,727,0.0,0.0
2024-10-07 09:00:00+09:00,58100.0,58100.0,57200.0,57300.0,0,0.0,0.0
2024-10-07 09:05:00+09:00,57400.0,57600.0,57200.0,57600.0,1177,0.0,0.0
2024-10-07 09:10:00+09:00,57500.0,57700.0,57500.0,57700.0,927,0.0,0.0
2024-10-07 09:15:00+09:00,57700.0,57800.0,57600.0,57800.0,582,0.0,0.0
2024-10-07 09:20:00+09:00,57700.0,58000.0,57700.0,57700.0,912,0.0,0.0
2024-10-07 09:25:00+09:00,57700.0,57700.0,57400.0,57500.0,1444,0.0,0.0
2024-10-07 09:30:00+09:00,57500.0,57700.0,57500.0,57700.0,920,0.0,0.0
2024-10-07 09:35:00+09:00,57700.0,57700.0,57600.0,57700.0,184,0.0,0.0
2024-10-07 09:40:00+09:00,57600.0,57700.0,57500.0,57500.0,364,0.0,0.0
2024-10-07 09:45:00+09:00,57500.0,57700.0,57500.0,57500.0,403,0.0,0.0
2024-10-07 09:50:00+09:00,57600.0,57700.0,57500.0,57700.0,178,0.0,0.0
2024-10-07 09:55:00+09:00,57600.0,58200.0,57600.0,57900.0,1457,0.0,0.0
2024-10-07 10:00:00+09:00,57800.0,57900.0,57700.0,57900.0,495,0.0,0.0
2024-10-07 10:05:00+09:00,57800.0,58100.0,57800.0,58100.0,894,0.0,0.0
2024-10-07 10:10:00+09:00,58100.0,58300.0,58100.0,58200.0,959,0.0,0.0
2024-10-07 10:15:00+09:00,58200.0,58200.0,58000.0,58100.0,432,0.0,0.0
2024-10-07 10:20:00+09:00,58200.0,58200.0,58100.0,58100.0,256,0.0,0.0
2024-10-07 10:25:00+09:00,58100.0,58100.0,58000.0,58000.0,355,0.0,0.0
2024-10-07 10:30:00+09:00,58100.0,58200.0,58000.0,58200.0,880,0.0,0.0
2024-10-07 10:35:00+09:00,58100.0,58200.0,58000.0,58000.0,726,0.0,0.0
2024-10-07 10:40:00+09:00,58100.0,58100.0,57800.0,57800.0,352,0.0,0.0
2024-10-07 10:45:00+09:00,57800.0,57900.0,57800.0,57800.0,377,0.0,0.0
2024-10-07 10:50:00+09:00,57800.0,57800.0,57500.0,57700.0,1023,0.0,0.0
2024-10-07 10:55:00+09:00,57700.0,57800.0,57600.0,57800.0,321,0.0,0.0
2024-10-07 11:00:00+09:00,57700.0,57900.0,57700.0,57900.0,391,0.0,0.0
2024-10-07 11:05:00+09:00,57800.0,58000.0,57700.0,57800.0,738,0.0,0.0
2024-10-07 11:10:00+09:00,57800.0,57800.0,57800.0,57800.0,309,0.0,0.0
2024-10-07 11:15:00+09:00,57800.0,57800.0,57700.0,57800.0,226,0.0,0.0
2024-10-07 11:20:00+09:00,57700.0,57800.0,57700.0,57800.0,54,0.0,0.0
2024-10-07 11:25:00+09:00,57700.0,57800.0,57700.0,57700.0,783,0.0,0.0
2024-10-07 11:30:00+09:00,57800.0,57800.0,57700.0,57700.0,84,0.0,0.0
2024-10-07 11:35:00+09:00,57700.0,57800.0,57700.0,57700.0,74,0.0,0.0
2024-10-07 11:40:00+09:00,57700.0,57700.0,57600.0,57600.0,455,0.0,0.0
2024-10-07 11:45:00+09:00,57600.0,57600.0,57500.0,57600.0,399,0.0,0.0
2024-10-07 11:50:00+09:00,57500.0,57600.0,57500.0,57500.0,205,0.0,0.0
2024-10-07 11:55:00+09:00,57600.0,57600.0,57500.0,57600.0,315,0.0,0.0
2024-10-07 12:00:00+09:00,57600.0,57600.0,57500.0,57600.0,889,0.0,0.0
2024-10-07 12:05:00+09:00,57600.0,57600.0,57500.0,57600.0,565,0.0,0.0
2024-10-07 12:10:00+09:00,57700.0,57700.0,57600.0,57700.0,297,0.0,0.0
2024-10-07 12:15:00+09:00,57700.0,57700.0,57600.0,57700.0,790,0.0,0.0
2024-10-07 12:20:00+09:00,57700.0,57800.0,57500.0,57500.0,1090,0.0,0.0
2024-10-07 12:25:00+09:00,57500.0,57600.0,57400.0,57500.0,351,0.0,0.0
2024-10-07 12:30:00+09:00,57500.0,57600.0,57500.0,57500.0,286,0.0,0.0
2024-10-07 12:35:00+09:00,57500.0,57600.0,57500.0,57500.0,241,0.0,0.0
2024-10-07 12:40:00+09:00,57500.0,57600.0,57500.0,57500.0,160,0.0,0.0
2024-10-07 12:45:00+09:00,57500.0,57600.0,57500.0,57500.0,204,0.0,0.0
2024-10-07 12:50:00+09:00,57500.0,57600.0,57500.0,57500.0,185,0.0,0.0
2024-10-07 12:55:00+09:00,57500.0,57600.0,57500.0,57600.0,361,0.0,0.0
2024-10-07 13:00:00+09:00,57600.0,57600.0,57500.0,57600.0,716,0.0,0.0
2024-10-07 13:05:00+09:00,57700.0,57900.0,57600.0,57900.0,929,0.0,0.0
2024-10-07 13:10:00+09:00,57900.0,58000.0,57800.0,57800.0,1017,0.0,0.0
2024-10-07 13:15:00+09:00,57900.0,57900.0,57800.0,57900.0,122,0.0,0.0
2024-10-07 13:20:00+09:00,57900.0,57900.0,57800.0,57800.0,814,0.0,0.0
2024-10-07 13:25:00+09:00,57800.0,58100.0,57800.0,58000.0,1554,0.0,0.0
2024-10-07 13:30:00+09:00,58000.0,58700.0,58000.0,58600.0,3875,0.0,0.0
2024-10-07 13:35:00+09:00,58500.0,58600.0,58300.0,58500.0,2634,0.0,0.0
2024-10-07 13:40:00+09:00,58400.0,58700.0,58300.0,58600.0,1542,0.0,0.0
2024-10-07 13:45:00+09:00,58600.0,58900.0,58500.0,58600.0,3726,0.0,0.0
2024-10-07 13:50:00+09:00,58600.0,58700.0,58400.0,58600.0,942,0.0,0.0
2024-10-07 13:55:00+09:00,58500.0,58600.0,58500.0,58600.0,99,0.0,0.0
2024-10-07 14:00:00+09:00,58500.0,58600.0,58300.0,58300.0,712,0.0,0.0
2024-10-07 14:05:00+09:00,58300.0,58300.0,58200.0,58200.0,263,0.0,0.0
2024-10-07 14:10:00+09:00,58400.0,58400.0,58200.0,58300.0,206,0.0,0.0
2024-10-07 14:15:00+09:00,58200.0,58400.0,58100.0,58400.0,1319,0.0,0.0
2024-10-07 14:20:00+09:00,58400.0,58800.0,58300.0,58800.0,2392,0.0,0.0
2024-10-07 14:25:00+09:00,58800.0,59100.0,58800.0,59000.0,4530,0.0,0.0
2024-10-07 14:30:00+09:00,59000.0,59200.0,58800.0,58900.0,2305,0.0,0.0
2024-10-07 14:35:00+09:00,59000.0,59100.0,58900.0,59000.0,933,0.0,0.0
2024-10-07 14:40:00+09:00,59000.0,59100.0,58800.0,59000.0,1423,0.0,0.0
2024-10-07 14:45:00+09:00,59000.0,59100.0,59000.0,59000.0,1414,0.0,0.0
2024-10-07 14:50:00+09:00,59100.0,59100.0,58900.0,59000.0,1263,0.0,0.0
2024-10-07 14:55:00+09:00,58900.0,59100.0,58900.0,59000.0,1825,0.0,0.0
2024-10-08 09:00:00+09:00,57700.0,58500.0,57700.0,58500.0,1248,0.0,0.0
2024-10-08 09:05:00+09:00,58500.0,59000.0,58400.0,58500.0,1148,0.0,0.0
2024-10-08 09:10:00+09:00,58700.0,58700.0,58400.0,58600.0,321,0.0,0.0
2024-10-08 09:15:00+09:00,58600.0,58800.0,58300.0,58300.0,1152,0.0,0.0
2024-10-08 09:20:00+09:00,58400.0,58400.0,58000.0,58000.0,1007,0.0,0.0
2024-10-08 09:25:00+09:00,58000.0,58100.0,57900.0,58000.0,315,0.0,0.0
2024-10-08 09:30:00+09:00,58000.0,58100.0,58000.0,58100.0,50,0.0,0.0
2024-10-08 09:35:00+09:00,58100.0,58100.0,57900.0,57900.0,500,0.0,0.0
2024-10-08 09:40:00+09:00,58000.0,58000.0,57900.0,58000.0,292,0.0,0.0
2024-10-08 09:45:00+09:00,58000.0,58000.0,57800.0,57800.0,661,0.0,0.0
2024-10-08 09:50:00+09:00,57700.0,57700.0,57500.0,57600.0,1924,0.0,0.0
2024-10-08 09:55:00+09:00,57600.0,57700.0,57400.0,57500.0,2799,0.0,0.0
2024-10-08 10:00:00+09:00,57400.0,57600.0,57400.0,57600.0,221,0.0,0.0
2024-10-08 10:05:00+09:00,57500.0,57500.0,57400.0,57500.0,761,0.0,0.0
2024-10-08 10:10:00+09:00,57500.0,57500.0,57400.0,57400.0,196,0.0,0.0
2024-10-08 10:15:00+09:00,57400.0,57800.0,57400.0,57700.0,666,0.0,0.0
2024-10-08 10:20:00+09:00,57700.0,57700.0,57300.0,57300.0,1664,0.0,0.0
2024-10-08 10:25:00+09:00,57400.0,57400.0,57300.0,57300.0,786,0.0,0.0
2024-10-08 10:30:00+09:00,57300.0,57300.0,57100.0,57100.0,1538,0.0,0.0
2024-10-08 10:35:00+09:00,57100.0,57200.0,56900.0,56900.0,2036,0.0,0.0
2024-10-08 10:40:00+09:00,56900.0,57100.0,56900.0,57000.0,404,0.0,0.0
2024-10-08 10:45:00+09:00,57000.0,57000.0,56900.0,56900.0,492,0.0,0.0
2024-10-08 10:50:00+09:00,57000.0,57000.0,56900.0,57000.0,1070,0.0,0.0
2024-10-08 10:55:00+09:00,57000.0,57000.0,56800.0,56900.0,730,0.0,0.0
2024-10-08 11:00:00+09:00,56800.0,57100.0,56800.0,57100.0,871,0.0,0.0
2024-10-08 11:05:00+09:00,57000.0,57000.0,56900.0,56900.0,504,0.0,0.0
2024-10-08 11:10:00+09:00,56900.0,57000.0,56800.0,56800.0,726,0.0,0.0
2024-10-08 11:15:00+09:00,56800.0,57000.0,56800.0,57000.0,510,0.0,0.0
2024-10-08 11:20:00+09:00,57000.0,57000.0,57000.0,57000.0,244,0.0,0.0
2024-10-08 11:25:00+09:00,57000.0,57100.0,57000.0,57000.0,240,0.0,0.0
2024-10-08 11:30:00+09:00,57000.0,57100.0,57000.0,57000.0,400,0.0,0.0
2024-10-08 11:35:00+09:00,57000.0,57100.0,57000.0,57000.0,658,0.0,0.0
2024-10-08 11:40:00+09:00,57200.0,57200.0,57000.0,57000.0,274,0.0,0.0
2024-10-08 11:45:00+09:00,57100.0,57200.0,57000.0,57000.0,709,0.0,0.0
2024-10-08 11:50:00+09:00,57000.0,57200.0,57000.0,57100.0,381,0.0,0.0
2024-10-08 11:55:00+09:00,57100.0,57300.0,57100.0,57300.0,778,0.0,0.0
2024-10-08 12:00:00+09:00,57400.0,57400.0,57000.0,57100.0,844,0.0,0.0
2024-10-08 12:05:00+09:00,57200.0,57200.0,57100.0,57100.0,243,0.0,0.0
2024-10-08 12:10:00+09:00,57100.0,57200.0,57100.0,57100.0,435,0.0,0.0
2024-10-08 12:15:00+09:00,57100.0,57200.0,57100.0,57100.0,295,0.0,0.0
2024-10-08 12:20:00+09:00,57100.0,57100.0,57000.0,57100.0,600,0.0,0.0
2024-10-08 12:25:00+09:00,57000.0,57100.0,57000.0,57100.0,359,0.0,0.0
2024-10-08 12:30:00+09:00,57100.0,57200.0,57000.0,57000.0,482,0.0,0.0
2024-10-08 12:35:00+09:00,57000.0,57200.0,57000.0,57200.0,697,0.0,0.0
2024-10-08 12:40:00+09:00,57600.0,57600.0,57100.0,57200.0,1132,0.0,0.0
2024-10-08 12:45:00+09:00,57200.0,57400.0,57100.0,57300.0,520,0.0,0.0
2024-10-08 12:50:00+09:00,57300.0,57400.0,57200.0,57300.0,1660,0.0,0.0
2024-10-08 12:55:00+09:00,57300.0,57300.0,57200.0,57300.0,487,0.0,0.0
2024-10-08 13:00:00+09:00,57300.0,57400.0,57200.0,57300.0,261,0.0,0.0
2024-10-08 13:05:00+09:00,57300.0,57400.0,57200.0,57200.0,302,0.0,0.0
2024-10-08 13:10:00+09:00,57200.0,57300.0,57200.0,57300.0,297,0.0,0.0
2024-10-08 13:15:00+09:00,57200.0,57400.0,57200.0,57300.0,460,0.0,0.0
2024-10-08 13:20:00+09:00,57300.0,57600.0,57300.0,57500.0,717,0.0,0.0
2024-10-08 13:25:00+09:00,57500.0,57500.0,57400.0,57400.0,487,0.0,0.0
2024-10-08 13:30:00+09:00,57400.0,57600.0,57300.0,57300.0,197,0.0,0.0
2024-10-08 13:35:00+09:00,57400.0,57400.0,57300.0,57300.0,306,0.0,0.0
2024-10-08 13:40:00+09:00,57300.0,57400.0,57300.0,57300.0,704,0.0,0.0
2024-10-08 13:45:00+09:00,57300.0,57400.0,57300.0,57300.0,317,0.0,0.0
2024-10-08 13:50:00+09:00,57300.0,57500.0,57300.0,57400.0,399,0.0,0.0
2024-10-08 13:55:00+09:00,57400.0,57600.0,57400.0,57500.0,462,0.0,0.0
2024-10-08 14:00:00+09:00,57500.0,57500.0,57400.0,57400.0,439,0.0,0.0
2024-10-08 14:05:00+09:00,57400.0,57400.0,57300.0,57400.0,955,0.0,0.0
2024-10-08 14:10:00+09:00,57300.0,57400.0,57300.0,57400.0,134,0.0,0.0
2024-10-08 14:15:00+09:00,57300.0,57600.0,57300.0,57400.0,550,0.0,0.0
2024-10-08 14:20:00+09:00,57500.0,57600.0,57400.0,57400.0,322,0.0,0.0
2024-10-08 14:25:00+09:00,57400.0,57500.0,57400.0,57500.0,390,0.0,0.0
2024-10-08 14:30:00+09:00,57600.0,57600.0,57400.0,57400.0,559,0.0,0.0
2024-10-08 14:35:00+09:00,57400.0,57600.0,57300.0,57400.0,677,0.0,0.0
2024-10-08 14:40:00+09:00,57400.0,57600.0,57400.0,57400.0,608,0.0,0.0
2024-10-08 14:45:00+09:00,57400.0,57600.0,57400.0,57500.0,426,0.0,0.0
2024-10-08 14:50:00+09:00,57400.0,57600.0,57400.0,57500.0,698,0.0,0.0
2024-10-08 14:55:00+09:00,57400.0,57600.0,57300.0,57500.0,834,0.0,0.0
2024-10-10 09:00:00+09:00,58900.0,59000.0,58200.0,58400.0,0,0.0,0.0
2024-10-10 09:05:00+09:00,58400.0,58500.0,58100.0,58400.0,934,0.0,0.0
2024-10-10 09:10:00+09:00,58500.0,58500.0,57800.0,57800.0,885,0.0,0.0
2024-10-10 09:15:00+09:00,57800.0,57900.0,57100.0,57200.0,2788,0.0,0.0
2024-10-10 09:20:00+09:00,57200.0,57300.0,57000.0,57200.0,1790,0.0,0.0
2024-10-10 09:25:00+09:00,57100.0,57100.0,56800.0,56900.0,2950,0.0,0.0
2024-10-10 09:30:00+09:00,57000.0,57000.0,56600.0,57000.0,2613,0.0,0.0
2024-10-10 09:35:00+09:00,57000.0,57000.0,56500.0,56700.0,3014,0.0,0.0
2024-10-10 09:40:00+09:00,56700.0,56700.0,56500.0,56500.0,1549,0.0,0.0
2024-10-10 09:45:00+09:00,56600.0,56600.0,56500.0,56500.0,591,0.0,0.0
2024-10-10 09:50:00+09:00,56600.0,56700.0,56500.0,56600.0,1558,0.0,0.0
2024-10-10 09:55:00+09:00,56600.0,56700.0,56600.0,56700.0,218,0.0,0.0
2024-10-10 10:00:00+09:00,56600.0,56700.0,56300.0,56400.0,3337,0.0,0.0
2024-10-10 10:05:00+09:00,56400.0,56700.0,56400.0,56500.0,566,0.0,0.0
2024-10-10 10:10:00+09:00,56500.0,56700.0,56400.0,56400.0,873,0.0,0.0
2024-10-10 10:15:00+09:00,56400.0,56400.0,56300.0,56400.0,363,0.0,0.0
2024-10-10 10:20:00+09:00,56400.0,56700.0,56300.0,56600.0,852,0.0,0.0
2024-10-10 10:25:00+09:00,56600.0,56900.0,56600.0,56800.0,501,0.0,0.0
2024-10-10 10:30:00+09:00,56700.0,56800.0,56600.0,56700.0,344,0.0,0.0
2024-10-10 10:35:00+09:00,56700.0,56800.0,56600.0,56600.0,556,0.0,0.0
2024-10-10 10:40:00+09:00,56500.0,56600.0,56400.0,56500.0,490,0.0,0.0
2024-10-10 10:45:00+09:00,56500.0,56500.0,56400.0,56500.0,2277,0.0,0.0
2024-10-10 10:50:00+09:00,56400.0,56500.0,56400.0,56500.0,189,0.0,0.0
2024-10-10 10:55:00+09:00,56400.0,56600.0,56400.0,56500.0,372,0.0,0.0
2024-10-10 11:00:00+09:00,56500.0,56500.0,56300.0,56300.0,1062,0.0,0.0
2024-10-10 11:05:00+09:00,56300.0,56500.0,56300.0,56500.0,1351,0.0,0.0
2024-10-10 11:10:00+09:00,56400.0,56600.0,56400.0,56400.0,501,0.0,0.0
2024-10-10 11:15:00+09:00,56400.0,56500.0,56400.0,56500.0,430,0.0,0.0
2024-10-10 11:20:00+09:00,56500.0,56600.0,56500.0,56500.0,355,0.0,0.0
2024-10-10 11:25:00+09:00,56500.0,56600.0,56400.0,56500.0,263,0.0,0.0
2024-10-10 11:30:00+09:00,56500.0,56600.0,56500.0,56600.0,472,0.0,0.0
2024-10-10 11:35:00+09:00,56600.0,56700.0,56500.0,56500.0,538,0.0,0.0
2024-10-10 11:40:00+09:00,56600.0,56700.0,56500.0,56600.0,245,0.0,0.0
2024-10-10 11:45:00+09:00,56600.0,56800.0,56500.0,56600.0,446,0.0,0.0
2024-10-10 11:50:00+09:00,56600.0,56700.0,56600.0,56600.0,256,0.0,0.0
2024-10-10 11:55:00+09:00,56600.0,56900.0,56600.0,56800.0,705,0.0,0.0
2024-10-10 12:00:00+09:00,56700.0,57000.0,56700.0,56900.0,484,0.0,0.0
2024-10-10 12:05:00+09:00,56900.0,56900.0,56700.0,56700.0,368,0.0,0.0
2024-10-10 12:10:00+09:00,56800.0,56800.0,56700.0,56700.0,230,0.0,0.0
2024-10-10 12:15:00+09:00,56700.0,56800.0,56600.0,56600.0,240,0.0,0.0
2024-10-10 12:20:00+09:00,56600.0,56700.0,56500.0,56500.0,736,0.0,0.0
2024-10-10 12:25:00+09:00,56500.0,56600.0,56300.0,56400.0,1521,0.0,0.0
2024-10-10 12:30:00+09:00,56300.0,56500.0,56300.0,56400.0,444,0.0,0.0
2024-10-10 12:35:00+09:00,56400.0,56500.0,56400.0,56400.0,229,0.0,0.0
2024-10-10 12:40:00+09:00,56400.0,56500.0,56400.0,56400.0,731,0.0,0.0
2024-10-10 12:45:00+09:00,56400.0,56400.0,56300.0,56400.0,325,0.0,0.0
2024-10-10 12:50:00+09:00,56400.0,56500.0,56400.0,56400.0,236,0.0,0.0
2024-10-10 12:55:00+09:00,56400.0,56500.0,56300.0,56300.0,1126,0.0,0.0
2024-10-10 13:00:00+09:00,56300.0,56400.0,56300.0,56400.0,293,0.0,0.0
2024-10-10 13:05:00+09:00,56400.0,56400.0,56300.0,56300.0,354,0.0,0.0
2024-10-10 13:10:00+09:00,56300.0,56400.0,56200.0,56200.0,1685,0.0,0.0
2024-10-10 13:15:00+09:00,56200.0,56300.0,56200.0,56200.0,412,0.0,0.0
2024-10-10 13:20:00+09:00,56200.0,56300.0,56200.0,56200.0,418,0.0,0.0
2024-10-10 13:25:00+09:00,56200.0,56300.0,56200.0,56200.0,330,0.0,0.0
2024-10-10 13:30:00+09:00,56200.0,56300.0,56200.0,56200.0,358,0.0,0.0
2024-10-10 13:35:00+09:00,56200.0,56400.0,56200.0,56300.0,591,0.0,0.0
2024-10-10 13:40:00+09:00,56300.0,56300.0,56200.0,56200.0,377,0.0,0.0
2024-10-10 13:45:00+09:00,56200.0,56300.0,56100.0,56100.0,890,0.0,0.0
2024-10-10 13:50:00+09:00,56100.0,56200.0,56100.0,56200.0,558,0.0,0.0
2024-10-10 13:55:00+09:00,56200.0,56200.0,55900.0,56000.0,3263,0.0,0.0
2024-10-10 14:00:00+09:00,55900.0,56100.0,55600.0,55600.0,4053,0.0,0.0
2024-10-10 14:05:00+09:00,55600.0,55800.0,55600.0,55800.0,1038,0.0,0.0
2024-10-10 14:10:00+09:00,55700.0,55700.0,55500.0,55600.0,1784,0.0,0.0
2024-10-10 14:15:00+09:00,55600.0,55700.0,55500.0,55500.0,1311,0.0,0.0
2024-10-10 14:20:00+09:00,55500.0,55700.0,55500.0,55600.0,542,0.0,0.0
2024-10-10 14:25:00+09:00,55600.0,55800.0,55500.0,55700.0,966,0.0,0.0
2024-10-10 14:30:00+09:00,55700.0,55800.0,55600.0,55800.0,460,0.0,0.0
2024-10-10 14:35:00+09:00,55700.0,55800.0,55600.0,55600.0,358,0.0,0.0
2024-10-10 14:40:00+09:00,55700.0,55700.0,55600.0,55600.0,556,0.0,0.0
2024-10-10 14:45:00+09:00,55600.0,55700.0,55600.0,55600.0,471,0.0,0.0
2024-10-10 14:50:00+09:00,55600.0,55800.0,55400.0,55400.0,8527,0.0,0.0
2024-10-10 14:55:00+09:00,55400.0,55600.0,55400.0,55500.0,1542,0.0,0.0
2024-10-11 09:00:00+09:00,56000.0,56600.0,55500.0,56400.0,3721,0.0,0.0
2024-10-11 09:05:00+09:00,56400.0,56600.0,56100.0,56400.0,1294,0.0,0.0
2024-10-11 09:10:00+09:00,56400.0,56400.0,56200.0,56300.0,529,0.0,0.0
2024-10-11 09:15:00+09:00,56300.0,56400.0,56200.0,56400.0,476,0.0,0.0
2024-10-11 09:20:00+09:00,56400.0,56400.0,56200.0,56300.0,524,0.0,0.0
2024-10-11 09:25:00+09:00,56300.0,56300.0,56000.0,56000.0,639,0.0,0.0
2024-10-11 09:30:00+09:00,56000.0,56300.0,56000.0,56100.0,1422,0.0,0.0
2024-10-11 09:35:00+09:00,56100.0,56100.0,55700.0,55900.0,1524,0.0,0.0
2024-10-11 09:40:00+09:00,55900.0,56200.0,55800.0,56000.0,587,0.0,0.0
2024-10-11 09:45:00+09:00,56000.0,56100.0,56000.0,56000.0,305,0.0,0.0
2024-10-11 09:50:00+09:00,56100.0,56400.0,56100.0,56400.0,1143,0.0,0.0
2024-10-11 09:55:00+09:00,56300.0,56400.0,56100.0,56100.0,353,0.0,0.0
2024-10-11 10:00:00+09:00,56100.0,56400.0,56100.0,56300.0,285,0.0,0.0
2024-10-11 10:05:00+09:00,56200.0,56300.0,56100.0,56200.0,300,0.0,0.0
2024-10-11 10:10:00+09:00,56300.0,56600.0,56200.0,56600.0,1118,0.0,0.0
2024-10-11 10:15:00+09:00,56500.0,57600.0,56500.0,57300.0,7774,0.0,0.0
2024-10-11 10:20:00+09:00,57300.0,57500.0,57100.0,57100.0,1842,0.0,0.0
2024-10-11 10:25:00+09:00,57200.0,57400.0,57100.0,57400.0,1339,0.0,0.0
2024-10-11 10:30:00+09:00,57400.0,57700.0,57300.0,57600.0,3903,0.0,0.0
2024-10-11 10:35:00+09:00,57500.0,57900.0,57500.0,57600.0,2375,0.0,0.0
2024-10-11 10:40:00+09:00,57600.0,58000.0,57400.0,57900.0,2308,0.0,0.0
2024-10-11 10:45:00+09:00,58000.0,58200.0,57800.0,57900.0,1617,0.0,0.0
2024-10-11 10:50:00+09:00,57800.0,57900.0,57600.0,57600.0,1219,0.0,0.0
2024-10-11 10:55:00+09:00,57600.0,57900.0,57500.0,57600.0,876,0.0,0.0
2024-10-11 11:00:00+09:00,57500.0,57700.0,57300.0,57500.0,1666,0.0,0.0
2024-10-11 11:05:00+09:00,57500.0,57700.0,57500.0,57700.0,355,0.0,0.0
2024-10-11 11:10:00+09:00,57600.0,57700.0,57500.0,57600.0,250,0.0,0.0
2024-10-11 11:15:00+09:00,57600.0,57600.0,57600.0,57600.0,504,0.0,0.0
2024-10-11 11:20:00+09:00,57700.0,57800.0,57700.0,57700.0,449,0.0,0.0
2024-10-11 11:25:00+09:00,57700.0,57700.0,57500.0,57500.0,398,0.0,0.0
2024-10-11 11:30:00+09:00,57500.0,57600.0,57200.0,57400.0,651,0.0,0.0
2024-10-11 11:35:00+09:00,57300.0,57400.0,57200.0,57200.0,194,0.0,0.0
2024-10-11 11:40:00+09:00,57200.0,57300.0,57200.0,57300.0,76,0.0,0.0
2024-10-11 11:45:00+09:00,57200.0,57300.0,57200.0,57200.0,64,0.0,0.0
2024-10-11 11:50:00+09:00,57200.0,57300.0,57200.0,57300.0,78,0.0,0.0
2024-10-11 11:55:00+09:00,57300.0,57400.0,57300.0,57400.0,565,0.0,0.0
2024-10-11 12:00:00+09:00,57300.0,57500.0,57300.0,57500.0,452,0.0,0.0
2024-10-11 12:05:00+09:00,57400.0,57500.0,57400.0,57400.0,299,0.0,0.0
2024-10-11 12:10:00+09:00,57400.0,57500.0,57400.0,57400.0,653,0.0,0.0
2024-10-11 12:15:00+09:00,57400.0,57500.0,57400.0,57400.0,112,0.0,0.0
2024-10-11 12:20:00+09:00,57400.0,57500.0,57300.0,57400.0,160,0.0,0.0
2024-10-11 12:25:00+09:00,57400.0,57500.0,57300.0,57400.0,423,0.0,0.0
2024-10-11 12:30:00+09:00,57400.0,57500.0,57400.0,57500.0,113,0.0,0.0
2024-10-11 12:35:00+09:00,57500.0,57500.0,57400.0,57400.0,16,0.0,0.0
2024-10-11 12:40:00+09:00,57400.0,57500.0,57300.0,57500.0,937,0.0,0.0
2024-10-11 12:45:00+09:00,57300.0,57500.0,57300.0,57500.0,69,0.0,0.0
2024-10-11 12:50:00+09:00,57400.0,57500.0,57400.0,57400.0,445,0.0,0.0
2024-10-11 12:55:00+09:00,57500.0,57600.0,57400.0,57500.0,539,0.0,0.0
2024-10-11 13:00:00+09:00,57500.0,57600.0,57400.0,57400.0,301,0.0,0.0
2024-10-11 13:05:00+09:00,57400.0,57500.0,57100.0,57300.0,1286,0.0,0.0
2024-10-11 13:10:00+09:00,57200.0,57400.0,57200.0,57300.0,378,0.0,0.0
2024-10-11 13:15:00+09:00,57400.0,57700.0,57400.0,57500.0,1254,0.0,0.0
2024-10-11 13:20:00+09:00,57600.0,57600.0,57500.0,57600.0,294,0.0,0.0
2024-10-11 13:25:00+09:00,57600.0,57600.0,57500.0,57600.0,220,0.0,0.0
2024-10-11 13:30:00+09:00,57600.0,57600.0,57500.0,57600.0,279,0.0,0.0
2024-10-11 13:35:00+09:00,57500.0,57600.0,57500.0,57500.0,503,0.0,0.0
2024-10-11 13:40:00+09:00,57500.0,57500.0,57300.0,57400.0,446,0.0,0.0
2024-10-11 13:45:00+09:00,57400.0,57400.0,57300.0,57300.0,118,0.0,0.0
2024-10-11 13:50:00+09:00,57300.0,57400.0,57200.0,57200.0,317,0.0,0.0
2024-10-11 13:55:00+09:00,57300.0,57500.0,57300.0,57300.0,499,0.0,0.0
2024-10-11 14:00:00+09:00,57300.0,57300.0,57200.0,57300.0,379,0.0,0.0
2024-10-11 14:05:00+09:00,57300.0,57400.0,57200.0,57200.0,304,0.0,0.0
2024-10-11 14:10:00+09:00,57200.0,57300.0,57100.0,57200.0,339,0.0,0.0
2024-10-11 14:15:00+09:00,57300.0,57300.0,57000.0,57000.0,602,0.0,0.0
2024-10-11 14:20:00+09:00,57100.0,57200.0,56900.0,57000.0,819,0.0,0.0
2024-10-11 14:25:00+09:00,57000.0,57100.0,56900.0,56900.0,1147,0.0,0.0
2024-10-11 14:30:00+09:00,56900.0,57100.0,56900.0,56900.0,918,0.0,0.0
2024-10-11 14:35:00+09:00,56900.0,56900.0,56800.0,56800.0,506,0.0,0.0
2024-10-11 14:40:00+09:00,56900.0,56900.0,56800.0,56900.0,883,0.0,0.0
2024-10-11 14:45:00+09:00,56900.0,57000.0,56800.0,56900.0,89,0.0,0.0
2024-10-11 14:50:00+09:00,56800.0,57000.0,56800.0,57000.0,441,0.0,0.0
2024-10-11 14:55:00+09:00,57000.0,57100.0,56900.0,57100.0,361,0.0,0.0
2024-10-14 09:00:00+09:00,56700.0,56900.0,56400.0,56900.0,0,0.0,0.0
2024-10-14 09:05:00+09:00,56900.0,57100.0,56600.0,57100.0,1342,0.0,0.0
2024-10-14 09:10:00+09:00,57100.0,57400.0,57100.0,57200.0,878,0.0,0.0
2024-10-14 09:15:00+09:00,57200.0,57300.0,57100.0,57100.0,516,0.0,0.0
2024-10-14 09:20:00+09:00,57100.0,57500.0,57100.0,57500.0,909,0.0,0.0
2024-10-14 09:25:00+09:00,57500.0,58100.0,57500.0,57900.0,2865,0.0,0.0
2024-10-14 09:30:00+09:00,57800.0,58100.0,57800.0,58000.0,1597,0.0,0.0
2024-10-14 09:35:00+09:00,58000.0,58400.0,58000.0,58000.0,1550,0.0,0.0
2024-10-14 09:40:00+09:00,58000.0,58400.0,57300.0,58300.0,5191,0.0,0.0
2024-10-14 09:45:00+09:00,58300.0,58500.0,57800.0,57800.0,2159,0.0,0.0
2024-10-14 09:50:00+09:00,57800.0,57800.0,57500.0,57600.0,608,0.0,0.0
2024-10-14 09:55:00+09:00,57600.0,57600.0,57200.0,57300.0,1005,0.0,0.0
2024-10-14 10:00:00+09:00,57300.0,57300.0,57200.0,57300.0,1362,0.0,0.0
2024-10-14 10:05:00+09:00,57400.0,57500.0,57300.0,57400.0,0,0.0,0.0
2024-10-14 10:10:00+09:00,57500.0,57500.0,57200.0,57400.0,1303,0.0,0.0
2024-10-14 10:15:00+09:00,57400.0,57400.0,57100.0,57100.0,960,0.0,0.0
2024-10-14 10:20:00+09:00,57100.0,57100.0,56900.0,57000.0,1208,0.0,0.0
2024-10-14 10:25:00+09:00,56900.0,57100.0,56800.0,56800.0,800,0.0,0.0
2024-10-14 10:30:00+09:00,56800.0,56800.0,56700.0,56700.0,334,0.0,0.0
2024-10-14 10:35:00+09:00,56700.0,56900.0,56700.0,56900.0,481,0.0,0.0
2024-10-14 10:40:00+09:00,57000.0,57100.0,57000.0,57100.0,626,0.0,0.0
2024-10-14 10:45:00+09:00,57000.0,57000.0,56800.0,56800.0,57,0.0,0.0
2024-10-14 10:50:00+09:00,56900.0,56900.0,56700.0,56800.0,505,0.0,0.0
2024-10-14 10:55:00+09:00,56700.0,56800.0,56700.0,56800.0,94,0.0,0.0
2024-10-14 11:00:00+09:00,56900.0,56900.0,56700.0,56800.0,126,0.0,0.0
2024-10-14 11:05:00+09:00,56800.0,56800.0,56600.0,56600.0,614,0.0,0.0
2024-10-14 11:10:00+09:00,56700.0,56700.0,56600.0,56700.0,326,0.0,0.0
2024-10-14 11:15:00+09:00,56700.0,56800.0,56700.0,56800.0,85,0.0,0.0
2024-10-14 11:20:00+09:00,56900.0,56900.0,56900.0,56900.0,44,0.0,0.0
2024-10-14 11:25:00+09:00,56900.0,57100.0,56900.0,57100.0,159,0.0,0.0
2024-10-14 11:30:00+09:00,57100.0,57200.0,57100.0,57200.0,122,0.0,0.0
2024-10-14 11:35:00+09:00,57200.0,57200.0,57200.0,57200.0,34,0.0,0.0
2024-10-14 11:40:00+09:00,57200.0,57300.0,57000.0,57000.0,1581,0.0,0.0
2024-10-14 11:45:00+09:00,57100.0,57100.0,57100.0,57100.0,0,0.0,0.0
2024-10-14 11:50:00+09:00,57100.0,57200.0,57100.0,57100.0,95,0.0,0.0
2024-10-14 11:55:00+09:00,57200.0,57200.0,57200.0,57200.0,50,0.0,0.0
2024-10-14 12:00:00+09:00,57200.0,57200.0,57200.0,57200.0,4,0.0,0.0
2024-10-14 12:05:00+09:00,57200.0,57200.0,57200.0,57200.0,41,0.0,0.0
2024-10-14 12:10:00+09:00,57200.0,57300.0,57200.0,57300.0,110,0.0,0.0
2024-10-14 12:15:00+09:00,57300.0,57500.0,57300.0,57500.0,110,0.0,0.0
2024-10-14 12:20:00+09:00,57400.0,57500.0,57400.0,57500.0,97,0.0,0.0
2024-10-14 12:25:00+09:00,57400.0,57400.0,57400.0,57400.0,198,0.0,0.0
2024-10-14 12:30:00+09:00,57400.0,57500.0,57300.0,57300.0,274,0.0,0.0
2024-10-14 12:35:00+09:00,57300.0,57300.0,57300.0,57300.0,0,0.0,0.0
2024-10-14 12:40:00+09:00,57200.0,57400.0,57200.0,57400.0,276,0.0,0.0
2024-10-14 12:45:00+09:00,57400.0,57400.0,57400.0,57400.0,99,0.0,0.0
2024-10-14 12:50:00+09:00,57300.0,57300.0,57300.0,57300.0,143,0.0,0.0
2024-10-14 12:55:00+09:00,57200.0,57300.0,57200.0,57300.0,21,0.0,0.0
2024-10-14 13:00:00+09:00,57300.0,57300.0,57100.0,57100.0,495,0.0,0.0
2024-10-14 13:10:00+09:00,57100.0,57200.0,57100.0,57200.0,21,0.0,0.0
2024-10-14 13:15:00+09:00,57200.0,57200.0,57100.0,57100.0,44,0.0,0.0
2024-10-14 13:20:00+09:00,57200.0,57200.0,57100.0,57100.0,120,0.0,0.0
2024-10-14 13:25:00+09:00,57100.0,57200.0,57100.0,57200.0,273,0.0,0.0
2024-10-14 13:30:00+09:00,57100.0,57100.0,57100.0,57100.0,108,0.0,0.0
2024-10-14 13:35:00+09:00,57100.0,57200.0,57100.0,57200.0,234,0.0,0.0
2024-10-14 13:40:00+09:00,57200.0,57200.0,57200.0,57200.0,214,0.0,0.0
2024-10-14 13:45:00+09:00,57200.0,57300.0,57200.0,57300.0,0,0.0,0.0
2024-10-14 13:50:00+09:00,57200.0,57200.0,57100.0,57200.0,228,0.0,0.0
2024-10-14 13:55:00+09:00,57200.0,57200.0,57200.0,57200.0,62,0.0,0.0
2024-10-14 14:00:00+09:00,57300.0,57300.0,57300.0,57300.0,208,0.0,0.0
2024-10-14 14:05:00+09:00,57300.0,57500.0,57300.0,57500.0,416,0.0,0.0
2024-10-14 14:10:00+09:00,57500.0,57700.0,57500.0,57500.0,538,0.0,0.0
2024-10-14 14:15:00+09:00,57500.0,57700.0,57400.0,57700.0,178,0.0,0.0
2024-10-14 14:20:00+09:00,57600.0,57600.0,57500.0,57500.0,183,0.0,0.0
2024-10-14 14:25:00+09:00,57500.0,57500.0,57300.0,57500.0,612,0.0,0.0
2024-10-14 14:30:00+09:00,57400.0,57500.0,57300.0,57300.0,196,0.0,0.0
2024-10-14 14:35:00+09:00,57300.0,57300.0,57200.0,57200.0,786,0.0,0.0
2024-10-14 14:40:00+09:00,57200.0,57300.0,57200.0,57200.0,271,0.0,0.0
2024-10-14 14:45:00+09:00,57200.0,57300.0,57200.0,57200.0,133,0.0,0.0
2024-10-14 14:50:00+09:00,57200.0,57300.0,57100.0,57200.0,761,0.0,0.0
2024-10-14 14:55:00+09:00,57200.0,57800.0,57100.0,57800.0,1305,0.0,0.0
2024-10-15 09:00:00+09:00,58700.0,58700.0,57900.0,58200.0,2807,0.0,0.0
2024-10-15 09:05:00+09:00,58300.0,58700.0,58300.0,58300.0,3926,0.0,0.0
2024-10-15 09:10:00+09:00,58400.0,58400.0,57800.0,57800.0,1650,0.0,0.0
2024-10-15 09:15:00+09:00,57800.0,58400.0,57800.0,58200.0,565,0.0,0.0
2024-10-15 09:20:00+09:00,58200.0,58200.0,57600.0,57800.0,1299,0.0,0.0
2024-10-15 09:25:00+09:00,57800.0,58100.0,57700.0,58000.0,922,0.0,0.0
2024-10-15 09:30:00+09:00,57900.0,57900.0,57600.0,57700.0,600,0.0,0.0
2024-10-15 09:35:00+09:00,57700.0,57700.0,57500.0,57600.0,517,0.0,0.0
2024-10-15 09:40:00+09:00,57600.0,57900.0,57500.0,57500.0,1347,0.0,0.0
2024-10-15 09:45:00+09:00,57500.0,57500.0,57100.0,57400.0,1931,0.0,0.0
2024-10-15 09:50:00+09:00,57400.0,57700.0,57400.0,57400.0,465,0.0,0.0
2024-10-15 09:55:00+09:00,57400.0,57600.0,57400.0,57500.0,220,0.0,0.0
2024-10-15 10:00:00+09:00,57500.0,57600.0,57400.0,57400.0,248,0.0,0.0
2024-10-15 10:05:00+09:00,57400.0,57400.0,57400.0,57400.0,706,0.0,0.0
2024-10-15 10:10:00+09:00,57300.0,57500.0,57200.0,57500.0,818,0.0,0.0
2024-10-15 10:15:00+09:00,57400.0,57600.0,57400.0,57600.0,231,0.0,0.0
2024-10-15 10:20:00+09:00,57500.0,57900.0,57400.0,57900.0,2218,0.0,0.0
2024-10-15 10:25:00+09:00,57900.0,57900.0,57500.0,57500.0,1569,0.0,0.0
2024-10-15 10:30:00+09:00,57600.0,57800.0,57500.0,57800.0,332,0.0,0.0
2024-10-15 10:35:00+09:00,57800.0,58000.0,57800.0,57900.0,538,0.0,0.0
2024-10-15 10:40:00+09:00,57900.0,57900.0,57800.0,57900.0,372,0.0,0.0
2024-10-15 10:45:00+09:00,57900.0,58000.0,57900.0,57900.0,74,0.0,0.0
2024-10-15 10:50:00+09:00,57900.0,58000.0,57900.0,58000.0,287,0.0,0.0
2024-10-15 10:55:00+09:00,58100.0,58200.0,58100.0,58200.0,288,0.0,0.0
2024-10-15 11:00:00+09:00,58200.0,58300.0,58200.0,58300.0,290,0.0,0.0
2024-10-15 11:05:00+09:00,58200.0,58200.0,58100.0,58200.0,47,0.0,0.0
2024-10-15 11:10:00+09:00,58100.0,58200.0,58100.0,58100.0,71,0.0,0.0
2024-10-15 11:15:00+09:00,58100.0,58300.0,58100.0,58100.0,277,0.0,0.0
2024-10-15 11:20:00+09:00,58100.0,58100.0,58000.0,58000.0,45,0.0,0.0
2024-10-15 11:25:00+09:00,58000.0,58000.0,58000.0,58000.0,14,0.0,0.0
2024-10-15 11:30:00+09:00,58000.0,58000.0,57800.0,58000.0,403,0.0,0.0
2024-10-15 11:35:00+09:00,57800.0,58000.0,57800.0,57800.0,69,0.0,0.0
2024-10-15 11:40:00+09:00,57800.0,57900.0,57800.0,57800.0,95,0.0,0.0
2024-10-15 11:45:00+09:00,57800.0,57900.0,57700.0,57700.0,294,0.0,0.0
2024-10-15 11:50:00+09:00,57700.0,57800.0,57700.0,57700.0,27,0.0,0.0
2024-10-15 11:55:00+09:00,57700.0,57700.0,57500.0,57500.0,1063,0.0,0.0
2024-10-15 12:00:00+09:00,57500.0,57600.0,57400.0,57500.0,766,0.0,0.0
2024-10-15 12:05:00+09:00,57500.0,57500.0,57300.0,57300.0,513,0.0,0.0
2024-10-15 12:10:00+09:00,57300.0,57500.0,57300.0,57400.0,0,0.0,0.0
2024-10-15 12:15:00+09:00,57400.0,57500.0,57400.0,57500.0,295,0.0,0.0
2024-10-15 12:20:00+09:00,57400.0,57500.0,57400.0,57500.0,37,0.0,0.0
2024-10-15 12:25:00+09:00,57500.0,57600.0,57500.0,57500.0,68,0.0,0.0
2024-10-15 12:30:00+09:00,57500.0,57500.0,57500.0,57500.0,180,0.0,0.0
2024-10-15 12:35:00+09:00,57500.0,57500.0,57500.0,57500.0,14,0.0,0.0
2024-10-15 12:40:00+09:00,57500.0,57800.0,57500.0,57800.0,203,0.0,0.0
2024-10-15 12:45:00+09:00,57800.0,57900.0,57700.0,57800.0,229,0.0,0.0
2024-10-15 12:50:00+09:00,57700.0,57700.0,57700.0,57700.0,6,0.0,0.0
2024-10-15 12:55:00+09:00,57800.0,57800.0,57700.0,57800.0,209,0.0,0.0
2024-10-15 13:00:00+09:00,57700.0,57800.0,57700.0,57800.0,48,0.0,0.0
2024-10-15 13:05:00+09:00,57800.0,57900.0,57700.0,57800.0,310,0.0,0.0
2024-10-15 13:10:00+09:00,57800.0,57800.0,57800.0,57800.0,39,0.0,0.0
2024-10-15 13:15:00+09:00,57800.0,57800.0,57700.0,57800.0,78,0.0,0.0
2024-10-15 13:20:00+09:00,57800.0,57800.0,57700.0,57800.0,173,0.0,0.0
2024-10-15 13:25:00+09:00,57700.0,57800.0,57600.0,57800.0,94,0.0,0.0
2024-10-15 13:30:00+09:00,57800.0,57800.0,57500.0,57700.0,603,0.0,0.0
2024-10-15 13:35:00+09:00,57700.0,57800.0,57600.0,57800.0,97,0.0,0.0
2024-10-15 13:40:00+09:00,57700.0,57800.0,57600.0,57700.0,57,0.0,0.0
2024-10-15 13:45:00+09:00,57700.0,57700.0,57500.0,57600.0,230,0.0,0.0
2024-10-15 13:50:00+09:00,57500.0,57600.0,57500.0,57600.0,442,0.0,0.0
2024-10-15 13:55:00+09:00,57400.0,57500.0,57400.0,57500.0,456,0.0,0.0
2024-10-15 14:00:00+09:00,57500.0,57500.0,57400.0,57500.0,22,0.0,0.0
2024-10-15 14:05:00+09:00,57500.0,57600.0,57400.0,57500.0,410,0.0,0.0
2024-10-15 14:10:00+09:00,57500.0,57500.0,57500.0,57500.0,0,0.0,0.0
2024-10-15 14:15:00+09:00,57400.0,57600.0,57400.0,57500.0,140,0.0,0.0
2024-10-15 14:20:00+09:00,57500.0,57500.0,57400.0,57500.0,1133,0.0,0.0
2024-10-15 14:25:00+09:00,57500.0,57500.0,57400.0,57400.0,35,0.0,0.0
2024-10-15 14:30:00+09:00,57400.0,57400.0,57400.0,57400.0,474,0.0,0.0
2024-10-15 14:35:00+09:00,57300.0,57400.0,57300.0,57400.0,333,0.0,0.0
2024-10-15 14:40:00+09:00,57400.0,57500.0,57400.0,57500.0,159,0.0,0.0
2024-10-15 14:45:00+09:00,57500.0,57500.0,57400.0,57500.0,254,0.0,0.0
2024-10-15 14:50:00+09:00,57500.0,57500.0,57400.0,57500.0,130,0.0,0.0
2024-10-15 14:55:00+09:00,57400.0,57500.0,57400.0,57400.0,158,0.0,0.0
2024-10-16 09:00:00+09:00,56300.0,56500.0,55700.0,56100.0,6062,0.0,0.0
2024-10-16 09:05:00+09:00,56200.0,56200.0,55800.0,55900.0,1002,0.0,0.0
2024-10-16 09:10:00+09:00,55900.0,56200.0,55900.0,55900.0,729,0.0,0.0
2024-10-16 09:15:00+09:00,56000.0,56000.0,55900.0,56000.0,847,0.0,0.0
2024-10-16 09:20:00+09:00,56100.0,56100.0,55600.0,55600.0,3085,0.0,0.0
2024-10-16 09:25:00+09:00,55700.0,55900.0,55300.0,55900.0,3491,0.0,0.0
2024-10-16 09:30:00+09:00,55900.0,55900.0,55700.0,55800.0,606,0.0,0.0
2024-10-16 09:35:00+09:00,55900.0,56000.0,55600.0,55700.0,992,0.0,0.0
2024-10-16 09:40:00+09:00,55700.0,56000.0,55700.0,55900.0,676,0.0,0.0
2024-10-16 09:45:00+09:00,55700.0,55900.0,55500.0,55600.0,1384,0.0,0.0
2024-10-16 09:50:00+09:00,55600.0,55700.0,55400.0,55500.0,2168,0.0,0.0
2024-10-16 09:55:00+09:00,55400.0,55600.0,55300.0,55300.0,1620,0.0,0.0
2024-10-16 10:00:00+09:00,55300.0,55500.0,55200.0,55300.0,3414,0.0,0.0
2024-10-16 10:05:00+09:00,55300.0,55800.0,55300.0,55600.0,1023,0.0,0.0
2024-10-16 10:10:00+09:00,55500.0,55800.0,55500.0,55700.0,537,0.0,0.0
2024-10-16 10:15:00+09:00,55700.0,55800.0,55500.0,55500.0,784,0.0,0.0
2024-10-16 10:20:00+09:00,55500.0,55500.0,55300.0,55400.0,1004,0.0,0.0
2024-10-16 10:25:00+09:00,55400.0,55400.0,55300.0,55300.0,414,0.0,0.0
2024-10-16 10:30:00+09:00,55300.0,55300.0,54900.0,54900.0,5979,0.0,0.0
2024-10-16 10:35:00+09:00,54900.0,55100.0,54900.0,55000.0,745,0.0,0.0
2024-10-16 10:40:00+09:00,55000.0,55100.0,54900.0,55000.0,1356,0.0,0.0
2024-10-16 10:45:00+09:00,55000.0,55200.0,55000.0,55200.0,723,0.0,0.0
2024-10-16 10:50:00+09:00,55100.0,55300.0,55100.0,55200.0,675,0.0,0.0
2024-10-16 10:55:00+09:00,55100.0,55400.0,55000.0,55200.0,1005,0.0,0.0
2024-10-16 11:00:00+09:00,55100.0,55400.0,55100.0,55300.0,305,0.0,0.0
2024-10-16 11:05:00+09:00,55300.0,55500.0,55200.0,55300.0,913,0.0,0.0
2024-10-16 11:10:00+09:00,55300.0,55400.0,55300.0,55300.0,411,0.0,0.0
2024-10-16 11:15:00+09:00,55300.0,55400.0,55200.0,55200.0,636,0.0,0.0
2024-10-16 11:20:00+09:00,55200.0,55400.0,55200.0,55200.0,440,0.0,0.0
2024-10-16 11:25:00+09:00,55200.0,55300.0,55200.0,55200.0,247,0.0,0.0
2024-10-16 11:30:00+09:00,55200.0,55400.0,55200.0,55300.0,778,0.0,0.0
2024-10-16 11:35:00+09:00,55300.0,55500.0,55300.0,55400.0,421,0.0,0.0
2024-10-16 11:40:00+09:00,55400.0,55400.0,55300.0,55300.0,642,0.0,0.0
2024-10-16 11:45:00+09:00,55300.0,55400.0,55300.0,55300.0,291,0.0,0.0
2024-10-16 11:50:00+09:00,55300.0,55400.0,55200.0,55200.0,408,0.0,0.0
2024-10-16 11:55:00+09:00,55200.0,55200.0,55100.0,55100.0,510,0.0,0.0
2024-10-16 12:00:00+09:00,55100.0,55200.0,55100.0,55100.0,425,0.0,0.0
2024-10-16 12:05:00+09:00,55100.0,55100.0,55000.0,55000.0,410,0.0,0.0
2024-10-16 12:10:00+09:00,55000.0,55300.0,55000.0,55200.0,1113,0.0,0.0
2024-10-16 12:15:00+09:00,55200.0,55300.0,55100.0,55200.0,536,0.0,0.0
2024-10-16 12:20:00+09:00,55200.0,55700.0,55200.0,55700.0,1137,0.0,0.0
2024-10-16 12:25:00+09:00,55600.0,55700.0,55500.0,55500.0,830,0.0,0.0
2024-10-16 12:30:00+09:00,55600.0,55700.0,55500.0,55500.0,437,0.0,0.0
2024-10-16 12:35:00+09:00,55500.0,55600.0,55500.0,55600.0,506,0.0,0.0
2024-10-16 12:40:00+09:00,55500.0,55500.0,55400.0,55400.0,478,0.0,0.0
2024-10-16 12:45:00+09:00,55400.0,55600.0,55400.0,55500.0,1105,0.0,0.0
2024-10-16 12:50:00+09:00,55500.0,55600.0,55300.0,55500.0,2880,0.0,0.0
2024-10-16 12:55:00+09:00,55500.0,55700.0,55500.0,55500.0,937,0.0,0.0
2024-10-16 13:00:00+09:00,55500.0,55600.0,55500.0,55500.0,568,0.0,0.0
2024-10-16 13:05:00+09:00,55400.0,55500.0,55400.0,55400.0,617,0.0,0.0
2024-10-16 13:10:00+09:00,55400.0,55500.0,55300.0,55400.0,643,0.0,0.0
2024-10-16 13:15:00+09:00,55400.0,55400.0,55300.0,55300.0,696,0.0,0.0
2024-10-16 13:20:00+09:00,55300.0,55300.0,55200.0,55300.0,734,0.0,0.0
2024-10-16 13:25:00+09:00,55300.0,55500.0,55300.0,55400.0,843,0.0,0.0
2024-10-16 13:30:00+09:00,55400.0,55600.0,55400.0,55400.0,970,0.0,0.0
2024-10-16 13:35:00+09:00,55400.0,55400.0,55300.0,55300.0,475,0.0,0.0
2024-10-16 13:40:00+09:00,55300.0,55400.0,55100.0,55100.0,2473,0.0,0.0
2024-10-16 13:45:00+09:00,55100.0,55100.0,55000.0,55000.0,759,0.0,0.0
2024-10-16 13:50:00+09:00,55000.0,55100.0,55000.0,55000.0,1054,0.0,0.0
2024-10-16 13:55:00+09:00,55000.0,55000.0,55000.0,55000.0,850,0.0,0.0
2024-10-16 14:00:00+09:00,55000.0,55100.0,54900.0,54900.0,1206,0.0,0.0
2024-10-16 14:05:00+09:00,54900.0,55000.0,54800.0,54800.0,2055,0.0,0.0
2024-10-16 14:10:00+09:00,54800.0,54900.0,54800.0,54800.0,1020,0.0,0.0
2024-10-16 14:15:00+09:00,54900.0,55000.0,54800.0,54800.0,2278,0.0,0.0
2024-10-16 14:20:00+09:00,54900.0,54900.0,54800.0,54800.0,822,0.0,0.0
2024-10-16 14:25:00+09:00,54800.0,55000.0,54800.0,54900.0,1144,0.0,0.0
2024-10-16 14:30:00+09:00,54900.0,55000.0,54800.0,55000.0,1016,0.0,0.0
2024-10-16 14:35:00+09:00,54900.0,55000.0,54800.0,54900.0,910,0.0,0.0
2024-10-16 14:40:00+09:00,54900.0,55000.0,54800.0,54900.0,1539,0.0,0.0
2024-10-16 14:45:00+09:00,54900.0,55000.0,54900.0,54900.0,726,0.0,0.0
2024-10-16 14:50:00+09:00,55000.0,55100.0,54900.0,55000.0,2445,0.0,0.0
2024-10-16 14:55:00+09:00,55000.0,55100.0,55000.0,55000.0,820,0.0,0.0
2024-10-17 09:00:00+09:00,55300.0,55400.0,54900.0,55400.0,2121,0.0,0.0
2024-10-17 09:05:00+09:00,55100.0,55100.0,54800.0,54900.0,839,0.0,0.0
2024-10-17 09:10:00+09:00,55000.0,55100.0,54800.0,55000.0,1185,0.0,0.0
2024-10-17 09:15:00+09:00,55000.0,55200.0,54700.0,55100.0,806,0.0,0.0
2024-10-17 09:20:00+09:00,55100.0,55200.0,55000.0,55200.0,446,0.0,0.0
2024-10-17 09:25:00+09:00,55200.0,55400.0,55200.0,55300.0,267,0.0,0.0
2024-10-17 09:30:00+09:00,55200.0,55400.0,54900.0,55000.0,780,0.0,0.0
2024-10-17 09:35:00+09:00,54900.0,55300.0,54900.0,54900.0,237,0.0,0.0
2024-10-17 09:40:00+09:00,55000.0,55100.0,54900.0,55000.0,123,0.0,0.0
2024-10-17 09:45:00+09:00,55000.0,55100.0,54800.0,54800.0,364,0.0,0.0
2024-10-17 09:50:00+09:00,54900.0,55000.0,54100.0,54400.0,3364,0.0,0.0
2024-10-17 09:55:00+09:00,54300.0,54500.0,54200.0,54400.0,1266,0.0,0.0
2024-10-17 10:00:00+09:00,54400.0,54400.0,53900.0,54200.0,2359,0.0,0.0
2024-10-17 10:05:00+09:00,54200.0,54300.0,54100.0,54200.0,1080,0.0,0.0
2024-10-17 10:10:00+09:00,54200.0,54400.0,54200.0,54400.0,429,0.0,0.0
2024-10-17 10:15:00+09:00,54400.0,54400.0,54300.0,54300.0,296,0.0,0.0
2024-10-17 10:20:00+09:00,54300.0,54300.0,54000.0,54000.0,750,0.0,0.0
2024-10-17 10:25:00+09:00,54000.0,54100.0,53600.0,53600.0,5343,0.0,0.0
2024-10-17 10:30:00+09:00,53700.0,53700.0,53500.0,53600.0,1131,0.0,0.0
2024-10-17 10:35:00+09:00,53700.0,54100.0,53600.0,54000.0,2515,0.0,0.0
2024-10-17 10:40:00+09:00,54000.0,54100.0,53600.0,53600.0,856,0.0,0.0
2024-10-17 10:45:00+09:00,53700.0,53800.0,53500.0,53800.0,1638,0.0,0.0
2024-10-17 10:50:00+09:00,53800.0,53900.0,53700.0,53900.0,1018,0.0,0.0
2024-10-17 10:55:00+09:00,53900.0,54000.0,53900.0,53900.0,0,0.0,0.0
2024-10-17 11:00:00+09:00,54000.0,54300.0,54000.0,54000.0,2461,0.0,0.0
2024-10-17 11:05:00+09:00,53900.0,54000.0,53800.0,54000.0,344,0.0,0.0
2024-10-17 11:10:00+09:00,54000.0,54000.0,53800.0,53900.0,215,0.0,0.0
2024-10-17 11:15:00+09:00,53900.0,54000.0,53800.0,54000.0,132,0.0,0.0
2024-10-17 11:20:00+09:00,54000.0,54200.0,54000.0,54200.0,1856,0.0,0.0
2024-10-17 11:25:00+09:00,54200.0,54200.0,53900.0,53900.0,94,0.0,0.0
2024-10-17 11:30:00+09:00,53900.0,54000.0,53900.0,54000.0,31,0.0,0.0
2024-10-17 11:35:00+09:00,54000.0,54000.0,53900.0,54000.0,210,0.0,0.0
2024-10-17 11:40:00+09:00,54000.0,54000.0,53800.0,53900.0,108,0.0,0.0
2024-10-17 11:45:00+09:00,53900.0,54000.0,53800.0,54000.0,316,0.0,0.0
2024-10-17 11:50:00+09:00,54000.0,54000.0,53900.0,53900.0,32,0.0,0.0
2024-10-17 11:55:00+09:00,54000.0,54000.0,53800.0,53800.0,160,0.0,0.0
2024-10-17 12:00:00+09:00,53900.0,54000.0,53800.0,53800.0,151,0.0,0.0
2024-10-17 12:05:00+09:00,53900.0,53900.0,53800.0,53800.0,7,0.0,0.0
2024-10-17 12:10:00+09:00,53900.0,54000.0,53800.0,53800.0,155,0.0,0.0
2024-10-17 12:15:00+09:00,53800.0,53800.0,53800.0,53800.0,39,0.0,0.0
2024-10-17 12:20:00+09:00,53900.0,53900.0,53800.0,53900.0,406,0.0,0.0
2024-10-17 12:25:00+09:00,53900.0,53900.0,53800.0,53800.0,128,0.0,0.0
2024-10-17 12:30:00+09:00,53800.0,53800.0,53700.0,53700.0,1239,0.0,0.0
2024-10-17 12:35:00+09:00,53700.0,53800.0,53600.0,53700.0,187,0.0,0.0
2024-10-17 12:40:00+09:00,53700.0,53800.0,53600.0,53800.0,107,0.0,0.0
2024-10-17 12:45:00+09:00,53800.0,53800.0,53700.0,53800.0,110,0.0,0.0
2024-10-17 12:50:00+09:00,53800.0,53800.0,53800.0,53800.0,198,0.0,0.0
2024-10-17 12:55:00+09:00,53700.0,53900.0,53700.0,53700.0,0,0.0,0.0
2024-10-17 13:00:00+09:00,53800.0,53800.0,53600.0,53700.0,610,0.0,0.0
2024-10-17 13:05:00+09:00,53800.0,53800.0,53700.0,53800.0,31,0.0,0.0
2024-10-17 13:10:00+09:00,53700.0,53900.0,53700.0,53900.0,206,0.0,0.0
2024-10-17 13:15:00+09:00,53800.0,53900.0,53800.0,53900.0,277,0.0,0.0
2024-10-17 13:20:00+09:00,53900.0,53900.0,53800.0,53800.0,354,0.0,0.0
2024-10-17 13:25:00+09:00,53900.0,53900.0,53700.0,53700.0,222,0.0,0.0
2024-10-17 13:30:00+09:00,53800.0,53900.0,53800.0,53800.0,375,0.0,0.0
2024-10-17 13:35:00+09:00,53800.0,53900.0,53800.0,53900.0,526,0.0,0.0
2024-10-17 13:40:00+09:00,53900.0,53900.0,53800.0,53800.0,0,0.0,0.0
2024-10-17 13:45:00+09:00,53800.0,53800.0,53700.0,53700.0,205,0.0,0.0
2024-10-17 13:50:00+09:00,53700.0,53700.0,53600.0,53600.0,1216,0.0,0.0
2024-10-17 13:55:00+09:00,53600.0,53700.0,53500.0,53500.0,783,0.0,0.0
2024-10-17 14:00:00+09:00,53500.0,53600.0,53500.0,53500.0,1673,0.0,0.0
2024-10-17 14:05:00+09:00,53600.0,53600.0,53400.0,53500.0,1567,0.0,0.0
2024-10-17 14:10:00+09:00,53500.0,53500.0,53400.0,53500.0,218,0.0,0.0
2024-10-17 14:15:00+09:00,53500.0,53500.0,53400.0,53500.0,505,0.0,0.0
2024-10-17 14:20:00+09:00,53500.0,53600.0,53400.0,53400.0,1349,0.0,0.0
2024-10-17 14:25:00+09:00,53500.0,53600.0,53400.0,53400.0,583,0.0,0.0
2024-10-17 14:30:00+09:00,53400.0,53900.0,53400.0,53800.0,3181,0.0,0.0
2024-10-17 14:35:00+09:00,53900.0,54200.0,53800.0,53900.0,4254,0.0,0.0
2024-10-17 14:40:00+09:00,53900.0,53900.0,53700.0,53700.0,1459,0.0,0.0
2024-10-17 14:45:00+09:00,53700.0,54000.0,53600.0,54000.0,2658,0.0,0.0
2024-10-17 14:50:00+09:00,54000.0,54200.0,53800.0,53800.0,1544,0.0,0.0
2024-10-17 14:55:00+09:00,54000.0,54100.0,53800.0,54000.0,1801,0.0,0.0
2024-10-18 09:00:00+09:00,54400.0,54500.0,53600.0,53700.0,1681,0.0,0.0
2024-10-18 09:05:00+09:00,53600.0,53800.0,53600.0,53600.0,4655,0.0,0.0
2024-10-18 09:10:00+09:00,53600.0,53800.0,53300.0,53700.0,2320,0.0,0.0
2024-10-18 09:15:00+09:00,53800.0,53800.0,53500.0,53500.0,310,0.0,0.0
2024-10-18 09:20:00+09:00,53500.0,53600.0,53100.0,53500.0,3594,0.0,0.0
2024-10-18 09:25:00+09:00,53500.0,53700.0,53400.0,53500.0,1503,0.0,0.0
2024-10-18 09:30:00+09:00,53400.0,53800.0,53400.0,53600.0,1007,0.0,0.0
2024-10-18 09:35:00+09:00,53600.0,53800.0,53500.0,53500.0,260,0.0,0.0
2024-10-18 09:40:00+09:00,53500.0,53900.0,53500.0,53800.0,1153,0.0,0.0
2024-10-18 09:45:00+09:00,53700.0,53800.0,53700.0,53700.0,255,0.0,0.0
2024-10-18 09:50:00+09:00,53800.0,53900.0,53700.0,53800.0,509,0.0,0.0
2024-10-18 09:55:00+09:00,53900.0,54000.0,53800.0,54000.0,679,0.0,0.0
2024-10-18 10:00:00+09:00,53900.0,54000.0,53800.0,53900.0,179,0.0,0.0
2024-10-18 10:05:00+09:00,53900.0,53900.0,53600.0,53600.0,545,0.0,0.0
2024-10-18 10:10:00+09:00,53700.0,53900.0,53600.0,53900.0,305,0.0,0.0
2024-10-18 10:15:00+09:00,53700.0,53700.0,53600.0,53600.0,126,0.0,0.0
2024-10-18 10:20:00+09:00,53600.0,53700.0,53200.0,53500.0,5643,0.0,0.0
2024-10-18 10:25:00+09:00,53500.0,53500.0,52900.0,52900.0,5485,0.0,0.0
2024-10-18 10:30:00+09:00,53100.0,53100.0,52600.0,52900.0,3389,0.0,0.0
2024-10-18 10:35:00+09:00,52900.0,53000.0,52800.0,52900.0,1030,0.0,0.0
2024-10-18 10:40:00+09:00,52900.0,53000.0,52600.0,52800.0,2422,0.0,0.0
2024-10-18 10:45:00+09:00,52800.0,52800.0,52500.0,52600.0,3775,0.0,0.0
2024-10-18 10:50:00+09:00,52600.0,52700.0,52400.0,52400.0,3047,0.0,0.0
2024-10-18 10:55:00+09:00,52400.0,52700.0,52400.0,52600.0,788,0.0,0.0
2024-10-18 11:00:00+09:00,52700.0,52700.0,52600.0,52600.0,306,0.0,0.0
2024-10-18 11:05:00+09:00,52600.0,52800.0,52600.0,52800.0,925,0.0,0.0
2024-10-18 11:10:00+09:00,52800.0,52900.0,52600.0,52800.0,793,0.0,0.0
2024-10-18 11:15:00+09:00,52800.0,52800.0,52600.0,52700.0,554,0.0,0.0
2024-10-18 11:20:00+09:00,52700.0,52800.0,52600.0,52800.0,557,0.0,0.0
2024-10-18 11:25:00+09:00,52700.0,52900.0,52700.0,52900.0,543,0.0,0.0
2024-10-18 11:30:00+09:00,52800.0,52900.0,52800.0,52900.0,539,0.0,0.0
2024-10-18 11:35:00+09:00,52900.0,53000.0,52700.0,52900.0,571,0.0,0.0
2024-10-18 11:40:00+09:00,52800.0,52900.0,52700.0,52700.0,580,0.0,0.0
2024-10-18 11:45:00+09:00,52700.0,52800.0,52600.0,52600.0,1838,0.0,0.0
2024-10-18 11:50:00+09:00,52700.0,52800.0,52600.0,52600.0,781,0.0,0.0
2024-10-18 11:55:00+09:00,52600.0,52700.0,52600.0,52700.0,385,0.0,0.0
2024-10-18 12:00:00+09:00,52700.0,52800.0,52600.0,52700.0,187,0.0,0.0
2024-10-18 12:05:00+09:00,52600.0,52800.0,52500.0,52800.0,1147,0.0,0.0
2024-10-18 12:10:00+09:00,52700.0,52700.0,52600.0,52600.0,606,0.0,0.0
2024-10-18 12:15:00+09:00,52600.0,52700.0,52500.0,52700.0,648,0.0,0.0
2024-10-18 12:20:00+09:00,52700.0,52700.0,52700.0,52700.0,204,0.0,0.0
2024-10-18 12:25:00+09:00,52700.0,52900.0,52600.0,52800.0,711,0.0,0.0
2024-10-18 12:30:00+09:00,52700.0,52900.0,52700.0,52800.0,347,0.0,0.0
2024-10-18 12:35:00+09:00,52800.0,52800.0,52700.0,52700.0,517,0.0,0.0
2024-10-18 12:40:00+09:00,52700.0,52700.0,52600.0,52700.0,1006,0.0,0.0
2024-10-18 12:45:00+09:00,52700.0,52700.0,52600.0,52700.0,191,0.0,0.0
2024-10-18 12:50:00+09:00,52700.0,52700.0,52600.0,52600.0,567,0.0,0.0
2024-10-18 12:55:00+09:00,52600.0,52700.0,52600.0,52700.0,836,0.0,0.0
2024-10-18 13:00:00+09:00,52700.0,52800.0,52700.0,52700.0,231,0.0,0.0
2024-10-18 13:05:00+09:00,52700.0,52800.0,52700.0,52800.0,731,0.0,0.0
2024-10-18 13:10:00+09:00,52800.0,52800.0,52700.0,52800.0,763,0.0,0.0
2024-10-18 13:15:00+09:00,52700.0,53000.0,52700.0,53000.0,1789,0.0,0.0
2024-10-18 13:20:00+09:00,53000.0,53100.0,52900.0,53000.0,513,0.0,0.0
2024-10-18 13:25:00+09:00,52900.0,53000.0,52900.0,52900.0,400,0.0,0.0
2024-10-18 13:30:00+09:00,52900.0,53000.0,52900.0,53000.0,667,0.0,0.0
2024-10-18 13:35:00+09:00,52900.0,52900.0,52900.0,52900.0,788,0.0,0.0
2024-10-18 13:40:00+09:00,52900.0,53000.0,52900.0,52900.0,356,0.0,0.0
2024-10-18 13:45:00+09:00,52900.0,53000.0,52900.0,52900.0,434,0.0,0.0
2024-10-18 13:50:00+09:00,52900.0,53000.0,52800.0,52800.0,767,0.0,0.0
2024-10-18 13:55:00+09:00,52800.0,53000.0,52800.0,52900.0,1539,0.0,0.0
2024-10-18 14:00:00+09:00,53000.0,53000.0,52900.0,53000.0,1636,0.0,0.0
2024-10-18 14:05:00+09:00,52900.0,53100.0,52900.0,53000.0,542,0.0,0.0
2024-10-18 14:10:00+09:00,53000.0,53200.0,53000.0,53100.0,1210,0.0,0.0
2024-10-18 14:15:00+09:00,53100.0,53300.0,53100.0,53200.0,507,0.0,0.0
2024-10-18 14:20:00+09:00,53300.0,53300.0,53100.0,53100.0,1051,0.0,0.0
2024-10-18 14:25:00+09:00,53100.0,53200.0,53000.0,53200.0,760,0.0,0.0
2024-10-18 14:30:00+09:00,53100.0,53200.0,53100.0,53200.0,207,0.0,0.0
2024-10-18 14:35:00+09:00,53200.0,53300.0,53100.0,53100.0,585,0.0,0.0
2024-10-18 14:40:00+09:00,53200.0,53200.0,53000.0,53000.0,1388,0.0,0.0
2024-10-18 14:45:00+09:00,53100.0,53100.0,52800.0,52800.0,932,0.0,0.0
2024-10-18 14:50:00+09:00,52900.0,52900.0,52800.0,52800.0,1173,0.0,0.0
2024-10-18 14:55:00+09:00,52800.0,53000.0,52800.0,52900.0,1801,0.0,0.0
2024-10-21 09:00:00+09:00,52800.0,52900.0,52000.0,52100.0,0,0.0,0.0
2024-10-21 09:05:00+09:00,52100.0,52100.0,51800.0,51900.0,902,0.0,0.0
2024-10-21 09:10:00+09:00,51900.0,52400.0,51800.0,52200.0,2083,0.0,0.0
2024-10-21 09:15:00+09:00,52200.0,52500.0,52200.0,52400.0,2105,0.0,0.0
2024-10-21 09:20:00+09:00,52300.0,52400.0,52000.0,52200.0,712,0.0,0.0
2024-10-21 09:25:00+09:00,52300.0,52300.0,51800.0,51800.0,302,0.0,0.0
2024-10-21 09:30:00+09:00,51900.0,52000.0,51800.0,51900.0,900,0.0,0.0
2024-10-21 09:35:00+09:00,51800.0,52300.0,51800.0,52000.0,2325,0.0,0.0
2024-10-21 09:40:00+09:00,52100.0,52500.0,52100.0,52300.0,1022,0.0,0.0
2024-10-21 09:45:00+09:00,52200.0,52500.0,52200.0,52300.0,184,0.0,0.0
2024-10-21 09:50:00+09:00,52300.0,52300.0,52100.0,52300.0,460,0.0,0.0
2024-10-21 09:55:00+09:00,52200.0,52300.0,52100.0,52100.0,270,0.0,0.0
2024-10-21 10:00:00+09:00,52200.0,52200.0,52100.0,52200.0,310,0.0,0.0
2024-10-21 10:05:00+09:00,52100.0,52100.0,51900.0,52000.0,1655,0.0,0.0
2024-10-21 10:10:00+09:00,52000.0,52200.0,51900.0,52200.0,767,0.0,0.0
2024-10-21 10:15:00+09:00,52300.0,52400.0,52300.0,52300.0,676,0.0,0.0
2024-10-21 10:20:00+09:00,52300.0,52500.0,52300.0,52300.0,463,0.0,0.0
2024-10-21 10:25:00+09:00,52300.0,52700.0,52300.0,52600.0,1242,0.0,0.0
2024-10-21 10:30:00+09:00,52600.0,52600.0,52400.0,52400.0,199,0.0,0.0
2024-10-21 10:35:00+09:00,52400.0,52500.0,52300.0,52300.0,1208,0.0,0.0
2024-10-21 10:40:00+09:00,52300.0,52300.0,52100.0,52200.0,426,0.0,0.0
2024-10-21 10:45:00+09:00,52200.0,52300.0,52200.0,52200.0,793,0.0,0.0
2024-10-21 10:50:00+09:00,52200.0,52500.0,52200.0,52400.0,1722,0.0,0.0
2024-10-21 10:55:00+09:00,52500.0,52500.0,52000.0,52200.0,3095,0.0,0.0
2024-10-21 11:00:00+09:00,52200.0,52200.0,52000.0,52000.0,2878,0.0,0.0
2024-10-21 11:05:00+09:00,52000.0,52100.0,51900.0,52100.0,845,0.0,0.0
2024-10-21 11:10:00+09:00,52100.0,52100.0,51900.0,51900.0,328,0.0,0.0
2024-10-21 11:15:00+09:00,51900.0,52000.0,51900.0,52000.0,1350,0.0,0.0
2024-10-21 11:20:00+09:00,52100.0,52200.0,52100.0,52100.0,363,0.0,0.0
2024-10-21 11:25:00+09:00,52200.0,52500.0,52200.0,52400.0,2344,0.0,0.0
2024-10-21 11:30:00+09:00,52400.0,52500.0,52200.0,52300.0,778,0.0,0.0
2024-10-21 11:35:00+09:00,52200.0,52400.0,52200.0,52200.0,548,0.0,0.0
2024-10-21 11:40:00+09:00,52300.0,52400.0,52200.0,52400.0,535,0.0,0.0
2024-10-21 11:45:00+09:00,52400.0,52400.0,52300.0,52300.0,295,0.0,0.0
2024-10-21 11:50:00+09:00,52300.0,52500.0,52200.0,52300.0,734,0.0,0.0
2024-10-21 11:55:00+09:00,52300.0,52600.0,52300.0,52400.0,1857,0.0,0.0
2024-10-21 12:00:00+09:00,52500.0,52500.0,52200.0,52300.0,589,0.0,0.0
2024-10-21 12:05:00+09:00,52300.0,52300.0,52200.0,52300.0,656,0.0,0.0
2024-10-21 12:10:00+09:00,52300.0,52300.0,52100.0,52200.0,541,0.0,0.0
2024-10-21 12:15:00+09:00,52200.0,52200.0,52100.0,52200.0,491,0.0,0.0
2024-10-21 12:20:00+09:00,52100.0,52200.0,52100.0,52100.0,311,0.0,0.0
2024-10-21 12:25:00+09:00,52100.0,52300.0,52100.0,52300.0,619,0.0,0.0
2024-10-21 12:30:00+09:00,52300.0,52300.0,52200.0,52300.0,475,0.0,0.0
2024-10-21 12:35:00+09:00,52200.0,52300.0,52200.0,52300.0,869,0.0,0.0
2024-10-21 12:40:00+09:00,52300.0,52400.0,52200.0,52400.0,605,0.0,0.0
2024-10-21 12:45:00+09:00,52400.0,52600.0,52300.0,52400.0,3077,0.0,0.0
2024-10-21 12:50:00+09:00,52500.0,52500.0,52300.0,52300.0,1044,0.0,0.0
2024-10-21 12:55:00+09:00,52300.0,52300.0,52100.0,52200.0,1208,0.0,0.0
2024-10-21 13:00:00+09:00,52200.0,52300.0,52100.0,52200.0,792,0.0,0.0
2024-10-21 13:05:00+09:00,52200.0,52300.0,52100.0,52200.0,595,0.0,0.0
2024-10-21 13:10:00+09:00,52200.0,52300.0,52100.0,52200.0,789,0.0,0.0
2024-10-21 13:15:00+09:00,52200.0,52300.0,52100.0,52100.0,710,0.0,0.0
2024-10-21 13:20:00+09:00,52100.0,52300.0,52000.0,52100.0,1645,0.0,0.0
2024-10-21 13:25:00+09:00,52100.0,52100.0,52000.0,52000.0,797,0.0,0.0
2024-10-21 13:30:00+09:00,52100.0,52200.0,52100.0,52100.0,483,0.0,0.0
2024-10-21 13:35:00+09:00,52100.0,52200.0,52000.0,52000.0,874,0.0,0.0
2024-10-21 13:40:00+09:00,52100.0,52100.0,51900.0,52000.0,1809,0.0,0.0
2024-10-21 13:45:00+09:00,52000.0,52000.0,51800.0,51800.0,1380,0.0,0.0
2024-10-21 13:50:00+09:00,51800.0,51900.0,51800.0,51900.0,2197,0.0,0.0
2024-10-21 13:55:00+09:00,51900.0,52000.0,51800.0,52000.0,1059,0.0,0.0
2024-10-21 14:00:00+09:00,52000.0,52100.0,51900.0,51900.0,661,0.0,0.0
2024-10-21 14:05:00+09:00,51900.0,52000.0,51900.0,51900.0,936,0.0,0.0
2024-10-21 14:10:00+09:00,51900.0,52000.0,51900.0,51900.0,1148,0.0,0.0
2024-10-21 14:15:00+09:00,51900.0,52000.0,51800.0,51900.0,1059,0.0,0.0
2024-10-21 14:20:00+09:00,51900.0,52000.0,51900.0,51900.0,974,0.0,0.0
2024-10-21 14:25:00+09:00,51900.0,52100.0,51900.0,52000.0,1013,0.0,0.0
2024-10-21 14:30:00+09:00,52000.0,52100.0,51900.0,52000.0,957,0.0,0.0
2024-10-21 14:35:00+09:00,52000.0,52100.0,51800.0,51900.0,2175,0.0,0.0
2024-10-21 14:40:00+09:00,52000.0,52000.0,51800.0,52000.0,1978,0.0,0.0
2024-10-21 14:45:00+09:00,52000.0,52000.0,51900.0,52000.0,534,0.0,0.0
2024-10-21 14:50:00+09:00,51900.0,52000.0,51800.0,51900.0,1385,0.0,0.0
2024-10-21 14:55:00+09:00,51800.0,51900.0,51800.0,51800.0,1164,0.0,0.0
2024-10-22 09:00:00+09:00,51800.0,52100.0,51800.0,52000.0,616,0.0,0.0
2024-10-22 09:05:00+09:00,51900.0,52200.0,51700.0,52000.0,888,0.0,0.0
2024-10-22 09:10:00+09:00,51900.0,52400.0,51800.0,52000.0,1288,0.0,0.0
2024-10-22 09:15:00+09:00,52000.0,52000.0,51500.0,51700.0,1880,0.0,0.0
2024-10-22 09:20:00+09:00,51700.0,52000.0,51500.0,51600.0,557,0.0,0.0
2024-10-22 09:25:00+09:00,51600.0,51600.0,51400.0,51400.0,457,0.0,0.0
2024-10-22 09:30:00+09:00,51400.0,51500.0,50900.0,51200.0,3405,0.0,0.0
2024-10-22 09:35:00+09:00,51300.0,51300.0,51000.0,51100.0,531,0.0,0.0
2024-10-22 09:40:00+09:00,51100.0,51200.0,51000.0,51000.0,601,0.0,0.0
2024-10-22 09:45:00+09:00,51100.0,51200.0,50900.0,51000.0,515,0.0,0.0
2024-10-22 09:50:00+09:00,50900.0,51000.0,50700.0,50800.0,1083,0.0,0.0
2024-10-22 09:55:00+09:00,50800.0,50800.0,50400.0,50600.0,2887,0.0,0.0
2024-10-22 10:00:00+09:00,50600.0,50900.0,50500.0,50700.0,1091,0.0,0.0
2024-10-22 10:05:00+09:00,50800.0,50900.0,50600.0,50800.0,476,0.0,0.0
2024-10-22 10:10:00+09:00,50900.0,50900.0,50600.0,50600.0,528,0.0,0.0
2024-10-22 10:15:00+09:00,50700.0,50800.0,50500.0,50800.0,1175,0.0,0.0
2024-10-22 10:20:00+09:00,50800.0,50800.0,50500.0,50600.0,481,0.0,0.0
2024-10-22 10:25:00+09:00,50600.0,50800.0,50500.0,50700.0,414,0.0,0.0
2024-10-22 10:30:00+09:00,50700.0,51000.0,50700.0,51000.0,765,0.0,0.0
2024-10-22 10:35:00+09:00,50900.0,51000.0,50700.0,50700.0,434,0.0,0.0
2024-10-22 10:40:00+09:00,50700.0,50700.0,50600.0,50700.0,502,0.0,0.0
2024-10-22 10:45:00+09:00,50800.0,50800.0,50600.0,50700.0,64,0.0,0.0
2024-10-22 10:50:00+09:00,50700.0,50900.0,50600.0,50600.0,546,0.0,0.0
2024-10-22 10:55:00+09:00,50600.0,50700.0,50600.0,50600.0,241,0.0,0.0
2024-10-22 11:00:00+09:00,50700.0,50900.0,50600.0,50800.0,410,0.0,0.0
2024-10-22 11:05:00+09:00,50800.0,50800.0,50700.0,50800.0,254,0.0,0.0
2024-10-22 11:10:00+09:00,50700.0,50700.0,50500.0,50700.0,631,0.0,0.0
2024-10-22 11:15:00+09:00,50700.0,50800.0,50600.0,50700.0,149,0.0,0.0
2024-10-22 11:20:00+09:00,50800.0,50900.0,50700.0,50900.0,481,0.0,0.0
2024-10-22 11:25:00+09:00,50800.0,51000.0,50800.0,50900.0,202,0.0,0.0
2024-10-22 11:30:00+09:00,50900.0,51000.0,50800.0,50800.0,169,0.0,0.0
2024-10-22 11:35:00+09:00,50900.0,51000.0,50800.0,50900.0,198,0.0,0.0
2024-10-22 11:40:00+09:00,50900.0,51000.0,50800.0,51000.0,346,0.0,0.0
2024-10-22 11:45:00+09:00,51000.0,51000.0,50900.0,50900.0,1009,0.0,0.0
2024-10-22 11:50:00+09:00,50900.0,51000.0,50900.0,50900.0,345,0.0,0.0
2024-10-22 11:55:00+09:00,50900.0,51000.0,50900.0,51000.0,528,0.0,0.0
2024-10-22 12:00:00+09:00,51000.0,51200.0,51000.0,51200.0,567,0.0,0.0
2024-10-22 12:05:00+09:00,51100.0,51100.0,51100.0,51100.0,57,0.0,0.0
2024-10-22 12:10:00+09:00,51200.0,51200.0,51100.0,51200.0,253,0.0,0.0
2024-10-22 12:15:00+09:00,51200.0,51300.0,51100.0,51100.0,128,0.0,0.0
2024-10-22 12:20:00+09:00,51200.0,51300.0,51100.0,51200.0,109,0.0,0.0
2024-10-22 12:25:00+09:00,51200.0,51200.0,51100.0,51100.0,396,0.0,0.0
2024-10-22 12:30:00+09:00,51100.0,51100.0,51000.0,51000.0,197,0.0,0.0
2024-10-22 12:35:00+09:00,51200.0,51200.0,51000.0,51100.0,433,0.0,0.0
2024-10-22 12:40:00+09:00,51100.0,51200.0,51000.0,51000.0,399,0.0,0.0
2024-10-22 12:45:00+09:00,51000.0,51100.0,50900.0,50900.0,881,0.0,0.0
2024-10-22 12:50:00+09:00,50900.0,51000.0,50900.0,51000.0,242,0.0,0.0
2024-10-22 12:55:00+09:00,51000.0,51100.0,50900.0,50900.0,573,0.0,0.0
2024-10-22 13:00:00+09:00,51000.0,51000.0,50800.0,50900.0,2046,0.0,0.0
2024-10-22 13:05:00+09:00,50900.0,51000.0,50800.0,50900.0,898,0.0,0.0
2024-10-22 13:10:00+09:00,50900.0,50900.0,50900.0,50900.0,271,0.0,0.0
2024-10-22 13:15:00+09:00,50900.0,51000.0,50900.0,50900.0,560,0.0,0.0
2024-10-22 13:20:00+09:00,50800.0,50900.0,50800.0,50800.0,0,0.0,0.0
2024-10-22 13:25:00+09:00,50800.0,50800.0,50700.0,50700.0,975,0.0,0.0
2024-10-22 13:30:00+09:00,50700.0,50800.0,50700.0,50800.0,340,0.0,0.0
2024-10-22 13:35:00+09:00,50700.0,51000.0,50700.0,50800.0,1891,0.0,0.0
2024-10-22 13:40:00+09:00,50800.0,50800.0,50700.0,50800.0,645,0.0,0.0
2024-10-22 13:45:00+09:00,50700.0,50700.0,50600.0,50600.0,788,0.0,0.0
2024-10-22 13:50:00+09:00,50600.0,50700.0,50600.0,50700.0,354,0.0,0.0
2024-10-22 13:55:00+09:00,50700.0,50800.0,50700.0,50700.0,378,0.0,0.0
2024-10-22 14:00:00+09:00,50700.0,50800.0,50600.0,50600.0,376,0.0,0.0
2024-10-22 14:05:00+09:00,50600.0,50700.0,50600.0,50700.0,150,0.0,0.0
2024-10-22 14:10:00+09:00,50800.0,50800.0,50700.0,50700.0,161,0.0,0.0
2024-10-22 14:15:00+09:00,50700.0,50800.0,50700.0,50800.0,175,0.0,0.0
2024-10-22 14:20:00+09:00,50700.0,50800.0,50600.0,50700.0,435,0.0,0.0
2024-10-22 14:25:00+09:00,50700.0,50800.0,50700.0,50700.0,398,0.0,0.0
2024-10-22 14:30:00+09:00,50700.0,50700.0,50600.0,50600.0,456,0.0,0.0
2024-10-22 14:35:00+09:00,50600.0,50600.0,50600.0,50600.0,671,0.0,0.0
2024-10-22 14:40:00+09:00,50500.0,50700.0,50500.0,50500.0,154,0.0,0.0
2024-10-22 14:45:00+09:00,50500.0,50600.0,50500.0,50600.0,376,0.0,0.0
2024-10-22 14:50:00+09:00,50500.0,50600.0,50500.0,50500.0,1001,0.0,0.0
2024-10-22 14:55:00+09:00,50600.0,50600.0,50400.0,50500.0,874,0.0,0.0
2024-10-23 09:00:00+09:00,50500.0,50900.0,50500.0,50800.0,1217,0.0,0.0
2024-10-23 09:05:00+09:00,50800.0,50800.0,50200.0,50200.0,742,0.0,0.0
2024-10-23 09:10:00+09:00,50300.0,50400.0,50000.0,50200.0,675,0.0,0.0
2024-10-23 09:15:00+09:00,50100.0,50300.0,50100.0,50100.0,401,0.0,0.0
2024-10-23 09:20:00+09:00,50000.0,50100.0,49650.0,49800.0,1000,0.0,0.0
2024-10-23 09:25:00+09:00,49750.0,50200.0,49700.0,50000.0,1377,0.0,0.0
2024-10-23 09:30:00+09:00,50200.0,50200.0,50000.0,50200.0,1011,0.0,0.0
2024-10-23 09:35:00+09:00,50300.0,50900.0,50300.0,50800.0,444,0.0,0.0
2024-10-23 09:40:00+09:00,50800.0,50900.0,50700.0,50800.0,1298,0.0,0.0
2024-10-23 09:45:00+09:00,50700.0,50800.0,50500.0,50600.0,714,0.0,0.0
2024-10-23 09:50:00+09:00,50600.0,50700.0,50400.0,50400.0,461,0.0,0.0
2024-10-23 09:55:00+09:00,50400.0,50400.0,50100.0,50400.0,374,0.0,0.0
2024-10-23 10:00:00+09:00,50300.0,50800.0,50300.0,50800.0,410,0.0,0.0
2024-10-23 10:05:00+09:00,50700.0,51000.0,50600.0,51000.0,742,0.0,0.0
2024-10-23 10:10:00+09:00,51000.0,51100.0,50800.0,50900.0,218,0.0,0.0
2024-10-23 10:15:00+09:00,50800.0,51000.0,50700.0,50700.0,232,0.0,0.0
2024-10-23 10:20:00+09:00,50600.0,50800.0,50600.0,50700.0,566,0.0,0.0
2024-10-23 10:25:00+09:00,50800.0,50800.0,50600.0,50700.0,356,0.0,0.0
2024-10-23 10:30:00+09:00,50800.0,50800.0,50700.0,50700.0,66,0.0,0.0
2024-10-23 10:35:00+09:00,50700.0,50700.0,50600.0,50700.0,151,0.0,0.0
2024-10-23 10:40:00+09:00,50700.0,50800.0,50700.0,50700.0,34,0.0,0.0
2024-10-23 10:45:00+09:00,50800.0,51100.0,50800.0,51000.0,804,0.0,0.0
2024-10-23 10:50:00+09:00,51100.0,51100.0,51000.0,51100.0,539,0.0,0.0
2024-10-23 10:55:00+09:00,51000.0,51200.0,51000.0,51100.0,544,0.0,0.0
2024-10-23 11:00:00+09:00,51100.0,51300.0,51000.0,51200.0,228,0.0,0.0
2024-10-23 11:05:00+09:00,51100.0,51500.0,51100.0,51500.0,478,0.0,0.0
2024-10-23 11:10:00+09:00,51500.0,51500.0,51400.0,51400.0,254,0.0,0.0
2024-10-23 11:15:00+09:00,51500.0,51600.0,51400.0,51500.0,636,0.0,0.0
2024-10-23 11:20:00+09:00,51500.0,51600.0,51400.0,51400.0,340,0.0,0.0
2024-10-23 11:25:00+09:00,51500.0,51600.0,51400.0,51400.0,210,0.0,0.0
2024-10-23 11:30:00+09:00,51400.0,51500.0,51400.0,51500.0,182,0.0,0.0
2024-10-23 11:35:00+09:00,51400.0,51400.0,51300.0,51400.0,386,0.0,0.0
2024-10-23 11:40:00+09:00,51400.0,51400.0,51300.0,51400.0,33,0.0,0.0
2024-10-23 11:45:00+09:00,51400.0,51400.0,51100.0,51200.0,1550,0.0,0.0
2024-10-23 11:50:00+09:00,51100.0,51400.0,51100.0,51300.0,284,0.0,0.0
2024-10-23 11:55:00+09:00,51300.0,51300.0,51200.0,51200.0,173,0.0,0.0
2024-10-23 12:00:00+09:00,51100.0,51400.0,51100.0,51400.0,336,0.0,0.0
2024-10-23 12:05:00+09:00,51400.0,51400.0,51100.0,51200.0,268,0.0,0.0
2024-10-23 12:10:00+09:00,51100.0,51100.0,51100.0,51100.0,92,0.0,0.0
2024-10-23 12:15:00+09:00,51100.0,51100.0,51000.0,51100.0,176,0.0,0.0
2024-10-23 12:20:00+09:00,51100.0,51200.0,51100.0,51100.0,316,0.0,0.0
2024-10-23 12:25:00+09:00,51100.0,51100.0,51100.0,51100.0,148,0.0,0.0
2024-10-23 12:30:00+09:00,51100.0,51100.0,51100.0,51100.0,122,0.0,0.0
2024-10-23 12:35:00+09:00,51100.0,51200.0,51100.0,51100.0,165,0.0,0.0
2024-10-23 12:40:00+09:00,51100.0,51300.0,51000.0,51300.0,202,0.0,0.0
2024-10-23 12:45:00+09:00,51300.0,51300.0,51200.0,51300.0,313,0.0,0.0
2024-10-23 12:50:00+09:00,51300.0,51300.0,51200.0,51300.0,174,0.0,0.0
2024-10-23 12:55:00+09:00,51300.0,51300.0,51200.0,51200.0,146,0.0,0.0
2024-10-23 13:00:00+09:00,51200.0,51200.0,51100.0,51100.0,664,0.0,0.0
2024-10-23 13:05:00+09:00,51200.0,51200.0,51000.0,51200.0,438,0.0,0.0
2024-10-23 13:10:00+09:00,51200.0,51700.0,51200.0,51700.0,2125,0.0,0.0
2024-10-23 13:15:00+09:00,51700.0,51900.0,51600.0,51800.0,974,0.0,0.0
2024-10-23 13:20:00+09:00,51800.0,51900.0,51700.0,51900.0,673,0.0,0.0
2024-10-23 13:25:00+09:00,51800.0,51900.0,51800.0,51800.0,617,0.0,0.0
2024-10-23 13:30:00+09:00,51800.0,51900.0,51800.0,51900.0,731,0.0,0.0
2024-10-23 13:35:00+09:00,51800.0,51800.0,51700.0,51800.0,91,0.0,0.0
2024-10-23 13:40:00+09:00,51900.0,52300.0,51900.0,52100.0,2310,0.0,0.0
2024-10-23 13:45:00+09:00,52100.0,52400.0,52100.0,52300.0,768,0.0,0.0
2024-10-23 13:50:00+09:00,52400.0,52400.0,52200.0,52300.0,1478,0.0,0.0
2024-10-23 13:55:00+09:00,52300.0,52400.0,52100.0,52200.0,594,0.0,0.0
2024-10-23 14:00:00+09:00,52100.0,52300.0,52000.0,52100.0,396,0.0,0.0
2024-10-23 14:05:00+09:00,52100.0,52400.0,52000.0,52400.0,1129,0.0,0.0
2024-10-23 14:10:00+09:00,52500.0,52600.0,52400.0,52400.0,725,0.0,0.0
2024-10-23 14:15:00+09:00,52300.0,52700.0,52200.0,52600.0,1688,0.0,0.0
2024-10-23 14:20:00+09:00,52600.0,52700.0,52500.0,52600.0,901,0.0,0.0
2024-10-23 14:25:00+09:00,52600.0,52600.0,52500.0,52600.0,617,0.0,0.0
2024-10-23 14:30:00+09:00,52500.0,52700.0,52500.0,52500.0,1595,0.0,0.0
2024-10-23 14:35:00+09:00,52500.0,52600.0,52400.0,52400.0,509,0.0,0.0
2024-10-23 14:40:00+09:00,52500.0,52600.0,52400.0,52500.0,464,0.0,0.0
2024-10-23 14:45:00+09:00,52500.0,52600.0,52400.0,52400.0,379,0.0,0.0
2024-10-23 14:50:00+09:00,52500.0,52600.0,52400.0,52500.0,417,0.0,0.0
2024-10-23 14:55:00+09:00,52600.0,52600.0,52300.0,52400.0,1077,0.0,0.0
2024-10-24 09:00:00+09:00,51200.0,51900.0,51000.0,51800.0,1945,0.0,0.0
2024-10-24 09:05:00+09:00,51700.0,52700.0,51700.0,52000.0,2519,0.0,0.0
2024-10-24 09:10:00+09:00,52000.0,52300.0,51800.0,52300.0,1383,0.0,0.0
2024-10-24 09:15:00+09:00,52200.0,52300.0,51500.0,51900.0,2213,0.0,0.0
2024-10-24 09:20:00+09:00,51900.0,52000.0,51600.0,51700.0,720,0.0,0.0
2024-10-24 09:25:00+09:00,51700.0,51800.0,51500.0,51600.0,454,0.0,0.0
2024-10-24 09:30:00+09:00,51500.0,52400.0,51300.0,51700.0,1724,0.0,0.0
2024-10-24 09:35:00+09:00,51600.0,51800.0,51600.0,51700.0,209,0.0,0.0
2024-10-24 09:40:00+09:00,51700.0,51900.0,51600.0,51800.0,595,0.0,0.0
2024-10-24 09:45:00+09:00,51800.0,52000.0,51700.0,52000.0,497,0.0,0.0
2024-10-24 09:50:00+09:00,52000.0,52100.0,51800.0,51900.0,765,0.0,0.0
2024-10-24 09:55:00+09:00,52000.0,52500.0,52000.0,52300.0,1339,0.0,0.0
2024-10-24 10:00:00+09:00,52300.0,52500.0,52100.0,52400.0,1087,0.0,0.0
2024-10-24 10:05:00+09:00,52400.0,52500.0,52300.0,52400.0,513,0.0,0.0
2024-10-24 10:10:00+09:00,52400.0,52400.0,52200.0,52300.0,1215,0.0,0.0
2024-10-24 10:15:00+09:00,52300.0,52400.0,52300.0,52300.0,360,0.0,0.0
2024-10-24 10:20:00+09:00,52300.0,52300.0,52100.0,52200.0,568,0.0,0.0
2024-10-24 10:25:00+09:00,52200.0,52400.0,52100.0,52300.0,648,0.0,0.0
2024-10-24 10:30:00+09:00,52300.0,52900.0,52300.0,52900.0,2153,0.0,0.0
2024-10-24 10:35:00+09:00,52900.0,53000.0,52700.0,53000.0,808,0.0,0.0
2024-10-24 10:40:00+09:00,53000.0,53200.0,52500.0,52500.0,1556,0.0,0.0
2024-10-24 10:45:00+09:00,52500.0,52600.0,52400.0,52600.0,1261,0.0,0.0
2024-10-24 10:50:00+09:00,52500.0,52600.0,52400.0,52500.0,333,0.0,0.0
2024-10-24 10:55:00+09:00,52400.0,52500.0,52200.0,52400.0,904,0.0,0.0
2024-10-24 11:00:00+09:00,52400.0,52400.0,52000.0,52000.0,1401,0.0,0.0
2024-10-24 11:05:00+09:00,52100.0,52300.0,52000.0,52300.0,232,0.0,0.0
2024-10-24 11:10:00+09:00,52300.0,52300.0,52100.0,52100.0,726,0.0,0.0
2024-10-24 11:15:00+09:00,52100.0,52300.0,52100.0,52300.0,492,0.0,0.0
2024-10-24 11:20:00+09:00,52200.0,52200.0,52100.0,52100.0,346,0.0,0.0
2024-10-24 11:25:00+09:00,52100.0,52200.0,52100.0,52200.0,112,0.0,0.0
2024-10-24 11:30:00+09:00,52200.0,52200.0,52100.0,52200.0,259,0.0,0.0
2024-10-24 11:35:00+09:00,52200.0,52200.0,52200.0,52200.0,142,0.0,0.0
2024-10-24 11:40:00+09:00,52200.0,52300.0,52100.0,52200.0,1012,0.0,0.0
2024-10-24 11:45:00+09:00,52100.0,52300.0,52100.0,52200.0,190,0.0,0.0
2024-10-24 11:50:00+09:00,52200.0,52300.0,52200.0,52300.0,270,0.0,0.0
2024-10-24 11:55:00+09:00,52300.0,52800.0,52200.0,52800.0,1798,0.0,0.0
2024-10-24 12:00:00+09:00,52600.0,52800.0,52600.0,52800.0,378,0.0,0.0
2024-10-24 12:05:00+09:00,52800.0,52800.0,52400.0,52500.0,766,0.0,0.0
2024-10-24 12:10:00+09:00,52500.0,52500.0,52400.0,52500.0,341,0.0,0.0
2024-10-24 12:15:00+09:00,52500.0,52700.0,52400.0,52600.0,252,0.0,0.0
2024-10-24 12:20:00+09:00,52700.0,52800.0,52600.0,52700.0,470,0.0,0.0
2024-10-24 12:25:00+09:00,52700.0,52800.0,52600.0,52700.0,427,0.0,0.0
2024-10-24 12:30:00+09:00,52800.0,52800.0,52400.0,52600.0,885,0.0,0.0
2024-10-24 12:35:00+09:00,52600.0,52600.0,52400.0,52500.0,308,0.0,0.0
2024-10-24 12:40:00+09:00,52400.0,52500.0,52400.0,52400.0,408,0.0,0.0
2024-10-24 12:45:00+09:00,52400.0,52500.0,52300.0,52500.0,1048,0.0,0.0
2024-10-24 12:50:00+09:00,52500.0,52500.0,52200.0,52200.0,783,0.0,0.0
2024-10-24 12:55:00+09:00,52200.0,52300.0,52200.0,52300.0,143,0.0,0.0
2024-10-24 13:00:00+09:00,52300.0,52400.0,52200.0,52300.0,778,0.0,0.0
2024-10-24 13:05:00+09:00,52300.0,52400.0,52200.0,52300.0,248,0.0,0.0
2024-10-24 13:10:00+09:00,52200.0,52300.0,52200.0,52300.0,299,0.0,0.0
2024-10-24 13:15:00+09:00,52300.0,52400.0,52200.0,52400.0,645,0.0,0.0
2024-10-24 13:20:00+09:00,52400.0,52400.0,52300.0,52400.0,444,0.0,0.0
2024-10-24 13:25:00+09:00,52300.0,52400.0,52300.0,52400.0,325,0.0,0.0
2024-10-24 13:30:00+09:00,52400.0,52500.0,52300.0,52300.0,770,0.0,0.0
2024-10-24 13:35:00+09:00,52300.0,52400.0,52200.0,52400.0,648,0.0,0.0
2024-10-24 13:40:00+09:00,52400.0,52500.0,52300.0,52400.0,351,0.0,0.0
2024-10-24 13:45:00+09:00,52400.0,52400.0,52300.0,52400.0,608,0.0,0.0
2024-10-24 13:50:00+09:00,52400.0,52400.0,52300.0,52300.0,1786,0.0,0.0
2024-10-24 13:55:00+09:00,52300.0,52400.0,52200.0,52200.0,494,0.0,0.0
2024-10-24 14:00:00+09:00,52300.0,52300.0,52200.0,52300.0,353,0.0,0.0
2024-10-24 14:05:00+09:00,52200.0,52300.0,52200.0,52300.0,1315,0.0,0.0
2024-10-24 14:10:00+09:00,52300.0,52300.0,52100.0,52200.0,497,0.0,0.0
2024-10-24 14:15:00+09:00,52200.0,52300.0,52100.0,52200.0,484,0.0,0.0
2024-10-24 14:20:00+09:00,52200.0,52300.0,52100.0,52200.0,323,0.0,0.0
2024-10-24 14:25:00+09:00,52200.0,52300.0,52000.0,52100.0,1832,0.0,0.0
2024-10-24 14:30:00+09:00,52100.0,52200.0,52000.0,52000.0,440,0.0,0.0
2024-10-24 14:35:00+09:00,52100.0,52200.0,52100.0,52200.0,348,0.0,0.0
2024-10-24 14:40:00+09:00,52100.0,52200.0,52000.0,52000.0,688,0.0,0.0
2024-10-24 14:45:00+09:00,52100.0,52100.0,51900.0,51900.0,1068,0.0,0.0
2024-10-24 14:50:00+09:00,52000.0,52200.0,51900.0,52200.0,294,0.0,0.0
2024-10-24 14:55:00+09:00,52200.0,52200.0,52000.0,52000.0,196,0.0,0.0
2024-10-25 09:00:00+09:00,52400.0,52400.0,51900.0,52100.0,561,0.0,0.0
2024-10-25 09:05:00+09:00,52100.0,52600.0,52000.0,52000.0,461,0.0,0.0
2024-10-25 09:10:00+09:00,51800.0,52200.0,51700.0,52100.0,1735,0.0,0.0
2024-10-25 09:15:00+09:00,52200.0,52300.0,51800.0,51900.0,999,0.0,0.0
2024-10-25 09:20:00+09:00,51800.0,51800.0,51400.0,51400.0,1633,0.0,0.0
2024-10-25 09:25:00+09:00,51500.0,51600.0,51200.0,51300.0,969,0.0,0.0
2024-10-25 09:30:00+09:00,51200.0,51300.0,51000.0,51000.0,760,0.0,0.0
2024-10-25 09:35:00+09:00,51000.0,51100.0,50800.0,51100.0,1003,0.0,0.0
2024-10-25 09:40:00+09:00,51200.0,51400.0,51000.0,51100.0,984,0.0,0.0
2024-10-25 09:45:00+09:00,50800.0,50900.0,50800.0,50900.0,1057,0.0,0.0
2024-10-25 09:50:00+09:00,50900.0,51000.0,50900.0,50900.0,417,0.0,0.0
2024-10-25 09:55:00+09:00,50900.0,50900.0,50800.0,50900.0,278,0.0,0.0
2024-10-25 10:00:00+09:00,50900.0,50900.0,50800.0,50800.0,168,0.0,0.0
2024-10-25 10:05:00+09:00,50800.0,50800.0,50700.0,50700.0,477,0.0,0.0
2024-10-25 10:10:00+09:00,50700.0,50900.0,50700.0,50800.0,473,0.0,0.0
2024-10-25 10:15:00+09:00,50900.0,51100.0,50900.0,51000.0,383,0.0,0.0
2024-10-25 10:20:00+09:00,51300.0,51300.0,51100.0,51100.0,1029,0.0,0.0
2024-10-25 10:25:00+09:00,51100.0,51200.0,51000.0,51100.0,371,0.0,0.0
2024-10-25 10:30:00+09:00,51100.0,51100.0,50900.0,51000.0,1054,0.0,0.0
2024-10-25 10:35:00+09:00,51000.0,51000.0,50900.0,51000.0,167,0.0,0.0
2024-10-25 10:40:00+09:00,51100.0,51100.0,50900.0,51000.0,116,0.0,0.0
2024-10-25 10:45:00+09:00,51000.0,51000.0,50900.0,50900.0,1018,0.0,0.0
2024-10-25 10:50:00+09:00,50900.0,50900.0,50700.0,50700.0,622,0.0,0.0
2024-10-25 10:55:00+09:00,50700.0,50900.0,50700.0,50800.0,669,0.0,0.0
2024-10-25 11:00:00+09:00,50800.0,50900.0,50700.0,50700.0,138,0.0,0.0
2024-10-25 11:05:00+09:00,50700.0,50800.0,50700.0,50700.0,426,0.0,0.0
2024-10-25 11:10:00+09:00,50700.0,50800.0,50600.0,50600.0,764,0.0,0.0
2024-10-25 11:15:00+09:00,50600.0,50800.0,50500.0,50800.0,1501,0.0,0.0
2024-10-25 11:20:00+09:00,50900.0,50900.0,50800.0,50800.0,90,0.0,0.0
2024-10-25 11:25:00+09:00,50800.0,51100.0,50800.0,50900.0,404,0.0,0.0
2024-10-25 11:30:00+09:00,50900.0,51100.0,50900.0,51000.0,547,0.0,0.0
2024-10-25 11:35:00+09:00,51000.0,51200.0,51000.0,51100.0,516,0.0,0.0
2024-10-25 11:40:00+09:00,51100.0,51200.0,51000.0,51100.0,433,0.0,0.0
2024-10-25 11:45:00+09:00,51100.0,51500.0,51100.0,51400.0,673,0.0,0.0
2024-10-25 11:50:00+09:00,51400.0,51500.0,51100.0,51200.0,130,0.0,0.0
2024-10-25 11:55:00+09:00,51200.0,51400.0,51200.0,51300.0,162,0.0,0.0
2024-10-25 12:00:00+09:00,51300.0,51500.0,51200.0,51200.0,249,0.0,0.0
2024-10-25 12:05:00+09:00,51200.0,51300.0,51100.0,51100.0,127,0.0,0.0
2024-10-25 12:10:00+09:00,51300.0,51300.0,51100.0,51100.0,295,0.0,0.0
2024-10-25 12:15:00+09:00,51200.0,51400.0,51200.0,51400.0,646,0.0,0.0
2024-10-25 12:20:00+09:00,51400.0,51600.0,51400.0,51500.0,374,0.0,0.0
2024-10-25 12:25:00+09:00,51500.0,51500.0,51300.0,51300.0,126,0.0,0.0
2024-10-25 12:30:00+09:00,51400.0,51400.0,51300.0,51400.0,219,0.0,0.0
2024-10-25 12:35:00+09:00,51400.0,51500.0,51400.0,51400.0,204,0.0,0.0
2024-10-25 12:40:00+09:00,51400.0,51400.0,51400.0,51400.0,123,0.0,0.0
2024-10-25 12:45:00+09:00,51400.0,51400.0,51300.0,51300.0,122,0.0,0.0
2024-10-25 12:50:00+09:00,51300.0,51400.0,51200.0,51200.0,233,0.0,0.0
2024-10-25 12:55:00+09:00,51200.0,51300.0,51200.0,51200.0,187,0.0,0.0
2024-10-25 13:00:00+09:00,51200.0,51200.0,51100.0,51100.0,296,0.0,0.0
2024-10-25 13:05:00+09:00,51000.0,51100.0,51000.0,51000.0,408,0.0,0.0
2024-10-25 13:10:00+09:00,51000.0,51100.0,51000.0,51100.0,315,0.0,0.0
2024-10-25 13:15:00+09:00,51200.0,51200.0,51000.0,51000.0,102,0.0,0.0
2024-10-25 13:20:00+09:00,51000.0,51200.0,51000.0,51100.0,257,0.0,0.0
2024-10-25 13:25:00+09:00,51100.0,51200.0,51100.0,51100.0,210,0.0,0.0
2024-10-25 13:30:00+09:00,51100.0,51200.0,51100.0,51100.0,111,0.0,0.0
2024-10-25 13:35:00+09:00,51100.0,51300.0,51100.0,51100.0,362,0.0,0.0
2024-10-25 13:40:00+09:00,51100.0,51200.0,51100.0,51100.0,218,0.0,0.0
2024-10-25 13:45:00+09:00,51100.0,51100.0,51000.0,51000.0,614,0.0,0.0
2024-10-25 13:50:00+09:00,51000.0,51000.0,50900.0,50900.0,383,0.0,0.0
2024-10-25 13:55:00+09:00,50900.0,50900.0,50800.0,50800.0,333,0.0,0.0
2024-10-25 14:00:00+09:00,50800.0,51000.0,50800.0,50800.0,122,0.0,0.0
2024-10-25 14:05:00+09:00,50800.0,50900.0,50700.0,50800.0,147,0.0,0.0
2024-10-25 14:10:00+09:00,50800.0,50900.0,50700.0,50800.0,519,0.0,0.0
2024-10-25 14:15:00+09:00,51000.0,51000.0,50800.0,50900.0,528,0.0,0.0
2024-10-25 14:20:00+09:00,51000.0,51100.0,50800.0,51000.0,764,0.0,0.0
2024-10-25 14:25:00+09:00,51100.0,51200.0,50800.0,51000.0,1536,0.0,0.0
2024-10-25 14:30:00+09:00,51100.0,51400.0,50900.0,51000.0,1802,0.0,0.0
2024-10-25 14:35:00+09:00,51100.0,51300.0,51000.0,51100.0,348,0.0,0.0
2024-10-25 14:40:00+09:00,51100.0,51200.0,51000.0,51000.0,259,0.0,0.0
2024-10-25 14:45:00+09:00,51000.0,51300.0,51000.0,51200.0,266,0.0,0.0
2024-10-25 14:50:00+09:00,51200.0,51300.0,51000.0,51000.0,1532,0.0,0.0
2024-10-25 14:55:00+09:00,51000.0,51300.0,51000.0,51200.0,218,0.0,0.0
2024-10-28 09:00:00+09:00,51000.0,51300.0,50600.0,51100.0,0,0.0,0.0
2024-10-28 09:05:00+09:00,51100.0,51300.0,51000.0,51300.0,821,0.0,0.0
2024-10-28 09:10:00+09:00,51400.0,51500.0,51300.0,51500.0,1062,0.0,0.0
2024-10-28 09:15:00+09:00,51500.0,52000.0,51300.0,51300.0,1459,0.0,0.0
2024-10-28 09:20:00+09:00,51300.0,51400.0,51100.0,51300.0,549,0.0,0.0
2024-10-28 09:25:00+09:00,51400.0,51700.0,51300.0,51600.0,465,0.0,0.0
2024-10-28 09:30:00+09:00,51700.0,51700.0,51400.0,51500.0,596,0.0,0.0
2024-10-28 09:35:00+09:00,51500.0,51500.0,51300.0,51500.0,638,0.0,0.0
2024-10-28 09:40:00+09:00,51500.0,51600.0,51400.0,51400.0,0,0.0,0.0
2024-10-28 09:45:00+09:00,51400.0,51700.0,51400.0,51600.0,7672,0.0,0.0
2024-10-28 09:50:00+09:00,51600.0,51600.0,51300.0,51300.0,535,0.0,0.0
2024-10-28 09:55:00+09:00,51300.0,51300.0,51200.0,51200.0,220,0.0,0.0
2024-10-28 10:00:00+09:00,51300.0,51400.0,51300.0,51300.0,300,0.0,0.0
2024-10-28 10:05:00+09:00,51400.0,51600.0,51300.0,51400.0,518,0.0,0.0
2024-10-28 10:10:00+09:00,51500.0,51700.0,51200.0,51200.0,583,0.0,0.0
2024-10-28 10:15:00+09:00,51300.0,51400.0,51200.0,51200.0,549,0.0,0.0
2024-10-28 10:20:00+09:00,51200.0,51300.0,51200.0,51200.0,582,0.0,0.0
2024-10-28 10:25:00+09:00,51300.0,51300.0,51200.0,51200.0,367,0.0,0.0
2024-10-28 10:30:00+09:00,51200.0,51400.0,51200.0,51200.0,335,0.0,0.0
2024-10-28 10:35:00+09:00,51200.0,51200.0,51100.0,51100.0,1088,0.0,0.0
2024-10-28 10:40:00+09:00,51100.0,51200.0,50900.0,51100.0,1931,0.0,0.0
2024-10-28 10:45:00+09:00,51100.0,51200.0,50900.0,51100.0,585,0.0,0.0
2024-10-28 10:50:00+09:00,51100.0,51100.0,50900.0,51100.0,507,0.0,0.0
2024-10-28 10:55:00+09:00,51200.0,51200.0,51000.0,51100.0,421,0.0,0.0
2024-10-28 11:00:00+09:00,51000.0,51000.0,51000.0,51000.0,478,0.0,0.0
2024-10-28 11:05:00+09:00,51000.0,51200.0,50900.0,51000.0,470,0.0,0.0
2024-10-28 11:10:00+09:00,51100.0,51100.0,51000.0,51000.0,228,0.0,0.0
2024-10-28 11:15:00+09:00,51000.0,51000.0,51000.0,51000.0,417,0.0,0.0
2024-10-28 11:20:00+09:00,50900.0,51000.0,50900.0,51000.0,254,0.0,0.0
2024-10-28 11:25:00+09:00,51000.0,51000.0,50900.0,51000.0,281,0.0,0.0
2024-10-28 11:30:00+09:00,51000.0,51200.0,50900.0,51200.0,821,0.0,0.0
2024-10-28 11:35:00+09:00,51000.0,51300.0,51000.0,51300.0,482,0.0,0.0
2024-10-28 11:40:00+09:00,51200.0,51300.0,51100.0,51100.0,396,0.0,0.0
2024-10-28 11:45:00+09:00,51200.0,51300.0,51100.0,51200.0,245,0.0,0.0
2024-10-28 11:50:00+09:00,51200.0,51200.0,51100.0,51100.0,485,0.0,0.0
2024-10-28 11:55:00+09:00,51100.0,51100.0,51100.0,51100.0,148,0.0,0.0
2024-10-28 12:00:00+09:00,51100.0,51500.0,51100.0,51400.0,645,0.0,0.0
2024-10-28 12:05:00+09:00,51500.0,51600.0,51400.0,51500.0,470,0.0,0.0
2024-10-28 12:10:00+09:00,51500.0,51600.0,51500.0,51600.0,264,0.0,0.0
2024-10-28 12:15:00+09:00,51600.0,51600.0,51400.0,51500.0,304,0.0,0.0
2024-10-28 12:20:00+09:00,51500.0,51500.0,51400.0,51500.0,134,0.0,0.0
2024-10-28 12:25:00+09:00,51500.0,51700.0,51400.0,51700.0,789,0.0,0.0
2024-10-28 12:30:00+09:00,51700.0,51700.0,51500.0,51500.0,298,0.0,0.0
2024-10-28 12:35:00+09:00,51600.0,51700.0,51500.0,51600.0,436,0.0,0.0
2024-10-28 12:40:00+09:00,51600.0,51700.0,51500.0,51600.0,608,0.0,0.0
2024-10-28 12:45:00+09:00,51700.0,52000.0,51700.0,51700.0,1336,0.0,0.0
2024-10-28 12:50:00+09:00,51700.0,51800.0,51600.0,51600.0,364,0.0,0.0
2024-10-28 12:55:00+09:00,51600.0,51800.0,51500.0,51800.0,1410,0.0,0.0
2024-10-28 13:00:00+09:00,51800.0,51800.0,51700.0,51700.0,253,0.0,0.0
2024-10-28 13:05:00+09:00,51700.0,51800.0,51600.0,51600.0,535,0.0,0.0
2024-10-28 13:10:00+09:00,51600.0,51700.0,51600.0,51700.0,394,0.0,0.0
2024-10-28 13:15:00+09:00,51700.0,51700.0,51600.0,51600.0,533,0.0,0.0
2024-10-28 13:20:00+09:00,51600.0,51700.0,51500.0,51700.0,443,0.0,0.0
2024-10-28 13:25:00+09:00,51600.0,51700.0,51600.0,51600.0,388,0.0,0.0
2024-10-28 13:30:00+09:00,51600.0,51600.0,51400.0,51400.0,884,0.0,0.0
2024-10-28 13:35:00+09:00,51400.0,51500.0,51400.0,51500.0,680,0.0,0.0
2024-10-28 13:40:00+09:00,51500.0,51600.0,51400.0,51500.0,562,0.0,0.0
2024-10-28 13:45:00+09:00,51500.0,51800.0,51500.0,51700.0,690,0.0,0.0
2024-10-28 13:50:00+09:00,51700.0,51800.0,51500.0,51600.0,876,0.0,0.0
2024-10-28 13:55:00+09:00,51600.0,51700.0,51500.0,51600.0,433,0.0,0.0
2024-10-28 14:00:00+09:00,51500.0,51600.0,51500.0,51500.0,344,0.0,0.0
2024-10-28 14:05:00+09:00,51500.0,51600.0,51500.0,51500.0,659,0.0,0.0
2024-10-28 14:10:00+09:00,51500.0,51500.0,51500.0,51500.0,539,0.0,0.0
2024-10-28 14:15:00+09:00,51400.0,51500.0,51400.0,51400.0,747,0.0,0.0
2024-10-28 14:20:00+09:00,51400.0,51500.0,51300.0,51300.0,779,0.0,0.0
2024-10-28 14:25:00+09:00,51400.0,51500.0,51300.0,51300.0,809,0.0,0.0
2024-10-28 14:30:00+09:00,51400.0,51500.0,51200.0,51200.0,1219,0.0,0.0
2024-10-28 14:35:00+09:00,51200.0,51400.0,51100.0,51100.0,776,0.0,0.0
2024-10-28 14:40:00+09:00,51300.0,51300.0,51100.0,51200.0,751,0.0,0.0
2024-10-28 14:45:00+09:00,51200.0,51400.0,51200.0,51300.0,583,0.0,0.0
2024-10-28 14:50:00+09:00,51300.0,51500.0,51300.0,51400.0,546,0.0,0.0
2024-10-28 14:55:00+09:00,51500.0,51500.0,51100.0,51200.0,809,0.0,0.0
2024-10-29 09:00:00+09:00,51200.0,51300.0,50200.0,50300.0,3702,0.0,0.0
2024-10-29 09:05:00+09:00,50300.0,50900.0,50100.0,50400.0,3146,0.0,0.0
2024-10-29 09:10:00+09:00,50500.0,50700.0,50500.0,50500.0,963,0.0,0.0
2024-10-29 09:15:00+09:00,50500.0,50600.0,50200.0,50200.0,1710,0.0,0.0
2024-10-29 09:20:00+09:00,50200.0,50500.0,50000.0,50100.0,2004,0.0,0.0
2024-10-29 09:25:00+09:00,50100.0,50400.0,50100.0,50200.0,487,0.0,0.0
2024-10-29 09:30:00+09:00,50200.0,50200.0,49800.0,50100.0,3958,0.0,0.0
2024-10-29 09:35:00+09:00,50000.0,50200.0,50000.0,50100.0,263,0.0,0.0
2024-10-29 09:40:00+09:00,50100.0,50300.0,49950.0,50300.0,376,0.0,0.0
2024-10-29 09:45:00+09:00,50200.0,50200.0,50000.0,50200.0,677,0.0,0.0
2024-10-29 09:50:00+09:00,50200.0,50500.0,50100.0,50400.0,802,0.0,0.0
2024-10-29 09:55:00+09:00,50400.0,50400.0,50200.0,50300.0,2856,0.0,0.0
2024-10-29 10:00:00+09:00,50300.0,50300.0,50100.0,50300.0,125,0.0,0.0
2024-10-29 10:05:00+09:00,50300.0,50400.0,50200.0,50400.0,170,0.0,0.0
2024-10-29 10:10:00+09:00,50400.0,50400.0,50000.0,50000.0,1339,0.0,0.0
2024-10-29 10:15:00+09:00,50000.0,50100.0,49750.0,49800.0,3337,0.0,0.0
2024-10-29 10:20:00+09:00,49800.0,49850.0,49500.0,49550.0,7723,0.0,0.0
2024-10-29 10:25:00+09:00,49550.0,49550.0,49300.0,49450.0,5685,0.0,0.0
2024-10-29 10:30:00+09:00,49500.0,49650.0,49400.0,49450.0,2914,0.0,0.0
2024-10-29 10:35:00+09:00,49450.0,49650.0,49450.0,49600.0,1691,0.0,0.0
2024-10-29 10:40:00+09:00,49600.0,49600.0,49550.0,49550.0,231,0.0,0.0
2024-10-29 10:45:00+09:00,49550.0,49650.0,49450.0,49450.0,1329,0.0,0.0
2024-10-29 10:50:00+09:00,49450.0,49450.0,49350.0,49350.0,1069,0.0,0.0
2024-10-29 10:55:00+09:00,49350.0,49450.0,49350.0,49350.0,1093,0.0,0.0
2024-10-29 11:00:00+09:00,49350.0,49500.0,49300.0,49300.0,1843,0.0,0.0
2024-10-29 11:05:00+09:00,49350.0,49400.0,49300.0,49400.0,495,0.0,0.0
2024-10-29 11:10:00+09:00,49350.0,49400.0,49300.0,49350.0,681,0.0,0.0
2024-10-29 11:15:00+09:00,49300.0,49450.0,49300.0,49400.0,501,0.0,0.0
2024-10-29 11:20:00+09:00,49400.0,49450.0,49400.0,49400.0,701,0.0,0.0
2024-10-29 11:25:00+09:00,49400.0,49450.0,49400.0,49450.0,426,0.0,0.0
2024-10-29 11:30:00+09:00,49450.0,49450.0,49400.0,49400.0,237,0.0,0.0
2024-10-29 11:35:00+09:00,49450.0,49550.0,49400.0,49450.0,365,0.0,0.0
2024-10-29 11:40:00+09:00,49450.0,49550.0,49450.0,49500.0,345,0.0,0.0
2024-10-29 11:45:00+09:00,49500.0,49600.0,49500.0,49600.0,605,0.0,0.0
2024-10-29 11:50:00+09:00,49600.0,49650.0,49550.0,49600.0,662,0.0,0.0
2024-10-29 11:55:00+09:00,49600.0,49700.0,49600.0,49600.0,301,0.0,0.0
2024-10-29 12:00:00+09:00,49550.0,49650.0,49550.0,49600.0,1126,0.0,0.0
2024-10-29 12:05:00+09:00,49600.0,49600.0,49500.0,49500.0,256,0.0,0.0
2024-10-29 12:10:00+09:00,49500.0,49500.0,49500.0,49500.0,320,0.0,0.0
2024-10-29 12:15:00+09:00,49500.0,49500.0,49450.0,49450.0,175,0.0,0.0
2024-10-29 12:20:00+09:00,49350.0,49450.0,49350.0,49400.0,2168,0.0,0.0
2024-10-29 12:25:00+09:00,49400.0,49450.0,49200.0,49250.0,3478,0.0,0.0
2024-10-29 12:30:00+09:00,49300.0,49350.0,49250.0,49350.0,469,0.0,0.0
2024-10-29 12:35:00+09:00,49300.0,49300.0,49200.0,49200.0,1257,0.0,0.0
2024-10-29 12:40:00+09:00,49200.0,49250.0,49000.0,49050.0,4750,0.0,0.0
2024-10-29 12:45:00+09:00,49050.0,49100.0,48950.0,49000.0,965,0.0,0.0
2024-10-29 12:50:00+09:00,49000.0,49050.0,49000.0,49000.0,763,0.0,0.0
2024-10-29 12:55:00+09:00,49000.0,49100.0,49000.0,49100.0,837,0.0,0.0
2024-10-29 13:00:00+09:00,49100.0,49100.0,48950.0,48950.0,1837,0.0,0.0
2024-10-29 13:05:00+09:00,48950.0,48950.0,48550.0,48650.0,4496,0.0,0.0
2024-10-29 13:10:00+09:00,48650.0,48900.0,48600.0,48700.0,1489,0.0,0.0
2024-10-29 13:15:00+09:00,48700.0,49150.0,48500.0,48750.0,4015,0.0,0.0
2024-10-29 13:20:00+09:00,48800.0,48850.0,48750.0,48800.0,494,0.0,0.0
2024-10-29 13:25:00+09:00,48800.0,48950.0,48750.0,48950.0,794,0.0,0.0
2024-10-29 13:30:00+09:00,48950.0,49150.0,48900.0,49050.0,799,0.0,0.0
2024-10-29 13:35:00+09:00,49050.0,49100.0,49050.0,49100.0,358,0.0,0.0
2024-10-29 13:40:00+09:00,49100.0,49150.0,49000.0,49000.0,749,0.0,0.0
2024-10-29 13:45:00+09:00,49000.0,49050.0,48950.0,49000.0,226,0.0,0.0
2024-10-29 13:50:00+09:00,49000.0,49050.0,48950.0,49000.0,371,0.0,0.0
2024-10-29 13:55:00+09:00,49000.0,49050.0,48950.0,49000.0,580,0.0,0.0
2024-10-29 14:00:00+09:00,49050.0,49200.0,49050.0,49150.0,528,0.0,0.0
2024-10-29 14:05:00+09:00,49150.0,49200.0,49100.0,49200.0,224,0.0,0.0
2024-10-29 14:10:00+09:00,49150.0,49200.0,49100.0,49100.0,586,0.0,0.0
2024-10-29 14:15:00+09:00,49150.0,49200.0,49050.0,49100.0,439,0.0,0.0
2024-10-29 14:20:00+09:00,49100.0,49150.0,49050.0,49100.0,1037,0.0,0.0
2024-10-29 14:25:00+09:00,49150.0,49300.0,49100.0,49300.0,1277,0.0,0.0
2024-10-29 14:30:00+09:00,49350.0,49450.0,49250.0,49450.0,1739,0.0,0.0
2024-10-29 14:35:00+09:00,49450.0,49500.0,49350.0,49500.0,465,0.0,0.0
2024-10-29 14:40:00+09:00,49450.0,49500.0,49350.0,49450.0,661,0.0,0.0
2024-10-29 14:45:00+09:00,49450.0,49600.0,49400.0,49550.0,1631,0.0,0.0
2024-10-29 14:50:00+09:00,49550.0,49600.0,49500.0,49600.0,978,0.0,0.0
2024-10-29 14:55:00+09:00,49600.0,49750.0,49550.0,49700.0,2251,0.0,0.0
2024-10-30 09:00:00+09:00,49700.0,49700.0,49100.0,49300.0,1486,0.0,0.0
2024-10-30 09:05:00+09:00,49350.0,50000.0,49300.0,49850.0,2022,0.0,0.0
2024-10-30 09:10:00+09:00,49850.0,49850.0,49400.0,49450.0,3638,0.0,0.0
2024-10-30 09:15:00+09:00,49450.0,49600.0,49450.0,49550.0,372,0.0,0.0
2024-10-30 09:20:00+09:00,49550.0,49650.0,49050.0,49100.0,1783,0.0,0.0
2024-10-30 09:25:00+09:00,49150.0,49250.0,49100.0,49100.0,971,0.0,0.0
2024-10-30 09:30:00+09:00,49150.0,49350.0,49050.0,49200.0,919,0.0,0.0
2024-10-30 09:35:00+09:00,49150.0,49200.0,49100.0,49100.0,495,0.0,0.0
2024-10-30 09:40:00+09:00,49150.0,49350.0,49100.0,49200.0,756,0.0,0.0
2024-10-30 09:45:00+09:00,49100.0,49150.0,48900.0,49000.0,1793,0.0,0.0
2024-10-30 09:50:00+09:00,48950.0,49100.0,48800.0,48900.0,1635,0.0,0.0
2024-10-30 09:55:00+09:00,48850.0,49050.0,48750.0,48900.0,780,0.0,0.0
2024-10-30 10:00:00+09:00,48900.0,48950.0,48800.0,48900.0,1481,0.0,0.0
2024-10-30 10:05:00+09:00,48900.0,48900.0,48850.0,48850.0,378,0.0,0.0
2024-10-30 10:10:00+09:00,48750.0,48800.0,48700.0,48750.0,2143,0.0,0.0
2024-10-30 10:15:00+09:00,48750.0,48800.0,48550.0,48700.0,2735,0.0,0.0
2024-10-30 10:20:00+09:00,48750.0,48950.0,48750.0,48900.0,917,0.0,0.0
2024-10-30 10:25:00+09:00,48950.0,49100.0,48800.0,49000.0,2733,0.0,0.0
2024-10-30 10:30:00+09:00,49100.0,49100.0,48550.0,48650.0,2145,0.0,0.0
2024-10-30 10:35:00+09:00,48650.0,48700.0,48550.0,48650.0,1556,0.0,0.0
2024-10-30 10:40:00+09:00,48650.0,48700.0,48600.0,48600.0,1884,0.0,0.0
2024-10-30 10:45:00+09:00,48600.0,48600.0,48500.0,48550.0,3576,0.0,0.0
2024-10-30 10:50:00+09:00,48550.0,48600.0,48450.0,48450.0,2218,0.0,0.0
2024-10-30 10:55:00+09:00,48450.0,48550.0,48400.0,48550.0,1154,0.0,0.0
2024-10-30 11:00:00+09:00,48550.0,48600.0,48500.0,48500.0,1181,0.0,0.0
2024-10-30 11:05:00+09:00,48500.0,48750.0,48500.0,48650.0,2307,0.0,0.0
2024-10-30 11:10:00+09:00,48650.0,48700.0,48500.0,48500.0,1609,0.0,0.0
2024-10-30 11:15:00+09:00,48550.0,48600.0,48400.0,48500.0,3990,0.0,0.0
2024-10-30 11:20:00+09:00,48500.0,48600.0,48400.0,48550.0,2641,0.0,0.0
2024-10-30 11:25:00+09:00,48500.0,48500.0,48250.0,48400.0,3341,0.0,0.0
2024-10-30 11:30:00+09:00,48350.0,48400.0,48250.0,48250.0,1800,0.0,0.0
2024-10-30 11:35:00+09:00,48250.0,48350.0,48250.0,48300.0,1331,0.0,0.0
2024-10-30 11:40:00+09:00,48300.0,48400.0,48250.0,48250.0,987,0.0,0.0
2024-10-30 11:45:00+09:00,48300.0,48450.0,48250.0,48300.0,894,0.0,0.0
2024-10-30 11:50:00+09:00,48350.0,48400.0,48250.0,48300.0,949,0.0,0.0
2024-10-30 11:55:00+09:00,48250.0,48400.0,48250.0,48300.0,1187,0.0,0.0
2024-10-30 12:00:00+09:00,48250.0,48350.0,48200.0,48250.0,1204,0.0,0.0
2024-10-30 12:05:00+09:00,48300.0,48300.0,48200.0,48250.0,930,0.0,0.0
2024-10-30 12:10:00+09:00,48200.0,48300.0,48200.0,48200.0,1678,0.0,0.0
2024-10-30 12:15:00+09:00,48250.0,48300.0,48150.0,48150.0,1314,0.0,0.0
2024-10-30 12:20:00+09:00,48150.0,48300.0,48150.0,48200.0,1342,0.0,0.0
2024-10-30 12:25:00+09:00,48150.0,48350.0,48100.0,48300.0,1687,0.0,0.0
2024-10-30 12:30:00+09:00,48300.0,48350.0,48250.0,48250.0,943,0.0,0.0
2024-10-30 12:35:00+09:00,48300.0,48350.0,48150.0,48200.0,868,0.0,0.0
2024-10-30 12:40:00+09:00,48250.0,48300.0,48200.0,48200.0,951,0.0,0.0
2024-10-30 12:45:00+09:00,48200.0,48350.0,48200.0,48200.0,744,0.0,0.0
2024-10-30 12:50:00+09:00,48200.0,48300.0,48150.0,48300.0,1395,0.0,0.0
2024-10-30 12:55:00+09:00,48250.0,48350.0,48200.0,48250.0,898,0.0,0.0
2024-10-30 13:00:00+09:00,48250.0,48300.0,48200.0,48200.0,981,0.0,0.0
2024-10-30 13:05:00+09:00,48200.0,48250.0,48150.0,48250.0,1184,0.0,0.0
2024-10-30 13:10:00+09:00,48200.0,48300.0,48200.0,48300.0,1131,0.0,0.0
2024-10-30 13:15:00+09:00,48300.0,48350.0,48200.0,48200.0,1649,0.0,0.0
2024-10-30 13:20:00+09:00,48250.0,48300.0,48200.0,48200.0,792,0.0,0.0
2024-10-30 13:25:00+09:00,48200.0,48250.0,48150.0,48200.0,920,0.0,0.0
2024-10-30 13:30:00+09:00,48150.0,48250.0,48150.0,48200.0,1097,0.0,0.0
2024-10-30 13:35:00+09:00,48250.0,48400.0,48200.0,48400.0,1396,0.0,0.0
2024-10-30 13:40:00+09:00,48400.0,48400.0,48250.0,48250.0,875,0.0,0.0
2024-10-30 13:45:00+09:00,48300.0,48350.0,48150.0,48150.0,2757,0.0,0.0
2024-10-30 13:50:00+09:00,48100.0,48250.0,48100.0,48200.0,1018,0.0,0.0
2024-10-30 13:55:00+09:00,48150.0,48250.0,48150.0,48250.0,718,0.0,0.0
2024-10-30 14:00:00+09:00,48200.0,48250.0,48200.0,48200.0,1006,0.0,0.0
2024-10-30 14:05:00+09:00,48250.0,48350.0,48150.0,48350.0,1081,0.0,0.0
2024-10-30 14:10:00+09:00,48250.0,48300.0,48200.0,48200.0,668,0.0,0.0
2024-10-30 14:15:00+09:00,48200.0,48250.0,48200.0,48200.0,737,0.0,0.0
2024-10-30 14:20:00+09:00,48200.0,48250.0,48150.0,48150.0,901,0.0,0.0
2024-10-30 14:25:00+09:00,48150.0,48200.0,48150.0,48150.0,736,0.0,0.0
2024-10-30 14:30:00+09:00,48150.0,48250.0,48100.0,48250.0,2245,0.0,0.0
2024-10-30 14:35:00+09:00,48250.0,48250.0,48150.0,48150.0,787,0.0,0.0
2024-10-30 14:40:00+09:00,48150.0,48300.0,48150.0,48200.0,1279,0.0,0.0
2024-10-30 14:45:00+09:00,48200.0,48250.0,48150.0,48150.0,1966,0.0,0.0
2024-10-30 14:50:00+09:00,48050.0,48150.0,48000.0,48000.0,4928,0.0,0.0
2024-10-30 14:55:00+09:00,48000.0,48100.0,47850.0,47850.0,4523,0.0,0.0
2024-10-31 09:00:00+09:00,47500.0,47750.0,47300.0,47400.0,2404,0.0,0.0
2024-10-31 09:05:00+09:00,47400.0,47450.0,46950.0,47450.0,3403,0.0,0.0
2024-10-31 09:10:00+09:00,47250.0,47650.0,47150.0,47200.0,1403,0.0,0.0
2024-10-31 09:15:00+09:00,47250.0,47500.0,47150.0,47500.0,633,0.0,0.0
2024-10-31 09:20:00+09:00,47500.0,47600.0,47200.0,47500.0,1848,0.0,0.0
2024-10-31 09:25:00+09:00,47500.0,47850.0,47450.0,47550.0,860,0.0,0.0
2024-10-31 09:30:00+09:00,47550.0,47850.0,47400.0,47700.0,1303,0.0,0.0
2024-10-31 09:35:00+09:00,47700.0,47850.0,47600.0,47650.0,692,0.0,0.0
2024-10-31 09:40:00+09:00,47700.0,48400.0,47650.0,48350.0,1065,0.0,0.0
2024-10-31 09:45:00+09:00,48300.0,48550.0,48250.0,48500.0,5422,0.0,0.0
2024-10-31 09:50:00+09:00,48500.0,48750.0,48450.0,48600.0,2904,0.0,0.0
2024-10-31 09:55:00+09:00,48500.0,48750.0,48500.0,48750.0,2630,0.0,0.0
2024-10-31 10:00:00+09:00,48750.0,48950.0,48750.0,48750.0,3801,0.0,0.0
2024-10-31 10:05:00+09:00,48750.0,48850.0,48550.0,48800.0,3689,0.0,0.0
2024-10-31 10:10:00+09:00,48700.0,48800.0,48650.0,48750.0,731,0.0,0.0
2024-10-31 10:15:00+09:00,48750.0,48900.0,48700.0,48750.0,1574,0.0,0.0
2024-10-31 10:20:00+09:00,48750.0,48800.0,48750.0,48750.0,999,0.0,0.0
2024-10-31 10:25:00+09:00,48750.0,49100.0,48750.0,49050.0,4724,0.0,0.0
2024-10-31 10:30:00+09:00,49100.0,49250.0,49100.0,49200.0,1636,0.0,0.0
2024-10-31 10:35:00+09:00,49200.0,49250.0,49100.0,49100.0,1172,0.0,0.0
2024-10-31 10:40:00+09:00,49100.0,49100.0,49000.0,49050.0,1352,0.0,0.0
2024-10-31 10:45:00+09:00,49000.0,49150.0,49000.0,49100.0,632,0.0,0.0
2024-10-31 10:50:00+09:00,49150.0,49150.0,49050.0,49150.0,679,0.0,0.0
2024-10-31 10:55:00+09:00,49150.0,49300.0,49100.0,49200.0,591,0.0,0.0
2024-10-31 11:00:00+09:00,49250.0,49350.0,49250.0,49300.0,1187,0.0,0.0
2024-10-31 11:05:00+09:00,49250.0,49650.0,49200.0,49600.0,3981,0.0,0.0
2024-10-31 11:10:00+09:00,49650.0,49900.0,49500.0,49800.0,3714,0.0,0.0
2024-10-31 11:15:00+09:00,49750.0,50000.0,49750.0,49900.0,2591,0.0,0.0
2024-10-31 11:20:00+09:00,49950.0,50000.0,49750.0,49750.0,1571,0.0,0.0
2024-10-31 11:25:00+09:00,49750.0,50000.0,49500.0,49750.0,2224,0.0,0.0
2024-10-31 11:30:00+09:00,49750.0,49850.0,49750.0,49850.0,425,0.0,0.0
2024-10-31 11:35:00+09:00,49800.0,49950.0,49800.0,49900.0,667,0.0,0.0
2024-10-31 11:40:00+09:00,49900.0,49900.0,49700.0,49800.0,1048,0.0,0.0
2024-10-31 11:45:00+09:00,49750.0,49800.0,49450.0,49700.0,2324,0.0,0.0
2024-10-31 11:50:00+09:00,49550.0,49850.0,49550.0,49800.0,585,0.0,0.0
2024-10-31 11:55:00+09:00,49700.0,49850.0,49650.0,49850.0,849,0.0,0.0
2024-10-31 12:00:00+09:00,49850.0,49850.0,49700.0,49850.0,813,0.0,0.0
2024-10-31 12:05:00+09:00,49850.0,50000.0,49850.0,49850.0,1490,0.0,0.0
2024-10-31 12:10:00+09:00,49850.0,49900.0,49750.0,49800.0,586,0.0,0.0
2024-10-31 12:15:00+09:00,49800.0,49900.0,49750.0,49900.0,619,0.0,0.0
2024-10-31 12:20:00+09:00,49800.0,49800.0,49650.0,49650.0,943,0.0,0.0
2024-10-31 12:25:00+09:00,49650.0,49800.0,49650.0,49750.0,293,0.0,0.0
2024-10-31 12:30:00+09:00,49800.0,49900.0,49750.0,49850.0,722,0.0,0.0
2024-10-31 12:35:00+09:00,49900.0,50000.0,49800.0,49950.0,1221,0.0,0.0
2024-10-31 12:40:00+09:00,49950.0,50100.0,49950.0,49950.0,1703,0.0,0.0
2024-10-31 12:45:00+09:00,50000.0,50100.0,49900.0,50000.0,603,0.0,0.0
2024-10-31 12:50:00+09:00,50000.0,50200.0,50000.0,50000.0,717,0.0,0.0
2024-10-31 12:55:00+09:00,50200.0,50200.0,50000.0,50100.0,681,0.0,0.0
2024-10-31 13:00:00+09:00,50100.0,50100.0,49950.0,50100.0,991,0.0,0.0
2024-10-31 13:05:00+09:00,49950.0,50100.0,49950.0,49950.0,432,0.0,0.0
2024-10-31 13:10:00+09:00,49950.0,50100.0,49900.0,49950.0,1330,0.0,0.0
2024-10-31 13:15:00+09:00,50000.0,50200.0,49950.0,50100.0,988,0.0,0.0
2024-10-31 13:20:00+09:00,50200.0,50300.0,50100.0,50300.0,819,0.0,0.0
2024-10-31 13:25:00+09:00,50200.0,50500.0,50200.0,50400.0,1915,0.0,0.0
2024-10-31 13:30:00+09:00,50500.0,50500.0,50300.0,50400.0,790,0.0,0.0
2024-10-31 13:35:00+09:00,50400.0,50600.0,50300.0,50400.0,1111,0.0,0.0
2024-10-31 13:40:00+09:00,50400.0,50500.0,50300.0,50300.0,1601,0.0,0.0
2024-10-31 13:45:00+09:00,50400.0,50400.0,50100.0,50200.0,1280,0.0,0.0
2024-10-31 13:50:00+09:00,50100.0,50400.0,50100.0,50200.0,1064,0.0,0.0
2024-10-31 13:55:00+09:00,50200.0,50400.0,50200.0,50200.0,991,0.0,0.0
2024-10-31 14:00:00+09:00,50100.0,50400.0,47850.0,47850.0,452,0.0,0.0
2024-10-31 14:05:00+09:00,50200.0,50300.0,50200.0,50300.0,1088,0.0,0.0
2024-10-31 14:10:00+09:00,50300.0,50400.0,50100.0,50100.0,1676,0.0,0.0
2024-10-31 14:15:00+09:00,50100.0,50400.0,50100.0,50400.0,821,0.0,0.0
2024-10-31 14:20:00+09:00,50300.0,50400.0,50200.0,50200.0,1716,0.0,0.0
2024-10-31 14:25:00+09:00,50300.0,50500.0,50200.0,50500.0,1181,0.0,0.0
2024-10-31 14:30:00+09:00,50500.0,50600.0,50400.0,50500.0,1105,0.0,0.0
2024-10-31 14:35:00+09:00,50600.0,50800.0,50500.0,50600.0,2720,0.0,0.0
2024-10-31 14:40:00+09:00,50600.0,50800.0,50500.0,50700.0,1391,0.0,0.0
2024-10-31 14:45:00+09:00,50700.0,50700.0,50500.0,50500.0,1025,0.0,0.0
2024-10-31 14:50:00+09:00,50500.0,50700.0,50300.0,50600.0,2469,0.0,0.0
2024-10-31 14:55:00+09:00,50500.0,50700.0,50500.0,50600.0,1552,0.0,0.0
2024-11-01 09:00:00+09:00,49950.0,50300.0,49450.0,49450.0,2402,0.0,0.0
2024-11-01 09:05:00+09:00,49600.0,50200.0,49550.0,50100.0,3297,0.0,0.0
2024-11-01 09:10:00+09:00,50200.0,50200.0,49850.0,50100.0,1254,0.0,0.0
2024-11-01 09:15:00+09:00,50100.0,50100.0,49400.0,49400.0,2645,0.0,0.0
2024-11-01 09:20:00+09:00,49400.0,49550.0,49300.0,49350.0,822,0.0,0.0
2024-11-01 09:25:00+09:00,49300.0,49500.0,49250.0,49300.0,750,0.0,0.0
2024-11-01 09:30:00+09:00,49300.0,49300.0,49050.0,49200.0,1366,0.0,0.0
2024-11-01 09:35:00+09:00,49200.0,49200.0,49150.0,49200.0,480,0.0,0.0
2024-11-01 09:40:00+09:00,49150.0,49250.0,49150.0,49200.0,430,0.0,0.0
2024-11-01 09:45:00+09:00,49200.0,49250.0,49000.0,49050.0,2825,0.0,0.0
2024-11-01 09:50:00+09:00,49050.0,49050.0,48850.0,48850.0,1283,0.0,0.0
2024-11-01 09:55:00+09:00,48850.0,48900.0,48600.0,48750.0,3130,0.0,0.0
2024-11-01 10:00:00+09:00,48750.0,48850.0,48700.0,48800.0,432,0.0,0.0
2024-11-01 10:05:00+09:00,48850.0,48850.0,48550.0,48550.0,2333,0.0,0.0
2024-11-01 10:10:00+09:00,48500.0,48600.0,48350.0,48450.0,3562,0.0,0.0
2024-11-01 10:15:00+09:00,48450.0,48550.0,48350.0,48400.0,1708,0.0,0.0
2024-11-01 10:20:00+09:00,48450.0,48450.0,48350.0,48400.0,428,0.0,0.0
2024-11-01 10:25:00+09:00,48400.0,48400.0,48250.0,48350.0,1582,0.0,0.0
2024-11-01 10:30:00+09:00,48400.0,48400.0,48250.0,48350.0,783,0.0,0.0
2024-11-01 10:35:00+09:00,48350.0,48450.0,48300.0,48400.0,340,0.0,0.0
2024-11-01 10:40:00+09:00,48400.0,48550.0,48400.0,48400.0,374,0.0,0.0
2024-11-01 10:45:00+09:00,48400.0,48450.0,48400.0,48400.0,314,0.0,0.0
2024-11-01 10:50:00+09:00,48400.0,48500.0,48350.0,48500.0,467,0.0,0.0
2024-11-01 10:55:00+09:00,48500.0,48550.0,48450.0,48500.0,251,0.0,0.0
2024-11-01 11:00:00+09:00,48500.0,48500.0,48400.0,48450.0,934,0.0,0.0
2024-11-01 11:05:00+09:00,48500.0,48600.0,48450.0,48500.0,278,0.0,0.0
2024-11-01 11:10:00+09:00,48500.0,48550.0,48500.0,48550.0,448,0.0,0.0
2024-11-01 11:15:00+09:00,48550.0,48550.0,48450.0,48500.0,756,0.0,0.0
2024-11-01 11:20:00+09:00,48450.0,48600.0,48450.0,48500.0,805,0.0,0.0
2024-11-01 11:25:00+09:00,48550.0,48600.0,48500.0,48550.0,407,0.0,0.0
2024-11-01 11:30:00+09:00,48600.0,48600.0,48500.0,48500.0,503,0.0,0.0
2024-11-01 11:35:00+09:00,48450.0,48500.0,48450.0,48450.0,398,0.0,0.0
2024-11-01 11:40:00+09:00,48500.0,48550.0,48400.0,48500.0,1213,0.0,0.0
2024-11-01 11:45:00+09:00,48450.0,48600.0,48400.0,48400.0,498,0.0,0.0
2024-11-01 11:50:00+09:00,48400.0,48450.0,48400.0,48450.0,485,0.0,0.0
2024-11-01 11:55:00+09:00,48450.0,48600.0,48350.0,48350.0,1246,0.0,0.0
2024-11-01 12:00:00+09:00,48350.0,48550.0,48350.0,48450.0,731,0.0,0.0
2024-11-01 12:05:00+09:00,48500.0,48500.0,48400.0,48400.0,396,0.0,0.0
2024-11-01 12:10:00+09:00,48450.0,48450.0,48400.0,48400.0,291,0.0,0.0
2024-11-01 12:15:00+09:00,48400.0,48450.0,48350.0,48350.0,1146,0.0,0.0
2024-11-01 12:20:00+09:00,48350.0,48400.0,48350.0,48350.0,501,0.0,0.0
2024-11-01 12:25:00+09:00,48350.0,48350.0,48300.0,48300.0,770,0.0,0.0
2024-11-01 12:30:00+09:00,48350.0,48450.0,48300.0,48450.0,532,0.0,0.0
2024-11-01 12:35:00+09:00,48350.0,48550.0,48350.0,48550.0,686,0.0,0.0
2024-11-01 12:40:00+09:00,48550.0,48600.0,48500.0,48500.0,319,0.0,0.0
2024-11-01 12:45:00+09:00,48500.0,48500.0,48400.0,48400.0,422,0.0,0.0
2024-11-01 12:50:00+09:00,48400.0,48450.0,48350.0,48400.0,590,0.0,0.0
2024-11-01 12:55:00+09:00,48400.0,48550.0,48400.0,48500.0,679,0.0,0.0
2024-11-01 13:00:00+09:00,48450.0,48550.0,48400.0,48450.0,305,0.0,0.0
2024-11-01 13:05:00+09:00,48450.0,48500.0,48400.0,48500.0,647,0.0,0.0
2024-11-01 13:10:00+09:00,48500.0,48550.0,48450.0,48450.0,457,0.0,0.0
2024-11-01 13:15:00+09:00,48450.0,48500.0,48400.0,48450.0,842,0.0,0.0
2024-11-01 13:20:00+09:00,48400.0,48450.0,48150.0,48150.0,3270,0.0,0.0
2024-11-01 13:25:00+09:00,48150.0,48250.0,48150.0,48200.0,530,0.0,0.0
2024-11-01 13:30:00+09:00,48150.0,48200.0,48150.0,48150.0,712,0.0,0.0
2024-11-01 13:35:00+09:00,48150.0,48200.0,48100.0,48150.0,928,0.0,0.0
2024-11-01 13:40:00+09:00,48100.0,48150.0,48100.0,48100.0,327,0.0,0.0
2024-11-01 13:45:00+09:00,48050.0,48150.0,48050.0,48100.0,1757,0.0,0.0
2024-11-01 13:50:00+09:00,48150.0,48200.0,48100.0,48150.0,597,0.0,0.0
2024-11-01 13:55:00+09:00,48100.0,48200.0,48000.0,48150.0,1912,0.0,0.0
2024-11-01 14:00:00+09:00,48150.0,48200.0,48100.0,48200.0,416,0.0,0.0
2024-11-01 14:05:00+09:00,48150.0,48200.0,48050.0,48100.0,630,0.0,0.0
2024-11-01 14:10:00+09:00,48150.0,48200.0,48050.0,48100.0,1961,0.0,0.0
2024-11-01 14:15:00+09:00,48100.0,48250.0,48100.0,48200.0,1077,0.0,0.0
2024-11-01 14:20:00+09:00,48200.0,48350.0,48150.0,48300.0,549,0.0,0.0
2024-11-01 14:25:00+09:00,48250.0,48300.0,48200.0,48200.0,379,0.0,0.0
2024-11-01 14:30:00+09:00,48200.0,48250.0,48200.0,48200.0,436,0.0,0.0
2024-11-01 14:35:00+09:00,48250.0,48300.0,48150.0,48250.0,981,0.0,0.0
2024-11-01 14:40:00+09:00,48250.0,48400.0,48200.0,48350.0,953,0.0,0.0
2024-11-01 14:45:00+09:00,48350.0,48350.0,48200.0,48200.0,547,0.0,0.0
2024-11-01 14:50:00+09:00,48250.0,48250.0,48150.0,48200.0,425,0.0,0.0
2024-11-01 14:55:00+09:00,48200.0,48300.0,48200.0,48200.0,723,0.0,0.0
