Datetime,Open,High,Low,Close,Volume,Dividends,Stock Splits
2024-10-02 09:00:00+09:00,5480.0,5480.0,5300.0,5300.0,0,0.0,0.0
2024-10-02 09:05:00+09:00,5320.0,5320.0,5320.0,5320.0,0,0.0,0.0
2024-10-02 09:10:00+09:00,5310.0,5320.0,5310.0,5320.0,31,0.0,0.0
2024-10-02 09:15:00+09:00,5300.0,5330.0,5300.0,5330.0,113,0.0,0.0
2024-10-02 09:20:00+09:00,5320.0,5320.0,5250.0,5260.0,495,0.0,0.0
2024-10-02 09:25:00+09:00,5240.0,5260.0,5240.0,5260.0,0,0.0,0.0
2024-10-02 09:35:00+09:00,5250.0,5280.0,5250.0,5280.0,167,0.0,0.0
2024-10-02 09:40:00+09:00,5280.0,5290.0,5280.0,5290.0,4,0.0,0.0
2024-10-02 09:45:00+09:00,5290.0,5290.0,5290.0,5290.0,1,0.0,0.0
2024-10-02 09:50:00+09:00,5290.0,5300.0,5260.0,5260.0,224,0.0,0.0
2024-10-02 09:55:00+09:00,5310.0,5310.0,5310.0,5310.0,468,0.0,0.0
2024-10-02 11:05:00+09:00,5290.0,5300.0,5290.0,5300.0,0,0.0,0.0
2024-10-02 11:55:00+09:00,5290.0,5290.0,5260.0,5290.0,427,0.0,0.0
2024-10-02 12:05:00+09:00,5290.0,5310.0,5290.0,5310.0,393,0.0,0.0
2024-10-02 12:40:00+09:00,5310.0,5310.0,5310.0,5310.0,0,0.0,0.0
2024-10-02 12:50:00+09:00,5310.0,5310.0,5310.0,5310.0,0,0.0,0.0
2024-10-02 12:55:00+09:00,5310.0,5310.0,5310.0,5310.0,27,0.0,0.0
2024-10-02 13:30:00+09:00,5300.0,5310.0,5300.0,5310.0,0,0.0,0.0
2024-10-02 14:45:00+09:00,5290.0,5310.0,5290.0,5310.0,50,0.0,0.0
2024-10-02 14:50:00+09:00,5300.0,5350.0,5300.0,5350.0,55,0.0,0.0
2024-10-04 09:00:00+09:00,5400.0,5400.0,5260.0,5280.0,0,0.0,0.0
2024-10-04 09:05:00+09:00,5250.0,5250.0,5240.0,5250.0,8,0.0,0.0
2024-10-04 09:10:00+09:00,5200.0,5200.0,5200.0,5200.0,20,0.0,0.0
2024-10-04 09:15:00+09:00,5200.0,5250.0,5200.0,5250.0,101,0.0,0.0
2024-10-04 09:20:00+09:00,5240.0,5250.0,5200.0,5250.0,92,0.0,0.0
2024-10-04 09:25:00+09:00,5250.0,5250.0,5250.0,5250.0,1,0.0,0.0
2024-10-04 09:40:00+09:00,5140.0,5140.0,5140.0,5140.0,0,0.0,0.0
2024-10-04 09:45:00+09:00,5200.0,5210.0,5200.0,5210.0,2562,0.0,0.0
2024-10-04 09:50:00+09:00,5140.0,5200.0,5130.0,5200.0,201,0.0,0.0
2024-10-04 10:10:00+09:00,5200.0,5200.0,5200.0,5200.0,20,0.0,0.0
2024-10-04 10:15:00+09:00,5130.0,5130.0,5130.0,5130.0,2,0.0,0.0
2024-10-04 10:30:00+09:00,5180.0,5180.0,5180.0,5180.0,5,0.0,0.0
2024-10-04 10:50:00+09:00,5180.0,5180.0,5180.0,5180.0,0,0.0,0.0
2024-10-04 11:20:00+09:00,5180.0,5190.0,5140.0,5190.0,14,0.0,0.0
2024-10-04 11:30:00+09:00,5190.0,5190.0,5190.0,5190.0,2,0.0,0.0
2024-10-04 11:40:00+09:00,5160.0,5160.0,5110.0,5110.0,1600,0.0,0.0
2024-10-04 11:45:00+09:00,5150.0,5150.0,5150.0,5150.0,181,0.0,0.0
2024-10-04 11:50:00+09:00,5160.0,5170.0,5160.0,5170.0,230,0.0,0.0
2024-10-04 11:55:00+09:00,5160.0,5200.0,5160.0,5200.0,153,0.0,0.0
2024-10-04 12:00:00+09:00,5200.0,5200.0,5200.0,5200.0,2,0.0,0.0
2024-10-04 12:10:00+09:00,5200.0,5200.0,5200.0,5200.0,102,0.0,0.0
2024-10-04 12:15:00+09:00,5200.0,5210.0,5200.0,5210.0,31,0.0,0.0
2024-10-04 12:25:00+09:00,5210.0,5210.0,5210.0,5210.0,198,0.0,0.0
2024-10-04 12:35:00+09:00,5210.0,5220.0,5210.0,5220.0,63,0.0,0.0
2024-10-04 12:45:00+09:00,5220.0,5220.0,5220.0,5220.0,199,0.0,0.0
2024-10-04 13:05:00+09:00,5220.0,5220.0,5220.0,5220.0,0,0.0,0.0
2024-10-04 13:30:00+09:00,5220.0,5220.0,5210.0,5220.0,3,0.0,0.0
2024-10-04 13:40:00+09:00,5220.0,5220.0,5210.0,5220.0,32,0.0,0.0
2024-10-04 13:50:00+09:00,5210.0,5210.0,5210.0,5210.0,4,0.0,0.0
2024-10-04 13:55:00+09:00,5220.0,5220.0,5220.0,5220.0,0,0.0,0.0
2024-10-04 14:05:00+09:00,5210.0,5220.0,5210.0,5220.0,155,0.0,0.0
2024-10-04 14:10:00+09:00,5210.0,5220.0,5210.0,5220.0,43,0.0,0.0
2024-10-04 14:30:00+09:00,5210.0,5220.0,5200.0,5220.0,80,0.0,0.0
2024-10-04 14:35:00+09:00,5200.0,5200.0,5200.0,5200.0,196,0.0,0.0
2024-10-04 14:40:00+09:00,5220.0,5220.0,5220.0,5220.0,0,0.0,0.0
2024-10-04 14:45:00+09:00,5210.0,5220.0,5210.0,5220.0,2,0.0,0.0
2024-10-04 14:50:00+09:00,5180.0,5210.0,5180.0,5210.0,3,0.0,0.0
2024-10-04 14:55:00+09:00,5210.0,5210.0,5210.0,5210.0,37,0.0,0.0
2024-10-07 09:00:00+09:00,5220.0,5220.0,5220.0,5220.0,0,0.0,0.0
2024-10-07 09:05:00+09:00,5220.0,5220.0,5220.0,5220.0,227,0.0,0.0
2024-10-07 09:10:00+09:00,5390.0,5390.0,5300.0,5300.0,0,0.0,0.0
2024-10-07 09:15:00+09:00,5300.0,5300.0,5220.0,5220.0,36,0.0,0.0
2024-10-07 09:20:00+09:00,5200.0,5200.0,5200.0,5200.0,166,0.0,0.0
2024-10-07 09:25:00+09:00,5200.0,5200.0,5200.0,5200.0,42,0.0,0.0
2024-10-07 09:30:00+09:00,5200.0,5270.0,5200.0,5270.0,64,0.0,0.0
2024-10-07 09:35:00+09:00,5270.0,5290.0,5270.0,5290.0,2,0.0,0.0
2024-10-07 09:50:00+09:00,5250.0,5250.0,5250.0,5250.0,2,0.0,0.0
2024-10-07 09:55:00+09:00,5250.0,5250.0,5250.0,5250.0,11,0.0,0.0
2024-10-07 10:05:00+09:00,5270.0,5270.0,5240.0,5240.0,86,0.0,0.0
2024-10-07 10:20:00+09:00,5230.0,5240.0,5230.0,5240.0,2,0.0,0.0
2024-10-07 10:35:00+09:00,5240.0,5240.0,5230.0,5240.0,4,0.0,0.0
2024-10-07 10:40:00+09:00,5230.0,5230.0,5230.0,5230.0,20,0.0,0.0
2024-10-07 10:45:00+09:00,5240.0,5240.0,5240.0,5240.0,0,0.0,0.0
2024-10-07 11:15:00+09:00,5240.0,5240.0,5240.0,5240.0,19,0.0,0.0
2024-10-07 11:35:00+09:00,5240.0,5240.0,5240.0,5240.0,352,0.0,0.0
2024-10-07 11:40:00+09:00,5230.0,5230.0,5230.0,5230.0,0,0.0,0.0
2024-10-07 11:45:00+09:00,5220.0,5220.0,5220.0,5220.0,0,0.0,0.0
2024-10-07 11:55:00+09:00,5220.0,5220.0,5200.0,5200.0,39,0.0,0.0
2024-10-07 12:10:00+09:00,5210.0,5210.0,5210.0,5210.0,1,0.0,0.0
2024-10-07 12:50:00+09:00,5210.0,5210.0,5210.0,5210.0,2,0.0,0.0
2024-10-07 13:00:00+09:00,5210.0,5210.0,5210.0,5210.0,1,0.0,0.0
2024-10-07 13:10:00+09:00,5200.0,5200.0,5170.0,5170.0,51,0.0,0.0
2024-10-07 13:15:00+09:00,5200.0,5210.0,5200.0,5210.0,0,0.0,0.0
2024-10-07 13:25:00+09:00,5170.0,5200.0,5150.0,5150.0,26,0.0,0.0
2024-10-07 13:35:00+09:00,5200.0,5210.0,5200.0,5210.0,2,0.0,0.0
2024-10-07 14:10:00+09:00,5200.0,5210.0,5200.0,5210.0,3,0.0,0.0
2024-10-07 14:15:00+09:00,5200.0,5210.0,5200.0,5210.0,2,0.0,0.0
2024-10-07 14:25:00+09:00,5200.0,5210.0,5200.0,5210.0,1,0.0,0.0
2024-10-07 14:50:00+09:00,5150.0,5150.0,5150.0,5150.0,705,0.0,0.0
2024-10-07 14:55:00+09:00,5200.0,5200.0,5200.0,5200.0,0,0.0,0.0
2024-10-08 09:00:00+09:00,5400.0,5400.0,5280.0,5290.0,51,0.0,0.0
2024-10-08 09:05:00+09:00,5280.0,5290.0,5210.0,5210.0,30,0.0,0.0
2024-10-08 09:10:00+09:00,5240.0,5240.0,5240.0,5240.0,1,0.0,0.0
2024-10-08 09:40:00+09:00,5230.0,5230.0,5220.0,5230.0,64,0.0,0.0
2024-10-08 09:45:00+09:00,5220.0,5220.0,5220.0,5220.0,90,0.0,0.0
2024-10-08 09:50:00+09:00,5230.0,5230.0,5230.0,5230.0,1,0.0,0.0
2024-10-08 09:55:00+09:00,5220.0,5230.0,5220.0,5230.0,352,0.0,0.0
2024-10-08 10:05:00+09:00,5200.0,5200.0,5200.0,5200.0,555,0.0,0.0
2024-10-08 10:10:00+09:00,5220.0,5220.0,5220.0,5220.0,1,0.0,0.0
2024-10-08 10:50:00+09:00,5200.0,5200.0,5200.0,5200.0,71,0.0,0.0
2024-10-08 11:20:00+09:00,5160.0,5160.0,5140.0,5140.0,138,0.0,0.0
2024-10-08 11:25:00+09:00,5170.0,5180.0,5170.0,5180.0,0,0.0,0.0
2024-10-08 11:40:00+09:00,5160.0,5160.0,5160.0,5160.0,400,0.0,0.0
2024-10-08 11:55:00+09:00,5160.0,5160.0,5160.0,5160.0,0,0.0,0.0
2024-10-08 12:25:00+09:00,5160.0,5170.0,5160.0,5170.0,0,0.0,0.0
2024-10-08 12:35:00+09:00,5170.0,5170.0,5170.0,5170.0,83,0.0,0.0
2024-10-08 12:55:00+09:00,5180.0,5180.0,5180.0,5180.0,77,0.0,0.0
2024-10-08 13:20:00+09:00,5180.0,5180.0,5180.0,5180.0,1,0.0,0.0
2024-10-08 13:25:00+09:00,5200.0,5200.0,5200.0,5200.0,2,0.0,0.0
2024-10-08 13:40:00+09:00,5180.0,5180.0,5180.0,5180.0,149,0.0,0.0
2024-10-08 13:45:00+09:00,5200.0,5200.0,5200.0,5200.0,0,0.0,0.0
2024-10-08 14:25:00+09:00,5190.0,5190.0,5190.0,5190.0,1,0.0,0.0
2024-10-08 14:30:00+09:00,5180.0,5190.0,5180.0,5190.0,35,0.0,0.0
2024-10-08 14:35:00+09:00,5200.0,5200.0,5200.0,5200.0,3,0.0,0.0
2024-10-08 14:45:00+09:00,5200.0,5200.0,5200.0,5200.0,11,0.0,0.0
2024-10-10 09:00:00+09:00,5140.0,5250.0,5140.0,5250.0,0,0.0,0.0
2024-10-10 09:05:00+09:00,5230.0,5230.0,5230.0,5230.0,64,0.0,0.0
2024-10-10 09:15:00+09:00,5170.0,5190.0,5170.0,5190.0,2,0.0,0.0
2024-10-10 09:20:00+09:00,5190.0,5220.0,5190.0,5220.0,73,0.0,0.0
2024-10-10 09:30:00+09:00,5190.0,5190.0,5190.0,5190.0,6,0.0,0.0
2024-10-10 09:35:00+09:00,5200.0,5200.0,5190.0,5190.0,101,0.0,0.0
2024-10-10 09:40:00+09:00,5170.0,5170.0,5170.0,5170.0,99,0.0,0.0
2024-10-10 09:45:00+09:00,5160.0,5160.0,5160.0,5160.0,0,0.0,0.0
2024-10-10 09:50:00+09:00,5170.0,5180.0,5170.0,5180.0,9,0.0,0.0
2024-10-10 10:00:00+09:00,5160.0,5170.0,5160.0,5170.0,31,0.0,0.0
2024-10-10 10:10:00+09:00,5170.0,5180.0,5170.0,5180.0,5,0.0,0.0
2024-10-10 10:15:00+09:00,5180.0,5180.0,5100.0,5120.0,309,0.0,0.0
2024-10-10 10:20:00+09:00,5120.0,5120.0,5120.0,5120.0,3,0.0,0.0
2024-10-10 10:50:00+09:00,5120.0,5120.0,5120.0,5120.0,674,0.0,0.0
2024-10-10 11:05:00+09:00,5110.0,5110.0,5110.0,5110.0,0,0.0,0.0
2024-10-10 11:20:00+09:00,5110.0,5110.0,5110.0,5110.0,0,0.0,0.0
2024-10-10 11:35:00+09:00,5110.0,5110.0,5110.0,5110.0,1,0.0,0.0
2024-10-10 12:10:00+09:00,5110.0,5110.0,5110.0,5110.0,2,0.0,0.0
2024-10-10 12:15:00+09:00,5110.0,5110.0,5110.0,5110.0,3,0.0,0.0
2024-10-10 12:45:00+09:00,5100.0,5110.0,5100.0,5110.0,74,0.0,0.0
2024-10-10 13:00:00+09:00,5110.0,5110.0,5100.0,5100.0,125,0.0,0.0
2024-10-10 13:05:00+09:00,5110.0,5110.0,5110.0,5110.0,1,0.0,0.0
2024-10-10 13:35:00+09:00,5110.0,5110.0,5110.0,5110.0,704,0.0,0.0
2024-10-10 14:00:00+09:00,5110.0,5110.0,5080.0,5110.0,0,0.0,0.0
2024-10-10 14:05:00+09:00,5080.0,5110.0,5080.0,5110.0,14,0.0,0.0
2024-10-10 14:20:00+09:00,5110.0,5110.0,5110.0,5110.0,20,0.0,0.0
2024-10-10 14:35:00+09:00,5100.0,5100.0,5100.0,5100.0,2,0.0,0.0
2024-10-10 14:40:00+09:00,5100.0,5100.0,5100.0,5100.0,0,0.0,0.0
2024-10-10 14:50:00+09:00,5080.0,5100.0,5080.0,5100.0,17,0.0,0.0
2024-10-11 09:00:00+09:00,5100.0,5100.0,5100.0,5100.0,3,0.0,0.0
2024-10-11 09:05:00+09:00,5030.0,5090.0,5030.0,5090.0,31,0.0,0.0
2024-10-11 09:10:00+09:00,5020.0,5020.0,5020.0,5020.0,120,0.0,0.0
2024-10-11 09:15:00+09:00,5020.0,5020.0,5000.0,5000.0,427,0.0,0.0
2024-10-11 09:20:00+09:00,5000.0,5000.0,4985.0,4985.0,558,0.0,0.0
2024-10-11 09:25:00+09:00,4975.0,4975.0,4895.0,4895.0,1759,0.0,0.0
2024-10-11 09:30:00+09:00,4900.0,4985.0,4895.0,4985.0,5,0.0,0.0
2024-10-11 09:35:00+09:00,4985.0,5050.0,4985.0,5050.0,506,0.0,0.0
2024-10-11 09:40:00+09:00,5030.0,5040.0,5030.0,5040.0,102,0.0,0.0
2024-10-11 09:45:00+09:00,5040.0,5040.0,5040.0,5040.0,49,0.0,0.0
2024-10-11 09:50:00+09:00,5050.0,5050.0,5050.0,5050.0,0,0.0,0.0
2024-10-11 10:15:00+09:00,5040.0,5040.0,5040.0,5040.0,2,0.0,0.0
2024-10-11 10:35:00+09:00,4980.0,4980.0,4980.0,4980.0,99,0.0,0.0
2024-10-11 11:00:00+09:00,4980.0,4980.0,4980.0,4980.0,13,0.0,0.0
2024-10-11 11:05:00+09:00,5020.0,5020.0,4980.0,5020.0,33,0.0,0.0
2024-10-11 11:30:00+09:00,5010.0,5020.0,5010.0,5020.0,18,0.0,0.0
2024-10-11 11:55:00+09:00,5000.0,5000.0,5000.0,5000.0,0,0.0,0.0
2024-10-11 12:05:00+09:00,5000.0,5000.0,4980.0,4980.0,644,0.0,0.0
2024-10-11 12:20:00+09:00,5010.0,5010.0,5010.0,5010.0,0,0.0,0.0
2024-10-11 12:40:00+09:00,4985.0,5010.0,4980.0,5010.0,381,0.0,0.0
2024-10-11 12:45:00+09:00,5010.0,5010.0,5010.0,5010.0,10,0.0,0.0
2024-10-11 12:50:00+09:00,5010.0,5010.0,5010.0,5010.0,5,0.0,0.0
2024-10-11 13:00:00+09:00,5010.0,5020.0,5010.0,5020.0,95,0.0,0.0
2024-10-11 13:20:00+09:00,5020.0,5020.0,5020.0,5020.0,2,0.0,0.0
2024-10-11 13:25:00+09:00,5010.0,5010.0,4900.0,5010.0,40,0.0,0.0
2024-10-11 13:35:00+09:00,5010.0,5020.0,5010.0,5020.0,7,0.0,0.0
2024-10-11 13:55:00+09:00,5000.0,5010.0,5000.0,5010.0,5,0.0,0.0
2024-10-11 14:10:00+09:00,4925.0,5010.0,4925.0,5010.0,1,0.0,0.0
2024-10-11 14:35:00+09:00,4920.0,4960.0,4905.0,4950.0,76,0.0,0.0
2024-10-11 14:40:00+09:00,4945.0,4970.0,4945.0,4970.0,6,0.0,0.0
2024-10-11 14:50:00+09:00,4965.0,4970.0,4965.0,4970.0,2,0.0,0.0
2024-10-11 14:55:00+09:00,4970.0,4970.0,4970.0,4970.0,2,0.0,0.0
2024-10-14 09:00:00+09:00,4725.0,4895.0,4725.0,4850.0,0,0.0,0.0
2024-10-14 09:05:00+09:00,4820.0,4865.0,4800.0,4865.0,454,0.0,0.0
2024-10-14 09:10:00+09:00,4845.0,4850.0,4845.0,4850.0,0,0.0,0.0
2024-10-14 09:20:00+09:00,4865.0,4865.0,4865.0,4865.0,13,0.0,0.0
2024-10-14 09:25:00+09:00,4890.0,4890.0,4860.0,4860.0,18,0.0,0.0
2024-10-14 09:30:00+09:00,4860.0,4860.0,4810.0,4815.0,80,0.0,0.0
2024-10-14 09:40:00+09:00,4815.0,4815.0,4810.0,4810.0,165,0.0,0.0
2024-10-14 09:45:00+09:00,4810.0,4810.0,4800.0,4800.0,359,0.0,0.0
2024-10-14 09:50:00+09:00,4800.0,4800.0,4800.0,4800.0,16,0.0,0.0
2024-10-14 10:25:00+09:00,4800.0,4800.0,4800.0,4800.0,400,0.0,0.0
2024-10-14 10:55:00+09:00,4820.0,4820.0,4820.0,4820.0,0,0.0,0.0
2024-10-14 11:00:00+09:00,4820.0,4820.0,4820.0,4820.0,8,0.0,0.0
2024-10-14 11:05:00+09:00,4825.0,4825.0,4725.0,4725.0,981,0.0,0.0
2024-10-14 11:10:00+09:00,4725.0,4730.0,4725.0,4725.0,588,0.0,0.0
2024-10-14 11:15:00+09:00,4735.0,4780.0,4705.0,4780.0,435,0.0,0.0
2024-10-14 11:20:00+09:00,4710.0,4760.0,4690.0,4760.0,429,0.0,0.0
2024-10-14 11:40:00+09:00,4710.0,4745.0,4710.0,4745.0,7,0.0,0.0
2024-10-14 11:45:00+09:00,4730.0,4745.0,4675.0,4745.0,1408,0.0,0.0
2024-10-14 11:50:00+09:00,4745.0,4745.0,4745.0,4745.0,2,0.0,0.0
2024-10-14 12:20:00+09:00,4735.0,4740.0,4735.0,4740.0,13,0.0,0.0
2024-10-14 12:30:00+09:00,4740.0,4740.0,4740.0,4740.0,3,0.0,0.0
2024-10-14 12:40:00+09:00,4740.0,4740.0,4740.0,4740.0,1,0.0,0.0
2024-10-14 12:45:00+09:00,4705.0,4740.0,4695.0,4735.0,709,0.0,0.0
2024-10-14 12:50:00+09:00,4735.0,4735.0,4735.0,4735.0,3,0.0,0.0
2024-10-14 12:55:00+09:00,4735.0,4735.0,4735.0,4735.0,0,0.0,0.0
2024-10-14 13:05:00+09:00,4720.0,4720.0,4720.0,4720.0,1,0.0,0.0
2024-10-14 13:10:00+09:00,4725.0,4725.0,4725.0,4725.0,2,0.0,0.0
2024-10-14 13:20:00+09:00,4725.0,4725.0,4725.0,4725.0,1,0.0,0.0
2024-10-14 13:35:00+09:00,4725.0,4725.0,4725.0,4725.0,5,0.0,0.0
2024-10-14 13:45:00+09:00,4700.0,4700.0,4680.0,4685.0,1076,0.0,0.0
2024-10-14 13:50:00+09:00,4685.0,4685.0,4685.0,4685.0,30,0.0,0.0
2024-10-14 13:55:00+09:00,4685.0,4690.0,4685.0,4690.0,6,0.0,0.0
2024-10-14 14:00:00+09:00,4690.0,4690.0,4690.0,4690.0,162,0.0,0.0
2024-10-14 14:05:00+09:00,4690.0,4690.0,4680.0,4680.0,23,0.0,0.0
2024-10-14 14:10:00+09:00,4690.0,4690.0,4690.0,4690.0,0,0.0,0.0
2024-10-14 14:15:00+09:00,4680.0,4690.0,4680.0,4690.0,20,0.0,0.0
2024-10-14 14:20:00+09:00,4685.0,4690.0,4680.0,4690.0,5,0.0,0.0
2024-10-14 14:25:00+09:00,4690.0,4690.0,4690.0,4690.0,12,0.0,0.0
2024-10-14 14:30:00+09:00,4690.0,4690.0,4690.0,4690.0,9,0.0,0.0
2024-10-14 14:35:00+09:00,4690.0,4710.0,4690.0,4710.0,220,0.0,0.0
2024-10-14 14:40:00+09:00,4710.0,4720.0,4710.0,4720.0,308,0.0,0.0
2024-10-14 14:50:00+09:00,4715.0,4720.0,4715.0,4720.0,33,0.0,0.0
2024-10-15 09:00:00+09:00,4725.0,4725.0,4680.0,4680.0,634,0.0,0.0
2024-10-15 09:05:00+09:00,4725.0,4725.0,4715.0,4725.0,241,0.0,0.0
2024-10-15 09:10:00+09:00,4725.0,4725.0,4715.0,4725.0,0,0.0,0.0
2024-10-15 09:15:00+09:00,4725.0,4725.0,4725.0,4725.0,1,0.0,0.0
2024-10-15 09:25:00+09:00,4715.0,4730.0,4715.0,4730.0,2678,0.0,0.0
2024-10-15 09:30:00+09:00,4730.0,4885.0,4730.0,4885.0,518,0.0,0.0
2024-10-15 09:35:00+09:00,4805.0,5190.0,4805.0,4910.0,9903,0.0,0.0
2024-10-15 09:40:00+09:00,4910.0,4910.0,4695.0,4725.0,5560,0.0,0.0
2024-10-15 09:45:00+09:00,4690.0,4690.0,4640.0,4640.0,2351,0.0,0.0
2024-10-15 09:50:00+09:00,4685.0,4885.0,4685.0,4885.0,1400,0.0,0.0
2024-10-15 09:55:00+09:00,4795.0,4880.0,4715.0,4775.0,3510,0.0,0.0
2024-10-15 10:00:00+09:00,4750.0,4775.0,4750.0,4775.0,1181,0.0,0.0
2024-10-15 10:05:00+09:00,4770.0,4770.0,4770.0,4770.0,0,0.0,0.0
2024-10-15 10:10:00+09:00,4770.0,4770.0,4770.0,4770.0,57,0.0,0.0
2024-10-15 10:20:00+09:00,4720.0,4720.0,4720.0,4720.0,5,0.0,0.0
2024-10-15 10:25:00+09:00,4720.0,4720.0,4680.0,4680.0,942,0.0,0.0
2024-10-15 10:30:00+09:00,4690.0,4690.0,4675.0,4675.0,0,0.0,0.0
2024-10-15 10:35:00+09:00,4720.0,4750.0,4685.0,4745.0,12,0.0,0.0
2024-10-15 10:40:00+09:00,4745.0,4750.0,4690.0,4750.0,5,0.0,0.0
2024-10-15 11:05:00+09:00,4705.0,4730.0,4675.0,4730.0,1586,0.0,0.0
2024-10-15 11:10:00+09:00,4675.0,4725.0,4670.0,4725.0,34,0.0,0.0
2024-10-15 12:15:00+09:00,4705.0,4710.0,4705.0,4710.0,1059,0.0,0.0
2024-10-15 12:35:00+09:00,4675.0,4705.0,4675.0,4705.0,3,0.0,0.0
2024-10-15 12:40:00+09:00,4680.0,4705.0,4675.0,4705.0,101,0.0,0.0
2024-10-15 12:45:00+09:00,4700.0,4705.0,4675.0,4705.0,5,0.0,0.0
2024-10-15 12:50:00+09:00,4680.0,4685.0,4680.0,4685.0,2,0.0,0.0
2024-10-15 12:55:00+09:00,4675.0,4675.0,4670.0,4670.0,267,0.0,0.0
2024-10-15 13:00:00+09:00,4670.0,4670.0,4665.0,4670.0,496,0.0,0.0
2024-10-15 13:05:00+09:00,4660.0,4670.0,4655.0,4670.0,132,0.0,0.0
2024-10-15 13:10:00+09:00,4670.0,4690.0,4670.0,4690.0,838,0.0,0.0
2024-10-15 13:15:00+09:00,4705.0,4705.0,4705.0,4705.0,0,0.0,0.0
2024-10-15 13:20:00+09:00,4700.0,4705.0,4700.0,4705.0,3,0.0,0.0
2024-10-15 13:35:00+09:00,4680.0,4705.0,4680.0,4705.0,3,0.0,0.0
2024-10-15 13:45:00+09:00,4685.0,4685.0,4685.0,4685.0,2,0.0,0.0
2024-10-15 13:50:00+09:00,4705.0,4705.0,4705.0,4705.0,1,0.0,0.0
2024-10-15 14:15:00+09:00,4690.0,4695.0,4690.0,4695.0,98,0.0,0.0
2024-10-15 14:20:00+09:00,4700.0,4700.0,4700.0,4700.0,0,0.0,0.0
2024-10-15 14:25:00+09:00,4700.0,4700.0,4700.0,4700.0,1,0.0,0.0
2024-10-15 14:35:00+09:00,4680.0,4680.0,4680.0,4680.0,9,0.0,0.0
2024-10-15 14:40:00+09:00,4680.0,4680.0,4680.0,4680.0,400,0.0,0.0
2024-10-15 14:45:00+09:00,4700.0,4700.0,4700.0,4700.0,0,0.0,0.0
2024-10-15 14:50:00+09:00,4685.0,4685.0,4685.0,4685.0,1,0.0,0.0
2024-10-15 14:55:00+09:00,4685.0,4685.0,4685.0,4685.0,11,0.0,0.0
2024-10-16 09:00:00+09:00,4880.0,4900.0,4745.0,4790.0,944,0.0,0.0
2024-10-16 09:05:00+09:00,4745.0,4745.0,4745.0,4745.0,15,0.0,0.0
2024-10-16 09:10:00+09:00,4745.0,4745.0,4675.0,4675.0,963,0.0,0.0
2024-10-16 09:15:00+09:00,4675.0,4710.0,4675.0,4675.0,1467,0.0,0.0
2024-10-16 09:25:00+09:00,4655.0,4655.0,4635.0,4635.0,1902,0.0,0.0
2024-10-16 09:30:00+09:00,4635.0,4635.0,4610.0,4610.0,526,0.0,0.0
2024-10-16 09:35:00+09:00,4635.0,4635.0,4635.0,4635.0,914,0.0,0.0
2024-10-16 09:45:00+09:00,4635.0,4635.0,4635.0,4635.0,71,0.0,0.0
2024-10-16 10:05:00+09:00,4675.0,4735.0,4675.0,4735.0,6,0.0,0.0
2024-10-16 10:20:00+09:00,4725.0,4725.0,4680.0,4680.0,3,0.0,0.0
2024-10-16 10:30:00+09:00,4725.0,4725.0,4725.0,4725.0,1,0.0,0.0
2024-10-16 10:40:00+09:00,4710.0,4725.0,4710.0,4725.0,3,0.0,0.0
2024-10-16 10:50:00+09:00,4680.0,4700.0,4680.0,4700.0,82,0.0,0.0
2024-10-16 10:55:00+09:00,4680.0,4695.0,4650.0,4650.0,140,0.0,0.0
2024-10-16 11:00:00+09:00,4680.0,4690.0,4650.0,4685.0,0,0.0,0.0
2024-10-16 11:05:00+09:00,4650.0,4665.0,4645.0,4665.0,67,0.0,0.0
2024-10-16 11:15:00+09:00,4645.0,4645.0,4645.0,4645.0,13,0.0,0.0
2024-10-16 11:20:00+09:00,4635.0,4655.0,4635.0,4655.0,21,0.0,0.0
2024-10-16 11:25:00+09:00,4655.0,4655.0,4655.0,4655.0,130,0.0,0.0
2024-10-16 11:30:00+09:00,4635.0,4665.0,4635.0,4665.0,0,0.0,0.0
2024-10-16 11:40:00+09:00,4640.0,4665.0,4640.0,4665.0,932,0.0,0.0
2024-10-16 12:00:00+09:00,4665.0,4665.0,4665.0,4665.0,257,0.0,0.0
2024-10-16 12:10:00+09:00,4675.0,4680.0,4675.0,4680.0,0,0.0,0.0
2024-10-16 12:30:00+09:00,4680.0,4680.0,4680.0,4680.0,1,0.0,0.0
2024-10-16 12:40:00+09:00,4645.0,4680.0,4645.0,4680.0,2,0.0,0.0
2024-10-16 12:45:00+09:00,4680.0,4680.0,4680.0,4680.0,20,0.0,0.0
2024-10-16 12:50:00+09:00,4645.0,4645.0,4645.0,4645.0,0,0.0,0.0
2024-10-16 12:55:00+09:00,4675.0,4675.0,4675.0,4675.0,2,0.0,0.0
2024-10-16 13:15:00+09:00,4675.0,4675.0,4675.0,4675.0,3,0.0,0.0
2024-10-16 13:25:00+09:00,4675.0,4675.0,4675.0,4675.0,8,0.0,0.0
2024-10-16 13:30:00+09:00,4675.0,4675.0,4675.0,4675.0,5,0.0,0.0
2024-10-16 14:00:00+09:00,4675.0,4675.0,4675.0,4675.0,0,0.0,0.0
2024-10-16 14:10:00+09:00,4675.0,4680.0,4675.0,4680.0,190,0.0,0.0
2024-10-16 14:15:00+09:00,4645.0,4675.0,4645.0,4675.0,0,0.0,0.0
2024-10-16 14:20:00+09:00,4675.0,4680.0,4675.0,4680.0,16,0.0,0.0
2024-10-16 14:50:00+09:00,4675.0,4675.0,4645.0,4645.0,14,0.0,0.0
2024-10-17 09:00:00+09:00,4670.0,4895.0,4640.0,4640.0,854,0.0,0.0
2024-10-17 09:05:00+09:00,4745.0,4745.0,4715.0,4730.0,246,0.0,0.0
2024-10-17 09:20:00+09:00,4655.0,4720.0,4650.0,4720.0,72,0.0,0.0
2024-10-17 09:25:00+09:00,4690.0,4690.0,4690.0,4690.0,20,0.0,0.0
2024-10-17 09:40:00+09:00,4680.0,4690.0,4680.0,4690.0,146,0.0,0.0
2024-10-17 09:50:00+09:00,4710.0,4710.0,4710.0,4710.0,0,0.0,0.0
2024-10-17 09:55:00+09:00,4710.0,4710.0,4670.0,4670.0,146,0.0,0.0
2024-10-17 10:15:00+09:00,4705.0,4705.0,4705.0,4705.0,0,0.0,0.0
2024-10-17 10:20:00+09:00,4710.0,4710.0,4710.0,4710.0,7,0.0,0.0
2024-10-17 11:10:00+09:00,4690.0,4690.0,4665.0,4665.0,298,0.0,0.0
2024-10-17 11:15:00+09:00,4690.0,4690.0,4690.0,4690.0,0,0.0,0.0
2024-10-17 11:20:00+09:00,4690.0,4700.0,4690.0,4700.0,14,0.0,0.0
2024-10-17 11:25:00+09:00,4665.0,4700.0,4665.0,4700.0,21,0.0,0.0
2024-10-17 11:30:00+09:00,4670.0,4670.0,4665.0,4665.0,27,0.0,0.0
2024-10-17 11:55:00+09:00,4665.0,4665.0,4660.0,4660.0,208,0.0,0.0
2024-10-17 12:30:00+09:00,4665.0,4665.0,4665.0,4665.0,0,0.0,0.0
2024-10-17 13:00:00+09:00,4665.0,4695.0,4660.0,4660.0,3089,0.0,0.0
2024-10-17 13:30:00+09:00,4665.0,4665.0,4660.0,4660.0,0,0.0,0.0
2024-10-17 13:40:00+09:00,4660.0,4660.0,4660.0,4660.0,218,0.0,0.0
2024-10-17 14:00:00+09:00,4650.0,4650.0,4650.0,4650.0,0,0.0,0.0
2024-10-17 14:10:00+09:00,4650.0,4650.0,4650.0,4650.0,153,0.0,0.0
2024-10-17 14:20:00+09:00,4650.0,4650.0,4650.0,4650.0,109,0.0,0.0
2024-10-17 14:25:00+09:00,4650.0,4650.0,4650.0,4650.0,200,0.0,0.0
2024-10-17 14:40:00+09:00,4650.0,4650.0,4645.0,4645.0,200,0.0,0.0
2024-10-17 14:45:00+09:00,4645.0,4645.0,4645.0,4645.0,4,0.0,0.0
2024-10-17 14:55:00+09:00,4645.0,4645.0,4640.0,4645.0,162,0.0,0.0
2024-10-18 09:00:00+09:00,4710.0,4710.0,4630.0,4635.0,757,0.0,0.0
2024-10-18 09:10:00+09:00,4635.0,4635.0,4630.0,4630.0,2337,0.0,0.0
2024-10-18 09:25:00+09:00,4630.0,4630.0,4630.0,4630.0,0,0.0,0.0
2024-10-18 09:45:00+09:00,4630.0,4650.0,4630.0,4650.0,9,0.0,0.0
2024-10-18 09:50:00+09:00,4650.0,4655.0,4650.0,4655.0,12,0.0,0.0
2024-10-18 09:55:00+09:00,4655.0,4655.0,4655.0,4655.0,10,0.0,0.0
2024-10-18 10:05:00+09:00,4650.0,4650.0,4650.0,4650.0,4,0.0,0.0
2024-10-18 10:10:00+09:00,4655.0,4655.0,4655.0,4655.0,8,0.0,0.0
2024-10-18 10:15:00+09:00,4655.0,4655.0,4655.0,4655.0,3,0.0,0.0
2024-10-18 10:20:00+09:00,4650.0,4650.0,4650.0,4650.0,11,0.0,0.0
2024-10-18 10:25:00+09:00,4655.0,4655.0,4655.0,4655.0,0,0.0,0.0
2024-10-18 10:40:00+09:00,4650.0,4655.0,4650.0,4655.0,3,0.0,0.0
2024-10-18 10:50:00+09:00,4655.0,4655.0,4655.0,4655.0,0,0.0,0.0
2024-10-18 11:10:00+09:00,4640.0,4650.0,4615.0,4650.0,1227,0.0,0.0
2024-10-18 11:20:00+09:00,4650.0,4655.0,4650.0,4655.0,34,0.0,0.0
2024-10-18 12:00:00+09:00,4620.0,4620.0,4620.0,4620.0,64,0.0,0.0
2024-10-18 12:25:00+09:00,4650.0,4650.0,4620.0,4620.0,1352,0.0,0.0
2024-10-18 12:30:00+09:00,4650.0,4650.0,4650.0,4650.0,0,0.0,0.0
2024-10-18 12:50:00+09:00,4620.0,4620.0,4620.0,4620.0,5,0.0,0.0
2024-10-18 12:55:00+09:00,4650.0,4650.0,4650.0,4650.0,0,0.0,0.0
2024-10-18 13:40:00+09:00,4625.0,4625.0,4625.0,4625.0,9,0.0,0.0
2024-10-18 13:45:00+09:00,4620.0,4620.0,4620.0,4620.0,201,0.0,0.0
2024-10-18 13:50:00+09:00,4640.0,4640.0,4640.0,4640.0,0,0.0,0.0
2024-10-18 14:00:00+09:00,4640.0,4640.0,4640.0,4640.0,1,0.0,0.0
2024-10-18 14:10:00+09:00,4640.0,4640.0,4640.0,4640.0,1,0.0,0.0
2024-10-18 14:20:00+09:00,4640.0,4640.0,4620.0,4620.0,1751,0.0,0.0
2024-10-18 14:25:00+09:00,4640.0,4640.0,4640.0,4640.0,0,0.0,0.0
2024-10-18 14:40:00+09:00,4620.0,4620.0,4620.0,4620.0,1893,0.0,0.0
2024-10-18 14:45:00+09:00,4635.0,4635.0,4605.0,4635.0,0,0.0,0.0
2024-10-18 14:55:00+09:00,4605.0,4630.0,4600.0,4630.0,43,0.0,0.0
2024-10-21 09:00:00+09:00,4590.0,4590.0,4555.0,4555.0,0,0.0,0.0
2024-10-21 09:05:00+09:00,4590.0,4590.0,4555.0,4555.0,10,0.0,0.0
2024-10-21 09:10:00+09:00,4560.0,4580.0,4555.0,4580.0,83,0.0,0.0
2024-10-21 09:15:00+09:00,4580.0,4585.0,4580.0,4585.0,161,0.0,0.0
2024-10-21 09:20:00+09:00,4585.0,4595.0,4585.0,4595.0,0,0.0,0.0
2024-10-21 10:05:00+09:00,4595.0,4595.0,4595.0,4595.0,1,0.0,0.0
2024-10-21 10:10:00+09:00,4565.0,4595.0,4565.0,4595.0,2,0.0,0.0
2024-10-21 10:20:00+09:00,4595.0,4595.0,4595.0,4595.0,43,0.0,0.0
2024-10-21 10:50:00+09:00,4595.0,4595.0,4595.0,4595.0,0,0.0,0.0
2024-10-21 10:55:00+09:00,4595.0,4595.0,4595.0,4595.0,2,0.0,0.0
2024-10-21 11:15:00+09:00,4565.0,4595.0,4565.0,4595.0,0,0.0,0.0
2024-10-21 11:20:00+09:00,4595.0,4595.0,4595.0,4595.0,12,0.0,0.0
2024-10-21 12:15:00+09:00,4595.0,4595.0,4595.0,4595.0,0,0.0,0.0
2024-10-21 12:20:00+09:00,4595.0,4595.0,4595.0,4595.0,4,0.0,0.0
2024-10-21 12:50:00+09:00,4585.0,4585.0,4585.0,4585.0,1,0.0,0.0
2024-10-21 12:55:00+09:00,4585.0,4585.0,4585.0,4585.0,92,0.0,0.0
2024-10-21 13:00:00+09:00,4590.0,4590.0,4590.0,4590.0,0,0.0,0.0
2024-10-21 13:15:00+09:00,4590.0,4590.0,4590.0,4590.0,1,0.0,0.0
2024-10-21 13:25:00+09:00,4590.0,4590.0,4590.0,4590.0,20,0.0,0.0
2024-10-21 13:30:00+09:00,4595.0,4595.0,4590.0,4590.0,30,0.0,0.0
2024-10-21 13:35:00+09:00,4590.0,4590.0,4590.0,4590.0,1,0.0,0.0
2024-10-21 13:40:00+09:00,4590.0,4590.0,4590.0,4590.0,2,0.0,0.0
2024-10-21 13:50:00+09:00,4590.0,4590.0,4590.0,4590.0,1,0.0,0.0
2024-10-22 09:00:00+09:00,4535.0,4780.0,4535.0,4780.0,832,0.0,0.0
2024-10-22 09:05:00+09:00,4755.0,4755.0,4545.0,4555.0,284,0.0,0.0
2024-10-22 09:10:00+09:00,4555.0,4555.0,4555.0,4555.0,286,0.0,0.0
2024-10-22 09:15:00+09:00,4555.0,4555.0,4555.0,4555.0,22,0.0,0.0
2024-10-22 09:20:00+09:00,4555.0,4600.0,4555.0,4600.0,35,0.0,0.0
2024-10-22 09:30:00+09:00,4595.0,4595.0,4590.0,4595.0,8,0.0,0.0
2024-10-22 09:35:00+09:00,4590.0,4600.0,4585.0,4600.0,6,0.0,0.0
2024-10-22 09:40:00+09:00,4600.0,4600.0,4585.0,4585.0,304,0.0,0.0
2024-10-22 09:45:00+09:00,4585.0,4585.0,4580.0,4580.0,36,0.0,0.0
2024-10-22 09:50:00+09:00,4580.0,4580.0,4580.0,4580.0,1,0.0,0.0
2024-10-22 09:55:00+09:00,4570.0,4570.0,4550.0,4550.0,182,0.0,0.0
2024-10-22 10:00:00+09:00,4545.0,4570.0,4540.0,4570.0,214,0.0,0.0
2024-10-22 10:10:00+09:00,4570.0,4570.0,4570.0,4570.0,0,0.0,0.0
2024-10-22 10:20:00+09:00,4540.0,4560.0,4535.0,4560.0,98,0.0,0.0
2024-10-22 10:25:00+09:00,4560.0,4560.0,4560.0,4560.0,1,0.0,0.0
2024-10-22 10:30:00+09:00,4560.0,4560.0,4560.0,4560.0,1,0.0,0.0
2024-10-22 10:35:00+09:00,4560.0,4560.0,4560.0,4560.0,1,0.0,0.0
2024-10-22 10:45:00+09:00,4560.0,4560.0,4560.0,4560.0,15,0.0,0.0
2024-10-22 10:50:00+09:00,4560.0,4560.0,4560.0,4560.0,0,0.0,0.0
2024-10-22 10:55:00+09:00,4560.0,4565.0,4560.0,4565.0,39,0.0,0.0
2024-10-22 11:05:00+09:00,4565.0,4565.0,4565.0,4565.0,33,0.0,0.0
2024-10-22 11:10:00+09:00,4565.0,4565.0,4565.0,4565.0,0,0.0,0.0
2024-10-22 11:20:00+09:00,4565.0,4565.0,4565.0,4565.0,0,0.0,0.0
2024-10-22 11:35:00+09:00,4565.0,4565.0,4565.0,4565.0,1,0.0,0.0
2024-10-22 11:45:00+09:00,4565.0,4565.0,4565.0,4565.0,201,0.0,0.0
2024-10-22 11:55:00+09:00,4555.0,4555.0,4555.0,4555.0,0,0.0,0.0
2024-10-22 12:00:00+09:00,4555.0,4555.0,4555.0,4555.0,0,0.0,0.0
2024-10-22 12:20:00+09:00,4555.0,4555.0,4555.0,4555.0,1,0.0,0.0
2024-10-22 12:35:00+09:00,4535.0,4555.0,4530.0,4555.0,168,0.0,0.0
2024-10-22 12:40:00+09:00,4555.0,4555.0,4555.0,4555.0,139,0.0,0.0
2024-10-22 12:45:00+09:00,4555.0,4565.0,4555.0,4565.0,207,0.0,0.0
2024-10-22 12:50:00+09:00,4565.0,4565.0,4565.0,4565.0,141,0.0,0.0
2024-10-22 13:00:00+09:00,4580.0,4580.0,4580.0,4580.0,380,0.0,0.0
2024-10-22 13:05:00+09:00,4580.0,4580.0,4580.0,4580.0,0,0.0,0.0
2024-10-22 13:15:00+09:00,4570.0,4570.0,4570.0,4570.0,39,0.0,0.0
2024-10-22 13:20:00+09:00,4570.0,4570.0,4570.0,4570.0,688,0.0,0.0
2024-10-22 13:25:00+09:00,4565.0,4565.0,4530.0,4530.0,686,0.0,0.0
2024-10-22 13:30:00+09:00,4530.0,4530.0,4530.0,4530.0,0,0.0,0.0
2024-10-22 13:40:00+09:00,4530.0,4530.0,4530.0,4530.0,0,0.0,0.0
2024-10-22 13:45:00+09:00,4530.0,4530.0,4470.0,4485.0,468,0.0,0.0
2024-10-22 13:55:00+09:00,4485.0,4485.0,4485.0,4485.0,59,0.0,0.0
2024-10-22 14:15:00+09:00,4480.0,4480.0,4400.0,4420.0,118,0.0,0.0
2024-10-22 14:20:00+09:00,4420.0,4475.0,4420.0,4475.0,71,0.0,0.0
2024-10-22 14:30:00+09:00,4435.0,4435.0,4435.0,4435.0,0,0.0,0.0
2024-10-22 14:35:00+09:00,4435.0,4475.0,4435.0,4475.0,8,0.0,0.0
2024-10-22 14:40:00+09:00,4470.0,4475.0,4470.0,4475.0,3,0.0,0.0
2024-10-22 14:45:00+09:00,4400.0,4400.0,4320.0,4330.0,1251,0.0,0.0
2024-10-22 14:50:00+09:00,4340.0,4435.0,4340.0,4435.0,109,0.0,0.0
2024-10-22 14:55:00+09:00,4435.0,4435.0,4435.0,4435.0,2,0.0,0.0
2024-10-23 09:00:00+09:00,4310.0,4345.0,4310.0,4345.0,285,0.0,0.0
2024-10-23 09:10:00+09:00,4405.0,4405.0,4405.0,4405.0,0,0.0,0.0
2024-10-23 09:25:00+09:00,4395.0,4395.0,4380.0,4380.0,2,0.0,0.0
2024-10-23 09:40:00+09:00,4345.0,4345.0,4345.0,4345.0,344,0.0,0.0
2024-10-23 10:25:00+09:00,4350.0,4350.0,4350.0,4350.0,1,0.0,0.0
2024-10-23 10:30:00+09:00,4345.0,4345.0,4320.0,4320.0,112,0.0,0.0
2024-10-23 10:35:00+09:00,4320.0,4320.0,4320.0,4320.0,236,0.0,0.0
2024-10-23 11:50:00+09:00,4320.0,4320.0,4310.0,4310.0,167,0.0,0.0
2024-10-23 11:55:00+09:00,4320.0,4320.0,4320.0,4320.0,81,0.0,0.0
2024-10-23 12:20:00+09:00,4350.0,4350.0,4350.0,4350.0,192,0.0,0.0
2024-10-23 12:40:00+09:00,4395.0,4395.0,4395.0,4395.0,0,0.0,0.0
2024-10-23 12:45:00+09:00,4395.0,4395.0,4395.0,4395.0,30,0.0,0.0
2024-10-23 12:50:00+09:00,4410.0,4470.0,4410.0,4470.0,335,0.0,0.0
2024-10-23 12:55:00+09:00,4470.0,4470.0,4460.0,4460.0,7,0.0,0.0
2024-10-23 13:15:00+09:00,4460.0,4470.0,4460.0,4470.0,4,0.0,0.0
2024-10-23 13:45:00+09:00,4465.0,4470.0,4415.0,4415.0,441,0.0,0.0
2024-10-23 13:50:00+09:00,4410.0,4410.0,4410.0,4410.0,3,0.0,0.0
2024-10-23 14:15:00+09:00,4380.0,4380.0,4380.0,4380.0,6,0.0,0.0
2024-10-23 14:30:00+09:00,4410.0,4410.0,4410.0,4410.0,9,0.0,0.0
2024-10-23 14:35:00+09:00,4410.0,4460.0,4410.0,4460.0,41,0.0,0.0
2024-10-23 14:40:00+09:00,4460.0,4465.0,4460.0,4465.0,2,0.0,0.0
2024-10-23 14:45:00+09:00,4470.0,4470.0,4470.0,4470.0,10,0.0,0.0
2024-10-23 14:55:00+09:00,4465.0,4470.0,4465.0,4470.0,0,0.0,0.0
2024-10-24 09:00:00+09:00,4490.0,4490.0,4490.0,4490.0,631,0.0,0.0
2024-10-24 09:15:00+09:00,4550.0,4550.0,4550.0,4550.0,0,0.0,0.0
2024-10-24 09:20:00+09:00,4530.0,4535.0,4530.0,4535.0,33,0.0,0.0
2024-10-24 09:25:00+09:00,4495.0,4495.0,4490.0,4490.0,53,0.0,0.0
2024-10-24 09:35:00+09:00,4490.0,4530.0,4490.0,4530.0,22,0.0,0.0
2024-10-24 09:55:00+09:00,4525.0,4525.0,4525.0,4525.0,7,0.0,0.0
2024-10-24 10:10:00+09:00,4525.0,4525.0,4525.0,4525.0,0,0.0,0.0
2024-10-24 10:25:00+09:00,4525.0,4525.0,4525.0,4525.0,0,0.0,0.0
2024-10-24 10:45:00+09:00,4525.0,4525.0,4525.0,4525.0,337,0.0,0.0
2024-10-24 11:05:00+09:00,4525.0,4525.0,4525.0,4525.0,5,0.0,0.0
2024-10-24 11:15:00+09:00,4525.0,4525.0,4525.0,4525.0,0,0.0,0.0
2024-10-24 11:25:00+09:00,4530.0,4530.0,4530.0,4530.0,41,0.0,0.0
2024-10-24 11:30:00+09:00,4530.0,4530.0,4530.0,4530.0,200,0.0,0.0
2024-10-24 11:35:00+09:00,4550.0,4550.0,4550.0,4550.0,0,0.0,0.0
2024-10-24 11:40:00+09:00,4555.0,4625.0,4555.0,4625.0,856,0.0,0.0
2024-10-24 11:45:00+09:00,4610.0,4610.0,4560.0,4560.0,0,0.0,0.0
2024-10-24 12:00:00+09:00,4560.0,4625.0,4560.0,4625.0,0,0.0,0.0
2024-10-24 12:05:00+09:00,4545.0,4545.0,4510.0,4510.0,22,0.0,0.0
2024-10-24 12:10:00+09:00,4515.0,4515.0,4515.0,4515.0,41,0.0,0.0
2024-10-24 12:35:00+09:00,4515.0,4515.0,4515.0,4515.0,48,0.0,0.0
2024-10-24 12:50:00+09:00,4515.0,4515.0,4515.0,4515.0,49,0.0,0.0
2024-10-24 13:05:00+09:00,4510.0,4510.0,4500.0,4500.0,275,0.0,0.0
2024-10-24 13:45:00+09:00,4505.0,4505.0,4505.0,4505.0,19,0.0,0.0
2024-10-24 14:40:00+09:00,4505.0,4505.0,4505.0,4505.0,0,0.0,0.0
2024-10-25 09:00:00+09:00,4505.0,4505.0,4505.0,4505.0,968,0.0,0.0
2024-10-25 09:05:00+09:00,4505.0,4505.0,4505.0,4505.0,146,0.0,0.0
2024-10-25 09:20:00+09:00,4720.0,4950.0,4720.0,4950.0,397,0.0,0.0
2024-10-25 09:25:00+09:00,4945.0,4945.0,4620.0,4885.0,2010,0.0,0.0
2024-10-25 09:30:00+09:00,4885.0,4885.0,4630.0,4690.0,450,0.0,0.0
2024-10-25 09:35:00+09:00,4620.0,4620.0,4620.0,4620.0,960,0.0,0.0
2024-10-25 09:40:00+09:00,4650.0,4650.0,4650.0,4650.0,88,0.0,0.0
2024-10-25 09:45:00+09:00,4750.0,4750.0,4750.0,4750.0,0,0.0,0.0
2024-10-25 09:50:00+09:00,4730.0,4780.0,4675.0,4675.0,8292,0.0,0.0
2024-10-25 09:55:00+09:00,4775.0,4775.0,4685.0,4770.0,0,0.0,0.0
2024-10-25 10:00:00+09:00,4730.0,4730.0,4730.0,4730.0,0,0.0,0.0
2024-10-25 10:05:00+09:00,4725.0,4725.0,4725.0,4725.0,8653,0.0,0.0
2024-10-25 10:10:00+09:00,4725.0,4725.0,4725.0,4725.0,2,0.0,0.0
2024-10-25 10:25:00+09:00,4725.0,4725.0,4725.0,4725.0,8,0.0,0.0
2024-10-25 10:35:00+09:00,4715.0,4715.0,4600.0,4665.0,2084,0.0,0.0
2024-10-25 10:40:00+09:00,4610.0,4655.0,4610.0,4635.0,55,0.0,0.0
2024-10-25 10:45:00+09:00,4690.0,4690.0,4640.0,4640.0,243,0.0,0.0
2024-10-25 10:50:00+09:00,4640.0,4640.0,4605.0,4605.0,103,0.0,0.0
2024-10-25 10:55:00+09:00,4640.0,4655.0,4605.0,4605.0,315,0.0,0.0
2024-10-25 11:10:00+09:00,4610.0,4610.0,4605.0,4605.0,107,0.0,0.0
2024-10-25 11:15:00+09:00,4630.0,4630.0,4630.0,4630.0,0,0.0,0.0
2024-10-25 11:20:00+09:00,4605.0,4630.0,4605.0,4630.0,267,0.0,0.0
2024-10-25 11:25:00+09:00,4610.0,4610.0,4605.0,4605.0,0,0.0,0.0
2024-10-25 11:30:00+09:00,4610.0,4610.0,4605.0,4605.0,10,0.0,0.0
2024-10-25 11:35:00+09:00,4605.0,4730.0,4605.0,4730.0,1253,0.0,0.0
2024-10-25 11:40:00+09:00,4740.0,4770.0,4740.0,4770.0,697,0.0,0.0
2024-10-25 11:45:00+09:00,4770.0,4780.0,4770.0,4780.0,428,0.0,0.0
2024-10-25 11:50:00+09:00,4670.0,4750.0,4670.0,4750.0,0,0.0,0.0
2024-10-25 11:55:00+09:00,4675.0,4675.0,4660.0,4665.0,441,0.0,0.0
2024-10-25 12:05:00+09:00,4665.0,4665.0,4665.0,4665.0,13,0.0,0.0
2024-10-25 12:10:00+09:00,4690.0,4715.0,4690.0,4715.0,2042,0.0,0.0
2024-10-25 12:15:00+09:00,4715.0,4715.0,4715.0,4715.0,0,0.0,0.0
2024-10-25 12:20:00+09:00,4715.0,4750.0,4715.0,4750.0,424,0.0,0.0
2024-10-25 12:25:00+09:00,4750.0,4750.0,4750.0,4750.0,20,0.0,0.0
2024-10-25 12:30:00+09:00,4720.0,4720.0,4685.0,4685.0,631,0.0,0.0
2024-10-25 12:50:00+09:00,4685.0,4685.0,4665.0,4665.0,0,0.0,0.0
2024-10-25 13:00:00+09:00,4665.0,4665.0,4665.0,4665.0,289,0.0,0.0
2024-10-25 13:15:00+09:00,4665.0,4665.0,4665.0,4665.0,4,0.0,0.0
2024-10-25 13:40:00+09:00,4665.0,4665.0,4665.0,4665.0,0,0.0,0.0
2024-10-25 13:50:00+09:00,4670.0,4670.0,4670.0,4670.0,54,0.0,0.0
2024-10-25 13:55:00+09:00,4670.0,4670.0,4665.0,4665.0,170,0.0,0.0
2024-10-25 14:00:00+09:00,4610.0,4610.0,4610.0,4610.0,1232,0.0,0.0
2024-10-25 14:20:00+09:00,4635.0,4635.0,4635.0,4635.0,0,0.0,0.0
2024-10-25 14:30:00+09:00,4635.0,4635.0,4635.0,4635.0,11,0.0,0.0
2024-10-25 14:35:00+09:00,4635.0,4635.0,4635.0,4635.0,0,0.0,0.0
2024-10-25 14:40:00+09:00,4640.0,4640.0,4640.0,4640.0,10,0.0,0.0
2024-10-25 14:45:00+09:00,4640.0,4645.0,4640.0,4645.0,117,0.0,0.0
2024-10-25 14:55:00+09:00,4660.0,4660.0,4640.0,4660.0,1085,0.0,0.0
2024-10-28 09:00:00+09:00,4960.0,4960.0,4615.0,4735.0,0,0.0,0.0
2024-10-28 09:10:00+09:00,4630.0,4735.0,4630.0,4725.0,347,0.0,0.0
2024-10-28 09:15:00+09:00,4725.0,4735.0,4620.0,4700.0,317,0.0,0.0
2024-10-28 09:30:00+09:00,4630.0,4630.0,4630.0,4630.0,28,0.0,0.0
2024-10-28 09:35:00+09:00,4680.0,4700.0,4680.0,4700.0,12,0.0,0.0
2024-10-28 09:45:00+09:00,4685.0,4685.0,4685.0,4685.0,3,0.0,0.0
2024-10-28 10:00:00+09:00,4680.0,4705.0,4680.0,4705.0,25,0.0,0.0
2024-10-28 10:05:00+09:00,4685.0,4685.0,4685.0,4685.0,21,0.0,0.0
2024-10-28 10:10:00+09:00,4680.0,4680.0,4680.0,4680.0,2,0.0,0.0
2024-10-28 10:15:00+09:00,4680.0,4685.0,4680.0,4685.0,4,0.0,0.0
2024-10-28 10:25:00+09:00,4635.0,4635.0,4620.0,4620.0,35,0.0,0.0
2024-10-28 10:30:00+09:00,4660.0,4660.0,4660.0,4660.0,0,0.0,0.0
2024-10-28 10:40:00+09:00,4620.0,4620.0,4620.0,4620.0,184,0.0,0.0
2024-10-28 11:25:00+09:00,4620.0,4620.0,4620.0,4620.0,0,0.0,0.0
2024-10-28 11:50:00+09:00,4620.0,4620.0,4620.0,4620.0,0,0.0,0.0
2024-10-28 12:15:00+09:00,4625.0,4625.0,4620.0,4620.0,20,0.0,0.0
2024-10-28 12:25:00+09:00,4620.0,4655.0,4620.0,4655.0,75,0.0,0.0
2024-10-28 12:40:00+09:00,4655.0,4655.0,4655.0,4655.0,11,0.0,0.0
2024-10-28 12:45:00+09:00,4620.0,4620.0,4620.0,4620.0,0,0.0,0.0
2024-10-28 13:05:00+09:00,4620.0,4620.0,4620.0,4620.0,1,0.0,0.0
2024-10-28 13:35:00+09:00,4645.0,4655.0,4645.0,4655.0,121,0.0,0.0
2024-10-28 13:50:00+09:00,4630.0,4655.0,4630.0,4655.0,499,0.0,0.0
2024-10-28 13:55:00+09:00,4655.0,4655.0,4655.0,4655.0,1000,0.0,0.0
2024-10-28 14:05:00+09:00,4655.0,4655.0,4655.0,4655.0,0,0.0,0.0
2024-10-28 14:10:00+09:00,4635.0,4655.0,4635.0,4655.0,2829,0.0,0.0
2024-10-28 14:45:00+09:00,4655.0,4655.0,4655.0,4655.0,201,0.0,0.0
2024-10-29 09:00:00+09:00,4820.0,4820.0,4670.0,4670.0,369,0.0,0.0
2024-10-29 09:05:00+09:00,4690.0,4800.0,4685.0,4720.0,160,0.0,0.0
2024-10-29 09:40:00+09:00,4690.0,4690.0,4690.0,4690.0,0,0.0,0.0
2024-10-29 10:20:00+09:00,4690.0,4690.0,4690.0,4690.0,40,0.0,0.0
2024-10-29 10:25:00+09:00,4690.0,4690.0,4690.0,4690.0,25,0.0,0.0
2024-10-29 10:35:00+09:00,4690.0,4695.0,4690.0,4695.0,94,0.0,0.0
2024-10-29 10:55:00+09:00,4675.0,4675.0,4675.0,4675.0,48,0.0,0.0
2024-10-29 11:40:00+09:00,4685.0,4765.0,4685.0,4765.0,282,0.0,0.0
2024-10-29 11:50:00+09:00,4680.0,4680.0,4680.0,4680.0,0,0.0,0.0
2024-10-29 12:15:00+09:00,4680.0,4680.0,4680.0,4680.0,0,0.0,0.0
2024-10-29 13:00:00+09:00,4735.0,4745.0,4735.0,4745.0,2,0.0,0.0
2024-10-29 13:25:00+09:00,4745.0,4745.0,4745.0,4745.0,1,0.0,0.0
2024-10-29 13:40:00+09:00,4730.0,4730.0,4715.0,4715.0,1221,0.0,0.0
2024-10-29 13:45:00+09:00,4715.0,4715.0,4715.0,4715.0,220,0.0,0.0
2024-10-29 14:00:00+09:00,4715.0,4745.0,4715.0,4745.0,146,0.0,0.0
2024-10-29 14:35:00+09:00,4740.0,4740.0,4740.0,4740.0,245,0.0,0.0
2024-10-29 14:45:00+09:00,4735.0,4735.0,4735.0,4735.0,0,0.0,0.0
2024-10-29 14:50:00+09:00,4715.0,4740.0,4675.0,4740.0,4070,0.0,0.0
2024-10-30 09:00:00+09:00,4690.0,4730.0,4685.0,4685.0,104,0.0,0.0
2024-10-30 09:05:00+09:00,4680.0,4680.0,4635.0,4635.0,1133,0.0,0.0
2024-10-30 09:10:00+09:00,4615.0,4675.0,4600.0,4675.0,180,0.0,0.0
2024-10-30 09:15:00+09:00,4605.0,4700.0,4605.0,4700.0,240,0.0,0.0
2024-10-30 09:30:00+09:00,4630.0,4685.0,4620.0,4685.0,34,0.0,0.0
2024-10-30 09:40:00+09:00,4695.0,4695.0,4695.0,4695.0,2,0.0,0.0
2024-10-30 09:50:00+09:00,4635.0,4695.0,4615.0,4695.0,418,0.0,0.0
2024-10-30 10:15:00+09:00,4685.0,4685.0,4685.0,4685.0,5,0.0,0.0
2024-10-30 10:20:00+09:00,4685.0,4695.0,4685.0,4695.0,17,0.0,0.0
2024-10-30 10:30:00+09:00,4690.0,4695.0,4690.0,4695.0,59,0.0,0.0
2024-10-30 10:35:00+09:00,4690.0,4730.0,4690.0,4730.0,405,0.0,0.0
2024-10-30 11:15:00+09:00,4730.0,4730.0,4730.0,4730.0,6,0.0,0.0
2024-10-30 11:45:00+09:00,4700.0,4700.0,4700.0,4700.0,12,0.0,0.0
2024-10-30 11:50:00+09:00,4700.0,4700.0,4700.0,4700.0,148,0.0,0.0
2024-10-30 12:00:00+09:00,4700.0,4700.0,4695.0,4695.0,519,0.0,0.0
2024-10-30 12:10:00+09:00,4695.0,4695.0,4695.0,4695.0,0,0.0,0.0
2024-10-30 12:15:00+09:00,4725.0,4730.0,4725.0,4730.0,177,0.0,0.0
2024-10-30 12:30:00+09:00,4730.0,4730.0,4730.0,4730.0,0,0.0,0.0
2024-10-30 12:55:00+09:00,4695.0,4695.0,4695.0,4695.0,39,0.0,0.0
2024-10-30 13:00:00+09:00,4695.0,4725.0,4695.0,4725.0,27,0.0,0.0
2024-10-30 13:10:00+09:00,4725.0,4725.0,4725.0,4725.0,1,0.0,0.0
2024-10-30 13:15:00+09:00,4695.0,4725.0,4695.0,4725.0,11,0.0,0.0
2024-10-30 13:20:00+09:00,4695.0,4725.0,4695.0,4725.0,102,0.0,0.0
2024-10-30 13:25:00+09:00,4695.0,4725.0,4695.0,4725.0,4,0.0,0.0
2024-10-30 13:40:00+09:00,4715.0,4725.0,4700.0,4725.0,3,0.0,0.0
2024-10-30 13:55:00+09:00,4725.0,4725.0,4725.0,4725.0,35,0.0,0.0
2024-10-30 14:00:00+09:00,4730.0,4730.0,4710.0,4710.0,0,0.0,0.0
2024-10-30 14:05:00+09:00,4710.0,4710.0,4710.0,4710.0,1,0.0,0.0
2024-10-30 14:10:00+09:00,4710.0,4740.0,4710.0,4740.0,477,0.0,0.0
2024-10-30 14:45:00+09:00,4730.0,4730.0,4730.0,4730.0,54,0.0,0.0
2024-10-30 14:50:00+09:00,4730.0,4730.0,4730.0,4730.0,0,0.0,0.0
2024-10-31 09:00:00+09:00,4650.0,4650.0,4645.0,4645.0,157,0.0,0.0
2024-10-31 09:15:00+09:00,4630.0,4630.0,4620.0,4620.0,19,0.0,0.0
2024-10-31 09:20:00+09:00,4620.0,4620.0,4620.0,4620.0,3,0.0,0.0
2024-10-31 09:25:00+09:00,4600.0,4600.0,4600.0,4600.0,6,0.0,0.0
2024-10-31 09:35:00+09:00,4610.0,4630.0,4610.0,4630.0,270,0.0,0.0
2024-10-31 09:40:00+09:00,4630.0,4630.0,4630.0,4630.0,0,0.0,0.0
2024-10-31 09:50:00+09:00,4645.0,4650.0,4630.0,4630.0,484,0.0,0.0
2024-10-31 10:00:00+09:00,4635.0,4635.0,4635.0,4635.0,8,0.0,0.0
2024-10-31 10:10:00+09:00,4635.0,4635.0,4615.0,4615.0,734,0.0,0.0
2024-10-31 10:20:00+09:00,4615.0,4615.0,4535.0,4555.0,1390,0.0,0.0
2024-10-31 10:25:00+09:00,4550.0,4550.0,4550.0,4550.0,1,0.0,0.0
2024-10-31 10:40:00+09:00,4565.0,4565.0,4565.0,4565.0,1,0.0,0.0
2024-10-31 11:40:00+09:00,4580.0,4580.0,4580.0,4580.0,7,0.0,0.0
2024-10-31 12:20:00+09:00,4590.0,4590.0,4585.0,4585.0,10,0.0,0.0
2024-10-31 13:05:00+09:00,4610.0,4610.0,4610.0,4610.0,25,0.0,0.0
2024-10-31 13:15:00+09:00,4610.0,4645.0,4610.0,4645.0,335,0.0,0.0
2024-10-31 13:20:00+09:00,4645.0,4645.0,4645.0,4645.0,0,0.0,0.0
2024-10-31 13:25:00+09:00,4645.0,4645.0,4630.0,4630.0,63,0.0,0.0
2024-10-31 13:30:00+09:00,4630.0,4630.0,4630.0,4630.0,17,0.0,0.0
2024-10-31 13:35:00+09:00,4630.0,4630.0,4630.0,4630.0,3,0.0,0.0
2024-10-31 13:55:00+09:00,4630.0,4630.0,4605.0,4630.0,100,0.0,0.0
2024-10-31 14:15:00+09:00,4605.0,4605.0,4600.0,4600.0,11,0.0,0.0
2024-10-31 14:35:00+09:00,4630.0,4635.0,4630.0,4635.0,161,0.0,0.0
2024-10-31 14:40:00+09:00,4635.0,4635.0,4635.0,4635.0,0,0.0,0.0
2024-11-01 09:00:00+09:00,4605.0,4630.0,4605.0,4630.0,107,0.0,0.0
2024-11-01 09:05:00+09:00,4630.0,4630.0,4630.0,4630.0,16,0.0,0.0
2024-11-01 09:10:00+09:00,4600.0,4605.0,4500.0,4605.0,302,0.0,0.0
2024-11-01 09:15:00+09:00,4545.0,4550.0,4545.0,4550.0,185,0.0,0.0
2024-11-01 09:20:00+09:00,4605.0,4605.0,4605.0,4605.0,0,0.0,0.0
2024-11-01 09:30:00+09:00,4535.0,4585.0,4535.0,4585.0,127,0.0,0.0
2024-11-01 09:35:00+09:00,4525.0,4525.0,4525.0,4525.0,510,0.0,0.0
2024-11-01 09:40:00+09:00,4570.0,4570.0,4570.0,4570.0,0,0.0,0.0
2024-11-01 09:45:00+09:00,4540.0,4595.0,4530.0,4595.0,309,0.0,0.0
2024-11-01 09:55:00+09:00,4595.0,4595.0,4595.0,4595.0,19,0.0,0.0
2024-11-01 10:25:00+09:00,4590.0,4595.0,4590.0,4595.0,223,0.0,0.0
2024-11-01 10:45:00+09:00,4600.0,4615.0,4600.0,4615.0,0,0.0,0.0
2024-11-01 11:20:00+09:00,4605.0,4620.0,4605.0,4620.0,7,0.0,0.0
2024-11-01 11:30:00+09:00,4620.0,4620.0,4620.0,4620.0,1,0.0,0.0
2024-11-01 12:00:00+09:00,4580.0,4580.0,4580.0,4580.0,9,0.0,0.0
2024-11-01 12:20:00+09:00,4620.0,4620.0,4620.0,4620.0,1,0.0,0.0
2024-11-01 12:25:00+09:00,4575.0,4575.0,4575.0,4575.0,38,0.0,0.0
2024-11-01 12:30:00+09:00,4620.0,4620.0,4620.0,4620.0,0,0.0,0.0
2024-11-01 13:05:00+09:00,4615.0,4620.0,4615.0,4620.0,77,0.0,0.0
2024-11-01 13:10:00+09:00,4625.0,4630.0,4625.0,4630.0,156,0.0,0.0
2024-11-01 13:15:00+09:00,4645.0,4645.0,4645.0,4645.0,0,0.0,0.0
2024-11-01 13:25:00+09:00,4630.0,4630.0,4630.0,4630.0,334,0.0,0.0
2024-11-01 13:30:00+09:00,4635.0,4640.0,4635.0,4640.0,0,0.0,0.0
2024-11-01 13:40:00+09:00,4595.0,4595.0,4590.0,4590.0,41,0.0,0.0
2024-11-01 13:45:00+09:00,4590.0,4635.0,4590.0,4635.0,0,0.0,0.0
2024-11-01 14:00:00+09:00,4630.0,4635.0,4630.0,4635.0,1,0.0,0.0
2024-11-01 14:45:00+09:00,4635.0,4635.0,4635.0,4635.0,200,0.0,0.0
