Datetime,Open,High,Low,Close,Volume,Dividends,Stock Splits
2024-10-02 09:05:00+09:00,7600.0,7600.0,7600.0,7600.0,0,0.0,0.0
2024-10-02 09:15:00+09:00,7590.0,7590.0,7590.0,7590.0,1,0.0,0.0
2024-10-02 09:20:00+09:00,7470.0,7530.0,7470.0,7530.0,2,0.0,0.0
2024-10-02 09:30:00+09:00,7580.0,7580.0,7580.0,7580.0,225,0.0,0.0
2024-10-02 09:40:00+09:00,7620.0,7620.0,7610.0,7610.0,0,0.0,0.0
2024-10-02 09:45:00+09:00,7610.0,7620.0,7610.0,7620.0,11,0.0,0.0
2024-10-02 09:50:00+09:00,7600.0,7600.0,7600.0,7600.0,199,0.0,0.0
2024-10-02 10:00:00+09:00,7600.0,7600.0,7600.0,7600.0,0,0.0,0.0
2024-10-02 10:15:00+09:00,7620.0,7620.0,7620.0,7620.0,1,0.0,0.0
2024-10-02 10:45:00+09:00,7620.0,9380.0,7620.0,9290.0,70263,0.0,0.0
2024-10-02 10:50:00+09:00,9290.0,9450.0,9210.0,9390.0,31473,0.0,0.0
2024-10-02 10:55:00+09:00,9390.0,9390.0,9000.0,9060.0,25056,0.0,0.0
2024-10-02 11:00:00+09:00,9070.0,9270.0,9060.0,9060.0,15826,0.0,0.0
2024-10-02 11:05:00+09:00,9060.0,9170.0,8940.0,8950.0,10525,0.0,0.0
2024-10-02 11:10:00+09:00,8950.0,9100.0,8880.0,8950.0,7695,0.0,0.0
2024-10-02 11:15:00+09:00,8980.0,9700.0,8980.0,9270.0,143919,0.0,0.0
2024-10-02 11:20:00+09:00,9290.0,9400.0,9130.0,9160.0,28606,0.0,0.0
2024-10-02 11:25:00+09:00,9150.0,9330.0,9090.0,9190.0,20715,0.0,0.0
2024-10-02 11:30:00+09:00,9140.0,9300.0,9140.0,9230.0,7142,0.0,0.0
2024-10-02 11:35:00+09:00,9220.0,9300.0,9180.0,9190.0,10491,0.0,0.0
2024-10-02 11:40:00+09:00,9190.0,9240.0,9080.0,9140.0,7346,0.0,0.0
2024-10-02 11:45:00+09:00,9140.0,9200.0,9120.0,9130.0,3291,0.0,0.0
2024-10-02 11:50:00+09:00,9130.0,9130.0,9000.0,9010.0,5701,0.0,0.0
2024-10-02 11:55:00+09:00,9010.0,9150.0,8980.0,9050.0,7980,0.0,0.0
2024-10-02 12:00:00+09:00,9050.0,9070.0,8990.0,8990.0,5181,0.0,0.0
2024-10-02 12:05:00+09:00,9040.0,9130.0,9000.0,9070.0,4836,0.0,0.0
2024-10-02 12:10:00+09:00,9070.0,9110.0,8990.0,9050.0,2605,0.0,0.0
2024-10-02 12:15:00+09:00,9050.0,9060.0,9000.0,9020.0,1895,0.0,0.0
2024-10-02 12:20:00+09:00,9000.0,9450.0,8970.0,9420.0,56320,0.0,0.0
2024-10-02 12:25:00+09:00,9420.0,9500.0,9130.0,9270.0,60021,0.0,0.0
2024-10-02 12:30:00+09:00,9270.0,9380.0,9200.0,9320.0,7204,0.0,0.0
2024-10-02 12:35:00+09:00,9320.0,9380.0,9120.0,9150.0,8095,0.0,0.0
2024-10-02 12:40:00+09:00,9160.0,9230.0,9130.0,9140.0,5571,0.0,0.0
2024-10-02 12:45:00+09:00,9130.0,9370.0,8970.0,9290.0,51400,0.0,0.0
2024-10-02 12:50:00+09:00,9230.0,9290.0,9030.0,9160.0,15508,0.0,0.0
2024-10-02 12:55:00+09:00,9150.0,9160.0,9060.0,9150.0,5410,0.0,0.0
2024-10-02 13:00:00+09:00,9140.0,9160.0,9100.0,9160.0,1366,0.0,0.0
2024-10-02 13:05:00+09:00,9160.0,9180.0,9040.0,9050.0,6921,0.0,0.0
2024-10-02 13:10:00+09:00,9070.0,9440.0,9050.0,9240.0,62896,0.0,0.0
2024-10-02 13:15:00+09:00,9220.0,9310.0,9110.0,9300.0,13957,0.0,0.0
2024-10-02 13:20:00+09:00,9290.0,9300.0,9130.0,9150.0,8221,0.0,0.0
2024-10-02 13:25:00+09:00,9150.0,9150.0,9060.0,9110.0,5819,0.0,0.0
2024-10-02 13:30:00+09:00,9110.0,9180.0,9080.0,9100.0,9515,0.0,0.0
2024-10-02 13:35:00+09:00,9110.0,9120.0,9050.0,9060.0,4935,0.0,0.0
2024-10-02 13:40:00+09:00,9050.0,9160.0,9040.0,9080.0,5572,0.0,0.0
2024-10-02 13:45:00+09:00,9080.0,9080.0,9000.0,9010.0,6336,0.0,0.0
2024-10-02 13:50:00+09:00,9010.0,9010.0,8960.0,8970.0,4652,0.0,0.0
2024-10-02 13:55:00+09:00,8980.0,9120.0,8980.0,9120.0,3249,0.0,0.0
2024-10-02 14:00:00+09:00,9120.0,9600.0,9060.0,9570.0,123195,0.0,0.0
2024-10-02 14:05:00+09:00,9570.0,9670.0,9480.0,9620.0,78480,0.0,0.0
2024-10-02 14:10:00+09:00,9600.0,9700.0,9590.0,9640.0,68542,0.0,0.0
2024-10-02 14:15:00+09:00,9640.0,9690.0,9590.0,9670.0,59154,0.0,0.0
2024-10-02 14:20:00+09:00,9640.0,9670.0,9440.0,9610.0,44959,0.0,0.0
2024-10-02 14:25:00+09:00,9630.0,9680.0,9530.0,9650.0,41778,0.0,0.0
2024-10-02 14:30:00+09:00,9650.0,9700.0,9580.0,9600.0,49799,0.0,0.0
2024-10-02 14:35:00+09:00,9600.0,9780.0,9580.0,9680.0,53471,0.0,0.0
2024-10-02 14:40:00+09:00,9690.0,9770.0,9640.0,9740.0,44481,0.0,0.0
2024-10-02 14:45:00+09:00,9740.0,9840.0,9670.0,9670.0,74326,0.0,0.0
2024-10-02 14:50:00+09:00,9670.0,9750.0,8900.0,8960.0,107449,0.0,0.0
2024-10-02 14:55:00+09:00,8960.0,9340.0,8760.0,8840.0,100533,0.0,0.0
2024-10-04 09:00:00+09:00,8000.0,8080.0,7950.0,7950.0,0,0.0,0.0
2024-10-04 09:05:00+09:00,7950.0,7950.0,7800.0,7850.0,12527,0.0,0.0
2024-10-04 09:10:00+09:00,7850.0,8010.0,7840.0,7990.0,5977,0.0,0.0
2024-10-04 09:15:00+09:00,7970.0,8000.0,7880.0,7880.0,3594,0.0,0.0
2024-10-04 09:20:00+09:00,7940.0,7950.0,7880.0,7930.0,522,0.0,0.0
2024-10-04 09:25:00+09:00,7940.0,7940.0,7830.0,7840.0,1939,0.0,0.0
2024-10-04 09:30:00+09:00,7840.0,7880.0,7830.0,7830.0,1972,0.0,0.0
2024-10-04 09:35:00+09:00,7840.0,7840.0,7820.0,7840.0,476,0.0,0.0
2024-10-04 09:40:00+09:00,7820.0,7850.0,7820.0,7850.0,1249,0.0,0.0
2024-10-04 09:45:00+09:00,7840.0,7850.0,7830.0,7850.0,755,0.0,0.0
2024-10-04 09:50:00+09:00,7860.0,7860.0,7810.0,7820.0,1796,0.0,0.0
2024-10-04 09:55:00+09:00,7820.0,7880.0,7820.0,7830.0,902,0.0,0.0
2024-10-04 10:00:00+09:00,7830.0,7880.0,7830.0,7880.0,158,0.0,0.0
2024-10-04 10:05:00+09:00,7880.0,7900.0,7850.0,7900.0,325,0.0,0.0
2024-10-04 10:10:00+09:00,7900.0,7940.0,7900.0,7940.0,2151,0.0,0.0
2024-10-04 10:15:00+09:00,7930.0,7940.0,7890.0,7890.0,522,0.0,0.0
2024-10-04 10:20:00+09:00,7890.0,7930.0,7830.0,7830.0,1105,0.0,0.0
2024-10-04 10:25:00+09:00,7830.0,7860.0,7810.0,7860.0,1493,0.0,0.0
2024-10-04 10:30:00+09:00,7860.0,7900.0,7850.0,7850.0,56,0.0,0.0
2024-10-04 10:35:00+09:00,7890.0,7890.0,7850.0,7860.0,62,0.0,0.0
2024-10-04 10:40:00+09:00,7860.0,7860.0,7810.0,7810.0,559,0.0,0.0
2024-10-04 10:45:00+09:00,7820.0,7850.0,7810.0,7830.0,271,0.0,0.0
2024-10-04 10:50:00+09:00,7840.0,7900.0,7840.0,7890.0,646,0.0,0.0
2024-10-04 10:55:00+09:00,7860.0,7890.0,7860.0,7860.0,269,0.0,0.0
2024-10-04 11:00:00+09:00,7860.0,7860.0,7810.0,7820.0,5266,0.0,0.0
2024-10-04 11:05:00+09:00,7830.0,7850.0,7820.0,7850.0,1292,0.0,0.0
2024-10-04 11:10:00+09:00,7850.0,7890.0,7850.0,7890.0,567,0.0,0.0
2024-10-04 11:15:00+09:00,7880.0,7890.0,7880.0,7890.0,398,0.0,0.0
2024-10-04 11:20:00+09:00,7870.0,7880.0,7870.0,7870.0,95,0.0,0.0
2024-10-04 11:25:00+09:00,7870.0,7890.0,7870.0,7880.0,431,0.0,0.0
2024-10-04 11:30:00+09:00,7880.0,7880.0,7880.0,7880.0,76,0.0,0.0
2024-10-04 11:35:00+09:00,7880.0,7880.0,7860.0,7870.0,307,0.0,0.0
2024-10-04 11:40:00+09:00,7860.0,7880.0,7860.0,7880.0,224,0.0,0.0
2024-10-04 11:45:00+09:00,7880.0,7880.0,7860.0,7860.0,233,0.0,0.0
2024-10-04 11:50:00+09:00,7880.0,7880.0,7860.0,7870.0,93,0.0,0.0
2024-10-04 11:55:00+09:00,7860.0,7870.0,7860.0,7860.0,0,0.0,0.0
2024-10-04 12:00:00+09:00,7860.0,7860.0,7860.0,7860.0,175,0.0,0.0
2024-10-04 12:05:00+09:00,7870.0,7900.0,7860.0,7900.0,215,0.0,0.0
2024-10-04 12:10:00+09:00,7910.0,7910.0,7900.0,7900.0,16,0.0,0.0
2024-10-04 12:15:00+09:00,7900.0,7900.0,7870.0,7880.0,15,0.0,0.0
2024-10-04 12:20:00+09:00,7880.0,7890.0,7880.0,7890.0,402,0.0,0.0
2024-10-04 12:25:00+09:00,7880.0,7890.0,7880.0,7880.0,417,0.0,0.0
2024-10-04 12:30:00+09:00,7870.0,7870.0,7850.0,7850.0,600,0.0,0.0
2024-10-04 12:35:00+09:00,7860.0,7870.0,7850.0,7870.0,942,0.0,0.0
2024-10-04 12:40:00+09:00,7860.0,7870.0,7860.0,7870.0,43,0.0,0.0
2024-10-04 12:45:00+09:00,7860.0,7880.0,7860.0,7880.0,81,0.0,0.0
2024-10-04 12:50:00+09:00,7880.0,7890.0,7870.0,7890.0,80,0.0,0.0
2024-10-04 12:55:00+09:00,7880.0,7880.0,7880.0,7880.0,107,0.0,0.0
2024-10-04 13:00:00+09:00,7890.0,7890.0,7860.0,7860.0,239,0.0,0.0
2024-10-04 13:05:00+09:00,7860.0,7860.0,7850.0,7850.0,387,0.0,0.0
2024-10-04 13:10:00+09:00,7850.0,7850.0,7840.0,7840.0,934,0.0,0.0
2024-10-04 13:15:00+09:00,7850.0,7890.0,7850.0,7890.0,590,0.0,0.0
2024-10-04 13:20:00+09:00,7850.0,7890.0,7850.0,7880.0,61,0.0,0.0
2024-10-04 13:25:00+09:00,7880.0,7880.0,7880.0,7880.0,1,0.0,0.0
2024-10-04 13:30:00+09:00,7870.0,7910.0,7850.0,7900.0,504,0.0,0.0
2024-10-04 13:35:00+09:00,7880.0,7890.0,7880.0,7890.0,15,0.0,0.0
2024-10-04 13:40:00+09:00,7890.0,7890.0,7890.0,7890.0,6,0.0,0.0
2024-10-04 13:45:00+09:00,7890.0,7890.0,7850.0,7850.0,99,0.0,0.0
2024-10-04 13:50:00+09:00,7850.0,7880.0,7850.0,7880.0,106,0.0,0.0
2024-10-04 13:55:00+09:00,7850.0,7880.0,7840.0,7840.0,1044,0.0,0.0
2024-10-04 14:00:00+09:00,7870.0,7870.0,7830.0,7830.0,28,0.0,0.0
2024-10-04 14:05:00+09:00,7830.0,7830.0,7830.0,7830.0,61,0.0,0.0
2024-10-04 14:10:00+09:00,7830.0,7850.0,7830.0,7840.0,829,0.0,0.0
2024-10-04 14:15:00+09:00,7840.0,7840.0,7830.0,7830.0,213,0.0,0.0
2024-10-04 14:20:00+09:00,7850.0,7850.0,7830.0,7830.0,162,0.0,0.0
2024-10-04 14:25:00+09:00,7830.0,7850.0,7830.0,7850.0,514,0.0,0.0
2024-10-04 14:30:00+09:00,7840.0,7850.0,7840.0,7840.0,433,0.0,0.0
2024-10-04 14:35:00+09:00,7830.0,7850.0,7830.0,7830.0,583,0.0,0.0
2024-10-04 14:40:00+09:00,7830.0,7850.0,7820.0,7850.0,741,0.0,0.0
2024-10-04 14:45:00+09:00,7830.0,7840.0,7820.0,7840.0,1569,0.0,0.0
2024-10-04 14:50:00+09:00,7840.0,7840.0,7820.0,7830.0,73,0.0,0.0
2024-10-04 14:55:00+09:00,7820.0,7840.0,7820.0,7840.0,325,0.0,0.0
2024-10-07 09:00:00+09:00,7780.0,7790.0,7710.0,7720.0,0,0.0,0.0
2024-10-07 09:05:00+09:00,7790.0,7820.0,7750.0,7810.0,326,0.0,0.0
2024-10-07 09:10:00+09:00,7800.0,7800.0,7740.0,7740.0,2001,0.0,0.0
2024-10-07 09:15:00+09:00,7740.0,7740.0,7680.0,7690.0,2378,0.0,0.0
2024-10-07 09:20:00+09:00,7700.0,7730.0,7650.0,7690.0,2840,0.0,0.0
2024-10-07 09:25:00+09:00,7700.0,7760.0,7700.0,7750.0,104,0.0,0.0
2024-10-07 09:30:00+09:00,7730.0,7750.0,7690.0,7690.0,531,0.0,0.0
2024-10-07 09:35:00+09:00,7700.0,7720.0,7700.0,7720.0,111,0.0,0.0
2024-10-07 09:40:00+09:00,7720.0,7720.0,7680.0,7720.0,379,0.0,0.0
2024-10-07 09:45:00+09:00,7690.0,7720.0,7690.0,7700.0,230,0.0,0.0
2024-10-07 09:50:00+09:00,7710.0,7740.0,7710.0,7740.0,103,0.0,0.0
2024-10-07 09:55:00+09:00,7710.0,7710.0,7700.0,7710.0,181,0.0,0.0
2024-10-07 10:00:00+09:00,7700.0,7700.0,7690.0,7690.0,413,0.0,0.0
2024-10-07 10:05:00+09:00,7690.0,7700.0,7690.0,7690.0,0,0.0,0.0
2024-10-07 10:10:00+09:00,7700.0,7710.0,7690.0,7710.0,912,0.0,0.0
2024-10-07 10:15:00+09:00,7710.0,7710.0,7710.0,7710.0,0,0.0,0.0
2024-10-07 10:20:00+09:00,7710.0,7720.0,7710.0,7710.0,27,0.0,0.0
2024-10-07 10:25:00+09:00,7700.0,7720.0,7690.0,7720.0,201,0.0,0.0
2024-10-07 10:30:00+09:00,7730.0,7750.0,7730.0,7740.0,41,0.0,0.0
2024-10-07 10:35:00+09:00,7730.0,7750.0,7730.0,7740.0,23,0.0,0.0
2024-10-07 10:40:00+09:00,7740.0,7750.0,7730.0,7740.0,152,0.0,0.0
2024-10-07 10:45:00+09:00,7740.0,7760.0,7740.0,7760.0,101,0.0,0.0
2024-10-07 10:50:00+09:00,7760.0,7800.0,7750.0,7800.0,557,0.0,0.0
2024-10-07 10:55:00+09:00,7800.0,7870.0,7800.0,7860.0,2627,0.0,0.0
2024-10-07 11:00:00+09:00,7860.0,7860.0,7820.0,7820.0,316,0.0,0.0
2024-10-07 11:05:00+09:00,7830.0,7860.0,7820.0,7850.0,435,0.0,0.0
2024-10-07 11:10:00+09:00,7850.0,7850.0,7800.0,7850.0,1039,0.0,0.0
2024-10-07 11:20:00+09:00,7850.0,7850.0,7850.0,7850.0,2,0.0,0.0
2024-10-07 11:25:00+09:00,7840.0,7850.0,7830.0,7840.0,141,0.0,0.0
2024-10-07 11:30:00+09:00,7830.0,7840.0,7810.0,7840.0,148,0.0,0.0
2024-10-07 11:35:00+09:00,7840.0,7840.0,7810.0,7810.0,163,0.0,0.0
2024-10-07 11:45:00+09:00,7820.0,7820.0,7820.0,7820.0,18,0.0,0.0
2024-10-07 11:50:00+09:00,7820.0,7820.0,7800.0,7800.0,343,0.0,0.0
2024-10-07 11:55:00+09:00,7800.0,7840.0,7800.0,7840.0,54,0.0,0.0
2024-10-07 12:00:00+09:00,7800.0,7800.0,7800.0,7800.0,1,0.0,0.0
2024-10-07 12:10:00+09:00,7800.0,7840.0,7800.0,7840.0,108,0.0,0.0
2024-10-07 12:20:00+09:00,7810.0,7810.0,7810.0,7810.0,170,0.0,0.0
2024-10-07 12:25:00+09:00,7810.0,7810.0,7800.0,7800.0,159,0.0,0.0
2024-10-07 12:30:00+09:00,7800.0,7800.0,7800.0,7800.0,0,0.0,0.0
2024-10-07 12:35:00+09:00,7810.0,7820.0,7810.0,7820.0,13,0.0,0.0
2024-10-07 12:40:00+09:00,7810.0,7810.0,7720.0,7720.0,1305,0.0,0.0
2024-10-07 12:45:00+09:00,7720.0,7800.0,7720.0,7800.0,329,0.0,0.0
2024-10-07 12:50:00+09:00,7740.0,7750.0,7740.0,7750.0,7,0.0,0.0
2024-10-07 12:55:00+09:00,7750.0,7750.0,7720.0,7720.0,1469,0.0,0.0
2024-10-07 13:00:00+09:00,7720.0,7760.0,7720.0,7750.0,0,0.0,0.0
2024-10-07 13:05:00+09:00,7750.0,7760.0,7750.0,7760.0,30,0.0,0.0
2024-10-07 13:10:00+09:00,7770.0,7770.0,7760.0,7770.0,116,0.0,0.0
2024-10-07 13:15:00+09:00,7760.0,7770.0,7760.0,7770.0,0,0.0,0.0
2024-10-07 13:20:00+09:00,7760.0,7770.0,7760.0,7770.0,6,0.0,0.0
2024-10-07 13:25:00+09:00,7770.0,7800.0,7770.0,7790.0,865,0.0,0.0
2024-10-07 13:30:00+09:00,7750.0,7780.0,7750.0,7780.0,7,0.0,0.0
2024-10-07 13:35:00+09:00,7750.0,7750.0,7740.0,7740.0,70,0.0,0.0
2024-10-07 13:40:00+09:00,7780.0,7780.0,7730.0,7730.0,23,0.0,0.0
2024-10-07 13:45:00+09:00,7770.0,7770.0,7770.0,7770.0,20,0.0,0.0
2024-10-07 13:50:00+09:00,7770.0,7770.0,7710.0,7760.0,681,0.0,0.0
2024-10-07 13:55:00+09:00,7740.0,7760.0,7740.0,7760.0,9,0.0,0.0
2024-10-07 14:00:00+09:00,7730.0,7760.0,7730.0,7760.0,196,0.0,0.0
2024-10-07 14:05:00+09:00,7730.0,7730.0,7710.0,7710.0,729,0.0,0.0
2024-10-07 14:10:00+09:00,7740.0,7740.0,7740.0,7740.0,4,0.0,0.0
2024-10-07 14:15:00+09:00,7730.0,7730.0,7720.0,7720.0,95,0.0,0.0
2024-10-07 14:20:00+09:00,7730.0,7730.0,7700.0,7700.0,873,0.0,0.0
2024-10-07 14:25:00+09:00,7730.0,7730.0,7710.0,7710.0,782,0.0,0.0
2024-10-07 14:30:00+09:00,7730.0,7740.0,7730.0,7730.0,20,0.0,0.0
2024-10-07 14:35:00+09:00,7710.0,7710.0,7700.0,7710.0,4845,0.0,0.0
2024-10-07 14:40:00+09:00,7730.0,7730.0,7710.0,7710.0,0,0.0,0.0
2024-10-07 14:45:00+09:00,7730.0,7730.0,7720.0,7730.0,38,0.0,0.0
2024-10-07 14:50:00+09:00,7720.0,7720.0,7700.0,7700.0,956,0.0,0.0
2024-10-07 14:55:00+09:00,7700.0,7710.0,7700.0,7700.0,284,0.0,0.0
2024-10-08 09:00:00+09:00,7580.0,7700.0,7570.0,7680.0,1197,0.0,0.0
2024-10-08 09:05:00+09:00,7660.0,7680.0,7630.0,7630.0,172,0.0,0.0
2024-10-08 09:10:00+09:00,7630.0,7630.0,7630.0,7630.0,19,0.0,0.0
2024-10-08 09:15:00+09:00,7680.0,7680.0,7620.0,7680.0,333,0.0,0.0
2024-10-08 09:20:00+09:00,7670.0,7680.0,7670.0,7670.0,397,0.0,0.0
2024-10-08 09:25:00+09:00,7670.0,7670.0,7620.0,7670.0,515,0.0,0.0
2024-10-08 09:30:00+09:00,7620.0,7650.0,7580.0,7650.0,1674,0.0,0.0
2024-10-08 09:35:00+09:00,7640.0,7640.0,7610.0,7610.0,155,0.0,0.0
2024-10-08 09:40:00+09:00,7650.0,7650.0,7620.0,7620.0,0,0.0,0.0
2024-10-08 09:45:00+09:00,7620.0,7640.0,7610.0,7610.0,149,0.0,0.0
2024-10-08 09:50:00+09:00,7610.0,7670.0,7610.0,7610.0,20,0.0,0.0
2024-10-08 09:55:00+09:00,7610.0,7650.0,7610.0,7610.0,5,0.0,0.0
2024-10-08 10:00:00+09:00,7610.0,7670.0,7610.0,7670.0,39,0.0,0.0
2024-10-08 10:05:00+09:00,7670.0,7670.0,7670.0,7670.0,1,0.0,0.0
2024-10-08 10:10:00+09:00,7660.0,7660.0,7660.0,7660.0,14,0.0,0.0
2024-10-08 10:20:00+09:00,7630.0,7630.0,7610.0,7610.0,31,0.0,0.0
2024-10-08 10:30:00+09:00,7620.0,7630.0,7610.0,7630.0,240,0.0,0.0
2024-10-08 10:40:00+09:00,7660.0,7660.0,7660.0,7660.0,0,0.0,0.0
2024-10-08 10:45:00+09:00,7650.0,7650.0,7630.0,7630.0,204,0.0,0.0
2024-10-08 10:50:00+09:00,7650.0,7670.0,7650.0,7670.0,9,0.0,0.0
2024-10-08 10:55:00+09:00,7670.0,7680.0,7640.0,7670.0,2394,0.0,0.0
2024-10-08 11:00:00+09:00,7670.0,7680.0,7660.0,7680.0,98,0.0,0.0
2024-10-08 11:05:00+09:00,7670.0,7670.0,7630.0,7630.0,3,0.0,0.0
2024-10-08 11:15:00+09:00,7670.0,7680.0,7630.0,7630.0,21,0.0,0.0
2024-10-08 11:25:00+09:00,7670.0,7670.0,7630.0,7630.0,193,0.0,0.0
2024-10-08 11:30:00+09:00,7630.0,7630.0,7610.0,7610.0,38,0.0,0.0
2024-10-08 11:35:00+09:00,7610.0,7670.0,7610.0,7670.0,12,0.0,0.0
2024-10-08 11:40:00+09:00,7670.0,7670.0,7670.0,7670.0,5,0.0,0.0
2024-10-08 11:45:00+09:00,7620.0,7620.0,7620.0,7620.0,112,0.0,0.0
2024-10-08 11:50:00+09:00,7610.0,7650.0,7610.0,7650.0,50,0.0,0.0
2024-10-08 11:55:00+09:00,7670.0,7670.0,7620.0,7620.0,129,0.0,0.0
2024-10-08 12:00:00+09:00,7680.0,7680.0,7680.0,7680.0,0,0.0,0.0
2024-10-08 12:15:00+09:00,7670.0,7670.0,7670.0,7670.0,46,0.0,0.0
2024-10-08 12:20:00+09:00,7640.0,7660.0,7610.0,7660.0,204,0.0,0.0
2024-10-08 12:25:00+09:00,7640.0,7650.0,7640.0,7650.0,130,0.0,0.0
2024-10-08 12:30:00+09:00,7650.0,7650.0,7650.0,7650.0,0,0.0,0.0
2024-10-08 12:35:00+09:00,7650.0,7650.0,7650.0,7650.0,97,0.0,0.0
2024-10-08 12:40:00+09:00,7610.0,7610.0,7610.0,7610.0,0,0.0,0.0
2024-10-08 12:45:00+09:00,7610.0,7610.0,7600.0,7600.0,11996,0.0,0.0
2024-10-08 12:50:00+09:00,7610.0,7610.0,7610.0,7610.0,0,0.0,0.0
2024-10-08 12:55:00+09:00,7620.0,7620.0,7620.0,7620.0,0,0.0,0.0
2024-10-08 13:00:00+09:00,7620.0,7640.0,7620.0,7620.0,97,0.0,0.0
2024-10-08 13:05:00+09:00,7640.0,7640.0,7620.0,7620.0,3,0.0,0.0
2024-10-08 13:10:00+09:00,7630.0,7640.0,7630.0,7640.0,7,0.0,0.0
2024-10-08 13:15:00+09:00,7640.0,7640.0,7640.0,7640.0,107,0.0,0.0
2024-10-08 13:20:00+09:00,7630.0,7630.0,7630.0,7630.0,0,0.0,0.0
2024-10-08 13:25:00+09:00,7670.0,7670.0,7660.0,7670.0,2,0.0,0.0
2024-10-08 13:30:00+09:00,7660.0,7680.0,7660.0,7680.0,447,0.0,0.0
2024-10-08 13:35:00+09:00,7680.0,7690.0,7680.0,7680.0,236,0.0,0.0
2024-10-08 13:40:00+09:00,7680.0,7680.0,7680.0,7680.0,52,0.0,0.0
2024-10-08 13:45:00+09:00,7690.0,7700.0,7690.0,7700.0,127,0.0,0.0
2024-10-08 13:50:00+09:00,7700.0,7700.0,7690.0,7690.0,318,0.0,0.0
2024-10-08 13:55:00+09:00,7690.0,7690.0,7690.0,7690.0,10,0.0,0.0
2024-10-08 14:00:00+09:00,7690.0,7690.0,7680.0,7680.0,22,0.0,0.0
2024-10-08 14:05:00+09:00,7680.0,7680.0,7650.0,7650.0,44,0.0,0.0
2024-10-08 14:10:00+09:00,7650.0,7650.0,7650.0,7650.0,94,0.0,0.0
2024-10-08 14:15:00+09:00,7650.0,7690.0,7640.0,7640.0,264,0.0,0.0
2024-10-08 14:20:00+09:00,7650.0,7650.0,7640.0,7640.0,278,0.0,0.0
2024-10-08 14:25:00+09:00,7680.0,7680.0,7680.0,7680.0,0,0.0,0.0
2024-10-08 14:30:00+09:00,7680.0,7690.0,7680.0,7690.0,97,0.0,0.0
2024-10-08 14:35:00+09:00,7650.0,7690.0,7650.0,7690.0,413,0.0,0.0
2024-10-08 14:40:00+09:00,7680.0,7690.0,7640.0,7690.0,573,0.0,0.0
2024-10-08 14:45:00+09:00,7690.0,7690.0,7640.0,7640.0,151,0.0,0.0
2024-10-08 14:50:00+09:00,7640.0,7640.0,7620.0,7620.0,1264,0.0,0.0
2024-10-08 14:55:00+09:00,7640.0,7660.0,7640.0,7660.0,0,0.0,0.0
2024-10-10 09:00:00+09:00,7660.0,7700.0,7640.0,7700.0,0,0.0,0.0
2024-10-10 09:10:00+09:00,7700.0,7720.0,7700.0,7710.0,735,0.0,0.0
2024-10-10 09:15:00+09:00,7710.0,7710.0,7710.0,7710.0,303,0.0,0.0
2024-10-10 09:20:00+09:00,7710.0,7720.0,7710.0,7710.0,227,0.0,0.0
2024-10-10 09:25:00+09:00,7670.0,7700.0,7670.0,7690.0,100,0.0,0.0
2024-10-10 09:30:00+09:00,7680.0,7680.0,7660.0,7660.0,97,0.0,0.0
2024-10-10 09:35:00+09:00,7660.0,7660.0,7650.0,7650.0,480,0.0,0.0
2024-10-10 09:40:00+09:00,7650.0,7690.0,7650.0,7690.0,37,0.0,0.0
2024-10-10 09:45:00+09:00,7650.0,7690.0,7650.0,7690.0,29,0.0,0.0
2024-10-10 09:50:00+09:00,7690.0,7690.0,7640.0,7640.0,3769,0.0,0.0
2024-10-10 09:55:00+09:00,7640.0,7640.0,7640.0,7640.0,0,0.0,0.0
2024-10-10 10:00:00+09:00,7670.0,7690.0,7670.0,7690.0,0,0.0,0.0
2024-10-10 10:05:00+09:00,7640.0,7650.0,7640.0,7650.0,15,0.0,0.0
2024-10-10 10:10:00+09:00,7640.0,7640.0,7640.0,7640.0,34,0.0,0.0
2024-10-10 10:15:00+09:00,7640.0,7640.0,7640.0,7640.0,4,0.0,0.0
2024-10-10 10:20:00+09:00,7680.0,7690.0,7680.0,7690.0,198,0.0,0.0
2024-10-10 10:25:00+09:00,7660.0,7660.0,7630.0,7630.0,713,0.0,0.0
2024-10-10 10:30:00+09:00,7630.0,7650.0,7630.0,7640.0,57,0.0,0.0
2024-10-10 10:40:00+09:00,7640.0,7650.0,7640.0,7650.0,219,0.0,0.0
2024-10-10 10:45:00+09:00,7650.0,7700.0,7650.0,7700.0,44,0.0,0.0
2024-10-10 10:55:00+09:00,7700.0,7700.0,7700.0,7700.0,30,0.0,0.0
2024-10-10 11:00:00+09:00,7660.0,7660.0,7660.0,7660.0,0,0.0,0.0
2024-10-10 11:05:00+09:00,7660.0,7700.0,7660.0,7700.0,41,0.0,0.0
2024-10-10 11:15:00+09:00,7700.0,7700.0,7700.0,7700.0,136,0.0,0.0
2024-10-10 11:30:00+09:00,7680.0,7710.0,7680.0,7710.0,0,0.0,0.0
2024-10-10 11:40:00+09:00,7680.0,7680.0,7680.0,7680.0,44,0.0,0.0
2024-10-10 11:55:00+09:00,7700.0,7700.0,7670.0,7670.0,55,0.0,0.0
2024-10-10 12:00:00+09:00,7700.0,7700.0,7700.0,7700.0,0,0.0,0.0
2024-10-10 12:10:00+09:00,7700.0,7700.0,7700.0,7700.0,0,0.0,0.0
2024-10-10 12:25:00+09:00,7680.0,7700.0,7680.0,7680.0,12,0.0,0.0
2024-10-10 12:30:00+09:00,7700.0,7700.0,7700.0,7700.0,16,0.0,0.0
2024-10-10 12:40:00+09:00,7680.0,7700.0,7680.0,7700.0,359,0.0,0.0
2024-10-10 12:45:00+09:00,7700.0,7700.0,7700.0,7700.0,3,0.0,0.0
2024-10-10 12:50:00+09:00,7700.0,7700.0,7700.0,7700.0,37,0.0,0.0
2024-10-10 13:00:00+09:00,7700.0,7700.0,7700.0,7700.0,199,0.0,0.0
2024-10-10 13:10:00+09:00,7680.0,7680.0,7680.0,7680.0,0,0.0,0.0
2024-10-10 13:25:00+09:00,7690.0,7690.0,7680.0,7680.0,74,0.0,0.0
2024-10-10 13:30:00+09:00,7680.0,7700.0,7680.0,7700.0,261,0.0,0.0
2024-10-10 13:45:00+09:00,7690.0,7690.0,7690.0,7690.0,2,0.0,0.0
2024-10-10 13:50:00+09:00,7690.0,7690.0,7680.0,7680.0,612,0.0,0.0
2024-10-10 13:55:00+09:00,7680.0,7680.0,7680.0,7680.0,0,0.0,0.0
2024-10-10 14:00:00+09:00,7680.0,7680.0,7680.0,7680.0,91,0.0,0.0
2024-10-10 14:05:00+09:00,7680.0,7680.0,7680.0,7680.0,25,0.0,0.0
2024-10-10 14:10:00+09:00,7680.0,7680.0,7680.0,7680.0,77,0.0,0.0
2024-10-10 14:15:00+09:00,7680.0,7690.0,7680.0,7690.0,132,0.0,0.0
2024-10-10 14:25:00+09:00,7690.0,7690.0,7680.0,7680.0,28,0.0,0.0
2024-10-10 14:30:00+09:00,7690.0,7700.0,7680.0,7700.0,947,0.0,0.0
2024-10-10 14:45:00+09:00,7700.0,7700.0,7700.0,7700.0,25,0.0,0.0
2024-10-10 14:50:00+09:00,7700.0,7700.0,7700.0,7700.0,227,0.0,0.0
2024-10-11 09:00:00+09:00,7540.0,7610.0,7540.0,7600.0,2352,0.0,0.0
2024-10-11 09:05:00+09:00,7600.0,7680.0,7600.0,7650.0,41,0.0,0.0
2024-10-11 09:10:00+09:00,7600.0,7650.0,7570.0,7600.0,216,0.0,0.0
2024-10-11 09:15:00+09:00,7600.0,7640.0,7590.0,7590.0,0,0.0,0.0
2024-10-11 09:20:00+09:00,7590.0,7640.0,7590.0,7640.0,21,0.0,0.0
2024-10-11 09:25:00+09:00,7600.0,7630.0,7600.0,7630.0,1300,0.0,0.0
2024-10-11 09:30:00+09:00,7630.0,7670.0,7630.0,7660.0,690,0.0,0.0
2024-10-11 09:35:00+09:00,7660.0,7740.0,7660.0,7730.0,30,0.0,0.0
2024-10-11 09:40:00+09:00,7680.0,7730.0,7680.0,7690.0,45,0.0,0.0
2024-10-11 09:45:00+09:00,7690.0,7760.0,7690.0,7760.0,1102,0.0,0.0
2024-10-11 09:50:00+09:00,7770.0,7780.0,7760.0,7770.0,72,0.0,0.0
2024-10-11 09:55:00+09:00,7760.0,7760.0,7750.0,7750.0,78,0.0,0.0
2024-10-11 10:00:00+09:00,7760.0,7760.0,7740.0,7740.0,40,0.0,0.0
2024-10-11 10:05:00+09:00,7740.0,7760.0,7700.0,7700.0,1010,0.0,0.0
2024-10-11 10:10:00+09:00,7700.0,7720.0,7680.0,7720.0,1656,0.0,0.0
2024-10-11 10:15:00+09:00,7720.0,7740.0,7720.0,7740.0,27,0.0,0.0
2024-10-11 10:20:00+09:00,7740.0,7760.0,7740.0,7760.0,354,0.0,0.0
2024-10-11 10:25:00+09:00,7760.0,7760.0,7750.0,7760.0,23,0.0,0.0
2024-10-11 10:30:00+09:00,7760.0,7760.0,7760.0,7760.0,85,0.0,0.0
2024-10-11 10:35:00+09:00,7770.0,7770.0,7750.0,7750.0,17,0.0,0.0
2024-10-11 10:40:00+09:00,7750.0,7750.0,7740.0,7740.0,1027,0.0,0.0
2024-10-11 10:45:00+09:00,7760.0,7760.0,7760.0,7760.0,0,0.0,0.0
2024-10-11 10:50:00+09:00,7720.0,7720.0,7720.0,7720.0,8,0.0,0.0
2024-10-11 10:55:00+09:00,7720.0,7730.0,7720.0,7730.0,19,0.0,0.0
2024-10-11 11:00:00+09:00,7730.0,7730.0,7730.0,7730.0,0,0.0,0.0
2024-10-11 11:05:00+09:00,7720.0,7740.0,7720.0,7740.0,133,0.0,0.0
2024-10-11 11:10:00+09:00,7730.0,7740.0,7730.0,7730.0,74,0.0,0.0
2024-10-11 11:15:00+09:00,7750.0,7770.0,7730.0,7730.0,19,0.0,0.0
2024-10-11 11:20:00+09:00,7730.0,7770.0,7730.0,7770.0,6,0.0,0.0
2024-10-11 11:25:00+09:00,7730.0,7760.0,7730.0,7760.0,11,0.0,0.0
2024-10-11 11:30:00+09:00,7760.0,7770.0,7730.0,7730.0,386,0.0,0.0
2024-10-11 11:35:00+09:00,7730.0,7780.0,7730.0,7740.0,121,0.0,0.0
2024-10-11 11:40:00+09:00,7780.0,7780.0,7780.0,7780.0,35,0.0,0.0
2024-10-11 11:45:00+09:00,7730.0,7780.0,7730.0,7780.0,102,0.0,0.0
2024-10-11 11:50:00+09:00,7730.0,7730.0,7730.0,7730.0,9,0.0,0.0
2024-10-11 11:55:00+09:00,7760.0,7760.0,7760.0,7760.0,11,0.0,0.0
2024-10-11 12:10:00+09:00,7750.0,7750.0,7740.0,7740.0,15,0.0,0.0
2024-10-11 12:15:00+09:00,7740.0,7740.0,7730.0,7730.0,61,0.0,0.0
2024-10-11 12:20:00+09:00,7730.0,7730.0,7720.0,7720.0,94,0.0,0.0
2024-10-11 12:25:00+09:00,7720.0,7720.0,7710.0,7710.0,0,0.0,0.0
2024-10-11 12:30:00+09:00,7710.0,7710.0,7680.0,7700.0,557,0.0,0.0
2024-10-11 12:35:00+09:00,7690.0,7700.0,7690.0,7700.0,183,0.0,0.0
2024-10-11 12:40:00+09:00,7710.0,7710.0,7680.0,7680.0,23,0.0,0.0
2024-10-11 12:50:00+09:00,7690.0,7690.0,7690.0,7690.0,19,0.0,0.0
2024-10-11 12:55:00+09:00,7690.0,7690.0,7690.0,7690.0,10,0.0,0.0
2024-10-11 13:00:00+09:00,7690.0,7700.0,7690.0,7700.0,12,0.0,0.0
2024-10-11 13:15:00+09:00,7690.0,7690.0,7660.0,7660.0,207,0.0,0.0
2024-10-11 13:20:00+09:00,7660.0,7660.0,7660.0,7660.0,200,0.0,0.0
2024-10-11 13:25:00+09:00,7660.0,7660.0,7650.0,7650.0,112,0.0,0.0
2024-10-11 13:30:00+09:00,7650.0,7680.0,7650.0,7680.0,42,0.0,0.0
2024-10-11 13:35:00+09:00,7650.0,7660.0,7620.0,7660.0,554,0.0,0.0
2024-10-11 13:40:00+09:00,7630.0,7630.0,7620.0,7620.0,1947,0.0,0.0
2024-10-11 13:45:00+09:00,7660.0,7660.0,7660.0,7660.0,0,0.0,0.0
2024-10-11 13:50:00+09:00,7620.0,7620.0,7620.0,7620.0,23,0.0,0.0
2024-10-11 13:55:00+09:00,7620.0,7660.0,7620.0,7620.0,409,0.0,0.0
2024-10-11 14:00:00+09:00,7680.0,7680.0,7680.0,7680.0,0,0.0,0.0
2024-10-11 14:10:00+09:00,7670.0,7670.0,7670.0,7670.0,263,0.0,0.0
2024-10-11 14:15:00+09:00,7640.0,7640.0,7640.0,7640.0,0,0.0,0.0
2024-10-11 14:20:00+09:00,7640.0,7660.0,7630.0,7660.0,111,0.0,0.0
2024-10-11 14:25:00+09:00,7630.0,7650.0,7610.0,7650.0,118,0.0,0.0
2024-10-11 14:40:00+09:00,7620.0,7620.0,7620.0,7620.0,6,0.0,0.0
2024-10-11 14:45:00+09:00,7620.0,7620.0,7620.0,7620.0,396,0.0,0.0
2024-10-11 14:55:00+09:00,7620.0,7620.0,7620.0,7620.0,0,0.0,0.0
2024-10-14 09:00:00+09:00,7610.0,7630.0,7600.0,7630.0,0,0.0,0.0
2024-10-14 09:05:00+09:00,7630.0,7630.0,7630.0,7630.0,0,0.0,0.0
2024-10-14 09:10:00+09:00,7630.0,7690.0,7630.0,7650.0,165,0.0,0.0
2024-10-14 09:15:00+09:00,7680.0,7680.0,7680.0,7680.0,257,0.0,0.0
2024-10-14 09:20:00+09:00,7660.0,7680.0,7660.0,7680.0,0,0.0,0.0
2024-10-14 09:25:00+09:00,7650.0,7650.0,7650.0,7650.0,332,0.0,0.0
2024-10-14 09:30:00+09:00,7690.0,7690.0,7680.0,7690.0,0,0.0,0.0
2024-10-14 09:35:00+09:00,7690.0,7690.0,7650.0,7690.0,0,0.0,0.0
2024-10-14 09:40:00+09:00,7690.0,7690.0,7690.0,7690.0,119,0.0,0.0
2024-10-14 09:45:00+09:00,7680.0,7680.0,7630.0,7630.0,134,0.0,0.0
2024-10-14 09:50:00+09:00,7640.0,7660.0,7630.0,7660.0,129,0.0,0.0
2024-10-14 09:55:00+09:00,7620.0,7620.0,7620.0,7620.0,250,0.0,0.0
2024-10-14 10:00:00+09:00,7620.0,7620.0,7620.0,7620.0,0,0.0,0.0
2024-10-14 10:05:00+09:00,7630.0,7660.0,7630.0,7660.0,25,0.0,0.0
2024-10-14 10:15:00+09:00,7660.0,7660.0,7650.0,7650.0,5,0.0,0.0
2024-10-14 10:20:00+09:00,7650.0,7660.0,7650.0,7660.0,2,0.0,0.0
2024-10-14 10:25:00+09:00,7630.0,7660.0,7620.0,7660.0,545,0.0,0.0
2024-10-14 10:30:00+09:00,7660.0,7660.0,7660.0,7660.0,5,0.0,0.0
2024-10-14 10:35:00+09:00,7620.0,7620.0,7620.0,7620.0,884,0.0,0.0
2024-10-14 10:45:00+09:00,7620.0,7650.0,7620.0,7650.0,0,0.0,0.0
2024-10-14 10:50:00+09:00,7650.0,7650.0,7650.0,7650.0,43,0.0,0.0
2024-10-14 10:55:00+09:00,7650.0,7650.0,7650.0,7650.0,2,0.0,0.0
2024-10-14 11:00:00+09:00,7650.0,7650.0,7650.0,7650.0,12,0.0,0.0
2024-10-14 11:05:00+09:00,7660.0,7660.0,7650.0,7650.0,168,0.0,0.0
2024-10-14 11:10:00+09:00,7670.0,7670.0,7670.0,7670.0,796,0.0,0.0
2024-10-14 11:15:00+09:00,7670.0,7670.0,7670.0,7670.0,0,0.0,0.0
2024-10-14 11:20:00+09:00,7680.0,7690.0,7680.0,7690.0,111,0.0,0.0
2024-10-14 11:30:00+09:00,7690.0,7690.0,7690.0,7690.0,39,0.0,0.0
2024-10-14 11:35:00+09:00,7690.0,7710.0,7690.0,7710.0,207,0.0,0.0
2024-10-14 11:40:00+09:00,7710.0,7720.0,7710.0,7720.0,0,0.0,0.0
2024-10-14 11:50:00+09:00,7710.0,7710.0,7690.0,7690.0,132,0.0,0.0
2024-10-14 12:00:00+09:00,7720.0,7720.0,7720.0,7720.0,2,0.0,0.0
2024-10-14 12:05:00+09:00,7690.0,7690.0,7690.0,7690.0,127,0.0,0.0
2024-10-14 12:10:00+09:00,7690.0,7700.0,7680.0,7700.0,170,0.0,0.0
2024-10-14 12:15:00+09:00,7670.0,7700.0,7670.0,7700.0,71,0.0,0.0
2024-10-14 12:25:00+09:00,7690.0,7720.0,7690.0,7720.0,1370,0.0,0.0
2024-10-14 12:30:00+09:00,7670.0,7680.0,7670.0,7680.0,0,0.0,0.0
2024-10-14 12:35:00+09:00,7690.0,7690.0,7690.0,7690.0,0,0.0,0.0
2024-10-14 12:45:00+09:00,7690.0,7690.0,7690.0,7690.0,5,0.0,0.0
2024-10-14 12:50:00+09:00,7680.0,7680.0,7670.0,7670.0,564,0.0,0.0
2024-10-14 13:00:00+09:00,7680.0,7690.0,7680.0,7690.0,11,0.0,0.0
2024-10-14 13:05:00+09:00,7680.0,7680.0,7680.0,7680.0,95,0.0,0.0
2024-10-14 13:10:00+09:00,7680.0,7680.0,7610.0,7610.0,3445,0.0,0.0
2024-10-14 13:15:00+09:00,7630.0,7630.0,7620.0,7620.0,0,0.0,0.0
2024-10-14 13:20:00+09:00,7620.0,7620.0,7620.0,7620.0,3,0.0,0.0
2024-10-14 13:25:00+09:00,7630.0,7630.0,7630.0,7630.0,1,0.0,0.0
2024-10-14 13:35:00+09:00,7620.0,7620.0,7620.0,7620.0,20,0.0,0.0
2024-10-14 13:50:00+09:00,7620.0,7620.0,7600.0,7600.0,1590,0.0,0.0
2024-10-14 13:55:00+09:00,7610.0,7630.0,7510.0,7630.0,669,0.0,0.0
2024-10-14 14:00:00+09:00,7590.0,7590.0,7580.0,7580.0,168,0.0,0.0
2024-10-14 14:05:00+09:00,7580.0,7580.0,7570.0,7570.0,192,0.0,0.0
2024-10-14 14:10:00+09:00,7560.0,7560.0,7560.0,7560.0,215,0.0,0.0
2024-10-14 14:15:00+09:00,7580.0,7580.0,7570.0,7570.0,55,0.0,0.0
2024-10-14 14:20:00+09:00,7570.0,7570.0,7560.0,7560.0,12,0.0,0.0
2024-10-14 14:25:00+09:00,7550.0,7550.0,7550.0,7550.0,90,0.0,0.0
2024-10-14 14:30:00+09:00,7590.0,7710.0,7550.0,7710.0,147,0.0,0.0
2024-10-14 14:35:00+09:00,7710.0,7720.0,7590.0,7590.0,298,0.0,0.0
2024-10-14 14:40:00+09:00,7640.0,7640.0,7640.0,7640.0,78,0.0,0.0
2024-10-14 14:45:00+09:00,7640.0,7640.0,7640.0,7640.0,0,0.0,0.0
2024-10-14 14:50:00+09:00,7590.0,7590.0,7590.0,7590.0,10,0.0,0.0
2024-10-14 14:55:00+09:00,7590.0,7590.0,7570.0,7570.0,3,0.0,0.0
2024-10-15 09:00:00+09:00,7520.0,7590.0,7520.0,7580.0,10,0.0,0.0
2024-10-15 09:05:00+09:00,7580.0,7590.0,7580.0,7590.0,6,0.0,0.0
2024-10-15 09:10:00+09:00,7580.0,7580.0,7580.0,7580.0,4,0.0,0.0
2024-10-15 09:15:00+09:00,7580.0,7580.0,7580.0,7580.0,20,0.0,0.0
2024-10-15 09:20:00+09:00,7580.0,7580.0,7570.0,7570.0,64,0.0,0.0
2024-10-15 09:25:00+09:00,7570.0,7580.0,7520.0,7520.0,103,0.0,0.0
2024-10-15 09:30:00+09:00,7570.0,7570.0,7570.0,7570.0,4,0.0,0.0
2024-10-15 09:35:00+09:00,7570.0,7570.0,7570.0,7570.0,1,0.0,0.0
2024-10-15 09:40:00+09:00,7570.0,7570.0,7530.0,7530.0,3,0.0,0.0
2024-10-15 09:45:00+09:00,7560.0,7570.0,7560.0,7570.0,19,0.0,0.0
2024-10-15 09:50:00+09:00,7560.0,7560.0,7540.0,7540.0,18,0.0,0.0
2024-10-15 09:55:00+09:00,7540.0,7570.0,7530.0,7530.0,532,0.0,0.0
2024-10-15 10:00:00+09:00,7530.0,7580.0,7530.0,7580.0,0,0.0,0.0
2024-10-15 10:05:00+09:00,7570.0,7570.0,7570.0,7570.0,7,0.0,0.0
2024-10-15 10:15:00+09:00,7570.0,7580.0,7570.0,7580.0,12,0.0,0.0
2024-10-15 10:25:00+09:00,7560.0,7560.0,7560.0,7560.0,0,0.0,0.0
2024-10-15 10:35:00+09:00,7570.0,7570.0,7570.0,7570.0,1,0.0,0.0
2024-10-15 10:45:00+09:00,7560.0,7570.0,7500.0,7570.0,1010,0.0,0.0
2024-10-15 11:05:00+09:00,7570.0,7570.0,7570.0,7570.0,10,0.0,0.0
2024-10-15 11:10:00+09:00,7510.0,7560.0,7510.0,7560.0,63,0.0,0.0
2024-10-15 11:25:00+09:00,7510.0,7510.0,7500.0,7500.0,196,0.0,0.0
2024-10-15 11:30:00+09:00,7540.0,7540.0,7510.0,7510.0,0,0.0,0.0
2024-10-15 11:45:00+09:00,7540.0,7550.0,7540.0,7550.0,0,0.0,0.0
2024-10-15 11:50:00+09:00,7550.0,7550.0,7550.0,7550.0,8,0.0,0.0
2024-10-15 11:55:00+09:00,7550.0,7580.0,7530.0,7530.0,227,0.0,0.0
2024-10-15 12:00:00+09:00,7530.0,7530.0,7530.0,7530.0,2,0.0,0.0
2024-10-15 12:05:00+09:00,7580.0,7700.0,7560.0,7600.0,364,0.0,0.0
2024-10-15 12:10:00+09:00,7640.0,7700.0,7640.0,7650.0,158,0.0,0.0
2024-10-15 12:35:00+09:00,7610.0,7610.0,7610.0,7610.0,5,0.0,0.0
2024-10-15 12:40:00+09:00,7590.0,7590.0,7500.0,7500.0,602,0.0,0.0
2024-10-15 12:45:00+09:00,7550.0,7550.0,7550.0,7550.0,0,0.0,0.0
2024-10-15 12:55:00+09:00,7550.0,7550.0,7550.0,7550.0,61,0.0,0.0
2024-10-15 13:10:00+09:00,7520.0,7520.0,7520.0,7520.0,0,0.0,0.0
2024-10-15 13:15:00+09:00,7520.0,7530.0,7520.0,7530.0,162,0.0,0.0
2024-10-15 13:25:00+09:00,7570.0,7570.0,7570.0,7570.0,0,0.0,0.0
2024-10-15 13:35:00+09:00,7520.0,7520.0,7520.0,7520.0,19,0.0,0.0
2024-10-15 13:40:00+09:00,7520.0,7540.0,7510.0,7540.0,525,0.0,0.0
2024-10-15 13:55:00+09:00,7510.0,7510.0,7510.0,7510.0,1,0.0,0.0
2024-10-15 14:10:00+09:00,7540.0,7540.0,7540.0,7540.0,1,0.0,0.0
2024-10-15 14:15:00+09:00,7530.0,7530.0,7530.0,7530.0,9,0.0,0.0
2024-10-15 14:20:00+09:00,7540.0,7540.0,7520.0,7520.0,0,0.0,0.0
2024-10-15 14:25:00+09:00,7540.0,7540.0,7510.0,7510.0,1204,0.0,0.0
2024-10-15 14:35:00+09:00,7540.0,7540.0,7540.0,7540.0,0,0.0,0.0
2024-10-15 14:45:00+09:00,7510.0,7510.0,7510.0,7510.0,94,0.0,0.0
2024-10-15 14:50:00+09:00,7540.0,7540.0,7540.0,7540.0,0,0.0,0.0
2024-10-16 09:00:00+09:00,7640.0,7640.0,7640.0,7640.0,2,0.0,0.0
2024-10-16 09:10:00+09:00,7520.0,7530.0,7460.0,7460.0,718,0.0,0.0
2024-10-16 09:15:00+09:00,7490.0,7490.0,7420.0,7420.0,439,0.0,0.0
2024-10-16 09:20:00+09:00,7440.0,7440.0,7420.0,7430.0,27,0.0,0.0
2024-10-16 09:25:00+09:00,7430.0,7450.0,7390.0,7450.0,756,0.0,0.0
2024-10-16 09:30:00+09:00,7450.0,7450.0,7450.0,7450.0,0,0.0,0.0
2024-10-16 09:35:00+09:00,7450.0,7450.0,7450.0,7450.0,0,0.0,0.0
2024-10-16 09:40:00+09:00,7400.0,7450.0,7340.0,7350.0,570,0.0,0.0
2024-10-16 09:45:00+09:00,7370.0,7370.0,7370.0,7370.0,41,0.0,0.0
2024-10-16 09:50:00+09:00,7400.0,7420.0,7400.0,7400.0,216,0.0,0.0
2024-10-16 09:55:00+09:00,7420.0,7430.0,7420.0,7430.0,0,0.0,0.0
2024-10-16 10:00:00+09:00,7440.0,7470.0,7440.0,7470.0,134,0.0,0.0
2024-10-16 10:05:00+09:00,7470.0,7470.0,7470.0,7470.0,1,0.0,0.0
2024-10-16 10:10:00+09:00,7460.0,7460.0,7460.0,7460.0,2,0.0,0.0
2024-10-16 10:15:00+09:00,7460.0,7470.0,7460.0,7470.0,2,0.0,0.0
2024-10-16 10:20:00+09:00,7450.0,7450.0,7450.0,7450.0,12,0.0,0.0
2024-10-16 10:25:00+09:00,7470.0,7470.0,7400.0,7400.0,145,0.0,0.0
2024-10-16 10:40:00+09:00,7410.0,7420.0,7410.0,7410.0,139,0.0,0.0
2024-10-16 10:50:00+09:00,7410.0,7410.0,7410.0,7410.0,4,0.0,0.0
2024-10-16 10:55:00+09:00,7460.0,7520.0,7460.0,7520.0,191,0.0,0.0
2024-10-16 11:05:00+09:00,7510.0,7540.0,7510.0,7540.0,689,0.0,0.0
2024-10-16 11:10:00+09:00,7530.0,7530.0,7530.0,7530.0,5,0.0,0.0
2024-10-16 11:15:00+09:00,7530.0,7540.0,7530.0,7530.0,31,0.0,0.0
2024-10-16 11:30:00+09:00,7540.0,7540.0,7540.0,7540.0,29,0.0,0.0
2024-10-16 11:35:00+09:00,7530.0,7580.0,7530.0,7580.0,10,0.0,0.0
2024-10-16 11:50:00+09:00,7530.0,7580.0,7530.0,7530.0,35,0.0,0.0
2024-10-16 11:55:00+09:00,7580.0,7620.0,7580.0,7620.0,11,0.0,0.0
2024-10-16 12:00:00+09:00,7590.0,7590.0,7590.0,7590.0,3,0.0,0.0
2024-10-16 12:10:00+09:00,7530.0,7590.0,7530.0,7590.0,6,0.0,0.0
2024-10-16 12:15:00+09:00,7530.0,7580.0,7530.0,7580.0,61,0.0,0.0
2024-10-16 12:20:00+09:00,7580.0,7600.0,7580.0,7600.0,165,0.0,0.0
2024-10-16 12:25:00+09:00,7580.0,7580.0,7580.0,7580.0,0,0.0,0.0
2024-10-16 12:30:00+09:00,7580.0,7590.0,7580.0,7590.0,79,0.0,0.0
2024-10-16 12:55:00+09:00,7530.0,7540.0,7530.0,7530.0,7,0.0,0.0
2024-10-16 13:05:00+09:00,7530.0,7580.0,7530.0,7580.0,7,0.0,0.0
2024-10-16 13:15:00+09:00,7530.0,7580.0,7530.0,7580.0,301,0.0,0.0
2024-10-16 13:25:00+09:00,7580.0,7580.0,7580.0,7580.0,5,0.0,0.0
2024-10-16 13:40:00+09:00,7550.0,7580.0,7550.0,7580.0,109,0.0,0.0
2024-10-16 13:45:00+09:00,7550.0,7550.0,7550.0,7550.0,610,0.0,0.0
2024-10-16 13:50:00+09:00,7580.0,7580.0,7580.0,7580.0,1,0.0,0.0
2024-10-16 14:05:00+09:00,7550.0,7550.0,7550.0,7550.0,880,0.0,0.0
2024-10-16 14:10:00+09:00,7580.0,7580.0,7580.0,7580.0,0,0.0,0.0
2024-10-16 14:20:00+09:00,7550.0,7550.0,7550.0,7550.0,299,0.0,0.0
2024-10-16 14:25:00+09:00,7550.0,7580.0,7550.0,7580.0,34,0.0,0.0
2024-10-16 14:30:00+09:00,7550.0,7550.0,7550.0,7550.0,772,0.0,0.0
2024-10-16 14:45:00+09:00,7550.0,7550.0,7550.0,7550.0,0,0.0,0.0
2024-10-16 14:50:00+09:00,7560.0,7570.0,7560.0,7570.0,17,0.0,0.0
2024-10-17 09:00:00+09:00,7550.0,7700.0,7460.0,7540.0,90,0.0,0.0
2024-10-17 09:05:00+09:00,7540.0,7540.0,7540.0,7540.0,192,0.0,0.0
2024-10-17 09:10:00+09:00,7540.0,7590.0,7500.0,7580.0,630,0.0,0.0
2024-10-17 09:20:00+09:00,7570.0,7570.0,7570.0,7570.0,5,0.0,0.0
2024-10-17 09:25:00+09:00,7530.0,7530.0,7500.0,7500.0,1192,0.0,0.0
2024-10-17 09:30:00+09:00,7540.0,7550.0,7540.0,7550.0,0,0.0,0.0
2024-10-17 09:35:00+09:00,7550.0,7560.0,7550.0,7560.0,395,0.0,0.0
2024-10-17 09:40:00+09:00,7560.0,7580.0,7560.0,7580.0,18,0.0,0.0
2024-10-17 09:45:00+09:00,7570.0,7570.0,7570.0,7570.0,21,0.0,0.0
2024-10-17 09:50:00+09:00,7570.0,7570.0,7570.0,7570.0,10,0.0,0.0
2024-10-17 09:55:00+09:00,7570.0,7570.0,7570.0,7570.0,9,0.0,0.0
2024-10-17 10:00:00+09:00,7570.0,7570.0,7570.0,7570.0,0,0.0,0.0
2024-10-17 10:05:00+09:00,7570.0,7570.0,7570.0,7570.0,44,0.0,0.0
2024-10-17 10:10:00+09:00,7580.0,7580.0,7580.0,7580.0,0,0.0,0.0
2024-10-17 10:15:00+09:00,7580.0,7590.0,7580.0,7590.0,9,0.0,0.0
2024-10-17 10:20:00+09:00,7620.0,7620.0,7620.0,7620.0,1,0.0,0.0
2024-10-17 10:25:00+09:00,7590.0,7590.0,7570.0,7570.0,170,0.0,0.0
2024-10-17 10:30:00+09:00,7610.0,7610.0,7610.0,7610.0,0,0.0,0.0
2024-10-17 10:35:00+09:00,7590.0,7590.0,7570.0,7570.0,134,0.0,0.0
2024-10-17 10:40:00+09:00,7580.0,7580.0,7570.0,7570.0,91,0.0,0.0
2024-10-17 10:55:00+09:00,7570.0,7570.0,7570.0,7570.0,0,0.0,0.0
2024-10-17 11:05:00+09:00,7600.0,7600.0,7600.0,7600.0,0,0.0,0.0
2024-10-17 11:10:00+09:00,7600.0,7600.0,7600.0,7600.0,53,0.0,0.0
2024-10-17 11:20:00+09:00,7610.0,7610.0,7610.0,7610.0,0,0.0,0.0
2024-10-17 11:25:00+09:00,7610.0,7630.0,7610.0,7630.0,294,0.0,0.0
2024-10-17 11:30:00+09:00,7640.0,7640.0,7570.0,7630.0,76,0.0,0.0
2024-10-17 11:40:00+09:00,7590.0,7590.0,7590.0,7590.0,5,0.0,0.0
2024-10-17 11:45:00+09:00,7600.0,7600.0,7600.0,7600.0,0,0.0,0.0
2024-10-17 11:50:00+09:00,7590.0,7610.0,7590.0,7610.0,183,0.0,0.0
2024-10-17 12:00:00+09:00,7610.0,7620.0,7610.0,7620.0,249,0.0,0.0
2024-10-17 12:05:00+09:00,7620.0,7650.0,7620.0,7620.0,898,0.0,0.0
2024-10-17 12:10:00+09:00,7620.0,7620.0,7620.0,7620.0,10,0.0,0.0
2024-10-17 12:15:00+09:00,7620.0,7620.0,7620.0,7620.0,43,0.0,0.0
2024-10-17 12:40:00+09:00,7610.0,7620.0,7610.0,7620.0,0,0.0,0.0
2024-10-17 12:45:00+09:00,7620.0,7620.0,7590.0,7590.0,129,0.0,0.0
2024-10-17 12:50:00+09:00,7620.0,7620.0,7590.0,7590.0,94,0.0,0.0
2024-10-17 13:00:00+09:00,7620.0,7620.0,7620.0,7620.0,2,0.0,0.0
2024-10-17 13:20:00+09:00,7620.0,7620.0,7620.0,7620.0,1311,0.0,0.0
2024-10-17 13:25:00+09:00,7590.0,7620.0,7590.0,7620.0,0,0.0,0.0
2024-10-17 13:30:00+09:00,7590.0,7590.0,7590.0,7590.0,5,0.0,0.0
2024-10-17 13:35:00+09:00,7610.0,7610.0,7610.0,7610.0,8,0.0,0.0
2024-10-17 13:40:00+09:00,7610.0,7610.0,7610.0,7610.0,2,0.0,0.0
2024-10-17 13:45:00+09:00,7620.0,7620.0,7620.0,7620.0,0,0.0,0.0
2024-10-17 13:50:00+09:00,7620.0,7620.0,7610.0,7610.0,18,0.0,0.0
2024-10-17 14:00:00+09:00,7610.0,7620.0,7610.0,7620.0,86,0.0,0.0
2024-10-17 14:05:00+09:00,7610.0,7620.0,7610.0,7620.0,5,0.0,0.0
2024-10-17 14:10:00+09:00,7620.0,7620.0,7540.0,7590.0,743,0.0,0.0
2024-10-17 14:15:00+09:00,7550.0,7570.0,7530.0,7570.0,531,0.0,0.0
2024-10-17 14:25:00+09:00,7570.0,7580.0,7550.0,7580.0,147,0.0,0.0
2024-10-17 14:30:00+09:00,7580.0,7580.0,7560.0,7560.0,153,0.0,0.0
2024-10-17 14:35:00+09:00,7620.0,7620.0,7620.0,7620.0,1,0.0,0.0
2024-10-17 14:40:00+09:00,7560.0,7560.0,7540.0,7540.0,524,0.0,0.0
2024-10-17 14:45:00+09:00,7540.0,7580.0,7540.0,7580.0,8,0.0,0.0
2024-10-17 14:50:00+09:00,7540.0,7540.0,7490.0,7490.0,1879,0.0,0.0
2024-10-18 09:00:00+09:00,7650.0,7650.0,7580.0,7580.0,457,0.0,0.0
2024-10-18 09:05:00+09:00,7550.0,7550.0,7510.0,7510.0,14,0.0,0.0
2024-10-18 09:10:00+09:00,7580.0,7580.0,7580.0,7580.0,23,0.0,0.0
2024-10-18 09:15:00+09:00,7520.0,7570.0,7510.0,7570.0,92,0.0,0.0
2024-10-18 09:20:00+09:00,7510.0,7570.0,7500.0,7570.0,330,0.0,0.0
2024-10-18 09:30:00+09:00,7540.0,7570.0,7500.0,7500.0,87,0.0,0.0
2024-10-18 09:35:00+09:00,7540.0,7550.0,7500.0,7500.0,38,0.0,0.0
2024-10-18 09:40:00+09:00,7540.0,7540.0,7540.0,7540.0,0,0.0,0.0
2024-10-18 09:50:00+09:00,7540.0,7540.0,7540.0,7540.0,1,0.0,0.0
2024-10-18 09:55:00+09:00,7550.0,7550.0,7550.0,7550.0,0,0.0,0.0
2024-10-18 10:00:00+09:00,7550.0,7780.0,7550.0,7780.0,2582,0.0,0.0
2024-10-18 10:05:00+09:00,7750.0,7790.0,7750.0,7790.0,335,0.0,0.0
2024-10-18 10:10:00+09:00,7760.0,7760.0,7680.0,7740.0,107,0.0,0.0
2024-10-18 10:15:00+09:00,7740.0,7740.0,7670.0,7670.0,35,0.0,0.0
2024-10-18 10:20:00+09:00,7690.0,7700.0,7640.0,7640.0,440,0.0,0.0
2024-10-18 10:25:00+09:00,7640.0,7680.0,7630.0,7680.0,65,0.0,0.0
2024-10-18 10:30:00+09:00,7630.0,7630.0,7620.0,7620.0,66,0.0,0.0
2024-10-18 10:35:00+09:00,7640.0,7650.0,7640.0,7650.0,0,0.0,0.0
2024-10-18 10:40:00+09:00,7610.0,7610.0,7600.0,7600.0,250,0.0,0.0
2024-10-18 10:50:00+09:00,7650.0,7650.0,7650.0,7650.0,3,0.0,0.0
2024-10-18 11:00:00+09:00,7600.0,7640.0,7590.0,7640.0,128,0.0,0.0
2024-10-18 11:10:00+09:00,7600.0,7600.0,7540.0,7540.0,221,0.0,0.0
2024-10-18 11:20:00+09:00,7590.0,7590.0,7590.0,7590.0,1,0.0,0.0
2024-10-18 11:25:00+09:00,7590.0,7590.0,7590.0,7590.0,6,0.0,0.0
2024-10-18 11:30:00+09:00,7590.0,7590.0,7590.0,7590.0,43,0.0,0.0
2024-10-18 11:35:00+09:00,7600.0,7600.0,7600.0,7600.0,0,0.0,0.0
2024-10-18 11:50:00+09:00,7590.0,7600.0,7580.0,7600.0,10,0.0,0.0
2024-10-18 12:50:00+09:00,7570.0,7570.0,7570.0,7570.0,208,0.0,0.0
2024-10-18 12:55:00+09:00,7570.0,7570.0,7530.0,7530.0,1669,0.0,0.0
2024-10-18 13:10:00+09:00,7530.0,7530.0,7530.0,7530.0,0,0.0,0.0
2024-10-18 13:20:00+09:00,7550.0,7550.0,7550.0,7550.0,4,0.0,0.0
2024-10-18 13:25:00+09:00,7560.0,7560.0,7560.0,7560.0,4,0.0,0.0
2024-10-18 13:45:00+09:00,7540.0,7640.0,7540.0,7640.0,106,0.0,0.0
2024-10-18 14:15:00+09:00,7550.0,7550.0,7480.0,7480.0,1377,0.0,0.0
2024-10-18 14:20:00+09:00,7550.0,7640.0,7550.0,7640.0,81,0.0,0.0
2024-10-18 14:50:00+09:00,7570.0,7640.0,7570.0,7640.0,50,0.0,0.0
2024-10-18 14:55:00+09:00,7550.0,7550.0,7510.0,7510.0,84,0.0,0.0
2024-10-21 09:00:00+09:00,7800.0,7800.0,7650.0,7650.0,0,0.0,0.0
2024-10-21 09:10:00+09:00,7650.0,7650.0,7590.0,7590.0,0,0.0,0.0
2024-10-21 09:15:00+09:00,7640.0,7640.0,7610.0,7610.0,168,0.0,0.0
2024-10-21 09:20:00+09:00,7610.0,7640.0,7610.0,7640.0,0,0.0,0.0
2024-10-21 09:25:00+09:00,7640.0,7690.0,7640.0,7690.0,57,0.0,0.0
2024-10-21 09:30:00+09:00,7680.0,7680.0,7680.0,7680.0,2,0.0,0.0
2024-10-21 09:35:00+09:00,7650.0,7650.0,7640.0,7640.0,106,0.0,0.0
2024-10-21 09:45:00+09:00,7690.0,7690.0,7640.0,7680.0,15,0.0,0.0
2024-10-21 10:00:00+09:00,7660.0,7660.0,7660.0,7660.0,1,0.0,0.0
2024-10-21 10:05:00+09:00,7660.0,7660.0,7660.0,7660.0,225,0.0,0.0
2024-10-21 10:10:00+09:00,7660.0,7660.0,7660.0,7660.0,8,0.0,0.0
2024-10-21 10:20:00+09:00,7670.0,7670.0,7670.0,7670.0,1,0.0,0.0
2024-10-21 10:40:00+09:00,7670.0,7700.0,7670.0,7700.0,231,0.0,0.0
2024-10-21 10:45:00+09:00,7700.0,7700.0,7700.0,7700.0,0,0.0,0.0
2024-10-21 11:30:00+09:00,7650.0,7650.0,7650.0,7650.0,9,0.0,0.0
2024-10-21 11:35:00+09:00,7650.0,7690.0,7650.0,7690.0,16,0.0,0.0
2024-10-21 11:50:00+09:00,7690.0,7700.0,7690.0,7700.0,39,0.0,0.0
2024-10-21 11:55:00+09:00,7690.0,7690.0,7690.0,7690.0,21,0.0,0.0
2024-10-21 12:00:00+09:00,7700.0,7700.0,7690.0,7690.0,20,0.0,0.0
2024-10-21 12:10:00+09:00,7680.0,7680.0,7570.0,7680.0,496,0.0,0.0
2024-10-21 13:00:00+09:00,7600.0,7610.0,7550.0,7610.0,744,0.0,0.0
2024-10-21 13:05:00+09:00,7590.0,7630.0,7590.0,7630.0,428,0.0,0.0
2024-10-21 13:15:00+09:00,7630.0,7640.0,7630.0,7640.0,0,0.0,0.0
2024-10-21 13:20:00+09:00,7640.0,7640.0,7640.0,7640.0,9,0.0,0.0
2024-10-21 13:25:00+09:00,7640.0,7640.0,7640.0,7640.0,0,0.0,0.0
2024-10-21 13:30:00+09:00,7590.0,7590.0,7590.0,7590.0,110,0.0,0.0
2024-10-21 13:35:00+09:00,7630.0,7630.0,7630.0,7630.0,0,0.0,0.0
2024-10-21 13:40:00+09:00,7590.0,7630.0,7590.0,7630.0,93,0.0,0.0
2024-10-21 13:45:00+09:00,7590.0,7630.0,7580.0,7630.0,51,0.0,0.0
2024-10-21 14:20:00+09:00,7630.0,7630.0,7630.0,7630.0,67,0.0,0.0
2024-10-21 14:30:00+09:00,7630.0,7630.0,7630.0,7630.0,71,0.0,0.0
2024-10-21 14:35:00+09:00,7600.0,7600.0,7600.0,7600.0,95,0.0,0.0
2024-10-21 14:45:00+09:00,7600.0,7600.0,7600.0,7600.0,38,0.0,0.0
2024-10-21 14:55:00+09:00,7630.0,7630.0,7630.0,7630.0,0,0.0,0.0
2024-10-22 09:05:00+09:00,7600.0,7600.0,7600.0,7600.0,171,0.0,0.0
2024-10-22 09:10:00+09:00,7570.0,7590.0,7570.0,7590.0,26,0.0,0.0
2024-10-22 09:15:00+09:00,7550.0,7550.0,7550.0,7550.0,244,0.0,0.0
2024-10-22 09:20:00+09:00,7560.0,7640.0,7560.0,7640.0,0,0.0,0.0
2024-10-22 09:25:00+09:00,7560.0,7560.0,7550.0,7550.0,437,0.0,0.0
2024-10-22 09:30:00+09:00,7580.0,7580.0,7580.0,7580.0,0,0.0,0.0
2024-10-22 09:35:00+09:00,7580.0,7700.0,7580.0,7700.0,512,0.0,0.0
2024-10-22 09:40:00+09:00,7680.0,7700.0,7680.0,7690.0,100,0.0,0.0
2024-10-22 09:50:00+09:00,7620.0,7670.0,7590.0,7590.0,69,0.0,0.0
2024-10-22 09:55:00+09:00,7670.0,7670.0,7590.0,7650.0,9,0.0,0.0
2024-10-22 10:10:00+09:00,7620.0,7620.0,7520.0,7520.0,515,0.0,0.0
2024-10-22 10:15:00+09:00,7570.0,7570.0,7520.0,7520.0,199,0.0,0.0
2024-10-22 10:30:00+09:00,7570.0,7570.0,7570.0,7570.0,0,0.0,0.0
2024-10-22 10:45:00+09:00,7570.0,7570.0,7570.0,7570.0,19,0.0,0.0
2024-10-22 11:15:00+09:00,7560.0,7570.0,7560.0,7570.0,453,0.0,0.0
2024-10-22 11:20:00+09:00,7640.0,7640.0,7640.0,7640.0,1,0.0,0.0
2024-10-22 11:40:00+09:00,7600.0,7640.0,7600.0,7640.0,70,0.0,0.0
2024-10-22 11:50:00+09:00,7640.0,7650.0,7640.0,7650.0,2,0.0,0.0
2024-10-22 11:55:00+09:00,7640.0,7650.0,7640.0,7650.0,11,0.0,0.0
2024-10-22 12:45:00+09:00,7580.0,7730.0,7570.0,7690.0,173,0.0,0.0
2024-10-22 12:50:00+09:00,7720.0,7720.0,7720.0,7720.0,0,0.0,0.0
2024-10-22 13:00:00+09:00,7630.0,7690.0,7630.0,7690.0,2,0.0,0.0
2024-10-22 13:30:00+09:00,7630.0,7630.0,7630.0,7630.0,5,0.0,0.0
2024-10-22 13:35:00+09:00,7670.0,7670.0,7670.0,7670.0,0,0.0,0.0
2024-10-22 13:40:00+09:00,7660.0,7660.0,7660.0,7660.0,15,0.0,0.0
2024-10-22 13:50:00+09:00,7630.0,7680.0,7620.0,7680.0,199,0.0,0.0
2024-10-22 14:00:00+09:00,7680.0,7680.0,7680.0,7680.0,104,0.0,0.0
2024-10-22 14:05:00+09:00,7620.0,7620.0,7620.0,7620.0,38,0.0,0.0
2024-10-22 14:10:00+09:00,7620.0,7680.0,7620.0,7680.0,79,0.0,0.0
2024-10-22 14:15:00+09:00,7670.0,7670.0,7670.0,7670.0,0,0.0,0.0
2024-10-22 14:35:00+09:00,7620.0,7680.0,7620.0,7680.0,521,0.0,0.0
2024-10-22 14:40:00+09:00,7620.0,7670.0,7530.0,7530.0,1114,0.0,0.0
2024-10-22 14:45:00+09:00,7540.0,7540.0,7540.0,7540.0,0,0.0,0.0
2024-10-22 14:50:00+09:00,7580.0,7650.0,7530.0,7620.0,947,0.0,0.0
2024-10-23 09:00:00+09:00,7670.0,7670.0,7670.0,7670.0,20,0.0,0.0
2024-10-23 09:05:00+09:00,7600.0,7880.0,7600.0,7740.0,199,0.0,0.0
2024-10-23 09:20:00+09:00,7710.0,7710.0,7710.0,7710.0,17,0.0,0.0
2024-10-23 09:30:00+09:00,7650.0,7670.0,7650.0,7670.0,13,0.0,0.0
2024-10-23 09:40:00+09:00,7670.0,7670.0,7670.0,7670.0,1,0.0,0.0
2024-10-23 10:00:00+09:00,7620.0,7620.0,7590.0,7610.0,122,0.0,0.0
2024-10-23 10:10:00+09:00,7610.0,7610.0,7610.0,7610.0,149,0.0,0.0
2024-10-23 10:15:00+09:00,7630.0,7630.0,7630.0,7630.0,0,0.0,0.0
2024-10-23 10:25:00+09:00,7600.0,7630.0,7600.0,7630.0,33,0.0,0.0
2024-10-23 10:35:00+09:00,7630.0,7640.0,7630.0,7640.0,77,0.0,0.0
2024-10-23 10:40:00+09:00,7670.0,7670.0,7670.0,7670.0,0,0.0,0.0
2024-10-23 10:50:00+09:00,7620.0,7620.0,7600.0,7600.0,1598,0.0,0.0
2024-10-23 10:55:00+09:00,7600.0,7600.0,7590.0,7590.0,168,0.0,0.0
2024-10-23 11:00:00+09:00,7590.0,7590.0,7570.0,7570.0,366,0.0,0.0
2024-10-23 11:05:00+09:00,7600.0,7600.0,7600.0,7600.0,0,0.0,0.0
2024-10-23 11:10:00+09:00,7600.0,7600.0,7600.0,7600.0,19,0.0,0.0
2024-10-23 11:15:00+09:00,7600.0,7600.0,7600.0,7600.0,40,0.0,0.0
2024-10-23 11:25:00+09:00,7600.0,7600.0,7600.0,7600.0,25,0.0,0.0
2024-10-23 11:35:00+09:00,7600.0,7610.0,7600.0,7610.0,236,0.0,0.0
2024-10-23 11:40:00+09:00,7670.0,7670.0,7670.0,7670.0,1,0.0,0.0
2024-10-23 12:15:00+09:00,7650.0,7650.0,7650.0,7650.0,9,0.0,0.0
2024-10-23 12:35:00+09:00,7610.0,7640.0,7610.0,7640.0,177,0.0,0.0
2024-10-23 12:50:00+09:00,7640.0,7670.0,7640.0,7670.0,0,0.0,0.0
2024-10-23 13:05:00+09:00,7620.0,7620.0,7620.0,7620.0,9,0.0,0.0
2024-10-23 13:10:00+09:00,7670.0,7670.0,7670.0,7670.0,155,0.0,0.0
2024-10-23 13:20:00+09:00,7680.0,7690.0,7680.0,7690.0,41,0.0,0.0
2024-10-23 13:30:00+09:00,7650.0,7650.0,7650.0,7650.0,87,0.0,0.0
2024-10-23 13:35:00+09:00,7690.0,7710.0,7690.0,7710.0,359,0.0,0.0
2024-10-23 13:45:00+09:00,7650.0,7650.0,7650.0,7650.0,0,0.0,0.0
2024-10-23 13:50:00+09:00,7710.0,7730.0,7710.0,7720.0,102,0.0,0.0
2024-10-23 14:05:00+09:00,7660.0,7710.0,7660.0,7660.0,46,0.0,0.0
2024-10-23 14:15:00+09:00,7710.0,7710.0,7530.0,7710.0,975,0.0,0.0
2024-10-23 14:30:00+09:00,7640.0,7700.0,7630.0,7700.0,382,0.0,0.0
2024-10-23 14:35:00+09:00,7650.0,7650.0,7650.0,7650.0,0,0.0,0.0
2024-10-23 14:40:00+09:00,7710.0,7710.0,7710.0,7710.0,0,0.0,0.0
2024-10-24 09:00:00+09:00,7700.0,7700.0,7440.0,7670.0,75,0.0,0.0
2024-10-24 09:35:00+09:00,7630.0,7630.0,7630.0,7630.0,1,0.0,0.0
2024-10-24 09:40:00+09:00,7660.0,7660.0,7660.0,7660.0,1,0.0,0.0
2024-10-24 09:45:00+09:00,7530.0,7660.0,7530.0,7660.0,107,0.0,0.0
2024-10-24 09:50:00+09:00,7550.0,7550.0,7530.0,7530.0,24,0.0,0.0
2024-10-24 09:55:00+09:00,7530.0,7530.0,7530.0,7530.0,0,0.0,0.0
2024-10-24 10:00:00+09:00,7530.0,7530.0,7530.0,7530.0,40,0.0,0.0
2024-10-24 10:05:00+09:00,7530.0,7530.0,7530.0,7530.0,0,0.0,0.0
2024-10-24 10:10:00+09:00,7640.0,7640.0,7640.0,7640.0,0,0.0,0.0
2024-10-24 10:15:00+09:00,7620.0,7620.0,7620.0,7620.0,2,0.0,0.0
2024-10-24 10:20:00+09:00,7590.0,7590.0,7590.0,7590.0,2,0.0,0.0
2024-10-24 10:25:00+09:00,7640.0,7640.0,7630.0,7630.0,5,0.0,0.0
2024-10-24 10:35:00+09:00,7600.0,7600.0,7600.0,7600.0,19,0.0,0.0
2024-10-24 10:45:00+09:00,7540.0,7540.0,7540.0,7540.0,0,0.0,0.0
2024-10-24 10:50:00+09:00,7540.0,7610.0,7540.0,7610.0,35,0.0,0.0
2024-10-24 11:00:00+09:00,7550.0,7550.0,7500.0,7500.0,157,0.0,0.0
2024-10-24 11:05:00+09:00,7580.0,7580.0,7580.0,7580.0,0,0.0,0.0
2024-10-24 11:15:00+09:00,7590.0,7590.0,7590.0,7590.0,1,0.0,0.0
2024-10-24 11:25:00+09:00,7580.0,7580.0,7580.0,7580.0,30,0.0,0.0
2024-10-24 11:40:00+09:00,7590.0,7590.0,7590.0,7590.0,0,0.0,0.0
2024-10-24 11:50:00+09:00,7580.0,7580.0,7580.0,7580.0,699,0.0,0.0
2024-10-24 11:55:00+09:00,7580.0,7580.0,7580.0,7580.0,0,0.0,0.0
2024-10-24 12:00:00+09:00,7590.0,7590.0,7590.0,7590.0,24,0.0,0.0
2024-10-24 12:25:00+09:00,7600.0,7600.0,7600.0,7600.0,0,0.0,0.0
2024-10-24 12:30:00+09:00,7600.0,7600.0,7600.0,7600.0,0,0.0,0.0
2024-10-24 12:35:00+09:00,7580.0,7580.0,7580.0,7580.0,615,0.0,0.0
2024-10-24 12:50:00+09:00,7590.0,7590.0,7590.0,7590.0,0,0.0,0.0
2024-10-24 12:55:00+09:00,7610.0,7620.0,7610.0,7620.0,4,0.0,0.0
2024-10-24 13:00:00+09:00,7590.0,7590.0,7580.0,7580.0,52,0.0,0.0
2024-10-24 13:10:00+09:00,7610.0,7610.0,7610.0,7610.0,5,0.0,0.0
2024-10-24 13:55:00+09:00,7580.0,7580.0,7580.0,7580.0,17,0.0,0.0
2024-10-24 14:05:00+09:00,7530.0,7530.0,7530.0,7530.0,16,0.0,0.0
2024-10-24 14:10:00+09:00,7580.0,7580.0,7580.0,7580.0,0,0.0,0.0
2024-10-24 14:25:00+09:00,7520.0,7520.0,7510.0,7510.0,345,0.0,0.0
2024-10-24 14:30:00+09:00,7510.0,7650.0,7500.0,7650.0,2899,0.0,0.0
2024-10-24 14:40:00+09:00,7510.0,7510.0,7500.0,7500.0,127,0.0,0.0
2024-10-24 14:45:00+09:00,7500.0,7500.0,7500.0,7500.0,646,0.0,0.0
2024-10-24 14:55:00+09:00,7550.0,7580.0,7550.0,7580.0,0,0.0,0.0
2024-10-25 09:00:00+09:00,7630.0,7630.0,7600.0,7600.0,3,0.0,0.0
2024-10-25 09:05:00+09:00,7600.0,7600.0,7490.0,7490.0,229,0.0,0.0
2024-10-25 09:10:00+09:00,7600.0,7600.0,7600.0,7600.0,0,0.0,0.0
2024-10-25 09:15:00+09:00,7500.0,7500.0,7500.0,7500.0,85,0.0,0.0
2024-10-25 09:25:00+09:00,7500.0,7580.0,7500.0,7580.0,22,0.0,0.0
2024-10-25 09:30:00+09:00,7500.0,7500.0,7500.0,7500.0,51,0.0,0.0
2024-10-25 09:35:00+09:00,7590.0,7590.0,7590.0,7590.0,1,0.0,0.0
2024-10-25 09:45:00+09:00,7570.0,7570.0,7570.0,7570.0,41,0.0,0.0
2024-10-25 10:05:00+09:00,7590.0,7800.0,7590.0,7780.0,751,0.0,0.0
2024-10-25 10:10:00+09:00,7750.0,7750.0,7600.0,7670.0,117,0.0,0.0
2024-10-25 10:15:00+09:00,7670.0,7670.0,7670.0,7670.0,0,0.0,0.0
2024-10-25 10:20:00+09:00,7650.0,7650.0,7650.0,7650.0,1299,0.0,0.0
2024-10-25 10:25:00+09:00,7600.0,7600.0,7600.0,7600.0,1,0.0,0.0
2024-10-25 10:30:00+09:00,7650.0,7650.0,7600.0,7650.0,5,0.0,0.0
2024-10-25 10:50:00+09:00,7600.0,7650.0,7550.0,7630.0,148,0.0,0.0
2024-10-25 10:55:00+09:00,7630.0,7630.0,7630.0,7630.0,1,0.0,0.0
2024-10-25 11:05:00+09:00,7630.0,7630.0,7560.0,7630.0,4,0.0,0.0
2024-10-25 11:10:00+09:00,7630.0,7640.0,7630.0,7640.0,2,0.0,0.0
2024-10-25 11:55:00+09:00,7560.0,7560.0,7560.0,7560.0,86,0.0,0.0
2024-10-25 12:00:00+09:00,7550.0,7580.0,7550.0,7580.0,0,0.0,0.0
2024-10-25 12:25:00+09:00,7550.0,7570.0,7550.0,7570.0,5,0.0,0.0
2024-10-25 12:35:00+09:00,7570.0,7570.0,7570.0,7570.0,2,0.0,0.0
2024-10-25 13:00:00+09:00,7560.0,7560.0,7560.0,7560.0,0,0.0,0.0
2024-10-25 13:15:00+09:00,7560.0,7560.0,7520.0,7520.0,1701,0.0,0.0
2024-10-25 13:25:00+09:00,7560.0,7560.0,7560.0,7560.0,0,0.0,0.0
2024-10-25 13:30:00+09:00,7520.0,7560.0,7520.0,7560.0,17,0.0,0.0
2024-10-25 13:55:00+09:00,7540.0,7540.0,7540.0,7540.0,0,0.0,0.0
2024-10-25 14:00:00+09:00,7530.0,7560.0,7530.0,7560.0,100,0.0,0.0
2024-10-25 14:05:00+09:00,7530.0,7530.0,7530.0,7530.0,1,0.0,0.0
2024-10-25 14:10:00+09:00,7530.0,7530.0,7530.0,7530.0,2,0.0,0.0
2024-10-25 14:15:00+09:00,7520.0,7540.0,7520.0,7520.0,114,0.0,0.0
2024-10-25 14:20:00+09:00,7550.0,7550.0,7500.0,7500.0,200,0.0,0.0
2024-10-25 14:30:00+09:00,7500.0,7530.0,7500.0,7530.0,33,0.0,0.0
2024-10-25 14:40:00+09:00,7500.0,7500.0,7500.0,7500.0,1,0.0,0.0
2024-10-25 14:45:00+09:00,7500.0,7500.0,7490.0,7490.0,975,0.0,0.0
2024-10-25 14:55:00+09:00,7500.0,7500.0,7500.0,7500.0,0,0.0,0.0
2024-10-28 09:00:00+09:00,7460.0,7590.0,7460.0,7550.0,0,0.0,0.0
2024-10-28 09:15:00+09:00,7600.0,7670.0,7590.0,7590.0,0,0.0,0.0
2024-10-28 09:20:00+09:00,7530.0,7530.0,7480.0,7490.0,200,0.0,0.0
2024-10-28 09:25:00+09:00,7540.0,7580.0,7540.0,7580.0,5,0.0,0.0
2024-10-28 09:30:00+09:00,7490.0,7550.0,7470.0,7550.0,701,0.0,0.0
2024-10-28 09:35:00+09:00,7540.0,7540.0,7540.0,7540.0,1,0.0,0.0
2024-10-28 09:40:00+09:00,7540.0,7570.0,7540.0,7570.0,162,0.0,0.0
2024-10-28 09:45:00+09:00,7570.0,7580.0,7570.0,7580.0,161,0.0,0.0
2024-10-28 09:50:00+09:00,7500.0,7500.0,7500.0,7500.0,2,0.0,0.0
2024-10-28 09:55:00+09:00,7570.0,7670.0,7450.0,7510.0,403,0.0,0.0
2024-10-28 10:00:00+09:00,7570.0,7570.0,7570.0,7570.0,0,0.0,0.0
2024-10-28 10:05:00+09:00,7520.0,7520.0,7410.0,7410.0,1714,0.0,0.0
2024-10-28 10:10:00+09:00,7470.0,7560.0,7470.0,7560.0,188,0.0,0.0
2024-10-28 10:15:00+09:00,7560.0,7560.0,7560.0,7560.0,0,0.0,0.0
2024-10-28 10:20:00+09:00,7470.0,7470.0,7470.0,7470.0,1,0.0,0.0
2024-10-28 10:25:00+09:00,7560.0,7580.0,7470.0,7580.0,73,0.0,0.0
2024-10-28 10:30:00+09:00,7580.0,7580.0,7580.0,7580.0,1,0.0,0.0
2024-10-28 10:40:00+09:00,7570.0,7610.0,7570.0,7610.0,1700,0.0,0.0
2024-10-28 10:50:00+09:00,7610.0,7620.0,7610.0,7620.0,3,0.0,0.0
2024-10-28 11:05:00+09:00,7500.0,7510.0,7450.0,7510.0,224,0.0,0.0
2024-10-28 11:15:00+09:00,7510.0,7510.0,7510.0,7510.0,5,0.0,0.0
2024-10-28 11:50:00+09:00,7510.0,7510.0,7510.0,7510.0,53,0.0,0.0
2024-10-28 11:55:00+09:00,7550.0,7550.0,7550.0,7550.0,0,0.0,0.0
2024-10-28 12:00:00+09:00,7550.0,7550.0,7550.0,7550.0,40,0.0,0.0
2024-10-28 12:25:00+09:00,7510.0,7510.0,7510.0,7510.0,266,0.0,0.0
2024-10-28 12:50:00+09:00,7510.0,7510.0,7510.0,7510.0,15,0.0,0.0
2024-10-28 12:55:00+09:00,7540.0,7540.0,7540.0,7540.0,2,0.0,0.0
2024-10-28 13:00:00+09:00,7500.0,7500.0,7500.0,7500.0,1,0.0,0.0
2024-10-28 13:10:00+09:00,7540.0,7540.0,7540.0,7540.0,1,0.0,0.0
2024-10-28 14:00:00+09:00,7560.0,7560.0,7560.0,7560.0,2,0.0,0.0
2024-10-28 14:15:00+09:00,7560.0,7610.0,7560.0,7610.0,110,0.0,0.0
2024-10-28 14:20:00+09:00,7600.0,7650.0,7600.0,7650.0,114,0.0,0.0
2024-10-28 14:25:00+09:00,7640.0,7650.0,7520.0,7520.0,188,0.0,0.0
2024-10-28 14:30:00+09:00,7540.0,7540.0,7520.0,7520.0,29,0.0,0.0
2024-10-28 14:35:00+09:00,7600.0,7600.0,7600.0,7600.0,0,0.0,0.0
2024-10-28 14:45:00+09:00,7590.0,7590.0,7590.0,7590.0,1,0.0,0.0
2024-10-28 14:50:00+09:00,7590.0,7600.0,7590.0,7600.0,2,0.0,0.0
2024-10-29 09:00:00+09:00,7530.0,7570.0,7530.0,7570.0,33,0.0,0.0
2024-10-29 09:05:00+09:00,7570.0,7600.0,7570.0,7600.0,218,0.0,0.0
2024-10-29 09:10:00+09:00,7650.0,7660.0,7650.0,7660.0,0,0.0,0.0
2024-10-29 09:15:00+09:00,7660.0,7660.0,7660.0,7660.0,19,0.0,0.0
2024-10-29 09:25:00+09:00,7600.0,7600.0,7600.0,7600.0,0,0.0,0.0
2024-10-29 09:30:00+09:00,7600.0,7650.0,7600.0,7600.0,17,0.0,0.0
2024-10-29 09:35:00+09:00,7600.0,7600.0,7560.0,7560.0,59,0.0,0.0
2024-10-29 09:40:00+09:00,7610.0,7620.0,7610.0,7620.0,4,0.0,0.0
2024-10-29 09:50:00+09:00,7610.0,7630.0,7610.0,7630.0,10,0.0,0.0
2024-10-29 10:00:00+09:00,7630.0,7660.0,7630.0,7660.0,511,0.0,0.0
2024-10-29 10:10:00+09:00,7660.0,7700.0,7600.0,7600.0,240,0.0,0.0
2024-10-29 10:15:00+09:00,7700.0,7700.0,7700.0,7700.0,0,0.0,0.0
2024-10-29 10:55:00+09:00,7670.0,7670.0,7660.0,7670.0,74,0.0,0.0
2024-10-29 11:05:00+09:00,7680.0,7720.0,7680.0,7720.0,184,0.0,0.0
2024-10-29 11:10:00+09:00,7720.0,7730.0,7710.0,7710.0,27,0.0,0.0
2024-10-29 11:25:00+09:00,7680.0,7700.0,7680.0,7700.0,8,0.0,0.0
2024-10-29 11:40:00+09:00,7690.0,7690.0,7690.0,7690.0,0,0.0,0.0
2024-10-29 11:45:00+09:00,7690.0,7690.0,7690.0,7690.0,2,0.0,0.0
2024-10-29 11:50:00+09:00,7690.0,7690.0,7690.0,7690.0,3,0.0,0.0
2024-10-29 12:00:00+09:00,7700.0,7700.0,7690.0,7690.0,9,0.0,0.0
2024-10-29 12:10:00+09:00,7690.0,7700.0,7690.0,7700.0,199,0.0,0.0
2024-10-29 12:15:00+09:00,7680.0,7680.0,7680.0,7680.0,0,0.0,0.0
2024-10-29 12:25:00+09:00,7680.0,7680.0,7680.0,7680.0,52,0.0,0.0
2024-10-29 12:55:00+09:00,7650.0,7660.0,7650.0,7660.0,0,0.0,0.0
2024-10-29 13:05:00+09:00,7670.0,7670.0,7670.0,7670.0,5,0.0,0.0
2024-10-29 13:25:00+09:00,7670.0,7670.0,7670.0,7670.0,2,0.0,0.0
2024-10-29 13:35:00+09:00,7670.0,7670.0,7670.0,7670.0,17,0.0,0.0
2024-10-29 13:40:00+09:00,7670.0,7670.0,7670.0,7670.0,0,0.0,0.0
2024-10-29 13:45:00+09:00,7660.0,7660.0,7660.0,7660.0,1,0.0,0.0
2024-10-29 13:50:00+09:00,7670.0,7670.0,7670.0,7670.0,1,0.0,0.0
2024-10-29 13:55:00+09:00,7640.0,7640.0,7640.0,7640.0,200,0.0,0.0
2024-10-29 14:00:00+09:00,7670.0,7670.0,7670.0,7670.0,0,0.0,0.0
2024-10-29 14:05:00+09:00,7640.0,7660.0,7630.0,7660.0,100,0.0,0.0
2024-10-29 14:30:00+09:00,7660.0,7660.0,7660.0,7660.0,1,0.0,0.0
2024-10-29 14:35:00+09:00,7670.0,7690.0,7670.0,7690.0,20,0.0,0.0
2024-10-29 14:45:00+09:00,7640.0,7640.0,7640.0,7640.0,8,0.0,0.0
2024-10-29 14:50:00+09:00,7640.0,7690.0,7640.0,7690.0,25,0.0,0.0
2024-10-30 09:00:00+09:00,7680.0,7740.0,7680.0,7740.0,63,0.0,0.0
2024-10-30 09:05:00+09:00,7710.0,7730.0,7710.0,7730.0,36,0.0,0.0
2024-10-30 09:10:00+09:00,7720.0,7720.0,7720.0,7720.0,11,0.0,0.0
2024-10-30 09:20:00+09:00,7690.0,7690.0,7630.0,7690.0,421,0.0,0.0
2024-10-30 09:35:00+09:00,7650.0,7690.0,7650.0,7690.0,12,0.0,0.0
2024-10-30 09:40:00+09:00,7690.0,7690.0,7690.0,7690.0,1,0.0,0.0
2024-10-30 10:05:00+09:00,7680.0,7680.0,7680.0,7680.0,1,0.0,0.0
2024-10-30 10:20:00+09:00,7680.0,7680.0,7680.0,7680.0,16,0.0,0.0
2024-10-30 10:25:00+09:00,7660.0,7660.0,7660.0,7660.0,195,0.0,0.0
2024-10-30 10:30:00+09:00,7660.0,7660.0,7660.0,7660.0,0,0.0,0.0
2024-10-30 10:40:00+09:00,7660.0,7660.0,7660.0,7660.0,0,0.0,0.0
2024-10-30 10:45:00+09:00,7660.0,7660.0,7660.0,7660.0,166,0.0,0.0
2024-10-30 11:00:00+09:00,7660.0,7660.0,7660.0,7660.0,0,0.0,0.0
2024-10-30 11:05:00+09:00,7660.0,7660.0,7660.0,7660.0,1,0.0,0.0
2024-10-30 11:15:00+09:00,7660.0,7660.0,7660.0,7660.0,9,0.0,0.0
2024-10-30 11:55:00+09:00,7660.0,7660.0,7660.0,7660.0,0,0.0,0.0
2024-10-30 12:05:00+09:00,7660.0,7680.0,7660.0,7680.0,184,0.0,0.0
2024-10-30 12:35:00+09:00,7660.0,7660.0,7630.0,7630.0,96,0.0,0.0
2024-10-30 12:45:00+09:00,7670.0,7670.0,7670.0,7670.0,0,0.0,0.0
2024-10-30 13:20:00+09:00,7670.0,7670.0,7670.0,7670.0,19,0.0,0.0
2024-10-30 13:25:00+09:00,7640.0,7680.0,7640.0,7680.0,7,0.0,0.0
2024-10-30 13:40:00+09:00,7680.0,7680.0,7680.0,7680.0,275,0.0,0.0
2024-10-30 13:45:00+09:00,7690.0,7690.0,7690.0,7690.0,0,0.0,0.0
2024-10-30 13:50:00+09:00,7690.0,7690.0,7690.0,7690.0,39,0.0,0.0
2024-10-30 14:10:00+09:00,7650.0,7690.0,7650.0,7690.0,176,0.0,0.0
2024-10-30 14:35:00+09:00,7650.0,7650.0,7640.0,7640.0,315,0.0,0.0
2024-10-30 14:40:00+09:00,7690.0,7690.0,7690.0,7690.0,2,0.0,0.0
2024-10-30 14:45:00+09:00,7640.0,7640.0,7630.0,7630.0,33,0.0,0.0
2024-10-30 14:55:00+09:00,7630.0,7630.0,7630.0,7630.0,18,0.0,0.0
2024-10-31 09:00:00+09:00,7580.0,7680.0,7580.0,7680.0,159,0.0,0.0
2024-10-31 09:05:00+09:00,7600.0,7680.0,7600.0,7680.0,121,0.0,0.0
2024-10-31 09:10:00+09:00,7640.0,7650.0,7640.0,7650.0,63,0.0,0.0
2024-10-31 09:15:00+09:00,7650.0,7650.0,7650.0,7650.0,0,0.0,0.0
2024-10-31 09:25:00+09:00,7650.0,7650.0,7650.0,7650.0,55,0.0,0.0
2024-10-31 09:30:00+09:00,7650.0,7650.0,7650.0,7650.0,0,0.0,0.0
2024-10-31 09:35:00+09:00,7660.0,7660.0,7660.0,7660.0,38,0.0,0.0
2024-10-31 09:40:00+09:00,7660.0,7660.0,7650.0,7660.0,405,0.0,0.0
2024-10-31 09:45:00+09:00,7670.0,7760.0,7670.0,7760.0,912,0.0,0.0
2024-10-31 09:50:00+09:00,7750.0,7750.0,7720.0,7720.0,470,0.0,0.0
2024-10-31 09:55:00+09:00,7700.0,7760.0,7700.0,7760.0,0,0.0,0.0
2024-10-31 10:00:00+09:00,7750.0,7750.0,7740.0,7740.0,398,0.0,0.0
2024-10-31 10:05:00+09:00,7750.0,7750.0,7750.0,7750.0,21,0.0,0.0
2024-10-31 10:10:00+09:00,7750.0,7760.0,7740.0,7740.0,113,0.0,0.0
2024-10-31 10:15:00+09:00,7760.0,7760.0,7740.0,7760.0,188,0.0,0.0
2024-10-31 10:25:00+09:00,7760.0,7760.0,7760.0,7760.0,1,0.0,0.0
2024-10-31 10:45:00+09:00,7700.0,7750.0,7700.0,7750.0,82,0.0,0.0
2024-10-31 10:55:00+09:00,7700.0,7750.0,7700.0,7750.0,80,0.0,0.0
2024-10-31 11:00:00+09:00,7700.0,7700.0,7700.0,7700.0,5,0.0,0.0
2024-10-31 11:05:00+09:00,7700.0,7700.0,7700.0,7700.0,8,0.0,0.0
2024-10-31 11:10:00+09:00,7740.0,7750.0,7740.0,7750.0,2,0.0,0.0
2024-10-31 11:15:00+09:00,7750.0,7770.0,7750.0,7770.0,200,0.0,0.0
2024-10-31 11:20:00+09:00,7710.0,7710.0,7710.0,7710.0,87,0.0,0.0
2024-10-31 11:25:00+09:00,7770.0,7770.0,7710.0,7710.0,3,0.0,0.0
2024-10-31 11:30:00+09:00,7710.0,7710.0,7710.0,7710.0,139,0.0,0.0
2024-10-31 11:35:00+09:00,7710.0,7710.0,7710.0,7710.0,0,0.0,0.0
2024-10-31 11:40:00+09:00,7770.0,7770.0,7770.0,7770.0,0,0.0,0.0
2024-10-31 11:55:00+09:00,7770.0,7770.0,7770.0,7770.0,0,0.0,0.0
2024-10-31 12:05:00+09:00,7720.0,7720.0,7650.0,7650.0,701,0.0,0.0
2024-10-31 12:10:00+09:00,7740.0,7740.0,7740.0,7740.0,2,0.0,0.0
2024-10-31 12:45:00+09:00,7690.0,7690.0,7650.0,7650.0,4,0.0,0.0
2024-10-31 13:05:00+09:00,7690.0,7690.0,7650.0,7650.0,6,0.0,0.0
2024-10-31 13:10:00+09:00,7690.0,7690.0,7690.0,7690.0,0,0.0,0.0
2024-10-31 13:50:00+09:00,7670.0,7670.0,7670.0,7670.0,755,0.0,0.0
2024-10-31 13:55:00+09:00,7690.0,7690.0,7580.0,7690.0,0,0.0,0.0
2024-10-31 14:20:00+09:00,7690.0,7690.0,7680.0,7680.0,20,0.0,0.0
2024-10-31 14:25:00+09:00,7690.0,7690.0,7690.0,7690.0,136,0.0,0.0
2024-10-31 14:50:00+09:00,7670.0,7670.0,7660.0,7660.0,60,0.0,0.0
2024-10-31 14:55:00+09:00,7660.0,7660.0,7660.0,7660.0,82,0.0,0.0
2024-11-01 09:05:00+09:00,7690.0,7690.0,7650.0,7650.0,6,0.0,0.0
2024-11-01 09:10:00+09:00,7690.0,7690.0,7650.0,7650.0,3,0.0,0.0
2024-11-01 09:15:00+09:00,7690.0,7690.0,7690.0,7690.0,8,0.0,0.0
2024-11-01 09:25:00+09:00,7590.0,7590.0,7590.0,7590.0,82,0.0,0.0
2024-11-01 09:35:00+09:00,7680.0,7680.0,7680.0,7680.0,0,0.0,0.0
2024-11-01 09:40:00+09:00,7520.0,7520.0,7520.0,7520.0,5,0.0,0.0
2024-11-01 09:45:00+09:00,7660.0,7680.0,7660.0,7670.0,19,0.0,0.0
2024-11-01 10:00:00+09:00,7670.0,8600.0,7670.0,8410.0,29033,0.0,0.0
2024-11-01 10:05:00+09:00,8450.0,9400.0,8350.0,8650.0,160621,0.0,0.0
2024-11-01 10:10:00+09:00,8640.0,9260.0,8550.0,8900.0,131925,0.0,0.0
2024-11-01 10:15:00+09:00,8900.0,9100.0,8530.0,8590.0,34241,0.0,0.0
2024-11-01 10:20:00+09:00,8540.0,8590.0,8000.0,8020.0,30849,0.0,0.0
2024-11-01 10:25:00+09:00,8030.0,8380.0,7880.0,8130.0,33006,0.0,0.0
2024-11-01 10:30:00+09:00,8130.0,8280.0,7910.0,7950.0,11420,0.0,0.0
2024-11-01 10:35:00+09:00,7950.0,8190.0,7910.0,8150.0,8450,0.0,0.0
2024-11-01 10:40:00+09:00,8140.0,8150.0,8000.0,8000.0,6926,0.0,0.0
2024-11-01 10:45:00+09:00,8000.0,8000.0,7870.0,7930.0,5854,0.0,0.0
2024-11-01 10:50:00+09:00,7920.0,7920.0,7820.0,7830.0,7228,0.0,0.0
2024-11-01 10:55:00+09:00,7830.0,7890.0,7820.0,7880.0,2009,0.0,0.0
2024-11-01 11:00:00+09:00,7850.0,7910.0,7780.0,7900.0,5136,0.0,0.0
2024-11-01 11:05:00+09:00,7890.0,7890.0,7720.0,7760.0,2348,0.0,0.0
2024-11-01 11:10:00+09:00,7730.0,7840.0,7720.0,7790.0,1932,0.0,0.0
2024-11-01 11:15:00+09:00,7740.0,7740.0,7620.0,7730.0,3648,0.0,0.0
2024-11-01 11:20:00+09:00,7650.0,7770.0,7610.0,7610.0,1954,0.0,0.0
2024-11-01 11:25:00+09:00,7610.0,7630.0,7530.0,7530.0,2294,0.0,0.0
2024-11-01 11:30:00+09:00,7580.0,7620.0,7530.0,7530.0,1347,0.0,0.0
2024-11-01 11:35:00+09:00,7530.0,7530.0,7490.0,7500.0,3305,0.0,0.0
2024-11-01 11:40:00+09:00,7500.0,7540.0,7500.0,7540.0,188,0.0,0.0
2024-11-01 11:45:00+09:00,7500.0,7590.0,7500.0,7520.0,78,0.0,0.0
2024-11-01 11:50:00+09:00,7560.0,7570.0,7510.0,7570.0,505,0.0,0.0
2024-11-01 11:55:00+09:00,7540.0,7560.0,7520.0,7560.0,696,0.0,0.0
2024-11-01 12:00:00+09:00,7560.0,7560.0,7520.0,7520.0,312,0.0,0.0
2024-11-01 12:05:00+09:00,7520.0,7530.0,7510.0,7510.0,852,0.0,0.0
2024-11-01 12:10:00+09:00,7510.0,7560.0,7510.0,7560.0,0,0.0,0.0
2024-11-01 12:15:00+09:00,7530.0,7580.0,7510.0,7530.0,2438,0.0,0.0
2024-11-01 12:20:00+09:00,7530.0,7550.0,7530.0,7550.0,133,0.0,0.0
2024-11-01 12:25:00+09:00,7540.0,7550.0,7530.0,7540.0,100,0.0,0.0
2024-11-01 12:30:00+09:00,7610.0,7670.0,7610.0,7670.0,1815,0.0,0.0
2024-11-01 12:35:00+09:00,7570.0,7650.0,7570.0,7630.0,0,0.0,0.0
2024-11-01 12:40:00+09:00,7630.0,7630.0,7550.0,7550.0,89,0.0,0.0
2024-11-01 12:45:00+09:00,7540.0,7580.0,7530.0,7580.0,1145,0.0,0.0
2024-11-01 12:50:00+09:00,7580.0,7640.0,7570.0,7620.0,270,0.0,0.0
2024-11-01 12:55:00+09:00,7620.0,7660.0,7590.0,7590.0,1751,0.0,0.0
2024-11-01 13:00:00+09:00,7590.0,7650.0,7590.0,7650.0,232,0.0,0.0
2024-11-01 13:05:00+09:00,7610.0,7650.0,7590.0,7640.0,289,0.0,0.0
2024-11-01 13:10:00+09:00,7620.0,7620.0,7590.0,7610.0,53,0.0,0.0
2024-11-01 13:15:00+09:00,7590.0,7590.0,7530.0,7530.0,2003,0.0,0.0
2024-11-01 13:20:00+09:00,7530.0,7550.0,7520.0,7520.0,359,0.0,0.0
2024-11-01 13:25:00+09:00,7520.0,7540.0,7520.0,7520.0,605,0.0,0.0
2024-11-01 13:30:00+09:00,7520.0,7590.0,7520.0,7590.0,636,0.0,0.0
2024-11-01 13:35:00+09:00,7510.0,7510.0,7510.0,7510.0,372,0.0,0.0
2024-11-01 13:40:00+09:00,7560.0,7580.0,7560.0,7580.0,1041,0.0,0.0
2024-11-01 13:45:00+09:00,7520.0,7540.0,7520.0,7530.0,0,0.0,0.0
2024-11-01 13:50:00+09:00,7530.0,7530.0,7490.0,7500.0,3354,0.0,0.0
2024-11-01 13:55:00+09:00,7500.0,7500.0,7480.0,7480.0,1458,0.0,0.0
2024-11-01 14:00:00+09:00,7520.0,7570.0,7490.0,7490.0,594,0.0,0.0
2024-11-01 14:05:00+09:00,7500.0,7500.0,7480.0,7480.0,350,0.0,0.0
2024-11-01 14:10:00+09:00,7490.0,7570.0,7490.0,7570.0,0,0.0,0.0
2024-11-01 14:15:00+09:00,7490.0,7510.0,7490.0,7510.0,172,0.0,0.0
2024-11-01 14:20:00+09:00,7550.0,7550.0,7500.0,7500.0,583,0.0,0.0
2024-11-01 14:25:00+09:00,7500.0,7540.0,7500.0,7520.0,145,0.0,0.0
2024-11-01 14:30:00+09:00,7510.0,7510.0,7500.0,7510.0,153,0.0,0.0
2024-11-01 14:35:00+09:00,7540.0,7540.0,7510.0,7510.0,12,0.0,0.0
2024-11-01 14:40:00+09:00,7510.0,7510.0,7500.0,7510.0,331,0.0,0.0
2024-11-01 14:45:00+09:00,7540.0,7540.0,7540.0,7540.0,490,0.0,0.0
2024-11-01 14:50:00+09:00,7540.0,7650.0,7540.0,7570.0,321,0.0,0.0
2024-11-01 14:55:00+09:00,7650.0,7650.0,7650.0,7650.0,193,0.0,0.0
