Datetime,Open,High,Low,Close,Volume,Dividends,Stock Splits
2024-10-02 09:00:00+09:00,1908.0,1908.0,1880.0,1880.0,0,0.0,0.0
2024-10-02 09:05:00+09:00,1883.0,1884.0,1877.0,1880.0,8633,0.0,0.0
2024-10-02 09:10:00+09:00,1900.0,1901.0,1898.0,1898.0,362,0.0,0.0
2024-10-02 09:15:00+09:00,1898.0,1898.0,1881.0,1893.0,479,0.0,0.0
2024-10-02 09:20:00+09:00,1893.0,1895.0,1893.0,1895.0,92,0.0,0.0
2024-10-02 09:25:00+09:00,1883.0,1895.0,1881.0,1893.0,619,0.0,0.0
2024-10-02 09:30:00+09:00,1893.0,1893.0,1882.0,1882.0,67,0.0,0.0
2024-10-02 09:35:00+09:00,1889.0,1889.0,1887.0,1887.0,6,0.0,0.0
2024-10-02 09:40:00+09:00,1887.0,1895.0,1886.0,1895.0,329,0.0,0.0
2024-10-02 09:45:00+09:00,1885.0,1894.0,1885.0,1893.0,121,0.0,0.0
2024-10-02 09:50:00+09:00,1893.0,1893.0,1893.0,1893.0,8,0.0,0.0
2024-10-02 09:55:00+09:00,1892.0,1892.0,1892.0,1892.0,93,0.0,0.0
2024-10-02 10:00:00+09:00,1885.0,1919.0,1885.0,1918.0,329,0.0,0.0
2024-10-02 10:05:00+09:00,1894.0,1916.0,1894.0,1915.0,1048,0.0,0.0
2024-10-02 10:10:00+09:00,1915.0,1915.0,1892.0,1914.0,0,0.0,0.0
2024-10-02 10:15:00+09:00,1913.0,1915.0,1898.0,1915.0,90,0.0,0.0
2024-10-02 10:20:00+09:00,1915.0,1915.0,1893.0,1910.0,88,0.0,0.0
2024-10-02 10:25:00+09:00,1907.0,1907.0,1892.0,1907.0,118,0.0,0.0
2024-10-02 10:30:00+09:00,1907.0,1915.0,1907.0,1913.0,27,0.0,0.0
2024-10-02 10:35:00+09:00,1914.0,1914.0,1912.0,1912.0,9,0.0,0.0
2024-10-02 10:40:00+09:00,1912.0,1912.0,1910.0,1910.0,8,0.0,0.0
2024-10-02 10:45:00+09:00,1910.0,1910.0,1901.0,1908.0,90,0.0,0.0
2024-10-02 10:50:00+09:00,1908.0,1908.0,1901.0,1907.0,94,0.0,0.0
2024-10-02 10:55:00+09:00,1906.0,1907.0,1902.0,1906.0,104,0.0,0.0
2024-10-02 11:00:00+09:00,1906.0,1906.0,1900.0,1905.0,133,0.0,0.0
2024-10-02 11:05:00+09:00,1905.0,1906.0,1901.0,1905.0,89,0.0,0.0
2024-10-02 11:10:00+09:00,1905.0,1905.0,1900.0,1904.0,562,0.0,0.0
2024-10-02 11:15:00+09:00,1904.0,1904.0,1900.0,1903.0,271,0.0,0.0
2024-10-02 11:20:00+09:00,1903.0,1903.0,1900.0,1902.0,133,0.0,0.0
2024-10-02 11:25:00+09:00,1902.0,1902.0,1900.0,1901.0,111,0.0,0.0
2024-10-02 11:30:00+09:00,1901.0,1906.0,1901.0,1905.0,79,0.0,0.0
2024-10-02 11:35:00+09:00,1905.0,1906.0,1897.0,1897.0,269,0.0,0.0
2024-10-02 11:40:00+09:00,1906.0,1906.0,1898.0,1905.0,15,0.0,0.0
2024-10-02 11:45:00+09:00,1905.0,1905.0,1899.0,1900.0,224,0.0,0.0
2024-10-02 11:50:00+09:00,1900.0,1900.0,1899.0,1900.0,181,0.0,0.0
2024-10-02 11:55:00+09:00,1900.0,1900.0,1898.0,1900.0,72,0.0,0.0
2024-10-02 12:00:00+09:00,1900.0,1900.0,1898.0,1899.0,375,0.0,0.0
2024-10-02 12:05:00+09:00,1908.0,1908.0,1907.0,1907.0,21,0.0,0.0
2024-10-02 12:10:00+09:00,1907.0,1907.0,1899.0,1899.0,89,0.0,0.0
2024-10-02 12:15:00+09:00,1907.0,1907.0,1899.0,1906.0,84,0.0,0.0
2024-10-02 12:20:00+09:00,1906.0,1916.0,1906.0,1916.0,10354,0.0,0.0
2024-10-02 12:25:00+09:00,1916.0,1916.0,1913.0,1913.0,0,0.0,0.0
2024-10-02 12:30:00+09:00,1913.0,1915.0,1900.0,1900.0,215,0.0,0.0
2024-10-02 12:35:00+09:00,1914.0,1914.0,1913.0,1913.0,0,0.0,0.0
2024-10-02 12:40:00+09:00,1913.0,1913.0,1904.0,1904.0,126,0.0,0.0
2024-10-02 12:45:00+09:00,1912.0,1912.0,1904.0,1904.0,43,0.0,0.0
2024-10-02 12:50:00+09:00,1911.0,1911.0,1911.0,1911.0,8,0.0,0.0
2024-10-02 12:55:00+09:00,1910.0,1910.0,1904.0,1910.0,91,0.0,0.0
2024-10-02 13:00:00+09:00,1909.0,1909.0,1904.0,1904.0,94,0.0,0.0
2024-10-02 13:05:00+09:00,1904.0,1908.0,1904.0,1904.0,218,0.0,0.0
2024-10-02 13:10:00+09:00,1907.0,1907.0,1906.0,1906.0,0,0.0,0.0
2024-10-02 13:15:00+09:00,1900.0,1906.0,1900.0,1906.0,107,0.0,0.0
2024-10-02 13:20:00+09:00,1906.0,1907.0,1906.0,1907.0,214,0.0,0.0
2024-10-02 13:25:00+09:00,1906.0,1906.0,1899.0,1906.0,295,0.0,0.0
2024-10-02 13:30:00+09:00,1905.0,1905.0,1899.0,1905.0,101,0.0,0.0
2024-10-02 13:35:00+09:00,1899.0,1904.0,1899.0,1903.0,220,0.0,0.0
2024-10-02 13:40:00+09:00,1903.0,1903.0,1902.0,1902.0,8,0.0,0.0
2024-10-02 13:45:00+09:00,1902.0,1902.0,1898.0,1901.0,84,0.0,0.0
2024-10-02 13:50:00+09:00,1900.0,1900.0,1900.0,1900.0,81,0.0,0.0
2024-10-02 13:55:00+09:00,1898.0,1899.0,1897.0,1899.0,191,0.0,0.0
2024-10-02 14:00:00+09:00,1899.0,1899.0,1897.0,1899.0,517,0.0,0.0
2024-10-02 14:05:00+09:00,1903.0,1903.0,1902.0,1902.0,10,0.0,0.0
2024-10-02 14:10:00+09:00,1902.0,1902.0,1901.0,1901.0,8,0.0,0.0
2024-10-02 14:15:00+09:00,1900.0,1900.0,1900.0,1900.0,6,0.0,0.0
2024-10-02 14:20:00+09:00,1900.0,1900.0,1898.0,1899.0,99,0.0,0.0
2024-10-02 14:25:00+09:00,1899.0,1899.0,1898.0,1899.0,76,0.0,0.0
2024-10-02 14:30:00+09:00,1898.0,1899.0,1898.0,1898.0,88,0.0,0.0
2024-10-02 14:35:00+09:00,1898.0,1899.0,1897.0,1899.0,762,0.0,0.0
2024-10-02 14:40:00+09:00,1899.0,1903.0,1899.0,1902.0,27,0.0,0.0
2024-10-02 14:45:00+09:00,1902.0,1902.0,1897.0,1901.0,100,0.0,0.0
2024-10-02 14:50:00+09:00,1901.0,1903.0,1897.0,1901.0,703,0.0,0.0
2024-10-02 14:55:00+09:00,1901.0,1913.0,1901.0,1903.0,318,0.0,0.0
2024-10-04 09:00:00+09:00,1876.0,1880.0,1874.0,1880.0,0,0.0,0.0
2024-10-04 09:05:00+09:00,1885.0,1885.0,1885.0,1885.0,0,0.0,0.0
2024-10-04 09:10:00+09:00,1885.0,1885.0,1885.0,1885.0,0,0.0,0.0
2024-10-04 09:15:00+09:00,1878.0,1882.0,1878.0,1882.0,83,0.0,0.0
2024-10-04 09:20:00+09:00,1882.0,1885.0,1882.0,1883.0,168,0.0,0.0
2024-10-04 09:25:00+09:00,1883.0,1890.0,1883.0,1883.0,117,0.0,0.0
2024-10-04 09:30:00+09:00,1883.0,1890.0,1883.0,1883.0,89,0.0,0.0
2024-10-04 09:35:00+09:00,1883.0,1883.0,1882.0,1883.0,105,0.0,0.0
2024-10-04 09:40:00+09:00,1883.0,1901.0,1883.0,1884.0,6388,0.0,0.0
2024-10-04 09:45:00+09:00,1884.0,1900.0,1884.0,1900.0,441,0.0,0.0
2024-10-04 09:50:00+09:00,1885.0,1887.0,1885.0,1886.0,0,0.0,0.0
2024-10-04 09:55:00+09:00,1886.0,1886.0,1886.0,1886.0,92,0.0,0.0
2024-10-04 10:00:00+09:00,1886.0,1899.0,1886.0,1899.0,65,0.0,0.0
2024-10-04 10:05:00+09:00,1886.0,1899.0,1886.0,1886.0,106,0.0,0.0
2024-10-04 10:10:00+09:00,1886.0,1905.0,1886.0,1888.0,163,0.0,0.0
2024-10-04 10:15:00+09:00,1887.0,1903.0,1886.0,1887.0,311,0.0,0.0
2024-10-04 10:20:00+09:00,1887.0,1888.0,1887.0,1888.0,96,0.0,0.0
2024-10-04 10:25:00+09:00,1890.0,1900.0,1890.0,1895.0,117,0.0,0.0
2024-10-04 10:30:00+09:00,1895.0,1910.0,1895.0,1895.0,1579,0.0,0.0
2024-10-04 10:35:00+09:00,1895.0,1895.0,1895.0,1895.0,89,0.0,0.0
2024-10-04 10:40:00+09:00,1895.0,1895.0,1895.0,1895.0,89,0.0,0.0
2024-10-04 10:45:00+09:00,1895.0,1895.0,1894.0,1894.0,65,0.0,0.0
2024-10-04 10:50:00+09:00,1904.0,1904.0,1894.0,1894.0,263,0.0,0.0
2024-10-04 10:55:00+09:00,1894.0,1894.0,1893.0,1893.0,349,0.0,0.0
2024-10-04 11:00:00+09:00,1908.0,1908.0,1908.0,1908.0,292,0.0,0.0
2024-10-04 11:05:00+09:00,1908.0,1908.0,1894.0,1894.0,246,0.0,0.0
2024-10-04 11:10:00+09:00,1894.0,1909.0,1894.0,1896.0,1585,0.0,0.0
2024-10-04 11:15:00+09:00,1896.0,1896.0,1896.0,1896.0,78,0.0,0.0
2024-10-04 11:20:00+09:00,1895.0,1908.0,1895.0,1900.0,87,0.0,0.0
2024-10-04 11:25:00+09:00,1900.0,1900.0,1900.0,1900.0,372,0.0,0.0
2024-10-04 11:30:00+09:00,1908.0,1908.0,1900.0,1900.0,74,0.0,0.0
2024-10-04 11:35:00+09:00,1900.0,1900.0,1900.0,1900.0,753,0.0,0.0
2024-10-04 11:40:00+09:00,1900.0,1915.0,1900.0,1911.0,971,0.0,0.0
2024-10-04 11:45:00+09:00,1911.0,1934.0,1906.0,1907.0,1713,0.0,0.0
2024-10-04 11:50:00+09:00,1907.0,1931.0,1902.0,1931.0,2400,0.0,0.0
2024-10-04 11:55:00+09:00,1932.0,2170.0,1932.0,2115.0,125361,0.0,0.0
2024-10-04 12:00:00+09:00,2120.0,2200.0,2065.0,2130.0,351220,0.0,0.0
2024-10-04 12:05:00+09:00,2135.0,2240.0,2100.0,2200.0,341874,0.0,0.0
2024-10-04 12:10:00+09:00,2205.0,2235.0,2160.0,2160.0,115847,0.0,0.0
2024-10-04 12:15:00+09:00,2160.0,2180.0,2120.0,2135.0,108101,0.0,0.0
2024-10-04 12:20:00+09:00,2145.0,2240.0,2140.0,2155.0,331991,0.0,0.0
2024-10-04 12:25:00+09:00,2160.0,2205.0,2150.0,2185.0,103389,0.0,0.0
2024-10-04 12:30:00+09:00,2190.0,2225.0,2130.0,2130.0,92160,0.0,0.0
2024-10-04 12:35:00+09:00,2130.0,2155.0,2100.0,2130.0,57206,0.0,0.0
2024-10-04 12:40:00+09:00,2125.0,2140.0,2100.0,2110.0,27184,0.0,0.0
2024-10-04 12:45:00+09:00,2110.0,2120.0,2060.0,2065.0,77025,0.0,0.0
2024-10-04 12:50:00+09:00,2065.0,2100.0,2050.0,2090.0,36042,0.0,0.0
2024-10-04 12:55:00+09:00,2090.0,2095.0,2055.0,2075.0,20166,0.0,0.0
2024-10-04 13:00:00+09:00,2075.0,2090.0,2055.0,2080.0,11457,0.0,0.0
2024-10-04 13:05:00+09:00,2085.0,2085.0,2010.0,2015.0,93772,0.0,0.0
2024-10-04 13:10:00+09:00,2025.0,2025.0,1995.0,2000.0,48884,0.0,0.0
2024-10-04 13:15:00+09:00,2000.0,2025.0,1999.0,1999.0,34654,0.0,0.0
2024-10-04 13:20:00+09:00,1999.0,2010.0,1993.0,2005.0,14274,0.0,0.0
2024-10-04 13:25:00+09:00,2005.0,2005.0,1986.0,1998.0,8586,0.0,0.0
2024-10-04 13:30:00+09:00,1997.0,1998.0,1980.0,1982.0,15769,0.0,0.0
2024-10-04 13:35:00+09:00,1983.0,1983.0,1959.0,1963.0,30997,0.0,0.0
2024-10-04 13:40:00+09:00,1964.0,1971.0,1961.0,1970.0,15203,0.0,0.0
2024-10-04 13:45:00+09:00,1970.0,1988.0,1970.0,1970.0,20592,0.0,0.0
2024-10-04 13:50:00+09:00,1971.0,1971.0,1968.0,1969.0,3005,0.0,0.0
2024-10-04 13:55:00+09:00,1970.0,1976.0,1955.0,1968.0,17631,0.0,0.0
2024-10-04 14:00:00+09:00,1968.0,1982.0,1960.0,1965.0,5989,0.0,0.0
2024-10-04 14:05:00+09:00,1965.0,1973.0,1958.0,1959.0,4349,0.0,0.0
2024-10-04 14:10:00+09:00,1960.0,1965.0,1958.0,1958.0,4839,0.0,0.0
2024-10-04 14:15:00+09:00,1958.0,1958.0,1956.0,1956.0,2567,0.0,0.0
2024-10-04 14:20:00+09:00,1957.0,1958.0,1953.0,1953.0,20654,0.0,0.0
2024-10-04 14:25:00+09:00,1954.0,1954.0,1942.0,1944.0,15911,0.0,0.0
2024-10-04 14:30:00+09:00,1944.0,1963.0,1944.0,1963.0,3112,0.0,0.0
2024-10-04 14:35:00+09:00,1963.0,1963.0,1951.0,1951.0,2535,0.0,0.0
2024-10-04 14:40:00+09:00,1951.0,1959.0,1951.0,1959.0,2762,0.0,0.0
2024-10-04 14:45:00+09:00,1959.0,1963.0,1951.0,1963.0,12211,0.0,0.0
2024-10-04 14:50:00+09:00,1963.0,1972.0,1956.0,1956.0,4665,0.0,0.0
2024-10-04 14:55:00+09:00,1964.0,1965.0,1956.0,1961.0,1349,0.0,0.0
2024-10-07 09:00:00+09:00,1948.0,1981.0,1948.0,1979.0,0,0.0,0.0
2024-10-07 09:05:00+09:00,1979.0,2055.0,1977.0,2040.0,33802,0.0,0.0
2024-10-07 09:10:00+09:00,2040.0,2070.0,2040.0,2045.0,24869,0.0,0.0
2024-10-07 09:15:00+09:00,2040.0,2050.0,2015.0,2015.0,7630,0.0,0.0
2024-10-07 09:20:00+09:00,2015.0,2030.0,2000.0,2030.0,5710,0.0,0.0
2024-10-07 09:25:00+09:00,2030.0,2030.0,2015.0,2025.0,4797,0.0,0.0
2024-10-07 09:30:00+09:00,2015.0,2055.0,1996.0,2015.0,21396,0.0,0.0
2024-10-07 09:35:00+09:00,2015.0,2055.0,1998.0,2010.0,8914,0.0,0.0
2024-10-07 09:40:00+09:00,2020.0,2020.0,1986.0,1990.0,14169,0.0,0.0
2024-10-07 09:45:00+09:00,2005.0,2005.0,1991.0,1993.0,3488,0.0,0.0
2024-10-07 09:50:00+09:00,1994.0,1994.0,1985.0,1985.0,7235,0.0,0.0
2024-10-07 09:55:00+09:00,1989.0,2010.0,1985.0,2010.0,7381,0.0,0.0
2024-10-07 10:00:00+09:00,2010.0,2010.0,1994.0,2005.0,338,0.0,0.0
2024-10-07 10:05:00+09:00,2005.0,2005.0,1994.0,2000.0,3509,0.0,0.0
2024-10-07 10:10:00+09:00,1994.0,1998.0,1990.0,1996.0,1433,0.0,0.0
2024-10-07 10:15:00+09:00,1996.0,1996.0,1996.0,1996.0,4100,0.0,0.0
2024-10-07 10:20:00+09:00,1995.0,1998.0,1995.0,1998.0,0,0.0,0.0
2024-10-07 10:25:00+09:00,1997.0,2000.0,1997.0,1999.0,149,0.0,0.0
2024-10-07 10:30:00+09:00,1999.0,2000.0,1999.0,1999.0,144,0.0,0.0
2024-10-07 10:35:00+09:00,1998.0,1998.0,1993.0,1993.0,1836,0.0,0.0
2024-10-07 10:40:00+09:00,1997.0,1997.0,1988.0,1993.0,1988,0.0,0.0
2024-10-07 10:45:00+09:00,1985.0,1992.0,1985.0,1990.0,733,0.0,0.0
2024-10-07 10:50:00+09:00,1987.0,1989.0,1986.0,1989.0,266,0.0,0.0
2024-10-07 10:55:00+09:00,1990.0,1998.0,1990.0,1998.0,1365,0.0,0.0
2024-10-07 11:00:00+09:00,1996.0,1999.0,1992.0,1992.0,4187,0.0,0.0
2024-10-07 11:05:00+09:00,1990.0,2005.0,1990.0,1999.0,722,0.0,0.0
2024-10-07 11:10:00+09:00,1998.0,2005.0,1998.0,1999.0,930,0.0,0.0
2024-10-07 11:15:00+09:00,1999.0,1999.0,1998.0,1998.0,0,0.0,0.0
2024-10-07 11:20:00+09:00,1998.0,2005.0,1997.0,1999.0,523,0.0,0.0
2024-10-07 11:25:00+09:00,1999.0,2010.0,1999.0,2000.0,1441,0.0,0.0
2024-10-07 11:30:00+09:00,1999.0,2005.0,1999.0,2000.0,35,0.0,0.0
2024-10-07 11:35:00+09:00,2000.0,2005.0,2000.0,2005.0,615,0.0,0.0
2024-10-07 11:40:00+09:00,2005.0,2005.0,1999.0,1999.0,602,0.0,0.0
2024-10-07 11:45:00+09:00,2000.0,2005.0,1997.0,2005.0,3482,0.0,0.0
2024-10-07 11:50:00+09:00,2005.0,2025.0,1997.0,2020.0,12865,0.0,0.0
2024-10-07 11:55:00+09:00,2000.0,2000.0,1999.0,1999.0,0,0.0,0.0
2024-10-07 12:00:00+09:00,2000.0,2025.0,2000.0,2020.0,5022,0.0,0.0
2024-10-07 12:05:00+09:00,2010.0,2015.0,2005.0,2005.0,445,0.0,0.0
2024-10-07 12:10:00+09:00,2005.0,2005.0,2000.0,2000.0,304,0.0,0.0
2024-10-07 12:15:00+09:00,2000.0,2010.0,2000.0,2010.0,790,0.0,0.0
2024-10-07 12:20:00+09:00,2015.0,2015.0,2010.0,2015.0,117,0.0,0.0
2024-10-07 12:25:00+09:00,2015.0,2440.0,2015.0,2350.0,963227,0.0,0.0
2024-10-07 12:30:00+09:00,2350.0,2380.0,2235.0,2265.0,451217,0.0,0.0
2024-10-07 12:35:00+09:00,2260.0,2365.0,2220.0,2305.0,431568,0.0,0.0
2024-10-07 12:40:00+09:00,2315.0,2360.0,2230.0,2325.0,429897,0.0,0.0
2024-10-07 12:45:00+09:00,2330.0,2480.0,2315.0,2460.0,868654,0.0,0.0
2024-10-07 12:50:00+09:00,2460.0,2465.0,2370.0,2395.0,277267,0.0,0.0
2024-10-07 12:55:00+09:00,2395.0,2400.0,2355.0,2395.0,158522,0.0,0.0
2024-10-07 13:00:00+09:00,2390.0,2400.0,2325.0,2350.0,152209,0.0,0.0
2024-10-07 13:05:00+09:00,2350.0,2360.0,2300.0,2340.0,73059,0.0,0.0
2024-10-07 13:10:00+09:00,2340.0,2345.0,2280.0,2300.0,139593,0.0,0.0
2024-10-07 13:15:00+09:00,2295.0,2300.0,2255.0,2270.0,137616,0.0,0.0
2024-10-07 13:20:00+09:00,2270.0,2315.0,2265.0,2285.0,37175,0.0,0.0
2024-10-07 13:25:00+09:00,2285.0,2300.0,2255.0,2290.0,38411,0.0,0.0
2024-10-07 13:30:00+09:00,2290.0,2290.0,2215.0,2245.0,125865,0.0,0.0
2024-10-07 13:35:00+09:00,2250.0,2255.0,2225.0,2255.0,32075,0.0,0.0
2024-10-07 13:40:00+09:00,2250.0,2250.0,2220.0,2220.0,42747,0.0,0.0
2024-10-07 13:45:00+09:00,2225.0,2235.0,2210.0,2210.0,34417,0.0,0.0
2024-10-07 13:50:00+09:00,2215.0,2235.0,2200.0,2205.0,25916,0.0,0.0
2024-10-07 13:55:00+09:00,2205.0,2215.0,2195.0,2200.0,33438,0.0,0.0
2024-10-07 14:00:00+09:00,2205.0,2235.0,2200.0,2220.0,49759,0.0,0.0
2024-10-07 14:05:00+09:00,2220.0,2235.0,2205.0,2210.0,20279,0.0,0.0
2024-10-07 14:10:00+09:00,2215.0,2215.0,2170.0,2210.0,58045,0.0,0.0
2024-10-07 14:15:00+09:00,2210.0,2210.0,2165.0,2175.0,44652,0.0,0.0
2024-10-07 14:20:00+09:00,2175.0,2400.0,2175.0,2220.0,1177123,0.0,0.0
2024-10-07 14:25:00+09:00,2220.0,2225.0,2150.0,2165.0,228415,0.0,0.0
2024-10-07 14:30:00+09:00,2165.0,2175.0,2130.0,2150.0,111231,0.0,0.0
2024-10-07 14:35:00+09:00,2150.0,2165.0,2135.0,2150.0,23307,0.0,0.0
2024-10-07 14:40:00+09:00,2145.0,2170.0,2125.0,2155.0,51252,0.0,0.0
2024-10-07 14:45:00+09:00,2155.0,2170.0,2145.0,2160.0,15595,0.0,0.0
2024-10-07 14:50:00+09:00,2160.0,2180.0,2160.0,2175.0,55242,0.0,0.0
2024-10-07 14:55:00+09:00,2175.0,2210.0,2175.0,2195.0,73605,0.0,0.0
2024-10-08 09:00:00+09:00,2185.0,2215.0,2150.0,2160.0,92390,0.0,0.0
2024-10-08 09:05:00+09:00,2165.0,2165.0,2115.0,2130.0,38569,0.0,0.0
2024-10-08 09:10:00+09:00,2125.0,2140.0,2115.0,2130.0,12212,0.0,0.0
2024-10-08 09:15:00+09:00,2130.0,2140.0,2115.0,2140.0,13177,0.0,0.0
2024-10-08 09:20:00+09:00,2140.0,2140.0,2125.0,2130.0,6883,0.0,0.0
2024-10-08 09:25:00+09:00,2130.0,2135.0,2125.0,2130.0,8235,0.0,0.0
2024-10-08 09:30:00+09:00,2130.0,2170.0,2130.0,2130.0,10607,0.0,0.0
2024-10-08 09:35:00+09:00,2150.0,2160.0,2130.0,2150.0,6752,0.0,0.0
2024-10-08 09:40:00+09:00,2150.0,2180.0,2135.0,2140.0,15136,0.0,0.0
2024-10-08 09:45:00+09:00,2145.0,2165.0,2145.0,2165.0,1724,0.0,0.0
2024-10-08 09:50:00+09:00,2160.0,2175.0,2140.0,2140.0,4878,0.0,0.0
2024-10-08 09:55:00+09:00,2140.0,2155.0,2135.0,2155.0,6230,0.0,0.0
2024-10-08 10:00:00+09:00,2140.0,2155.0,2140.0,2150.0,2699,0.0,0.0
2024-10-08 10:05:00+09:00,2140.0,2150.0,2140.0,2140.0,1515,0.0,0.0
2024-10-08 10:10:00+09:00,2140.0,2145.0,2135.0,2145.0,3464,0.0,0.0
2024-10-08 10:15:00+09:00,2135.0,2145.0,2135.0,2140.0,258,0.0,0.0
2024-10-08 10:20:00+09:00,2145.0,2185.0,2140.0,2185.0,15196,0.0,0.0
2024-10-08 10:25:00+09:00,2185.0,2215.0,2140.0,2155.0,23732,0.0,0.0
2024-10-08 10:30:00+09:00,2145.0,2155.0,2145.0,2155.0,1330,0.0,0.0
2024-10-08 10:35:00+09:00,2155.0,2155.0,2145.0,2145.0,9148,0.0,0.0
2024-10-08 10:40:00+09:00,2145.0,2150.0,2140.0,2150.0,1349,0.0,0.0
2024-10-08 10:45:00+09:00,2150.0,2150.0,2145.0,2150.0,154,0.0,0.0
2024-10-08 10:50:00+09:00,2155.0,2180.0,2155.0,2180.0,6629,0.0,0.0
2024-10-08 10:55:00+09:00,2170.0,2170.0,2155.0,2155.0,1794,0.0,0.0
2024-10-08 11:00:00+09:00,2155.0,2170.0,2155.0,2155.0,562,0.0,0.0
2024-10-08 11:05:00+09:00,2170.0,2170.0,2160.0,2170.0,2173,0.0,0.0
2024-10-08 11:10:00+09:00,2170.0,2240.0,2155.0,2160.0,65827,0.0,0.0
2024-10-08 11:15:00+09:00,2165.0,2170.0,2160.0,2160.0,8993,0.0,0.0
2024-10-08 11:20:00+09:00,2160.0,2175.0,2155.0,2175.0,4515,0.0,0.0
2024-10-08 11:25:00+09:00,2170.0,2200.0,2160.0,2180.0,4325,0.0,0.0
2024-10-08 11:30:00+09:00,2180.0,2180.0,2155.0,2155.0,5932,0.0,0.0
2024-10-08 11:35:00+09:00,2155.0,2155.0,2125.0,2135.0,18627,0.0,0.0
2024-10-08 11:40:00+09:00,2135.0,2145.0,2120.0,2130.0,8593,0.0,0.0
2024-10-08 11:45:00+09:00,2125.0,2140.0,2125.0,2140.0,2521,0.0,0.0
2024-10-08 11:50:00+09:00,2140.0,2145.0,2135.0,2140.0,998,0.0,0.0
2024-10-08 11:55:00+09:00,2140.0,2145.0,2130.0,2130.0,2379,0.0,0.0
2024-10-08 12:00:00+09:00,2140.0,2150.0,2135.0,2145.0,1975,0.0,0.0
2024-10-08 12:05:00+09:00,2145.0,2160.0,2145.0,2160.0,1660,0.0,0.0
2024-10-08 12:10:00+09:00,2160.0,2175.0,2160.0,2175.0,2033,0.0,0.0
2024-10-08 12:15:00+09:00,2175.0,2185.0,2175.0,2175.0,3415,0.0,0.0
2024-10-08 12:20:00+09:00,2170.0,2185.0,2155.0,2185.0,8114,0.0,0.0
2024-10-08 12:25:00+09:00,2165.0,2165.0,2165.0,2165.0,25,0.0,0.0
2024-10-08 12:30:00+09:00,2165.0,2245.0,2165.0,2205.0,36272,0.0,0.0
2024-10-08 12:35:00+09:00,2205.0,2225.0,2160.0,2160.0,32300,0.0,0.0
2024-10-08 12:40:00+09:00,2160.0,2165.0,2145.0,2165.0,15899,0.0,0.0
2024-10-08 12:45:00+09:00,2155.0,2165.0,2150.0,2165.0,3503,0.0,0.0
2024-10-08 12:50:00+09:00,2165.0,2205.0,2165.0,2190.0,7527,0.0,0.0
2024-10-08 12:55:00+09:00,2190.0,2240.0,2170.0,2195.0,10635,0.0,0.0
2024-10-08 13:00:00+09:00,2190.0,2190.0,2175.0,2175.0,2075,0.0,0.0
2024-10-08 13:05:00+09:00,2175.0,2190.0,2175.0,2185.0,1545,0.0,0.0
2024-10-08 13:10:00+09:00,2190.0,2190.0,2170.0,2170.0,3695,0.0,0.0
2024-10-08 13:15:00+09:00,2180.0,2190.0,2165.0,2190.0,6355,0.0,0.0
2024-10-08 13:20:00+09:00,2190.0,2555.0,2190.0,2525.0,1737834,0.0,0.0
2024-10-08 13:25:00+09:00,2530.0,2540.0,2320.0,2330.0,788657,0.0,0.0
2024-10-08 13:30:00+09:00,2325.0,2415.0,2295.0,2385.0,470955,0.0,0.0
2024-10-08 13:35:00+09:00,2385.0,2450.0,2330.0,2350.0,261055,0.0,0.0
2024-10-08 13:40:00+09:00,2350.0,2400.0,2310.0,2365.0,155902,0.0,0.0
2024-10-08 13:45:00+09:00,2360.0,2410.0,2295.0,2320.0,118669,0.0,0.0
2024-10-08 13:50:00+09:00,2320.0,2400.0,2305.0,2350.0,102050,0.0,0.0
2024-10-08 13:55:00+09:00,2350.0,2540.0,2335.0,2475.0,890651,0.0,0.0
2024-10-08 14:00:00+09:00,2470.0,2565.0,2375.0,2405.0,654606,0.0,0.0
2024-10-08 14:05:00+09:00,2410.0,2445.0,2315.0,2405.0,225206,0.0,0.0
2024-10-08 14:10:00+09:00,2395.0,2425.0,2350.0,2400.0,154059,0.0,0.0
2024-10-08 14:15:00+09:00,2405.0,2415.0,2375.0,2400.0,75537,0.0,0.0
2024-10-08 14:20:00+09:00,2390.0,2400.0,2305.0,2310.0,178310,0.0,0.0
2024-10-08 14:25:00+09:00,2310.0,2320.0,2240.0,2240.0,254339,0.0,0.0
2024-10-08 14:30:00+09:00,2235.0,2265.0,2235.0,2240.0,58185,0.0,0.0
2024-10-08 14:35:00+09:00,2240.0,2240.0,2185.0,2220.0,173978,0.0,0.0
2024-10-08 14:40:00+09:00,2220.0,2230.0,2200.0,2220.0,42996,0.0,0.0
2024-10-08 14:45:00+09:00,2215.0,2245.0,2215.0,2235.0,35777,0.0,0.0
2024-10-08 14:50:00+09:00,2240.0,2260.0,2220.0,2220.0,45383,0.0,0.0
2024-10-08 14:55:00+09:00,2220.0,2265.0,2220.0,2260.0,28265,0.0,0.0
2024-10-10 09:00:00+09:00,2220.0,2285.0,2210.0,2230.0,0,0.0,0.0
2024-10-10 09:05:00+09:00,2230.0,2255.0,2220.0,2245.0,28921,0.0,0.0
2024-10-10 09:10:00+09:00,2245.0,2250.0,2215.0,2240.0,27131,0.0,0.0
2024-10-10 09:15:00+09:00,2225.0,2315.0,2225.0,2255.0,63523,0.0,0.0
2024-10-10 09:20:00+09:00,2240.0,2275.0,2240.0,2275.0,11059,0.0,0.0
2024-10-10 09:25:00+09:00,2275.0,2290.0,2260.0,2280.0,13978,0.0,0.0
2024-10-10 09:30:00+09:00,2280.0,2310.0,2260.0,2300.0,48516,0.0,0.0
2024-10-10 09:35:00+09:00,2300.0,2315.0,2270.0,2300.0,32849,0.0,0.0
2024-10-10 09:40:00+09:00,2300.0,2305.0,2285.0,2290.0,7724,0.0,0.0
2024-10-10 09:45:00+09:00,2290.0,2320.0,2260.0,2320.0,22835,0.0,0.0
2024-10-10 09:50:00+09:00,2320.0,2430.0,2240.0,2310.0,408637,0.0,0.0
2024-10-10 09:55:00+09:00,2315.0,2320.0,2265.0,2270.0,36959,0.0,0.0
2024-10-10 10:00:00+09:00,2270.0,2285.0,2255.0,2270.0,19026,0.0,0.0
2024-10-10 10:05:00+09:00,2270.0,2270.0,2250.0,2265.0,10883,0.0,0.0
2024-10-10 10:10:00+09:00,2255.0,2265.0,2250.0,2265.0,6899,0.0,0.0
2024-10-10 10:15:00+09:00,2265.0,2295.0,2265.0,2275.0,15516,0.0,0.0
2024-10-10 10:20:00+09:00,2275.0,2275.0,2250.0,2250.0,7659,0.0,0.0
2024-10-10 10:25:00+09:00,2250.0,2260.0,2245.0,2260.0,23665,0.0,0.0
2024-10-10 10:30:00+09:00,2255.0,2275.0,2250.0,2270.0,15480,0.0,0.0
2024-10-10 10:35:00+09:00,2270.0,2270.0,2255.0,2265.0,0,0.0,0.0
2024-10-10 10:40:00+09:00,2265.0,2265.0,2255.0,2260.0,5560,0.0,0.0
2024-10-10 10:45:00+09:00,2255.0,2280.0,2245.0,2280.0,10396,0.0,0.0
2024-10-10 10:50:00+09:00,2280.0,2280.0,2260.0,2275.0,8014,0.0,0.0
2024-10-10 10:55:00+09:00,2260.0,2295.0,2260.0,2295.0,10150,0.0,0.0
2024-10-10 11:00:00+09:00,2295.0,2395.0,2285.0,2305.0,98086,0.0,0.0
2024-10-10 11:05:00+09:00,2305.0,2335.0,2300.0,2300.0,24234,0.0,0.0
2024-10-10 11:10:00+09:00,2320.0,2330.0,2290.0,2315.0,11869,0.0,0.0
2024-10-10 11:15:00+09:00,2300.0,2310.0,2280.0,2280.0,17465,0.0,0.0
2024-10-10 11:20:00+09:00,2280.0,2440.0,2280.0,2310.0,351666,0.0,0.0
2024-10-10 11:25:00+09:00,2310.0,2365.0,2300.0,2340.0,82705,0.0,0.0
2024-10-10 11:30:00+09:00,2340.0,2360.0,2330.0,2340.0,22831,0.0,0.0
2024-10-10 11:35:00+09:00,2345.0,2350.0,2330.0,2345.0,19664,0.0,0.0
2024-10-10 11:40:00+09:00,2330.0,2340.0,2325.0,2330.0,9342,0.0,0.0
2024-10-10 11:45:00+09:00,2330.0,2340.0,2310.0,2330.0,23569,0.0,0.0
2024-10-10 11:50:00+09:00,2310.0,2335.0,2305.0,2320.0,8475,0.0,0.0
2024-10-10 11:55:00+09:00,2325.0,2350.0,2320.0,2325.0,12261,0.0,0.0
2024-10-10 12:00:00+09:00,2330.0,2350.0,2320.0,2350.0,8100,0.0,0.0
2024-10-10 12:05:00+09:00,2345.0,2355.0,2330.0,2355.0,16875,0.0,0.0
2024-10-10 12:10:00+09:00,2355.0,2385.0,2325.0,2360.0,185695,0.0,0.0
2024-10-10 12:15:00+09:00,2345.0,2430.0,2345.0,2350.0,473750,0.0,0.0
2024-10-10 12:20:00+09:00,2350.0,2360.0,2330.0,2335.0,59417,0.0,0.0
2024-10-10 12:25:00+09:00,2335.0,2340.0,2300.0,2325.0,63394,0.0,0.0
2024-10-10 12:30:00+09:00,2325.0,2335.0,2325.0,2335.0,7271,0.0,0.0
2024-10-10 12:35:00+09:00,2335.0,2335.0,2310.0,2325.0,14902,0.0,0.0
2024-10-10 12:40:00+09:00,2325.0,2325.0,2305.0,2305.0,22796,0.0,0.0
2024-10-10 12:45:00+09:00,2310.0,2315.0,2300.0,2310.0,15660,0.0,0.0
2024-10-10 12:50:00+09:00,2310.0,2310.0,2280.0,2290.0,35547,0.0,0.0
2024-10-10 12:55:00+09:00,2290.0,2300.0,2270.0,2285.0,21302,0.0,0.0
2024-10-10 13:00:00+09:00,2285.0,2295.0,2265.0,2280.0,22043,0.0,0.0
2024-10-10 13:05:00+09:00,2280.0,2305.0,2280.0,2295.0,11132,0.0,0.0
2024-10-10 13:10:00+09:00,2295.0,2300.0,2285.0,2285.0,4912,0.0,0.0
2024-10-10 13:15:00+09:00,2295.0,2295.0,2280.0,2285.0,10540,0.0,0.0
2024-10-10 13:20:00+09:00,2285.0,2290.0,2280.0,2285.0,2119,0.0,0.0
2024-10-10 13:25:00+09:00,2290.0,2305.0,2280.0,2305.0,3308,0.0,0.0
2024-10-10 13:30:00+09:00,2305.0,2305.0,2285.0,2285.0,7217,0.0,0.0
2024-10-10 13:35:00+09:00,2285.0,2295.0,2285.0,2285.0,4914,0.0,0.0
2024-10-10 13:40:00+09:00,2285.0,2305.0,2280.0,2280.0,13262,0.0,0.0
2024-10-10 13:45:00+09:00,2295.0,2300.0,2285.0,2290.0,4912,0.0,0.0
2024-10-10 13:50:00+09:00,2290.0,2300.0,2285.0,2285.0,1417,0.0,0.0
2024-10-10 13:55:00+09:00,2285.0,2285.0,2265.0,2275.0,23460,0.0,0.0
2024-10-10 14:00:00+09:00,2275.0,2285.0,2265.0,2265.0,15214,0.0,0.0
2024-10-10 14:05:00+09:00,2270.0,2270.0,2240.0,2240.0,33113,0.0,0.0
2024-10-10 14:10:00+09:00,2245.0,2270.0,2240.0,2265.0,11202,0.0,0.0
2024-10-10 14:15:00+09:00,2255.0,2265.0,2245.0,2245.0,12969,0.0,0.0
2024-10-10 14:20:00+09:00,2260.0,2260.0,2235.0,2250.0,8434,0.0,0.0
2024-10-10 14:25:00+09:00,2250.0,2285.0,2240.0,2280.0,24011,0.0,0.0
2024-10-10 14:30:00+09:00,2265.0,2280.0,2260.0,2275.0,8075,0.0,0.0
2024-10-10 14:35:00+09:00,2260.0,2275.0,2255.0,2275.0,4385,0.0,0.0
2024-10-10 14:40:00+09:00,2270.0,2300.0,2255.0,2280.0,32544,0.0,0.0
2024-10-10 14:45:00+09:00,2280.0,2285.0,2265.0,2280.0,4106,0.0,0.0
2024-10-10 14:50:00+09:00,2280.0,2300.0,2275.0,2275.0,5698,0.0,0.0
2024-10-10 14:55:00+09:00,2280.0,2285.0,2270.0,2280.0,7842,0.0,0.0
2024-10-11 09:00:00+09:00,2255.0,2255.0,2220.0,2225.0,35535,0.0,0.0
2024-10-11 09:05:00+09:00,2245.0,2310.0,2225.0,2285.0,36165,0.0,0.0
2024-10-11 09:10:00+09:00,2285.0,2285.0,2255.0,2280.0,6121,0.0,0.0
2024-10-11 09:15:00+09:00,2280.0,2280.0,2255.0,2270.0,7325,0.0,0.0
2024-10-11 09:20:00+09:00,2255.0,2275.0,2255.0,2265.0,5653,0.0,0.0
2024-10-11 09:25:00+09:00,2260.0,2270.0,2240.0,2270.0,16506,0.0,0.0
2024-10-11 09:30:00+09:00,2270.0,2270.0,2245.0,2265.0,6663,0.0,0.0
2024-10-11 09:35:00+09:00,2265.0,2270.0,2245.0,2250.0,11154,0.0,0.0
2024-10-11 09:40:00+09:00,2260.0,2300.0,2260.0,2280.0,11017,0.0,0.0
2024-10-11 09:45:00+09:00,2260.0,2290.0,2260.0,2285.0,2288,0.0,0.0
2024-10-11 09:50:00+09:00,2280.0,2290.0,2270.0,2290.0,2492,0.0,0.0
2024-10-11 09:55:00+09:00,2275.0,2290.0,2265.0,2290.0,8488,0.0,0.0
2024-10-11 10:00:00+09:00,2290.0,2310.0,2275.0,2310.0,14040,0.0,0.0
2024-10-11 10:05:00+09:00,2310.0,2330.0,2285.0,2295.0,29437,0.0,0.0
2024-10-11 10:10:00+09:00,2295.0,2295.0,2285.0,2290.0,559,0.0,0.0
2024-10-11 10:15:00+09:00,2290.0,2295.0,2275.0,2280.0,4355,0.0,0.0
2024-10-11 10:20:00+09:00,2275.0,2280.0,2265.0,2265.0,5632,0.0,0.0
2024-10-11 10:25:00+09:00,2265.0,2275.0,2265.0,2265.0,5535,0.0,0.0
2024-10-11 10:30:00+09:00,2265.0,2305.0,2265.0,2280.0,8470,0.0,0.0
2024-10-11 10:35:00+09:00,2275.0,2295.0,2275.0,2290.0,1646,0.0,0.0
2024-10-11 10:40:00+09:00,2290.0,2290.0,2275.0,2290.0,6008,0.0,0.0
2024-10-11 10:45:00+09:00,2290.0,2295.0,2270.0,2295.0,8935,0.0,0.0
2024-10-11 10:50:00+09:00,2295.0,2295.0,2270.0,2290.0,2547,0.0,0.0
2024-10-11 10:55:00+09:00,2290.0,2290.0,2270.0,2285.0,5834,0.0,0.0
2024-10-11 11:00:00+09:00,2285.0,2285.0,2270.0,2270.0,2264,0.0,0.0
2024-10-11 11:05:00+09:00,2270.0,2285.0,2270.0,2280.0,5108,0.0,0.0
2024-10-11 11:10:00+09:00,2280.0,2280.0,2275.0,2275.0,2671,0.0,0.0
2024-10-11 11:15:00+09:00,2275.0,2285.0,2255.0,2270.0,10632,0.0,0.0
2024-10-11 11:20:00+09:00,2270.0,2295.0,2265.0,2280.0,326,0.0,0.0
2024-10-11 11:25:00+09:00,2280.0,2280.0,2265.0,2265.0,6963,0.0,0.0
2024-10-11 11:30:00+09:00,2265.0,2280.0,2260.0,2265.0,5748,0.0,0.0
2024-10-11 11:35:00+09:00,2280.0,2300.0,2275.0,2285.0,6059,0.0,0.0
2024-10-11 11:40:00+09:00,2280.0,2285.0,2270.0,2270.0,3838,0.0,0.0
2024-10-11 11:45:00+09:00,2285.0,2285.0,2270.0,2275.0,454,0.0,0.0
2024-10-11 11:50:00+09:00,2275.0,2280.0,2265.0,2275.0,6111,0.0,0.0
2024-10-11 11:55:00+09:00,2280.0,2295.0,2275.0,2290.0,4300,0.0,0.0
2024-10-11 12:00:00+09:00,2290.0,2290.0,2280.0,2290.0,2202,0.0,0.0
2024-10-11 12:05:00+09:00,2280.0,2290.0,2265.0,2275.0,4927,0.0,0.0
2024-10-11 12:10:00+09:00,2265.0,2280.0,2260.0,2270.0,7143,0.0,0.0
2024-10-11 12:15:00+09:00,2260.0,2280.0,2255.0,2265.0,6450,0.0,0.0
2024-10-11 12:20:00+09:00,2260.0,2270.0,2255.0,2270.0,4685,0.0,0.0
2024-10-11 12:25:00+09:00,2265.0,2270.0,2265.0,2270.0,354,0.0,0.0
2024-10-11 12:30:00+09:00,2270.0,2270.0,2270.0,2270.0,514,0.0,0.0
2024-10-11 12:35:00+09:00,2270.0,2280.0,2270.0,2280.0,1188,0.0,0.0
2024-10-11 12:40:00+09:00,2280.0,2280.0,2270.0,2270.0,61,0.0,0.0
2024-10-11 12:45:00+09:00,2270.0,2270.0,2270.0,2270.0,51,0.0,0.0
2024-10-11 12:50:00+09:00,2265.0,2275.0,2260.0,2270.0,2190,0.0,0.0
2024-10-11 12:55:00+09:00,2265.0,2265.0,2255.0,2255.0,4395,0.0,0.0
2024-10-11 13:00:00+09:00,2255.0,2265.0,2250.0,2260.0,5055,0.0,0.0
2024-10-11 13:05:00+09:00,2260.0,2260.0,2220.0,2220.0,29813,0.0,0.0
2024-10-11 13:10:00+09:00,2220.0,2235.0,2200.0,2200.0,22566,0.0,0.0
2024-10-11 13:15:00+09:00,2205.0,2205.0,2180.0,2190.0,23712,0.0,0.0
2024-10-11 13:20:00+09:00,2190.0,2220.0,2190.0,2210.0,3891,0.0,0.0
2024-10-11 13:25:00+09:00,2210.0,2215.0,2205.0,2205.0,3511,0.0,0.0
2024-10-11 13:30:00+09:00,2200.0,2215.0,2195.0,2210.0,8628,0.0,0.0
2024-10-11 13:35:00+09:00,2205.0,2210.0,2180.0,2205.0,10836,0.0,0.0
2024-10-11 13:40:00+09:00,2200.0,2210.0,2185.0,2210.0,7092,0.0,0.0
2024-10-11 13:45:00+09:00,2200.0,2220.0,2200.0,2220.0,679,0.0,0.0
2024-10-11 13:50:00+09:00,2210.0,2220.0,2195.0,2200.0,3621,0.0,0.0
2024-10-11 13:55:00+09:00,2200.0,2210.0,2195.0,2200.0,2794,0.0,0.0
2024-10-11 14:00:00+09:00,2195.0,2215.0,2170.0,2180.0,24760,0.0,0.0
2024-10-11 14:05:00+09:00,2185.0,2190.0,2140.0,2140.0,18045,0.0,0.0
2024-10-11 14:10:00+09:00,2150.0,2175.0,2145.0,2160.0,6028,0.0,0.0
2024-10-11 14:15:00+09:00,2165.0,2180.0,2160.0,2170.0,3777,0.0,0.0
2024-10-11 14:20:00+09:00,2180.0,2180.0,2155.0,2155.0,11525,0.0,0.0
2024-10-11 14:25:00+09:00,2160.0,2165.0,2125.0,2135.0,14103,0.0,0.0
2024-10-11 14:30:00+09:00,2140.0,2155.0,2135.0,2155.0,3421,0.0,0.0
2024-10-11 14:35:00+09:00,2160.0,2170.0,2145.0,2145.0,3553,0.0,0.0
2024-10-11 14:40:00+09:00,2155.0,2175.0,2145.0,2175.0,8757,0.0,0.0
2024-10-11 14:45:00+09:00,2175.0,2175.0,2145.0,2155.0,4338,0.0,0.0
2024-10-11 14:50:00+09:00,2155.0,2160.0,2145.0,2155.0,6817,0.0,0.0
2024-10-11 14:55:00+09:00,2155.0,2170.0,2140.0,2150.0,8455,0.0,0.0
2024-10-14 09:00:00+09:00,2140.0,2155.0,2125.0,2145.0,0,0.0,0.0
2024-10-14 09:05:00+09:00,2145.0,2170.0,2140.0,2160.0,9882,0.0,0.0
2024-10-14 09:10:00+09:00,2155.0,2155.0,2135.0,2135.0,4316,0.0,0.0
2024-10-14 09:15:00+09:00,2135.0,2140.0,2135.0,2140.0,2629,0.0,0.0
2024-10-14 09:20:00+09:00,2145.0,2145.0,2130.0,2140.0,4833,0.0,0.0
2024-10-14 09:25:00+09:00,2140.0,2145.0,2120.0,2145.0,18356,0.0,0.0
2024-10-14 09:30:00+09:00,2145.0,2150.0,2130.0,2130.0,6495,0.0,0.0
2024-10-14 09:35:00+09:00,2130.0,2200.0,2120.0,2185.0,49429,0.0,0.0
2024-10-14 09:40:00+09:00,2175.0,2215.0,2150.0,2155.0,50886,0.0,0.0
2024-10-14 09:45:00+09:00,2160.0,2160.0,2145.0,2155.0,3295,0.0,0.0
2024-10-14 09:50:00+09:00,2155.0,2155.0,2125.0,2125.0,4110,0.0,0.0
2024-10-14 09:55:00+09:00,2130.0,2140.0,2125.0,2135.0,952,0.0,0.0
2024-10-14 10:00:00+09:00,2140.0,2150.0,2140.0,2150.0,860,0.0,0.0
2024-10-14 10:05:00+09:00,2165.0,2165.0,2155.0,2155.0,1378,0.0,0.0
2024-10-14 10:10:00+09:00,2155.0,2165.0,2155.0,2165.0,767,0.0,0.0
2024-10-14 10:15:00+09:00,2160.0,2160.0,2140.0,2140.0,5870,0.0,0.0
2024-10-14 10:20:00+09:00,2140.0,2140.0,2135.0,2135.0,2330,0.0,0.0
2024-10-14 10:25:00+09:00,2130.0,2130.0,2110.0,2115.0,11435,0.0,0.0
2024-10-14 10:30:00+09:00,2115.0,2125.0,2110.0,2120.0,11026,0.0,0.0
2024-10-14 10:35:00+09:00,2120.0,2160.0,2115.0,2150.0,8607,0.0,0.0
2024-10-14 10:40:00+09:00,2145.0,2150.0,2110.0,2130.0,9133,0.0,0.0
2024-10-14 10:45:00+09:00,2130.0,2130.0,2120.0,2130.0,2159,0.0,0.0
2024-10-14 10:50:00+09:00,2130.0,2140.0,2130.0,2140.0,365,0.0,0.0
2024-10-14 10:55:00+09:00,2140.0,2155.0,2140.0,2150.0,608,0.0,0.0
2024-10-14 11:00:00+09:00,2145.0,2155.0,2135.0,2140.0,1468,0.0,0.0
2024-10-14 11:05:00+09:00,2140.0,2140.0,2100.0,2105.0,14604,0.0,0.0
2024-10-14 11:10:00+09:00,2105.0,2110.0,2105.0,2110.0,334,0.0,0.0
2024-10-14 11:15:00+09:00,2110.0,2115.0,2110.0,2110.0,848,0.0,0.0
2024-10-14 11:20:00+09:00,2110.0,2115.0,2100.0,2105.0,14808,0.0,0.0
2024-10-14 11:25:00+09:00,2110.0,2115.0,2110.0,2115.0,855,0.0,0.0
2024-10-14 11:30:00+09:00,2115.0,2115.0,2105.0,2110.0,3196,0.0,0.0
2024-10-14 11:35:00+09:00,2110.0,2115.0,2100.0,2115.0,5060,0.0,0.0
2024-10-14 11:40:00+09:00,2115.0,2135.0,2100.0,2120.0,8879,0.0,0.0
2024-10-14 11:45:00+09:00,2120.0,2130.0,2120.0,2130.0,0,0.0,0.0
2024-10-14 11:50:00+09:00,2125.0,2145.0,2115.0,2135.0,1880,0.0,0.0
2024-10-14 11:55:00+09:00,2130.0,2165.0,2130.0,2155.0,7758,0.0,0.0
2024-10-14 12:00:00+09:00,2145.0,2145.0,2145.0,2145.0,621,0.0,0.0
2024-10-14 12:05:00+09:00,2145.0,2155.0,2145.0,2150.0,1002,0.0,0.0
2024-10-14 12:10:00+09:00,2150.0,2175.0,2140.0,2175.0,1107,0.0,0.0
2024-10-14 12:15:00+09:00,2175.0,2185.0,2155.0,2160.0,4347,0.0,0.0
2024-10-14 12:20:00+09:00,2160.0,2160.0,2160.0,2160.0,1224,0.0,0.0
2024-10-14 12:25:00+09:00,2160.0,2160.0,2150.0,2150.0,1396,0.0,0.0
2024-10-14 12:30:00+09:00,2150.0,2155.0,2150.0,2150.0,124,0.0,0.0
2024-10-14 12:35:00+09:00,2160.0,2160.0,2160.0,2160.0,1426,0.0,0.0
2024-10-14 12:40:00+09:00,2155.0,2155.0,2150.0,2155.0,572,0.0,0.0
2024-10-14 12:45:00+09:00,2160.0,2160.0,2155.0,2155.0,752,0.0,0.0
2024-10-14 12:50:00+09:00,2155.0,2155.0,2150.0,2150.0,1853,0.0,0.0
2024-10-14 12:55:00+09:00,2150.0,2170.0,2150.0,2170.0,318,0.0,0.0
2024-10-14 13:00:00+09:00,2165.0,2170.0,2165.0,2170.0,1675,0.0,0.0
2024-10-14 13:05:00+09:00,2160.0,2160.0,2155.0,2155.0,643,0.0,0.0
2024-10-14 13:10:00+09:00,2155.0,2155.0,2145.0,2150.0,4133,0.0,0.0
2024-10-14 13:15:00+09:00,2150.0,2190.0,2150.0,2190.0,13966,0.0,0.0
2024-10-14 13:20:00+09:00,2185.0,2185.0,2150.0,2155.0,6435,0.0,0.0
2024-10-14 13:25:00+09:00,2155.0,2155.0,2155.0,2155.0,893,0.0,0.0
2024-10-14 13:30:00+09:00,2160.0,2185.0,2160.0,2170.0,4114,0.0,0.0
2024-10-14 13:35:00+09:00,2170.0,2175.0,2160.0,2170.0,2983,0.0,0.0
2024-10-14 13:40:00+09:00,2170.0,2175.0,2170.0,2170.0,480,0.0,0.0
2024-10-14 13:45:00+09:00,2175.0,2180.0,2175.0,2175.0,419,0.0,0.0
2024-10-14 13:50:00+09:00,2180.0,2180.0,2175.0,2180.0,291,0.0,0.0
2024-10-14 13:55:00+09:00,2180.0,2195.0,2180.0,2190.0,4656,0.0,0.0
2024-10-14 14:00:00+09:00,2190.0,2195.0,2175.0,2185.0,3825,0.0,0.0
2024-10-14 14:05:00+09:00,2185.0,2195.0,2175.0,2190.0,1096,0.0,0.0
2024-10-14 14:10:00+09:00,2190.0,2225.0,2190.0,2220.0,8955,0.0,0.0
2024-10-14 14:15:00+09:00,2205.0,2215.0,2205.0,2210.0,5518,0.0,0.0
2024-10-14 14:20:00+09:00,2205.0,2210.0,2195.0,2195.0,5383,0.0,0.0
2024-10-14 14:25:00+09:00,2195.0,2230.0,2195.0,2220.0,15916,0.0,0.0
2024-10-14 14:30:00+09:00,2220.0,2230.0,2195.0,2220.0,5677,0.0,0.0
2024-10-14 14:35:00+09:00,2220.0,2220.0,2190.0,2195.0,1920,0.0,0.0
2024-10-14 14:40:00+09:00,2195.0,2210.0,2190.0,2210.0,4475,0.0,0.0
2024-10-14 14:45:00+09:00,2215.0,2270.0,2190.0,2220.0,65344,0.0,0.0
2024-10-14 14:50:00+09:00,2215.0,2215.0,2190.0,2210.0,10892,0.0,0.0
2024-10-14 14:55:00+09:00,2205.0,2225.0,2200.0,2215.0,3394,0.0,0.0
2024-10-15 09:00:00+09:00,2225.0,2260.0,2200.0,2240.0,18078,0.0,0.0
2024-10-15 09:05:00+09:00,2240.0,2320.0,2240.0,2250.0,23278,0.0,0.0
2024-10-15 09:10:00+09:00,2250.0,2250.0,2215.0,2235.0,6364,0.0,0.0
2024-10-15 09:15:00+09:00,2230.0,2255.0,2220.0,2255.0,11943,0.0,0.0
2024-10-15 09:20:00+09:00,2235.0,2250.0,2200.0,2215.0,14001,0.0,0.0
2024-10-15 09:25:00+09:00,2215.0,2255.0,2190.0,2225.0,8763,0.0,0.0
2024-10-15 09:30:00+09:00,2200.0,2245.0,2200.0,2245.0,7916,0.0,0.0
2024-10-15 09:35:00+09:00,2250.0,2250.0,2225.0,2225.0,3425,0.0,0.0
2024-10-15 09:40:00+09:00,2225.0,2240.0,2225.0,2225.0,1568,0.0,0.0
2024-10-15 09:45:00+09:00,2225.0,2250.0,2210.0,2245.0,6736,0.0,0.0
2024-10-15 09:50:00+09:00,2240.0,2255.0,2210.0,2220.0,23471,0.0,0.0
2024-10-15 09:55:00+09:00,2225.0,2235.0,2190.0,2200.0,11766,0.0,0.0
2024-10-15 10:00:00+09:00,2215.0,2215.0,2200.0,2210.0,2752,0.0,0.0
2024-10-15 10:05:00+09:00,2210.0,2210.0,2200.0,2210.0,4046,0.0,0.0
2024-10-15 10:10:00+09:00,2220.0,2220.0,2210.0,2210.0,1525,0.0,0.0
2024-10-15 10:15:00+09:00,2210.0,2225.0,2210.0,2225.0,1704,0.0,0.0
2024-10-15 10:20:00+09:00,2210.0,2210.0,2205.0,2205.0,4652,0.0,0.0
2024-10-15 10:25:00+09:00,2205.0,2205.0,2195.0,2195.0,1156,0.0,0.0
2024-10-15 10:30:00+09:00,2195.0,2195.0,2160.0,2175.0,10470,0.0,0.0
2024-10-15 10:35:00+09:00,2180.0,2180.0,2180.0,2180.0,0,0.0,0.0
2024-10-15 10:40:00+09:00,2175.0,2185.0,2165.0,2170.0,3827,0.0,0.0
2024-10-15 10:45:00+09:00,2170.0,2170.0,2170.0,2170.0,818,0.0,0.0
2024-10-15 10:50:00+09:00,2175.0,2190.0,2175.0,2175.0,529,0.0,0.0
2024-10-15 10:55:00+09:00,2185.0,2185.0,2175.0,2175.0,0,0.0,0.0
2024-10-15 11:00:00+09:00,2175.0,2175.0,2175.0,2175.0,1444,0.0,0.0
2024-10-15 11:05:00+09:00,2170.0,2170.0,2170.0,2170.0,1908,0.0,0.0
2024-10-15 11:15:00+09:00,2170.0,2190.0,2165.0,2165.0,2019,0.0,0.0
2024-10-15 11:20:00+09:00,2165.0,2165.0,2165.0,2165.0,413,0.0,0.0
2024-10-15 11:25:00+09:00,2170.0,2170.0,2170.0,2170.0,0,0.0,0.0
2024-10-15 11:30:00+09:00,2170.0,2175.0,2170.0,2175.0,87,0.0,0.0
2024-10-15 11:35:00+09:00,2175.0,2180.0,2175.0,2175.0,622,0.0,0.0
2024-10-15 11:40:00+09:00,2170.0,2170.0,2165.0,2165.0,870,0.0,0.0
2024-10-15 11:45:00+09:00,2165.0,2190.0,2165.0,2190.0,7608,0.0,0.0
2024-10-15 11:50:00+09:00,2195.0,2195.0,2180.0,2180.0,1522,0.0,0.0
2024-10-15 12:00:00+09:00,2180.0,2185.0,2175.0,2180.0,353,0.0,0.0
2024-10-15 12:05:00+09:00,2180.0,2185.0,2180.0,2180.0,1916,0.0,0.0
2024-10-15 12:10:00+09:00,2175.0,2175.0,2175.0,2175.0,1477,0.0,0.0
2024-10-15 12:15:00+09:00,2175.0,2175.0,2160.0,2160.0,4813,0.0,0.0
2024-10-15 12:20:00+09:00,2160.0,2160.0,2145.0,2150.0,12103,0.0,0.0
2024-10-15 12:25:00+09:00,2150.0,2150.0,2145.0,2150.0,215,0.0,0.0
2024-10-15 12:30:00+09:00,2150.0,2160.0,2150.0,2160.0,302,0.0,0.0
2024-10-15 12:35:00+09:00,2160.0,2160.0,2150.0,2155.0,1134,0.0,0.0
2024-10-15 12:40:00+09:00,2155.0,2160.0,2155.0,2160.0,774,0.0,0.0
2024-10-15 12:45:00+09:00,2160.0,2160.0,2155.0,2155.0,4,0.0,0.0
2024-10-15 12:50:00+09:00,2155.0,2175.0,2155.0,2170.0,2833,0.0,0.0
2024-10-15 12:55:00+09:00,2170.0,2175.0,2170.0,2175.0,305,0.0,0.0
2024-10-15 13:00:00+09:00,2170.0,2175.0,2170.0,2175.0,423,0.0,0.0
2024-10-15 13:05:00+09:00,2165.0,2170.0,2160.0,2160.0,312,0.0,0.0
2024-10-15 13:10:00+09:00,2160.0,2165.0,2160.0,2160.0,1065,0.0,0.0
2024-10-15 13:15:00+09:00,2155.0,2155.0,2145.0,2150.0,8228,0.0,0.0
2024-10-15 13:20:00+09:00,2155.0,2160.0,2155.0,2160.0,3582,0.0,0.0
2024-10-15 13:30:00+09:00,2160.0,2160.0,2160.0,2160.0,290,0.0,0.0
2024-10-15 13:35:00+09:00,2160.0,2160.0,2160.0,2160.0,864,0.0,0.0
2024-10-15 13:40:00+09:00,2160.0,2160.0,2150.0,2150.0,2844,0.0,0.0
2024-10-15 13:45:00+09:00,2150.0,2150.0,2150.0,2150.0,825,0.0,0.0
2024-10-15 13:50:00+09:00,2145.0,2145.0,2140.0,2145.0,1189,0.0,0.0
2024-10-15 13:55:00+09:00,2150.0,2150.0,2140.0,2140.0,2993,0.0,0.0
2024-10-15 14:00:00+09:00,2140.0,2145.0,2135.0,2145.0,1744,0.0,0.0
2024-10-15 14:05:00+09:00,2145.0,2145.0,2145.0,2145.0,123,0.0,0.0
2024-10-15 14:10:00+09:00,2145.0,2150.0,2145.0,2145.0,1393,0.0,0.0
2024-10-15 14:15:00+09:00,2140.0,2155.0,2140.0,2155.0,2329,0.0,0.0
2024-10-15 14:20:00+09:00,2155.0,2155.0,2150.0,2150.0,256,0.0,0.0
2024-10-15 14:25:00+09:00,2150.0,2155.0,2150.0,2150.0,0,0.0,0.0
2024-10-15 14:30:00+09:00,2150.0,2150.0,2145.0,2145.0,301,0.0,0.0
2024-10-15 14:35:00+09:00,2145.0,2145.0,2145.0,2145.0,185,0.0,0.0
2024-10-15 14:40:00+09:00,2145.0,2145.0,2135.0,2140.0,6213,0.0,0.0
2024-10-15 14:45:00+09:00,2140.0,2145.0,2140.0,2140.0,4404,0.0,0.0
2024-10-15 14:50:00+09:00,2140.0,2140.0,2135.0,2140.0,1640,0.0,0.0
2024-10-15 14:55:00+09:00,2140.0,2145.0,2140.0,2140.0,251,0.0,0.0
2024-10-16 09:00:00+09:00,2125.0,2160.0,2095.0,2155.0,17102,0.0,0.0
2024-10-16 09:05:00+09:00,2160.0,2165.0,2135.0,2135.0,1402,0.0,0.0
2024-10-16 09:10:00+09:00,2135.0,2150.0,2120.0,2150.0,1161,0.0,0.0
2024-10-16 09:15:00+09:00,2150.0,2150.0,2145.0,2150.0,1589,0.0,0.0
2024-10-16 09:20:00+09:00,2150.0,2150.0,2140.0,2140.0,260,0.0,0.0
2024-10-16 09:25:00+09:00,2140.0,2140.0,2140.0,2140.0,134,0.0,0.0
2024-10-16 09:30:00+09:00,2145.0,2145.0,2140.0,2145.0,553,0.0,0.0
2024-10-16 09:35:00+09:00,2150.0,2175.0,2150.0,2165.0,3389,0.0,0.0
2024-10-16 09:40:00+09:00,2170.0,2180.0,2170.0,2175.0,5177,0.0,0.0
2024-10-16 09:45:00+09:00,2175.0,2175.0,2165.0,2165.0,1436,0.0,0.0
2024-10-16 09:50:00+09:00,2160.0,2170.0,2160.0,2170.0,1066,0.0,0.0
2024-10-16 09:55:00+09:00,2165.0,2165.0,2160.0,2160.0,325,0.0,0.0
2024-10-16 10:00:00+09:00,2160.0,2170.0,2160.0,2170.0,737,0.0,0.0
2024-10-16 10:05:00+09:00,2165.0,2170.0,2165.0,2170.0,133,0.0,0.0
2024-10-16 10:10:00+09:00,2165.0,2165.0,2160.0,2160.0,953,0.0,0.0
2024-10-16 10:15:00+09:00,2160.0,2165.0,2160.0,2160.0,537,0.0,0.0
2024-10-16 10:20:00+09:00,2160.0,2160.0,2130.0,2130.0,4446,0.0,0.0
2024-10-16 10:25:00+09:00,2140.0,2140.0,2130.0,2135.0,843,0.0,0.0
2024-10-16 10:30:00+09:00,2135.0,2140.0,2135.0,2140.0,402,0.0,0.0
2024-10-16 10:35:00+09:00,2130.0,2130.0,2120.0,2120.0,1984,0.0,0.0
2024-10-16 10:40:00+09:00,2125.0,2155.0,2125.0,2155.0,1951,0.0,0.0
2024-10-16 10:45:00+09:00,2145.0,2165.0,2140.0,2140.0,0,0.0,0.0
2024-10-16 10:50:00+09:00,2140.0,2160.0,2140.0,2140.0,49650,0.0,0.0
2024-10-16 10:55:00+09:00,2155.0,2155.0,2140.0,2140.0,1004,0.0,0.0
2024-10-16 11:00:00+09:00,2145.0,2150.0,2140.0,2145.0,833,0.0,0.0
2024-10-16 11:05:00+09:00,2155.0,2155.0,2150.0,2150.0,3387,0.0,0.0
2024-10-16 11:10:00+09:00,2150.0,2175.0,2150.0,2170.0,4316,0.0,0.0
2024-10-16 11:15:00+09:00,2170.0,2170.0,2150.0,2150.0,188,0.0,0.0
2024-10-16 11:20:00+09:00,2150.0,2165.0,2150.0,2165.0,0,0.0,0.0
2024-10-16 11:25:00+09:00,2155.0,2160.0,2155.0,2160.0,224,0.0,0.0
2024-10-16 11:30:00+09:00,2160.0,2165.0,2140.0,2145.0,3225,0.0,0.0
2024-10-16 11:35:00+09:00,2165.0,2165.0,2165.0,2165.0,80,0.0,0.0
2024-10-16 11:40:00+09:00,2150.0,2165.0,2150.0,2165.0,475,0.0,0.0
2024-10-16 11:45:00+09:00,2150.0,2165.0,2150.0,2150.0,358,0.0,0.0
2024-10-16 11:50:00+09:00,2150.0,2165.0,2150.0,2155.0,102,0.0,0.0
2024-10-16 11:55:00+09:00,2150.0,2185.0,2140.0,2160.0,6671,0.0,0.0
2024-10-16 12:00:00+09:00,2160.0,2180.0,2155.0,2180.0,1716,0.0,0.0
2024-10-16 12:05:00+09:00,2180.0,2195.0,2165.0,2195.0,12164,0.0,0.0
2024-10-16 12:10:00+09:00,2190.0,2235.0,2170.0,2220.0,15179,0.0,0.0
2024-10-16 12:15:00+09:00,2220.0,2420.0,2210.0,2390.0,518433,0.0,0.0
2024-10-16 12:20:00+09:00,2390.0,2585.0,2380.0,2525.0,1065275,0.0,0.0
2024-10-16 12:25:00+09:00,2520.0,2525.0,2385.0,2420.0,403500,0.0,0.0
2024-10-16 12:30:00+09:00,2425.0,2580.0,2350.0,2580.0,765117,0.0,0.0
2024-10-16 12:35:00+09:00,2575.0,2645.0,2555.0,2645.0,839876,0.0,0.0
2024-10-16 12:40:00+09:00,2610.0,2635.0,2560.0,2570.0,282191,0.0,0.0
2024-10-16 12:45:00+09:00,2565.0,2605.0,2420.0,2450.0,439147,0.0,0.0
2024-10-16 12:50:00+09:00,2445.0,2460.0,2405.0,2425.0,394135,0.0,0.0
2024-10-16 12:55:00+09:00,2425.0,2425.0,2305.0,2320.0,354690,0.0,0.0
2024-10-16 13:00:00+09:00,2320.0,2320.0,2235.0,2260.0,371962,0.0,0.0
2024-10-16 13:05:00+09:00,2255.0,2260.0,2200.0,2205.0,157175,0.0,0.0
2024-10-16 13:10:00+09:00,2215.0,2235.0,2195.0,2220.0,77528,0.0,0.0
2024-10-16 13:15:00+09:00,2220.0,2240.0,2215.0,2230.0,27371,0.0,0.0
2024-10-16 13:20:00+09:00,2225.0,2245.0,2220.0,2230.0,29319,0.0,0.0
2024-10-16 13:25:00+09:00,2230.0,2235.0,2210.0,2230.0,32773,0.0,0.0
2024-10-16 13:30:00+09:00,2235.0,2240.0,2215.0,2215.0,35326,0.0,0.0
2024-10-16 13:35:00+09:00,2220.0,2220.0,2165.0,2180.0,76519,0.0,0.0
2024-10-16 13:40:00+09:00,2180.0,2215.0,2180.0,2200.0,35195,0.0,0.0
2024-10-16 13:45:00+09:00,2195.0,2210.0,2180.0,2190.0,28046,0.0,0.0
2024-10-16 13:50:00+09:00,2190.0,2205.0,2185.0,2205.0,7685,0.0,0.0
2024-10-16 13:55:00+09:00,2200.0,2205.0,2190.0,2195.0,5927,0.0,0.0
2024-10-16 14:00:00+09:00,2200.0,2205.0,2190.0,2200.0,20102,0.0,0.0
2024-10-16 14:05:00+09:00,2205.0,2205.0,2185.0,2190.0,16598,0.0,0.0
2024-10-16 14:10:00+09:00,2190.0,2190.0,2170.0,2180.0,18804,0.0,0.0
2024-10-16 14:15:00+09:00,2180.0,2180.0,2150.0,2155.0,55296,0.0,0.0
2024-10-16 14:20:00+09:00,2155.0,2200.0,2150.0,2185.0,92884,0.0,0.0
2024-10-16 14:25:00+09:00,2180.0,2195.0,2170.0,2180.0,4471,0.0,0.0
2024-10-16 14:30:00+09:00,2175.0,2190.0,2175.0,2175.0,31504,0.0,0.0
2024-10-16 14:35:00+09:00,2185.0,2185.0,2175.0,2185.0,0,0.0,0.0
2024-10-16 14:40:00+09:00,2185.0,2190.0,2180.0,2190.0,7222,0.0,0.0
2024-10-16 14:45:00+09:00,2185.0,2190.0,2180.0,2180.0,2900,0.0,0.0
2024-10-16 14:50:00+09:00,2180.0,2180.0,2165.0,2165.0,19395,0.0,0.0
2024-10-16 14:55:00+09:00,2165.0,2265.0,2165.0,2240.0,72723,0.0,0.0
2024-10-17 09:00:00+09:00,2250.0,2400.0,2250.0,2380.0,201885,0.0,0.0
2024-10-17 09:05:00+09:00,2380.0,2470.0,2320.0,2470.0,204607,0.0,0.0
2024-10-17 09:10:00+09:00,2500.0,2515.0,2275.0,2290.0,494014,0.0,0.0
2024-10-17 09:15:00+09:00,2295.0,2310.0,2255.0,2255.0,91652,0.0,0.0
2024-10-17 09:20:00+09:00,2265.0,2290.0,2260.0,2285.0,20146,0.0,0.0
2024-10-17 09:25:00+09:00,2285.0,2295.0,2260.0,2270.0,34142,0.0,0.0
2024-10-17 09:30:00+09:00,2260.0,2305.0,2260.0,2290.0,48061,0.0,0.0
2024-10-17 09:35:00+09:00,2285.0,2320.0,2275.0,2280.0,46375,0.0,0.0
2024-10-17 09:40:00+09:00,2285.0,2310.0,2275.0,2295.0,9305,0.0,0.0
2024-10-17 09:45:00+09:00,2300.0,2315.0,2295.0,2305.0,13746,0.0,0.0
2024-10-17 09:50:00+09:00,2305.0,2310.0,2300.0,2300.0,3765,0.0,0.0
2024-10-17 09:55:00+09:00,2300.0,2300.0,2285.0,2290.0,25571,0.0,0.0
2024-10-17 10:00:00+09:00,2290.0,2300.0,2285.0,2290.0,11306,0.0,0.0
2024-10-17 10:05:00+09:00,2290.0,2300.0,2290.0,2290.0,5705,0.0,0.0
2024-10-17 10:10:00+09:00,2290.0,2290.0,2285.0,2285.0,5965,0.0,0.0
2024-10-17 10:15:00+09:00,2285.0,2290.0,2280.0,2285.0,3826,0.0,0.0
2024-10-17 10:20:00+09:00,2280.0,2280.0,2270.0,2275.0,17841,0.0,0.0
2024-10-17 10:25:00+09:00,2275.0,2295.0,2270.0,2295.0,3975,0.0,0.0
2024-10-17 10:30:00+09:00,2295.0,2295.0,2280.0,2280.0,8052,0.0,0.0
2024-10-17 10:35:00+09:00,2285.0,2285.0,2275.0,2285.0,4469,0.0,0.0
2024-10-17 10:40:00+09:00,2295.0,2295.0,2285.0,2295.0,3801,0.0,0.0
2024-10-17 10:45:00+09:00,2295.0,2295.0,2290.0,2295.0,901,0.0,0.0
2024-10-17 10:50:00+09:00,2295.0,2295.0,2280.0,2285.0,12125,0.0,0.0
2024-10-17 10:55:00+09:00,2285.0,2285.0,2275.0,2280.0,5253,0.0,0.0
2024-10-17 11:00:00+09:00,2280.0,2285.0,2270.0,2280.0,8569,0.0,0.0
2024-10-17 11:05:00+09:00,2270.0,2275.0,2260.0,2260.0,9533,0.0,0.0
2024-10-17 11:10:00+09:00,2260.0,2270.0,2235.0,2235.0,27405,0.0,0.0
2024-10-17 11:15:00+09:00,2240.0,2260.0,2240.0,2260.0,9003,0.0,0.0
2024-10-17 11:20:00+09:00,2260.0,2265.0,2255.0,2260.0,1561,0.0,0.0
2024-10-17 11:25:00+09:00,2260.0,2265.0,2260.0,2265.0,1491,0.0,0.0
2024-10-17 11:30:00+09:00,2270.0,2270.0,2260.0,2260.0,4627,0.0,0.0
2024-10-17 11:35:00+09:00,2265.0,2270.0,2265.0,2265.0,0,0.0,0.0
2024-10-17 11:40:00+09:00,2270.0,2270.0,2270.0,2270.0,1016,0.0,0.0
2024-10-17 11:45:00+09:00,2265.0,2275.0,2265.0,2275.0,3542,0.0,0.0
2024-10-17 11:50:00+09:00,2275.0,2280.0,2270.0,2280.0,7036,0.0,0.0
2024-10-17 11:55:00+09:00,2280.0,2280.0,2250.0,2260.0,22343,0.0,0.0
2024-10-17 12:00:00+09:00,2260.0,2265.0,2250.0,2260.0,1283,0.0,0.0
2024-10-17 12:05:00+09:00,2260.0,2270.0,2260.0,2265.0,8952,0.0,0.0
2024-10-17 12:10:00+09:00,2265.0,2275.0,2260.0,2275.0,4181,0.0,0.0
2024-10-17 12:15:00+09:00,2270.0,2290.0,2265.0,2280.0,6806,0.0,0.0
2024-10-17 12:20:00+09:00,2275.0,2290.0,2275.0,2290.0,1223,0.0,0.0
2024-10-17 12:25:00+09:00,2285.0,2290.0,2280.0,2290.0,1210,0.0,0.0
2024-10-17 12:30:00+09:00,2285.0,2290.0,2275.0,2285.0,1934,0.0,0.0
2024-10-17 12:35:00+09:00,2280.0,2290.0,2270.0,2290.0,2884,0.0,0.0
2024-10-17 12:40:00+09:00,2290.0,2295.0,2265.0,2280.0,4396,0.0,0.0
2024-10-17 12:45:00+09:00,2275.0,2275.0,2265.0,2275.0,75,0.0,0.0
2024-10-17 12:50:00+09:00,2270.0,2275.0,2265.0,2265.0,4538,0.0,0.0
2024-10-17 12:55:00+09:00,2260.0,2265.0,2260.0,2265.0,2366,0.0,0.0
2024-10-17 13:00:00+09:00,2260.0,2275.0,2260.0,2275.0,990,0.0,0.0
2024-10-17 13:05:00+09:00,2265.0,2280.0,2235.0,2240.0,15375,0.0,0.0
2024-10-17 13:10:00+09:00,2240.0,2285.0,2240.0,2250.0,8707,0.0,0.0
2024-10-17 13:15:00+09:00,2255.0,2255.0,2245.0,2250.0,89,0.0,0.0
2024-10-17 13:20:00+09:00,2250.0,2255.0,2245.0,2245.0,2288,0.0,0.0
2024-10-17 13:25:00+09:00,2245.0,2245.0,2240.0,2240.0,5688,0.0,0.0
2024-10-17 13:30:00+09:00,2240.0,2245.0,2235.0,2240.0,4812,0.0,0.0
2024-10-17 13:35:00+09:00,2245.0,2250.0,2240.0,2250.0,1208,0.0,0.0
2024-10-17 13:40:00+09:00,2245.0,2250.0,2240.0,2240.0,12476,0.0,0.0
2024-10-17 13:45:00+09:00,2240.0,2245.0,2240.0,2245.0,0,0.0,0.0
2024-10-17 13:50:00+09:00,2250.0,2250.0,2245.0,2245.0,126,0.0,0.0
2024-10-17 13:55:00+09:00,2245.0,2250.0,2245.0,2245.0,38,0.0,0.0
2024-10-17 14:00:00+09:00,2245.0,2245.0,2240.0,2240.0,3512,0.0,0.0
2024-10-17 14:05:00+09:00,2250.0,2250.0,2240.0,2240.0,1073,0.0,0.0
2024-10-17 14:10:00+09:00,2240.0,2250.0,2240.0,2250.0,612,0.0,0.0
2024-10-17 14:15:00+09:00,2250.0,2255.0,2250.0,2255.0,154,0.0,0.0
2024-10-17 14:20:00+09:00,2250.0,2255.0,2250.0,2250.0,563,0.0,0.0
2024-10-17 14:25:00+09:00,2250.0,2250.0,2250.0,2250.0,181,0.0,0.0
2024-10-17 14:30:00+09:00,2255.0,2275.0,2255.0,2275.0,1722,0.0,0.0
2024-10-17 14:35:00+09:00,2270.0,2280.0,2265.0,2265.0,5846,0.0,0.0
2024-10-17 14:40:00+09:00,2265.0,2275.0,2260.0,2270.0,5537,0.0,0.0
2024-10-17 14:45:00+09:00,2275.0,2280.0,2265.0,2265.0,12601,0.0,0.0
2024-10-17 14:50:00+09:00,2265.0,2280.0,2265.0,2275.0,2708,0.0,0.0
2024-10-17 14:55:00+09:00,2280.0,2280.0,2270.0,2270.0,6497,0.0,0.0
2024-10-18 09:00:00+09:00,2245.0,2280.0,2225.0,2280.0,20301,0.0,0.0
2024-10-18 09:05:00+09:00,2280.0,2320.0,2265.0,2290.0,49767,0.0,0.0
2024-10-18 09:10:00+09:00,2290.0,2305.0,2280.0,2280.0,20797,0.0,0.0
2024-10-18 09:15:00+09:00,2280.0,2285.0,2270.0,2285.0,4062,0.0,0.0
2024-10-18 09:20:00+09:00,2275.0,2275.0,2250.0,2250.0,12462,0.0,0.0
2024-10-18 09:25:00+09:00,2250.0,2300.0,2250.0,2300.0,15950,0.0,0.0
2024-10-18 09:30:00+09:00,2295.0,2340.0,2290.0,2295.0,53555,0.0,0.0
2024-10-18 09:35:00+09:00,2295.0,2320.0,2285.0,2310.0,22770,0.0,0.0
2024-10-18 09:40:00+09:00,2310.0,2405.0,2305.0,2345.0,182738,0.0,0.0
2024-10-18 09:45:00+09:00,2345.0,2430.0,2340.0,2400.0,258151,0.0,0.0
2024-10-18 09:50:00+09:00,2405.0,2405.0,2355.0,2390.0,116028,0.0,0.0
2024-10-18 09:55:00+09:00,2390.0,2390.0,2365.0,2380.0,38054,0.0,0.0
2024-10-18 10:00:00+09:00,2380.0,2400.0,2375.0,2395.0,45124,0.0,0.0
2024-10-18 10:05:00+09:00,2390.0,2395.0,2315.0,2325.0,94859,0.0,0.0
2024-10-18 10:10:00+09:00,2320.0,2340.0,2315.0,2340.0,27358,0.0,0.0
2024-10-18 10:15:00+09:00,2340.0,2350.0,2310.0,2310.0,41482,0.0,0.0
2024-10-18 10:20:00+09:00,2335.0,2335.0,2310.0,2330.0,15889,0.0,0.0
2024-10-18 10:25:00+09:00,2330.0,2330.0,2300.0,2300.0,28843,0.0,0.0
2024-10-18 10:30:00+09:00,2300.0,2330.0,2300.0,2305.0,20250,0.0,0.0
2024-10-18 10:35:00+09:00,2305.0,2315.0,2300.0,2315.0,7340,0.0,0.0
2024-10-18 10:40:00+09:00,2315.0,2320.0,2300.0,2320.0,3261,0.0,0.0
2024-10-18 10:45:00+09:00,2320.0,2330.0,2315.0,2330.0,8460,0.0,0.0
2024-10-18 10:50:00+09:00,2330.0,2340.0,2315.0,2340.0,19165,0.0,0.0
2024-10-18 10:55:00+09:00,2340.0,2355.0,2330.0,2340.0,9355,0.0,0.0
2024-10-18 11:00:00+09:00,2340.0,2340.0,2320.0,2325.0,8502,0.0,0.0
2024-10-18 11:05:00+09:00,2325.0,2325.0,2320.0,2325.0,2019,0.0,0.0
2024-10-18 11:10:00+09:00,2325.0,2340.0,2320.0,2320.0,8312,0.0,0.0
2024-10-18 11:15:00+09:00,2320.0,2325.0,2300.0,2300.0,15056,0.0,0.0
2024-10-18 11:20:00+09:00,2305.0,2305.0,2295.0,2300.0,7042,0.0,0.0
2024-10-18 11:25:00+09:00,2300.0,2305.0,2300.0,2305.0,2902,0.0,0.0
2024-10-18 11:30:00+09:00,2305.0,2305.0,2285.0,2300.0,22183,0.0,0.0
2024-10-18 11:35:00+09:00,2285.0,2295.0,2280.0,2280.0,2966,0.0,0.0
2024-10-18 11:40:00+09:00,2280.0,2280.0,2250.0,2270.0,22903,0.0,0.0
2024-10-18 11:45:00+09:00,2275.0,2275.0,2265.0,2275.0,1971,0.0,0.0
2024-10-18 11:50:00+09:00,2275.0,2290.0,2270.0,2290.0,7054,0.0,0.0
2024-10-18 11:55:00+09:00,2285.0,2290.0,2275.0,2275.0,2922,0.0,0.0
2024-10-18 12:00:00+09:00,2275.0,2280.0,2270.0,2280.0,1060,0.0,0.0
2024-10-18 12:05:00+09:00,2275.0,2285.0,2275.0,2285.0,745,0.0,0.0
2024-10-18 12:10:00+09:00,2285.0,2285.0,2260.0,2280.0,8369,0.0,0.0
2024-10-18 12:15:00+09:00,2280.0,2280.0,2265.0,2275.0,4792,0.0,0.0
2024-10-18 12:20:00+09:00,2275.0,2280.0,2270.0,2280.0,291,0.0,0.0
2024-10-18 12:25:00+09:00,2275.0,2295.0,2275.0,2295.0,11562,0.0,0.0
2024-10-18 12:30:00+09:00,2280.0,2300.0,2280.0,2295.0,3353,0.0,0.0
2024-10-18 12:35:00+09:00,2290.0,2290.0,2285.0,2285.0,2266,0.0,0.0
2024-10-18 12:40:00+09:00,2285.0,2285.0,2280.0,2280.0,1651,0.0,0.0
2024-10-18 12:45:00+09:00,2285.0,2285.0,2280.0,2280.0,430,0.0,0.0
2024-10-18 12:50:00+09:00,2280.0,2295.0,2275.0,2295.0,3578,0.0,0.0
2024-10-18 12:55:00+09:00,2295.0,2295.0,2280.0,2280.0,251,0.0,0.0
2024-10-18 13:00:00+09:00,2280.0,2310.0,2280.0,2290.0,2834,0.0,0.0
2024-10-18 13:05:00+09:00,2310.0,2310.0,2300.0,2300.0,729,0.0,0.0
2024-10-18 13:10:00+09:00,2305.0,2315.0,2295.0,2315.0,1405,0.0,0.0
2024-10-18 13:15:00+09:00,2315.0,2320.0,2295.0,2305.0,2266,0.0,0.0
2024-10-18 13:20:00+09:00,2305.0,2325.0,2300.0,2325.0,6792,0.0,0.0
2024-10-18 13:25:00+09:00,2325.0,2325.0,2305.0,2315.0,1549,0.0,0.0
2024-10-18 13:30:00+09:00,2315.0,2340.0,2310.0,2320.0,8481,0.0,0.0
2024-10-18 13:35:00+09:00,2340.0,2340.0,2320.0,2325.0,2078,0.0,0.0
2024-10-18 13:40:00+09:00,2320.0,2325.0,2310.0,2320.0,7609,0.0,0.0
2024-10-18 13:45:00+09:00,2310.0,2310.0,2295.0,2305.0,5166,0.0,0.0
2024-10-18 13:50:00+09:00,2300.0,2305.0,2295.0,2300.0,4562,0.0,0.0
2024-10-18 13:55:00+09:00,2300.0,2305.0,2300.0,2300.0,921,0.0,0.0
2024-10-18 14:00:00+09:00,2305.0,2305.0,2290.0,2290.0,4624,0.0,0.0
2024-10-18 14:05:00+09:00,2290.0,2300.0,2275.0,2280.0,12894,0.0,0.0
2024-10-18 14:10:00+09:00,2290.0,2290.0,2280.0,2290.0,1469,0.0,0.0
2024-10-18 14:15:00+09:00,2295.0,2295.0,2290.0,2290.0,317,0.0,0.0
2024-10-18 14:20:00+09:00,2300.0,2300.0,2290.0,2300.0,148,0.0,0.0
2024-10-18 14:25:00+09:00,2295.0,2295.0,2280.0,2290.0,3360,0.0,0.0
2024-10-18 14:30:00+09:00,2290.0,2290.0,2280.0,2280.0,2763,0.0,0.0
2024-10-18 14:35:00+09:00,2280.0,2280.0,2270.0,2275.0,12435,0.0,0.0
2024-10-18 14:40:00+09:00,2275.0,2275.0,2265.0,2265.0,8283,0.0,0.0
2024-10-18 14:45:00+09:00,2270.0,2270.0,2250.0,2250.0,10380,0.0,0.0
2024-10-18 14:50:00+09:00,2255.0,2265.0,2245.0,2245.0,13341,0.0,0.0
2024-10-18 14:55:00+09:00,2245.0,2265.0,2245.0,2255.0,4857,0.0,0.0
2024-10-21 09:00:00+09:00,2260.0,2260.0,2200.0,2225.0,0,0.0,0.0
2024-10-21 09:05:00+09:00,2230.0,2230.0,2185.0,2195.0,20717,0.0,0.0
2024-10-21 09:10:00+09:00,2185.0,2205.0,2180.0,2200.0,3859,0.0,0.0
2024-10-21 09:15:00+09:00,2200.0,2205.0,2185.0,2195.0,13613,0.0,0.0
2024-10-21 09:20:00+09:00,2185.0,2195.0,2155.0,2185.0,28034,0.0,0.0
2024-10-21 09:25:00+09:00,2165.0,2195.0,2165.0,2195.0,4729,0.0,0.0
2024-10-21 09:30:00+09:00,2195.0,2215.0,2190.0,2210.0,7502,0.0,0.0
2024-10-21 09:35:00+09:00,2200.0,2205.0,2195.0,2205.0,4994,0.0,0.0
2024-10-21 09:40:00+09:00,2205.0,2300.0,2205.0,2250.0,38987,0.0,0.0
2024-10-21 09:45:00+09:00,2240.0,2260.0,2230.0,2235.0,10732,0.0,0.0
2024-10-21 09:50:00+09:00,2235.0,2250.0,2220.0,2220.0,9343,0.0,0.0
2024-10-21 09:55:00+09:00,2210.0,2220.0,2190.0,2220.0,4284,0.0,0.0
2024-10-21 10:00:00+09:00,2200.0,2215.0,2200.0,2205.0,2470,0.0,0.0
2024-10-21 10:05:00+09:00,2210.0,2245.0,2210.0,2245.0,10387,0.0,0.0
2024-10-21 10:10:00+09:00,2245.0,2245.0,2205.0,2220.0,12551,0.0,0.0
2024-10-21 10:20:00+09:00,2220.0,2220.0,2220.0,2220.0,94,0.0,0.0
2024-10-21 10:25:00+09:00,2235.0,2235.0,2220.0,2235.0,80,0.0,0.0
2024-10-21 10:30:00+09:00,2220.0,2235.0,2210.0,2210.0,1271,0.0,0.0
2024-10-21 10:35:00+09:00,2210.0,2235.0,2205.0,2230.0,2289,0.0,0.0
2024-10-21 10:40:00+09:00,2210.0,2225.0,2210.0,2225.0,59,0.0,0.0
2024-10-21 10:45:00+09:00,2220.0,2220.0,2215.0,2220.0,690,0.0,0.0
2024-10-21 10:50:00+09:00,2220.0,2225.0,2200.0,2225.0,2480,0.0,0.0
2024-10-21 10:55:00+09:00,2225.0,2225.0,2205.0,2225.0,23,0.0,0.0
2024-10-21 11:00:00+09:00,2205.0,2225.0,2205.0,2225.0,47,0.0,0.0
2024-10-21 11:05:00+09:00,2205.0,2225.0,2190.0,2190.0,5259,0.0,0.0
2024-10-21 11:10:00+09:00,2195.0,2205.0,2195.0,2205.0,2814,0.0,0.0
2024-10-21 11:15:00+09:00,2215.0,2215.0,2210.0,2210.0,861,0.0,0.0
2024-10-21 11:20:00+09:00,2205.0,2205.0,2205.0,2205.0,792,0.0,0.0
2024-10-21 11:25:00+09:00,2205.0,2205.0,2205.0,2205.0,19,0.0,0.0
2024-10-21 11:30:00+09:00,2205.0,2205.0,2200.0,2205.0,1659,0.0,0.0
2024-10-21 11:35:00+09:00,2205.0,2220.0,2200.0,2220.0,480,0.0,0.0
2024-10-21 11:40:00+09:00,2220.0,2220.0,2220.0,2220.0,0,0.0,0.0
2024-10-21 11:45:00+09:00,2205.0,2210.0,2205.0,2210.0,591,0.0,0.0
2024-10-21 11:50:00+09:00,2210.0,2220.0,2210.0,2210.0,355,0.0,0.0
2024-10-21 11:55:00+09:00,2220.0,2225.0,2215.0,2220.0,1080,0.0,0.0
2024-10-21 12:00:00+09:00,2220.0,2225.0,2220.0,2220.0,744,0.0,0.0
2024-10-21 12:05:00+09:00,2220.0,2235.0,2220.0,2235.0,9593,0.0,0.0
2024-10-21 12:10:00+09:00,2230.0,2235.0,2215.0,2235.0,2200,0.0,0.0
2024-10-21 12:15:00+09:00,2235.0,2235.0,2225.0,2230.0,693,0.0,0.0
2024-10-21 12:25:00+09:00,2225.0,2230.0,2225.0,2230.0,447,0.0,0.0
2024-10-21 12:35:00+09:00,2240.0,2245.0,2240.0,2245.0,931,0.0,0.0
2024-10-21 12:40:00+09:00,2235.0,2245.0,2220.0,2220.0,612,0.0,0.0
2024-10-21 12:45:00+09:00,2220.0,2220.0,2215.0,2215.0,1039,0.0,0.0
2024-10-21 12:50:00+09:00,2215.0,2215.0,2210.0,2215.0,1941,0.0,0.0
2024-10-21 12:55:00+09:00,2230.0,2230.0,2210.0,2215.0,3607,0.0,0.0
2024-10-21 13:00:00+09:00,2215.0,2215.0,2200.0,2200.0,3707,0.0,0.0
2024-10-21 13:05:00+09:00,2200.0,2200.0,2190.0,2200.0,1267,0.0,0.0
2024-10-21 13:10:00+09:00,2210.0,2210.0,2200.0,2210.0,988,0.0,0.0
2024-10-21 13:15:00+09:00,2210.0,2210.0,2210.0,2210.0,52,0.0,0.0
2024-10-21 13:20:00+09:00,2205.0,2210.0,2205.0,2210.0,22,0.0,0.0
2024-10-21 13:25:00+09:00,2205.0,2250.0,2205.0,2250.0,9607,0.0,0.0
2024-10-21 13:30:00+09:00,2245.0,2255.0,2225.0,2255.0,15820,0.0,0.0
2024-10-21 13:35:00+09:00,2255.0,2290.0,2255.0,2275.0,28225,0.0,0.0
2024-10-21 13:40:00+09:00,2270.0,2305.0,2260.0,2295.0,23083,0.0,0.0
2024-10-21 13:45:00+09:00,2280.0,2295.0,2260.0,2280.0,3677,0.0,0.0
2024-10-21 13:50:00+09:00,2295.0,2295.0,2260.0,2265.0,10744,0.0,0.0
2024-10-21 13:55:00+09:00,2265.0,2275.0,2265.0,2275.0,653,0.0,0.0
2024-10-21 14:00:00+09:00,2280.0,2295.0,2250.0,2250.0,16953,0.0,0.0
2024-10-21 14:05:00+09:00,2290.0,2290.0,2265.0,2270.0,0,0.0,0.0
2024-10-21 14:10:00+09:00,2270.0,2275.0,2265.0,2275.0,2017,0.0,0.0
2024-10-21 14:15:00+09:00,2275.0,2275.0,2260.0,2260.0,2178,0.0,0.0
2024-10-21 14:20:00+09:00,2260.0,2275.0,2260.0,2275.0,2757,0.0,0.0
2024-10-21 14:25:00+09:00,2270.0,2320.0,2270.0,2310.0,52180,0.0,0.0
2024-10-21 14:30:00+09:00,2310.0,2315.0,2285.0,2300.0,7668,0.0,0.0
2024-10-21 14:35:00+09:00,2290.0,2290.0,2265.0,2285.0,5592,0.0,0.0
2024-10-21 14:40:00+09:00,2285.0,2340.0,2285.0,2320.0,45911,0.0,0.0
2024-10-21 14:45:00+09:00,2320.0,2320.0,2305.0,2305.0,5298,0.0,0.0
2024-10-21 14:50:00+09:00,2305.0,2335.0,2290.0,2330.0,14475,0.0,0.0
2024-10-21 14:55:00+09:00,2330.0,2340.0,2305.0,2320.0,12239,0.0,0.0
2024-10-22 09:00:00+09:00,2320.0,2350.0,2295.0,2325.0,44815,0.0,0.0
2024-10-22 09:05:00+09:00,2320.0,2350.0,2310.0,2330.0,21172,0.0,0.0
2024-10-22 09:10:00+09:00,2340.0,2350.0,2330.0,2345.0,11310,0.0,0.0
2024-10-22 09:15:00+09:00,2345.0,2355.0,2320.0,2355.0,40493,0.0,0.0
2024-10-22 09:20:00+09:00,2335.0,2355.0,2305.0,2305.0,8350,0.0,0.0
2024-10-22 09:25:00+09:00,2305.0,2305.0,2275.0,2285.0,11144,0.0,0.0
2024-10-22 09:30:00+09:00,2285.0,2320.0,2280.0,2320.0,7382,0.0,0.0
2024-10-22 09:35:00+09:00,2315.0,2325.0,2290.0,2290.0,4521,0.0,0.0
2024-10-22 09:40:00+09:00,2320.0,2320.0,2275.0,2275.0,20176,0.0,0.0
2024-10-22 09:45:00+09:00,2275.0,2290.0,2270.0,2290.0,3798,0.0,0.0
2024-10-22 09:50:00+09:00,2280.0,2290.0,2245.0,2270.0,24526,0.0,0.0
2024-10-22 09:55:00+09:00,2270.0,2270.0,2230.0,2250.0,6944,0.0,0.0
2024-10-22 10:00:00+09:00,2250.0,2275.0,2250.0,2265.0,7266,0.0,0.0
2024-10-22 10:05:00+09:00,2265.0,2275.0,2245.0,2275.0,3479,0.0,0.0
2024-10-22 10:10:00+09:00,2275.0,2275.0,2265.0,2275.0,385,0.0,0.0
2024-10-22 10:15:00+09:00,2275.0,2305.0,2265.0,2300.0,8803,0.0,0.0
2024-10-22 10:20:00+09:00,2280.0,2300.0,2280.0,2290.0,183,0.0,0.0
2024-10-22 10:25:00+09:00,2290.0,2295.0,2280.0,2295.0,165,0.0,0.0
2024-10-22 10:30:00+09:00,2295.0,2295.0,2275.0,2290.0,815,0.0,0.0
2024-10-22 10:35:00+09:00,2290.0,2300.0,2280.0,2300.0,589,0.0,0.0
2024-10-22 10:40:00+09:00,2300.0,2300.0,2285.0,2300.0,130,0.0,0.0
2024-10-22 10:45:00+09:00,2300.0,2300.0,2295.0,2295.0,48,0.0,0.0
2024-10-22 10:50:00+09:00,2295.0,2300.0,2280.0,2290.0,2445,0.0,0.0
2024-10-22 10:55:00+09:00,2290.0,2295.0,2270.0,2295.0,2029,0.0,0.0
2024-10-22 11:00:00+09:00,2295.0,2295.0,2275.0,2285.0,473,0.0,0.0
2024-10-22 11:05:00+09:00,2285.0,2285.0,2275.0,2285.0,95,0.0,0.0
2024-10-22 11:10:00+09:00,2285.0,2285.0,2285.0,2285.0,524,0.0,0.0
2024-10-22 11:15:00+09:00,2280.0,2290.0,2260.0,2285.0,3229,0.0,0.0
2024-10-22 11:20:00+09:00,2285.0,2290.0,2270.0,2290.0,2011,0.0,0.0
2024-10-22 11:25:00+09:00,2290.0,2290.0,2265.0,2265.0,247,0.0,0.0
2024-10-22 11:30:00+09:00,2265.0,2285.0,2260.0,2260.0,6618,0.0,0.0
2024-10-22 11:35:00+09:00,2260.0,2275.0,2260.0,2275.0,1265,0.0,0.0
2024-10-22 11:40:00+09:00,2280.0,2290.0,2270.0,2290.0,2646,0.0,0.0
2024-10-22 11:45:00+09:00,2290.0,2290.0,2280.0,2290.0,897,0.0,0.0
2024-10-22 11:50:00+09:00,2290.0,2290.0,2270.0,2285.0,539,0.0,0.0
2024-10-22 11:55:00+09:00,2280.0,2290.0,2255.0,2275.0,5068,0.0,0.0
2024-10-22 12:00:00+09:00,2275.0,2285.0,2270.0,2285.0,652,0.0,0.0
2024-10-22 12:05:00+09:00,2285.0,2295.0,2250.0,2280.0,6051,0.0,0.0
2024-10-22 12:10:00+09:00,2270.0,2275.0,2245.0,2245.0,1995,0.0,0.0
2024-10-22 12:15:00+09:00,2250.0,2280.0,2235.0,2245.0,21079,0.0,0.0
2024-10-22 12:20:00+09:00,2275.0,2275.0,2275.0,2275.0,1528,0.0,0.0
2024-10-22 12:25:00+09:00,2270.0,2270.0,2270.0,2270.0,0,0.0,0.0
2024-10-22 12:30:00+09:00,2275.0,2275.0,2260.0,2275.0,1119,0.0,0.0
2024-10-22 12:35:00+09:00,2260.0,2270.0,2260.0,2270.0,0,0.0,0.0
2024-10-22 12:40:00+09:00,2265.0,2265.0,2260.0,2260.0,577,0.0,0.0
2024-10-22 12:45:00+09:00,2270.0,2270.0,2260.0,2260.0,2508,0.0,0.0
2024-10-22 12:50:00+09:00,2260.0,2260.0,2260.0,2260.0,823,0.0,0.0
2024-10-22 12:55:00+09:00,2255.0,2255.0,2240.0,2240.0,3357,0.0,0.0
2024-10-22 13:00:00+09:00,2235.0,2235.0,2220.0,2225.0,4885,0.0,0.0
2024-10-22 13:05:00+09:00,2235.0,2245.0,2235.0,2240.0,599,0.0,0.0
2024-10-22 13:10:00+09:00,2250.0,2255.0,2240.0,2240.0,7929,0.0,0.0
2024-10-22 13:20:00+09:00,2255.0,2260.0,2255.0,2255.0,0,0.0,0.0
2024-10-22 13:25:00+09:00,2255.0,2255.0,2255.0,2255.0,1251,0.0,0.0
2024-10-22 13:30:00+09:00,2255.0,2255.0,2255.0,2255.0,796,0.0,0.0
2024-10-22 13:35:00+09:00,2255.0,2255.0,2250.0,2250.0,201,0.0,0.0
2024-10-22 13:40:00+09:00,2250.0,2250.0,2250.0,2250.0,414,0.0,0.0
2024-10-22 13:50:00+09:00,2255.0,2260.0,2250.0,2250.0,0,0.0,0.0
2024-10-22 13:55:00+09:00,2260.0,2260.0,2245.0,2260.0,3070,0.0,0.0
2024-10-22 14:00:00+09:00,2245.0,2275.0,2245.0,2270.0,7001,0.0,0.0
2024-10-22 14:05:00+09:00,2270.0,2270.0,2255.0,2265.0,2363,0.0,0.0
2024-10-22 14:10:00+09:00,2270.0,2310.0,2270.0,2305.0,12881,0.0,0.0
2024-10-22 14:15:00+09:00,2300.0,2340.0,2300.0,2320.0,17664,0.0,0.0
2024-10-22 14:20:00+09:00,2300.0,2420.0,2300.0,2410.0,85881,0.0,0.0
2024-10-22 14:25:00+09:00,2410.0,2420.0,2265.0,2310.0,82447,0.0,0.0
2024-10-22 14:30:00+09:00,2305.0,2310.0,2265.0,2275.0,13365,0.0,0.0
2024-10-22 14:35:00+09:00,2280.0,2290.0,2260.0,2270.0,6841,0.0,0.0
2024-10-22 14:40:00+09:00,2270.0,2275.0,2260.0,2270.0,2388,0.0,0.0
2024-10-22 14:45:00+09:00,2265.0,2265.0,2255.0,2255.0,6779,0.0,0.0
2024-10-22 14:50:00+09:00,2255.0,2265.0,2255.0,2260.0,2277,0.0,0.0
2024-10-22 14:55:00+09:00,2260.0,2265.0,2250.0,2265.0,976,0.0,0.0
2024-10-23 09:00:00+09:00,2240.0,2250.0,2230.0,2250.0,1057,0.0,0.0
2024-10-23 09:05:00+09:00,2250.0,2260.0,2215.0,2215.0,6606,0.0,0.0
2024-10-23 09:10:00+09:00,2215.0,2230.0,2205.0,2205.0,7226,0.0,0.0
2024-10-23 09:15:00+09:00,2205.0,2205.0,2160.0,2180.0,31196,0.0,0.0
2024-10-23 09:20:00+09:00,2170.0,2200.0,2170.0,2195.0,3936,0.0,0.0
2024-10-23 09:25:00+09:00,2200.0,2205.0,2185.0,2190.0,5763,0.0,0.0
2024-10-23 09:30:00+09:00,2190.0,2205.0,2190.0,2205.0,838,0.0,0.0
2024-10-23 09:35:00+09:00,2200.0,2215.0,2195.0,2215.0,3591,0.0,0.0
2024-10-23 09:40:00+09:00,2220.0,2225.0,2215.0,2225.0,1216,0.0,0.0
2024-10-23 09:45:00+09:00,2225.0,2230.0,2225.0,2230.0,255,0.0,0.0
2024-10-23 09:50:00+09:00,2230.0,2260.0,2205.0,2225.0,12584,0.0,0.0
2024-10-23 09:55:00+09:00,2225.0,2245.0,2220.0,2230.0,890,0.0,0.0
2024-10-23 10:00:00+09:00,2220.0,2220.0,2200.0,2210.0,18590,0.0,0.0
2024-10-23 10:05:00+09:00,2225.0,2230.0,2205.0,2210.0,1450,0.0,0.0
2024-10-23 10:10:00+09:00,2210.0,2215.0,2205.0,2205.0,4730,0.0,0.0
2024-10-23 10:15:00+09:00,2205.0,2210.0,2175.0,2190.0,17137,0.0,0.0
2024-10-23 10:20:00+09:00,2180.0,2190.0,2170.0,2180.0,6740,0.0,0.0
2024-10-23 10:25:00+09:00,2180.0,2180.0,2170.0,2180.0,332,0.0,0.0
2024-10-23 10:30:00+09:00,2170.0,2185.0,2170.0,2170.0,18360,0.0,0.0
2024-10-23 10:35:00+09:00,2180.0,2180.0,2180.0,2180.0,513,0.0,0.0
2024-10-23 10:40:00+09:00,2190.0,2190.0,2190.0,2190.0,0,0.0,0.0
2024-10-23 10:45:00+09:00,2175.0,2200.0,2175.0,2200.0,8980,0.0,0.0
2024-10-23 10:50:00+09:00,2205.0,2205.0,2200.0,2200.0,826,0.0,0.0
2024-10-23 10:55:00+09:00,2205.0,2210.0,2205.0,2210.0,1333,0.0,0.0
2024-10-23 11:00:00+09:00,2210.0,2235.0,2210.0,2235.0,7544,0.0,0.0
2024-10-23 11:05:00+09:00,2235.0,2245.0,2230.0,2245.0,3259,0.0,0.0
2024-10-23 11:10:00+09:00,2245.0,2255.0,2220.0,2250.0,9980,0.0,0.0
2024-10-23 11:15:00+09:00,2250.0,2250.0,2215.0,2240.0,2705,0.0,0.0
2024-10-23 11:20:00+09:00,2230.0,2240.0,2210.0,2240.0,5125,0.0,0.0
2024-10-23 11:25:00+09:00,2240.0,2240.0,2240.0,2240.0,986,0.0,0.0
2024-10-23 11:30:00+09:00,2240.0,2255.0,2240.0,2255.0,3452,0.0,0.0
2024-10-23 11:35:00+09:00,2255.0,2255.0,2250.0,2255.0,881,0.0,0.0
2024-10-23 11:40:00+09:00,2255.0,2260.0,2225.0,2250.0,10120,0.0,0.0
2024-10-23 11:45:00+09:00,2250.0,2260.0,2250.0,2260.0,2617,0.0,0.0
2024-10-23 11:50:00+09:00,2260.0,2260.0,2250.0,2260.0,2109,0.0,0.0
2024-10-23 11:55:00+09:00,2260.0,2260.0,2250.0,2260.0,1112,0.0,0.0
2024-10-23 12:00:00+09:00,2260.0,2260.0,2245.0,2255.0,2273,0.0,0.0
2024-10-23 12:05:00+09:00,2255.0,2255.0,2240.0,2240.0,747,0.0,0.0
2024-10-23 12:10:00+09:00,2250.0,2255.0,2250.0,2250.0,1870,0.0,0.0
2024-10-23 12:15:00+09:00,2245.0,2255.0,2235.0,2255.0,2620,0.0,0.0
2024-10-23 12:20:00+09:00,2265.0,2340.0,2195.0,2220.0,93504,0.0,0.0
2024-10-23 12:25:00+09:00,2220.0,2225.0,2190.0,2215.0,7054,0.0,0.0
2024-10-23 12:30:00+09:00,2200.0,2215.0,2195.0,2210.0,2867,0.0,0.0
2024-10-23 12:35:00+09:00,2215.0,2220.0,2200.0,2220.0,3134,0.0,0.0
2024-10-23 12:40:00+09:00,2225.0,2225.0,2205.0,2220.0,1740,0.0,0.0
2024-10-23 12:45:00+09:00,2220.0,2220.0,2200.0,2200.0,1146,0.0,0.0
2024-10-23 12:50:00+09:00,2220.0,2220.0,2200.0,2205.0,9,0.0,0.0
2024-10-23 12:55:00+09:00,2215.0,2220.0,2210.0,2220.0,363,0.0,0.0
2024-10-23 13:00:00+09:00,2215.0,2230.0,2205.0,2230.0,8830,0.0,0.0
2024-10-23 13:05:00+09:00,2230.0,2245.0,2220.0,2245.0,2177,0.0,0.0
2024-10-23 13:10:00+09:00,2245.0,2250.0,2240.0,2250.0,1799,0.0,0.0
2024-10-23 13:15:00+09:00,2245.0,2290.0,2225.0,2255.0,10071,0.0,0.0
2024-10-23 13:20:00+09:00,2255.0,2255.0,2205.0,2240.0,7440,0.0,0.0
2024-10-23 13:25:00+09:00,2240.0,2255.0,2240.0,2255.0,370,0.0,0.0
2024-10-23 13:30:00+09:00,2255.0,2255.0,2250.0,2255.0,343,0.0,0.0
2024-10-23 13:35:00+09:00,2250.0,2250.0,2240.0,2240.0,384,0.0,0.0
2024-10-23 13:40:00+09:00,2235.0,2235.0,2215.0,2225.0,6951,0.0,0.0
2024-10-23 13:45:00+09:00,2215.0,2215.0,2200.0,2215.0,23122,0.0,0.0
2024-10-23 13:50:00+09:00,2215.0,2220.0,2200.0,2220.0,1329,0.0,0.0
2024-10-23 13:55:00+09:00,2215.0,2225.0,2215.0,2215.0,2633,0.0,0.0
2024-10-23 14:00:00+09:00,2220.0,2225.0,2205.0,2205.0,4472,0.0,0.0
2024-10-23 14:05:00+09:00,2210.0,2210.0,2200.0,2210.0,736,0.0,0.0
2024-10-23 14:10:00+09:00,2210.0,2250.0,2210.0,2250.0,12993,0.0,0.0
2024-10-23 14:15:00+09:00,2215.0,2255.0,2185.0,2255.0,28712,0.0,0.0
2024-10-23 14:20:00+09:00,2245.0,2250.0,2220.0,2235.0,6430,0.0,0.0
2024-10-23 14:25:00+09:00,2245.0,2250.0,2230.0,2240.0,2504,0.0,0.0
2024-10-23 14:30:00+09:00,2245.0,2270.0,2230.0,2245.0,8025,0.0,0.0
2024-10-23 14:35:00+09:00,2245.0,2245.0,2240.0,2240.0,2539,0.0,0.0
2024-10-23 14:40:00+09:00,2240.0,2255.0,2240.0,2255.0,1268,0.0,0.0
2024-10-23 14:45:00+09:00,2245.0,2255.0,2245.0,2250.0,2075,0.0,0.0
2024-10-23 14:50:00+09:00,2245.0,2250.0,2225.0,2225.0,4459,0.0,0.0
2024-10-23 14:55:00+09:00,2245.0,2245.0,2245.0,2245.0,0,0.0,0.0
2024-10-24 09:00:00+09:00,2195.0,2290.0,2195.0,2285.0,14363,0.0,0.0
2024-10-24 09:05:00+09:00,2285.0,2285.0,2210.0,2260.0,25398,0.0,0.0
2024-10-24 09:10:00+09:00,2265.0,2310.0,2260.0,2290.0,29839,0.0,0.0
2024-10-24 09:15:00+09:00,2285.0,2285.0,2250.0,2280.0,14759,0.0,0.0
2024-10-24 09:20:00+09:00,2280.0,2285.0,2250.0,2270.0,7837,0.0,0.0
2024-10-24 09:25:00+09:00,2250.0,2270.0,2245.0,2270.0,5155,0.0,0.0
2024-10-24 09:30:00+09:00,2265.0,2270.0,2250.0,2270.0,3634,0.0,0.0
2024-10-24 09:35:00+09:00,2270.0,2270.0,2250.0,2265.0,2953,0.0,0.0
2024-10-24 09:40:00+09:00,2265.0,2265.0,2260.0,2260.0,0,0.0,0.0
2024-10-24 09:45:00+09:00,2260.0,2260.0,2255.0,2255.0,1241,0.0,0.0
2024-10-24 09:50:00+09:00,2255.0,2275.0,2250.0,2275.0,4670,0.0,0.0
2024-10-24 09:55:00+09:00,2275.0,2310.0,2270.0,2300.0,18574,0.0,0.0
2024-10-24 10:00:00+09:00,2300.0,2390.0,2285.0,2315.0,36491,0.0,0.0
2024-10-24 10:05:00+09:00,2315.0,2345.0,2255.0,2300.0,62172,0.0,0.0
2024-10-24 10:10:00+09:00,2290.0,2300.0,2275.0,2300.0,2947,0.0,0.0
2024-10-24 10:15:00+09:00,2300.0,2305.0,2255.0,2270.0,19776,0.0,0.0
2024-10-24 10:20:00+09:00,2270.0,2290.0,2270.0,2285.0,4624,0.0,0.0
2024-10-24 10:25:00+09:00,2290.0,2290.0,2280.0,2290.0,0,0.0,0.0
2024-10-24 10:30:00+09:00,2285.0,2290.0,2285.0,2290.0,689,0.0,0.0
2024-10-24 10:35:00+09:00,2290.0,2295.0,2285.0,2295.0,2453,0.0,0.0
2024-10-24 10:40:00+09:00,2290.0,2295.0,2285.0,2295.0,1499,0.0,0.0
2024-10-24 10:45:00+09:00,2290.0,2290.0,2270.0,2290.0,1206,0.0,0.0
2024-10-24 10:50:00+09:00,2290.0,2320.0,2280.0,2300.0,9332,0.0,0.0
2024-10-24 10:55:00+09:00,2295.0,2305.0,2285.0,2290.0,1602,0.0,0.0
2024-10-24 11:00:00+09:00,2300.0,2300.0,2270.0,2295.0,214,0.0,0.0
2024-10-24 11:05:00+09:00,2290.0,2295.0,2280.0,2295.0,926,0.0,0.0
2024-10-24 11:10:00+09:00,2290.0,2295.0,2280.0,2280.0,0,0.0,0.0
2024-10-24 11:15:00+09:00,2290.0,2290.0,2270.0,2275.0,1380,0.0,0.0
2024-10-24 11:20:00+09:00,2270.0,2280.0,2270.0,2280.0,3239,0.0,0.0
2024-10-24 11:25:00+09:00,2280.0,2280.0,2260.0,2270.0,4960,0.0,0.0
2024-10-24 11:30:00+09:00,2265.0,2275.0,2265.0,2275.0,136,0.0,0.0
2024-10-24 11:35:00+09:00,2275.0,2280.0,2270.0,2280.0,2080,0.0,0.0
2024-10-24 11:40:00+09:00,2275.0,2280.0,2275.0,2275.0,61,0.0,0.0
2024-10-24 11:45:00+09:00,2280.0,2290.0,2280.0,2290.0,536,0.0,0.0
2024-10-24 11:50:00+09:00,2290.0,2295.0,2290.0,2295.0,1349,0.0,0.0
2024-10-24 11:55:00+09:00,2290.0,2300.0,2290.0,2300.0,3434,0.0,0.0
2024-10-24 12:00:00+09:00,2300.0,2315.0,2300.0,2315.0,5656,0.0,0.0
2024-10-24 12:05:00+09:00,2310.0,2310.0,2290.0,2305.0,3676,0.0,0.0
2024-10-24 12:10:00+09:00,2290.0,2305.0,2275.0,2300.0,3160,0.0,0.0
2024-10-24 12:15:00+09:00,2300.0,2300.0,2295.0,2295.0,922,0.0,0.0
2024-10-24 12:20:00+09:00,2295.0,2340.0,2290.0,2335.0,13968,0.0,0.0
2024-10-24 12:25:00+09:00,2330.0,2410.0,2310.0,2410.0,134127,0.0,0.0
2024-10-24 12:30:00+09:00,2415.0,2445.0,2340.0,2345.0,296926,0.0,0.0
2024-10-24 12:35:00+09:00,2345.0,2385.0,2315.0,2335.0,80471,0.0,0.0
2024-10-24 12:40:00+09:00,2325.0,2365.0,2315.0,2330.0,42295,0.0,0.0
2024-10-24 12:45:00+09:00,2330.0,2335.0,2290.0,2305.0,49663,0.0,0.0
2024-10-24 12:50:00+09:00,2310.0,2310.0,2295.0,2295.0,12523,0.0,0.0
2024-10-24 12:55:00+09:00,2305.0,2325.0,2305.0,2320.0,6750,0.0,0.0
2024-10-24 13:00:00+09:00,2315.0,2330.0,2310.0,2325.0,3985,0.0,0.0
2024-10-24 13:05:00+09:00,2325.0,2325.0,2295.0,2305.0,16035,0.0,0.0
2024-10-24 13:10:00+09:00,2305.0,2315.0,2295.0,2315.0,2307,0.0,0.0
2024-10-24 13:15:00+09:00,2300.0,2305.0,2300.0,2300.0,6516,0.0,0.0
2024-10-24 13:20:00+09:00,2310.0,2310.0,2285.0,2290.0,12723,0.0,0.0
2024-10-24 13:25:00+09:00,2290.0,2295.0,2280.0,2285.0,15113,0.0,0.0
2024-10-24 13:30:00+09:00,2285.0,2300.0,2280.0,2290.0,2473,0.0,0.0
2024-10-24 13:35:00+09:00,2285.0,2285.0,2270.0,2270.0,11423,0.0,0.0
2024-10-24 13:40:00+09:00,2270.0,2275.0,2265.0,2270.0,3645,0.0,0.0
2024-10-24 13:45:00+09:00,2275.0,2285.0,2275.0,2280.0,1295,0.0,0.0
2024-10-24 13:50:00+09:00,2290.0,2295.0,2280.0,2280.0,4161,0.0,0.0
2024-10-24 13:55:00+09:00,2280.0,2280.0,2280.0,2280.0,401,0.0,0.0
2024-10-24 14:00:00+09:00,2280.0,2290.0,2280.0,2290.0,2372,0.0,0.0
2024-10-24 14:05:00+09:00,2290.0,2300.0,2290.0,2300.0,960,0.0,0.0
2024-10-24 14:10:00+09:00,2300.0,2300.0,2285.0,2285.0,2475,0.0,0.0
2024-10-24 14:15:00+09:00,2285.0,2290.0,2280.0,2280.0,1323,0.0,0.0
2024-10-24 14:20:00+09:00,2280.0,2285.0,2270.0,2285.0,2753,0.0,0.0
2024-10-24 14:25:00+09:00,2285.0,2285.0,2275.0,2280.0,4463,0.0,0.0
2024-10-24 14:30:00+09:00,2280.0,2305.0,2275.0,2305.0,2663,0.0,0.0
2024-10-24 14:35:00+09:00,2290.0,2305.0,2285.0,2295.0,6425,0.0,0.0
2024-10-24 14:40:00+09:00,2295.0,2295.0,2280.0,2280.0,9020,0.0,0.0
2024-10-24 14:45:00+09:00,2280.0,2295.0,2280.0,2295.0,281,0.0,0.0
2024-10-24 14:50:00+09:00,2285.0,2290.0,2275.0,2285.0,5328,0.0,0.0
2024-10-24 14:55:00+09:00,2290.0,2290.0,2280.0,2280.0,1867,0.0,0.0
2024-10-25 09:00:00+09:00,2290.0,2330.0,2290.0,2305.0,9407,0.0,0.0
2024-10-25 09:05:00+09:00,2305.0,2320.0,2275.0,2290.0,6687,0.0,0.0
2024-10-25 09:10:00+09:00,2300.0,2305.0,2235.0,2250.0,11598,0.0,0.0
2024-10-25 09:15:00+09:00,2265.0,2285.0,2265.0,2265.0,3468,0.0,0.0
2024-10-25 09:20:00+09:00,2270.0,2340.0,2265.0,2335.0,13216,0.0,0.0
2024-10-25 09:25:00+09:00,2330.0,2335.0,2315.0,2315.0,9308,0.0,0.0
2024-10-25 09:30:00+09:00,2310.0,2310.0,2290.0,2290.0,25971,0.0,0.0
2024-10-25 09:35:00+09:00,2300.0,2300.0,2290.0,2290.0,138,0.0,0.0
2024-10-25 09:40:00+09:00,2290.0,2300.0,2285.0,2300.0,3507,0.0,0.0
2024-10-25 09:50:00+09:00,2290.0,2315.0,2290.0,2315.0,6691,0.0,0.0
2024-10-25 09:55:00+09:00,2300.0,2310.0,2300.0,2310.0,1830,0.0,0.0
2024-10-25 10:00:00+09:00,2300.0,2330.0,2300.0,2310.0,7831,0.0,0.0
2024-10-25 10:05:00+09:00,2310.0,2340.0,2310.0,2320.0,9656,0.0,0.0
2024-10-25 10:10:00+09:00,2320.0,2340.0,2320.0,2335.0,3221,0.0,0.0
2024-10-25 10:15:00+09:00,2330.0,2340.0,2330.0,2330.0,9624,0.0,0.0
2024-10-25 10:20:00+09:00,2330.0,2330.0,2320.0,2330.0,4205,0.0,0.0
2024-10-25 10:25:00+09:00,2315.0,2315.0,2215.0,2230.0,60747,0.0,0.0
2024-10-25 10:30:00+09:00,2225.0,2295.0,2225.0,2285.0,16662,0.0,0.0
2024-10-25 10:35:00+09:00,2280.0,2285.0,2270.0,2285.0,2593,0.0,0.0
2024-10-25 10:40:00+09:00,2285.0,2290.0,2280.0,2290.0,2251,0.0,0.0
2024-10-25 10:45:00+09:00,2295.0,2295.0,2265.0,2270.0,5780,0.0,0.0
2024-10-25 10:50:00+09:00,2270.0,2270.0,2265.0,2265.0,11826,0.0,0.0
2024-10-25 10:55:00+09:00,2270.0,2290.0,2270.0,2290.0,0,0.0,0.0
2024-10-25 11:00:00+09:00,2275.0,2275.0,2250.0,2250.0,6848,0.0,0.0
2024-10-25 11:05:00+09:00,2250.0,2265.0,2250.0,2250.0,2216,0.0,0.0
2024-10-25 11:10:00+09:00,2260.0,2260.0,2245.0,2245.0,2288,0.0,0.0
2024-10-25 11:15:00+09:00,2255.0,2255.0,2250.0,2250.0,951,0.0,0.0
2024-10-25 11:20:00+09:00,2250.0,2250.0,2245.0,2250.0,1498,0.0,0.0
2024-10-25 11:25:00+09:00,2250.0,2255.0,2240.0,2240.0,14956,0.0,0.0
2024-10-25 11:30:00+09:00,2240.0,2245.0,2240.0,2245.0,0,0.0,0.0
2024-10-25 11:35:00+09:00,2245.0,2250.0,2240.0,2240.0,1356,0.0,0.0
2024-10-25 11:40:00+09:00,2245.0,2245.0,2240.0,2240.0,559,0.0,0.0
2024-10-25 11:45:00+09:00,2240.0,2250.0,2240.0,2240.0,1631,0.0,0.0
2024-10-25 11:50:00+09:00,2240.0,2250.0,2240.0,2250.0,532,0.0,0.0
2024-10-25 11:55:00+09:00,2250.0,2250.0,2250.0,2250.0,48,0.0,0.0
2024-10-25 12:00:00+09:00,2250.0,2250.0,2235.0,2240.0,1209,0.0,0.0
2024-10-25 12:05:00+09:00,2240.0,2240.0,2235.0,2235.0,2022,0.0,0.0
2024-10-25 12:10:00+09:00,2235.0,2235.0,2225.0,2225.0,3827,0.0,0.0
2024-10-25 12:25:00+09:00,2235.0,2240.0,2230.0,2230.0,425,0.0,0.0
2024-10-25 12:30:00+09:00,2235.0,2250.0,2230.0,2250.0,3959,0.0,0.0
2024-10-25 12:35:00+09:00,2245.0,2245.0,2245.0,2245.0,128,0.0,0.0
2024-10-25 12:40:00+09:00,2245.0,2255.0,2245.0,2255.0,2594,0.0,0.0
2024-10-25 12:45:00+09:00,2265.0,2280.0,2255.0,2255.0,3807,0.0,0.0
2024-10-25 12:50:00+09:00,2265.0,2265.0,2255.0,2255.0,1825,0.0,0.0
2024-10-25 12:55:00+09:00,2240.0,2250.0,2240.0,2240.0,13625,0.0,0.0
2024-10-25 13:00:00+09:00,2235.0,2235.0,2225.0,2225.0,8823,0.0,0.0
2024-10-25 13:05:00+09:00,2245.0,2245.0,2245.0,2245.0,0,0.0,0.0
2024-10-25 13:10:00+09:00,2245.0,2245.0,2245.0,2245.0,296043,0.0,0.0
2024-10-25 13:15:00+09:00,2230.0,2230.0,2220.0,2230.0,9172,0.0,0.0
2024-10-25 13:20:00+09:00,2230.0,2230.0,2230.0,2230.0,65,0.0,0.0
2024-10-25 13:25:00+09:00,2235.0,2235.0,2230.0,2230.0,793,0.0,0.0
2024-10-25 13:30:00+09:00,2230.0,2230.0,2230.0,2230.0,585,0.0,0.0
2024-10-25 13:40:00+09:00,2230.0,2265.0,2230.0,2265.0,4261,0.0,0.0
2024-10-25 13:45:00+09:00,2235.0,2235.0,2230.0,2230.0,0,0.0,0.0
2024-10-25 13:50:00+09:00,2225.0,2235.0,2225.0,2225.0,1298,0.0,0.0
2024-10-25 13:55:00+09:00,2240.0,2240.0,2240.0,2240.0,6887,0.0,0.0
2024-10-25 14:00:00+09:00,2235.0,2235.0,2230.0,2230.0,0,0.0,0.0
2024-10-25 14:05:00+09:00,2230.0,2230.0,2215.0,2215.0,7609,0.0,0.0
2024-10-25 14:10:00+09:00,2215.0,2215.0,2210.0,2210.0,3231,0.0,0.0
2024-10-25 14:15:00+09:00,2210.0,2210.0,2190.0,2195.0,22532,0.0,0.0
2024-10-25 14:20:00+09:00,2195.0,2200.0,2185.0,2200.0,11776,0.0,0.0
2024-10-25 14:25:00+09:00,2205.0,2215.0,2200.0,2205.0,1152,0.0,0.0
2024-10-25 14:30:00+09:00,2200.0,2210.0,2200.0,2205.0,154,0.0,0.0
2024-10-25 14:35:00+09:00,2205.0,2205.0,2200.0,2200.0,249,0.0,0.0
2024-10-25 14:40:00+09:00,2205.0,2210.0,2205.0,2210.0,185,0.0,0.0
2024-10-25 14:45:00+09:00,2210.0,2210.0,2210.0,2210.0,3102,0.0,0.0
2024-10-25 14:50:00+09:00,2210.0,2210.0,2205.0,2205.0,6449,0.0,0.0
2024-10-25 14:55:00+09:00,2205.0,2220.0,2205.0,2205.0,1240,0.0,0.0
2024-10-28 09:00:00+09:00,2220.0,2220.0,2190.0,2200.0,0,0.0,0.0
2024-10-28 09:05:00+09:00,2200.0,2200.0,2175.0,2185.0,19652,0.0,0.0
2024-10-28 09:10:00+09:00,2195.0,2210.0,2195.0,2195.0,4205,0.0,0.0
2024-10-28 09:15:00+09:00,2205.0,2235.0,2205.0,2235.0,3328,0.0,0.0
2024-10-28 09:20:00+09:00,2235.0,2255.0,2225.0,2225.0,10653,0.0,0.0
2024-10-28 09:25:00+09:00,2225.0,2240.0,2225.0,2230.0,1934,0.0,0.0
2024-10-28 09:30:00+09:00,2230.0,2230.0,2220.0,2220.0,2546,0.0,0.0
2024-10-28 09:35:00+09:00,2220.0,2220.0,2205.0,2205.0,431,0.0,0.0
2024-10-28 09:40:00+09:00,2205.0,2210.0,2205.0,2210.0,330,0.0,0.0
2024-10-28 09:45:00+09:00,2230.0,2230.0,2225.0,2225.0,649,0.0,0.0
2024-10-28 09:50:00+09:00,2230.0,2230.0,2220.0,2220.0,1052,0.0,0.0
2024-10-28 09:55:00+09:00,2225.0,2230.0,2225.0,2230.0,8,0.0,0.0
2024-10-28 10:00:00+09:00,2220.0,2220.0,2215.0,2215.0,381,0.0,0.0
2024-10-28 10:05:00+09:00,2215.0,2225.0,2205.0,2225.0,0,0.0,0.0
2024-10-28 10:10:00+09:00,2225.0,2245.0,2225.0,2245.0,70142,0.0,0.0
2024-10-28 10:15:00+09:00,2245.0,2250.0,2245.0,2250.0,390,0.0,0.0
2024-10-28 10:20:00+09:00,2240.0,2240.0,2240.0,2240.0,0,0.0,0.0
2024-10-28 10:25:00+09:00,2225.0,2240.0,2225.0,2225.0,157,0.0,0.0
2024-10-28 10:30:00+09:00,2230.0,2230.0,2220.0,2220.0,2536,0.0,0.0
2024-10-28 10:35:00+09:00,2215.0,2215.0,2200.0,2200.0,5633,0.0,0.0
2024-10-28 10:40:00+09:00,2200.0,2200.0,2200.0,2200.0,41,0.0,0.0
2024-10-28 10:45:00+09:00,2210.0,2220.0,2200.0,2220.0,1499,0.0,0.0
2024-10-28 10:50:00+09:00,2220.0,2225.0,2220.0,2225.0,640,0.0,0.0
2024-10-28 10:55:00+09:00,2225.0,2225.0,2200.0,2225.0,0,0.0,0.0
2024-10-28 11:00:00+09:00,2220.0,2220.0,2205.0,2205.0,514,0.0,0.0
2024-10-28 11:05:00+09:00,2210.0,2215.0,2195.0,2210.0,6503,0.0,0.0
2024-10-28 11:10:00+09:00,2205.0,2210.0,2200.0,2200.0,0,0.0,0.0
2024-10-28 11:15:00+09:00,2195.0,2195.0,2195.0,2195.0,89654,0.0,0.0
2024-10-28 11:20:00+09:00,2205.0,2205.0,2200.0,2205.0,486,0.0,0.0
2024-10-28 11:25:00+09:00,2195.0,2195.0,2185.0,2190.0,6640,0.0,0.0
2024-10-28 11:30:00+09:00,2190.0,2195.0,2190.0,2190.0,36,0.0,0.0
2024-10-28 11:35:00+09:00,2185.0,2185.0,2185.0,2185.0,1,0.0,0.0
2024-10-28 11:40:00+09:00,2190.0,2195.0,2185.0,2195.0,1531,0.0,0.0
2024-10-28 11:45:00+09:00,2190.0,2195.0,2180.0,2195.0,2829,0.0,0.0
2024-10-28 11:50:00+09:00,2190.0,2195.0,2180.0,2195.0,1123,0.0,0.0
2024-10-28 11:55:00+09:00,2180.0,2195.0,2180.0,2180.0,2070,0.0,0.0
2024-10-28 12:00:00+09:00,2180.0,2190.0,2180.0,2190.0,693,0.0,0.0
2024-10-28 12:05:00+09:00,2195.0,2200.0,2170.0,2200.0,9777,0.0,0.0
2024-10-28 12:10:00+09:00,2175.0,2175.0,2165.0,2165.0,8409,0.0,0.0
2024-10-28 12:15:00+09:00,2175.0,2190.0,2175.0,2185.0,0,0.0,0.0
2024-10-28 12:20:00+09:00,2190.0,2190.0,2165.0,2170.0,137731,0.0,0.0
2024-10-28 12:25:00+09:00,2165.0,2170.0,2165.0,2165.0,1611,0.0,0.0
2024-10-28 12:30:00+09:00,2170.0,2175.0,2170.0,2170.0,187,0.0,0.0
2024-10-28 12:35:00+09:00,2170.0,2180.0,2170.0,2180.0,0,0.0,0.0
2024-10-28 12:40:00+09:00,2180.0,2195.0,2175.0,2180.0,2431,0.0,0.0
2024-10-28 12:45:00+09:00,2175.0,2180.0,2175.0,2175.0,0,0.0,0.0
2024-10-28 12:50:00+09:00,2175.0,2180.0,2175.0,2180.0,532,0.0,0.0
2024-10-28 12:55:00+09:00,2180.0,2180.0,2175.0,2175.0,11,0.0,0.0
2024-10-28 13:00:00+09:00,2180.0,2180.0,2180.0,2180.0,0,0.0,0.0
2024-10-28 13:05:00+09:00,2175.0,2175.0,2175.0,2175.0,1176,0.0,0.0
2024-10-28 13:10:00+09:00,2170.0,2170.0,2165.0,2170.0,2773,0.0,0.0
2024-10-28 13:15:00+09:00,2170.0,2170.0,2170.0,2170.0,475,0.0,0.0
2024-10-28 13:20:00+09:00,2170.0,2175.0,2170.0,2175.0,0,0.0,0.0
2024-10-28 13:35:00+09:00,2175.0,2175.0,2175.0,2175.0,8,0.0,0.0
2024-10-28 13:40:00+09:00,2170.0,2180.0,2170.0,2180.0,3482,0.0,0.0
2024-10-28 13:45:00+09:00,2180.0,2190.0,2180.0,2190.0,582,0.0,0.0
2024-10-28 13:55:00+09:00,2180.0,2185.0,2180.0,2185.0,65,0.0,0.0
2024-10-28 14:00:00+09:00,2175.0,2175.0,2175.0,2175.0,2513,0.0,0.0
2024-10-28 14:05:00+09:00,2165.0,2180.0,2165.0,2180.0,3586,0.0,0.0
2024-10-28 14:10:00+09:00,2175.0,2180.0,2175.0,2180.0,302,0.0,0.0
2024-10-28 14:20:00+09:00,2170.0,2170.0,2170.0,2170.0,0,0.0,0.0
2024-10-28 14:25:00+09:00,2175.0,2175.0,2175.0,2175.0,0,0.0,0.0
2024-10-28 14:30:00+09:00,2180.0,2180.0,2175.0,2180.0,207,0.0,0.0
2024-10-28 14:35:00+09:00,2175.0,2180.0,2175.0,2175.0,1072,0.0,0.0
2024-10-28 14:40:00+09:00,2175.0,2175.0,2165.0,2175.0,3153,0.0,0.0
2024-10-28 14:45:00+09:00,2165.0,2165.0,2135.0,2140.0,42281,0.0,0.0
2024-10-28 14:50:00+09:00,2135.0,2140.0,2125.0,2125.0,6556,0.0,0.0
2024-10-28 14:55:00+09:00,2120.0,2130.0,2115.0,2120.0,7644,0.0,0.0
2024-10-29 09:00:00+09:00,2130.0,2145.0,2105.0,2110.0,9863,0.0,0.0
2024-10-29 09:05:00+09:00,2115.0,2115.0,2055.0,2115.0,11345,0.0,0.0
2024-10-29 09:10:00+09:00,2105.0,2135.0,2095.0,2135.0,5309,0.0,0.0
2024-10-29 09:15:00+09:00,2135.0,2140.0,2120.0,2140.0,14358,0.0,0.0
2024-10-29 09:20:00+09:00,2140.0,2140.0,2120.0,2120.0,9497,0.0,0.0
2024-10-29 09:25:00+09:00,2135.0,2135.0,2120.0,2120.0,3911,0.0,0.0
2024-10-29 09:30:00+09:00,2120.0,2120.0,2120.0,2120.0,0,0.0,0.0
2024-10-29 09:35:00+09:00,2120.0,2130.0,2120.0,2120.0,0,0.0,0.0
2024-10-29 09:40:00+09:00,2120.0,2120.0,2115.0,2120.0,1102,0.0,0.0
2024-10-29 09:45:00+09:00,2120.0,2120.0,2115.0,2115.0,421,0.0,0.0
2024-10-29 09:50:00+09:00,2115.0,2115.0,2115.0,2115.0,0,0.0,0.0
2024-10-29 09:55:00+09:00,2115.0,2115.0,2110.0,2110.0,729,0.0,0.0
2024-10-29 10:00:00+09:00,2110.0,2110.0,2095.0,2095.0,4083,0.0,0.0
2024-10-29 10:05:00+09:00,2110.0,2110.0,2100.0,2105.0,0,0.0,0.0
2024-10-29 10:10:00+09:00,2105.0,2105.0,2105.0,2105.0,60734,0.0,0.0
2024-10-29 10:15:00+09:00,2115.0,2115.0,2115.0,2115.0,8,0.0,0.0
2024-10-29 10:20:00+09:00,2115.0,2120.0,2100.0,2100.0,6104,0.0,0.0
2024-10-29 10:25:00+09:00,2105.0,2105.0,2105.0,2105.0,423,0.0,0.0
2024-10-29 10:30:00+09:00,2120.0,2120.0,2120.0,2120.0,2,0.0,0.0
2024-10-29 10:45:00+09:00,2115.0,2120.0,2115.0,2120.0,5,0.0,0.0
2024-10-29 10:50:00+09:00,2115.0,2115.0,2110.0,2110.0,310,0.0,0.0
2024-10-29 10:55:00+09:00,2110.0,2115.0,2105.0,2115.0,960,0.0,0.0
2024-10-29 11:00:00+09:00,2120.0,2120.0,2115.0,2115.0,410,0.0,0.0
2024-10-29 11:05:00+09:00,2120.0,2120.0,2120.0,2120.0,41,0.0,0.0
2024-10-29 11:10:00+09:00,2120.0,2125.0,2120.0,2125.0,536,0.0,0.0
2024-10-29 11:15:00+09:00,2125.0,2145.0,2125.0,2145.0,1023,0.0,0.0
2024-10-29 11:20:00+09:00,2145.0,2145.0,2145.0,2145.0,337,0.0,0.0
2024-10-29 11:25:00+09:00,2140.0,2145.0,2140.0,2145.0,60,0.0,0.0
2024-10-29 11:30:00+09:00,2145.0,2145.0,2135.0,2135.0,511,0.0,0.0
2024-10-29 11:35:00+09:00,2130.0,2130.0,2125.0,2125.0,3104,0.0,0.0
2024-10-29 11:40:00+09:00,2125.0,2125.0,2125.0,2125.0,0,0.0,0.0
2024-10-29 11:45:00+09:00,2135.0,2135.0,2130.0,2135.0,857,0.0,0.0
2024-10-29 11:50:00+09:00,2130.0,2130.0,2125.0,2125.0,722,0.0,0.0
2024-10-29 11:55:00+09:00,2125.0,2130.0,2125.0,2130.0,0,0.0,0.0
2024-10-29 12:00:00+09:00,2120.0,2130.0,2120.0,2130.0,20,0.0,0.0
2024-10-29 12:10:00+09:00,2125.0,2125.0,2115.0,2115.0,1404,0.0,0.0
2024-10-29 12:15:00+09:00,2110.0,2110.0,2110.0,2110.0,1091,0.0,0.0
2024-10-29 12:20:00+09:00,2110.0,2110.0,2110.0,2110.0,355,0.0,0.0
2024-10-29 12:25:00+09:00,2120.0,2120.0,2120.0,2120.0,20,0.0,0.0
2024-10-29 12:30:00+09:00,2105.0,2105.0,2105.0,2105.0,593,0.0,0.0
2024-10-29 12:35:00+09:00,2105.0,2105.0,2100.0,2100.0,2325,0.0,0.0
2024-10-29 12:40:00+09:00,2100.0,2100.0,2100.0,2100.0,4434,0.0,0.0
2024-10-29 12:45:00+09:00,2100.0,2105.0,2100.0,2105.0,0,0.0,0.0
2024-10-29 12:50:00+09:00,2100.0,2100.0,2100.0,2100.0,2999,0.0,0.0
2024-10-29 12:55:00+09:00,2100.0,2100.0,2080.0,2080.0,14346,0.0,0.0
2024-10-29 13:00:00+09:00,2080.0,2100.0,2070.0,2080.0,6150,0.0,0.0
2024-10-29 13:05:00+09:00,2085.0,2085.0,2070.0,2075.0,7354,0.0,0.0
2024-10-29 13:10:00+09:00,2080.0,2090.0,2075.0,2075.0,2131,0.0,0.0
2024-10-29 13:15:00+09:00,2075.0,2080.0,2075.0,2080.0,0,0.0,0.0
2024-10-29 13:20:00+09:00,2075.0,2090.0,2075.0,2090.0,1609,0.0,0.0
2024-10-29 13:25:00+09:00,2095.0,2095.0,2095.0,2095.0,333,0.0,0.0
2024-10-29 13:30:00+09:00,2095.0,2095.0,2095.0,2095.0,289,0.0,0.0
2024-10-29 13:35:00+09:00,2085.0,2100.0,2085.0,2100.0,5,0.0,0.0
2024-10-29 13:40:00+09:00,2085.0,2085.0,2085.0,2085.0,91,0.0,0.0
2024-10-29 13:45:00+09:00,2085.0,2105.0,2085.0,2095.0,1966,0.0,0.0
2024-10-29 13:50:00+09:00,2105.0,2105.0,2090.0,2090.0,2851,0.0,0.0
2024-10-29 13:55:00+09:00,2090.0,2090.0,2075.0,2080.0,9102,0.0,0.0
2024-10-29 14:00:00+09:00,2075.0,2090.0,2060.0,2060.0,32774,0.0,0.0
2024-10-29 14:05:00+09:00,2060.0,2080.0,2060.0,2065.0,2404,0.0,0.0
2024-10-29 14:10:00+09:00,2080.0,2085.0,2070.0,2080.0,813,0.0,0.0
2024-10-29 14:15:00+09:00,2080.0,2080.0,2070.0,2080.0,0,0.0,0.0
2024-10-29 14:25:00+09:00,2080.0,2080.0,2075.0,2075.0,424,0.0,0.0
2024-10-29 14:30:00+09:00,2075.0,2080.0,2075.0,2080.0,937,0.0,0.0
2024-10-29 14:35:00+09:00,2080.0,2085.0,2080.0,2085.0,1209,0.0,0.0
2024-10-29 14:40:00+09:00,2085.0,2100.0,2080.0,2095.0,7838,0.0,0.0
2024-10-29 14:45:00+09:00,2095.0,2110.0,2090.0,2090.0,5608,0.0,0.0
2024-10-29 14:50:00+09:00,2090.0,2100.0,2080.0,2085.0,4251,0.0,0.0
2024-10-29 14:55:00+09:00,2095.0,2100.0,2080.0,2100.0,8422,0.0,0.0
2024-10-30 09:00:00+09:00,2120.0,2150.0,2105.0,2105.0,10512,0.0,0.0
2024-10-30 09:05:00+09:00,2105.0,2160.0,2100.0,2145.0,12983,0.0,0.0
2024-10-30 09:10:00+09:00,2145.0,2200.0,2130.0,2195.0,31099,0.0,0.0
2024-10-30 09:15:00+09:00,2185.0,2185.0,2155.0,2175.0,8003,0.0,0.0
2024-10-30 09:20:00+09:00,2175.0,2175.0,2100.0,2165.0,15853,0.0,0.0
2024-10-30 09:25:00+09:00,2160.0,2165.0,2140.0,2165.0,1422,0.0,0.0
2024-10-30 09:30:00+09:00,2160.0,2165.0,2140.0,2155.0,2634,0.0,0.0
2024-10-30 09:35:00+09:00,2155.0,2170.0,2145.0,2145.0,7616,0.0,0.0
2024-10-30 09:40:00+09:00,2165.0,2195.0,2165.0,2195.0,19601,0.0,0.0
2024-10-30 09:45:00+09:00,2195.0,2200.0,2170.0,2195.0,14296,0.0,0.0
2024-10-30 09:50:00+09:00,2190.0,2225.0,2140.0,2160.0,36147,0.0,0.0
2024-10-30 09:55:00+09:00,2160.0,2170.0,2145.0,2170.0,2374,0.0,0.0
2024-10-30 10:00:00+09:00,2155.0,2165.0,2150.0,2165.0,2570,0.0,0.0
2024-10-30 10:05:00+09:00,2165.0,2165.0,2160.0,2160.0,1182,0.0,0.0
2024-10-30 10:10:00+09:00,2150.0,2150.0,2110.0,2125.0,14857,0.0,0.0
2024-10-30 10:15:00+09:00,2125.0,2135.0,2125.0,2130.0,956,0.0,0.0
2024-10-30 10:25:00+09:00,2135.0,2145.0,2135.0,2145.0,1750,0.0,0.0
2024-10-30 10:30:00+09:00,2145.0,2150.0,2145.0,2150.0,278,0.0,0.0
2024-10-30 10:35:00+09:00,2145.0,2145.0,2100.0,2120.0,19552,0.0,0.0
2024-10-30 10:40:00+09:00,2110.0,2115.0,2110.0,2115.0,4575,0.0,0.0
2024-10-30 10:45:00+09:00,2115.0,2125.0,2115.0,2125.0,150,0.0,0.0
2024-10-30 10:50:00+09:00,2115.0,2115.0,2095.0,2110.0,4546,0.0,0.0
2024-10-30 10:55:00+09:00,2110.0,2110.0,2100.0,2105.0,934,0.0,0.0
2024-10-30 11:00:00+09:00,2110.0,2125.0,2110.0,2125.0,2695,0.0,0.0
2024-10-30 11:05:00+09:00,2115.0,2120.0,2110.0,2110.0,730,0.0,0.0
2024-10-30 11:10:00+09:00,2110.0,2110.0,2110.0,2110.0,99,0.0,0.0
2024-10-30 11:15:00+09:00,2105.0,2105.0,2105.0,2105.0,48,0.0,0.0
2024-10-30 11:20:00+09:00,2110.0,2125.0,2105.0,2125.0,7619,0.0,0.0
2024-10-30 11:25:00+09:00,2115.0,2135.0,2115.0,2135.0,917,0.0,0.0
2024-10-30 11:35:00+09:00,2130.0,2130.0,2130.0,2130.0,1720,0.0,0.0
2024-10-30 11:40:00+09:00,2110.0,2110.0,2110.0,2110.0,0,0.0,0.0
2024-10-30 11:45:00+09:00,2130.0,2135.0,2115.0,2135.0,2512,0.0,0.0
2024-10-30 11:50:00+09:00,2130.0,2130.0,2130.0,2130.0,0,0.0,0.0
2024-10-30 11:55:00+09:00,2125.0,2125.0,2115.0,2120.0,2308,0.0,0.0
2024-10-30 12:00:00+09:00,2120.0,2120.0,2115.0,2115.0,271,0.0,0.0
2024-10-30 12:05:00+09:00,2120.0,2130.0,2115.0,2130.0,708,0.0,0.0
2024-10-30 12:10:00+09:00,2125.0,2125.0,2125.0,2125.0,36,0.0,0.0
2024-10-30 12:20:00+09:00,2125.0,2125.0,2125.0,2125.0,52,0.0,0.0
2024-10-30 12:30:00+09:00,2125.0,2125.0,2115.0,2115.0,4205,0.0,0.0
2024-10-30 12:35:00+09:00,2110.0,2115.0,2110.0,2115.0,401,0.0,0.0
2024-10-30 12:40:00+09:00,2115.0,2115.0,2115.0,2115.0,0,0.0,0.0
2024-10-30 12:45:00+09:00,2110.0,2110.0,2105.0,2105.0,2830,0.0,0.0
2024-10-30 12:50:00+09:00,2105.0,2105.0,2100.0,2100.0,2906,0.0,0.0
2024-10-30 12:55:00+09:00,2100.0,2100.0,2100.0,2100.0,1658,0.0,0.0
2024-10-30 13:00:00+09:00,2100.0,2100.0,2100.0,2100.0,919,0.0,0.0
2024-10-30 13:05:00+09:00,2095.0,2095.0,2090.0,2090.0,1770,0.0,0.0
2024-10-30 13:15:00+09:00,2095.0,2095.0,2090.0,2095.0,421,0.0,0.0
2024-10-30 13:20:00+09:00,2095.0,2095.0,2095.0,2095.0,89,0.0,0.0
2024-10-30 13:25:00+09:00,2100.0,2100.0,2100.0,2100.0,283,0.0,0.0
2024-10-30 13:30:00+09:00,2100.0,2110.0,2100.0,2110.0,1013,0.0,0.0
2024-10-30 13:35:00+09:00,2110.0,2110.0,2110.0,2110.0,2499,0.0,0.0
2024-10-30 13:40:00+09:00,2100.0,2100.0,2090.0,2090.0,6348,0.0,0.0
2024-10-30 13:45:00+09:00,2090.0,2100.0,2080.0,2100.0,2022,0.0,0.0
2024-10-30 13:50:00+09:00,2085.0,2100.0,2070.0,2070.0,2047,0.0,0.0
2024-10-30 13:55:00+09:00,2075.0,2090.0,2075.0,2090.0,0,0.0,0.0
2024-10-30 14:00:00+09:00,2075.0,2090.0,2055.0,2080.0,15393,0.0,0.0
2024-10-30 14:05:00+09:00,2090.0,2100.0,2090.0,2095.0,2599,0.0,0.0
2024-10-30 14:10:00+09:00,2095.0,2100.0,2085.0,2100.0,1050,0.0,0.0
2024-10-30 14:15:00+09:00,2100.0,2100.0,2100.0,2100.0,439,0.0,0.0
2024-10-30 14:20:00+09:00,2100.0,2100.0,2100.0,2100.0,1007,0.0,0.0
2024-10-30 14:25:00+09:00,2100.0,2100.0,2070.0,2070.0,2014,0.0,0.0
2024-10-30 14:30:00+09:00,2070.0,2080.0,2070.0,2075.0,825,0.0,0.0
2024-10-30 14:35:00+09:00,2075.0,2085.0,2075.0,2080.0,457,0.0,0.0
2024-10-30 14:40:00+09:00,2085.0,2090.0,2080.0,2090.0,635,0.0,0.0
2024-10-30 14:50:00+09:00,2090.0,2095.0,2090.0,2095.0,1808,0.0,0.0
2024-10-30 14:55:00+09:00,2095.0,2095.0,2085.0,2095.0,356,0.0,0.0
2024-10-31 09:00:00+09:00,2050.0,2060.0,2040.0,2040.0,11007,0.0,0.0
2024-10-31 09:05:00+09:00,2045.0,2075.0,2045.0,2075.0,508,0.0,0.0
2024-10-31 09:10:00+09:00,2075.0,2075.0,2050.0,2065.0,1060,0.0,0.0
2024-10-31 09:15:00+09:00,2065.0,2065.0,2055.0,2060.0,21,0.0,0.0
2024-10-31 09:20:00+09:00,2055.0,2055.0,2045.0,2055.0,278,0.0,0.0
2024-10-31 09:25:00+09:00,2050.0,2055.0,2050.0,2055.0,2,0.0,0.0
2024-10-31 09:30:00+09:00,2055.0,2055.0,2055.0,2055.0,246,0.0,0.0
2024-10-31 09:35:00+09:00,2055.0,2055.0,2040.0,2040.0,3359,0.0,0.0
2024-10-31 09:40:00+09:00,2050.0,2050.0,2040.0,2050.0,173,0.0,0.0
2024-10-31 09:45:00+09:00,2040.0,2045.0,2040.0,2045.0,442,0.0,0.0
2024-10-31 09:50:00+09:00,2045.0,2045.0,2030.0,2030.0,10239,0.0,0.0
2024-10-31 09:55:00+09:00,2035.0,2045.0,2035.0,2035.0,0,0.0,0.0
2024-10-31 10:00:00+09:00,2030.0,2045.0,2030.0,2030.0,251,0.0,0.0
2024-10-31 10:05:00+09:00,2035.0,2040.0,2030.0,2040.0,2394,0.0,0.0
2024-10-31 10:10:00+09:00,2040.0,2045.0,2040.0,2045.0,68,0.0,0.0
2024-10-31 10:15:00+09:00,2045.0,2050.0,2045.0,2050.0,6006,0.0,0.0
2024-10-31 10:20:00+09:00,2055.0,2060.0,2050.0,2060.0,1977,0.0,0.0
2024-10-31 10:25:00+09:00,2060.0,2060.0,2060.0,2060.0,767,0.0,0.0
2024-10-31 10:30:00+09:00,2065.0,2065.0,2060.0,2060.0,174,0.0,0.0
2024-10-31 10:35:00+09:00,2065.0,2065.0,2065.0,2065.0,331,0.0,0.0
2024-10-31 10:40:00+09:00,2065.0,2070.0,2065.0,2070.0,0,0.0,0.0
2024-10-31 10:50:00+09:00,2065.0,2065.0,2065.0,2065.0,51,0.0,0.0
2024-10-31 10:55:00+09:00,2065.0,2065.0,2055.0,2055.0,4253,0.0,0.0
2024-10-31 11:00:00+09:00,2055.0,2065.0,2055.0,2065.0,451,0.0,0.0
2024-10-31 11:05:00+09:00,2065.0,2090.0,2065.0,2090.0,0,0.0,0.0
2024-10-31 11:10:00+09:00,2085.0,2085.0,2085.0,2085.0,45713,0.0,0.0
2024-10-31 11:25:00+09:00,2080.0,2085.0,2065.0,2085.0,0,0.0,0.0
2024-10-31 11:30:00+09:00,2080.0,2080.0,2075.0,2075.0,822,0.0,0.0
2024-10-31 11:35:00+09:00,2080.0,2080.0,2080.0,2080.0,0,0.0,0.0
2024-10-31 11:40:00+09:00,2080.0,2080.0,2080.0,2080.0,180,0.0,0.0
2024-10-31 11:50:00+09:00,2075.0,2075.0,2065.0,2065.0,119,0.0,0.0
2024-10-31 11:55:00+09:00,2080.0,2080.0,2070.0,2070.0,0,0.0,0.0
2024-10-31 12:00:00+09:00,2080.0,2080.0,2080.0,2080.0,46,0.0,0.0
2024-10-31 12:05:00+09:00,2085.0,2085.0,2085.0,2085.0,0,0.0,0.0
2024-10-31 12:10:00+09:00,2085.0,2085.0,2085.0,2085.0,3,0.0,0.0
2024-10-31 12:20:00+09:00,2080.0,2085.0,2075.0,2075.0,790,0.0,0.0
2024-10-31 12:35:00+09:00,2070.0,2075.0,2065.0,2075.0,544,0.0,0.0
2024-10-31 12:40:00+09:00,2075.0,2080.0,2075.0,2080.0,53,0.0,0.0
2024-10-31 12:45:00+09:00,2085.0,2095.0,2085.0,2095.0,2095,0.0,0.0
2024-10-31 12:50:00+09:00,2080.0,2085.0,2075.0,2085.0,2237,0.0,0.0
2024-10-31 13:00:00+09:00,2085.0,2095.0,2085.0,2095.0,115,0.0,0.0
2024-10-31 13:05:00+09:00,2075.0,2085.0,2075.0,2085.0,0,0.0,0.0
2024-10-31 13:20:00+09:00,2075.0,2085.0,2075.0,2085.0,104,0.0,0.0
2024-10-31 13:30:00+09:00,2075.0,2095.0,2070.0,2095.0,4663,0.0,0.0
2024-10-31 13:35:00+09:00,2090.0,2100.0,2085.0,2095.0,0,0.0,0.0
2024-10-31 13:50:00+09:00,2085.0,2085.0,2085.0,2085.0,53,0.0,0.0
2024-10-31 13:55:00+09:00,2080.0,2080.0,2080.0,2080.0,0,0.0,0.0
2024-10-31 14:00:00+09:00,2075.0,2080.0,2075.0,2080.0,52,0.0,0.0
2024-10-31 14:05:00+09:00,2065.0,2065.0,2065.0,2065.0,550,0.0,0.0
2024-10-31 14:10:00+09:00,2070.0,2070.0,2055.0,2060.0,4240,0.0,0.0
2024-10-31 14:15:00+09:00,2065.0,2065.0,2065.0,2065.0,950,0.0,0.0
2024-10-31 14:20:00+09:00,2070.0,2070.0,2060.0,2060.0,249,0.0,0.0
2024-10-31 14:25:00+09:00,2060.0,2060.0,2060.0,2060.0,2003,0.0,0.0
2024-10-31 14:30:00+09:00,2060.0,2065.0,2060.0,2065.0,0,0.0,0.0
2024-10-31 14:40:00+09:00,2070.0,2070.0,2060.0,2060.0,1787,0.0,0.0
2024-10-31 14:50:00+09:00,2060.0,2060.0,2060.0,2060.0,2242,0.0,0.0
2024-10-31 14:55:00+09:00,2060.0,2060.0,2055.0,2055.0,0,0.0,0.0
2024-11-01 09:00:00+09:00,2020.0,2040.0,2005.0,2025.0,7300,0.0,0.0
2024-11-01 09:05:00+09:00,2040.0,2040.0,2010.0,2010.0,1585,0.0,0.0
2024-11-01 09:10:00+09:00,2010.0,2030.0,2010.0,2025.0,2814,0.0,0.0
2024-11-01 09:15:00+09:00,2025.0,2035.0,2025.0,2035.0,593,0.0,0.0
2024-11-01 09:20:00+09:00,2035.0,2035.0,2010.0,2010.0,8471,0.0,0.0
2024-11-01 09:25:00+09:00,2015.0,2040.0,2015.0,2040.0,6191,0.0,0.0
2024-11-01 09:30:00+09:00,2025.0,2050.0,2025.0,2050.0,2906,0.0,0.0
2024-11-01 09:40:00+09:00,2050.0,2050.0,2050.0,2050.0,10,0.0,0.0
2024-11-01 09:45:00+09:00,2040.0,2045.0,2030.0,2045.0,427,0.0,0.0
2024-11-01 09:50:00+09:00,2035.0,2050.0,2030.0,2050.0,3,0.0,0.0
2024-11-01 09:55:00+09:00,2030.0,2030.0,2025.0,2025.0,1873,0.0,0.0
2024-11-01 10:00:00+09:00,2030.0,2030.0,2025.0,2025.0,0,0.0,0.0
2024-11-01 10:05:00+09:00,2030.0,2040.0,2025.0,2025.0,371,0.0,0.0
2024-11-01 10:20:00+09:00,2030.0,2030.0,2025.0,2030.0,803,0.0,0.0
2024-11-01 10:25:00+09:00,2030.0,2030.0,2030.0,2030.0,2147,0.0,0.0
2024-11-01 10:30:00+09:00,2030.0,2030.0,2030.0,2030.0,0,0.0,0.0
2024-11-01 10:35:00+09:00,2025.0,2025.0,2025.0,2025.0,32,0.0,0.0
2024-11-01 10:40:00+09:00,2025.0,2025.0,2025.0,2025.0,2,0.0,0.0
2024-11-01 10:45:00+09:00,2025.0,2025.0,2020.0,2020.0,2180,0.0,0.0
2024-11-01 10:55:00+09:00,2015.0,2015.0,2015.0,2015.0,0,0.0,0.0
2024-11-01 11:00:00+09:00,2015.0,2015.0,2010.0,2010.0,3043,0.0,0.0
2024-11-01 11:10:00+09:00,2015.0,2035.0,2015.0,2015.0,0,0.0,0.0
2024-11-01 11:15:00+09:00,2015.0,2015.0,2015.0,2015.0,0,0.0,0.0
2024-11-01 11:20:00+09:00,2015.0,2035.0,2010.0,2030.0,1510,0.0,0.0
2024-11-01 11:25:00+09:00,2015.0,2015.0,2010.0,2010.0,3226,0.0,0.0
2024-11-01 11:30:00+09:00,2005.0,2010.0,2005.0,2010.0,799,0.0,0.0
2024-11-01 11:35:00+09:00,2010.0,2010.0,2000.0,2005.0,19356,0.0,0.0
2024-11-01 11:40:00+09:00,2010.0,2010.0,2010.0,2010.0,0,0.0,0.0
2024-11-01 11:45:00+09:00,2005.0,2010.0,2005.0,2010.0,70,0.0,0.0
2024-11-01 11:50:00+09:00,2010.0,2010.0,2005.0,2005.0,50,0.0,0.0
2024-11-01 11:55:00+09:00,2010.0,2010.0,2000.0,2000.0,849,0.0,0.0
2024-11-01 12:00:00+09:00,2005.0,2005.0,2005.0,2005.0,112,0.0,0.0
2024-11-01 12:05:00+09:00,2005.0,2005.0,2005.0,2005.0,1328,0.0,0.0
2024-11-01 12:10:00+09:00,2005.0,2005.0,2005.0,2005.0,0,0.0,0.0
2024-11-01 12:15:00+09:00,2005.0,2010.0,2005.0,2005.0,613,0.0,0.0
2024-11-01 12:20:00+09:00,2005.0,2010.0,2000.0,2005.0,1003,0.0,0.0
2024-11-01 12:25:00+09:00,2005.0,2015.0,2005.0,2015.0,1322,0.0,0.0
2024-11-01 12:35:00+09:00,2010.0,2010.0,2005.0,2005.0,1768,0.0,0.0
2024-11-01 12:40:00+09:00,2005.0,2010.0,2005.0,2010.0,0,0.0,0.0
2024-11-01 12:45:00+09:00,2010.0,2010.0,2005.0,2005.0,1000,0.0,0.0
2024-11-01 12:50:00+09:00,2005.0,2010.0,2005.0,2010.0,0,0.0,0.0
2024-11-01 12:55:00+09:00,2010.0,2015.0,2010.0,2015.0,891,0.0,0.0
2024-11-01 13:05:00+09:00,2015.0,2015.0,2015.0,2015.0,756,0.0,0.0
2024-11-01 13:10:00+09:00,2015.0,2020.0,2015.0,2015.0,1061,0.0,0.0
2024-11-01 13:15:00+09:00,2015.0,2020.0,2010.0,2015.0,404,0.0,0.0
2024-11-01 13:25:00+09:00,2015.0,2015.0,2010.0,2010.0,179,0.0,0.0
2024-11-01 13:30:00+09:00,2010.0,2015.0,2005.0,2005.0,17,0.0,0.0
2024-11-01 13:35:00+09:00,2005.0,2010.0,2005.0,2005.0,641,0.0,0.0
2024-11-01 13:40:00+09:00,2000.0,2005.0,2000.0,2005.0,1380,0.0,0.0
2024-11-01 13:45:00+09:00,2000.0,2000.0,2000.0,2000.0,64,0.0,0.0
2024-11-01 13:50:00+09:00,2000.0,2010.0,2000.0,2010.0,90,0.0,0.0
2024-11-01 13:55:00+09:00,2005.0,2010.0,2005.0,2010.0,787,0.0,0.0
2024-11-01 14:00:00+09:00,2005.0,2010.0,2005.0,2010.0,521,0.0,0.0
2024-11-01 14:05:00+09:00,2005.0,2010.0,2000.0,2010.0,75,0.0,0.0
2024-11-01 14:10:00+09:00,2005.0,2005.0,2005.0,2005.0,3,0.0,0.0
2024-11-01 14:15:00+09:00,2000.0,2000.0,1995.0,1995.0,6787,0.0,0.0
2024-11-01 14:20:00+09:00,2010.0,2010.0,2010.0,2010.0,498,0.0,0.0
2024-11-01 14:25:00+09:00,1999.0,2010.0,1999.0,2010.0,119,0.0,0.0
2024-11-01 14:30:00+09:00,2010.0,2010.0,2010.0,2010.0,1412,0.0,0.0
2024-11-01 14:35:00+09:00,2010.0,2010.0,1996.0,1996.0,2216,0.0,0.0
2024-11-01 14:40:00+09:00,1996.0,2000.0,1995.0,2000.0,11076,0.0,0.0
2024-11-01 14:45:00+09:00,2000.0,2000.0,2000.0,2000.0,0,0.0,0.0
2024-11-01 14:50:00+09:00,1995.0,1995.0,1995.0,1995.0,45,0.0,0.0
2024-11-01 14:55:00+09:00,1992.0,1992.0,1989.0,1989.0,6105,0.0,0.0
