Datetime,Open,High,Low,Close,Volume,Dividends,Stock Splits
2024-08-26 09:00:00+09:00,582.2999877929688,584.5999755859375,580.4000244140625,581.9000244140625,0,0.0,0.0
2024-08-26 09:01:00+09:00,582.7000122070312,582.9000244140625,580.9000244140625,581.5999755859375,36400,0.0,0.0
2024-08-26 09:02:00+09:00,581.0999755859375,581.2000122070312,580.2999877929688,581.0,16200,0.0,0.0
2024-08-26 09:03:00+09:00,580.7999877929688,581.5,580.2000122070312,580.7000122070312,75900,0.0,0.0
2024-08-26 09:04:00+09:00,580.2999877929688,580.5,579.5,579.5,30600,0.0,0.0
2024-08-26 09:05:00+09:00,579.5999755859375,580.5,579.5,580.0999755859375,11600,0.0,0.0
2024-08-26 09:06:00+09:00,579.9000244140625,580.5999755859375,579.7000122070312,580.5,4300,0.0,0.0
2024-08-26 09:07:00+09:00,580.2999877929688,581.0,579.9000244140625,580.0999755859375,10000,0.0,0.0
2024-08-26 09:08:00+09:00,580.0,580.0,579.0999755859375,579.2999877929688,26300,0.0,0.0
2024-08-26 09:09:00+09:00,579.2000122070312,580.0999755859375,579.0999755859375,580.0999755859375,4800,0.0,0.0
2024-08-26 09:10:00+09:00,579.7000122070312,580.5,579.7000122070312,579.9000244140625,7900,0.0,0.0
2024-08-26 09:11:00+09:00,580.0,580.2999877929688,579.5,579.5999755859375,35700,0.0,0.0
2024-08-26 09:12:00+09:00,579.7999877929688,580.2000122070312,579.7999877929688,580.2000122070312,4500,0.0,0.0
2024-08-26 09:13:00+09:00,580.2000122070312,580.2999877929688,580.0999755859375,580.2999877929688,2800,0.0,0.0
2024-08-26 09:14:00+09:00,580.2999877929688,581.0,580.2999877929688,581.0,4800,0.0,0.0
2024-08-26 09:15:00+09:00,580.7000122070312,582.0,580.7000122070312,581.5,123600,0.0,0.0
2024-08-26 09:16:00+09:00,581.7999877929688,582.0999755859375,581.0999755859375,582.0999755859375,12200,0.0,0.0
2024-08-26 09:17:00+09:00,582.0999755859375,582.2999877929688,581.5,581.5,4500,0.0,0.0
2024-08-26 09:18:00+09:00,581.5,581.9000244140625,581.2999877929688,581.5999755859375,4800,0.0,0.0
2024-08-26 09:19:00+09:00,581.5,581.5,580.9000244140625,581.0999755859375,2400,0.0,0.0
2024-08-26 09:20:00+09:00,581.2999877929688,581.5,580.7999877929688,580.9000244140625,12700,0.0,0.0
2024-08-26 09:21:00+09:00,581.2000122070312,582.0,581.2000122070312,582.0,5900,0.0,0.0
2024-08-26 09:22:00+09:00,581.7999877929688,581.9000244140625,581.2999877929688,581.2999877929688,7000,0.0,0.0
2024-08-26 09:23:00+09:00,581.0999755859375,581.4000244140625,581.0,581.2999877929688,11000,0.0,0.0
2024-08-26 09:24:00+09:00,581.2999877929688,581.5,581.2999877929688,581.5,3300,0.0,0.0
2024-08-26 09:25:00+09:00,581.4000244140625,581.5999755859375,581.2000122070312,581.5999755859375,2900,0.0,0.0
2024-08-26 09:26:00+09:00,581.4000244140625,581.4000244140625,581.0,581.0,5400,0.0,0.0
2024-08-26 09:27:00+09:00,581.0,581.2999877929688,581.0,581.0999755859375,5200,0.0,0.0
2024-08-26 09:28:00+09:00,581.0,581.0,580.5999755859375,580.5999755859375,9200,0.0,0.0
2024-08-26 09:29:00+09:00,580.7999877929688,580.9000244140625,580.7000122070312,580.9000244140625,1700,0.0,0.0
2024-08-26 09:30:00+09:00,581.0,581.0,580.5999755859375,580.7999877929688,5700,0.0,0.0
2024-08-26 09:31:00+09:00,580.5999755859375,581.2000122070312,580.2999877929688,581.0,53300,0.0,0.0
2024-08-26 09:32:00+09:00,581.0999755859375,581.0999755859375,580.5999755859375,581.0,3900,0.0,0.0
2024-08-26 09:33:00+09:00,581.0,581.0,580.7999877929688,580.7999877929688,2000,0.0,0.0
2024-08-26 09:34:00+09:00,580.7999877929688,580.9000244140625,580.4000244140625,580.5999755859375,5400,0.0,0.0
2024-08-26 09:35:00+09:00,580.5,581.0,580.4000244140625,581.0,8400,0.0,0.0
2024-08-26 09:36:00+09:00,581.0,581.4000244140625,581.0,581.2999877929688,6200,0.0,0.0
2024-08-26 09:37:00+09:00,581.5,582.5,581.5,582.5,8100,0.0,0.0
2024-08-26 09:38:00+09:00,582.7000122070312,582.7000122070312,582.0999755859375,582.2999877929688,8800,0.0,0.0
2024-08-26 09:39:00+09:00,582.2999877929688,582.5999755859375,582.2999877929688,582.2999877929688,3800,0.0,0.0
2024-08-26 09:40:00+09:00,582.4000244140625,583.0,582.4000244140625,582.5999755859375,13900,0.0,0.0
2024-08-26 09:41:00+09:00,582.7000122070312,583.5,582.7000122070312,583.2999877929688,8600,0.0,0.0
2024-08-26 09:42:00+09:00,583.2999877929688,583.9000244140625,583.2999877929688,583.7000122070312,5300,0.0,0.0
2024-08-26 09:43:00+09:00,583.2999877929688,583.5999755859375,583.0,583.4000244140625,3500,0.0,0.0
2024-08-26 09:44:00+09:00,583.4000244140625,583.7999877929688,582.5999755859375,582.7999877929688,23400,0.0,0.0
2024-08-26 09:45:00+09:00,583.0,583.0,582.7999877929688,583.0,1500,0.0,0.0
2024-08-26 09:46:00+09:00,583.0999755859375,583.9000244140625,583.0999755859375,583.7999877929688,9700,0.0,0.0
2024-08-26 09:47:00+09:00,583.7000122070312,584.0999755859375,583.5,584.0,25500,0.0,0.0
2024-08-26 09:48:00+09:00,584.0,584.2000122070312,583.2000122070312,583.2999877929688,15700,0.0,0.0
2024-08-26 09:49:00+09:00,583.2000122070312,583.2000122070312,582.9000244140625,583.2000122070312,7500,0.0,0.0
2024-08-26 09:50:00+09:00,583.2000122070312,583.2999877929688,583.0999755859375,583.0999755859375,4400,0.0,0.0
2024-08-26 09:51:00+09:00,583.0999755859375,583.2000122070312,583.0,583.2000122070312,2800,0.0,0.0
2024-08-26 09:52:00+09:00,583.2000122070312,583.7999877929688,583.2000122070312,583.7999877929688,53200,0.0,0.0
2024-08-26 09:53:00+09:00,584.0,584.0,583.4000244140625,583.5999755859375,7200,0.0,0.0
2024-08-26 09:54:00+09:00,583.5999755859375,584.0,583.5999755859375,583.9000244140625,3000,0.0,0.0
2024-08-26 09:55:00+09:00,583.9000244140625,584.0999755859375,583.9000244140625,584.0999755859375,6100,0.0,0.0
2024-08-26 09:56:00+09:00,584.0999755859375,584.2999877929688,583.9000244140625,584.0,17400,0.0,0.0
2024-08-26 09:57:00+09:00,584.2999877929688,584.2999877929688,584.2999877929688,584.2999877929688,100,0.0,0.0
2024-08-26 09:58:00+09:00,584.2999877929688,584.5999755859375,584.2999877929688,584.4000244140625,11900,0.0,0.0
2024-08-26 09:59:00+09:00,584.5,584.7999877929688,584.0999755859375,584.5999755859375,10800,0.0,0.0
2024-08-26 10:00:00+09:00,584.5999755859375,585.2999877929688,584.5999755859375,585.2999877929688,8700,0.0,0.0
2024-08-26 10:01:00+09:00,585.4000244140625,585.7000122070312,585.2999877929688,585.7000122070312,10900,0.0,0.0
2024-08-26 10:02:00+09:00,585.7000122070312,586.0,585.4000244140625,585.5,5300,0.0,0.0
2024-08-26 10:03:00+09:00,585.5,585.7999877929688,585.5,585.7000122070312,2700,0.0,0.0
2024-08-26 10:04:00+09:00,585.9000244140625,586.2999877929688,585.5999755859375,586.2000122070312,8300,0.0,0.0
2024-08-26 10:05:00+09:00,586.0,586.0999755859375,585.5999755859375,586.0,10300,0.0,0.0
2024-08-26 10:06:00+09:00,586.0,586.2000122070312,585.7000122070312,585.7000122070312,6700,0.0,0.0
2024-08-26 10:07:00+09:00,585.7000122070312,586.0999755859375,585.5999755859375,586.0,4100,0.0,0.0
2024-08-26 10:08:00+09:00,586.0999755859375,586.2999877929688,585.7000122070312,585.7000122070312,14000,0.0,0.0
2024-08-26 10:09:00+09:00,586.0,586.0,585.7999877929688,586.0,1600,0.0,0.0
2024-08-26 10:10:00+09:00,586.0,586.4000244140625,585.9000244140625,586.4000244140625,6800,0.0,0.0
2024-08-26 10:11:00+09:00,586.4000244140625,586.5,585.7000122070312,585.7999877929688,25100,0.0,0.0
2024-08-26 10:12:00+09:00,586.0,586.4000244140625,585.7999877929688,586.4000244140625,4800,0.0,0.0
2024-08-26 10:13:00+09:00,586.5,587.2000122070312,586.5,586.7999877929688,13700,0.0,0.0
2024-08-26 10:14:00+09:00,586.9000244140625,587.2999877929688,586.9000244140625,587.2999877929688,6100,0.0,0.0
2024-08-26 10:15:00+09:00,587.2999877929688,587.4000244140625,586.7999877929688,586.9000244140625,8000,0.0,0.0
2024-08-26 10:16:00+09:00,587.0,587.0999755859375,586.7999877929688,586.7999877929688,5100,0.0,0.0
2024-08-26 10:17:00+09:00,586.7000122070312,586.7000122070312,585.7999877929688,586.2999877929688,11500,0.0,0.0
2024-08-26 10:18:00+09:00,586.5,587.0,586.4000244140625,587.0,7300,0.0,0.0
2024-08-26 10:19:00+09:00,587.0,587.2000122070312,587.0,587.2000122070312,4400,0.0,0.0
2024-08-26 10:20:00+09:00,587.0,587.0,586.5,586.5,5200,0.0,0.0
2024-08-26 10:21:00+09:00,586.7000122070312,586.9000244140625,586.7000122070312,586.7999877929688,4100,0.0,0.0
2024-08-26 10:22:00+09:00,586.7000122070312,586.7000122070312,586.4000244140625,586.4000244140625,4400,0.0,0.0
2024-08-26 10:23:00+09:00,586.4000244140625,586.7999877929688,586.4000244140625,586.5999755859375,4500,0.0,0.0
2024-08-26 10:24:00+09:00,586.5,586.7999877929688,586.5,586.5999755859375,4100,0.0,0.0
2024-08-26 10:25:00+09:00,586.5,587.4000244140625,586.5,587.0999755859375,15400,0.0,0.0
2024-08-26 10:26:00+09:00,587.4000244140625,587.4000244140625,587.0,587.2999877929688,5500,0.0,0.0
2024-08-26 10:27:00+09:00,587.2000122070312,587.4000244140625,587.0,587.4000244140625,5900,0.0,0.0
2024-08-26 10:28:00+09:00,587.5,588.0,587.4000244140625,587.9000244140625,7900,0.0,0.0
2024-08-26 10:29:00+09:00,587.7999877929688,588.4000244140625,587.7999877929688,588.0999755859375,15500,0.0,0.0
2024-08-26 10:30:00+09:00,588.0,588.2000122070312,588.0,588.0,4900,0.0,0.0
2024-08-26 10:31:00+09:00,587.9000244140625,587.9000244140625,587.0999755859375,587.0999755859375,12300,0.0,0.0
2024-08-26 10:32:00+09:00,587.0,587.0,586.0999755859375,586.0999755859375,11100,0.0,0.0
2024-08-26 10:33:00+09:00,586.4000244140625,586.4000244140625,586.0,586.2000122070312,8600,0.0,0.0
2024-08-26 10:34:00+09:00,586.0,586.7999877929688,586.0,586.5,7900,0.0,0.0
2024-08-26 10:35:00+09:00,586.5999755859375,587.0999755859375,586.5999755859375,587.0999755859375,4700,0.0,0.0
2024-08-26 10:36:00+09:00,587.0999755859375,587.2000122070312,586.7999877929688,586.7999877929688,6300,0.0,0.0
2024-08-26 10:37:00+09:00,586.7999877929688,586.9000244140625,586.5,586.7000122070312,3800,0.0,0.0
2024-08-26 10:38:00+09:00,586.7000122070312,586.9000244140625,586.2000122070312,586.2000122070312,5900,0.0,0.0
2024-08-26 10:39:00+09:00,586.4000244140625,586.5,586.0999755859375,586.4000244140625,5500,0.0,0.0
2024-08-26 10:40:00+09:00,586.2999877929688,586.5,586.0,586.4000244140625,10000,0.0,0.0
2024-08-26 10:41:00+09:00,586.2999877929688,586.9000244140625,586.2999877929688,586.9000244140625,5000,0.0,0.0
2024-08-26 10:42:00+09:00,586.9000244140625,587.2999877929688,586.7999877929688,586.7999877929688,5700,0.0,0.0
2024-08-26 10:43:00+09:00,586.9000244140625,587.2999877929688,586.5999755859375,586.5999755859375,15800,0.0,0.0
2024-08-26 10:44:00+09:00,586.7999877929688,587.5,586.5,586.5,29900,0.0,0.0
2024-08-26 10:45:00+09:00,586.4000244140625,586.5,586.2000122070312,586.5,3900,0.0,0.0
2024-08-26 10:46:00+09:00,586.5999755859375,587.0999755859375,586.5999755859375,587.0,5300,0.0,0.0
2024-08-26 10:47:00+09:00,587.0999755859375,587.0999755859375,586.9000244140625,587.0,7200,0.0,0.0
2024-08-26 10:48:00+09:00,587.0,587.0999755859375,587.0,587.0999755859375,600,0.0,0.0
2024-08-26 10:49:00+09:00,587.0999755859375,587.0999755859375,586.5999755859375,586.5999755859375,7500,0.0,0.0
2024-08-26 10:50:00+09:00,586.7999877929688,586.7999877929688,586.5,586.5,4900,0.0,0.0
2024-08-26 10:51:00+09:00,586.4000244140625,586.4000244140625,585.9000244140625,585.9000244140625,4100,0.0,0.0
2024-08-26 10:52:00+09:00,586.0,586.5999755859375,586.0,586.2999877929688,8300,0.0,0.0
2024-08-26 10:53:00+09:00,586.4000244140625,586.5999755859375,586.0999755859375,586.0999755859375,6900,0.0,0.0
2024-08-26 10:54:00+09:00,586.2999877929688,586.5999755859375,586.2999877929688,586.4000244140625,5500,0.0,0.0
2024-08-26 10:55:00+09:00,586.4000244140625,586.4000244140625,586.0,586.0,9700,0.0,0.0
2024-08-26 10:56:00+09:00,586.0,586.0,585.7999877929688,585.9000244140625,1200,0.0,0.0
2024-08-26 10:57:00+09:00,586.0,586.5,586.0,586.2000122070312,9300,0.0,0.0
2024-08-26 10:58:00+09:00,586.0999755859375,586.2000122070312,585.9000244140625,586.2000122070312,2900,0.0,0.0
2024-08-26 10:59:00+09:00,586.2000122070312,586.2000122070312,585.5999755859375,585.5999755859375,24000,0.0,0.0
2024-08-26 11:00:00+09:00,585.7999877929688,586.0,585.7999877929688,586.0,5000,0.0,0.0
2024-08-26 11:01:00+09:00,585.9000244140625,586.2000122070312,585.9000244140625,586.0,8300,0.0,0.0
2024-08-26 11:02:00+09:00,586.0,586.0,586.0,586.0,1800,0.0,0.0
2024-08-26 11:03:00+09:00,586.0999755859375,586.0999755859375,586.0,586.0,3300,0.0,0.0
2024-08-26 11:04:00+09:00,586.0999755859375,586.2000122070312,586.0999755859375,586.0999755859375,2300,0.0,0.0
2024-08-26 11:05:00+09:00,586.2000122070312,586.2999877929688,586.0,586.0,11600,0.0,0.0
2024-08-26 11:06:00+09:00,585.9000244140625,586.0999755859375,585.9000244140625,586.0,1200,0.0,0.0
2024-08-26 11:07:00+09:00,586.0,586.2000122070312,585.9000244140625,586.2000122070312,6000,0.0,0.0
2024-08-26 11:08:00+09:00,586.0999755859375,586.5,586.0,586.5,12100,0.0,0.0
2024-08-26 11:09:00+09:00,586.4000244140625,586.5999755859375,586.2999877929688,586.5,3100,0.0,0.0
2024-08-26 11:10:00+09:00,586.5,586.7000122070312,586.5,586.7000122070312,1500,0.0,0.0
2024-08-26 11:11:00+09:00,586.5999755859375,586.7999877929688,586.5,586.5,9600,0.0,0.0
2024-08-26 11:12:00+09:00,586.5999755859375,586.7000122070312,586.4000244140625,586.7000122070312,2400,0.0,0.0
2024-08-26 11:13:00+09:00,586.7000122070312,586.9000244140625,586.5,586.9000244140625,3000,0.0,0.0
2024-08-26 11:14:00+09:00,586.7000122070312,586.7999877929688,586.5999755859375,586.5999755859375,7000,0.0,0.0
2024-08-26 11:15:00+09:00,586.5999755859375,586.7000122070312,586.2000122070312,586.2000122070312,11600,0.0,0.0
2024-08-26 11:16:00+09:00,586.2000122070312,586.5,586.0999755859375,586.0999755859375,5200,0.0,0.0
2024-08-26 11:17:00+09:00,586.0999755859375,586.2000122070312,586.0999755859375,586.2000122070312,1700,0.0,0.0
2024-08-26 11:18:00+09:00,586.2000122070312,586.4000244140625,586.2000122070312,586.4000244140625,2000,0.0,0.0
2024-08-26 11:19:00+09:00,586.4000244140625,586.5999755859375,586.0999755859375,586.0999755859375,11100,0.0,0.0
2024-08-26 11:20:00+09:00,586.0,586.0,585.9000244140625,585.9000244140625,1600,0.0,0.0
2024-08-26 11:21:00+09:00,586.0,586.2000122070312,585.0999755859375,585.0999755859375,15300,0.0,0.0
2024-08-26 11:22:00+09:00,585.4000244140625,585.4000244140625,585.2000122070312,585.2000122070312,3400,0.0,0.0
2024-08-26 11:23:00+09:00,585.2000122070312,585.7000122070312,585.2000122070312,585.7000122070312,8800,0.0,0.0
2024-08-26 11:24:00+09:00,585.7999877929688,585.7999877929688,585.5,585.5999755859375,6000,0.0,0.0
2024-08-26 11:25:00+09:00,585.7000122070312,585.9000244140625,585.5999755859375,585.9000244140625,4200,0.0,0.0
2024-08-26 11:26:00+09:00,585.9000244140625,586.0999755859375,585.9000244140625,586.0999755859375,3500,0.0,0.0
2024-08-26 11:27:00+09:00,586.2000122070312,586.2999877929688,586.2000122070312,586.2999877929688,900,0.0,0.0
2024-08-26 11:28:00+09:00,586.4000244140625,586.4000244140625,586.0999755859375,586.2000122070312,8300,0.0,0.0
2024-08-26 11:29:00+09:00,586.0999755859375,586.5999755859375,586.0999755859375,586.5,5500,0.0,0.0
2024-08-26 11:30:00+09:00,586.2999877929688,586.5999755859375,586.2999877929688,586.5999755859375,3100,0.0,0.0
2024-08-26 11:35:00+09:00,586.5999755859375,586.5999755859375,586.5999755859375,586.5999755859375,0,0.0,0.0
2024-08-26 12:30:00+09:00,587.0,587.0,586.2000122070312,586.5,1681700,0.0,0.0
2024-08-26 12:31:00+09:00,586.5999755859375,586.7000122070312,585.9000244140625,586.5999755859375,33400,0.0,0.0
2024-08-26 12:32:00+09:00,586.5999755859375,586.5999755859375,586.0999755859375,586.2999877929688,16700,0.0,0.0
2024-08-26 12:33:00+09:00,586.0999755859375,586.4000244140625,585.7000122070312,585.7999877929688,10000,0.0,0.0
2024-08-26 12:34:00+09:00,585.9000244140625,586.2999877929688,585.9000244140625,586.2000122070312,9500,0.0,0.0
2024-08-26 12:36:00+09:00,586.0999755859375,586.4000244140625,585.9000244140625,585.9000244140625,20700,0.0,0.0
2024-08-26 12:37:00+09:00,586.0,586.2000122070312,585.5,585.5999755859375,9700,0.0,0.0
2024-08-26 12:38:00+09:00,585.5,585.5,585.0,585.2999877929688,8600,0.0,0.0
2024-08-26 12:39:00+09:00,585.4000244140625,585.5999755859375,585.4000244140625,585.5,3600,0.0,0.0
2024-08-26 12:40:00+09:00,585.5999755859375,585.7000122070312,585.5999755859375,585.5999755859375,11400,0.0,0.0
2024-08-26 12:41:00+09:00,585.7000122070312,586.2000122070312,585.5,585.5,13200,0.0,0.0
2024-08-26 12:42:00+09:00,585.5999755859375,585.7999877929688,585.4000244140625,585.4000244140625,5000,0.0,0.0
2024-08-26 12:43:00+09:00,585.4000244140625,585.4000244140625,585.2000122070312,585.2999877929688,3400,0.0,0.0
2024-08-26 12:44:00+09:00,585.4000244140625,585.5,585.4000244140625,585.4000244140625,1000,0.0,0.0
2024-08-26 12:45:00+09:00,585.4000244140625,585.4000244140625,585.2000122070312,585.2999877929688,10400,0.0,0.0
2024-08-26 12:46:00+09:00,585.2999877929688,585.4000244140625,584.5999755859375,584.5999755859375,28400,0.0,0.0
2024-08-26 12:47:00+09:00,584.5,584.5,584.2999877929688,584.2999877929688,10700,0.0,0.0
2024-08-26 12:48:00+09:00,584.4000244140625,584.5999755859375,584.2999877929688,584.2999877929688,6400,0.0,0.0
2024-08-26 12:49:00+09:00,584.2000122070312,584.5,584.0,584.0,17200,0.0,0.0
2024-08-26 12:50:00+09:00,584.0999755859375,584.7999877929688,583.7000122070312,584.7999877929688,33700,0.0,0.0
2024-08-26 12:51:00+09:00,584.7000122070312,584.9000244140625,584.7000122070312,584.9000244140625,5600,0.0,0.0
2024-08-26 12:52:00+09:00,584.9000244140625,585.0999755859375,584.9000244140625,585.0999755859375,7700,0.0,0.0
2024-08-26 12:53:00+09:00,585.0999755859375,585.0999755859375,584.9000244140625,585.0,3000,0.0,0.0
2024-08-26 12:54:00+09:00,585.0,585.0999755859375,584.9000244140625,584.9000244140625,10300,0.0,0.0
2024-08-26 12:55:00+09:00,584.9000244140625,585.0999755859375,584.7999877929688,584.9000244140625,5700,0.0,0.0
2024-08-26 12:56:00+09:00,585.0999755859375,585.4000244140625,585.0999755859375,585.0999755859375,10500,0.0,0.0
2024-08-26 12:57:00+09:00,585.0,585.2999877929688,585.0,585.2999877929688,3200,0.0,0.0
2024-08-26 12:58:00+09:00,585.2999877929688,586.5,585.2999877929688,585.9000244140625,24700,0.0,0.0
2024-08-26 12:59:00+09:00,585.9000244140625,586.0999755859375,585.9000244140625,586.0999755859375,4300,0.0,0.0
2024-08-26 13:00:00+09:00,586.0,586.0,585.5,585.9000244140625,8500,0.0,0.0
2024-08-26 13:01:00+09:00,585.7000122070312,585.7000122070312,585.2000122070312,585.2999877929688,7900,0.0,0.0
2024-08-26 13:02:00+09:00,585.4000244140625,585.4000244140625,585.2000122070312,585.2000122070312,2600,0.0,0.0
2024-08-26 13:03:00+09:00,585.2000122070312,585.2999877929688,585.0,585.2000122070312,9000,0.0,0.0
2024-08-26 13:04:00+09:00,585.2000122070312,585.7000122070312,585.2000122070312,585.5,12600,0.0,0.0
2024-08-26 13:05:00+09:00,585.4000244140625,585.5,585.4000244140625,585.5,1700,0.0,0.0
2024-08-26 13:06:00+09:00,585.5999755859375,585.5999755859375,585.0999755859375,585.0999755859375,8900,0.0,0.0
2024-08-26 13:07:00+09:00,585.0999755859375,585.2999877929688,585.0999755859375,585.2000122070312,5500,0.0,0.0
2024-08-26 13:08:00+09:00,585.2999877929688,585.2999877929688,584.7000122070312,584.9000244140625,11700,0.0,0.0
2024-08-26 13:09:00+09:00,584.7999877929688,584.7999877929688,584.5,584.5,2700,0.0,0.0
2024-08-26 13:10:00+09:00,584.7000122070312,584.7000122070312,584.5999755859375,584.7000122070312,900,0.0,0.0
2024-08-26 13:11:00+09:00,584.5999755859375,584.7000122070312,584.0999755859375,584.5999755859375,18700,0.0,0.0
2024-08-26 13:12:00+09:00,584.7000122070312,584.9000244140625,584.7000122070312,584.7000122070312,3800,0.0,0.0
2024-08-26 13:13:00+09:00,584.9000244140625,584.9000244140625,584.7999877929688,584.9000244140625,4900,0.0,0.0
2024-08-26 13:14:00+09:00,584.7999877929688,584.9000244140625,584.4000244140625,584.9000244140625,12600,0.0,0.0
2024-08-26 13:15:00+09:00,584.7999877929688,584.9000244140625,584.7999877929688,584.7999877929688,1900,0.0,0.0
2024-08-26 13:16:00+09:00,584.7999877929688,584.7999877929688,584.5999755859375,584.5999755859375,8300,0.0,0.0
2024-08-26 13:17:00+09:00,584.5,584.5999755859375,584.5,584.5999755859375,2700,0.0,0.0
2024-08-26 13:18:00+09:00,584.7000122070312,585.0,584.5999755859375,585.0,15000,0.0,0.0
2024-08-26 13:19:00+09:00,585.0,585.0999755859375,584.7000122070312,584.7000122070312,9400,0.0,0.0
2024-08-26 13:20:00+09:00,584.7000122070312,584.7999877929688,584.5999755859375,584.5999755859375,10400,0.0,0.0
2024-08-26 13:21:00+09:00,584.5999755859375,584.5999755859375,584.5,584.5999755859375,3100,0.0,0.0
2024-08-26 13:22:00+09:00,584.5,585.0,584.5,584.9000244140625,12400,0.0,0.0
2024-08-26 13:23:00+09:00,585.0,585.0,584.7999877929688,584.9000244140625,6600,0.0,0.0
2024-08-26 13:24:00+09:00,584.9000244140625,585.0,584.9000244140625,585.0,2500,0.0,0.0
2024-08-26 13:25:00+09:00,584.9000244140625,584.9000244140625,584.9000244140625,584.9000244140625,600,0.0,0.0
2024-08-26 13:26:00+09:00,584.9000244140625,585.2000122070312,584.9000244140625,585.2000122070312,7400,0.0,0.0
2024-08-26 13:27:00+09:00,585.2999877929688,585.4000244140625,585.0999755859375,585.0999755859375,15900,0.0,0.0
2024-08-26 13:28:00+09:00,585.4000244140625,585.5,585.2999877929688,585.5,8400,0.0,0.0
2024-08-26 13:29:00+09:00,585.5,585.9000244140625,585.5,585.9000244140625,5300,0.0,0.0
2024-08-26 13:30:00+09:00,585.7999877929688,585.7999877929688,585.5999755859375,585.5999755859375,9700,0.0,0.0
2024-08-26 13:31:00+09:00,585.5,585.7999877929688,585.5,585.7999877929688,4500,0.0,0.0
2024-08-26 13:32:00+09:00,585.9000244140625,586.0,585.9000244140625,586.0,3700,0.0,0.0
2024-08-26 13:33:00+09:00,586.0999755859375,586.0999755859375,585.7999877929688,586.0,10700,0.0,0.0
2024-08-26 13:34:00+09:00,586.0999755859375,586.2000122070312,586.0,586.2000122070312,7200,0.0,0.0
2024-08-26 13:35:00+09:00,586.2000122070312,586.2999877929688,586.2000122070312,586.2999877929688,8100,0.0,0.0
2024-08-26 13:36:00+09:00,586.2000122070312,586.4000244140625,586.2000122070312,586.4000244140625,4900,0.0,0.0
2024-08-26 13:37:00+09:00,586.2999877929688,586.2999877929688,586.2999877929688,586.2999877929688,7300,0.0,0.0
2024-08-26 13:38:00+09:00,586.2000122070312,586.5,586.0999755859375,586.2999877929688,15000,0.0,0.0
2024-08-26 13:39:00+09:00,586.4000244140625,586.4000244140625,586.0999755859375,586.0999755859375,10100,0.0,0.0
2024-08-26 13:40:00+09:00,586.0999755859375,586.0999755859375,585.5999755859375,585.5999755859375,4000,0.0,0.0
2024-08-26 13:41:00+09:00,585.5999755859375,585.5999755859375,585.2000122070312,585.2000122070312,6700,0.0,0.0
2024-08-26 13:42:00+09:00,585.2000122070312,585.2000122070312,585.0999755859375,585.0999755859375,8400,0.0,0.0
2024-08-26 13:43:00+09:00,585.2999877929688,585.4000244140625,585.2999877929688,585.2999877929688,6600,0.0,0.0
2024-08-26 13:44:00+09:00,585.2000122070312,585.2999877929688,585.2000122070312,585.2999877929688,3300,0.0,0.0
2024-08-26 13:45:00+09:00,585.2999877929688,585.4000244140625,585.2000122070312,585.4000244140625,2600,0.0,0.0
2024-08-26 13:46:00+09:00,585.2999877929688,585.5,585.2999877929688,585.5,2400,0.0,0.0
2024-08-26 13:47:00+09:00,585.5,585.7999877929688,585.5,585.7999877929688,6000,0.0,0.0
2024-08-26 13:48:00+09:00,585.7999877929688,586.2999877929688,585.7999877929688,586.2999877929688,12500,0.0,0.0
2024-08-26 13:49:00+09:00,586.4000244140625,587.2000122070312,586.4000244140625,586.7000122070312,47100,0.0,0.0
2024-08-26 13:50:00+09:00,586.5999755859375,586.5999755859375,586.5,586.5,2500,0.0,0.0
2024-08-26 13:51:00+09:00,586.5999755859375,586.5999755859375,586.5,586.5,9300,0.0,0.0
2024-08-26 13:52:00+09:00,586.5,586.9000244140625,586.5,586.9000244140625,8400,0.0,0.0
2024-08-26 13:53:00+09:00,586.7999877929688,586.9000244140625,586.5,586.5999755859375,13600,0.0,0.0
2024-08-26 13:54:00+09:00,586.5999755859375,586.5999755859375,586.2999877929688,586.5,4300,0.0,0.0
2024-08-26 13:55:00+09:00,586.4000244140625,586.5,586.4000244140625,586.4000244140625,5200,0.0,0.0
2024-08-26 13:56:00+09:00,586.5,586.5999755859375,586.5,586.5999755859375,1000,0.0,0.0
2024-08-26 13:57:00+09:00,586.5,586.5,586.2999877929688,586.4000244140625,4700,0.0,0.0
2024-08-26 13:58:00+09:00,586.5,586.5,586.2000122070312,586.2999877929688,7300,0.0,0.0
2024-08-26 13:59:00+09:00,586.2999877929688,586.4000244140625,586.2999877929688,586.4000244140625,900,0.0,0.0
2024-08-26 14:00:00+09:00,586.4000244140625,586.5,586.4000244140625,586.4000244140625,3100,0.0,0.0
2024-08-26 14:01:00+09:00,586.5,586.5,586.4000244140625,586.5,8200,0.0,0.0
2024-08-26 14:02:00+09:00,586.4000244140625,586.5,586.4000244140625,586.4000244140625,3200,0.0,0.0
2024-08-26 14:03:00+09:00,586.4000244140625,587.0999755859375,586.4000244140625,587.0999755859375,9300,0.0,0.0
2024-08-26 14:04:00+09:00,587.0999755859375,587.2999877929688,586.7999877929688,586.7999877929688,12800,0.0,0.0
2024-08-26 14:05:00+09:00,586.7000122070312,586.7999877929688,586.5999755859375,586.5999755859375,4100,0.0,0.0
2024-08-26 14:06:00+09:00,586.7000122070312,586.7000122070312,586.5,586.5,2600,0.0,0.0
2024-08-26 14:07:00+09:00,586.5,586.5999755859375,586.5,586.5999755859375,6600,0.0,0.0
2024-08-26 14:08:00+09:00,586.5999755859375,586.7000122070312,586.5,586.7000122070312,1900,0.0,0.0
2024-08-26 14:09:00+09:00,586.7000122070312,586.7999877929688,586.7000122070312,586.7999877929688,1700,0.0,0.0
2024-08-26 14:10:00+09:00,586.7000122070312,586.7000122070312,586.5,586.7000122070312,9600,0.0,0.0
2024-08-26 14:11:00+09:00,586.7000122070312,586.7000122070312,586.7000122070312,586.7000122070312,1600,0.0,0.0
2024-08-26 14:12:00+09:00,586.7999877929688,586.9000244140625,586.5,586.5,12800,0.0,0.0
2024-08-26 14:13:00+09:00,586.7000122070312,587.2999877929688,586.5,586.5,25100,0.0,0.0
2024-08-26 14:14:00+09:00,586.5999755859375,586.5999755859375,586.5,586.5999755859375,6800,0.0,0.0
2024-08-26 14:15:00+09:00,586.5,586.5999755859375,586.5,586.5999755859375,3100,0.0,0.0
2024-08-26 14:16:00+09:00,586.5999755859375,586.5999755859375,586.5999755859375,586.5999755859375,600,0.0,0.0
2024-08-26 14:17:00+09:00,586.5999755859375,586.7000122070312,586.5999755859375,586.7000122070312,3000,0.0,0.0
2024-08-26 14:18:00+09:00,586.7000122070312,586.7000122070312,586.5999755859375,586.7000122070312,3000,0.0,0.0
2024-08-26 14:19:00+09:00,586.7999877929688,587.0,586.7000122070312,586.9000244140625,8600,0.0,0.0
2024-08-26 14:20:00+09:00,586.7999877929688,587.0,586.7000122070312,586.9000244140625,11600,0.0,0.0
2024-08-26 14:21:00+09:00,586.9000244140625,587.0,586.9000244140625,586.9000244140625,1300,0.0,0.0
2024-08-26 14:22:00+09:00,587.0,587.0999755859375,587.0,587.0999755859375,6200,0.0,0.0
2024-08-26 14:23:00+09:00,587.0999755859375,587.2000122070312,587.0999755859375,587.2000122070312,11100,0.0,0.0
2024-08-26 14:24:00+09:00,587.2000122070312,587.2999877929688,587.2000122070312,587.2999877929688,4200,0.0,0.0
2024-08-26 14:25:00+09:00,587.4000244140625,587.5,587.0999755859375,587.0999755859375,22500,0.0,0.0
2024-08-26 14:26:00+09:00,587.0,587.2000122070312,587.0,587.2000122070312,3100,0.0,0.0
2024-08-26 14:27:00+09:00,587.2999877929688,587.4000244140625,587.2999877929688,587.2999877929688,5000,0.0,0.0
2024-08-26 14:28:00+09:00,587.2000122070312,587.2000122070312,587.0,587.0999755859375,6900,0.0,0.0
2024-08-26 14:29:00+09:00,587.2000122070312,587.2999877929688,587.0999755859375,587.2999877929688,2400,0.0,0.0
2024-08-26 14:30:00+09:00,587.2999877929688,587.4000244140625,587.0,587.0,16200,0.0,0.0
2024-08-26 14:31:00+09:00,587.0,587.2000122070312,586.9000244140625,587.0999755859375,7200,0.0,0.0
2024-08-26 14:32:00+09:00,587.0999755859375,587.0999755859375,587.0,587.0999755859375,3200,0.0,0.0
2024-08-26 14:33:00+09:00,587.0999755859375,587.4000244140625,587.0999755859375,587.2000122070312,10300,0.0,0.0
2024-08-26 14:34:00+09:00,587.2999877929688,587.4000244140625,587.2999877929688,587.4000244140625,3500,0.0,0.0
2024-08-26 14:35:00+09:00,587.4000244140625,587.5999755859375,587.4000244140625,587.5999755859375,21000,0.0,0.0
2024-08-26 14:36:00+09:00,587.5999755859375,587.5999755859375,587.2999877929688,587.5999755859375,18300,0.0,0.0
2024-08-26 14:37:00+09:00,587.5999755859375,587.7000122070312,587.5,587.5,23500,0.0,0.0
2024-08-26 14:38:00+09:00,587.5999755859375,587.7000122070312,587.5,587.5,9900,0.0,0.0
2024-08-26 14:39:00+09:00,587.5999755859375,587.7000122070312,587.5999755859375,587.7000122070312,2900,0.0,0.0
2024-08-26 14:40:00+09:00,587.5999755859375,588.2000122070312,587.5999755859375,588.2000122070312,56000,0.0,0.0
2024-08-26 14:41:00+09:00,588.0999755859375,588.4000244140625,588.0999755859375,588.2999877929688,15900,0.0,0.0
2024-08-26 14:42:00+09:00,588.2999877929688,588.2999877929688,588.0999755859375,588.2999877929688,6400,0.0,0.0
2024-08-26 14:43:00+09:00,588.2999877929688,588.5999755859375,588.2999877929688,588.5999755859375,12300,0.0,0.0
2024-08-26 14:44:00+09:00,588.5,588.7000122070312,588.4000244140625,588.7000122070312,11700,0.0,0.0
2024-08-26 14:45:00+09:00,588.7999877929688,588.7999877929688,588.4000244140625,588.4000244140625,18700,0.0,0.0
2024-08-26 14:46:00+09:00,588.5,588.9000244140625,588.5,588.9000244140625,11600,0.0,0.0
2024-08-26 14:47:00+09:00,588.7999877929688,588.9000244140625,588.7000122070312,588.9000244140625,11100,0.0,0.0
2024-08-26 14:48:00+09:00,588.7999877929688,588.7999877929688,588.5999755859375,588.7999877929688,10000,0.0,0.0
2024-08-26 14:49:00+09:00,588.7000122070312,588.7999877929688,588.7000122070312,588.7000122070312,11000,0.0,0.0
2024-08-26 14:50:00+09:00,588.7000122070312,589.0999755859375,588.7000122070312,589.0999755859375,13200,0.0,0.0
2024-08-26 14:51:00+09:00,589.0999755859375,589.2000122070312,588.7000122070312,588.9000244140625,17800,0.0,0.0
2024-08-26 14:52:00+09:00,588.9000244140625,589.0,588.5999755859375,588.7000122070312,17200,0.0,0.0
2024-08-26 14:53:00+09:00,588.5999755859375,589.0,588.2000122070312,588.5999755859375,25800,0.0,0.0
2024-08-26 14:54:00+09:00,588.5,588.7999877929688,588.5,588.5999755859375,6100,0.0,0.0
2024-08-26 14:55:00+09:00,588.7999877929688,589.0999755859375,588.7999877929688,589.0,9900,0.0,0.0
2024-08-26 14:56:00+09:00,589.0,589.0999755859375,588.5,588.5999755859375,31600,0.0,0.0
2024-08-26 14:57:00+09:00,588.5999755859375,588.5999755859375,587.7999877929688,587.7999877929688,23600,0.0,0.0
2024-08-26 14:58:00+09:00,588.0,588.0,587.5,587.5,14400,0.0,0.0
2024-08-26 14:59:00+09:00,587.5,588.7000122070312,587.5,588.0,14100,0.0,0.0
2024-08-27 09:00:00+09:00,588.0,591.4000244140625,587.9000244140625,591.4000244140625,202000,0.0,0.0
2024-08-27 09:01:00+09:00,591.4000244140625,591.7999877929688,588.2999877929688,588.5,20100,0.0,0.0
2024-08-27 09:02:00+09:00,588.2999877929688,589.5,588.0999755859375,589.5,12100,0.0,0.0
2024-08-27 09:03:00+09:00,589.0999755859375,589.7999877929688,588.5,589.2999877929688,18800,0.0,0.0
2024-08-27 09:04:00+09:00,589.2000122070312,590.7000122070312,589.2000122070312,590.5,14600,0.0,0.0
2024-08-27 09:05:00+09:00,590.0999755859375,590.7999877929688,589.2999877929688,589.2999877929688,43900,0.0,0.0
2024-08-27 09:06:00+09:00,589.7999877929688,590.9000244140625,589.0999755859375,590.4000244140625,20900,0.0,0.0
2024-08-27 09:07:00+09:00,590.4000244140625,591.0,590.0999755859375,590.5999755859375,8800,0.0,0.0
2024-08-27 09:08:00+09:00,590.5999755859375,592.5,590.5,591.7999877929688,21600,0.0,0.0
2024-08-27 09:09:00+09:00,591.2999877929688,592.0,589.9000244140625,591.2000122070312,61000,0.0,0.0
2024-08-27 09:10:00+09:00,591.2999877929688,591.9000244140625,590.5999755859375,590.9000244140625,21700,0.0,0.0
2024-08-27 09:11:00+09:00,591.0,592.0,590.9000244140625,591.5999755859375,7600,0.0,0.0
2024-08-27 09:12:00+09:00,591.7999877929688,591.7999877929688,590.5999755859375,590.5999755859375,14100,0.0,0.0
2024-08-27 09:13:00+09:00,590.5,590.5,589.2999877929688,589.5,10200,0.0,0.0
2024-08-27 09:14:00+09:00,589.9000244140625,590.7000122070312,589.4000244140625,589.7000122070312,14400,0.0,0.0
2024-08-27 09:15:00+09:00,589.5,590.5,589.4000244140625,590.4000244140625,9800,0.0,0.0
2024-08-27 09:16:00+09:00,590.7000122070312,590.7000122070312,588.0,588.0,49600,0.0,0.0
2024-08-27 09:17:00+09:00,588.0999755859375,588.5999755859375,588.0999755859375,588.4000244140625,4400,0.0,0.0
2024-08-27 09:18:00+09:00,588.4000244140625,588.5999755859375,587.2000122070312,587.5999755859375,38500,0.0,0.0
2024-08-27 09:19:00+09:00,587.5,588.2999877929688,587.2000122070312,587.7999877929688,27400,0.0,0.0
2024-08-27 09:20:00+09:00,587.7000122070312,588.7000122070312,587.4000244140625,588.5,5500,0.0,0.0
2024-08-27 09:21:00+09:00,588.5999755859375,588.5999755859375,587.4000244140625,588.2999877929688,14200,0.0,0.0
2024-08-27 09:22:00+09:00,588.2000122070312,588.5,587.7999877929688,588.4000244140625,7000,0.0,0.0
2024-08-27 09:23:00+09:00,588.4000244140625,588.4000244140625,587.7999877929688,588.0,5000,0.0,0.0
2024-08-27 09:24:00+09:00,587.7999877929688,587.7999877929688,587.2999877929688,587.7999877929688,10200,0.0,0.0
2024-08-27 09:25:00+09:00,587.7000122070312,587.7999877929688,586.4000244140625,587.0999755859375,59700,0.0,0.0
2024-08-27 09:26:00+09:00,587.0999755859375,587.7000122070312,586.7999877929688,587.7000122070312,10500,0.0,0.0
2024-08-27 09:27:00+09:00,587.7000122070312,589.0999755859375,587.5,588.7999877929688,23500,0.0,0.0
2024-08-27 09:28:00+09:00,588.9000244140625,589.2999877929688,588.5,589.0,7600,0.0,0.0
2024-08-27 09:29:00+09:00,588.9000244140625,589.0999755859375,588.5,588.5,8700,0.0,0.0
2024-08-27 09:30:00+09:00,588.7999877929688,589.0999755859375,588.4000244140625,588.9000244140625,8300,0.0,0.0
2024-08-27 09:31:00+09:00,588.5999755859375,589.0,587.9000244140625,587.9000244140625,21600,0.0,0.0
2024-08-27 09:32:00+09:00,588.2000122070312,588.2999877929688,588.0,588.2000122070312,2200,0.0,0.0
2024-08-27 09:33:00+09:00,588.2000122070312,588.7999877929688,588.2000122070312,588.7999877929688,6400,0.0,0.0
2024-08-27 09:34:00+09:00,588.5,588.7000122070312,588.0999755859375,588.0999755859375,2300,0.0,0.0
2024-08-27 09:35:00+09:00,588.0,588.0,586.7999877929688,586.7999877929688,20900,0.0,0.0
2024-08-27 09:36:00+09:00,587.0,587.0999755859375,586.4000244140625,586.4000244140625,5400,0.0,0.0
2024-08-27 09:37:00+09:00,586.2999877929688,586.4000244140625,585.7000122070312,586.4000244140625,17100,0.0,0.0
2024-08-27 09:38:00+09:00,586.4000244140625,586.5999755859375,585.7000122070312,585.7000122070312,20800,0.0,0.0
2024-08-27 09:39:00+09:00,585.9000244140625,586.0,585.7000122070312,586.0,4700,0.0,0.0
2024-08-27 09:40:00+09:00,586.0999755859375,586.2000122070312,585.7999877929688,585.7999877929688,7500,0.0,0.0
2024-08-27 09:41:00+09:00,585.7999877929688,586.0,585.7999877929688,586.0,1900,0.0,0.0
2024-08-27 09:42:00+09:00,586.0,586.0,585.2999877929688,585.2999877929688,12600,0.0,0.0
2024-08-27 09:43:00+09:00,585.5,586.0,585.5,586.0,11100,0.0,0.0
2024-08-27 09:44:00+09:00,585.7000122070312,585.7000122070312,585.7000122070312,585.7000122070312,0,0.0,0.0
2024-08-27 09:45:00+09:00,585.5999755859375,586.0999755859375,585.5,586.0999755859375,927900,0.0,0.0
2024-08-27 09:46:00+09:00,586.0999755859375,586.4000244140625,585.9000244140625,586.4000244140625,7100,0.0,0.0
2024-08-27 09:47:00+09:00,586.2999877929688,586.5,586.2000122070312,586.2000122070312,3600,0.0,0.0
2024-08-27 09:48:00+09:00,586.0999755859375,586.2000122070312,585.5,586.0,15900,0.0,0.0
2024-08-27 09:49:00+09:00,586.0,586.4000244140625,586.0,586.2000122070312,5500,0.0,0.0
2024-08-27 09:50:00+09:00,586.0999755859375,586.7000122070312,586.0999755859375,586.5999755859375,7800,0.0,0.0
2024-08-27 09:51:00+09:00,586.7000122070312,586.7000122070312,586.4000244140625,586.4000244140625,1200,0.0,0.0
2024-08-27 09:52:00+09:00,586.4000244140625,587.0999755859375,586.0999755859375,587.0999755859375,14300,0.0,0.0
2024-08-27 09:53:00+09:00,587.0,587.2999877929688,586.9000244140625,587.2999877929688,4600,0.0,0.0
2024-08-27 09:54:00+09:00,587.4000244140625,588.0999755859375,587.2000122070312,587.7000122070312,5600,0.0,0.0
2024-08-27 09:55:00+09:00,587.9000244140625,588.0,587.5,588.0,3300,0.0,0.0
2024-08-27 09:56:00+09:00,588.0999755859375,588.0999755859375,587.4000244140625,587.7000122070312,5000,0.0,0.0
2024-08-27 09:57:00+09:00,587.5999755859375,587.9000244140625,587.4000244140625,587.7999877929688,1900,0.0,0.0
2024-08-27 09:58:00+09:00,588.0,588.2000122070312,587.7000122070312,587.9000244140625,3900,0.0,0.0
2024-08-27 09:59:00+09:00,587.9000244140625,588.2000122070312,587.9000244140625,588.0999755859375,4600,0.0,0.0
2024-08-27 10:00:00+09:00,588.2999877929688,588.5,588.2999877929688,588.2999877929688,4000,0.0,0.0
2024-08-27 10:01:00+09:00,588.2000122070312,588.2999877929688,587.9000244140625,588.2000122070312,6000,0.0,0.0
2024-08-27 10:02:00+09:00,588.2000122070312,588.5999755859375,588.2000122070312,588.5999755859375,3300,0.0,0.0
2024-08-27 10:03:00+09:00,588.7000122070312,588.9000244140625,588.4000244140625,588.5,3700,0.0,0.0
2024-08-27 10:04:00+09:00,588.4000244140625,588.7999877929688,588.4000244140625,588.4000244140625,7600,0.0,0.0
2024-08-27 10:05:00+09:00,588.2999877929688,588.2999877929688,588.0,588.0999755859375,6900,0.0,0.0
2024-08-27 10:06:00+09:00,588.0,588.5,588.0,588.5,6500,0.0,0.0
2024-08-27 10:07:00+09:00,588.5,588.5999755859375,588.5,588.5,1400,0.0,0.0
2024-08-27 10:08:00+09:00,588.7000122070312,588.7000122070312,588.2000122070312,588.2000122070312,3900,0.0,0.0
2024-08-27 10:09:00+09:00,588.4000244140625,588.4000244140625,587.9000244140625,588.2999877929688,5500,0.0,0.0
2024-08-27 10:10:00+09:00,588.4000244140625,588.4000244140625,588.2000122070312,588.2999877929688,4700,0.0,0.0
2024-08-27 10:11:00+09:00,588.2999877929688,588.9000244140625,588.2999877929688,588.7999877929688,4300,0.0,0.0
2024-08-27 10:12:00+09:00,588.5999755859375,588.7999877929688,588.2999877929688,588.2999877929688,2900,0.0,0.0
2024-08-27 10:13:00+09:00,588.5,588.5999755859375,588.4000244140625,588.5999755859375,3300,0.0,0.0
2024-08-27 10:14:00+09:00,588.5999755859375,588.7000122070312,588.2000122070312,588.4000244140625,4900,0.0,0.0
2024-08-27 10:15:00+09:00,588.4000244140625,588.5999755859375,588.2999877929688,588.5999755859375,6000,0.0,0.0
2024-08-27 10:16:00+09:00,588.5,588.7999877929688,588.2999877929688,588.2999877929688,5500,0.0,0.0
2024-08-27 10:17:00+09:00,588.5,588.5,587.7999877929688,587.7999877929688,11600,0.0,0.0
2024-08-27 10:18:00+09:00,587.7000122070312,587.9000244140625,587.2000122070312,587.2000122070312,13000,0.0,0.0
2024-08-27 10:19:00+09:00,587.0,587.0,586.7999877929688,586.7999877929688,1900,0.0,0.0
2024-08-27 10:20:00+09:00,587.0999755859375,587.0999755859375,587.0999755859375,587.0999755859375,500,0.0,0.0
2024-08-27 10:21:00+09:00,586.4000244140625,586.5999755859375,586.0999755859375,586.0999755859375,17200,0.0,0.0
2024-08-27 10:22:00+09:00,586.0999755859375,586.5999755859375,586.0999755859375,586.2999877929688,6700,0.0,0.0
2024-08-27 10:23:00+09:00,586.2999877929688,586.2999877929688,586.0999755859375,586.0999755859375,2100,0.0,0.0
2024-08-27 10:24:00+09:00,586.0999755859375,586.7000122070312,586.0999755859375,586.7000122070312,7000,0.0,0.0
2024-08-27 10:25:00+09:00,586.5999755859375,586.5999755859375,586.2999877929688,586.2999877929688,2000,0.0,0.0
2024-08-27 10:26:00+09:00,586.2999877929688,586.2999877929688,586.2999877929688,586.2999877929688,700,0.0,0.0
2024-08-27 10:27:00+09:00,586.2999877929688,586.7000122070312,586.2999877929688,586.5,3000,0.0,0.0
2024-08-27 10:28:00+09:00,586.5,586.7000122070312,586.4000244140625,586.7000122070312,5800,0.0,0.0
2024-08-27 10:29:00+09:00,586.5999755859375,586.7000122070312,586.5999755859375,586.5999755859375,1600,0.0,0.0
2024-08-27 10:30:00+09:00,586.5,586.5,585.5,585.5,48100,0.0,0.0
2024-08-27 10:31:00+09:00,585.7000122070312,586.2000122070312,585.7000122070312,586.2000122070312,22300,0.0,0.0
2024-08-27 10:32:00+09:00,586.2000122070312,586.2000122070312,585.7000122070312,585.9000244140625,9200,0.0,0.0
2024-08-27 10:33:00+09:00,585.7999877929688,586.0,585.7999877929688,586.0,2900,0.0,0.0
2024-08-27 10:34:00+09:00,586.0,586.2000122070312,585.5,585.7000122070312,14200,0.0,0.0
2024-08-27 10:35:00+09:00,585.9000244140625,585.9000244140625,585.7000122070312,585.9000244140625,1700,0.0,0.0
2024-08-27 10:36:00+09:00,585.7999877929688,586.0,585.5,585.5,9700,0.0,0.0
2024-08-27 10:37:00+09:00,585.5999755859375,585.5999755859375,585.2999877929688,585.5999755859375,23300,0.0,0.0
2024-08-27 10:38:00+09:00,585.7000122070312,585.7000122070312,585.5999755859375,585.7000122070312,1200,0.0,0.0
2024-08-27 10:39:00+09:00,585.7000122070312,585.7999877929688,585.5,585.5,7600,0.0,0.0
2024-08-27 10:40:00+09:00,585.5,585.5,584.0999755859375,584.7999877929688,58300,0.0,0.0
2024-08-27 10:41:00+09:00,584.9000244140625,585.0999755859375,584.2000122070312,584.2000122070312,13400,0.0,0.0
2024-08-27 10:42:00+09:00,584.2000122070312,584.9000244140625,584.2000122070312,584.9000244140625,4300,0.0,0.0
2024-08-27 10:43:00+09:00,584.9000244140625,585.0,584.5999755859375,584.7999877929688,5700,0.0,0.0
2024-08-27 10:44:00+09:00,584.5999755859375,584.7999877929688,584.5999755859375,584.7999877929688,2200,0.0,0.0
2024-08-27 10:45:00+09:00,584.7000122070312,584.7999877929688,584.4000244140625,584.4000244140625,3500,0.0,0.0
2024-08-27 10:46:00+09:00,584.5999755859375,584.5999755859375,584.2999877929688,584.4000244140625,4900,0.0,0.0
2024-08-27 10:47:00+09:00,584.5999755859375,584.7000122070312,584.4000244140625,584.4000244140625,2900,0.0,0.0
2024-08-27 10:48:00+09:00,584.2999877929688,584.4000244140625,584.2000122070312,584.4000244140625,1900,0.0,0.0
2024-08-27 10:49:00+09:00,584.4000244140625,584.7999877929688,584.4000244140625,584.7999877929688,3600,0.0,0.0
2024-08-27 10:50:00+09:00,584.7000122070312,584.7000122070312,584.5999755859375,584.5999755859375,2500,0.0,0.0
2024-08-27 10:53:00+09:00,584.2000122070312,584.2999877929688,584.2000122070312,584.2999877929688,49200,0.0,0.0
2024-08-27 10:54:00+09:00,584.4000244140625,584.5,584.0999755859375,584.4000244140625,3800,0.0,0.0
2024-08-27 10:55:00+09:00,584.4000244140625,584.5,584.2999877929688,584.2999877929688,1100,0.0,0.0
2024-08-27 10:56:00+09:00,584.5,584.7999877929688,584.5,584.7000122070312,6600,0.0,0.0
2024-08-27 10:57:00+09:00,584.7999877929688,584.7999877929688,584.7999877929688,584.7999877929688,400,0.0,0.0
2024-08-27 10:58:00+09:00,584.7999877929688,585.0,584.7999877929688,584.7999877929688,4500,0.0,0.0
2024-08-27 10:59:00+09:00,584.7999877929688,584.7999877929688,584.2000122070312,584.2000122070312,5600,0.0,0.0
2024-08-27 11:00:00+09:00,584.0999755859375,584.5999755859375,584.0,584.5999755859375,11500,0.0,0.0
2024-08-27 11:01:00+09:00,584.5999755859375,584.5999755859375,584.0999755859375,584.0999755859375,3000,0.0,0.0
2024-08-27 11:02:00+09:00,584.2000122070312,584.2999877929688,584.0,584.0,5400,0.0,0.0
2024-08-27 11:03:00+09:00,584.0,584.2999877929688,584.0,584.2999877929688,2300,0.0,0.0
2024-08-27 11:04:00+09:00,584.2999877929688,584.5,584.2000122070312,584.2999877929688,7100,0.0,0.0
2024-08-27 11:05:00+09:00,584.2999877929688,584.2999877929688,584.2000122070312,584.2000122070312,600,0.0,0.0
2024-08-27 11:06:00+09:00,584.4000244140625,584.7000122070312,584.2999877929688,584.4000244140625,7200,0.0,0.0
2024-08-27 11:07:00+09:00,584.5999755859375,585.0,584.5999755859375,585.0,2000,0.0,0.0
2024-08-27 11:08:00+09:00,584.7999877929688,584.7999877929688,584.5999755859375,584.5999755859375,3700,0.0,0.0
2024-08-27 11:09:00+09:00,584.5999755859375,584.9000244140625,584.5999755859375,584.9000244140625,2700,0.0,0.0
2024-08-27 11:10:00+09:00,584.9000244140625,585.0999755859375,584.7999877929688,585.0,11400,0.0,0.0
2024-08-27 11:11:00+09:00,584.7000122070312,584.7000122070312,584.4000244140625,584.4000244140625,11800,0.0,0.0
2024-08-27 11:12:00+09:00,584.4000244140625,584.4000244140625,584.4000244140625,584.4000244140625,1000,0.0,0.0
2024-08-27 11:13:00+09:00,584.5,584.7000122070312,584.5,584.7000122070312,3200,0.0,0.0
2024-08-27 11:14:00+09:00,584.5,584.5,584.2000122070312,584.2000122070312,4400,0.0,0.0
2024-08-27 11:15:00+09:00,584.2999877929688,584.2999877929688,584.0,584.0,3600,0.0,0.0
2024-08-27 11:16:00+09:00,584.2000122070312,584.2999877929688,584.0999755859375,584.2999877929688,4400,0.0,0.0
2024-08-27 11:17:00+09:00,584.2999877929688,584.5,584.2999877929688,584.2999877929688,3100,0.0,0.0
2024-08-27 11:18:00+09:00,584.2000122070312,584.2000122070312,584.2000122070312,584.2000122070312,900,0.0,0.0
2024-08-27 11:19:00+09:00,584.4000244140625,584.5,584.4000244140625,584.5,2000,0.0,0.0
2024-08-27 11:20:00+09:00,584.4000244140625,584.4000244140625,584.2000122070312,584.2000122070312,600,0.0,0.0
2024-08-27 11:21:00+09:00,584.2999877929688,585.0,584.2999877929688,584.7000122070312,8200,0.0,0.0
2024-08-27 11:22:00+09:00,584.7000122070312,585.0999755859375,584.7000122070312,585.0999755859375,11600,0.0,0.0
2024-08-27 11:23:00+09:00,585.0,585.0,584.7999877929688,584.7999877929688,6000,0.0,0.0
2024-08-27 11:24:00+09:00,584.7000122070312,584.9000244140625,584.7000122070312,584.7000122070312,4100,0.0,0.0
2024-08-27 11:25:00+09:00,584.5999755859375,585.0,584.5999755859375,585.0,3300,0.0,0.0
2024-08-27 11:26:00+09:00,585.0999755859375,585.2999877929688,585.0999755859375,585.2999877929688,3700,0.0,0.0
2024-08-27 11:27:00+09:00,585.4000244140625,585.5999755859375,585.4000244140625,585.5999755859375,5000,0.0,0.0
2024-08-27 11:28:00+09:00,585.7000122070312,585.7000122070312,585.5,585.7000122070312,2500,0.0,0.0
2024-08-27 11:29:00+09:00,585.7000122070312,585.7000122070312,585.4000244140625,585.5,2600,0.0,0.0
2024-08-27 11:30:00+09:00,585.4000244140625,585.4000244140625,585.4000244140625,585.4000244140625,3600,0.0,0.0
2024-08-27 11:35:00+09:00,585.4000244140625,585.4000244140625,585.4000244140625,585.4000244140625,0,0.0,0.0
2024-08-27 12:30:00+09:00,586.2000122070312,586.7000122070312,585.7999877929688,586.4000244140625,1660600,0.0,0.0
2024-08-27 12:31:00+09:00,586.2000122070312,586.5,586.2000122070312,586.2000122070312,4600,0.0,0.0
2024-08-27 12:32:00+09:00,586.4000244140625,586.9000244140625,586.4000244140625,586.9000244140625,6100,0.0,0.0
2024-08-27 12:33:00+09:00,586.7999877929688,587.0999755859375,586.5,586.7999877929688,16300,0.0,0.0
2024-08-27 12:34:00+09:00,586.5999755859375,586.9000244140625,586.5,586.9000244140625,2600,0.0,0.0
2024-08-27 12:35:00+09:00,587.0,587.5,587.0,587.5,3000,0.0,0.0
2024-08-27 12:36:00+09:00,587.0999755859375,587.2000122070312,586.4000244140625,587.2000122070312,12100,0.0,0.0
2024-08-27 12:37:00+09:00,587.2000122070312,587.2000122070312,586.5999755859375,586.5999755859375,6800,0.0,0.0
2024-08-27 12:38:00+09:00,586.7999877929688,587.0,586.5,587.0,3400,0.0,0.0
2024-08-27 12:39:00+09:00,587.0,587.0,586.7000122070312,586.7000122070312,2300,0.0,0.0
2024-08-27 12:40:00+09:00,586.5999755859375,586.7999877929688,586.5999755859375,586.7999877929688,1100,0.0,0.0
2024-08-27 12:41:00+09:00,586.7999877929688,587.0,586.7999877929688,586.9000244140625,5700,0.0,0.0
2024-08-27 12:42:00+09:00,586.7999877929688,586.9000244140625,586.5,586.5999755859375,10000,0.0,0.0
2024-08-27 12:43:00+09:00,586.5,586.7999877929688,586.4000244140625,586.5,8000,0.0,0.0
2024-08-27 12:44:00+09:00,586.5999755859375,586.7999877929688,586.5999755859375,586.7999877929688,2900,0.0,0.0
2024-08-27 12:45:00+09:00,586.7999877929688,586.9000244140625,586.5,586.9000244140625,7000,0.0,0.0
2024-08-27 12:46:00+09:00,586.7999877929688,587.5999755859375,586.7999877929688,587.4000244140625,41100,0.0,0.0
2024-08-27 12:47:00+09:00,587.7000122070312,588.0999755859375,587.5999755859375,587.9000244140625,8500,0.0,0.0
2024-08-27 12:48:00+09:00,588.0,588.0999755859375,587.5,587.5,7500,0.0,0.0
2024-08-27 12:49:00+09:00,587.5999755859375,588.0999755859375,587.5999755859375,588.0999755859375,9600,0.0,0.0
2024-08-27 12:50:00+09:00,587.9000244140625,588.0,587.5,587.7999877929688,19300,0.0,0.0
2024-08-27 12:51:00+09:00,588.0,588.0,587.7999877929688,587.7999877929688,1600,0.0,0.0
2024-08-27 12:52:00+09:00,587.7000122070312,587.9000244140625,587.4000244140625,587.5999755859375,6700,0.0,0.0
2024-08-27 12:53:00+09:00,587.5999755859375,587.7999877929688,587.5,587.7999877929688,2900,0.0,0.0
2024-08-27 12:54:00+09:00,587.7999877929688,587.7999877929688,587.7000122070312,587.7000122070312,1500,0.0,0.0
2024-08-27 12:55:00+09:00,587.5999755859375,587.5999755859375,587.2999877929688,587.2999877929688,3300,0.0,0.0
2024-08-27 12:56:00+09:00,587.5,587.7999877929688,587.5,587.5999755859375,5500,0.0,0.0
2024-08-27 12:57:00+09:00,587.7000122070312,587.7000122070312,587.5,587.5,2700,0.0,0.0
2024-08-27 12:58:00+09:00,587.5,587.7000122070312,587.5,587.5999755859375,1500,0.0,0.0
2024-08-27 12:59:00+09:00,587.5999755859375,587.7000122070312,587.5,587.5999755859375,3700,0.0,0.0
2024-08-27 13:00:00+09:00,587.5999755859375,587.5999755859375,587.2000122070312,587.2000122070312,3200,0.0,0.0
2024-08-27 13:01:00+09:00,587.2000122070312,587.2999877929688,587.0,587.2999877929688,3900,0.0,0.0
2024-08-27 13:02:00+09:00,587.4000244140625,587.5999755859375,587.4000244140625,587.5999755859375,1500,0.0,0.0
2024-08-27 13:03:00+09:00,587.5,587.5,587.2000122070312,587.4000244140625,4500,0.0,0.0
2024-08-27 13:04:00+09:00,587.0999755859375,587.0999755859375,587.0,587.0,2100,0.0,0.0
2024-08-27 13:05:00+09:00,587.0999755859375,587.2000122070312,587.0,587.0,2000,0.0,0.0
2024-08-27 13:06:00+09:00,587.0,587.0999755859375,587.0,587.0999755859375,7400,0.0,0.0
2024-08-27 13:07:00+09:00,587.0999755859375,587.0999755859375,587.0,587.0,300,0.0,0.0
2024-08-27 13:08:00+09:00,587.0,587.0,586.7000122070312,586.7999877929688,9900,0.0,0.0
2024-08-27 13:09:00+09:00,586.7999877929688,586.9000244140625,586.7000122070312,586.7999877929688,13600,0.0,0.0
2024-08-27 13:10:00+09:00,586.7999877929688,586.7999877929688,586.7000122070312,586.7000122070312,1500,0.0,0.0
2024-08-27 13:11:00+09:00,586.5999755859375,586.7000122070312,586.5999755859375,586.7000122070312,800,0.0,0.0
2024-08-27 13:12:00+09:00,586.5999755859375,586.7999877929688,586.5999755859375,586.7999877929688,4000,0.0,0.0
2024-08-27 13:13:00+09:00,586.5999755859375,586.9000244140625,586.5999755859375,586.7999877929688,5400,0.0,0.0
2024-08-27 13:14:00+09:00,586.7999877929688,587.0,586.7999877929688,586.9000244140625,800,0.0,0.0
2024-08-27 13:15:00+09:00,587.0,587.2000122070312,586.9000244140625,587.2000122070312,4900,0.0,0.0
2024-08-27 13:16:00+09:00,587.2999877929688,587.4000244140625,587.2000122070312,587.4000244140625,2000,0.0,0.0
2024-08-27 13:17:00+09:00,587.2000122070312,587.2999877929688,587.0999755859375,587.2999877929688,1300,0.0,0.0
2024-08-27 13:18:00+09:00,587.2999877929688,587.4000244140625,587.2999877929688,587.4000244140625,2100,0.0,0.0
2024-08-27 13:19:00+09:00,587.5,588.2000122070312,587.2999877929688,587.2999877929688,32900,0.0,0.0
2024-08-27 13:20:00+09:00,587.2000122070312,588.0,587.2000122070312,587.9000244140625,7300,0.0,0.0
2024-08-27 13:21:00+09:00,587.9000244140625,587.9000244140625,587.7999877929688,587.9000244140625,700,0.0,0.0
2024-08-27 13:22:00+09:00,588.0,588.4000244140625,587.7000122070312,587.7000122070312,21100,0.0,0.0
2024-08-27 13:23:00+09:00,587.7000122070312,588.0,587.7000122070312,588.0,800,0.0,0.0
2024-08-27 13:24:00+09:00,588.0,588.0,587.7000122070312,587.9000244140625,3200,0.0,0.0
2024-08-27 13:25:00+09:00,588.0999755859375,588.4000244140625,588.0,588.0999755859375,5300,0.0,0.0
2024-08-27 13:26:00+09:00,588.0,588.2000122070312,588.0,588.0,2300,0.0,0.0
2024-08-27 13:27:00+09:00,588.0,588.0,587.5999755859375,587.7999877929688,3100,0.0,0.0
2024-08-27 13:28:00+09:00,587.7000122070312,587.9000244140625,587.7000122070312,587.9000244140625,800,0.0,0.0
2024-08-27 13:29:00+09:00,587.7999877929688,587.9000244140625,587.5,587.5999755859375,5600,0.0,0.0
2024-08-27 13:30:00+09:00,587.5999755859375,587.5999755859375,587.5,587.5,700,0.0,0.0
2024-08-27 13:31:00+09:00,587.5999755859375,587.7999877929688,587.5999755859375,587.7999877929688,1000,0.0,0.0
2024-08-27 13:32:00+09:00,587.7000122070312,588.0,587.5999755859375,587.7000122070312,8000,0.0,0.0
2024-08-27 13:33:00+09:00,587.7999877929688,587.7999877929688,587.7999877929688,587.7999877929688,400,0.0,0.0
2024-08-27 13:34:00+09:00,587.7999877929688,588.0,587.7999877929688,588.0,3000,0.0,0.0
2024-08-27 13:35:00+09:00,588.0,588.0,587.7999877929688,588.0,1700,0.0,0.0
2024-08-27 13:36:00+09:00,588.0,588.0,587.7999877929688,587.7999877929688,2100,0.0,0.0
2024-08-27 13:37:00+09:00,587.9000244140625,588.0999755859375,587.9000244140625,587.9000244140625,1600,0.0,0.0
2024-08-27 13:38:00+09:00,587.9000244140625,588.0,587.7999877929688,588.0,1400,0.0,0.0
2024-08-27 13:39:00+09:00,588.0,588.0999755859375,587.9000244140625,587.9000244140625,1200,0.0,0.0
2024-08-27 13:40:00+09:00,587.9000244140625,588.0,587.7999877929688,587.7999877929688,3100,0.0,0.0
2024-08-27 13:43:00+09:00,587.5999755859375,587.5999755859375,587.5999755859375,587.5999755859375,5900,0.0,0.0
2024-08-27 13:44:00+09:00,587.5999755859375,587.5999755859375,587.5999755859375,587.5999755859375,600,0.0,0.0
2024-08-27 13:45:00+09:00,587.7000122070312,587.7999877929688,587.5999755859375,587.5999755859375,3500,0.0,0.0
2024-08-27 13:46:00+09:00,587.7000122070312,587.7000122070312,587.2999877929688,587.2999877929688,5400,0.0,0.0
2024-08-27 13:47:00+09:00,587.2000122070312,587.2999877929688,587.2000122070312,587.2999877929688,3300,0.0,0.0
2024-08-27 13:48:00+09:00,587.2999877929688,587.5999755859375,587.2999877929688,587.4000244140625,4700,0.0,0.0
2024-08-27 13:49:00+09:00,587.5999755859375,587.7999877929688,587.5999755859375,587.7000122070312,13200,0.0,0.0
2024-08-27 13:50:00+09:00,587.5,587.5,587.5,587.5,500,0.0,0.0
2024-08-27 13:51:00+09:00,587.5,587.9000244140625,586.5999755859375,586.5999755859375,20200,0.0,0.0
2024-08-27 13:52:00+09:00,586.9000244140625,587.0999755859375,586.9000244140625,587.0999755859375,2500,0.0,0.0
2024-08-27 13:53:00+09:00,587.2000122070312,587.2999877929688,587.0999755859375,587.2999877929688,900,0.0,0.0
2024-08-27 13:54:00+09:00,587.2000122070312,587.2000122070312,587.0,587.0999755859375,1600,0.0,0.0
2024-08-27 13:55:00+09:00,587.0,587.0,586.9000244140625,586.9000244140625,1200,0.0,0.0
2024-08-27 13:56:00+09:00,586.7999877929688,587.0,586.7999877929688,586.9000244140625,1500,0.0,0.0
2024-08-27 13:57:00+09:00,587.0,587.0,586.7999877929688,586.7999877929688,4800,0.0,0.0
2024-08-27 13:58:00+09:00,586.7999877929688,586.9000244140625,586.5999755859375,586.5999755859375,3800,0.0,0.0
2024-08-27 13:59:00+09:00,586.5,587.2999877929688,586.2999877929688,586.9000244140625,29100,0.0,0.0
2024-08-27 14:00:00+09:00,587.2000122070312,587.4000244140625,587.0999755859375,587.4000244140625,2800,0.0,0.0
2024-08-27 14:01:00+09:00,587.4000244140625,587.4000244140625,587.2000122070312,587.2000122070312,1500,0.0,0.0
2024-08-27 14:02:00+09:00,587.2999877929688,587.4000244140625,587.2999877929688,587.4000244140625,400,0.0,0.0
2024-08-27 14:03:00+09:00,587.2999877929688,587.2999877929688,587.0999755859375,587.2000122070312,3300,0.0,0.0
2024-08-27 14:04:00+09:00,587.2000122070312,587.2000122070312,587.2000122070312,587.2000122070312,500,0.0,0.0
2024-08-27 14:05:00+09:00,587.2000122070312,587.2999877929688,587.2000122070312,587.2000122070312,2100,0.0,0.0
2024-08-27 14:06:00+09:00,587.4000244140625,587.7999877929688,587.2999877929688,587.5999755859375,12200,0.0,0.0
2024-08-27 14:07:00+09:00,587.5999755859375,587.5999755859375,587.2999877929688,587.2999877929688,3000,0.0,0.0
2024-08-27 14:08:00+09:00,587.4000244140625,587.4000244140625,587.4000244140625,587.4000244140625,700,0.0,0.0
2024-08-27 14:09:00+09:00,587.4000244140625,587.4000244140625,587.4000244140625,587.4000244140625,1200,0.0,0.0
2024-08-27 14:10:00+09:00,587.5,587.9000244140625,587.5,587.7000122070312,6700,0.0,0.0
2024-08-27 14:11:00+09:00,587.5999755859375,587.5999755859375,587.5,587.5999755859375,1900,0.0,0.0
2024-08-27 14:12:00+09:00,587.5999755859375,587.7000122070312,587.5999755859375,587.7000122070312,1700,0.0,0.0
2024-08-27 14:13:00+09:00,587.7000122070312,587.9000244140625,587.5999755859375,587.9000244140625,800,0.0,0.0
2024-08-27 14:14:00+09:00,587.9000244140625,587.9000244140625,587.5,587.7000122070312,9100,0.0,0.0
2024-08-27 14:15:00+09:00,587.5,587.7999877929688,587.5,587.7000122070312,3500,0.0,0.0
2024-08-27 14:16:00+09:00,587.9000244140625,587.9000244140625,587.5999755859375,587.5999755859375,3600,0.0,0.0
2024-08-27 14:17:00+09:00,587.7000122070312,587.7999877929688,587.5999755859375,587.5999755859375,15900,0.0,0.0
2024-08-27 14:18:00+09:00,587.5999755859375,587.7000122070312,587.5999755859375,587.7000122070312,3200,0.0,0.0
2024-08-27 14:19:00+09:00,587.7000122070312,587.7000122070312,587.5,587.5,3600,0.0,0.0
2024-08-27 14:20:00+09:00,587.5,587.5,587.2999877929688,587.2999877929688,3100,0.0,0.0
2024-08-27 14:21:00+09:00,587.5,587.5,587.4000244140625,587.4000244140625,200,0.0,0.0
2024-08-27 14:22:00+09:00,587.4000244140625,587.4000244140625,587.0999755859375,587.0999755859375,5900,0.0,0.0
2024-08-27 14:23:00+09:00,587.2000122070312,587.2000122070312,587.0999755859375,587.0999755859375,1200,0.0,0.0
2024-08-27 14:24:00+09:00,587.0999755859375,587.2000122070312,587.0999755859375,587.0999755859375,400,0.0,0.0
2024-08-27 14:25:00+09:00,587.2000122070312,587.5999755859375,587.2000122070312,587.5999755859375,8900,0.0,0.0
2024-08-27 14:26:00+09:00,587.5999755859375,587.5999755859375,587.4000244140625,587.5999755859375,2400,0.0,0.0
2024-08-27 14:27:00+09:00,587.5,587.7999877929688,587.2000122070312,587.2000122070312,10200,0.0,0.0
2024-08-27 14:28:00+09:00,587.4000244140625,587.4000244140625,587.2999877929688,587.2999877929688,2700,0.0,0.0
2024-08-27 14:29:00+09:00,587.2999877929688,587.2999877929688,585.9000244140625,586.7000122070312,91200,0.0,0.0
2024-08-27 14:30:00+09:00,586.7000122070312,587.0999755859375,586.7000122070312,586.9000244140625,4400,0.0,0.0
2024-08-27 14:31:00+09:00,587.0,587.2000122070312,587.0,587.0,4000,0.0,0.0
2024-08-27 14:32:00+09:00,587.0,587.2000122070312,587.0,587.2000122070312,800,0.0,0.0
2024-08-27 14:33:00+09:00,587.2000122070312,587.4000244140625,587.2000122070312,587.2999877929688,5600,0.0,0.0
2024-08-27 14:34:00+09:00,587.2000122070312,587.5,587.2000122070312,587.2999877929688,3100,0.0,0.0
2024-08-27 14:35:00+09:00,587.5,587.5,587.2000122070312,587.2000122070312,6400,0.0,0.0
2024-08-27 14:36:00+09:00,587.0999755859375,587.0999755859375,586.7000122070312,586.7999877929688,6200,0.0,0.0
2024-08-27 14:37:00+09:00,586.7999877929688,586.9000244140625,586.5999755859375,586.9000244140625,11600,0.0,0.0
2024-08-27 14:38:00+09:00,587.0,587.0,586.9000244140625,587.0,1900,0.0,0.0
2024-08-27 14:39:00+09:00,586.9000244140625,587.0999755859375,586.9000244140625,587.0,4000,0.0,0.0
2024-08-27 14:40:00+09:00,587.0999755859375,587.5,587.0999755859375,587.2999877929688,4000,0.0,0.0
2024-08-27 14:41:00+09:00,587.2000122070312,587.5999755859375,587.2000122070312,587.5999755859375,3700,0.0,0.0
2024-08-27 14:42:00+09:00,587.5999755859375,587.7000122070312,587.0999755859375,587.2999877929688,21600,0.0,0.0
2024-08-27 14:43:00+09:00,587.4000244140625,587.7999877929688,587.4000244140625,587.7999877929688,3900,0.0,0.0
2024-08-27 14:44:00+09:00,587.9000244140625,587.9000244140625,587.4000244140625,587.5999755859375,5300,0.0,0.0
2024-08-27 14:45:00+09:00,587.5999755859375,587.5999755859375,587.5,587.5,2100,0.0,0.0
2024-08-27 14:46:00+09:00,587.5999755859375,587.9000244140625,587.5999755859375,587.7000122070312,9300,0.0,0.0
2024-08-27 14:47:00+09:00,587.7999877929688,587.7999877929688,587.5999755859375,587.7999877929688,10200,0.0,0.0
2024-08-27 14:48:00+09:00,587.7999877929688,588.0,587.7999877929688,587.7999877929688,6900,0.0,0.0
2024-08-27 14:49:00+09:00,587.7999877929688,587.9000244140625,587.7000122070312,587.9000244140625,1700,0.0,0.0
2024-08-27 14:50:00+09:00,588.0,588.0999755859375,588.0,588.0999755859375,28400,0.0,0.0
2024-08-27 14:51:00+09:00,588.0999755859375,588.2000122070312,587.9000244140625,588.0,4200,0.0,0.0
2024-08-27 14:52:00+09:00,587.9000244140625,587.9000244140625,587.5,587.7999877929688,12700,0.0,0.0
2024-08-27 14:53:00+09:00,588.0,588.0,587.9000244140625,588.0,5000,0.0,0.0
2024-08-27 14:54:00+09:00,588.0,588.0999755859375,587.7999877929688,588.0999755859375,8900,0.0,0.0
2024-08-27 14:55:00+09:00,587.9000244140625,588.0,587.7999877929688,587.9000244140625,9600,0.0,0.0
2024-08-27 14:56:00+09:00,587.9000244140625,587.9000244140625,587.2999877929688,587.5,17200,0.0,0.0
2024-08-27 14:57:00+09:00,587.5999755859375,587.7999877929688,587.2999877929688,587.7999877929688,24300,0.0,0.0
2024-08-27 14:58:00+09:00,587.9000244140625,587.9000244140625,587.4000244140625,587.7999877929688,13400,0.0,0.0
2024-08-27 14:59:00+09:00,587.5,588.2000122070312,587.5,588.2000122070312,48500,0.0,0.0
2024-08-28 09:00:00+09:00,584.0,586.0,580.0,582.7000122070312,381000,0.0,0.0
2024-08-28 09:01:00+09:00,583.0,583.0,580.5999755859375,581.0,29100,0.0,0.0
2024-08-28 09:02:00+09:00,580.7000122070312,580.7000122070312,579.5,580.2000122070312,53600,0.0,0.0
2024-08-28 09:03:00+09:00,580.5,581.2999877929688,580.0999755859375,580.7999877929688,9600,0.0,0.0
2024-08-28 09:04:00+09:00,580.7000122070312,581.2000122070312,580.2999877929688,580.5999755859375,12100,0.0,0.0
2024-08-28 09:05:00+09:00,580.9000244140625,582.9000244140625,580.7999877929688,582.9000244140625,11700,0.0,0.0
2024-08-28 09:06:00+09:00,582.2999877929688,583.5,582.0999755859375,582.5,17400,0.0,0.0
2024-08-28 09:07:00+09:00,582.9000244140625,583.5,582.2000122070312,583.0,14200,0.0,0.0
2024-08-28 09:08:00+09:00,582.7999877929688,583.7999877929688,582.7000122070312,583.4000244140625,9100,0.0,0.0
2024-08-28 09:09:00+09:00,583.2999877929688,583.5,582.0,582.2999877929688,11500,0.0,0.0
2024-08-28 09:10:00+09:00,582.5999755859375,584.0,582.5999755859375,584.0,6700,0.0,0.0
2024-08-28 09:11:00+09:00,583.9000244140625,584.4000244140625,583.5999755859375,584.4000244140625,8600,0.0,0.0
2024-08-28 09:12:00+09:00,584.0,584.5,583.2000122070312,583.4000244140625,20000,0.0,0.0
2024-08-28 09:13:00+09:00,583.2999877929688,584.2999877929688,583.2000122070312,584.2000122070312,4700,0.0,0.0
2024-08-28 09:14:00+09:00,584.2000122070312,584.7999877929688,583.7999877929688,584.2999877929688,598100,0.0,0.0
2024-08-28 09:15:00+09:00,584.5999755859375,584.7000122070312,583.0999755859375,583.5999755859375,7400,0.0,0.0
2024-08-28 09:16:00+09:00,583.7000122070312,584.2000122070312,582.9000244140625,583.5999755859375,19200,0.0,0.0
2024-08-28 09:17:00+09:00,583.5,583.7999877929688,583.2000122070312,583.2000122070312,11700,0.0,0.0
2024-08-28 09:18:00+09:00,583.0999755859375,583.4000244140625,582.2999877929688,582.2999877929688,12200,0.0,0.0
2024-08-28 09:19:00+09:00,582.2999877929688,582.7000122070312,582.0999755859375,582.2999877929688,6300,0.0,0.0
2024-08-28 09:20:00+09:00,582.2999877929688,582.7000122070312,582.0,582.4000244140625,15400,0.0,0.0
2024-08-28 09:21:00+09:00,582.0,582.7000122070312,582.0,582.5,8200,0.0,0.0
2024-08-28 09:22:00+09:00,582.4000244140625,583.0999755859375,582.4000244140625,583.0999755859375,5000,0.0,0.0
2024-08-28 09:23:00+09:00,583.0,583.0,582.4000244140625,582.5999755859375,7000,0.0,0.0
2024-08-28 09:24:00+09:00,582.4000244140625,582.7000122070312,582.0,582.0,15200,0.0,0.0
2024-08-28 09:25:00+09:00,582.0,582.7000122070312,582.0,582.7000122070312,13400,0.0,0.0
2024-08-28 09:26:00+09:00,582.7999877929688,583.2000122070312,582.5,583.2000122070312,7300,0.0,0.0
2024-08-28 09:27:00+09:00,583.2999877929688,583.4000244140625,582.9000244140625,583.4000244140625,738900,0.0,0.0
2024-08-28 09:28:00+09:00,583.0,583.2999877929688,582.5999755859375,583.0,6700,0.0,0.0
2024-08-28 09:29:00+09:00,582.5999755859375,583.2000122070312,582.5999755859375,583.2000122070312,6000,0.0,0.0
2024-08-28 09:30:00+09:00,583.0,583.2999877929688,582.9000244140625,583.2999877929688,3400,0.0,0.0
2024-08-28 09:31:00+09:00,583.2999877929688,583.4000244140625,582.9000244140625,582.9000244140625,11400,0.0,0.0
2024-08-28 09:32:00+09:00,582.7999877929688,582.7999877929688,582.2000122070312,582.5999755859375,13400,0.0,0.0
2024-08-28 09:33:00+09:00,582.2999877929688,582.7000122070312,582.2999877929688,582.2999877929688,8000,0.0,0.0
2024-08-28 09:34:00+09:00,582.5999755859375,582.9000244140625,582.5,582.5999755859375,5800,0.0,0.0
2024-08-28 09:35:00+09:00,582.5,582.7999877929688,582.4000244140625,582.5,11400,0.0,0.0
2024-08-28 09:36:00+09:00,582.7999877929688,582.7999877929688,582.5,582.5999755859375,5400,0.0,0.0
2024-08-28 09:37:00+09:00,582.7999877929688,582.9000244140625,582.5999755859375,582.7999877929688,1800,0.0,0.0
2024-08-28 09:38:00+09:00,582.7999877929688,583.5,582.5,582.5,11300,0.0,0.0
2024-08-28 09:39:00+09:00,582.5,582.5,581.9000244140625,582.2999877929688,20900,0.0,0.0
2024-08-28 09:40:00+09:00,582.0,582.0999755859375,581.5,581.5,7000,0.0,0.0
2024-08-28 09:41:00+09:00,581.5,581.7000122070312,580.5,581.7000122070312,53000,0.0,0.0
2024-08-28 09:42:00+09:00,581.7000122070312,581.9000244140625,581.5999755859375,581.7000122070312,2500,0.0,0.0
2024-08-28 09:43:00+09:00,581.5999755859375,581.7999877929688,581.5999755859375,581.7999877929688,2800,0.0,0.0
2024-08-28 09:44:00+09:00,581.9000244140625,582.0999755859375,581.7000122070312,582.0999755859375,3800,0.0,0.0
2024-08-28 09:45:00+09:00,582.0,582.0999755859375,581.7000122070312,581.9000244140625,4800,0.0,0.0
2024-08-28 09:46:00+09:00,582.0,582.0,581.5999755859375,581.7999877929688,4600,0.0,0.0
2024-08-28 09:47:00+09:00,581.9000244140625,582.2000122070312,581.9000244140625,582.2000122070312,3400,0.0,0.0
2024-08-28 09:48:00+09:00,582.0,582.7000122070312,582.0,582.7000122070312,4100,0.0,0.0
2024-08-28 09:49:00+09:00,582.5,583.2999877929688,582.5,583.2000122070312,3800,0.0,0.0
2024-08-28 09:50:00+09:00,583.2999877929688,583.2999877929688,582.7999877929688,582.7999877929688,3200,0.0,0.0
2024-08-28 09:51:00+09:00,582.9000244140625,583.4000244140625,582.9000244140625,583.2999877929688,4600,0.0,0.0
2024-08-28 09:52:00+09:00,583.2999877929688,583.2999877929688,582.7000122070312,582.7000122070312,2000,0.0,0.0
2024-08-28 09:53:00+09:00,582.7000122070312,582.9000244140625,582.5,582.9000244140625,4100,0.0,0.0
2024-08-28 09:54:00+09:00,582.7999877929688,583.2000122070312,582.7000122070312,583.2000122070312,5600,0.0,0.0
2024-08-28 09:55:00+09:00,583.0,583.0,583.0,583.0,1600,0.0,0.0
2024-08-28 09:56:00+09:00,583.0,583.2000122070312,582.7999877929688,583.2000122070312,4400,0.0,0.0
2024-08-28 09:57:00+09:00,583.0999755859375,583.0999755859375,582.7000122070312,582.7000122070312,2600,0.0,0.0
2024-08-28 09:58:00+09:00,582.7000122070312,583.0,582.7000122070312,582.9000244140625,5400,0.0,0.0
2024-08-28 09:59:00+09:00,583.0,583.0,582.7999877929688,582.9000244140625,1000,0.0,0.0
2024-08-28 10:00:00+09:00,582.9000244140625,582.9000244140625,582.7000122070312,582.7999877929688,3000,0.0,0.0
2024-08-28 10:01:00+09:00,582.7999877929688,582.7999877929688,582.4000244140625,582.4000244140625,2200,0.0,0.0
2024-08-28 10:02:00+09:00,582.5,582.5999755859375,582.4000244140625,582.4000244140625,4900,0.0,0.0
2024-08-28 10:03:00+09:00,582.4000244140625,582.4000244140625,582.0999755859375,582.0999755859375,981200,0.0,0.0
2024-08-28 10:04:00+09:00,582.0999755859375,582.5999755859375,582.0999755859375,582.2999877929688,8000,0.0,0.0
2024-08-28 10:05:00+09:00,582.2999877929688,582.5999755859375,582.0999755859375,582.0999755859375,3900,0.0,0.0
2024-08-28 10:06:00+09:00,582.2000122070312,582.2000122070312,582.0,582.2000122070312,2900,0.0,0.0
2024-08-28 10:07:00+09:00,582.2000122070312,582.2000122070312,582.0,582.2000122070312,4300,0.0,0.0
2024-08-28 10:08:00+09:00,582.2000122070312,582.2999877929688,582.2000122070312,582.2999877929688,2800,0.0,0.0
2024-08-28 10:09:00+09:00,582.2000122070312,582.2999877929688,581.7999877929688,581.7999877929688,6800,0.0,0.0
2024-08-28 10:10:00+09:00,581.7000122070312,582.0999755859375,581.2999877929688,581.5999755859375,12000,0.0,0.0
2024-08-28 10:11:00+09:00,581.5999755859375,581.9000244140625,581.5,581.5999755859375,1026200,0.0,0.0
2024-08-28 10:12:00+09:00,581.5999755859375,581.7999877929688,581.5,581.7000122070312,1700,0.0,0.0
2024-08-28 10:13:00+09:00,581.7999877929688,581.7999877929688,581.5,581.7999877929688,2700,0.0,0.0
2024-08-28 10:14:00+09:00,581.9000244140625,582.0,581.5,581.5,3000,0.0,0.0
2024-08-28 10:15:00+09:00,581.7000122070312,581.7999877929688,581.5,581.7999877929688,3400,0.0,0.0
2024-08-28 10:16:00+09:00,581.7000122070312,581.7999877929688,581.4000244140625,581.7000122070312,3500,0.0,0.0
2024-08-28 10:17:00+09:00,581.7000122070312,581.9000244140625,581.7000122070312,581.7999877929688,2200,0.0,0.0
2024-08-28 10:18:00+09:00,581.9000244140625,582.0999755859375,581.9000244140625,582.0999755859375,1900,0.0,0.0
2024-08-28 10:19:00+09:00,582.0999755859375,582.2999877929688,582.0999755859375,582.0999755859375,3800,0.0,0.0
2024-08-28 10:20:00+09:00,582.2999877929688,582.2999877929688,582.0999755859375,582.0999755859375,2000,0.0,0.0
2024-08-28 10:21:00+09:00,582.2000122070312,582.2000122070312,581.5999755859375,581.5999755859375,3600,0.0,0.0
2024-08-28 10:22:00+09:00,581.5999755859375,582.0,581.5,581.5,5500,0.0,0.0
2024-08-28 10:23:00+09:00,581.7000122070312,581.7999877929688,581.7000122070312,581.7999877929688,3500,0.0,0.0
2024-08-28 10:24:00+09:00,581.9000244140625,582.2000122070312,581.9000244140625,582.2000122070312,2800,0.0,0.0
2024-08-28 10:25:00+09:00,582.0,582.5,581.9000244140625,582.5,4000,0.0,0.0
2024-08-28 10:26:00+09:00,582.7000122070312,582.7000122070312,582.0999755859375,582.0999755859375,3700,0.0,0.0
2024-08-28 10:27:00+09:00,582.0999755859375,582.0999755859375,581.5999755859375,581.5999755859375,7800,0.0,0.0
2024-08-28 10:28:00+09:00,581.5,581.5999755859375,581.5,581.5999755859375,5400,0.0,0.0
2024-08-28 10:29:00+09:00,581.4000244140625,581.7999877929688,581.4000244140625,581.7999877929688,4900,0.0,0.0
2024-08-28 10:30:00+09:00,581.7999877929688,581.7999877929688,581.4000244140625,581.5999755859375,2500,0.0,0.0
2024-08-28 10:31:00+09:00,581.5999755859375,581.5999755859375,581.4000244140625,581.5,4000,0.0,0.0
2024-08-28 10:32:00+09:00,581.4000244140625,581.4000244140625,581.0,581.2999877929688,13500,0.0,0.0
2024-08-28 10:33:00+09:00,581.2999877929688,581.7000122070312,581.2999877929688,581.5999755859375,4500,0.0,0.0
2024-08-28 10:34:00+09:00,581.5,581.7000122070312,581.4000244140625,581.7000122070312,3700,0.0,0.0
2024-08-28 10:35:00+09:00,581.5,581.7000122070312,581.4000244140625,581.7000122070312,3900,0.0,0.0
2024-08-28 10:36:00+09:00,581.4000244140625,581.5,580.7999877929688,581.0,22600,0.0,0.0
2024-08-28 10:37:00+09:00,580.7999877929688,581.0,580.7000122070312,580.9000244140625,9900,0.0,0.0
2024-08-28 10:38:00+09:00,580.9000244140625,580.9000244140625,580.7000122070312,580.7000122070312,3200,0.0,0.0
2024-08-28 10:39:00+09:00,580.9000244140625,581.2000122070312,580.7000122070312,580.9000244140625,11400,0.0,0.0
2024-08-28 10:40:00+09:00,581.0999755859375,582.5,581.0999755859375,582.5,11100,0.0,0.0
2024-08-28 10:41:00+09:00,582.4000244140625,582.5999755859375,581.7999877929688,582.5,20700,0.0,0.0
2024-08-28 10:42:00+09:00,582.4000244140625,582.7000122070312,582.4000244140625,582.7000122070312,2400,0.0,0.0
2024-08-28 10:43:00+09:00,582.5999755859375,582.7999877929688,582.4000244140625,582.7999877929688,3300,0.0,0.0
2024-08-28 10:44:00+09:00,582.7999877929688,583.0,582.7999877929688,582.9000244140625,7700,0.0,0.0
2024-08-28 10:45:00+09:00,582.7999877929688,583.0,582.7999877929688,583.0,2200,0.0,0.0
2024-08-28 10:46:00+09:00,582.9000244140625,583.0999755859375,582.9000244140625,583.0999755859375,2000,0.0,0.0
2024-08-28 10:47:00+09:00,582.9000244140625,583.0999755859375,582.9000244140625,583.0,3400,0.0,0.0
2024-08-28 10:48:00+09:00,583.0999755859375,583.2000122070312,582.5999755859375,582.5999755859375,10400,0.0,0.0
2024-08-28 10:49:00+09:00,582.5,582.7000122070312,582.5,582.7000122070312,7300,0.0,0.0
2024-08-28 10:50:00+09:00,582.7000122070312,582.7000122070312,582.7000122070312,582.7000122070312,2600,0.0,0.0
2024-08-28 10:51:00+09:00,582.5,582.9000244140625,582.5,582.5999755859375,7800,0.0,0.0
2024-08-28 10:52:00+09:00,582.5999755859375,583.2000122070312,582.5,583.2000122070312,3600,0.0,0.0
2024-08-28 10:53:00+09:00,583.0,583.0,582.5999755859375,582.7999877929688,6600,0.0,0.0
2024-08-28 10:54:00+09:00,582.9000244140625,583.0,582.7000122070312,582.9000244140625,3100,0.0,0.0
2024-08-28 10:55:00+09:00,583.2000122070312,583.2999877929688,582.9000244140625,583.0999755859375,2300,0.0,0.0
2024-08-28 10:56:00+09:00,583.2999877929688,583.2999877929688,583.0,583.2000122070312,800,0.0,0.0
2024-08-28 10:57:00+09:00,583.2000122070312,583.4000244140625,583.2000122070312,583.4000244140625,4000,0.0,0.0
2024-08-28 10:58:00+09:00,583.4000244140625,583.4000244140625,583.2000122070312,583.4000244140625,4700,0.0,0.0
2024-08-28 10:59:00+09:00,583.4000244140625,583.4000244140625,583.0999755859375,583.0999755859375,4200,0.0,0.0
2024-08-28 11:00:00+09:00,583.0,583.0,582.7000122070312,582.7999877929688,8100,0.0,0.0
2024-08-28 11:01:00+09:00,582.9000244140625,583.0,582.5999755859375,582.7000122070312,4700,0.0,0.0
2024-08-28 11:02:00+09:00,582.7000122070312,582.7000122070312,582.5999755859375,582.7000122070312,2700,0.0,0.0
2024-08-28 11:03:00+09:00,582.7000122070312,582.7000122070312,582.5,582.5999755859375,2100,0.0,0.0
2024-08-28 11:04:00+09:00,582.5,582.7000122070312,582.5,582.5999755859375,2400,0.0,0.0
2024-08-28 11:05:00+09:00,582.5999755859375,582.7000122070312,582.5,582.7000122070312,4800,0.0,0.0
2024-08-28 11:06:00+09:00,582.7999877929688,582.7999877929688,582.5999755859375,582.7999877929688,800,0.0,0.0
2024-08-28 11:07:00+09:00,582.7999877929688,582.7999877929688,582.7000122070312,582.7000122070312,3700,0.0,0.0
2024-08-28 11:08:00+09:00,582.7999877929688,583.2000122070312,582.7999877929688,582.9000244140625,11900,0.0,0.0
2024-08-28 11:09:00+09:00,583.0999755859375,583.0999755859375,582.9000244140625,583.0999755859375,1200,0.0,0.0
2024-08-28 11:10:00+09:00,583.0999755859375,583.0999755859375,582.9000244140625,583.0999755859375,5200,0.0,0.0
2024-08-28 11:11:00+09:00,583.0999755859375,583.4000244140625,583.0999755859375,583.2999877929688,2600,0.0,0.0
2024-08-28 11:12:00+09:00,583.5,583.5999755859375,583.0999755859375,583.0999755859375,8500,0.0,0.0
2024-08-28 11:13:00+09:00,583.2000122070312,583.2000122070312,583.2000122070312,583.2000122070312,900,0.0,0.0
2024-08-28 11:14:00+09:00,583.0999755859375,583.2999877929688,583.0,583.2999877929688,5000,0.0,0.0
2024-08-28 11:15:00+09:00,583.2999877929688,583.7000122070312,583.2000122070312,583.7000122070312,4100,0.0,0.0
2024-08-28 11:16:00+09:00,583.7000122070312,584.0999755859375,583.7000122070312,583.9000244140625,6300,0.0,0.0
2024-08-28 11:17:00+09:00,584.0,584.0999755859375,583.7000122070312,583.7999877929688,4100,0.0,0.0
2024-08-28 11:18:00+09:00,583.7999877929688,584.0999755859375,583.7999877929688,583.7999877929688,1700,0.0,0.0
2024-08-28 11:19:00+09:00,583.7999877929688,583.9000244140625,583.5,583.5,4800,0.0,0.0
2024-08-28 11:20:00+09:00,583.5999755859375,583.7999877929688,583.5999755859375,583.5999755859375,5100,0.0,0.0
2024-08-28 11:21:00+09:00,583.5,583.7999877929688,583.5,583.5,5300,0.0,0.0
2024-08-28 11:22:00+09:00,583.4000244140625,583.4000244140625,583.0999755859375,583.0999755859375,1600,0.0,0.0
2024-08-28 11:23:00+09:00,583.0,583.0999755859375,582.9000244140625,582.9000244140625,8200,0.0,0.0
2024-08-28 11:24:00+09:00,583.0,583.0999755859375,582.9000244140625,582.9000244140625,2200,0.0,0.0
2024-08-28 11:25:00+09:00,583.0999755859375,583.0999755859375,582.9000244140625,583.0,600,0.0,0.0
2024-08-28 11:26:00+09:00,583.0,583.0,582.7999877929688,582.7999877929688,3700,0.0,0.0
2024-08-28 11:27:00+09:00,582.7000122070312,582.9000244140625,582.7000122070312,582.9000244140625,2500,0.0,0.0
2024-08-28 11:28:00+09:00,583.0,583.5999755859375,583.0,583.5999755859375,16500,0.0,0.0
2024-08-28 11:29:00+09:00,583.2999877929688,583.9000244140625,583.2999877929688,583.7000122070312,3500,0.0,0.0
2024-08-28 11:30:00+09:00,583.9000244140625,583.9000244140625,583.9000244140625,583.9000244140625,2000,0.0,0.0
2024-08-28 11:35:00+09:00,583.9000244140625,583.9000244140625,583.9000244140625,583.9000244140625,0,0.0,0.0
2024-08-28 12:30:00+09:00,582.2000122070312,583.5999755859375,581.2999877929688,581.7000122070312,1491100,0.0,0.0
2024-08-28 12:31:00+09:00,581.7000122070312,581.9000244140625,581.5999755859375,581.7999877929688,7900,0.0,0.0
2024-08-28 12:32:00+09:00,582.0,582.0999755859375,581.5999755859375,581.9000244140625,7000,0.0,0.0
2024-08-28 12:33:00+09:00,581.9000244140625,582.2999877929688,581.9000244140625,582.0999755859375,1509900,0.0,0.0
2024-08-28 12:34:00+09:00,582.2999877929688,582.2999877929688,582.2000122070312,582.2999877929688,1400,0.0,0.0
2024-08-28 12:35:00+09:00,582.2999877929688,582.2999877929688,581.9000244140625,582.0999755859375,9600,0.0,0.0
2024-08-28 12:36:00+09:00,582.0999755859375,582.2000122070312,582.0,582.2000122070312,2000,0.0,0.0
2024-08-28 12:37:00+09:00,582.2000122070312,582.2000122070312,581.9000244140625,582.0999755859375,12700,0.0,0.0
2024-08-28 12:38:00+09:00,582.0999755859375,582.2999877929688,582.0,582.0,3300,0.0,0.0
2024-08-28 12:39:00+09:00,582.2999877929688,582.4000244140625,582.0999755859375,582.2999877929688,5900,0.0,0.0
2024-08-28 12:40:00+09:00,582.2999877929688,582.4000244140625,582.2000122070312,582.2000122070312,2700,0.0,0.0
2024-08-28 12:41:00+09:00,582.2999877929688,582.2999877929688,582.0999755859375,582.2000122070312,2300,0.0,0.0
2024-08-28 12:42:00+09:00,582.2999877929688,582.2999877929688,582.0,582.2999877929688,6000,0.0,0.0
2024-08-28 12:43:00+09:00,582.2999877929688,582.2999877929688,582.0,582.2000122070312,5700,0.0,0.0
2024-08-28 12:44:00+09:00,582.2000122070312,582.2999877929688,582.2000122070312,582.2000122070312,4000,0.0,0.0
2024-08-28 12:45:00+09:00,582.2999877929688,582.2999877929688,581.5999755859375,581.7000122070312,17400,0.0,0.0
2024-08-28 12:46:00+09:00,581.5999755859375,581.5999755859375,581.5,581.5,1800,0.0,0.0
2024-08-28 12:47:00+09:00,581.5999755859375,581.7000122070312,581.5,581.5999755859375,6700,0.0,0.0
2024-08-28 12:48:00+09:00,581.5999755859375,581.5999755859375,581.0999755859375,581.0999755859375,14100,0.0,0.0
2024-08-28 12:49:00+09:00,581.2999877929688,581.2999877929688,581.0999755859375,581.0999755859375,1300,0.0,0.0
2024-08-28 12:50:00+09:00,581.0999755859375,581.2999877929688,580.7000122070312,581.0999755859375,34900,0.0,0.0
2024-08-28 12:51:00+09:00,581.2000122070312,581.5,581.2000122070312,581.5,7200,0.0,0.0
2024-08-28 12:52:00+09:00,581.5999755859375,581.7999877929688,581.4000244140625,581.7999877929688,3600,0.0,0.0
2024-08-28 12:53:00+09:00,581.7000122070312,581.7999877929688,581.5,581.7999877929688,11000,0.0,0.0
2024-08-28 12:54:00+09:00,581.9000244140625,582.0,581.7999877929688,582.0,2900,0.0,0.0
2024-08-28 12:55:00+09:00,581.9000244140625,582.0,581.0,581.4000244140625,18600,0.0,0.0
2024-08-28 12:56:00+09:00,581.2000122070312,581.7000122070312,581.0999755859375,581.2999877929688,8700,0.0,0.0
2024-08-28 12:57:00+09:00,581.4000244140625,581.4000244140625,581.0999755859375,581.0999755859375,4800,0.0,0.0
2024-08-28 12:58:00+09:00,581.0999755859375,581.4000244140625,581.0,581.4000244140625,14600,0.0,0.0
2024-08-28 12:59:00+09:00,581.2999877929688,581.4000244140625,581.2999877929688,581.4000244140625,3700,0.0,0.0
2024-08-28 13:00:00+09:00,581.4000244140625,581.7000122070312,581.2999877929688,581.7000122070312,8000,0.0,0.0
2024-08-28 13:01:00+09:00,581.7000122070312,581.7000122070312,581.5999755859375,581.7000122070312,2000,0.0,0.0
2024-08-28 13:02:00+09:00,581.7000122070312,582.0,581.7000122070312,582.0,10700,0.0,0.0
2024-08-28 13:03:00+09:00,582.0999755859375,582.2000122070312,582.0,582.2000122070312,2800,0.0,0.0
2024-08-28 13:04:00+09:00,582.2000122070312,582.2000122070312,582.0,582.0999755859375,3300,0.0,0.0
2024-08-28 13:05:00+09:00,582.0,582.0,581.7999877929688,581.7999877929688,3200,0.0,0.0
2024-08-28 13:06:00+09:00,581.9000244140625,581.9000244140625,581.7000122070312,581.7999877929688,4100,0.0,0.0
2024-08-28 13:07:00+09:00,581.7000122070312,581.7999877929688,581.4000244140625,581.4000244140625,15400,0.0,0.0
2024-08-28 13:08:00+09:00,581.5999755859375,581.9000244140625,581.5999755859375,581.9000244140625,9400,0.0,0.0
2024-08-28 13:09:00+09:00,581.9000244140625,582.0999755859375,581.7999877929688,581.7999877929688,9000,0.0,0.0
2024-08-28 13:10:00+09:00,581.9000244140625,581.9000244140625,581.5,581.7999877929688,15100,0.0,0.0
2024-08-28 13:11:00+09:00,581.9000244140625,581.9000244140625,581.7999877929688,581.9000244140625,6600,0.0,0.0
2024-08-28 13:12:00+09:00,582.0,582.0999755859375,581.9000244140625,582.0999755859375,3000,0.0,0.0
2024-08-28 13:13:00+09:00,582.0999755859375,582.0999755859375,582.0,582.0,1700,0.0,0.0
2024-08-28 13:14:00+09:00,582.0,582.0999755859375,581.5999755859375,581.7000122070312,5900,0.0,0.0
2024-08-28 13:15:00+09:00,581.7000122070312,581.9000244140625,581.7000122070312,581.9000244140625,6500,0.0,0.0
2024-08-28 13:16:00+09:00,581.9000244140625,582.0,581.7999877929688,581.7999877929688,2200,0.0,0.0
2024-08-28 13:17:00+09:00,582.0,582.0,581.9000244140625,582.0,6500,0.0,0.0
2024-08-28 13:18:00+09:00,582.0,582.2000122070312,581.9000244140625,582.0,2500,0.0,0.0
2024-08-28 13:19:00+09:00,582.0999755859375,582.2000122070312,582.0999755859375,582.2000122070312,4400,0.0,0.0
2024-08-28 13:20:00+09:00,582.2999877929688,582.2999877929688,581.7000122070312,581.7000122070312,15100,0.0,0.0
2024-08-28 13:21:00+09:00,581.7000122070312,581.7999877929688,581.7000122070312,581.7000122070312,2300,0.0,0.0
2024-08-28 13:22:00+09:00,581.9000244140625,581.9000244140625,581.5999755859375,581.5999755859375,10700,0.0,0.0
2024-08-28 13:23:00+09:00,581.5999755859375,581.7000122070312,581.5,581.5,4800,0.0,0.0
2024-08-28 13:24:00+09:00,581.7000122070312,581.7000122070312,581.4000244140625,581.4000244140625,7300,0.0,0.0
2024-08-28 13:25:00+09:00,581.5,581.5,581.2000122070312,581.2999877929688,4000,0.0,0.0
2024-08-28 13:26:00+09:00,581.5,581.7999877929688,581.2999877929688,581.5999755859375,3900,0.0,0.0
2024-08-28 13:27:00+09:00,581.7000122070312,581.7999877929688,581.5999755859375,581.7000122070312,3700,0.0,0.0
2024-08-28 13:28:00+09:00,581.5,581.7999877929688,581.5,581.5,4200,0.0,0.0
2024-08-28 13:29:00+09:00,581.7000122070312,581.9000244140625,581.5999755859375,581.7999877929688,6900,0.0,0.0
2024-08-28 13:30:00+09:00,581.7999877929688,581.7999877929688,581.2999877929688,581.7000122070312,10700,0.0,0.0
2024-08-28 13:31:00+09:00,581.5999755859375,581.7999877929688,581.5999755859375,581.7999877929688,2700,0.0,0.0
2024-08-28 13:32:00+09:00,581.7000122070312,581.7000122070312,581.5,581.5,2300,0.0,0.0
2024-08-28 13:33:00+09:00,581.7000122070312,581.9000244140625,581.7000122070312,581.9000244140625,7200,0.0,0.0
2024-08-28 13:34:00+09:00,581.9000244140625,581.9000244140625,581.7000122070312,581.7000122070312,1100,0.0,0.0
2024-08-28 13:35:00+09:00,581.7000122070312,581.7999877929688,581.7000122070312,581.7999877929688,1600,0.0,0.0
2024-08-28 13:36:00+09:00,581.7000122070312,581.7000122070312,581.5999755859375,581.5999755859375,2700,0.0,0.0
2024-08-28 13:37:00+09:00,581.5999755859375,581.7999877929688,581.5999755859375,581.7999877929688,11300,0.0,0.0
2024-08-28 13:38:00+09:00,581.7999877929688,581.7999877929688,581.5999755859375,581.7000122070312,3900,0.0,0.0
2024-08-28 13:39:00+09:00,581.7999877929688,581.9000244140625,581.7999877929688,581.7999877929688,6300,0.0,0.0
2024-08-28 13:40:00+09:00,581.7000122070312,581.9000244140625,581.7000122070312,581.9000244140625,800,0.0,0.0
2024-08-28 13:41:00+09:00,581.9000244140625,581.9000244140625,581.7000122070312,581.7000122070312,1600,0.0,0.0
2024-08-28 13:42:00+09:00,581.7000122070312,581.7000122070312,581.7000122070312,581.7000122070312,1600,0.0,0.0
2024-08-28 13:43:00+09:00,581.7999877929688,581.9000244140625,581.7000122070312,581.7999877929688,12200,0.0,0.0
2024-08-28 13:44:00+09:00,581.9000244140625,581.9000244140625,581.7999877929688,581.9000244140625,1600,0.0,0.0
2024-08-28 13:45:00+09:00,581.7000122070312,581.7999877929688,581.5,581.5999755859375,14300,0.0,0.0
2024-08-28 13:46:00+09:00,581.7000122070312,581.7999877929688,581.5,581.5,4600,0.0,0.0
2024-08-28 13:47:00+09:00,581.7000122070312,581.7000122070312,581.5,581.7000122070312,400,0.0,0.0
2024-08-28 13:48:00+09:00,581.7000122070312,581.7999877929688,581.5999755859375,581.5999755859375,5200,0.0,0.0
2024-08-28 13:49:00+09:00,581.5999755859375,581.5999755859375,581.4000244140625,581.4000244140625,6400,0.0,0.0
2024-08-28 13:50:00+09:00,581.5,581.5,581.2999877929688,581.4000244140625,3500,0.0,0.0
2024-08-28 13:51:00+09:00,581.4000244140625,581.9000244140625,581.2999877929688,581.9000244140625,14200,0.0,0.0
2024-08-28 13:52:00+09:00,581.9000244140625,582.0,581.7999877929688,582.0,3200,0.0,0.0
2024-08-28 13:53:00+09:00,582.0,582.0,581.5,581.5999755859375,8500,0.0,0.0
2024-08-28 13:54:00+09:00,581.7999877929688,581.9000244140625,581.7000122070312,581.7999877929688,3800,0.0,0.0
2024-08-28 13:55:00+09:00,581.5999755859375,581.7000122070312,581.4000244140625,581.4000244140625,7100,0.0,0.0
2024-08-28 13:56:00+09:00,581.4000244140625,581.5,581.4000244140625,581.4000244140625,8800,0.0,0.0
2024-08-28 13:57:00+09:00,581.4000244140625,581.5,581.2999877929688,581.5,4600,0.0,0.0
2024-08-28 13:58:00+09:00,581.5999755859375,581.5999755859375,581.2000122070312,581.2999877929688,6400,0.0,0.0
2024-08-28 13:59:00+09:00,581.2999877929688,581.2999877929688,581.2000122070312,581.2000122070312,7200,0.0,0.0
2024-08-28 14:00:00+09:00,581.2000122070312,581.2000122070312,581.0999755859375,581.0999755859375,3200,0.0,0.0
2024-08-28 14:01:00+09:00,581.0999755859375,581.2000122070312,581.0,581.2000122070312,22400,0.0,0.0
2024-08-28 14:02:00+09:00,581.2999877929688,581.2999877929688,581.0999755859375,581.2999877929688,2100500,0.0,0.0
2024-08-28 14:03:00+09:00,581.2000122070312,581.2000122070312,581.2000122070312,581.2000122070312,1600,0.0,0.0
2024-08-28 14:04:00+09:00,581.2000122070312,581.2999877929688,580.9000244140625,581.2999877929688,18900,0.0,0.0
2024-08-28 14:05:00+09:00,581.0,581.0999755859375,580.9000244140625,581.0999755859375,4800,0.0,0.0
2024-08-28 14:06:00+09:00,581.2000122070312,581.2000122070312,581.0,581.0,3300,0.0,0.0
2024-08-28 14:07:00+09:00,581.0,581.0999755859375,581.0,581.0,17400,0.0,0.0
2024-08-28 14:08:00+09:00,580.9000244140625,581.0,580.9000244140625,580.9000244140625,1400,0.0,0.0
2024-08-28 14:09:00+09:00,581.0,581.0,580.7999877929688,580.7999877929688,13400,0.0,0.0
2024-08-28 14:10:00+09:00,580.7000122070312,580.7999877929688,580.5999755859375,580.5999755859375,9000,0.0,0.0
2024-08-28 14:11:00+09:00,580.5999755859375,580.7999877929688,580.5999755859375,580.7999877929688,9000,0.0,0.0
2024-08-28 14:12:00+09:00,580.9000244140625,581.0999755859375,580.9000244140625,581.0,9000,0.0,0.0
2024-08-28 14:13:00+09:00,580.9000244140625,580.9000244140625,580.7000122070312,580.7999877929688,10000,0.0,0.0
2024-08-28 14:14:00+09:00,580.7999877929688,580.9000244140625,580.7000122070312,580.9000244140625,1200,0.0,0.0
2024-08-28 14:15:00+09:00,580.7999877929688,581.0,580.5,580.7000122070312,12700,0.0,0.0
2024-08-28 14:16:00+09:00,580.5,580.7000122070312,580.5,580.5999755859375,2500,0.0,0.0
2024-08-28 14:17:00+09:00,580.5999755859375,581.0999755859375,580.5,581.0999755859375,14900,0.0,0.0
2024-08-28 14:18:00+09:00,581.0,581.0999755859375,581.0,581.0,3200,0.0,0.0
2024-08-28 14:19:00+09:00,581.0999755859375,581.2000122070312,581.0,581.2000122070312,6300,0.0,0.0
2024-08-28 14:20:00+09:00,581.0999755859375,581.2000122070312,581.0,581.0,10700,0.0,0.0
2024-08-28 14:21:00+09:00,581.0999755859375,581.2000122070312,580.9000244140625,580.9000244140625,11600,0.0,0.0
2024-08-28 14:22:00+09:00,581.0,581.2000122070312,581.0,581.2000122070312,5600,0.0,0.0
2024-08-28 14:23:00+09:00,581.0999755859375,581.2000122070312,581.0,581.2000122070312,2273500,0.0,0.0
2024-08-28 14:24:00+09:00,581.0999755859375,581.4000244140625,581.0999755859375,581.4000244140625,12600,0.0,0.0
2024-08-28 14:25:00+09:00,581.5,581.5999755859375,581.4000244140625,581.5999755859375,8300,0.0,0.0
2024-08-28 14:26:00+09:00,581.5999755859375,581.5999755859375,581.5,581.5,2500,0.0,0.0
2024-08-28 14:27:00+09:00,581.5999755859375,581.5999755859375,581.0,581.0999755859375,13200,0.0,0.0
2024-08-28 14:28:00+09:00,581.0999755859375,581.2000122070312,581.0,581.0999755859375,3700,0.0,0.0
2024-08-28 14:29:00+09:00,581.0,581.2999877929688,581.0,581.2000122070312,8300,0.0,0.0
2024-08-28 14:30:00+09:00,581.2999877929688,581.4000244140625,581.2000122070312,581.2999877929688,17300,0.0,0.0
2024-08-28 14:31:00+09:00,581.2000122070312,581.2000122070312,581.0999755859375,581.0999755859375,6000,0.0,0.0
2024-08-28 14:32:00+09:00,581.0,581.2000122070312,580.7999877929688,581.2000122070312,25100,0.0,0.0
2024-08-28 14:33:00+09:00,581.2999877929688,581.2999877929688,581.0999755859375,581.2999877929688,4400,0.0,0.0
2024-08-28 14:34:00+09:00,581.2000122070312,581.7000122070312,581.2000122070312,581.5999755859375,14100,0.0,0.0
2024-08-28 14:35:00+09:00,581.4000244140625,581.5999755859375,581.2000122070312,581.2999877929688,10300,0.0,0.0
2024-08-28 14:36:00+09:00,581.2999877929688,581.5999755859375,581.2000122070312,581.5999755859375,9100,0.0,0.0
2024-08-28 14:37:00+09:00,581.7000122070312,581.7000122070312,581.2999877929688,581.2999877929688,8400,0.0,0.0
2024-08-28 14:38:00+09:00,581.2999877929688,581.4000244140625,581.2000122070312,581.2000122070312,6400,0.0,0.0
2024-08-28 14:39:00+09:00,581.4000244140625,581.7000122070312,581.2000122070312,581.7000122070312,10000,0.0,0.0
2024-08-28 14:40:00+09:00,581.5999755859375,581.7999877929688,581.5,581.5,6400,0.0,0.0
2024-08-28 14:41:00+09:00,581.5999755859375,581.7999877929688,581.4000244140625,581.5999755859375,12800,0.0,0.0
2024-08-28 14:42:00+09:00,581.7999877929688,581.7999877929688,581.4000244140625,581.7000122070312,7200,0.0,0.0
2024-08-28 14:43:00+09:00,581.7999877929688,582.0999755859375,581.2999877929688,581.2999877929688,33100,0.0,0.0
2024-08-28 14:44:00+09:00,581.2000122070312,581.7000122070312,581.0999755859375,581.5,15500,0.0,0.0
2024-08-28 14:45:00+09:00,581.5,581.7999877929688,581.4000244140625,581.7999877929688,9400,0.0,0.0
2024-08-28 14:46:00+09:00,581.7000122070312,581.7000122070312,581.4000244140625,581.5999755859375,10000,0.0,0.0
2024-08-28 14:47:00+09:00,581.7000122070312,581.9000244140625,581.5999755859375,581.5999755859375,10900,0.0,0.0
2024-08-28 14:48:00+09:00,581.5999755859375,581.7999877929688,581.5,581.5999755859375,15000,0.0,0.0
2024-08-28 14:49:00+09:00,581.4000244140625,581.5999755859375,581.2000122070312,581.2000122070312,9400,0.0,0.0
2024-08-28 14:50:00+09:00,581.2999877929688,581.2999877929688,581.0,581.0999755859375,16700,0.0,0.0
2024-08-28 14:51:00+09:00,581.0999755859375,581.5,581.0,581.5,17900,0.0,0.0
2024-08-28 14:52:00+09:00,581.4000244140625,581.5,581.2000122070312,581.2000122070312,8800,0.0,0.0
2024-08-28 14:53:00+09:00,581.4000244140625,581.5999755859375,581.2000122070312,581.5999755859375,18900,0.0,0.0
2024-08-28 14:54:00+09:00,581.5999755859375,581.5999755859375,581.4000244140625,581.5999755859375,7800,0.0,0.0
2024-08-28 14:55:00+09:00,581.5999755859375,581.7000122070312,581.2999877929688,581.5,16300,0.0,0.0
2024-08-28 14:56:00+09:00,581.5,581.7000122070312,581.4000244140625,581.5,16500,0.0,0.0
2024-08-28 14:57:00+09:00,581.5999755859375,581.9000244140625,581.5999755859375,581.7000122070312,21400,0.0,0.0
2024-08-28 14:58:00+09:00,581.7000122070312,582.0,581.7000122070312,582.0,18200,0.0,0.0
2024-08-28 14:59:00+09:00,581.9000244140625,582.2000122070312,581.0999755859375,582.0,25800,0.0,0.0
2024-08-29 09:00:00+09:00,582.5,582.9000244140625,580.5,580.5999755859375,68200,0.0,0.0
2024-08-29 09:01:00+09:00,580.5999755859375,581.2000122070312,580.5,580.5,3500,0.0,0.0
2024-08-29 09:02:00+09:00,581.0,581.5,580.7000122070312,581.2000122070312,8100,0.0,0.0
2024-08-29 09:03:00+09:00,580.7000122070312,581.0999755859375,580.4000244140625,580.7999877929688,6500,0.0,0.0
2024-08-29 09:04:00+09:00,580.5999755859375,580.7999877929688,580.2999877929688,580.4000244140625,5300,0.0,0.0
2024-08-29 09:05:00+09:00,580.7999877929688,581.5999755859375,580.7999877929688,581.5999755859375,4200,0.0,0.0
2024-08-29 09:06:00+09:00,581.7000122070312,582.0999755859375,581.4000244140625,581.4000244140625,8500,0.0,0.0
2024-08-29 09:07:00+09:00,581.7000122070312,581.9000244140625,581.2999877929688,581.5,2500,0.0,0.0
2024-08-29 09:08:00+09:00,581.4000244140625,582.2000122070312,581.4000244140625,582.0999755859375,4900,0.0,0.0
2024-08-29 09:09:00+09:00,581.7999877929688,582.2999877929688,581.4000244140625,582.2999877929688,6900,0.0,0.0
2024-08-29 09:10:00+09:00,582.2999877929688,582.4000244140625,581.7999877929688,581.7999877929688,9000,0.0,0.0
2024-08-29 09:11:00+09:00,581.7000122070312,581.7999877929688,581.5999755859375,581.7999877929688,1200,0.0,0.0
2024-08-29 09:12:00+09:00,581.7999877929688,581.9000244140625,581.5,581.9000244140625,2100,0.0,0.0
2024-08-29 09:13:00+09:00,581.5999755859375,582.0999755859375,581.2999877929688,582.0999755859375,7500,0.0,0.0
2024-08-29 09:14:00+09:00,581.9000244140625,582.5,581.9000244140625,582.0999755859375,1600,0.0,0.0
2024-08-29 09:15:00+09:00,582.0999755859375,582.2999877929688,581.7999877929688,581.9000244140625,1400,0.0,0.0
2024-08-29 09:16:00+09:00,582.0,582.2000122070312,581.9000244140625,581.9000244140625,900,0.0,0.0
2024-08-29 09:17:00+09:00,581.9000244140625,582.5999755859375,581.9000244140625,582.5999755859375,7100,0.0,0.0
2024-08-29 09:18:00+09:00,582.5,582.9000244140625,582.4000244140625,582.4000244140625,2100,0.0,0.0
2024-08-29 09:19:00+09:00,582.4000244140625,582.4000244140625,582.2000122070312,582.2000122070312,1400,0.0,0.0
2024-08-29 09:20:00+09:00,582.0999755859375,582.0999755859375,581.0,581.0,25900,0.0,0.0
2024-08-29 09:21:00+09:00,581.0999755859375,581.0999755859375,580.7000122070312,580.9000244140625,2500,0.0,0.0
2024-08-29 09:22:00+09:00,580.5999755859375,580.5999755859375,579.4000244140625,580.2999877929688,121500,0.0,0.0
2024-08-29 09:23:00+09:00,580.0,580.9000244140625,579.5999755859375,580.5999755859375,6300,0.0,0.0
2024-08-29 09:24:00+09:00,580.7999877929688,580.7999877929688,580.4000244140625,580.7000122070312,4700,0.0,0.0
2024-08-29 09:25:00+09:00,580.7000122070312,580.7999877929688,580.0,580.5999755859375,8900,0.0,0.0
2024-08-29 09:26:00+09:00,580.2999877929688,580.5,580.0999755859375,580.0999755859375,800,0.0,0.0
2024-08-29 09:27:00+09:00,580.4000244140625,580.7000122070312,580.4000244140625,580.7000122070312,3500,0.0,0.0
2024-08-29 09:28:00+09:00,580.5999755859375,580.5999755859375,580.0999755859375,580.5999755859375,9800,0.0,0.0
2024-08-29 09:29:00+09:00,580.4000244140625,580.5,580.2999877929688,580.2999877929688,1000,0.0,0.0
2024-08-29 09:30:00+09:00,580.5,580.5,579.7999877929688,579.7999877929688,10800,0.0,0.0
2024-08-29 09:31:00+09:00,579.7000122070312,579.7000122070312,579.0999755859375,579.2999877929688,7100,0.0,0.0
2024-08-29 09:32:00+09:00,579.2000122070312,579.2000122070312,578.0,578.2999877929688,29000,0.0,0.0
2024-08-29 09:33:00+09:00,578.2000122070312,578.7000122070312,578.0999755859375,578.7000122070312,7200,0.0,0.0
2024-08-29 09:34:00+09:00,578.5,579.0,578.5,578.7999877929688,6800,0.0,0.0
2024-08-29 09:35:00+09:00,578.7999877929688,579.0,578.5,579.0,9400,0.0,0.0
2024-08-29 09:36:00+09:00,578.7000122070312,578.7000122070312,578.2999877929688,578.5999755859375,8800,0.0,0.0
2024-08-29 09:37:00+09:00,578.2999877929688,578.7000122070312,578.2999877929688,578.2999877929688,1700,0.0,0.0
2024-08-29 09:38:00+09:00,578.4000244140625,578.7999877929688,578.2999877929688,578.4000244140625,6600,0.0,0.0
2024-08-29 09:39:00+09:00,578.4000244140625,578.5,578.2000122070312,578.2000122070312,10600,0.0,0.0
2024-08-29 09:40:00+09:00,578.2999877929688,578.5,578.0999755859375,578.2000122070312,3500,0.0,0.0
2024-08-29 09:41:00+09:00,578.2000122070312,578.7000122070312,578.0999755859375,578.7000122070312,8100,0.0,0.0
2024-08-29 09:42:00+09:00,578.7000122070312,579.0999755859375,578.7000122070312,579.0,4300,0.0,0.0
2024-08-29 09:43:00+09:00,578.9000244140625,579.0,578.7999877929688,579.0,400,0.0,0.0
2024-08-29 09:44:00+09:00,578.7999877929688,579.5999755859375,578.7999877929688,579.5999755859375,9200,0.0,0.0
2024-08-29 09:45:00+09:00,579.5999755859375,580.0999755859375,579.4000244140625,579.4000244140625,11600,0.0,0.0
2024-08-29 09:46:00+09:00,579.5999755859375,580.7000122070312,579.5999755859375,580.7000122070312,7000,0.0,0.0
2024-08-29 09:47:00+09:00,580.5999755859375,581.0999755859375,580.4000244140625,580.5999755859375,21800,0.0,0.0
2024-08-29 09:48:00+09:00,580.5999755859375,581.0,580.5,580.5,6500,0.0,0.0
2024-08-29 09:49:00+09:00,580.4000244140625,580.4000244140625,579.7000122070312,579.9000244140625,5200,0.0,0.0
2024-08-29 09:50:00+09:00,579.7999877929688,580.0999755859375,579.5999755859375,580.0999755859375,3800,0.0,0.0
2024-08-29 09:51:00+09:00,580.0999755859375,580.2000122070312,579.7999877929688,579.7999877929688,1300,0.0,0.0
2024-08-29 09:52:00+09:00,580.0,580.0999755859375,579.7999877929688,580.0999755859375,2800,0.0,0.0
2024-08-29 09:53:00+09:00,580.0,580.0,579.9000244140625,579.9000244140625,4200,0.0,0.0
2024-08-29 09:54:00+09:00,579.7999877929688,579.7999877929688,579.0999755859375,579.0999755859375,5100,0.0,0.0
2024-08-29 09:55:00+09:00,579.0,579.0999755859375,579.0,579.0999755859375,5700,0.0,0.0
2024-08-29 09:56:00+09:00,579.2999877929688,579.5,579.2000122070312,579.2000122070312,5300,0.0,0.0
2024-08-29 09:57:00+09:00,579.2000122070312,579.4000244140625,579.0999755859375,579.0999755859375,4200,0.0,0.0
2024-08-29 09:58:00+09:00,579.0,579.2000122070312,578.7999877929688,579.0,6800,0.0,0.0
2024-08-29 09:59:00+09:00,579.2000122070312,579.2999877929688,579.0,579.2000122070312,3000,0.0,0.0
2024-08-29 10:00:00+09:00,579.2999877929688,579.4000244140625,579.0999755859375,579.0999755859375,4200,0.0,0.0
2024-08-29 10:01:00+09:00,579.0,579.0,578.5,578.7000122070312,12300,0.0,0.0
2024-08-29 10:02:00+09:00,578.7000122070312,578.9000244140625,578.5,578.7999877929688,5000,0.0,0.0
2024-08-29 10:03:00+09:00,578.5999755859375,578.7999877929688,578.5,578.5999755859375,3800,0.0,0.0
2024-08-29 10:04:00+09:00,578.7999877929688,579.0,578.7000122070312,578.7000122070312,3300,0.0,0.0
2024-08-29 10:05:00+09:00,578.7000122070312,579.0,578.5999755859375,578.7000122070312,2300,0.0,0.0
2024-08-29 10:06:00+09:00,579.0,579.2000122070312,578.7999877929688,579.2000122070312,2100,0.0,0.0
2024-08-29 10:07:00+09:00,579.0999755859375,579.2000122070312,578.7999877929688,578.9000244140625,3900,0.0,0.0
2024-08-29 10:08:00+09:00,579.0,579.0,578.7000122070312,578.7000122070312,3800,0.0,0.0
2024-08-29 10:09:00+09:00,578.7999877929688,578.7999877929688,578.5,578.7000122070312,4600,0.0,0.0
2024-08-29 10:10:00+09:00,578.7999877929688,579.0999755859375,578.7000122070312,579.0999755859375,2500,0.0,0.0
2024-08-29 10:11:00+09:00,578.7999877929688,579.0,578.7000122070312,578.7000122070312,4000,0.0,0.0
2024-08-29 10:12:00+09:00,578.7999877929688,579.0,578.7000122070312,578.7000122070312,1400,0.0,0.0
2024-08-29 10:13:00+09:00,578.9000244140625,579.4000244140625,578.7000122070312,579.0999755859375,4300,0.0,0.0
2024-08-29 10:14:00+09:00,579.0999755859375,579.0999755859375,579.0,579.0,1800,0.0,0.0
2024-08-29 10:15:00+09:00,579.0999755859375,579.0999755859375,578.7999877929688,578.9000244140625,5300,0.0,0.0
2024-08-29 10:16:00+09:00,579.0,579.2000122070312,579.0,579.0999755859375,4600,0.0,0.0
2024-08-29 10:17:00+09:00,579.2000122070312,579.2000122070312,579.0,579.0,900,0.0,0.0
2024-08-29 10:18:00+09:00,579.0,579.2999877929688,579.0,579.2000122070312,2700,0.0,0.0
2024-08-29 10:19:00+09:00,579.2999877929688,579.7000122070312,579.2000122070312,579.7000122070312,4200,0.0,0.0
2024-08-29 10:20:00+09:00,579.7000122070312,579.7999877929688,579.5999755859375,579.5999755859375,1200,0.0,0.0
2024-08-29 10:21:00+09:00,579.5999755859375,579.7000122070312,579.5,579.7000122070312,3400,0.0,0.0
2024-08-29 10:22:00+09:00,579.7000122070312,579.7999877929688,579.5,579.7999877929688,1900,0.0,0.0
2024-08-29 10:23:00+09:00,579.5999755859375,579.5999755859375,579.4000244140625,579.4000244140625,900,0.0,0.0
2024-08-29 10:24:00+09:00,579.5,579.7999877929688,579.5,579.7999877929688,3600,0.0,0.0
2024-08-29 10:25:00+09:00,579.7999877929688,579.7999877929688,579.5999755859375,579.7999877929688,1200,0.0,0.0
2024-08-29 10:26:00+09:00,579.7000122070312,579.7000122070312,579.5999755859375,579.5999755859375,1100,0.0,0.0
2024-08-29 10:27:00+09:00,579.5999755859375,579.7999877929688,579.5,579.7000122070312,2100,0.0,0.0
2024-08-29 10:28:00+09:00,579.7000122070312,579.7000122070312,579.2999877929688,579.2999877929688,4200,0.0,0.0
2024-08-29 10:29:00+09:00,579.5,579.5,579.2000122070312,579.2999877929688,2300,0.0,0.0
2024-08-29 10:30:00+09:00,579.2000122070312,579.4000244140625,579.0999755859375,579.2999877929688,7300,0.0,0.0
2024-08-29 10:31:00+09:00,579.2000122070312,579.4000244140625,579.2000122070312,579.2000122070312,2800,0.0,0.0
2024-08-29 10:32:00+09:00,579.2000122070312,579.2000122070312,579.0,579.0,9000,0.0,0.0
2024-08-29 10:33:00+09:00,579.0,579.0,579.0,579.0,1600,0.0,0.0
2024-08-29 10:34:00+09:00,579.0,579.0,578.7000122070312,578.7000122070312,1700,0.0,0.0
2024-08-29 10:35:00+09:00,578.7000122070312,578.7999877929688,578.7000122070312,578.7999877929688,3700,0.0,0.0
2024-08-29 10:36:00+09:00,578.7000122070312,578.9000244140625,578.7000122070312,578.7999877929688,2400,0.0,0.0
2024-08-29 10:37:00+09:00,578.7999877929688,579.0999755859375,578.7000122070312,579.0999755859375,14100,0.0,0.0
2024-08-29 10:38:00+09:00,579.0,579.2999877929688,579.0,579.2999877929688,2700,0.0,0.0
2024-08-29 10:39:00+09:00,579.4000244140625,579.4000244140625,579.0,579.0999755859375,4100,0.0,0.0
2024-08-29 10:40:00+09:00,579.0999755859375,579.7999877929688,579.0999755859375,579.5,4800,0.0,0.0
2024-08-29 10:41:00+09:00,579.5,579.5,579.0,579.2999877929688,11700,0.0,0.0
2024-08-29 10:42:00+09:00,579.5,579.9000244140625,579.2999877929688,579.5,6000,0.0,0.0
2024-08-29 10:43:00+09:00,579.5,579.5,579.5,579.5,1600,0.0,0.0
2024-08-29 10:44:00+09:00,579.5999755859375,579.7000122070312,579.5,579.5999755859375,3900,0.0,0.0
2024-08-29 10:45:00+09:00,579.5999755859375,579.7999877929688,579.5,579.7000122070312,1400,0.0,0.0
2024-08-29 10:46:00+09:00,579.9000244140625,579.9000244140625,579.7000122070312,579.7000122070312,1600,0.0,0.0
2024-08-29 10:47:00+09:00,579.7000122070312,579.7999877929688,579.7000122070312,579.7000122070312,1300,0.0,0.0
2024-08-29 10:48:00+09:00,579.7999877929688,580.4000244140625,579.7999877929688,580.4000244140625,9900,0.0,0.0
2024-08-29 10:49:00+09:00,580.2000122070312,580.2999877929688,580.0999755859375,580.2999877929688,900,0.0,0.0
2024-08-29 10:50:00+09:00,580.0999755859375,580.0999755859375,579.5,579.7000122070312,12100,0.0,0.0
2024-08-29 10:51:00+09:00,579.7999877929688,579.7999877929688,579.5,579.5,770100,0.0,0.0
2024-08-29 10:52:00+09:00,579.5,579.5,579.0999755859375,579.0999755859375,4700,0.0,0.0
2024-08-29 10:53:00+09:00,579.0999755859375,579.0999755859375,578.5999755859375,578.5999755859375,4700,0.0,0.0
2024-08-29 10:54:00+09:00,578.5999755859375,578.5999755859375,578.2999877929688,578.2999877929688,4700,0.0,0.0
2024-08-29 10:55:00+09:00,578.2000122070312,578.4000244140625,578.2000122070312,578.4000244140625,3800,0.0,0.0
2024-08-29 10:56:00+09:00,578.5,578.5999755859375,578.4000244140625,578.4000244140625,2000,0.0,0.0
2024-08-29 10:57:00+09:00,578.5999755859375,578.5999755859375,578.5,578.5,1100,0.0,0.0
2024-08-29 10:58:00+09:00,578.4000244140625,578.5,578.2999877929688,578.2999877929688,2700,0.0,0.0
2024-08-29 10:59:00+09:00,578.2999877929688,578.5,578.0999755859375,578.2000122070312,8800,0.0,0.0
2024-08-29 11:00:00+09:00,578.0999755859375,578.2999877929688,578.0999755859375,578.2000122070312,1600,0.0,0.0
2024-08-29 11:01:00+09:00,578.4000244140625,578.4000244140625,578.2000122070312,578.2999877929688,600,0.0,0.0
2024-08-29 11:02:00+09:00,578.2000122070312,578.2999877929688,578.0999755859375,578.2999877929688,8000,0.0,0.0
2024-08-29 11:03:00+09:00,578.2999877929688,578.5999755859375,578.2999877929688,578.5999755859375,2800,0.0,0.0
2024-08-29 11:04:00+09:00,578.5,578.5,578.5,578.5,600,0.0,0.0
2024-08-29 11:05:00+09:00,578.5,578.5999755859375,578.5,578.5999755859375,1600,0.0,0.0
2024-08-29 11:06:00+09:00,578.5999755859375,578.5999755859375,578.5,578.5,1800,0.0,0.0
2024-08-29 11:07:00+09:00,578.4000244140625,578.4000244140625,578.2999877929688,578.4000244140625,2600,0.0,0.0
2024-08-29 11:08:00+09:00,578.2999877929688,578.4000244140625,578.2999877929688,578.4000244140625,800,0.0,0.0
2024-08-29 11:09:00+09:00,578.4000244140625,578.4000244140625,578.0999755859375,578.2999877929688,5800,0.0,0.0
2024-08-29 11:10:00+09:00,578.2999877929688,578.2999877929688,578.0999755859375,578.0999755859375,7100,0.0,0.0
2024-08-29 11:11:00+09:00,578.0999755859375,578.2999877929688,578.0999755859375,578.2000122070312,2800,0.0,0.0
2024-08-29 11:12:00+09:00,578.0999755859375,578.2000122070312,578.0999755859375,578.0999755859375,12200,0.0,0.0
2024-08-29 11:13:00+09:00,578.2000122070312,578.2000122070312,578.0999755859375,578.2000122070312,1100,0.0,0.0
2024-08-29 11:14:00+09:00,578.2000122070312,578.2000122070312,578.0999755859375,578.0999755859375,1200,0.0,0.0
2024-08-29 11:15:00+09:00,578.2000122070312,578.2999877929688,578.0999755859375,578.0999755859375,1900,0.0,0.0
2024-08-29 11:16:00+09:00,578.0999755859375,578.2000122070312,577.5999755859375,577.7999877929688,118700,0.0,0.0
2024-08-29 11:17:00+09:00,577.7000122070312,578.0999755859375,577.5999755859375,578.0999755859375,6100,0.0,0.0
2024-08-29 11:18:00+09:00,577.9000244140625,578.0999755859375,577.9000244140625,578.0,3600,0.0,0.0
2024-08-29 11:19:00+09:00,577.9000244140625,578.0,577.7999877929688,577.7999877929688,900,0.0,0.0
2024-08-29 11:20:00+09:00,577.9000244140625,577.9000244140625,577.5999755859375,577.5999755859375,5600,0.0,0.0
2024-08-29 11:21:00+09:00,577.7000122070312,577.7000122070312,577.2000122070312,577.4000244140625,11900,0.0,0.0
2024-08-29 11:22:00+09:00,577.2000122070312,577.4000244140625,577.2000122070312,577.2000122070312,2200,0.0,0.0
2024-08-29 11:23:00+09:00,577.2000122070312,577.5999755859375,577.2000122070312,577.4000244140625,3900,0.0,0.0
2024-08-29 11:24:00+09:00,577.4000244140625,577.7000122070312,577.4000244140625,577.4000244140625,2000,0.0,0.0
2024-08-29 11:25:00+09:00,577.5,577.5,576.5999755859375,576.5999755859375,45500,0.0,0.0
2024-08-29 11:26:00+09:00,576.7999877929688,576.9000244140625,576.7000122070312,576.9000244140625,1600,0.0,0.0
2024-08-29 11:27:00+09:00,576.9000244140625,577.2999877929688,576.9000244140625,577.0999755859375,4900,0.0,0.0
2024-08-29 11:28:00+09:00,577.0,577.7999877929688,577.0,577.7999877929688,4200,0.0,0.0
2024-08-29 11:29:00+09:00,577.5,577.7999877929688,577.5,577.5,1300,0.0,0.0
2024-08-29 11:30:00+09:00,577.5,577.5,577.2999877929688,577.2999877929688,2300,0.0,0.0
2024-08-29 11:35:00+09:00,577.2999877929688,577.2999877929688,577.2999877929688,577.2999877929688,0,0.0,0.0
2024-08-29 12:30:00+09:00,579.7999877929688,580.0,578.0999755859375,578.4000244140625,1114600,0.0,0.0
2024-08-29 12:31:00+09:00,578.7000122070312,578.7000122070312,578.2000122070312,578.2000122070312,2600,0.0,0.0
2024-08-29 12:32:00+09:00,578.2000122070312,578.9000244140625,578.2000122070312,578.4000244140625,9200,0.0,0.0
2024-08-29 12:33:00+09:00,578.2999877929688,578.5,578.0999755859375,578.0999755859375,2200,0.0,0.0
2024-08-29 12:34:00+09:00,577.5,577.7999877929688,577.5,577.7999877929688,26800,0.0,0.0
2024-08-29 12:35:00+09:00,577.7999877929688,578.0999755859375,577.7999877929688,578.0,5500,0.0,0.0
2024-08-29 12:36:00+09:00,578.2000122070312,578.4000244140625,577.9000244140625,578.2000122070312,3800,0.0,0.0
2024-08-29 12:37:00+09:00,578.2000122070312,578.5999755859375,578.2000122070312,578.5999755859375,4000,0.0,0.0
2024-08-29 12:38:00+09:00,578.5999755859375,578.5999755859375,578.2000122070312,578.4000244140625,2600,0.0,0.0
2024-08-29 12:39:00+09:00,578.2000122070312,578.5,578.2000122070312,578.5,2600,0.0,0.0
2024-08-29 12:40:00+09:00,578.5999755859375,578.7999877929688,578.5,578.5,3900,0.0,0.0
2024-08-29 12:41:00+09:00,578.5,578.7000122070312,578.4000244140625,578.5999755859375,2400,0.0,0.0
2024-08-29 12:42:00+09:00,578.7000122070312,579.2000122070312,578.5999755859375,579.2000122070312,6300,0.0,0.0
2024-08-29 12:43:00+09:00,578.9000244140625,579.2000122070312,578.9000244140625,579.0999755859375,3300,0.0,0.0
2024-08-29 12:44:00+09:00,579.2999877929688,579.4000244140625,578.7999877929688,578.7999877929688,2900,0.0,0.0
2024-08-29 12:45:00+09:00,578.9000244140625,579.0999755859375,578.7999877929688,579.0,2200,0.0,0.0
2024-08-29 12:46:00+09:00,578.9000244140625,579.2000122070312,578.9000244140625,579.0,7500,0.0,0.0
2024-08-29 12:47:00+09:00,578.9000244140625,579.4000244140625,578.9000244140625,579.2999877929688,4300,0.0,0.0
2024-08-29 12:48:00+09:00,579.2000122070312,579.2999877929688,579.2000122070312,579.2999877929688,2800,0.0,0.0
2024-08-29 12:49:00+09:00,579.2000122070312,579.2999877929688,578.9000244140625,578.9000244140625,3200,0.0,0.0
2024-08-29 12:50:00+09:00,578.9000244140625,579.4000244140625,578.9000244140625,579.4000244140625,3800,0.0,0.0
2024-08-29 12:51:00+09:00,579.2000122070312,579.2999877929688,579.2000122070312,579.2000122070312,1000,0.0,0.0
2024-08-29 12:52:00+09:00,579.2000122070312,579.4000244140625,579.0999755859375,579.0999755859375,2500,0.0,0.0
2024-08-29 12:53:00+09:00,579.2999877929688,579.2999877929688,579.0,579.0,8300,0.0,0.0
2024-08-29 12:54:00+09:00,579.0,579.0999755859375,578.9000244140625,579.0999755859375,2300,0.0,0.0
2024-08-29 12:55:00+09:00,579.0999755859375,579.0999755859375,579.0,579.0,2400,0.0,0.0
2024-08-29 12:56:00+09:00,579.0,579.0,578.9000244140625,578.9000244140625,1700,0.0,0.0
2024-08-29 12:57:00+09:00,578.9000244140625,578.9000244140625,578.7999877929688,578.9000244140625,900,0.0,0.0
2024-08-29 12:58:00+09:00,578.7999877929688,578.9000244140625,578.5999755859375,578.7000122070312,8300,0.0,0.0
2024-08-29 12:59:00+09:00,578.7999877929688,578.7999877929688,578.7000122070312,578.7000122070312,2700,0.0,0.0
2024-08-29 13:00:00+09:00,578.7999877929688,579.4000244140625,578.7999877929688,579.0999755859375,5800,0.0,0.0
2024-08-29 13:01:00+09:00,579.0999755859375,579.2000122070312,579.0,579.2000122070312,1200,0.0,0.0
2024-08-29 13:02:00+09:00,579.2999877929688,579.2999877929688,578.9000244140625,578.9000244140625,2700,0.0,0.0
2024-08-29 13:03:00+09:00,578.9000244140625,578.9000244140625,578.7000122070312,578.7000122070312,3400,0.0,0.0
2024-08-29 13:04:00+09:00,578.7000122070312,579.0,578.7000122070312,578.9000244140625,2900,0.0,0.0
2024-08-29 13:05:00+09:00,579.0,579.0,578.7000122070312,578.7000122070312,4600,0.0,0.0
2024-08-29 13:06:00+09:00,578.7999877929688,578.7999877929688,578.7000122070312,578.7000122070312,1700,0.0,0.0
2024-08-29 13:07:00+09:00,578.7000122070312,578.7999877929688,578.5999755859375,578.7999877929688,2200,0.0,0.0
2024-08-29 13:08:00+09:00,578.5999755859375,578.5999755859375,578.4000244140625,578.4000244140625,10700,0.0,0.0
2024-08-29 13:09:00+09:00,578.2999877929688,578.2999877929688,578.2000122070312,578.2000122070312,1600,0.0,0.0
2024-08-29 13:10:00+09:00,578.0999755859375,578.4000244140625,578.0999755859375,578.4000244140625,3600,0.0,0.0
2024-08-29 13:11:00+09:00,578.4000244140625,578.4000244140625,578.2999877929688,578.2999877929688,900,0.0,0.0
2024-08-29 13:12:00+09:00,578.4000244140625,578.7000122070312,578.4000244140625,578.5,3900,0.0,0.0
2024-08-29 13:13:00+09:00,578.5999755859375,578.5999755859375,578.5,578.5999755859375,1100,0.0,0.0
2024-08-29 13:14:00+09:00,578.5,578.7999877929688,578.5,578.7999877929688,2500,0.0,0.0
2024-08-29 13:15:00+09:00,578.7999877929688,578.9000244140625,578.7999877929688,578.7999877929688,1800,0.0,0.0
2024-08-29 13:16:00+09:00,578.7999877929688,578.9000244140625,578.7000122070312,578.9000244140625,1900,0.0,0.0
2024-08-29 13:17:00+09:00,579.0,579.4000244140625,578.9000244140625,579.4000244140625,6000,0.0,0.0
2024-08-29 13:18:00+09:00,579.0,579.0,578.9000244140625,579.0,1500,0.0,0.0
2024-08-29 13:19:00+09:00,579.0999755859375,579.2000122070312,579.0,579.2000122070312,2800,0.0,0.0
2024-08-29 13:20:00+09:00,579.0999755859375,579.0999755859375,579.0999755859375,579.0999755859375,700,0.0,0.0
2024-08-29 13:21:00+09:00,579.0999755859375,579.0999755859375,578.7999877929688,579.0,4000,0.0,0.0
2024-08-29 13:23:00+09:00,578.9000244140625,579.0,578.7999877929688,578.7999877929688,600,0.0,0.0
2024-08-29 13:24:00+09:00,578.7999877929688,578.7999877929688,578.7000122070312,578.7999877929688,1100,0.0,0.0
2024-08-29 13:25:00+09:00,578.7000122070312,579.2999877929688,578.7000122070312,578.9000244140625,6200,0.0,0.0
2024-08-29 13:26:00+09:00,578.9000244140625,579.0,578.7999877929688,579.0,2200,0.0,0.0
2024-08-29 13:27:00+09:00,578.7999877929688,579.2000122070312,578.7999877929688,578.9000244140625,1800,0.0,0.0
2024-08-29 13:28:00+09:00,578.9000244140625,579.0999755859375,578.9000244140625,579.0999755859375,2500,0.0,0.0
2024-08-29 13:29:00+09:00,579.2000122070312,579.4000244140625,579.2000122070312,579.4000244140625,4200,0.0,0.0
2024-08-29 13:30:00+09:00,579.2999877929688,579.4000244140625,579.0999755859375,579.2000122070312,3800,0.0,0.0
2024-08-29 13:31:00+09:00,579.2000122070312,579.4000244140625,579.0,579.0,2300,0.0,0.0
2024-08-29 13:32:00+09:00,579.0,579.0,578.9000244140625,578.9000244140625,1400,0.0,0.0
2024-08-29 13:33:00+09:00,579.0,579.0,578.9000244140625,578.9000244140625,1200,0.0,0.0
2024-08-29 13:34:00+09:00,578.9000244140625,578.9000244140625,578.7000122070312,578.7000122070312,2800,0.0,0.0
2024-08-29 13:35:00+09:00,578.7000122070312,578.7999877929688,578.5999755859375,578.5999755859375,5000,0.0,0.0
2024-08-29 13:36:00+09:00,578.7000122070312,578.7000122070312,578.5,578.5999755859375,900,0.0,0.0
2024-08-29 13:37:00+09:00,578.5,578.5999755859375,578.5,578.5,1100,0.0,0.0
2024-08-29 13:38:00+09:00,578.5,578.5,578.2999877929688,578.2999877929688,7100,0.0,0.0
2024-08-29 13:39:00+09:00,578.4000244140625,578.5,578.2999877929688,578.2999877929688,2300,0.0,0.0
2024-08-29 13:40:00+09:00,578.2999877929688,578.2999877929688,578.2000122070312,578.2999877929688,1600,0.0,0.0
2024-08-29 13:41:00+09:00,578.2999877929688,578.2999877929688,578.2000122070312,578.2000122070312,2800,0.0,0.0
2024-08-29 13:42:00+09:00,578.2000122070312,578.2999877929688,578.2000122070312,578.2999877929688,2700,0.0,0.0
2024-08-29 13:43:00+09:00,578.4000244140625,578.5999755859375,578.4000244140625,578.5999755859375,4100,0.0,0.0
2024-08-29 13:44:00+09:00,578.5999755859375,578.5999755859375,578.2999877929688,578.4000244140625,2900,0.0,0.0
2024-08-29 13:45:00+09:00,578.4000244140625,578.5,578.4000244140625,578.5,200,0.0,0.0
2024-08-29 13:46:00+09:00,578.4000244140625,578.7000122070312,578.4000244140625,578.7000122070312,4600,0.0,0.0
2024-08-29 13:47:00+09:00,578.7000122070312,578.9000244140625,578.7000122070312,578.7000122070312,3600,0.0,0.0
2024-08-29 13:48:00+09:00,578.7000122070312,579.0,578.5999755859375,578.7999877929688,8400,0.0,0.0
2024-08-29 13:49:00+09:00,578.7000122070312,579.0,578.7000122070312,579.0,1900,0.0,0.0
2024-08-29 13:50:00+09:00,578.7999877929688,578.7999877929688,578.7999877929688,578.7999877929688,700,0.0,0.0
2024-08-29 13:51:00+09:00,578.9000244140625,579.0999755859375,578.9000244140625,579.0,2800,0.0,0.0
2024-08-29 13:52:00+09:00,578.7999877929688,579.0,578.7999877929688,579.0,1100,0.0,0.0
2024-08-29 13:53:00+09:00,579.0,579.0999755859375,578.9000244140625,579.0999755859375,2500,0.0,0.0
2024-08-29 13:54:00+09:00,579.2000122070312,579.2000122070312,579.2000122070312,579.2000122070312,1100,0.0,0.0
2024-08-29 13:56:00+09:00,579.0,579.0999755859375,579.0,579.0,2800,0.0,0.0
2024-08-29 13:57:00+09:00,579.0,579.0,578.9000244140625,578.9000244140625,2600,0.0,0.0
2024-08-29 13:58:00+09:00,579.0,579.0,578.7999877929688,578.9000244140625,2000,0.0,0.0
2024-08-29 13:59:00+09:00,578.9000244140625,578.9000244140625,578.7999877929688,578.7999877929688,4000,0.0,0.0
2024-08-29 14:00:00+09:00,578.7999877929688,578.9000244140625,578.7000122070312,578.7000122070312,5000,0.0,0.0
2024-08-29 14:01:00+09:00,578.9000244140625,579.2000122070312,578.7999877929688,579.0,7600,0.0,0.0
2024-08-29 14:02:00+09:00,579.0999755859375,579.2000122070312,578.9000244140625,579.0999755859375,10900,0.0,0.0
2024-08-29 14:03:00+09:00,579.0999755859375,579.2000122070312,578.7999877929688,578.7999877929688,2400,0.0,0.0
2024-08-29 14:04:00+09:00,578.9000244140625,578.9000244140625,578.7000122070312,578.9000244140625,1600,0.0,0.0
2024-08-29 14:05:00+09:00,579.0,579.0,578.7999877929688,578.7999877929688,1000,0.0,0.0
2024-08-29 14:06:00+09:00,578.7000122070312,578.9000244140625,578.7000122070312,578.7999877929688,900,0.0,0.0
2024-08-29 14:07:00+09:00,578.7999877929688,578.9000244140625,578.7000122070312,578.7000122070312,2800,0.0,0.0
2024-08-29 14:08:00+09:00,578.7000122070312,578.7999877929688,578.5999755859375,578.5999755859375,2700,0.0,0.0
2024-08-29 14:09:00+09:00,578.5999755859375,578.7999877929688,578.5999755859375,578.7999877929688,1300,0.0,0.0
2024-08-29 14:10:00+09:00,578.7999877929688,579.0,578.7999877929688,579.0,2800,0.0,0.0
2024-08-29 14:11:00+09:00,579.0,579.0999755859375,579.0,579.0,3400,0.0,0.0
2024-08-29 14:12:00+09:00,579.0,579.0999755859375,579.0,579.0,2000,0.0,0.0
2024-08-29 14:13:00+09:00,578.9000244140625,579.0,578.9000244140625,579.0,300,0.0,0.0
2024-08-29 14:14:00+09:00,579.0999755859375,579.2000122070312,579.0,579.0999755859375,7500,0.0,0.0
2024-08-29 14:15:00+09:00,579.0999755859375,579.0999755859375,579.0,579.0,1600,0.0,0.0
2024-08-29 14:16:00+09:00,579.0999755859375,579.0999755859375,578.9000244140625,578.9000244140625,1100,0.0,0.0
2024-08-29 14:17:00+09:00,578.9000244140625,578.9000244140625,578.7999877929688,578.7999877929688,700,0.0,0.0
2024-08-29 14:18:00+09:00,579.0,579.0999755859375,578.9000244140625,579.0999755859375,3700,0.0,0.0
2024-08-29 14:19:00+09:00,579.0999755859375,579.2000122070312,578.9000244140625,578.9000244140625,3700,0.0,0.0
2024-08-29 14:20:00+09:00,578.7999877929688,578.9000244140625,578.5999755859375,578.9000244140625,6200,0.0,0.0
2024-08-29 14:21:00+09:00,578.7999877929688,578.9000244140625,578.7000122070312,578.7000122070312,1800,0.0,0.0
2024-08-29 14:22:00+09:00,578.7999877929688,578.7999877929688,578.5,578.5999755859375,7100,0.0,0.0
2024-08-29 14:23:00+09:00,578.5999755859375,578.7000122070312,578.5,578.5,500,0.0,0.0
2024-08-29 14:24:00+09:00,578.4000244140625,578.5999755859375,578.4000244140625,578.5999755859375,500,0.0,0.0
2024-08-29 14:25:00+09:00,578.5,578.5,578.5,578.5,5800,0.0,0.0
2024-08-29 14:26:00+09:00,578.4000244140625,578.5,578.2000122070312,578.2999877929688,5300,0.0,0.0
2024-08-29 14:27:00+09:00,578.4000244140625,578.7999877929688,578.2999877929688,578.7000122070312,14500,0.0,0.0
2024-08-29 14:28:00+09:00,578.5999755859375,578.7999877929688,578.5999755859375,578.7999877929688,400,0.0,0.0
2024-08-29 14:29:00+09:00,578.5999755859375,579.0,578.5999755859375,578.7999877929688,2600,0.0,0.0
2024-08-29 14:30:00+09:00,578.7999877929688,578.9000244140625,578.7999877929688,578.7999877929688,2200,0.0,0.0
2024-08-29 14:31:00+09:00,578.9000244140625,578.9000244140625,578.4000244140625,578.4000244140625,5900,0.0,0.0
2024-08-29 14:32:00+09:00,578.2999877929688,578.5,578.2999877929688,578.4000244140625,1600,0.0,0.0
2024-08-29 14:33:00+09:00,578.5,578.5999755859375,578.4000244140625,578.5,3700,0.0,0.0
2024-08-29 14:34:00+09:00,578.5,578.5999755859375,578.5,578.5999755859375,2500,0.0,0.0
2024-08-29 14:35:00+09:00,578.5,578.5999755859375,578.5,578.5999755859375,2400,0.0,0.0
2024-08-29 14:36:00+09:00,578.7000122070312,578.7999877929688,578.5999755859375,578.7000122070312,2800,0.0,0.0
2024-08-29 14:37:00+09:00,578.7999877929688,578.9000244140625,578.7000122070312,578.7999877929688,3400,0.0,0.0
2024-08-29 14:38:00+09:00,578.7999877929688,579.0,578.7000122070312,578.9000244140625,2800,0.0,0.0
2024-08-29 14:39:00+09:00,578.9000244140625,579.0,578.7000122070312,578.7000122070312,2400,0.0,0.0
2024-08-29 14:40:00+09:00,578.7000122070312,579.4000244140625,578.7000122070312,579.4000244140625,15900,0.0,0.0
2024-08-29 14:41:00+09:00,579.0999755859375,579.2999877929688,578.9000244140625,579.2999877929688,2500,0.0,0.0
2024-08-29 14:42:00+09:00,579.2999877929688,579.5,579.2000122070312,579.2999877929688,6400,0.0,0.0
2024-08-29 14:43:00+09:00,579.4000244140625,579.7000122070312,579.4000244140625,579.7000122070312,8700,0.0,0.0
2024-08-29 14:44:00+09:00,579.5999755859375,579.7000122070312,579.5,579.7000122070312,10500,0.0,0.0
2024-08-29 14:45:00+09:00,579.7000122070312,579.7000122070312,579.7000122070312,579.7000122070312,1600,0.0,0.0
2024-08-29 14:46:00+09:00,579.7999877929688,579.7999877929688,579.5999755859375,579.5999755859375,3300,0.0,0.0
2024-08-29 14:47:00+09:00,579.5999755859375,579.5999755859375,579.2999877929688,579.4000244140625,4700,0.0,0.0
2024-08-29 14:48:00+09:00,579.4000244140625,579.5999755859375,579.4000244140625,579.5,2600,0.0,0.0
2024-08-29 14:49:00+09:00,579.5999755859375,579.5999755859375,579.2999877929688,579.4000244140625,9100,0.0,0.0
2024-08-29 14:50:00+09:00,579.2999877929688,580.2000122070312,579.2999877929688,580.0999755859375,22300,0.0,0.0
2024-08-29 14:51:00+09:00,580.2999877929688,580.4000244140625,580.2000122070312,580.2999877929688,4400,0.0,0.0
2024-08-29 14:52:00+09:00,580.2999877929688,580.5,580.2000122070312,580.2000122070312,9600,0.0,0.0
2024-08-29 14:53:00+09:00,580.2000122070312,580.2000122070312,579.7999877929688,579.9000244140625,20800,0.0,0.0
2024-08-29 14:54:00+09:00,579.9000244140625,580.0,579.7999877929688,579.9000244140625,5800,0.0,0.0
2024-08-29 14:55:00+09:00,579.7999877929688,580.0,579.5999755859375,579.5999755859375,10500,0.0,0.0
2024-08-29 14:56:00+09:00,579.7000122070312,579.7000122070312,579.2999877929688,579.4000244140625,9200,0.0,0.0
2024-08-29 14:57:00+09:00,579.2999877929688,579.7000122070312,579.2999877929688,579.7000122070312,13600,0.0,0.0
2024-08-29 14:58:00+09:00,579.7000122070312,579.7999877929688,579.5,579.5,3500,0.0,0.0
2024-08-29 14:59:00+09:00,579.5,580.5999755859375,579.4000244140625,579.5999755859375,18900,0.0,0.0
2024-08-30 09:00:00+09:00,578.5999755859375,579.2000122070312,577.7000122070312,578.5999755859375,109900,0.0,0.0
2024-08-30 09:01:00+09:00,578.0,580.2999877929688,577.7000122070312,579.5999755859375,23000,0.0,0.0
2024-08-30 09:02:00+09:00,579.5999755859375,579.5999755859375,578.2999877929688,579.0,8900,0.0,0.0
2024-08-30 09:03:00+09:00,578.7999877929688,579.0,578.4000244140625,578.9000244140625,3600,0.0,0.0
2024-08-30 09:04:00+09:00,579.0999755859375,579.2000122070312,578.7000122070312,578.9000244140625,3600,0.0,0.0
2024-08-30 09:05:00+09:00,578.7999877929688,579.0,578.0,578.0,16900,0.0,0.0
2024-08-30 09:06:00+09:00,578.2999877929688,578.5999755859375,577.9000244140625,577.9000244140625,3800,0.0,0.0
2024-08-30 09:07:00+09:00,577.9000244140625,578.7000122070312,577.9000244140625,578.4000244140625,4500,0.0,0.0
2024-08-30 09:08:00+09:00,578.4000244140625,578.7999877929688,578.4000244140625,578.5,5200,0.0,0.0
2024-08-30 09:09:00+09:00,578.2999877929688,578.5999755859375,578.2000122070312,578.5999755859375,3600,0.0,0.0
2024-08-30 09:10:00+09:00,578.5999755859375,579.0999755859375,578.5999755859375,579.0999755859375,8400,0.0,0.0
2024-08-30 09:11:00+09:00,579.0,579.2999877929688,579.0,579.0,1300,0.0,0.0
2024-08-30 09:12:00+09:00,579.0,579.0999755859375,578.9000244140625,579.0999755859375,1700,0.0,0.0
2024-08-30 09:13:00+09:00,578.7999877929688,578.7999877929688,578.5999755859375,578.5999755859375,2300,0.0,0.0
2024-08-30 09:14:00+09:00,578.5,578.9000244140625,578.4000244140625,578.5,3500,0.0,0.0
2024-08-30 09:15:00+09:00,578.5,578.5999755859375,577.7999877929688,577.9000244140625,22900,0.0,0.0
2024-08-30 09:16:00+09:00,578.0999755859375,578.0999755859375,578.0,578.0,1200,0.0,0.0
2024-08-30 09:17:00+09:00,578.0,578.0,577.5999755859375,577.5999755859375,6000,0.0,0.0
2024-08-30 09:18:00+09:00,577.7000122070312,577.9000244140625,577.5999755859375,577.7999877929688,6800,0.0,0.0
2024-08-30 09:19:00+09:00,577.9000244140625,578.2000122070312,577.9000244140625,578.2000122070312,4900,0.0,0.0
2024-08-30 09:20:00+09:00,578.2999877929688,578.5,578.0,578.0,4700,0.0,0.0
2024-08-30 09:21:00+09:00,578.2000122070312,578.2999877929688,577.7999877929688,577.9000244140625,4400,0.0,0.0
2024-08-30 09:22:00+09:00,578.0,578.2000122070312,577.7999877929688,577.9000244140625,7000,0.0,0.0
2024-08-30 09:23:00+09:00,578.0,578.2999877929688,577.7000122070312,578.0999755859375,2900,0.0,0.0
2024-08-30 09:24:00+09:00,578.0999755859375,578.2999877929688,578.0,578.2000122070312,7900,0.0,0.0
2024-08-30 09:25:00+09:00,578.2999877929688,578.4000244140625,578.0,578.0999755859375,9400,0.0,0.0
2024-08-30 09:26:00+09:00,578.2999877929688,578.4000244140625,578.0999755859375,578.2999877929688,2100,0.0,0.0
2024-08-30 09:27:00+09:00,578.2000122070312,578.4000244140625,578.0999755859375,578.4000244140625,3900,0.0,0.0
2024-08-30 09:28:00+09:00,578.5,578.7000122070312,578.5,578.7000122070312,2400,0.0,0.0
2024-08-30 09:29:00+09:00,578.7000122070312,578.7999877929688,578.7000122070312,578.7999877929688,2400,0.0,0.0
2024-08-30 09:30:00+09:00,578.9000244140625,579.5,578.9000244140625,579.4000244140625,32100,0.0,0.0
2024-08-30 09:31:00+09:00,579.2999877929688,579.5999755859375,579.2000122070312,579.4000244140625,4600,0.0,0.0
2024-08-30 09:32:00+09:00,579.5,579.5,579.0999755859375,579.2999877929688,4100,0.0,0.0
2024-08-30 09:33:00+09:00,579.5999755859375,579.9000244140625,579.2000122070312,579.2000122070312,8400,0.0,0.0
2024-08-30 09:34:00+09:00,579.2999877929688,579.5999755859375,579.0,579.2000122070312,7900,0.0,0.0
2024-08-30 09:35:00+09:00,579.2000122070312,579.2000122070312,578.9000244140625,578.9000244140625,4000,0.0,0.0
2024-08-30 09:36:00+09:00,579.2000122070312,579.2999877929688,578.7999877929688,579.2000122070312,5200,0.0,0.0
2024-08-30 09:37:00+09:00,579.2999877929688,579.2999877929688,579.0999755859375,579.0999755859375,600,0.0,0.0
2024-08-30 09:38:00+09:00,579.0999755859375,579.2000122070312,578.9000244140625,578.9000244140625,3800,0.0,0.0
2024-08-30 09:39:00+09:00,579.0,579.0999755859375,578.9000244140625,578.9000244140625,3900,0.0,0.0
2024-08-30 09:40:00+09:00,579.0999755859375,579.2999877929688,579.0,579.2999877929688,2400,0.0,0.0
2024-08-30 09:41:00+09:00,579.4000244140625,579.4000244140625,579.2999877929688,579.2999877929688,1900,0.0,0.0
2024-08-30 09:42:00+09:00,579.2999877929688,579.4000244140625,579.2000122070312,579.2999877929688,5900,0.0,0.0
2024-08-30 09:43:00+09:00,579.2999877929688,579.4000244140625,579.2999877929688,579.4000244140625,3800,0.0,0.0
2024-08-30 09:44:00+09:00,579.4000244140625,579.4000244140625,579.0999755859375,579.0999755859375,1500,0.0,0.0
2024-08-30 09:45:00+09:00,579.2999877929688,579.5999755859375,579.2999877929688,579.4000244140625,6300,0.0,0.0
2024-08-30 09:46:00+09:00,579.2999877929688,579.5,579.2999877929688,579.5,3800,0.0,0.0
2024-08-30 09:47:00+09:00,579.5999755859375,579.7000122070312,579.5,579.5999755859375,2700,0.0,0.0
2024-08-30 09:48:00+09:00,579.5999755859375,580.0999755859375,579.5999755859375,580.0999755859375,7800,0.0,0.0
2024-08-30 09:49:00+09:00,580.2000122070312,580.2000122070312,580.0,580.0,700,0.0,0.0
2024-08-30 09:50:00+09:00,580.0,580.2999877929688,580.0,580.2000122070312,3900,0.0,0.0
2024-08-30 09:51:00+09:00,580.2000122070312,580.2000122070312,579.9000244140625,580.0999755859375,3800,0.0,0.0
2024-08-30 09:52:00+09:00,579.9000244140625,580.0,579.7000122070312,579.7000122070312,2700,0.0,0.0
2024-08-30 09:53:00+09:00,579.7000122070312,579.7999877929688,579.5999755859375,579.7000122070312,4300,0.0,0.0
2024-08-30 09:54:00+09:00,579.5999755859375,579.7999877929688,579.5999755859375,579.7000122070312,4200,0.0,0.0
2024-08-30 09:55:00+09:00,579.7000122070312,579.7000122070312,579.5,579.5999755859375,3100,0.0,0.0
2024-08-30 09:56:00+09:00,579.5999755859375,580.0999755859375,579.5,580.0999755859375,4400,0.0,0.0
2024-08-30 09:57:00+09:00,579.9000244140625,580.2999877929688,579.9000244140625,580.2999877929688,900,0.0,0.0
2024-08-30 09:58:00+09:00,580.2000122070312,580.4000244140625,580.0999755859375,580.0999755859375,10500,0.0,0.0
2024-08-30 09:59:00+09:00,580.0999755859375,580.0999755859375,579.9000244140625,579.9000244140625,2100,0.0,0.0
2024-08-30 10:00:00+09:00,580.0,580.0999755859375,579.9000244140625,580.0,2000,0.0,0.0
2024-08-30 10:01:00+09:00,580.2000122070312,580.2000122070312,579.9000244140625,580.0,2000,0.0,0.0
2024-08-30 10:02:00+09:00,580.0,580.0,579.7999877929688,579.9000244140625,1300,0.0,0.0
2024-08-30 10:03:00+09:00,579.9000244140625,579.9000244140625,579.7999877929688,579.7999877929688,1700,0.0,0.0
2024-08-30 10:04:00+09:00,579.7999877929688,579.9000244140625,579.5999755859375,579.5999755859375,3900,0.0,0.0
2024-08-30 10:05:00+09:00,579.5999755859375,579.7000122070312,579.5999755859375,579.5999755859375,900,0.0,0.0
2024-08-30 10:06:00+09:00,579.5999755859375,579.9000244140625,579.5999755859375,579.7000122070312,6200,0.0,0.0
2024-08-30 10:07:00+09:00,579.7000122070312,579.7999877929688,579.5,579.7999877929688,5300,0.0,0.0
2024-08-30 10:08:00+09:00,579.7999877929688,580.2000122070312,579.7000122070312,580.0,19700,0.0,0.0
2024-08-30 10:09:00+09:00,580.2000122070312,580.2999877929688,579.7999877929688,579.7999877929688,6200,0.0,0.0
2024-08-30 10:10:00+09:00,579.7999877929688,579.7999877929688,579.5999755859375,579.7000122070312,2000,0.0,0.0
2024-08-30 10:11:00+09:00,579.7000122070312,579.7000122070312,579.5,579.5999755859375,2000,0.0,0.0
2024-08-30 10:12:00+09:00,579.5999755859375,579.9000244140625,579.5999755859375,579.9000244140625,2500,0.0,0.0
2024-08-30 10:13:00+09:00,579.7000122070312,579.7999877929688,579.7000122070312,579.7000122070312,700,0.0,0.0
2024-08-30 10:14:00+09:00,579.7999877929688,580.2999877929688,579.7999877929688,580.0,4200,0.0,0.0
2024-08-30 10:15:00+09:00,579.9000244140625,580.2999877929688,579.9000244140625,580.2999877929688,3100,0.0,0.0
2024-08-30 10:16:00+09:00,580.2999877929688,580.2999877929688,580.0999755859375,580.2999877929688,1200,0.0,0.0
2024-08-30 10:17:00+09:00,580.0999755859375,580.4000244140625,580.0999755859375,580.2999877929688,4400,0.0,0.0
2024-08-30 10:18:00+09:00,580.2999877929688,580.5999755859375,580.2999877929688,580.4000244140625,8700,0.0,0.0
2024-08-30 10:19:00+09:00,580.4000244140625,580.5,580.2999877929688,580.2999877929688,12400,0.0,0.0
2024-08-30 10:20:00+09:00,580.5,580.7000122070312,580.4000244140625,580.7000122070312,4000,0.0,0.0
2024-08-30 10:21:00+09:00,580.5,580.7000122070312,580.4000244140625,580.5,1700,0.0,0.0
2024-08-30 10:22:00+09:00,580.5,580.5,580.0999755859375,580.0999755859375,6200,0.0,0.0
2024-08-30 10:23:00+09:00,580.2000122070312,580.7000122070312,580.0999755859375,580.7000122070312,8100,0.0,0.0
2024-08-30 10:24:00+09:00,580.7000122070312,580.7999877929688,580.2999877929688,580.5,3200,0.0,0.0
2024-08-30 10:25:00+09:00,580.2999877929688,580.2999877929688,580.2999877929688,580.2999877929688,300,0.0,0.0
2024-08-30 10:26:00+09:00,580.2000122070312,580.2000122070312,580.0999755859375,580.2000122070312,1300,0.0,0.0
2024-08-30 10:27:00+09:00,580.0999755859375,580.2999877929688,580.0,580.2000122070312,4600,0.0,0.0
2024-08-30 10:28:00+09:00,580.2000122070312,580.4000244140625,579.5999755859375,579.7000122070312,10800,0.0,0.0
2024-08-30 10:29:00+09:00,579.7999877929688,579.9000244140625,579.7999877929688,579.9000244140625,1700,0.0,0.0
2024-08-30 10:30:00+09:00,579.7999877929688,579.9000244140625,579.5999755859375,579.5999755859375,1900,0.0,0.0
2024-08-30 10:31:00+09:00,579.5,579.9000244140625,579.5,579.9000244140625,6100,0.0,0.0
2024-08-30 10:32:00+09:00,579.9000244140625,579.9000244140625,579.7000122070312,579.9000244140625,2500,0.0,0.0
2024-08-30 10:33:00+09:00,579.9000244140625,579.9000244140625,579.7000122070312,579.7999877929688,1100,0.0,0.0
2024-08-30 10:34:00+09:00,579.9000244140625,580.0999755859375,579.7000122070312,579.9000244140625,4500,0.0,0.0
2024-08-30 10:35:00+09:00,580.0999755859375,580.2000122070312,580.0,580.0,2300,0.0,0.0
2024-08-30 10:36:00+09:00,580.0,580.0,580.0,580.0,500,0.0,0.0
2024-08-30 10:37:00+09:00,579.9000244140625,580.0,579.7999877929688,579.7999877929688,2100,0.0,0.0
2024-08-30 10:38:00+09:00,580.0,580.0,579.9000244140625,580.0,2600,0.0,0.0
2024-08-30 10:39:00+09:00,579.9000244140625,579.9000244140625,579.7999877929688,579.7999877929688,1100,0.0,0.0
2024-08-30 10:40:00+09:00,579.7999877929688,579.7999877929688,579.7000122070312,579.7999877929688,2100,0.0,0.0
2024-08-30 10:41:00+09:00,579.9000244140625,580.2000122070312,579.7999877929688,580.0,5200,0.0,0.0
2024-08-30 10:42:00+09:00,580.0,580.0999755859375,580.0,580.0999755859375,500,0.0,0.0
2024-08-30 10:43:00+09:00,580.0999755859375,580.0999755859375,580.0999755859375,580.0999755859375,1000,0.0,0.0
2024-08-30 10:44:00+09:00,580.0,580.0999755859375,579.9000244140625,580.0,4900,0.0,0.0
2024-08-30 10:45:00+09:00,579.9000244140625,580.0,579.7999877929688,579.7999877929688,1500,0.0,0.0
2024-08-30 10:46:00+09:00,579.7999877929688,579.9000244140625,579.7000122070312,579.7000122070312,2400,0.0,0.0
2024-08-30 10:47:00+09:00,579.7000122070312,579.7000122070312,579.5999755859375,579.5999755859375,1800,0.0,0.0
2024-08-30 10:48:00+09:00,579.5999755859375,579.7000122070312,579.5999755859375,579.5999755859375,3700,0.0,0.0
2024-08-30 10:49:00+09:00,579.5,580.0,579.5,579.7000122070312,3900,0.0,0.0
2024-08-30 10:50:00+09:00,579.7000122070312,579.7999877929688,579.7000122070312,579.7999877929688,1300,0.0,0.0
2024-08-30 10:51:00+09:00,579.7000122070312,579.7999877929688,579.7000122070312,579.7000122070312,900,0.0,0.0
2024-08-30 10:52:00+09:00,579.7000122070312,579.7000122070312,579.5999755859375,579.7000122070312,2800,0.0,0.0
2024-08-30 10:53:00+09:00,579.5,579.5,579.5,579.5,632400,0.0,0.0
2024-08-30 10:54:00+09:00,579.5999755859375,580.0,579.5,579.5999755859375,9200,0.0,0.0
2024-08-30 10:55:00+09:00,579.7000122070312,579.9000244140625,579.7000122070312,579.7999877929688,1300,0.0,0.0
2024-08-30 10:56:00+09:00,579.7999877929688,579.9000244140625,579.7999877929688,579.7999877929688,1600,0.0,0.0
2024-08-30 10:57:00+09:00,580.0,580.0,579.9000244140625,580.0,1400,0.0,0.0
2024-08-30 10:58:00+09:00,579.9000244140625,580.0999755859375,579.7999877929688,580.0,7400,0.0,0.0
2024-08-30 10:59:00+09:00,579.9000244140625,579.9000244140625,579.5,579.5,12600,0.0,0.0
2024-08-30 11:00:00+09:00,579.7000122070312,579.9000244140625,579.5,579.7000122070312,4000,0.0,0.0
2024-08-30 11:01:00+09:00,579.5999755859375,579.7000122070312,579.2999877929688,579.5,5200,0.0,0.0
2024-08-30 11:02:00+09:00,579.5999755859375,579.7999877929688,579.5999755859375,579.5999755859375,600,0.0,0.0
2024-08-30 11:03:00+09:00,579.5999755859375,579.9000244140625,579.5999755859375,579.9000244140625,2200,0.0,0.0
2024-08-30 11:04:00+09:00,579.9000244140625,580.2000122070312,579.7000122070312,579.9000244140625,4800,0.0,0.0
2024-08-30 11:05:00+09:00,579.9000244140625,580.0999755859375,579.9000244140625,580.0999755859375,1900,0.0,0.0
2024-08-30 11:06:00+09:00,580.0,580.0999755859375,580.0,580.0,1000,0.0,0.0
2024-08-30 11:07:00+09:00,580.0,580.0,580.0,580.0,2600,0.0,0.0
2024-08-30 11:08:00+09:00,579.9000244140625,579.9000244140625,579.7999877929688,579.7999877929688,1200,0.0,0.0
2024-08-30 11:09:00+09:00,579.7000122070312,579.7000122070312,579.5,579.5,3100,0.0,0.0
2024-08-30 11:10:00+09:00,579.4000244140625,579.5,579.4000244140625,579.5,2300,0.0,0.0
2024-08-30 11:11:00+09:00,579.5,579.5,579.4000244140625,579.4000244140625,300,0.0,0.0
2024-08-30 11:12:00+09:00,579.4000244140625,580.0999755859375,579.4000244140625,579.7999877929688,10800,0.0,0.0
2024-08-30 11:13:00+09:00,580.0,580.0,579.7000122070312,579.9000244140625,2500,0.0,0.0
2024-08-30 11:14:00+09:00,579.7000122070312,579.9000244140625,579.5,579.9000244140625,2100,0.0,0.0
2024-08-30 11:15:00+09:00,579.9000244140625,580.0,579.7999877929688,579.7999877929688,5400,0.0,0.0
2024-08-30 11:16:00+09:00,579.7999877929688,580.2000122070312,579.5999755859375,579.5999755859375,3200,0.0,0.0
2024-08-30 11:17:00+09:00,579.7999877929688,579.9000244140625,579.5999755859375,579.5999755859375,720300,0.0,0.0
2024-08-30 11:18:00+09:00,579.5999755859375,579.5999755859375,579.5999755859375,579.5999755859375,2400,0.0,0.0
2024-08-30 11:19:00+09:00,579.7000122070312,580.0,579.7000122070312,579.7000122070312,2800,0.0,0.0
2024-08-30 11:20:00+09:00,579.7999877929688,579.9000244140625,579.7000122070312,579.7000122070312,727400,0.0,0.0
2024-08-30 11:21:00+09:00,579.7000122070312,579.9000244140625,579.7000122070312,579.9000244140625,2100,0.0,0.0
2024-08-30 11:22:00+09:00,579.7000122070312,579.7000122070312,579.7000122070312,579.7000122070312,4300,0.0,0.0
2024-08-30 11:23:00+09:00,579.7000122070312,579.7999877929688,579.7000122070312,579.7999877929688,2400,0.0,0.0
2024-08-30 11:24:00+09:00,579.7000122070312,579.7000122070312,579.5999755859375,579.7000122070312,1400,0.0,0.0
2024-08-30 11:25:00+09:00,579.7000122070312,579.7999877929688,579.5999755859375,579.7999877929688,2500,0.0,0.0
2024-08-30 11:26:00+09:00,579.7000122070312,579.7999877929688,579.5999755859375,579.7000122070312,2500,0.0,0.0
2024-08-30 11:27:00+09:00,579.7000122070312,579.7999877929688,579.7000122070312,579.7000122070312,1200,0.0,0.0
2024-08-30 11:28:00+09:00,579.7999877929688,579.9000244140625,579.5999755859375,579.5999755859375,900,0.0,0.0
2024-08-30 11:29:00+09:00,579.7000122070312,579.7000122070312,579.7000122070312,579.7000122070312,800,0.0,0.0
2024-08-30 11:30:00+09:00,579.7000122070312,579.7000122070312,579.7000122070312,579.7000122070312,1100,0.0,0.0
2024-08-30 11:35:00+09:00,579.7000122070312,579.7000122070312,579.7000122070312,579.7000122070312,0,0.0,0.0
2024-08-30 12:30:00+09:00,580.0,580.5,580.0,580.0999755859375,780600,0.0,0.0
2024-08-30 12:31:00+09:00,580.2999877929688,580.2999877929688,579.9000244140625,579.9000244140625,7100,0.0,0.0
2024-08-30 12:32:00+09:00,580.0999755859375,580.0999755859375,579.9000244140625,579.9000244140625,2800,0.0,0.0
2024-08-30 12:33:00+09:00,580.0,580.0999755859375,579.9000244140625,579.9000244140625,4500,0.0,0.0
2024-08-30 12:34:00+09:00,579.9000244140625,580.0,579.7999877929688,579.9000244140625,4000,0.0,0.0
2024-08-30 12:35:00+09:00,579.7999877929688,580.0999755859375,579.7999877929688,580.0999755859375,3800,0.0,0.0
2024-08-30 12:36:00+09:00,579.9000244140625,579.9000244140625,579.7999877929688,579.7999877929688,2300,0.0,0.0
2024-08-30 12:37:00+09:00,579.9000244140625,580.0,579.0999755859375,579.2999877929688,24000,0.0,0.0
2024-08-30 12:38:00+09:00,579.2999877929688,579.7000122070312,579.2000122070312,579.4000244140625,3700,0.0,0.0
2024-08-30 12:39:00+09:00,579.5,579.7999877929688,579.4000244140625,579.7999877929688,4800,0.0,0.0
2024-08-30 12:40:00+09:00,579.5999755859375,580.0,579.5,579.7999877929688,4600,0.0,0.0
2024-08-30 12:41:00+09:00,579.7999877929688,580.2000122070312,579.7999877929688,580.0999755859375,5200,0.0,0.0
2024-08-30 12:42:00+09:00,580.0999755859375,580.2000122070312,580.0999755859375,580.2000122070312,1700,0.0,0.0
2024-08-30 12:43:00+09:00,580.0999755859375,580.2999877929688,580.0,580.0,7000,0.0,0.0
2024-08-30 12:44:00+09:00,580.0,580.0999755859375,580.0,580.0,800,0.0,0.0
2024-08-30 12:45:00+09:00,580.0999755859375,580.2999877929688,580.0,580.2999877929688,3300,0.0,0.0
2024-08-30 12:46:00+09:00,580.4000244140625,580.5,580.2000122070312,580.2999877929688,2200,0.0,0.0
2024-08-30 12:47:00+09:00,580.2999877929688,580.5,580.2999877929688,580.4000244140625,3900,0.0,0.0
2024-08-30 12:48:00+09:00,580.5,580.7000122070312,580.5,580.5,9300,0.0,0.0
2024-08-30 12:49:00+09:00,580.5,580.5999755859375,580.2000122070312,580.2000122070312,3200,0.0,0.0
2024-08-30 12:50:00+09:00,580.4000244140625,580.7000122070312,580.4000244140625,580.5,2300,0.0,0.0
2024-08-30 12:51:00+09:00,580.5999755859375,580.7000122070312,580.4000244140625,580.5,2300,0.0,0.0
2024-08-30 12:52:00+09:00,580.5,580.5999755859375,580.4000244140625,580.4000244140625,4600,0.0,0.0
2024-08-30 12:53:00+09:00,580.4000244140625,580.5,580.4000244140625,580.4000244140625,1800,0.0,0.0
2024-08-30 12:54:00+09:00,580.4000244140625,580.5999755859375,580.2999877929688,580.2999877929688,800,0.0,0.0
2024-08-30 12:55:00+09:00,580.5,580.5,580.2999877929688,580.4000244140625,4200,0.0,0.0
2024-08-30 12:56:00+09:00,580.2999877929688,580.2999877929688,580.0999755859375,580.2000122070312,6200,0.0,0.0
2024-08-30 12:57:00+09:00,580.2000122070312,580.4000244140625,580.2000122070312,580.4000244140625,4900,0.0,0.0
2024-08-30 12:58:00+09:00,580.2999877929688,580.2999877929688,580.2999877929688,580.2999877929688,700,0.0,0.0
2024-08-30 12:59:00+09:00,580.4000244140625,580.4000244140625,580.0,580.0999755859375,9500,0.0,0.0
2024-08-30 13:00:00+09:00,580.2999877929688,580.5,580.2000122070312,580.5,4200,0.0,0.0
2024-08-30 13:01:00+09:00,580.2999877929688,580.2999877929688,580.2999877929688,580.2999877929688,3200,0.0,0.0
2024-08-30 13:02:00+09:00,580.4000244140625,580.5,580.2000122070312,580.2999877929688,4100,0.0,0.0
2024-08-30 13:03:00+09:00,580.2999877929688,580.7000122070312,580.2999877929688,580.7000122070312,6900,0.0,0.0
2024-08-30 13:04:00+09:00,580.7000122070312,580.7000122070312,580.5,580.5,500,0.0,0.0
2024-08-30 13:05:00+09:00,580.5,580.5,580.4000244140625,580.4000244140625,2900,0.0,0.0
2024-08-30 13:06:00+09:00,580.4000244140625,580.5,580.4000244140625,580.5,400,0.0,0.0
2024-08-30 13:07:00+09:00,580.4000244140625,580.4000244140625,580.2999877929688,580.2999877929688,3200,0.0,0.0
2024-08-30 13:08:00+09:00,580.2000122070312,580.2999877929688,580.2000122070312,580.2000122070312,5800,0.0,0.0
2024-08-30 13:09:00+09:00,580.2999877929688,580.4000244140625,580.2999877929688,580.4000244140625,700,0.0,0.0
2024-08-30 13:10:00+09:00,580.2999877929688,580.2999877929688,580.2999877929688,580.2999877929688,400,0.0,0.0
2024-08-30 13:11:00+09:00,580.2000122070312,580.2000122070312,580.0999755859375,580.2000122070312,3500,0.0,0.0
2024-08-30 13:12:00+09:00,580.0999755859375,580.0999755859375,580.0999755859375,580.0999755859375,700,0.0,0.0
2024-08-30 13:13:00+09:00,580.0999755859375,580.0999755859375,580.0,580.0,1800,0.0,0.0
2024-08-30 13:14:00+09:00,580.0,580.0999755859375,579.7000122070312,579.7000122070312,22500,0.0,0.0
2024-08-30 13:15:00+09:00,579.5999755859375,579.7000122070312,579.5999755859375,579.5999755859375,1200,0.0,0.0
2024-08-30 13:16:00+09:00,579.5,579.5,579.5,579.5,1000,0.0,0.0
2024-08-30 13:17:00+09:00,579.7000122070312,579.9000244140625,579.7000122070312,579.7999877929688,7400,0.0,0.0
2024-08-30 13:18:00+09:00,579.7999877929688,580.0,579.7999877929688,579.9000244140625,4300,0.0,0.0
2024-08-30 13:19:00+09:00,579.9000244140625,579.9000244140625,579.7999877929688,579.7999877929688,1900,0.0,0.0
2024-08-30 13:20:00+09:00,579.7999877929688,579.7999877929688,579.7999877929688,579.7999877929688,2900,0.0,0.0
2024-08-30 13:21:00+09:00,579.9000244140625,579.9000244140625,579.5999755859375,579.5999755859375,4700,0.0,0.0
2024-08-30 13:22:00+09:00,579.5,579.5,579.4000244140625,579.4000244140625,2200,0.0,0.0
2024-08-30 13:24:00+09:00,579.4000244140625,579.5,579.4000244140625,579.5,4100,0.0,0.0
2024-08-30 13:25:00+09:00,579.5,579.5,579.5,579.5,200,0.0,0.0
2024-08-30 13:26:00+09:00,579.5999755859375,580.0,579.5999755859375,579.7000122070312,9300,0.0,0.0
2024-08-30 13:27:00+09:00,579.9000244140625,580.0999755859375,579.7999877929688,580.0999755859375,1700,0.0,0.0
2024-08-30 13:28:00+09:00,580.0999755859375,580.0999755859375,579.7999877929688,579.9000244140625,3300,0.0,0.0
2024-08-30 13:29:00+09:00,579.7999877929688,579.9000244140625,579.7999877929688,579.9000244140625,2500,0.0,0.0
2024-08-30 13:30:00+09:00,579.7999877929688,579.7999877929688,579.5999755859375,579.7000122070312,5600,0.0,0.0
2024-08-30 13:31:00+09:00,579.7000122070312,579.7999877929688,579.5999755859375,579.7999877929688,4200,0.0,0.0
2024-08-30 13:32:00+09:00,579.7999877929688,579.7999877929688,579.7000122070312,579.7999877929688,2300,0.0,0.0
2024-08-30 13:33:00+09:00,579.7999877929688,579.7999877929688,579.7999877929688,579.7999877929688,900,0.0,0.0
2024-08-30 13:34:00+09:00,579.7999877929688,580.2000122070312,579.7000122070312,580.2000122070312,7100,0.0,0.0
2024-08-30 13:35:00+09:00,580.2999877929688,580.4000244140625,580.2000122070312,580.2999877929688,2700,0.0,0.0
2024-08-30 13:36:00+09:00,580.2999877929688,580.4000244140625,580.2000122070312,580.2999877929688,2000,0.0,0.0
2024-08-30 13:37:00+09:00,580.5,580.5,580.4000244140625,580.4000244140625,3300,0.0,0.0
2024-08-30 13:38:00+09:00,580.5999755859375,580.7999877929688,580.4000244140625,580.5999755859375,6800,0.0,0.0
2024-08-30 13:39:00+09:00,580.7000122070312,580.7999877929688,580.5,580.5,8600,0.0,0.0
2024-08-30 13:40:00+09:00,580.5,580.7000122070312,580.5,580.5999755859375,3300,0.0,0.0
2024-08-30 13:41:00+09:00,580.7999877929688,580.7999877929688,580.5999755859375,580.7999877929688,1100,0.0,0.0
2024-08-30 13:42:00+09:00,580.5999755859375,580.7999877929688,580.5999755859375,580.5999755859375,2100,0.0,0.0
2024-08-30 13:43:00+09:00,580.5999755859375,580.5999755859375,580.5,580.5999755859375,4800,0.0,0.0
2024-08-30 13:44:00+09:00,580.5999755859375,580.7000122070312,580.5999755859375,580.7000122070312,8700,0.0,0.0
2024-08-30 13:45:00+09:00,580.7999877929688,580.7999877929688,580.5999755859375,580.7000122070312,2500,0.0,0.0
2024-08-30 13:46:00+09:00,580.7000122070312,580.9000244140625,580.7000122070312,580.9000244140625,2300,0.0,0.0
2024-08-30 13:47:00+09:00,580.9000244140625,580.9000244140625,580.7000122070312,580.7000122070312,6200,0.0,0.0
2024-08-30 13:48:00+09:00,580.9000244140625,580.9000244140625,580.7000122070312,580.7000122070312,1200,0.0,0.0
2024-08-30 13:49:00+09:00,580.9000244140625,581.0,580.7999877929688,580.9000244140625,2500,0.0,0.0
2024-08-30 13:50:00+09:00,580.7999877929688,580.9000244140625,580.7999877929688,580.9000244140625,1600,0.0,0.0
2024-08-30 13:51:00+09:00,580.9000244140625,581.0,580.9000244140625,580.9000244140625,13400,0.0,0.0
2024-08-30 13:52:00+09:00,580.7999877929688,581.0,580.7999877929688,581.0,3400,0.0,0.0
2024-08-30 13:53:00+09:00,581.0,581.0,580.7000122070312,580.7000122070312,4400,0.0,0.0
2024-08-30 13:54:00+09:00,580.7000122070312,580.7000122070312,580.7000122070312,580.7000122070312,3000,0.0,0.0
2024-08-30 13:55:00+09:00,580.7000122070312,580.7000122070312,580.4000244140625,580.4000244140625,6800,0.0,0.0
2024-08-30 13:56:00+09:00,580.5,580.5,580.5,580.5,400,0.0,0.0
2024-08-30 13:57:00+09:00,580.5,580.5,580.2999877929688,580.2999877929688,6300,0.0,0.0
2024-08-30 13:58:00+09:00,580.4000244140625,580.4000244140625,580.2999877929688,580.2999877929688,800,0.0,0.0
2024-08-30 13:59:00+09:00,580.2999877929688,580.5,580.2999877929688,580.4000244140625,3600,0.0,0.0
2024-08-30 14:00:00+09:00,580.4000244140625,580.5,580.4000244140625,580.4000244140625,2900,0.0,0.0
2024-08-30 14:01:00+09:00,580.4000244140625,580.4000244140625,580.2000122070312,580.2000122070312,4900,0.0,0.0
2024-08-30 14:02:00+09:00,580.2000122070312,580.2000122070312,580.2000122070312,580.2000122070312,500,0.0,0.0
2024-08-30 14:03:00+09:00,580.0999755859375,580.2999877929688,580.0999755859375,580.0999755859375,3000,0.0,0.0
2024-08-30 14:04:00+09:00,580.0999755859375,580.2000122070312,580.0,580.0,2800,0.0,0.0
2024-08-30 14:05:00+09:00,580.0,580.0,579.7999877929688,579.9000244140625,7900,0.0,0.0
2024-08-30 14:06:00+09:00,579.9000244140625,579.9000244140625,579.7000122070312,579.7000122070312,1900,0.0,0.0
2024-08-30 14:07:00+09:00,579.7999877929688,579.9000244140625,579.7000122070312,579.7999877929688,3500,0.0,0.0
2024-08-30 14:08:00+09:00,579.7999877929688,579.7999877929688,579.7000122070312,579.7000122070312,3500,0.0,0.0
2024-08-30 14:09:00+09:00,579.7999877929688,579.7999877929688,579.7999877929688,579.7999877929688,4400,0.0,0.0
2024-08-30 14:10:00+09:00,579.9000244140625,579.9000244140625,579.7999877929688,579.7999877929688,1200,0.0,0.0
2024-08-30 14:11:00+09:00,579.7999877929688,579.9000244140625,579.7999877929688,579.9000244140625,6300,0.0,0.0
2024-08-30 14:12:00+09:00,579.9000244140625,579.9000244140625,579.9000244140625,579.9000244140625,1300,0.0,0.0
2024-08-30 14:13:00+09:00,579.9000244140625,579.9000244140625,579.7000122070312,579.7999877929688,4600,0.0,0.0
2024-08-30 14:14:00+09:00,579.9000244140625,580.0999755859375,579.9000244140625,580.0,4600,0.0,0.0
2024-08-30 14:15:00+09:00,579.9000244140625,580.0999755859375,579.9000244140625,580.0999755859375,7200,0.0,0.0
2024-08-30 14:16:00+09:00,580.2000122070312,580.2999877929688,580.0999755859375,580.2000122070312,6200,0.0,0.0
2024-08-30 14:17:00+09:00,580.2999877929688,580.4000244140625,580.2999877929688,580.4000244140625,3400,0.0,0.0
2024-08-30 14:18:00+09:00,580.2999877929688,580.4000244140625,580.2999877929688,580.2999877929688,3200,0.0,0.0
2024-08-30 14:19:00+09:00,580.2000122070312,580.2000122070312,580.0999755859375,580.0999755859375,4400,0.0,0.0
2024-08-30 14:20:00+09:00,580.0,580.0,579.7999877929688,579.7999877929688,8100,0.0,0.0
2024-08-30 14:21:00+09:00,579.7999877929688,579.9000244140625,579.7000122070312,579.7000122070312,2600,0.0,0.0
2024-08-30 14:22:00+09:00,579.7000122070312,579.7000122070312,579.5999755859375,579.7000122070312,9000,0.0,0.0
2024-08-30 14:23:00+09:00,579.5999755859375,579.5999755859375,579.5,579.5,12200,0.0,0.0
2024-08-30 14:24:00+09:00,579.5999755859375,579.7000122070312,579.5,579.5999755859375,4900,0.0,0.0
2024-08-30 14:25:00+09:00,579.5999755859375,579.5999755859375,579.5999755859375,579.5999755859375,1600,0.0,0.0
2024-08-30 14:26:00+09:00,579.5999755859375,579.5999755859375,579.5999755859375,579.5999755859375,3400,0.0,0.0
2024-08-30 14:27:00+09:00,579.5999755859375,579.9000244140625,579.5999755859375,579.7999877929688,8600,0.0,0.0
2024-08-30 14:28:00+09:00,579.7999877929688,579.9000244140625,579.7999877929688,579.7999877929688,1100,0.0,0.0
2024-08-30 14:29:00+09:00,579.9000244140625,580.2999877929688,579.5999755859375,580.0999755859375,14900,0.0,0.0
2024-08-30 14:30:00+09:00,580.2000122070312,580.4000244140625,580.2000122070312,580.4000244140625,4400,0.0,0.0
2024-08-30 14:31:00+09:00,580.5,580.5999755859375,580.2999877929688,580.2999877929688,2200,0.0,0.0
2024-08-30 14:32:00+09:00,580.4000244140625,580.4000244140625,580.2999877929688,580.2999877929688,2400,0.0,0.0
2024-08-30 14:33:00+09:00,580.5,580.5,580.2999877929688,580.4000244140625,800,0.0,0.0
2024-08-30 14:34:00+09:00,580.4000244140625,580.7000122070312,580.2999877929688,580.7000122070312,4500,0.0,0.0
2024-08-30 14:35:00+09:00,580.5999755859375,580.7999877929688,580.5,580.7999877929688,4000,0.0,0.0
2024-08-30 14:36:00+09:00,580.7999877929688,580.9000244140625,580.7000122070312,580.9000244140625,3000,0.0,0.0
2024-08-30 14:37:00+09:00,580.9000244140625,581.0,580.7999877929688,581.0,3200,0.0,0.0
2024-08-30 14:38:00+09:00,581.0,581.0,580.9000244140625,581.0,1500,0.0,0.0
2024-08-30 14:39:00+09:00,581.0,581.2999877929688,581.0,581.2000122070312,13900,0.0,0.0
2024-08-30 14:40:00+09:00,581.2000122070312,581.5999755859375,581.2000122070312,581.5999755859375,6400,0.0,0.0
2024-08-30 14:41:00+09:00,581.5999755859375,581.7000122070312,581.4000244140625,581.4000244140625,4400,0.0,0.0
2024-08-30 14:42:00+09:00,581.5,581.5999755859375,581.2999877929688,581.5999755859375,3300,0.0,0.0
2024-08-30 14:43:00+09:00,581.5999755859375,581.7000122070312,581.5,581.5999755859375,5000,0.0,0.0
2024-08-30 14:44:00+09:00,581.7000122070312,582.0,581.7000122070312,582.0,9300,0.0,0.0
2024-08-30 14:45:00+09:00,582.0999755859375,582.2000122070312,582.0999755859375,582.0999755859375,3300,0.0,0.0
2024-08-30 14:46:00+09:00,582.2999877929688,582.5999755859375,582.0999755859375,582.5999755859375,6100,0.0,0.0
2024-08-30 14:47:00+09:00,582.4000244140625,582.7999877929688,582.4000244140625,582.7999877929688,4700,0.0,0.0
2024-08-30 14:48:00+09:00,582.7999877929688,583.0,582.7999877929688,583.0,4500,0.0,0.0
2024-08-30 14:49:00+09:00,582.7999877929688,582.9000244140625,582.7999877929688,582.7999877929688,3500,0.0,0.0
2024-08-30 14:50:00+09:00,582.9000244140625,583.2999877929688,582.9000244140625,583.0999755859375,21600,0.0,0.0
2024-08-30 14:51:00+09:00,583.0,584.0,583.0,583.7999877929688,9500,0.0,0.0
2024-08-30 14:52:00+09:00,583.7000122070312,584.2999877929688,583.7000122070312,584.0,14700,0.0,0.0
2024-08-30 14:53:00+09:00,584.2000122070312,584.2000122070312,583.7000122070312,583.7000122070312,11500,0.0,0.0
2024-08-30 14:54:00+09:00,583.7999877929688,584.0999755859375,583.7000122070312,584.0999755859375,10900,0.0,0.0
2024-08-30 14:55:00+09:00,584.2000122070312,584.7000122070312,584.0,584.5,16600,0.0,0.0
2024-08-30 14:56:00+09:00,584.5999755859375,584.7000122070312,584.0999755859375,584.0999755859375,11500,0.0,0.0
2024-08-30 14:57:00+09:00,584.4000244140625,584.4000244140625,583.5999755859375,583.5999755859375,15600,0.0,0.0
2024-08-30 14:58:00+09:00,583.5999755859375,583.7000122070312,582.7999877929688,582.7999877929688,14600,0.0,0.0
2024-08-30 14:59:00+09:00,582.7999877929688,583.5,581.5,582.2000122070312,49700,0.0,0.0
