Datetime,Open,High,Low,Close,Volume,Dividends,Stock Splits
2022-08-12 09:00:00+09:00,1137.0,1160.0,1131.0,1156.0,32300,0.0,0.0
2022-08-12 10:00:00+09:00,1155.0,1160.0,1150.0,1153.0,12000,0.0,0.0
2022-08-12 11:00:00+09:00,1157.0,1163.0,1155.0,1155.0,0,0.0,0.0
2022-08-12 12:00:00+09:00,1151.0,1157.0,1151.0,1155.0,53100,0.0,0.0
2022-08-12 13:00:00+09:00,1155.0,1155.0,1153.0,1153.0,800,0.0,0.0
2022-08-12 14:00:00+09:00,1153.0,1154.0,1150.0,1153.0,7900,0.0,0.0
2022-08-15 09:00:00+09:00,1152.0,1177.0,1151.0,1165.0,0,0.0,0.0
2022-08-15 10:00:00+09:00,1165.0,1167.0,1161.0,1162.0,25000,0.0,0.0
2022-08-15 11:00:00+09:00,1162.0,1162.0,1162.0,1162.0,0,0.0,0.0
2022-08-15 12:00:00+09:00,1163.0,1171.0,1163.0,1166.0,28900,0.0,0.0
2022-08-15 13:00:00+09:00,1165.0,1165.0,1161.0,1164.0,2200,0.0,0.0
2022-08-15 14:00:00+09:00,1165.0,1170.0,1165.0,1165.0,6400,0.0,0.0
2022-08-16 09:00:00+09:00,1163.0,1163.0,1143.0,1143.0,4100,0.0,0.0
2022-08-16 10:00:00+09:00,1144.0,1144.0,1135.0,1137.0,9300,0.0,0.0
2022-08-16 11:00:00+09:00,1138.0,1138.0,1136.0,1136.0,0,0.0,0.0
2022-08-16 12:00:00+09:00,1143.0,1143.0,1133.0,1134.0,18100,0.0,0.0
2022-08-16 13:00:00+09:00,1133.0,1138.0,1133.0,1133.0,4800,0.0,0.0
2022-08-16 14:00:00+09:00,1135.0,1138.0,1135.0,1135.0,3300,0.0,0.0
2022-08-17 09:00:00+09:00,1143.0,1150.0,1130.0,1145.0,6300,0.0,0.0
2022-08-17 10:00:00+09:00,1145.0,1145.0,1140.0,1145.0,800,0.0,0.0
2022-08-17 11:00:00+09:00,1143.0,1150.0,1143.0,1150.0,0,0.0,0.0
2022-08-17 12:00:00+09:00,1148.0,1152.0,1148.0,1152.0,11200,0.0,0.0
2022-08-17 13:00:00+09:00,1153.0,1165.0,1153.0,1157.0,7700,0.0,0.0
2022-08-17 14:00:00+09:00,1156.0,1166.0,1152.0,1163.0,21700,0.0,0.0
2022-08-18 09:00:00+09:00,1156.0,1160.0,1151.0,1155.0,3700,0.0,0.0
2022-08-18 10:00:00+09:00,1160.0,1174.0,1160.0,1169.0,7100,0.0,0.0
2022-08-18 11:00:00+09:00,1170.0,1183.0,1170.0,1183.0,0,0.0,0.0
2022-08-18 12:00:00+09:00,1182.0,1186.0,1175.0,1182.0,43800,0.0,0.0
2022-08-18 13:00:00+09:00,1180.0,1181.0,1170.0,1179.0,9900,0.0,0.0
2022-08-18 14:00:00+09:00,1179.0,1183.0,1175.0,1178.0,11300,0.0,0.0
2022-08-19 09:00:00+09:00,1175.0,1188.0,1172.0,1179.0,7600,0.0,0.0
2022-08-19 10:00:00+09:00,1184.0,1184.0,1174.0,1180.0,6400,0.0,0.0
2022-08-19 11:00:00+09:00,1181.0,1186.0,1181.0,1186.0,0,0.0,0.0
2022-08-19 12:00:00+09:00,1186.0,1186.0,1179.0,1183.0,21900,0.0,0.0
2022-08-19 13:00:00+09:00,1183.0,1184.0,1172.0,1173.0,0,0.0,0.0
2022-08-19 14:00:00+09:00,1171.0,1171.0,1162.0,1167.0,34400,0.0,0.0
2022-08-22 09:00:00+09:00,1170.0,1234.0,1170.0,1230.0,72100,0.0,0.0
2022-08-22 10:00:00+09:00,1230.0,1236.0,1222.0,1229.0,19400,0.0,0.0
2022-08-22 11:00:00+09:00,1228.0,1239.0,1226.0,1226.0,0,0.0,0.0
2022-08-22 12:00:00+09:00,1223.0,1223.0,1199.0,1203.0,159400,0.0,0.0
2022-08-22 13:00:00+09:00,1204.0,1205.0,1195.0,1200.0,0,0.0,0.0
2022-08-22 14:00:00+09:00,1200.0,1201.0,1195.0,1200.0,180000,0.0,0.0
2022-08-23 09:00:00+09:00,1199.0,1224.0,1185.0,1224.0,20600,0.0,0.0
2022-08-23 10:00:00+09:00,1224.0,1224.0,1206.0,1209.0,4000,0.0,0.0
2022-08-23 11:00:00+09:00,1211.0,1212.0,1208.0,1208.0,0,0.0,0.0
2022-08-23 12:00:00+09:00,1214.0,1214.0,1203.0,1204.0,33200,0.0,0.0
2022-08-23 13:00:00+09:00,1206.0,1207.0,1200.0,1203.0,3200,0.0,0.0
2022-08-23 14:00:00+09:00,1203.0,1204.0,1195.0,1198.0,6600,0.0,0.0
2022-08-24 09:00:00+09:00,1191.0,1192.0,1182.0,1188.0,16000,0.0,0.0
2022-08-24 10:00:00+09:00,1186.0,1188.0,1182.0,1184.0,3800,0.0,0.0
2022-08-24 11:00:00+09:00,1185.0,1192.0,1182.0,1192.0,0,0.0,0.0
2022-08-24 12:00:00+09:00,1192.0,1195.0,1190.0,1194.0,23600,0.0,0.0
2022-08-24 13:00:00+09:00,1194.0,1202.0,1194.0,1199.0,3300,0.0,0.0
2022-08-24 14:00:00+09:00,1199.0,1206.0,1197.0,1206.0,5100,0.0,0.0
2022-08-25 09:00:00+09:00,1200.0,1209.0,1195.0,1201.0,5500,0.0,0.0
2022-08-25 10:00:00+09:00,1201.0,1201.0,1198.0,1198.0,500,0.0,0.0
2022-08-25 11:00:00+09:00,1197.0,1197.0,1192.0,1195.0,0,0.0,0.0
2022-08-25 12:00:00+09:00,1193.0,1199.0,1193.0,1198.0,8600,0.0,0.0
2022-08-25 13:00:00+09:00,1197.0,1198.0,1192.0,1192.0,3300,0.0,0.0
2022-08-25 14:00:00+09:00,1191.0,1192.0,1186.0,1186.0,6900,0.0,0.0
2022-08-26 09:00:00+09:00,1186.0,1190.0,1184.0,1185.0,4300,0.0,0.0
2022-08-26 10:00:00+09:00,1187.0,1187.0,1177.0,1177.0,7900,0.0,0.0
2022-08-26 11:00:00+09:00,1179.0,1179.0,1177.0,1177.0,0,0.0,0.0
2022-08-26 12:00:00+09:00,1173.0,1177.0,1173.0,1177.0,15700,0.0,0.0
2022-08-26 13:00:00+09:00,1176.0,1176.0,1176.0,1176.0,200,0.0,0.0
2022-08-26 14:00:00+09:00,1175.0,1180.0,1175.0,1175.0,2800,0.0,0.0
2022-08-29 09:00:00+09:00,1151.0,1159.0,1144.0,1154.0,24500,0.0,0.0
2022-08-29 10:00:00+09:00,1151.0,1154.0,1148.0,1154.0,4700,0.0,0.0
2022-08-29 11:00:00+09:00,1151.0,1151.0,1151.0,1151.0,0,0.0,0.0
2022-08-29 12:00:00+09:00,1151.0,1151.0,1151.0,1151.0,29800,0.0,0.0
2022-08-29 13:00:00+09:00,1153.0,1153.0,1150.0,1150.0,1600,0.0,0.0
2022-08-29 14:00:00+09:00,1152.0,1159.0,1152.0,1154.0,3400,0.0,0.0
2022-08-30 09:00:00+09:00,1160.0,1173.0,1154.0,1167.0,5500,0.0,0.0
2022-08-30 10:00:00+09:00,1165.0,1166.0,1161.0,1166.0,2900,0.0,0.0
2022-08-30 11:00:00+09:00,1167.0,1167.0,1167.0,1167.0,0,0.0,0.0
2022-08-30 12:00:00+09:00,1168.0,1176.0,1168.0,1174.0,11700,0.0,0.0
2022-08-30 13:00:00+09:00,1174.0,1177.0,1170.0,1174.0,1600,0.0,0.0
2022-08-30 14:00:00+09:00,1175.0,1175.0,1165.0,1175.0,7300,0.0,0.0
2022-08-31 09:00:00+09:00,1175.0,1175.0,1164.0,1169.0,2500,0.0,0.0
2022-08-31 10:00:00+09:00,1170.0,1170.0,1164.0,1164.0,1900,0.0,0.0
2022-08-31 11:00:00+09:00,1165.0,1165.0,1165.0,1165.0,0,0.0,0.0
2022-08-31 12:00:00+09:00,1165.0,1165.0,1165.0,1165.0,4800,0.0,0.0
2022-08-31 13:00:00+09:00,1166.0,1197.0,1166.0,1173.0,10500,0.0,0.0
2022-08-31 14:00:00+09:00,1174.0,1184.0,1174.0,1181.0,9000,0.0,0.0
2022-09-01 09:00:00+09:00,1180.0,1180.0,1163.0,1163.0,6700,0.0,0.0
2022-09-01 10:00:00+09:00,1164.0,1165.0,1158.0,1161.0,5600,0.0,0.0
2022-09-01 11:00:00+09:00,1162.0,1162.0,1161.0,1161.0,0,0.0,0.0
2022-09-01 12:00:00+09:00,1161.0,1163.0,1158.0,1163.0,16000,0.0,0.0
2022-09-01 13:00:00+09:00,1160.0,1160.0,1157.0,1157.0,2000,0.0,0.0
2022-09-01 14:00:00+09:00,1157.0,1195.0,1154.0,1182.0,84900,0.0,0.0
2022-09-02 09:00:00+09:00,1158.0,1158.0,1130.0,1132.0,34800,0.0,0.0
2022-09-02 10:00:00+09:00,1134.0,1140.0,1134.0,1136.0,6200,0.0,0.0
2022-09-02 11:00:00+09:00,1136.0,1144.0,1133.0,1144.0,0,0.0,0.0
2022-09-02 12:00:00+09:00,1143.0,1143.0,1130.0,1135.0,54400,0.0,0.0
2022-09-02 13:00:00+09:00,1135.0,1135.0,1129.0,1134.0,0,0.0,0.0
2022-09-02 14:00:00+09:00,1133.0,1134.0,1131.0,1131.0,69100,0.0,0.0
2022-09-05 09:00:00+09:00,1128.0,1132.0,1124.0,1124.0,9000,0.0,0.0
2022-09-05 10:00:00+09:00,1123.0,1125.0,1122.0,1122.0,6200,0.0,0.0
2022-09-05 11:00:00+09:00,1123.0,1125.0,1122.0,1124.0,0,0.0,0.0
2022-09-05 12:00:00+09:00,1126.0,1132.0,1124.0,1127.0,20000,0.0,0.0
2022-09-05 13:00:00+09:00,1129.0,1132.0,1128.0,1132.0,1200,0.0,0.0
2022-09-05 14:00:00+09:00,1129.0,1130.0,1126.0,1129.0,5100,0.0,0.0
2022-09-06 09:00:00+09:00,1130.0,1150.0,1130.0,1150.0,17400,0.0,0.0
2022-09-06 10:00:00+09:00,1149.0,1149.0,1142.0,1148.0,3100,0.0,0.0
2022-09-06 11:00:00+09:00,1145.0,1146.0,1145.0,1146.0,0,0.0,0.0
2022-09-06 12:00:00+09:00,1144.0,1145.0,1140.0,1144.0,23100,0.0,0.0
2022-09-06 13:00:00+09:00,1144.0,1153.0,1143.0,1151.0,6200,0.0,0.0
2022-09-06 14:00:00+09:00,1150.0,1154.0,1148.0,1148.0,5200,0.0,0.0
2022-09-07 09:00:00+09:00,1155.0,1179.0,1135.0,1135.0,41500,0.0,0.0
2022-09-07 10:00:00+09:00,1137.0,1138.0,1133.0,1133.0,2700,0.0,0.0
2022-09-07 11:00:00+09:00,1133.0,1133.0,1129.0,1132.0,0,0.0,0.0
2022-09-07 12:00:00+09:00,1133.0,1134.0,1126.0,1132.0,54500,0.0,0.0
2022-09-07 13:00:00+09:00,1128.0,1132.0,1127.0,1128.0,6200,0.0,0.0
2022-09-07 14:00:00+09:00,1129.0,1134.0,1127.0,1132.0,5400,0.0,0.0
2022-09-08 09:00:00+09:00,1131.0,1134.0,1130.0,1130.0,2400,0.0,0.0
2022-09-08 10:00:00+09:00,1131.0,1133.0,1125.0,1126.0,10200,0.0,0.0
2022-09-08 11:00:00+09:00,1126.0,1128.0,1125.0,1128.0,0,0.0,0.0
2022-09-08 12:00:00+09:00,1130.0,1130.0,1127.0,1127.0,17300,0.0,0.0
2022-09-08 13:00:00+09:00,1127.0,1133.0,1127.0,1133.0,3900,0.0,0.0
2022-09-08 14:00:00+09:00,1130.0,1136.0,1130.0,1135.0,3200,0.0,0.0
2022-09-09 09:00:00+09:00,1131.0,1145.0,1125.0,1145.0,8000,0.0,0.0
2022-09-09 10:00:00+09:00,1135.0,1138.0,1131.0,1133.0,2100,0.0,0.0
2022-09-09 11:00:00+09:00,1138.0,1138.0,1138.0,1138.0,0,0.0,0.0
2022-09-09 12:00:00+09:00,1135.0,1142.0,1135.0,1139.0,12400,0.0,0.0
2022-09-09 13:00:00+09:00,1139.0,1140.0,1138.0,1139.0,1700,0.0,0.0
2022-09-09 14:00:00+09:00,1141.0,1143.0,1138.0,1140.0,5600,0.0,0.0
2022-09-12 09:00:00+09:00,1138.0,1140.0,1134.0,1134.0,3700,0.0,0.0
2022-09-12 10:00:00+09:00,1134.0,1136.0,1134.0,1134.0,1200,0.0,0.0
2022-09-12 11:00:00+09:00,1136.0,1140.0,1134.0,1140.0,0,0.0,0.0
2022-09-12 12:00:00+09:00,1136.0,1137.0,1134.0,1134.0,6800,0.0,0.0
2022-09-12 13:00:00+09:00,1134.0,1138.0,1132.0,1136.0,3100,0.0,0.0
2022-09-12 14:00:00+09:00,1134.0,1135.0,1132.0,1133.0,3900,0.0,0.0
2022-09-13 09:00:00+09:00,1131.0,1138.0,1131.0,1138.0,3800,0.0,0.0
2022-09-13 10:00:00+09:00,1139.0,1145.0,1139.0,1143.0,4600,0.0,0.0
2022-09-13 11:00:00+09:00,1142.0,1142.0,1138.0,1138.0,0,0.0,0.0
2022-09-13 13:00:00+09:00,1139.0,1145.0,1137.0,1137.0,14100,0.0,0.0
2022-09-13 14:00:00+09:00,1139.0,1144.0,1139.0,1143.0,4600,0.0,0.0
2022-09-14 09:00:00+09:00,1130.0,1138.0,1117.0,1122.0,19600,0.0,0.0
2022-09-14 10:00:00+09:00,1122.0,1122.0,1119.0,1120.0,4700,0.0,0.0
2022-09-14 11:00:00+09:00,1122.0,1123.0,1121.0,1122.0,0,0.0,0.0
2022-09-14 12:00:00+09:00,1123.0,1125.0,1121.0,1124.0,29200,0.0,0.0
2022-09-14 13:00:00+09:00,1121.0,1123.0,1121.0,1122.0,1100,0.0,0.0
2022-09-14 14:00:00+09:00,1123.0,1126.0,1123.0,1126.0,3500,0.0,0.0
2022-09-15 09:00:00+09:00,1126.0,1129.0,1122.0,1126.0,3200,0.0,0.0
2022-09-15 10:00:00+09:00,1125.0,1125.0,1120.0,1123.0,2100,0.0,0.0
2022-09-15 11:00:00+09:00,1121.0,1122.0,1114.0,1117.0,0,0.0,0.0
2022-09-15 12:00:00+09:00,1118.0,1119.0,1115.0,1119.0,14500,0.0,0.0
2022-09-15 13:00:00+09:00,1117.0,1118.0,1115.0,1118.0,1300,0.0,0.0
2022-09-15 14:00:00+09:00,1119.0,1120.0,1118.0,1119.0,3600,0.0,0.0
2022-09-16 09:00:00+09:00,1115.0,1121.0,1113.0,1114.0,8900,0.0,0.0
2022-09-16 10:00:00+09:00,1112.0,1112.0,1103.0,1105.0,13100,0.0,0.0
2022-09-16 11:00:00+09:00,1105.0,1107.0,1102.0,1105.0,0,0.0,0.0
2022-09-16 12:00:00+09:00,1105.0,1105.0,1103.0,1103.0,28000,0.0,0.0
2022-09-16 13:00:00+09:00,1104.0,1106.0,1103.0,1104.0,4000,0.0,0.0
2022-09-16 14:00:00+09:00,1104.0,1110.0,1104.0,1108.0,5200,0.0,0.0
2022-09-20 09:00:00+09:00,1180.0,1181.0,1137.0,1143.0,98500,0.0,0.0
2022-09-20 10:00:00+09:00,1145.0,1158.0,1140.0,1146.0,16500,0.0,0.0
2022-09-20 11:00:00+09:00,1143.0,1160.0,1143.0,1146.0,0,0.0,0.0
2022-09-20 12:00:00+09:00,1150.0,1171.0,1150.0,1170.0,140800,0.0,0.0
2022-09-20 13:00:00+09:00,1171.0,1186.0,1165.0,1169.0,25500,0.0,0.0
2022-09-20 14:00:00+09:00,1166.0,1172.0,1161.0,1161.0,11500,0.0,0.0
2022-09-21 09:00:00+09:00,1160.0,1182.0,1147.0,1178.0,13000,0.0,0.0
2022-09-21 10:00:00+09:00,1178.0,1224.0,1177.0,1219.0,50900,0.0,0.0
2022-09-21 11:00:00+09:00,1219.0,1245.0,1217.0,1235.0,0,0.0,0.0
2022-09-21 12:00:00+09:00,1235.0,1267.0,1213.0,1239.0,176500,0.0,0.0
2022-09-21 13:00:00+09:00,1239.0,1247.0,1226.0,1234.0,48600,0.0,0.0
2022-09-21 14:00:00+09:00,1235.0,1243.0,1223.0,1233.0,44000,0.0,0.0
2022-09-22 09:00:00+09:00,1232.0,1289.0,1200.0,1289.0,109300,0.0,0.0
2022-09-22 10:00:00+09:00,1289.0,1315.0,1277.0,1308.0,65300,0.0,0.0
2022-09-22 11:00:00+09:00,1308.0,1344.0,1297.0,1321.0,0,0.0,0.0
2022-09-22 12:00:00+09:00,1321.0,1335.0,1300.0,1330.0,259500,0.0,0.0
2022-09-22 13:00:00+09:00,1332.0,1339.0,1311.0,1316.0,55700,0.0,0.0
2022-09-22 14:00:00+09:00,1316.0,1330.0,1305.0,1315.0,47100,0.0,0.0
2022-09-26 09:00:00+09:00,1319.0,1339.0,1257.0,1304.0,83900,0.0,0.0
2022-09-26 10:00:00+09:00,1305.0,1305.0,1284.0,1288.0,15800,0.0,0.0
2022-09-26 11:00:00+09:00,1288.0,1289.0,1277.0,1277.0,0,0.0,0.0
2022-09-26 12:00:00+09:00,1268.0,1273.0,1241.0,1244.0,140900,0.0,0.0
2022-09-26 13:00:00+09:00,1241.0,1243.0,1213.0,1224.0,55200,0.0,0.0
2022-09-26 14:00:00+09:00,1225.0,1233.0,1213.0,1225.0,28700,0.0,0.0
2022-09-27 09:00:00+09:00,1213.0,1214.0,1190.0,1205.0,32600,0.0,0.0
2022-09-27 10:00:00+09:00,1207.0,1230.0,1207.0,1225.0,11700,0.0,0.0
2022-09-27 11:00:00+09:00,1222.0,1224.0,1215.0,1223.0,0,0.0,0.0
2022-09-27 12:00:00+09:00,1218.0,1218.0,1206.0,1210.0,54000,0.0,0.0
2022-09-27 13:00:00+09:00,1207.0,1209.0,1197.0,1209.0,12900,0.0,0.0
2022-09-27 14:00:00+09:00,1208.0,1210.0,1203.0,1210.0,7000,0.0,0.0
2022-09-28 09:00:00+09:00,1211.0,1211.0,1186.0,1208.0,18000,0.0,0.0
2022-09-28 10:00:00+09:00,1208.0,1208.0,1178.0,1183.0,15100,0.0,0.0
2022-09-28 11:00:00+09:00,1185.0,1185.0,1173.0,1174.0,0,0.0,0.0
2022-09-28 12:00:00+09:00,1174.0,1192.0,1174.0,1192.0,42700,0.0,0.0
2022-09-28 13:00:00+09:00,1193.0,1204.0,1183.0,1198.0,5900,0.0,0.0
2022-09-28 14:00:00+09:00,1196.0,1202.0,1189.0,1198.0,8800,0.0,0.0
2022-09-29 09:00:00+09:00,1199.0,1275.0,1199.0,1234.0,52200,0.0,0.0
2022-09-29 10:00:00+09:00,1234.0,1251.0,1231.0,1242.0,12600,0.0,0.0
2022-09-29 11:00:00+09:00,1241.0,1241.0,1228.0,1230.0,0,0.0,0.0
2022-09-29 12:00:00+09:00,1228.0,1228.0,1223.0,1224.0,72700,0.0,0.0
2022-09-29 13:00:00+09:00,1225.0,1233.0,1225.0,1230.0,3100,0.0,0.0
2022-09-29 14:00:00+09:00,1230.0,1244.0,1227.0,1233.0,8700,0.0,0.0
2022-09-30 09:00:00+09:00,1250.0,1290.0,1229.0,1262.0,45000,0.0,0.0
2022-09-30 10:00:00+09:00,1263.0,1263.0,1246.0,1257.0,7900,0.0,0.0
2022-09-30 11:00:00+09:00,1250.0,1250.0,1233.0,1236.0,0,0.0,0.0
2022-09-30 12:00:00+09:00,1236.0,1237.0,1216.0,1223.0,65900,0.0,0.0
2022-09-30 13:00:00+09:00,1228.0,1254.0,1228.0,1254.0,12200,0.0,0.0
2022-09-30 14:00:00+09:00,1251.0,1252.0,1243.0,1247.0,5200,0.0,0.0
2022-10-03 09:00:00+09:00,1249.0,1285.0,1249.0,1265.0,27300,0.0,0.0
2022-10-03 10:00:00+09:00,1268.0,1271.0,1247.0,1250.0,13600,0.0,0.0
2022-10-03 11:00:00+09:00,1251.0,1251.0,1244.0,1244.0,0,0.0,0.0
2022-10-03 12:00:00+09:00,1245.0,1268.0,1243.0,1268.0,50800,0.0,0.0
2022-10-03 13:00:00+09:00,1267.0,1267.0,1253.0,1254.0,3600,0.0,0.0
2022-10-03 14:00:00+09:00,1259.0,1259.0,1246.0,1251.0,7000,0.0,0.0
2022-10-04 09:00:00+09:00,1295.0,1325.0,1282.0,1294.0,103600,0.0,0.0
2022-10-04 10:00:00+09:00,1291.0,1316.0,1287.0,1296.0,17400,0.0,0.0
2022-10-04 11:00:00+09:00,1296.0,1299.0,1293.0,1296.0,0,0.0,0.0
2022-10-04 12:00:00+09:00,1300.0,1300.0,1283.0,1291.0,133300,0.0,0.0
2022-10-04 13:00:00+09:00,1287.0,1294.0,1280.0,1280.0,7300,0.0,0.0
2022-10-04 14:00:00+09:00,1280.0,1282.0,1272.0,1280.0,12400,0.0,0.0
2022-10-05 09:00:00+09:00,1278.0,1278.0,1251.0,1260.0,13300,0.0,0.0
2022-10-05 10:00:00+09:00,1270.0,1291.0,1270.0,1281.0,11600,0.0,0.0
2022-10-05 11:00:00+09:00,1279.0,1282.0,1272.0,1279.0,0,0.0,0.0
2022-10-05 12:00:00+09:00,1279.0,1285.0,1278.0,1281.0,31900,0.0,0.0
2022-10-05 13:00:00+09:00,1278.0,1286.0,1274.0,1279.0,3500,0.0,0.0
2022-10-05 14:00:00+09:00,1281.0,1287.0,1275.0,1281.0,10000,0.0,0.0
2022-10-06 09:00:00+09:00,1280.0,1295.0,1274.0,1282.0,9100,0.0,0.0
2022-10-06 10:00:00+09:00,1284.0,1304.0,1283.0,1298.0,9200,0.0,0.0
2022-10-06 11:00:00+09:00,1300.0,1301.0,1292.0,1296.0,0,0.0,0.0
2022-10-06 12:00:00+09:00,1296.0,1297.0,1285.0,1285.0,26400,0.0,0.0
2022-10-06 13:00:00+09:00,1286.0,1300.0,1286.0,1299.0,4300,0.0,0.0
2022-10-06 14:00:00+09:00,1297.0,1300.0,1292.0,1292.0,8900,0.0,0.0
2022-10-07 09:00:00+09:00,1290.0,1293.0,1277.0,1291.0,0,0.0,0.0
2022-10-07 10:00:00+09:00,1288.0,1290.0,1286.0,1286.0,10400,0.0,0.0
2022-10-07 11:00:00+09:00,1286.0,1286.0,1276.0,1276.0,0,0.0,0.0
2022-10-07 12:00:00+09:00,1276.0,1276.0,1256.0,1262.0,20400,0.0,0.0
2022-10-07 13:00:00+09:00,1262.0,1265.0,1260.0,1264.0,3200,0.0,0.0
2022-10-07 14:00:00+09:00,1263.0,1274.0,1262.0,1270.0,9000,0.0,0.0
2022-10-11 09:00:00+09:00,1315.0,1340.0,1291.0,1291.0,32100,0.0,0.0
2022-10-11 10:00:00+09:00,1295.0,1297.0,1280.0,1280.0,9100,0.0,0.0
2022-10-11 11:00:00+09:00,1282.0,1295.0,1282.0,1293.0,0,0.0,0.0
2022-10-11 12:00:00+09:00,1293.0,1303.0,1287.0,1303.0,49000,0.0,0.0
2022-10-11 13:00:00+09:00,1298.0,1298.0,1293.0,1296.0,2600,0.0,0.0
2022-10-11 14:00:00+09:00,1294.0,1301.0,1290.0,1298.0,7400,0.0,0.0
2022-10-12 09:00:00+09:00,1286.0,1287.0,1255.0,1266.0,23200,0.0,0.0
2022-10-12 10:00:00+09:00,1264.0,1264.0,1245.0,1251.0,12600,0.0,0.0
2022-10-12 11:00:00+09:00,1252.0,1253.0,1244.0,1247.0,0,0.0,0.0
2022-10-12 12:00:00+09:00,1247.0,1251.0,1242.0,1242.0,44600,0.0,0.0
2022-10-12 13:00:00+09:00,1244.0,1247.0,1243.0,1247.0,2100,0.0,0.0
2022-10-12 14:00:00+09:00,1247.0,1247.0,1240.0,1241.0,9300,0.0,0.0
2022-10-13 09:00:00+09:00,1240.0,1240.0,1207.0,1211.0,14000,0.0,0.0
2022-10-13 10:00:00+09:00,1211.0,1219.0,1205.0,1219.0,8200,0.0,0.0
2022-10-13 11:00:00+09:00,1214.0,1214.0,1210.0,1210.0,0,0.0,0.0
2022-10-13 12:00:00+09:00,1210.0,1215.0,1209.0,1213.0,25700,0.0,0.0
2022-10-13 13:00:00+09:00,1212.0,1215.0,1207.0,1210.0,1700,0.0,0.0
2022-10-13 14:00:00+09:00,1208.0,1208.0,1204.0,1204.0,5600,0.0,0.0
2022-10-14 09:00:00+09:00,1216.0,1221.0,1205.0,1217.0,5700,0.0,0.0
2022-10-14 10:00:00+09:00,1217.0,1225.0,1214.0,1224.0,4600,0.0,0.0
2022-10-14 11:00:00+09:00,1225.0,1228.0,1223.0,1225.0,0,0.0,0.0
2022-10-14 12:00:00+09:00,1225.0,1231.0,1225.0,1230.0,16200,0.0,0.0
2022-10-14 13:00:00+09:00,1227.0,1227.0,1219.0,1219.0,4500,0.0,0.0
2022-10-14 14:00:00+09:00,1219.0,1219.0,1167.0,1196.0,52100,0.0,0.0
2022-10-17 09:00:00+09:00,1194.0,1218.0,1190.0,1216.0,0,0.0,0.0
2022-10-17 10:00:00+09:00,1216.0,1224.0,1212.0,1218.0,0,0.0,0.0
2022-10-17 11:00:00+09:00,1218.0,1222.0,1218.0,1222.0,0,0.0,0.0
2022-10-17 12:00:00+09:00,1223.0,1230.0,1223.0,1223.0,23800,0.0,0.0
2022-10-17 13:00:00+09:00,1223.0,1226.0,1223.0,1226.0,0,0.0,0.0
2022-10-17 14:00:00+09:00,1224.0,1228.0,1219.0,1219.0,29400,0.0,0.0
2022-10-18 09:00:00+09:00,1230.0,1235.0,1226.0,1228.0,5700,0.0,0.0
2022-10-18 10:00:00+09:00,1227.0,1234.0,1226.0,1234.0,1200,0.0,0.0
2022-10-18 11:00:00+09:00,1234.0,1234.0,1234.0,1234.0,0,0.0,0.0
2022-10-18 12:00:00+09:00,1229.0,1229.0,1224.0,1225.0,10400,0.0,0.0
2022-10-18 13:00:00+09:00,1230.0,1233.0,1220.0,1223.0,5100,0.0,0.0
2022-10-18 14:00:00+09:00,1219.0,1223.0,1211.0,1216.0,3400,0.0,0.0
2022-10-19 09:00:00+09:00,1236.0,1236.0,1204.0,1227.0,6500,0.0,0.0
2022-10-19 10:00:00+09:00,1228.0,1232.0,1228.0,1232.0,1800,0.0,0.0
2022-10-19 11:00:00+09:00,1230.0,1230.0,1230.0,1230.0,0,0.0,0.0
2022-10-19 12:00:00+09:00,1225.0,1225.0,1221.0,1225.0,11200,0.0,0.0
2022-10-19 13:00:00+09:00,1229.0,1229.0,1226.0,1226.0,1800,0.0,0.0
2022-10-19 14:00:00+09:00,1229.0,1233.0,1228.0,1231.0,9200,0.0,0.0
2022-10-20 09:00:00+09:00,1237.0,1242.0,1225.0,1227.0,8600,0.0,0.0
2022-10-20 10:00:00+09:00,1226.0,1228.0,1219.0,1219.0,4100,0.0,0.0
2022-10-20 11:00:00+09:00,1221.0,1223.0,1217.0,1217.0,0,0.0,0.0
2022-10-20 12:00:00+09:00,1218.0,1220.0,1210.0,1218.0,19700,0.0,0.0
2022-10-20 13:00:00+09:00,1215.0,1222.0,1215.0,1218.0,1600,0.0,0.0
2022-10-20 14:00:00+09:00,1214.0,1220.0,1214.0,1219.0,2100,0.0,0.0
2022-10-21 09:00:00+09:00,1216.0,1216.0,1202.0,1209.0,7800,0.0,0.0
2022-10-21 10:00:00+09:00,1208.0,1213.0,1207.0,1213.0,1700,0.0,0.0
2022-10-21 11:00:00+09:00,1213.0,1213.0,1213.0,1213.0,0,0.0,0.0
2022-10-21 12:00:00+09:00,1209.0,1213.0,1209.0,1209.0,12000,0.0,0.0
2022-10-21 13:00:00+09:00,1209.0,1225.0,1209.0,1217.0,4400,0.0,0.0
2022-10-21 14:00:00+09:00,1217.0,1225.0,1217.0,1224.0,4600,0.0,0.0
2022-10-24 09:00:00+09:00,1229.0,1241.0,1222.0,1233.0,11300,0.0,0.0
2022-10-24 10:00:00+09:00,1233.0,1249.0,1223.0,1245.0,10400,0.0,0.0
2022-10-24 11:00:00+09:00,1245.0,1245.0,1235.0,1235.0,0,0.0,0.0
2022-10-24 12:00:00+09:00,1239.0,1246.0,1236.0,1241.0,26800,0.0,0.0
2022-10-24 13:00:00+09:00,1242.0,1253.0,1241.0,1245.0,6400,0.0,0.0
2022-10-24 14:00:00+09:00,1245.0,1254.0,1242.0,1254.0,5000,0.0,0.0
2022-10-25 09:00:00+09:00,1266.0,1298.0,1264.0,1286.0,29200,0.0,0.0
2022-10-25 10:00:00+09:00,1285.0,1288.0,1273.0,1279.0,7800,0.0,0.0
2022-10-25 11:00:00+09:00,1279.0,1282.0,1279.0,1280.0,0,0.0,0.0
2022-10-25 12:00:00+09:00,1280.0,1284.0,1272.0,1274.0,44800,0.0,0.0
2022-10-25 13:00:00+09:00,1277.0,1282.0,1277.0,1277.0,2700,0.0,0.0
2022-10-25 14:00:00+09:00,1281.0,1288.0,1275.0,1276.0,7600,0.0,0.0
2022-10-26 09:00:00+09:00,1278.0,1281.0,1257.0,1265.0,11600,0.0,0.0
2022-10-26 10:00:00+09:00,1265.0,1272.0,1262.0,1267.0,5200,0.0,0.0
2022-10-26 11:00:00+09:00,1268.0,1274.0,1268.0,1274.0,0,0.0,0.0
2022-10-26 12:00:00+09:00,1270.0,1274.0,1270.0,1274.0,18400,0.0,0.0
2022-10-26 13:00:00+09:00,1272.0,1272.0,1264.0,1268.0,3900,0.0,0.0
2022-10-26 14:00:00+09:00,1266.0,1273.0,1264.0,1267.0,2300,0.0,0.0
2022-10-27 09:00:00+09:00,1275.0,1275.0,1257.0,1265.0,7300,0.0,0.0
2022-10-27 10:00:00+09:00,1265.0,1279.0,1261.0,1279.0,5200,0.0,0.0
2022-10-27 11:00:00+09:00,1279.0,1280.0,1274.0,1274.0,0,0.0,0.0
2022-10-27 12:00:00+09:00,1275.0,1278.0,1275.0,1276.0,15900,0.0,0.0
2022-10-27 13:00:00+09:00,1277.0,1285.0,1276.0,1278.0,5400,0.0,0.0
2022-10-27 14:00:00+09:00,1280.0,1280.0,1274.0,1276.0,3600,0.0,0.0
2022-10-28 09:00:00+09:00,1280.0,1280.0,1254.0,1264.0,9400,0.0,0.0
2022-10-28 10:00:00+09:00,1264.0,1265.0,1259.0,1259.0,300,0.0,0.0
2022-10-28 11:00:00+09:00,1264.0,1265.0,1256.0,1256.0,0,0.0,0.0
2022-10-28 12:00:00+09:00,1264.0,1264.0,1257.0,1261.0,14700,0.0,0.0
2022-10-28 13:00:00+09:00,1261.0,1264.0,1259.0,1261.0,4100,0.0,0.0
2022-10-28 14:00:00+09:00,1258.0,1261.0,1255.0,1260.0,3500,0.0,0.0
2022-10-31 09:00:00+09:00,1271.0,1271.0,1241.0,1266.0,10500,0.0,0.0
2022-10-31 10:00:00+09:00,1264.0,1283.0,1260.0,1283.0,10200,0.0,0.0
2022-10-31 11:00:00+09:00,1278.0,1288.0,1277.0,1282.0,0,0.0,0.0
2022-10-31 12:00:00+09:00,1289.0,1303.0,1288.0,1295.0,42900,0.0,0.0
2022-10-31 13:00:00+09:00,1298.0,1298.0,1290.0,1290.0,1600,0.0,0.0
2022-10-31 14:00:00+09:00,1290.0,1293.0,1285.0,1285.0,6000,0.0,0.0
2022-11-01 09:00:00+09:00,1296.0,1296.0,1278.0,1279.0,7000,0.0,0.0
2022-11-01 10:00:00+09:00,1284.0,1287.0,1273.0,1287.0,6100,0.0,0.0
2022-11-01 11:00:00+09:00,1285.0,1290.0,1285.0,1289.0,0,0.0,0.0
2022-11-01 12:00:00+09:00,1289.0,1291.0,1285.0,1290.0,15200,0.0,0.0
2022-11-01 13:00:00+09:00,1290.0,1290.0,1285.0,1285.0,2300,0.0,0.0
2022-11-01 14:00:00+09:00,1290.0,1303.0,1290.0,1292.0,9800,0.0,0.0
2022-11-02 09:00:00+09:00,1288.0,1317.0,1288.0,1292.0,13200,0.0,0.0
2022-11-02 10:00:00+09:00,1296.0,1309.0,1296.0,1298.0,6400,0.0,0.0
2022-11-02 11:00:00+09:00,1297.0,1299.0,1293.0,1299.0,0,0.0,0.0
2022-11-02 12:00:00+09:00,1303.0,1303.0,1294.0,1297.0,22000,0.0,0.0
2022-11-02 13:00:00+09:00,1299.0,1299.0,1291.0,1292.0,2900,0.0,0.0
2022-11-02 14:00:00+09:00,1298.0,1307.0,1294.0,1294.0,7200,0.0,0.0
2022-11-04 09:00:00+09:00,1320.0,1381.0,1317.0,1363.0,66400,0.0,0.0
2022-11-04 10:00:00+09:00,1363.0,1368.0,1347.0,1353.0,18800,0.0,0.0
2022-11-04 11:00:00+09:00,1361.0,1361.0,1340.0,1340.0,0,0.0,0.0
2022-11-04 12:00:00+09:00,1348.0,1348.0,1326.0,1329.0,141500,0.0,0.0
2022-11-04 13:00:00+09:00,1333.0,1346.0,1321.0,1332.0,11800,0.0,0.0
2022-11-04 14:00:00+09:00,1328.0,1329.0,1313.0,1329.0,19100,0.0,0.0
2022-11-07 09:00:00+09:00,1331.0,1340.0,1303.0,1313.0,0,0.0,0.0
2022-11-07 10:00:00+09:00,1317.0,1317.0,1303.0,1311.0,6900,0.0,0.0
2022-11-07 11:00:00+09:00,1309.0,1309.0,1306.0,1306.0,0,0.0,0.0
2022-11-07 12:00:00+09:00,1306.0,1311.0,1304.0,1306.0,31300,0.0,0.0
2022-11-07 13:00:00+09:00,1307.0,1307.0,1300.0,1304.0,7900,0.0,0.0
2022-11-07 14:00:00+09:00,1304.0,1306.0,1295.0,1303.0,6300,0.0,0.0
2022-11-08 09:00:00+09:00,1301.0,1301.0,1282.0,1287.0,8700,0.0,0.0
2022-11-08 10:00:00+09:00,1286.0,1291.0,1276.0,1285.0,11400,0.0,0.0
2022-11-08 11:00:00+09:00,1285.0,1285.0,1285.0,1285.0,0,0.0,0.0
2022-11-08 12:00:00+09:00,1285.0,1288.0,1283.0,1286.0,21100,0.0,0.0
2022-11-08 13:00:00+09:00,1289.0,1294.0,1289.0,1292.0,5600,0.0,0.0
2022-11-08 14:00:00+09:00,1290.0,1290.0,1281.0,1282.0,4900,0.0,0.0
2022-11-09 09:00:00+09:00,1270.0,1270.0,1253.0,1265.0,13900,0.0,0.0
2022-11-09 10:00:00+09:00,1261.0,1261.0,1251.0,1251.0,4400,0.0,0.0
2022-11-09 11:00:00+09:00,1254.0,1256.0,1253.0,1254.0,0,0.0,0.0
2022-11-09 12:00:00+09:00,1254.0,1255.0,1251.0,1255.0,22900,0.0,0.0
2022-11-09 13:00:00+09:00,1253.0,1253.0,1248.0,1253.0,3900,0.0,0.0
2022-11-09 14:00:00+09:00,1255.0,1255.0,1250.0,1253.0,4600,0.0,0.0
2022-11-10 09:00:00+09:00,1250.0,1277.0,1241.0,1263.0,9300,0.0,0.0
2022-11-10 10:00:00+09:00,1270.0,1279.0,1245.0,1251.0,7500,0.0,0.0
2022-11-10 11:00:00+09:00,1253.0,1263.0,1247.0,1263.0,0,0.0,0.0
2022-11-10 12:00:00+09:00,1251.0,1251.0,1243.0,1250.0,20300,0.0,0.0
2022-11-10 13:00:00+09:00,1250.0,1252.0,1246.0,1251.0,1500,0.0,0.0
2022-11-10 14:00:00+09:00,1250.0,1262.0,1250.0,1254.0,9000,0.0,0.0
2022-11-11 09:00:00+09:00,1260.0,1262.0,1232.0,1242.0,13500,0.0,0.0
2022-11-11 10:00:00+09:00,1239.0,1242.0,1237.0,1242.0,1000,0.0,0.0
2022-11-11 11:00:00+09:00,1239.0,1239.0,1235.0,1235.0,0,0.0,0.0
2022-11-11 12:00:00+09:00,1237.0,1239.0,1234.0,1239.0,17100,0.0,0.0
2022-11-11 13:00:00+09:00,1240.0,1243.0,1237.0,1242.0,2100,0.0,0.0
2022-11-11 14:00:00+09:00,1239.0,1239.0,1232.0,1237.0,5800,0.0,0.0
2022-11-14 09:00:00+09:00,1225.0,1225.0,1208.0,1222.0,11500,0.0,0.0
2022-11-14 10:00:00+09:00,1221.0,1230.0,1220.0,1230.0,2700,0.0,0.0
2022-11-14 11:00:00+09:00,1232.0,1232.0,1232.0,1232.0,0,0.0,0.0
2022-11-14 12:00:00+09:00,1232.0,1237.0,1225.0,1225.0,17500,0.0,0.0
2022-11-14 13:00:00+09:00,1234.0,1237.0,1234.0,1237.0,1400,0.0,0.0
2022-11-14 14:00:00+09:00,1242.0,1242.0,1233.0,1234.0,1200,0.0,0.0
2022-11-15 09:00:00+09:00,1228.0,1230.0,1211.0,1223.0,6000,0.0,0.0
2022-11-15 10:00:00+09:00,1223.0,1235.0,1219.0,1225.0,1400,0.0,0.0
2022-11-15 11:00:00+09:00,1221.0,1225.0,1220.0,1225.0,0,0.0,0.0
2022-11-15 12:00:00+09:00,1219.0,1226.0,1219.0,1225.0,9700,0.0,0.0
2022-11-15 13:00:00+09:00,1225.0,1229.0,1225.0,1229.0,0,0.0,0.0
2022-11-15 14:00:00+09:00,1230.0,1238.0,1230.0,1232.0,13400,0.0,0.0
2022-11-16 09:00:00+09:00,1290.0,1316.0,1261.0,1295.0,73000,0.0,0.0
2022-11-16 10:00:00+09:00,1294.0,1306.0,1275.0,1285.0,13900,0.0,0.0
2022-11-16 11:00:00+09:00,1285.0,1287.0,1275.0,1282.0,0,0.0,0.0
2022-11-16 12:00:00+09:00,1280.0,1280.0,1246.0,1250.0,120100,0.0,0.0
2022-11-16 13:00:00+09:00,1249.0,1253.0,1242.0,1249.0,9300,0.0,0.0
2022-11-16 14:00:00+09:00,1247.0,1262.0,1247.0,1258.0,14800,0.0,0.0
2022-11-17 09:00:00+09:00,1250.0,1250.0,1228.0,1237.0,11600,0.0,0.0
2022-11-17 10:00:00+09:00,1244.0,1250.0,1241.0,1250.0,1700,0.0,0.0
2022-11-17 11:00:00+09:00,1251.0,1251.0,1244.0,1245.0,0,0.0,0.0
2022-11-17 12:00:00+09:00,1246.0,1250.0,1245.0,1250.0,17800,0.0,0.0
2022-11-17 13:00:00+09:00,1250.0,1250.0,1245.0,1248.0,1600,0.0,0.0
2022-11-17 14:00:00+09:00,1244.0,1244.0,1237.0,1237.0,3700,0.0,0.0
2022-11-18 09:00:00+09:00,1247.0,1249.0,1220.0,1221.0,13600,0.0,0.0
2022-11-18 10:00:00+09:00,1220.0,1249.0,1220.0,1236.0,8300,0.0,0.0
2022-11-18 11:00:00+09:00,1238.0,1256.0,1238.0,1247.0,0,0.0,0.0
2022-11-18 12:00:00+09:00,1247.0,1259.0,1247.0,1259.0,42400,0.0,0.0
2022-11-18 13:00:00+09:00,1256.0,1258.0,1250.0,1250.0,4900,0.0,0.0
2022-11-18 14:00:00+09:00,1253.0,1268.0,1252.0,1261.0,12700,0.0,0.0
2022-11-21 09:00:00+09:00,1263.0,1271.0,1257.0,1265.0,0,0.0,0.0
2022-11-21 10:00:00+09:00,1267.0,1275.0,1252.0,1275.0,18200,0.0,0.0
2022-11-21 11:00:00+09:00,1275.0,1278.0,1271.0,1276.0,0,0.0,0.0
2022-11-21 12:00:00+09:00,1276.0,1276.0,1271.0,1275.0,23700,0.0,0.0
2022-11-21 13:00:00+09:00,1275.0,1280.0,1273.0,1280.0,2900,0.0,0.0
2022-11-21 14:00:00+09:00,1276.0,1280.0,1272.0,1274.0,4200,0.0,0.0
2022-11-22 09:00:00+09:00,1279.0,1279.0,1271.0,1272.0,5700,0.0,0.0
2022-11-22 10:00:00+09:00,1275.0,1276.0,1268.0,1272.0,0,0.0,0.0
2022-11-22 11:00:00+09:00,1270.0,1271.0,1267.0,1267.0,0,0.0,0.0
2022-11-22 12:00:00+09:00,1264.0,1272.0,1263.0,1272.0,11200,0.0,0.0
2022-11-22 13:00:00+09:00,1271.0,1271.0,1270.0,1270.0,800,0.0,0.0
2022-11-22 14:00:00+09:00,1269.0,1272.0,1268.0,1270.0,2100,0.0,0.0
2022-11-24 09:00:00+09:00,1270.0,1281.0,1270.0,1279.0,0,0.0,0.0
2022-11-24 10:00:00+09:00,1277.0,1289.0,1277.0,1282.0,19900,0.0,0.0
2022-11-24 11:00:00+09:00,1283.0,1285.0,1278.0,1278.0,0,0.0,0.0
2022-11-24 12:00:00+09:00,1278.0,1288.0,1278.0,1282.0,27300,0.0,0.0
2022-11-24 13:00:00+09:00,1282.0,1285.0,1279.0,1282.0,2500,0.0,0.0
2022-11-24 14:00:00+09:00,1282.0,1282.0,1278.0,1281.0,3200,0.0,0.0
2022-11-25 09:00:00+09:00,1288.0,1288.0,1277.0,1278.0,2700,0.0,0.0
2022-11-25 10:00:00+09:00,1278.0,1283.0,1275.0,1283.0,4400,0.0,0.0
2022-11-25 11:00:00+09:00,1281.0,1282.0,1280.0,1280.0,0,0.0,0.0
2022-11-25 12:00:00+09:00,1283.0,1283.0,1281.0,1281.0,8800,0.0,0.0
2022-11-25 13:00:00+09:00,1284.0,1287.0,1283.0,1285.0,1200,0.0,0.0
2022-11-25 14:00:00+09:00,1283.0,1286.0,1281.0,1281.0,3600,0.0,0.0
2022-11-28 09:00:00+09:00,1281.0,1307.0,1281.0,1293.0,18700,0.0,0.0
2022-11-28 10:00:00+09:00,1295.0,1295.0,1284.0,1287.0,1600,0.0,0.0
2022-11-28 11:00:00+09:00,1285.0,1289.0,1285.0,1289.0,0,0.0,0.0
2022-11-28 12:00:00+09:00,1293.0,1295.0,1292.0,1295.0,22900,0.0,0.0
2022-11-28 13:00:00+09:00,1291.0,1293.0,1290.0,1291.0,1300,0.0,0.0
2022-11-28 14:00:00+09:00,1290.0,1291.0,1288.0,1288.0,2800,0.0,0.0
2022-11-29 09:00:00+09:00,1287.0,1310.0,1287.0,1304.0,17500,0.0,0.0
2022-11-29 10:00:00+09:00,1304.0,1306.0,1300.0,1300.0,2400,0.0,0.0
2022-11-29 11:00:00+09:00,1300.0,1304.0,1300.0,1301.0,0,0.0,0.0
2022-11-29 12:00:00+09:00,1305.0,1305.0,1298.0,1301.0,23800,0.0,0.0
2022-11-29 13:00:00+09:00,1301.0,1301.0,1298.0,1298.0,1300,0.0,0.0
2022-11-29 14:00:00+09:00,1301.0,1302.0,1298.0,1298.0,4000,0.0,0.0
2022-11-30 09:00:00+09:00,1305.0,1318.0,1302.0,1306.0,0,0.0,0.0
2022-11-30 10:00:00+09:00,1308.0,1309.0,1305.0,1305.0,14100,0.0,0.0
2022-11-30 11:00:00+09:00,1306.0,1306.0,1302.0,1302.0,0,0.0,0.0
2022-11-30 12:00:00+09:00,1303.0,1304.0,1302.0,1302.0,18400,0.0,0.0
2022-11-30 13:00:00+09:00,1303.0,1304.0,1301.0,1301.0,1800,0.0,0.0
2022-11-30 14:00:00+09:00,1302.0,1310.0,1302.0,1309.0,7100,0.0,0.0
2022-12-01 09:00:00+09:00,1320.0,1340.0,1311.0,1331.0,23500,0.0,0.0
2022-12-01 10:00:00+09:00,1330.0,1337.0,1325.0,1329.0,8700,0.0,0.0
2022-12-01 11:00:00+09:00,1329.0,1330.0,1329.0,1330.0,0,0.0,0.0
2022-12-01 12:00:00+09:00,1335.0,1335.0,1322.0,1326.0,40400,0.0,0.0
2022-12-01 13:00:00+09:00,1326.0,1330.0,1322.0,1322.0,0,0.0,0.0
2022-12-01 14:00:00+09:00,1326.0,1326.0,1319.0,1320.0,52000,0.0,0.0
2022-12-02 09:00:00+09:00,1317.0,1317.0,1284.0,1286.0,19400,0.0,0.0
2022-12-02 10:00:00+09:00,1285.0,1305.0,1280.0,1296.0,13400,0.0,0.0
2022-12-02 11:00:00+09:00,1292.0,1293.0,1292.0,1293.0,0,0.0,0.0
2022-12-02 12:00:00+09:00,1293.0,1299.0,1293.0,1298.0,36000,0.0,0.0
2022-12-02 13:00:00+09:00,1299.0,1299.0,1299.0,1299.0,400,0.0,0.0
2022-12-02 14:00:00+09:00,1301.0,1302.0,1298.0,1298.0,2200,0.0,0.0
2022-12-05 09:00:00+09:00,1319.0,1319.0,1286.0,1294.0,5500,0.0,0.0
2022-12-05 10:00:00+09:00,1294.0,1296.0,1271.0,1271.0,7300,0.0,0.0
2022-12-05 11:00:00+09:00,1272.0,1279.0,1270.0,1279.0,0,0.0,0.0
2022-12-05 12:00:00+09:00,1275.0,1275.0,1264.0,1273.0,19500,0.0,0.0
2022-12-05 13:00:00+09:00,1272.0,1276.0,1270.0,1270.0,2800,0.0,0.0
2022-12-05 14:00:00+09:00,1268.0,1272.0,1265.0,1272.0,4000,0.0,0.0
2022-12-06 09:00:00+09:00,1273.0,1304.0,1271.0,1304.0,18500,0.0,0.0
2022-12-06 10:00:00+09:00,1305.0,1307.0,1300.0,1300.0,3100,0.0,0.0
2022-12-06 11:00:00+09:00,1301.0,1301.0,1293.0,1298.0,0,0.0,0.0
2022-12-06 12:00:00+09:00,1298.0,1299.0,1292.0,1298.0,27600,0.0,0.0
2022-12-06 13:00:00+09:00,1298.0,1299.0,1292.0,1299.0,1700,0.0,0.0
2022-12-06 14:00:00+09:00,1299.0,1303.0,1294.0,1298.0,10000,0.0,0.0
2022-12-07 09:00:00+09:00,1302.0,1305.0,1295.0,1302.0,3300,0.0,0.0
2022-12-07 10:00:00+09:00,1302.0,1302.0,1296.0,1296.0,2000,0.0,0.0
2022-12-07 11:00:00+09:00,1298.0,1299.0,1298.0,1299.0,0,0.0,0.0
2022-12-07 12:00:00+09:00,1298.0,1302.0,1297.0,1302.0,7500,0.0,0.0
2022-12-07 13:00:00+09:00,1301.0,1309.0,1300.0,1307.0,3200,0.0,0.0
2022-12-07 14:00:00+09:00,1310.0,1322.0,1309.0,1314.0,11200,0.0,0.0
2022-12-08 09:00:00+09:00,1310.0,1313.0,1280.0,1291.0,11300,0.0,0.0
2022-12-08 10:00:00+09:00,1299.0,1301.0,1299.0,1301.0,900,0.0,0.0
2022-12-08 11:00:00+09:00,1303.0,1305.0,1303.0,1305.0,0,0.0,0.0
2022-12-08 12:00:00+09:00,1308.0,1325.0,1302.0,1318.0,26200,0.0,0.0
2022-12-08 13:00:00+09:00,1318.0,1318.0,1310.0,1310.0,2600,0.0,0.0
2022-12-08 14:00:00+09:00,1310.0,1323.0,1310.0,1313.0,5500,0.0,0.0
2022-12-09 09:00:00+09:00,1306.0,1318.0,1306.0,1316.0,5600,0.0,0.0
2022-12-09 10:00:00+09:00,1317.0,1318.0,1312.0,1315.0,2600,0.0,0.0
2022-12-09 11:00:00+09:00,1315.0,1315.0,1315.0,1315.0,0,0.0,0.0
2022-12-09 12:00:00+09:00,1313.0,1315.0,1313.0,1315.0,11200,0.0,0.0
2022-12-09 13:00:00+09:00,1317.0,1322.0,1317.0,1321.0,9300,0.0,0.0
2022-12-09 14:00:00+09:00,1322.0,1337.0,1322.0,1331.0,18700,0.0,0.0
2022-12-12 09:00:00+09:00,1365.0,1419.0,1355.0,1377.0,35900,0.0,0.0
2022-12-12 10:00:00+09:00,1380.0,1459.0,1380.0,1445.0,56000,0.0,0.0
2022-12-12 11:00:00+09:00,1437.0,1460.0,1428.0,1453.0,0,0.0,0.0
2022-12-12 12:00:00+09:00,1444.0,1450.0,1406.0,1431.0,177800,0.0,0.0
2022-12-12 13:00:00+09:00,1430.0,1445.0,1424.0,1431.0,20400,0.0,0.0
2022-12-12 14:00:00+09:00,1433.0,1469.0,1433.0,1456.0,49300,0.0,0.0
2022-12-13 09:00:00+09:00,1465.0,1474.0,1420.0,1420.0,55500,0.0,0.0
2022-12-13 10:00:00+09:00,1423.0,1438.0,1415.0,1427.0,17200,0.0,0.0
2022-12-13 11:00:00+09:00,1427.0,1433.0,1421.0,1433.0,0,0.0,0.0
2022-12-13 12:00:00+09:00,1431.0,1432.0,1415.0,1415.0,81600,0.0,0.0
2022-12-13 13:00:00+09:00,1414.0,1426.0,1410.0,1413.0,8400,0.0,0.0
2022-12-13 14:00:00+09:00,1409.0,1412.0,1403.0,1407.0,12100,0.0,0.0
2022-12-14 09:00:00+09:00,1401.0,1440.0,1401.0,1438.0,17300,0.0,0.0
2022-12-14 10:00:00+09:00,1437.0,1437.0,1404.0,1411.0,13000,0.0,0.0
2022-12-14 11:00:00+09:00,1411.0,1416.0,1395.0,1397.0,0,0.0,0.0
2022-12-14 12:00:00+09:00,1402.0,1403.0,1397.0,1397.0,42100,0.0,0.0
2022-12-14 13:00:00+09:00,1397.0,1399.0,1388.0,1398.0,9500,0.0,0.0
2022-12-14 14:00:00+09:00,1398.0,1399.0,1388.0,1391.0,6600,0.0,0.0
2022-12-15 09:00:00+09:00,1395.0,1429.0,1390.0,1429.0,21800,0.0,0.0
2022-12-15 10:00:00+09:00,1429.0,1462.0,1429.0,1446.0,33800,0.0,0.0
2022-12-15 11:00:00+09:00,1443.0,1443.0,1431.0,1439.0,0,0.0,0.0
2022-12-15 12:00:00+09:00,1440.0,1446.0,1421.0,1443.0,73600,0.0,0.0
2022-12-15 13:00:00+09:00,1445.0,1445.0,1433.0,1442.0,5400,0.0,0.0
2022-12-15 14:00:00+09:00,1442.0,1452.0,1440.0,1451.0,11900,0.0,0.0
2022-12-16 09:00:00+09:00,1432.0,1450.0,1398.0,1410.0,36500,0.0,0.0
2022-12-16 10:00:00+09:00,1410.0,1411.0,1385.0,1390.0,25300,0.0,0.0
2022-12-16 11:00:00+09:00,1391.0,1399.0,1389.0,1391.0,0,0.0,0.0
2022-12-16 12:00:00+09:00,1399.0,1399.0,1390.0,1392.0,78600,0.0,0.0
2022-12-16 13:00:00+09:00,1393.0,1396.0,1388.0,1390.0,5300,0.0,0.0
2022-12-16 14:00:00+09:00,1388.0,1391.0,1350.0,1385.0,41600,0.0,0.0
2022-12-19 09:00:00+09:00,1354.0,1414.0,1354.0,1402.0,32300,0.0,0.0
2022-12-19 10:00:00+09:00,1402.0,1411.0,1399.0,1404.0,5900,0.0,0.0
2022-12-19 11:00:00+09:00,1404.0,1404.0,1396.0,1399.0,0,0.0,0.0
2022-12-19 12:00:00+09:00,1400.0,1400.0,1390.0,1399.0,49100,0.0,0.0
2022-12-19 13:00:00+09:00,1399.0,1404.0,1395.0,1395.0,3600,0.0,0.0
2022-12-19 14:00:00+09:00,1395.0,1399.0,1389.0,1389.0,5800,0.0,0.0
2022-12-20 09:00:00+09:00,1448.0,1575.0,1448.0,1574.0,334600,0.0,0.0
2022-12-20 10:00:00+09:00,1575.0,1680.0,1571.0,1659.0,641900,0.0,0.0
2022-12-20 11:00:00+09:00,1659.0,1678.0,1640.0,1678.0,0,0.0,0.0
2022-12-20 12:00:00+09:00,1638.0,1658.0,1570.0,1606.0,1336800,0.0,0.0
2022-12-20 13:00:00+09:00,1606.0,1612.0,1500.0,1571.0,240600,0.0,0.0
2022-12-20 14:00:00+09:00,1566.0,1623.0,1531.0,1578.0,217500,0.0,0.0
2022-12-21 09:00:00+09:00,1574.0,1660.0,1561.0,1592.0,385600,0.0,0.0
2022-12-21 10:00:00+09:00,1591.0,1605.0,1536.0,1557.0,124200,0.0,0.0
2022-12-21 11:00:00+09:00,1556.0,1570.0,1530.0,1550.0,0,0.0,0.0
2022-12-21 12:00:00+09:00,1545.0,1566.0,1508.0,1561.0,615300,0.0,0.0
2022-12-21 13:00:00+09:00,1568.0,1600.0,1565.0,1595.0,67200,0.0,0.0
2022-12-21 14:00:00+09:00,1595.0,1595.0,1565.0,1570.0,59800,0.0,0.0
2022-12-22 09:00:00+09:00,1610.0,1625.0,1441.0,1492.0,249300,0.0,0.0
2022-12-22 10:00:00+09:00,1482.0,1490.0,1452.0,1486.0,100500,0.0,0.0
2022-12-22 11:00:00+09:00,1487.0,1495.0,1472.0,1480.0,0,0.0,0.0
2022-12-22 12:00:00+09:00,1488.0,1508.0,1472.0,1506.0,382800,0.0,0.0
2022-12-22 13:00:00+09:00,1505.0,1505.0,1476.0,1489.0,19600,0.0,0.0
2022-12-22 14:00:00+09:00,1489.0,1507.0,1485.0,1504.0,40100,0.0,0.0
2022-12-23 09:00:00+09:00,1470.0,1500.0,1450.0,1492.0,43100,0.0,0.0
2022-12-23 10:00:00+09:00,1492.0,1517.0,1488.0,1505.0,14700,0.0,0.0
2022-12-23 11:00:00+09:00,1505.0,1517.0,1504.0,1512.0,0,0.0,0.0
2022-12-23 12:00:00+09:00,1513.0,1513.0,1490.0,1491.0,75800,0.0,0.0
2022-12-23 13:00:00+09:00,1491.0,1502.0,1476.0,1476.0,10900,0.0,0.0
2022-12-23 14:00:00+09:00,1480.0,1483.0,1465.0,1471.0,23500,0.0,0.0
2022-12-26 09:00:00+09:00,1480.0,1546.0,1478.0,1530.0,0,0.0,0.0
2022-12-26 10:00:00+09:00,1527.0,1556.0,1497.0,1554.0,57300,0.0,0.0
2022-12-26 11:00:00+09:00,1555.0,1568.0,1549.0,1559.0,0,0.0,0.0
2022-12-26 12:00:00+09:00,1567.0,1567.0,1541.0,1550.0,179700,0.0,0.0
2022-12-26 13:00:00+09:00,1550.0,1562.0,1524.0,1544.0,30500,0.0,0.0
2022-12-26 14:00:00+09:00,1544.0,1557.0,1540.0,1549.0,24600,0.0,0.0
2022-12-27 09:00:00+09:00,1590.0,1605.0,1542.0,1605.0,120100,0.0,0.0
2022-12-27 10:00:00+09:00,1600.0,1629.0,1566.0,1617.0,83300,0.0,0.0
2022-12-27 11:00:00+09:00,1619.0,1620.0,1581.0,1594.0,0,0.0,0.0
2022-12-27 12:00:00+09:00,1594.0,1604.0,1573.0,1573.0,232200,0.0,0.0
2022-12-27 13:00:00+09:00,1574.0,1610.0,1574.0,1603.0,32000,0.0,0.0
2022-12-27 14:00:00+09:00,1601.0,1605.0,1594.0,1597.0,20200,0.0,0.0
2022-12-28 09:00:00+09:00,1611.0,1629.0,1568.0,1583.0,84700,0.0,0.0
2022-12-28 10:00:00+09:00,1580.0,1587.0,1568.0,1570.0,24200,0.0,0.0
2022-12-28 11:00:00+09:00,1572.0,1577.0,1565.0,1570.0,0,0.0,0.0
2022-12-28 12:00:00+09:00,1570.0,1571.0,1560.0,1568.0,127600,0.0,0.0
2022-12-28 13:00:00+09:00,1569.0,1580.0,1565.0,1573.0,12500,0.0,0.0
2022-12-28 14:00:00+09:00,1573.0,1584.0,1572.0,1584.0,15300,0.0,0.0
2022-12-29 09:00:00+09:00,1561.0,1625.0,1560.0,1617.0,59400,0.0,0.0
2022-12-29 10:00:00+09:00,1620.0,1638.0,1615.0,1623.0,31100,0.0,0.0
2022-12-29 11:00:00+09:00,1631.0,1635.0,1615.0,1615.0,0,0.0,0.0
2022-12-29 12:00:00+09:00,1613.0,1627.0,1613.0,1615.0,106800,0.0,0.0
2022-12-29 13:00:00+09:00,1617.0,1620.0,1598.0,1606.0,12000,0.0,0.0
2022-12-29 14:00:00+09:00,1608.0,1608.0,1591.0,1597.0,15800,0.0,0.0
2022-12-30 09:00:00+09:00,1629.0,1660.0,1578.0,1659.0,94700,0.0,0.0
2022-12-30 10:00:00+09:00,1657.0,1672.0,1637.0,1661.0,64300,0.0,0.0
2022-12-30 11:00:00+09:00,1662.0,1677.0,1662.0,1662.0,0,0.0,0.0
2022-12-30 12:00:00+09:00,1662.0,1665.0,1645.0,1648.0,195400,0.0,0.0
2022-12-30 13:00:00+09:00,1649.0,1679.0,1645.0,1679.0,23600,0.0,0.0
2022-12-30 14:00:00+09:00,1680.0,1685.0,1651.0,1669.0,68400,0.0,0.0
2023-01-04 09:00:00+09:00,1760.0,1770.0,1632.0,1638.0,0,0.0,0.0
2023-01-04 10:00:00+09:00,1637.0,1651.0,1610.0,1636.0,0,0.0,0.0
2023-01-04 11:00:00+09:00,1637.0,1659.0,1637.0,1658.0,0,0.0,0.0
2023-01-04 12:00:00+09:00,1657.0,1658.0,1643.0,1649.0,396800,0.0,0.0
2023-01-04 13:00:00+09:00,1647.0,1662.0,1630.0,1662.0,28600,0.0,0.0
2023-01-04 14:00:00+09:00,1663.0,1666.0,1648.0,1666.0,33100,0.0,0.0
2023-01-05 09:00:00+09:00,1651.0,1659.0,1585.0,1594.0,99200,0.0,0.0
2023-01-05 10:00:00+09:00,1594.0,1596.0,1549.0,1550.0,65000,0.0,0.0
2023-01-05 11:00:00+09:00,1550.0,1579.0,1550.0,1579.0,0,0.0,0.0
2023-01-05 12:00:00+09:00,1580.0,1583.0,1554.0,1554.0,214200,0.0,0.0
2023-01-05 13:00:00+09:00,1560.0,1565.0,1540.0,1556.0,36500,0.0,0.0
2023-01-05 14:00:00+09:00,1558.0,1564.0,1546.0,1551.0,36700,0.0,0.0
2023-01-06 09:00:00+09:00,1523.0,1575.0,1508.0,1559.0,0,0.0,0.0
2023-01-06 10:00:00+09:00,1569.0,1594.0,1564.0,1567.0,92100,0.0,0.0
2023-01-06 11:00:00+09:00,1566.0,1574.0,1561.0,1568.0,0,0.0,0.0
2023-01-06 12:00:00+09:00,1574.0,1574.0,1552.0,1560.0,109400,0.0,0.0
2023-01-06 13:00:00+09:00,1561.0,1561.0,1536.0,1541.0,19200,0.0,0.0
2023-01-06 14:00:00+09:00,1543.0,1548.0,1532.0,1532.0,19900,0.0,0.0
2023-01-10 09:00:00+09:00,1537.0,1563.0,1529.0,1560.0,0,0.0,0.0
2023-01-10 10:00:00+09:00,1560.0,1569.0,1551.0,1564.0,41200,0.0,0.0
2023-01-10 11:00:00+09:00,1560.0,1572.0,1555.0,1568.0,0,0.0,0.0
2023-01-10 12:00:00+09:00,1566.0,1567.0,1558.0,1563.0,56200,0.0,0.0
2023-01-10 13:00:00+09:00,1566.0,1583.0,1566.0,1572.0,13500,0.0,0.0
2023-01-10 14:00:00+09:00,1571.0,1584.0,1571.0,1577.0,16700,0.0,0.0
2023-01-11 09:00:00+09:00,1576.0,1615.0,1567.0,1613.0,29900,0.0,0.0
2023-01-11 10:00:00+09:00,1613.0,1654.0,1613.0,1641.0,38900,0.0,0.0
2023-01-11 11:00:00+09:00,1638.0,1645.0,1628.0,1641.0,0,0.0,0.0
2023-01-11 12:00:00+09:00,1634.0,1647.0,1628.0,1633.0,88700,0.0,0.0
2023-01-11 13:00:00+09:00,1633.0,1638.0,1627.0,1635.0,11700,0.0,0.0
2023-01-11 14:00:00+09:00,1632.0,1640.0,1630.0,1632.0,19000,0.0,0.0
2023-01-12 09:00:00+09:00,1653.0,1653.0,1620.0,1638.0,25400,0.0,0.0
2023-01-12 10:00:00+09:00,1635.0,1650.0,1630.0,1644.0,11600,0.0,0.0
2023-01-12 11:00:00+09:00,1643.0,1650.0,1642.0,1642.0,0,0.0,0.0
2023-01-12 12:00:00+09:00,1642.0,1664.0,1642.0,1655.0,54500,0.0,0.0
2023-01-12 13:00:00+09:00,1652.0,1666.0,1650.0,1650.0,9900,0.0,0.0
2023-01-12 14:00:00+09:00,1652.0,1660.0,1648.0,1650.0,13500,0.0,0.0
2023-01-13 09:00:00+09:00,1660.0,1675.0,1626.0,1636.0,0,0.0,0.0
2023-01-13 10:00:00+09:00,1634.0,1636.0,1613.0,1630.0,55200,0.0,0.0
2023-01-13 11:00:00+09:00,1630.0,1632.0,1622.0,1625.0,0,0.0,0.0
2023-01-13 12:00:00+09:00,1644.0,1644.0,1629.0,1637.0,68200,0.0,0.0
2023-01-13 13:00:00+09:00,1636.0,1636.0,1625.0,1629.0,4200,0.0,0.0
2023-01-13 14:00:00+09:00,1629.0,1629.0,1620.0,1626.0,10700,0.0,0.0
2023-01-16 09:00:00+09:00,1603.0,1627.0,1589.0,1623.0,0,0.0,0.0
2023-01-16 10:00:00+09:00,1619.0,1634.0,1616.0,1626.0,12100,0.0,0.0
2023-01-16 11:00:00+09:00,1625.0,1627.0,1623.0,1624.0,0,0.0,0.0
2023-01-16 12:00:00+09:00,1627.0,1629.0,1612.0,1612.0,51200,0.0,0.0
2023-01-16 13:00:00+09:00,1610.0,1610.0,1593.0,1597.0,7200,0.0,0.0
2023-01-16 14:00:00+09:00,1595.0,1595.0,1572.0,1576.0,19000,0.0,0.0
2023-01-17 09:00:00+09:00,1610.0,1627.0,1560.0,1576.0,21600,0.0,0.0
2023-01-17 10:00:00+09:00,1571.0,1571.0,1550.0,1553.0,13900,0.0,0.0
2023-01-17 11:00:00+09:00,1553.0,1567.0,1548.0,1561.0,0,0.0,0.0
2023-01-17 12:00:00+09:00,1559.0,1561.0,1550.0,1557.0,49600,0.0,0.0
2023-01-17 13:00:00+09:00,1556.0,1561.0,1532.0,1540.0,20200,0.0,0.0
2023-01-17 14:00:00+09:00,1541.0,1551.0,1539.0,1546.0,9400,0.0,0.0
2023-01-18 09:00:00+09:00,1550.0,1550.0,1496.0,1496.0,38100,0.0,0.0
2023-01-18 10:00:00+09:00,1501.0,1527.0,1497.0,1507.0,11000,0.0,0.0
2023-01-18 11:00:00+09:00,1507.0,1510.0,1505.0,1509.0,0,0.0,0.0
2023-01-18 12:00:00+09:00,1530.0,1538.0,1526.0,1528.0,66700,0.0,0.0
2023-01-18 13:00:00+09:00,1530.0,1535.0,1528.0,1530.0,4100,0.0,0.0
2023-01-18 14:00:00+09:00,1533.0,1535.0,1524.0,1524.0,11700,0.0,0.0
2023-01-19 09:00:00+09:00,1528.0,1537.0,1510.0,1537.0,13100,0.0,0.0
2023-01-19 10:00:00+09:00,1540.0,1540.0,1531.0,1534.0,0,0.0,0.0
2023-01-19 11:00:00+09:00,1534.0,1534.0,1524.0,1524.0,0,0.0,0.0
2023-01-19 12:00:00+09:00,1522.0,1527.0,1519.0,1523.0,21500,0.0,0.0
2023-01-19 13:00:00+09:00,1519.0,1520.0,1512.0,1512.0,4000,0.0,0.0
2023-01-19 14:00:00+09:00,1514.0,1526.0,1514.0,1522.0,5400,0.0,0.0
2023-01-20 09:00:00+09:00,1504.0,1520.0,1498.0,1502.0,15700,0.0,0.0
2023-01-20 10:00:00+09:00,1502.0,1504.0,1496.0,1499.0,9600,0.0,0.0
2023-01-20 11:00:00+09:00,1499.0,1507.0,1497.0,1507.0,0,0.0,0.0
2023-01-20 12:00:00+09:00,1506.0,1518.0,1502.0,1513.0,32900,0.0,0.0
2023-01-20 13:00:00+09:00,1512.0,1521.0,1512.0,1518.0,3700,0.0,0.0
2023-01-20 14:00:00+09:00,1518.0,1523.0,1513.0,1515.0,5400,0.0,0.0
2023-01-23 09:00:00+09:00,1523.0,1531.0,1512.0,1526.0,13200,0.0,0.0
2023-01-23 10:00:00+09:00,1524.0,1535.0,1524.0,1529.0,5500,0.0,0.0
2023-01-23 11:00:00+09:00,1530.0,1532.0,1527.0,1527.0,0,0.0,0.0
2023-01-23 12:00:00+09:00,1527.0,1529.0,1521.0,1529.0,22400,0.0,0.0
2023-01-23 13:00:00+09:00,1526.0,1526.0,1516.0,1518.0,3000,0.0,0.0
2023-01-23 14:00:00+09:00,1520.0,1539.0,1513.0,1513.0,16800,0.0,0.0
2023-01-24 09:00:00+09:00,1513.0,1515.0,1467.0,1467.0,52300,0.0,0.0
2023-01-24 10:00:00+09:00,1468.0,1474.0,1461.0,1471.0,16600,0.0,0.0
2023-01-24 11:00:00+09:00,1471.0,1479.0,1468.0,1476.0,0,0.0,0.0
2023-01-24 12:00:00+09:00,1472.0,1476.0,1472.0,1473.0,79000,0.0,0.0
2023-01-24 13:00:00+09:00,1473.0,1478.0,1472.0,1475.0,4000,0.0,0.0
2023-01-24 14:00:00+09:00,1474.0,1474.0,1466.0,1468.0,11300,0.0,0.0
2023-01-25 09:00:00+09:00,1456.0,1470.0,1448.0,1470.0,17200,0.0,0.0
2023-01-25 10:00:00+09:00,1467.0,1471.0,1460.0,1471.0,4400,0.0,0.0
2023-01-25 11:00:00+09:00,1471.0,1475.0,1471.0,1474.0,0,0.0,0.0
2023-01-25 12:00:00+09:00,1474.0,1484.0,1474.0,1481.0,27700,0.0,0.0
2023-01-25 13:00:00+09:00,1482.0,1491.0,1477.0,1485.0,8700,0.0,0.0
2023-01-25 14:00:00+09:00,1485.0,1489.0,1480.0,1482.0,7400,0.0,0.0
2023-01-26 09:00:00+09:00,1482.0,1491.0,1472.0,1475.0,9300,0.0,0.0
2023-01-26 10:00:00+09:00,1473.0,1480.0,1473.0,1479.0,3900,0.0,0.0
2023-01-26 11:00:00+09:00,1482.0,1490.0,1481.0,1490.0,0,0.0,0.0
2023-01-26 12:00:00+09:00,1499.0,1501.0,1493.0,1501.0,23200,0.0,0.0
2023-01-26 13:00:00+09:00,1501.0,1503.0,1489.0,1491.0,3700,0.0,0.0
2023-01-26 14:00:00+09:00,1488.0,1496.0,1488.0,1494.0,5400,0.0,0.0
2023-01-27 09:00:00+09:00,1493.0,1514.0,1486.0,1506.0,17800,0.0,0.0
2023-01-27 10:00:00+09:00,1501.0,1506.0,1496.0,1506.0,7100,0.0,0.0
2023-01-27 11:00:00+09:00,1506.0,1507.0,1503.0,1507.0,0,0.0,0.0
2023-01-27 12:00:00+09:00,1507.0,1507.0,1499.0,1499.0,28400,0.0,0.0
2023-01-27 13:00:00+09:00,1498.0,1501.0,1497.0,1501.0,3900,0.0,0.0
2023-01-27 14:00:00+09:00,1501.0,1505.0,1500.0,1500.0,4700,0.0,0.0
2023-01-30 09:00:00+09:00,1509.0,1511.0,1486.0,1486.0,0,0.0,0.0
2023-01-30 10:00:00+09:00,1489.0,1489.0,1468.0,1468.0,5900,0.0,0.0
2023-01-30 11:00:00+09:00,1468.0,1600.0,1468.0,1598.0,0,0.0,0.0
2023-01-30 12:00:00+09:00,1565.0,1577.0,1432.0,1445.0,517900,0.0,0.0
2023-01-30 13:00:00+09:00,1445.0,1445.0,1406.0,1422.0,104100,0.0,0.0
2023-01-30 14:00:00+09:00,1418.0,1425.0,1409.0,1409.0,55100,0.0,0.0
2023-01-31 09:00:00+09:00,1421.0,1469.0,1408.0,1463.0,86200,0.0,0.0
2023-01-31 10:00:00+09:00,1463.0,1509.0,1459.0,1490.0,79700,0.0,0.0
2023-01-31 11:00:00+09:00,1493.0,1512.0,1493.0,1510.0,0,0.0,0.0
2023-01-31 12:00:00+09:00,1498.0,1520.0,1495.0,1504.0,211400,0.0,0.0
2023-01-31 13:00:00+09:00,1505.0,1506.0,1485.0,1492.0,21800,0.0,0.0
2023-01-31 14:00:00+09:00,1492.0,1493.0,1475.0,1475.0,27200,0.0,0.0
2023-02-01 09:00:00+09:00,1480.0,1487.0,1433.0,1440.0,33300,0.0,0.0
2023-02-01 10:00:00+09:00,1444.0,1455.0,1438.0,1453.0,14900,0.0,0.0
2023-02-01 11:00:00+09:00,1453.0,1453.0,1446.0,1449.0,0,0.0,0.0
2023-02-01 12:00:00+09:00,1449.0,1452.0,1444.0,1447.0,56900,0.0,0.0
2023-02-01 13:00:00+09:00,1445.0,1449.0,1440.0,1446.0,7500,0.0,0.0
2023-02-01 14:00:00+09:00,1447.0,1447.0,1441.0,1444.0,8200,0.0,0.0
2023-02-02 09:00:00+09:00,1440.0,1461.0,1437.0,1450.0,15700,0.0,0.0
2023-02-02 10:00:00+09:00,1451.0,1466.0,1450.0,1462.0,6300,0.0,0.0
2023-02-02 11:00:00+09:00,1461.0,1462.0,1458.0,1460.0,0,0.0,0.0
2023-02-02 12:00:00+09:00,1464.0,1464.0,1450.0,1451.0,31300,0.0,0.0
2023-02-02 13:00:00+09:00,1451.0,1451.0,1449.0,1449.0,2800,0.0,0.0
2023-02-02 14:00:00+09:00,1449.0,1452.0,1443.0,1443.0,6900,0.0,0.0
2023-02-03 09:00:00+09:00,1452.0,1454.0,1433.0,1446.0,10500,0.0,0.0
2023-02-03 10:00:00+09:00,1444.0,1449.0,1439.0,1442.0,8100,0.0,0.0
2023-02-03 11:00:00+09:00,1440.0,1440.0,1427.0,1427.0,0,0.0,0.0
2023-02-03 12:00:00+09:00,1428.0,1441.0,1428.0,1441.0,28300,0.0,0.0
2023-02-03 13:00:00+09:00,1438.0,1440.0,1433.0,1439.0,12500,0.0,0.0
2023-02-03 14:00:00+09:00,1440.0,1454.0,1440.0,1452.0,5900,0.0,0.0
2023-02-06 09:00:00+09:00,1471.0,1477.0,1456.0,1457.0,20400,0.0,0.0
2023-02-06 10:00:00+09:00,1460.0,1463.0,1456.0,1456.0,1800,0.0,0.0
2023-02-06 11:00:00+09:00,1456.0,1456.0,1453.0,1453.0,0,0.0,0.0
2023-02-06 12:00:00+09:00,1450.0,1456.0,1450.0,1453.0,26000,0.0,0.0
2023-02-06 13:00:00+09:00,1456.0,1456.0,1452.0,1452.0,1200,0.0,0.0
2023-02-06 14:00:00+09:00,1451.0,1455.0,1446.0,1452.0,0,0.0,0.0
2023-02-07 09:00:00+09:00,1455.0,1455.0,1443.0,1445.0,7100,0.0,0.0
2023-02-07 10:00:00+09:00,1445.0,1450.0,1442.0,1446.0,4700,0.0,0.0
2023-02-07 11:00:00+09:00,1446.0,1446.0,1446.0,1446.0,0,0.0,0.0
2023-02-07 12:00:00+09:00,1446.0,1457.0,1446.0,1457.0,14500,0.0,0.0
2023-02-07 13:00:00+09:00,1457.0,1458.0,1450.0,1450.0,2700,0.0,0.0
2023-02-07 14:00:00+09:00,1453.0,1455.0,1451.0,1451.0,4500,0.0,0.0
2023-02-08 09:00:00+09:00,1436.0,1452.0,1432.0,1434.0,17000,0.0,0.0
2023-02-08 10:00:00+09:00,1432.0,1433.0,1426.0,1426.0,8900,0.0,0.0
2023-02-08 11:00:00+09:00,1426.0,1426.0,1420.0,1420.0,0,0.0,0.0
2023-02-08 12:00:00+09:00,1423.0,1423.0,1412.0,1413.0,39800,0.0,0.0
2023-02-08 13:00:00+09:00,1415.0,1426.0,1413.0,1426.0,4300,0.0,0.0
2023-02-08 14:00:00+09:00,1428.0,1441.0,1426.0,1436.0,6800,0.0,0.0
2023-02-09 09:00:00+09:00,1425.0,1439.0,1425.0,1436.0,0,0.0,0.0
2023-02-09 10:00:00+09:00,1437.0,1440.0,1435.0,1435.0,7800,0.0,0.0
2023-02-09 11:00:00+09:00,1433.0,1433.0,1431.0,1431.0,0,0.0,0.0
2023-02-09 12:00:00+09:00,1431.0,1442.0,1429.0,1442.0,12400,0.0,0.0
2023-02-09 13:00:00+09:00,1439.0,1439.0,1431.0,1433.0,900,0.0,0.0
2023-02-09 14:00:00+09:00,1435.0,1436.0,1430.0,1430.0,4500,0.0,0.0
2023-02-10 09:00:00+09:00,1423.0,1423.0,1395.0,1399.0,27400,0.0,0.0
2023-02-10 10:00:00+09:00,1400.0,1405.0,1397.0,1401.0,5600,0.0,0.0
2023-02-10 11:00:00+09:00,1400.0,1403.0,1399.0,1403.0,0,0.0,0.0
2023-02-10 12:00:00+09:00,1403.0,1403.0,1392.0,1394.0,41400,0.0,0.0
2023-02-10 13:00:00+09:00,1396.0,1396.0,1392.0,1396.0,3800,0.0,0.0
2023-02-10 14:00:00+09:00,1397.0,1398.0,1387.0,1388.0,17700,0.0,0.0
2023-02-13 09:00:00+09:00,1370.0,1401.0,1360.0,1401.0,15300,0.0,0.0
2023-02-13 10:00:00+09:00,1399.0,1409.0,1395.0,1400.0,6800,0.0,0.0
2023-02-13 11:00:00+09:00,1399.0,1411.0,1399.0,1405.0,0,0.0,0.0
2023-02-13 12:00:00+09:00,1410.0,1416.0,1405.0,1415.0,30700,0.0,0.0
2023-02-13 13:00:00+09:00,1415.0,1428.0,1411.0,1428.0,9100,0.0,0.0
2023-02-13 14:00:00+09:00,1426.0,1428.0,1419.0,1427.0,13100,0.0,0.0
2023-02-14 09:00:00+09:00,1428.0,1438.0,1426.0,1430.0,10800,0.0,0.0
2023-02-14 10:00:00+09:00,1430.0,1432.0,1427.0,1432.0,2100,0.0,0.0
2023-02-14 11:00:00+09:00,1433.0,1442.0,1433.0,1440.0,0,0.0,0.0
2023-02-14 12:00:00+09:00,1440.0,1450.0,1440.0,1444.0,25700,0.0,0.0
2023-02-14 13:00:00+09:00,1444.0,1452.0,1444.0,1449.0,3200,0.0,0.0
2023-02-14 14:00:00+09:00,1450.0,1454.0,1447.0,1449.0,5800,0.0,0.0
2023-02-15 09:00:00+09:00,1473.0,1488.0,1460.0,1460.0,31600,0.0,0.0
2023-02-15 10:00:00+09:00,1460.0,1460.0,1449.0,1453.0,10900,0.0,0.0
2023-02-15 11:00:00+09:00,1450.0,1464.0,1450.0,1451.0,0,0.0,0.0
2023-02-15 12:00:00+09:00,1452.0,1452.0,1442.0,1451.0,58700,0.0,0.0
2023-02-15 13:00:00+09:00,1450.0,1454.0,1448.0,1454.0,1500,0.0,0.0
2023-02-15 14:00:00+09:00,1454.0,1461.0,1451.0,1460.0,7700,0.0,0.0
2023-02-16 09:00:00+09:00,1474.0,1495.0,1463.0,1495.0,27700,0.0,0.0
2023-02-16 10:00:00+09:00,1495.0,1499.0,1490.0,1490.0,13500,0.0,0.0
2023-02-16 11:00:00+09:00,1492.0,1496.0,1491.0,1493.0,0,0.0,0.0
2023-02-16 12:00:00+09:00,1494.0,1503.0,1492.0,1503.0,52200,0.0,0.0
2023-02-16 13:00:00+09:00,1503.0,1506.0,1498.0,1506.0,6300,0.0,0.0
2023-02-16 14:00:00+09:00,1507.0,1513.0,1505.0,1511.0,7700,0.0,0.0
2023-02-17 09:00:00+09:00,1520.0,1565.0,1520.0,1545.0,59900,0.0,0.0
2023-02-17 10:00:00+09:00,1547.0,1565.0,1547.0,1552.0,18200,0.0,0.0
2023-02-17 11:00:00+09:00,1551.0,1556.0,1550.0,1554.0,0,0.0,0.0
2023-02-17 12:00:00+09:00,1554.0,1554.0,1533.0,1533.0,97300,0.0,0.0
2023-02-17 13:00:00+09:00,1534.0,1540.0,1533.0,1536.0,6900,0.0,0.0
2023-02-17 14:00:00+09:00,1536.0,1539.0,1524.0,1539.0,14700,0.0,0.0
2023-02-20 09:00:00+09:00,1599.0,1599.0,1551.0,1559.0,54700,0.0,0.0
2023-02-20 10:00:00+09:00,1557.0,1563.0,1551.0,1554.0,10400,0.0,0.0
2023-02-20 11:00:00+09:00,1554.0,1563.0,1550.0,1552.0,0,0.0,0.0
2023-02-20 12:00:00+09:00,1557.0,1562.0,1546.0,1548.0,82200,0.0,0.0
2023-02-20 13:00:00+09:00,1546.0,1546.0,1538.0,1539.0,7600,0.0,0.0
2023-02-20 14:00:00+09:00,1539.0,1547.0,1536.0,1542.0,10100,0.0,0.0
2023-02-21 09:00:00+09:00,1531.0,1541.0,1523.0,1533.0,16700,0.0,0.0
2023-02-21 10:00:00+09:00,1536.0,1539.0,1528.0,1534.0,3500,0.0,0.0
2023-02-21 11:00:00+09:00,1535.0,1535.0,1529.0,1529.0,0,0.0,0.0
2023-02-21 12:00:00+09:00,1529.0,1530.0,1526.0,1526.0,24100,0.0,0.0
2023-02-21 13:00:00+09:00,1529.0,1529.0,1508.0,1515.0,0,0.0,0.0
2023-02-21 14:00:00+09:00,1519.0,1520.0,1512.0,1520.0,46400,0.0,0.0
2023-02-22 09:00:00+09:00,1500.0,1532.0,1492.0,1532.0,18400,0.0,0.0
2023-02-22 10:00:00+09:00,1529.0,1529.0,1507.0,1507.0,5200,0.0,0.0
2023-02-22 11:00:00+09:00,1508.0,1508.0,1508.0,1508.0,0,0.0,0.0
2023-02-22 12:00:00+09:00,1510.0,1515.0,1502.0,1502.0,26300,0.0,0.0
2023-02-22 13:00:00+09:00,1503.0,1503.0,1493.0,1493.0,4800,0.0,0.0
2023-02-22 14:00:00+09:00,1493.0,1504.0,1488.0,1500.0,11400,0.0,0.0
2023-02-24 09:00:00+09:00,1503.0,1522.0,1499.0,1514.0,9500,0.0,0.0
2023-02-24 10:00:00+09:00,1514.0,1531.0,1513.0,1521.0,6300,0.0,0.0
2023-02-24 11:00:00+09:00,1521.0,1524.0,1519.0,1521.0,0,0.0,0.0
2023-02-24 12:00:00+09:00,1522.0,1526.0,1522.0,1524.0,21700,0.0,0.0
2023-02-24 13:00:00+09:00,1522.0,1532.0,1515.0,1532.0,6600,0.0,0.0
2023-02-24 14:00:00+09:00,1529.0,1533.0,1529.0,1533.0,2700,0.0,0.0
2023-02-27 09:00:00+09:00,1534.0,1539.0,1517.0,1533.0,8800,0.0,0.0
2023-02-27 10:00:00+09:00,1537.0,1537.0,1522.0,1522.0,1900,0.0,0.0
2023-02-27 11:00:00+09:00,1522.0,1523.0,1514.0,1514.0,0,0.0,0.0
2023-02-27 12:00:00+09:00,1512.0,1517.0,1512.0,1512.0,16200,0.0,0.0
2023-02-27 13:00:00+09:00,1510.0,1511.0,1498.0,1507.0,9700,0.0,0.0
2023-02-27 14:00:00+09:00,1506.0,1508.0,1502.0,1504.0,2300,0.0,0.0
2023-02-28 09:00:00+09:00,1510.0,1511.0,1495.0,1510.0,7500,0.0,0.0
2023-02-28 10:00:00+09:00,1511.0,1519.0,1511.0,1519.0,1400,0.0,0.0
2023-02-28 11:00:00+09:00,1517.0,1517.0,1511.0,1516.0,0,0.0,0.0
2023-02-28 12:00:00+09:00,1511.0,1517.0,1511.0,1517.0,11000,0.0,0.0
2023-02-28 13:00:00+09:00,1514.0,1516.0,1510.0,1510.0,1300,0.0,0.0
2023-02-28 14:00:00+09:00,1513.0,1517.0,1509.0,1516.0,2900,0.0,0.0
2023-03-01 09:00:00+09:00,1510.0,1525.0,1506.0,1514.0,3600,0.0,0.0
2023-03-01 10:00:00+09:00,1507.0,1510.0,1507.0,1509.0,400,0.0,0.0
2023-03-01 11:00:00+09:00,1507.0,1513.0,1507.0,1512.0,0,0.0,0.0
2023-03-01 12:00:00+09:00,1511.0,1515.0,1511.0,1515.0,5200,0.0,0.0
2023-03-01 13:00:00+09:00,1510.0,1519.0,1508.0,1519.0,2400,0.0,0.0
2023-03-01 14:00:00+09:00,1520.0,1522.0,1517.0,1521.0,3700,0.0,0.0
2023-03-02 09:00:00+09:00,1512.0,1518.0,1503.0,1504.0,6200,0.0,0.0
2023-03-02 10:00:00+09:00,1503.0,1508.0,1497.0,1508.0,6000,0.0,0.0
2023-03-02 11:00:00+09:00,1505.0,1505.0,1503.0,1503.0,0,0.0,0.0
2023-03-02 12:00:00+09:00,1503.0,1505.0,1501.0,1505.0,14800,0.0,0.0
2023-03-02 13:00:00+09:00,1507.0,1507.0,1500.0,1502.0,700,0.0,0.0
2023-03-02 14:00:00+09:00,1501.0,1512.0,1501.0,1512.0,2700,0.0,0.0
2023-03-03 09:00:00+09:00,1510.0,1513.0,1501.0,1513.0,4000,0.0,0.0
2023-03-03 10:00:00+09:00,1515.0,1525.0,1514.0,1525.0,5400,0.0,0.0
2023-03-03 11:00:00+09:00,1522.0,1524.0,1514.0,1517.0,0,0.0,0.0
2023-03-03 12:00:00+09:00,1514.0,1517.0,1511.0,1513.0,14500,0.0,0.0
2023-03-03 13:00:00+09:00,1511.0,1516.0,1511.0,1516.0,800,0.0,0.0
2023-03-03 14:00:00+09:00,1517.0,1522.0,1513.0,1520.0,7500,0.0,0.0
2023-03-06 09:00:00+09:00,1530.0,1530.0,1516.0,1523.0,5600,0.0,0.0
2023-03-06 10:00:00+09:00,1525.0,1533.0,1523.0,1525.0,4100,0.0,0.0
2023-03-06 11:00:00+09:00,1525.0,1525.0,1520.0,1520.0,0,0.0,0.0
2023-03-06 12:00:00+09:00,1522.0,1528.0,1522.0,1525.0,12400,0.0,0.0
2023-03-06 13:00:00+09:00,1528.0,1528.0,1523.0,1523.0,2000,0.0,0.0
2023-03-06 14:00:00+09:00,1523.0,1529.0,1522.0,1522.0,5700,0.0,0.0
2023-03-07 09:00:00+09:00,1513.0,1518.0,1499.0,1502.0,7300,0.0,0.0
2023-03-07 10:00:00+09:00,1503.0,1508.0,1498.0,1498.0,8200,0.0,0.0
2023-03-07 11:00:00+09:00,1496.0,1498.0,1489.0,1495.0,0,0.0,0.0
2023-03-07 12:00:00+09:00,1495.0,1499.0,1495.0,1496.0,20700,0.0,0.0
2023-03-07 13:00:00+09:00,1500.0,1506.0,1498.0,1505.0,3600,0.0,0.0
2023-03-07 14:00:00+09:00,1507.0,1510.0,1504.0,1506.0,2300,0.0,0.0
2023-03-08 09:00:00+09:00,1501.0,1507.0,1500.0,1500.0,3700,0.0,0.0
2023-03-08 10:00:00+09:00,1504.0,1504.0,1504.0,1504.0,700,0.0,0.0
2023-03-08 11:00:00+09:00,1500.0,1500.0,1496.0,1498.0,0,0.0,0.0
2023-03-08 12:00:00+09:00,1495.0,1501.0,1494.0,1495.0,11200,0.0,0.0
2023-03-08 13:00:00+09:00,1492.0,1492.0,1482.0,1485.0,0,0.0,0.0
2023-03-08 14:00:00+09:00,1485.0,1494.0,1485.0,1494.0,29500,0.0,0.0
2023-03-09 09:00:00+09:00,1482.0,1482.0,1455.0,1463.0,15700,0.0,0.0
2023-03-09 10:00:00+09:00,1465.0,1466.0,1460.0,1461.0,0,0.0,0.0
2023-03-09 11:00:00+09:00,1462.0,1462.0,1461.0,1461.0,0,0.0,0.0
2023-03-09 12:00:00+09:00,1458.0,1458.0,1454.0,1456.0,27300,0.0,0.0
2023-03-09 13:00:00+09:00,1457.0,1459.0,1451.0,1458.0,8200,0.0,0.0
2023-03-09 14:00:00+09:00,1458.0,1467.0,1457.0,1462.0,9300,0.0,0.0
2023-03-10 09:00:00+09:00,1465.0,1465.0,1453.0,1456.0,2900,0.0,0.0
2023-03-10 10:00:00+09:00,1456.0,1468.0,1453.0,1466.0,3600,0.0,0.0
2023-03-10 11:00:00+09:00,1462.0,1462.0,1458.0,1460.0,0,0.0,0.0
2023-03-10 12:00:00+09:00,1456.0,1466.0,1453.0,1463.0,10200,0.0,0.0
2023-03-10 13:00:00+09:00,1464.0,1470.0,1464.0,1468.0,1100,0.0,0.0
2023-03-10 14:00:00+09:00,1469.0,1473.0,1468.0,1470.0,8800,0.0,0.0
2023-03-13 09:00:00+09:00,1450.0,1457.0,1434.0,1434.0,0,0.0,0.0
2023-03-13 10:00:00+09:00,1434.0,1434.0,1418.0,1419.0,17200,0.0,0.0
2023-03-13 11:00:00+09:00,1423.0,1432.0,1421.0,1428.0,0,0.0,0.0
2023-03-13 12:00:00+09:00,1435.0,1439.0,1427.0,1430.0,38800,0.0,0.0
2023-03-13 13:00:00+09:00,1430.0,1438.0,1430.0,1432.0,600,0.0,0.0
2023-03-13 14:00:00+09:00,1433.0,1446.0,1432.0,1444.0,5900,0.0,0.0
2023-03-14 09:00:00+09:00,1430.0,1458.0,1405.0,1411.0,22300,0.0,0.0
2023-03-14 10:00:00+09:00,1408.0,1409.0,1391.0,1399.0,21900,0.0,0.0
2023-03-14 11:00:00+09:00,1400.0,1405.0,1396.0,1403.0,0,0.0,0.0
2023-03-14 12:00:00+09:00,1403.0,1407.0,1400.0,1403.0,51100,0.0,0.0
2023-03-14 13:00:00+09:00,1401.0,1403.0,1397.0,1397.0,0,0.0,0.0
2023-03-14 14:00:00+09:00,1398.0,1400.0,1391.0,1399.0,66700,0.0,0.0
2023-03-15 09:00:00+09:00,1423.0,1432.0,1409.0,1428.0,17100,0.0,0.0
2023-03-15 10:00:00+09:00,1425.0,1440.0,1421.0,1440.0,6400,0.0,0.0
2023-03-15 11:00:00+09:00,1437.0,1440.0,1437.0,1440.0,0,0.0,0.0
2023-03-15 12:00:00+09:00,1437.0,1441.0,1437.0,1439.0,25500,0.0,0.0
2023-03-15 13:00:00+09:00,1439.0,1442.0,1437.0,1438.0,2700,0.0,0.0
2023-03-15 14:00:00+09:00,1439.0,1441.0,1431.0,1431.0,5700,0.0,0.0
2023-03-16 09:00:00+09:00,1422.0,1422.0,1380.0,1399.0,20800,0.0,0.0
2023-03-16 10:00:00+09:00,1400.0,1400.0,1392.0,1392.0,1800,0.0,0.0
2023-03-16 11:00:00+09:00,1391.0,1406.0,1391.0,1406.0,0,0.0,0.0
2023-03-16 12:00:00+09:00,1406.0,1406.0,1393.0,1395.0,30500,0.0,0.0
2023-03-16 13:00:00+09:00,1392.0,1399.0,1390.0,1393.0,2900,0.0,0.0
2023-03-16 14:00:00+09:00,1394.0,1403.0,1391.0,1403.0,5100,0.0,0.0
2023-03-17 09:00:00+09:00,1403.0,1409.0,1385.0,1401.0,9800,0.0,0.0
2023-03-17 10:00:00+09:00,1397.0,1399.0,1396.0,1399.0,1000,0.0,0.0
2023-03-17 11:00:00+09:00,1404.0,1405.0,1400.0,1400.0,0,0.0,0.0
2023-03-17 12:00:00+09:00,1398.0,1400.0,1397.0,1398.0,13100,0.0,0.0
2023-03-17 13:00:00+09:00,1399.0,1400.0,1395.0,1400.0,1300,0.0,0.0
2023-03-17 14:00:00+09:00,1400.0,1400.0,1391.0,1393.0,3200,0.0,0.0
2023-03-20 09:00:00+09:00,1390.0,1390.0,1365.0,1374.0,12000,0.0,0.0
2023-03-20 10:00:00+09:00,1367.0,1367.0,1355.0,1367.0,2900,0.0,0.0
2023-03-20 11:00:00+09:00,1355.0,1355.0,1348.0,1348.0,0,0.0,0.0
2023-03-20 12:00:00+09:00,1358.0,1358.0,1340.0,1340.0,23400,0.0,0.0
2023-03-20 13:00:00+09:00,1341.0,1347.0,1341.0,1343.0,4100,0.0,0.0
2023-03-20 14:00:00+09:00,1343.0,1350.0,1334.0,1342.0,11200,0.0,0.0
2023-03-22 09:00:00+09:00,1370.0,1380.0,1333.0,1375.0,13500,0.0,0.0
2023-03-22 10:00:00+09:00,1371.0,1382.0,1368.0,1377.0,4300,0.0,0.0
2023-03-22 11:00:00+09:00,1374.0,1379.0,1374.0,1378.0,0,0.0,0.0
2023-03-22 12:00:00+09:00,1373.0,1373.0,1370.0,1372.0,19800,0.0,0.0
2023-03-22 13:00:00+09:00,1368.0,1372.0,1366.0,1370.0,1900,0.0,0.0
2023-03-22 14:00:00+09:00,1369.0,1380.0,1361.0,1363.0,3400,0.0,0.0
2023-03-23 09:00:00+09:00,1368.0,1368.0,1341.0,1356.0,3300,0.0,0.0
2023-03-23 10:00:00+09:00,1364.0,1365.0,1351.0,1357.0,2300,0.0,0.0
2023-03-23 11:00:00+09:00,1357.0,1357.0,1357.0,1357.0,0,0.0,0.0
2023-03-23 12:00:00+09:00,1357.0,1357.0,1351.0,1356.0,6500,0.0,0.0
2023-03-23 13:00:00+09:00,1356.0,1361.0,1356.0,1359.0,1500,0.0,0.0
2023-03-23 14:00:00+09:00,1360.0,1376.0,1360.0,1376.0,4100,0.0,0.0
2023-03-24 09:00:00+09:00,1381.0,1381.0,1365.0,1365.0,3100,0.0,0.0
2023-03-24 10:00:00+09:00,1368.0,1368.0,1361.0,1365.0,1700,0.0,0.0
2023-03-24 11:00:00+09:00,1365.0,1370.0,1365.0,1366.0,0,0.0,0.0
2023-03-24 12:00:00+09:00,1364.0,1370.0,1364.0,1370.0,6500,0.0,0.0
2023-03-24 13:00:00+09:00,1369.0,1369.0,1368.0,1368.0,400,0.0,0.0
2023-03-24 14:00:00+09:00,1370.0,1375.0,1368.0,1368.0,6200,0.0,0.0
2023-03-27 09:00:00+09:00,1370.0,1373.0,1364.0,1364.0,0,0.0,0.0
2023-03-27 10:00:00+09:00,1368.0,1368.0,1366.0,1366.0,2600,0.0,0.0
2023-03-27 11:00:00+09:00,1369.0,1369.0,1364.0,1365.0,0,0.0,0.0
2023-03-27 12:00:00+09:00,1368.0,1378.0,1361.0,1376.0,10500,0.0,0.0
2023-03-27 13:00:00+09:00,1375.0,1375.0,1371.0,1372.0,1300,0.0,0.0
2023-03-27 14:00:00+09:00,1366.0,1368.0,1364.0,1365.0,4100,0.0,0.0
2023-03-28 09:00:00+09:00,1365.0,1365.0,1346.0,1346.0,6600,0.0,0.0
2023-03-28 10:00:00+09:00,1346.0,1347.0,1340.0,1345.0,5800,0.0,0.0
2023-03-28 11:00:00+09:00,1345.0,1345.0,1343.0,1343.0,0,0.0,0.0
2023-03-28 12:00:00+09:00,1368.0,1371.0,1351.0,1357.0,26100,0.0,0.0
2023-03-28 13:00:00+09:00,1359.0,1361.0,1337.0,1339.0,12200,0.0,0.0
2023-03-28 14:00:00+09:00,1340.0,1354.0,1337.0,1340.0,9000,0.0,0.0
2023-03-29 09:00:00+09:00,1345.0,1353.0,1336.0,1353.0,0,0.0,0.0
2023-03-29 10:00:00+09:00,1352.0,1362.0,1352.0,1358.0,8300,0.0,0.0
2023-03-29 11:00:00+09:00,1356.0,1356.0,1353.0,1356.0,0,0.0,0.0
2023-03-29 12:00:00+09:00,1358.0,1365.0,1356.0,1365.0,11400,0.0,0.0
2023-03-29 13:00:00+09:00,1365.0,1366.0,1361.0,1361.0,1200,0.0,0.0
2023-03-29 14:00:00+09:00,1361.0,1366.0,1357.0,1365.0,5200,0.0,0.0
2023-03-30 09:00:00+09:00,1358.0,1383.0,1356.0,1367.0,4500,0.0,0.0
2023-03-30 10:00:00+09:00,1370.0,1377.0,1370.0,1377.0,800,0.0,0.0
2023-03-30 11:00:00+09:00,1377.0,1377.0,1377.0,1377.0,0,0.0,0.0
2023-03-30 12:00:00+09:00,1374.0,1374.0,1363.0,1372.0,6100,0.0,0.0
2023-03-30 13:00:00+09:00,1378.0,1380.0,1378.0,1380.0,1600,0.0,0.0
2023-03-30 14:00:00+09:00,1383.0,1389.0,1383.0,1389.0,3100,0.0,0.0
2023-03-31 09:00:00+09:00,1386.0,1390.0,1376.0,1378.0,3100,0.0,0.0
2023-03-31 10:00:00+09:00,1383.0,1394.0,1381.0,1391.0,5300,0.0,0.0
2023-03-31 11:00:00+09:00,1390.0,1390.0,1385.0,1387.0,0,0.0,0.0
2023-03-31 12:00:00+09:00,1385.0,1393.0,1385.0,1393.0,11600,0.0,0.0
2023-03-31 13:00:00+09:00,1393.0,1399.0,1392.0,1393.0,0,0.0,0.0
2023-03-31 14:00:00+09:00,1391.0,1393.0,1385.0,1385.0,20300,0.0,0.0
2023-04-03 09:00:00+09:00,1411.0,1412.0,1391.0,1405.0,9500,0.0,0.0
2023-04-03 10:00:00+09:00,1405.0,1415.0,1405.0,1410.0,4100,0.0,0.0
2023-04-03 11:00:00+09:00,1407.0,1411.0,1407.0,1411.0,0,0.0,0.0
2023-04-03 12:00:00+09:00,1411.0,1422.0,1411.0,1414.0,20200,0.0,0.0
2023-04-03 13:00:00+09:00,1418.0,1419.0,1417.0,1419.0,900,0.0,0.0
2023-04-03 14:00:00+09:00,1420.0,1420.0,1413.0,1415.0,3400,0.0,0.0
2023-04-04 09:00:00+09:00,1400.0,1414.0,1400.0,1410.0,3800,0.0,0.0
2023-04-04 10:00:00+09:00,1412.0,1413.0,1406.0,1407.0,2900,0.0,0.0
2023-04-04 11:00:00+09:00,1406.0,1406.0,1395.0,1395.0,0,0.0,0.0
2023-04-04 12:00:00+09:00,1395.0,1402.0,1395.0,1397.0,13900,0.0,0.0
2023-04-04 13:00:00+09:00,1393.0,1395.0,1388.0,1394.0,3400,0.0,0.0
2023-04-04 14:00:00+09:00,1396.0,1397.0,1395.0,1395.0,3000,0.0,0.0
2023-04-05 09:00:00+09:00,1394.0,1394.0,1386.0,1388.0,2400,0.0,0.0
2023-04-05 10:00:00+09:00,1387.0,1387.0,1379.0,1383.0,3500,0.0,0.0
2023-04-05 11:00:00+09:00,1386.0,1394.0,1386.0,1392.0,0,0.0,0.0
2023-04-05 12:00:00+09:00,1385.0,1385.0,1379.0,1380.0,10400,0.0,0.0
2023-04-05 13:00:00+09:00,1381.0,1381.0,1380.0,1380.0,1200,0.0,0.0
2023-04-05 14:00:00+09:00,1381.0,1388.0,1381.0,1387.0,3800,0.0,0.0
2023-04-06 09:00:00+09:00,1381.0,1384.0,1375.0,1384.0,0,0.0,0.0
2023-04-06 10:00:00+09:00,1388.0,1395.0,1380.0,1380.0,8400,0.0,0.0
2023-04-06 11:00:00+09:00,1380.0,1380.0,1380.0,1380.0,0,0.0,0.0
2023-04-06 12:00:00+09:00,1379.0,1386.0,1370.0,1372.0,18200,0.0,0.0
2023-04-06 13:00:00+09:00,1371.0,1372.0,1362.0,1372.0,3500,0.0,0.0
2023-04-06 14:00:00+09:00,1369.0,1379.0,1369.0,1377.0,3700,0.0,0.0
2023-04-07 09:00:00+09:00,1380.0,1417.0,1380.0,1414.0,11000,0.0,0.0
2023-04-07 10:00:00+09:00,1414.0,1414.0,1406.0,1406.0,3100,0.0,0.0
2023-04-07 11:00:00+09:00,1408.0,1412.0,1408.0,1412.0,0,0.0,0.0
2023-04-07 12:00:00+09:00,1412.0,1451.0,1406.0,1424.0,44200,0.0,0.0
2023-04-07 13:00:00+09:00,1425.0,1469.0,1424.0,1432.0,49500,0.0,0.0
2023-04-07 14:00:00+09:00,1435.0,1469.0,1423.0,1426.0,28000,0.0,0.0
2023-04-10 09:00:00+09:00,1412.0,1459.0,1407.0,1438.0,0,0.0,0.0
2023-04-10 10:00:00+09:00,1435.0,1458.0,1435.0,1457.0,6800,0.0,0.0
2023-04-10 11:00:00+09:00,1456.0,1460.0,1450.0,1460.0,0,0.0,0.0
2023-04-10 12:00:00+09:00,1458.0,1466.0,1449.0,1463.0,41900,0.0,0.0
2023-04-10 13:00:00+09:00,1461.0,1463.0,1450.0,1451.0,4900,0.0,0.0
2023-04-10 14:00:00+09:00,1451.0,1454.0,1450.0,1454.0,3600,0.0,0.0
2023-04-11 09:00:00+09:00,1451.0,1463.0,1432.0,1443.0,12200,0.0,0.0
2023-04-11 10:00:00+09:00,1443.0,1452.0,1440.0,1451.0,4500,0.0,0.0
2023-04-11 11:00:00+09:00,1450.0,1453.0,1447.0,1453.0,0,0.0,0.0
2023-04-11 12:00:00+09:00,1452.0,1454.0,1449.0,1452.0,20200,0.0,0.0
2023-04-11 13:00:00+09:00,1454.0,1454.0,1451.0,1451.0,600,0.0,0.0
2023-04-11 14:00:00+09:00,1449.0,1449.0,1440.0,1440.0,2300,0.0,0.0
2023-04-12 09:00:00+09:00,1452.0,1487.0,1452.0,1483.0,32100,0.0,0.0
2023-04-12 10:00:00+09:00,1483.0,1488.0,1480.0,1480.0,5800,0.0,0.0
2023-04-12 11:00:00+09:00,1481.0,1481.0,1481.0,1481.0,0,0.0,0.0
2023-04-12 12:00:00+09:00,1480.0,1480.0,1473.0,1474.0,40400,0.0,0.0
2023-04-12 13:00:00+09:00,1474.0,1475.0,1460.0,1462.0,3600,0.0,0.0
2023-04-12 14:00:00+09:00,1462.0,1468.0,1458.0,1459.0,5500,0.0,0.0
2023-04-13 09:00:00+09:00,1479.0,1494.0,1465.0,1490.0,24700,0.0,0.0
2023-04-13 10:00:00+09:00,1490.0,1490.0,1482.0,1487.0,4600,0.0,0.0
2023-04-13 11:00:00+09:00,1486.0,1486.0,1479.0,1479.0,0,0.0,0.0
2023-04-13 12:00:00+09:00,1477.0,1480.0,1463.0,1469.0,37800,0.0,0.0
2023-04-13 13:00:00+09:00,1471.0,1474.0,1458.0,1460.0,7900,0.0,0.0
2023-04-13 14:00:00+09:00,1462.0,1466.0,1458.0,1465.0,4700,0.0,0.0
2023-04-14 09:00:00+09:00,1462.0,1477.0,1453.0,1474.0,11500,0.0,0.0
2023-04-14 10:00:00+09:00,1475.0,1475.0,1464.0,1464.0,1400,0.0,0.0
2023-04-14 11:00:00+09:00,1465.0,1466.0,1463.0,1463.0,0,0.0,0.0
2023-04-14 12:00:00+09:00,1464.0,1469.0,1463.0,1469.0,17800,0.0,0.0
2023-04-14 13:00:00+09:00,1469.0,1474.0,1466.0,1466.0,1600,0.0,0.0
2023-04-14 14:00:00+09:00,1471.0,1472.0,1467.0,1467.0,2500,0.0,0.0
2023-04-17 09:00:00+09:00,1464.0,1468.0,1436.0,1443.0,11200,0.0,0.0
2023-04-17 10:00:00+09:00,1447.0,1447.0,1442.0,1442.0,1600,0.0,0.0
2023-04-17 11:00:00+09:00,1442.0,1442.0,1440.0,1440.0,0,0.0,0.0
2023-04-17 12:00:00+09:00,1439.0,1439.0,1435.0,1436.0,16300,0.0,0.0
2023-04-17 13:00:00+09:00,1436.0,1436.0,1434.0,1436.0,1000,0.0,0.0
2023-04-17 14:00:00+09:00,1438.0,1448.0,1438.0,1443.0,2300,0.0,0.0
2023-04-18 09:00:00+09:00,1447.0,1447.0,1438.0,1438.0,2300,0.0,0.0
2023-04-18 10:00:00+09:00,1440.0,1440.0,1436.0,1439.0,2200,0.0,0.0
2023-04-18 11:00:00+09:00,1439.0,1439.0,1439.0,1439.0,0,0.0,0.0
2023-04-18 12:00:00+09:00,1437.0,1447.0,1437.0,1445.0,8400,0.0,0.0
2023-04-18 13:00:00+09:00,1445.0,1445.0,1438.0,1439.0,1500,0.0,0.0
2023-04-18 14:00:00+09:00,1442.0,1445.0,1441.0,1445.0,1400,0.0,0.0
2023-04-19 09:00:00+09:00,1448.0,1451.0,1442.0,1446.0,0,0.0,0.0
2023-04-19 10:00:00+09:00,1445.0,1445.0,1445.0,1445.0,4000,0.0,0.0
2023-04-19 11:00:00+09:00,1444.0,1445.0,1441.0,1445.0,0,0.0,0.0
2023-04-19 12:00:00+09:00,1441.0,1441.0,1433.0,1436.0,9700,0.0,0.0
2023-04-19 13:00:00+09:00,1437.0,1447.0,1433.0,1435.0,9500,0.0,0.0
2023-04-19 14:00:00+09:00,1434.0,1435.0,1431.0,1435.0,1900,0.0,0.0
2023-04-20 09:00:00+09:00,1433.0,1440.0,1433.0,1435.0,1500,0.0,0.0
2023-04-20 10:00:00+09:00,1435.0,1443.0,1433.0,1440.0,4200,0.0,0.0
2023-04-20 11:00:00+09:00,1445.0,1445.0,1445.0,1445.0,0,0.0,0.0
2023-04-20 12:00:00+09:00,1445.0,1449.0,1442.0,1449.0,12400,0.0,0.0
2023-04-20 13:00:00+09:00,1447.0,1450.0,1447.0,1450.0,500,0.0,0.0
2023-04-20 14:00:00+09:00,1447.0,1447.0,1442.0,1444.0,1800,0.0,0.0
2023-04-21 09:00:00+09:00,1438.0,1443.0,1438.0,1443.0,700,0.0,0.0
2023-04-21 10:00:00+09:00,1443.0,1443.0,1443.0,1443.0,100,0.0,0.0
2023-04-21 11:00:00+09:00,1443.0,1447.0,1443.0,1443.0,0,0.0,0.0
2023-04-21 12:00:00+09:00,1443.0,1443.0,1440.0,1440.0,3300,0.0,0.0
2023-04-21 13:00:00+09:00,1437.0,1437.0,1432.0,1433.0,2300,0.0,0.0
2023-04-21 14:00:00+09:00,1432.0,1440.0,1432.0,1433.0,2700,0.0,0.0
2023-04-24 09:00:00+09:00,1432.0,1446.0,1432.0,1446.0,0,0.0,0.0
2023-04-24 10:00:00+09:00,1446.0,1458.0,1446.0,1458.0,8500,0.0,0.0
2023-04-24 11:00:00+09:00,1458.0,1463.0,1458.0,1459.0,0,0.0,0.0
2023-04-24 12:00:00+09:00,1459.0,1459.0,1459.0,1459.0,11300,0.0,0.0
2023-04-24 13:00:00+09:00,1459.0,1461.0,1459.0,1459.0,2100,0.0,0.0
2023-04-24 14:00:00+09:00,1458.0,1458.0,1452.0,1452.0,1300,0.0,0.0
2023-04-25 09:00:00+09:00,1446.0,1460.0,1446.0,1452.0,3300,0.0,0.0
2023-04-25 10:00:00+09:00,1452.0,1452.0,1452.0,1452.0,100,0.0,0.0
2023-04-25 11:00:00+09:00,1452.0,1452.0,1452.0,1452.0,0,0.0,0.0
2023-04-25 12:00:00+09:00,1451.0,1451.0,1449.0,1449.0,4300,0.0,0.0
2023-04-25 13:00:00+09:00,1449.0,1449.0,1442.0,1443.0,1700,0.0,0.0
2023-04-25 14:00:00+09:00,1441.0,1445.0,1441.0,1445.0,800,0.0,0.0
2023-04-26 09:00:00+09:00,1459.0,1500.0,1459.0,1471.0,24100,0.0,0.0
2023-04-26 10:00:00+09:00,1471.0,1471.0,1463.0,1465.0,2500,0.0,0.0
2023-04-26 11:00:00+09:00,1463.0,1463.0,1455.0,1455.0,0,0.0,0.0
2023-04-26 12:00:00+09:00,1457.0,1457.0,1451.0,1451.0,30200,0.0,0.0
2023-04-26 13:00:00+09:00,1451.0,1455.0,1451.0,1455.0,1400,0.0,0.0
2023-04-26 14:00:00+09:00,1453.0,1455.0,1446.0,1453.0,5600,0.0,0.0
2023-04-27 09:00:00+09:00,1445.0,1445.0,1403.0,1408.0,16500,0.0,0.0
2023-04-27 10:00:00+09:00,1408.0,1413.0,1403.0,1412.0,6600,0.0,0.0
2023-04-27 11:00:00+09:00,1414.0,1417.0,1410.0,1410.0,0,0.0,0.0
2023-04-27 12:00:00+09:00,1411.0,1411.0,1407.0,1408.0,27500,0.0,0.0
2023-04-27 13:00:00+09:00,1410.0,1414.0,1407.0,1412.0,3200,0.0,0.0
2023-04-27 14:00:00+09:00,1412.0,1415.0,1411.0,1415.0,3300,0.0,0.0
2023-04-28 09:00:00+09:00,1425.0,1426.0,1407.0,1407.0,3900,0.0,0.0
2023-04-28 10:00:00+09:00,1407.0,1412.0,1404.0,1404.0,3600,0.0,0.0
2023-04-28 11:00:00+09:00,1404.0,1404.0,1404.0,1404.0,0,0.0,0.0
2023-04-28 12:00:00+09:00,1405.0,1405.0,1396.0,1400.0,14000,0.0,0.0
2023-04-28 13:00:00+09:00,1401.0,1412.0,1401.0,1412.0,3700,0.0,0.0
2023-04-28 14:00:00+09:00,1412.0,1412.0,1400.0,1400.0,8000,0.0,0.0
2023-05-01 09:00:00+09:00,1408.0,1408.0,1392.0,1399.0,7400,0.0,0.0
2023-05-01 10:00:00+09:00,1401.0,1401.0,1401.0,1401.0,200,0.0,0.0
2023-05-01 11:00:00+09:00,1401.0,1403.0,1401.0,1403.0,0,0.0,0.0
2023-05-01 12:00:00+09:00,1404.0,1404.0,1401.0,1402.0,8700,0.0,0.0
2023-05-01 13:00:00+09:00,1403.0,1403.0,1403.0,1403.0,200,0.0,0.0
2023-05-02 09:00:00+09:00,1403.0,1411.0,1398.0,1400.0,8000,0.0,0.0
2023-05-02 10:00:00+09:00,1401.0,1402.0,1401.0,1402.0,500,0.0,0.0
2023-05-02 11:00:00+09:00,1408.0,1408.0,1408.0,1408.0,0,0.0,0.0
2023-05-02 12:00:00+09:00,1404.0,1407.0,1404.0,1404.0,9200,0.0,0.0
2023-05-02 13:00:00+09:00,1405.0,1424.0,1405.0,1423.0,10000,0.0,0.0
2023-05-02 14:00:00+09:00,1426.0,1426.0,1420.0,1422.0,2300,0.0,0.0
2023-05-08 09:00:00+09:00,1430.0,1447.0,1423.0,1441.0,11800,0.0,0.0
2023-05-08 10:00:00+09:00,1444.0,1445.0,1439.0,1443.0,1100,0.0,0.0
2023-05-08 11:00:00+09:00,1438.0,1443.0,1438.0,1442.0,0,0.0,0.0
2023-05-08 12:00:00+09:00,1448.0,1448.0,1431.0,1445.0,17200,0.0,0.0
2023-05-08 13:00:00+09:00,1443.0,1443.0,1435.0,1440.0,2000,0.0,0.0
2023-05-08 14:00:00+09:00,1436.0,1440.0,1436.0,1436.0,1200,0.0,0.0
2023-05-09 09:00:00+09:00,1448.0,1448.0,1437.0,1441.0,0,0.0,0.0
2023-05-09 10:00:00+09:00,1437.0,1441.0,1431.0,1438.0,6200,0.0,0.0
2023-05-09 11:00:00+09:00,1434.0,1445.0,1434.0,1445.0,0,0.0,0.0
2023-05-09 12:00:00+09:00,1444.0,1450.0,1444.0,1448.0,14300,0.0,0.0
2023-05-09 13:00:00+09:00,1448.0,1454.0,1448.0,1449.0,9900,0.0,0.0
2023-05-09 14:00:00+09:00,1446.0,1446.0,1440.0,1444.0,3100,0.0,0.0
2023-05-10 09:00:00+09:00,1441.0,1454.0,1430.0,1432.0,4400,0.0,0.0
2023-05-10 10:00:00+09:00,1431.0,1431.0,1427.0,1427.0,400,0.0,0.0
2023-05-10 11:00:00+09:00,1427.0,1427.0,1427.0,1427.0,0,0.0,0.0
2023-05-10 12:00:00+09:00,1426.0,1430.0,1424.0,1428.0,8400,0.0,0.0
2023-05-10 13:00:00+09:00,1429.0,1439.0,1429.0,1435.0,4100,0.0,0.0
2023-05-10 14:00:00+09:00,1434.0,1439.0,1431.0,1437.0,2300,0.0,0.0
2023-05-11 09:00:00+09:00,1427.0,1431.0,1424.0,1430.0,1200,0.0,0.0
2023-05-11 10:00:00+09:00,1425.0,1426.0,1410.0,1416.0,3400,0.0,0.0
2023-05-11 11:00:00+09:00,1416.0,1416.0,1416.0,1416.0,0,0.0,0.0
2023-05-11 12:00:00+09:00,1425.0,1425.0,1417.0,1417.0,6400,0.0,0.0
2023-05-11 13:00:00+09:00,1421.0,1423.0,1421.0,1423.0,1000,0.0,0.0
2023-05-11 14:00:00+09:00,1423.0,1423.0,1418.0,1421.0,500,0.0,0.0
2023-05-12 09:00:00+09:00,1424.0,1424.0,1410.0,1419.0,2200,0.0,0.0
2023-05-12 10:00:00+09:00,1419.0,1421.0,1414.0,1418.0,1800,0.0,0.0
2023-05-12 11:00:00+09:00,1418.0,1421.0,1418.0,1421.0,0,0.0,0.0
2023-05-12 12:00:00+09:00,1429.0,1439.0,1424.0,1438.0,8700,0.0,0.0
2023-05-12 13:00:00+09:00,1438.0,1450.0,1435.0,1435.0,5200,0.0,0.0
2023-05-12 14:00:00+09:00,1433.0,1437.0,1432.0,1435.0,1000,0.0,0.0
2023-05-15 09:00:00+09:00,1413.0,1432.0,1411.0,1421.0,0,0.0,0.0
2023-05-15 10:00:00+09:00,1416.0,1423.0,1416.0,1423.0,10500,0.0,0.0
2023-05-15 11:00:00+09:00,1422.0,1423.0,1422.0,1423.0,0,0.0,0.0
2023-05-15 12:00:00+09:00,1423.0,1424.0,1415.0,1424.0,12900,0.0,0.0
2023-05-15 13:00:00+09:00,1419.0,1425.0,1411.0,1420.0,4600,0.0,0.0
2023-05-15 14:00:00+09:00,1417.0,1427.0,1414.0,1424.0,5300,0.0,0.0
2023-05-16 09:00:00+09:00,1418.0,1459.0,1418.0,1448.0,19000,0.0,0.0
2023-05-16 10:00:00+09:00,1448.0,1451.0,1440.0,1446.0,2500,0.0,0.0
2023-05-16 11:00:00+09:00,1443.0,1448.0,1442.0,1448.0,0,0.0,0.0
2023-05-16 12:00:00+09:00,1441.0,1441.0,1441.0,1441.0,22600,0.0,0.0
2023-05-16 13:00:00+09:00,1443.0,1443.0,1441.0,1443.0,500,0.0,0.0
2023-05-16 14:00:00+09:00,1443.0,1444.0,1440.0,1440.0,2900,0.0,0.0
2023-05-17 09:00:00+09:00,1436.0,1439.0,1419.0,1436.0,8300,0.0,0.0
2023-05-17 10:00:00+09:00,1436.0,1455.0,1431.0,1455.0,5800,0.0,0.0
2023-05-17 11:00:00+09:00,1455.0,1455.0,1449.0,1454.0,0,0.0,0.0
2023-05-17 12:00:00+09:00,1445.0,1451.0,1445.0,1451.0,15300,0.0,0.0
2023-05-17 13:00:00+09:00,1450.0,1450.0,1450.0,1450.0,300,0.0,0.0
2023-05-17 14:00:00+09:00,1447.0,1447.0,1444.0,1444.0,1600,0.0,0.0
2023-05-18 09:00:00+09:00,1432.0,1450.0,1432.0,1450.0,15400,0.0,0.0
2023-05-18 10:00:00+09:00,1447.0,1451.0,1444.0,1446.0,1700,0.0,0.0
2023-05-18 11:00:00+09:00,1446.0,1446.0,1446.0,1446.0,0,0.0,0.0
2023-05-18 12:00:00+09:00,1440.0,1453.0,1440.0,1442.0,23700,0.0,0.0
2023-05-18 13:00:00+09:00,1442.0,1442.0,1442.0,1442.0,100,0.0,0.0
2023-05-18 14:00:00+09:00,1441.0,1446.0,1441.0,1446.0,1600,0.0,0.0
2023-05-19 09:00:00+09:00,1443.0,1450.0,1443.0,1450.0,800,0.0,0.0
2023-05-19 10:00:00+09:00,1449.0,1450.0,1447.0,1447.0,1400,0.0,0.0
2023-05-19 11:00:00+09:00,1450.0,1453.0,1447.0,1449.0,0,0.0,0.0
2023-05-19 12:00:00+09:00,1443.0,1460.0,1443.0,1457.0,15500,0.0,0.0
2023-05-19 13:00:00+09:00,1457.0,1457.0,1457.0,1457.0,500,0.0,0.0
2023-05-19 14:00:00+09:00,1451.0,1451.0,1445.0,1445.0,900,0.0,0.0
2023-05-22 09:00:00+09:00,1448.0,1457.0,1437.0,1447.0,0,0.0,0.0
2023-05-22 10:00:00+09:00,1444.0,1446.0,1439.0,1442.0,1000,0.0,0.0
2023-05-22 11:00:00+09:00,1446.0,1446.0,1442.0,1445.0,0,0.0,0.0
2023-05-22 12:00:00+09:00,1444.0,1444.0,1444.0,1444.0,0,0.0,0.0
2023-05-22 13:00:00+09:00,1443.0,1443.0,1436.0,1437.0,6400,0.0,0.0
2023-05-22 14:00:00+09:00,1434.0,1434.0,1432.0,1432.0,1900,0.0,0.0
2023-05-23 09:00:00+09:00,1449.0,1449.0,1427.0,1436.0,3700,0.0,0.0
2023-05-23 11:00:00+09:00,1437.0,1437.0,1430.0,1430.0,0,0.0,0.0
2023-05-23 12:00:00+09:00,1430.0,1431.0,1406.0,1415.0,16900,0.0,0.0
2023-05-23 13:00:00+09:00,1413.0,1413.0,1398.0,1407.0,5800,0.0,0.0
2023-05-23 14:00:00+09:00,1407.0,1411.0,1402.0,1402.0,6300,0.0,0.0
2023-05-24 09:00:00+09:00,1405.0,1415.0,1405.0,1414.0,800,0.0,0.0
2023-05-24 10:00:00+09:00,1411.0,1414.0,1408.0,1414.0,1100,0.0,0.0
2023-05-24 11:00:00+09:00,1413.0,1427.0,1413.0,1422.0,0,0.0,0.0
2023-05-24 12:00:00+09:00,1422.0,1422.0,1417.0,1420.0,6500,0.0,0.0
2023-05-24 14:00:00+09:00,1415.0,1423.0,1415.0,1423.0,1000,0.0,0.0
2023-05-25 09:00:00+09:00,1432.0,1432.0,1420.0,1420.0,700,0.0,0.0
2023-05-25 10:00:00+09:00,1416.0,1416.0,1412.0,1413.0,600,0.0,0.0
2023-05-25 11:00:00+09:00,1413.0,1413.0,1413.0,1413.0,0,0.0,0.0
2023-05-25 12:00:00+09:00,1411.0,1411.0,1406.0,1406.0,4600,0.0,0.0
2023-05-25 13:00:00+09:00,1408.0,1408.0,1401.0,1401.0,2000,0.0,0.0
2023-05-25 14:00:00+09:00,1400.0,1413.0,1400.0,1403.0,2600,0.0,0.0
2023-05-26 09:00:00+09:00,1414.0,1430.0,1407.0,1424.0,5000,0.0,0.0
2023-05-26 10:00:00+09:00,1426.0,1428.0,1425.0,1425.0,1100,0.0,0.0
2023-05-26 11:00:00+09:00,1418.0,1418.0,1418.0,1418.0,0,0.0,0.0
2023-05-26 12:00:00+09:00,1417.0,1420.0,1414.0,1414.0,7100,0.0,0.0
2023-05-26 13:00:00+09:00,1412.0,1423.0,1411.0,1423.0,4300,0.0,0.0
2023-05-26 14:00:00+09:00,1425.0,1428.0,1414.0,1415.0,6500,0.0,0.0
2023-05-29 09:00:00+09:00,1418.0,1423.0,1414.0,1416.0,0,0.0,0.0
2023-05-29 10:00:00+09:00,1417.0,1432.0,1417.0,1427.0,5300,0.0,0.0
2023-05-29 11:00:00+09:00,1427.0,1435.0,1427.0,1432.0,0,0.0,0.0
2023-05-29 12:00:00+09:00,1435.0,1435.0,1429.0,1435.0,23100,0.0,0.0
2023-05-29 13:00:00+09:00,1435.0,1439.0,1435.0,1436.0,2600,0.0,0.0
2023-05-29 14:00:00+09:00,1439.0,1443.0,1437.0,1443.0,3900,0.0,0.0
2023-05-30 09:00:00+09:00,1446.0,1453.0,1430.0,1453.0,10400,0.0,0.0
2023-05-30 10:00:00+09:00,1453.0,1457.0,1449.0,1453.0,6700,0.0,0.0
2023-05-30 11:00:00+09:00,1454.0,1460.0,1451.0,1456.0,0,0.0,0.0
2023-05-30 12:00:00+09:00,1459.0,1478.0,1459.0,1464.0,37500,0.0,0.0
2023-05-30 13:00:00+09:00,1464.0,1468.0,1452.0,1460.0,8000,0.0,0.0
2023-05-30 14:00:00+09:00,1460.0,1470.0,1454.0,1462.0,9200,0.0,0.0
2023-05-31 09:00:00+09:00,1455.0,1455.0,1415.0,1418.0,9800,0.0,0.0
2023-05-31 10:00:00+09:00,1421.0,1426.0,1415.0,1423.0,2400,0.0,0.0
2023-05-31 11:00:00+09:00,1419.0,1419.0,1405.0,1405.0,0,0.0,0.0
2023-05-31 12:00:00+09:00,1413.0,1413.0,1406.0,1413.0,23200,0.0,0.0
2023-05-31 13:00:00+09:00,1413.0,1413.0,1405.0,1407.0,8300,0.0,0.0
2023-05-31 14:00:00+09:00,1408.0,1410.0,1403.0,1409.0,13900,0.0,0.0
2023-06-01 09:00:00+09:00,1400.0,1405.0,1388.0,1396.0,9800,0.0,0.0
2023-06-01 10:00:00+09:00,1394.0,1397.0,1380.0,1384.0,17700,0.0,0.0
2023-06-01 11:00:00+09:00,1386.0,1387.0,1384.0,1385.0,0,0.0,0.0
2023-06-01 12:00:00+09:00,1385.0,1391.0,1382.0,1387.0,32400,0.0,0.0
2023-06-01 13:00:00+09:00,1385.0,1385.0,1365.0,1365.0,13700,0.0,0.0
2023-06-01 14:00:00+09:00,1366.0,1379.0,1366.0,1378.0,7300,0.0,0.0
2023-06-02 09:00:00+09:00,1382.0,1382.0,1355.0,1379.0,9200,0.0,0.0
2023-06-02 10:00:00+09:00,1374.0,1381.0,1374.0,1381.0,1500,0.0,0.0
2023-06-02 11:00:00+09:00,1382.0,1640.0,1382.0,1546.0,0,0.0,0.0
2023-06-02 12:00:00+09:00,1513.0,1516.0,1440.0,1450.0,1006500,0.0,0.0
2023-06-02 13:00:00+09:00,1453.0,1458.0,1420.0,1453.0,87600,0.0,0.0
2023-06-02 14:00:00+09:00,1451.0,1453.0,1418.0,1421.0,79500,0.0,0.0
2023-06-05 09:00:00+09:00,1433.0,1545.0,1410.0,1514.0,0,0.0,0.0
2023-06-05 10:00:00+09:00,1520.0,1530.0,1505.0,1507.0,34300,0.0,0.0
2023-06-05 11:00:00+09:00,1507.0,1507.0,1482.0,1488.0,0,0.0,0.0
2023-06-05 12:00:00+09:00,1489.0,1507.0,1481.0,1491.0,194400,0.0,0.0
2023-06-05 13:00:00+09:00,1492.0,1514.0,1488.0,1508.0,14500,0.0,0.0
2023-06-05 14:00:00+09:00,1507.0,1519.0,1503.0,1516.0,26800,0.0,0.0
2023-06-06 09:00:00+09:00,1505.0,1524.0,1495.0,1499.0,27900,0.0,0.0
2023-06-06 10:00:00+09:00,1503.0,1543.0,1503.0,1512.0,28000,0.0,0.0
2023-06-06 11:00:00+09:00,1511.0,1511.0,1496.0,1496.0,0,0.0,0.0
2023-06-06 12:00:00+09:00,1496.0,1511.0,1496.0,1500.0,73500,0.0,0.0
2023-06-06 13:00:00+09:00,1502.0,1519.0,1501.0,1503.0,14500,0.0,0.0
2023-06-06 14:00:00+09:00,1506.0,1510.0,1497.0,1501.0,20500,0.0,0.0
2023-06-07 09:00:00+09:00,1522.0,1544.0,1512.0,1517.0,18200,0.0,0.0
2023-06-07 10:00:00+09:00,1516.0,1536.0,1505.0,1536.0,14200,0.0,0.0
2023-06-07 11:00:00+09:00,1533.0,1535.0,1522.0,1527.0,0,0.0,0.0
2023-06-07 12:00:00+09:00,1526.0,1538.0,1525.0,1526.0,41900,0.0,0.0
2023-06-07 13:00:00+09:00,1526.0,1536.0,1517.0,1534.0,8100,0.0,0.0
2023-06-07 14:00:00+09:00,1535.0,1545.0,1535.0,1538.0,22300,0.0,0.0
2023-06-08 09:00:00+09:00,1555.0,1585.0,1550.0,1570.0,38600,0.0,0.0
2023-06-08 10:00:00+09:00,1575.0,1592.0,1562.0,1570.0,14900,0.0,0.0
2023-06-08 11:00:00+09:00,1571.0,1571.0,1563.0,1569.0,0,0.0,0.0
2023-06-08 12:00:00+09:00,1579.0,1608.0,1575.0,1604.0,112600,0.0,0.0
2023-06-08 13:00:00+09:00,1602.0,1604.0,1563.0,1570.0,26900,0.0,0.0
2023-06-08 14:00:00+09:00,1568.0,1572.0,1563.0,1566.0,11200,0.0,0.0
2023-06-09 09:00:00+09:00,1560.0,1563.0,1530.0,1540.0,31700,0.0,0.0
2023-06-09 10:00:00+09:00,1537.0,1537.0,1520.0,1528.0,11000,0.0,0.0
2023-06-09 11:00:00+09:00,1530.0,1530.0,1521.0,1524.0,0,0.0,0.0
2023-06-09 12:00:00+09:00,1527.0,1558.0,1527.0,1549.0,55200,0.0,0.0
2023-06-09 13:00:00+09:00,1549.0,1549.0,1533.0,1536.0,13000,0.0,0.0
2023-06-09 14:00:00+09:00,1542.0,1544.0,1528.0,1531.0,18500,0.0,0.0
2023-06-12 09:00:00+09:00,1545.0,1568.0,1534.0,1556.0,29900,0.0,0.0
2023-06-12 10:00:00+09:00,1559.0,1565.0,1552.0,1561.0,8600,0.0,0.0
2023-06-12 11:00:00+09:00,1560.0,1560.0,1554.0,1558.0,0,0.0,0.0
2023-06-12 12:00:00+09:00,1559.0,1570.0,1550.0,1556.0,54600,0.0,0.0
2023-06-12 13:00:00+09:00,1552.0,1556.0,1538.0,1543.0,12100,0.0,0.0
2023-06-12 14:00:00+09:00,1538.0,1541.0,1527.0,1536.0,9100,0.0,0.0
2023-06-13 09:00:00+09:00,1543.0,1543.0,1512.0,1513.0,28900,0.0,0.0
2023-06-13 10:00:00+09:00,1513.0,1514.0,1504.0,1508.0,10600,0.0,0.0
2023-06-13 11:00:00+09:00,1505.0,1508.0,1499.0,1508.0,0,0.0,0.0
2023-06-13 12:00:00+09:00,1507.0,1512.0,1492.0,1492.0,70200,0.0,0.0
2023-06-13 13:00:00+09:00,1493.0,1494.0,1480.0,1487.0,11900,0.0,0.0
2023-06-13 14:00:00+09:00,1486.0,1493.0,1482.0,1490.0,11600,0.0,0.0
2023-06-14 09:00:00+09:00,1484.0,1487.0,1469.0,1476.0,12200,0.0,0.0
2023-06-14 10:00:00+09:00,1477.0,1483.0,1474.0,1479.0,3100,0.0,0.0
2023-06-14 11:00:00+09:00,1475.0,1475.0,1467.0,1467.0,0,0.0,0.0
2023-06-14 12:00:00+09:00,1467.0,1471.0,1462.0,1463.0,24800,0.0,0.0
2023-06-14 13:00:00+09:00,1466.0,1469.0,1458.0,1458.0,10400,0.0,0.0
2023-06-14 14:00:00+09:00,1461.0,1469.0,1460.0,1467.0,6600,0.0,0.0
2023-06-15 09:00:00+09:00,1476.0,1476.0,1450.0,1466.0,6300,0.0,0.0
2023-06-15 10:00:00+09:00,1473.0,1474.0,1464.0,1470.0,2800,0.0,0.0
2023-06-15 11:00:00+09:00,1467.0,1480.0,1465.0,1480.0,0,0.0,0.0
2023-06-15 12:00:00+09:00,1466.0,1470.0,1463.0,1468.0,15200,0.0,0.0
2023-06-15 13:00:00+09:00,1470.0,1473.0,1465.0,1469.0,3900,0.0,0.0
2023-06-15 14:00:00+09:00,1469.0,1495.0,1468.0,1478.0,43800,0.0,0.0
2023-06-16 09:00:00+09:00,1503.0,1509.0,1485.0,1509.0,30400,0.0,0.0
2023-06-16 10:00:00+09:00,1509.0,1521.0,1504.0,1513.0,9400,0.0,0.0
2023-06-16 11:00:00+09:00,1512.0,1512.0,1499.0,1503.0,0,0.0,0.0
2023-06-16 12:00:00+09:00,1506.0,1515.0,1506.0,1515.0,54100,0.0,0.0
2023-06-16 13:00:00+09:00,1515.0,1518.0,1501.0,1502.0,10200,0.0,0.0
2023-06-16 14:00:00+09:00,1501.0,1507.0,1500.0,1503.0,6100,0.0,0.0
2023-06-19 09:00:00+09:00,1600.0,1658.0,1555.0,1634.0,203800,0.0,0.0
2023-06-19 10:00:00+09:00,1634.0,1660.0,1632.0,1659.0,53900,0.0,0.0
2023-06-19 11:00:00+09:00,1659.0,1678.0,1658.0,1675.0,0,0.0,0.0
2023-06-19 12:00:00+09:00,1677.0,1680.0,1619.0,1650.0,344700,0.0,0.0
2023-06-19 13:00:00+09:00,1647.0,1667.0,1640.0,1667.0,33000,0.0,0.0
2023-06-19 14:00:00+09:00,1667.0,1677.0,1662.0,1670.0,50400,0.0,0.0
2023-06-20 09:00:00+09:00,1675.0,1746.0,1661.0,1731.0,162100,0.0,0.0
2023-06-20 10:00:00+09:00,1734.0,1784.0,1729.0,1762.0,98400,0.0,0.0
2023-06-20 11:00:00+09:00,1759.0,1768.0,1754.0,1760.0,0,0.0,0.0
2023-06-20 12:00:00+09:00,1755.0,1771.0,1753.0,1763.0,288900,0.0,0.0
2023-06-20 13:00:00+09:00,1765.0,1826.0,1762.0,1824.0,63900,0.0,0.0
2023-06-20 14:00:00+09:00,1824.0,1878.0,1820.0,1841.0,108800,0.0,0.0
2023-06-21 09:00:00+09:00,1885.0,1931.0,1866.0,1922.0,243700,0.0,0.0
2023-06-21 10:00:00+09:00,1919.0,1954.0,1910.0,1950.0,102500,0.0,0.0
2023-06-21 11:00:00+09:00,1948.0,1989.0,1941.0,1970.0,0,0.0,0.0
2023-06-21 12:00:00+09:00,1971.0,1999.0,1951.0,1997.0,446200,0.0,0.0
2023-06-21 13:00:00+09:00,1995.0,2043.0,1930.0,1937.0,189800,0.0,0.0
2023-06-21 14:00:00+09:00,1934.0,1939.0,1867.0,1867.0,152700,0.0,0.0
2023-06-22 09:00:00+09:00,1850.0,1917.0,1802.0,1887.0,147100,0.0,0.0
2023-06-22 10:00:00+09:00,1887.0,1889.0,1847.0,1853.0,28300,0.0,0.0
2023-06-22 11:00:00+09:00,1854.0,1864.0,1822.0,1835.0,0,0.0,0.0
2023-06-22 12:00:00+09:00,1822.0,1848.0,1822.0,1840.0,240200,0.0,0.0
2023-06-22 13:00:00+09:00,1840.0,1843.0,1810.0,1824.0,28700,0.0,0.0
2023-06-22 14:00:00+09:00,1822.0,1826.0,1724.0,1737.0,111800,0.0,0.0
2023-06-23 09:00:00+09:00,1726.0,1726.0,1620.0,1634.0,141700,0.0,0.0
2023-06-23 10:00:00+09:00,1637.0,1643.0,1621.0,1641.0,25900,0.0,0.0
2023-06-23 11:00:00+09:00,1637.0,1643.0,1630.0,1637.0,0,0.0,0.0
2023-06-23 12:00:00+09:00,1625.0,1657.0,1617.0,1647.0,200100,0.0,0.0
2023-06-23 13:00:00+09:00,1643.0,1649.0,1630.0,1634.0,11900,0.0,0.0
2023-06-23 14:00:00+09:00,1635.0,1660.0,1632.0,1655.0,37500,0.0,0.0
2023-06-26 09:00:00+09:00,1688.0,1724.0,1659.0,1693.0,0,0.0,0.0
2023-06-26 10:00:00+09:00,1693.0,1712.0,1686.0,1709.0,20500,0.0,0.0
2023-06-26 11:00:00+09:00,1709.0,1750.0,1707.0,1744.0,0,0.0,0.0
2023-06-26 12:00:00+09:00,1752.0,1760.0,1720.0,1720.0,160100,0.0,0.0
2023-06-26 13:00:00+09:00,1719.0,1719.0,1695.0,1716.0,18300,0.0,0.0
2023-06-26 14:00:00+09:00,1715.0,1715.0,1692.0,1701.0,15000,0.0,0.0
2023-06-27 09:00:00+09:00,1691.0,1719.0,1675.0,1696.0,17900,0.0,0.0
2023-06-27 10:00:00+09:00,1695.0,1714.0,1689.0,1710.0,6900,0.0,0.0
2023-06-27 11:00:00+09:00,1710.0,1710.0,1688.0,1688.0,0,0.0,0.0
2023-06-27 12:00:00+09:00,1685.0,1692.0,1679.0,1687.0,31600,0.0,0.0
2023-06-27 13:00:00+09:00,1687.0,1687.0,1663.0,1667.0,13300,0.0,0.0
2023-06-27 14:00:00+09:00,1669.0,1685.0,1663.0,1678.0,10300,0.0,0.0
2023-06-28 09:00:00+09:00,1687.0,1710.0,1649.0,1705.0,17600,0.0,0.0
2023-06-28 10:00:00+09:00,1706.0,1708.0,1688.0,1688.0,2600,0.0,0.0
2023-06-28 11:00:00+09:00,1688.0,1691.0,1685.0,1685.0,0,0.0,0.0
2023-06-28 12:00:00+09:00,1682.0,1692.0,1675.0,1681.0,26800,0.0,0.0
2023-06-28 13:00:00+09:00,1677.0,1696.0,1674.0,1686.0,6900,0.0,0.0
2023-06-28 14:00:00+09:00,1686.0,1694.0,1680.0,1681.0,12600,0.0,0.0
2023-06-29 09:00:00+09:00,1679.0,1683.0,1640.0,1647.0,31700,0.0,0.0
2023-06-29 10:00:00+09:00,1642.0,1642.0,1617.0,1630.0,20300,0.0,0.0
2023-06-29 11:00:00+09:00,1628.0,1636.0,1624.0,1636.0,0,0.0,0.0
2023-06-29 12:00:00+09:00,1636.0,1642.0,1631.0,1642.0,58000,0.0,0.0
2023-06-29 13:00:00+09:00,1642.0,1655.0,1635.0,1644.0,6800,0.0,0.0
2023-06-29 14:00:00+09:00,1645.0,1659.0,1642.0,1648.0,7200,0.0,0.0
2023-06-30 09:00:00+09:00,1638.0,1650.0,1621.0,1624.0,13500,0.0,0.0
2023-06-30 10:00:00+09:00,1629.0,1632.0,1618.0,1620.0,5800,0.0,0.0
2023-06-30 11:00:00+09:00,1620.0,1622.0,1616.0,1618.0,0,0.0,0.0
2023-06-30 12:00:00+09:00,1619.0,1619.0,1609.0,1617.0,29300,0.0,0.0
2023-06-30 13:00:00+09:00,1620.0,1628.0,1620.0,1625.0,4300,0.0,0.0
2023-06-30 14:00:00+09:00,1626.0,1640.0,1626.0,1626.0,11000,0.0,0.0
2023-07-03 09:00:00+09:00,1634.0,1635.0,1614.0,1614.0,0,0.0,0.0
2023-07-03 10:00:00+09:00,1613.0,1621.0,1609.0,1612.0,8800,0.0,0.0
2023-07-03 11:00:00+09:00,1614.0,1617.0,1614.0,1617.0,0,0.0,0.0
2023-07-03 12:00:00+09:00,1620.0,1629.0,1617.0,1624.0,29000,0.0,0.0
2023-07-03 13:00:00+09:00,1624.0,1624.0,1617.0,1619.0,9100,0.0,0.0
2023-07-03 14:00:00+09:00,1618.0,1619.0,1612.0,1615.0,10900,0.0,0.0
2023-07-04 09:00:00+09:00,1600.0,1614.0,1584.0,1596.0,0,0.0,0.0
2023-07-04 10:00:00+09:00,1600.0,1612.0,1599.0,1599.0,37400,0.0,0.0
2023-07-04 11:00:00+09:00,1598.0,1599.0,1596.0,1596.0,0,0.0,0.0
2023-07-04 12:00:00+09:00,1604.0,1616.0,1596.0,1614.0,44500,0.0,0.0
2023-07-04 13:00:00+09:00,1615.0,1617.0,1602.0,1602.0,2400,0.0,0.0
2023-07-04 14:00:00+09:00,1602.0,1612.0,1602.0,1602.0,7600,0.0,0.0
2023-07-05 09:00:00+09:00,1598.0,1598.0,1575.0,1583.0,21800,0.0,0.0
2023-07-05 10:00:00+09:00,1584.0,1585.0,1573.0,1573.0,6800,0.0,0.0
2023-07-05 11:00:00+09:00,1572.0,1572.0,1564.0,1570.0,0,0.0,0.0
2023-07-05 12:00:00+09:00,1571.0,1600.0,1571.0,1580.0,41500,0.0,0.0
2023-07-05 13:00:00+09:00,1581.0,1581.0,1571.0,1572.0,4800,0.0,0.0
2023-07-05 14:00:00+09:00,1571.0,1577.0,1565.0,1569.0,10200,0.0,0.0
2023-07-06 09:00:00+09:00,1560.0,1582.0,1555.0,1571.0,14800,0.0,0.0
2023-07-06 10:00:00+09:00,1568.0,1568.0,1555.0,1565.0,12600,0.0,0.0
2023-07-06 11:00:00+09:00,1560.0,1562.0,1555.0,1559.0,0,0.0,0.0
2023-07-06 12:00:00+09:00,1559.0,1559.0,1548.0,1552.0,37100,0.0,0.0
2023-07-06 13:00:00+09:00,1553.0,1553.0,1550.0,1550.0,2700,0.0,0.0
2023-07-06 14:00:00+09:00,1549.0,1552.0,1547.0,1547.0,5500,0.0,0.0
2023-07-07 09:00:00+09:00,1535.0,1558.0,1531.0,1557.0,11300,0.0,0.0
2023-07-07 10:00:00+09:00,1555.0,1560.0,1550.0,1553.0,4600,0.0,0.0
2023-07-07 11:00:00+09:00,1552.0,1553.0,1549.0,1551.0,0,0.0,0.0
2023-07-07 12:00:00+09:00,1556.0,1556.0,1549.0,1552.0,19200,0.0,0.0
2023-07-07 13:00:00+09:00,1554.0,1560.0,1553.0,1560.0,1400,0.0,0.0
2023-07-07 14:00:00+09:00,1560.0,1565.0,1553.0,1554.0,6000,0.0,0.0
2023-07-10 09:00:00+09:00,1556.0,1570.0,1545.0,1560.0,0,0.0,0.0
2023-07-10 10:00:00+09:00,1560.0,1567.0,1557.0,1560.0,4200,0.0,0.0
2023-07-10 11:00:00+09:00,1560.0,1566.0,1557.0,1557.0,0,0.0,0.0
2023-07-10 12:00:00+09:00,1560.0,1566.0,1554.0,1556.0,18500,0.0,0.0
2023-07-10 13:00:00+09:00,1553.0,1555.0,1547.0,1551.0,3200,0.0,0.0
2023-07-10 14:00:00+09:00,1551.0,1553.0,1545.0,1551.0,4300,0.0,0.0
2023-07-11 09:00:00+09:00,1550.0,1581.0,1550.0,1570.0,9400,0.0,0.0
2023-07-11 10:00:00+09:00,1567.0,1571.0,1555.0,1569.0,4400,0.0,0.0
2023-07-11 11:00:00+09:00,1568.0,1570.0,1565.0,1566.0,0,0.0,0.0
2023-07-11 12:00:00+09:00,1562.0,1569.0,1561.0,1569.0,16200,0.0,0.0
2023-07-11 13:00:00+09:00,1563.0,1563.0,1550.0,1554.0,3000,0.0,0.0
2023-07-11 14:00:00+09:00,1550.0,1559.0,1548.0,1554.0,5800,0.0,0.0
2023-07-12 09:00:00+09:00,1556.0,1556.0,1532.0,1538.0,15500,0.0,0.0
2023-07-12 10:00:00+09:00,1539.0,1561.0,1539.0,1549.0,19100,0.0,0.0
2023-07-12 11:00:00+09:00,1548.0,1556.0,1547.0,1556.0,0,0.0,0.0
2023-07-12 12:00:00+09:00,1553.0,1555.0,1543.0,1545.0,39600,0.0,0.0
2023-07-12 13:00:00+09:00,1544.0,1545.0,1536.0,1540.0,5300,0.0,0.0
2023-07-12 14:00:00+09:00,1540.0,1540.0,1532.0,1536.0,9400,0.0,0.0
2023-07-13 09:00:00+09:00,1534.0,1534.0,1511.0,1520.0,11100,0.0,0.0
2023-07-13 10:00:00+09:00,1520.0,1523.0,1516.0,1518.0,1300,0.0,0.0
2023-07-13 11:00:00+09:00,1517.0,1524.0,1517.0,1523.0,0,0.0,0.0
2023-07-13 12:00:00+09:00,1520.0,1536.0,1520.0,1522.0,21100,0.0,0.0
2023-07-13 13:00:00+09:00,1520.0,1522.0,1515.0,1515.0,2000,0.0,0.0
2023-07-13 14:00:00+09:00,1515.0,1528.0,1514.0,1521.0,4300,0.0,0.0
2023-07-14 09:00:00+09:00,1535.0,1535.0,1505.0,1505.0,7800,0.0,0.0
2023-07-14 10:00:00+09:00,1507.0,1509.0,1497.0,1501.0,5200,0.0,0.0
2023-07-14 11:00:00+09:00,1502.0,1503.0,1498.0,1502.0,0,0.0,0.0
2023-07-14 12:00:00+09:00,1502.0,1516.0,1502.0,1515.0,18500,0.0,0.0
2023-07-14 13:00:00+09:00,1512.0,1519.0,1512.0,1516.0,2600,0.0,0.0
2023-07-14 14:00:00+09:00,1520.0,1520.0,1516.0,1518.0,1600,0.0,0.0
2023-07-18 09:00:00+09:00,1517.0,1524.0,1501.0,1521.0,6200,0.0,0.0
2023-07-18 10:00:00+09:00,1518.0,1525.0,1516.0,1525.0,2600,0.0,0.0
2023-07-18 11:00:00+09:00,1521.0,1523.0,1520.0,1523.0,0,0.0,0.0
2023-07-18 12:00:00+09:00,1523.0,1523.0,1520.0,1523.0,10100,0.0,0.0
2023-07-18 13:00:00+09:00,1520.0,1525.0,1519.0,1520.0,2100,0.0,0.0
2023-07-18 14:00:00+09:00,1521.0,1526.0,1518.0,1526.0,4200,0.0,0.0
2023-07-19 09:00:00+09:00,1528.0,1543.0,1520.0,1541.0,6200,0.0,0.0
2023-07-19 10:00:00+09:00,1541.0,1558.0,1541.0,1554.0,6600,0.0,0.0
2023-07-19 11:00:00+09:00,1554.0,1560.0,1548.0,1560.0,0,0.0,0.0
2023-07-19 12:00:00+09:00,1560.0,1560.0,1545.0,1545.0,18200,0.0,0.0
2023-07-19 13:00:00+09:00,1545.0,1546.0,1534.0,1537.0,5800,0.0,0.0
2023-07-19 14:00:00+09:00,1540.0,1558.0,1540.0,1556.0,5800,0.0,0.0
2023-07-20 09:00:00+09:00,1554.0,1554.0,1537.0,1540.0,0,0.0,0.0
2023-07-20 10:00:00+09:00,1540.0,1540.0,1526.0,1537.0,8400,0.0,0.0
2023-07-20 11:00:00+09:00,1537.0,1537.0,1531.0,1534.0,0,0.0,0.0
2023-07-20 12:00:00+09:00,1533.0,1533.0,1520.0,1520.0,13300,0.0,0.0
2023-07-20 13:00:00+09:00,1524.0,1526.0,1519.0,1526.0,1600,0.0,0.0
2023-07-20 14:00:00+09:00,1524.0,1525.0,1521.0,1523.0,5000,0.0,0.0
2023-07-21 09:00:00+09:00,1521.0,1523.0,1510.0,1516.0,5500,0.0,0.0
2023-07-21 10:00:00+09:00,1515.0,1527.0,1515.0,1525.0,4100,0.0,0.0
2023-07-21 11:00:00+09:00,1524.0,1524.0,1522.0,1522.0,0,0.0,0.0
2023-07-21 12:00:00+09:00,1524.0,1530.0,1524.0,1526.0,11000,0.0,0.0
2023-07-21 13:00:00+09:00,1525.0,1525.0,1525.0,1525.0,600,0.0,0.0
2023-07-21 14:00:00+09:00,1524.0,1527.0,1518.0,1524.0,3900,0.0,0.0
2023-07-24 09:00:00+09:00,1528.0,1536.0,1528.0,1536.0,2700,0.0,0.0
2023-07-24 10:00:00+09:00,1535.0,1543.0,1533.0,1533.0,2900,0.0,0.0
2023-07-24 11:00:00+09:00,1536.0,1542.0,1534.0,1540.0,0,0.0,0.0
2023-07-24 12:00:00+09:00,1540.0,1543.0,1538.0,1540.0,10500,0.0,0.0
2023-07-24 13:00:00+09:00,1539.0,1545.0,1539.0,1545.0,1900,0.0,0.0
2023-07-24 14:00:00+09:00,1545.0,1550.0,1538.0,1538.0,4600,0.0,0.0
2023-07-25 09:00:00+09:00,1558.0,1579.0,1542.0,1562.0,15300,0.0,0.0
2023-07-25 10:00:00+09:00,1567.0,1567.0,1555.0,1555.0,3900,0.0,0.0
2023-07-25 11:00:00+09:00,1555.0,1555.0,1550.0,1550.0,0,0.0,0.0
2023-07-25 12:00:00+09:00,1551.0,1559.0,1550.0,1555.0,25300,0.0,0.0
2023-07-25 13:00:00+09:00,1556.0,1578.0,1544.0,1546.0,16500,0.0,0.0
2023-07-25 14:00:00+09:00,1546.0,1558.0,1546.0,1558.0,3400,0.0,0.0
2023-07-26 09:00:00+09:00,1560.0,1560.0,1512.0,1525.0,22600,0.0,0.0
2023-07-26 10:00:00+09:00,1523.0,1524.0,1513.0,1513.0,8200,0.0,0.0
2023-07-26 11:00:00+09:00,1518.0,1518.0,1516.0,1516.0,0,0.0,0.0
2023-07-26 12:00:00+09:00,1517.0,1524.0,1517.0,1519.0,33100,0.0,0.0
2023-07-26 13:00:00+09:00,1520.0,1520.0,1516.0,1517.0,2800,0.0,0.0
2023-07-26 14:00:00+09:00,1517.0,1519.0,1510.0,1513.0,10900,0.0,0.0
2023-07-27 09:00:00+09:00,1510.0,1510.0,1503.0,1507.0,0,0.0,0.0
2023-07-27 10:00:00+09:00,1508.0,1508.0,1503.0,1504.0,11600,0.0,0.0
2023-07-27 11:00:00+09:00,1504.0,1505.0,1503.0,1504.0,0,0.0,0.0
2023-07-27 12:00:00+09:00,1503.0,1506.0,1502.0,1502.0,14300,0.0,0.0
2023-07-27 13:00:00+09:00,1503.0,1507.0,1503.0,1503.0,1700,0.0,0.0
2023-07-27 14:00:00+09:00,1504.0,1508.0,1504.0,1507.0,1500,0.0,0.0
2023-07-28 09:00:00+09:00,1510.0,1510.0,1487.0,1491.0,15800,0.0,0.0
2023-07-28 10:00:00+09:00,1490.0,1500.0,1489.0,1500.0,2100,0.0,0.0
2023-07-28 11:00:00+09:00,1497.0,1497.0,1493.0,1496.0,0,0.0,0.0
2023-07-28 12:00:00+09:00,1496.0,1506.0,1491.0,1494.0,25500,0.0,0.0
2023-07-28 13:00:00+09:00,1491.0,1492.0,1481.0,1482.0,17200,0.0,0.0
2023-07-28 14:00:00+09:00,1483.0,1493.0,1482.0,1489.0,8900,0.0,0.0
2023-07-31 09:00:00+09:00,1496.0,1513.0,1496.0,1510.0,7400,0.0,0.0
2023-07-31 10:00:00+09:00,1513.0,1520.0,1512.0,1512.0,3400,0.0,0.0
2023-07-31 11:00:00+09:00,1511.0,1511.0,1509.0,1511.0,0,0.0,0.0
2023-07-31 12:00:00+09:00,1513.0,1514.0,1508.0,1514.0,14500,0.0,0.0
2023-07-31 13:00:00+09:00,1515.0,1525.0,1515.0,1517.0,5000,0.0,0.0
2023-07-31 14:00:00+09:00,1517.0,1526.0,1513.0,1521.0,7800,0.0,0.0
2023-08-01 09:00:00+09:00,1525.0,1530.0,1514.0,1526.0,8600,0.0,0.0
2023-08-01 10:00:00+09:00,1518.0,1522.0,1518.0,1522.0,500,0.0,0.0
2023-08-01 11:00:00+09:00,1520.0,1520.0,1516.0,1516.0,0,0.0,0.0
2023-08-01 12:00:00+09:00,1516.0,1516.0,1512.0,1515.0,10800,0.0,0.0
2023-08-01 13:00:00+09:00,1515.0,1515.0,1514.0,1515.0,1100,0.0,0.0
2023-08-01 14:00:00+09:00,1515.0,1520.0,1515.0,1515.0,2800,0.0,0.0
2023-08-02 09:00:00+09:00,1511.0,1512.0,1507.0,1512.0,2300,0.0,0.0
2023-08-02 10:00:00+09:00,1512.0,1512.0,1508.0,1508.0,800,0.0,0.0
2023-08-02 11:00:00+09:00,1508.0,1509.0,1507.0,1507.0,0,0.0,0.0
2023-08-02 12:00:00+09:00,1507.0,1507.0,1504.0,1504.0,5900,0.0,0.0
2023-08-02 13:00:00+09:00,1506.0,1507.0,1505.0,1505.0,2700,0.0,0.0
2023-08-02 14:00:00+09:00,1504.0,1504.0,1497.0,1500.0,11400,0.0,0.0
2023-08-03 09:00:00+09:00,1499.0,1500.0,1489.0,1493.0,5600,0.0,0.0
2023-08-03 10:00:00+09:00,1494.0,1494.0,1489.0,1489.0,2400,0.0,0.0
2023-08-03 11:00:00+09:00,1493.0,1493.0,1493.0,1493.0,0,0.0,0.0
2023-08-03 12:00:00+09:00,1491.0,1493.0,1491.0,1491.0,9300,0.0,0.0
2023-08-03 13:00:00+09:00,1492.0,1492.0,1490.0,1490.0,1100,0.0,0.0
2023-08-03 14:00:00+09:00,1490.0,1490.0,1474.0,1476.0,12400,0.0,0.0
2023-08-04 09:00:00+09:00,1473.0,1476.0,1467.0,1476.0,8000,0.0,0.0
2023-08-04 10:00:00+09:00,1475.0,1478.0,1472.0,1474.0,5000,0.0,0.0
2023-08-04 11:00:00+09:00,1472.0,1474.0,1462.0,1462.0,0,0.0,0.0
2023-08-04 12:00:00+09:00,1462.0,1466.0,1462.0,1464.0,22400,0.0,0.0
2023-08-04 13:00:00+09:00,1464.0,1465.0,1462.0,1465.0,1100,0.0,0.0
2023-08-04 14:00:00+09:00,1467.0,1484.0,1467.0,1480.0,5700,0.0,0.0
2023-08-07 09:00:00+09:00,1476.0,1486.0,1468.0,1486.0,6300,0.0,0.0
2023-08-07 10:00:00+09:00,1485.0,1494.0,1483.0,1494.0,5400,0.0,0.0
2023-08-07 11:00:00+09:00,1495.0,1495.0,1491.0,1492.0,0,0.0,0.0
2023-08-07 12:00:00+09:00,1494.0,1502.0,1494.0,1500.0,16100,0.0,0.0
2023-08-07 13:00:00+09:00,1500.0,1502.0,1496.0,1496.0,2000,0.0,0.0
2023-08-07 14:00:00+09:00,1496.0,1500.0,1492.0,1492.0,4800,0.0,0.0
2023-08-08 09:00:00+09:00,1499.0,1499.0,1483.0,1488.0,4600,0.0,0.0
2023-08-08 10:00:00+09:00,1491.0,1499.0,1491.0,1493.0,3400,0.0,0.0
2023-08-08 11:00:00+09:00,1490.0,1490.0,1487.0,1487.0,0,0.0,0.0
2023-08-08 12:00:00+09:00,1487.0,1487.0,1479.0,1479.0,14400,0.0,0.0
2023-08-08 13:00:00+09:00,1481.0,1482.0,1481.0,1481.0,1000,0.0,0.0
2023-08-08 14:00:00+09:00,1481.0,1489.0,1481.0,1489.0,4900,0.0,0.0
2023-08-09 09:00:00+09:00,1486.0,1486.0,1465.0,1469.0,18800,0.0,0.0
2023-08-09 10:00:00+09:00,1469.0,1471.0,1456.0,1457.0,15300,0.0,0.0
2023-08-09 11:00:00+09:00,1457.0,1461.0,1454.0,1454.0,0,0.0,0.0
2023-08-09 12:00:00+09:00,1455.0,1456.0,1445.0,1445.0,49000,0.0,0.0
2023-08-09 13:00:00+09:00,1448.0,1453.0,1445.0,1448.0,4900,0.0,0.0
2023-08-09 14:00:00+09:00,1449.0,1461.0,1447.0,1457.0,8600,0.0,0.0
2023-08-10 09:00:00+09:00,1434.0,1453.0,1419.0,1450.0,31200,0.0,0.0
2023-08-10 10:00:00+09:00,1453.0,1467.0,1453.0,1461.0,7200,0.0,0.0
2023-08-10 11:00:00+09:00,1463.0,1468.0,1461.0,1462.0,0,0.0,0.0
2023-08-10 12:00:00+09:00,1460.0,1469.0,1456.0,1469.0,46600,0.0,0.0
2023-08-10 13:00:00+09:00,1467.0,1473.0,1463.0,1472.0,5500,0.0,0.0
2023-08-10 14:00:00+09:00,1473.0,1482.0,1472.0,1482.0,7700,0.0,0.0
2023-08-14 09:00:00+09:00,1475.0,1490.0,1470.0,1470.0,0,0.0,0.0
2023-08-14 10:00:00+09:00,1467.0,1469.0,1455.0,1458.0,15200,0.0,0.0
2023-08-14 11:00:00+09:00,1456.0,1456.0,1456.0,1456.0,0,0.0,0.0
2023-08-14 12:00:00+09:00,1456.0,1460.0,1445.0,1448.0,20800,0.0,0.0
2023-08-14 13:00:00+09:00,1448.0,1450.0,1445.0,1447.0,3000,0.0,0.0
2023-08-14 14:00:00+09:00,1446.0,1451.0,1445.0,1450.0,4000,0.0,0.0
2023-08-15 09:00:00+09:00,1460.0,1460.0,1423.0,1435.0,18700,0.0,0.0
2023-08-15 10:00:00+09:00,1434.0,1443.0,1434.0,1443.0,2700,0.0,0.0
2023-08-15 11:00:00+09:00,1442.0,1443.0,1439.0,1442.0,0,0.0,0.0
2023-08-15 12:00:00+09:00,1436.0,1441.0,1436.0,1441.0,22500,0.0,0.0
2023-08-15 13:00:00+09:00,1441.0,1443.0,1438.0,1439.0,0,0.0,0.0
2023-08-15 14:00:00+09:00,1437.0,1449.0,1435.0,1443.0,33200,0.0,0.0
2023-08-16 09:00:00+09:00,1426.0,1439.0,1426.0,1437.0,0,0.0,0.0
2023-08-16 10:00:00+09:00,1434.0,1434.0,1426.0,1426.0,4000,0.0,0.0
2023-08-16 11:00:00+09:00,1427.0,1427.0,1422.0,1425.0,0,0.0,0.0
2023-08-16 12:00:00+09:00,1417.0,1422.0,1417.0,1419.0,16100,0.0,0.0
2023-08-16 13:00:00+09:00,1419.0,1423.0,1414.0,1421.0,6300,0.0,0.0
2023-08-16 14:00:00+09:00,1421.0,1426.0,1419.0,1419.0,4200,0.0,0.0
2023-08-17 09:00:00+09:00,1411.0,1411.0,1403.0,1407.0,0,0.0,0.0
2023-08-17 10:00:00+09:00,1411.0,1411.0,1404.0,1411.0,15200,0.0,0.0
2023-08-17 11:00:00+09:00,1411.0,1417.0,1411.0,1417.0,0,0.0,0.0
2023-08-17 12:00:00+09:00,1417.0,1432.0,1412.0,1432.0,20700,0.0,0.0
2023-08-17 13:00:00+09:00,1431.0,1438.0,1429.0,1438.0,3700,0.0,0.0
2023-08-17 14:00:00+09:00,1437.0,1445.0,1433.0,1445.0,8700,0.0,0.0
2023-08-18 09:00:00+09:00,1435.0,1436.0,1431.0,1431.0,3100,0.0,0.0
2023-08-18 10:00:00+09:00,1432.0,1442.0,1432.0,1442.0,1700,0.0,0.0
2023-08-18 11:00:00+09:00,1443.0,1443.0,1439.0,1439.0,0,0.0,0.0
2023-08-18 12:00:00+09:00,1442.0,1442.0,1438.0,1438.0,6400,0.0,0.0
2023-08-18 13:00:00+09:00,1441.0,1447.0,1438.0,1438.0,1400,0.0,0.0
2023-08-18 14:00:00+09:00,1438.0,1438.0,1432.0,1437.0,3500,0.0,0.0
2023-08-21 09:00:00+09:00,1437.0,1468.0,1437.0,1468.0,12500,0.0,0.0
2023-08-21 10:00:00+09:00,1465.0,1468.0,1460.0,1466.0,3900,0.0,0.0
2023-08-21 11:00:00+09:00,1467.0,1468.0,1461.0,1461.0,0,0.0,0.0
2023-08-21 12:00:00+09:00,1464.0,1464.0,1458.0,1461.0,20100,0.0,0.0
2023-08-21 13:00:00+09:00,1460.0,1462.0,1453.0,1453.0,3400,0.0,0.0
2023-08-21 14:00:00+09:00,1451.0,1451.0,1447.0,1447.0,5800,0.0,0.0
2023-08-22 09:00:00+09:00,1450.0,1469.0,1438.0,1464.0,8600,0.0,0.0
2023-08-22 10:00:00+09:00,1465.0,1466.0,1458.0,1458.0,1300,0.0,0.0
2023-08-22 11:00:00+09:00,1458.0,1458.0,1447.0,1451.0,0,0.0,0.0
2023-08-22 12:00:00+09:00,1455.0,1461.0,1452.0,1461.0,19800,0.0,0.0
2023-08-22 13:00:00+09:00,1458.0,1461.0,1456.0,1456.0,1900,0.0,0.0
2023-08-22 14:00:00+09:00,1456.0,1456.0,1448.0,1451.0,5900,0.0,0.0
2023-08-23 09:00:00+09:00,1450.0,1459.0,1450.0,1453.0,1600,0.0,0.0
2023-08-23 10:00:00+09:00,1458.0,1458.0,1452.0,1457.0,1700,0.0,0.0
2023-08-23 11:00:00+09:00,1457.0,1457.0,1457.0,1457.0,0,0.0,0.0
2023-08-23 12:00:00+09:00,1457.0,1460.0,1455.0,1456.0,6200,0.0,0.0
2023-08-23 13:00:00+09:00,1462.0,1465.0,1462.0,1465.0,1200,0.0,0.0
2023-08-23 14:00:00+09:00,1468.0,1474.0,1468.0,1473.0,7700,0.0,0.0
2023-08-24 09:00:00+09:00,1485.0,1487.0,1464.0,1467.0,5500,0.0,0.0
2023-08-24 10:00:00+09:00,1467.0,1475.0,1467.0,1469.0,2100,0.0,0.0
2023-08-24 11:00:00+09:00,1469.0,1470.0,1469.0,1470.0,0,0.0,0.0
2023-08-24 12:00:00+09:00,1470.0,1476.0,1470.0,1471.0,10300,0.0,0.0
2023-08-24 13:00:00+09:00,1472.0,1474.0,1469.0,1474.0,2500,0.0,0.0
2023-08-24 14:00:00+09:00,1473.0,1484.0,1469.0,1478.0,7700,0.0,0.0
2023-08-25 09:00:00+09:00,1465.0,1493.0,1459.0,1489.0,8800,0.0,0.0
2023-08-25 10:00:00+09:00,1489.0,1495.0,1486.0,1494.0,4600,0.0,0.0
2023-08-25 11:00:00+09:00,1494.0,1494.0,1492.0,1492.0,0,0.0,0.0
2023-08-25 12:00:00+09:00,1477.0,1494.0,1477.0,1492.0,20200,0.0,0.0
2023-08-25 13:00:00+09:00,1493.0,1494.0,1490.0,1490.0,1200,0.0,0.0
2023-08-25 14:00:00+09:00,1490.0,1491.0,1485.0,1489.0,4700,0.0,0.0
2023-08-28 09:00:00+09:00,1507.0,1525.0,1505.0,1522.0,13600,0.0,0.0
2023-08-28 10:00:00+09:00,1522.0,1530.0,1516.0,1523.0,0,0.0,0.0
2023-08-28 11:00:00+09:00,1525.0,1525.0,1525.0,1525.0,0,0.0,0.0
2023-08-28 12:00:00+09:00,1532.0,1532.0,1524.0,1527.0,29500,0.0,0.0
2023-08-28 13:00:00+09:00,1530.0,1530.0,1521.0,1521.0,3000,0.0,0.0
2023-08-28 14:00:00+09:00,1524.0,1529.0,1524.0,1526.0,4300,0.0,0.0
2023-08-29 09:00:00+09:00,1522.0,1530.0,1506.0,1513.0,10000,0.0,0.0
2023-08-29 10:00:00+09:00,1513.0,1523.0,1510.0,1515.0,5800,0.0,0.0
2023-08-29 11:00:00+09:00,1515.0,1515.0,1515.0,1515.0,0,0.0,0.0
2023-08-29 12:00:00+09:00,1515.0,1519.0,1515.0,1519.0,0,0.0,0.0
2023-08-29 13:00:00+09:00,1517.0,1522.0,1516.0,1517.0,20100,0.0,0.0
2023-08-29 14:00:00+09:00,1521.0,1522.0,1516.0,1516.0,2100,0.0,0.0
2023-08-30 09:00:00+09:00,1514.0,1515.0,1506.0,1511.0,3000,0.0,0.0
2023-08-30 10:00:00+09:00,1513.0,1513.0,1510.0,1510.0,300,0.0,0.0
2023-08-30 11:00:00+09:00,1512.0,1512.0,1508.0,1508.0,0,0.0,0.0
2023-08-30 12:00:00+09:00,1506.0,1506.0,1499.0,1500.0,10800,0.0,0.0
2023-08-30 13:00:00+09:00,1500.0,1504.0,1486.0,1488.0,8300,0.0,0.0
2023-08-30 14:00:00+09:00,1492.0,1494.0,1484.0,1494.0,5700,0.0,0.0
2023-08-31 09:00:00+09:00,1505.0,1507.0,1484.0,1506.0,8500,0.0,0.0
2023-08-31 10:00:00+09:00,1507.0,1509.0,1496.0,1496.0,2500,0.0,0.0
2023-08-31 11:00:00+09:00,1496.0,1496.0,1496.0,1496.0,0,0.0,0.0
2023-08-31 12:00:00+09:00,1496.0,1496.0,1496.0,1496.0,11100,0.0,0.0
2023-08-31 13:00:00+09:00,1496.0,1496.0,1490.0,1491.0,1500,0.0,0.0
2023-08-31 14:00:00+09:00,1490.0,1491.0,1487.0,1488.0,2300,0.0,0.0
2023-09-01 09:00:00+09:00,1490.0,1497.0,1484.0,1490.0,3600,0.0,0.0
2023-09-01 10:00:00+09:00,1489.0,1489.0,1485.0,1485.0,1000,0.0,0.0
2023-09-01 11:00:00+09:00,1485.0,1488.0,1484.0,1488.0,0,0.0,0.0
2023-09-01 12:00:00+09:00,1484.0,1492.0,1484.0,1492.0,6500,0.0,0.0
2023-09-01 13:00:00+09:00,1493.0,1493.0,1485.0,1490.0,1600,0.0,0.0
2023-09-01 14:00:00+09:00,1488.0,1493.0,1487.0,1490.0,1700,0.0,0.0
2023-09-04 09:00:00+09:00,1500.0,1500.0,1490.0,1497.0,0,0.0,0.0
2023-09-04 10:00:00+09:00,1498.0,1498.0,1490.0,1496.0,7500,0.0,0.0
2023-09-04 11:00:00+09:00,1496.0,1496.0,1496.0,1496.0,0,0.0,0.0
2023-09-04 12:00:00+09:00,1494.0,1494.0,1493.0,1493.0,7700,0.0,0.0
2023-09-04 13:00:00+09:00,1493.0,1493.0,1490.0,1493.0,800,0.0,0.0
2023-09-04 14:00:00+09:00,1491.0,1493.0,1491.0,1493.0,900,0.0,0.0
2023-09-05 09:00:00+09:00,1495.0,1497.0,1486.0,1497.0,1900,0.0,0.0
2023-09-05 10:00:00+09:00,1496.0,1497.0,1491.0,1497.0,400,0.0,0.0
2023-09-05 11:00:00+09:00,1493.0,1497.0,1491.0,1491.0,0,0.0,0.0
2023-09-05 12:00:00+09:00,1497.0,1500.0,1494.0,1495.0,5000,0.0,0.0
2023-09-05 13:00:00+09:00,1494.0,1495.0,1489.0,1489.0,3600,0.0,0.0
2023-09-05 14:00:00+09:00,1490.0,1497.0,1490.0,1494.0,2200,0.0,0.0
2023-09-06 09:00:00+09:00,1500.0,1500.0,1487.0,1493.0,2600,0.0,0.0
2023-09-06 10:00:00+09:00,1495.0,1497.0,1493.0,1495.0,2200,0.0,0.0
2023-09-06 11:00:00+09:00,1499.0,1505.0,1498.0,1503.0,0,0.0,0.0
2023-09-06 12:00:00+09:00,1506.0,1525.0,1496.0,1507.0,20600,0.0,0.0
2023-09-06 13:00:00+09:00,1509.0,1524.0,1509.0,1518.0,6000,0.0,0.0
2023-09-06 14:00:00+09:00,1519.0,1526.0,1517.0,1521.0,12300,0.0,0.0
2023-09-07 09:00:00+09:00,1520.0,1523.0,1501.0,1504.0,7300,0.0,0.0
2023-09-07 10:00:00+09:00,1504.0,1504.0,1495.0,1499.0,0,0.0,0.0
2023-09-07 11:00:00+09:00,1500.0,1501.0,1497.0,1500.0,0,0.0,0.0
2023-09-07 12:00:00+09:00,1496.0,1496.0,1490.0,1490.0,14400,0.0,0.0
2023-09-07 13:00:00+09:00,1490.0,1494.0,1489.0,1489.0,5100,0.0,0.0
2023-09-07 14:00:00+09:00,1491.0,1498.0,1490.0,1494.0,7900,0.0,0.0
2023-09-08 09:00:00+09:00,1493.0,1501.0,1490.0,1499.0,3700,0.0,0.0
2023-09-08 10:00:00+09:00,1500.0,1501.0,1496.0,1500.0,1400,0.0,0.0
2023-09-08 11:00:00+09:00,1500.0,1502.0,1500.0,1502.0,0,0.0,0.0
2023-09-08 12:00:00+09:00,1502.0,1508.0,1502.0,1502.0,7500,0.0,0.0
2023-09-08 13:00:00+09:00,1500.0,1502.0,1495.0,1495.0,1000,0.0,0.0
2023-09-08 14:00:00+09:00,1495.0,1502.0,1487.0,1502.0,6400,0.0,0.0
2023-09-11 09:00:00+09:00,1504.0,1504.0,1484.0,1484.0,0,0.0,0.0
2023-09-11 10:00:00+09:00,1483.0,1484.0,1469.0,1472.0,12300,0.0,0.0
2023-09-11 11:00:00+09:00,1471.0,1481.0,1468.0,1481.0,0,0.0,0.0
2023-09-11 12:00:00+09:00,1474.0,1478.0,1470.0,1471.0,18400,0.0,0.0
2023-09-11 13:00:00+09:00,1471.0,1472.0,1468.0,1468.0,0,0.0,0.0
2023-09-11 14:00:00+09:00,1469.0,1474.0,1467.0,1470.0,28400,0.0,0.0
2023-09-12 09:00:00+09:00,1489.0,1489.0,1475.0,1477.0,900,0.0,0.0
2023-09-12 10:00:00+09:00,1477.0,1477.0,1467.0,1470.0,1800,0.0,0.0
2023-09-12 11:00:00+09:00,1470.0,1470.0,1470.0,1470.0,0,0.0,0.0
2023-09-12 12:00:00+09:00,1474.0,1474.0,1469.0,1469.0,4200,0.0,0.0
2023-09-12 13:00:00+09:00,1469.0,1469.0,1460.0,1467.0,6000,0.0,0.0
2023-09-12 14:00:00+09:00,1468.0,1469.0,1462.0,1468.0,3200,0.0,0.0
2023-09-13 09:00:00+09:00,1473.0,1484.0,1473.0,1484.0,3000,0.0,0.0
2023-09-13 10:00:00+09:00,1486.0,1486.0,1481.0,1481.0,600,0.0,0.0
2023-09-13 11:00:00+09:00,1481.0,1481.0,1481.0,1481.0,0,0.0,0.0
2023-09-13 12:00:00+09:00,1484.0,1484.0,1481.0,1481.0,4000,0.0,0.0
2023-09-13 13:00:00+09:00,1481.0,1485.0,1480.0,1485.0,0,0.0,0.0
2023-09-13 14:00:00+09:00,1483.0,1483.0,1481.0,1481.0,7600,0.0,0.0
2023-09-14 09:00:00+09:00,1474.0,1487.0,1474.0,1479.0,2000,0.0,0.0
2023-09-14 10:00:00+09:00,1481.0,1485.0,1474.0,1485.0,3800,0.0,0.0
2023-09-14 11:00:00+09:00,1480.0,1480.0,1480.0,1480.0,0,0.0,0.0
2023-09-14 12:00:00+09:00,1481.0,1481.0,1479.0,1479.0,6600,0.0,0.0
2023-09-14 13:00:00+09:00,1482.0,1482.0,1477.0,1479.0,1700,0.0,0.0
2023-09-14 14:00:00+09:00,1477.0,1480.0,1475.0,1479.0,3600,0.0,0.0
2023-09-15 09:00:00+09:00,1486.0,1486.0,1469.0,1469.0,3100,0.0,0.0
2023-09-15 10:00:00+09:00,1472.0,1485.0,1472.0,1483.0,2900,0.0,0.0
2023-09-15 11:00:00+09:00,1479.0,1479.0,1476.0,1476.0,0,0.0,0.0
2023-09-15 12:00:00+09:00,1476.0,1476.0,1472.0,1473.0,7800,0.0,0.0
2023-09-15 13:00:00+09:00,1475.0,1475.0,1471.0,1472.0,1300,0.0,0.0
2023-09-15 14:00:00+09:00,1474.0,1479.0,1472.0,1477.0,4400,0.0,0.0
2023-09-19 09:00:00+09:00,1478.0,1480.0,1474.0,1478.0,1900,0.0,0.0
2023-09-19 10:00:00+09:00,1479.0,1479.0,1473.0,1473.0,1700,0.0,0.0
2023-09-19 11:00:00+09:00,1473.0,1474.0,1472.0,1472.0,0,0.0,0.0
2023-09-19 12:00:00+09:00,1472.0,1480.0,1472.0,1477.0,6500,0.0,0.0
2023-09-19 13:00:00+09:00,1480.0,1481.0,1476.0,1481.0,1300,0.0,0.0
2023-09-19 14:00:00+09:00,1480.0,1482.0,1477.0,1482.0,2200,0.0,0.0
2023-09-20 09:00:00+09:00,1484.0,1485.0,1460.0,1465.0,7600,0.0,0.0
2023-09-20 10:00:00+09:00,1470.0,1474.0,1470.0,1471.0,1200,0.0,0.0
2023-09-20 11:00:00+09:00,1470.0,1470.0,1464.0,1464.0,0,0.0,0.0
2023-09-20 12:00:00+09:00,1464.0,1464.0,1463.0,1463.0,13500,0.0,0.0
2023-09-20 13:00:00+09:00,1464.0,1466.0,1463.0,1463.0,600,0.0,0.0
2023-09-20 14:00:00+09:00,1462.0,1464.0,1458.0,1460.0,7900,0.0,0.0
2023-09-21 09:00:00+09:00,1451.0,1453.0,1439.0,1439.0,13600,0.0,0.0
2023-09-21 10:00:00+09:00,1440.0,1440.0,1425.0,1425.0,7600,0.0,0.0
2023-09-21 11:00:00+09:00,1425.0,1425.0,1420.0,1421.0,0,0.0,0.0
2023-09-21 12:00:00+09:00,1429.0,1439.0,1429.0,1439.0,26700,0.0,0.0
2023-09-21 13:00:00+09:00,1434.0,1434.0,1420.0,1427.0,6900,0.0,0.0
2023-09-21 14:00:00+09:00,1427.0,1431.0,1424.0,1426.0,3200,0.0,0.0
2023-09-22 09:00:00+09:00,1419.0,1425.0,1416.0,1422.0,2800,0.0,0.0
2023-09-22 10:00:00+09:00,1429.0,1451.0,1429.0,1444.0,3600,0.0,0.0
2023-09-22 11:00:00+09:00,1446.0,1450.0,1446.0,1450.0,0,0.0,0.0
2023-09-22 12:00:00+09:00,1450.0,1451.0,1449.0,1449.0,7400,0.0,0.0
2023-09-22 13:00:00+09:00,1451.0,1453.0,1451.0,1453.0,300,0.0,0.0
2023-09-22 14:00:00+09:00,1445.0,1461.0,1445.0,1454.0,2700,0.0,0.0
2023-09-25 09:00:00+09:00,1464.0,1475.0,1461.0,1473.0,4300,0.0,0.0
2023-09-25 10:00:00+09:00,1464.0,1472.0,1464.0,1472.0,200,0.0,0.0
2023-09-25 11:00:00+09:00,1465.0,1469.0,1463.0,1463.0,0,0.0,0.0
2023-09-25 12:00:00+09:00,1458.0,1475.0,1458.0,1475.0,10100,0.0,0.0
2023-09-25 13:00:00+09:00,1470.0,1477.0,1470.0,1477.0,1300,0.0,0.0
2023-09-25 14:00:00+09:00,1468.0,1469.0,1466.0,1469.0,2600,0.0,0.0
2023-09-26 09:00:00+09:00,1465.0,1465.0,1452.0,1455.0,6300,0.0,0.0
2023-09-26 10:00:00+09:00,1458.0,1458.0,1456.0,1457.0,400,0.0,0.0
2023-09-26 11:00:00+09:00,1458.0,1458.0,1454.0,1457.0,0,0.0,0.0
2023-09-26 12:00:00+09:00,1454.0,1458.0,1451.0,1451.0,9500,0.0,0.0
2023-09-26 13:00:00+09:00,1450.0,1450.0,1446.0,1446.0,0,0.0,0.0
2023-09-26 14:00:00+09:00,1447.0,1452.0,1445.0,1447.0,13500,0.0,0.0
2023-09-27 09:00:00+09:00,1443.0,1444.0,1431.0,1432.0,3100,0.0,0.0
2023-09-27 10:00:00+09:00,1436.0,1437.0,1436.0,1437.0,300,0.0,0.0
2023-09-27 11:00:00+09:00,1437.0,1437.0,1437.0,1437.0,0,0.0,0.0
2023-09-27 12:00:00+09:00,1436.0,1444.0,1436.0,1438.0,5900,0.0,0.0
2023-09-27 13:00:00+09:00,1439.0,1440.0,1436.0,1440.0,800,0.0,0.0
2023-09-27 14:00:00+09:00,1439.0,1451.0,1437.0,1451.0,3100,0.0,0.0
2023-09-28 09:00:00+09:00,1463.0,1463.0,1443.0,1444.0,900,0.0,0.0
2023-09-28 10:00:00+09:00,1448.0,1448.0,1447.0,1448.0,400,0.0,0.0
2023-09-28 11:00:00+09:00,1445.0,1445.0,1442.0,1442.0,0,0.0,0.0
2023-09-28 12:00:00+09:00,1442.0,1443.0,1437.0,1437.0,3500,0.0,0.0
2023-09-28 13:00:00+09:00,1440.0,1440.0,1432.0,1432.0,1600,0.0,0.0
2023-09-28 14:00:00+09:00,1431.0,1440.0,1431.0,1439.0,2400,0.0,0.0
2023-09-29 09:00:00+09:00,1449.0,1449.0,1436.0,1436.0,1700,0.0,0.0
2023-09-29 10:00:00+09:00,1443.0,1443.0,1434.0,1434.0,800,0.0,0.0
2023-09-29 11:00:00+09:00,1434.0,1434.0,1434.0,1434.0,0,0.0,0.0
2023-09-29 12:00:00+09:00,1433.0,1433.0,1433.0,1433.0,2700,0.0,0.0
2023-09-29 13:00:00+09:00,1433.0,1433.0,1421.0,1423.0,3500,0.0,0.0
2023-09-29 14:00:00+09:00,1422.0,1423.0,1414.0,1414.0,5600,0.0,0.0
2023-10-02 09:00:00+09:00,1429.0,1430.0,1417.0,1430.0,2800,0.0,0.0
2023-10-02 10:00:00+09:00,1430.0,1450.0,1430.0,1450.0,6000,0.0,0.0
2023-10-02 11:00:00+09:00,1450.0,1450.0,1450.0,1450.0,0,0.0,0.0
2023-10-02 12:00:00+09:00,1430.0,1430.0,1430.0,1430.0,9000,0.0,0.0
2023-10-02 13:00:00+09:00,1430.0,1430.0,1425.0,1427.0,800,0.0,0.0
2023-10-02 14:00:00+09:00,1427.0,1428.0,1421.0,1421.0,1300,0.0,0.0
2023-10-03 09:00:00+09:00,1436.0,1436.0,1401.0,1406.0,6600,0.0,0.0
2023-10-03 10:00:00+09:00,1404.0,1404.0,1391.0,1402.0,6700,0.0,0.0
2023-10-03 11:00:00+09:00,1402.0,1402.0,1398.0,1398.0,0,0.0,0.0
2023-10-03 12:00:00+09:00,1396.0,1400.0,1392.0,1398.0,14600,0.0,0.0
2023-10-03 13:00:00+09:00,1397.0,1400.0,1395.0,1395.0,6900,0.0,0.0
2023-10-03 14:00:00+09:00,1395.0,1396.0,1392.0,1396.0,7800,0.0,0.0
2023-10-04 09:00:00+09:00,1379.0,1395.0,1371.0,1385.0,5700,0.0,0.0
2023-10-04 10:00:00+09:00,1383.0,1384.0,1372.0,1374.0,2200,0.0,0.0
2023-10-04 11:00:00+09:00,1372.0,1372.0,1369.0,1369.0,0,0.0,0.0
2023-10-04 12:00:00+09:00,1369.0,1371.0,1361.0,1361.0,13300,0.0,0.0
2023-10-04 13:00:00+09:00,1360.0,1375.0,1354.0,1362.0,2900,0.0,0.0
2023-10-04 14:00:00+09:00,1362.0,1368.0,1362.0,1364.0,3400,0.0,0.0
2023-10-05 09:00:00+09:00,1390.0,1399.0,1368.0,1381.0,2400,0.0,0.0
2023-10-05 10:00:00+09:00,1382.0,1384.0,1380.0,1384.0,600,0.0,0.0
2023-10-05 11:00:00+09:00,1375.0,1384.0,1370.0,1384.0,0,0.0,0.0
2023-10-05 12:00:00+09:00,1384.0,1384.0,1378.0,1378.0,5500,0.0,0.0
2023-10-05 13:00:00+09:00,1380.0,1381.0,1378.0,1380.0,900,0.0,0.0
2023-10-05 14:00:00+09:00,1379.0,1384.0,1376.0,1378.0,1800,0.0,0.0
2023-10-06 09:00:00+09:00,1405.0,1405.0,1388.0,1388.0,700,0.0,0.0
2023-10-06 10:00:00+09:00,1392.0,1395.0,1392.0,1394.0,700,0.0,0.0
2023-10-06 11:00:00+09:00,1394.0,1394.0,1394.0,1394.0,0,0.0,0.0
2023-10-06 13:00:00+09:00,1394.0,1403.0,1394.0,1403.0,2700,0.0,0.0
2023-10-06 14:00:00+09:00,1404.0,1404.0,1398.0,1399.0,1600,0.0,0.0
2023-10-10 09:00:00+09:00,1525.0,1550.0,1442.0,1446.0,137800,0.0,0.0
2023-10-10 10:00:00+09:00,1452.0,1459.0,1440.0,1445.0,15400,0.0,0.0
2023-10-10 11:00:00+09:00,1445.0,1449.0,1443.0,1449.0,0,0.0,0.0
2023-10-10 12:00:00+09:00,1454.0,1454.0,1445.0,1446.0,163500,0.0,0.0
2023-10-10 13:00:00+09:00,1448.0,1467.0,1445.0,1455.0,12200,0.0,0.0
2023-10-10 14:00:00+09:00,1458.0,1490.0,1458.0,1482.0,18900,0.0,0.0
2023-10-11 09:00:00+09:00,1499.0,1499.0,1447.0,1449.0,0,0.0,0.0
2023-10-11 10:00:00+09:00,1449.0,1459.0,1441.0,1457.0,30500,0.0,0.0
2023-10-11 11:00:00+09:00,1457.0,1457.0,1455.0,1455.0,0,0.0,0.0
2023-10-11 12:00:00+09:00,1451.0,1468.0,1451.0,1464.0,35400,0.0,0.0
2023-10-11 13:00:00+09:00,1459.0,1462.0,1458.0,1462.0,1400,0.0,0.0
2023-10-11 14:00:00+09:00,1457.0,1465.0,1457.0,1465.0,6800,0.0,0.0
2023-10-12 09:00:00+09:00,1451.0,1461.0,1425.0,1431.0,14600,0.0,0.0
2023-10-12 10:00:00+09:00,1432.0,1432.0,1413.0,1419.0,10900,0.0,0.0
2023-10-12 11:00:00+09:00,1422.0,1427.0,1422.0,1424.0,0,0.0,0.0
2023-10-12 12:00:00+09:00,1424.0,1445.0,1420.0,1429.0,41900,0.0,0.0
2023-10-12 13:00:00+09:00,1426.0,1430.0,1419.0,1427.0,8000,0.0,0.0
2023-10-12 14:00:00+09:00,1429.0,1435.0,1427.0,1432.0,6200,0.0,0.0
2023-10-13 09:00:00+09:00,1426.0,1490.0,1426.0,1485.0,33500,0.0,0.0
2023-10-13 10:00:00+09:00,1479.0,1480.0,1451.0,1475.0,9300,0.0,0.0
2023-10-13 11:00:00+09:00,1469.0,1475.0,1466.0,1466.0,0,0.0,0.0
2023-10-13 12:00:00+09:00,1475.0,1476.0,1465.0,1476.0,50500,0.0,0.0
2023-10-13 13:00:00+09:00,1475.0,1520.0,1475.0,1506.0,41500,0.0,0.0
2023-10-13 14:00:00+09:00,1506.0,1510.0,1498.0,1510.0,14700,0.0,0.0
2023-10-16 09:00:00+09:00,1577.0,1580.0,1515.0,1530.0,97500,0.0,0.0
2023-10-16 10:00:00+09:00,1529.0,1564.0,1511.0,1556.0,36400,0.0,0.0
2023-10-16 11:00:00+09:00,1556.0,1579.0,1550.0,1579.0,0,0.0,0.0
2023-10-16 12:00:00+09:00,1580.0,1595.0,1554.0,1555.0,188200,0.0,0.0
2023-10-16 13:00:00+09:00,1555.0,1565.0,1545.0,1553.0,0,0.0,0.0
2023-10-16 14:00:00+09:00,1553.0,1562.0,1545.0,1550.0,230100,0.0,0.0
2023-10-17 09:00:00+09:00,1473.0,1497.0,1455.0,1465.0,48200,0.0,0.0
2023-10-17 10:00:00+09:00,1482.0,1487.0,1467.0,1467.0,11200,0.0,0.0
2023-10-17 11:00:00+09:00,1470.0,1473.0,1466.0,1473.0,0,0.0,0.0
2023-10-17 12:00:00+09:00,1473.0,1473.0,1461.0,1467.0,71600,0.0,0.0
2023-10-17 13:00:00+09:00,1472.0,1481.0,1470.0,1471.0,3600,0.0,0.0
2023-10-17 14:00:00+09:00,1478.0,1495.0,1472.0,1495.0,13900,0.0,0.0
2023-10-18 09:00:00+09:00,1500.0,1508.0,1466.0,1478.0,22100,0.0,0.0
2023-10-18 10:00:00+09:00,1475.0,1475.0,1469.0,1470.0,2500,0.0,0.0
2023-10-18 11:00:00+09:00,1475.0,1478.0,1470.0,1471.0,0,0.0,0.0
2023-10-18 12:00:00+09:00,1471.0,1471.0,1456.0,1457.0,36500,0.0,0.0
2023-10-18 13:00:00+09:00,1456.0,1467.0,1455.0,1462.0,4200,0.0,0.0
2023-10-18 14:00:00+09:00,1460.0,1471.0,1460.0,1467.0,8500,0.0,0.0
2023-10-19 09:00:00+09:00,1442.0,1470.0,1442.0,1470.0,0,0.0,0.0
2023-10-19 10:00:00+09:00,1471.0,1471.0,1461.0,1463.0,19400,0.0,0.0
2023-10-19 11:00:00+09:00,1464.0,1465.0,1457.0,1462.0,0,0.0,0.0
2023-10-19 12:00:00+09:00,1457.0,1463.0,1457.0,1463.0,21900,0.0,0.0
2023-10-19 13:00:00+09:00,1461.0,1477.0,1459.0,1472.0,8300,0.0,0.0
2023-10-19 14:00:00+09:00,1471.0,1472.0,1465.0,1469.0,5500,0.0,0.0
2023-10-20 09:00:00+09:00,1453.0,1519.0,1453.0,1502.0,44800,0.0,0.0
2023-10-20 10:00:00+09:00,1504.0,1504.0,1468.0,1479.0,14900,0.0,0.0
2023-10-20 11:00:00+09:00,1477.0,1484.0,1476.0,1480.0,0,0.0,0.0
2023-10-20 12:00:00+09:00,1482.0,1483.0,1460.0,1468.0,70800,0.0,0.0
2023-10-20 13:00:00+09:00,1468.0,1474.0,1461.0,1472.0,3700,0.0,0.0
2023-10-20 14:00:00+09:00,1472.0,1483.0,1472.0,1480.0,5500,0.0,0.0
2023-10-23 09:00:00+09:00,1489.0,1514.0,1460.0,1466.0,28200,0.0,0.0
2023-10-23 10:00:00+09:00,1470.0,1472.0,1455.0,1455.0,7100,0.0,0.0
2023-10-23 11:00:00+09:00,1456.0,1457.0,1448.0,1453.0,0,0.0,0.0
2023-10-23 12:00:00+09:00,1453.0,1454.0,1444.0,1444.0,47600,0.0,0.0
2023-10-23 13:00:00+09:00,1444.0,1444.0,1419.0,1425.0,18900,0.0,0.0
2023-10-23 14:00:00+09:00,1425.0,1431.0,1423.0,1423.0,12000,0.0,0.0
2023-10-24 09:00:00+09:00,1403.0,1422.0,1371.0,1371.0,32100,0.0,0.0
2023-10-24 10:00:00+09:00,1370.0,1378.0,1360.0,1364.0,13300,0.0,0.0
2023-10-24 11:00:00+09:00,1367.0,1389.0,1363.0,1377.0,0,0.0,0.0
2023-10-24 12:00:00+09:00,1380.0,1388.0,1377.0,1382.0,62100,0.0,0.0
2023-10-24 13:00:00+09:00,1381.0,1390.0,1381.0,1386.0,3300,0.0,0.0
2023-10-24 14:00:00+09:00,1385.0,1401.0,1385.0,1391.0,12100,0.0,0.0
2023-10-25 09:00:00+09:00,1383.0,1390.0,1373.0,1390.0,9100,0.0,0.0
2023-10-25 10:00:00+09:00,1389.0,1396.0,1389.0,1391.0,1300,0.0,0.0
2023-10-25 11:00:00+09:00,1392.0,1392.0,1391.0,1391.0,0,0.0,0.0
2023-10-25 12:00:00+09:00,1391.0,1398.0,1391.0,1392.0,11800,0.0,0.0
2023-10-25 13:00:00+09:00,1392.0,1399.0,1392.0,1399.0,300,0.0,0.0
2023-10-25 14:00:00+09:00,1397.0,1398.0,1389.0,1389.0,2600,0.0,0.0
2023-10-26 09:00:00+09:00,1375.0,1383.0,1372.0,1383.0,2700,0.0,0.0
2023-10-26 10:00:00+09:00,1382.0,1391.0,1380.0,1389.0,1900,0.0,0.0
2023-10-26 11:00:00+09:00,1388.0,1388.0,1383.0,1383.0,0,0.0,0.0
2023-10-26 12:00:00+09:00,1391.0,1400.0,1388.0,1400.0,7600,0.0,0.0
2023-10-26 13:00:00+09:00,1393.0,1393.0,1387.0,1387.0,0,0.0,0.0
2023-10-26 14:00:00+09:00,1385.0,1389.0,1382.0,1389.0,11700,0.0,0.0
2023-10-27 09:00:00+09:00,1382.0,1418.0,1382.0,1416.0,7100,0.0,0.0
2023-10-27 10:00:00+09:00,1416.0,1420.0,1403.0,1403.0,2900,0.0,0.0
2023-10-27 11:00:00+09:00,1406.0,1412.0,1406.0,1410.0,0,0.0,0.0
2023-10-27 12:00:00+09:00,1404.0,1413.0,1404.0,1404.0,12300,0.0,0.0
2023-10-27 13:00:00+09:00,1405.0,1405.0,1405.0,1405.0,100,0.0,0.0
2023-10-27 14:00:00+09:00,1408.0,1415.0,1408.0,1413.0,2400,0.0,0.0
2023-10-30 09:00:00+09:00,1420.0,1456.0,1417.0,1435.0,20200,0.0,0.0
2023-10-30 10:00:00+09:00,1435.0,1438.0,1425.0,1428.0,1800,0.0,0.0
2023-10-30 11:00:00+09:00,1428.0,1428.0,1420.0,1421.0,0,0.0,0.0
2023-10-30 12:00:00+09:00,1421.0,1422.0,1417.0,1419.0,25300,0.0,0.0
2023-10-30 13:00:00+09:00,1416.0,1416.0,1411.0,1411.0,3300,0.0,0.0
2023-10-30 14:00:00+09:00,1410.0,1420.0,1410.0,1419.0,3000,0.0,0.0
2023-10-31 09:00:00+09:00,1414.0,1415.0,1401.0,1410.0,0,0.0,0.0
2023-10-31 10:00:00+09:00,1413.0,1413.0,1400.0,1408.0,10400,0.0,0.0
2023-10-31 11:00:00+09:00,1409.0,1409.0,1402.0,1402.0,0,0.0,0.0
2023-10-31 12:00:00+09:00,1399.0,1415.0,1399.0,1415.0,15400,0.0,0.0
2023-10-31 13:00:00+09:00,1417.0,1426.0,1417.0,1425.0,5000,0.0,0.0
2023-10-31 14:00:00+09:00,1425.0,1435.0,1421.0,1429.0,7800,0.0,0.0
2023-11-01 09:00:00+09:00,1433.0,1439.0,1422.0,1430.0,5600,0.0,0.0
2023-11-01 10:00:00+09:00,1432.0,1438.0,1424.0,1425.0,3800,0.0,0.0
2023-11-01 11:00:00+09:00,1426.0,1426.0,1426.0,1426.0,0,0.0,0.0
2023-11-01 12:00:00+09:00,1430.0,1430.0,1426.0,1426.0,10000,0.0,0.0
2023-11-01 13:00:00+09:00,1427.0,1427.0,1425.0,1425.0,0,0.0,0.0
2023-11-01 14:00:00+09:00,1426.0,1430.0,1424.0,1430.0,11300,0.0,0.0
2023-11-02 09:00:00+09:00,1425.0,1433.0,1422.0,1433.0,3100,0.0,0.0
2023-11-02 10:00:00+09:00,1431.0,1431.0,1422.0,1429.0,1600,0.0,0.0
2023-11-02 11:00:00+09:00,1427.0,1427.0,1423.0,1423.0,0,0.0,0.0
2023-11-02 12:00:00+09:00,1423.0,1425.0,1421.0,1421.0,6200,0.0,0.0
2023-11-02 13:00:00+09:00,1421.0,1427.0,1421.0,1427.0,1600,0.0,0.0
2023-11-02 14:00:00+09:00,1429.0,1433.0,1429.0,1430.0,1400,0.0,0.0
2023-11-06 09:00:00+09:00,1435.0,1441.0,1430.0,1436.0,6900,0.0,0.0
2023-11-06 10:00:00+09:00,1438.0,1439.0,1432.0,1432.0,2500,0.0,0.0
2023-11-06 11:00:00+09:00,1435.0,1435.0,1435.0,1435.0,0,0.0,0.0
2023-11-06 12:00:00+09:00,1429.0,1430.0,1429.0,1430.0,11200,0.0,0.0
2023-11-06 13:00:00+09:00,1431.0,1441.0,1424.0,1435.0,6300,0.0,0.0
2023-11-06 14:00:00+09:00,1437.0,1441.0,1437.0,1441.0,3400,0.0,0.0
2023-11-07 09:00:00+09:00,1429.0,1435.0,1424.0,1424.0,3700,0.0,0.0
2023-11-07 10:00:00+09:00,1422.0,1422.0,1408.0,1412.0,10500,0.0,0.0
2023-11-07 11:00:00+09:00,1410.0,1410.0,1405.0,1405.0,0,0.0,0.0
2023-11-07 12:00:00+09:00,1403.0,1407.0,1403.0,1404.0,18000,0.0,0.0
2023-11-07 13:00:00+09:00,1404.0,1406.0,1395.0,1399.0,8900,0.0,0.0
2023-11-07 14:00:00+09:00,1397.0,1406.0,1397.0,1406.0,4800,0.0,0.0
2023-11-08 09:00:00+09:00,1403.0,1404.0,1346.0,1348.0,38200,0.0,0.0
2023-11-08 10:00:00+09:00,1348.0,1350.0,1327.0,1340.0,27600,0.0,0.0
2023-11-08 11:00:00+09:00,1338.0,1338.0,1328.0,1331.0,0,0.0,0.0
2023-11-08 12:00:00+09:00,1332.0,1332.0,1308.0,1311.0,88700,0.0,0.0
2023-11-08 13:00:00+09:00,1312.0,1321.0,1312.0,1320.0,9500,0.0,0.0
2023-11-08 14:00:00+09:00,1320.0,1334.0,1319.0,1334.0,10900,0.0,0.0
2023-11-09 09:00:00+09:00,1340.0,1340.0,1296.0,1306.0,0,0.0,0.0
2023-11-09 10:00:00+09:00,1305.0,1315.0,1303.0,1303.0,23000,0.0,0.0
2023-11-09 11:00:00+09:00,1306.0,1312.0,1306.0,1312.0,0,0.0,0.0
2023-11-09 12:00:00+09:00,1315.0,1321.0,1313.0,1321.0,25600,0.0,0.0
2023-11-09 13:00:00+09:00,1321.0,1327.0,1321.0,1327.0,1700,0.0,0.0
2023-11-09 14:00:00+09:00,1325.0,1336.0,1324.0,1336.0,4000,0.0,0.0
2023-11-10 09:00:00+09:00,1321.0,1332.0,1317.0,1326.0,0,0.0,0.0
2023-11-10 10:00:00+09:00,1332.0,1332.0,1326.0,1326.0,2800,0.0,0.0
2023-11-10 11:00:00+09:00,1325.0,1335.0,1325.0,1331.0,0,0.0,0.0
2023-11-10 12:00:00+09:00,1326.0,1338.0,1326.0,1330.0,13400,0.0,0.0
2023-11-10 13:00:00+09:00,1332.0,1338.0,1332.0,1336.0,900,0.0,0.0
2023-11-10 14:00:00+09:00,1335.0,1345.0,1334.0,1338.0,5000,0.0,0.0
2023-11-13 09:00:00+09:00,1345.0,1388.0,1339.0,1347.0,21000,0.0,0.0
2023-11-13 10:00:00+09:00,1346.0,1350.0,1346.0,1349.0,1900,0.0,0.0
2023-11-13 11:00:00+09:00,1350.0,1366.0,1350.0,1364.0,0,0.0,0.0
2023-11-13 12:00:00+09:00,1365.0,1379.0,1362.0,1377.0,33800,0.0,0.0
2023-11-13 13:00:00+09:00,1376.0,1387.0,1375.0,1385.0,10300,0.0,0.0
2023-11-13 14:00:00+09:00,1384.0,1389.0,1383.0,1385.0,7400,0.0,0.0
2023-11-14 09:00:00+09:00,1371.0,1382.0,1359.0,1382.0,7100,0.0,0.0
2023-11-14 10:00:00+09:00,1383.0,1383.0,1376.0,1380.0,1200,0.0,0.0
2023-11-14 11:00:00+09:00,1380.0,1382.0,1375.0,1377.0,0,0.0,0.0
2023-11-14 12:00:00+09:00,1380.0,1387.0,1379.0,1380.0,15500,0.0,0.0
2023-11-14 13:00:00+09:00,1377.0,1377.0,1364.0,1369.0,3400,0.0,0.0
2023-11-14 14:00:00+09:00,1368.0,1370.0,1355.0,1365.0,6200,0.0,0.0
2023-11-15 09:00:00+09:00,1379.0,1379.0,1352.0,1362.0,9000,0.0,0.0
2023-11-15 10:00:00+09:00,1354.0,1360.0,1353.0,1358.0,2200,0.0,0.0
2023-11-15 11:00:00+09:00,1358.0,1358.0,1353.0,1353.0,0,0.0,0.0
2023-11-15 12:00:00+09:00,1357.0,1360.0,1357.0,1360.0,12800,0.0,0.0
2023-11-15 13:00:00+09:00,1361.0,1362.0,1353.0,1355.0,5000,0.0,0.0
2023-11-15 14:00:00+09:00,1359.0,1362.0,1354.0,1358.0,3400,0.0,0.0
2023-11-16 09:00:00+09:00,1358.0,1369.0,1353.0,1361.0,4200,0.0,0.0
2023-11-16 10:00:00+09:00,1361.0,1367.0,1358.0,1360.0,1200,0.0,0.0
2023-11-16 11:00:00+09:00,1357.0,1368.0,1357.0,1368.0,0,0.0,0.0
2023-11-16 12:00:00+09:00,1369.0,1380.0,1369.0,1375.0,11900,0.0,0.0
2023-11-16 13:00:00+09:00,1374.0,1383.0,1374.0,1383.0,2400,0.0,0.0
2023-11-16 14:00:00+09:00,1383.0,1387.0,1380.0,1382.0,3800,0.0,0.0
2023-11-17 09:00:00+09:00,1375.0,1381.0,1375.0,1379.0,3900,0.0,0.0
2023-11-17 10:00:00+09:00,1380.0,1380.0,1378.0,1380.0,1000,0.0,0.0
2023-11-17 11:00:00+09:00,1380.0,1381.0,1371.0,1376.0,0,0.0,0.0
2023-11-17 12:00:00+09:00,1370.0,1373.0,1370.0,1373.0,8900,0.0,0.0
2023-11-17 13:00:00+09:00,1375.0,1384.0,1375.0,1383.0,4900,0.0,0.0
2023-11-17 14:00:00+09:00,1383.0,1385.0,1371.0,1371.0,2200,0.0,0.0
2023-11-20 09:00:00+09:00,1370.0,1400.0,1370.0,1389.0,0,0.0,0.0
2023-11-20 10:00:00+09:00,1388.0,1398.0,1381.0,1398.0,19900,0.0,0.0
2023-11-20 11:00:00+09:00,1398.0,1398.0,1391.0,1391.0,0,0.0,0.0
2023-11-20 12:00:00+09:00,1394.0,1394.0,1390.0,1394.0,21700,0.0,0.0
2023-11-20 13:00:00+09:00,1391.0,1396.0,1390.0,1394.0,2000,0.0,0.0
2023-11-20 14:00:00+09:00,1393.0,1401.0,1393.0,1397.0,3800,0.0,0.0
2023-11-21 09:00:00+09:00,1401.0,1401.0,1385.0,1385.0,5400,0.0,0.0
2023-11-21 10:00:00+09:00,1387.0,1400.0,1387.0,1400.0,1700,0.0,0.0
2023-11-21 11:00:00+09:00,1401.0,1415.0,1401.0,1408.0,0,0.0,0.0
2023-11-21 12:00:00+09:00,1405.0,1410.0,1401.0,1401.0,13700,0.0,0.0
2023-11-21 13:00:00+09:00,1402.0,1404.0,1401.0,1401.0,1000,0.0,0.0
2023-11-21 14:00:00+09:00,1402.0,1408.0,1400.0,1402.0,3300,0.0,0.0
2023-11-22 09:00:00+09:00,1406.0,1425.0,1395.0,1401.0,13600,0.0,0.0
2023-11-22 10:00:00+09:00,1401.0,1403.0,1396.0,1403.0,3000,0.0,0.0
2023-11-22 11:00:00+09:00,1399.0,1400.0,1399.0,1400.0,0,0.0,0.0
2023-11-22 12:00:00+09:00,1400.0,1400.0,1395.0,1395.0,17800,0.0,0.0
2023-11-22 13:00:00+09:00,1395.0,1397.0,1379.0,1397.0,5900,0.0,0.0
2023-11-22 14:00:00+09:00,1391.0,1394.0,1389.0,1391.0,1700,0.0,0.0
2023-11-24 09:00:00+09:00,1403.0,1403.0,1389.0,1393.0,4400,0.0,0.0
2023-11-24 10:00:00+09:00,1391.0,1403.0,1391.0,1403.0,4400,0.0,0.0
2023-11-24 11:00:00+09:00,1404.0,1404.0,1397.0,1397.0,0,0.0,0.0
2023-11-24 12:00:00+09:00,1400.0,1400.0,1391.0,1391.0,12600,0.0,0.0
2023-11-24 13:00:00+09:00,1392.0,1392.0,1381.0,1382.0,1800,0.0,0.0
2023-11-24 14:00:00+09:00,1381.0,1392.0,1381.0,1392.0,2100,0.0,0.0
2023-11-27 09:00:00+09:00,1379.0,1389.0,1375.0,1375.0,4900,0.0,0.0
2023-11-27 10:00:00+09:00,1376.0,1383.0,1375.0,1377.0,2400,0.0,0.0
2023-11-27 11:00:00+09:00,1377.0,1377.0,1376.0,1376.0,0,0.0,0.0
2023-11-27 12:00:00+09:00,1373.0,1375.0,1362.0,1366.0,13900,0.0,0.0
2023-11-27 13:00:00+09:00,1366.0,1368.0,1365.0,1368.0,1900,0.0,0.0
2023-11-27 14:00:00+09:00,1366.0,1367.0,1361.0,1365.0,5200,0.0,0.0
2023-11-28 09:00:00+09:00,1362.0,1377.0,1355.0,1362.0,7600,0.0,0.0
2023-11-28 10:00:00+09:00,1365.0,1365.0,1360.0,1360.0,500,0.0,0.0
2023-11-28 11:00:00+09:00,1362.0,1363.0,1359.0,1359.0,0,0.0,0.0
2023-11-28 12:00:00+09:00,1358.0,1363.0,1357.0,1363.0,11200,0.0,0.0
2023-11-28 13:00:00+09:00,1362.0,1369.0,1362.0,1366.0,4900,0.0,0.0
2023-11-28 14:00:00+09:00,1367.0,1368.0,1363.0,1363.0,1500,0.0,0.0
2023-11-29 09:00:00+09:00,1373.0,1376.0,1366.0,1366.0,1300,0.0,0.0
2023-11-29 10:00:00+09:00,1367.0,1368.0,1362.0,1367.0,1900,0.0,0.0
2023-11-29 11:00:00+09:00,1370.0,1370.0,1364.0,1364.0,0,0.0,0.0
2023-11-29 12:00:00+09:00,1369.0,1369.0,1364.0,1369.0,4200,0.0,0.0
2023-11-29 13:00:00+09:00,1368.0,1368.0,1365.0,1366.0,500,0.0,0.0
2023-11-29 14:00:00+09:00,1369.0,1370.0,1365.0,1370.0,1300,0.0,0.0
2023-11-30 09:00:00+09:00,1370.0,1374.0,1363.0,1367.0,2900,0.0,0.0
2023-11-30 10:00:00+09:00,1367.0,1367.0,1366.0,1366.0,1000,0.0,0.0
2023-11-30 11:00:00+09:00,1366.0,1366.0,1366.0,1366.0,0,0.0,0.0
2023-11-30 12:00:00+09:00,1362.0,1362.0,1362.0,1362.0,5000,0.0,0.0
2023-11-30 13:00:00+09:00,1364.0,1367.0,1364.0,1367.0,300,0.0,0.0
2023-11-30 14:00:00+09:00,1372.0,1373.0,1370.0,1370.0,1000,0.0,0.0
2023-12-01 09:00:00+09:00,1363.0,1370.0,1356.0,1361.0,4400,0.0,0.0
2023-12-01 10:00:00+09:00,1358.0,1366.0,1357.0,1366.0,500,0.0,0.0
2023-12-01 11:00:00+09:00,1363.0,1365.0,1363.0,1365.0,0,0.0,0.0
2023-12-01 12:00:00+09:00,1366.0,1366.0,1365.0,1365.0,5900,0.0,0.0
2023-12-01 13:00:00+09:00,1367.0,1367.0,1362.0,1362.0,400,0.0,0.0
2023-12-01 14:00:00+09:00,1362.0,1370.0,1362.0,1369.0,1900,0.0,0.0
2023-12-04 09:00:00+09:00,1381.0,1386.0,1367.0,1380.0,6500,0.0,0.0
2023-12-04 10:00:00+09:00,1381.0,1390.0,1381.0,1388.0,6900,0.0,0.0
2023-12-04 11:00:00+09:00,1388.0,1392.0,1388.0,1392.0,0,0.0,0.0
2023-12-04 12:00:00+09:00,1394.0,1397.0,1393.0,1397.0,15600,0.0,0.0
2023-12-04 13:00:00+09:00,1397.0,1400.0,1395.0,1397.0,2600,0.0,0.0
2023-12-04 14:00:00+09:00,1396.0,1396.0,1394.0,1395.0,700,0.0,0.0
2023-12-05 09:00:00+09:00,1379.0,1379.0,1368.0,1369.0,3400,0.0,0.0
2023-12-05 10:00:00+09:00,1370.0,1379.0,1364.0,1371.0,6800,0.0,0.0
2023-12-05 11:00:00+09:00,1370.0,1370.0,1369.0,1369.0,0,0.0,0.0
2023-12-05 12:00:00+09:00,1369.0,1369.0,1363.0,1363.0,14800,0.0,0.0
2023-12-05 13:00:00+09:00,1365.0,1367.0,1363.0,1366.0,2200,0.0,0.0
2023-12-05 14:00:00+09:00,1365.0,1365.0,1362.0,1363.0,1200,0.0,0.0
2023-12-06 09:00:00+09:00,1363.0,1373.0,1357.0,1358.0,2700,0.0,0.0
2023-12-06 10:00:00+09:00,1359.0,1359.0,1355.0,1359.0,1200,0.0,0.0
2023-12-06 11:00:00+09:00,1357.0,1357.0,1348.0,1348.0,0,0.0,0.0
2023-12-06 12:00:00+09:00,1343.0,1348.0,1343.0,1345.0,13700,0.0,0.0
2023-12-06 13:00:00+09:00,1345.0,1345.0,1340.0,1342.0,5700,0.0,0.0
2023-12-06 14:00:00+09:00,1342.0,1347.0,1340.0,1345.0,4600,0.0,0.0
2023-12-07 09:00:00+09:00,1344.0,1344.0,1325.0,1325.0,12100,0.0,0.0
2023-12-07 10:00:00+09:00,1325.0,1330.0,1320.0,1320.0,5300,0.0,0.0
2023-12-07 11:00:00+09:00,1322.0,1322.0,1314.0,1316.0,0,0.0,0.0
2023-12-07 12:00:00+09:00,1315.0,1319.0,1314.0,1318.0,26200,0.0,0.0
2023-12-07 13:00:00+09:00,1318.0,1319.0,1315.0,1315.0,1200,0.0,0.0
2023-12-07 14:00:00+09:00,1320.0,1321.0,1315.0,1320.0,3600,0.0,0.0
2023-12-08 09:00:00+09:00,1312.0,1329.0,1312.0,1322.0,6800,0.0,0.0
2023-12-08 10:00:00+09:00,1320.0,1320.0,1306.0,1312.0,0,0.0,0.0
2023-12-08 11:00:00+09:00,1312.0,1312.0,1311.0,1311.0,0,0.0,0.0
2023-12-08 12:00:00+09:00,1310.0,1315.0,1307.0,1315.0,15000,0.0,0.0
2023-12-08 13:00:00+09:00,1313.0,1313.0,1309.0,1310.0,700,0.0,0.0
2023-12-08 14:00:00+09:00,1310.0,1310.0,1304.0,1307.0,22500,0.0,0.0
2023-12-11 09:00:00+09:00,1312.0,1328.0,1312.0,1321.0,1600,0.0,0.0
2023-12-11 10:00:00+09:00,1324.0,1335.0,1324.0,1330.0,7500,0.0,0.0
2023-12-11 11:00:00+09:00,1328.0,1328.0,1326.0,1326.0,0,0.0,0.0
2023-12-11 12:00:00+09:00,1320.0,1320.0,1318.0,1318.0,10800,0.0,0.0
2023-12-11 13:00:00+09:00,1322.0,1323.0,1316.0,1316.0,2700,0.0,0.0
2023-12-11 14:00:00+09:00,1317.0,1323.0,1317.0,1320.0,1500,0.0,0.0
2023-12-12 09:00:00+09:00,1318.0,1318.0,1314.0,1315.0,1000,0.0,0.0
2023-12-12 10:00:00+09:00,1314.0,1320.0,1314.0,1315.0,1400,0.0,0.0
2023-12-12 11:00:00+09:00,1314.0,1315.0,1314.0,1315.0,0,0.0,0.0
2023-12-12 12:00:00+09:00,1316.0,1316.0,1315.0,1315.0,4100,0.0,0.0
2023-12-12 13:00:00+09:00,1315.0,1325.0,1315.0,1319.0,3500,0.0,0.0
2023-12-12 14:00:00+09:00,1318.0,1321.0,1318.0,1321.0,400,0.0,0.0
2023-12-13 09:00:00+09:00,1320.0,1324.0,1312.0,1324.0,0,0.0,0.0
2023-12-13 10:00:00+09:00,1322.0,1332.0,1320.0,1330.0,4600,0.0,0.0
2023-12-13 11:00:00+09:00,1332.0,1332.0,1325.0,1325.0,0,0.0,0.0
2023-12-13 12:00:00+09:00,1320.0,1324.0,1320.0,1321.0,13300,0.0,0.0
2023-12-13 13:00:00+09:00,1319.0,1320.0,1299.0,1300.0,26300,0.0,0.0
2023-12-13 14:00:00+09:00,1299.0,1306.0,1299.0,1299.0,8700,0.0,0.0
2023-12-14 09:00:00+09:00,1309.0,1310.0,1296.0,1298.0,9800,0.0,0.0
2023-12-14 10:00:00+09:00,1297.0,1297.0,1274.0,1278.0,14600,0.0,0.0
2023-12-14 11:00:00+09:00,1280.0,1283.0,1274.0,1277.0,0,0.0,0.0
2023-12-14 12:00:00+09:00,1275.0,1275.0,1261.0,1268.0,33200,0.0,0.0
2023-12-14 13:00:00+09:00,1265.0,1271.0,1261.0,1271.0,6000,0.0,0.0
2023-12-14 14:00:00+09:00,1274.0,1276.0,1272.0,1273.0,3700,0.0,0.0
2023-12-15 09:00:00+09:00,1267.0,1290.0,1267.0,1278.0,10100,0.0,0.0
2023-12-15 10:00:00+09:00,1283.0,1293.0,1281.0,1293.0,2700,0.0,0.0
2023-12-15 11:00:00+09:00,1294.0,1296.0,1294.0,1296.0,0,0.0,0.0
2023-12-15 12:00:00+09:00,1296.0,1299.0,1295.0,1297.0,15300,0.0,0.0
2023-12-15 13:00:00+09:00,1296.0,1303.0,1295.0,1301.0,2600,0.0,0.0
2023-12-15 14:00:00+09:00,1299.0,1302.0,1296.0,1297.0,5600,0.0,0.0
2023-12-18 09:00:00+09:00,1282.0,1290.0,1279.0,1283.0,0,0.0,0.0
2023-12-18 10:00:00+09:00,1280.0,1280.0,1276.0,1277.0,9200,0.0,0.0
2023-12-18 11:00:00+09:00,1276.0,1279.0,1275.0,1276.0,0,0.0,0.0
2023-12-18 12:00:00+09:00,1275.0,1275.0,1275.0,1275.0,11800,0.0,0.0
2023-12-18 13:00:00+09:00,1277.0,1278.0,1277.0,1278.0,400,0.0,0.0
2023-12-18 14:00:00+09:00,1279.0,1282.0,1279.0,1282.0,2100,0.0,0.0
2023-12-19 09:00:00+09:00,1274.0,1280.0,1274.0,1280.0,7300,0.0,0.0
2023-12-19 10:00:00+09:00,1278.0,1280.0,1272.0,1278.0,1400,0.0,0.0
2023-12-19 11:00:00+09:00,1275.0,1275.0,1274.0,1274.0,0,0.0,0.0
2023-12-19 12:00:00+09:00,1278.0,1286.0,1278.0,1284.0,10000,0.0,0.0
2023-12-19 13:00:00+09:00,1285.0,1285.0,1282.0,1282.0,500,0.0,0.0
2023-12-19 14:00:00+09:00,1285.0,1289.0,1285.0,1289.0,1500,0.0,0.0
2023-12-20 09:00:00+09:00,1282.0,1295.0,1282.0,1292.0,3300,0.0,0.0
2023-12-20 10:00:00+09:00,1292.0,1303.0,1285.0,1291.0,12900,0.0,0.0
2023-12-20 11:00:00+09:00,1290.0,1290.0,1282.0,1284.0,0,0.0,0.0
2023-12-20 12:00:00+09:00,1286.0,1286.0,1275.0,1275.0,35100,0.0,0.0
2023-12-20 13:00:00+09:00,1274.0,1274.0,1236.0,1250.0,24100,0.0,0.0
2023-12-20 14:00:00+09:00,1252.0,1257.0,1247.0,1253.0,19500,0.0,0.0
2023-12-21 09:00:00+09:00,1246.0,1246.0,1187.0,1240.0,0,0.0,0.0
2023-12-21 10:00:00+09:00,1240.0,1252.0,1240.0,1250.0,44700,0.0,0.0
2023-12-21 11:00:00+09:00,1245.0,1258.0,1245.0,1247.0,0,0.0,0.0
2023-12-21 12:00:00+09:00,1245.0,1247.0,1245.0,1246.0,47700,0.0,0.0
2023-12-21 13:00:00+09:00,1249.0,1250.0,1242.0,1242.0,2000,0.0,0.0
2023-12-21 14:00:00+09:00,1242.0,1242.0,1231.0,1231.0,3800,0.0,0.0
2023-12-22 09:00:00+09:00,1227.0,1250.0,1219.0,1224.0,21600,0.0,0.0
2023-12-22 10:00:00+09:00,1226.0,1228.0,1221.0,1223.0,3600,0.0,0.0
2023-12-22 11:00:00+09:00,1222.0,1230.0,1221.0,1228.0,0,0.0,0.0
2023-12-22 12:00:00+09:00,1228.0,1233.0,1225.0,1227.0,30900,0.0,0.0
2023-12-22 13:00:00+09:00,1229.0,1230.0,1225.0,1226.0,2900,0.0,0.0
2023-12-22 14:00:00+09:00,1227.0,1233.0,1223.0,1233.0,4200,0.0,0.0
2023-12-25 09:00:00+09:00,1235.0,1250.0,1235.0,1246.0,16700,0.0,0.0
2023-12-25 10:00:00+09:00,1247.0,1249.0,1244.0,1245.0,3200,0.0,0.0
2023-12-25 11:00:00+09:00,1244.0,1245.0,1243.0,1243.0,0,0.0,0.0
2023-12-25 12:00:00+09:00,1243.0,1248.0,1243.0,1244.0,22000,0.0,0.0
2023-12-25 13:00:00+09:00,1243.0,1244.0,1243.0,1244.0,1400,0.0,0.0
2023-12-25 14:00:00+09:00,1241.0,1241.0,1232.0,1238.0,6100,0.0,0.0
2023-12-26 09:00:00+09:00,1238.0,1274.0,1238.0,1270.0,26200,0.0,0.0
2023-12-26 10:00:00+09:00,1269.0,1271.0,1265.0,1267.0,4500,0.0,0.0
2023-12-26 11:00:00+09:00,1264.0,1264.0,1260.0,1260.0,0,0.0,0.0
2023-12-26 12:00:00+09:00,1260.0,1260.0,1255.0,1258.0,32700,0.0,0.0
2023-12-26 13:00:00+09:00,1255.0,1255.0,1254.0,1255.0,600,0.0,0.0
2023-12-26 14:00:00+09:00,1253.0,1253.0,1249.0,1249.0,2100,0.0,0.0
2023-12-27 09:00:00+09:00,1251.0,1267.0,1250.0,1263.0,6000,0.0,0.0
2023-12-27 10:00:00+09:00,1265.0,1283.0,1265.0,1280.0,10300,0.0,0.0
2023-12-27 11:00:00+09:00,1284.0,1284.0,1274.0,1274.0,0,0.0,0.0
2023-12-27 12:00:00+09:00,1277.0,1284.0,1271.0,1282.0,21300,0.0,0.0
2023-12-27 13:00:00+09:00,1284.0,1286.0,1282.0,1283.0,3800,0.0,0.0
2023-12-27 14:00:00+09:00,1283.0,1296.0,1282.0,1282.0,11100,0.0,0.0
2023-12-28 09:00:00+09:00,1286.0,1311.0,1286.0,1310.0,8500,0.0,0.0
2023-12-28 10:00:00+09:00,1316.0,1316.0,1305.0,1314.0,5400,0.0,0.0
2023-12-28 11:00:00+09:00,1312.0,1315.0,1310.0,1314.0,0,0.0,0.0
2023-12-28 12:00:00+09:00,1307.0,1316.0,1307.0,1316.0,18100,0.0,0.0
2023-12-28 13:00:00+09:00,1317.0,1320.0,1312.0,1313.0,4200,0.0,0.0
2023-12-28 14:00:00+09:00,1313.0,1316.0,1309.0,1316.0,6700,0.0,0.0
2023-12-29 09:00:00+09:00,1306.0,1308.0,1290.0,1301.0,0,0.0,0.0
2023-12-29 10:00:00+09:00,1300.0,1305.0,1300.0,1304.0,14800,0.0,0.0
2023-12-29 11:00:00+09:00,1303.0,1305.0,1301.0,1302.0,0,0.0,0.0
2023-12-29 12:00:00+09:00,1302.0,1305.0,1302.0,1304.0,18600,0.0,0.0
2023-12-29 13:00:00+09:00,1303.0,1304.0,1297.0,1297.0,5200,0.0,0.0
2023-12-29 14:00:00+09:00,1298.0,1317.0,1298.0,1315.0,13000,0.0,0.0
2024-01-04 09:00:00+09:00,1319.0,1330.0,1310.0,1319.0,10300,0.0,0.0
2024-01-04 10:00:00+09:00,1321.0,1322.0,1319.0,1319.0,1100,0.0,0.0
2024-01-04 11:00:00+09:00,1320.0,1320.0,1320.0,1320.0,0,0.0,0.0
2024-01-04 12:00:00+09:00,1320.0,1320.0,1315.0,1319.0,13100,0.0,0.0
2024-01-04 13:00:00+09:00,1319.0,1324.0,1319.0,1324.0,2000,0.0,0.0
2024-01-04 14:00:00+09:00,1321.0,1322.0,1318.0,1320.0,1000,0.0,0.0
2024-01-05 09:00:00+09:00,1312.0,1317.0,1292.0,1295.0,8500,0.0,0.0
2024-01-05 10:00:00+09:00,1296.0,1305.0,1292.0,1293.0,4600,0.0,0.0
2024-01-05 11:00:00+09:00,1292.0,1295.0,1288.0,1288.0,0,0.0,0.0
2024-01-05 12:00:00+09:00,1289.0,1292.0,1289.0,1292.0,18100,0.0,0.0
2024-01-05 13:00:00+09:00,1293.0,1365.0,1287.0,1332.0,68600,0.0,0.0
2024-01-05 14:00:00+09:00,1330.0,1332.0,1306.0,1326.0,20600,0.0,0.0
2024-01-09 09:00:00+09:00,1305.0,1307.0,1283.0,1295.0,26800,0.0,0.0
2024-01-09 10:00:00+09:00,1295.0,1296.0,1290.0,1292.0,5700,0.0,0.0
2024-01-09 11:00:00+09:00,1292.0,1293.0,1290.0,1290.0,0,0.0,0.0
2024-01-09 12:00:00+09:00,1290.0,1294.0,1290.0,1294.0,36200,0.0,0.0
2024-01-09 13:00:00+09:00,1294.0,1294.0,1281.0,1282.0,14500,0.0,0.0
2024-01-09 14:00:00+09:00,1282.0,1294.0,1282.0,1294.0,4600,0.0,0.0
2024-01-10 09:00:00+09:00,1285.0,1289.0,1273.0,1289.0,9300,0.0,0.0
2024-01-10 10:00:00+09:00,1289.0,1295.0,1288.0,1293.0,3300,0.0,0.0
2024-01-10 11:00:00+09:00,1292.0,1292.0,1292.0,1292.0,0,0.0,0.0
2024-01-10 12:00:00+09:00,1285.0,1293.0,1284.0,1287.0,14800,0.0,0.0
2024-01-10 13:00:00+09:00,1285.0,1285.0,1284.0,1284.0,800,0.0,0.0
2024-01-10 14:00:00+09:00,1285.0,1287.0,1284.0,1284.0,1900,0.0,0.0
2024-01-11 09:00:00+09:00,1286.0,1291.0,1282.0,1291.0,5100,0.0,0.0
2024-01-11 10:00:00+09:00,1289.0,1300.0,1286.0,1297.0,6700,0.0,0.0
2024-01-11 11:00:00+09:00,1295.0,1296.0,1292.0,1296.0,0,0.0,0.0
2024-01-11 12:00:00+09:00,1295.0,1304.0,1295.0,1304.0,16900,0.0,0.0
2024-01-11 13:00:00+09:00,1302.0,1302.0,1296.0,1301.0,2600,0.0,0.0
2024-01-11 14:00:00+09:00,1301.0,1306.0,1299.0,1299.0,4200,0.0,0.0
2024-01-12 09:00:00+09:00,1289.0,1307.0,1289.0,1294.0,0,0.0,0.0
2024-01-12 10:00:00+09:00,1296.0,1320.0,1294.0,1307.0,11300,0.0,0.0
2024-01-12 11:00:00+09:00,1309.0,1314.0,1308.0,1313.0,0,0.0,0.0
2024-01-12 12:00:00+09:00,1315.0,1320.0,1313.0,1314.0,24100,0.0,0.0
2024-01-12 13:00:00+09:00,1313.0,1316.0,1312.0,1315.0,3200,0.0,0.0
2024-01-12 14:00:00+09:00,1313.0,1316.0,1312.0,1312.0,3300,0.0,0.0
2024-01-15 09:00:00+09:00,1315.0,1320.0,1305.0,1305.0,9400,0.0,0.0
2024-01-15 10:00:00+09:00,1305.0,1306.0,1300.0,1302.0,4400,0.0,0.0
2024-01-15 11:00:00+09:00,1304.0,1310.0,1304.0,1310.0,0,0.0,0.0
2024-01-15 12:00:00+09:00,1309.0,1310.0,1303.0,1303.0,17500,0.0,0.0
2024-01-15 13:00:00+09:00,1304.0,1306.0,1304.0,1306.0,600,0.0,0.0
2024-01-15 14:00:00+09:00,1307.0,1308.0,1303.0,1305.0,6700,0.0,0.0
2024-01-16 09:00:00+09:00,1313.0,1313.0,1302.0,1303.0,1300,0.0,0.0
2024-01-16 10:00:00+09:00,1301.0,1301.0,1301.0,1301.0,700,0.0,0.0
2024-01-16 11:00:00+09:00,1303.0,1303.0,1303.0,1303.0,0,0.0,0.0
2024-01-16 12:00:00+09:00,1304.0,1305.0,1297.0,1297.0,6300,0.0,0.0
2024-01-16 13:00:00+09:00,1296.0,1298.0,1289.0,1289.0,6600,0.0,0.0
2024-01-16 14:00:00+09:00,1289.0,1289.0,1285.0,1288.0,3500,0.0,0.0
2024-01-17 09:00:00+09:00,1285.0,1300.0,1285.0,1293.0,3800,0.0,0.0
2024-01-17 10:00:00+09:00,1293.0,1300.0,1293.0,1299.0,5000,0.0,0.0
2024-01-17 11:00:00+09:00,1299.0,1302.0,1294.0,1294.0,0,0.0,0.0
2024-01-17 12:00:00+09:00,1294.0,1294.0,1284.0,1284.0,14400,0.0,0.0
2024-01-17 13:00:00+09:00,1287.0,1294.0,1287.0,1291.0,1400,0.0,0.0
2024-01-17 14:00:00+09:00,1292.0,1296.0,1290.0,1291.0,2600,0.0,0.0
2024-01-18 09:00:00+09:00,1287.0,1296.0,1284.0,1286.0,2800,0.0,0.0
2024-01-18 10:00:00+09:00,1286.0,1294.0,1285.0,1294.0,1400,0.0,0.0
2024-01-18 11:00:00+09:00,1287.0,1288.0,1286.0,1288.0,0,0.0,0.0
2024-01-18 12:00:00+09:00,1290.0,1290.0,1287.0,1287.0,5200,0.0,0.0
2024-01-18 13:00:00+09:00,1289.0,1302.0,1289.0,1299.0,8000,0.0,0.0
2024-01-18 14:00:00+09:00,1295.0,1300.0,1292.0,1298.0,2800,0.0,0.0
2024-01-19 09:00:00+09:00,1292.0,1308.0,1292.0,1301.0,7600,0.0,0.0
2024-01-19 10:00:00+09:00,1301.0,1313.0,1298.0,1308.0,4400,0.0,0.0
2024-01-19 11:00:00+09:00,1306.0,1320.0,1303.0,1308.0,0,0.0,0.0
2024-01-19 12:00:00+09:00,1308.0,1310.0,1302.0,1302.0,26800,0.0,0.0
2024-01-19 13:00:00+09:00,1304.0,1304.0,1299.0,1301.0,1900,0.0,0.0
2024-01-19 14:00:00+09:00,1302.0,1302.0,1297.0,1297.0,1400,0.0,0.0
2024-01-22 09:00:00+09:00,1300.0,1316.0,1297.0,1309.0,6900,0.0,0.0
2024-01-22 10:00:00+09:00,1308.0,1317.0,1308.0,1315.0,2400,0.0,0.0
2024-01-22 11:00:00+09:00,1315.0,1315.0,1315.0,1315.0,0,0.0,0.0
2024-01-22 12:00:00+09:00,1315.0,1316.0,1312.0,1312.0,11500,0.0,0.0
2024-01-22 13:00:00+09:00,1311.0,1315.0,1311.0,1315.0,1200,0.0,0.0
2024-01-22 14:00:00+09:00,1315.0,1315.0,1310.0,1310.0,1200,0.0,0.0
2024-01-23 09:00:00+09:00,1309.0,1310.0,1305.0,1305.0,600,0.0,0.0
2024-01-23 10:00:00+09:00,1305.0,1305.0,1304.0,1304.0,400,0.0,0.0
2024-01-23 11:00:00+09:00,1304.0,1306.0,1303.0,1306.0,0,0.0,0.0
2024-01-23 12:00:00+09:00,1303.0,1307.0,1297.0,1297.0,8000,0.0,0.0
2024-01-23 13:00:00+09:00,1298.0,1313.0,1296.0,1309.0,7000,0.0,0.0
2024-01-23 14:00:00+09:00,1309.0,1309.0,1302.0,1304.0,900,0.0,0.0
2024-01-24 09:00:00+09:00,1312.0,1323.0,1306.0,1318.0,10500,0.0,0.0
2024-01-24 10:00:00+09:00,1320.0,1329.0,1315.0,1315.0,5000,0.0,0.0
2024-01-24 11:00:00+09:00,1319.0,1319.0,1319.0,1319.0,0,0.0,0.0
2024-01-24 12:00:00+09:00,1324.0,1324.0,1317.0,1317.0,16700,0.0,0.0
2024-01-24 13:00:00+09:00,1315.0,1315.0,1312.0,1312.0,2500,0.0,0.0
2024-01-24 14:00:00+09:00,1314.0,1318.0,1314.0,1318.0,2600,0.0,0.0
2024-01-25 09:00:00+09:00,1325.0,1331.0,1320.0,1320.0,4400,0.0,0.0
2024-01-25 10:00:00+09:00,1318.0,1318.0,1304.0,1306.0,4500,0.0,0.0
2024-01-25 11:00:00+09:00,1304.0,1307.0,1302.0,1307.0,0,0.0,0.0
2024-01-25 12:00:00+09:00,1307.0,1309.0,1307.0,1309.0,10000,0.0,0.0
2024-01-25 13:00:00+09:00,1309.0,1314.0,1309.0,1314.0,1200,0.0,0.0
2024-01-25 14:00:00+09:00,1314.0,1316.0,1314.0,1315.0,1400,0.0,0.0
2024-01-26 09:00:00+09:00,1302.0,1333.0,1302.0,1325.0,4800,0.0,0.0
2024-01-26 10:00:00+09:00,1328.0,1330.0,1327.0,1327.0,1700,0.0,0.0
2024-01-26 11:00:00+09:00,1327.0,1330.0,1325.0,1325.0,0,0.0,0.0
2024-01-26 12:00:00+09:00,1328.0,1328.0,1324.0,1324.0,8100,0.0,0.0
2024-01-26 13:00:00+09:00,1325.0,1327.0,1320.0,1320.0,1300,0.0,0.0
2024-01-26 14:00:00+09:00,1320.0,1326.0,1320.0,1326.0,2300,0.0,0.0
2024-01-29 09:00:00+09:00,1340.0,1343.0,1331.0,1342.0,7400,0.0,0.0
2024-01-29 10:00:00+09:00,1343.0,1343.0,1342.0,1342.0,200,0.0,0.0
2024-01-29 11:00:00+09:00,1339.0,1339.0,1338.0,1339.0,0,0.0,0.0
2024-01-29 12:00:00+09:00,1338.0,1340.0,1337.0,1339.0,10800,0.0,0.0
2024-01-29 13:00:00+09:00,1340.0,1343.0,1337.0,1337.0,5700,0.0,0.0
2024-01-29 14:00:00+09:00,1337.0,1337.0,1332.0,1333.0,4200,0.0,0.0
2024-01-30 09:00:00+09:00,1334.0,1334.0,1321.0,1324.0,6000,0.0,0.0
2024-01-30 10:00:00+09:00,1329.0,1331.0,1317.0,1324.0,4100,0.0,0.0
2024-01-30 11:00:00+09:00,1324.0,1324.0,1317.0,1317.0,0,0.0,0.0
2024-01-30 12:00:00+09:00,1320.0,1325.0,1320.0,1325.0,11300,0.0,0.0
2024-01-30 13:00:00+09:00,1322.0,1325.0,1322.0,1324.0,400,0.0,0.0
2024-01-30 14:00:00+09:00,1324.0,1328.0,1320.0,1328.0,4300,0.0,0.0
2024-01-31 09:00:00+09:00,1317.0,1320.0,1313.0,1314.0,2200,0.0,0.0
2024-01-31 10:00:00+09:00,1314.0,1316.0,1311.0,1311.0,1700,0.0,0.0
2024-01-31 11:00:00+09:00,1314.0,1315.0,1311.0,1311.0,0,0.0,0.0
2024-01-31 12:00:00+09:00,1310.0,1310.0,1304.0,1304.0,8400,0.0,0.0
2024-01-31 13:00:00+09:00,1303.0,1309.0,1302.0,1309.0,1800,0.0,0.0
2024-01-31 14:00:00+09:00,1308.0,1310.0,1308.0,1309.0,2100,0.0,0.0
2024-02-01 09:00:00+09:00,1310.0,1310.0,1280.0,1283.0,0,0.0,0.0
2024-02-01 10:00:00+09:00,1282.0,1287.0,1281.0,1284.0,9300,0.0,0.0
2024-02-01 11:00:00+09:00,1283.0,1286.0,1282.0,1282.0,0,0.0,0.0
2024-02-01 12:00:00+09:00,1281.0,1284.0,1281.0,1284.0,13400,0.0,0.0
2024-02-01 13:00:00+09:00,1283.0,1283.0,1278.0,1281.0,7800,0.0,0.0
2024-02-01 14:00:00+09:00,1279.0,1280.0,1277.0,1278.0,4100,0.0,0.0
2024-02-02 09:00:00+09:00,1277.0,1281.0,1277.0,1281.0,500,0.0,0.0
2024-02-02 10:00:00+09:00,1282.0,1294.0,1282.0,1294.0,1300,0.0,0.0
2024-02-02 11:00:00+09:00,1294.0,1294.0,1290.0,1291.0,0,0.0,0.0
2024-02-02 12:00:00+09:00,1294.0,1295.0,1291.0,1291.0,4100,0.0,0.0
2024-02-02 13:00:00+09:00,1294.0,1297.0,1290.0,1291.0,3200,0.0,0.0
2024-02-02 14:00:00+09:00,1294.0,1294.0,1290.0,1294.0,1500,0.0,0.0
2024-02-05 09:00:00+09:00,1400.0,1400.0,1333.0,1357.0,0,0.0,0.0
2024-02-05 10:00:00+09:00,1356.0,1363.0,1348.0,1353.0,100200,0.0,0.0
2024-02-05 11:00:00+09:00,1350.0,1354.0,1350.0,1354.0,0,0.0,0.0
2024-02-05 12:00:00+09:00,1349.0,1356.0,1348.0,1348.0,107900,0.0,0.0
2024-02-05 13:00:00+09:00,1348.0,1350.0,1345.0,1349.0,3000,0.0,0.0
2024-02-05 14:00:00+09:00,1346.0,1351.0,1340.0,1346.0,7100,0.0,0.0
2024-02-06 09:00:00+09:00,1355.0,1355.0,1335.0,1341.0,12200,0.0,0.0
2024-02-06 10:00:00+09:00,1338.0,1340.0,1338.0,1339.0,500,0.0,0.0
2024-02-06 11:00:00+09:00,1344.0,1349.0,1344.0,1349.0,0,0.0,0.0
2024-02-06 12:00:00+09:00,1345.0,1345.0,1334.0,1334.0,15800,0.0,0.0
2024-02-06 13:00:00+09:00,1340.0,1340.0,1325.0,1330.0,4800,0.0,0.0
2024-02-06 14:00:00+09:00,1330.0,1342.0,1330.0,1338.0,3700,0.0,0.0
2024-02-07 09:00:00+09:00,1331.0,1331.0,1314.0,1321.0,5300,0.0,0.0
2024-02-07 10:00:00+09:00,1320.0,1329.0,1320.0,1329.0,2400,0.0,0.0
2024-02-07 11:00:00+09:00,1330.0,1334.0,1330.0,1334.0,0,0.0,0.0
2024-02-07 12:00:00+09:00,1338.0,1338.0,1315.0,1315.0,11600,0.0,0.0
2024-02-07 13:00:00+09:00,1319.0,1319.0,1318.0,1318.0,300,0.0,0.0
2024-02-07 14:00:00+09:00,1324.0,1325.0,1321.0,1323.0,700,0.0,0.0
2024-02-08 09:00:00+09:00,1318.0,1318.0,1302.0,1302.0,0,0.0,0.0
2024-02-08 10:00:00+09:00,1306.0,1310.0,1306.0,1310.0,5000,0.0,0.0
2024-02-08 11:00:00+09:00,1311.0,1311.0,1309.0,1309.0,0,0.0,0.0
2024-02-08 12:00:00+09:00,1315.0,1329.0,1315.0,1329.0,8700,0.0,0.0
2024-02-08 13:00:00+09:00,1329.0,1329.0,1328.0,1329.0,1000,0.0,0.0
2024-02-08 14:00:00+09:00,1329.0,1330.0,1322.0,1322.0,2700,0.0,0.0
2024-02-09 09:00:00+09:00,1308.0,1329.0,1308.0,1325.0,3600,0.0,0.0
2024-02-09 10:00:00+09:00,1323.0,1323.0,1321.0,1321.0,300,0.0,0.0
2024-02-09 11:00:00+09:00,1320.0,1320.0,1320.0,1320.0,0,0.0,0.0
2024-02-09 12:00:00+09:00,1318.0,1320.0,1312.0,1312.0,6800,0.0,0.0
2024-02-09 13:00:00+09:00,1316.0,1319.0,1312.0,1312.0,500,0.0,0.0
2024-02-09 14:00:00+09:00,1315.0,1319.0,1314.0,1314.0,1100,0.0,0.0
2024-02-13 09:00:00+09:00,1315.0,1337.0,1310.0,1336.0,5100,0.0,0.0
2024-02-13 10:00:00+09:00,1336.0,1343.0,1334.0,1343.0,3700,0.0,0.0
2024-02-13 11:00:00+09:00,1340.0,1343.0,1340.0,1343.0,0,0.0,0.0
2024-02-13 12:00:00+09:00,1338.0,1349.0,1338.0,1345.0,20500,0.0,0.0
2024-02-13 13:00:00+09:00,1348.0,1348.0,1339.0,1347.0,4100,0.0,0.0
2024-02-13 14:00:00+09:00,1341.0,1347.0,1332.0,1335.0,5400,0.0,0.0
2024-02-14 09:00:00+09:00,1334.0,1347.0,1331.0,1338.0,4300,0.0,0.0
2024-02-14 10:00:00+09:00,1338.0,1342.0,1335.0,1340.0,2400,0.0,0.0
2024-02-14 11:00:00+09:00,1340.0,1353.0,1339.0,1353.0,0,0.0,0.0
2024-02-14 12:00:00+09:00,1342.0,1347.0,1335.0,1347.0,16300,0.0,0.0
2024-02-14 13:00:00+09:00,1345.0,1345.0,1340.0,1340.0,800,0.0,0.0
2024-02-14 14:00:00+09:00,1345.0,1352.0,1338.0,1338.0,2900,0.0,0.0
2024-02-15 09:00:00+09:00,1310.0,1310.0,1271.0,1278.0,32700,0.0,0.0
2024-02-15 10:00:00+09:00,1280.0,1280.0,1271.0,1274.0,13000,0.0,0.0
2024-02-15 11:00:00+09:00,1280.0,1286.0,1278.0,1278.0,0,0.0,0.0
2024-02-15 12:00:00+09:00,1284.0,1284.0,1275.0,1283.0,50100,0.0,0.0
2024-02-15 13:00:00+09:00,1282.0,1286.0,1276.0,1283.0,7500,0.0,0.0
2024-02-15 14:00:00+09:00,1285.0,1286.0,1278.0,1278.0,4300,0.0,0.0
2024-02-16 09:00:00+09:00,1273.0,1291.0,1267.0,1291.0,11100,0.0,0.0
2024-02-16 10:00:00+09:00,1297.0,1310.0,1294.0,1301.0,13100,0.0,0.0
2024-02-16 11:00:00+09:00,1301.0,1308.0,1300.0,1305.0,0,0.0,0.0
2024-02-16 12:00:00+09:00,1307.0,1315.0,1302.0,1304.0,31400,0.0,0.0
2024-02-16 13:00:00+09:00,1305.0,1305.0,1292.0,1295.0,1900,0.0,0.0
2024-02-16 14:00:00+09:00,1295.0,1300.0,1292.0,1292.0,1100,0.0,0.0
2024-02-19 09:00:00+09:00,1286.0,1325.0,1286.0,1315.0,0,0.0,0.0
2024-02-19 10:00:00+09:00,1320.0,1321.0,1316.0,1316.0,1000,0.0,0.0
2024-02-19 11:00:00+09:00,1319.0,1320.0,1319.0,1320.0,0,0.0,0.0
2024-02-19 12:00:00+09:00,1310.0,1317.0,1307.0,1317.0,12800,0.0,0.0
2024-02-19 13:00:00+09:00,1314.0,1314.0,1309.0,1314.0,1500,0.0,0.0
2024-02-19 14:00:00+09:00,1313.0,1321.0,1312.0,1314.0,5300,0.0,0.0
2024-02-20 09:00:00+09:00,1315.0,1330.0,1311.0,1317.0,4100,0.0,0.0
2024-02-20 10:00:00+09:00,1318.0,1320.0,1315.0,1318.0,1700,0.0,0.0
2024-02-20 11:00:00+09:00,1322.0,1322.0,1315.0,1322.0,0,0.0,0.0
2024-02-20 12:00:00+09:00,1319.0,1319.0,1317.0,1317.0,7400,0.0,0.0
2024-02-20 13:00:00+09:00,1315.0,1317.0,1300.0,1300.0,6100,0.0,0.0
2024-02-20 14:00:00+09:00,1308.0,1308.0,1301.0,1302.0,1600,0.0,0.0
2024-02-21 09:00:00+09:00,1310.0,1310.0,1297.0,1297.0,3900,0.0,0.0
2024-02-21 10:00:00+09:00,1294.0,1305.0,1294.0,1296.0,1900,0.0,0.0
2024-02-21 11:00:00+09:00,1295.0,1298.0,1294.0,1294.0,0,0.0,0.0
2024-02-21 12:00:00+09:00,1294.0,1297.0,1294.0,1297.0,9000,0.0,0.0
2024-02-21 13:00:00+09:00,1296.0,1298.0,1296.0,1298.0,200,0.0,0.0
2024-02-21 14:00:00+09:00,1298.0,1303.0,1298.0,1298.0,4200,0.0,0.0
2024-02-22 09:00:00+09:00,1296.0,1297.0,1283.0,1283.0,8800,0.0,0.0
2024-02-22 10:00:00+09:00,1283.0,1293.0,1282.0,1293.0,3200,0.0,0.0
2024-02-22 11:00:00+09:00,1291.0,1291.0,1291.0,1291.0,0,0.0,0.0
2024-02-22 12:00:00+09:00,1292.0,1292.0,1286.0,1287.0,14600,0.0,0.0
2024-02-22 13:00:00+09:00,1287.0,1292.0,1287.0,1292.0,1400,0.0,0.0
2024-02-22 14:00:00+09:00,1291.0,1292.0,1290.0,1292.0,1700,0.0,0.0
2024-02-26 09:00:00+09:00,1300.0,1315.0,1288.0,1301.0,8000,0.0,0.0
2024-02-26 10:00:00+09:00,1301.0,1309.0,1296.0,1306.0,3600,0.0,0.0
2024-02-26 11:00:00+09:00,1306.0,1308.0,1306.0,1306.0,0,0.0,0.0
2024-02-26 12:00:00+09:00,1306.0,1306.0,1300.0,1305.0,14100,0.0,0.0
2024-02-26 13:00:00+09:00,1306.0,1306.0,1294.0,1294.0,1700,0.0,0.0
2024-02-26 14:00:00+09:00,1296.0,1300.0,1296.0,1297.0,1000,0.0,0.0
2024-02-27 09:00:00+09:00,1296.0,1305.0,1296.0,1305.0,1600,0.0,0.0
2024-02-27 10:00:00+09:00,1306.0,1307.0,1305.0,1306.0,1700,0.0,0.0
2024-02-27 11:00:00+09:00,1302.0,1302.0,1300.0,1300.0,0,0.0,0.0
2024-02-27 12:00:00+09:00,1296.0,1304.0,1296.0,1304.0,4800,0.0,0.0
2024-02-27 13:00:00+09:00,1303.0,1310.0,1303.0,1307.0,1800,0.0,0.0
2024-02-27 14:00:00+09:00,1309.0,1310.0,1308.0,1308.0,1300,0.0,0.0
2024-02-28 09:00:00+09:00,1311.0,1344.0,1311.0,1324.0,11300,0.0,0.0
2024-02-28 10:00:00+09:00,1322.0,1322.0,1319.0,1319.0,1700,0.0,0.0
2024-02-28 11:00:00+09:00,1320.0,1320.0,1320.0,1320.0,0,0.0,0.0
2024-02-28 12:00:00+09:00,1324.0,1324.0,1320.0,1320.0,14800,0.0,0.0
2024-02-28 13:00:00+09:00,1321.0,1324.0,1317.0,1324.0,3700,0.0,0.0
2024-02-28 14:00:00+09:00,1324.0,1324.0,1319.0,1319.0,800,0.0,0.0
2024-02-29 09:00:00+09:00,1319.0,1319.0,1305.0,1305.0,5100,0.0,0.0
2024-02-29 10:00:00+09:00,1304.0,1305.0,1304.0,1304.0,1600,0.0,0.0
2024-02-29 11:00:00+09:00,1303.0,1303.0,1302.0,1302.0,0,0.0,0.0
2024-02-29 12:00:00+09:00,1303.0,1303.0,1299.0,1299.0,11200,0.0,0.0
2024-02-29 13:00:00+09:00,1309.0,1310.0,1309.0,1310.0,400,0.0,0.0
2024-02-29 14:00:00+09:00,1310.0,1311.0,1309.0,1310.0,900,0.0,0.0
2024-03-01 09:00:00+09:00,1300.0,1304.0,1300.0,1304.0,2100,0.0,0.0
2024-03-01 10:00:00+09:00,1302.0,1304.0,1300.0,1300.0,1000,0.0,0.0
2024-03-01 11:00:00+09:00,1300.0,1301.0,1300.0,1301.0,0,0.0,0.0
2024-03-01 12:00:00+09:00,1301.0,1306.0,1300.0,1306.0,6600,0.0,0.0
2024-03-01 13:00:00+09:00,1304.0,1305.0,1299.0,1299.0,5500,0.0,0.0
2024-03-01 14:00:00+09:00,1301.0,1307.0,1299.0,1307.0,2300,0.0,0.0
2024-03-04 09:00:00+09:00,1304.0,1324.0,1304.0,1322.0,0,0.0,0.0
2024-03-04 10:00:00+09:00,1325.0,1334.0,1323.0,1324.0,8100,0.0,0.0
2024-03-04 11:00:00+09:00,1324.0,1324.0,1316.0,1316.0,0,0.0,0.0
2024-03-04 12:00:00+09:00,1316.0,1316.0,1315.0,1315.0,10200,0.0,0.0
2024-03-04 13:00:00+09:00,1314.0,1319.0,1313.0,1319.0,500,0.0,0.0
2024-03-04 14:00:00+09:00,1318.0,1318.0,1309.0,1309.0,2600,0.0,0.0
2024-03-05 09:00:00+09:00,1310.0,1310.0,1305.0,1308.0,2200,0.0,0.0
2024-03-05 10:00:00+09:00,1303.0,1310.0,1293.0,1310.0,6900,0.0,0.0
2024-03-05 11:00:00+09:00,1313.0,1313.0,1305.0,1308.0,0,0.0,0.0
2024-03-05 12:00:00+09:00,1310.0,1310.0,1306.0,1310.0,10500,0.0,0.0
2024-03-05 13:00:00+09:00,1311.0,1315.0,1307.0,1310.0,1300,0.0,0.0
2024-03-05 14:00:00+09:00,1306.0,1310.0,1306.0,1306.0,2300,0.0,0.0
2024-03-06 09:00:00+09:00,1315.0,1335.0,1315.0,1326.0,0,0.0,0.0
2024-03-06 10:00:00+09:00,1322.0,1323.0,1318.0,1318.0,10400,0.0,0.0
2024-03-06 11:00:00+09:00,1323.0,1323.0,1320.0,1320.0,0,0.0,0.0
2024-03-06 12:00:00+09:00,1319.0,1328.0,1319.0,1327.0,15500,0.0,0.0
2024-03-06 13:00:00+09:00,1328.0,1330.0,1327.0,1330.0,2300,0.0,0.0
2024-03-06 14:00:00+09:00,1330.0,1332.0,1327.0,1327.0,5600,0.0,0.0
2024-03-07 09:00:00+09:00,1338.0,1360.0,1338.0,1350.0,25100,0.0,0.0
2024-03-07 10:00:00+09:00,1345.0,1364.0,1345.0,1355.0,12800,0.0,0.0
2024-03-07 11:00:00+09:00,1356.0,1364.0,1353.0,1353.0,0,0.0,0.0
2024-03-07 12:00:00+09:00,1353.0,1369.0,1353.0,1357.0,50700,0.0,0.0
2024-03-07 13:00:00+09:00,1368.0,1368.0,1360.0,1366.0,5300,0.0,0.0
2024-03-07 14:00:00+09:00,1366.0,1367.0,1348.0,1351.0,11400,0.0,0.0
2024-03-08 09:00:00+09:00,1344.0,1360.0,1341.0,1350.0,7800,0.0,0.0
2024-03-08 10:00:00+09:00,1351.0,1356.0,1350.0,1354.0,2200,0.0,0.0
2024-03-08 11:00:00+09:00,1355.0,1357.0,1355.0,1357.0,0,0.0,0.0
2024-03-08 12:00:00+09:00,1357.0,1365.0,1356.0,1358.0,14600,0.0,0.0
2024-03-08 13:00:00+09:00,1357.0,1365.0,1351.0,1360.0,7500,0.0,0.0
2024-03-08 14:00:00+09:00,1364.0,1365.0,1360.0,1363.0,2300,0.0,0.0
2024-03-11 09:00:00+09:00,1372.0,1394.0,1359.0,1367.0,26300,0.0,0.0
2024-03-11 10:00:00+09:00,1367.0,1367.0,1360.0,1361.0,3500,0.0,0.0
2024-03-11 11:00:00+09:00,1360.0,1360.0,1355.0,1355.0,0,0.0,0.0
2024-03-11 12:00:00+09:00,1352.0,1355.0,1332.0,1332.0,45700,0.0,0.0
2024-03-11 13:00:00+09:00,1333.0,1355.0,1333.0,1355.0,4600,0.0,0.0
2024-03-11 14:00:00+09:00,1353.0,1373.0,1345.0,1373.0,6200,0.0,0.0
2024-03-12 09:00:00+09:00,1349.0,1374.0,1345.0,1362.0,14000,0.0,0.0
2024-03-12 10:00:00+09:00,1356.0,1357.0,1345.0,1355.0,3200,0.0,0.0
2024-03-12 11:00:00+09:00,1355.0,1360.0,1348.0,1356.0,0,0.0,0.0
2024-03-12 12:00:00+09:00,1359.0,1373.0,1359.0,1368.0,19700,0.0,0.0
2024-03-12 13:00:00+09:00,1370.0,1379.0,1368.0,1369.0,6100,0.0,0.0
2024-03-12 14:00:00+09:00,1378.0,1386.0,1373.0,1373.0,4600,0.0,0.0
2024-03-13 09:00:00+09:00,1384.0,1385.0,1359.0,1359.0,7700,0.0,0.0
2024-03-13 10:00:00+09:00,1356.0,1358.0,1352.0,1355.0,3100,0.0,0.0
2024-03-13 11:00:00+09:00,1357.0,1357.0,1353.0,1353.0,0,0.0,0.0
2024-03-13 12:00:00+09:00,1359.0,1359.0,1346.0,1346.0,14300,0.0,0.0
2024-03-13 13:00:00+09:00,1351.0,1363.0,1351.0,1363.0,3500,0.0,0.0
2024-03-13 14:00:00+09:00,1362.0,1372.0,1360.0,1372.0,1400,0.0,0.0
2024-03-14 09:00:00+09:00,1363.0,1363.0,1346.0,1348.0,4100,0.0,0.0
2024-03-14 10:00:00+09:00,1348.0,1352.0,1345.0,1351.0,2600,0.0,0.0
2024-03-14 11:00:00+09:00,1350.0,1352.0,1346.0,1346.0,0,0.0,0.0
2024-03-14 12:00:00+09:00,1346.0,1360.0,1346.0,1360.0,7600,0.0,0.0
2024-03-14 14:00:00+09:00,1351.0,1351.0,1347.0,1347.0,700,0.0,0.0
2024-03-15 09:00:00+09:00,1351.0,1351.0,1333.0,1339.0,6300,0.0,0.0
2024-03-15 10:00:00+09:00,1341.0,1341.0,1333.0,1341.0,1300,0.0,0.0
2024-03-15 11:00:00+09:00,1341.0,1341.0,1341.0,1341.0,0,0.0,0.0
2024-03-15 12:00:00+09:00,1344.0,1345.0,1340.0,1340.0,8500,0.0,0.0
2024-03-15 13:00:00+09:00,1338.0,1341.0,1335.0,1335.0,800,0.0,0.0
2024-03-15 14:00:00+09:00,1333.0,1346.0,1325.0,1344.0,9500,0.0,0.0
2024-03-18 09:00:00+09:00,1359.0,1359.0,1334.0,1339.0,7000,0.0,0.0
2024-03-18 10:00:00+09:00,1341.0,1350.0,1340.0,1348.0,1500,0.0,0.0
2024-03-18 11:00:00+09:00,1351.0,1351.0,1345.0,1345.0,0,0.0,0.0
2024-03-18 12:00:00+09:00,1345.0,1345.0,1345.0,1345.0,9100,0.0,0.0
2024-03-18 13:00:00+09:00,1345.0,1349.0,1345.0,1349.0,1000,0.0,0.0
2024-03-18 14:00:00+09:00,1349.0,1350.0,1337.0,1350.0,5500,0.0,0.0
2024-03-19 09:00:00+09:00,1340.0,1360.0,1336.0,1350.0,3800,0.0,0.0
2024-03-19 10:00:00+09:00,1353.0,1353.0,1346.0,1347.0,900,0.0,0.0
2024-03-19 11:00:00+09:00,1347.0,1347.0,1347.0,1347.0,0,0.0,0.0
2024-03-19 12:00:00+09:00,1347.0,1362.0,1345.0,1362.0,9700,0.0,0.0
2024-03-19 13:00:00+09:00,1364.0,1365.0,1358.0,1358.0,800,0.0,0.0
2024-03-19 14:00:00+09:00,1353.0,1361.0,1353.0,1359.0,3500,0.0,0.0
2024-03-21 09:00:00+09:00,1365.0,1365.0,1345.0,1345.0,4200,0.0,0.0
2024-03-21 10:00:00+09:00,1345.0,1348.0,1342.0,1342.0,400,0.0,0.0
2024-03-21 11:00:00+09:00,1342.0,1342.0,1342.0,1342.0,0,0.0,0.0
2024-03-21 12:00:00+09:00,1343.0,1349.0,1343.0,1349.0,6000,0.0,0.0
2024-03-21 13:00:00+09:00,1349.0,1357.0,1345.0,1353.0,6400,0.0,0.0
2024-03-21 14:00:00+09:00,1353.0,1354.0,1342.0,1352.0,3100,0.0,0.0
2024-03-22 09:00:00+09:00,1354.0,1354.0,1336.0,1346.0,3700,0.0,0.0
2024-03-22 10:00:00+09:00,1342.0,1349.0,1339.0,1349.0,1300,0.0,0.0
2024-03-22 11:00:00+09:00,1342.0,1342.0,1342.0,1342.0,0,0.0,0.0
2024-03-22 12:00:00+09:00,1349.0,1349.0,1339.0,1342.0,6000,0.0,0.0
2024-03-22 13:00:00+09:00,1346.0,1346.0,1343.0,1344.0,400,0.0,0.0
2024-03-22 14:00:00+09:00,1344.0,1347.0,1340.0,1347.0,700,0.0,0.0
2024-03-25 09:00:00+09:00,1355.0,1374.0,1355.0,1360.0,9800,0.0,0.0
2024-03-25 10:00:00+09:00,1359.0,1364.0,1358.0,1364.0,1000,0.0,0.0
2024-03-25 11:00:00+09:00,1364.0,1364.0,1364.0,1364.0,0,0.0,0.0
2024-03-25 12:00:00+09:00,1363.0,1363.0,1358.0,1358.0,11300,0.0,0.0
2024-03-25 13:00:00+09:00,1361.0,1365.0,1358.0,1358.0,2400,0.0,0.0
2024-03-25 14:00:00+09:00,1358.0,1363.0,1350.0,1350.0,3100,0.0,0.0
2024-03-26 09:00:00+09:00,1365.0,1365.0,1345.0,1349.0,3500,0.0,0.0
2024-03-26 10:00:00+09:00,1342.0,1344.0,1341.0,1344.0,400,0.0,0.0
2024-03-26 11:00:00+09:00,1344.0,1344.0,1343.0,1344.0,0,0.0,0.0
2024-03-26 12:00:00+09:00,1355.0,1355.0,1353.0,1354.0,5300,0.0,0.0
2024-03-26 13:00:00+09:00,1346.0,1350.0,1345.0,1345.0,600,0.0,0.0
2024-03-26 14:00:00+09:00,1344.0,1346.0,1344.0,1346.0,1700,0.0,0.0
2024-03-27 09:00:00+09:00,1344.0,1355.0,1344.0,1355.0,1800,0.0,0.0
2024-03-27 10:00:00+09:00,1353.0,1353.0,1353.0,1353.0,400,0.0,0.0
2024-03-27 11:00:00+09:00,1354.0,1354.0,1354.0,1354.0,0,0.0,0.0
2024-03-27 12:00:00+09:00,1346.0,1347.0,1346.0,1347.0,5200,0.0,0.0
2024-03-27 13:00:00+09:00,1354.0,1361.0,1354.0,1361.0,3000,0.0,0.0
2024-03-27 14:00:00+09:00,1348.0,1354.0,1347.0,1347.0,1800,0.0,0.0
2024-03-28 09:00:00+09:00,1343.0,1355.0,1336.0,1352.0,3400,0.0,0.0
2024-03-28 10:00:00+09:00,1355.0,1360.0,1355.0,1356.0,2700,0.0,0.0
2024-03-28 11:00:00+09:00,1355.0,1355.0,1350.0,1350.0,0,0.0,0.0
2024-03-28 12:00:00+09:00,1351.0,1357.0,1351.0,1357.0,6900,0.0,0.0
2024-03-28 13:00:00+09:00,1358.0,1359.0,1358.0,1359.0,900,0.0,0.0
2024-03-28 14:00:00+09:00,1355.0,1356.0,1352.0,1356.0,1600,0.0,0.0
2024-03-29 09:00:00+09:00,1351.0,1360.0,1345.0,1345.0,2300,0.0,0.0
2024-03-29 10:00:00+09:00,1350.0,1350.0,1350.0,1350.0,600,0.0,0.0
2024-03-29 11:00:00+09:00,1354.0,1360.0,1354.0,1360.0,0,0.0,0.0
2024-03-29 12:00:00+09:00,1360.0,1362.0,1360.0,1360.0,5700,0.0,0.0
2024-03-29 13:00:00+09:00,1353.0,1353.0,1353.0,1353.0,0,0.0,0.0
2024-03-29 14:00:00+09:00,1356.0,1360.0,1356.0,1360.0,7100,0.0,0.0
2024-04-01 09:00:00+09:00,1366.0,1366.0,1350.0,1350.0,2600,0.0,0.0
2024-04-01 10:00:00+09:00,1350.0,1351.0,1338.0,1340.0,3800,0.0,0.0
2024-04-01 11:00:00+09:00,1345.0,1345.0,1345.0,1345.0,0,0.0,0.0
2024-04-01 12:00:00+09:00,1346.0,1346.0,1338.0,1341.0,8200,0.0,0.0
2024-04-01 13:00:00+09:00,1341.0,1341.0,1332.0,1338.0,1100,0.0,0.0
2024-04-01 14:00:00+09:00,1336.0,1338.0,1332.0,1338.0,2500,0.0,0.0
2024-04-02 09:00:00+09:00,1339.0,1339.0,1328.0,1335.0,5100,0.0,0.0
2024-04-02 10:00:00+09:00,1335.0,1339.0,1332.0,1336.0,2400,0.0,0.0
2024-04-02 11:00:00+09:00,1335.0,1335.0,1332.0,1332.0,0,0.0,0.0
2024-04-02 12:00:00+09:00,1332.0,1332.0,1320.0,1320.0,12400,0.0,0.0
2024-04-02 13:00:00+09:00,1320.0,1325.0,1302.0,1325.0,6800,0.0,0.0
2024-04-02 14:00:00+09:00,1323.0,1328.0,1320.0,1325.0,2600,0.0,0.0
2024-04-03 09:00:00+09:00,1325.0,1334.0,1318.0,1331.0,0,0.0,0.0
2024-04-03 10:00:00+09:00,1330.0,1331.0,1326.0,1326.0,5100,0.0,0.0
2024-04-03 11:00:00+09:00,1326.0,1326.0,1325.0,1325.0,0,0.0,0.0
2024-04-03 12:00:00+09:00,1325.0,1339.0,1325.0,1338.0,8300,0.0,0.0
2024-04-03 13:00:00+09:00,1338.0,1340.0,1337.0,1337.0,500,0.0,0.0
2024-04-03 14:00:00+09:00,1337.0,1344.0,1333.0,1344.0,3300,0.0,0.0
2024-04-04 09:00:00+09:00,1345.0,1345.0,1330.0,1333.0,5000,0.0,0.0
2024-04-04 10:00:00+09:00,1336.0,1339.0,1335.0,1335.0,1100,0.0,0.0
2024-04-04 11:00:00+09:00,1340.0,1343.0,1340.0,1343.0,0,0.0,0.0
2024-04-04 12:00:00+09:00,1336.0,1343.0,1336.0,1343.0,7300,0.0,0.0
2024-04-04 13:00:00+09:00,1343.0,1352.0,1343.0,1352.0,3300,0.0,0.0
2024-04-04 14:00:00+09:00,1351.0,1352.0,1345.0,1349.0,1100,0.0,0.0
2024-04-05 09:00:00+09:00,1352.0,1401.0,1350.0,1378.0,45600,0.0,0.0
2024-04-05 10:00:00+09:00,1380.0,1384.0,1360.0,1380.0,7200,0.0,0.0
2024-04-05 11:00:00+09:00,1383.0,1391.0,1383.0,1391.0,0,0.0,0.0
2024-04-05 12:00:00+09:00,1398.0,1399.0,1389.0,1393.0,62700,0.0,0.0
2024-04-05 13:00:00+09:00,1399.0,1405.0,1394.0,1394.0,10900,0.0,0.0
2024-04-05 14:00:00+09:00,1393.0,1393.0,1372.0,1381.0,9700,0.0,0.0
2024-04-08 09:00:00+09:00,1386.0,1403.0,1355.0,1380.0,18100,0.0,0.0
2024-04-08 10:00:00+09:00,1378.0,1382.0,1362.0,1362.0,5400,0.0,0.0
2024-04-08 11:00:00+09:00,1372.0,1381.0,1372.0,1381.0,0,0.0,0.0
2024-04-08 12:00:00+09:00,1381.0,1381.0,1371.0,1377.0,27400,0.0,0.0
2024-04-08 13:00:00+09:00,1381.0,1381.0,1369.0,1375.0,1200,0.0,0.0
2024-04-08 14:00:00+09:00,1375.0,1380.0,1371.0,1374.0,5700,0.0,0.0
2024-04-09 09:00:00+09:00,1385.0,1385.0,1370.0,1371.0,0,0.0,0.0
2024-04-09 10:00:00+09:00,1378.0,1390.0,1378.0,1385.0,8800,0.0,0.0
2024-04-09 11:00:00+09:00,1379.0,1379.0,1379.0,1379.0,0,0.0,0.0
2024-04-09 12:00:00+09:00,1373.0,1376.0,1371.0,1371.0,10700,0.0,0.0
2024-04-09 13:00:00+09:00,1370.0,1385.0,1370.0,1385.0,1700,0.0,0.0
2024-04-09 14:00:00+09:00,1380.0,1382.0,1380.0,1380.0,800,0.0,0.0
2024-04-10 09:00:00+09:00,1385.0,1390.0,1380.0,1380.0,4000,0.0,0.0
2024-04-10 10:00:00+09:00,1384.0,1384.0,1380.0,1380.0,700,0.0,0.0
2024-04-10 11:00:00+09:00,1380.0,1380.0,1380.0,1380.0,0,0.0,0.0
2024-04-10 12:00:00+09:00,1381.0,1381.0,1366.0,1366.0,7500,0.0,0.0
2024-04-10 13:00:00+09:00,1365.0,1400.0,1358.0,1388.0,12000,0.0,0.0
2024-04-10 14:00:00+09:00,1388.0,1391.0,1379.0,1389.0,2000,0.0,0.0
2024-04-11 09:00:00+09:00,1389.0,1401.0,1374.0,1398.0,5200,0.0,0.0
2024-04-11 10:00:00+09:00,1397.0,1401.0,1390.0,1401.0,3000,0.0,0.0
2024-04-11 11:00:00+09:00,1400.0,1400.0,1390.0,1396.0,0,0.0,0.0
2024-04-11 12:00:00+09:00,1400.0,1434.0,1400.0,1431.0,34700,0.0,0.0
2024-04-11 13:00:00+09:00,1426.0,1435.0,1418.0,1435.0,9300,0.0,0.0
2024-04-11 14:00:00+09:00,1435.0,1445.0,1435.0,1441.0,6700,0.0,0.0
2024-04-12 09:00:00+09:00,1445.0,1445.0,1420.0,1424.0,11300,0.0,0.0
2024-04-12 10:00:00+09:00,1426.0,1430.0,1423.0,1423.0,900,0.0,0.0
2024-04-12 11:00:00+09:00,1421.0,1429.0,1421.0,1429.0,0,0.0,0.0
2024-04-12 12:00:00+09:00,1426.0,1431.0,1412.0,1425.0,19700,0.0,0.0
2024-04-12 13:00:00+09:00,1426.0,1429.0,1423.0,1423.0,1300,0.0,0.0
2024-04-12 14:00:00+09:00,1428.0,1444.0,1428.0,1444.0,8300,0.0,0.0
2024-04-15 09:00:00+09:00,1453.0,1477.0,1435.0,1454.0,48700,0.0,0.0
2024-04-15 10:00:00+09:00,1453.0,1463.0,1432.0,1432.0,11900,0.0,0.0
2024-04-15 11:00:00+09:00,1432.0,1445.0,1428.0,1433.0,0,0.0,0.0
2024-04-15 12:00:00+09:00,1430.0,1434.0,1420.0,1430.0,71300,0.0,0.0
2024-04-15 13:00:00+09:00,1428.0,1428.0,1387.0,1400.0,17900,0.0,0.0
2024-04-15 14:00:00+09:00,1400.0,1411.0,1399.0,1406.0,8600,0.0,0.0
2024-04-16 09:00:00+09:00,1424.0,1426.0,1391.0,1426.0,18000,0.0,0.0
2024-04-16 10:00:00+09:00,1426.0,1426.0,1414.0,1420.0,1500,0.0,0.0
2024-04-16 11:00:00+09:00,1413.0,1420.0,1411.0,1420.0,0,0.0,0.0
2024-04-16 12:00:00+09:00,1420.0,1420.0,1408.0,1412.0,23600,0.0,0.0
2024-04-16 13:00:00+09:00,1408.0,1411.0,1404.0,1406.0,3900,0.0,0.0
2024-04-16 14:00:00+09:00,1404.0,1404.0,1390.0,1390.0,10600,0.0,0.0
2024-04-17 09:00:00+09:00,1382.0,1382.0,1352.0,1355.0,17600,0.0,0.0
2024-04-17 10:00:00+09:00,1353.0,1358.0,1344.0,1356.0,5300,0.0,0.0
2024-04-17 11:00:00+09:00,1357.0,1357.0,1355.0,1355.0,0,0.0,0.0
2024-04-17 12:00:00+09:00,1352.0,1356.0,1352.0,1356.0,25900,0.0,0.0
2024-04-17 13:00:00+09:00,1356.0,1356.0,1349.0,1349.0,2600,0.0,0.0
2024-04-17 14:00:00+09:00,1350.0,1351.0,1344.0,1346.0,6900,0.0,0.0
2024-04-18 09:00:00+09:00,1336.0,1362.0,1336.0,1359.0,4500,0.0,0.0
2024-04-18 10:00:00+09:00,1351.0,1357.0,1351.0,1353.0,700,0.0,0.0
2024-04-18 11:00:00+09:00,1355.0,1357.0,1348.0,1357.0,0,0.0,0.0
2024-04-18 12:00:00+09:00,1360.0,1362.0,1359.0,1359.0,10100,0.0,0.0
2024-04-18 13:00:00+09:00,1361.0,1363.0,1360.0,1362.0,1600,0.0,0.0
2024-04-18 14:00:00+09:00,1364.0,1376.0,1362.0,1362.0,3600,0.0,0.0
2024-04-19 09:00:00+09:00,1353.0,1354.0,1335.0,1339.0,7100,0.0,0.0
2024-04-19 10:00:00+09:00,1339.0,1420.0,1336.0,1403.0,42700,0.0,0.0
2024-04-19 11:00:00+09:00,1409.0,1496.0,1381.0,1446.0,0,0.0,0.0
2024-04-19 12:00:00+09:00,1427.0,1428.0,1304.0,1339.0,195500,0.0,0.0
2024-04-19 13:00:00+09:00,1343.0,1349.0,1316.0,1335.0,20900,0.0,0.0
2024-04-19 14:00:00+09:00,1333.0,1338.0,1325.0,1325.0,11300,0.0,0.0
2024-04-22 09:00:00+09:00,1305.0,1314.0,1277.0,1306.0,31700,0.0,0.0
2024-04-22 10:00:00+09:00,1304.0,1310.0,1299.0,1301.0,7900,0.0,0.0
2024-04-22 11:00:00+09:00,1303.0,1305.0,1300.0,1300.0,0,0.0,0.0
2024-04-22 12:00:00+09:00,1300.0,1310.0,1300.0,1310.0,41500,0.0,0.0
2024-04-22 13:00:00+09:00,1309.0,1309.0,1301.0,1302.0,900,0.0,0.0
2024-04-22 14:00:00+09:00,1307.0,1307.0,1301.0,1303.0,2300,0.0,0.0
2024-04-23 09:00:00+09:00,1306.0,1318.0,1306.0,1318.0,1800,0.0,0.0
2024-04-23 10:00:00+09:00,1317.0,1318.0,1300.0,1300.0,3700,0.0,0.0
2024-04-23 11:00:00+09:00,1300.0,1306.0,1300.0,1306.0,0,0.0,0.0
2024-04-23 12:00:00+09:00,1306.0,1312.0,1306.0,1311.0,6800,0.0,0.0
2024-04-23 13:00:00+09:00,1305.0,1315.0,1305.0,1315.0,500,0.0,0.0
2024-04-23 14:00:00+09:00,1309.0,1311.0,1304.0,1309.0,2000,0.0,0.0
2024-04-24 09:00:00+09:00,1304.0,1328.0,1304.0,1314.0,5600,0.0,0.0
2024-04-24 11:00:00+09:00,1314.0,1314.0,1314.0,1314.0,0,0.0,0.0
2024-04-24 12:00:00+09:00,1311.0,1311.0,1305.0,1305.0,7100,0.0,0.0
2024-04-24 13:00:00+09:00,1308.0,1308.0,1308.0,1308.0,300,0.0,0.0
2024-04-24 14:00:00+09:00,1310.0,1314.0,1310.0,1314.0,600,0.0,0.0
2024-04-25 09:00:00+09:00,1306.0,1311.0,1303.0,1309.0,3000,0.0,0.0
2024-04-25 10:00:00+09:00,1310.0,1310.0,1305.0,1305.0,600,0.0,0.0
2024-04-25 11:00:00+09:00,1305.0,1305.0,1303.0,1303.0,0,0.0,0.0
2024-04-25 12:00:00+09:00,1302.0,1302.0,1293.0,1294.0,10800,0.0,0.0
2024-04-25 13:00:00+09:00,1293.0,1293.0,1291.0,1291.0,3300,0.0,0.0
2024-04-25 14:00:00+09:00,1291.0,1295.0,1291.0,1294.0,1900,0.0,0.0
2024-04-26 09:00:00+09:00,1292.0,1294.0,1290.0,1293.0,4100,0.0,0.0
2024-04-26 10:00:00+09:00,1292.0,1300.0,1292.0,1300.0,1000,0.0,0.0
2024-04-26 11:00:00+09:00,1300.0,1300.0,1300.0,1300.0,0,0.0,0.0
2024-04-26 12:00:00+09:00,1300.0,1307.0,1300.0,1306.0,7200,0.0,0.0
2024-04-26 13:00:00+09:00,1308.0,1313.0,1306.0,1312.0,1300,0.0,0.0
2024-04-26 14:00:00+09:00,1311.0,1317.0,1310.0,1310.0,4400,0.0,0.0
2024-04-30 09:00:00+09:00,1304.0,1329.0,1303.0,1329.0,9600,0.0,0.0
2024-04-30 10:00:00+09:00,1329.0,1332.0,1328.0,1331.0,2800,0.0,0.0
2024-04-30 11:00:00+09:00,1332.0,1333.0,1331.0,1331.0,0,0.0,0.0
2024-04-30 12:00:00+09:00,1331.0,1333.0,1319.0,1333.0,17600,0.0,0.0
2024-04-30 13:00:00+09:00,1330.0,1334.0,1326.0,1333.0,1100,0.0,0.0
2024-04-30 14:00:00+09:00,1333.0,1333.0,1328.0,1330.0,1400,0.0,0.0
2024-05-01 09:00:00+09:00,1330.0,1330.0,1320.0,1320.0,1600,0.0,0.0
2024-05-01 10:00:00+09:00,1317.0,1317.0,1307.0,1310.0,2600,0.0,0.0
2024-05-01 11:00:00+09:00,1310.0,1310.0,1310.0,1310.0,0,0.0,0.0
2024-05-01 12:00:00+09:00,1313.0,1321.0,1313.0,1316.0,4600,0.0,0.0
2024-05-01 14:00:00+09:00,1316.0,1319.0,1314.0,1314.0,900,0.0,0.0
2024-05-02 09:00:00+09:00,1313.0,1319.0,1313.0,1314.0,0,0.0,0.0
2024-05-02 10:00:00+09:00,1314.0,1325.0,1314.0,1323.0,3600,0.0,0.0
2024-05-02 11:00:00+09:00,1324.0,1324.0,1324.0,1324.0,0,0.0,0.0
2024-05-02 12:00:00+09:00,1324.0,1324.0,1324.0,1324.0,0,0.0,0.0
2024-05-02 13:00:00+09:00,1324.0,1330.0,1324.0,1330.0,4900,0.0,0.0
2024-05-02 14:00:00+09:00,1329.0,1329.0,1329.0,1329.0,200,0.0,0.0
2024-05-07 09:00:00+09:00,1306.0,1344.0,1306.0,1342.0,10100,0.0,0.0
2024-05-07 10:00:00+09:00,1339.0,1339.0,1335.0,1335.0,800,0.0,0.0
2024-05-07 11:00:00+09:00,1334.0,1334.0,1329.0,1331.0,0,0.0,0.0
2024-05-07 12:00:00+09:00,1321.0,1332.0,1321.0,1330.0,14500,0.0,0.0
2024-05-07 13:00:00+09:00,1331.0,1331.0,1328.0,1330.0,900,0.0,0.0
2024-05-07 14:00:00+09:00,1324.0,1328.0,1321.0,1326.0,1700,0.0,0.0
2024-05-08 09:00:00+09:00,1330.0,1339.0,1325.0,1339.0,2000,0.0,0.0
2024-05-08 10:00:00+09:00,1333.0,1336.0,1332.0,1336.0,400,0.0,0.0
2024-05-08 11:00:00+09:00,1332.0,1332.0,1331.0,1331.0,0,0.0,0.0
2024-05-08 12:00:00+09:00,1336.0,1337.0,1330.0,1337.0,3700,0.0,0.0
2024-05-08 14:00:00+09:00,1333.0,1333.0,1332.0,1332.0,200,0.0,0.0
2024-05-09 09:00:00+09:00,1412.0,1412.0,1360.0,1369.0,37900,0.0,0.0
2024-05-09 10:00:00+09:00,1370.0,1380.0,1368.0,1380.0,5800,0.0,0.0
2024-05-09 11:00:00+09:00,1377.0,1395.0,1377.0,1389.0,0,0.0,0.0
2024-05-09 12:00:00+09:00,1388.0,1401.0,1387.0,1387.0,56600,0.0,0.0
2024-05-09 13:00:00+09:00,1388.0,1396.0,1385.0,1385.0,2000,0.0,0.0
2024-05-09 14:00:00+09:00,1384.0,1387.0,1371.0,1375.0,9900,0.0,0.0
2024-05-10 09:00:00+09:00,1368.0,1394.0,1360.0,1380.0,35400,0.0,0.0
2024-05-10 10:00:00+09:00,1380.0,1385.0,1370.0,1380.0,4300,0.0,0.0
2024-05-10 11:00:00+09:00,1380.0,1380.0,1380.0,1380.0,0,0.0,0.0
2024-05-10 12:00:00+09:00,1383.0,1385.0,1372.0,1372.0,41000,0.0,0.0
2024-05-10 13:00:00+09:00,1372.0,1388.0,1365.0,1380.0,5600,0.0,0.0
2024-05-10 14:00:00+09:00,1380.0,1390.0,1376.0,1390.0,3300,0.0,0.0
2024-05-13 09:00:00+09:00,1415.0,1440.0,1406.0,1430.0,0,0.0,0.0
2024-05-13 10:00:00+09:00,1434.0,1440.0,1423.0,1423.0,9300,0.0,0.0
2024-05-13 11:00:00+09:00,1423.0,1439.0,1423.0,1439.0,0,0.0,0.0
2024-05-13 12:00:00+09:00,1439.0,1439.0,1418.0,1422.0,56200,0.0,0.0
2024-05-13 13:00:00+09:00,1430.0,1436.0,1420.0,1420.0,8800,0.0,0.0
2024-05-13 14:00:00+09:00,1422.0,1440.0,1421.0,1440.0,10900,0.0,0.0
2024-05-14 09:00:00+09:00,1292.0,1349.0,1288.0,1315.0,72600,0.0,0.0
2024-05-14 10:00:00+09:00,1315.0,1318.0,1306.0,1312.0,4800,0.0,0.0
2024-05-14 11:00:00+09:00,1312.0,1313.0,1310.0,1310.0,0,0.0,0.0
2024-05-14 12:00:00+09:00,1317.0,1320.0,1310.0,1320.0,83400,0.0,0.0
2024-05-14 13:00:00+09:00,1318.0,1324.0,1317.0,1320.0,4300,0.0,0.0
2024-05-14 14:00:00+09:00,1321.0,1326.0,1320.0,1323.0,6300,0.0,0.0
2024-05-15 09:00:00+09:00,1320.0,1341.0,1320.0,1335.0,12100,0.0,0.0
2024-05-15 10:00:00+09:00,1333.0,1333.0,1317.0,1319.0,6400,0.0,0.0
2024-05-15 11:00:00+09:00,1319.0,1319.0,1315.0,1315.0,0,0.0,0.0
2024-05-15 12:00:00+09:00,1318.0,1318.0,1312.0,1312.0,24100,0.0,0.0
2024-05-15 13:00:00+09:00,1315.0,1318.0,1314.0,1317.0,1300,0.0,0.0
2024-05-15 14:00:00+09:00,1318.0,1328.0,1314.0,1327.0,5900,0.0,0.0
2024-05-16 09:00:00+09:00,1331.0,1331.0,1307.0,1313.0,11100,0.0,0.0
2024-05-16 10:00:00+09:00,1313.0,1318.0,1312.0,1315.0,3300,0.0,0.0
2024-05-16 11:00:00+09:00,1312.0,1312.0,1312.0,1312.0,0,0.0,0.0
2024-05-16 12:00:00+09:00,1315.0,1315.0,1313.0,1313.0,15000,0.0,0.0
2024-05-16 13:00:00+09:00,1313.0,1315.0,1305.0,1313.0,8200,0.0,0.0
2024-05-16 14:00:00+09:00,1313.0,1315.0,1312.0,1315.0,1400,0.0,0.0
2024-05-17 09:00:00+09:00,1308.0,1313.0,1308.0,1313.0,1100,0.0,0.0
2024-05-17 10:00:00+09:00,1314.0,1314.0,1310.0,1314.0,1700,0.0,0.0
2024-05-17 11:00:00+09:00,1314.0,1314.0,1314.0,1314.0,0,0.0,0.0
2024-05-17 12:00:00+09:00,1314.0,1314.0,1310.0,1313.0,5400,0.0,0.0
2024-05-17 13:00:00+09:00,1315.0,1317.0,1314.0,1317.0,1100,0.0,0.0
2024-05-17 14:00:00+09:00,1315.0,1318.0,1315.0,1317.0,2400,0.0,0.0
2024-05-20 09:00:00+09:00,1325.0,1337.0,1322.0,1335.0,16900,0.0,0.0
2024-05-20 10:00:00+09:00,1335.0,1340.0,1331.0,1339.0,5200,0.0,0.0
2024-05-20 11:00:00+09:00,1338.0,1339.0,1338.0,1339.0,0,0.0,0.0
2024-05-20 12:00:00+09:00,1339.0,1345.0,1339.0,1345.0,28100,0.0,0.0
2024-05-20 13:00:00+09:00,1347.0,1358.0,1344.0,1346.0,8700,0.0,0.0
2024-05-20 14:00:00+09:00,1345.0,1353.0,1345.0,1353.0,4800,0.0,0.0
2024-05-21 09:00:00+09:00,1347.0,1353.0,1335.0,1353.0,10900,0.0,0.0
2024-05-21 10:00:00+09:00,1341.0,1342.0,1329.0,1330.0,6100,0.0,0.0
2024-05-21 11:00:00+09:00,1330.0,1336.0,1330.0,1335.0,0,0.0,0.0
2024-05-21 12:00:00+09:00,1333.0,1334.0,1329.0,1330.0,21600,0.0,0.0
2024-05-21 13:00:00+09:00,1330.0,1335.0,1329.0,1331.0,1500,0.0,0.0
2024-05-21 14:00:00+09:00,1331.0,1331.0,1327.0,1327.0,2800,0.0,0.0
2024-05-22 09:00:00+09:00,1338.0,1338.0,1321.0,1321.0,1500,0.0,0.0
2024-05-22 10:00:00+09:00,1321.0,1321.0,1316.0,1316.0,1500,0.0,0.0
2024-05-22 11:00:00+09:00,1315.0,1316.0,1313.0,1316.0,0,0.0,0.0
2024-05-22 12:00:00+09:00,1316.0,1320.0,1316.0,1317.0,5800,0.0,0.0
2024-05-22 13:00:00+09:00,1316.0,1316.0,1316.0,1316.0,100,0.0,0.0
2024-05-22 14:00:00+09:00,1315.0,1317.0,1314.0,1314.0,1100,0.0,0.0
2024-05-23 09:00:00+09:00,1311.0,1325.0,1310.0,1314.0,3300,0.0,0.0
2024-05-23 10:00:00+09:00,1317.0,1335.0,1317.0,1335.0,5700,0.0,0.0
2024-05-23 11:00:00+09:00,1334.0,1335.0,1329.0,1329.0,0,0.0,0.0
2024-05-23 12:00:00+09:00,1335.0,1337.0,1332.0,1332.0,12900,0.0,0.0
2024-05-23 13:00:00+09:00,1332.0,1334.0,1331.0,1334.0,2200,0.0,0.0
2024-05-23 14:00:00+09:00,1335.0,1338.0,1334.0,1338.0,3100,0.0,0.0
2024-05-24 09:00:00+09:00,1341.0,1341.0,1323.0,1326.0,5500,0.0,0.0
2024-05-24 10:00:00+09:00,1323.0,1325.0,1319.0,1325.0,2600,0.0,0.0
2024-05-24 11:00:00+09:00,1321.0,1321.0,1319.0,1320.0,0,0.0,0.0
2024-05-24 12:00:00+09:00,1323.0,1323.0,1322.0,1322.0,8900,0.0,0.0
2024-05-24 13:00:00+09:00,1323.0,1333.0,1322.0,1329.0,2600,0.0,0.0
2024-05-24 14:00:00+09:00,1328.0,1330.0,1321.0,1321.0,2800,0.0,0.0
2024-05-27 09:00:00+09:00,1332.0,1332.0,1317.0,1320.0,6200,0.0,0.0
2024-05-27 10:00:00+09:00,1318.0,1320.0,1316.0,1319.0,3200,0.0,0.0
2024-05-27 11:00:00+09:00,1316.0,1316.0,1314.0,1315.0,0,0.0,0.0
2024-05-27 12:00:00+09:00,1315.0,1327.0,1315.0,1327.0,11900,0.0,0.0
2024-05-27 13:00:00+09:00,1318.0,1320.0,1318.0,1320.0,900,0.0,0.0
2024-05-27 14:00:00+09:00,1323.0,1328.0,1313.0,1328.0,6300,0.0,0.0
2024-05-28 09:00:00+09:00,1325.0,1329.0,1321.0,1325.0,2700,0.0,0.0
2024-05-28 10:00:00+09:00,1325.0,1325.0,1319.0,1322.0,1200,0.0,0.0
2024-05-28 11:00:00+09:00,1320.0,1321.0,1320.0,1321.0,0,0.0,0.0
2024-05-28 12:00:00+09:00,1320.0,1322.0,1320.0,1320.0,5200,0.0,0.0
2024-05-28 13:00:00+09:00,1320.0,1320.0,1315.0,1315.0,4600,0.0,0.0
2024-05-28 14:00:00+09:00,1316.0,1316.0,1314.0,1316.0,1400,0.0,0.0
2024-05-29 09:00:00+09:00,1317.0,1317.0,1307.0,1309.0,6100,0.0,0.0
2024-05-29 10:00:00+09:00,1308.0,1308.0,1294.0,1300.0,15900,0.0,0.0
2024-05-29 11:00:00+09:00,1301.0,1301.0,1301.0,1301.0,0,0.0,0.0
2024-05-29 12:00:00+09:00,1301.0,1301.0,1300.0,1301.0,24600,0.0,0.0
2024-05-29 13:00:00+09:00,1300.0,1301.0,1296.0,1296.0,4400,0.0,0.0
2024-05-29 14:00:00+09:00,1297.0,1297.0,1291.0,1291.0,8900,0.0,0.0
2024-05-30 09:00:00+09:00,1288.0,1290.0,1275.0,1285.0,13600,0.0,0.0
2024-05-30 10:00:00+09:00,1286.0,1293.0,1286.0,1293.0,1100,0.0,0.0
2024-05-30 11:00:00+09:00,1293.0,1293.0,1289.0,1289.0,0,0.0,0.0
2024-05-30 12:00:00+09:00,1292.0,1297.0,1292.0,1296.0,16000,0.0,0.0
2024-05-30 13:00:00+09:00,1296.0,1301.0,1296.0,1299.0,2800,0.0,0.0
2024-05-30 14:00:00+09:00,1300.0,1300.0,1294.0,1299.0,3400,0.0,0.0
2024-05-31 09:00:00+09:00,1301.0,1304.0,1291.0,1301.0,2100,0.0,0.0
2024-05-31 10:00:00+09:00,1299.0,1303.0,1298.0,1300.0,2300,0.0,0.0
2024-05-31 11:00:00+09:00,1302.0,1304.0,1302.0,1304.0,0,0.0,0.0
2024-05-31 12:00:00+09:00,1301.0,1309.0,1301.0,1309.0,6500,0.0,0.0
2024-05-31 13:00:00+09:00,1308.0,1310.0,1308.0,1310.0,1000,0.0,0.0
2024-05-31 14:00:00+09:00,1308.0,1317.0,1308.0,1315.0,4300,0.0,0.0
2024-06-03 09:00:00+09:00,1317.0,1319.0,1303.0,1306.0,5100,0.0,0.0
2024-06-03 10:00:00+09:00,1307.0,1307.0,1304.0,1305.0,1200,0.0,0.0
2024-06-03 11:00:00+09:00,1304.0,1304.0,1299.0,1299.0,0,0.0,0.0
2024-06-03 12:00:00+09:00,1297.0,1300.0,1297.0,1300.0,10200,0.0,0.0
2024-06-03 13:00:00+09:00,1304.0,1304.0,1299.0,1302.0,900,0.0,0.0
2024-06-03 14:00:00+09:00,1304.0,1311.0,1304.0,1306.0,5000,0.0,0.0
2024-06-04 09:00:00+09:00,1301.0,1301.0,1301.0,1301.0,100,0.0,0.0
2024-06-04 10:00:00+09:00,1307.0,1307.0,1302.0,1302.0,800,0.0,0.0
2024-06-04 11:00:00+09:00,1302.0,1302.0,1302.0,1302.0,0,0.0,0.0
2024-06-04 12:00:00+09:00,1302.0,1307.0,1302.0,1306.0,1900,0.0,0.0
2024-06-04 13:00:00+09:00,1304.0,1307.0,1304.0,1307.0,500,0.0,0.0
2024-06-04 14:00:00+09:00,1305.0,1305.0,1302.0,1302.0,2700,0.0,0.0
2024-06-05 09:00:00+09:00,1301.0,1303.0,1295.0,1301.0,2800,0.0,0.0
2024-06-05 10:00:00+09:00,1301.0,1304.0,1299.0,1302.0,800,0.0,0.0
2024-06-05 11:00:00+09:00,1302.0,1302.0,1302.0,1302.0,0,0.0,0.0
2024-06-05 12:00:00+09:00,1299.0,1303.0,1299.0,1303.0,3900,0.0,0.0
2024-06-05 13:00:00+09:00,1303.0,1304.0,1301.0,1301.0,500,0.0,0.0
2024-06-05 14:00:00+09:00,1299.0,1302.0,1293.0,1293.0,14100,0.0,0.0
2024-06-06 09:00:00+09:00,1300.0,1307.0,1293.0,1293.0,2400,0.0,0.0
2024-06-06 10:00:00+09:00,1293.0,1293.0,1281.0,1284.0,9600,0.0,0.0
2024-06-06 11:00:00+09:00,1285.0,1288.0,1285.0,1286.0,0,0.0,0.0
2024-06-06 12:00:00+09:00,1286.0,1287.0,1283.0,1283.0,15400,0.0,0.0
2024-06-06 13:00:00+09:00,1285.0,1287.0,1282.0,1283.0,1800,0.0,0.0
2024-06-06 14:00:00+09:00,1282.0,1291.0,1281.0,1291.0,4200,0.0,0.0
2024-06-07 09:00:00+09:00,1291.0,1305.0,1283.0,1305.0,10900,0.0,0.0
2024-06-07 10:00:00+09:00,1304.0,1313.0,1303.0,1311.0,2500,0.0,0.0
2024-06-07 11:00:00+09:00,1309.0,1309.0,1307.0,1307.0,0,0.0,0.0
2024-06-07 12:00:00+09:00,1300.0,1310.0,1300.0,1310.0,16000,0.0,0.0
2024-06-07 13:00:00+09:00,1308.0,1309.0,1306.0,1309.0,900,0.0,0.0
2024-06-07 14:00:00+09:00,1309.0,1309.0,1304.0,1304.0,1100,0.0,0.0
2024-06-10 09:00:00+09:00,1301.0,1309.0,1301.0,1309.0,0,0.0,0.0
2024-06-10 10:00:00+09:00,1308.0,1327.0,1308.0,1326.0,16400,0.0,0.0
2024-06-10 11:00:00+09:00,1325.0,1327.0,1325.0,1326.0,0,0.0,0.0
2024-06-10 12:00:00+09:00,1326.0,1326.0,1323.0,1324.0,21400,0.0,0.0
2024-06-10 13:00:00+09:00,1323.0,1324.0,1322.0,1324.0,900,0.0,0.0
2024-06-10 14:00:00+09:00,1323.0,1324.0,1319.0,1319.0,2400,0.0,0.0
2024-06-11 09:00:00+09:00,1328.0,1341.0,1328.0,1339.0,10900,0.0,0.0
2024-06-11 10:00:00+09:00,1338.0,1338.0,1336.0,1337.0,1000,0.0,0.0
2024-06-11 11:00:00+09:00,1334.0,1334.0,1323.0,1325.0,0,0.0,0.0
2024-06-11 12:00:00+09:00,1326.0,1335.0,1326.0,1335.0,15900,0.0,0.0
2024-06-11 13:00:00+09:00,1332.0,1334.0,1323.0,1329.0,4900,0.0,0.0
2024-06-11 14:00:00+09:00,1327.0,1327.0,1321.0,1321.0,1800,0.0,0.0
2024-06-12 09:00:00+09:00,1328.0,1338.0,1327.0,1332.0,8000,0.0,0.0
2024-06-12 10:00:00+09:00,1331.0,1331.0,1325.0,1325.0,1000,0.0,0.0
2024-06-12 11:00:00+09:00,1325.0,1326.0,1322.0,1324.0,0,0.0,0.0
2024-06-12 12:00:00+09:00,1330.0,1357.0,1330.0,1351.0,29500,0.0,0.0
2024-06-12 13:00:00+09:00,1351.0,1365.0,1346.0,1361.0,0,0.0,0.0
2024-06-12 14:00:00+09:00,1360.0,1365.0,1354.0,1365.0,53100,0.0,0.0
2024-06-13 09:00:00+09:00,1361.0,1362.0,1340.0,1342.0,23200,0.0,0.0
2024-06-13 10:00:00+09:00,1345.0,1345.0,1340.0,1344.0,2000,0.0,0.0
2024-06-13 11:00:00+09:00,1344.0,1344.0,1336.0,1336.0,0,0.0,0.0
2024-06-13 12:00:00+09:00,1345.0,1345.0,1340.0,1340.0,40600,0.0,0.0
2024-06-13 13:00:00+09:00,1340.0,1340.0,1335.0,1335.0,1500,0.0,0.0
2024-06-13 14:00:00+09:00,1336.0,1336.0,1327.0,1327.0,5800,0.0,0.0
2024-06-14 09:00:00+09:00,1325.0,1333.0,1325.0,1333.0,13000,0.0,0.0
2024-06-14 10:00:00+09:00,1333.0,1335.0,1333.0,1333.0,600,0.0,0.0
2024-06-14 11:00:00+09:00,1331.0,1332.0,1327.0,1330.0,0,0.0,0.0
2024-06-14 12:00:00+09:00,1329.0,1333.0,1328.0,1331.0,17000,0.0,0.0
2024-06-14 13:00:00+09:00,1331.0,1337.0,1330.0,1335.0,1000,0.0,0.0
2024-06-14 14:00:00+09:00,1335.0,1340.0,1333.0,1335.0,3300,0.0,0.0
2024-06-17 09:00:00+09:00,1340.0,1340.0,1310.0,1310.0,7600,0.0,0.0
2024-06-17 10:00:00+09:00,1308.0,1312.0,1305.0,1310.0,2100,0.0,0.0
2024-06-17 11:00:00+09:00,1311.0,1311.0,1310.0,1310.0,0,0.0,0.0
2024-06-17 12:00:00+09:00,1308.0,1310.0,1308.0,1308.0,41500,0.0,0.0
2024-06-17 13:00:00+09:00,1307.0,1307.0,1297.0,1298.0,9500,0.0,0.0
2024-06-17 14:00:00+09:00,1299.0,1303.0,1292.0,1303.0,8900,0.0,0.0
2024-06-18 09:00:00+09:00,1303.0,1311.0,1295.0,1296.0,5600,0.0,0.0
2024-06-18 10:00:00+09:00,1297.0,1299.0,1296.0,1299.0,1100,0.0,0.0
2024-06-18 11:00:00+09:00,1299.0,1300.0,1297.0,1299.0,0,0.0,0.0
2024-06-18 12:00:00+09:00,1299.0,1299.0,1297.0,1299.0,7800,0.0,0.0
2024-06-18 13:00:00+09:00,1300.0,1300.0,1297.0,1297.0,500,0.0,0.0
2024-06-18 14:00:00+09:00,1297.0,1301.0,1297.0,1297.0,3000,0.0,0.0
2024-06-19 09:00:00+09:00,1307.0,1309.0,1300.0,1309.0,2100,0.0,0.0
2024-06-19 10:00:00+09:00,1308.0,1328.0,1308.0,1317.0,6600,0.0,0.0
2024-06-19 11:00:00+09:00,1317.0,1320.0,1317.0,1320.0,0,0.0,0.0
2024-06-19 12:00:00+09:00,1314.0,1314.0,1311.0,1311.0,11300,0.0,0.0
2024-06-19 13:00:00+09:00,1314.0,1315.0,1312.0,1313.0,1500,0.0,0.0
2024-06-19 14:00:00+09:00,1313.0,1317.0,1313.0,1313.0,900,0.0,0.0
2024-06-20 09:00:00+09:00,1316.0,1317.0,1295.0,1297.0,8800,0.0,0.0
2024-06-20 10:00:00+09:00,1295.0,1296.0,1291.0,1296.0,5600,0.0,0.0
2024-06-20 11:00:00+09:00,1294.0,1297.0,1293.0,1293.0,0,0.0,0.0
2024-06-20 12:00:00+09:00,1293.0,1297.0,1288.0,1292.0,23700,0.0,0.0
2024-06-20 13:00:00+09:00,1294.0,1296.0,1294.0,1296.0,600,0.0,0.0
2024-06-20 14:00:00+09:00,1298.0,1300.0,1297.0,1298.0,1700,0.0,0.0
2024-06-21 09:00:00+09:00,1302.0,1305.0,1296.0,1304.0,2300,0.0,0.0
2024-06-21 10:00:00+09:00,1305.0,1308.0,1303.0,1307.0,1800,0.0,0.0
2024-06-21 11:00:00+09:00,1306.0,1306.0,1306.0,1306.0,0,0.0,0.0
2024-06-21 12:00:00+09:00,1306.0,1306.0,1306.0,1306.0,4300,0.0,0.0
2024-06-21 13:00:00+09:00,1306.0,1306.0,1302.0,1302.0,300,0.0,0.0
2024-06-21 14:00:00+09:00,1304.0,1311.0,1301.0,1310.0,6000,0.0,0.0
2024-06-24 09:00:00+09:00,1315.0,1315.0,1305.0,1305.0,0,0.0,0.0
2024-06-24 10:00:00+09:00,1306.0,1306.0,1298.0,1306.0,3900,0.0,0.0
2024-06-24 11:00:00+09:00,1304.0,1306.0,1304.0,1306.0,0,0.0,0.0
2024-06-24 12:00:00+09:00,1306.0,1307.0,1303.0,1303.0,8200,0.0,0.0
2024-06-24 13:00:00+09:00,1307.0,1312.0,1307.0,1310.0,600,0.0,0.0
2024-06-24 14:00:00+09:00,1312.0,1312.0,1302.0,1309.0,4500,0.0,0.0
2024-06-25 09:00:00+09:00,1308.0,1314.0,1307.0,1313.0,2500,0.0,0.0
2024-06-25 10:00:00+09:00,1312.0,1314.0,1308.0,1314.0,5700,0.0,0.0
2024-06-25 11:00:00+09:00,1313.0,1316.0,1313.0,1315.0,0,0.0,0.0
2024-06-25 12:00:00+09:00,1314.0,1321.0,1314.0,1317.0,14700,0.0,0.0
2024-06-25 13:00:00+09:00,1316.0,1316.0,1315.0,1315.0,1500,0.0,0.0
2024-06-25 14:00:00+09:00,1317.0,1318.0,1317.0,1318.0,700,0.0,0.0
2024-06-26 09:00:00+09:00,1320.0,1320.0,1315.0,1320.0,2500,0.0,0.0
2024-06-26 10:00:00+09:00,1316.0,1316.0,1314.0,1314.0,1300,0.0,0.0
2024-06-26 11:00:00+09:00,1315.0,1316.0,1315.0,1316.0,0,0.0,0.0
2024-06-26 12:00:00+09:00,1316.0,1316.0,1314.0,1314.0,4500,0.0,0.0
2024-06-26 13:00:00+09:00,1316.0,1316.0,1311.0,1311.0,1600,0.0,0.0
2024-06-26 14:00:00+09:00,1311.0,1311.0,1306.0,1308.0,6000,0.0,0.0
2024-06-27 09:00:00+09:00,1308.0,1322.0,1308.0,1322.0,2300,0.0,0.0
2024-06-27 10:00:00+09:00,1320.0,1323.0,1319.0,1321.0,800,0.0,0.0
2024-06-27 11:00:00+09:00,1321.0,1324.0,1321.0,1324.0,0,0.0,0.0
2024-06-27 12:00:00+09:00,1324.0,1336.0,1323.0,1333.0,9900,0.0,0.0
2024-06-27 13:00:00+09:00,1332.0,1333.0,1325.0,1329.0,10300,0.0,0.0
2024-06-27 14:00:00+09:00,1325.0,1327.0,1321.0,1323.0,8800,0.0,0.0
2024-06-28 09:00:00+09:00,1333.0,1333.0,1316.0,1317.0,4300,0.0,0.0
2024-06-28 10:00:00+09:00,1321.0,1327.0,1321.0,1321.0,1700,0.0,0.0
2024-06-28 11:00:00+09:00,1321.0,1321.0,1321.0,1321.0,0,0.0,0.0
2024-06-28 12:00:00+09:00,1318.0,1323.0,1318.0,1323.0,8100,0.0,0.0
2024-06-28 13:00:00+09:00,1321.0,1321.0,1318.0,1318.0,600,0.0,0.0
2024-06-28 14:00:00+09:00,1319.0,1320.0,1318.0,1318.0,700,0.0,0.0
2024-07-01 09:00:00+09:00,1318.0,1321.0,1318.0,1321.0,0,0.0,0.0
2024-07-01 10:00:00+09:00,1321.0,1331.0,1321.0,1330.0,3900,0.0,0.0
2024-07-01 11:00:00+09:00,1330.0,1331.0,1327.0,1330.0,0,0.0,0.0
2024-07-01 12:00:00+09:00,1330.0,1330.0,1328.0,1329.0,13000,0.0,0.0
2024-07-01 13:00:00+09:00,1329.0,1333.0,1329.0,1333.0,1700,0.0,0.0
2024-07-01 14:00:00+09:00,1331.0,1333.0,1323.0,1333.0,4200,0.0,0.0
2024-07-02 09:00:00+09:00,1335.0,1335.0,1307.0,1317.0,16600,0.0,0.0
2024-07-02 10:00:00+09:00,1320.0,1324.0,1317.0,1324.0,3700,0.0,0.0
2024-07-02 11:00:00+09:00,1321.0,1321.0,1320.0,1320.0,0,0.0,0.0
2024-07-02 12:00:00+09:00,1319.0,1320.0,1312.0,1312.0,25400,0.0,0.0
2024-07-02 13:00:00+09:00,1314.0,1319.0,1314.0,1318.0,1900,0.0,0.0
2024-07-02 14:00:00+09:00,1318.0,1325.0,1318.0,1320.0,3500,0.0,0.0
2024-07-03 09:00:00+09:00,1321.0,1332.0,1319.0,1322.0,13100,0.0,0.0
2024-07-03 10:00:00+09:00,1322.0,1322.0,1321.0,1322.0,1300,0.0,0.0
2024-07-03 11:00:00+09:00,1324.0,1328.0,1324.0,1328.0,0,0.0,0.0
2024-07-03 12:00:00+09:00,1329.0,1329.0,1324.0,1325.0,15900,0.0,0.0
2024-07-03 13:00:00+09:00,1324.0,1324.0,1323.0,1323.0,1700,0.0,0.0
2024-07-03 14:00:00+09:00,1323.0,1328.0,1320.0,1328.0,1900,0.0,0.0
2024-07-04 09:00:00+09:00,1329.0,1330.0,1318.0,1326.0,4900,0.0,0.0
2024-07-04 10:00:00+09:00,1325.0,1338.0,1320.0,1331.0,8300,0.0,0.0
2024-07-04 11:00:00+09:00,1329.0,1334.0,1329.0,1334.0,0,0.0,0.0
2024-07-04 12:00:00+09:00,1334.0,1349.0,1329.0,1341.0,27900,0.0,0.0
2024-07-04 13:00:00+09:00,1341.0,1344.0,1339.0,1344.0,1300,0.0,0.0
2024-07-04 14:00:00+09:00,1344.0,1351.0,1343.0,1349.0,13600,0.0,0.0
2024-07-05 09:00:00+09:00,1358.0,1374.0,1350.0,1350.0,19100,0.0,0.0
2024-07-05 10:00:00+09:00,1353.0,1358.0,1352.0,1356.0,3300,0.0,0.0
2024-07-05 11:00:00+09:00,1356.0,1356.0,1345.0,1350.0,0,0.0,0.0
2024-07-05 12:00:00+09:00,1350.0,1350.0,1341.0,1341.0,25900,0.0,0.0
2024-07-05 13:00:00+09:00,1344.0,1349.0,1343.0,1343.0,500,0.0,0.0
2024-07-05 14:00:00+09:00,1344.0,1345.0,1335.0,1343.0,5300,0.0,0.0
2024-07-08 09:00:00+09:00,1345.0,1379.0,1344.0,1369.0,18000,0.0,0.0
2024-07-08 10:00:00+09:00,1369.0,1373.0,1369.0,1371.0,3100,0.0,0.0
2024-07-08 11:00:00+09:00,1367.0,1369.0,1365.0,1369.0,0,0.0,0.0
2024-07-08 12:00:00+09:00,1370.0,1373.0,1368.0,1370.0,27200,0.0,0.0
2024-07-08 13:00:00+09:00,1369.0,1369.0,1364.0,1364.0,1700,0.0,0.0
2024-07-08 14:00:00+09:00,1364.0,1367.0,1363.0,1367.0,3500,0.0,0.0
2024-07-09 09:00:00+09:00,1377.0,1377.0,1358.0,1367.0,0,0.0,0.0
2024-07-09 10:00:00+09:00,1366.0,1366.0,1363.0,1365.0,9500,0.0,0.0
2024-07-09 11:00:00+09:00,1365.0,1365.0,1365.0,1365.0,0,0.0,0.0
2024-07-09 12:00:00+09:00,1369.0,1371.0,1366.0,1369.0,27200,0.0,0.0
2024-07-09 13:00:00+09:00,1373.0,1373.0,1370.0,1371.0,1500,0.0,0.0
2024-07-09 14:00:00+09:00,1369.0,1374.0,1368.0,1374.0,1900,0.0,0.0
2024-07-10 09:00:00+09:00,1369.0,1369.0,1346.0,1348.0,8500,0.0,0.0
2024-07-10 10:00:00+09:00,1348.0,1348.0,1342.0,1342.0,1500,0.0,0.0
2024-07-10 11:00:00+09:00,1346.0,1346.0,1339.0,1339.0,0,0.0,0.0
2024-07-10 12:00:00+09:00,1337.0,1341.0,1332.0,1332.0,16300,0.0,0.0
2024-07-10 13:00:00+09:00,1332.0,1332.0,1325.0,1326.0,4500,0.0,0.0
2024-07-10 14:00:00+09:00,1330.0,1336.0,1330.0,1333.0,3100,0.0,0.0
2024-07-11 09:00:00+09:00,1338.0,1341.0,1330.0,1330.0,10800,0.0,0.0
2024-07-11 10:00:00+09:00,1333.0,1339.0,1328.0,1339.0,3100,0.0,0.0
2024-07-11 11:00:00+09:00,1339.0,1339.0,1339.0,1339.0,0,0.0,0.0
2024-07-11 12:00:00+09:00,1339.0,1348.0,1339.0,1348.0,16800,0.0,0.0
2024-07-11 13:00:00+09:00,1348.0,1351.0,1346.0,1347.0,1200,0.0,0.0
2024-07-11 14:00:00+09:00,1347.0,1347.0,1341.0,1342.0,2700,0.0,0.0
2024-07-12 09:00:00+09:00,1338.0,1358.0,1338.0,1351.0,19300,0.0,0.0
2024-07-12 10:00:00+09:00,1351.0,1353.0,1348.0,1353.0,2000,0.0,0.0
2024-07-12 11:00:00+09:00,1351.0,1353.0,1351.0,1352.0,0,0.0,0.0
2024-07-12 12:00:00+09:00,1352.0,1352.0,1342.0,1342.0,24500,0.0,0.0
2024-07-12 13:00:00+09:00,1348.0,1349.0,1348.0,1349.0,200,0.0,0.0
2024-07-12 14:00:00+09:00,1348.0,1349.0,1344.0,1344.0,800,0.0,0.0
2024-07-16 09:00:00+09:00,1379.0,1424.0,1379.0,1382.0,46400,0.0,0.0
2024-07-16 10:00:00+09:00,1384.0,1394.0,1380.0,1394.0,5800,0.0,0.0
2024-07-16 11:00:00+09:00,1391.0,1410.0,1390.0,1400.0,0,0.0,0.0
2024-07-16 12:00:00+09:00,1400.0,1401.0,1392.0,1397.0,66000,0.0,0.0
2024-07-16 13:00:00+09:00,1397.0,1400.0,1393.0,1393.0,3900,0.0,0.0
2024-07-16 14:00:00+09:00,1394.0,1397.0,1390.0,1396.0,7600,0.0,0.0
2024-07-17 09:00:00+09:00,1422.0,1430.0,1408.0,1418.0,29800,0.0,0.0
2024-07-17 10:00:00+09:00,1417.0,1439.0,1417.0,1432.0,6900,0.0,0.0
2024-07-17 11:00:00+09:00,1431.0,1431.0,1416.0,1420.0,0,0.0,0.0
2024-07-17 12:00:00+09:00,1416.0,1424.0,1414.0,1414.0,52200,0.0,0.0
2024-07-17 13:00:00+09:00,1414.0,1415.0,1406.0,1406.0,4600,0.0,0.0
2024-07-17 14:00:00+09:00,1409.0,1410.0,1391.0,1409.0,8700,0.0,0.0
2024-07-18 09:00:00+09:00,1409.0,1414.0,1390.0,1400.0,0,0.0,0.0
2024-07-18 10:00:00+09:00,1400.0,1400.0,1392.0,1400.0,16800,0.0,0.0
2024-07-18 11:00:00+09:00,1394.0,1394.0,1386.0,1391.0,0,0.0,0.0
2024-07-18 12:00:00+09:00,1385.0,1389.0,1385.0,1388.0,20200,0.0,0.0
2024-07-18 13:00:00+09:00,1390.0,1397.0,1362.0,1377.0,9900,0.0,0.0
2024-07-18 14:00:00+09:00,1382.0,1386.0,1367.0,1372.0,16900,0.0,0.0
2024-07-19 09:00:00+09:00,1375.0,1378.0,1361.0,1375.0,9600,0.0,0.0
2024-07-19 10:00:00+09:00,1379.0,1379.0,1367.0,1367.0,4500,0.0,0.0
2024-07-19 11:00:00+09:00,1368.0,1371.0,1368.0,1368.0,0,0.0,0.0
2024-07-19 12:00:00+09:00,1368.0,1373.0,1368.0,1373.0,15900,0.0,0.0
2024-07-19 13:00:00+09:00,1369.0,1370.0,1367.0,1368.0,900,0.0,0.0
2024-07-19 14:00:00+09:00,1372.0,1374.0,1368.0,1371.0,2900,0.0,0.0
2024-07-22 09:00:00+09:00,1383.0,1384.0,1350.0,1350.0,8900,0.0,0.0
2024-07-22 10:00:00+09:00,1356.0,1357.0,1350.0,1350.0,400,0.0,0.0
2024-07-22 11:00:00+09:00,1352.0,1354.0,1351.0,1351.0,0,0.0,0.0
2024-07-22 12:00:00+09:00,1352.0,1362.0,1345.0,1345.0,15800,0.0,0.0
2024-07-22 13:00:00+09:00,1343.0,1346.0,1339.0,1346.0,3900,0.0,0.0
2024-07-22 14:00:00+09:00,1347.0,1347.0,1341.0,1341.0,2700,0.0,0.0
2024-07-23 09:00:00+09:00,1344.0,1369.0,1344.0,1364.0,5600,0.0,0.0
2024-07-23 10:00:00+09:00,1367.0,1373.0,1365.0,1368.0,4000,0.0,0.0
2024-07-23 11:00:00+09:00,1368.0,1369.0,1364.0,1369.0,0,0.0,0.0
2024-07-23 12:00:00+09:00,1365.0,1366.0,1362.0,1366.0,13100,0.0,0.0
2024-07-23 13:00:00+09:00,1368.0,1369.0,1363.0,1363.0,900,0.0,0.0
2024-07-23 14:00:00+09:00,1364.0,1372.0,1362.0,1372.0,2700,0.0,0.0
2024-07-24 09:00:00+09:00,1372.0,1372.0,1332.0,1339.0,13500,0.0,0.0
2024-07-24 10:00:00+09:00,1342.0,1343.0,1340.0,1343.0,2300,0.0,0.0
2024-07-24 11:00:00+09:00,1343.0,1343.0,1340.0,1340.0,0,0.0,0.0
2024-07-24 12:00:00+09:00,1341.0,1341.0,1338.0,1340.0,19000,0.0,0.0
2024-07-24 13:00:00+09:00,1339.0,1340.0,1334.0,1338.0,9000,0.0,0.0
2024-07-24 14:00:00+09:00,1336.0,1337.0,1331.0,1336.0,7500,0.0,0.0
2024-07-25 09:00:00+09:00,1312.0,1330.0,1310.0,1323.0,12500,0.0,0.0
2024-07-25 10:00:00+09:00,1320.0,1325.0,1315.0,1320.0,1900,0.0,0.0
2024-07-25 11:00:00+09:00,1314.0,1320.0,1314.0,1320.0,0,0.0,0.0
2024-07-25 12:00:00+09:00,1323.0,1333.0,1323.0,1333.0,18700,0.0,0.0
2024-07-25 13:00:00+09:00,1322.0,1332.0,1322.0,1332.0,600,0.0,0.0
2024-07-25 14:00:00+09:00,1325.0,1329.0,1321.0,1323.0,2000,0.0,0.0
2024-07-26 09:00:00+09:00,1326.0,1335.0,1321.0,1325.0,3500,0.0,0.0
2024-07-26 10:00:00+09:00,1320.0,1324.0,1316.0,1322.0,1800,0.0,0.0
2024-07-26 11:00:00+09:00,1322.0,1332.0,1322.0,1331.0,0,0.0,0.0
2024-07-26 12:00:00+09:00,1331.0,1333.0,1325.0,1327.0,8200,0.0,0.0
2024-07-26 13:00:00+09:00,1329.0,1331.0,1326.0,1331.0,400,0.0,0.0
2024-07-26 14:00:00+09:00,1329.0,1329.0,1322.0,1322.0,900,0.0,0.0
2024-07-29 09:00:00+09:00,1322.0,1339.0,1318.0,1339.0,6200,0.0,0.0
2024-07-29 10:00:00+09:00,1340.0,1340.0,1330.0,1337.0,2800,0.0,0.0
2024-07-29 11:00:00+09:00,1338.0,1338.0,1338.0,1338.0,0,0.0,0.0
2024-07-29 12:00:00+09:00,1338.0,1341.0,1337.0,1340.0,10700,0.0,0.0
2024-07-29 13:00:00+09:00,1342.0,1353.0,1342.0,1352.0,3700,0.0,0.0
2024-07-29 14:00:00+09:00,1352.0,1353.0,1349.0,1353.0,2100,0.0,0.0
2024-07-30 09:00:00+09:00,1350.0,1350.0,1340.0,1340.0,1600,0.0,0.0
2024-07-30 10:00:00+09:00,1340.0,1340.0,1330.0,1331.0,3400,0.0,0.0
2024-07-30 11:00:00+09:00,1330.0,1330.0,1329.0,1330.0,0,0.0,0.0
2024-07-30 12:00:00+09:00,1328.0,1332.0,1325.0,1325.0,7200,0.0,0.0
2024-07-30 13:00:00+09:00,1326.0,1333.0,1326.0,1333.0,2100,0.0,0.0
2024-07-30 14:00:00+09:00,1333.0,1335.0,1330.0,1330.0,4000,0.0,0.0
2024-07-31 09:00:00+09:00,1323.0,1334.0,1321.0,1334.0,4000,0.0,0.0
2024-07-31 11:00:00+09:00,1331.0,1331.0,1331.0,1331.0,0,0.0,0.0
2024-07-31 12:00:00+09:00,1335.0,1338.0,1330.0,1338.0,5100,0.0,0.0
2024-07-31 13:00:00+09:00,1339.0,1346.0,1339.0,1342.0,3700,0.0,0.0
2024-07-31 14:00:00+09:00,1343.0,1345.0,1337.0,1345.0,4300,0.0,0.0
2024-08-01 09:00:00+09:00,1349.0,1349.0,1311.0,1316.0,14200,0.0,0.0
2024-08-01 10:00:00+09:00,1318.0,1318.0,1290.0,1294.0,21100,0.0,0.0
2024-08-01 11:00:00+09:00,1295.0,1301.0,1290.0,1301.0,0,0.0,0.0
2024-08-01 12:00:00+09:00,1308.0,1308.0,1297.0,1297.0,39400,0.0,0.0
2024-08-01 13:00:00+09:00,1301.0,1302.0,1295.0,1299.0,3000,0.0,0.0
2024-08-01 14:00:00+09:00,1303.0,1315.0,1303.0,1310.0,7000,0.0,0.0
2024-08-02 09:00:00+09:00,1280.0,1288.0,1256.0,1261.0,42000,0.0,0.0
2024-08-02 10:00:00+09:00,1255.0,1273.0,1251.0,1273.0,8700,0.0,0.0
2024-08-02 11:00:00+09:00,1266.0,1268.0,1260.0,1261.0,0,0.0,0.0
2024-08-02 12:00:00+09:00,1261.0,1265.0,1246.0,1256.0,60800,0.0,0.0
2024-08-02 13:00:00+09:00,1252.0,1252.0,1221.0,1221.0,19800,0.0,0.0
2024-08-02 14:00:00+09:00,1229.0,1229.0,1212.0,1212.0,15600,0.0,0.0
2024-08-05 09:00:00+09:00,1159.0,1170.0,1118.0,1133.0,32500,0.0,0.0
2024-08-05 10:00:00+09:00,1129.0,1129.0,1071.0,1073.0,29000,0.0,0.0
2024-08-05 11:00:00+09:00,1078.0,1100.0,1064.0,1100.0,0,0.0,0.0
2024-08-05 12:00:00+09:00,1095.0,1130.0,1063.0,1079.0,88100,0.0,0.0
2024-08-05 13:00:00+09:00,1075.0,1075.0,970.0,997.0,52700,0.0,0.0
2024-08-05 14:00:00+09:00,990.0,1000.0,964.0,1000.0,37200,0.0,0.0
2024-08-06 09:00:00+09:00,1020.0,1112.0,1020.0,1111.0,30700,0.0,0.0
2024-08-06 10:00:00+09:00,1111.0,1113.0,1048.0,1070.0,19000,0.0,0.0
2024-08-06 11:00:00+09:00,1067.0,1079.0,1067.0,1079.0,0,0.0,0.0
2024-08-06 12:00:00+09:00,1049.0,1082.0,1049.0,1075.0,61400,0.0,0.0
2024-08-06 13:00:00+09:00,1075.0,1088.0,1066.0,1067.0,0,0.0,0.0
2024-08-06 14:00:00+09:00,1063.0,1100.0,1063.0,1094.0,75100,0.0,0.0
2024-08-07 09:00:00+09:00,1080.0,1115.0,1061.0,1106.0,15300,0.0,0.0
2024-08-07 10:00:00+09:00,1104.0,1142.0,1103.0,1140.0,8400,0.0,0.0
2024-08-07 11:00:00+09:00,1144.0,1150.0,1136.0,1138.0,0,0.0,0.0
2024-08-07 12:00:00+09:00,1078.0,1139.0,1078.0,1127.0,46600,0.0,0.0
2024-08-07 13:00:00+09:00,1127.0,1140.0,1124.0,1132.0,3900,0.0,0.0
2024-08-07 14:00:00+09:00,1135.0,1139.0,1117.0,1117.0,12600,0.0,0.0
2024-08-08 09:00:00+09:00,1105.0,1127.0,1090.0,1112.0,10600,0.0,0.0
2024-08-08 10:00:00+09:00,1111.0,1116.0,1105.0,1114.0,3800,0.0,0.0
2024-08-08 11:00:00+09:00,1117.0,1129.0,1116.0,1129.0,0,0.0,0.0
2024-08-08 12:00:00+09:00,1134.0,1140.0,1131.0,1132.0,21200,0.0,0.0
2024-08-08 13:00:00+09:00,1130.0,1136.0,1120.0,1120.0,4800,0.0,0.0
2024-08-08 14:00:00+09:00,1118.0,1130.0,1118.0,1125.0,5300,0.0,0.0
2024-08-09 09:00:00+09:00,1136.0,1142.0,1120.0,1132.0,13300,0.0,0.0
2024-08-09 10:00:00+09:00,1138.0,1148.0,1130.0,1148.0,4900,0.0,0.0
2024-08-09 11:00:00+09:00,1135.0,1136.0,1135.0,1136.0,0,0.0,0.0
2024-08-09 12:00:00+09:00,1139.0,1139.0,1120.0,1123.0,27500,0.0,0.0
2024-08-09 13:00:00+09:00,1121.0,1121.0,1101.0,1104.0,5000,0.0,0.0
2024-08-09 14:00:00+09:00,1102.0,1120.0,1096.0,1116.0,7700,0.0,0.0
