Datetime,Open,High,Low,Close,Volume,Dividends,Stock Splits
2022-08-12 09:00:00+09:00,7030.0,7300.0,7030.0,7260.0,5700,0.0,0.0
2022-08-12 10:00:00+09:00,7260.0,7340.0,7200.0,7340.0,1700,0.0,0.0
2022-08-12 11:00:00+09:00,7350.0,7350.0,7320.0,7350.0,0,0.0,0.0
2022-08-12 12:00:00+09:00,7240.0,7320.0,7240.0,7300.0,9700,0.0,0.0
2022-08-12 13:00:00+09:00,7310.0,7370.0,7300.0,7370.0,2800,0.0,0.0
2022-08-12 14:00:00+09:00,7370.0,7450.0,6920.0,6920.0,19200,0.0,0.0
2022-08-15 09:00:00+09:00,7680.0,7900.0,7590.0,7900.0,34100,0.0,0.0
2022-08-15 10:00:00+09:00,7900.0,7900.0,7850.0,7900.0,2400,0.0,0.0
2022-08-15 11:00:00+09:00,7900.0,7900.0,7900.0,7900.0,0,0.0,0.0
2022-08-15 13:00:00+09:00,7900.0,7900.0,7880.0,7900.0,43300,0.0,0.0
2022-08-16 09:00:00+09:00,7910.0,8690.0,7760.0,8580.0,29300,0.0,0.0
2022-08-16 10:00:00+09:00,8530.0,8610.0,8200.0,8550.0,11600,0.0,0.0
2022-08-16 11:00:00+09:00,8480.0,8580.0,8430.0,8500.0,0,0.0,0.0
2022-08-16 12:00:00+09:00,8500.0,8500.0,8220.0,8220.0,48500,0.0,0.0
2022-08-16 13:00:00+09:00,8240.0,8310.0,8060.0,8230.0,4400,0.0,0.0
2022-08-16 14:00:00+09:00,8210.0,8290.0,8030.0,8170.0,6600,0.0,0.0
2022-08-17 09:00:00+09:00,8220.0,8260.0,7900.0,8130.0,4200,0.0,0.0
2022-08-17 10:00:00+09:00,8160.0,8180.0,8090.0,8180.0,1300,0.0,0.0
2022-08-17 11:00:00+09:00,8160.0,8160.0,8130.0,8130.0,0,0.0,0.0
2022-08-17 12:00:00+09:00,8160.0,8200.0,8100.0,8160.0,8900,0.0,0.0
2022-08-17 13:00:00+09:00,8200.0,8240.0,8170.0,8240.0,1900,0.0,0.0
2022-08-17 14:00:00+09:00,8230.0,8280.0,8200.0,8200.0,3800,0.0,0.0
2022-08-18 09:00:00+09:00,8000.0,8290.0,8000.0,8230.0,2200,0.0,0.0
2022-08-18 10:00:00+09:00,8230.0,8270.0,8130.0,8270.0,1200,0.0,0.0
2022-08-18 11:00:00+09:00,8240.0,8320.0,8240.0,8320.0,0,0.0,0.0
2022-08-18 12:00:00+09:00,8320.0,8370.0,8300.0,8340.0,7100,0.0,0.0
2022-08-18 13:00:00+09:00,8300.0,8330.0,8270.0,8330.0,1200,0.0,0.0
2022-08-18 14:00:00+09:00,8310.0,8390.0,8290.0,8310.0,4100,0.0,0.0
2022-08-19 09:00:00+09:00,8490.0,8490.0,8350.0,8360.0,1400,0.0,0.0
2022-08-19 10:00:00+09:00,8440.0,8520.0,8330.0,8330.0,3100,0.0,0.0
2022-08-19 11:00:00+09:00,8300.0,8300.0,8300.0,8300.0,0,0.0,0.0
2022-08-19 14:00:00+09:00,8250.0,8450.0,8240.0,8400.0,7400,0.0,0.0
2022-08-22 09:00:00+09:00,8220.0,8300.0,8010.0,8130.0,0,0.0,0.0
2022-08-22 10:00:00+09:00,8130.0,8240.0,8120.0,8240.0,4300,0.0,0.0
2022-08-22 11:00:00+09:00,8260.0,8260.0,8260.0,8260.0,0,0.0,0.0
2022-08-22 12:00:00+09:00,8280.0,8280.0,8160.0,8160.0,4900,0.0,0.0
2022-08-22 14:00:00+09:00,8160.0,8340.0,8120.0,8230.0,4200,0.0,0.0
2022-08-23 09:00:00+09:00,8020.0,8100.0,8010.0,8030.0,800,0.0,0.0
2022-08-23 10:00:00+09:00,8030.0,8210.0,8030.0,8060.0,700,0.0,0.0
2022-08-23 11:00:00+09:00,8050.0,8050.0,8050.0,8050.0,0,0.0,0.0
2022-08-23 12:00:00+09:00,8030.0,8140.0,8030.0,8140.0,1900,0.0,0.0
2022-08-23 13:00:00+09:00,8090.0,8180.0,8070.0,8180.0,400,0.0,0.0
2022-08-23 14:00:00+09:00,8090.0,8240.0,8090.0,8120.0,2600,0.0,0.0
2022-08-24 09:00:00+09:00,8040.0,8350.0,8040.0,8320.0,2500,0.0,0.0
2022-08-24 10:00:00+09:00,8340.0,8450.0,8240.0,8390.0,2900,0.0,0.0
2022-08-24 11:00:00+09:00,8390.0,8460.0,8390.0,8460.0,0,0.0,0.0
2022-08-24 12:00:00+09:00,8390.0,8440.0,8390.0,8420.0,6800,0.0,0.0
2022-08-24 13:00:00+09:00,8450.0,8500.0,8410.0,8410.0,3700,0.0,0.0
2022-08-24 14:00:00+09:00,8400.0,8590.0,8350.0,8460.0,7000,0.0,0.0
2022-08-25 09:00:00+09:00,8490.0,8490.0,8490.0,8490.0,200,0.0,0.0
2022-08-25 11:00:00+09:00,8390.0,8390.0,8390.0,8390.0,0,0.0,0.0
2022-08-25 12:00:00+09:00,8370.0,8450.0,8370.0,8450.0,800,0.0,0.0
2022-08-25 13:00:00+09:00,8500.0,8500.0,8470.0,8470.0,300,0.0,0.0
2022-08-25 14:00:00+09:00,8550.0,8610.0,8480.0,8500.0,1300,0.0,0.0
2022-08-26 09:00:00+09:00,8600.0,9170.0,8600.0,9010.0,0,0.0,0.0
2022-08-26 10:00:00+09:00,9080.0,9090.0,8930.0,8960.0,11600,0.0,0.0
2022-08-26 11:00:00+09:00,8980.0,8980.0,8910.0,8960.0,0,0.0,0.0
2022-08-26 12:00:00+09:00,8910.0,8940.0,8810.0,8830.0,15100,0.0,0.0
2022-08-26 13:00:00+09:00,8850.0,8950.0,8850.0,8950.0,500,0.0,0.0
2022-08-26 14:00:00+09:00,8950.0,8950.0,8840.0,8850.0,2400,0.0,0.0
2022-08-29 09:00:00+09:00,8610.0,8840.0,8550.0,8800.0,4900,0.0,0.0
2022-08-29 10:00:00+09:00,8800.0,9050.0,8800.0,8910.0,4600,0.0,0.0
2022-08-29 11:00:00+09:00,8920.0,8930.0,8870.0,8930.0,0,0.0,0.0
2022-08-29 12:00:00+09:00,8780.0,8820.0,8660.0,8810.0,16200,0.0,0.0
2022-08-29 13:00:00+09:00,8810.0,8880.0,8730.0,8770.0,3100,0.0,0.0
2022-08-29 14:00:00+09:00,8690.0,8760.0,8670.0,8690.0,5000,0.0,0.0
2022-08-30 09:00:00+09:00,8920.0,9330.0,8900.0,9260.0,9900,0.0,0.0
2022-08-30 10:00:00+09:00,9160.0,9180.0,9070.0,9090.0,2100,0.0,0.0
2022-08-30 11:00:00+09:00,9080.0,9120.0,9030.0,9120.0,0,0.0,0.0
2022-08-30 12:00:00+09:00,9120.0,9160.0,9100.0,9100.0,14000,0.0,0.0
2022-08-30 13:00:00+09:00,9040.0,9100.0,9020.0,9030.0,800,0.0,0.0
2022-08-30 14:00:00+09:00,9060.0,9120.0,8990.0,9120.0,2700,0.0,0.0
2022-08-31 09:00:00+09:00,9000.0,9860.0,8960.0,9600.0,26300,0.0,0.0
2022-08-31 10:00:00+09:00,9580.0,9760.0,9500.0,9500.0,7700,0.0,0.0
2022-08-31 11:00:00+09:00,9620.0,9770.0,9620.0,9770.0,0,0.0,0.0
2022-08-31 12:00:00+09:00,9770.0,9810.0,9710.0,9720.0,37800,0.0,0.0
2022-08-31 13:00:00+09:00,9710.0,9780.0,9680.0,9760.0,4400,0.0,0.0
2022-08-31 14:00:00+09:00,9760.0,9760.0,9670.0,9700.0,4100,0.0,0.0
2022-09-01 09:00:00+09:00,9850.0,9900.0,9290.0,9290.0,0,0.0,0.0
2022-09-01 10:00:00+09:00,9350.0,9440.0,9220.0,9280.0,15600,0.0,0.0
2022-09-01 11:00:00+09:00,9380.0,9380.0,9350.0,9350.0,0,0.0,0.0
2022-09-01 12:00:00+09:00,9440.0,9440.0,9220.0,9280.0,18900,0.0,0.0
2022-09-01 13:00:00+09:00,9250.0,9320.0,9200.0,9260.0,700,0.0,0.0
2022-09-01 14:00:00+09:00,9230.0,9230.0,9120.0,9130.0,7900,0.0,0.0
2022-09-02 09:00:00+09:00,9260.0,9300.0,8560.0,8680.0,12100,0.0,0.0
2022-09-02 10:00:00+09:00,8670.0,8680.0,8570.0,8660.0,3900,0.0,0.0
2022-09-02 11:00:00+09:00,8650.0,8690.0,8520.0,8680.0,0,0.0,0.0
2022-09-02 12:00:00+09:00,8830.0,8860.0,8760.0,8830.0,19900,0.0,0.0
2022-09-02 13:00:00+09:00,8830.0,8980.0,8820.0,8830.0,0,0.0,0.0
2022-09-02 14:00:00+09:00,8850.0,8870.0,8770.0,8870.0,29300,0.0,0.0
2022-09-05 09:00:00+09:00,8790.0,8790.0,8550.0,8640.0,2100,0.0,0.0
2022-09-05 10:00:00+09:00,8660.0,8660.0,8660.0,8660.0,100,0.0,0.0
2022-09-05 11:00:00+09:00,8670.0,8710.0,8660.0,8710.0,0,0.0,0.0
2022-09-05 12:00:00+09:00,8710.0,8780.0,8710.0,8780.0,4000,0.0,0.0
2022-09-05 13:00:00+09:00,8800.0,8840.0,8770.0,8780.0,2300,0.0,0.0
2022-09-05 14:00:00+09:00,8790.0,8790.0,8680.0,8760.0,3700,0.0,0.0
2022-09-06 09:00:00+09:00,8850.0,8850.0,8530.0,8640.0,1900,0.0,0.0
2022-09-06 10:00:00+09:00,8630.0,8740.0,8630.0,8740.0,500,0.0,0.0
2022-09-06 11:00:00+09:00,8700.0,8700.0,8650.0,8650.0,0,0.0,0.0
2022-09-06 12:00:00+09:00,8650.0,8650.0,8590.0,8590.0,4000,0.0,0.0
2022-09-06 13:00:00+09:00,8570.0,8570.0,8470.0,8470.0,4300,0.0,0.0
2022-09-06 14:00:00+09:00,8500.0,8550.0,8460.0,8460.0,1900,0.0,0.0
2022-09-07 09:00:00+09:00,8450.0,8450.0,8240.0,8250.0,1500,0.0,0.0
2022-09-07 10:00:00+09:00,8240.0,8350.0,8240.0,8310.0,1000,0.0,0.0
2022-09-07 11:00:00+09:00,8420.0,8470.0,8390.0,8470.0,0,0.0,0.0
2022-09-07 12:00:00+09:00,8490.0,8490.0,8410.0,8440.0,5100,0.0,0.0
2022-09-07 13:00:00+09:00,8450.0,8510.0,8440.0,8470.0,1700,0.0,0.0
2022-09-07 14:00:00+09:00,8450.0,8490.0,8430.0,8480.0,2300,0.0,0.0
2022-09-08 09:00:00+09:00,8540.0,8840.0,8540.0,8620.0,0,0.0,0.0
2022-09-08 10:00:00+09:00,8620.0,8660.0,8580.0,8660.0,6400,0.0,0.0
2022-09-08 11:00:00+09:00,8660.0,8780.0,8660.0,8780.0,0,0.0,0.0
2022-09-08 12:00:00+09:00,8820.0,8820.0,8730.0,8790.0,10500,0.0,0.0
2022-09-08 13:00:00+09:00,8800.0,8830.0,8780.0,8830.0,1000,0.0,0.0
2022-09-08 14:00:00+09:00,8840.0,8930.0,8820.0,8830.0,4600,0.0,0.0
2022-09-09 09:00:00+09:00,9000.0,9000.0,8840.0,8900.0,1100,0.0,0.0
2022-09-09 10:00:00+09:00,8820.0,8850.0,8750.0,8790.0,1700,0.0,0.0
2022-09-09 11:00:00+09:00,8770.0,8820.0,8760.0,8820.0,0,0.0,0.0
2022-09-09 12:00:00+09:00,8760.0,8760.0,8720.0,8720.0,4000,0.0,0.0
2022-09-09 13:00:00+09:00,8750.0,8780.0,8750.0,8760.0,0,0.0,0.0
2022-09-09 14:00:00+09:00,8710.0,8790.0,8650.0,8760.0,9200,0.0,0.0
2022-09-12 09:00:00+09:00,8820.0,9100.0,8720.0,8990.0,6000,0.0,0.0
2022-09-12 10:00:00+09:00,9000.0,9080.0,8990.0,9080.0,1300,0.0,0.0
2022-09-12 11:00:00+09:00,9020.0,9120.0,9020.0,9100.0,0,0.0,0.0
2022-09-12 12:00:00+09:00,9100.0,9120.0,9100.0,9100.0,8600,0.0,0.0
2022-09-12 13:00:00+09:00,9060.0,9080.0,9060.0,9080.0,300,0.0,0.0
2022-09-12 14:00:00+09:00,9100.0,9160.0,9030.0,9090.0,4000,0.0,0.0
2022-09-13 09:00:00+09:00,9090.0,9110.0,9000.0,9060.0,1700,0.0,0.0
2022-09-13 10:00:00+09:00,9060.0,9060.0,9060.0,9060.0,400,0.0,0.0
2022-09-13 11:00:00+09:00,9030.0,9030.0,8950.0,9000.0,0,0.0,0.0
2022-09-13 12:00:00+09:00,9090.0,9090.0,9030.0,9030.0,5200,0.0,0.0
2022-09-13 13:00:00+09:00,9090.0,9090.0,9090.0,9090.0,200,0.0,0.0
2022-09-13 14:00:00+09:00,9050.0,9090.0,9030.0,9030.0,1600,0.0,0.0
2022-09-14 09:00:00+09:00,8630.0,9020.0,8560.0,9020.0,4300,0.0,0.0
2022-09-14 10:00:00+09:00,9050.0,9050.0,9050.0,9050.0,100,0.0,0.0
2022-09-14 11:00:00+09:00,9060.0,9090.0,9060.0,9090.0,0,0.0,0.0
2022-09-14 12:00:00+09:00,9010.0,9010.0,9000.0,9000.0,5100,0.0,0.0
2022-09-14 13:00:00+09:00,9000.0,9070.0,9000.0,9070.0,800,0.0,0.0
2022-09-14 14:00:00+09:00,9050.0,9050.0,9000.0,9010.0,700,0.0,0.0
2022-09-15 09:00:00+09:00,9010.0,9010.0,8850.0,8900.0,400,0.0,0.0
2022-09-15 10:00:00+09:00,8930.0,8930.0,8930.0,8930.0,100,0.0,0.0
2022-09-15 11:00:00+09:00,8950.0,8950.0,8910.0,8910.0,0,0.0,0.0
2022-09-15 12:00:00+09:00,8920.0,8920.0,8910.0,8910.0,1300,0.0,0.0
2022-09-15 13:00:00+09:00,8850.0,8850.0,8800.0,8820.0,2200,0.0,0.0
2022-09-15 14:00:00+09:00,8850.0,8870.0,8800.0,8870.0,3300,0.0,0.0
2022-09-16 09:00:00+09:00,8680.0,8680.0,8460.0,8460.0,4600,0.0,0.0
2022-09-16 10:00:00+09:00,8480.0,8500.0,8320.0,8350.0,3500,0.0,0.0
2022-09-16 11:00:00+09:00,8330.0,8460.0,8330.0,8460.0,0,0.0,0.0
2022-09-16 12:00:00+09:00,8460.0,8460.0,8290.0,8290.0,11300,0.0,0.0
2022-09-16 13:00:00+09:00,8300.0,8430.0,8300.0,8430.0,1000,0.0,0.0
2022-09-16 14:00:00+09:00,8400.0,8400.0,8290.0,8330.0,4800,0.0,0.0
2022-09-20 09:00:00+09:00,8300.0,8430.0,8090.0,8100.0,0,0.0,0.0
2022-09-20 10:00:00+09:00,8090.0,8100.0,7940.0,8000.0,10900,0.0,0.0
2022-09-20 11:00:00+09:00,8000.0,8070.0,7990.0,8000.0,0,0.0,0.0
2022-09-20 12:00:00+09:00,8010.0,8140.0,7930.0,8050.0,16400,0.0,0.0
2022-09-20 13:00:00+09:00,8140.0,8200.0,8090.0,8200.0,1100,0.0,0.0
2022-09-20 14:00:00+09:00,8190.0,8210.0,8040.0,8120.0,5100,0.0,0.0
2022-09-21 09:00:00+09:00,7980.0,7980.0,7810.0,7870.0,3900,0.0,0.0
2022-09-21 10:00:00+09:00,7850.0,7850.0,7680.0,7690.0,5400,0.0,0.0
2022-09-21 11:00:00+09:00,7700.0,7740.0,7680.0,7680.0,0,0.0,0.0
2022-09-21 12:00:00+09:00,7650.0,7740.0,7650.0,7730.0,12400,0.0,0.0
2022-09-21 13:00:00+09:00,7770.0,7850.0,7750.0,7830.0,3400,0.0,0.0
2022-09-21 14:00:00+09:00,7830.0,7900.0,7830.0,7890.0,4800,0.0,0.0
2022-09-22 09:00:00+09:00,7880.0,7880.0,7750.0,7840.0,1400,0.0,0.0
2022-09-22 10:00:00+09:00,7880.0,7900.0,7750.0,7870.0,1900,0.0,0.0
2022-09-22 11:00:00+09:00,7900.0,7930.0,7900.0,7930.0,0,0.0,0.0
2022-09-22 12:00:00+09:00,7980.0,8000.0,7940.0,7940.0,4800,0.0,0.0
2022-09-22 13:00:00+09:00,7990.0,8040.0,7910.0,8040.0,1000,0.0,0.0
2022-09-22 14:00:00+09:00,8050.0,8080.0,7990.0,7990.0,2900,0.0,0.0
2022-09-26 09:00:00+09:00,7890.0,7890.0,7680.0,7730.0,1700,0.0,0.0
2022-09-26 10:00:00+09:00,7690.0,7690.0,7550.0,7550.0,3300,0.0,0.0
2022-09-26 11:00:00+09:00,7560.0,7560.0,7560.0,7560.0,0,0.0,0.0
2022-09-26 12:00:00+09:00,7560.0,7580.0,7510.0,7550.0,6900,0.0,0.0
2022-09-26 13:00:00+09:00,7550.0,7580.0,7520.0,7530.0,1400,0.0,0.0
2022-09-26 14:00:00+09:00,7550.0,7640.0,7530.0,7640.0,3400,0.0,0.0
2022-09-27 09:00:00+09:00,7650.0,7680.0,7570.0,7600.0,7400,0.0,0.0
2022-09-27 10:00:00+09:00,7600.0,7680.0,7590.0,7600.0,1400,0.0,0.0
2022-09-27 11:00:00+09:00,7610.0,7610.0,7610.0,7610.0,0,0.0,0.0
2022-09-27 12:00:00+09:00,7560.0,7580.0,7540.0,7540.0,13800,0.0,0.0
2022-09-27 13:00:00+09:00,7560.0,7560.0,7540.0,7540.0,300,0.0,0.0
2022-09-27 14:00:00+09:00,7520.0,7520.0,7470.0,7470.0,1600,0.0,0.0
2022-09-28 09:00:00+09:00,7320.0,7430.0,7320.0,7430.0,700,0.0,0.0
2022-09-28 10:00:00+09:00,7430.0,7480.0,7320.0,7360.0,2300,0.0,0.0
2022-09-28 11:00:00+09:00,7310.0,7410.0,7310.0,7410.0,0,0.0,0.0
2022-09-28 12:00:00+09:00,7500.0,7570.0,7330.0,7430.0,8800,0.0,0.0
2022-09-28 13:00:00+09:00,7340.0,7420.0,7250.0,7280.0,4500,0.0,0.0
2022-09-28 14:00:00+09:00,7240.0,7390.0,7240.0,7390.0,3000,0.0,0.0
2022-09-29 09:00:00+09:00,7650.0,7900.0,7650.0,7810.0,4600,0.0,0.0
2022-09-29 10:00:00+09:00,7820.0,7920.0,7800.0,7850.0,2000,0.0,0.0
2022-09-29 11:00:00+09:00,7850.0,7850.0,7590.0,7640.0,0,0.0,0.0
2022-09-29 12:00:00+09:00,7790.0,7790.0,7580.0,7630.0,9200,0.0,0.0
2022-09-29 13:00:00+09:00,7580.0,7610.0,7580.0,7610.0,200,0.0,0.0
2022-09-29 14:00:00+09:00,7660.0,7750.0,7620.0,7740.0,2100,0.0,0.0
2022-09-30 09:00:00+09:00,7650.0,7650.0,7380.0,7400.0,2300,0.0,0.0
2022-09-30 10:00:00+09:00,7410.0,7410.0,7410.0,7410.0,100,0.0,0.0
2022-09-30 11:00:00+09:00,7410.0,7410.0,7410.0,7410.0,0,0.0,0.0
2022-09-30 13:00:00+09:00,7420.0,7470.0,7350.0,7410.0,3700,0.0,0.0
2022-09-30 14:00:00+09:00,7460.0,7740.0,7440.0,7740.0,3300,0.0,0.0
2022-10-03 09:00:00+09:00,7710.0,7720.0,7500.0,7500.0,800,0.0,0.0
2022-10-03 10:00:00+09:00,7500.0,7700.0,7500.0,7700.0,2300,0.0,0.0
2022-10-03 11:00:00+09:00,7680.0,7680.0,7680.0,7680.0,0,0.0,0.0
2022-10-03 12:00:00+09:00,7610.0,7610.0,7610.0,7610.0,3400,0.0,0.0
2022-10-03 13:00:00+09:00,7600.0,7690.0,7600.0,7690.0,800,0.0,0.0
2022-10-03 14:00:00+09:00,7690.0,7730.0,7630.0,7690.0,1900,0.0,0.0
2022-10-04 09:00:00+09:00,7910.0,7930.0,7780.0,7890.0,1400,0.0,0.0
2022-10-04 10:00:00+09:00,7930.0,7940.0,7930.0,7940.0,200,0.0,0.0
2022-10-04 11:00:00+09:00,7880.0,7880.0,7820.0,7820.0,0,0.0,0.0
2022-10-04 14:00:00+09:00,7900.0,7900.0,7850.0,7900.0,4400,0.0,0.0
2022-10-05 09:00:00+09:00,8050.0,8050.0,7760.0,7760.0,800,0.0,0.0
2022-10-05 10:00:00+09:00,7800.0,7830.0,7800.0,7830.0,400,0.0,0.0
2022-10-05 11:00:00+09:00,7830.0,7830.0,7830.0,7830.0,0,0.0,0.0
2022-10-05 12:00:00+09:00,7850.0,7850.0,7850.0,7850.0,1300,0.0,0.0
2022-10-05 13:00:00+09:00,7900.0,7930.0,7880.0,7900.0,900,0.0,0.0
2022-10-05 14:00:00+09:00,7900.0,7990.0,7860.0,7860.0,2800,0.0,0.0
2022-10-06 09:00:00+09:00,7710.0,7860.0,7710.0,7860.0,800,0.0,0.0
2022-10-06 11:00:00+09:00,7840.0,7880.0,7840.0,7860.0,0,0.0,0.0
2022-10-06 12:00:00+09:00,7830.0,7830.0,7830.0,7830.0,1500,0.0,0.0
2022-10-06 13:00:00+09:00,7870.0,7870.0,7820.0,7820.0,400,0.0,0.0
2022-10-06 14:00:00+09:00,7840.0,7840.0,7800.0,7800.0,700,0.0,0.0
2022-10-07 09:00:00+09:00,7660.0,7860.0,7570.0,7810.0,2000,0.0,0.0
2022-10-07 10:00:00+09:00,7720.0,7800.0,7650.0,7800.0,700,0.0,0.0
2022-10-07 11:00:00+09:00,7650.0,7650.0,7650.0,7650.0,0,0.0,0.0
2022-10-07 12:00:00+09:00,7670.0,7800.0,7670.0,7800.0,3400,0.0,0.0
2022-10-07 13:00:00+09:00,7700.0,7720.0,7690.0,7700.0,1600,0.0,0.0
2022-10-07 14:00:00+09:00,7720.0,7860.0,7710.0,7710.0,300,0.0,0.0
2022-10-11 09:00:00+09:00,7650.0,7790.0,7350.0,7760.0,4700,0.0,0.0
2022-10-11 10:00:00+09:00,7770.0,7880.0,7710.0,7810.0,2500,0.0,0.0
2022-10-11 11:00:00+09:00,7790.0,7870.0,7790.0,7870.0,0,0.0,0.0
2022-10-11 12:00:00+09:00,7870.0,7870.0,7830.0,7870.0,8100,0.0,0.0
2022-10-11 13:00:00+09:00,7840.0,7850.0,7770.0,7770.0,1500,0.0,0.0
2022-10-11 14:00:00+09:00,7800.0,7840.0,7660.0,7760.0,2400,0.0,0.0
2022-10-12 09:00:00+09:00,7550.0,7710.0,7510.0,7600.0,2600,0.0,0.0
2022-10-12 10:00:00+09:00,7640.0,7640.0,7470.0,7530.0,2000,0.0,0.0
2022-10-12 11:00:00+09:00,7560.0,7560.0,7430.0,7510.0,0,0.0,0.0
2022-10-12 12:00:00+09:00,7430.0,7600.0,7430.0,7600.0,7200,0.0,0.0
2022-10-12 13:00:00+09:00,7630.0,7690.0,7590.0,7590.0,1300,0.0,0.0
2022-10-12 14:00:00+09:00,7660.0,7680.0,7530.0,7670.0,3100,0.0,0.0
2022-10-13 09:00:00+09:00,7650.0,7650.0,7650.0,7650.0,300,0.0,0.0
2022-10-13 11:00:00+09:00,7650.0,7650.0,7650.0,7650.0,0,0.0,0.0
2022-10-13 12:00:00+09:00,7650.0,7660.0,7650.0,7660.0,600,0.0,0.0
2022-10-14 09:00:00+09:00,7710.0,7890.0,7710.0,7750.0,1900,0.0,0.0
2022-10-14 10:00:00+09:00,7840.0,7840.0,7770.0,7800.0,300,0.0,0.0
2022-10-14 11:00:00+09:00,7850.0,7860.0,7760.0,7760.0,0,0.0,0.0
2022-10-14 12:00:00+09:00,7740.0,7830.0,7740.0,7800.0,3000,0.0,0.0
2022-10-14 13:00:00+09:00,7850.0,7850.0,7710.0,7710.0,1100,0.0,0.0
2022-10-14 14:00:00+09:00,7760.0,7770.0,7760.0,7770.0,200,0.0,0.0
2022-10-17 09:00:00+09:00,7720.0,7720.0,7480.0,7700.0,2200,0.0,0.0
2022-10-17 10:00:00+09:00,7570.0,7570.0,7570.0,7570.0,100,0.0,0.0
2022-10-17 11:00:00+09:00,7560.0,7560.0,7520.0,7520.0,0,0.0,0.0
2022-10-17 12:00:00+09:00,7510.0,7690.0,7510.0,7660.0,3700,0.0,0.0
2022-10-17 13:00:00+09:00,7570.0,7570.0,7560.0,7570.0,500,0.0,0.0
2022-10-17 14:00:00+09:00,7600.0,7680.0,7560.0,7620.0,1700,0.0,0.0
2022-10-18 09:00:00+09:00,7680.0,7680.0,7660.0,7660.0,200,0.0,0.0
2022-10-18 11:00:00+09:00,7680.0,7680.0,7680.0,7680.0,0,0.0,0.0
2022-10-18 12:00:00+09:00,7670.0,7720.0,7670.0,7720.0,500,0.0,0.0
2022-10-18 13:00:00+09:00,7660.0,7800.0,7660.0,7780.0,1500,0.0,0.0
2022-10-18 14:00:00+09:00,7780.0,7820.0,7740.0,7820.0,1000,0.0,0.0
2022-10-19 09:00:00+09:00,7770.0,7770.0,7690.0,7740.0,0,0.0,0.0
2022-10-19 10:00:00+09:00,7670.0,7740.0,7670.0,7680.0,1900,0.0,0.0
2022-10-19 11:00:00+09:00,7670.0,7730.0,7670.0,7730.0,0,0.0,0.0
2022-10-19 12:00:00+09:00,7770.0,7770.0,7730.0,7730.0,2400,0.0,0.0
2022-10-19 13:00:00+09:00,7730.0,7730.0,7730.0,7730.0,300,0.0,0.0
2022-10-19 14:00:00+09:00,7720.0,7810.0,7710.0,7810.0,1300,0.0,0.0
2022-10-20 09:00:00+09:00,7740.0,7750.0,7570.0,7690.0,1300,0.0,0.0
2022-10-20 10:00:00+09:00,7700.0,7750.0,7660.0,7680.0,1700,0.0,0.0
2022-10-20 11:00:00+09:00,7680.0,7740.0,7680.0,7720.0,0,0.0,0.0
2022-10-20 12:00:00+09:00,7660.0,7660.0,7660.0,7660.0,3800,0.0,0.0
2022-10-20 13:00:00+09:00,7670.0,7700.0,7670.0,7680.0,500,0.0,0.0
2022-10-20 14:00:00+09:00,7710.0,7790.0,7710.0,7770.0,700,0.0,0.0
2022-10-21 09:00:00+09:00,7770.0,7910.0,7770.0,7910.0,1400,0.0,0.0
2022-10-21 10:00:00+09:00,7830.0,7920.0,7820.0,7920.0,700,0.0,0.0
2022-10-21 11:00:00+09:00,7870.0,7910.0,7820.0,7910.0,0,0.0,0.0
2022-10-21 12:00:00+09:00,7780.0,7960.0,7770.0,7770.0,3800,0.0,0.0
2022-10-21 13:00:00+09:00,7930.0,8110.0,7930.0,8060.0,3200,0.0,0.0
2022-10-21 14:00:00+09:00,8060.0,8180.0,8060.0,8140.0,1700,0.0,0.0
2022-10-24 09:00:00+09:00,8270.0,8380.0,8190.0,8360.0,3100,0.0,0.0
2022-10-24 10:00:00+09:00,8360.0,8360.0,8160.0,8280.0,0,0.0,0.0
2022-10-24 11:00:00+09:00,8300.0,8380.0,8190.0,8190.0,0,0.0,0.0
2022-10-24 12:00:00+09:00,8190.0,8190.0,8190.0,8190.0,4300,0.0,0.0
2022-10-24 13:00:00+09:00,8210.0,8220.0,8210.0,8220.0,200,0.0,0.0
2022-10-24 14:00:00+09:00,8210.0,8290.0,8200.0,8200.0,1300,0.0,0.0
2022-10-25 09:00:00+09:00,8050.0,8420.0,8050.0,8390.0,1600,0.0,0.0
2022-10-25 10:00:00+09:00,8340.0,8430.0,8340.0,8430.0,600,0.0,0.0
2022-10-25 11:00:00+09:00,8430.0,8430.0,8430.0,8430.0,0,0.0,0.0
2022-10-25 12:00:00+09:00,8430.0,8430.0,8330.0,8330.0,2400,0.0,0.0
2022-10-25 14:00:00+09:00,8330.0,8600.0,8330.0,8600.0,2700,0.0,0.0
2022-10-26 09:00:00+09:00,8520.0,8850.0,8520.0,8580.0,4000,0.0,0.0
2022-10-26 10:00:00+09:00,8580.0,8630.0,8550.0,8610.0,1400,0.0,0.0
2022-10-26 11:00:00+09:00,8640.0,8640.0,8570.0,8570.0,0,0.0,0.0
2022-10-26 12:00:00+09:00,8570.0,8580.0,8560.0,8560.0,6500,0.0,0.0
2022-10-26 13:00:00+09:00,8550.0,8560.0,8500.0,8500.0,1600,0.0,0.0
2022-10-26 14:00:00+09:00,8440.0,8520.0,8410.0,8410.0,1200,0.0,0.0
2022-10-27 09:00:00+09:00,8230.0,8500.0,8200.0,8470.0,1900,0.0,0.0
2022-10-27 10:00:00+09:00,8420.0,8760.0,8420.0,8750.0,1300,0.0,0.0
2022-10-27 11:00:00+09:00,8700.0,8750.0,8640.0,8640.0,0,0.0,0.0
2022-10-27 12:00:00+09:00,8490.0,8670.0,8490.0,8650.0,6100,0.0,0.0
2022-10-27 13:00:00+09:00,8550.0,8590.0,8430.0,8590.0,900,0.0,0.0
2022-10-27 14:00:00+09:00,8530.0,8730.0,8530.0,8700.0,1000,0.0,0.0
2022-10-28 09:00:00+09:00,8570.0,8570.0,8550.0,8550.0,600,0.0,0.0
2022-10-28 10:00:00+09:00,8830.0,8830.0,8830.0,8830.0,0,0.0,0.0
2022-10-28 11:00:00+09:00,8680.0,8680.0,8600.0,8600.0,0,0.0,0.0
2022-10-28 13:00:00+09:00,8600.0,8740.0,8600.0,8610.0,4300,0.0,0.0
2022-10-28 14:00:00+09:00,8720.0,8870.0,8720.0,8870.0,6600,0.0,0.0
2022-10-31 09:00:00+09:00,8900.0,9790.0,8900.0,9650.0,23600,0.0,0.0
2022-10-31 10:00:00+09:00,9590.0,9710.0,9480.0,9550.0,2700,0.0,0.0
2022-10-31 11:00:00+09:00,9550.0,9590.0,9500.0,9590.0,0,0.0,0.0
2022-10-31 12:00:00+09:00,9580.0,9580.0,9580.0,9580.0,27500,0.0,0.0
2022-10-31 13:00:00+09:00,9550.0,9550.0,9310.0,9340.0,5400,0.0,0.0
2022-10-31 14:00:00+09:00,9360.0,9420.0,9250.0,9330.0,11400,0.0,0.0
2022-11-01 09:00:00+09:00,9480.0,9480.0,9230.0,9270.0,2300,0.0,0.0
2022-11-01 10:00:00+09:00,9250.0,9250.0,9200.0,9220.0,1600,0.0,0.0
2022-11-01 11:00:00+09:00,9200.0,9290.0,9180.0,9290.0,0,0.0,0.0
2022-11-01 12:00:00+09:00,9210.0,9220.0,9110.0,9110.0,6500,0.0,0.0
2022-11-01 13:00:00+09:00,9100.0,9210.0,8870.0,8870.0,4000,0.0,0.0
2022-11-01 14:00:00+09:00,8870.0,9170.0,8870.0,8920.0,4300,0.0,0.0
2022-11-02 09:00:00+09:00,9030.0,9040.0,8890.0,9030.0,700,0.0,0.0
2022-11-02 10:00:00+09:00,8910.0,8910.0,8840.0,8840.0,300,0.0,0.0
2022-11-02 11:00:00+09:00,8840.0,8900.0,8800.0,8900.0,0,0.0,0.0
2022-11-02 12:00:00+09:00,8900.0,8920.0,8830.0,8900.0,2400,0.0,0.0
2022-11-02 13:00:00+09:00,8900.0,8960.0,8900.0,8960.0,300,0.0,0.0
2022-11-02 14:00:00+09:00,8960.0,9150.0,8960.0,9150.0,3500,0.0,0.0
2022-11-04 09:00:00+09:00,9000.0,9280.0,8910.0,9130.0,1700,0.0,0.0
2022-11-04 10:00:00+09:00,9130.0,9230.0,9100.0,9130.0,1200,0.0,0.0
2022-11-04 11:00:00+09:00,9170.0,9250.0,9130.0,9250.0,0,0.0,0.0
2022-11-04 12:00:00+09:00,9220.0,9220.0,9220.0,9220.0,3700,0.0,0.0
2022-11-04 13:00:00+09:00,9160.0,9500.0,9140.0,9470.0,5200,0.0,0.0
2022-11-04 14:00:00+09:00,9400.0,9560.0,9370.0,9560.0,5400,0.0,0.0
2022-11-07 09:00:00+09:00,9290.0,9420.0,9060.0,9060.0,7400,0.0,0.0
2022-11-07 10:00:00+09:00,9060.0,9090.0,8950.0,9090.0,3900,0.0,0.0
2022-11-07 11:00:00+09:00,9040.0,9040.0,8930.0,8930.0,0,0.0,0.0
2022-11-07 12:00:00+09:00,8920.0,8990.0,8900.0,8980.0,14800,0.0,0.0
2022-11-07 13:00:00+09:00,9000.0,9070.0,8970.0,9030.0,3100,0.0,0.0
2022-11-07 14:00:00+09:00,9050.0,9060.0,8920.0,8920.0,5600,0.0,0.0
2022-11-08 09:00:00+09:00,8910.0,9060.0,8550.0,8770.0,6300,0.0,0.0
2022-11-08 10:00:00+09:00,8830.0,8900.0,8750.0,8840.0,1400,0.0,0.0
2022-11-08 11:00:00+09:00,8790.0,8930.0,8790.0,8850.0,0,0.0,0.0
2022-11-08 12:00:00+09:00,8990.0,8990.0,8910.0,8950.0,9000,0.0,0.0
2022-11-08 13:00:00+09:00,8990.0,9140.0,8980.0,9140.0,2800,0.0,0.0
2022-11-08 14:00:00+09:00,9080.0,9130.0,9050.0,9100.0,2800,0.0,0.0
2022-11-09 09:00:00+09:00,8900.0,8940.0,8800.0,8940.0,1200,0.0,0.0
2022-11-09 10:00:00+09:00,8910.0,8950.0,8910.0,8940.0,600,0.0,0.0
2022-11-09 11:00:00+09:00,8900.0,8910.0,8850.0,8910.0,0,0.0,0.0
2022-11-09 12:00:00+09:00,8900.0,8930.0,8860.0,8870.0,4300,0.0,0.0
2022-11-09 13:00:00+09:00,8870.0,8870.0,8760.0,8800.0,1700,0.0,0.0
2022-11-09 14:00:00+09:00,8800.0,8840.0,8790.0,8810.0,1700,0.0,0.0
2022-11-10 09:00:00+09:00,8600.0,8640.0,8410.0,8600.0,8900,0.0,0.0
2022-11-10 10:00:00+09:00,8640.0,8660.0,8630.0,8660.0,700,0.0,0.0
2022-11-10 11:00:00+09:00,8650.0,8660.0,8640.0,8640.0,0,0.0,0.0
2022-11-10 12:00:00+09:00,8720.0,8910.0,8680.0,8820.0,14500,0.0,0.0
2022-11-10 13:00:00+09:00,8870.0,8890.0,8800.0,8890.0,1000,0.0,0.0
2022-11-10 14:00:00+09:00,8860.0,8910.0,8780.0,8890.0,2000,0.0,0.0
2022-11-11 09:00:00+09:00,9430.0,9560.0,9210.0,9420.0,12400,0.0,0.0
2022-11-11 10:00:00+09:00,9430.0,9500.0,9230.0,9430.0,700,0.0,0.0
2022-11-11 11:00:00+09:00,9400.0,9400.0,9340.0,9400.0,0,0.0,0.0
2022-11-11 12:00:00+09:00,9420.0,9460.0,9380.0,9410.0,15500,0.0,0.0
2022-11-11 13:00:00+09:00,9410.0,9460.0,9410.0,9460.0,1300,0.0,0.0
2022-11-11 14:00:00+09:00,9450.0,9490.0,9230.0,9410.0,4800,0.0,0.0
2022-11-14 09:00:00+09:00,9430.0,9490.0,8960.0,9250.0,5300,0.0,0.0
2022-11-14 10:00:00+09:00,9290.0,9320.0,9210.0,9220.0,1200,0.0,0.0
2022-11-14 11:00:00+09:00,9200.0,9220.0,9180.0,9220.0,0,0.0,0.0
2022-11-14 12:00:00+09:00,9220.0,9320.0,9220.0,9320.0,8300,0.0,0.0
2022-11-14 13:00:00+09:00,9310.0,9390.0,9260.0,9380.0,2300,0.0,0.0
2022-11-14 14:00:00+09:00,9340.0,9430.0,9290.0,9380.0,3000,0.0,0.0
2022-11-15 09:00:00+09:00,9130.0,9710.0,9130.0,9630.0,4300,0.0,0.0
2022-11-15 10:00:00+09:00,9630.0,9710.0,9540.0,9580.0,2900,0.0,0.0
2022-11-15 11:00:00+09:00,9580.0,9790.0,9580.0,9710.0,0,0.0,0.0
2022-11-15 12:00:00+09:00,9610.0,10090.0,9610.0,9930.0,19300,0.0,0.0
2022-11-15 13:00:00+09:00,9850.0,10000.0,9810.0,9940.0,1900,0.0,0.0
2022-11-15 14:00:00+09:00,10010.0,10190.0,9990.0,10090.0,7200,0.0,0.0
2022-11-16 09:00:00+09:00,10280.0,10480.0,10030.0,10470.0,7900,0.0,0.0
2022-11-16 10:00:00+09:00,10440.0,10440.0,10130.0,10190.0,3400,0.0,0.0
2022-11-16 11:00:00+09:00,10130.0,10170.0,10100.0,10130.0,0,0.0,0.0
2022-11-16 12:00:00+09:00,10080.0,10300.0,10080.0,10200.0,14800,0.0,0.0
2022-11-16 13:00:00+09:00,10080.0,10080.0,9940.0,9960.0,3500,0.0,0.0
2022-11-16 14:00:00+09:00,9940.0,10000.0,9920.0,10000.0,3500,0.0,0.0
2022-11-17 09:00:00+09:00,9850.0,9940.0,9630.0,9900.0,3400,0.0,0.0
2022-11-17 10:00:00+09:00,9900.0,9970.0,9900.0,9920.0,800,0.0,0.0
2022-11-17 11:00:00+09:00,9890.0,9910.0,9860.0,9860.0,0,0.0,0.0
2022-11-17 12:00:00+09:00,9800.0,9900.0,9800.0,9900.0,5300,0.0,0.0
2022-11-17 13:00:00+09:00,9990.0,9990.0,9890.0,9910.0,1300,0.0,0.0
2022-11-17 14:00:00+09:00,10000.0,10070.0,9980.0,9990.0,900,0.0,0.0
2022-11-18 09:00:00+09:00,10050.0,10050.0,9870.0,9970.0,800,0.0,0.0
2022-11-18 10:00:00+09:00,9980.0,9980.0,9980.0,9980.0,200,0.0,0.0
2022-11-18 11:00:00+09:00,9980.0,9980.0,9980.0,9980.0,0,0.0,0.0
2022-11-18 12:00:00+09:00,9870.0,9870.0,9870.0,9870.0,1200,0.0,0.0
2022-11-18 13:00:00+09:00,9820.0,9820.0,9750.0,9750.0,1000,0.0,0.0
2022-11-18 14:00:00+09:00,9730.0,9730.0,9630.0,9630.0,2200,0.0,0.0
2022-11-21 09:00:00+09:00,9720.0,9810.0,9600.0,9790.0,1700,0.0,0.0
2022-11-21 10:00:00+09:00,9720.0,9750.0,9710.0,9710.0,500,0.0,0.0
2022-11-21 11:00:00+09:00,9710.0,9710.0,9690.0,9690.0,0,0.0,0.0
2022-11-21 12:00:00+09:00,9670.0,9810.0,9670.0,9700.0,3400,0.0,0.0
2022-11-21 13:00:00+09:00,9790.0,9810.0,9740.0,9770.0,1600,0.0,0.0
2022-11-21 14:00:00+09:00,9760.0,9860.0,9710.0,9860.0,3300,0.0,0.0
2022-11-22 09:00:00+09:00,9880.0,9880.0,9780.0,9780.0,0,0.0,0.0
2022-11-22 10:00:00+09:00,9760.0,9760.0,9660.0,9660.0,1800,0.0,0.0
2022-11-22 11:00:00+09:00,9650.0,9650.0,9630.0,9640.0,0,0.0,0.0
2022-11-22 13:00:00+09:00,9740.0,9780.0,9740.0,9780.0,2300,0.0,0.0
2022-11-22 14:00:00+09:00,9750.0,9830.0,9710.0,9820.0,1600,0.0,0.0
2022-11-24 09:00:00+09:00,9780.0,9780.0,9660.0,9770.0,1600,0.0,0.0
2022-11-24 10:00:00+09:00,9820.0,10000.0,9820.0,9990.0,2600,0.0,0.0
2022-11-24 11:00:00+09:00,9980.0,9990.0,9960.0,9960.0,0,0.0,0.0
2022-11-24 12:00:00+09:00,9990.0,10030.0,9960.0,10030.0,5600,0.0,0.0
2022-11-24 13:00:00+09:00,9990.0,10050.0,9990.0,10050.0,300,0.0,0.0
2022-11-24 14:00:00+09:00,10020.0,10030.0,9770.0,10010.0,2600,0.0,0.0
2022-11-25 09:00:00+09:00,9920.0,10000.0,9920.0,9930.0,700,0.0,0.0
2022-11-25 10:00:00+09:00,10020.0,10020.0,9950.0,9950.0,300,0.0,0.0
2022-11-25 11:00:00+09:00,9960.0,10000.0,9930.0,9950.0,0,0.0,0.0
2022-11-25 12:00:00+09:00,10020.0,10020.0,9890.0,9960.0,2200,0.0,0.0
2022-11-25 13:00:00+09:00,9880.0,9900.0,9870.0,9870.0,300,0.0,0.0
2022-11-25 14:00:00+09:00,9960.0,9960.0,9730.0,9760.0,4600,0.0,0.0
2022-11-28 09:00:00+09:00,9760.0,9760.0,9680.0,9680.0,300,0.0,0.0
2022-11-28 10:00:00+09:00,9720.0,9770.0,9650.0,9770.0,2300,0.0,0.0
2022-11-28 11:00:00+09:00,9660.0,9660.0,9620.0,9620.0,0,0.0,0.0
2022-11-28 12:00:00+09:00,9610.0,9710.0,9610.0,9710.0,3300,0.0,0.0
2022-11-28 13:00:00+09:00,9660.0,9720.0,9630.0,9640.0,1300,0.0,0.0
2022-11-28 14:00:00+09:00,9680.0,9680.0,9600.0,9670.0,2400,0.0,0.0
2022-11-29 09:00:00+09:00,9610.0,9630.0,9390.0,9600.0,0,0.0,0.0
2022-11-29 10:00:00+09:00,9680.0,9720.0,9670.0,9720.0,4100,0.0,0.0
2022-11-29 11:00:00+09:00,9640.0,9900.0,9640.0,9880.0,0,0.0,0.0
2022-11-29 12:00:00+09:00,9960.0,9960.0,9850.0,9870.0,7300,0.0,0.0
2022-11-29 13:00:00+09:00,9900.0,9940.0,9860.0,9940.0,1000,0.0,0.0
2022-11-29 14:00:00+09:00,9930.0,10090.0,9920.0,10070.0,5700,0.0,0.0
2022-11-30 09:00:00+09:00,9970.0,9970.0,9790.0,9790.0,300,0.0,0.0
2022-11-30 11:00:00+09:00,9840.0,9880.0,9830.0,9850.0,0,0.0,0.0
2022-11-30 12:00:00+09:00,9850.0,9850.0,9720.0,9800.0,3300,0.0,0.0
2022-11-30 13:00:00+09:00,9740.0,9770.0,9700.0,9750.0,2700,0.0,0.0
2022-11-30 14:00:00+09:00,9750.0,9860.0,9730.0,9800.0,2100,0.0,0.0
2022-12-01 09:00:00+09:00,9980.0,9980.0,9810.0,9810.0,2500,0.0,0.0
2022-12-01 10:00:00+09:00,9810.0,9810.0,9740.0,9740.0,1500,0.0,0.0
2022-12-01 11:00:00+09:00,9740.0,9740.0,9740.0,9740.0,0,0.0,0.0
2022-12-01 12:00:00+09:00,9740.0,9740.0,9740.0,9740.0,4400,0.0,0.0
2022-12-01 14:00:00+09:00,9830.0,9860.0,9800.0,9800.0,1900,0.0,0.0
2022-12-02 09:00:00+09:00,9730.0,9730.0,9560.0,9660.0,1600,0.0,0.0
2022-12-02 10:00:00+09:00,9560.0,9560.0,9420.0,9420.0,6300,0.0,0.0
2022-12-02 11:00:00+09:00,9430.0,9510.0,9420.0,9510.0,0,0.0,0.0
2022-12-02 12:00:00+09:00,9420.0,9500.0,9420.0,9500.0,9900,0.0,0.0
2022-12-02 13:00:00+09:00,9460.0,9460.0,9460.0,9460.0,200,0.0,0.0
2022-12-02 14:00:00+09:00,9460.0,9470.0,9420.0,9420.0,2200,0.0,0.0
2022-12-05 09:00:00+09:00,9410.0,9840.0,9410.0,9800.0,5100,0.0,0.0
2022-12-05 10:00:00+09:00,9710.0,9800.0,9710.0,9800.0,700,0.0,0.0
2022-12-05 11:00:00+09:00,9760.0,9760.0,9670.0,9690.0,0,0.0,0.0
2022-12-05 12:00:00+09:00,9750.0,9750.0,9500.0,9520.0,7600,0.0,0.0
2022-12-05 13:00:00+09:00,9560.0,9600.0,9510.0,9510.0,500,0.0,0.0
2022-12-05 14:00:00+09:00,9500.0,9680.0,9500.0,9590.0,900,0.0,0.0
2022-12-06 09:00:00+09:00,9500.0,9670.0,9500.0,9620.0,1300,0.0,0.0
2022-12-06 10:00:00+09:00,9620.0,9620.0,9510.0,9540.0,1200,0.0,0.0
2022-12-06 11:00:00+09:00,9510.0,9510.0,9510.0,9510.0,0,0.0,0.0
2022-12-06 12:00:00+09:00,9510.0,9540.0,9500.0,9500.0,4500,0.0,0.0
2022-12-06 14:00:00+09:00,9510.0,9560.0,9510.0,9560.0,500,0.0,0.0
2022-12-07 09:00:00+09:00,9450.0,9510.0,9400.0,9500.0,2700,0.0,0.0
2022-12-07 10:00:00+09:00,9590.0,9700.0,9590.0,9700.0,1100,0.0,0.0
2022-12-07 11:00:00+09:00,9700.0,9700.0,9700.0,9700.0,0,0.0,0.0
2022-12-07 13:00:00+09:00,9550.0,9560.0,9550.0,9550.0,4300,0.0,0.0
2022-12-07 14:00:00+09:00,9550.0,9550.0,9530.0,9530.0,500,0.0,0.0
2022-12-08 09:00:00+09:00,9680.0,9690.0,9590.0,9590.0,1000,0.0,0.0
2022-12-08 10:00:00+09:00,9630.0,9630.0,9600.0,9630.0,400,0.0,0.0
2022-12-08 11:00:00+09:00,9630.0,9630.0,9610.0,9610.0,0,0.0,0.0
2022-12-08 13:00:00+09:00,9570.0,9570.0,9560.0,9560.0,2400,0.0,0.0
2022-12-08 14:00:00+09:00,9520.0,9530.0,9500.0,9530.0,700,0.0,0.0
2022-12-09 09:00:00+09:00,9450.0,9560.0,9450.0,9560.0,500,0.0,0.0
2022-12-09 10:00:00+09:00,9560.0,9610.0,9560.0,9570.0,600,0.0,0.0
2022-12-09 11:00:00+09:00,9610.0,9680.0,9610.0,9680.0,0,0.0,0.0
2022-12-09 12:00:00+09:00,9680.0,9760.0,9680.0,9760.0,3200,0.0,0.0
2022-12-09 14:00:00+09:00,9670.0,9750.0,9640.0,9700.0,800,0.0,0.0
2022-12-12 09:00:00+09:00,9740.0,9740.0,9740.0,9740.0,300,0.0,0.0
2022-12-12 11:00:00+09:00,9620.0,9620.0,9440.0,9440.0,0,0.0,0.0
2022-12-12 12:00:00+09:00,9510.0,9520.0,9510.0,9510.0,2600,0.0,0.0
2022-12-12 13:00:00+09:00,9550.0,9750.0,9550.0,9750.0,1100,0.0,0.0
2022-12-12 14:00:00+09:00,9670.0,9670.0,9590.0,9590.0,200,0.0,0.0
2022-12-13 09:00:00+09:00,9560.0,9680.0,9560.0,9660.0,1300,0.0,0.0
2022-12-13 10:00:00+09:00,9620.0,9620.0,9600.0,9610.0,400,0.0,0.0
2022-12-13 11:00:00+09:00,9670.0,9740.0,9600.0,9600.0,0,0.0,0.0
2022-12-13 12:00:00+09:00,9600.0,9640.0,9600.0,9640.0,2800,0.0,0.0
2022-12-13 14:00:00+09:00,9640.0,9650.0,9590.0,9590.0,300,0.0,0.0
2022-12-14 09:00:00+09:00,9570.0,9670.0,9520.0,9630.0,700,0.0,0.0
2022-12-14 10:00:00+09:00,9630.0,9630.0,9630.0,9630.0,100,0.0,0.0
2022-12-14 11:00:00+09:00,9680.0,9680.0,9600.0,9600.0,0,0.0,0.0
2022-12-14 12:00:00+09:00,9590.0,9590.0,9590.0,9590.0,1300,0.0,0.0
2022-12-14 13:00:00+09:00,9540.0,9540.0,9540.0,9540.0,100,0.0,0.0
2022-12-14 14:00:00+09:00,9540.0,9570.0,9540.0,9570.0,400,0.0,0.0
2022-12-15 09:00:00+09:00,9570.0,9570.0,9570.0,9570.0,200,0.0,0.0
2022-12-15 10:00:00+09:00,9480.0,9670.0,9480.0,9620.0,2000,0.0,0.0
2022-12-15 11:00:00+09:00,9610.0,9790.0,9610.0,9640.0,0,0.0,0.0
2022-12-15 12:00:00+09:00,9560.0,9790.0,9560.0,9620.0,4000,0.0,0.0
2022-12-15 13:00:00+09:00,9650.0,9720.0,9560.0,9650.0,0,0.0,0.0
2022-12-15 14:00:00+09:00,9690.0,9690.0,9590.0,9590.0,5400,0.0,0.0
2022-12-16 09:00:00+09:00,9480.0,9630.0,9480.0,9610.0,1400,0.0,0.0
2022-12-16 10:00:00+09:00,9610.0,9760.0,9610.0,9760.0,1400,0.0,0.0
2022-12-16 11:00:00+09:00,9750.0,9750.0,9750.0,9750.0,0,0.0,0.0
2022-12-16 12:00:00+09:00,9700.0,9740.0,9700.0,9720.0,3700,0.0,0.0
2022-12-16 13:00:00+09:00,9690.0,9700.0,9620.0,9640.0,2900,0.0,0.0
2022-12-16 14:00:00+09:00,9640.0,9650.0,9600.0,9610.0,1100,0.0,0.0
2022-12-19 09:00:00+09:00,9650.0,9650.0,9430.0,9500.0,1000,0.0,0.0
2022-12-19 10:00:00+09:00,9600.0,9600.0,9600.0,9600.0,500,0.0,0.0
2022-12-19 11:00:00+09:00,9600.0,9600.0,9600.0,9600.0,0,0.0,0.0
2022-12-19 13:00:00+09:00,9540.0,9550.0,9540.0,9550.0,1700,0.0,0.0
2022-12-19 14:00:00+09:00,9520.0,9550.0,9470.0,9510.0,3100,0.0,0.0
2022-12-20 09:00:00+09:00,9610.0,9760.0,9530.0,9760.0,2900,0.0,0.0
2022-12-20 10:00:00+09:00,9780.0,9840.0,9770.0,9770.0,2100,0.0,0.0
2022-12-20 11:00:00+09:00,9710.0,9710.0,9710.0,9710.0,0,0.0,0.0
2022-12-20 12:00:00+09:00,9600.0,9600.0,9400.0,9400.0,8400,0.0,0.0
2022-12-20 13:00:00+09:00,9370.0,9460.0,9220.0,9350.0,1800,0.0,0.0
2022-12-20 14:00:00+09:00,9340.0,9420.0,9280.0,9420.0,1800,0.0,0.0
2022-12-21 09:00:00+09:00,9310.0,9460.0,9310.0,9460.0,800,0.0,0.0
2022-12-21 10:00:00+09:00,9470.0,9490.0,9270.0,9270.0,1000,0.0,0.0
2022-12-21 11:00:00+09:00,9320.0,9320.0,9240.0,9240.0,0,0.0,0.0
2022-12-21 12:00:00+09:00,9240.0,9240.0,9060.0,9140.0,3000,0.0,0.0
2022-12-21 13:00:00+09:00,9150.0,9150.0,8880.0,8970.0,0,0.0,0.0
2022-12-21 14:00:00+09:00,8980.0,9100.0,8900.0,9020.0,10800,0.0,0.0
2022-12-22 09:00:00+09:00,9060.0,9180.0,9050.0,9050.0,1000,0.0,0.0
2022-12-22 10:00:00+09:00,9060.0,9130.0,9040.0,9110.0,1000,0.0,0.0
2022-12-22 11:00:00+09:00,9190.0,9190.0,9120.0,9120.0,0,0.0,0.0
2022-12-22 13:00:00+09:00,9000.0,9100.0,8970.0,9070.0,3900,0.0,0.0
2022-12-22 14:00:00+09:00,9030.0,9080.0,8930.0,8940.0,3700,0.0,0.0
2022-12-23 09:00:00+09:00,8870.0,8870.0,8630.0,8680.0,2400,0.0,0.0
2022-12-23 10:00:00+09:00,8890.0,8890.0,8530.0,8640.0,2800,0.0,0.0
2022-12-23 11:00:00+09:00,8650.0,8650.0,8500.0,8550.0,0,0.0,0.0
2022-12-23 12:00:00+09:00,8600.0,8600.0,8600.0,8600.0,7500,0.0,0.0
2022-12-23 13:00:00+09:00,8750.0,8760.0,8700.0,8730.0,500,0.0,0.0
2022-12-23 14:00:00+09:00,8730.0,8770.0,8600.0,8660.0,2700,0.0,0.0
2022-12-26 09:00:00+09:00,8650.0,8670.0,8520.0,8520.0,1000,0.0,0.0
2022-12-26 11:00:00+09:00,8520.0,8520.0,8520.0,8520.0,0,0.0,0.0
2022-12-26 12:00:00+09:00,8590.0,8590.0,8590.0,8590.0,1100,0.0,0.0
2022-12-26 13:00:00+09:00,8520.0,8520.0,8500.0,8500.0,200,0.0,0.0
2022-12-26 14:00:00+09:00,8500.0,8500.0,8420.0,8420.0,800,0.0,0.0
2022-12-27 09:00:00+09:00,8430.0,8550.0,8400.0,8400.0,1400,0.0,0.0
2022-12-27 10:00:00+09:00,8470.0,8500.0,8470.0,8500.0,300,0.0,0.0
2022-12-27 11:00:00+09:00,8500.0,8570.0,8500.0,8570.0,0,0.0,0.0
2022-12-27 13:00:00+09:00,8450.0,8450.0,8400.0,8400.0,3200,0.0,0.0
2022-12-27 14:00:00+09:00,8400.0,8430.0,8350.0,8350.0,1300,0.0,0.0
2022-12-28 09:00:00+09:00,8310.0,8410.0,8040.0,8050.0,2200,0.0,0.0
2022-12-28 10:00:00+09:00,8110.0,8110.0,8110.0,8110.0,0,0.0,0.0
2022-12-28 11:00:00+09:00,8130.0,8140.0,8130.0,8140.0,0,0.0,0.0
2022-12-28 12:00:00+09:00,8120.0,8120.0,8090.0,8090.0,3200,0.0,0.0
2022-12-28 13:00:00+09:00,8030.0,8090.0,8000.0,8000.0,900,0.0,0.0
2022-12-28 14:00:00+09:00,7970.0,8060.0,7970.0,8000.0,1800,0.0,0.0
2022-12-29 09:00:00+09:00,7990.0,7990.0,7970.0,7970.0,200,0.0,0.0
2022-12-29 10:00:00+09:00,7980.0,8020.0,7980.0,7990.0,600,0.0,0.0
2022-12-29 11:00:00+09:00,7990.0,7990.0,7990.0,7990.0,0,0.0,0.0
2022-12-29 12:00:00+09:00,8000.0,8290.0,8000.0,8290.0,2500,0.0,0.0
2022-12-29 13:00:00+09:00,8440.0,8440.0,8140.0,8410.0,600,0.0,0.0
2022-12-29 14:00:00+09:00,8180.0,8340.0,8180.0,8320.0,600,0.0,0.0
2022-12-30 09:00:00+09:00,8420.0,8420.0,8270.0,8280.0,500,0.0,0.0
2022-12-30 10:00:00+09:00,8380.0,8380.0,8220.0,8220.0,1000,0.0,0.0
2022-12-30 11:00:00+09:00,8300.0,8300.0,8300.0,8300.0,0,0.0,0.0
2022-12-30 12:00:00+09:00,8360.0,8360.0,8360.0,8360.0,1700,0.0,0.0
2022-12-30 13:00:00+09:00,8340.0,8600.0,8340.0,8570.0,4000,0.0,0.0
2022-12-30 14:00:00+09:00,8630.0,8780.0,8610.0,8660.0,4200,0.0,0.0
2023-01-04 09:00:00+09:00,8750.0,8750.0,8600.0,8600.0,400,0.0,0.0
2023-01-04 11:00:00+09:00,8600.0,8600.0,8600.0,8600.0,0,0.0,0.0
2023-01-04 12:00:00+09:00,8500.0,8510.0,8400.0,8510.0,1100,0.0,0.0
2023-01-04 14:00:00+09:00,8400.0,8470.0,8330.0,8330.0,600,0.0,0.0
2023-01-05 09:00:00+09:00,8740.0,8740.0,8590.0,8590.0,600,0.0,0.0
2023-01-05 10:00:00+09:00,8470.0,8680.0,8470.0,8510.0,700,0.0,0.0
2023-01-05 11:00:00+09:00,8500.0,8610.0,8470.0,8610.0,0,0.0,0.0
2023-01-05 12:00:00+09:00,8470.0,8470.0,8470.0,8470.0,1900,0.0,0.0
2023-01-05 14:00:00+09:00,8500.0,8520.0,8490.0,8490.0,900,0.0,0.0
2023-01-06 09:00:00+09:00,8560.0,8560.0,8560.0,8560.0,100,0.0,0.0
2023-01-06 10:00:00+09:00,8500.0,8500.0,8500.0,8500.0,200,0.0,0.0
2023-01-06 11:00:00+09:00,8500.0,8500.0,8500.0,8500.0,0,0.0,0.0
2023-01-06 12:00:00+09:00,8500.0,8500.0,8500.0,8500.0,500,0.0,0.0
2023-01-06 14:00:00+09:00,8450.0,8450.0,8450.0,8450.0,100,0.0,0.0
2023-01-10 09:00:00+09:00,8670.0,8670.0,8670.0,8670.0,300,0.0,0.0
2023-01-10 10:00:00+09:00,8620.0,8620.0,8620.0,8620.0,100,0.0,0.0
2023-01-10 11:00:00+09:00,8620.0,8620.0,8620.0,8620.0,0,0.0,0.0
2023-01-10 12:00:00+09:00,8530.0,8580.0,8450.0,8580.0,800,0.0,0.0
2023-01-10 13:00:00+09:00,8480.0,8560.0,8470.0,8470.0,0,0.0,0.0
2023-01-10 14:00:00+09:00,8560.0,8790.0,8530.0,8780.0,5600,0.0,0.0
2023-01-11 09:00:00+09:00,8630.0,8840.0,8630.0,8840.0,600,0.0,0.0
2023-01-11 11:00:00+09:00,8840.0,8930.0,8840.0,8930.0,0,0.0,0.0
2023-01-11 13:00:00+09:00,8780.0,8870.0,8780.0,8870.0,1800,0.0,0.0
2023-01-11 14:00:00+09:00,8790.0,8850.0,8620.0,8620.0,2100,0.0,0.0
2023-01-12 09:00:00+09:00,8790.0,8790.0,8670.0,8670.0,800,0.0,0.0
2023-01-12 10:00:00+09:00,8700.0,8700.0,8700.0,8700.0,100,0.0,0.0
2023-01-12 11:00:00+09:00,8700.0,8700.0,8700.0,8700.0,0,0.0,0.0
2023-01-12 12:00:00+09:00,8790.0,8790.0,8790.0,8790.0,1100,0.0,0.0
2023-01-12 14:00:00+09:00,8770.0,9090.0,8770.0,9000.0,5200,0.0,0.0
2023-01-13 09:00:00+09:00,8780.0,8970.0,8780.0,8970.0,800,0.0,0.0
2023-01-13 10:00:00+09:00,8860.0,8960.0,8750.0,8820.0,1200,0.0,0.0
2023-01-13 11:00:00+09:00,8820.0,8820.0,8820.0,8820.0,0,0.0,0.0
2023-01-13 12:00:00+09:00,8820.0,8820.0,8820.0,8820.0,2100,0.0,0.0
2023-01-13 13:00:00+09:00,8820.0,8820.0,8710.0,8710.0,800,0.0,0.0
2023-01-13 14:00:00+09:00,8790.0,8970.0,8790.0,8910.0,2200,0.0,0.0
2023-01-16 09:00:00+09:00,8730.0,8800.0,8660.0,8680.0,800,0.0,0.0
2023-01-16 10:00:00+09:00,8700.0,8800.0,8650.0,8680.0,2100,0.0,0.0
2023-01-16 11:00:00+09:00,8660.0,8660.0,8410.0,8480.0,0,0.0,0.0
2023-01-16 12:00:00+09:00,8630.0,8630.0,8500.0,8500.0,5300,0.0,0.0
2023-01-16 13:00:00+09:00,8540.0,8600.0,8540.0,8600.0,400,0.0,0.0
2023-01-16 14:00:00+09:00,8590.0,8670.0,8570.0,8600.0,1500,0.0,0.0
2023-01-17 09:00:00+09:00,8600.0,8690.0,8600.0,8620.0,800,0.0,0.0
2023-01-17 10:00:00+09:00,8600.0,8670.0,8600.0,8630.0,300,0.0,0.0
2023-01-17 11:00:00+09:00,8590.0,8590.0,8560.0,8560.0,0,0.0,0.0
2023-01-17 12:00:00+09:00,8560.0,8560.0,8540.0,8550.0,2100,0.0,0.0
2023-01-17 13:00:00+09:00,8600.0,8600.0,8600.0,8600.0,400,0.0,0.0
2023-01-17 14:00:00+09:00,8560.0,8570.0,8520.0,8560.0,1600,0.0,0.0
2023-01-18 09:00:00+09:00,8470.0,8480.0,8450.0,8450.0,300,0.0,0.0
2023-01-18 10:00:00+09:00,8480.0,8570.0,8480.0,8520.0,800,0.0,0.0
2023-01-18 11:00:00+09:00,8550.0,8550.0,8510.0,8510.0,0,0.0,0.0
2023-01-18 12:00:00+09:00,8560.0,8730.0,8560.0,8570.0,2400,0.0,0.0
2023-01-18 13:00:00+09:00,8630.0,8660.0,8630.0,8640.0,700,0.0,0.0
2023-01-18 14:00:00+09:00,8650.0,8660.0,8590.0,8590.0,1200,0.0,0.0
2023-01-19 09:00:00+09:00,8570.0,8570.0,8570.0,8570.0,400,0.0,0.0
2023-01-19 10:00:00+09:00,8570.0,8650.0,8570.0,8650.0,700,0.0,0.0
2023-01-19 11:00:00+09:00,8650.0,8650.0,8650.0,8650.0,0,0.0,0.0
2023-01-19 12:00:00+09:00,8590.0,8600.0,8560.0,8560.0,1400,0.0,0.0
2023-01-19 13:00:00+09:00,8570.0,8570.0,8570.0,8570.0,100,0.0,0.0
2023-01-19 14:00:00+09:00,8540.0,8570.0,8540.0,8570.0,800,0.0,0.0
2023-01-20 09:00:00+09:00,8570.0,8570.0,8450.0,8450.0,500,0.0,0.0
2023-01-20 10:00:00+09:00,8500.0,8510.0,8480.0,8510.0,800,0.0,0.0
2023-01-20 11:00:00+09:00,8510.0,8510.0,8510.0,8510.0,0,0.0,0.0
2023-01-20 12:00:00+09:00,8520.0,8520.0,8520.0,8520.0,1500,0.0,0.0
2023-01-20 13:00:00+09:00,8520.0,8520.0,8450.0,8470.0,900,0.0,0.0
2023-01-20 14:00:00+09:00,8480.0,8530.0,8470.0,8500.0,1800,0.0,0.0
2023-01-23 09:00:00+09:00,8490.0,8590.0,8490.0,8560.0,1400,0.0,0.0
2023-01-23 10:00:00+09:00,8580.0,8580.0,8510.0,8510.0,1100,0.0,0.0
2023-01-23 11:00:00+09:00,8510.0,8510.0,8510.0,8510.0,0,0.0,0.0
2023-01-23 12:00:00+09:00,8550.0,8570.0,8500.0,8500.0,2800,0.0,0.0
2023-01-23 13:00:00+09:00,8530.0,8560.0,8530.0,8560.0,200,0.0,0.0
2023-01-23 14:00:00+09:00,8560.0,8640.0,8560.0,8630.0,2900,0.0,0.0
2023-01-24 09:00:00+09:00,8680.0,8750.0,8680.0,8750.0,500,0.0,0.0
2023-01-24 10:00:00+09:00,8750.0,8780.0,8700.0,8780.0,800,0.0,0.0
2023-01-24 11:00:00+09:00,8790.0,8860.0,8790.0,8800.0,0,0.0,0.0
2023-01-24 12:00:00+09:00,8800.0,8850.0,8780.0,8780.0,2900,0.0,0.0
2023-01-24 13:00:00+09:00,8800.0,8820.0,8760.0,8790.0,1000,0.0,0.0
2023-01-24 14:00:00+09:00,8780.0,8810.0,8770.0,8810.0,1300,0.0,0.0
2023-01-25 09:00:00+09:00,8690.0,8740.0,8690.0,8730.0,400,0.0,0.0
2023-01-25 10:00:00+09:00,8750.0,8860.0,8750.0,8860.0,500,0.0,0.0
2023-01-25 11:00:00+09:00,8860.0,8860.0,8860.0,8860.0,0,0.0,0.0
2023-01-25 12:00:00+09:00,8860.0,8860.0,8830.0,8850.0,1400,0.0,0.0
2023-01-25 13:00:00+09:00,8860.0,8860.0,8850.0,8850.0,200,0.0,0.0
2023-01-25 14:00:00+09:00,8800.0,8800.0,8760.0,8780.0,1300,0.0,0.0
2023-01-26 09:00:00+09:00,8680.0,8730.0,8450.0,8500.0,2200,0.0,0.0
2023-01-26 10:00:00+09:00,8550.0,8610.0,8490.0,8530.0,1400,0.0,0.0
2023-01-26 11:00:00+09:00,8500.0,8500.0,8470.0,8470.0,0,0.0,0.0
2023-01-26 12:00:00+09:00,8470.0,8470.0,8450.0,8470.0,5400,0.0,0.0
2023-01-26 13:00:00+09:00,8460.0,8490.0,8370.0,8420.0,3400,0.0,0.0
2023-01-26 14:00:00+09:00,8440.0,8500.0,8440.0,8450.0,3400,0.0,0.0
2023-01-27 09:00:00+09:00,8530.0,8530.0,8510.0,8510.0,300,0.0,0.0
2023-01-27 10:00:00+09:00,8520.0,8570.0,8520.0,8520.0,600,0.0,0.0
2023-01-27 11:00:00+09:00,8520.0,8520.0,8450.0,8450.0,0,0.0,0.0
2023-01-27 12:00:00+09:00,8490.0,8490.0,8450.0,8450.0,2600,0.0,0.0
2023-01-27 14:00:00+09:00,8460.0,8540.0,8460.0,8510.0,1200,0.0,0.0
2023-01-30 09:00:00+09:00,8500.0,8580.0,8480.0,8520.0,2100,0.0,0.0
2023-01-30 10:00:00+09:00,8530.0,8540.0,8510.0,8510.0,800,0.0,0.0
2023-01-30 11:00:00+09:00,8550.0,8570.0,8550.0,8570.0,0,0.0,0.0
2023-01-30 12:00:00+09:00,8560.0,8560.0,8550.0,8550.0,3600,0.0,0.0
2023-01-30 13:00:00+09:00,8580.0,8580.0,8570.0,8570.0,1300,0.0,0.0
2023-01-30 14:00:00+09:00,8560.0,8610.0,8560.0,8600.0,900,0.0,0.0
2023-01-31 09:00:00+09:00,8610.0,8790.0,8610.0,8700.0,1100,0.0,0.0
2023-01-31 10:00:00+09:00,8740.0,8830.0,8740.0,8830.0,1900,0.0,0.0
2023-01-31 11:00:00+09:00,8830.0,8830.0,8830.0,8830.0,0,0.0,0.0
2023-01-31 12:00:00+09:00,8850.0,8900.0,8810.0,8860.0,3600,0.0,0.0
2023-01-31 13:00:00+09:00,8920.0,8940.0,8900.0,8930.0,1500,0.0,0.0
2023-01-31 14:00:00+09:00,8940.0,8950.0,8850.0,8850.0,2900,0.0,0.0
2023-02-01 09:00:00+09:00,8960.0,9000.0,8960.0,8990.0,800,0.0,0.0
2023-02-01 10:00:00+09:00,8990.0,9000.0,8990.0,9000.0,300,0.0,0.0
2023-02-01 11:00:00+09:00,8980.0,8980.0,8830.0,8830.0,0,0.0,0.0
2023-02-01 12:00:00+09:00,8810.0,8900.0,8810.0,8900.0,2800,0.0,0.0
2023-02-01 13:00:00+09:00,8900.0,8920.0,8860.0,8920.0,800,0.0,0.0
2023-02-01 14:00:00+09:00,8880.0,8980.0,8880.0,8980.0,1600,0.0,0.0
2023-02-02 09:00:00+09:00,9050.0,9170.0,8970.0,9100.0,0,0.0,0.0
2023-02-02 10:00:00+09:00,9100.0,9100.0,9100.0,9100.0,2900,0.0,0.0
2023-02-02 11:00:00+09:00,9060.0,9060.0,8970.0,8970.0,0,0.0,0.0
2023-02-02 12:00:00+09:00,8870.0,8870.0,8840.0,8840.0,3400,0.0,0.0
2023-02-02 13:00:00+09:00,8880.0,9070.0,8880.0,9070.0,1100,0.0,0.0
2023-02-02 14:00:00+09:00,8920.0,8970.0,8890.0,8890.0,600,0.0,0.0
2023-02-03 09:00:00+09:00,9000.0,9000.0,9000.0,9000.0,100,0.0,0.0
2023-02-03 11:00:00+09:00,9000.0,9000.0,9000.0,9000.0,0,0.0,0.0
2023-02-03 12:00:00+09:00,9000.0,9000.0,9000.0,9000.0,200,0.0,0.0
2023-02-03 13:00:00+09:00,8890.0,8890.0,8840.0,8870.0,1200,0.0,0.0
2023-02-03 14:00:00+09:00,8860.0,8860.0,8750.0,8780.0,1000,0.0,0.0
2023-02-06 09:00:00+09:00,8670.0,8800.0,8610.0,8650.0,2200,0.0,0.0
2023-02-06 10:00:00+09:00,8660.0,8660.0,8640.0,8640.0,500,0.0,0.0
2023-02-06 11:00:00+09:00,8690.0,8690.0,8690.0,8690.0,0,0.0,0.0
2023-02-06 12:00:00+09:00,8690.0,8690.0,8660.0,8660.0,3000,0.0,0.0
2023-02-06 13:00:00+09:00,8640.0,8700.0,8500.0,8700.0,2500,0.0,0.0
2023-02-06 14:00:00+09:00,8580.0,8780.0,8580.0,8760.0,900,0.0,0.0
2023-02-07 09:00:00+09:00,8760.0,8770.0,8650.0,8760.0,500,0.0,0.0
2023-02-07 10:00:00+09:00,8680.0,8790.0,8610.0,8680.0,1600,0.0,0.0
2023-02-07 11:00:00+09:00,8690.0,8690.0,8690.0,8690.0,0,0.0,0.0
2023-02-07 12:00:00+09:00,8730.0,8730.0,8730.0,8730.0,2500,0.0,0.0
2023-02-07 13:00:00+09:00,8670.0,8670.0,8670.0,8670.0,100,0.0,0.0
2023-02-07 14:00:00+09:00,8690.0,8770.0,8690.0,8740.0,600,0.0,0.0
2023-02-08 11:00:00+09:00,8730.0,8730.0,8700.0,8700.0,300,0.0,0.0
2023-02-08 12:00:00+09:00,8850.0,8850.0,8800.0,8800.0,1400,0.0,0.0
2023-02-08 13:00:00+09:00,8770.0,8850.0,8770.0,8850.0,200,0.0,0.0
2023-02-08 14:00:00+09:00,8860.0,8910.0,8800.0,8910.0,700,0.0,0.0
2023-02-09 09:00:00+09:00,8940.0,8940.0,8760.0,8760.0,300,0.0,0.0
2023-02-09 10:00:00+09:00,8900.0,8900.0,8860.0,8860.0,500,0.0,0.0
2023-02-09 11:00:00+09:00,8860.0,8860.0,8860.0,8860.0,0,0.0,0.0
2023-02-09 14:00:00+09:00,8870.0,8870.0,8860.0,8860.0,1000,0.0,0.0
2023-02-10 09:00:00+09:00,8900.0,8930.0,8860.0,8860.0,300,0.0,0.0
2023-02-10 10:00:00+09:00,8830.0,9000.0,8830.0,8910.0,1200,0.0,0.0
2023-02-10 11:00:00+09:00,8910.0,8910.0,8910.0,8910.0,0,0.0,0.0
2023-02-10 12:00:00+09:00,8890.0,8890.0,8880.0,8880.0,1700,0.0,0.0
2023-02-10 13:00:00+09:00,8880.0,8900.0,8880.0,8900.0,200,0.0,0.0
2023-02-10 14:00:00+09:00,8860.0,8860.0,8860.0,8860.0,100,0.0,0.0
2023-02-13 09:00:00+09:00,8860.0,8950.0,8740.0,8900.0,1700,0.0,0.0
2023-02-13 10:00:00+09:00,8880.0,8880.0,8760.0,8800.0,1000,0.0,0.0
2023-02-13 11:00:00+09:00,8800.0,8800.0,8800.0,8800.0,0,0.0,0.0
2023-02-13 13:00:00+09:00,8800.0,8800.0,8760.0,8760.0,3900,0.0,0.0
2023-02-13 14:00:00+09:00,8750.0,8850.0,8740.0,8850.0,1100,0.0,0.0
2023-02-14 09:00:00+09:00,9000.0,9870.0,9000.0,9810.0,21900,0.0,0.0
2023-02-14 10:00:00+09:00,9780.0,9930.0,9710.0,9800.0,4800,0.0,0.0
2023-02-14 11:00:00+09:00,9900.0,9900.0,9900.0,9900.0,0,0.0,0.0
2023-02-14 12:00:00+09:00,9800.0,9900.0,9760.0,9850.0,30700,0.0,0.0
2023-02-14 13:00:00+09:00,9850.0,9870.0,9800.0,9840.0,2900,0.0,0.0
2023-02-14 14:00:00+09:00,9820.0,9890.0,9780.0,9800.0,6500,0.0,0.0
2023-02-15 09:00:00+09:00,9970.0,10100.0,9840.0,9990.0,8000,0.0,0.0
2023-02-15 10:00:00+09:00,9980.0,9980.0,9900.0,9940.0,600,0.0,0.0
2023-02-15 11:00:00+09:00,9900.0,9950.0,9850.0,9950.0,0,0.0,0.0
2023-02-15 12:00:00+09:00,9850.0,9900.0,9850.0,9890.0,12100,0.0,0.0
2023-02-15 13:00:00+09:00,9850.0,9900.0,9830.0,9900.0,1300,0.0,0.0
2023-02-15 14:00:00+09:00,9900.0,9930.0,9540.0,9600.0,0,0.0,0.0
2023-02-16 09:00:00+09:00,9640.0,9640.0,9400.0,9410.0,3400,0.0,0.0
2023-02-16 10:00:00+09:00,9410.0,9470.0,9410.0,9420.0,800,0.0,0.0
2023-02-16 11:00:00+09:00,9420.0,9420.0,9410.0,9410.0,0,0.0,0.0
2023-02-16 12:00:00+09:00,9400.0,9490.0,9400.0,9460.0,6500,0.0,0.0
2023-02-16 13:00:00+09:00,9430.0,9430.0,9270.0,9330.0,4400,0.0,0.0
2023-02-16 14:00:00+09:00,9340.0,9490.0,9330.0,9480.0,3200,0.0,0.0
2023-02-17 09:00:00+09:00,9350.0,9350.0,9200.0,9200.0,0,0.0,0.0
2023-02-17 10:00:00+09:00,9190.0,9200.0,8980.0,9070.0,9000,0.0,0.0
2023-02-17 11:00:00+09:00,9020.0,9140.0,9020.0,9140.0,0,0.0,0.0
2023-02-17 12:00:00+09:00,9140.0,9190.0,9120.0,9120.0,11900,0.0,0.0
2023-02-17 13:00:00+09:00,9130.0,9150.0,8920.0,9020.0,5000,0.0,0.0
2023-02-17 14:00:00+09:00,9000.0,9060.0,8930.0,8990.0,2600,0.0,0.0
2023-02-20 09:00:00+09:00,9040.0,9050.0,8990.0,9050.0,0,0.0,0.0
2023-02-20 10:00:00+09:00,9050.0,9100.0,9050.0,9100.0,1500,0.0,0.0
2023-02-20 11:00:00+09:00,9140.0,9180.0,9100.0,9150.0,0,0.0,0.0
2023-02-20 12:00:00+09:00,9180.0,9180.0,9100.0,9160.0,3200,0.0,0.0
2023-02-20 13:00:00+09:00,9160.0,9180.0,9080.0,9080.0,1300,0.0,0.0
2023-02-20 14:00:00+09:00,9100.0,9220.0,9100.0,9190.0,3000,0.0,0.0
2023-02-21 09:00:00+09:00,9190.0,9210.0,9030.0,9200.0,1000,0.0,0.0
2023-02-21 10:00:00+09:00,9190.0,9190.0,9090.0,9160.0,1100,0.0,0.0
2023-02-21 11:00:00+09:00,9180.0,9180.0,9180.0,9180.0,0,0.0,0.0
2023-02-21 12:00:00+09:00,9190.0,9190.0,9110.0,9190.0,3000,0.0,0.0
2023-02-21 13:00:00+09:00,9150.0,9150.0,9090.0,9130.0,300,0.0,0.0
2023-02-21 14:00:00+09:00,9090.0,9160.0,9040.0,9160.0,2500,0.0,0.0
2023-02-22 09:00:00+09:00,9180.0,9180.0,9030.0,9030.0,1300,0.0,0.0
2023-02-22 10:00:00+09:00,9010.0,9010.0,8910.0,8930.0,2500,0.0,0.0
2023-02-22 11:00:00+09:00,8940.0,8940.0,8930.0,8930.0,0,0.0,0.0
2023-02-22 12:00:00+09:00,8940.0,8960.0,8780.0,8780.0,7700,0.0,0.0
2023-02-22 13:00:00+09:00,8830.0,8910.0,8830.0,8900.0,1400,0.0,0.0
2023-02-22 14:00:00+09:00,8870.0,8970.0,8840.0,8970.0,2200,0.0,0.0
2023-02-24 09:00:00+09:00,9070.0,9110.0,8950.0,8970.0,0,0.0,0.0
2023-02-24 10:00:00+09:00,8960.0,8990.0,8920.0,8990.0,4500,0.0,0.0
2023-02-24 11:00:00+09:00,8950.0,8950.0,8930.0,8930.0,0,0.0,0.0
2023-02-24 12:00:00+09:00,9080.0,9080.0,8940.0,8940.0,6600,0.0,0.0
2023-02-24 13:00:00+09:00,8960.0,8960.0,8820.0,8820.0,1900,0.0,0.0
2023-02-24 14:00:00+09:00,8840.0,8920.0,8800.0,8890.0,1800,0.0,0.0
2023-02-27 09:00:00+09:00,9750.0,9920.0,9610.0,9700.0,27900,0.0,0.0
2023-02-27 10:00:00+09:00,9740.0,9870.0,9660.0,9870.0,4300,0.0,0.0
2023-02-27 11:00:00+09:00,9810.0,10280.0,9810.0,10110.0,0,0.0,0.0
2023-02-27 12:00:00+09:00,10010.0,10060.0,9830.0,9880.0,57300,0.0,0.0
2023-02-27 13:00:00+09:00,9880.0,10000.0,9780.0,9800.0,8000,0.0,0.0
2023-02-27 14:00:00+09:00,9770.0,9940.0,9740.0,9800.0,9000,0.0,0.0
2023-02-28 09:00:00+09:00,9560.0,9650.0,9220.0,9560.0,11500,0.0,0.0
2023-02-28 10:00:00+09:00,9530.0,9550.0,9430.0,9500.0,3900,0.0,0.0
2023-02-28 11:00:00+09:00,9500.0,9500.0,9420.0,9420.0,0,0.0,0.0
2023-02-28 12:00:00+09:00,9420.0,9500.0,9410.0,9440.0,18600,0.0,0.0
2023-02-28 13:00:00+09:00,9410.0,9690.0,9410.0,9690.0,6300,0.0,0.0
2023-02-28 14:00:00+09:00,9690.0,9790.0,9590.0,9640.0,7300,0.0,0.0
2023-03-01 09:00:00+09:00,9700.0,9750.0,9560.0,9690.0,3900,0.0,0.0
2023-03-01 10:00:00+09:00,9610.0,9660.0,9560.0,9620.0,1500,0.0,0.0
2023-03-01 11:00:00+09:00,9620.0,9620.0,9580.0,9580.0,0,0.0,0.0
2023-03-01 12:00:00+09:00,9650.0,9820.0,9650.0,9820.0,11200,0.0,0.0
2023-03-01 13:00:00+09:00,9820.0,9930.0,9820.0,9930.0,3600,0.0,0.0
2023-03-01 14:00:00+09:00,9940.0,9980.0,9850.0,9930.0,5500,0.0,0.0
2023-03-02 09:00:00+09:00,9870.0,9870.0,9800.0,9810.0,1900,0.0,0.0
2023-03-02 10:00:00+09:00,9690.0,9770.0,9680.0,9770.0,700,0.0,0.0
2023-03-02 11:00:00+09:00,9770.0,9800.0,9770.0,9800.0,0,0.0,0.0
2023-03-02 12:00:00+09:00,9820.0,9820.0,9690.0,9690.0,5100,0.0,0.0
2023-03-02 13:00:00+09:00,9740.0,9780.0,9720.0,9780.0,400,0.0,0.0
2023-03-02 14:00:00+09:00,9750.0,9790.0,9700.0,9790.0,2300,0.0,0.0
2023-03-03 09:00:00+09:00,9800.0,9820.0,9660.0,9790.0,2600,0.0,0.0
2023-03-03 10:00:00+09:00,9720.0,9750.0,9670.0,9720.0,1500,0.0,0.0
2023-03-03 11:00:00+09:00,9710.0,9750.0,9710.0,9710.0,0,0.0,0.0
2023-03-03 12:00:00+09:00,9710.0,9720.0,9710.0,9720.0,5500,0.0,0.0
2023-03-03 13:00:00+09:00,9710.0,9720.0,9630.0,9640.0,0,0.0,0.0
2023-03-03 14:00:00+09:00,9640.0,9700.0,9630.0,9700.0,9600,0.0,0.0
2023-03-06 09:00:00+09:00,9700.0,9740.0,9600.0,9740.0,1200,0.0,0.0
2023-03-06 10:00:00+09:00,9700.0,9800.0,9700.0,9800.0,1900,0.0,0.0
2023-03-06 11:00:00+09:00,9770.0,9770.0,9730.0,9750.0,0,0.0,0.0
2023-03-06 12:00:00+09:00,9780.0,9810.0,9780.0,9810.0,4900,0.0,0.0
2023-03-06 13:00:00+09:00,9810.0,9810.0,9720.0,9740.0,800,0.0,0.0
2023-03-06 14:00:00+09:00,9780.0,9780.0,9720.0,9740.0,1600,0.0,0.0
2023-03-07 09:00:00+09:00,9710.0,9790.0,9700.0,9700.0,1000,0.0,0.0
2023-03-07 10:00:00+09:00,9750.0,9780.0,9560.0,9690.0,3700,0.0,0.0
2023-03-07 11:00:00+09:00,9660.0,9680.0,9650.0,9680.0,0,0.0,0.0
2023-03-07 12:00:00+09:00,9680.0,9710.0,9650.0,9650.0,0,0.0,0.0
2023-03-07 13:00:00+09:00,9610.0,9630.0,9590.0,9590.0,6800,0.0,0.0
2023-03-07 14:00:00+09:00,9580.0,9640.0,9540.0,9550.0,3000,0.0,0.0
2023-03-08 09:00:00+09:00,9560.0,9710.0,9560.0,9680.0,2400,0.0,0.0
2023-03-08 10:00:00+09:00,9700.0,9780.0,9670.0,9680.0,2700,0.0,0.0
2023-03-08 11:00:00+09:00,9700.0,9700.0,9650.0,9650.0,0,0.0,0.0
2023-03-08 12:00:00+09:00,9650.0,9710.0,9650.0,9680.0,6100,0.0,0.0
2023-03-08 13:00:00+09:00,9700.0,9760.0,9680.0,9760.0,1700,0.0,0.0
2023-03-08 14:00:00+09:00,9780.0,9780.0,9660.0,9660.0,2600,0.0,0.0
2023-03-09 09:00:00+09:00,9610.0,9660.0,9540.0,9570.0,0,0.0,0.0
2023-03-09 10:00:00+09:00,9540.0,9540.0,9430.0,9480.0,6300,0.0,0.0
2023-03-09 11:00:00+09:00,9460.0,9510.0,9450.0,9510.0,0,0.0,0.0
2023-03-09 12:00:00+09:00,9560.0,9560.0,9480.0,9500.0,9000,0.0,0.0
2023-03-09 13:00:00+09:00,9480.0,9560.0,9480.0,9530.0,500,0.0,0.0
2023-03-09 14:00:00+09:00,9500.0,9620.0,9500.0,9590.0,4100,0.0,0.0
2023-03-10 09:00:00+09:00,9600.0,9600.0,9460.0,9550.0,4100,0.0,0.0
2023-03-10 10:00:00+09:00,9530.0,9540.0,9500.0,9500.0,1100,0.0,0.0
2023-03-10 11:00:00+09:00,9500.0,9510.0,9470.0,9510.0,0,0.0,0.0
2023-03-10 12:00:00+09:00,9570.0,9570.0,9490.0,9510.0,6500,0.0,0.0
2023-03-10 13:00:00+09:00,9480.0,9560.0,9480.0,9540.0,600,0.0,0.0
2023-03-10 14:00:00+09:00,9540.0,9590.0,9460.0,9460.0,2100,0.0,0.0
2023-03-13 09:00:00+09:00,9500.0,9500.0,9290.0,9300.0,2300,0.0,0.0
2023-03-13 10:00:00+09:00,9340.0,9340.0,9270.0,9300.0,1000,0.0,0.0
2023-03-13 11:00:00+09:00,9300.0,9320.0,9300.0,9320.0,0,0.0,0.0
2023-03-13 12:00:00+09:00,9310.0,9310.0,9310.0,9310.0,4000,0.0,0.0
2023-03-13 13:00:00+09:00,9320.0,9320.0,9250.0,9280.0,1300,0.0,0.0
2023-03-13 14:00:00+09:00,9290.0,9330.0,9260.0,9270.0,2400,0.0,0.0
2023-03-14 09:00:00+09:00,9200.0,9200.0,8970.0,8970.0,5200,0.0,0.0
2023-03-14 10:00:00+09:00,8990.0,9020.0,8960.0,9000.0,1800,0.0,0.0
2023-03-14 11:00:00+09:00,9020.0,9060.0,9010.0,9010.0,0,0.0,0.0
2023-03-14 12:00:00+09:00,9010.0,9070.0,9000.0,9050.0,8400,0.0,0.0
2023-03-14 13:00:00+09:00,9030.0,9070.0,9030.0,9050.0,700,0.0,0.0
2023-03-14 14:00:00+09:00,9070.0,9070.0,9000.0,9010.0,1100,0.0,0.0
2023-03-15 09:00:00+09:00,9070.0,9100.0,9040.0,9050.0,0,0.0,0.0
2023-03-15 10:00:00+09:00,9020.0,9080.0,8970.0,9030.0,2700,0.0,0.0
2023-03-15 11:00:00+09:00,9030.0,9040.0,9010.0,9010.0,0,0.0,0.0
2023-03-15 12:00:00+09:00,9020.0,9090.0,9020.0,9090.0,3800,0.0,0.0
2023-03-15 13:00:00+09:00,9060.0,9120.0,9040.0,9120.0,800,0.0,0.0
2023-03-15 14:00:00+09:00,9080.0,9120.0,9050.0,9080.0,1400,0.0,0.0
2023-03-16 09:00:00+09:00,9060.0,9160.0,9000.0,9130.0,5000,0.0,0.0
2023-03-16 10:00:00+09:00,9110.0,9110.0,9060.0,9070.0,1000,0.0,0.0
2023-03-16 11:00:00+09:00,9060.0,9140.0,9060.0,9140.0,0,0.0,0.0
2023-03-16 12:00:00+09:00,9180.0,9180.0,9110.0,9110.0,6800,0.0,0.0
2023-03-16 14:00:00+09:00,9140.0,9240.0,9120.0,9220.0,4500,0.0,0.0
2023-03-17 09:00:00+09:00,9240.0,9700.0,9240.0,9700.0,7300,0.0,0.0
2023-03-17 10:00:00+09:00,9680.0,9700.0,9590.0,9590.0,1600,0.0,0.0
2023-03-17 11:00:00+09:00,9590.0,9590.0,9500.0,9500.0,0,0.0,0.0
2023-03-17 12:00:00+09:00,9510.0,9530.0,9510.0,9530.0,10600,0.0,0.0
2023-03-17 13:00:00+09:00,9530.0,9560.0,9530.0,9560.0,200,0.0,0.0
2023-03-17 14:00:00+09:00,9530.0,9550.0,9500.0,9510.0,2800,0.0,0.0
2023-03-20 09:00:00+09:00,9570.0,9570.0,9450.0,9560.0,1300,0.0,0.0
2023-03-20 10:00:00+09:00,9500.0,9530.0,9450.0,9500.0,1800,0.0,0.0
2023-03-20 11:00:00+09:00,9480.0,9510.0,9460.0,9500.0,0,0.0,0.0
2023-03-20 12:00:00+09:00,9500.0,9540.0,9500.0,9540.0,4700,0.0,0.0
2023-03-20 13:00:00+09:00,9510.0,9540.0,9490.0,9530.0,1200,0.0,0.0
2023-03-20 14:00:00+09:00,9540.0,9640.0,9520.0,9620.0,2200,0.0,0.0
2023-03-22 09:00:00+09:00,9660.0,9660.0,9500.0,9560.0,2500,0.0,0.0
2023-03-22 10:00:00+09:00,9590.0,9610.0,9580.0,9580.0,1400,0.0,0.0
2023-03-22 11:00:00+09:00,9560.0,9560.0,9510.0,9530.0,0,0.0,0.0
2023-03-22 12:00:00+09:00,9530.0,9540.0,9530.0,9540.0,4900,0.0,0.0
2023-03-22 13:00:00+09:00,9530.0,9600.0,9530.0,9600.0,300,0.0,0.0
2023-03-22 14:00:00+09:00,9620.0,9620.0,9560.0,9590.0,300,0.0,0.0
2023-03-23 09:00:00+09:00,9610.0,9610.0,9390.0,9530.0,1900,0.0,0.0
2023-03-23 10:00:00+09:00,9490.0,9530.0,9490.0,9530.0,500,0.0,0.0
2023-03-23 11:00:00+09:00,9530.0,9530.0,9510.0,9510.0,0,0.0,0.0
2023-03-23 13:00:00+09:00,9560.0,9570.0,9510.0,9570.0,3600,0.0,0.0
2023-03-23 14:00:00+09:00,9560.0,9580.0,9520.0,9540.0,1300,0.0,0.0
2023-03-24 09:00:00+09:00,9450.0,9450.0,9270.0,9360.0,4900,0.0,0.0
2023-03-24 10:00:00+09:00,9310.0,9310.0,9290.0,9300.0,300,0.0,0.0
2023-03-24 11:00:00+09:00,9340.0,9340.0,9310.0,9310.0,0,0.0,0.0
2023-03-24 12:00:00+09:00,9300.0,9300.0,9270.0,9290.0,6800,0.0,0.0
2023-03-24 13:00:00+09:00,9290.0,9400.0,9290.0,9400.0,1400,0.0,0.0
2023-03-24 14:00:00+09:00,9400.0,9460.0,9340.0,9340.0,4200,0.0,0.0
2023-03-27 09:00:00+09:00,9390.0,9700.0,9380.0,9600.0,4000,0.0,0.0
2023-03-27 10:00:00+09:00,9600.0,9650.0,9600.0,9630.0,2100,0.0,0.0
2023-03-27 11:00:00+09:00,9560.0,9560.0,9560.0,9560.0,0,0.0,0.0
2023-03-27 12:00:00+09:00,9520.0,9700.0,9480.0,9700.0,8300,0.0,0.0
2023-03-27 13:00:00+09:00,9690.0,9690.0,9650.0,9690.0,400,0.0,0.0
2023-03-27 14:00:00+09:00,9630.0,9720.0,9580.0,9580.0,2100,0.0,0.0
2023-03-28 09:00:00+09:00,9620.0,9700.0,9620.0,9640.0,1400,0.0,0.0
2023-03-28 10:00:00+09:00,9670.0,9720.0,9610.0,9700.0,500,0.0,0.0
2023-03-28 11:00:00+09:00,9680.0,9720.0,9630.0,9720.0,0,0.0,0.0
2023-03-28 12:00:00+09:00,9720.0,9760.0,9720.0,9760.0,3000,0.0,0.0
2023-03-28 13:00:00+09:00,9760.0,9770.0,9720.0,9720.0,600,0.0,0.0
2023-03-28 14:00:00+09:00,9760.0,9790.0,9740.0,9790.0,1100,0.0,0.0
2023-03-29 09:00:00+09:00,9690.0,9690.0,9410.0,9410.0,4700,0.0,0.0
2023-03-29 10:00:00+09:00,9420.0,9590.0,9420.0,9590.0,500,0.0,0.0
2023-03-29 11:00:00+09:00,9590.0,9590.0,9590.0,9590.0,0,0.0,0.0
2023-03-29 12:00:00+09:00,9590.0,9610.0,9590.0,9610.0,5700,0.0,0.0
2023-03-29 13:00:00+09:00,9590.0,9590.0,9540.0,9540.0,200,0.0,0.0
2023-03-29 14:00:00+09:00,9590.0,9610.0,9590.0,9590.0,900,0.0,0.0
2023-03-30 09:00:00+09:00,2420.0,2444.0,2410.0,2433.0,8400,0.0,0.0
2023-03-30 10:00:00+09:00,2428.0,2435.0,2416.0,2423.0,2100,0.0,0.0
2023-03-30 11:00:00+09:00,2420.0,2432.0,2418.0,2432.0,0,0.0,0.0
2023-03-30 12:00:00+09:00,2434.0,2435.0,2415.0,2415.0,13500,0.0,0.0
2023-03-30 13:00:00+09:00,2422.0,2425.0,2414.0,2425.0,800,0.0,0.0
2023-03-30 14:00:00+09:00,2426.0,2434.0,2423.0,2431.0,3200,0.0,0.0
2023-03-31 09:00:00+09:00,2416.0,2469.0,2378.0,2392.0,15900,0.0,0.0
2023-03-31 10:00:00+09:00,2388.0,2415.0,2380.0,2404.0,2700,0.0,0.0
2023-03-31 11:00:00+09:00,2404.0,2408.0,2400.0,2405.0,0,0.0,0.0
2023-03-31 12:00:00+09:00,2405.0,2424.0,2400.0,2424.0,22400,0.0,0.0
2023-03-31 13:00:00+09:00,2428.0,2462.0,2423.0,2454.0,7800,0.0,0.0
2023-03-31 14:00:00+09:00,2451.0,2451.0,2432.0,2442.0,4600,0.0,0.0
2023-04-03 09:00:00+09:00,2464.0,2464.0,2385.0,2404.0,20000,0.0,0.0
2023-04-03 10:00:00+09:00,2404.0,2430.0,2383.0,2383.0,3800,0.0,0.0
2023-04-03 11:00:00+09:00,2400.0,2400.0,2390.0,2390.0,0,0.0,0.0
2023-04-03 12:00:00+09:00,2383.0,2392.0,2381.0,2385.0,29000,0.0,0.0
2023-04-03 13:00:00+09:00,2380.0,2389.0,2379.0,2386.0,2700,0.0,0.0
2023-04-03 14:00:00+09:00,2392.0,2397.0,2390.0,2393.0,2500,0.0,0.0
2023-04-04 09:00:00+09:00,2369.0,2387.0,2361.0,2362.0,0,0.0,0.0
2023-04-04 10:00:00+09:00,2363.0,2363.0,2343.0,2360.0,10700,0.0,0.0
2023-04-04 11:00:00+09:00,2356.0,2360.0,2355.0,2356.0,0,0.0,0.0
2023-04-04 12:00:00+09:00,2360.0,2362.0,2360.0,2362.0,13200,0.0,0.0
2023-04-04 13:00:00+09:00,2361.0,2371.0,2360.0,2368.0,1300,0.0,0.0
2023-04-04 14:00:00+09:00,2359.0,2366.0,2354.0,2366.0,1400,0.0,0.0
2023-04-05 09:00:00+09:00,2328.0,2333.0,2312.0,2313.0,5500,0.0,0.0
2023-04-05 10:00:00+09:00,2316.0,2318.0,2291.0,2293.0,4600,0.0,0.0
2023-04-05 11:00:00+09:00,2298.0,2300.0,2293.0,2293.0,0,0.0,0.0
2023-04-05 12:00:00+09:00,2295.0,2298.0,2281.0,2283.0,20500,0.0,0.0
2023-04-05 13:00:00+09:00,2280.0,2287.0,2245.0,2267.0,5300,0.0,0.0
2023-04-05 14:00:00+09:00,2267.0,2306.0,2266.0,2306.0,8000,0.0,0.0
2023-04-06 09:00:00+09:00,2270.0,2274.0,2242.0,2256.0,6000,0.0,0.0
2023-04-06 10:00:00+09:00,2250.0,2268.0,2213.0,2213.0,4600,0.0,0.0
2023-04-06 11:00:00+09:00,2225.0,2239.0,2218.0,2225.0,0,0.0,0.0
2023-04-06 12:00:00+09:00,2226.0,2239.0,2224.0,2234.0,13200,0.0,0.0
2023-04-06 13:00:00+09:00,2224.0,2235.0,2223.0,2235.0,1600,0.0,0.0
2023-04-06 14:00:00+09:00,2231.0,2251.0,2220.0,2251.0,7800,0.0,0.0
2023-04-07 09:00:00+09:00,2231.0,2262.0,2153.0,2175.0,17700,0.0,0.0
2023-04-07 10:00:00+09:00,2178.0,2213.0,2178.0,2211.0,2600,0.0,0.0
2023-04-07 11:00:00+09:00,2212.0,2218.0,2205.0,2218.0,0,0.0,0.0
2023-04-07 12:00:00+09:00,2218.0,2219.0,2204.0,2204.0,23800,0.0,0.0
2023-04-07 13:00:00+09:00,2214.0,2218.0,2202.0,2213.0,2200,0.0,0.0
2023-04-07 14:00:00+09:00,2208.0,2248.0,2208.0,2244.0,10000,0.0,0.0
2023-04-10 09:00:00+09:00,2245.0,2319.0,2245.0,2302.0,10400,0.0,0.0
2023-04-10 10:00:00+09:00,2304.0,2314.0,2300.0,2301.0,2200,0.0,0.0
2023-04-10 11:00:00+09:00,2311.0,2337.0,2311.0,2337.0,0,0.0,0.0
2023-04-10 12:00:00+09:00,2343.0,2343.0,2319.0,2332.0,15800,0.0,0.0
2023-04-10 13:00:00+09:00,2327.0,2361.0,2326.0,2329.0,9500,0.0,0.0
2023-04-10 14:00:00+09:00,2327.0,2345.0,2309.0,2310.0,4800,0.0,0.0
2023-04-11 09:00:00+09:00,2304.0,2352.0,2304.0,2330.0,4400,0.0,0.0
2023-04-11 10:00:00+09:00,2337.0,2340.0,2331.0,2336.0,2700,0.0,0.0
2023-04-11 11:00:00+09:00,2332.0,2332.0,2321.0,2322.0,0,0.0,0.0
2023-04-11 12:00:00+09:00,2332.0,2345.0,2326.0,2344.0,10200,0.0,0.0
2023-04-11 13:00:00+09:00,2346.0,2370.0,2320.0,2332.0,9000,0.0,0.0
2023-04-11 14:00:00+09:00,2335.0,2360.0,2335.0,2341.0,5800,0.0,0.0
2023-04-12 09:00:00+09:00,2340.0,2340.0,2298.0,2310.0,6000,0.0,0.0
2023-04-12 10:00:00+09:00,2309.0,2309.0,2286.0,2295.0,3900,0.0,0.0
2023-04-12 11:00:00+09:00,2295.0,2297.0,2291.0,2294.0,0,0.0,0.0
2023-04-12 12:00:00+09:00,2294.0,2314.0,2293.0,2313.0,12700,0.0,0.0
2023-04-12 13:00:00+09:00,2313.0,2336.0,2313.0,2330.0,4100,0.0,0.0
2023-04-12 14:00:00+09:00,2328.0,2355.0,2326.0,2331.0,7900,0.0,0.0
2023-04-13 09:00:00+09:00,2324.0,2324.0,2285.0,2294.0,7600,0.0,0.0
2023-04-13 10:00:00+09:00,2291.0,2303.0,2287.0,2299.0,2600,0.0,0.0
2023-04-13 11:00:00+09:00,2303.0,2320.0,2301.0,2312.0,0,0.0,0.0
2023-04-13 12:00:00+09:00,2311.0,2311.0,2301.0,2301.0,14600,0.0,0.0
2023-04-13 13:00:00+09:00,2306.0,2315.0,2299.0,2315.0,2900,0.0,0.0
2023-04-13 14:00:00+09:00,2320.0,2345.0,2309.0,2311.0,6000,0.0,0.0
2023-04-14 09:00:00+09:00,2338.0,2338.0,2285.0,2286.0,4100,0.0,0.0
2023-04-14 10:00:00+09:00,2287.0,2290.0,2270.0,2280.0,5700,0.0,0.0
2023-04-14 11:00:00+09:00,2281.0,2281.0,2278.0,2278.0,0,0.0,0.0
2023-04-14 12:00:00+09:00,2278.0,2287.0,2278.0,2287.0,12400,0.0,0.0
2023-04-14 13:00:00+09:00,2288.0,2293.0,2284.0,2288.0,0,0.0,0.0
2023-04-14 14:00:00+09:00,2288.0,2303.0,2285.0,2298.0,21100,0.0,0.0
2023-04-17 09:00:00+09:00,2270.0,2270.0,2207.0,2220.0,15400,0.0,0.0
2023-04-17 10:00:00+09:00,2218.0,2242.0,2218.0,2242.0,2700,0.0,0.0
2023-04-17 11:00:00+09:00,2238.0,2249.0,2236.0,2236.0,0,0.0,0.0
2023-04-17 12:00:00+09:00,2223.0,2230.0,2211.0,2215.0,23400,0.0,0.0
2023-04-17 13:00:00+09:00,2211.0,2256.0,2210.0,2221.0,10600,0.0,0.0
2023-04-17 14:00:00+09:00,2228.0,2248.0,2228.0,2230.0,8600,0.0,0.0
2023-04-18 09:00:00+09:00,2231.0,2241.0,2190.0,2199.0,8400,0.0,0.0
2023-04-18 10:00:00+09:00,2204.0,2213.0,2200.0,2206.0,4400,0.0,0.0
2023-04-18 11:00:00+09:00,2207.0,2210.0,2203.0,2203.0,0,0.0,0.0
2023-04-18 12:00:00+09:00,2201.0,2202.0,2183.0,2189.0,20000,0.0,0.0
2023-04-18 13:00:00+09:00,2188.0,2191.0,2166.0,2169.0,6400,0.0,0.0
2023-04-18 14:00:00+09:00,2171.0,2197.0,2168.0,2185.0,7000,0.0,0.0
2023-04-19 09:00:00+09:00,2178.0,2178.0,2114.0,2131.0,16600,0.0,0.0
2023-04-19 10:00:00+09:00,2130.0,2130.0,2105.0,2105.0,8600,0.0,0.0
2023-04-19 11:00:00+09:00,2105.0,2107.0,2096.0,2096.0,0,0.0,0.0
2023-04-19 12:00:00+09:00,2093.0,2093.0,2070.0,2071.0,39100,0.0,0.0
2023-04-19 13:00:00+09:00,2075.0,2091.0,2067.0,2070.0,16700,0.0,0.0
2023-04-19 14:00:00+09:00,2070.0,2090.0,2070.0,2078.0,12900,0.0,0.0
2023-04-20 09:00:00+09:00,2068.0,2068.0,2033.0,2047.0,11700,0.0,0.0
2023-04-20 10:00:00+09:00,2040.0,2060.0,2040.0,2042.0,4200,0.0,0.0
2023-04-20 11:00:00+09:00,2043.0,2043.0,2034.0,2034.0,0,0.0,0.0
2023-04-20 12:00:00+09:00,2036.0,2056.0,2035.0,2056.0,21600,0.0,0.0
2023-04-20 13:00:00+09:00,2050.0,2050.0,2042.0,2048.0,2100,0.0,0.0
2023-04-20 14:00:00+09:00,2048.0,2057.0,2046.0,2046.0,5100,0.0,0.0
2023-04-21 09:00:00+09:00,2037.0,2037.0,1997.0,2031.0,28300,0.0,0.0
2023-04-21 10:00:00+09:00,2036.0,2044.0,2016.0,2020.0,4100,0.0,0.0
2023-04-21 11:00:00+09:00,2020.0,2026.0,2012.0,2012.0,0,0.0,0.0
2023-04-21 12:00:00+09:00,2012.0,2025.0,2011.0,2016.0,39100,0.0,0.0
2023-04-21 13:00:00+09:00,2012.0,2019.0,2008.0,2016.0,6700,0.0,0.0
2023-04-21 14:00:00+09:00,2013.0,2050.0,2013.0,2045.0,6700,0.0,0.0
2023-04-24 09:00:00+09:00,2028.0,2035.0,2011.0,2035.0,9100,0.0,0.0
2023-04-24 10:00:00+09:00,2034.0,2045.0,2026.0,2034.0,3400,0.0,0.0
2023-04-24 11:00:00+09:00,2034.0,2034.0,2020.0,2021.0,0,0.0,0.0
2023-04-24 12:00:00+09:00,2021.0,2039.0,2020.0,2038.0,18200,0.0,0.0
2023-04-24 13:00:00+09:00,2038.0,2056.0,2029.0,2051.0,5200,0.0,0.0
2023-04-24 14:00:00+09:00,2046.0,2065.0,2038.0,2052.0,15000,0.0,0.0
2023-04-25 09:00:00+09:00,2030.0,2088.0,2030.0,2066.0,0,0.0,0.0
2023-04-25 10:00:00+09:00,2066.0,2073.0,2048.0,2054.0,15900,0.0,0.0
2023-04-25 11:00:00+09:00,2055.0,2058.0,2046.0,2051.0,0,0.0,0.0
2023-04-25 12:00:00+09:00,2046.0,2051.0,2035.0,2037.0,25000,0.0,0.0
2023-04-25 13:00:00+09:00,2034.0,2036.0,2030.0,2032.0,5000,0.0,0.0
2023-04-25 14:00:00+09:00,2032.0,2037.0,2028.0,2036.0,7100,0.0,0.0
2023-04-26 09:00:00+09:00,2022.0,2022.0,1991.0,1997.0,11700,0.0,0.0
2023-04-26 10:00:00+09:00,2001.0,2006.0,1995.0,2001.0,7300,0.0,0.0
2023-04-26 11:00:00+09:00,2000.0,2004.0,2000.0,2003.0,0,0.0,0.0
2023-04-26 12:00:00+09:00,1998.0,1999.0,1958.0,1978.0,38200,0.0,0.0
2023-04-26 13:00:00+09:00,1981.0,1981.0,1956.0,1967.0,14900,0.0,0.0
2023-04-26 14:00:00+09:00,1968.0,1973.0,1956.0,1956.0,17200,0.0,0.0
2023-04-27 09:00:00+09:00,1966.0,1968.0,1958.0,1960.0,3000,0.0,0.0
2023-04-27 10:00:00+09:00,1966.0,1980.0,1961.0,1978.0,4000,0.0,0.0
2023-04-27 11:00:00+09:00,1984.0,1984.0,1975.0,1981.0,0,0.0,0.0
2023-04-27 12:00:00+09:00,1982.0,1983.0,1966.0,1972.0,13500,0.0,0.0
2023-04-27 13:00:00+09:00,1972.0,1995.0,1963.0,1995.0,9800,0.0,0.0
2023-04-27 14:00:00+09:00,1998.0,2003.0,1984.0,1988.0,8900,0.0,0.0
2023-04-28 09:00:00+09:00,1991.0,2015.0,1975.0,1977.0,5500,0.0,0.0
2023-04-28 10:00:00+09:00,1970.0,1978.0,1961.0,1966.0,3400,0.0,0.0
2023-04-28 11:00:00+09:00,1965.0,1970.0,1964.0,1964.0,0,0.0,0.0
2023-04-28 12:00:00+09:00,1964.0,1964.0,1940.0,1947.0,16800,0.0,0.0
2023-04-28 13:00:00+09:00,1941.0,1950.0,1936.0,1948.0,3900,0.0,0.0
2023-04-28 14:00:00+09:00,1950.0,1972.0,1937.0,1965.0,12500,0.0,0.0
2023-05-01 09:00:00+09:00,1989.0,2015.0,1977.0,1984.0,5600,0.0,0.0
2023-05-01 10:00:00+09:00,1972.0,1972.0,1951.0,1951.0,3300,0.0,0.0
2023-05-01 11:00:00+09:00,1950.0,1956.0,1942.0,1945.0,0,0.0,0.0
2023-05-01 12:00:00+09:00,1946.0,1962.0,1945.0,1954.0,14600,0.0,0.0
2023-05-01 13:00:00+09:00,1954.0,1954.0,1938.0,1941.0,2900,0.0,0.0
2023-05-01 14:00:00+09:00,1940.0,1953.0,1936.0,1936.0,7900,0.0,0.0
2023-05-02 09:00:00+09:00,1935.0,1971.0,1933.0,1966.0,0,0.0,0.0
2023-05-02 10:00:00+09:00,1974.0,1999.0,1974.0,1988.0,6200,0.0,0.0
2023-05-02 11:00:00+09:00,1986.0,1990.0,1976.0,1980.0,0,0.0,0.0
2023-05-02 12:00:00+09:00,1989.0,1998.0,1977.0,1985.0,12500,0.0,0.0
2023-05-02 13:00:00+09:00,1986.0,1987.0,1975.0,1975.0,3200,0.0,0.0
2023-05-02 14:00:00+09:00,1976.0,1977.0,1956.0,1970.0,12300,0.0,0.0
2023-05-08 09:00:00+09:00,1972.0,2053.0,1972.0,2008.0,22400,0.0,0.0
2023-05-08 10:00:00+09:00,2004.0,2010.0,1997.0,2005.0,4600,0.0,0.0
2023-05-08 11:00:00+09:00,2015.0,2016.0,2009.0,2016.0,0,0.0,0.0
2023-05-08 12:00:00+09:00,2039.0,2039.0,2008.0,2009.0,39900,0.0,0.0
2023-05-08 13:00:00+09:00,2008.0,2010.0,1991.0,1991.0,5400,0.0,0.0
2023-05-08 14:00:00+09:00,1991.0,2008.0,1988.0,2004.0,11200,0.0,0.0
2023-05-09 09:00:00+09:00,2020.0,2068.0,2003.0,2066.0,11400,0.0,0.0
2023-05-09 10:00:00+09:00,2065.0,2072.0,2042.0,2050.0,5500,0.0,0.0
2023-05-09 11:00:00+09:00,2056.0,2067.0,2054.0,2054.0,0,0.0,0.0
2023-05-09 12:00:00+09:00,2058.0,2071.0,2052.0,2068.0,24900,0.0,0.0
2023-05-09 13:00:00+09:00,2068.0,2070.0,2033.0,2046.0,6300,0.0,0.0
2023-05-09 14:00:00+09:00,2044.0,2046.0,2030.0,2030.0,6900,0.0,0.0
2023-05-10 09:00:00+09:00,2032.0,2086.0,2032.0,2042.0,15800,0.0,0.0
2023-05-10 10:00:00+09:00,2042.0,2055.0,2042.0,2055.0,5100,0.0,0.0
2023-05-10 11:00:00+09:00,2059.0,2063.0,2051.0,2058.0,0,0.0,0.0
2023-05-10 12:00:00+09:00,2032.0,2071.0,2015.0,2026.0,41500,0.0,0.0
2023-05-10 13:00:00+09:00,2024.0,2027.0,2015.0,2023.0,8000,0.0,0.0
2023-05-10 14:00:00+09:00,2024.0,2036.0,2023.0,2027.0,9800,0.0,0.0
2023-05-11 09:00:00+09:00,2030.0,2036.0,1972.0,1976.0,27200,0.0,0.0
2023-05-11 10:00:00+09:00,1975.0,1978.0,1966.0,1975.0,8400,0.0,0.0
2023-05-11 11:00:00+09:00,1976.0,1981.0,1972.0,1980.0,0,0.0,0.0
2023-05-11 12:00:00+09:00,1975.0,1975.0,1958.0,1960.0,48100,0.0,0.0
2023-05-11 13:00:00+09:00,1959.0,1961.0,1954.0,1955.0,11100,0.0,0.0
2023-05-11 14:00:00+09:00,1955.0,1959.0,1951.0,1959.0,15600,0.0,0.0
2023-05-12 09:00:00+09:00,1950.0,1971.0,1938.0,1950.0,14600,0.0,0.0
2023-05-12 10:00:00+09:00,1963.0,1963.0,1934.0,1945.0,6100,0.0,0.0
2023-05-12 11:00:00+09:00,1939.0,1949.0,1935.0,1949.0,0,0.0,0.0
2023-05-12 12:00:00+09:00,1945.0,1945.0,1920.0,1934.0,33100,0.0,0.0
2023-05-12 13:00:00+09:00,1928.0,1940.0,1915.0,1938.0,9800,0.0,0.0
2023-05-12 14:00:00+09:00,1935.0,1945.0,1922.0,1934.0,13200,0.0,0.0
2023-05-15 09:00:00+09:00,1888.0,2120.0,1888.0,2120.0,104600,0.0,0.0
2023-05-15 10:00:00+09:00,2120.0,2121.0,2058.0,2085.0,27000,0.0,0.0
2023-05-15 11:00:00+09:00,2085.0,2096.0,2059.0,2076.0,0,0.0,0.0
2023-05-15 12:00:00+09:00,2076.0,2076.0,2023.0,2026.0,166200,0.0,0.0
2023-05-15 13:00:00+09:00,2024.0,2036.0,1982.0,2017.0,25300,0.0,0.0
2023-05-15 14:00:00+09:00,2016.0,2029.0,2006.0,2023.0,27700,0.0,0.0
2023-05-16 09:00:00+09:00,1994.0,2042.0,1984.0,1999.0,0,0.0,0.0
2023-05-16 10:00:00+09:00,1992.0,1997.0,1972.0,1972.0,27300,0.0,0.0
2023-05-16 11:00:00+09:00,1979.0,1979.0,1974.0,1978.0,0,0.0,0.0
2023-05-16 12:00:00+09:00,1979.0,1979.0,1965.0,1976.0,34400,0.0,0.0
2023-05-16 13:00:00+09:00,1975.0,2018.0,1973.0,2018.0,9900,0.0,0.0
2023-05-16 14:00:00+09:00,2016.0,2018.0,2007.0,2016.0,8400,0.0,0.0
2023-05-17 09:00:00+09:00,2010.0,2034.0,1930.0,1934.0,42300,0.0,0.0
2023-05-17 10:00:00+09:00,1934.0,1945.0,1928.0,1938.0,13000,0.0,0.0
2023-05-17 11:00:00+09:00,1932.0,1945.0,1931.0,1939.0,0,0.0,0.0
2023-05-17 12:00:00+09:00,1940.0,1963.0,1939.0,1960.0,80000,0.0,0.0
2023-05-17 13:00:00+09:00,1961.0,1969.0,1952.0,1954.0,12300,0.0,0.0
2023-05-17 14:00:00+09:00,1953.0,1957.0,1947.0,1953.0,8900,0.0,0.0
2023-05-18 09:00:00+09:00,1938.0,1963.0,1926.0,1928.0,19300,0.0,0.0
2023-05-18 10:00:00+09:00,1931.0,1932.0,1915.0,1921.0,11000,0.0,0.0
2023-05-18 11:00:00+09:00,1920.0,1924.0,1916.0,1920.0,0,0.0,0.0
2023-05-18 12:00:00+09:00,1912.0,1938.0,1912.0,1916.0,41000,0.0,0.0
2023-05-18 13:00:00+09:00,1916.0,1931.0,1912.0,1921.0,9300,0.0,0.0
2023-05-18 14:00:00+09:00,1920.0,1947.0,1918.0,1938.0,11400,0.0,0.0
2023-05-19 09:00:00+09:00,1936.0,1961.0,1918.0,1925.0,8500,0.0,0.0
2023-05-19 10:00:00+09:00,1920.0,1921.0,1912.0,1913.0,3200,0.0,0.0
2023-05-19 11:00:00+09:00,1917.0,1926.0,1915.0,1926.0,0,0.0,0.0
2023-05-19 12:00:00+09:00,1919.0,1924.0,1911.0,1916.0,64300,0.0,0.0
2023-05-19 13:00:00+09:00,1918.0,1918.0,1910.0,1910.0,3400,0.0,0.0
2023-05-19 14:00:00+09:00,1912.0,1928.0,1910.0,1920.0,9600,0.0,0.0
2023-05-22 09:00:00+09:00,1927.0,1933.0,1901.0,1903.0,7700,0.0,0.0
2023-05-22 10:00:00+09:00,1902.0,1903.0,1891.0,1891.0,8300,0.0,0.0
2023-05-22 11:00:00+09:00,1891.0,1903.0,1890.0,1900.0,0,0.0,0.0
2023-05-22 12:00:00+09:00,1900.0,1909.0,1890.0,1893.0,21700,0.0,0.0
2023-05-22 13:00:00+09:00,1893.0,1901.0,1892.0,1893.0,4300,0.0,0.0
2023-05-22 14:00:00+09:00,1894.0,1897.0,1882.0,1889.0,17300,0.0,0.0
2023-05-23 09:00:00+09:00,1890.0,1896.0,1875.0,1882.0,14100,0.0,0.0
2023-05-23 10:00:00+09:00,1886.0,1948.0,1886.0,1947.0,12300,0.0,0.0
2023-05-23 11:00:00+09:00,1944.0,1976.0,1938.0,1976.0,0,0.0,0.0
2023-05-23 12:00:00+09:00,1976.0,1976.0,1926.0,1926.0,46900,0.0,0.0
2023-05-23 13:00:00+09:00,1922.0,1922.0,1899.0,1901.0,4700,0.0,0.0
2023-05-23 14:00:00+09:00,1900.0,1911.0,1898.0,1898.0,5400,0.0,0.0
2023-05-24 09:00:00+09:00,1909.0,1909.0,1881.0,1885.0,5800,0.0,0.0
2023-05-24 10:00:00+09:00,1882.0,1892.0,1872.0,1874.0,6400,0.0,0.0
2023-05-24 11:00:00+09:00,1874.0,1875.0,1868.0,1868.0,0,0.0,0.0
2023-05-24 12:00:00+09:00,1868.0,1870.0,1859.0,1862.0,22200,0.0,0.0
2023-05-24 13:00:00+09:00,1862.0,1865.0,1858.0,1859.0,6000,0.0,0.0
2023-05-24 14:00:00+09:00,1859.0,1861.0,1853.0,1855.0,7300,0.0,0.0
2023-05-25 09:00:00+09:00,1845.0,1852.0,1822.0,1843.0,11300,0.0,0.0
2023-05-25 10:00:00+09:00,1843.0,1850.0,1832.0,1832.0,2700,0.0,0.0
2023-05-25 11:00:00+09:00,1833.0,1842.0,1833.0,1837.0,0,0.0,0.0
2023-05-25 12:00:00+09:00,1849.0,1875.0,1849.0,1875.0,17900,0.0,0.0
2023-05-25 13:00:00+09:00,1876.0,1879.0,1862.0,1862.0,16000,0.0,0.0
2023-05-25 14:00:00+09:00,1856.0,1865.0,1856.0,1856.0,2400,0.0,0.0
2023-05-26 09:00:00+09:00,1852.0,1862.0,1841.0,1845.0,2200,0.0,0.0
2023-05-26 10:00:00+09:00,1855.0,1865.0,1840.0,1859.0,4000,0.0,0.0
2023-05-26 11:00:00+09:00,1866.0,1892.0,1866.0,1891.0,0,0.0,0.0
2023-05-26 12:00:00+09:00,1890.0,1891.0,1878.0,1882.0,13300,0.0,0.0
2023-05-26 13:00:00+09:00,1883.0,1883.0,1850.0,1853.0,2000,0.0,0.0
2023-05-26 14:00:00+09:00,1853.0,1870.0,1852.0,1870.0,2600,0.0,0.0
2023-05-29 09:00:00+09:00,1911.0,1930.0,1894.0,1909.0,18000,0.0,0.0
2023-05-29 10:00:00+09:00,1909.0,1911.0,1895.0,1895.0,5100,0.0,0.0
2023-05-29 11:00:00+09:00,1899.0,1899.0,1896.0,1896.0,0,0.0,0.0
2023-05-29 12:00:00+09:00,1900.0,1900.0,1873.0,1878.0,28500,0.0,0.0
2023-05-29 13:00:00+09:00,1872.0,1879.0,1870.0,1872.0,3200,0.0,0.0
2023-05-29 14:00:00+09:00,1875.0,1882.0,1874.0,1875.0,4900,0.0,0.0
2023-05-30 09:00:00+09:00,1904.0,1904.0,1851.0,1853.0,5700,0.0,0.0
2023-05-30 10:00:00+09:00,1856.0,1862.0,1845.0,1862.0,5700,0.0,0.0
2023-05-30 11:00:00+09:00,1854.0,1863.0,1853.0,1853.0,0,0.0,0.0
2023-05-30 12:00:00+09:00,1856.0,1870.0,1856.0,1870.0,12600,0.0,0.0
2023-05-30 13:00:00+09:00,1872.0,1883.0,1872.0,1883.0,2400,0.0,0.0
2023-05-30 14:00:00+09:00,1883.0,1908.0,1878.0,1897.0,11900,0.0,0.0
2023-05-31 09:00:00+09:00,1904.0,1950.0,1904.0,1938.0,20300,0.0,0.0
2023-05-31 10:00:00+09:00,1940.0,1981.0,1940.0,1973.0,25800,0.0,0.0
2023-05-31 11:00:00+09:00,1974.0,1976.0,1968.0,1973.0,0,0.0,0.0
2023-05-31 12:00:00+09:00,1980.0,1994.0,1969.0,1993.0,67600,0.0,0.0
2023-05-31 13:00:00+09:00,1986.0,1987.0,1928.0,1946.0,15300,0.0,0.0
2023-05-31 14:00:00+09:00,1943.0,1962.0,1938.0,1950.0,18100,0.0,0.0
2023-06-01 09:00:00+09:00,1931.0,1944.0,1906.0,1915.0,13400,0.0,0.0
2023-06-01 10:00:00+09:00,1920.0,1927.0,1907.0,1907.0,0,0.0,0.0
2023-06-01 11:00:00+09:00,1916.0,1916.0,1907.0,1911.0,0,0.0,0.0
2023-06-01 12:00:00+09:00,1913.0,1940.0,1910.0,1931.0,25200,0.0,0.0
2023-06-01 13:00:00+09:00,1929.0,1960.0,1925.0,1952.0,8400,0.0,0.0
2023-06-01 14:00:00+09:00,1953.0,1954.0,1937.0,1937.0,5600,0.0,0.0
2023-06-02 09:00:00+09:00,1936.0,1976.0,1935.0,1972.0,10600,0.0,0.0
2023-06-02 10:00:00+09:00,1968.0,1970.0,1952.0,1965.0,4200,0.0,0.0
2023-06-02 11:00:00+09:00,1964.0,1970.0,1953.0,1970.0,0,0.0,0.0
2023-06-02 12:00:00+09:00,1975.0,1986.0,1970.0,1981.0,23100,0.0,0.0
2023-06-02 13:00:00+09:00,1982.0,1983.0,1962.0,1970.0,3200,0.0,0.0
2023-06-02 14:00:00+09:00,1962.0,1964.0,1955.0,1955.0,4900,0.0,0.0
2023-06-05 09:00:00+09:00,1953.0,1990.0,1953.0,1968.0,8100,0.0,0.0
2023-06-05 10:00:00+09:00,1964.0,1971.0,1960.0,1971.0,2300,0.0,0.0
2023-06-05 11:00:00+09:00,1970.0,1970.0,1958.0,1964.0,0,0.0,0.0
2023-06-05 12:00:00+09:00,1971.0,1971.0,1957.0,1958.0,14900,0.0,0.0
2023-06-05 13:00:00+09:00,1962.0,1970.0,1961.0,1962.0,2800,0.0,0.0
2023-06-05 14:00:00+09:00,1961.0,1966.0,1952.0,1956.0,7000,0.0,0.0
2023-06-06 09:00:00+09:00,1956.0,1970.0,1950.0,1970.0,11500,0.0,0.0
2023-06-06 10:00:00+09:00,1970.0,1980.0,1965.0,1971.0,6800,0.0,0.0
2023-06-06 11:00:00+09:00,1965.0,1965.0,1961.0,1963.0,0,0.0,0.0
2023-06-06 12:00:00+09:00,1977.0,1984.0,1965.0,1982.0,24800,0.0,0.0
2023-06-06 13:00:00+09:00,1980.0,1994.0,1978.0,1985.0,7600,0.0,0.0
2023-06-06 14:00:00+09:00,1984.0,2007.0,1981.0,1996.0,15200,0.0,0.0
2023-06-07 09:00:00+09:00,2032.0,2120.0,2032.0,2063.0,46100,0.0,0.0
2023-06-07 10:00:00+09:00,2058.0,2067.0,2041.0,2063.0,9300,0.0,0.0
2023-06-07 11:00:00+09:00,2061.0,2062.0,2046.0,2062.0,0,0.0,0.0
2023-06-07 12:00:00+09:00,2050.0,2061.0,2043.0,2044.0,63000,0.0,0.0
2023-06-07 13:00:00+09:00,2043.0,2043.0,2016.0,2027.0,14100,0.0,0.0
2023-06-07 14:00:00+09:00,2027.0,2029.0,2013.0,2013.0,8300,0.0,0.0
2023-06-08 09:00:00+09:00,2009.0,2051.0,2000.0,2001.0,12600,0.0,0.0
2023-06-08 10:00:00+09:00,2000.0,2014.0,1983.0,1989.0,10600,0.0,0.0
2023-06-08 11:00:00+09:00,1983.0,1985.0,1974.0,1974.0,0,0.0,0.0
2023-06-08 12:00:00+09:00,1970.0,1973.0,1956.0,1956.0,34400,0.0,0.0
2023-06-08 13:00:00+09:00,1960.0,1969.0,1948.0,1950.0,11800,0.0,0.0
2023-06-08 14:00:00+09:00,1953.0,1976.0,1952.0,1966.0,12500,0.0,0.0
2023-06-09 09:00:00+09:00,1974.0,1980.0,1948.0,1973.0,5700,0.0,0.0
2023-06-09 10:00:00+09:00,1980.0,1987.0,1973.0,1987.0,1700,0.0,0.0
2023-06-09 11:00:00+09:00,1988.0,1988.0,1975.0,1981.0,0,0.0,0.0
2023-06-09 12:00:00+09:00,1981.0,1988.0,1971.0,1988.0,13200,0.0,0.0
2023-06-09 13:00:00+09:00,1993.0,1994.0,1977.0,1977.0,1900,0.0,0.0
2023-06-09 14:00:00+09:00,1978.0,1980.0,1973.0,1978.0,3500,0.0,0.0
2023-06-12 09:00:00+09:00,1991.0,2037.0,1991.0,2037.0,9400,0.0,0.0
2023-06-12 10:00:00+09:00,2038.0,2038.0,2023.0,2036.0,3300,0.0,0.0
2023-06-12 11:00:00+09:00,2038.0,2038.0,2027.0,2033.0,0,0.0,0.0
2023-06-12 12:00:00+09:00,2037.0,2047.0,2030.0,2039.0,17800,0.0,0.0
2023-06-12 13:00:00+09:00,2037.0,2039.0,2033.0,2033.0,1700,0.0,0.0
2023-06-12 14:00:00+09:00,2033.0,2040.0,1950.0,2024.0,16400,0.0,0.0
2023-06-13 09:00:00+09:00,2049.0,2105.0,2047.0,2071.0,46900,0.0,0.0
2023-06-13 10:00:00+09:00,2074.0,2083.0,2074.0,2079.0,4000,0.0,0.0
2023-06-13 11:00:00+09:00,2077.0,2090.0,2072.0,2085.0,0,0.0,0.0
2023-06-13 12:00:00+09:00,2071.0,2089.0,2071.0,2078.0,60500,0.0,0.0
2023-06-13 13:00:00+09:00,2073.0,2073.0,2055.0,2067.0,4700,0.0,0.0
2023-06-13 14:00:00+09:00,2061.0,2072.0,2056.0,2062.0,6100,0.0,0.0
2023-06-14 09:00:00+09:00,2056.0,2089.0,2050.0,2051.0,8300,0.0,0.0
2023-06-14 10:00:00+09:00,2060.0,2070.0,2054.0,2054.0,2200,0.0,0.0
2023-06-14 11:00:00+09:00,2051.0,2059.0,2043.0,2059.0,0,0.0,0.0
2023-06-14 12:00:00+09:00,2059.0,2059.0,2042.0,2055.0,15400,0.0,0.0
2023-06-14 13:00:00+09:00,2059.0,2065.0,2049.0,2052.0,2600,0.0,0.0
2023-06-14 14:00:00+09:00,2062.0,2073.0,2047.0,2047.0,6000,0.0,0.0
2023-06-15 09:00:00+09:00,2045.0,2064.0,2038.0,2062.0,26600,0.0,0.0
2023-06-15 10:00:00+09:00,2056.0,2067.0,2050.0,2052.0,3400,0.0,0.0
2023-06-15 11:00:00+09:00,2060.0,2065.0,2060.0,2064.0,0,0.0,0.0
2023-06-15 12:00:00+09:00,2064.0,2064.0,2053.0,2053.0,31600,0.0,0.0
2023-06-15 13:00:00+09:00,2063.0,2067.0,2055.0,2057.0,5400,0.0,0.0
2023-06-15 14:00:00+09:00,2055.0,2069.0,2048.0,2052.0,7700,0.0,0.0
2023-06-16 09:00:00+09:00,2047.0,2100.0,2047.0,2076.0,15100,0.0,0.0
2023-06-16 10:00:00+09:00,2078.0,2088.0,2070.0,2072.0,2700,0.0,0.0
2023-06-16 11:00:00+09:00,2073.0,2074.0,2060.0,2069.0,0,0.0,0.0
2023-06-16 12:00:00+09:00,2069.0,2095.0,2069.0,2075.0,27800,0.0,0.0
2023-06-16 13:00:00+09:00,2075.0,2081.0,2069.0,2073.0,5600,0.0,0.0
2023-06-16 14:00:00+09:00,2075.0,2099.0,2072.0,2099.0,8500,0.0,0.0
2023-06-19 09:00:00+09:00,2100.0,2129.0,2100.0,2120.0,12000,0.0,0.0
2023-06-19 10:00:00+09:00,2123.0,2136.0,2107.0,2107.0,33200,0.0,0.0
2023-06-19 11:00:00+09:00,2109.0,2121.0,2104.0,2121.0,0,0.0,0.0
2023-06-19 12:00:00+09:00,2122.0,2122.0,2098.0,2115.0,54000,0.0,0.0
2023-06-19 13:00:00+09:00,2104.0,2108.0,2098.0,2103.0,4200,0.0,0.0
2023-06-19 14:00:00+09:00,2101.0,2107.0,2091.0,2105.0,6400,0.0,0.0
2023-06-20 09:00:00+09:00,2096.0,2124.0,2096.0,2119.0,7000,0.0,0.0
2023-06-20 10:00:00+09:00,2117.0,2145.0,2117.0,2120.0,6400,0.0,0.0
2023-06-20 11:00:00+09:00,2125.0,2125.0,2108.0,2108.0,0,0.0,0.0
2023-06-20 12:00:00+09:00,2108.0,2111.0,2096.0,2101.0,22500,0.0,0.0
2023-06-20 13:00:00+09:00,2108.0,2123.0,2108.0,2120.0,2400,0.0,0.0
2023-06-20 14:00:00+09:00,2116.0,2144.0,2116.0,2139.0,6800,0.0,0.0
2023-06-21 09:00:00+09:00,2130.0,2140.0,2120.0,2125.0,8500,0.0,0.0
2023-06-21 10:00:00+09:00,2126.0,2126.0,2106.0,2110.0,4100,0.0,0.0
2023-06-21 11:00:00+09:00,2106.0,2115.0,2098.0,2115.0,0,0.0,0.0
2023-06-21 12:00:00+09:00,2106.0,2114.0,2100.0,2113.0,23800,0.0,0.0
2023-06-21 13:00:00+09:00,2115.0,2122.0,2112.0,2122.0,2100,0.0,0.0
2023-06-21 14:00:00+09:00,2118.0,2126.0,2109.0,2115.0,5900,0.0,0.0
2023-06-22 09:00:00+09:00,2102.0,2131.0,2100.0,2119.0,11000,0.0,0.0
2023-06-22 10:00:00+09:00,2119.0,2119.0,2103.0,2109.0,3800,0.0,0.0
2023-06-22 11:00:00+09:00,2106.0,2107.0,2100.0,2101.0,0,0.0,0.0
2023-06-22 12:00:00+09:00,2109.0,2119.0,2109.0,2117.0,24000,0.0,0.0
2023-06-22 13:00:00+09:00,2115.0,2115.0,2099.0,2109.0,15500,0.0,0.0
2023-06-22 14:00:00+09:00,2106.0,2110.0,2100.0,2109.0,8800,0.0,0.0
2023-06-23 09:00:00+09:00,2102.0,2162.0,2100.0,2156.0,15400,0.0,0.0
2023-06-23 10:00:00+09:00,2147.0,2148.0,2101.0,2118.0,7200,0.0,0.0
2023-06-23 11:00:00+09:00,2115.0,2115.0,2100.0,2107.0,0,0.0,0.0
2023-06-23 12:00:00+09:00,2115.0,2115.0,2100.0,2108.0,30900,0.0,0.0
2023-06-23 13:00:00+09:00,2107.0,2108.0,2101.0,2101.0,1400,0.0,0.0
2023-06-23 14:00:00+09:00,2103.0,2122.0,2102.0,2122.0,3700,0.0,0.0
2023-06-26 09:00:00+09:00,2110.0,2144.0,2073.0,2119.0,14700,0.0,0.0
2023-06-26 10:00:00+09:00,2125.0,2125.0,2108.0,2110.0,2700,0.0,0.0
2023-06-26 11:00:00+09:00,2107.0,2110.0,2104.0,2107.0,0,0.0,0.0
2023-06-26 12:00:00+09:00,2110.0,2110.0,2085.0,2085.0,24900,0.0,0.0
2023-06-26 13:00:00+09:00,2089.0,2100.0,2087.0,2089.0,4800,0.0,0.0
2023-06-26 14:00:00+09:00,2095.0,2095.0,2087.0,2095.0,4300,0.0,0.0
2023-06-27 09:00:00+09:00,2074.0,2096.0,2053.0,2088.0,8700,0.0,0.0
2023-06-27 10:00:00+09:00,2090.0,2093.0,2082.0,2093.0,1500,0.0,0.0
2023-06-27 11:00:00+09:00,2090.0,2090.0,2068.0,2068.0,0,0.0,0.0
2023-06-27 12:00:00+09:00,2068.0,2083.0,2068.0,2072.0,16100,0.0,0.0
2023-06-27 13:00:00+09:00,2073.0,2078.0,2066.0,2078.0,1200,0.0,0.0
2023-06-27 14:00:00+09:00,2079.0,2093.0,2077.0,2093.0,4500,0.0,0.0
2023-06-28 09:00:00+09:00,2133.0,2159.0,2120.0,2157.0,9400,0.0,0.0
2023-06-28 10:00:00+09:00,2157.0,2163.0,2140.0,2151.0,12700,0.0,0.0
2023-06-28 11:00:00+09:00,2149.0,2161.0,2143.0,2143.0,0,0.0,0.0
2023-06-28 12:00:00+09:00,2141.0,2157.0,2141.0,2147.0,28400,0.0,0.0
2023-06-28 13:00:00+09:00,2154.0,2154.0,2140.0,2149.0,4200,0.0,0.0
2023-06-28 14:00:00+09:00,2148.0,2162.0,2140.0,2158.0,11300,0.0,0.0
2023-06-29 09:00:00+09:00,2170.0,2207.0,2161.0,2198.0,11600,0.0,0.0
2023-06-29 10:00:00+09:00,2194.0,2202.0,2183.0,2183.0,6300,0.0,0.0
2023-06-29 11:00:00+09:00,2182.0,2214.0,2182.0,2206.0,0,0.0,0.0
2023-06-29 12:00:00+09:00,2205.0,2219.0,2202.0,2217.0,30100,0.0,0.0
2023-06-29 13:00:00+09:00,2218.0,2220.0,2189.0,2202.0,17200,0.0,0.0
2023-06-29 14:00:00+09:00,2208.0,2211.0,2198.0,2205.0,5900,0.0,0.0
2023-06-30 09:00:00+09:00,2222.0,2229.0,2186.0,2203.0,7200,0.0,0.0
2023-06-30 10:00:00+09:00,2205.0,2205.0,2169.0,2177.0,14600,0.0,0.0
2023-06-30 11:00:00+09:00,2172.0,2173.0,2162.0,2169.0,0,0.0,0.0
2023-06-30 12:00:00+09:00,2185.0,2200.0,2173.0,2187.0,27000,0.0,0.0
2023-06-30 13:00:00+09:00,2183.0,2183.0,2173.0,2177.0,1400,0.0,0.0
2023-06-30 14:00:00+09:00,2172.0,2200.0,2172.0,2197.0,9600,0.0,0.0
2023-07-03 09:00:00+09:00,2251.0,2251.0,2197.0,2212.0,26500,0.0,0.0
2023-07-03 10:00:00+09:00,2212.0,2215.0,2190.0,2215.0,4900,0.0,0.0
2023-07-03 11:00:00+09:00,2209.0,2213.0,2196.0,2200.0,0,0.0,0.0
2023-07-03 12:00:00+09:00,2200.0,2207.0,2191.0,2191.0,37900,0.0,0.0
2023-07-03 13:00:00+09:00,2190.0,2191.0,2176.0,2177.0,5200,0.0,0.0
2023-07-03 14:00:00+09:00,2176.0,2176.0,2151.0,2160.0,10300,0.0,0.0
2023-07-04 09:00:00+09:00,2167.0,2168.0,2152.0,2152.0,2600,0.0,0.0
2023-07-04 10:00:00+09:00,2155.0,2172.0,2155.0,2158.0,1300,0.0,0.0
2023-07-04 11:00:00+09:00,2155.0,2155.0,2155.0,2155.0,0,0.0,0.0
2023-07-04 12:00:00+09:00,2157.0,2165.0,2157.0,2165.0,4900,0.0,0.0
2023-07-04 13:00:00+09:00,2161.0,2164.0,2161.0,2163.0,500,0.0,0.0
2023-07-04 14:00:00+09:00,2168.0,2168.0,2157.0,2157.0,1900,0.0,0.0
2023-07-05 09:00:00+09:00,2131.0,2146.0,2113.0,2115.0,5600,0.0,0.0
2023-07-05 10:00:00+09:00,2114.0,2129.0,2114.0,2118.0,3500,0.0,0.0
2023-07-05 11:00:00+09:00,2120.0,2124.0,2118.0,2119.0,0,0.0,0.0
2023-07-05 12:00:00+09:00,2129.0,2132.0,2119.0,2130.0,12900,0.0,0.0
2023-07-05 13:00:00+09:00,2126.0,2133.0,2125.0,2132.0,1700,0.0,0.0
2023-07-05 14:00:00+09:00,2132.0,2140.0,2129.0,2139.0,2200,0.0,0.0
2023-07-06 09:00:00+09:00,2152.0,2152.0,2099.0,2103.0,7600,0.0,0.0
2023-07-06 10:00:00+09:00,2107.0,2133.0,2105.0,2110.0,3000,0.0,0.0
2023-07-06 11:00:00+09:00,2118.0,2142.0,2118.0,2122.0,0,0.0,0.0
2023-07-06 12:00:00+09:00,2134.0,2134.0,2103.0,2108.0,18600,0.0,0.0
2023-07-06 13:00:00+09:00,2108.0,2122.0,2105.0,2112.0,4200,0.0,0.0
2023-07-06 14:00:00+09:00,2110.0,2113.0,2100.0,2112.0,4000,0.0,0.0
2023-07-07 09:00:00+09:00,2097.0,2099.0,2075.0,2091.0,4600,0.0,0.0
2023-07-07 10:00:00+09:00,2091.0,2094.0,2081.0,2085.0,1200,0.0,0.0
2023-07-07 11:00:00+09:00,2084.0,2087.0,2080.0,2085.0,0,0.0,0.0
2023-07-07 12:00:00+09:00,2100.0,2100.0,2050.0,2098.0,23100,0.0,0.0
2023-07-07 13:00:00+09:00,2098.0,2098.0,2083.0,2083.0,1600,0.0,0.0
2023-07-07 14:00:00+09:00,2082.0,2176.0,2082.0,2104.0,32600,0.0,0.0
2023-07-10 09:00:00+09:00,2105.0,2134.0,2105.0,2134.0,3300,0.0,0.0
2023-07-10 10:00:00+09:00,2126.0,2137.0,2116.0,2127.0,3500,0.0,0.0
2023-07-10 11:00:00+09:00,2126.0,2126.0,2126.0,2126.0,0,0.0,0.0
2023-07-10 12:00:00+09:00,2122.0,2122.0,2106.0,2108.0,7500,0.0,0.0
2023-07-10 13:00:00+09:00,2110.0,2125.0,2107.0,2125.0,1400,0.0,0.0
2023-07-10 14:00:00+09:00,2121.0,2134.0,2110.0,2119.0,10200,0.0,0.0
2023-07-11 09:00:00+09:00,2150.0,2210.0,2148.0,2201.0,22500,0.0,0.0
2023-07-11 10:00:00+09:00,2199.0,2222.0,2194.0,2222.0,11000,0.0,0.0
2023-07-11 11:00:00+09:00,2215.0,2215.0,2200.0,2204.0,0,0.0,0.0
2023-07-11 12:00:00+09:00,2196.0,2196.0,2180.0,2190.0,37400,0.0,0.0
2023-07-11 13:00:00+09:00,2191.0,2191.0,2158.0,2161.0,3900,0.0,0.0
2023-07-11 14:00:00+09:00,2160.0,2187.0,2159.0,2173.0,10700,0.0,0.0
2023-07-12 09:00:00+09:00,2173.0,2180.0,2124.0,2125.0,6400,0.0,0.0
2023-07-12 10:00:00+09:00,2120.0,2149.0,2111.0,2125.0,6600,0.0,0.0
2023-07-12 11:00:00+09:00,2132.0,2132.0,2127.0,2128.0,0,0.0,0.0
2023-07-12 12:00:00+09:00,2120.0,2145.0,2115.0,2123.0,16300,0.0,0.0
2023-07-12 13:00:00+09:00,2132.0,2143.0,2116.0,2128.0,9100,0.0,0.0
2023-07-12 14:00:00+09:00,2131.0,2146.0,2121.0,2121.0,12700,0.0,0.0
2023-07-13 09:00:00+09:00,2119.0,2120.0,2104.0,2115.0,2800,0.0,0.0
2023-07-13 10:00:00+09:00,2110.0,2145.0,2110.0,2145.0,3000,0.0,0.0
2023-07-13 11:00:00+09:00,2130.0,2138.0,2130.0,2134.0,0,0.0,0.0
2023-07-13 12:00:00+09:00,2134.0,2150.0,2134.0,2141.0,8200,0.0,0.0
2023-07-13 13:00:00+09:00,2140.0,2177.0,2137.0,2144.0,5500,0.0,0.0
2023-07-13 14:00:00+09:00,2140.0,2203.0,2140.0,2153.0,10300,0.0,0.0
2023-07-14 09:00:00+09:00,2195.0,2195.0,2126.0,2126.0,4200,0.0,0.0
2023-07-14 10:00:00+09:00,2128.0,2161.0,2111.0,2130.0,9200,0.0,0.0
2023-07-14 11:00:00+09:00,2130.0,2161.0,2126.0,2141.0,0,0.0,0.0
2023-07-14 12:00:00+09:00,2141.0,2195.0,2141.0,2173.0,27400,0.0,0.0
2023-07-14 13:00:00+09:00,2169.0,2200.0,2160.0,2169.0,4100,0.0,0.0
2023-07-14 14:00:00+09:00,2165.0,2220.0,2161.0,2171.0,13100,0.0,0.0
2023-07-18 09:00:00+09:00,2224.0,2243.0,2197.0,2199.0,13000,0.0,0.0
2023-07-18 10:00:00+09:00,2198.0,2198.0,2184.0,2184.0,1000,0.0,0.0
2023-07-18 11:00:00+09:00,2188.0,2188.0,2187.0,2187.0,0,0.0,0.0
2023-07-18 12:00:00+09:00,2187.0,2193.0,2177.0,2189.0,17200,0.0,0.0
2023-07-18 13:00:00+09:00,2187.0,2232.0,2184.0,2227.0,7600,0.0,0.0
2023-07-18 14:00:00+09:00,2219.0,2236.0,2207.0,2214.0,5600,0.0,0.0
2023-07-19 09:00:00+09:00,2237.0,2258.0,2223.0,2237.0,15300,0.0,0.0
2023-07-19 10:00:00+09:00,2238.0,2243.0,2228.0,2241.0,5000,0.0,0.0
2023-07-19 11:00:00+09:00,2240.0,2262.0,2240.0,2262.0,0,0.0,0.0
2023-07-19 12:00:00+09:00,2262.0,2270.0,2248.0,2248.0,31700,0.0,0.0
2023-07-19 13:00:00+09:00,2248.0,2258.0,2248.0,2255.0,800,0.0,0.0
2023-07-19 14:00:00+09:00,2255.0,2263.0,2252.0,2263.0,6100,0.0,0.0
2023-07-20 09:00:00+09:00,2247.0,2276.0,2245.0,2245.0,0,0.0,0.0
2023-07-20 10:00:00+09:00,2250.0,2260.0,2247.0,2256.0,8900,0.0,0.0
2023-07-20 11:00:00+09:00,2254.0,2270.0,2251.0,2261.0,0,0.0,0.0
2023-07-20 12:00:00+09:00,2246.0,2276.0,2246.0,2254.0,14100,0.0,0.0
2023-07-20 13:00:00+09:00,2254.0,2270.0,2247.0,2270.0,2600,0.0,0.0
2023-07-20 14:00:00+09:00,2255.0,2275.0,2254.0,2260.0,4500,0.0,0.0
2023-07-21 09:00:00+09:00,2255.0,2255.0,2208.0,2229.0,0,0.0,0.0
2023-07-21 10:00:00+09:00,2229.0,2229.0,2212.0,2227.0,6300,0.0,0.0
2023-07-21 11:00:00+09:00,2228.0,2252.0,2228.0,2247.0,0,0.0,0.0
2023-07-21 12:00:00+09:00,2245.0,2260.0,2245.0,2259.0,9500,0.0,0.0
2023-07-21 13:00:00+09:00,2257.0,2272.0,2256.0,2272.0,3700,0.0,0.0
2023-07-21 14:00:00+09:00,2266.0,2276.0,2259.0,2265.0,5100,0.0,0.0
2023-07-24 10:00:00+09:00,2282.0,2294.0,2248.0,2275.0,4300,0.0,0.0
2023-07-24 11:00:00+09:00,2267.0,2288.0,2266.0,2288.0,0,0.0,0.0
2023-07-24 12:00:00+09:00,2251.0,2267.0,2251.0,2267.0,6600,0.0,0.0
2023-07-24 13:00:00+09:00,2273.0,2273.0,2261.0,2261.0,500,0.0,0.0
2023-07-24 14:00:00+09:00,2257.0,2260.0,2252.0,2253.0,2000,0.0,0.0
2023-07-25 09:00:00+09:00,2242.0,2266.0,2225.0,2243.0,4800,0.0,0.0
2023-07-25 10:00:00+09:00,2252.0,2254.0,2243.0,2243.0,1200,0.0,0.0
2023-07-25 11:00:00+09:00,2256.0,2292.0,2256.0,2292.0,0,0.0,0.0
2023-07-25 12:00:00+09:00,2293.0,2293.0,2262.0,2262.0,13100,0.0,0.0
2023-07-25 13:00:00+09:00,2261.0,2287.0,2258.0,2268.0,2600,0.0,0.0
2023-07-25 14:00:00+09:00,2263.0,2265.0,2246.0,2246.0,2300,0.0,0.0
2023-07-26 09:00:00+09:00,2262.0,2308.0,2254.0,2282.0,9000,0.0,0.0
2023-07-26 10:00:00+09:00,2291.0,2291.0,2291.0,2291.0,200,0.0,0.0
2023-07-26 11:00:00+09:00,2298.0,2305.0,2298.0,2305.0,0,0.0,0.0
2023-07-26 12:00:00+09:00,2308.0,2320.0,2288.0,2288.0,17700,0.0,0.0
2023-07-26 13:00:00+09:00,2293.0,2293.0,2293.0,2293.0,400,0.0,0.0
2023-07-26 14:00:00+09:00,2290.0,2313.0,2286.0,2295.0,3600,0.0,0.0
2023-07-27 09:00:00+09:00,2283.0,2283.0,2260.0,2280.0,1600,0.0,0.0
2023-07-27 10:00:00+09:00,2288.0,2288.0,2276.0,2276.0,1600,0.0,0.0
2023-07-27 11:00:00+09:00,2280.0,2280.0,2275.0,2275.0,0,0.0,0.0
2023-07-27 12:00:00+09:00,2281.0,2281.0,2278.0,2278.0,3700,0.0,0.0
2023-07-27 13:00:00+09:00,2283.0,2283.0,2274.0,2275.0,900,0.0,0.0
2023-07-27 14:00:00+09:00,2282.0,2298.0,2280.0,2282.0,2600,0.0,0.0
2023-07-28 09:00:00+09:00,2277.0,2277.0,2237.0,2237.0,0,0.0,0.0
2023-07-28 10:00:00+09:00,2239.0,2249.0,2237.0,2249.0,5500,0.0,0.0
2023-07-28 11:00:00+09:00,2244.0,2244.0,2240.0,2240.0,0,0.0,0.0
2023-07-28 12:00:00+09:00,2245.0,2264.0,2241.0,2244.0,7800,0.0,0.0
2023-07-28 13:00:00+09:00,2243.0,2272.0,2235.0,2267.0,13100,0.0,0.0
2023-07-28 14:00:00+09:00,2257.0,2299.0,2254.0,2273.0,8300,0.0,0.0
2023-07-31 09:00:00+09:00,2288.0,2288.0,2275.0,2275.0,500,0.0,0.0
2023-07-31 10:00:00+09:00,2275.0,2284.0,2266.0,2284.0,1400,0.0,0.0
2023-07-31 11:00:00+09:00,2274.0,2274.0,2274.0,2274.0,0,0.0,0.0
2023-07-31 12:00:00+09:00,2244.0,2259.0,2244.0,2256.0,5000,0.0,0.0
2023-07-31 13:00:00+09:00,2256.0,2268.0,2256.0,2256.0,700,0.0,0.0
2023-07-31 14:00:00+09:00,2264.0,2293.0,2259.0,2293.0,6900,0.0,0.0
2023-08-01 09:00:00+09:00,2293.0,2368.0,2293.0,2335.0,11000,0.0,0.0
2023-08-01 10:00:00+09:00,2333.0,2340.0,2322.0,2335.0,3700,0.0,0.0
2023-08-01 11:00:00+09:00,2335.0,2335.0,2335.0,2335.0,0,0.0,0.0
2023-08-01 12:00:00+09:00,2325.0,2335.0,2319.0,2335.0,15500,0.0,0.0
2023-08-01 13:00:00+09:00,2325.0,2325.0,2311.0,2311.0,1400,0.0,0.0
2023-08-01 14:00:00+09:00,2315.0,2323.0,2303.0,2303.0,0,0.0,0.0
2023-08-02 09:00:00+09:00,2283.0,2305.0,2283.0,2305.0,1500,0.0,0.0
2023-08-02 10:00:00+09:00,2313.0,2345.0,2302.0,2343.0,1700,0.0,0.0
2023-08-02 11:00:00+09:00,2325.0,2331.0,2316.0,2316.0,0,0.0,0.0
2023-08-02 12:00:00+09:00,2324.0,2324.0,2297.0,2315.0,6300,0.0,0.0
2023-08-02 13:00:00+09:00,2315.0,2316.0,2303.0,2308.0,1500,0.0,0.0
2023-08-02 14:00:00+09:00,2303.0,2313.0,2213.0,2258.0,63500,0.0,0.0
2023-08-03 09:00:00+09:00,2273.0,2273.0,2208.0,2273.0,6800,0.0,0.0
2023-08-03 10:00:00+09:00,2269.0,2273.0,2227.0,2273.0,1500,0.0,0.0
2023-08-03 11:00:00+09:00,2249.0,2249.0,2241.0,2241.0,0,0.0,0.0
2023-08-03 12:00:00+09:00,2269.0,2273.0,2240.0,2240.0,10700,0.0,0.0
2023-08-03 13:00:00+09:00,2240.0,2241.0,2237.0,2241.0,500,0.0,0.0
2023-08-03 14:00:00+09:00,2247.0,2258.0,2212.0,2216.0,5700,0.0,0.0
2023-08-04 09:00:00+09:00,2222.0,2284.0,2222.0,2266.0,5600,0.0,0.0
2023-08-04 10:00:00+09:00,2265.0,2265.0,2238.0,2241.0,2200,0.0,0.0
2023-08-04 11:00:00+09:00,2256.0,2274.0,2233.0,2233.0,0,0.0,0.0
2023-08-04 12:00:00+09:00,2244.0,2245.0,2239.0,2239.0,10400,0.0,0.0
2023-08-04 13:00:00+09:00,2236.0,2238.0,2235.0,2235.0,300,0.0,0.0
2023-08-04 14:00:00+09:00,2231.0,2279.0,2229.0,2246.0,10000,0.0,0.0
2023-08-07 09:00:00+09:00,2232.0,2307.0,2227.0,2292.0,16700,0.0,0.0
2023-08-07 10:00:00+09:00,2289.0,2291.0,2287.0,2287.0,2000,0.0,0.0
2023-08-07 11:00:00+09:00,2290.0,2293.0,2267.0,2293.0,0,0.0,0.0
2023-08-07 12:00:00+09:00,2292.0,2292.0,2270.0,2275.0,30000,0.0,0.0
2023-08-07 13:00:00+09:00,2274.0,2279.0,2261.0,2273.0,4100,0.0,0.0
2023-08-07 14:00:00+09:00,2267.0,2281.0,2259.0,2267.0,4700,0.0,0.0
2023-08-08 09:00:00+09:00,2232.0,2295.0,2232.0,2273.0,18100,0.0,0.0
2023-08-08 10:00:00+09:00,2273.0,2286.0,2250.0,2266.0,13100,0.0,0.0
2023-08-08 11:00:00+09:00,2266.0,2266.0,2266.0,2266.0,0,0.0,0.0
2023-08-08 12:00:00+09:00,2280.0,2284.0,2258.0,2258.0,34300,0.0,0.0
2023-08-08 13:00:00+09:00,2254.0,2263.0,2242.0,2250.0,3900,0.0,0.0
2023-08-08 14:00:00+09:00,2250.0,2266.0,2245.0,2251.0,0,0.0,0.0
2023-08-09 09:00:00+09:00,2233.0,2235.0,2173.0,2230.0,12300,0.0,0.0
2023-08-09 10:00:00+09:00,2219.0,2243.0,2210.0,2210.0,2900,0.0,0.0
2023-08-09 11:00:00+09:00,2206.0,2239.0,2203.0,2223.0,0,0.0,0.0
2023-08-09 12:00:00+09:00,2242.0,2242.0,2216.0,2221.0,22100,0.0,0.0
2023-08-09 13:00:00+09:00,2227.0,2231.0,2214.0,2229.0,3100,0.0,0.0
2023-08-09 14:00:00+09:00,2227.0,2232.0,2224.0,2228.0,8000,0.0,0.0
2023-08-10 09:00:00+09:00,2185.0,2222.0,2177.0,2178.0,4700,0.0,0.0
2023-08-10 10:00:00+09:00,2181.0,2200.0,2175.0,2178.0,5400,0.0,0.0
2023-08-10 11:00:00+09:00,2179.0,2184.0,2175.0,2175.0,0,0.0,0.0
2023-08-10 12:00:00+09:00,2175.0,2183.0,2150.0,2171.0,19900,0.0,0.0
2023-08-10 13:00:00+09:00,2163.0,2176.0,2151.0,2151.0,2400,0.0,0.0
2023-08-10 14:00:00+09:00,2155.0,2180.0,2148.0,2176.0,11500,0.0,0.0
2023-08-14 09:00:00+09:00,2180.0,2180.0,2152.0,2152.0,0,0.0,0.0
2023-08-14 10:00:00+09:00,2150.0,2156.0,2135.0,2147.0,6400,0.0,0.0
2023-08-14 11:00:00+09:00,2152.0,2161.0,2141.0,2145.0,0,0.0,0.0
2023-08-14 12:00:00+09:00,2132.0,2140.0,2128.0,2140.0,11600,0.0,0.0
2023-08-14 13:00:00+09:00,2132.0,2134.0,2127.0,2127.0,1400,0.0,0.0
2023-08-14 14:00:00+09:00,2133.0,2133.0,2107.0,2120.0,13500,0.0,0.0
2023-08-15 09:00:00+09:00,2110.0,2118.0,2086.0,2101.0,11600,0.0,0.0
2023-08-15 10:00:00+09:00,2098.0,2107.0,2098.0,2103.0,1800,0.0,0.0
2023-08-15 11:00:00+09:00,2101.0,2101.0,2087.0,2089.0,0,0.0,0.0
2023-08-15 12:00:00+09:00,2139.0,2139.0,2088.0,2117.0,19800,0.0,0.0
2023-08-15 13:00:00+09:00,2130.0,2137.0,2128.0,2130.0,5400,0.0,0.0
2023-08-15 14:00:00+09:00,2130.0,2139.0,2126.0,2126.0,6600,0.0,0.0
2023-08-16 09:00:00+09:00,2135.0,2135.0,2070.0,2080.0,4900,0.0,0.0
2023-08-16 10:00:00+09:00,2080.0,2080.0,2060.0,2068.0,2600,0.0,0.0
2023-08-16 11:00:00+09:00,2064.0,2064.0,2036.0,2041.0,0,0.0,0.0
2023-08-16 12:00:00+09:00,2041.0,2045.0,2010.0,2014.0,15700,0.0,0.0
2023-08-16 13:00:00+09:00,2008.0,2009.0,1999.0,2009.0,7800,0.0,0.0
2023-08-16 14:00:00+09:00,2010.0,2038.0,1999.0,2028.0,18800,0.0,0.0
2023-08-17 09:00:00+09:00,2010.0,2023.0,2009.0,2010.0,5400,0.0,0.0
2023-08-17 10:00:00+09:00,2008.0,2009.0,1972.0,1978.0,16400,0.0,0.0
2023-08-17 11:00:00+09:00,1981.0,1996.0,1981.0,1996.0,0,0.0,0.0
2023-08-17 12:00:00+09:00,2020.0,2020.0,2002.0,2002.0,24500,0.0,0.0
2023-08-17 13:00:00+09:00,2004.0,2010.0,2004.0,2005.0,2100,0.0,0.0
2023-08-17 14:00:00+09:00,2002.0,2024.0,2002.0,2024.0,6800,0.0,0.0
2023-08-18 09:00:00+09:00,1977.0,2009.0,1973.0,1985.0,17100,0.0,0.0
2023-08-18 10:00:00+09:00,1980.0,1990.0,1976.0,1986.0,1600,0.0,0.0
2023-08-18 11:00:00+09:00,1991.0,1996.0,1987.0,1993.0,0,0.0,0.0
2023-08-18 12:00:00+09:00,2001.0,2013.0,1990.0,2006.0,23600,0.0,0.0
2023-08-18 13:00:00+09:00,2008.0,2023.0,2001.0,2003.0,2300,0.0,0.0
2023-08-18 14:00:00+09:00,2003.0,2025.0,1994.0,1999.0,5600,0.0,0.0
2023-08-21 09:00:00+09:00,1967.0,1990.0,1967.0,1978.0,6000,0.0,0.0
2023-08-21 10:00:00+09:00,1970.0,1990.0,1970.0,1989.0,5100,0.0,0.0
2023-08-21 11:00:00+09:00,1989.0,1991.0,1982.0,1991.0,0,0.0,0.0
2023-08-21 12:00:00+09:00,1975.0,1978.0,1969.0,1969.0,13300,0.0,0.0
2023-08-21 13:00:00+09:00,1970.0,1976.0,1961.0,1961.0,4400,0.0,0.0
2023-08-21 14:00:00+09:00,1961.0,1963.0,1941.0,1944.0,13100,0.0,0.0
2023-08-22 09:00:00+09:00,1965.0,1970.0,1959.0,1964.0,2400,0.0,0.0
2023-08-22 10:00:00+09:00,1966.0,1966.0,1942.0,1946.0,1500,0.0,0.0
2023-08-22 11:00:00+09:00,1942.0,1942.0,1937.0,1939.0,0,0.0,0.0
2023-08-22 12:00:00+09:00,1941.0,1942.0,1935.0,1935.0,9300,0.0,0.0
2023-08-22 13:00:00+09:00,1941.0,1943.0,1924.0,1925.0,6000,0.0,0.0
2023-08-22 14:00:00+09:00,1924.0,1928.0,1917.0,1918.0,7200,0.0,0.0
2023-08-23 09:00:00+09:00,1914.0,1922.0,1898.0,1914.0,8300,0.0,0.0
2023-08-23 10:00:00+09:00,1914.0,1915.0,1903.0,1903.0,2800,0.0,0.0
2023-08-23 11:00:00+09:00,1905.0,1906.0,1897.0,1900.0,0,0.0,0.0
2023-08-23 12:00:00+09:00,1900.0,1905.0,1888.0,1888.0,17200,0.0,0.0
2023-08-23 13:00:00+09:00,1889.0,1892.0,1877.0,1886.0,11500,0.0,0.0
2023-08-23 14:00:00+09:00,1889.0,1919.0,1886.0,1913.0,9500,0.0,0.0
2023-08-24 09:00:00+09:00,1920.0,1966.0,1920.0,1928.0,9700,0.0,0.0
2023-08-24 10:00:00+09:00,1924.0,1930.0,1916.0,1925.0,2600,0.0,0.0
2023-08-24 11:00:00+09:00,1926.0,1934.0,1924.0,1934.0,0,0.0,0.0
2023-08-24 12:00:00+09:00,1965.0,1965.0,1927.0,1927.0,16700,0.0,0.0
2023-08-24 13:00:00+09:00,1930.0,1931.0,1920.0,1922.0,3400,0.0,0.0
2023-08-24 14:00:00+09:00,1925.0,1943.0,1922.0,1937.0,8200,0.0,0.0
2023-08-25 09:00:00+09:00,1911.0,1931.0,1900.0,1931.0,10300,0.0,0.0
2023-08-25 10:00:00+09:00,1925.0,1934.0,1916.0,1916.0,2900,0.0,0.0
2023-08-25 11:00:00+09:00,1925.0,1932.0,1918.0,1920.0,0,0.0,0.0
2023-08-25 12:00:00+09:00,1932.0,1932.0,1921.0,1921.0,0,0.0,0.0
2023-08-25 13:00:00+09:00,1927.0,1929.0,1919.0,1920.0,21200,0.0,0.0
2023-08-25 14:00:00+09:00,1920.0,1928.0,1916.0,1917.0,4900,0.0,0.0
2023-08-28 09:00:00+09:00,1928.0,1932.0,1918.0,1923.0,1900,0.0,0.0
2023-08-28 10:00:00+09:00,1928.0,1930.0,1900.0,1900.0,4400,0.0,0.0
2023-08-28 11:00:00+09:00,1904.0,1910.0,1900.0,1903.0,0,0.0,0.0
2023-08-28 12:00:00+09:00,1903.0,1906.0,1899.0,1902.0,10500,0.0,0.0
2023-08-28 13:00:00+09:00,1901.0,1901.0,1900.0,1901.0,800,0.0,0.0
2023-08-28 14:00:00+09:00,1905.0,1920.0,1905.0,1910.0,5500,0.0,0.0
2023-08-29 09:00:00+09:00,1918.0,1920.0,1913.0,1915.0,1800,0.0,0.0
2023-08-29 10:00:00+09:00,1918.0,1920.0,1915.0,1919.0,1700,0.0,0.0
2023-08-29 11:00:00+09:00,1920.0,1927.0,1913.0,1926.0,0,0.0,0.0
2023-08-29 12:00:00+09:00,1926.0,1926.0,1926.0,1926.0,0,0.0,0.0
2023-08-29 13:00:00+09:00,1930.0,1931.0,1923.0,1923.0,7400,0.0,0.0
2023-08-29 14:00:00+09:00,1933.0,1939.0,1926.0,1934.0,2700,0.0,0.0
2023-08-30 09:00:00+09:00,1935.0,1961.0,1935.0,1955.0,2100,0.0,0.0
2023-08-30 10:00:00+09:00,1954.0,1963.0,1953.0,1963.0,900,0.0,0.0
2023-08-30 11:00:00+09:00,1954.0,1977.0,1954.0,1977.0,0,0.0,0.0
2023-08-30 12:00:00+09:00,1977.0,1978.0,1957.0,1974.0,5200,0.0,0.0
2023-08-30 13:00:00+09:00,1977.0,1986.0,1973.0,1985.0,4900,0.0,0.0
2023-08-30 14:00:00+09:00,1981.0,1995.0,1977.0,1992.0,10200,0.0,0.0
2023-08-31 09:00:00+09:00,1988.0,2013.0,1981.0,2010.0,4800,0.0,0.0
2023-08-31 10:00:00+09:00,2006.0,2006.0,1995.0,1995.0,1700,0.0,0.0
2023-08-31 11:00:00+09:00,1994.0,1996.0,1993.0,1996.0,0,0.0,0.0
2023-08-31 12:00:00+09:00,1989.0,1989.0,1988.0,1988.0,8200,0.0,0.0
2023-08-31 13:00:00+09:00,1987.0,1998.0,1984.0,1994.0,2600,0.0,0.0
2023-08-31 14:00:00+09:00,1993.0,2000.0,1990.0,1990.0,4000,0.0,0.0
2023-09-01 09:00:00+09:00,1973.0,2007.0,1973.0,2003.0,2800,0.0,0.0
2023-09-01 10:00:00+09:00,2011.0,2016.0,2011.0,2016.0,400,0.0,0.0
2023-09-01 11:00:00+09:00,2016.0,2016.0,2016.0,2016.0,0,0.0,0.0
2023-09-01 12:00:00+09:00,2016.0,2016.0,2007.0,2007.0,3500,0.0,0.0
2023-09-01 13:00:00+09:00,2008.0,2015.0,2008.0,2015.0,1000,0.0,0.0
2023-09-01 14:00:00+09:00,2015.0,2017.0,2008.0,2013.0,3600,0.0,0.0
2023-09-04 09:00:00+09:00,2006.0,2025.0,1990.0,1998.0,6700,0.0,0.0
2023-09-04 10:00:00+09:00,1996.0,1996.0,1990.0,1996.0,2400,0.0,0.0
2023-09-04 11:00:00+09:00,1992.0,1995.0,1985.0,1991.0,0,0.0,0.0
2023-09-04 12:00:00+09:00,1998.0,1998.0,1980.0,1980.0,12000,0.0,0.0
2023-09-04 13:00:00+09:00,1980.0,1989.0,1980.0,1987.0,1900,0.0,0.0
2023-09-04 14:00:00+09:00,1988.0,1994.0,1985.0,1994.0,3000,0.0,0.0
2023-09-05 09:00:00+09:00,1989.0,2030.0,1989.0,2029.0,6700,0.0,0.0
2023-09-05 10:00:00+09:00,2020.0,2031.0,2020.0,2029.0,1600,0.0,0.0
2023-09-05 11:00:00+09:00,2029.0,2035.0,2026.0,2035.0,0,0.0,0.0
2023-09-05 12:00:00+09:00,2033.0,2051.0,2026.0,2026.0,13300,0.0,0.0
2023-09-05 13:00:00+09:00,2029.0,2041.0,2029.0,2038.0,4100,0.0,0.0
2023-09-05 14:00:00+09:00,2039.0,2051.0,2038.0,2045.0,4100,0.0,0.0
2023-09-06 09:00:00+09:00,2047.0,2064.0,2039.0,2048.0,3900,0.0,0.0
2023-09-06 10:00:00+09:00,2041.0,2044.0,2040.0,2044.0,2900,0.0,0.0
2023-09-06 11:00:00+09:00,2041.0,2049.0,2041.0,2049.0,0,0.0,0.0
2023-09-06 12:00:00+09:00,2049.0,2049.0,2046.0,2046.0,7800,0.0,0.0
2023-09-06 13:00:00+09:00,2050.0,2053.0,2050.0,2051.0,500,0.0,0.0
2023-09-06 14:00:00+09:00,2057.0,2064.0,2046.0,2064.0,9300,0.0,0.0
2023-09-07 09:00:00+09:00,2050.0,2052.0,2039.0,2048.0,2700,0.0,0.0
2023-09-07 10:00:00+09:00,2050.0,2050.0,2044.0,2044.0,0,0.0,0.0
2023-09-07 11:00:00+09:00,2045.0,2048.0,2027.0,2048.0,0,0.0,0.0
2023-09-07 12:00:00+09:00,2054.0,2058.0,2049.0,2058.0,9500,0.0,0.0
2023-09-07 13:00:00+09:00,2051.0,2054.0,2041.0,2044.0,2300,0.0,0.0
2023-09-07 14:00:00+09:00,2042.0,2057.0,2040.0,2052.0,2900,0.0,0.0
2023-09-08 09:00:00+09:00,2060.0,2109.0,2050.0,2086.0,8400,0.0,0.0
2023-09-08 10:00:00+09:00,2093.0,2107.0,2089.0,2100.0,2800,0.0,0.0
2023-09-08 11:00:00+09:00,2089.0,2105.0,2089.0,2104.0,0,0.0,0.0
2023-09-08 12:00:00+09:00,2093.0,2124.0,2093.0,2113.0,19800,0.0,0.0
2023-09-08 13:00:00+09:00,2114.0,2123.0,2107.0,2111.0,2200,0.0,0.0
2023-09-08 14:00:00+09:00,2105.0,2114.0,2105.0,2114.0,3600,0.0,0.0
2023-09-11 09:00:00+09:00,2129.0,2159.0,2109.0,2147.0,4800,0.0,0.0
2023-09-11 10:00:00+09:00,2149.0,2149.0,2128.0,2140.0,3900,0.0,0.0
2023-09-11 11:00:00+09:00,2140.0,2140.0,2130.0,2138.0,0,0.0,0.0
2023-09-11 12:00:00+09:00,2114.0,2125.0,2088.0,2100.0,20100,0.0,0.0
2023-09-11 13:00:00+09:00,2100.0,2109.0,2094.0,2098.0,7400,0.0,0.0
2023-09-11 14:00:00+09:00,2100.0,2119.0,2089.0,2093.0,12100,0.0,0.0
2023-09-12 09:00:00+09:00,2070.0,2083.0,2020.0,2054.0,13000,0.0,0.0
2023-09-12 10:00:00+09:00,2041.0,2055.0,2024.0,2037.0,5100,0.0,0.0
2023-09-12 11:00:00+09:00,2026.0,2030.0,2022.0,2026.0,0,0.0,0.0
2023-09-12 12:00:00+09:00,2043.0,2043.0,2022.0,2029.0,23800,0.0,0.0
2023-09-12 13:00:00+09:00,2028.0,2055.0,2024.0,2045.0,5900,0.0,0.0
2023-09-12 14:00:00+09:00,2039.0,2086.0,2039.0,2086.0,5800,0.0,0.0
2023-09-13 09:00:00+09:00,2035.0,2068.0,2035.0,2068.0,3000,0.0,0.0
2023-09-13 10:00:00+09:00,2067.0,2079.0,2063.0,2070.0,2300,0.0,0.0
2023-09-13 11:00:00+09:00,2074.0,2074.0,2072.0,2072.0,0,0.0,0.0
2023-09-13 12:00:00+09:00,2079.0,2100.0,2075.0,2080.0,8600,0.0,0.0
2023-09-13 13:00:00+09:00,2080.0,2082.0,2074.0,2076.0,1800,0.0,0.0
2023-09-13 14:00:00+09:00,2076.0,2076.0,2058.0,2069.0,4000,0.0,0.0
2023-09-14 09:00:00+09:00,2072.0,2083.0,2054.0,2066.0,1900,0.0,0.0
2023-09-14 10:00:00+09:00,2065.0,2066.0,2064.0,2065.0,500,0.0,0.0
2023-09-14 11:00:00+09:00,2069.0,2069.0,2069.0,2069.0,0,0.0,0.0
2023-09-14 12:00:00+09:00,2078.0,2084.0,2078.0,2078.0,3000,0.0,0.0
2023-09-14 13:00:00+09:00,2077.0,2086.0,2073.0,2074.0,3200,0.0,0.0
2023-09-14 14:00:00+09:00,2068.0,2074.0,2065.0,2068.0,3400,0.0,0.0
2023-09-15 09:00:00+09:00,2090.0,2090.0,2070.0,2070.0,800,0.0,0.0
2023-09-15 10:00:00+09:00,2076.0,2083.0,2076.0,2083.0,200,0.0,0.0
2023-09-15 11:00:00+09:00,2081.0,2081.0,2068.0,2068.0,0,0.0,0.0
2023-09-15 12:00:00+09:00,2083.0,2083.0,2072.0,2072.0,2300,0.0,0.0
2023-09-15 13:00:00+09:00,2063.0,2063.0,2028.0,2032.0,5500,0.0,0.0
2023-09-15 14:00:00+09:00,2028.0,2049.0,2027.0,2042.0,4200,0.0,0.0
2023-09-19 09:00:00+09:00,2041.0,2066.0,2030.0,2056.0,2400,0.0,0.0
2023-09-19 10:00:00+09:00,2056.0,2068.0,2046.0,2055.0,2200,0.0,0.0
2023-09-19 11:00:00+09:00,2052.0,2052.0,2034.0,2045.0,0,0.0,0.0
2023-09-19 12:00:00+09:00,2042.0,2042.0,2042.0,2042.0,6300,0.0,0.0
2023-09-19 13:00:00+09:00,2043.0,2047.0,2043.0,2047.0,200,0.0,0.0
2023-09-19 14:00:00+09:00,2050.0,2051.0,2036.0,2036.0,3700,0.0,0.0
2023-09-20 09:00:00+09:00,2039.0,2074.0,2039.0,2074.0,5300,0.0,0.0
2023-09-20 10:00:00+09:00,2078.0,2080.0,2075.0,2077.0,2300,0.0,0.0
2023-09-20 11:00:00+09:00,2076.0,2076.0,2070.0,2075.0,0,0.0,0.0
2023-09-20 12:00:00+09:00,2079.0,2079.0,2071.0,2075.0,9700,0.0,0.0
2023-09-20 13:00:00+09:00,2075.0,2080.0,2068.0,2079.0,2900,0.0,0.0
2023-09-20 14:00:00+09:00,2076.0,2076.0,2055.0,2065.0,4400,0.0,0.0
2023-09-21 09:00:00+09:00,2090.0,2090.0,2043.0,2043.0,1700,0.0,0.0
2023-09-21 10:00:00+09:00,2044.0,2044.0,1991.0,1991.0,5100,0.0,0.0
2023-09-21 11:00:00+09:00,1989.0,1991.0,1986.0,1989.0,0,0.0,0.0
2023-09-21 12:00:00+09:00,1993.0,2000.0,1992.0,1995.0,11000,0.0,0.0
2023-09-21 13:00:00+09:00,1995.0,2014.0,1992.0,2012.0,3400,0.0,0.0
2023-09-21 14:00:00+09:00,2018.0,2038.0,2018.0,2019.0,5500,0.0,0.0
2023-09-22 09:00:00+09:00,2013.0,2058.0,2013.0,2049.0,0,0.0,0.0
2023-09-22 10:00:00+09:00,2056.0,2063.0,2029.0,2049.0,5900,0.0,0.0
2023-09-22 11:00:00+09:00,2044.0,2070.0,2040.0,2060.0,0,0.0,0.0
2023-09-22 12:00:00+09:00,2060.0,2080.0,2060.0,2080.0,10000,0.0,0.0
2023-09-22 13:00:00+09:00,2067.0,2075.0,2060.0,2070.0,2000,0.0,0.0
2023-09-22 14:00:00+09:00,2060.0,2079.0,2036.0,2036.0,4300,0.0,0.0
2023-09-25 09:00:00+09:00,2060.0,2070.0,2050.0,2050.0,1600,0.0,0.0
2023-09-25 10:00:00+09:00,2044.0,2051.0,2033.0,2051.0,1300,0.0,0.0
2023-09-25 11:00:00+09:00,2047.0,2048.0,2039.0,2048.0,0,0.0,0.0
2023-09-25 12:00:00+09:00,2048.0,2053.0,2048.0,2053.0,4500,0.0,0.0
2023-09-25 13:00:00+09:00,2050.0,2050.0,2046.0,2046.0,200,0.0,0.0
2023-09-25 14:00:00+09:00,2042.0,2045.0,2035.0,2035.0,1200,0.0,0.0
2023-09-26 09:00:00+09:00,2028.0,2065.0,2026.0,2026.0,2900,0.0,0.0
2023-09-26 10:00:00+09:00,2018.0,2021.0,2017.0,2019.0,1200,0.0,0.0
2023-09-26 11:00:00+09:00,2007.0,2007.0,2007.0,2007.0,0,0.0,0.0
2023-09-26 12:00:00+09:00,2046.0,2046.0,2011.0,2011.0,4700,0.0,0.0
2023-09-26 13:00:00+09:00,2013.0,2013.0,2006.0,2010.0,900,0.0,0.0
2023-09-26 14:00:00+09:00,2016.0,2030.0,2014.0,2030.0,2300,0.0,0.0
2023-09-27 09:00:00+09:00,2006.0,2038.0,1992.0,2010.0,1300,0.0,0.0
2023-09-27 10:00:00+09:00,2012.0,2012.0,2012.0,2012.0,100,0.0,0.0
2023-09-27 11:00:00+09:00,2020.0,2020.0,2020.0,2020.0,0,0.0,0.0
2023-09-27 12:00:00+09:00,1985.0,2022.0,1985.0,1985.0,5700,0.0,0.0
2023-09-27 13:00:00+09:00,1985.0,1999.0,1957.0,1999.0,4900,0.0,0.0
2023-09-27 14:00:00+09:00,1988.0,2014.0,1988.0,2014.0,2200,0.0,0.0
2023-09-28 09:00:00+09:00,2004.0,2020.0,2004.0,2013.0,900,0.0,0.0
2023-09-28 11:00:00+09:00,1997.0,1999.0,1997.0,1999.0,0,0.0,0.0
2023-09-28 12:00:00+09:00,2000.0,2000.0,1985.0,1993.0,1800,0.0,0.0
2023-09-28 13:00:00+09:00,1990.0,1996.0,1989.0,1989.0,2000,0.0,0.0
2023-09-28 14:00:00+09:00,1980.0,1999.0,1978.0,1983.0,5300,0.0,0.0
2023-09-29 09:00:00+09:00,1975.0,1988.0,1966.0,1976.0,2500,0.0,0.0
2023-09-29 10:00:00+09:00,1975.0,1975.0,1971.0,1971.0,1000,0.0,0.0
2023-09-29 11:00:00+09:00,1971.0,1971.0,1971.0,1971.0,0,0.0,0.0
2023-09-29 12:00:00+09:00,1979.0,1979.0,1970.0,1970.0,3700,0.0,0.0
2023-09-29 13:00:00+09:00,1969.0,1972.0,1959.0,1959.0,1600,0.0,0.0
2023-09-29 14:00:00+09:00,1953.0,1954.0,1940.0,1942.0,4700,0.0,0.0
2023-10-02 09:00:00+09:00,1940.0,1990.0,1940.0,1990.0,8800,0.0,0.0
2023-10-02 10:00:00+09:00,1981.0,1993.0,1972.0,1985.0,2400,0.0,0.0
2023-10-02 11:00:00+09:00,1990.0,1990.0,1983.0,1983.0,0,0.0,0.0
2023-10-02 12:00:00+09:00,1994.0,1996.0,1980.0,1980.0,14200,0.0,0.0
2023-10-02 13:00:00+09:00,1980.0,1982.0,1972.0,1974.0,1300,0.0,0.0
2023-10-02 14:00:00+09:00,1970.0,1984.0,1954.0,1984.0,2700,0.0,0.0
2023-10-03 09:00:00+09:00,1973.0,1986.0,1971.0,1982.0,2900,0.0,0.0
2023-10-03 10:00:00+09:00,1976.0,2003.0,1970.0,1993.0,4200,0.0,0.0
2023-10-03 11:00:00+09:00,2002.0,2008.0,1994.0,2001.0,0,0.0,0.0
2023-10-03 12:00:00+09:00,1991.0,2005.0,1982.0,1985.0,13900,0.0,0.0
2023-10-03 13:00:00+09:00,1993.0,1995.0,1993.0,1995.0,500,0.0,0.0
2023-10-03 14:00:00+09:00,1988.0,2012.0,1988.0,1992.0,5000,0.0,0.0
2023-10-04 09:00:00+09:00,1989.0,1990.0,1941.0,1990.0,4100,0.0,0.0
2023-10-04 10:00:00+09:00,1989.0,1994.0,1977.0,1977.0,1800,0.0,0.0
2023-10-04 11:00:00+09:00,1978.0,1978.0,1972.0,1973.0,0,0.0,0.0
2023-10-04 12:00:00+09:00,1973.0,1978.0,1949.0,1960.0,8100,0.0,0.0
2023-10-04 13:00:00+09:00,1959.0,1979.0,1949.0,1965.0,4100,0.0,0.0
2023-10-04 14:00:00+09:00,1964.0,1983.0,1960.0,1982.0,6000,0.0,0.0
2023-10-05 09:00:00+09:00,2002.0,2002.0,1967.0,1975.0,0,0.0,0.0
2023-10-05 10:00:00+09:00,1981.0,1981.0,1967.0,1967.0,4600,0.0,0.0
2023-10-05 11:00:00+09:00,1965.0,1973.0,1959.0,1959.0,0,0.0,0.0
2023-10-05 12:00:00+09:00,1960.0,1974.0,1960.0,1964.0,6000,0.0,0.0
2023-10-05 13:00:00+09:00,1971.0,1996.0,1971.0,1994.0,3500,0.0,0.0
2023-10-05 14:00:00+09:00,1991.0,2003.0,1987.0,1987.0,4900,0.0,0.0
2023-10-06 09:00:00+09:00,1967.0,2032.0,1967.0,2032.0,5800,0.0,0.0
2023-10-06 10:00:00+09:00,2032.0,2062.0,2024.0,2046.0,5700,0.0,0.0
2023-10-06 11:00:00+09:00,2046.0,2054.0,2045.0,2052.0,0,0.0,0.0
2023-10-06 12:00:00+09:00,2052.0,2056.0,2014.0,2044.0,14300,0.0,0.0
2023-10-06 13:00:00+09:00,2044.0,2058.0,2044.0,2053.0,2800,0.0,0.0
2023-10-06 14:00:00+09:00,2058.0,2066.0,2051.0,2061.0,8400,0.0,0.0
2023-10-10 09:00:00+09:00,2063.0,2085.0,2038.0,2066.0,5700,0.0,0.0
2023-10-10 10:00:00+09:00,2048.0,2082.0,2048.0,2080.0,1400,0.0,0.0
2023-10-10 11:00:00+09:00,2072.0,2073.0,2072.0,2073.0,0,0.0,0.0
2023-10-10 12:00:00+09:00,2069.0,2078.0,2060.0,2076.0,9500,0.0,0.0
2023-10-10 13:00:00+09:00,2080.0,2084.0,2070.0,2079.0,3900,0.0,0.0
2023-10-10 14:00:00+09:00,2084.0,2084.0,2046.0,2046.0,3700,0.0,0.0
2023-10-11 09:00:00+09:00,2033.0,2094.0,2033.0,2074.0,0,0.0,0.0
2023-10-11 10:00:00+09:00,2074.0,2091.0,2069.0,2088.0,8200,0.0,0.0
2023-10-11 11:00:00+09:00,2092.0,2120.0,2092.0,2120.0,0,0.0,0.0
2023-10-11 12:00:00+09:00,2102.0,2109.0,2065.0,2109.0,14700,0.0,0.0
2023-10-11 13:00:00+09:00,2093.0,2108.0,2082.0,2082.0,2900,0.0,0.0
2023-10-11 14:00:00+09:00,2087.0,2102.0,2085.0,2097.0,3400,0.0,0.0
2023-10-12 09:00:00+09:00,2064.0,2132.0,2064.0,2115.0,5900,0.0,0.0
2023-10-12 10:00:00+09:00,2108.0,2109.0,2103.0,2104.0,800,0.0,0.0
2023-10-12 11:00:00+09:00,2111.0,2115.0,2106.0,2109.0,0,0.0,0.0
2023-10-12 12:00:00+09:00,2107.0,2110.0,2106.0,2107.0,9600,0.0,0.0
2023-10-12 13:00:00+09:00,2106.0,2109.0,2101.0,2101.0,1500,0.0,0.0
2023-10-12 14:00:00+09:00,2101.0,2107.0,2056.0,2107.0,8100,0.0,0.0
2023-10-13 09:00:00+09:00,2106.0,2106.0,2060.0,2067.0,1900,0.0,0.0
2023-10-13 10:00:00+09:00,2076.0,2080.0,2065.0,2074.0,900,0.0,0.0
2023-10-13 11:00:00+09:00,2073.0,2080.0,2066.0,2066.0,0,0.0,0.0
2023-10-13 12:00:00+09:00,2066.0,2097.0,2066.0,2077.0,5300,0.0,0.0
2023-10-13 13:00:00+09:00,2074.0,2076.0,2062.0,2062.0,1200,0.0,0.0
2023-10-13 14:00:00+09:00,2063.0,2089.0,2060.0,2077.0,8000,0.0,0.0
2023-10-16 09:00:00+09:00,2026.0,2056.0,2026.0,2054.0,5500,0.0,0.0
2023-10-16 10:00:00+09:00,2063.0,2070.0,2050.0,2050.0,1100,0.0,0.0
2023-10-16 11:00:00+09:00,2046.0,2048.0,2040.0,2040.0,0,0.0,0.0
2023-10-16 12:00:00+09:00,2040.0,2050.0,2034.0,2034.0,9300,0.0,0.0
2023-10-16 13:00:00+09:00,2030.0,2055.0,2030.0,2055.0,0,0.0,0.0
2023-10-16 14:00:00+09:00,2053.0,2053.0,2025.0,2051.0,14100,0.0,0.0
2023-10-17 09:00:00+09:00,2052.0,2077.0,2048.0,2052.0,1600,0.0,0.0
2023-10-17 10:00:00+09:00,2048.0,2048.0,2017.0,2020.0,1800,0.0,0.0
2023-10-17 11:00:00+09:00,2020.0,2020.0,2016.0,2016.0,0,0.0,0.0
2023-10-17 12:00:00+09:00,2012.0,2012.0,2000.0,2005.0,4900,0.0,0.0
2023-10-17 13:00:00+09:00,2006.0,2006.0,1990.0,1993.0,1300,0.0,0.0
2023-10-17 14:00:00+09:00,1983.0,2011.0,1980.0,2011.0,5100,0.0,0.0
2023-10-18 10:00:00+09:00,2007.0,2007.0,1979.0,1979.0,1500,0.0,0.0
2023-10-18 11:00:00+09:00,1984.0,1984.0,1984.0,1984.0,0,0.0,0.0
2023-10-18 12:00:00+09:00,1992.0,1992.0,1981.0,1982.0,2400,0.0,0.0
2023-10-18 13:00:00+09:00,1983.0,1995.0,1983.0,1995.0,300,0.0,0.0
2023-10-18 14:00:00+09:00,2007.0,2025.0,2007.0,2025.0,3000,0.0,0.0
2023-10-19 09:00:00+09:00,1986.0,1986.0,1982.0,1982.0,0,0.0,0.0
2023-10-19 10:00:00+09:00,1998.0,1998.0,1984.0,1984.0,900,0.0,0.0
2023-10-19 11:00:00+09:00,1982.0,1982.0,1975.0,1975.0,0,0.0,0.0
2023-10-19 12:00:00+09:00,1979.0,1979.0,1959.0,1967.0,6300,0.0,0.0
2023-10-19 13:00:00+09:00,1962.0,1982.0,1962.0,1978.0,900,0.0,0.0
2023-10-19 14:00:00+09:00,1977.0,1985.0,1974.0,1980.0,1500,0.0,0.0
2023-10-20 09:00:00+09:00,2035.0,2035.0,1970.0,1970.0,2200,0.0,0.0
2023-10-20 10:00:00+09:00,1972.0,1972.0,1955.0,1963.0,700,0.0,0.0
2023-10-20 11:00:00+09:00,1963.0,1963.0,1963.0,1963.0,0,0.0,0.0
2023-10-20 12:00:00+09:00,1963.0,1988.0,1962.0,1985.0,4900,0.0,0.0
2023-10-20 13:00:00+09:00,1986.0,2003.0,1984.0,2003.0,5700,0.0,0.0
2023-10-20 14:00:00+09:00,2003.0,2022.0,1990.0,2022.0,6000,0.0,0.0
2023-10-23 09:00:00+09:00,1974.0,1974.0,1954.0,1962.0,1300,0.0,0.0
2023-10-23 10:00:00+09:00,1956.0,1956.0,1956.0,1956.0,100,0.0,0.0
2023-10-23 11:00:00+09:00,1953.0,1964.0,1953.0,1957.0,0,0.0,0.0
2023-10-23 12:00:00+09:00,1961.0,1961.0,1955.0,1955.0,3500,0.0,0.0
2023-10-23 13:00:00+09:00,1952.0,1952.0,1926.0,1930.0,3600,0.0,0.0
2023-10-23 14:00:00+09:00,1930.0,1995.0,1920.0,1975.0,11400,0.0,0.0
2023-10-24 09:00:00+09:00,1907.0,1939.0,1860.0,1860.0,6600,0.0,0.0
2023-10-24 10:00:00+09:00,1854.0,1863.0,1832.0,1842.0,5900,0.0,0.0
2023-10-24 11:00:00+09:00,1837.0,1882.0,1837.0,1882.0,0,0.0,0.0
2023-10-24 12:00:00+09:00,1914.0,1914.0,1877.0,1893.0,21000,0.0,0.0
2023-10-24 13:00:00+09:00,1890.0,1917.0,1886.0,1890.0,6500,0.0,0.0
2023-10-24 14:00:00+09:00,1913.0,1950.0,1895.0,1895.0,9600,0.0,0.0
2023-10-25 09:00:00+09:00,1946.0,1946.0,1912.0,1915.0,3200,0.0,0.0
2023-10-25 10:00:00+09:00,1918.0,1938.0,1918.0,1935.0,1100,0.0,0.0
2023-10-25 11:00:00+09:00,1935.0,1935.0,1935.0,1935.0,0,0.0,0.0
2023-10-25 12:00:00+09:00,1937.0,1937.0,1932.0,1932.0,5000,0.0,0.0
2023-10-25 13:00:00+09:00,1939.0,1950.0,1938.0,1948.0,2200,0.0,0.0
2023-10-25 14:00:00+09:00,1955.0,1968.0,1939.0,1942.0,8900,0.0,0.0
2023-10-26 09:00:00+09:00,1934.0,1949.0,1906.0,1916.0,2800,0.0,0.0
2023-10-26 10:00:00+09:00,1917.0,1929.0,1915.0,1925.0,2000,0.0,0.0
2023-10-26 11:00:00+09:00,1917.0,1917.0,1917.0,1917.0,0,0.0,0.0
2023-10-26 12:00:00+09:00,1919.0,1919.0,1900.0,1900.0,5800,0.0,0.0
2023-10-26 13:00:00+09:00,1901.0,1904.0,1890.0,1903.0,1700,0.0,0.0
2023-10-26 14:00:00+09:00,1901.0,1902.0,1885.0,1898.0,3300,0.0,0.0
2023-10-27 09:00:00+09:00,1875.0,1902.0,1866.0,1901.0,2500,0.0,0.0
2023-10-27 10:00:00+09:00,1907.0,1919.0,1907.0,1917.0,500,0.0,0.0
2023-10-27 11:00:00+09:00,1917.0,1917.0,1917.0,1917.0,0,0.0,0.0
2023-10-27 12:00:00+09:00,1910.0,1910.0,1910.0,1910.0,3600,0.0,0.0
2023-10-27 13:00:00+09:00,1907.0,1907.0,1903.0,1903.0,500,0.0,0.0
2023-10-27 14:00:00+09:00,1902.0,1908.0,1901.0,1908.0,900,0.0,0.0
2023-10-30 09:00:00+09:00,1888.0,1902.0,1888.0,1899.0,700,0.0,0.0
2023-10-30 10:00:00+09:00,1899.0,1899.0,1897.0,1897.0,300,0.0,0.0
2023-10-30 11:00:00+09:00,1887.0,1887.0,1886.0,1886.0,0,0.0,0.0
2023-10-30 12:00:00+09:00,1886.0,1895.0,1881.0,1895.0,1800,0.0,0.0
2023-10-30 13:00:00+09:00,1889.0,1889.0,1889.0,1889.0,200,0.0,0.0
2023-10-30 14:00:00+09:00,1891.0,1914.0,1891.0,1914.0,2000,0.0,0.0
2023-10-31 12:00:00+09:00,1863.0,1897.0,1863.0,1897.0,200,0.0,0.0
2023-10-31 13:00:00+09:00,1920.0,1929.0,1904.0,1929.0,1600,0.0,0.0
2023-10-31 14:00:00+09:00,1929.0,1950.0,1918.0,1949.0,2200,0.0,0.0
2023-11-01 09:00:00+09:00,1955.0,1963.0,1939.0,1945.0,2300,0.0,0.0
2023-11-01 11:00:00+09:00,1944.0,1944.0,1944.0,1944.0,0,0.0,0.0
2023-11-01 12:00:00+09:00,1933.0,1933.0,1933.0,1933.0,2600,0.0,0.0
2023-11-01 13:00:00+09:00,1960.0,1960.0,1960.0,1960.0,200,0.0,0.0
2023-11-01 14:00:00+09:00,1964.0,1967.0,1953.0,1957.0,1700,0.0,0.0
2023-11-02 09:00:00+09:00,1950.0,1961.0,1937.0,1961.0,1700,0.0,0.0
2023-11-02 10:00:00+09:00,1951.0,1951.0,1933.0,1945.0,1200,0.0,0.0
2023-11-02 11:00:00+09:00,1945.0,1945.0,1945.0,1945.0,0,0.0,0.0
2023-11-02 12:00:00+09:00,1946.0,1946.0,1946.0,1946.0,3300,0.0,0.0
2023-11-02 13:00:00+09:00,1946.0,1962.0,1946.0,1962.0,1600,0.0,0.0
2023-11-02 14:00:00+09:00,1959.0,1974.0,1942.0,1962.0,2700,0.0,0.0
2023-11-06 09:00:00+09:00,1947.0,1947.0,1947.0,1947.0,100,0.0,0.0
2023-11-06 10:00:00+09:00,1956.0,1973.0,1956.0,1973.0,200,0.0,0.0
2023-11-06 11:00:00+09:00,1973.0,1987.0,1973.0,1987.0,0,0.0,0.0
2023-11-06 12:00:00+09:00,1987.0,2000.0,1987.0,1990.0,3500,0.0,0.0
2023-11-06 13:00:00+09:00,1992.0,1992.0,1992.0,1992.0,100,0.0,0.0
2023-11-06 14:00:00+09:00,1994.0,1996.0,1982.0,1996.0,1400,0.0,0.0
2023-11-07 09:00:00+09:00,1983.0,1998.0,1983.0,1998.0,1300,0.0,0.0
2023-11-07 10:00:00+09:00,1998.0,1998.0,1998.0,1998.0,100,0.0,0.0
2023-11-07 11:00:00+09:00,1990.0,1990.0,1990.0,1990.0,0,0.0,0.0
2023-11-07 12:00:00+09:00,1990.0,1990.0,1981.0,1981.0,2500,0.0,0.0
2023-11-07 13:00:00+09:00,1982.0,1982.0,1982.0,1982.0,100,0.0,0.0
2023-11-07 14:00:00+09:00,1989.0,1991.0,1981.0,1981.0,1200,0.0,0.0
2023-11-08 09:00:00+09:00,1948.0,1987.0,1948.0,1987.0,800,0.0,0.0
2023-11-08 10:00:00+09:00,1985.0,1989.0,1983.0,1983.0,700,0.0,0.0
2023-11-08 11:00:00+09:00,1991.0,1994.0,1991.0,1994.0,0,0.0,0.0
2023-11-08 12:00:00+09:00,1988.0,1988.0,1968.0,1977.0,3300,0.0,0.0
2023-11-08 13:00:00+09:00,1984.0,1984.0,1963.0,1964.0,2700,0.0,0.0
2023-11-08 14:00:00+09:00,1977.0,1977.0,1949.0,1955.0,3300,0.0,0.0
2023-11-09 09:00:00+09:00,1935.0,1978.0,1935.0,1971.0,900,0.0,0.0
2023-11-09 10:00:00+09:00,1970.0,1974.0,1969.0,1969.0,500,0.0,0.0
2023-11-09 11:00:00+09:00,1972.0,1972.0,1972.0,1972.0,0,0.0,0.0
2023-11-09 12:00:00+09:00,1994.0,1994.0,1963.0,1977.0,4300,0.0,0.0
2023-11-09 13:00:00+09:00,1977.0,1983.0,1973.0,1977.0,2600,0.0,0.0
2023-11-09 14:00:00+09:00,1970.0,1977.0,1962.0,1976.0,7300,0.0,0.0
2023-11-10 09:00:00+09:00,1962.0,1962.0,1933.0,1933.0,600,0.0,0.0
2023-11-10 11:00:00+09:00,1933.0,1933.0,1933.0,1933.0,0,0.0,0.0
2023-11-10 12:00:00+09:00,1973.0,1973.0,1957.0,1957.0,1800,0.0,0.0
2023-11-10 14:00:00+09:00,1962.0,1968.0,1953.0,1968.0,600,0.0,0.0
2023-11-13 09:00:00+09:00,1996.0,1998.0,1943.0,1948.0,6800,0.0,0.0
2023-11-13 10:00:00+09:00,1946.0,1946.0,1927.0,1934.0,4500,0.0,0.0
2023-11-13 11:00:00+09:00,1944.0,1972.0,1934.0,1951.0,0,0.0,0.0
2023-11-13 12:00:00+09:00,1951.0,1955.0,1919.0,1924.0,18200,0.0,0.0
2023-11-13 13:00:00+09:00,1926.0,1926.0,1906.0,1906.0,3600,0.0,0.0
2023-11-13 14:00:00+09:00,1904.0,1939.0,1904.0,1936.0,2500,0.0,0.0
2023-11-14 09:00:00+09:00,1942.0,1942.0,1890.0,1892.0,5800,0.0,0.0
2023-11-14 10:00:00+09:00,1902.0,1908.0,1893.0,1900.0,1300,0.0,0.0
2023-11-14 11:00:00+09:00,1901.0,1905.0,1892.0,1892.0,0,0.0,0.0
2023-11-14 12:00:00+09:00,1891.0,1904.0,1891.0,1901.0,11300,0.0,0.0
2023-11-14 13:00:00+09:00,1900.0,1905.0,1898.0,1898.0,0,0.0,0.0
2023-11-14 14:00:00+09:00,1902.0,1906.0,1900.0,1902.0,15100,0.0,0.0
2023-11-15 09:00:00+09:00,1942.0,1942.0,1836.0,1839.0,17800,0.0,0.0
2023-11-15 10:00:00+09:00,1839.0,1858.0,1834.0,1835.0,10700,0.0,0.0
2023-11-15 11:00:00+09:00,1839.0,1849.0,1834.0,1834.0,0,0.0,0.0
2023-11-15 12:00:00+09:00,1850.0,1904.0,1850.0,1882.0,44700,0.0,0.0
2023-11-15 13:00:00+09:00,1883.0,1921.0,1883.0,1903.0,12600,0.0,0.0
2023-11-15 14:00:00+09:00,1910.0,1918.0,1882.0,1910.0,19700,0.0,0.0
2023-11-16 09:00:00+09:00,1888.0,1888.0,1857.0,1863.0,9400,0.0,0.0
2023-11-16 10:00:00+09:00,1862.0,1875.0,1839.0,1839.0,10200,0.0,0.0
2023-11-16 11:00:00+09:00,1841.0,1850.0,1836.0,1839.0,0,0.0,0.0
2023-11-16 12:00:00+09:00,1837.0,1847.0,1837.0,1843.0,24300,0.0,0.0
2023-11-16 13:00:00+09:00,1840.0,1840.0,1797.0,1811.0,24100,0.0,0.0
2023-11-16 14:00:00+09:00,1808.0,1808.0,1795.0,1800.0,11600,0.0,0.0
2023-11-17 09:00:00+09:00,1772.0,1781.0,1750.0,1770.0,20000,0.0,0.0
2023-11-17 10:00:00+09:00,1776.0,1776.0,1724.0,1731.0,9700,0.0,0.0
2023-11-17 11:00:00+09:00,1725.0,1731.0,1720.0,1727.0,0,0.0,0.0
2023-11-17 12:00:00+09:00,1738.0,1807.0,1738.0,1797.0,44800,0.0,0.0
2023-11-17 13:00:00+09:00,1801.0,1820.0,1799.0,1803.0,8600,0.0,0.0
2023-11-17 14:00:00+09:00,1807.0,1814.0,1800.0,1803.0,9800,0.0,0.0
2023-11-20 09:00:00+09:00,1811.0,1870.0,1800.0,1869.0,11100,0.0,0.0
2023-11-20 10:00:00+09:00,1870.0,1871.0,1858.0,1865.0,4000,0.0,0.0
2023-11-20 11:00:00+09:00,1870.0,1873.0,1855.0,1855.0,0,0.0,0.0
2023-11-20 12:00:00+09:00,1867.0,1868.0,1855.0,1861.0,19700,0.0,0.0
2023-11-20 13:00:00+09:00,1861.0,1879.0,1861.0,1879.0,2500,0.0,0.0
2023-11-20 14:00:00+09:00,1879.0,1895.0,1816.0,1893.0,19600,0.0,0.0
2023-11-21 09:00:00+09:00,1880.0,1880.0,1841.0,1851.0,5700,0.0,0.0
2023-11-21 10:00:00+09:00,1848.0,1856.0,1844.0,1856.0,700,0.0,0.0
2023-11-21 11:00:00+09:00,1852.0,1855.0,1848.0,1848.0,0,0.0,0.0
2023-11-21 12:00:00+09:00,1855.0,1877.0,1850.0,1877.0,9400,0.0,0.0
2023-11-21 13:00:00+09:00,1874.0,1906.0,1874.0,1896.0,6200,0.0,0.0
2023-11-21 14:00:00+09:00,1896.0,1904.0,1867.0,1904.0,15700,0.0,0.0
2023-11-22 09:00:00+09:00,1904.0,1904.0,1884.0,1900.0,3500,0.0,0.0
2023-11-22 10:00:00+09:00,1902.0,1902.0,1897.0,1897.0,300,0.0,0.0
2023-11-22 11:00:00+09:00,1888.0,1891.0,1867.0,1867.0,0,0.0,0.0
2023-11-22 12:00:00+09:00,1877.0,1893.0,1877.0,1893.0,0,0.0,0.0
2023-11-22 13:00:00+09:00,1873.0,1878.0,1870.0,1878.0,7200,0.0,0.0
2023-11-22 14:00:00+09:00,1876.0,1889.0,1858.0,1889.0,6500,0.0,0.0
2023-11-24 09:00:00+09:00,1876.0,1893.0,1872.0,1888.0,4700,0.0,0.0
2023-11-24 10:00:00+09:00,1891.0,1891.0,1877.0,1881.0,2100,0.0,0.0
2023-11-24 11:00:00+09:00,1881.0,1883.0,1880.0,1883.0,0,0.0,0.0
2023-11-24 12:00:00+09:00,1880.0,1880.0,1868.0,1878.0,8800,0.0,0.0
2023-11-24 13:00:00+09:00,1880.0,1881.0,1870.0,1872.0,1600,0.0,0.0
2023-11-24 14:00:00+09:00,1870.0,1874.0,1858.0,1858.0,2000,0.0,0.0
2023-11-27 09:00:00+09:00,1884.0,1923.0,1884.0,1893.0,2700,0.0,0.0
2023-11-27 10:00:00+09:00,1891.0,1896.0,1878.0,1878.0,2300,0.0,0.0
2023-11-27 11:00:00+09:00,1878.0,1882.0,1874.0,1882.0,0,0.0,0.0
2023-11-27 12:00:00+09:00,1904.0,1904.0,1877.0,1877.0,6600,0.0,0.0
2023-11-27 13:00:00+09:00,1876.0,1882.0,1875.0,1882.0,400,0.0,0.0
2023-11-27 14:00:00+09:00,1879.0,1883.0,1876.0,1883.0,1000,0.0,0.0
2023-11-28 09:00:00+09:00,1893.0,1903.0,1886.0,1896.0,4700,0.0,0.0
2023-11-28 10:00:00+09:00,1894.0,1894.0,1886.0,1892.0,2300,0.0,0.0
2023-11-28 11:00:00+09:00,1894.0,1897.0,1888.0,1890.0,0,0.0,0.0
2023-11-28 12:00:00+09:00,1893.0,1897.0,1890.0,1894.0,11300,0.0,0.0
2023-11-28 13:00:00+09:00,1892.0,1897.0,1889.0,1897.0,0,0.0,0.0
2023-11-28 14:00:00+09:00,1899.0,1903.0,1890.0,1890.0,17600,0.0,0.0
2023-11-29 09:00:00+09:00,1899.0,1908.0,1877.0,1895.0,4200,0.0,0.0
2023-11-29 10:00:00+09:00,1902.0,1902.0,1895.0,1900.0,1400,0.0,0.0
2023-11-29 11:00:00+09:00,1909.0,1920.0,1908.0,1918.0,0,0.0,0.0
2023-11-29 12:00:00+09:00,1913.0,1940.0,1909.0,1932.0,12000,0.0,0.0
2023-11-29 13:00:00+09:00,1928.0,1932.0,1924.0,1932.0,3900,0.0,0.0
2023-11-29 14:00:00+09:00,1929.0,1930.0,1898.0,1903.0,5600,0.0,0.0
2023-11-30 09:00:00+09:00,1918.0,1918.0,1905.0,1905.0,0,0.0,0.0
2023-11-30 10:00:00+09:00,1897.0,1919.0,1897.0,1919.0,2600,0.0,0.0
2023-11-30 11:00:00+09:00,1920.0,1920.0,1906.0,1906.0,0,0.0,0.0
2023-11-30 12:00:00+09:00,1912.0,1917.0,1909.0,1909.0,4700,0.0,0.0
2023-11-30 13:00:00+09:00,1914.0,1929.0,1913.0,1929.0,1400,0.0,0.0
2023-11-30 14:00:00+09:00,1928.0,1955.0,1923.0,1955.0,0,0.0,0.0
2023-12-01 09:00:00+09:00,1952.0,1952.0,1952.0,1952.0,1600,0.0,0.0
2023-12-01 10:00:00+09:00,1933.0,1941.0,1922.0,1922.0,2200,0.0,0.0
2023-12-01 11:00:00+09:00,1923.0,1923.0,1923.0,1923.0,0,0.0,0.0
2023-12-01 12:00:00+09:00,1930.0,1930.0,1920.0,1923.0,6000,0.0,0.0
2023-12-01 13:00:00+09:00,1923.0,1923.0,1923.0,1923.0,100,0.0,0.0
2023-12-01 14:00:00+09:00,1925.0,1935.0,1910.0,1920.0,8100,0.0,0.0
2023-12-04 09:00:00+09:00,1910.0,1930.0,1899.0,1930.0,6300,0.0,0.0
2023-12-04 10:00:00+09:00,1930.0,1945.0,1930.0,1936.0,3900,0.0,0.0
2023-12-04 11:00:00+09:00,1936.0,1942.0,1936.0,1937.0,0,0.0,0.0
2023-12-04 12:00:00+09:00,1937.0,1949.0,1937.0,1949.0,11900,0.0,0.0
2023-12-04 13:00:00+09:00,1942.0,1942.0,1933.0,1941.0,2300,0.0,0.0
2023-12-04 14:00:00+09:00,1938.0,1949.0,1927.0,1949.0,5100,0.0,0.0
2023-12-05 09:00:00+09:00,1908.0,1908.0,1836.0,1890.0,0,0.0,0.0
2023-12-05 10:00:00+09:00,1898.0,1904.0,1890.0,1903.0,22900,0.0,0.0
2023-12-05 11:00:00+09:00,1902.0,1908.0,1895.0,1907.0,0,0.0,0.0
2023-12-05 12:00:00+09:00,1910.0,1910.0,1886.0,1900.0,27600,0.0,0.0
2023-12-05 13:00:00+09:00,1900.0,1903.0,1890.0,1898.0,2900,0.0,0.0
2023-12-05 14:00:00+09:00,1898.0,1898.0,1880.0,1890.0,3600,0.0,0.0
2023-12-06 09:00:00+09:00,1918.0,1971.0,1911.0,1938.0,0,0.0,0.0
2023-12-06 10:00:00+09:00,1942.0,1953.0,1931.0,1947.0,22200,0.0,0.0
2023-12-06 11:00:00+09:00,1944.0,1955.0,1938.0,1948.0,0,0.0,0.0
2023-12-06 12:00:00+09:00,1941.0,1966.0,1925.0,1965.0,30000,0.0,0.0
2023-12-06 13:00:00+09:00,1967.0,1982.0,1961.0,1982.0,8200,0.0,0.0
2023-12-06 14:00:00+09:00,1980.0,2007.0,1974.0,2005.0,11200,0.0,0.0
2023-12-07 09:00:00+09:00,1971.0,2036.0,1965.0,2022.0,10300,0.0,0.0
2023-12-07 10:00:00+09:00,2027.0,2030.0,1998.0,1998.0,12200,0.0,0.0
2023-12-07 11:00:00+09:00,1996.0,2010.0,1960.0,1960.0,0,0.0,0.0
2023-12-07 12:00:00+09:00,1960.0,1975.0,1957.0,1966.0,41300,0.0,0.0
2023-12-07 13:00:00+09:00,1969.0,1969.0,1953.0,1959.0,3600,0.0,0.0
2023-12-07 14:00:00+09:00,1960.0,1960.0,1940.0,1940.0,2800,0.0,0.0
2023-12-08 09:00:00+09:00,1963.0,1963.0,1929.0,1935.0,4300,0.0,0.0
2023-12-08 10:00:00+09:00,1931.0,1931.0,1917.0,1928.0,0,0.0,0.0
2023-12-08 11:00:00+09:00,1929.0,1939.0,1929.0,1939.0,0,0.0,0.0
2023-12-08 12:00:00+09:00,1958.0,1958.0,1930.0,1934.0,9200,0.0,0.0
2023-12-08 13:00:00+09:00,1933.0,1935.0,1917.0,1928.0,4800,0.0,0.0
2023-12-08 14:00:00+09:00,1928.0,1933.0,1926.0,1928.0,2600,0.0,0.0
2023-12-11 09:00:00+09:00,1947.0,1950.0,1940.0,1940.0,1600,0.0,0.0
2023-12-11 10:00:00+09:00,1935.0,1942.0,1926.0,1934.0,1900,0.0,0.0
2023-12-11 11:00:00+09:00,1933.0,1933.0,1930.0,1930.0,0,0.0,0.0
2023-12-11 12:00:00+09:00,1930.0,1930.0,1907.0,1912.0,5500,0.0,0.0
2023-12-11 13:00:00+09:00,1924.0,1924.0,1909.0,1909.0,2600,0.0,0.0
2023-12-11 14:00:00+09:00,1909.0,1910.0,1900.0,1903.0,3300,0.0,0.0
2023-12-12 09:00:00+09:00,1915.0,1915.0,1909.0,1910.0,800,0.0,0.0
2023-12-12 10:00:00+09:00,1904.0,1904.0,1891.0,1895.0,2700,0.0,0.0
2023-12-12 11:00:00+09:00,1889.0,1889.0,1876.0,1887.0,0,0.0,0.0
2023-12-12 12:00:00+09:00,1907.0,1907.0,1877.0,1877.0,6900,0.0,0.0
2023-12-12 13:00:00+09:00,1880.0,1880.0,1875.0,1875.0,700,0.0,0.0
2023-12-12 14:00:00+09:00,1874.0,1879.0,1857.0,1874.0,1800,0.0,0.0
2023-12-13 09:00:00+09:00,1867.0,1873.0,1857.0,1873.0,2800,0.0,0.0
2023-12-13 10:00:00+09:00,1870.0,1870.0,1868.0,1868.0,800,0.0,0.0
2023-12-13 11:00:00+09:00,1860.0,1867.0,1860.0,1867.0,0,0.0,0.0
2023-12-13 12:00:00+09:00,1871.0,1871.0,1869.0,1870.0,4200,0.0,0.0
2023-12-13 13:00:00+09:00,1863.0,1875.0,1860.0,1875.0,900,0.0,0.0
2023-12-13 14:00:00+09:00,1880.0,1892.0,1879.0,1879.0,2000,0.0,0.0
2023-12-14 09:00:00+09:00,1870.0,1870.0,1827.0,1827.0,4500,0.0,0.0
2023-12-14 10:00:00+09:00,1826.0,1826.0,1820.0,1826.0,1500,0.0,0.0
2023-12-14 11:00:00+09:00,1827.0,1835.0,1826.0,1826.0,0,0.0,0.0
2023-12-14 12:00:00+09:00,1860.0,1860.0,1816.0,1818.0,10500,0.0,0.0
2023-12-14 13:00:00+09:00,1817.0,1822.0,1812.0,1812.0,3100,0.0,0.0
2023-12-14 14:00:00+09:00,1819.0,1822.0,1782.0,1800.0,8500,0.0,0.0
2023-12-15 09:00:00+09:00,1796.0,1808.0,1788.0,1802.0,3100,0.0,0.0
2023-12-15 10:00:00+09:00,1798.0,1823.0,1788.0,1805.0,4100,0.0,0.0
2023-12-15 11:00:00+09:00,1806.0,1810.0,1798.0,1801.0,0,0.0,0.0
2023-12-15 12:00:00+09:00,1801.0,1804.0,1801.0,1804.0,9400,0.0,0.0
2023-12-15 13:00:00+09:00,1804.0,1807.0,1797.0,1807.0,1300,0.0,0.0
2023-12-15 14:00:00+09:00,1799.0,1800.0,1788.0,1788.0,1600,0.0,0.0
2023-12-18 09:00:00+09:00,1780.0,1782.0,1770.0,1774.0,3200,0.0,0.0
2023-12-18 10:00:00+09:00,1784.0,1784.0,1767.0,1770.0,1700,0.0,0.0
2023-12-18 11:00:00+09:00,1767.0,1767.0,1762.0,1767.0,0,0.0,0.0
2023-12-18 12:00:00+09:00,1763.0,1768.0,1750.0,1757.0,10100,0.0,0.0
2023-12-18 13:00:00+09:00,1759.0,1760.0,1730.0,1744.0,9500,0.0,0.0
2023-12-18 14:00:00+09:00,1745.0,1768.0,1745.0,1768.0,1300,0.0,0.0
2023-12-19 09:00:00+09:00,1762.0,1809.0,1753.0,1797.0,0,0.0,0.0
2023-12-19 10:00:00+09:00,1799.0,1811.0,1798.0,1808.0,7300,0.0,0.0
2023-12-19 11:00:00+09:00,1810.0,1812.0,1802.0,1803.0,0,0.0,0.0
2023-12-19 12:00:00+09:00,1812.0,1828.0,1802.0,1824.0,14100,0.0,0.0
2023-12-19 13:00:00+09:00,1815.0,1815.0,1804.0,1811.0,1100,0.0,0.0
2023-12-19 14:00:00+09:00,1813.0,1813.0,1786.0,1796.0,11700,0.0,0.0
2023-12-20 09:00:00+09:00,1819.0,1829.0,1819.0,1828.0,3100,0.0,0.0
2023-12-20 10:00:00+09:00,1825.0,1825.0,1800.0,1800.0,1700,0.0,0.0
2023-12-20 11:00:00+09:00,1800.0,1805.0,1800.0,1802.0,0,0.0,0.0
2023-12-20 12:00:00+09:00,1798.0,1798.0,1768.0,1769.0,7800,0.0,0.0
2023-12-20 13:00:00+09:00,1771.0,1797.0,1767.0,1797.0,2200,0.0,0.0
2023-12-20 14:00:00+09:00,1790.0,1803.0,1790.0,1792.0,5000,0.0,0.0
2023-12-21 09:00:00+09:00,1775.0,1791.0,1775.0,1781.0,5000,0.0,0.0
2023-12-21 10:00:00+09:00,1785.0,1785.0,1780.0,1782.0,1000,0.0,0.0
2023-12-21 11:00:00+09:00,1780.0,1789.0,1780.0,1789.0,0,0.0,0.0
2023-12-21 12:00:00+09:00,1799.0,1799.0,1799.0,1799.0,8100,0.0,0.0
2023-12-21 13:00:00+09:00,1790.0,1790.0,1790.0,1790.0,100,0.0,0.0
2023-12-21 14:00:00+09:00,1787.0,1791.0,1777.0,1780.0,5800,0.0,0.0
2023-12-22 09:00:00+09:00,1790.0,1790.0,1779.0,1780.0,400,0.0,0.0
2023-12-22 10:00:00+09:00,1780.0,1780.0,1780.0,1780.0,100,0.0,0.0
2023-12-22 11:00:00+09:00,1780.0,1780.0,1780.0,1780.0,0,0.0,0.0
2023-12-22 12:00:00+09:00,1780.0,1783.0,1780.0,1783.0,900,0.0,0.0
2023-12-22 13:00:00+09:00,1780.0,1792.0,1780.0,1792.0,1000,0.0,0.0
2023-12-22 14:00:00+09:00,1785.0,1807.0,1785.0,1800.0,4500,0.0,0.0
2023-12-25 09:00:00+09:00,1806.0,1822.0,1792.0,1801.0,9800,0.0,0.0
2023-12-25 10:00:00+09:00,1795.0,1828.0,1795.0,1800.0,11700,0.0,0.0
2023-12-25 11:00:00+09:00,1800.0,1800.0,1784.0,1784.0,0,0.0,0.0
2023-12-25 12:00:00+09:00,1783.0,1788.0,1755.0,1762.0,33200,0.0,0.0
2023-12-25 13:00:00+09:00,1768.0,1798.0,1768.0,1790.0,4400,0.0,0.0
2023-12-25 14:00:00+09:00,1783.0,1809.0,1782.0,1800.0,12600,0.0,0.0
2023-12-26 09:00:00+09:00,1782.0,1795.0,1779.0,1779.0,23000,0.0,0.0
2023-12-26 10:00:00+09:00,1780.0,1782.0,1773.0,1780.0,2600,0.0,0.0
2023-12-26 11:00:00+09:00,1780.0,1780.0,1775.0,1780.0,0,0.0,0.0
2023-12-26 12:00:00+09:00,1780.0,1780.0,1773.0,1773.0,27500,0.0,0.0
2023-12-26 13:00:00+09:00,1772.0,1772.0,1762.0,1763.0,900,0.0,0.0
2023-12-26 14:00:00+09:00,1763.0,1780.0,1763.0,1779.0,3600,0.0,0.0
2023-12-27 09:00:00+09:00,1775.0,1809.0,1775.0,1804.0,3300,0.0,0.0
2023-12-27 10:00:00+09:00,1802.0,1823.0,1798.0,1822.0,10400,0.0,0.0
2023-12-27 11:00:00+09:00,1822.0,1825.0,1821.0,1821.0,0,0.0,0.0
2023-12-27 12:00:00+09:00,1821.0,1830.0,1821.0,1830.0,18800,0.0,0.0
2023-12-27 13:00:00+09:00,1834.0,1851.0,1834.0,1850.0,3600,0.0,0.0
2023-12-27 14:00:00+09:00,1856.0,1859.0,1849.0,1859.0,2400,0.0,0.0
2023-12-28 09:00:00+09:00,1851.0,1874.0,1851.0,1874.0,1500,0.0,0.0
2023-12-28 10:00:00+09:00,1864.0,1864.0,1855.0,1855.0,200,0.0,0.0
2023-12-28 11:00:00+09:00,1855.0,1855.0,1855.0,1855.0,0,0.0,0.0
2023-12-28 12:00:00+09:00,1868.0,1869.0,1860.0,1868.0,2500,0.0,0.0
2023-12-28 13:00:00+09:00,1864.0,1920.0,1864.0,1903.0,6800,0.0,0.0
2023-12-28 14:00:00+09:00,1919.0,1946.0,1913.0,1920.0,10800,0.0,0.0
2023-12-29 09:00:00+09:00,1941.0,1941.0,1896.0,1910.0,4600,0.0,0.0
2023-12-29 10:00:00+09:00,1918.0,1918.0,1892.0,1898.0,6900,0.0,0.0
2023-12-29 11:00:00+09:00,1900.0,1910.0,1900.0,1908.0,0,0.0,0.0
2023-12-29 12:00:00+09:00,1908.0,1952.0,1906.0,1952.0,20200,0.0,0.0
2023-12-29 13:00:00+09:00,1944.0,1944.0,1936.0,1938.0,3200,0.0,0.0
2023-12-29 14:00:00+09:00,1941.0,1952.0,1932.0,1952.0,6100,0.0,0.0
2024-01-04 09:00:00+09:00,1904.0,1925.0,1859.0,1888.0,12500,0.0,0.0
2024-01-04 10:00:00+09:00,1888.0,1898.0,1887.0,1887.0,3400,0.0,0.0
2024-01-04 11:00:00+09:00,1890.0,1893.0,1887.0,1893.0,0,0.0,0.0
2024-01-04 12:00:00+09:00,1890.0,1900.0,1889.0,1890.0,27600,0.0,0.0
2024-01-04 13:00:00+09:00,1900.0,1911.0,1889.0,1911.0,9900,0.0,0.0
2024-01-04 14:00:00+09:00,1919.0,1950.0,1914.0,1917.0,12700,0.0,0.0
2024-01-05 09:00:00+09:00,1957.0,1957.0,1876.0,1876.0,6900,0.0,0.0
2024-01-05 10:00:00+09:00,1876.0,1903.0,1876.0,1882.0,12700,0.0,0.0
2024-01-05 11:00:00+09:00,1885.0,1894.0,1876.0,1877.0,0,0.0,0.0
2024-01-05 12:00:00+09:00,1872.0,1881.0,1870.0,1875.0,26200,0.0,0.0
2024-01-05 13:00:00+09:00,1871.0,1893.0,1863.0,1875.0,8600,0.0,0.0
2024-01-05 14:00:00+09:00,1872.0,1898.0,1870.0,1870.0,2400,0.0,0.0
2024-01-09 09:00:00+09:00,1885.0,1885.0,1850.0,1869.0,8900,0.0,0.0
2024-01-09 10:00:00+09:00,1870.0,1900.0,1870.0,1880.0,6600,0.0,0.0
2024-01-09 11:00:00+09:00,1880.0,1894.0,1878.0,1894.0,0,0.0,0.0
2024-01-09 12:00:00+09:00,1894.0,1913.0,1887.0,1891.0,25100,0.0,0.0
2024-01-09 13:00:00+09:00,1887.0,1894.0,1883.0,1886.0,2700,0.0,0.0
2024-01-09 14:00:00+09:00,1887.0,1892.0,1874.0,1874.0,4100,0.0,0.0
2024-01-10 09:00:00+09:00,1885.0,1885.0,1843.0,1865.0,17800,0.0,0.0
2024-01-10 10:00:00+09:00,1873.0,1895.0,1864.0,1895.0,19500,0.0,0.0
2024-01-10 11:00:00+09:00,1890.0,1891.0,1877.0,1880.0,0,0.0,0.0
2024-01-10 12:00:00+09:00,1863.0,1880.0,1862.0,1876.0,42500,0.0,0.0
2024-01-10 13:00:00+09:00,1875.0,1885.0,1871.0,1875.0,1800,0.0,0.0
2024-01-10 14:00:00+09:00,1877.0,1879.0,1861.0,1861.0,1900,0.0,0.0
2024-01-11 09:00:00+09:00,1864.0,1869.0,1842.0,1842.0,7100,0.0,0.0
2024-01-11 10:00:00+09:00,1846.0,1851.0,1834.0,1851.0,4500,0.0,0.0
2024-01-11 11:00:00+09:00,1857.0,1863.0,1856.0,1863.0,0,0.0,0.0
2024-01-11 12:00:00+09:00,1862.0,1875.0,1857.0,1859.0,17500,0.0,0.0
2024-01-11 13:00:00+09:00,1858.0,1860.0,1858.0,1860.0,1300,0.0,0.0
2024-01-11 14:00:00+09:00,1860.0,1863.0,1855.0,1863.0,4900,0.0,0.0
2024-01-12 09:00:00+09:00,1860.0,1860.0,1826.0,1830.0,0,0.0,0.0
2024-01-12 10:00:00+09:00,1830.0,1833.0,1822.0,1822.0,4200,0.0,0.0
2024-01-12 11:00:00+09:00,1823.0,1826.0,1820.0,1820.0,0,0.0,0.0
2024-01-12 12:00:00+09:00,1819.0,1828.0,1817.0,1824.0,17200,0.0,0.0
2024-01-12 13:00:00+09:00,1831.0,1831.0,1823.0,1825.0,1900,0.0,0.0
2024-01-12 14:00:00+09:00,1827.0,1831.0,1812.0,1831.0,10400,0.0,0.0
2024-01-15 09:00:00+09:00,1811.0,1811.0,1776.0,1799.0,19000,0.0,0.0
2024-01-15 10:00:00+09:00,1808.0,1830.0,1808.0,1820.0,4700,0.0,0.0
2024-01-15 11:00:00+09:00,1824.0,1834.0,1823.0,1827.0,0,0.0,0.0
2024-01-15 12:00:00+09:00,1827.0,1827.0,1825.0,1827.0,31000,0.0,0.0
2024-01-15 13:00:00+09:00,1822.0,1827.0,1817.0,1818.0,3300,0.0,0.0
2024-01-15 14:00:00+09:00,1819.0,1819.0,1805.0,1817.0,7900,0.0,0.0
2024-01-16 09:00:00+09:00,1825.0,1828.0,1808.0,1828.0,6900,0.0,0.0
2024-01-16 10:00:00+09:00,1821.0,1821.0,1802.0,1819.0,3600,0.0,0.0
2024-01-16 11:00:00+09:00,1820.0,1820.0,1820.0,1820.0,0,0.0,0.0
2024-01-16 12:00:00+09:00,1820.0,1820.0,1816.0,1817.0,14100,0.0,0.0
2024-01-16 13:00:00+09:00,1817.0,1823.0,1813.0,1813.0,4900,0.0,0.0
2024-01-16 14:00:00+09:00,1819.0,1826.0,1812.0,1826.0,4100,0.0,0.0
2024-01-17 09:00:00+09:00,1813.0,1814.0,1790.0,1810.0,9300,0.0,0.0
2024-01-17 10:00:00+09:00,1811.0,1812.0,1804.0,1806.0,3700,0.0,0.0
2024-01-17 11:00:00+09:00,1806.0,1806.0,1787.0,1795.0,0,0.0,0.0
2024-01-17 12:00:00+09:00,1795.0,1797.0,1780.0,1780.0,22000,0.0,0.0
2024-01-17 13:00:00+09:00,1780.0,1790.0,1778.0,1785.0,3000,0.0,0.0
2024-01-17 14:00:00+09:00,1782.0,1788.0,1777.0,1777.0,4500,0.0,0.0
2024-01-18 09:00:00+09:00,1777.0,1798.0,1777.0,1798.0,1500,0.0,0.0
2024-01-18 10:00:00+09:00,1791.0,1792.0,1790.0,1790.0,500,0.0,0.0
2024-01-18 11:00:00+09:00,1787.0,1789.0,1784.0,1784.0,0,0.0,0.0
2024-01-18 12:00:00+09:00,1784.0,1803.0,1781.0,1803.0,5500,0.0,0.0
2024-01-18 13:00:00+09:00,1803.0,1820.0,1795.0,1798.0,5100,0.0,0.0
2024-01-18 14:00:00+09:00,1799.0,1820.0,1797.0,1808.0,6000,0.0,0.0
2024-01-19 09:00:00+09:00,1800.0,1823.0,1786.0,1823.0,4700,0.0,0.0
2024-01-19 10:00:00+09:00,1828.0,1828.0,1813.0,1820.0,1700,0.0,0.0
2024-01-19 11:00:00+09:00,1824.0,1824.0,1811.0,1811.0,0,0.0,0.0
2024-01-19 12:00:00+09:00,1803.0,1817.0,1803.0,1817.0,9200,0.0,0.0
2024-01-19 13:00:00+09:00,1810.0,1813.0,1809.0,1809.0,600,0.0,0.0
2024-01-19 14:00:00+09:00,1810.0,1818.0,1809.0,1818.0,3300,0.0,0.0
2024-01-22 09:00:00+09:00,1835.0,1865.0,1819.0,1832.0,0,0.0,0.0
2024-01-22 10:00:00+09:00,1834.0,1838.0,1829.0,1830.0,5600,0.0,0.0
2024-01-22 11:00:00+09:00,1831.0,1841.0,1828.0,1841.0,0,0.0,0.0
2024-01-22 12:00:00+09:00,1840.0,1840.0,1831.0,1832.0,22500,0.0,0.0
2024-01-22 13:00:00+09:00,1833.0,1841.0,1833.0,1841.0,2300,0.0,0.0
2024-01-22 14:00:00+09:00,1839.0,1845.0,1838.0,1844.0,0,0.0,0.0
2024-01-23 09:00:00+09:00,1849.0,1849.0,1816.0,1835.0,11200,0.0,0.0
2024-01-23 10:00:00+09:00,1836.0,1841.0,1833.0,1833.0,1900,0.0,0.0
2024-01-23 11:00:00+09:00,1838.0,1844.0,1837.0,1844.0,0,0.0,0.0
2024-01-23 12:00:00+09:00,1851.0,1851.0,1822.0,1822.0,17000,0.0,0.0
2024-01-23 13:00:00+09:00,1832.0,1832.0,1828.0,1828.0,1500,0.0,0.0
2024-01-23 14:00:00+09:00,1829.0,1832.0,1820.0,1820.0,3500,0.0,0.0
2024-01-24 09:00:00+09:00,1834.0,1834.0,1819.0,1824.0,5600,0.0,0.0
2024-01-24 10:00:00+09:00,1824.0,1836.0,1823.0,1831.0,2900,0.0,0.0
2024-01-24 11:00:00+09:00,1831.0,1831.0,1823.0,1823.0,0,0.0,0.0
2024-01-24 12:00:00+09:00,1817.0,1832.0,1809.0,1823.0,12800,0.0,0.0
2024-01-24 13:00:00+09:00,1824.0,1829.0,1823.0,1824.0,1400,0.0,0.0
2024-01-24 14:00:00+09:00,1823.0,1832.0,1821.0,1832.0,3600,0.0,0.0
2024-01-25 09:00:00+09:00,1823.0,1827.0,1808.0,1822.0,4700,0.0,0.0
2024-01-25 10:00:00+09:00,1821.0,1823.0,1815.0,1823.0,5200,0.0,0.0
2024-01-25 11:00:00+09:00,1821.0,1826.0,1821.0,1825.0,0,0.0,0.0
2024-01-25 12:00:00+09:00,1822.0,1825.0,1820.0,1821.0,13800,0.0,0.0
2024-01-25 13:00:00+09:00,1821.0,1826.0,1820.0,1824.0,3200,0.0,0.0
2024-01-25 14:00:00+09:00,1823.0,1827.0,1821.0,1824.0,3400,0.0,0.0
2024-01-26 09:00:00+09:00,1814.0,1840.0,1806.0,1835.0,0,0.0,0.0
2024-01-26 10:00:00+09:00,1844.0,1870.0,1841.0,1858.0,18500,0.0,0.0
2024-01-26 11:00:00+09:00,1858.0,1859.0,1831.0,1842.0,0,0.0,0.0
2024-01-26 12:00:00+09:00,1839.0,1845.0,1814.0,1839.0,27200,0.0,0.0
2024-01-26 13:00:00+09:00,1833.0,1845.0,1825.0,1832.0,2200,0.0,0.0
2024-01-26 14:00:00+09:00,1824.0,1832.0,1821.0,1826.0,3500,0.0,0.0
2024-01-29 09:00:00+09:00,1811.0,1826.0,1809.0,1823.0,2600,0.0,0.0
2024-01-29 10:00:00+09:00,1820.0,1826.0,1819.0,1826.0,1200,0.0,0.0
2024-01-29 11:00:00+09:00,1825.0,1829.0,1820.0,1820.0,0,0.0,0.0
2024-01-29 12:00:00+09:00,1829.0,1829.0,1825.0,1826.0,6700,0.0,0.0
2024-01-29 13:00:00+09:00,1822.0,1828.0,1821.0,1823.0,0,0.0,0.0
2024-01-29 14:00:00+09:00,1822.0,1826.0,1818.0,1823.0,11300,0.0,0.0
2024-01-30 09:00:00+09:00,1823.0,1858.0,1820.0,1842.0,8500,0.0,0.0
2024-01-30 10:00:00+09:00,1840.0,1842.0,1829.0,1829.0,1000,0.0,0.0
2024-01-30 11:00:00+09:00,1829.0,1829.0,1829.0,1829.0,0,0.0,0.0
2024-01-30 12:00:00+09:00,1826.0,1831.0,1823.0,1830.0,10800,0.0,0.0
2024-01-30 13:00:00+09:00,1831.0,1835.0,1830.0,1834.0,1200,0.0,0.0
2024-01-30 14:00:00+09:00,1833.0,1840.0,1831.0,1840.0,4400,0.0,0.0
2024-01-31 09:00:00+09:00,1831.0,1831.0,1790.0,1804.0,8200,0.0,0.0
2024-01-31 10:00:00+09:00,1805.0,1819.0,1804.0,1812.0,5000,0.0,0.0
2024-01-31 11:00:00+09:00,1814.0,1816.0,1812.0,1816.0,0,0.0,0.0
2024-01-31 12:00:00+09:00,1812.0,1815.0,1806.0,1809.0,19400,0.0,0.0
2024-01-31 13:00:00+09:00,1810.0,1815.0,1809.0,1815.0,3500,0.0,0.0
2024-01-31 14:00:00+09:00,1816.0,1829.0,1813.0,1829.0,4600,0.0,0.0
2024-02-01 09:00:00+09:00,1824.0,1824.0,1800.0,1802.0,4200,0.0,0.0
2024-02-01 10:00:00+09:00,1803.0,1812.0,1793.0,1812.0,4600,0.0,0.0
2024-02-01 11:00:00+09:00,1813.0,1817.0,1807.0,1809.0,0,0.0,0.0
2024-02-01 12:00:00+09:00,1820.0,1827.0,1818.0,1819.0,12200,0.0,0.0
2024-02-01 13:00:00+09:00,1820.0,1821.0,1813.0,1814.0,4500,0.0,0.0
2024-02-01 14:00:00+09:00,1814.0,1815.0,1809.0,1810.0,5300,0.0,0.0
2024-02-02 09:00:00+09:00,1799.0,1807.0,1784.0,1794.0,6000,0.0,0.0
2024-02-02 10:00:00+09:00,1796.0,1807.0,1794.0,1800.0,7000,0.0,0.0
2024-02-02 11:00:00+09:00,1800.0,1803.0,1799.0,1803.0,0,0.0,0.0
2024-02-02 12:00:00+09:00,1806.0,1806.0,1794.0,1794.0,15300,0.0,0.0
2024-02-02 13:00:00+09:00,1798.0,1798.0,1793.0,1797.0,2600,0.0,0.0
2024-02-02 14:00:00+09:00,1793.0,1800.0,1793.0,1800.0,1400,0.0,0.0
2024-02-05 09:00:00+09:00,1800.0,1812.0,1785.0,1812.0,7400,0.0,0.0
2024-02-05 10:00:00+09:00,1808.0,1811.0,1804.0,1807.0,800,0.0,0.0
2024-02-05 11:00:00+09:00,1807.0,1807.0,1803.0,1807.0,0,0.0,0.0
2024-02-05 12:00:00+09:00,1807.0,1808.0,1799.0,1805.0,12700,0.0,0.0
2024-02-05 13:00:00+09:00,1804.0,1805.0,1803.0,1804.0,1500,0.0,0.0
2024-02-05 14:00:00+09:00,1804.0,1806.0,1800.0,1800.0,6100,0.0,0.0
2024-02-06 09:00:00+09:00,1800.0,1801.0,1787.0,1798.0,3100,0.0,0.0
2024-02-06 10:00:00+09:00,1798.0,1801.0,1784.0,1784.0,3800,0.0,0.0
2024-02-06 11:00:00+09:00,1785.0,1785.0,1780.0,1780.0,0,0.0,0.0
2024-02-06 12:00:00+09:00,1786.0,1786.0,1774.0,1777.0,10600,0.0,0.0
2024-02-06 13:00:00+09:00,1776.0,1776.0,1764.0,1772.0,6100,0.0,0.0
2024-02-06 14:00:00+09:00,1767.0,1767.0,1761.0,1763.0,3300,0.0,0.0
2024-02-07 09:00:00+09:00,1760.0,1766.0,1757.0,1766.0,2100,0.0,0.0
2024-02-07 10:00:00+09:00,1766.0,1770.0,1766.0,1767.0,1300,0.0,0.0
2024-02-07 11:00:00+09:00,1766.0,1771.0,1765.0,1771.0,0,0.0,0.0
2024-02-07 12:00:00+09:00,1771.0,1771.0,1757.0,1760.0,9100,0.0,0.0
2024-02-07 13:00:00+09:00,1761.0,1766.0,1761.0,1762.0,1100,0.0,0.0
2024-02-07 14:00:00+09:00,1766.0,1770.0,1765.0,1770.0,2500,0.0,0.0
2024-02-08 09:00:00+09:00,1770.0,1773.0,1749.0,1749.0,11600,0.0,0.0
2024-02-08 10:00:00+09:00,1747.0,1751.0,1741.0,1746.0,5600,0.0,0.0
2024-02-08 11:00:00+09:00,1746.0,1753.0,1744.0,1753.0,0,0.0,0.0
2024-02-08 12:00:00+09:00,1749.0,1768.0,1749.0,1766.0,21100,0.0,0.0
2024-02-08 13:00:00+09:00,1769.0,1770.0,1769.0,1769.0,300,0.0,0.0
2024-02-08 14:00:00+09:00,1766.0,1770.0,1763.0,1766.0,1900,0.0,0.0
2024-02-09 09:00:00+09:00,1752.0,1774.0,1752.0,1761.0,6900,0.0,0.0
2024-02-09 10:00:00+09:00,1765.0,1769.0,1759.0,1769.0,1300,0.0,0.0
2024-02-09 11:00:00+09:00,1761.0,1761.0,1751.0,1759.0,0,0.0,0.0
2024-02-09 12:00:00+09:00,1766.0,1766.0,1755.0,1759.0,11300,0.0,0.0
2024-02-09 13:00:00+09:00,1758.0,1760.0,1754.0,1754.0,1900,0.0,0.0
2024-02-09 14:00:00+09:00,1757.0,1763.0,1756.0,1763.0,2000,0.0,0.0
2024-02-13 09:00:00+09:00,1763.0,1771.0,1744.0,1749.0,7200,0.0,0.0
2024-02-13 10:00:00+09:00,1743.0,1761.0,1743.0,1759.0,2100,0.0,0.0
2024-02-13 11:00:00+09:00,1762.0,1764.0,1757.0,1760.0,0,0.0,0.0
2024-02-13 12:00:00+09:00,1759.0,1762.0,1751.0,1760.0,12700,0.0,0.0
2024-02-13 13:00:00+09:00,1764.0,1764.0,1750.0,1755.0,2700,0.0,0.0
2024-02-13 14:00:00+09:00,1754.0,1765.0,1754.0,1765.0,4100,0.0,0.0
2024-02-14 09:00:00+09:00,1751.0,1753.0,1710.0,1721.0,22800,0.0,0.0
2024-02-14 10:00:00+09:00,1717.0,1733.0,1717.0,1733.0,5500,0.0,0.0
2024-02-14 11:00:00+09:00,1725.0,1725.0,1711.0,1711.0,0,0.0,0.0
2024-02-14 12:00:00+09:00,1712.0,1715.0,1702.0,1710.0,37600,0.0,0.0
2024-02-14 13:00:00+09:00,1711.0,1731.0,1711.0,1719.0,7700,0.0,0.0
2024-02-14 14:00:00+09:00,1719.0,1721.0,1714.0,1721.0,3100,0.0,0.0
2024-02-15 09:00:00+09:00,1729.0,1729.0,1685.0,1723.0,17300,0.0,0.0
2024-02-15 10:00:00+09:00,1729.0,1739.0,1726.0,1739.0,5600,0.0,0.0
2024-02-15 11:00:00+09:00,1731.0,1740.0,1731.0,1739.0,0,0.0,0.0
2024-02-15 12:00:00+09:00,1739.0,1784.0,1739.0,1781.0,35500,0.0,0.0
2024-02-15 13:00:00+09:00,1779.0,1784.0,1764.0,1782.0,7700,0.0,0.0
2024-02-15 14:00:00+09:00,1776.0,1781.0,1743.0,1775.0,5600,0.0,0.0
2024-02-16 09:00:00+09:00,1752.0,1818.0,1752.0,1793.0,0,0.0,0.0
2024-02-16 10:00:00+09:00,1797.0,1797.0,1749.0,1749.0,6800,0.0,0.0
2024-02-16 11:00:00+09:00,1749.0,1749.0,1749.0,1749.0,0,0.0,0.0
2024-02-16 12:00:00+09:00,1749.0,1790.0,1747.0,1769.0,9300,0.0,0.0
2024-02-16 13:00:00+09:00,1771.0,1772.0,1755.0,1769.0,1100,0.0,0.0
2024-02-16 14:00:00+09:00,1755.0,1758.0,1748.0,1748.0,1800,0.0,0.0
2024-02-19 09:00:00+09:00,1750.0,1762.0,1740.0,1750.0,4800,0.0,0.0
2024-02-19 10:00:00+09:00,1750.0,1755.0,1749.0,1751.0,1200,0.0,0.0
2024-02-19 11:00:00+09:00,1753.0,1753.0,1753.0,1753.0,0,0.0,0.0
2024-02-19 12:00:00+09:00,1750.0,1762.0,1749.0,1751.0,8100,0.0,0.0
2024-02-19 13:00:00+09:00,1750.0,1759.0,1750.0,1755.0,1900,0.0,0.0
2024-02-19 14:00:00+09:00,1754.0,1765.0,1753.0,1760.0,2700,0.0,0.0
2024-02-20 09:00:00+09:00,1772.0,1772.0,1743.0,1753.0,3300,0.0,0.0
2024-02-20 10:00:00+09:00,1753.0,1764.0,1746.0,1755.0,5100,0.0,0.0
2024-02-20 11:00:00+09:00,1755.0,1755.0,1755.0,1755.0,0,0.0,0.0
2024-02-20 12:00:00+09:00,1760.0,1764.0,1750.0,1764.0,10300,0.0,0.0
2024-02-20 13:00:00+09:00,1764.0,1779.0,1764.0,1776.0,3400,0.0,0.0
2024-02-20 14:00:00+09:00,1774.0,1777.0,1753.0,1753.0,3000,0.0,0.0
2024-02-21 09:00:00+09:00,1743.0,1755.0,1738.0,1749.0,2400,0.0,0.0
2024-02-21 10:00:00+09:00,1753.0,1753.0,1753.0,1753.0,200,0.0,0.0
2024-02-21 11:00:00+09:00,1765.0,1765.0,1764.0,1764.0,0,0.0,0.0
2024-02-21 12:00:00+09:00,1764.0,1764.0,1760.0,1764.0,3500,0.0,0.0
2024-02-21 13:00:00+09:00,1754.0,1766.0,1753.0,1763.0,1800,0.0,0.0
2024-02-21 14:00:00+09:00,1764.0,1766.0,1756.0,1764.0,1600,0.0,0.0
2024-02-22 09:00:00+09:00,1758.0,1762.0,1745.0,1752.0,7400,0.0,0.0
2024-02-22 10:00:00+09:00,1750.0,1752.0,1749.0,1751.0,6400,0.0,0.0
2024-02-22 11:00:00+09:00,1750.0,1751.0,1750.0,1751.0,0,0.0,0.0
2024-02-22 12:00:00+09:00,1751.0,1754.0,1750.0,1753.0,16500,0.0,0.0
2024-02-22 13:00:00+09:00,1753.0,1753.0,1750.0,1751.0,2700,0.0,0.0
2024-02-22 14:00:00+09:00,1752.0,1755.0,1750.0,1750.0,3500,0.0,0.0
2024-02-26 09:00:00+09:00,1742.0,1755.0,1738.0,1747.0,9400,0.0,0.0
2024-02-26 10:00:00+09:00,1748.0,1753.0,1740.0,1752.0,8300,0.0,0.0
2024-02-26 11:00:00+09:00,1750.0,1753.0,1743.0,1744.0,0,0.0,0.0
2024-02-26 12:00:00+09:00,1744.0,1749.0,1738.0,1743.0,23300,0.0,0.0
2024-02-26 13:00:00+09:00,1742.0,1750.0,1734.0,1746.0,9200,0.0,0.0
2024-02-26 14:00:00+09:00,1746.0,1746.0,1738.0,1745.0,3000,0.0,0.0
2024-02-27 09:00:00+09:00,1737.0,1760.0,1737.0,1760.0,10200,0.0,0.0
2024-02-27 10:00:00+09:00,1754.0,1754.0,1747.0,1747.0,2300,0.0,0.0
2024-02-27 11:00:00+09:00,1747.0,1748.0,1745.0,1745.0,0,0.0,0.0
2024-02-27 12:00:00+09:00,1741.0,1745.0,1740.0,1743.0,15100,0.0,0.0
2024-02-27 13:00:00+09:00,1741.0,1742.0,1740.0,1741.0,1400,0.0,0.0
2024-02-27 14:00:00+09:00,1740.0,1742.0,1738.0,1740.0,4000,0.0,0.0
2024-02-28 09:00:00+09:00,1744.0,1763.0,1741.0,1748.0,5900,0.0,0.0
2024-02-28 10:00:00+09:00,1746.0,1746.0,1738.0,1742.0,2500,0.0,0.0
2024-02-28 11:00:00+09:00,1740.0,1740.0,1736.0,1740.0,0,0.0,0.0
2024-02-28 12:00:00+09:00,1740.0,1743.0,1740.0,1740.0,12300,0.0,0.0
2024-02-28 13:00:00+09:00,1740.0,1755.0,1740.0,1755.0,1800,0.0,0.0
2024-02-28 14:00:00+09:00,1750.0,1758.0,1746.0,1746.0,2300,0.0,0.0
2024-02-29 09:00:00+09:00,1754.0,1754.0,1734.0,1747.0,6200,0.0,0.0
2024-02-29 10:00:00+09:00,1754.0,1754.0,1745.0,1748.0,600,0.0,0.0
2024-02-29 11:00:00+09:00,1749.0,1749.0,1741.0,1749.0,0,0.0,0.0
2024-02-29 12:00:00+09:00,1749.0,1764.0,1742.0,1756.0,11300,0.0,0.0
2024-02-29 13:00:00+09:00,1749.0,1778.0,1748.0,1778.0,6200,0.0,0.0
2024-02-29 14:00:00+09:00,1774.0,1775.0,1765.0,1774.0,1600,0.0,0.0
2024-03-01 09:00:00+09:00,1773.0,1800.0,1773.0,1800.0,7100,0.0,0.0
2024-03-01 10:00:00+09:00,1795.0,1802.0,1794.0,1794.0,5400,0.0,0.0
2024-03-01 11:00:00+09:00,1787.0,1795.0,1787.0,1795.0,0,0.0,0.0
2024-03-01 12:00:00+09:00,1796.0,1796.0,1780.0,1780.0,14200,0.0,0.0
2024-03-01 13:00:00+09:00,1778.0,1783.0,1778.0,1779.0,700,0.0,0.0
2024-03-04 09:00:00+09:00,1785.0,1787.0,1761.0,1769.0,4600,0.0,0.0
2024-03-04 10:00:00+09:00,1760.0,1760.0,1757.0,1757.0,600,0.0,0.0
2024-03-04 11:00:00+09:00,1755.0,1762.0,1755.0,1761.0,0,0.0,0.0
2024-03-04 12:00:00+09:00,1761.0,1765.0,1752.0,1762.0,13400,0.0,0.0
2024-03-04 13:00:00+09:00,1762.0,1764.0,1759.0,1764.0,1200,0.0,0.0
2024-03-04 14:00:00+09:00,1766.0,1797.0,1760.0,1797.0,3300,0.0,0.0
2024-03-05 09:00:00+09:00,1760.0,1780.0,1760.0,1780.0,2300,0.0,0.0
2024-03-05 10:00:00+09:00,1767.0,1798.0,1766.0,1795.0,2200,0.0,0.0
2024-03-05 11:00:00+09:00,1797.0,1812.0,1797.0,1805.0,0,0.0,0.0
2024-03-05 12:00:00+09:00,1807.0,1829.0,1807.0,1818.0,17600,0.0,0.0
2024-03-05 13:00:00+09:00,1812.0,1836.0,1812.0,1836.0,8800,0.0,0.0
2024-03-05 14:00:00+09:00,1832.0,1836.0,1818.0,1833.0,3200,0.0,0.0
2024-03-06 09:00:00+09:00,1818.0,1859.0,1802.0,1849.0,8400,0.0,0.0
2024-03-06 10:00:00+09:00,1852.0,1852.0,1830.0,1833.0,0,0.0,0.0
2024-03-06 11:00:00+09:00,1830.0,1831.0,1829.0,1831.0,0,0.0,0.0
2024-03-06 12:00:00+09:00,1826.0,1835.0,1825.0,1835.0,15600,0.0,0.0
2024-03-06 13:00:00+09:00,1835.0,1853.0,1825.0,1840.0,6200,0.0,0.0
2024-03-06 14:00:00+09:00,1839.0,1848.0,1835.0,1835.0,4800,0.0,0.0
2024-03-07 09:00:00+09:00,1836.0,1855.0,1827.0,1844.0,6300,0.0,0.0
2024-03-07 10:00:00+09:00,1840.0,1840.0,1819.0,1832.0,1000,0.0,0.0
2024-03-07 11:00:00+09:00,1831.0,1831.0,1830.0,1830.0,0,0.0,0.0
2024-03-07 12:00:00+09:00,1843.0,1843.0,1842.0,1842.0,8300,0.0,0.0
2024-03-07 13:00:00+09:00,1841.0,1841.0,1841.0,1841.0,200,0.0,0.0
2024-03-07 14:00:00+09:00,1839.0,1841.0,1822.0,1823.0,700,0.0,0.0
2024-03-08 09:00:00+09:00,1803.0,1819.0,1800.0,1807.0,5400,0.0,0.0
2024-03-08 10:00:00+09:00,1803.0,1808.0,1800.0,1807.0,2100,0.0,0.0
2024-03-08 11:00:00+09:00,1806.0,1806.0,1802.0,1802.0,0,0.0,0.0
2024-03-08 12:00:00+09:00,1810.0,1810.0,1801.0,1804.0,8100,0.0,0.0
2024-03-08 13:00:00+09:00,1801.0,1805.0,1800.0,1801.0,500,0.0,0.0
2024-03-08 14:00:00+09:00,1801.0,1810.0,1801.0,1810.0,1900,0.0,0.0
2024-03-11 09:00:00+09:00,1792.0,1800.0,1792.0,1798.0,1800,0.0,0.0
2024-03-11 10:00:00+09:00,1801.0,1801.0,1798.0,1798.0,600,0.0,0.0
2024-03-11 11:00:00+09:00,1800.0,1800.0,1800.0,1800.0,0,0.0,0.0
2024-03-11 12:00:00+09:00,1801.0,1801.0,1793.0,1800.0,4400,0.0,0.0
2024-03-11 13:00:00+09:00,1800.0,1800.0,1789.0,1799.0,1900,0.0,0.0
2024-03-11 14:00:00+09:00,1801.0,1801.0,1763.0,1800.0,14900,0.0,0.0
2024-03-12 09:00:00+09:00,1777.0,1793.0,1765.0,1790.0,2500,0.0,0.0
2024-03-12 10:00:00+09:00,1794.0,1794.0,1790.0,1793.0,300,0.0,0.0
2024-03-12 11:00:00+09:00,1798.0,1798.0,1791.0,1791.0,0,0.0,0.0
2024-03-12 12:00:00+09:00,1790.0,1806.0,1790.0,1806.0,3600,0.0,0.0
2024-03-12 13:00:00+09:00,1803.0,1803.0,1792.0,1800.0,300,0.0,0.0
2024-03-12 14:00:00+09:00,1792.0,1811.0,1792.0,1792.0,800,0.0,0.0
2024-03-13 09:00:00+09:00,1809.0,1809.0,1809.0,1809.0,600,0.0,0.0
2024-03-13 10:00:00+09:00,1795.0,1795.0,1794.0,1794.0,200,0.0,0.0
2024-03-13 11:00:00+09:00,1794.0,1794.0,1794.0,1794.0,0,0.0,0.0
2024-03-13 12:00:00+09:00,1794.0,1794.0,1790.0,1790.0,1500,0.0,0.0
2024-03-13 13:00:00+09:00,1790.0,1799.0,1790.0,1791.0,1500,0.0,0.0
2024-03-13 14:00:00+09:00,1790.0,1790.0,1790.0,1790.0,300,0.0,0.0
2024-03-14 09:00:00+09:00,1790.0,1799.0,1788.0,1788.0,1300,0.0,0.0
2024-03-14 10:00:00+09:00,1789.0,1791.0,1789.0,1791.0,500,0.0,0.0
2024-03-14 11:00:00+09:00,1789.0,1789.0,1789.0,1789.0,0,0.0,0.0
2024-03-14 12:00:00+09:00,1790.0,1790.0,1790.0,1790.0,2000,0.0,0.0
2024-03-14 13:00:00+09:00,1784.0,1784.0,1771.0,1772.0,900,0.0,0.0
2024-03-14 14:00:00+09:00,1780.0,1782.0,1775.0,1776.0,2100,0.0,0.0
2024-03-15 09:00:00+09:00,1777.0,1777.0,1775.0,1775.0,500,0.0,0.0
2024-03-15 11:00:00+09:00,1773.0,1775.0,1770.0,1775.0,0,0.0,0.0
2024-03-15 12:00:00+09:00,1775.0,1777.0,1771.0,1771.0,1600,0.0,0.0
2024-03-15 13:00:00+09:00,1771.0,1771.0,1755.0,1755.0,4200,0.0,0.0
2024-03-15 14:00:00+09:00,1755.0,1767.0,1754.0,1756.0,900,0.0,0.0
2024-03-18 09:00:00+09:00,1758.0,1775.0,1743.0,1743.0,0,0.0,0.0
2024-03-18 10:00:00+09:00,1753.0,1761.0,1750.0,1761.0,9300,0.0,0.0
2024-03-18 11:00:00+09:00,1751.0,1760.0,1750.0,1760.0,0,0.0,0.0
2024-03-18 12:00:00+09:00,1760.0,1760.0,1760.0,1760.0,10100,0.0,0.0
2024-03-18 13:00:00+09:00,1760.0,1760.0,1760.0,1760.0,500,0.0,0.0
2024-03-18 14:00:00+09:00,1766.0,1766.0,1744.0,1755.0,3400,0.0,0.0
2024-03-19 09:00:00+09:00,1748.0,1767.0,1743.0,1743.0,4400,0.0,0.0
2024-03-19 10:00:00+09:00,1743.0,1770.0,1738.0,1738.0,9000,0.0,0.0
2024-03-19 11:00:00+09:00,1738.0,1757.0,1735.0,1747.0,0,0.0,0.0
2024-03-19 12:00:00+09:00,1736.0,1760.0,1736.0,1747.0,18000,0.0,0.0
2024-03-19 13:00:00+09:00,1756.0,1760.0,1748.0,1760.0,2500,0.0,0.0
2024-03-19 14:00:00+09:00,1754.0,1769.0,1746.0,1746.0,900,0.0,0.0
2024-03-21 09:00:00+09:00,1760.0,1760.0,1760.0,1760.0,100,0.0,0.0
2024-03-21 10:00:00+09:00,1773.0,1792.0,1773.0,1787.0,4800,0.0,0.0
2024-03-21 11:00:00+09:00,1785.0,1792.0,1764.0,1764.0,0,0.0,0.0
2024-03-21 12:00:00+09:00,1778.0,1778.0,1768.0,1775.0,9000,0.0,0.0
2024-03-21 13:00:00+09:00,1766.0,1766.0,1756.0,1756.0,1600,0.0,0.0
2024-03-21 14:00:00+09:00,1762.0,1780.0,1752.0,1757.0,4700,0.0,0.0
2024-03-22 09:00:00+09:00,1795.0,1800.0,1771.0,1775.0,5100,0.0,0.0
2024-03-22 10:00:00+09:00,1774.0,1787.0,1770.0,1770.0,1800,0.0,0.0
2024-03-22 11:00:00+09:00,1775.0,1775.0,1769.0,1769.0,0,0.0,0.0
2024-03-22 12:00:00+09:00,1760.0,1767.0,1760.0,1767.0,9000,0.0,0.0
2024-03-22 13:00:00+09:00,1763.0,1763.0,1751.0,1751.0,1500,0.0,0.0
2024-03-22 14:00:00+09:00,1756.0,1765.0,1752.0,1754.0,8600,0.0,0.0
2024-03-25 09:00:00+09:00,1760.0,1760.0,1721.0,1732.0,18900,0.0,0.0
2024-03-25 10:00:00+09:00,1736.0,1737.0,1727.0,1731.0,3900,0.0,0.0
2024-03-25 11:00:00+09:00,1736.0,1737.0,1730.0,1732.0,0,0.0,0.0
2024-03-25 12:00:00+09:00,1737.0,1737.0,1734.0,1737.0,25100,0.0,0.0
2024-03-25 13:00:00+09:00,1739.0,1744.0,1735.0,1742.0,2000,0.0,0.0
2024-03-25 14:00:00+09:00,1735.0,1740.0,1726.0,1726.0,6100,0.0,0.0
2024-03-26 09:00:00+09:00,1725.0,1770.0,1725.0,1769.0,12300,0.0,0.0
2024-03-26 10:00:00+09:00,1763.0,1769.0,1758.0,1761.0,1600,0.0,0.0
2024-03-26 11:00:00+09:00,1766.0,1799.0,1766.0,1797.0,0,0.0,0.0
2024-03-26 12:00:00+09:00,1767.0,1798.0,1767.0,1786.0,22300,0.0,0.0
2024-03-26 13:00:00+09:00,1785.0,1798.0,1785.0,1792.0,4400,0.0,0.0
2024-03-26 14:00:00+09:00,1786.0,1793.0,1762.0,1793.0,2600,0.0,0.0
2024-03-27 09:00:00+09:00,1776.0,1786.0,1776.0,1786.0,1500,0.0,0.0
2024-03-27 10:00:00+09:00,1782.0,1793.0,1782.0,1793.0,800,0.0,0.0
2024-03-27 11:00:00+09:00,1793.0,1793.0,1793.0,1793.0,0,0.0,0.0
2024-03-27 12:00:00+09:00,1793.0,1796.0,1788.0,1796.0,3300,0.0,0.0
2024-03-27 13:00:00+09:00,1789.0,1805.0,1782.0,1794.0,7800,0.0,0.0
2024-03-27 14:00:00+09:00,1797.0,1800.0,1760.0,1788.0,4600,0.0,0.0
2024-03-28 09:00:00+09:00,1773.0,1798.0,1773.0,1790.0,300,0.0,0.0
2024-03-28 11:00:00+09:00,1787.0,1800.0,1787.0,1800.0,0,0.0,0.0
2024-03-28 12:00:00+09:00,1785.0,1785.0,1781.0,1781.0,1000,0.0,0.0
2024-03-28 13:00:00+09:00,1780.0,1786.0,1778.0,1778.0,400,0.0,0.0
2024-03-28 14:00:00+09:00,1777.0,1782.0,1765.0,1765.0,900,0.0,0.0
2024-03-29 09:00:00+09:00,1771.0,1800.0,1735.0,1735.0,3000,0.0,0.0
2024-03-29 10:00:00+09:00,1775.0,1793.0,1775.0,1792.0,900,0.0,0.0
2024-03-29 11:00:00+09:00,1786.0,1790.0,1786.0,1790.0,0,0.0,0.0
2024-03-29 12:00:00+09:00,1770.0,1798.0,1770.0,1796.0,6600,0.0,0.0
2024-03-29 13:00:00+09:00,1796.0,1805.0,1796.0,1805.0,3000,0.0,0.0
2024-03-29 14:00:00+09:00,1807.0,1807.0,1802.0,1803.0,1400,0.0,0.0
2024-04-01 09:00:00+09:00,1791.0,1794.0,1778.0,1794.0,1500,0.0,0.0
2024-04-01 10:00:00+09:00,1792.0,1815.0,1778.0,1781.0,3200,0.0,0.0
2024-04-01 11:00:00+09:00,1775.0,1777.0,1769.0,1771.0,0,0.0,0.0
2024-04-01 12:00:00+09:00,1780.0,1780.0,1775.0,1775.0,7400,0.0,0.0
2024-04-01 13:00:00+09:00,1771.0,1771.0,1771.0,1771.0,100,0.0,0.0
2024-04-01 14:00:00+09:00,1772.0,1778.0,1770.0,1770.0,1300,0.0,0.0
2024-04-02 09:00:00+09:00,1769.0,1775.0,1762.0,1775.0,500,0.0,0.0
2024-04-02 10:00:00+09:00,1771.0,1778.0,1760.0,1778.0,5400,0.0,0.0
2024-04-02 11:00:00+09:00,1773.0,1778.0,1772.0,1775.0,0,0.0,0.0
2024-04-02 12:00:00+09:00,1775.0,1775.0,1770.0,1775.0,7400,0.0,0.0
2024-04-02 13:00:00+09:00,1771.0,1776.0,1770.0,1776.0,2500,0.0,0.0
2024-04-02 14:00:00+09:00,1778.0,1790.0,1771.0,1771.0,1000,0.0,0.0
2024-04-03 09:00:00+09:00,1756.0,1776.0,1747.0,1776.0,3800,0.0,0.0
2024-04-03 10:00:00+09:00,1771.0,1771.0,1763.0,1765.0,1500,0.0,0.0
2024-04-03 11:00:00+09:00,1773.0,1788.0,1769.0,1770.0,0,0.0,0.0
2024-04-03 12:00:00+09:00,1770.0,1784.0,1770.0,1782.0,8300,0.0,0.0
2024-04-03 13:00:00+09:00,1784.0,1784.0,1784.0,1784.0,200,0.0,0.0
2024-04-03 14:00:00+09:00,1776.0,1785.0,1770.0,1785.0,1300,0.0,0.0
2024-04-04 09:00:00+09:00,1785.0,1786.0,1768.0,1786.0,1500,0.0,0.0
2024-04-04 10:00:00+09:00,1775.0,1789.0,1775.0,1789.0,200,0.0,0.0
2024-04-04 11:00:00+09:00,1789.0,1795.0,1789.0,1795.0,0,0.0,0.0
2024-04-04 12:00:00+09:00,1795.0,1795.0,1777.0,1777.0,2800,0.0,0.0
2024-04-04 13:00:00+09:00,1780.0,1784.0,1775.0,1779.0,700,0.0,0.0
2024-04-04 14:00:00+09:00,1778.0,1782.0,1775.0,1775.0,700,0.0,0.0
2024-04-05 09:00:00+09:00,1759.0,1794.0,1748.0,1761.0,3300,0.0,0.0
2024-04-05 10:00:00+09:00,1775.0,1775.0,1774.0,1775.0,300,0.0,0.0
2024-04-05 11:00:00+09:00,1781.0,1781.0,1772.0,1772.0,0,0.0,0.0
2024-04-05 12:00:00+09:00,1776.0,1785.0,1773.0,1777.0,4800,0.0,0.0
2024-04-05 13:00:00+09:00,1779.0,1784.0,1775.0,1779.0,900,0.0,0.0
2024-04-05 14:00:00+09:00,1783.0,1790.0,1783.0,1790.0,500,0.0,0.0
2024-04-08 09:00:00+09:00,1782.0,1787.0,1769.0,1786.0,2000,0.0,0.0
2024-04-08 10:00:00+09:00,1786.0,1786.0,1771.0,1771.0,1200,0.0,0.0
2024-04-08 11:00:00+09:00,1771.0,1778.0,1771.0,1771.0,0,0.0,0.0
2024-04-08 12:00:00+09:00,1770.0,1781.0,1766.0,1781.0,4900,0.0,0.0
2024-04-08 13:00:00+09:00,1782.0,1786.0,1777.0,1778.0,1500,0.0,0.0
2024-04-08 14:00:00+09:00,1782.0,1784.0,1775.0,1775.0,1800,0.0,0.0
2024-04-09 09:00:00+09:00,1784.0,1785.0,1777.0,1777.0,800,0.0,0.0
2024-04-09 10:00:00+09:00,1788.0,1815.0,1788.0,1797.0,8300,0.0,0.0
2024-04-09 11:00:00+09:00,1800.0,1806.0,1796.0,1806.0,0,0.0,0.0
2024-04-09 12:00:00+09:00,1806.0,1810.0,1805.0,1810.0,12000,0.0,0.0
2024-04-09 13:00:00+09:00,1810.0,1816.0,1808.0,1810.0,2700,0.0,0.0
2024-04-09 14:00:00+09:00,1812.0,1816.0,1808.0,1815.0,2500,0.0,0.0
2024-04-10 09:00:00+09:00,1801.0,1817.0,1801.0,1809.0,2500,0.0,0.0
2024-04-10 10:00:00+09:00,1810.0,1810.0,1793.0,1793.0,800,0.0,0.0
2024-04-10 11:00:00+09:00,1800.0,1800.0,1795.0,1795.0,0,0.0,0.0
2024-04-10 12:00:00+09:00,1814.0,1818.0,1802.0,1815.0,4700,0.0,0.0
2024-04-10 13:00:00+09:00,1808.0,1810.0,1802.0,1810.0,900,0.0,0.0
2024-04-10 14:00:00+09:00,1809.0,1824.0,1800.0,1822.0,5900,0.0,0.0
2024-04-11 09:00:00+09:00,1787.0,1825.0,1787.0,1814.0,3500,0.0,0.0
2024-04-11 10:00:00+09:00,1814.0,1820.0,1810.0,1810.0,1600,0.0,0.0
2024-04-11 11:00:00+09:00,1810.0,1810.0,1810.0,1810.0,0,0.0,0.0
2024-04-11 12:00:00+09:00,1810.0,1825.0,1810.0,1820.0,7300,0.0,0.0
2024-04-11 13:00:00+09:00,1820.0,1827.0,1820.0,1823.0,1300,0.0,0.0
2024-04-11 14:00:00+09:00,1822.0,1825.0,1811.0,1811.0,4400,0.0,0.0
2024-04-12 09:00:00+09:00,1821.0,1821.0,1801.0,1806.0,3900,0.0,0.0
2024-04-12 10:00:00+09:00,1804.0,1815.0,1804.0,1815.0,2200,0.0,0.0
2024-04-12 11:00:00+09:00,1811.0,1812.0,1803.0,1810.0,0,0.0,0.0
2024-04-12 12:00:00+09:00,1810.0,1815.0,1810.0,1813.0,8500,0.0,0.0
2024-04-12 13:00:00+09:00,1813.0,1815.0,1804.0,1807.0,4800,0.0,0.0
2024-04-12 14:00:00+09:00,1810.0,1815.0,1800.0,1807.0,5700,0.0,0.0
2024-04-15 09:00:00+09:00,1800.0,1800.0,1785.0,1791.0,2200,0.0,0.0
2024-04-15 10:00:00+09:00,1797.0,1809.0,1789.0,1802.0,3500,0.0,0.0
2024-04-15 11:00:00+09:00,1801.0,1805.0,1793.0,1805.0,0,0.0,0.0
2024-04-15 12:00:00+09:00,1805.0,1805.0,1800.0,1800.0,8000,0.0,0.0
2024-04-15 13:00:00+09:00,1803.0,1804.0,1789.0,1800.0,2800,0.0,0.0
2024-04-15 14:00:00+09:00,1800.0,1813.0,1797.0,1813.0,1500,0.0,0.0
2024-04-16 09:00:00+09:00,1800.0,1800.0,1778.0,1791.0,2000,0.0,0.0
2024-04-16 10:00:00+09:00,1794.0,1796.0,1790.0,1796.0,1500,0.0,0.0
2024-04-16 11:00:00+09:00,1790.0,1795.0,1789.0,1795.0,0,0.0,0.0
2024-04-16 12:00:00+09:00,1795.0,1796.0,1790.0,1796.0,5600,0.0,0.0
2024-04-16 13:00:00+09:00,1796.0,1796.0,1789.0,1792.0,1300,0.0,0.0
2024-04-16 14:00:00+09:00,1792.0,1793.0,1780.0,1780.0,2400,0.0,0.0
2024-04-17 09:00:00+09:00,1789.0,1799.0,1783.0,1794.0,2200,0.0,0.0
2024-04-17 10:00:00+09:00,1782.0,1794.0,1780.0,1785.0,1200,0.0,0.0
2024-04-17 11:00:00+09:00,1785.0,1789.0,1785.0,1789.0,0,0.0,0.0
2024-04-17 12:00:00+09:00,1787.0,1790.0,1779.0,1786.0,4600,0.0,0.0
2024-04-17 13:00:00+09:00,1786.0,1788.0,1780.0,1780.0,0,0.0,0.0
2024-04-17 14:00:00+09:00,1779.0,1786.0,1775.0,1775.0,7500,0.0,0.0
2024-04-18 09:00:00+09:00,1775.0,1790.0,1775.0,1775.0,700,0.0,0.0
2024-04-18 10:00:00+09:00,1772.0,1772.0,1740.0,1744.0,5700,0.0,0.0
2024-04-18 11:00:00+09:00,1747.0,1754.0,1741.0,1754.0,0,0.0,0.0
2024-04-18 12:00:00+09:00,1738.0,1755.0,1737.0,1755.0,12800,0.0,0.0
2024-04-18 13:00:00+09:00,1755.0,1759.0,1755.0,1759.0,300,0.0,0.0
2024-04-18 14:00:00+09:00,1751.0,1759.0,1751.0,1751.0,1500,0.0,0.0
2024-04-19 09:00:00+09:00,1739.0,1755.0,1738.0,1755.0,3300,0.0,0.0
2024-04-19 10:00:00+09:00,1752.0,1752.0,1723.0,1724.0,6300,0.0,0.0
2024-04-19 11:00:00+09:00,1721.0,1721.0,1710.0,1716.0,0,0.0,0.0
2024-04-19 12:00:00+09:00,1712.0,1713.0,1704.0,1712.0,20200,0.0,0.0
2024-04-19 13:00:00+09:00,1713.0,1725.0,1713.0,1715.0,1200,0.0,0.0
2024-04-19 14:00:00+09:00,1714.0,1723.0,1711.0,1711.0,4000,0.0,0.0
2024-04-22 09:00:00+09:00,1701.0,1731.0,1694.0,1718.0,9100,0.0,0.0
2024-04-22 10:00:00+09:00,1719.0,1729.0,1714.0,1724.0,3000,0.0,0.0
2024-04-22 11:00:00+09:00,1721.0,1731.0,1717.0,1731.0,0,0.0,0.0
2024-04-22 12:00:00+09:00,1720.0,1722.0,1720.0,1720.0,15800,0.0,0.0
2024-04-22 13:00:00+09:00,1720.0,1721.0,1720.0,1720.0,1600,0.0,0.0
2024-04-22 14:00:00+09:00,1720.0,1774.0,1718.0,1774.0,2700,0.0,0.0
2024-04-23 09:00:00+09:00,1741.0,1741.0,1723.0,1726.0,2100,0.0,0.0
2024-04-23 10:00:00+09:00,1725.0,1725.0,1720.0,1721.0,2100,0.0,0.0
2024-04-23 11:00:00+09:00,1720.0,1768.0,1720.0,1768.0,0,0.0,0.0
2024-04-23 12:00:00+09:00,1742.0,1742.0,1727.0,1732.0,7700,0.0,0.0
2024-04-23 13:00:00+09:00,1735.0,1735.0,1723.0,1733.0,800,0.0,0.0
2024-04-23 14:00:00+09:00,1743.0,1762.0,1727.0,1762.0,1000,0.0,0.0
2024-04-24 09:00:00+09:00,1730.0,1739.0,1723.0,1739.0,1100,0.0,0.0
2024-04-24 10:00:00+09:00,1726.0,1731.0,1726.0,1730.0,500,0.0,0.0
2024-04-24 11:00:00+09:00,1730.0,1730.0,1730.0,1730.0,0,0.0,0.0
2024-04-24 12:00:00+09:00,1742.0,1753.0,1742.0,1753.0,2300,0.0,0.0
2024-04-24 13:00:00+09:00,1753.0,1753.0,1748.0,1752.0,700,0.0,0.0
2024-04-24 14:00:00+09:00,1774.0,1774.0,1774.0,1774.0,100,0.0,0.0
2024-04-25 09:00:00+09:00,1752.0,1762.0,1740.0,1748.0,1100,0.0,0.0
2024-04-25 10:00:00+09:00,1746.0,1755.0,1746.0,1746.0,900,0.0,0.0
2024-04-25 11:00:00+09:00,1746.0,1746.0,1746.0,1746.0,0,0.0,0.0
2024-04-25 12:00:00+09:00,1747.0,1747.0,1747.0,1747.0,2200,0.0,0.0
2024-04-25 13:00:00+09:00,1764.0,1764.0,1748.0,1748.0,300,0.0,0.0
2024-04-25 14:00:00+09:00,1748.0,1748.0,1748.0,1748.0,200,0.0,0.0
2024-04-26 09:00:00+09:00,1750.0,1776.0,1733.0,1758.0,0,0.0,0.0
2024-04-26 10:00:00+09:00,1776.0,1776.0,1760.0,1760.0,4400,0.0,0.0
2024-04-26 11:00:00+09:00,1760.0,1760.0,1760.0,1760.0,0,0.0,0.0
2024-04-26 12:00:00+09:00,1760.0,1773.0,1732.0,1770.0,7100,0.0,0.0
2024-04-26 14:00:00+09:00,1760.0,1766.0,1758.0,1760.0,2200,0.0,0.0
2024-04-30 09:00:00+09:00,1743.0,1760.0,1743.0,1758.0,0,0.0,0.0
2024-04-30 10:00:00+09:00,1760.0,1760.0,1752.0,1755.0,4300,0.0,0.0
2024-04-30 11:00:00+09:00,1760.0,1762.0,1755.0,1755.0,0,0.0,0.0
2024-04-30 12:00:00+09:00,1759.0,1786.0,1759.0,1786.0,10900,0.0,0.0
2024-04-30 13:00:00+09:00,1784.0,1786.0,1778.0,1782.0,2000,0.0,0.0
2024-04-30 14:00:00+09:00,1781.0,1789.0,1760.0,1785.0,3300,0.0,0.0
2024-05-01 09:00:00+09:00,1786.0,1786.0,1741.0,1751.0,1700,0.0,0.0
2024-05-01 11:00:00+09:00,1751.0,1751.0,1751.0,1751.0,0,0.0,0.0
2024-05-01 12:00:00+09:00,1753.0,1786.0,1753.0,1753.0,2100,0.0,0.0
2024-05-01 14:00:00+09:00,1775.0,1775.0,1775.0,1775.0,100,0.0,0.0
2024-05-02 09:00:00+09:00,1774.0,1774.0,1741.0,1756.0,4500,0.0,0.0
2024-05-02 10:00:00+09:00,1756.0,1756.0,1756.0,1756.0,100,0.0,0.0
2024-05-02 11:00:00+09:00,1756.0,1756.0,1756.0,1756.0,0,0.0,0.0
2024-05-02 12:00:00+09:00,1751.0,1751.0,1751.0,1751.0,4700,0.0,0.0
2024-05-07 09:00:00+09:00,1777.0,1777.0,1750.0,1761.0,3600,0.0,0.0
2024-05-07 10:00:00+09:00,1765.0,1770.0,1765.0,1770.0,200,0.0,0.0
2024-05-07 11:00:00+09:00,1770.0,1770.0,1770.0,1770.0,0,0.0,0.0
2024-05-07 12:00:00+09:00,1770.0,1770.0,1770.0,1770.0,4000,0.0,0.0
2024-05-07 13:00:00+09:00,1770.0,1770.0,1766.0,1766.0,200,0.0,0.0
2024-05-07 14:00:00+09:00,1773.0,1794.0,1771.0,1793.0,2600,0.0,0.0
2024-05-08 09:00:00+09:00,1772.0,1780.0,1771.0,1771.0,2000,0.0,0.0
2024-05-08 10:00:00+09:00,1776.0,1789.0,1771.0,1771.0,400,0.0,0.0
2024-05-08 11:00:00+09:00,1771.0,1771.0,1771.0,1771.0,0,0.0,0.0
2024-05-08 12:00:00+09:00,1787.0,1788.0,1777.0,1777.0,3400,0.0,0.0
2024-05-08 13:00:00+09:00,1774.0,1774.0,1774.0,1774.0,200,0.0,0.0
2024-05-08 14:00:00+09:00,1773.0,1791.0,1771.0,1771.0,800,0.0,0.0
2024-05-09 09:00:00+09:00,1795.0,1795.0,1782.0,1793.0,1200,0.0,0.0
2024-05-09 11:00:00+09:00,1790.0,1790.0,1780.0,1780.0,0,0.0,0.0
2024-05-09 12:00:00+09:00,1790.0,1790.0,1790.0,1790.0,1600,0.0,0.0
2024-05-09 13:00:00+09:00,1789.0,1795.0,1785.0,1792.0,1500,0.0,0.0
2024-05-09 14:00:00+09:00,1795.0,1800.0,1785.0,1800.0,1300,0.0,0.0
2024-05-10 09:00:00+09:00,1801.0,1801.0,1790.0,1790.0,1800,0.0,0.0
2024-05-10 10:00:00+09:00,1791.0,1799.0,1786.0,1786.0,1600,0.0,0.0
2024-05-10 11:00:00+09:00,1790.0,1790.0,1790.0,1790.0,0,0.0,0.0
2024-05-10 12:00:00+09:00,1790.0,1797.0,1790.0,1791.0,6500,0.0,0.0
2024-05-10 13:00:00+09:00,1790.0,1795.0,1781.0,1785.0,2600,0.0,0.0
2024-05-10 14:00:00+09:00,1782.0,1790.0,1778.0,1790.0,5200,0.0,0.0
2024-05-13 09:00:00+09:00,1790.0,1806.0,1790.0,1794.0,2500,0.0,0.0
2024-05-13 10:00:00+09:00,1804.0,1826.0,1802.0,1813.0,3000,0.0,0.0
2024-05-13 11:00:00+09:00,1817.0,1818.0,1817.0,1818.0,0,0.0,0.0
2024-05-13 12:00:00+09:00,1819.0,1835.0,1819.0,1824.0,12700,0.0,0.0
2024-05-13 13:00:00+09:00,1829.0,1829.0,1814.0,1816.0,3000,0.0,0.0
2024-05-13 14:00:00+09:00,1819.0,1829.0,1814.0,1828.0,4400,0.0,0.0
2024-05-14 09:00:00+09:00,1814.0,1835.0,1812.0,1825.0,0,0.0,0.0
2024-05-14 10:00:00+09:00,1824.0,1824.0,1823.0,1823.0,5500,0.0,0.0
2024-05-14 11:00:00+09:00,1825.0,1825.0,1820.0,1820.0,0,0.0,0.0
2024-05-14 12:00:00+09:00,1820.0,1820.0,1819.0,1819.0,7900,0.0,0.0
2024-05-14 13:00:00+09:00,1831.0,1836.0,1822.0,1836.0,1400,0.0,0.0
2024-05-14 14:00:00+09:00,1828.0,1833.0,1828.0,1833.0,500,0.0,0.0
2024-05-15 09:00:00+09:00,1910.0,1974.0,1910.0,1933.0,33800,0.0,0.0
2024-05-15 10:00:00+09:00,1935.0,1955.0,1935.0,1955.0,3500,0.0,0.0
2024-05-15 11:00:00+09:00,1955.0,1975.0,1955.0,1971.0,0,0.0,0.0
2024-05-15 12:00:00+09:00,1974.0,1986.0,1971.0,1986.0,50900,0.0,0.0
2024-05-15 13:00:00+09:00,1984.0,2030.0,1984.0,2030.0,13100,0.0,0.0
2024-05-15 14:00:00+09:00,2034.0,2035.0,2002.0,2003.0,5000,0.0,0.0
2024-05-16 09:00:00+09:00,2000.0,2001.0,1911.0,1920.0,15700,0.0,0.0
2024-05-16 10:00:00+09:00,1920.0,1936.0,1918.0,1922.0,2000,0.0,0.0
2024-05-16 11:00:00+09:00,1932.0,1935.0,1924.0,1924.0,0,0.0,0.0
2024-05-16 12:00:00+09:00,1926.0,1972.0,1926.0,1972.0,21900,0.0,0.0
2024-05-16 13:00:00+09:00,1960.0,1960.0,1945.0,1953.0,1200,0.0,0.0
2024-05-16 14:00:00+09:00,1946.0,1967.0,1929.0,1929.0,2100,0.0,0.0
2024-05-17 09:00:00+09:00,1948.0,1972.0,1948.0,1972.0,0,0.0,0.0
2024-05-17 10:00:00+09:00,1980.0,1984.0,1972.0,1974.0,4300,0.0,0.0
2024-05-17 11:00:00+09:00,1984.0,1984.0,1984.0,1984.0,0,0.0,0.0
2024-05-17 12:00:00+09:00,1967.0,1980.0,1966.0,1980.0,5500,0.0,0.0
2024-05-17 13:00:00+09:00,1984.0,1989.0,1983.0,1989.0,600,0.0,0.0
2024-05-17 14:00:00+09:00,1989.0,1992.0,1961.0,1961.0,1700,0.0,0.0
2024-05-20 09:00:00+09:00,1975.0,1980.0,1975.0,1980.0,1300,0.0,0.0
2024-05-20 10:00:00+09:00,1994.0,1997.0,1992.0,1992.0,800,0.0,0.0
2024-05-20 11:00:00+09:00,1997.0,2020.0,1988.0,2020.0,0,0.0,0.0
2024-05-20 12:00:00+09:00,2019.0,2019.0,1997.0,2000.0,6400,0.0,0.0
2024-05-20 13:00:00+09:00,2009.0,2009.0,1992.0,1999.0,800,0.0,0.0
2024-05-20 14:00:00+09:00,1990.0,1999.0,1970.0,1970.0,1600,0.0,0.0
2024-05-21 09:00:00+09:00,2009.0,2025.0,2002.0,2025.0,3800,0.0,0.0
2024-05-21 10:00:00+09:00,2022.0,2024.0,2006.0,2009.0,1900,0.0,0.0
2024-05-21 11:00:00+09:00,2011.0,2024.0,2011.0,2024.0,0,0.0,0.0
2024-05-21 12:00:00+09:00,2021.0,2051.0,2017.0,2048.0,13100,0.0,0.0
2024-05-21 13:00:00+09:00,2055.0,2060.0,2049.0,2049.0,1800,0.0,0.0
2024-05-21 14:00:00+09:00,2060.0,2060.0,2041.0,2048.0,1900,0.0,0.0
2024-05-22 09:00:00+09:00,2058.0,2058.0,2020.0,2025.0,1800,0.0,0.0
2024-05-22 10:00:00+09:00,2039.0,2039.0,2039.0,2039.0,300,0.0,0.0
2024-05-22 11:00:00+09:00,2044.0,2044.0,2043.0,2043.0,0,0.0,0.0
2024-05-22 12:00:00+09:00,2040.0,2046.0,2040.0,2046.0,75000,0.0,0.0
2024-05-22 13:00:00+09:00,2048.0,2049.0,2042.0,2049.0,1900,0.0,0.0
2024-05-22 14:00:00+09:00,2049.0,2059.0,2042.0,2056.0,2200,0.0,0.0
2024-05-23 09:00:00+09:00,2056.0,2060.0,2010.0,2019.0,9400,0.0,0.0
2024-05-23 10:00:00+09:00,2017.0,2033.0,2000.0,2003.0,11400,0.0,0.0
2024-05-23 11:00:00+09:00,2008.0,2024.0,2001.0,2008.0,0,0.0,0.0
2024-05-23 12:00:00+09:00,2040.0,2040.0,1998.0,2010.0,29300,0.0,0.0
2024-05-23 13:00:00+09:00,2000.0,2020.0,1997.0,2006.0,7100,0.0,0.0
2024-05-23 14:00:00+09:00,2012.0,2029.0,1998.0,2000.0,7900,0.0,0.0
2024-05-24 09:00:00+09:00,1994.0,2032.0,1992.0,1994.0,4100,0.0,0.0
2024-05-24 10:00:00+09:00,1999.0,2016.0,1994.0,2010.0,3000,0.0,0.0
2024-05-24 11:00:00+09:00,2011.0,2014.0,1994.0,2014.0,0,0.0,0.0
2024-05-24 12:00:00+09:00,2014.0,2014.0,1996.0,2000.0,9900,0.0,0.0
2024-05-24 13:00:00+09:00,2000.0,2010.0,1999.0,2010.0,3300,0.0,0.0
2024-05-24 14:00:00+09:00,2007.0,2028.0,2004.0,2028.0,3200,0.0,0.0
2024-05-27 09:00:00+09:00,2029.0,2035.0,1974.0,1994.0,4800,0.0,0.0
2024-05-27 10:00:00+09:00,1999.0,2007.0,1999.0,2001.0,1500,0.0,0.0
2024-05-27 11:00:00+09:00,1997.0,2013.0,1997.0,2006.0,0,0.0,0.0
2024-05-27 12:00:00+09:00,2015.0,2015.0,2001.0,2001.0,8700,0.0,0.0
2024-05-27 13:00:00+09:00,2009.0,2013.0,2000.0,2002.0,2000,0.0,0.0
2024-05-27 14:00:00+09:00,1996.0,2020.0,1971.0,2009.0,9100,0.0,0.0
2024-05-28 09:00:00+09:00,2025.0,2026.0,2000.0,2017.0,12000,0.0,0.0
2024-05-28 10:00:00+09:00,2020.0,2032.0,2020.0,2027.0,0,0.0,0.0
2024-05-28 11:00:00+09:00,2026.0,2026.0,2023.0,2026.0,0,0.0,0.0
2024-05-28 12:00:00+09:00,2012.0,2026.0,2001.0,2001.0,18500,0.0,0.0
2024-05-28 13:00:00+09:00,2005.0,2005.0,1999.0,2000.0,4700,0.0,0.0
2024-05-28 14:00:00+09:00,2000.0,2017.0,1991.0,2017.0,2700,0.0,0.0
2024-05-29 09:00:00+09:00,1980.0,2009.0,1980.0,2008.0,4200,0.0,0.0
2024-05-29 10:00:00+09:00,2008.0,2010.0,1996.0,1996.0,2900,0.0,0.0
2024-05-29 11:00:00+09:00,2000.0,2007.0,1999.0,2007.0,0,0.0,0.0
2024-05-29 12:00:00+09:00,2001.0,2001.0,1995.0,2001.0,11400,0.0,0.0
2024-05-29 13:00:00+09:00,2000.0,2003.0,1996.0,2003.0,2900,0.0,0.0
2024-05-29 14:00:00+09:00,2000.0,2001.0,1984.0,1999.0,2400,0.0,0.0
2024-05-30 09:00:00+09:00,1981.0,2000.0,1971.0,1991.0,5500,0.0,0.0
2024-05-30 10:00:00+09:00,1991.0,2000.0,1991.0,2000.0,0,0.0,0.0
2024-05-30 11:00:00+09:00,2008.0,2008.0,2003.0,2003.0,0,0.0,0.0
2024-05-30 12:00:00+09:00,1973.0,1999.0,1973.0,1999.0,12500,0.0,0.0
2024-05-30 13:00:00+09:00,2000.0,2010.0,1998.0,2010.0,3500,0.0,0.0
2024-05-30 14:00:00+09:00,2011.0,2020.0,2011.0,2020.0,4800,0.0,0.0
2024-05-31 09:00:00+09:00,2005.0,2112.0,2005.0,2100.0,23300,0.0,0.0
2024-05-31 10:00:00+09:00,2100.0,2108.0,2091.0,2100.0,9400,0.0,0.0
2024-05-31 11:00:00+09:00,2106.0,2113.0,2103.0,2112.0,0,0.0,0.0
2024-05-31 12:00:00+09:00,2120.0,2140.0,2119.0,2140.0,42200,0.0,0.0
2024-05-31 13:00:00+09:00,2144.0,2160.0,2112.0,2154.0,8300,0.0,0.0
2024-05-31 14:00:00+09:00,2155.0,2165.0,2154.0,2165.0,6400,0.0,0.0
2024-06-03 09:00:00+09:00,2170.0,2175.0,2135.0,2145.0,4900,0.0,0.0
2024-06-03 10:00:00+09:00,2159.0,2159.0,2130.0,2151.0,1000,0.0,0.0
2024-06-03 11:00:00+09:00,2139.0,2152.0,2130.0,2152.0,0,0.0,0.0
2024-06-03 12:00:00+09:00,2152.0,2160.0,2152.0,2160.0,7300,0.0,0.0
2024-06-03 13:00:00+09:00,2153.0,2190.0,2152.0,2188.0,4400,0.0,0.0
2024-06-03 14:00:00+09:00,2185.0,2198.0,2166.0,2166.0,8500,0.0,0.0
2024-06-04 09:00:00+09:00,2210.0,2225.0,2131.0,2225.0,0,0.0,0.0
2024-06-04 10:00:00+09:00,2220.0,2258.0,2215.0,2234.0,15300,0.0,0.0
2024-06-04 11:00:00+09:00,2226.0,2233.0,2209.0,2232.0,0,0.0,0.0
2024-06-04 12:00:00+09:00,2232.0,2265.0,2219.0,2265.0,18500,0.0,0.0
2024-06-04 13:00:00+09:00,2265.0,2270.0,2206.0,2239.0,0,0.0,0.0
2024-06-04 14:00:00+09:00,2259.0,2259.0,2230.0,2230.0,31600,0.0,0.0
2024-06-05 09:00:00+09:00,2250.0,2250.0,2200.0,2200.0,0,0.0,0.0
2024-06-05 10:00:00+09:00,2200.0,2227.0,2194.0,2223.0,5900,0.0,0.0
2024-06-05 11:00:00+09:00,2210.0,2210.0,2197.0,2210.0,0,0.0,0.0
2024-06-05 12:00:00+09:00,2193.0,2244.0,2191.0,2222.0,8900,0.0,0.0
2024-06-05 13:00:00+09:00,2219.0,2239.0,2193.0,2219.0,1300,0.0,0.0
2024-06-05 14:00:00+09:00,2219.0,2239.0,2195.0,2226.0,2700,0.0,0.0
2024-06-06 09:00:00+09:00,2193.0,2193.0,2122.0,2125.0,10300,0.0,0.0
2024-06-06 10:00:00+09:00,2146.0,2176.0,2146.0,2158.0,2400,0.0,0.0
2024-06-06 11:00:00+09:00,2160.0,2164.0,2158.0,2158.0,0,0.0,0.0
2024-06-06 12:00:00+09:00,2130.0,2152.0,2120.0,2151.0,18000,0.0,0.0
2024-06-06 13:00:00+09:00,2151.0,2151.0,2140.0,2141.0,1600,0.0,0.0
2024-06-06 14:00:00+09:00,2152.0,2152.0,2127.0,2131.0,2600,0.0,0.0
2024-06-07 09:00:00+09:00,2131.0,2131.0,2131.0,2131.0,500,0.0,0.0
2024-06-07 10:00:00+09:00,2132.0,2156.0,2132.0,2156.0,1100,0.0,0.0
2024-06-07 11:00:00+09:00,2157.0,2165.0,2157.0,2165.0,0,0.0,0.0
2024-06-07 12:00:00+09:00,2173.0,2173.0,2166.0,2167.0,3700,0.0,0.0
2024-06-07 13:00:00+09:00,2177.0,2178.0,2152.0,2153.0,1700,0.0,0.0
2024-06-07 14:00:00+09:00,2154.0,2162.0,2131.0,2131.0,2700,0.0,0.0
2024-06-10 09:00:00+09:00,2118.0,2120.0,2117.0,2118.0,1700,0.0,0.0
2024-06-10 10:00:00+09:00,2119.0,2119.0,2080.0,2082.0,11200,0.0,0.0
2024-06-10 11:00:00+09:00,2081.0,2081.0,2052.0,2057.0,0,0.0,0.0
2024-06-10 12:00:00+09:00,2053.0,2082.0,2041.0,2065.0,29400,0.0,0.0
2024-06-10 13:00:00+09:00,2073.0,2094.0,2072.0,2090.0,4400,0.0,0.0
2024-06-10 14:00:00+09:00,2096.0,2120.0,2076.0,2085.0,9400,0.0,0.0
2024-06-11 09:00:00+09:00,2081.0,2130.0,2081.0,2127.0,5100,0.0,0.0
2024-06-11 10:00:00+09:00,2121.0,2126.0,2110.0,2126.0,1600,0.0,0.0
2024-06-11 11:00:00+09:00,2123.0,2126.0,2101.0,2101.0,0,0.0,0.0
2024-06-11 12:00:00+09:00,2093.0,2128.0,2093.0,2123.0,10300,0.0,0.0
2024-06-11 13:00:00+09:00,2129.0,2131.0,2119.0,2123.0,2600,0.0,0.0
2024-06-11 14:00:00+09:00,2118.0,2130.0,2100.0,2130.0,2000,0.0,0.0
2024-06-12 09:00:00+09:00,2135.0,2135.0,2112.0,2122.0,1200,0.0,0.0
2024-06-12 10:00:00+09:00,2134.0,2154.0,2134.0,2145.0,2600,0.0,0.0
2024-06-12 11:00:00+09:00,2138.0,2139.0,2133.0,2133.0,0,0.0,0.0
2024-06-12 12:00:00+09:00,2130.0,2130.0,2123.0,2123.0,5300,0.0,0.0
2024-06-12 13:00:00+09:00,2121.0,2121.0,2116.0,2116.0,700,0.0,0.0
2024-06-12 14:00:00+09:00,2116.0,2136.0,2116.0,2120.0,1600,0.0,0.0
2024-06-13 09:00:00+09:00,2129.0,2147.0,2066.0,2103.0,5300,0.0,0.0
2024-06-13 10:00:00+09:00,2101.0,2105.0,2075.0,2097.0,2400,0.0,0.0
2024-06-13 11:00:00+09:00,2112.0,2112.0,2102.0,2102.0,0,0.0,0.0
2024-06-13 12:00:00+09:00,2108.0,2110.0,2083.0,2098.0,9300,0.0,0.0
2024-06-13 13:00:00+09:00,2113.0,2119.0,2095.0,2109.0,1800,0.0,0.0
2024-06-13 14:00:00+09:00,2123.0,2123.0,2080.0,2080.0,3000,0.0,0.0
2024-06-14 09:00:00+09:00,2110.0,2123.0,2089.0,2113.0,1800,0.0,0.0
2024-06-14 10:00:00+09:00,2098.0,2100.0,2098.0,2098.0,400,0.0,0.0
2024-06-14 11:00:00+09:00,2112.0,2112.0,2112.0,2112.0,0,0.0,0.0
2024-06-14 12:00:00+09:00,2106.0,2130.0,2102.0,2102.0,5200,0.0,0.0
2024-06-14 13:00:00+09:00,2110.0,2124.0,2091.0,2091.0,2200,0.0,0.0
2024-06-14 14:00:00+09:00,2122.0,2122.0,2091.0,2091.0,1400,0.0,0.0
2024-06-17 09:00:00+09:00,2100.0,2140.0,2086.0,2098.0,5100,0.0,0.0
2024-06-17 10:00:00+09:00,2097.0,2114.0,2091.0,2114.0,1400,0.0,0.0
2024-06-17 11:00:00+09:00,2115.0,2134.0,2115.0,2132.0,0,0.0,0.0
2024-06-17 12:00:00+09:00,2136.0,2145.0,2136.0,2143.0,11400,0.0,0.0
2024-06-17 13:00:00+09:00,2145.0,2164.0,2145.0,2156.0,3100,0.0,0.0
2024-06-17 14:00:00+09:00,2154.0,2154.0,2129.0,2141.0,1500,0.0,0.0
2024-06-18 09:00:00+09:00,2117.0,2165.0,2111.0,2160.0,9600,0.0,0.0
2024-06-18 10:00:00+09:00,2155.0,2163.0,2141.0,2141.0,3100,0.0,0.0
2024-06-18 11:00:00+09:00,2149.0,2149.0,2149.0,2149.0,0,0.0,0.0
2024-06-18 12:00:00+09:00,2149.0,2161.0,2149.0,2160.0,13400,0.0,0.0
2024-06-18 13:00:00+09:00,2161.0,2164.0,2136.0,2136.0,2700,0.0,0.0
2024-06-18 14:00:00+09:00,2144.0,2153.0,2136.0,2137.0,1600,0.0,0.0
2024-06-19 09:00:00+09:00,2171.0,2211.0,2162.0,2194.0,7700,0.0,0.0
2024-06-19 10:00:00+09:00,2204.0,2222.0,2175.0,2181.0,4300,0.0,0.0
2024-06-19 11:00:00+09:00,2182.0,2182.0,2181.0,2181.0,0,0.0,0.0
2024-06-19 12:00:00+09:00,2169.0,2191.0,2168.0,2183.0,14800,0.0,0.0
2024-06-19 13:00:00+09:00,2189.0,2189.0,2168.0,2170.0,0,0.0,0.0
2024-06-19 14:00:00+09:00,2181.0,2189.0,2160.0,2160.0,20300,0.0,0.0
2024-06-20 09:00:00+09:00,2161.0,2185.0,2132.0,2171.0,3100,0.0,0.0
2024-06-20 10:00:00+09:00,2173.0,2182.0,2160.0,2169.0,2100,0.0,0.0
2024-06-20 11:00:00+09:00,2170.0,2173.0,2159.0,2163.0,0,0.0,0.0
2024-06-20 12:00:00+09:00,2156.0,2189.0,2155.0,2189.0,12700,0.0,0.0
2024-06-20 13:00:00+09:00,2185.0,2198.0,2183.0,2190.0,7500,0.0,0.0
2024-06-20 14:00:00+09:00,2188.0,2189.0,2167.0,2184.0,6900,0.0,0.0
2024-06-21 09:00:00+09:00,2186.0,2213.0,2184.0,2204.0,2500,0.0,0.0
2024-06-21 10:00:00+09:00,2216.0,2223.0,2206.0,2223.0,3300,0.0,0.0
2024-06-21 11:00:00+09:00,2225.0,2250.0,2212.0,2250.0,0,0.0,0.0
2024-06-21 12:00:00+09:00,2248.0,2251.0,2204.0,2225.0,17600,0.0,0.0
2024-06-21 13:00:00+09:00,2221.0,2232.0,2202.0,2208.0,2200,0.0,0.0
2024-06-21 14:00:00+09:00,2214.0,2219.0,2190.0,2202.0,3000,0.0,0.0
2024-06-24 09:00:00+09:00,2152.0,2187.0,2152.0,2187.0,8000,0.0,0.0
2024-06-24 10:00:00+09:00,2182.0,2187.0,2166.0,2166.0,2400,0.0,0.0
2024-06-24 11:00:00+09:00,2167.0,2170.0,2157.0,2157.0,0,0.0,0.0
2024-06-24 12:00:00+09:00,2179.0,2179.0,2149.0,2160.0,15200,0.0,0.0
2024-06-24 13:00:00+09:00,2163.0,2173.0,2146.0,2155.0,3300,0.0,0.0
2024-06-24 14:00:00+09:00,2153.0,2153.0,2112.0,2112.0,9100,0.0,0.0
2024-06-25 09:00:00+09:00,2144.0,2150.0,2070.0,2084.0,18000,0.0,0.0
2024-06-25 10:00:00+09:00,2076.0,2076.0,2030.0,2043.0,11400,0.0,0.0
2024-06-25 11:00:00+09:00,2040.0,2098.0,2040.0,2078.0,0,0.0,0.0
2024-06-25 12:00:00+09:00,2062.0,2079.0,2062.0,2079.0,41100,0.0,0.0
2024-06-25 13:00:00+09:00,2068.0,2073.0,2060.0,2062.0,6800,0.0,0.0
2024-06-25 14:00:00+09:00,2061.0,2080.0,2055.0,2080.0,9400,0.0,0.0
2024-06-26 09:00:00+09:00,2073.0,2116.0,2058.0,2108.0,4300,0.0,0.0
2024-06-26 10:00:00+09:00,2103.0,2114.0,2096.0,2114.0,1100,0.0,0.0
2024-06-26 11:00:00+09:00,2118.0,2125.0,2118.0,2121.0,0,0.0,0.0
2024-06-26 12:00:00+09:00,2124.0,2125.0,2113.0,2115.0,8600,0.0,0.0
2024-06-26 13:00:00+09:00,2113.0,2124.0,2113.0,2115.0,2700,0.0,0.0
2024-06-26 14:00:00+09:00,2121.0,2135.0,2117.0,2135.0,3500,0.0,0.0
2024-06-27 09:00:00+09:00,2133.0,2165.0,2133.0,2165.0,2100,0.0,0.0
2024-06-27 10:00:00+09:00,2158.0,2158.0,2158.0,2158.0,100,0.0,0.0
2024-06-27 11:00:00+09:00,2159.0,2160.0,2144.0,2148.0,0,0.0,0.0
2024-06-27 12:00:00+09:00,2150.0,2163.0,2150.0,2150.0,5200,0.0,0.0
2024-06-27 13:00:00+09:00,2150.0,2150.0,2139.0,2149.0,500,0.0,0.0
2024-06-27 14:00:00+09:00,2160.0,2164.0,2151.0,2151.0,1400,0.0,0.0
2024-06-28 09:00:00+09:00,2160.0,2172.0,2121.0,2121.0,9200,0.0,0.0
2024-06-28 10:00:00+09:00,2132.0,2132.0,2093.0,2109.0,4300,0.0,0.0
2024-06-28 11:00:00+09:00,2120.0,2120.0,2120.0,2120.0,0,0.0,0.0
2024-06-28 12:00:00+09:00,2122.0,2134.0,2114.0,2121.0,16000,0.0,0.0
2024-06-28 13:00:00+09:00,2121.0,2123.0,2095.0,2102.0,5400,0.0,0.0
2024-06-28 14:00:00+09:00,2107.0,2130.0,2101.0,2117.0,7400,0.0,0.0
2024-07-01 09:00:00+09:00,2100.0,2100.0,2063.0,2090.0,13800,0.0,0.0
2024-07-01 10:00:00+09:00,2093.0,2100.0,2080.0,2080.0,2500,0.0,0.0
2024-07-01 11:00:00+09:00,2076.0,2081.0,2074.0,2074.0,0,0.0,0.0
2024-07-01 12:00:00+09:00,2073.0,2108.0,2071.0,2089.0,20600,0.0,0.0
2024-07-01 13:00:00+09:00,2088.0,2088.0,2072.0,2088.0,3400,0.0,0.0
2024-07-01 14:00:00+09:00,2088.0,2139.0,2085.0,2091.0,5100,0.0,0.0
2024-07-02 09:00:00+09:00,2098.0,2098.0,2090.0,2090.0,700,0.0,0.0
2024-07-02 10:00:00+09:00,2100.0,2142.0,2100.0,2112.0,2800,0.0,0.0
2024-07-02 11:00:00+09:00,2131.0,2131.0,2116.0,2116.0,0,0.0,0.0
2024-07-02 12:00:00+09:00,2110.0,2110.0,2103.0,2110.0,4200,0.0,0.0
2024-07-02 13:00:00+09:00,2110.0,2111.0,2097.0,2097.0,1300,0.0,0.0
2024-07-02 14:00:00+09:00,2111.0,2120.0,2096.0,2120.0,1500,0.0,0.0
2024-07-03 09:00:00+09:00,2097.0,2121.0,2082.0,2121.0,3200,0.0,0.0
2024-07-03 10:00:00+09:00,2125.0,2125.0,2125.0,2125.0,0,0.0,0.0
2024-07-03 11:00:00+09:00,2116.0,2123.0,2108.0,2108.0,0,0.0,0.0
2024-07-03 12:00:00+09:00,2096.0,2116.0,2090.0,2110.0,11000,0.0,0.0
2024-07-03 13:00:00+09:00,2111.0,2113.0,2094.0,2104.0,3600,0.0,0.0
2024-07-03 14:00:00+09:00,2104.0,2113.0,2090.0,2090.0,3800,0.0,0.0
2024-07-04 09:00:00+09:00,2130.0,2130.0,2127.0,2130.0,600,0.0,0.0
2024-07-04 10:00:00+09:00,2139.0,2154.0,2121.0,2149.0,2200,0.0,0.0
2024-07-04 11:00:00+09:00,2148.0,2152.0,2131.0,2151.0,0,0.0,0.0
2024-07-04 12:00:00+09:00,2127.0,2130.0,2093.0,2094.0,12700,0.0,0.0
2024-07-04 13:00:00+09:00,2097.0,2098.0,2061.0,2070.0,20300,0.0,0.0
2024-07-04 14:00:00+09:00,2075.0,2078.0,2050.0,2051.0,20700,0.0,0.0
2024-07-05 09:00:00+09:00,2077.0,2084.0,2023.0,2030.0,29500,0.0,0.0
2024-07-05 10:00:00+09:00,2026.0,2052.0,2025.0,2043.0,3400,0.0,0.0
2024-07-05 11:00:00+09:00,2052.0,2052.0,2045.0,2046.0,0,0.0,0.0
2024-07-05 12:00:00+09:00,2046.0,2049.0,2037.0,2047.0,37900,0.0,0.0
2024-07-05 13:00:00+09:00,2048.0,2053.0,2044.0,2048.0,1700,0.0,0.0
2024-07-05 14:00:00+09:00,2052.0,2055.0,2025.0,2025.0,3500,0.0,0.0
2024-07-08 09:00:00+09:00,2029.0,2034.0,2003.0,2003.0,7900,0.0,0.0
2024-07-08 10:00:00+09:00,2007.0,2025.0,2007.0,2023.0,5000,0.0,0.0
2024-07-08 11:00:00+09:00,2022.0,2030.0,2022.0,2030.0,0,0.0,0.0
2024-07-08 12:00:00+09:00,2045.0,2048.0,2001.0,2025.0,18300,0.0,0.0
2024-07-08 13:00:00+09:00,2023.0,2032.0,2022.0,2032.0,1600,0.0,0.0
2024-07-08 14:00:00+09:00,2027.0,2035.0,2024.0,2027.0,3500,0.0,0.0
2024-07-09 09:00:00+09:00,2031.0,2065.0,2031.0,2054.0,0,0.0,0.0
2024-07-09 10:00:00+09:00,2051.0,2057.0,2040.0,2054.0,10500,0.0,0.0
2024-07-09 11:00:00+09:00,2059.0,2074.0,2059.0,2073.0,0,0.0,0.0
2024-07-09 12:00:00+09:00,2064.0,2073.0,2063.0,2069.0,15500,0.0,0.0
2024-07-09 13:00:00+09:00,2073.0,2077.0,2065.0,2073.0,3500,0.0,0.0
2024-07-09 14:00:00+09:00,2073.0,2077.0,2071.0,2071.0,2100,0.0,0.0
2024-07-10 09:00:00+09:00,2075.0,2075.0,2035.0,2054.0,4700,0.0,0.0
2024-07-10 10:00:00+09:00,2049.0,2056.0,2031.0,2031.0,3300,0.0,0.0
2024-07-10 11:00:00+09:00,2036.0,2040.0,2025.0,2025.0,0,0.0,0.0
2024-07-10 12:00:00+09:00,2025.0,2035.0,2019.0,2022.0,14200,0.0,0.0
2024-07-10 13:00:00+09:00,2027.0,2027.0,2013.0,2020.0,3000,0.0,0.0
2024-07-10 14:00:00+09:00,2024.0,2070.0,2014.0,2070.0,5700,0.0,0.0
2024-07-11 09:00:00+09:00,2074.0,2074.0,2023.0,2027.0,2000,0.0,0.0
2024-07-11 10:00:00+09:00,2040.0,2048.0,2029.0,2039.0,3000,0.0,0.0
2024-07-11 11:00:00+09:00,2043.0,2050.0,2037.0,2040.0,0,0.0,0.0
2024-07-11 12:00:00+09:00,2023.0,2040.0,2003.0,2011.0,13000,0.0,0.0
2024-07-11 13:00:00+09:00,2012.0,2013.0,1998.0,2013.0,12700,0.0,0.0
2024-07-11 14:00:00+09:00,2017.0,2059.0,2015.0,2059.0,5600,0.0,0.0
2024-07-12 09:00:00+09:00,2042.0,2071.0,2030.0,2051.0,4300,0.0,0.0
2024-07-12 10:00:00+09:00,2061.0,2066.0,2056.0,2065.0,1800,0.0,0.0
2024-07-12 11:00:00+09:00,2067.0,2070.0,2066.0,2068.0,0,0.0,0.0
2024-07-12 12:00:00+09:00,2073.0,2080.0,2069.0,2077.0,13800,0.0,0.0
2024-07-12 13:00:00+09:00,2081.0,2081.0,2070.0,2076.0,3100,0.0,0.0
2024-07-12 14:00:00+09:00,2081.0,2081.0,2067.0,2068.0,2200,0.0,0.0
2024-07-16 09:00:00+09:00,2100.0,2100.0,2064.0,2075.0,6100,0.0,0.0
2024-07-16 10:00:00+09:00,2087.0,2087.0,2070.0,2070.0,1100,0.0,0.0
2024-07-16 11:00:00+09:00,2069.0,2069.0,2069.0,2069.0,0,0.0,0.0
2024-07-16 12:00:00+09:00,2088.0,2090.0,2074.0,2076.0,10800,0.0,0.0
2024-07-16 13:00:00+09:00,2075.0,2086.0,2071.0,2076.0,1000,0.0,0.0
2024-07-16 14:00:00+09:00,2086.0,2088.0,2075.0,2075.0,2000,0.0,0.0
2024-07-17 09:00:00+09:00,2075.0,2101.0,2075.0,2101.0,2600,0.0,0.0
2024-07-17 10:00:00+09:00,2096.0,2113.0,2089.0,2098.0,6500,0.0,0.0
2024-07-17 11:00:00+09:00,2108.0,2109.0,2103.0,2108.0,0,0.0,0.0
2024-07-17 12:00:00+09:00,2093.0,2109.0,2093.0,2098.0,13300,0.0,0.0
2024-07-17 13:00:00+09:00,2097.0,2097.0,2072.0,2076.0,6900,0.0,0.0
2024-07-17 14:00:00+09:00,2076.0,2078.0,2055.0,2078.0,7200,0.0,0.0
2024-07-18 09:00:00+09:00,2070.0,2096.0,2051.0,2078.0,4100,0.0,0.0
2024-07-18 10:00:00+09:00,2074.0,2090.0,2074.0,2090.0,900,0.0,0.0
2024-07-18 11:00:00+09:00,2086.0,2097.0,2083.0,2086.0,0,0.0,0.0
2024-07-18 12:00:00+09:00,2086.0,2086.0,2068.0,2086.0,7300,0.0,0.0
2024-07-18 13:00:00+09:00,2081.0,2083.0,2069.0,2069.0,1100,0.0,0.0
2024-07-18 14:00:00+09:00,2075.0,2123.0,2066.0,2095.0,10800,0.0,0.0
2024-07-19 09:00:00+09:00,2113.0,2171.0,2080.0,2122.0,11800,0.0,0.0
2024-07-19 10:00:00+09:00,2123.0,2132.0,2114.0,2121.0,2400,0.0,0.0
2024-07-19 11:00:00+09:00,2133.0,2133.0,2124.0,2131.0,0,0.0,0.0
2024-07-19 12:00:00+09:00,2117.0,2127.0,2067.0,2097.0,22600,0.0,0.0
2024-07-19 13:00:00+09:00,2100.0,2115.0,2069.0,2098.0,4600,0.0,0.0
2024-07-19 14:00:00+09:00,2113.0,2122.0,2081.0,2093.0,2600,0.0,0.0
2024-07-22 09:00:00+09:00,2092.0,2095.0,2040.0,2077.0,5700,0.0,0.0
2024-07-22 10:00:00+09:00,2084.0,2102.0,2082.0,2099.0,2900,0.0,0.0
2024-07-22 11:00:00+09:00,2101.0,2109.0,2101.0,2103.0,0,0.0,0.0
2024-07-22 12:00:00+09:00,2079.0,2108.0,2079.0,2094.0,13500,0.0,0.0
2024-07-22 13:00:00+09:00,2096.0,2097.0,2084.0,2087.0,3800,0.0,0.0
2024-07-22 14:00:00+09:00,2086.0,2110.0,2082.0,2110.0,3800,0.0,0.0
2024-07-23 09:00:00+09:00,2125.0,2125.0,2114.0,2114.0,700,0.0,0.0
2024-07-23 10:00:00+09:00,2121.0,2130.0,2121.0,2129.0,1000,0.0,0.0
2024-07-23 11:00:00+09:00,2127.0,2130.0,2127.0,2130.0,0,0.0,0.0
2024-07-23 12:00:00+09:00,2129.0,2140.0,2128.0,2140.0,4300,0.0,0.0
2024-07-23 13:00:00+09:00,2140.0,2140.0,2139.0,2140.0,800,0.0,0.0
2024-07-23 14:00:00+09:00,2145.0,2148.0,2144.0,2148.0,600,0.0,0.0
2024-07-24 09:00:00+09:00,2142.0,2205.0,2142.0,2200.0,7900,0.0,0.0
2024-07-24 10:00:00+09:00,2199.0,2214.0,2199.0,2214.0,1500,0.0,0.0
2024-07-24 11:00:00+09:00,2214.0,2222.0,2212.0,2222.0,0,0.0,0.0
2024-07-24 12:00:00+09:00,2225.0,2234.0,2204.0,2206.0,14600,0.0,0.0
2024-07-24 13:00:00+09:00,2209.0,2209.0,2188.0,2198.0,2600,0.0,0.0
2024-07-24 14:00:00+09:00,2206.0,2206.0,2178.0,2178.0,3700,0.0,0.0
2024-07-25 09:00:00+09:00,2135.0,2154.0,2131.0,2154.0,2700,0.0,0.0
2024-07-25 10:00:00+09:00,2158.0,2175.0,2137.0,2137.0,2700,0.0,0.0
2024-07-25 11:00:00+09:00,2151.0,2157.0,2151.0,2157.0,0,0.0,0.0
2024-07-25 12:00:00+09:00,2142.0,2156.0,2132.0,2132.0,7400,0.0,0.0
2024-07-25 13:00:00+09:00,2135.0,2135.0,2098.0,2099.0,5100,0.0,0.0
2024-07-25 14:00:00+09:00,2093.0,2093.0,2079.0,2086.0,4400,0.0,0.0
2024-07-26 09:00:00+09:00,2082.0,2098.0,2067.0,2098.0,2200,0.0,0.0
2024-07-26 10:00:00+09:00,2098.0,2111.0,2088.0,2102.0,1200,0.0,0.0
2024-07-26 11:00:00+09:00,2110.0,2120.0,2107.0,2119.0,0,0.0,0.0
2024-07-26 12:00:00+09:00,2090.0,2100.0,2089.0,2095.0,7200,0.0,0.0
2024-07-26 13:00:00+09:00,2092.0,2104.0,2089.0,2095.0,1300,0.0,0.0
2024-07-26 14:00:00+09:00,2105.0,2119.0,2076.0,2119.0,1400,0.0,0.0
2024-07-29 09:00:00+09:00,2088.0,2088.0,2070.0,2070.0,400,0.0,0.0
2024-07-29 10:00:00+09:00,2090.0,2112.0,2086.0,2099.0,2400,0.0,0.0
2024-07-29 11:00:00+09:00,2100.0,2103.0,2091.0,2091.0,0,0.0,0.0
2024-07-29 12:00:00+09:00,2092.0,2106.0,2090.0,2095.0,5000,0.0,0.0
2024-07-29 13:00:00+09:00,2104.0,2104.0,2096.0,2096.0,800,0.0,0.0
2024-07-29 14:00:00+09:00,2099.0,2099.0,2076.0,2091.0,1200,0.0,0.0
2024-07-30 09:00:00+09:00,2110.0,2110.0,2080.0,2086.0,1800,0.0,0.0
2024-07-30 10:00:00+09:00,2088.0,2088.0,2070.0,2070.0,1000,0.0,0.0
2024-07-30 11:00:00+09:00,2068.0,2068.0,2056.0,2056.0,0,0.0,0.0
2024-07-30 12:00:00+09:00,2048.0,2051.0,2047.0,2047.0,7300,0.0,0.0
2024-07-30 13:00:00+09:00,2050.0,2060.0,2045.0,2060.0,1000,0.0,0.0
2024-07-30 14:00:00+09:00,2061.0,2061.0,2045.0,2056.0,800,0.0,0.0
2024-07-31 09:00:00+09:00,2051.0,2052.0,2039.0,2045.0,2400,0.0,0.0
2024-07-31 11:00:00+09:00,2067.0,2067.0,2051.0,2051.0,0,0.0,0.0
2024-07-31 13:00:00+09:00,2084.0,2084.0,2039.0,2039.0,6700,0.0,0.0
2024-07-31 14:00:00+09:00,2071.0,2071.0,2051.0,2061.0,1000,0.0,0.0
2024-08-01 09:00:00+09:00,2060.0,2060.0,1992.0,1992.0,7600,0.0,0.0
2024-08-01 10:00:00+09:00,1992.0,1992.0,1973.0,1973.0,3400,0.0,0.0
2024-08-01 11:00:00+09:00,1982.0,2002.0,1982.0,1992.0,0,0.0,0.0
2024-08-01 12:00:00+09:00,1975.0,1987.0,1975.0,1987.0,13800,0.0,0.0
2024-08-01 13:00:00+09:00,1993.0,1993.0,1983.0,1983.0,500,0.0,0.0
2024-08-01 14:00:00+09:00,1990.0,2001.0,1975.0,1999.0,5900,0.0,0.0
2024-08-02 09:00:00+09:00,1920.0,1940.0,1910.0,1910.0,5900,0.0,0.0
2024-08-02 10:00:00+09:00,1902.0,1948.0,1900.0,1934.0,2700,0.0,0.0
2024-08-02 11:00:00+09:00,1938.0,1946.0,1925.0,1925.0,0,0.0,0.0
2024-08-02 12:00:00+09:00,1914.0,1924.0,1900.0,1900.0,12000,0.0,0.0
2024-08-02 13:00:00+09:00,1919.0,1920.0,1900.0,1900.0,2800,0.0,0.0
2024-08-02 14:00:00+09:00,1911.0,1912.0,1891.0,1911.0,2600,0.0,0.0
2024-08-05 09:00:00+09:00,1811.0,1839.0,1790.0,1812.0,5800,0.0,0.0
2024-08-05 10:00:00+09:00,1811.0,1812.0,1766.0,1777.0,6100,0.0,0.0
2024-08-05 11:00:00+09:00,1771.0,1784.0,1771.0,1784.0,0,0.0,0.0
2024-08-05 12:00:00+09:00,1768.0,1790.0,1768.0,1773.0,15300,0.0,0.0
2024-08-05 13:00:00+09:00,1766.0,1771.0,1717.0,1732.0,11900,0.0,0.0
2024-08-05 14:00:00+09:00,1721.0,1721.0,1602.0,1635.0,26200,0.0,0.0
2024-08-06 09:00:00+09:00,1681.0,1738.0,1670.0,1721.0,31400,0.0,0.0
2024-08-06 10:00:00+09:00,1727.0,1834.0,1674.0,1723.0,24000,0.0,0.0
2024-08-06 11:00:00+09:00,1759.0,1765.0,1707.0,1709.0,0,0.0,0.0
2024-08-06 12:00:00+09:00,1691.0,1747.0,1678.0,1700.0,72100,0.0,0.0
2024-08-06 13:00:00+09:00,1689.0,1705.0,1680.0,1691.0,0,0.0,0.0
2024-08-06 14:00:00+09:00,1699.0,1755.0,1692.0,1705.0,96300,0.0,0.0
2024-08-07 09:00:00+09:00,1707.0,1720.0,1658.0,1687.0,9400,0.0,0.0
2024-08-07 10:00:00+09:00,1681.0,1736.0,1667.0,1734.0,5400,0.0,0.0
2024-08-07 11:00:00+09:00,1729.0,1769.0,1705.0,1734.0,0,0.0,0.0
2024-08-07 12:00:00+09:00,1694.0,1769.0,1694.0,1741.0,23300,0.0,0.0
2024-08-07 13:00:00+09:00,1741.0,1770.0,1711.0,1759.0,3000,0.0,0.0
2024-08-07 14:00:00+09:00,1763.0,1767.0,1714.0,1764.0,17500,0.0,0.0
2024-08-08 09:00:00+09:00,1710.0,1762.0,1707.0,1762.0,12000,0.0,0.0
2024-08-08 10:00:00+09:00,1771.0,1787.0,1761.0,1773.0,6700,0.0,0.0
2024-08-08 11:00:00+09:00,1785.0,1798.0,1785.0,1796.0,0,0.0,0.0
2024-08-08 12:00:00+09:00,1820.0,1820.0,1772.0,1779.0,26900,0.0,0.0
2024-08-08 13:00:00+09:00,1783.0,1789.0,1780.0,1780.0,5000,0.0,0.0
2024-08-08 14:00:00+09:00,1782.0,1784.0,1740.0,1740.0,8000,0.0,0.0
2024-08-09 09:00:00+09:00,1760.0,1821.0,1760.0,1800.0,5500,0.0,0.0
2024-08-09 10:00:00+09:00,1804.0,1819.0,1796.0,1801.0,1100,0.0,0.0
2024-08-09 11:00:00+09:00,1802.0,1812.0,1797.0,1812.0,0,0.0,0.0
2024-08-09 12:00:00+09:00,1815.0,1818.0,1801.0,1805.0,9400,0.0,0.0
2024-08-09 13:00:00+09:00,1807.0,1807.0,1790.0,1795.0,1600,0.0,0.0
2024-08-09 14:00:00+09:00,1791.0,1810.0,1771.0,1771.0,7500,0.0,0.0
