Datetime,Open,High,Low,Close,Volume,Dividends,Stock Splits
2022-08-12 09:00:00+09:00,655.0,674.0,655.0,673.0,0,0.0,0.0
2022-08-12 10:00:00+09:00,674.0,675.0,670.0,670.0,5800,0.0,0.0
2022-08-12 11:00:00+09:00,669.0,669.0,668.0,668.0,0,0.0,0.0
2022-08-12 12:00:00+09:00,658.0,668.0,658.0,667.0,17800,0.0,0.0
2022-08-12 13:00:00+09:00,667.0,668.0,666.0,666.0,700,0.0,0.0
2022-08-12 14:00:00+09:00,668.0,673.0,668.0,671.0,9000,0.0,0.0
2022-08-15 09:00:00+09:00,673.0,673.0,669.0,672.0,1900,0.0,0.0
2022-08-15 10:00:00+09:00,672.0,672.0,667.0,667.0,1300,0.0,0.0
2022-08-15 11:00:00+09:00,667.0,667.0,667.0,667.0,0,0.0,0.0
2022-08-15 12:00:00+09:00,666.0,666.0,663.0,663.0,4400,0.0,0.0
2022-08-15 13:00:00+09:00,662.0,663.0,660.0,661.0,1000,0.0,0.0
2022-08-15 14:00:00+09:00,662.0,662.0,660.0,661.0,2100,0.0,0.0
2022-08-16 09:00:00+09:00,662.0,664.0,656.0,664.0,3100,0.0,0.0
2022-08-16 10:00:00+09:00,663.0,665.0,662.0,665.0,2600,0.0,0.0
2022-08-16 11:00:00+09:00,665.0,665.0,665.0,665.0,0,0.0,0.0
2022-08-16 12:00:00+09:00,662.0,663.0,659.0,659.0,8500,0.0,0.0
2022-08-16 13:00:00+09:00,660.0,660.0,660.0,660.0,100,0.0,0.0
2022-08-16 14:00:00+09:00,659.0,660.0,659.0,659.0,1800,0.0,0.0
2022-08-17 09:00:00+09:00,658.0,670.0,658.0,669.0,3800,0.0,0.0
2022-08-17 10:00:00+09:00,668.0,668.0,665.0,665.0,800,0.0,0.0
2022-08-17 11:00:00+09:00,665.0,668.0,665.0,668.0,0,0.0,0.0
2022-08-17 12:00:00+09:00,669.0,669.0,666.0,666.0,6100,0.0,0.0
2022-08-17 13:00:00+09:00,668.0,670.0,668.0,670.0,1200,0.0,0.0
2022-08-17 14:00:00+09:00,669.0,669.0,666.0,668.0,3400,0.0,0.0
2022-08-18 09:00:00+09:00,661.0,663.0,660.0,661.0,2300,0.0,0.0
2022-08-18 10:00:00+09:00,662.0,662.0,659.0,659.0,3000,0.0,0.0
2022-08-18 11:00:00+09:00,660.0,661.0,657.0,657.0,0,0.0,0.0
2022-08-18 12:00:00+09:00,657.0,658.0,657.0,658.0,6200,0.0,0.0
2022-08-18 13:00:00+09:00,657.0,658.0,657.0,657.0,800,0.0,0.0
2022-08-18 14:00:00+09:00,657.0,657.0,650.0,651.0,12400,0.0,0.0
2022-08-19 09:00:00+09:00,657.0,657.0,650.0,650.0,2400,0.0,0.0
2022-08-19 10:00:00+09:00,650.0,651.0,649.0,650.0,2500,0.0,0.0
2022-08-19 11:00:00+09:00,650.0,651.0,650.0,651.0,0,0.0,0.0
2022-08-19 12:00:00+09:00,650.0,651.0,650.0,651.0,6700,0.0,0.0
2022-08-19 13:00:00+09:00,650.0,653.0,650.0,653.0,800,0.0,0.0
2022-08-19 14:00:00+09:00,652.0,654.0,650.0,650.0,1300,0.0,0.0
2022-08-22 09:00:00+09:00,649.0,649.0,642.0,648.0,3400,0.0,0.0
2022-08-22 10:00:00+09:00,649.0,654.0,649.0,650.0,1900,0.0,0.0
2022-08-22 11:00:00+09:00,650.0,650.0,649.0,650.0,0,0.0,0.0
2022-08-22 12:00:00+09:00,652.0,652.0,650.0,651.0,7600,0.0,0.0
2022-08-22 13:00:00+09:00,650.0,652.0,650.0,650.0,1100,0.0,0.0
2022-08-22 14:00:00+09:00,650.0,652.0,648.0,652.0,4100,0.0,0.0
2022-08-23 09:00:00+09:00,642.0,647.0,642.0,646.0,7000,0.0,0.0
2022-08-23 10:00:00+09:00,647.0,649.0,646.0,646.0,1200,0.0,0.0
2022-08-23 11:00:00+09:00,646.0,646.0,646.0,646.0,0,0.0,0.0
2022-08-23 12:00:00+09:00,648.0,649.0,647.0,649.0,10300,0.0,0.0
2022-08-23 13:00:00+09:00,649.0,650.0,647.0,647.0,800,0.0,0.0
2022-08-23 14:00:00+09:00,649.0,650.0,646.0,650.0,3800,0.0,0.0
2022-08-24 09:00:00+09:00,645.0,653.0,645.0,650.0,1700,0.0,0.0
2022-08-24 10:00:00+09:00,651.0,653.0,648.0,651.0,3000,0.0,0.0
2022-08-24 11:00:00+09:00,651.0,651.0,651.0,651.0,0,0.0,0.0
2022-08-24 12:00:00+09:00,650.0,651.0,650.0,651.0,5500,0.0,0.0
2022-08-24 13:00:00+09:00,653.0,653.0,652.0,653.0,700,0.0,0.0
2022-08-24 14:00:00+09:00,652.0,654.0,648.0,651.0,3900,0.0,0.0
2022-08-25 09:00:00+09:00,660.0,663.0,654.0,663.0,12600,0.0,0.0
2022-08-25 10:00:00+09:00,661.0,664.0,659.0,663.0,2700,0.0,0.0
2022-08-25 11:00:00+09:00,663.0,665.0,661.0,665.0,0,0.0,0.0
2022-08-25 12:00:00+09:00,663.0,663.0,663.0,663.0,20200,0.0,0.0
2022-08-25 13:00:00+09:00,663.0,663.0,662.0,662.0,800,0.0,0.0
2022-08-25 14:00:00+09:00,662.0,665.0,662.0,664.0,1700,0.0,0.0
2022-08-26 09:00:00+09:00,670.0,671.0,665.0,666.0,1800,0.0,0.0
2022-08-26 10:00:00+09:00,663.0,663.0,661.0,661.0,900,0.0,0.0
2022-08-26 11:00:00+09:00,661.0,662.0,660.0,660.0,0,0.0,0.0
2022-08-26 12:00:00+09:00,664.0,664.0,661.0,661.0,4300,0.0,0.0
2022-08-26 13:00:00+09:00,659.0,660.0,659.0,660.0,200,0.0,0.0
2022-08-26 14:00:00+09:00,659.0,659.0,656.0,656.0,1400,0.0,0.0
2022-08-29 09:00:00+09:00,646.0,650.0,645.0,648.0,0,0.0,0.0
2022-08-29 10:00:00+09:00,648.0,648.0,646.0,648.0,9600,0.0,0.0
2022-08-29 11:00:00+09:00,646.0,646.0,644.0,645.0,0,0.0,0.0
2022-08-29 12:00:00+09:00,645.0,647.0,645.0,647.0,12200,0.0,0.0
2022-08-29 13:00:00+09:00,649.0,650.0,647.0,650.0,5900,0.0,0.0
2022-08-29 14:00:00+09:00,651.0,653.0,650.0,650.0,2800,0.0,0.0
2022-08-30 09:00:00+09:00,652.0,654.0,649.0,649.0,1300,0.0,0.0
2022-08-30 10:00:00+09:00,651.0,652.0,649.0,650.0,3000,0.0,0.0
2022-08-30 11:00:00+09:00,650.0,650.0,649.0,649.0,0,0.0,0.0
2022-08-30 12:00:00+09:00,650.0,651.0,649.0,650.0,5800,0.0,0.0
2022-08-30 13:00:00+09:00,650.0,650.0,648.0,650.0,3100,0.0,0.0
2022-08-30 14:00:00+09:00,650.0,654.0,647.0,654.0,11400,0.0,0.0
2022-08-31 09:00:00+09:00,651.0,651.0,651.0,651.0,400,0.0,0.0
2022-08-31 10:00:00+09:00,655.0,655.0,649.0,649.0,1400,0.0,0.0
2022-08-31 11:00:00+09:00,651.0,652.0,650.0,652.0,0,0.0,0.0
2022-08-31 12:00:00+09:00,650.0,653.0,649.0,649.0,4700,0.0,0.0
2022-08-31 13:00:00+09:00,649.0,654.0,649.0,654.0,3100,0.0,0.0
2022-08-31 14:00:00+09:00,653.0,653.0,648.0,650.0,10000,0.0,0.0
2022-09-01 09:00:00+09:00,642.0,648.0,642.0,645.0,9900,0.0,0.0
2022-09-01 10:00:00+09:00,647.0,651.0,647.0,651.0,5700,0.0,0.0
2022-09-01 11:00:00+09:00,650.0,652.0,650.0,651.0,0,0.0,0.0
2022-09-01 12:00:00+09:00,651.0,655.0,651.0,651.0,18400,0.0,0.0
2022-09-01 13:00:00+09:00,651.0,655.0,651.0,654.0,1700,0.0,0.0
2022-09-01 14:00:00+09:00,653.0,656.0,649.0,649.0,6300,0.0,0.0
2022-09-02 09:00:00+09:00,650.0,651.0,647.0,651.0,0,0.0,0.0
2022-09-02 10:00:00+09:00,652.0,654.0,651.0,653.0,7000,0.0,0.0
2022-09-02 11:00:00+09:00,652.0,652.0,650.0,652.0,0,0.0,0.0
2022-09-02 12:00:00+09:00,653.0,653.0,650.0,653.0,8600,0.0,0.0
2022-09-02 13:00:00+09:00,651.0,653.0,648.0,648.0,3000,0.0,0.0
2022-09-02 14:00:00+09:00,647.0,650.0,644.0,650.0,6400,0.0,0.0
2022-09-05 09:00:00+09:00,645.0,652.0,645.0,652.0,0,0.0,0.0
2022-09-05 10:00:00+09:00,653.0,653.0,651.0,651.0,600,0.0,0.0
2022-09-05 11:00:00+09:00,650.0,653.0,650.0,652.0,0,0.0,0.0
2022-09-05 12:00:00+09:00,652.0,655.0,651.0,655.0,8000,0.0,0.0
2022-09-05 13:00:00+09:00,654.0,655.0,653.0,654.0,2500,0.0,0.0
2022-09-05 14:00:00+09:00,654.0,656.0,652.0,652.0,2500,0.0,0.0
2022-09-06 09:00:00+09:00,654.0,654.0,648.0,648.0,400,0.0,0.0
2022-09-06 10:00:00+09:00,651.0,651.0,645.0,647.0,11400,0.0,0.0
2022-09-06 11:00:00+09:00,647.0,647.0,646.0,646.0,0,0.0,0.0
2022-09-06 12:00:00+09:00,646.0,648.0,645.0,646.0,14400,0.0,0.0
2022-09-06 13:00:00+09:00,648.0,648.0,645.0,645.0,2200,0.0,0.0
2022-09-06 14:00:00+09:00,643.0,657.0,643.0,647.0,8700,0.0,0.0
2022-09-07 09:00:00+09:00,643.0,655.0,643.0,651.0,13100,0.0,0.0
2022-09-07 10:00:00+09:00,650.0,650.0,646.0,646.0,2800,0.0,0.0
2022-09-07 11:00:00+09:00,644.0,649.0,644.0,649.0,0,0.0,0.0
2022-09-07 12:00:00+09:00,650.0,651.0,648.0,650.0,25300,0.0,0.0
2022-09-07 13:00:00+09:00,650.0,650.0,649.0,650.0,3400,0.0,0.0
2022-09-07 14:00:00+09:00,651.0,652.0,648.0,650.0,11400,0.0,0.0
2022-09-08 09:00:00+09:00,645.0,666.0,645.0,659.0,0,0.0,0.0
2022-09-08 10:00:00+09:00,659.0,660.0,655.0,657.0,19800,0.0,0.0
2022-09-08 11:00:00+09:00,657.0,660.0,657.0,658.0,0,0.0,0.0
2022-09-08 12:00:00+09:00,664.0,664.0,656.0,656.0,26000,0.0,0.0
2022-09-08 13:00:00+09:00,656.0,658.0,655.0,656.0,3400,0.0,0.0
2022-09-08 14:00:00+09:00,656.0,661.0,656.0,661.0,7600,0.0,0.0
2022-09-09 09:00:00+09:00,662.0,679.0,662.0,672.0,32600,0.0,0.0
2022-09-09 10:00:00+09:00,672.0,672.0,662.0,666.0,7900,0.0,0.0
2022-09-09 11:00:00+09:00,667.0,667.0,667.0,667.0,0,0.0,0.0
2022-09-09 12:00:00+09:00,667.0,669.0,667.0,667.0,41800,0.0,0.0
2022-09-09 13:00:00+09:00,667.0,667.0,666.0,666.0,3200,0.0,0.0
2022-09-09 14:00:00+09:00,666.0,667.0,664.0,666.0,3000,0.0,0.0
2022-09-12 09:00:00+09:00,668.0,668.0,663.0,665.0,0,0.0,0.0
2022-09-12 10:00:00+09:00,665.0,665.0,662.0,662.0,1400,0.0,0.0
2022-09-12 11:00:00+09:00,662.0,662.0,660.0,660.0,0,0.0,0.0
2022-09-12 12:00:00+09:00,660.0,661.0,660.0,661.0,9000,0.0,0.0
2022-09-12 13:00:00+09:00,660.0,660.0,654.0,655.0,6000,0.0,0.0
2022-09-12 14:00:00+09:00,655.0,661.0,653.0,660.0,8300,0.0,0.0
2022-09-13 09:00:00+09:00,659.0,659.0,658.0,658.0,1600,0.0,0.0
2022-09-13 10:00:00+09:00,659.0,659.0,657.0,657.0,700,0.0,0.0
2022-09-13 11:00:00+09:00,658.0,658.0,650.0,650.0,0,0.0,0.0
2022-09-13 12:00:00+09:00,658.0,658.0,651.0,654.0,13300,0.0,0.0
2022-09-13 13:00:00+09:00,653.0,655.0,651.0,653.0,6300,0.0,0.0
2022-09-13 14:00:00+09:00,653.0,654.0,651.0,651.0,3300,0.0,0.0
2022-09-14 09:00:00+09:00,642.0,650.0,641.0,642.0,9100,0.0,0.0
2022-09-14 10:00:00+09:00,643.0,646.0,643.0,643.0,1500,0.0,0.0
2022-09-14 11:00:00+09:00,643.0,643.0,643.0,643.0,0,0.0,0.0
2022-09-14 12:00:00+09:00,643.0,646.0,642.0,646.0,15700,0.0,0.0
2022-09-14 13:00:00+09:00,643.0,643.0,639.0,640.0,8700,0.0,0.0
2022-09-14 14:00:00+09:00,641.0,645.0,639.0,642.0,15200,0.0,0.0
2022-09-15 09:00:00+09:00,641.0,644.0,639.0,639.0,2400,0.0,0.0
2022-09-15 10:00:00+09:00,639.0,639.0,637.0,639.0,1800,0.0,0.0
2022-09-15 11:00:00+09:00,638.0,638.0,635.0,635.0,0,0.0,0.0
2022-09-15 12:00:00+09:00,636.0,636.0,635.0,635.0,13100,0.0,0.0
2022-09-15 13:00:00+09:00,634.0,634.0,632.0,632.0,6200,0.0,0.0
2022-09-15 14:00:00+09:00,631.0,636.0,631.0,632.0,3400,0.0,0.0
2022-09-16 09:00:00+09:00,630.0,654.0,630.0,651.0,12400,0.0,0.0
2022-09-16 10:00:00+09:00,650.0,651.0,646.0,648.0,9600,0.0,0.0
2022-09-16 11:00:00+09:00,647.0,651.0,647.0,651.0,0,0.0,0.0
2022-09-16 12:00:00+09:00,647.0,650.0,646.0,646.0,26000,0.0,0.0
2022-09-16 13:00:00+09:00,645.0,649.0,643.0,649.0,5200,0.0,0.0
2022-09-16 14:00:00+09:00,649.0,650.0,646.0,648.0,9900,0.0,0.0
2022-09-20 09:00:00+09:00,645.0,653.0,645.0,650.0,0,0.0,0.0
2022-09-20 10:00:00+09:00,652.0,652.0,649.0,651.0,8100,0.0,0.0
2022-09-20 11:00:00+09:00,650.0,652.0,650.0,652.0,0,0.0,0.0
2022-09-20 12:00:00+09:00,652.0,652.0,650.0,650.0,9000,0.0,0.0
2022-09-20 13:00:00+09:00,652.0,652.0,650.0,650.0,600,0.0,0.0
2022-09-20 14:00:00+09:00,650.0,652.0,650.0,652.0,2400,0.0,0.0
2022-09-21 09:00:00+09:00,648.0,652.0,639.0,651.0,13400,0.0,0.0
2022-09-21 10:00:00+09:00,650.0,650.0,647.0,647.0,3900,0.0,0.0
2022-09-21 11:00:00+09:00,647.0,647.0,645.0,645.0,0,0.0,0.0
2022-09-21 12:00:00+09:00,644.0,645.0,642.0,645.0,21700,0.0,0.0
2022-09-21 13:00:00+09:00,647.0,647.0,646.0,646.0,500,0.0,0.0
2022-09-21 14:00:00+09:00,645.0,649.0,645.0,649.0,4500,0.0,0.0
2022-09-22 09:00:00+09:00,636.0,643.0,636.0,643.0,4400,0.0,0.0
2022-09-22 10:00:00+09:00,643.0,643.0,643.0,643.0,400,0.0,0.0
2022-09-22 11:00:00+09:00,645.0,645.0,645.0,645.0,0,0.0,0.0
2022-09-22 12:00:00+09:00,644.0,646.0,643.0,645.0,10000,0.0,0.0
2022-09-22 13:00:00+09:00,644.0,647.0,642.0,642.0,3300,0.0,0.0
2022-09-22 14:00:00+09:00,642.0,643.0,635.0,637.0,8400,0.0,0.0
2022-09-26 09:00:00+09:00,656.0,656.0,643.0,649.0,23600,0.0,0.0
2022-09-26 10:00:00+09:00,647.0,649.0,644.0,648.0,8400,0.0,0.0
2022-09-26 11:00:00+09:00,647.0,648.0,646.0,647.0,0,0.0,0.0
2022-09-26 12:00:00+09:00,640.0,646.0,636.0,643.0,44800,0.0,0.0
2022-09-26 13:00:00+09:00,641.0,645.0,638.0,638.0,9200,0.0,0.0
2022-09-26 14:00:00+09:00,636.0,646.0,635.0,644.0,15300,0.0,0.0
2022-09-27 09:00:00+09:00,644.0,654.0,637.0,648.0,15100,0.0,0.0
2022-09-27 10:00:00+09:00,647.0,648.0,644.0,646.0,3300,0.0,0.0
2022-09-27 11:00:00+09:00,645.0,647.0,645.0,647.0,0,0.0,0.0
2022-09-27 12:00:00+09:00,637.0,640.0,634.0,637.0,41900,0.0,0.0
2022-09-27 13:00:00+09:00,636.0,645.0,636.0,645.0,51700,0.0,0.0
2022-09-27 14:00:00+09:00,646.0,649.0,641.0,641.0,18600,0.0,0.0
2022-09-28 09:00:00+09:00,647.0,649.0,640.0,640.0,13100,0.0,0.0
2022-09-28 10:00:00+09:00,639.0,647.0,639.0,646.0,10300,0.0,0.0
2022-09-28 11:00:00+09:00,645.0,647.0,641.0,643.0,0,0.0,0.0
2022-09-28 12:00:00+09:00,639.0,641.0,637.0,641.0,36000,0.0,0.0
2022-09-28 13:00:00+09:00,640.0,642.0,637.0,638.0,4300,0.0,0.0
2022-09-28 14:00:00+09:00,638.0,649.0,634.0,649.0,12000,0.0,0.0
2022-09-29 09:00:00+09:00,650.0,650.0,650.0,650.0,700,0.0,0.0
2022-09-29 10:00:00+09:00,646.0,651.0,646.0,647.0,3200,0.0,0.0
2022-09-29 11:00:00+09:00,647.0,647.0,642.0,642.0,0,0.0,0.0
2022-09-29 12:00:00+09:00,643.0,648.0,643.0,648.0,12000,0.0,0.0
2022-09-29 13:00:00+09:00,650.0,653.0,647.0,652.0,4800,0.0,0.0
2022-09-29 14:00:00+09:00,654.0,654.0,648.0,650.0,14100,0.0,0.0
2022-09-30 09:00:00+09:00,644.0,655.0,644.0,651.0,7000,0.0,0.0
2022-09-30 10:00:00+09:00,654.0,657.0,652.0,652.0,7500,0.0,0.0
2022-09-30 11:00:00+09:00,651.0,652.0,647.0,652.0,0,0.0,0.0
2022-09-30 12:00:00+09:00,653.0,653.0,650.0,651.0,19000,0.0,0.0
2022-09-30 13:00:00+09:00,650.0,650.0,647.0,650.0,4600,0.0,0.0
2022-09-30 14:00:00+09:00,650.0,651.0,642.0,646.0,13700,0.0,0.0
2022-10-03 09:00:00+09:00,640.0,645.0,640.0,643.0,0,0.0,0.0
2022-10-03 10:00:00+09:00,644.0,658.0,644.0,657.0,14600,0.0,0.0
2022-10-03 11:00:00+09:00,657.0,657.0,654.0,654.0,0,0.0,0.0
2022-10-03 12:00:00+09:00,650.0,651.0,650.0,651.0,16100,0.0,0.0
2022-10-03 13:00:00+09:00,649.0,652.0,648.0,652.0,4400,0.0,0.0
2022-10-03 14:00:00+09:00,651.0,655.0,651.0,654.0,5000,0.0,0.0
2022-10-04 09:00:00+09:00,663.0,678.0,663.0,672.0,10800,0.0,0.0
2022-10-04 10:00:00+09:00,671.0,673.0,666.0,670.0,9000,0.0,0.0
2022-10-04 11:00:00+09:00,670.0,671.0,670.0,671.0,0,0.0,0.0
2022-10-04 12:00:00+09:00,671.0,674.0,671.0,674.0,23600,0.0,0.0
2022-10-04 13:00:00+09:00,672.0,677.0,671.0,677.0,11700,0.0,0.0
2022-10-04 14:00:00+09:00,677.0,678.0,672.0,673.0,11500,0.0,0.0
2022-10-05 09:00:00+09:00,680.0,691.0,680.0,690.0,11800,0.0,0.0
2022-10-05 10:00:00+09:00,691.0,692.0,686.0,686.0,6400,0.0,0.0
2022-10-05 11:00:00+09:00,687.0,687.0,685.0,685.0,0,0.0,0.0
2022-10-05 12:00:00+09:00,687.0,688.0,683.0,687.0,22300,0.0,0.0
2022-10-05 13:00:00+09:00,686.0,686.0,683.0,686.0,6700,0.0,0.0
2022-10-05 14:00:00+09:00,686.0,686.0,681.0,681.0,8000,0.0,0.0
2022-10-06 09:00:00+09:00,681.0,703.0,681.0,701.0,12900,0.0,0.0
2022-10-06 10:00:00+09:00,701.0,711.0,701.0,707.0,14800,0.0,0.0
2022-10-06 11:00:00+09:00,707.0,709.0,704.0,709.0,0,0.0,0.0
2022-10-06 12:00:00+09:00,709.0,710.0,706.0,709.0,37100,0.0,0.0
2022-10-06 13:00:00+09:00,710.0,710.0,703.0,704.0,7000,0.0,0.0
2022-10-06 14:00:00+09:00,704.0,709.0,704.0,708.0,9200,0.0,0.0
2022-10-07 09:00:00+09:00,700.0,712.0,699.0,710.0,11800,0.0,0.0
2022-10-07 10:00:00+09:00,710.0,717.0,710.0,717.0,10100,0.0,0.0
2022-10-07 11:00:00+09:00,716.0,716.0,715.0,716.0,0,0.0,0.0
2022-10-07 12:00:00+09:00,711.0,711.0,707.0,707.0,30000,0.0,0.0
2022-10-07 13:00:00+09:00,707.0,709.0,703.0,709.0,10600,0.0,0.0
2022-10-07 14:00:00+09:00,709.0,709.0,700.0,701.0,17600,0.0,0.0
2022-10-11 09:00:00+09:00,688.0,699.0,688.0,699.0,14800,0.0,0.0
2022-10-11 10:00:00+09:00,700.0,703.0,696.0,702.0,9200,0.0,0.0
2022-10-11 11:00:00+09:00,702.0,706.0,701.0,704.0,0,0.0,0.0
2022-10-11 12:00:00+09:00,691.0,701.0,689.0,690.0,36500,0.0,0.0
2022-10-11 13:00:00+09:00,691.0,692.0,682.0,684.0,7800,0.0,0.0
2022-10-11 14:00:00+09:00,684.0,685.0,676.0,676.0,23300,0.0,0.0
2022-10-12 09:00:00+09:00,666.0,677.0,660.0,667.0,13400,0.0,0.0
2022-10-12 10:00:00+09:00,666.0,682.0,665.0,682.0,10300,0.0,0.0
2022-10-12 11:00:00+09:00,682.0,682.0,677.0,680.0,0,0.0,0.0
2022-10-12 12:00:00+09:00,676.0,678.0,673.0,674.0,35900,0.0,0.0
2022-10-12 13:00:00+09:00,676.0,678.0,672.0,672.0,10600,0.0,0.0
2022-10-12 14:00:00+09:00,673.0,677.0,667.0,670.0,16800,0.0,0.0
2022-10-13 09:00:00+09:00,668.0,668.0,660.0,662.0,8400,0.0,0.0
2022-10-13 10:00:00+09:00,660.0,665.0,657.0,663.0,4600,0.0,0.0
2022-10-13 11:00:00+09:00,662.0,665.0,662.0,665.0,0,0.0,0.0
2022-10-13 12:00:00+09:00,661.0,663.0,661.0,661.0,21000,0.0,0.0
2022-10-13 13:00:00+09:00,661.0,662.0,659.0,659.0,4500,0.0,0.0
2022-10-13 14:00:00+09:00,659.0,666.0,659.0,664.0,7600,0.0,0.0
2022-10-14 09:00:00+09:00,673.0,685.0,671.0,685.0,8200,0.0,0.0
2022-10-14 10:00:00+09:00,685.0,688.0,685.0,686.0,5900,0.0,0.0
2022-10-14 11:00:00+09:00,688.0,689.0,688.0,689.0,0,0.0,0.0
2022-10-14 12:00:00+09:00,689.0,695.0,688.0,694.0,20200,0.0,0.0
2022-10-14 13:00:00+09:00,694.0,695.0,693.0,695.0,4000,0.0,0.0
2022-10-14 14:00:00+09:00,695.0,695.0,687.0,688.0,7600,0.0,0.0
2022-10-17 09:00:00+09:00,678.0,684.0,677.0,681.0,3200,0.0,0.0
2022-10-17 10:00:00+09:00,681.0,682.0,675.0,675.0,2000,0.0,0.0
2022-10-17 11:00:00+09:00,675.0,675.0,674.0,674.0,0,0.0,0.0
2022-10-17 12:00:00+09:00,674.0,674.0,673.0,673.0,7600,0.0,0.0
2022-10-17 13:00:00+09:00,674.0,674.0,670.0,670.0,3000,0.0,0.0
2022-10-17 14:00:00+09:00,671.0,672.0,665.0,670.0,6000,0.0,0.0
2022-10-18 09:00:00+09:00,683.0,683.0,679.0,679.0,1100,0.0,0.0
2022-10-18 10:00:00+09:00,678.0,678.0,676.0,676.0,500,0.0,0.0
2022-10-18 11:00:00+09:00,676.0,676.0,674.0,674.0,0,0.0,0.0
2022-10-18 12:00:00+09:00,671.0,680.0,671.0,680.0,3800,0.0,0.0
2022-10-18 13:00:00+09:00,681.0,682.0,679.0,682.0,2500,0.0,0.0
2022-10-18 14:00:00+09:00,681.0,685.0,681.0,683.0,4900,0.0,0.0
2022-10-19 09:00:00+09:00,686.0,686.0,677.0,682.0,0,0.0,0.0
2022-10-19 10:00:00+09:00,682.0,684.0,679.0,681.0,8100,0.0,0.0
2022-10-19 11:00:00+09:00,680.0,680.0,679.0,679.0,0,0.0,0.0
2022-10-19 12:00:00+09:00,674.0,681.0,674.0,680.0,10800,0.0,0.0
2022-10-19 13:00:00+09:00,682.0,684.0,680.0,681.0,2800,0.0,0.0
2022-10-19 14:00:00+09:00,681.0,685.0,678.0,685.0,6500,0.0,0.0
2022-10-20 09:00:00+09:00,676.0,680.0,671.0,673.0,0,0.0,0.0
2022-10-20 10:00:00+09:00,671.0,672.0,670.0,670.0,7100,0.0,0.0
2022-10-20 11:00:00+09:00,669.0,670.0,669.0,669.0,0,0.0,0.0
2022-10-20 12:00:00+09:00,668.0,671.0,668.0,671.0,10100,0.0,0.0
2022-10-20 13:00:00+09:00,672.0,680.0,672.0,679.0,6700,0.0,0.0
2022-10-20 14:00:00+09:00,679.0,681.0,677.0,681.0,5100,0.0,0.0
2022-10-21 09:00:00+09:00,675.0,675.0,663.0,667.0,8300,0.0,0.0
2022-10-21 10:00:00+09:00,669.0,669.0,660.0,664.0,5800,0.0,0.0
2022-10-21 11:00:00+09:00,665.0,665.0,663.0,663.0,0,0.0,0.0
2022-10-21 12:00:00+09:00,663.0,667.0,663.0,663.0,19400,0.0,0.0
2022-10-21 13:00:00+09:00,664.0,664.0,661.0,662.0,5600,0.0,0.0
2022-10-21 14:00:00+09:00,663.0,663.0,652.0,652.0,8600,0.0,0.0
2022-10-24 09:00:00+09:00,656.0,660.0,652.0,652.0,6700,0.0,0.0
2022-10-24 10:00:00+09:00,653.0,660.0,651.0,659.0,9400,0.0,0.0
2022-10-24 11:00:00+09:00,658.0,660.0,658.0,659.0,0,0.0,0.0
2022-10-24 12:00:00+09:00,659.0,659.0,656.0,658.0,22400,0.0,0.0
2022-10-24 13:00:00+09:00,657.0,657.0,655.0,655.0,4100,0.0,0.0
2022-10-24 14:00:00+09:00,656.0,657.0,652.0,654.0,8100,0.0,0.0
2022-10-25 09:00:00+09:00,659.0,664.0,651.0,664.0,16200,0.0,0.0
2022-10-25 10:00:00+09:00,665.0,671.0,665.0,671.0,6800,0.0,0.0
2022-10-25 11:00:00+09:00,669.0,669.0,668.0,668.0,0,0.0,0.0
2022-10-25 12:00:00+09:00,671.0,674.0,668.0,668.0,29400,0.0,0.0
2022-10-25 13:00:00+09:00,667.0,670.0,665.0,669.0,9700,0.0,0.0
2022-10-25 14:00:00+09:00,669.0,669.0,663.0,666.0,13400,0.0,0.0
2022-10-26 09:00:00+09:00,670.0,670.0,656.0,669.0,6800,0.0,0.0
2022-10-26 10:00:00+09:00,666.0,666.0,664.0,665.0,1600,0.0,0.0
2022-10-26 11:00:00+09:00,665.0,665.0,663.0,665.0,0,0.0,0.0
2022-10-26 12:00:00+09:00,667.0,669.0,665.0,667.0,12200,0.0,0.0
2022-10-26 13:00:00+09:00,668.0,668.0,659.0,664.0,4600,0.0,0.0
2022-10-26 14:00:00+09:00,665.0,670.0,664.0,664.0,19300,0.0,0.0
2022-10-27 09:00:00+09:00,662.0,664.0,657.0,658.0,7700,0.0,0.0
2022-10-27 10:00:00+09:00,659.0,661.0,655.0,657.0,7800,0.0,0.0
2022-10-27 11:00:00+09:00,657.0,659.0,657.0,657.0,0,0.0,0.0
2022-10-27 12:00:00+09:00,654.0,659.0,654.0,659.0,18300,0.0,0.0
2022-10-27 13:00:00+09:00,659.0,660.0,654.0,657.0,3900,0.0,0.0
2022-10-27 14:00:00+09:00,655.0,655.0,651.0,653.0,5400,0.0,0.0
2022-10-28 09:00:00+09:00,644.0,649.0,640.0,649.0,16000,0.0,0.0
2022-10-28 10:00:00+09:00,651.0,654.0,648.0,651.0,5600,0.0,0.0
2022-10-28 11:00:00+09:00,653.0,653.0,651.0,651.0,0,0.0,0.0
2022-10-28 12:00:00+09:00,641.0,649.0,641.0,649.0,29000,0.0,0.0
2022-10-28 13:00:00+09:00,649.0,649.0,641.0,648.0,22100,0.0,0.0
2022-10-28 14:00:00+09:00,648.0,648.0,636.0,640.0,49800,0.0,0.0
2022-10-31 09:00:00+09:00,650.0,656.0,648.0,653.0,0,0.0,0.0
2022-10-31 10:00:00+09:00,652.0,659.0,650.0,658.0,6200,0.0,0.0
2022-10-31 11:00:00+09:00,657.0,663.0,657.0,661.0,0,0.0,0.0
2022-10-31 12:00:00+09:00,652.0,659.0,652.0,656.0,25700,0.0,0.0
2022-10-31 13:00:00+09:00,656.0,656.0,653.0,653.0,3000,0.0,0.0
2022-10-31 14:00:00+09:00,653.0,653.0,647.0,652.0,13800,0.0,0.0
2022-11-01 09:00:00+09:00,651.0,654.0,645.0,645.0,20000,0.0,0.0
2022-11-01 10:00:00+09:00,647.0,653.0,647.0,651.0,11800,0.0,0.0
2022-11-01 11:00:00+09:00,651.0,652.0,651.0,652.0,0,0.0,0.0
2022-11-01 12:00:00+09:00,646.0,652.0,646.0,652.0,33200,0.0,0.0
2022-11-01 13:00:00+09:00,652.0,653.0,650.0,652.0,6000,0.0,0.0
2022-11-01 14:00:00+09:00,652.0,655.0,651.0,655.0,13100,0.0,0.0
2022-11-02 09:00:00+09:00,654.0,655.0,647.0,652.0,10600,0.0,0.0
2022-11-02 10:00:00+09:00,653.0,655.0,649.0,649.0,2700,0.0,0.0
2022-11-02 11:00:00+09:00,649.0,653.0,649.0,653.0,0,0.0,0.0
2022-11-02 12:00:00+09:00,650.0,652.0,649.0,652.0,19700,0.0,0.0
2022-11-02 13:00:00+09:00,651.0,652.0,650.0,652.0,4400,0.0,0.0
2022-11-02 14:00:00+09:00,651.0,654.0,647.0,648.0,11500,0.0,0.0
2022-11-04 09:00:00+09:00,647.0,652.0,645.0,647.0,0,0.0,0.0
2022-11-04 10:00:00+09:00,646.0,652.0,646.0,652.0,5500,0.0,0.0
2022-11-04 11:00:00+09:00,650.0,650.0,650.0,650.0,0,0.0,0.0
2022-11-04 12:00:00+09:00,650.0,651.0,650.0,651.0,12200,0.0,0.0
2022-11-04 13:00:00+09:00,649.0,650.0,648.0,648.0,1200,0.0,0.0
2022-11-04 14:00:00+09:00,648.0,648.0,645.0,645.0,5700,0.0,0.0
2022-11-07 09:00:00+09:00,646.0,647.0,640.0,647.0,0,0.0,0.0
2022-11-07 10:00:00+09:00,645.0,647.0,645.0,647.0,800,0.0,0.0
2022-11-07 11:00:00+09:00,647.0,647.0,645.0,647.0,0,0.0,0.0
2022-11-07 12:00:00+09:00,648.0,649.0,648.0,648.0,9500,0.0,0.0
2022-11-07 13:00:00+09:00,647.0,647.0,645.0,645.0,1200,0.0,0.0
2022-11-07 14:00:00+09:00,645.0,648.0,643.0,644.0,5000,0.0,0.0
2022-11-08 09:00:00+09:00,648.0,653.0,648.0,653.0,1300,0.0,0.0
2022-11-08 10:00:00+09:00,650.0,650.0,643.0,643.0,2300,0.0,0.0
2022-11-08 11:00:00+09:00,643.0,644.0,643.0,643.0,0,0.0,0.0
2022-11-08 12:00:00+09:00,643.0,646.0,643.0,646.0,5100,0.0,0.0
2022-11-08 13:00:00+09:00,648.0,650.0,648.0,649.0,2700,0.0,0.0
2022-11-08 14:00:00+09:00,649.0,651.0,647.0,649.0,4100,0.0,0.0
2022-11-09 09:00:00+09:00,650.0,652.0,644.0,644.0,4000,0.0,0.0
2022-11-09 10:00:00+09:00,645.0,645.0,644.0,644.0,200,0.0,0.0
2022-11-09 11:00:00+09:00,646.0,646.0,641.0,641.0,0,0.0,0.0
2022-11-09 12:00:00+09:00,641.0,643.0,641.0,643.0,8900,0.0,0.0
2022-11-09 13:00:00+09:00,642.0,644.0,641.0,644.0,3600,0.0,0.0
2022-11-09 14:00:00+09:00,643.0,646.0,642.0,643.0,4600,0.0,0.0
2022-11-10 09:00:00+09:00,640.0,643.0,640.0,643.0,1300,0.0,0.0
2022-11-10 10:00:00+09:00,644.0,645.0,644.0,645.0,300,0.0,0.0
2022-11-10 11:00:00+09:00,645.0,645.0,645.0,645.0,0,0.0,0.0
2022-11-10 12:00:00+09:00,647.0,649.0,647.0,649.0,3000,0.0,0.0
2022-11-10 13:00:00+09:00,649.0,649.0,648.0,648.0,1000,0.0,0.0
2022-11-10 14:00:00+09:00,648.0,649.0,642.0,643.0,2400,0.0,0.0
2022-11-11 09:00:00+09:00,651.0,660.0,651.0,659.0,5900,0.0,0.0
2022-11-11 10:00:00+09:00,661.0,661.0,656.0,660.0,5800,0.0,0.0
2022-11-11 11:00:00+09:00,660.0,660.0,660.0,660.0,0,0.0,0.0
2022-11-11 12:00:00+09:00,657.0,658.0,657.0,657.0,14500,0.0,0.0
2022-11-11 13:00:00+09:00,659.0,660.0,658.0,658.0,3500,0.0,0.0
2022-11-11 14:00:00+09:00,658.0,661.0,658.0,661.0,10800,0.0,0.0
2022-11-14 09:00:00+09:00,651.0,658.0,651.0,657.0,3500,0.0,0.0
2022-11-14 10:00:00+09:00,656.0,660.0,656.0,660.0,1300,0.0,0.0
2022-11-14 11:00:00+09:00,661.0,662.0,661.0,662.0,0,0.0,0.0
2022-11-14 12:00:00+09:00,670.0,670.0,663.0,663.0,6700,0.0,0.0
2022-11-14 13:00:00+09:00,663.0,665.0,662.0,662.0,1100,0.0,0.0
2022-11-14 14:00:00+09:00,663.0,663.0,656.0,656.0,8200,0.0,0.0
2022-11-15 09:00:00+09:00,655.0,659.0,654.0,659.0,2100,0.0,0.0
2022-11-15 10:00:00+09:00,660.0,661.0,657.0,661.0,3900,0.0,0.0
2022-11-15 11:00:00+09:00,662.0,664.0,662.0,664.0,0,0.0,0.0
2022-11-15 12:00:00+09:00,664.0,664.0,661.0,661.0,7900,0.0,0.0
2022-11-15 13:00:00+09:00,664.0,664.0,661.0,663.0,2600,0.0,0.0
2022-11-15 14:00:00+09:00,663.0,667.0,662.0,667.0,6000,0.0,0.0
2022-11-16 09:00:00+09:00,662.0,664.0,662.0,664.0,1400,0.0,0.0
2022-11-16 10:00:00+09:00,664.0,665.0,664.0,665.0,300,0.0,0.0
2022-11-16 11:00:00+09:00,667.0,667.0,664.0,664.0,0,0.0,0.0
2022-11-16 12:00:00+09:00,659.0,660.0,659.0,659.0,7100,0.0,0.0
2022-11-16 13:00:00+09:00,658.0,658.0,655.0,655.0,1200,0.0,0.0
2022-11-16 14:00:00+09:00,654.0,657.0,654.0,655.0,4800,0.0,0.0
2022-11-17 09:00:00+09:00,656.0,667.0,656.0,664.0,5200,0.0,0.0
2022-11-17 10:00:00+09:00,663.0,666.0,663.0,665.0,2600,0.0,0.0
2022-11-17 11:00:00+09:00,664.0,664.0,664.0,664.0,0,0.0,0.0
2022-11-17 12:00:00+09:00,666.0,666.0,665.0,665.0,9600,0.0,0.0
2022-11-17 13:00:00+09:00,665.0,665.0,663.0,663.0,1400,0.0,0.0
2022-11-17 14:00:00+09:00,663.0,664.0,658.0,658.0,6400,0.0,0.0
2022-11-18 09:00:00+09:00,660.0,665.0,660.0,663.0,3400,0.0,0.0
2022-11-18 10:00:00+09:00,664.0,664.0,663.0,663.0,1500,0.0,0.0
2022-11-18 11:00:00+09:00,661.0,663.0,661.0,661.0,0,0.0,0.0
2022-11-18 12:00:00+09:00,661.0,665.0,661.0,664.0,7700,0.0,0.0
2022-11-18 13:00:00+09:00,664.0,665.0,661.0,661.0,2200,0.0,0.0
2022-11-18 14:00:00+09:00,663.0,663.0,661.0,662.0,3200,0.0,0.0
2022-11-21 09:00:00+09:00,660.0,660.0,660.0,660.0,0,0.0,0.0
2022-11-21 10:00:00+09:00,660.0,661.0,656.0,660.0,7900,0.0,0.0
2022-11-21 11:00:00+09:00,661.0,662.0,661.0,662.0,0,0.0,0.0
2022-11-21 12:00:00+09:00,660.0,660.0,660.0,660.0,9000,0.0,0.0
2022-11-21 13:00:00+09:00,660.0,660.0,660.0,660.0,0,0.0,0.0
2022-11-21 14:00:00+09:00,660.0,661.0,659.0,660.0,11400,0.0,0.0
2022-11-22 09:00:00+09:00,660.0,672.0,660.0,669.0,0,0.0,0.0
2022-11-22 10:00:00+09:00,669.0,669.0,668.0,669.0,13100,0.0,0.0
2022-11-22 11:00:00+09:00,669.0,669.0,669.0,669.0,0,0.0,0.0
2022-11-22 12:00:00+09:00,669.0,669.0,667.0,667.0,15700,0.0,0.0
2022-11-22 13:00:00+09:00,667.0,670.0,667.0,669.0,0,0.0,0.0
2022-11-22 14:00:00+09:00,669.0,671.0,667.0,671.0,24500,0.0,0.0
2022-11-24 09:00:00+09:00,678.0,686.0,678.0,686.0,11200,0.0,0.0
2022-11-24 10:00:00+09:00,687.0,690.0,687.0,690.0,7100,0.0,0.0
2022-11-24 11:00:00+09:00,691.0,695.0,691.0,695.0,0,0.0,0.0
2022-11-24 12:00:00+09:00,696.0,697.0,696.0,697.0,23600,0.0,0.0
2022-11-24 13:00:00+09:00,697.0,700.0,696.0,698.0,9900,0.0,0.0
2022-11-24 14:00:00+09:00,697.0,699.0,697.0,699.0,2900,0.0,0.0
2022-11-25 09:00:00+09:00,705.0,707.0,698.0,706.0,16700,0.0,0.0
2022-11-25 10:00:00+09:00,706.0,711.0,706.0,710.0,4200,0.0,0.0
2022-11-25 11:00:00+09:00,710.0,710.0,709.0,709.0,0,0.0,0.0
2022-11-25 12:00:00+09:00,705.0,709.0,703.0,709.0,26000,0.0,0.0
2022-11-25 13:00:00+09:00,710.0,714.0,710.0,713.0,5700,0.0,0.0
2022-11-25 14:00:00+09:00,714.0,715.0,712.0,715.0,6100,0.0,0.0
2022-11-28 09:00:00+09:00,713.0,717.0,709.0,710.0,3800,0.0,0.0
2022-11-28 10:00:00+09:00,710.0,713.0,707.0,708.0,4200,0.0,0.0
2022-11-28 11:00:00+09:00,708.0,708.0,706.0,706.0,0,0.0,0.0
2022-11-28 12:00:00+09:00,706.0,708.0,706.0,708.0,9500,0.0,0.0
2022-11-28 13:00:00+09:00,708.0,708.0,705.0,707.0,1400,0.0,0.0
2022-11-28 14:00:00+09:00,707.0,707.0,700.0,702.0,9100,0.0,0.0
2022-11-29 09:00:00+09:00,691.0,702.0,691.0,700.0,16400,0.0,0.0
2022-11-29 10:00:00+09:00,700.0,702.0,699.0,699.0,3100,0.0,0.0
2022-11-29 11:00:00+09:00,698.0,698.0,695.0,695.0,0,0.0,0.0
2022-11-29 12:00:00+09:00,691.0,695.0,691.0,695.0,23600,0.0,0.0
2022-11-29 13:00:00+09:00,695.0,695.0,692.0,695.0,8200,0.0,0.0
2022-11-29 14:00:00+09:00,695.0,696.0,694.0,696.0,10800,0.0,0.0
2022-11-30 09:00:00+09:00,697.0,697.0,695.0,696.0,1100,0.0,0.0
2022-11-30 10:00:00+09:00,696.0,697.0,693.0,697.0,2300,0.0,0.0
2022-11-30 11:00:00+09:00,698.0,699.0,698.0,698.0,0,0.0,0.0
2022-11-30 12:00:00+09:00,694.0,699.0,694.0,699.0,5000,0.0,0.0
2022-11-30 13:00:00+09:00,697.0,697.0,695.0,695.0,2200,0.0,0.0
2022-11-30 14:00:00+09:00,694.0,694.0,688.0,690.0,10300,0.0,0.0
2022-12-01 09:00:00+09:00,688.0,693.0,688.0,691.0,3700,0.0,0.0
2022-12-01 10:00:00+09:00,691.0,697.0,688.0,697.0,6100,0.0,0.0
2022-12-01 11:00:00+09:00,696.0,698.0,696.0,698.0,0,0.0,0.0
2022-12-01 12:00:00+09:00,694.0,697.0,694.0,697.0,12800,0.0,0.0
2022-12-01 13:00:00+09:00,697.0,697.0,696.0,697.0,1900,0.0,0.0
2022-12-01 14:00:00+09:00,697.0,698.0,696.0,698.0,4600,0.0,0.0
2022-12-02 09:00:00+09:00,691.0,703.0,689.0,695.0,8000,0.0,0.0
2022-12-02 10:00:00+09:00,693.0,693.0,691.0,691.0,1500,0.0,0.0
2022-12-02 11:00:00+09:00,689.0,693.0,689.0,689.0,0,0.0,0.0
2022-12-02 12:00:00+09:00,689.0,697.0,689.0,697.0,16400,0.0,0.0
2022-12-02 13:00:00+09:00,697.0,698.0,696.0,696.0,2000,0.0,0.0
2022-12-02 14:00:00+09:00,695.0,696.0,691.0,693.0,4600,0.0,0.0
2022-12-05 09:00:00+09:00,692.0,708.0,692.0,701.0,11300,0.0,0.0
2022-12-05 10:00:00+09:00,701.0,701.0,698.0,699.0,9000,0.0,0.0
2022-12-05 11:00:00+09:00,698.0,698.0,694.0,694.0,0,0.0,0.0
2022-12-05 12:00:00+09:00,694.0,695.0,693.0,695.0,25500,0.0,0.0
2022-12-05 13:00:00+09:00,695.0,695.0,694.0,694.0,700,0.0,0.0
2022-12-05 14:00:00+09:00,694.0,696.0,691.0,696.0,4500,0.0,0.0
2022-12-06 09:00:00+09:00,692.0,692.0,685.0,685.0,2900,0.0,0.0
2022-12-06 10:00:00+09:00,683.0,689.0,682.0,687.0,2800,0.0,0.0
2022-12-06 11:00:00+09:00,687.0,688.0,687.0,688.0,0,0.0,0.0
2022-12-06 12:00:00+09:00,688.0,689.0,688.0,689.0,7600,0.0,0.0
2022-12-06 13:00:00+09:00,688.0,688.0,683.0,686.0,3200,0.0,0.0
2022-12-06 14:00:00+09:00,687.0,688.0,684.0,684.0,7100,0.0,0.0
2022-12-07 09:00:00+09:00,681.0,690.0,681.0,690.0,2200,0.0,0.0
2022-12-07 10:00:00+09:00,690.0,695.0,690.0,694.0,3000,0.0,0.0
2022-12-07 11:00:00+09:00,694.0,694.0,694.0,694.0,0,0.0,0.0
2022-12-07 12:00:00+09:00,688.0,688.0,688.0,688.0,5400,0.0,0.0
2022-12-07 13:00:00+09:00,688.0,688.0,688.0,688.0,100,0.0,0.0
2022-12-07 14:00:00+09:00,689.0,690.0,687.0,687.0,2000,0.0,0.0
2022-12-08 09:00:00+09:00,685.0,685.0,672.0,675.0,7800,0.0,0.0
2022-12-08 10:00:00+09:00,676.0,677.0,676.0,676.0,1300,0.0,0.0
2022-12-08 11:00:00+09:00,676.0,676.0,676.0,676.0,0,0.0,0.0
2022-12-08 12:00:00+09:00,676.0,678.0,676.0,678.0,11000,0.0,0.0
2022-12-08 13:00:00+09:00,679.0,681.0,679.0,680.0,4400,0.0,0.0
2022-12-08 14:00:00+09:00,679.0,681.0,678.0,681.0,4700,0.0,0.0
2022-12-09 09:00:00+09:00,681.0,694.0,681.0,694.0,8700,0.0,0.0
2022-12-09 10:00:00+09:00,695.0,700.0,695.0,696.0,6900,0.0,0.0
2022-12-09 11:00:00+09:00,696.0,697.0,696.0,697.0,0,0.0,0.0
2022-12-09 12:00:00+09:00,695.0,695.0,695.0,695.0,17500,0.0,0.0
2022-12-09 13:00:00+09:00,695.0,695.0,690.0,693.0,14900,0.0,0.0
2022-12-09 14:00:00+09:00,693.0,695.0,693.0,693.0,5000,0.0,0.0
2022-12-12 09:00:00+09:00,686.0,689.0,686.0,689.0,0,0.0,0.0
2022-12-12 10:00:00+09:00,689.0,690.0,689.0,689.0,2000,0.0,0.0
2022-12-12 11:00:00+09:00,687.0,687.0,686.0,686.0,0,0.0,0.0
2022-12-12 12:00:00+09:00,681.0,684.0,681.0,681.0,5300,0.0,0.0
2022-12-12 13:00:00+09:00,681.0,682.0,681.0,682.0,5800,0.0,0.0
2022-12-12 14:00:00+09:00,682.0,687.0,682.0,683.0,7700,0.0,0.0
2022-12-13 09:00:00+09:00,685.0,702.0,685.0,699.0,5300,0.0,0.0
2022-12-13 10:00:00+09:00,699.0,701.0,698.0,698.0,4700,0.0,0.0
2022-12-13 11:00:00+09:00,699.0,700.0,699.0,700.0,0,0.0,0.0
2022-12-13 12:00:00+09:00,700.0,700.0,697.0,697.0,11500,0.0,0.0
2022-12-13 13:00:00+09:00,697.0,699.0,697.0,699.0,0,0.0,0.0
2022-12-13 14:00:00+09:00,698.0,700.0,697.0,697.0,16700,0.0,0.0
2022-12-14 09:00:00+09:00,696.0,704.0,695.0,695.0,0,0.0,0.0
2022-12-14 10:00:00+09:00,697.0,697.0,697.0,697.0,8100,0.0,0.0
2022-12-14 11:00:00+09:00,697.0,697.0,696.0,697.0,0,0.0,0.0
2022-12-14 13:00:00+09:00,698.0,698.0,697.0,698.0,11100,0.0,0.0
2022-12-14 14:00:00+09:00,699.0,701.0,699.0,700.0,5900,0.0,0.0
2022-12-15 09:00:00+09:00,702.0,705.0,702.0,705.0,500,0.0,0.0
2022-12-15 10:00:00+09:00,706.0,706.0,706.0,706.0,500,0.0,0.0
2022-12-15 11:00:00+09:00,706.0,708.0,706.0,707.0,0,0.0,0.0
2022-12-15 12:00:00+09:00,706.0,706.0,705.0,705.0,5000,0.0,0.0
2022-12-15 13:00:00+09:00,706.0,706.0,705.0,705.0,1800,0.0,0.0
2022-12-15 14:00:00+09:00,704.0,706.0,703.0,703.0,1700,0.0,0.0
2022-12-16 09:00:00+09:00,699.0,704.0,699.0,701.0,4300,0.0,0.0
2022-12-16 10:00:00+09:00,702.0,702.0,702.0,702.0,200,0.0,0.0
2022-12-16 11:00:00+09:00,703.0,703.0,702.0,702.0,0,0.0,0.0
2022-12-16 12:00:00+09:00,701.0,701.0,699.0,699.0,8600,0.0,0.0
2022-12-16 13:00:00+09:00,699.0,699.0,692.0,696.0,3800,0.0,0.0
2022-12-16 14:00:00+09:00,696.0,696.0,692.0,694.0,10300,0.0,0.0
2022-12-19 09:00:00+09:00,686.0,695.0,686.0,695.0,2800,0.0,0.0
2022-12-19 10:00:00+09:00,695.0,699.0,695.0,698.0,3000,0.0,0.0
2022-12-19 11:00:00+09:00,697.0,697.0,697.0,697.0,0,0.0,0.0
2022-12-19 12:00:00+09:00,697.0,699.0,695.0,696.0,8300,0.0,0.0
2022-12-19 13:00:00+09:00,697.0,697.0,695.0,695.0,1100,0.0,0.0
2022-12-19 14:00:00+09:00,697.0,699.0,696.0,696.0,3700,0.0,0.0
2022-12-20 09:00:00+09:00,705.0,710.0,703.0,706.0,16200,0.0,0.0
2022-12-20 10:00:00+09:00,708.0,711.0,708.0,711.0,4600,0.0,0.0
2022-12-20 11:00:00+09:00,711.0,712.0,711.0,712.0,0,0.0,0.0
2022-12-20 12:00:00+09:00,701.0,707.0,697.0,697.0,27800,0.0,0.0
2022-12-20 13:00:00+09:00,697.0,698.0,694.0,698.0,2300,0.0,0.0
2022-12-20 14:00:00+09:00,698.0,707.0,697.0,705.0,14400,0.0,0.0
2022-12-21 09:00:00+09:00,706.0,706.0,699.0,700.0,0,0.0,0.0
2022-12-21 10:00:00+09:00,700.0,704.0,699.0,703.0,10700,0.0,0.0
2022-12-21 11:00:00+09:00,704.0,704.0,702.0,702.0,0,0.0,0.0
2022-12-21 12:00:00+09:00,696.0,696.0,693.0,694.0,15100,0.0,0.0
2022-12-21 13:00:00+09:00,693.0,693.0,683.0,686.0,0,0.0,0.0
2022-12-21 14:00:00+09:00,685.0,691.0,684.0,687.0,33300,0.0,0.0
2022-12-22 09:00:00+09:00,689.0,700.0,689.0,699.0,5800,0.0,0.0
2022-12-22 10:00:00+09:00,700.0,700.0,692.0,692.0,2900,0.0,0.0
2022-12-22 11:00:00+09:00,694.0,694.0,692.0,692.0,0,0.0,0.0
2022-12-22 12:00:00+09:00,682.0,692.0,682.0,691.0,13100,0.0,0.0
2022-12-22 13:00:00+09:00,691.0,691.0,689.0,689.0,1600,0.0,0.0
2022-12-22 14:00:00+09:00,689.0,692.0,688.0,690.0,6600,0.0,0.0
2022-12-23 09:00:00+09:00,684.0,692.0,684.0,692.0,5100,0.0,0.0
2022-12-23 10:00:00+09:00,692.0,694.0,692.0,694.0,2400,0.0,0.0
2022-12-23 11:00:00+09:00,695.0,695.0,695.0,695.0,0,0.0,0.0
2022-12-23 12:00:00+09:00,695.0,696.0,695.0,695.0,9300,0.0,0.0
2022-12-23 13:00:00+09:00,695.0,696.0,695.0,696.0,600,0.0,0.0
2022-12-23 14:00:00+09:00,696.0,698.0,696.0,697.0,2900,0.0,0.0
2022-12-26 09:00:00+09:00,706.0,706.0,696.0,696.0,13000,0.0,0.0
2022-12-26 10:00:00+09:00,697.0,697.0,692.0,692.0,1100,0.0,0.0
2022-12-26 11:00:00+09:00,694.0,694.0,694.0,694.0,0,0.0,0.0
2022-12-26 12:00:00+09:00,692.0,692.0,692.0,692.0,14600,0.0,0.0
2022-12-26 13:00:00+09:00,692.0,692.0,690.0,690.0,1500,0.0,0.0
2022-12-26 14:00:00+09:00,691.0,691.0,686.0,687.0,1900,0.0,0.0
2022-12-27 09:00:00+09:00,694.0,694.0,694.0,694.0,500,0.0,0.0
2022-12-27 10:00:00+09:00,693.0,694.0,692.0,692.0,500,0.0,0.0
2022-12-27 11:00:00+09:00,693.0,693.0,691.0,691.0,0,0.0,0.0
2022-12-27 13:00:00+09:00,689.0,689.0,686.0,686.0,4600,0.0,0.0
2022-12-27 14:00:00+09:00,688.0,688.0,686.0,688.0,2300,0.0,0.0
2022-12-28 09:00:00+09:00,683.0,685.0,682.0,685.0,0,0.0,0.0
2022-12-28 10:00:00+09:00,681.0,683.0,681.0,683.0,0,0.0,0.0
2022-12-28 11:00:00+09:00,685.0,685.0,685.0,685.0,0,0.0,0.0
2022-12-28 12:00:00+09:00,680.0,683.0,680.0,683.0,4400,0.0,0.0
2022-12-28 13:00:00+09:00,681.0,681.0,681.0,681.0,400,0.0,0.0
2022-12-28 14:00:00+09:00,682.0,682.0,678.0,679.0,5700,0.0,0.0
2022-12-29 09:00:00+09:00,671.0,677.0,671.0,677.0,3600,0.0,0.0
2022-12-29 10:00:00+09:00,678.0,679.0,677.0,677.0,600,0.0,0.0
2022-12-29 11:00:00+09:00,679.0,679.0,679.0,679.0,0,0.0,0.0
2022-12-29 12:00:00+09:00,683.0,683.0,682.0,682.0,5300,0.0,0.0
2022-12-29 13:00:00+09:00,685.0,685.0,683.0,684.0,900,0.0,0.0
2022-12-29 14:00:00+09:00,685.0,693.0,685.0,691.0,4800,0.0,0.0
2022-12-30 09:00:00+09:00,695.0,697.0,690.0,697.0,1100,0.0,0.0
2022-12-30 10:00:00+09:00,693.0,693.0,693.0,693.0,100,0.0,0.0
2022-12-30 11:00:00+09:00,695.0,696.0,695.0,696.0,0,0.0,0.0
2022-12-30 12:00:00+09:00,699.0,699.0,697.0,697.0,1700,0.0,0.0
2022-12-30 13:00:00+09:00,695.0,695.0,690.0,690.0,300,0.0,0.0
2022-12-30 14:00:00+09:00,692.0,694.0,687.0,689.0,1500,0.0,0.0
2023-01-04 09:00:00+09:00,686.0,686.0,676.0,676.0,8700,0.0,0.0
2023-01-04 10:00:00+09:00,676.0,678.0,675.0,678.0,3700,0.0,0.0
2023-01-04 11:00:00+09:00,678.0,678.0,678.0,678.0,0,0.0,0.0
2023-01-04 12:00:00+09:00,677.0,679.0,677.0,678.0,15500,0.0,0.0
2023-01-04 13:00:00+09:00,678.0,679.0,678.0,679.0,1400,0.0,0.0
2023-01-04 14:00:00+09:00,679.0,679.0,675.0,677.0,6500,0.0,0.0
2023-01-05 09:00:00+09:00,677.0,683.0,676.0,682.0,4600,0.0,0.0
2023-01-05 10:00:00+09:00,682.0,682.0,679.0,679.0,1300,0.0,0.0
2023-01-05 11:00:00+09:00,679.0,679.0,678.0,679.0,0,0.0,0.0
2023-01-05 12:00:00+09:00,678.0,678.0,675.0,675.0,9600,0.0,0.0
2023-01-05 13:00:00+09:00,675.0,676.0,674.0,676.0,4900,0.0,0.0
2023-01-05 14:00:00+09:00,676.0,678.0,675.0,675.0,2500,0.0,0.0
2023-01-06 09:00:00+09:00,674.0,679.0,674.0,678.0,4500,0.0,0.0
2023-01-06 10:00:00+09:00,678.0,678.0,678.0,678.0,1800,0.0,0.0
2023-01-06 11:00:00+09:00,678.0,678.0,677.0,677.0,0,0.0,0.0
2023-01-06 12:00:00+09:00,677.0,677.0,677.0,677.0,7800,0.0,0.0
2023-01-06 13:00:00+09:00,678.0,678.0,676.0,678.0,2600,0.0,0.0
2023-01-06 14:00:00+09:00,679.0,680.0,677.0,679.0,2200,0.0,0.0
2023-01-10 09:00:00+09:00,677.0,695.0,677.0,693.0,5900,0.0,0.0
2023-01-10 10:00:00+09:00,693.0,694.0,693.0,693.0,2200,0.0,0.0
2023-01-10 11:00:00+09:00,693.0,693.0,692.0,692.0,0,0.0,0.0
2023-01-10 12:00:00+09:00,692.0,692.0,688.0,688.0,8900,0.0,0.0
2023-01-10 13:00:00+09:00,690.0,695.0,689.0,695.0,4900,0.0,0.0
2023-01-10 14:00:00+09:00,695.0,698.0,693.0,697.0,14000,0.0,0.0
2023-01-11 09:00:00+09:00,698.0,715.0,698.0,709.0,0,0.0,0.0
2023-01-11 10:00:00+09:00,708.0,708.0,706.0,706.0,16700,0.0,0.0
2023-01-11 11:00:00+09:00,705.0,708.0,705.0,708.0,0,0.0,0.0
2023-01-11 12:00:00+09:00,708.0,709.0,706.0,708.0,20100,0.0,0.0
2023-01-11 13:00:00+09:00,707.0,709.0,707.0,709.0,500,0.0,0.0
2023-01-11 14:00:00+09:00,708.0,713.0,708.0,708.0,9700,0.0,0.0
2023-01-12 09:00:00+09:00,709.0,712.0,708.0,711.0,3900,0.0,0.0
2023-01-12 10:00:00+09:00,712.0,712.0,708.0,708.0,4000,0.0,0.0
2023-01-12 11:00:00+09:00,708.0,708.0,708.0,708.0,0,0.0,0.0
2023-01-12 12:00:00+09:00,708.0,709.0,705.0,705.0,13100,0.0,0.0
2023-01-12 13:00:00+09:00,704.0,704.0,700.0,700.0,2800,0.0,0.0
2023-01-12 14:00:00+09:00,699.0,699.0,697.0,697.0,2700,0.0,0.0
2023-01-13 09:00:00+09:00,699.0,702.0,699.0,699.0,0,0.0,0.0
2023-01-13 10:00:00+09:00,698.0,698.0,694.0,694.0,7300,0.0,0.0
2023-01-13 11:00:00+09:00,695.0,696.0,695.0,695.0,0,0.0,0.0
2023-01-13 12:00:00+09:00,695.0,695.0,693.0,694.0,11300,0.0,0.0
2023-01-13 13:00:00+09:00,693.0,695.0,693.0,694.0,4200,0.0,0.0
2023-01-13 14:00:00+09:00,693.0,693.0,689.0,689.0,5700,0.0,0.0
2023-01-16 09:00:00+09:00,689.0,689.0,689.0,689.0,700,0.0,0.0
2023-01-16 11:00:00+09:00,689.0,689.0,689.0,689.0,0,0.0,0.0
2023-01-16 12:00:00+09:00,692.0,701.0,692.0,701.0,4800,0.0,0.0
2023-01-16 13:00:00+09:00,698.0,699.0,694.0,698.0,7300,0.0,0.0
2023-01-16 14:00:00+09:00,698.0,700.0,698.0,699.0,7200,0.0,0.0
2023-01-17 09:00:00+09:00,699.0,705.0,699.0,703.0,0,0.0,0.0
2023-01-17 10:00:00+09:00,703.0,703.0,701.0,701.0,0,0.0,0.0
2023-01-17 11:00:00+09:00,701.0,701.0,700.0,700.0,0,0.0,0.0
2023-01-17 12:00:00+09:00,701.0,701.0,699.0,700.0,10700,0.0,0.0
2023-01-17 13:00:00+09:00,700.0,706.0,699.0,706.0,21900,0.0,0.0
2023-01-17 14:00:00+09:00,706.0,708.0,702.0,708.0,11700,0.0,0.0
2023-01-18 09:00:00+09:00,709.0,709.0,699.0,699.0,8300,0.0,0.0
2023-01-18 10:00:00+09:00,699.0,700.0,697.0,698.0,2200,0.0,0.0
2023-01-18 11:00:00+09:00,699.0,699.0,698.0,698.0,0,0.0,0.0
2023-01-18 12:00:00+09:00,699.0,700.0,694.0,697.0,21300,0.0,0.0
2023-01-18 13:00:00+09:00,698.0,698.0,696.0,698.0,2900,0.0,0.0
2023-01-18 14:00:00+09:00,698.0,698.0,695.0,697.0,5700,0.0,0.0
2023-01-19 09:00:00+09:00,697.0,700.0,694.0,700.0,4600,0.0,0.0
2023-01-19 10:00:00+09:00,699.0,701.0,699.0,701.0,1000,0.0,0.0
2023-01-19 11:00:00+09:00,701.0,701.0,699.0,699.0,0,0.0,0.0
2023-01-19 12:00:00+09:00,697.0,697.0,695.0,695.0,8100,0.0,0.0
2023-01-19 13:00:00+09:00,695.0,699.0,694.0,699.0,1400,0.0,0.0
2023-01-19 14:00:00+09:00,700.0,701.0,698.0,701.0,5100,0.0,0.0
2023-01-20 09:00:00+09:00,702.0,703.0,701.0,701.0,3300,0.0,0.0
2023-01-20 10:00:00+09:00,703.0,704.0,703.0,704.0,2500,0.0,0.0
2023-01-20 11:00:00+09:00,704.0,704.0,704.0,704.0,0,0.0,0.0
2023-01-20 12:00:00+09:00,704.0,704.0,704.0,704.0,6000,0.0,0.0
2023-01-20 13:00:00+09:00,705.0,705.0,704.0,704.0,3300,0.0,0.0
2023-01-20 14:00:00+09:00,704.0,708.0,701.0,703.0,8600,0.0,0.0
2023-01-23 09:00:00+09:00,704.0,709.0,704.0,707.0,8100,0.0,0.0
2023-01-23 10:00:00+09:00,709.0,711.0,709.0,711.0,1600,0.0,0.0
2023-01-23 11:00:00+09:00,711.0,711.0,710.0,710.0,0,0.0,0.0
2023-01-23 12:00:00+09:00,710.0,710.0,709.0,709.0,12500,0.0,0.0
2023-01-23 13:00:00+09:00,709.0,709.0,709.0,709.0,1300,0.0,0.0
2023-01-23 14:00:00+09:00,709.0,712.0,709.0,712.0,7900,0.0,0.0
2023-01-24 09:00:00+09:00,717.0,723.0,717.0,720.0,13200,0.0,0.0
2023-01-24 10:00:00+09:00,721.0,723.0,720.0,720.0,5400,0.0,0.0
2023-01-24 11:00:00+09:00,720.0,720.0,720.0,720.0,0,0.0,0.0
2023-01-24 12:00:00+09:00,722.0,722.0,720.0,720.0,20700,0.0,0.0
2023-01-24 13:00:00+09:00,721.0,722.0,721.0,722.0,3100,0.0,0.0
2023-01-24 14:00:00+09:00,722.0,723.0,710.0,717.0,21000,0.0,0.0
2023-01-25 09:00:00+09:00,723.0,727.0,719.0,720.0,16200,0.0,0.0
2023-01-25 10:00:00+09:00,720.0,720.0,718.0,718.0,1800,0.0,0.0
2023-01-25 11:00:00+09:00,720.0,721.0,720.0,721.0,0,0.0,0.0
2023-01-25 12:00:00+09:00,721.0,723.0,721.0,722.0,24400,0.0,0.0
2023-01-25 13:00:00+09:00,724.0,727.0,724.0,726.0,4900,0.0,0.0
2023-01-25 14:00:00+09:00,726.0,729.0,724.0,729.0,8500,0.0,0.0
2023-01-26 09:00:00+09:00,729.0,729.0,717.0,719.0,4000,0.0,0.0
2023-01-26 10:00:00+09:00,719.0,720.0,719.0,720.0,800,0.0,0.0
2023-01-26 11:00:00+09:00,720.0,720.0,717.0,717.0,0,0.0,0.0
2023-01-26 12:00:00+09:00,717.0,717.0,717.0,717.0,6800,0.0,0.0
2023-01-26 13:00:00+09:00,718.0,718.0,713.0,716.0,3300,0.0,0.0
2023-01-26 14:00:00+09:00,716.0,716.0,711.0,711.0,10100,0.0,0.0
2023-01-27 09:00:00+09:00,706.0,710.0,706.0,706.0,2600,0.0,0.0
2023-01-27 10:00:00+09:00,706.0,706.0,699.0,699.0,21300,0.0,0.0
2023-01-27 11:00:00+09:00,699.0,700.0,699.0,700.0,0,0.0,0.0
2023-01-27 12:00:00+09:00,700.0,702.0,700.0,702.0,24800,0.0,0.0
2023-01-27 13:00:00+09:00,700.0,705.0,700.0,705.0,1500,0.0,0.0
2023-01-27 14:00:00+09:00,705.0,735.0,695.0,705.0,44900,0.0,0.0
2023-01-30 09:00:00+09:00,714.0,715.0,713.0,714.0,0,0.0,0.0
2023-01-30 10:00:00+09:00,714.0,727.0,712.0,724.0,4700,0.0,0.0
2023-01-30 11:00:00+09:00,723.0,724.0,720.0,720.0,0,0.0,0.0
2023-01-30 12:00:00+09:00,720.0,722.0,718.0,721.0,14300,0.0,0.0
2023-01-30 13:00:00+09:00,718.0,719.0,716.0,719.0,1500,0.0,0.0
2023-01-30 14:00:00+09:00,718.0,718.0,710.0,710.0,11500,0.0,0.0
2023-01-31 09:00:00+09:00,701.0,709.0,701.0,709.0,4700,0.0,0.0
2023-01-31 10:00:00+09:00,710.0,712.0,707.0,707.0,4200,0.0,0.0
2023-01-31 11:00:00+09:00,707.0,712.0,707.0,709.0,0,0.0,0.0
2023-01-31 12:00:00+09:00,712.0,712.0,707.0,709.0,14600,0.0,0.0
2023-01-31 13:00:00+09:00,709.0,709.0,706.0,707.0,1600,0.0,0.0
2023-01-31 14:00:00+09:00,707.0,712.0,706.0,708.0,10100,0.0,0.0
2023-02-01 09:00:00+09:00,713.0,713.0,711.0,711.0,3000,0.0,0.0
2023-02-01 10:00:00+09:00,713.0,716.0,713.0,714.0,600,0.0,0.0
2023-02-01 11:00:00+09:00,713.0,713.0,713.0,713.0,0,0.0,0.0
2023-02-01 12:00:00+09:00,712.0,712.0,709.0,709.0,4800,0.0,0.0
2023-02-01 13:00:00+09:00,711.0,711.0,708.0,708.0,600,0.0,0.0
2023-02-01 14:00:00+09:00,708.0,708.0,705.0,705.0,3200,0.0,0.0
2023-02-02 09:00:00+09:00,707.0,707.0,703.0,703.0,700,0.0,0.0
2023-02-02 10:00:00+09:00,703.0,705.0,702.0,702.0,1100,0.0,0.0
2023-02-02 11:00:00+09:00,702.0,702.0,702.0,702.0,0,0.0,0.0
2023-02-02 12:00:00+09:00,702.0,702.0,701.0,702.0,4000,0.0,0.0
2023-02-02 13:00:00+09:00,702.0,702.0,702.0,702.0,200,0.0,0.0
2023-02-02 14:00:00+09:00,701.0,701.0,697.0,698.0,2500,0.0,0.0
2023-02-03 09:00:00+09:00,695.0,700.0,695.0,700.0,3600,0.0,0.0
2023-02-03 10:00:00+09:00,700.0,705.0,700.0,705.0,1400,0.0,0.0
2023-02-03 11:00:00+09:00,705.0,705.0,698.0,699.0,0,0.0,0.0
2023-02-03 12:00:00+09:00,695.0,697.0,695.0,696.0,17800,0.0,0.0
2023-02-03 13:00:00+09:00,697.0,697.0,696.0,696.0,1800,0.0,0.0
2023-02-03 14:00:00+09:00,698.0,698.0,696.0,698.0,1300,0.0,0.0
2023-02-06 09:00:00+09:00,699.0,709.0,699.0,709.0,2000,0.0,0.0
2023-02-06 10:00:00+09:00,707.0,707.0,707.0,707.0,200,0.0,0.0
2023-02-06 11:00:00+09:00,706.0,706.0,706.0,706.0,0,0.0,0.0
2023-02-06 12:00:00+09:00,705.0,711.0,705.0,708.0,6600,0.0,0.0
2023-02-06 13:00:00+09:00,709.0,710.0,708.0,708.0,3600,0.0,0.0
2023-02-06 14:00:00+09:00,707.0,707.0,707.0,707.0,700,0.0,0.0
2023-02-07 09:00:00+09:00,709.0,715.0,709.0,714.0,1100,0.0,0.0
2023-02-07 11:00:00+09:00,715.0,715.0,715.0,715.0,0,0.0,0.0
2023-02-07 12:00:00+09:00,715.0,718.0,715.0,718.0,2900,0.0,0.0
2023-02-07 13:00:00+09:00,715.0,716.0,714.0,715.0,500,0.0,0.0
2023-02-07 14:00:00+09:00,715.0,715.0,714.0,714.0,900,0.0,0.0
2023-02-08 09:00:00+09:00,714.0,718.0,707.0,708.0,1700,0.0,0.0
2023-02-08 10:00:00+09:00,709.0,713.0,709.0,713.0,3600,0.0,0.0
2023-02-08 11:00:00+09:00,715.0,715.0,712.0,714.0,0,0.0,0.0
2023-02-08 12:00:00+09:00,707.0,713.0,707.0,712.0,13100,0.0,0.0
2023-02-08 13:00:00+09:00,709.0,711.0,707.0,707.0,600,0.0,0.0
2023-02-08 14:00:00+09:00,710.0,710.0,708.0,708.0,2300,0.0,0.0
2023-02-09 09:00:00+09:00,702.0,712.0,702.0,711.0,2400,0.0,0.0
2023-02-09 11:00:00+09:00,710.0,715.0,710.0,715.0,0,0.0,0.0
2023-02-09 12:00:00+09:00,708.0,716.0,708.0,716.0,5800,0.0,0.0
2023-02-09 13:00:00+09:00,716.0,716.0,712.0,712.0,1100,0.0,0.0
2023-02-09 14:00:00+09:00,715.0,721.0,715.0,719.0,6500,0.0,0.0
2023-02-10 09:00:00+09:00,704.0,719.0,704.0,719.0,4100,0.0,0.0
2023-02-10 10:00:00+09:00,722.0,722.0,721.0,721.0,1300,0.0,0.0
2023-02-10 11:00:00+09:00,720.0,720.0,719.0,719.0,0,0.0,0.0
2023-02-10 12:00:00+09:00,713.0,713.0,713.0,713.0,6500,0.0,0.0
2023-02-10 13:00:00+09:00,715.0,717.0,715.0,715.0,700,0.0,0.0
2023-02-10 14:00:00+09:00,715.0,715.0,711.0,714.0,4800,0.0,0.0
2023-02-13 09:00:00+09:00,720.0,724.0,719.0,724.0,2900,0.0,0.0
2023-02-13 10:00:00+09:00,720.0,720.0,709.0,711.0,1700,0.0,0.0
2023-02-13 11:00:00+09:00,711.0,712.0,709.0,712.0,0,0.0,0.0
2023-02-13 12:00:00+09:00,709.0,714.0,709.0,713.0,9100,0.0,0.0
2023-02-13 13:00:00+09:00,710.0,711.0,705.0,708.0,6800,0.0,0.0
2023-02-13 14:00:00+09:00,709.0,710.0,705.0,706.0,10300,0.0,0.0
2023-02-14 09:00:00+09:00,716.0,720.0,716.0,718.0,3700,0.0,0.0
2023-02-14 10:00:00+09:00,716.0,716.0,716.0,716.0,200,0.0,0.0
2023-02-14 11:00:00+09:00,715.0,715.0,715.0,715.0,0,0.0,0.0
2023-02-14 12:00:00+09:00,716.0,719.0,716.0,718.0,9000,0.0,0.0
2023-02-14 13:00:00+09:00,715.0,715.0,712.0,712.0,2100,0.0,0.0
2023-02-14 14:00:00+09:00,711.0,714.0,710.0,714.0,3600,0.0,0.0
2023-02-15 09:00:00+09:00,713.0,717.0,707.0,710.0,6900,0.0,0.0
2023-02-15 11:00:00+09:00,710.0,710.0,710.0,710.0,0,0.0,0.0
2023-02-15 12:00:00+09:00,708.0,708.0,707.0,708.0,9600,0.0,0.0
2023-02-15 13:00:00+09:00,708.0,710.0,707.0,708.0,1100,0.0,0.0
2023-02-15 14:00:00+09:00,708.0,709.0,706.0,706.0,4300,0.0,0.0
2023-02-16 09:00:00+09:00,707.0,716.0,707.0,709.0,7400,0.0,0.0
2023-02-16 10:00:00+09:00,710.0,710.0,709.0,709.0,800,0.0,0.0
2023-02-16 11:00:00+09:00,709.0,710.0,707.0,710.0,0,0.0,0.0
2023-02-16 12:00:00+09:00,707.0,709.0,707.0,709.0,18600,0.0,0.0
2023-02-16 13:00:00+09:00,709.0,709.0,707.0,708.0,4900,0.0,0.0
2023-02-16 14:00:00+09:00,708.0,708.0,698.0,699.0,32400,0.0,0.0
2023-02-17 09:00:00+09:00,701.0,704.0,698.0,698.0,23000,0.0,0.0
2023-02-17 10:00:00+09:00,697.0,700.0,697.0,700.0,2800,0.0,0.0
2023-02-17 11:00:00+09:00,700.0,700.0,700.0,700.0,0,0.0,0.0
2023-02-17 12:00:00+09:00,697.0,701.0,697.0,699.0,33500,0.0,0.0
2023-02-17 13:00:00+09:00,698.0,700.0,697.0,698.0,3000,0.0,0.0
2023-02-17 14:00:00+09:00,700.0,700.0,697.0,699.0,2700,0.0,0.0
2023-02-20 09:00:00+09:00,698.0,710.0,698.0,703.0,0,0.0,0.0
2023-02-20 10:00:00+09:00,703.0,703.0,703.0,703.0,18200,0.0,0.0
2023-02-20 11:00:00+09:00,704.0,705.0,704.0,705.0,0,0.0,0.0
2023-02-20 12:00:00+09:00,706.0,708.0,706.0,708.0,26000,0.0,0.0
2023-02-20 13:00:00+09:00,708.0,710.0,708.0,710.0,1600,0.0,0.0
2023-02-20 14:00:00+09:00,710.0,712.0,706.0,706.0,3400,0.0,0.0
2023-02-21 09:00:00+09:00,714.0,726.0,703.0,703.0,26000,0.0,0.0
2023-02-21 10:00:00+09:00,704.0,705.0,703.0,703.0,8700,0.0,0.0
2023-02-21 11:00:00+09:00,703.0,703.0,703.0,703.0,0,0.0,0.0
2023-02-21 12:00:00+09:00,703.0,708.0,703.0,708.0,41000,0.0,0.0
2023-02-21 13:00:00+09:00,707.0,708.0,707.0,708.0,300,0.0,0.0
2023-02-21 14:00:00+09:00,708.0,709.0,704.0,709.0,7300,0.0,0.0
2023-02-22 09:00:00+09:00,700.0,702.0,696.0,697.0,12200,0.0,0.0
2023-02-22 10:00:00+09:00,697.0,697.0,695.0,696.0,5700,0.0,0.0
2023-02-22 11:00:00+09:00,696.0,696.0,696.0,696.0,0,0.0,0.0
2023-02-22 12:00:00+09:00,696.0,699.0,696.0,696.0,23000,0.0,0.0
2023-02-22 13:00:00+09:00,697.0,697.0,696.0,697.0,1200,0.0,0.0
2023-02-22 14:00:00+09:00,695.0,695.0,691.0,693.0,5200,0.0,0.0
2023-02-24 09:00:00+09:00,691.0,701.0,691.0,700.0,11500,0.0,0.0
2023-02-24 10:00:00+09:00,700.0,700.0,698.0,698.0,4100,0.0,0.0
2023-02-24 11:00:00+09:00,698.0,698.0,698.0,698.0,0,0.0,0.0
2023-02-24 12:00:00+09:00,700.0,700.0,700.0,700.0,16600,0.0,0.0
2023-02-24 13:00:00+09:00,698.0,698.0,696.0,698.0,3200,0.0,0.0
2023-02-24 14:00:00+09:00,699.0,702.0,698.0,702.0,6300,0.0,0.0
2023-02-27 09:00:00+09:00,702.0,712.0,699.0,699.0,0,0.0,0.0
2023-02-27 10:00:00+09:00,698.0,699.0,697.0,698.0,1800,0.0,0.0
2023-02-27 11:00:00+09:00,698.0,698.0,698.0,698.0,0,0.0,0.0
2023-02-27 12:00:00+09:00,698.0,699.0,696.0,696.0,19700,0.0,0.0
2023-02-27 13:00:00+09:00,696.0,696.0,695.0,695.0,600,0.0,0.0
2023-02-27 14:00:00+09:00,697.0,701.0,697.0,699.0,6400,0.0,0.0
2023-02-28 09:00:00+09:00,699.0,701.0,695.0,697.0,6600,0.0,0.0
2023-02-28 10:00:00+09:00,697.0,697.0,697.0,697.0,200,0.0,0.0
2023-02-28 11:00:00+09:00,697.0,697.0,697.0,697.0,0,0.0,0.0
2023-02-28 12:00:00+09:00,697.0,700.0,696.0,697.0,12400,0.0,0.0
2023-02-28 13:00:00+09:00,699.0,699.0,697.0,697.0,300,0.0,0.0
2023-02-28 14:00:00+09:00,700.0,700.0,693.0,697.0,8200,0.0,0.0
2023-03-01 09:00:00+09:00,695.0,700.0,694.0,699.0,2900,0.0,0.0
2023-03-01 10:00:00+09:00,697.0,699.0,697.0,699.0,2100,0.0,0.0
2023-03-01 11:00:00+09:00,698.0,698.0,697.0,697.0,0,0.0,0.0
2023-03-01 12:00:00+09:00,697.0,697.0,697.0,697.0,6300,0.0,0.0
2023-03-01 13:00:00+09:00,698.0,699.0,697.0,699.0,2900,0.0,0.0
2023-03-01 14:00:00+09:00,698.0,698.0,696.0,698.0,2300,0.0,0.0
2023-03-02 09:00:00+09:00,700.0,702.0,700.0,700.0,1500,0.0,0.0
2023-03-02 10:00:00+09:00,701.0,701.0,697.0,700.0,4200,0.0,0.0
2023-03-02 11:00:00+09:00,700.0,700.0,700.0,700.0,0,0.0,0.0
2023-03-02 12:00:00+09:00,700.0,700.0,700.0,700.0,6000,0.0,0.0
2023-03-02 13:00:00+09:00,701.0,701.0,699.0,700.0,800,0.0,0.0
2023-03-02 14:00:00+09:00,701.0,705.0,697.0,699.0,9200,0.0,0.0
2023-03-03 09:00:00+09:00,701.0,706.0,701.0,705.0,4800,0.0,0.0
2023-03-03 10:00:00+09:00,706.0,711.0,706.0,711.0,12900,0.0,0.0
2023-03-03 11:00:00+09:00,711.0,711.0,704.0,706.0,0,0.0,0.0
2023-03-03 12:00:00+09:00,705.0,705.0,699.0,699.0,21100,0.0,0.0
2023-03-03 13:00:00+09:00,700.0,701.0,699.0,701.0,2800,0.0,0.0
2023-03-03 14:00:00+09:00,701.0,707.0,701.0,706.0,10100,0.0,0.0
2023-03-06 09:00:00+09:00,712.0,717.0,711.0,712.0,11800,0.0,0.0
2023-03-06 10:00:00+09:00,713.0,714.0,713.0,714.0,600,0.0,0.0
2023-03-06 11:00:00+09:00,713.0,714.0,710.0,712.0,0,0.0,0.0
2023-03-06 12:00:00+09:00,710.0,710.0,708.0,709.0,19800,0.0,0.0
2023-03-06 13:00:00+09:00,710.0,710.0,705.0,705.0,4100,0.0,0.0
2023-03-06 14:00:00+09:00,704.0,707.0,703.0,706.0,6000,0.0,0.0
2023-03-07 09:00:00+09:00,706.0,709.0,705.0,707.0,6900,0.0,0.0
2023-03-07 10:00:00+09:00,709.0,711.0,705.0,705.0,4800,0.0,0.0
2023-03-07 11:00:00+09:00,707.0,709.0,707.0,709.0,0,0.0,0.0
2023-03-07 12:00:00+09:00,709.0,709.0,708.0,709.0,16200,0.0,0.0
2023-03-07 13:00:00+09:00,709.0,710.0,708.0,709.0,2500,0.0,0.0
2023-03-07 14:00:00+09:00,710.0,712.0,709.0,709.0,7200,0.0,0.0
2023-03-08 09:00:00+09:00,709.0,709.0,700.0,702.0,13500,0.0,0.0
2023-03-08 10:00:00+09:00,703.0,708.0,703.0,708.0,11200,0.0,0.0
2023-03-08 11:00:00+09:00,708.0,708.0,708.0,708.0,0,0.0,0.0
2023-03-08 12:00:00+09:00,707.0,709.0,707.0,709.0,32800,0.0,0.0
2023-03-08 13:00:00+09:00,709.0,709.0,707.0,707.0,6200,0.0,0.0
2023-03-08 14:00:00+09:00,708.0,713.0,708.0,713.0,12800,0.0,0.0
2023-03-09 09:00:00+09:00,715.0,723.0,715.0,721.0,0,0.0,0.0
2023-03-09 10:00:00+09:00,720.0,720.0,718.0,718.0,14000,0.0,0.0
2023-03-09 11:00:00+09:00,718.0,718.0,717.0,718.0,0,0.0,0.0
2023-03-09 12:00:00+09:00,718.0,718.0,718.0,718.0,16100,0.0,0.0
2023-03-09 13:00:00+09:00,718.0,718.0,716.0,718.0,5300,0.0,0.0
2023-03-09 14:00:00+09:00,717.0,719.0,717.0,719.0,4200,0.0,0.0
2023-03-10 09:00:00+09:00,714.0,718.0,709.0,713.0,46700,0.0,0.0
2023-03-10 10:00:00+09:00,713.0,714.0,711.0,711.0,3600,0.0,0.0
2023-03-10 11:00:00+09:00,710.0,710.0,710.0,710.0,0,0.0,0.0
2023-03-10 12:00:00+09:00,710.0,710.0,701.0,701.0,58500,0.0,0.0
2023-03-10 13:00:00+09:00,701.0,705.0,701.0,704.0,8200,0.0,0.0
2023-03-10 14:00:00+09:00,702.0,702.0,698.0,698.0,4100,0.0,0.0
2023-03-13 09:00:00+09:00,697.0,697.0,689.0,692.0,0,0.0,0.0
2023-03-13 10:00:00+09:00,692.0,692.0,689.0,689.0,3800,0.0,0.0
2023-03-13 11:00:00+09:00,691.0,691.0,691.0,691.0,0,0.0,0.0
2023-03-13 12:00:00+09:00,692.0,696.0,692.0,695.0,19900,0.0,0.0
2023-03-13 13:00:00+09:00,695.0,695.0,692.0,695.0,9000,0.0,0.0
2023-03-13 14:00:00+09:00,695.0,700.0,693.0,700.0,9800,0.0,0.0
2023-03-14 09:00:00+09:00,686.0,693.0,682.0,684.0,19800,0.0,0.0
2023-03-14 10:00:00+09:00,684.0,690.0,684.0,690.0,9700,0.0,0.0
2023-03-14 11:00:00+09:00,690.0,692.0,689.0,691.0,0,0.0,0.0
2023-03-14 12:00:00+09:00,689.0,692.0,689.0,689.0,34900,0.0,0.0
2023-03-14 13:00:00+09:00,688.0,689.0,687.0,687.0,1100,0.0,0.0
2023-03-14 14:00:00+09:00,687.0,690.0,685.0,688.0,14700,0.0,0.0
2023-03-15 09:00:00+09:00,685.0,701.0,685.0,694.0,10900,0.0,0.0
2023-03-15 10:00:00+09:00,694.0,701.0,690.0,699.0,19500,0.0,0.0
2023-03-15 11:00:00+09:00,699.0,699.0,698.0,698.0,0,0.0,0.0
2023-03-15 12:00:00+09:00,697.0,700.0,697.0,697.0,34600,0.0,0.0
2023-03-15 13:00:00+09:00,697.0,698.0,693.0,697.0,5500,0.0,0.0
2023-03-15 14:00:00+09:00,697.0,699.0,695.0,698.0,13900,0.0,0.0
2023-03-16 09:00:00+09:00,690.0,695.0,685.0,695.0,11500,0.0,0.0
2023-03-16 10:00:00+09:00,694.0,697.0,693.0,694.0,3100,0.0,0.0
2023-03-16 11:00:00+09:00,694.0,696.0,694.0,696.0,0,0.0,0.0
2023-03-16 12:00:00+09:00,695.0,696.0,694.0,694.0,17100,0.0,0.0
2023-03-16 13:00:00+09:00,695.0,696.0,694.0,696.0,3100,0.0,0.0
2023-03-16 14:00:00+09:00,695.0,699.0,694.0,699.0,10000,0.0,0.0
2023-03-17 09:00:00+09:00,694.0,703.0,694.0,696.0,11400,0.0,0.0
2023-03-17 10:00:00+09:00,696.0,699.0,696.0,698.0,2900,0.0,0.0
2023-03-17 11:00:00+09:00,698.0,700.0,696.0,696.0,0,0.0,0.0
2023-03-17 12:00:00+09:00,695.0,696.0,695.0,696.0,20900,0.0,0.0
2023-03-17 13:00:00+09:00,696.0,700.0,696.0,698.0,0,0.0,0.0
2023-03-17 14:00:00+09:00,698.0,699.0,697.0,698.0,27700,0.0,0.0
2023-03-20 09:00:00+09:00,696.0,701.0,694.0,694.0,4200,0.0,0.0
2023-03-20 10:00:00+09:00,692.0,697.0,691.0,695.0,6000,0.0,0.0
2023-03-20 11:00:00+09:00,695.0,695.0,695.0,695.0,0,0.0,0.0
2023-03-20 12:00:00+09:00,691.0,697.0,691.0,694.0,17700,0.0,0.0
2023-03-20 13:00:00+09:00,693.0,694.0,691.0,691.0,2200,0.0,0.0
2023-03-20 14:00:00+09:00,691.0,694.0,689.0,689.0,4600,0.0,0.0
2023-03-22 09:00:00+09:00,701.0,705.0,695.0,702.0,0,0.0,0.0
2023-03-22 10:00:00+09:00,701.0,703.0,700.0,703.0,4900,0.0,0.0
2023-03-22 11:00:00+09:00,702.0,702.0,701.0,701.0,0,0.0,0.0
2023-03-22 12:00:00+09:00,700.0,700.0,698.0,700.0,22900,0.0,0.0
2023-03-22 13:00:00+09:00,699.0,702.0,698.0,702.0,11200,0.0,0.0
2023-03-22 14:00:00+09:00,703.0,703.0,700.0,702.0,7600,0.0,0.0
2023-03-23 09:00:00+09:00,694.0,698.0,692.0,697.0,0,0.0,0.0
2023-03-23 10:00:00+09:00,696.0,698.0,696.0,696.0,7000,0.0,0.0
2023-03-23 11:00:00+09:00,696.0,696.0,696.0,696.0,0,0.0,0.0
2023-03-23 12:00:00+09:00,696.0,696.0,696.0,696.0,7200,0.0,0.0
2023-03-23 13:00:00+09:00,696.0,696.0,693.0,694.0,0,0.0,0.0
2023-03-23 14:00:00+09:00,693.0,698.0,693.0,696.0,21800,0.0,0.0
2023-03-24 09:00:00+09:00,692.0,699.0,687.0,695.0,6200,0.0,0.0
2023-03-24 10:00:00+09:00,694.0,699.0,692.0,698.0,0,0.0,0.0
2023-03-24 11:00:00+09:00,698.0,698.0,698.0,698.0,0,0.0,0.0
2023-03-24 12:00:00+09:00,698.0,700.0,697.0,699.0,17400,0.0,0.0
2023-03-24 13:00:00+09:00,697.0,697.0,695.0,695.0,1300,0.0,0.0
2023-03-24 14:00:00+09:00,695.0,701.0,695.0,700.0,7900,0.0,0.0
2023-03-27 09:00:00+09:00,706.0,706.0,696.0,697.0,14400,0.0,0.0
2023-03-27 10:00:00+09:00,697.0,699.0,697.0,699.0,1000,0.0,0.0
2023-03-27 11:00:00+09:00,698.0,699.0,698.0,699.0,0,0.0,0.0
2023-03-27 12:00:00+09:00,699.0,702.0,698.0,702.0,22900,0.0,0.0
2023-03-27 13:00:00+09:00,701.0,702.0,701.0,701.0,2500,0.0,0.0
2023-03-27 14:00:00+09:00,700.0,703.0,700.0,701.0,8900,0.0,0.0
2023-03-28 09:00:00+09:00,708.0,708.0,697.0,699.0,13900,0.0,0.0
2023-03-28 10:00:00+09:00,700.0,701.0,699.0,701.0,6200,0.0,0.0
2023-03-28 11:00:00+09:00,700.0,700.0,700.0,700.0,0,0.0,0.0
2023-03-28 12:00:00+09:00,696.0,700.0,694.0,699.0,31400,0.0,0.0
2023-03-28 13:00:00+09:00,699.0,701.0,697.0,699.0,9700,0.0,0.0
2023-03-28 14:00:00+09:00,701.0,701.0,696.0,697.0,3700,0.0,0.0
2023-03-29 09:00:00+09:00,703.0,703.0,701.0,702.0,5900,0.0,0.0
2023-03-29 10:00:00+09:00,702.0,702.0,699.0,699.0,4100,0.0,0.0
2023-03-29 11:00:00+09:00,700.0,700.0,698.0,698.0,0,0.0,0.0
2023-03-29 12:00:00+09:00,700.0,700.0,698.0,698.0,13000,0.0,0.0
2023-03-29 13:00:00+09:00,698.0,699.0,697.0,699.0,2500,0.0,0.0
2023-03-29 14:00:00+09:00,700.0,703.0,700.0,703.0,9500,0.0,0.0
2023-03-30 09:00:00+09:00,698.0,698.0,688.0,689.0,4800,0.0,0.0
2023-03-30 10:00:00+09:00,689.0,692.0,689.0,692.0,3100,0.0,0.0
2023-03-30 11:00:00+09:00,692.0,692.0,690.0,690.0,0,0.0,0.0
2023-03-30 12:00:00+09:00,690.0,690.0,687.0,690.0,12700,0.0,0.0
2023-03-30 13:00:00+09:00,690.0,691.0,690.0,690.0,1300,0.0,0.0
2023-03-30 14:00:00+09:00,690.0,695.0,687.0,689.0,10500,0.0,0.0
2023-03-31 09:00:00+09:00,690.0,691.0,685.0,691.0,15200,0.0,0.0
2023-03-31 10:00:00+09:00,691.0,691.0,690.0,691.0,1300,0.0,0.0
2023-03-31 11:00:00+09:00,690.0,691.0,689.0,691.0,0,0.0,0.0
2023-03-31 12:00:00+09:00,689.0,691.0,688.0,691.0,18900,0.0,0.0
2023-03-31 13:00:00+09:00,690.0,692.0,690.0,691.0,300,0.0,0.0
2023-03-31 14:00:00+09:00,690.0,692.0,687.0,691.0,6000,0.0,0.0
2023-04-03 09:00:00+09:00,695.0,705.0,695.0,705.0,16800,0.0,0.0
2023-04-03 10:00:00+09:00,705.0,705.0,700.0,701.0,2400,0.0,0.0
2023-04-03 11:00:00+09:00,700.0,701.0,700.0,701.0,0,0.0,0.0
2023-04-03 12:00:00+09:00,699.0,701.0,699.0,701.0,21300,0.0,0.0
2023-04-03 13:00:00+09:00,701.0,702.0,701.0,702.0,1000,0.0,0.0
2023-04-03 14:00:00+09:00,703.0,706.0,702.0,705.0,7200,0.0,0.0
2023-04-04 09:00:00+09:00,701.0,704.0,696.0,699.0,9100,0.0,0.0
2023-04-04 10:00:00+09:00,700.0,703.0,700.0,702.0,6400,0.0,0.0
2023-04-04 11:00:00+09:00,702.0,705.0,702.0,705.0,0,0.0,0.0
2023-04-04 12:00:00+09:00,705.0,707.0,705.0,706.0,27000,0.0,0.0
2023-04-04 13:00:00+09:00,706.0,706.0,702.0,702.0,2700,0.0,0.0
2023-04-04 14:00:00+09:00,701.0,702.0,698.0,702.0,7700,0.0,0.0
2023-04-05 09:00:00+09:00,699.0,701.0,696.0,700.0,5500,0.0,0.0
2023-04-05 10:00:00+09:00,700.0,701.0,697.0,697.0,2700,0.0,0.0
2023-04-05 11:00:00+09:00,697.0,700.0,697.0,700.0,0,0.0,0.0
2023-04-05 12:00:00+09:00,697.0,700.0,697.0,698.0,11100,0.0,0.0
2023-04-05 13:00:00+09:00,697.0,698.0,695.0,695.0,1300,0.0,0.0
2023-04-05 14:00:00+09:00,694.0,699.0,690.0,696.0,15600,0.0,0.0
2023-04-06 09:00:00+09:00,687.0,691.0,682.0,691.0,0,0.0,0.0
2023-04-06 10:00:00+09:00,690.0,696.0,689.0,693.0,15600,0.0,0.0
2023-04-06 11:00:00+09:00,693.0,693.0,692.0,692.0,0,0.0,0.0
2023-04-06 12:00:00+09:00,692.0,693.0,689.0,692.0,23700,0.0,0.0
2023-04-06 13:00:00+09:00,692.0,692.0,690.0,690.0,2000,0.0,0.0
2023-04-06 14:00:00+09:00,690.0,692.0,690.0,691.0,5600,0.0,0.0
2023-04-07 09:00:00+09:00,692.0,699.0,692.0,699.0,5200,0.0,0.0
2023-04-07 10:00:00+09:00,698.0,702.0,697.0,698.0,7600,0.0,0.0
2023-04-07 11:00:00+09:00,697.0,697.0,697.0,697.0,0,0.0,0.0
2023-04-07 12:00:00+09:00,694.0,697.0,694.0,697.0,14400,0.0,0.0
2023-04-07 13:00:00+09:00,697.0,700.0,697.0,699.0,3900,0.0,0.0
2023-04-07 14:00:00+09:00,700.0,701.0,700.0,701.0,1800,0.0,0.0
2023-04-10 09:00:00+09:00,698.0,698.0,691.0,696.0,0,0.0,0.0
2023-04-10 10:00:00+09:00,696.0,696.0,694.0,695.0,900,0.0,0.0
2023-04-10 11:00:00+09:00,695.0,695.0,694.0,694.0,0,0.0,0.0
2023-04-10 12:00:00+09:00,691.0,695.0,691.0,693.0,10100,0.0,0.0
2023-04-10 13:00:00+09:00,693.0,695.0,691.0,695.0,4700,0.0,0.0
2023-04-10 14:00:00+09:00,694.0,695.0,693.0,695.0,2900,0.0,0.0
2023-04-11 09:00:00+09:00,699.0,702.0,697.0,698.0,12000,0.0,0.0
2023-04-11 10:00:00+09:00,698.0,701.0,698.0,701.0,5300,0.0,0.0
2023-04-11 11:00:00+09:00,702.0,703.0,699.0,699.0,0,0.0,0.0
2023-04-11 12:00:00+09:00,698.0,699.0,695.0,698.0,27900,0.0,0.0
2023-04-11 13:00:00+09:00,697.0,698.0,697.0,697.0,700,0.0,0.0
2023-04-11 14:00:00+09:00,697.0,699.0,697.0,699.0,4000,0.0,0.0
2023-04-12 09:00:00+09:00,700.0,708.0,700.0,703.0,10900,0.0,0.0
2023-04-12 10:00:00+09:00,703.0,703.0,699.0,702.0,0,0.0,0.0
2023-04-12 11:00:00+09:00,702.0,703.0,702.0,702.0,0,0.0,0.0
2023-04-12 12:00:00+09:00,704.0,704.0,701.0,701.0,16900,0.0,0.0
2023-04-12 13:00:00+09:00,700.0,702.0,700.0,702.0,1900,0.0,0.0
2023-04-12 14:00:00+09:00,701.0,703.0,698.0,702.0,19900,0.0,0.0
2023-04-13 09:00:00+09:00,703.0,709.0,699.0,706.0,13800,0.0,0.0
2023-04-13 10:00:00+09:00,706.0,706.0,704.0,704.0,3800,0.0,0.0
2023-04-13 11:00:00+09:00,703.0,703.0,703.0,703.0,0,0.0,0.0
2023-04-13 12:00:00+09:00,705.0,706.0,703.0,704.0,21300,0.0,0.0
2023-04-13 13:00:00+09:00,703.0,703.0,703.0,703.0,600,0.0,0.0
2023-04-13 14:00:00+09:00,703.0,703.0,701.0,702.0,7100,0.0,0.0
2023-04-14 09:00:00+09:00,704.0,709.0,704.0,709.0,11600,0.0,0.0
2023-04-14 10:00:00+09:00,708.0,709.0,708.0,708.0,3400,0.0,0.0
2023-04-14 11:00:00+09:00,708.0,708.0,706.0,706.0,0,0.0,0.0
2023-04-14 12:00:00+09:00,705.0,706.0,705.0,706.0,19500,0.0,0.0
2023-04-14 13:00:00+09:00,706.0,706.0,705.0,705.0,500,0.0,0.0
2023-04-14 14:00:00+09:00,705.0,708.0,705.0,705.0,14700,0.0,0.0
2023-04-17 09:00:00+09:00,703.0,705.0,700.0,703.0,4800,0.0,0.0
2023-04-17 10:00:00+09:00,703.0,704.0,703.0,703.0,600,0.0,0.0
2023-04-17 11:00:00+09:00,703.0,703.0,703.0,703.0,0,0.0,0.0
2023-04-17 12:00:00+09:00,702.0,702.0,700.0,701.0,7800,0.0,0.0
2023-04-17 13:00:00+09:00,701.0,701.0,700.0,700.0,400,0.0,0.0
2023-04-17 14:00:00+09:00,701.0,701.0,701.0,701.0,800,0.0,0.0
2023-04-18 09:00:00+09:00,705.0,709.0,705.0,709.0,9000,0.0,0.0
2023-04-18 10:00:00+09:00,708.0,709.0,708.0,708.0,4100,0.0,0.0
2023-04-18 11:00:00+09:00,708.0,708.0,708.0,708.0,0,0.0,0.0
2023-04-18 12:00:00+09:00,708.0,708.0,706.0,706.0,14800,0.0,0.0
2023-04-18 13:00:00+09:00,706.0,707.0,705.0,705.0,2600,0.0,0.0
2023-04-18 14:00:00+09:00,705.0,706.0,705.0,706.0,1000,0.0,0.0
2023-04-19 09:00:00+09:00,707.0,710.0,706.0,710.0,4700,0.0,0.0
2023-04-19 10:00:00+09:00,709.0,712.0,709.0,710.0,8800,0.0,0.0
2023-04-19 11:00:00+09:00,709.0,709.0,707.0,707.0,0,0.0,0.0
2023-04-19 12:00:00+09:00,706.0,710.0,706.0,710.0,17700,0.0,0.0
2023-04-19 13:00:00+09:00,710.0,710.0,710.0,710.0,300,0.0,0.0
2023-04-19 14:00:00+09:00,710.0,711.0,707.0,709.0,9700,0.0,0.0
2023-04-20 09:00:00+09:00,706.0,708.0,706.0,707.0,3500,0.0,0.0
2023-04-20 11:00:00+09:00,707.0,707.0,707.0,707.0,0,0.0,0.0
2023-04-20 12:00:00+09:00,708.0,708.0,705.0,705.0,6200,0.0,0.0
2023-04-20 13:00:00+09:00,707.0,707.0,707.0,707.0,200,0.0,0.0
2023-04-20 14:00:00+09:00,707.0,707.0,705.0,705.0,1400,0.0,0.0
2023-04-21 09:00:00+09:00,700.0,703.0,699.0,703.0,16900,0.0,0.0
2023-04-21 10:00:00+09:00,703.0,704.0,703.0,703.0,1500,0.0,0.0
2023-04-21 11:00:00+09:00,703.0,703.0,703.0,703.0,0,0.0,0.0
2023-04-21 12:00:00+09:00,703.0,703.0,700.0,700.0,19800,0.0,0.0
2023-04-21 13:00:00+09:00,700.0,700.0,698.0,698.0,2800,0.0,0.0
2023-04-21 14:00:00+09:00,699.0,701.0,699.0,699.0,2400,0.0,0.0
2023-04-24 09:00:00+09:00,701.0,702.0,697.0,700.0,9200,0.0,0.0
2023-04-24 10:00:00+09:00,701.0,701.0,700.0,701.0,2400,0.0,0.0
2023-04-24 11:00:00+09:00,700.0,704.0,700.0,703.0,0,0.0,0.0
2023-04-24 12:00:00+09:00,704.0,704.0,700.0,700.0,19600,0.0,0.0
2023-04-24 13:00:00+09:00,700.0,701.0,700.0,700.0,1100,0.0,0.0
2023-04-24 14:00:00+09:00,700.0,701.0,699.0,699.0,1100,0.0,0.0
2023-04-25 09:00:00+09:00,708.0,718.0,704.0,709.0,33700,0.0,0.0
2023-04-25 10:00:00+09:00,709.0,713.0,708.0,712.0,6500,0.0,0.0
2023-04-25 11:00:00+09:00,712.0,712.0,709.0,709.0,0,0.0,0.0
2023-04-25 12:00:00+09:00,709.0,709.0,709.0,709.0,43200,0.0,0.0
2023-04-25 13:00:00+09:00,709.0,710.0,707.0,708.0,4500,0.0,0.0
2023-04-25 14:00:00+09:00,708.0,708.0,707.0,708.0,4800,0.0,0.0
2023-04-26 09:00:00+09:00,703.0,703.0,698.0,701.0,7600,0.0,0.0
2023-04-26 10:00:00+09:00,700.0,703.0,699.0,699.0,5900,0.0,0.0
2023-04-26 11:00:00+09:00,699.0,699.0,699.0,699.0,0,0.0,0.0
2023-04-26 12:00:00+09:00,698.0,699.0,697.0,697.0,19800,0.0,0.0
2023-04-26 13:00:00+09:00,697.0,700.0,694.0,700.0,14700,0.0,0.0
2023-04-26 14:00:00+09:00,700.0,701.0,696.0,699.0,14300,0.0,0.0
2023-04-27 09:00:00+09:00,703.0,704.0,691.0,699.0,29500,0.0,0.0
2023-04-27 10:00:00+09:00,699.0,702.0,699.0,702.0,6300,0.0,0.0
2023-04-27 11:00:00+09:00,701.0,701.0,701.0,701.0,0,0.0,0.0
2023-04-27 12:00:00+09:00,699.0,701.0,699.0,700.0,39400,0.0,0.0
2023-04-27 13:00:00+09:00,700.0,701.0,699.0,699.0,5400,0.0,0.0
2023-04-27 14:00:00+09:00,699.0,699.0,695.0,696.0,15600,0.0,0.0
2023-04-28 09:00:00+09:00,701.0,705.0,698.0,700.0,17600,0.0,0.0
2023-04-28 10:00:00+09:00,700.0,706.0,699.0,701.0,18700,0.0,0.0
2023-04-28 11:00:00+09:00,701.0,704.0,701.0,702.0,0,0.0,0.0
2023-04-28 12:00:00+09:00,691.0,699.0,691.0,698.0,0,0.0,0.0
2023-04-28 13:00:00+09:00,698.0,702.0,698.0,701.0,47600,0.0,0.0
2023-04-28 14:00:00+09:00,700.0,703.0,697.0,699.0,10400,0.0,0.0
2023-05-01 09:00:00+09:00,701.0,719.0,701.0,718.0,27700,0.0,0.0
2023-05-01 10:00:00+09:00,718.0,722.0,714.0,714.0,13600,0.0,0.0
2023-05-01 11:00:00+09:00,714.0,715.0,713.0,715.0,0,0.0,0.0
2023-05-01 12:00:00+09:00,715.0,717.0,715.0,717.0,49600,0.0,0.0
2023-05-01 13:00:00+09:00,717.0,724.0,717.0,718.0,23600,0.0,0.0
2023-05-01 14:00:00+09:00,717.0,719.0,717.0,719.0,3600,0.0,0.0
2023-05-02 09:00:00+09:00,717.0,724.0,717.0,719.0,13400,0.0,0.0
2023-05-02 10:00:00+09:00,719.0,730.0,719.0,728.0,22200,0.0,0.0
2023-05-02 11:00:00+09:00,728.0,729.0,728.0,729.0,0,0.0,0.0
2023-05-02 12:00:00+09:00,725.0,731.0,725.0,730.0,47700,0.0,0.0
2023-05-02 13:00:00+09:00,731.0,742.0,729.0,742.0,31000,0.0,0.0
2023-05-02 14:00:00+09:00,742.0,744.0,740.0,741.0,9300,0.0,0.0
2023-05-08 09:00:00+09:00,740.0,745.0,738.0,740.0,23800,0.0,0.0
2023-05-08 10:00:00+09:00,741.0,742.0,740.0,740.0,3800,0.0,0.0
2023-05-08 11:00:00+09:00,739.0,739.0,739.0,739.0,0,0.0,0.0
2023-05-08 12:00:00+09:00,738.0,738.0,737.0,738.0,30100,0.0,0.0
2023-05-08 13:00:00+09:00,738.0,741.0,738.0,741.0,11700,0.0,0.0
2023-05-08 14:00:00+09:00,741.0,741.0,737.0,738.0,5900,0.0,0.0
2023-05-09 09:00:00+09:00,740.0,753.0,740.0,751.0,0,0.0,0.0
2023-05-09 10:00:00+09:00,751.0,754.0,751.0,754.0,20500,0.0,0.0
2023-05-09 11:00:00+09:00,755.0,758.0,755.0,757.0,0,0.0,0.0
2023-05-09 12:00:00+09:00,757.0,759.0,756.0,759.0,29900,0.0,0.0
2023-05-09 13:00:00+09:00,759.0,764.0,759.0,760.0,12600,0.0,0.0
2023-05-09 14:00:00+09:00,761.0,763.0,758.0,760.0,5800,0.0,0.0
2023-05-10 09:00:00+09:00,759.0,759.0,740.0,746.0,16100,0.0,0.0
2023-05-10 10:00:00+09:00,746.0,747.0,739.0,739.0,2500,0.0,0.0
2023-05-10 11:00:00+09:00,738.0,744.0,738.0,741.0,0,0.0,0.0
2023-05-10 12:00:00+09:00,744.0,744.0,741.0,743.0,24900,0.0,0.0
2023-05-10 13:00:00+09:00,743.0,745.0,742.0,744.0,6800,0.0,0.0
2023-05-10 14:00:00+09:00,744.0,751.0,742.0,748.0,17300,0.0,0.0
2023-05-11 09:00:00+09:00,740.0,746.0,740.0,743.0,1500,0.0,0.0
2023-05-11 10:00:00+09:00,744.0,747.0,740.0,746.0,6800,0.0,0.0
2023-05-11 11:00:00+09:00,745.0,745.0,744.0,744.0,0,0.0,0.0
2023-05-11 12:00:00+09:00,750.0,750.0,745.0,748.0,11300,0.0,0.0
2023-05-11 13:00:00+09:00,748.0,748.0,745.0,745.0,800,0.0,0.0
2023-05-11 14:00:00+09:00,746.0,748.0,744.0,746.0,2500,0.0,0.0
2023-05-12 09:00:00+09:00,753.0,755.0,742.0,742.0,3200,0.0,0.0
2023-05-12 10:00:00+09:00,744.0,748.0,744.0,745.0,6500,0.0,0.0
2023-05-12 11:00:00+09:00,744.0,744.0,740.0,743.0,0,0.0,0.0
2023-05-12 12:00:00+09:00,740.0,743.0,740.0,742.0,15400,0.0,0.0
2023-05-12 13:00:00+09:00,741.0,743.0,740.0,743.0,5200,0.0,0.0
2023-05-12 14:00:00+09:00,743.0,743.0,740.0,740.0,11100,0.0,0.0
2023-05-15 09:00:00+09:00,739.0,747.0,726.0,740.0,41000,0.0,0.0
2023-05-15 10:00:00+09:00,739.0,739.0,739.0,739.0,100,0.0,0.0
2023-05-15 11:00:00+09:00,739.0,739.0,739.0,739.0,0,0.0,0.0
2023-05-15 12:00:00+09:00,740.0,741.0,740.0,741.0,42500,0.0,0.0
2023-05-15 13:00:00+09:00,741.0,741.0,738.0,741.0,2800,0.0,0.0
2023-05-15 14:00:00+09:00,740.0,740.0,737.0,740.0,3600,0.0,0.0
2023-05-16 09:00:00+09:00,748.0,748.0,743.0,744.0,2300,0.0,0.0
2023-05-16 10:00:00+09:00,744.0,749.0,743.0,749.0,3900,0.0,0.0
2023-05-16 11:00:00+09:00,748.0,748.0,746.0,747.0,0,0.0,0.0
2023-05-16 12:00:00+09:00,751.0,751.0,749.0,749.0,8900,0.0,0.0
2023-05-16 13:00:00+09:00,749.0,749.0,744.0,744.0,8800,0.0,0.0
2023-05-16 14:00:00+09:00,744.0,747.0,743.0,746.0,10300,0.0,0.0
2023-05-17 09:00:00+09:00,738.0,744.0,733.0,743.0,5100,0.0,0.0
2023-05-17 10:00:00+09:00,745.0,750.0,745.0,749.0,4900,0.0,0.0
2023-05-17 11:00:00+09:00,749.0,749.0,746.0,746.0,0,0.0,0.0
2023-05-17 12:00:00+09:00,751.0,751.0,748.0,748.0,12300,0.0,0.0
2023-05-17 13:00:00+09:00,748.0,750.0,748.0,750.0,1300,0.0,0.0
2023-05-17 14:00:00+09:00,752.0,755.0,750.0,753.0,9100,0.0,0.0
2023-05-18 09:00:00+09:00,753.0,753.0,745.0,745.0,0,0.0,0.0
2023-05-18 10:00:00+09:00,744.0,746.0,743.0,744.0,10500,0.0,0.0
2023-05-18 11:00:00+09:00,744.0,744.0,743.0,743.0,0,0.0,0.0
2023-05-18 12:00:00+09:00,743.0,747.0,743.0,747.0,13200,0.0,0.0
2023-05-18 13:00:00+09:00,747.0,748.0,743.0,748.0,5000,0.0,0.0
2023-05-18 14:00:00+09:00,748.0,748.0,744.0,748.0,9600,0.0,0.0
2023-05-19 09:00:00+09:00,749.0,749.0,746.0,746.0,300,0.0,0.0
2023-05-19 10:00:00+09:00,745.0,745.0,744.0,744.0,700,0.0,0.0
2023-05-19 11:00:00+09:00,745.0,747.0,745.0,745.0,0,0.0,0.0
2023-05-19 12:00:00+09:00,749.0,749.0,742.0,742.0,5300,0.0,0.0
2023-05-19 13:00:00+09:00,741.0,746.0,740.0,745.0,3200,0.0,0.0
2023-05-19 14:00:00+09:00,743.0,743.0,741.0,742.0,2600,0.0,0.0
2023-05-22 09:00:00+09:00,742.0,751.0,738.0,751.0,0,0.0,0.0
2023-05-22 10:00:00+09:00,749.0,749.0,748.0,748.0,800,0.0,0.0
2023-05-22 11:00:00+09:00,749.0,749.0,747.0,747.0,0,0.0,0.0
2023-05-22 12:00:00+09:00,747.0,748.0,745.0,747.0,7300,0.0,0.0
2023-05-22 13:00:00+09:00,746.0,752.0,746.0,751.0,6100,0.0,0.0
2023-05-22 14:00:00+09:00,751.0,751.0,747.0,749.0,11500,0.0,0.0
2023-05-23 09:00:00+09:00,755.0,756.0,743.0,748.0,7000,0.0,0.0
2023-05-23 10:00:00+09:00,749.0,750.0,748.0,748.0,3100,0.0,0.0
2023-05-23 11:00:00+09:00,747.0,747.0,745.0,745.0,0,0.0,0.0
2023-05-23 12:00:00+09:00,744.0,745.0,740.0,744.0,16900,0.0,0.0
2023-05-23 13:00:00+09:00,742.0,743.0,740.0,743.0,4300,0.0,0.0
2023-05-23 14:00:00+09:00,743.0,746.0,741.0,745.0,15200,0.0,0.0
2023-05-24 09:00:00+09:00,746.0,760.0,746.0,757.0,12300,0.0,0.0
2023-05-24 10:00:00+09:00,756.0,757.0,754.0,755.0,2900,0.0,0.0
2023-05-24 11:00:00+09:00,756.0,758.0,755.0,756.0,0,0.0,0.0
2023-05-24 12:00:00+09:00,756.0,758.0,754.0,757.0,20200,0.0,0.0
2023-05-24 13:00:00+09:00,756.0,760.0,755.0,758.0,4600,0.0,0.0
2023-05-24 14:00:00+09:00,759.0,762.0,758.0,760.0,10400,0.0,0.0
2023-05-25 09:00:00+09:00,759.0,764.0,752.0,762.0,15400,0.0,0.0
2023-05-25 10:00:00+09:00,762.0,764.0,759.0,759.0,4100,0.0,0.0
2023-05-25 11:00:00+09:00,758.0,761.0,758.0,759.0,0,0.0,0.0
2023-05-25 12:00:00+09:00,759.0,759.0,756.0,758.0,23300,0.0,0.0
2023-05-25 13:00:00+09:00,759.0,762.0,758.0,762.0,7200,0.0,0.0
2023-05-25 14:00:00+09:00,762.0,763.0,760.0,762.0,6400,0.0,0.0
2023-05-26 09:00:00+09:00,758.0,758.0,739.0,747.0,19500,0.0,0.0
2023-05-26 10:00:00+09:00,746.0,748.0,744.0,744.0,7700,0.0,0.0
2023-05-26 11:00:00+09:00,743.0,744.0,743.0,744.0,0,0.0,0.0
2023-05-26 12:00:00+09:00,745.0,751.0,743.0,750.0,34500,0.0,0.0
2023-05-26 13:00:00+09:00,749.0,749.0,746.0,746.0,1200,0.0,0.0
2023-05-26 14:00:00+09:00,747.0,747.0,741.0,743.0,13700,0.0,0.0
2023-05-29 09:00:00+09:00,755.0,755.0,747.0,747.0,4300,0.0,0.0
2023-05-29 10:00:00+09:00,748.0,753.0,748.0,751.0,3900,0.0,0.0
2023-05-29 11:00:00+09:00,751.0,752.0,751.0,752.0,0,0.0,0.0
2023-05-29 12:00:00+09:00,747.0,749.0,747.0,748.0,9700,0.0,0.0
2023-05-29 13:00:00+09:00,749.0,751.0,748.0,750.0,2300,0.0,0.0
2023-05-29 14:00:00+09:00,750.0,751.0,746.0,747.0,3700,0.0,0.0
2023-05-30 09:00:00+09:00,741.0,749.0,741.0,745.0,5600,0.0,0.0
2023-05-30 10:00:00+09:00,744.0,748.0,744.0,746.0,10300,0.0,0.0
2023-05-30 11:00:00+09:00,745.0,745.0,745.0,745.0,0,0.0,0.0
2023-05-30 12:00:00+09:00,741.0,746.0,741.0,745.0,19600,0.0,0.0
2023-05-30 13:00:00+09:00,745.0,745.0,744.0,744.0,2200,0.0,0.0
2023-05-30 14:00:00+09:00,745.0,747.0,743.0,744.0,5400,0.0,0.0
2023-05-31 09:00:00+09:00,738.0,738.0,724.0,725.0,9600,0.0,0.0
2023-05-31 10:00:00+09:00,725.0,729.0,724.0,724.0,10300,0.0,0.0
2023-05-31 11:00:00+09:00,724.0,724.0,719.0,719.0,0,0.0,0.0
2023-05-31 12:00:00+09:00,722.0,736.0,720.0,735.0,42500,0.0,0.0
2023-05-31 13:00:00+09:00,732.0,744.0,732.0,742.0,16100,0.0,0.0
2023-05-31 14:00:00+09:00,741.0,745.0,740.0,743.0,16300,0.0,0.0
2023-06-01 09:00:00+09:00,735.0,739.0,733.0,737.0,17500,0.0,0.0
2023-06-01 10:00:00+09:00,736.0,736.0,729.0,731.0,0,0.0,0.0
2023-06-01 11:00:00+09:00,733.0,733.0,730.0,731.0,0,0.0,0.0
2023-06-01 12:00:00+09:00,731.0,735.0,731.0,732.0,30100,0.0,0.0
2023-06-01 13:00:00+09:00,732.0,734.0,730.0,730.0,2900,0.0,0.0
2023-06-01 14:00:00+09:00,730.0,730.0,726.0,726.0,8600,0.0,0.0
2023-06-02 09:00:00+09:00,728.0,733.0,728.0,731.0,7200,0.0,0.0
2023-06-02 10:00:00+09:00,731.0,733.0,731.0,732.0,0,0.0,0.0
2023-06-02 11:00:00+09:00,731.0,731.0,731.0,731.0,0,0.0,0.0
2023-06-02 12:00:00+09:00,730.0,733.0,730.0,732.0,11200,0.0,0.0
2023-06-02 13:00:00+09:00,732.0,733.0,730.0,733.0,3800,0.0,0.0
2023-06-02 14:00:00+09:00,732.0,739.0,732.0,739.0,4500,0.0,0.0
2023-06-05 09:00:00+09:00,747.0,753.0,746.0,751.0,3600,0.0,0.0
2023-06-05 10:00:00+09:00,751.0,755.0,751.0,753.0,12300,0.0,0.0
2023-06-05 11:00:00+09:00,754.0,754.0,752.0,753.0,0,0.0,0.0
2023-06-05 12:00:00+09:00,755.0,755.0,752.0,753.0,21000,0.0,0.0
2023-06-05 13:00:00+09:00,753.0,755.0,750.0,755.0,6600,0.0,0.0
2023-06-05 14:00:00+09:00,754.0,757.0,754.0,756.0,8400,0.0,0.0
2023-06-06 09:00:00+09:00,741.0,762.0,741.0,759.0,13600,0.0,0.0
2023-06-06 10:00:00+09:00,760.0,761.0,756.0,758.0,9100,0.0,0.0
2023-06-06 11:00:00+09:00,758.0,759.0,756.0,757.0,0,0.0,0.0
2023-06-06 12:00:00+09:00,757.0,759.0,756.0,759.0,28200,0.0,0.0
2023-06-06 13:00:00+09:00,759.0,760.0,757.0,760.0,5400,0.0,0.0
2023-06-06 14:00:00+09:00,761.0,762.0,761.0,761.0,3500,0.0,0.0
2023-06-07 09:00:00+09:00,766.0,781.0,766.0,775.0,41500,0.0,0.0
2023-06-07 10:00:00+09:00,774.0,778.0,770.0,777.0,4500,0.0,0.0
2023-06-07 11:00:00+09:00,776.0,777.0,774.0,774.0,0,0.0,0.0
2023-06-07 12:00:00+09:00,771.0,776.0,771.0,776.0,53500,0.0,0.0
2023-06-07 13:00:00+09:00,775.0,777.0,772.0,776.0,12600,0.0,0.0
2023-06-07 14:00:00+09:00,776.0,776.0,769.0,773.0,15400,0.0,0.0
2023-06-08 09:00:00+09:00,768.0,777.0,768.0,774.0,12600,0.0,0.0
2023-06-08 10:00:00+09:00,774.0,775.0,773.0,773.0,1900,0.0,0.0
2023-06-08 11:00:00+09:00,775.0,775.0,774.0,774.0,0,0.0,0.0
2023-06-08 12:00:00+09:00,769.0,774.0,769.0,773.0,16600,0.0,0.0
2023-06-08 13:00:00+09:00,773.0,774.0,771.0,771.0,2200,0.0,0.0
2023-06-08 14:00:00+09:00,770.0,774.0,770.0,772.0,4700,0.0,0.0
2023-06-09 09:00:00+09:00,784.0,796.0,784.0,789.0,15700,0.0,0.0
2023-06-09 10:00:00+09:00,790.0,792.0,786.0,786.0,3300,0.0,0.0
2023-06-09 11:00:00+09:00,788.0,788.0,786.0,787.0,0,0.0,0.0
2023-06-09 12:00:00+09:00,785.0,788.0,785.0,787.0,56300,0.0,0.0
2023-06-09 13:00:00+09:00,787.0,787.0,787.0,787.0,500,0.0,0.0
2023-06-09 14:00:00+09:00,788.0,788.0,786.0,787.0,4800,0.0,0.0
2023-06-12 09:00:00+09:00,795.0,803.0,793.0,802.0,13600,0.0,0.0
2023-06-12 10:00:00+09:00,803.0,805.0,803.0,805.0,1700,0.0,0.0
2023-06-12 11:00:00+09:00,803.0,803.0,800.0,800.0,0,0.0,0.0
2023-06-12 12:00:00+09:00,796.0,800.0,794.0,798.0,31000,0.0,0.0
2023-06-12 13:00:00+09:00,797.0,800.0,797.0,800.0,2900,0.0,0.0
2023-06-12 14:00:00+09:00,799.0,799.0,797.0,799.0,5400,0.0,0.0
2023-06-13 09:00:00+09:00,803.0,805.0,801.0,801.0,3300,0.0,0.0
2023-06-13 10:00:00+09:00,800.0,804.0,800.0,803.0,3500,0.0,0.0
2023-06-13 11:00:00+09:00,804.0,807.0,803.0,805.0,0,0.0,0.0
2023-06-13 12:00:00+09:00,805.0,808.0,805.0,807.0,13800,0.0,0.0
2023-06-13 13:00:00+09:00,806.0,806.0,802.0,802.0,3000,0.0,0.0
2023-06-13 14:00:00+09:00,803.0,806.0,801.0,802.0,8800,0.0,0.0
2023-06-14 09:00:00+09:00,809.0,809.0,799.0,803.0,6600,0.0,0.0
2023-06-14 10:00:00+09:00,803.0,806.0,801.0,803.0,6100,0.0,0.0
2023-06-14 11:00:00+09:00,803.0,803.0,801.0,803.0,0,0.0,0.0
2023-06-14 12:00:00+09:00,804.0,804.0,801.0,803.0,17600,0.0,0.0
2023-06-14 13:00:00+09:00,803.0,804.0,801.0,803.0,3000,0.0,0.0
2023-06-14 14:00:00+09:00,804.0,806.0,803.0,806.0,7900,0.0,0.0
2023-06-15 09:00:00+09:00,808.0,812.0,802.0,811.0,11300,0.0,0.0
2023-06-15 10:00:00+09:00,812.0,819.0,812.0,819.0,5900,0.0,0.0
2023-06-15 11:00:00+09:00,820.0,825.0,819.0,825.0,0,0.0,0.0
2023-06-15 12:00:00+09:00,825.0,829.0,823.0,829.0,29500,0.0,0.0
2023-06-15 13:00:00+09:00,830.0,834.0,830.0,833.0,6600,0.0,0.0
2023-06-15 14:00:00+09:00,832.0,832.0,829.0,831.0,7600,0.0,0.0
2023-06-16 09:00:00+09:00,828.0,833.0,825.0,831.0,11900,0.0,0.0
2023-06-16 10:00:00+09:00,832.0,835.0,831.0,835.0,5000,0.0,0.0
2023-06-16 11:00:00+09:00,834.0,835.0,833.0,833.0,0,0.0,0.0
2023-06-16 12:00:00+09:00,840.0,842.0,835.0,835.0,27500,0.0,0.0
2023-06-16 13:00:00+09:00,836.0,838.0,833.0,836.0,12700,0.0,0.0
2023-06-16 14:00:00+09:00,836.0,839.0,831.0,832.0,21000,0.0,0.0
2023-06-19 09:00:00+09:00,843.0,845.0,838.0,839.0,10400,0.0,0.0
2023-06-19 10:00:00+09:00,839.0,841.0,838.0,838.0,2900,0.0,0.0
2023-06-19 11:00:00+09:00,839.0,839.0,830.0,830.0,0,0.0,0.0
2023-06-19 12:00:00+09:00,830.0,830.0,823.0,824.0,24000,0.0,0.0
2023-06-19 13:00:00+09:00,821.0,825.0,819.0,822.0,5100,0.0,0.0
2023-06-19 14:00:00+09:00,821.0,830.0,821.0,829.0,12200,0.0,0.0
2023-06-20 09:00:00+09:00,827.0,827.0,806.0,809.0,22300,0.0,0.0
2023-06-20 10:00:00+09:00,810.0,816.0,809.0,812.0,7800,0.0,0.0
2023-06-20 11:00:00+09:00,813.0,817.0,812.0,814.0,0,0.0,0.0
2023-06-20 12:00:00+09:00,811.0,819.0,811.0,818.0,39500,0.0,0.0
2023-06-20 13:00:00+09:00,818.0,824.0,818.0,824.0,6100,0.0,0.0
2023-06-20 14:00:00+09:00,825.0,831.0,825.0,829.0,15900,0.0,0.0
2023-06-21 09:00:00+09:00,832.0,845.0,832.0,840.0,22600,0.0,0.0
2023-06-21 10:00:00+09:00,840.0,846.0,839.0,846.0,5700,0.0,0.0
2023-06-21 11:00:00+09:00,845.0,846.0,844.0,846.0,0,0.0,0.0
2023-06-21 12:00:00+09:00,846.0,846.0,833.0,833.0,37400,0.0,0.0
2023-06-21 13:00:00+09:00,832.0,835.0,831.0,834.0,5200,0.0,0.0
2023-06-21 14:00:00+09:00,835.0,836.0,828.0,828.0,14800,0.0,0.0
2023-06-22 09:00:00+09:00,831.0,834.0,818.0,818.0,9500,0.0,0.0
2023-06-22 10:00:00+09:00,818.0,819.0,812.0,813.0,8400,0.0,0.0
2023-06-22 11:00:00+09:00,812.0,812.0,809.0,810.0,0,0.0,0.0
2023-06-22 12:00:00+09:00,808.0,809.0,804.0,805.0,25300,0.0,0.0
2023-06-22 13:00:00+09:00,805.0,805.0,799.0,803.0,10600,0.0,0.0
2023-06-22 14:00:00+09:00,804.0,805.0,794.0,801.0,14500,0.0,0.0
2023-06-23 09:00:00+09:00,806.0,808.0,800.0,802.0,6100,0.0,0.0
2023-06-23 10:00:00+09:00,802.0,803.0,793.0,795.0,14600,0.0,0.0
2023-06-23 11:00:00+09:00,795.0,795.0,792.0,793.0,0,0.0,0.0
2023-06-23 12:00:00+09:00,794.0,802.0,794.0,801.0,27800,0.0,0.0
2023-06-23 13:00:00+09:00,800.0,801.0,799.0,800.0,2700,0.0,0.0
2023-06-23 14:00:00+09:00,800.0,802.0,797.0,802.0,6600,0.0,0.0
2023-06-26 09:00:00+09:00,801.0,802.0,790.0,800.0,15100,0.0,0.0
2023-06-26 10:00:00+09:00,800.0,800.0,796.0,799.0,4400,0.0,0.0
2023-06-26 11:00:00+09:00,797.0,797.0,796.0,796.0,0,0.0,0.0
2023-06-26 12:00:00+09:00,797.0,799.0,790.0,790.0,21100,0.0,0.0
2023-06-26 13:00:00+09:00,790.0,799.0,790.0,798.0,7600,0.0,0.0
2023-06-26 14:00:00+09:00,798.0,799.0,797.0,799.0,3900,0.0,0.0
2023-06-27 09:00:00+09:00,796.0,801.0,787.0,800.0,7800,0.0,0.0
2023-06-27 10:00:00+09:00,799.0,801.0,794.0,794.0,4100,0.0,0.0
2023-06-27 11:00:00+09:00,795.0,798.0,795.0,798.0,0,0.0,0.0
2023-06-27 12:00:00+09:00,798.0,798.0,795.0,795.0,14600,0.0,0.0
2023-06-27 13:00:00+09:00,796.0,798.0,795.0,798.0,1700,0.0,0.0
2023-06-27 14:00:00+09:00,798.0,799.0,796.0,797.0,3900,0.0,0.0
2023-06-28 09:00:00+09:00,797.0,805.0,795.0,805.0,4600,0.0,0.0
2023-06-28 10:00:00+09:00,803.0,803.0,799.0,803.0,3200,0.0,0.0
2023-06-28 11:00:00+09:00,802.0,805.0,801.0,805.0,0,0.0,0.0
2023-06-28 12:00:00+09:00,803.0,808.0,803.0,808.0,12600,0.0,0.0
2023-06-28 13:00:00+09:00,809.0,810.0,808.0,809.0,2200,0.0,0.0
2023-06-28 14:00:00+09:00,809.0,810.0,807.0,809.0,3500,0.0,0.0
2023-06-29 09:00:00+09:00,811.0,811.0,805.0,805.0,2300,0.0,0.0
2023-06-29 10:00:00+09:00,800.0,804.0,800.0,803.0,2200,0.0,0.0
2023-06-29 11:00:00+09:00,803.0,803.0,801.0,803.0,0,0.0,0.0
2023-06-29 12:00:00+09:00,800.0,803.0,800.0,803.0,6900,0.0,0.0
2023-06-29 13:00:00+09:00,803.0,803.0,800.0,801.0,2400,0.0,0.0
2023-06-29 14:00:00+09:00,802.0,803.0,798.0,801.0,4100,0.0,0.0
2023-06-30 09:00:00+09:00,787.0,800.0,787.0,800.0,3800,0.0,0.0
2023-06-30 10:00:00+09:00,796.0,799.0,794.0,796.0,3900,0.0,0.0
2023-06-30 11:00:00+09:00,795.0,795.0,794.0,794.0,0,0.0,0.0
2023-06-30 12:00:00+09:00,787.0,796.0,787.0,795.0,11200,0.0,0.0
2023-06-30 13:00:00+09:00,795.0,797.0,794.0,796.0,5500,0.0,0.0
2023-06-30 14:00:00+09:00,797.0,797.0,790.0,793.0,10400,0.0,0.0
2023-07-03 09:00:00+09:00,806.0,815.0,806.0,813.0,0,0.0,0.0
2023-07-03 10:00:00+09:00,815.0,815.0,810.0,810.0,1700,0.0,0.0
2023-07-03 11:00:00+09:00,809.0,809.0,809.0,809.0,0,0.0,0.0
2023-07-03 12:00:00+09:00,802.0,811.0,802.0,809.0,8000,0.0,0.0
2023-07-03 13:00:00+09:00,808.0,808.0,806.0,807.0,2200,0.0,0.0
2023-07-03 14:00:00+09:00,808.0,811.0,808.0,810.0,7800,0.0,0.0
2023-07-04 09:00:00+09:00,801.0,807.0,801.0,803.0,7300,0.0,0.0
2023-07-04 10:00:00+09:00,805.0,807.0,804.0,805.0,2000,0.0,0.0
2023-07-04 11:00:00+09:00,804.0,806.0,804.0,806.0,0,0.0,0.0
2023-07-04 12:00:00+09:00,802.0,807.0,802.0,807.0,12200,0.0,0.0
2023-07-04 13:00:00+09:00,807.0,809.0,806.0,809.0,2000,0.0,0.0
2023-07-04 14:00:00+09:00,809.0,810.0,806.0,807.0,6900,0.0,0.0
2023-07-05 09:00:00+09:00,798.0,812.0,798.0,809.0,4200,0.0,0.0
2023-07-05 10:00:00+09:00,810.0,814.0,808.0,808.0,5600,0.0,0.0
2023-07-05 11:00:00+09:00,807.0,809.0,805.0,809.0,0,0.0,0.0
2023-07-05 12:00:00+09:00,804.0,809.0,803.0,803.0,15200,0.0,0.0
2023-07-05 13:00:00+09:00,802.0,807.0,800.0,804.0,4900,0.0,0.0
2023-07-05 14:00:00+09:00,805.0,807.0,804.0,804.0,8800,0.0,0.0
2023-07-06 09:00:00+09:00,795.0,803.0,795.0,803.0,0,0.0,0.0
2023-07-06 10:00:00+09:00,803.0,811.0,803.0,807.0,3000,0.0,0.0
2023-07-06 11:00:00+09:00,807.0,808.0,806.0,808.0,0,0.0,0.0
2023-07-06 12:00:00+09:00,800.0,807.0,800.0,804.0,8700,0.0,0.0
2023-07-06 13:00:00+09:00,804.0,804.0,801.0,801.0,2900,0.0,0.0
2023-07-06 14:00:00+09:00,801.0,803.0,800.0,801.0,5200,0.0,0.0
2023-07-07 09:00:00+09:00,793.0,806.0,793.0,805.0,11500,0.0,0.0
2023-07-07 10:00:00+09:00,806.0,808.0,805.0,806.0,2500,0.0,0.0
2023-07-07 11:00:00+09:00,806.0,806.0,805.0,806.0,0,0.0,0.0
2023-07-07 12:00:00+09:00,804.0,806.0,804.0,806.0,0,0.0,0.0
2023-07-07 13:00:00+09:00,805.0,805.0,803.0,803.0,19500,0.0,0.0
2023-07-07 14:00:00+09:00,804.0,805.0,800.0,801.0,7000,0.0,0.0
2023-07-10 09:00:00+09:00,799.0,810.0,796.0,807.0,0,0.0,0.0
2023-07-10 10:00:00+09:00,806.0,808.0,803.0,803.0,3400,0.0,0.0
2023-07-10 11:00:00+09:00,806.0,808.0,805.0,807.0,0,0.0,0.0
2023-07-10 12:00:00+09:00,804.0,809.0,804.0,809.0,17300,0.0,0.0
2023-07-10 13:00:00+09:00,809.0,814.0,807.0,811.0,7200,0.0,0.0
2023-07-10 14:00:00+09:00,812.0,812.0,802.0,803.0,9500,0.0,0.0
2023-07-11 09:00:00+09:00,802.0,809.0,801.0,807.0,2300,0.0,0.0
2023-07-11 10:00:00+09:00,807.0,807.0,802.0,803.0,1400,0.0,0.0
2023-07-11 11:00:00+09:00,802.0,804.0,801.0,801.0,0,0.0,0.0
2023-07-11 12:00:00+09:00,800.0,802.0,799.0,800.0,8900,0.0,0.0
2023-07-11 13:00:00+09:00,799.0,799.0,798.0,799.0,1500,0.0,0.0
2023-07-11 14:00:00+09:00,798.0,801.0,797.0,799.0,10600,0.0,0.0
2023-07-12 09:00:00+09:00,803.0,803.0,794.0,800.0,4800,0.0,0.0
2023-07-12 10:00:00+09:00,799.0,800.0,798.0,798.0,1200,0.0,0.0
2023-07-12 11:00:00+09:00,797.0,799.0,797.0,799.0,0,0.0,0.0
2023-07-12 12:00:00+09:00,796.0,800.0,796.0,800.0,7400,0.0,0.0
2023-07-12 13:00:00+09:00,799.0,799.0,798.0,798.0,1100,0.0,0.0
2023-07-12 14:00:00+09:00,797.0,800.0,797.0,797.0,3200,0.0,0.0
2023-07-13 09:00:00+09:00,798.0,801.0,794.0,801.0,4700,0.0,0.0
2023-07-13 10:00:00+09:00,800.0,802.0,800.0,801.0,1200,0.0,0.0
2023-07-13 11:00:00+09:00,801.0,801.0,801.0,801.0,0,0.0,0.0
2023-07-13 12:00:00+09:00,797.0,802.0,797.0,801.0,8800,0.0,0.0
2023-07-13 13:00:00+09:00,800.0,801.0,796.0,800.0,5100,0.0,0.0
2023-07-13 14:00:00+09:00,801.0,802.0,799.0,800.0,5900,0.0,0.0
2023-07-14 09:00:00+09:00,800.0,802.0,790.0,794.0,8800,0.0,0.0
2023-07-14 10:00:00+09:00,795.0,795.0,793.0,794.0,2100,0.0,0.0
2023-07-14 11:00:00+09:00,794.0,794.0,794.0,794.0,0,0.0,0.0
2023-07-14 12:00:00+09:00,795.0,800.0,793.0,799.0,14800,0.0,0.0
2023-07-14 13:00:00+09:00,799.0,799.0,798.0,798.0,600,0.0,0.0
2023-07-14 14:00:00+09:00,798.0,799.0,797.0,797.0,3100,0.0,0.0
2023-07-18 09:00:00+09:00,797.0,807.0,797.0,800.0,19500,0.0,0.0
2023-07-18 10:00:00+09:00,799.0,801.0,797.0,801.0,1700,0.0,0.0
2023-07-18 11:00:00+09:00,800.0,800.0,800.0,800.0,0,0.0,0.0
2023-07-18 12:00:00+09:00,798.0,803.0,798.0,802.0,24000,0.0,0.0
2023-07-18 13:00:00+09:00,801.0,803.0,801.0,803.0,2100,0.0,0.0
2023-07-18 14:00:00+09:00,803.0,803.0,803.0,803.0,300,0.0,0.0
2023-07-19 09:00:00+09:00,810.0,810.0,807.0,807.0,3900,0.0,0.0
2023-07-19 10:00:00+09:00,807.0,809.0,806.0,809.0,2000,0.0,0.0
2023-07-19 11:00:00+09:00,808.0,809.0,808.0,809.0,0,0.0,0.0
2023-07-19 12:00:00+09:00,810.0,810.0,807.0,807.0,9200,0.0,0.0
2023-07-19 13:00:00+09:00,808.0,810.0,807.0,810.0,7300,0.0,0.0
2023-07-19 14:00:00+09:00,810.0,815.0,810.0,815.0,8400,0.0,0.0
2023-07-20 09:00:00+09:00,810.0,812.0,810.0,812.0,2400,0.0,0.0
2023-07-20 10:00:00+09:00,812.0,812.0,806.0,806.0,1700,0.0,0.0
2023-07-20 11:00:00+09:00,805.0,805.0,804.0,804.0,0,0.0,0.0
2023-07-20 12:00:00+09:00,800.0,804.0,800.0,803.0,6700,0.0,0.0
2023-07-20 13:00:00+09:00,803.0,804.0,803.0,803.0,600,0.0,0.0
2023-07-20 14:00:00+09:00,803.0,803.0,798.0,801.0,5800,0.0,0.0
2023-07-21 09:00:00+09:00,806.0,815.0,805.0,812.0,15700,0.0,0.0
2023-07-21 10:00:00+09:00,811.0,812.0,808.0,808.0,5100,0.0,0.0
2023-07-21 11:00:00+09:00,808.0,808.0,808.0,808.0,0,0.0,0.0
2023-07-21 12:00:00+09:00,807.0,809.0,807.0,808.0,22500,0.0,0.0
2023-07-21 13:00:00+09:00,808.0,809.0,807.0,808.0,1600,0.0,0.0
2023-07-21 14:00:00+09:00,807.0,809.0,805.0,805.0,5500,0.0,0.0
2023-07-24 09:00:00+09:00,810.0,819.0,807.0,813.0,8600,0.0,0.0
2023-07-24 10:00:00+09:00,813.0,813.0,809.0,809.0,500,0.0,0.0
2023-07-24 11:00:00+09:00,809.0,809.0,809.0,809.0,0,0.0,0.0
2023-07-24 12:00:00+09:00,805.0,806.0,803.0,806.0,11600,0.0,0.0
2023-07-24 13:00:00+09:00,808.0,816.0,808.0,812.0,4400,0.0,0.0
2023-07-24 14:00:00+09:00,814.0,816.0,808.0,812.0,12300,0.0,0.0
2023-07-25 09:00:00+09:00,818.0,825.0,813.0,825.0,9500,0.0,0.0
2023-07-25 10:00:00+09:00,824.0,824.0,823.0,823.0,800,0.0,0.0
2023-07-25 11:00:00+09:00,824.0,824.0,822.0,823.0,0,0.0,0.0
2023-07-25 12:00:00+09:00,821.0,823.0,820.0,823.0,14000,0.0,0.0
2023-07-25 13:00:00+09:00,823.0,824.0,823.0,824.0,2000,0.0,0.0
2023-07-25 14:00:00+09:00,825.0,827.0,824.0,824.0,3700,0.0,0.0
2023-07-26 09:00:00+09:00,824.0,824.0,818.0,818.0,0,0.0,0.0
2023-07-26 10:00:00+09:00,816.0,816.0,816.0,816.0,1900,0.0,0.0
2023-07-26 11:00:00+09:00,815.0,815.0,813.0,813.0,0,0.0,0.0
2023-07-26 12:00:00+09:00,815.0,815.0,815.0,815.0,3500,0.0,0.0
2023-07-26 13:00:00+09:00,813.0,815.0,813.0,815.0,3200,0.0,0.0
2023-07-26 14:00:00+09:00,814.0,815.0,814.0,814.0,1400,0.0,0.0
2023-07-27 09:00:00+09:00,808.0,817.0,808.0,817.0,2900,0.0,0.0
2023-07-27 10:00:00+09:00,818.0,820.0,816.0,816.0,0,0.0,0.0
2023-07-27 11:00:00+09:00,817.0,818.0,817.0,818.0,0,0.0,0.0
2023-07-27 12:00:00+09:00,817.0,817.0,817.0,817.0,5200,0.0,0.0
2023-07-27 13:00:00+09:00,817.0,817.0,817.0,817.0,0,0.0,0.0
2023-07-27 14:00:00+09:00,818.0,818.0,816.0,817.0,9700,0.0,0.0
2023-07-28 09:00:00+09:00,800.0,808.0,800.0,808.0,5000,0.0,0.0
2023-07-28 10:00:00+09:00,807.0,809.0,807.0,808.0,600,0.0,0.0
2023-07-28 11:00:00+09:00,808.0,808.0,807.0,807.0,0,0.0,0.0
2023-07-28 12:00:00+09:00,804.0,820.0,804.0,818.0,17700,0.0,0.0
2023-07-28 13:00:00+09:00,816.0,817.0,810.0,810.0,6400,0.0,0.0
2023-07-28 14:00:00+09:00,810.0,819.0,810.0,817.0,11000,0.0,0.0
2023-07-31 09:00:00+09:00,823.0,828.0,820.0,827.0,9100,0.0,0.0
2023-07-31 10:00:00+09:00,827.0,828.0,824.0,825.0,4200,0.0,0.0
2023-07-31 11:00:00+09:00,824.0,824.0,824.0,824.0,0,0.0,0.0
2023-07-31 12:00:00+09:00,825.0,826.0,823.0,825.0,17100,0.0,0.0
2023-07-31 13:00:00+09:00,826.0,826.0,825.0,825.0,2700,0.0,0.0
2023-07-31 14:00:00+09:00,824.0,827.0,823.0,827.0,5600,0.0,0.0
2023-08-01 09:00:00+09:00,825.0,825.0,817.0,818.0,3800,0.0,0.0
2023-08-01 10:00:00+09:00,817.0,817.0,815.0,817.0,3800,0.0,0.0
2023-08-01 11:00:00+09:00,818.0,818.0,818.0,818.0,0,0.0,0.0
2023-08-01 12:00:00+09:00,813.0,817.0,812.0,816.0,11300,0.0,0.0
2023-08-01 13:00:00+09:00,818.0,818.0,814.0,817.0,4300,0.0,0.0
2023-08-01 14:00:00+09:00,816.0,817.0,816.0,816.0,800,0.0,0.0
2023-08-02 09:00:00+09:00,805.0,805.0,788.0,792.0,14400,0.0,0.0
2023-08-02 10:00:00+09:00,792.0,794.0,791.0,793.0,4200,0.0,0.0
2023-08-02 11:00:00+09:00,794.0,795.0,794.0,795.0,0,0.0,0.0
2023-08-02 12:00:00+09:00,794.0,798.0,794.0,798.0,23000,0.0,0.0
2023-08-02 13:00:00+09:00,797.0,800.0,796.0,796.0,3200,0.0,0.0
2023-08-02 14:00:00+09:00,795.0,799.0,794.0,797.0,8600,0.0,0.0
2023-08-03 09:00:00+09:00,789.0,799.0,787.0,788.0,10600,0.0,0.0
2023-08-03 10:00:00+09:00,788.0,791.0,786.0,790.0,8100,0.0,0.0
2023-08-03 11:00:00+09:00,791.0,791.0,790.0,790.0,0,0.0,0.0
2023-08-03 12:00:00+09:00,786.0,791.0,786.0,791.0,22200,0.0,0.0
2023-08-03 13:00:00+09:00,791.0,791.0,784.0,784.0,7600,0.0,0.0
2023-08-03 14:00:00+09:00,784.0,786.0,781.0,785.0,7300,0.0,0.0
2023-08-04 09:00:00+09:00,779.0,787.0,779.0,787.0,3500,0.0,0.0
2023-08-04 10:00:00+09:00,784.0,784.0,779.0,782.0,4700,0.0,0.0
2023-08-04 11:00:00+09:00,780.0,780.0,780.0,780.0,0,0.0,0.0
2023-08-04 12:00:00+09:00,778.0,788.0,778.0,782.0,14200,0.0,0.0
2023-08-04 13:00:00+09:00,781.0,789.0,781.0,781.0,11000,0.0,0.0
2023-08-04 14:00:00+09:00,783.0,786.0,781.0,786.0,7800,0.0,0.0
2023-08-07 09:00:00+09:00,778.0,793.0,778.0,789.0,3100,0.0,0.0
2023-08-07 10:00:00+09:00,789.0,793.0,788.0,792.0,2100,0.0,0.0
2023-08-07 11:00:00+09:00,793.0,795.0,793.0,795.0,0,0.0,0.0
2023-08-07 12:00:00+09:00,794.0,794.0,791.0,792.0,9700,0.0,0.0
2023-08-07 13:00:00+09:00,791.0,792.0,790.0,791.0,1800,0.0,0.0
2023-08-07 14:00:00+09:00,791.0,793.0,791.0,792.0,2800,0.0,0.0
2023-08-08 09:00:00+09:00,793.0,806.0,793.0,806.0,22900,0.0,0.0
2023-08-08 10:00:00+09:00,805.0,807.0,804.0,806.0,2000,0.0,0.0
2023-08-08 11:00:00+09:00,806.0,807.0,805.0,805.0,0,0.0,0.0
2023-08-08 12:00:00+09:00,804.0,815.0,804.0,814.0,41500,0.0,0.0
2023-08-08 13:00:00+09:00,815.0,815.0,812.0,812.0,2500,0.0,0.0
2023-08-08 14:00:00+09:00,812.0,812.0,810.0,811.0,3200,0.0,0.0
2023-08-09 09:00:00+09:00,815.0,818.0,805.0,816.0,11100,0.0,0.0
2023-08-09 10:00:00+09:00,817.0,818.0,815.0,815.0,1700,0.0,0.0
2023-08-09 11:00:00+09:00,816.0,816.0,815.0,815.0,0,0.0,0.0
2023-08-09 12:00:00+09:00,814.0,817.0,814.0,817.0,14800,0.0,0.0
2023-08-09 13:00:00+09:00,815.0,816.0,814.0,816.0,4100,0.0,0.0
2023-08-09 14:00:00+09:00,817.0,819.0,816.0,818.0,6400,0.0,0.0
2023-08-10 09:00:00+09:00,818.0,822.0,813.0,821.0,5300,0.0,0.0
2023-08-10 10:00:00+09:00,820.0,820.0,817.0,820.0,2900,0.0,0.0
2023-08-10 11:00:00+09:00,821.0,821.0,818.0,820.0,0,0.0,0.0
2023-08-10 12:00:00+09:00,819.0,820.0,819.0,819.0,14700,0.0,0.0
2023-08-10 13:00:00+09:00,820.0,821.0,817.0,820.0,4000,0.0,0.0
2023-08-10 14:00:00+09:00,820.0,823.0,820.0,821.0,5000,0.0,0.0
2023-08-14 09:00:00+09:00,825.0,828.0,823.0,827.0,9500,0.0,0.0
2023-08-14 10:00:00+09:00,828.0,828.0,824.0,824.0,2100,0.0,0.0
2023-08-14 11:00:00+09:00,825.0,825.0,821.0,821.0,0,0.0,0.0
2023-08-14 12:00:00+09:00,817.0,820.0,817.0,820.0,14600,0.0,0.0
2023-08-14 13:00:00+09:00,819.0,822.0,819.0,820.0,2300,0.0,0.0
2023-08-14 14:00:00+09:00,820.0,823.0,819.0,822.0,4100,0.0,0.0
2023-08-15 09:00:00+09:00,818.0,823.0,815.0,818.0,2400,0.0,0.0
2023-08-15 10:00:00+09:00,817.0,817.0,817.0,817.0,500,0.0,0.0
2023-08-15 11:00:00+09:00,817.0,817.0,817.0,817.0,0,0.0,0.0
2023-08-15 12:00:00+09:00,817.0,817.0,817.0,817.0,3300,0.0,0.0
2023-08-15 13:00:00+09:00,817.0,817.0,817.0,817.0,300,0.0,0.0
2023-08-15 14:00:00+09:00,817.0,817.0,815.0,817.0,3600,0.0,0.0
2023-08-16 09:00:00+09:00,805.0,815.0,805.0,811.0,6800,0.0,0.0
2023-08-16 10:00:00+09:00,814.0,815.0,813.0,815.0,800,0.0,0.0
2023-08-16 11:00:00+09:00,816.0,818.0,816.0,818.0,0,0.0,0.0
2023-08-16 12:00:00+09:00,818.0,824.0,818.0,822.0,8800,0.0,0.0
2023-08-16 13:00:00+09:00,822.0,822.0,819.0,819.0,1900,0.0,0.0
2023-08-16 14:00:00+09:00,818.0,818.0,815.0,815.0,6800,0.0,0.0
2023-08-17 09:00:00+09:00,804.0,818.0,804.0,815.0,2000,0.0,0.0
2023-08-17 10:00:00+09:00,811.0,811.0,808.0,809.0,600,0.0,0.0
2023-08-17 11:00:00+09:00,808.0,812.0,808.0,812.0,0,0.0,0.0
2023-08-17 12:00:00+09:00,819.0,819.0,814.0,814.0,0,0.0,0.0
2023-08-17 13:00:00+09:00,815.0,817.0,815.0,817.0,5900,0.0,0.0
2023-08-17 14:00:00+09:00,817.0,817.0,816.0,816.0,200,0.0,0.0
2023-08-18 09:00:00+09:00,806.0,821.0,806.0,817.0,6100,0.0,0.0
2023-08-18 10:00:00+09:00,816.0,819.0,816.0,819.0,500,0.0,0.0
2023-08-18 11:00:00+09:00,820.0,823.0,816.0,817.0,0,0.0,0.0
2023-08-18 12:00:00+09:00,817.0,820.0,816.0,818.0,11000,0.0,0.0
2023-08-18 13:00:00+09:00,817.0,819.0,816.0,817.0,3900,0.0,0.0
2023-08-18 14:00:00+09:00,816.0,818.0,816.0,816.0,2300,0.0,0.0
2023-08-21 09:00:00+09:00,817.0,825.0,814.0,819.0,0,0.0,0.0
2023-08-21 10:00:00+09:00,819.0,819.0,817.0,817.0,5800,0.0,0.0
2023-08-21 11:00:00+09:00,818.0,820.0,817.0,817.0,0,0.0,0.0
2023-08-21 12:00:00+09:00,817.0,819.0,817.0,818.0,7000,0.0,0.0
2023-08-21 13:00:00+09:00,817.0,817.0,816.0,816.0,1600,0.0,0.0
2023-08-21 14:00:00+09:00,816.0,817.0,813.0,814.0,1700,0.0,0.0
2023-08-22 09:00:00+09:00,820.0,823.0,819.0,823.0,2600,0.0,0.0
2023-08-22 10:00:00+09:00,822.0,823.0,821.0,823.0,600,0.0,0.0
2023-08-22 11:00:00+09:00,823.0,826.0,823.0,826.0,0,0.0,0.0
2023-08-22 12:00:00+09:00,824.0,824.0,824.0,824.0,5800,0.0,0.0
2023-08-22 13:00:00+09:00,823.0,823.0,820.0,820.0,600,0.0,0.0
2023-08-22 14:00:00+09:00,821.0,824.0,821.0,823.0,800,0.0,0.0
2023-08-23 09:00:00+09:00,824.0,825.0,820.0,825.0,7800,0.0,0.0
2023-08-23 10:00:00+09:00,824.0,825.0,822.0,823.0,1000,0.0,0.0
2023-08-23 11:00:00+09:00,821.0,821.0,821.0,821.0,0,0.0,0.0
2023-08-23 12:00:00+09:00,819.0,822.0,816.0,821.0,10100,0.0,0.0
2023-08-23 13:00:00+09:00,823.0,827.0,823.0,826.0,6800,0.0,0.0
2023-08-23 14:00:00+09:00,825.0,828.0,825.0,828.0,2500,0.0,0.0
2023-08-24 09:00:00+09:00,827.0,830.0,824.0,828.0,0,0.0,0.0
2023-08-24 10:00:00+09:00,827.0,830.0,827.0,829.0,7500,0.0,0.0
2023-08-24 11:00:00+09:00,831.0,832.0,829.0,831.0,0,0.0,0.0
2023-08-24 12:00:00+09:00,832.0,833.0,832.0,833.0,10500,0.0,0.0
2023-08-24 14:00:00+09:00,833.0,834.0,832.0,833.0,2900,0.0,0.0
2023-08-25 09:00:00+09:00,834.0,846.0,828.0,838.0,16500,0.0,0.0
2023-08-25 10:00:00+09:00,836.0,837.0,835.0,836.0,1300,0.0,0.0
2023-08-25 11:00:00+09:00,836.0,837.0,836.0,836.0,0,0.0,0.0
2023-08-25 12:00:00+09:00,837.0,840.0,837.0,840.0,20200,0.0,0.0
2023-08-25 13:00:00+09:00,840.0,841.0,839.0,839.0,2100,0.0,0.0
2023-08-25 14:00:00+09:00,839.0,842.0,835.0,842.0,6000,0.0,0.0
2023-08-28 09:00:00+09:00,838.0,847.0,838.0,843.0,9200,0.0,0.0
2023-08-28 10:00:00+09:00,843.0,849.0,843.0,849.0,2500,0.0,0.0
2023-08-28 11:00:00+09:00,849.0,849.0,849.0,849.0,0,0.0,0.0
2023-08-28 12:00:00+09:00,848.0,848.0,847.0,847.0,12800,0.0,0.0
2023-08-28 13:00:00+09:00,846.0,846.0,845.0,845.0,400,0.0,0.0
2023-08-28 14:00:00+09:00,845.0,847.0,844.0,847.0,2600,0.0,0.0
2023-08-29 09:00:00+09:00,849.0,872.0,849.0,872.0,16400,0.0,0.0
2023-08-29 10:00:00+09:00,871.0,874.0,870.0,870.0,6400,0.0,0.0
2023-08-29 11:00:00+09:00,868.0,870.0,868.0,869.0,0,0.0,0.0
2023-08-29 12:00:00+09:00,875.0,875.0,874.0,874.0,26300,0.0,0.0
2023-08-29 13:00:00+09:00,875.0,876.0,872.0,875.0,5700,0.0,0.0
2023-08-29 14:00:00+09:00,876.0,877.0,873.0,876.0,6100,0.0,0.0
2023-08-30 09:00:00+09:00,890.0,902.0,882.0,899.0,0,0.0,0.0
2023-08-30 10:00:00+09:00,901.0,902.0,893.0,897.0,15900,0.0,0.0
2023-08-30 11:00:00+09:00,899.0,899.0,899.0,899.0,0,0.0,0.0
2023-08-30 12:00:00+09:00,891.0,897.0,891.0,897.0,21100,0.0,0.0
2023-08-30 13:00:00+09:00,896.0,897.0,891.0,896.0,7600,0.0,0.0
2023-08-30 14:00:00+09:00,896.0,898.0,891.0,897.0,7300,0.0,0.0
2023-08-31 09:00:00+09:00,899.0,917.0,894.0,901.0,0,0.0,0.0
2023-08-31 10:00:00+09:00,900.0,900.0,897.0,897.0,15100,0.0,0.0
2023-08-31 11:00:00+09:00,899.0,899.0,895.0,897.0,0,0.0,0.0
2023-08-31 12:00:00+09:00,904.0,904.0,899.0,902.0,18000,0.0,0.0
2023-08-31 13:00:00+09:00,901.0,901.0,896.0,897.0,2500,0.0,0.0
2023-08-31 14:00:00+09:00,897.0,897.0,893.0,895.0,3800,0.0,0.0
2023-09-01 09:00:00+09:00,893.0,916.0,893.0,911.0,5400,0.0,0.0
2023-09-01 10:00:00+09:00,908.0,911.0,905.0,908.0,5600,0.0,0.0
2023-09-01 11:00:00+09:00,907.0,907.0,906.0,906.0,0,0.0,0.0
2023-09-01 12:00:00+09:00,906.0,907.0,905.0,905.0,13300,0.0,0.0
2023-09-01 13:00:00+09:00,906.0,909.0,906.0,908.0,1700,0.0,0.0
2023-09-01 14:00:00+09:00,909.0,911.0,901.0,910.0,22800,0.0,0.0
2023-09-04 09:00:00+09:00,904.0,904.0,894.0,901.0,5600,0.0,0.0
2023-09-04 10:00:00+09:00,900.0,905.0,900.0,904.0,2300,0.0,0.0
2023-09-04 11:00:00+09:00,905.0,905.0,903.0,904.0,0,0.0,0.0
2023-09-04 12:00:00+09:00,908.0,911.0,905.0,910.0,12300,0.0,0.0
2023-09-04 13:00:00+09:00,910.0,912.0,910.0,911.0,1600,0.0,0.0
2023-09-04 14:00:00+09:00,911.0,917.0,911.0,917.0,11300,0.0,0.0
2023-09-05 09:00:00+09:00,920.0,920.0,912.0,912.0,800,0.0,0.0
2023-09-05 10:00:00+09:00,908.0,917.0,908.0,917.0,2900,0.0,0.0
2023-09-05 11:00:00+09:00,918.0,918.0,915.0,915.0,0,0.0,0.0
2023-09-05 12:00:00+09:00,915.0,919.0,915.0,916.0,6500,0.0,0.0
2023-09-05 13:00:00+09:00,917.0,919.0,915.0,918.0,2100,0.0,0.0
2023-09-05 14:00:00+09:00,918.0,926.0,917.0,924.0,10400,0.0,0.0
2023-09-06 09:00:00+09:00,927.0,929.0,923.0,929.0,1500,0.0,0.0
2023-09-06 10:00:00+09:00,930.0,930.0,923.0,924.0,1800,0.0,0.0
2023-09-06 11:00:00+09:00,922.0,922.0,922.0,922.0,0,0.0,0.0
2023-09-06 12:00:00+09:00,922.0,928.0,922.0,928.0,5000,0.0,0.0
2023-09-06 13:00:00+09:00,926.0,929.0,926.0,927.0,2200,0.0,0.0
2023-09-06 14:00:00+09:00,928.0,930.0,926.0,927.0,2100,0.0,0.0
2023-09-07 09:00:00+09:00,921.0,921.0,909.0,909.0,3100,0.0,0.0
2023-09-07 10:00:00+09:00,908.0,909.0,903.0,906.0,2900,0.0,0.0
2023-09-07 11:00:00+09:00,904.0,905.0,904.0,905.0,0,0.0,0.0
2023-09-07 12:00:00+09:00,902.0,909.0,902.0,906.0,7000,0.0,0.0
2023-09-07 13:00:00+09:00,902.0,903.0,898.0,898.0,1900,0.0,0.0
2023-09-07 14:00:00+09:00,900.0,901.0,896.0,901.0,6600,0.0,0.0
2023-09-08 09:00:00+09:00,909.0,925.0,908.0,915.0,27000,0.0,0.0
2023-09-08 10:00:00+09:00,917.0,919.0,911.0,919.0,3500,0.0,0.0
2023-09-08 11:00:00+09:00,917.0,917.0,916.0,916.0,0,0.0,0.0
2023-09-08 12:00:00+09:00,913.0,917.0,913.0,913.0,32300,0.0,0.0
2023-09-08 13:00:00+09:00,912.0,912.0,908.0,908.0,3700,0.0,0.0
2023-09-08 14:00:00+09:00,909.0,915.0,906.0,912.0,10900,0.0,0.0
2023-09-11 09:00:00+09:00,906.0,922.0,905.0,915.0,4800,0.0,0.0
2023-09-11 10:00:00+09:00,917.0,919.0,912.0,915.0,1900,0.0,0.0
2023-09-11 11:00:00+09:00,915.0,916.0,915.0,916.0,0,0.0,0.0
2023-09-11 12:00:00+09:00,907.0,910.0,907.0,910.0,7900,0.0,0.0
2023-09-11 13:00:00+09:00,909.0,913.0,908.0,913.0,0,0.0,0.0
2023-09-11 14:00:00+09:00,913.0,917.0,911.0,917.0,13500,0.0,0.0
2023-09-12 09:00:00+09:00,919.0,929.0,919.0,927.0,2400,0.0,0.0
2023-09-12 10:00:00+09:00,925.0,925.0,921.0,921.0,2300,0.0,0.0
2023-09-12 11:00:00+09:00,921.0,921.0,921.0,921.0,0,0.0,0.0
2023-09-12 12:00:00+09:00,922.0,931.0,922.0,931.0,7200,0.0,0.0
2023-09-12 13:00:00+09:00,930.0,931.0,929.0,931.0,800,0.0,0.0
2023-09-12 14:00:00+09:00,929.0,930.0,926.0,929.0,1900,0.0,0.0
2023-09-13 09:00:00+09:00,920.0,935.0,920.0,921.0,2400,0.0,0.0
2023-09-13 10:00:00+09:00,921.0,923.0,920.0,923.0,1100,0.0,0.0
2023-09-13 11:00:00+09:00,923.0,923.0,921.0,921.0,0,0.0,0.0
2023-09-13 12:00:00+09:00,920.0,920.0,920.0,920.0,5500,0.0,0.0
2023-09-13 13:00:00+09:00,920.0,924.0,918.0,924.0,0,0.0,0.0
2023-09-13 14:00:00+09:00,924.0,924.0,920.0,920.0,10500,0.0,0.0
2023-09-14 09:00:00+09:00,921.0,926.0,920.0,924.0,2000,0.0,0.0
2023-09-14 10:00:00+09:00,924.0,926.0,924.0,925.0,600,0.0,0.0
2023-09-14 11:00:00+09:00,924.0,927.0,924.0,926.0,0,0.0,0.0
2023-09-14 12:00:00+09:00,926.0,931.0,926.0,927.0,5000,0.0,0.0
2023-09-14 13:00:00+09:00,927.0,931.0,921.0,930.0,6000,0.0,0.0
2023-09-14 14:00:00+09:00,931.0,933.0,930.0,930.0,4900,0.0,0.0
2023-09-15 09:00:00+09:00,937.0,937.0,933.0,936.0,800,0.0,0.0
2023-09-15 10:00:00+09:00,937.0,944.0,937.0,943.0,1800,0.0,0.0
2023-09-15 11:00:00+09:00,944.0,944.0,943.0,943.0,0,0.0,0.0
2023-09-15 12:00:00+09:00,944.0,944.0,943.0,944.0,5400,0.0,0.0
2023-09-15 13:00:00+09:00,944.0,951.0,943.0,951.0,5700,0.0,0.0
2023-09-15 14:00:00+09:00,951.0,956.0,946.0,953.0,8100,0.0,0.0
2023-09-19 09:00:00+09:00,997.0,1035.0,984.0,1024.0,65400,0.0,0.0
2023-09-19 10:00:00+09:00,1024.0,1037.0,1022.0,1035.0,35500,0.0,0.0
2023-09-19 11:00:00+09:00,1034.0,1041.0,1033.0,1037.0,0,0.0,0.0
2023-09-19 12:00:00+09:00,1033.0,1038.0,1024.0,1031.0,134000,0.0,0.0
2023-09-19 13:00:00+09:00,1029.0,1036.0,1028.0,1034.0,10600,0.0,0.0
2023-09-19 14:00:00+09:00,1036.0,1040.0,1034.0,1039.0,23800,0.0,0.0
2023-09-20 09:00:00+09:00,1018.0,1040.0,1018.0,1028.0,19500,0.0,0.0
2023-09-20 10:00:00+09:00,1028.0,1041.0,1028.0,1036.0,10600,0.0,0.0
2023-09-20 11:00:00+09:00,1036.0,1039.0,1036.0,1037.0,0,0.0,0.0
2023-09-20 12:00:00+09:00,1027.0,1042.0,1018.0,1018.0,66700,0.0,0.0
2023-09-20 13:00:00+09:00,1020.0,1020.0,1001.0,1010.0,29000,0.0,0.0
2023-09-20 14:00:00+09:00,1010.0,1031.0,1007.0,1030.0,25700,0.0,0.0
2023-09-21 09:00:00+09:00,1026.0,1065.0,1024.0,1065.0,18300,0.0,0.0
2023-09-21 10:00:00+09:00,1065.0,1067.0,1060.0,1065.0,7700,0.0,0.0
2023-09-21 11:00:00+09:00,1062.0,1065.0,1059.0,1061.0,0,0.0,0.0
2023-09-21 12:00:00+09:00,1062.0,1065.0,1055.0,1061.0,45600,0.0,0.0
2023-09-21 13:00:00+09:00,1060.0,1068.0,1060.0,1064.0,7600,0.0,0.0
2023-09-21 14:00:00+09:00,1065.0,1069.0,1061.0,1062.0,12200,0.0,0.0
2023-09-22 09:00:00+09:00,1039.0,1052.0,1024.0,1034.0,19200,0.0,0.0
2023-09-22 10:00:00+09:00,1032.0,1037.0,1028.0,1029.0,13200,0.0,0.0
2023-09-22 11:00:00+09:00,1030.0,1030.0,1023.0,1023.0,0,0.0,0.0
2023-09-22 12:00:00+09:00,1028.0,1032.0,1028.0,1030.0,39200,0.0,0.0
2023-09-22 13:00:00+09:00,1030.0,1038.0,1029.0,1037.0,5100,0.0,0.0
2023-09-22 14:00:00+09:00,1037.0,1040.0,1032.0,1032.0,8900,0.0,0.0
2023-09-25 09:00:00+09:00,1059.0,1059.0,1025.0,1025.0,11400,0.0,0.0
2023-09-25 10:00:00+09:00,1024.0,1029.0,1023.0,1023.0,2900,0.0,0.0
2023-09-25 11:00:00+09:00,1023.0,1023.0,1015.0,1015.0,0,0.0,0.0
2023-09-25 12:00:00+09:00,1019.0,1027.0,1018.0,1026.0,28400,0.0,0.0
2023-09-25 13:00:00+09:00,1027.0,1027.0,1017.0,1017.0,1800,0.0,0.0
2023-09-25 14:00:00+09:00,1017.0,1029.0,1017.0,1027.0,10400,0.0,0.0
2023-09-26 09:00:00+09:00,1028.0,1034.0,1024.0,1030.0,5200,0.0,0.0
2023-09-26 10:00:00+09:00,1029.0,1043.0,1029.0,1035.0,10900,0.0,0.0
2023-09-26 11:00:00+09:00,1032.0,1032.0,1030.0,1030.0,0,0.0,0.0
2023-09-26 12:00:00+09:00,1029.0,1032.0,1027.0,1029.0,21200,0.0,0.0
2023-09-26 13:00:00+09:00,1028.0,1038.0,1028.0,1037.0,3900,0.0,0.0
2023-09-26 14:00:00+09:00,1038.0,1042.0,1037.0,1038.0,4900,0.0,0.0
2023-09-27 09:00:00+09:00,1025.0,1025.0,1004.0,1006.0,0,0.0,0.0
2023-09-27 10:00:00+09:00,1007.0,1012.0,1007.0,1010.0,12700,0.0,0.0
2023-09-27 11:00:00+09:00,1014.0,1015.0,1012.0,1015.0,0,0.0,0.0
2023-09-27 12:00:00+09:00,1019.0,1029.0,1019.0,1029.0,15900,0.0,0.0
2023-09-27 13:00:00+09:00,1032.0,1039.0,1030.0,1038.0,4800,0.0,0.0
2023-09-27 14:00:00+09:00,1037.0,1044.0,1034.0,1041.0,6300,0.0,0.0
2023-09-28 09:00:00+09:00,1020.0,1041.0,1020.0,1035.0,0,0.0,0.0
2023-09-28 10:00:00+09:00,1037.0,1045.0,1034.0,1036.0,7700,0.0,0.0
2023-09-28 11:00:00+09:00,1034.0,1036.0,1031.0,1031.0,0,0.0,0.0
2023-09-28 12:00:00+09:00,1007.0,1026.0,1007.0,1024.0,13700,0.0,0.0
2023-09-28 13:00:00+09:00,1024.0,1026.0,1023.0,1025.0,3900,0.0,0.0
2023-09-28 14:00:00+09:00,1024.0,1032.0,1024.0,1026.0,5800,0.0,0.0
2023-09-29 09:00:00+09:00,1025.0,1040.0,1025.0,1032.0,2000,0.0,0.0
2023-09-29 10:00:00+09:00,1036.0,1038.0,1020.0,1020.0,2800,0.0,0.0
2023-09-29 11:00:00+09:00,1019.0,1022.0,1018.0,1020.0,0,0.0,0.0
2023-09-29 12:00:00+09:00,1020.0,1025.0,1020.0,1023.0,7700,0.0,0.0
2023-09-29 13:00:00+09:00,1021.0,1022.0,1006.0,1008.0,7200,0.0,0.0
2023-09-29 14:00:00+09:00,1009.0,1009.0,1003.0,1008.0,8000,0.0,0.0
2023-10-02 09:00:00+09:00,1006.0,1011.0,984.0,1006.0,13500,0.0,0.0
2023-10-02 10:00:00+09:00,1007.0,1013.0,997.0,1013.0,8000,0.0,0.0
2023-10-02 11:00:00+09:00,1013.0,1013.0,1010.0,1010.0,0,0.0,0.0
2023-10-02 12:00:00+09:00,1006.0,1006.0,997.0,998.0,24700,0.0,0.0
2023-10-02 13:00:00+09:00,996.0,1003.0,993.0,1000.0,5700,0.0,0.0
2023-10-02 14:00:00+09:00,1000.0,1002.0,989.0,989.0,7800,0.0,0.0
2023-10-03 09:00:00+09:00,1002.0,1002.0,977.0,992.0,6100,0.0,0.0
2023-10-03 10:00:00+09:00,990.0,990.0,986.0,988.0,4600,0.0,0.0
2023-10-03 11:00:00+09:00,988.0,988.0,988.0,988.0,0,0.0,0.0
2023-10-03 12:00:00+09:00,984.0,987.0,984.0,984.0,12500,0.0,0.0
2023-10-03 13:00:00+09:00,983.0,983.0,974.0,974.0,6600,0.0,0.0
2023-10-03 14:00:00+09:00,973.0,990.0,963.0,983.0,45200,0.0,0.0
2023-10-04 09:00:00+09:00,992.0,1004.0,981.0,986.0,12900,0.0,0.0
2023-10-04 10:00:00+09:00,991.0,997.0,990.0,993.0,9900,0.0,0.0
2023-10-04 11:00:00+09:00,992.0,994.0,991.0,994.0,0,0.0,0.0
2023-10-04 12:00:00+09:00,994.0,997.0,989.0,995.0,35400,0.0,0.0
2023-10-04 13:00:00+09:00,993.0,995.0,986.0,991.0,4300,0.0,0.0
2023-10-04 14:00:00+09:00,990.0,995.0,986.0,988.0,15100,0.0,0.0
2023-10-05 09:00:00+09:00,984.0,1015.0,984.0,1010.0,0,0.0,0.0
2023-10-05 10:00:00+09:00,1010.0,1020.0,1007.0,1011.0,23100,0.0,0.0
2023-10-05 11:00:00+09:00,1013.0,1019.0,1011.0,1019.0,0,0.0,0.0
2023-10-05 12:00:00+09:00,1019.0,1026.0,1019.0,1022.0,31100,0.0,0.0
2023-10-05 13:00:00+09:00,1023.0,1024.0,1017.0,1017.0,5700,0.0,0.0
2023-10-05 14:00:00+09:00,1018.0,1025.0,1018.0,1022.0,10100,0.0,0.0
2023-10-06 09:00:00+09:00,1027.0,1051.0,1027.0,1045.0,19100,0.0,0.0
2023-10-06 10:00:00+09:00,1046.0,1054.0,1041.0,1043.0,10400,0.0,0.0
2023-10-06 11:00:00+09:00,1043.0,1043.0,1041.0,1042.0,0,0.0,0.0
2023-10-06 12:00:00+09:00,1033.0,1049.0,1033.0,1045.0,34900,0.0,0.0
2023-10-06 13:00:00+09:00,1046.0,1050.0,1044.0,1049.0,13400,0.0,0.0
2023-10-06 14:00:00+09:00,1049.0,1058.0,1047.0,1058.0,15200,0.0,0.0
2023-10-10 09:00:00+09:00,1075.0,1089.0,1063.0,1069.0,14500,0.0,0.0
2023-10-10 10:00:00+09:00,1068.0,1082.0,1063.0,1081.0,8500,0.0,0.0
2023-10-10 11:00:00+09:00,1081.0,1089.0,1079.0,1089.0,0,0.0,0.0
2023-10-10 12:00:00+09:00,1080.0,1095.0,1080.0,1094.0,43200,0.0,0.0
2023-10-10 13:00:00+09:00,1095.0,1105.0,1090.0,1104.0,24800,0.0,0.0
2023-10-10 14:00:00+09:00,1104.0,1104.0,1095.0,1096.0,10700,0.0,0.0
2023-10-11 09:00:00+09:00,1091.0,1091.0,1061.0,1061.0,14500,0.0,0.0
2023-10-11 10:00:00+09:00,1060.0,1068.0,1060.0,1068.0,4500,0.0,0.0
2023-10-11 11:00:00+09:00,1066.0,1073.0,1065.0,1072.0,0,0.0,0.0
2023-10-11 12:00:00+09:00,1069.0,1075.0,1069.0,1074.0,24300,0.0,0.0
2023-10-11 13:00:00+09:00,1074.0,1077.0,1072.0,1076.0,4400,0.0,0.0
2023-10-11 14:00:00+09:00,1076.0,1076.0,1069.0,1069.0,7000,0.0,0.0
2023-10-12 09:00:00+09:00,1069.0,1071.0,1063.0,1068.0,4000,0.0,0.0
2023-10-12 10:00:00+09:00,1067.0,1069.0,1062.0,1069.0,5200,0.0,0.0
2023-10-12 11:00:00+09:00,1071.0,1076.0,1071.0,1076.0,0,0.0,0.0
2023-10-12 12:00:00+09:00,1075.0,1077.0,1075.0,1075.0,12400,0.0,0.0
2023-10-12 13:00:00+09:00,1073.0,1073.0,1070.0,1072.0,3800,0.0,0.0
2023-10-12 14:00:00+09:00,1073.0,1080.0,1070.0,1079.0,6300,0.0,0.0
2023-10-13 09:00:00+09:00,1078.0,1094.0,1077.0,1084.0,11100,0.0,0.0
2023-10-13 10:00:00+09:00,1082.0,1082.0,1079.0,1082.0,1600,0.0,0.0
2023-10-13 11:00:00+09:00,1082.0,1083.0,1070.0,1070.0,0,0.0,0.0
2023-10-13 12:00:00+09:00,1070.0,1076.0,1070.0,1075.0,18000,0.0,0.0
2023-10-13 13:00:00+09:00,1073.0,1078.0,1068.0,1072.0,5300,0.0,0.0
2023-10-13 14:00:00+09:00,1074.0,1081.0,1072.0,1081.0,7200,0.0,0.0
2023-10-16 09:00:00+09:00,1068.0,1085.0,1068.0,1079.0,4200,0.0,0.0
2023-10-16 10:00:00+09:00,1075.0,1080.0,1074.0,1077.0,2700,0.0,0.0
2023-10-16 11:00:00+09:00,1077.0,1078.0,1075.0,1078.0,0,0.0,0.0
2023-10-16 12:00:00+09:00,1070.0,1075.0,1070.0,1074.0,9400,0.0,0.0
2023-10-16 13:00:00+09:00,1074.0,1077.0,1073.0,1077.0,0,0.0,0.0
2023-10-16 14:00:00+09:00,1079.0,1083.0,1076.0,1080.0,26200,0.0,0.0
2023-10-17 09:00:00+09:00,1098.0,1111.0,1091.0,1096.0,15300,0.0,0.0
2023-10-17 10:00:00+09:00,1097.0,1098.0,1094.0,1098.0,3100,0.0,0.0
2023-10-17 11:00:00+09:00,1098.0,1098.0,1091.0,1094.0,0,0.0,0.0
2023-10-17 12:00:00+09:00,1091.0,1102.0,1091.0,1102.0,24900,0.0,0.0
2023-10-17 13:00:00+09:00,1101.0,1102.0,1096.0,1097.0,10200,0.0,0.0
2023-10-17 14:00:00+09:00,1098.0,1109.0,1098.0,1106.0,10700,0.0,0.0
2023-10-18 09:00:00+09:00,1105.0,1130.0,1105.0,1129.0,19200,0.0,0.0
2023-10-18 10:00:00+09:00,1127.0,1131.0,1125.0,1126.0,5500,0.0,0.0
2023-10-18 11:00:00+09:00,1127.0,1128.0,1115.0,1117.0,0,0.0,0.0
2023-10-18 12:00:00+09:00,1113.0,1124.0,1111.0,1123.0,37400,0.0,0.0
2023-10-18 13:00:00+09:00,1123.0,1128.0,1121.0,1124.0,5000,0.0,0.0
2023-10-18 14:00:00+09:00,1124.0,1135.0,1123.0,1132.0,7700,0.0,0.0
2023-10-19 09:00:00+09:00,1127.0,1141.0,1122.0,1139.0,0,0.0,0.0
2023-10-19 10:00:00+09:00,1135.0,1140.0,1132.0,1134.0,15500,0.0,0.0
2023-10-19 11:00:00+09:00,1134.0,1136.0,1134.0,1135.0,0,0.0,0.0
2023-10-19 12:00:00+09:00,1130.0,1135.0,1130.0,1132.0,19800,0.0,0.0
2023-10-19 13:00:00+09:00,1131.0,1140.0,1130.0,1140.0,2600,0.0,0.0
2023-10-19 14:00:00+09:00,1140.0,1149.0,1136.0,1146.0,16100,0.0,0.0
2023-10-20 09:00:00+09:00,1150.0,1169.0,1146.0,1146.0,11800,0.0,0.0
2023-10-20 10:00:00+09:00,1146.0,1150.0,1136.0,1143.0,7900,0.0,0.0
2023-10-20 11:00:00+09:00,1144.0,1145.0,1143.0,1143.0,0,0.0,0.0
2023-10-20 12:00:00+09:00,1142.0,1146.0,1139.0,1139.0,23500,0.0,0.0
2023-10-20 13:00:00+09:00,1139.0,1145.0,1136.0,1144.0,3600,0.0,0.0
2023-10-20 14:00:00+09:00,1143.0,1145.0,1141.0,1142.0,5800,0.0,0.0
2023-10-23 09:00:00+09:00,1130.0,1148.0,1128.0,1142.0,14500,0.0,0.0
2023-10-23 10:00:00+09:00,1142.0,1143.0,1135.0,1142.0,5600,0.0,0.0
2023-10-23 11:00:00+09:00,1141.0,1142.0,1141.0,1141.0,0,0.0,0.0
2023-10-23 12:00:00+09:00,1141.0,1145.0,1141.0,1141.0,24700,0.0,0.0
2023-10-23 13:00:00+09:00,1141.0,1144.0,1134.0,1139.0,7200,0.0,0.0
2023-10-23 14:00:00+09:00,1141.0,1141.0,1136.0,1136.0,9000,0.0,0.0
2023-10-24 09:00:00+09:00,1136.0,1146.0,1112.0,1117.0,13700,0.0,0.0
2023-10-24 10:00:00+09:00,1112.0,1112.0,1097.0,1106.0,0,0.0,0.0
2023-10-24 11:00:00+09:00,1106.0,1125.0,1106.0,1125.0,0,0.0,0.0
2023-10-24 12:00:00+09:00,1125.0,1129.0,1125.0,1126.0,32100,0.0,0.0
2023-10-24 13:00:00+09:00,1125.0,1130.0,1123.0,1125.0,2800,0.0,0.0
2023-10-24 14:00:00+09:00,1126.0,1138.0,1126.0,1134.0,8100,0.0,0.0
2023-10-25 09:00:00+09:00,1147.0,1170.0,1145.0,1165.0,15000,0.0,0.0
2023-10-25 10:00:00+09:00,1165.0,1167.0,1163.0,1165.0,5500,0.0,0.0
2023-10-25 11:00:00+09:00,1165.0,1171.0,1163.0,1168.0,0,0.0,0.0
2023-10-25 12:00:00+09:00,1165.0,1167.0,1164.0,1164.0,28300,0.0,0.0
2023-10-25 13:00:00+09:00,1165.0,1172.0,1165.0,1170.0,7200,0.0,0.0
2023-10-25 14:00:00+09:00,1169.0,1171.0,1165.0,1170.0,10600,0.0,0.0
2023-10-26 09:00:00+09:00,1175.0,1185.0,1138.0,1138.0,0,0.0,0.0
2023-10-26 10:00:00+09:00,1137.0,1141.0,1132.0,1132.0,43000,0.0,0.0
2023-10-26 11:00:00+09:00,1130.0,1130.0,1117.0,1117.0,0,0.0,0.0
2023-10-26 12:00:00+09:00,1114.0,1124.0,1110.0,1113.0,56300,0.0,0.0
2023-10-26 13:00:00+09:00,1112.0,1121.0,1112.0,1114.0,9200,0.0,0.0
2023-10-26 14:00:00+09:00,1115.0,1124.0,1113.0,1114.0,16600,0.0,0.0
2023-10-27 09:00:00+09:00,1143.0,1167.0,1131.0,1166.0,17400,0.0,0.0
2023-10-27 10:00:00+09:00,1163.0,1168.0,1152.0,1167.0,7300,0.0,0.0
2023-10-27 11:00:00+09:00,1166.0,1170.0,1165.0,1169.0,0,0.0,0.0
2023-10-27 12:00:00+09:00,1166.0,1173.0,1160.0,1161.0,36400,0.0,0.0
2023-10-27 13:00:00+09:00,1160.0,1162.0,1153.0,1161.0,8700,0.0,0.0
2023-10-27 14:00:00+09:00,1158.0,1166.0,1138.0,1164.0,41400,0.0,0.0
2023-10-30 09:00:00+09:00,1154.0,1199.0,1154.0,1187.0,28900,0.0,0.0
2023-10-30 10:00:00+09:00,1186.0,1191.0,1179.0,1179.0,5300,0.0,0.0
2023-10-30 11:00:00+09:00,1178.0,1178.0,1165.0,1165.0,0,0.0,0.0
2023-10-30 12:00:00+09:00,1165.0,1167.0,1154.0,1158.0,45500,0.0,0.0
2023-10-30 13:00:00+09:00,1157.0,1157.0,1151.0,1151.0,3400,0.0,0.0
2023-10-30 14:00:00+09:00,1153.0,1160.0,1145.0,1151.0,17400,0.0,0.0
2023-10-31 09:00:00+09:00,1134.0,1148.0,1114.0,1126.0,12600,0.0,0.0
2023-10-31 10:00:00+09:00,1126.0,1127.0,1122.0,1125.0,1600,0.0,0.0
2023-10-31 11:00:00+09:00,1124.0,1141.0,1124.0,1139.0,0,0.0,0.0
2023-10-31 12:00:00+09:00,1139.0,1145.0,1132.0,1145.0,23500,0.0,0.0
2023-10-31 13:00:00+09:00,1148.0,1158.0,1146.0,1149.0,6700,0.0,0.0
2023-10-31 14:00:00+09:00,1153.0,1162.0,1151.0,1161.0,12000,0.0,0.0
2023-11-01 09:00:00+09:00,1173.0,1198.0,1173.0,1197.0,9200,0.0,0.0
2023-11-01 10:00:00+09:00,1196.0,1198.0,1183.0,1184.0,19200,0.0,0.0
2023-11-01 11:00:00+09:00,1183.0,1190.0,1181.0,1188.0,0,0.0,0.0
2023-11-01 12:00:00+09:00,1190.0,1193.0,1187.0,1192.0,35100,0.0,0.0
2023-11-01 13:00:00+09:00,1192.0,1192.0,1169.0,1180.0,15000,0.0,0.0
2023-11-01 14:00:00+09:00,1181.0,1183.0,1177.0,1182.0,9900,0.0,0.0
2023-11-02 09:00:00+09:00,1170.0,1189.0,1156.0,1159.0,7800,0.0,0.0
2023-11-02 10:00:00+09:00,1159.0,1161.0,1149.0,1151.0,5200,0.0,0.0
2023-11-02 11:00:00+09:00,1150.0,1151.0,1143.0,1148.0,0,0.0,0.0
2023-11-02 12:00:00+09:00,1148.0,1156.0,1148.0,1156.0,20700,0.0,0.0
2023-11-02 13:00:00+09:00,1154.0,1159.0,1154.0,1159.0,2200,0.0,0.0
2023-11-02 14:00:00+09:00,1159.0,1167.0,1158.0,1167.0,10800,0.0,0.0
2023-11-06 09:00:00+09:00,1190.0,1208.0,1179.0,1200.0,20900,0.0,0.0
2023-11-06 10:00:00+09:00,1200.0,1202.0,1196.0,1200.0,3400,0.0,0.0
2023-11-06 11:00:00+09:00,1201.0,1204.0,1196.0,1197.0,0,0.0,0.0
2023-11-06 12:00:00+09:00,1195.0,1214.0,1195.0,1212.0,40500,0.0,0.0
2023-11-06 13:00:00+09:00,1213.0,1216.0,1211.0,1212.0,6900,0.0,0.0
2023-11-06 14:00:00+09:00,1211.0,1211.0,1201.0,1202.0,8200,0.0,0.0
2023-11-07 09:00:00+09:00,1191.0,1211.0,1191.0,1202.0,6800,0.0,0.0
2023-11-07 10:00:00+09:00,1203.0,1204.0,1185.0,1185.0,0,0.0,0.0
2023-11-07 11:00:00+09:00,1181.0,1185.0,1176.0,1184.0,0,0.0,0.0
2023-11-07 12:00:00+09:00,1186.0,1186.0,1182.0,1183.0,16600,0.0,0.0
2023-11-07 13:00:00+09:00,1181.0,1181.0,1170.0,1171.0,4800,0.0,0.0
2023-11-07 14:00:00+09:00,1171.0,1179.0,1170.0,1177.0,5700,0.0,0.0
2023-11-08 09:00:00+09:00,1177.0,1178.0,1167.0,1170.0,5800,0.0,0.0
2023-11-08 10:00:00+09:00,1169.0,1171.0,1154.0,1158.0,14200,0.0,0.0
2023-11-08 11:00:00+09:00,1156.0,1158.0,1153.0,1155.0,0,0.0,0.0
2023-11-08 12:00:00+09:00,1153.0,1153.0,1135.0,1141.0,28400,0.0,0.0
2023-11-08 13:00:00+09:00,1141.0,1157.0,1140.0,1148.0,5900,0.0,0.0
2023-11-08 14:00:00+09:00,1148.0,1148.0,1139.0,1141.0,7200,0.0,0.0
2023-11-09 09:00:00+09:00,1138.0,1138.0,1122.0,1128.0,4200,0.0,0.0
2023-11-09 10:00:00+09:00,1126.0,1152.0,1126.0,1145.0,9100,0.0,0.0
2023-11-09 11:00:00+09:00,1142.0,1142.0,1142.0,1142.0,0,0.0,0.0
2023-11-09 12:00:00+09:00,1139.0,1147.0,1139.0,1147.0,15200,0.0,0.0
2023-11-09 13:00:00+09:00,1147.0,1148.0,1140.0,1148.0,2900,0.0,0.0
2023-11-09 14:00:00+09:00,1147.0,1155.0,1147.0,1151.0,6600,0.0,0.0
2023-11-10 09:00:00+09:00,1149.0,1158.0,1148.0,1156.0,10900,0.0,0.0
2023-11-10 10:00:00+09:00,1158.0,1158.0,1151.0,1151.0,1700,0.0,0.0
2023-11-10 11:00:00+09:00,1149.0,1155.0,1149.0,1151.0,0,0.0,0.0
2023-11-10 12:00:00+09:00,1146.0,1150.0,1139.0,1150.0,19100,0.0,0.0
2023-11-10 13:00:00+09:00,1150.0,1157.0,1148.0,1154.0,1700,0.0,0.0
2023-11-10 14:00:00+09:00,1154.0,1159.0,1153.0,1159.0,1800,0.0,0.0
2023-11-13 09:00:00+09:00,1160.0,1170.0,1158.0,1163.0,3000,0.0,0.0
2023-11-13 10:00:00+09:00,1160.0,1160.0,1160.0,1160.0,200,0.0,0.0
2023-11-13 11:00:00+09:00,1160.0,1160.0,1158.0,1158.0,0,0.0,0.0
2023-11-13 12:00:00+09:00,1152.0,1157.0,1152.0,1155.0,5200,0.0,0.0
2023-11-13 13:00:00+09:00,1156.0,1159.0,1153.0,1153.0,2400,0.0,0.0
2023-11-13 14:00:00+09:00,1153.0,1157.0,1149.0,1151.0,7000,0.0,0.0
2023-11-14 09:00:00+09:00,1160.0,1163.0,1157.0,1158.0,2500,0.0,0.0
2023-11-14 10:00:00+09:00,1155.0,1159.0,1154.0,1159.0,1600,0.0,0.0
2023-11-14 11:00:00+09:00,1162.0,1162.0,1159.0,1161.0,0,0.0,0.0
2023-11-14 12:00:00+09:00,1159.0,1173.0,1158.0,1172.0,10500,0.0,0.0
2023-11-14 13:00:00+09:00,1171.0,1174.0,1169.0,1169.0,2300,0.0,0.0
2023-11-14 14:00:00+09:00,1174.0,1182.0,1172.0,1174.0,14700,0.0,0.0
2023-11-15 09:00:00+09:00,1179.0,1183.0,1159.0,1159.0,6400,0.0,0.0
2023-11-15 10:00:00+09:00,1161.0,1162.0,1147.0,1151.0,3900,0.0,0.0
2023-11-15 11:00:00+09:00,1149.0,1154.0,1149.0,1151.0,0,0.0,0.0
2023-11-15 12:00:00+09:00,1156.0,1156.0,1147.0,1148.0,21500,0.0,0.0
2023-11-15 13:00:00+09:00,1147.0,1152.0,1147.0,1152.0,6600,0.0,0.0
2023-11-15 14:00:00+09:00,1155.0,1162.0,1152.0,1158.0,6200,0.0,0.0
2023-11-16 09:00:00+09:00,1160.0,1163.0,1151.0,1160.0,0,0.0,0.0
2023-11-16 10:00:00+09:00,1160.0,1160.0,1151.0,1153.0,5100,0.0,0.0
2023-11-16 11:00:00+09:00,1150.0,1153.0,1150.0,1150.0,0,0.0,0.0
2023-11-16 12:00:00+09:00,1148.0,1150.0,1145.0,1145.0,9100,0.0,0.0
2023-11-16 13:00:00+09:00,1148.0,1150.0,1145.0,1149.0,2100,0.0,0.0
2023-11-16 14:00:00+09:00,1148.0,1150.0,1133.0,1141.0,12500,0.0,0.0
2023-11-17 09:00:00+09:00,1135.0,1162.0,1135.0,1162.0,12900,0.0,0.0
2023-11-17 10:00:00+09:00,1159.0,1166.0,1155.0,1155.0,7900,0.0,0.0
2023-11-17 11:00:00+09:00,1155.0,1155.0,1152.0,1154.0,0,0.0,0.0
2023-11-17 12:00:00+09:00,1150.0,1157.0,1150.0,1157.0,27200,0.0,0.0
2023-11-17 13:00:00+09:00,1157.0,1157.0,1152.0,1153.0,1500,0.0,0.0
2023-11-17 14:00:00+09:00,1153.0,1162.0,1152.0,1160.0,5900,0.0,0.0
2023-11-20 09:00:00+09:00,1165.0,1180.0,1163.0,1175.0,4900,0.0,0.0
2023-11-20 10:00:00+09:00,1171.0,1174.0,1164.0,1173.0,5300,0.0,0.0
2023-11-20 11:00:00+09:00,1174.0,1174.0,1169.0,1170.0,0,0.0,0.0
2023-11-20 12:00:00+09:00,1176.0,1177.0,1173.0,1173.0,13600,0.0,0.0
2023-11-20 13:00:00+09:00,1171.0,1184.0,1171.0,1181.0,4600,0.0,0.0
2023-11-20 14:00:00+09:00,1181.0,1186.0,1180.0,1186.0,9200,0.0,0.0
2023-11-21 09:00:00+09:00,1191.0,1192.0,1155.0,1155.0,11400,0.0,0.0
2023-11-21 10:00:00+09:00,1156.0,1162.0,1152.0,1159.0,4600,0.0,0.0
2023-11-21 11:00:00+09:00,1158.0,1164.0,1158.0,1159.0,0,0.0,0.0
2023-11-21 12:00:00+09:00,1167.0,1167.0,1160.0,1160.0,18300,0.0,0.0
2023-11-21 13:00:00+09:00,1158.0,1162.0,1158.0,1158.0,1500,0.0,0.0
2023-11-21 14:00:00+09:00,1158.0,1168.0,1158.0,1164.0,5700,0.0,0.0
2023-11-22 09:00:00+09:00,1153.0,1181.0,1151.0,1178.0,3400,0.0,0.0
2023-11-22 10:00:00+09:00,1176.0,1179.0,1174.0,1177.0,1600,0.0,0.0
2023-11-22 11:00:00+09:00,1177.0,1177.0,1173.0,1173.0,0,0.0,0.0
2023-11-22 12:00:00+09:00,1178.0,1178.0,1168.0,1170.0,8700,0.0,0.0
2023-11-22 13:00:00+09:00,1167.0,1170.0,1167.0,1168.0,600,0.0,0.0
2023-11-22 14:00:00+09:00,1169.0,1174.0,1165.0,1168.0,6100,0.0,0.0
2023-11-24 09:00:00+09:00,1167.0,1174.0,1166.0,1166.0,2800,0.0,0.0
2023-11-24 10:00:00+09:00,1169.0,1176.0,1169.0,1174.0,4100,0.0,0.0
2023-11-24 11:00:00+09:00,1175.0,1175.0,1173.0,1175.0,0,0.0,0.0
2023-11-24 12:00:00+09:00,1176.0,1180.0,1176.0,1180.0,9600,0.0,0.0
2023-11-24 13:00:00+09:00,1182.0,1183.0,1179.0,1179.0,2000,0.0,0.0
2023-11-24 14:00:00+09:00,1178.0,1182.0,1176.0,1178.0,6800,0.0,0.0
2023-11-27 09:00:00+09:00,1193.0,1193.0,1172.0,1172.0,7700,0.0,0.0
2023-11-27 10:00:00+09:00,1172.0,1184.0,1171.0,1175.0,5200,0.0,0.0
2023-11-27 11:00:00+09:00,1175.0,1175.0,1173.0,1174.0,0,0.0,0.0
2023-11-27 12:00:00+09:00,1171.0,1179.0,1171.0,1179.0,17300,0.0,0.0
2023-11-27 13:00:00+09:00,1179.0,1179.0,1179.0,1179.0,400,0.0,0.0
2023-11-27 14:00:00+09:00,1178.0,1180.0,1177.0,1180.0,2800,0.0,0.0
2023-11-28 09:00:00+09:00,1176.0,1185.0,1170.0,1185.0,7600,0.0,0.0
2023-11-28 10:00:00+09:00,1187.0,1187.0,1184.0,1187.0,1300,0.0,0.0
2023-11-28 11:00:00+09:00,1189.0,1191.0,1188.0,1189.0,0,0.0,0.0
2023-11-28 12:00:00+09:00,1189.0,1197.0,1189.0,1193.0,15600,0.0,0.0
2023-11-28 13:00:00+09:00,1193.0,1194.0,1188.0,1193.0,0,0.0,0.0
2023-11-28 14:00:00+09:00,1192.0,1196.0,1190.0,1196.0,25600,0.0,0.0
2023-11-29 09:00:00+09:00,1193.0,1193.0,1174.0,1174.0,2100,0.0,0.0
2023-11-29 10:00:00+09:00,1176.0,1182.0,1176.0,1179.0,2200,0.0,0.0
2023-11-29 11:00:00+09:00,1179.0,1179.0,1179.0,1179.0,0,0.0,0.0
2023-11-29 12:00:00+09:00,1179.0,1181.0,1177.0,1179.0,4800,0.0,0.0
2023-11-29 13:00:00+09:00,1179.0,1180.0,1176.0,1176.0,1000,0.0,0.0
2023-11-29 14:00:00+09:00,1176.0,1177.0,1168.0,1168.0,4700,0.0,0.0
2023-11-30 09:00:00+09:00,1162.0,1189.0,1162.0,1188.0,7800,0.0,0.0
2023-11-30 10:00:00+09:00,1189.0,1191.0,1186.0,1190.0,7500,0.0,0.0
2023-11-30 11:00:00+09:00,1188.0,1196.0,1188.0,1193.0,0,0.0,0.0
2023-11-30 12:00:00+09:00,1182.0,1193.0,1182.0,1192.0,22700,0.0,0.0
2023-11-30 13:00:00+09:00,1192.0,1194.0,1188.0,1194.0,1700,0.0,0.0
2023-11-30 14:00:00+09:00,1195.0,1198.0,1191.0,1195.0,7300,0.0,0.0
2023-12-01 09:00:00+09:00,1187.0,1211.0,1187.0,1207.0,15500,0.0,0.0
2023-12-01 10:00:00+09:00,1209.0,1216.0,1209.0,1211.0,0,0.0,0.0
2023-12-01 11:00:00+09:00,1211.0,1216.0,1210.0,1216.0,0,0.0,0.0
2023-12-01 12:00:00+09:00,1214.0,1220.0,1214.0,1218.0,35200,0.0,0.0
2023-12-01 13:00:00+09:00,1218.0,1218.0,1211.0,1211.0,3000,0.0,0.0
2023-12-01 14:00:00+09:00,1211.0,1211.0,1194.0,1202.0,11500,0.0,0.0
2023-12-04 09:00:00+09:00,1202.0,1202.0,1188.0,1196.0,0,0.0,0.0
2023-12-04 10:00:00+09:00,1193.0,1197.0,1193.0,1193.0,9900,0.0,0.0
2023-12-04 11:00:00+09:00,1196.0,1196.0,1194.0,1194.0,0,0.0,0.0
2023-12-04 12:00:00+09:00,1192.0,1195.0,1192.0,1195.0,13200,0.0,0.0
2023-12-04 14:00:00+09:00,1194.0,1197.0,1192.0,1193.0,4500,0.0,0.0
2023-12-05 09:00:00+09:00,1178.0,1200.0,1178.0,1196.0,5700,0.0,0.0
2023-12-05 10:00:00+09:00,1196.0,1200.0,1193.0,1194.0,7300,0.0,0.0
2023-12-05 11:00:00+09:00,1194.0,1194.0,1193.0,1193.0,0,0.0,0.0
2023-12-05 12:00:00+09:00,1186.0,1194.0,1186.0,1187.0,15000,0.0,0.0
2023-12-05 13:00:00+09:00,1188.0,1190.0,1180.0,1180.0,3500,0.0,0.0
2023-12-05 14:00:00+09:00,1179.0,1179.0,1163.0,1163.0,10100,0.0,0.0
2023-12-06 09:00:00+09:00,1162.0,1190.0,1162.0,1180.0,0,0.0,0.0
2023-12-06 10:00:00+09:00,1184.0,1184.0,1180.0,1180.0,9700,0.0,0.0
2023-12-06 11:00:00+09:00,1177.0,1181.0,1175.0,1181.0,0,0.0,0.0
2023-12-06 12:00:00+09:00,1182.0,1187.0,1182.0,1187.0,16400,0.0,0.0
2023-12-06 13:00:00+09:00,1187.0,1193.0,1186.0,1192.0,5900,0.0,0.0
2023-12-06 14:00:00+09:00,1192.0,1202.0,1192.0,1195.0,9500,0.0,0.0
2023-12-07 09:00:00+09:00,1184.0,1189.0,1174.0,1186.0,6300,0.0,0.0
2023-12-07 10:00:00+09:00,1190.0,1202.0,1190.0,1199.0,2700,0.0,0.0
2023-12-07 11:00:00+09:00,1197.0,1201.0,1196.0,1201.0,0,0.0,0.0
2023-12-07 12:00:00+09:00,1204.0,1204.0,1200.0,1203.0,14700,0.0,0.0
2023-12-07 13:00:00+09:00,1202.0,1204.0,1202.0,1204.0,1200,0.0,0.0
2023-12-07 14:00:00+09:00,1204.0,1208.0,1202.0,1202.0,10400,0.0,0.0
2023-12-08 09:00:00+09:00,1199.0,1200.0,1179.0,1189.0,18400,0.0,0.0
2023-12-08 10:00:00+09:00,1183.0,1186.0,1180.0,1184.0,3200,0.0,0.0
2023-12-08 11:00:00+09:00,1183.0,1185.0,1183.0,1185.0,0,0.0,0.0
2023-12-08 12:00:00+09:00,1186.0,1186.0,1181.0,1182.0,24300,0.0,0.0
2023-12-08 13:00:00+09:00,1180.0,1181.0,1174.0,1174.0,5600,0.0,0.0
2023-12-08 14:00:00+09:00,1175.0,1175.0,1164.0,1168.0,12400,0.0,0.0
2023-12-11 09:00:00+09:00,1169.0,1169.0,1143.0,1155.0,15100,0.0,0.0
2023-12-11 10:00:00+09:00,1158.0,1170.0,1158.0,1168.0,7500,0.0,0.0
2023-12-11 11:00:00+09:00,1169.0,1171.0,1167.0,1168.0,0,0.0,0.0
2023-12-11 12:00:00+09:00,1164.0,1166.0,1157.0,1157.0,27700,0.0,0.0
2023-12-11 13:00:00+09:00,1159.0,1161.0,1151.0,1151.0,5800,0.0,0.0
2023-12-11 14:00:00+09:00,1153.0,1158.0,1150.0,1158.0,8700,0.0,0.0
2023-12-12 09:00:00+09:00,1160.0,1160.0,1150.0,1158.0,4200,0.0,0.0
2023-12-12 10:00:00+09:00,1154.0,1168.0,1151.0,1166.0,5800,0.0,0.0
2023-12-12 11:00:00+09:00,1164.0,1165.0,1161.0,1164.0,0,0.0,0.0
2023-12-12 12:00:00+09:00,1168.0,1169.0,1165.0,1168.0,15300,0.0,0.0
2023-12-12 13:00:00+09:00,1165.0,1165.0,1157.0,1159.0,2400,0.0,0.0
2023-12-12 14:00:00+09:00,1158.0,1167.0,1155.0,1166.0,6500,0.0,0.0
2023-12-13 09:00:00+09:00,1160.0,1165.0,1152.0,1164.0,5300,0.0,0.0
2023-12-13 10:00:00+09:00,1161.0,1163.0,1150.0,1150.0,4000,0.0,0.0
2023-12-13 11:00:00+09:00,1149.0,1156.0,1148.0,1148.0,0,0.0,0.0
2023-12-13 12:00:00+09:00,1148.0,1154.0,1146.0,1150.0,18800,0.0,0.0
2023-12-13 13:00:00+09:00,1149.0,1155.0,1148.0,1155.0,2400,0.0,0.0
2023-12-13 14:00:00+09:00,1155.0,1158.0,1153.0,1153.0,4500,0.0,0.0
2023-12-14 09:00:00+09:00,1151.0,1159.0,1147.0,1151.0,6800,0.0,0.0
2023-12-14 10:00:00+09:00,1153.0,1153.0,1150.0,1153.0,6200,0.0,0.0
2023-12-14 11:00:00+09:00,1156.0,1158.0,1156.0,1158.0,0,0.0,0.0
2023-12-14 12:00:00+09:00,1147.0,1155.0,1147.0,1155.0,15800,0.0,0.0
2023-12-14 13:00:00+09:00,1153.0,1156.0,1150.0,1156.0,0,0.0,0.0
2023-12-14 14:00:00+09:00,1154.0,1154.0,1152.0,1152.0,22700,0.0,0.0
2023-12-15 09:00:00+09:00,1153.0,1169.0,1149.0,1149.0,0,0.0,0.0
2023-12-15 10:00:00+09:00,1149.0,1151.0,1144.0,1151.0,7800,0.0,0.0
2023-12-15 11:00:00+09:00,1151.0,1151.0,1149.0,1149.0,0,0.0,0.0
2023-12-15 12:00:00+09:00,1149.0,1149.0,1145.0,1148.0,9600,0.0,0.0
2023-12-15 13:00:00+09:00,1143.0,1146.0,1140.0,1140.0,0,0.0,0.0
2023-12-15 14:00:00+09:00,1141.0,1144.0,1137.0,1143.0,19500,0.0,0.0
2023-12-18 09:00:00+09:00,1131.0,1158.0,1131.0,1152.0,8400,0.0,0.0
2023-12-18 10:00:00+09:00,1149.0,1157.0,1148.0,1157.0,1700,0.0,0.0
2023-12-18 11:00:00+09:00,1157.0,1166.0,1157.0,1166.0,0,0.0,0.0
2023-12-18 12:00:00+09:00,1159.0,1163.0,1159.0,1163.0,11700,0.0,0.0
2023-12-18 13:00:00+09:00,1163.0,1173.0,1163.0,1172.0,2100,0.0,0.0
2023-12-18 14:00:00+09:00,1173.0,1176.0,1171.0,1172.0,3200,0.0,0.0
2023-12-19 09:00:00+09:00,1172.0,1187.0,1172.0,1183.0,0,0.0,0.0
2023-12-19 10:00:00+09:00,1183.0,1188.0,1180.0,1184.0,6500,0.0,0.0
2023-12-19 11:00:00+09:00,1188.0,1189.0,1186.0,1186.0,0,0.0,0.0
2023-12-19 12:00:00+09:00,1191.0,1196.0,1190.0,1194.0,10500,0.0,0.0
2023-12-19 13:00:00+09:00,1191.0,1191.0,1182.0,1188.0,4500,0.0,0.0
2023-12-19 14:00:00+09:00,1187.0,1193.0,1184.0,1193.0,6800,0.0,0.0
2023-12-20 09:00:00+09:00,1201.0,1211.0,1194.0,1194.0,12400,0.0,0.0
2023-12-20 10:00:00+09:00,1194.0,1207.0,1194.0,1206.0,5800,0.0,0.0
2023-12-20 11:00:00+09:00,1206.0,1206.0,1201.0,1201.0,0,0.0,0.0
2023-12-20 12:00:00+09:00,1200.0,1200.0,1198.0,1199.0,20900,0.0,0.0
2023-12-20 13:00:00+09:00,1194.0,1194.0,1190.0,1190.0,2300,0.0,0.0
2023-12-20 14:00:00+09:00,1189.0,1196.0,1187.0,1195.0,7900,0.0,0.0
2023-12-21 09:00:00+09:00,1173.0,1192.0,1173.0,1180.0,5500,0.0,0.0
2023-12-21 10:00:00+09:00,1184.0,1187.0,1165.0,1165.0,5600,0.0,0.0
2023-12-21 11:00:00+09:00,1160.0,1160.0,1152.0,1154.0,0,0.0,0.0
2023-12-21 12:00:00+09:00,1152.0,1157.0,1144.0,1157.0,20100,0.0,0.0
2023-12-21 13:00:00+09:00,1154.0,1163.0,1154.0,1161.0,3000,0.0,0.0
2023-12-21 14:00:00+09:00,1161.0,1163.0,1157.0,1158.0,5900,0.0,0.0
2023-12-22 09:00:00+09:00,1170.0,1182.0,1170.0,1178.0,4400,0.0,0.0
2023-12-22 10:00:00+09:00,1179.0,1181.0,1175.0,1181.0,3300,0.0,0.0
2023-12-22 11:00:00+09:00,1181.0,1181.0,1177.0,1178.0,0,0.0,0.0
2023-12-22 12:00:00+09:00,1180.0,1180.0,1174.0,1176.0,10500,0.0,0.0
2023-12-22 13:00:00+09:00,1173.0,1178.0,1172.0,1178.0,1000,0.0,0.0
2023-12-22 14:00:00+09:00,1178.0,1187.0,1178.0,1183.0,4300,0.0,0.0
2023-12-25 09:00:00+09:00,1195.0,1195.0,1178.0,1178.0,11700,0.0,0.0
2023-12-25 10:00:00+09:00,1174.0,1176.0,1167.0,1167.0,2600,0.0,0.0
2023-12-25 11:00:00+09:00,1170.0,1170.0,1170.0,1170.0,0,0.0,0.0
2023-12-25 12:00:00+09:00,1172.0,1172.0,1169.0,1169.0,14700,0.0,0.0
2023-12-25 13:00:00+09:00,1167.0,1169.0,1165.0,1166.0,700,0.0,0.0
2023-12-25 14:00:00+09:00,1164.0,1171.0,1164.0,1171.0,2700,0.0,0.0
2023-12-26 09:00:00+09:00,1171.0,1180.0,1171.0,1180.0,6200,0.0,0.0
2023-12-26 10:00:00+09:00,1181.0,1181.0,1172.0,1172.0,2300,0.0,0.0
2023-12-26 11:00:00+09:00,1172.0,1172.0,1172.0,1172.0,0,0.0,0.0
2023-12-26 12:00:00+09:00,1172.0,1175.0,1172.0,1172.0,9200,0.0,0.0
2023-12-26 13:00:00+09:00,1170.0,1170.0,1169.0,1169.0,400,0.0,0.0
2023-12-26 14:00:00+09:00,1168.0,1171.0,1166.0,1169.0,3300,0.0,0.0
2023-12-27 09:00:00+09:00,1170.0,1180.0,1167.0,1174.0,0,0.0,0.0
2023-12-27 10:00:00+09:00,1174.0,1177.0,1173.0,1174.0,6700,0.0,0.0
2023-12-27 11:00:00+09:00,1176.0,1176.0,1176.0,1176.0,0,0.0,0.0
2023-12-27 12:00:00+09:00,1176.0,1177.0,1174.0,1176.0,10800,0.0,0.0
2023-12-27 13:00:00+09:00,1177.0,1177.0,1174.0,1176.0,2100,0.0,0.0
2023-12-27 14:00:00+09:00,1176.0,1177.0,1170.0,1173.0,7800,0.0,0.0
2023-12-28 09:00:00+09:00,1164.0,1167.0,1163.0,1166.0,1200,0.0,0.0
2023-12-28 10:00:00+09:00,1166.0,1166.0,1160.0,1161.0,1800,0.0,0.0
2023-12-28 11:00:00+09:00,1159.0,1159.0,1156.0,1156.0,0,0.0,0.0
2023-12-28 12:00:00+09:00,1151.0,1157.0,1150.0,1157.0,11200,0.0,0.0
2023-12-28 13:00:00+09:00,1156.0,1156.0,1153.0,1155.0,1500,0.0,0.0
2023-12-28 14:00:00+09:00,1155.0,1157.0,1152.0,1155.0,2400,0.0,0.0
2023-12-29 09:00:00+09:00,1165.0,1174.0,1164.0,1174.0,3200,0.0,0.0
2023-12-29 10:00:00+09:00,1175.0,1175.0,1170.0,1175.0,1500,0.0,0.0
2023-12-29 11:00:00+09:00,1173.0,1177.0,1172.0,1177.0,0,0.0,0.0
2023-12-29 12:00:00+09:00,1174.0,1176.0,1174.0,1176.0,6600,0.0,0.0
2023-12-29 13:00:00+09:00,1173.0,1174.0,1164.0,1166.0,2500,0.0,0.0
2023-12-29 14:00:00+09:00,1163.0,1166.0,1160.0,1166.0,4800,0.0,0.0
2024-01-04 09:00:00+09:00,1170.0,1171.0,1152.0,1171.0,5400,0.0,0.0
2024-01-04 10:00:00+09:00,1173.0,1180.0,1173.0,1178.0,3000,0.0,0.0
2024-01-04 11:00:00+09:00,1179.0,1182.0,1179.0,1182.0,0,0.0,0.0
2024-01-04 12:00:00+09:00,1190.0,1194.0,1185.0,1191.0,29200,0.0,0.0
2024-01-04 13:00:00+09:00,1192.0,1204.0,1192.0,1200.0,5800,0.0,0.0
2024-01-04 14:00:00+09:00,1200.0,1210.0,1200.0,1204.0,10800,0.0,0.0
2024-01-05 09:00:00+09:00,1217.0,1233.0,1217.0,1223.0,14100,0.0,0.0
2024-01-05 10:00:00+09:00,1225.0,1246.0,1225.0,1243.0,17300,0.0,0.0
2024-01-05 11:00:00+09:00,1247.0,1249.0,1241.0,1248.0,0,0.0,0.0
2024-01-05 12:00:00+09:00,1250.0,1261.0,1249.0,1257.0,48600,0.0,0.0
2024-01-05 13:00:00+09:00,1257.0,1261.0,1255.0,1259.0,4300,0.0,0.0
2024-01-05 14:00:00+09:00,1259.0,1264.0,1255.0,1263.0,12600,0.0,0.0
2024-01-09 09:00:00+09:00,1280.0,1301.0,1271.0,1290.0,18800,0.0,0.0
2024-01-09 10:00:00+09:00,1292.0,1295.0,1287.0,1287.0,7500,0.0,0.0
2024-01-09 11:00:00+09:00,1287.0,1290.0,1287.0,1290.0,0,0.0,0.0
2024-01-09 12:00:00+09:00,1290.0,1299.0,1286.0,1299.0,40500,0.0,0.0
2024-01-09 13:00:00+09:00,1300.0,1302.0,1291.0,1297.0,11500,0.0,0.0
2024-01-09 14:00:00+09:00,1295.0,1299.0,1289.0,1298.0,17000,0.0,0.0
2024-01-10 09:00:00+09:00,1289.0,1316.0,1289.0,1313.0,24900,0.0,0.0
2024-01-10 10:00:00+09:00,1314.0,1327.0,1314.0,1325.0,17700,0.0,0.0
2024-01-10 11:00:00+09:00,1328.0,1328.0,1311.0,1311.0,0,0.0,0.0
2024-01-10 12:00:00+09:00,1301.0,1309.0,1294.0,1302.0,60300,0.0,0.0
2024-01-10 13:00:00+09:00,1301.0,1323.0,1301.0,1320.0,14200,0.0,0.0
2024-01-10 14:00:00+09:00,1320.0,1347.0,1312.0,1337.0,44200,0.0,0.0
2024-01-11 09:00:00+09:00,1347.0,1361.0,1327.0,1330.0,17000,0.0,0.0
2024-01-11 10:00:00+09:00,1332.0,1337.0,1319.0,1320.0,13600,0.0,0.0
2024-01-11 11:00:00+09:00,1320.0,1324.0,1317.0,1318.0,0,0.0,0.0
2024-01-11 12:00:00+09:00,1324.0,1324.0,1314.0,1316.0,43000,0.0,0.0
2024-01-11 13:00:00+09:00,1316.0,1327.0,1306.0,1326.0,22700,0.0,0.0
2024-01-11 14:00:00+09:00,1327.0,1333.0,1320.0,1332.0,27900,0.0,0.0
2024-01-12 09:00:00+09:00,1325.0,1325.0,1299.0,1301.0,0,0.0,0.0
2024-01-12 10:00:00+09:00,1298.0,1298.0,1286.0,1288.0,6700,0.0,0.0
2024-01-12 11:00:00+09:00,1286.0,1286.0,1276.0,1276.0,0,0.0,0.0
2024-01-12 12:00:00+09:00,1275.0,1278.0,1273.0,1274.0,32100,0.0,0.0
2024-01-12 13:00:00+09:00,1272.0,1280.0,1263.0,1280.0,17900,0.0,0.0
2024-01-12 14:00:00+09:00,1280.0,1281.0,1259.0,1259.0,14700,0.0,0.0
2024-01-15 09:00:00+09:00,1259.0,1301.0,1259.0,1300.0,14900,0.0,0.0
2024-01-15 10:00:00+09:00,1300.0,1313.0,1299.0,1310.0,12000,0.0,0.0
2024-01-15 11:00:00+09:00,1310.0,1317.0,1309.0,1317.0,0,0.0,0.0
2024-01-15 12:00:00+09:00,1320.0,1325.0,1319.0,1322.0,32600,0.0,0.0
2024-01-15 13:00:00+09:00,1322.0,1323.0,1315.0,1315.0,10000,0.0,0.0
2024-01-15 14:00:00+09:00,1314.0,1315.0,1304.0,1308.0,9500,0.0,0.0
2024-01-16 09:00:00+09:00,1312.0,1315.0,1289.0,1295.0,6100,0.0,0.0
2024-01-16 10:00:00+09:00,1293.0,1294.0,1280.0,1285.0,6100,0.0,0.0
2024-01-16 11:00:00+09:00,1288.0,1289.0,1288.0,1289.0,0,0.0,0.0
2024-01-16 12:00:00+09:00,1289.0,1291.0,1285.0,1290.0,17500,0.0,0.0
2024-01-16 13:00:00+09:00,1291.0,1291.0,1286.0,1289.0,2700,0.0,0.0
2024-01-16 14:00:00+09:00,1287.0,1289.0,1280.0,1285.0,13100,0.0,0.0
2024-01-17 09:00:00+09:00,1300.0,1303.0,1284.0,1294.0,6600,0.0,0.0
2024-01-17 10:00:00+09:00,1289.0,1293.0,1281.0,1283.0,3100,0.0,0.0
2024-01-17 11:00:00+09:00,1278.0,1278.0,1265.0,1269.0,0,0.0,0.0
2024-01-17 12:00:00+09:00,1264.0,1276.0,1264.0,1272.0,17700,0.0,0.0
2024-01-17 13:00:00+09:00,1273.0,1292.0,1273.0,1286.0,4000,0.0,0.0
2024-01-17 14:00:00+09:00,1287.0,1297.0,1279.0,1279.0,13400,0.0,0.0
2024-01-18 09:00:00+09:00,1277.0,1283.0,1269.0,1278.0,3500,0.0,0.0
2024-01-18 10:00:00+09:00,1276.0,1276.0,1266.0,1271.0,2700,0.0,0.0
2024-01-18 11:00:00+09:00,1270.0,1273.0,1267.0,1273.0,0,0.0,0.0
2024-01-18 12:00:00+09:00,1273.0,1273.0,1266.0,1266.0,8600,0.0,0.0
2024-01-18 13:00:00+09:00,1268.0,1277.0,1268.0,1277.0,2900,0.0,0.0
2024-01-18 14:00:00+09:00,1278.0,1281.0,1277.0,1277.0,3000,0.0,0.0
2024-01-19 09:00:00+09:00,1274.0,1274.0,1241.0,1241.0,5500,0.0,0.0
2024-01-19 10:00:00+09:00,1241.0,1245.0,1233.0,1244.0,3300,0.0,0.0
2024-01-19 11:00:00+09:00,1244.0,1244.0,1236.0,1238.0,0,0.0,0.0
2024-01-19 12:00:00+09:00,1234.0,1236.0,1223.0,1224.0,13700,0.0,0.0
2024-01-19 13:00:00+09:00,1222.0,1226.0,1219.0,1219.0,5500,0.0,0.0
2024-01-19 14:00:00+09:00,1221.0,1225.0,1211.0,1214.0,13100,0.0,0.0
2024-01-22 09:00:00+09:00,1217.0,1237.0,1217.0,1230.0,0,0.0,0.0
2024-01-22 10:00:00+09:00,1229.0,1247.0,1227.0,1242.0,7700,0.0,0.0
2024-01-22 11:00:00+09:00,1240.0,1241.0,1238.0,1238.0,0,0.0,0.0
2024-01-22 12:00:00+09:00,1248.0,1250.0,1243.0,1246.0,15600,0.0,0.0
2024-01-22 13:00:00+09:00,1243.0,1248.0,1240.0,1247.0,1900,0.0,0.0
2024-01-22 14:00:00+09:00,1245.0,1249.0,1243.0,1245.0,5400,0.0,0.0
2024-01-23 09:00:00+09:00,1260.0,1262.0,1247.0,1247.0,5700,0.0,0.0
2024-01-23 10:00:00+09:00,1247.0,1261.0,1247.0,1258.0,4300,0.0,0.0
2024-01-23 11:00:00+09:00,1257.0,1258.0,1253.0,1253.0,0,0.0,0.0
2024-01-23 12:00:00+09:00,1262.0,1262.0,1250.0,1250.0,12700,0.0,0.0
2024-01-23 13:00:00+09:00,1252.0,1257.0,1248.0,1253.0,2900,0.0,0.0
2024-01-23 14:00:00+09:00,1253.0,1254.0,1248.0,1252.0,3900,0.0,0.0
2024-01-24 09:00:00+09:00,1252.0,1269.0,1249.0,1258.0,8400,0.0,0.0
2024-01-24 10:00:00+09:00,1258.0,1261.0,1245.0,1247.0,5300,0.0,0.0
2024-01-24 11:00:00+09:00,1246.0,1250.0,1245.0,1250.0,0,0.0,0.0
2024-01-24 12:00:00+09:00,1254.0,1257.0,1252.0,1253.0,21100,0.0,0.0
2024-01-24 13:00:00+09:00,1254.0,1254.0,1247.0,1251.0,4100,0.0,0.0
2024-01-24 14:00:00+09:00,1250.0,1258.0,1249.0,1251.0,10600,0.0,0.0
2024-01-25 09:00:00+09:00,1224.0,1236.0,1198.0,1215.0,0,0.0,0.0
2024-01-25 10:00:00+09:00,1213.0,1230.0,1213.0,1230.0,59500,0.0,0.0
2024-01-25 11:00:00+09:00,1228.0,1231.0,1228.0,1230.0,0,0.0,0.0
2024-01-25 12:00:00+09:00,1235.0,1241.0,1235.0,1240.0,66400,0.0,0.0
2024-01-25 13:00:00+09:00,1242.0,1243.0,1236.0,1237.0,4300,0.0,0.0
2024-01-25 14:00:00+09:00,1238.0,1238.0,1231.0,1232.0,8800,0.0,0.0
2024-01-26 09:00:00+09:00,1222.0,1222.0,1198.0,1206.0,16300,0.0,0.0
2024-01-26 10:00:00+09:00,1205.0,1205.0,1200.0,1203.0,8300,0.0,0.0
2024-01-26 11:00:00+09:00,1203.0,1204.0,1198.0,1201.0,0,0.0,0.0
2024-01-26 12:00:00+09:00,1204.0,1206.0,1201.0,1204.0,33500,0.0,0.0
2024-01-26 13:00:00+09:00,1203.0,1204.0,1200.0,1203.0,6100,0.0,0.0
2024-01-26 14:00:00+09:00,1204.0,1214.0,1203.0,1205.0,9800,0.0,0.0
2024-01-29 09:00:00+09:00,1201.0,1216.0,1199.0,1203.0,10800,0.0,0.0
2024-01-29 10:00:00+09:00,1200.0,1208.0,1200.0,1204.0,2500,0.0,0.0
2024-01-29 11:00:00+09:00,1204.0,1208.0,1203.0,1208.0,0,0.0,0.0
2024-01-29 12:00:00+09:00,1208.0,1208.0,1204.0,1206.0,17100,0.0,0.0
2024-01-29 13:00:00+09:00,1205.0,1207.0,1203.0,1206.0,2000,0.0,0.0
2024-01-29 14:00:00+09:00,1206.0,1210.0,1206.0,1206.0,4100,0.0,0.0
2024-01-30 09:00:00+09:00,1210.0,1223.0,1207.0,1210.0,11100,0.0,0.0
2024-01-30 10:00:00+09:00,1212.0,1212.0,1200.0,1204.0,5900,0.0,0.0
2024-01-30 11:00:00+09:00,1202.0,1203.0,1198.0,1202.0,0,0.0,0.0
2024-01-30 12:00:00+09:00,1213.0,1213.0,1195.0,1195.0,23200,0.0,0.0
2024-01-30 13:00:00+09:00,1196.0,1208.0,1195.0,1204.0,7900,0.0,0.0
2024-01-30 14:00:00+09:00,1208.0,1240.0,1208.0,1233.0,45100,0.0,0.0
2024-01-31 09:00:00+09:00,1233.0,1236.0,1193.0,1236.0,26800,0.0,0.0
2024-01-31 10:00:00+09:00,1236.0,1280.0,1235.0,1277.0,18400,0.0,0.0
2024-01-31 11:00:00+09:00,1279.0,1279.0,1254.0,1257.0,0,0.0,0.0
2024-01-31 12:00:00+09:00,1262.0,1264.0,1254.0,1254.0,52500,0.0,0.0
2024-01-31 13:00:00+09:00,1253.0,1257.0,1249.0,1251.0,5400,0.0,0.0
2024-01-31 14:00:00+09:00,1252.0,1257.0,1245.0,1250.0,10600,0.0,0.0
2024-02-01 09:00:00+09:00,1250.0,1279.0,1240.0,1253.0,11300,0.0,0.0
2024-02-01 10:00:00+09:00,1253.0,1265.0,1253.0,1265.0,4900,0.0,0.0
2024-02-01 11:00:00+09:00,1263.0,1267.0,1261.0,1267.0,0,0.0,0.0
2024-02-01 12:00:00+09:00,1262.0,1267.0,1260.0,1262.0,24500,0.0,0.0
2024-02-01 13:00:00+09:00,1262.0,1265.0,1256.0,1262.0,8000,0.0,0.0
2024-02-01 14:00:00+09:00,1262.0,1268.0,1255.0,1262.0,14000,0.0,0.0
2024-02-02 09:00:00+09:00,1261.0,1263.0,1207.0,1242.0,19700,0.0,0.0
2024-02-02 10:00:00+09:00,1241.0,1254.0,1240.0,1253.0,4500,0.0,0.0
2024-02-02 11:00:00+09:00,1251.0,1253.0,1246.0,1246.0,0,0.0,0.0
2024-02-02 12:00:00+09:00,1254.0,1254.0,1244.0,1244.0,30400,0.0,0.0
2024-02-02 13:00:00+09:00,1243.0,1244.0,1234.0,1238.0,10500,0.0,0.0
2024-02-02 14:00:00+09:00,1239.0,1240.0,1229.0,1229.0,9700,0.0,0.0
2024-02-05 09:00:00+09:00,1227.0,1227.0,1204.0,1210.0,0,0.0,0.0
2024-02-05 10:00:00+09:00,1212.0,1212.0,1197.0,1202.0,11400,0.0,0.0
2024-02-05 11:00:00+09:00,1203.0,1205.0,1198.0,1205.0,0,0.0,0.0
2024-02-05 12:00:00+09:00,1208.0,1208.0,1200.0,1207.0,17800,0.0,0.0
2024-02-05 13:00:00+09:00,1205.0,1212.0,1202.0,1210.0,3800,0.0,0.0
2024-02-05 14:00:00+09:00,1209.0,1216.0,1209.0,1209.0,6000,0.0,0.0
2024-02-06 09:00:00+09:00,1206.0,1216.0,1199.0,1204.0,6400,0.0,0.0
2024-02-06 10:00:00+09:00,1206.0,1210.0,1206.0,1208.0,1300,0.0,0.0
2024-02-06 11:00:00+09:00,1208.0,1210.0,1207.0,1207.0,0,0.0,0.0
2024-02-06 12:00:00+09:00,1201.0,1211.0,1201.0,1209.0,12500,0.0,0.0
2024-02-06 13:00:00+09:00,1210.0,1218.0,1209.0,1213.0,5400,0.0,0.0
2024-02-06 14:00:00+09:00,1214.0,1218.0,1209.0,1211.0,9100,0.0,0.0
2024-02-07 09:00:00+09:00,1198.0,1210.0,1198.0,1208.0,7300,0.0,0.0
2024-02-07 10:00:00+09:00,1207.0,1212.0,1205.0,1205.0,2200,0.0,0.0
2024-02-07 11:00:00+09:00,1205.0,1207.0,1204.0,1207.0,0,0.0,0.0
2024-02-07 12:00:00+09:00,1207.0,1207.0,1205.0,1206.0,12200,0.0,0.0
2024-02-07 13:00:00+09:00,1209.0,1219.0,1209.0,1214.0,3100,0.0,0.0
2024-02-07 14:00:00+09:00,1215.0,1215.0,1210.0,1210.0,5200,0.0,0.0
2024-02-08 09:00:00+09:00,1198.0,1201.0,1166.0,1181.0,15500,0.0,0.0
2024-02-08 10:00:00+09:00,1181.0,1186.0,1174.0,1186.0,11100,0.0,0.0
2024-02-08 11:00:00+09:00,1187.0,1187.0,1181.0,1183.0,0,0.0,0.0
2024-02-08 12:00:00+09:00,1187.0,1190.0,1184.0,1184.0,31300,0.0,0.0
2024-02-08 13:00:00+09:00,1184.0,1192.0,1184.0,1189.0,4900,0.0,0.0
2024-02-08 14:00:00+09:00,1190.0,1202.0,1189.0,1202.0,12000,0.0,0.0
2024-02-09 09:00:00+09:00,1198.0,1217.0,1198.0,1216.0,10200,0.0,0.0
2024-02-09 10:00:00+09:00,1216.0,1220.0,1210.0,1212.0,7300,0.0,0.0
2024-02-09 11:00:00+09:00,1211.0,1211.0,1206.0,1208.0,0,0.0,0.0
2024-02-09 12:00:00+09:00,1208.0,1210.0,1205.0,1207.0,21800,0.0,0.0
2024-02-09 13:00:00+09:00,1209.0,1210.0,1204.0,1208.0,2900,0.0,0.0
2024-02-09 14:00:00+09:00,1206.0,1211.0,1205.0,1205.0,6100,0.0,0.0
2024-02-13 09:00:00+09:00,1209.0,1224.0,1201.0,1219.0,0,0.0,0.0
2024-02-13 10:00:00+09:00,1214.0,1219.0,1214.0,1219.0,4100,0.0,0.0
2024-02-13 11:00:00+09:00,1219.0,1227.0,1219.0,1227.0,0,0.0,0.0
2024-02-13 12:00:00+09:00,1221.0,1227.0,1221.0,1227.0,19000,0.0,0.0
2024-02-13 13:00:00+09:00,1226.0,1233.0,1219.0,1219.0,17300,0.0,0.0
2024-02-13 14:00:00+09:00,1221.0,1221.0,1211.0,1216.0,16700,0.0,0.0
2024-02-14 09:00:00+09:00,1208.0,1210.0,1200.0,1210.0,6400,0.0,0.0
2024-02-14 10:00:00+09:00,1206.0,1212.0,1202.0,1202.0,4500,0.0,0.0
2024-02-14 11:00:00+09:00,1202.0,1207.0,1201.0,1207.0,0,0.0,0.0
2024-02-14 12:00:00+09:00,1205.0,1207.0,1205.0,1205.0,14600,0.0,0.0
2024-02-14 13:00:00+09:00,1205.0,1212.0,1204.0,1210.0,2500,0.0,0.0
2024-02-14 14:00:00+09:00,1208.0,1218.0,1206.0,1209.0,6500,0.0,0.0
2024-02-15 09:00:00+09:00,1215.0,1228.0,1202.0,1209.0,7900,0.0,0.0
2024-02-15 10:00:00+09:00,1206.0,1214.0,1206.0,1209.0,2700,0.0,0.0
2024-02-15 11:00:00+09:00,1213.0,1213.0,1205.0,1206.0,0,0.0,0.0
2024-02-15 12:00:00+09:00,1202.0,1209.0,1202.0,1209.0,14600,0.0,0.0
2024-02-15 13:00:00+09:00,1208.0,1224.0,1208.0,1219.0,10300,0.0,0.0
2024-02-15 14:00:00+09:00,1220.0,1234.0,1220.0,1223.0,15700,0.0,0.0
2024-02-16 09:00:00+09:00,1229.0,1263.0,1224.0,1263.0,0,0.0,0.0
2024-02-16 10:00:00+09:00,1263.0,1266.0,1257.0,1266.0,19100,0.0,0.0
2024-02-16 11:00:00+09:00,1266.0,1272.0,1266.0,1272.0,0,0.0,0.0
2024-02-16 12:00:00+09:00,1295.0,1295.0,1284.0,1289.0,26200,0.0,0.0
2024-02-16 13:00:00+09:00,1288.0,1290.0,1281.0,1287.0,8500,0.0,0.0
2024-02-16 14:00:00+09:00,1287.0,1297.0,1283.0,1297.0,25200,0.0,0.0
2024-02-19 09:00:00+09:00,1298.0,1298.0,1265.0,1269.0,8700,0.0,0.0
2024-02-19 10:00:00+09:00,1266.0,1268.0,1234.0,1234.0,10000,0.0,0.0
2024-02-19 11:00:00+09:00,1234.0,1234.0,1226.0,1226.0,0,0.0,0.0
2024-02-19 12:00:00+09:00,1226.0,1229.0,1224.0,1228.0,32000,0.0,0.0
2024-02-19 13:00:00+09:00,1227.0,1247.0,1226.0,1243.0,17400,0.0,0.0
2024-02-19 14:00:00+09:00,1243.0,1249.0,1243.0,1243.0,11200,0.0,0.0
2024-02-20 09:00:00+09:00,1250.0,1259.0,1240.0,1247.0,5900,0.0,0.0
2024-02-20 10:00:00+09:00,1243.0,1243.0,1226.0,1226.0,7100,0.0,0.0
2024-02-20 11:00:00+09:00,1222.0,1225.0,1221.0,1222.0,0,0.0,0.0
2024-02-20 12:00:00+09:00,1225.0,1227.0,1218.0,1225.0,18600,0.0,0.0
2024-02-20 13:00:00+09:00,1226.0,1227.0,1190.0,1190.0,15300,0.0,0.0
2024-02-20 14:00:00+09:00,1190.0,1191.0,1175.0,1177.0,25500,0.0,0.0
2024-02-21 09:00:00+09:00,1172.0,1182.0,1155.0,1155.0,20000,0.0,0.0
2024-02-21 10:00:00+09:00,1151.0,1151.0,1135.0,1135.0,9500,0.0,0.0
2024-02-21 11:00:00+09:00,1137.0,1139.0,1118.0,1118.0,0,0.0,0.0
2024-02-21 12:00:00+09:00,1117.0,1124.0,1115.0,1123.0,48300,0.0,0.0
2024-02-21 13:00:00+09:00,1123.0,1130.0,1116.0,1118.0,24500,0.0,0.0
2024-02-21 14:00:00+09:00,1117.0,1125.0,1114.0,1120.0,21200,0.0,0.0
2024-02-22 09:00:00+09:00,1119.0,1136.0,1111.0,1132.0,0,0.0,0.0
2024-02-22 10:00:00+09:00,1132.0,1132.0,1118.0,1118.0,19900,0.0,0.0
2024-02-22 11:00:00+09:00,1117.0,1136.0,1117.0,1127.0,0,0.0,0.0
2024-02-22 12:00:00+09:00,1131.0,1131.0,1126.0,1130.0,29000,0.0,0.0
2024-02-22 13:00:00+09:00,1129.0,1130.0,1118.0,1120.0,4100,0.0,0.0
2024-02-22 14:00:00+09:00,1119.0,1139.0,1119.0,1139.0,8800,0.0,0.0
2024-02-26 09:00:00+09:00,1140.0,1140.0,1122.0,1130.0,8600,0.0,0.0
2024-02-26 10:00:00+09:00,1129.0,1129.0,1114.0,1114.0,7100,0.0,0.0
2024-02-26 11:00:00+09:00,1117.0,1118.0,1115.0,1116.0,0,0.0,0.0
2024-02-26 12:00:00+09:00,1115.0,1117.0,1111.0,1117.0,20300,0.0,0.0
2024-02-26 13:00:00+09:00,1117.0,1117.0,1101.0,1105.0,11600,0.0,0.0
2024-02-26 14:00:00+09:00,1105.0,1106.0,1100.0,1100.0,8800,0.0,0.0
2024-02-27 09:00:00+09:00,1095.0,1126.0,1095.0,1120.0,8000,0.0,0.0
2024-02-27 10:00:00+09:00,1115.0,1119.0,1113.0,1117.0,4000,0.0,0.0
2024-02-27 11:00:00+09:00,1115.0,1122.0,1114.0,1115.0,0,0.0,0.0
2024-02-27 12:00:00+09:00,1106.0,1112.0,1104.0,1104.0,21100,0.0,0.0
2024-02-27 13:00:00+09:00,1104.0,1106.0,1095.0,1096.0,7500,0.0,0.0
2024-02-27 14:00:00+09:00,1095.0,1100.0,1090.0,1092.0,7600,0.0,0.0
2024-02-28 09:00:00+09:00,1089.0,1105.0,1087.0,1097.0,0,0.0,0.0
2024-02-28 10:00:00+09:00,1094.0,1094.0,1084.0,1092.0,18800,0.0,0.0
2024-02-28 11:00:00+09:00,1092.0,1093.0,1091.0,1093.0,0,0.0,0.0
2024-02-28 12:00:00+09:00,1089.0,1090.0,1086.0,1090.0,23100,0.0,0.0
2024-02-28 13:00:00+09:00,1091.0,1095.0,1091.0,1091.0,3500,0.0,0.0
2024-02-28 14:00:00+09:00,1091.0,1093.0,1088.0,1088.0,8900,0.0,0.0
2024-02-29 09:00:00+09:00,1099.0,1102.0,1085.0,1102.0,13400,0.0,0.0
2024-02-29 10:00:00+09:00,1101.0,1103.0,1088.0,1088.0,14600,0.0,0.0
2024-02-29 11:00:00+09:00,1089.0,1091.0,1087.0,1091.0,0,0.0,0.0
2024-02-29 12:00:00+09:00,1086.0,1094.0,1086.0,1094.0,34000,0.0,0.0
2024-02-29 13:00:00+09:00,1095.0,1101.0,1094.0,1101.0,4300,0.0,0.0
2024-02-29 14:00:00+09:00,1103.0,1113.0,1102.0,1107.0,17200,0.0,0.0
2024-03-01 09:00:00+09:00,1106.0,1132.0,1106.0,1116.0,14600,0.0,0.0
2024-03-01 10:00:00+09:00,1115.0,1119.0,1114.0,1118.0,3100,0.0,0.0
2024-03-01 11:00:00+09:00,1119.0,1122.0,1118.0,1122.0,0,0.0,0.0
2024-03-01 12:00:00+09:00,1123.0,1127.0,1123.0,1126.0,24500,0.0,0.0
2024-03-01 13:00:00+09:00,1127.0,1128.0,1125.0,1127.0,4900,0.0,0.0
2024-03-01 14:00:00+09:00,1127.0,1136.0,1127.0,1132.0,13200,0.0,0.0
2024-03-04 09:00:00+09:00,1141.0,1157.0,1123.0,1144.0,20100,0.0,0.0
2024-03-04 10:00:00+09:00,1145.0,1149.0,1138.0,1138.0,5300,0.0,0.0
2024-03-04 11:00:00+09:00,1140.0,1148.0,1140.0,1148.0,0,0.0,0.0
2024-03-04 12:00:00+09:00,1152.0,1152.0,1141.0,1146.0,35100,0.0,0.0
2024-03-04 13:00:00+09:00,1145.0,1145.0,1137.0,1139.0,3800,0.0,0.0
2024-03-04 14:00:00+09:00,1139.0,1146.0,1137.0,1145.0,9100,0.0,0.0
2024-03-05 09:00:00+09:00,1145.0,1167.0,1145.0,1159.0,15700,0.0,0.0
2024-03-05 10:00:00+09:00,1162.0,1177.0,1162.0,1169.0,11800,0.0,0.0
2024-03-05 11:00:00+09:00,1167.0,1171.0,1166.0,1169.0,0,0.0,0.0
2024-03-05 12:00:00+09:00,1166.0,1177.0,1166.0,1175.0,34500,0.0,0.0
2024-03-05 13:00:00+09:00,1176.0,1185.0,1176.0,1182.0,7300,0.0,0.0
2024-03-05 14:00:00+09:00,1182.0,1182.0,1175.0,1177.0,7400,0.0,0.0
2024-03-06 09:00:00+09:00,1180.0,1183.0,1160.0,1180.0,9000,0.0,0.0
2024-03-06 10:00:00+09:00,1180.0,1180.0,1171.0,1173.0,4300,0.0,0.0
2024-03-06 11:00:00+09:00,1173.0,1181.0,1173.0,1179.0,0,0.0,0.0
2024-03-06 12:00:00+09:00,1177.0,1183.0,1177.0,1182.0,20000,0.0,0.0
2024-03-06 13:00:00+09:00,1178.0,1178.0,1168.0,1174.0,3600,0.0,0.0
2024-03-06 14:00:00+09:00,1174.0,1176.0,1167.0,1170.0,8200,0.0,0.0
2024-03-07 09:00:00+09:00,1182.0,1203.0,1182.0,1195.0,16300,0.0,0.0
2024-03-07 10:00:00+09:00,1193.0,1194.0,1179.0,1179.0,3900,0.0,0.0
2024-03-07 11:00:00+09:00,1179.0,1187.0,1179.0,1187.0,0,0.0,0.0
2024-03-07 12:00:00+09:00,1177.0,1177.0,1166.0,1170.0,28800,0.0,0.0
2024-03-07 13:00:00+09:00,1169.0,1170.0,1163.0,1169.0,3600,0.0,0.0
2024-03-07 14:00:00+09:00,1169.0,1169.0,1157.0,1163.0,3500,0.0,0.0
2024-03-08 09:00:00+09:00,1157.0,1175.0,1153.0,1173.0,29100,0.0,0.0
2024-03-08 10:00:00+09:00,1172.0,1172.0,1168.0,1168.0,1600,0.0,0.0
2024-03-08 11:00:00+09:00,1166.0,1172.0,1162.0,1172.0,0,0.0,0.0
2024-03-08 12:00:00+09:00,1165.0,1176.0,1165.0,1174.0,33600,0.0,0.0
2024-03-08 13:00:00+09:00,1176.0,1180.0,1166.0,1166.0,8100,0.0,0.0
2024-03-08 14:00:00+09:00,1165.0,1165.0,1154.0,1164.0,7600,0.0,0.0
2024-03-11 09:00:00+09:00,1151.0,1179.0,1134.0,1177.0,12200,0.0,0.0
2024-03-11 10:00:00+09:00,1178.0,1201.0,1175.0,1200.0,18000,0.0,0.0
2024-03-11 11:00:00+09:00,1199.0,1199.0,1181.0,1183.0,0,0.0,0.0
2024-03-11 12:00:00+09:00,1183.0,1188.0,1181.0,1181.0,44800,0.0,0.0
2024-03-11 13:00:00+09:00,1181.0,1188.0,1180.0,1188.0,4800,0.0,0.0
2024-03-11 14:00:00+09:00,1188.0,1199.0,1187.0,1199.0,14600,0.0,0.0
2024-03-12 09:00:00+09:00,1188.0,1188.0,1151.0,1151.0,10500,0.0,0.0
2024-03-12 10:00:00+09:00,1150.0,1151.0,1140.0,1140.0,3900,0.0,0.0
2024-03-12 11:00:00+09:00,1139.0,1159.0,1139.0,1155.0,0,0.0,0.0
2024-03-12 12:00:00+09:00,1150.0,1166.0,1150.0,1161.0,25000,0.0,0.0
2024-03-12 13:00:00+09:00,1161.0,1163.0,1151.0,1152.0,4600,0.0,0.0
2024-03-12 14:00:00+09:00,1157.0,1157.0,1149.0,1156.0,5800,0.0,0.0
2024-03-13 09:00:00+09:00,1165.0,1173.0,1160.0,1160.0,2300,0.0,0.0
2024-03-13 10:00:00+09:00,1160.0,1164.0,1157.0,1162.0,4100,0.0,0.0
2024-03-13 11:00:00+09:00,1164.0,1164.0,1160.0,1160.0,0,0.0,0.0
2024-03-13 12:00:00+09:00,1166.0,1166.0,1160.0,1163.0,8700,0.0,0.0
2024-03-13 13:00:00+09:00,1166.0,1174.0,1166.0,1170.0,4800,0.0,0.0
2024-03-13 14:00:00+09:00,1168.0,1173.0,1166.0,1169.0,9100,0.0,0.0
2024-03-14 09:00:00+09:00,1180.0,1220.0,1180.0,1216.0,0,0.0,0.0
2024-03-14 10:00:00+09:00,1217.0,1223.0,1215.0,1218.0,19300,0.0,0.0
2024-03-14 11:00:00+09:00,1219.0,1222.0,1212.0,1222.0,0,0.0,0.0
2024-03-14 12:00:00+09:00,1212.0,1221.0,1212.0,1221.0,33600,0.0,0.0
2024-03-14 13:00:00+09:00,1222.0,1230.0,1220.0,1226.0,5000,0.0,0.0
2024-03-14 14:00:00+09:00,1226.0,1230.0,1218.0,1218.0,12500,0.0,0.0
2024-03-15 09:00:00+09:00,1229.0,1242.0,1224.0,1234.0,7100,0.0,0.0
2024-03-15 10:00:00+09:00,1234.0,1239.0,1224.0,1238.0,5400,0.0,0.0
2024-03-15 11:00:00+09:00,1240.0,1245.0,1239.0,1240.0,0,0.0,0.0
2024-03-15 12:00:00+09:00,1236.0,1236.0,1235.0,1236.0,17500,0.0,0.0
2024-03-15 13:00:00+09:00,1239.0,1239.0,1196.0,1196.0,10800,0.0,0.0
2024-03-15 14:00:00+09:00,1199.0,1204.0,1198.0,1198.0,12400,0.0,0.0
2024-03-18 09:00:00+09:00,1220.0,1220.0,1174.0,1180.0,14200,0.0,0.0
2024-03-18 10:00:00+09:00,1182.0,1185.0,1176.0,1178.0,5400,0.0,0.0
2024-03-18 11:00:00+09:00,1178.0,1181.0,1172.0,1172.0,0,0.0,0.0
2024-03-18 12:00:00+09:00,1173.0,1177.0,1173.0,1177.0,27300,0.0,0.0
2024-03-18 13:00:00+09:00,1178.0,1182.0,1172.0,1180.0,11000,0.0,0.0
2024-03-18 14:00:00+09:00,1180.0,1182.0,1172.0,1175.0,10300,0.0,0.0
2024-03-19 09:00:00+09:00,1177.0,1179.0,1147.0,1147.0,10200,0.0,0.0
2024-03-19 10:00:00+09:00,1150.0,1153.0,1147.0,1150.0,4700,0.0,0.0
2024-03-19 11:00:00+09:00,1153.0,1159.0,1149.0,1152.0,0,0.0,0.0
2024-03-19 12:00:00+09:00,1147.0,1151.0,1140.0,1148.0,28500,0.0,0.0
2024-03-19 13:00:00+09:00,1148.0,1149.0,1137.0,1143.0,8900,0.0,0.0
2024-03-19 14:00:00+09:00,1143.0,1147.0,1141.0,1143.0,11600,0.0,0.0
2024-03-21 09:00:00+09:00,1155.0,1178.0,1151.0,1172.0,9500,0.0,0.0
2024-03-21 10:00:00+09:00,1172.0,1181.0,1169.0,1174.0,8000,0.0,0.0
2024-03-21 11:00:00+09:00,1180.0,1185.0,1180.0,1185.0,0,0.0,0.0
2024-03-21 12:00:00+09:00,1182.0,1184.0,1178.0,1180.0,22100,0.0,0.0
2024-03-21 13:00:00+09:00,1179.0,1179.0,1173.0,1178.0,3700,0.0,0.0
2024-03-21 14:00:00+09:00,1180.0,1184.0,1178.0,1178.0,13400,0.0,0.0
2024-03-22 09:00:00+09:00,1182.0,1182.0,1162.0,1170.0,5700,0.0,0.0
2024-03-22 10:00:00+09:00,1171.0,1180.0,1168.0,1168.0,5600,0.0,0.0
2024-03-22 11:00:00+09:00,1168.0,1171.0,1168.0,1171.0,0,0.0,0.0
2024-03-22 12:00:00+09:00,1171.0,1172.0,1167.0,1172.0,16100,0.0,0.0
2024-03-22 13:00:00+09:00,1177.0,1177.0,1173.0,1176.0,900,0.0,0.0
2024-03-22 14:00:00+09:00,1177.0,1179.0,1172.0,1173.0,7100,0.0,0.0
2024-03-25 09:00:00+09:00,1229.0,1280.0,1221.0,1257.0,104300,0.0,0.0
2024-03-25 10:00:00+09:00,1257.0,1272.0,1250.0,1258.0,18100,0.0,0.0
2024-03-25 11:00:00+09:00,1254.0,1266.0,1252.0,1261.0,0,0.0,0.0
2024-03-25 12:00:00+09:00,1274.0,1277.0,1256.0,1273.0,149100,0.0,0.0
2024-03-25 13:00:00+09:00,1273.0,1273.0,1262.0,1267.0,6600,0.0,0.0
2024-03-25 14:00:00+09:00,1267.0,1273.0,1259.0,1269.0,22500,0.0,0.0
2024-03-26 09:00:00+09:00,1250.0,1261.0,1231.0,1253.0,44000,0.0,0.0
2024-03-26 10:00:00+09:00,1250.0,1255.0,1246.0,1246.0,2300,0.0,0.0
2024-03-26 11:00:00+09:00,1246.0,1252.0,1246.0,1252.0,0,0.0,0.0
2024-03-26 12:00:00+09:00,1247.0,1254.0,1247.0,1248.0,50100,0.0,0.0
2024-03-26 13:00:00+09:00,1249.0,1256.0,1244.0,1250.0,5900,0.0,0.0
2024-03-26 14:00:00+09:00,1256.0,1260.0,1253.0,1253.0,10000,0.0,0.0
2024-03-27 09:00:00+09:00,1272.0,1274.0,1257.0,1265.0,10300,0.0,0.0
2024-03-27 10:00:00+09:00,1265.0,1273.0,1265.0,1273.0,3400,0.0,0.0
2024-03-27 11:00:00+09:00,1274.0,1274.0,1266.0,1266.0,0,0.0,0.0
2024-03-27 12:00:00+09:00,1269.0,1269.0,1263.0,1263.0,18600,0.0,0.0
2024-03-27 13:00:00+09:00,1263.0,1272.0,1260.0,1268.0,16700,0.0,0.0
2024-03-27 14:00:00+09:00,1268.0,1269.0,1248.0,1249.0,9100,0.0,0.0
2024-03-28 09:00:00+09:00,1233.0,1238.0,1211.0,1219.0,8300,0.0,0.0
2024-03-28 10:00:00+09:00,1216.0,1216.0,1205.0,1205.0,5300,0.0,0.0
2024-03-28 11:00:00+09:00,1203.0,1209.0,1203.0,1204.0,0,0.0,0.0
2024-03-28 12:00:00+09:00,1200.0,1203.0,1199.0,1199.0,17200,0.0,0.0
2024-03-28 13:00:00+09:00,1198.0,1204.0,1198.0,1201.0,4300,0.0,0.0
2024-03-28 14:00:00+09:00,1200.0,1200.0,1188.0,1190.0,9900,0.0,0.0
2024-03-29 09:00:00+09:00,1185.0,1185.0,1163.0,1167.0,9300,0.0,0.0
2024-03-29 10:00:00+09:00,1168.0,1172.0,1163.0,1166.0,3200,0.0,0.0
2024-03-29 11:00:00+09:00,1166.0,1172.0,1166.0,1168.0,0,0.0,0.0
2024-03-29 12:00:00+09:00,1168.0,1171.0,1168.0,1169.0,17500,0.0,0.0
2024-03-29 13:00:00+09:00,1170.0,1172.0,1164.0,1164.0,4800,0.0,0.0
2024-03-29 14:00:00+09:00,1163.0,1173.0,1161.0,1173.0,13700,0.0,0.0
2024-04-01 09:00:00+09:00,1181.0,1185.0,1158.0,1162.0,11800,0.0,0.0
2024-04-01 10:00:00+09:00,1158.0,1160.0,1156.0,1160.0,1700,0.0,0.0
2024-04-01 11:00:00+09:00,1159.0,1159.0,1154.0,1154.0,0,0.0,0.0
2024-04-01 12:00:00+09:00,1154.0,1160.0,1152.0,1160.0,20000,0.0,0.0
2024-04-01 13:00:00+09:00,1157.0,1157.0,1155.0,1157.0,1400,0.0,0.0
2024-04-01 14:00:00+09:00,1158.0,1160.0,1149.0,1151.0,5600,0.0,0.0
2024-04-02 09:00:00+09:00,1142.0,1156.0,1142.0,1156.0,2800,0.0,0.0
2024-04-02 10:00:00+09:00,1153.0,1159.0,1150.0,1156.0,3500,0.0,0.0
2024-04-02 11:00:00+09:00,1157.0,1157.0,1153.0,1153.0,0,0.0,0.0
2024-04-02 12:00:00+09:00,1157.0,1158.0,1150.0,1158.0,10500,0.0,0.0
2024-04-02 13:00:00+09:00,1150.0,1158.0,1150.0,1156.0,1800,0.0,0.0
2024-04-02 14:00:00+09:00,1156.0,1161.0,1154.0,1161.0,3300,0.0,0.0
2024-04-03 09:00:00+09:00,1155.0,1172.0,1143.0,1171.0,4700,0.0,0.0
2024-04-03 10:00:00+09:00,1170.0,1171.0,1165.0,1166.0,2000,0.0,0.0
2024-04-03 11:00:00+09:00,1166.0,1166.0,1166.0,1166.0,0,0.0,0.0
2024-04-03 12:00:00+09:00,1169.0,1176.0,1165.0,1176.0,9400,0.0,0.0
2024-04-03 13:00:00+09:00,1176.0,1183.0,1170.0,1182.0,4100,0.0,0.0
2024-04-03 14:00:00+09:00,1185.0,1186.0,1181.0,1185.0,5500,0.0,0.0
2024-04-04 09:00:00+09:00,1194.0,1194.0,1160.0,1179.0,7700,0.0,0.0
2024-04-04 10:00:00+09:00,1183.0,1198.0,1183.0,1197.0,2000,0.0,0.0
2024-04-04 11:00:00+09:00,1197.0,1197.0,1193.0,1194.0,0,0.0,0.0
2024-04-04 12:00:00+09:00,1197.0,1206.0,1197.0,1206.0,12700,0.0,0.0
2024-04-04 13:00:00+09:00,1206.0,1208.0,1202.0,1202.0,3000,0.0,0.0
2024-04-04 14:00:00+09:00,1198.0,1198.0,1192.0,1197.0,5600,0.0,0.0
2024-04-05 09:00:00+09:00,1190.0,1190.0,1179.0,1179.0,2500,0.0,0.0
2024-04-05 10:00:00+09:00,1175.0,1175.0,1161.0,1164.0,4800,0.0,0.0
2024-04-05 11:00:00+09:00,1163.0,1163.0,1150.0,1150.0,0,0.0,0.0
2024-04-05 12:00:00+09:00,1144.0,1159.0,1143.0,1157.0,13800,0.0,0.0
2024-04-05 13:00:00+09:00,1157.0,1166.0,1157.0,1158.0,3100,0.0,0.0
2024-04-05 14:00:00+09:00,1157.0,1158.0,1153.0,1157.0,4600,0.0,0.0
2024-04-08 09:00:00+09:00,1165.0,1172.0,1153.0,1168.0,6700,0.0,0.0
2024-04-08 10:00:00+09:00,1168.0,1177.0,1166.0,1176.0,8700,0.0,0.0
2024-04-08 11:00:00+09:00,1176.0,1176.0,1176.0,1176.0,0,0.0,0.0
2024-04-08 12:00:00+09:00,1172.0,1176.0,1172.0,1176.0,17700,0.0,0.0
2024-04-08 13:00:00+09:00,1176.0,1176.0,1172.0,1175.0,1800,0.0,0.0
2024-04-08 14:00:00+09:00,1177.0,1181.0,1175.0,1181.0,1300,0.0,0.0
2024-04-09 09:00:00+09:00,1181.0,1209.0,1181.0,1205.0,3700,0.0,0.0
2024-04-09 10:00:00+09:00,1205.0,1210.0,1201.0,1205.0,4100,0.0,0.0
2024-04-09 11:00:00+09:00,1203.0,1205.0,1202.0,1205.0,0,0.0,0.0
2024-04-09 12:00:00+09:00,1209.0,1209.0,1208.0,1209.0,9200,0.0,0.0
2024-04-09 13:00:00+09:00,1209.0,1214.0,1203.0,1210.0,4100,0.0,0.0
2024-04-09 14:00:00+09:00,1212.0,1221.0,1210.0,1219.0,7900,0.0,0.0
2024-04-10 09:00:00+09:00,1224.0,1234.0,1218.0,1219.0,16700,0.0,0.0
2024-04-10 10:00:00+09:00,1220.0,1223.0,1218.0,1218.0,1800,0.0,0.0
2024-04-10 11:00:00+09:00,1218.0,1218.0,1215.0,1215.0,0,0.0,0.0
2024-04-10 12:00:00+09:00,1213.0,1216.0,1211.0,1216.0,20500,0.0,0.0
2024-04-10 13:00:00+09:00,1218.0,1218.0,1215.0,1215.0,600,0.0,0.0
2024-04-10 14:00:00+09:00,1215.0,1215.0,1208.0,1209.0,1000,0.0,0.0
2024-04-11 09:00:00+09:00,1184.0,1221.0,1184.0,1221.0,10700,0.0,0.0
2024-04-11 10:00:00+09:00,1221.0,1221.0,1219.0,1219.0,1400,0.0,0.0
2024-04-11 11:00:00+09:00,1222.0,1229.0,1222.0,1229.0,0,0.0,0.0
2024-04-11 12:00:00+09:00,1225.0,1229.0,1225.0,1229.0,0,0.0,0.0
2024-04-11 13:00:00+09:00,1227.0,1230.0,1226.0,1229.0,15800,0.0,0.0
2024-04-11 14:00:00+09:00,1229.0,1229.0,1224.0,1227.0,2000,0.0,0.0
2024-04-12 09:00:00+09:00,1227.0,1241.0,1227.0,1241.0,8200,0.0,0.0
2024-04-12 10:00:00+09:00,1241.0,1241.0,1227.0,1227.0,1800,0.0,0.0
2024-04-12 11:00:00+09:00,1227.0,1227.0,1227.0,1227.0,0,0.0,0.0
2024-04-12 12:00:00+09:00,1231.0,1231.0,1222.0,1227.0,12300,0.0,0.0
2024-04-12 13:00:00+09:00,1227.0,1230.0,1221.0,1230.0,3800,0.0,0.0
2024-04-12 14:00:00+09:00,1230.0,1232.0,1226.0,1230.0,5400,0.0,0.0
2024-04-15 09:00:00+09:00,1204.0,1208.0,1200.0,1200.0,1300,0.0,0.0
2024-04-15 10:00:00+09:00,1204.0,1214.0,1204.0,1213.0,1900,0.0,0.0
2024-04-15 11:00:00+09:00,1220.0,1220.0,1220.0,1220.0,0,0.0,0.0
2024-04-15 12:00:00+09:00,1222.0,1222.0,1218.0,1218.0,4000,0.0,0.0
2024-04-15 13:00:00+09:00,1218.0,1226.0,1215.0,1226.0,3600,0.0,0.0
2024-04-15 14:00:00+09:00,1222.0,1222.0,1218.0,1219.0,1100,0.0,0.0
2024-04-16 09:00:00+09:00,1205.0,1205.0,1193.0,1197.0,2400,0.0,0.0
2024-04-16 10:00:00+09:00,1192.0,1192.0,1182.0,1182.0,1100,0.0,0.0
2024-04-16 11:00:00+09:00,1180.0,1180.0,1178.0,1178.0,0,0.0,0.0
2024-04-16 12:00:00+09:00,1178.0,1198.0,1175.0,1198.0,14200,0.0,0.0
2024-04-16 13:00:00+09:00,1198.0,1201.0,1195.0,1198.0,1400,0.0,0.0
2024-04-16 14:00:00+09:00,1198.0,1211.0,1198.0,1209.0,7700,0.0,0.0
2024-04-17 09:00:00+09:00,1204.0,1231.0,1204.0,1218.0,20800,0.0,0.0
2024-04-17 10:00:00+09:00,1219.0,1232.0,1219.0,1227.0,8400,0.0,0.0
2024-04-17 11:00:00+09:00,1232.0,1236.0,1231.0,1231.0,0,0.0,0.0
2024-04-17 12:00:00+09:00,1232.0,1239.0,1231.0,1236.0,33200,0.0,0.0
2024-04-17 13:00:00+09:00,1237.0,1239.0,1228.0,1232.0,7700,0.0,0.0
2024-04-17 14:00:00+09:00,1231.0,1235.0,1230.0,1230.0,12000,0.0,0.0
2024-04-18 09:00:00+09:00,1235.0,1269.0,1225.0,1264.0,0,0.0,0.0
2024-04-18 10:00:00+09:00,1267.0,1279.0,1267.0,1269.0,30600,0.0,0.0
2024-04-18 11:00:00+09:00,1270.0,1270.0,1270.0,1270.0,0,0.0,0.0
2024-04-18 12:00:00+09:00,1269.0,1274.0,1269.0,1274.0,31900,0.0,0.0
2024-04-18 13:00:00+09:00,1272.0,1282.0,1272.0,1282.0,3800,0.0,0.0
2024-04-18 14:00:00+09:00,1281.0,1290.0,1281.0,1288.0,4700,0.0,0.0
2024-04-19 09:00:00+09:00,1291.0,1321.0,1285.0,1300.0,25200,0.0,0.0
2024-04-19 10:00:00+09:00,1300.0,1303.0,1269.0,1278.0,10100,0.0,0.0
2024-04-19 11:00:00+09:00,1274.0,1277.0,1269.0,1277.0,0,0.0,0.0
2024-04-19 12:00:00+09:00,1278.0,1308.0,1277.0,1303.0,46500,0.0,0.0
2024-04-19 13:00:00+09:00,1306.0,1310.0,1303.0,1303.0,4900,0.0,0.0
2024-04-19 14:00:00+09:00,1303.0,1304.0,1288.0,1291.0,11900,0.0,0.0
2024-04-22 09:00:00+09:00,1306.0,1331.0,1231.0,1307.0,33100,0.0,0.0
2024-04-22 10:00:00+09:00,1310.0,1315.0,1298.0,1308.0,3900,0.0,0.0
2024-04-22 11:00:00+09:00,1310.0,1310.0,1304.0,1305.0,0,0.0,0.0
2024-04-22 12:00:00+09:00,1305.0,1305.0,1296.0,1299.0,40700,0.0,0.0
2024-04-22 13:00:00+09:00,1297.0,1302.0,1294.0,1302.0,800,0.0,0.0
2024-04-22 14:00:00+09:00,1300.0,1306.0,1298.0,1306.0,3700,0.0,0.0
2024-04-23 09:00:00+09:00,1303.0,1334.0,1303.0,1325.0,11400,0.0,0.0
2024-04-23 10:00:00+09:00,1325.0,1325.0,1308.0,1308.0,1000,0.0,0.0
2024-04-23 11:00:00+09:00,1299.0,1311.0,1299.0,1309.0,0,0.0,0.0
2024-04-23 12:00:00+09:00,1304.0,1322.0,1304.0,1316.0,22300,0.0,0.0
2024-04-23 13:00:00+09:00,1315.0,1317.0,1312.0,1314.0,1600,0.0,0.0
2024-04-23 14:00:00+09:00,1315.0,1317.0,1308.0,1313.0,6600,0.0,0.0
2024-04-24 09:00:00+09:00,1307.0,1315.0,1302.0,1313.0,8100,0.0,0.0
2024-04-24 10:00:00+09:00,1296.0,1306.0,1296.0,1301.0,4700,0.0,0.0
2024-04-24 11:00:00+09:00,1308.0,1308.0,1304.0,1308.0,0,0.0,0.0
2024-04-24 12:00:00+09:00,1310.0,1310.0,1310.0,1310.0,14500,0.0,0.0
2024-04-24 13:00:00+09:00,1312.0,1316.0,1304.0,1316.0,2200,0.0,0.0
2024-04-24 14:00:00+09:00,1321.0,1324.0,1315.0,1322.0,4700,0.0,0.0
2024-04-25 09:00:00+09:00,1314.0,1328.0,1311.0,1311.0,6700,0.0,0.0
2024-04-25 10:00:00+09:00,1311.0,1311.0,1297.0,1297.0,1500,0.0,0.0
2024-04-25 11:00:00+09:00,1300.0,1304.0,1300.0,1304.0,0,0.0,0.0
2024-04-25 12:00:00+09:00,1318.0,1318.0,1308.0,1308.0,10700,0.0,0.0
2024-04-25 13:00:00+09:00,1308.0,1308.0,1300.0,1300.0,800,0.0,0.0
2024-04-25 14:00:00+09:00,1300.0,1305.0,1293.0,1305.0,3400,0.0,0.0
2024-04-26 09:00:00+09:00,1300.0,1300.0,1270.0,1282.0,5000,0.0,0.0
2024-04-26 10:00:00+09:00,1289.0,1293.0,1289.0,1293.0,1500,0.0,0.0
2024-04-26 11:00:00+09:00,1291.0,1291.0,1291.0,1291.0,0,0.0,0.0
2024-04-26 12:00:00+09:00,1309.0,1310.0,1288.0,1310.0,8300,0.0,0.0
2024-04-26 13:00:00+09:00,1308.0,1335.0,1306.0,1335.0,7400,0.0,0.0
2024-04-26 14:00:00+09:00,1336.0,1493.0,1330.0,1487.0,58500,0.0,0.0
2024-04-30 09:00:00+09:00,1710.0,1785.0,1703.0,1765.0,469700,0.0,0.0
2024-04-30 10:00:00+09:00,1761.0,1780.0,1757.0,1774.0,65400,0.0,0.0
2024-04-30 11:00:00+09:00,1774.0,1779.0,1763.0,1775.0,0,0.0,0.0
2024-04-30 12:00:00+09:00,1760.0,1772.0,1754.0,1763.0,599500,0.0,0.0
2024-04-30 13:00:00+09:00,1766.0,1767.0,1751.0,1758.0,38600,0.0,0.0
2024-04-30 14:00:00+09:00,1756.0,1763.0,1749.0,1750.0,49500,0.0,0.0
2024-05-01 09:00:00+09:00,1761.0,1770.0,1740.0,1752.0,62800,0.0,0.0
2024-05-01 10:00:00+09:00,1750.0,1760.0,1750.0,1754.0,7700,0.0,0.0
2024-05-01 11:00:00+09:00,1755.0,1770.0,1753.0,1770.0,0,0.0,0.0
2024-05-01 12:00:00+09:00,1757.0,1768.0,1757.0,1760.0,95200,0.0,0.0
2024-05-01 13:00:00+09:00,1762.0,1762.0,1752.0,1753.0,16300,0.0,0.0
2024-05-01 14:00:00+09:00,1759.0,1761.0,1751.0,1752.0,14600,0.0,0.0
2024-05-02 09:00:00+09:00,1735.0,1762.0,1620.0,1643.0,315800,0.0,0.0
2024-05-02 10:00:00+09:00,1641.0,1643.0,1608.0,1643.0,80100,0.0,0.0
2024-05-02 11:00:00+09:00,1643.0,1646.0,1625.0,1636.0,0,0.0,0.0
2024-05-02 12:00:00+09:00,1660.0,1675.0,1639.0,1665.0,478600,0.0,0.0
2024-05-02 13:00:00+09:00,1665.0,1685.0,1660.0,1675.0,43400,0.0,0.0
2024-05-02 14:00:00+09:00,1673.0,1683.0,1665.0,1669.0,41900,0.0,0.0
2024-05-07 09:00:00+09:00,1688.0,1735.0,1673.0,1730.0,67300,0.0,0.0
2024-05-07 10:00:00+09:00,1730.0,1742.0,1725.0,1732.0,64400,0.0,0.0
2024-05-07 11:00:00+09:00,1730.0,1730.0,1724.0,1730.0,0,0.0,0.0
2024-05-07 12:00:00+09:00,1731.0,1732.0,1720.0,1727.0,151800,0.0,0.0
2024-05-07 13:00:00+09:00,1728.0,1735.0,1727.0,1728.0,18300,0.0,0.0
2024-05-07 14:00:00+09:00,1729.0,1731.0,1720.0,1725.0,20000,0.0,0.0
2024-05-08 09:00:00+09:00,1702.0,1730.0,1690.0,1725.0,17300,0.0,0.0
2024-05-08 10:00:00+09:00,1724.0,1728.0,1690.0,1691.0,23800,0.0,0.0
2024-05-08 11:00:00+09:00,1696.0,1696.0,1661.0,1673.0,0,0.0,0.0
2024-05-08 12:00:00+09:00,1665.0,1691.0,1664.0,1685.0,100200,0.0,0.0
2024-05-08 13:00:00+09:00,1689.0,1693.0,1686.0,1686.0,7300,0.0,0.0
2024-05-08 14:00:00+09:00,1689.0,1695.0,1688.0,1688.0,10300,0.0,0.0
2024-05-09 09:00:00+09:00,1676.0,1715.0,1666.0,1711.0,0,0.0,0.0
2024-05-09 10:00:00+09:00,1711.0,1730.0,1711.0,1722.0,36300,0.0,0.0
2024-05-09 11:00:00+09:00,1722.0,1735.0,1720.0,1726.0,0,0.0,0.0
2024-05-09 12:00:00+09:00,1730.0,1732.0,1727.0,1727.0,74700,0.0,0.0
2024-05-09 13:00:00+09:00,1724.0,1728.0,1718.0,1722.0,7100,0.0,0.0
2024-05-09 14:00:00+09:00,1722.0,1723.0,1706.0,1709.0,7500,0.0,0.0
2024-05-10 09:00:00+09:00,1715.0,1731.0,1694.0,1701.0,14000,0.0,0.0
2024-05-10 10:00:00+09:00,1699.0,1710.0,1695.0,1698.0,4800,0.0,0.0
2024-05-10 11:00:00+09:00,1702.0,1706.0,1698.0,1704.0,0,0.0,0.0
2024-05-10 12:00:00+09:00,1707.0,1708.0,1697.0,1697.0,24800,0.0,0.0
2024-05-10 13:00:00+09:00,1697.0,1699.0,1697.0,1697.0,0,0.0,0.0
2024-05-10 14:00:00+09:00,1697.0,1701.0,1695.0,1697.0,34000,0.0,0.0
2024-05-13 09:00:00+09:00,1695.0,1730.0,1695.0,1724.0,23800,0.0,0.0
2024-05-13 10:00:00+09:00,1725.0,1736.0,1725.0,1730.0,14200,0.0,0.0
2024-05-13 11:00:00+09:00,1730.0,1736.0,1729.0,1736.0,0,0.0,0.0
2024-05-13 12:00:00+09:00,1731.0,1740.0,1728.0,1729.0,58100,0.0,0.0
2024-05-13 13:00:00+09:00,1726.0,1730.0,1724.0,1728.0,0,0.0,0.0
2024-05-13 14:00:00+09:00,1729.0,1747.0,1729.0,1743.0,80700,0.0,0.0
2024-05-14 09:00:00+09:00,1727.0,1757.0,1708.0,1733.0,0,0.0,0.0
2024-05-14 10:00:00+09:00,1733.0,1734.0,1722.0,1730.0,44600,0.0,0.0
2024-05-14 11:00:00+09:00,1729.0,1729.0,1710.0,1714.0,0,0.0,0.0
2024-05-14 12:00:00+09:00,1712.0,1728.0,1710.0,1728.0,71800,0.0,0.0
2024-05-14 13:00:00+09:00,1728.0,1732.0,1724.0,1730.0,11200,0.0,0.0
2024-05-14 14:00:00+09:00,1730.0,1740.0,1721.0,1740.0,11800,0.0,0.0
2024-05-15 09:00:00+09:00,1739.0,1767.0,1730.0,1746.0,43200,0.0,0.0
2024-05-15 10:00:00+09:00,1741.0,1748.0,1733.0,1738.0,12100,0.0,0.0
2024-05-15 11:00:00+09:00,1736.0,1754.0,1736.0,1754.0,0,0.0,0.0
2024-05-15 12:00:00+09:00,1757.0,1780.0,1754.0,1754.0,85300,0.0,0.0
2024-05-15 13:00:00+09:00,1756.0,1768.0,1756.0,1766.0,5000,0.0,0.0
2024-05-15 14:00:00+09:00,1768.0,1779.0,1768.0,1779.0,10900,0.0,0.0
2024-05-16 09:00:00+09:00,1780.0,1793.0,1765.0,1789.0,20700,0.0,0.0
2024-05-16 10:00:00+09:00,1789.0,1796.0,1783.0,1790.0,8000,0.0,0.0
2024-05-16 11:00:00+09:00,1789.0,1800.0,1786.0,1786.0,0,0.0,0.0
2024-05-16 12:00:00+09:00,1783.0,1791.0,1780.0,1780.0,44500,0.0,0.0
2024-05-16 13:00:00+09:00,1780.0,1782.0,1768.0,1768.0,4600,0.0,0.0
2024-05-16 14:00:00+09:00,1768.0,1769.0,1746.0,1754.0,17200,0.0,0.0
2024-05-17 09:00:00+09:00,1743.0,1806.0,1740.0,1801.0,19400,0.0,0.0
2024-05-17 10:00:00+09:00,1804.0,1812.0,1801.0,1810.0,9100,0.0,0.0
2024-05-17 11:00:00+09:00,1808.0,1814.0,1806.0,1807.0,0,0.0,0.0
2024-05-17 12:00:00+09:00,1807.0,1810.0,1804.0,1808.0,41000,0.0,0.0
2024-05-17 13:00:00+09:00,1810.0,1815.0,1807.0,1812.0,6500,0.0,0.0
2024-05-17 14:00:00+09:00,1812.0,1828.0,1807.0,1828.0,13900,0.0,0.0
2024-05-20 09:00:00+09:00,1830.0,1883.0,1830.0,1871.0,31600,0.0,0.0
2024-05-20 10:00:00+09:00,1873.0,1884.0,1862.0,1867.0,11300,0.0,0.0
2024-05-20 11:00:00+09:00,1875.0,1876.0,1865.0,1869.0,0,0.0,0.0
2024-05-20 12:00:00+09:00,1860.0,1860.0,1836.0,1840.0,55400,0.0,0.0
2024-05-20 13:00:00+09:00,1846.0,1846.0,1815.0,1821.0,7500,0.0,0.0
2024-05-20 14:00:00+09:00,1822.0,1823.0,1781.0,1785.0,37500,0.0,0.0
2024-05-21 09:00:00+09:00,1801.0,1834.0,1794.0,1798.0,12500,0.0,0.0
2024-05-21 10:00:00+09:00,1799.0,1801.0,1787.0,1789.0,4800,0.0,0.0
2024-05-21 11:00:00+09:00,1794.0,1815.0,1794.0,1815.0,0,0.0,0.0
2024-05-21 12:00:00+09:00,1815.0,1817.0,1811.0,1815.0,23300,0.0,0.0
2024-05-21 13:00:00+09:00,1819.0,1823.0,1813.0,1820.0,4800,0.0,0.0
2024-05-21 14:00:00+09:00,1818.0,1825.0,1816.0,1822.0,6100,0.0,0.0
2024-05-22 09:00:00+09:00,1802.0,1855.0,1801.0,1854.0,32900,0.0,0.0
2024-05-22 10:00:00+09:00,1854.0,1884.0,1854.0,1878.0,18500,0.0,0.0
2024-05-22 11:00:00+09:00,1882.0,1884.0,1869.0,1871.0,0,0.0,0.0
2024-05-22 12:00:00+09:00,1872.0,1892.0,1872.0,1883.0,70700,0.0,0.0
2024-05-22 13:00:00+09:00,1883.0,1883.0,1863.0,1866.0,12500,0.0,0.0
2024-05-22 14:00:00+09:00,1870.0,1879.0,1855.0,1855.0,22300,0.0,0.0
2024-05-23 09:00:00+09:00,1858.0,1890.0,1843.0,1853.0,26000,0.0,0.0
2024-05-23 10:00:00+09:00,1856.0,1893.0,1856.0,1887.0,10200,0.0,0.0
2024-05-23 11:00:00+09:00,1892.0,1913.0,1892.0,1897.0,0,0.0,0.0
2024-05-23 12:00:00+09:00,1910.0,1910.0,1896.0,1910.0,54400,0.0,0.0
2024-05-23 13:00:00+09:00,1910.0,1941.0,1906.0,1928.0,24400,0.0,0.0
2024-05-23 14:00:00+09:00,1928.0,1936.0,1917.0,1936.0,17200,0.0,0.0
2024-05-24 09:00:00+09:00,1935.0,1971.0,1918.0,1959.0,36500,0.0,0.0
2024-05-24 10:00:00+09:00,1961.0,1966.0,1925.0,1932.0,8600,0.0,0.0
2024-05-24 11:00:00+09:00,1930.0,1949.0,1930.0,1941.0,0,0.0,0.0
2024-05-24 12:00:00+09:00,1948.0,1956.0,1941.0,1953.0,57100,0.0,0.0
2024-05-24 13:00:00+09:00,1955.0,1968.0,1940.0,1940.0,9200,0.0,0.0
2024-05-24 14:00:00+09:00,1939.0,1946.0,1919.0,1919.0,14400,0.0,0.0
2024-05-27 09:00:00+09:00,1929.0,1963.0,1921.0,1952.0,15100,0.0,0.0
2024-05-27 10:00:00+09:00,1951.0,1965.0,1947.0,1965.0,6700,0.0,0.0
2024-05-27 11:00:00+09:00,1965.0,1979.0,1965.0,1972.0,0,0.0,0.0
2024-05-27 12:00:00+09:00,1966.0,1969.0,1955.0,1966.0,35600,0.0,0.0
2024-05-27 13:00:00+09:00,1966.0,1976.0,1961.0,1974.0,7700,0.0,0.0
2024-05-27 14:00:00+09:00,1974.0,1988.0,1972.0,1988.0,18100,0.0,0.0
2024-05-28 09:00:00+09:00,1950.0,1956.0,1910.0,1928.0,52700,0.0,0.0
2024-05-28 10:00:00+09:00,1926.0,1943.0,1914.0,1934.0,9200,0.0,0.0
2024-05-28 11:00:00+09:00,1933.0,1964.0,1933.0,1961.0,0,0.0,0.0
2024-05-28 12:00:00+09:00,1945.0,1979.0,1937.0,1956.0,112800,0.0,0.0
2024-05-28 13:00:00+09:00,1957.0,1986.0,1957.0,1982.0,15900,0.0,0.0
2024-05-28 14:00:00+09:00,1980.0,1993.0,1969.0,1977.0,18000,0.0,0.0
2024-05-29 09:00:00+09:00,1959.0,2009.0,1944.0,1990.0,0,0.0,0.0
2024-05-29 10:00:00+09:00,1986.0,1987.0,1972.0,1972.0,0,0.0,0.0
2024-05-29 11:00:00+09:00,1973.0,1996.0,1973.0,1994.0,0,0.0,0.0
2024-05-29 12:00:00+09:00,1995.0,2000.0,1959.0,1959.0,108300,0.0,0.0
2024-05-29 13:00:00+09:00,1961.0,1979.0,1950.0,1974.0,14300,0.0,0.0
2024-05-29 14:00:00+09:00,1973.0,1980.0,1960.0,1978.0,16900,0.0,0.0
2024-05-30 09:00:00+09:00,1981.0,1986.0,1944.0,1968.0,31700,0.0,0.0
2024-05-30 10:00:00+09:00,1972.0,1981.0,1962.0,1962.0,5500,0.0,0.0
2024-05-30 11:00:00+09:00,1962.0,1980.0,1958.0,1980.0,0,0.0,0.0
2024-05-30 12:00:00+09:00,1977.0,1984.0,1973.0,1980.0,50900,0.0,0.0
2024-05-30 13:00:00+09:00,1981.0,1989.0,1969.0,1975.0,28500,0.0,0.0
2024-05-30 14:00:00+09:00,1976.0,1978.0,1935.0,1961.0,18300,0.0,0.0
2024-05-31 09:00:00+09:00,1957.0,1995.0,1949.0,1978.0,26200,0.0,0.0
2024-05-31 10:00:00+09:00,1977.0,1991.0,1975.0,1984.0,4900,0.0,0.0
2024-05-31 11:00:00+09:00,1979.0,1984.0,1974.0,1974.0,0,0.0,0.0
2024-05-31 12:00:00+09:00,1976.0,1991.0,1976.0,1989.0,40000,0.0,0.0
2024-05-31 13:00:00+09:00,1991.0,1993.0,1974.0,1986.0,6700,0.0,0.0
2024-05-31 14:00:00+09:00,1987.0,2013.0,1987.0,2002.0,25000,0.0,0.0
2024-06-03 09:00:00+09:00,2000.0,2050.0,1999.0,2031.0,43600,0.0,0.0
2024-06-03 10:00:00+09:00,2031.0,2058.0,2031.0,2048.0,12200,0.0,0.0
2024-06-03 11:00:00+09:00,2049.0,2059.0,2043.0,2043.0,0,0.0,0.0
2024-06-03 12:00:00+09:00,2049.0,2060.0,2043.0,2050.0,80700,0.0,0.0
2024-06-03 13:00:00+09:00,2046.0,2049.0,2042.0,2044.0,6400,0.0,0.0
2024-06-03 14:00:00+09:00,2048.0,2058.0,2043.0,2058.0,10900,0.0,0.0
2024-06-04 09:00:00+09:00,2070.0,2078.0,2041.0,2043.0,33400,0.0,0.0
2024-06-04 10:00:00+09:00,2043.0,2053.0,2022.0,2028.0,12200,0.0,0.0
2024-06-04 11:00:00+09:00,2027.0,2054.0,2027.0,2045.0,0,0.0,0.0
2024-06-04 12:00:00+09:00,2050.0,2054.0,2036.0,2040.0,62700,0.0,0.0
2024-06-04 13:00:00+09:00,2040.0,2048.0,2031.0,2044.0,0,0.0,0.0
2024-06-04 14:00:00+09:00,2039.0,2043.0,2032.0,2034.0,85300,0.0,0.0
2024-06-05 09:00:00+09:00,2014.0,2014.0,1895.0,1927.0,60900,0.0,0.0
2024-06-05 10:00:00+09:00,1927.0,1932.0,1898.0,1899.0,19200,0.0,0.0
2024-06-05 11:00:00+09:00,1901.0,1921.0,1901.0,1921.0,0,0.0,0.0
2024-06-05 12:00:00+09:00,1922.0,1931.0,1902.0,1906.0,93300,0.0,0.0
2024-06-05 13:00:00+09:00,1901.0,1901.0,1873.0,1876.0,21200,0.0,0.0
2024-06-05 14:00:00+09:00,1875.0,1882.0,1850.0,1856.0,41200,0.0,0.0
2024-06-06 09:00:00+09:00,1881.0,1935.0,1881.0,1921.0,40900,0.0,0.0
2024-06-06 10:00:00+09:00,1920.0,1923.0,1896.0,1896.0,14200,0.0,0.0
2024-06-06 11:00:00+09:00,1892.0,1905.0,1886.0,1898.0,0,0.0,0.0
2024-06-06 12:00:00+09:00,1897.0,1909.0,1892.0,1908.0,69100,0.0,0.0
2024-06-06 13:00:00+09:00,1910.0,1910.0,1887.0,1895.0,6000,0.0,0.0
2024-06-06 14:00:00+09:00,1894.0,1910.0,1886.0,1900.0,17700,0.0,0.0
2024-06-07 09:00:00+09:00,1910.0,1934.0,1905.0,1906.0,9700,0.0,0.0
2024-06-07 10:00:00+09:00,1906.0,1933.0,1906.0,1917.0,10500,0.0,0.0
2024-06-07 11:00:00+09:00,1918.0,1945.0,1916.0,1945.0,0,0.0,0.0
2024-06-07 12:00:00+09:00,1951.0,1964.0,1949.0,1964.0,35400,0.0,0.0
2024-06-07 13:00:00+09:00,1958.0,1979.0,1958.0,1979.0,0,0.0,0.0
2024-06-07 14:00:00+09:00,1979.0,1991.0,1976.0,1990.0,64200,0.0,0.0
2024-06-10 09:00:00+09:00,1966.0,1987.0,1932.0,1985.0,0,0.0,0.0
2024-06-10 10:00:00+09:00,1984.0,1997.0,1978.0,1993.0,10500,0.0,0.0
2024-06-10 11:00:00+09:00,1993.0,2001.0,1992.0,1999.0,0,0.0,0.0
2024-06-10 12:00:00+09:00,2002.0,2010.0,1997.0,2010.0,40700,0.0,0.0
2024-06-10 13:00:00+09:00,2008.0,2017.0,1998.0,2006.0,7700,0.0,0.0
2024-06-10 14:00:00+09:00,2007.0,2012.0,2005.0,2012.0,9300,0.0,0.0
2024-06-11 09:00:00+09:00,2014.0,2081.0,2007.0,2062.0,54400,0.0,0.0
2024-06-11 10:00:00+09:00,2069.0,2083.0,2066.0,2069.0,14200,0.0,0.0
2024-06-11 11:00:00+09:00,2070.0,2075.0,2054.0,2069.0,0,0.0,0.0
2024-06-11 12:00:00+09:00,2069.0,2069.0,2056.0,2059.0,79600,0.0,0.0
2024-06-11 13:00:00+09:00,2057.0,2061.0,2054.0,2059.0,3500,0.0,0.0
2024-06-11 14:00:00+09:00,2057.0,2069.0,2057.0,2066.0,10700,0.0,0.0
2024-06-12 09:00:00+09:00,2045.0,2198.0,2018.0,2188.0,84800,0.0,0.0
2024-06-12 10:00:00+09:00,2188.0,2188.0,2158.0,2182.0,23300,0.0,0.0
2024-06-12 11:00:00+09:00,2180.0,2180.0,2157.0,2163.0,0,0.0,0.0
2024-06-12 12:00:00+09:00,2177.0,2192.0,2175.0,2183.0,127600,0.0,0.0
2024-06-12 13:00:00+09:00,2184.0,2185.0,2168.0,2182.0,19200,0.0,0.0
2024-06-12 14:00:00+09:00,2179.0,2195.0,2162.0,2193.0,41000,0.0,0.0
2024-06-13 09:00:00+09:00,2160.0,2163.0,2113.0,2139.0,55200,0.0,0.0
2024-06-13 10:00:00+09:00,2139.0,2151.0,2131.0,2135.0,23100,0.0,0.0
2024-06-13 11:00:00+09:00,2138.0,2151.0,2127.0,2129.0,0,0.0,0.0
2024-06-13 12:00:00+09:00,2122.0,2145.0,2122.0,2137.0,100100,0.0,0.0
2024-06-13 13:00:00+09:00,2135.0,2135.0,2100.0,2102.0,18700,0.0,0.0
2024-06-13 14:00:00+09:00,2098.0,2103.0,2078.0,2091.0,26400,0.0,0.0
2024-06-14 09:00:00+09:00,2104.0,2228.0,2098.0,2211.0,75500,0.0,0.0
2024-06-14 10:00:00+09:00,2213.0,2243.0,2206.0,2239.0,17300,0.0,0.0
2024-06-14 11:00:00+09:00,2239.0,2242.0,2204.0,2225.0,0,0.0,0.0
2024-06-14 12:00:00+09:00,2229.0,2242.0,2222.0,2239.0,110300,0.0,0.0
2024-06-14 13:00:00+09:00,2240.0,2264.0,2232.0,2235.0,29400,0.0,0.0
2024-06-14 14:00:00+09:00,2228.0,2245.0,2228.0,2237.0,21100,0.0,0.0
2024-06-17 09:00:00+09:00,2225.0,2237.0,2190.0,2218.0,0,0.0,0.0
2024-06-17 10:00:00+09:00,2217.0,2222.0,2182.0,2203.0,10000,0.0,0.0
2024-06-17 11:00:00+09:00,2200.0,2242.0,2198.0,2239.0,0,0.0,0.0
2024-06-17 12:00:00+09:00,2231.0,2238.0,2230.0,2232.0,56800,0.0,0.0
2024-06-17 13:00:00+09:00,2233.0,2235.0,2210.0,2227.0,6100,0.0,0.0
2024-06-17 14:00:00+09:00,2229.0,2239.0,2212.0,2218.0,20500,0.0,0.0
2024-06-18 09:00:00+09:00,2230.0,2297.0,2230.0,2255.0,27900,0.0,0.0
2024-06-18 10:00:00+09:00,2252.0,2276.0,2252.0,2262.0,7000,0.0,0.0
2024-06-18 11:00:00+09:00,2261.0,2279.0,2261.0,2273.0,0,0.0,0.0
2024-06-18 12:00:00+09:00,2272.0,2275.0,2262.0,2273.0,43600,0.0,0.0
2024-06-18 13:00:00+09:00,2274.0,2282.0,2270.0,2274.0,9100,0.0,0.0
2024-06-18 14:00:00+09:00,2274.0,2295.0,2272.0,2291.0,25000,0.0,0.0
2024-06-19 09:00:00+09:00,2341.0,2360.0,2312.0,2332.0,33600,0.0,0.0
2024-06-19 10:00:00+09:00,2330.0,2347.0,2324.0,2331.0,11600,0.0,0.0
2024-06-19 11:00:00+09:00,2331.0,2331.0,2306.0,2316.0,0,0.0,0.0
2024-06-19 12:00:00+09:00,2311.0,2319.0,2296.0,2305.0,65200,0.0,0.0
2024-06-19 13:00:00+09:00,2303.0,2311.0,2301.0,2302.0,9600,0.0,0.0
2024-06-19 14:00:00+09:00,2302.0,2325.0,2302.0,2325.0,19000,0.0,0.0
2024-06-20 09:00:00+09:00,2318.0,2346.0,2264.0,2299.0,42200,0.0,0.0
2024-06-20 10:00:00+09:00,2296.0,2298.0,2273.0,2280.0,13000,0.0,0.0
2024-06-20 11:00:00+09:00,2280.0,2290.0,2275.0,2287.0,0,0.0,0.0
2024-06-20 12:00:00+09:00,2299.0,2299.0,2280.0,2291.0,66000,0.0,0.0
2024-06-20 13:00:00+09:00,2291.0,2306.0,2286.0,2306.0,10000,0.0,0.0
2024-06-20 14:00:00+09:00,2307.0,2319.0,2293.0,2319.0,16300,0.0,0.0
2024-06-21 09:00:00+09:00,2352.0,2435.0,2348.0,2419.0,63900,0.0,0.0
2024-06-21 10:00:00+09:00,2419.0,2434.0,2408.0,2432.0,19300,0.0,0.0
2024-06-21 11:00:00+09:00,2432.0,2439.0,2419.0,2429.0,0,0.0,0.0
2024-06-21 12:00:00+09:00,2430.0,2433.0,2418.0,2433.0,106100,0.0,0.0
2024-06-21 13:00:00+09:00,2432.0,2439.0,2408.0,2413.0,21000,0.0,0.0
2024-06-21 14:00:00+09:00,2411.0,2424.0,2381.0,2399.0,23700,0.0,0.0
2024-06-24 09:00:00+09:00,2344.0,2344.0,2256.0,2291.0,0,0.0,0.0
2024-06-24 10:00:00+09:00,2289.0,2296.0,2264.0,2271.0,12000,0.0,0.0
2024-06-24 11:00:00+09:00,2273.0,2275.0,2252.0,2255.0,0,0.0,0.0
2024-06-24 12:00:00+09:00,2246.0,2260.0,2217.0,2217.0,101300,0.0,0.0
2024-06-24 13:00:00+09:00,2217.0,2226.0,2197.0,2217.0,26800,0.0,0.0
2024-06-24 14:00:00+09:00,2219.0,2269.0,2217.0,2259.0,46900,0.0,0.0
2024-06-25 09:00:00+09:00,2265.0,2344.0,2265.0,2313.0,45500,0.0,0.0
2024-06-25 10:00:00+09:00,2315.0,2350.0,2313.0,2330.0,12300,0.0,0.0
2024-06-25 11:00:00+09:00,2330.0,2342.0,2330.0,2342.0,0,0.0,0.0
2024-06-25 12:00:00+09:00,2338.0,2345.0,2334.0,2344.0,71900,0.0,0.0
2024-06-25 13:00:00+09:00,2345.0,2349.0,2319.0,2328.0,12300,0.0,0.0
2024-06-25 14:00:00+09:00,2329.0,2348.0,2328.0,2348.0,17400,0.0,0.0
2024-06-26 09:00:00+09:00,2382.0,2439.0,2382.0,2428.0,22600,0.0,0.0
2024-06-26 10:00:00+09:00,2427.0,2479.0,2424.0,2479.0,45200,0.0,0.0
2024-06-26 11:00:00+09:00,2474.0,2476.0,2462.0,2475.0,0,0.0,0.0
2024-06-26 12:00:00+09:00,2475.0,2481.0,2464.0,2472.0,105100,0.0,0.0
2024-06-26 13:00:00+09:00,2473.0,2505.0,2466.0,2504.0,56300,0.0,0.0
2024-06-26 14:00:00+09:00,2505.0,2518.0,2495.0,2505.0,43300,0.0,0.0
2024-06-27 09:00:00+09:00,2515.0,2520.0,2472.0,2483.0,33200,0.0,0.0
2024-06-27 10:00:00+09:00,2486.0,2535.0,2485.0,2535.0,26800,0.0,0.0
2024-06-27 11:00:00+09:00,2538.0,2538.0,2512.0,2525.0,0,0.0,0.0
2024-06-27 12:00:00+09:00,2526.0,2539.0,2519.0,2522.0,76300,0.0,0.0
2024-06-27 13:00:00+09:00,2524.0,2548.0,2518.0,2536.0,19600,0.0,0.0
2024-06-27 14:00:00+09:00,2536.0,2577.0,2536.0,2577.0,37100,0.0,0.0
2024-06-28 09:00:00+09:00,2580.0,2674.0,2580.0,2662.0,52500,0.0,0.0
2024-06-28 10:00:00+09:00,2664.0,2664.0,2625.0,2645.0,32900,0.0,0.0
2024-06-28 11:00:00+09:00,2646.0,2647.0,2634.0,2639.0,0,0.0,0.0
2024-06-28 12:00:00+09:00,2641.0,2647.0,2631.0,2640.0,107900,0.0,0.0
2024-06-28 13:00:00+09:00,2640.0,2652.0,2632.0,2648.0,23300,0.0,0.0
2024-06-28 14:00:00+09:00,2647.0,2660.0,2625.0,2660.0,30900,0.0,0.0
2024-07-01 09:00:00+09:00,2650.0,2655.0,2546.0,2624.0,0,0.0,0.0
2024-07-01 10:00:00+09:00,2625.0,2688.0,2621.0,2669.0,24700,0.0,0.0
2024-07-01 11:00:00+09:00,2674.0,2685.0,2669.0,2685.0,0,0.0,0.0
2024-07-01 12:00:00+09:00,2690.0,2700.0,2678.0,2691.0,104400,0.0,0.0
2024-07-01 13:00:00+09:00,2691.0,2715.0,2690.0,2708.0,15300,0.0,0.0
2024-07-01 14:00:00+09:00,2711.0,2721.0,2693.0,2702.0,34000,0.0,0.0
2024-07-02 09:00:00+09:00,2702.0,2755.0,2700.0,2718.0,55800,0.0,0.0
2024-07-02 10:00:00+09:00,2718.0,2736.0,2661.0,2661.0,45100,0.0,0.0
2024-07-02 11:00:00+09:00,2660.0,2694.0,2660.0,2694.0,0,0.0,0.0
2024-07-02 12:00:00+09:00,2694.0,2723.0,2688.0,2715.0,134200,0.0,0.0
2024-07-02 13:00:00+09:00,2713.0,2734.0,2709.0,2716.0,14200,0.0,0.0
2024-07-02 14:00:00+09:00,2726.0,2726.0,2706.0,2713.0,24600,0.0,0.0
2024-07-03 09:00:00+09:00,2754.0,2790.0,2738.0,2786.0,50700,0.0,0.0
2024-07-03 10:00:00+09:00,2782.0,2809.0,2760.0,2809.0,37800,0.0,0.0
2024-07-03 11:00:00+09:00,2810.0,2820.0,2806.0,2814.0,0,0.0,0.0
2024-07-03 12:00:00+09:00,2823.0,2829.0,2794.0,2800.0,141700,0.0,0.0
2024-07-03 13:00:00+09:00,2799.0,2817.0,2792.0,2809.0,24200,0.0,0.0
2024-07-03 14:00:00+09:00,2808.0,2824.0,2806.0,2814.0,44100,0.0,0.0
2024-07-04 09:00:00+09:00,2800.0,2824.0,2771.0,2816.0,38900,0.0,0.0
2024-07-04 10:00:00+09:00,2817.0,2831.0,2782.0,2830.0,42600,0.0,0.0
2024-07-04 11:00:00+09:00,2832.0,2856.0,2829.0,2855.0,0,0.0,0.0
2024-07-04 12:00:00+09:00,2864.0,2891.0,2855.0,2880.0,141200,0.0,0.0
2024-07-04 13:00:00+09:00,2877.0,2900.0,2877.0,2889.0,37400,0.0,0.0
2024-07-04 14:00:00+09:00,2890.0,2890.0,2872.0,2890.0,44100,0.0,0.0
2024-07-05 09:00:00+09:00,2881.0,2917.0,2782.0,2783.0,78500,0.0,0.0
2024-07-05 10:00:00+09:00,2782.0,2798.0,2620.0,2780.0,133600,0.0,0.0
2024-07-05 11:00:00+09:00,2780.0,2801.0,2741.0,2752.0,0,0.0,0.0
2024-07-05 12:00:00+09:00,2740.0,2781.0,2728.0,2774.0,257100,0.0,0.0
2024-07-05 13:00:00+09:00,2774.0,2780.0,2752.0,2768.0,21000,0.0,0.0
2024-07-05 14:00:00+09:00,2764.0,2791.0,2762.0,2791.0,34400,0.0,0.0
2024-07-08 09:00:00+09:00,2780.0,2888.0,2779.0,2852.0,87600,0.0,0.0
2024-07-08 10:00:00+09:00,2854.0,2857.0,2805.0,2821.0,51500,0.0,0.0
2024-07-08 11:00:00+09:00,2824.0,2830.0,2815.0,2823.0,0,0.0,0.0
2024-07-08 12:00:00+09:00,2823.0,2900.0,2816.0,2872.0,187600,0.0,0.0
2024-07-08 13:00:00+09:00,2873.0,2882.0,2859.0,2871.0,24100,0.0,0.0
2024-07-08 14:00:00+09:00,2869.0,2880.0,2808.0,2810.0,32500,0.0,0.0
2024-07-09 09:00:00+09:00,2835.0,2879.0,2820.0,2841.0,0,0.0,0.0
2024-07-09 10:00:00+09:00,2841.0,2844.0,2781.0,2803.0,78200,0.0,0.0
2024-07-09 11:00:00+09:00,2801.0,2801.0,2727.0,2773.0,0,0.0,0.0
2024-07-09 12:00:00+09:00,2773.0,2783.0,2766.0,2767.0,126500,0.0,0.0
2024-07-09 13:00:00+09:00,2764.0,2764.0,2724.0,2735.0,40000,0.0,0.0
2024-07-09 14:00:00+09:00,2748.0,2830.0,2748.0,2826.0,45500,0.0,0.0
2024-07-10 09:00:00+09:00,2848.0,2870.0,2780.0,2802.0,36900,0.0,0.0
2024-07-10 10:00:00+09:00,2800.0,2849.0,2797.0,2797.0,20600,0.0,0.0
2024-07-10 11:00:00+09:00,2793.0,2828.0,2793.0,2823.0,0,0.0,0.0
2024-07-10 12:00:00+09:00,2828.0,2845.0,2816.0,2831.0,78600,0.0,0.0
2024-07-10 13:00:00+09:00,2833.0,2839.0,2829.0,2835.0,10600,0.0,0.0
2024-07-10 14:00:00+09:00,2837.0,2869.0,2837.0,2869.0,36200,0.0,0.0
2024-07-11 09:00:00+09:00,2920.0,2961.0,2830.0,2846.0,60700,0.0,0.0
2024-07-11 10:00:00+09:00,2848.0,2867.0,2834.0,2850.0,16100,0.0,0.0
2024-07-11 11:00:00+09:00,2846.0,2846.0,2829.0,2846.0,0,0.0,0.0
2024-07-11 12:00:00+09:00,2842.0,2859.0,2832.0,2859.0,115100,0.0,0.0
2024-07-11 13:00:00+09:00,2861.0,2861.0,2837.0,2847.0,15500,0.0,0.0
2024-07-11 14:00:00+09:00,2848.0,2861.0,2814.0,2820.0,25600,0.0,0.0
2024-07-12 09:00:00+09:00,2744.0,2837.0,2731.0,2814.0,40900,0.0,0.0
2024-07-12 10:00:00+09:00,2818.0,2831.0,2795.0,2824.0,10500,0.0,0.0
2024-07-12 11:00:00+09:00,2824.0,2833.0,2800.0,2800.0,0,0.0,0.0
2024-07-12 12:00:00+09:00,2804.0,2829.0,2795.0,2817.0,69000,0.0,0.0
2024-07-12 13:00:00+09:00,2817.0,2830.0,2815.0,2828.0,6500,0.0,0.0
2024-07-12 14:00:00+09:00,2828.0,2843.0,2825.0,2843.0,14100,0.0,0.0
2024-07-16 09:00:00+09:00,2850.0,2978.0,2850.0,2960.0,68700,0.0,0.0
2024-07-16 10:00:00+09:00,2960.0,3050.0,2954.0,3005.0,64600,0.0,0.0
2024-07-16 11:00:00+09:00,3010.0,3035.0,3005.0,3035.0,0,0.0,0.0
2024-07-16 12:00:00+09:00,3035.0,3035.0,3005.0,3010.0,162200,0.0,0.0
2024-07-16 13:00:00+09:00,3015.0,3035.0,3010.0,3030.0,13400,0.0,0.0
2024-07-16 14:00:00+09:00,3030.0,3045.0,3015.0,3020.0,27700,0.0,0.0
2024-07-17 09:00:00+09:00,3035.0,3060.0,2955.0,2994.0,56400,0.0,0.0
2024-07-17 10:00:00+09:00,2998.0,2999.0,2833.0,2892.0,95400,0.0,0.0
2024-07-17 11:00:00+09:00,2892.0,2908.0,2854.0,2863.0,0,0.0,0.0
2024-07-17 12:00:00+09:00,2865.0,2882.0,2845.0,2860.0,188700,0.0,0.0
2024-07-17 13:00:00+09:00,2856.0,2857.0,2820.0,2832.0,23800,0.0,0.0
2024-07-17 14:00:00+09:00,2832.0,2835.0,2814.0,2820.0,31900,0.0,0.0
2024-07-18 09:00:00+09:00,2770.0,2830.0,2710.0,2807.0,54100,0.0,0.0
2024-07-18 10:00:00+09:00,2805.0,2825.0,2786.0,2786.0,18200,0.0,0.0
2024-07-18 11:00:00+09:00,2784.0,2803.0,2781.0,2799.0,0,0.0,0.0
2024-07-18 12:00:00+09:00,2804.0,2821.0,2801.0,2816.0,93100,0.0,0.0
2024-07-18 13:00:00+09:00,2814.0,2835.0,2809.0,2834.0,16300,0.0,0.0
2024-07-18 14:00:00+09:00,2835.0,2848.0,2808.0,2811.0,31400,0.0,0.0
2024-07-19 09:00:00+09:00,2778.0,2794.0,2670.0,2704.0,70100,0.0,0.0
2024-07-19 10:00:00+09:00,2704.0,2704.0,2653.0,2665.0,31200,0.0,0.0
2024-07-19 11:00:00+09:00,2660.0,2685.0,2660.0,2668.0,0,0.0,0.0
2024-07-19 12:00:00+09:00,2672.0,2685.0,2670.0,2679.0,120900,0.0,0.0
2024-07-19 13:00:00+09:00,2681.0,2712.0,2677.0,2710.0,24200,0.0,0.0
2024-07-19 14:00:00+09:00,2710.0,2720.0,2695.0,2715.0,42100,0.0,0.0
2024-07-22 09:00:00+09:00,2606.0,2632.0,2511.0,2568.0,0,0.0,0.0
2024-07-22 10:00:00+09:00,2566.0,2579.0,2550.0,2550.0,122400,0.0,0.0
2024-07-22 11:00:00+09:00,2550.0,2565.0,2531.0,2542.0,0,0.0,0.0
2024-07-22 12:00:00+09:00,2525.0,2540.0,2500.0,2519.0,168700,0.0,0.0
2024-07-22 13:00:00+09:00,2519.0,2527.0,2511.0,2526.0,21700,0.0,0.0
2024-07-22 14:00:00+09:00,2524.0,2548.0,2522.0,2545.0,29900,0.0,0.0
2024-07-23 09:00:00+09:00,2561.0,2580.0,2527.0,2541.0,42600,0.0,0.0
2024-07-23 10:00:00+09:00,2543.0,2557.0,2516.0,2520.0,15900,0.0,0.0
2024-07-23 11:00:00+09:00,2524.0,2527.0,2517.0,2517.0,0,0.0,0.0
2024-07-23 12:00:00+09:00,2505.0,2517.0,2491.0,2496.0,98800,0.0,0.0
2024-07-23 13:00:00+09:00,2496.0,2498.0,2480.0,2488.0,31200,0.0,0.0
2024-07-23 14:00:00+09:00,2492.0,2493.0,2474.0,2474.0,53400,0.0,0.0
2024-07-24 09:00:00+09:00,2434.0,2530.0,2407.0,2496.0,82000,0.0,0.0
2024-07-24 10:00:00+09:00,2491.0,2499.0,2454.0,2454.0,15600,0.0,0.0
2024-07-24 11:00:00+09:00,2458.0,2467.0,2444.0,2467.0,0,0.0,0.0
2024-07-24 12:00:00+09:00,2459.0,2466.0,2440.0,2447.0,134500,0.0,0.0
2024-07-24 13:00:00+09:00,2453.0,2463.0,2443.0,2450.0,21500,0.0,0.0
2024-07-24 14:00:00+09:00,2449.0,2467.0,2446.0,2448.0,42900,0.0,0.0
2024-07-25 09:00:00+09:00,2415.0,2482.0,2386.0,2389.0,66500,0.0,0.0
2024-07-25 10:00:00+09:00,2391.0,2392.0,2356.0,2368.0,24600,0.0,0.0
2024-07-25 11:00:00+09:00,2366.0,2390.0,2358.0,2386.0,0,0.0,0.0
2024-07-25 12:00:00+09:00,2380.0,2380.0,2340.0,2343.0,131800,0.0,0.0
2024-07-25 13:00:00+09:00,2346.0,2369.0,2316.0,2316.0,33000,0.0,0.0
2024-07-25 14:00:00+09:00,2316.0,2330.0,2313.0,2320.0,47600,0.0,0.0
2024-07-26 09:00:00+09:00,2271.0,2329.0,2229.0,2298.0,79600,0.0,0.0
2024-07-26 10:00:00+09:00,2300.0,2318.0,2284.0,2285.0,17800,0.0,0.0
2024-07-26 11:00:00+09:00,2284.0,2313.0,2284.0,2295.0,0,0.0,0.0
2024-07-26 12:00:00+09:00,2309.0,2319.0,2296.0,2307.0,121200,0.0,0.0
2024-07-26 13:00:00+09:00,2312.0,2325.0,2307.0,2320.0,17200,0.0,0.0
2024-07-26 14:00:00+09:00,2320.0,2371.0,2304.0,2304.0,49000,0.0,0.0
2024-07-29 09:00:00+09:00,2360.0,2475.0,2345.0,2475.0,56800,0.0,0.0
2024-07-29 10:00:00+09:00,2468.0,2478.0,2447.0,2469.0,21200,0.0,0.0
2024-07-29 11:00:00+09:00,2466.0,2475.0,2411.0,2423.0,0,0.0,0.0
2024-07-29 12:00:00+09:00,2412.0,2429.0,2358.0,2358.0,119900,0.0,0.0
2024-07-29 13:00:00+09:00,2363.0,2403.0,2359.0,2391.0,21200,0.0,0.0
2024-07-29 14:00:00+09:00,2385.0,2432.0,2237.0,2265.0,137900,0.0,0.0
2024-07-30 09:00:00+09:00,2210.0,2368.0,2195.0,2317.0,80200,0.0,0.0
2024-07-30 10:00:00+09:00,2315.0,2385.0,2315.0,2351.0,29500,0.0,0.0
2024-07-30 11:00:00+09:00,2354.0,2370.0,2340.0,2363.0,0,0.0,0.0
2024-07-30 12:00:00+09:00,2356.0,2356.0,2324.0,2326.0,143400,0.0,0.0
2024-07-30 13:00:00+09:00,2335.0,2335.0,2306.0,2320.0,18900,0.0,0.0
2024-07-30 14:00:00+09:00,2319.0,2341.0,2311.0,2311.0,29800,0.0,0.0
2024-07-31 09:00:00+09:00,2278.0,2411.0,2278.0,2305.0,83600,0.0,0.0
2024-07-31 10:00:00+09:00,2303.0,2348.0,2302.0,2340.0,17200,0.0,0.0
2024-07-31 11:00:00+09:00,2340.0,2406.0,2325.0,2394.0,0,0.0,0.0
2024-07-31 12:00:00+09:00,2396.0,2413.0,2380.0,2395.0,156200,0.0,0.0
2024-07-31 13:00:00+09:00,2391.0,2400.0,2368.0,2370.0,32700,0.0,0.0
2024-07-31 14:00:00+09:00,2369.0,2399.0,2339.0,2398.0,39400,0.0,0.0
2024-08-01 09:00:00+09:00,2400.0,2418.0,2304.0,2350.0,54200,0.0,0.0
2024-08-01 10:00:00+09:00,2356.0,2379.0,2344.0,2353.0,14100,0.0,0.0
2024-08-01 11:00:00+09:00,2352.0,2352.0,2312.0,2337.0,0,0.0,0.0
2024-08-01 12:00:00+09:00,2329.0,2345.0,2328.0,2345.0,94500,0.0,0.0
2024-08-01 13:00:00+09:00,2341.0,2341.0,2300.0,2326.0,28400,0.0,0.0
2024-08-01 14:00:00+09:00,2331.0,2333.0,2308.0,2314.0,25000,0.0,0.0
2024-08-02 09:00:00+09:00,2193.0,2239.0,2181.0,2204.0,79200,0.0,0.0
2024-08-02 10:00:00+09:00,2206.0,2252.0,2202.0,2232.0,19600,0.0,0.0
2024-08-02 11:00:00+09:00,2231.0,2233.0,2215.0,2224.0,0,0.0,0.0
2024-08-02 12:00:00+09:00,2212.0,2222.0,2207.0,2216.0,133500,0.0,0.0
2024-08-02 13:00:00+09:00,2213.0,2216.0,2152.0,2166.0,41800,0.0,0.0
2024-08-02 14:00:00+09:00,2169.0,2169.0,2110.0,2116.0,43100,0.0,0.0
2024-08-05 09:00:00+09:00,2015.0,2091.0,2009.0,2058.0,69100,0.0,0.0
2024-08-05 10:00:00+09:00,2057.0,2080.0,2038.0,2078.0,34400,0.0,0.0
2024-08-05 11:00:00+09:00,2079.0,2108.0,2071.0,2108.0,0,0.0,0.0
2024-08-05 12:00:00+09:00,2098.0,2108.0,2070.0,2071.0,149400,0.0,0.0
2024-08-05 13:00:00+09:00,2071.0,2071.0,2005.0,2037.0,73800,0.0,0.0
2024-08-05 14:00:00+09:00,2037.0,2038.0,1945.0,1945.0,137500,0.0,0.0
2024-08-06 09:00:00+09:00,2039.0,2127.0,2024.0,2066.0,54900,0.0,0.0
2024-08-06 10:00:00+09:00,2069.0,2079.0,1980.0,2054.0,46600,0.0,0.0
2024-08-06 11:00:00+09:00,2056.0,2056.0,2026.0,2048.0,0,0.0,0.0
2024-08-06 12:00:00+09:00,2021.0,2067.0,2021.0,2054.0,142600,0.0,0.0
2024-08-06 13:00:00+09:00,2059.0,2061.0,1961.0,1965.0,0,0.0,0.0
2024-08-06 14:00:00+09:00,1969.0,1987.0,1935.0,1983.0,235900,0.0,0.0
2024-08-07 09:00:00+09:00,1975.0,2132.0,1949.0,2099.0,47000,0.0,0.0
2024-08-07 10:00:00+09:00,2092.0,2201.0,2068.0,2162.0,28800,0.0,0.0
2024-08-07 11:00:00+09:00,2165.0,2170.0,2146.0,2161.0,0,0.0,0.0
2024-08-07 12:00:00+09:00,2154.0,2190.0,2150.0,2165.0,134000,0.0,0.0
2024-08-07 13:00:00+09:00,2168.0,2176.0,2134.0,2146.0,22600,0.0,0.0
2024-08-07 14:00:00+09:00,2146.0,2170.0,2121.0,2141.0,51200,0.0,0.0
2024-08-08 09:00:00+09:00,2082.0,2199.0,2042.0,2169.0,63200,0.0,0.0
2024-08-08 10:00:00+09:00,2163.0,2191.0,2158.0,2190.0,17200,0.0,0.0
2024-08-08 11:00:00+09:00,2184.0,2211.0,2181.0,2209.0,0,0.0,0.0
2024-08-08 12:00:00+09:00,2216.0,2229.0,2194.0,2197.0,108300,0.0,0.0
2024-08-08 13:00:00+09:00,2194.0,2195.0,2156.0,2166.0,20300,0.0,0.0
2024-08-08 14:00:00+09:00,2166.0,2183.0,2155.0,2165.0,41300,0.0,0.0
2024-08-09 09:00:00+09:00,2210.0,2296.0,2201.0,2207.0,60700,0.0,0.0
2024-08-09 10:00:00+09:00,2207.0,2231.0,2161.0,2165.0,21800,0.0,0.0
2024-08-09 11:00:00+09:00,2163.0,2209.0,2163.0,2204.0,0,0.0,0.0
2024-08-09 12:00:00+09:00,2201.0,2223.0,2159.0,2185.0,106100,0.0,0.0
2024-08-09 13:00:00+09:00,2189.0,2197.0,2174.0,2177.0,15400,0.0,0.0
2024-08-09 14:00:00+09:00,2173.0,2265.0,2170.0,2264.0,33500,0.0,0.0
