Datetime,Open,High,Low,Close,Volume,Dividends,Stock Splits
2024-09-16 09:30:00-04:00,19.75,19.75,19.75,19.75,558087,0.0,0.0
2024-09-16 09:31:00-04:00,19.735000610351562,19.739999771118164,19.351999282836914,19.415000915527344,148031,0.0,0.0
2024-09-16 09:32:00-04:00,19.399999618530273,19.53499984741211,19.280000686645508,19.53499984741211,128550,0.0,0.0
2024-09-16 09:33:00-04:00,19.530000686645508,19.549999237060547,19.530000686645508,19.549999237060547,57744,0.0,0.0
2024-09-16 09:34:00-04:00,19.56999969482422,19.639999389648438,19.540000915527344,19.600799560546875,53496,0.0,0.0
2024-09-16 09:35:00-04:00,19.600000381469727,19.610000610351562,19.510000228881836,19.546899795532227,52504,0.0,0.0
2024-09-16 09:36:00-04:00,19.545000076293945,19.579999923706055,19.5,19.510700225830078,64779,0.0,0.0
2024-09-16 09:37:00-04:00,19.399999618530273,19.399999618530273,19.399999618530273,19.399999618530273,45057,0.0,0.0
2024-09-16 09:38:00-04:00,19.399999618530273,19.40999984741211,19.30500030517578,19.329999923706055,49059,0.0,0.0
2024-09-16 09:39:00-04:00,19.329999923706055,19.43000030517578,19.31999969482422,19.40999984741211,62458,0.0,0.0
2024-09-16 09:40:00-04:00,19.393999099731445,19.409900665283203,19.280500411987305,19.315000534057617,49438,0.0,0.0
2024-09-16 09:41:00-04:00,19.299999237060547,19.350000381469727,19.280000686645508,19.34000015258789,29780,0.0,0.0
2024-09-16 09:42:00-04:00,19.299999237060547,19.299999237060547,19.290000915527344,19.295000076293945,28784,0.0,0.0
2024-09-16 09:43:00-04:00,19.31999969482422,19.31999969482422,19.31999969482422,19.31999969482422,45504,0.0,0.0
2024-09-16 09:44:00-04:00,19.310400009155273,19.450000762939453,19.309999465942383,19.440000534057617,41337,0.0,0.0
2024-09-16 09:45:00-04:00,19.434999465942383,19.479999542236328,19.43000030517578,19.43600082397461,40206,0.0,0.0
2024-09-16 09:46:00-04:00,19.434999465942383,19.5,19.434999465942383,19.469999313354492,70846,0.0,0.0
2024-09-16 09:47:00-04:00,19.459999084472656,19.5049991607666,19.415000915527344,19.447599411010742,33652,0.0,0.0
2024-09-16 09:48:00-04:00,19.360000610351562,19.434999465942383,19.34000015258789,19.360000610351562,46138,0.0,0.0
2024-09-16 09:49:00-04:00,19.360000610351562,19.360000610351562,19.25,19.260000228881836,72223,0.0,0.0
2024-09-16 09:50:00-04:00,19.270000457763672,19.329999923706055,19.25,19.25,108447,0.0,0.0
2024-09-16 09:51:00-04:00,19.2450008392334,19.290000915527344,19.229999542236328,19.260000228881836,78844,0.0,0.0
2024-09-16 09:52:00-04:00,19.270000457763672,19.34000015258789,19.260000228881836,19.34000015258789,38577,0.0,0.0
2024-09-16 09:53:00-04:00,19.320899963378906,19.350000381469727,19.270000457763672,19.31999969482422,48785,0.0,0.0
2024-09-16 09:54:00-04:00,19.313100814819336,19.364999771118164,19.290000915527344,19.34000015258789,59898,0.0,0.0
2024-09-16 09:55:00-04:00,19.350000381469727,19.405000686645508,19.30500030517578,19.405000686645508,37880,0.0,0.0
2024-09-16 09:56:00-04:00,19.40999984741211,19.44499969482422,19.395000457763672,19.42970085144043,77177,0.0,0.0
2024-09-16 09:57:00-04:00,19.424999237060547,19.429800033569336,19.329999923706055,19.3700008392334,23910,0.0,0.0
2024-09-16 09:58:00-04:00,19.3700008392334,19.375,19.31999969482422,19.334999084472656,26350,0.0,0.0
2024-09-16 09:59:00-04:00,19.34000015258789,19.40999984741211,19.329999923706055,19.395000457763672,31747,0.0,0.0
2024-09-16 10:00:00-04:00,19.395000457763672,19.399999618530273,19.344999313354492,19.385000228881836,58052,0.0,0.0
2024-09-16 10:01:00-04:00,19.389999389648438,19.520000457763672,19.389999389648438,19.520000457763672,50713,0.0,0.0
2024-09-16 10:02:00-04:00,19.530000686645508,19.559999465942383,19.5,19.517499923706055,115477,0.0,0.0
2024-09-16 10:03:00-04:00,19.509300231933594,19.53499984741211,19.479999542236328,19.489999771118164,60233,0.0,0.0
2024-09-16 10:04:00-04:00,19.489999771118164,19.530000686645508,19.489999771118164,19.5049991607666,21610,0.0,0.0
2024-09-16 10:05:00-04:00,19.510000228881836,19.575000762939453,19.5049991607666,19.524999618530273,42941,0.0,0.0
2024-09-16 10:06:00-04:00,19.530000686645508,19.530000686645508,19.4950008392334,19.520000457763672,25894,0.0,0.0
2024-09-16 10:07:00-04:00,19.513999938964844,19.545000076293945,19.4950008392334,19.545000076293945,22115,0.0,0.0
2024-09-16 10:08:00-04:00,19.547266006469727,19.547266006469727,19.459699630737305,19.459699630737305,25005,0.0,0.0
2024-09-16 10:09:00-04:00,19.45400047302246,19.485000610351562,19.43160057067871,19.469900131225586,28458,0.0,0.0
2024-09-16 10:10:00-04:00,19.459999084472656,19.468900680541992,19.440000534057617,19.46500015258789,17627,0.0,0.0
2024-09-16 10:11:00-04:00,19.461200714111328,19.53499984741211,19.450000762939453,19.520000457763672,17733,0.0,0.0
2024-09-16 10:12:00-04:00,19.51799964904785,19.579999923706055,19.510000228881836,19.549999237060547,21680,0.0,0.0
2024-09-16 10:13:00-04:00,19.559999465942383,19.565000534057617,19.510000228881836,19.518600463867188,16018,0.0,0.0
2024-09-16 10:14:00-04:00,19.514999389648438,19.585500717163086,19.514999389648438,19.570100784301758,25516,0.0,0.0
2024-09-16 10:15:00-04:00,19.579299926757812,19.579999923706055,19.549999237060547,19.565000534057617,23109,0.0,0.0
2024-09-16 10:16:00-04:00,19.567800521850586,19.584999084472656,19.530000686645508,19.579999923706055,29748,0.0,0.0
2024-09-16 10:17:00-04:00,19.56399917602539,19.614999771118164,19.559999465942383,19.614999771118164,21496,0.0,0.0
2024-09-16 10:18:00-04:00,19.614999771118164,19.65999984741211,19.610000610351562,19.655000686645508,34308,0.0,0.0
2024-09-16 10:19:00-04:00,19.65999984741211,19.66900062561035,19.625,19.628299713134766,16565,0.0,0.0
2024-09-16 10:20:00-04:00,19.6299991607666,19.670000076293945,19.6200008392334,19.6200008392334,19995,0.0,0.0
2024-09-16 10:21:00-04:00,19.6200008392334,19.629899978637695,19.579999923706055,19.614999771118164,27217,0.0,0.0
2024-09-16 10:22:00-04:00,19.655000686645508,19.68000030517578,19.6200008392334,19.655000686645508,18232,0.0,0.0
2024-09-16 10:23:00-04:00,19.649999618530273,19.655000686645508,19.6200008392334,19.6299991607666,12026,0.0,0.0
2024-09-16 10:24:00-04:00,19.635000228881836,19.638399124145508,19.600000381469727,19.614999771118164,20352,0.0,0.0
2024-09-16 10:25:00-04:00,19.610000610351562,19.614999771118164,19.59000015258789,19.610000610351562,52851,0.0,0.0
2024-09-16 10:26:00-04:00,19.6200008392334,19.68000030517578,19.6200008392334,19.670000076293945,19907,0.0,0.0
2024-09-16 10:27:00-04:00,19.670000076293945,19.674999237060547,19.614999771118164,19.6200008392334,35020,0.0,0.0
2024-09-16 10:28:00-04:00,19.6200008392334,19.6200008392334,19.575000762939453,19.58930015563965,16253,0.0,0.0
2024-09-16 10:29:00-04:00,19.58049964904785,19.6200008392334,19.565000534057617,19.6200008392334,14241,0.0,0.0
2024-09-16 10:30:00-04:00,19.610000610351562,19.610000610351562,19.540000915527344,19.540000915527344,15297,0.0,0.0
2024-09-16 10:31:00-04:00,19.545000076293945,19.559999465942383,19.46500015258789,19.489999771118164,56336,0.0,0.0
2024-09-16 10:32:00-04:00,19.4950008392334,19.524999618530273,19.459999084472656,19.46500015258789,41584,0.0,0.0
2024-09-16 10:33:00-04:00,19.46500015258789,19.5,19.440000534057617,19.454999923706055,34365,0.0,0.0
2024-09-16 10:34:00-04:00,19.450000762939453,19.454999923706055,19.399999618530273,19.40999984741211,64410,0.0,0.0
2024-09-16 10:35:00-04:00,19.399999618530273,19.454999923706055,19.3700008392334,19.451900482177734,29964,0.0,0.0
2024-09-16 10:36:00-04:00,19.454999923706055,19.454999923706055,19.420000076293945,19.454999923706055,26485,0.0,0.0
2024-09-16 10:37:00-04:00,19.44499969482422,19.479999542236328,19.44499969482422,19.469900131225586,18490,0.0,0.0
2024-09-16 10:38:00-04:00,19.459999084472656,19.459999084472656,19.420000076293945,19.420000076293945,13884,0.0,0.0
2024-09-16 10:39:00-04:00,19.420000076293945,19.485000610351562,19.420000076293945,19.485000610351562,20320,0.0,0.0
2024-09-16 10:40:00-04:00,19.489999771118164,19.575000762939453,19.485000610351562,19.56999969482422,34220,0.0,0.0
2024-09-16 10:41:00-04:00,19.56999969482422,19.6299991607666,19.565000534057617,19.621599197387695,24042,0.0,0.0
2024-09-16 10:42:00-04:00,19.625,19.625,19.59000015258789,19.620899200439453,14240,0.0,0.0
2024-09-16 10:43:00-04:00,19.625,19.635000228881836,19.565000534057617,19.565000534057617,25113,0.0,0.0
2024-09-16 10:44:00-04:00,19.559999465942383,19.6299991607666,19.545000076293945,19.625,30482,0.0,0.0
2024-09-16 10:45:00-04:00,19.6299991607666,19.649499893188477,19.604999542236328,19.635000228881836,27585,0.0,0.0
2024-09-16 10:46:00-04:00,19.6299991607666,19.674999237060547,19.620100021362305,19.655000686645508,22522,0.0,0.0
2024-09-16 10:47:00-04:00,19.655000686645508,19.674999237060547,19.649999618530273,19.649999618530273,29321,0.0,0.0
2024-09-16 10:48:00-04:00,19.639999389648438,19.639999389648438,19.6200008392334,19.635000228881836,17882,0.0,0.0
2024-09-16 10:49:00-04:00,19.635000228881836,19.70989990234375,19.635000228881836,19.655000686645508,39785,0.0,0.0
2024-09-16 10:50:00-04:00,19.655000686645508,19.729999542236328,19.655000686645508,19.729999542236328,19150,0.0,0.0
2024-09-16 10:51:00-04:00,19.739999771118164,19.7450008392334,19.709999084472656,19.719999313354492,47625,0.0,0.0
2024-09-16 10:52:00-04:00,19.717899322509766,19.717899322509766,19.670000076293945,19.68000030517578,30654,0.0,0.0
2024-09-16 10:53:00-04:00,19.674999237060547,19.71500015258789,19.670000076293945,19.69499969482422,93752,0.0,0.0
2024-09-16 10:54:00-04:00,19.700000762939453,19.729999542236328,19.700000762939453,19.719200134277344,95289,0.0,0.0
2024-09-16 10:55:00-04:00,19.711200714111328,19.719999313354492,19.635000228881836,19.635000228881836,29645,0.0,0.0
2024-09-16 10:56:00-04:00,19.6299991607666,19.655000686645508,19.614999771118164,19.635000228881836,19411,0.0,0.0
2024-09-16 10:57:00-04:00,19.635000228881836,19.65999984741211,19.625,19.62969970703125,12064,0.0,0.0
2024-09-16 10:58:00-04:00,19.625,19.700000762939453,19.600000381469727,19.665000915527344,49611,0.0,0.0
2024-09-16 10:59:00-04:00,19.665000915527344,19.684999465942383,19.665000915527344,19.665000915527344,7452,0.0,0.0
2024-09-16 11:00:00-04:00,19.639999389648438,19.639999389648438,19.625,19.625,16896,0.0,0.0
2024-09-16 11:01:00-04:00,19.614999771118164,19.65999984741211,19.610000610351562,19.639999389648438,35287,0.0,0.0
2024-09-16 11:02:00-04:00,19.639999389648438,19.700000762939453,19.639999389648438,19.700000762939453,11406,0.0,0.0
2024-09-16 11:03:00-04:00,19.700000762939453,19.704999923706055,19.665000915527344,19.690000534057617,19905,0.0,0.0
2024-09-16 11:04:00-04:00,19.69499969482422,19.725000381469727,19.69499969482422,19.71500015258789,17419,0.0,0.0
2024-09-16 11:05:00-04:00,19.709999084472656,19.7549991607666,19.690000534057617,19.7549991607666,19959,0.0,0.0
2024-09-16 11:06:00-04:00,19.75950050354004,19.760000228881836,19.725000381469727,19.735000610351562,22193,0.0,0.0
2024-09-16 11:07:00-04:00,19.735000610351562,19.770000457763672,19.735000610351562,19.765899658203125,11708,0.0,0.0
2024-09-16 11:08:00-04:00,19.764999389648438,19.795000076293945,19.760000228881836,19.78569984436035,39283,0.0,0.0
2024-09-16 11:09:00-04:00,19.790000915527344,19.84000015258789,19.790000915527344,19.84000015258789,32564,0.0,0.0
2024-09-16 11:10:00-04:00,19.829999923706055,19.878000259399414,19.825000762939453,19.875,37672,0.0,0.0
2024-09-16 11:11:00-04:00,19.875,19.93000030517578,19.8700008392334,19.924999237060547,31404,0.0,0.0
2024-09-16 11:12:00-04:00,19.920000076293945,19.93000030517578,19.8700008392334,19.875,48861,0.0,0.0
2024-09-16 11:13:00-04:00,19.875,19.885000228881836,19.834999084472656,19.860000610351562,19402,0.0,0.0
2024-09-16 11:14:00-04:00,19.854999542236328,19.88800048828125,19.854999542236328,19.8700008392334,18692,0.0,0.0
2024-09-16 11:15:00-04:00,19.864999771118164,19.889999389648438,19.847000122070312,19.875499725341797,44367,0.0,0.0
2024-09-16 11:16:00-04:00,19.889999389648438,19.899999618530273,19.850000381469727,19.854999542236328,31791,0.0,0.0
2024-09-16 11:17:00-04:00,19.860000610351562,19.91990089416504,19.860000610351562,19.875,43839,0.0,0.0
2024-09-16 11:18:00-04:00,19.88010025024414,19.899999618530273,19.8799991607666,19.895000457763672,12266,0.0,0.0
2024-09-16 11:19:00-04:00,19.895000457763672,19.920000076293945,19.875,19.895000457763672,26549,0.0,0.0
2024-09-16 11:20:00-04:00,19.895000457763672,19.899999618530273,19.8700008392334,19.875,9296,0.0,0.0
2024-09-16 11:21:00-04:00,19.8700008392334,19.875,19.829999923706055,19.875,25756,0.0,0.0
2024-09-16 11:22:00-04:00,19.875,19.905000686645508,19.864999771118164,19.889999389648438,18135,0.0,0.0
2024-09-16 11:23:00-04:00,19.889999389648438,19.969999313354492,19.885000228881836,19.94499969482422,29254,0.0,0.0
2024-09-16 11:24:00-04:00,19.94499969482422,20.040000915527344,19.94499969482422,20.0,242134,0.0,0.0
2024-09-16 11:25:00-04:00,19.9950008392334,20.014999389648438,19.959999084472656,19.959999084472656,40993,0.0,0.0
2024-09-16 11:26:00-04:00,19.96500015258789,20.010000228881836,19.96500015258789,19.9950008392334,44935,0.0,0.0
2024-09-16 11:27:00-04:00,19.9950008392334,19.9950008392334,19.924999237060547,19.969999313354492,54805,0.0,0.0
2024-09-16 11:28:00-04:00,19.964500427246094,19.989999771118164,19.940000534057617,19.969999313354492,30887,0.0,0.0
2024-09-16 11:29:00-04:00,19.96969985961914,19.979999542236328,19.905000686645508,19.90999984741211,32251,0.0,0.0
2024-09-16 11:30:00-04:00,19.90999984741211,19.920000076293945,19.809999465942383,19.834999084472656,55961,0.0,0.0
2024-09-16 11:31:00-04:00,19.834999084472656,19.8700008392334,19.82900047302246,19.82900047302246,36814,0.0,0.0
2024-09-16 11:32:00-04:00,19.829999923706055,19.850000381469727,19.809999465942383,19.809999465942383,14484,0.0,0.0
2024-09-16 11:33:00-04:00,19.815000534057617,19.81999969482422,19.770000457763672,19.770099639892578,26997,0.0,0.0
2024-09-16 11:34:00-04:00,19.770000457763672,19.80500030517578,19.761999130249023,19.764999389648438,29529,0.0,0.0
2024-09-16 11:35:00-04:00,19.764999389648438,19.769899368286133,19.753999710083008,19.760000228881836,26158,0.0,0.0
2024-09-16 11:36:00-04:00,19.7549991607666,19.790000915527344,19.7549991607666,19.780000686645508,13373,0.0,0.0
2024-09-16 11:37:00-04:00,19.78499984741211,19.790000915527344,19.780000686645508,19.7898006439209,5396,0.0,0.0
2024-09-16 11:38:00-04:00,19.789899826049805,19.789899826049805,19.764999389648438,19.764999389648438,16780,0.0,0.0
2024-09-16 11:39:00-04:00,19.76849937438965,19.80500030517578,19.760499954223633,19.80500030517578,12000,0.0,0.0
2024-09-16 11:40:00-04:00,19.809999465942383,19.84000015258789,19.809999465942383,19.84000015258789,17010,0.0,0.0
2024-09-16 11:41:00-04:00,19.844999313354492,19.850000381469727,19.809999465942383,19.825000762939453,16614,0.0,0.0
2024-09-16 11:42:00-04:00,19.829999923706055,19.834999084472656,19.809999465942383,19.825000762939453,7662,0.0,0.0
2024-09-16 11:43:00-04:00,19.825000762939453,19.860000610351562,19.815000534057617,19.844999313354492,29226,0.0,0.0
2024-09-16 11:44:00-04:00,19.844999313354492,19.86647605895996,19.831300735473633,19.864999771118164,7196,0.0,0.0
2024-09-16 11:45:00-04:00,19.860000610351562,19.860000610351562,19.834999084472656,19.850000381469727,32176,0.0,0.0
2024-09-16 11:46:00-04:00,19.854999542236328,19.8700008392334,19.829999923706055,19.84000015258789,34943,0.0,0.0
2024-09-16 11:47:00-04:00,19.829999923706055,19.844999313354492,19.809999465942383,19.84000015258789,13635,0.0,0.0
2024-09-16 11:48:00-04:00,19.850000381469727,19.864999771118164,19.84000015258789,19.850000381469727,11269,0.0,0.0
2024-09-16 11:49:00-04:00,19.850000381469727,19.875,19.850000381469727,19.875,17559,0.0,0.0
2024-09-16 11:50:00-04:00,19.8799991607666,19.88800048828125,19.829999923706055,19.829999923706055,23624,0.0,0.0
2024-09-16 11:51:00-04:00,19.829999923706055,19.875,19.82469940185547,19.875,20580,0.0,0.0
2024-09-16 11:52:00-04:00,19.874000549316406,19.875,19.850000381469727,19.856800079345703,7226,0.0,0.0
2024-09-16 11:53:00-04:00,19.860000610351562,19.864999771118164,19.854999542236328,19.860000610351562,12345,0.0,0.0
2024-09-16 11:54:00-04:00,19.8700008392334,19.895000457763672,19.8700008392334,19.885000228881836,7080,0.0,0.0
2024-09-16 11:55:00-04:00,19.895000457763672,19.899999618530273,19.885000228881836,19.885000228881836,27357,0.0,0.0
2024-09-16 11:56:00-04:00,19.885000228881836,19.885000228881836,19.8700008392334,19.8799991607666,11635,0.0,0.0
2024-09-16 11:57:00-04:00,19.8700008392334,19.875099182128906,19.859500885009766,19.875,15089,0.0,0.0
2024-09-16 11:58:00-04:00,19.875,19.891300201416016,19.875,19.889999389648438,5265,0.0,0.0
2024-09-16 11:59:00-04:00,19.895000457763672,19.90999984741211,19.895000457763672,19.899700164794922,14557,0.0,0.0
2024-09-16 12:00:00-04:00,19.899900436401367,19.93000030517578,19.899900436401367,19.924999237060547,13154,0.0,0.0
2024-09-16 12:01:00-04:00,19.924999237060547,19.93000030517578,19.905000686645508,19.909000396728516,18089,0.0,0.0
2024-09-16 12:02:00-04:00,19.905000686645508,19.905000686645508,19.8799991607666,19.895000457763672,19094,0.0,0.0
2024-09-16 12:03:00-04:00,19.889999389648438,19.889999389648438,19.860000610351562,19.885000228881836,8973,0.0,0.0
2024-09-16 12:04:00-04:00,19.885000228881836,19.889999389648438,19.86359977722168,19.86359977722168,7726,0.0,0.0
2024-09-16 12:05:00-04:00,19.860000610351562,19.889999389648438,19.850000381469727,19.888399124145508,20280,0.0,0.0
2024-09-16 12:06:00-04:00,19.885000228881836,19.920000076293945,19.885000228881836,19.909799575805664,16060,0.0,0.0
2024-09-16 12:07:00-04:00,19.90999984741211,19.940000534057617,19.905000686645508,19.934999465942383,11699,0.0,0.0
2024-09-16 12:08:00-04:00,19.934999465942383,19.939899444580078,19.91990089416504,19.924999237060547,18866,0.0,0.0
2024-09-16 12:09:00-04:00,19.923986434936523,19.93000030517578,19.90999984741211,19.915000915527344,10510,0.0,0.0
2024-09-16 12:10:00-04:00,19.915000915527344,19.915000915527344,19.854999542236328,19.885000228881836,65438,0.0,0.0
2024-09-16 12:11:00-04:00,19.889999389648438,19.915000915527344,19.885000228881836,19.915000915527344,13681,0.0,0.0
2024-09-16 12:12:00-04:00,19.90999984741211,19.90999984741211,19.87019920349121,19.8799991607666,16977,0.0,0.0
2024-09-16 12:13:00-04:00,19.885000228881836,19.885000228881836,19.8700008392334,19.875,9581,0.0,0.0
2024-09-16 12:14:00-04:00,19.889999389648438,19.899700164794922,19.885000228881836,19.885000228881836,5882,0.0,0.0
2024-09-16 12:15:00-04:00,19.889999389648438,19.895000457763672,19.889999389648438,19.895000457763672,3505,0.0,0.0
2024-09-16 12:16:00-04:00,19.895000457763672,19.895000457763672,19.860000610351562,19.86359977722168,16217,0.0,0.0
2024-09-16 12:17:00-04:00,19.865999221801758,19.865999221801758,19.821300506591797,19.82990074157715,14513,0.0,0.0
2024-09-16 12:18:00-04:00,19.829999923706055,19.850000381469727,19.829999923706055,19.850000381469727,23353,0.0,0.0
2024-09-16 12:19:00-04:00,19.859100341796875,19.875,19.850000381469727,19.875,11891,0.0,0.0
2024-09-16 12:20:00-04:00,19.8700008392334,19.875,19.844999313354492,19.844999313354492,24646,0.0,0.0
2024-09-16 12:21:00-04:00,19.846099853515625,19.850000381469727,19.81999969482422,19.825000762939453,26857,0.0,0.0
2024-09-16 12:22:00-04:00,19.825000762939453,19.834999084472656,19.790000915527344,19.795000076293945,23629,0.0,0.0
2024-09-16 12:23:00-04:00,19.795000076293945,19.809900283813477,19.795000076293945,19.80500030517578,20658,0.0,0.0
2024-09-16 12:24:00-04:00,19.80500030517578,19.80500030517578,19.790000915527344,19.795000076293945,16808,0.0,0.0
2024-09-16 12:25:00-04:00,19.790000915527344,19.809999465942383,19.790000915527344,19.795000076293945,36182,0.0,0.0
2024-09-16 12:26:00-04:00,19.790000915527344,19.809999465942383,19.790000915527344,19.80500030517578,15598,0.0,0.0
2024-09-16 12:27:00-04:00,19.80500030517578,19.809999465942383,19.790000915527344,19.795000076293945,17781,0.0,0.0
2024-09-16 12:28:00-04:00,19.795000076293945,19.829999923706055,19.790000915527344,19.829999923706055,13262,0.0,0.0
2024-09-16 12:29:00-04:00,19.81999969482422,19.826000213623047,19.809999465942383,19.815000534057617,11677,0.0,0.0
2024-09-16 12:30:00-04:00,19.815000534057617,19.854999542236328,19.80500030517578,19.854999542236328,16548,0.0,0.0
2024-09-16 12:31:00-04:00,19.854999542236328,19.854999542236328,19.81999969482422,19.822599411010742,13031,0.0,0.0
2024-09-16 12:32:00-04:00,19.829999923706055,19.959999084472656,19.81999969482422,19.934999465942383,95609,0.0,0.0
2024-09-16 12:33:00-04:00,19.939899444580078,19.979999542236328,19.920000076293945,19.979999542236328,38806,0.0,0.0
2024-09-16 12:34:00-04:00,19.975000381469727,20.049999237060547,19.969999313354492,20.020000457763672,144569,0.0,0.0
2024-09-16 12:35:00-04:00,20.024999618530273,20.040000915527344,19.940000534057617,19.950000762939453,70913,0.0,0.0
2024-09-16 12:36:00-04:00,19.940000534057617,19.985000610351562,19.93950080871582,19.954999923706055,59158,0.0,0.0
2024-09-16 12:37:00-04:00,19.954999923706055,19.959800720214844,19.920000076293945,19.935699462890625,31074,0.0,0.0
2024-09-16 12:38:00-04:00,19.934999465942383,19.969999313354492,19.934999465942383,19.96500015258789,22478,0.0,0.0
2024-09-16 12:39:00-04:00,19.959999084472656,19.96500015258789,19.94499969482422,19.94499969482422,11715,0.0,0.0
2024-09-16 12:40:00-04:00,19.94499969482422,20.040000915527344,19.94179916381836,20.014999389648438,36665,0.0,0.0
2024-09-16 12:41:00-04:00,20.020000457763672,20.020000457763672,19.979999542236328,20.0049991607666,32971,0.0,0.0
2024-09-16 12:42:00-04:00,20.0,20.0049991607666,19.989999771118164,20.0,49979,0.0,0.0
2024-09-16 12:43:00-04:00,19.9950008392334,20.009899139404297,19.940000534057617,19.950000762939453,36652,0.0,0.0
2024-09-16 12:44:00-04:00,19.94499969482422,19.950000762939453,19.934999465942383,19.940000534057617,14578,0.0,0.0
2024-09-16 12:45:00-04:00,19.94499969482422,19.969999313354492,19.940099716186523,19.969999313354492,12549,0.0,0.0
2024-09-16 12:46:00-04:00,19.969999313354492,20.0049991607666,19.954999923706055,20.0049991607666,23853,0.0,0.0
2024-09-16 12:47:00-04:00,20.0049991607666,20.0049991607666,19.979999542236328,19.983800888061523,38348,0.0,0.0
2024-09-16 12:48:00-04:00,19.989999771118164,20.0,19.979999542236328,20.0,10520,0.0,0.0
2024-09-16 12:49:00-04:00,20.0,20.020000457763672,19.989999771118164,20.020000457763672,38911,0.0,0.0
2024-09-16 12:50:00-04:00,20.014999389648438,20.06999969482422,20.010000228881836,20.059999465942383,85632,0.0,0.0
2024-09-16 12:51:00-04:00,20.05500030517578,20.075000762939453,20.03499984741211,20.075000762939453,42359,0.0,0.0
2024-09-16 12:52:00-04:00,20.075000762939453,20.079999923706055,20.049999237060547,20.06999969482422,23801,0.0,0.0
2024-09-16 12:53:00-04:00,20.075000762939453,20.09000015258789,20.059999465942383,20.084999084472656,37081,0.0,0.0
2024-09-16 12:54:00-04:00,20.090499877929688,20.139999389648438,20.079999923706055,20.114999771118164,37795,0.0,0.0
2024-09-16 12:55:00-04:00,20.114999771118164,20.229999542236328,20.110000610351562,20.225000381469727,72805,0.0,0.0
2024-09-16 12:56:00-04:00,20.229999542236328,20.235000610351562,20.149999618530273,20.15999984741211,46340,0.0,0.0
2024-09-16 12:57:00-04:00,20.15999984741211,20.280000686645508,20.15999984741211,20.270099639892578,53934,0.0,0.0
2024-09-16 12:58:00-04:00,20.280000686645508,20.309999465942383,20.219999313354492,20.229999542236328,114131,0.0,0.0
2024-09-16 12:59:00-04:00,20.219999313354492,20.229900360107422,20.15999984741211,20.15999984741211,52869,0.0,0.0
2024-09-16 13:00:00-04:00,20.170000076293945,20.209999084472656,20.165000915527344,20.200000762939453,44294,0.0,0.0
2024-09-16 13:01:00-04:00,20.200000762939453,20.2549991607666,20.200000762939453,20.2549991607666,50941,0.0,0.0
2024-09-16 13:02:00-04:00,20.2549991607666,20.280000686645508,20.229999542236328,20.23200035095215,46779,0.0,0.0
2024-09-16 13:03:00-04:00,20.239999771118164,20.34119987487793,20.229999542236328,20.34119987487793,76349,0.0,0.0
2024-09-16 13:04:00-04:00,20.341400146484375,20.43000030517578,20.34000015258789,20.415000915527344,121226,0.0,0.0
2024-09-16 13:05:00-04:00,20.420000076293945,20.75,20.415000915527344,20.56999969482422,442921,0.0,0.0
2024-09-16 13:06:00-04:00,20.56999969482422,20.58989906311035,20.469999313354492,20.559999465942383,93014,0.0,0.0
2024-09-16 13:07:00-04:00,20.55500030517578,20.617900848388672,20.540000915527344,20.561199188232422,124895,0.0,0.0
2024-09-16 13:08:00-04:00,20.565000534057617,20.614999771118164,20.559999465942383,20.611299514770508,69617,0.0,0.0
2024-09-16 13:09:00-04:00,20.6200008392334,20.6299991607666,20.479999542236328,20.5049991607666,114799,0.0,0.0
2024-09-16 13:10:00-04:00,20.503999710083008,20.53499984741211,20.450000762939453,20.5,62908,0.0,0.0
2024-09-16 13:11:00-04:00,20.4950008392334,20.579999923706055,20.4950008392334,20.56999969482422,53682,0.0,0.0
2024-09-16 13:12:00-04:00,20.569700241088867,20.649999618530273,20.559999465942383,20.645000457763672,58245,0.0,0.0
2024-09-16 13:13:00-04:00,20.642499923706055,20.655000686645508,20.56999969482422,20.610000610351562,68345,0.0,0.0
2024-09-16 13:14:00-04:00,20.604999542236328,20.670000076293945,20.604999542236328,20.610000610351562,56039,0.0,0.0
2024-09-16 13:15:00-04:00,20.6200008392334,20.6299991607666,20.579999923706055,20.584999084472656,42635,0.0,0.0
2024-09-16 13:16:00-04:00,20.584999084472656,20.649900436401367,20.584999084472656,20.625,58229,0.0,0.0
2024-09-16 13:17:00-04:00,20.625,20.709999084472656,20.6200008392334,20.709999084472656,87451,0.0,0.0
2024-09-16 13:18:00-04:00,20.71500015258789,20.75,20.670000076293945,20.674999237060547,175783,0.0,0.0
2024-09-16 13:19:00-04:00,20.674999237060547,20.709999084472656,20.639999389648438,20.704999923706055,63607,0.0,0.0
2024-09-16 13:20:00-04:00,20.704999923706055,20.746000289916992,20.670000076293945,20.704999923706055,87860,0.0,0.0
2024-09-16 13:21:00-04:00,20.704999923706055,20.825000762939453,20.704999923706055,20.78499984741211,108625,0.0,0.0
2024-09-16 13:22:00-04:00,20.78499984741211,20.799999237060547,20.75,20.760000228881836,74305,0.0,0.0
2024-09-16 13:23:00-04:00,20.770000457763672,20.809999465942383,20.75,20.760000228881836,65039,0.0,0.0
2024-09-16 13:24:00-04:00,20.764999389648438,20.774999618530273,20.690000534057617,20.700000762939453,79157,0.0,0.0
2024-09-16 13:25:00-04:00,20.704999923706055,20.70549964904785,20.600000381469727,20.6299991607666,68322,0.0,0.0
2024-09-16 13:26:00-04:00,20.6299991607666,20.679899215698242,20.59000015258789,20.674999237060547,92658,0.0,0.0
2024-09-16 13:27:00-04:00,20.674999237060547,20.760000228881836,20.672199249267578,20.735000610351562,60286,0.0,0.0
2024-09-16 13:28:00-04:00,20.735000610351562,20.735000610351562,20.690000534057617,20.700000762939453,86778,0.0,0.0
2024-09-16 13:29:00-04:00,20.704999923706055,20.760000228881836,20.690000534057617,20.7549991607666,80763,0.0,0.0
2024-09-16 13:30:00-04:00,20.75,20.770000457763672,20.700000762939453,20.709999084472656,41350,0.0,0.0
2024-09-16 13:31:00-04:00,20.704999923706055,20.75,20.700000762939453,20.729999542236328,50672,0.0,0.0
2024-09-16 13:32:00-04:00,20.72879981994629,20.770000457763672,20.709999084472656,20.758800506591797,56003,0.0,0.0
2024-09-16 13:33:00-04:00,20.7549991607666,20.790000915527344,20.739999771118164,20.77750015258789,63927,0.0,0.0
2024-09-16 13:34:00-04:00,20.779800415039062,20.799999237060547,20.760000228881836,20.78499984741211,68088,0.0,0.0
2024-09-16 13:35:00-04:00,20.78499984741211,20.829999923706055,20.78499984741211,20.821800231933594,69368,0.0,0.0
2024-09-16 13:36:00-04:00,20.829999923706055,20.895000457763672,20.829299926757812,20.895000457763672,139425,0.0,0.0
2024-09-16 13:37:00-04:00,20.895000457763672,20.899999618530273,20.80500030517578,20.844999313354492,97500,0.0,0.0
2024-09-16 13:38:00-04:00,20.84980010986328,20.905000686645508,20.84000015258789,20.88728141784668,156004,0.0,0.0
2024-09-16 13:39:00-04:00,20.889999389648438,20.90999984741211,20.860000610351562,20.895000457763672,70421,0.0,0.0
2024-09-16 13:40:00-04:00,20.892499923706055,20.895000457763672,20.83009910583496,20.885000228881836,85735,0.0,0.0
2024-09-16 13:41:00-04:00,20.889999389648438,20.93000030517578,20.860000610351562,20.924999237060547,64117,0.0,0.0
2024-09-16 13:42:00-04:00,20.93000030517578,21.06999969482422,20.93000030517578,21.024999618530273,261180,0.0,0.0
2024-09-16 13:43:00-04:00,21.030000686645508,21.03499984741211,20.950000762939453,20.979999542236328,215426,0.0,0.0
2024-09-16 13:44:00-04:00,20.985000610351562,20.9950008392334,20.90999984741211,20.92009925842285,81934,0.0,0.0
2024-09-16 13:45:00-04:00,20.924999237060547,21.010000228881836,20.920000076293945,20.969999313354492,137638,0.0,0.0
2024-09-16 13:46:00-04:00,20.959999084472656,21.0,20.950000762939453,20.989999771118164,50139,0.0,0.0
2024-09-16 13:47:00-04:00,20.9950008392334,21.0,20.950000762939453,20.950000762939453,60476,0.0,0.0
2024-09-16 13:48:00-04:00,20.94499969482422,20.9950008392334,20.943500518798828,20.987899780273438,41721,0.0,0.0
2024-09-16 13:49:00-04:00,20.979999542236328,21.0,20.940000534057617,20.979999542236328,62705,0.0,0.0
2024-09-16 13:50:00-04:00,20.979999542236328,21.0,20.979999542236328,20.985000610351562,35967,0.0,0.0
2024-09-16 13:51:00-04:00,20.989999771118164,20.989999771118164,20.959999084472656,20.975000381469727,36075,0.0,0.0
2024-09-16 13:52:00-04:00,20.975000381469727,20.979999542236328,20.920000076293945,20.940000534057617,60556,0.0,0.0
2024-09-16 13:53:00-04:00,20.934999465942383,20.93779945373535,20.889999389648438,20.905000686645508,75934,0.0,0.0
2024-09-16 13:54:00-04:00,20.90999984741211,20.940000534057617,20.8799991607666,20.8799991607666,88423,0.0,0.0
2024-09-16 13:55:00-04:00,20.885000228881836,20.885000228881836,20.850000381469727,20.875,47908,0.0,0.0
2024-09-16 13:56:00-04:00,20.875,20.875,20.809999465942383,20.815000534057617,31538,0.0,0.0
2024-09-16 13:57:00-04:00,20.81999969482422,20.84000015258789,20.809999465942383,20.815000534057617,59246,0.0,0.0
2024-09-16 13:58:00-04:00,20.815000534057617,20.81999969482422,20.760000228881836,20.761999130249023,80133,0.0,0.0
2024-09-16 13:59:00-04:00,20.764999389648438,20.764999389648438,20.709999084472656,20.725000381469727,62567,0.0,0.0
2024-09-16 14:00:00-04:00,20.725000381469727,20.726499557495117,20.65999984741211,20.71500015258789,60390,0.0,0.0
2024-09-16 14:01:00-04:00,20.719100952148438,20.780000686645508,20.700000762939453,20.709999084472656,74574,0.0,0.0
2024-09-16 14:02:00-04:00,20.719499588012695,20.7549991607666,20.71500015258789,20.75,58231,0.0,0.0
2024-09-16 14:03:00-04:00,20.7549991607666,20.78499984741211,20.75,20.7549991607666,48571,0.0,0.0
2024-09-16 14:04:00-04:00,20.7549991607666,20.756000518798828,20.729999542236328,20.741100311279297,27717,0.0,0.0
2024-09-16 14:05:00-04:00,20.7450008392334,20.7450008392334,20.700000762939453,20.725000381469727,40615,0.0,0.0
2024-09-16 14:06:00-04:00,20.725000381469727,20.758699417114258,20.72010040283203,20.755199432373047,45036,0.0,0.0
2024-09-16 14:07:00-04:00,20.7549991607666,20.759899139404297,20.735000610351562,20.7549991607666,17523,0.0,0.0
2024-09-16 14:08:00-04:00,20.7549991607666,20.760000228881836,20.739999771118164,20.750099182128906,46166,0.0,0.0
2024-09-16 14:09:00-04:00,20.7549991607666,20.75550079345703,20.729999542236328,20.7549991607666,23639,0.0,0.0
2024-09-16 14:10:00-04:00,20.75,20.774999618530273,20.739999771118164,20.770000457763672,20545,0.0,0.0
2024-09-16 14:11:00-04:00,20.774999618530273,20.860000610351562,20.760000228881836,20.860000610351562,122233,0.0,0.0
2024-09-16 14:12:00-04:00,20.854999542236328,20.8700008392334,20.790000915527344,20.795000076293945,113004,0.0,0.0
2024-09-16 14:13:00-04:00,20.799999237060547,20.80500030517578,20.739999771118164,20.75,34440,0.0,0.0
2024-09-16 14:14:00-04:00,20.7549991607666,20.795000076293945,20.739999771118164,20.7450008392334,90600,0.0,0.0
2024-09-16 14:15:00-04:00,20.7549991607666,20.759000778198242,20.700000762939453,20.7450008392334,24424,0.0,0.0
2024-09-16 14:16:00-04:00,20.7450008392334,20.815000534057617,20.739999771118164,20.815000534057617,44449,0.0,0.0
2024-09-16 14:17:00-04:00,20.819900512695312,20.8700008392334,20.790000915527344,20.829999923706055,63551,0.0,0.0
2024-09-16 14:18:00-04:00,20.829999923706055,20.829999923706055,20.774999618530273,20.774999618530273,17114,0.0,0.0
2024-09-16 14:19:00-04:00,20.774999618530273,20.780000686645508,20.729999542236328,20.774999618530273,41802,0.0,0.0
2024-09-16 14:20:00-04:00,20.770000457763672,20.774999618530273,20.729999542236328,20.735000610351562,25577,0.0,0.0
2024-09-16 14:21:00-04:00,20.73200035095215,20.790000915527344,20.73200035095215,20.790000915527344,35311,0.0,0.0
2024-09-16 14:22:00-04:00,20.795000076293945,20.795000076293945,20.760000228881836,20.774999618530273,25053,0.0,0.0
2024-09-16 14:23:00-04:00,20.780000686645508,20.78499984741211,20.729999542236328,20.730100631713867,25107,0.0,0.0
2024-09-16 14:24:00-04:00,20.735000610351562,20.735000610351562,20.6299991607666,20.6299991607666,62452,0.0,0.0
2024-09-16 14:25:00-04:00,20.620100021362305,20.655000686645508,20.620100021362305,20.635000228881836,33216,0.0,0.0
2024-09-16 14:26:00-04:00,20.639999389648438,20.639999389648438,20.6200008392334,20.625,15152,0.0,0.0
2024-09-16 14:27:00-04:00,20.625,20.670000076293945,20.6200008392334,20.645000457763672,50767,0.0,0.0
2024-09-16 14:28:00-04:00,20.651399612426758,20.666467666625977,20.610000610351562,20.621999740600586,19460,0.0,0.0
2024-09-16 14:29:00-04:00,20.625099182128906,20.629199981689453,20.6200008392334,20.6200008392334,6312,0.0,0.0
2024-09-16 14:30:00-04:00,20.625,20.639999389648438,20.600000381469727,20.604999542236328,31190,0.0,0.0
2024-09-16 14:31:00-04:00,20.600900650024414,20.614999771118164,20.59000015258789,20.614999771118164,27513,0.0,0.0
2024-09-16 14:32:00-04:00,20.61400032043457,20.6299991607666,20.610000610351562,20.625,17244,0.0,0.0
2024-09-16 14:33:00-04:00,20.6299991607666,20.645000457763672,20.6200008392334,20.635000228881836,21896,0.0,0.0
2024-09-16 14:34:00-04:00,20.639699935913086,20.65530014038086,20.610000610351562,20.61009979248047,31945,0.0,0.0
2024-09-16 14:35:00-04:00,20.6200008392334,20.6200008392334,20.600000381469727,20.610000610351562,21084,0.0,0.0
2024-09-16 14:36:00-04:00,20.612499237060547,20.628599166870117,20.610000610351562,20.6200008392334,18368,0.0,0.0
2024-09-16 14:37:00-04:00,20.62299919128418,20.690000534057617,20.62299919128418,20.68000030517578,54386,0.0,0.0
2024-09-16 14:38:00-04:00,20.68600082397461,20.690000534057617,20.649900436401367,20.655000686645508,32240,0.0,0.0
2024-09-16 14:39:00-04:00,20.65999984741211,20.704999923706055,20.649999618530273,20.704999923706055,21947,0.0,0.0
2024-09-16 14:40:00-04:00,20.704999923706055,20.7549991607666,20.690000534057617,20.75,48754,0.0,0.0
2024-09-16 14:41:00-04:00,20.7549991607666,20.850000381469727,20.7549991607666,20.850000381469727,53473,0.0,0.0
2024-09-16 14:42:00-04:00,20.844999313354492,20.850000381469727,20.799999237060547,20.84000015258789,59099,0.0,0.0
2024-09-16 14:43:00-04:00,20.849899291992188,20.860000610351562,20.829999923706055,20.829999923706055,33713,0.0,0.0
2024-09-16 14:44:00-04:00,20.834999084472656,20.834999084472656,20.729999542236328,20.735000610351562,49659,0.0,0.0
2024-09-16 14:45:00-04:00,20.735000610351562,20.78499984741211,20.729999542236328,20.760000228881836,42156,0.0,0.0
2024-09-16 14:46:00-04:00,20.760000228881836,20.774999618530273,20.719999313354492,20.725000381469727,41114,0.0,0.0
2024-09-16 14:47:00-04:00,20.729000091552734,20.75,20.709999084472656,20.711999893188477,40766,0.0,0.0
2024-09-16 14:48:00-04:00,20.719999313354492,20.758800506591797,20.700000762939453,20.7450008392334,41421,0.0,0.0
2024-09-16 14:49:00-04:00,20.739999771118164,20.7450008392334,20.700000762939453,20.704999923706055,25041,0.0,0.0
2024-09-16 14:50:00-04:00,20.704999923706055,20.7549991607666,20.704999923706055,20.7549991607666,17004,0.0,0.0
2024-09-16 14:51:00-04:00,20.760000228881836,20.764999389648438,20.709999084472656,20.71500015258789,30705,0.0,0.0
2024-09-16 14:52:00-04:00,20.71500015258789,20.71500015258789,20.670000076293945,20.679500579833984,27180,0.0,0.0
2024-09-16 14:53:00-04:00,20.674999237060547,20.674999237060547,20.6200008392334,20.65999984741211,41113,0.0,0.0
2024-09-16 14:54:00-04:00,20.655000686645508,20.65999984741211,20.631000518798828,20.639999389648438,45900,0.0,0.0
2024-09-16 14:55:00-04:00,20.649999618530273,20.68600082397461,20.6299991607666,20.68600082397461,26287,0.0,0.0
2024-09-16 14:56:00-04:00,20.680099487304688,20.704999923706055,20.670000076293945,20.684999465942383,29558,0.0,0.0
2024-09-16 14:57:00-04:00,20.690000534057617,20.69499969482422,20.68000030517578,20.69499969482422,14233,0.0,0.0
2024-09-16 14:58:00-04:00,20.69499969482422,20.709999084472656,20.68000030517578,20.689800262451172,27603,0.0,0.0
2024-09-16 14:59:00-04:00,20.690000534057617,20.72949981689453,20.68000030517578,20.725000381469727,20120,0.0,0.0
2024-09-16 15:00:00-04:00,20.725000381469727,20.770000457763672,20.709999084472656,20.760000228881836,65051,0.0,0.0
2024-09-16 15:01:00-04:00,20.770000457763672,20.774999618530273,20.709999084472656,20.709999084472656,23730,0.0,0.0
2024-09-16 15:02:00-04:00,20.700000762939453,20.729999542236328,20.68000030517578,20.719999313354492,25748,0.0,0.0
2024-09-16 15:03:00-04:00,20.729999542236328,20.729999542236328,20.68000030517578,20.68000030517578,20687,0.0,0.0
2024-09-16 15:04:00-04:00,20.689800262451172,20.689800262451172,20.670000076293945,20.68000030517578,23017,0.0,0.0
2024-09-16 15:05:00-04:00,20.670000076293945,20.69499969482422,20.65999984741211,20.684999465942383,32942,0.0,0.0
2024-09-16 15:06:00-04:00,20.684999465942383,20.725000381469727,20.68000030517578,20.725000381469727,17257,0.0,0.0
2024-09-16 15:07:00-04:00,20.725000381469727,20.774999618530273,20.719999313354492,20.75,33350,0.0,0.0
2024-09-16 15:08:00-04:00,20.7549991607666,20.764999389648438,20.739999771118164,20.739999771118164,17373,0.0,0.0
2024-09-16 15:09:00-04:00,20.7450008392334,20.7549991607666,20.729999542236328,20.739999771118164,23724,0.0,0.0
2024-09-16 15:10:00-04:00,20.739999771118164,20.7549991607666,20.729999542236328,20.735000610351562,28036,0.0,0.0
2024-09-16 15:11:00-04:00,20.735000610351562,20.78499984741211,20.735000610351562,20.774999618530273,29756,0.0,0.0
2024-09-16 15:12:00-04:00,20.774999618530273,20.78499984741211,20.75,20.774999618530273,27007,0.0,0.0
2024-09-16 15:13:00-04:00,20.77989959716797,20.82550048828125,20.774999618530273,20.799999237060547,59481,0.0,0.0
2024-09-16 15:14:00-04:00,20.80500030517578,20.825000762939453,20.770000457763672,20.78499984741211,40196,0.0,0.0
2024-09-16 15:15:00-04:00,20.790000915527344,20.790000915527344,20.735000610351562,20.7549991607666,32504,0.0,0.0
2024-09-16 15:16:00-04:00,20.7549991607666,20.760000228881836,20.739999771118164,20.760000228881836,24944,0.0,0.0
2024-09-16 15:17:00-04:00,20.760000228881836,20.780000686645508,20.739999771118164,20.7549991607666,25356,0.0,0.0
2024-09-16 15:18:00-04:00,20.75,20.774999618530273,20.739999771118164,20.75749969482422,26253,0.0,0.0
2024-09-16 15:19:00-04:00,20.75,20.764999389648438,20.739999771118164,20.7450008392334,29852,0.0,0.0
2024-09-16 15:20:00-04:00,20.7450008392334,20.78499984741211,20.743999481201172,20.774999618530273,27798,0.0,0.0
2024-09-16 15:21:00-04:00,20.774999618530273,20.825000762939453,20.7549991607666,20.81999969482422,68609,0.0,0.0
2024-09-16 15:22:00-04:00,20.809999465942383,20.84000015258789,20.799999237060547,20.81999969482422,82105,0.0,0.0
2024-09-16 15:23:00-04:00,20.825000762939453,20.864999771118164,20.825000762939453,20.84000015258789,55302,0.0,0.0
2024-09-16 15:24:00-04:00,20.84000015258789,20.84000015258789,20.799999237060547,20.81290054321289,42502,0.0,0.0
2024-09-16 15:25:00-04:00,20.81999969482422,20.84000015258789,20.80500030517578,20.834999084472656,32757,0.0,0.0
2024-09-16 15:26:00-04:00,20.834999084472656,20.84000015258789,20.809999465942383,20.81999969482422,49579,0.0,0.0
2024-09-16 15:27:00-04:00,20.81999969482422,20.825000762939453,20.809999465942383,20.825000762939453,15728,0.0,0.0
2024-09-16 15:28:00-04:00,20.829999923706055,20.854999542236328,20.81999969482422,20.844999313354492,59764,0.0,0.0
2024-09-16 15:29:00-04:00,20.844999313354492,20.844999313354492,20.809999465942383,20.829999923706055,46855,0.0,0.0
2024-09-16 15:30:00-04:00,20.829999923706055,20.834999084472656,20.770000457763672,20.77199935913086,117587,0.0,0.0
2024-09-16 15:31:00-04:00,20.77989959716797,20.77989959716797,20.739999771118164,20.75,62024,0.0,0.0
2024-09-16 15:32:00-04:00,20.75,20.7549991607666,20.729999542236328,20.735000610351562,55428,0.0,0.0
2024-09-16 15:33:00-04:00,20.730100631713867,20.764999389648438,20.730100631713867,20.75,42229,0.0,0.0
2024-09-16 15:34:00-04:00,20.7549991607666,20.764999389648438,20.700000762939453,20.704999923706055,53236,0.0,0.0
2024-09-16 15:35:00-04:00,20.709999084472656,20.719999313354492,20.6200008392334,20.6200008392334,66879,0.0,0.0
2024-09-16 15:36:00-04:00,20.625,20.625,20.4950008392334,20.4950008392334,163975,0.0,0.0
2024-09-16 15:37:00-04:00,20.5,20.520000457763672,20.440000534057617,20.44499969482422,73385,0.0,0.0
2024-09-16 15:38:00-04:00,20.44849967956543,20.540000915527344,20.424999237060547,20.540000915527344,143306,0.0,0.0
2024-09-16 15:39:00-04:00,20.53499984741211,20.575000762939453,20.530000686645508,20.565000534057617,50840,0.0,0.0
2024-09-16 15:40:00-04:00,20.569900512695312,20.59600067138672,20.569900512695312,20.59000015258789,35852,0.0,0.0
2024-09-16 15:41:00-04:00,20.584999084472656,20.584999084472656,20.524999618530273,20.524999618530273,32929,0.0,0.0
2024-09-16 15:42:00-04:00,20.524999618530273,20.540000915527344,20.5,20.524999618530273,53905,0.0,0.0
2024-09-16 15:43:00-04:00,20.521499633789062,20.540000915527344,20.520000457763672,20.524999618530273,29021,0.0,0.0
2024-09-16 15:44:00-04:00,20.52199935913086,20.530000686645508,20.420000076293945,20.44499969482422,127762,0.0,0.0
2024-09-16 15:45:00-04:00,20.44499969482422,20.459999084472656,20.399999618530273,20.454999923706055,74506,0.0,0.0
2024-09-16 15:46:00-04:00,20.454999923706055,20.4950008392334,20.454999923706055,20.48200035095215,165026,0.0,0.0
2024-09-16 15:47:00-04:00,20.479999542236328,20.520000457763672,20.464000701904297,20.514999389648438,63018,0.0,0.0
2024-09-16 15:48:00-04:00,20.514999389648438,20.514999389648438,20.43000030517578,20.434999465942383,103816,0.0,0.0
2024-09-16 15:49:00-04:00,20.434999465942383,20.450000762939453,20.344999313354492,20.344999313354492,107493,0.0,0.0
2024-09-16 15:50:00-04:00,20.350000381469727,20.385000228881836,20.34000015258789,20.375,136645,0.0,0.0
2024-09-16 15:51:00-04:00,20.375,20.454999923706055,20.34000015258789,20.415000915527344,168328,0.0,0.0
2024-09-16 15:52:00-04:00,20.40999984741211,20.43000030517578,20.389999389648438,20.424999237060547,127808,0.0,0.0
2024-09-16 15:53:00-04:00,20.424999237060547,20.43000030517578,20.399999618530273,20.40999984741211,125980,0.0,0.0
2024-09-16 15:54:00-04:00,20.405000686645508,20.40999984741211,20.34000015258789,20.3700008392334,233703,0.0,0.0
2024-09-16 15:55:00-04:00,20.375,20.399900436401367,20.34000015258789,20.34000015258789,123815,0.0,0.0
2024-09-16 15:56:00-04:00,20.34000015258789,20.350000381469727,20.260000228881836,20.295000076293945,165637,0.0,0.0
2024-09-16 15:57:00-04:00,20.295000076293945,20.395000457763672,20.264999389648438,20.354999542236328,322077,0.0,0.0
2024-09-16 15:58:00-04:00,20.354999542236328,20.36989974975586,20.299999237060547,20.34000015258789,333176,0.0,0.0
2024-09-16 15:59:00-04:00,20.34000015258789,20.360000610351562,20.290000915527344,20.299999237060547,607096,0.0,0.0
2024-09-17 09:30:00-04:00,20.479999542236328,20.59000015258789,20.200000762939453,20.200000762939453,620709,0.0,0.0
2024-09-17 09:31:00-04:00,20.229999542236328,20.2549991607666,20.110000610351562,20.144100189208984,36393,0.0,0.0
2024-09-17 09:32:00-04:00,20.15999984741211,20.270000457763672,20.1200008392334,20.184999465942383,76738,0.0,0.0
2024-09-17 09:33:00-04:00,20.18000030517578,20.219999313354492,20.114999771118164,20.21500015258789,41708,0.0,0.0
2024-09-17 09:34:00-04:00,20.190099716186523,20.190099716186523,20.110000610351562,20.139999389648438,32085,0.0,0.0
2024-09-17 09:35:00-04:00,20.145000457763672,20.200000762939453,20.101999282836914,20.129899978637695,71807,0.0,0.0
2024-09-17 09:36:00-04:00,20.239999771118164,20.260000228881836,20.110000610351562,20.239999771118164,31512,0.0,0.0
2024-09-17 09:37:00-04:00,20.260000228881836,20.260000228881836,20.260000228881836,20.260000228881836,26140,0.0,0.0
2024-09-17 09:38:00-04:00,20.260000228881836,20.260000228881836,20.200000762939453,20.225000381469727,33733,0.0,0.0
2024-09-17 09:39:00-04:00,20.229999542236328,20.260000228881836,20.1299991607666,20.15999984741211,46161,0.0,0.0
2024-09-17 09:40:00-04:00,20.170000076293945,20.290000915527344,20.139999389648438,20.18199920654297,165692,0.0,0.0
2024-09-17 09:41:00-04:00,20.18000030517578,20.290000915527344,20.18000030517578,20.279800415039062,17451,0.0,0.0
2024-09-17 09:42:00-04:00,20.277999877929688,20.334999084472656,20.220199584960938,20.23699951171875,45263,0.0,0.0
2024-09-17 09:43:00-04:00,20.229999542236328,20.26810073852539,20.200000762939453,20.26810073852539,16480,0.0,0.0
2024-09-17 09:44:00-04:00,20.270000457763672,20.289499282836914,20.2189998626709,20.268800735473633,18064,0.0,0.0
2024-09-17 09:45:00-04:00,20.270000457763672,20.389999389648438,20.270000457763672,20.38949966430664,32864,0.0,0.0
2024-09-17 09:46:00-04:00,20.38949966430664,20.459999084472656,20.3799991607666,20.447999954223633,116530,0.0,0.0
2024-09-17 09:47:00-04:00,20.450000762939453,20.5,20.40999984741211,20.468000411987305,59103,0.0,0.0
2024-09-17 09:48:00-04:00,20.479900360107422,20.510000228881836,20.450000762939453,20.459999084472656,64301,0.0,0.0
2024-09-17 09:49:00-04:00,20.469900131225586,20.469900131225586,20.3700008392334,20.389999389648438,89299,0.0,0.0
2024-09-17 09:50:00-04:00,20.530000686645508,20.530000686645508,20.520999908447266,20.520999908447266,38634,0.0,0.0
2024-09-17 09:51:00-04:00,20.524999618530273,20.600000381469727,20.510000228881836,20.600000381469727,43900,0.0,0.0
2024-09-17 09:52:00-04:00,20.610000610351562,20.719999313354492,20.600000381469727,20.66990089416504,168399,0.0,0.0
2024-09-17 09:53:00-04:00,20.66990089416504,20.749900817871094,20.649999618530273,20.749900817871094,87322,0.0,0.0
2024-09-17 09:54:00-04:00,20.739999771118164,20.760000228881836,20.709999084472656,20.75,58661,0.0,0.0
2024-09-17 09:55:00-04:00,20.752700805664062,20.752700805664062,20.670000076293945,20.69499969482422,44461,0.0,0.0
2024-09-17 09:56:00-04:00,20.610000610351562,20.614999771118164,20.610000610351562,20.614999771118164,121311,0.0,0.0
2024-09-17 09:57:00-04:00,20.6299991607666,20.635000228881836,20.594999313354492,20.594999313354492,78586,0.0,0.0
2024-09-17 09:58:00-04:00,20.594999313354492,20.600000381469727,20.489999771118164,20.514999389648438,73237,0.0,0.0
2024-09-17 09:59:00-04:00,20.479999542236328,20.479999542236328,20.479999542236328,20.479999542236328,27044,0.0,0.0
2024-09-17 10:00:00-04:00,20.48069953918457,20.5,20.45599937438965,20.469999313354492,36484,0.0,0.0
2024-09-17 10:01:00-04:00,20.459999084472656,20.4950008392334,20.44499969482422,20.479999542236328,28386,0.0,0.0
2024-09-17 10:02:00-04:00,20.510000228881836,20.519699096679688,20.5049991607666,20.519699096679688,43984,0.0,0.0
2024-09-17 10:03:00-04:00,20.520000457763672,20.594999313354492,20.479999542236328,20.59000015258789,40945,0.0,0.0
2024-09-17 10:04:00-04:00,20.59000015258789,20.619800567626953,20.530000686645508,20.56800079345703,81261,0.0,0.0
2024-09-17 10:05:00-04:00,20.559999465942383,20.59000015258789,20.549999237060547,20.559999465942383,26185,0.0,0.0
2024-09-17 10:06:00-04:00,20.5856990814209,20.5856990814209,20.583999633789062,20.583999633789062,29649,0.0,0.0
2024-09-17 10:07:00-04:00,20.59000015258789,20.645000457763672,20.59000015258789,20.63990020751953,39890,0.0,0.0
2024-09-17 10:08:00-04:00,20.639999389648438,20.700000762939453,20.625,20.680099487304688,32434,0.0,0.0
2024-09-17 10:09:00-04:00,20.683300018310547,20.699899673461914,20.665000915527344,20.68000030517578,47992,0.0,0.0
2024-09-17 10:10:00-04:00,20.684999465942383,20.690000534057617,20.6200008392334,20.687999725341797,39643,0.0,0.0
2024-09-17 10:11:00-04:00,20.690000534057617,20.709999084472656,20.645000457763672,20.645000457763672,34850,0.0,0.0
2024-09-17 10:12:00-04:00,20.610000610351562,20.610000610351562,20.610000610351562,20.610000610351562,50862,0.0,0.0
2024-09-17 10:13:00-04:00,20.6200008392334,20.670000076293945,20.575000762939453,20.58799934387207,58266,0.0,0.0
2024-09-17 10:14:00-04:00,20.59000015258789,20.625,20.59000015258789,20.600000381469727,29449,0.0,0.0
2024-09-17 10:15:00-04:00,20.610000610351562,20.610000610351562,20.610000610351562,20.610000610351562,20254,0.0,0.0
2024-09-17 10:16:00-04:00,20.610000610351562,20.6299991607666,20.59000015258789,20.600000381469727,24131,0.0,0.0
2024-09-17 10:17:00-04:00,20.599899291992188,20.625,20.520000457763672,20.520000457763672,85135,0.0,0.0
2024-09-17 10:18:00-04:00,20.520000457763672,20.625,20.514999389648438,20.600000381469727,17825,0.0,0.0
2024-09-17 10:19:00-04:00,20.586265563964844,20.65999984741211,20.586265563964844,20.648099899291992,33513,0.0,0.0
2024-09-17 10:20:00-04:00,20.670000076293945,20.670000076293945,20.670000076293945,20.670000076293945,34949,0.0,0.0
2024-09-17 10:21:00-04:00,20.670000076293945,20.68000030517578,20.59000015258789,20.6200008392334,46993,0.0,0.0
2024-09-17 10:22:00-04:00,20.6299991607666,20.649999618530273,20.59000015258789,20.622499465942383,24313,0.0,0.0
2024-09-17 10:23:00-04:00,20.6299991607666,20.6299991607666,20.600099563598633,20.6200008392334,17316,0.0,0.0
2024-09-17 10:24:00-04:00,20.6200008392334,20.635000228881836,20.599300384521484,20.6200008392334,17424,0.0,0.0
2024-09-17 10:25:00-04:00,20.610000610351562,20.65999984741211,20.579999923706055,20.649999618530273,33884,0.0,0.0
2024-09-17 10:26:00-04:00,20.639999389648438,20.639999389648438,20.59000015258789,20.625,8997,0.0,0.0
2024-09-17 10:27:00-04:00,20.6200008392334,20.655000686645508,20.6200008392334,20.639999389648438,24261,0.0,0.0
2024-09-17 10:28:00-04:00,20.635000228881836,20.639999389648438,20.56999969482422,20.594999313354492,46689,0.0,0.0
2024-09-17 10:29:00-04:00,20.579999923706055,20.59000015258789,20.530000686645508,20.549999237060547,23554,0.0,0.0
2024-09-17 10:30:00-04:00,20.55109977722168,20.559200286865234,20.5,20.540000915527344,39475,0.0,0.0
2024-09-17 10:31:00-04:00,20.54759979248047,20.565000534057617,20.524999618530273,20.553499221801758,17698,0.0,0.0
2024-09-17 10:32:00-04:00,20.55500030517578,20.59000015258789,20.549999237060547,20.550264358520508,23221,0.0,0.0
2024-09-17 10:33:00-04:00,20.55500030517578,20.559999465942383,20.530000686645508,20.540000915527344,21088,0.0,0.0
2024-09-17 10:34:00-04:00,20.530000686645508,20.55500030517578,20.520000457763672,20.540000915527344,41870,0.0,0.0
2024-09-17 10:35:00-04:00,20.459999084472656,20.549999237060547,20.450000762939453,20.459999084472656,58187,0.0,0.0
2024-09-17 10:36:00-04:00,20.459999084472656,20.469999313354492,20.40999984741211,20.469999313354492,59728,0.0,0.0
2024-09-17 10:37:00-04:00,20.469999313354492,20.5,20.459999084472656,20.4950008392334,43395,0.0,0.0
2024-09-17 10:38:00-04:00,20.497299194335938,20.539899826049805,20.485000610351562,20.539899826049805,46606,0.0,0.0
2024-09-17 10:39:00-04:00,20.530099868774414,20.584999084472656,20.520000457763672,20.565000534057617,23235,0.0,0.0
2024-09-17 10:40:00-04:00,20.549999237060547,20.579999923706055,20.549999237060547,20.550100326538086,18090,0.0,0.0
2024-09-17 10:41:00-04:00,20.559999465942383,20.559999465942383,20.5,20.510000228881836,12576,0.0,0.0
2024-09-17 10:42:00-04:00,20.510000228881836,20.518999099731445,20.489999771118164,20.510000228881836,13196,0.0,0.0
2024-09-17 10:43:00-04:00,20.510000228881836,20.520000457763672,20.5,20.510000228881836,12167,0.0,0.0
2024-09-17 10:44:00-04:00,20.520000457763672,20.55500030517578,20.5,20.539899826049805,18774,0.0,0.0
2024-09-17 10:45:00-04:00,20.540000915527344,20.56999969482422,20.539899826049805,20.55500030517578,15883,0.0,0.0
2024-09-17 10:46:00-04:00,20.549999237060547,20.55500030517578,20.520000457763672,20.52989959716797,16682,0.0,0.0
2024-09-17 10:47:00-04:00,20.524999618530273,20.530000686645508,20.489999771118164,20.5049991607666,26873,0.0,0.0
2024-09-17 10:48:00-04:00,20.514999389648438,20.565000534057617,20.510000228881836,20.559999465942383,31802,0.0,0.0
2024-09-17 10:49:00-04:00,20.56999969482422,20.584999084472656,20.540000915527344,20.575000762939453,30096,0.0,0.0
2024-09-17 10:50:00-04:00,20.575000762939453,20.57990074157715,20.52090072631836,20.53499984741211,19130,0.0,0.0
2024-09-17 10:51:00-04:00,20.53499984741211,20.549999237060547,20.510000228881836,20.54990005493164,13055,0.0,0.0
2024-09-17 10:52:00-04:00,20.545000076293945,20.545000076293945,20.489999771118164,20.5049991607666,20756,0.0,0.0
2024-09-17 10:53:00-04:00,20.5049991607666,20.510000228881836,20.479999542236328,20.485000610351562,13650,0.0,0.0
2024-09-17 10:54:00-04:00,20.47719955444336,20.485000610351562,20.442899703979492,20.469999313354492,30246,0.0,0.0
2024-09-17 10:55:00-04:00,20.474300384521484,20.5,20.469999313354492,20.4950008392334,11409,0.0,0.0
2024-09-17 10:56:00-04:00,20.494800567626953,20.5049991607666,20.479999542236328,20.485000610351562,16783,0.0,0.0
2024-09-17 10:57:00-04:00,20.489999771118164,20.489999771118164,20.450000762939453,20.475000381469727,16593,0.0,0.0
2024-09-17 10:58:00-04:00,20.469999313354492,20.479900360107422,20.43000030517578,20.43000030517578,45537,0.0,0.0
2024-09-17 10:59:00-04:00,20.43000030517578,20.434999465942383,20.350000381469727,20.3799991607666,61884,0.0,0.0
2024-09-17 11:00:00-04:00,20.385000228881836,20.420000076293945,20.354999542236328,20.399499893188477,45923,0.0,0.0
2024-09-17 11:01:00-04:00,20.399999618530273,20.424999237060547,20.371000289916992,20.424999237060547,18850,0.0,0.0
2024-09-17 11:02:00-04:00,20.43000030517578,20.475000381469727,20.424999237060547,20.45949935913086,20971,0.0,0.0
2024-09-17 11:03:00-04:00,20.459999084472656,20.5,20.450000762939453,20.459999084472656,36946,0.0,0.0
2024-09-17 11:04:00-04:00,20.450000762939453,20.450000762939453,20.389999389648438,20.389999389648438,12947,0.0,0.0
2024-09-17 11:05:00-04:00,20.389999389648438,20.434999465942383,20.389999389648438,20.424999237060547,17799,0.0,0.0
2024-09-17 11:06:00-04:00,20.420000076293945,20.469999313354492,20.41990089416504,20.44499969482422,20626,0.0,0.0
2024-09-17 11:07:00-04:00,20.450000762939453,20.469999313354492,20.440000534057617,20.459999084472656,10206,0.0,0.0
2024-09-17 11:08:00-04:00,20.46500015258789,20.46500015258789,20.420000076293945,20.424999237060547,12213,0.0,0.0
2024-09-17 11:09:00-04:00,20.420000076293945,20.420000076293945,20.404699325561523,20.408750534057617,11237,0.0,0.0
2024-09-17 11:10:00-04:00,20.405000686645508,20.450000762939453,20.399999618530273,20.44499969482422,15986,0.0,0.0
2024-09-17 11:11:00-04:00,20.44499969482422,20.454999923706055,20.399999618530273,20.450000762939453,21394,0.0,0.0
2024-09-17 11:12:00-04:00,20.45870018005371,20.465999603271484,20.443899154663086,20.459999084472656,8479,0.0,0.0
2024-09-17 11:13:00-04:00,20.4689998626709,20.46980094909668,20.450000762939453,20.46500015258789,7601,0.0,0.0
2024-09-17 11:14:00-04:00,20.464000701904297,20.475000381469727,20.459999084472656,20.469999313354492,6362,0.0,0.0
2024-09-17 11:15:00-04:00,20.459999084472656,20.489500045776367,20.459999084472656,20.469999313354492,41444,0.0,0.0
2024-09-17 11:16:00-04:00,20.479999542236328,20.5,20.475000381469727,20.475000381469727,6301,0.0,0.0
2024-09-17 11:17:00-04:00,20.469999313354492,20.524999618530273,20.46980094909668,20.514999389648438,25145,0.0,0.0
2024-09-17 11:18:00-04:00,20.514999389648438,20.514999389648438,20.459999084472656,20.479999542236328,31590,0.0,0.0
2024-09-17 11:19:00-04:00,20.479999542236328,20.485000610351562,20.469999313354492,20.469999313354492,4895,0.0,0.0
2024-09-17 11:20:00-04:00,20.475000381469727,20.479999542236328,20.440000534057617,20.450000762939453,13781,0.0,0.0
2024-09-17 11:21:00-04:00,20.440000534057617,20.44499969482422,20.399999618530273,20.44499969482422,19726,0.0,0.0
2024-09-17 11:22:00-04:00,20.449199676513672,20.459999084472656,20.43000030517578,20.434200286865234,11241,0.0,0.0
2024-09-17 11:23:00-04:00,20.440000534057617,20.524999618530273,20.440000534057617,20.510000228881836,37107,0.0,0.0
2024-09-17 11:24:00-04:00,20.5049991607666,20.559999465942383,20.5,20.559999465942383,56024,0.0,0.0
2024-09-17 11:25:00-04:00,20.565000534057617,20.565000534057617,20.549999237060547,20.549999237060547,19605,0.0,0.0
2024-09-17 11:26:00-04:00,20.549999237060547,20.629899978637695,20.54010009765625,20.6200008392334,60919,0.0,0.0
2024-09-17 11:27:00-04:00,20.625,20.6299991607666,20.600000381469727,20.600000381469727,12739,0.0,0.0
2024-09-17 11:28:00-04:00,20.610000610351562,20.61989974975586,20.59000015258789,20.601200103759766,9788,0.0,0.0
2024-09-17 11:29:00-04:00,20.604999542236328,20.610000610351562,20.56999969482422,20.604999542236328,12440,0.0,0.0
2024-09-17 11:30:00-04:00,20.604999542236328,20.625,20.600000381469727,20.604999542236328,11279,0.0,0.0
2024-09-17 11:31:00-04:00,20.604999542236328,20.63909912109375,20.59000015258789,20.63909912109375,17743,0.0,0.0
2024-09-17 11:32:00-04:00,20.6299991607666,20.635000228881836,20.601299285888672,20.610000610351562,9349,0.0,0.0
2024-09-17 11:33:00-04:00,20.610000610351562,20.610000610351562,20.540000915527344,20.545000076293945,28376,0.0,0.0
2024-09-17 11:34:00-04:00,20.540000915527344,20.56999969482422,20.540000915527344,20.55500030517578,20912,0.0,0.0
2024-09-17 11:35:00-04:00,20.55500030517578,20.594999313354492,20.55500030517578,20.584999084472656,16345,0.0,0.0
2024-09-17 11:36:00-04:00,20.584999084472656,20.600000381469727,20.579999923706055,20.594999313354492,8114,0.0,0.0
2024-09-17 11:37:00-04:00,20.594999313354492,20.594999313354492,20.540000915527344,20.55500030517578,20191,0.0,0.0
2024-09-17 11:38:00-04:00,20.559900283813477,20.584999084472656,20.55500030517578,20.580249786376953,22301,0.0,0.0
2024-09-17 11:39:00-04:00,20.59000015258789,20.639999389648438,20.59000015258789,20.639999389648438,30203,0.0,0.0
2024-09-17 11:40:00-04:00,20.645000457763672,20.655000686645508,20.600000381469727,20.614999771118164,26730,0.0,0.0
2024-09-17 11:41:00-04:00,20.6200008392334,20.6299991607666,20.573999404907227,20.573999404907227,26471,0.0,0.0
2024-09-17 11:42:00-04:00,20.576000213623047,20.59000015258789,20.55500030517578,20.55500030517578,14745,0.0,0.0
2024-09-17 11:43:00-04:00,20.55500030517578,20.579200744628906,20.549999237060547,20.57110023498535,11044,0.0,0.0
2024-09-17 11:44:00-04:00,20.56999969482422,20.578899383544922,20.530000686645508,20.540000915527344,16860,0.0,0.0
2024-09-17 11:45:00-04:00,20.540000915527344,20.57990074157715,20.540000915527344,20.575000762939453,9441,0.0,0.0
2024-09-17 11:46:00-04:00,20.56999969482422,20.625,20.56999969482422,20.625,27958,0.0,0.0
2024-09-17 11:47:00-04:00,20.629199981689453,20.629199981689453,20.59000015258789,20.625,12775,0.0,0.0
2024-09-17 11:48:00-04:00,20.6200008392334,20.625,20.59000015258789,20.599899291992188,24063,0.0,0.0
2024-09-17 11:49:00-04:00,20.600000381469727,20.614999771118164,20.594999313354492,20.604999542236328,7899,0.0,0.0
2024-09-17 11:50:00-04:00,20.610000610351562,20.674999237060547,20.604999542236328,20.665000915527344,20082,0.0,0.0
2024-09-17 11:51:00-04:00,20.67009925842285,20.709999084472656,20.670000076293945,20.684999465942383,29482,0.0,0.0
2024-09-17 11:52:00-04:00,20.690000534057617,20.709999084472656,20.684999465942383,20.704999923706055,27327,0.0,0.0
2024-09-17 11:53:00-04:00,20.704999923706055,20.704999923706055,20.680500030517578,20.690000534057617,15204,0.0,0.0
2024-09-17 11:54:00-04:00,20.69499969482422,20.69499969482422,20.648700714111328,20.65999984741211,19471,0.0,0.0
2024-09-17 11:55:00-04:00,20.668699264526367,20.668699264526367,20.639999389648438,20.649499893188477,16600,0.0,0.0
2024-09-17 11:56:00-04:00,20.639999389648438,20.670000076293945,20.639999389648438,20.65049934387207,9777,0.0,0.0
2024-09-17 11:57:00-04:00,20.655000686645508,20.665000915527344,20.649999618530273,20.652000427246094,6778,0.0,0.0
2024-09-17 11:58:00-04:00,20.655000686645508,20.670000076293945,20.649999618530273,20.670000076293945,8523,0.0,0.0
2024-09-17 11:59:00-04:00,20.670000076293945,20.729999542236328,20.670000076293945,20.729999542236328,28823,0.0,0.0
2024-09-17 12:00:00-04:00,20.729999542236328,20.75,20.709999084472656,20.71500015258789,53918,0.0,0.0
2024-09-17 12:01:00-04:00,20.71500015258789,20.71500015258789,20.690000534057617,20.690000534057617,6174,0.0,0.0
2024-09-17 12:02:00-04:00,20.700000762939453,20.735000610351562,20.700000762939453,20.729999542236328,24256,0.0,0.0
2024-09-17 12:03:00-04:00,20.725000381469727,20.739999771118164,20.670000076293945,20.67009925842285,19208,0.0,0.0
2024-09-17 12:04:00-04:00,20.68000030517578,20.684999465942383,20.65999984741211,20.662399291992188,6694,0.0,0.0
2024-09-17 12:05:00-04:00,20.665000915527344,20.69499969482422,20.65999984741211,20.680500030517578,10289,0.0,0.0
2024-09-17 12:06:00-04:00,20.684999465942383,20.684999465942383,20.68000030517578,20.68000030517578,5277,0.0,0.0
2024-09-17 12:07:00-04:00,20.678800582885742,20.68000030517578,20.670000076293945,20.674999237060547,6984,0.0,0.0
2024-09-17 12:08:00-04:00,20.670000076293945,20.695999145507812,20.66990089416504,20.695999145507812,6835,0.0,0.0
2024-09-17 12:09:00-04:00,20.700000762939453,20.71500015258789,20.674999237060547,20.674999237060547,18364,0.0,0.0
2024-09-17 12:10:00-04:00,20.678499221801758,20.678499221801758,20.65999984741211,20.670000076293945,11308,0.0,0.0
2024-09-17 12:11:00-04:00,20.670000076293945,20.674999237060547,20.670000076293945,20.674999237060547,3327,0.0,0.0
2024-09-17 12:12:00-04:00,20.68000030517578,20.709999084472656,20.68000030517578,20.700000762939453,18483,0.0,0.0
2024-09-17 12:13:00-04:00,20.704999923706055,20.704999923706055,20.690000534057617,20.690000534057617,4310,0.0,0.0
2024-09-17 12:14:00-04:00,20.690000534057617,20.700000762939453,20.68000030517578,20.680099487304688,3992,0.0,0.0
2024-09-17 12:15:00-04:00,20.68000030517578,20.684999465942383,20.600000381469727,20.610000610351562,45342,0.0,0.0
2024-09-17 12:16:00-04:00,20.604000091552734,20.628599166870117,20.59000015258789,20.59000015258789,21932,0.0,0.0
2024-09-17 12:17:00-04:00,20.59000015258789,20.614999771118164,20.56999969482422,20.59000015258789,22269,0.0,0.0
2024-09-17 12:18:00-04:00,20.579999923706055,20.584999084472656,20.520099639892578,20.524999618530273,32498,0.0,0.0
2024-09-17 12:19:00-04:00,20.520000457763672,20.54949951171875,20.50200080871582,20.520000457763672,16885,0.0,0.0
2024-09-17 12:20:00-04:00,20.520000457763672,20.524999618530273,20.5,20.520000457763672,43249,0.0,0.0
2024-09-17 12:21:00-04:00,20.524999618530273,20.540000915527344,20.5,20.514999389648438,24151,0.0,0.0
2024-09-17 12:22:00-04:00,20.514999389648438,20.514999389648438,20.459999084472656,20.459999084472656,64651,0.0,0.0
2024-09-17 12:23:00-04:00,20.459999084472656,20.459999084472656,20.381000518798828,20.381000518798828,27807,0.0,0.0
2024-09-17 12:24:00-04:00,20.381099700927734,20.385000228881836,20.25,20.270000457763672,81751,0.0,0.0
2024-09-17 12:25:00-04:00,20.272499084472656,20.329999923706055,20.270000457763672,20.31999969482422,40972,0.0,0.0
2024-09-17 12:26:00-04:00,20.315000534057617,20.325000762939453,20.25,20.25,26836,0.0,0.0
2024-09-17 12:27:00-04:00,20.239999771118164,20.2549991607666,20.21500015258789,20.253999710083008,25500,0.0,0.0
2024-09-17 12:28:00-04:00,20.2549991607666,20.295000076293945,20.252599716186523,20.260000228881836,28960,0.0,0.0
2024-09-17 12:29:00-04:00,20.260000228881836,20.290000915527344,20.260000228881836,20.270000457763672,17244,0.0,0.0
2024-09-17 12:30:00-04:00,20.270000457763672,20.325000762939453,20.209999084472656,20.31999969482422,172554,0.0,0.0
2024-09-17 12:31:00-04:00,20.320999145507812,20.3700008392334,20.290000915527344,20.36989974975586,40926,0.0,0.0
2024-09-17 12:32:00-04:00,20.3700008392334,20.399999618530273,20.34000015258789,20.360000610351562,25510,0.0,0.0
2024-09-17 12:33:00-04:00,20.364999771118164,20.388879776000977,20.364999771118164,20.375,14263,0.0,0.0
2024-09-17 12:34:00-04:00,20.375,20.405000686645508,20.3700008392334,20.375,14631,0.0,0.0
2024-09-17 12:35:00-04:00,20.375,20.440000534057617,20.375,20.43000030517578,18941,0.0,0.0
2024-09-17 12:36:00-04:00,20.420000076293945,20.424999237060547,20.3799991607666,20.399999618530273,33074,0.0,0.0
2024-09-17 12:37:00-04:00,20.396900177001953,20.399999618530273,20.371999740600586,20.385000228881836,9493,0.0,0.0
2024-09-17 12:38:00-04:00,20.375,20.385000228881836,20.360000610351562,20.3700008392334,8661,0.0,0.0
2024-09-17 12:39:00-04:00,20.3799991607666,20.40999984741211,20.3700008392334,20.375,10755,0.0,0.0
2024-09-17 12:40:00-04:00,20.3700008392334,20.3799991607666,20.3700008392334,20.375,6460,0.0,0.0
2024-09-17 12:41:00-04:00,20.375,20.375,20.329999923706055,20.34000015258789,12848,0.0,0.0
2024-09-17 12:42:00-04:00,20.34000015258789,20.360000610351562,20.34000015258789,20.354999542236328,7835,0.0,0.0
2024-09-17 12:43:00-04:00,20.356599807739258,20.358699798583984,20.325000762939453,20.325000762939453,19296,0.0,0.0
2024-09-17 12:44:00-04:00,20.325000762939453,20.350000381469727,20.325000762939453,20.329999923706055,15086,0.0,0.0
2024-09-17 12:45:00-04:00,20.334999084472656,20.395000457763672,20.329999923706055,20.385000228881836,25256,0.0,0.0
2024-09-17 12:46:00-04:00,20.389999389648438,20.40999984741211,20.370100021362305,20.405000686645508,11350,0.0,0.0
2024-09-17 12:47:00-04:00,20.400999069213867,20.40999984741211,20.364999771118164,20.3700008392334,11833,0.0,0.0
2024-09-17 12:48:00-04:00,20.360000610351562,20.3799991607666,20.341299057006836,20.344999313354492,12125,0.0,0.0
2024-09-17 12:49:00-04:00,20.340999603271484,20.354999542236328,20.309999465942383,20.334999084472656,35258,0.0,0.0
2024-09-17 12:50:00-04:00,20.329999923706055,20.329999923706055,20.28499984741211,20.309999465942383,28652,0.0,0.0
2024-09-17 12:51:00-04:00,20.300100326538086,20.3799991607666,20.300100326538086,20.329999923706055,37155,0.0,0.0
2024-09-17 12:52:00-04:00,20.325000762939453,20.344999313354492,20.31209945678711,20.344999313354492,14611,0.0,0.0
2024-09-17 12:53:00-04:00,20.344999313354492,20.364999771118164,20.31060028076172,20.31999969482422,13326,0.0,0.0
2024-09-17 12:54:00-04:00,20.329999923706055,20.354999542236328,20.329999923706055,20.34000015258789,22026,0.0,0.0
2024-09-17 12:55:00-04:00,20.344999313354492,20.375,20.344999313354492,20.360000610351562,17479,0.0,0.0
2024-09-17 12:56:00-04:00,20.350000381469727,20.354999542236328,20.309999465942383,20.31999969482422,18883,0.0,0.0
2024-09-17 12:57:00-04:00,20.315000534057617,20.315000534057617,20.249900817871094,20.250099182128906,21801,0.0,0.0
2024-09-17 12:58:00-04:00,20.25,20.264999389648438,20.235000610351562,20.2450008392334,20506,0.0,0.0
2024-09-17 12:59:00-04:00,20.239999771118164,20.239999771118164,20.139999389648438,20.150999069213867,64167,0.0,0.0
2024-09-17 13:00:00-04:00,20.151100158691406,20.229999542236328,20.151100158691406,20.225000381469727,17826,0.0,0.0
2024-09-17 13:01:00-04:00,20.235000610351562,20.264999389648438,20.219999313354492,20.260000228881836,17302,0.0,0.0
2024-09-17 13:02:00-04:00,20.260000228881836,20.260000228881836,20.225000381469727,20.235000610351562,20509,0.0,0.0
2024-09-17 13:03:00-04:00,20.239999771118164,20.239999771118164,20.200000762939453,20.200000762939453,9664,0.0,0.0
2024-09-17 13:04:00-04:00,20.190000534057617,20.200000762939453,20.170000076293945,20.170000076293945,12390,0.0,0.0
2024-09-17 13:05:00-04:00,20.174999237060547,20.209999084472656,20.159500122070312,20.200000762939453,28993,0.0,0.0
2024-09-17 13:06:00-04:00,20.190000534057617,20.19499969482422,20.170000076293945,20.170000076293945,9528,0.0,0.0
2024-09-17 13:07:00-04:00,20.18000030517578,20.184999465942383,20.149999618530273,20.17125701904297,23498,0.0,0.0
2024-09-17 13:08:00-04:00,20.174999237060547,20.18000030517578,20.170000076293945,20.174999237060547,13766,0.0,0.0
2024-09-17 13:09:00-04:00,20.174999237060547,20.174999237060547,20.139999389648438,20.14069938659668,12088,0.0,0.0
2024-09-17 13:10:00-04:00,20.139999389648438,20.155000686645508,20.110000610351562,20.149999618530273,45150,0.0,0.0
2024-09-17 13:11:00-04:00,20.139999389648438,20.145000457763672,20.049999237060547,20.09000015258789,155660,0.0,0.0
2024-09-17 13:12:00-04:00,20.09000015258789,20.09000015258789,20.049999237060547,20.075000762939453,18783,0.0,0.0
2024-09-17 13:13:00-04:00,20.078899383544922,20.114999771118164,20.059999465942383,20.110000610351562,66661,0.0,0.0
2024-09-17 13:14:00-04:00,20.110000610351562,20.110000610351562,20.065000534057617,20.09000015258789,14251,0.0,0.0
2024-09-17 13:15:00-04:00,20.094999313354492,20.094999313354492,20.049999237060547,20.059999465942383,9497,0.0,0.0
2024-09-17 13:16:00-04:00,20.049999237060547,20.094999313354492,20.040000915527344,20.075000762939453,19200,0.0,0.0
2024-09-17 13:17:00-04:00,20.079999923706055,20.084999084472656,20.022300720214844,20.030000686645508,23797,0.0,0.0
2024-09-17 13:18:00-04:00,20.040000915527344,20.114999771118164,20.040000915527344,20.110000610351562,13542,0.0,0.0
2024-09-17 13:19:00-04:00,20.110000610351562,20.1299991607666,20.104999542236328,20.124000549316406,6000,0.0,0.0
2024-09-17 13:20:00-04:00,20.1299991607666,20.189899444580078,20.1299991607666,20.15999984741211,44583,0.0,0.0
2024-09-17 13:21:00-04:00,20.170000076293945,20.229999542236328,20.167999267578125,20.219999313354492,216645,0.0,0.0
2024-09-17 13:22:00-04:00,20.229999542236328,20.23539924621582,20.209999084472656,20.229999542236328,17594,0.0,0.0
2024-09-17 13:23:00-04:00,20.239999771118164,20.270000457763672,20.239999771118164,20.2549991607666,8326,0.0,0.0
2024-09-17 13:24:00-04:00,20.260000228881836,20.270000457763672,20.260000228881836,20.260000228881836,10897,0.0,0.0
2024-09-17 13:25:00-04:00,20.260000228881836,20.299999237060547,20.2549991607666,20.28499984741211,14798,0.0,0.0
2024-09-17 13:26:00-04:00,20.299999237060547,20.34000015258789,20.299999237060547,20.31999969482422,17880,0.0,0.0
2024-09-17 13:27:00-04:00,20.31999969482422,20.329999923706055,20.309999465942383,20.309999465942383,5658,0.0,0.0
2024-09-17 13:28:00-04:00,20.315000534057617,20.329999923706055,20.305999755859375,20.329999923706055,9496,0.0,0.0
2024-09-17 13:29:00-04:00,20.34000015258789,20.344999313354492,20.31999969482422,20.325000762939453,6096,0.0,0.0
2024-09-17 13:30:00-04:00,20.31999969482422,20.329999923706055,20.309999465942383,20.31999969482422,10056,0.0,0.0
2024-09-17 13:31:00-04:00,20.325000762939453,20.354999542236328,20.31999969482422,20.344999313354492,20530,0.0,0.0
2024-09-17 13:32:00-04:00,20.344999313354492,20.344999313354492,20.309999465942383,20.309999465942383,8182,0.0,0.0
2024-09-17 13:33:00-04:00,20.309999465942383,20.329999923706055,20.29990005493164,20.329999923706055,14261,0.0,0.0
2024-09-17 13:34:00-04:00,20.329999923706055,20.34000015258789,20.270000457763672,20.274700164794922,14293,0.0,0.0
2024-09-17 13:35:00-04:00,20.274999618530273,20.295000076293945,20.270000457763672,20.295000076293945,10094,0.0,0.0
2024-09-17 13:36:00-04:00,20.28499984741211,20.325000762939453,20.280000686645508,20.31999969482422,7298,0.0,0.0
2024-09-17 13:37:00-04:00,20.31999969482422,20.325000762939453,20.302499771118164,20.325000762939453,7441,0.0,0.0
2024-09-17 13:38:00-04:00,20.31999969482422,20.329999923706055,20.290000915527344,20.299999237060547,5965,0.0,0.0
2024-09-17 13:39:00-04:00,20.309999465942383,20.309999465942383,20.299999237060547,20.299999237060547,2242,0.0,0.0
2024-09-17 13:40:00-04:00,20.290000915527344,20.290000915527344,20.253599166870117,20.270099639892578,14922,0.0,0.0
2024-09-17 13:41:00-04:00,20.264999389648438,20.28969955444336,20.239999771118164,20.270000457763672,13157,0.0,0.0
2024-09-17 13:42:00-04:00,20.274999618530273,20.27669906616211,20.235000610351562,20.235000610351562,12516,0.0,0.0
2024-09-17 13:43:00-04:00,20.229999542236328,20.260000228881836,20.217500686645508,20.25,9266,0.0,0.0
2024-09-17 13:44:00-04:00,20.2549991607666,20.270000457763672,20.2450008392334,20.2450008392334,6695,0.0,0.0
2024-09-17 13:45:00-04:00,20.25,20.260000228881836,20.200000762939453,20.21500015258789,12867,0.0,0.0
2024-09-17 13:46:00-04:00,20.21500015258789,20.2549991607666,20.209999084472656,20.2450008392334,10398,0.0,0.0
2024-09-17 13:47:00-04:00,20.2450008392334,20.260000228881836,20.239999771118164,20.239999771118164,9988,0.0,0.0
2024-09-17 13:48:00-04:00,20.2450008392334,20.264999389648438,20.2450008392334,20.2549991607666,7415,0.0,0.0
2024-09-17 13:49:00-04:00,20.2549991607666,20.260000228881836,20.225000381469727,20.2549991607666,10014,0.0,0.0
2024-09-17 13:50:00-04:00,20.2549991607666,20.279499053955078,20.25,20.270000457763672,12307,0.0,0.0
2024-09-17 13:51:00-04:00,20.274999618530273,20.309999465942383,20.270000457763672,20.28499984741211,27645,0.0,0.0
2024-09-17 13:52:00-04:00,20.28499984741211,20.299999237060547,20.27050018310547,20.271499633789062,24081,0.0,0.0
2024-09-17 13:53:00-04:00,20.280000686645508,20.309999465942383,20.280000686645508,20.299999237060547,27432,0.0,0.0
2024-09-17 13:54:00-04:00,20.299999237060547,20.31999969482422,20.295000076293945,20.311500549316406,6727,0.0,0.0
2024-09-17 13:55:00-04:00,20.309999465942383,20.309999465942383,20.290000915527344,20.297700881958008,8750,0.0,0.0
2024-09-17 13:56:00-04:00,20.290000915527344,20.290000915527344,20.27090072631836,20.28499984741211,8037,0.0,0.0
2024-09-17 13:57:00-04:00,20.285999298095703,20.295000076293945,20.270000457763672,20.290000915527344,18717,0.0,0.0
2024-09-17 13:58:00-04:00,20.295000076293945,20.295000076293945,20.280000686645508,20.290000915527344,9355,0.0,0.0
2024-09-17 13:59:00-04:00,20.298799514770508,20.299999237060547,20.280000686645508,20.280000686645508,7042,0.0,0.0
2024-09-17 14:00:00-04:00,20.270000457763672,20.287599563598633,20.264999389648438,20.264999389648438,12747,0.0,0.0
2024-09-17 14:01:00-04:00,20.270000457763672,20.274999618530273,20.264999389648438,20.274999618530273,2399,0.0,0.0
2024-09-17 14:02:00-04:00,20.280000686645508,20.28499984741211,20.274999618530273,20.274999618530273,4081,0.0,0.0
2024-09-17 14:03:00-04:00,20.274999618530273,20.299999237060547,20.274999618530273,20.295000076293945,17641,0.0,0.0
2024-09-17 14:04:00-04:00,20.295000076293945,20.295000076293945,20.280000686645508,20.280000686645508,7730,0.0,0.0
2024-09-17 14:05:00-04:00,20.274999618530273,20.274999618530273,20.25,20.260000228881836,8528,0.0,0.0
2024-09-17 14:06:00-04:00,20.2544002532959,20.260000228881836,20.229999542236328,20.229999542236328,5860,0.0,0.0
2024-09-17 14:07:00-04:00,20.225000381469727,20.238300323486328,20.220500946044922,20.225000381469727,5238,0.0,0.0
2024-09-17 14:08:00-04:00,20.229999542236328,20.2450008392334,20.229999542236328,20.2450008392334,5028,0.0,0.0
2024-09-17 14:09:00-04:00,20.25,20.2549991607666,20.229999542236328,20.249900817871094,14591,0.0,0.0
2024-09-17 14:10:00-04:00,20.2450008392334,20.25,20.235000610351562,20.235000610351562,8478,0.0,0.0
2024-09-17 14:11:00-04:00,20.231399536132812,20.239999771118164,20.209999084472656,20.229999542236328,12139,0.0,0.0
2024-09-17 14:12:00-04:00,20.229999542236328,20.239999771118164,20.219999313354492,20.219999313354492,15124,0.0,0.0
2024-09-17 14:13:00-04:00,20.219999313354492,20.229999542236328,20.219999313354492,20.229999542236328,11152,0.0,0.0
2024-09-17 14:14:00-04:00,20.219999313354492,20.22599983215332,20.200000762939453,20.204999923706055,9467,0.0,0.0
2024-09-17 14:15:00-04:00,20.201000213623047,20.227100372314453,20.201000213623047,20.227100372314453,10443,0.0,0.0
2024-09-17 14:16:00-04:00,20.22949981689453,20.22949981689453,20.209999084472656,20.21500015258789,10653,0.0,0.0
2024-09-17 14:17:00-04:00,20.214000701904297,20.228500366210938,20.214000701904297,20.219999313354492,3865,0.0,0.0
2024-09-17 14:18:00-04:00,20.228900909423828,20.228900909423828,20.209999084472656,20.209999084472656,6150,0.0,0.0
2024-09-17 14:19:00-04:00,20.200000762939453,20.209999084472656,20.18000030517578,20.184999465942383,21135,0.0,0.0
2024-09-17 14:20:00-04:00,20.190000534057617,20.204999923706055,20.190000534057617,20.190000534057617,28559,0.0,0.0
2024-09-17 14:21:00-04:00,20.200000762939453,20.229999542236328,20.200000762939453,20.219999313354492,10836,0.0,0.0
2024-09-17 14:22:00-04:00,20.215999603271484,20.219999313354492,20.204999923706055,20.214799880981445,11386,0.0,0.0
2024-09-17 14:23:00-04:00,20.219999313354492,20.229999542236328,20.211299896240234,20.214000701904297,8145,0.0,0.0
2024-09-17 14:24:00-04:00,20.21500015258789,20.25,20.21500015258789,20.25,10827,0.0,0.0
2024-09-17 14:25:00-04:00,20.239999771118164,20.2450008392334,20.229999542236328,20.233400344848633,10275,0.0,0.0
2024-09-17 14:26:00-04:00,20.229999542236328,20.25,20.229999542236328,20.2450008392334,5386,0.0,0.0
2024-09-17 14:27:00-04:00,20.25,20.285999298095703,20.25,20.280000686645508,16339,0.0,0.0
2024-09-17 14:28:00-04:00,20.280000686645508,20.28499984741211,20.264999389648438,20.28030014038086,7897,0.0,0.0
2024-09-17 14:29:00-04:00,20.28499984741211,20.289899826049805,20.270000457763672,20.274999618530273,19681,0.0,0.0
2024-09-17 14:30:00-04:00,20.27199935913086,20.275999069213867,20.240100860595703,20.2549991607666,16484,0.0,0.0
2024-09-17 14:31:00-04:00,20.260000228881836,20.260000228881836,20.25,20.2549991607666,4336,0.0,0.0
2024-09-17 14:32:00-04:00,20.260000228881836,20.280000686645508,20.260000228881836,20.270000457763672,9898,0.0,0.0
2024-09-17 14:33:00-04:00,20.270000457763672,20.280000686645508,20.263999938964844,20.274999618530273,7253,0.0,0.0
2024-09-17 14:34:00-04:00,20.270000457763672,20.280000686645508,20.270000457763672,20.280000686645508,1630,0.0,0.0
2024-09-17 14:35:00-04:00,20.290000915527344,20.30500030517578,20.288999557495117,20.30500030517578,15599,0.0,0.0
2024-09-17 14:36:00-04:00,20.30500030517578,20.34000015258789,20.30500030517578,20.34000015258789,29706,0.0,0.0
2024-09-17 14:37:00-04:00,20.34000015258789,20.34000015258789,20.299999237060547,20.315000534057617,45247,0.0,0.0
2024-09-17 14:38:00-04:00,20.31999969482422,20.329999923706055,20.31999969482422,20.329999923706055,2234,0.0,0.0
2024-09-17 14:39:00-04:00,20.32990074157715,20.34000015258789,20.32990074157715,20.334999084472656,5941,0.0,0.0
2024-09-17 14:40:00-04:00,20.334999084472656,20.3700008392334,20.334999084472656,20.359500885009766,15589,0.0,0.0
2024-09-17 14:41:00-04:00,20.354999542236328,20.375,20.350000381469727,20.364999771118164,8254,0.0,0.0
2024-09-17 14:42:00-04:00,20.3700008392334,20.375,20.350099563598633,20.375,8319,0.0,0.0
2024-09-17 14:43:00-04:00,20.379899978637695,20.40999984741211,20.364999771118164,20.405000686645508,18766,0.0,0.0
2024-09-17 14:44:00-04:00,20.40999984741211,20.40999984741211,20.3799991607666,20.399999618530273,19616,0.0,0.0
2024-09-17 14:45:00-04:00,20.395000457763672,20.420000076293945,20.395000457763672,20.415000915527344,9978,0.0,0.0
2024-09-17 14:46:00-04:00,20.41990089416504,20.430200576782227,20.40999984741211,20.424999237060547,11078,0.0,0.0
2024-09-17 14:47:00-04:00,20.424999237060547,20.459999084472656,20.420000076293945,20.454999923706055,13749,0.0,0.0
2024-09-17 14:48:00-04:00,20.450000762939453,20.450000762939453,20.405000686645508,20.40999984741211,30246,0.0,0.0
2024-09-17 14:49:00-04:00,20.40999984741211,20.43000030517578,20.40999984741211,20.420000076293945,13793,0.0,0.0
2024-09-17 14:50:00-04:00,20.43000030517578,20.43000030517578,20.395000457763672,20.405000686645508,25503,0.0,0.0
2024-09-17 14:51:00-04:00,20.405000686645508,20.405000686645508,20.3799991607666,20.389999389648438,6620,0.0,0.0
2024-09-17 14:52:00-04:00,20.389999389648438,20.420000076293945,20.3799991607666,20.399999618530273,37977,0.0,0.0
2024-09-17 14:53:00-04:00,20.403600692749023,20.410499572753906,20.3799991607666,20.389999389648438,28291,0.0,0.0
2024-09-17 14:54:00-04:00,20.389999389648438,20.450000762939453,20.389999389648438,20.450000762939453,25205,0.0,0.0
2024-09-17 14:55:00-04:00,20.454999923706055,20.46500015258789,20.424999237060547,20.424999237060547,12549,0.0,0.0
2024-09-17 14:56:00-04:00,20.424999237060547,20.514999389648438,20.415000915527344,20.500099182128906,154371,0.0,0.0
2024-09-17 14:57:00-04:00,20.507299423217773,20.520000457763672,20.489999771118164,20.498899459838867,18338,0.0,0.0
2024-09-17 14:58:00-04:00,20.490999221801758,20.510000228881836,20.489999771118164,20.5049991607666,12931,0.0,0.0
2024-09-17 14:59:00-04:00,20.508899688720703,20.53499984741211,20.508899688720703,20.520000457763672,12138,0.0,0.0
2024-09-17 15:00:00-04:00,20.5,20.5,20.44499969482422,20.45989990234375,23879,0.0,0.0
2024-09-17 15:01:00-04:00,20.459999084472656,20.479999542236328,20.459999084472656,20.479999542236328,9456,0.0,0.0
2024-09-17 15:02:00-04:00,20.479999542236328,20.489999771118164,20.399999618530273,20.399999618530273,26221,0.0,0.0
2024-09-17 15:03:00-04:00,20.399999618530273,20.420000076293945,20.389999389648438,20.389999389648438,29876,0.0,0.0
2024-09-17 15:04:00-04:00,20.389999389648438,20.399999618530273,20.360000610351562,20.3700008392334,26672,0.0,0.0
2024-09-17 15:05:00-04:00,20.364999771118164,20.3700008392334,20.34000015258789,20.354999542236328,49378,0.0,0.0
2024-09-17 15:06:00-04:00,20.354999542236328,20.354999542236328,20.31999969482422,20.325000762939453,26424,0.0,0.0
2024-09-17 15:07:00-04:00,20.31999969482422,20.34119987487793,20.31999969482422,20.34000015258789,16995,0.0,0.0
2024-09-17 15:08:00-04:00,20.334999084472656,20.350000381469727,20.329999923706055,20.334999084472656,12636,0.0,0.0
2024-09-17 15:09:00-04:00,20.334999084472656,20.344999313354492,20.334999084472656,20.34000015258789,14705,0.0,0.0
2024-09-17 15:10:00-04:00,20.329999923706055,20.354999542236328,20.325000762939453,20.350000381469727,13080,0.0,0.0
2024-09-17 15:11:00-04:00,20.344999313354492,20.350000381469727,20.34000015258789,20.34000015258789,11069,0.0,0.0
2024-09-17 15:12:00-04:00,20.346900939941406,20.368799209594727,20.344999313354492,20.360000610351562,21054,0.0,0.0
2024-09-17 15:13:00-04:00,20.354999542236328,20.415000915527344,20.354999542236328,20.389999389648438,30254,0.0,0.0
2024-09-17 15:14:00-04:00,20.393115997314453,20.395000457763672,20.386999130249023,20.390100479125977,7316,0.0,0.0
2024-09-17 15:15:00-04:00,20.389999389648438,20.389999389648438,20.3700008392334,20.389999389648438,7432,0.0,0.0
2024-09-17 15:16:00-04:00,20.385000228881836,20.415000915527344,20.385000228881836,20.40999984741211,52147,0.0,0.0
2024-09-17 15:17:00-04:00,20.41010093688965,20.417999267578125,20.399999618530273,20.415000915527344,18579,0.0,0.0
2024-09-17 15:18:00-04:00,20.40999984741211,20.43000030517578,20.399999618530273,20.420000076293945,35484,0.0,0.0
2024-09-17 15:19:00-04:00,20.420000076293945,20.459999084472656,20.420000076293945,20.43000030517578,41588,0.0,0.0
2024-09-17 15:20:00-04:00,20.434999465942383,20.5,20.43000030517578,20.5,47807,0.0,0.0
2024-09-17 15:21:00-04:00,20.499000549316406,20.5,20.440000534057617,20.44499969482422,33253,0.0,0.0
2024-09-17 15:22:00-04:00,20.44499969482422,20.44499969482422,20.434999465942383,20.440000534057617,7208,0.0,0.0
2024-09-17 15:23:00-04:00,20.434999465942383,20.434999465942383,20.399999618530273,20.405000686645508,25156,0.0,0.0
2024-09-17 15:24:00-04:00,20.405000686645508,20.440000534057617,20.399999618530273,20.434999465942383,22026,0.0,0.0
2024-09-17 15:25:00-04:00,20.440000534057617,20.469999313354492,20.434999465942383,20.454999923706055,37063,0.0,0.0
2024-09-17 15:26:00-04:00,20.454999923706055,20.454999923706055,20.420000076293945,20.43000030517578,8808,0.0,0.0
2024-09-17 15:27:00-04:00,20.440000534057617,20.446399688720703,20.43000030517578,20.440000534057617,11413,0.0,0.0
2024-09-17 15:28:00-04:00,20.44499969482422,20.46500015258789,20.440000534057617,20.46500015258789,11062,0.0,0.0
2024-09-17 15:29:00-04:00,20.46500015258789,20.485000610351562,20.46500015258789,20.475000381469727,13637,0.0,0.0
2024-09-17 15:30:00-04:00,20.485000610351562,20.4950008392334,20.469999313354492,20.4950008392334,17893,0.0,0.0
2024-09-17 15:31:00-04:00,20.4950008392334,20.59000015258789,20.4950008392334,20.59000015258789,151581,0.0,0.0
2024-09-17 15:32:00-04:00,20.59000015258789,20.600000381469727,20.565000534057617,20.599899291992188,104609,0.0,0.0
2024-09-17 15:33:00-04:00,20.59869956970215,20.629899978637695,20.59000015258789,20.6200008392334,19933,0.0,0.0
2024-09-17 15:34:00-04:00,20.625999450683594,20.6299991607666,20.600000381469727,20.629899978637695,27518,0.0,0.0
2024-09-17 15:35:00-04:00,20.620100021362305,20.625,20.600000381469727,20.61009979248047,32731,0.0,0.0
2024-09-17 15:36:00-04:00,20.614999771118164,20.635000228881836,20.610000610351562,20.6200008392334,33122,0.0,0.0
2024-09-17 15:37:00-04:00,20.6200008392334,20.6299991607666,20.600000381469727,20.610000610351562,12068,0.0,0.0
2024-09-17 15:38:00-04:00,20.600000381469727,20.610000610351562,20.59000015258789,20.601699829101562,19824,0.0,0.0
2024-09-17 15:39:00-04:00,20.610000610351562,20.6200008392334,20.610000610351562,20.610000610351562,32919,0.0,0.0
2024-09-17 15:40:00-04:00,20.610000610351562,20.6200008392334,20.584999084472656,20.584999084472656,25432,0.0,0.0
2024-09-17 15:41:00-04:00,20.586000442504883,20.59000015258789,20.549999237060547,20.55500030517578,45437,0.0,0.0
2024-09-17 15:42:00-04:00,20.549999237060547,20.609800338745117,20.549999237060547,20.604999542236328,33175,0.0,0.0
2024-09-17 15:43:00-04:00,20.594999313354492,20.594999313354492,20.559999465942383,20.579999923706055,39286,0.0,0.0
2024-09-17 15:44:00-04:00,20.575000762939453,20.59000015258789,20.56999969482422,20.584999084472656,18856,0.0,0.0
2024-09-17 15:45:00-04:00,20.59000015258789,20.6200008392334,20.59000015258789,20.6200008392334,43147,0.0,0.0
2024-09-17 15:46:00-04:00,20.614999771118164,20.614999771118164,20.56999969482422,20.575000762939453,25322,0.0,0.0
2024-09-17 15:47:00-04:00,20.575000762939453,20.584999084472656,20.559999465942383,20.575000762939453,16871,0.0,0.0
2024-09-17 15:48:00-04:00,20.56999969482422,20.604999542236328,20.56999969482422,20.604999542236328,28553,0.0,0.0
2024-09-17 15:49:00-04:00,20.604999542236328,20.625,20.594999313354492,20.6200008392334,42134,0.0,0.0
2024-09-17 15:50:00-04:00,20.625,20.635000228881836,20.549999237060547,20.549999237060547,82994,0.0,0.0
2024-09-17 15:51:00-04:00,20.549999237060547,20.594999313354492,20.549999237060547,20.575000762939453,43863,0.0,0.0
2024-09-17 15:52:00-04:00,20.579999923706055,20.58989906311035,20.540000915527344,20.55500030517578,58391,0.0,0.0
2024-09-17 15:53:00-04:00,20.55500030517578,20.565000534057617,20.53499984741211,20.549999237060547,56589,0.0,0.0
2024-09-17 15:54:00-04:00,20.549999237060547,20.59000015258789,20.545000076293945,20.58009910583496,52234,0.0,0.0
2024-09-17 15:55:00-04:00,20.579999923706055,20.599899291992188,20.550100326538086,20.59000015258789,94002,0.0,0.0
2024-09-17 15:56:00-04:00,20.59000015258789,20.604999542236328,20.579999923706055,20.594999313354492,95977,0.0,0.0
2024-09-17 15:57:00-04:00,20.594999313354492,20.639999389648438,20.59000015258789,20.625,178992,0.0,0.0
2024-09-17 15:58:00-04:00,20.6200008392334,20.6299991607666,20.59000015258789,20.62809944152832,141741,0.0,0.0
2024-09-17 15:59:00-04:00,20.6299991607666,20.649999618530273,20.6200008392334,20.6299991607666,173196,0.0,0.0
2024-09-18 09:30:00-04:00,20.579999923706055,20.68000030517578,20.559999465942383,20.56999969482422,202253,0.0,0.0
2024-09-18 09:31:00-04:00,20.579999923706055,20.600000381469727,20.400100708007812,20.436399459838867,33086,0.0,0.0
2024-09-18 09:32:00-04:00,20.40999984741211,20.469999313354492,20.3700008392334,20.43000030517578,35484,0.0,0.0
2024-09-18 09:33:00-04:00,20.424999237060547,20.54010009765625,20.420000076293945,20.540000915527344,164983,0.0,0.0
2024-09-18 09:34:00-04:00,20.540000915527344,20.549999237060547,20.489999771118164,20.549999237060547,18393,0.0,0.0
2024-09-18 09:35:00-04:00,20.559999465942383,20.610000610351562,20.54010009765625,20.600099563598633,45917,0.0,0.0
2024-09-18 09:36:00-04:00,20.610000610351562,20.649999618530273,20.579999923706055,20.640100479125977,26440,0.0,0.0
2024-09-18 09:37:00-04:00,20.639999389648438,20.639999389648438,20.59000015258789,20.59000015258789,19753,0.0,0.0
2024-09-18 09:38:00-04:00,20.599599838256836,20.607900619506836,20.489999771118164,20.520000457763672,33476,0.0,0.0
2024-09-18 09:39:00-04:00,20.530000686645508,20.6299991607666,20.530000686645508,20.614999771118164,33938,0.0,0.0
2024-09-18 09:40:00-04:00,20.614999771118164,20.696603775024414,20.614999771118164,20.670000076293945,57800,0.0,0.0
2024-09-18 09:41:00-04:00,20.670000076293945,20.69499969482422,20.649999618530273,20.654699325561523,28497,0.0,0.0
2024-09-18 09:42:00-04:00,20.655000686645508,20.670000076293945,20.610000610351562,20.670000076293945,16936,0.0,0.0
2024-09-18 09:43:00-04:00,20.68000030517578,20.690000534057617,20.65999984741211,20.670000076293945,16190,0.0,0.0
2024-09-18 09:44:00-04:00,20.670000076293945,20.670000076293945,20.610000610351562,20.614999771118164,23786,0.0,0.0
2024-09-18 09:45:00-04:00,20.614999771118164,20.68000030517578,20.610000610351562,20.68000030517578,14607,0.0,0.0
2024-09-18 09:46:00-04:00,20.684999465942383,20.719999313354492,20.674999237060547,20.709999084472656,43424,0.0,0.0
2024-09-18 09:47:00-04:00,20.719999313354492,20.795000076293945,20.71500015258789,20.790000915527344,81399,0.0,0.0
2024-09-18 09:48:00-04:00,20.79990005493164,20.799999237060547,20.75,20.790000915527344,36767,0.0,0.0
2024-09-18 09:49:00-04:00,20.79599952697754,20.79599952697754,20.760000228881836,20.78499984741211,33577,0.0,0.0
2024-09-18 09:50:00-04:00,20.78499984741211,20.795000076293945,20.729999542236328,20.790000915527344,23176,0.0,0.0
2024-09-18 09:51:00-04:00,20.795000076293945,20.860000610351562,20.795000076293945,20.859800338745117,88649,0.0,0.0
2024-09-18 09:52:00-04:00,20.85070037841797,20.856000900268555,20.800100326538086,20.80500030517578,24656,0.0,0.0
2024-09-18 09:53:00-04:00,20.80139923095703,20.83989906311035,20.770000457763672,20.780000686645508,41343,0.0,0.0
2024-09-18 09:54:00-04:00,20.7726993560791,20.788000106811523,20.729999542236328,20.735000610351562,19074,0.0,0.0
2024-09-18 09:55:00-04:00,20.730100631713867,20.75,20.690000534057617,20.709999084472656,29160,0.0,0.0
2024-09-18 09:56:00-04:00,20.71500015258789,20.74020004272461,20.680999755859375,20.704999923706055,35945,0.0,0.0
2024-09-18 09:57:00-04:00,20.70400047302246,20.739999771118164,20.70400047302246,20.739999771118164,21688,0.0,0.0
2024-09-18 09:58:00-04:00,20.735000610351562,20.739999771118164,20.735000610351562,20.735000610351562,6615,0.0,0.0
2024-09-18 09:59:00-04:00,20.735000610351562,20.764999389648438,20.700000762939453,20.704999923706055,19601,0.0,0.0
2024-09-18 10:00:00-04:00,20.709999084472656,20.71500015258789,20.684999465942383,20.704999923706055,35014,0.0,0.0
2024-09-18 10:01:00-04:00,20.709999084472656,20.71500015258789,20.68000030517578,20.700000762939453,55572,0.0,0.0
2024-09-18 10:02:00-04:00,20.709999084472656,20.7450008392334,20.69499969482422,20.705299377441406,28960,0.0,0.0
2024-09-18 10:03:00-04:00,20.704999923706055,20.75,20.700000762939453,20.7450008392334,16827,0.0,0.0
2024-09-18 10:04:00-04:00,20.7450008392334,20.7450008392334,20.690000534057617,20.704999923706055,13435,0.0,0.0
2024-09-18 10:05:00-04:00,20.704999923706055,20.729999542236328,20.690000534057617,20.690000534057617,18650,0.0,0.0
2024-09-18 10:06:00-04:00,20.684999465942383,20.704999923706055,20.68000030517578,20.69499969482422,28915,0.0,0.0
2024-09-18 10:07:00-04:00,20.69499969482422,20.69499969482422,20.645000457763672,20.65999984741211,54830,0.0,0.0
2024-09-18 10:08:00-04:00,20.665000915527344,20.665000915527344,20.634700775146484,20.645000457763672,28882,0.0,0.0
2024-09-18 10:09:00-04:00,20.645000457763672,20.684999465942383,20.639999389648438,20.684999465942383,34924,0.0,0.0
2024-09-18 10:10:00-04:00,20.690000534057617,20.729999542236328,20.690000534057617,20.725000381469727,39414,0.0,0.0
2024-09-18 10:11:00-04:00,20.725000381469727,20.735000610351562,20.645000457763672,20.665000915527344,27388,0.0,0.0
2024-09-18 10:12:00-04:00,20.665000915527344,20.690000534057617,20.645000457763672,20.68000030517578,19838,0.0,0.0
2024-09-18 10:13:00-04:00,20.690000534057617,20.709999084472656,20.65999984741211,20.665000915527344,24457,0.0,0.0
2024-09-18 10:14:00-04:00,20.65999984741211,20.674999237060547,20.645000457763672,20.670000076293945,27844,0.0,0.0
2024-09-18 10:15:00-04:00,20.674999237060547,20.700000762939453,20.654600143432617,20.69499969482422,12839,0.0,0.0
2024-09-18 10:16:00-04:00,20.690000534057617,20.719999313354492,20.690000534057617,20.704999923706055,18341,0.0,0.0
2024-09-18 10:17:00-04:00,20.704999923706055,20.709999084472656,20.670000076293945,20.68000030517578,17999,0.0,0.0
2024-09-18 10:18:00-04:00,20.674999237060547,20.684999465942383,20.610000610351562,20.649999618530273,34200,0.0,0.0
2024-09-18 10:19:00-04:00,20.649999618530273,20.68000030517578,20.6299991607666,20.674999237060547,46958,0.0,0.0
2024-09-18 10:20:00-04:00,20.674999237060547,20.68000030517578,20.639999389648438,20.665000915527344,63926,0.0,0.0
2024-09-18 10:21:00-04:00,20.65999984741211,20.69499969482422,20.655000686645508,20.65999984741211,15644,0.0,0.0
2024-09-18 10:22:00-04:00,20.665000915527344,20.665000915527344,20.645000457763672,20.645000457763672,10140,0.0,0.0
2024-09-18 10:23:00-04:00,20.645000457763672,20.665000915527344,20.6299991607666,20.635000228881836,23224,0.0,0.0
2024-09-18 10:24:00-04:00,20.635000228881836,20.635000228881836,20.579999923706055,20.591999053955078,33988,0.0,0.0
2024-09-18 10:25:00-04:00,20.59000015258789,20.610000610351562,20.540000915527344,20.610000610351562,26936,0.0,0.0
2024-09-18 10:26:00-04:00,20.610000610351562,20.635700225830078,20.610000610351562,20.635000228881836,14092,0.0,0.0
2024-09-18 10:27:00-04:00,20.639999389648438,20.64080047607422,20.610000610351562,20.635000228881836,12520,0.0,0.0
2024-09-18 10:28:00-04:00,20.639999389648438,20.65999984741211,20.614999771118164,20.625,8679,0.0,0.0
2024-09-18 10:29:00-04:00,20.6299991607666,20.6299991607666,20.600000381469727,20.614999771118164,14173,0.0,0.0
2024-09-18 10:30:00-04:00,20.6200008392334,20.674999237060547,20.61989974975586,20.674999237060547,29256,0.0,0.0
2024-09-18 10:31:00-04:00,20.674999237060547,20.690000534057617,20.649999618530273,20.649999618530273,16535,0.0,0.0
2024-09-18 10:32:00-04:00,20.649999618530273,20.649999618530273,20.635000228881836,20.645000457763672,12917,0.0,0.0
2024-09-18 10:33:00-04:00,20.645000457763672,20.670000076293945,20.639999389648438,20.649999618530273,16767,0.0,0.0
2024-09-18 10:34:00-04:00,20.649999618530273,20.66990089416504,20.645000457763672,20.65999984741211,11169,0.0,0.0
2024-09-18 10:35:00-04:00,20.65999984741211,20.69499969482422,20.655000686645508,20.66189956665039,30794,0.0,0.0
2024-09-18 10:36:00-04:00,20.65999984741211,20.68000030517578,20.65999984741211,20.674999237060547,11457,0.0,0.0
2024-09-18 10:37:00-04:00,20.674999237060547,20.69499969482422,20.65999984741211,20.69499969482422,25527,0.0,0.0
2024-09-18 10:38:00-04:00,20.700000762939453,20.729900360107422,20.700000762939453,20.725000381469727,24989,0.0,0.0
2024-09-18 10:39:00-04:00,20.725000381469727,20.729999542236328,20.709999084472656,20.722299575805664,10459,0.0,0.0
2024-09-18 10:40:00-04:00,20.725000381469727,20.7450008392334,20.71500015258789,20.719999313354492,10426,0.0,0.0
2024-09-18 10:41:00-04:00,20.719999313354492,20.75,20.70800018310547,20.7450008392334,42223,0.0,0.0
2024-09-18 10:42:00-04:00,20.75,20.78499984741211,20.75,20.780000686645508,27329,0.0,0.0
2024-09-18 10:43:00-04:00,20.780000686645508,20.84000015258789,20.780000686645508,20.84000015258789,27372,0.0,0.0
2024-09-18 10:44:00-04:00,20.84000015258789,20.850000381469727,20.799999237060547,20.825000762939453,33118,0.0,0.0
2024-09-18 10:45:00-04:00,20.829999923706055,20.84000015258789,20.799999237060547,20.825000762939453,17323,0.0,0.0
2024-09-18 10:46:00-04:00,20.81999969482422,20.864999771118164,20.81999969482422,20.84000015258789,22906,0.0,0.0
2024-09-18 10:47:00-04:00,20.83989906311035,20.84000015258789,20.800100326538086,20.80500030517578,18270,0.0,0.0
2024-09-18 10:48:00-04:00,20.80500030517578,20.809999465942383,20.790000915527344,20.809999465942383,12596,0.0,0.0
2024-09-18 10:49:00-04:00,20.80500030517578,20.82990074157715,20.790000915527344,20.809999465942383,24757,0.0,0.0
2024-09-18 10:50:00-04:00,20.80500030517578,20.809999465942383,20.7549991607666,20.774999618530273,35202,0.0,0.0
2024-09-18 10:51:00-04:00,20.780000686645508,20.80500030517578,20.770000457763672,20.80500030517578,15963,0.0,0.0
2024-09-18 10:52:00-04:00,20.80500030517578,20.81999969482422,20.780000686645508,20.780000686645508,14600,0.0,0.0
2024-09-18 10:53:00-04:00,20.780000686645508,20.789899826049805,20.735000610351562,20.735000610351562,12975,0.0,0.0
2024-09-18 10:54:00-04:00,20.729999542236328,20.770000457763672,20.700000762939453,20.76409912109375,70753,0.0,0.0
2024-09-18 10:55:00-04:00,20.770000457763672,20.788999557495117,20.739999771118164,20.788999557495117,49584,0.0,0.0
2024-09-18 10:56:00-04:00,20.78499984741211,20.799999237060547,20.7549991607666,20.7549991607666,17935,0.0,0.0
2024-09-18 10:57:00-04:00,20.739999771118164,20.760000228881836,20.71500015258789,20.71500015258789,8327,0.0,0.0
2024-09-18 10:58:00-04:00,20.709999084472656,20.7450008392334,20.709999084472656,20.72010040283203,15180,0.0,0.0
2024-09-18 10:59:00-04:00,20.735000610351562,20.760000228881836,20.719999313354492,20.719999313354492,9474,0.0,0.0
2024-09-18 11:00:00-04:00,20.729999542236328,20.764999389648438,20.729999542236328,20.760000228881836,10003,0.0,0.0
2024-09-18 11:01:00-04:00,20.750499725341797,20.795000076293945,20.75,20.7549991607666,14964,0.0,0.0
2024-09-18 11:02:00-04:00,20.760000228881836,20.774999618530273,20.74850082397461,20.764999389648438,10712,0.0,0.0
2024-09-18 11:03:00-04:00,20.764999389648438,20.764999389648438,20.729999542236328,20.729999542236328,22489,0.0,0.0
2024-09-18 11:04:00-04:00,20.735000610351562,20.735000610351562,20.719900131225586,20.719900131225586,8132,0.0,0.0
2024-09-18 11:05:00-04:00,20.71500015258789,20.735000610351562,20.71500015258789,20.735000610351562,6479,0.0,0.0
2024-09-18 11:06:00-04:00,20.7367000579834,20.790000915527344,20.735000610351562,20.774999618530273,20797,0.0,0.0
2024-09-18 11:07:00-04:00,20.774999618530273,20.774999618530273,20.73889923095703,20.73889923095703,4642,0.0,0.0
2024-09-18 11:08:00-04:00,20.735000610351562,20.75,20.704999923706055,20.7450008392334,15503,0.0,0.0
2024-09-18 11:09:00-04:00,20.7450008392334,20.75029945373535,20.71470069885254,20.71500015258789,9455,0.0,0.0
2024-09-18 11:10:00-04:00,20.700000762939453,20.700000762939453,20.649999618530273,20.674999237060547,17656,0.0,0.0
2024-09-18 11:11:00-04:00,20.674999237060547,20.690000534057617,20.670000076293945,20.670000076293945,14807,0.0,0.0
2024-09-18 11:12:00-04:00,20.674999237060547,20.689899444580078,20.670000076293945,20.684999465942383,7132,0.0,0.0
2024-09-18 11:13:00-04:00,20.684999465942383,20.684999465942383,20.65999984741211,20.670000076293945,11607,0.0,0.0
2024-09-18 11:14:00-04:00,20.66860008239746,20.674999237060547,20.640499114990234,20.645000457763672,22585,0.0,0.0
2024-09-18 11:15:00-04:00,20.639999389648438,20.645000457763672,20.614999771118164,20.625,36182,0.0,0.0
2024-09-18 11:16:00-04:00,20.6299991607666,20.635000228881836,20.600000381469727,20.610000610351562,12414,0.0,0.0
2024-09-18 11:17:00-04:00,20.604999542236328,20.607494354248047,20.56999969482422,20.575000762939453,23953,0.0,0.0
2024-09-18 11:18:00-04:00,20.575000762939453,20.575000762939453,20.53499984741211,20.55500030517578,53206,0.0,0.0
2024-09-18 11:19:00-04:00,20.55500030517578,20.565000534057617,20.540000915527344,20.565000534057617,27204,0.0,0.0
2024-09-18 11:20:00-04:00,20.559200286865234,20.559900283813477,20.524999618530273,20.524999618530273,13871,0.0,0.0
2024-09-18 11:21:00-04:00,20.524999618530273,20.52989959716797,20.520099639892578,20.524999618530273,10780,0.0,0.0
2024-09-18 11:22:00-04:00,20.524999618530273,20.545000076293945,20.479999542236328,20.489999771118164,40513,0.0,0.0
2024-09-18 11:23:00-04:00,20.4950008392334,20.4950008392334,20.434999465942383,20.440000534057617,27238,0.0,0.0
2024-09-18 11:24:00-04:00,20.444000244140625,20.475000381469727,20.43000030517578,20.46500015258789,30451,0.0,0.0
2024-09-18 11:25:00-04:00,20.469999313354492,20.479799270629883,20.44499969482422,20.44499969482422,95104,0.0,0.0
2024-09-18 11:26:00-04:00,20.440000534057617,20.475000381469727,20.440000534057617,20.4685001373291,14581,0.0,0.0
2024-09-18 11:27:00-04:00,20.46500015258789,20.475000381469727,20.454999923706055,20.475000381469727,14953,0.0,0.0
2024-09-18 11:28:00-04:00,20.479999542236328,20.479999542236328,20.44499969482422,20.44499969482422,18721,0.0,0.0
2024-09-18 11:29:00-04:00,20.440000534057617,20.45989990234375,20.43000030517578,20.439899444580078,57012,0.0,0.0
2024-09-18 11:30:00-04:00,20.434999465942383,20.434999465942383,20.411100387573242,20.415000915527344,42334,0.0,0.0
2024-09-18 11:31:00-04:00,20.415000915527344,20.440000534057617,20.415000915527344,20.434999465942383,19902,0.0,0.0
2024-09-18 11:32:00-04:00,20.434999465942383,20.439899444580078,20.420000076293945,20.429100036621094,15038,0.0,0.0
2024-09-18 11:33:00-04:00,20.43000030517578,20.440000534057617,20.415000915527344,20.415000915527344,32755,0.0,0.0
2024-09-18 11:34:00-04:00,20.415000915527344,20.415000915527344,20.381399154663086,20.385000228881836,37310,0.0,0.0
2024-09-18 11:35:00-04:00,20.38010025024414,20.405000686645508,20.3700008392334,20.405000686645508,29955,0.0,0.0
2024-09-18 11:36:00-04:00,20.4064998626709,20.41950035095215,20.385000228881836,20.385000228881836,19405,0.0,0.0
2024-09-18 11:37:00-04:00,20.384000778198242,20.40999984741211,20.3799991607666,20.3799991607666,14359,0.0,0.0
2024-09-18 11:38:00-04:00,20.389999389648438,20.389999389648438,20.235000610351562,20.2549991607666,78257,0.0,0.0
2024-09-18 11:39:00-04:00,20.2549991607666,20.329999923706055,20.241100311279297,20.288799285888672,44962,0.0,0.0
2024-09-18 11:40:00-04:00,20.280000686645508,20.315000534057617,20.274999618530273,20.295000076293945,44803,0.0,0.0
2024-09-18 11:41:00-04:00,20.295000076293945,20.299999237060547,20.280000686645508,20.295000076293945,23100,0.0,0.0
2024-09-18 11:42:00-04:00,20.290000915527344,20.290000915527344,20.209999084472656,20.219900131225586,13617,0.0,0.0
2024-09-18 11:43:00-04:00,20.21500015258789,20.25,20.209999084472656,20.25,19354,0.0,0.0
2024-09-18 11:44:00-04:00,20.2549991607666,20.260000228881836,20.250099182128906,20.2549991607666,26411,0.0,0.0
2024-09-18 11:45:00-04:00,20.2549991607666,20.260000228881836,20.235000610351562,20.239500045776367,11009,0.0,0.0
2024-09-18 11:46:00-04:00,20.229999542236328,20.239900588989258,20.1299991607666,20.165000915527344,98879,0.0,0.0
2024-09-18 11:47:00-04:00,20.170000076293945,20.200000762939453,20.110000610351562,20.114999771118164,31489,0.0,0.0
2024-09-18 11:48:00-04:00,20.1200008392334,20.1200008392334,20.059999465942383,20.065000534057617,46267,0.0,0.0
2024-09-18 11:49:00-04:00,20.065000534057617,20.079999923706055,20.045000076293945,20.079999923706055,33421,0.0,0.0
2024-09-18 11:50:00-04:00,20.079999923706055,20.109899520874023,20.05500030517578,20.109899520874023,54083,0.0,0.0
2024-09-18 11:51:00-04:00,20.100000381469727,20.100000381469727,20.06999969482422,20.075000762939453,11825,0.0,0.0
2024-09-18 11:52:00-04:00,20.079999923706055,20.15999984741211,20.079999923706055,20.155000686645508,71749,0.0,0.0
2024-09-18 11:53:00-04:00,20.15399932861328,20.179500579833984,20.139999389648438,20.174999237060547,54571,0.0,0.0
2024-09-18 11:54:00-04:00,20.174999237060547,20.19499969482422,20.145000457763672,20.149999618530273,15064,0.0,0.0
2024-09-18 11:55:00-04:00,20.155000686645508,20.19499969482422,20.145000457763672,20.18400001525879,18034,0.0,0.0
2024-09-18 11:56:00-04:00,20.184999465942383,20.229999542236328,20.184999465942383,20.229900360107422,17608,0.0,0.0
2024-09-18 11:57:00-04:00,20.225000381469727,20.229999542236328,20.204999923706055,20.21500015258789,10139,0.0,0.0
2024-09-18 11:58:00-04:00,20.21500015258789,20.219999313354492,20.200000762939453,20.204999923706055,11993,0.0,0.0
2024-09-18 11:59:00-04:00,20.200000762939453,20.200000762939453,20.180099487304688,20.190000534057617,7030,0.0,0.0
2024-09-18 12:00:00-04:00,20.190000534057617,20.190000534057617,20.145000457763672,20.159299850463867,26562,0.0,0.0
2024-09-18 12:01:00-04:00,20.15999984741211,20.176000595092773,20.149999618530273,20.149999618530273,24881,0.0,0.0
2024-09-18 12:02:00-04:00,20.154300689697266,20.15999984741211,20.11949920654297,20.1200008392334,36138,0.0,0.0
2024-09-18 12:03:00-04:00,20.1200008392334,20.129899978637695,20.104999542236328,20.129899978637695,19771,0.0,0.0
2024-09-18 12:04:00-04:00,20.125,20.125,20.075000762939453,20.09000015258789,33572,0.0,0.0
2024-09-18 12:05:00-04:00,20.094999313354492,20.1200008392334,20.075000762939453,20.1200008392334,55667,0.0,0.0
2024-09-18 12:06:00-04:00,20.125,20.135000228881836,20.114999771118164,20.127500534057617,24245,0.0,0.0
2024-09-18 12:07:00-04:00,20.120100021362305,20.145000457763672,20.120100021362305,20.145000457763672,28647,0.0,0.0
2024-09-18 12:08:00-04:00,20.149900436401367,20.149900436401367,20.09000015258789,20.094999313354492,24157,0.0,0.0
2024-09-18 12:09:00-04:00,20.100000381469727,20.139999389648438,20.094999313354492,20.135000228881836,19981,0.0,0.0
2024-09-18 12:10:00-04:00,20.135000228881836,20.17530059814453,20.131900787353516,20.17530059814453,12110,0.0,0.0
2024-09-18 12:11:00-04:00,20.174999237060547,20.19499969482422,20.170400619506836,20.180500030517578,17622,0.0,0.0
2024-09-18 12:12:00-04:00,20.187999725341797,20.225000381469727,20.18120002746582,20.219999313354492,24959,0.0,0.0
2024-09-18 12:13:00-04:00,20.219999313354492,20.229999542236328,20.209999084472656,20.21500015258789,15994,0.0,0.0
2024-09-18 12:14:00-04:00,20.219999313354492,20.225000381469727,20.171100616455078,20.184999465942383,50798,0.0,0.0
2024-09-18 12:15:00-04:00,20.184999465942383,20.204999923706055,20.18000030517578,20.204999923706055,10032,0.0,0.0
2024-09-18 12:16:00-04:00,20.209999084472656,20.239900588989258,20.209999084472656,20.220500946044922,17156,0.0,0.0
2024-09-18 12:17:00-04:00,20.219999313354492,20.229999542236328,20.184999465942383,20.184999465942383,15174,0.0,0.0
2024-09-18 12:18:00-04:00,20.18000030517578,20.200000762939453,20.18000030517578,20.184999465942383,27321,0.0,0.0
2024-09-18 12:19:00-04:00,20.184999465942383,20.219900131225586,20.184999465942383,20.209999084472656,7510,0.0,0.0
2024-09-18 12:20:00-04:00,20.21500015258789,20.2549991607666,20.21500015258789,20.2549991607666,20723,0.0,0.0
2024-09-18 12:21:00-04:00,20.25,20.274999618530273,20.25,20.260000228881836,10083,0.0,0.0
2024-09-18 12:22:00-04:00,20.264999389648438,20.269500732421875,20.235000610351562,20.2450008392334,10485,0.0,0.0
2024-09-18 12:23:00-04:00,20.239999771118164,20.25,20.184999465942383,20.184999465942383,32884,0.0,0.0
2024-09-18 12:24:00-04:00,20.190000534057617,20.19499969482422,20.18000030517578,20.18000030517578,4790,0.0,0.0
2024-09-18 12:25:00-04:00,20.17020034790039,20.18000030517578,20.155000686645508,20.155399322509766,24846,0.0,0.0
2024-09-18 12:26:00-04:00,20.15999984741211,20.18000030517578,20.155000686645508,20.174999237060547,27357,0.0,0.0
2024-09-18 12:27:00-04:00,20.174999237060547,20.179899215698242,20.170000076293945,20.179899215698242,2549,0.0,0.0
2024-09-18 12:28:00-04:00,20.174999237060547,20.219999313354492,20.174999237060547,20.21500015258789,25465,0.0,0.0
2024-09-18 12:29:00-04:00,20.209999084472656,20.209999084472656,20.200000762939453,20.201400756835938,12798,0.0,0.0
2024-09-18 12:30:00-04:00,20.200000762939453,20.200000762939453,20.15999984741211,20.165000915527344,11754,0.0,0.0
2024-09-18 12:31:00-04:00,20.15999984741211,20.15999984741211,20.139999389648438,20.149900436401367,13470,0.0,0.0
2024-09-18 12:32:00-04:00,20.145000457763672,20.165000915527344,20.145000457763672,20.165000915527344,5692,0.0,0.0
2024-09-18 12:33:00-04:00,20.170000076293945,20.190000534057617,20.165000915527344,20.190000534057617,10398,0.0,0.0
2024-09-18 12:34:00-04:00,20.19499969482422,20.200000762939453,20.190000534057617,20.190000534057617,13760,0.0,0.0
2024-09-18 12:35:00-04:00,20.18000030517578,20.18000030517578,20.165000915527344,20.170000076293945,9233,0.0,0.0
2024-09-18 12:36:00-04:00,20.174999237060547,20.18600082397461,20.174999237060547,20.174999237060547,4782,0.0,0.0
2024-09-18 12:37:00-04:00,20.174999237060547,20.176599502563477,20.15999984741211,20.16010093688965,19809,0.0,0.0
2024-09-18 12:38:00-04:00,20.165000915527344,20.18000030517578,20.165000915527344,20.18000030517578,8602,0.0,0.0
2024-09-18 12:39:00-04:00,20.184999465942383,20.209999084472656,20.18000030517578,20.209999084472656,41210,0.0,0.0
2024-09-18 12:40:00-04:00,20.209999084472656,20.209999084472656,20.15999984741211,20.165000915527344,32732,0.0,0.0
2024-09-18 12:41:00-04:00,20.165000915527344,20.179899215698242,20.165000915527344,20.165000915527344,3449,0.0,0.0
2024-09-18 12:42:00-04:00,20.165000915527344,20.170000076293945,20.165000915527344,20.165000915527344,1909,0.0,0.0
2024-09-18 12:43:00-04:00,20.165000915527344,20.200000762939453,20.155000686645508,20.190000534057617,15947,0.0,0.0
2024-09-18 12:44:00-04:00,20.204999923706055,20.204999923706055,20.190000534057617,20.190000534057617,6651,0.0,0.0
2024-09-18 12:45:00-04:00,20.18000030517578,20.18000030517578,20.165000915527344,20.165000915527344,6543,0.0,0.0
2024-09-18 12:46:00-04:00,20.165000915527344,20.170000076293945,20.15999984741211,20.170000076293945,3418,0.0,0.0
2024-09-18 12:47:00-04:00,20.15999984741211,20.204999923706055,20.139999389648438,20.19499969482422,84804,0.0,0.0
2024-09-18 12:48:00-04:00,20.190000534057617,20.204999923706055,20.15999984741211,20.190000534057617,27038,0.0,0.0
2024-09-18 12:49:00-04:00,20.189199447631836,20.209999084472656,20.18000030517578,20.18000030517578,13220,0.0,0.0
2024-09-18 12:50:00-04:00,20.184999465942383,20.204999923706055,20.18000030517578,20.204999923706055,7681,0.0,0.0
2024-09-18 12:51:00-04:00,20.204999923706055,20.209999084472656,20.200000762939453,20.200000762939453,4092,0.0,0.0
2024-09-18 12:52:00-04:00,20.204999923706055,20.205699920654297,20.200000762939453,20.200000762939453,2545,0.0,0.0
2024-09-18 12:53:00-04:00,20.204999923706055,20.225000381469727,20.200000762939453,20.225000381469727,3860,0.0,0.0
2024-09-18 12:54:00-04:00,20.225000381469727,20.270000457763672,20.225000381469727,20.2549991607666,24367,0.0,0.0
2024-09-18 12:55:00-04:00,20.260000228881836,20.266000747680664,20.260000228881836,20.26129913330078,5479,0.0,0.0
2024-09-18 12:56:00-04:00,20.270000457763672,20.300199508666992,20.270000457763672,20.299999237060547,13117,0.0,0.0
2024-09-18 12:57:00-04:00,20.295000076293945,20.295000076293945,20.274999618530273,20.28499984741211,5741,0.0,0.0
2024-09-18 12:58:00-04:00,20.281400680541992,20.299999237060547,20.281400680541992,20.295000076293945,16440,0.0,0.0
2024-09-18 12:59:00-04:00,20.295000076293945,20.309900283813477,20.28499984741211,20.28499984741211,9786,0.0,0.0
2024-09-18 13:00:00-04:00,20.28499984741211,20.299999237060547,20.281200408935547,20.28499984741211,8144,0.0,0.0
2024-09-18 13:01:00-04:00,20.290000915527344,20.290000915527344,20.280099868774414,20.280099868774414,5223,0.0,0.0
2024-09-18 13:02:00-04:00,20.280000686645508,20.290000915527344,20.27050018310547,20.280000686645508,4662,0.0,0.0
2024-09-18 13:03:00-04:00,20.274999618530273,20.280000686645508,20.270000457763672,20.27989959716797,2880,0.0,0.0
2024-09-18 13:04:00-04:00,20.280000686645508,20.280000686645508,20.260000228881836,20.260000228881836,24628,0.0,0.0
2024-09-18 13:05:00-04:00,20.259899139404297,20.260000228881836,20.2450008392334,20.25189971923828,21890,0.0,0.0
2024-09-18 13:06:00-04:00,20.25,20.2549991607666,20.235000610351562,20.235000610351562,5561,0.0,0.0
2024-09-18 13:07:00-04:00,20.235000610351562,20.25,20.235000610351562,20.2450008392334,16837,0.0,0.0
2024-09-18 13:08:00-04:00,20.25,20.280000686645508,20.25,20.274999618530273,12868,0.0,0.0
2024-09-18 13:09:00-04:00,20.274999618530273,20.274999618530273,20.260000228881836,20.260000228881836,2580,0.0,0.0
2024-09-18 13:10:00-04:00,20.264999389648438,20.274999618530273,20.260099411010742,20.274999618530273,4948,0.0,0.0
2024-09-18 13:11:00-04:00,20.274999618530273,20.309999465942383,20.274999618530273,20.30500030517578,37481,0.0,0.0
2024-09-18 13:12:00-04:00,20.308000564575195,20.316600799560547,20.300100326538086,20.315000534057617,15269,0.0,0.0
2024-09-18 13:13:00-04:00,20.309999465942383,20.309999465942383,20.302000045776367,20.30660057067871,3120,0.0,0.0
2024-09-18 13:14:00-04:00,20.309900283813477,20.309999465942383,20.299999237060547,20.309999465942383,15726,0.0,0.0
2024-09-18 13:15:00-04:00,20.315000534057617,20.31999969482422,20.295000076293945,20.295000076293945,9746,0.0,0.0
2024-09-18 13:16:00-04:00,20.291200637817383,20.295000076293945,20.270000457763672,20.274999618530273,16724,0.0,0.0
2024-09-18 13:17:00-04:00,20.270099639892578,20.279499053955078,20.260000228881836,20.274999618530273,16264,0.0,0.0
2024-09-18 13:18:00-04:00,20.27400016784668,20.274999618530273,20.260000228881836,20.260000228881836,4040,0.0,0.0
2024-09-18 13:19:00-04:00,20.2549991607666,20.264999389648438,20.25149917602539,20.264999389648438,11831,0.0,0.0
2024-09-18 13:20:00-04:00,20.264999389648438,20.28499984741211,20.264999389648438,20.281600952148438,13395,0.0,0.0
2024-09-18 13:21:00-04:00,20.28499984741211,20.290000915527344,20.280000686645508,20.28499984741211,1949,0.0,0.0
2024-09-18 13:22:00-04:00,20.28499984741211,20.28499984741211,20.260000228881836,20.270000457763672,14946,0.0,0.0
2024-09-18 13:23:00-04:00,20.274999618530273,20.274999618530273,20.264999389648438,20.264999389648438,2912,0.0,0.0
2024-09-18 13:24:00-04:00,20.270000457763672,20.28499984741211,20.270000457763672,20.28499984741211,5079,0.0,0.0
2024-09-18 13:25:00-04:00,20.290000915527344,20.33799934387207,20.290000915527344,20.334999084472656,21565,0.0,0.0
2024-09-18 13:26:00-04:00,20.333999633789062,20.350000381469727,20.333999633789062,20.344999313354492,7107,0.0,0.0
2024-09-18 13:27:00-04:00,20.344999313354492,20.364999771118164,20.34000015258789,20.360000610351562,7645,0.0,0.0
2024-09-18 13:28:00-04:00,20.361400604248047,20.3700008392334,20.360000610351562,20.3700008392334,13435,0.0,0.0
2024-09-18 13:29:00-04:00,20.3700008392334,20.392099380493164,20.364999771118164,20.385000228881836,10416,0.0,0.0
2024-09-18 13:30:00-04:00,20.389999389648438,20.395000457763672,20.385000228881836,20.385000228881836,13245,0.0,0.0
2024-09-18 13:31:00-04:00,20.38249969482422,20.399999618530273,20.38249969482422,20.395000457763672,7240,0.0,0.0
2024-09-18 13:32:00-04:00,20.409900665283203,20.450000762939453,20.40399932861328,20.450000762939453,33085,0.0,0.0
2024-09-18 13:33:00-04:00,20.44499969482422,20.479999542236328,20.440000534057617,20.479999542236328,49023,0.0,0.0
2024-09-18 13:34:00-04:00,20.485000610351562,20.489999771118164,20.475000381469727,20.483999252319336,3840,0.0,0.0
2024-09-18 13:35:00-04:00,20.485000610351562,20.489999771118164,20.454999923706055,20.469900131225586,32327,0.0,0.0
2024-09-18 13:36:00-04:00,20.46500015258789,20.46500015258789,20.454999923706055,20.454999923706055,7958,0.0,0.0
2024-09-18 13:37:00-04:00,20.45039939880371,20.454999923706055,20.40999984741211,20.415000915527344,73240,0.0,0.0
2024-09-18 13:38:00-04:00,20.415000915527344,20.415000915527344,20.3700008392334,20.37820053100586,15725,0.0,0.0
2024-09-18 13:39:00-04:00,20.375,20.399999618530273,20.375,20.395000457763672,8764,0.0,0.0
2024-09-18 13:40:00-04:00,20.389999389648438,20.389999389648438,20.371000289916992,20.372400283813477,10256,0.0,0.0
2024-09-18 13:41:00-04:00,20.375,20.378700256347656,20.360000610351562,20.364999771118164,3764,0.0,0.0
2024-09-18 13:42:00-04:00,20.364999771118164,20.385000228881836,20.364900588989258,20.385000228881836,24765,0.0,0.0
2024-09-18 13:43:00-04:00,20.389999389648438,20.43000030517578,20.389999389648438,20.43000030517578,15930,0.0,0.0
2024-09-18 13:44:00-04:00,20.424999237060547,20.434999465942383,20.422000885009766,20.434999465942383,5556,0.0,0.0
2024-09-18 13:45:00-04:00,20.440000534057617,20.450000762939453,20.420900344848633,20.420900344848633,8578,0.0,0.0
2024-09-18 13:46:00-04:00,20.420000076293945,20.420000076293945,20.399999618530273,20.400100708007812,9402,0.0,0.0
2024-09-18 13:47:00-04:00,20.399999618530273,20.405000686645508,20.390100479125977,20.390100479125977,5676,0.0,0.0
2024-09-18 13:48:00-04:00,20.395000457763672,20.405000686645508,20.382699966430664,20.399999618530273,10269,0.0,0.0
2024-09-18 13:49:00-04:00,20.399999618530273,20.399999618530273,20.3700008392334,20.3799991607666,8420,0.0,0.0
2024-09-18 13:50:00-04:00,20.3799991607666,20.38599967956543,20.3799991607666,20.3799991607666,2867,0.0,0.0
2024-09-18 13:51:00-04:00,20.3700008392334,20.395000457763672,20.3700008392334,20.391300201416016,10129,0.0,0.0
2024-09-18 13:52:00-04:00,20.391000747680664,20.399999618530273,20.385000228881836,20.399999618530273,10122,0.0,0.0
2024-09-18 13:53:00-04:00,20.40999984741211,20.420000076293945,20.393999099731445,20.393999099731445,17406,0.0,0.0
2024-09-18 13:54:00-04:00,20.399999618530273,20.405000686645508,20.389999389648438,20.405000686645508,4837,0.0,0.0
2024-09-18 13:55:00-04:00,20.404800415039062,20.404800415039062,20.404800415039062,20.404800415039062,683,0.0,0.0
2024-09-18 13:56:00-04:00,20.405000686645508,20.405000686645508,20.375,20.385000228881836,7423,0.0,0.0
2024-09-18 13:57:00-04:00,20.385000228881836,20.40999984741211,20.38089942932129,20.40999984741211,3377,0.0,0.0
2024-09-18 13:58:00-04:00,20.399999618530273,20.405000686645508,20.393999099731445,20.405000686645508,4364,0.0,0.0
2024-09-18 13:59:00-04:00,20.40999984741211,20.429899215698242,20.405000686645508,20.405000686645508,11784,0.0,0.0
2024-09-18 14:00:00-04:00,20.399999618530273,20.83799934387207,20.322500228881836,20.81999969482422,131781,0.0,0.0
2024-09-18 14:01:00-04:00,20.829999923706055,20.969999313354492,20.829999923706055,20.922700881958008,95047,0.0,0.0
2024-09-18 14:02:00-04:00,20.915000915527344,20.93000030517578,20.804100036621094,20.849599838256836,40992,0.0,0.0
2024-09-18 14:03:00-04:00,20.850000381469727,20.954999923706055,20.76460075378418,20.792800903320312,49991,0.0,0.0
2024-09-18 14:04:00-04:00,20.809999465942383,20.8700008392334,20.729999542236328,20.735000610351562,60519,0.0,0.0
2024-09-18 14:05:00-04:00,20.739900588989258,20.809999465942383,20.709999084472656,20.729999542236328,34671,0.0,0.0
2024-09-18 14:06:00-04:00,20.725000381469727,20.7450008392334,20.639999389648438,20.700000762939453,34594,0.0,0.0
2024-09-18 14:07:00-04:00,20.704999923706055,20.739999771118164,20.649999618530273,20.65999984741211,48714,0.0,0.0
2024-09-18 14:08:00-04:00,20.670900344848633,20.670900344848633,20.559999465942383,20.59000015258789,66106,0.0,0.0
2024-09-18 14:09:00-04:00,20.600000381469727,20.6200008392334,20.540000915527344,20.580799102783203,47623,0.0,0.0
2024-09-18 14:10:00-04:00,20.579999923706055,20.6200008392334,20.530000686645508,20.540000915527344,67063,0.0,0.0
2024-09-18 14:11:00-04:00,20.549999237060547,20.587499618530273,20.420000076293945,20.434999465942383,60725,0.0,0.0
2024-09-18 14:12:00-04:00,20.440000534057617,20.454999923706055,20.280000686645508,20.299999237060547,67924,0.0,0.0
2024-09-18 14:13:00-04:00,20.290000915527344,20.315000534057617,20.229999542236328,20.259000778198242,195476,0.0,0.0
2024-09-18 14:14:00-04:00,20.239999771118164,20.309999465942383,20.15999984741211,20.239999771118164,96821,0.0,0.0
2024-09-18 14:15:00-04:00,20.239999771118164,20.299999237060547,20.225000381469727,20.270000457763672,50405,0.0,0.0
2024-09-18 14:16:00-04:00,20.270000457763672,20.395000457763672,20.260000228881836,20.395000457763672,49138,0.0,0.0
2024-09-18 14:17:00-04:00,20.399999618530273,20.440000534057617,20.374000549316406,20.440000534057617,38217,0.0,0.0
2024-09-18 14:18:00-04:00,20.434999465942383,20.469499588012695,20.389999389648438,20.440000534057617,66136,0.0,0.0
2024-09-18 14:19:00-04:00,20.440000534057617,20.45009994506836,20.420000076293945,20.43000030517578,38649,0.0,0.0
2024-09-18 14:20:00-04:00,20.43000030517578,20.469999313354492,20.415000915527344,20.450000762939453,26238,0.0,0.0
2024-09-18 14:21:00-04:00,20.454200744628906,20.5,20.3700008392334,20.3700008392334,51048,0.0,0.0
2024-09-18 14:22:00-04:00,20.360000610351562,20.40999984741211,20.344999313354492,20.399999618530273,46172,0.0,0.0
2024-09-18 14:23:00-04:00,20.389999389648438,20.389999389648438,20.344999313354492,20.3700008392334,29848,0.0,0.0
2024-09-18 14:24:00-04:00,20.375,20.424999237060547,20.3700008392334,20.424999237060547,30290,0.0,0.0
2024-09-18 14:25:00-04:00,20.43000030517578,20.489999771118164,20.39929962158203,20.47010040283203,23062,0.0,0.0
2024-09-18 14:26:00-04:00,20.485000610351562,20.485000610351562,20.451099395751953,20.454999923706055,29788,0.0,0.0
2024-09-18 14:27:00-04:00,20.450000762939453,20.510000228881836,20.420000076293945,20.490699768066406,52793,0.0,0.0
2024-09-18 14:28:00-04:00,20.5,20.639999389648438,20.5,20.63089942932129,64093,0.0,0.0
2024-09-18 14:29:00-04:00,20.639999389648438,20.65999984741211,20.6200008392334,20.63089942932129,73831,0.0,0.0
2024-09-18 14:30:00-04:00,20.639999389648438,20.700000762939453,20.639999389648438,20.68000030517578,36014,0.0,0.0
2024-09-18 14:31:00-04:00,20.684999465942383,20.700000762939453,20.6200008392334,20.690000534057617,47550,0.0,0.0
2024-09-18 14:32:00-04:00,20.690000534057617,20.799999237060547,20.68000030517578,20.790000915527344,76113,0.0,0.0
2024-09-18 14:33:00-04:00,20.790000915527344,20.815000534057617,20.760000228881836,20.78179931640625,51426,0.0,0.0
2024-09-18 14:34:00-04:00,20.780000686645508,20.8700008392334,20.770000457763672,20.8700008392334,65749,0.0,0.0
2024-09-18 14:35:00-04:00,20.860000610351562,20.8799991607666,20.670000076293945,20.690000534057617,60887,0.0,0.0
2024-09-18 14:36:00-04:00,20.700000762939453,20.81999969482422,20.6299991607666,20.75,43366,0.0,0.0
2024-09-18 14:37:00-04:00,20.75,20.899999618530273,20.729999542236328,20.885000228881836,34821,0.0,0.0
2024-09-18 14:38:00-04:00,20.882099151611328,21.0,20.882099151611328,20.93239974975586,91373,0.0,0.0
2024-09-18 14:39:00-04:00,20.940000534057617,20.95400047302246,20.90999984741211,20.90999984741211,43416,0.0,0.0
2024-09-18 14:40:00-04:00,20.899999618530273,20.93000030517578,20.780000686645508,20.78499984741211,127696,0.0,0.0
2024-09-18 14:41:00-04:00,20.780000686645508,20.780000686645508,20.670000076293945,20.690000534057617,79424,0.0,0.0
2024-09-18 14:42:00-04:00,20.690000534057617,20.719999313354492,20.549999237060547,20.565000534057617,64522,0.0,0.0
2024-09-18 14:43:00-04:00,20.575000762939453,20.58009910583496,20.43950080871582,20.43950080871582,85918,0.0,0.0
2024-09-18 14:44:00-04:00,20.440000534057617,20.479999542236328,20.36009979248047,20.3799991607666,43516,0.0,0.0
2024-09-18 14:45:00-04:00,20.360000610351562,20.40999984741211,20.309999465942383,20.3700008392334,29129,0.0,0.0
2024-09-18 14:46:00-04:00,20.379100799560547,20.479999542236328,20.379100799560547,20.469999313354492,45051,0.0,0.0
2024-09-18 14:47:00-04:00,20.46500015258789,20.520000457763672,20.385000228881836,20.399999618530273,66237,0.0,0.0
2024-09-18 14:48:00-04:00,20.389999389648438,20.5,20.389999389648438,20.5,20540,0.0,0.0
2024-09-18 14:49:00-04:00,20.510000228881836,20.56999969482422,20.489999771118164,20.4950008392334,12737,0.0,0.0
2024-09-18 14:50:00-04:00,20.479999542236328,20.540000915527344,20.479999542236328,20.5049991607666,20611,0.0,0.0
2024-09-18 14:51:00-04:00,20.520000457763672,20.610000610351562,20.5,20.579999923706055,15058,0.0,0.0
2024-09-18 14:52:00-04:00,20.579999923706055,20.6200008392334,20.570999145507812,20.579999923706055,12896,0.0,0.0
2024-09-18 14:53:00-04:00,20.600000381469727,20.610000610351562,20.56999969482422,20.604999542236328,10781,0.0,0.0
2024-09-18 14:54:00-04:00,20.610000610351562,20.610000610351562,20.514999389648438,20.540000915527344,14348,0.0,0.0
2024-09-18 14:55:00-04:00,20.540000915527344,20.59000015258789,20.489999771118164,20.584999084472656,19973,0.0,0.0
2024-09-18 14:56:00-04:00,20.604999542236328,20.629899978637695,20.590599060058594,20.6200008392334,15236,0.0,0.0
2024-09-18 14:57:00-04:00,20.625,20.625,20.56999969482422,20.584999084472656,19669,0.0,0.0
2024-09-18 14:58:00-04:00,20.579999923706055,20.579999923706055,20.3700008392334,20.40999984741211,108353,0.0,0.0
2024-09-18 14:59:00-04:00,20.399999618530273,20.399999618530273,20.200000762939453,20.209999084472656,213520,0.0,0.0
2024-09-18 15:00:00-04:00,20.19499969482422,20.280000686645508,20.18000030517578,20.200000762939453,46149,0.0,0.0
2024-09-18 15:01:00-04:00,20.190000534057617,20.219999313354492,20.06999969482422,20.094999313354492,87333,0.0,0.0
2024-09-18 15:02:00-04:00,20.110000610351562,20.219999313354492,19.969999313354492,20.219999313354492,260996,0.0,0.0
2024-09-18 15:03:00-04:00,20.235000610351562,20.270000457763672,20.190000534057617,20.219999313354492,21853,0.0,0.0
2024-09-18 15:04:00-04:00,20.229999542236328,20.270000457763672,20.18000030517578,20.180599212646484,35621,0.0,0.0
2024-09-18 15:05:00-04:00,20.18000030517578,20.18000030517578,20.0,20.010000228881836,47750,0.0,0.0
2024-09-18 15:06:00-04:00,20.010000228881836,20.09000015258789,19.920000076293945,19.920000076293945,43402,0.0,0.0
2024-09-18 15:07:00-04:00,19.920000076293945,20.040000915527344,19.91069984436035,19.979999542236328,43347,0.0,0.0
2024-09-18 15:08:00-04:00,19.989999771118164,20.04010009765625,19.94499969482422,19.9950008392334,30422,0.0,0.0
2024-09-18 15:09:00-04:00,20.010000228881836,20.100000381469727,19.959999084472656,20.06999969482422,84268,0.0,0.0
2024-09-18 15:10:00-04:00,20.06999969482422,20.100000381469727,20.020000457763672,20.075000762939453,29797,0.0,0.0
2024-09-18 15:11:00-04:00,20.06999969482422,20.200000762939453,20.040000915527344,20.145000457763672,43404,0.0,0.0
2024-09-18 15:12:00-04:00,20.139999389648438,20.260000228881836,20.139999389648438,20.2549991607666,29310,0.0,0.0
2024-09-18 15:13:00-04:00,20.264999389648438,20.329999923706055,20.264999389648438,20.280099868774414,97872,0.0,0.0
2024-09-18 15:14:00-04:00,20.289899826049805,20.34000015258789,20.289899826049805,20.320499420166016,17009,0.0,0.0
2024-09-18 15:15:00-04:00,20.31999969482422,20.31999969482422,20.266599655151367,20.270000457763672,27735,0.0,0.0
2024-09-18 15:16:00-04:00,20.274999618530273,20.315000534057617,20.258052825927734,20.299699783325195,18179,0.0,0.0
2024-09-18 15:17:00-04:00,20.299999237060547,20.354000091552734,20.270000457763672,20.354000091552734,19179,0.0,0.0
2024-09-18 15:18:00-04:00,20.360000610351562,20.360000610351562,20.280000686645508,20.309999465942383,15228,0.0,0.0
2024-09-18 15:19:00-04:00,20.31999969482422,20.420000076293945,20.31999969482422,20.420000076293945,19385,0.0,0.0
2024-09-18 15:20:00-04:00,20.404300689697266,20.415000915527344,20.210100173950195,20.219999313354492,36510,0.0,0.0
2024-09-18 15:21:00-04:00,20.209999084472656,20.235000610351562,20.1200008392334,20.220500946044922,59394,0.0,0.0
2024-09-18 15:22:00-04:00,20.260000228881836,20.260000228881836,20.15999984741211,20.190000534057617,22334,0.0,0.0
2024-09-18 15:23:00-04:00,20.190000534057617,20.315000534057617,20.184999465942383,20.315000534057617,27540,0.0,0.0
2024-09-18 15:24:00-04:00,20.329999923706055,20.344999313354492,20.270000457763672,20.30500030517578,24393,0.0,0.0
2024-09-18 15:25:00-04:00,20.30500030517578,20.3799991607666,20.290000915527344,20.375,28845,0.0,0.0
2024-09-18 15:26:00-04:00,20.375,20.395000457763672,20.329999923706055,20.361400604248047,19835,0.0,0.0
2024-09-18 15:27:00-04:00,20.3700008392334,20.460500717163086,20.3700008392334,20.450000762939453,43444,0.0,0.0
2024-09-18 15:28:00-04:00,20.450000762939453,20.489999771118164,20.420000076293945,20.424999237060547,24847,0.0,0.0
2024-09-18 15:29:00-04:00,20.42009925842285,20.450000762939453,20.360000610351562,20.440000534057617,28342,0.0,0.0
2024-09-18 15:30:00-04:00,20.440000534057617,20.469999313354492,20.405000686645508,20.465200424194336,27348,0.0,0.0
2024-09-18 15:31:00-04:00,20.475000381469727,20.489999771118164,20.440000534057617,20.489999771118164,31446,0.0,0.0
2024-09-18 15:32:00-04:00,20.4950008392334,20.4950008392334,20.43000030517578,20.475000381469727,19170,0.0,0.0
2024-09-18 15:33:00-04:00,20.479999542236328,20.489999771118164,20.3799991607666,20.395000457763672,51144,0.0,0.0
2024-09-18 15:34:00-04:00,20.389999389648438,20.395000457763672,20.334999084472656,20.354999542236328,37502,0.0,0.0
2024-09-18 15:35:00-04:00,20.354000091552734,20.360000610351562,20.309999465942383,20.309999465942383,25413,0.0,0.0
2024-09-18 15:36:00-04:00,20.31999969482422,20.350000381469727,20.260000228881836,20.264999389648438,16782,0.0,0.0
2024-09-18 15:37:00-04:00,20.264999389648438,20.290000915527344,20.25,20.290000915527344,22465,0.0,0.0
2024-09-18 15:38:00-04:00,20.290000915527344,20.375,20.290000915527344,20.354999542236328,21934,0.0,0.0
2024-09-18 15:39:00-04:00,20.360000610351562,20.389999389648438,20.270000457763672,20.309999465942383,35900,0.0,0.0
2024-09-18 15:40:00-04:00,20.315000534057617,20.329999923706055,20.260000228881836,20.280000686645508,40916,0.0,0.0
2024-09-18 15:41:00-04:00,20.28499984741211,20.309999465942383,20.28499984741211,20.290000915527344,19627,0.0,0.0
2024-09-18 15:42:00-04:00,20.290000915527344,20.31999969482422,20.274999618530273,20.28499984741211,24228,0.0,0.0
2024-09-18 15:43:00-04:00,20.28499984741211,20.28499984741211,20.235000610351562,20.263399124145508,31789,0.0,0.0
2024-09-18 15:44:00-04:00,20.264999389648438,20.270000457763672,20.19499969482422,20.200000762939453,20693,0.0,0.0
2024-09-18 15:45:00-04:00,20.200000762939453,20.239999771118164,20.174999237060547,20.200000762939453,55992,0.0,0.0
2024-09-18 15:46:00-04:00,20.209999084472656,20.25,20.18000030517578,20.239999771118164,33622,0.0,0.0
2024-09-18 15:47:00-04:00,20.239999771118164,20.2450008392334,20.19499969482422,20.19499969482422,47673,0.0,0.0
2024-09-18 15:48:00-04:00,20.200000762939453,20.209999084472656,20.149999618530273,20.179899215698242,48384,0.0,0.0
2024-09-18 15:49:00-04:00,20.174999237060547,20.229999542236328,20.174999237060547,20.219999313354492,34912,0.0,0.0
2024-09-18 15:50:00-04:00,20.219999313354492,20.219999313354492,20.15999984741211,20.209999084472656,69753,0.0,0.0
2024-09-18 15:51:00-04:00,20.209999084472656,20.264999389648438,20.200000762939453,20.239999771118164,57087,0.0,0.0
2024-09-18 15:52:00-04:00,20.239999771118164,20.270000457763672,20.229999542236328,20.264999389648438,56693,0.0,0.0
2024-09-18 15:53:00-04:00,20.270000457763672,20.295000076293945,20.260000228881836,20.292699813842773,55845,0.0,0.0
2024-09-18 15:54:00-04:00,20.298500061035156,20.298500061035156,20.235000610351562,20.25,66862,0.0,0.0
2024-09-18 15:55:00-04:00,20.260000228881836,20.28499984741211,20.260000228881836,20.274999618530273,51266,0.0,0.0
2024-09-18 15:56:00-04:00,20.270000457763672,20.274999618530273,20.229999542236328,20.239999771118164,82648,0.0,0.0
2024-09-18 15:57:00-04:00,20.2450008392334,20.25,20.21500015258789,20.222999572753906,98582,0.0,0.0
2024-09-18 15:58:00-04:00,20.219999313354492,20.239999771118164,20.209999084472656,20.235000610351562,137119,0.0,0.0
2024-09-18 15:59:00-04:00,20.239999771118164,20.25,20.190000534057617,20.209999084472656,251676,0.0,0.0
2024-09-19 09:30:00-04:00,21.100000381469727,21.170000076293945,20.799999237060547,20.829999923706055,581021,0.0,0.0
2024-09-19 09:31:00-04:00,20.81999969482422,20.89579963684082,20.59000015258789,20.6299991607666,161277,0.0,0.0
2024-09-19 09:32:00-04:00,20.6299991607666,20.71380043029785,20.56999969482422,20.62579917907715,44483,0.0,0.0
2024-09-19 09:33:00-04:00,20.56999969482422,20.56999969482422,20.549999237060547,20.559999465942383,34429,0.0,0.0
2024-09-19 09:34:00-04:00,20.559999465942383,20.59000015258789,20.399999618530273,20.415000915527344,73541,0.0,0.0
2024-09-19 09:35:00-04:00,20.415000915527344,20.43000030517578,20.360000610351562,20.3700008392334,59863,0.0,0.0
2024-09-19 09:36:00-04:00,20.360000610351562,20.459999084472656,20.329999923706055,20.441999435424805,73630,0.0,0.0
2024-09-19 09:37:00-04:00,20.459999084472656,20.559999465942383,20.43000030517578,20.549999237060547,74125,0.0,0.0
2024-09-19 09:38:00-04:00,20.55500030517578,20.639999389648438,20.551300048828125,20.63990020751953,51785,0.0,0.0
2024-09-19 09:39:00-04:00,20.6200008392334,20.63759994506836,20.579999923706055,20.600000381469727,37035,0.0,0.0
2024-09-19 09:40:00-04:00,20.59000015258789,20.59000015258789,20.530000686645508,20.540300369262695,57592,0.0,0.0
2024-09-19 09:41:00-04:00,20.540000915527344,20.540000915527344,20.440000534057617,20.459999084472656,35196,0.0,0.0
2024-09-19 09:42:00-04:00,20.459999084472656,20.542499542236328,20.459999084472656,20.4950008392334,23875,0.0,0.0
2024-09-19 09:43:00-04:00,20.450000762939453,20.450000762939453,20.450000762939453,20.450000762939453,24380,0.0,0.0
2024-09-19 09:44:00-04:00,20.5,20.530000686645508,20.43000030517578,20.5,46023,0.0,0.0
2024-09-19 09:45:00-04:00,20.510000228881836,20.530000686645508,20.45330047607422,20.469999313354492,39131,0.0,0.0
2024-09-19 09:46:00-04:00,20.479999542236328,20.520000457763672,20.479999542236328,20.510000228881836,35420,0.0,0.0
2024-09-19 09:47:00-04:00,20.610000610351562,20.6200008392334,20.610000610351562,20.610000610351562,65960,0.0,0.0
2024-09-19 09:48:00-04:00,20.6200008392334,20.640600204467773,20.549999237060547,20.56999969482422,53796,0.0,0.0
2024-09-19 09:49:00-04:00,20.600000381469727,20.600000381469727,20.59000015258789,20.59000015258789,42161,0.0,0.0
2024-09-19 09:50:00-04:00,20.579999923706055,20.585800170898438,20.520000457763672,20.549999237060547,25307,0.0,0.0
2024-09-19 09:51:00-04:00,20.6299991607666,20.6299991607666,20.625,20.6299991607666,25754,0.0,0.0
2024-09-19 09:52:00-04:00,20.6299991607666,20.739999771118164,20.6299991607666,20.719999313354492,43664,0.0,0.0
2024-09-19 09:53:00-04:00,20.729999542236328,20.729999542236328,20.575000762939453,20.590700149536133,50252,0.0,0.0
2024-09-19 09:54:00-04:00,20.604999542236328,20.670000076293945,20.59000015258789,20.65999984741211,34482,0.0,0.0
2024-09-19 09:55:00-04:00,20.64419937133789,20.69499969482422,20.644100189208984,20.684999465942383,22370,0.0,0.0
2024-09-19 09:56:00-04:00,20.690000534057617,20.790000915527344,20.690000534057617,20.780000686645508,32196,0.0,0.0
2024-09-19 09:57:00-04:00,20.78499984741211,20.83989906311035,20.780000686645508,20.82270050048828,41275,0.0,0.0
2024-09-19 09:58:00-04:00,20.829999923706055,20.868000030517578,20.810699462890625,20.860000610351562,58359,0.0,0.0
2024-09-19 09:59:00-04:00,20.864999771118164,20.899999618530273,20.81999969482422,20.899999618530273,63246,0.0,0.0
2024-09-19 10:00:00-04:00,20.888999938964844,20.888999938964844,20.888999938964844,20.888999938964844,33706,0.0,0.0
2024-09-19 10:01:00-04:00,20.8799991607666,20.90999984741211,20.825000762939453,20.86389923095703,38972,0.0,0.0
2024-09-19 10:02:00-04:00,20.854999542236328,20.885000228881836,20.829999923706055,20.841999053955078,27508,0.0,0.0
2024-09-19 10:03:00-04:00,20.834999084472656,20.84000015258789,20.780000686645508,20.809999465942383,29288,0.0,0.0
2024-09-19 10:04:00-04:00,20.815000534057617,20.8700008392334,20.799999237060547,20.834999084472656,44830,0.0,0.0
2024-09-19 10:05:00-04:00,20.834999084472656,20.875,20.81999969482422,20.872499465942383,120126,0.0,0.0
2024-09-19 10:06:00-04:00,20.899999618530273,20.899999618530273,20.885000228881836,20.885000228881836,29118,0.0,0.0
2024-09-19 10:07:00-04:00,20.889999389648438,20.889999389648438,20.854999542236328,20.864999771118164,17296,0.0,0.0
2024-09-19 10:08:00-04:00,20.864999771118164,20.875,20.80500030517578,20.809999465942383,27770,0.0,0.0
2024-09-19 10:09:00-04:00,20.799999237060547,20.799999237060547,20.730100631713867,20.774999618530273,42201,0.0,0.0
2024-09-19 10:10:00-04:00,20.780000686645508,20.799999237060547,20.760000228881836,20.795000076293945,29556,0.0,0.0
2024-09-19 10:11:00-04:00,20.79599952697754,20.844999313354492,20.78499984741211,20.84000015258789,20997,0.0,0.0
2024-09-19 10:12:00-04:00,20.83009910583496,20.905000686645508,20.829999923706055,20.8700008392334,28198,0.0,0.0
2024-09-19 10:13:00-04:00,20.864999771118164,20.889999389648438,20.795000076293945,20.799999237060547,36407,0.0,0.0
2024-09-19 10:14:00-04:00,20.799999237060547,20.81999969482422,20.719999313354492,20.729999542236328,35038,0.0,0.0
2024-09-19 10:15:00-04:00,20.729999542236328,20.770000457763672,20.709999084472656,20.760000228881836,16692,0.0,0.0
2024-09-19 10:16:00-04:00,20.760000228881836,20.799999237060547,20.7450008392334,20.77989959716797,22828,0.0,0.0
2024-09-19 10:17:00-04:00,20.780000686645508,20.780000686645508,20.749000549316406,20.7549991607666,11543,0.0,0.0
2024-09-19 10:18:00-04:00,20.690000534057617,20.690000534057617,20.690000534057617,20.690000534057617,37610,0.0,0.0
2024-09-19 10:19:00-04:00,20.700000762939453,20.719999313354492,20.690000534057617,20.719999313354492,19700,0.0,0.0
2024-09-19 10:20:00-04:00,20.729999542236328,20.7450008392334,20.704999923706055,20.728599548339844,17628,0.0,0.0
2024-09-19 10:21:00-04:00,20.719999313354492,20.760000228881836,20.719999313354492,20.7549991607666,11836,0.0,0.0
2024-09-19 10:22:00-04:00,20.75,20.75,20.719999313354492,20.729999542236328,11789,0.0,0.0
2024-09-19 10:23:00-04:00,20.729999542236328,20.7549991607666,20.729999542236328,20.735000610351562,14875,0.0,0.0
2024-09-19 10:24:00-04:00,20.735000610351562,20.760000228881836,20.729999542236328,20.75,12849,0.0,0.0
2024-09-19 10:25:00-04:00,20.7450008392334,20.7450008392334,20.71299934387207,20.725000381469727,6757,0.0,0.0
2024-09-19 10:26:00-04:00,20.729999542236328,20.798900604248047,20.729999542236328,20.790000915527344,10034,0.0,0.0
2024-09-19 10:27:00-04:00,20.794200897216797,20.84000015258789,20.770000457763672,20.829999923706055,33346,0.0,0.0
2024-09-19 10:28:00-04:00,20.824499130249023,20.84000015258789,20.760000228881836,20.770000457763672,32300,0.0,0.0
2024-09-19 10:29:00-04:00,20.780000686645508,20.80500030517578,20.780000686645508,20.80500030517578,8659,0.0,0.0
2024-09-19 10:30:00-04:00,20.809999465942383,20.8700008392334,20.799999237060547,20.8700008392334,22025,0.0,0.0
2024-09-19 10:31:00-04:00,20.920000076293945,20.920000076293945,20.920000076293945,20.920000076293945,20566,0.0,0.0
2024-09-19 10:32:00-04:00,20.920000076293945,20.950000762939453,20.920000076293945,20.924999237060547,16242,0.0,0.0
2024-09-19 10:33:00-04:00,20.920000076293945,20.969999313354492,20.920000076293945,20.96500015258789,23937,0.0,0.0
2024-09-19 10:34:00-04:00,20.940000534057617,20.940000534057617,20.940000534057617,20.940000534057617,27098,0.0,0.0
2024-09-19 10:35:00-04:00,20.93950080871582,20.989999771118164,20.930500030517578,20.934999465942383,43524,0.0,0.0
2024-09-19 10:36:00-04:00,20.920000076293945,20.93000030517578,20.920000076293945,20.93000030517578,37246,0.0,0.0
2024-09-19 10:37:00-04:00,20.920000076293945,20.93000030517578,20.860000610351562,20.885000228881836,28310,0.0,0.0
2024-09-19 10:38:00-04:00,20.8882999420166,20.954999923706055,20.8799991607666,20.954999923706055,64238,0.0,0.0
2024-09-19 10:39:00-04:00,20.979999542236328,20.985000610351562,20.93000030517578,20.979999542236328,17099,0.0,0.0
2024-09-19 10:40:00-04:00,20.979999542236328,20.979999542236328,20.915000915527344,20.93000030517578,25102,0.0,0.0
2024-09-19 10:41:00-04:00,20.93000030517578,20.958799362182617,20.915000915527344,20.94499969482422,10438,0.0,0.0
2024-09-19 10:42:00-04:00,20.94499969482422,20.950000762939453,20.90999984741211,20.924999237060547,17590,0.0,0.0
2024-09-19 10:43:00-04:00,20.920000076293945,20.920000076293945,20.854999542236328,20.8700008392334,12448,0.0,0.0
2024-09-19 10:44:00-04:00,20.8799991607666,20.899999618530273,20.854999542236328,20.860000610351562,11134,0.0,0.0
2024-09-19 10:45:00-04:00,20.8799991607666,20.889999389648438,20.78499984741211,20.799999237060547,23722,0.0,0.0
2024-09-19 10:46:00-04:00,20.81999969482422,20.84000015258789,20.799999237060547,20.81999969482422,22851,0.0,0.0
2024-09-19 10:47:00-04:00,20.829999923706055,20.875,20.829999923706055,20.84000015258789,28329,0.0,0.0
2024-09-19 10:48:00-04:00,20.84000015258789,20.8700008392334,20.81999969482422,20.8700008392334,19543,0.0,0.0
2024-09-19 10:49:00-04:00,20.854999542236328,20.889999389648438,20.850000381469727,20.860000610351562,9802,0.0,0.0
2024-09-19 10:50:00-04:00,20.875,20.8799991607666,20.8302001953125,20.8302001953125,7296,0.0,0.0
2024-09-19 10:51:00-04:00,20.774999618530273,20.774999618530273,20.7450008392334,20.7450008392334,34031,0.0,0.0
2024-09-19 10:52:00-04:00,20.7549991607666,20.770000457763672,20.729999542236328,20.729999542236328,23332,0.0,0.0
2024-09-19 10:53:00-04:00,20.736400604248047,20.790000915527344,20.719999313354492,20.770000457763672,21944,0.0,0.0
2024-09-19 10:54:00-04:00,20.774999618530273,20.78499984741211,20.719999313354492,20.729999542236328,24246,0.0,0.0
2024-09-19 10:55:00-04:00,20.729999542236328,20.739200592041016,20.700000762939453,20.725000381469727,23578,0.0,0.0
2024-09-19 10:56:00-04:00,20.725000381469727,20.739999771118164,20.71500015258789,20.719999313354492,18186,0.0,0.0
2024-09-19 10:57:00-04:00,20.72599983215332,20.72599983215332,20.639999389648438,20.708999633789062,59314,0.0,0.0
2024-09-19 10:58:00-04:00,20.704999923706055,20.709999084472656,20.68000030517578,20.684999465942383,13347,0.0,0.0
2024-09-19 10:59:00-04:00,20.68000030517578,20.690000534057617,20.639999389648438,20.649900436401367,27567,0.0,0.0
2024-09-19 11:00:00-04:00,20.639999389648438,20.65999984741211,20.635000228881836,20.65999984741211,19555,0.0,0.0
2024-09-19 11:01:00-04:00,20.653499603271484,20.65999984741211,20.6299991607666,20.655000686645508,24395,0.0,0.0
2024-09-19 11:02:00-04:00,20.655000686645508,20.725000381469727,20.635000228881836,20.704999923706055,35891,0.0,0.0
2024-09-19 11:03:00-04:00,20.709999084472656,20.729999542236328,20.690000534057617,20.719999313354492,15847,0.0,0.0
2024-09-19 11:04:00-04:00,20.715700149536133,20.780000686645508,20.71500015258789,20.764999389648438,27675,0.0,0.0
2024-09-19 11:05:00-04:00,20.770000457763672,20.780000686645508,20.739999771118164,20.739999771118164,14963,0.0,0.0
2024-09-19 11:06:00-04:00,20.7450008392334,20.770000457763672,20.7450008392334,20.770000457763672,11148,0.0,0.0
2024-09-19 11:07:00-04:00,20.774999618530273,20.774999618530273,20.7549991607666,20.770000457763672,10649,0.0,0.0
2024-09-19 11:08:00-04:00,20.770000457763672,20.770000457763672,20.74880027770996,20.770000457763672,19042,0.0,0.0
2024-09-19 11:09:00-04:00,20.770000457763672,20.774999618530273,20.758699417114258,20.766000747680664,20184,0.0,0.0
2024-09-19 11:10:00-04:00,20.764999389648438,20.790000915527344,20.760000228881836,20.780099868774414,10972,0.0,0.0
2024-09-19 11:11:00-04:00,20.788000106811523,20.790000915527344,20.760000228881836,20.780000686645508,11079,0.0,0.0
2024-09-19 11:12:00-04:00,20.779800415039062,20.789899826049805,20.770000457763672,20.780000686645508,9962,0.0,0.0
2024-09-19 11:13:00-04:00,20.785999298095703,20.785999298095703,20.709999084472656,20.719999313354492,37208,0.0,0.0
2024-09-19 11:14:00-04:00,20.709999084472656,20.719999313354492,20.68120002746582,20.68120002746582,10855,0.0,0.0
2024-09-19 11:15:00-04:00,20.670000076293945,20.719999313354492,20.670000076293945,20.700000762939453,17106,0.0,0.0
2024-09-19 11:16:00-04:00,20.69499969482422,20.739999771118164,20.69499969482422,20.729999542236328,9530,0.0,0.0
2024-09-19 11:17:00-04:00,20.739999771118164,20.75,20.71500015258789,20.719999313354492,28524,0.0,0.0
2024-09-19 11:18:00-04:00,20.71500015258789,20.725000381469727,20.684999465942383,20.700000762939453,12261,0.0,0.0
2024-09-19 11:19:00-04:00,20.7012996673584,20.729999542236328,20.700000762939453,20.709999084472656,10810,0.0,0.0
2024-09-19 11:20:00-04:00,20.704999923706055,20.729999542236328,20.69499969482422,20.725000381469727,11297,0.0,0.0
2024-09-19 11:21:00-04:00,20.720300674438477,20.729999542236328,20.66010093688965,20.69499969482422,53414,0.0,0.0
2024-09-19 11:22:00-04:00,20.700000762939453,20.749900817871094,20.690000534057617,20.7450008392334,156374,0.0,0.0
2024-09-19 11:23:00-04:00,20.7450008392334,20.801599502563477,20.729999542236328,20.801599502563477,14195,0.0,0.0
2024-09-19 11:24:00-04:00,20.80500030517578,20.829999923706055,20.781200408935547,20.828699111938477,16086,0.0,0.0
2024-09-19 11:25:00-04:00,20.825000762939453,20.84000015258789,20.799999237060547,20.80500030517578,12362,0.0,0.0
2024-09-19 11:26:00-04:00,20.80109977722168,20.80500030517578,20.760000228881836,20.774999618530273,20675,0.0,0.0
2024-09-19 11:27:00-04:00,20.774999618530273,20.790000915527344,20.774999618530273,20.78499984741211,7561,0.0,0.0
2024-09-19 11:28:00-04:00,20.78499984741211,20.795000076293945,20.760000228881836,20.790000915527344,11436,0.0,0.0
2024-09-19 11:29:00-04:00,20.78499984741211,20.809999465942383,20.739999771118164,20.760000228881836,156950,0.0,0.0
2024-09-19 11:30:00-04:00,20.7549991607666,20.770000457763672,20.729999542236328,20.735000610351562,8852,0.0,0.0
2024-09-19 11:31:00-04:00,20.735000610351562,20.75,20.72010040283203,20.725000381469727,10525,0.0,0.0
2024-09-19 11:32:00-04:00,20.719999313354492,20.739999771118164,20.718799591064453,20.719999313354492,13534,0.0,0.0
2024-09-19 11:33:00-04:00,20.725000381469727,20.729999542236328,20.700000762939453,20.709999084472656,11438,0.0,0.0
2024-09-19 11:34:00-04:00,20.700000762939453,20.770000457763672,20.700000762939453,20.75,123415,0.0,0.0
2024-09-19 11:35:00-04:00,20.7549991607666,20.780000686645508,20.75,20.75,72856,0.0,0.0
2024-09-19 11:36:00-04:00,20.7549991607666,20.818199157714844,20.75,20.809999465942383,52901,0.0,0.0
2024-09-19 11:37:00-04:00,20.809999465942383,20.829999923706055,20.790000915527344,20.825000762939453,12271,0.0,0.0
2024-09-19 11:38:00-04:00,20.829999923706055,20.879899978637695,20.829999923706055,20.870100021362305,23545,0.0,0.0
2024-09-19 11:39:00-04:00,20.872499465942383,20.889999389648438,20.729999542236328,20.80500030517578,143605,0.0,0.0
2024-09-19 11:40:00-04:00,20.809999465942383,20.864999771118164,20.809999465942383,20.864999771118164,40086,0.0,0.0
2024-09-19 11:41:00-04:00,20.860000610351562,20.860000610351562,20.799999237060547,20.799999237060547,22930,0.0,0.0
2024-09-19 11:42:00-04:00,20.801599502563477,20.8080997467041,20.764999389648438,20.78499984741211,13970,0.0,0.0
2024-09-19 11:43:00-04:00,20.78499984741211,20.790000915527344,20.780000686645508,20.78499984741211,12896,0.0,0.0
2024-09-19 11:44:00-04:00,20.790000915527344,20.799999237060547,20.739999771118164,20.75,19834,0.0,0.0
2024-09-19 11:45:00-04:00,20.75,20.809999465942383,20.75,20.799999237060547,48020,0.0,0.0
2024-09-19 11:46:00-04:00,20.80500030517578,20.827499389648438,20.80500030517578,20.820100784301758,16200,0.0,0.0
2024-09-19 11:47:00-04:00,20.825000762939453,20.826000213623047,20.811199188232422,20.81999969482422,11922,0.0,0.0
2024-09-19 11:48:00-04:00,20.81999969482422,20.829999923706055,20.81999969482422,20.825000762939453,9282,0.0,0.0
2024-09-19 11:49:00-04:00,20.825000762939453,20.825000762939453,20.799999237060547,20.809999465942383,37254,0.0,0.0
2024-09-19 11:50:00-04:00,20.80500030517578,20.809999465942383,20.799999237060547,20.80500030517578,31604,0.0,0.0
2024-09-19 11:51:00-04:00,20.799999237060547,20.809999465942383,20.750099182128906,20.7549991607666,80376,0.0,0.0
2024-09-19 11:52:00-04:00,20.7549991607666,20.7549991607666,20.71500015258789,20.729999542236328,37280,0.0,0.0
2024-09-19 11:53:00-04:00,20.725000381469727,20.772600173950195,20.709999084472656,20.772600173950195,48554,0.0,0.0
2024-09-19 11:54:00-04:00,20.780000686645508,20.799999237060547,20.770000457763672,20.790000915527344,31730,0.0,0.0
2024-09-19 11:55:00-04:00,20.780099868774414,20.799999237060547,20.780099868774414,20.795000076293945,18114,0.0,0.0
2024-09-19 11:56:00-04:00,20.790000915527344,20.799999237060547,20.760000228881836,20.761249542236328,14547,0.0,0.0
2024-09-19 11:57:00-04:00,20.750999450683594,20.795000076293945,20.75,20.780000686645508,42588,0.0,0.0
2024-09-19 11:58:00-04:00,20.790000915527344,20.797300338745117,20.780000686645508,20.780000686645508,7582,0.0,0.0
2024-09-19 11:59:00-04:00,20.78499984741211,20.797300338745117,20.780000686645508,20.78499984741211,11004,0.0,0.0
2024-09-19 12:00:00-04:00,20.790000915527344,20.795000076293945,20.774999618530273,20.781999588012695,12241,0.0,0.0
2024-09-19 12:01:00-04:00,20.78499984741211,20.809499740600586,20.780099868774414,20.809499740600586,14011,0.0,0.0
2024-09-19 12:02:00-04:00,20.809999465942383,20.850000381469727,20.799999237060547,20.850000381469727,35339,0.0,0.0
2024-09-19 12:03:00-04:00,20.850000381469727,20.850000381469727,20.810199737548828,20.81999969482422,11708,0.0,0.0
2024-09-19 12:04:00-04:00,20.815000534057617,20.8799991607666,20.800500869750977,20.875,36246,0.0,0.0
2024-09-19 12:05:00-04:00,20.875,20.8799991607666,20.854999542236328,20.854999542236328,8438,0.0,0.0
2024-09-19 12:06:00-04:00,20.850000381469727,20.8700008392334,20.850000381469727,20.8700008392334,27601,0.0,0.0
2024-09-19 12:07:00-04:00,20.875,20.885000228881836,20.8700008392334,20.885000228881836,8260,0.0,0.0
2024-09-19 12:08:00-04:00,20.8799991607666,20.8799991607666,20.854999542236328,20.864999771118164,9420,0.0,0.0
2024-09-19 12:09:00-04:00,20.864999771118164,20.8799991607666,20.864999771118164,20.875,5348,0.0,0.0
2024-09-19 12:10:00-04:00,20.875,20.875,20.870500564575195,20.875,4761,0.0,0.0
2024-09-19 12:11:00-04:00,20.875,20.885000228881836,20.854999542236328,20.854999542236328,23391,0.0,0.0
2024-09-19 12:12:00-04:00,20.854999542236328,20.950000762939453,20.850000381469727,20.94499969482422,40292,0.0,0.0
2024-09-19 12:13:00-04:00,20.940000534057617,20.950000762939453,20.905000686645508,20.908000946044922,23655,0.0,0.0
2024-09-19 12:14:00-04:00,20.899999618530273,20.90999984741211,20.875,20.875,16125,0.0,0.0
2024-09-19 12:15:00-04:00,20.8700008392334,20.8799991607666,20.850000381469727,20.8799991607666,20097,0.0,0.0
2024-09-19 12:16:00-04:00,20.8799991607666,20.915000915527344,20.8799991607666,20.915000915527344,9341,0.0,0.0
2024-09-19 12:17:00-04:00,20.915000915527344,20.920000076293945,20.90999984741211,20.915000915527344,5510,0.0,0.0
2024-09-19 12:18:00-04:00,20.915000915527344,20.917499542236328,20.875,20.875,10744,0.0,0.0
2024-09-19 12:19:00-04:00,20.875,20.889999389648438,20.875,20.889999389648438,6104,0.0,0.0
2024-09-19 12:20:00-04:00,20.885000228881836,20.90999984741211,20.885000228881836,20.902545928955078,10771,0.0,0.0
2024-09-19 12:21:00-04:00,20.905000686645508,20.920000076293945,20.899999618530273,20.905000686645508,10755,0.0,0.0
2024-09-19 12:22:00-04:00,20.899999618530273,20.90999984741211,20.899999618530273,20.905000686645508,6249,0.0,0.0
2024-09-19 12:23:00-04:00,20.899999618530273,20.899999618530273,20.8700008392334,20.8700008392334,20008,0.0,0.0
2024-09-19 12:24:00-04:00,20.875,20.875,20.760000228881836,20.764999389648438,148130,0.0,0.0
2024-09-19 12:25:00-04:00,20.770000457763672,20.795000076293945,20.761999130249023,20.790000915527344,22573,0.0,0.0
2024-09-19 12:26:00-04:00,20.790000915527344,20.790000915527344,20.780000686645508,20.78499984741211,14370,0.0,0.0
2024-09-19 12:27:00-04:00,20.780000686645508,20.78499984741211,20.739999771118164,20.742000579833984,11178,0.0,0.0
2024-09-19 12:28:00-04:00,20.7450008392334,20.7450008392334,20.700000762939453,20.701000213623047,11625,0.0,0.0
2024-09-19 12:29:00-04:00,20.700000762939453,20.735000610351562,20.690000534057617,20.735000610351562,20235,0.0,0.0
2024-09-19 12:30:00-04:00,20.735000610351562,20.760000228881836,20.735000610351562,20.75,15025,0.0,0.0
2024-09-19 12:31:00-04:00,20.7450008392334,20.7450008392334,20.690000534057617,20.690000534057617,8897,0.0,0.0
2024-09-19 12:32:00-04:00,20.69070053100586,20.709999084472656,20.690000534057617,20.709999084472656,7371,0.0,0.0
2024-09-19 12:33:00-04:00,20.719999313354492,20.719999313354492,20.670000076293945,20.670000076293945,20570,0.0,0.0
2024-09-19 12:34:00-04:00,20.674999237060547,20.68910026550293,20.649999618530273,20.68910026550293,17352,0.0,0.0
2024-09-19 12:35:00-04:00,20.690000534057617,20.704999923706055,20.68000030517578,20.704999923706055,5184,0.0,0.0
2024-09-19 12:36:00-04:00,20.709999084472656,20.7189998626709,20.703399658203125,20.704999923706055,15272,0.0,0.0
2024-09-19 12:37:00-04:00,20.704999923706055,20.709999084472656,20.69499969482422,20.704999923706055,14633,0.0,0.0
2024-09-19 12:38:00-04:00,20.709999084472656,20.725000381469727,20.69499969482422,20.69499969482422,15532,0.0,0.0
2024-09-19 12:39:00-04:00,20.69499969482422,20.700000762939453,20.690000534057617,20.69499969482422,14362,0.0,0.0
2024-09-19 12:40:00-04:00,20.690000534057617,20.690000534057617,20.661699295043945,20.665000915527344,10664,0.0,0.0
2024-09-19 12:41:00-04:00,20.665000915527344,20.665000915527344,20.649999618530273,20.65999984741211,6862,0.0,0.0
2024-09-19 12:42:00-04:00,20.649999618530273,20.68000030517578,20.645000457763672,20.674999237060547,9415,0.0,0.0
2024-09-19 12:43:00-04:00,20.690000534057617,20.690000534057617,20.665000915527344,20.665000915527344,14373,0.0,0.0
2024-09-19 12:44:00-04:00,20.670000076293945,20.670000076293945,20.639999389648438,20.649999618530273,13001,0.0,0.0
2024-09-19 12:45:00-04:00,20.645000457763672,20.68000030517578,20.635000228881836,20.674999237060547,12088,0.0,0.0
2024-09-19 12:46:00-04:00,20.679899215698242,20.684999465942383,20.671300888061523,20.684999465942383,8543,0.0,0.0
2024-09-19 12:47:00-04:00,20.68000030517578,20.68000030517578,20.66010093688965,20.66010093688965,6690,0.0,0.0
2024-09-19 12:48:00-04:00,20.665000915527344,20.670000076293945,20.655000686645508,20.665000915527344,11865,0.0,0.0
2024-09-19 12:49:00-04:00,20.665000915527344,20.68000030517578,20.65999984741211,20.68000030517578,6378,0.0,0.0
2024-09-19 12:50:00-04:00,20.674999237060547,20.690000534057617,20.670000076293945,20.679399490356445,11869,0.0,0.0
2024-09-19 12:51:00-04:00,20.674999237060547,20.679899215698242,20.670000076293945,20.674999237060547,7640,0.0,0.0
2024-09-19 12:52:00-04:00,20.674999237060547,20.68000030517578,20.649999618530273,20.68000030517578,10496,0.0,0.0
2024-09-19 12:53:00-04:00,20.68000030517578,20.68000030517578,20.665000915527344,20.665000915527344,3886,0.0,0.0
2024-09-19 12:54:00-04:00,20.660900115966797,20.68000030517578,20.660900115966797,20.670000076293945,6663,0.0,0.0
2024-09-19 12:55:00-04:00,20.670000076293945,20.670000076293945,20.649999618530273,20.665000915527344,15270,0.0,0.0
2024-09-19 12:56:00-04:00,20.665000915527344,20.668100357055664,20.655000686645508,20.665000915527344,4966,0.0,0.0
2024-09-19 12:57:00-04:00,20.665000915527344,20.670000076293945,20.65999984741211,20.670000076293945,7678,0.0,0.0
2024-09-19 12:58:00-04:00,20.670000076293945,20.670000076293945,20.645000457763672,20.655000686645508,16889,0.0,0.0
2024-09-19 12:59:00-04:00,20.655000686645508,20.670000076293945,20.65399932861328,20.665000915527344,6743,0.0,0.0
2024-09-19 13:00:00-04:00,20.670000076293945,20.670000076293945,20.66010093688965,20.660999298095703,10178,0.0,0.0
2024-09-19 13:01:00-04:00,20.665000915527344,20.670000076293945,20.639999389648438,20.655000686645508,10914,0.0,0.0
2024-09-19 13:02:00-04:00,20.655000686645508,20.655000686645508,20.639999389648438,20.645000457763672,7951,0.0,0.0
2024-09-19 13:03:00-04:00,20.645000457763672,20.649999618530273,20.6200008392334,20.6200008392334,9742,0.0,0.0
2024-09-19 13:04:00-04:00,20.624900817871094,20.6299991607666,20.610000610351562,20.6299991607666,11904,0.0,0.0
2024-09-19 13:05:00-04:00,20.625,20.625,20.575000762939453,20.579999923706055,38506,0.0,0.0
2024-09-19 13:06:00-04:00,20.588699340820312,20.588699340820312,20.56999969482422,20.584999084472656,17848,0.0,0.0
2024-09-19 13:07:00-04:00,20.57900047302246,20.584999084472656,20.56999969482422,20.584999084472656,15010,0.0,0.0
2024-09-19 13:08:00-04:00,20.584999084472656,20.59000015258789,20.570899963378906,20.57979965209961,7263,0.0,0.0
2024-09-19 13:09:00-04:00,20.584999084472656,20.600000381469727,20.584999084472656,20.594999313354492,11500,0.0,0.0
2024-09-19 13:10:00-04:00,20.594999313354492,20.594999313354492,20.59000015258789,20.594999313354492,3305,0.0,0.0
2024-09-19 13:11:00-04:00,20.594999313354492,20.600000381469727,20.59000015258789,20.594999313354492,6634,0.0,0.0
2024-09-19 13:12:00-04:00,20.594999313354492,20.6200008392334,20.59000015258789,20.614999771118164,38793,0.0,0.0
2024-09-19 13:13:00-04:00,20.614999771118164,20.614999771118164,20.600000381469727,20.604999542236328,5031,0.0,0.0
2024-09-19 13:14:00-04:00,20.604999542236328,20.638700485229492,20.604999542236328,20.638700485229492,9889,0.0,0.0
2024-09-19 13:15:00-04:00,20.63990020751953,20.63990020751953,20.600000381469727,20.604999542236328,11126,0.0,0.0
2024-09-19 13:16:00-04:00,20.604999542236328,20.6200008392334,20.594999313354492,20.604999542236328,15344,0.0,0.0
2024-09-19 13:17:00-04:00,20.604999542236328,20.610000610351562,20.584999084472656,20.584999084472656,9065,0.0,0.0
2024-09-19 13:18:00-04:00,20.579999923706055,20.588899612426758,20.489999771118164,20.520000457763672,139178,0.0,0.0
2024-09-19 13:19:00-04:00,20.530000686645508,20.5398006439209,20.520000457763672,20.524999618530273,6035,0.0,0.0
2024-09-19 13:20:00-04:00,20.524999618530273,20.540000915527344,20.524999618530273,20.524999618530273,13897,0.0,0.0
2024-09-19 13:21:00-04:00,20.524999618530273,20.530000686645508,20.48110008239746,20.48110008239746,18737,0.0,0.0
2024-09-19 13:22:00-04:00,20.486000061035156,20.4950008392334,20.47010040283203,20.4950008392334,10282,0.0,0.0
2024-09-19 13:23:00-04:00,20.499900817871094,20.499900817871094,20.479999542236328,20.479999542236328,12159,0.0,0.0
2024-09-19 13:24:00-04:00,20.485000610351562,20.485000610351562,20.459999084472656,20.469999313354492,26304,0.0,0.0
2024-09-19 13:25:00-04:00,20.472497940063477,20.510000228881836,20.469999313354492,20.5049991607666,10505,0.0,0.0
2024-09-19 13:26:00-04:00,20.509899139404297,20.510000228881836,20.5,20.509899139404297,4283,0.0,0.0
2024-09-19 13:27:00-04:00,20.510000228881836,20.575000762939453,20.510000228881836,20.562000274658203,53007,0.0,0.0
2024-09-19 13:28:00-04:00,20.561199188232422,20.575000762939453,20.549999237060547,20.575000762939453,23341,0.0,0.0
2024-09-19 13:29:00-04:00,20.575000762939453,20.575000762939453,20.549999237060547,20.55500030517578,16306,0.0,0.0
2024-09-19 13:30:00-04:00,20.55500030517578,20.55500030517578,20.549999237060547,20.549999237060547,24590,0.0,0.0
2024-09-19 13:31:00-04:00,20.549999237060547,20.55500030517578,20.549999237060547,20.549999237060547,25326,0.0,0.0
2024-09-19 13:32:00-04:00,20.549999237060547,20.55500030517578,20.540000915527344,20.55500030517578,27590,0.0,0.0
2024-09-19 13:33:00-04:00,20.55500030517578,20.55500030517578,20.5,20.5049991607666,23082,0.0,0.0
2024-09-19 13:34:00-04:00,20.5,20.549999237060547,20.5,20.540000915527344,10781,0.0,0.0
2024-09-19 13:35:00-04:00,20.540000915527344,20.579999923706055,20.520000457763672,20.575000762939453,49240,0.0,0.0
2024-09-19 13:36:00-04:00,20.578899383544922,20.629100799560547,20.578899383544922,20.621400833129883,47373,0.0,0.0
2024-09-19 13:37:00-04:00,20.6200008392334,20.649999618530273,20.6200008392334,20.635000228881836,28982,0.0,0.0
2024-09-19 13:38:00-04:00,20.635000228881836,20.64150047302246,20.604999542236328,20.604999542236328,13040,0.0,0.0
2024-09-19 13:39:00-04:00,20.604999542236328,20.614999771118164,20.600000381469727,20.614999771118164,8690,0.0,0.0
2024-09-19 13:40:00-04:00,20.614999771118164,20.6299991607666,20.600000381469727,20.614999771118164,41912,0.0,0.0
2024-09-19 13:41:00-04:00,20.614999771118164,20.6200008392334,20.610000610351562,20.610000610351562,11713,0.0,0.0
2024-09-19 13:42:00-04:00,20.610000610351562,20.635000228881836,20.600000381469727,20.63010025024414,53942,0.0,0.0
2024-09-19 13:43:00-04:00,20.63010025024414,20.658599853515625,20.63010025024414,20.645000457763672,17139,0.0,0.0
2024-09-19 13:44:00-04:00,20.639999389648438,20.65999984741211,20.639999389648438,20.655000686645508,12115,0.0,0.0
2024-09-19 13:45:00-04:00,20.649999618530273,20.67840003967285,20.649999618530273,20.665000915527344,33961,0.0,0.0
2024-09-19 13:46:00-04:00,20.665000915527344,20.68000030517578,20.665000915527344,20.670000076293945,10424,0.0,0.0
2024-09-19 13:47:00-04:00,20.674999237060547,20.719999313354492,20.655000686645508,20.69499969482422,42162,0.0,0.0
2024-09-19 13:48:00-04:00,20.69499969482422,20.75,20.68000030517578,20.75,38726,0.0,0.0
2024-09-19 13:49:00-04:00,20.740100860595703,20.75,20.739999771118164,20.75,40414,0.0,0.0
2024-09-19 13:50:00-04:00,20.75,20.760000228881836,20.739999771118164,20.759000778198242,25874,0.0,0.0
2024-09-19 13:51:00-04:00,20.7549991607666,20.758800506591797,20.69499969482422,20.704999923706055,40483,0.0,0.0
2024-09-19 13:52:00-04:00,20.704999923706055,20.719999313354492,20.645000457763672,20.709999084472656,55648,0.0,0.0
2024-09-19 13:53:00-04:00,20.71500015258789,20.719999313354492,20.709999084472656,20.719999313354492,17668,0.0,0.0
2024-09-19 13:54:00-04:00,20.719999313354492,20.760000228881836,20.709999084472656,20.7549991607666,35996,0.0,0.0
2024-09-19 13:55:00-04:00,20.7549991607666,20.770000457763672,20.75,20.7549991607666,8973,0.0,0.0
2024-09-19 13:56:00-04:00,20.7549991607666,20.757999420166016,20.7450008392334,20.7450008392334,32233,0.0,0.0
2024-09-19 13:57:00-04:00,20.75,20.75,20.700000762939453,20.700000762939453,32530,0.0,0.0
2024-09-19 13:58:00-04:00,20.700000762939453,20.700000762939453,20.65999984741211,20.665000915527344,18060,0.0,0.0
2024-09-19 13:59:00-04:00,20.68000030517578,20.690000534057617,20.652099609375,20.674999237060547,15852,0.0,0.0
2024-09-19 14:00:00-04:00,20.670000076293945,20.670000076293945,20.6200008392334,20.635000228881836,15003,0.0,0.0
2024-09-19 14:01:00-04:00,20.639999389648438,20.684999465942383,20.639999389648438,20.684999465942383,8735,0.0,0.0
2024-09-19 14:02:00-04:00,20.68000030517578,20.68000030517578,20.6200008392334,20.6200008392334,9955,0.0,0.0
2024-09-19 14:03:00-04:00,20.62030029296875,20.650100708007812,20.62030029296875,20.650100708007812,13821,0.0,0.0
2024-09-19 14:04:00-04:00,20.655000686645508,20.670000076293945,20.655000686645508,20.65999984741211,13502,0.0,0.0
2024-09-19 14:05:00-04:00,20.649999618530273,20.649999618530273,20.6343994140625,20.635000228881836,3768,0.0,0.0
2024-09-19 14:06:00-04:00,20.635000228881836,20.639999389648438,20.6299991607666,20.635000228881836,6977,0.0,0.0
2024-09-19 14:07:00-04:00,20.6299991607666,20.635000228881836,20.6200008392334,20.62019920349121,4161,0.0,0.0
2024-09-19 14:08:00-04:00,20.6200008392334,20.625,20.610000610351562,20.61989974975586,14504,0.0,0.0
2024-09-19 14:09:00-04:00,20.614999771118164,20.61989974975586,20.594999313354492,20.604999542236328,9267,0.0,0.0
2024-09-19 14:10:00-04:00,20.60110092163086,20.614999771118164,20.579999923706055,20.614999771118164,37243,0.0,0.0
2024-09-19 14:11:00-04:00,20.610000610351562,20.615999221801758,20.604999542236328,20.615999221801758,6092,0.0,0.0
2024-09-19 14:12:00-04:00,20.6200008392334,20.6299991607666,20.614999771118164,20.6299991607666,26787,0.0,0.0
2024-09-19 14:13:00-04:00,20.635000228881836,20.645000457763672,20.635000228881836,20.645000457763672,3056,0.0,0.0
2024-09-19 14:14:00-04:00,20.649200439453125,20.649200439453125,20.639999389648438,20.645000457763672,4165,0.0,0.0
2024-09-19 14:15:00-04:00,20.639999389648438,20.65999984741211,20.6200008392334,20.625,29571,0.0,0.0
2024-09-19 14:16:00-04:00,20.6299991607666,20.645000457763672,20.6299991607666,20.635000228881836,20515,0.0,0.0
2024-09-19 14:17:00-04:00,20.635000228881836,20.63520050048828,20.614999771118164,20.6299991607666,26651,0.0,0.0
2024-09-19 14:18:00-04:00,20.6299991607666,20.63599967956543,20.604999542236328,20.625,24278,0.0,0.0
2024-09-19 14:19:00-04:00,20.635000228881836,20.655000686645508,20.6299991607666,20.649999618530273,60540,0.0,0.0
2024-09-19 14:20:00-04:00,20.649999618530273,20.655000686645508,20.570199966430664,20.579999923706055,26758,0.0,0.0
2024-09-19 14:21:00-04:00,20.579999923706055,20.600000381469727,20.579999923706055,20.594999313354492,4862,0.0,0.0
2024-09-19 14:22:00-04:00,20.59000015258789,20.604999542236328,20.575000762939453,20.584999084472656,12275,0.0,0.0
2024-09-19 14:23:00-04:00,20.584999084472656,20.594999313354492,20.55500030517578,20.55500030517578,19559,0.0,0.0
2024-09-19 14:24:00-04:00,20.552499771118164,20.57990074157715,20.545000076293945,20.575000762939453,9271,0.0,0.0
2024-09-19 14:25:00-04:00,20.575000762939453,20.575000762939453,20.540000915527344,20.549999237060547,17164,0.0,0.0
2024-09-19 14:26:00-04:00,20.55500030517578,20.579999923706055,20.55500030517578,20.565000534057617,16504,0.0,0.0
2024-09-19 14:27:00-04:00,20.56999969482422,20.56999969482422,20.549999237060547,20.549999237060547,13680,0.0,0.0
2024-09-19 14:28:00-04:00,20.545000076293945,20.565000534057617,20.540000915527344,20.565000534057617,5496,0.0,0.0
2024-09-19 14:29:00-04:00,20.5625,20.56999969482422,20.559999465942383,20.565000534057617,7879,0.0,0.0
2024-09-19 14:30:00-04:00,20.56999969482422,20.575000762939453,20.559999465942383,20.565000534057617,11858,0.0,0.0
2024-09-19 14:31:00-04:00,20.565000534057617,20.600000381469727,20.565000534057617,20.600000381469727,6067,0.0,0.0
2024-09-19 14:32:00-04:00,20.59000015258789,20.600000381469727,20.59000015258789,20.594999313354492,7010,0.0,0.0
2024-09-19 14:33:00-04:00,20.594999313354492,20.609800338745117,20.575000762939453,20.575000762939453,8282,0.0,0.0
2024-09-19 14:34:00-04:00,20.56999969482422,20.59000015258789,20.56999969482422,20.59000015258789,4109,0.0,0.0
2024-09-19 14:35:00-04:00,20.594999313354492,20.639999389648438,20.59440040588379,20.639999389648438,55201,0.0,0.0
2024-09-19 14:36:00-04:00,20.635000228881836,20.649999618530273,20.6299991607666,20.649999618530273,25454,0.0,0.0
2024-09-19 14:37:00-04:00,20.645000457763672,20.65999984741211,20.645000457763672,20.655000686645508,18106,0.0,0.0
2024-09-19 14:38:00-04:00,20.655000686645508,20.709999084472656,20.649999618530273,20.704999923706055,99630,0.0,0.0
2024-09-19 14:39:00-04:00,20.700000762939453,20.740100860595703,20.700000762939453,20.740100860595703,18863,0.0,0.0
2024-09-19 14:40:00-04:00,20.7450008392334,20.75,20.712495803833008,20.719900131225586,98932,0.0,0.0
2024-09-19 14:41:00-04:00,20.71500015258789,20.71500015258789,20.690000534057617,20.69499969482422,17988,0.0,0.0
2024-09-19 14:42:00-04:00,20.69499969482422,20.69499969482422,20.625,20.635000228881836,14528,0.0,0.0
2024-09-19 14:43:00-04:00,20.639999389648438,20.670000076293945,20.639999389648438,20.665000915527344,5534,0.0,0.0
2024-09-19 14:44:00-04:00,20.65999984741211,20.65999984741211,20.625,20.625,10085,0.0,0.0
2024-09-19 14:45:00-04:00,20.6200008392334,20.629899978637695,20.600000381469727,20.600000381469727,11882,0.0,0.0
2024-09-19 14:46:00-04:00,20.59000015258789,20.6200008392334,20.59000015258789,20.61989974975586,10577,0.0,0.0
2024-09-19 14:47:00-04:00,20.614999771118164,20.639999389648438,20.614999771118164,20.635000228881836,3601,0.0,0.0
2024-09-19 14:48:00-04:00,20.635000228881836,20.635000228881836,20.600000381469727,20.62470054626465,10038,0.0,0.0
2024-09-19 14:49:00-04:00,20.62030029296875,20.670000076293945,20.614999771118164,20.670000076293945,68407,0.0,0.0
2024-09-19 14:50:00-04:00,20.670000076293945,20.670000076293945,20.65999984741211,20.665000915527344,34865,0.0,0.0
2024-09-19 14:51:00-04:00,20.670000076293945,20.670000076293945,20.610000610351562,20.625,63058,0.0,0.0
2024-09-19 14:52:00-04:00,20.635000228881836,20.639999389648438,20.600000381469727,20.639999389648438,12466,0.0,0.0
2024-09-19 14:53:00-04:00,20.645000457763672,20.645000457763672,20.6200008392334,20.625,14920,0.0,0.0
2024-09-19 14:54:00-04:00,20.625,20.635000228881836,20.6200008392334,20.635000228881836,8072,0.0,0.0
2024-09-19 14:55:00-04:00,20.635000228881836,20.645000457763672,20.635000228881836,20.645000457763672,4286,0.0,0.0
2024-09-19 14:56:00-04:00,20.639999389648438,20.639999389648438,20.6200008392334,20.6299991607666,11470,0.0,0.0
2024-09-19 14:57:00-04:00,20.6299991607666,20.639999389648438,20.625,20.635000228881836,11909,0.0,0.0
2024-09-19 14:58:00-04:00,20.635000228881836,20.645000457763672,20.6299991607666,20.645000457763672,18111,0.0,0.0
2024-09-19 14:59:00-04:00,20.646699905395508,20.649999618530273,20.635000228881836,20.635000228881836,14042,0.0,0.0
2024-09-19 15:00:00-04:00,20.635000228881836,20.635000228881836,20.59000015258789,20.594999313354492,8283,0.0,0.0
2024-09-19 15:01:00-04:00,20.59000015258789,20.594999313354492,20.55500030517578,20.55500030517578,29457,0.0,0.0
2024-09-19 15:02:00-04:00,20.545000076293945,20.559999465942383,20.521499633789062,20.545000076293945,14103,0.0,0.0
2024-09-19 15:03:00-04:00,20.540000915527344,20.559999465942383,20.540000915527344,20.549999237060547,4271,0.0,0.0
2024-09-19 15:04:00-04:00,20.55109977722168,20.579999923706055,20.55109977722168,20.579999923706055,6089,0.0,0.0
2024-09-19 15:05:00-04:00,20.575000762939453,20.578189849853516,20.53499984741211,20.53499984741211,10547,0.0,0.0
2024-09-19 15:06:00-04:00,20.540000915527344,20.549999237060547,20.540000915527344,20.545000076293945,12083,0.0,0.0
2024-09-19 15:07:00-04:00,20.545000076293945,20.56999969482422,20.540000915527344,20.55500030517578,9074,0.0,0.0
2024-09-19 15:08:00-04:00,20.565000534057617,20.565000534057617,20.549999237060547,20.549999237060547,6192,0.0,0.0
2024-09-19 15:09:00-04:00,20.549999237060547,20.55299949645996,20.53499984741211,20.55299949645996,11057,0.0,0.0
2024-09-19 15:10:00-04:00,20.55500030517578,20.559499740600586,20.549999237060547,20.549999237060547,9011,0.0,0.0
2024-09-19 15:11:00-04:00,20.55500030517578,20.55500030517578,20.520000457763672,20.520000457763672,13033,0.0,0.0
2024-09-19 15:12:00-04:00,20.524999618530273,20.530000686645508,20.46500015258789,20.469999313354492,27432,0.0,0.0
2024-09-19 15:13:00-04:00,20.475000381469727,20.5,20.46500015258789,20.499900817871094,15019,0.0,0.0
2024-09-19 15:14:00-04:00,20.4950008392334,20.499900817871094,20.459999084472656,20.459999084472656,13507,0.0,0.0
2024-09-19 15:15:00-04:00,20.459999084472656,20.459999084472656,20.43000030517578,20.436403274536133,21749,0.0,0.0
2024-09-19 15:16:00-04:00,20.43000030517578,20.46500015258789,20.43000030517578,20.434999465942383,14541,0.0,0.0
2024-09-19 15:17:00-04:00,20.434999465942383,20.434999465942383,20.360000610351562,20.360000610351562,46897,0.0,0.0
2024-09-19 15:18:00-04:00,20.360000610351562,20.375,20.34000015258789,20.354999542236328,42241,0.0,0.0
2024-09-19 15:19:00-04:00,20.354999542236328,20.354999542236328,20.34000015258789,20.34000015258789,16011,0.0,0.0
2024-09-19 15:20:00-04:00,20.344999313354492,20.354999542236328,20.190000534057617,20.200000762939453,274984,0.0,0.0
2024-09-19 15:21:00-04:00,20.200000762939453,20.200000762939453,20.149999618530273,20.15999984741211,68568,0.0,0.0
2024-09-19 15:22:00-04:00,20.170000076293945,20.209999084472656,20.15019989013672,20.188499450683594,187450,0.0,0.0
2024-09-19 15:23:00-04:00,20.18000030517578,20.200000762939453,20.170000076293945,20.190500259399414,52068,0.0,0.0
2024-09-19 15:24:00-04:00,20.190000534057617,20.219999313354492,20.18000030517578,20.19499969482422,95759,0.0,0.0
2024-09-19 15:25:00-04:00,20.19499969482422,20.28499984741211,20.18000030517578,20.235000610351562,203538,0.0,0.0
2024-09-19 15:26:00-04:00,20.235000610351562,20.239999771118164,20.155000686645508,20.15999984741211,224367,0.0,0.0
2024-09-19 15:27:00-04:00,20.149999618530273,20.229999542236328,20.1299991607666,20.174999237060547,179706,0.0,0.0
2024-09-19 15:28:00-04:00,20.174999237060547,20.299999237060547,20.170000076293945,20.29199981689453,49465,0.0,0.0
2024-09-19 15:29:00-04:00,20.295000076293945,20.424999237060547,20.295000076293945,20.375,184323,0.0,0.0
2024-09-19 15:30:00-04:00,20.3700008392334,20.440000534057617,20.34000015258789,20.420000076293945,309068,0.0,0.0
2024-09-19 15:31:00-04:00,20.40999984741211,20.43000030517578,20.375,20.385000228881836,39098,0.0,0.0
2024-09-19 15:32:00-04:00,20.385000228881836,20.389999389648438,20.321699142456055,20.334999084472656,37194,0.0,0.0
2024-09-19 15:33:00-04:00,20.334999084472656,20.3700008392334,20.329999923706055,20.334999084472656,27102,0.0,0.0
2024-09-19 15:34:00-04:00,20.334999084472656,20.350000381469727,20.315000534057617,20.31999969482422,19504,0.0,0.0
2024-09-19 15:35:00-04:00,20.31999969482422,20.3799991607666,20.31999969482422,20.364999771118164,35948,0.0,0.0
2024-09-19 15:36:00-04:00,20.364999771118164,20.424999237060547,20.364999771118164,20.399999618530273,44473,0.0,0.0
2024-09-19 15:37:00-04:00,20.399999618530273,20.399999618530273,20.3700008392334,20.385000228881836,35743,0.0,0.0
2024-09-19 15:38:00-04:00,20.389999389648438,20.395000457763672,20.364999771118164,20.385000228881836,28730,0.0,0.0
2024-09-19 15:39:00-04:00,20.3799991607666,20.40999984741211,20.3799991607666,20.40999984741211,18678,0.0,0.0
2024-09-19 15:40:00-04:00,20.405000686645508,20.40999984741211,20.375,20.399999618530273,32671,0.0,0.0
2024-09-19 15:41:00-04:00,20.399999618530273,20.399999618530273,20.360000610351562,20.360000610351562,16772,0.0,0.0
2024-09-19 15:42:00-04:00,20.364999771118164,20.3700008392334,20.329999923706055,20.364999771118164,47095,0.0,0.0
2024-09-19 15:43:00-04:00,20.364999771118164,20.364999771118164,20.299999237060547,20.299999237060547,33893,0.0,0.0
2024-09-19 15:44:00-04:00,20.299999237060547,20.334999084472656,20.290000915527344,20.30500030517578,37367,0.0,0.0
2024-09-19 15:45:00-04:00,20.30500030517578,20.334999084472656,20.30500030517578,20.319900512695312,34688,0.0,0.0
2024-09-19 15:46:00-04:00,20.315000534057617,20.325000762939453,20.299999237060547,20.31999969482422,28971,0.0,0.0
2024-09-19 15:47:00-04:00,20.325000762939453,20.334999084472656,20.299999237060547,20.315000534057617,35497,0.0,0.0
2024-09-19 15:48:00-04:00,20.315000534057617,20.375,20.31399917602539,20.375,52892,0.0,0.0
2024-09-19 15:49:00-04:00,20.3700008392334,20.3700008392334,20.31999969482422,20.350000381469727,54979,0.0,0.0
2024-09-19 15:50:00-04:00,20.350000381469727,20.354999542236328,20.25,20.250200271606445,62192,0.0,0.0
2024-09-19 15:51:00-04:00,20.25,20.267499923706055,20.219999313354492,20.22879981994629,76985,0.0,0.0
2024-09-19 15:52:00-04:00,20.229999542236328,20.270000457763672,20.225000381469727,20.25,85601,0.0,0.0
2024-09-19 15:53:00-04:00,20.2450008392334,20.260000228881836,20.225000381469727,20.229999542236328,115355,0.0,0.0
2024-09-19 15:54:00-04:00,20.235000610351562,20.290000915527344,20.219999313354492,20.2549991607666,82301,0.0,0.0
2024-09-19 15:55:00-04:00,20.260000228881836,20.264999389648438,20.229999542236328,20.2549991607666,105496,0.0,0.0
2024-09-19 15:56:00-04:00,20.2549991607666,20.270000457763672,20.219999313354492,20.25,107379,0.0,0.0
2024-09-19 15:57:00-04:00,20.2549991607666,20.270000457763672,20.239999771118164,20.239999771118164,120057,0.0,0.0
2024-09-19 15:58:00-04:00,20.239999771118164,20.260000228881836,20.229999542236328,20.2450008392334,163222,0.0,0.0
2024-09-19 15:59:00-04:00,20.25,20.290000915527344,20.219999313354492,20.280000686645508,335965,0.0,0.0
2024-09-20 09:30:00-04:00,20.110000610351562,20.190000534057617,19.81999969482422,20.033000946044922,367391,0.0,0.0
2024-09-20 09:31:00-04:00,20.06999969482422,20.222299575805664,20.010000228881836,20.200000762939453,55927,0.0,0.0
2024-09-20 09:32:00-04:00,20.229900360107422,20.40999984741211,20.139999389648438,20.40999984741211,101583,0.0,0.0
2024-09-20 09:33:00-04:00,20.31999969482422,20.34980010986328,20.31999969482422,20.33799934387207,63077,0.0,0.0
2024-09-20 09:34:00-04:00,20.299999237060547,20.32900047302246,20.25,20.252099990844727,33032,0.0,0.0
2024-09-20 09:35:00-04:00,20.200000762939453,20.334999084472656,20.15999984741211,20.334999084472656,75814,0.0,0.0
2024-09-20 09:36:00-04:00,20.329999923706055,20.350000381469727,20.170000076293945,20.170000076293945,20299,0.0,0.0
2024-09-20 09:37:00-04:00,20.149999618530273,20.249900817871094,20.110000610351562,20.170000076293945,35894,0.0,0.0
2024-09-20 09:38:00-04:00,20.170000076293945,20.299999237060547,20.149999618530273,20.264999389648438,34220,0.0,0.0
2024-09-20 09:39:00-04:00,20.253299713134766,20.33989906311035,20.253299713134766,20.309999465942383,35984,0.0,0.0
2024-09-20 09:40:00-04:00,20.299999237060547,20.34000015258789,20.260000228881836,20.27989959716797,24547,0.0,0.0
2024-09-20 09:41:00-04:00,20.26799964904785,20.315000534057617,20.25,20.315000534057617,6613,0.0,0.0
2024-09-20 09:42:00-04:00,20.329999923706055,20.329999923706055,20.270000457763672,20.290000915527344,14999,0.0,0.0
2024-09-20 09:43:00-04:00,20.290000915527344,20.39900016784668,20.280000686645508,20.392799377441406,42329,0.0,0.0
2024-09-20 09:44:00-04:00,20.385000228881836,20.420000076293945,20.354999542236328,20.389999389648438,14910,0.0,0.0
2024-09-20 09:45:00-04:00,20.399999618530273,20.43000030517578,20.360000610351562,20.3700008392334,34241,0.0,0.0
2024-09-20 09:46:00-04:00,20.3700008392334,20.440000534057617,20.350000381469727,20.360000610351562,30091,0.0,0.0
2024-09-20 09:47:00-04:00,20.360000610351562,20.360000610351562,20.290000915527344,20.299999237060547,10945,0.0,0.0
2024-09-20 09:48:00-04:00,20.30500030517578,20.31999969482422,20.239999771118164,20.239999771118164,7475,0.0,0.0
2024-09-20 09:49:00-04:00,20.2450008392334,20.270000457763672,20.219999313354492,20.219999313354492,21287,0.0,0.0
2024-09-20 09:50:00-04:00,20.219999313354492,20.308500289916992,20.21500015258789,20.308500289916992,26319,0.0,0.0
2024-09-20 09:51:00-04:00,20.319900512695312,20.3700008392334,20.309999465942383,20.36949920654297,11965,0.0,0.0
2024-09-20 09:52:00-04:00,20.360000610351562,20.420000076293945,20.360000610351562,20.420000076293945,47521,0.0,0.0
2024-09-20 09:53:00-04:00,20.42009925842285,20.459999084472656,20.3799991607666,20.399999618530273,24924,0.0,0.0
2024-09-20 09:54:00-04:00,20.3799991607666,20.44499969482422,20.34000015258789,20.397600173950195,85951,0.0,0.0
2024-09-20 09:55:00-04:00,20.3799991607666,20.420000076293945,20.350000381469727,20.420000076293945,13363,0.0,0.0
2024-09-20 09:56:00-04:00,20.423202514648438,20.423202514648438,20.35638427734375,20.389999389648438,8178,0.0,0.0
2024-09-20 09:57:00-04:00,20.392000198364258,20.430200576782227,20.392000198364258,20.420000076293945,12316,0.0,0.0
2024-09-20 09:58:00-04:00,20.329999923706055,20.329999923706055,20.329999923706055,20.329999923706055,23002,0.0,0.0
2024-09-20 09:59:00-04:00,20.299999237060547,20.31999969482422,20.260000228881836,20.30030059814453,29891,0.0,0.0
2024-09-20 10:00:00-04:00,20.360000610351562,20.360000610351562,20.360000610351562,20.360000610351562,12993,0.0,0.0
2024-09-20 10:01:00-04:00,20.3700008392334,20.40999984741211,20.307300567626953,20.309999465942383,20095,0.0,0.0
2024-09-20 10:02:00-04:00,20.310100555419922,20.31999969482422,20.28499984741211,20.31999969482422,20137,0.0,0.0
2024-09-20 10:03:00-04:00,20.290000915527344,20.290000915527344,20.260000228881836,20.290000915527344,30218,0.0,0.0
2024-09-20 10:04:00-04:00,20.264999389648438,20.30500030517578,20.260000228881836,20.264999389648438,13916,0.0,0.0
2024-09-20 10:05:00-04:00,20.260000228881836,20.270099639892578,20.200000762939453,20.22800064086914,62189,0.0,0.0
2024-09-20 10:06:00-04:00,20.239900588989258,20.239900588989258,20.121999740600586,20.139999389648438,102853,0.0,0.0
2024-09-20 10:07:00-04:00,20.14080047607422,20.18000030517578,20.125,20.15999984741211,32163,0.0,0.0
2024-09-20 10:08:00-04:00,20.15999984741211,20.170000076293945,20.139999389648438,20.139999389648438,18916,0.0,0.0
2024-09-20 10:09:00-04:00,20.140600204467773,20.140600204467773,20.06999969482422,20.06999969482422,27715,0.0,0.0
2024-09-20 10:10:00-04:00,20.059999465942383,20.059999465942383,20.0049991607666,20.020000457763672,24745,0.0,0.0
2024-09-20 10:11:00-04:00,20.014999389648438,20.059999465942383,20.010099411010742,20.010099411010742,19165,0.0,0.0
2024-09-20 10:12:00-04:00,20.014999389648438,20.13949966430664,20.0049991607666,20.129749298095703,101882,0.0,0.0
2024-09-20 10:13:00-04:00,20.128599166870117,20.139999389648438,20.100000381469727,20.100000381469727,18361,0.0,0.0
2024-09-20 10:14:00-04:00,20.107900619506836,20.149999618530273,20.100000381469727,20.13010025024414,36727,0.0,0.0
2024-09-20 10:15:00-04:00,20.135000228881836,20.149900436401367,20.1200008392334,20.149900436401367,13707,0.0,0.0
2024-09-20 10:16:00-04:00,20.149900436401367,20.190000534057617,20.140100479125977,20.18000030517578,28585,0.0,0.0
2024-09-20 10:17:00-04:00,20.18000030517578,20.200000762939453,20.165000915527344,20.18000030517578,13768,0.0,0.0
2024-09-20 10:18:00-04:00,20.190000534057617,20.239999771118164,20.18000030517578,20.19499969482422,27625,0.0,0.0
2024-09-20 10:19:00-04:00,20.190000534057617,20.19499969482422,20.170000076293945,20.18000030517578,11802,0.0,0.0
2024-09-20 10:20:00-04:00,20.170000076293945,20.172500610351562,20.1200008392334,20.162500381469727,29510,0.0,0.0
2024-09-20 10:21:00-04:00,20.166000366210938,20.190000534057617,20.149999618530273,20.18000030517578,34547,0.0,0.0
2024-09-20 10:22:00-04:00,20.174999237060547,20.18000030517578,20.149999618530273,20.170000076293945,20315,0.0,0.0
2024-09-20 10:23:00-04:00,20.165000915527344,20.184999465942383,20.15999984741211,20.170000076293945,12994,0.0,0.0
2024-09-20 10:24:00-04:00,20.15999984741211,20.21500015258789,20.149999618530273,20.21500015258789,37582,0.0,0.0
2024-09-20 10:25:00-04:00,20.219999313354492,20.223600387573242,20.18000030517578,20.200000762939453,20969,0.0,0.0
2024-09-20 10:26:00-04:00,20.207399368286133,20.209999084472656,20.194799423217773,20.197099685668945,10885,0.0,0.0
2024-09-20 10:27:00-04:00,20.190000534057617,20.190000534057617,20.139999389648438,20.155000686645508,16945,0.0,0.0
2024-09-20 10:28:00-04:00,20.147300720214844,20.149999618530273,20.110000610351562,20.110000610351562,7663,0.0,0.0
2024-09-20 10:29:00-04:00,20.11009979248047,20.1200008392334,20.084999084472656,20.084999084472656,12573,0.0,0.0
2024-09-20 10:30:00-04:00,20.09000015258789,20.155000686645508,20.079999923706055,20.149999618530273,67452,0.0,0.0
2024-09-20 10:31:00-04:00,20.149999618530273,20.229999542236328,20.139999389648438,20.200000762939453,132919,0.0,0.0
2024-09-20 10:32:00-04:00,20.200000762939453,20.204999923706055,20.170000076293945,20.200000762939453,17806,0.0,0.0
2024-09-20 10:33:00-04:00,20.200000762939453,20.200000762939453,20.15999984741211,20.15999984741211,11899,0.0,0.0
2024-09-20 10:34:00-04:00,20.149999618530273,20.200000762939453,20.149999618530273,20.174999237060547,10091,0.0,0.0
2024-09-20 10:35:00-04:00,20.174999237060547,20.2549991607666,20.149999618530273,20.249099731445312,133365,0.0,0.0
2024-09-20 10:36:00-04:00,20.249900817871094,20.270000457763672,20.240100860595703,20.269899368286133,14132,0.0,0.0
2024-09-20 10:37:00-04:00,20.264999389648438,20.289899826049805,20.260000228881836,20.260000228881836,6773,0.0,0.0
2024-09-20 10:38:00-04:00,20.270000457763672,20.344999313354492,20.264999389648438,20.344999313354492,18882,0.0,0.0
2024-09-20 10:39:00-04:00,20.34000015258789,20.34000015258789,20.229999542236328,20.232099533081055,45453,0.0,0.0
2024-09-20 10:40:00-04:00,20.229999542236328,20.263999938964844,20.22089958190918,20.25,10876,0.0,0.0
2024-09-20 10:41:00-04:00,20.2450008392334,20.356599807739258,20.239999771118164,20.354999542236328,128380,0.0,0.0
2024-09-20 10:42:00-04:00,20.350000381469727,20.350000381469727,20.290000915527344,20.31999969482422,23394,0.0,0.0
2024-09-20 10:43:00-04:00,20.31999969482422,20.327899932861328,20.29010009765625,20.299999237060547,8072,0.0,0.0
2024-09-20 10:44:00-04:00,20.290000915527344,20.290000915527344,20.274999618530273,20.289499282836914,8950,0.0,0.0
2024-09-20 10:45:00-04:00,20.28499984741211,20.31999969482422,20.28499984741211,20.309999465942383,10181,0.0,0.0
2024-09-20 10:46:00-04:00,20.309999465942383,20.315000534057617,20.270000457763672,20.315000534057617,17771,0.0,0.0
2024-09-20 10:47:00-04:00,20.309999465942383,20.312000274658203,20.295000076293945,20.299999237060547,4483,0.0,0.0
2024-09-20 10:48:00-04:00,20.299999237060547,20.309999465942383,20.26930046081543,20.274999618530273,17511,0.0,0.0
2024-09-20 10:49:00-04:00,20.270000457763672,20.299999237060547,20.21649932861328,20.295000076293945,40432,0.0,0.0
2024-09-20 10:50:00-04:00,20.299999237060547,20.309999465942383,20.260000228881836,20.260000228881836,97794,0.0,0.0
2024-09-20 10:51:00-04:00,20.259899139404297,20.259899139404297,20.200000762939453,20.219999313354492,10573,0.0,0.0
2024-09-20 10:52:00-04:00,20.209999084472656,20.21500015258789,20.15999984741211,20.15999984741211,12692,0.0,0.0
2024-09-20 10:53:00-04:00,20.155000686645508,20.155000686645508,20.1200008392334,20.145000457763672,19033,0.0,0.0
2024-09-20 10:54:00-04:00,20.145000457763672,20.145999908447266,20.114999771118164,20.139999389648438,9293,0.0,0.0
2024-09-20 10:55:00-04:00,20.130399703979492,20.135000228881836,20.100000381469727,20.104999542236328,14114,0.0,0.0
2024-09-20 10:56:00-04:00,20.104999542236328,20.229999542236328,20.100000381469727,20.229999542236328,89464,0.0,0.0
2024-09-20 10:57:00-04:00,20.229999542236328,20.229999542236328,20.149999618530273,20.184999465942383,62467,0.0,0.0
2024-09-20 10:58:00-04:00,20.184999465942383,20.19099998474121,20.139999389648438,20.15999984741211,10346,0.0,0.0
2024-09-20 10:59:00-04:00,20.139999389648438,20.18000030517578,20.135000228881836,20.18000030517578,17093,0.0,0.0
2024-09-20 11:00:00-04:00,20.170000076293945,20.239999771118164,20.15999984741211,20.239999771118164,30760,0.0,0.0
2024-09-20 11:01:00-04:00,20.239999771118164,20.2549991607666,20.229999542236328,20.246000289916992,52645,0.0,0.0
2024-09-20 11:02:00-04:00,20.25,20.270000457763672,20.239999771118164,20.260000228881836,19082,0.0,0.0
2024-09-20 11:03:00-04:00,20.260000228881836,20.280000686645508,20.25,20.280000686645508,16735,0.0,0.0
2024-09-20 11:04:00-04:00,20.280000686645508,20.280000686645508,20.260000228881836,20.280000686645508,5858,0.0,0.0
2024-09-20 11:05:00-04:00,20.280000686645508,20.31999969482422,20.280000686645508,20.31999969482422,10689,0.0,0.0
2024-09-20 11:06:00-04:00,20.325000762939453,20.344999313354492,20.31999969482422,20.329999923706055,13402,0.0,0.0
2024-09-20 11:07:00-04:00,20.31999969482422,20.344999313354492,20.300100326538086,20.325000762939453,17969,0.0,0.0
2024-09-20 11:08:00-04:00,20.31999969482422,20.31999969482422,20.28499984741211,20.30500030517578,11568,0.0,0.0
2024-09-20 11:09:00-04:00,20.299999237060547,20.299999237060547,20.260000228881836,20.274999618530273,16107,0.0,0.0
2024-09-20 11:10:00-04:00,20.270000457763672,20.28499984741211,20.25,20.280000686645508,14097,0.0,0.0
2024-09-20 11:11:00-04:00,20.274999618530273,20.280000686645508,20.260000228881836,20.270000457763672,9238,0.0,0.0
2024-09-20 11:12:00-04:00,20.270000457763672,20.290000915527344,20.270000457763672,20.274999618530273,6063,0.0,0.0
2024-09-20 11:13:00-04:00,20.270000457763672,20.274999618530273,20.25,20.274999618530273,20157,0.0,0.0
2024-09-20 11:14:00-04:00,20.274999618530273,20.276342391967773,20.260000228881836,20.27389907836914,6403,0.0,0.0
2024-09-20 11:15:00-04:00,20.270000457763672,20.270000457763672,20.200000762939453,20.209999084472656,36288,0.0,0.0
2024-09-20 11:16:00-04:00,20.21500015258789,20.21500015258789,20.149999618530273,20.15999984741211,10410,0.0,0.0
2024-09-20 11:17:00-04:00,20.165000915527344,20.18000030517578,20.1299991607666,20.145000457763672,19904,0.0,0.0
2024-09-20 11:18:00-04:00,20.149999618530273,20.309999465942383,20.149999618530273,20.290000915527344,108272,0.0,0.0
2024-09-20 11:19:00-04:00,20.29599952697754,20.299800872802734,20.280000686645508,20.295000076293945,10724,0.0,0.0
2024-09-20 11:20:00-04:00,20.290000915527344,20.309999465942383,20.290000915527344,20.301300048828125,13711,0.0,0.0
2024-09-20 11:21:00-04:00,20.300100326538086,20.309999465942383,20.280000686645508,20.280000686645508,12200,0.0,0.0
2024-09-20 11:22:00-04:00,20.281099319458008,20.299999237060547,20.280000686645508,20.290000915527344,8831,0.0,0.0
2024-09-20 11:23:00-04:00,20.280099868774414,20.299999237060547,20.270000457763672,20.299999237060547,6200,0.0,0.0
2024-09-20 11:24:00-04:00,20.299999237060547,20.30500030517578,20.28499984741211,20.28499984741211,3164,0.0,0.0
2024-09-20 11:25:00-04:00,20.290000915527344,20.309799194335938,20.28499984741211,20.290000915527344,10268,0.0,0.0
2024-09-20 11:26:00-04:00,20.299999237060547,20.364999771118164,20.299999237060547,20.354999542236328,39059,0.0,0.0
2024-09-20 11:27:00-04:00,20.360000610351562,20.389999389648438,20.354999542236328,20.364999771118164,25718,0.0,0.0
2024-09-20 11:28:00-04:00,20.3700008392334,20.3799991607666,20.350000381469727,20.354999542236328,8177,0.0,0.0
2024-09-20 11:29:00-04:00,20.354999542236328,20.360000610351562,20.333999633789062,20.333999633789062,9387,0.0,0.0
2024-09-20 11:30:00-04:00,20.329999923706055,20.34000015258789,20.309999465942383,20.309999465942383,6886,0.0,0.0
2024-09-20 11:31:00-04:00,20.31879997253418,20.31879997253418,20.299999237060547,20.299999237060547,5074,0.0,0.0
2024-09-20 11:32:00-04:00,20.295000076293945,20.350000381469727,20.295000076293945,20.350000381469727,22371,0.0,0.0
2024-09-20 11:33:00-04:00,20.350000381469727,20.415000915527344,20.341999053955078,20.399999618530273,37449,0.0,0.0
2024-09-20 11:34:00-04:00,20.405000686645508,20.43000030517578,20.399999618530273,20.415000915527344,15678,0.0,0.0
2024-09-20 11:35:00-04:00,20.415000915527344,20.469999313354492,20.41119956970215,20.454999923706055,36501,0.0,0.0
2024-09-20 11:36:00-04:00,20.450000762939453,20.45560073852539,20.41010093688965,20.434999465942383,14677,0.0,0.0
2024-09-20 11:37:00-04:00,20.43000030517578,20.500200271606445,20.423799514770508,20.5,88521,0.0,0.0
2024-09-20 11:38:00-04:00,20.500099182128906,20.545000076293945,20.5,20.540000915527344,50399,0.0,0.0
2024-09-20 11:39:00-04:00,20.540000915527344,20.545000076293945,20.5049991607666,20.513700485229492,13156,0.0,0.0
2024-09-20 11:40:00-04:00,20.520000457763672,20.545299530029297,20.520000457763672,20.540000915527344,27504,0.0,0.0
2024-09-20 11:41:00-04:00,20.54400062561035,20.56999969482422,20.540000915527344,20.565000534057617,36089,0.0,0.0
2024-09-20 11:42:00-04:00,20.568700790405273,20.584999084472656,20.560100555419922,20.56999969482422,15027,0.0,0.0
2024-09-20 11:43:00-04:00,20.573999404907227,20.580799102783203,20.565000534057617,20.56999969482422,13357,0.0,0.0
2024-09-20 11:44:00-04:00,20.579999923706055,20.594999313354492,20.560100555419922,20.57979965209961,21226,0.0,0.0
2024-09-20 11:45:00-04:00,20.56999969482422,20.56999969482422,20.530099868774414,20.549999237060547,14774,0.0,0.0
2024-09-20 11:46:00-04:00,20.55500030517578,20.56999969482422,20.54170036315918,20.559900283813477,10783,0.0,0.0
2024-09-20 11:47:00-04:00,20.549999237060547,20.579999923706055,20.545000076293945,20.56999969482422,9308,0.0,0.0
2024-09-20 11:48:00-04:00,20.559999465942383,20.565000534057617,20.550100326538086,20.565000534057617,4101,0.0,0.0
2024-09-20 11:49:00-04:00,20.559999465942383,20.594999313354492,20.540000915527344,20.56999969482422,19710,0.0,0.0
2024-09-20 11:50:00-04:00,20.565000534057617,20.565000534057617,20.521099090576172,20.521099090576172,14244,0.0,0.0
2024-09-20 11:51:00-04:00,20.530000686645508,20.549999237060547,20.530000686645508,20.530000686645508,7891,0.0,0.0
2024-09-20 11:52:00-04:00,20.524999618530273,20.527999877929688,20.5,20.520000457763672,43905,0.0,0.0
2024-09-20 11:53:00-04:00,20.520000457763672,20.545000076293945,20.520000457763672,20.54010009765625,6877,0.0,0.0
2024-09-20 11:54:00-04:00,20.545000076293945,20.565000534057617,20.520000457763672,20.520000457763672,9550,0.0,0.0
2024-09-20 11:55:00-04:00,20.530000686645508,20.56999969482422,20.530000686645508,20.56999969482422,14718,0.0,0.0
2024-09-20 11:56:00-04:00,20.579999923706055,20.579999923706055,20.520000457763672,20.549999237060547,21655,0.0,0.0
2024-09-20 11:57:00-04:00,20.55500030517578,20.565000534057617,20.5310001373291,20.565000534057617,4502,0.0,0.0
2024-09-20 11:58:00-04:00,20.565000534057617,20.569900512695312,20.559999465942383,20.565000534057617,4236,0.0,0.0
2024-09-20 11:59:00-04:00,20.559999465942383,20.575000762939453,20.554000854492188,20.559999465942383,21407,0.0,0.0
2024-09-20 12:00:00-04:00,20.565000534057617,20.565000534057617,20.489999771118164,20.4950008392334,13842,0.0,0.0
2024-09-20 12:01:00-04:00,20.499799728393555,20.5,20.489999771118164,20.4950008392334,5747,0.0,0.0
2024-09-20 12:02:00-04:00,20.489999771118164,20.489999771118164,20.459999084472656,20.459999084472656,12635,0.0,0.0
2024-09-20 12:03:00-04:00,20.46500015258789,20.479999542236328,20.450000762939453,20.479999542236328,10565,0.0,0.0
2024-09-20 12:04:00-04:00,20.485000610351562,20.4950008392334,20.475000381469727,20.4950008392334,7371,0.0,0.0
2024-09-20 12:05:00-04:00,20.5,20.520000457763672,20.4950008392334,20.5,5016,0.0,0.0
2024-09-20 12:06:00-04:00,20.500200271606445,20.500200271606445,20.489999771118164,20.4950008392334,5916,0.0,0.0
2024-09-20 12:07:00-04:00,20.489999771118164,20.4950008392334,20.459999084472656,20.4950008392334,10305,0.0,0.0
2024-09-20 12:08:00-04:00,20.489999771118164,20.530000686645508,20.489999771118164,20.530000686645508,19499,0.0,0.0
2024-09-20 12:09:00-04:00,20.540000915527344,20.545000076293945,20.524999618530273,20.530000686645508,9032,0.0,0.0
2024-09-20 12:10:00-04:00,20.520000457763672,20.520000457763672,20.479999542236328,20.4950008392334,10402,0.0,0.0
2024-09-20 12:11:00-04:00,20.489999771118164,20.56999969482422,20.469999313354492,20.56999969482422,59193,0.0,0.0
2024-09-20 12:12:00-04:00,20.56999969482422,20.6200008392334,20.56999969482422,20.6200008392334,67703,0.0,0.0
2024-09-20 12:13:00-04:00,20.625,20.649999618530273,20.56999969482422,20.56999969482422,57652,0.0,0.0
2024-09-20 12:14:00-04:00,20.575000762939453,20.600000381469727,20.530000686645508,20.600000381469727,21064,0.0,0.0
2024-09-20 12:15:00-04:00,20.594999313354492,20.649999618530273,20.59000015258789,20.649999618530273,59321,0.0,0.0
2024-09-20 12:16:00-04:00,20.649999618530273,20.655000686645508,20.579999923706055,20.59000015258789,88866,0.0,0.0
2024-09-20 12:17:00-04:00,20.599899291992188,20.604999542236328,20.56999969482422,20.56999969482422,9639,0.0,0.0
2024-09-20 12:18:00-04:00,20.571199417114258,20.589799880981445,20.540000915527344,20.549999237060547,10611,0.0,0.0
2024-09-20 12:19:00-04:00,20.55500030517578,20.55500030517578,20.510000228881836,20.540000915527344,20680,0.0,0.0
2024-09-20 12:20:00-04:00,20.534000396728516,20.584999084472656,20.511999130249023,20.584999084472656,19517,0.0,0.0
2024-09-20 12:21:00-04:00,20.584999084472656,20.719999313354492,20.584999084472656,20.6200008392334,135989,0.0,0.0
2024-09-20 12:22:00-04:00,20.614999771118164,20.65999984741211,20.61400032043457,20.649999618530273,19343,0.0,0.0
2024-09-20 12:23:00-04:00,20.649999618530273,20.684999465942383,20.645000457763672,20.670000076293945,19887,0.0,0.0
2024-09-20 12:24:00-04:00,20.670000076293945,20.7450008392334,20.670000076293945,20.711000442504883,20998,0.0,0.0
2024-09-20 12:25:00-04:00,20.719999313354492,20.735000610351562,20.71500015258789,20.725000381469727,25399,0.0,0.0
2024-09-20 12:26:00-04:00,20.725000381469727,20.760000228881836,20.690000534057617,20.690000534057617,26312,0.0,0.0
2024-09-20 12:27:00-04:00,20.69499969482422,20.69499969482422,20.65999984741211,20.665000915527344,9736,0.0,0.0
2024-09-20 12:28:00-04:00,20.670000076293945,20.670000076293945,20.6289005279541,20.649900436401367,8744,0.0,0.0
2024-09-20 12:29:00-04:00,20.640499114990234,20.645000457763672,20.604999542236328,20.604999542236328,13645,0.0,0.0
2024-09-20 12:30:00-04:00,20.600000381469727,20.610000610351562,20.579999923706055,20.600000381469727,11050,0.0,0.0
2024-09-20 12:31:00-04:00,20.604999542236328,20.610000610351562,20.583999633789062,20.59000015258789,16735,0.0,0.0
2024-09-20 12:32:00-04:00,20.604999542236328,20.634000778198242,20.604999542236328,20.625,5242,0.0,0.0
2024-09-20 12:33:00-04:00,20.625,20.635000228881836,20.594999313354492,20.594999313354492,25531,0.0,0.0
2024-09-20 12:34:00-04:00,20.59000015258789,20.614999771118164,20.584999084472656,20.614999771118164,22600,0.0,0.0
2024-09-20 12:35:00-04:00,20.6200008392334,20.645000457763672,20.599899291992188,20.610000610351562,17597,0.0,0.0
2024-09-20 12:36:00-04:00,20.604000091552734,20.6299991607666,20.579999923706055,20.584999084472656,22915,0.0,0.0
2024-09-20 12:37:00-04:00,20.584999084472656,20.594999313354492,20.540000915527344,20.540000915527344,13381,0.0,0.0
2024-09-20 12:38:00-04:00,20.545000076293945,20.549999237060547,20.5049991607666,20.5049991607666,27824,0.0,0.0
2024-09-20 12:39:00-04:00,20.5,20.53499984741211,20.489999771118164,20.520000457763672,9644,0.0,0.0
2024-09-20 12:40:00-04:00,20.5398006439209,20.55500030517578,20.530000686645508,20.540000915527344,7089,0.0,0.0
2024-09-20 12:41:00-04:00,20.549800872802734,20.559999465942383,20.54199981689453,20.549999237060547,13959,0.0,0.0
2024-09-20 12:42:00-04:00,20.549999237060547,20.610000610351562,20.540000915527344,20.56999969482422,34352,0.0,0.0
2024-09-20 12:43:00-04:00,20.549999237060547,20.600000381469727,20.524999618530273,20.52989959716797,19622,0.0,0.0
2024-09-20 12:44:00-04:00,20.52869987487793,20.549999237060547,20.5,20.503999710083008,16217,0.0,0.0
2024-09-20 12:45:00-04:00,20.520000457763672,20.540000915527344,20.514999389648438,20.53499984741211,11292,0.0,0.0
2024-09-20 12:46:00-04:00,20.530000686645508,20.540000915527344,20.50830078125,20.52989959716797,11038,0.0,0.0
2024-09-20 12:47:00-04:00,20.528799057006836,20.59000015258789,20.528799057006836,20.579999923706055,18514,0.0,0.0
2024-09-20 12:48:00-04:00,20.56999969482422,20.649999618530273,20.56999969482422,20.6200008392334,97516,0.0,0.0
2024-09-20 12:49:00-04:00,20.625,20.625,20.59000015258789,20.59000015258789,4834,0.0,0.0
2024-09-20 12:50:00-04:00,20.59630012512207,20.59630012512207,20.530000686645508,20.530000686645508,62888,0.0,0.0
2024-09-20 12:51:00-04:00,20.530000686645508,20.579999923706055,20.530000686645508,20.559999465942383,7998,0.0,0.0
2024-09-20 12:52:00-04:00,20.549999237060547,20.56800079345703,20.549999237060547,20.565000534057617,3375,0.0,0.0
2024-09-20 12:53:00-04:00,20.559999465942383,20.56999969482422,20.514999389648438,20.514999389648438,8585,0.0,0.0
2024-09-20 12:54:00-04:00,20.510000228881836,20.510000228881836,20.479999542236328,20.480499267578125,7630,0.0,0.0
2024-09-20 12:55:00-04:00,20.479999542236328,20.4950008392334,20.450000762939453,20.4950008392334,8602,0.0,0.0
2024-09-20 12:56:00-04:00,20.49209976196289,20.4950008392334,20.459999084472656,20.469999313354492,8728,0.0,0.0
2024-09-20 12:57:00-04:00,20.459999084472656,20.475000381469727,20.459999084472656,20.469999313354492,9676,0.0,0.0
2024-09-20 12:58:00-04:00,20.459999084472656,20.459999084472656,20.40999984741211,20.420000076293945,9733,0.0,0.0
2024-09-20 12:59:00-04:00,20.415000915527344,20.424999237060547,20.40999984741211,20.40999984741211,6366,0.0,0.0
2024-09-20 13:00:00-04:00,20.40999984741211,20.429899215698242,20.399999618530273,20.429899215698242,33951,0.0,0.0
2024-09-20 13:01:00-04:00,20.420000076293945,20.42919921875,20.420000076293945,20.420000076293945,8808,0.0,0.0
2024-09-20 13:02:00-04:00,20.420000076293945,20.420000076293945,20.360000610351562,20.3700008392334,9280,0.0,0.0
2024-09-20 13:03:00-04:00,20.350000381469727,20.375,20.350000381469727,20.375,3288,0.0,0.0
2024-09-20 13:04:00-04:00,20.360000610351562,20.364999771118164,20.31999969482422,20.31999969482422,5412,0.0,0.0
2024-09-20 13:05:00-04:00,20.31999969482422,20.329999923706055,20.30109977722168,20.329999923706055,20929,0.0,0.0
2024-09-20 13:06:00-04:00,20.325000762939453,20.350000381469727,20.32110023498535,20.34000015258789,5699,0.0,0.0
2024-09-20 13:07:00-04:00,20.334999084472656,20.389999389648438,20.334999084472656,20.3799991607666,14546,0.0,0.0
2024-09-20 13:08:00-04:00,20.3799991607666,20.38990020751953,20.3700008392334,20.3700008392334,18605,0.0,0.0
2024-09-20 13:09:00-04:00,20.350000381469727,20.360000610351562,20.334999084472656,20.34000015258789,12077,0.0,0.0
2024-09-20 13:10:00-04:00,20.334999084472656,20.359899520874023,20.334999084472656,20.350000381469727,7963,0.0,0.0
2024-09-20 13:11:00-04:00,20.354999542236328,20.399999618530273,20.34000015258789,20.385000228881836,55076,0.0,0.0
2024-09-20 13:12:00-04:00,20.389999389648438,20.389999389648438,20.3799991607666,20.385000228881836,6555,0.0,0.0
2024-09-20 13:13:00-04:00,20.3799991607666,20.38949966430664,20.360000610351562,20.3700008392334,4585,0.0,0.0
2024-09-20 13:14:00-04:00,20.3799991607666,20.395000457763672,20.375,20.389999389648438,27158,0.0,0.0
2024-09-20 13:15:00-04:00,20.38610076904297,20.405000686645508,20.38610076904297,20.38949966430664,2163,0.0,0.0
2024-09-20 13:16:00-04:00,20.389999389648438,20.389999389648438,20.385700225830078,20.389999389648438,4907,0.0,0.0
2024-09-20 13:17:00-04:00,20.385000228881836,20.399999618530273,20.385000228881836,20.399999618530273,3426,0.0,0.0
2024-09-20 13:18:00-04:00,20.40999984741211,20.420000076293945,20.40130043029785,20.405000686645508,4794,0.0,0.0
2024-09-20 13:19:00-04:00,20.405000686645508,20.415000915527344,20.389999389648438,20.389999389648438,3608,0.0,0.0
2024-09-20 13:20:00-04:00,20.395000457763672,20.420000076293945,20.395000457763672,20.41990089416504,14281,0.0,0.0
2024-09-20 13:21:00-04:00,20.40999984741211,20.40999984741211,20.364999771118164,20.3700008392334,9742,0.0,0.0
2024-09-20 13:22:00-04:00,20.375,20.375,20.364999771118164,20.3700008392334,3773,0.0,0.0
2024-09-20 13:23:00-04:00,20.36989974975586,20.370100021362305,20.360000610351562,20.3700008392334,8491,0.0,0.0
2024-09-20 13:24:00-04:00,20.3700008392334,20.3700008392334,20.36009979248047,20.3700008392334,3864,0.0,0.0
2024-09-20 13:25:00-04:00,20.3700008392334,20.395000457763672,20.360000610351562,20.395000457763672,3835,0.0,0.0
2024-09-20 13:26:00-04:00,20.389999389648438,20.395000457763672,20.3799991607666,20.389999389648438,10797,0.0,0.0
2024-09-20 13:27:00-04:00,20.389999389648438,20.389999389648438,20.354999542236328,20.360000610351562,3988,0.0,0.0
2024-09-20 13:28:00-04:00,20.3700008392334,20.385000228881836,20.3700008392334,20.385000228881836,3322,0.0,0.0
2024-09-20 13:29:00-04:00,20.385000228881836,20.385000228881836,20.3700008392334,20.370100021362305,3931,0.0,0.0
2024-09-20 13:30:00-04:00,20.373199462890625,20.389999389648438,20.3700008392334,20.375,5077,0.0,0.0
2024-09-20 13:31:00-04:00,20.375,20.395000457763672,20.375,20.385000228881836,3331,0.0,0.0
2024-09-20 13:32:00-04:00,20.389999389648438,20.420000076293945,20.389999389648438,20.41390037536621,4818,0.0,0.0
2024-09-20 13:33:00-04:00,20.40999984741211,20.6299991607666,20.399999618530273,20.549999237060547,242767,0.0,0.0
2024-09-20 13:34:00-04:00,20.545000076293945,20.549999237060547,20.510000228881836,20.510000228881836,8563,0.0,0.0
2024-09-20 13:35:00-04:00,20.510000228881836,20.690000534057617,20.510000228881836,20.674999237060547,138387,0.0,0.0
2024-09-20 13:36:00-04:00,20.674999237060547,20.674999237060547,20.590700149536133,20.590700149536133,24702,0.0,0.0
2024-09-20 13:37:00-04:00,20.600099563598633,20.625,20.59000015258789,20.59000015258789,21003,0.0,0.0
2024-09-20 13:38:00-04:00,20.579999923706055,20.65999984741211,20.579999923706055,20.6200008392334,28636,0.0,0.0
2024-09-20 13:39:00-04:00,20.6200008392334,20.625,20.56999969482422,20.594999313354492,7813,0.0,0.0
2024-09-20 13:40:00-04:00,20.594999313354492,20.635000228881836,20.594999313354492,20.6299991607666,7993,0.0,0.0
2024-09-20 13:41:00-04:00,20.62380027770996,20.639999389648438,20.600000381469727,20.6299991607666,9142,0.0,0.0
2024-09-20 13:42:00-04:00,20.6299991607666,20.639999389648438,20.610000610351562,20.610000610351562,18118,0.0,0.0
2024-09-20 13:43:00-04:00,20.614999771118164,20.65999984741211,20.600000381469727,20.65999984741211,15962,0.0,0.0
2024-09-20 13:44:00-04:00,20.670000076293945,20.799999237060547,20.639999389648438,20.770000457763672,199678,0.0,0.0
2024-09-20 13:45:00-04:00,20.77400016784668,20.77400016784668,20.700000762939453,20.700000762939453,31904,0.0,0.0
2024-09-20 13:46:00-04:00,20.700000762939453,20.7450008392334,20.682100296020508,20.7450008392334,17203,0.0,0.0
2024-09-20 13:47:00-04:00,20.7450008392334,20.82990074157715,20.735000610351562,20.790000915527344,73712,0.0,0.0
2024-09-20 13:48:00-04:00,20.762699127197266,20.780000686645508,20.739900588989258,20.770000457763672,39546,0.0,0.0
2024-09-20 13:49:00-04:00,20.760000228881836,20.760000228881836,20.709999084472656,20.731000900268555,17369,0.0,0.0
2024-09-20 13:50:00-04:00,20.729999542236328,20.739999771118164,20.700000762939453,20.711999893188477,14669,0.0,0.0
2024-09-20 13:51:00-04:00,20.71109962463379,20.71109962463379,20.670000076293945,20.69499969482422,8754,0.0,0.0
2024-09-20 13:52:00-04:00,20.700000762939453,20.780000686645508,20.700000762939453,20.76569938659668,36193,0.0,0.0
2024-09-20 13:53:00-04:00,20.760000228881836,20.764999389648438,20.729999542236328,20.729999542236328,104599,0.0,0.0
2024-09-20 13:54:00-04:00,20.729999542236328,20.75,20.719999313354492,20.729999542236328,22343,0.0,0.0
2024-09-20 13:55:00-04:00,20.735000610351562,20.829999923706055,20.729999542236328,20.819900512695312,110247,0.0,0.0
2024-09-20 13:56:00-04:00,20.81999969482422,20.844999313354492,20.809999465942383,20.829999923706055,27903,0.0,0.0
2024-09-20 13:57:00-04:00,20.829999923706055,20.84000015258789,20.810300827026367,20.829999923706055,20759,0.0,0.0
2024-09-20 13:58:00-04:00,20.834999084472656,20.844999313354492,20.799999237060547,20.829999923706055,38535,0.0,0.0
2024-09-20 13:59:00-04:00,20.829999923706055,20.844999313354492,20.809999465942383,20.844999313354492,8377,0.0,0.0
2024-09-20 14:00:00-04:00,20.844999313354492,20.889999389648438,20.827999114990234,20.850000381469727,96528,0.0,0.0
2024-09-20 14:01:00-04:00,20.850000381469727,20.8799991607666,20.81999969482422,20.871200561523438,36818,0.0,0.0
2024-09-20 14:02:00-04:00,20.8700008392334,20.875,20.860000610351562,20.860000610351562,12708,0.0,0.0
2024-09-20 14:03:00-04:00,20.860000610351562,20.915000915527344,20.809999465942383,20.81100082397461,79729,0.0,0.0
2024-09-20 14:04:00-04:00,20.809999465942383,20.84000015258789,20.809999465942383,20.84000015258789,22601,0.0,0.0
2024-09-20 14:05:00-04:00,20.844999313354492,20.940000534057617,20.844999313354492,20.940000534057617,117903,0.0,0.0
2024-09-20 14:06:00-04:00,20.940000534057617,20.955699920654297,20.920000076293945,20.924999237060547,52226,0.0,0.0
2024-09-20 14:07:00-04:00,20.924999237060547,20.969999313354492,20.924999237060547,20.951200485229492,22231,0.0,0.0
2024-09-20 14:08:00-04:00,20.95400047302246,20.96500015258789,20.940000534057617,20.954099655151367,28789,0.0,0.0
2024-09-20 14:09:00-04:00,20.959999084472656,20.975000381469727,20.950000762939453,20.960100173950195,17838,0.0,0.0
2024-09-20 14:10:00-04:00,20.964000701904297,20.989999771118164,20.959999084472656,20.96500015258789,53752,0.0,0.0
2024-09-20 14:11:00-04:00,20.959999084472656,21.010000228881836,20.954999923706055,20.999799728393555,181722,0.0,0.0
2024-09-20 14:12:00-04:00,20.998899459838867,21.079999923706055,20.9950008392334,21.07990074157715,115097,0.0,0.0
2024-09-20 14:13:00-04:00,21.075000762939453,21.110000610351562,21.059999465942383,21.100000381469727,62129,0.0,0.0
2024-09-20 14:14:00-04:00,21.100000381469727,21.1200008392334,21.09000015258789,21.100000381469727,54424,0.0,0.0
2024-09-20 14:15:00-04:00,21.090099334716797,21.1200008392334,21.09000015258789,21.104999542236328,42577,0.0,0.0
2024-09-20 14:16:00-04:00,21.104999542236328,21.18000030517578,21.101200103759766,21.172100067138672,59990,0.0,0.0
2024-09-20 14:17:00-04:00,21.174999237060547,21.18000030517578,21.09000015258789,21.110000610351562,88320,0.0,0.0
2024-09-20 14:18:00-04:00,21.11009979248047,21.15999984741211,21.110000610351562,21.15130043029785,29258,0.0,0.0
2024-09-20 14:19:00-04:00,21.15999984741211,21.18000030517578,21.1299991607666,21.1299991607666,39206,0.0,0.0
2024-09-20 14:20:00-04:00,21.135000228881836,21.170000076293945,21.100000381469727,21.145000457763672,58531,0.0,0.0
2024-09-20 14:21:00-04:00,21.145000457763672,21.145000457763672,21.104999542236328,21.1299991607666,18185,0.0,0.0
2024-09-20 14:22:00-04:00,21.125,21.139999389648438,21.100000381469727,21.117900848388672,40703,0.0,0.0
2024-09-20 14:23:00-04:00,21.114999771118164,21.149900436401367,21.110000610351562,21.139999389648438,17021,0.0,0.0
2024-09-20 14:24:00-04:00,21.149999618530273,21.149999618530273,21.104999542236328,21.104999542236328,33257,0.0,0.0
2024-09-20 14:25:00-04:00,21.110000610351562,21.138900756835938,21.076099395751953,21.07990074157715,41054,0.0,0.0
2024-09-20 14:26:00-04:00,21.079999923706055,21.114999771118164,21.049999237060547,21.06999969482422,36783,0.0,0.0
2024-09-20 14:27:00-04:00,21.06999969482422,21.075000762939453,21.030000686645508,21.049999237060547,26757,0.0,0.0
2024-09-20 14:28:00-04:00,21.045000076293945,21.04599952697754,20.900299072265625,20.909900665283203,144418,0.0,0.0
2024-09-20 14:29:00-04:00,20.909900665283203,20.920000076293945,20.805700302124023,20.844999313354492,181431,0.0,0.0
2024-09-20 14:30:00-04:00,20.83209991455078,20.889999389648438,20.810100555419922,20.88990020751953,27682,0.0,0.0
2024-09-20 14:31:00-04:00,20.8799991607666,20.889999389648438,20.799999237060547,20.815000534057617,111411,0.0,0.0
2024-09-20 14:32:00-04:00,20.809999465942383,20.850000381469727,20.729999542236328,20.770000457763672,85281,0.0,0.0
2024-09-20 14:33:00-04:00,20.764999389648438,20.764999389648438,20.709999084472656,20.71969985961914,57307,0.0,0.0
2024-09-20 14:34:00-04:00,20.709999084472656,20.719999313354492,20.6299991607666,20.635000228881836,52688,0.0,0.0
2024-09-20 14:35:00-04:00,20.639999389648438,20.709800720214844,20.639999389648438,20.690000534057617,41654,0.0,0.0
2024-09-20 14:36:00-04:00,20.700000762939453,20.728500366210938,20.670000076293945,20.728500366210938,31592,0.0,0.0
2024-09-20 14:37:00-04:00,20.722999572753906,20.770000457763672,20.709999084472656,20.725299835205078,23950,0.0,0.0
2024-09-20 14:38:00-04:00,20.72209930419922,20.75,20.719999313354492,20.7450008392334,16141,0.0,0.0
2024-09-20 14:39:00-04:00,20.7450008392334,20.790000915527344,20.7450008392334,20.764999389648438,20710,0.0,0.0
2024-09-20 14:40:00-04:00,20.764999389648438,20.790000915527344,20.729999542236328,20.790000915527344,60724,0.0,0.0
2024-09-20 14:41:00-04:00,20.790000915527344,20.790000915527344,20.75,20.75,86454,0.0,0.0
2024-09-20 14:42:00-04:00,20.7549991607666,20.850000381469727,20.704999923706055,20.780000686645508,272042,0.0,0.0
2024-09-20 14:43:00-04:00,20.774999618530273,20.860000610351562,20.760000228881836,20.844999313354492,122324,0.0,0.0
2024-09-20 14:44:00-04:00,20.8439998626709,20.8799991607666,20.84000015258789,20.8700008392334,59611,0.0,0.0
2024-09-20 14:45:00-04:00,20.8799991607666,20.885000228881836,20.850000381469727,20.864999771118164,27031,0.0,0.0
2024-09-20 14:46:00-04:00,20.8700008392334,20.93000030517578,20.850500106811523,20.915000915527344,42939,0.0,0.0
2024-09-20 14:47:00-04:00,20.920000076293945,20.959999084472656,20.90999984741211,20.921499252319336,49231,0.0,0.0
2024-09-20 14:48:00-04:00,20.928199768066406,20.940000534057617,20.90999984741211,20.934999465942383,21252,0.0,0.0
2024-09-20 14:49:00-04:00,20.940000534057617,20.979999542236328,20.8700008392334,20.889999389648438,54462,0.0,0.0
2024-09-20 14:50:00-04:00,20.889999389648438,20.899999618530273,20.870100021362305,20.875,17657,0.0,0.0
2024-09-20 14:51:00-04:00,20.875,20.93199920654297,20.84000015258789,20.93199920654297,32350,0.0,0.0
2024-09-20 14:52:00-04:00,20.93000030517578,20.969999313354492,20.90999984741211,20.920000076293945,66495,0.0,0.0
2024-09-20 14:53:00-04:00,20.920000076293945,20.969999313354492,20.920000076293945,20.950000762939453,96254,0.0,0.0
2024-09-20 14:54:00-04:00,20.959999084472656,20.979999542236328,20.950000762939453,20.959999084472656,17124,0.0,0.0
2024-09-20 14:55:00-04:00,20.959999084472656,20.969999313354492,20.93000030517578,20.969999313354492,20451,0.0,0.0
2024-09-20 14:56:00-04:00,20.969999313354492,20.979900360107422,20.93000030517578,20.969999313354492,21246,0.0,0.0
2024-09-20 14:57:00-04:00,20.979900360107422,20.979900360107422,20.920000076293945,20.93000030517578,24988,0.0,0.0
2024-09-20 14:58:00-04:00,20.93000030517578,20.9325008392334,20.899999618530273,20.93000030517578,21444,0.0,0.0
2024-09-20 14:59:00-04:00,20.920000076293945,20.929899215698242,20.889999389648438,20.920000076293945,15010,0.0,0.0
2024-09-20 15:00:00-04:00,20.915000915527344,20.915000915527344,20.850000381469727,20.86910057067871,12632,0.0,0.0
2024-09-20 15:01:00-04:00,20.860000610351562,20.899999618530273,20.860000610351562,20.895000457763672,16430,0.0,0.0
2024-09-20 15:02:00-04:00,20.895000457763672,20.950000762939453,20.895000457763672,20.940000534057617,16302,0.0,0.0
2024-09-20 15:03:00-04:00,20.959999084472656,21.0049991607666,20.93000030517578,20.949499130249023,57961,0.0,0.0
2024-09-20 15:04:00-04:00,20.93000030517578,20.940000534057617,20.924999237060547,20.940000534057617,14832,0.0,0.0
2024-09-20 15:05:00-04:00,20.940000534057617,20.940000534057617,20.910999298095703,20.920000076293945,15129,0.0,0.0
2024-09-20 15:06:00-04:00,20.920000076293945,20.940000534057617,20.90999984741211,20.90999984741211,8647,0.0,0.0
2024-09-20 15:07:00-04:00,20.915000915527344,20.915000915527344,20.892000198364258,20.90999984741211,21570,0.0,0.0
2024-09-20 15:08:00-04:00,20.905000686645508,20.96500015258789,20.905000686645508,20.924999237060547,35737,0.0,0.0
2024-09-20 15:09:00-04:00,20.93000030517578,20.940000534057617,20.90999984741211,20.920000076293945,16601,0.0,0.0
2024-09-20 15:10:00-04:00,20.920000076293945,20.950000762939453,20.889999389648438,20.93000030517578,39590,0.0,0.0
2024-09-20 15:11:00-04:00,20.93000030517578,20.93000030517578,20.900100708007812,20.90999984741211,10772,0.0,0.0
2024-09-20 15:12:00-04:00,20.90999984741211,20.90999984741211,20.844999313354492,20.860000610351562,42450,0.0,0.0
2024-09-20 15:13:00-04:00,20.850000381469727,20.889999389648438,20.829999923706055,20.860000610351562,24093,0.0,0.0
2024-09-20 15:14:00-04:00,20.860000610351562,20.86989974975586,20.850000381469727,20.864999771118164,17123,0.0,0.0
2024-09-20 15:15:00-04:00,20.860000610351562,20.889999389648438,20.825000762939453,20.829999923706055,36460,0.0,0.0
2024-09-20 15:16:00-04:00,20.829999923706055,20.875,20.80500030517578,20.8700008392334,44854,0.0,0.0
2024-09-20 15:17:00-04:00,20.875,20.875,20.81999969482422,20.864999771118164,15416,0.0,0.0
2024-09-20 15:18:00-04:00,20.860000610351562,20.899999618530273,20.860000610351562,20.895000457763672,17738,0.0,0.0
2024-09-20 15:19:00-04:00,20.895000457763672,20.94499969482422,20.869400024414062,20.940000534057617,47766,0.0,0.0
2024-09-20 15:20:00-04:00,20.94499969482422,21.0049991607666,20.940000534057617,21.0049991607666,68126,0.0,0.0
2024-09-20 15:21:00-04:00,21.0049991607666,21.040000915527344,21.0,21.029300689697266,45125,0.0,0.0
2024-09-20 15:22:00-04:00,21.024999618530273,21.049999237060547,21.0049991607666,21.030000686645508,29421,0.0,0.0
2024-09-20 15:23:00-04:00,21.030000686645508,21.03499984741211,20.989999771118164,20.989999771118164,17708,0.0,0.0
2024-09-20 15:24:00-04:00,20.970800399780273,20.979999542236328,20.954999923706055,20.975000381469727,14674,0.0,0.0
2024-09-20 15:25:00-04:00,20.979999542236328,21.0,20.975000381469727,20.989999771118164,29432,0.0,0.0
2024-09-20 15:26:00-04:00,20.989999771118164,21.0,20.97410011291504,20.975000381469727,19392,0.0,0.0
2024-09-20 15:27:00-04:00,20.979999542236328,21.00979995727539,20.974000930786133,21.0049991607666,19055,0.0,0.0
2024-09-20 15:28:00-04:00,21.0049991607666,21.039199829101562,20.989999771118164,21.03499984741211,19623,0.0,0.0
2024-09-20 15:29:00-04:00,21.03499984741211,21.040000915527344,20.9950008392334,21.0049991607666,29119,0.0,0.0
2024-09-20 15:30:00-04:00,21.0,21.0049991607666,20.934999465942383,20.934999465942383,41254,0.0,0.0
2024-09-20 15:31:00-04:00,20.934999465942383,20.969999313354492,20.90999984741211,20.934999465942383,42918,0.0,0.0
2024-09-20 15:32:00-04:00,20.93000030517578,20.939899444580078,20.915000915527344,20.924999237060547,20828,0.0,0.0
2024-09-20 15:33:00-04:00,20.924999237060547,20.959999084472656,20.924999237060547,20.950000762939453,39282,0.0,0.0
2024-09-20 15:34:00-04:00,20.950000762939453,20.979999542236328,20.950000762939453,20.975000381469727,18971,0.0,0.0
2024-09-20 15:35:00-04:00,20.969999313354492,21.014999389648438,20.969999313354492,21.010000228881836,43194,0.0,0.0
2024-09-20 15:36:00-04:00,21.010000228881836,21.014999389648438,20.979999542236328,20.985000610351562,13715,0.0,0.0
2024-09-20 15:37:00-04:00,20.979999542236328,20.9950008392334,20.959999084472656,20.9950008392334,20874,0.0,0.0
2024-09-20 15:38:00-04:00,20.999900817871094,21.0,20.959999084472656,20.985000610351562,53243,0.0,0.0
2024-09-20 15:39:00-04:00,20.985000610351562,21.0049991607666,20.969999313354492,20.974000930786133,37145,0.0,0.0
2024-09-20 15:40:00-04:00,20.975000381469727,20.9950008392334,20.959999084472656,20.9950008392334,37643,0.0,0.0
2024-09-20 15:41:00-04:00,20.989999771118164,21.040000915527344,20.989999771118164,21.03019905090332,52182,0.0,0.0
2024-09-20 15:42:00-04:00,21.032987594604492,21.05500030517578,21.024999618530273,21.03499984741211,61520,0.0,0.0
2024-09-20 15:43:00-04:00,21.03499984741211,21.040000915527344,21.010000228881836,21.014999389648438,57919,0.0,0.0
2024-09-20 15:44:00-04:00,21.010000228881836,21.010000228881836,20.959999084472656,20.9950008392334,75239,0.0,0.0
2024-09-20 15:45:00-04:00,20.9950008392334,21.020000457763672,20.979999542236328,20.985000610351562,32593,0.0,0.0
2024-09-20 15:46:00-04:00,20.985000610351562,20.989999771118164,20.950000762939453,20.95699691772461,31126,0.0,0.0
2024-09-20 15:47:00-04:00,20.959999084472656,20.96500015258789,20.940000534057617,20.950000762939453,32206,0.0,0.0
2024-09-20 15:48:00-04:00,20.954999923706055,20.979999542236328,20.940000534057617,20.94499969482422,67544,0.0,0.0
2024-09-20 15:49:00-04:00,20.94499969482422,20.959999084472656,20.899999618530273,20.90999984741211,77898,0.0,0.0
2024-09-20 15:50:00-04:00,20.920000076293945,20.93000030517578,20.8700008392334,20.90999984741211,87633,0.0,0.0
2024-09-20 15:51:00-04:00,20.90999984741211,20.950000762939453,20.90999984741211,20.929000854492188,37097,0.0,0.0
2024-09-20 15:52:00-04:00,20.93000030517578,20.940000534057617,20.90999984741211,20.924999237060547,53984,0.0,0.0
2024-09-20 15:53:00-04:00,20.924999237060547,20.979999542236328,20.915000915527344,20.950000762939453,82836,0.0,0.0
2024-09-20 15:54:00-04:00,20.94499969482422,21.040000915527344,20.94499969482422,21.01930046081543,115196,0.0,0.0
2024-09-20 15:55:00-04:00,21.014999389648438,21.024999618530273,20.969999313354492,20.969999313354492,119634,0.0,0.0
2024-09-20 15:56:00-04:00,20.979999542236328,20.989999771118164,20.94499969482422,20.954999923706055,164535,0.0,0.0
2024-09-20 15:57:00-04:00,20.954999923706055,21.0,20.940000534057617,20.950000762939453,302493,0.0,0.0
2024-09-20 15:58:00-04:00,20.950000762939453,20.989999771118164,20.889999389648438,20.905000686645508,328975,0.0,0.0
2024-09-20 15:59:00-04:00,20.905000686645508,20.90999984741211,20.790000915527344,20.799999237060547,395277,0.0,0.0
