Datetime,Open,High,Low,Close,Volume,Dividends,Stock Splits
2025-02-21 09:00:00+08:00,34.95000076293945,34.95000076293945,34.900001525878906,34.900001525878906,0,0.0,0.0
2025-02-21 09:01:00+08:00,34.900001525878906,35.04999923706055,34.900001525878906,34.95000076293945,54000,0.0,0.0
2025-02-21 09:02:00+08:00,34.95000076293945,34.95000076293945,34.900001525878906,34.95000076293945,35000,0.0,0.0
2025-02-21 09:03:00+08:00,34.95000076293945,34.95000076293945,34.95000076293945,34.95000076293945,22000,0.0,0.0
2025-02-21 09:04:00+08:00,34.95000076293945,35.0,34.95000076293945,35.0,7000,0.0,0.0
2025-02-21 09:05:00+08:00,35.0,35.20000076293945,35.0,35.20000076293945,223000,0.0,0.0
2025-02-21 09:06:00+08:00,35.20000076293945,35.29999923706055,35.099998474121094,35.099998474121094,181000,0.0,0.0
2025-02-21 09:07:00+08:00,35.04999923706055,35.099998474121094,35.0,35.0,21000,0.0,0.0
2025-02-21 09:08:00+08:00,34.95000076293945,34.95000076293945,34.95000076293945,34.95000076293945,5000,0.0,0.0
2025-02-21 09:09:00+08:00,34.95000076293945,34.95000076293945,34.95000076293945,34.95000076293945,3002,0.0,0.0
2025-02-21 09:10:00+08:00,35.0,35.0,35.0,35.0,10000,0.0,0.0
2025-02-21 09:11:00+08:00,35.0,35.0,35.0,35.0,10000,0.0,0.0
2025-02-21 09:12:00+08:00,35.0,35.0,35.0,35.0,10000,0.0,0.0
2025-02-21 09:13:00+08:00,35.0,35.0,35.0,35.0,5000,0.0,0.0
2025-02-21 09:14:00+08:00,35.0,35.0,35.0,35.0,4000,0.0,0.0
2025-02-21 09:15:00+08:00,35.0,35.099998474121094,35.0,35.099998474121094,7001,0.0,0.0
2025-02-21 09:17:00+08:00,35.099998474121094,35.099998474121094,35.099998474121094,35.099998474121094,9000,0.0,0.0
2025-02-21 09:18:00+08:00,35.099998474121094,35.099998474121094,35.099998474121094,35.099998474121094,1000,0.0,0.0
2025-02-21 09:19:00+08:00,35.0,35.0,35.0,35.0,10000,0.0,0.0
2025-02-21 09:21:00+08:00,35.04999923706055,35.04999923706055,35.04999923706055,35.04999923706055,1000,0.0,0.0
2025-02-21 09:23:00+08:00,35.04999923706055,35.04999923706055,35.04999923706055,35.04999923706055,4001,0.0,0.0
2025-02-21 09:24:00+08:00,35.04999923706055,35.04999923706055,35.04999923706055,35.04999923706055,5000,0.0,0.0
2025-02-21 09:25:00+08:00,35.04999923706055,35.04999923706055,35.04999923706055,35.04999923706055,5000,0.0,0.0
2025-02-21 09:27:00+08:00,35.04999923706055,35.04999923706055,35.04999923706055,35.04999923706055,5000,0.0,0.0
2025-02-21 09:30:00+08:00,35.04999923706055,35.04999923706055,35.04999923706055,35.04999923706055,2000,0.0,0.0
2025-02-21 09:31:00+08:00,35.04999923706055,35.150001525878906,35.04999923706055,35.150001525878906,22000,0.0,0.0
2025-02-21 09:32:00+08:00,35.099998474121094,35.099998474121094,35.099998474121094,35.099998474121094,10001,0.0,0.0
2025-02-21 09:33:00+08:00,35.099998474121094,35.099998474121094,35.099998474121094,35.099998474121094,4001,0.0,0.0
2025-02-21 09:34:00+08:00,35.04999923706055,35.04999923706055,35.04999923706055,35.04999923706055,4001,0.0,0.0
2025-02-21 09:35:00+08:00,35.04999923706055,35.04999923706055,35.04999923706055,35.04999923706055,6000,0.0,0.0
2025-02-21 09:36:00+08:00,35.099998474121094,35.099998474121094,35.099998474121094,35.099998474121094,5000,0.0,0.0
2025-02-21 09:37:00+08:00,35.04999923706055,35.04999923706055,35.04999923706055,35.04999923706055,20000,0.0,0.0
2025-02-21 09:38:00+08:00,35.04999923706055,35.04999923706055,35.04999923706055,35.04999923706055,6000,0.0,0.0
2025-02-21 09:40:00+08:00,35.099998474121094,35.099998474121094,35.099998474121094,35.099998474121094,1000,0.0,0.0
2025-02-21 09:41:00+08:00,35.04999923706055,35.04999923706055,35.04999923706055,35.04999923706055,4000,0.0,0.0
2025-02-21 09:44:00+08:00,35.04999923706055,35.04999923706055,35.04999923706055,35.04999923706055,7000,0.0,0.0
2025-02-21 09:45:00+08:00,35.04999923706055,35.04999923706055,35.04999923706055,35.04999923706055,1000,0.0,0.0
2025-02-21 09:47:00+08:00,35.099998474121094,35.099998474121094,35.099998474121094,35.099998474121094,4052,0.0,0.0
2025-02-21 10:02:00+08:00,35.099998474121094,35.099998474121094,35.099998474121094,35.099998474121094,1000,0.0,0.0
2025-02-21 10:03:00+08:00,35.04999923706055,35.04999923706055,35.04999923706055,35.04999923706055,1001,0.0,0.0
2025-02-21 10:05:00+08:00,35.099998474121094,35.150001525878906,35.099998474121094,35.150001525878906,13000,0.0,0.0
2025-02-21 10:07:00+08:00,35.20000076293945,35.20000076293945,35.20000076293945,35.20000076293945,10000,0.0,0.0
2025-02-21 10:08:00+08:00,35.20000076293945,35.25,35.20000076293945,35.25,11065,0.0,0.0
2025-02-21 10:09:00+08:00,35.25,35.25,35.25,35.25,2000,0.0,0.0
2025-02-21 10:10:00+08:00,35.29999923706055,35.29999923706055,35.29999923706055,35.29999923706055,32000,0.0,0.0
2025-02-21 10:11:00+08:00,35.29999923706055,35.29999923706055,35.29999923706055,35.29999923706055,3000,0.0,0.0
2025-02-21 10:14:00+08:00,35.25,35.25,35.25,35.25,1000,0.0,0.0
2025-02-21 10:15:00+08:00,35.349998474121094,35.45000076293945,35.349998474121094,35.45000076293945,32000,0.0,0.0
2025-02-21 10:16:00+08:00,35.400001525878906,35.400001525878906,35.20000076293945,35.20000076293945,30000,0.0,0.0
2025-02-21 10:17:00+08:00,35.20000076293945,35.20000076293945,35.150001525878906,35.150001525878906,13000,0.0,0.0
2025-02-21 10:18:00+08:00,35.150001525878906,35.150001525878906,35.150001525878906,35.150001525878906,1000,0.0,0.0
2025-02-21 10:19:00+08:00,35.150001525878906,35.150001525878906,35.150001525878906,35.150001525878906,7000,0.0,0.0
2025-02-21 10:20:00+08:00,35.150001525878906,35.150001525878906,35.099998474121094,35.099998474121094,14001,0.0,0.0
2025-02-21 10:21:00+08:00,35.099998474121094,35.099998474121094,35.099998474121094,35.099998474121094,3000,0.0,0.0
2025-02-21 10:23:00+08:00,35.099998474121094,35.099998474121094,35.099998474121094,35.099998474121094,4000,0.0,0.0
2025-02-21 10:26:00+08:00,35.099998474121094,35.099998474121094,35.099998474121094,35.099998474121094,10001,0.0,0.0
2025-02-21 10:36:00+08:00,35.099998474121094,35.099998474121094,35.099998474121094,35.099998474121094,1000,0.0,0.0
2025-02-21 10:37:00+08:00,35.04999923706055,35.04999923706055,35.04999923706055,35.04999923706055,4000,0.0,0.0
2025-02-21 10:39:00+08:00,35.099998474121094,35.099998474121094,35.099998474121094,35.099998474121094,4037,0.0,0.0
2025-02-21 10:44:00+08:00,35.099998474121094,35.099998474121094,35.099998474121094,35.099998474121094,3001,0.0,0.0
2025-02-21 10:49:00+08:00,35.04999923706055,35.04999923706055,35.04999923706055,35.04999923706055,5002,0.0,0.0
2025-02-21 10:53:00+08:00,35.150001525878906,35.150001525878906,35.150001525878906,35.150001525878906,2001,0.0,0.0
2025-02-21 11:02:00+08:00,35.099998474121094,35.099998474121094,35.099998474121094,35.099998474121094,12000,0.0,0.0
2025-02-21 11:05:00+08:00,35.099998474121094,35.099998474121094,35.099998474121094,35.099998474121094,6000,0.0,0.0
2025-02-21 11:07:00+08:00,35.099998474121094,35.099998474121094,35.099998474121094,35.099998474121094,3000,0.0,0.0
2025-02-21 11:08:00+08:00,35.099998474121094,35.099998474121094,35.099998474121094,35.099998474121094,2000,0.0,0.0
2025-02-21 11:11:00+08:00,35.099998474121094,35.099998474121094,35.099998474121094,35.099998474121094,1000,0.0,0.0
2025-02-21 11:15:00+08:00,35.099998474121094,35.099998474121094,35.099998474121094,35.099998474121094,1004,0.0,0.0
2025-02-21 11:32:00+08:00,35.150001525878906,35.150001525878906,35.150001525878906,35.150001525878906,8000,0.0,0.0
2025-02-21 11:35:00+08:00,35.20000076293945,35.20000076293945,35.20000076293945,35.20000076293945,1003,0.0,0.0
2025-02-21 11:38:00+08:00,35.20000076293945,35.20000076293945,35.20000076293945,35.20000076293945,2001,0.0,0.0
2025-02-21 11:45:00+08:00,35.150001525878906,35.150001525878906,35.150001525878906,35.150001525878906,2002,0.0,0.0
2025-02-21 11:49:00+08:00,35.150001525878906,35.150001525878906,35.150001525878906,35.150001525878906,8000,0.0,0.0
2025-02-21 11:57:00+08:00,35.150001525878906,35.150001525878906,35.150001525878906,35.150001525878906,5003,0.0,0.0
2025-02-21 12:10:00+08:00,35.099998474121094,35.099998474121094,35.099998474121094,35.099998474121094,12000,0.0,0.0
2025-02-21 12:11:00+08:00,35.099998474121094,35.099998474121094,35.04999923706055,35.04999923706055,19001,0.0,0.0
2025-02-21 12:16:00+08:00,35.04999923706055,35.04999923706055,35.04999923706055,35.04999923706055,1000,0.0,0.0
2025-02-21 12:20:00+08:00,35.04999923706055,35.04999923706055,35.04999923706055,35.04999923706055,1000,0.0,0.0
2025-02-21 12:21:00+08:00,35.04999923706055,35.20000076293945,35.04999923706055,35.20000076293945,12002,0.0,0.0
2025-02-21 12:26:00+08:00,35.20000076293945,35.20000076293945,35.20000076293945,35.20000076293945,2000,0.0,0.0
2025-02-21 12:30:00+08:00,35.150001525878906,35.150001525878906,35.150001525878906,35.150001525878906,1002,0.0,0.0
2025-02-21 12:41:00+08:00,35.150001525878906,35.150001525878906,35.150001525878906,35.150001525878906,1002,0.0,0.0
2025-02-21 12:44:00+08:00,35.20000076293945,35.20000076293945,35.20000076293945,35.20000076293945,2145,0.0,0.0
2025-02-21 12:45:00+08:00,35.20000076293945,35.20000076293945,35.20000076293945,35.20000076293945,3001,0.0,0.0
2025-02-21 12:46:00+08:00,35.25,35.25,35.25,35.25,6000,0.0,0.0
2025-02-21 12:49:00+08:00,35.25,35.25,35.25,35.25,7000,0.0,0.0
2025-02-21 12:53:00+08:00,35.25,35.25,35.25,35.25,3000,0.0,0.0
2025-02-21 13:00:00+08:00,35.20000076293945,35.20000076293945,35.20000076293945,35.20000076293945,2003,0.0,0.0
2025-02-21 13:09:00+08:00,35.20000076293945,35.20000076293945,35.20000076293945,35.20000076293945,3001,0.0,0.0
2025-02-21 13:16:00+08:00,35.20000076293945,35.20000076293945,35.20000076293945,35.20000076293945,10000,0.0,0.0
2025-02-21 13:21:00+08:00,35.25,35.25,35.25,35.25,1000,0.0,0.0
2025-02-21 13:23:00+08:00,35.25,35.29999923706055,35.150001525878906,35.150001525878906,24000,0.0,0.0
2025-02-24 09:00:00+08:00,35.150001525878906,35.150001525878906,34.95000076293945,35.0,0,0.0,0.0
2025-02-24 09:01:00+08:00,35.150001525878906,35.400001525878906,35.150001525878906,35.400001525878906,27000,0.0,0.0
2025-02-24 09:02:00+08:00,35.349998474121094,35.400001525878906,35.25,35.400001525878906,4000,0.0,0.0
2025-02-24 09:03:00+08:00,35.20000076293945,35.400001525878906,35.20000076293945,35.400001525878906,14000,0.0,0.0
2025-02-24 09:04:00+08:00,35.349998474121094,35.400001525878906,35.349998474121094,35.400001525878906,4000,0.0,0.0
2025-02-24 09:05:00+08:00,35.400001525878906,35.5,35.400001525878906,35.5,22000,0.0,0.0
2025-02-24 09:06:00+08:00,35.54999923706055,35.54999923706055,35.54999923706055,35.54999923706055,3000,0.0,0.0
2025-02-24 09:07:00+08:00,35.54999923706055,35.79999923706055,35.54999923706055,35.79999923706055,43000,0.0,0.0
2025-02-24 09:08:00+08:00,35.79999923706055,36.099998474121094,35.79999923706055,35.95000076293945,46000,0.0,0.0
2025-02-24 09:09:00+08:00,35.95000076293945,36.45000076293945,35.95000076293945,36.29999923706055,45011,0.0,0.0
2025-02-24 09:10:00+08:00,36.349998474121094,36.400001525878906,36.25,36.29999923706055,26000,0.0,0.0
2025-02-24 09:11:00+08:00,36.29999923706055,36.29999923706055,36.20000076293945,36.25,21000,0.0,0.0
2025-02-24 09:12:00+08:00,36.150001525878906,36.25,36.150001525878906,36.20000076293945,7000,0.0,0.0
2025-02-24 09:14:00+08:00,36.150001525878906,36.150001525878906,36.099998474121094,36.150001525878906,6000,0.0,0.0
2025-02-24 09:15:00+08:00,36.150001525878906,36.599998474121094,36.150001525878906,36.599998474121094,49000,0.0,0.0
2025-02-24 09:16:00+08:00,36.54999923706055,36.599998474121094,36.54999923706055,36.54999923706055,8000,0.0,0.0
2025-02-24 09:17:00+08:00,36.5,36.599998474121094,36.5,36.54999923706055,12000,0.0,0.0
2025-02-24 09:18:00+08:00,36.54999923706055,36.650001525878906,36.54999923706055,36.650001525878906,37001,0.0,0.0
2025-02-24 09:19:00+08:00,36.650001525878906,36.650001525878906,36.599998474121094,36.599998474121094,6001,0.0,0.0
2025-02-24 09:20:00+08:00,36.70000076293945,36.900001525878906,36.650001525878906,36.900001525878906,53000,0.0,0.0
2025-02-24 09:21:00+08:00,36.849998474121094,36.849998474121094,36.599998474121094,36.599998474121094,8000,0.0,0.0
2025-02-24 09:22:00+08:00,36.599998474121094,36.599998474121094,36.599998474121094,36.599998474121094,1000,0.0,0.0
2025-02-24 09:23:00+08:00,36.599998474121094,36.70000076293945,36.599998474121094,36.70000076293945,5056,0.0,0.0
2025-02-24 09:24:00+08:00,36.70000076293945,36.70000076293945,36.70000076293945,36.70000076293945,2001,0.0,0.0
2025-02-24 09:25:00+08:00,36.650001525878906,36.75,36.650001525878906,36.75,6001,0.0,0.0
2025-02-24 09:26:00+08:00,36.70000076293945,36.70000076293945,36.54999923706055,36.54999923706055,32039,0.0,0.0
2025-02-24 09:27:00+08:00,36.54999923706055,36.54999923706055,36.45000076293945,36.45000076293945,5119,0.0,0.0
2025-02-24 09:29:00+08:00,36.400001525878906,36.45000076293945,36.400001525878906,36.45000076293945,4000,0.0,0.0
2025-02-24 09:30:00+08:00,36.45000076293945,36.5,36.45000076293945,36.5,3000,0.0,0.0
2025-02-24 09:31:00+08:00,36.45000076293945,36.45000076293945,36.45000076293945,36.45000076293945,5000,0.0,0.0
2025-02-24 09:32:00+08:00,36.45000076293945,36.45000076293945,36.45000076293945,36.45000076293945,3000,0.0,0.0
2025-02-24 09:33:00+08:00,36.5,36.5,36.400001525878906,36.400001525878906,7000,0.0,0.0
2025-02-24 09:34:00+08:00,36.29999923706055,36.29999923706055,36.29999923706055,36.29999923706055,1000,0.0,0.0
2025-02-24 09:35:00+08:00,36.29999923706055,36.29999923706055,36.25,36.25,6000,0.0,0.0
2025-02-24 09:36:00+08:00,36.25,36.25,36.25,36.25,5212,0.0,0.0
2025-02-24 09:37:00+08:00,36.25,36.25,36.25,36.25,1000,0.0,0.0
2025-02-24 09:38:00+08:00,36.29999923706055,36.5,36.29999923706055,36.5,3001,0.0,0.0
2025-02-24 09:40:00+08:00,36.349998474121094,36.5,36.349998474121094,36.5,4000,0.0,0.0
2025-02-24 09:42:00+08:00,36.45000076293945,36.45000076293945,36.349998474121094,36.349998474121094,3105,0.0,0.0
2025-02-24 09:43:00+08:00,36.5,36.5,36.5,36.5,8000,0.0,0.0
2025-02-24 09:44:00+08:00,36.5,36.599998474121094,36.5,36.599998474121094,7000,0.0,0.0
2025-02-24 09:45:00+08:00,36.599998474121094,36.599998474121094,36.599998474121094,36.599998474121094,13001,0.0,0.0
2025-02-24 09:46:00+08:00,36.650001525878906,36.70000076293945,36.599998474121094,36.70000076293945,10000,0.0,0.0
2025-02-24 09:47:00+08:00,36.70000076293945,36.70000076293945,36.54999923706055,36.54999923706055,9000,0.0,0.0
2025-02-24 09:48:00+08:00,36.5,36.79999923706055,36.5,36.79999923706055,34000,0.0,0.0
2025-02-24 09:49:00+08:00,36.79999923706055,36.849998474121094,36.79999923706055,36.79999923706055,10000,0.0,0.0
2025-02-24 09:50:00+08:00,36.79999923706055,36.79999923706055,36.79999923706055,36.79999923706055,5000,0.0,0.0
2025-02-24 09:51:00+08:00,36.79999923706055,36.900001525878906,36.79999923706055,36.79999923706055,19000,0.0,0.0
2025-02-24 09:52:00+08:00,36.900001525878906,37.150001525878906,36.900001525878906,37.150001525878906,58000,0.0,0.0
2025-02-24 09:53:00+08:00,37.150001525878906,37.599998474121094,37.150001525878906,37.599998474121094,151060,0.0,0.0
2025-02-24 09:54:00+08:00,37.54999923706055,37.54999923706055,37.400001525878906,37.400001525878906,27649,0.0,0.0
2025-02-24 09:55:00+08:00,37.400001525878906,37.45000076293945,37.29999923706055,37.29999923706055,15001,0.0,0.0
2025-02-24 09:56:00+08:00,37.29999923706055,37.29999923706055,37.25,37.25,5101,0.0,0.0
2025-02-24 09:57:00+08:00,37.150001525878906,37.150001525878906,37.150001525878906,37.150001525878906,11000,0.0,0.0
2025-02-24 09:58:00+08:00,37.20000076293945,37.54999923706055,37.20000076293945,37.54999923706055,27000,0.0,0.0
2025-02-24 09:59:00+08:00,37.54999923706055,37.70000076293945,37.54999923706055,37.54999923706055,27002,0.0,0.0
2025-02-24 10:00:00+08:00,37.599998474121094,37.650001525878906,37.599998474121094,37.650001525878906,15480,0.0,0.0
2025-02-24 10:01:00+08:00,37.70000076293945,37.95000076293945,37.70000076293945,37.900001525878906,73000,0.0,0.0
2025-02-24 10:02:00+08:00,37.900001525878906,38.099998474121094,37.900001525878906,38.04999923706055,53007,0.0,0.0
2025-02-24 10:03:00+08:00,38.099998474121094,38.25,38.04999923706055,38.150001525878906,38086,0.0,0.0
2025-02-24 10:04:00+08:00,38.25,38.25,38.25,38.25,2025,0.0,0.0
2025-02-24 10:05:00+08:00,38.20000076293945,38.25,38.099998474121094,38.099998474121094,25035,0.0,0.0
2025-02-24 10:06:00+08:00,38.04999923706055,38.099998474121094,38.04999923706055,38.099998474121094,7000,0.0,0.0
2025-02-24 10:07:00+08:00,38.0,38.0,38.0,38.0,20001,0.0,0.0
2025-02-24 10:08:00+08:00,38.0,38.0,37.900001525878906,37.900001525878906,4019,0.0,0.0
2025-02-24 10:09:00+08:00,37.849998474121094,38.29999923706055,37.849998474121094,38.29999923706055,56133,0.0,0.0
2025-02-24 10:10:00+08:00,38.25,38.45000076293945,38.25,38.45000076293945,52010,0.0,0.0
2025-02-24 10:11:00+08:00,38.400001525878906,38.54999923706055,38.400001525878906,38.54999923706055,88127,0.0,0.0
2025-02-24 10:12:00+08:00,38.54999923706055,38.599998474121094,38.45000076293945,38.45000076293945,31039,0.0,0.0
2025-02-24 10:13:00+08:00,38.45000076293945,38.650001525878906,38.45000076293945,38.599998474121094,276275,0.0,0.0
2025-02-24 10:14:00+08:00,38.5,38.650001525878906,38.5,38.599998474121094,459298,0.0,0.0
2025-02-24 10:15:00+08:00,38.650001525878906,38.650001525878906,38.54999923706055,38.650001525878906,280431,0.0,0.0
2025-02-24 10:16:00+08:00,38.650001525878906,38.650001525878906,38.20000076293945,38.20000076293945,727208,0.0,0.0
2025-02-24 10:17:00+08:00,38.20000076293945,38.20000076293945,37.45000076293945,37.70000076293945,117198,0.0,0.0
2025-02-24 10:18:00+08:00,37.650001525878906,37.70000076293945,37.20000076293945,37.54999923706055,77206,0.0,0.0
2025-02-24 10:19:00+08:00,37.45000076293945,37.45000076293945,37.150001525878906,37.150001525878906,63000,0.0,0.0
2025-02-24 10:21:00+08:00,37.400001525878906,37.400001525878906,37.0,37.349998474121094,201191,0.0,0.0
2025-02-24 10:22:00+08:00,37.400001525878906,37.5,37.25,37.25,52000,0.0,0.0
2025-02-24 10:23:00+08:00,37.20000076293945,37.20000076293945,37.04999923706055,37.150001525878906,32000,0.0,0.0
2025-02-24 10:24:00+08:00,37.099998474121094,37.150001525878906,37.099998474121094,37.150001525878906,4000,0.0,0.0
2025-02-24 10:25:00+08:00,37.20000076293945,37.20000076293945,37.20000076293945,37.20000076293945,1000,0.0,0.0
2025-02-24 10:26:00+08:00,37.20000076293945,37.29999923706055,37.20000076293945,37.29999923706055,2168,0.0,0.0
2025-02-24 10:27:00+08:00,37.29999923706055,37.400001525878906,37.29999923706055,37.400001525878906,8000,0.0,0.0
2025-02-24 10:28:00+08:00,37.400001525878906,37.400001525878906,37.400001525878906,37.400001525878906,15000,0.0,0.0
2025-02-24 10:29:00+08:00,37.400001525878906,37.400001525878906,37.29999923706055,37.400001525878906,7001,0.0,0.0
2025-02-24 10:30:00+08:00,37.45000076293945,37.45000076293945,37.25,37.349998474121094,20001,0.0,0.0
2025-02-24 10:31:00+08:00,37.349998474121094,37.400001525878906,37.25,37.25,7285,0.0,0.0
2025-02-24 10:32:00+08:00,37.400001525878906,37.400001525878906,37.400001525878906,37.400001525878906,2000,0.0,0.0
2025-02-24 10:33:00+08:00,37.400001525878906,37.400001525878906,37.400001525878906,37.400001525878906,7000,0.0,0.0
2025-02-24 10:34:00+08:00,37.400001525878906,37.45000076293945,37.400001525878906,37.400001525878906,4000,0.0,0.0
2025-02-24 10:35:00+08:00,37.400001525878906,37.400001525878906,37.349998474121094,37.400001525878906,5000,0.0,0.0
2025-02-24 10:36:00+08:00,37.400001525878906,37.400001525878906,37.400001525878906,37.400001525878906,2001,0.0,0.0
2025-02-24 10:37:00+08:00,37.349998474121094,37.349998474121094,37.150001525878906,37.349998474121094,59001,0.0,0.0
2025-02-24 10:38:00+08:00,37.20000076293945,37.20000076293945,37.150001525878906,37.150001525878906,11001,0.0,0.0
2025-02-24 10:39:00+08:00,37.150001525878906,37.150001525878906,37.150001525878906,37.150001525878906,1000,0.0,0.0
2025-02-24 10:40:00+08:00,37.150001525878906,37.150001525878906,37.150001525878906,37.150001525878906,1000,0.0,0.0
2025-02-24 10:41:00+08:00,37.20000076293945,37.20000076293945,37.099998474121094,37.099998474121094,29000,0.0,0.0
2025-02-24 10:42:00+08:00,37.04999923706055,37.04999923706055,37.04999923706055,37.04999923706055,1050,0.0,0.0
2025-02-24 10:43:00+08:00,37.150001525878906,37.29999923706055,37.150001525878906,37.29999923706055,8000,0.0,0.0
2025-02-24 10:44:00+08:00,37.29999923706055,37.29999923706055,37.099998474121094,37.20000076293945,18000,0.0,0.0
2025-02-24 10:45:00+08:00,37.20000076293945,37.20000076293945,37.099998474121094,37.099998474121094,16000,0.0,0.0
2025-02-24 10:46:00+08:00,37.150001525878906,37.20000076293945,37.150001525878906,37.20000076293945,14000,0.0,0.0
2025-02-24 10:47:00+08:00,37.20000076293945,37.20000076293945,37.20000076293945,37.20000076293945,9000,0.0,0.0
2025-02-24 10:48:00+08:00,37.150001525878906,37.150001525878906,37.099998474121094,37.150001525878906,12000,0.0,0.0
2025-02-24 10:49:00+08:00,37.150001525878906,37.20000076293945,37.150001525878906,37.150001525878906,12000,0.0,0.0
2025-02-24 10:50:00+08:00,37.20000076293945,37.20000076293945,37.20000076293945,37.20000076293945,13000,0.0,0.0
2025-02-24 10:51:00+08:00,37.20000076293945,37.20000076293945,37.20000076293945,37.20000076293945,14000,0.0,0.0
2025-02-24 10:52:00+08:00,37.20000076293945,37.20000076293945,37.20000076293945,37.20000076293945,9000,0.0,0.0
2025-02-24 10:53:00+08:00,37.20000076293945,37.20000076293945,37.20000076293945,37.20000076293945,4000,0.0,0.0
2025-02-24 10:54:00+08:00,37.20000076293945,37.20000076293945,37.099998474121094,37.20000076293945,14001,0.0,0.0
2025-02-24 10:55:00+08:00,37.099998474121094,37.099998474121094,36.650001525878906,36.650001525878906,185413,0.0,0.0
2025-02-24 10:56:00+08:00,36.650001525878906,36.650001525878906,36.45000076293945,36.45000076293945,73199,0.0,0.0
2025-02-24 10:57:00+08:00,36.45000076293945,36.650001525878906,36.400001525878906,36.650001525878906,9016,0.0,0.0
2025-02-24 10:58:00+08:00,36.5,36.54999923706055,36.45000076293945,36.54999923706055,8013,0.0,0.0
2025-02-24 10:59:00+08:00,36.54999923706055,36.54999923706055,36.400001525878906,36.400001525878906,30002,0.0,0.0
2025-02-24 11:00:00+08:00,36.349998474121094,36.5,36.25,36.45000076293945,59000,0.0,0.0
2025-02-24 11:01:00+08:00,36.349998474121094,36.70000076293945,36.349998474121094,36.70000076293945,14000,0.0,0.0
2025-02-24 11:03:00+08:00,36.70000076293945,36.70000076293945,36.650001525878906,36.650001525878906,4000,0.0,0.0
2025-02-24 11:04:00+08:00,36.70000076293945,36.70000076293945,36.70000076293945,36.70000076293945,5000,0.0,0.0
2025-02-24 11:05:00+08:00,36.70000076293945,36.70000076293945,36.70000076293945,36.70000076293945,1000,0.0,0.0
2025-02-24 11:06:00+08:00,36.75,36.79999923706055,36.75,36.79999923706055,2001,0.0,0.0
2025-02-24 11:07:00+08:00,36.70000076293945,36.70000076293945,36.70000076293945,36.70000076293945,3000,0.0,0.0
2025-02-24 11:08:00+08:00,36.650001525878906,36.650001525878906,36.650001525878906,36.650001525878906,1000,0.0,0.0
2025-02-24 11:09:00+08:00,36.650001525878906,36.650001525878906,36.650001525878906,36.650001525878906,1001,0.0,0.0
2025-02-24 11:17:00+08:00,36.70000076293945,36.70000076293945,36.70000076293945,36.70000076293945,3000,0.0,0.0
2025-02-24 11:18:00+08:00,36.70000076293945,36.70000076293945,36.70000076293945,36.70000076293945,1000,0.0,0.0
2025-02-24 11:19:00+08:00,36.70000076293945,36.70000076293945,36.54999923706055,36.54999923706055,17001,0.0,0.0
2025-02-24 11:20:00+08:00,36.5,36.5,36.45000076293945,36.5,18001,0.0,0.0
2025-02-24 11:21:00+08:00,36.45000076293945,36.45000076293945,36.400001525878906,36.400001525878906,5001,0.0,0.0
2025-02-24 11:23:00+08:00,36.400001525878906,36.400001525878906,36.400001525878906,36.400001525878906,1000,0.0,0.0
2025-02-24 11:24:00+08:00,36.400001525878906,36.5,36.400001525878906,36.400001525878906,14000,0.0,0.0
2025-02-24 11:25:00+08:00,36.400001525878906,36.400001525878906,36.400001525878906,36.400001525878906,4000,0.0,0.0
2025-02-24 11:26:00+08:00,36.54999923706055,36.54999923706055,36.54999923706055,36.54999923706055,1000,0.0,0.0
2025-02-24 11:27:00+08:00,36.54999923706055,36.54999923706055,36.54999923706055,36.54999923706055,1000,0.0,0.0
2025-02-24 11:28:00+08:00,36.599998474121094,36.599998474121094,36.599998474121094,36.599998474121094,1000,0.0,0.0
2025-02-24 11:29:00+08:00,36.70000076293945,36.70000076293945,36.599998474121094,36.650001525878906,4001,0.0,0.0
2025-02-24 11:30:00+08:00,36.650001525878906,36.650001525878906,36.650001525878906,36.650001525878906,2001,0.0,0.0
2025-02-24 11:32:00+08:00,36.650001525878906,36.650001525878906,36.650001525878906,36.650001525878906,1000,0.0,0.0
2025-02-24 11:33:00+08:00,36.599998474121094,36.599998474121094,36.599998474121094,36.599998474121094,1000,0.0,0.0
2025-02-24 11:34:00+08:00,36.5,36.5,36.5,36.5,1000,0.0,0.0
2025-02-24 11:39:00+08:00,36.54999923706055,36.54999923706055,36.5,36.5,4000,0.0,0.0
2025-02-24 11:40:00+08:00,36.650001525878906,36.650001525878906,36.650001525878906,36.650001525878906,1001,0.0,0.0
2025-02-24 11:44:00+08:00,36.650001525878906,36.650001525878906,36.650001525878906,36.650001525878906,1000,0.0,0.0
2025-02-24 11:45:00+08:00,36.599998474121094,36.599998474121094,36.599998474121094,36.599998474121094,3000,0.0,0.0
2025-02-24 11:46:00+08:00,36.54999923706055,36.54999923706055,36.54999923706055,36.54999923706055,4077,0.0,0.0
2025-02-24 11:48:00+08:00,36.70000076293945,36.70000076293945,36.70000076293945,36.70000076293945,6001,0.0,0.0
2025-02-24 11:49:00+08:00,36.70000076293945,36.70000076293945,36.70000076293945,36.70000076293945,1000,0.0,0.0
2025-02-24 11:50:00+08:00,36.75,36.75,36.75,36.75,4000,0.0,0.0
2025-02-24 11:51:00+08:00,36.75,36.79999923706055,36.75,36.79999923706055,2000,0.0,0.0
2025-02-24 11:52:00+08:00,36.79999923706055,36.79999923706055,36.75,36.75,6001,0.0,0.0
2025-02-24 11:54:00+08:00,36.75,36.75,36.75,36.75,1000,0.0,0.0
2025-02-24 11:55:00+08:00,36.79999923706055,36.900001525878906,36.79999923706055,36.900001525878906,15000,0.0,0.0
2025-02-24 11:56:00+08:00,36.900001525878906,36.900001525878906,36.900001525878906,36.900001525878906,13000,0.0,0.0
2025-02-24 11:57:00+08:00,36.900001525878906,36.900001525878906,36.900001525878906,36.900001525878906,1001,0.0,0.0
2025-02-24 11:58:00+08:00,36.900001525878906,36.900001525878906,36.900001525878906,36.900001525878906,1000,0.0,0.0
2025-02-24 11:59:00+08:00,36.900001525878906,36.900001525878906,36.849998474121094,36.849998474121094,6000,0.0,0.0
2025-02-24 12:00:00+08:00,36.849998474121094,36.849998474121094,36.849998474121094,36.849998474121094,1000,0.0,0.0
2025-02-24 12:02:00+08:00,36.849998474121094,36.849998474121094,36.79999923706055,36.79999923706055,3000,0.0,0.0
2025-02-24 12:03:00+08:00,36.900001525878906,36.900001525878906,36.849998474121094,36.849998474121094,3000,0.0,0.0
2025-02-24 12:04:00+08:00,36.849998474121094,36.900001525878906,36.849998474121094,36.900001525878906,9000,0.0,0.0
2025-02-24 12:05:00+08:00,36.900001525878906,36.95000076293945,36.900001525878906,36.95000076293945,23000,0.0,0.0
2025-02-24 12:06:00+08:00,36.95000076293945,36.95000076293945,36.95000076293945,36.95000076293945,5000,0.0,0.0
2025-02-24 12:08:00+08:00,36.900001525878906,37.0,36.900001525878906,36.900001525878906,9000,0.0,0.0
2025-02-24 12:09:00+08:00,36.900001525878906,37.0,36.900001525878906,37.0,2079,0.0,0.0
2025-02-24 12:11:00+08:00,37.0,37.099998474121094,37.0,37.099998474121094,2000,0.0,0.0
2025-02-24 12:12:00+08:00,37.04999923706055,37.099998474121094,37.04999923706055,37.099998474121094,13000,0.0,0.0
2025-02-24 12:13:00+08:00,37.099998474121094,37.099998474121094,37.099998474121094,37.099998474121094,2000,0.0,0.0
2025-02-24 12:14:00+08:00,37.099998474121094,37.099998474121094,37.099998474121094,37.099998474121094,2000,0.0,0.0
2025-02-24 12:15:00+08:00,37.099998474121094,37.099998474121094,37.099998474121094,37.099998474121094,4001,0.0,0.0
2025-02-24 12:17:00+08:00,37.099998474121094,37.099998474121094,37.099998474121094,37.099998474121094,5000,0.0,0.0
2025-02-24 12:19:00+08:00,37.099998474121094,37.099998474121094,37.099998474121094,37.099998474121094,1000,0.0,0.0
2025-02-24 12:20:00+08:00,37.0,37.0,36.95000076293945,36.95000076293945,18500,0.0,0.0
2025-02-24 12:21:00+08:00,36.900001525878906,36.95000076293945,36.900001525878906,36.95000076293945,4000,0.0,0.0
2025-02-24 12:22:00+08:00,36.95000076293945,36.95000076293945,36.95000076293945,36.95000076293945,1000,0.0,0.0
2025-02-24 12:23:00+08:00,36.95000076293945,36.95000076293945,36.900001525878906,36.900001525878906,2000,0.0,0.0
2025-02-24 12:24:00+08:00,36.900001525878906,36.900001525878906,36.900001525878906,36.900001525878906,15000,0.0,0.0
2025-02-24 12:26:00+08:00,36.900001525878906,36.900001525878906,36.900001525878906,36.900001525878906,1001,0.0,0.0
2025-02-24 12:28:00+08:00,37.0,37.0,37.0,37.0,2000,0.0,0.0
2025-02-24 12:30:00+08:00,37.0,37.0,37.0,37.0,1000,0.0,0.0
2025-02-24 12:32:00+08:00,36.95000076293945,37.0,36.95000076293945,37.0,2370,0.0,0.0
2025-02-24 12:34:00+08:00,37.0,37.0,37.0,37.0,1001,0.0,0.0
2025-02-24 12:36:00+08:00,36.900001525878906,36.900001525878906,36.75,36.75,34030,0.0,0.0
2025-02-24 12:37:00+08:00,36.75,36.75,36.75,36.75,11000,0.0,0.0
2025-02-24 12:38:00+08:00,36.70000076293945,36.70000076293945,36.70000076293945,36.70000076293945,3000,0.0,0.0
2025-02-24 12:39:00+08:00,36.70000076293945,36.70000076293945,36.70000076293945,36.70000076293945,3000,0.0,0.0
2025-02-24 12:40:00+08:00,36.70000076293945,36.70000076293945,36.70000076293945,36.70000076293945,5001,0.0,0.0
2025-02-24 12:42:00+08:00,36.75,36.75,36.70000076293945,36.70000076293945,5000,0.0,0.0
2025-02-24 12:43:00+08:00,36.70000076293945,36.70000076293945,36.650001525878906,36.650001525878906,11000,0.0,0.0
2025-02-24 12:44:00+08:00,36.599998474121094,36.650001525878906,36.599998474121094,36.650001525878906,4000,0.0,0.0
2025-02-24 12:45:00+08:00,36.650001525878906,36.650001525878906,36.650001525878906,36.650001525878906,5000,0.0,0.0
2025-02-24 12:46:00+08:00,36.599998474121094,36.599998474121094,36.599998474121094,36.599998474121094,6001,0.0,0.0
2025-02-24 12:47:00+08:00,36.599998474121094,36.599998474121094,36.599998474121094,36.599998474121094,1000,0.0,0.0
2025-02-24 12:49:00+08:00,36.650001525878906,36.650001525878906,36.650001525878906,36.650001525878906,3010,0.0,0.0
2025-02-24 12:51:00+08:00,36.650001525878906,36.650001525878906,36.650001525878906,36.650001525878906,2000,0.0,0.0
2025-02-24 12:55:00+08:00,36.70000076293945,36.79999923706055,36.70000076293945,36.79999923706055,3003,0.0,0.0
2025-02-24 12:57:00+08:00,36.79999923706055,36.79999923706055,36.79999923706055,36.79999923706055,2006,0.0,0.0
2025-02-24 12:59:00+08:00,36.75,36.75,36.75,36.75,4004,0.0,0.0
2025-02-24 13:01:00+08:00,36.75,36.75,36.75,36.75,2000,0.0,0.0
2025-02-24 13:03:00+08:00,36.70000076293945,36.70000076293945,36.70000076293945,36.70000076293945,0,0.0,0.0
2025-02-24 13:04:00+08:00,36.75,36.75,36.75,36.75,4856486,0.0,0.0
2025-02-24 13:05:00+08:00,36.70000076293945,36.75,36.70000076293945,36.75,3012,0.0,0.0
2025-02-24 13:07:00+08:00,36.75,36.75,36.75,36.75,4002,0.0,0.0
2025-02-24 13:09:00+08:00,36.70000076293945,36.70000076293945,36.70000076293945,36.70000076293945,1000,0.0,0.0
2025-02-24 13:10:00+08:00,36.70000076293945,36.70000076293945,36.70000076293945,36.70000076293945,1000,0.0,0.0
2025-02-24 13:11:00+08:00,36.650001525878906,36.650001525878906,36.650001525878906,36.650001525878906,4000,0.0,0.0
2025-02-24 13:12:00+08:00,36.650001525878906,36.70000076293945,36.650001525878906,36.70000076293945,9000,0.0,0.0
2025-02-24 13:13:00+08:00,36.70000076293945,36.70000076293945,36.70000076293945,36.70000076293945,5000,0.0,0.0
2025-02-24 13:14:00+08:00,36.70000076293945,36.70000076293945,36.70000076293945,36.70000076293945,4001,0.0,0.0
2025-02-24 13:17:00+08:00,36.70000076293945,36.70000076293945,36.70000076293945,36.70000076293945,11000,0.0,0.0
2025-02-24 13:18:00+08:00,36.70000076293945,36.70000076293945,36.70000076293945,36.70000076293945,3000,0.0,0.0
2025-02-24 13:19:00+08:00,36.70000076293945,36.70000076293945,36.70000076293945,36.70000076293945,4000,0.0,0.0
2025-02-24 13:22:00+08:00,36.70000076293945,36.70000076293945,36.650001525878906,36.650001525878906,12000,0.0,0.0
2025-02-24 13:23:00+08:00,36.650001525878906,36.650001525878906,36.599998474121094,36.599998474121094,9001,0.0,0.0
2025-02-24 13:24:00+08:00,36.650001525878906,36.650001525878906,36.599998474121094,36.599998474121094,2000,0.0,0.0
2025-02-25 09:02:00+08:00,36.54999923706055,36.54999923706055,36.150001525878906,36.150001525878906,0,0.0,0.0
2025-02-25 09:03:00+08:00,36.349998474121094,36.599998474121094,36.20000076293945,36.400001525878906,53000,0.0,0.0
2025-02-25 09:04:00+08:00,36.5,36.54999923706055,36.5,36.5,7000,0.0,0.0
2025-02-25 09:05:00+08:00,36.5,36.54999923706055,36.5,36.54999923706055,3000,0.0,0.0
2025-02-25 09:06:00+08:00,36.54999923706055,36.54999923706055,36.29999923706055,36.45000076293945,15000,0.0,0.0
2025-02-25 09:07:00+08:00,36.400001525878906,36.400001525878906,36.400001525878906,36.400001525878906,2000,0.0,0.0
2025-02-25 09:08:00+08:00,36.400001525878906,36.400001525878906,36.349998474121094,36.349998474121094,3429,0.0,0.0
2025-02-25 09:10:00+08:00,36.400001525878906,36.400001525878906,36.20000076293945,36.20000076293945,87000,0.0,0.0
2025-02-25 09:11:00+08:00,36.20000076293945,36.20000076293945,36.150001525878906,36.150001525878906,11000,0.0,0.0
2025-02-25 09:12:00+08:00,36.29999923706055,36.650001525878906,36.25,36.650001525878906,17000,0.0,0.0
2025-02-25 09:13:00+08:00,36.5,36.599998474121094,36.5,36.599998474121094,10000,0.0,0.0
2025-02-25 09:14:00+08:00,36.54999923706055,36.599998474121094,36.54999923706055,36.54999923706055,4001,0.0,0.0
2025-02-25 09:15:00+08:00,36.54999923706055,36.650001525878906,36.54999923706055,36.650001525878906,7000,0.0,0.0
2025-02-25 09:16:00+08:00,36.70000076293945,36.70000076293945,36.650001525878906,36.650001525878906,4000,0.0,0.0
2025-02-25 09:17:00+08:00,36.70000076293945,36.70000076293945,36.70000076293945,36.70000076293945,2000,0.0,0.0
2025-02-25 09:18:00+08:00,36.70000076293945,36.70000076293945,36.70000076293945,36.70000076293945,4000,0.0,0.0
2025-02-25 09:19:00+08:00,36.599998474121094,36.70000076293945,36.599998474121094,36.70000076293945,10005,0.0,0.0
2025-02-25 09:20:00+08:00,36.79999923706055,36.79999923706055,36.79999923706055,36.79999923706055,1000,0.0,0.0
2025-02-25 09:21:00+08:00,36.900001525878906,37.0,36.599998474121094,36.70000076293945,44000,0.0,0.0
2025-02-25 09:22:00+08:00,36.75,36.900001525878906,36.75,36.900001525878906,3000,0.0,0.0
2025-02-25 09:23:00+08:00,36.70000076293945,36.70000076293945,36.650001525878906,36.70000076293945,12000,0.0,0.0
2025-02-25 09:24:00+08:00,36.70000076293945,36.70000076293945,36.70000076293945,36.70000076293945,1100,0.0,0.0
2025-02-25 09:25:00+08:00,36.75,36.79999923706055,36.70000076293945,36.70000076293945,11000,0.0,0.0
2025-02-25 09:26:00+08:00,36.650001525878906,36.650001525878906,36.599998474121094,36.599998474121094,13001,0.0,0.0
2025-02-25 09:27:00+08:00,36.54999923706055,36.54999923706055,36.5,36.5,2199,0.0,0.0
2025-02-25 09:28:00+08:00,36.5,36.5,36.5,36.5,1001,0.0,0.0
2025-02-25 09:30:00+08:00,36.5,36.5,36.5,36.5,1000,0.0,0.0
2025-02-25 09:33:00+08:00,36.5,36.5,36.5,36.5,3000,0.0,0.0
2025-02-25 09:34:00+08:00,36.45000076293945,36.45000076293945,36.400001525878906,36.400001525878906,2000,0.0,0.0
2025-02-25 09:37:00+08:00,36.5,36.5,36.400001525878906,36.400001525878906,8000,0.0,0.0
2025-02-25 09:38:00+08:00,36.45000076293945,36.54999923706055,36.400001525878906,36.400001525878906,6000,0.0,0.0
2025-02-25 09:39:00+08:00,36.349998474121094,36.349998474121094,36.349998474121094,36.349998474121094,1153,0.0,0.0
2025-02-25 09:41:00+08:00,36.400001525878906,36.400001525878906,36.400001525878906,36.400001525878906,2000,0.0,0.0
2025-02-25 09:42:00+08:00,36.45000076293945,36.45000076293945,36.349998474121094,36.349998474121094,4000,0.0,0.0
2025-02-25 09:44:00+08:00,36.400001525878906,36.400001525878906,36.400001525878906,36.400001525878906,1001,0.0,0.0
2025-02-25 09:47:00+08:00,36.400001525878906,36.45000076293945,36.400001525878906,36.45000076293945,5000,0.0,0.0
2025-02-25 09:48:00+08:00,36.45000076293945,36.45000076293945,36.45000076293945,36.45000076293945,3000,0.0,0.0
2025-02-25 09:50:00+08:00,36.400001525878906,36.400001525878906,36.400001525878906,36.400001525878906,8000,0.0,0.0
2025-02-25 09:52:00+08:00,36.400001525878906,36.400001525878906,36.400001525878906,36.400001525878906,17000,0.0,0.0
2025-02-25 09:53:00+08:00,36.349998474121094,36.349998474121094,36.29999923706055,36.29999923706055,14025,0.0,0.0
2025-02-25 09:54:00+08:00,36.29999923706055,36.29999923706055,36.29999923706055,36.29999923706055,11000,0.0,0.0
2025-02-25 09:55:00+08:00,36.29999923706055,36.29999923706055,36.29999923706055,36.29999923706055,5000,0.0,0.0
2025-02-25 09:56:00+08:00,36.29999923706055,36.29999923706055,36.29999923706055,36.29999923706055,6025,0.0,0.0
2025-02-25 09:57:00+08:00,36.25,36.45000076293945,36.25,36.45000076293945,2000,0.0,0.0
2025-02-25 09:58:00+08:00,36.29999923706055,36.29999923706055,36.29999923706055,36.29999923706055,1052,0.0,0.0
2025-02-25 10:00:00+08:00,36.29999923706055,36.29999923706055,36.29999923706055,36.29999923706055,1005,0.0,0.0
2025-02-25 10:05:00+08:00,36.400001525878906,36.400001525878906,36.400001525878906,36.400001525878906,1001,0.0,0.0
2025-02-25 10:07:00+08:00,36.29999923706055,36.29999923706055,36.29999923706055,36.29999923706055,2000,0.0,0.0
2025-02-25 10:08:00+08:00,36.45000076293945,36.45000076293945,36.45000076293945,36.45000076293945,2163,0.0,0.0
2025-02-25 10:11:00+08:00,36.45000076293945,36.45000076293945,36.45000076293945,36.45000076293945,1001,0.0,0.0
2025-02-25 10:14:00+08:00,36.45000076293945,36.45000076293945,36.45000076293945,36.45000076293945,1004,0.0,0.0
2025-02-25 10:21:00+08:00,36.400001525878906,36.400001525878906,36.349998474121094,36.349998474121094,3000,0.0,0.0
2025-02-25 10:23:00+08:00,36.349998474121094,36.349998474121094,36.349998474121094,36.349998474121094,1000,0.0,0.0
2025-02-25 10:24:00+08:00,36.29999923706055,36.29999923706055,36.29999923706055,36.29999923706055,9002,0.0,0.0
2025-02-25 10:29:00+08:00,36.349998474121094,36.349998474121094,36.29999923706055,36.29999923706055,2000,0.0,0.0
2025-02-25 10:30:00+08:00,36.29999923706055,36.29999923706055,36.29999923706055,36.29999923706055,1000,0.0,0.0
2025-02-25 10:32:00+08:00,36.349998474121094,36.349998474121094,36.349998474121094,36.349998474121094,1000,0.0,0.0
2025-02-25 10:36:00+08:00,36.349998474121094,36.349998474121094,36.349998474121094,36.349998474121094,4002,0.0,0.0
2025-02-25 10:46:00+08:00,36.349998474121094,36.349998474121094,36.349998474121094,36.349998474121094,1000,0.0,0.0
2025-02-25 10:49:00+08:00,36.29999923706055,36.29999923706055,36.29999923706055,36.29999923706055,1000,0.0,0.0
2025-02-25 10:50:00+08:00,36.29999923706055,36.29999923706055,36.29999923706055,36.29999923706055,1000,0.0,0.0
2025-02-25 10:51:00+08:00,36.29999923706055,36.29999923706055,36.29999923706055,36.29999923706055,3000,0.0,0.0
2025-02-25 10:53:00+08:00,36.349998474121094,36.349998474121094,36.349998474121094,36.349998474121094,4000,0.0,0.0
2025-02-25 10:54:00+08:00,36.349998474121094,36.349998474121094,36.349998474121094,36.349998474121094,1000,0.0,0.0
2025-02-25 10:55:00+08:00,36.400001525878906,36.400001525878906,36.400001525878906,36.400001525878906,5000,0.0,0.0
2025-02-25 10:57:00+08:00,36.29999923706055,36.29999923706055,36.29999923706055,36.29999923706055,4000,0.0,0.0
2025-02-25 11:00:00+08:00,36.349998474121094,36.349998474121094,36.349998474121094,36.349998474121094,2000,0.0,0.0
2025-02-25 11:02:00+08:00,36.29999923706055,36.29999923706055,36.29999923706055,36.29999923706055,10000,0.0,0.0
2025-02-25 11:04:00+08:00,36.349998474121094,36.349998474121094,36.349998474121094,36.349998474121094,2000,0.0,0.0
2025-02-25 11:07:00+08:00,36.29999923706055,36.29999923706055,36.29999923706055,36.29999923706055,1000,0.0,0.0
2025-02-25 11:09:00+08:00,36.349998474121094,36.349998474121094,36.29999923706055,36.29999923706055,2192,0.0,0.0
2025-02-25 11:11:00+08:00,36.29999923706055,36.29999923706055,36.25,36.29999923706055,9000,0.0,0.0
2025-02-25 11:12:00+08:00,36.29999923706055,36.29999923706055,36.29999923706055,36.29999923706055,1051,0.0,0.0
2025-02-25 11:20:00+08:00,36.29999923706055,36.29999923706055,36.29999923706055,36.29999923706055,1000,0.0,0.0
2025-02-25 11:27:00+08:00,36.29999923706055,36.29999923706055,36.29999923706055,36.29999923706055,3001,0.0,0.0
2025-02-25 11:34:00+08:00,36.25,36.25,36.25,36.25,4000,0.0,0.0
2025-02-25 11:36:00+08:00,36.25,36.25,36.25,36.25,23535,0.0,0.0
2025-02-25 11:40:00+08:00,36.20000076293945,36.20000076293945,36.20000076293945,36.20000076293945,30000,0.0,0.0
2025-02-25 11:41:00+08:00,36.20000076293945,36.20000076293945,36.20000076293945,36.20000076293945,1000,0.0,0.0
2025-02-25 11:42:00+08:00,36.20000076293945,36.20000076293945,36.20000076293945,36.20000076293945,1001,0.0,0.0
2025-02-25 11:43:00+08:00,36.20000076293945,36.20000076293945,36.20000076293945,36.20000076293945,1000,0.0,0.0
2025-02-25 11:45:00+08:00,36.25,36.25,36.25,36.25,2001,0.0,0.0
2025-02-25 11:46:00+08:00,36.25,36.25,36.25,36.25,1000,0.0,0.0
2025-02-25 11:54:00+08:00,36.25,36.25,36.25,36.25,1000,0.0,0.0
2025-02-25 11:55:00+08:00,36.20000076293945,36.20000076293945,36.20000076293945,36.20000076293945,9000,0.0,0.0
2025-02-25 11:56:00+08:00,36.20000076293945,36.20000076293945,36.20000076293945,36.20000076293945,6001,0.0,0.0
2025-02-25 11:59:00+08:00,36.20000076293945,36.20000076293945,36.20000076293945,36.20000076293945,3001,0.0,0.0
2025-02-25 12:00:00+08:00,36.25,36.25,36.25,36.25,1001,0.0,0.0
2025-02-25 12:02:00+08:00,36.25,36.25,36.25,36.25,1000,0.0,0.0
2025-02-25 12:03:00+08:00,36.25,36.25,36.25,36.25,1000,0.0,0.0
2025-02-25 12:11:00+08:00,36.20000076293945,36.20000076293945,36.20000076293945,36.20000076293945,12000,0.0,0.0
2025-02-25 12:12:00+08:00,36.150001525878906,36.20000076293945,36.150001525878906,36.150001525878906,25001,0.0,0.0
2025-02-25 12:13:00+08:00,36.29999923706055,36.400001525878906,36.25,36.25,39000,0.0,0.0
2025-02-25 12:18:00+08:00,36.29999923706055,36.29999923706055,36.29999923706055,36.29999923706055,5000,0.0,0.0
2025-02-25 12:21:00+08:00,36.25,36.25,36.25,36.25,1002,0.0,0.0
2025-02-25 12:33:00+08:00,36.25,36.25,36.25,36.25,2003,0.0,0.0
2025-02-25 12:39:00+08:00,36.25,36.25,36.25,36.25,9001,0.0,0.0
2025-02-25 12:40:00+08:00,36.20000076293945,36.20000076293945,36.20000076293945,36.20000076293945,1001,0.0,0.0
2025-02-25 12:41:00+08:00,36.25,36.25,36.25,36.25,15001,0.0,0.0
2025-02-25 12:46:00+08:00,36.25,36.25,36.25,36.25,3000,0.0,0.0
2025-02-25 12:48:00+08:00,36.25,36.25,36.20000076293945,36.20000076293945,4000,0.0,0.0
2025-02-25 12:49:00+08:00,36.20000076293945,36.20000076293945,36.20000076293945,36.20000076293945,2000,0.0,0.0
2025-02-25 12:50:00+08:00,36.20000076293945,36.20000076293945,36.20000076293945,36.20000076293945,1001,0.0,0.0
2025-02-25 12:54:00+08:00,36.25,36.25,36.25,36.25,1000,0.0,0.0
2025-02-25 12:57:00+08:00,36.29999923706055,36.29999923706055,36.25,36.25,5002,0.0,0.0
2025-02-25 12:59:00+08:00,36.25,36.25,36.25,36.25,1003,0.0,0.0
2025-02-25 13:03:00+08:00,36.20000076293945,36.20000076293945,36.20000076293945,36.20000076293945,1000,0.0,0.0
2025-02-25 13:04:00+08:00,36.20000076293945,36.20000076293945,36.20000076293945,36.20000076293945,1000,0.0,0.0
2025-02-25 13:08:00+08:00,36.20000076293945,36.20000076293945,36.20000076293945,36.20000076293945,1000,0.0,0.0
2025-02-25 13:09:00+08:00,36.20000076293945,36.25,36.20000076293945,36.25,13001,0.0,0.0
2025-02-25 13:10:00+08:00,36.25,36.25,36.25,36.25,1000,0.0,0.0
2025-02-25 13:11:00+08:00,36.25,36.25,36.25,36.25,4000,0.0,0.0
2025-02-25 13:12:00+08:00,36.25,36.25,36.20000076293945,36.25,20000,0.0,0.0
2025-02-25 13:13:00+08:00,36.29999923706055,36.29999923706055,36.29999923706055,36.29999923706055,6000,0.0,0.0
2025-02-25 13:17:00+08:00,36.25,36.25,36.25,36.25,1000,0.0,0.0
2025-02-25 13:18:00+08:00,36.20000076293945,36.20000076293945,36.20000076293945,36.20000076293945,2003,0.0,0.0
2025-02-25 13:19:00+08:00,36.25,36.25,36.25,36.25,5003,0.0,0.0
2025-02-25 13:20:00+08:00,36.25,36.25,36.25,36.25,2007,0.0,0.0
2025-02-25 13:22:00+08:00,36.20000076293945,36.25,36.20000076293945,36.25,18000,0.0,0.0
2025-02-25 13:24:00+08:00,36.25,36.25,36.25,36.25,1001,0.0,0.0
2025-02-26 09:00:00+08:00,36.20000076293945,36.20000076293945,36.099998474121094,36.099998474121094,0,0.0,0.0
2025-02-26 09:02:00+08:00,36.04999923706055,36.04999923706055,35.79999923706055,35.79999923706055,15000,0.0,0.0
2025-02-26 09:03:00+08:00,35.900001525878906,35.900001525878906,35.900001525878906,35.900001525878906,1000,0.0,0.0
2025-02-26 09:04:00+08:00,35.900001525878906,35.900001525878906,35.79999923706055,35.79999923706055,9000,0.0,0.0
2025-02-26 09:05:00+08:00,35.900001525878906,35.900001525878906,35.900001525878906,35.900001525878906,5000,0.0,0.0
2025-02-26 09:06:00+08:00,35.900001525878906,35.900001525878906,35.900001525878906,35.900001525878906,1000,0.0,0.0
2025-02-26 09:07:00+08:00,35.849998474121094,35.849998474121094,35.650001525878906,35.849998474121094,42000,0.0,0.0
2025-02-26 09:08:00+08:00,35.849998474121094,35.849998474121094,35.849998474121094,35.849998474121094,7022,0.0,0.0
2025-02-26 09:10:00+08:00,35.79999923706055,35.79999923706055,35.75,35.75,9000,0.0,0.0
2025-02-26 09:11:00+08:00,35.70000076293945,35.75,35.70000076293945,35.75,4000,0.0,0.0
2025-02-26 09:12:00+08:00,35.79999923706055,35.849998474121094,35.79999923706055,35.79999923706055,7000,0.0,0.0
2025-02-26 09:15:00+08:00,35.849998474121094,35.849998474121094,35.79999923706055,35.79999923706055,4002,0.0,0.0
2025-02-26 09:20:00+08:00,35.79999923706055,35.79999923706055,35.75,35.75,4000,0.0,0.0
2025-02-26 09:21:00+08:00,35.75,35.75,35.75,35.75,1000,0.0,0.0
2025-02-26 09:27:00+08:00,35.79999923706055,35.79999923706055,35.79999923706055,35.79999923706055,1100,0.0,0.0
2025-02-26 09:28:00+08:00,35.79999923706055,35.79999923706055,35.79999923706055,35.79999923706055,1000,0.0,0.0
2025-02-26 09:29:00+08:00,35.79999923706055,35.79999923706055,35.79999923706055,35.79999923706055,4000,0.0,0.0
2025-02-26 09:30:00+08:00,35.900001525878906,35.95000076293945,35.900001525878906,35.95000076293945,4000,0.0,0.0
2025-02-26 09:32:00+08:00,35.900001525878906,35.900001525878906,35.900001525878906,35.900001525878906,1000,0.0,0.0
2025-02-26 09:36:00+08:00,35.900001525878906,35.900001525878906,35.900001525878906,35.900001525878906,8000,0.0,0.0
2025-02-26 09:38:00+08:00,36.0,36.0,36.0,36.0,23000,0.0,0.0
2025-02-26 09:39:00+08:00,36.0,36.0,36.0,36.0,1001,0.0,0.0
2025-02-26 09:40:00+08:00,36.0,36.0,36.0,36.0,20000,0.0,0.0
2025-02-26 09:43:00+08:00,36.0,36.0,36.0,36.0,21000,0.0,0.0
2025-02-26 09:44:00+08:00,36.0,36.0,36.0,36.0,1000,0.0,0.0
2025-02-26 09:45:00+08:00,36.04999923706055,36.04999923706055,36.04999923706055,36.04999923706055,17000,0.0,0.0
2025-02-26 09:46:00+08:00,36.099998474121094,36.20000076293945,36.099998474121094,36.20000076293945,25000,0.0,0.0
2025-02-26 09:47:00+08:00,36.20000076293945,36.20000076293945,36.20000076293945,36.20000076293945,1000,0.0,0.0
2025-02-26 09:48:00+08:00,36.20000076293945,36.25,36.20000076293945,36.25,10025,0.0,0.0
2025-02-26 09:51:00+08:00,36.150001525878906,36.150001525878906,36.150001525878906,36.150001525878906,13000,0.0,0.0
2025-02-26 10:02:00+08:00,36.150001525878906,36.150001525878906,36.150001525878906,36.150001525878906,1000,0.0,0.0
2025-02-26 10:03:00+08:00,36.150001525878906,36.150001525878906,36.150001525878906,36.150001525878906,1001,0.0,0.0
2025-02-26 10:04:00+08:00,36.099998474121094,36.099998474121094,36.099998474121094,36.099998474121094,1000,0.0,0.0
2025-02-26 10:05:00+08:00,36.099998474121094,36.150001525878906,36.099998474121094,36.150001525878906,12000,0.0,0.0
2025-02-26 10:09:00+08:00,36.150001525878906,36.150001525878906,36.150001525878906,36.150001525878906,1000,0.0,0.0
2025-02-26 10:10:00+08:00,36.150001525878906,36.20000076293945,36.150001525878906,36.20000076293945,10000,0.0,0.0
2025-02-26 10:13:00+08:00,36.25,36.29999923706055,36.25,36.29999923706055,27000,0.0,0.0
2025-02-26 10:14:00+08:00,36.25,36.25,36.25,36.25,2000,0.0,0.0
2025-02-26 10:15:00+08:00,36.25,36.25,36.25,36.25,20000,0.0,0.0
2025-02-26 10:16:00+08:00,36.25,36.25,36.25,36.25,2000,0.0,0.0
2025-02-26 10:20:00+08:00,36.349998474121094,36.349998474121094,36.349998474121094,36.349998474121094,13000,0.0,0.0
2025-02-26 10:21:00+08:00,36.400001525878906,36.45000076293945,36.400001525878906,36.400001525878906,32005,0.0,0.0
2025-02-26 10:25:00+08:00,36.20000076293945,36.20000076293945,36.20000076293945,36.20000076293945,1001,0.0,0.0
2025-02-26 10:35:00+08:00,36.20000076293945,36.20000076293945,36.20000076293945,36.20000076293945,1000,0.0,0.0
2025-02-26 10:38:00+08:00,36.150001525878906,36.20000076293945,36.150001525878906,36.20000076293945,18000,0.0,0.0
2025-02-26 10:40:00+08:00,36.20000076293945,36.5,36.20000076293945,36.5,49000,0.0,0.0
2025-02-26 10:42:00+08:00,36.5,36.5,36.400001525878906,36.5,33005,0.0,0.0
2025-02-26 10:43:00+08:00,36.5,36.54999923706055,36.5,36.54999923706055,18015,0.0,0.0
2025-02-26 10:44:00+08:00,36.599998474121094,36.599998474121094,36.400001525878906,36.400001525878906,18000,0.0,0.0
2025-02-26 10:45:00+08:00,36.400001525878906,36.400001525878906,36.400001525878906,36.400001525878906,3000,0.0,0.0
2025-02-26 10:46:00+08:00,36.45000076293945,36.5,36.45000076293945,36.5,4000,0.0,0.0
2025-02-26 10:47:00+08:00,36.54999923706055,36.599998474121094,36.54999923706055,36.599998474121094,13000,0.0,0.0
2025-02-26 10:48:00+08:00,36.650001525878906,36.95000076293945,36.650001525878906,36.95000076293945,104025,0.0,0.0
2025-02-26 10:49:00+08:00,36.95000076293945,36.95000076293945,36.900001525878906,36.900001525878906,2000,0.0,0.0
2025-02-26 10:50:00+08:00,36.95000076293945,37.0,36.95000076293945,36.95000076293945,31000,0.0,0.0
2025-02-26 10:51:00+08:00,36.95000076293945,37.0,36.95000076293945,37.0,9000,0.0,0.0
2025-02-26 10:52:00+08:00,37.0,37.04999923706055,36.95000076293945,37.0,60000,0.0,0.0
2025-02-26 10:53:00+08:00,37.0,37.04999923706055,37.0,37.0,13015,0.0,0.0
2025-02-26 10:54:00+08:00,37.0,37.0,36.95000076293945,36.95000076293945,17000,0.0,0.0
2025-02-26 10:55:00+08:00,36.95000076293945,36.95000076293945,36.849998474121094,36.849998474121094,19000,0.0,0.0
2025-02-26 10:59:00+08:00,36.849998474121094,36.849998474121094,36.849998474121094,36.849998474121094,17000,0.0,0.0
2025-02-26 11:02:00+08:00,36.79999923706055,36.79999923706055,36.79999923706055,36.79999923706055,6050,0.0,0.0
2025-02-26 11:05:00+08:00,36.75,36.75,36.75,36.75,10000,0.0,0.0
2025-02-26 11:07:00+08:00,36.75,36.75,36.75,36.75,3001,0.0,0.0
2025-02-26 11:08:00+08:00,36.75,36.75,36.75,36.75,1023,0.0,0.0
2025-02-26 11:12:00+08:00,36.75,36.75,36.75,36.75,2153,0.0,0.0
2025-02-26 11:13:00+08:00,36.75,36.75,36.75,36.75,2000,0.0,0.0
2025-02-26 11:14:00+08:00,36.75,36.75,36.75,36.75,2030,0.0,0.0
2025-02-26 11:18:00+08:00,36.75,36.75,36.75,36.75,2000,0.0,0.0
2025-02-26 11:19:00+08:00,36.75,36.75,36.75,36.75,2000,0.0,0.0
2025-02-26 11:23:00+08:00,36.75,36.75,36.75,36.75,2000,0.0,0.0
2025-02-26 11:24:00+08:00,36.70000076293945,36.70000076293945,36.70000076293945,36.70000076293945,1000,0.0,0.0
2025-02-26 11:25:00+08:00,36.70000076293945,36.70000076293945,36.70000076293945,36.70000076293945,1000,0.0,0.0
2025-02-26 11:26:00+08:00,36.70000076293945,36.70000076293945,36.70000076293945,36.70000076293945,6000,0.0,0.0
2025-02-26 11:27:00+08:00,36.70000076293945,36.70000076293945,36.70000076293945,36.70000076293945,0,0.0,0.0
2025-02-26 11:29:00+08:00,36.70000076293945,36.70000076293945,36.70000076293945,36.70000076293945,886477,0.0,0.0
2025-02-26 11:33:00+08:00,36.70000076293945,36.70000076293945,36.70000076293945,36.70000076293945,14000,0.0,0.0
2025-02-26 11:34:00+08:00,36.650001525878906,36.650001525878906,36.650001525878906,36.650001525878906,3000,0.0,0.0
2025-02-26 11:36:00+08:00,36.70000076293945,36.70000076293945,36.70000076293945,36.70000076293945,2000,0.0,0.0
2025-02-26 11:37:00+08:00,36.70000076293945,36.70000076293945,36.70000076293945,36.70000076293945,1000,0.0,0.0
2025-02-26 11:38:00+08:00,36.650001525878906,36.650001525878906,36.650001525878906,36.650001525878906,1000,0.0,0.0
2025-02-26 11:40:00+08:00,36.70000076293945,36.70000076293945,36.650001525878906,36.650001525878906,20001,0.0,0.0
2025-02-26 11:41:00+08:00,36.650001525878906,36.95000076293945,36.650001525878906,36.95000076293945,87067,0.0,0.0
2025-02-26 11:42:00+08:00,36.95000076293945,36.95000076293945,36.95000076293945,36.95000076293945,1000,0.0,0.0
2025-02-26 11:43:00+08:00,36.95000076293945,36.95000076293945,36.95000076293945,36.95000076293945,2000,0.0,0.0
2025-02-26 11:44:00+08:00,36.849998474121094,36.849998474121094,36.849998474121094,36.849998474121094,1000,0.0,0.0
2025-02-26 11:45:00+08:00,36.900001525878906,36.900001525878906,36.900001525878906,36.900001525878906,1000,0.0,0.0
2025-02-26 11:49:00+08:00,36.849998474121094,36.849998474121094,36.849998474121094,36.849998474121094,1000,0.0,0.0
2025-02-26 11:52:00+08:00,36.849998474121094,36.849998474121094,36.849998474121094,36.849998474121094,1000,0.0,0.0
2025-02-26 11:53:00+08:00,36.849998474121094,36.849998474121094,36.849998474121094,36.849998474121094,2000,0.0,0.0
2025-02-26 11:56:00+08:00,36.849998474121094,36.849998474121094,36.849998474121094,36.849998474121094,3000,0.0,0.0
2025-02-26 11:57:00+08:00,36.79999923706055,36.79999923706055,36.79999923706055,36.79999923706055,1000,0.0,0.0
2025-02-26 11:58:00+08:00,36.79999923706055,36.79999923706055,36.79999923706055,36.79999923706055,1000,0.0,0.0
2025-02-26 12:00:00+08:00,36.79999923706055,36.79999923706055,36.79999923706055,36.79999923706055,6030,0.0,0.0
2025-02-26 12:03:00+08:00,36.79999923706055,36.79999923706055,36.79999923706055,36.79999923706055,3020,0.0,0.0
2025-02-26 12:07:00+08:00,36.79999923706055,36.79999923706055,36.79999923706055,36.79999923706055,1000,0.0,0.0
2025-02-26 12:11:00+08:00,36.849998474121094,36.900001525878906,36.849998474121094,36.900001525878906,11000,0.0,0.0
2025-02-26 12:13:00+08:00,36.95000076293945,36.95000076293945,36.95000076293945,36.95000076293945,2000,0.0,0.0
2025-02-26 12:15:00+08:00,36.900001525878906,36.900001525878906,36.900001525878906,36.900001525878906,1000,0.0,0.0
2025-02-26 12:16:00+08:00,36.900001525878906,36.900001525878906,36.900001525878906,36.900001525878906,1005,0.0,0.0
2025-02-26 12:17:00+08:00,36.900001525878906,36.900001525878906,36.900001525878906,36.900001525878906,2000,0.0,0.0
2025-02-26 12:18:00+08:00,36.900001525878906,36.900001525878906,36.900001525878906,36.900001525878906,1000,0.0,0.0
2025-02-26 12:19:00+08:00,36.900001525878906,36.900001525878906,36.900001525878906,36.900001525878906,3000,0.0,0.0
2025-02-26 12:20:00+08:00,36.900001525878906,36.900001525878906,36.900001525878906,36.900001525878906,4001,0.0,0.0
2025-02-26 12:24:00+08:00,36.900001525878906,36.900001525878906,36.900001525878906,36.900001525878906,2001,0.0,0.0
2025-02-26 12:25:00+08:00,36.900001525878906,36.900001525878906,36.900001525878906,36.900001525878906,10000,0.0,0.0
2025-02-26 12:26:00+08:00,36.900001525878906,36.900001525878906,36.900001525878906,36.900001525878906,2002,0.0,0.0
2025-02-26 12:28:00+08:00,36.900001525878906,36.900001525878906,36.900001525878906,36.900001525878906,1000,0.0,0.0
2025-02-26 12:29:00+08:00,36.95000076293945,36.95000076293945,36.95000076293945,36.95000076293945,1001,0.0,0.0
2025-02-26 12:32:00+08:00,36.900001525878906,36.900001525878906,36.900001525878906,36.900001525878906,3000,0.0,0.0
2025-02-26 12:33:00+08:00,36.95000076293945,36.95000076293945,36.900001525878906,36.900001525878906,16000,0.0,0.0
2025-02-26 12:34:00+08:00,36.900001525878906,36.900001525878906,36.599998474121094,36.75,94073,0.0,0.0
2025-02-26 12:35:00+08:00,36.70000076293945,36.75,36.70000076293945,36.70000076293945,7000,0.0,0.0
2025-02-26 12:36:00+08:00,36.75,36.849998474121094,36.70000076293945,36.849998474121094,45571,0.0,0.0
2025-02-26 12:37:00+08:00,36.79999923706055,36.79999923706055,36.75,36.79999923706055,43456,0.0,0.0
2025-02-26 12:38:00+08:00,36.79999923706055,36.849998474121094,36.70000076293945,36.79999923706055,69000,0.0,0.0
2025-02-26 12:39:00+08:00,36.79999923706055,36.79999923706055,36.75,36.79999923706055,4020,0.0,0.0
2025-02-26 12:40:00+08:00,36.75,36.79999923706055,36.75,36.75,15000,0.0,0.0
2025-02-26 12:41:00+08:00,36.75,36.75,36.599998474121094,36.599998474121094,30277,0.0,0.0
2025-02-26 12:43:00+08:00,36.599998474121094,36.650001525878906,36.599998474121094,36.650001525878906,10000,0.0,0.0
2025-02-26 12:45:00+08:00,36.70000076293945,36.70000076293945,36.70000076293945,36.70000076293945,4000,0.0,0.0
2025-02-26 12:46:00+08:00,36.70000076293945,36.70000076293945,36.70000076293945,36.70000076293945,1000,0.0,0.0
2025-02-26 12:47:00+08:00,36.75,36.75,36.75,36.75,3001,0.0,0.0
2025-02-26 12:48:00+08:00,36.75,36.75,36.75,36.75,1001,0.0,0.0
2025-02-26 12:49:00+08:00,36.75,36.75,36.75,36.75,5000,0.0,0.0
2025-02-26 12:51:00+08:00,36.75,36.75,36.75,36.75,2000,0.0,0.0
2025-02-26 12:52:00+08:00,36.75,36.75,36.75,36.75,2001,0.0,0.0
2025-02-26 12:53:00+08:00,36.75,36.75,36.75,36.75,1000,0.0,0.0
2025-02-26 12:54:00+08:00,36.79999923706055,36.79999923706055,36.650001525878906,36.650001525878906,12000,0.0,0.0
2025-02-26 12:55:00+08:00,36.650001525878906,36.650001525878906,36.650001525878906,36.650001525878906,1003,0.0,0.0
2025-02-26 12:57:00+08:00,36.70000076293945,36.70000076293945,36.70000076293945,36.70000076293945,1000,0.0,0.0
2025-02-26 12:59:00+08:00,36.70000076293945,36.70000076293945,36.70000076293945,36.70000076293945,2000,0.0,0.0
2025-02-26 13:01:00+08:00,36.75,36.75,36.75,36.75,2000,0.0,0.0
2025-02-26 13:02:00+08:00,36.75,36.79999923706055,36.75,36.75,4000,0.0,0.0
2025-02-26 13:03:00+08:00,36.79999923706055,36.79999923706055,36.79999923706055,36.79999923706055,1000,0.0,0.0
2025-02-26 13:04:00+08:00,36.79999923706055,36.79999923706055,36.79999923706055,36.79999923706055,1000,0.0,0.0
2025-02-26 13:05:00+08:00,36.79999923706055,36.79999923706055,36.79999923706055,36.79999923706055,10000,0.0,0.0
2025-02-26 13:06:00+08:00,36.849998474121094,36.849998474121094,36.849998474121094,36.849998474121094,14000,0.0,0.0
2025-02-26 13:07:00+08:00,36.849998474121094,36.849998474121094,36.849998474121094,36.849998474121094,1000,0.0,0.0
2025-02-26 13:08:00+08:00,36.79999923706055,36.79999923706055,36.79999923706055,36.79999923706055,8000,0.0,0.0
2025-02-26 13:09:00+08:00,36.79999923706055,36.79999923706055,36.79999923706055,36.79999923706055,5058,0.0,0.0
2025-02-26 13:10:00+08:00,36.75,36.75,36.75,36.75,1000,0.0,0.0
2025-02-26 13:11:00+08:00,36.75,36.75,36.75,36.75,1000,0.0,0.0
2025-02-26 13:12:00+08:00,36.75,36.75,36.75,36.75,1000,0.0,0.0
2025-02-26 13:13:00+08:00,36.79999923706055,36.900001525878906,36.79999923706055,36.900001525878906,13000,0.0,0.0
2025-02-26 13:14:00+08:00,36.900001525878906,36.900001525878906,36.900001525878906,36.900001525878906,1000,0.0,0.0
2025-02-26 13:15:00+08:00,36.849998474121094,36.900001525878906,36.849998474121094,36.900001525878906,4000,0.0,0.0
2025-02-26 13:16:00+08:00,36.900001525878906,36.900001525878906,36.900001525878906,36.900001525878906,10000,0.0,0.0
2025-02-26 13:17:00+08:00,36.900001525878906,36.900001525878906,36.900001525878906,36.900001525878906,1000,0.0,0.0
2025-02-26 13:18:00+08:00,36.849998474121094,36.849998474121094,36.79999923706055,36.79999923706055,10003,0.0,0.0
2025-02-26 13:19:00+08:00,36.79999923706055,36.900001525878906,36.79999923706055,36.900001525878906,3000,0.0,0.0
2025-02-26 13:21:00+08:00,36.900001525878906,36.900001525878906,36.900001525878906,36.900001525878906,5000,0.0,0.0
2025-02-26 13:22:00+08:00,36.900001525878906,36.900001525878906,36.900001525878906,36.900001525878906,3000,0.0,0.0
2025-02-26 13:23:00+08:00,36.95000076293945,36.95000076293945,36.95000076293945,36.95000076293945,4000,0.0,0.0
2025-02-26 13:24:00+08:00,36.900001525878906,36.900001525878906,36.900001525878906,36.900001525878906,1000,0.0,0.0
2025-02-27 09:00:00+08:00,36.900001525878906,36.900001525878906,36.599998474121094,36.599998474121094,0,0.0,0.0
2025-02-27 09:02:00+08:00,36.650001525878906,36.650001525878906,36.650001525878906,36.650001525878906,1000,0.0,0.0
2025-02-27 09:03:00+08:00,36.70000076293945,36.849998474121094,36.70000076293945,36.849998474121094,14000,0.0,0.0
2025-02-27 09:04:00+08:00,36.849998474121094,36.900001525878906,36.849998474121094,36.900001525878906,10000,0.0,0.0
2025-02-27 09:06:00+08:00,36.900001525878906,37.0,36.900001525878906,37.0,5000,0.0,0.0
2025-02-27 09:07:00+08:00,36.95000076293945,36.95000076293945,36.95000076293945,36.95000076293945,1000,0.0,0.0
2025-02-27 09:08:00+08:00,36.95000076293945,36.95000076293945,36.75,36.75,3000,0.0,0.0
2025-02-27 09:09:00+08:00,36.75,36.79999923706055,36.75,36.79999923706055,6115,0.0,0.0
2025-02-27 09:10:00+08:00,36.79999923706055,36.79999923706055,36.79999923706055,36.79999923706055,7002,0.0,0.0
2025-02-27 09:13:00+08:00,36.849998474121094,36.849998474121094,36.849998474121094,36.849998474121094,2000,0.0,0.0
2025-02-27 09:15:00+08:00,36.849998474121094,36.849998474121094,36.849998474121094,36.849998474121094,1000,0.0,0.0
2025-02-27 09:16:00+08:00,36.95000076293945,37.0,36.95000076293945,36.95000076293945,27000,0.0,0.0
2025-02-27 09:19:00+08:00,36.900001525878906,36.900001525878906,36.900001525878906,36.900001525878906,0,0.0,0.0
2025-02-27 09:21:00+08:00,36.95000076293945,37.04999923706055,36.95000076293945,37.04999923706055,107117,0.0,0.0
2025-02-27 09:22:00+08:00,37.25,37.25,37.20000076293945,37.20000076293945,57000,0.0,0.0
2025-02-27 09:23:00+08:00,37.20000076293945,37.20000076293945,37.20000076293945,37.20000076293945,2000,0.0,0.0
2025-02-27 09:24:00+08:00,37.150001525878906,37.150001525878906,37.150001525878906,37.150001525878906,8001,0.0,0.0
2025-02-27 09:25:00+08:00,37.150001525878906,37.150001525878906,37.150001525878906,37.150001525878906,1000,0.0,0.0
2025-02-27 09:26:00+08:00,37.04999923706055,37.04999923706055,37.04999923706055,37.04999923706055,2000,0.0,0.0
2025-02-27 09:27:00+08:00,37.04999923706055,37.04999923706055,37.0,37.0,6000,0.0,0.0
2025-02-27 09:28:00+08:00,37.099998474121094,37.099998474121094,37.099998474121094,37.099998474121094,1000,0.0,0.0
2025-02-27 09:30:00+08:00,37.04999923706055,37.04999923706055,37.04999923706055,37.04999923706055,1000,0.0,0.0
2025-02-27 09:35:00+08:00,37.04999923706055,37.04999923706055,37.04999923706055,37.04999923706055,5000,0.0,0.0
2025-02-27 09:36:00+08:00,37.0,37.0,37.0,37.0,1000,0.0,0.0
2025-02-27 09:37:00+08:00,37.150001525878906,37.150001525878906,37.150001525878906,37.150001525878906,2001,0.0,0.0
2025-02-27 09:41:00+08:00,37.150001525878906,37.150001525878906,37.150001525878906,37.150001525878906,3001,0.0,0.0
2025-02-27 09:42:00+08:00,37.20000076293945,37.20000076293945,37.20000076293945,37.20000076293945,2000,0.0,0.0
2025-02-27 09:49:00+08:00,37.150001525878906,37.150001525878906,37.150001525878906,37.150001525878906,1000,0.0,0.0
2025-02-27 09:50:00+08:00,37.099998474121094,37.099998474121094,37.099998474121094,37.099998474121094,2000,0.0,0.0
2025-02-27 09:51:00+08:00,37.099998474121094,37.099998474121094,37.099998474121094,37.099998474121094,3000,0.0,0.0
2025-02-27 09:53:00+08:00,37.04999923706055,37.04999923706055,37.04999923706055,37.04999923706055,1000,0.0,0.0
2025-02-27 09:54:00+08:00,37.04999923706055,37.04999923706055,37.04999923706055,37.04999923706055,6000,0.0,0.0
2025-02-27 09:55:00+08:00,37.099998474121094,37.099998474121094,37.099998474121094,37.099998474121094,6000,0.0,0.0
2025-02-27 09:56:00+08:00,37.20000076293945,37.20000076293945,37.20000076293945,37.20000076293945,5000,0.0,0.0
2025-02-27 09:58:00+08:00,37.20000076293945,37.20000076293945,37.20000076293945,37.20000076293945,1000,0.0,0.0
2025-02-27 10:00:00+08:00,37.20000076293945,37.25,37.20000076293945,37.25,12000,0.0,0.0
2025-02-27 10:01:00+08:00,37.25,37.25,37.25,37.25,11003,0.0,0.0
2025-02-27 10:03:00+08:00,37.150001525878906,37.150001525878906,37.099998474121094,37.099998474121094,5000,0.0,0.0
2025-02-27 10:04:00+08:00,37.04999923706055,37.04999923706055,37.0,37.0,6000,0.0,0.0
2025-02-27 10:05:00+08:00,37.04999923706055,37.04999923706055,37.04999923706055,37.04999923706055,2000,0.0,0.0
2025-02-27 10:06:00+08:00,37.04999923706055,37.04999923706055,37.04999923706055,37.04999923706055,1000,0.0,0.0
2025-02-27 10:07:00+08:00,37.04999923706055,37.04999923706055,37.04999923706055,37.04999923706055,1000,0.0,0.0
2025-02-27 10:08:00+08:00,37.04999923706055,37.04999923706055,37.0,37.0,6000,0.0,0.0
2025-02-27 10:09:00+08:00,37.0,37.0,37.0,37.0,1001,0.0,0.0
2025-02-27 10:10:00+08:00,36.95000076293945,37.04999923706055,36.95000076293945,37.04999923706055,18000,0.0,0.0
2025-02-27 10:11:00+08:00,37.20000076293945,37.20000076293945,37.20000076293945,37.20000076293945,4000,0.0,0.0
2025-02-27 10:14:00+08:00,37.04999923706055,37.04999923706055,37.04999923706055,37.04999923706055,3000,0.0,0.0
2025-02-27 10:16:00+08:00,37.0,37.0,37.0,37.0,1000,0.0,0.0
2025-02-27 10:17:00+08:00,36.900001525878906,36.900001525878906,36.900001525878906,36.900001525878906,2000,0.0,0.0
2025-02-27 10:18:00+08:00,36.95000076293945,36.95000076293945,36.95000076293945,36.95000076293945,1000,0.0,0.0
2025-02-27 10:19:00+08:00,36.95000076293945,36.95000076293945,36.95000076293945,36.95000076293945,7000,0.0,0.0
2025-02-27 10:20:00+08:00,37.0,37.099998474121094,37.0,37.04999923706055,15000,0.0,0.0
2025-02-27 10:22:00+08:00,37.150001525878906,37.150001525878906,37.150001525878906,37.150001525878906,3000,0.0,0.0
2025-02-27 10:23:00+08:00,37.099998474121094,37.099998474121094,37.04999923706055,37.099998474121094,5000,0.0,0.0
2025-02-27 10:24:00+08:00,37.099998474121094,37.150001525878906,37.099998474121094,37.150001525878906,2000,0.0,0.0
2025-02-27 10:25:00+08:00,37.150001525878906,37.150001525878906,37.099998474121094,37.099998474121094,11200,0.0,0.0
2025-02-27 10:31:00+08:00,37.099998474121094,37.099998474121094,37.099998474121094,37.099998474121094,1000,0.0,0.0
2025-02-27 10:33:00+08:00,37.099998474121094,37.099998474121094,37.099998474121094,37.099998474121094,1000,0.0,0.0
2025-02-27 10:37:00+08:00,37.04999923706055,37.04999923706055,37.04999923706055,37.04999923706055,1300,0.0,0.0
2025-02-27 10:40:00+08:00,37.0,37.0,37.0,37.0,1000,0.0,0.0
2025-02-27 10:45:00+08:00,37.0,37.0,37.0,37.0,3000,0.0,0.0
2025-02-27 10:54:00+08:00,37.0,37.0,37.0,37.0,1000,0.0,0.0
2025-02-27 10:55:00+08:00,37.04999923706055,37.04999923706055,37.04999923706055,37.04999923706055,1000,0.0,0.0
2025-02-27 10:56:00+08:00,37.0,37.04999923706055,37.0,37.04999923706055,2000,0.0,0.0
2025-02-27 11:01:00+08:00,37.099998474121094,37.099998474121094,37.099998474121094,37.099998474121094,1000,0.0,0.0
2025-02-27 11:03:00+08:00,37.099998474121094,37.099998474121094,37.099998474121094,37.099998474121094,3001,0.0,0.0
2025-02-27 11:08:00+08:00,37.099998474121094,37.099998474121094,37.099998474121094,37.099998474121094,1001,0.0,0.0
2025-02-27 11:10:00+08:00,37.150001525878906,37.150001525878906,37.150001525878906,37.150001525878906,2000,0.0,0.0
2025-02-27 11:11:00+08:00,37.20000076293945,37.25,37.20000076293945,37.25,22000,0.0,0.0
2025-02-27 11:14:00+08:00,37.25,37.25,37.25,37.25,15000,0.0,0.0
2025-02-27 11:15:00+08:00,37.25,37.25,37.20000076293945,37.20000076293945,5000,0.0,0.0
2025-02-27 11:16:00+08:00,37.20000076293945,37.20000076293945,37.20000076293945,37.20000076293945,1000,0.0,0.0
2025-02-27 11:20:00+08:00,37.400001525878906,37.400001525878906,37.349998474121094,37.349998474121094,39001,0.0,0.0
2025-02-27 11:21:00+08:00,37.29999923706055,37.29999923706055,37.29999923706055,37.29999923706055,1000,0.0,0.0
2025-02-27 11:22:00+08:00,37.29999923706055,37.29999923706055,37.29999923706055,37.29999923706055,1000,0.0,0.0
2025-02-27 11:24:00+08:00,37.29999923706055,37.400001525878906,37.29999923706055,37.400001525878906,33000,0.0,0.0
2025-02-27 11:25:00+08:00,37.45000076293945,37.5,37.45000076293945,37.45000076293945,11111,0.0,0.0
2025-02-27 11:28:00+08:00,37.400001525878906,37.400001525878906,37.400001525878906,37.400001525878906,6000,0.0,0.0
2025-02-27 11:29:00+08:00,37.400001525878906,37.400001525878906,37.349998474121094,37.349998474121094,10014,0.0,0.0
2025-02-27 11:39:00+08:00,37.349998474121094,37.349998474121094,37.349998474121094,37.349998474121094,2000,0.0,0.0
2025-02-27 11:42:00+08:00,37.349998474121094,37.349998474121094,37.349998474121094,37.349998474121094,1000,0.0,0.0
2025-02-27 11:45:00+08:00,37.400001525878906,37.54999923706055,37.400001525878906,37.54999923706055,80045,0.0,0.0
2025-02-27 11:46:00+08:00,37.45000076293945,37.54999923706055,37.45000076293945,37.54999923706055,8315,0.0,0.0
2025-02-27 11:48:00+08:00,37.599998474121094,37.599998474121094,37.599998474121094,37.599998474121094,1000,0.0,0.0
2025-02-27 11:50:00+08:00,37.54999923706055,37.54999923706055,37.54999923706055,37.54999923706055,10000,0.0,0.0
2025-02-27 11:52:00+08:00,37.5,37.5,37.5,37.5,1000,0.0,0.0
2025-02-27 11:54:00+08:00,37.45000076293945,37.45000076293945,37.349998474121094,37.349998474121094,2010,0.0,0.0
2025-02-27 11:56:00+08:00,37.45000076293945,37.45000076293945,37.45000076293945,37.45000076293945,1001,0.0,0.0
2025-02-27 11:58:00+08:00,37.400001525878906,37.400001525878906,37.400001525878906,37.400001525878906,6500,0.0,0.0
2025-02-27 12:01:00+08:00,37.45000076293945,37.45000076293945,37.400001525878906,37.400001525878906,2000,0.0,0.0
2025-02-27 12:03:00+08:00,37.400001525878906,37.400001525878906,37.400001525878906,37.400001525878906,1471,0.0,0.0
2025-02-27 12:06:00+08:00,37.400001525878906,37.400001525878906,37.400001525878906,37.400001525878906,10100,0.0,0.0
2025-02-27 12:07:00+08:00,37.400001525878906,37.400001525878906,37.400001525878906,37.400001525878906,1000,0.0,0.0
2025-02-27 12:09:00+08:00,37.400001525878906,37.400001525878906,37.400001525878906,37.400001525878906,1000,0.0,0.0
2025-02-27 12:12:00+08:00,37.349998474121094,37.400001525878906,37.349998474121094,37.400001525878906,2015,0.0,0.0
2025-02-27 12:14:00+08:00,37.349998474121094,37.54999923706055,37.349998474121094,37.54999923706055,26008,0.0,0.0
2025-02-27 12:16:00+08:00,37.5,37.5,37.5,37.5,1100,0.0,0.0
2025-02-27 12:21:00+08:00,37.349998474121094,37.349998474121094,37.349998474121094,37.349998474121094,2000,0.0,0.0
2025-02-27 12:24:00+08:00,37.349998474121094,37.349998474121094,37.29999923706055,37.29999923706055,3000,0.0,0.0
2025-02-27 12:25:00+08:00,37.29999923706055,37.29999923706055,37.29999923706055,37.29999923706055,3000,0.0,0.0
2025-02-27 12:26:00+08:00,37.29999923706055,37.29999923706055,37.29999923706055,37.29999923706055,7000,0.0,0.0
2025-02-27 12:29:00+08:00,37.29999923706055,37.29999923706055,37.29999923706055,37.29999923706055,1001,0.0,0.0
2025-02-27 12:33:00+08:00,37.29999923706055,37.29999923706055,37.29999923706055,37.29999923706055,1000,0.0,0.0
2025-02-27 12:35:00+08:00,37.29999923706055,37.29999923706055,37.29999923706055,37.29999923706055,2030,0.0,0.0
2025-02-27 12:36:00+08:00,37.400001525878906,37.400001525878906,37.400001525878906,37.400001525878906,2000,0.0,0.0
2025-02-27 12:37:00+08:00,37.349998474121094,37.349998474121094,37.29999923706055,37.349998474121094,21000,0.0,0.0
2025-02-27 12:38:00+08:00,37.29999923706055,37.29999923706055,37.099998474121094,37.099998474121094,50378,0.0,0.0
2025-02-27 12:39:00+08:00,37.150001525878906,37.20000076293945,37.150001525878906,37.20000076293945,36000,0.0,0.0
2025-02-27 12:41:00+08:00,37.29999923706055,37.29999923706055,37.29999923706055,37.29999923706055,2027,0.0,0.0
2025-02-27 12:43:00+08:00,37.29999923706055,37.29999923706055,37.29999923706055,37.29999923706055,4000,0.0,0.0
2025-02-27 12:44:00+08:00,37.29999923706055,37.29999923706055,37.29999923706055,37.29999923706055,1050,0.0,0.0
2025-02-27 12:45:00+08:00,37.29999923706055,37.29999923706055,37.29999923706055,37.29999923706055,1001,0.0,0.0
2025-02-27 12:46:00+08:00,37.29999923706055,37.29999923706055,37.29999923706055,37.29999923706055,2000,0.0,0.0
2025-02-27 12:49:00+08:00,37.25,37.25,37.25,37.25,3000,0.0,0.0
2025-02-27 12:50:00+08:00,37.25,37.25,37.25,37.25,7000,0.0,0.0
2025-02-27 12:53:00+08:00,37.25,37.25,37.25,37.25,1000,0.0,0.0
2025-02-27 12:55:00+08:00,37.25,37.25,37.25,37.25,1000,0.0,0.0
2025-02-27 12:57:00+08:00,37.25,37.25,37.25,37.25,1049,0.0,0.0
2025-02-27 12:58:00+08:00,37.25,37.25,37.25,37.25,1057,0.0,0.0
2025-02-27 13:01:00+08:00,37.29999923706055,37.29999923706055,37.29999923706055,37.29999923706055,5000,0.0,0.0
2025-02-27 13:09:00+08:00,37.25,37.25,37.25,37.25,4000,0.0,0.0
2025-02-27 13:11:00+08:00,37.29999923706055,37.349998474121094,37.29999923706055,37.349998474121094,10000,0.0,0.0
2025-02-27 13:13:00+08:00,37.29999923706055,37.29999923706055,37.29999923706055,37.29999923706055,3000,0.0,0.0
2025-02-27 13:15:00+08:00,37.29999923706055,37.29999923706055,37.29999923706055,37.29999923706055,1000,0.0,0.0
2025-02-27 13:17:00+08:00,37.29999923706055,37.29999923706055,37.29999923706055,37.29999923706055,2000,0.0,0.0
2025-02-27 13:19:00+08:00,37.25,37.25,37.25,37.25,3000,0.0,0.0
2025-02-27 13:20:00+08:00,37.25,37.29999923706055,37.25,37.29999923706055,6000,0.0,0.0
2025-02-27 13:21:00+08:00,37.25,37.25,37.25,37.25,5076,0.0,0.0
2025-02-27 13:23:00+08:00,37.25,37.25,37.25,37.25,1000,0.0,0.0
2025-02-27 13:24:00+08:00,37.25,37.25,37.20000076293945,37.20000076293945,10001,0.0,0.0
