Datetime,Open,High,Low,Close,Volume,Dividends,Stock Splits
2024-10-28 09:30:00-04:00,4.760000228881836,4.769999980926514,4.760000228881836,4.769999980926514,0,0.0,0.0
2024-10-28 09:32:00-04:00,4.755000114440918,4.755000114440918,4.755000114440918,4.755000114440918,907,0.0,0.0
2024-10-28 09:33:00-04:00,4.820000171661377,4.840000152587891,4.820000171661377,4.840000152587891,1684,0.0,0.0
2024-10-28 09:34:00-04:00,4.840000152587891,4.840000152587891,4.820000171661377,4.840000152587891,2011,0.0,0.0
2024-10-28 09:39:00-04:00,4.849999904632568,4.849999904632568,4.849999904632568,4.849999904632568,293,0.0,0.0
2024-10-28 09:40:00-04:00,4.860000133514404,4.860000133514404,4.860000133514404,4.860000133514404,320,0.0,0.0
2024-10-28 09:49:00-04:00,4.889999866485596,4.889999866485596,4.889999866485596,4.889999866485596,2090,0.0,0.0
2024-10-28 09:50:00-04:00,4.900000095367432,4.900000095367432,4.894999980926514,4.894999980926514,1032,0.0,0.0
2024-10-28 09:51:00-04:00,4.900000095367432,4.900000095367432,4.900000095367432,4.900000095367432,0,0.0,0.0
2024-10-28 09:52:00-04:00,4.90500020980835,4.90500020980835,4.90500020980835,4.90500020980835,200,0.0,0.0
2024-10-28 09:57:00-04:00,4.900000095367432,4.900000095367432,4.900000095367432,4.900000095367432,3529,0.0,0.0
2024-10-28 09:58:00-04:00,4.889999866485596,4.889999866485596,4.869999885559082,4.869999885559082,682,0.0,0.0
2024-10-28 10:00:00-04:00,4.889999866485596,4.889999866485596,4.869999885559082,4.869999885559082,696,0.0,0.0
2024-10-28 10:01:00-04:00,4.860000133514404,4.860000133514404,4.860000133514404,4.860000133514404,217,0.0,0.0
2024-10-28 10:03:00-04:00,4.880000114440918,4.900000095367432,4.880000114440918,4.889999866485596,1415,0.0,0.0
2024-10-28 10:06:00-04:00,4.900000095367432,4.909999847412109,4.900000095367432,4.909999847412109,914,0.0,0.0
2024-10-28 10:07:00-04:00,4.909999847412109,4.909999847412109,4.909999847412109,4.909999847412109,353,0.0,0.0
2024-10-28 10:08:00-04:00,4.900000095367432,4.900000095367432,4.900000095367432,4.900000095367432,709,0.0,0.0
2024-10-28 10:09:00-04:00,4.900000095367432,4.900000095367432,4.900000095367432,4.900000095367432,211,0.0,0.0
2024-10-28 10:10:00-04:00,4.900000095367432,4.900000095367432,4.900000095367432,4.900000095367432,120,0.0,0.0
2024-10-28 10:15:00-04:00,4.909999847412109,4.909999847412109,4.909999847412109,4.909999847412109,1439,0.0,0.0
2024-10-28 10:16:00-04:00,4.920000076293945,4.929999828338623,4.920000076293945,4.929999828338623,1257,0.0,0.0
2024-10-28 10:17:00-04:00,4.920000076293945,4.925000190734863,4.920000076293945,4.925000190734863,671,0.0,0.0
2024-10-28 10:18:00-04:00,4.900000095367432,4.900000095367432,4.900000095367432,4.900000095367432,262,0.0,0.0
2024-10-28 10:20:00-04:00,4.909999847412109,4.909999847412109,4.909999847412109,4.909999847412109,148,0.0,0.0
2024-10-28 10:22:00-04:00,4.909999847412109,4.909999847412109,4.909999847412109,4.909999847412109,122,0.0,0.0
2024-10-28 10:23:00-04:00,4.914999961853027,4.914999961853027,4.909999847412109,4.909999847412109,1158,0.0,0.0
2024-10-28 10:24:00-04:00,4.914999961853027,4.914999961853027,4.909999847412109,4.909999847412109,765,0.0,0.0
2024-10-28 10:25:00-04:00,4.900000095367432,4.90500020980835,4.900000095367432,4.900000095367432,1044,0.0,0.0
2024-10-28 10:26:00-04:00,4.900000095367432,4.900000095367432,4.900000095367432,4.900000095367432,0,0.0,0.0
2024-10-28 10:29:00-04:00,4.909999847412109,4.920000076293945,4.909999847412109,4.914999961853027,1586,0.0,0.0
2024-10-28 10:30:00-04:00,4.914999961853027,4.914999961853027,4.914000034332275,4.914000034332275,228,0.0,0.0
2024-10-28 10:32:00-04:00,4.914999961853027,4.914999961853027,4.914999961853027,4.914999961853027,716,0.0,0.0
2024-10-28 10:37:00-04:00,4.914999961853027,4.914999961853027,4.914999961853027,4.914999961853027,266,0.0,0.0
2024-10-28 10:38:00-04:00,4.914999961853027,4.914999961853027,4.914999961853027,4.914999961853027,1190,0.0,0.0
2024-10-28 10:39:00-04:00,4.914999961853027,4.934999942779541,4.914999961853027,4.934999942779541,1251,0.0,0.0
2024-10-28 10:41:00-04:00,4.929999828338623,4.929999828338623,4.929999828338623,4.929999828338623,1729,0.0,0.0
2024-10-28 10:42:00-04:00,4.929999828338623,4.929999828338623,4.929999828338623,4.929999828338623,238,0.0,0.0
2024-10-28 10:45:00-04:00,4.929999828338623,4.929999828338623,4.920000076293945,4.920000076293945,2669,0.0,0.0
2024-10-28 10:46:00-04:00,4.925000190734863,4.925000190734863,4.925000190734863,4.925000190734863,518,0.0,0.0
2024-10-28 10:47:00-04:00,4.925000190734863,4.925000190734863,4.925000190734863,4.925000190734863,277,0.0,0.0
2024-10-28 10:48:00-04:00,4.920000076293945,4.920000076293945,4.920000076293945,4.920000076293945,428,0.0,0.0
2024-10-28 10:49:00-04:00,4.920000076293945,4.920000076293945,4.920000076293945,4.920000076293945,116,0.0,0.0
2024-10-28 10:50:00-04:00,4.920000076293945,4.920000076293945,4.920000076293945,4.920000076293945,2983,0.0,0.0
2024-10-28 10:51:00-04:00,4.920000076293945,4.920000076293945,4.920000076293945,4.920000076293945,337,0.0,0.0
2024-10-28 10:52:00-04:00,4.909999847412109,4.909999847412109,4.909999847412109,4.909999847412109,2498,0.0,0.0
2024-10-28 10:55:00-04:00,4.909999847412109,4.909999847412109,4.900000095367432,4.900000095367432,975,0.0,0.0
2024-10-28 10:56:00-04:00,4.900000095367432,4.90500020980835,4.894999980926514,4.894999980926514,4070,0.0,0.0
2024-10-28 10:57:00-04:00,4.894999980926514,4.894999980926514,4.894999980926514,4.894999980926514,111,0.0,0.0
2024-10-28 10:58:00-04:00,4.889999866485596,4.889999866485596,4.889999866485596,4.889999866485596,318,0.0,0.0
2024-10-28 10:59:00-04:00,4.889999866485596,4.889999866485596,4.885000228881836,4.889999866485596,1730,0.0,0.0
2024-10-28 11:00:00-04:00,4.885000228881836,4.885000228881836,4.885000228881836,4.885000228881836,101,0.0,0.0
2024-10-28 11:01:00-04:00,4.885000228881836,4.885000228881836,4.885000228881836,4.885000228881836,209,0.0,0.0
2024-10-28 11:02:00-04:00,4.885000228881836,4.885000228881836,4.885000228881836,4.885000228881836,159,0.0,0.0
2024-10-28 11:03:00-04:00,4.885000228881836,4.885000228881836,4.885000228881836,4.885000228881836,1167,0.0,0.0
2024-10-28 11:06:00-04:00,4.885000228881836,4.885000228881836,4.885000228881836,4.885000228881836,307,0.0,0.0
2024-10-28 11:07:00-04:00,4.885000228881836,4.885000228881836,4.885000228881836,4.885000228881836,289,0.0,0.0
2024-10-28 11:10:00-04:00,4.885000228881836,4.885000228881836,4.885000228881836,4.885000228881836,300,0.0,0.0
2024-10-28 11:11:00-04:00,4.885000228881836,4.885000228881836,4.885000228881836,4.885000228881836,7,0.0,0.0
2024-10-28 11:12:00-04:00,4.885000228881836,4.885000228881836,4.885000228881836,4.885000228881836,1107,0.0,0.0
2024-10-28 11:13:00-04:00,4.885000228881836,4.885000228881836,4.885000228881836,4.885000228881836,320,0.0,0.0
2024-10-28 11:14:00-04:00,4.884300231933594,4.884300231933594,4.884300231933594,4.884300231933594,647,0.0,0.0
2024-10-28 11:16:00-04:00,4.880000114440918,4.885000228881836,4.880000114440918,4.880000114440918,2515,0.0,0.0
2024-10-28 11:22:00-04:00,4.869999885559082,4.869999885559082,4.860000133514404,4.860000133514404,1397,0.0,0.0
2024-10-28 11:23:00-04:00,4.864999771118164,4.864999771118164,4.864999771118164,4.864999771118164,886,0.0,0.0
2024-10-28 11:24:00-04:00,4.864999771118164,4.864999771118164,4.864999771118164,4.864999771118164,1319,0.0,0.0
2024-10-28 11:25:00-04:00,4.869999885559082,4.875,4.869999885559082,4.875,926,0.0,0.0
2024-10-28 11:28:00-04:00,4.869999885559082,4.869999885559082,4.864999771118164,4.864999771118164,1441,0.0,0.0
2024-10-28 11:33:00-04:00,4.860000133514404,4.864999771118164,4.860000133514404,4.864999771118164,1003,0.0,0.0
2024-10-28 11:35:00-04:00,4.860000133514404,4.860000133514404,4.860000133514404,4.860000133514404,208,0.0,0.0
2024-10-28 11:36:00-04:00,4.860000133514404,4.860000133514404,4.860000133514404,4.860000133514404,1516,0.0,0.0
2024-10-28 11:41:00-04:00,4.869999885559082,4.869999885559082,4.869999885559082,4.869999885559082,947,0.0,0.0
2024-10-28 11:43:00-04:00,4.875,4.875,4.875,4.875,494,0.0,0.0
2024-10-28 11:44:00-04:00,4.875,4.875,4.875,4.875,2739,0.0,0.0
2024-10-28 11:45:00-04:00,4.875,4.894999980926514,4.875,4.894999980926514,1540,0.0,0.0
2024-10-28 11:48:00-04:00,4.900000095367432,4.900000095367432,4.900000095367432,4.900000095367432,310,0.0,0.0
2024-10-28 11:49:00-04:00,4.90500020980835,4.90500020980835,4.90500020980835,4.90500020980835,580,0.0,0.0
2024-10-28 11:51:00-04:00,4.900000095367432,4.900000095367432,4.900000095367432,4.900000095367432,669,0.0,0.0
2024-10-28 11:52:00-04:00,4.90500020980835,4.90500020980835,4.90500020980835,4.90500020980835,195,0.0,0.0
2024-10-28 11:55:00-04:00,4.900000095367432,4.900000095367432,4.894999980926514,4.894999980926514,2705,0.0,0.0
2024-10-28 11:57:00-04:00,4.894999980926514,4.894999980926514,4.894999980926514,4.894999980926514,806,0.0,0.0
2024-10-28 11:58:00-04:00,4.889999866485596,4.889999866485596,4.889999866485596,4.889999866485596,1717,0.0,0.0
2024-10-28 12:01:00-04:00,4.894999980926514,4.894999980926514,4.894800186157227,4.894800186157227,1403,0.0,0.0
2024-10-28 12:02:00-04:00,4.890900135040283,4.894999980926514,4.890900135040283,4.894999980926514,1727,0.0,0.0
2024-10-28 12:07:00-04:00,4.894999980926514,4.894999980926514,4.894000053405762,4.894999980926514,1463,0.0,0.0
2024-10-28 12:10:00-04:00,4.894999980926514,4.894999980926514,4.894999980926514,4.894999980926514,136,0.0,0.0
2024-10-28 12:12:00-04:00,4.894999980926514,4.894999980926514,4.894999980926514,4.894999980926514,294,0.0,0.0
2024-10-28 12:14:00-04:00,4.894999980926514,4.894999980926514,4.894999980926514,4.894999980926514,232,0.0,0.0
2024-10-28 12:15:00-04:00,4.900000095367432,4.90500020980835,4.894999980926514,4.90500020980835,2617,0.0,0.0
2024-10-28 12:16:00-04:00,4.909999847412109,4.920000076293945,4.90500020980835,4.920000076293945,4550,0.0,0.0
2024-10-28 12:17:00-04:00,4.914999961853027,4.914999961853027,4.914999961853027,4.914999961853027,240,0.0,0.0
2024-10-28 12:19:00-04:00,4.914999961853027,4.920000076293945,4.914999961853027,4.920000076293945,1337,0.0,0.0
2024-10-28 12:22:00-04:00,4.920000076293945,4.920000076293945,4.920000076293945,4.920000076293945,201,0.0,0.0
2024-10-28 12:23:00-04:00,4.920000076293945,4.920000076293945,4.920000076293945,4.920000076293945,250,0.0,0.0
2024-10-28 12:24:00-04:00,4.920000076293945,4.934999942779541,4.920000076293945,4.934999942779541,3481,0.0,0.0
2024-10-28 12:26:00-04:00,4.925000190734863,4.925000190734863,4.925000190734863,4.925000190734863,2406,0.0,0.0
2024-10-28 12:27:00-04:00,4.920000076293945,4.920000076293945,4.914999961853027,4.914999961853027,2302,0.0,0.0
2024-10-28 12:28:00-04:00,4.909999847412109,4.909999847412109,4.909999847412109,4.909999847412109,521,0.0,0.0
2024-10-28 12:29:00-04:00,4.90500020980835,4.90500020980835,4.90500020980835,4.90500020980835,573,0.0,0.0
2024-10-28 12:32:00-04:00,4.900000095367432,4.900000095367432,4.900000095367432,4.900000095367432,1590,0.0,0.0
2024-10-28 12:37:00-04:00,4.900000095367432,4.900000095367432,4.900000095367432,4.900000095367432,567,0.0,0.0
2024-10-28 12:38:00-04:00,4.889999866485596,4.889999866485596,4.889999866485596,4.889999866485596,465,0.0,0.0
2024-10-28 12:39:00-04:00,4.885000228881836,4.885000228881836,4.885000228881836,4.885000228881836,897,0.0,0.0
2024-10-28 12:42:00-04:00,4.885000228881836,4.885000228881836,4.885000228881836,4.885000228881836,826,0.0,0.0
2024-10-28 12:43:00-04:00,4.885000228881836,4.885000228881836,4.885000228881836,4.885000228881836,276,0.0,0.0
2024-10-28 12:44:00-04:00,4.885000228881836,4.885000228881836,4.885000228881836,4.885000228881836,105,0.0,0.0
2024-10-28 12:46:00-04:00,4.885000228881836,4.90500020980835,4.880000114440918,4.90500020980835,12112,0.0,0.0
2024-10-28 12:48:00-04:00,4.909999847412109,4.909999847412109,4.909999847412109,4.909999847412109,310,0.0,0.0
2024-10-28 12:52:00-04:00,4.920000076293945,4.920000076293945,4.920000076293945,4.920000076293945,756,0.0,0.0
2024-10-28 12:55:00-04:00,4.929999828338623,4.929999828338623,4.929999828338623,4.929999828338623,559,0.0,0.0
2024-10-28 12:57:00-04:00,4.929999828338623,4.929999828338623,4.929999828338623,4.929999828338623,142,0.0,0.0
2024-10-28 12:58:00-04:00,4.929999828338623,4.929999828338623,4.920000076293945,4.920000076293945,1795,0.0,0.0
2024-10-28 13:01:00-04:00,4.925000190734863,4.929999828338623,4.925000190734863,4.929999828338623,1043,0.0,0.0
2024-10-28 13:03:00-04:00,4.934999942779541,4.940000057220459,4.934999942779541,4.940000057220459,1822,0.0,0.0
2024-10-28 13:04:00-04:00,4.940000057220459,4.940000057220459,4.940000057220459,4.940000057220459,696,0.0,0.0
2024-10-28 13:05:00-04:00,4.940000057220459,4.940000057220459,4.940000057220459,4.940000057220459,371,0.0,0.0
2024-10-28 13:06:00-04:00,4.929999828338623,4.929999828338623,4.929999828338623,4.929999828338623,585,0.0,0.0
2024-10-28 13:07:00-04:00,4.934999942779541,4.934999942779541,4.9309000968933105,4.9309000968933105,1348,0.0,0.0
2024-10-28 13:08:00-04:00,4.934999942779541,4.934999942779541,4.934999942779541,4.934999942779541,104,0.0,0.0
2024-10-28 13:09:00-04:00,4.934999942779541,4.934999942779541,4.934999942779541,4.934999942779541,624,0.0,0.0
2024-10-28 13:10:00-04:00,4.929999828338623,4.929999828338623,4.929999828338623,4.929999828338623,3052,0.0,0.0
2024-10-28 13:11:00-04:00,4.929999828338623,4.929999828338623,4.929999828338623,4.929999828338623,465,0.0,0.0
2024-10-28 13:12:00-04:00,4.925000190734863,4.925000190734863,4.925000190734863,4.925000190734863,153,0.0,0.0
2024-10-28 13:13:00-04:00,4.925000190734863,4.925000190734863,4.925000190734863,4.925000190734863,450,0.0,0.0
2024-10-28 13:17:00-04:00,4.925000190734863,4.925000190734863,4.925000190734863,4.925000190734863,260,0.0,0.0
2024-10-28 13:18:00-04:00,4.925000190734863,4.925000190734863,4.925000190734863,4.925000190734863,437,0.0,0.0
2024-10-28 13:24:00-04:00,4.925000190734863,4.925000190734863,4.925000190734863,4.925000190734863,518,0.0,0.0
2024-10-28 13:30:00-04:00,4.925000190734863,4.925000190734863,4.925000190734863,4.925000190734863,968,0.0,0.0
2024-10-28 13:34:00-04:00,4.920000076293945,4.925000190734863,4.920000076293945,4.925000190734863,2756,0.0,0.0
2024-10-28 13:35:00-04:00,4.925000190734863,4.925000190734863,4.925000190734863,4.925000190734863,226,0.0,0.0
2024-10-28 13:36:00-04:00,4.920000076293945,4.920000076293945,4.914999961853027,4.914999961853027,983,0.0,0.0
2024-10-28 13:38:00-04:00,4.909999847412109,4.909999847412109,4.909999847412109,4.909999847412109,267,0.0,0.0
2024-10-28 13:39:00-04:00,4.909999847412109,4.909999847412109,4.909999847412109,4.909999847412109,115,0.0,0.0
2024-10-28 13:40:00-04:00,4.914999961853027,4.914999961853027,4.914999961853027,4.914999961853027,689,0.0,0.0
2024-10-28 13:43:00-04:00,4.909999847412109,4.909999847412109,4.909999847412109,4.909999847412109,106,0.0,0.0
2024-10-28 13:44:00-04:00,4.909999847412109,4.909999847412109,4.90500020980835,4.90500020980835,551,0.0,0.0
2024-10-28 13:45:00-04:00,4.90500020980835,4.90500020980835,4.90500020980835,4.90500020980835,262,0.0,0.0
2024-10-28 13:47:00-04:00,4.900000095367432,4.90500020980835,4.900000095367432,4.90500020980835,738,0.0,0.0
2024-10-28 13:52:00-04:00,4.9045000076293945,4.90500020980835,4.9045000076293945,4.90500020980835,1005,0.0,0.0
2024-10-28 13:55:00-04:00,4.9039998054504395,4.9039998054504395,4.9039998054504395,4.9039998054504395,1345,0.0,0.0
2024-10-28 13:57:00-04:00,4.903900146484375,4.903900146484375,4.903900146484375,4.903900146484375,540,0.0,0.0
2024-10-28 13:58:00-04:00,4.90500020980835,4.90500020980835,4.90500020980835,4.90500020980835,452,0.0,0.0
2024-10-28 13:59:00-04:00,4.900000095367432,4.900000095367432,4.889999866485596,4.889999866485596,2234,0.0,0.0
2024-10-28 14:00:00-04:00,4.889999866485596,4.889999866485596,4.889999866485596,4.889999866485596,566,0.0,0.0
2024-10-28 14:01:00-04:00,4.880000114440918,4.880000114440918,4.875,4.875,615,0.0,0.0
2024-10-28 14:02:00-04:00,4.875,4.875,4.875,4.875,503,0.0,0.0
2024-10-28 14:06:00-04:00,4.875,4.875,4.875,4.875,562,0.0,0.0
2024-10-28 14:10:00-04:00,4.869999885559082,4.869999885559082,4.869999885559082,4.869999885559082,102,0.0,0.0
2024-10-28 14:11:00-04:00,4.875,4.875,4.875,4.875,532,0.0,0.0
2024-10-28 14:17:00-04:00,4.869999885559082,4.869999885559082,4.869999885559082,4.869999885559082,649,0.0,0.0
2024-10-28 14:19:00-04:00,4.875,4.875,4.875,4.875,118,0.0,0.0
2024-10-28 14:20:00-04:00,4.875,4.875,4.875,4.875,3135,0.0,0.0
2024-10-28 14:21:00-04:00,4.875,4.875,4.875,4.875,454,0.0,0.0
2024-10-28 14:23:00-04:00,4.869999885559082,4.869999885559082,4.864999771118164,4.864999771118164,2103,0.0,0.0
2024-10-28 14:24:00-04:00,4.860000133514404,4.860000133514404,4.855000019073486,4.855000019073486,1363,0.0,0.0
2024-10-28 14:26:00-04:00,4.855000019073486,4.855000019073486,4.855000019073486,4.855000019073486,1178,0.0,0.0
2024-10-28 14:27:00-04:00,4.855000019073486,4.855000019073486,4.855000019073486,4.855000019073486,1672,0.0,0.0
2024-10-28 14:28:00-04:00,4.855000019073486,4.864999771118164,4.855000019073486,4.864999771118164,5309,0.0,0.0
2024-10-28 14:30:00-04:00,4.860000133514404,4.860000133514404,4.849999904632568,4.849999904632568,1543,0.0,0.0
2024-10-28 14:33:00-04:00,4.855000019073486,4.869999885559082,4.855000019073486,4.869999885559082,7629,0.0,0.0
2024-10-28 14:38:00-04:00,4.875,4.880000114440918,4.875,4.880000114440918,2616,0.0,0.0
2024-10-28 14:40:00-04:00,4.889999866485596,4.889999866485596,4.889999866485596,4.889999866485596,839,0.0,0.0
2024-10-28 14:43:00-04:00,4.894999980926514,4.894999980926514,4.894999980926514,4.894999980926514,244,0.0,0.0
2024-10-28 14:45:00-04:00,4.900000095367432,4.900000095367432,4.894999980926514,4.894999980926514,1616,0.0,0.0
2024-10-28 14:46:00-04:00,4.899899959564209,4.899899959564209,4.894999980926514,4.894999980926514,272,0.0,0.0
2024-10-28 14:47:00-04:00,4.894999980926514,4.894999980926514,4.894999980926514,4.894999980926514,397,0.0,0.0
2024-10-28 14:48:00-04:00,4.889999866485596,4.889999866485596,4.889999866485596,4.889999866485596,2782,0.0,0.0
2024-10-28 14:49:00-04:00,4.885000228881836,4.894999980926514,4.885000228881836,4.894999980926514,2509,0.0,0.0
2024-10-28 14:50:00-04:00,4.900000095367432,4.900000095367432,4.894999980926514,4.894999980926514,1995,0.0,0.0
2024-10-28 14:52:00-04:00,4.894999980926514,4.894999980926514,4.894999980926514,4.894999980926514,5558,0.0,0.0
2024-10-28 14:53:00-04:00,4.894999980926514,4.90500020980835,4.894999980926514,4.90500020980835,4272,0.0,0.0
2024-10-28 14:54:00-04:00,4.909999847412109,4.914999961853027,4.909999847412109,4.914999961853027,1623,0.0,0.0
2024-10-28 14:55:00-04:00,4.914999961853027,4.920000076293945,4.909999847412109,4.920000076293945,2826,0.0,0.0
2024-10-28 14:59:00-04:00,4.920000076293945,4.920000076293945,4.920000076293945,4.920000076293945,369,0.0,0.0
2024-10-28 15:00:00-04:00,4.920000076293945,4.920000076293945,4.920000076293945,4.920000076293945,289,0.0,0.0
2024-10-28 15:01:00-04:00,4.914999961853027,4.914999961853027,4.914999961853027,4.914999961853027,147,0.0,0.0
2024-10-28 15:02:00-04:00,4.920000076293945,4.920000076293945,4.920000076293945,4.920000076293945,159,0.0,0.0
2024-10-28 15:03:00-04:00,4.920000076293945,4.920000076293945,4.920000076293945,4.920000076293945,1030,0.0,0.0
2024-10-28 15:04:00-04:00,4.920000076293945,4.920000076293945,4.920000076293945,4.920000076293945,1334,0.0,0.0
2024-10-28 15:08:00-04:00,4.914999961853027,4.914999961853027,4.914999961853027,4.914999961853027,294,0.0,0.0
2024-10-28 15:13:00-04:00,4.914999961853027,4.914999961853027,4.914999961853027,4.914999961853027,290,0.0,0.0
2024-10-28 15:14:00-04:00,4.920000076293945,4.920000076293945,4.920000076293945,4.920000076293945,211,0.0,0.0
2024-10-28 15:15:00-04:00,4.914999961853027,4.914999961853027,4.914999961853027,4.914999961853027,171,0.0,0.0
2024-10-28 15:16:00-04:00,4.909999847412109,4.914999961853027,4.909999847412109,4.914999961853027,2365,0.0,0.0
2024-10-28 15:18:00-04:00,4.909999847412109,4.909999847412109,4.909999847412109,4.909999847412109,961,0.0,0.0
2024-10-28 15:20:00-04:00,4.90500020980835,4.90500020980835,4.889999866485596,4.889999866485596,5678,0.0,0.0
2024-10-28 15:21:00-04:00,4.885000228881836,4.885000228881836,4.885000228881836,4.885000228881836,1197,0.0,0.0
2024-10-28 15:23:00-04:00,4.889999866485596,4.889999866485596,4.889999866485596,4.889999866485596,2316,0.0,0.0
2024-10-28 15:26:00-04:00,4.894999980926514,4.894999980926514,4.894999980926514,4.894999980926514,401,0.0,0.0
2024-10-28 15:29:00-04:00,4.894999980926514,4.894999980926514,4.889999866485596,4.889999866485596,673,0.0,0.0
2024-10-28 15:30:00-04:00,4.889999866485596,4.889999866485596,4.885000228881836,4.885000228881836,1934,0.0,0.0
2024-10-28 15:32:00-04:00,4.889999866485596,4.894999980926514,4.889999866485596,4.894999980926514,2333,0.0,0.0
2024-10-28 15:33:00-04:00,4.894999980926514,4.894999980926514,4.894999980926514,4.894999980926514,205,0.0,0.0
2024-10-28 15:34:00-04:00,4.894999980926514,4.894999980926514,4.894999980926514,4.894999980926514,1083,0.0,0.0
2024-10-28 15:35:00-04:00,4.894999980926514,4.894999980926514,4.894999980926514,4.894999980926514,900,0.0,0.0
2024-10-28 15:39:00-04:00,4.889999866485596,4.889999866485596,4.889999866485596,4.889999866485596,1138,0.0,0.0
2024-10-28 15:40:00-04:00,4.894999980926514,4.909999847412109,4.894999980926514,4.909999847412109,7263,0.0,0.0
2024-10-28 15:41:00-04:00,4.920000076293945,4.920000076293945,4.910799980163574,4.910799980163574,1664,0.0,0.0
2024-10-28 15:43:00-04:00,4.914999961853027,4.914999961853027,4.914999961853027,4.914999961853027,630,0.0,0.0
2024-10-28 15:45:00-04:00,4.914999961853027,4.914999961853027,4.914999961853027,4.914999961853027,968,0.0,0.0
2024-10-28 15:46:00-04:00,4.914999961853027,4.914999961853027,4.914999961853027,4.914999961853027,795,0.0,0.0
2024-10-28 15:47:00-04:00,4.914999961853027,4.914999961853027,4.914999961853027,4.914999961853027,841,0.0,0.0
2024-10-28 15:48:00-04:00,4.909999847412109,4.914999961853027,4.909999847412109,4.909999847412109,3357,0.0,0.0
2024-10-28 15:50:00-04:00,4.90500020980835,4.90500020980835,4.90500020980835,4.90500020980835,1868,0.0,0.0
2024-10-28 15:51:00-04:00,4.90500020980835,4.90500020980835,4.90500020980835,4.90500020980835,1618,0.0,0.0
2024-10-28 15:52:00-04:00,4.909999847412109,4.925000190734863,4.90500020980835,4.925000190734863,14810,0.0,0.0
2024-10-28 15:53:00-04:00,4.920000076293945,4.925000190734863,4.914999961853027,4.914999961853027,6285,0.0,0.0
2024-10-28 15:54:00-04:00,4.914999961853027,4.934999942779541,4.914999961853027,4.934999942779541,11293,0.0,0.0
2024-10-28 15:55:00-04:00,4.929999828338623,4.929999828338623,4.929999828338623,4.929999828338623,439,0.0,0.0
2024-10-28 15:56:00-04:00,4.929999828338623,4.934999942779541,4.929999828338623,4.929999828338623,5730,0.0,0.0
2024-10-28 15:57:00-04:00,4.925000190734863,4.925000190734863,4.925000190734863,4.925000190734863,1448,0.0,0.0
2024-10-28 15:58:00-04:00,4.920000076293945,4.925000190734863,4.920000076293945,4.925000190734863,1569,0.0,0.0
2024-10-28 15:59:00-04:00,4.925000190734863,4.925000190734863,4.889999866485596,4.894999980926514,37046,0.0,0.0
2024-10-29 09:30:00-04:00,4.820000171661377,4.820000171661377,4.820000171661377,4.820000171661377,2366,0.0,0.0
2024-10-29 09:31:00-04:00,4.835000038146973,4.835000038146973,4.835000038146973,4.835000038146973,299,0.0,0.0
2024-10-29 09:34:00-04:00,4.829999923706055,4.829999923706055,4.829999923706055,4.829999923706055,622,0.0,0.0
2024-10-29 09:38:00-04:00,4.809999942779541,4.809999942779541,4.809999942779541,4.809999942779541,294,0.0,0.0
2024-10-29 09:39:00-04:00,4.829999923706055,4.829999923706055,4.829999923706055,4.829999923706055,1982,0.0,0.0
2024-10-29 09:42:00-04:00,4.840000152587891,4.860000133514404,4.840000152587891,4.849999904632568,836,0.0,0.0
2024-10-29 09:45:00-04:00,4.840000152587891,4.840000152587891,4.820000171661377,4.820000171661377,1042,0.0,0.0
2024-10-29 09:46:00-04:00,4.849999904632568,4.860000133514404,4.829999923706055,4.829999923706055,3904,0.0,0.0
2024-10-29 09:49:00-04:00,4.820000171661377,4.820000171661377,4.820000171661377,4.820000171661377,1004,0.0,0.0
2024-10-29 09:51:00-04:00,4.829999923706055,4.829999923706055,4.829999923706055,4.829999923706055,2825,0.0,0.0
2024-10-29 09:53:00-04:00,4.829999923706055,4.829999923706055,4.820000171661377,4.829999923706055,1617,0.0,0.0
2024-10-29 09:54:00-04:00,4.824999809265137,4.824999809265137,4.824999809265137,4.824999809265137,208,0.0,0.0
2024-10-29 09:55:00-04:00,4.820000171661377,4.824999809265137,4.820000171661377,4.824999809265137,338,0.0,0.0
2024-10-29 09:56:00-04:00,4.809999942779541,4.809999942779541,4.809999942779541,4.809999942779541,230,0.0,0.0
2024-10-29 09:58:00-04:00,4.809999942779541,4.809999942779541,4.809999942779541,4.809999942779541,102,0.0,0.0
2024-10-29 09:59:00-04:00,4.809999942779541,4.809999942779541,4.809999942779541,4.809999942779541,236,0.0,0.0
2024-10-29 10:00:00-04:00,4.820000171661377,4.820000171661377,4.820000171661377,4.820000171661377,805,0.0,0.0
2024-10-29 10:02:00-04:00,4.829999923706055,4.829999923706055,4.829999923706055,4.829999923706055,2373,0.0,0.0
2024-10-29 10:04:00-04:00,4.820000171661377,4.820000171661377,4.820000171661377,4.820000171661377,569,0.0,0.0
2024-10-29 10:05:00-04:00,4.829999923706055,4.829999923706055,4.829999923706055,4.829999923706055,966,0.0,0.0
2024-10-29 10:06:00-04:00,4.820000171661377,4.820000171661377,4.820000171661377,4.820000171661377,411,0.0,0.0
2024-10-29 10:07:00-04:00,4.809999942779541,4.809999942779541,4.809999942779541,4.809999942779541,200,0.0,0.0
2024-10-29 10:08:00-04:00,4.809999942779541,4.809999942779541,4.809999942779541,4.809999942779541,320,0.0,0.0
2024-10-29 10:10:00-04:00,4.809999942779541,4.809999942779541,4.809999942779541,4.809999942779541,1104,0.0,0.0
2024-10-29 10:11:00-04:00,4.815000057220459,4.815000057220459,4.815000057220459,4.815000057220459,114,0.0,0.0
2024-10-29 10:13:00-04:00,4.809999942779541,4.809999942779541,4.800000190734863,4.800000190734863,631,0.0,0.0
2024-10-29 10:15:00-04:00,4.809500217437744,4.809999942779541,4.804999828338623,4.809999942779541,962,0.0,0.0
2024-10-29 10:16:00-04:00,4.809999942779541,4.809999942779541,4.809999942779541,4.809999942779541,301,0.0,0.0
2024-10-29 10:17:00-04:00,4.809999942779541,4.809999942779541,4.804999828338623,4.804999828338623,1917,0.0,0.0
2024-10-29 10:18:00-04:00,4.804999828338623,4.804999828338623,4.800000190734863,4.804999828338623,568,0.0,0.0
2024-10-29 10:19:00-04:00,4.804999828338623,4.804999828338623,4.804999828338623,4.804999828338623,858,0.0,0.0
2024-10-29 10:20:00-04:00,4.800000190734863,4.804999828338623,4.800000190734863,4.804999828338623,1865,0.0,0.0
2024-10-29 10:22:00-04:00,4.804999828338623,4.804999828338623,4.800000190734863,4.800000190734863,1519,0.0,0.0
2024-10-29 10:23:00-04:00,4.804999828338623,4.815000057220459,4.804999828338623,4.815000057220459,2093,0.0,0.0
2024-10-29 10:24:00-04:00,4.809999942779541,4.809999942779541,4.809999942779541,4.809999942779541,201,0.0,0.0
2024-10-29 10:25:00-04:00,4.820000171661377,4.824999809265137,4.815000057220459,4.824999809265137,3151,0.0,0.0
2024-10-29 10:26:00-04:00,4.824999809265137,4.824999809265137,4.824999809265137,4.824999809265137,145,0.0,0.0
2024-10-29 10:28:00-04:00,4.820000171661377,4.829999923706055,4.815000057220459,4.824999809265137,3737,0.0,0.0
2024-10-29 10:29:00-04:00,4.824999809265137,4.824999809265137,4.824999809265137,4.824999809265137,446,0.0,0.0
2024-10-29 10:31:00-04:00,4.820000171661377,4.824999809265137,4.820000171661377,4.820000171661377,832,0.0,0.0
2024-10-29 10:32:00-04:00,4.829999923706055,4.834000110626221,4.824999809265137,4.834000110626221,4830,0.0,0.0
2024-10-29 10:33:00-04:00,4.829999923706055,4.829999923706055,4.829999923706055,4.829999923706055,359,0.0,0.0
2024-10-29 10:34:00-04:00,4.829999923706055,4.829999923706055,4.829999923706055,4.829999923706055,344,0.0,0.0
2024-10-29 10:35:00-04:00,4.829999923706055,4.835000038146973,4.829999923706055,4.835000038146973,2485,0.0,0.0
2024-10-29 10:36:00-04:00,4.84499979019165,4.84499979019165,4.84499979019165,4.84499979019165,335,0.0,0.0
2024-10-29 10:37:00-04:00,4.84499979019165,4.84499979019165,4.84499979019165,4.84499979019165,576,0.0,0.0
2024-10-29 10:38:00-04:00,4.849999904632568,4.849999904632568,4.849999904632568,4.849999904632568,347,0.0,0.0
2024-10-29 10:40:00-04:00,4.855000019073486,4.855000019073486,4.855000019073486,4.855000019073486,292,0.0,0.0
2024-10-29 10:41:00-04:00,4.855000019073486,4.869999885559082,4.855000019073486,4.864999771118164,1514,0.0,0.0
2024-10-29 10:43:00-04:00,4.869999885559082,4.869999885559082,4.869999885559082,4.869999885559082,198,0.0,0.0
2024-10-29 10:45:00-04:00,4.869999885559082,4.875,4.869999885559082,4.875,315,0.0,0.0
2024-10-29 10:46:00-04:00,4.875,4.875,4.875,4.875,475,0.0,0.0
2024-10-29 10:47:00-04:00,4.869999885559082,4.869999885559082,4.869999885559082,4.869999885559082,1634,0.0,0.0
2024-10-29 10:48:00-04:00,4.864999771118164,4.864999771118164,4.864999771118164,4.864999771118164,719,0.0,0.0
2024-10-29 10:49:00-04:00,4.864999771118164,4.864999771118164,4.864999771118164,4.864999771118164,230,0.0,0.0
2024-10-29 10:50:00-04:00,4.860000133514404,4.860000133514404,4.860000133514404,4.860000133514404,333,0.0,0.0
2024-10-29 10:51:00-04:00,4.860000133514404,4.864999771118164,4.860000133514404,4.864999771118164,520,0.0,0.0
2024-10-29 10:53:00-04:00,4.864999771118164,4.864999771118164,4.864999771118164,4.864999771118164,540,0.0,0.0
2024-10-29 10:57:00-04:00,4.864999771118164,4.864999771118164,4.864999771118164,4.864999771118164,334,0.0,0.0
2024-10-29 10:58:00-04:00,4.864999771118164,4.880000114440918,4.864999771118164,4.880000114440918,4844,0.0,0.0
2024-10-29 11:01:00-04:00,4.869999885559082,4.869999885559082,4.864999771118164,4.864999771118164,1547,0.0,0.0
2024-10-29 11:02:00-04:00,4.864999771118164,4.864999771118164,4.855000019073486,4.855000019073486,1249,0.0,0.0
2024-10-29 11:03:00-04:00,4.855000019073486,4.855000019073486,4.855000019073486,4.855000019073486,967,0.0,0.0
2024-10-29 11:04:00-04:00,4.855000019073486,4.855000019073486,4.855000019073486,4.855000019073486,854,0.0,0.0
2024-10-29 11:05:00-04:00,4.860000133514404,4.860000133514404,4.860000133514404,4.860000133514404,167,0.0,0.0
2024-10-29 11:06:00-04:00,4.860000133514404,4.864999771118164,4.860000133514404,4.864999771118164,285,0.0,0.0
2024-10-29 11:07:00-04:00,4.864999771118164,4.864999771118164,4.864999771118164,4.864999771118164,943,0.0,0.0
2024-10-29 11:11:00-04:00,4.860000133514404,4.860000133514404,4.860000133514404,4.860000133514404,231,0.0,0.0
2024-10-29 11:12:00-04:00,4.869999885559082,4.875,4.864999771118164,4.875,2492,0.0,0.0
2024-10-29 11:14:00-04:00,4.875,4.875,4.875,4.875,150,0.0,0.0
2024-10-29 11:15:00-04:00,4.869999885559082,4.869999885559082,4.869999885559082,4.869999885559082,306,0.0,0.0
2024-10-29 11:16:00-04:00,4.880000114440918,4.885000228881836,4.875,4.885000228881836,2103,0.0,0.0
2024-10-29 11:17:00-04:00,4.880000114440918,4.880000114440918,4.864999771118164,4.864999771118164,1194,0.0,0.0
2024-10-29 11:18:00-04:00,4.860000133514404,4.860000133514404,4.860000133514404,4.860000133514404,200,0.0,0.0
2024-10-29 11:19:00-04:00,4.849999904632568,4.849999904632568,4.829999923706055,4.829999923706055,660,0.0,0.0
2024-10-29 11:20:00-04:00,4.840000152587891,4.840000152587891,4.840000152587891,4.840000152587891,219,0.0,0.0
2024-10-29 11:21:00-04:00,4.849999904632568,4.849999904632568,4.840000152587891,4.840000152587891,772,0.0,0.0
2024-10-29 11:22:00-04:00,4.849999904632568,4.849999904632568,4.849999904632568,4.849999904632568,475,0.0,0.0
2024-10-29 11:24:00-04:00,4.849999904632568,4.849999904632568,4.849999904632568,4.849999904632568,516,0.0,0.0
2024-10-29 11:25:00-04:00,4.849999904632568,4.849999904632568,4.849999904632568,4.849999904632568,1623,0.0,0.0
2024-10-29 11:28:00-04:00,4.840000152587891,4.840000152587891,4.840000152587891,4.840000152587891,445,0.0,0.0
2024-10-29 11:30:00-04:00,4.849999904632568,4.849999904632568,4.840000152587891,4.840000152587891,269,0.0,0.0
2024-10-29 11:31:00-04:00,4.849999904632568,4.849999904632568,4.849999904632568,4.849999904632568,138,0.0,0.0
2024-10-29 11:32:00-04:00,4.849999904632568,4.849999904632568,4.849999904632568,4.849999904632568,937,0.0,0.0
2024-10-29 11:33:00-04:00,4.849999904632568,4.849999904632568,4.840000152587891,4.849999904632568,541,0.0,0.0
2024-10-29 11:34:00-04:00,4.849999904632568,4.849999904632568,4.849999904632568,4.849999904632568,321,0.0,0.0
2024-10-29 11:35:00-04:00,4.840000152587891,4.849999904632568,4.840000152587891,4.849999904632568,494,0.0,0.0
2024-10-29 11:36:00-04:00,4.849999904632568,4.849999904632568,4.849999904632568,4.849999904632568,617,0.0,0.0
2024-10-29 11:37:00-04:00,4.849999904632568,4.849999904632568,4.849999904632568,4.849999904632568,273,0.0,0.0
2024-10-29 11:38:00-04:00,4.849999904632568,4.849999904632568,4.849999904632568,4.849999904632568,728,0.0,0.0
2024-10-29 11:39:00-04:00,4.849999904632568,4.854300022125244,4.849999904632568,4.854300022125244,1192,0.0,0.0
2024-10-29 11:40:00-04:00,4.849999904632568,4.849999904632568,4.849999904632568,4.849999904632568,406,0.0,0.0
2024-10-29 11:41:00-04:00,4.8429999351501465,4.8429999351501465,4.8429999351501465,4.8429999351501465,110,0.0,0.0
2024-10-29 11:42:00-04:00,4.840000152587891,4.849999904632568,4.840000152587891,4.849999904632568,760,0.0,0.0
2024-10-29 11:43:00-04:00,4.849999904632568,4.849999904632568,4.849999904632568,4.849999904632568,135,0.0,0.0
2024-10-29 11:44:00-04:00,4.849999904632568,4.849999904632568,4.849999904632568,4.849999904632568,329,0.0,0.0
2024-10-29 11:45:00-04:00,4.840000152587891,4.84499979019165,4.840000152587891,4.84499979019165,1423,0.0,0.0
2024-10-29 11:46:00-04:00,4.84499979019165,4.84499979019165,4.84499979019165,4.84499979019165,351,0.0,0.0
2024-10-29 11:47:00-04:00,4.84499979019165,4.860000133514404,4.84499979019165,4.860000133514404,6547,0.0,0.0
2024-10-29 11:48:00-04:00,4.860000133514404,4.860000133514404,4.860000133514404,4.860000133514404,446,0.0,0.0
2024-10-29 11:49:00-04:00,4.860000133514404,4.860000133514404,4.849999904632568,4.849999904632568,577,0.0,0.0
2024-10-29 11:50:00-04:00,4.855000019073486,4.855000019073486,4.855000019073486,4.855000019073486,775,0.0,0.0
2024-10-29 11:51:00-04:00,4.869999885559082,4.869999885559082,4.869999885559082,4.869999885559082,1141,0.0,0.0
2024-10-29 11:57:00-04:00,4.864999771118164,4.864999771118164,4.864999771118164,4.864999771118164,257,0.0,0.0
2024-10-29 11:58:00-04:00,4.864999771118164,4.864999771118164,4.864999771118164,4.864999771118164,316,0.0,0.0
2024-10-29 12:00:00-04:00,4.864999771118164,4.864999771118164,4.864999771118164,4.864999771118164,730,0.0,0.0
2024-10-29 12:01:00-04:00,4.864999771118164,4.864999771118164,4.864999771118164,4.864999771118164,355,0.0,0.0
2024-10-29 12:02:00-04:00,4.860000133514404,4.860000133514404,4.84499979019165,4.84499979019165,3053,0.0,0.0
2024-10-29 12:03:00-04:00,4.840000152587891,4.840000152587891,4.829999923706055,4.835000038146973,4743,0.0,0.0
2024-10-29 12:04:00-04:00,4.835000038146973,4.840000152587891,4.835000038146973,4.840000152587891,723,0.0,0.0
2024-10-29 12:05:00-04:00,4.835000038146973,4.835000038146973,4.820000171661377,4.820000171661377,608,0.0,0.0
2024-10-29 12:06:00-04:00,4.820000171661377,4.829999923706055,4.809999942779541,4.809999942779541,1800,0.0,0.0
2024-10-29 12:07:00-04:00,4.820000171661377,4.820000171661377,4.820000171661377,4.820000171661377,58,0.0,0.0
2024-10-29 12:09:00-04:00,4.809999942779541,4.809999942779541,4.809999942779541,4.809999942779541,1117,0.0,0.0
2024-10-29 12:11:00-04:00,4.809999942779541,4.820000171661377,4.809999942779541,4.815000057220459,817,0.0,0.0
2024-10-29 12:12:00-04:00,4.815000057220459,4.815000057220459,4.815000057220459,4.815000057220459,565,0.0,0.0
2024-10-29 12:13:00-04:00,4.820000171661377,4.824999809265137,4.820000171661377,4.824999809265137,1553,0.0,0.0
2024-10-29 12:16:00-04:00,4.820000171661377,4.824999809265137,4.815000057220459,4.824999809265137,2718,0.0,0.0
2024-10-29 12:17:00-04:00,4.820000171661377,4.820000171661377,4.820000171661377,4.820000171661377,1736,0.0,0.0
2024-10-29 12:22:00-04:00,4.820000171661377,4.820000171661377,4.820000171661377,4.820000171661377,1386,0.0,0.0
2024-10-29 12:25:00-04:00,4.809999942779541,4.809999942779541,4.809999942779541,4.809999942779541,674,0.0,0.0
2024-10-29 12:26:00-04:00,4.815000057220459,4.815000057220459,4.815000057220459,4.815000057220459,810,0.0,0.0
2024-10-29 12:29:00-04:00,4.813000202178955,4.813000202178955,4.813000202178955,4.813000202178955,302,0.0,0.0
2024-10-29 12:30:00-04:00,4.815000057220459,4.815000057220459,4.815000057220459,4.815000057220459,1335,0.0,0.0
2024-10-29 12:34:00-04:00,4.815000057220459,4.820000171661377,4.815000057220459,4.820000171661377,1270,0.0,0.0
2024-10-29 12:39:00-04:00,4.824999809265137,4.824999809265137,4.800000190734863,4.809999942779541,5756,0.0,0.0
2024-10-29 12:44:00-04:00,4.809999942779541,4.809999942779541,4.809999942779541,4.809999942779541,1351,0.0,0.0
2024-10-29 12:47:00-04:00,4.813700199127197,4.813700199127197,4.813700199127197,4.813700199127197,786,0.0,0.0
2024-10-29 12:50:00-04:00,4.815000057220459,4.815000057220459,4.815000057220459,4.815000057220459,153,0.0,0.0
2024-10-29 12:52:00-04:00,4.815000057220459,4.815000057220459,4.815000057220459,4.815000057220459,390,0.0,0.0
2024-10-29 12:54:00-04:00,4.815000057220459,4.820000171661377,4.815000057220459,4.820000171661377,2936,0.0,0.0
2024-10-29 12:59:00-04:00,4.820000171661377,4.820000171661377,4.820000171661377,4.820000171661377,2459,0.0,0.0
2024-10-29 13:00:00-04:00,4.809999942779541,4.820000171661377,4.809999942779541,4.820000171661377,793,0.0,0.0
2024-10-29 13:02:00-04:00,4.820000171661377,4.820000171661377,4.820000171661377,4.820000171661377,711,0.0,0.0
2024-10-29 13:03:00-04:00,4.809999942779541,4.809999942779541,4.809999942779541,4.809999942779541,275,0.0,0.0
2024-10-29 13:04:00-04:00,4.809999942779541,4.820000171661377,4.809999942779541,4.820000171661377,783,0.0,0.0
2024-10-29 13:07:00-04:00,4.809999942779541,4.809999942779541,4.809999942779541,4.809999942779541,282,0.0,0.0
2024-10-29 13:08:00-04:00,4.815000057220459,4.815000057220459,4.809999942779541,4.815000057220459,1419,0.0,0.0
2024-10-29 13:09:00-04:00,4.809999942779541,4.809999942779541,4.809999942779541,4.809999942779541,1127,0.0,0.0
2024-10-29 13:10:00-04:00,4.809999942779541,4.809999942779541,4.809999942779541,4.809999942779541,737,0.0,0.0
2024-10-29 13:13:00-04:00,4.815000057220459,4.820000171661377,4.815000057220459,4.815000057220459,701,0.0,0.0
2024-10-29 13:14:00-04:00,4.820000171661377,4.820000171661377,4.820000171661377,4.820000171661377,1626,0.0,0.0
2024-10-29 13:15:00-04:00,4.820000171661377,4.840000152587891,4.820000171661377,4.840000152587891,877,0.0,0.0
2024-10-29 13:17:00-04:00,4.829999923706055,4.829999923706055,4.829899787902832,4.829899787902832,1098,0.0,0.0
2024-10-29 13:18:00-04:00,4.829999923706055,4.835000038146973,4.829999923706055,4.835000038146973,610,0.0,0.0
2024-10-29 13:19:00-04:00,4.835000038146973,4.835000038146973,4.829999923706055,4.829999923706055,500,0.0,0.0
2024-10-29 13:23:00-04:00,4.829999923706055,4.829999923706055,4.829999923706055,4.829999923706055,319,0.0,0.0
2024-10-29 13:24:00-04:00,4.835000038146973,4.835000038146973,4.835000038146973,4.835000038146973,871,0.0,0.0
2024-10-29 13:28:00-04:00,4.840000152587891,4.840000152587891,4.840000152587891,4.840000152587891,479,0.0,0.0
2024-10-29 13:30:00-04:00,4.84499979019165,4.849999904632568,4.84499979019165,4.849999904632568,1553,0.0,0.0
2024-10-29 13:31:00-04:00,4.849999904632568,4.849999904632568,4.840000152587891,4.840000152587891,1538,0.0,0.0
2024-10-29 13:32:00-04:00,4.829999923706055,4.829999923706055,4.829999923706055,4.829999923706055,249,0.0,0.0
2024-10-29 13:34:00-04:00,4.829999923706055,4.835000038146973,4.829999923706055,4.835000038146973,571,0.0,0.0
2024-10-29 13:38:00-04:00,4.829999923706055,4.829999923706055,4.824999809265137,4.824999809265137,1881,0.0,0.0
2024-10-29 13:39:00-04:00,4.824999809265137,4.824999809265137,4.824999809265137,4.824999809265137,308,0.0,0.0
2024-10-29 13:41:00-04:00,4.820000171661377,4.820000171661377,4.820000171661377,4.820000171661377,494,0.0,0.0
2024-10-29 13:43:00-04:00,4.815000057220459,4.815000057220459,4.815000057220459,4.815000057220459,224,0.0,0.0
2024-10-29 13:44:00-04:00,4.809999942779541,4.813000202178955,4.809999942779541,4.813000202178955,458,0.0,0.0
2024-10-29 13:47:00-04:00,4.809999942779541,4.809999942779541,4.809999942779541,4.809999942779541,508,0.0,0.0
2024-10-29 13:53:00-04:00,4.809999942779541,4.815000057220459,4.809999942779541,4.815000057220459,268,0.0,0.0
2024-10-29 13:54:00-04:00,4.815000057220459,4.815000057220459,4.809999942779541,4.809999942779541,3258,0.0,0.0
2024-10-29 13:56:00-04:00,4.815000057220459,4.820000171661377,4.815000057220459,4.820000171661377,838,0.0,0.0
2024-10-29 13:57:00-04:00,4.823999881744385,4.824999809265137,4.823999881744385,4.824999809265137,293,0.0,0.0
2024-10-29 13:58:00-04:00,4.820000171661377,4.820000171661377,4.820000171661377,4.820000171661377,605,0.0,0.0
2024-10-29 14:01:00-04:00,4.824999809265137,4.829999923706055,4.824999809265137,4.829999923706055,731,0.0,0.0
2024-10-29 14:02:00-04:00,4.820000171661377,4.820000171661377,4.820000171661377,4.820000171661377,233,0.0,0.0
2024-10-29 14:03:00-04:00,4.829999923706055,4.829999923706055,4.829999923706055,4.829999923706055,2082,0.0,0.0
2024-10-29 14:04:00-04:00,4.820000171661377,4.820000171661377,4.820000171661377,4.820000171661377,601,0.0,0.0
2024-10-29 14:06:00-04:00,4.824999809265137,4.824999809265137,4.824999809265137,4.824999809265137,143,0.0,0.0
2024-10-29 14:07:00-04:00,4.820000171661377,4.820000171661377,4.809999942779541,4.809999942779541,1463,0.0,0.0
2024-10-29 14:10:00-04:00,4.809999942779541,4.809999942779541,4.809999942779541,4.809999942779541,308,0.0,0.0
2024-10-29 14:13:00-04:00,4.809999942779541,4.809999942779541,4.809999942779541,4.809999942779541,612,0.0,0.0
2024-10-29 14:19:00-04:00,4.809999942779541,4.809999942779541,4.809999942779541,4.809999942779541,451,0.0,0.0
2024-10-29 14:20:00-04:00,4.809999942779541,4.809999942779541,4.809999942779541,4.809999942779541,684,0.0,0.0
2024-10-29 14:24:00-04:00,4.813000202178955,4.813000202178955,4.809999942779541,4.809999942779541,332,0.0,0.0
2024-10-29 14:25:00-04:00,4.815000057220459,4.815000057220459,4.815000057220459,4.815000057220459,166,0.0,0.0
2024-10-29 14:26:00-04:00,4.809999942779541,4.809999942779541,4.809999942779541,4.809999942779541,273,0.0,0.0
2024-10-29 14:28:00-04:00,4.815000057220459,4.815000057220459,4.815000057220459,4.815000057220459,283,0.0,0.0
2024-10-29 14:29:00-04:00,4.809999942779541,4.809999942779541,4.804999828338623,4.804999828338623,2071,0.0,0.0
2024-10-29 14:30:00-04:00,4.804999828338623,4.809999942779541,4.804999828338623,4.809999942779541,8468,0.0,0.0
2024-10-29 14:31:00-04:00,4.815000057220459,4.815000057220459,4.815000057220459,4.815000057220459,1000,0.0,0.0
2024-10-29 14:32:00-04:00,4.815000057220459,4.815000057220459,4.815000057220459,4.815000057220459,730,0.0,0.0
2024-10-29 14:33:00-04:00,4.809999942779541,4.809999942779541,4.809999942779541,4.809999942779541,142,0.0,0.0
2024-10-29 14:34:00-04:00,4.815000057220459,4.815000057220459,4.809999942779541,4.809999942779541,651,0.0,0.0
2024-10-29 14:35:00-04:00,4.815000057220459,4.815000057220459,4.815000057220459,4.815000057220459,411,0.0,0.0
2024-10-29 14:36:00-04:00,4.809999942779541,4.829999923706055,4.809999942779541,4.829999923706055,3039,0.0,0.0
2024-10-29 14:37:00-04:00,4.829999923706055,4.829999923706055,4.829999923706055,4.829999923706055,331,0.0,0.0
2024-10-29 14:38:00-04:00,4.820000171661377,4.829999923706055,4.820000171661377,4.829999923706055,412,0.0,0.0
2024-10-29 14:39:00-04:00,4.829999923706055,4.829999923706055,4.829999923706055,4.829999923706055,240,0.0,0.0
2024-10-29 14:40:00-04:00,4.829999923706055,4.829999923706055,4.829999923706055,4.829999923706055,523,0.0,0.0
2024-10-29 14:42:00-04:00,4.829999923706055,4.829999923706055,4.820000171661377,4.820000171661377,604,0.0,0.0
2024-10-29 14:44:00-04:00,4.820000171661377,4.820000171661377,4.820000171661377,4.820000171661377,102,0.0,0.0
2024-10-29 14:45:00-04:00,4.820000171661377,4.829999923706055,4.820000171661377,4.829999923706055,537,0.0,0.0
2024-10-29 14:48:00-04:00,4.820000171661377,4.820000171661377,4.820000171661377,4.820000171661377,2412,0.0,0.0
2024-10-29 14:49:00-04:00,4.815000057220459,4.820000171661377,4.815000057220459,4.820000171661377,6132,0.0,0.0
2024-10-29 14:50:00-04:00,4.829999923706055,4.829999923706055,4.829999923706055,4.829999923706055,1744,0.0,0.0
2024-10-29 14:51:00-04:00,4.835000038146973,4.835000038146973,4.835000038146973,4.835000038146973,1685,0.0,0.0
2024-10-29 14:54:00-04:00,4.849999904632568,4.849999904632568,4.84499979019165,4.849999904632568,3892,0.0,0.0
2024-10-29 14:55:00-04:00,4.854000091552734,4.854000091552734,4.854000091552734,4.854000091552734,790,0.0,0.0
2024-10-29 14:56:00-04:00,4.840000152587891,4.840000152587891,4.840000152587891,4.840000152587891,152,0.0,0.0
2024-10-29 14:58:00-04:00,4.84499979019165,4.84499979019165,4.84499979019165,4.84499979019165,158,0.0,0.0
2024-10-29 14:59:00-04:00,4.840000152587891,4.840000152587891,4.840000152587891,4.840000152587891,325,0.0,0.0
2024-10-29 15:00:00-04:00,4.84499979019165,4.849999904632568,4.84499979019165,4.849999904632568,2033,0.0,0.0
2024-10-29 15:03:00-04:00,4.849999904632568,4.849999904632568,4.84499979019165,4.84499979019165,734,0.0,0.0
2024-10-29 15:04:00-04:00,4.840000152587891,4.840000152587891,4.840000152587891,4.840000152587891,236,0.0,0.0
2024-10-29 15:05:00-04:00,4.849999904632568,4.849999904632568,4.84499979019165,4.849999904632568,1604,0.0,0.0
2024-10-29 15:07:00-04:00,4.855000019073486,4.855000019073486,4.855000019073486,4.855000019073486,272,0.0,0.0
2024-10-29 15:08:00-04:00,4.849999904632568,4.849999904632568,4.849999904632568,4.849999904632568,1702,0.0,0.0
2024-10-29 15:13:00-04:00,4.855000019073486,4.855000019073486,4.855000019073486,4.855000019073486,585,0.0,0.0
2024-10-29 15:14:00-04:00,4.849999904632568,4.849999904632568,4.849999904632568,4.849999904632568,369,0.0,0.0
2024-10-29 15:15:00-04:00,4.840000152587891,4.840000152587891,4.840000152587891,4.840000152587891,117,0.0,0.0
2024-10-29 15:16:00-04:00,4.840000152587891,4.840000152587891,4.840000152587891,4.840000152587891,174,0.0,0.0
2024-10-29 15:17:00-04:00,4.840000152587891,4.84499979019165,4.840000152587891,4.84499979019165,483,0.0,0.0
2024-10-29 15:18:00-04:00,4.84499979019165,4.84499979019165,4.840000152587891,4.840000152587891,914,0.0,0.0
2024-10-29 15:19:00-04:00,4.840000152587891,4.840000152587891,4.835000038146973,4.835000038146973,1077,0.0,0.0
2024-10-29 15:20:00-04:00,4.835000038146973,4.835000038146973,4.829999923706055,4.829999923706055,423,0.0,0.0
2024-10-29 15:21:00-04:00,4.829999923706055,4.829999923706055,4.829999923706055,4.829999923706055,751,0.0,0.0
2024-10-29 15:23:00-04:00,4.829999923706055,4.829999923706055,4.829999923706055,4.829999923706055,445,0.0,0.0
2024-10-29 15:24:00-04:00,4.829999923706055,4.829999923706055,4.829999923706055,4.829999923706055,445,0.0,0.0
2024-10-29 15:26:00-04:00,4.829999923706055,4.829999923706055,4.829999923706055,4.829999923706055,411,0.0,0.0
2024-10-29 15:27:00-04:00,4.829999923706055,4.835000038146973,4.829999923706055,4.835000038146973,209,0.0,0.0
2024-10-29 15:28:00-04:00,4.835000038146973,4.835000038146973,4.835000038146973,4.835000038146973,1120,0.0,0.0
2024-10-29 15:29:00-04:00,4.840000152587891,4.840000152587891,4.840000152587891,4.840000152587891,1700,0.0,0.0
2024-10-29 15:30:00-04:00,4.84499979019165,4.84499979019165,4.84499979019165,4.84499979019165,191,0.0,0.0
2024-10-29 15:31:00-04:00,4.840000152587891,4.840000152587891,4.835000038146973,4.835000038146973,1612,0.0,0.0
2024-10-29 15:33:00-04:00,4.829999923706055,4.829999923706055,4.829999923706055,4.829999923706055,1057,0.0,0.0
2024-10-29 15:35:00-04:00,4.840000152587891,4.84499979019165,4.840000152587891,4.84499979019165,2114,0.0,0.0
2024-10-29 15:36:00-04:00,4.84499979019165,4.84499979019165,4.84499979019165,4.84499979019165,496,0.0,0.0
2024-10-29 15:37:00-04:00,4.84499979019165,4.84499979019165,4.84499979019165,4.84499979019165,460,0.0,0.0
2024-10-29 15:39:00-04:00,4.849999904632568,4.855000019073486,4.849999904632568,4.849999904632568,3008,0.0,0.0
2024-10-29 15:41:00-04:00,4.849999904632568,4.849999904632568,4.849999904632568,4.849999904632568,721,0.0,0.0
2024-10-29 15:43:00-04:00,4.849999904632568,4.849999904632568,4.849999904632568,4.849999904632568,2292,0.0,0.0
2024-10-29 15:44:00-04:00,4.840000152587891,4.84499979019165,4.840000152587891,4.84499979019165,939,0.0,0.0
2024-10-29 15:46:00-04:00,4.840000152587891,4.84499979019165,4.840000152587891,4.840000152587891,969,0.0,0.0
2024-10-29 15:47:00-04:00,4.840000152587891,4.840000152587891,4.840000152587891,4.840000152587891,719,0.0,0.0
2024-10-29 15:48:00-04:00,4.84499979019165,4.84499979019165,4.84499979019165,4.84499979019165,555,0.0,0.0
2024-10-29 15:49:00-04:00,4.84499979019165,4.855000019073486,4.84499979019165,4.849999904632568,6367,0.0,0.0
2024-10-29 15:50:00-04:00,4.84499979019165,4.849999904632568,4.84499979019165,4.849999904632568,2417,0.0,0.0
2024-10-29 15:51:00-04:00,4.855000019073486,4.860000133514404,4.849999904632568,4.849999904632568,3099,0.0,0.0
2024-10-29 15:52:00-04:00,4.855000019073486,4.855000019073486,4.84499979019165,4.84499979019165,3976,0.0,0.0
2024-10-29 15:54:00-04:00,4.840000152587891,4.840000152587891,4.840000152587891,4.840000152587891,1878,0.0,0.0
2024-10-29 15:55:00-04:00,4.840000152587891,4.840000152587891,4.840000152587891,4.840000152587891,2513,0.0,0.0
2024-10-29 15:56:00-04:00,4.840000152587891,4.84499979019165,4.840000152587891,4.84499979019165,1302,0.0,0.0
2024-10-29 15:57:00-04:00,4.820000171661377,4.840000152587891,4.804999828338623,4.809999942779541,25809,0.0,0.0
2024-10-29 15:58:00-04:00,4.809999942779541,4.815000057220459,4.809999942779541,4.809999942779541,3429,0.0,0.0
2024-10-29 15:59:00-04:00,4.809999942779541,4.820000171661377,4.789999961853027,4.800000190734863,34845,0.0,0.0
2024-10-30 09:30:00-04:00,4.769999980926514,4.909999847412109,4.769999980926514,4.860000133514404,3712,0.0,0.0
2024-10-30 09:31:00-04:00,4.820000171661377,4.820000171661377,4.820000171661377,4.820000171661377,504,0.0,0.0
2024-10-30 09:37:00-04:00,4.849999904632568,4.849999904632568,4.849999904632568,4.849999904632568,649,0.0,0.0
2024-10-30 09:41:00-04:00,4.849999904632568,4.849999904632568,4.840000152587891,4.840000152587891,384,0.0,0.0
2024-10-30 09:43:00-04:00,4.840000152587891,4.840000152587891,4.840000152587891,4.840000152587891,555,0.0,0.0
2024-10-30 09:45:00-04:00,4.860000133514404,4.860000133514404,4.860000133514404,4.860000133514404,546,0.0,0.0
2024-10-30 09:47:00-04:00,4.889999866485596,4.889999866485596,4.88700008392334,4.889999866485596,1063,0.0,0.0
2024-10-30 09:48:00-04:00,4.909999847412109,4.909999847412109,4.909999847412109,4.909999847412109,244,0.0,0.0
2024-10-30 09:50:00-04:00,4.954999923706055,4.960000038146973,4.940000057220459,4.940000057220459,1862,0.0,0.0
2024-10-30 09:52:00-04:00,4.945000171661377,4.96999979019165,4.945000171661377,4.96999979019165,904,0.0,0.0
2024-10-30 09:53:00-04:00,4.965000152587891,4.980000019073486,4.965000152587891,4.980000019073486,218,0.0,0.0
2024-10-30 09:54:00-04:00,4.9770002365112305,4.980000019073486,4.974999904632568,4.974999904632568,1318,0.0,0.0
2024-10-30 09:55:00-04:00,4.949999809265137,4.949999809265137,4.940000057220459,4.940000057220459,4224,0.0,0.0
2024-10-30 09:57:00-04:00,4.960000038146973,4.960000038146973,4.960000038146973,4.960000038146973,1097,0.0,0.0
2024-10-30 09:59:00-04:00,4.949999809265137,4.949999809265137,4.949999809265137,4.949999809265137,583,0.0,0.0
2024-10-30 10:00:00-04:00,4.954999923706055,4.954999923706055,4.954999923706055,4.954999923706055,525,0.0,0.0
2024-10-30 10:01:00-04:00,4.940000057220459,4.940000057220459,4.940000057220459,4.940000057220459,909,0.0,0.0
2024-10-30 10:02:00-04:00,4.940000057220459,4.940000057220459,4.940000057220459,4.940000057220459,2405,0.0,0.0
2024-10-30 10:03:00-04:00,4.940000057220459,4.940000057220459,4.940000057220459,4.940000057220459,232,0.0,0.0
2024-10-30 10:04:00-04:00,4.940000057220459,4.960000038146973,4.940000057220459,4.960000038146973,2148,0.0,0.0
2024-10-30 10:05:00-04:00,4.949999809265137,4.949999809265137,4.949999809265137,4.949999809265137,521,0.0,0.0
2024-10-30 10:06:00-04:00,4.949999809265137,4.949999809265137,4.949999809265137,4.949999809265137,1422,0.0,0.0
2024-10-30 10:07:00-04:00,4.949999809265137,4.949999809265137,4.949999809265137,4.949999809265137,623,0.0,0.0
2024-10-30 10:08:00-04:00,4.949999809265137,4.949999809265137,4.949999809265137,4.949999809265137,2334,0.0,0.0
2024-10-30 10:09:00-04:00,4.949999809265137,4.949999809265137,4.949999809265137,4.949999809265137,1536,0.0,0.0
2024-10-30 10:10:00-04:00,4.949999809265137,4.949999809265137,4.949999809265137,4.949999809265137,170,0.0,0.0
2024-10-30 10:11:00-04:00,4.949999809265137,4.949999809265137,4.949999809265137,4.949999809265137,372,0.0,0.0
2024-10-30 10:13:00-04:00,4.960000038146973,4.96999979019165,4.949999809265137,4.96999979019165,4958,0.0,0.0
2024-10-30 10:14:00-04:00,4.96999979019165,4.96999979019165,4.96999979019165,4.96999979019165,300,0.0,0.0
2024-10-30 10:15:00-04:00,4.980000019073486,4.980000019073486,4.974999904632568,4.974999904632568,1439,0.0,0.0
2024-10-30 10:17:00-04:00,4.96999979019165,4.96999979019165,4.960000038146973,4.965000152587891,653,0.0,0.0
2024-10-30 10:18:00-04:00,4.960000038146973,4.960000038146973,4.960000038146973,4.960000038146973,225,0.0,0.0
2024-10-30 10:19:00-04:00,4.960000038146973,4.960000038146973,4.960000038146973,4.960000038146973,594,0.0,0.0
2024-10-30 10:26:00-04:00,4.940000057220459,4.940000057220459,4.940000057220459,4.940000057220459,216,0.0,0.0
2024-10-30 10:27:00-04:00,4.940000057220459,4.940000057220459,4.929999828338623,4.929999828338623,1481,0.0,0.0
2024-10-30 10:28:00-04:00,4.929999828338623,4.929999828338623,4.929999828338623,4.929999828338623,438,0.0,0.0
2024-10-30 10:30:00-04:00,4.929999828338623,4.929999828338623,4.929999828338623,4.929999828338623,200,0.0,0.0
2024-10-30 10:31:00-04:00,4.929999828338623,4.929999828338623,4.927999973297119,4.929999828338623,2469,0.0,0.0
2024-10-30 10:32:00-04:00,4.920000076293945,4.929999828338623,4.920000076293945,4.929999828338623,5956,0.0,0.0
2024-10-30 10:33:00-04:00,4.934999942779541,4.934999942779541,4.934999942779541,4.934999942779541,334,0.0,0.0
2024-10-30 10:34:00-04:00,4.940000057220459,4.965000152587891,4.940000057220459,4.965000152587891,1786,0.0,0.0
2024-10-30 10:36:00-04:00,4.960000038146973,4.960000038146973,4.960000038146973,4.960000038146973,857,0.0,0.0
2024-10-30 10:37:00-04:00,4.965000152587891,4.96999979019165,4.965000152587891,4.96999979019165,1661,0.0,0.0
2024-10-30 10:38:00-04:00,4.980000019073486,4.994999885559082,4.980000019073486,4.994999885559082,1231,0.0,0.0
2024-10-30 10:40:00-04:00,5.0,5.0,4.980000019073486,4.980000019073486,2091,0.0,0.0
2024-10-30 10:41:00-04:00,4.96999979019165,4.96999979019165,4.96999979019165,4.96999979019165,659,0.0,0.0
2024-10-30 10:42:00-04:00,4.96999979019165,4.96999979019165,4.96999979019165,4.96999979019165,275,0.0,0.0
2024-10-30 10:45:00-04:00,4.960000038146973,4.960000038146973,4.960000038146973,4.960000038146973,390,0.0,0.0
2024-10-30 10:47:00-04:00,4.960000038146973,4.960000038146973,4.951200008392334,4.951200008392334,2463,0.0,0.0
2024-10-30 10:48:00-04:00,4.960000038146973,4.960000038146973,4.960000038146973,4.960000038146973,1017,0.0,0.0
2024-10-30 10:49:00-04:00,4.960000038146973,4.960000038146973,4.960000038146973,4.960000038146973,96,0.0,0.0
2024-10-30 10:51:00-04:00,4.965000152587891,4.965000152587891,4.960000038146973,4.960000038146973,224,0.0,0.0
2024-10-30 10:52:00-04:00,4.965000152587891,4.965000152587891,4.965000152587891,4.965000152587891,432,0.0,0.0
2024-10-30 10:53:00-04:00,4.980000019073486,4.980000019073486,4.980000019073486,4.980000019073486,760,0.0,0.0
2024-10-30 10:55:00-04:00,4.985000133514404,4.985000133514404,4.985000133514404,4.985000133514404,140,0.0,0.0
2024-10-30 10:56:00-04:00,4.989999771118164,4.989999771118164,4.989999771118164,4.989999771118164,433,0.0,0.0
2024-10-30 10:57:00-04:00,4.985000133514404,4.985000133514404,4.985000133514404,4.985000133514404,1362,0.0,0.0
2024-10-30 10:58:00-04:00,4.980000019073486,4.980000019073486,4.980000019073486,4.980000019073486,128,0.0,0.0
2024-10-30 10:59:00-04:00,4.980000019073486,4.980000019073486,4.980000019073486,4.980000019073486,1301,0.0,0.0
2024-10-30 11:00:00-04:00,4.980000019073486,4.989999771118164,4.980000019073486,4.989999771118164,673,0.0,0.0
2024-10-30 11:01:00-04:00,4.989999771118164,4.989999771118164,4.989999771118164,4.989999771118164,575,0.0,0.0
2024-10-30 11:04:00-04:00,4.980000019073486,4.980000019073486,4.960000038146973,4.960000038146973,1543,0.0,0.0
2024-10-30 11:05:00-04:00,4.965000152587891,4.965000152587891,4.965000152587891,4.965000152587891,1060,0.0,0.0
2024-10-30 11:12:00-04:00,4.974999904632568,4.974999904632568,4.974999904632568,4.974999904632568,120,0.0,0.0
2024-10-30 11:13:00-04:00,4.96999979019165,4.96999979019165,4.96999979019165,4.96999979019165,915,0.0,0.0
2024-10-30 11:17:00-04:00,4.960000038146973,4.960000038146973,4.960000038146973,4.960000038146973,460,0.0,0.0
2024-10-30 11:18:00-04:00,4.954999923706055,4.954999923706055,4.954999923706055,4.954999923706055,952,0.0,0.0
2024-10-30 11:25:00-04:00,4.949999809265137,4.949999809265137,4.949999809265137,4.949999809265137,533,0.0,0.0
2024-10-30 11:28:00-04:00,4.949999809265137,4.949999809265137,4.949999809265137,4.949999809265137,548,0.0,0.0
2024-10-30 11:31:00-04:00,4.954999923706055,4.960000038146973,4.954999923706055,4.960000038146973,953,0.0,0.0
2024-10-30 11:32:00-04:00,4.96999979019165,4.96999979019165,4.960000038146973,4.960000038146973,2333,0.0,0.0
2024-10-30 11:33:00-04:00,4.949999809265137,4.949999809265137,4.949999809265137,4.949999809265137,326,0.0,0.0
2024-10-30 11:34:00-04:00,4.949999809265137,4.949999809265137,4.945000171661377,4.949999809265137,996,0.0,0.0
2024-10-30 11:35:00-04:00,4.954999923706055,4.954999923706055,4.954999923706055,4.954999923706055,202,0.0,0.0
2024-10-30 11:39:00-04:00,4.960000038146973,4.96999979019165,4.960000038146973,4.96999979019165,502,0.0,0.0
2024-10-30 11:40:00-04:00,4.96999979019165,4.96999979019165,4.96999979019165,4.96999979019165,378,0.0,0.0
2024-10-30 11:41:00-04:00,4.980000019073486,4.980000019073486,4.96999979019165,4.96999979019165,553,0.0,0.0
2024-10-30 11:42:00-04:00,4.96999979019165,4.96999979019165,4.96999979019165,4.96999979019165,405,0.0,0.0
2024-10-30 11:45:00-04:00,4.960000038146973,4.960000038146973,4.960000038146973,4.960000038146973,635,0.0,0.0
2024-10-30 11:47:00-04:00,4.954999923706055,4.954999923706055,4.954999923706055,4.954999923706055,275,0.0,0.0
2024-10-30 11:50:00-04:00,4.954999923706055,4.954999923706055,4.954999923706055,4.954999923706055,101,0.0,0.0
2024-10-30 11:51:00-04:00,4.954999923706055,4.954999923706055,4.954999923706055,4.954999923706055,541,0.0,0.0
2024-10-30 11:53:00-04:00,4.945000171661377,4.949999809265137,4.945000171661377,4.945000171661377,1482,0.0,0.0
2024-10-30 11:56:00-04:00,4.940000057220459,4.940000057220459,4.939000129699707,4.939000129699707,1674,0.0,0.0
2024-10-30 11:57:00-04:00,4.949999809265137,4.949999809265137,4.949999809265137,4.949999809265137,0,0.0,0.0
2024-10-30 11:59:00-04:00,4.929999828338623,4.929999828338623,4.929999828338623,4.929999828338623,281,0.0,0.0
2024-10-30 12:02:00-04:00,4.940000057220459,4.940000057220459,4.940000057220459,4.940000057220459,402,0.0,0.0
2024-10-30 12:07:00-04:00,4.934999942779541,4.934999942779541,4.934999942779541,4.934999942779541,565,0.0,0.0
2024-10-30 12:12:00-04:00,4.929999828338623,4.929999828338623,4.925000190734863,4.925000190734863,1009,0.0,0.0
2024-10-30 12:15:00-04:00,4.920899868011475,4.920899868011475,4.920899868011475,4.920899868011475,621,0.0,0.0
2024-10-30 12:16:00-04:00,4.92080020904541,4.92080020904541,4.92080020904541,4.92080020904541,761,0.0,0.0
2024-10-30 12:17:00-04:00,4.929999828338623,4.9309000968933105,4.929999828338623,4.9309000968933105,841,0.0,0.0
2024-10-30 12:18:00-04:00,4.929999828338623,4.935100078582764,4.929999828338623,4.930099964141846,1025,0.0,0.0
2024-10-30 12:20:00-04:00,4.934999942779541,4.940000057220459,4.934999942779541,4.940000057220459,651,0.0,0.0
2024-10-30 12:21:00-04:00,4.945000171661377,4.945000171661377,4.945000171661377,4.945000171661377,306,0.0,0.0
2024-10-30 12:22:00-04:00,4.940000057220459,4.940000057220459,4.940000057220459,4.940000057220459,1506,0.0,0.0
2024-10-30 12:24:00-04:00,4.929999828338623,4.929999828338623,4.925000190734863,4.925000190734863,558,0.0,0.0
2024-10-30 12:27:00-04:00,4.925000190734863,4.929999828338623,4.925000190734863,4.925000190734863,2185,0.0,0.0
2024-10-30 12:32:00-04:00,4.920000076293945,4.920000076293945,4.920000076293945,4.920000076293945,1347,0.0,0.0
2024-10-30 12:39:00-04:00,4.914999961853027,4.914999961853027,4.914999961853027,4.914999961853027,233,0.0,0.0
2024-10-30 12:40:00-04:00,4.913599967956543,4.913599967956543,4.913599967956543,4.913599967956543,253,0.0,0.0
2024-10-30 12:42:00-04:00,4.909999847412109,4.909999847412109,4.889999866485596,4.889999866485596,4934,0.0,0.0
2024-10-30 12:45:00-04:00,4.889999866485596,4.889999866485596,4.889999866485596,4.889999866485596,336,0.0,0.0
2024-10-30 12:47:00-04:00,4.889999866485596,4.909999847412109,4.889999866485596,4.909999847412109,485,0.0,0.0
2024-10-30 12:49:00-04:00,4.90500020980835,4.90500020980835,4.880000114440918,4.880000114440918,10201,0.0,0.0
2024-10-30 12:50:00-04:00,4.869999885559082,4.880000114440918,4.869999885559082,4.880000114440918,1776,0.0,0.0
2024-10-30 12:51:00-04:00,4.889999866485596,4.889999866485596,4.880000114440918,4.880000114440918,833,0.0,0.0
2024-10-30 12:57:00-04:00,4.885000228881836,4.885000228881836,4.885000228881836,4.885000228881836,719,0.0,0.0
2024-10-30 13:03:00-04:00,4.889999866485596,4.889999866485596,4.889999866485596,4.889999866485596,1499,0.0,0.0
2024-10-30 13:06:00-04:00,4.900000095367432,4.900000095367432,4.900000095367432,4.900000095367432,539,0.0,0.0
2024-10-30 13:13:00-04:00,4.900000095367432,4.900000095367432,4.900000095367432,4.900000095367432,224,0.0,0.0
2024-10-30 13:15:00-04:00,4.900000095367432,4.900000095367432,4.889999866485596,4.894999980926514,2422,0.0,0.0
2024-10-30 13:17:00-04:00,4.894999980926514,4.894999980926514,4.894999980926514,4.894999980926514,229,0.0,0.0
2024-10-30 13:18:00-04:00,4.894999980926514,4.894999980926514,4.894999980926514,4.894999980926514,535,0.0,0.0
2024-10-30 13:24:00-04:00,4.894999980926514,4.900000095367432,4.894999980926514,4.900000095367432,1409,0.0,0.0
2024-10-30 13:28:00-04:00,4.889999866485596,4.894999980926514,4.889999866485596,4.889999866485596,3071,0.0,0.0
2024-10-30 13:30:00-04:00,4.889999866485596,4.889999866485596,4.889999866485596,4.889999866485596,632,0.0,0.0
2024-10-30 13:33:00-04:00,4.894999980926514,4.894999980926514,4.885000228881836,4.885000228881836,1423,0.0,0.0
2024-10-30 13:39:00-04:00,4.885000228881836,4.885000228881836,4.885000228881836,4.885000228881836,159,0.0,0.0
2024-10-30 13:40:00-04:00,4.880000114440918,4.880000114440918,4.880000114440918,4.880000114440918,1579,0.0,0.0
2024-10-30 13:43:00-04:00,4.874000072479248,4.874000072479248,4.874000072479248,4.874000072479248,390,0.0,0.0
2024-10-30 13:44:00-04:00,4.875,4.875,4.875,4.875,238,0.0,0.0
2024-10-30 13:45:00-04:00,4.875,4.875,4.869999885559082,4.875,819,0.0,0.0
2024-10-30 13:53:00-04:00,4.875,4.875,4.875,4.875,151,0.0,0.0
2024-10-30 13:54:00-04:00,4.875,4.875,4.875,4.875,101,0.0,0.0
2024-10-30 13:55:00-04:00,4.875,4.875,4.875,4.875,968,0.0,0.0
2024-10-30 13:56:00-04:00,4.880000114440918,4.880000114440918,4.880000114440918,4.880000114440918,449,0.0,0.0
2024-10-30 13:57:00-04:00,4.880000114440918,4.880000114440918,4.880000114440918,4.880000114440918,3331,0.0,0.0
2024-10-30 14:03:00-04:00,4.894999980926514,4.894999980926514,4.889999866485596,4.889999866485596,4759,0.0,0.0
2024-10-30 14:06:00-04:00,4.894999980926514,4.894999980926514,4.894999980926514,4.894999980926514,401,0.0,0.0
2024-10-30 14:08:00-04:00,4.894999980926514,4.894999980926514,4.889999866485596,4.894999980926514,1396,0.0,0.0
2024-10-30 14:09:00-04:00,4.889999866485596,4.889999866485596,4.889100074768066,4.889100074768066,1736,0.0,0.0
2024-10-30 14:17:00-04:00,4.885000228881836,4.885000228881836,4.885000228881836,4.885000228881836,194,0.0,0.0
2024-10-30 14:21:00-04:00,4.885000228881836,4.885000228881836,4.860099792480469,4.860099792480469,14663,0.0,0.0
2024-10-30 14:22:00-04:00,4.880000114440918,4.894999980926514,4.880000114440918,4.894999980926514,2126,0.0,0.0
2024-10-30 14:24:00-04:00,4.900000095367432,4.90500020980835,4.894999980926514,4.90500020980835,1069,0.0,0.0
2024-10-30 14:25:00-04:00,4.90500020980835,4.90500020980835,4.90500020980835,4.90500020980835,102,0.0,0.0
2024-10-30 14:26:00-04:00,4.90500020980835,4.90500020980835,4.90500020980835,4.90500020980835,117,0.0,0.0
2024-10-30 14:28:00-04:00,4.90500020980835,4.90500020980835,4.90500020980835,4.90500020980835,671,0.0,0.0
2024-10-30 14:31:00-04:00,4.909999847412109,4.920000076293945,4.909999847412109,4.920000076293945,1193,0.0,0.0
2024-10-30 14:34:00-04:00,4.920000076293945,4.920000076293945,4.920000076293945,4.920000076293945,2568,0.0,0.0
2024-10-30 14:36:00-04:00,4.914999961853027,4.914999961853027,4.914999961853027,4.914999961853027,286,0.0,0.0
2024-10-30 14:38:00-04:00,4.909999847412109,4.914999961853027,4.909999847412109,4.914999961853027,1855,0.0,0.0
2024-10-30 14:40:00-04:00,4.914999961853027,4.914999961853027,4.914999961853027,4.914999961853027,397,0.0,0.0
2024-10-30 14:41:00-04:00,4.920000076293945,4.920000076293945,4.920000076293945,4.920000076293945,796,0.0,0.0
2024-10-30 14:43:00-04:00,4.925000190734863,4.925000190734863,4.925000190734863,4.925000190734863,303,0.0,0.0
2024-10-30 14:45:00-04:00,4.929999828338623,4.929999828338623,4.925000190734863,4.925000190734863,1083,0.0,0.0
2024-10-30 14:46:00-04:00,4.920000076293945,4.920000076293945,4.914999961853027,4.914999961853027,2235,0.0,0.0
2024-10-30 14:49:00-04:00,4.914999961853027,4.914999961853027,4.914999961853027,4.914999961853027,352,0.0,0.0
2024-10-30 14:52:00-04:00,4.911099910736084,4.911099910736084,4.911099910736084,4.911099910736084,426,0.0,0.0
2024-10-30 14:53:00-04:00,4.914999961853027,4.914999961853027,4.914999961853027,4.914999961853027,324,0.0,0.0
2024-10-30 14:57:00-04:00,4.914999961853027,4.914999961853027,4.914999961853027,4.914999961853027,1010,0.0,0.0
2024-10-30 14:58:00-04:00,4.909999847412109,4.914999961853027,4.909999847412109,4.909999847412109,3119,0.0,0.0
2024-10-30 15:03:00-04:00,4.90500020980835,4.90500020980835,4.900000095367432,4.900000095367432,1397,0.0,0.0
2024-10-30 15:05:00-04:00,4.90500020980835,4.90500020980835,4.900000095367432,4.900000095367432,518,0.0,0.0
2024-10-30 15:06:00-04:00,4.909999847412109,4.909999847412109,4.909999847412109,4.909999847412109,884,0.0,0.0
2024-10-30 15:08:00-04:00,4.90500020980835,4.90500020980835,4.90500020980835,4.90500020980835,1413,0.0,0.0
2024-10-30 15:10:00-04:00,4.900000095367432,4.900000095367432,4.885000228881836,4.885000228881836,1125,0.0,0.0
2024-10-30 15:11:00-04:00,4.889999866485596,4.889999866485596,4.889999866485596,4.889999866485596,695,0.0,0.0
2024-10-30 15:12:00-04:00,4.894999980926514,4.894999980926514,4.894999980926514,4.894999980926514,207,0.0,0.0
2024-10-30 15:14:00-04:00,4.900000095367432,4.900000095367432,4.900000095367432,4.900000095367432,1303,0.0,0.0
2024-10-30 15:16:00-04:00,4.90500020980835,4.90500020980835,4.90500020980835,4.90500020980835,473,0.0,0.0
2024-10-30 15:17:00-04:00,4.900000095367432,4.900000095367432,4.900000095367432,4.900000095367432,1237,0.0,0.0
2024-10-30 15:19:00-04:00,4.894999980926514,4.894999980926514,4.894999980926514,4.894999980926514,366,0.0,0.0
2024-10-30 15:20:00-04:00,4.894999980926514,4.894999980926514,4.889999866485596,4.889999866485596,1603,0.0,0.0
2024-10-30 15:26:00-04:00,4.894999980926514,4.894999980926514,4.894999980926514,4.894999980926514,331,0.0,0.0
2024-10-30 15:29:00-04:00,4.894999980926514,4.894999980926514,4.894999980926514,4.894999980926514,1145,0.0,0.0
2024-10-30 15:30:00-04:00,4.894999980926514,4.894999980926514,4.889999866485596,4.894999980926514,3699,0.0,0.0
2024-10-30 15:35:00-04:00,4.894999980926514,4.894999980926514,4.889999866485596,4.889999866485596,1848,0.0,0.0
2024-10-30 15:36:00-04:00,4.889999866485596,4.889999866485596,4.889999866485596,4.889999866485596,256,0.0,0.0
2024-10-30 15:37:00-04:00,4.894999980926514,4.894999980926514,4.894999980926514,4.894999980926514,665,0.0,0.0
2024-10-30 15:38:00-04:00,4.894999980926514,4.909999847412109,4.894999980926514,4.909999847412109,2290,0.0,0.0
2024-10-30 15:39:00-04:00,4.920000076293945,4.920000076293945,4.919000148773193,4.919000148773193,1719,0.0,0.0
2024-10-30 15:41:00-04:00,4.920000076293945,4.925000190734863,4.920000076293945,4.920000076293945,2291,0.0,0.0
2024-10-30 15:42:00-04:00,4.914999961853027,4.914999961853027,4.914999961853027,4.914999961853027,264,0.0,0.0
2024-10-30 15:43:00-04:00,4.920000076293945,4.920000076293945,4.920000076293945,4.920000076293945,731,0.0,0.0
2024-10-30 15:44:00-04:00,4.914999961853027,4.914999961853027,4.909999847412109,4.909999847412109,2548,0.0,0.0
2024-10-30 15:45:00-04:00,4.909999847412109,4.909999847412109,4.909999847412109,4.909999847412109,456,0.0,0.0
2024-10-30 15:47:00-04:00,4.90500020980835,4.90500020980835,4.90500020980835,4.90500020980835,312,0.0,0.0
2024-10-30 15:48:00-04:00,4.900100231170654,4.900100231170654,4.900100231170654,4.900100231170654,828,0.0,0.0
2024-10-30 15:49:00-04:00,4.909999847412109,4.914999961853027,4.909999847412109,4.909999847412109,1975,0.0,0.0
2024-10-30 15:50:00-04:00,4.914999961853027,4.914999961853027,4.914999961853027,4.914999961853027,602,0.0,0.0
2024-10-30 15:51:00-04:00,4.914999961853027,4.920000076293945,4.914999961853027,4.914999961853027,1358,0.0,0.0
2024-10-30 15:52:00-04:00,4.914999961853027,4.914999961853027,4.914999961853027,4.914999961853027,915,0.0,0.0
2024-10-30 15:53:00-04:00,4.920000076293945,4.920000076293945,4.914999961853027,4.914999961853027,1374,0.0,0.0
2024-10-30 15:54:00-04:00,4.914999961853027,4.914999961853027,4.914999961853027,4.914999961853027,2375,0.0,0.0
2024-10-30 15:55:00-04:00,4.920000076293945,4.920000076293945,4.900000095367432,4.90500020980835,8880,0.0,0.0
2024-10-30 15:56:00-04:00,4.909999847412109,4.909999847412109,4.909999847412109,4.909999847412109,1380,0.0,0.0
2024-10-30 15:57:00-04:00,4.909999847412109,4.909999847412109,4.90500020980835,4.909999847412109,1493,0.0,0.0
2024-10-30 15:58:00-04:00,4.909999847412109,4.914999961853027,4.909999847412109,4.914999961853027,3886,0.0,0.0
2024-10-30 15:59:00-04:00,4.914999961853027,4.914999961853027,4.885000228881836,4.900000095367432,27205,0.0,0.0
2024-10-31 09:30:00-04:00,4.880000114440918,4.940000057220459,4.880000114440918,4.940000057220459,3404,0.0,0.0
2024-10-31 09:33:00-04:00,4.900000095367432,4.90500020980835,4.900000095367432,4.90500020980835,234,0.0,0.0
2024-10-31 09:34:00-04:00,4.900000095367432,4.900000095367432,4.869999885559082,4.869999885559082,598,0.0,0.0
2024-10-31 09:35:00-04:00,4.889999866485596,4.889999866485596,4.889999866485596,4.889999866485596,560,0.0,0.0
2024-10-31 09:39:00-04:00,4.920000076293945,4.920000076293945,4.920000076293945,4.920000076293945,507,0.0,0.0
2024-10-31 09:43:00-04:00,4.909999847412109,4.909999847412109,4.909999847412109,4.909999847412109,385,0.0,0.0
2024-10-31 09:47:00-04:00,4.880000114440918,4.880000114440918,4.880000114440918,4.880000114440918,668,0.0,0.0
2024-10-31 09:49:00-04:00,4.869999885559082,4.869999885559082,4.869999885559082,4.869999885559082,863,0.0,0.0
2024-10-31 09:57:00-04:00,4.860000133514404,4.860000133514404,4.849999904632568,4.849999904632568,715,0.0,0.0
2024-10-31 09:58:00-04:00,4.869999885559082,4.889999866485596,4.869999885559082,4.889999866485596,2285,0.0,0.0
2024-10-31 10:02:00-04:00,4.880000114440918,4.880000114440918,4.880000114440918,4.880000114440918,1195,0.0,0.0
2024-10-31 10:05:00-04:00,4.860000133514404,4.860000133514404,4.860000133514404,4.860000133514404,200,0.0,0.0
2024-10-31 10:06:00-04:00,4.860000133514404,4.860000133514404,4.860000133514404,4.860000133514404,297,0.0,0.0
2024-10-31 10:09:00-04:00,4.869999885559082,4.869999885559082,4.869999885559082,4.869999885559082,1129,0.0,0.0
2024-10-31 10:11:00-04:00,4.869999885559082,4.869999885559082,4.869999885559082,4.869999885559082,33,0.0,0.0
2024-10-31 10:14:00-04:00,4.860000133514404,4.860000133514404,4.860000133514404,4.860000133514404,658,0.0,0.0
2024-10-31 10:15:00-04:00,4.864999771118164,4.864999771118164,4.840000152587891,4.840000152587891,4478,0.0,0.0
2024-10-31 10:16:00-04:00,4.84499979019165,4.84499979019165,4.84499979019165,4.84499979019165,880,0.0,0.0
2024-10-31 10:18:00-04:00,4.869999885559082,4.869999885559082,4.869999885559082,4.869999885559082,369,0.0,0.0
2024-10-31 10:20:00-04:00,4.869999885559082,4.869999885559082,4.869999885559082,4.869999885559082,144,0.0,0.0
2024-10-31 10:25:00-04:00,4.880000114440918,4.880000114440918,4.880000114440918,4.880000114440918,525,0.0,0.0
2024-10-31 10:27:00-04:00,4.869999885559082,4.869999885559082,4.860000133514404,4.860000133514404,2122,0.0,0.0
2024-10-31 10:38:00-04:00,4.829999923706055,4.829999923706055,4.829999923706055,4.829999923706055,407,0.0,0.0
2024-10-31 10:40:00-04:00,4.820000171661377,4.820000171661377,4.820000171661377,4.820000171661377,354,0.0,0.0
2024-10-31 10:43:00-04:00,4.820000171661377,4.840000152587891,4.820000171661377,4.829999923706055,4133,0.0,0.0
2024-10-31 10:44:00-04:00,4.84060001373291,4.84060001373291,4.84060001373291,4.84060001373291,310,0.0,0.0
2024-10-31 10:46:00-04:00,4.840000152587891,4.840000152587891,4.840000152587891,4.840000152587891,1547,0.0,0.0
2024-10-31 10:49:00-04:00,4.84499979019165,4.84499979019165,4.84499979019165,4.84499979019165,125,0.0,0.0
2024-10-31 10:50:00-04:00,4.84499979019165,4.84499979019165,4.84499979019165,4.84499979019165,152,0.0,0.0
2024-10-31 10:51:00-04:00,4.84499979019165,4.84499979019165,4.84499979019165,4.84499979019165,153,0.0,0.0
2024-10-31 10:53:00-04:00,4.84499979019165,4.84499979019165,4.84499979019165,4.84499979019165,278,0.0,0.0
2024-10-31 10:56:00-04:00,4.840000152587891,4.84499979019165,4.840000152587891,4.840000152587891,1111,0.0,0.0
2024-10-31 10:58:00-04:00,4.840000152587891,4.84499979019165,4.835000038146973,4.840000152587891,3546,0.0,0.0
2024-10-31 10:59:00-04:00,4.829999923706055,4.829999923706055,4.829999923706055,4.829999923706055,649,0.0,0.0
2024-10-31 11:00:00-04:00,4.829999923706055,4.829999923706055,4.824999809265137,4.824999809265137,1601,0.0,0.0
2024-10-31 11:01:00-04:00,4.8206000328063965,4.8206000328063965,4.820000171661377,4.820000171661377,1066,0.0,0.0
2024-10-31 11:02:00-04:00,4.820000171661377,4.820000171661377,4.820000171661377,4.820000171661377,311,0.0,0.0
2024-10-31 11:05:00-04:00,4.829999923706055,4.829999923706055,4.829999923706055,4.829999923706055,252,0.0,0.0
2024-10-31 11:07:00-04:00,4.829999923706055,4.860000133514404,4.829999923706055,4.860000133514404,6648,0.0,0.0
2024-10-31 11:08:00-04:00,4.849999904632568,4.849999904632568,4.849999904632568,4.849999904632568,704,0.0,0.0
2024-10-31 11:12:00-04:00,4.849999904632568,4.849999904632568,4.849999904632568,4.849999904632568,175,0.0,0.0
2024-10-31 11:13:00-04:00,4.848999977111816,4.848999977111816,4.848999977111816,4.848999977111816,415,0.0,0.0
2024-10-31 11:17:00-04:00,4.860000133514404,4.864999771118164,4.855000019073486,4.864999771118164,3608,0.0,0.0
2024-10-31 11:18:00-04:00,4.864999771118164,4.864999771118164,4.864999771118164,4.864999771118164,276,0.0,0.0
2024-10-31 11:19:00-04:00,4.864999771118164,4.864999771118164,4.864999771118164,4.864999771118164,393,0.0,0.0
2024-10-31 11:20:00-04:00,4.860000133514404,4.860000133514404,4.860000133514404,4.860000133514404,2172,0.0,0.0
2024-10-31 11:23:00-04:00,4.880000114440918,4.880000114440918,4.880000114440918,4.880000114440918,137,0.0,0.0
2024-10-31 11:24:00-04:00,4.875,4.875,4.875,4.875,200,0.0,0.0
2024-10-31 11:25:00-04:00,4.875,4.875,4.875,4.875,181,0.0,0.0
2024-10-31 11:30:00-04:00,4.875,4.875,4.875,4.875,347,0.0,0.0
2024-10-31 11:31:00-04:00,4.875,4.875,4.869999885559082,4.869999885559082,2498,0.0,0.0
2024-10-31 11:36:00-04:00,4.880000114440918,4.880000114440918,4.880000114440918,4.880000114440918,790,0.0,0.0
2024-10-31 11:37:00-04:00,4.885000228881836,4.885000228881836,4.885000228881836,4.885000228881836,145,0.0,0.0
2024-10-31 11:38:00-04:00,4.889999866485596,4.889999866485596,4.885000228881836,4.885000228881836,272,0.0,0.0
2024-10-31 11:41:00-04:00,4.880300045013428,4.880300045013428,4.880300045013428,4.880300045013428,2522,0.0,0.0
2024-10-31 11:42:00-04:00,4.889999866485596,4.889999866485596,4.889999866485596,4.889999866485596,156,0.0,0.0
2024-10-31 11:43:00-04:00,4.885000228881836,4.885000228881836,4.885000228881836,4.885000228881836,135,0.0,0.0
2024-10-31 11:45:00-04:00,4.885000228881836,4.885000228881836,4.885000228881836,4.885000228881836,251,0.0,0.0
2024-10-31 11:47:00-04:00,4.885000228881836,4.885000228881836,4.885000228881836,4.885000228881836,608,0.0,0.0
2024-10-31 11:51:00-04:00,4.889999866485596,4.889999866485596,4.889999866485596,4.889999866485596,1379,0.0,0.0
2024-10-31 11:53:00-04:00,4.900000095367432,4.900000095367432,4.894999980926514,4.894999980926514,219,0.0,0.0
2024-10-31 11:54:00-04:00,4.900000095367432,4.900000095367432,4.894999980926514,4.894999980926514,474,0.0,0.0
2024-10-31 11:59:00-04:00,4.894999980926514,4.900000095367432,4.894999980926514,4.900000095367432,2231,0.0,0.0
2024-10-31 12:01:00-04:00,4.909999847412109,4.920000076293945,4.90500020980835,4.90500020980835,2501,0.0,0.0
2024-10-31 12:02:00-04:00,4.909999847412109,4.909999847412109,4.909999847412109,4.909999847412109,1626,0.0,0.0
2024-10-31 12:04:00-04:00,4.909999847412109,4.909999847412109,4.909999847412109,4.909999847412109,515,0.0,0.0
2024-10-31 12:05:00-04:00,4.914999961853027,4.914999961853027,4.914999961853027,4.914999961853027,322,0.0,0.0
2024-10-31 12:07:00-04:00,4.920000076293945,4.920000076293945,4.920000076293945,4.920000076293945,561,0.0,0.0
2024-10-31 12:08:00-04:00,4.92549991607666,4.92549991607666,4.92549991607666,4.92549991607666,3592,0.0,0.0
2024-10-31 12:09:00-04:00,4.920000076293945,4.920000076293945,4.920000076293945,4.920000076293945,730,0.0,0.0
2024-10-31 12:12:00-04:00,4.920000076293945,4.920000076293945,4.920000076293945,4.920000076293945,671,0.0,0.0
2024-10-31 12:13:00-04:00,4.925000190734863,4.925000190734863,4.925000190734863,4.925000190734863,124,0.0,0.0
2024-10-31 12:15:00-04:00,4.929999828338623,4.940000057220459,4.929999828338623,4.940000057220459,1506,0.0,0.0
2024-10-31 12:17:00-04:00,4.940000057220459,4.940000057220459,4.940000057220459,4.940000057220459,393,0.0,0.0
2024-10-31 12:20:00-04:00,4.940000057220459,4.940000057220459,4.940000057220459,4.940000057220459,334,0.0,0.0
2024-10-31 12:22:00-04:00,4.949999809265137,4.949999809265137,4.949999809265137,4.949999809265137,1433,0.0,0.0
2024-10-31 12:23:00-04:00,4.949999809265137,4.949999809265137,4.945000171661377,4.945000171661377,2389,0.0,0.0
2024-10-31 12:26:00-04:00,4.940000057220459,4.940000057220459,4.940000057220459,4.940000057220459,1322,0.0,0.0
2024-10-31 12:29:00-04:00,4.940000057220459,4.940000057220459,4.940000057220459,4.940000057220459,685,0.0,0.0
2024-10-31 12:31:00-04:00,4.946400165557861,4.946400165557861,4.946400165557861,4.946400165557861,231,0.0,0.0
2024-10-31 12:32:00-04:00,4.949999809265137,4.949999809265137,4.949999809265137,4.949999809265137,1173,0.0,0.0
2024-10-31 12:33:00-04:00,4.949999809265137,4.949999809265137,4.949999809265137,4.949999809265137,1162,0.0,0.0
2024-10-31 12:34:00-04:00,4.949999809265137,4.949999809265137,4.934999942779541,4.934999942779541,840,0.0,0.0
2024-10-31 12:35:00-04:00,4.933300018310547,4.933300018310547,4.933300018310547,4.933300018310547,1240,0.0,0.0
2024-10-31 12:38:00-04:00,4.930200099945068,4.930200099945068,4.929999828338623,4.929999828338623,1691,0.0,0.0
2024-10-31 12:39:00-04:00,4.928999900817871,4.928999900817871,4.928999900817871,4.928999900817871,730,0.0,0.0
2024-10-31 12:47:00-04:00,4.925000190734863,4.925000190734863,4.925000190734863,4.925000190734863,255,0.0,0.0
2024-10-31 12:48:00-04:00,4.920000076293945,4.920000076293945,4.909999847412109,4.914999961853027,2621,0.0,0.0
2024-10-31 12:49:00-04:00,4.909999847412109,4.9120001792907715,4.909999847412109,4.9120001792907715,241,0.0,0.0
2024-10-31 12:50:00-04:00,4.914999961853027,4.914999961853027,4.914999961853027,4.914999961853027,397,0.0,0.0
2024-10-31 12:52:00-04:00,4.909999847412109,4.914999961853027,4.909999847412109,4.914999961853027,274,0.0,0.0
2024-10-31 12:53:00-04:00,4.909999847412109,4.909999847412109,4.909999847412109,4.909999847412109,217,0.0,0.0
2024-10-31 12:54:00-04:00,4.914999961853027,4.914999961853027,4.914999961853027,4.914999961853027,328,0.0,0.0
2024-10-31 12:55:00-04:00,4.909999847412109,4.909999847412109,4.909999847412109,4.909999847412109,135,0.0,0.0
2024-10-31 12:56:00-04:00,4.914999961853027,4.920000076293945,4.914999961853027,4.920000076293945,10207,0.0,0.0
2024-10-31 12:57:00-04:00,4.909999847412109,4.914999961853027,4.909999847412109,4.914999961853027,405,0.0,0.0
2024-10-31 12:58:00-04:00,4.914999961853027,4.914999961853027,4.914999961853027,4.914999961853027,179,0.0,0.0
2024-10-31 12:59:00-04:00,4.914999961853027,4.914999961853027,4.914999961853027,4.914999961853027,306,0.0,0.0
2024-10-31 13:01:00-04:00,4.920000076293945,4.929999828338623,4.920000076293945,4.929999828338623,3166,0.0,0.0
2024-10-31 13:02:00-04:00,4.940000057220459,4.945000171661377,4.940000057220459,4.945000171661377,268,0.0,0.0
2024-10-31 13:03:00-04:00,4.9446001052856445,4.9446001052856445,4.929999828338623,4.929999828338623,4026,0.0,0.0
2024-10-31 13:04:00-04:00,4.929999828338623,4.929999828338623,4.929999828338623,4.929999828338623,987,0.0,0.0
2024-10-31 13:09:00-04:00,4.940000057220459,4.940000057220459,4.929999828338623,4.929999828338623,815,0.0,0.0
2024-10-31 13:13:00-04:00,4.934999942779541,4.934999942779541,4.934999942779541,4.934999942779541,213,0.0,0.0
2024-10-31 13:14:00-04:00,4.934999942779541,4.934999942779541,4.934999942779541,4.934999942779541,974,0.0,0.0
2024-10-31 13:15:00-04:00,4.940000057220459,4.940000057220459,4.925000190734863,4.925000190734863,1450,0.0,0.0
2024-10-31 13:16:00-04:00,4.929999828338623,4.929999828338623,4.929999828338623,4.929999828338623,194,0.0,0.0
2024-10-31 13:18:00-04:00,4.925000190734863,4.934999942779541,4.925000190734863,4.934999942779541,1421,0.0,0.0
2024-10-31 13:19:00-04:00,4.934999942779541,4.934999942779541,4.934999942779541,4.934999942779541,440,0.0,0.0
2024-10-31 13:21:00-04:00,4.934999942779541,4.934999942779541,4.934999942779541,4.934999942779541,855,0.0,0.0
2024-10-31 13:26:00-04:00,4.929999828338623,4.929999828338623,4.929999828338623,4.929999828338623,167,0.0,0.0
2024-10-31 13:27:00-04:00,4.929999828338623,4.929999828338623,4.920000076293945,4.920000076293945,3053,0.0,0.0
2024-10-31 13:31:00-04:00,4.914999961853027,4.914999961853027,4.914999961853027,4.914999961853027,196,0.0,0.0
2024-10-31 13:32:00-04:00,4.909999847412109,4.909999847412109,4.909999847412109,4.909999847412109,1167,0.0,0.0
2024-10-31 13:37:00-04:00,4.914999961853027,4.914999961853027,4.914999961853027,4.914999961853027,364,0.0,0.0
2024-10-31 13:45:00-04:00,4.909999847412109,4.909999847412109,4.900000095367432,4.90500020980835,2727,0.0,0.0
2024-10-31 13:46:00-04:00,4.905600070953369,4.9096999168396,4.905600070953369,4.9096999168396,2303,0.0,0.0
2024-10-31 13:48:00-04:00,4.90500020980835,4.909999847412109,4.90500020980835,4.909999847412109,1570,0.0,0.0
2024-10-31 13:49:00-04:00,4.920000076293945,4.920000076293945,4.920000076293945,4.920000076293945,1121,0.0,0.0
2024-10-31 13:56:00-04:00,4.925000190734863,4.925000190734863,4.920000076293945,4.920000076293945,6901,0.0,0.0
2024-10-31 13:59:00-04:00,4.920000076293945,4.920000076293945,4.920000076293945,4.920000076293945,206,0.0,0.0
2024-10-31 14:00:00-04:00,4.925000190734863,4.925000190734863,4.925000190734863,4.925000190734863,179,0.0,0.0
2024-10-31 14:01:00-04:00,4.925000190734863,4.925000190734863,4.920000076293945,4.920000076293945,2649,0.0,0.0
2024-10-31 14:02:00-04:00,4.920000076293945,4.920000076293945,4.920000076293945,4.920000076293945,281,0.0,0.0
2024-10-31 14:07:00-04:00,4.929999828338623,4.929999828338623,4.929999828338623,4.929999828338623,204,0.0,0.0
2024-10-31 14:08:00-04:00,4.920000076293945,4.940000057220459,4.920000076293945,4.940000057220459,1303,0.0,0.0
2024-10-31 14:09:00-04:00,4.940000057220459,4.940000057220459,4.940000057220459,4.940000057220459,1104,0.0,0.0
2024-10-31 14:10:00-04:00,4.940000057220459,4.940000057220459,4.940000057220459,4.940000057220459,1587,0.0,0.0
2024-10-31 14:12:00-04:00,4.940000057220459,4.940000057220459,4.940000057220459,4.940000057220459,794,0.0,0.0
2024-10-31 14:14:00-04:00,4.940000057220459,4.940000057220459,4.940000057220459,4.940000057220459,131,0.0,0.0
2024-10-31 14:15:00-04:00,4.940000057220459,4.940000057220459,4.940000057220459,4.940000057220459,1102,0.0,0.0
2024-10-31 14:17:00-04:00,4.940000057220459,4.940000057220459,4.934999942779541,4.934999942779541,519,0.0,0.0
2024-10-31 14:18:00-04:00,4.934999942779541,4.934999942779541,4.934999942779541,4.934999942779541,192,0.0,0.0
2024-10-31 14:20:00-04:00,4.934999942779541,4.934999942779541,4.934999942779541,4.934999942779541,195,0.0,0.0
2024-10-31 14:21:00-04:00,4.929999828338623,4.929999828338623,4.925000190734863,4.925000190734863,4773,0.0,0.0
2024-10-31 14:22:00-04:00,4.929999828338623,4.929999828338623,4.923999786376953,4.929999828338623,1084,0.0,0.0
2024-10-31 14:24:00-04:00,4.929999828338623,4.929999828338623,4.929999828338623,4.929999828338623,968,0.0,0.0
2024-10-31 14:29:00-04:00,4.929999828338623,4.934999942779541,4.929999828338623,4.934999942779541,1404,0.0,0.0
2024-10-31 14:32:00-04:00,4.929999828338623,4.929999828338623,4.929999828338623,4.929999828338623,219,0.0,0.0
2024-10-31 14:33:00-04:00,4.929999828338623,4.929999828338623,4.929999828338623,4.929999828338623,3670,0.0,0.0
2024-10-31 14:34:00-04:00,4.934999942779541,4.934999942779541,4.934999942779541,4.934999942779541,1031,0.0,0.0
2024-10-31 14:35:00-04:00,4.929999828338623,4.929999828338623,4.929999828338623,4.929999828338623,1439,0.0,0.0
2024-10-31 14:37:00-04:00,4.934999942779541,4.934999942779541,4.934999942779541,4.934999942779541,205,0.0,0.0
2024-10-31 14:38:00-04:00,4.934999942779541,4.934999942779541,4.934999942779541,4.934999942779541,1262,0.0,0.0
2024-10-31 14:40:00-04:00,4.934999942779541,4.934999942779541,4.934999942779541,4.934999942779541,715,0.0,0.0
2024-10-31 14:43:00-04:00,4.929999828338623,4.929999828338623,4.929999828338623,4.929999828338623,2325,0.0,0.0
2024-10-31 14:44:00-04:00,4.929999828338623,4.929999828338623,4.929999828338623,4.929999828338623,207,0.0,0.0
2024-10-31 14:45:00-04:00,4.934999942779541,4.934999942779541,4.934999942779541,4.934999942779541,200,0.0,0.0
2024-10-31 14:46:00-04:00,4.940000057220459,4.940000057220459,4.940000057220459,4.940000057220459,137,0.0,0.0
2024-10-31 14:47:00-04:00,4.934999942779541,4.934999942779541,4.934999942779541,4.934999942779541,599,0.0,0.0
2024-10-31 14:51:00-04:00,4.929999828338623,4.929999828338623,4.929999828338623,4.929999828338623,298,0.0,0.0
2024-10-31 14:52:00-04:00,4.934999942779541,4.934999942779541,4.934999942779541,4.934999942779541,771,0.0,0.0
2024-10-31 14:53:00-04:00,4.929999828338623,4.934999942779541,4.929999828338623,4.934999942779541,795,0.0,0.0
2024-10-31 14:57:00-04:00,4.940000057220459,4.940000057220459,4.929999828338623,4.929999828338623,340,0.0,0.0
2024-10-31 14:58:00-04:00,4.934999942779541,4.934999942779541,4.934999942779541,4.934999942779541,366,0.0,0.0
2024-10-31 15:00:00-04:00,4.934999942779541,4.935400009155273,4.934999942779541,4.935400009155273,862,0.0,0.0
2024-10-31 15:02:00-04:00,4.940000057220459,4.945000171661377,4.940000057220459,4.945000171661377,2162,0.0,0.0
2024-10-31 15:04:00-04:00,4.940000057220459,4.940000057220459,4.940000057220459,4.940000057220459,313,0.0,0.0
2024-10-31 15:06:00-04:00,4.945000171661377,4.945000171661377,4.945000171661377,4.945000171661377,181,0.0,0.0
2024-10-31 15:07:00-04:00,4.945000171661377,4.945000171661377,4.945000171661377,4.945000171661377,196,0.0,0.0
2024-10-31 15:08:00-04:00,4.945000171661377,4.949999809265137,4.945000171661377,4.949999809265137,590,0.0,0.0
2024-10-31 15:09:00-04:00,4.949999809265137,4.954999923706055,4.949999809265137,4.954999923706055,2100,0.0,0.0
2024-10-31 15:10:00-04:00,4.954999923706055,4.954999923706055,4.954999923706055,4.954999923706055,516,0.0,0.0
2024-10-31 15:11:00-04:00,4.949999809265137,4.954999923706055,4.945000171661377,4.945000171661377,4140,0.0,0.0
2024-10-31 15:12:00-04:00,4.949999809265137,4.949999809265137,4.949999809265137,4.949999809265137,467,0.0,0.0
2024-10-31 15:14:00-04:00,4.945000171661377,4.945000171661377,4.945000171661377,4.945000171661377,102,0.0,0.0
2024-10-31 15:15:00-04:00,4.949999809265137,4.954999923706055,4.949999809265137,4.954999923706055,1258,0.0,0.0
2024-10-31 15:16:00-04:00,4.954999923706055,4.954999923706055,4.954999923706055,4.954999923706055,557,0.0,0.0
2024-10-31 15:18:00-04:00,4.960000038146973,4.96999979019165,4.960000038146973,4.96999979019165,4986,0.0,0.0
2024-10-31 15:19:00-04:00,4.980000019073486,4.980000019073486,4.980000019073486,4.980000019073486,107,0.0,0.0
2024-10-31 15:21:00-04:00,4.980000019073486,4.989999771118164,4.980000019073486,4.989999771118164,2127,0.0,0.0
2024-10-31 15:22:00-04:00,4.989999771118164,4.989999771118164,4.980000019073486,4.980000019073486,3963,0.0,0.0
2024-10-31 15:24:00-04:00,4.985000133514404,4.985000133514404,4.985000133514404,4.985000133514404,299,0.0,0.0
2024-10-31 15:26:00-04:00,4.985000133514404,4.985000133514404,4.985000133514404,4.985000133514404,363,0.0,0.0
2024-10-31 15:27:00-04:00,4.980000019073486,4.980000019073486,4.980000019073486,4.980000019073486,2357,0.0,0.0
2024-10-31 15:28:00-04:00,4.974999904632568,4.974999904632568,4.96999979019165,4.96999979019165,1227,0.0,0.0
2024-10-31 15:29:00-04:00,4.980000019073486,4.980000019073486,4.980000019073486,4.980000019073486,2942,0.0,0.0
2024-10-31 15:32:00-04:00,4.985000133514404,4.985000133514404,4.985000133514404,4.985000133514404,134,0.0,0.0
2024-10-31 15:33:00-04:00,4.985000133514404,4.985000133514404,4.985000133514404,4.985000133514404,428,0.0,0.0
2024-10-31 15:34:00-04:00,4.989999771118164,4.989999771118164,4.989999771118164,4.989999771118164,407,0.0,0.0
2024-10-31 15:36:00-04:00,4.985000133514404,4.985000133514404,4.985000133514404,4.985000133514404,1293,0.0,0.0
2024-10-31 15:38:00-04:00,4.985000133514404,4.985000133514404,4.980000019073486,4.980000019073486,3003,0.0,0.0
2024-10-31 15:39:00-04:00,4.980000019073486,4.980000019073486,4.980000019073486,4.980000019073486,785,0.0,0.0
2024-10-31 15:44:00-04:00,4.985000133514404,4.985000133514404,4.980000019073486,4.980000019073486,3482,0.0,0.0
2024-10-31 15:45:00-04:00,4.974999904632568,4.974999904632568,4.973899841308594,4.973899841308594,1312,0.0,0.0
2024-10-31 15:46:00-04:00,4.974999904632568,4.974999904632568,4.974999904632568,4.974999904632568,576,0.0,0.0
2024-10-31 15:47:00-04:00,4.974999904632568,4.974999904632568,4.974999904632568,4.974999904632568,310,0.0,0.0
2024-10-31 15:48:00-04:00,4.974999904632568,4.974999904632568,4.974999904632568,4.974999904632568,1267,0.0,0.0
2024-10-31 15:49:00-04:00,4.974999904632568,4.974999904632568,4.974999904632568,4.974999904632568,1647,0.0,0.0
2024-10-31 15:50:00-04:00,4.974999904632568,4.974999904632568,4.96999979019165,4.973400115966797,3309,0.0,0.0
2024-10-31 15:51:00-04:00,4.96999979019165,4.96999979019165,4.965000152587891,4.96999979019165,6972,0.0,0.0
2024-10-31 15:52:00-04:00,4.96999979019165,4.96999979019165,4.96999979019165,4.96999979019165,1185,0.0,0.0
2024-10-31 15:53:00-04:00,4.96999979019165,4.96999979019165,4.965000152587891,4.965000152587891,5628,0.0,0.0
2024-10-31 15:54:00-04:00,4.96999979019165,4.974999904632568,4.96999979019165,4.974999904632568,6599,0.0,0.0
2024-10-31 15:55:00-04:00,4.96999979019165,4.974999904632568,4.96999979019165,4.974999904632568,1737,0.0,0.0
2024-10-31 15:56:00-04:00,4.96999979019165,4.96999979019165,4.945000171661377,4.945000171661377,18670,0.0,0.0
2024-10-31 15:57:00-04:00,4.945000171661377,4.949999809265137,4.940000057220459,4.945000171661377,3324,0.0,0.0
2024-10-31 15:58:00-04:00,4.945000171661377,4.960000038146973,4.945000171661377,4.960000038146973,7272,0.0,0.0
2024-10-31 15:59:00-04:00,4.960000038146973,4.960000038146973,4.949999809265137,4.949999809265137,20488,0.0,0.0
2024-11-01 09:30:00-04:00,5.0,5.0,4.990099906921387,4.990099906921387,7601,0.0,0.0
2024-11-01 09:31:00-04:00,5.03000020980835,5.03000020980835,4.96999979019165,4.96999979019165,1926,0.0,0.0
2024-11-01 09:32:00-04:00,4.974999904632568,4.974999904632568,4.974999904632568,4.974999904632568,200,0.0,0.0
2024-11-01 09:33:00-04:00,5.139999866485596,5.139999866485596,5.139999866485596,5.139999866485596,2818,0.0,0.0
2024-11-01 09:34:00-04:00,5.130000114440918,5.130000114440918,5.130000114440918,5.130000114440918,255,0.0,0.0
2024-11-01 09:36:00-04:00,5.150000095367432,5.190000057220459,5.150000095367432,5.190000057220459,1773,0.0,0.0
2024-11-01 09:37:00-04:00,5.1869001388549805,5.21999979019165,5.1869001388549805,5.204999923706055,3098,0.0,0.0
2024-11-01 09:38:00-04:00,5.230000019073486,5.230000019073486,5.179999828338623,5.199999809265137,3213,0.0,0.0
2024-11-01 09:39:00-04:00,5.199999809265137,5.199999809265137,5.199999809265137,5.199999809265137,4216,0.0,0.0
2024-11-01 09:40:00-04:00,5.199999809265137,5.215000152587891,5.199999809265137,5.199999809265137,1910,0.0,0.0
2024-11-01 09:41:00-04:00,5.190000057220459,5.190000057220459,5.190000057220459,5.190000057220459,573,0.0,0.0
2024-11-01 09:42:00-04:00,5.179999828338623,5.179999828338623,5.170000076293945,5.170000076293945,1552,0.0,0.0
2024-11-01 09:43:00-04:00,5.179999828338623,5.190000057220459,5.170000076293945,5.179999828338623,6781,0.0,0.0
2024-11-01 09:44:00-04:00,5.170000076293945,5.170000076293945,5.139999866485596,5.139999866485596,2038,0.0,0.0
2024-11-01 09:45:00-04:00,5.150000095367432,5.150000095367432,5.123899936676025,5.123899936676025,1319,0.0,0.0
2024-11-01 09:46:00-04:00,5.130000114440918,5.130000114440918,5.130000114440918,5.130000114440918,1584,0.0,0.0
2024-11-01 09:47:00-04:00,5.119999885559082,5.130000114440918,5.119999885559082,5.119999885559082,11165,0.0,0.0
2024-11-01 09:48:00-04:00,5.110000133514404,5.130000114440918,5.110000133514404,5.130000114440918,3786,0.0,0.0
2024-11-01 09:49:00-04:00,5.119999885559082,5.125,5.105000019073486,5.119999885559082,10875,0.0,0.0
2024-11-01 09:51:00-04:00,5.110000133514404,5.114999771118164,5.105000019073486,5.114999771118164,3407,0.0,0.0
2024-11-01 09:52:00-04:00,5.110000133514404,5.119999885559082,5.110000133514404,5.119999885559082,3302,0.0,0.0
2024-11-01 09:54:00-04:00,5.099999904632568,5.110000133514404,5.099999904632568,5.110000133514404,9420,0.0,0.0
2024-11-01 09:55:00-04:00,5.110000133514404,5.110000133514404,5.110000133514404,5.110000133514404,1728,0.0,0.0
2024-11-01 09:57:00-04:00,5.110000133514404,5.110000133514404,5.110000133514404,5.110000133514404,1501,0.0,0.0
2024-11-01 09:58:00-04:00,5.099999904632568,5.110000133514404,5.099999904632568,5.110000133514404,718,0.0,0.0
2024-11-01 09:59:00-04:00,5.110000133514404,5.110000133514404,5.110000133514404,5.110000133514404,338,0.0,0.0
2024-11-01 10:00:00-04:00,5.099999904632568,5.119999885559082,5.099999904632568,5.099999904632568,5631,0.0,0.0
2024-11-01 10:01:00-04:00,5.119999885559082,5.119999885559082,5.119999885559082,5.119999885559082,735,0.0,0.0
2024-11-01 10:02:00-04:00,5.119999885559082,5.119999885559082,5.110000133514404,5.119999885559082,6345,0.0,0.0
2024-11-01 10:03:00-04:00,5.130000114440918,5.130000114440918,5.099999904632568,5.099999904632568,6181,0.0,0.0
2024-11-01 10:04:00-04:00,5.090000152587891,5.090000152587891,5.090000152587891,5.090000152587891,1711,0.0,0.0
2024-11-01 10:07:00-04:00,5.079999923706055,5.079999923706055,5.079999923706055,5.079999923706055,255,0.0,0.0
2024-11-01 10:08:00-04:00,5.090000152587891,5.090000152587891,5.070000171661377,5.070000171661377,1130,0.0,0.0
2024-11-01 10:09:00-04:00,5.079999923706055,5.09499979019165,5.079999923706055,5.09499979019165,3695,0.0,0.0
2024-11-01 10:10:00-04:00,5.099999904632568,5.099999904632568,5.099999904632568,5.099999904632568,1573,0.0,0.0
2024-11-01 10:11:00-04:00,5.090000152587891,5.090000152587891,5.090000152587891,5.090000152587891,540,0.0,0.0
2024-11-01 10:12:00-04:00,5.085000038146973,5.085000038146973,5.085000038146973,5.085000038146973,200,0.0,0.0
2024-11-01 10:13:00-04:00,5.079999923706055,5.090000152587891,5.079999923706055,5.090000152587891,3801,0.0,0.0
2024-11-01 10:15:00-04:00,5.090000152587891,5.090000152587891,5.090000152587891,5.090000152587891,1052,0.0,0.0
2024-11-01 10:16:00-04:00,5.085000038146973,5.085000038146973,5.079999923706055,5.079999923706055,6196,0.0,0.0
2024-11-01 10:18:00-04:00,5.090000152587891,5.090000152587891,5.090000152587891,5.090000152587891,1704,0.0,0.0
2024-11-01 10:19:00-04:00,5.090000152587891,5.105000019073486,5.090000152587891,5.099999904632568,10140,0.0,0.0
2024-11-01 10:20:00-04:00,5.110000133514404,5.110000133514404,5.110000133514404,5.110000133514404,380,0.0,0.0
2024-11-01 10:21:00-04:00,5.110000133514404,5.110000133514404,5.099999904632568,5.099999904632568,5507,0.0,0.0
2024-11-01 10:22:00-04:00,5.099999904632568,5.099999904632568,5.099999904632568,5.099999904632568,1896,0.0,0.0
2024-11-01 10:23:00-04:00,5.099999904632568,5.099999904632568,5.099999904632568,5.099999904632568,3655,0.0,0.0
2024-11-01 10:24:00-04:00,5.099999904632568,5.099999904632568,5.099999904632568,5.099999904632568,951,0.0,0.0
2024-11-01 10:25:00-04:00,5.09499979019165,5.09499979019165,5.079999923706055,5.079999923706055,4954,0.0,0.0
2024-11-01 10:26:00-04:00,5.070000171661377,5.070000171661377,5.070000171661377,5.070000171661377,789,0.0,0.0
2024-11-01 10:28:00-04:00,5.070000171661377,5.070000171661377,5.070000171661377,5.070000171661377,3434,0.0,0.0
2024-11-01 10:30:00-04:00,5.073999881744385,5.074999809265137,5.073999881744385,5.074999809265137,628,0.0,0.0
2024-11-01 10:31:00-04:00,5.074999809265137,5.074999809265137,5.074999809265137,5.074999809265137,699,0.0,0.0
2024-11-01 10:32:00-04:00,5.079999923706055,5.079999923706055,5.070000171661377,5.070000171661377,4123,0.0,0.0
2024-11-01 10:33:00-04:00,5.065000057220459,5.065000057220459,5.03000020980835,5.03000020980835,5186,0.0,0.0
2024-11-01 10:34:00-04:00,5.039999961853027,5.039999961853027,5.030200004577637,5.030200004577637,9382,0.0,0.0
2024-11-01 10:35:00-04:00,5.03000020980835,5.03000020980835,5.019999980926514,5.025000095367432,3073,0.0,0.0
2024-11-01 10:36:00-04:00,5.019999980926514,5.019999980926514,5.0,5.0,1723,0.0,0.0
2024-11-01 10:37:00-04:00,4.989999771118164,4.989999771118164,4.989999771118164,4.989999771118164,986,0.0,0.0
2024-11-01 10:39:00-04:00,4.989999771118164,4.989999771118164,4.989999771118164,4.989999771118164,1224,0.0,0.0
2024-11-01 10:40:00-04:00,4.994999885559082,4.994999885559082,4.989999771118164,4.989999771118164,3769,0.0,0.0
2024-11-01 10:41:00-04:00,4.989999771118164,4.989999771118164,4.989999771118164,4.989999771118164,1014,0.0,0.0
2024-11-01 10:42:00-04:00,4.980000019073486,4.980000019073486,4.980000019073486,4.980000019073486,465,0.0,0.0
2024-11-01 10:43:00-04:00,4.980000019073486,4.980000019073486,4.980000019073486,4.980000019073486,529,0.0,0.0
2024-11-01 10:45:00-04:00,4.980000019073486,4.980000019073486,4.980000019073486,4.980000019073486,531,0.0,0.0
2024-11-01 10:46:00-04:00,4.980000019073486,4.985000133514404,4.980000019073486,4.980000019073486,1152,0.0,0.0
2024-11-01 10:47:00-04:00,4.980000019073486,4.989999771118164,4.980000019073486,4.989999771118164,2809,0.0,0.0
2024-11-01 10:50:00-04:00,4.989999771118164,4.989999771118164,4.980000019073486,4.980000019073486,1437,0.0,0.0
2024-11-01 10:53:00-04:00,4.96999979019165,4.980000019073486,4.96999979019165,4.980000019073486,2437,0.0,0.0
2024-11-01 10:55:00-04:00,4.980000019073486,4.980000019073486,4.980000019073486,4.980000019073486,1924,0.0,0.0
2024-11-01 10:58:00-04:00,4.985000133514404,4.987500190734863,4.985000133514404,4.987500190734863,1726,0.0,0.0
2024-11-01 10:59:00-04:00,4.985000133514404,5.0,4.985000133514404,5.0,2784,0.0,0.0
2024-11-01 11:00:00-04:00,4.994999885559082,4.994999885559082,4.994999885559082,4.994999885559082,224,0.0,0.0
2024-11-01 11:01:00-04:00,5.0,5.0,4.994999885559082,4.994999885559082,4048,0.0,0.0
2024-11-01 11:02:00-04:00,5.0,5.0,4.994999885559082,4.994999885559082,1816,0.0,0.0
2024-11-01 11:03:00-04:00,5.0,5.010000228881836,5.0,5.008999824523926,4583,0.0,0.0
2024-11-01 11:05:00-04:00,5.019999980926514,5.019999980926514,5.019999980926514,5.019999980926514,493,0.0,0.0
2024-11-01 11:06:00-04:00,5.019999980926514,5.019999980926514,5.019999980926514,5.019999980926514,452,0.0,0.0
2024-11-01 11:07:00-04:00,5.019999980926514,5.019999980926514,5.019999980926514,5.019999980926514,1296,0.0,0.0
2024-11-01 11:08:00-04:00,5.025000095367432,5.025000095367432,5.025000095367432,5.025000095367432,1932,0.0,0.0
2024-11-01 11:09:00-04:00,5.019999980926514,5.019999980926514,5.014999866485596,5.014999866485596,648,0.0,0.0
2024-11-01 11:10:00-04:00,5.014999866485596,5.014999866485596,5.007500171661377,5.014999866485596,2628,0.0,0.0
2024-11-01 11:11:00-04:00,5.03000020980835,5.034999847412109,5.03000020980835,5.034999847412109,1449,0.0,0.0
2024-11-01 11:12:00-04:00,5.034999847412109,5.034999847412109,5.034999847412109,5.034999847412109,329,0.0,0.0
2024-11-01 11:14:00-04:00,5.030099868774414,5.030099868774414,5.030099868774414,5.030099868774414,1140,0.0,0.0
2024-11-01 11:15:00-04:00,5.039999961853027,5.039999961853027,5.039999961853027,5.039999961853027,727,0.0,0.0
2024-11-01 11:18:00-04:00,5.039999961853027,5.039999961853027,5.039999961853027,5.039999961853027,676,0.0,0.0
2024-11-01 11:19:00-04:00,5.050000190734863,5.050000190734863,5.050000190734863,5.050000190734863,806,0.0,0.0
2024-11-01 11:21:00-04:00,5.050000190734863,5.050000190734863,5.039999961853027,5.039999961853027,4034,0.0,0.0
2024-11-01 11:24:00-04:00,5.039999961853027,5.070000171661377,5.039999961853027,5.070000171661377,2695,0.0,0.0
2024-11-01 11:25:00-04:00,5.065000057220459,5.070000171661377,5.065000057220459,5.070000171661377,497,0.0,0.0
2024-11-01 11:26:00-04:00,5.065000057220459,5.065000057220459,5.065000057220459,5.065000057220459,1186,0.0,0.0
2024-11-01 11:30:00-04:00,5.065000057220459,5.065000057220459,5.065000057220459,5.065000057220459,431,0.0,0.0
2024-11-01 11:31:00-04:00,5.065000057220459,5.065000057220459,5.065000057220459,5.065000057220459,1692,0.0,0.0
2024-11-01 11:34:00-04:00,5.065000057220459,5.065000057220459,5.059999942779541,5.059999942779541,4544,0.0,0.0
2024-11-01 11:35:00-04:00,5.050000190734863,5.050000190734863,5.045000076293945,5.045000076293945,873,0.0,0.0
2024-11-01 11:36:00-04:00,5.039999961853027,5.039999961853027,5.039999961853027,5.039999961853027,500,0.0,0.0
2024-11-01 11:37:00-04:00,5.034999847412109,5.034999847412109,5.03000020980835,5.03000020980835,2148,0.0,0.0
2024-11-01 11:38:00-04:00,5.019999980926514,5.019999980926514,5.010000228881836,5.019999980926514,2915,0.0,0.0
2024-11-01 11:39:00-04:00,5.03000020980835,5.03000020980835,5.019999980926514,5.03000020980835,3896,0.0,0.0
2024-11-01 11:40:00-04:00,5.025000095367432,5.025000095367432,5.025000095367432,5.025000095367432,663,0.0,0.0
2024-11-01 11:41:00-04:00,5.025000095367432,5.034999847412109,5.019999980926514,5.019999980926514,4800,0.0,0.0
2024-11-01 11:44:00-04:00,5.014999866485596,5.014999866485596,5.014999866485596,5.014999866485596,400,0.0,0.0
2024-11-01 11:45:00-04:00,5.014999866485596,5.019999980926514,5.014999866485596,5.019999980926514,669,0.0,0.0
2024-11-01 11:46:00-04:00,5.014999866485596,5.014999866485596,5.014999866485596,5.014999866485596,417,0.0,0.0
2024-11-01 11:47:00-04:00,5.019999980926514,5.019999980926514,5.010000228881836,5.014999866485596,1739,0.0,0.0
2024-11-01 11:49:00-04:00,5.010000228881836,5.010000228881836,5.0,5.0,2400,0.0,0.0
2024-11-01 11:51:00-04:00,5.005000114440918,5.005000114440918,5.0,5.0,473,0.0,0.0
2024-11-01 11:52:00-04:00,5.0,5.014999866485596,5.0,5.010000228881836,5061,0.0,0.0
2024-11-01 11:53:00-04:00,5.010000228881836,5.014999866485596,5.010000228881836,5.014999866485596,1716,0.0,0.0
2024-11-01 11:55:00-04:00,5.014999866485596,5.014999866485596,5.014999866485596,5.014999866485596,251,0.0,0.0
2024-11-01 11:56:00-04:00,5.010000228881836,5.010000228881836,5.005000114440918,5.010000228881836,2780,0.0,0.0
2024-11-01 11:57:00-04:00,5.010000228881836,5.010000228881836,5.010000228881836,5.010000228881836,1037,0.0,0.0
2024-11-01 11:59:00-04:00,5.005000114440918,5.005000114440918,5.0,5.0,3426,0.0,0.0
2024-11-01 12:00:00-04:00,5.010000228881836,5.010000228881836,5.010000228881836,5.010000228881836,1057,0.0,0.0
2024-11-01 12:02:00-04:00,5.014999866485596,5.014999866485596,5.014999866485596,5.014999866485596,304,0.0,0.0
2024-11-01 12:03:00-04:00,5.019999980926514,5.019999980926514,5.019999980926514,5.019999980926514,2337,0.0,0.0
2024-11-01 12:04:00-04:00,5.03000020980835,5.03000020980835,5.025000095367432,5.025000095367432,1222,0.0,0.0
2024-11-01 12:05:00-04:00,5.03000020980835,5.03000020980835,5.014999866485596,5.019999980926514,2715,0.0,0.0
2024-11-01 12:06:00-04:00,5.014999866485596,5.014999866485596,5.010000228881836,5.010000228881836,3245,0.0,0.0
2024-11-01 12:07:00-04:00,5.010000228881836,5.010000228881836,5.008999824523926,5.008999824523926,1022,0.0,0.0
2024-11-01 12:08:00-04:00,5.0,5.0,5.0,5.0,300,0.0,0.0
2024-11-01 12:09:00-04:00,5.010000228881836,5.010000228881836,5.010000228881836,5.010000228881836,1685,0.0,0.0
2024-11-01 12:11:00-04:00,5.010000228881836,5.010000228881836,5.010000228881836,5.010000228881836,553,0.0,0.0
2024-11-01 12:13:00-04:00,5.010000228881836,5.010000228881836,5.010000228881836,5.010000228881836,148,0.0,0.0
2024-11-01 12:15:00-04:00,5.010000228881836,5.010000228881836,5.010000228881836,5.010000228881836,2379,0.0,0.0
2024-11-01 12:17:00-04:00,5.0,5.0,5.0,5.0,2752,0.0,0.0
2024-11-01 12:22:00-04:00,5.0,5.0,4.994999885559082,5.0,2788,0.0,0.0
2024-11-01 12:23:00-04:00,5.0,5.010000228881836,5.0,5.0,4675,0.0,0.0
2024-11-01 12:24:00-04:00,5.010000228881836,5.010000228881836,5.010000228881836,5.010000228881836,3071,0.0,0.0
2024-11-01 12:26:00-04:00,5.005000114440918,5.005000114440918,5.005000114440918,5.005000114440918,493,0.0,0.0
2024-11-01 12:28:00-04:00,5.005000114440918,5.010000228881836,5.005000114440918,5.010000228881836,1834,0.0,0.0
2024-11-01 12:31:00-04:00,5.010000228881836,5.010000228881836,5.010000228881836,5.010000228881836,2619,0.0,0.0
2024-11-01 12:32:00-04:00,5.010000228881836,5.010000228881836,5.010000228881836,5.010000228881836,2576,0.0,0.0
2024-11-01 12:33:00-04:00,5.010000228881836,5.010000228881836,5.010000228881836,5.010000228881836,1408,0.0,0.0
2024-11-01 12:36:00-04:00,5.019999980926514,5.019999980926514,5.019999980926514,5.019999980926514,303,0.0,0.0
2024-11-01 12:37:00-04:00,5.019999980926514,5.019999980926514,5.019999980926514,5.019999980926514,414,0.0,0.0
2024-11-01 12:38:00-04:00,5.019999980926514,5.019999980926514,5.019999980926514,5.019999980926514,974,0.0,0.0
2024-11-01 12:39:00-04:00,5.014999866485596,5.014999866485596,5.014999866485596,5.014999866485596,364,0.0,0.0
2024-11-01 12:40:00-04:00,5.019999980926514,5.019999980926514,5.019999980926514,5.019999980926514,904,0.0,0.0
2024-11-01 12:41:00-04:00,5.010000228881836,5.010000228881836,5.005000114440918,5.005000114440918,3448,0.0,0.0
2024-11-01 12:42:00-04:00,5.010000228881836,5.010000228881836,5.005000114440918,5.005000114440918,638,0.0,0.0
2024-11-01 12:43:00-04:00,5.010000228881836,5.010000228881836,5.005000114440918,5.005000114440918,5305,0.0,0.0
2024-11-01 12:46:00-04:00,5.005000114440918,5.005000114440918,5.000100135803223,5.000100135803223,1122,0.0,0.0
2024-11-01 12:47:00-04:00,5.005000114440918,5.005000114440918,5.005000114440918,5.005000114440918,867,0.0,0.0
2024-11-01 12:49:00-04:00,5.005000114440918,5.005000114440918,5.005000114440918,5.005000114440918,451,0.0,0.0
2024-11-01 12:50:00-04:00,5.005000114440918,5.005000114440918,5.005000114440918,5.005000114440918,717,0.0,0.0
2024-11-01 12:52:00-04:00,5.010000228881836,5.010000228881836,5.005000114440918,5.005000114440918,4574,0.0,0.0
2024-11-01 12:53:00-04:00,5.006999969482422,5.010000228881836,5.006999969482422,5.010000228881836,3539,0.0,0.0
2024-11-01 12:54:00-04:00,5.010000228881836,5.019999980926514,5.010000228881836,5.019999980926514,4813,0.0,0.0
2024-11-01 12:56:00-04:00,5.019999980926514,5.019999980926514,5.019999980926514,5.019999980926514,263,0.0,0.0
2024-11-01 12:57:00-04:00,5.010000228881836,5.019999980926514,5.010000228881836,5.0100998878479,2539,0.0,0.0
2024-11-01 12:58:00-04:00,5.010000228881836,5.010000228881836,5.010000228881836,5.010000228881836,1988,0.0,0.0
2024-11-01 12:59:00-04:00,5.010000228881836,5.010000228881836,5.010000228881836,5.010000228881836,376,0.0,0.0
2024-11-01 13:01:00-04:00,5.010000228881836,5.010000228881836,5.010000228881836,5.010000228881836,593,0.0,0.0
2024-11-01 13:03:00-04:00,5.010000228881836,5.010000228881836,5.0,5.0,4839,0.0,0.0
2024-11-01 13:08:00-04:00,4.989999771118164,4.989999771118164,4.980000019073486,4.980000019073486,1387,0.0,0.0
2024-11-01 13:09:00-04:00,4.980000019073486,4.980000019073486,4.980000019073486,4.980000019073486,487,0.0,0.0
2024-11-01 13:12:00-04:00,4.980000019073486,4.980000019073486,4.980000019073486,4.980000019073486,254,0.0,0.0
2024-11-01 13:13:00-04:00,4.989999771118164,4.989999771118164,4.989999771118164,4.989999771118164,448,0.0,0.0
2024-11-01 13:15:00-04:00,4.994999885559082,4.994999885559082,4.994999885559082,4.994999885559082,1246,0.0,0.0
2024-11-01 13:16:00-04:00,4.989999771118164,4.989999771118164,4.989999771118164,4.989999771118164,359,0.0,0.0
2024-11-01 13:19:00-04:00,4.980000019073486,4.989999771118164,4.980000019073486,4.989999771118164,1136,0.0,0.0
2024-11-01 13:21:00-04:00,4.988999843597412,4.988999843597412,4.988999843597412,4.988999843597412,536,0.0,0.0
2024-11-01 13:23:00-04:00,4.989999771118164,4.994999885559082,4.989999771118164,4.994999885559082,825,0.0,0.0
2024-11-01 13:24:00-04:00,4.994999885559082,4.994999885559082,4.994999885559082,4.994999885559082,695,0.0,0.0
2024-11-01 13:26:00-04:00,4.989999771118164,4.994999885559082,4.989999771118164,4.994999885559082,4489,0.0,0.0
2024-11-01 13:30:00-04:00,4.994999885559082,4.994999885559082,4.989999771118164,4.989999771118164,436,0.0,0.0
2024-11-01 13:31:00-04:00,4.989999771118164,4.989999771118164,4.985000133514404,4.985000133514404,2634,0.0,0.0
2024-11-01 13:32:00-04:00,4.980000019073486,4.980000019073486,4.974999904632568,4.974999904632568,1771,0.0,0.0
2024-11-01 13:33:00-04:00,4.974999904632568,4.974999904632568,4.974999904632568,4.974999904632568,172,0.0,0.0
2024-11-01 13:35:00-04:00,4.974999904632568,4.994999885559082,4.974999904632568,4.994999885559082,3034,0.0,0.0
2024-11-01 13:36:00-04:00,4.989999771118164,4.989999771118164,4.989999771118164,4.989999771118164,387,0.0,0.0
2024-11-01 13:37:00-04:00,4.989999771118164,4.989999771118164,4.989999771118164,4.989999771118164,2459,0.0,0.0
2024-11-01 13:38:00-04:00,4.985000133514404,4.985000133514404,4.985000133514404,4.985000133514404,403,0.0,0.0
2024-11-01 13:39:00-04:00,4.989999771118164,4.989999771118164,4.989999771118164,4.989999771118164,1848,0.0,0.0
2024-11-01 13:41:00-04:00,4.985000133514404,4.985000133514404,4.985000133514404,4.985000133514404,604,0.0,0.0
2024-11-01 13:43:00-04:00,4.985000133514404,4.985000133514404,4.985000133514404,4.985000133514404,755,0.0,0.0
2024-11-01 13:45:00-04:00,4.985000133514404,4.985000133514404,4.985000133514404,4.985000133514404,520,0.0,0.0
2024-11-01 13:46:00-04:00,4.985000133514404,4.985000133514404,4.985000133514404,4.985000133514404,122,0.0,0.0
2024-11-01 13:47:00-04:00,4.985000133514404,4.985000133514404,4.985000133514404,4.985000133514404,1062,0.0,0.0
2024-11-01 13:48:00-04:00,4.994999885559082,4.994999885559082,4.994999885559082,4.994999885559082,384,0.0,0.0
2024-11-01 13:49:00-04:00,4.989999771118164,4.989999771118164,4.985000133514404,4.985000133514404,1926,0.0,0.0
2024-11-01 13:50:00-04:00,4.985000133514404,4.985000133514404,4.980000019073486,4.985000133514404,2071,0.0,0.0
2024-11-01 13:52:00-04:00,4.989999771118164,4.989999771118164,4.989999771118164,4.989999771118164,818,0.0,0.0
2024-11-01 13:53:00-04:00,4.989999771118164,4.989999771118164,4.989999771118164,4.989999771118164,354,0.0,0.0
2024-11-01 13:55:00-04:00,4.99399995803833,4.994999885559082,4.99399995803833,4.994999885559082,1044,0.0,0.0
2024-11-01 13:57:00-04:00,4.989999771118164,5.010000228881836,4.985000133514404,5.010000228881836,5946,0.0,0.0
2024-11-01 14:00:00-04:00,5.014999866485596,5.014999866485596,5.014999866485596,5.014999866485596,167,0.0,0.0
2024-11-01 14:01:00-04:00,5.014999866485596,5.014999866485596,5.010000228881836,5.010000228881836,797,0.0,0.0
2024-11-01 14:02:00-04:00,5.010000228881836,5.010000228881836,5.010000228881836,5.010000228881836,794,0.0,0.0
2024-11-01 14:03:00-04:00,5.010000228881836,5.010000228881836,5.010000228881836,5.010000228881836,744,0.0,0.0
2024-11-01 14:10:00-04:00,5.010000228881836,5.010000228881836,5.010000228881836,5.010000228881836,1095,0.0,0.0
2024-11-01 14:13:00-04:00,5.010000228881836,5.010000228881836,5.010000228881836,5.010000228881836,588,0.0,0.0
2024-11-01 14:16:00-04:00,5.0,5.0,5.0,5.0,213,0.0,0.0
2024-11-01 14:17:00-04:00,5.010000228881836,5.010000228881836,5.010000228881836,5.010000228881836,377,0.0,0.0
2024-11-01 14:18:00-04:00,5.010000228881836,5.014999866485596,5.005000114440918,5.014999866485596,4109,0.0,0.0
2024-11-01 14:19:00-04:00,5.014999866485596,5.014999866485596,5.010000228881836,5.010000228881836,436,0.0,0.0
2024-11-01 14:20:00-04:00,5.014999866485596,5.014999866485596,5.014999866485596,5.014999866485596,354,0.0,0.0
2024-11-01 14:21:00-04:00,5.014999866485596,5.03000020980835,5.014999866485596,5.03000020980835,4110,0.0,0.0
2024-11-01 14:22:00-04:00,5.03000020980835,5.03000020980835,5.03000020980835,5.03000020980835,1151,0.0,0.0
2024-11-01 14:24:00-04:00,5.03000020980835,5.03000020980835,5.03000020980835,5.03000020980835,337,0.0,0.0
2024-11-01 14:25:00-04:00,5.034999847412109,5.034999847412109,5.03000020980835,5.03000020980835,410,0.0,0.0
2024-11-01 14:26:00-04:00,5.034999847412109,5.034999847412109,5.034999847412109,5.034999847412109,710,0.0,0.0
2024-11-01 14:28:00-04:00,5.034999847412109,5.034999847412109,5.034999847412109,5.034999847412109,610,0.0,0.0
2024-11-01 14:30:00-04:00,5.039999961853027,5.039999961853027,5.034999847412109,5.034999847412109,410,0.0,0.0
2024-11-01 14:31:00-04:00,5.034999847412109,5.034999847412109,5.034999847412109,5.034999847412109,373,0.0,0.0
2024-11-01 14:32:00-04:00,5.032599925994873,5.050000190734863,5.032599925994873,5.050000190734863,5673,0.0,0.0
2024-11-01 14:36:00-04:00,5.045000076293945,5.045000076293945,5.045000076293945,5.045000076293945,2127,0.0,0.0
2024-11-01 14:37:00-04:00,5.050000190734863,5.050000190734863,5.045000076293945,5.045000076293945,979,0.0,0.0
2024-11-01 14:40:00-04:00,5.050000190734863,5.054999828338623,5.050000190734863,5.054999828338623,689,0.0,0.0
2024-11-01 14:41:00-04:00,5.054999828338623,5.054999828338623,5.054999828338623,5.054999828338623,311,0.0,0.0
2024-11-01 14:42:00-04:00,5.054999828338623,5.054999828338623,5.054999828338623,5.054999828338623,410,0.0,0.0
2024-11-01 14:43:00-04:00,5.054999828338623,5.054999828338623,5.054999828338623,5.054999828338623,717,0.0,0.0
2024-11-01 14:45:00-04:00,5.059999942779541,5.059999942779541,5.059999942779541,5.059999942779541,818,0.0,0.0
2024-11-01 14:46:00-04:00,5.065000057220459,5.070000171661377,5.065000057220459,5.070000171661377,727,0.0,0.0
2024-11-01 14:47:00-04:00,5.065000057220459,5.079999923706055,5.065000057220459,5.079999923706055,1244,0.0,0.0
2024-11-01 14:48:00-04:00,5.074999809265137,5.074999809265137,5.069200038909912,5.070000171661377,2805,0.0,0.0
2024-11-01 14:49:00-04:00,5.065000057220459,5.070000171661377,5.065000057220459,5.070000171661377,267,0.0,0.0
2024-11-01 14:50:00-04:00,5.074999809265137,5.074999809265137,5.074999809265137,5.074999809265137,1348,0.0,0.0
2024-11-01 14:51:00-04:00,5.074999809265137,5.074999809265137,5.074999809265137,5.074999809265137,369,0.0,0.0
2024-11-01 14:52:00-04:00,5.079999923706055,5.079999923706055,5.079999923706055,5.079999923706055,1059,0.0,0.0
2024-11-01 14:53:00-04:00,5.085000038146973,5.085000038146973,5.085000038146973,5.085000038146973,154,0.0,0.0
2024-11-01 14:54:00-04:00,5.085000038146973,5.085000038146973,5.085000038146973,5.085000038146973,323,0.0,0.0
2024-11-01 14:55:00-04:00,5.085000038146973,5.085000038146973,5.085000038146973,5.085000038146973,283,0.0,0.0
2024-11-01 14:56:00-04:00,5.085000038146973,5.085000038146973,5.085000038146973,5.085000038146973,634,0.0,0.0
2024-11-01 15:00:00-04:00,5.085000038146973,5.085000038146973,5.085000038146973,5.085000038146973,888,0.0,0.0
2024-11-01 15:03:00-04:00,5.085000038146973,5.085000038146973,5.074999809265137,5.085000038146973,10032,0.0,0.0
2024-11-01 15:04:00-04:00,5.090000152587891,5.090000152587891,5.090000152587891,5.090000152587891,1645,0.0,0.0
2024-11-01 15:05:00-04:00,5.09499979019165,5.09499979019165,5.09499979019165,5.09499979019165,772,0.0,0.0
2024-11-01 15:06:00-04:00,5.099999904632568,5.099999904632568,5.099999904632568,5.099999904632568,170,0.0,0.0
2024-11-01 15:07:00-04:00,5.09499979019165,5.09499979019165,5.09499979019165,5.09499979019165,1093,0.0,0.0
2024-11-01 15:08:00-04:00,5.105000019073486,5.105000019073486,5.105000019073486,5.105000019073486,820,0.0,0.0
2024-11-01 15:11:00-04:00,5.105000019073486,5.105000019073486,5.105000019073486,5.105000019073486,332,0.0,0.0
2024-11-01 15:12:00-04:00,5.110000133514404,5.114999771118164,5.110000133514404,5.114999771118164,1981,0.0,0.0
2024-11-01 15:13:00-04:00,5.119999885559082,5.119999885559082,5.114999771118164,5.114999771118164,721,0.0,0.0
2024-11-01 15:14:00-04:00,5.114999771118164,5.114999771118164,5.114999771118164,5.114999771118164,2174,0.0,0.0
2024-11-01 15:15:00-04:00,5.114999771118164,5.114999771118164,5.114999771118164,5.114999771118164,1054,0.0,0.0
2024-11-01 15:16:00-04:00,5.114999771118164,5.114999771118164,5.099999904632568,5.099999904632568,3004,0.0,0.0
2024-11-01 15:18:00-04:00,5.099999904632568,5.099999904632568,5.099999904632568,5.099999904632568,557,0.0,0.0
2024-11-01 15:19:00-04:00,5.105000019073486,5.105000019073486,5.105000019073486,5.105000019073486,1083,0.0,0.0
2024-11-01 15:21:00-04:00,5.099999904632568,5.105000019073486,5.099999904632568,5.105000019073486,766,0.0,0.0
2024-11-01 15:22:00-04:00,5.105000019073486,5.109899997711182,5.105000019073486,5.105000019073486,968,0.0,0.0
2024-11-01 15:23:00-04:00,5.099999904632568,5.105000019073486,5.099999904632568,5.105000019073486,349,0.0,0.0
2024-11-01 15:24:00-04:00,5.105000019073486,5.105000019073486,5.099999904632568,5.105000019073486,762,0.0,0.0
2024-11-01 15:25:00-04:00,5.105000019073486,5.105000019073486,5.099999904632568,5.105000019073486,1985,0.0,0.0
2024-11-01 15:26:00-04:00,5.099999904632568,5.105000019073486,5.099999904632568,5.105000019073486,1540,0.0,0.0
2024-11-01 15:27:00-04:00,5.105000019073486,5.105000019073486,5.099999904632568,5.099999904632568,969,0.0,0.0
2024-11-01 15:28:00-04:00,5.105000019073486,5.105000019073486,5.099999904632568,5.105000019073486,1182,0.0,0.0
2024-11-01 15:29:00-04:00,5.105000019073486,5.114999771118164,5.105000019073486,5.114999771118164,4719,0.0,0.0
2024-11-01 15:30:00-04:00,5.110000133514404,5.110000133514404,5.105000019073486,5.105000019073486,4283,0.0,0.0
2024-11-01 15:31:00-04:00,5.105000019073486,5.105000019073486,5.105000019073486,5.105000019073486,1985,0.0,0.0
2024-11-01 15:32:00-04:00,5.110000133514404,5.110000133514404,5.105000019073486,5.105000019073486,719,0.0,0.0
2024-11-01 15:33:00-04:00,5.110000133514404,5.119999885559082,5.110000133514404,5.114999771118164,1656,0.0,0.0
2024-11-01 15:34:00-04:00,5.114999771118164,5.119999885559082,5.114999771118164,5.119999885559082,2263,0.0,0.0
2024-11-01 15:35:00-04:00,5.130000114440918,5.135000228881836,5.130000114440918,5.135000228881836,1584,0.0,0.0
2024-11-01 15:36:00-04:00,5.135000228881836,5.135000228881836,5.130000114440918,5.130000114440918,5185,0.0,0.0
2024-11-01 15:38:00-04:00,5.130000114440918,5.130000114440918,5.130000114440918,5.130000114440918,609,0.0,0.0
2024-11-01 15:39:00-04:00,5.125,5.130000114440918,5.125,5.130000114440918,813,0.0,0.0
2024-11-01 15:40:00-04:00,5.130000114440918,5.144999980926514,5.130000114440918,5.135000228881836,6554,0.0,0.0
2024-11-01 15:41:00-04:00,5.135000228881836,5.135000228881836,5.135000228881836,5.135000228881836,1077,0.0,0.0
2024-11-01 15:42:00-04:00,5.135000228881836,5.135000228881836,5.135000228881836,5.135000228881836,614,0.0,0.0
2024-11-01 15:43:00-04:00,5.138999938964844,5.138999938964844,5.138999938964844,5.138999938964844,951,0.0,0.0
2024-11-01 15:44:00-04:00,5.139999866485596,5.144999980926514,5.135000228881836,5.135000228881836,6120,0.0,0.0
2024-11-01 15:45:00-04:00,5.135000228881836,5.135000228881836,5.130000114440918,5.135000228881836,1684,0.0,0.0
2024-11-01 15:46:00-04:00,5.135000228881836,5.139999866485596,5.130000114440918,5.135000228881836,4050,0.0,0.0
2024-11-01 15:47:00-04:00,5.130000114440918,5.130000114440918,5.100100040435791,5.105000019073486,12217,0.0,0.0
2024-11-01 15:48:00-04:00,5.105000019073486,5.110000133514404,5.105000019073486,5.110000133514404,3525,0.0,0.0
2024-11-01 15:49:00-04:00,5.099999904632568,5.105000019073486,5.099999904632568,5.105000019073486,2327,0.0,0.0
2024-11-01 15:50:00-04:00,5.10099983215332,5.105000019073486,5.085000038146973,5.090000152587891,9623,0.0,0.0
2024-11-01 15:51:00-04:00,5.085000038146973,5.085000038146973,5.079999923706055,5.085000038146973,2147,0.0,0.0
2024-11-01 15:52:00-04:00,5.085000038146973,5.087500095367432,5.074999809265137,5.074999809265137,7466,0.0,0.0
2024-11-01 15:53:00-04:00,5.079999923706055,5.090000152587891,5.074999809265137,5.085000038146973,16106,0.0,0.0
2024-11-01 15:54:00-04:00,5.085000038146973,5.105000019073486,5.079999923706055,5.105000019073486,17625,0.0,0.0
2024-11-01 15:55:00-04:00,5.099999904632568,5.105000019073486,5.090000152587891,5.090000152587891,3697,0.0,0.0
2024-11-01 15:56:00-04:00,5.090000152587891,5.09499979019165,5.090000152587891,5.09499979019165,3008,0.0,0.0
2024-11-01 15:57:00-04:00,5.090000152587891,5.09499979019165,5.090000152587891,5.090000152587891,6167,0.0,0.0
2024-11-01 15:58:00-04:00,5.090000152587891,5.099999904632568,5.085000038146973,5.09499979019165,16866,0.0,0.0
2024-11-01 15:59:00-04:00,5.09499979019165,5.110000133514404,5.090000152587891,5.110000133514404,34798,0.0,0.0
