Datetime,Open,High,Low,Close,Volume,Dividends,Stock Splits
2024-10-28 09:45:00-04:00,3.9207000732421875,3.9207000732421875,3.9207000732421875,3.9207000732421875,1787,0.0,0.0
2024-10-28 09:56:00-04:00,4.170000076293945,4.190000057220459,4.1519999504089355,4.1519999504089355,1861,0.0,0.0
2024-10-28 09:58:00-04:00,4.079999923706055,4.139999866485596,4.079999923706055,4.139999866485596,284,0.0,0.0
2024-10-28 10:00:00-04:00,4.139999866485596,4.183199882507324,4.139999866485596,4.183199882507324,303,0.0,0.0
2024-10-28 10:01:00-04:00,4.139999866485596,4.230000019073486,4.139999866485596,4.230000019073486,984,0.0,0.0
2024-10-28 10:02:00-04:00,4.2332000732421875,4.300000190734863,4.2332000732421875,4.283699989318848,2717,0.0,0.0
2024-10-28 10:03:00-04:00,4.380000114440918,4.380000114440918,4.192200183868408,4.192200183868408,3051,0.0,0.0
2024-10-28 10:05:00-04:00,4.394800186157227,4.394800186157227,4.394800186157227,4.394800186157227,235,0.0,0.0
2024-10-28 10:06:00-04:00,4.389999866485596,4.3979997634887695,4.389999866485596,4.3979997634887695,0,0.0,0.0
2024-10-28 10:07:00-04:00,4.382500171661377,4.3979997634887695,4.382500171661377,4.389999866485596,1126,0.0,0.0
2024-10-28 10:08:00-04:00,4.382500171661377,4.489999771118164,4.382500171661377,4.480000019073486,3344,0.0,0.0
2024-10-28 10:09:00-04:00,4.324999809265137,4.48799991607666,4.324999809265137,4.449999809265137,1400,0.0,0.0
2024-10-28 10:10:00-04:00,4.46999979019165,4.5,4.466899871826172,4.5,3297,0.0,0.0
2024-10-28 10:11:00-04:00,4.5,4.526700019836426,4.5,4.5,6722,0.0,0.0
2024-10-28 10:12:00-04:00,4.480000019073486,4.480000019073486,4.46999979019165,4.46999979019165,631,0.0,0.0
2024-10-28 10:13:00-04:00,4.480000019073486,4.480000019073486,4.480000019073486,4.480000019073486,200,0.0,0.0
2024-10-28 10:14:00-04:00,4.558000087738037,4.558000087738037,4.480000019073486,4.480000019073486,601,0.0,0.0
2024-10-28 10:15:00-04:00,4.548799991607666,4.550000190734863,4.5,4.549099922180176,1330,0.0,0.0
2024-10-28 10:16:00-04:00,4.409999847412109,4.420000076293945,4.360000133514404,4.360000133514404,321,0.0,0.0
2024-10-28 10:17:00-04:00,4.460000038146973,4.489999771118164,4.449999809265137,4.449999809265137,506,0.0,0.0
2024-10-28 10:18:00-04:00,4.499899864196777,4.5,4.498000144958496,4.5,701,0.0,0.0
2024-10-28 10:21:00-04:00,4.5,4.5,4.489999771118164,4.5,3257,0.0,0.0
2024-10-28 10:22:00-04:00,4.550000190734863,4.550000190734863,4.550000190734863,4.550000190734863,0,0.0,0.0
2024-10-28 10:23:00-04:00,4.550000190734863,4.550000190734863,4.425000190734863,4.425000190734863,851,0.0,0.0
2024-10-28 10:24:00-04:00,4.300000190734863,4.550000190734863,4.300000190734863,4.550000190734863,8973,0.0,0.0
2024-10-28 10:36:00-04:00,4.5,4.510000228881836,4.5,4.510000228881836,400,0.0,0.0
2024-10-28 10:37:00-04:00,4.309999942779541,4.5,4.309999942779541,4.5,546,0.0,0.0
2024-10-28 10:38:00-04:00,4.409999847412109,4.409999847412109,4.349999904632568,4.349999904632568,723,0.0,0.0
2024-10-28 10:39:00-04:00,4.330699920654297,4.330699920654297,4.320099830627441,4.321000099182129,6700,0.0,0.0
2024-10-28 10:40:00-04:00,4.489999771118164,4.489999771118164,4.289999961853027,4.309999942779541,2981,0.0,0.0
2024-10-28 10:41:00-04:00,4.375,4.451200008392334,4.349999904632568,4.349999904632568,1164,0.0,0.0
2024-10-28 10:46:00-04:00,4.440000057220459,4.440000057220459,4.440000057220459,4.440000057220459,264,0.0,0.0
2024-10-28 10:54:00-04:00,4.429999828338623,4.429999828338623,4.429999828338623,4.429999828338623,452,0.0,0.0
2024-10-28 11:01:00-04:00,4.28000020980835,4.28000020980835,4.190000057220459,4.190000057220459,428,0.0,0.0
2024-10-28 11:06:00-04:00,4.210000038146973,4.210000038146973,4.210000038146973,4.210000038146973,200,0.0,0.0
2024-10-28 11:07:00-04:00,4.25,4.289999961853027,4.25,4.289999961853027,1819,0.0,0.0
2024-10-28 11:08:00-04:00,4.311999797821045,4.311999797821045,4.311999797821045,4.311999797821045,2786,0.0,0.0
2024-10-28 11:14:00-04:00,4.300000190734863,4.300000190734863,4.300000190734863,4.300000190734863,1013,0.0,0.0
2024-10-28 11:15:00-04:00,4.308000087738037,4.308000087738037,4.300000190734863,4.300000190734863,402,0.0,0.0
2024-10-28 11:34:00-04:00,4.25600004196167,4.25600004196167,4.25600004196167,4.25600004196167,180,0.0,0.0
2024-10-28 11:39:00-04:00,4.289999961853027,4.289999961853027,4.289999961853027,4.289999961853027,903,0.0,0.0
2024-10-28 11:59:00-04:00,4.260000228881836,4.309999942779541,4.260000228881836,4.309999942779541,1056,0.0,0.0
2024-10-28 12:00:00-04:00,4.260000228881836,4.320000171661377,4.260000228881836,4.320000171661377,1200,0.0,0.0
2024-10-28 12:01:00-04:00,4.317999839782715,4.360000133514404,4.269999980926514,4.360000133514404,2211,0.0,0.0
2024-10-28 12:02:00-04:00,4.409999847412109,4.418000221252441,4.409999847412109,4.409999847412109,560,0.0,0.0
2024-10-28 12:03:00-04:00,4.418000221252441,4.418000221252441,4.409999847412109,4.413000106811523,805,0.0,0.0
2024-10-28 12:04:00-04:00,4.25,4.409999847412109,4.199999809265137,4.409999847412109,5938,0.0,0.0
2024-10-28 12:07:00-04:00,4.309999942779541,4.309999942779541,4.309999942779541,4.309999942779541,394,0.0,0.0
2024-10-28 12:10:00-04:00,4.349999904632568,4.409999847412109,4.349999904632568,4.409999847412109,618,0.0,0.0
2024-10-28 12:11:00-04:00,4.400000095367432,4.420000076293945,4.28000020980835,4.380000114440918,5206,0.0,0.0
2024-10-28 12:14:00-04:00,4.380000114440918,4.380000114440918,4.269999980926514,4.349999904632568,4031,0.0,0.0
2024-10-28 12:18:00-04:00,4.300000190734863,4.309999942779541,4.288000106811523,4.300000190734863,570,0.0,0.0
2024-10-28 12:20:00-04:00,4.349999904632568,4.349999904632568,4.349999904632568,4.349999904632568,200,0.0,0.0
2024-10-28 12:23:00-04:00,4.400000095367432,4.400000095367432,4.400000095367432,4.400000095367432,100,0.0,0.0
2024-10-28 12:24:00-04:00,4.340000152587891,4.400000095367432,4.340000152587891,4.400000095367432,125,0.0,0.0
2024-10-28 12:28:00-04:00,4.210999965667725,4.304999828338623,4.210000038146973,4.304999828338623,5069,0.0,0.0
2024-10-28 12:30:00-04:00,4.300000190734863,4.300000190734863,4.28000020980835,4.28000020980835,800,0.0,0.0
2024-10-28 12:31:00-04:00,4.242000102996826,4.242000102996826,4.099999904632568,4.230000019073486,2939,0.0,0.0
2024-10-28 12:32:00-04:00,4.224999904632568,4.224999904632568,4.224999904632568,4.224999904632568,200,0.0,0.0
2024-10-28 12:33:00-04:00,4.289999961853027,4.289999961853027,4.289999961853027,4.289999961853027,275,0.0,0.0
2024-10-28 12:38:00-04:00,4.21999979019165,4.21999979019165,4.199999809265137,4.199999809265137,574,0.0,0.0
2024-10-28 12:39:00-04:00,4.28000020980835,4.28000020980835,4.28000020980835,4.28000020980835,952,0.0,0.0
2024-10-28 12:48:00-04:00,4.21999979019165,4.21999979019165,4.21999979019165,4.21999979019165,200,0.0,0.0
2024-10-28 12:49:00-04:00,4.1072001457214355,4.1072001457214355,4.1072001457214355,4.1072001457214355,616,0.0,0.0
2024-10-28 12:50:00-04:00,4.21999979019165,4.21999979019165,4.21999979019165,4.21999979019165,0,0.0,0.0
2024-10-28 13:03:00-04:00,4.21999979019165,4.21999979019165,4.21999979019165,4.21999979019165,150,0.0,0.0
2024-10-28 13:08:00-04:00,4.21999979019165,4.21999979019165,4.21999979019165,4.21999979019165,330,0.0,0.0
2024-10-28 13:14:00-04:00,4.210000038146973,4.210000038146973,4.210000038146973,4.210000038146973,102,0.0,0.0
2024-10-28 13:21:00-04:00,4.210000038146973,4.210000038146973,4.188000202178955,4.210000038146973,305,0.0,0.0
2024-10-28 13:32:00-04:00,4.199999809265137,4.199999809265137,4.199999809265137,4.199999809265137,201,0.0,0.0
2024-10-28 13:33:00-04:00,4.210000038146973,4.210000038146973,4.199999809265137,4.199999809265137,621,0.0,0.0
2024-10-28 13:35:00-04:00,4.21999979019165,4.21999979019165,4.21999979019165,4.21999979019165,623,0.0,0.0
2024-10-28 13:46:00-04:00,4.21999979019165,4.21999979019165,4.21999979019165,4.21999979019165,400,0.0,0.0
2024-10-28 14:02:00-04:00,4.119999885559082,4.119999885559082,4.099999904632568,4.1016998291015625,1790,0.0,0.0
2024-10-28 14:03:00-04:00,4.139999866485596,4.139999866485596,4.139999866485596,4.139999866485596,0,0.0,0.0
2024-10-28 14:35:00-04:00,4.110000133514404,4.110000133514404,4.110000133514404,4.110000133514404,200,0.0,0.0
2024-10-28 14:43:00-04:00,4.122000217437744,4.122000217437744,4.122000217437744,4.122000217437744,356,0.0,0.0
2024-10-28 14:50:00-04:00,4.179999828338623,4.179999828338623,4.179999828338623,4.179999828338623,0,0.0,0.0
2024-10-28 14:51:00-04:00,4.099999904632568,4.110000133514404,4.099999904632568,4.110000133514404,138,0.0,0.0
2024-10-28 14:57:00-04:00,4.099999904632568,4.099999904632568,4.099999904632568,4.099999904632568,200,0.0,0.0
2024-10-28 15:00:00-04:00,4.15500020980835,4.15500020980835,4.15500020980835,4.15500020980835,174,0.0,0.0
2024-10-28 15:02:00-04:00,4.099999904632568,4.110000133514404,4.099999904632568,4.110000133514404,444,0.0,0.0
2024-10-28 15:08:00-04:00,4.099999904632568,4.099999904632568,4.099999904632568,4.099999904632568,200,0.0,0.0
2024-10-28 15:12:00-04:00,4.099999904632568,4.099999904632568,4.099999904632568,4.099999904632568,228,0.0,0.0
2024-10-28 15:18:00-04:00,4.099999904632568,4.099999904632568,4.099999904632568,4.099999904632568,357,0.0,0.0
2024-10-28 15:32:00-04:00,4.099999904632568,4.099999904632568,4.099999904632568,4.099999904632568,204,0.0,0.0
2024-10-28 15:38:00-04:00,4.099999904632568,4.099999904632568,4.099999904632568,4.099999904632568,120,0.0,0.0
2024-10-28 15:39:00-04:00,4.15500020980835,4.15500020980835,4.15500020980835,4.15500020980835,103,0.0,0.0
2024-10-28 15:42:00-04:00,4.110000133514404,4.110000133514404,4.099999904632568,4.099999904632568,1140,0.0,0.0
2024-10-28 15:47:00-04:00,4.119999885559082,4.119999885559082,4.119999885559082,4.119999885559082,129,0.0,0.0
2024-10-28 15:51:00-04:00,4.099999904632568,4.099999904632568,4.099999904632568,4.099999904632568,105,0.0,0.0
2024-10-28 15:53:00-04:00,4.111199855804443,4.111199855804443,4.111199855804443,4.111199855804443,431,0.0,0.0
2024-10-28 15:55:00-04:00,4.119999885559082,4.119999885559082,4.119999885559082,4.119999885559082,233,0.0,0.0
2024-10-28 15:56:00-04:00,4.099999904632568,4.099999904632568,4.099999904632568,4.099999904632568,237,0.0,0.0
2024-10-28 15:58:00-04:00,4.159999847412109,4.210000038146973,4.119999885559082,4.210000038146973,2672,0.0,0.0
2024-10-29 09:30:00-04:00,4.039999961853027,4.039999961853027,4.039999961853027,4.039999961853027,1433,0.0,0.0
2024-10-29 09:31:00-04:00,4.354700088500977,4.354700088500977,4.354700088500977,4.354700088500977,530,0.0,0.0
2024-10-29 09:32:00-04:00,4.342299938201904,4.400000095367432,4.342299938201904,4.400000095367432,677,0.0,0.0
2024-10-29 09:34:00-04:00,4.239999771118164,4.239999771118164,4.21999979019165,4.21999979019165,1077,0.0,0.0
2024-10-29 09:42:00-04:00,4.300000190734863,4.300000190734863,4.300000190734863,4.300000190734863,160,0.0,0.0
2024-10-29 09:48:00-04:00,4.300000190734863,4.300000190734863,4.300000190734863,4.300000190734863,147,0.0,0.0
2024-10-29 09:50:00-04:00,4.300000190734863,4.300000190734863,4.260000228881836,4.260000228881836,710,0.0,0.0
2024-10-29 09:53:00-04:00,4.260000228881836,4.260000228881836,4.260000228881836,4.260000228881836,116,0.0,0.0
2024-10-29 09:54:00-04:00,4.210000038146973,4.210000038146973,4.210000038146973,4.210000038146973,200,0.0,0.0
2024-10-29 09:55:00-04:00,4.210000038146973,4.210000038146973,4.210000038146973,4.210000038146973,60,0.0,0.0
2024-10-29 10:00:00-04:00,4.199999809265137,4.199999809265137,4.199999809265137,4.199999809265137,1400,0.0,0.0
2024-10-29 10:01:00-04:00,4.25,4.260000228881836,4.25,4.260000228881836,0,0.0,0.0
2024-10-29 10:07:00-04:00,4.110000133514404,4.25,4.110000133514404,4.25,1200,0.0,0.0
2024-10-29 10:08:00-04:00,4.059999942779541,4.059999942779541,4.059999942779541,4.059999942779541,345,0.0,0.0
2024-10-29 10:12:00-04:00,4.25,4.25,4.25,4.25,200,0.0,0.0
2024-10-29 10:16:00-04:00,4.039999961853027,4.039999961853027,4.0,4.0,597,0.0,0.0
2024-10-29 10:24:00-04:00,4.125,4.170000076293945,4.125,4.170000076293945,720,0.0,0.0
2024-10-29 10:25:00-04:00,4.21999979019165,4.21999979019165,4.179999828338623,4.21999979019165,795,0.0,0.0
2024-10-29 10:27:00-04:00,4.110000133514404,4.110000133514404,4.110000133514404,4.110000133514404,1000,0.0,0.0
2024-10-29 10:28:00-04:00,4.150000095367432,4.150000095367432,4.150000095367432,4.150000095367432,0,0.0,0.0
2024-10-29 10:29:00-04:00,4.150000095367432,4.289999961853027,4.150000095367432,4.289999961853027,733,0.0,0.0
2024-10-29 10:31:00-04:00,4.019999980926514,4.019999980926514,4.019999980926514,4.019999980926514,295,0.0,0.0
2024-10-29 10:33:00-04:00,4.135000228881836,4.135000228881836,4.03000020980835,4.059999942779541,6100,0.0,0.0
2024-10-29 10:34:00-04:00,4.036099910736084,4.059999942779541,4.019999980926514,4.03000020980835,2100,0.0,0.0
2024-10-29 10:35:00-04:00,4.036099910736084,4.036099910736084,3.9800000190734863,4.03000020980835,3659,0.0,0.0
2024-10-29 10:38:00-04:00,4.073999881744385,4.25,4.073999881744385,4.25,526,0.0,0.0
2024-10-29 10:47:00-04:00,4.0,4.0,4.0,4.0,256,0.0,0.0
2024-10-29 10:56:00-04:00,4.105000019073486,4.105000019073486,4.105000019073486,4.105000019073486,400,0.0,0.0
2024-10-29 10:59:00-04:00,4.0,4.010000228881836,4.0,4.0,5981,0.0,0.0
2024-10-29 11:01:00-04:00,3.859999895095825,3.859999895095825,3.859999895095825,3.859999895095825,120,0.0,0.0
2024-10-29 11:03:00-04:00,3.9100000858306885,3.9100000858306885,3.9100000858306885,3.9100000858306885,364,0.0,0.0
2024-10-29 11:12:00-04:00,3.9000000953674316,3.9000000953674316,3.9000000953674316,3.9000000953674316,1186,0.0,0.0
2024-10-29 11:14:00-04:00,3.9800000190734863,3.990000009536743,3.9800000190734863,3.990000009536743,300,0.0,0.0
2024-10-29 11:15:00-04:00,3.9700000286102295,4.0,3.9700000286102295,4.0,730,0.0,0.0
2024-10-29 11:21:00-04:00,3.9600000381469727,3.9600000381469727,3.9600000381469727,3.9600000381469727,259,0.0,0.0
2024-10-29 11:30:00-04:00,3.9749999046325684,3.9749999046325684,3.9749999046325684,3.9749999046325684,200,0.0,0.0
2024-10-29 11:31:00-04:00,4.0,4.0,3.990000009536743,3.990000009536743,300,0.0,0.0
2024-10-29 11:32:00-04:00,3.950000047683716,3.9600000381469727,3.8499999046325684,3.8519999980926514,3603,0.0,0.0
2024-10-29 11:33:00-04:00,3.859999895095825,3.859999895095825,3.799999952316284,3.799999952316284,8134,0.0,0.0
2024-10-29 11:34:00-04:00,3.75,3.75,3.75,3.75,2379,0.0,0.0
2024-10-29 11:40:00-04:00,3.75,3.75,3.75,3.75,250,0.0,0.0
2024-10-29 11:41:00-04:00,3.880000114440918,3.880000114440918,3.880000114440918,3.880000114440918,971,0.0,0.0
2024-10-29 11:50:00-04:00,3.990000009536743,3.990000009536743,3.990000009536743,3.990000009536743,273,0.0,0.0
2024-10-29 12:00:00-04:00,3.799999952316284,3.799999952316284,3.799999952316284,3.799999952316284,166,0.0,0.0
2024-10-29 12:25:00-04:00,3.799999952316284,3.799999952316284,3.799999952316284,3.799999952316284,385,0.0,0.0
2024-10-29 12:28:00-04:00,3.8299999237060547,3.9100000858306885,3.8299999237060547,3.9100000858306885,612,0.0,0.0
2024-10-29 12:42:00-04:00,3.880000114440918,3.880000114440918,3.880000114440918,3.880000114440918,200,0.0,0.0
2024-10-29 12:45:00-04:00,3.7699999809265137,3.7699999809265137,3.7699999809265137,3.7699999809265137,200,0.0,0.0
2024-10-29 12:46:00-04:00,3.75,3.75,3.75,3.75,2929,0.0,0.0
2024-10-29 13:04:00-04:00,3.75,3.9000000953674316,3.75,3.9000000953674316,1038,0.0,0.0
2024-10-29 13:05:00-04:00,3.759999990463257,3.759999990463257,3.700000047683716,3.740000009536743,4119,0.0,0.0
2024-10-29 13:07:00-04:00,3.7300000190734863,3.7699999809265137,3.728600025177002,3.7699999809265137,4998,0.0,0.0
2024-10-29 13:19:00-04:00,3.809999942779541,3.8299999237060547,3.5999999046325684,3.7899999618530273,19578,0.0,0.0
2024-10-29 13:21:00-04:00,3.759999990463257,3.8043999671936035,3.700000047683716,3.700000047683716,4301,0.0,0.0
2024-10-29 13:25:00-04:00,3.6700000762939453,3.6700000762939453,3.6600000858306885,3.6600000858306885,340,0.0,0.0
2024-10-29 13:36:00-04:00,3.6600000858306885,3.6600000858306885,3.609999895095825,3.609999895095825,3171,0.0,0.0
2024-10-29 13:47:00-04:00,3.809999942779541,3.809999942779541,3.780100107192993,3.780100107192993,392,0.0,0.0
2024-10-29 13:49:00-04:00,3.7302000522613525,3.7302000522613525,3.7302000522613525,3.7302000522613525,826,0.0,0.0
2024-10-29 13:51:00-04:00,3.740000009536743,3.740000009536743,3.7300000190734863,3.7300000190734863,300,0.0,0.0
2024-10-29 13:53:00-04:00,3.640000104904175,3.680000066757202,3.640000104904175,3.6705000400543213,774,0.0,0.0
2024-10-29 13:54:00-04:00,3.630000114440918,3.630000114440918,3.619999885559082,3.619999885559082,675,0.0,0.0
2024-10-29 14:17:00-04:00,3.680000066757202,3.680000066757202,3.680000066757202,3.680000066757202,817,0.0,0.0
2024-10-29 14:18:00-04:00,3.700000047683716,3.700000047683716,3.700000047683716,3.700000047683716,115,0.0,0.0
2024-10-29 14:30:00-04:00,3.700000047683716,3.7899999618530273,3.700000047683716,3.7899999618530273,1115,0.0,0.0
2024-10-29 14:31:00-04:00,3.700000047683716,3.700000047683716,3.6600000858306885,3.6600000858306885,885,0.0,0.0
2024-10-29 14:35:00-04:00,3.690000057220459,3.690000057220459,3.690000057220459,3.690000057220459,200,0.0,0.0
2024-10-29 14:45:00-04:00,3.700000047683716,3.700000047683716,3.700000047683716,3.700000047683716,100,0.0,0.0
2024-10-29 15:26:00-04:00,3.8350000381469727,3.8350000381469727,3.8350000381469727,3.8350000381469727,263,0.0,0.0
2024-10-29 15:28:00-04:00,3.8399999141693115,3.880000114440918,3.8399999141693115,3.880000114440918,500,0.0,0.0
2024-10-29 15:29:00-04:00,3.8350000381469727,3.9700000286102295,3.8350000381469727,3.9700000286102295,400,0.0,0.0
2024-10-29 15:30:00-04:00,3.8350000381469727,3.934000015258789,3.8350000381469727,3.934000015258789,358,0.0,0.0
2024-10-29 15:37:00-04:00,3.884999990463257,3.921999931335449,3.640000104904175,3.921999931335449,4563,0.0,0.0
2024-10-29 15:42:00-04:00,3.630000114440918,3.630000114440918,3.5999999046325684,3.5999999046325684,2055,0.0,0.0
2024-10-29 15:43:00-04:00,3.5999999046325684,3.5999999046325684,3.5999999046325684,3.5999999046325684,432,0.0,0.0
2024-10-29 15:44:00-04:00,3.5999999046325684,3.5999999046325684,3.5999999046325684,3.5999999046325684,200,0.0,0.0
2024-10-29 15:46:00-04:00,3.609999895095825,3.609999895095825,3.5999999046325684,3.5999999046325684,2940,0.0,0.0
2024-10-29 15:47:00-04:00,3.5299999713897705,3.7799999713897705,3.5299999713897705,3.6401000022888184,2601,0.0,0.0
2024-10-29 15:48:00-04:00,3.8173999786376953,3.8173999786376953,3.8173999786376953,3.8173999786376953,1346,0.0,0.0
2024-10-29 15:51:00-04:00,3.7300000190734863,3.7300000190734863,3.7300000190734863,3.7300000190734863,150,0.0,0.0
2024-10-29 15:54:00-04:00,3.6600000858306885,3.6600000858306885,3.6600000858306885,3.6600000858306885,573,0.0,0.0
2024-10-29 15:58:00-04:00,3.5299999713897705,3.565000057220459,3.5299999713897705,3.5299999713897705,804,0.0,0.0
2024-10-29 15:59:00-04:00,3.700500011444092,3.700500011444092,3.5799999237060547,3.619999885559082,4053,0.0,0.0
2024-10-30 09:30:00-04:00,3.75,3.930000066757202,3.509999990463257,3.509999990463257,16045,0.0,0.0
2024-10-30 09:31:00-04:00,3.799999952316284,3.799999952316284,3.799999952316284,3.799999952316284,3233,0.0,0.0
2024-10-30 09:33:00-04:00,3.8499999046325684,4.0,3.8499999046325684,4.0,352,0.0,0.0
2024-10-30 09:34:00-04:00,3.940000057220459,3.940000057220459,3.940000057220459,3.940000057220459,224,0.0,0.0
2024-10-30 09:35:00-04:00,3.8499999046325684,3.8499999046325684,3.680000066757202,3.680000066757202,2020,0.0,0.0
2024-10-30 09:36:00-04:00,3.859999895095825,4.0,3.799999952316284,4.0,1191,0.0,0.0
2024-10-30 09:37:00-04:00,3.859999895095825,3.9000000953674316,3.859999895095825,3.9000000953674316,514,0.0,0.0
2024-10-30 09:39:00-04:00,3.9000000953674316,3.9000000953674316,3.9000000953674316,3.9000000953674316,111,0.0,0.0
2024-10-30 09:43:00-04:00,3.9000000953674316,3.9000000953674316,3.880000114440918,3.880000114440918,522,0.0,0.0
2024-10-30 09:49:00-04:00,3.759999990463257,3.759999990463257,3.75,3.75,607,0.0,0.0
2024-10-30 09:50:00-04:00,3.8399999141693115,3.8399999141693115,3.8399999141693115,3.8399999141693115,867,0.0,0.0
2024-10-30 09:51:00-04:00,3.6500000953674316,3.6500000953674316,3.6500000953674316,3.6500000953674316,4931,0.0,0.0
2024-10-30 09:52:00-04:00,3.6500000953674316,3.6500000953674316,3.6500000953674316,3.6500000953674316,300,0.0,0.0
2024-10-30 10:00:00-04:00,3.765000104904175,3.765000104904175,3.765000104904175,3.765000104904175,440,0.0,0.0
2024-10-30 10:02:00-04:00,3.765000104904175,3.765000104904175,3.765000104904175,3.765000104904175,830,0.0,0.0
2024-10-30 10:21:00-04:00,3.700000047683716,3.700000047683716,3.700000047683716,3.700000047683716,988,0.0,0.0
2024-10-30 10:24:00-04:00,3.765000104904175,3.765000104904175,3.765000104904175,3.765000104904175,285,0.0,0.0
2024-10-30 10:41:00-04:00,3.765000104904175,3.765000104904175,3.765000104904175,3.765000104904175,315,0.0,0.0
2024-10-30 10:44:00-04:00,3.640000104904175,3.6600000858306885,3.549999952316284,3.549999952316284,2985,0.0,0.0
2024-10-30 10:45:00-04:00,3.6600000858306885,3.75,3.6600000858306885,3.75,1044,0.0,0.0
2024-10-30 11:52:00-04:00,3.6500000953674316,3.6500000953674316,3.6500000953674316,3.6500000953674316,584,0.0,0.0
2024-10-30 12:08:00-04:00,3.609999895095825,3.609999895095825,3.609999895095825,3.609999895095825,436,0.0,0.0
2024-10-30 12:12:00-04:00,3.7200000286102295,3.7200000286102295,3.7200000286102295,3.7200000286102295,484,0.0,0.0
2024-10-30 12:25:00-04:00,3.5999999046325684,3.6500000953674316,3.450000047683716,3.6500000953674316,8172,0.0,0.0
2024-10-30 12:26:00-04:00,3.690000057220459,3.690000057220459,3.490000009536743,3.5,5500,0.0,0.0
2024-10-30 12:27:00-04:00,3.640000104904175,3.640000104904175,3.640000104904175,3.640000104904175,100,0.0,0.0
2024-10-30 12:28:00-04:00,3.549999952316284,3.549999952316284,3.549999952316284,3.549999952316284,109,0.0,0.0
2024-10-30 12:29:00-04:00,3.569999933242798,3.569999933242798,3.569999933242798,3.569999933242798,813,0.0,0.0
2024-10-30 12:30:00-04:00,3.509999990463257,3.509999990463257,3.48009991645813,3.490000009536743,454,0.0,0.0
2024-10-30 12:31:00-04:00,3.5799999237060547,3.5999999046325684,3.5799999237060547,3.5999999046325684,360,0.0,0.0
2024-10-30 12:32:00-04:00,3.5799999237060547,3.5799999237060547,3.5799999237060547,3.5799999237060547,977,0.0,0.0
2024-10-30 12:33:00-04:00,3.5799999237060547,3.5799999237060547,3.5799999237060547,3.5799999237060547,366,0.0,0.0
2024-10-30 12:35:00-04:00,3.700000047683716,3.700000047683716,3.700000047683716,3.700000047683716,200,0.0,0.0
2024-10-30 12:36:00-04:00,3.7300000190734863,3.7300000190734863,3.7300000190734863,3.7300000190734863,412,0.0,0.0
2024-10-30 13:21:00-04:00,3.6700000762939453,3.6700000762939453,3.6700000762939453,3.6700000762939453,200,0.0,0.0
2024-10-30 13:24:00-04:00,3.6600000858306885,3.6600000858306885,3.6600000858306885,3.6600000858306885,100,0.0,0.0
2024-10-30 13:25:00-04:00,3.6500000953674316,3.6500000953674316,3.6500000953674316,3.6500000953674316,762,0.0,0.0
2024-10-30 13:26:00-04:00,3.5064001083374023,3.5064001083374023,3.5064001083374023,3.5064001083374023,107,0.0,0.0
2024-10-30 13:32:00-04:00,3.5999999046325684,3.5999999046325684,3.5999999046325684,3.5999999046325684,191,0.0,0.0
2024-10-30 13:49:00-04:00,3.5999999046325684,3.5999999046325684,3.5999999046325684,3.5999999046325684,827,0.0,0.0
2024-10-30 13:57:00-04:00,3.609999895095825,3.609999895095825,3.609999895095825,3.609999895095825,138,0.0,0.0
2024-10-30 14:13:00-04:00,3.674999952316284,3.674999952316284,3.674999952316284,3.674999952316284,2697,0.0,0.0
2024-10-30 15:59:00-04:00,3.549999952316284,3.549999952316284,3.4000000953674316,3.4000000953674316,1360,0.0,0.0
2024-10-31 09:55:00-04:00,3.430000066757202,3.430000066757202,3.430000066757202,3.430000066757202,200,0.0,0.0
2024-10-31 09:56:00-04:00,3.4679999351501465,3.4679999351501465,3.4679999351501465,3.4679999351501465,300,0.0,0.0
2024-10-31 09:58:00-04:00,3.430299997329712,3.430299997329712,3.430299997329712,3.430299997329712,110,0.0,0.0
2024-10-31 10:12:00-04:00,3.450000047683716,3.450000047683716,3.450000047683716,3.450000047683716,370,0.0,0.0
2024-10-31 10:13:00-04:00,3.430000066757202,3.430000066757202,3.430000066757202,3.430000066757202,1424,0.0,0.0
2024-10-31 10:18:00-04:00,3.5940001010894775,3.5940001010894775,3.5940001010894775,3.5940001010894775,795,0.0,0.0
2024-10-31 10:27:00-04:00,3.299999952316284,3.309999942779541,3.299999952316284,3.309999942779541,326,0.0,0.0
2024-10-31 10:28:00-04:00,3.359999895095825,3.367500066757202,3.359999895095825,3.359999895095825,650,0.0,0.0
2024-10-31 10:29:00-04:00,3.369999885559082,3.369999885559082,3.369999885559082,3.369999885559082,522,0.0,0.0
2024-10-31 10:33:00-04:00,3.369999885559082,3.369999885559082,3.369999885559082,3.369999885559082,537,0.0,0.0
2024-10-31 10:35:00-04:00,3.588599920272827,3.588599920272827,3.588599920272827,3.588599920272827,1067,0.0,0.0
2024-10-31 11:16:00-04:00,3.4700000286102295,3.4700000286102295,3.4700000286102295,3.4700000286102295,1593,0.0,0.0
2024-10-31 11:19:00-04:00,3.4700000286102295,3.4700000286102295,3.3499999046325684,3.3499999046325684,700,0.0,0.0
2024-10-31 11:24:00-04:00,3.3410000801086426,3.3410000801086426,3.3410000801086426,3.3410000801086426,951,0.0,0.0
2024-10-31 11:55:00-04:00,3.3499999046325684,3.3499999046325684,3.3420000076293945,3.3420000076293945,440,0.0,0.0
2024-10-31 12:46:00-04:00,3.503000020980835,3.503000020980835,3.503000020980835,3.503000020980835,200,0.0,0.0
2024-10-31 13:33:00-04:00,3.359999895095825,3.359999895095825,3.359999895095825,3.359999895095825,154,0.0,0.0
2024-10-31 14:35:00-04:00,3.4079999923706055,3.4079999923706055,3.4079999923706055,3.4079999923706055,193,0.0,0.0
2024-10-31 14:51:00-04:00,3.369999885559082,3.369999885559082,3.369999885559082,3.369999885559082,312,0.0,0.0
2024-10-31 15:39:00-04:00,3.369999885559082,3.369999885559082,3.369999885559082,3.369999885559082,548,0.0,0.0
2024-10-31 15:42:00-04:00,3.3499999046325684,3.3499999046325684,3.3399999141693115,3.3399999141693115,969,0.0,0.0
2024-10-31 15:47:00-04:00,3.3299999237060547,3.3299999237060547,3.322000026702881,3.322000026702881,2000,0.0,0.0
2024-10-31 15:59:00-04:00,3.299999952316284,3.299999952316284,3.299999952316284,3.299999952316284,629,0.0,0.0
2024-11-01 09:30:00-04:00,3.2799999713897705,3.2799999713897705,3.2799999713897705,3.2799999713897705,57810,0.0,0.0
2024-11-01 09:35:00-04:00,3.434999942779541,3.434999942779541,3.434999942779541,3.434999942779541,206,0.0,0.0
2024-11-01 09:38:00-04:00,3.450000047683716,3.450000047683716,3.450000047683716,3.450000047683716,200,0.0,0.0
2024-11-01 09:39:00-04:00,3.3499999046325684,3.569999933242798,3.3499999046325684,3.569999933242798,2464,0.0,0.0
2024-11-01 09:44:00-04:00,3.359999895095825,3.359999895095825,3.350600004196167,3.350600004196167,205,0.0,0.0
2024-11-01 09:48:00-04:00,3.4700000286102295,3.4700000286102295,3.4700000286102295,3.4700000286102295,102,0.0,0.0
2024-11-01 09:57:00-04:00,3.440000057220459,3.440000057220459,3.440000057220459,3.440000057220459,300,0.0,0.0
2024-11-01 10:00:00-04:00,3.4700000286102295,3.4800000190734863,3.4700000286102295,3.4800000190734863,2193,0.0,0.0
2024-11-01 10:17:00-04:00,3.4800000190734863,3.4800000190734863,3.4800000190734863,3.4800000190734863,532,0.0,0.0
2024-11-01 10:20:00-04:00,3.4700000286102295,3.4700000286102295,3.4700000286102295,3.4700000286102295,282,0.0,0.0
2024-11-01 10:28:00-04:00,3.6298000812530518,3.6298000812530518,3.6298000812530518,3.6298000812530518,431,0.0,0.0
2024-11-01 10:43:00-04:00,3.5199999809265137,3.5199999809265137,3.5199999809265137,3.5199999809265137,480,0.0,0.0
2024-11-01 11:21:00-04:00,3.5201001167297363,3.5201001167297363,3.5201001167297363,3.5201001167297363,512,0.0,0.0
2024-11-01 11:53:00-04:00,3.5399999618530273,3.5399999618530273,3.5399999618530273,3.5399999618530273,714,0.0,0.0
2024-11-01 13:18:00-04:00,3.559999942779541,3.559999942779541,3.559999942779541,3.559999942779541,1495,0.0,0.0
2024-11-01 14:01:00-04:00,3.559999942779541,3.559999942779541,3.559999942779541,3.559999942779541,692,0.0,0.0
2024-11-01 15:39:00-04:00,3.559999942779541,3.559999942779541,3.559999942779541,3.559999942779541,308,0.0,0.0
2024-11-01 15:50:00-04:00,3.5999999046325684,3.5999999046325684,3.5999999046325684,3.5999999046325684,297,0.0,0.0
