Datetime,Open,High,Low,Close,Volume,Dividends,Stock Splits
2024-10-28 09:30:00-04:00,55.25,55.525001525878906,55.25,55.525001525878906,13924,0.0,0.0
2024-10-28 09:32:00-04:00,55.43000030517578,55.52000045776367,55.43000030517578,55.470001220703125,1527,0.0,0.0
2024-10-28 09:33:00-04:00,55.46500015258789,55.46500015258789,55.2599983215332,55.34000015258789,2494,0.0,0.0
2024-10-28 09:34:00-04:00,55.209999084472656,55.30500030517578,55.209999084472656,55.30500030517578,1144,0.0,0.0
2024-10-28 09:35:00-04:00,55.38999938964844,55.38999938964844,55.099998474121094,55.099998474121094,6617,0.0,0.0
2024-10-28 09:36:00-04:00,55.10499954223633,55.10499954223633,55.10499954223633,55.10499954223633,433,0.0,0.0
2024-10-28 09:37:00-04:00,55.10499954223633,55.10499954223633,55.02000045776367,55.040000915527344,1841,0.0,0.0
2024-10-28 09:38:00-04:00,55.099998474121094,55.25,55.060001373291016,55.17499923706055,4839,0.0,0.0
2024-10-28 09:39:00-04:00,55.30500030517578,55.36000061035156,55.275001525878906,55.275001525878906,7798,0.0,0.0
2024-10-28 09:41:00-04:00,55.24589920043945,55.24589920043945,55.24589920043945,55.24589920043945,816,0.0,0.0
2024-10-28 09:42:00-04:00,55.27000045776367,55.27000045776367,55.2400016784668,55.2400016784668,1085,0.0,0.0
2024-10-28 09:43:00-04:00,55.31999969482422,55.42499923706055,55.31999969482422,55.38999938964844,7601,0.0,0.0
2024-10-28 09:45:00-04:00,55.34000015258789,55.34000015258789,55.25,55.33810043334961,1107,0.0,0.0
2024-10-28 09:48:00-04:00,55.35499954223633,55.35499954223633,55.35499954223633,55.35499954223633,2167,0.0,0.0
2024-10-28 09:49:00-04:00,55.279998779296875,55.40999984741211,55.279998779296875,55.380001068115234,1481,0.0,0.0
2024-10-28 09:50:00-04:00,55.36000061035156,55.43000030517578,55.310001373291016,55.349998474121094,3436,0.0,0.0
2024-10-28 09:52:00-04:00,55.31999969482422,55.31999969482422,55.314998626708984,55.314998626708984,31939,0.0,0.0
2024-10-28 09:55:00-04:00,55.279998779296875,55.34000015258789,55.279998779296875,55.34000015258789,12517,0.0,0.0
2024-10-28 09:56:00-04:00,55.28499984741211,55.28499984741211,55.22999954223633,55.22999954223633,3086,0.0,0.0
2024-10-28 09:57:00-04:00,55.22999954223633,55.26499938964844,55.22999954223633,55.26499938964844,759,0.0,0.0
2024-10-28 09:58:00-04:00,55.26499938964844,55.26499938964844,55.26499938964844,55.26499938964844,386,0.0,0.0
2024-10-28 09:59:00-04:00,55.189998626708984,55.244998931884766,55.189998626708984,55.2400016784668,734,0.0,0.0
2024-10-28 10:00:00-04:00,55.310001373291016,55.310001373291016,55.310001373291016,55.310001373291016,912,0.0,0.0
2024-10-28 10:01:00-04:00,55.20800018310547,55.2599983215332,55.20800018310547,55.2599983215332,4190,0.0,0.0
2024-10-28 10:02:00-04:00,55.220001220703125,55.22999954223633,55.220001220703125,55.22999954223633,715,0.0,0.0
2024-10-28 10:03:00-04:00,55.18000030517578,55.18000030517578,55.18000030517578,55.18000030517578,917,0.0,0.0
2024-10-28 10:05:00-04:00,55.194801330566406,55.194801330566406,55.165000915527344,55.165000915527344,3787,0.0,0.0
2024-10-28 10:06:00-04:00,55.165000915527344,55.165000915527344,55.099998474121094,55.099998474121094,1540,0.0,0.0
2024-10-28 10:07:00-04:00,55.060001373291016,55.15999984741211,55.060001373291016,55.07500076293945,5287,0.0,0.0
2024-10-28 10:08:00-04:00,55.029998779296875,55.040000915527344,54.9900016784668,54.9900016784668,4204,0.0,0.0
2024-10-28 10:09:00-04:00,54.9900016784668,55.02000045776367,54.939998626708984,55.005001068115234,5064,0.0,0.0
2024-10-28 10:10:00-04:00,55.0,55.0,55.0,55.0,766,0.0,0.0
2024-10-28 10:11:00-04:00,55.0,55.0,54.939998626708984,54.939998626708984,966,0.0,0.0
2024-10-28 10:12:00-04:00,54.939998626708984,54.939998626708984,54.87009811401367,54.87009811401367,911,0.0,0.0
2024-10-28 10:13:00-04:00,54.93000030517578,55.0,54.88010025024414,55.0,4721,0.0,0.0
2024-10-28 10:14:00-04:00,54.939998626708984,54.939998626708984,54.900001525878906,54.93000030517578,802,0.0,0.0
2024-10-28 10:15:00-04:00,54.939998626708984,54.939998626708984,54.939998626708984,54.939998626708984,131,0.0,0.0
2024-10-28 10:16:00-04:00,54.939998626708984,54.95000076293945,54.939998626708984,54.95000076293945,1575,0.0,0.0
2024-10-28 10:18:00-04:00,54.900001525878906,54.900001525878906,54.88999938964844,54.88999938964844,13991,0.0,0.0
2024-10-28 10:20:00-04:00,54.930301666259766,54.930301666259766,54.930301666259766,54.930301666259766,1568,0.0,0.0
2024-10-28 10:21:00-04:00,55.0,55.029998779296875,55.0,55.029998779296875,1748,0.0,0.0
2024-10-28 10:22:00-04:00,55.029998779296875,55.029998779296875,54.997100830078125,54.997100830078125,551,0.0,0.0
2024-10-28 10:23:00-04:00,55.025001525878906,55.025001525878906,55.025001525878906,55.025001525878906,251,0.0,0.0
2024-10-28 10:24:00-04:00,55.025001525878906,55.025001525878906,55.025001525878906,55.025001525878906,481,0.0,0.0
2024-10-28 10:26:00-04:00,55.01499938964844,55.01499938964844,55.01499938964844,55.01499938964844,893,0.0,0.0
2024-10-28 10:27:00-04:00,55.01499938964844,55.01499938964844,55.0099983215332,55.0099983215332,1711,0.0,0.0
2024-10-28 10:28:00-04:00,54.959999084472656,54.959999084472656,54.77009963989258,54.77009963989258,3293,0.0,0.0
2024-10-28 10:29:00-04:00,54.77000045776367,54.779998779296875,54.650001525878906,54.66999816894531,5848,0.0,0.0
2024-10-28 10:30:00-04:00,54.58000183105469,54.599998474121094,54.4900016784668,54.529998779296875,2203,0.0,0.0
2024-10-28 10:31:00-04:00,54.5099983215332,54.560001373291016,54.459999084472656,54.5099983215332,2719,0.0,0.0
2024-10-28 10:32:00-04:00,54.45000076293945,54.45000076293945,54.279998779296875,54.36000061035156,9025,0.0,0.0
2024-10-28 10:33:00-04:00,54.279998779296875,54.345001220703125,54.279998779296875,54.345001220703125,1760,0.0,0.0
2024-10-28 10:34:00-04:00,54.34000015258789,54.34000015258789,54.310001373291016,54.310001373291016,1165,0.0,0.0
2024-10-28 10:35:00-04:00,54.34000015258789,54.43000030517578,54.34000015258789,54.400001525878906,5787,0.0,0.0
2024-10-28 10:36:00-04:00,54.40999984741211,54.47999954223633,54.40999984741211,54.47999954223633,8019,0.0,0.0
2024-10-28 10:37:00-04:00,54.435001373291016,54.435001373291016,54.435001373291016,54.435001373291016,195,0.0,0.0
2024-10-28 10:38:00-04:00,54.435001373291016,54.435001373291016,54.400001525878906,54.400001525878906,1491,0.0,0.0
2024-10-28 10:39:00-04:00,54.439998626708984,54.47999954223633,54.439998626708984,54.439998626708984,2601,0.0,0.0
2024-10-28 10:40:00-04:00,54.43000030517578,54.540000915527344,54.400001525878906,54.43000030517578,6651,0.0,0.0
2024-10-28 10:41:00-04:00,54.40999984741211,54.40999984741211,54.31999969482422,54.31999969482422,2112,0.0,0.0
2024-10-28 10:42:00-04:00,54.369998931884766,54.41999816894531,54.369998931884766,54.377498626708984,2520,0.0,0.0
2024-10-28 10:43:00-04:00,54.349998474121094,54.36000061035156,54.349998474121094,54.349998474121094,2015,0.0,0.0
2024-10-28 10:44:00-04:00,54.39500045776367,54.404998779296875,54.349998474121094,54.369998931884766,1448,0.0,0.0
2024-10-28 10:45:00-04:00,54.33000183105469,54.33000183105469,54.33000183105469,54.33000183105469,378,0.0,0.0
2024-10-28 10:46:00-04:00,54.369998931884766,54.41999816894531,54.33000183105469,54.38999938964844,3560,0.0,0.0
2024-10-28 10:47:00-04:00,54.38999938964844,54.66999816894531,54.380001068115234,54.625,9374,0.0,0.0
2024-10-28 10:48:00-04:00,54.65999984741211,54.76499938964844,54.65999984741211,54.76499938964844,2158,0.0,0.0
2024-10-28 10:49:00-04:00,54.81999969482422,54.81999969482422,54.7599983215332,54.775001525878906,1080,0.0,0.0
2024-10-28 10:51:00-04:00,54.75,54.76499938964844,54.75,54.76499938964844,506,0.0,0.0
2024-10-28 10:52:00-04:00,54.7599983215332,54.7599983215332,54.66999816894531,54.69499969482422,4391,0.0,0.0
2024-10-28 10:53:00-04:00,54.70000076293945,54.7599983215332,54.70000076293945,54.7599983215332,775,0.0,0.0
2024-10-28 10:54:00-04:00,54.75,54.75,54.68000030517578,54.689998626708984,2369,0.0,0.0
2024-10-28 10:55:00-04:00,54.72840118408203,54.72840118408203,54.72840118408203,54.72840118408203,897,0.0,0.0
2024-10-28 10:57:00-04:00,54.689998626708984,54.70000076293945,54.665000915527344,54.665000915527344,1524,0.0,0.0
2024-10-28 10:58:00-04:00,54.630001068115234,54.689998626708984,54.630001068115234,54.63010025024414,1964,0.0,0.0
2024-10-28 10:59:00-04:00,54.665000915527344,54.665000915527344,54.630001068115234,54.630001068115234,749,0.0,0.0
2024-10-28 11:00:00-04:00,54.59000015258789,54.59000015258789,54.52000045776367,54.52000045776367,1606,0.0,0.0
2024-10-28 11:01:00-04:00,54.540000915527344,54.540000915527344,54.4900016784668,54.4900016784668,2375,0.0,0.0
2024-10-28 11:02:00-04:00,54.400001525878906,54.45309829711914,54.400001525878906,54.45309829711914,1757,0.0,0.0
2024-10-28 11:03:00-04:00,54.36000061035156,54.36000061035156,54.250099182128906,54.30500030517578,2696,0.0,0.0
2024-10-28 11:04:00-04:00,54.290000915527344,54.290000915527344,54.2400016784668,54.25,1440,0.0,0.0
2024-10-28 11:05:00-04:00,54.16999816894531,54.20000076293945,54.1349983215332,54.1349983215332,4303,0.0,0.0
2024-10-28 11:06:00-04:00,54.060001373291016,54.209999084472656,54.060001373291016,54.209999084472656,6254,0.0,0.0
2024-10-28 11:07:00-04:00,54.22999954223633,54.22999954223633,54.21500015258789,54.21500015258789,2665,0.0,0.0
2024-10-28 11:08:00-04:00,54.20500183105469,54.20500183105469,54.15999984741211,54.20500183105469,1344,0.0,0.0
2024-10-28 11:09:00-04:00,54.15999984741211,54.20000076293945,54.150001525878906,54.20000076293945,4349,0.0,0.0
2024-10-28 11:10:00-04:00,54.18000030517578,54.18000030517578,54.15999984741211,54.15999984741211,1447,0.0,0.0
2024-10-28 11:11:00-04:00,54.099998474121094,54.19499969482422,54.0900993347168,54.189998626708984,2248,0.0,0.0
2024-10-28 11:12:00-04:00,54.209999084472656,54.22999954223633,54.185001373291016,54.21500015258789,3336,0.0,0.0
2024-10-28 11:13:00-04:00,54.2322998046875,54.2599983215332,54.19960021972656,54.2599983215332,2960,0.0,0.0
2024-10-28 11:14:00-04:00,54.255001068115234,54.255001068115234,54.255001068115234,54.255001068115234,706,0.0,0.0
2024-10-28 11:15:00-04:00,54.290000915527344,54.34000015258789,54.290000915527344,54.34000015258789,862,0.0,0.0
2024-10-28 11:16:00-04:00,54.345001220703125,54.371700286865234,54.345001220703125,54.371700286865234,2955,0.0,0.0
2024-10-28 11:18:00-04:00,54.31999969482422,54.31999969482422,54.2599983215332,54.2599983215332,512,0.0,0.0
2024-10-28 11:19:00-04:00,54.310001373291016,54.310001373291016,54.30500030517578,54.30500030517578,778,0.0,0.0
2024-10-28 11:20:00-04:00,54.279998779296875,54.279998779296875,54.279998779296875,54.279998779296875,1304,0.0,0.0
2024-10-28 11:21:00-04:00,54.290000915527344,54.290000915527344,54.22159957885742,54.27000045776367,2559,0.0,0.0
2024-10-28 11:22:00-04:00,54.209999084472656,54.209999084472656,54.04999923706055,54.04999923706055,4404,0.0,0.0
2024-10-28 11:23:00-04:00,54.11000061035156,54.11000061035156,54.084999084472656,54.11000061035156,1817,0.0,0.0
2024-10-28 11:24:00-04:00,54.11000061035156,54.150001525878906,54.11000061035156,54.125,2577,0.0,0.0
2024-10-28 11:25:00-04:00,54.125,54.189998626708984,54.125,54.150001525878906,3196,0.0,0.0
2024-10-28 11:26:00-04:00,54.119998931884766,54.1349983215332,54.11000061035156,54.130001068115234,5460,0.0,0.0
2024-10-28 11:27:00-04:00,54.099998474121094,54.099998474121094,54.099998474121094,54.099998474121094,489,0.0,0.0
2024-10-28 11:28:00-04:00,54.06999969482422,54.06999969482422,54.060001373291016,54.060001373291016,1149,0.0,0.0
2024-10-28 11:29:00-04:00,54.03499984741211,54.03499984741211,54.03499984741211,54.03499984741211,577,0.0,0.0
2024-10-28 11:30:00-04:00,54.03499984741211,54.03499984741211,54.03499984741211,54.03499984741211,1185,0.0,0.0
2024-10-28 11:31:00-04:00,54.02000045776367,54.02000045776367,53.93000030517578,53.939998626708984,5114,0.0,0.0
2024-10-28 11:32:00-04:00,53.939998626708984,53.95000076293945,53.90999984741211,53.90999984741211,2195,0.0,0.0
2024-10-28 11:33:00-04:00,53.900001525878906,53.9900016784668,53.900001525878906,53.9900016784668,3860,0.0,0.0
2024-10-28 11:34:00-04:00,53.9900016784668,53.9900016784668,53.970001220703125,53.970001220703125,338,0.0,0.0
2024-10-28 11:35:00-04:00,53.98500061035156,53.98500061035156,53.93000030517578,53.93000030517578,1203,0.0,0.0
2024-10-28 11:36:00-04:00,53.99140167236328,54.099998474121094,53.97999954223633,54.095001220703125,3846,0.0,0.0
2024-10-28 11:37:00-04:00,54.09000015258789,54.119998931884766,54.09000015258789,54.09000015258789,3538,0.0,0.0
2024-10-28 11:38:00-04:00,54.099998474121094,54.099998474121094,54.06999969482422,54.099998474121094,3199,0.0,0.0
2024-10-28 11:39:00-04:00,54.119998931884766,54.119998931884766,54.095001220703125,54.095001220703125,1164,0.0,0.0
2024-10-28 11:40:00-04:00,54.130001068115234,54.13999938964844,54.130001068115234,54.130001068115234,1500,0.0,0.0
2024-10-28 11:41:00-04:00,54.1349983215332,54.150001525878906,54.1349983215332,54.150001525878906,1397,0.0,0.0
2024-10-28 11:43:00-04:00,54.13999938964844,54.13999938964844,54.119998931884766,54.119998931884766,1299,0.0,0.0
2024-10-28 11:44:00-04:00,54.06999969482422,54.06999969482422,54.06999969482422,54.06999969482422,934,0.0,0.0
2024-10-28 11:45:00-04:00,54.06999969482422,54.06999969482422,54.06999969482422,54.06999969482422,521,0.0,0.0
2024-10-28 11:46:00-04:00,54.060001373291016,54.189998626708984,54.060001373291016,54.189998626708984,2921,0.0,0.0
2024-10-28 11:47:00-04:00,54.185001373291016,54.220001220703125,54.185001373291016,54.21500015258789,4505,0.0,0.0
2024-10-28 11:48:00-04:00,54.25,54.25,54.220001220703125,54.220001220703125,1405,0.0,0.0
2024-10-28 11:49:00-04:00,54.189998626708984,54.209999084472656,54.189998626708984,54.209999084472656,469,0.0,0.0
2024-10-28 11:50:00-04:00,54.189998626708984,54.2599983215332,54.189998626708984,54.2599983215332,4522,0.0,0.0
2024-10-28 11:51:00-04:00,54.25,54.279998779296875,54.25,54.279998779296875,1118,0.0,0.0
2024-10-28 11:52:00-04:00,54.25,54.26679992675781,54.25,54.26679992675781,666,0.0,0.0
2024-10-28 11:53:00-04:00,54.25,54.25,54.25,54.25,2252,0.0,0.0
2024-10-28 11:55:00-04:00,54.20000076293945,54.20000076293945,54.16999816894531,54.189998626708984,2480,0.0,0.0
2024-10-28 11:58:00-04:00,54.16999816894531,54.16999816894531,54.13999938964844,54.16999816894531,742,0.0,0.0
2024-10-28 11:59:00-04:00,54.13999938964844,54.13999938964844,54.130001068115234,54.130001068115234,2116,0.0,0.0
2024-10-28 12:00:00-04:00,54.1150016784668,54.119998931884766,54.06999969482422,54.119998931884766,1967,0.0,0.0
2024-10-28 12:01:00-04:00,54.149898529052734,54.15999984741211,54.1150016784668,54.15999984741211,2279,0.0,0.0
2024-10-28 12:03:00-04:00,54.130001068115234,54.130001068115234,54.130001068115234,54.130001068115234,111,0.0,0.0
2024-10-28 12:04:00-04:00,54.130001068115234,54.15999984741211,54.130001068115234,54.1349983215332,1303,0.0,0.0
2024-10-28 12:05:00-04:00,54.08000183105469,54.08000183105469,54.08000183105469,54.08000183105469,276,0.0,0.0
2024-10-28 12:06:00-04:00,54.095001220703125,54.10499954223633,54.095001220703125,54.10499954223633,1609,0.0,0.0
2024-10-28 12:07:00-04:00,54.10499954223633,54.11600112915039,54.10499954223633,54.11600112915039,685,0.0,0.0
2024-10-28 12:08:00-04:00,54.119998931884766,54.119998931884766,54.119998931884766,54.119998931884766,629,0.0,0.0
2024-10-28 12:10:00-04:00,54.13589859008789,54.13589859008789,54.13589859008789,54.13589859008789,776,0.0,0.0
2024-10-28 12:11:00-04:00,54.150001525878906,54.2599983215332,54.150001525878906,54.2599983215332,1728,0.0,0.0
2024-10-28 12:12:00-04:00,54.2400016784668,54.25,54.2400016784668,54.25,1322,0.0,0.0
2024-10-28 12:13:00-04:00,54.27000045776367,54.290000915527344,54.27000045776367,54.290000915527344,1423,0.0,0.0
2024-10-28 12:15:00-04:00,54.30979919433594,54.30979919433594,54.290000915527344,54.30500030517578,1493,0.0,0.0
2024-10-28 12:16:00-04:00,54.310001373291016,54.32500076293945,54.290000915527344,54.290000915527344,4091,0.0,0.0
2024-10-28 12:17:00-04:00,54.26499938964844,54.26499938964844,54.26499938964844,54.26499938964844,1088,0.0,0.0
2024-10-28 12:19:00-04:00,54.25,54.25,54.209999084472656,54.209999084472656,1248,0.0,0.0
2024-10-28 12:21:00-04:00,54.2400016784668,54.2400016784668,54.2400016784668,54.2400016784668,168,0.0,0.0
2024-10-28 12:22:00-04:00,54.2400016784668,54.34000015258789,54.2400016784668,54.34000015258789,5408,0.0,0.0
2024-10-28 12:23:00-04:00,54.345001220703125,54.36000061035156,54.29999923706055,54.29999923706055,8519,0.0,0.0
2024-10-28 12:24:00-04:00,54.29999923706055,54.29999923706055,54.29999923706055,54.29999923706055,113,0.0,0.0
2024-10-28 12:25:00-04:00,54.33000183105469,54.33000183105469,54.33000183105469,54.33000183105469,1271,0.0,0.0
2024-10-28 12:28:00-04:00,54.34880065917969,54.34880065917969,54.25,54.25,5181,0.0,0.0
2024-10-28 12:30:00-04:00,54.16999816894531,54.16999816894531,54.16999816894531,54.16999816894531,2303,0.0,0.0
2024-10-28 12:31:00-04:00,54.17499923706055,54.17499923706055,54.17499923706055,54.17499923706055,300,0.0,0.0
2024-10-28 12:32:00-04:00,54.150001525878906,54.150001525878906,54.150001525878906,54.150001525878906,879,0.0,0.0
2024-10-28 12:33:00-04:00,54.17499923706055,54.20000076293945,54.150001525878906,54.17499923706055,5333,0.0,0.0
2024-10-28 12:34:00-04:00,54.17499923706055,54.17499923706055,54.15999984741211,54.15999984741211,764,0.0,0.0
2024-10-28 12:35:00-04:00,54.15999984741211,54.15999984741211,54.119998931884766,54.119998931884766,4377,0.0,0.0
2024-10-28 12:36:00-04:00,54.130001068115234,54.130001068115234,54.09000015258789,54.11000061035156,3312,0.0,0.0
2024-10-28 12:37:00-04:00,54.09000015258789,54.130001068115234,54.09000015258789,54.11000061035156,1895,0.0,0.0
2024-10-28 12:38:00-04:00,54.10499954223633,54.10499954223633,54.08000183105469,54.08000183105469,545,0.0,0.0
2024-10-28 12:39:00-04:00,54.08000183105469,54.08000183105469,54.060001373291016,54.08000183105469,957,0.0,0.0
2024-10-28 12:40:00-04:00,54.08000183105469,54.08000183105469,54.060001373291016,54.060001373291016,2360,0.0,0.0
2024-10-28 12:41:00-04:00,54.07500076293945,54.209999084472656,54.07500076293945,54.209999084472656,3725,0.0,0.0
2024-10-28 12:42:00-04:00,54.2599983215332,54.2599983215332,54.2599983215332,54.2599983215332,612,0.0,0.0
2024-10-28 12:43:00-04:00,54.22999954223633,54.22999954223633,54.22999954223633,54.22999954223633,1883,0.0,0.0
2024-10-28 12:44:00-04:00,54.253700256347656,54.290000915527344,54.2400016784668,54.290000915527344,2102,0.0,0.0
2024-10-28 12:46:00-04:00,54.25,54.25,54.244998931884766,54.244998931884766,464,0.0,0.0
2024-10-28 12:47:00-04:00,54.290000915527344,54.290000915527344,54.25,54.25,1181,0.0,0.0
2024-10-28 12:48:00-04:00,54.22999954223633,54.244998931884766,54.20009994506836,54.20009994506836,1509,0.0,0.0
2024-10-28 12:49:00-04:00,54.2400016784668,54.2400016784668,54.23500061035156,54.23500061035156,241,0.0,0.0
2024-10-28 12:50:00-04:00,54.22869873046875,54.2400016784668,54.21500015258789,54.21500015258789,1008,0.0,0.0
2024-10-28 12:51:00-04:00,54.244998931884766,54.25,54.244998931884766,54.25,563,0.0,0.0
2024-10-28 12:52:00-04:00,54.25,54.279998779296875,54.25,54.279998779296875,1481,0.0,0.0
2024-10-28 12:53:00-04:00,54.2599983215332,54.275001525878906,54.2599983215332,54.27000045776367,2448,0.0,0.0
2024-10-28 12:54:00-04:00,54.2599983215332,54.279998779296875,54.2599983215332,54.26499938964844,978,0.0,0.0
2024-10-28 12:55:00-04:00,54.275001525878906,54.29999923706055,54.275001525878906,54.29999923706055,516,0.0,0.0
2024-10-28 12:58:00-04:00,54.290000915527344,54.290000915527344,54.2599983215332,54.2599983215332,312,0.0,0.0
2024-10-28 12:59:00-04:00,54.279998779296875,54.290000915527344,54.2599983215332,54.2599983215332,1882,0.0,0.0
2024-10-28 13:00:00-04:00,54.290000915527344,54.290000915527344,54.290000915527344,54.290000915527344,233,0.0,0.0
2024-10-28 13:02:00-04:00,54.2599983215332,54.2599983215332,54.17499923706055,54.25,3777,0.0,0.0
2024-10-28 13:05:00-04:00,54.20000076293945,54.224998474121094,54.20000076293945,54.224998474121094,781,0.0,0.0
2024-10-28 13:06:00-04:00,54.185001373291016,54.185001373291016,54.185001373291016,54.185001373291016,381,0.0,0.0
2024-10-28 13:07:00-04:00,54.220001220703125,54.220001220703125,54.209999084472656,54.209999084472656,1088,0.0,0.0
2024-10-28 13:08:00-04:00,54.18000030517578,54.27000045776367,54.18000030517578,54.244998931884766,3176,0.0,0.0
2024-10-28 13:09:00-04:00,54.279998779296875,54.36000061035156,54.279998779296875,54.36000061035156,1334,0.0,0.0
2024-10-28 13:10:00-04:00,54.349998474121094,54.349998474121094,54.349998474121094,54.349998474121094,619,0.0,0.0
2024-10-28 13:12:00-04:00,54.310001373291016,54.310001373291016,54.310001373291016,54.310001373291016,458,0.0,0.0
2024-10-28 13:14:00-04:00,54.25,54.26499938964844,54.22999954223633,54.2400016784668,1480,0.0,0.0
2024-10-28 13:15:00-04:00,54.244998931884766,54.279998779296875,54.244998931884766,54.279998779296875,2923,0.0,0.0
2024-10-28 13:16:00-04:00,54.31999969482422,54.400001525878906,54.31999969482422,54.400001525878906,1427,0.0,0.0
2024-10-28 13:17:00-04:00,54.38999938964844,54.38999938964844,54.369598388671875,54.369598388671875,967,0.0,0.0
2024-10-28 13:18:00-04:00,54.40999984741211,54.40999984741211,54.40999984741211,54.40999984741211,370,0.0,0.0
2024-10-28 13:20:00-04:00,54.42499923706055,54.440101623535156,54.42499923706055,54.440101623535156,775,0.0,0.0
2024-10-28 13:21:00-04:00,54.41999816894531,54.439998626708984,54.41999816894531,54.43000030517578,1306,0.0,0.0
2024-10-28 13:22:00-04:00,54.439998626708984,54.45000076293945,54.439998626708984,54.45000076293945,1612,0.0,0.0
2024-10-28 13:27:00-04:00,54.435001373291016,54.435001373291016,54.41999816894531,54.41999816894531,637,0.0,0.0
2024-10-28 13:28:00-04:00,54.42499923706055,54.42499923706055,54.42499923706055,54.42499923706055,199,0.0,0.0
2024-10-28 13:29:00-04:00,54.42499923706055,54.42499923706055,54.42499923706055,54.42499923706055,2003,0.0,0.0
2024-10-28 13:30:00-04:00,54.459999084472656,54.525001525878906,54.459999084472656,54.525001525878906,1864,0.0,0.0
2024-10-28 13:31:00-04:00,54.52000045776367,54.52000045776367,54.52000045776367,54.52000045776367,290,0.0,0.0
2024-10-28 13:32:00-04:00,54.540000915527344,54.540000915527344,54.5099983215332,54.5099983215332,581,0.0,0.0
2024-10-28 13:33:00-04:00,54.5099983215332,54.5099983215332,54.5099983215332,54.5099983215332,470,0.0,0.0
2024-10-28 13:34:00-04:00,54.5099983215332,54.5099983215332,54.5099983215332,54.5099983215332,549,0.0,0.0
2024-10-28 13:35:00-04:00,54.5099983215332,54.5099983215332,54.5099983215332,54.5099983215332,325,0.0,0.0
2024-10-28 13:36:00-04:00,54.540000915527344,54.540000915527344,54.52000045776367,54.52000045776367,397,0.0,0.0
2024-10-28 13:37:00-04:00,54.5099983215332,54.540000915527344,54.5099983215332,54.540000915527344,603,0.0,0.0
2024-10-28 13:38:00-04:00,54.5099983215332,54.5099983215332,54.5,54.5,784,0.0,0.0
2024-10-28 13:39:00-04:00,54.5,54.51499938964844,54.5,54.51499938964844,2633,0.0,0.0
2024-10-28 13:40:00-04:00,54.490501403808594,54.5,54.490501403808594,54.5,1338,0.0,0.0
2024-10-28 13:41:00-04:00,54.5,54.5,54.459999084472656,54.47999954223633,1883,0.0,0.0
2024-10-28 13:42:00-04:00,54.494998931884766,54.494998931884766,54.48500061035156,54.48500061035156,513,0.0,0.0
2024-10-28 13:43:00-04:00,54.45000076293945,54.45000076293945,54.36000061035156,54.38999938964844,5096,0.0,0.0
2024-10-28 13:44:00-04:00,54.40999984741211,54.41999816894531,54.38999938964844,54.38999938964844,1121,0.0,0.0
2024-10-28 13:45:00-04:00,54.41859817504883,54.41859817504883,54.40999984741211,54.40999984741211,442,0.0,0.0
2024-10-28 13:46:00-04:00,54.400001525878906,54.400001525878906,54.400001525878906,54.400001525878906,641,0.0,0.0
2024-10-28 13:47:00-04:00,54.380001068115234,54.380001068115234,54.36000061035156,54.36000061035156,2154,0.0,0.0
2024-10-28 13:48:00-04:00,54.33000183105469,54.349998474121094,54.310001373291016,54.31999969482422,2743,0.0,0.0
2024-10-28 13:49:00-04:00,54.290000915527344,54.31999969482422,54.27000045776367,54.27000045776367,2785,0.0,0.0
2024-10-28 13:50:00-04:00,54.310001373291016,54.310001373291016,54.310001373291016,54.310001373291016,900,0.0,0.0
2024-10-28 13:51:00-04:00,54.29999923706055,54.29999923706055,54.28499984741211,54.29999923706055,3341,0.0,0.0
2024-10-28 13:53:00-04:00,54.29999923706055,54.29999923706055,54.29999923706055,54.29999923706055,201,0.0,0.0
2024-10-28 13:56:00-04:00,54.29999923706055,54.31999969482422,54.29999923706055,54.31999969482422,5044,0.0,0.0
2024-10-28 13:57:00-04:00,54.31999969482422,54.31999969482422,54.31999969482422,54.31999969482422,326,0.0,0.0
2024-10-28 13:58:00-04:00,54.33000183105469,54.33000183105469,54.310001373291016,54.310001373291016,529,0.0,0.0
2024-10-28 13:59:00-04:00,54.310001373291016,54.310001373291016,54.310001373291016,54.310001373291016,559,0.0,0.0
2024-10-28 14:00:00-04:00,54.310001373291016,54.310001373291016,54.189998626708984,54.189998626708984,16508,0.0,0.0
2024-10-28 14:01:00-04:00,54.150001525878906,54.209999084472656,54.09000015258789,54.09000015258789,1480,0.0,0.0
2024-10-28 14:02:00-04:00,54.07120132446289,54.07120132446289,54.060001373291016,54.060001373291016,1324,0.0,0.0
2024-10-28 14:03:00-04:00,54.040000915527344,54.040000915527344,53.95000076293945,54.0,16096,0.0,0.0
2024-10-28 14:04:00-04:00,53.970001220703125,54.02000045776367,53.970001220703125,54.0099983215332,3097,0.0,0.0
2024-10-28 14:05:00-04:00,53.959999084472656,53.9900016784668,53.95000076293945,53.97999954223633,776,0.0,0.0
2024-10-28 14:06:00-04:00,54.0099983215332,54.0099983215332,54.0,54.0,1107,0.0,0.0
2024-10-28 14:08:00-04:00,54.040000915527344,54.060001373291016,54.040000915527344,54.060001373291016,1765,0.0,0.0
2024-10-28 14:09:00-04:00,54.064998626708984,54.064998626708984,54.064998626708984,54.064998626708984,318,0.0,0.0
2024-10-28 14:11:00-04:00,54.029998779296875,54.03030014038086,54.029998779296875,54.03030014038086,673,0.0,0.0
2024-10-28 14:12:00-04:00,54.060001373291016,54.060001373291016,54.060001373291016,54.060001373291016,1868,0.0,0.0
2024-10-28 14:15:00-04:00,54.0,54.02000045776367,53.9900016784668,54.0,1389,0.0,0.0
2024-10-28 14:16:00-04:00,54.0,54.01499938964844,54.0,54.01499938964844,465,0.0,0.0
2024-10-28 14:18:00-04:00,54.0,54.000099182128906,53.974998474121094,53.97999954223633,2329,0.0,0.0
2024-10-28 14:19:00-04:00,53.97999954223633,53.97999954223633,53.959999084472656,53.959999084472656,971,0.0,0.0
2024-10-28 14:20:00-04:00,53.959999084472656,53.959999084472656,53.939998626708984,53.939998626708984,1957,0.0,0.0
2024-10-28 14:21:00-04:00,53.930301666259766,53.95130157470703,53.930301666259766,53.95130157470703,1191,0.0,0.0
2024-10-28 14:22:00-04:00,53.93000030517578,53.93000030517578,53.86000061035156,53.86000061035156,1921,0.0,0.0
2024-10-28 14:23:00-04:00,53.877601623535156,53.877601623535156,53.877601623535156,53.877601623535156,1460,0.0,0.0
2024-10-28 14:25:00-04:00,53.915000915527344,53.93000030517578,53.915000915527344,53.915000915527344,1065,0.0,0.0
2024-10-28 14:26:00-04:00,53.915000915527344,53.939998626708984,53.904998779296875,53.939998626708984,2547,0.0,0.0
2024-10-28 14:27:00-04:00,53.91999816894531,53.91999816894531,53.91999816894531,53.91999816894531,287,0.0,0.0
2024-10-28 14:28:00-04:00,53.915000915527344,53.915000915527344,53.915000915527344,53.915000915527344,142,0.0,0.0
2024-10-28 14:29:00-04:00,53.915000915527344,53.915000915527344,53.900001525878906,53.900001525878906,229,0.0,0.0
2024-10-28 14:30:00-04:00,53.915000915527344,53.91999816894531,53.89400100708008,53.91999816894531,973,0.0,0.0
2024-10-28 14:31:00-04:00,53.90999984741211,53.939998626708984,53.90999984741211,53.939998626708984,1712,0.0,0.0
2024-10-28 14:32:00-04:00,53.939998626708984,53.970001220703125,53.939998626708984,53.970001220703125,2947,0.0,0.0
2024-10-28 14:33:00-04:00,53.95000076293945,53.95000076293945,53.900001525878906,53.900001525878906,1034,0.0,0.0
2024-10-28 14:34:00-04:00,53.91999816894531,53.91999816894531,53.91999816894531,53.91999816894531,214,0.0,0.0
2024-10-28 14:35:00-04:00,53.900001525878906,53.900001525878906,53.880001068115234,53.880001068115234,666,0.0,0.0
2024-10-28 14:36:00-04:00,53.89500045776367,53.900001525878906,53.89500045776367,53.900001525878906,1362,0.0,0.0
2024-10-28 14:37:00-04:00,53.90999984741211,53.91999816894531,53.90999984741211,53.91999816894531,1440,0.0,0.0
2024-10-28 14:38:00-04:00,53.939998626708984,53.95000076293945,53.92499923706055,53.95000076293945,1972,0.0,0.0
2024-10-28 14:39:00-04:00,53.939998626708984,53.939998626708984,53.939998626708984,53.939998626708984,797,0.0,0.0
2024-10-28 14:40:00-04:00,53.95000076293945,53.95000076293945,53.95000076293945,53.95000076293945,331,0.0,0.0
2024-10-28 14:41:00-04:00,53.93000030517578,53.93000030517578,53.93000030517578,53.93000030517578,496,0.0,0.0
2024-10-28 14:42:00-04:00,53.87779998779297,53.87779998779297,53.87779998779297,53.87779998779297,1318,0.0,0.0
2024-10-28 14:43:00-04:00,53.84000015258789,53.869998931884766,53.82500076293945,53.869998931884766,2351,0.0,0.0
2024-10-28 14:44:00-04:00,53.869998931884766,53.869998931884766,53.869998931884766,53.869998931884766,262,0.0,0.0
2024-10-28 14:45:00-04:00,53.888999938964844,53.900001525878906,53.8849983215332,53.900001525878906,1298,0.0,0.0
2024-10-28 14:46:00-04:00,53.900001525878906,53.900001525878906,53.880001068115234,53.880001068115234,891,0.0,0.0
2024-10-28 14:48:00-04:00,53.875301361083984,53.88999938964844,53.875301361083984,53.88999938964844,379,0.0,0.0
2024-10-28 14:49:00-04:00,53.88999938964844,53.90999984741211,53.88990020751953,53.90999984741211,1430,0.0,0.0
2024-10-28 14:50:00-04:00,53.900001525878906,53.900001525878906,53.900001525878906,53.900001525878906,204,0.0,0.0
2024-10-28 14:51:00-04:00,53.88999938964844,53.88999938964844,53.88999938964844,53.88999938964844,400,0.0,0.0
2024-10-28 14:53:00-04:00,53.900001525878906,54.04999923706055,53.900001525878906,53.95500183105469,11534,0.0,0.0
2024-10-28 14:54:00-04:00,53.970001220703125,53.970001220703125,53.95500183105469,53.95500183105469,567,0.0,0.0
2024-10-28 14:55:00-04:00,53.95500183105469,53.95500183105469,53.900001525878906,53.91999816894531,1537,0.0,0.0
2024-10-28 14:56:00-04:00,53.90999984741211,53.90999984741211,53.90999984741211,53.90999984741211,1108,0.0,0.0
2024-10-28 14:58:00-04:00,53.904998779296875,53.904998779296875,53.904998779296875,53.904998779296875,360,0.0,0.0
2024-10-28 14:59:00-04:00,53.90999984741211,53.93000030517578,53.904998779296875,53.904998779296875,3046,0.0,0.0
2024-10-28 15:00:00-04:00,53.880001068115234,53.8927001953125,53.86000061035156,53.88999938964844,3336,0.0,0.0
2024-10-28 15:01:00-04:00,53.900001525878906,53.90999984741211,53.900001525878906,53.90999984741211,960,0.0,0.0
2024-10-28 15:02:00-04:00,53.88999938964844,53.915000915527344,53.88999938964844,53.915000915527344,360,0.0,0.0
2024-10-28 15:03:00-04:00,53.8849983215332,53.8849983215332,53.8849983215332,53.8849983215332,305,0.0,0.0
2024-10-28 15:04:00-04:00,53.89500045776367,53.900001525878906,53.880001068115234,53.88999938964844,2458,0.0,0.0
2024-10-28 15:05:00-04:00,53.88999938964844,53.90999984741211,53.88999938964844,53.900001525878906,2408,0.0,0.0
2024-10-28 15:06:00-04:00,53.900001525878906,53.91999816894531,53.880001068115234,53.895198822021484,4396,0.0,0.0
2024-10-28 15:07:00-04:00,53.84000015258789,53.849998474121094,53.83000183105469,53.849998474121094,836,0.0,0.0
2024-10-28 15:08:00-04:00,53.845001220703125,53.869998931884766,53.845001220703125,53.869998931884766,3445,0.0,0.0
2024-10-28 15:09:00-04:00,53.86000061035156,53.869998931884766,53.849998474121094,53.849998474121094,1035,0.0,0.0
2024-10-28 15:10:00-04:00,53.81999969482422,53.869998931884766,53.81999969482422,53.869998931884766,4110,0.0,0.0
2024-10-28 15:11:00-04:00,53.845001220703125,53.86000061035156,53.84000015258789,53.84000015258789,1829,0.0,0.0
2024-10-28 15:12:00-04:00,53.849998474121094,53.849998474121094,53.84000015258789,53.84000015258789,1185,0.0,0.0
2024-10-28 15:13:00-04:00,53.84000015258789,53.939998626708984,53.84000015258789,53.900001525878906,8332,0.0,0.0
2024-10-28 15:14:00-04:00,53.88999938964844,53.88999938964844,53.86000061035156,53.86000061035156,1951,0.0,0.0
2024-10-28 15:16:00-04:00,53.81999969482422,53.81999969482422,53.814998626708984,53.814998626708984,3039,0.0,0.0
2024-10-28 15:17:00-04:00,53.760501861572266,53.760501861572266,53.742000579833984,53.7599983215332,6666,0.0,0.0
2024-10-28 15:18:00-04:00,53.720001220703125,53.720001220703125,53.720001220703125,53.720001220703125,200,0.0,0.0
2024-10-28 15:19:00-04:00,53.724998474121094,53.72999954223633,53.724998474121094,53.72999954223633,1222,0.0,0.0
2024-10-28 15:20:00-04:00,53.72999954223633,53.79499816894531,53.72999954223633,53.79499816894531,4375,0.0,0.0
2024-10-28 15:21:00-04:00,53.810001373291016,53.83000183105469,53.79999923706055,53.83000183105469,2500,0.0,0.0
2024-10-28 15:22:00-04:00,53.849998474121094,53.849998474121094,53.849998474121094,53.849998474121094,1091,0.0,0.0
2024-10-28 15:23:00-04:00,53.84000015258789,53.84000015258789,53.81999969482422,53.82500076293945,1051,0.0,0.0
2024-10-28 15:24:00-04:00,53.84000015258789,53.880001068115234,53.84000015258789,53.880001068115234,2702,0.0,0.0
2024-10-28 15:25:00-04:00,53.86000061035156,53.86000061035156,53.86000061035156,53.86000061035156,3945,0.0,0.0
2024-10-28 15:28:00-04:00,53.87630081176758,53.87630081176758,53.875,53.875,985,0.0,0.0
2024-10-28 15:29:00-04:00,53.875,53.880001068115234,53.86000061035156,53.8650016784668,2462,0.0,0.0
2024-10-28 15:30:00-04:00,53.849998474121094,53.849998474121094,53.849998474121094,53.849998474121094,541,0.0,0.0
2024-10-28 15:31:00-04:00,53.849998474121094,53.869998931884766,53.849998474121094,53.869998931884766,2701,0.0,0.0
2024-10-28 15:32:00-04:00,53.84000015258789,53.86000061035156,53.84000015258789,53.86000061035156,1623,0.0,0.0
2024-10-28 15:33:00-04:00,53.83000183105469,53.84000015258789,53.79999923706055,53.79999923706055,4150,0.0,0.0
2024-10-28 15:34:00-04:00,53.79499816894531,53.810001373291016,53.779998779296875,53.810001373291016,3419,0.0,0.0
2024-10-28 15:35:00-04:00,53.790000915527344,53.82500076293945,53.790000915527344,53.82500076293945,3464,0.0,0.0
2024-10-28 15:36:00-04:00,53.81999969482422,53.81999969482422,53.81999969482422,53.81999969482422,770,0.0,0.0
2024-10-28 15:37:00-04:00,53.849998474121094,53.86000061035156,53.84000015258789,53.84000015258789,2724,0.0,0.0
2024-10-28 15:38:00-04:00,53.81999969482422,53.81999969482422,53.790000915527344,53.80500030517578,3582,0.0,0.0
2024-10-28 15:39:00-04:00,53.790000915527344,53.810001373291016,53.779998779296875,53.810001373291016,2000,0.0,0.0
2024-10-28 15:40:00-04:00,53.810001373291016,53.81999969482422,53.790000915527344,53.81999969482422,3702,0.0,0.0
2024-10-28 15:42:00-04:00,53.83000183105469,53.86000061035156,53.81999969482422,53.85499954223633,6201,0.0,0.0
2024-10-28 15:43:00-04:00,53.880001068115234,53.880001068115234,53.86000061035156,53.8650016784668,1289,0.0,0.0
2024-10-28 15:44:00-04:00,53.880001068115234,53.8849983215332,53.869998931884766,53.869998931884766,2309,0.0,0.0
2024-10-28 15:45:00-04:00,53.875,53.875,53.875,53.875,1322,0.0,0.0
2024-10-28 15:46:00-04:00,53.880001068115234,53.90999984741211,53.87030029296875,53.90999984741211,5443,0.0,0.0
2024-10-28 15:47:00-04:00,53.900001525878906,53.900001525878906,53.88999938964844,53.900001525878906,2872,0.0,0.0
2024-10-28 15:48:00-04:00,53.904998779296875,53.94499969482422,53.88999938964844,53.94499969482422,5545,0.0,0.0
2024-10-28 15:49:00-04:00,53.93069839477539,53.9900016784668,53.93069839477539,53.9900016784668,3806,0.0,0.0
2024-10-28 15:50:00-04:00,53.95000076293945,53.97359848022461,53.90999984741211,53.959999084472656,5702,0.0,0.0
2024-10-28 15:51:00-04:00,53.970001220703125,53.970001220703125,53.900001525878906,53.915000915527344,6928,0.0,0.0
2024-10-28 15:52:00-04:00,53.95000076293945,53.959999084472656,53.86000061035156,53.875,5552,0.0,0.0
2024-10-28 15:53:00-04:00,53.88999938964844,53.90999984741211,53.875,53.900001525878906,9971,0.0,0.0
2024-10-28 15:54:00-04:00,53.90999984741211,53.994998931884766,53.90999984741211,53.994998931884766,10137,0.0,0.0
2024-10-28 15:55:00-04:00,53.994998931884766,53.994998931884766,53.94499969482422,53.9900016784668,9680,0.0,0.0
2024-10-28 15:56:00-04:00,53.990299224853516,54.02000045776367,53.990299224853516,54.0,8392,0.0,0.0
2024-10-28 15:57:00-04:00,53.9900016784668,54.02000045776367,53.90999984741211,53.915000915527344,13792,0.0,0.0
2024-10-28 15:58:00-04:00,53.90999984741211,53.915000915527344,53.86000061035156,53.88999938964844,15760,0.0,0.0
2024-10-28 15:59:00-04:00,53.900001525878906,53.90999984741211,53.849998474121094,53.90999984741211,28360,0.0,0.0
2024-10-29 09:30:00-04:00,53.95000076293945,54.029998779296875,53.95000076293945,54.029998779296875,7713,0.0,0.0
2024-10-29 09:31:00-04:00,54.18000030517578,54.18000030517578,54.060001373291016,54.064998626708984,1448,0.0,0.0
2024-10-29 09:32:00-04:00,53.959999084472656,54.02000045776367,53.72999954223633,53.72999954223633,1644,0.0,0.0
2024-10-29 09:33:00-04:00,53.70000076293945,53.70000076293945,53.590999603271484,53.590999603271484,1134,0.0,0.0
2024-10-29 09:34:00-04:00,53.650001525878906,53.709999084472656,53.650001525878906,53.709999084472656,522,0.0,0.0
2024-10-29 09:35:00-04:00,53.691200256347656,53.77000045776367,53.691200256347656,53.77000045776367,642,0.0,0.0
2024-10-29 09:36:00-04:00,53.7599983215332,53.84000015258789,53.75,53.84000015258789,1400,0.0,0.0
2024-10-29 09:37:00-04:00,53.84000015258789,53.84000015258789,53.77000045776367,53.77000045776367,1006,0.0,0.0
2024-10-29 09:38:00-04:00,53.7400016784668,53.84000015258789,53.7400016784668,53.84000015258789,514,0.0,0.0
2024-10-29 09:39:00-04:00,53.84000015258789,53.84000015258789,53.75,53.83000183105469,589,0.0,0.0
2024-10-29 09:40:00-04:00,53.86000061035156,53.86000061035156,53.86000061035156,53.86000061035156,260,0.0,0.0
2024-10-29 09:41:00-04:00,53.880001068115234,53.970001220703125,53.869998931884766,53.880001068115234,1304,0.0,0.0
2024-10-29 09:42:00-04:00,53.92499923706055,53.92499923706055,53.86000061035156,53.86000061035156,1597,0.0,0.0
2024-10-29 09:43:00-04:00,53.81999969482422,53.81999969482422,53.79999923706055,53.81999969482422,1934,0.0,0.0
2024-10-29 09:44:00-04:00,53.900001525878906,53.900001525878906,53.900001525878906,53.900001525878906,477,0.0,0.0
2024-10-29 09:45:00-04:00,53.86000061035156,53.86000061035156,53.86000061035156,53.86000061035156,480,0.0,0.0
2024-10-29 09:46:00-04:00,53.88529968261719,53.88529968261719,53.88529968261719,53.88529968261719,404,0.0,0.0
2024-10-29 09:47:00-04:00,53.875,53.970001220703125,53.869998931884766,53.970001220703125,1329,0.0,0.0
2024-10-29 09:48:00-04:00,54.10599899291992,54.10599899291992,53.994998931884766,53.994998931884766,444,0.0,0.0
2024-10-29 09:49:00-04:00,54.06999969482422,54.11000061035156,54.06999969482422,54.11000061035156,530,0.0,0.0
2024-10-29 09:50:00-04:00,54.099998474121094,54.18000030517578,54.099998474121094,54.18000030517578,728,0.0,0.0
2024-10-29 09:51:00-04:00,54.290000915527344,54.290000915527344,54.260398864746094,54.260398864746094,772,0.0,0.0
2024-10-29 09:52:00-04:00,54.29499816894531,54.33000183105469,54.29499816894531,54.33000183105469,1007,0.0,0.0
2024-10-29 09:53:00-04:00,54.32500076293945,54.38999938964844,54.32500076293945,54.38999938964844,5515,0.0,0.0
2024-10-29 09:54:00-04:00,54.459999084472656,54.4817008972168,54.43000030517578,54.4817008972168,1842,0.0,0.0
2024-10-29 09:55:00-04:00,54.4900016784668,54.61000061035156,54.4900016784668,54.54999923706055,683,0.0,0.0
2024-10-29 09:56:00-04:00,54.61000061035156,54.61000061035156,54.45009994506836,54.584999084472656,2124,0.0,0.0
2024-10-29 09:57:00-04:00,54.630001068115234,54.90999984741211,54.630001068115234,54.902400970458984,5986,0.0,0.0
2024-10-29 09:58:00-04:00,54.68000030517578,54.68000030517578,54.68000030517578,54.68000030517578,1133,0.0,0.0
2024-10-29 10:00:00-04:00,54.880001068115234,54.97999954223633,54.869998931884766,54.937400817871094,2812,0.0,0.0
2024-10-29 10:01:00-04:00,54.890098571777344,54.970001220703125,54.890098571777344,54.970001220703125,2411,0.0,0.0
2024-10-29 10:02:00-04:00,54.97999954223633,55.029998779296875,54.90999984741211,54.959999084472656,1754,0.0,0.0
2024-10-29 10:03:00-04:00,54.88999938964844,54.90999984741211,54.88999938964844,54.88999938964844,1338,0.0,0.0
2024-10-29 10:04:00-04:00,54.84109878540039,54.84109878540039,54.81999969482422,54.81999969482422,1681,0.0,0.0
2024-10-29 10:05:00-04:00,54.86000061035156,54.86000061035156,54.86000061035156,54.86000061035156,793,0.0,0.0
2024-10-29 10:06:00-04:00,54.849998474121094,54.849998474121094,54.849998474121094,54.849998474121094,252,0.0,0.0
2024-10-29 10:07:00-04:00,54.7599983215332,54.86000061035156,54.7599983215332,54.79460144042969,1337,0.0,0.0
2024-10-29 10:08:00-04:00,54.810001373291016,54.810001373291016,54.810001373291016,54.810001373291016,454,0.0,0.0
2024-10-29 10:10:00-04:00,54.86000061035156,54.86000061035156,54.84000015258789,54.84000015258789,2533,0.0,0.0
2024-10-29 10:11:00-04:00,54.834999084472656,54.93000030517578,54.81999969482422,54.81999969482422,2020,0.0,0.0
2024-10-29 10:12:00-04:00,54.84000015258789,55.0099983215332,54.84000015258789,54.994998931884766,22444,0.0,0.0
2024-10-29 10:13:00-04:00,55.0099983215332,55.03200149536133,54.9900016784668,55.03200149536133,1135,0.0,0.0
2024-10-29 10:14:00-04:00,55.025001525878906,55.099998474121094,55.0,55.099998474121094,3337,0.0,0.0
2024-10-29 10:16:00-04:00,55.09000015258789,55.11000061035156,55.09000015258789,55.09000015258789,1340,0.0,0.0
2024-10-29 10:17:00-04:00,55.08000183105469,55.08000183105469,55.08000183105469,55.08000183105469,715,0.0,0.0
2024-10-29 10:18:00-04:00,54.95000076293945,54.95000076293945,54.95000076293945,54.95000076293945,368,0.0,0.0
2024-10-29 10:19:00-04:00,54.959999084472656,54.959999084472656,54.86000061035156,54.86000061035156,1494,0.0,0.0
2024-10-29 10:20:00-04:00,54.939998626708984,55.02000045776367,54.939998626708984,55.02000045776367,896,0.0,0.0
2024-10-29 10:21:00-04:00,54.9900016784668,55.099998474121094,54.9900016784668,55.099998474121094,2003,0.0,0.0
2024-10-29 10:22:00-04:00,55.119998931884766,55.15999984741211,55.119998931884766,55.13999938964844,1941,0.0,0.0
2024-10-29 10:23:00-04:00,55.09000015258789,55.14500045776367,55.09000015258789,55.14500045776367,542,0.0,0.0
2024-10-29 10:24:00-04:00,55.16999816894531,55.22999954223633,55.16999816894531,55.220001220703125,12084,0.0,0.0
2024-10-29 10:25:00-04:00,55.25,55.36000061035156,55.25,55.35960006713867,11815,0.0,0.0
2024-10-29 10:26:00-04:00,55.310001373291016,55.345001220703125,55.27000045776367,55.27000045776367,586,0.0,0.0
2024-10-29 10:27:00-04:00,55.27000045776367,55.27000045776367,55.185001373291016,55.185001373291016,1428,0.0,0.0
2024-10-29 10:28:00-04:00,55.099998474121094,55.099998474121094,55.099998474121094,55.099998474121094,1305,0.0,0.0
2024-10-29 10:29:00-04:00,55.150001525878906,55.150001525878906,55.150001525878906,55.150001525878906,1180,0.0,0.0
2024-10-29 10:30:00-04:00,55.150001525878906,55.37990188598633,55.150001525878906,55.29499816894531,27840,0.0,0.0
2024-10-29 10:31:00-04:00,55.279998779296875,55.279998779296875,55.20000076293945,55.209999084472656,8184,0.0,0.0
2024-10-29 10:32:00-04:00,55.17499923706055,55.21500015258789,55.17499923706055,55.21500015258789,721,0.0,0.0
2024-10-29 10:33:00-04:00,55.13999938964844,55.13999938964844,55.13999938964844,55.13999938964844,571,0.0,0.0
2024-10-29 10:35:00-04:00,55.27000045776367,55.279998779296875,55.20000076293945,55.20000076293945,3216,0.0,0.0
2024-10-29 10:36:00-04:00,55.2400016784668,55.2400016784668,55.22999954223633,55.22999954223633,584,0.0,0.0
2024-10-29 10:37:00-04:00,55.209999084472656,55.209999084472656,55.209999084472656,55.209999084472656,205,0.0,0.0
2024-10-29 10:38:00-04:00,55.224998474121094,55.26499938964844,55.20000076293945,55.20000076293945,688,0.0,0.0
2024-10-29 10:39:00-04:00,55.329898834228516,55.349998474121094,55.224998474121094,55.31999969482422,8301,0.0,0.0
2024-10-29 10:41:00-04:00,55.34000015258789,55.36000061035156,55.34000015258789,55.36000061035156,1373,0.0,0.0
2024-10-29 10:42:00-04:00,55.310001373291016,55.314998626708984,55.310001373291016,55.314998626708984,1196,0.0,0.0
2024-10-29 10:43:00-04:00,55.31999969482422,55.31999969482422,55.31999969482422,55.31999969482422,673,0.0,0.0
2024-10-29 10:44:00-04:00,55.305301666259766,55.369998931884766,55.287498474121094,55.32500076293945,5740,0.0,0.0
2024-10-29 10:45:00-04:00,55.279998779296875,55.279998779296875,55.23500061035156,55.23500061035156,1031,0.0,0.0
2024-10-29 10:46:00-04:00,55.2400016784668,55.31999969482422,55.23500061035156,55.290000915527344,9882,0.0,0.0
2024-10-29 10:47:00-04:00,55.31999969482422,55.31999969482422,55.27170181274414,55.27170181274414,1619,0.0,0.0
2024-10-29 10:48:00-04:00,55.310001373291016,55.310001373291016,55.224998474121094,55.25,2109,0.0,0.0
2024-10-29 10:49:00-04:00,55.310001373291016,55.310001373291016,55.25,55.25,988,0.0,0.0
2024-10-29 10:51:00-04:00,55.34000015258789,55.34000015258789,55.310001373291016,55.310001373291016,738,0.0,0.0
2024-10-29 10:53:00-04:00,55.349998474121094,55.470001220703125,55.31999969482422,55.470001220703125,3906,0.0,0.0
2024-10-29 10:54:00-04:00,55.45000076293945,55.459999084472656,55.402000427246094,55.459999084472656,2372,0.0,0.0
2024-10-29 10:55:00-04:00,55.470001220703125,55.52799987792969,55.439998626708984,55.52799987792969,2057,0.0,0.0
2024-10-29 10:56:00-04:00,55.5099983215332,55.555999755859375,55.4900016784668,55.529998779296875,4687,0.0,0.0
2024-10-29 10:57:00-04:00,55.60499954223633,55.66999816894531,55.60499954223633,55.650001525878906,1893,0.0,0.0
2024-10-29 10:58:00-04:00,55.60499954223633,55.65999984741211,55.60499954223633,55.65999984741211,1153,0.0,0.0
2024-10-29 10:59:00-04:00,55.66600036621094,55.66600036621094,55.599998474121094,55.599998474121094,1965,0.0,0.0
2024-10-29 11:00:00-04:00,55.630001068115234,55.650001525878906,55.602500915527344,55.650001525878906,1337,0.0,0.0
2024-10-29 11:01:00-04:00,55.63999938964844,55.650001525878906,55.61199951171875,55.630001068115234,3712,0.0,0.0
2024-10-29 11:02:00-04:00,55.6150016784668,55.72999954223633,55.56999969482422,55.61000061035156,10829,0.0,0.0
2024-10-29 11:03:00-04:00,55.599998474121094,55.61000061035156,55.529998779296875,55.560001373291016,9788,0.0,0.0
2024-10-29 11:04:00-04:00,55.54999923706055,55.54999923706055,55.540000915527344,55.540000915527344,722,0.0,0.0
2024-10-29 11:05:00-04:00,55.560001373291016,55.560001373291016,55.5099983215332,55.5099983215332,4700,0.0,0.0
2024-10-29 11:06:00-04:00,55.5,55.5,55.4900016784668,55.4900016784668,1920,0.0,0.0
2024-10-29 11:07:00-04:00,55.44499969482422,55.44499969482422,55.44499969482422,55.44499969482422,456,0.0,0.0
2024-10-29 11:08:00-04:00,55.43000030517578,55.43000030517578,55.40999984741211,55.40999984741211,2793,0.0,0.0
2024-10-29 11:09:00-04:00,55.40999984741211,55.40999984741211,55.38010025024414,55.40999984741211,3033,0.0,0.0
2024-10-29 11:10:00-04:00,55.39500045776367,55.41999816894531,55.39500045776367,55.41999816894531,851,0.0,0.0
2024-10-29 11:11:00-04:00,55.40999984741211,55.40999984741211,55.400001525878906,55.400001525878906,1708,0.0,0.0
2024-10-29 11:12:00-04:00,55.41429901123047,55.41429901123047,55.380001068115234,55.400001525878906,3179,0.0,0.0
2024-10-29 11:13:00-04:00,55.400001525878906,55.400001525878906,55.38999938964844,55.38999938964844,1497,0.0,0.0
2024-10-29 11:14:00-04:00,55.40999984741211,55.40999984741211,55.404998779296875,55.404998779296875,1359,0.0,0.0
2024-10-29 11:15:00-04:00,55.43000030517578,55.43000030517578,55.43000030517578,55.43000030517578,1352,0.0,0.0
2024-10-29 11:16:00-04:00,55.415000915527344,55.43000030517578,55.40999984741211,55.43000030517578,1634,0.0,0.0
2024-10-29 11:17:00-04:00,55.43000030517578,55.45000076293945,55.43000030517578,55.439998626708984,2056,0.0,0.0
2024-10-29 11:18:00-04:00,55.459999084472656,55.459999084472656,55.42499923706055,55.439998626708984,2071,0.0,0.0
2024-10-29 11:19:00-04:00,55.470001220703125,55.470001220703125,55.45000076293945,55.470001220703125,1099,0.0,0.0
2024-10-29 11:20:00-04:00,55.459999084472656,55.470001220703125,55.45500183105469,55.45500183105469,2175,0.0,0.0
2024-10-29 11:21:00-04:00,55.459999084472656,55.494998931884766,55.459999084472656,55.494998931884766,2251,0.0,0.0
2024-10-29 11:22:00-04:00,55.4900016784668,55.5,55.4900016784668,55.49250030517578,1653,0.0,0.0
2024-10-29 11:23:00-04:00,55.494998931884766,55.494998931884766,55.494998931884766,55.494998931884766,624,0.0,0.0
2024-10-29 11:24:00-04:00,55.4900016784668,55.5099983215332,55.470001220703125,55.5099983215332,2224,0.0,0.0
2024-10-29 11:25:00-04:00,55.52000045776367,55.560001373291016,55.39500045776367,55.400001525878906,7640,0.0,0.0
2024-10-29 11:26:00-04:00,55.38999938964844,55.38999938964844,55.256500244140625,55.275001525878906,7161,0.0,0.0
2024-10-29 11:27:00-04:00,55.27000045776367,55.27000045776367,55.2400016784668,55.2400016784668,1424,0.0,0.0
2024-10-29 11:28:00-04:00,55.21120071411133,55.21120071411133,55.119998931884766,55.119998931884766,1936,0.0,0.0
2024-10-29 11:29:00-04:00,55.150001525878906,55.150001525878906,55.130001068115234,55.130001068115234,264,0.0,0.0
2024-10-29 11:30:00-04:00,55.130001068115234,55.130001068115234,55.06999969482422,55.06999969482422,1065,0.0,0.0
2024-10-29 11:31:00-04:00,55.06999969482422,55.06999969482422,55.06999969482422,55.06999969482422,322,0.0,0.0
2024-10-29 11:32:00-04:00,55.06999969482422,55.09000015258789,55.029998779296875,55.09000015258789,1513,0.0,0.0
2024-10-29 11:34:00-04:00,54.9900016784668,54.9900016784668,54.9900016784668,54.9900016784668,818,0.0,0.0
2024-10-29 11:35:00-04:00,54.935001373291016,54.935001373291016,54.935001373291016,54.935001373291016,200,0.0,0.0
2024-10-29 11:36:00-04:00,54.93000030517578,54.939998626708984,54.928001403808594,54.928001403808594,2326,0.0,0.0
2024-10-29 11:37:00-04:00,54.900001525878906,54.959999084472656,54.88999938964844,54.939998626708984,4365,0.0,0.0
2024-10-29 11:38:00-04:00,54.869998931884766,54.869998931884766,54.84000015258789,54.84000015258789,847,0.0,0.0
2024-10-29 11:39:00-04:00,54.810001373291016,54.810001373291016,54.619998931884766,54.619998931884766,20329,0.0,0.0
2024-10-29 11:41:00-04:00,54.72999954223633,54.72999954223633,54.72999954223633,54.72999954223633,866,0.0,0.0
2024-10-29 11:42:00-04:00,54.72999954223633,54.790000915527344,54.70000076293945,54.790000915527344,3784,0.0,0.0
2024-10-29 11:43:00-04:00,54.790000915527344,54.790000915527344,54.790000915527344,54.790000915527344,503,0.0,0.0
2024-10-29 11:44:00-04:00,54.77000045776367,54.779998779296875,54.77000045776367,54.775001525878906,717,0.0,0.0
2024-10-29 11:45:00-04:00,54.79999923706055,54.83000183105469,54.79999923706055,54.83000183105469,927,0.0,0.0
2024-10-29 11:46:00-04:00,54.869998931884766,54.869998931884766,54.86000061035156,54.86000061035156,616,0.0,0.0
2024-10-29 11:47:00-04:00,54.81999969482422,54.81999969482422,54.81999969482422,54.81999969482422,611,0.0,0.0
2024-10-29 11:48:00-04:00,54.7599983215332,54.7599983215332,54.75,54.75,1781,0.0,0.0
2024-10-29 11:51:00-04:00,54.79990005493164,54.79999923706055,54.79990005493164,54.79999923706055,518,0.0,0.0
2024-10-29 11:52:00-04:00,54.77000045776367,54.779998779296875,54.77000045776367,54.779998779296875,414,0.0,0.0
2024-10-29 11:53:00-04:00,54.790000915527344,54.790000915527344,54.75,54.75,927,0.0,0.0
2024-10-29 11:55:00-04:00,54.782501220703125,54.84000015258789,54.782501220703125,54.84000015258789,1696,0.0,0.0
2024-10-29 11:56:00-04:00,54.869998931884766,54.869998931884766,54.86000061035156,54.86000061035156,700,0.0,0.0
2024-10-29 11:57:00-04:00,54.8849983215332,54.959999084472656,54.8849983215332,54.959999084472656,729,0.0,0.0
2024-10-29 11:58:00-04:00,54.90999984741211,54.90999984741211,54.904998779296875,54.90999984741211,1454,0.0,0.0
2024-10-29 11:59:00-04:00,54.91999816894531,54.91999816894531,54.88999938964844,54.88999938964844,718,0.0,0.0
2024-10-29 12:00:00-04:00,54.88010025024414,54.92499923706055,54.88010025024414,54.92499923706055,869,0.0,0.0
2024-10-29 12:03:00-04:00,54.92499923706055,54.92499923706055,54.900001525878906,54.900001525878906,1375,0.0,0.0
2024-10-29 12:05:00-04:00,54.81999969482422,54.81999969482422,54.790000915527344,54.790000915527344,527,0.0,0.0
2024-10-29 12:09:00-04:00,54.67499923706055,54.67499923706055,54.67499923706055,54.67499923706055,4307,0.0,0.0
2024-10-29 12:11:00-04:00,54.68000030517578,54.69499969482422,54.66999816894531,54.69499969482422,2220,0.0,0.0
2024-10-29 12:12:00-04:00,54.68000030517578,54.68000030517578,54.68000030517578,54.68000030517578,176,0.0,0.0
2024-10-29 12:13:00-04:00,54.68000030517578,54.68000030517578,54.68000030517578,54.68000030517578,195,0.0,0.0
2024-10-29 12:14:00-04:00,54.70500183105469,54.709999084472656,54.68000030517578,54.68000030517578,1928,0.0,0.0
2024-10-29 12:15:00-04:00,54.66999816894531,54.66999816894531,54.66999816894531,54.66999816894531,212,0.0,0.0
2024-10-29 12:16:00-04:00,54.68000030517578,54.68000030517578,54.68000030517578,54.68000030517578,120,0.0,0.0
2024-10-29 12:17:00-04:00,54.65999984741211,54.65999984741211,54.65999984741211,54.65999984741211,219,0.0,0.0
2024-10-29 12:18:00-04:00,54.6775016784668,54.70000076293945,54.6775016784668,54.6775016784668,589,0.0,0.0
2024-10-29 12:19:00-04:00,54.650001525878906,54.650001525878906,54.55500030517578,54.55500030517578,1981,0.0,0.0
2024-10-29 12:20:00-04:00,54.58000183105469,54.584999084472656,54.56999969482422,54.56999969482422,994,0.0,0.0
2024-10-29 12:22:00-04:00,54.55500030517578,54.55500030517578,54.55500030517578,54.55500030517578,366,0.0,0.0
2024-10-29 12:23:00-04:00,54.55500030517578,54.55500030517578,54.55500030517578,54.55500030517578,396,0.0,0.0
2024-10-29 12:24:00-04:00,54.58000183105469,54.599998474121094,54.58000183105469,54.599998474121094,1003,0.0,0.0
2024-10-29 12:25:00-04:00,54.56999969482422,54.56999969482422,54.56999969482422,54.56999969482422,443,0.0,0.0
2024-10-29 12:26:00-04:00,54.560001373291016,54.560001373291016,54.560001373291016,54.560001373291016,761,0.0,0.0
2024-10-29 12:27:00-04:00,54.54999923706055,54.54999923706055,54.540000915527344,54.540000915527344,497,0.0,0.0
2024-10-29 12:29:00-04:00,54.52000045776367,54.54990005493164,54.5099983215332,54.525001525878906,1490,0.0,0.0
2024-10-29 12:30:00-04:00,54.54999923706055,54.560001373291016,54.540000915527344,54.560001373291016,2125,0.0,0.0
2024-10-29 12:34:00-04:00,54.560001373291016,54.560001373291016,54.55500030517578,54.55500030517578,302,0.0,0.0
2024-10-29 12:35:00-04:00,54.581298828125,54.581298828125,54.581298828125,54.581298828125,428,0.0,0.0
2024-10-29 12:36:00-04:00,54.58000183105469,54.59000015258789,54.58000183105469,54.59000015258789,1186,0.0,0.0
2024-10-29 12:37:00-04:00,54.54999923706055,54.55500030517578,54.54999923706055,54.55500030517578,287,0.0,0.0
2024-10-29 12:38:00-04:00,54.54999923706055,54.560001373291016,54.54999923706055,54.560001373291016,1343,0.0,0.0
2024-10-29 12:39:00-04:00,54.560001373291016,54.560001373291016,54.560001373291016,54.560001373291016,36,0.0,0.0
2024-10-29 12:40:00-04:00,54.56999969482422,54.56999969482422,54.56999969482422,54.56999969482422,416,0.0,0.0
2024-10-29 12:41:00-04:00,54.55500030517578,54.55500030517578,54.55500030517578,54.55500030517578,118,0.0,0.0
2024-10-29 12:42:00-04:00,54.59000015258789,54.59000015258789,54.564998626708984,54.564998626708984,714,0.0,0.0
2024-10-29 12:43:00-04:00,54.5901985168457,54.5901985168457,54.5901985168457,54.5901985168457,398,0.0,0.0
2024-10-29 12:44:00-04:00,54.599998474121094,54.599998474121094,54.57929992675781,54.57929992675781,1417,0.0,0.0
2024-10-29 12:45:00-04:00,54.560001373291016,54.564998626708984,54.560001373291016,54.564998626708984,434,0.0,0.0
2024-10-29 12:46:00-04:00,54.529998779296875,54.529998779296875,54.529998779296875,54.529998779296875,498,0.0,0.0
2024-10-29 12:47:00-04:00,54.599998474121094,54.599998474121094,54.584999084472656,54.584999084472656,965,0.0,0.0
2024-10-29 12:49:00-04:00,54.584999084472656,54.59709930419922,54.56999969482422,54.59709930419922,3376,0.0,0.0
2024-10-29 12:50:00-04:00,54.584999084472656,54.584999084472656,54.584999084472656,54.584999084472656,442,0.0,0.0
2024-10-29 12:53:00-04:00,54.584999084472656,54.709999084472656,54.584999084472656,54.689998626708984,6642,0.0,0.0
2024-10-29 12:54:00-04:00,54.68000030517578,54.68000030517578,54.66999816894531,54.66999816894531,858,0.0,0.0
2024-10-29 12:55:00-04:00,54.630001068115234,54.630001068115234,54.630001068115234,54.630001068115234,461,0.0,0.0
2024-10-29 12:56:00-04:00,54.595001220703125,54.595001220703125,54.595001220703125,54.595001220703125,1376,0.0,0.0
2024-10-29 13:00:00-04:00,54.540000915527344,54.54999923706055,54.5099983215332,54.54999923706055,1404,0.0,0.0
2024-10-29 13:02:00-04:00,54.59000015258789,54.63999938964844,54.564998626708984,54.63999938964844,3029,0.0,0.0
2024-10-29 13:03:00-04:00,54.692298889160156,54.692298889160156,54.692298889160156,54.692298889160156,337,0.0,0.0
2024-10-29 13:04:00-04:00,54.685001373291016,54.709999084472656,54.685001373291016,54.709999084472656,1934,0.0,0.0
2024-10-29 13:06:00-04:00,54.709999084472656,54.709999084472656,54.709999084472656,54.709999084472656,313,0.0,0.0
2024-10-29 13:07:00-04:00,54.689998626708984,54.689998626708984,54.689998626708984,54.689998626708984,552,0.0,0.0
2024-10-29 13:08:00-04:00,54.709999084472656,54.709999084472656,54.689998626708984,54.689998626708984,1101,0.0,0.0
2024-10-29 13:09:00-04:00,54.689998626708984,54.689998626708984,54.66999816894531,54.68000030517578,1791,0.0,0.0
2024-10-29 13:10:00-04:00,54.68000030517578,54.68000030517578,54.68000030517578,54.68000030517578,379,0.0,0.0
2024-10-29 13:11:00-04:00,54.685001373291016,54.685001373291016,54.685001373291016,54.685001373291016,1095,0.0,0.0
2024-10-29 13:12:00-04:00,54.72999954223633,54.790000915527344,54.72999954223633,54.790000915527344,1385,0.0,0.0
2024-10-29 13:13:00-04:00,54.78499984741211,54.78499984741211,54.78499984741211,54.78499984741211,684,0.0,0.0
2024-10-29 13:15:00-04:00,54.78499984741211,54.84000015258789,54.78499984741211,54.839500427246094,1339,0.0,0.0
2024-10-29 13:16:00-04:00,54.84000015258789,54.86000061035156,54.84000015258789,54.86000061035156,2810,0.0,0.0
2024-10-29 13:17:00-04:00,54.85409927368164,54.86000061035156,54.85409927368164,54.86000061035156,660,0.0,0.0
2024-10-29 13:18:00-04:00,54.8650016784668,54.880001068115234,54.84000015258789,54.84000015258789,2048,0.0,0.0
2024-10-29 13:19:00-04:00,54.79999923706055,54.79999923706055,54.77000045776367,54.77000045776367,831,0.0,0.0
2024-10-29 13:20:00-04:00,54.7400016784668,54.7400016784668,54.73500061035156,54.73500061035156,942,0.0,0.0
2024-10-29 13:24:00-04:00,54.599998474121094,54.599998474121094,54.599998474121094,54.599998474121094,824,0.0,0.0
2024-10-29 13:26:00-04:00,54.63999938964844,54.63999938964844,54.63999938964844,54.63999938964844,323,0.0,0.0
2024-10-29 13:27:00-04:00,54.63999938964844,54.63999938964844,54.63999938964844,54.63999938964844,120,0.0,0.0
2024-10-29 13:28:00-04:00,54.6349983215332,54.6349983215332,54.6349983215332,54.6349983215332,182,0.0,0.0
2024-10-29 13:29:00-04:00,54.619998931884766,54.63999938964844,54.619998931884766,54.63999938964844,583,0.0,0.0
2024-10-29 13:31:00-04:00,54.652198791503906,54.652198791503906,54.53499984741211,54.61000061035156,6199,0.0,0.0
2024-10-29 13:32:00-04:00,54.650001525878906,54.65999984741211,54.650001525878906,54.65999984741211,390,0.0,0.0
2024-10-29 13:33:00-04:00,54.64500045776367,54.64500045776367,54.64500045776367,54.64500045776367,348,0.0,0.0
2024-10-29 13:34:00-04:00,54.70000076293945,54.70000076293945,54.689998626708984,54.70000076293945,1701,0.0,0.0
2024-10-29 13:35:00-04:00,54.650001525878906,54.650001525878906,54.650001525878906,54.650001525878906,257,0.0,0.0
2024-10-29 13:36:00-04:00,54.7400016784668,54.775001525878906,54.73400115966797,54.775001525878906,1975,0.0,0.0
2024-10-29 13:37:00-04:00,54.730098724365234,54.76499938964844,54.730098724365234,54.7599983215332,1459,0.0,0.0
2024-10-29 13:38:00-04:00,54.7599983215332,54.7599983215332,54.7599983215332,54.7599983215332,686,0.0,0.0
2024-10-29 13:39:00-04:00,54.72999954223633,54.7400016784668,54.71500015258789,54.71500015258789,1727,0.0,0.0
2024-10-29 13:41:00-04:00,54.70000076293945,54.72999954223633,54.70000076293945,54.72999954223633,2392,0.0,0.0
2024-10-29 13:42:00-04:00,54.709999084472656,54.71500015258789,54.709999084472656,54.71500015258789,622,0.0,0.0
2024-10-29 13:43:00-04:00,54.71500015258789,54.71500015258789,54.68000030517578,54.68000030517578,1266,0.0,0.0
2024-10-29 13:47:00-04:00,54.6786003112793,54.6786003112793,54.6786003112793,54.6786003112793,622,0.0,0.0
2024-10-29 13:50:00-04:00,54.679901123046875,54.68000030517578,54.679901123046875,54.68000030517578,2607,0.0,0.0
2024-10-29 13:51:00-04:00,54.65999984741211,54.65999984741211,54.65999984741211,54.65999984741211,1550,0.0,0.0
2024-10-29 13:54:00-04:00,54.66999816894531,54.68000030517578,54.66999816894531,54.68000030517578,1709,0.0,0.0
2024-10-29 13:57:00-04:00,54.665000915527344,54.665000915527344,54.665000915527344,54.665000915527344,395,0.0,0.0
2024-10-29 13:58:00-04:00,54.66999816894531,54.66999816894531,54.66999816894531,54.66999816894531,828,0.0,0.0
2024-10-29 13:59:00-04:00,54.68000030517578,54.68000030517578,54.66999816894531,54.66999816894531,865,0.0,0.0
2024-10-29 14:00:00-04:00,54.66999816894531,54.814998626708984,54.66999816894531,54.810001373291016,6287,0.0,0.0
2024-10-29 14:01:00-04:00,54.79999923706055,54.79999923706055,54.79499816894531,54.79930114746094,1371,0.0,0.0
2024-10-29 14:02:00-04:00,54.79499816894531,54.81999969482422,54.79499816894531,54.81999969482422,804,0.0,0.0
2024-10-29 14:04:00-04:00,54.79499816894531,54.799400329589844,54.79499816894531,54.799400329589844,534,0.0,0.0
2024-10-29 14:05:00-04:00,54.79499816894531,54.79499816894531,54.779998779296875,54.79499816894531,1638,0.0,0.0
2024-10-29 14:06:00-04:00,54.79999923706055,54.83000183105469,54.79999923706055,54.83000183105469,3538,0.0,0.0
2024-10-29 14:07:00-04:00,54.814998626708984,54.845001220703125,54.814998626708984,54.845001220703125,870,0.0,0.0
2024-10-29 14:08:00-04:00,54.84000015258789,54.89929962158203,54.84000015258789,54.8650016784668,2418,0.0,0.0
2024-10-29 14:09:00-04:00,54.88999938964844,54.915000915527344,54.88999938964844,54.915000915527344,2119,0.0,0.0
2024-10-29 14:10:00-04:00,54.90999984741211,54.97999954223633,54.90999984741211,54.97999954223633,2091,0.0,0.0
2024-10-29 14:11:00-04:00,54.9900016784668,55.01190185546875,54.97999954223633,54.98500061035156,4101,0.0,0.0
2024-10-29 14:12:00-04:00,54.97999954223633,54.97999954223633,54.880001068115234,54.970001220703125,6866,0.0,0.0
2024-10-29 14:13:00-04:00,54.959999084472656,54.97999954223633,54.94499969482422,54.97999954223633,941,0.0,0.0
2024-10-29 14:14:00-04:00,54.96500015258789,54.96500015258789,54.96500015258789,54.96500015258789,480,0.0,0.0
2024-10-29 14:15:00-04:00,54.97999954223633,54.97999954223633,54.939998626708984,54.939998626708984,1730,0.0,0.0
2024-10-29 14:16:00-04:00,54.959999084472656,54.959999084472656,54.93989944458008,54.93989944458008,1445,0.0,0.0
2024-10-29 14:19:00-04:00,54.939998626708984,54.959999084472656,54.900001525878906,54.939998626708984,11914,0.0,0.0
2024-10-29 14:20:00-04:00,54.939998626708984,54.939998626708984,54.935001373291016,54.935001373291016,659,0.0,0.0
2024-10-29 14:21:00-04:00,54.88999938964844,54.900001525878906,54.86000061035156,54.875,2491,0.0,0.0
2024-10-29 14:22:00-04:00,54.849998474121094,54.849998474121094,54.779998779296875,54.779998779296875,1354,0.0,0.0
2024-10-29 14:23:00-04:00,54.81999969482422,54.834999084472656,54.81999969482422,54.834999084472656,154,0.0,0.0
2024-10-29 14:24:00-04:00,54.849998474121094,54.88999938964844,54.849998474121094,54.875,1026,0.0,0.0
2024-10-29 14:25:00-04:00,54.849998474121094,54.880001068115234,54.849998474121094,54.880001068115234,506,0.0,0.0
2024-10-29 14:26:00-04:00,54.869998931884766,54.869998931884766,54.790000915527344,54.790000915527344,2125,0.0,0.0
2024-10-29 14:27:00-04:00,54.779998779296875,54.779998779296875,54.75,54.75,1163,0.0,0.0
2024-10-29 14:28:00-04:00,54.689998626708984,54.7599983215332,54.689998626708984,54.7599983215332,397,0.0,0.0
2024-10-29 14:29:00-04:00,54.744998931884766,54.79999923706055,54.744998931884766,54.79999923706055,2321,0.0,0.0
2024-10-29 14:30:00-04:00,54.786598205566406,54.79999923706055,54.786598205566406,54.790000915527344,1811,0.0,0.0
2024-10-29 14:31:00-04:00,54.81999969482422,54.849998474121094,54.81999969482422,54.849998474121094,1348,0.0,0.0
2024-10-29 14:32:00-04:00,54.849998474121094,54.849998474121094,54.81999969482422,54.81999969482422,1209,0.0,0.0
2024-10-29 14:33:00-04:00,54.84170150756836,54.84170150756836,54.84170150756836,54.84170150756836,835,0.0,0.0
2024-10-29 14:36:00-04:00,54.779998779296875,54.78499984741211,54.779998779296875,54.78499984741211,1235,0.0,0.0
2024-10-29 14:37:00-04:00,54.72999954223633,54.75360107421875,54.72999954223633,54.75360107421875,542,0.0,0.0
2024-10-29 14:39:00-04:00,54.7400016784668,54.7400016784668,54.7400016784668,54.7400016784668,200,0.0,0.0
2024-10-29 14:40:00-04:00,54.77000045776367,54.77000045776367,54.7400016784668,54.7400016784668,538,0.0,0.0
2024-10-29 14:41:00-04:00,54.79999923706055,54.84000015258789,54.79999923706055,54.84000015258789,2895,0.0,0.0
2024-10-29 14:42:00-04:00,54.834999084472656,54.834999084472656,54.834999084472656,54.834999084472656,317,0.0,0.0
2024-10-29 14:43:00-04:00,54.834999084472656,54.849998474121094,54.834999084472656,54.849998474121094,354,0.0,0.0
2024-10-29 14:44:00-04:00,54.834999084472656,54.84989929199219,54.834999084472656,54.84989929199219,431,0.0,0.0
2024-10-29 14:45:00-04:00,54.834999084472656,54.834999084472656,54.834999084472656,54.834999084472656,462,0.0,0.0
2024-10-29 14:46:00-04:00,54.849998474121094,54.88999938964844,54.849998474121094,54.88999938964844,1518,0.0,0.0
2024-10-29 14:47:00-04:00,54.869998931884766,54.869998931884766,54.869998931884766,54.869998931884766,222,0.0,0.0
2024-10-29 14:48:00-04:00,54.849998474121094,54.849998474121094,54.849998474121094,54.849998474121094,1386,0.0,0.0
2024-10-29 14:50:00-04:00,54.845001220703125,54.845001220703125,54.81999969482422,54.81999969482422,1822,0.0,0.0
2024-10-29 14:51:00-04:00,54.83000183105469,54.83000183105469,54.80500030517578,54.80500030517578,519,0.0,0.0
2024-10-29 14:53:00-04:00,54.84000015258789,54.84000015258789,54.84000015258789,54.84000015258789,519,0.0,0.0
2024-10-29 14:55:00-04:00,54.79499816894531,54.79499816894531,54.79499816894531,54.79499816894531,265,0.0,0.0
2024-10-29 14:56:00-04:00,54.80799865722656,54.80799865722656,54.77000045776367,54.790000915527344,2088,0.0,0.0
2024-10-29 14:57:00-04:00,54.79499816894531,54.79499816894531,54.77000045776367,54.78499984741211,1760,0.0,0.0
2024-10-29 14:58:00-04:00,54.73500061035156,54.73500061035156,54.709999084472656,54.709999084472656,610,0.0,0.0
2024-10-29 14:59:00-04:00,54.66999816894531,54.69499969482422,54.650001525878906,54.650001525878906,2044,0.0,0.0
2024-10-29 15:00:00-04:00,54.689998626708984,54.689998626708984,54.665000915527344,54.665000915527344,972,0.0,0.0
2024-10-29 15:02:00-04:00,54.70500183105469,54.70500183105469,54.70500183105469,54.70500183105469,265,0.0,0.0
2024-10-29 15:03:00-04:00,54.69499969482422,54.720001220703125,54.68000030517578,54.720001220703125,1574,0.0,0.0
2024-10-29 15:04:00-04:00,54.689998626708984,54.689998626708984,54.650001525878906,54.665000915527344,1370,0.0,0.0
2024-10-29 15:05:00-04:00,54.665000915527344,54.67499923706055,54.630001068115234,54.63999938964844,3464,0.0,0.0
2024-10-29 15:06:00-04:00,54.630001068115234,54.65999984741211,54.630001068115234,54.63999938964844,1509,0.0,0.0
2024-10-29 15:07:00-04:00,54.630001068115234,54.70000076293945,54.630001068115234,54.70000076293945,3329,0.0,0.0
2024-10-29 15:08:00-04:00,54.724998474121094,54.790000915527344,54.720001220703125,54.77000045776367,3018,0.0,0.0
2024-10-29 15:09:00-04:00,54.779998779296875,54.84000015258789,54.779998779296875,54.814998626708984,1755,0.0,0.0
2024-10-29 15:10:00-04:00,54.810001373291016,54.810001373291016,54.744998931884766,54.75,3961,0.0,0.0
2024-10-29 15:11:00-04:00,54.7400016784668,54.79999923706055,54.720001220703125,54.7599983215332,5509,0.0,0.0
2024-10-29 15:12:00-04:00,54.81999969482422,54.880001068115234,54.81999969482422,54.845001220703125,6465,0.0,0.0
2024-10-29 15:13:00-04:00,54.86000061035156,54.86000061035156,54.79999923706055,54.81999969482422,3508,0.0,0.0
2024-10-29 15:14:00-04:00,54.81999969482422,54.84000015258789,54.81999969482422,54.82500076293945,2248,0.0,0.0
2024-10-29 15:15:00-04:00,54.81999969482422,54.81999969482422,54.81999969482422,54.81999969482422,221,0.0,0.0
2024-10-29 15:16:00-04:00,54.79999923706055,54.81999969482422,54.790000915527344,54.81999969482422,4111,0.0,0.0
2024-10-29 15:17:00-04:00,54.79750061035156,54.79750061035156,54.650001525878906,54.650001525878906,3460,0.0,0.0
2024-10-29 15:18:00-04:00,54.64500045776367,54.64500045776367,54.63999938964844,54.63999938964844,381,0.0,0.0
2024-10-29 15:20:00-04:00,54.665000915527344,54.665000915527344,54.665000915527344,54.665000915527344,200,0.0,0.0
2024-10-29 15:21:00-04:00,54.63999938964844,54.665000915527344,54.58000183105469,54.58000183105469,2216,0.0,0.0
2024-10-29 15:22:00-04:00,54.529998779296875,54.529998779296875,54.5,54.52000045776367,817,0.0,0.0
2024-10-29 15:23:00-04:00,54.529998779296875,54.56999969482422,54.529998779296875,54.540000915527344,5113,0.0,0.0
2024-10-29 15:24:00-04:00,54.529998779296875,54.54499816894531,54.510101318359375,54.529998779296875,1443,0.0,0.0
2024-10-29 15:25:00-04:00,54.5099983215332,54.5099983215332,54.45000076293945,54.45000076293945,4202,0.0,0.0
2024-10-29 15:26:00-04:00,54.459999084472656,54.5099983215332,54.43000030517578,54.5099983215332,8253,0.0,0.0
2024-10-29 15:27:00-04:00,54.52000045776367,54.52000045776367,54.5,54.5099983215332,1041,0.0,0.0
2024-10-29 15:28:00-04:00,54.5099983215332,54.5099983215332,54.5099983215332,54.5099983215332,918,0.0,0.0
2024-10-29 15:29:00-04:00,54.5,54.5,54.459999084472656,54.459999084472656,4480,0.0,0.0
2024-10-29 15:30:00-04:00,54.459999084472656,54.540000915527344,54.459999084472656,54.540000915527344,3645,0.0,0.0
2024-10-29 15:31:00-04:00,54.54999923706055,54.54999923706055,54.54999923706055,54.54999923706055,417,0.0,0.0
2024-10-29 15:32:00-04:00,54.54999923706055,54.54999923706055,54.54999923706055,54.54999923706055,342,0.0,0.0
2024-10-29 15:33:00-04:00,54.55500030517578,54.55500030517578,54.55500030517578,54.55500030517578,819,0.0,0.0
2024-10-29 15:34:00-04:00,54.529998779296875,54.529998779296875,54.529998779296875,54.529998779296875,719,0.0,0.0
2024-10-29 15:35:00-04:00,54.560001373291016,54.56999969482422,54.52000045776367,54.52000045776367,2588,0.0,0.0
2024-10-29 15:36:00-04:00,54.525001525878906,54.54999923706055,54.525001525878906,54.54999923706055,1197,0.0,0.0
2024-10-29 15:37:00-04:00,54.56999969482422,54.60499954223633,54.560001373291016,54.60499954223633,4580,0.0,0.0
2024-10-29 15:38:00-04:00,54.58000183105469,54.58000183105469,54.529998779296875,54.540000915527344,1782,0.0,0.0
2024-10-29 15:39:00-04:00,54.540000915527344,54.560001373291016,54.529998779296875,54.560001373291016,1896,0.0,0.0
2024-10-29 15:40:00-04:00,54.560001373291016,54.56999969482422,54.540000915527344,54.54999923706055,1854,0.0,0.0
2024-10-29 15:41:00-04:00,54.54249954223633,54.54249954223633,54.5099983215332,54.5099983215332,1626,0.0,0.0
2024-10-29 15:42:00-04:00,54.4900016784668,54.5099983215332,54.4900016784668,54.5099983215332,1037,0.0,0.0
2024-10-29 15:43:00-04:00,54.4901008605957,54.529998779296875,54.4901008605957,54.529998779296875,1734,0.0,0.0
2024-10-29 15:44:00-04:00,54.54999923706055,54.54999923706055,54.47999954223633,54.5099983215332,5347,0.0,0.0
2024-10-29 15:45:00-04:00,54.5099983215332,54.529998779296875,54.47999954223633,54.529998779296875,3403,0.0,0.0
2024-10-29 15:46:00-04:00,54.51499938964844,54.540000915527344,54.5099983215332,54.540000915527344,1790,0.0,0.0
2024-10-29 15:47:00-04:00,54.560001373291016,54.560001373291016,54.52000045776367,54.529998779296875,2401,0.0,0.0
2024-10-29 15:48:00-04:00,54.54999923706055,54.54999923706055,54.52000045776367,54.529998779296875,3351,0.0,0.0
2024-10-29 15:49:00-04:00,54.505001068115234,54.540000915527344,54.5,54.529998779296875,2172,0.0,0.0
2024-10-29 15:50:00-04:00,54.560001373291016,54.56999969482422,54.540000915527344,54.540000915527344,5712,0.0,0.0
2024-10-29 15:51:00-04:00,54.540000915527344,54.619998931884766,54.540000915527344,54.619998931884766,7040,0.0,0.0
2024-10-29 15:52:00-04:00,54.6150016784668,54.650001525878906,54.599998474121094,54.64500045776367,5954,0.0,0.0
2024-10-29 15:53:00-04:00,54.647499084472656,54.685001373291016,54.647499084472656,54.685001373291016,3721,0.0,0.0
2024-10-29 15:54:00-04:00,54.67499923706055,54.7599983215332,54.67499923706055,54.724998474121094,8227,0.0,0.0
2024-10-29 15:55:00-04:00,54.70000076293945,54.709999084472656,54.59000015258789,54.68000030517578,17089,0.0,0.0
2024-10-29 15:56:00-04:00,54.66999816894531,54.72999954223633,54.66999816894531,54.72999954223633,8410,0.0,0.0
2024-10-29 15:57:00-04:00,54.73500061035156,54.75,54.709999084472656,54.720001220703125,11734,0.0,0.0
2024-10-29 15:58:00-04:00,54.720001220703125,54.72999954223633,54.68000030517578,54.709999084472656,17512,0.0,0.0
2024-10-29 15:59:00-04:00,54.70000076293945,54.73500061035156,54.685001373291016,54.72999954223633,18471,0.0,0.0
2024-10-30 09:30:00-04:00,55.31999969482422,55.369998931884766,54.994998931884766,55.018001556396484,30821,0.0,0.0
2024-10-30 09:31:00-04:00,54.849998474121094,55.130001068115234,54.849998474121094,55.130001068115234,2435,0.0,0.0
2024-10-30 09:32:00-04:00,55.095001220703125,55.220001220703125,55.08409881591797,55.15999984741211,4017,0.0,0.0
2024-10-30 09:33:00-04:00,55.459999084472656,55.58000183105469,55.459999084472656,55.58000183105469,1893,0.0,0.0
2024-10-30 09:34:00-04:00,55.52000045776367,55.62919998168945,55.52000045776367,55.62919998168945,2728,0.0,0.0
2024-10-30 09:35:00-04:00,55.25,55.285701751708984,55.189998626708984,55.189998626708984,3699,0.0,0.0
2024-10-30 09:36:00-04:00,55.172000885009766,55.369998931884766,55.172000885009766,55.369998931884766,5070,0.0,0.0
2024-10-30 09:37:00-04:00,55.275699615478516,55.279998779296875,55.06999969482422,55.11000061035156,11794,0.0,0.0
2024-10-30 09:38:00-04:00,55.15999984741211,55.15999984741211,54.90999984741211,54.90999984741211,4051,0.0,0.0
2024-10-30 09:39:00-04:00,54.900001525878906,54.959999084472656,54.720001220703125,54.720001220703125,5253,0.0,0.0
2024-10-30 09:40:00-04:00,54.630001068115234,54.75320053100586,54.630001068115234,54.65999984741211,3857,0.0,0.0
2024-10-30 09:41:00-04:00,54.654998779296875,54.654998779296875,54.400001525878906,54.47999954223633,4045,0.0,0.0
2024-10-30 09:42:00-04:00,54.45000076293945,54.45000076293945,54.33000183105469,54.380001068115234,2385,0.0,0.0
2024-10-30 09:43:00-04:00,54.31999969482422,54.32500076293945,54.209999084472656,54.28160095214844,3840,0.0,0.0
2024-10-30 09:44:00-04:00,54.28499984741211,54.310001373291016,54.2400016784668,54.25,1351,0.0,0.0
2024-10-30 09:45:00-04:00,54.310001373291016,54.599998474121094,54.310001373291016,54.59000015258789,3831,0.0,0.0
2024-10-30 09:46:00-04:00,54.599998474121094,54.61000061035156,54.560001373291016,54.61000061035156,997,0.0,0.0
2024-10-30 09:47:00-04:00,54.630001068115234,54.71500015258789,54.630001068115234,54.70000076293945,2152,0.0,0.0
2024-10-30 09:48:00-04:00,54.73970031738281,54.73970031738281,54.650001525878906,54.68000030517578,1761,0.0,0.0
2024-10-30 09:49:00-04:00,54.712501525878906,54.71500015258789,54.61000061035156,54.63999938964844,2799,0.0,0.0
2024-10-30 09:50:00-04:00,54.66999816894531,54.7599983215332,54.63999938964844,54.7599983215332,4514,0.0,0.0
2024-10-30 09:51:00-04:00,54.709999084472656,54.709999084472656,54.61000061035156,54.61000061035156,1770,0.0,0.0
2024-10-30 09:52:00-04:00,54.50040054321289,54.599998474121094,54.50040054321289,54.599998474121094,1038,0.0,0.0
2024-10-30 09:53:00-04:00,54.5547981262207,54.68000030517578,54.54629898071289,54.68000030517578,4263,0.0,0.0
2024-10-30 09:54:00-04:00,54.65999984741211,54.665000915527344,54.622501373291016,54.654998779296875,1082,0.0,0.0
2024-10-30 09:55:00-04:00,54.68000030517578,54.790000915527344,54.68000030517578,54.72999954223633,23221,0.0,0.0
2024-10-30 09:56:00-04:00,54.70000076293945,54.70000076293945,54.630001068115234,54.68989944458008,2514,0.0,0.0
2024-10-30 09:57:00-04:00,54.56999969482422,54.599998474121094,54.56999969482422,54.599998474121094,2141,0.0,0.0
2024-10-30 09:58:00-04:00,54.47999954223633,54.5099983215332,54.4651985168457,54.4651985168457,1200,0.0,0.0
2024-10-30 09:59:00-04:00,54.56999969482422,54.61000061035156,54.5640983581543,54.61000061035156,5742,0.0,0.0
2024-10-30 10:00:00-04:00,54.56999969482422,54.56999969482422,54.56999969482422,54.56999969482422,0,0.0,0.0
2024-10-30 10:01:00-04:00,54.59000015258789,54.59000015258789,54.59000015258789,54.59000015258789,1594,0.0,0.0
2024-10-30 10:02:00-04:00,54.529998779296875,54.60499954223633,54.529998779296875,54.584999084472656,1828,0.0,0.0
2024-10-30 10:03:00-04:00,54.595001220703125,54.595001220703125,54.595001220703125,54.595001220703125,610,0.0,0.0
2024-10-30 10:04:00-04:00,54.56999969482422,54.68000030517578,54.56999969482422,54.65999984741211,6371,0.0,0.0
2024-10-30 10:05:00-04:00,54.630001068115234,54.70000076293945,54.60499954223633,54.70000076293945,3364,0.0,0.0
2024-10-30 10:06:00-04:00,54.72999954223633,54.72999954223633,54.70000076293945,54.70000076293945,667,0.0,0.0
2024-10-30 10:07:00-04:00,54.7400016784668,54.810001373291016,54.7400016784668,54.80929946899414,8769,0.0,0.0
2024-10-30 10:08:00-04:00,54.779998779296875,54.81999969482422,54.689998626708984,54.689998626708984,13773,0.0,0.0
2024-10-30 10:09:00-04:00,54.7400016784668,54.85499954223633,54.7400016784668,54.84000015258789,22098,0.0,0.0
2024-10-30 10:10:00-04:00,54.81999969482422,54.956199645996094,54.810001373291016,54.956199645996094,4986,0.0,0.0
2024-10-30 10:11:00-04:00,54.90999984741211,54.90999984741211,54.796600341796875,54.849998474121094,3087,0.0,0.0
2024-10-30 10:12:00-04:00,54.90999984741211,54.90999984741211,54.849998474121094,54.89469909667969,8894,0.0,0.0
2024-10-30 10:13:00-04:00,54.91999816894531,54.959999084472656,54.849998474121094,54.8650016784668,12732,0.0,0.0
2024-10-30 10:14:00-04:00,54.86000061035156,54.9900016784668,54.86000061035156,54.897499084472656,12746,0.0,0.0
2024-10-30 10:15:00-04:00,55.029998779296875,55.089900970458984,55.02000045776367,55.089900970458984,4660,0.0,0.0
2024-10-30 10:16:00-04:00,55.029998779296875,55.029998779296875,55.029998779296875,55.029998779296875,915,0.0,0.0
2024-10-30 10:17:00-04:00,55.029998779296875,55.19990158081055,55.029998779296875,55.19990158081055,2802,0.0,0.0
2024-10-30 10:18:00-04:00,55.189998626708984,55.29999923706055,55.189998626708984,55.29999923706055,2561,0.0,0.0
2024-10-30 10:19:00-04:00,55.307498931884766,55.499698638916016,55.307498931884766,55.439998626708984,5411,0.0,0.0
2024-10-30 10:20:00-04:00,55.470001220703125,55.4900016784668,55.45000076293945,55.459999084472656,3398,0.0,0.0
2024-10-30 10:21:00-04:00,55.439998626708984,55.439998626708984,55.439998626708984,55.439998626708984,243,0.0,0.0
2024-10-30 10:22:00-04:00,55.40999984741211,55.429901123046875,55.310001373291016,55.36429977416992,4901,0.0,0.0
2024-10-30 10:23:00-04:00,55.35499954223633,55.35499954223633,55.349998474121094,55.349998474121094,2529,0.0,0.0
2024-10-30 10:24:00-04:00,55.38999938964844,55.470001220703125,55.38999938964844,55.459999084472656,3340,0.0,0.0
2024-10-30 10:25:00-04:00,55.36000061035156,55.449798583984375,55.31999969482422,55.41999816894531,1641,0.0,0.0
2024-10-30 10:26:00-04:00,55.35499954223633,55.35499954223633,55.35499954223633,55.35499954223633,437,0.0,0.0
2024-10-30 10:27:00-04:00,55.41999816894531,55.41999816894531,55.3849983215332,55.3849983215332,1050,0.0,0.0
2024-10-30 10:28:00-04:00,55.3849983215332,55.3849983215332,55.3745002746582,55.3849983215332,1619,0.0,0.0
2024-10-30 10:29:00-04:00,55.3745002746582,55.3849983215332,55.36000061035156,55.36000061035156,3308,0.0,0.0
2024-10-30 10:30:00-04:00,55.40999984741211,55.40999984741211,55.400001525878906,55.400001525878906,2045,0.0,0.0
2024-10-30 10:31:00-04:00,55.40999984741211,55.470001220703125,55.39500045776367,55.462799072265625,4109,0.0,0.0
2024-10-30 10:34:00-04:00,55.40999984741211,55.40999984741211,55.375,55.380001068115234,4765,0.0,0.0
2024-10-30 10:35:00-04:00,55.349998474121094,55.349998474121094,55.349998474121094,55.349998474121094,235,0.0,0.0
2024-10-30 10:36:00-04:00,55.380001068115234,55.400001525878906,55.290000915527344,55.345001220703125,2212,0.0,0.0
2024-10-30 10:37:00-04:00,55.26499938964844,55.34000015258789,55.209999084472656,55.31999969482422,4212,0.0,0.0
2024-10-30 10:38:00-04:00,55.389801025390625,55.389801025390625,55.32500076293945,55.32979965209961,599,0.0,0.0
2024-10-30 10:39:00-04:00,55.31999969482422,55.31999969482422,55.26499938964844,55.26499938964844,562,0.0,0.0
2024-10-30 10:40:00-04:00,55.29999923706055,55.334999084472656,55.29999923706055,55.33000183105469,2447,0.0,0.0
2024-10-30 10:41:00-04:00,55.28030014038086,55.28030014038086,55.28030014038086,55.28030014038086,579,0.0,0.0
2024-10-30 10:42:00-04:00,55.2599983215332,55.33000183105469,55.2599983215332,55.33000183105469,5122,0.0,0.0
2024-10-30 10:43:00-04:00,55.33380126953125,55.345001220703125,55.317298889160156,55.34000015258789,1687,0.0,0.0
2024-10-30 10:44:00-04:00,55.34000015258789,55.34000015258789,55.310001373291016,55.310001373291016,1539,0.0,0.0
2024-10-30 10:45:00-04:00,55.33000183105469,55.400001525878906,55.33000183105469,55.36000061035156,3500,0.0,0.0
2024-10-30 10:46:00-04:00,55.380001068115234,55.59299850463867,55.35499954223633,55.59299850463867,9788,0.0,0.0
2024-10-30 10:47:00-04:00,55.62990188598633,55.62990188598633,55.5625,55.62990188598633,2413,0.0,0.0
2024-10-30 10:48:00-04:00,55.599998474121094,55.650001525878906,55.599998474121094,55.60559844970703,3008,0.0,0.0
2024-10-30 10:49:00-04:00,55.630699157714844,55.630699157714844,55.630699157714844,55.630699157714844,939,0.0,0.0
2024-10-30 10:50:00-04:00,55.474998474121094,55.474998474121094,55.474998474121094,55.474998474121094,378,0.0,0.0
2024-10-30 10:51:00-04:00,55.435001373291016,55.435001373291016,55.369998931884766,55.369998931884766,1918,0.0,0.0
2024-10-30 10:52:00-04:00,55.29999923706055,55.29999923706055,55.209999084472656,55.27000045776367,15553,0.0,0.0
2024-10-30 10:53:00-04:00,55.290000915527344,55.294700622558594,55.25,55.26499938964844,1359,0.0,0.0
2024-10-30 10:54:00-04:00,55.22999954223633,55.22999954223633,55.209999084472656,55.21039962768555,9034,0.0,0.0
2024-10-30 10:55:00-04:00,55.209999084472656,55.27000045776367,55.189998626708984,55.27000045776367,6898,0.0,0.0
2024-10-30 10:56:00-04:00,55.279998779296875,55.342498779296875,55.279998779296875,55.34000015258789,3159,0.0,0.0
2024-10-30 10:57:00-04:00,55.35499954223633,55.35499954223633,55.31999969482422,55.31999969482422,565,0.0,0.0
2024-10-30 10:58:00-04:00,55.35499954223633,55.35499954223633,55.290000915527344,55.290000915527344,1764,0.0,0.0
2024-10-30 10:59:00-04:00,55.279998779296875,55.279998779296875,55.279998779296875,55.279998779296875,178,0.0,0.0
2024-10-30 11:00:00-04:00,55.27000045776367,55.31999969482422,55.2400016784668,55.2400016784668,1555,0.0,0.0
2024-10-30 11:01:00-04:00,55.30929946899414,55.30929946899414,55.30929946899414,55.30929946899414,1388,0.0,0.0
2024-10-30 11:03:00-04:00,55.2400016784668,55.25680160522461,55.2400016784668,55.25680160522461,1316,0.0,0.0
2024-10-30 11:04:00-04:00,55.22999954223633,55.282798767089844,55.22999954223633,55.282798767089844,969,0.0,0.0
2024-10-30 11:05:00-04:00,55.25,55.29499816894531,55.2400016784668,55.26499938964844,4759,0.0,0.0
2024-10-30 11:07:00-04:00,55.2599983215332,55.2599983215332,55.06999969482422,55.06999969482422,3396,0.0,0.0
2024-10-30 11:09:00-04:00,55.04999923706055,55.06999969482422,54.970001220703125,54.970001220703125,2576,0.0,0.0
2024-10-30 11:10:00-04:00,54.95500183105469,55.0099983215332,54.88999938964844,54.88999938964844,2579,0.0,0.0
2024-10-30 11:11:00-04:00,54.849998474121094,54.8650016784668,54.84000015258789,54.8650016784668,1241,0.0,0.0
2024-10-30 11:12:00-04:00,54.845001220703125,54.845001220703125,54.845001220703125,54.845001220703125,437,0.0,0.0
2024-10-30 11:13:00-04:00,54.849998474121094,54.86000061035156,54.849998474121094,54.86000061035156,1882,0.0,0.0
2024-10-30 11:14:00-04:00,54.875,54.88600158691406,54.849998474121094,54.849998474121094,609,0.0,0.0
2024-10-30 11:15:00-04:00,54.849998474121094,54.8650016784668,54.849998474121094,54.849998474121094,792,0.0,0.0
2024-10-30 11:16:00-04:00,54.849998474121094,54.88990020751953,54.849998474121094,54.85499954223633,2135,0.0,0.0
2024-10-30 11:17:00-04:00,54.869998931884766,54.939998626708984,54.85499954223633,54.939998626708984,2884,0.0,0.0
2024-10-30 11:18:00-04:00,54.95500183105469,54.95500183105469,54.93000030517578,54.93000030517578,481,0.0,0.0
2024-10-30 11:20:00-04:00,54.97999954223633,54.9900016784668,54.970001220703125,54.981998443603516,1453,0.0,0.0
2024-10-30 11:21:00-04:00,54.98059844970703,54.98059844970703,54.93000030517578,54.93000030517578,901,0.0,0.0
2024-10-30 11:23:00-04:00,54.9900016784668,55.095001220703125,54.9900016784668,55.095001220703125,1868,0.0,0.0
2024-10-30 11:25:00-04:00,55.08000183105469,55.08000183105469,55.060001373291016,55.060001373291016,1101,0.0,0.0
2024-10-30 11:26:00-04:00,55.07500076293945,55.07500076293945,55.02000045776367,55.02000045776367,1585,0.0,0.0
2024-10-30 11:27:00-04:00,55.04930114746094,55.04930114746094,55.029998779296875,55.029998779296875,2680,0.0,0.0
2024-10-30 11:28:00-04:00,55.0099983215332,55.0099983215332,55.0099983215332,55.0099983215332,615,0.0,0.0
2024-10-30 11:29:00-04:00,55.0099983215332,55.04999923706055,55.005001068115234,55.04999923706055,4216,0.0,0.0
2024-10-30 11:30:00-04:00,55.0,55.0,54.939998626708984,54.939998626708984,889,0.0,0.0
2024-10-30 11:31:00-04:00,54.93000030517578,54.95000076293945,54.90999984741211,54.95000076293945,1160,0.0,0.0
2024-10-30 11:32:00-04:00,54.94499969482422,54.94499969482422,54.900001525878906,54.94499969482422,500,0.0,0.0
2024-10-30 11:33:00-04:00,54.96030044555664,54.96030044555664,54.939998626708984,54.939998626708984,394,0.0,0.0
2024-10-30 11:34:00-04:00,54.95050048828125,54.95050048828125,54.88999938964844,54.91999816894531,1457,0.0,0.0
2024-10-30 11:35:00-04:00,54.900001525878906,54.900001525878906,54.880001068115234,54.880001068115234,935,0.0,0.0
2024-10-30 11:36:00-04:00,54.849998474121094,54.89680099487305,54.849998474121094,54.89680099487305,566,0.0,0.0
2024-10-30 11:37:00-04:00,54.8849983215332,54.93000030517578,54.8849983215332,54.93000030517578,1644,0.0,0.0
2024-10-30 11:38:00-04:00,54.900001525878906,55.04999923706055,54.89229965209961,55.04999923706055,4088,0.0,0.0
2024-10-30 11:39:00-04:00,55.0,55.0,55.0,55.0,706,0.0,0.0
2024-10-30 11:40:00-04:00,55.0,55.0,55.0,55.0,135,0.0,0.0
2024-10-30 11:41:00-04:00,54.994998931884766,54.994998931884766,54.994998931884766,54.994998931884766,857,0.0,0.0
2024-10-30 11:42:00-04:00,55.005001068115234,55.005001068115234,55.005001068115234,55.005001068115234,414,0.0,0.0
2024-10-30 11:43:00-04:00,55.060001373291016,55.11000061035156,55.02669906616211,55.09000015258789,2151,0.0,0.0
2024-10-30 11:44:00-04:00,55.119998931884766,55.119998931884766,55.119300842285156,55.119300842285156,932,0.0,0.0
2024-10-30 11:46:00-04:00,55.04999923706055,55.060001373291016,55.04499816894531,55.05500030517578,2164,0.0,0.0
2024-10-30 11:47:00-04:00,55.060001373291016,55.060001373291016,55.060001373291016,55.060001373291016,317,0.0,0.0
2024-10-30 11:48:00-04:00,55.09000015258789,55.09000015258789,55.040000915527344,55.040000915527344,1709,0.0,0.0
2024-10-30 11:49:00-04:00,55.02000045776367,55.04999923706055,54.959999084472656,54.959999084472656,2357,0.0,0.0
2024-10-30 11:50:00-04:00,54.95000076293945,55.08000183105469,54.95000076293945,55.0099983215332,7735,0.0,0.0
2024-10-30 11:51:00-04:00,55.0099983215332,55.084999084472656,55.0099983215332,55.04999923706055,3780,0.0,0.0
2024-10-30 11:52:00-04:00,55.04999923706055,55.06999969482422,55.04999923706055,55.04999923706055,1872,0.0,0.0
2024-10-30 11:53:00-04:00,55.040000915527344,55.15999984741211,55.040000915527344,55.130001068115234,7227,0.0,0.0
2024-10-30 11:54:00-04:00,55.13999938964844,55.13999938964844,55.11000061035156,55.119998931884766,1190,0.0,0.0
2024-10-30 11:55:00-04:00,55.119998931884766,55.119998931884766,55.060001373291016,55.09000015258789,2825,0.0,0.0
2024-10-30 11:56:00-04:00,55.099998474121094,55.18989944458008,55.099998474121094,55.189300537109375,2791,0.0,0.0
2024-10-30 11:58:00-04:00,55.119998931884766,55.119998931884766,55.119998931884766,55.119998931884766,324,0.0,0.0
2024-10-30 11:59:00-04:00,55.11000061035156,55.11000061035156,55.099998474121094,55.099998474121094,1490,0.0,0.0
2024-10-30 12:00:00-04:00,55.099998474121094,55.099998474121094,55.099998474121094,55.099998474121094,911,0.0,0.0
2024-10-30 12:01:00-04:00,55.06999969482422,55.07500076293945,55.04499816894531,55.07500076293945,2786,0.0,0.0
2024-10-30 12:02:00-04:00,55.11000061035156,55.15999984741211,55.11000061035156,55.11000061035156,2473,0.0,0.0
2024-10-30 12:04:00-04:00,55.119998931884766,55.1349983215332,55.119998931884766,55.1349983215332,753,0.0,0.0
2024-10-30 12:05:00-04:00,55.119998931884766,55.119998931884766,55.084999084472656,55.084999084472656,1020,0.0,0.0
2024-10-30 12:06:00-04:00,55.08000183105469,55.084999084472656,55.06999969482422,55.084999084472656,2038,0.0,0.0
2024-10-30 12:07:00-04:00,55.029998779296875,55.029998779296875,55.029998779296875,55.029998779296875,101,0.0,0.0
2024-10-30 12:08:00-04:00,55.023101806640625,55.06999969482422,55.023101806640625,55.029998779296875,5531,0.0,0.0
2024-10-30 12:09:00-04:00,55.02000045776367,55.02000045776367,54.970001220703125,55.02000045776367,6128,0.0,0.0
2024-10-30 12:10:00-04:00,54.9900016784668,54.9900016784668,54.982601165771484,54.9900016784668,2560,0.0,0.0
2024-10-30 12:11:00-04:00,54.9900016784668,54.9900016784668,54.915000915527344,54.915000915527344,5879,0.0,0.0
2024-10-30 12:12:00-04:00,54.900001525878906,54.93000030517578,54.869998931884766,54.904998779296875,8869,0.0,0.0
2024-10-30 12:13:00-04:00,54.880001068115234,54.89500045776367,54.869998931884766,54.89500045776367,1679,0.0,0.0
2024-10-30 12:14:00-04:00,54.75,54.849998474121094,54.75,54.79999923706055,12911,0.0,0.0
2024-10-30 12:15:00-04:00,54.86410140991211,54.900001525878906,54.845001220703125,54.89400100708008,2833,0.0,0.0
2024-10-30 12:16:00-04:00,54.88999938964844,54.90999984741211,54.88999938964844,54.900001525878906,797,0.0,0.0
2024-10-30 12:17:00-04:00,54.900001525878906,54.900001525878906,54.900001525878906,54.900001525878906,661,0.0,0.0
2024-10-30 12:18:00-04:00,54.900001525878906,54.93000030517578,54.89950180053711,54.900001525878906,1733,0.0,0.0
2024-10-30 12:19:00-04:00,54.88999938964844,54.88999938964844,54.88999938964844,54.88999938964844,131,0.0,0.0
2024-10-30 12:20:00-04:00,54.869998931884766,54.89500045776367,54.869998931884766,54.869998931884766,332,0.0,0.0
2024-10-30 12:21:00-04:00,54.91999816894531,55.029998779296875,54.917598724365234,54.917598724365234,6840,0.0,0.0
2024-10-30 12:22:00-04:00,54.959999084472656,54.959999084472656,54.880001068115234,54.880001068115234,1455,0.0,0.0
2024-10-30 12:23:00-04:00,54.79999923706055,54.849998474121094,54.79999923706055,54.810001373291016,2195,0.0,0.0
2024-10-30 12:24:00-04:00,54.77000045776367,54.849998474121094,54.77000045776367,54.82619857788086,1403,0.0,0.0
2024-10-30 12:25:00-04:00,54.79999923706055,54.79999923706055,54.79999923706055,54.79999923706055,1440,0.0,0.0
2024-10-30 12:26:00-04:00,54.720001220703125,54.720001220703125,54.720001220703125,54.720001220703125,149,0.0,0.0
2024-10-30 12:27:00-04:00,54.689998626708984,54.86000061035156,54.689998626708984,54.86000061035156,8739,0.0,0.0
2024-10-30 12:28:00-04:00,54.849998474121094,54.880001068115234,54.849998474121094,54.880001068115234,1294,0.0,0.0
2024-10-30 12:29:00-04:00,54.86000061035156,54.86000061035156,54.86000061035156,54.86000061035156,240,0.0,0.0
2024-10-30 12:31:00-04:00,54.849998474121094,54.880001068115234,54.834999084472656,54.880001068115234,1705,0.0,0.0
2024-10-30 12:32:00-04:00,54.849998474121094,54.849998474121094,54.77000045776367,54.77000045776367,7889,0.0,0.0
2024-10-30 12:33:00-04:00,54.810001373291016,54.810001373291016,54.810001373291016,54.810001373291016,383,0.0,0.0
2024-10-30 12:34:00-04:00,54.790000915527344,54.81779861450195,54.75080108642578,54.81779861450195,2517,0.0,0.0
2024-10-30 12:36:00-04:00,54.810001373291016,54.810001373291016,54.810001373291016,54.810001373291016,426,0.0,0.0
2024-10-30 12:37:00-04:00,54.810001373291016,54.812400817871094,54.779998779296875,54.812400817871094,1414,0.0,0.0
2024-10-30 12:38:00-04:00,54.81999969482422,54.83000183105469,54.790000915527344,54.81999969482422,2338,0.0,0.0
2024-10-30 12:39:00-04:00,54.82500076293945,54.82500076293945,54.81999969482422,54.81999969482422,1462,0.0,0.0
2024-10-30 12:40:00-04:00,54.81999969482422,54.83399963378906,54.790000915527344,54.79499816894531,2480,0.0,0.0
2024-10-30 12:42:00-04:00,54.755001068115234,54.779998779296875,54.7400016784668,54.75,6210,0.0,0.0
2024-10-30 12:43:00-04:00,54.71500015258789,54.71500015258789,54.71500015258789,54.71500015258789,735,0.0,0.0
2024-10-30 12:44:00-04:00,54.736698150634766,54.736698150634766,54.689998626708984,54.689998626708984,2349,0.0,0.0
2024-10-30 12:45:00-04:00,54.68000030517578,54.70000076293945,54.68000030517578,54.70000076293945,833,0.0,0.0
2024-10-30 12:46:00-04:00,54.70000076293945,54.7400016784668,54.70000076293945,54.720001220703125,17801,0.0,0.0
2024-10-30 12:47:00-04:00,54.71500015258789,54.73500061035156,54.71500015258789,54.72999954223633,4803,0.0,0.0
2024-10-30 12:48:00-04:00,54.72999954223633,54.7400016784668,54.72999954223633,54.7400016784668,3728,0.0,0.0
2024-10-30 12:49:00-04:00,54.7400016784668,54.7400016784668,54.71799850463867,54.724998474121094,2173,0.0,0.0
2024-10-30 12:50:00-04:00,54.709999084472656,54.72999954223633,54.709999084472656,54.724998474121094,4257,0.0,0.0
2024-10-30 12:52:00-04:00,54.720001220703125,54.720001220703125,54.70000076293945,54.709999084472656,3036,0.0,0.0
2024-10-30 12:53:00-04:00,54.720001220703125,54.720001220703125,54.709999084472656,54.720001220703125,2574,0.0,0.0
2024-10-30 12:54:00-04:00,54.73350143432617,54.73350143432617,54.73350143432617,54.73350143432617,919,0.0,0.0
2024-10-30 12:55:00-04:00,54.70000076293945,54.709999084472656,54.689998626708984,54.70000076293945,10461,0.0,0.0
2024-10-30 12:56:00-04:00,54.70000076293945,54.70000076293945,54.689998626708984,54.689998626708984,1361,0.0,0.0
2024-10-30 12:57:00-04:00,54.68000030517578,54.720001220703125,54.68000030517578,54.70000076293945,4251,0.0,0.0
2024-10-30 12:58:00-04:00,54.709999084472656,54.72999954223633,54.70000076293945,54.71500015258789,5704,0.0,0.0
2024-10-30 13:00:00-04:00,54.73939895629883,54.779998779296875,54.71500015258789,54.7599983215332,5386,0.0,0.0
2024-10-30 13:01:00-04:00,54.7599983215332,54.7599983215332,54.75,54.75,444,0.0,0.0
2024-10-30 13:02:00-04:00,54.7599983215332,54.79999923706055,54.7599983215332,54.79999923706055,3364,0.0,0.0
2024-10-30 13:03:00-04:00,54.79999923706055,54.79999923706055,54.79999923706055,54.79999923706055,193,0.0,0.0
2024-10-30 13:04:00-04:00,54.779998779296875,54.869998931884766,54.779998779296875,54.869998931884766,2394,0.0,0.0
2024-10-30 13:05:00-04:00,54.8849983215332,54.8849983215332,54.8849983215332,54.8849983215332,327,0.0,0.0
2024-10-30 13:06:00-04:00,54.88679885864258,54.88679885864258,54.880001068115234,54.880001068115234,1015,0.0,0.0
2024-10-30 13:07:00-04:00,54.9099006652832,54.9099006652832,54.849998474121094,54.849998474121094,532,0.0,0.0
2024-10-30 13:08:00-04:00,54.880001068115234,54.90999984741211,54.880001068115234,54.90999984741211,1190,0.0,0.0
2024-10-30 13:09:00-04:00,54.93000030517578,54.959999084472656,54.93000030517578,54.959999084472656,572,0.0,0.0
2024-10-30 13:10:00-04:00,54.970001220703125,54.9900016784668,54.970001220703125,54.9900016784668,630,0.0,0.0
2024-10-30 13:11:00-04:00,55.0,55.0099983215332,54.959999084472656,54.98500061035156,5122,0.0,0.0
2024-10-30 13:12:00-04:00,54.9900016784668,54.9900016784668,54.95000076293945,54.967201232910156,2557,0.0,0.0
2024-10-30 13:13:00-04:00,54.970001220703125,54.970001220703125,54.94499969482422,54.959999084472656,1863,0.0,0.0
2024-10-30 13:14:00-04:00,54.970001220703125,54.970001220703125,54.93000030517578,54.95000076293945,4485,0.0,0.0
2024-10-30 13:15:00-04:00,54.95000076293945,54.95000076293945,54.95000076293945,54.95000076293945,585,0.0,0.0
2024-10-30 13:16:00-04:00,54.93000030517578,54.95000076293945,54.93000030517578,54.95000076293945,1082,0.0,0.0
2024-10-30 13:17:00-04:00,54.95000076293945,54.95000076293945,54.849998474121094,54.849998474121094,4476,0.0,0.0
2024-10-30 13:18:00-04:00,54.83000183105469,54.83000183105469,54.79199981689453,54.81999969482422,4340,0.0,0.0
2024-10-30 13:20:00-04:00,54.84000015258789,54.84000015258789,54.79999923706055,54.79999923706055,902,0.0,0.0
2024-10-30 13:21:00-04:00,54.790000915527344,54.790000915527344,54.7400016784668,54.7400016784668,1521,0.0,0.0
2024-10-30 13:22:00-04:00,54.77000045776367,54.790000915527344,54.77000045776367,54.790000915527344,512,0.0,0.0
2024-10-30 13:23:00-04:00,54.79999923706055,54.79999923706055,54.79999923706055,54.79999923706055,164,0.0,0.0
2024-10-30 13:24:00-04:00,54.779998779296875,54.84000015258789,54.779998779296875,54.83000183105469,2039,0.0,0.0
2024-10-30 13:25:00-04:00,54.82500076293945,54.82500076293945,54.82500076293945,54.82500076293945,104,0.0,0.0
2024-10-30 13:26:00-04:00,54.84000015258789,54.84000015258789,54.82500076293945,54.82500076293945,471,0.0,0.0
2024-10-30 13:27:00-04:00,54.81999969482422,54.81999969482422,54.79999923706055,54.79999923706055,976,0.0,0.0
2024-10-30 13:28:00-04:00,54.79999923706055,54.79999923706055,54.77000045776367,54.79999923706055,1104,0.0,0.0
2024-10-30 13:29:00-04:00,54.77000045776367,54.79999923706055,54.77000045776367,54.79999923706055,619,0.0,0.0
2024-10-30 13:30:00-04:00,54.779998779296875,54.84000015258789,54.77000045776367,54.84000015258789,2667,0.0,0.0
2024-10-30 13:31:00-04:00,54.81999969482422,54.81999969482422,54.81999969482422,54.81999969482422,488,0.0,0.0
2024-10-30 13:32:00-04:00,54.849998474121094,54.939998626708984,54.849998474121094,54.939998626708984,2681,0.0,0.0
2024-10-30 13:33:00-04:00,54.915000915527344,54.915000915527344,54.912498474121094,54.915000915527344,777,0.0,0.0
2024-10-30 13:34:00-04:00,54.93000030517578,54.93000030517578,54.915000915527344,54.93000030517578,325,0.0,0.0
2024-10-30 13:35:00-04:00,54.88999938964844,54.915000915527344,54.880001068115234,54.880001068115234,2728,0.0,0.0
2024-10-30 13:36:00-04:00,54.849998474121094,54.849998474121094,54.82500076293945,54.84000015258789,1614,0.0,0.0
2024-10-30 13:37:00-04:00,54.84000015258789,54.849998474121094,54.84000015258789,54.849998474121094,590,0.0,0.0
2024-10-30 13:38:00-04:00,54.85499954223633,54.85499954223633,54.810001373291016,54.810001373291016,1039,0.0,0.0
2024-10-30 13:39:00-04:00,54.810001373291016,54.810001373291016,54.7599983215332,54.779998779296875,8558,0.0,0.0
2024-10-30 13:40:00-04:00,54.790000915527344,54.790000915527344,54.75,54.75,1424,0.0,0.0
2024-10-30 13:41:00-04:00,54.720001220703125,54.76499938964844,54.720001220703125,54.7599983215332,1220,0.0,0.0
2024-10-30 13:42:00-04:00,54.75,54.810001373291016,54.75,54.810001373291016,1685,0.0,0.0
2024-10-30 13:44:00-04:00,54.80500030517578,54.81560134887695,54.79499816894531,54.81560134887695,1001,0.0,0.0
2024-10-30 13:45:00-04:00,54.814998626708984,54.814998626708984,54.814998626708984,54.814998626708984,126,0.0,0.0
2024-10-30 13:46:00-04:00,54.79999923706055,54.810001373291016,54.790000915527344,54.790000915527344,2002,0.0,0.0
2024-10-30 13:47:00-04:00,54.790000915527344,54.810001373291016,54.790000915527344,54.810001373291016,1061,0.0,0.0
2024-10-30 13:48:00-04:00,54.834999084472656,54.834999084472656,54.834999084472656,54.834999084472656,304,0.0,0.0
2024-10-30 13:49:00-04:00,54.849700927734375,54.849700927734375,54.834999084472656,54.834999084472656,393,0.0,0.0
2024-10-30 13:50:00-04:00,54.84000015258789,54.900001525878906,54.84000015258789,54.900001525878906,1604,0.0,0.0
2024-10-30 13:51:00-04:00,54.880001068115234,54.880001068115234,54.849998474121094,54.8745002746582,1449,0.0,0.0
2024-10-30 13:52:00-04:00,54.849998474121094,54.849998474121094,54.849998474121094,54.849998474121094,271,0.0,0.0
2024-10-30 13:53:00-04:00,54.86000061035156,54.86000061035156,54.86000061035156,54.86000061035156,193,0.0,0.0
2024-10-30 13:54:00-04:00,54.849998474121094,54.849998474121094,54.849998474121094,54.849998474121094,858,0.0,0.0
2024-10-30 13:55:00-04:00,54.849998474121094,54.849998474121094,54.849998474121094,54.849998474121094,464,0.0,0.0
2024-10-30 13:56:00-04:00,54.81999969482422,54.81999969482422,54.81999969482422,54.81999969482422,440,0.0,0.0
2024-10-30 13:57:00-04:00,54.81999969482422,54.81999969482422,54.790000915527344,54.790000915527344,1664,0.0,0.0
2024-10-30 13:58:00-04:00,54.720001220703125,54.72010040283203,54.720001220703125,54.720001220703125,511,0.0,0.0
2024-10-30 13:59:00-04:00,54.720001220703125,54.720001220703125,54.709999084472656,54.709999084472656,1070,0.0,0.0
2024-10-30 14:00:00-04:00,54.68000030517578,54.70240020751953,54.66999816894531,54.70240020751953,402,0.0,0.0
2024-10-30 14:01:00-04:00,54.68000030517578,54.709999084472656,54.650001525878906,54.709999084472656,1419,0.0,0.0
2024-10-30 14:02:00-04:00,54.70500183105469,54.7599983215332,54.70500183105469,54.7400016784668,4628,0.0,0.0
2024-10-30 14:03:00-04:00,54.74089813232422,54.74089813232422,54.74089813232422,54.74089813232422,272,0.0,0.0
2024-10-30 14:04:00-04:00,54.779998779296875,54.779998779296875,54.779998779296875,54.779998779296875,714,0.0,0.0
2024-10-30 14:05:00-04:00,54.779998779296875,54.79999923706055,54.779998779296875,54.78850173950195,692,0.0,0.0
2024-10-30 14:06:00-04:00,54.79999923706055,54.810001373291016,54.79999923706055,54.810001373291016,846,0.0,0.0
2024-10-30 14:07:00-04:00,54.83000183105469,54.86000061035156,54.81999969482422,54.86000061035156,932,0.0,0.0
2024-10-30 14:08:00-04:00,54.849998474121094,54.875,54.83000183105469,54.845001220703125,2805,0.0,0.0
2024-10-30 14:10:00-04:00,54.84000015258789,54.84000015258789,54.81999969482422,54.81999969482422,1580,0.0,0.0
2024-10-30 14:11:00-04:00,54.779998779296875,54.812400817871094,54.779998779296875,54.790000915527344,1372,0.0,0.0
2024-10-30 14:12:00-04:00,54.790000915527344,54.900001525878906,54.790000915527344,54.900001525878906,2252,0.0,0.0
2024-10-30 14:13:00-04:00,54.93989944458008,54.93989944458008,54.93989944458008,54.93989944458008,3422,0.0,0.0
2024-10-30 14:15:00-04:00,54.93000030517578,54.93000030517578,54.93000030517578,54.93000030517578,288,0.0,0.0
2024-10-30 14:16:00-04:00,54.93000030517578,54.959999084472656,54.93000030517578,54.959999084472656,982,0.0,0.0
2024-10-30 14:17:00-04:00,54.939998626708984,54.939998626708984,54.90999984741211,54.90999984741211,539,0.0,0.0
2024-10-30 14:18:00-04:00,54.93000030517578,54.93000030517578,54.90999984741211,54.90999984741211,628,0.0,0.0
2024-10-30 14:19:00-04:00,54.95000076293945,54.95000076293945,54.95000076293945,54.95000076293945,467,0.0,0.0
2024-10-30 14:20:00-04:00,54.959999084472656,55.0099983215332,54.88999938964844,54.88999938964844,6183,0.0,0.0
2024-10-30 14:21:00-04:00,54.88100051879883,54.88100051879883,54.88019943237305,54.88019943237305,395,0.0,0.0
2024-10-30 14:22:00-04:00,54.91999816894531,54.948001861572266,54.91999816894531,54.948001861572266,2920,0.0,0.0
2024-10-30 14:25:00-04:00,54.904998779296875,54.915000915527344,54.849998474121094,54.915000915527344,3484,0.0,0.0
2024-10-30 14:28:00-04:00,54.88999938964844,54.91999816894531,54.88999938964844,54.91999816894531,566,0.0,0.0
2024-10-30 14:29:00-04:00,54.92499923706055,54.92499923706055,54.92499923706055,54.92499923706055,265,0.0,0.0
2024-10-30 14:30:00-04:00,54.90999984741211,54.939998626708984,54.90999984741211,54.92499923706055,3173,0.0,0.0
2024-10-30 14:31:00-04:00,54.92499923706055,54.970001220703125,54.92499923706055,54.970001220703125,2075,0.0,0.0
2024-10-30 14:32:00-04:00,54.959999084472656,54.959999084472656,54.939998626708984,54.939998626708984,1296,0.0,0.0
2024-10-30 14:33:00-04:00,54.95000076293945,54.95000076293945,54.95000076293945,54.95000076293945,683,0.0,0.0
2024-10-30 14:34:00-04:00,54.939998626708984,54.939998626708984,54.939998626708984,54.939998626708984,459,0.0,0.0
2024-10-30 14:35:00-04:00,54.95000076293945,54.959999084472656,54.939998626708984,54.959999084472656,504,0.0,0.0
2024-10-30 14:36:00-04:00,54.958499908447266,54.97999954223633,54.939998626708984,54.959999084472656,8005,0.0,0.0
2024-10-30 14:37:00-04:00,54.959999084472656,54.97460174560547,54.959999084472656,54.959999084472656,1145,0.0,0.0
2024-10-30 14:39:00-04:00,54.959999084472656,54.959999084472656,54.959999084472656,54.959999084472656,598,0.0,0.0
2024-10-30 14:40:00-04:00,54.959999084472656,54.9900016784668,54.959999084472656,54.97999954223633,4565,0.0,0.0
2024-10-30 14:41:00-04:00,54.97999954223633,54.9900016784668,54.97999954223633,54.9900016784668,994,0.0,0.0
2024-10-30 14:42:00-04:00,54.9900016784668,55.0099983215332,54.93069839477539,54.939998626708984,10288,0.0,0.0
2024-10-30 14:44:00-04:00,54.970001220703125,54.970001220703125,54.970001220703125,54.970001220703125,1097,0.0,0.0
2024-10-30 14:45:00-04:00,54.97999954223633,54.9900016784668,54.97999954223633,54.9900016784668,2642,0.0,0.0
2024-10-30 14:47:00-04:00,54.97999954223633,55.029998779296875,54.97999954223633,55.012001037597656,19365,0.0,0.0
2024-10-30 14:48:00-04:00,55.0,55.0099983215332,54.959999084472656,55.008399963378906,4484,0.0,0.0
2024-10-30 14:49:00-04:00,54.994998931884766,54.994998931884766,54.994998931884766,54.994998931884766,103,0.0,0.0
2024-10-30 14:50:00-04:00,54.994998931884766,54.994998931884766,54.97999954223633,54.97999954223633,744,0.0,0.0
2024-10-30 14:51:00-04:00,54.97999954223633,54.99330139160156,54.97999954223633,54.99330139160156,408,0.0,0.0
2024-10-30 14:52:00-04:00,54.9900016784668,54.9900016784668,54.970001220703125,54.970001220703125,2604,0.0,0.0
2024-10-30 14:53:00-04:00,54.974998474121094,54.974998474121094,54.95000076293945,54.95000076293945,1088,0.0,0.0
2024-10-30 14:54:00-04:00,54.959999084472656,54.9900016784668,54.959999084472656,54.9900016784668,2694,0.0,0.0
2024-10-30 14:55:00-04:00,54.970001220703125,54.97159957885742,54.959999084472656,54.97159957885742,1454,0.0,0.0
2024-10-30 14:56:00-04:00,54.95000076293945,54.95000076293945,54.93000030517578,54.93000030517578,700,0.0,0.0
2024-10-30 14:57:00-04:00,54.94219970703125,54.94219970703125,54.93000030517578,54.939998626708984,744,0.0,0.0
2024-10-30 14:58:00-04:00,54.93000030517578,54.93000030517578,54.93000030517578,54.93000030517578,923,0.0,0.0
2024-10-30 14:59:00-04:00,54.91999816894531,54.91999816894531,54.849998474121094,54.849998474121094,3328,0.0,0.0
2024-10-30 15:00:00-04:00,54.810001373291016,54.810001373291016,54.800201416015625,54.800201416015625,656,0.0,0.0
2024-10-30 15:01:00-04:00,54.79999923706055,54.79999923706055,54.77000045776367,54.77000045776367,630,0.0,0.0
2024-10-30 15:02:00-04:00,54.7599983215332,54.76499938964844,54.727500915527344,54.76499938964844,3083,0.0,0.0
2024-10-30 15:03:00-04:00,54.689998626708984,54.689998626708984,54.65999984741211,54.65999984741211,1257,0.0,0.0
2024-10-30 15:05:00-04:00,54.68000030517578,54.709999084472656,54.66999816894531,54.709999084472656,964,0.0,0.0
2024-10-30 15:06:00-04:00,54.689998626708984,54.689998626708984,54.68000030517578,54.68000030517578,1014,0.0,0.0
2024-10-30 15:07:00-04:00,54.66999816894531,54.720001220703125,54.66999816894531,54.720001220703125,1629,0.0,0.0
2024-10-30 15:08:00-04:00,54.72999954223633,54.73659896850586,54.72999954223633,54.73659896850586,2372,0.0,0.0
2024-10-30 15:10:00-04:00,54.75,54.76029968261719,54.75,54.76029968261719,560,0.0,0.0
2024-10-30 15:11:00-04:00,54.77000045776367,54.791099548339844,54.75,54.78499984741211,5048,0.0,0.0
2024-10-30 15:12:00-04:00,54.79999923706055,54.810001373291016,54.79999923706055,54.810001373291016,1209,0.0,0.0
2024-10-30 15:13:00-04:00,54.81999969482422,54.84000015258789,54.81999969482422,54.84000015258789,1923,0.0,0.0
2024-10-30 15:15:00-04:00,54.86000061035156,54.869998931884766,54.86000061035156,54.869998931884766,874,0.0,0.0
2024-10-30 15:16:00-04:00,54.8650016784668,54.8650016784668,54.810001373291016,54.810001373291016,4243,0.0,0.0
2024-10-30 15:18:00-04:00,54.79999923706055,54.79999923706055,54.75,54.75,1513,0.0,0.0
2024-10-30 15:19:00-04:00,54.755001068115234,54.77370071411133,54.755001068115234,54.77000045776367,2674,0.0,0.0
2024-10-30 15:20:00-04:00,54.77000045776367,54.77000045776367,54.75,54.75,1819,0.0,0.0
2024-10-30 15:21:00-04:00,54.72999954223633,54.72999954223633,54.709999084472656,54.71689987182617,1401,0.0,0.0
2024-10-30 15:22:00-04:00,54.70000076293945,54.70000076293945,54.67499923706055,54.67499923706055,1328,0.0,0.0
2024-10-30 15:23:00-04:00,54.65999984741211,54.65999984741211,54.619998931884766,54.619998931884766,2275,0.0,0.0
2024-10-30 15:24:00-04:00,54.619998931884766,54.619998931884766,54.56999969482422,54.5994987487793,1646,0.0,0.0
2024-10-30 15:25:00-04:00,54.599998474121094,54.599998474121094,54.57160186767578,54.599998474121094,3496,0.0,0.0
2024-10-30 15:26:00-04:00,54.619998931884766,54.650001525878906,54.619998931884766,54.650001525878906,2402,0.0,0.0
2024-10-30 15:27:00-04:00,54.65999984741211,54.66999816894531,54.65999984741211,54.66999816894531,1529,0.0,0.0
2024-10-30 15:28:00-04:00,54.689998626708984,54.720001220703125,54.689998626708984,54.720001220703125,2460,0.0,0.0
2024-10-30 15:29:00-04:00,54.72999954223633,54.72999954223633,54.72999954223633,54.72999954223633,885,0.0,0.0
2024-10-30 15:30:00-04:00,54.720001220703125,54.720001220703125,54.685001373291016,54.685001373291016,2553,0.0,0.0
2024-10-30 15:31:00-04:00,54.709999084472656,54.795501708984375,54.709999084472656,54.795501708984375,2317,0.0,0.0
2024-10-30 15:32:00-04:00,54.775001525878906,54.79439926147461,54.775001525878906,54.79199981689453,824,0.0,0.0
2024-10-30 15:33:00-04:00,54.775001525878906,54.775001525878906,54.775001525878906,54.775001525878906,835,0.0,0.0
2024-10-30 15:34:00-04:00,54.77000045776367,54.77000045776367,54.75,54.75,2511,0.0,0.0
2024-10-30 15:35:00-04:00,54.68000030517578,54.68000030517578,54.65999984741211,54.65999984741211,1726,0.0,0.0
2024-10-30 15:36:00-04:00,54.619998931884766,54.625,54.584999084472656,54.625,4242,0.0,0.0
2024-10-30 15:37:00-04:00,54.625,54.66999816894531,54.625,54.66999816894531,2926,0.0,0.0
2024-10-30 15:38:00-04:00,54.6875,54.720001220703125,54.6875,54.720001220703125,1584,0.0,0.0
2024-10-30 15:39:00-04:00,54.72999954223633,54.7599983215332,54.72999954223633,54.7599983215332,2372,0.0,0.0
2024-10-30 15:40:00-04:00,54.779998779296875,54.779998779296875,54.779998779296875,54.779998779296875,261,0.0,0.0
2024-10-30 15:41:00-04:00,54.77000045776367,54.86000061035156,54.77000045776367,54.86000061035156,3765,0.0,0.0
2024-10-30 15:42:00-04:00,54.849998474121094,54.849998474121094,54.79999923706055,54.814998626708984,3846,0.0,0.0
2024-10-30 15:43:00-04:00,54.81999969482422,54.834999084472656,54.81999969482422,54.83000183105469,3232,0.0,0.0
2024-10-30 15:44:00-04:00,54.81999969482422,54.82500076293945,54.790000915527344,54.790000915527344,2351,0.0,0.0
2024-10-30 15:45:00-04:00,54.810001373291016,54.810001373291016,54.79999923706055,54.810001373291016,1805,0.0,0.0
2024-10-30 15:46:00-04:00,54.80500030517578,54.81999969482422,54.80500030517578,54.81999969482422,2456,0.0,0.0
2024-10-30 15:47:00-04:00,54.79999923706055,54.83000183105469,54.79999923706055,54.83000183105469,3109,0.0,0.0
2024-10-30 15:48:00-04:00,54.81999969482422,54.81999969482422,54.7599983215332,54.77000045776367,4761,0.0,0.0
2024-10-30 15:49:00-04:00,54.77000045776367,54.81999969482422,54.77000045776367,54.81999969482422,2641,0.0,0.0
2024-10-30 15:50:00-04:00,54.83000183105469,54.84000015258789,54.79999923706055,54.81999969482422,9930,0.0,0.0
2024-10-30 15:51:00-04:00,54.834999084472656,54.88999938964844,54.79999923706055,54.88999938964844,4227,0.0,0.0
2024-10-30 15:52:00-04:00,54.900001525878906,54.900001525878906,54.79999923706055,54.79999923706055,6504,0.0,0.0
2024-10-30 15:53:00-04:00,54.779998779296875,54.790000915527344,54.689998626708984,54.720001220703125,11559,0.0,0.0
2024-10-30 15:54:00-04:00,54.75,54.75,54.709999084472656,54.75,4998,0.0,0.0
2024-10-30 15:55:00-04:00,54.7400016784668,54.75,54.599998474121094,54.599998474121094,13605,0.0,0.0
2024-10-30 15:56:00-04:00,54.60020065307617,54.630001068115234,54.56999969482422,54.56999969482422,9906,0.0,0.0
2024-10-30 15:57:00-04:00,54.560001373291016,54.58000183105469,54.5,54.5,13666,0.0,0.0
2024-10-30 15:58:00-04:00,54.505001068115234,54.52000045776367,54.459999084472656,54.52000045776367,25699,0.0,0.0
2024-10-30 15:59:00-04:00,54.5099983215332,54.619998931884766,54.5099983215332,54.61000061035156,25810,0.0,0.0
2024-10-31 09:30:00-04:00,54.5,54.5,54.41999816894531,54.41999816894531,11405,0.0,0.0
2024-10-31 09:31:00-04:00,54.404998779296875,54.407501220703125,54.404998779296875,54.40700149536133,807,0.0,0.0
2024-10-31 09:32:00-04:00,54.2599983215332,54.27000045776367,54.2599983215332,54.27000045776367,1175,0.0,0.0
2024-10-31 09:33:00-04:00,54.40999984741211,54.40999984741211,54.279998779296875,54.32500076293945,1189,0.0,0.0
2024-10-31 09:34:00-04:00,54.41999816894531,54.689998626708984,54.36000061035156,54.62689971923828,3707,0.0,0.0
2024-10-31 09:36:00-04:00,54.88990020751953,54.88990020751953,54.736000061035156,54.779998779296875,1900,0.0,0.0
2024-10-31 09:37:00-04:00,54.88999938964844,54.88999938964844,54.88999938964844,54.88999938964844,612,0.0,0.0
2024-10-31 09:38:00-04:00,54.91999816894531,54.91999816894531,54.70500183105469,54.70500183105469,1602,0.0,0.0
2024-10-31 09:39:00-04:00,54.67470169067383,54.82440185546875,54.67470169067383,54.82440185546875,611,0.0,0.0
2024-10-31 09:40:00-04:00,54.83000183105469,54.84000015258789,54.810001373291016,54.810001373291016,887,0.0,0.0
2024-10-31 09:41:00-04:00,54.81999969482422,54.81999969482422,54.810001373291016,54.810001373291016,2615,0.0,0.0
2024-10-31 09:42:00-04:00,54.69499969482422,54.83000183105469,54.69499969482422,54.83000183105469,510,0.0,0.0
2024-10-31 09:43:00-04:00,54.837501525878906,54.837501525878906,54.720001220703125,54.7400016784668,986,0.0,0.0
2024-10-31 09:44:00-04:00,54.849998474121094,54.869998931884766,54.810001373291016,54.810001373291016,1189,0.0,0.0
2024-10-31 09:45:00-04:00,54.814998626708984,54.81999969482422,54.814998626708984,54.81999969482422,853,0.0,0.0
2024-10-31 09:47:00-04:00,54.59000015258789,54.59000015258789,54.59000015258789,54.59000015258789,2093,0.0,0.0
2024-10-31 09:49:00-04:00,54.45000076293945,54.529998779296875,54.45000076293945,54.529998779296875,993,0.0,0.0
2024-10-31 09:53:00-04:00,54.584999084472656,54.584999084472656,54.584999084472656,54.584999084472656,14147,0.0,0.0
2024-10-31 09:54:00-04:00,54.63999938964844,54.709999084472656,54.63999938964844,54.709999084472656,5158,0.0,0.0
2024-10-31 09:55:00-04:00,54.7599983215332,54.7599983215332,54.69499969482422,54.69499969482422,895,0.0,0.0
2024-10-31 09:56:00-04:00,54.70000076293945,54.70000076293945,54.70000076293945,54.70000076293945,545,0.0,0.0
2024-10-31 09:57:00-04:00,54.7599983215332,54.7599983215332,54.70249938964844,54.70249938964844,505,0.0,0.0
2024-10-31 09:58:00-04:00,54.689998626708984,54.790000915527344,54.665000915527344,54.665000915527344,6590,0.0,0.0
2024-10-31 09:59:00-04:00,54.650001525878906,54.79999923706055,54.650001525878906,54.779998779296875,4524,0.0,0.0
2024-10-31 10:00:00-04:00,54.79600143432617,54.79600143432617,54.73500061035156,54.73500061035156,761,0.0,0.0
2024-10-31 10:01:00-04:00,54.7400016784668,54.7400016784668,54.7400016784668,54.7400016784668,760,0.0,0.0
2024-10-31 10:02:00-04:00,54.68000030517578,54.709999084472656,54.625,54.709999084472656,2891,0.0,0.0
2024-10-31 10:03:00-04:00,54.6349983215332,54.6349983215332,54.599998474121094,54.599998474121094,934,0.0,0.0
2024-10-31 10:04:00-04:00,54.529998779296875,54.58000183105469,54.5,54.58000183105469,5348,0.0,0.0
2024-10-31 10:05:00-04:00,54.59000015258789,54.59000015258789,54.43000030517578,54.43000030517578,4115,0.0,0.0
2024-10-31 10:06:00-04:00,54.47999954223633,54.47999954223633,54.470001220703125,54.470001220703125,1690,0.0,0.0
2024-10-31 10:07:00-04:00,54.43000030517578,54.43000030517578,54.43000030517578,54.43000030517578,617,0.0,0.0
2024-10-31 10:08:00-04:00,54.43000030517578,54.459999084472656,54.349998474121094,54.380001068115234,6433,0.0,0.0
2024-10-31 10:09:00-04:00,54.439998626708984,54.439998626708984,54.439998626708984,54.439998626708984,867,0.0,0.0
2024-10-31 10:10:00-04:00,54.459999084472656,54.47999954223633,54.44200134277344,54.47999954223633,2349,0.0,0.0
2024-10-31 10:11:00-04:00,54.439998626708984,54.439998626708984,54.36000061035156,54.36000061035156,3660,0.0,0.0
2024-10-31 10:12:00-04:00,54.43000030517578,54.43000030517578,54.27000045776367,54.27000045776367,2174,0.0,0.0
2024-10-31 10:13:00-04:00,54.209999084472656,54.244998931884766,54.12900161743164,54.244998931884766,2356,0.0,0.0
2024-10-31 10:14:00-04:00,54.20000076293945,54.20500183105469,54.20000076293945,54.20000076293945,1867,0.0,0.0
2024-10-31 10:15:00-04:00,54.290000915527344,54.290000915527344,54.224998474121094,54.224998474121094,1324,0.0,0.0
2024-10-31 10:16:00-04:00,54.16999816894531,54.22999954223633,54.16999816894531,54.224998474121094,3531,0.0,0.0
2024-10-31 10:17:00-04:00,54.349998474121094,54.375,54.310001373291016,54.375,680,0.0,0.0
2024-10-31 10:18:00-04:00,54.368499755859375,54.368499755859375,54.368499755859375,54.368499755859375,382,0.0,0.0
2024-10-31 10:19:00-04:00,54.313499450683594,54.369998931884766,54.30500030517578,54.369998931884766,462,0.0,0.0
2024-10-31 10:20:00-04:00,54.2400016784668,54.2400016784668,54.2400016784668,54.2400016784668,808,0.0,0.0
2024-10-31 10:22:00-04:00,54.27000045776367,54.37009811401367,54.2400016784668,54.37009811401367,1157,0.0,0.0
2024-10-31 10:23:00-04:00,54.2400016784668,54.349998474121094,54.2400016784668,54.349998474121094,1734,0.0,0.0
2024-10-31 10:24:00-04:00,54.29499816894531,54.29499816894531,54.22999954223633,54.244998931884766,752,0.0,0.0
2024-10-31 10:25:00-04:00,54.220001220703125,54.220001220703125,54.150001525878906,54.150001525878906,1462,0.0,0.0
2024-10-31 10:26:00-04:00,54.119998931884766,54.119998931884766,54.119998931884766,54.119998931884766,157,0.0,0.0
2024-10-31 10:27:00-04:00,54.119998931884766,54.22999954223633,54.119998931884766,54.19499969482422,1426,0.0,0.0
2024-10-31 10:28:00-04:00,54.19499969482422,54.22999954223633,54.19499969482422,54.220001220703125,1079,0.0,0.0
2024-10-31 10:29:00-04:00,54.17100143432617,54.17100143432617,54.17100143432617,54.17100143432617,1530,0.0,0.0
2024-10-31 10:30:00-04:00,54.0099983215332,54.029998779296875,53.900001525878906,53.970001220703125,12199,0.0,0.0
2024-10-31 10:31:00-04:00,53.9015998840332,54.04999923706055,53.9015998840332,54.029998779296875,2168,0.0,0.0
2024-10-31 10:32:00-04:00,54.08000183105469,54.08000183105469,53.994998931884766,53.994998931884766,953,0.0,0.0
2024-10-31 10:33:00-04:00,53.97999954223633,53.97999954223633,53.97999954223633,53.97999954223633,232,0.0,0.0
2024-10-31 10:34:00-04:00,53.91999816894531,53.91999816894531,53.85319900512695,53.85319900512695,1437,0.0,0.0
2024-10-31 10:35:00-04:00,53.89500045776367,53.89500045776367,53.826900482177734,53.826900482177734,970,0.0,0.0
2024-10-31 10:36:00-04:00,53.86000061035156,53.86000061035156,53.849998474121094,53.849998474121094,1035,0.0,0.0
2024-10-31 10:37:00-04:00,53.79999923706055,53.81999969482422,53.79999923706055,53.81999969482422,728,0.0,0.0
2024-10-31 10:38:00-04:00,53.775001525878906,53.81999969482422,53.775001525878906,53.81999969482422,732,0.0,0.0
2024-10-31 10:40:00-04:00,53.81999969482422,54.029998779296875,53.81999969482422,54.029998779296875,3917,0.0,0.0
2024-10-31 10:41:00-04:00,53.93000030517578,53.93000030517578,53.93000030517578,53.93000030517578,122,0.0,0.0
2024-10-31 10:42:00-04:00,53.93000030517578,53.93000030517578,53.900001525878906,53.900001525878906,557,0.0,0.0
2024-10-31 10:43:00-04:00,53.91400146484375,53.95000076293945,53.91400146484375,53.9375,1492,0.0,0.0
2024-10-31 10:44:00-04:00,53.92409896850586,53.92409896850586,53.91999816894531,53.91999816894531,848,0.0,0.0
2024-10-31 10:45:00-04:00,53.869998931884766,53.935001373291016,53.8650016784668,53.8650016784668,1468,0.0,0.0
2024-10-31 10:46:00-04:00,53.8650016784668,53.90999984741211,53.8650016784668,53.90999984741211,381,0.0,0.0
2024-10-31 10:47:00-04:00,53.849998474121094,53.849998474121094,53.849998474121094,53.849998474121094,737,0.0,0.0
2024-10-31 10:48:00-04:00,53.869998931884766,53.869998931884766,53.84000015258789,53.84000015258789,358,0.0,0.0
2024-10-31 10:49:00-04:00,53.869998931884766,53.869998931884766,53.849998474121094,53.849998474121094,454,0.0,0.0
2024-10-31 10:50:00-04:00,53.790000915527344,53.790000915527344,53.76750183105469,53.76750183105469,5406,0.0,0.0
2024-10-31 10:51:00-04:00,53.7400016784668,53.84000015258789,53.7400016784668,53.82500076293945,2413,0.0,0.0
2024-10-31 10:52:00-04:00,53.82500076293945,53.82500076293945,53.755001068115234,53.755001068115234,1428,0.0,0.0
2024-10-31 10:53:00-04:00,53.77000045776367,53.9099006652832,53.77000045776367,53.86000061035156,2107,0.0,0.0
2024-10-31 10:54:00-04:00,53.86000061035156,53.869998931884766,53.83000183105469,53.845001220703125,1411,0.0,0.0
2024-10-31 10:55:00-04:00,53.849998474121094,53.849998474121094,53.80500030517578,53.810001373291016,2820,0.0,0.0
2024-10-31 10:56:00-04:00,53.80500030517578,53.849998474121094,53.80500030517578,53.83000183105469,1882,0.0,0.0
2024-10-31 10:57:00-04:00,53.83000183105469,53.83000183105469,53.82500076293945,53.82500076293945,607,0.0,0.0
2024-10-31 10:58:00-04:00,53.83000183105469,53.83000183105469,53.83000183105469,53.83000183105469,450,0.0,0.0
2024-10-31 10:59:00-04:00,53.86840057373047,53.86840057373047,53.810001373291016,53.82500076293945,897,0.0,0.0
2024-10-31 11:00:00-04:00,53.779998779296875,53.79999923706055,53.775001525878906,53.79499816894531,2433,0.0,0.0
2024-10-31 11:01:00-04:00,53.83000183105469,53.83000183105469,53.78499984741211,53.805198669433594,1662,0.0,0.0
2024-10-31 11:02:00-04:00,53.814998626708984,53.814998626708984,53.814998626708984,53.814998626708984,708,0.0,0.0
2024-10-31 11:03:00-04:00,53.814998626708984,53.814998626708984,53.814998626708984,53.814998626708984,287,0.0,0.0
2024-10-31 11:04:00-04:00,53.810001373291016,53.814998626708984,53.810001373291016,53.814998626708984,1979,0.0,0.0
2024-10-31 11:05:00-04:00,53.814998626708984,53.84000015258789,53.76499938964844,53.76499938964844,3214,0.0,0.0
2024-10-31 11:06:00-04:00,53.779998779296875,53.790000915527344,53.77000045776367,53.77000045776367,1615,0.0,0.0
2024-10-31 11:07:00-04:00,53.77000045776367,53.900001525878906,53.77000045776367,53.900001525878906,3072,0.0,0.0
2024-10-31 11:08:00-04:00,53.93000030517578,53.93000030517578,53.81999969482422,53.83000183105469,1662,0.0,0.0
2024-10-31 11:09:00-04:00,53.83000183105469,53.84000015258789,53.80500030517578,53.80500030517578,827,0.0,0.0
2024-10-31 11:10:00-04:00,53.79999923706055,53.79999923706055,53.78499984741211,53.78499984741211,928,0.0,0.0
2024-10-31 11:11:00-04:00,53.79999923706055,53.79999923706055,53.77000045776367,53.77000045776367,1636,0.0,0.0
2024-10-31 11:12:00-04:00,53.77000045776367,53.783599853515625,53.76499938964844,53.76499938964844,1051,0.0,0.0
2024-10-31 11:13:00-04:00,53.76499938964844,53.76499938964844,53.6875,53.720001220703125,3334,0.0,0.0
2024-10-31 11:14:00-04:00,53.73500061035156,53.73500061035156,53.72999954223633,53.72999954223633,505,0.0,0.0
2024-10-31 11:15:00-04:00,53.689998626708984,53.724998474121094,53.689998626708984,53.724998474121094,650,0.0,0.0
2024-10-31 11:16:00-04:00,53.689998626708984,53.69499969482422,53.650001525878906,53.650001525878906,2251,0.0,0.0
2024-10-31 11:17:00-04:00,53.630001068115234,53.709999084472656,53.630001068115234,53.65999984741211,2268,0.0,0.0
2024-10-31 11:18:00-04:00,53.720001220703125,53.779998779296875,53.709999084472656,53.75,2558,0.0,0.0
2024-10-31 11:19:00-04:00,53.7599983215332,53.799598693847656,53.744998931884766,53.744998931884766,1823,0.0,0.0
2024-10-31 11:20:00-04:00,53.70000076293945,53.709999084472656,53.70000076293945,53.70000076293945,1178,0.0,0.0
2024-10-31 11:21:00-04:00,53.7400016784668,53.900001525878906,53.7400016784668,53.900001525878906,3549,0.0,0.0
2024-10-31 11:22:00-04:00,53.897300720214844,53.897300720214844,53.849998474121094,53.880001068115234,655,0.0,0.0
2024-10-31 11:23:00-04:00,53.88750076293945,53.904598236083984,53.86000061035156,53.86000061035156,1457,0.0,0.0
2024-10-31 11:24:00-04:00,53.900001525878906,53.900001525878906,53.849998474121094,53.849998474121094,2236,0.0,0.0
2024-10-31 11:25:00-04:00,53.81999969482422,53.81999969482422,53.810001373291016,53.81999969482422,1364,0.0,0.0
2024-10-31 11:26:00-04:00,53.81999969482422,53.86000061035156,53.81999969482422,53.86000061035156,1755,0.0,0.0
2024-10-31 11:27:00-04:00,53.93000030517578,53.93000030517578,53.93000030517578,53.93000030517578,327,0.0,0.0
2024-10-31 11:28:00-04:00,53.85499954223633,53.86000061035156,53.85499954223633,53.86000061035156,1622,0.0,0.0
2024-10-31 11:30:00-04:00,53.86000061035156,53.88999938964844,53.86000061035156,53.88999938964844,1215,0.0,0.0
2024-10-31 11:31:00-04:00,53.88399887084961,53.88399887084961,53.849998474121094,53.85499954223633,999,0.0,0.0
2024-10-31 11:32:00-04:00,53.88999938964844,53.939998626708984,53.850101470947266,53.939998626708984,2309,0.0,0.0
2024-10-31 11:33:00-04:00,53.8849983215332,53.90999984741211,53.880001068115234,53.904998779296875,1637,0.0,0.0
2024-10-31 11:35:00-04:00,53.93000030517578,53.93989944458008,53.91999816894531,53.93989944458008,938,0.0,0.0
2024-10-31 11:36:00-04:00,53.91999816894531,53.93000030517578,53.91999816894531,53.91999816894531,914,0.0,0.0
2024-10-31 11:37:00-04:00,53.91999816894531,53.939998626708984,53.89500045776367,53.89500045776367,4546,0.0,0.0
2024-10-31 11:38:00-04:00,53.89500045776367,53.89500045776367,53.88999938964844,53.88999938964844,1214,0.0,0.0
2024-10-31 11:39:00-04:00,53.869998931884766,53.869998931884766,53.82500076293945,53.82500076293945,930,0.0,0.0
2024-10-31 11:40:00-04:00,53.79999923706055,53.79999923706055,53.79999923706055,53.79999923706055,1323,0.0,0.0
2024-10-31 11:41:00-04:00,53.779998779296875,53.779998779296875,53.779998779296875,53.779998779296875,280,0.0,0.0
2024-10-31 11:42:00-04:00,53.73500061035156,53.73500061035156,53.73500061035156,53.73500061035156,452,0.0,0.0
2024-10-31 11:43:00-04:00,53.73749923706055,53.73749923706055,53.72119903564453,53.72119903564453,1123,0.0,0.0
2024-10-31 11:44:00-04:00,53.73749923706055,53.81999969482422,53.73749923706055,53.81999969482422,2002,0.0,0.0
2024-10-31 11:45:00-04:00,53.84000015258789,53.849998474121094,53.81999969482422,53.81999969482422,963,0.0,0.0
2024-10-31 11:46:00-04:00,53.814998626708984,53.814998626708984,53.814998626708984,53.814998626708984,1281,0.0,0.0
2024-10-31 11:48:00-04:00,53.779998779296875,53.779998779296875,53.779998779296875,53.779998779296875,567,0.0,0.0
2024-10-31 11:49:00-04:00,53.790000915527344,53.790000915527344,53.72999954223633,53.72999954223633,932,0.0,0.0
2024-10-31 11:50:00-04:00,53.720001220703125,53.720001220703125,53.720001220703125,53.720001220703125,899,0.0,0.0
2024-10-31 11:51:00-04:00,53.69499969482422,53.69499969482422,53.69499969482422,53.69499969482422,603,0.0,0.0
2024-10-31 11:52:00-04:00,53.65999984741211,53.709999084472656,53.65999984741211,53.705299377441406,2244,0.0,0.0
2024-10-31 11:53:00-04:00,53.70389938354492,53.75,53.70389938354492,53.727500915527344,1313,0.0,0.0
2024-10-31 11:54:00-04:00,53.68000030517578,53.68000030517578,53.66999816894531,53.66999816894531,529,0.0,0.0
2024-10-31 11:55:00-04:00,53.709999084472656,53.709999084472656,53.63010025024414,53.66999816894531,3112,0.0,0.0
2024-10-31 11:56:00-04:00,53.650001525878906,53.650001525878906,53.61000061035156,53.61000061035156,2643,0.0,0.0
2024-10-31 11:57:00-04:00,53.58000183105469,53.595001220703125,53.58000183105469,53.58000183105469,951,0.0,0.0
2024-10-31 11:58:00-04:00,53.61000061035156,53.61000061035156,53.54999923706055,53.54999923706055,1960,0.0,0.0
2024-10-31 11:59:00-04:00,53.53499984741211,53.599998474121094,53.53499984741211,53.53499984741211,2004,0.0,0.0
2024-10-31 12:00:00-04:00,53.57500076293945,53.57500076293945,53.564998626708984,53.564998626708984,1427,0.0,0.0
2024-10-31 12:01:00-04:00,53.564998626708984,53.65999984741211,53.564998626708984,53.65999984741211,2024,0.0,0.0
2024-10-31 12:03:00-04:00,53.59000015258789,53.59000015258789,53.59000015258789,53.59000015258789,2033,0.0,0.0
2024-10-31 12:04:00-04:00,53.60499954223633,53.60499954223633,53.60499954223633,53.60499954223633,112,0.0,0.0
2024-10-31 12:05:00-04:00,53.60499954223633,53.7599983215332,53.60499954223633,53.72999954223633,2747,0.0,0.0
2024-10-31 12:06:00-04:00,53.724998474121094,53.7599983215332,53.709999084472656,53.7599983215332,843,0.0,0.0
2024-10-31 12:07:00-04:00,53.779998779296875,53.779998779296875,53.744998931884766,53.744998931884766,429,0.0,0.0
2024-10-31 12:08:00-04:00,53.790000915527344,53.810001373291016,53.790000915527344,53.810001373291016,1323,0.0,0.0
2024-10-31 12:11:00-04:00,53.689998626708984,53.709999084472656,53.689998626708984,53.709999084472656,4502,0.0,0.0
2024-10-31 12:12:00-04:00,53.709999084472656,53.790000915527344,53.709999084472656,53.790000915527344,480,0.0,0.0
2024-10-31 12:13:00-04:00,53.779998779296875,53.83000183105469,53.775001525878906,53.83000183105469,858,0.0,0.0
2024-10-31 12:14:00-04:00,53.83000183105469,53.83000183105469,53.790000915527344,53.790000915527344,1389,0.0,0.0
2024-10-31 12:15:00-04:00,53.790000915527344,53.86000061035156,53.790000915527344,53.86000061035156,1862,0.0,0.0
2024-10-31 12:17:00-04:00,53.814998626708984,53.939998626708984,53.814998626708984,53.900001525878906,2134,0.0,0.0
2024-10-31 12:18:00-04:00,53.939998626708984,54.040000915527344,53.900001525878906,54.040000915527344,2860,0.0,0.0
2024-10-31 12:19:00-04:00,54.029998779296875,54.04999923706055,54.0,54.03499984741211,3819,0.0,0.0
2024-10-31 12:20:00-04:00,54.03499984741211,54.03499984741211,54.012001037597656,54.012001037597656,488,0.0,0.0
2024-10-31 12:21:00-04:00,54.029998779296875,54.029998779296875,54.029998779296875,54.029998779296875,1017,0.0,0.0
2024-10-31 12:22:00-04:00,54.029998779296875,54.04999923706055,54.029998779296875,54.04999923706055,1030,0.0,0.0
2024-10-31 12:23:00-04:00,54.06999969482422,54.209999084472656,54.04999923706055,54.209999084472656,6702,0.0,0.0
2024-10-31 12:24:00-04:00,54.15999984741211,54.15999984741211,54.125,54.125,1538,0.0,0.0
2024-10-31 12:26:00-04:00,54.040000915527344,54.040000915527344,54.040000915527344,54.040000915527344,3292,0.0,0.0
2024-10-31 12:27:00-04:00,54.03499984741211,54.040000915527344,54.03499984741211,54.040000915527344,647,0.0,0.0
2024-10-31 12:28:00-04:00,54.02000045776367,54.03499984741211,54.02000045776367,54.03499984741211,750,0.0,0.0
2024-10-31 12:29:00-04:00,54.03499984741211,54.09000015258789,54.03499984741211,54.084999084472656,1649,0.0,0.0
2024-10-31 12:32:00-04:00,54.040000915527344,54.08000183105469,54.040000915527344,54.08000183105469,793,0.0,0.0
2024-10-31 12:33:00-04:00,54.09000015258789,54.09000015258789,54.09000015258789,54.09000015258789,251,0.0,0.0
2024-10-31 12:34:00-04:00,54.07500076293945,54.07500076293945,54.07500076293945,54.07500076293945,366,0.0,0.0
2024-10-31 12:35:00-04:00,54.040000915527344,54.040000915527344,53.9900016784668,54.0,1974,0.0,0.0
2024-10-31 12:36:00-04:00,54.0,54.0,54.0,54.0,703,0.0,0.0
2024-10-31 12:37:00-04:00,53.994998931884766,53.994998931884766,53.994998931884766,53.994998931884766,499,0.0,0.0
2024-10-31 12:38:00-04:00,54.02000045776367,54.02000045776367,54.02000045776367,54.02000045776367,596,0.0,0.0
2024-10-31 12:39:00-04:00,53.98500061035156,53.98500061035156,53.98500061035156,53.98500061035156,426,0.0,0.0
2024-10-31 12:40:00-04:00,53.9900016784668,54.02000045776367,53.98500061035156,54.02000045776367,899,0.0,0.0
2024-10-31 12:42:00-04:00,53.98500061035156,53.98500061035156,53.98500061035156,53.98500061035156,1085,0.0,0.0
2024-10-31 12:43:00-04:00,53.98500061035156,54.0,53.974998474121094,54.0,1415,0.0,0.0
2024-10-31 12:44:00-04:00,53.98500061035156,54.060001373291016,53.98500061035156,54.0099983215332,2169,0.0,0.0
2024-10-31 12:45:00-04:00,54.0099983215332,54.0099983215332,54.0099983215332,54.0099983215332,342,0.0,0.0
2024-10-31 12:47:00-04:00,54.04990005493164,54.04999923706055,54.04990005493164,54.04999923706055,421,0.0,0.0
2024-10-31 12:48:00-04:00,54.04999923706055,54.04999923706055,54.04999923706055,54.04999923706055,860,0.0,0.0
2024-10-31 12:49:00-04:00,54.040000915527344,54.040000915527344,54.040000915527344,54.040000915527344,351,0.0,0.0
2024-10-31 12:50:00-04:00,54.03499984741211,54.040000915527344,54.03499984741211,54.040000915527344,846,0.0,0.0
2024-10-31 12:52:00-04:00,54.040000915527344,54.060001373291016,54.040000915527344,54.060001373291016,1098,0.0,0.0
2024-10-31 12:53:00-04:00,54.06999969482422,54.10499954223633,54.06999969482422,54.06999969482422,1465,0.0,0.0
2024-10-31 12:54:00-04:00,54.11000061035156,54.14500045776367,54.11000061035156,54.14500045776367,1312,0.0,0.0
2024-10-31 12:55:00-04:00,54.099998474121094,54.150001525878906,54.099998474121094,54.150001525878906,4904,0.0,0.0
2024-10-31 12:56:00-04:00,54.130001068115234,54.130001068115234,54.11000061035156,54.11000061035156,661,0.0,0.0
2024-10-31 12:57:00-04:00,54.14609909057617,54.14609909057617,54.11000061035156,54.13999938964844,3241,0.0,0.0
2024-10-31 12:59:00-04:00,54.099998474121094,54.099998474121094,54.08000183105469,54.09000015258789,1684,0.0,0.0
2024-10-31 13:00:00-04:00,54.07809829711914,54.07809829711914,54.04499816894531,54.06999969482422,2552,0.0,0.0
2024-10-31 13:02:00-04:00,54.08000183105469,54.119998931884766,54.08000183105469,54.119998931884766,3785,0.0,0.0
2024-10-31 13:03:00-04:00,54.130001068115234,54.130001068115234,54.119998931884766,54.119998931884766,899,0.0,0.0
2024-10-31 13:04:00-04:00,54.15999984741211,54.15999984741211,54.15999984741211,54.15999984741211,316,0.0,0.0
2024-10-31 13:05:00-04:00,54.15999984741211,54.18000030517578,54.15999984741211,54.18000030517578,1119,0.0,0.0
2024-10-31 13:06:00-04:00,54.13999938964844,54.20000076293945,54.13999938964844,54.20000076293945,1574,0.0,0.0
2024-10-31 13:08:00-04:00,54.14500045776367,54.14500045776367,54.14500045776367,54.14500045776367,301,0.0,0.0
2024-10-31 13:09:00-04:00,54.20000076293945,54.2400016784668,54.20000076293945,54.220001220703125,1579,0.0,0.0
2024-10-31 13:10:00-04:00,54.27000045776367,54.27000045776367,54.27000045776367,54.27000045776367,651,0.0,0.0
2024-10-31 13:11:00-04:00,54.2599983215332,54.2599983215332,54.2599983215332,54.2599983215332,341,0.0,0.0
2024-10-31 13:12:00-04:00,54.22999954223633,54.22999954223633,54.16999816894531,54.16999816894531,1882,0.0,0.0
2024-10-31 13:13:00-04:00,54.189998626708984,54.220001220703125,54.140098571777344,54.140098571777344,935,0.0,0.0
2024-10-31 13:15:00-04:00,54.20000076293945,54.20000076293945,54.16400146484375,54.16400146484375,602,0.0,0.0
2024-10-31 13:16:00-04:00,54.20000076293945,54.20000076293945,54.20000076293945,54.20000076293945,286,0.0,0.0
2024-10-31 13:17:00-04:00,54.20000076293945,54.21379852294922,54.20000076293945,54.21379852294922,1669,0.0,0.0
2024-10-31 13:19:00-04:00,54.220001220703125,54.22999954223633,54.220001220703125,54.22999954223633,636,0.0,0.0
2024-10-31 13:20:00-04:00,54.22999954223633,54.25,54.22999954223633,54.25,1872,0.0,0.0
2024-10-31 13:22:00-04:00,54.25,54.26499938964844,54.25,54.26499938964844,491,0.0,0.0
2024-10-31 13:24:00-04:00,54.27000045776367,54.27000045776367,54.194000244140625,54.23500061035156,1268,0.0,0.0
2024-10-31 13:25:00-04:00,54.279998779296875,54.279998779296875,54.27000045776367,54.27000045776367,230,0.0,0.0
2024-10-31 13:26:00-04:00,54.25,54.255001068115234,54.165000915527344,54.165000915527344,2213,0.0,0.0
2024-10-31 13:27:00-04:00,54.15999984741211,54.15999984741211,54.15999984741211,54.15999984741211,477,0.0,0.0
2024-10-31 13:28:00-04:00,54.150001525878906,54.150001525878906,54.150001525878906,54.150001525878906,359,0.0,0.0
2024-10-31 13:29:00-04:00,54.13999938964844,54.13999938964844,54.11000061035156,54.130001068115234,1067,0.0,0.0
2024-10-31 13:31:00-04:00,54.130001068115234,54.130001068115234,54.130001068115234,54.130001068115234,159,0.0,0.0
2024-10-31 13:32:00-04:00,54.06399917602539,54.06399917602539,53.9900016784668,53.9900016784668,3400,0.0,0.0
2024-10-31 13:33:00-04:00,53.9900016784668,53.9900016784668,53.9900016784668,53.9900016784668,225,0.0,0.0
2024-10-31 13:34:00-04:00,54.0,54.029998779296875,53.9900016784668,54.02000045776367,1600,0.0,0.0
2024-10-31 13:35:00-04:00,53.994998931884766,53.994998931884766,53.95000076293945,53.994998931884766,631,0.0,0.0
2024-10-31 13:36:00-04:00,53.9900016784668,53.9900016784668,53.9900016784668,53.9900016784668,452,0.0,0.0
2024-10-31 13:37:00-04:00,53.95500183105469,53.95500183105469,53.95500183105469,53.95500183105469,354,0.0,0.0
2024-10-31 13:38:00-04:00,53.95000076293945,54.0,53.95000076293945,54.0,644,0.0,0.0
2024-10-31 13:39:00-04:00,53.9900016784668,53.9900016784668,53.9900016784668,53.9900016784668,113,0.0,0.0
2024-10-31 13:40:00-04:00,53.970001220703125,54.029998779296875,53.970001220703125,53.994998931884766,2466,0.0,0.0
2024-10-31 13:41:00-04:00,53.994998931884766,53.994998931884766,53.994998931884766,53.994998931884766,110,0.0,0.0
2024-10-31 13:42:00-04:00,53.994998931884766,54.0,53.930999755859375,54.0,2494,0.0,0.0
2024-10-31 13:43:00-04:00,54.0,54.005001068115234,54.0,54.005001068115234,1190,0.0,0.0
2024-10-31 13:44:00-04:00,54.029998779296875,54.029998779296875,54.029998779296875,54.029998779296875,646,0.0,0.0
2024-10-31 13:46:00-04:00,53.9900016784668,53.9900016784668,53.9900016784668,53.9900016784668,105,0.0,0.0
2024-10-31 13:47:00-04:00,54.0099983215332,54.0099983215332,54.0099983215332,54.0099983215332,458,0.0,0.0
2024-10-31 13:48:00-04:00,53.9900016784668,53.9900016784668,53.9900016784668,53.9900016784668,427,0.0,0.0
2024-10-31 13:49:00-04:00,53.9900016784668,54.0,53.9900016784668,54.0,1927,0.0,0.0
2024-10-31 13:50:00-04:00,53.97010040283203,54.040000915527344,53.97010040283203,54.025001525878906,1918,0.0,0.0
2024-10-31 13:51:00-04:00,54.02000045776367,54.02000045776367,53.80400085449219,53.84000015258789,9487,0.0,0.0
2024-10-31 13:52:00-04:00,53.84000015258789,53.869998931884766,53.84000015258789,53.869998931884766,1376,0.0,0.0
2024-10-31 13:54:00-04:00,53.87990188598633,53.87990188598633,53.79999923706055,53.79999923706055,2161,0.0,0.0
2024-10-31 13:55:00-04:00,53.79999923706055,53.79999923706055,53.76559829711914,53.76559829711914,1163,0.0,0.0
2024-10-31 13:56:00-04:00,53.76499938964844,53.76499938964844,53.7400016784668,53.7400016784668,2726,0.0,0.0
2024-10-31 13:57:00-04:00,53.82099914550781,53.82099914550781,53.82099914550781,53.82099914550781,145,0.0,0.0
2024-10-31 13:58:00-04:00,53.83000183105469,53.83000183105469,53.810001373291016,53.810001373291016,1431,0.0,0.0
2024-10-31 13:59:00-04:00,53.810001373291016,53.810001373291016,53.709999084472656,53.709999084472656,4742,0.0,0.0
2024-10-31 14:00:00-04:00,53.76969909667969,53.76969909667969,53.76969909667969,53.76969909667969,263,0.0,0.0
2024-10-31 14:01:00-04:00,53.709999084472656,53.737098693847656,53.709999084472656,53.737098693847656,588,0.0,0.0
2024-10-31 14:03:00-04:00,53.709999084472656,53.73500061035156,53.709999084472656,53.73500061035156,2179,0.0,0.0
2024-10-31 14:04:00-04:00,53.7599983215332,53.7599983215332,53.70000076293945,53.70000076293945,2070,0.0,0.0
2024-10-31 14:05:00-04:00,53.720001220703125,53.7599983215332,53.720001220703125,53.75,4143,0.0,0.0
2024-10-31 14:06:00-04:00,53.73889923095703,53.73889923095703,53.71500015258789,53.71500015258789,7693,0.0,0.0
2024-10-31 14:07:00-04:00,53.72999954223633,53.75,53.720001220703125,53.720001220703125,2149,0.0,0.0
2024-10-31 14:08:00-04:00,53.77000045776367,53.810001373291016,53.68000030517578,53.68000030517578,9184,0.0,0.0
2024-10-31 14:10:00-04:00,53.70500183105469,53.70500183105469,53.70500183105469,53.70500183105469,907,0.0,0.0
2024-10-31 14:12:00-04:00,53.755001068115234,53.755001068115234,53.72999954223633,53.72999954223633,857,0.0,0.0
2024-10-31 14:13:00-04:00,53.68000030517578,53.68000030517578,53.66999816894531,53.66999816894531,427,0.0,0.0
2024-10-31 14:14:00-04:00,53.689998626708984,53.689998626708984,53.689998626708984,53.689998626708984,767,0.0,0.0
2024-10-31 14:15:00-04:00,53.685001373291016,53.685001373291016,53.685001373291016,53.685001373291016,1276,0.0,0.0
2024-10-31 14:18:00-04:00,53.689998626708984,53.689998626708984,53.689998626708984,53.689998626708984,1363,0.0,0.0
2024-10-31 14:19:00-04:00,53.65999984741211,53.66999816894531,53.6349983215332,53.6349983215332,3384,0.0,0.0
2024-10-31 14:20:00-04:00,53.66999816894531,53.66999816894531,53.66999816894531,53.66999816894531,411,0.0,0.0
2024-10-31 14:21:00-04:00,53.64500045776367,53.650001525878906,53.64500045776367,53.650001525878906,471,0.0,0.0
2024-10-31 14:22:00-04:00,53.654998779296875,53.665000915527344,53.654998779296875,53.65999984741211,3108,0.0,0.0
2024-10-31 14:24:00-04:00,53.630001068115234,53.65999984741211,53.59000015258789,53.59000015258789,2720,0.0,0.0
2024-10-31 14:25:00-04:00,53.630001068115234,53.75,53.599998474121094,53.72999954223633,25259,0.0,0.0
2024-10-31 14:26:00-04:00,53.709999084472656,53.709999084472656,53.709999084472656,53.709999084472656,1362,0.0,0.0
2024-10-31 14:27:00-04:00,53.68000030517578,53.68000030517578,53.619998931884766,53.619998931884766,1382,0.0,0.0
2024-10-31 14:29:00-04:00,53.599998474121094,53.599998474121094,53.599998474121094,53.599998474121094,205,0.0,0.0
2024-10-31 14:30:00-04:00,53.599998474121094,53.63999938964844,53.599998474121094,53.63999938964844,663,0.0,0.0
2024-10-31 14:31:00-04:00,53.599998474121094,53.599998474121094,53.560001373291016,53.560001373291016,2272,0.0,0.0
2024-10-31 14:32:00-04:00,53.52000045776367,53.52000045776367,53.52000045776367,53.52000045776367,214,0.0,0.0
2024-10-31 14:33:00-04:00,53.52000045776367,53.52000045776367,53.349998474121094,53.349998474121094,5756,0.0,0.0
2024-10-31 14:34:00-04:00,53.41999816894531,53.42499923706055,53.38999938964844,53.42499923706055,1064,0.0,0.0
2024-10-31 14:35:00-04:00,53.41999816894531,53.41999816894531,53.41999816894531,53.41999816894531,1398,0.0,0.0
2024-10-31 14:37:00-04:00,53.41999816894531,53.41999816894531,53.41999816894531,53.41999816894531,303,0.0,0.0
2024-10-31 14:38:00-04:00,53.415000915527344,53.415000915527344,53.404998779296875,53.404998779296875,1122,0.0,0.0
2024-10-31 14:39:00-04:00,53.404998779296875,53.40999984741211,53.404998779296875,53.40999984741211,563,0.0,0.0
2024-10-31 14:41:00-04:00,53.40999984741211,53.41270065307617,53.40999984741211,53.41270065307617,869,0.0,0.0
2024-10-31 14:42:00-04:00,53.439998626708984,53.439998626708984,53.439998626708984,53.439998626708984,504,0.0,0.0
2024-10-31 14:43:00-04:00,53.380001068115234,53.380001068115234,53.369998931884766,53.369998931884766,1509,0.0,0.0
2024-10-31 14:44:00-04:00,53.400001525878906,53.400001525878906,53.36000061035156,53.36000061035156,2566,0.0,0.0
2024-10-31 14:45:00-04:00,53.31999969482422,53.34000015258789,53.31999969482422,53.31999969482422,1701,0.0,0.0
2024-10-31 14:46:00-04:00,53.34000015258789,53.34000015258789,53.33000183105469,53.33000183105469,1274,0.0,0.0
2024-10-31 14:47:00-04:00,53.33000183105469,53.334999084472656,53.33000183105469,53.33000183105469,1329,0.0,0.0
2024-10-31 14:48:00-04:00,53.36000061035156,53.36000061035156,53.29999923706055,53.310001373291016,4744,0.0,0.0
2024-10-31 14:50:00-04:00,53.310001373291016,53.32500076293945,53.279998779296875,53.32500076293945,749,0.0,0.0
2024-10-31 14:51:00-04:00,53.290000915527344,53.32500076293945,53.290000915527344,53.32500076293945,407,0.0,0.0
2024-10-31 14:52:00-04:00,53.32500076293945,53.32500076293945,53.30039978027344,53.30039978027344,1103,0.0,0.0
2024-10-31 14:54:00-04:00,53.32500076293945,53.32500076293945,53.310001373291016,53.310001373291016,739,0.0,0.0
2024-10-31 14:55:00-04:00,53.34000015258789,53.34000015258789,53.34000015258789,53.34000015258789,669,0.0,0.0
2024-10-31 14:56:00-04:00,53.31999969482422,53.31999969482422,53.31999969482422,53.31999969482422,768,0.0,0.0
2024-10-31 14:57:00-04:00,53.33000183105469,53.3650016784668,53.33000183105469,53.36000061035156,2076,0.0,0.0
2024-10-31 14:58:00-04:00,53.369998931884766,53.470001220703125,53.36000061035156,53.45500183105469,19159,0.0,0.0
2024-10-31 14:59:00-04:00,53.459999084472656,53.5,53.459999084472656,53.474998474121094,4205,0.0,0.0
2024-10-31 15:00:00-04:00,53.474998474121094,53.5,53.45000076293945,53.45000076293945,2226,0.0,0.0
2024-10-31 15:01:00-04:00,53.40999984741211,53.40999984741211,53.349998474121094,53.349998474121094,1325,0.0,0.0
2024-10-31 15:02:00-04:00,53.369998931884766,53.40999984741211,53.3650016784668,53.40999984741211,5127,0.0,0.0
2024-10-31 15:03:00-04:00,53.404998779296875,53.5,53.38999938964844,53.470001220703125,11404,0.0,0.0
2024-10-31 15:04:00-04:00,53.470001220703125,53.5,53.46500015258789,53.47999954223633,3796,0.0,0.0
2024-10-31 15:06:00-04:00,53.459999084472656,53.5099983215332,53.459999084472656,53.470001220703125,1318,0.0,0.0
2024-10-31 15:07:00-04:00,53.470001220703125,53.470001220703125,53.29999923706055,53.375,11931,0.0,0.0
2024-10-31 15:08:00-04:00,53.38999938964844,53.404998779296875,53.38999938964844,53.404998779296875,2040,0.0,0.0
2024-10-31 15:09:00-04:00,53.3650016784668,53.3650016784668,53.3650016784668,53.3650016784668,336,0.0,0.0
2024-10-31 15:10:00-04:00,53.400001525878906,53.58000183105469,53.3650016784668,53.435001373291016,20080,0.0,0.0
2024-10-31 15:11:00-04:00,53.40999984741211,53.44499969482422,53.40999984741211,53.415000915527344,2231,0.0,0.0
2024-10-31 15:12:00-04:00,53.40999984741211,53.439998626708984,53.40999984741211,53.439998626708984,1659,0.0,0.0
2024-10-31 15:13:00-04:00,53.369998931884766,53.369998931884766,53.369998931884766,53.369998931884766,856,0.0,0.0
2024-10-31 15:14:00-04:00,53.380001068115234,53.47999954223633,53.369998931884766,53.47999954223633,4672,0.0,0.0
2024-10-31 15:15:00-04:00,53.439998626708984,53.459999084472656,53.439998626708984,53.459999084472656,701,0.0,0.0
2024-10-31 15:16:00-04:00,53.44499969482422,53.47999954223633,53.41999816894531,53.47999954223633,2251,0.0,0.0
2024-10-31 15:17:00-04:00,53.439998626708984,53.470001220703125,53.439998626708984,53.45500183105469,1150,0.0,0.0
2024-10-31 15:18:00-04:00,53.47999954223633,53.4900016784668,53.45500183105469,53.470001220703125,1031,0.0,0.0
2024-10-31 15:19:00-04:00,53.470001220703125,53.53499984741211,53.470001220703125,53.5,12791,0.0,0.0
2024-10-31 15:20:00-04:00,53.5,53.560001373291016,53.43000030517578,53.489898681640625,46061,0.0,0.0
2024-10-31 15:21:00-04:00,53.459999084472656,53.47999954223633,53.43000030517578,53.470001220703125,0,0.0,0.0
2024-10-31 15:22:00-04:00,53.45000076293945,53.459999084472656,53.41999816894531,53.41999816894531,1820,0.0,0.0
2024-10-31 15:23:00-04:00,53.439998626708984,53.470001220703125,53.41999816894531,53.459999084472656,8618,0.0,0.0
2024-10-31 15:24:00-04:00,53.4900016784668,53.66999816894531,53.4900016784668,53.66999816894531,10355,0.0,0.0
2024-10-31 15:25:00-04:00,53.650001525878906,53.66999816894531,53.59000015258789,53.59000015258789,2160,0.0,0.0
2024-10-31 15:26:00-04:00,53.61830139160156,53.61830139160156,53.439998626708984,53.439998626708984,4680,0.0,0.0
2024-10-31 15:27:00-04:00,53.44499969482422,53.47999954223633,53.43000030517578,53.45500183105469,3062,0.0,0.0
2024-10-31 15:28:00-04:00,53.43000030517578,53.435001373291016,53.40999984741211,53.435001373291016,4707,0.0,0.0
2024-10-31 15:29:00-04:00,53.435001373291016,53.4900016784668,53.43000030517578,53.48749923706055,11665,0.0,0.0
2024-10-31 15:30:00-04:00,53.52000045776367,53.52000045776367,53.5,53.507598876953125,848,0.0,0.0
2024-10-31 15:31:00-04:00,53.5099983215332,53.5099983215332,53.40999984741211,53.43000030517578,4654,0.0,0.0
2024-10-31 15:32:00-04:00,53.40999984741211,53.415000915527344,53.33000183105469,53.33000183105469,3462,0.0,0.0
2024-10-31 15:33:00-04:00,53.369998931884766,53.369998931884766,53.369998931884766,53.369998931884766,435,0.0,0.0
2024-10-31 15:34:00-04:00,53.375,53.375,53.375,53.375,987,0.0,0.0
2024-10-31 15:35:00-04:00,53.38999938964844,53.47999954223633,53.375,53.459999084472656,2834,0.0,0.0
2024-10-31 15:36:00-04:00,53.46500015258789,53.505001068115234,53.46500015258789,53.505001068115234,11045,0.0,0.0
2024-10-31 15:37:00-04:00,53.505001068115234,53.529998779296875,53.505001068115234,53.505001068115234,766,0.0,0.0
2024-10-31 15:38:00-04:00,53.4900016784668,53.523799896240234,53.4900016784668,53.52000045776367,2068,0.0,0.0
2024-10-31 15:39:00-04:00,53.5099983215332,53.56999969482422,53.5099983215332,53.55500030517578,2847,0.0,0.0
2024-10-31 15:40:00-04:00,53.55500030517578,53.58000183105469,53.54999923706055,53.56999969482422,1681,0.0,0.0
2024-10-31 15:41:00-04:00,53.58000183105469,53.6150016784668,53.58000183105469,53.595001220703125,2853,0.0,0.0
2024-10-31 15:42:00-04:00,53.59000015258789,53.59000015258789,53.560001373291016,53.59000015258789,1432,0.0,0.0
2024-10-31 15:43:00-04:00,53.56999969482422,53.599998474121094,53.56999969482422,53.599998474121094,1775,0.0,0.0
2024-10-31 15:44:00-04:00,53.61330032348633,53.619998931884766,53.599998474121094,53.619998931884766,1031,0.0,0.0
2024-10-31 15:45:00-04:00,53.619598388671875,53.75,53.599998474121094,53.75,10756,0.0,0.0
2024-10-31 15:46:00-04:00,53.709999084472656,53.75,53.709999084472656,53.7400016784668,1901,0.0,0.0
2024-10-31 15:47:00-04:00,53.709999084472656,53.7599983215332,53.709999084472656,53.7400016784668,4368,0.0,0.0
2024-10-31 15:48:00-04:00,53.7599983215332,53.779998779296875,53.755001068115234,53.779998779296875,2823,0.0,0.0
2024-10-31 15:49:00-04:00,53.77000045776367,53.79999923706055,53.76499938964844,53.779998779296875,4266,0.0,0.0
2024-10-31 15:50:00-04:00,53.77000045776367,53.790000915527344,53.72999954223633,53.790000915527344,7288,0.0,0.0
2024-10-31 15:51:00-04:00,53.75,53.7599983215332,53.689998626708984,53.709999084472656,6170,0.0,0.0
2024-10-31 15:52:00-04:00,53.689998626708984,53.689998626708984,53.63999938964844,53.63999938964844,4493,0.0,0.0
2024-10-31 15:53:00-04:00,53.65999984741211,53.70000076293945,53.65999984741211,53.689998626708984,7894,0.0,0.0
2024-10-31 15:54:00-04:00,53.69499969482422,53.79999923706055,53.68000030517578,53.720001220703125,19836,0.0,0.0
2024-10-31 15:55:00-04:00,53.7400016784668,53.81999969482422,53.720001220703125,53.790000915527344,9665,0.0,0.0
2024-10-31 15:56:00-04:00,53.79999923706055,53.79999923706055,53.7400016784668,53.7400016784668,8675,0.0,0.0
2024-10-31 15:57:00-04:00,53.7400016784668,53.78499984741211,53.70000076293945,53.78499984741211,13965,0.0,0.0
2024-10-31 15:58:00-04:00,53.79999923706055,53.849998474121094,53.7599983215332,53.79999923706055,26829,0.0,0.0
2024-10-31 15:59:00-04:00,53.79999923706055,53.79999923706055,53.709999084472656,53.709999084472656,43559,0.0,0.0
2024-11-01 09:30:00-04:00,55.402000427246094,56.439998626708984,55.402000427246094,55.92369842529297,83136,0.0,0.0
2024-11-01 09:31:00-04:00,56.220001220703125,56.45000076293945,56.08000183105469,56.20500183105469,23875,0.0,0.0
2024-11-01 09:32:00-04:00,56.040000915527344,56.34000015258789,55.9900016784668,56.310001373291016,3255,0.0,0.0
2024-11-01 09:34:00-04:00,56.18000030517578,56.685001373291016,56.18000030517578,56.66999816894531,68649,0.0,0.0
2024-11-01 09:35:00-04:00,56.599998474121094,56.599998474121094,55.79750061035156,55.92499923706055,11101,0.0,0.0
2024-11-01 09:36:00-04:00,55.79499816894531,55.88999938964844,55.029998779296875,55.029998779296875,14995,0.0,0.0
2024-11-01 09:37:00-04:00,55.095001220703125,55.099998474121094,54.814998626708984,54.960201263427734,6745,0.0,0.0
2024-11-01 09:38:00-04:00,54.95000076293945,55.36000061035156,54.95000076293945,55.15999984741211,3595,0.0,0.0
2024-11-01 09:39:00-04:00,55.01499938964844,55.529998779296875,55.01499938964844,55.425899505615234,6554,0.0,0.0
2024-11-01 09:40:00-04:00,55.439998626708984,55.8760986328125,55.3650016784668,55.71500015258789,14899,0.0,0.0
2024-11-01 09:41:00-04:00,55.8577995300293,55.8577995300293,55.6599006652832,55.70000076293945,1279,0.0,0.0
2024-11-01 09:42:00-04:00,55.79999923706055,55.900001525878906,55.77000045776367,55.900001525878906,2651,0.0,0.0
2024-11-01 09:43:00-04:00,55.880001068115234,55.880001068115234,55.692100524902344,55.76499938964844,3602,0.0,0.0
2024-11-01 09:44:00-04:00,55.84000015258789,55.849998474121094,55.55500030517578,55.650001525878906,25388,0.0,0.0
2024-11-01 09:45:00-04:00,55.56999969482422,55.685001373291016,55.56999969482422,55.68000030517578,1726,0.0,0.0
2024-11-01 09:46:00-04:00,55.834999084472656,55.834999084472656,55.689998626708984,55.689998626708984,1475,0.0,0.0
2024-11-01 09:47:00-04:00,55.900001525878906,55.900001525878906,55.650001525878906,55.709999084472656,46759,0.0,0.0
2024-11-01 09:48:00-04:00,55.72999954223633,55.7599983215332,55.52000045776367,55.7599983215332,12439,0.0,0.0
2024-11-01 09:49:00-04:00,55.84000015258789,55.92499923706055,55.84000015258789,55.92499923706055,8342,0.0,0.0
2024-11-01 09:50:00-04:00,55.849998474121094,55.880001068115234,55.52000045776367,55.654998779296875,12840,0.0,0.0
2024-11-01 09:51:00-04:00,55.779998779296875,55.869998931884766,55.720001220703125,55.720001220703125,2362,0.0,0.0
2024-11-01 09:52:00-04:00,55.709999084472656,55.79999923706055,55.689998626708984,55.79999923706055,1541,0.0,0.0
2024-11-01 09:53:00-04:00,55.68000030517578,55.685001373291016,55.68000030517578,55.685001373291016,1558,0.0,0.0
2024-11-01 09:54:00-04:00,55.602699279785156,55.69300079345703,55.56999969482422,55.69300079345703,1873,0.0,0.0
2024-11-01 09:55:00-04:00,55.68000030517578,55.93000030517578,55.510101318359375,55.93000030517578,4355,0.0,0.0
2024-11-01 09:56:00-04:00,55.869998931884766,55.95000076293945,55.869998931884766,55.95000076293945,1535,0.0,0.0
2024-11-01 09:57:00-04:00,55.91999816894531,56.0,55.91999816894531,55.91999816894531,6670,0.0,0.0
2024-11-01 09:58:00-04:00,55.92499923706055,55.939998626708984,55.92499923706055,55.939998626708984,2039,0.0,0.0
2024-11-01 09:59:00-04:00,55.91999816894531,55.959999084472656,55.88999938964844,55.88999938964844,9569,0.0,0.0
2024-11-01 10:00:00-04:00,55.842098236083984,55.842098236083984,55.77000045776367,55.79499816894531,3077,0.0,0.0
2024-11-01 10:01:00-04:00,55.720001220703125,55.900001525878906,55.720001220703125,55.900001525878906,1390,0.0,0.0
2024-11-01 10:02:00-04:00,55.810001373291016,55.93000030517578,55.68000030517578,55.68000030517578,9905,0.0,0.0
2024-11-01 10:03:00-04:00,55.68000030517578,55.68000030517578,55.5099983215332,55.52000045776367,3124,0.0,0.0
2024-11-01 10:04:00-04:00,55.5099983215332,55.69499969482422,55.470001220703125,55.6775016784668,9700,0.0,0.0
2024-11-01 10:05:00-04:00,55.720001220703125,55.7599983215332,55.71500015258789,55.7400016784668,2503,0.0,0.0
2024-11-01 10:06:00-04:00,55.7400016784668,55.88999938964844,55.7400016784668,55.76499938964844,10327,0.0,0.0
2024-11-01 10:07:00-04:00,55.755001068115234,55.755001068115234,55.755001068115234,55.755001068115234,890,0.0,0.0
2024-11-01 10:08:00-04:00,55.83000183105469,55.84000015258789,55.720001220703125,55.779998779296875,2028,0.0,0.0
2024-11-01 10:09:00-04:00,55.70000076293945,55.70000076293945,55.70000076293945,55.70000076293945,579,0.0,0.0
2024-11-01 10:10:00-04:00,55.77000045776367,55.77000045776367,55.70500183105469,55.7400016784668,732,0.0,0.0
2024-11-01 10:11:00-04:00,55.7400016784668,55.7400016784668,55.709999084472656,55.71500015258789,3000,0.0,0.0
2024-11-01 10:12:00-04:00,55.71500015258789,55.79999923706055,55.703399658203125,55.72999954223633,10324,0.0,0.0
2024-11-01 10:13:00-04:00,55.79999923706055,55.84000015258789,55.7400016784668,55.78499984741211,3960,0.0,0.0
2024-11-01 10:14:00-04:00,55.79800033569336,55.869998931884766,55.775001525878906,55.869998931884766,2749,0.0,0.0
2024-11-01 10:15:00-04:00,55.88999938964844,55.97949981689453,55.81010055541992,55.93000030517578,3853,0.0,0.0
2024-11-01 10:16:00-04:00,55.97999954223633,56.0099983215332,55.91999816894531,55.97999954223633,7723,0.0,0.0
2024-11-01 10:17:00-04:00,55.970001220703125,56.00550079345703,55.96500015258789,56.00550079345703,1128,0.0,0.0
2024-11-01 10:18:00-04:00,55.96500015258789,55.9900016784668,55.91999816894531,55.94499969482422,2859,0.0,0.0
2024-11-01 10:19:00-04:00,55.97999954223633,56.04249954223633,55.949798583984375,56.025001525878906,3574,0.0,0.0
2024-11-01 10:20:00-04:00,56.040401458740234,56.06999969482422,56.0,56.06999969482422,3228,0.0,0.0
2024-11-01 10:21:00-04:00,56.119998931884766,56.20000076293945,56.119998931884766,56.14630126953125,7025,0.0,0.0
2024-11-01 10:22:00-04:00,56.25,56.29999923706055,56.20650100708008,56.279998779296875,4472,0.0,0.0
2024-11-01 10:23:00-04:00,56.220001220703125,56.29999923706055,56.220001220703125,56.220001220703125,7816,0.0,0.0
2024-11-01 10:24:00-04:00,56.2599983215332,56.310001373291016,56.2599983215332,56.275001525878906,1336,0.0,0.0
2024-11-01 10:25:00-04:00,56.189998626708984,56.34000015258789,56.189998626708984,56.34000015258789,3537,0.0,0.0
2024-11-01 10:26:00-04:00,56.295101165771484,56.369998931884766,56.295101165771484,56.349998474121094,4931,0.0,0.0
2024-11-01 10:27:00-04:00,56.31999969482422,56.31999969482422,56.29499816894531,56.314998626708984,1716,0.0,0.0
2024-11-01 10:28:00-04:00,56.31999969482422,56.439998626708984,56.31999969482422,56.4286003112793,4491,0.0,0.0
2024-11-01 10:29:00-04:00,56.40999984741211,56.415000915527344,56.34000015258789,56.369998931884766,2069,0.0,0.0
2024-11-01 10:30:00-04:00,56.41999816894531,56.41999816894531,56.3129997253418,56.369998931884766,1463,0.0,0.0
2024-11-01 10:31:00-04:00,56.40999984741211,56.41999816894531,56.3400993347168,56.3400993347168,2115,0.0,0.0
2024-11-01 10:32:00-04:00,56.40999984741211,56.52000045776367,56.40999984741211,56.4900016784668,14654,0.0,0.0
2024-11-01 10:33:00-04:00,56.400001525878906,56.43000030517578,56.279998779296875,56.40999984741211,14197,0.0,0.0
2024-11-01 10:34:00-04:00,56.320098876953125,56.43000030517578,56.30099868774414,56.38999938964844,20636,0.0,0.0
2024-11-01 10:35:00-04:00,56.390098571777344,56.415000915527344,56.38999938964844,56.415000915527344,1739,0.0,0.0
2024-11-01 10:36:00-04:00,56.415000915527344,56.439998626708984,56.380001068115234,56.40999984741211,915,0.0,0.0
2024-11-01 10:37:00-04:00,56.439998626708984,56.439998626708984,56.40999984741211,56.41999816894531,2730,0.0,0.0
2024-11-01 10:38:00-04:00,56.400001525878906,56.529998779296875,56.400001525878906,56.5,12188,0.0,0.0
2024-11-01 10:39:00-04:00,56.52000045776367,56.540000915527344,56.380001068115234,56.400001525878906,3786,0.0,0.0
2024-11-01 10:40:00-04:00,56.39500045776367,56.39500045776367,56.39500045776367,56.39500045776367,2470,0.0,0.0
2024-11-01 10:41:00-04:00,56.36000061035156,56.380001068115234,56.310001373291016,56.349998474121094,2735,0.0,0.0
2024-11-01 10:42:00-04:00,56.26100158691406,56.349998474121094,56.2599983215332,56.349998474121094,3776,0.0,0.0
2024-11-01 10:43:00-04:00,56.29999923706055,56.349998474121094,56.19350051879883,56.23500061035156,7739,0.0,0.0
2024-11-01 10:44:00-04:00,56.290000915527344,56.44499969482422,56.290000915527344,56.44499969482422,8095,0.0,0.0
2024-11-01 10:45:00-04:00,56.44499969482422,56.44499969482422,56.40010070800781,56.40010070800781,2297,0.0,0.0
2024-11-01 10:46:00-04:00,56.43000030517578,56.43000030517578,56.15999984741211,56.15999984741211,3229,0.0,0.0
2024-11-01 10:47:00-04:00,56.154998779296875,56.154998779296875,56.13999938964844,56.14500045776367,1441,0.0,0.0
2024-11-01 10:48:00-04:00,56.14500045776367,56.310001373291016,56.14500045776367,56.310001373291016,2933,0.0,0.0
2024-11-01 10:49:00-04:00,56.34000015258789,56.400001525878906,56.29499816894531,56.380001068115234,1114,0.0,0.0
2024-11-01 10:50:00-04:00,56.31999969482422,56.33000183105469,56.31999969482422,56.31999969482422,1006,0.0,0.0
2024-11-01 10:51:00-04:00,56.334999084472656,56.334999084472656,56.2963981628418,56.2963981628418,1399,0.0,0.0
2024-11-01 10:52:00-04:00,56.32500076293945,56.380001068115234,56.32500076293945,56.34000015258789,1092,0.0,0.0
2024-11-01 10:53:00-04:00,56.37990188598633,56.37990188598633,56.20000076293945,56.20000076293945,1535,0.0,0.0
2024-11-01 10:54:00-04:00,56.154998779296875,56.32500076293945,56.154998779296875,56.32500076293945,1657,0.0,0.0
2024-11-01 10:55:00-04:00,56.2400016784668,56.33000183105469,56.2400016784668,56.33000183105469,1667,0.0,0.0
2024-11-01 10:56:00-04:00,56.41999816894531,56.41999816894531,56.36000061035156,56.36000061035156,453,0.0,0.0
2024-11-01 10:57:00-04:00,56.439998626708984,56.439998626708984,56.404998779296875,56.415000915527344,966,0.0,0.0
2024-11-01 10:58:00-04:00,56.45000076293945,56.5,56.45000076293945,56.5,1390,0.0,0.0
2024-11-01 10:59:00-04:00,56.47999954223633,56.62990188598633,56.45000076293945,56.564998626708984,10247,0.0,0.0
2024-11-01 11:00:00-04:00,56.619998931884766,56.619998931884766,56.5,56.58000183105469,3976,0.0,0.0
2024-11-01 11:01:00-04:00,56.65999984741211,56.65999984741211,56.56999969482422,56.56999969482422,330,0.0,0.0
2024-11-01 11:02:00-04:00,56.584999084472656,56.650001525878906,56.560001373291016,56.59000015258789,1815,0.0,0.0
2024-11-01 11:03:00-04:00,56.650001525878906,56.650001525878906,56.63999938964844,56.650001525878906,2765,0.0,0.0
2024-11-01 11:04:00-04:00,56.63999938964844,56.63999938964844,56.63999938964844,56.63999938964844,116,0.0,0.0
2024-11-01 11:05:00-04:00,56.599998474121094,56.64500045776367,56.560001373291016,56.61000061035156,6284,0.0,0.0
2024-11-01 11:06:00-04:00,56.599998474121094,56.63999938964844,56.599998474121094,56.599998474121094,888,0.0,0.0
2024-11-01 11:07:00-04:00,56.63999938964844,56.65999984741211,56.60499954223633,56.65999984741211,1884,0.0,0.0
2024-11-01 11:08:00-04:00,56.619998931884766,56.650001525878906,56.619998931884766,56.650001525878906,1175,0.0,0.0
2024-11-01 11:09:00-04:00,56.650001525878906,56.72999954223633,56.62099838256836,56.66999816894531,6672,0.0,0.0
2024-11-01 11:10:00-04:00,56.69499969482422,56.720001220703125,56.63999938964844,56.63999938964844,4246,0.0,0.0
2024-11-01 11:11:00-04:00,56.619998931884766,56.630001068115234,56.619998931884766,56.630001068115234,730,0.0,0.0
2024-11-01 11:12:00-04:00,56.63999938964844,56.689998626708984,56.63999938964844,56.689998626708984,1304,0.0,0.0
2024-11-01 11:13:00-04:00,56.685001373291016,56.72999954223633,56.685001373291016,56.72999954223633,1851,0.0,0.0
2024-11-01 11:14:00-04:00,56.72999954223633,56.84000015258789,56.72999954223633,56.84000015258789,9197,0.0,0.0
2024-11-01 11:15:00-04:00,56.85649871826172,57.20000076293945,56.84000015258789,57.150001525878906,41207,0.0,0.0
2024-11-01 11:16:00-04:00,57.14500045776367,57.14500045776367,57.04359817504883,57.09989929199219,4221,0.0,0.0
2024-11-01 11:17:00-04:00,57.04999923706055,57.04999923706055,56.83000183105469,56.88999938964844,22402,0.0,0.0
2024-11-01 11:18:00-04:00,56.900001525878906,56.900001525878906,56.76279830932617,56.84000015258789,3866,0.0,0.0
2024-11-01 11:19:00-04:00,56.84000015258789,56.84000015258789,56.77000045776367,56.77000045776367,1174,0.0,0.0
2024-11-01 11:20:00-04:00,56.7599983215332,56.7599983215332,56.72999954223633,56.75,2086,0.0,0.0
2024-11-01 11:21:00-04:00,56.75,56.75,56.75,56.75,1028,0.0,0.0
2024-11-01 11:22:00-04:00,56.72999954223633,56.81999969482422,56.72999954223633,56.81999969482422,1850,0.0,0.0
2024-11-01 11:23:00-04:00,56.83000183105469,56.88999938964844,56.83000183105469,56.869998931884766,3287,0.0,0.0
2024-11-01 11:24:00-04:00,56.888999938964844,56.88999938964844,56.820098876953125,56.83000183105469,7154,0.0,0.0
2024-11-01 11:25:00-04:00,56.83000183105469,56.845001220703125,56.7599983215332,56.7599983215332,3422,0.0,0.0
2024-11-01 11:26:00-04:00,56.869998931884766,56.869998931884766,56.86000061035156,56.86000061035156,1309,0.0,0.0
2024-11-01 11:27:00-04:00,56.88999938964844,56.91999816894531,56.88999938964844,56.904998779296875,2529,0.0,0.0
2024-11-01 11:28:00-04:00,56.920799255371094,56.920799255371094,56.915000915527344,56.915000915527344,786,0.0,0.0
2024-11-01 11:29:00-04:00,56.939998626708984,56.959999084472656,56.93000030517578,56.93000030517578,2214,0.0,0.0
2024-11-01 11:30:00-04:00,56.93000030517578,56.970001220703125,56.834999084472656,56.970001220703125,4327,0.0,0.0
2024-11-01 11:31:00-04:00,56.970001220703125,57.0,56.95500183105469,57.0,3161,0.0,0.0
2024-11-01 11:32:00-04:00,56.998600006103516,56.998600006103516,56.89649963378906,56.904998779296875,2938,0.0,0.0
2024-11-01 11:33:00-04:00,56.95000076293945,57.040000915527344,56.91999816894531,57.03499984741211,7555,0.0,0.0
2024-11-01 11:34:00-04:00,56.9900016784668,57.0099983215332,56.9900016784668,57.0099983215332,1105,0.0,0.0
2024-11-01 11:35:00-04:00,56.97999954223633,56.9900016784668,56.93000030517578,56.93000030517578,2303,0.0,0.0
2024-11-01 11:36:00-04:00,56.900001525878906,56.900001525878906,56.80500030517578,56.849998474121094,5250,0.0,0.0
2024-11-01 11:37:00-04:00,56.85499954223633,56.86000061035156,56.85499954223633,56.86000061035156,737,0.0,0.0
2024-11-01 11:38:00-04:00,56.849998474121094,56.86000061035156,56.849998474121094,56.86000061035156,906,0.0,0.0
2024-11-01 11:39:00-04:00,56.86000061035156,56.93000030517578,56.86000061035156,56.93000030517578,4935,0.0,0.0
2024-11-01 11:40:00-04:00,56.92499923706055,56.974998474121094,56.91999816894531,56.95000076293945,5808,0.0,0.0
2024-11-01 11:41:00-04:00,56.92499923706055,56.95790100097656,56.92499923706055,56.95790100097656,903,0.0,0.0
2024-11-01 11:42:00-04:00,56.939998626708984,56.94499969482422,56.88999938964844,56.88999938964844,2575,0.0,0.0
2024-11-01 11:43:00-04:00,56.880001068115234,56.880001068115234,56.86000061035156,56.86000061035156,3209,0.0,0.0
2024-11-01 11:44:00-04:00,56.86000061035156,56.8849983215332,56.86000061035156,56.8650016784668,1709,0.0,0.0
2024-11-01 11:45:00-04:00,56.8650016784668,56.869998931884766,56.8650016784668,56.869998931884766,461,0.0,0.0
2024-11-01 11:46:00-04:00,56.86000061035156,56.900001525878906,56.86000061035156,56.89500045776367,5122,0.0,0.0
2024-11-01 11:47:00-04:00,56.89500045776367,57.0,56.89500045776367,56.95500183105469,9700,0.0,0.0
2024-11-01 11:48:00-04:00,56.959999084472656,56.97999954223633,56.93000030517578,56.93000030517578,4710,0.0,0.0
2024-11-01 11:49:00-04:00,56.939998626708984,56.939998626708984,56.91999816894531,56.91999816894531,1457,0.0,0.0
2024-11-01 11:50:00-04:00,56.90919876098633,56.90919876098633,56.90919876098633,56.90919876098633,403,0.0,0.0
2024-11-01 11:51:00-04:00,56.89080047607422,56.91999816894531,56.89080047607422,56.912498474121094,1553,0.0,0.0
2024-11-01 11:52:00-04:00,56.90999984741211,57.099998474121094,56.90999984741211,57.05500030517578,7066,0.0,0.0
2024-11-01 11:53:00-04:00,57.084999084472656,57.084999084472656,57.0099983215332,57.04999923706055,2423,0.0,0.0
2024-11-01 11:54:00-04:00,57.08340072631836,57.08340072631836,57.08340072631836,57.08340072631836,477,0.0,0.0
2024-11-01 11:55:00-04:00,57.025001525878906,57.025001525878906,56.86000061035156,56.882999420166016,4189,0.0,0.0
2024-11-01 11:56:00-04:00,56.89500045776367,56.89500045776367,56.86000061035156,56.86000061035156,2037,0.0,0.0
2024-11-01 11:57:00-04:00,56.84000015258789,56.84170150756836,56.81999969482422,56.84170150756836,2138,0.0,0.0
2024-11-01 11:58:00-04:00,56.84000015258789,56.84000015258789,56.84000015258789,56.84000015258789,1607,0.0,0.0
2024-11-01 11:59:00-04:00,56.79999923706055,56.79999923706055,56.560001373291016,56.560001373291016,12324,0.0,0.0
2024-11-01 12:00:00-04:00,56.60499954223633,56.619998931884766,56.54999923706055,56.619998931884766,927,0.0,0.0
2024-11-01 12:01:00-04:00,56.625,56.68000030517578,56.625,56.65999984741211,4495,0.0,0.0
2024-11-01 12:02:00-04:00,56.65999984741211,56.72589874267578,56.65999984741211,56.72589874267578,1440,0.0,0.0
2024-11-01 12:03:00-04:00,56.724998474121094,56.77000045776367,56.709999084472656,56.77000045776367,2531,0.0,0.0
2024-11-01 12:04:00-04:00,56.78499984741211,56.81990051269531,56.779998779296875,56.779998779296875,1690,0.0,0.0
2024-11-01 12:05:00-04:00,56.779998779296875,56.78179931640625,56.779998779296875,56.78179931640625,444,0.0,0.0
2024-11-01 12:06:00-04:00,56.810001373291016,56.81999969482422,56.810001373291016,56.81999969482422,866,0.0,0.0
2024-11-01 12:07:00-04:00,56.849998474121094,57.04999923706055,56.849998474121094,57.04999923706055,7113,0.0,0.0
2024-11-01 12:08:00-04:00,57.04999923706055,57.04999923706055,57.029998779296875,57.040000915527344,1817,0.0,0.0
2024-11-01 12:09:00-04:00,57.060001373291016,57.06999969482422,57.060001373291016,57.06930160522461,1355,0.0,0.0
2024-11-01 12:10:00-04:00,57.06999969482422,57.06999969482422,57.04899978637695,57.04899978637695,5054,0.0,0.0
2024-11-01 12:11:00-04:00,57.06669998168945,57.099998474121094,57.029998779296875,57.06999969482422,6041,0.0,0.0
2024-11-01 12:12:00-04:00,57.0640983581543,57.0640983581543,57.01499938964844,57.01499938964844,551,0.0,0.0
2024-11-01 12:13:00-04:00,57.0099983215332,57.0099983215332,57.0099983215332,57.0099983215332,492,0.0,0.0
2024-11-01 12:15:00-04:00,56.900001525878906,56.93000030517578,56.900001525878906,56.93000030517578,5986,0.0,0.0
2024-11-01 12:16:00-04:00,56.88999938964844,56.90999984741211,56.88999938964844,56.90999984741211,2709,0.0,0.0
2024-11-01 12:17:00-04:00,56.900001525878906,56.900001525878906,56.900001525878906,56.900001525878906,840,0.0,0.0
2024-11-01 12:18:00-04:00,56.810001373291016,56.8650016784668,56.810001373291016,56.8650016784668,1593,0.0,0.0
2024-11-01 12:19:00-04:00,56.900001525878906,56.900001525878906,56.8650016784668,56.8650016784668,629,0.0,0.0
2024-11-01 12:20:00-04:00,56.877498626708984,56.91999816894531,56.875,56.91999816894531,3183,0.0,0.0
2024-11-01 12:21:00-04:00,56.93000030517578,56.93000030517578,56.90999984741211,56.90999984741211,1424,0.0,0.0
2024-11-01 12:22:00-04:00,56.939998626708984,56.97999954223633,56.935001373291016,56.935001373291016,2209,0.0,0.0
2024-11-01 12:23:00-04:00,56.93000030517578,56.9900016784668,56.93000030517578,56.9900016784668,2032,0.0,0.0
2024-11-01 12:24:00-04:00,56.9900016784668,57.029998779296875,56.9900016784668,57.029998779296875,1141,0.0,0.0
2024-11-01 12:25:00-04:00,57.00529861450195,57.00529861450195,56.95500183105469,56.99259948730469,4199,0.0,0.0
2024-11-01 12:26:00-04:00,56.95000076293945,56.95000076293945,56.95000076293945,56.95000076293945,440,0.0,0.0
2024-11-01 12:27:00-04:00,56.970001220703125,56.970001220703125,56.970001220703125,56.970001220703125,288,0.0,0.0
2024-11-01 12:28:00-04:00,56.969398498535156,56.994998931884766,56.969398498535156,56.994998931884766,2854,0.0,0.0
2024-11-01 12:30:00-04:00,56.970001220703125,56.970001220703125,56.970001220703125,56.970001220703125,2531,0.0,0.0
2024-11-01 12:31:00-04:00,56.970001220703125,56.970001220703125,56.939998626708984,56.96900177001953,1463,0.0,0.0
2024-11-01 12:32:00-04:00,56.977500915527344,56.999900817871094,56.970001220703125,56.9900016784668,7079,0.0,0.0
2024-11-01 12:33:00-04:00,57.0,57.029998779296875,57.0,57.02000045776367,2739,0.0,0.0
2024-11-01 12:34:00-04:00,57.025001525878906,57.099998474121094,57.025001525878906,57.06999969482422,4872,0.0,0.0
2024-11-01 12:35:00-04:00,57.04999923706055,57.099998474121094,57.04999923706055,57.060001373291016,6410,0.0,0.0
2024-11-01 12:36:00-04:00,57.04999923706055,57.064998626708984,57.04999923706055,57.060001373291016,3624,0.0,0.0
2024-11-01 12:37:00-04:00,57.060001373291016,57.060001373291016,57.060001373291016,57.060001373291016,284,0.0,0.0
2024-11-01 12:38:00-04:00,57.08000183105469,57.099998474121094,57.05500030517578,57.08000183105469,7359,0.0,0.0
2024-11-01 12:39:00-04:00,57.0609016418457,57.07500076293945,57.040000915527344,57.064998626708984,11129,0.0,0.0
2024-11-01 12:40:00-04:00,57.089900970458984,57.09000015258789,57.025001525878906,57.025001525878906,4205,0.0,0.0
2024-11-01 12:41:00-04:00,57.02730178833008,57.040000915527344,56.890098571777344,56.939998626708984,10055,0.0,0.0
2024-11-01 12:42:00-04:00,56.95000076293945,56.95000076293945,56.82500076293945,56.880001068115234,3470,0.0,0.0
2024-11-01 12:43:00-04:00,56.880001068115234,56.903099060058594,56.74100112915039,56.74100112915039,3223,0.0,0.0
2024-11-01 12:44:00-04:00,56.790000915527344,56.79999923706055,56.72999954223633,56.72999954223633,3241,0.0,0.0
2024-11-01 12:46:00-04:00,56.869998931884766,56.906898498535156,56.869998931884766,56.906898498535156,10541,0.0,0.0
2024-11-01 12:47:00-04:00,56.880001068115234,56.880001068115234,56.880001068115234,56.880001068115234,418,0.0,0.0
2024-11-01 12:48:00-04:00,56.880001068115234,56.880001068115234,56.85499954223633,56.85499954223633,993,0.0,0.0
2024-11-01 12:49:00-04:00,56.90999984741211,56.94710159301758,56.89910125732422,56.91999816894531,2238,0.0,0.0
2024-11-01 12:50:00-04:00,56.939998626708984,56.94990158081055,56.900001525878906,56.90999984741211,3707,0.0,0.0
2024-11-01 12:51:00-04:00,56.915000915527344,56.915000915527344,56.915000915527344,56.915000915527344,691,0.0,0.0
2024-11-01 12:52:00-04:00,56.939998626708984,56.95500183105469,56.93000030517578,56.939998626708984,2945,0.0,0.0
2024-11-01 12:53:00-04:00,56.91999816894531,56.91999816894531,56.91999816894531,56.91999816894531,290,0.0,0.0
2024-11-01 12:54:00-04:00,56.93000030517578,56.93000030517578,56.849998474121094,56.849998474121094,2082,0.0,0.0
2024-11-01 12:55:00-04:00,56.83000183105469,56.84000015258789,56.810001373291016,56.84000015258789,3491,0.0,0.0
2024-11-01 12:56:00-04:00,56.779998779296875,56.790000915527344,56.76499938964844,56.790000915527344,1205,0.0,0.0
2024-11-01 12:57:00-04:00,56.7599983215332,56.775001525878906,56.68000030517578,56.689998626708984,2719,0.0,0.0
2024-11-01 12:58:00-04:00,56.66999816894531,56.66999816894531,56.630001068115234,56.630001068115234,2067,0.0,0.0
2024-11-01 12:59:00-04:00,56.68000030517578,56.68000030517578,56.68000030517578,56.68000030517578,661,0.0,0.0
2024-11-01 13:00:00-04:00,56.709999084472656,56.720001220703125,56.65999984741211,56.65999984741211,2085,0.0,0.0
2024-11-01 13:01:00-04:00,56.66999816894531,56.66999816894531,56.66999816894531,56.66999816894531,650,0.0,0.0
2024-11-01 13:02:00-04:00,56.684600830078125,56.709999084472656,56.684600830078125,56.709999084472656,1368,0.0,0.0
2024-11-01 13:03:00-04:00,56.7400016784668,56.7400016784668,56.720001220703125,56.72999954223633,2427,0.0,0.0
2024-11-01 13:05:00-04:00,56.755001068115234,56.77000045776367,56.7400016784668,56.7599983215332,2588,0.0,0.0
2024-11-01 13:06:00-04:00,56.7599983215332,56.7599983215332,56.75,56.7599983215332,1068,0.0,0.0
2024-11-01 13:07:00-04:00,56.709999084472656,56.75,56.709999084472656,56.75,781,0.0,0.0
2024-11-01 13:08:00-04:00,56.75,56.75,56.71500015258789,56.71500015258789,1634,0.0,0.0
2024-11-01 13:09:00-04:00,56.72999954223633,56.7599983215332,56.72999954223633,56.755001068115234,2252,0.0,0.0
2024-11-01 13:10:00-04:00,56.75,56.75,56.7400016784668,56.7400016784668,2202,0.0,0.0
2024-11-01 13:12:00-04:00,56.814998626708984,56.814998626708984,56.814998626708984,56.814998626708984,251,0.0,0.0
2024-11-01 13:13:00-04:00,56.83000183105469,56.880001068115234,56.83000183105469,56.880001068115234,3739,0.0,0.0
2024-11-01 13:14:00-04:00,56.9114990234375,56.91999816894531,56.88999938964844,56.90999984741211,2984,0.0,0.0
2024-11-01 13:16:00-04:00,56.91999816894531,56.939998626708984,56.91999816894531,56.92499923706055,3302,0.0,0.0
2024-11-01 13:17:00-04:00,56.935001373291016,56.935001373291016,56.88999938964844,56.90999984741211,2151,0.0,0.0
2024-11-01 13:18:00-04:00,56.88999938964844,56.88999938964844,56.81999969482422,56.84000015258789,1933,0.0,0.0
2024-11-01 13:19:00-04:00,56.849998474121094,56.849998474121094,56.84000015258789,56.849998474121094,1338,0.0,0.0
2024-11-01 13:20:00-04:00,56.880001068115234,56.880001068115234,56.880001068115234,56.880001068115234,709,0.0,0.0
2024-11-01 13:21:00-04:00,56.900001525878906,57.040000915527344,56.88999938964844,57.0,15787,0.0,0.0
2024-11-01 13:22:00-04:00,56.95500183105469,56.9900016784668,56.95500183105469,56.9900016784668,1791,0.0,0.0
2024-11-01 13:23:00-04:00,56.97999954223633,57.060001373291016,56.97999954223633,57.03499984741211,7216,0.0,0.0
2024-11-01 13:24:00-04:00,57.029998779296875,57.060001373291016,57.029998779296875,57.032501220703125,2284,0.0,0.0
2024-11-01 13:25:00-04:00,57.0099983215332,57.029998779296875,57.0,57.029998779296875,2686,0.0,0.0
2024-11-01 13:26:00-04:00,57.060001373291016,57.099998474121094,57.029998779296875,57.099998474121094,14583,0.0,0.0
2024-11-01 13:27:00-04:00,57.099998474121094,57.099998474121094,57.08000183105469,57.08000183105469,4039,0.0,0.0
2024-11-01 13:28:00-04:00,57.09870147705078,57.09870147705078,57.08000183105469,57.097900390625,1029,0.0,0.0
2024-11-01 13:29:00-04:00,57.099998474121094,57.22999954223633,57.09000015258789,57.18000030517578,9634,0.0,0.0
2024-11-01 13:30:00-04:00,57.18000030517578,57.18000030517578,57.0,57.02000045776367,4456,0.0,0.0
2024-11-01 13:31:00-04:00,56.9900016784668,56.9900016784668,56.9900016784668,56.9900016784668,1089,0.0,0.0
2024-11-01 13:32:00-04:00,57.0,57.0,56.92499923706055,56.970001220703125,2105,0.0,0.0
2024-11-01 13:33:00-04:00,56.974998474121094,57.0099983215332,56.95000076293945,56.98500061035156,6098,0.0,0.0
2024-11-01 13:34:00-04:00,57.040000915527344,57.040000915527344,56.97999954223633,57.01499938964844,12446,0.0,0.0
2024-11-01 13:35:00-04:00,57.01499938964844,57.099998474121094,57.01250076293945,57.099998474121094,4160,0.0,0.0
2024-11-01 13:36:00-04:00,57.07500076293945,57.13999938964844,57.07500076293945,57.1150016784668,7576,0.0,0.0
2024-11-01 13:37:00-04:00,57.119998931884766,57.119998931884766,57.08000183105469,57.11000061035156,1939,0.0,0.0
2024-11-01 13:38:00-04:00,57.119998931884766,57.224998474121094,57.119998931884766,57.224998474121094,2892,0.0,0.0
2024-11-01 13:39:00-04:00,57.224998474121094,57.22999954223633,57.209999084472656,57.209999084472656,1522,0.0,0.0
2024-11-01 13:40:00-04:00,57.15999984741211,57.15999984741211,57.130001068115234,57.150001525878906,2983,0.0,0.0
2024-11-01 13:41:00-04:00,57.15999984741211,57.15999984741211,57.15999984741211,57.15999984741211,1367,0.0,0.0
2024-11-01 13:42:00-04:00,57.154998779296875,57.189998626708984,57.154998779296875,57.18000030517578,2986,0.0,0.0
2024-11-01 13:43:00-04:00,57.185001373291016,57.185001373291016,57.18000030517578,57.18000030517578,817,0.0,0.0
2024-11-01 13:44:00-04:00,57.150001525878906,57.150001525878906,57.119998931884766,57.119998931884766,2636,0.0,0.0
2024-11-01 13:45:00-04:00,57.130001068115234,57.13999938964844,57.10499954223633,57.10499954223633,2485,0.0,0.0
2024-11-01 13:46:00-04:00,57.10499954223633,57.10499954223633,57.005001068115234,57.040000915527344,10690,0.0,0.0
2024-11-01 13:47:00-04:00,57.02000045776367,57.060001373291016,57.02000045776367,57.040000915527344,3423,0.0,0.0
2024-11-01 13:48:00-04:00,57.0,57.029998779296875,57.0,57.029998779296875,1231,0.0,0.0
2024-11-01 13:49:00-04:00,57.0099983215332,57.029998779296875,57.0099983215332,57.029998779296875,683,0.0,0.0
2024-11-01 13:50:00-04:00,56.9901008605957,57.11000061035156,56.9901008605957,57.095001220703125,6344,0.0,0.0
2024-11-01 13:51:00-04:00,57.099998474121094,57.119998931884766,57.08000183105469,57.08000183105469,2241,0.0,0.0
2024-11-01 13:52:00-04:00,57.060001373291016,57.119998931884766,57.060001373291016,57.119998931884766,4436,0.0,0.0
2024-11-01 13:53:00-04:00,57.119998931884766,57.119998931884766,57.119998931884766,57.119998931884766,369,0.0,0.0
2024-11-01 13:54:00-04:00,57.119998931884766,57.150001525878906,57.10499954223633,57.13999938964844,3595,0.0,0.0
2024-11-01 13:55:00-04:00,57.130001068115234,57.130001068115234,57.09000015258789,57.09000015258789,2795,0.0,0.0
2024-11-01 13:56:00-04:00,57.095001220703125,57.095001220703125,57.060001373291016,57.060001373291016,823,0.0,0.0
2024-11-01 13:57:00-04:00,57.03499984741211,57.03499984741211,56.90999984741211,56.959999084472656,4469,0.0,0.0
2024-11-01 13:59:00-04:00,56.959999084472656,56.96500015258789,56.92499923706055,56.95500183105469,2462,0.0,0.0
2024-11-01 14:00:00-04:00,56.939998626708984,56.95500183105469,56.939998626708984,56.95500183105469,864,0.0,0.0
2024-11-01 14:01:00-04:00,56.97999954223633,57.040000915527344,56.97999954223633,57.040000915527344,2535,0.0,0.0
2024-11-01 14:02:00-04:00,57.040000915527344,57.040000915527344,57.02000045776367,57.02000045776367,1558,0.0,0.0
2024-11-01 14:03:00-04:00,57.0,57.02989959716797,56.97999954223633,57.02989959716797,2189,0.0,0.0
2024-11-01 14:04:00-04:00,57.0,57.0099983215332,57.0,57.005001068115234,1500,0.0,0.0
2024-11-01 14:05:00-04:00,57.01499938964844,57.01499938964844,57.0,57.0,1952,0.0,0.0
2024-11-01 14:06:00-04:00,57.0099983215332,57.11000061035156,57.0,57.10499954223633,7841,0.0,0.0
2024-11-01 14:07:00-04:00,57.124298095703125,57.124298095703125,57.06999969482422,57.06999969482422,1610,0.0,0.0
2024-11-01 14:08:00-04:00,57.029998779296875,57.08599853515625,57.02000045776367,57.08599853515625,3826,0.0,0.0
2024-11-01 14:09:00-04:00,57.040000915527344,57.06999969482422,57.040000915527344,57.06999969482422,1152,0.0,0.0
2024-11-01 14:10:00-04:00,57.066001892089844,57.165000915527344,57.066001892089844,57.165000915527344,5001,0.0,0.0
2024-11-01 14:11:00-04:00,57.165000915527344,57.29600143432617,57.165000915527344,57.275001525878906,16906,0.0,0.0
2024-11-01 14:12:00-04:00,57.275001525878906,57.34000015258789,57.27000045776367,57.27000045776367,9893,0.0,0.0
2024-11-01 14:13:00-04:00,57.25,57.26250076293945,57.17620086669922,57.18000030517578,3099,0.0,0.0
2024-11-01 14:14:00-04:00,57.209999084472656,57.209999084472656,57.150001525878906,57.150001525878906,2212,0.0,0.0
2024-11-01 14:15:00-04:00,57.14500045776367,57.150001525878906,57.11000061035156,57.11000061035156,2464,0.0,0.0
2024-11-01 14:16:00-04:00,57.13999938964844,57.13999938964844,57.13999938964844,57.13999938964844,1468,0.0,0.0
2024-11-01 14:17:00-04:00,57.119998931884766,57.13999938964844,57.119998931884766,57.125,1745,0.0,0.0
2024-11-01 14:18:00-04:00,57.14360046386719,57.145999908447266,57.130001068115234,57.145999908447266,2292,0.0,0.0
2024-11-01 14:19:00-04:00,57.11000061035156,57.11000061035156,57.01279830932617,57.03419876098633,3927,0.0,0.0
2024-11-01 14:20:00-04:00,57.02000045776367,57.02000045776367,56.95500183105469,56.95500183105469,3009,0.0,0.0
2024-11-01 14:21:00-04:00,56.99409866333008,57.04999923706055,56.970001220703125,57.04499816894531,3995,0.0,0.0
2024-11-01 14:22:00-04:00,57.04999923706055,57.064998626708984,57.029998779296875,57.029998779296875,3193,0.0,0.0
2024-11-01 14:23:00-04:00,57.04999923706055,57.04999923706055,57.0099983215332,57.0099983215332,3521,0.0,0.0
2024-11-01 14:24:00-04:00,56.9900016784668,57.02000045776367,56.9900016784668,57.02000045776367,1402,0.0,0.0
2024-11-01 14:25:00-04:00,57.0099983215332,57.0099983215332,56.915000915527344,56.93000030517578,3140,0.0,0.0
2024-11-01 14:26:00-04:00,56.939998626708984,56.939998626708984,56.880001068115234,56.880001068115234,2125,0.0,0.0
2024-11-01 14:27:00-04:00,56.83789825439453,56.900001525878906,56.83789825439453,56.900001525878906,3542,0.0,0.0
2024-11-01 14:29:00-04:00,56.900001525878906,56.900001525878906,56.86000061035156,56.880001068115234,1746,0.0,0.0
2024-11-01 14:30:00-04:00,56.869998931884766,56.88999938964844,56.869998931884766,56.869998931884766,2101,0.0,0.0
2024-11-01 14:31:00-04:00,56.88999938964844,56.88999938964844,56.880001068115234,56.880001068115234,899,0.0,0.0
2024-11-01 14:32:00-04:00,56.900001525878906,56.949501037597656,56.900001525878906,56.949501037597656,2271,0.0,0.0
2024-11-01 14:33:00-04:00,56.93000030517578,56.93000030517578,56.90999984741211,56.91999816894531,1960,0.0,0.0
2024-11-01 14:34:00-04:00,56.94990158081055,56.970001220703125,56.93429946899414,56.959999084472656,1953,0.0,0.0
2024-11-01 14:35:00-04:00,56.962398529052734,57.02000045776367,56.962398529052734,56.97999954223633,6765,0.0,0.0
2024-11-01 14:36:00-04:00,56.97999954223633,56.97999954223633,56.95000076293945,56.95000076293945,921,0.0,0.0
2024-11-01 14:37:00-04:00,56.94499969482422,56.94499969482422,56.90999984741211,56.929901123046875,3816,0.0,0.0
2024-11-01 14:38:00-04:00,56.93000030517578,56.96889877319336,56.90999984741211,56.95000076293945,3088,0.0,0.0
2024-11-01 14:39:00-04:00,56.959999084472656,57.0260009765625,56.959999084472656,57.01499938964844,4149,0.0,0.0
2024-11-01 14:40:00-04:00,57.0099983215332,57.029998779296875,57.0,57.0,4310,0.0,0.0
2024-11-01 14:41:00-04:00,57.0,57.029998779296875,57.0,57.01499938964844,2283,0.0,0.0
2024-11-01 14:42:00-04:00,57.01499938964844,57.03499984741211,57.01499938964844,57.03499984741211,1570,0.0,0.0
2024-11-01 14:43:00-04:00,57.0,57.060001373291016,56.9900016784668,57.040000915527344,9496,0.0,0.0
2024-11-01 14:44:00-04:00,56.9900016784668,57.0099983215332,56.970001220703125,56.970001220703125,4098,0.0,0.0
2024-11-01 14:45:00-04:00,56.974998474121094,57.0099983215332,56.974998474121094,56.9900016784668,8883,0.0,0.0
2024-11-01 14:46:00-04:00,56.959999084472656,56.959999084472656,56.90999984741211,56.91999816894531,2060,0.0,0.0
2024-11-01 14:47:00-04:00,56.94419860839844,56.94419860839844,56.900001525878906,56.915000915527344,1537,0.0,0.0
2024-11-01 14:48:00-04:00,56.939998626708984,57.0099983215332,56.939998626708984,57.0099983215332,5119,0.0,0.0
2024-11-01 14:49:00-04:00,57.0099983215332,57.09000015258789,57.0,57.09000015258789,7850,0.0,0.0
2024-11-01 14:50:00-04:00,57.099998474121094,57.099998474121094,57.029998779296875,57.029998779296875,2440,0.0,0.0
2024-11-01 14:51:00-04:00,57.060001373291016,57.08000183105469,57.04499816894531,57.08000183105469,3102,0.0,0.0
2024-11-01 14:52:00-04:00,57.11000061035156,57.119998931884766,57.095001220703125,57.119998931884766,1701,0.0,0.0
2024-11-01 14:53:00-04:00,57.09000015258789,57.099998474121094,57.09000015258789,57.099998474121094,1512,0.0,0.0
2024-11-01 14:54:00-04:00,57.095001220703125,57.150001525878906,57.09000015258789,57.13999938964844,3238,0.0,0.0
2024-11-01 14:55:00-04:00,57.13999938964844,57.189998626708984,57.13999938964844,57.189998626708984,2203,0.0,0.0
2024-11-01 14:56:00-04:00,57.16999816894531,57.212501525878906,57.15999984741211,57.16999816894531,5985,0.0,0.0
2024-11-01 14:57:00-04:00,57.17499923706055,57.17499923706055,57.099998474121094,57.119998931884766,4797,0.0,0.0
2024-11-01 14:58:00-04:00,57.095001220703125,57.095001220703125,57.02000045776367,57.060001373291016,5209,0.0,0.0
2024-11-01 14:59:00-04:00,57.064998626708984,57.119998931884766,57.064998626708984,57.119998931884766,1445,0.0,0.0
2024-11-01 15:00:00-04:00,57.119998931884766,57.130001068115234,57.11000061035156,57.11000061035156,3077,0.0,0.0
2024-11-01 15:01:00-04:00,57.119998931884766,57.13999938964844,57.119998931884766,57.125,1438,0.0,0.0
2024-11-01 15:02:00-04:00,57.150001525878906,57.15999984741211,57.150001525878906,57.15999984741211,1267,0.0,0.0
2024-11-01 15:03:00-04:00,57.16510009765625,57.16510009765625,57.130001068115234,57.130001068115234,3198,0.0,0.0
2024-11-01 15:04:00-04:00,57.130001068115234,57.16999816894531,57.130001068115234,57.14500045776367,2197,0.0,0.0
2024-11-01 15:05:00-04:00,57.150001525878906,57.18000030517578,57.130001068115234,57.165000915527344,3115,0.0,0.0
2024-11-01 15:06:00-04:00,57.189998626708984,57.189998626708984,57.13999938964844,57.165000915527344,7003,0.0,0.0
2024-11-01 15:07:00-04:00,57.13999938964844,57.189998626708984,57.13999938964844,57.17499923706055,5033,0.0,0.0
2024-11-01 15:08:00-04:00,57.189998626708984,57.20000076293945,57.15999984741211,57.15999984741211,5400,0.0,0.0
2024-11-01 15:09:00-04:00,57.189998626708984,57.22999954223633,57.189998626708984,57.209999084472656,5032,0.0,0.0
2024-11-01 15:10:00-04:00,57.220001220703125,57.220001220703125,57.15769958496094,57.15769958496094,2021,0.0,0.0
2024-11-01 15:11:00-04:00,57.20560073852539,57.27000045776367,57.18000030517578,57.27000045776367,14539,0.0,0.0
2024-11-01 15:12:00-04:00,57.27009963989258,57.310001373291016,57.27009963989258,57.279998779296875,5072,0.0,0.0
2024-11-01 15:13:00-04:00,57.2599983215332,57.2599983215332,57.209999084472656,57.24140167236328,3156,0.0,0.0
2024-11-01 15:14:00-04:00,57.25,57.27000045776367,57.244998931884766,57.27000045776367,3445,0.0,0.0
2024-11-01 15:15:00-04:00,57.22999954223633,57.2599983215332,57.220001220703125,57.23500061035156,2771,0.0,0.0
2024-11-01 15:16:00-04:00,57.2599983215332,57.27000045776367,57.255001068115234,57.255001068115234,2211,0.0,0.0
2024-11-01 15:17:00-04:00,57.2599983215332,57.2599983215332,57.25,57.2599983215332,1400,0.0,0.0
2024-11-01 15:18:00-04:00,57.22999954223633,57.2400016784668,57.209999084472656,57.21799850463867,5315,0.0,0.0
2024-11-01 15:19:00-04:00,57.25,57.2599983215332,57.23740005493164,57.244998931884766,1912,0.0,0.0
2024-11-01 15:20:00-04:00,57.25,57.25,57.19499969482422,57.19499969482422,3768,0.0,0.0
2024-11-01 15:21:00-04:00,57.19499969482422,57.19499969482422,57.119998931884766,57.16999816894531,3013,0.0,0.0
2024-11-01 15:22:00-04:00,57.150001525878906,57.15999984741211,57.096900939941406,57.150001525878906,7587,0.0,0.0
2024-11-01 15:23:00-04:00,57.119998931884766,57.13999938964844,57.099998474121094,57.099998474121094,2930,0.0,0.0
2024-11-01 15:24:00-04:00,57.08000183105469,57.099998474121094,57.08000183105469,57.099998474121094,2672,0.0,0.0
2024-11-01 15:25:00-04:00,57.11000061035156,57.119998931884766,57.040000915527344,57.040000915527344,7351,0.0,0.0
2024-11-01 15:26:00-04:00,57.029998779296875,57.029998779296875,57.0099983215332,57.029998779296875,1946,0.0,0.0
2024-11-01 15:27:00-04:00,57.029998779296875,57.040000915527344,57.0099983215332,57.029998779296875,7202,0.0,0.0
2024-11-01 15:28:00-04:00,57.01499938964844,57.01499938964844,56.970001220703125,56.97999954223633,1867,0.0,0.0
2024-11-01 15:29:00-04:00,56.97999954223633,56.97999954223633,56.91999816894531,56.91999816894531,2813,0.0,0.0
2024-11-01 15:30:00-04:00,56.955101013183594,57.0,56.95500183105469,57.0,2313,0.0,0.0
2024-11-01 15:31:00-04:00,56.970001220703125,56.970001220703125,56.970001220703125,56.970001220703125,2039,0.0,0.0
2024-11-01 15:32:00-04:00,57.0,57.040000915527344,57.0,57.03499984741211,8027,0.0,0.0
2024-11-01 15:33:00-04:00,57.04999923706055,57.099998474121094,57.04999923706055,57.095001220703125,4692,0.0,0.0
2024-11-01 15:34:00-04:00,57.095001220703125,57.095001220703125,57.029998779296875,57.029998779296875,4754,0.0,0.0
2024-11-01 15:35:00-04:00,57.0099983215332,57.0099983215332,56.970001220703125,56.970001220703125,937,0.0,0.0
2024-11-01 15:36:00-04:00,57.0099983215332,57.02000045776367,56.970001220703125,57.0099983215332,6548,0.0,0.0
2024-11-01 15:37:00-04:00,57.0099983215332,57.029998779296875,56.97999954223633,56.9900016784668,5497,0.0,0.0
2024-11-01 15:38:00-04:00,57.0,57.025001525878906,56.974998474121094,56.974998474121094,2976,0.0,0.0
2024-11-01 15:39:00-04:00,56.959999084472656,57.02000045776367,56.959999084472656,57.02000045776367,3411,0.0,0.0
2024-11-01 15:40:00-04:00,57.02000045776367,57.060001373291016,57.0099983215332,57.04999923706055,4278,0.0,0.0
2024-11-01 15:41:00-04:00,57.060001373291016,57.06999969482422,57.04999923706055,57.04999923706055,4491,0.0,0.0
2024-11-01 15:42:00-04:00,57.04499816894531,57.08000183105469,57.04499816894531,57.064998626708984,50773,0.0,0.0
2024-11-01 15:43:00-04:00,57.04999923706055,57.06999969482422,57.029998779296875,57.029998779296875,4254,0.0,0.0
2024-11-01 15:44:00-04:00,57.040000915527344,57.05500030517578,56.970001220703125,56.994998931884766,6274,0.0,0.0
2024-11-01 15:45:00-04:00,56.970001220703125,56.970001220703125,56.90999984741211,56.90999984741211,3746,0.0,0.0
2024-11-01 15:46:00-04:00,56.939998626708984,56.959999084472656,56.849998474121094,56.900001525878906,15257,0.0,0.0
2024-11-01 15:47:00-04:00,56.93000030517578,56.93669891357422,56.915000915527344,56.92490005493164,2742,0.0,0.0
2024-11-01 15:48:00-04:00,56.91999816894531,56.95000076293945,56.91999816894531,56.935001373291016,10107,0.0,0.0
2024-11-01 15:49:00-04:00,56.935001373291016,56.935001373291016,56.830501556396484,56.849998474121094,7276,0.0,0.0
2024-11-01 15:50:00-04:00,56.849998474121094,56.849998474121094,56.72999954223633,56.810001373291016,17171,0.0,0.0
2024-11-01 15:51:00-04:00,56.810001373291016,56.83000183105469,56.7599983215332,56.7599983215332,13309,0.0,0.0
2024-11-01 15:52:00-04:00,56.779998779296875,56.86000061035156,56.779998779296875,56.86000061035156,14898,0.0,0.0
2024-11-01 15:53:00-04:00,56.85499954223633,56.85499954223633,56.810001373291016,56.834999084472656,9444,0.0,0.0
2024-11-01 15:54:00-04:00,56.834999084472656,56.86000061035156,56.779998779296875,56.86000061035156,24955,0.0,0.0
2024-11-01 15:55:00-04:00,56.86000061035156,57.04999923706055,56.86000061035156,57.0099983215332,25373,0.0,0.0
2024-11-01 15:56:00-04:00,57.005001068115234,57.005001068115234,56.91999816894531,56.934200286865234,21656,0.0,0.0
2024-11-01 15:57:00-04:00,56.93000030517578,56.939998626708984,56.900001525878906,56.900001525878906,19664,0.0,0.0
2024-11-01 15:58:00-04:00,56.90999984741211,56.935001373291016,56.8849983215332,56.93000030517578,35949,0.0,0.0
2024-11-01 15:59:00-04:00,56.91999816894531,56.970001220703125,56.88999938964844,56.959999084472656,38247,0.0,0.0
