Datetime,Open,High,Low,Close,Volume,Dividends,Stock Splits
2024-10-28 09:30:00-04:00,6.28000020980835,6.28000020980835,6.264999866485596,6.264999866485596,361712,0.0,0.0
2024-10-28 09:33:00-04:00,6.28000020980835,6.28000020980835,6.28000020980835,6.28000020980835,194473,0.0,0.0
2024-10-28 09:34:00-04:00,6.28000020980835,6.28000020980835,6.28000020980835,6.28000020980835,522,0.0,0.0
2024-10-28 09:35:00-04:00,6.279900074005127,6.279900074005127,6.275000095367432,6.275000095367432,1039,0.0,0.0
2024-10-28 09:37:00-04:00,6.284999847412109,6.284999847412109,6.28000020980835,6.28000020980835,69648,0.0,0.0
2024-10-28 09:40:00-04:00,6.284999847412109,6.284999847412109,6.284999847412109,6.284999847412109,1249,0.0,0.0
2024-10-28 09:41:00-04:00,6.284999847412109,6.300000190734863,6.284999847412109,6.295000076293945,200214,0.0,0.0
2024-10-28 09:42:00-04:00,6.295000076293945,6.300000190734863,6.295000076293945,6.295000076293945,5668,0.0,0.0
2024-10-28 09:43:00-04:00,6.295000076293945,6.300000190734863,6.289999961853027,6.289999961853027,21636,0.0,0.0
2024-10-28 09:44:00-04:00,6.295000076293945,6.295000076293945,6.284999847412109,6.289999961853027,109717,0.0,0.0
2024-10-28 09:45:00-04:00,6.289999961853027,6.300000190734863,6.289999961853027,6.289999961853027,52407,0.0,0.0
2024-10-28 09:46:00-04:00,6.295000076293945,6.300000190734863,6.289999961853027,6.295000076293945,21251,0.0,0.0
2024-10-28 09:47:00-04:00,6.300000190734863,6.300000190734863,6.289999961853027,6.289999961853027,4551,0.0,0.0
2024-10-28 09:48:00-04:00,6.295000076293945,6.295000076293945,6.295000076293945,6.295000076293945,5795,0.0,0.0
2024-10-28 09:51:00-04:00,6.304999828338623,6.304999828338623,6.300000190734863,6.304999828338623,97310,0.0,0.0
2024-10-28 09:52:00-04:00,6.300000190734863,6.309100151062012,6.300000190734863,6.309100151062012,631,0.0,0.0
2024-10-28 09:53:00-04:00,6.304999828338623,6.309999942779541,6.300000190734863,6.309999942779541,31058,0.0,0.0
2024-10-28 09:54:00-04:00,6.309899806976318,6.309899806976318,6.304999828338623,6.304999828338623,7584,0.0,0.0
2024-10-28 09:55:00-04:00,6.304999828338623,6.304999828338623,6.300000190734863,6.301199913024902,38958,0.0,0.0
2024-10-28 09:56:00-04:00,6.301700115203857,6.309999942779541,6.301700115203857,6.304999828338623,5339,0.0,0.0
2024-10-28 09:57:00-04:00,6.304999828338623,6.304999828338623,6.300000190734863,6.300300121307373,40440,0.0,0.0
2024-10-28 09:58:00-04:00,6.300000190734863,6.300600051879883,6.295000076293945,6.297999858856201,92350,0.0,0.0
2024-10-28 09:59:00-04:00,6.298900127410889,6.309899806976318,6.289999961853027,6.304999828338623,102403,0.0,0.0
2024-10-28 10:00:00-04:00,6.309999942779541,6.315000057220459,6.304999828338623,6.314700126647949,163542,0.0,0.0
2024-10-28 10:01:00-04:00,6.309999942779541,6.320000171661377,6.309999942779541,6.3109002113342285,9036,0.0,0.0
2024-10-28 10:02:00-04:00,6.309999942779541,6.315000057220459,6.309999942779541,6.310299873352051,64554,0.0,0.0
2024-10-28 10:03:00-04:00,6.320000171661377,6.320000171661377,6.300000190734863,6.300000190734863,133183,0.0,0.0
2024-10-28 10:04:00-04:00,6.304999828338623,6.308199882507324,6.300000190734863,6.304999828338623,22819,0.0,0.0
2024-10-28 10:05:00-04:00,6.301199913024902,6.301199913024902,6.301199913024902,6.301199913024902,260831,0.0,0.0
2024-10-28 10:06:00-04:00,6.304999828338623,6.309999942779541,6.300000190734863,6.304999828338623,148123,0.0,0.0
2024-10-28 10:07:00-04:00,6.300099849700928,6.309999942779541,6.295000076293945,6.300000190734863,108870,0.0,0.0
2024-10-28 10:08:00-04:00,6.300000190734863,6.300000190734863,6.289999961853027,6.295000076293945,55198,0.0,0.0
2024-10-28 10:09:00-04:00,6.289999961853027,6.2957000732421875,6.289999961853027,6.295000076293945,17238,0.0,0.0
2024-10-28 10:10:00-04:00,6.295000076293945,6.295000076293945,6.289999961853027,6.295000076293945,3189,0.0,0.0
2024-10-28 10:11:00-04:00,6.29010009765625,6.295000076293945,6.289999961853027,6.289999961853027,4343,0.0,0.0
2024-10-28 10:12:00-04:00,6.295000076293945,6.295000076293945,6.289999961853027,6.289999961853027,5570,0.0,0.0
2024-10-28 10:13:00-04:00,6.289999961853027,6.300000190734863,6.289999961853027,6.290200233459473,9885,0.0,0.0
2024-10-28 10:14:00-04:00,6.289999961853027,6.295000076293945,6.289999961853027,6.289999961853027,4467,0.0,0.0
2024-10-28 10:15:00-04:00,6.295000076293945,6.295000076293945,6.289999961853027,6.295000076293945,6895,0.0,0.0
2024-10-28 10:16:00-04:00,6.300000190734863,6.300000190734863,6.28000020980835,6.289999961853027,122616,0.0,0.0
2024-10-28 10:18:00-04:00,6.284999847412109,6.289999961853027,6.284999847412109,6.289999961853027,5540,0.0,0.0
2024-10-28 10:19:00-04:00,6.289899826049805,6.289899826049805,6.289899826049805,6.289899826049805,883,0.0,0.0
2024-10-28 10:20:00-04:00,6.289899826049805,6.289899826049805,6.28000020980835,6.284999847412109,14317,0.0,0.0
2024-10-28 10:21:00-04:00,6.284999847412109,6.285099983215332,6.284999847412109,6.284999847412109,7337,0.0,0.0
2024-10-28 10:22:00-04:00,6.284999847412109,6.284999847412109,6.281499862670898,6.281499862670898,6622,0.0,0.0
2024-10-28 10:23:00-04:00,6.284999847412109,6.284999847412109,6.284999847412109,6.284999847412109,294,0.0,0.0
2024-10-28 10:24:00-04:00,6.280099868774414,6.285600185394287,6.28000020980835,6.284999847412109,30507,0.0,0.0
2024-10-28 10:25:00-04:00,6.284999847412109,6.284999847412109,6.280099868774414,6.284999847412109,10019,0.0,0.0
2024-10-28 10:26:00-04:00,6.284999847412109,6.284999847412109,6.28000020980835,6.28000020980835,528,0.0,0.0
2024-10-28 10:27:00-04:00,6.280099868774414,6.289999961853027,6.28000020980835,6.28000020980835,8095,0.0,0.0
2024-10-28 10:28:00-04:00,6.28000020980835,6.289999961853027,6.269999980926514,6.284999847412109,442677,0.0,0.0
2024-10-28 10:29:00-04:00,6.284999847412109,6.284999847412109,6.28000020980835,6.28000020980835,33377,0.0,0.0
2024-10-28 10:30:00-04:00,6.289999961853027,6.289999961853027,6.28000020980835,6.28000020980835,33740,0.0,0.0
2024-10-28 10:31:00-04:00,6.28000020980835,6.28000020980835,6.28000020980835,6.28000020980835,240,0.0,0.0
2024-10-28 10:32:00-04:00,6.284999847412109,6.284999847412109,6.28000020980835,6.28000020980835,5729,0.0,0.0
2024-10-28 10:33:00-04:00,6.284999847412109,6.284999847412109,6.284999847412109,6.284999847412109,1327,0.0,0.0
2024-10-28 10:34:00-04:00,6.280099868774414,6.284999847412109,6.280099868774414,6.284999847412109,21982,0.0,0.0
2024-10-28 10:35:00-04:00,6.284999847412109,6.284999847412109,6.284999847412109,6.284999847412109,3817,0.0,0.0
2024-10-28 10:36:00-04:00,6.284999847412109,6.284999847412109,6.284999847412109,6.284999847412109,3265,0.0,0.0
2024-10-28 10:37:00-04:00,6.284999847412109,6.284999847412109,6.28000020980835,6.284999847412109,2839,0.0,0.0
2024-10-28 10:38:00-04:00,6.284999847412109,6.284999847412109,6.284999847412109,6.284999847412109,2167,0.0,0.0
2024-10-28 10:39:00-04:00,6.28000020980835,6.28000020980835,6.28000020980835,6.28000020980835,147,0.0,0.0
2024-10-28 10:40:00-04:00,6.284999847412109,6.284999847412109,6.28000020980835,6.28000020980835,581,0.0,0.0
2024-10-28 10:41:00-04:00,6.28000020980835,6.289999961853027,6.275000095367432,6.275000095367432,133503,0.0,0.0
2024-10-28 10:42:00-04:00,6.28000020980835,6.28000020980835,6.269999980926514,6.275000095367432,21135,0.0,0.0
2024-10-28 10:43:00-04:00,6.28000020980835,6.28000020980835,6.28000020980835,6.28000020980835,1834,0.0,0.0
2024-10-28 10:44:00-04:00,6.28000020980835,6.284999847412109,6.28000020980835,6.284999847412109,38352,0.0,0.0
2024-10-28 10:45:00-04:00,6.284999847412109,6.284999847412109,6.284999847412109,6.284999847412109,416,0.0,0.0
2024-10-28 10:47:00-04:00,6.284999847412109,6.300000190734863,6.284999847412109,6.295000076293945,81813,0.0,0.0
2024-10-28 10:48:00-04:00,6.291299819946289,6.295000076293945,6.280300140380859,6.284999847412109,110658,0.0,0.0
2024-10-28 10:49:00-04:00,6.284999847412109,6.284999847412109,6.284999847412109,6.284999847412109,400,0.0,0.0
2024-10-28 10:50:00-04:00,6.284999847412109,6.284999847412109,6.284999847412109,6.284999847412109,2115,0.0,0.0
2024-10-28 10:51:00-04:00,6.288300037384033,6.295000076293945,6.284999847412109,6.295000076293945,61880,0.0,0.0
2024-10-28 10:52:00-04:00,6.290200233459473,6.300000190734863,6.289999961853027,6.295000076293945,80101,0.0,0.0
2024-10-28 10:53:00-04:00,6.2947001457214355,6.295000076293945,6.289999961853027,6.289999961853027,7787,0.0,0.0
2024-10-28 10:54:00-04:00,6.29010009765625,6.29010009765625,6.29010009765625,6.29010009765625,3095,0.0,0.0
2024-10-28 10:55:00-04:00,6.295000076293945,6.300000190734863,6.295000076293945,6.300000190734863,1918,0.0,0.0
2024-10-28 10:56:00-04:00,6.295000076293945,6.295000076293945,6.289999961853027,6.295000076293945,931,0.0,0.0
2024-10-28 10:57:00-04:00,6.295000076293945,6.295000076293945,6.295000076293945,6.295000076293945,2245,0.0,0.0
2024-10-28 10:58:00-04:00,6.2932000160217285,6.295000076293945,6.2932000160217285,6.295000076293945,4715,0.0,0.0
2024-10-28 10:59:00-04:00,6.295000076293945,6.295000076293945,6.289999961853027,6.295000076293945,826,0.0,0.0
2024-10-28 11:00:00-04:00,6.289999961853027,6.295000076293945,6.289999961853027,6.295000076293945,811,0.0,0.0
2024-10-28 11:01:00-04:00,6.295000076293945,6.295000076293945,6.295000076293945,6.295000076293945,600,0.0,0.0
2024-10-28 11:02:00-04:00,6.297500133514404,6.297500133514404,6.289999961853027,6.289999961853027,35100,0.0,0.0
2024-10-28 11:03:00-04:00,6.29040002822876,6.300000190734863,6.28000020980835,6.284999847412109,109219,0.0,0.0
2024-10-28 11:04:00-04:00,6.28000020980835,6.289700031280518,6.28000020980835,6.28000020980835,17495,0.0,0.0
2024-10-28 11:05:00-04:00,6.284999847412109,6.289999961853027,6.28000020980835,6.289000034332275,235762,0.0,0.0
2024-10-28 11:06:00-04:00,6.284999847412109,6.300000190734863,6.28000020980835,6.291999816894531,281019,0.0,0.0
2024-10-28 11:07:00-04:00,6.297699928283691,6.297699928283691,6.291800022125244,6.291800022125244,48273,0.0,0.0
2024-10-28 11:08:00-04:00,6.29400110244751,6.300000190734863,6.291800022125244,6.295000076293945,10609,0.0,0.0
2024-10-28 11:09:00-04:00,6.295000076293945,6.300000190734863,6.289999961853027,6.295000076293945,18100,0.0,0.0
2024-10-28 11:10:00-04:00,6.298999786376953,6.298999786376953,6.295000076293945,6.295000076293945,18237,0.0,0.0
2024-10-28 11:11:00-04:00,6.295000076293945,6.295000076293945,6.289999961853027,6.289999961853027,359,0.0,0.0
2024-10-28 11:13:00-04:00,6.295000076293945,6.295000076293945,6.295000076293945,6.295000076293945,427,0.0,0.0
2024-10-28 11:15:00-04:00,6.295000076293945,6.295000076293945,6.295000076293945,6.295000076293945,1127,0.0,0.0
2024-10-28 11:16:00-04:00,6.295000076293945,6.295000076293945,6.289999961853027,6.295000076293945,1054,0.0,0.0
2024-10-28 11:17:00-04:00,6.295000076293945,6.295000076293945,6.289999961853027,6.295000076293945,39217,0.0,0.0
2024-10-28 11:18:00-04:00,6.29010009765625,6.300000190734863,6.289999961853027,6.299900054931641,21229,0.0,0.0
2024-10-28 11:19:00-04:00,6.289999961853027,6.300000190734863,6.289999961853027,6.295000076293945,8712,0.0,0.0
2024-10-28 11:20:00-04:00,6.295000076293945,6.295000076293945,6.289999961853027,6.295000076293945,1018,0.0,0.0
2024-10-28 11:21:00-04:00,6.295000076293945,6.295000076293945,6.29010009765625,6.295000076293945,3413,0.0,0.0
2024-10-28 11:22:00-04:00,6.295000076293945,6.295000076293945,6.295000076293945,6.295000076293945,829,0.0,0.0
2024-10-28 11:23:00-04:00,6.295000076293945,6.295000076293945,6.289999961853027,6.295000076293945,5241,0.0,0.0
2024-10-28 11:24:00-04:00,6.295000076293945,6.295000076293945,6.289999961853027,6.295000076293945,918,0.0,0.0
2024-10-28 11:25:00-04:00,6.295000076293945,6.295000076293945,6.289999961853027,6.295000076293945,721,0.0,0.0
2024-10-28 11:26:00-04:00,6.295000076293945,6.295000076293945,6.289999961853027,6.289999961853027,1269,0.0,0.0
2024-10-28 11:27:00-04:00,6.296199798583984,6.296199798583984,6.289999961853027,6.295000076293945,9713,0.0,0.0
2024-10-28 11:28:00-04:00,6.295000076293945,6.295000076293945,6.284999847412109,6.289999961853027,64842,0.0,0.0
2024-10-28 11:29:00-04:00,6.284999847412109,6.295000076293945,6.284999847412109,6.290299892425537,180556,0.0,0.0
2024-10-28 11:30:00-04:00,6.289999961853027,6.289999961853027,6.289999961853027,6.289999961853027,202,0.0,0.0
2024-10-28 11:31:00-04:00,6.289999961853027,6.290299892425537,6.289999961853027,6.290299892425537,27791,0.0,0.0
2024-10-28 11:32:00-04:00,6.289999961853027,6.295000076293945,6.289999961853027,6.2906999588012695,36367,0.0,0.0
2024-10-28 11:33:00-04:00,6.289999961853027,6.289999961853027,6.28000020980835,6.28000020980835,35134,0.0,0.0
2024-10-28 11:34:00-04:00,6.284999847412109,6.284999847412109,6.284999847412109,6.284999847412109,974,0.0,0.0
2024-10-28 11:35:00-04:00,6.284999847412109,6.284999847412109,6.284999847412109,6.284999847412109,1438,0.0,0.0
2024-10-28 11:40:00-04:00,6.28000020980835,6.28000020980835,6.28000020980835,6.28000020980835,26397,0.0,0.0
2024-10-28 11:41:00-04:00,6.280099868774414,6.289999961853027,6.28000020980835,6.289999961853027,1958,0.0,0.0
2024-10-28 11:42:00-04:00,6.28000020980835,6.28000020980835,6.28000020980835,6.28000020980835,832,0.0,0.0
2024-10-28 11:43:00-04:00,6.284999847412109,6.284999847412109,6.269999980926514,6.279900074005127,160986,0.0,0.0
2024-10-28 11:44:00-04:00,6.275000095367432,6.28000020980835,6.269999980926514,6.275000095367432,10667,0.0,0.0
2024-10-28 11:45:00-04:00,6.275000095367432,6.275000095367432,6.275000095367432,6.275000095367432,100,0.0,0.0
2024-10-28 11:46:00-04:00,6.2779998779296875,6.28000020980835,6.275000095367432,6.28000020980835,3003,0.0,0.0
2024-10-28 11:47:00-04:00,6.275000095367432,6.275000095367432,6.275000095367432,6.275000095367432,513,0.0,0.0
2024-10-28 11:48:00-04:00,6.275000095367432,6.275000095367432,6.275000095367432,6.275000095367432,101,0.0,0.0
2024-10-28 11:50:00-04:00,6.275000095367432,6.28000020980835,6.275000095367432,6.28000020980835,563,0.0,0.0
2024-10-28 11:52:00-04:00,6.269999980926514,6.28000020980835,6.269999980926514,6.28000020980835,8209,0.0,0.0
2024-10-28 11:53:00-04:00,6.275000095367432,6.2789998054504395,6.269999980926514,6.271200180053711,76768,0.0,0.0
2024-10-28 11:55:00-04:00,6.275000095367432,6.275000095367432,6.269999980926514,6.275000095367432,10919,0.0,0.0
2024-10-28 11:56:00-04:00,6.275000095367432,6.275000095367432,6.269999980926514,6.275000095367432,8701,0.0,0.0
2024-10-28 11:57:00-04:00,6.28000020980835,6.28000020980835,6.269999980926514,6.28000020980835,14185,0.0,0.0
2024-10-28 11:58:00-04:00,6.275000095367432,6.275000095367432,6.269999980926514,6.275000095367432,8501,0.0,0.0
2024-10-28 11:59:00-04:00,6.275000095367432,6.28000020980835,6.269999980926514,6.275000095367432,187181,0.0,0.0
2024-10-28 12:00:00-04:00,6.275000095367432,6.275000095367432,6.275000095367432,6.275000095367432,8274,0.0,0.0
2024-10-28 12:01:00-04:00,6.278200149536133,6.278600215911865,6.275000095367432,6.275000095367432,16129,0.0,0.0
2024-10-28 12:02:00-04:00,6.28000020980835,6.28000020980835,6.275000095367432,6.275000095367432,3033,0.0,0.0
2024-10-28 12:03:00-04:00,6.275000095367432,6.275000095367432,6.275000095367432,6.275000095367432,942,0.0,0.0
2024-10-28 12:04:00-04:00,6.275000095367432,6.28000020980835,6.275000095367432,6.275000095367432,5759,0.0,0.0
2024-10-28 12:05:00-04:00,6.275000095367432,6.275000095367432,6.271500110626221,6.275000095367432,2227,0.0,0.0
2024-10-28 12:06:00-04:00,6.275000095367432,6.275000095367432,6.275000095367432,6.275000095367432,464,0.0,0.0
2024-10-28 12:07:00-04:00,6.275000095367432,6.275000095367432,6.275000095367432,6.275000095367432,687,0.0,0.0
2024-10-28 12:08:00-04:00,6.275000095367432,6.275000095367432,6.275000095367432,6.275000095367432,596,0.0,0.0
2024-10-28 12:09:00-04:00,6.275000095367432,6.275000095367432,6.270100116729736,6.270100116729736,354,0.0,0.0
2024-10-28 12:11:00-04:00,6.275000095367432,6.28000020980835,6.275000095367432,6.28000020980835,2074,0.0,0.0
2024-10-28 12:12:00-04:00,6.275000095367432,6.275000095367432,6.275000095367432,6.275000095367432,1052,0.0,0.0
2024-10-28 12:13:00-04:00,6.275000095367432,6.28000020980835,6.269999980926514,6.269999980926514,6044,0.0,0.0
2024-10-28 12:14:00-04:00,6.275000095367432,6.275000095367432,6.275000095367432,6.275000095367432,1009,0.0,0.0
2024-10-28 12:15:00-04:00,6.275000095367432,6.275000095367432,6.275000095367432,6.275000095367432,890,0.0,0.0
2024-10-28 12:16:00-04:00,6.28000020980835,6.28000020980835,6.275000095367432,6.28000020980835,864,0.0,0.0
2024-10-28 12:17:00-04:00,6.275000095367432,6.28000020980835,6.275000095367432,6.28000020980835,4158,0.0,0.0
2024-10-28 12:18:00-04:00,6.28000020980835,6.28000020980835,6.275000095367432,6.28000020980835,704,0.0,0.0
2024-10-28 12:19:00-04:00,6.28000020980835,6.28000020980835,6.269999980926514,6.28000020980835,4666,0.0,0.0
2024-10-28 12:20:00-04:00,6.28000020980835,6.28000020980835,6.275000095367432,6.275000095367432,1472,0.0,0.0
2024-10-28 12:21:00-04:00,6.28000020980835,6.28000020980835,6.269999980926514,6.28000020980835,45231,0.0,0.0
2024-10-28 12:22:00-04:00,6.28000020980835,6.28000020980835,6.275000095367432,6.275000095367432,7301,0.0,0.0
2024-10-28 12:23:00-04:00,6.275000095367432,6.275000095367432,6.269999980926514,6.273399829864502,57789,0.0,0.0
2024-10-28 12:24:00-04:00,6.275000095367432,6.275000095367432,6.270299911499023,6.275000095367432,7710,0.0,0.0
2024-10-28 12:25:00-04:00,6.271999835968018,6.28000020980835,6.269999980926514,6.269999980926514,30999,0.0,0.0
2024-10-28 12:26:00-04:00,6.275000095367432,6.275000095367432,6.274700164794922,6.275000095367432,2819,0.0,0.0
2024-10-28 12:27:00-04:00,6.269999980926514,6.28000020980835,6.269999980926514,6.275000095367432,8284,0.0,0.0
2024-10-28 12:28:00-04:00,6.270599842071533,6.2743000984191895,6.260000228881836,6.260000228881836,79709,0.0,0.0
2024-10-28 12:29:00-04:00,6.264999866485596,6.269999980926514,6.26170015335083,6.269999980926514,11335,0.0,0.0
2024-10-28 12:30:00-04:00,6.269999980926514,6.269999980926514,6.264999866485596,6.268799781799316,105253,0.0,0.0
2024-10-28 12:31:00-04:00,6.269999980926514,6.28000020980835,6.260000228881836,6.270100116729736,334249,0.0,0.0
2024-10-28 12:32:00-04:00,6.275000095367432,6.28000020980835,6.270100116729736,6.272299766540527,33332,0.0,0.0
2024-10-28 12:33:00-04:00,6.271699905395508,6.271699905395508,6.270100116729736,6.270100116729736,6002,0.0,0.0
2024-10-28 12:34:00-04:00,6.269999980926514,6.275000095367432,6.269999980926514,6.270100116729736,20022,0.0,0.0
2024-10-28 12:35:00-04:00,6.2718000411987305,6.275000095367432,6.269999980926514,6.269999980926514,892,0.0,0.0
2024-10-28 12:37:00-04:00,6.28000020980835,6.28000020980835,6.275000095367432,6.275000095367432,2761,0.0,0.0
2024-10-28 12:38:00-04:00,6.269999980926514,6.28000020980835,6.264999866485596,6.269899845123291,53769,0.0,0.0
2024-10-28 12:40:00-04:00,6.269899845123291,6.269899845123291,6.264999866485596,6.264999866485596,8733,0.0,0.0
2024-10-28 12:41:00-04:00,6.264999866485596,6.264999866485596,6.264999866485596,6.264999866485596,112,0.0,0.0
2024-10-28 12:42:00-04:00,6.264999866485596,6.264999866485596,6.264999866485596,6.264999866485596,7176,0.0,0.0
2024-10-28 12:44:00-04:00,6.260000228881836,6.269999980926514,6.260000228881836,6.269800186157227,18734,0.0,0.0
2024-10-28 12:45:00-04:00,6.264999866485596,6.269999980926514,6.264999866485596,6.269499778747559,5382,0.0,0.0
2024-10-28 12:46:00-04:00,6.269999980926514,6.28000020980835,6.260000228881836,6.275000095367432,187128,0.0,0.0
2024-10-28 12:47:00-04:00,6.275000095367432,6.275000095367432,6.275000095367432,6.275000095367432,460,0.0,0.0
2024-10-28 12:48:00-04:00,6.270100116729736,6.28000020980835,6.269999980926514,6.28000020980835,63318,0.0,0.0
2024-10-28 12:49:00-04:00,6.275000095367432,6.275000095367432,6.269999980926514,6.275000095367432,25387,0.0,0.0
2024-10-28 12:50:00-04:00,6.275000095367432,6.28000020980835,6.275000095367432,6.275000095367432,3903,0.0,0.0
2024-10-28 12:51:00-04:00,6.275000095367432,6.275000095367432,6.269999980926514,6.275000095367432,5299,0.0,0.0
2024-10-28 12:52:00-04:00,6.275000095367432,6.275000095367432,6.269999980926514,6.275000095367432,3453,0.0,0.0
2024-10-28 12:53:00-04:00,6.275000095367432,6.275000095367432,6.275000095367432,6.275000095367432,1145,0.0,0.0
2024-10-28 12:54:00-04:00,6.275000095367432,6.275000095367432,6.269999980926514,6.275000095367432,2326,0.0,0.0
2024-10-28 12:55:00-04:00,6.275000095367432,6.275000095367432,6.269999980926514,6.269999980926514,3861,0.0,0.0
2024-10-28 12:56:00-04:00,6.275000095367432,6.275000095367432,6.269999980926514,6.275000095367432,8170,0.0,0.0
2024-10-28 12:57:00-04:00,6.269999980926514,6.275000095367432,6.269999980926514,6.275000095367432,306,0.0,0.0
2024-10-28 12:58:00-04:00,6.275000095367432,6.275000095367432,6.275000095367432,6.275000095367432,778,0.0,0.0
2024-10-28 12:59:00-04:00,6.269999980926514,6.269999980926514,6.260000228881836,6.269999980926514,225141,0.0,0.0
2024-10-28 13:00:00-04:00,6.264999866485596,6.28000020980835,6.264999866485596,6.271699905395508,125378,0.0,0.0
2024-10-28 13:01:00-04:00,6.270100116729736,6.28000020980835,6.270100116729736,6.270199775695801,10240,0.0,0.0
2024-10-28 13:02:00-04:00,6.270400047302246,6.2789998054504395,6.270100116729736,6.2789998054504395,7413,0.0,0.0
2024-10-28 13:03:00-04:00,6.275000095367432,6.275000095367432,6.275000095367432,6.275000095367432,201,0.0,0.0
2024-10-28 13:04:00-04:00,6.28000020980835,6.28000020980835,6.270100116729736,6.270100116729736,21421,0.0,0.0
2024-10-28 13:05:00-04:00,6.270699977874756,6.275000095367432,6.269999980926514,6.2708001136779785,41034,0.0,0.0
2024-10-28 13:06:00-04:00,6.28000020980835,6.28000020980835,6.260000228881836,6.269999980926514,37811,0.0,0.0
2024-10-28 13:07:00-04:00,6.264999866485596,6.264999866485596,6.260000228881836,6.260000228881836,450,0.0,0.0
2024-10-28 13:08:00-04:00,6.268700122833252,6.268700122833252,6.264999866485596,6.264999866485596,2646,0.0,0.0
2024-10-28 13:09:00-04:00,6.264999866485596,6.264999866485596,6.264999866485596,6.264999866485596,750,0.0,0.0
2024-10-28 13:10:00-04:00,6.260000228881836,6.264999866485596,6.260000228881836,6.264999866485596,788,0.0,0.0
2024-10-28 13:11:00-04:00,6.264999866485596,6.264999866485596,6.2600998878479,6.264999866485596,4485,0.0,0.0
2024-10-28 13:12:00-04:00,6.264999866485596,6.264999866485596,6.264999866485596,6.264999866485596,547,0.0,0.0
2024-10-28 13:13:00-04:00,6.264999866485596,6.264999866485596,6.264999866485596,6.264999866485596,250,0.0,0.0
2024-10-28 13:14:00-04:00,6.264999866485596,6.264999866485596,6.260000228881836,6.264999866485596,5650,0.0,0.0
2024-10-28 13:15:00-04:00,6.264699935913086,6.269800186157227,6.260900020599365,6.261000156402588,7297,0.0,0.0
2024-10-28 13:16:00-04:00,6.260000228881836,6.260000228881836,6.25,6.2571001052856445,308563,0.0,0.0
2024-10-28 13:17:00-04:00,6.260000228881836,6.275000095367432,6.260000228881836,6.275000095367432,631836,0.0,0.0
2024-10-28 13:18:00-04:00,6.275000095367432,6.28000020980835,6.269999980926514,6.269999980926514,29493,0.0,0.0
2024-10-28 13:19:00-04:00,6.279099941253662,6.289999961853027,6.269999980926514,6.271500110626221,403028,0.0,0.0
2024-10-28 13:20:00-04:00,6.279699802398682,6.28000020980835,6.269999980926514,6.279900074005127,24707,0.0,0.0
2024-10-28 13:21:00-04:00,6.275000095367432,6.289899826049805,6.269999980926514,6.288599967956543,150453,0.0,0.0
2024-10-28 13:22:00-04:00,6.288599967956543,6.289999961853027,6.28000020980835,6.289899826049805,34619,0.0,0.0
2024-10-28 13:23:00-04:00,6.28000020980835,6.300000190734863,6.28000020980835,6.29010009765625,182276,0.0,0.0
2024-10-28 13:24:00-04:00,6.289999961853027,6.295000076293945,6.289999961853027,6.295000076293945,13079,0.0,0.0
2024-10-28 13:25:00-04:00,6.295000076293945,6.295000076293945,6.289999961853027,6.289999961853027,1100,0.0,0.0
2024-10-28 13:26:00-04:00,6.295000076293945,6.295000076293945,6.29010009765625,6.29010009765625,14401,0.0,0.0
2024-10-28 13:27:00-04:00,6.290200233459473,6.295000076293945,6.289999961853027,6.289999961853027,10504,0.0,0.0
2024-10-28 13:29:00-04:00,6.289999961853027,6.295000076293945,6.289999961853027,6.295000076293945,10310,0.0,0.0
2024-10-28 13:30:00-04:00,6.289999961853027,6.289999961853027,6.289999961853027,6.289999961853027,1005,0.0,0.0
2024-10-28 13:31:00-04:00,6.295000076293945,6.295000076293945,6.289999961853027,6.29010009765625,57670,0.0,0.0
2024-10-28 13:32:00-04:00,6.295000076293945,6.295000076293945,6.289999961853027,6.289999961853027,44084,0.0,0.0
2024-10-28 13:33:00-04:00,6.295000076293945,6.295000076293945,6.289999961853027,6.289999961853027,2056,0.0,0.0
2024-10-28 13:34:00-04:00,6.295000076293945,6.295000076293945,6.289999961853027,6.295000076293945,2130,0.0,0.0
2024-10-28 13:35:00-04:00,6.289999961853027,6.295000076293945,6.289999961853027,6.295000076293945,1315,0.0,0.0
2024-10-28 13:36:00-04:00,6.295000076293945,6.295000076293945,6.289999961853027,6.295000076293945,959,0.0,0.0
2024-10-28 13:37:00-04:00,6.295000076293945,6.297500133514404,6.289999961853027,6.295000076293945,1665,0.0,0.0
2024-10-28 13:38:00-04:00,6.295000076293945,6.295000076293945,6.289999961853027,6.289999961853027,23172,0.0,0.0
2024-10-28 13:41:00-04:00,6.295000076293945,6.295000076293945,6.289999961853027,6.289999961853027,13133,0.0,0.0
2024-10-28 13:42:00-04:00,6.295000076293945,6.300000190734863,6.289999961853027,6.300000190734863,6445,0.0,0.0
2024-10-28 13:43:00-04:00,6.295000076293945,6.295000076293945,6.289999961853027,6.289999961853027,2132,0.0,0.0
2024-10-28 13:44:00-04:00,6.289999961853027,6.300000190734863,6.289999961853027,6.297900199890137,12134,0.0,0.0
2024-10-28 13:45:00-04:00,6.289999961853027,6.309899806976318,6.289999961853027,6.304999828338623,142969,0.0,0.0
2024-10-28 13:46:00-04:00,6.304999828338623,6.309999942779541,6.300000190734863,6.304999828338623,70590,0.0,0.0
2024-10-28 13:47:00-04:00,6.300000190734863,6.307000160217285,6.300000190734863,6.304999828338623,23527,0.0,0.0
2024-10-28 13:48:00-04:00,6.304999828338623,6.304999828338623,6.304999828338623,6.304999828338623,336,0.0,0.0
2024-10-28 13:49:00-04:00,6.304999828338623,6.304999828338623,6.300000190734863,6.304999828338623,965,0.0,0.0
2024-10-28 13:50:00-04:00,6.304999828338623,6.304999828338623,6.300000190734863,6.300000190734863,5768,0.0,0.0
2024-10-28 13:51:00-04:00,6.304999828338623,6.309999942779541,6.300099849700928,6.309999942779541,5671,0.0,0.0
2024-10-28 13:52:00-04:00,6.309999942779541,6.309999942779541,6.289999961853027,6.295000076293945,129513,0.0,0.0
2024-10-28 13:53:00-04:00,6.295000076293945,6.295000076293945,6.291399955749512,6.291399955749512,2429,0.0,0.0
2024-10-28 13:54:00-04:00,6.295000076293945,6.295000076293945,6.289999961853027,6.295000076293945,3733,0.0,0.0
2024-10-28 13:55:00-04:00,6.295000076293945,6.295000076293945,6.295000076293945,6.295000076293945,460,0.0,0.0
2024-10-28 13:56:00-04:00,6.29010009765625,6.295000076293945,6.289999961853027,6.295000076293945,13342,0.0,0.0
2024-10-28 13:57:00-04:00,6.295000076293945,6.300000190734863,6.295000076293945,6.295000076293945,11536,0.0,0.0
2024-10-28 13:58:00-04:00,6.295000076293945,6.300000190734863,6.289999961853027,6.289999961853027,26246,0.0,0.0
2024-10-28 13:59:00-04:00,6.289999961853027,6.300000190734863,6.289999961853027,6.300000190734863,18760,0.0,0.0
2024-10-28 14:00:00-04:00,6.289999961853027,6.300000190734863,6.289999961853027,6.300000190734863,6444,0.0,0.0
2024-10-28 14:01:00-04:00,6.295000076293945,6.295000076293945,6.295000076293945,6.295000076293945,3035,0.0,0.0
2024-10-28 14:02:00-04:00,6.300000190734863,6.300000190734863,6.291800022125244,6.291800022125244,11178,0.0,0.0
2024-10-28 14:03:00-04:00,6.300000190734863,6.300000190734863,6.300000190734863,6.300000190734863,359,0.0,0.0
2024-10-28 14:04:00-04:00,6.300000190734863,6.300000190734863,6.295000076293945,6.300000190734863,1630,0.0,0.0
2024-10-28 14:05:00-04:00,6.295000076293945,6.300000190734863,6.289999961853027,6.300000190734863,1323836,0.0,0.0
2024-10-28 14:06:00-04:00,6.295000076293945,6.300000190734863,6.289999961853027,6.300000190734863,33173,0.0,0.0
2024-10-28 14:07:00-04:00,6.29010009765625,6.295000076293945,6.29010009765625,6.295000076293945,9697,0.0,0.0
2024-10-28 14:08:00-04:00,6.300000190734863,6.300000190734863,6.295000076293945,6.300000190734863,4975,0.0,0.0
2024-10-28 14:09:00-04:00,6.291800022125244,6.300000190734863,6.289999961853027,6.300000190734863,34614,0.0,0.0
2024-10-28 14:10:00-04:00,6.295000076293945,6.300000190734863,6.295000076293945,6.295000076293945,3240,0.0,0.0
2024-10-28 14:11:00-04:00,6.295000076293945,6.300000190734863,6.289999961853027,6.289999961853027,12364,0.0,0.0
2024-10-28 14:12:00-04:00,6.295000076293945,6.295000076293945,6.289999961853027,6.295000076293945,19545,0.0,0.0
2024-10-28 14:13:00-04:00,6.295000076293945,6.300000190734863,6.295000076293945,6.295000076293945,11084,0.0,0.0
2024-10-28 14:14:00-04:00,6.295000076293945,6.300000190734863,6.295000076293945,6.300000190734863,3608,0.0,0.0
2024-10-28 14:15:00-04:00,6.2982001304626465,6.300000190734863,6.289999961853027,6.300000190734863,87982,0.0,0.0
2024-10-28 14:16:00-04:00,6.300000190734863,6.300000190734863,6.295000076293945,6.300000190734863,22186,0.0,0.0
2024-10-28 14:17:00-04:00,6.300000190734863,6.300000190734863,6.295000076293945,6.295000076293945,23773,0.0,0.0
2024-10-28 14:18:00-04:00,6.300000190734863,6.300000190734863,6.295000076293945,6.300000190734863,21582,0.0,0.0
2024-10-28 14:19:00-04:00,6.295000076293945,6.300000190734863,6.295000076293945,6.295000076293945,21098,0.0,0.0
2024-10-28 14:20:00-04:00,6.298600196838379,6.300000190734863,6.295000076293945,6.295000076293945,3090,0.0,0.0
2024-10-28 14:21:00-04:00,6.300000190734863,6.300000190734863,6.295000076293945,6.295000076293945,3081,0.0,0.0
2024-10-28 14:22:00-04:00,6.295000076293945,6.300000190734863,6.29010009765625,6.295000076293945,20421,0.0,0.0
2024-10-28 14:23:00-04:00,6.295000076293945,6.300000190734863,6.289999961853027,6.295000076293945,15029,0.0,0.0
2024-10-28 14:24:00-04:00,6.295000076293945,6.300000190734863,6.289999961853027,6.295000076293945,7338,0.0,0.0
2024-10-28 14:25:00-04:00,6.295000076293945,6.300000190734863,6.289999961853027,6.289999961853027,8321,0.0,0.0
2024-10-28 14:26:00-04:00,6.300000190734863,6.300000190734863,6.295000076293945,6.295000076293945,8033,0.0,0.0
2024-10-28 14:27:00-04:00,6.300000190734863,6.300000190734863,6.289999961853027,6.289999961853027,61906,0.0,0.0
2024-10-28 14:28:00-04:00,6.289999961853027,6.300000190734863,6.289999961853027,6.295000076293945,86383,0.0,0.0
2024-10-28 14:29:00-04:00,6.295000076293945,6.300000190734863,6.289999961853027,6.295000076293945,71740,0.0,0.0
2024-10-28 14:30:00-04:00,6.2916998863220215,6.300000190734863,6.289999961853027,6.291399955749512,91301,0.0,0.0
2024-10-28 14:31:00-04:00,6.295000076293945,6.295000076293945,6.28000020980835,6.287099838256836,395468,0.0,0.0
2024-10-28 14:32:00-04:00,6.284999847412109,6.300000190734863,6.28000020980835,6.295000076293945,315221,0.0,0.0
2024-10-28 14:33:00-04:00,6.300000190734863,6.300000190734863,6.289999961853027,6.289999961853027,25702,0.0,0.0
2024-10-28 14:34:00-04:00,6.295000076293945,6.300000190734863,6.289999961853027,6.297999858856201,53153,0.0,0.0
2024-10-28 14:35:00-04:00,6.295000076293945,6.300000190734863,6.295000076293945,6.295000076293945,5423,0.0,0.0
2024-10-28 14:36:00-04:00,6.289999961853027,6.300000190734863,6.289999961853027,6.295000076293945,2741,0.0,0.0
2024-10-28 14:37:00-04:00,6.295000076293945,6.300000190734863,6.289999961853027,6.289999961853027,2624,0.0,0.0
2024-10-28 14:38:00-04:00,6.300000190734863,6.300000190734863,6.300000190734863,6.300000190734863,5200,0.0,0.0
2024-10-28 14:39:00-04:00,6.295000076293945,6.300000190734863,6.295000076293945,6.300000190734863,1170,0.0,0.0
2024-10-28 14:40:00-04:00,6.300000190734863,6.300000190734863,6.295000076293945,6.299699783325195,20662,0.0,0.0
2024-10-28 14:41:00-04:00,6.300000190734863,6.309999942779541,6.289999961853027,6.303400039672852,246625,0.0,0.0
2024-10-28 14:42:00-04:00,6.304999828338623,6.309999942779541,6.300000190734863,6.300000190734863,53879,0.0,0.0
2024-10-28 14:43:00-04:00,6.309999942779541,6.309999942779541,6.304999828338623,6.309999942779541,4111,0.0,0.0
2024-10-28 14:44:00-04:00,6.304999828338623,6.309999942779541,6.300000190734863,6.304999828338623,42507,0.0,0.0
2024-10-28 14:45:00-04:00,6.304999828338623,6.309999942779541,6.302499771118164,6.309999942779541,7296,0.0,0.0
2024-10-28 14:46:00-04:00,6.304999828338623,6.309999942779541,6.304999828338623,6.304999828338623,13826,0.0,0.0
2024-10-28 14:47:00-04:00,6.304999828338623,6.309999942779541,6.300000190734863,6.304999828338623,35552,0.0,0.0
2024-10-28 14:48:00-04:00,6.304999828338623,6.304999828338623,6.300000190734863,6.304999828338623,22919,0.0,0.0
2024-10-28 14:49:00-04:00,6.309999942779541,6.309999942779541,6.304999828338623,6.304999828338623,5629,0.0,0.0
2024-10-28 14:50:00-04:00,6.304999828338623,6.309999942779541,6.300000190734863,6.300000190734863,7776,0.0,0.0
2024-10-28 14:51:00-04:00,6.304999828338623,6.309999942779541,6.300000190734863,6.304999828338623,8969,0.0,0.0
2024-10-28 14:52:00-04:00,6.304999828338623,6.309999942779541,6.300000190734863,6.300000190734863,28757,0.0,0.0
2024-10-28 14:53:00-04:00,6.300000190734863,6.309999942779541,6.300000190734863,6.304999828338623,31225,0.0,0.0
2024-10-28 14:54:00-04:00,6.309999942779541,6.309999942779541,6.300000190734863,6.300000190734863,5501,0.0,0.0
2024-10-28 14:55:00-04:00,6.309999942779541,6.309999942779541,6.300000190734863,6.304999828338623,6218,0.0,0.0
2024-10-28 14:56:00-04:00,6.304999828338623,6.309999942779541,6.300000190734863,6.304999828338623,4672,0.0,0.0
2024-10-28 14:57:00-04:00,6.304999828338623,6.309999942779541,6.300000190734863,6.304999828338623,18284,0.0,0.0
2024-10-28 14:58:00-04:00,6.304999828338623,6.309999942779541,6.300000190734863,6.304999828338623,5361,0.0,0.0
2024-10-28 14:59:00-04:00,6.304999828338623,6.309999942779541,6.304999828338623,6.309999942779541,5697,0.0,0.0
2024-10-28 15:00:00-04:00,6.304999828338623,6.309999942779541,6.300000190734863,6.300000190734863,8064,0.0,0.0
2024-10-28 15:01:00-04:00,6.304999828338623,6.309999942779541,6.300000190734863,6.300000190734863,6934,0.0,0.0
2024-10-28 15:02:00-04:00,6.304999828338623,6.309999942779541,6.304999828338623,6.304999828338623,17436,0.0,0.0
2024-10-28 15:03:00-04:00,6.304999828338623,6.309999942779541,6.300000190734863,6.304999828338623,13948,0.0,0.0
2024-10-28 15:04:00-04:00,6.304999828338623,6.309999942779541,6.300000190734863,6.300000190734863,24184,0.0,0.0
2024-10-28 15:05:00-04:00,6.304999828338623,6.309999942779541,6.300000190734863,6.309999942779541,26303,0.0,0.0
2024-10-28 15:06:00-04:00,6.309999942779541,6.309999942779541,6.300000190734863,6.300000190734863,35722,0.0,0.0
2024-10-28 15:07:00-04:00,6.304999828338623,6.309999942779541,6.300000190734863,6.304999828338623,11799,0.0,0.0
2024-10-28 15:08:00-04:00,6.309999942779541,6.309999942779541,6.304999828338623,6.309999942779541,17004,0.0,0.0
2024-10-28 15:09:00-04:00,6.300000190734863,6.309999942779541,6.300000190734863,6.309999942779541,9377,0.0,0.0
2024-10-28 15:10:00-04:00,6.309999942779541,6.309999942779541,6.304999828338623,6.304999828338623,15707,0.0,0.0
2024-10-28 15:11:00-04:00,6.304999828338623,6.309999942779541,6.300000190734863,6.300000190734863,23903,0.0,0.0
2024-10-28 15:12:00-04:00,6.304200172424316,6.309999942779541,6.304200172424316,6.304999828338623,16955,0.0,0.0
2024-10-28 15:13:00-04:00,6.309999942779541,6.309999942779541,6.300000190734863,6.300000190734863,15277,0.0,0.0
2024-10-28 15:14:00-04:00,6.309999942779541,6.309999942779541,6.304999828338623,6.309999942779541,33530,0.0,0.0
2024-10-28 15:15:00-04:00,6.300000190734863,6.309999942779541,6.300000190734863,6.309999942779541,34944,0.0,0.0
2024-10-28 15:16:00-04:00,6.304999828338623,6.309999942779541,6.300000190734863,6.300000190734863,45559,0.0,0.0
2024-10-28 15:17:00-04:00,6.300000190734863,6.309999942779541,6.300000190734863,6.309999942779541,304115,0.0,0.0
2024-10-28 15:18:00-04:00,6.309999942779541,6.309999942779541,6.289999961853027,6.295000076293945,491734,0.0,0.0
2024-10-28 15:19:00-04:00,6.300000190734863,6.300000190734863,6.295000076293945,6.300000190734863,37186,0.0,0.0
2024-10-28 15:20:00-04:00,6.300000190734863,6.300000190734863,6.295000076293945,6.300000190734863,34525,0.0,0.0
2024-10-28 15:21:00-04:00,6.300000190734863,6.300000190734863,6.289999961853027,6.300000190734863,45630,0.0,0.0
2024-10-28 15:22:00-04:00,6.300000190734863,6.300000190734863,6.289999961853027,6.300000190734863,85060,0.0,0.0
2024-10-28 15:23:00-04:00,6.300000190734863,6.309999942779541,6.289999961853027,6.304999828338623,303318,0.0,0.0
2024-10-28 15:24:00-04:00,6.3028998374938965,6.309999942779541,6.300000190734863,6.300300121307373,100449,0.0,0.0
2024-10-28 15:25:00-04:00,6.304999828338623,6.309999942779541,6.300000190734863,6.306000232696533,17259,0.0,0.0
2024-10-28 15:26:00-04:00,6.309999942779541,6.309999942779541,6.304999828338623,6.304999828338623,3035,0.0,0.0
2024-10-28 15:27:00-04:00,6.300000190734863,6.309999942779541,6.300000190734863,6.309999942779541,12642,0.0,0.0
2024-10-28 15:28:00-04:00,6.301400184631348,6.309999942779541,6.300000190734863,6.309999942779541,25406,0.0,0.0
2024-10-28 15:29:00-04:00,6.304999828338623,6.309999942779541,6.304999828338623,6.309999942779541,5858,0.0,0.0
2024-10-28 15:30:00-04:00,6.309999942779541,6.309999942779541,6.304999828338623,6.304999828338623,2664,0.0,0.0
2024-10-28 15:31:00-04:00,6.304999828338623,6.309999942779541,6.300000190734863,6.300000190734863,65404,0.0,0.0
2024-10-28 15:32:00-04:00,6.300000190734863,6.309999942779541,6.300000190734863,6.300000190734863,37914,0.0,0.0
2024-10-28 15:33:00-04:00,6.304999828338623,6.304999828338623,6.300000190734863,6.304999828338623,97744,0.0,0.0
2024-10-28 15:34:00-04:00,6.304999828338623,6.309999942779541,6.300000190734863,6.309999942779541,44958,0.0,0.0
2024-10-28 15:35:00-04:00,6.304999828338623,6.309999942779541,6.304999828338623,6.309999942779541,5040,0.0,0.0
2024-10-28 15:36:00-04:00,6.309899806976318,6.309999942779541,6.300000190734863,6.304999828338623,26776,0.0,0.0
2024-10-28 15:37:00-04:00,6.304999828338623,6.304999828338623,6.300000190734863,6.300000190734863,137169,0.0,0.0
2024-10-28 15:38:00-04:00,6.304999828338623,6.309999942779541,6.300000190734863,6.304999828338623,63933,0.0,0.0
2024-10-28 15:39:00-04:00,6.304999828338623,6.309999942779541,6.300000190734863,6.304999828338623,63211,0.0,0.0
2024-10-28 15:40:00-04:00,6.304999828338623,6.304999828338623,6.300000190734863,6.304999828338623,19195,0.0,0.0
2024-10-28 15:41:00-04:00,6.304999828338623,6.309999942779541,6.300000190734863,6.309999942779541,39292,0.0,0.0
2024-10-28 15:42:00-04:00,6.304999828338623,6.309999942779541,6.304999828338623,6.304999828338623,6929,0.0,0.0
2024-10-28 15:43:00-04:00,6.309999942779541,6.309999942779541,6.309999942779541,6.309999942779541,3101,0.0,0.0
2024-10-28 15:44:00-04:00,6.309999942779541,6.309999942779541,6.304999828338623,6.307199954986572,35465,0.0,0.0
2024-10-28 15:45:00-04:00,6.309899806976318,6.309999942779541,6.304999828338623,6.304999828338623,8746,0.0,0.0
2024-10-28 15:46:00-04:00,6.304999828338623,6.309999942779541,6.300000190734863,6.300000190734863,11641,0.0,0.0
2024-10-28 15:47:00-04:00,6.304999828338623,6.309999942779541,6.300000190734863,6.304999828338623,6618,0.0,0.0
2024-10-28 15:48:00-04:00,6.304999828338623,6.309999942779541,6.289999961853027,6.295000076293945,509223,0.0,0.0
2024-10-28 15:49:00-04:00,6.295000076293945,6.300000190734863,6.280099868774414,6.289999961853027,723398,0.0,0.0
2024-10-28 15:50:00-04:00,6.288300037384033,6.289999961853027,6.28000020980835,6.28000020980835,65177,0.0,0.0
2024-10-28 15:51:00-04:00,6.28000020980835,6.289999961853027,6.28000020980835,6.289999961853027,66959,0.0,0.0
2024-10-28 15:52:00-04:00,6.289999961853027,6.289999961853027,6.28000020980835,6.289899826049805,53748,0.0,0.0
2024-10-28 15:53:00-04:00,6.289999961853027,6.289999961853027,6.28000020980835,6.289999961853027,74689,0.0,0.0
2024-10-28 15:54:00-04:00,6.289999961853027,6.289999961853027,6.28000020980835,6.289999961853027,54398,0.0,0.0
2024-10-28 15:55:00-04:00,6.289999961853027,6.289999961853027,6.28000020980835,6.284999847412109,35583,0.0,0.0
2024-10-28 15:56:00-04:00,6.284999847412109,6.289999961853027,6.28000020980835,6.284999847412109,23478,0.0,0.0
2024-10-28 15:57:00-04:00,6.289999961853027,6.289999961853027,6.28000020980835,6.289999961853027,63000,0.0,0.0
2024-10-28 15:58:00-04:00,6.284999847412109,6.289999961853027,6.28000020980835,6.289999961853027,50293,0.0,0.0
2024-10-28 15:59:00-04:00,6.289999961853027,6.289999961853027,6.28000020980835,6.289999961853027,652803,0.0,0.0
2024-10-29 09:30:00-04:00,6.289999961853027,6.295000076293945,6.28000020980835,6.295000076293945,119454,0.0,0.0
2024-10-29 09:31:00-04:00,6.295000076293945,6.295000076293945,6.289999961853027,6.295000076293945,141051,0.0,0.0
2024-10-29 09:32:00-04:00,6.295000076293945,6.300000190734863,6.295000076293945,6.295000076293945,5091,0.0,0.0
2024-10-29 09:33:00-04:00,6.295000076293945,6.295000076293945,6.284999847412109,6.284999847412109,13031,0.0,0.0
2024-10-29 09:34:00-04:00,6.284999847412109,6.295000076293945,6.284999847412109,6.295000076293945,46035,0.0,0.0
2024-10-29 09:35:00-04:00,6.295000076293945,6.295000076293945,6.289999961853027,6.289999961853027,21319,0.0,0.0
2024-10-29 09:36:00-04:00,6.289999961853027,6.295000076293945,6.289999961853027,6.295000076293945,14928,0.0,0.0
2024-10-29 09:37:00-04:00,6.295000076293945,6.295000076293945,6.289999961853027,6.289999961853027,2238,0.0,0.0
2024-10-29 09:38:00-04:00,6.289999961853027,6.289999961853027,6.284999847412109,6.284999847412109,72551,0.0,0.0
2024-10-29 09:40:00-04:00,6.28000020980835,6.28879976272583,6.28000020980835,6.28879976272583,8504,0.0,0.0
2024-10-29 09:41:00-04:00,6.284999847412109,6.284999847412109,6.284999847412109,6.284999847412109,8465,0.0,0.0
2024-10-29 09:42:00-04:00,6.284999847412109,6.284999847412109,6.284999847412109,6.284999847412109,3000,0.0,0.0
2024-10-29 09:43:00-04:00,6.289999961853027,6.289999961853027,6.284999847412109,6.289999961853027,5191,0.0,0.0
2024-10-29 09:44:00-04:00,6.284999847412109,6.284999847412109,6.284999847412109,6.284999847412109,2385,0.0,0.0
2024-10-29 09:45:00-04:00,6.284999847412109,6.284999847412109,6.284999847412109,6.284999847412109,505,0.0,0.0
2024-10-29 09:46:00-04:00,6.289299964904785,6.289299964904785,6.289299964904785,6.289299964904785,3981,0.0,0.0
2024-10-29 09:47:00-04:00,6.284999847412109,6.284999847412109,6.28000020980835,6.28000020980835,2580,0.0,0.0
2024-10-29 09:48:00-04:00,6.284999847412109,6.284999847412109,6.28000020980835,6.28000020980835,1924,0.0,0.0
2024-10-29 09:49:00-04:00,6.28000020980835,6.28000020980835,6.269999980926514,6.269999980926514,175873,0.0,0.0
2024-10-29 09:50:00-04:00,6.28000020980835,6.28000020980835,6.28000020980835,6.28000020980835,23403,0.0,0.0
2024-10-29 09:51:00-04:00,6.284999847412109,6.284999847412109,6.284999847412109,6.284999847412109,1363,0.0,0.0
2024-10-29 09:53:00-04:00,6.289999961853027,6.289999961853027,6.28000020980835,6.28000020980835,62845,0.0,0.0
2024-10-29 09:54:00-04:00,6.28000020980835,6.284999847412109,6.28000020980835,6.28000020980835,9480,0.0,0.0
2024-10-29 09:55:00-04:00,6.284999847412109,6.289999961853027,6.28000020980835,6.289999961853027,47449,0.0,0.0
2024-10-29 09:56:00-04:00,6.281599998474121,6.284999847412109,6.281599998474121,6.284999847412109,23553,0.0,0.0
2024-10-29 09:57:00-04:00,6.289999961853027,6.289999961853027,6.280099868774414,6.289999961853027,19332,0.0,0.0
2024-10-29 09:58:00-04:00,6.28000020980835,6.28000020980835,6.275000095367432,6.275000095367432,80578,0.0,0.0
2024-10-29 09:59:00-04:00,6.275000095367432,6.28000020980835,6.270100116729736,6.270100116729736,13586,0.0,0.0
2024-10-29 10:00:00-04:00,6.28000020980835,6.289999961853027,6.275000095367432,6.284999847412109,99364,0.0,0.0
2024-10-29 10:01:00-04:00,6.284999847412109,6.284999847412109,6.28000020980835,6.284999847412109,14224,0.0,0.0
2024-10-29 10:02:00-04:00,6.284999847412109,6.289999961853027,6.284999847412109,6.286099910736084,24021,0.0,0.0
2024-10-29 10:03:00-04:00,6.284999847412109,6.284999847412109,6.284999847412109,6.284999847412109,5835,0.0,0.0
2024-10-29 10:04:00-04:00,6.28000020980835,6.284999847412109,6.28000020980835,6.284999847412109,2497,0.0,0.0
2024-10-29 10:05:00-04:00,6.284999847412109,6.284999847412109,6.28000020980835,6.280099868774414,11132,0.0,0.0
2024-10-29 10:06:00-04:00,6.280099868774414,6.280099868774414,6.271999835968018,6.275000095367432,39480,0.0,0.0
2024-10-29 10:07:00-04:00,6.269999980926514,6.269999980926514,6.269999980926514,6.269999980926514,3489,0.0,0.0
2024-10-29 10:08:00-04:00,6.28000020980835,6.28000020980835,6.275000095367432,6.275000095367432,11122,0.0,0.0
2024-10-29 10:09:00-04:00,6.275000095367432,6.28000020980835,6.275000095367432,6.275000095367432,31014,0.0,0.0
2024-10-29 10:10:00-04:00,6.275000095367432,6.279900074005127,6.275000095367432,6.275000095367432,8727,0.0,0.0
2024-10-29 10:11:00-04:00,6.275000095367432,6.28000020980835,6.275000095367432,6.275000095367432,12501,0.0,0.0
2024-10-29 10:12:00-04:00,6.275000095367432,6.28000020980835,6.271699905395508,6.275000095367432,8119,0.0,0.0
2024-10-29 10:13:00-04:00,6.275000095367432,6.289999961853027,6.275000095367432,6.289899826049805,102720,0.0,0.0
2024-10-29 10:14:00-04:00,6.289899826049805,6.289999961853027,6.280099868774414,6.280300140380859,116846,0.0,0.0
2024-10-29 10:15:00-04:00,6.281599998474121,6.289999961853027,6.280099868774414,6.284999847412109,19390,0.0,0.0
2024-10-29 10:16:00-04:00,6.284999847412109,6.284999847412109,6.284999847412109,6.284999847412109,921,0.0,0.0
2024-10-29 10:17:00-04:00,6.284999847412109,6.289999961853027,6.284999847412109,6.284999847412109,25724,0.0,0.0
2024-10-29 10:18:00-04:00,6.289999961853027,6.295000076293945,6.284999847412109,6.295000076293945,103319,0.0,0.0
2024-10-29 10:19:00-04:00,6.2916998863220215,6.300000190734863,6.289999961853027,6.295000076293945,74497,0.0,0.0
2024-10-29 10:20:00-04:00,6.289999961853027,6.295000076293945,6.284999847412109,6.284999847412109,85695,0.0,0.0
2024-10-29 10:21:00-04:00,6.284999847412109,6.289899826049805,6.284999847412109,6.289899826049805,6189,0.0,0.0
2024-10-29 10:22:00-04:00,6.284999847412109,6.28980016708374,6.28000020980835,6.284999847412109,10031,0.0,0.0
2024-10-29 10:23:00-04:00,6.284999847412109,6.289999961853027,6.284999847412109,6.289999961853027,685,0.0,0.0
2024-10-29 10:24:00-04:00,6.284999847412109,6.287499904632568,6.28000020980835,6.284999847412109,14674,0.0,0.0
2024-10-29 10:25:00-04:00,6.284999847412109,6.284999847412109,6.28000020980835,6.284999847412109,3500,0.0,0.0
2024-10-29 10:26:00-04:00,6.280099868774414,6.289999961853027,6.275000095367432,6.28000020980835,52237,0.0,0.0
2024-10-29 10:27:00-04:00,6.275000095367432,6.275000095367432,6.2729997634887695,6.2729997634887695,5936,0.0,0.0
2024-10-29 10:28:00-04:00,6.275000095367432,6.275000095367432,6.269999980926514,6.270999908447266,3538,0.0,0.0
2024-10-29 10:29:00-04:00,6.269999980926514,6.275000095367432,6.269999980926514,6.269999980926514,4424,0.0,0.0
2024-10-29 10:30:00-04:00,6.269999980926514,6.269999980926514,6.269999980926514,6.269999980926514,1592,0.0,0.0
2024-10-29 10:31:00-04:00,6.269999980926514,6.279900074005127,6.260000228881836,6.2718000411987305,185810,0.0,0.0
2024-10-29 10:32:00-04:00,6.275000095367432,6.279900074005127,6.269999980926514,6.275000095367432,11149,0.0,0.0
2024-10-29 10:33:00-04:00,6.275000095367432,6.28000020980835,6.269999980926514,6.277400016784668,54572,0.0,0.0
2024-10-29 10:34:00-04:00,6.275000095367432,6.279799938201904,6.269999980926514,6.275000095367432,22207,0.0,0.0
2024-10-29 10:35:00-04:00,6.284999847412109,6.289999961853027,6.28000020980835,6.280600070953369,244748,0.0,0.0
2024-10-29 10:36:00-04:00,6.280799865722656,6.289899826049805,6.269999980926514,6.280099868774414,203614,0.0,0.0
2024-10-29 10:37:00-04:00,6.284999847412109,6.289999961853027,6.280099868774414,6.284999847412109,21663,0.0,0.0
2024-10-29 10:38:00-04:00,6.284999847412109,6.284999847412109,6.28000020980835,6.284999847412109,2089,0.0,0.0
2024-10-29 10:39:00-04:00,6.284999847412109,6.284999847412109,6.284999847412109,6.284999847412109,10604,0.0,0.0
2024-10-29 10:40:00-04:00,6.289899826049805,6.289899826049805,6.281199932098389,6.281199932098389,633,0.0,0.0
2024-10-29 10:41:00-04:00,6.284999847412109,6.284999847412109,6.284999847412109,6.284999847412109,5408,0.0,0.0
2024-10-29 10:42:00-04:00,6.284999847412109,6.284999847412109,6.284999847412109,6.284999847412109,12367,0.0,0.0
2024-10-29 10:43:00-04:00,6.284999847412109,6.289999961853027,6.28000020980835,6.284999847412109,17469,0.0,0.0
2024-10-29 10:44:00-04:00,6.281199932098389,6.284999847412109,6.281199932098389,6.284999847412109,3233,0.0,0.0
2024-10-29 10:45:00-04:00,6.281000137329102,6.289999961853027,6.269999980926514,6.269999980926514,76787,0.0,0.0
2024-10-29 10:46:00-04:00,6.269999980926514,6.275000095367432,6.269999980926514,6.275000095367432,28385,0.0,0.0
2024-10-29 10:47:00-04:00,6.269999980926514,6.269999980926514,6.260000228881836,6.26800012588501,162963,0.0,0.0
2024-10-29 10:48:00-04:00,6.269999980926514,6.275700092315674,6.269999980926514,6.269999980926514,94558,0.0,0.0
2024-10-29 10:49:00-04:00,6.275000095367432,6.275000095367432,6.270100116729736,6.275000095367432,10373,0.0,0.0
2024-10-29 10:50:00-04:00,6.273499965667725,6.275000095367432,6.270100116729736,6.275000095367432,22218,0.0,0.0
2024-10-29 10:51:00-04:00,6.275000095367432,6.275000095367432,6.275000095367432,6.275000095367432,2303,0.0,0.0
2024-10-29 10:52:00-04:00,6.275000095367432,6.275000095367432,6.275000095367432,6.275000095367432,497,0.0,0.0
2024-10-29 10:53:00-04:00,6.275000095367432,6.275000095367432,6.275000095367432,6.275000095367432,7840,0.0,0.0
2024-10-29 10:54:00-04:00,6.275000095367432,6.28000020980835,6.271200180053711,6.275000095367432,38688,0.0,0.0
2024-10-29 10:55:00-04:00,6.275000095367432,6.28000020980835,6.275000095367432,6.275000095367432,3823,0.0,0.0
2024-10-29 10:56:00-04:00,6.275000095367432,6.275000095367432,6.271900177001953,6.275000095367432,13416,0.0,0.0
2024-10-29 10:57:00-04:00,6.275000095367432,6.275000095367432,6.264999866485596,6.264999866485596,280197,0.0,0.0
2024-10-29 10:58:00-04:00,6.264999866485596,6.275000095367432,6.264999866485596,6.275000095367432,175381,0.0,0.0
2024-10-29 10:59:00-04:00,6.27239990234375,6.28000020980835,6.260000228881836,6.264999866485596,106230,0.0,0.0
2024-10-29 11:00:00-04:00,6.269999980926514,6.269999980926514,6.264999866485596,6.264999866485596,29975,0.0,0.0
2024-10-29 11:01:00-04:00,6.264999866485596,6.269899845123291,6.264999866485596,6.269899845123291,8493,0.0,0.0
2024-10-29 11:02:00-04:00,6.264999866485596,6.269999980926514,6.264999866485596,6.269899845123291,39872,0.0,0.0
2024-10-29 11:03:00-04:00,6.260000228881836,6.28000020980835,6.260000228881836,6.269899845123291,482502,0.0,0.0
2024-10-29 11:04:00-04:00,6.269899845123291,6.269999980926514,6.264999866485596,6.269999980926514,15368,0.0,0.0
2024-10-29 11:05:00-04:00,6.264999866485596,6.269999980926514,6.260000228881836,6.269700050354004,88649,0.0,0.0
2024-10-29 11:06:00-04:00,6.269999980926514,6.269999980926514,6.2600998878479,6.264999866485596,94318,0.0,0.0
2024-10-29 11:07:00-04:00,6.264999866485596,6.264999866485596,6.264999866485596,6.264999866485596,4221,0.0,0.0
2024-10-29 11:08:00-04:00,6.264999866485596,6.268199920654297,6.264999866485596,6.264999866485596,2532,0.0,0.0
2024-10-29 11:09:00-04:00,6.264999866485596,6.264999866485596,6.264999866485596,6.264999866485596,330,0.0,0.0
2024-10-29 11:10:00-04:00,6.264999866485596,6.264999866485596,6.260000228881836,6.260000228881836,8709,0.0,0.0
2024-10-29 11:11:00-04:00,6.264999866485596,6.269999980926514,6.260000228881836,6.260000228881836,87840,0.0,0.0
2024-10-29 11:12:00-04:00,6.260000228881836,6.264999866485596,6.255000114440918,6.255000114440918,106094,0.0,0.0
2024-10-29 11:13:00-04:00,6.255000114440918,6.269999980926514,6.25,6.264999866485596,136174,0.0,0.0
2024-10-29 11:14:00-04:00,6.264999866485596,6.264999866485596,6.264999866485596,6.264999866485596,3767,0.0,0.0
2024-10-29 11:15:00-04:00,6.264999866485596,6.269999980926514,6.2519001960754395,6.2519001960754395,226879,0.0,0.0
2024-10-29 11:16:00-04:00,6.255000114440918,6.255000114440918,6.255000114440918,6.255000114440918,259,0.0,0.0
2024-10-29 11:17:00-04:00,6.255000114440918,6.255000114440918,6.255000114440918,6.255000114440918,309,0.0,0.0
2024-10-29 11:18:00-04:00,6.2519001960754395,6.255000114440918,6.25,6.25,16542,0.0,0.0
2024-10-29 11:19:00-04:00,6.251200199127197,6.260000228881836,6.25,6.255000114440918,10474,0.0,0.0
2024-10-29 11:20:00-04:00,6.25,6.255000114440918,6.25,6.255000114440918,40555,0.0,0.0
2024-10-29 11:21:00-04:00,6.255000114440918,6.260000228881836,6.25,6.25,336543,0.0,0.0
2024-10-29 11:22:00-04:00,6.255000114440918,6.260000228881836,6.255000114440918,6.255000114440918,54101,0.0,0.0
2024-10-29 11:23:00-04:00,6.255000114440918,6.255000114440918,6.25,6.255000114440918,79424,0.0,0.0
2024-10-29 11:24:00-04:00,6.255000114440918,6.255000114440918,6.244999885559082,6.249899864196777,184266,0.0,0.0
2024-10-29 11:25:00-04:00,6.25,6.25,6.244999885559082,6.244999885559082,1723,0.0,0.0
2024-10-29 11:26:00-04:00,6.239999771118164,6.248954772949219,6.239999771118164,6.240099906921387,24964,0.0,0.0
2024-10-29 11:27:00-04:00,6.240099906921387,6.244999885559082,6.239999771118164,6.244999885559082,27086,0.0,0.0
2024-10-29 11:28:00-04:00,6.244999885559082,6.244999885559082,6.239999771118164,6.243244171142578,14827,0.0,0.0
2024-10-29 11:29:00-04:00,6.239999771118164,6.239999771118164,6.239999771118164,6.239999771118164,1776,0.0,0.0
2024-10-29 11:30:00-04:00,6.239999771118164,6.25,6.239999771118164,6.240099906921387,8186,0.0,0.0
2024-10-29 11:31:00-04:00,6.244999885559082,6.25,6.239999771118164,6.244999885559082,17605,0.0,0.0
2024-10-29 11:32:00-04:00,6.244999885559082,6.244999885559082,6.239999771118164,6.244999885559082,15283,0.0,0.0
2024-10-29 11:33:00-04:00,6.239999771118164,6.244999885559082,6.230000019073486,6.235000133514404,28266,0.0,0.0
2024-10-29 11:34:00-04:00,6.230000019073486,6.2382001876831055,6.230000019073486,6.230000019073486,171437,0.0,0.0
2024-10-29 11:35:00-04:00,6.230000019073486,6.239999771118164,6.230000019073486,6.230000019073486,147247,0.0,0.0
2024-10-29 11:36:00-04:00,6.235000133514404,6.239999771118164,6.230000019073486,6.235000133514404,4480,0.0,0.0
2024-10-29 11:37:00-04:00,6.235000133514404,6.235000133514404,6.230000019073486,6.235000133514404,3943,0.0,0.0
2024-10-29 11:38:00-04:00,6.235000133514404,6.235000133514404,6.230000019073486,6.235000133514404,6257,0.0,0.0
2024-10-29 11:39:00-04:00,6.230000019073486,6.235000133514404,6.230000019073486,6.235000133514404,19603,0.0,0.0
2024-10-29 11:40:00-04:00,6.235000133514404,6.235000133514404,6.230000019073486,6.235000133514404,19441,0.0,0.0
2024-10-29 11:41:00-04:00,6.230000019073486,6.235000133514404,6.230000019073486,6.230000019073486,43361,0.0,0.0
2024-10-29 11:42:00-04:00,6.230000019073486,6.235000133514404,6.230000019073486,6.230599880218506,22399,0.0,0.0
2024-10-29 11:43:00-04:00,6.230299949645996,6.2399001121521,6.21999979019165,6.228099822998047,120351,0.0,0.0
2024-10-29 11:44:00-04:00,6.224999904632568,6.224999904632568,6.210000038146973,6.2133002281188965,127865,0.0,0.0
2024-10-29 11:45:00-04:00,6.21999979019165,6.21999979019165,6.210000038146973,6.215000152587891,24963,0.0,0.0
2024-10-29 11:46:00-04:00,6.21999979019165,6.21999979019165,6.204999923706055,6.204999923706055,43329,0.0,0.0
2024-10-29 11:47:00-04:00,6.204999923706055,6.21999979019165,6.204999923706055,6.217599868774414,455904,0.0,0.0
2024-10-29 11:48:00-04:00,6.210000038146973,6.230000019073486,6.210000038146973,6.216300010681152,287075,0.0,0.0
2024-10-29 11:49:00-04:00,6.21999979019165,6.21999979019165,6.215000152587891,6.215000152587891,103917,0.0,0.0
2024-10-29 11:50:00-04:00,6.218900203704834,6.230000019073486,6.210000038146973,6.230000019073486,163592,0.0,0.0
2024-10-29 11:51:00-04:00,6.229700088500977,6.229700088500977,6.21999979019165,6.2231950759887695,30280,0.0,0.0
2024-10-29 11:52:00-04:00,6.2210001945495605,6.230000019073486,6.210000038146973,6.210000038146973,71620,0.0,0.0
2024-10-29 11:54:00-04:00,6.210100173950195,6.211400032043457,6.210000038146973,6.211400032043457,22535,0.0,0.0
2024-10-29 11:55:00-04:00,6.210100173950195,6.21999979019165,6.210000038146973,6.215000152587891,9311,0.0,0.0
2024-10-29 11:56:00-04:00,6.21999979019165,6.21999979019165,6.210000038146973,6.218299865722656,16205,0.0,0.0
2024-10-29 11:57:00-04:00,6.21999979019165,6.21999979019165,6.210000038146973,6.210000038146973,8115,0.0,0.0
2024-10-29 11:58:00-04:00,6.215000152587891,6.21999979019165,6.210000038146973,6.219900131225586,8891,0.0,0.0
2024-10-29 11:59:00-04:00,6.215000152587891,6.215000152587891,6.210000038146973,6.215000152587891,3877,0.0,0.0
2024-10-29 12:00:00-04:00,6.215000152587891,6.21999979019165,6.210000038146973,6.215000152587891,50035,0.0,0.0
2024-10-29 12:01:00-04:00,6.215000152587891,6.215000152587891,6.210000038146973,6.215000152587891,19665,0.0,0.0
2024-10-29 12:02:00-04:00,6.215000152587891,6.21999979019165,6.210000038146973,6.21999979019165,6156,0.0,0.0
2024-10-29 12:03:00-04:00,6.21999979019165,6.21999979019165,6.215000152587891,6.215000152587891,19334,0.0,0.0
2024-10-29 12:04:00-04:00,6.215000152587891,6.21999979019165,6.215000152587891,6.215000152587891,706,0.0,0.0
2024-10-29 12:05:00-04:00,6.215000152587891,6.215000152587891,6.210000038146973,6.210000038146973,4589,0.0,0.0
2024-10-29 12:06:00-04:00,6.215000152587891,6.215000152587891,6.210000038146973,6.2118000984191895,4188,0.0,0.0
2024-10-29 12:07:00-04:00,6.215000152587891,6.215000152587891,6.215000152587891,6.215000152587891,1922,0.0,0.0
2024-10-29 12:08:00-04:00,6.215000152587891,6.215000152587891,6.210000038146973,6.210000038146973,2166,0.0,0.0
2024-10-29 12:09:00-04:00,6.215000152587891,6.215000152587891,6.210000038146973,6.215000152587891,12539,0.0,0.0
2024-10-29 12:10:00-04:00,6.215000152587891,6.215000152587891,6.210000038146973,6.215000152587891,4959,0.0,0.0
2024-10-29 12:11:00-04:00,6.215000152587891,6.215000152587891,6.215000152587891,6.215000152587891,2513,0.0,0.0
2024-10-29 12:12:00-04:00,6.215000152587891,6.230000019073486,6.215000152587891,6.230000019073486,183066,0.0,0.0
2024-10-29 12:13:00-04:00,6.224999904632568,6.230000019073486,6.21999979019165,6.220300197601318,46187,0.0,0.0
2024-10-29 12:14:00-04:00,6.221399784088135,6.230000019073486,6.21999979019165,6.223499774932861,34001,0.0,0.0
2024-10-29 12:15:00-04:00,6.2204999923706055,6.230000019073486,6.199999809265137,6.212299823760986,361506,0.0,0.0
2024-10-29 12:16:00-04:00,6.215000152587891,6.215000152587891,6.199999809265137,6.200099945068359,313773,0.0,0.0
2024-10-29 12:17:00-04:00,6.204999923706055,6.204999923706055,6.190000057220459,6.190100193023682,50435,0.0,0.0
2024-10-29 12:18:00-04:00,6.190000057220459,6.210000038146973,6.190000057220459,6.209167957305908,183976,0.0,0.0
2024-10-29 12:19:00-04:00,6.200699806213379,6.210000038146973,6.190000057220459,6.199900150299072,93190,0.0,0.0
2024-10-29 12:20:00-04:00,6.198500156402588,6.210000038146973,6.1971001625061035,6.202499866485596,102098,0.0,0.0
2024-10-29 12:21:00-04:00,6.204999923706055,6.208799839019775,6.204999923706055,6.208799839019775,8185,0.0,0.0
2024-10-29 12:22:00-04:00,6.204999923706055,6.210000038146973,6.204999923706055,6.207600116729736,36407,0.0,0.0
2024-10-29 12:23:00-04:00,6.20989990234375,6.21999979019165,6.199999809265137,6.215000152587891,284751,0.0,0.0
2024-10-29 12:24:00-04:00,6.210000038146973,6.215000152587891,6.210000038146973,6.210000038146973,43174,0.0,0.0
2024-10-29 12:25:00-04:00,6.210000038146973,6.215000152587891,6.199999809265137,6.204999923706055,131679,0.0,0.0
2024-10-29 12:27:00-04:00,6.2083001136779785,6.208950996398926,6.199999809265137,6.204999923706055,12006,0.0,0.0
2024-10-29 12:28:00-04:00,6.204999923706055,6.204999923706055,6.204999923706055,6.204999923706055,200,0.0,0.0
2024-10-29 12:29:00-04:00,6.204999923706055,6.204999923706055,6.201000213623047,6.201000213623047,16911,0.0,0.0
2024-10-29 12:30:00-04:00,6.199999809265137,6.208099842071533,6.199999809265137,6.199999809265137,896,0.0,0.0
2024-10-29 12:31:00-04:00,6.199999809265137,6.199999809265137,6.199999809265137,6.199999809265137,307,0.0,0.0
2024-10-29 12:32:00-04:00,6.201399803161621,6.204999923706055,6.199999809265137,6.199999809265137,58180,0.0,0.0
2024-10-29 12:33:00-04:00,6.200099945068359,6.210000038146973,6.190000057220459,6.195000171661377,110849,0.0,0.0
2024-10-29 12:34:00-04:00,6.195000171661377,6.198949813842773,6.195000171661377,6.195000171661377,7635,0.0,0.0
2024-10-29 12:35:00-04:00,6.195000171661377,6.195000171661377,6.190000057220459,6.195000171661377,11480,0.0,0.0
2024-10-29 12:36:00-04:00,6.190000057220459,6.195000171661377,6.190000057220459,6.195000171661377,24322,0.0,0.0
2024-10-29 12:38:00-04:00,6.195000171661377,6.210000038146973,6.190000057220459,6.201900005340576,278400,0.0,0.0
2024-10-29 12:39:00-04:00,6.204999923706055,6.204999923706055,6.204999923706055,6.204999923706055,7393,0.0,0.0
2024-10-29 12:40:00-04:00,6.204999923706055,6.210000038146973,6.204999923706055,6.210000038146973,4480,0.0,0.0
2024-10-29 12:41:00-04:00,6.204999923706055,6.210000038146973,6.199999809265137,6.199999809265137,261273,0.0,0.0
2024-10-29 12:42:00-04:00,6.200900077819824,6.200900077819824,6.200900077819824,6.200900077819824,1999,0.0,0.0
2024-10-29 12:43:00-04:00,6.200200080871582,6.204999923706055,6.200099945068359,6.204999923706055,12519,0.0,0.0
2024-10-29 12:44:00-04:00,6.204999923706055,6.204999923706055,6.199999809265137,6.204999923706055,3091,0.0,0.0
2024-10-29 12:45:00-04:00,6.204999923706055,6.20989990234375,6.199999809265137,6.200099945068359,10496,0.0,0.0
2024-10-29 12:46:00-04:00,6.199999809265137,6.210000038146973,6.199999809265137,6.199999809265137,14349,0.0,0.0
2024-10-29 12:47:00-04:00,6.199999809265137,6.204999923706055,6.199999809265137,6.199999809265137,11621,0.0,0.0
2024-10-29 12:48:00-04:00,6.199999809265137,6.199999809265137,6.190000057220459,6.198999881744385,403758,0.0,0.0
2024-10-29 12:49:00-04:00,6.198999881744385,6.210000038146973,6.190100193023682,6.2017998695373535,599547,0.0,0.0
2024-10-29 12:50:00-04:00,6.204999923706055,6.204999923706055,6.200099945068359,6.204999923706055,10809,0.0,0.0
2024-10-29 12:51:00-04:00,6.204999923706055,6.204999923706055,6.2017998695373535,6.204999923706055,7134,0.0,0.0
2024-10-29 12:53:00-04:00,6.2017998695373535,6.204999923706055,6.199999809265137,6.204999923706055,1001,0.0,0.0
2024-10-29 12:54:00-04:00,6.208099842071533,6.208099842071533,6.199999809265137,6.199999809265137,3461,0.0,0.0
2024-10-29 12:55:00-04:00,6.210000038146973,6.210000038146973,6.210000038146973,6.210000038146973,2300,0.0,0.0
2024-10-29 12:56:00-04:00,6.204999923706055,6.210000038146973,6.199999809265137,6.199999809265137,651,0.0,0.0
2024-10-29 12:57:00-04:00,6.204999923706055,6.204999923706055,6.199999809265137,6.204999923706055,3700,0.0,0.0
2024-10-29 12:58:00-04:00,6.199999809265137,6.210000038146973,6.199999809265137,6.210000038146973,9261,0.0,0.0
2024-10-29 12:59:00-04:00,6.204999923706055,6.204999923706055,6.199999809265137,6.204999923706055,2872,0.0,0.0
2024-10-29 13:00:00-04:00,6.204999923706055,6.204999923706055,6.199999809265137,6.204999923706055,6526,0.0,0.0
2024-10-29 13:01:00-04:00,6.204999923706055,6.204999923706055,6.199999809265137,6.204999923706055,4340,0.0,0.0
2024-10-29 13:02:00-04:00,6.204999923706055,6.204999923706055,6.200300216674805,6.204999923706055,2794,0.0,0.0
2024-10-29 13:03:00-04:00,6.204999923706055,6.204999923706055,6.204999923706055,6.204999923706055,2110,0.0,0.0
2024-10-29 13:04:00-04:00,6.204999923706055,6.204999923706055,6.204999923706055,6.204999923706055,205,0.0,0.0
2024-10-29 13:05:00-04:00,6.199999809265137,6.204999923706055,6.199999809265137,6.199999809265137,8259,0.0,0.0
2024-10-29 13:06:00-04:00,6.204999923706055,6.204999923706055,6.204999923706055,6.204999923706055,7717,0.0,0.0
2024-10-29 13:07:00-04:00,6.204999923706055,6.204999923706055,6.199999809265137,6.199999809265137,7027,0.0,0.0
2024-10-29 13:08:00-04:00,6.199999809265137,6.204999923706055,6.199999809265137,6.204999923706055,1953,0.0,0.0
2024-10-29 13:09:00-04:00,6.199999809265137,6.204999923706055,6.199999809265137,6.204999923706055,2080,0.0,0.0
2024-10-29 13:10:00-04:00,6.204999923706055,6.210000038146973,6.199999809265137,6.204999923706055,4438,0.0,0.0
2024-10-29 13:11:00-04:00,6.204999923706055,6.204999923706055,6.199999809265137,6.204999923706055,5290,0.0,0.0
2024-10-29 13:12:00-04:00,6.204999923706055,6.204999923706055,6.199999809265137,6.199999809265137,7080,0.0,0.0
2024-10-29 13:13:00-04:00,6.204999923706055,6.210000038146973,6.200099945068359,6.204999923706055,10653,0.0,0.0
2024-10-29 13:14:00-04:00,6.204999923706055,6.210000038146973,6.204999923706055,6.208199977874756,24637,0.0,0.0
2024-10-29 13:15:00-04:00,6.204999923706055,6.204999923706055,6.204999923706055,6.204999923706055,5097,0.0,0.0
2024-10-29 13:16:00-04:00,6.204999923706055,6.204999923706055,6.199999809265137,6.204999923706055,7971,0.0,0.0
2024-10-29 13:17:00-04:00,6.199999809265137,6.199999809265137,6.199999809265137,6.199999809265137,1645,0.0,0.0
2024-10-29 13:18:00-04:00,6.204999923706055,6.204999923706055,6.199999809265137,6.199999809265137,4000,0.0,0.0
2024-10-29 13:19:00-04:00,6.204999923706055,6.210000038146973,6.190000057220459,6.195000171661377,154762,0.0,0.0
2024-10-29 13:20:00-04:00,6.190000057220459,6.195000171661377,6.190000057220459,6.190000057220459,13201,0.0,0.0
2024-10-29 13:21:00-04:00,6.190000057220459,6.195000171661377,6.190000057220459,6.195000171661377,45070,0.0,0.0
2024-10-29 13:22:00-04:00,6.195000171661377,6.195000171661377,6.190000057220459,6.190000057220459,2000,0.0,0.0
2024-10-29 13:23:00-04:00,6.195000171661377,6.195000171661377,6.195000171661377,6.195000171661377,1200,0.0,0.0
2024-10-29 13:24:00-04:00,6.195000171661377,6.195000171661377,6.190000057220459,6.190000057220459,54679,0.0,0.0
2024-10-29 13:25:00-04:00,6.190000057220459,6.190000057220459,6.190000057220459,6.190000057220459,13028,0.0,0.0
2024-10-29 13:26:00-04:00,6.195000171661377,6.195000171661377,6.190000057220459,6.195000171661377,46779,0.0,0.0
2024-10-29 13:27:00-04:00,6.190000057220459,6.190000057220459,6.179999828338623,6.179999828338623,216553,0.0,0.0
2024-10-29 13:28:00-04:00,6.182199954986572,6.184999942779541,6.179999828338623,6.179999828338623,17488,0.0,0.0
2024-10-29 13:29:00-04:00,6.18120002746582,6.18120002746582,6.179999828338623,6.1809000968933105,7225,0.0,0.0
2024-10-29 13:30:00-04:00,6.179999828338623,6.190000057220459,6.170000076293945,6.183199882507324,253089,0.0,0.0
2024-10-29 13:31:00-04:00,6.184999942779541,6.184999942779541,6.184999942779541,6.184999942779541,750,0.0,0.0
2024-10-29 13:33:00-04:00,6.184999942779541,6.185999870300293,6.184999942779541,6.185999870300293,2187,0.0,0.0
2024-10-29 13:35:00-04:00,6.184999942779541,6.184999942779541,6.179999828338623,6.184999942779541,8108,0.0,0.0
2024-10-29 13:36:00-04:00,6.184999942779541,6.1869001388549805,6.184999942779541,6.184999942779541,8555,0.0,0.0
2024-10-29 13:37:00-04:00,6.1809000968933105,6.184999942779541,6.179999828338623,6.179999828338623,13711,0.0,0.0
2024-10-29 13:38:00-04:00,6.184999942779541,6.184999942779541,6.179999828338623,6.184999942779541,8194,0.0,0.0
2024-10-29 13:39:00-04:00,6.184999942779541,6.184999942779541,6.170000076293945,6.170100212097168,76794,0.0,0.0
2024-10-29 13:40:00-04:00,6.175000190734863,6.175000190734863,6.170000076293945,6.175000190734863,10606,0.0,0.0
2024-10-29 13:41:00-04:00,6.17140007019043,6.175000190734863,6.17140007019043,6.174699783325195,4130,0.0,0.0
2024-10-29 13:42:00-04:00,6.175000190734863,6.175000190734863,6.175000190734863,6.175000190734863,3361,0.0,0.0
2024-10-29 13:43:00-04:00,6.175000190734863,6.179999828338623,6.175000190734863,6.179999828338623,57487,0.0,0.0
2024-10-29 13:44:00-04:00,6.175000190734863,6.179999828338623,6.175000190734863,6.175000190734863,68699,0.0,0.0
2024-10-29 13:45:00-04:00,6.179999828338623,6.179999828338623,6.175000190734863,6.175000190734863,6299,0.0,0.0
2024-10-29 13:46:00-04:00,6.174200057983398,6.175000190734863,6.170000076293945,6.175000190734863,1315,0.0,0.0
2024-10-29 13:47:00-04:00,6.175000190734863,6.17519998550415,6.175000190734863,6.17519998550415,1512,0.0,0.0
2024-10-29 13:48:00-04:00,6.171800136566162,6.171800136566162,6.171800136566162,6.171800136566162,487,0.0,0.0
2024-10-29 13:50:00-04:00,6.170100212097168,6.179999828338623,6.170000076293945,6.175000190734863,6592,0.0,0.0
2024-10-29 13:51:00-04:00,6.175000190734863,6.175000190734863,6.170000076293945,6.170000076293945,4709,0.0,0.0
2024-10-29 13:52:00-04:00,6.170199871063232,6.170199871063232,6.170000076293945,6.170000076293945,3540,0.0,0.0
2024-10-29 13:53:00-04:00,6.170300006866455,6.175000190734863,6.170000076293945,6.175000190734863,3818,0.0,0.0
2024-10-29 13:54:00-04:00,6.175000190734863,6.175000190734863,6.175000190734863,6.175000190734863,17214,0.0,0.0
2024-10-29 13:55:00-04:00,6.175000190734863,6.175000190734863,6.175000190734863,6.175000190734863,3799,0.0,0.0
2024-10-29 13:56:00-04:00,6.175000190734863,6.179999828338623,6.175000190734863,6.175000190734863,21406,0.0,0.0
2024-10-29 13:57:00-04:00,6.179999828338623,6.179999828338623,6.175000190734863,6.175000190734863,15047,0.0,0.0
2024-10-29 13:58:00-04:00,6.175000190734863,6.175000190734863,6.175000190734863,6.175000190734863,543,0.0,0.0
2024-10-29 13:59:00-04:00,6.175000190734863,6.175000190734863,6.175000190734863,6.175000190734863,300,0.0,0.0
2024-10-29 14:00:00-04:00,6.175000190734863,6.179999828338623,6.175000190734863,6.175000190734863,25706,0.0,0.0
2024-10-29 14:01:00-04:00,6.175000190734863,6.179999828338623,6.170000076293945,6.175000190734863,7885,0.0,0.0
2024-10-29 14:02:00-04:00,6.179999828338623,6.179999828338623,6.175000190734863,6.175000190734863,586,0.0,0.0
2024-10-29 14:03:00-04:00,6.175000190734863,6.175000190734863,6.170000076293945,6.175000190734863,4401,0.0,0.0
2024-10-29 14:04:00-04:00,6.175000190734863,6.179999828338623,6.170300006866455,6.175000190734863,48182,0.0,0.0
2024-10-29 14:05:00-04:00,6.179999828338623,6.179999828338623,6.170000076293945,6.175000190734863,81665,0.0,0.0
2024-10-29 14:06:00-04:00,6.179999828338623,6.190000057220459,6.175000190734863,6.184999942779541,182089,0.0,0.0
2024-10-29 14:07:00-04:00,6.184999942779541,6.184999942779541,6.179999828338623,6.184999942779541,11663,0.0,0.0
2024-10-29 14:08:00-04:00,6.184999942779541,6.184999942779541,6.184999942779541,6.184999942779541,23698,0.0,0.0
2024-10-29 14:09:00-04:00,6.184999942779541,6.184999942779541,6.184999942779541,6.184999942779541,1500,0.0,0.0
2024-10-29 14:10:00-04:00,6.184999942779541,6.184999942779541,6.179999828338623,6.179999828338623,2469,0.0,0.0
2024-10-29 14:11:00-04:00,6.184999942779541,6.184999942779541,6.184999942779541,6.184999942779541,100,0.0,0.0
2024-10-29 14:12:00-04:00,6.184999942779541,6.190000057220459,6.184999942779541,6.190000057220459,3997,0.0,0.0
2024-10-29 14:13:00-04:00,6.184999942779541,6.184999942779541,6.179999828338623,6.184999942779541,1972,0.0,0.0
2024-10-29 14:14:00-04:00,6.184999942779541,6.184999942779541,6.179999828338623,6.179999828338623,1209,0.0,0.0
2024-10-29 14:15:00-04:00,6.184999942779541,6.184999942779541,6.179999828338623,6.179999828338623,5548,0.0,0.0
2024-10-29 14:16:00-04:00,6.179999828338623,6.179999828338623,6.175000190734863,6.175000190734863,241162,0.0,0.0
2024-10-29 14:17:00-04:00,6.175000190734863,6.179999828338623,6.175000190734863,6.175000190734863,36052,0.0,0.0
2024-10-29 14:18:00-04:00,6.175000190734863,6.175000190734863,6.164999961853027,6.1722002029418945,548457,0.0,0.0
2024-10-29 14:19:00-04:00,6.172900199890137,6.179999828338623,6.170000076293945,6.170000076293945,81559,0.0,0.0
2024-10-29 14:20:00-04:00,6.171299934387207,6.171299934387207,6.170000076293945,6.171299934387207,7007,0.0,0.0
2024-10-29 14:21:00-04:00,6.171000003814697,6.179999828338623,6.170000076293945,6.179999828338623,10236,0.0,0.0
2024-10-29 14:22:00-04:00,6.175000190734863,6.175000190734863,6.170100212097168,6.170100212097168,3016,0.0,0.0
2024-10-29 14:23:00-04:00,6.170899868011475,6.179999828338623,6.170000076293945,6.170000076293945,8920,0.0,0.0
2024-10-29 14:24:00-04:00,6.175000190734863,6.179999828338623,6.175000190734863,6.179999828338623,166920,0.0,0.0
2024-10-29 14:25:00-04:00,6.179800033569336,6.179800033569336,6.170000076293945,6.175000190734863,13717,0.0,0.0
2024-10-29 14:26:00-04:00,6.178899765014648,6.178899765014648,6.175000190734863,6.175000190734863,12420,0.0,0.0
2024-10-29 14:27:00-04:00,6.175000190734863,6.175000190734863,6.175000190734863,6.175000190734863,1110,0.0,0.0
2024-10-29 14:28:00-04:00,6.175000190734863,6.179999828338623,6.170000076293945,6.175000190734863,15400,0.0,0.0
2024-10-29 14:29:00-04:00,6.175000190734863,6.175000190734863,6.170100212097168,6.175000190734863,6695,0.0,0.0
2024-10-29 14:30:00-04:00,6.175000190734863,6.175000190734863,6.175000190734863,6.175000190734863,9473,0.0,0.0
2024-10-29 14:31:00-04:00,6.179900169372559,6.179999828338623,6.175000190734863,6.175000190734863,22121,0.0,0.0
2024-10-29 14:32:00-04:00,6.179999828338623,6.179999828338623,6.175000190734863,6.179999828338623,11143,0.0,0.0
2024-10-29 14:33:00-04:00,6.179999828338623,6.179999828338623,6.175000190734863,6.175000190734863,8212,0.0,0.0
2024-10-29 14:34:00-04:00,6.175000190734863,6.179999828338623,6.175000190734863,6.175000190734863,34861,0.0,0.0
2024-10-29 14:35:00-04:00,6.175000190734863,6.175000190734863,6.175000190734863,6.175000190734863,7986,0.0,0.0
2024-10-29 14:36:00-04:00,6.175000190734863,6.179999828338623,6.175000190734863,6.175000190734863,5076,0.0,0.0
2024-10-29 14:37:00-04:00,6.175000190734863,6.175000190734863,6.175000190734863,6.175000190734863,3295,0.0,0.0
2024-10-29 14:39:00-04:00,6.175000190734863,6.175000190734863,6.175000190734863,6.175000190734863,4153,0.0,0.0
2024-10-29 14:40:00-04:00,6.175000190734863,6.179999828338623,6.170100212097168,6.175000190734863,23682,0.0,0.0
2024-10-29 14:41:00-04:00,6.175000190734863,6.175000190734863,6.175000190734863,6.175000190734863,5410,0.0,0.0
2024-10-29 14:42:00-04:00,6.170100212097168,6.179999828338623,6.170100212097168,6.175000190734863,905,0.0,0.0
2024-10-29 14:43:00-04:00,6.175000190734863,6.179999828338623,6.175000190734863,6.175000190734863,7817,0.0,0.0
2024-10-29 14:44:00-04:00,6.175000190734863,6.179999828338623,6.175000190734863,6.179999828338623,64381,0.0,0.0
2024-10-29 14:45:00-04:00,6.175000190734863,6.179999828338623,6.175000190734863,6.175000190734863,9032,0.0,0.0
2024-10-29 14:46:00-04:00,6.175000190734863,6.175000190734863,6.175000190734863,6.175000190734863,2702,0.0,0.0
2024-10-29 14:47:00-04:00,6.175000190734863,6.179999828338623,6.175000190734863,6.175000190734863,4246,0.0,0.0
2024-10-29 14:48:00-04:00,6.175000190734863,6.190000057220459,6.175000190734863,6.184999942779541,184935,0.0,0.0
2024-10-29 14:49:00-04:00,6.182400226593018,6.184999942779541,6.179999828338623,6.184999942779541,9869,0.0,0.0
2024-10-29 14:50:00-04:00,6.184999942779541,6.184999942779541,6.179999828338623,6.179999828338623,26991,0.0,0.0
2024-10-29 14:51:00-04:00,6.184999942779541,6.190000057220459,6.175000190734863,6.179999828338623,123614,0.0,0.0
2024-10-29 14:52:00-04:00,6.175000190734863,6.1778998374938965,6.164700031280518,6.164999961853027,75866,0.0,0.0
2024-10-29 14:53:00-04:00,6.164999961853027,6.170000076293945,6.159999847412109,6.170000076293945,40107,0.0,0.0
2024-10-29 14:54:00-04:00,6.170000076293945,6.170000076293945,6.164999961853027,6.166800022125244,26293,0.0,0.0
2024-10-29 14:55:00-04:00,6.164999961853027,6.164999961853027,6.164999961853027,6.164999961853027,7023,0.0,0.0
2024-10-29 14:56:00-04:00,6.170000076293945,6.170000076293945,6.159999847412109,6.164999961853027,9385,0.0,0.0
2024-10-29 14:57:00-04:00,6.164999961853027,6.170000076293945,6.164999961853027,6.164999961853027,29430,0.0,0.0
2024-10-29 14:58:00-04:00,6.164999961853027,6.170000076293945,6.163000106811523,6.164999961853027,14116,0.0,0.0
2024-10-29 14:59:00-04:00,6.164999961853027,6.170000076293945,6.164999961853027,6.170000076293945,7382,0.0,0.0
2024-10-29 15:00:00-04:00,6.170000076293945,6.179999828338623,6.159999847412109,6.172900199890137,358316,0.0,0.0
2024-10-29 15:01:00-04:00,6.175000190734863,6.178199768066406,6.175000190734863,6.175000190734863,1271,0.0,0.0
2024-10-29 15:02:00-04:00,6.1717000007629395,6.179999828338623,6.170100212097168,6.175000190734863,7481,0.0,0.0
2024-10-29 15:03:00-04:00,6.175000190734863,6.175000190734863,6.175000190734863,6.175000190734863,3845,0.0,0.0
2024-10-29 15:04:00-04:00,6.175000190734863,6.175000190734863,6.171800136566162,6.175000190734863,1261,0.0,0.0
2024-10-29 15:05:00-04:00,6.175000190734863,6.175000190734863,6.171199798583984,6.171199798583984,985,0.0,0.0
2024-10-29 15:06:00-04:00,6.170000076293945,6.175000190734863,6.170000076293945,6.175000190734863,22553,0.0,0.0
2024-10-29 15:07:00-04:00,6.170000076293945,6.175000190734863,6.170000076293945,6.170000076293945,117297,0.0,0.0
2024-10-29 15:08:00-04:00,6.170000076293945,6.179999828338623,6.170000076293945,6.175000190734863,12137,0.0,0.0
2024-10-29 15:09:00-04:00,6.175000190734863,6.175000190734863,6.170000076293945,6.170000076293945,3137,0.0,0.0
2024-10-29 15:10:00-04:00,6.170000076293945,6.175000190734863,6.170000076293945,6.170000076293945,5948,0.0,0.0
2024-10-29 15:11:00-04:00,6.175000190734863,6.175000190734863,6.170000076293945,6.170000076293945,26628,0.0,0.0
2024-10-29 15:12:00-04:00,6.170000076293945,6.175000190734863,6.159999847412109,6.168300151824951,89511,0.0,0.0
2024-10-29 15:13:00-04:00,6.168300151824951,6.170000076293945,6.159999847412109,6.164999961853027,12286,0.0,0.0
2024-10-29 15:14:00-04:00,6.164999961853027,6.164999961853027,6.159999847412109,6.159999847412109,3983,0.0,0.0
2024-10-29 15:15:00-04:00,6.159999847412109,6.164999961853027,6.159999847412109,6.159999847412109,2608,0.0,0.0
2024-10-29 15:16:00-04:00,6.159999847412109,6.161300182342529,6.159999847412109,6.161300182342529,5163,0.0,0.0
2024-10-29 15:17:00-04:00,6.164999961853027,6.164999961853027,6.150000095367432,6.150000095367432,148644,0.0,0.0
2024-10-29 15:18:00-04:00,6.150000095367432,6.15500020980835,6.150000095367432,6.15500020980835,8351,0.0,0.0
2024-10-29 15:19:00-04:00,6.15500020980835,6.15500020980835,6.150000095367432,6.150100231170654,5735,0.0,0.0
2024-10-29 15:20:00-04:00,6.15500020980835,6.15500020980835,6.150000095367432,6.15500020980835,6729,0.0,0.0
2024-10-29 15:21:00-04:00,6.150000095367432,6.159999847412109,6.150000095367432,6.150000095367432,7194,0.0,0.0
2024-10-29 15:22:00-04:00,6.150000095367432,6.15500020980835,6.139999866485596,6.150000095367432,261677,0.0,0.0
2024-10-29 15:23:00-04:00,6.150000095367432,6.150000095367432,6.144999980926514,6.144999980926514,17516,0.0,0.0
2024-10-29 15:24:00-04:00,6.150000095367432,6.150000095367432,6.149199962615967,6.149199962615967,2412,0.0,0.0
2024-10-29 15:25:00-04:00,6.150000095367432,6.150000095367432,6.144999980926514,6.150000095367432,22191,0.0,0.0
2024-10-29 15:26:00-04:00,6.150000095367432,6.150000095367432,6.144999980926514,6.144999980926514,15401,0.0,0.0
2024-10-29 15:27:00-04:00,6.150000095367432,6.150000095367432,6.144999980926514,6.144999980926514,1152,0.0,0.0
2024-10-29 15:28:00-04:00,6.144999980926514,6.144999980926514,6.141900062561035,6.144999980926514,9247,0.0,0.0
2024-10-29 15:29:00-04:00,6.144999980926514,6.150000095367432,6.139999866485596,6.146500110626221,40996,0.0,0.0
2024-10-29 15:30:00-04:00,6.144999980926514,6.150000095367432,6.141600131988525,6.1483001708984375,69943,0.0,0.0
2024-10-29 15:31:00-04:00,6.144999980926514,6.150000095367432,6.144999980926514,6.144999980926514,25676,0.0,0.0
2024-10-29 15:32:00-04:00,6.150000095367432,6.150000095367432,6.144999980926514,6.1483001708984375,57876,0.0,0.0
2024-10-29 15:33:00-04:00,6.150000095367432,6.150000095367432,6.139999866485596,6.150000095367432,115008,0.0,0.0
2024-10-29 15:34:00-04:00,6.139999866485596,6.159999847412109,6.139999866485596,6.15500020980835,250220,0.0,0.0
2024-10-29 15:35:00-04:00,6.15500020980835,6.159999847412109,6.15500020980835,6.159999847412109,22657,0.0,0.0
2024-10-29 15:36:00-04:00,6.159999847412109,6.159999847412109,6.15500020980835,6.159999847412109,42455,0.0,0.0
2024-10-29 15:37:00-04:00,6.15500020980835,6.159999847412109,6.15500020980835,6.15500020980835,38892,0.0,0.0
2024-10-29 15:38:00-04:00,6.15500020980835,6.159999847412109,6.150000095367432,6.15500020980835,48410,0.0,0.0
2024-10-29 15:39:00-04:00,6.15500020980835,6.159999847412109,6.15500020980835,6.159999847412109,46018,0.0,0.0
2024-10-29 15:40:00-04:00,6.159999847412109,6.159999847412109,6.15500020980835,6.159999847412109,16627,0.0,0.0
2024-10-29 15:41:00-04:00,6.15500020980835,6.159999847412109,6.15500020980835,6.159999847412109,12830,0.0,0.0
2024-10-29 15:42:00-04:00,6.15500020980835,6.15500020980835,6.15500020980835,6.15500020980835,14867,0.0,0.0
2024-10-29 15:43:00-04:00,6.15500020980835,6.15500020980835,6.15500020980835,6.15500020980835,10083,0.0,0.0
2024-10-29 15:44:00-04:00,6.15500020980835,6.15500020980835,6.150100231170654,6.15500020980835,9243,0.0,0.0
2024-10-29 15:45:00-04:00,6.15500020980835,6.159999847412109,6.150000095367432,6.15500020980835,12978,0.0,0.0
2024-10-29 15:46:00-04:00,6.15500020980835,6.15500020980835,6.150000095367432,6.15500020980835,18016,0.0,0.0
2024-10-29 15:47:00-04:00,6.15500020980835,6.15500020980835,6.15500020980835,6.15500020980835,42235,0.0,0.0
2024-10-29 15:48:00-04:00,6.15500020980835,6.159999847412109,6.150000095367432,6.15500020980835,40875,0.0,0.0
2024-10-29 15:49:00-04:00,6.15500020980835,6.159999847412109,6.15500020980835,6.158999919891357,96784,0.0,0.0
2024-10-29 15:50:00-04:00,6.159900188446045,6.170000076293945,6.150000095367432,6.164999961853027,166211,0.0,0.0
2024-10-29 15:51:00-04:00,6.164999961853027,6.164999961853027,6.15500020980835,6.159999847412109,791279,0.0,0.0
2024-10-29 15:52:00-04:00,6.159999847412109,6.159999847412109,6.15500020980835,6.15500020980835,67461,0.0,0.0
2024-10-29 15:53:00-04:00,6.15500020980835,6.159999847412109,6.15500020980835,6.15500020980835,94328,0.0,0.0
2024-10-29 15:54:00-04:00,6.15500020980835,6.15500020980835,6.150000095367432,6.150000095367432,49600,0.0,0.0
2024-10-29 15:55:00-04:00,6.15500020980835,6.15500020980835,6.150000095367432,6.150000095367432,12262,0.0,0.0
2024-10-29 15:56:00-04:00,6.150000095367432,6.15500020980835,6.150000095367432,6.15500020980835,106660,0.0,0.0
2024-10-29 15:57:00-04:00,6.150000095367432,6.15500020980835,6.150000095367432,6.150000095367432,74911,0.0,0.0
2024-10-29 15:58:00-04:00,6.150000095367432,6.157599925994873,6.144999980926514,6.144999980926514,192305,0.0,0.0
2024-10-29 15:59:00-04:00,6.144999980926514,6.144999980926514,6.130000114440918,6.130000114440918,442872,0.0,0.0
2024-10-30 09:30:00-04:00,6.110000133514404,6.130000114440918,6.110000133514404,6.130000114440918,58783,0.0,0.0
2024-10-30 09:31:00-04:00,6.130000114440918,6.135000228881836,6.119999885559082,6.125,21533,0.0,0.0
2024-10-30 09:32:00-04:00,6.130000114440918,6.130000114440918,6.125,6.130000114440918,6307,0.0,0.0
2024-10-30 09:33:00-04:00,6.130000114440918,6.135000228881836,6.130000114440918,6.135000228881836,58304,0.0,0.0
2024-10-30 09:34:00-04:00,6.135000228881836,6.135000228881836,6.135000228881836,6.135000228881836,1902,0.0,0.0
2024-10-30 09:35:00-04:00,6.135000228881836,6.135000228881836,6.135000228881836,6.135000228881836,22002,0.0,0.0
2024-10-30 09:36:00-04:00,6.135000228881836,6.135000228881836,6.135000228881836,6.135000228881836,24665,0.0,0.0
2024-10-30 09:37:00-04:00,6.139999866485596,6.144999980926514,6.139999866485596,6.144999980926514,46433,0.0,0.0
2024-10-30 09:38:00-04:00,6.144999980926514,6.144999980926514,6.144999980926514,6.144999980926514,1953,0.0,0.0
2024-10-30 09:39:00-04:00,6.139999866485596,6.139999866485596,6.135000228881836,6.139999866485596,21876,0.0,0.0
2024-10-30 09:40:00-04:00,6.135000228881836,6.135000228881836,6.130099773406982,6.135000228881836,19064,0.0,0.0
2024-10-30 09:41:00-04:00,6.138700008392334,6.139999866485596,6.135000228881836,6.135000228881836,20234,0.0,0.0
2024-10-30 09:42:00-04:00,6.135000228881836,6.139999866485596,6.130000114440918,6.130000114440918,4336,0.0,0.0
2024-10-30 09:43:00-04:00,6.130000114440918,6.135000228881836,6.130000114440918,6.130000114440918,15284,0.0,0.0
2024-10-30 09:44:00-04:00,6.130000114440918,6.135000228881836,6.130000114440918,6.130000114440918,5521,0.0,0.0
2024-10-30 09:45:00-04:00,6.135000228881836,6.139999866485596,6.135000228881836,6.135000228881836,6315,0.0,0.0
2024-10-30 09:46:00-04:00,6.135000228881836,6.144999980926514,6.135000228881836,6.144999980926514,154960,0.0,0.0
2024-10-30 09:47:00-04:00,6.144999980926514,6.144999980926514,6.144999980926514,6.144999980926514,15803,0.0,0.0
2024-10-30 09:48:00-04:00,6.139999866485596,6.144999980926514,6.139999866485596,6.144999980926514,19577,0.0,0.0
2024-10-30 09:49:00-04:00,6.150000095367432,6.150000095367432,6.139999866485596,6.144999980926514,28902,0.0,0.0
2024-10-30 09:50:00-04:00,6.144999980926514,6.150000095367432,6.139999866485596,6.150000095367432,147685,0.0,0.0
2024-10-30 09:51:00-04:00,6.144999980926514,6.15500020980835,6.144999980926514,6.15500020980835,37759,0.0,0.0
2024-10-30 09:52:00-04:00,6.150000095367432,6.159999847412109,6.150000095367432,6.15880012512207,44738,0.0,0.0
2024-10-30 09:53:00-04:00,6.159999847412109,6.159999847412109,6.150000095367432,6.15500020980835,32100,0.0,0.0
2024-10-30 09:54:00-04:00,6.15500020980835,6.15500020980835,6.150100231170654,6.15500020980835,9683,0.0,0.0
2024-10-30 09:55:00-04:00,6.15500020980835,6.15500020980835,6.150100231170654,6.15500020980835,10200,0.0,0.0
2024-10-30 09:56:00-04:00,6.15500020980835,6.159999847412109,6.15500020980835,6.159999847412109,17304,0.0,0.0
2024-10-30 09:57:00-04:00,6.15500020980835,6.159999847412109,6.15500020980835,6.159999847412109,29139,0.0,0.0
2024-10-30 09:58:00-04:00,6.159999847412109,6.159999847412109,6.150000095367432,6.15500020980835,44030,0.0,0.0
2024-10-30 09:59:00-04:00,6.15500020980835,6.15500020980835,6.150000095367432,6.150000095367432,13974,0.0,0.0
2024-10-30 10:00:00-04:00,6.150000095367432,6.159999847412109,6.139999866485596,6.144999980926514,54492,0.0,0.0
2024-10-30 10:01:00-04:00,6.144999980926514,6.144999980926514,6.139999866485596,6.144999980926514,1110,0.0,0.0
2024-10-30 10:02:00-04:00,6.144999980926514,6.14900016784668,6.139999866485596,6.144999980926514,19668,0.0,0.0
2024-10-30 10:03:00-04:00,6.144999980926514,6.144999980926514,6.142000198364258,6.142000198364258,3043,0.0,0.0
2024-10-30 10:04:00-04:00,6.144999980926514,6.144999980926514,6.139999866485596,6.139999866485596,54176,0.0,0.0
2024-10-30 10:05:00-04:00,6.140100002288818,6.144999980926514,6.139999866485596,6.144999980926514,24163,0.0,0.0
2024-10-30 10:06:00-04:00,6.144999980926514,6.144999980926514,6.139999866485596,6.144999980926514,3058,0.0,0.0
2024-10-30 10:07:00-04:00,6.144999980926514,6.144999980926514,6.130000114440918,6.139800071716309,279182,0.0,0.0
2024-10-30 10:08:00-04:00,6.139999866485596,6.144999980926514,6.130000114440918,6.144999980926514,66447,0.0,0.0
2024-10-30 10:09:00-04:00,6.144999980926514,6.144999980926514,6.139999866485596,6.144999980926514,20107,0.0,0.0
2024-10-30 10:10:00-04:00,6.150000095367432,6.150000095367432,6.139999866485596,6.144999980926514,41255,0.0,0.0
2024-10-30 10:11:00-04:00,6.139999866485596,6.150000095367432,6.139999866485596,6.150000095367432,3603,0.0,0.0
2024-10-30 10:12:00-04:00,6.150000095367432,6.150000095367432,6.139999866485596,6.144999980926514,6813,0.0,0.0
2024-10-30 10:13:00-04:00,6.144999980926514,6.150000095367432,6.144999980926514,6.144999980926514,5595,0.0,0.0
2024-10-30 10:14:00-04:00,6.150000095367432,6.159999847412109,6.149899959564209,6.15500020980835,81591,0.0,0.0
2024-10-30 10:15:00-04:00,6.150000095367432,6.15500020980835,6.150000095367432,6.15500020980835,24573,0.0,0.0
2024-10-30 10:16:00-04:00,6.15500020980835,6.159999847412109,6.150100231170654,6.15500020980835,15009,0.0,0.0
2024-10-30 10:17:00-04:00,6.15500020980835,6.159999847412109,6.150000095367432,6.159999847412109,39635,0.0,0.0
2024-10-30 10:18:00-04:00,6.151599884033203,6.159999847412109,6.150000095367432,6.159999847412109,28612,0.0,0.0
2024-10-30 10:19:00-04:00,6.150000095367432,6.159999847412109,6.150000095367432,6.15500020980835,1304,0.0,0.0
2024-10-30 10:20:00-04:00,6.15500020980835,6.159999847412109,6.151100158691406,6.15500020980835,10443,0.0,0.0
2024-10-30 10:21:00-04:00,6.15500020980835,6.15500020980835,6.150000095367432,6.15500020980835,29621,0.0,0.0
2024-10-30 10:22:00-04:00,6.15500020980835,6.15500020980835,6.150000095367432,6.150000095367432,42637,0.0,0.0
2024-10-30 10:23:00-04:00,6.15500020980835,6.15500020980835,6.139999866485596,6.144999980926514,53385,0.0,0.0
2024-10-30 10:24:00-04:00,6.144999980926514,6.144999980926514,6.144999980926514,6.144999980926514,841,0.0,0.0
2024-10-30 10:25:00-04:00,6.144999980926514,6.150000095367432,6.139999866485596,6.150000095367432,27083,0.0,0.0
2024-10-30 10:26:00-04:00,6.14109992980957,6.144999980926514,6.13070011138916,6.135000228881836,71659,0.0,0.0
2024-10-30 10:27:00-04:00,6.135000228881836,6.135000228881836,6.135000228881836,6.135000228881836,1754,0.0,0.0
2024-10-30 10:28:00-04:00,6.135000228881836,6.135000228881836,6.130000114440918,6.135000228881836,29029,0.0,0.0
2024-10-30 10:29:00-04:00,6.135000228881836,6.135000228881836,6.135000228881836,6.135000228881836,5504,0.0,0.0
2024-10-30 10:30:00-04:00,6.135000228881836,6.139900207519531,6.131499767303467,6.135000228881836,43576,0.0,0.0
2024-10-30 10:31:00-04:00,6.135000228881836,6.139900207519531,6.130000114440918,6.135000228881836,7274,0.0,0.0
2024-10-30 10:32:00-04:00,6.135000228881836,6.135000228881836,6.135000228881836,6.135000228881836,701,0.0,0.0
2024-10-30 10:33:00-04:00,6.135000228881836,6.135000228881836,6.135000228881836,6.135000228881836,220,0.0,0.0
2024-10-30 10:34:00-04:00,6.135000228881836,6.139999866485596,6.130000114440918,6.135000228881836,1121,0.0,0.0
2024-10-30 10:35:00-04:00,6.135000228881836,6.139999866485596,6.135000228881836,6.135000228881836,1718,0.0,0.0
2024-10-30 10:36:00-04:00,6.135000228881836,6.139999866485596,6.121600151062012,6.125,119421,0.0,0.0
2024-10-30 10:37:00-04:00,6.125,6.130000114440918,6.125,6.125,61961,0.0,0.0
2024-10-30 10:38:00-04:00,6.125,6.125,6.125,6.125,9651,0.0,0.0
2024-10-30 10:39:00-04:00,6.125,6.129899978637695,6.125,6.129899978637695,1691,0.0,0.0
2024-10-30 10:40:00-04:00,6.125,6.125,6.120100021362305,6.120100021362305,5677,0.0,0.0
2024-10-30 10:41:00-04:00,6.125,6.130000114440918,6.119999885559082,6.130000114440918,11653,0.0,0.0
2024-10-30 10:42:00-04:00,6.119999885559082,6.130000114440918,6.119999885559082,6.120100021362305,122093,0.0,0.0
2024-10-30 10:43:00-04:00,6.119999885559082,6.121600151062012,6.110000133514404,6.114999771118164,360377,0.0,0.0
2024-10-30 10:44:00-04:00,6.114999771118164,6.114999771118164,6.1118998527526855,6.114999771118164,27039,0.0,0.0
2024-10-30 10:45:00-04:00,6.114999771118164,6.119999885559082,6.110000133514404,6.114999771118164,55358,0.0,0.0
2024-10-30 10:46:00-04:00,6.114999771118164,6.119999885559082,6.110000133514404,6.111299991607666,145687,0.0,0.0
2024-10-30 10:47:00-04:00,6.114999771118164,6.119900226593018,6.114999771118164,6.114999771118164,9304,0.0,0.0
2024-10-30 10:48:00-04:00,6.114999771118164,6.119999885559082,6.111700057983398,6.114999771118164,9056,0.0,0.0
2024-10-30 10:49:00-04:00,6.114999771118164,6.114999771118164,6.114999771118164,6.114999771118164,3819,0.0,0.0
2024-10-30 10:50:00-04:00,6.114999771118164,6.119999885559082,6.114999771118164,6.114999771118164,8851,0.0,0.0
2024-10-30 10:51:00-04:00,6.110000133514404,6.112800121307373,6.110000133514404,6.110099792480469,88583,0.0,0.0
2024-10-30 10:52:00-04:00,6.114999771118164,6.119999885559082,6.099999904632568,6.114999771118164,305394,0.0,0.0
2024-10-30 10:53:00-04:00,6.114999771118164,6.119999885559082,6.110000133514404,6.114999771118164,117957,0.0,0.0
2024-10-30 10:54:00-04:00,6.110000133514404,6.119999885559082,6.110000133514404,6.119999885559082,15926,0.0,0.0
2024-10-30 10:55:00-04:00,6.118299961090088,6.119999885559082,6.110000133514404,6.119999885559082,13224,0.0,0.0
2024-10-30 10:56:00-04:00,6.118599891662598,6.119999885559082,6.114999771118164,6.114999771118164,2806,0.0,0.0
2024-10-30 10:57:00-04:00,6.111000061035156,6.111000061035156,6.111000061035156,6.111000061035156,2199,0.0,0.0
2024-10-30 10:58:00-04:00,6.114999771118164,6.119999885559082,6.114999771118164,6.114999771118164,11778,0.0,0.0
2024-10-30 10:59:00-04:00,6.114999771118164,6.119999885559082,6.110000133514404,6.110000133514404,45675,0.0,0.0
2024-10-30 11:00:00-04:00,6.119900226593018,6.130000114440918,6.119200229644775,6.125,51654,0.0,0.0
2024-10-30 11:01:00-04:00,6.125,6.130000114440918,6.120100021362305,6.120100021362305,16755,0.0,0.0
2024-10-30 11:02:00-04:00,6.119999885559082,6.130000114440918,6.119999885559082,6.125,177685,0.0,0.0
2024-10-30 11:03:00-04:00,6.125,6.130000114440918,6.119999885559082,6.120100021362305,31215,0.0,0.0
2024-10-30 11:04:00-04:00,6.125,6.125,6.119999885559082,6.125,7473,0.0,0.0
2024-10-30 11:05:00-04:00,6.125,6.130000114440918,6.119999885559082,6.125,2869,0.0,0.0
2024-10-30 11:06:00-04:00,6.119999885559082,6.125,6.119999885559082,6.125,1000,0.0,0.0
2024-10-30 11:07:00-04:00,6.125,6.1280999183654785,6.119999885559082,6.125,6373,0.0,0.0
2024-10-30 11:08:00-04:00,6.119999885559082,6.125,6.119999885559082,6.125,1301,0.0,0.0
2024-10-30 11:09:00-04:00,6.119999885559082,6.130000114440918,6.119999885559082,6.125,7623,0.0,0.0
2024-10-30 11:10:00-04:00,6.119999885559082,6.130000114440918,6.119999885559082,6.125,11500,0.0,0.0
2024-10-30 11:11:00-04:00,6.125,6.129899978637695,6.1107001304626465,6.119999885559082,75242,0.0,0.0
2024-10-30 11:12:00-04:00,6.114999771118164,6.114999771118164,6.110000133514404,6.114999771118164,8255,0.0,0.0
2024-10-30 11:13:00-04:00,6.114999771118164,6.114999771118164,6.110000133514404,6.110000133514404,599,0.0,0.0
2024-10-30 11:14:00-04:00,6.114999771118164,6.114999771118164,6.114999771118164,6.114999771118164,1515,0.0,0.0
2024-10-30 11:15:00-04:00,6.114999771118164,6.114999771118164,6.110000133514404,6.114999771118164,5909,0.0,0.0
2024-10-30 11:16:00-04:00,6.110000133514404,6.114999771118164,6.110000133514404,6.110000133514404,4000,0.0,0.0
2024-10-30 11:17:00-04:00,6.110000133514404,6.114999771118164,6.110000133514404,6.114999771118164,1849,0.0,0.0
2024-10-30 11:18:00-04:00,6.114999771118164,6.114999771118164,6.114999771118164,6.114999771118164,702,0.0,0.0
2024-10-30 11:19:00-04:00,6.114999771118164,6.114999771118164,6.110000133514404,6.114999771118164,1000,0.0,0.0
2024-10-30 11:20:00-04:00,6.114999771118164,6.119999885559082,6.114999771118164,6.114999771118164,4955,0.0,0.0
2024-10-30 11:21:00-04:00,6.114999771118164,6.114999771118164,6.114999771118164,6.114999771118164,700,0.0,0.0
2024-10-30 11:22:00-04:00,6.114999771118164,6.114999771118164,6.110000133514404,6.114999771118164,1572,0.0,0.0
2024-10-30 11:23:00-04:00,6.114999771118164,6.114999771118164,6.114999771118164,6.114999771118164,2301,0.0,0.0
2024-10-30 11:24:00-04:00,6.114999771118164,6.119999885559082,6.110000133514404,6.114999771118164,15059,0.0,0.0
2024-10-30 11:25:00-04:00,6.114999771118164,6.114999771118164,6.110000133514404,6.114999771118164,3539,0.0,0.0
2024-10-30 11:26:00-04:00,6.119999885559082,6.119999885559082,6.114999771118164,6.119900226593018,9168,0.0,0.0
2024-10-30 11:27:00-04:00,6.114999771118164,6.130000114440918,6.114999771118164,6.125,384469,0.0,0.0
2024-10-30 11:28:00-04:00,6.119999885559082,6.130000114440918,6.119999885559082,6.125,21457,0.0,0.0
2024-10-30 11:29:00-04:00,6.125,6.130000114440918,6.125,6.128320217132568,3950,0.0,0.0
2024-10-30 11:30:00-04:00,6.125,6.130000114440918,6.125,6.125,1729,0.0,0.0
2024-10-30 11:31:00-04:00,6.125,6.130000114440918,6.120100021362305,6.130000114440918,37117,0.0,0.0
2024-10-30 11:32:00-04:00,6.130000114440918,6.139999866485596,6.119999885559082,6.135000228881836,151368,0.0,0.0
2024-10-30 11:33:00-04:00,6.135000228881836,6.139999866485596,6.135000228881836,6.135000228881836,2519,0.0,0.0
2024-10-30 11:34:00-04:00,6.135000228881836,6.139999866485596,6.130000114440918,6.135000228881836,36594,0.0,0.0
2024-10-30 11:35:00-04:00,6.13129997253418,6.139999866485596,6.130000114440918,6.139999866485596,44997,0.0,0.0
2024-10-30 11:36:00-04:00,6.138000011444092,6.138000011444092,6.125,6.128200054168701,96970,0.0,0.0
2024-10-30 11:37:00-04:00,6.130000114440918,6.130000114440918,6.119999885559082,6.125,6828,0.0,0.0
2024-10-30 11:38:00-04:00,6.125,6.130000114440918,6.120100021362305,6.130000114440918,6944,0.0,0.0
2024-10-30 11:39:00-04:00,6.125,6.130000114440918,6.125,6.125,3206,0.0,0.0
2024-10-30 11:40:00-04:00,6.125,6.130000114440918,6.119999885559082,6.125,10901,0.0,0.0
2024-10-30 11:41:00-04:00,6.125,6.130000114440918,6.125,6.130000114440918,300,0.0,0.0
2024-10-30 11:42:00-04:00,6.125,6.130000114440918,6.125,6.130000114440918,1165,0.0,0.0
2024-10-30 11:43:00-04:00,6.130000114440918,6.130000114440918,6.125,6.125,10290,0.0,0.0
2024-10-30 11:44:00-04:00,6.130000114440918,6.130000114440918,6.125,6.125,3023,0.0,0.0
2024-10-30 11:45:00-04:00,6.125,6.130000114440918,6.125,6.125,6039,0.0,0.0
2024-10-30 11:46:00-04:00,6.125,6.130000114440918,6.125,6.125,4666,0.0,0.0
2024-10-30 11:47:00-04:00,6.125,6.130000114440918,6.125,6.130000114440918,2790,0.0,0.0
2024-10-30 11:48:00-04:00,6.125,6.135000228881836,6.125,6.135000228881836,74308,0.0,0.0
2024-10-30 11:49:00-04:00,6.135000228881836,6.139999866485596,6.135000228881836,6.135000228881836,1969,0.0,0.0
2024-10-30 11:50:00-04:00,6.139999866485596,6.139999866485596,6.135000228881836,6.135000228881836,1339,0.0,0.0
2024-10-30 11:51:00-04:00,6.135000228881836,6.139999866485596,6.135000228881836,6.135000228881836,5560,0.0,0.0
2024-10-30 11:52:00-04:00,6.135000228881836,6.139999866485596,6.135000228881836,6.135000228881836,3992,0.0,0.0
2024-10-30 11:53:00-04:00,6.135000228881836,6.139999866485596,6.130000114440918,6.135000228881836,66279,0.0,0.0
2024-10-30 11:54:00-04:00,6.135000228881836,6.135000228881836,6.130000114440918,6.135000228881836,71009,0.0,0.0
2024-10-30 11:55:00-04:00,6.130000114440918,6.135000228881836,6.130000114440918,6.135000228881836,7351,0.0,0.0
2024-10-30 11:56:00-04:00,6.135000228881836,6.139999866485596,6.125,6.125,118241,0.0,0.0
2024-10-30 11:57:00-04:00,6.125,6.125,6.125,6.125,11700,0.0,0.0
2024-10-30 11:58:00-04:00,6.125,6.125,6.119999885559082,6.119999885559082,28218,0.0,0.0
2024-10-30 11:59:00-04:00,6.125,6.125,6.125,6.125,1100,0.0,0.0
2024-10-30 12:00:00-04:00,6.125,6.125,6.125,6.125,5208,0.0,0.0
2024-10-30 12:01:00-04:00,6.125,6.125,6.119999885559082,6.125,753,0.0,0.0
2024-10-30 12:02:00-04:00,6.125,6.125,6.125,6.125,1604,0.0,0.0
2024-10-30 12:03:00-04:00,6.125,6.125,6.121399879455566,6.125,1161,0.0,0.0
2024-10-30 12:04:00-04:00,6.125,6.125,6.125,6.125,1172,0.0,0.0
2024-10-30 12:05:00-04:00,6.125,6.125,6.119999885559082,6.120100021362305,9388,0.0,0.0
2024-10-30 12:06:00-04:00,6.125,6.125,6.119999885559082,6.125,900,0.0,0.0
2024-10-30 12:07:00-04:00,6.125,6.129899978637695,6.125,6.125,1160,0.0,0.0
2024-10-30 12:08:00-04:00,6.125,6.130000114440918,6.110000133514404,6.119900226593018,368242,0.0,0.0
2024-10-30 12:09:00-04:00,6.117099761962891,6.119999885559082,6.114999771118164,6.114999771118164,86095,0.0,0.0
2024-10-30 12:10:00-04:00,6.11899995803833,6.130000114440918,6.110000133514404,6.122900009155273,154765,0.0,0.0
2024-10-30 12:11:00-04:00,6.120100021362305,6.125,6.120100021362305,6.125,12000,0.0,0.0
2024-10-30 12:12:00-04:00,6.124100208282471,6.125,6.124100208282471,6.125,7782,0.0,0.0
2024-10-30 12:13:00-04:00,6.125,6.130000114440918,6.119999885559082,6.125,79863,0.0,0.0
2024-10-30 12:14:00-04:00,6.125,6.125,6.119999885559082,6.119999885559082,27523,0.0,0.0
2024-10-30 12:15:00-04:00,6.119999885559082,6.130000114440918,6.119999885559082,6.125,3400,0.0,0.0
2024-10-30 12:16:00-04:00,6.125,6.125,6.125,6.125,300,0.0,0.0
2024-10-30 12:17:00-04:00,6.125,6.125,6.119999885559082,6.125,3927,0.0,0.0
2024-10-30 12:18:00-04:00,6.125,6.125,6.125,6.125,2100,0.0,0.0
2024-10-30 12:19:00-04:00,6.125,6.125,6.125,6.125,2457,0.0,0.0
2024-10-30 12:20:00-04:00,6.125,6.130000114440918,6.124899864196777,6.125,4850,0.0,0.0
2024-10-30 12:21:00-04:00,6.125,6.130000114440918,6.119999885559082,6.125,11224,0.0,0.0
2024-10-30 12:22:00-04:00,6.119999885559082,6.125999927520752,6.119999885559082,6.119999885559082,59116,0.0,0.0
2024-10-30 12:23:00-04:00,6.119999885559082,6.125,6.110000133514404,6.114999771118164,118000,0.0,0.0
2024-10-30 12:25:00-04:00,6.110199928283691,6.117000102996826,6.110000133514404,6.114999771118164,31970,0.0,0.0
2024-10-30 12:27:00-04:00,6.110000133514404,6.114999771118164,6.110000133514404,6.110000133514404,8128,0.0,0.0
2024-10-30 12:28:00-04:00,6.114999771118164,6.11899995803833,6.110000133514404,6.114999771118164,4102,0.0,0.0
2024-10-30 12:29:00-04:00,6.114999771118164,6.114999771118164,6.114999771118164,6.114999771118164,2021,0.0,0.0
2024-10-30 12:31:00-04:00,6.110000133514404,6.110000133514404,6.110000133514404,6.110000133514404,100,0.0,0.0
2024-10-30 12:32:00-04:00,6.110000133514404,6.110000133514404,6.110000133514404,6.110000133514404,2300,0.0,0.0
2024-10-30 12:33:00-04:00,6.110000133514404,6.110000133514404,6.110000133514404,6.110000133514404,1452,0.0,0.0
2024-10-30 12:34:00-04:00,6.110000133514404,6.114999771118164,6.110000133514404,6.114999771118164,1365,0.0,0.0
2024-10-30 12:35:00-04:00,6.114999771118164,6.118100166320801,6.110000133514404,6.114999771118164,14405,0.0,0.0
2024-10-30 12:36:00-04:00,6.114999771118164,6.114999771118164,6.110000133514404,6.110000133514404,900,0.0,0.0
2024-10-30 12:37:00-04:00,6.114999771118164,6.114999771118164,6.114999771118164,6.114999771118164,2052,0.0,0.0
2024-10-30 12:38:00-04:00,6.114999771118164,6.114999771118164,6.114999771118164,6.114999771118164,402,0.0,0.0
2024-10-30 12:39:00-04:00,6.119999885559082,6.119999885559082,6.114999771118164,6.114999771118164,1794,0.0,0.0
2024-10-30 12:40:00-04:00,6.114999771118164,6.114999771118164,6.114999771118164,6.114999771118164,1872,0.0,0.0
2024-10-30 12:41:00-04:00,6.114999771118164,6.114999771118164,6.114999771118164,6.114999771118164,1500,0.0,0.0
2024-10-30 12:42:00-04:00,6.114999771118164,6.119999885559082,6.110000133514404,6.114999771118164,1015,0.0,0.0
2024-10-30 12:43:00-04:00,6.114999771118164,6.119999885559082,6.110000133514404,6.110000133514404,7043,0.0,0.0
2024-10-30 12:44:00-04:00,6.114999771118164,6.114999771118164,6.114999771118164,6.114999771118164,1438,0.0,0.0
2024-10-30 12:45:00-04:00,6.114999771118164,6.114999771118164,6.114999771118164,6.114999771118164,1253,0.0,0.0
2024-10-30 12:46:00-04:00,6.119999885559082,6.119999885559082,6.114999771118164,6.114999771118164,2849,0.0,0.0
2024-10-30 12:47:00-04:00,6.110000133514404,6.119999885559082,6.110000133514404,6.119999885559082,609,0.0,0.0
2024-10-30 12:48:00-04:00,6.114999771118164,6.119999885559082,6.114999771118164,6.114999771118164,864,0.0,0.0
2024-10-30 12:49:00-04:00,6.119999885559082,6.119999885559082,6.110199928283691,6.110199928283691,2693,0.0,0.0
2024-10-30 12:50:00-04:00,6.114999771118164,6.114999771118164,6.114999771118164,6.114999771118164,257,0.0,0.0
2024-10-30 12:51:00-04:00,6.119999885559082,6.119999885559082,6.110000133514404,6.110000133514404,1000,0.0,0.0
2024-10-30 12:52:00-04:00,6.114999771118164,6.119999885559082,6.114999771118164,6.114999771118164,1228,0.0,0.0
2024-10-30 12:53:00-04:00,6.114999771118164,6.119999885559082,6.114999771118164,6.114999771118164,800,0.0,0.0
2024-10-30 12:54:00-04:00,6.110000133514404,6.119999885559082,6.110000133514404,6.114999771118164,2736,0.0,0.0
2024-10-30 12:55:00-04:00,6.110000133514404,6.114999771118164,6.110000133514404,6.114999771118164,10607,0.0,0.0
2024-10-30 12:56:00-04:00,6.114999771118164,6.119999885559082,6.114999771118164,6.119999885559082,3068,0.0,0.0
2024-10-30 12:57:00-04:00,6.114999771118164,6.114999771118164,6.110000133514404,6.114999771118164,3049,0.0,0.0
2024-10-30 12:58:00-04:00,6.114999771118164,6.119999885559082,6.110000133514404,6.110000133514404,1071,0.0,0.0
2024-10-30 12:59:00-04:00,6.116199970245361,6.119999885559082,6.111299991607666,6.114999771118164,6044,0.0,0.0
2024-10-30 13:00:00-04:00,6.119999885559082,6.119999885559082,6.114999771118164,6.119999885559082,2027,0.0,0.0
2024-10-30 13:01:00-04:00,6.114999771118164,6.114999771118164,6.114999771118164,6.114999771118164,1191,0.0,0.0
2024-10-30 13:02:00-04:00,6.114999771118164,6.114999771118164,6.110000133514404,6.110000133514404,4310,0.0,0.0
2024-10-30 13:03:00-04:00,6.114999771118164,6.114999771118164,6.114999771118164,6.114999771118164,754,0.0,0.0
2024-10-30 13:04:00-04:00,6.110000133514404,6.114999771118164,6.110000133514404,6.110000133514404,1028,0.0,0.0
2024-10-30 13:05:00-04:00,6.110000133514404,6.114999771118164,6.110000133514404,6.110000133514404,32720,0.0,0.0
2024-10-30 13:06:00-04:00,6.114999771118164,6.119999885559082,6.110000133514404,6.114999771118164,9619,0.0,0.0
2024-10-30 13:07:00-04:00,6.110000133514404,6.114999771118164,6.099999904632568,6.105000019073486,80866,0.0,0.0
2024-10-30 13:08:00-04:00,6.105000019073486,6.110000133514404,6.105000019073486,6.105000019073486,43624,0.0,0.0
2024-10-30 13:09:00-04:00,6.105000019073486,6.110000133514404,6.105000019073486,6.105000019073486,16192,0.0,0.0
2024-10-30 13:10:00-04:00,6.105000019073486,6.105000019073486,6.105000019073486,6.105000019073486,3263,0.0,0.0
2024-10-30 13:11:00-04:00,6.105000019073486,6.105000019073486,6.105000019073486,6.105000019073486,306,0.0,0.0
2024-10-30 13:12:00-04:00,6.105000019073486,6.105000019073486,6.105000019073486,6.105000019073486,200,0.0,0.0
2024-10-30 13:13:00-04:00,6.105000019073486,6.110000133514404,6.105000019073486,6.110000133514404,3334,0.0,0.0
2024-10-30 13:14:00-04:00,6.105000019073486,6.105000019073486,6.105000019073486,6.105000019073486,933,0.0,0.0
2024-10-30 13:16:00-04:00,6.105000019073486,6.119999885559082,6.105000019073486,6.114999771118164,169170,0.0,0.0
2024-10-30 13:17:00-04:00,6.114999771118164,6.114999771118164,6.111000061035156,6.111000061035156,4560,0.0,0.0
2024-10-30 13:18:00-04:00,6.114999771118164,6.114999771118164,6.114999771118164,6.114999771118164,300,0.0,0.0
2024-10-30 13:19:00-04:00,6.114999771118164,6.114999771118164,6.114999771118164,6.114999771118164,892,0.0,0.0
2024-10-30 13:20:00-04:00,6.114999771118164,6.119999885559082,6.114999771118164,6.119999885559082,2321,0.0,0.0
2024-10-30 13:21:00-04:00,6.119999885559082,6.119999885559082,6.114999771118164,6.119999885559082,1020,0.0,0.0
2024-10-30 13:22:00-04:00,6.119999885559082,6.119999885559082,6.114999771118164,6.114999771118164,1187,0.0,0.0
2024-10-30 13:23:00-04:00,6.119999885559082,6.119999885559082,6.110000133514404,6.119999885559082,12872,0.0,0.0
2024-10-30 13:24:00-04:00,6.114999771118164,6.119999885559082,6.110000133514404,6.117099761962891,96894,0.0,0.0
2024-10-30 13:25:00-04:00,6.119999885559082,6.130000114440918,6.114299774169922,6.125,121024,0.0,0.0
2024-10-30 13:26:00-04:00,6.125,6.130000114440918,6.125,6.130000114440918,927,0.0,0.0
2024-10-30 13:27:00-04:00,6.125,6.130000114440918,6.125,6.130000114440918,3284,0.0,0.0
2024-10-30 13:28:00-04:00,6.125,6.130000114440918,6.119999885559082,6.125,95727,0.0,0.0
2024-10-30 13:29:00-04:00,6.125,6.130000114440918,6.120200157165527,6.125,7798,0.0,0.0
2024-10-30 13:30:00-04:00,6.125,6.130000114440918,6.119999885559082,6.130000114440918,44907,0.0,0.0
2024-10-30 13:31:00-04:00,6.125,6.125,6.125,6.125,988,0.0,0.0
2024-10-30 13:32:00-04:00,6.125,6.130000114440918,6.125,6.130000114440918,625,0.0,0.0
2024-10-30 13:33:00-04:00,6.130000114440918,6.130000114440918,6.125,6.125,3854,0.0,0.0
2024-10-30 13:34:00-04:00,6.125,6.130000114440918,6.125,6.125,1301,0.0,0.0
2024-10-30 13:35:00-04:00,6.125,6.130000114440918,6.125,6.125,6575,0.0,0.0
2024-10-30 13:36:00-04:00,6.125,6.130000114440918,6.125,6.130000114440918,4597,0.0,0.0
2024-10-30 13:37:00-04:00,6.125,6.130000114440918,6.125,6.125,705,0.0,0.0
2024-10-30 13:38:00-04:00,6.130000114440918,6.130000114440918,6.125,6.125,2981,0.0,0.0
2024-10-30 13:39:00-04:00,6.130000114440918,6.130000114440918,6.125,6.130000114440918,2149,0.0,0.0
2024-10-30 13:40:00-04:00,6.125,6.130000114440918,6.119999885559082,6.119999885559082,2516,0.0,0.0
2024-10-30 13:41:00-04:00,6.119999885559082,6.130000114440918,6.119999885559082,6.119999885559082,6270,0.0,0.0
2024-10-30 13:42:00-04:00,6.119999885559082,6.130000114440918,6.119999885559082,6.130000114440918,3577,0.0,0.0
2024-10-30 13:43:00-04:00,6.125,6.125,6.125,6.125,765,0.0,0.0
2024-10-30 13:44:00-04:00,6.125,6.125,6.125,6.125,4400,0.0,0.0
2024-10-30 13:45:00-04:00,6.124599933624268,6.125,6.119999885559082,6.119999885559082,2528,0.0,0.0
2024-10-30 13:46:00-04:00,6.125,6.125,6.119999885559082,6.125,5351,0.0,0.0
2024-10-30 13:47:00-04:00,6.125,6.125,6.119999885559082,6.119999885559082,4900,0.0,0.0
2024-10-30 13:48:00-04:00,6.125,6.125,6.125,6.125,2599,0.0,0.0
2024-10-30 13:49:00-04:00,6.125,6.125,6.125,6.125,4701,0.0,0.0
2024-10-30 13:50:00-04:00,6.125,6.130000114440918,6.119999885559082,6.125,15359,0.0,0.0
2024-10-30 13:51:00-04:00,6.130000114440918,6.130000114440918,6.125,6.125,630,0.0,0.0
2024-10-30 13:52:00-04:00,6.125,6.130000114440918,6.119999885559082,6.130000114440918,1600,0.0,0.0
2024-10-30 13:53:00-04:00,6.125,6.125,6.125,6.125,900,0.0,0.0
2024-10-30 13:54:00-04:00,6.125,6.130000114440918,6.125,6.125,2000,0.0,0.0
2024-10-30 13:55:00-04:00,6.125,6.130000114440918,6.125,6.125,1382,0.0,0.0
2024-10-30 13:56:00-04:00,6.130000114440918,6.130000114440918,6.119999885559082,6.125,5629,0.0,0.0
2024-10-30 13:57:00-04:00,6.125,6.130000114440918,6.119999885559082,6.125,10822,0.0,0.0
2024-10-30 13:58:00-04:00,6.130000114440918,6.130000114440918,6.125,6.125,1700,0.0,0.0
2024-10-30 13:59:00-04:00,6.125,6.130000114440918,6.125,6.125,1800,0.0,0.0
2024-10-30 14:00:00-04:00,6.125,6.130000114440918,6.125,6.130000114440918,1500,0.0,0.0
2024-10-30 14:01:00-04:00,6.130000114440918,6.130000114440918,6.121300220489502,6.125,3682,0.0,0.0
2024-10-30 14:02:00-04:00,6.129000186920166,6.139999866485596,6.119999885559082,6.135000228881836,209778,0.0,0.0
2024-10-30 14:03:00-04:00,6.135000228881836,6.135000228881836,6.135000228881836,6.135000228881836,18750,0.0,0.0
2024-10-30 14:04:00-04:00,6.135000228881836,6.135000228881836,6.135000228881836,6.135000228881836,7900,0.0,0.0
2024-10-30 14:05:00-04:00,6.135000228881836,6.139999866485596,6.130000114440918,6.139999866485596,16372,0.0,0.0
2024-10-30 14:06:00-04:00,6.139999866485596,6.139999866485596,6.135000228881836,6.139999866485596,728,0.0,0.0
2024-10-30 14:07:00-04:00,6.135000228881836,6.135000228881836,6.135000228881836,6.135000228881836,3826,0.0,0.0
2024-10-30 14:08:00-04:00,6.135000228881836,6.139999866485596,6.135000228881836,6.138599872589111,1240,0.0,0.0
2024-10-30 14:09:00-04:00,6.135000228881836,6.139999866485596,6.132599830627441,6.135000228881836,3218,0.0,0.0
2024-10-30 14:10:00-04:00,6.139999866485596,6.139999866485596,6.135000228881836,6.139999866485596,2317,0.0,0.0
2024-10-30 14:11:00-04:00,6.139999866485596,6.139999866485596,6.135000228881836,6.135000228881836,5853,0.0,0.0
2024-10-30 14:12:00-04:00,6.139999866485596,6.139999866485596,6.135000228881836,6.135000228881836,3560,0.0,0.0
2024-10-30 14:13:00-04:00,6.139999866485596,6.139999866485596,6.135000228881836,6.139999866485596,737,0.0,0.0
2024-10-30 14:14:00-04:00,6.135000228881836,6.139999866485596,6.135000228881836,6.135000228881836,5043,0.0,0.0
2024-10-30 14:15:00-04:00,6.135000228881836,6.139999866485596,6.135000228881836,6.135000228881836,1576,0.0,0.0
2024-10-30 14:16:00-04:00,6.139999866485596,6.139999866485596,6.135000228881836,6.135000228881836,3790,0.0,0.0
2024-10-30 14:17:00-04:00,6.139999866485596,6.139999866485596,6.135000228881836,6.135000228881836,7200,0.0,0.0
2024-10-30 14:18:00-04:00,6.139999866485596,6.139999866485596,6.135000228881836,6.135000228881836,5080,0.0,0.0
2024-10-30 14:19:00-04:00,6.135000228881836,6.139999866485596,6.135000228881836,6.135000228881836,2342,0.0,0.0
2024-10-30 14:20:00-04:00,6.139999866485596,6.139999866485596,6.139999866485596,6.139999866485596,2028,0.0,0.0
2024-10-30 14:21:00-04:00,6.134099960327148,6.139999866485596,6.134099960327148,6.139999866485596,9010,0.0,0.0
2024-10-30 14:22:00-04:00,6.139999866485596,6.139999866485596,6.135000228881836,6.135000228881836,3898,0.0,0.0
2024-10-30 14:23:00-04:00,6.135000228881836,6.139999866485596,6.135000228881836,6.139999866485596,27605,0.0,0.0
2024-10-30 14:24:00-04:00,6.135000228881836,6.139999866485596,6.135000228881836,6.135000228881836,22966,0.0,0.0
2024-10-30 14:25:00-04:00,6.139999866485596,6.139999866485596,6.135000228881836,6.135000228881836,4486,0.0,0.0
2024-10-30 14:26:00-04:00,6.135000228881836,6.139999866485596,6.135000228881836,6.139999866485596,3517,0.0,0.0
2024-10-30 14:27:00-04:00,6.135000228881836,6.139699935913086,6.135000228881836,6.135000228881836,2036,0.0,0.0
2024-10-30 14:28:00-04:00,6.139999866485596,6.139999866485596,6.130000114440918,6.135000228881836,2724,0.0,0.0
2024-10-30 14:29:00-04:00,6.139999866485596,6.139999866485596,6.130000114440918,6.130000114440918,1177,0.0,0.0
2024-10-30 14:30:00-04:00,6.135000228881836,6.139999866485596,6.130000114440918,6.135000228881836,18011,0.0,0.0
2024-10-30 14:31:00-04:00,6.135000228881836,6.139999866485596,6.130000114440918,6.130000114440918,10608,0.0,0.0
2024-10-30 14:32:00-04:00,6.130000114440918,6.135000228881836,6.130000114440918,6.135000228881836,7940,0.0,0.0
2024-10-30 14:33:00-04:00,6.130000114440918,6.139999866485596,6.130000114440918,6.130000114440918,126554,0.0,0.0
2024-10-30 14:34:00-04:00,6.130000114440918,6.139999866485596,6.119999885559082,6.127099990844727,190253,0.0,0.0
2024-10-30 14:35:00-04:00,6.125,6.125,6.125,6.125,17569,0.0,0.0
2024-10-30 14:36:00-04:00,6.125,6.139999866485596,6.119999885559082,6.130000114440918,307237,0.0,0.0
2024-10-30 14:37:00-04:00,6.139999866485596,6.139999866485596,6.135000228881836,6.135000228881836,1066,0.0,0.0
2024-10-30 14:38:00-04:00,6.135000228881836,6.139999866485596,6.130000114440918,6.135000228881836,33207,0.0,0.0
2024-10-30 14:39:00-04:00,6.135000228881836,6.135000228881836,6.133500099182129,6.133500099182129,5753,0.0,0.0
2024-10-30 14:40:00-04:00,6.135000228881836,6.135000228881836,6.130000114440918,6.135000228881836,24214,0.0,0.0
2024-10-30 14:41:00-04:00,6.135000228881836,6.135000228881836,6.135000228881836,6.135000228881836,498,0.0,0.0
2024-10-30 14:43:00-04:00,6.139999866485596,6.139999866485596,6.130000114440918,6.139699935913086,12105,0.0,0.0
2024-10-30 14:44:00-04:00,6.135000228881836,6.135000228881836,6.135000228881836,6.135000228881836,1401,0.0,0.0
2024-10-30 14:45:00-04:00,6.135000228881836,6.135000228881836,6.135000228881836,6.135000228881836,2767,0.0,0.0
2024-10-30 14:46:00-04:00,6.130000114440918,6.130000114440918,6.130000114440918,6.130000114440918,3159,0.0,0.0
2024-10-30 14:47:00-04:00,6.135000228881836,6.139999866485596,6.135000228881836,6.139999866485596,7160,0.0,0.0
2024-10-30 14:48:00-04:00,6.139999866485596,6.139999866485596,6.135000228881836,6.135000228881836,3368,0.0,0.0
2024-10-30 14:49:00-04:00,6.139999866485596,6.139999866485596,6.133321762084961,6.139900207519531,25522,0.0,0.0
2024-10-30 14:50:00-04:00,6.139999866485596,6.150000095367432,6.135000228881836,6.140100002288818,260242,0.0,0.0
2024-10-30 14:51:00-04:00,6.14169979095459,6.150000095367432,6.14169979095459,6.144999980926514,26413,0.0,0.0
2024-10-30 14:52:00-04:00,6.144999980926514,6.144999980926514,6.144999980926514,6.144999980926514,4171,0.0,0.0
2024-10-30 14:53:00-04:00,6.144999980926514,6.144999980926514,6.144999980926514,6.144999980926514,7668,0.0,0.0
2024-10-30 14:54:00-04:00,6.144999980926514,6.150000095367432,6.144999980926514,6.150000095367432,11566,0.0,0.0
2024-10-30 14:55:00-04:00,6.144999980926514,6.144999980926514,6.140100002288818,6.144999980926514,12170,0.0,0.0
2024-10-30 14:56:00-04:00,6.144999980926514,6.150000095367432,6.144999980926514,6.144999980926514,1542,0.0,0.0
2024-10-30 14:57:00-04:00,6.144999980926514,6.150000095367432,6.144999980926514,6.144999980926514,1241,0.0,0.0
2024-10-30 14:58:00-04:00,6.144999980926514,6.150000095367432,6.144999980926514,6.144999980926514,15629,0.0,0.0
2024-10-30 14:59:00-04:00,6.144999980926514,6.150000095367432,6.144999980926514,6.144999980926514,2922,0.0,0.0
2024-10-30 15:00:00-04:00,6.144999980926514,6.150000095367432,6.144999980926514,6.144999980926514,12770,0.0,0.0
2024-10-30 15:01:00-04:00,6.144999980926514,6.144999980926514,6.144999980926514,6.144999980926514,10204,0.0,0.0
2024-10-30 15:02:00-04:00,6.144999980926514,6.150000095367432,6.139999866485596,6.144999980926514,80513,0.0,0.0
2024-10-30 15:03:00-04:00,6.139999866485596,6.150000095367432,6.130000114440918,6.135000228881836,344160,0.0,0.0
2024-10-30 15:04:00-04:00,6.135000228881836,6.139900207519531,6.135000228881836,6.135000228881836,25553,0.0,0.0
2024-10-30 15:05:00-04:00,6.139900207519531,6.139999866485596,6.135000228881836,6.135000228881836,5881,0.0,0.0
2024-10-30 15:07:00-04:00,6.139999866485596,6.139999866485596,6.130000114440918,6.135000228881836,22310,0.0,0.0
2024-10-30 15:08:00-04:00,6.139800071716309,6.139800071716309,6.135000228881836,6.135000228881836,11823,0.0,0.0
2024-10-30 15:09:00-04:00,6.135000228881836,6.135000228881836,6.135000228881836,6.135000228881836,4464,0.0,0.0
2024-10-30 15:10:00-04:00,6.139999866485596,6.139999866485596,6.139999866485596,6.139999866485596,4118,0.0,0.0
2024-10-30 15:11:00-04:00,6.130000114440918,6.135000228881836,6.130000114440918,6.135000228881836,10652,0.0,0.0
2024-10-30 15:12:00-04:00,6.130000114440918,6.135000228881836,6.130000114440918,6.130000114440918,4826,0.0,0.0
2024-10-30 15:13:00-04:00,6.135000228881836,6.135000228881836,6.135000228881836,6.135000228881836,3040,0.0,0.0
2024-10-30 15:14:00-04:00,6.135000228881836,6.135000228881836,6.135000228881836,6.135000228881836,629,0.0,0.0
2024-10-30 15:15:00-04:00,6.130000114440918,6.135000228881836,6.130000114440918,6.135000228881836,6826,0.0,0.0
2024-10-30 15:16:00-04:00,6.130000114440918,6.135000228881836,6.130000114440918,6.135000228881836,631,0.0,0.0
2024-10-30 15:17:00-04:00,6.135000228881836,6.135000228881836,6.130000114440918,6.130000114440918,8588,0.0,0.0
2024-10-30 15:18:00-04:00,6.130000114440918,6.130000114440918,6.130000114440918,6.130000114440918,1100,0.0,0.0
2024-10-30 15:19:00-04:00,6.130000114440918,6.139999866485596,6.130000114440918,6.139999866485596,5947,0.0,0.0
2024-10-30 15:20:00-04:00,6.130000114440918,6.135000228881836,6.130000114440918,6.135000228881836,3395,0.0,0.0
2024-10-30 15:21:00-04:00,6.130000114440918,6.139999866485596,6.130000114440918,6.130000114440918,3176,0.0,0.0
2024-10-30 15:22:00-04:00,6.130000114440918,6.135000228881836,6.130000114440918,6.130000114440918,6550,0.0,0.0
2024-10-30 15:23:00-04:00,6.130000114440918,6.139999866485596,6.130000114440918,6.135000228881836,4319,0.0,0.0
2024-10-30 15:24:00-04:00,6.130000114440918,6.139999866485596,6.130000114440918,6.135000228881836,3775,0.0,0.0
2024-10-30 15:25:00-04:00,6.135000228881836,6.139999866485596,6.130000114440918,6.139999866485596,2804,0.0,0.0
2024-10-30 15:26:00-04:00,6.139900207519531,6.139900207519531,6.130000114440918,6.135000228881836,3377,0.0,0.0
2024-10-30 15:27:00-04:00,6.130000114440918,6.139999866485596,6.130000114440918,6.135000228881836,2306,0.0,0.0
2024-10-30 15:28:00-04:00,6.135000228881836,6.139999866485596,6.130000114440918,6.130000114440918,1896,0.0,0.0
2024-10-30 15:29:00-04:00,6.135000228881836,6.139999866485596,6.130000114440918,6.135000228881836,6513,0.0,0.0
2024-10-30 15:30:00-04:00,6.138700008392334,6.139999866485596,6.130000114440918,6.135000228881836,10648,0.0,0.0
2024-10-30 15:31:00-04:00,6.135000228881836,6.139999866485596,6.130000114440918,6.130000114440918,2327,0.0,0.0
2024-10-30 15:32:00-04:00,6.135000228881836,6.139999866485596,6.130000114440918,6.130000114440918,30618,0.0,0.0
2024-10-30 15:33:00-04:00,6.135000228881836,6.139999866485596,6.130000114440918,6.139999866485596,21423,0.0,0.0
2024-10-30 15:34:00-04:00,6.135000228881836,6.139999866485596,6.135000228881836,6.135000228881836,7871,0.0,0.0
2024-10-30 15:35:00-04:00,6.135000228881836,6.135000228881836,6.130000114440918,6.135000228881836,27496,0.0,0.0
2024-10-30 15:36:00-04:00,6.139999866485596,6.139999866485596,6.130000114440918,6.135000228881836,10618,0.0,0.0
2024-10-30 15:37:00-04:00,6.130000114440918,6.135000228881836,6.130000114440918,6.135000228881836,3103,0.0,0.0
2024-10-30 15:38:00-04:00,6.130000114440918,6.137899875640869,6.130000114440918,6.137899875640869,645,0.0,0.0
2024-10-30 15:39:00-04:00,6.135000228881836,6.139999866485596,6.135000228881836,6.135000228881836,9433,0.0,0.0
2024-10-30 15:40:00-04:00,6.135000228881836,6.139999866485596,6.135000228881836,6.139999866485596,9888,0.0,0.0
2024-10-30 15:41:00-04:00,6.135000228881836,6.139999866485596,6.130000114440918,6.130000114440918,2396,0.0,0.0
2024-10-30 15:42:00-04:00,6.135000228881836,6.139999866485596,6.130000114440918,6.139999866485596,80039,0.0,0.0
2024-10-30 15:43:00-04:00,6.139999866485596,6.139999866485596,6.130000114440918,6.139900207519531,33377,0.0,0.0
2024-10-30 15:44:00-04:00,6.138599872589111,6.139999866485596,6.135000228881836,6.137400150299072,29939,0.0,0.0
2024-10-30 15:45:00-04:00,6.139999866485596,6.150000095367432,6.139999866485596,6.144999980926514,167846,0.0,0.0
2024-10-30 15:46:00-04:00,6.150000095367432,6.150000095367432,6.144999980926514,6.145299911499023,5856,0.0,0.0
2024-10-30 15:47:00-04:00,6.146900177001953,6.150000095367432,6.139999866485596,6.144999980926514,6018,0.0,0.0
2024-10-30 15:48:00-04:00,6.150000095367432,6.150000095367432,6.144999980926514,6.144999980926514,7219,0.0,0.0
2024-10-30 15:49:00-04:00,6.144999980926514,6.150000095367432,6.144999980926514,6.144999980926514,4244,0.0,0.0
2024-10-30 15:50:00-04:00,6.150000095367432,6.150000095367432,6.140100002288818,6.144999980926514,72008,0.0,0.0
2024-10-30 15:51:00-04:00,6.144999980926514,6.150000095367432,6.141900062561035,6.144999980926514,10899,0.0,0.0
2024-10-30 15:52:00-04:00,6.144999980926514,6.144999980926514,6.144999980926514,6.144999980926514,30637,0.0,0.0
2024-10-30 15:53:00-04:00,6.139999866485596,6.150000095367432,6.139999866485596,6.144999980926514,49810,0.0,0.0
2024-10-30 15:54:00-04:00,6.139999866485596,6.150000095367432,6.139999866485596,6.139999866485596,27434,0.0,0.0
2024-10-30 15:55:00-04:00,6.150000095367432,6.150000095367432,6.14169979095459,6.144999980926514,54066,0.0,0.0
2024-10-30 15:56:00-04:00,6.150000095367432,6.150000095367432,6.139999866485596,6.144999980926514,47877,0.0,0.0
2024-10-30 15:57:00-04:00,6.144999980926514,6.150000095367432,6.141300201416016,6.144999980926514,29300,0.0,0.0
2024-10-30 15:58:00-04:00,6.144999980926514,6.150000095367432,6.139999866485596,6.144999980926514,112923,0.0,0.0
2024-10-30 15:59:00-04:00,6.144999980926514,6.150000095367432,6.139999866485596,6.139999866485596,178926,0.0,0.0
2024-10-31 09:30:00-04:00,6.110000133514404,6.110000133514404,6.085000038146973,6.090000152587891,348248,0.0,0.0
2024-10-31 09:31:00-04:00,6.09499979019165,6.09499979019165,6.09499979019165,6.09499979019165,9400,0.0,0.0
2024-10-31 09:33:00-04:00,6.119999885559082,6.130000114440918,6.119999885559082,6.125,217945,0.0,0.0
2024-10-31 09:34:00-04:00,6.125,6.125,6.125,6.125,5579,0.0,0.0
2024-10-31 09:35:00-04:00,6.125,6.130000114440918,6.120999813079834,6.125,29437,0.0,0.0
2024-10-31 09:38:00-04:00,6.130000114440918,6.130000114440918,6.125,6.125,23594,0.0,0.0
2024-10-31 09:39:00-04:00,6.130000114440918,6.139999866485596,6.130000114440918,6.135000228881836,34119,0.0,0.0
2024-10-31 09:40:00-04:00,6.139999866485596,6.139999866485596,6.130000114440918,6.135000228881836,21053,0.0,0.0
2024-10-31 09:41:00-04:00,6.134328842163086,6.135000228881836,6.134328842163086,6.134328842163086,2756,0.0,0.0
2024-10-31 09:42:00-04:00,6.130000114440918,6.135000228881836,6.125,6.130000114440918,82315,0.0,0.0
2024-10-31 09:43:00-04:00,6.130000114440918,6.130000114440918,6.119999885559082,6.125,56770,0.0,0.0
2024-10-31 09:44:00-04:00,6.119999885559082,6.130000114440918,6.119999885559082,6.125,97589,0.0,0.0
2024-10-31 09:45:00-04:00,6.125,6.139999866485596,6.125,6.139999866485596,31730,0.0,0.0
2024-10-31 09:46:00-04:00,6.139999866485596,6.139999866485596,6.135000228881836,6.135000228881836,659,0.0,0.0
2024-10-31 09:47:00-04:00,6.135000228881836,6.139999866485596,6.135000228881836,6.135000228881836,6277,0.0,0.0
2024-10-31 09:48:00-04:00,6.135000228881836,6.150000095367432,6.135000228881836,6.144999980926514,53625,0.0,0.0
2024-10-31 09:49:00-04:00,6.144999980926514,6.144999980926514,6.130000114440918,6.135000228881836,70742,0.0,0.0
2024-10-31 09:50:00-04:00,6.135000228881836,6.139999866485596,6.135000228881836,6.135000228881836,3259,0.0,0.0
2024-10-31 09:51:00-04:00,6.135000228881836,6.139900207519531,6.130099773406982,6.135000228881836,2539,0.0,0.0
2024-10-31 09:52:00-04:00,6.139900207519531,6.139900207519531,6.130000114440918,6.130000114440918,81050,0.0,0.0
2024-10-31 09:53:00-04:00,6.130000114440918,6.135000228881836,6.130000114440918,6.135000228881836,6636,0.0,0.0
2024-10-31 09:54:00-04:00,6.130000114440918,6.135000228881836,6.130000114440918,6.135000228881836,1187,0.0,0.0
2024-10-31 09:55:00-04:00,6.135000228881836,6.135000228881836,6.130099773406982,6.130099773406982,13795,0.0,0.0
2024-10-31 09:56:00-04:00,6.130000114440918,6.135000228881836,6.130000114440918,6.135000228881836,2923,0.0,0.0
2024-10-31 09:57:00-04:00,6.130000114440918,6.135000228881836,6.130000114440918,6.130000114440918,1351,0.0,0.0
2024-10-31 09:58:00-04:00,6.135000228881836,6.135000228881836,6.119999885559082,6.125,89816,0.0,0.0
2024-10-31 09:59:00-04:00,6.125,6.125,6.119999885559082,6.119999885559082,1695,0.0,0.0
2024-10-31 10:00:00-04:00,6.125,6.125,6.119999885559082,6.125,24322,0.0,0.0
2024-10-31 10:01:00-04:00,6.125,6.125,6.119999885559082,6.119999885559082,5617,0.0,0.0
2024-10-31 10:02:00-04:00,6.125,6.125,6.119999885559082,6.125,846,0.0,0.0
2024-10-31 10:03:00-04:00,6.119999885559082,6.130000114440918,6.114999771118164,6.114999771118164,106098,0.0,0.0
2024-10-31 10:04:00-04:00,6.119999885559082,6.119999885559082,6.114999771118164,6.114999771118164,570,0.0,0.0
2024-10-31 10:05:00-04:00,6.116799831390381,6.127900123596191,6.116799831390381,6.125,95654,0.0,0.0
2024-10-31 10:06:00-04:00,6.130000114440918,6.139999866485596,6.119999885559082,6.139999866485596,86419,0.0,0.0
2024-10-31 10:07:00-04:00,6.135000228881836,6.135000228881836,6.131700038909912,6.135000228881836,8147,0.0,0.0
2024-10-31 10:08:00-04:00,6.135000228881836,6.139999866485596,6.119999885559082,6.129899978637695,176609,0.0,0.0
2024-10-31 10:09:00-04:00,6.129199981689453,6.135000228881836,6.129199981689453,6.135000228881836,74701,0.0,0.0
2024-10-31 10:10:00-04:00,6.135000228881836,6.135000228881836,6.135000228881836,6.135000228881836,1483,0.0,0.0
2024-10-31 10:11:00-04:00,6.135000228881836,6.135000228881836,6.135000228881836,6.135000228881836,604,0.0,0.0
2024-10-31 10:12:00-04:00,6.139999866485596,6.139999866485596,6.130000114440918,6.135000228881836,135050,0.0,0.0
2024-10-31 10:13:00-04:00,6.135000228881836,6.135000228881836,6.135000228881836,6.135000228881836,1349,0.0,0.0
2024-10-31 10:14:00-04:00,6.135000228881836,6.135000228881836,6.130000114440918,6.135000228881836,5946,0.0,0.0
2024-10-31 10:15:00-04:00,6.131999969482422,6.139900207519531,6.131999969482422,6.1392998695373535,7120,0.0,0.0
2024-10-31 10:16:00-04:00,6.130000114440918,6.138899803161621,6.130000114440918,6.135000228881836,1880,0.0,0.0
2024-10-31 10:17:00-04:00,6.138999938964844,6.139900207519531,6.135000228881836,6.139900207519531,17935,0.0,0.0
2024-10-31 10:18:00-04:00,6.139900207519531,6.139999866485596,6.130000114440918,6.135000228881836,10828,0.0,0.0
2024-10-31 10:19:00-04:00,6.135000228881836,6.139999866485596,6.135000228881836,6.135000228881836,23294,0.0,0.0
2024-10-31 10:20:00-04:00,6.135000228881836,6.150000095367432,6.135000228881836,6.144999980926514,57328,0.0,0.0
2024-10-31 10:21:00-04:00,6.140100002288818,6.140100002288818,6.135000228881836,6.135000228881836,98832,0.0,0.0
2024-10-31 10:22:00-04:00,6.135000228881836,6.135000228881836,6.135000228881836,6.135000228881836,5125,0.0,0.0
2024-10-31 10:23:00-04:00,6.135000228881836,6.138400077819824,6.135000228881836,6.135000228881836,5210,0.0,0.0
2024-10-31 10:24:00-04:00,6.135000228881836,6.135000228881836,6.135000228881836,6.135000228881836,2865,0.0,0.0
2024-10-31 10:25:00-04:00,6.135000228881836,6.135000228881836,6.135000228881836,6.135000228881836,8031,0.0,0.0
2024-10-31 10:26:00-04:00,6.135000228881836,6.135000228881836,6.135000228881836,6.135000228881836,2307,0.0,0.0
2024-10-31 10:27:00-04:00,6.130000114440918,6.139999866485596,6.130000114440918,6.13100004196167,36845,0.0,0.0
2024-10-31 10:28:00-04:00,6.135000228881836,6.135000228881836,6.13100004196167,6.13100004196167,1700,0.0,0.0
2024-10-31 10:29:00-04:00,6.13100004196167,6.135000228881836,6.125,6.132699966430664,159300,0.0,0.0
2024-10-31 10:30:00-04:00,6.135000228881836,6.135000228881836,6.130099773406982,6.130099773406982,10445,0.0,0.0
2024-10-31 10:31:00-04:00,6.135000228881836,6.139900207519531,6.130000114440918,6.139699935913086,18352,0.0,0.0
2024-10-31 10:32:00-04:00,6.139999866485596,6.139999866485596,6.135000228881836,6.135000228881836,6490,0.0,0.0
2024-10-31 10:33:00-04:00,6.135000228881836,6.135000228881836,6.135000228881836,6.135000228881836,443,0.0,0.0
2024-10-31 10:34:00-04:00,6.135000228881836,6.139999866485596,6.130000114440918,6.139999866485596,21181,0.0,0.0
2024-10-31 10:35:00-04:00,6.135000228881836,6.135000228881836,6.130000114440918,6.135000228881836,16344,0.0,0.0
2024-10-31 10:36:00-04:00,6.135000228881836,6.135000228881836,6.130000114440918,6.130000114440918,1637,0.0,0.0
2024-10-31 10:37:00-04:00,6.139999866485596,6.139999866485596,6.119999885559082,6.130000114440918,115061,0.0,0.0
2024-10-31 10:38:00-04:00,6.122000217437744,6.125,6.119999885559082,6.123000144958496,19355,0.0,0.0
2024-10-31 10:39:00-04:00,6.119999885559082,6.125,6.119999885559082,6.125,16742,0.0,0.0
2024-10-31 10:40:00-04:00,6.119999885559082,6.125,6.119999885559082,6.125,300,0.0,0.0
2024-10-31 10:41:00-04:00,6.119999885559082,6.119999885559082,6.119999885559082,6.119999885559082,2090,0.0,0.0
2024-10-31 10:42:00-04:00,6.119999885559082,6.122000217437744,6.119999885559082,6.119999885559082,2240,0.0,0.0
2024-10-31 10:43:00-04:00,6.125,6.130000114440918,6.119999885559082,6.125,13748,0.0,0.0
2024-10-31 10:44:00-04:00,6.125,6.125,6.114999771118164,6.114999771118164,166006,0.0,0.0
2024-10-31 10:45:00-04:00,6.114999771118164,6.114999771118164,6.110000133514404,6.114999771118164,12526,0.0,0.0
2024-10-31 10:46:00-04:00,6.110000133514404,6.110000133514404,6.110000133514404,6.110000133514404,674,0.0,0.0
2024-10-31 10:47:00-04:00,6.110000133514404,6.114999771118164,6.090000152587891,6.109899997711182,326182,0.0,0.0
2024-10-31 10:48:00-04:00,6.105000019073486,6.119999885559082,6.099999904632568,6.119999885559082,197988,0.0,0.0
2024-10-31 10:49:00-04:00,6.114999771118164,6.119999885559082,6.110000133514404,6.114999771118164,27650,0.0,0.0
2024-10-31 10:50:00-04:00,6.110000133514404,6.114999771118164,6.110000133514404,6.110000133514404,7794,0.0,0.0
2024-10-31 10:51:00-04:00,6.117599964141846,6.117599964141846,6.110099792480469,6.110099792480469,15518,0.0,0.0
2024-10-31 10:52:00-04:00,6.114999771118164,6.114999771118164,6.110099792480469,6.114999771118164,873,0.0,0.0
2024-10-31 10:53:00-04:00,6.114999771118164,6.114999771118164,6.114999771118164,6.114999771118164,1109,0.0,0.0
2024-10-31 10:54:00-04:00,6.114999771118164,6.114999771118164,6.110000133514404,6.114999771118164,2935,0.0,0.0
2024-10-31 10:55:00-04:00,6.114999771118164,6.119999885559082,6.114999771118164,6.114999771118164,3747,0.0,0.0
2024-10-31 10:56:00-04:00,6.119999885559082,6.119999885559082,6.114999771118164,6.114999771118164,4486,0.0,0.0
2024-10-31 10:57:00-04:00,6.114999771118164,6.119999885559082,6.111299991607666,6.114999771118164,15521,0.0,0.0
2024-10-31 10:58:00-04:00,6.114999771118164,6.114999771118164,6.114999771118164,6.114999771118164,1500,0.0,0.0
2024-10-31 10:59:00-04:00,6.110000133514404,6.114999771118164,6.110000133514404,6.114999771118164,2587,0.0,0.0
2024-10-31 11:00:00-04:00,6.110000133514404,6.114999771118164,6.110000133514404,6.114999771118164,1732,0.0,0.0
2024-10-31 11:01:00-04:00,6.110000133514404,6.110000133514404,6.105000019073486,6.105000019073486,40028,0.0,0.0
2024-10-31 11:02:00-04:00,6.099999904632568,6.099999904632568,6.090000152587891,6.090000152587891,50970,0.0,0.0
2024-10-31 11:03:00-04:00,6.090000152587891,6.09499979019165,6.090000152587891,6.090700149536133,51023,0.0,0.0
2024-10-31 11:04:00-04:00,6.090000152587891,6.090000152587891,6.079999923706055,6.085000038146973,79330,0.0,0.0
2024-10-31 11:05:00-04:00,6.090000152587891,6.09499979019165,6.085000038146973,6.09499979019165,62496,0.0,0.0
2024-10-31 11:06:00-04:00,6.099800109863281,6.099999904632568,6.099800109863281,6.099999904632568,2196,0.0,0.0
2024-10-31 11:07:00-04:00,6.098999977111816,6.110000133514404,6.090000152587891,6.090000152587891,401632,0.0,0.0
2024-10-31 11:08:00-04:00,6.09499979019165,6.099999904632568,6.09499979019165,6.09499979019165,6166,0.0,0.0
2024-10-31 11:09:00-04:00,6.09499979019165,6.09499979019165,6.090000152587891,6.090000152587891,10059,0.0,0.0
2024-10-31 11:10:00-04:00,6.090000152587891,6.099999904632568,6.090000152587891,6.0929999351501465,17755,0.0,0.0
2024-10-31 11:11:00-04:00,6.09499979019165,6.09499979019165,6.090000152587891,6.09499979019165,4357,0.0,0.0
2024-10-31 11:12:00-04:00,6.09499979019165,6.099999904632568,6.090000152587891,6.099999904632568,59578,0.0,0.0
2024-10-31 11:13:00-04:00,6.098800182342529,6.098800182342529,6.09499979019165,6.09499979019165,4506,0.0,0.0
2024-10-31 11:14:00-04:00,6.099800109863281,6.099899768829346,6.09499979019165,6.09499979019165,26503,0.0,0.0
2024-10-31 11:15:00-04:00,6.09499979019165,6.09499979019165,6.09499979019165,6.09499979019165,1696,0.0,0.0
2024-10-31 11:16:00-04:00,6.09499979019165,6.099999904632568,6.09499979019165,6.099699974060059,29715,0.0,0.0
2024-10-31 11:17:00-04:00,6.099999904632568,6.099999904632568,6.09499979019165,6.09499979019165,1813,0.0,0.0
2024-10-31 11:18:00-04:00,6.09499979019165,6.099999904632568,6.09499979019165,6.09499979019165,6902,0.0,0.0
2024-10-31 11:19:00-04:00,6.099999904632568,6.099999904632568,6.09499979019165,6.099999904632568,4835,0.0,0.0
2024-10-31 11:20:00-04:00,6.09499979019165,6.099999904632568,6.090000152587891,6.090000152587891,30094,0.0,0.0
2024-10-31 11:21:00-04:00,6.099999904632568,6.110000133514404,6.099999904632568,6.105000019073486,150580,0.0,0.0
2024-10-31 11:22:00-04:00,6.105000019073486,6.110000133514404,6.105000019073486,6.105000019073486,1015,0.0,0.0
2024-10-31 11:23:00-04:00,6.105000019073486,6.110000133514404,6.105000019073486,6.109799861907959,60164,0.0,0.0
2024-10-31 11:24:00-04:00,6.105000019073486,6.110000133514404,6.105000019073486,6.105000019073486,2055,0.0,0.0
2024-10-31 11:25:00-04:00,6.105000019073486,6.110000133514404,6.101900100708008,6.105000019073486,17723,0.0,0.0
2024-10-31 11:26:00-04:00,6.105000019073486,6.105000019073486,6.099999904632568,6.105000019073486,27743,0.0,0.0
2024-10-31 11:27:00-04:00,6.105000019073486,6.110000133514404,6.099999904632568,6.105000019073486,2140,0.0,0.0
2024-10-31 11:28:00-04:00,6.105000019073486,6.110000133514404,6.105000019073486,6.105000019073486,2090,0.0,0.0
2024-10-31 11:29:00-04:00,6.105000019073486,6.105000019073486,6.1020002365112305,6.105000019073486,1662,0.0,0.0
2024-10-31 11:30:00-04:00,6.105000019073486,6.105000019073486,6.099999904632568,6.105000019073486,1736,0.0,0.0
2024-10-31 11:31:00-04:00,6.105000019073486,6.105000019073486,6.099999904632568,6.105000019073486,2406,0.0,0.0
2024-10-31 11:32:00-04:00,6.105000019073486,6.110000133514404,6.099999904632568,6.110000133514404,3996,0.0,0.0
2024-10-31 11:33:00-04:00,6.105000019073486,6.105000019073486,6.105000019073486,6.105000019073486,1601,0.0,0.0
2024-10-31 11:34:00-04:00,6.105000019073486,6.105000019073486,6.099999904632568,6.10129976272583,2217,0.0,0.0
2024-10-31 11:35:00-04:00,6.105000019073486,6.105000019073486,6.099999904632568,6.099999904632568,1900,0.0,0.0
2024-10-31 11:36:00-04:00,6.105000019073486,6.105000019073486,6.099999904632568,6.099999904632568,118601,0.0,0.0
2024-10-31 11:37:00-04:00,6.099999904632568,6.108099937438965,6.09499979019165,6.108099937438965,175688,0.0,0.0
2024-10-31 11:38:00-04:00,6.105000019073486,6.107699871063232,6.099999904632568,6.105000019073486,19809,0.0,0.0
2024-10-31 11:39:00-04:00,6.105000019073486,6.119999885559082,6.100100040435791,6.110099792480469,167381,0.0,0.0
2024-10-31 11:40:00-04:00,6.119999885559082,6.119999885559082,6.110000133514404,6.1118998527526855,20332,0.0,0.0
2024-10-31 11:41:00-04:00,6.114999771118164,6.114999771118164,6.114999771118164,6.114999771118164,1759,0.0,0.0
2024-10-31 11:43:00-04:00,6.114999771118164,6.114999771118164,6.099999904632568,6.099999904632568,177580,0.0,0.0
2024-10-31 11:44:00-04:00,6.107100009918213,6.107100009918213,6.105000019073486,6.105000019073486,1191,0.0,0.0
2024-10-31 11:45:00-04:00,6.099999904632568,6.099999904632568,6.099999904632568,6.099999904632568,1901,0.0,0.0
2024-10-31 11:46:00-04:00,6.105000019073486,6.105000019073486,6.105000019073486,6.105000019073486,306,0.0,0.0
2024-10-31 11:47:00-04:00,6.105000019073486,6.105000019073486,6.105000019073486,6.105000019073486,511,0.0,0.0
2024-10-31 11:48:00-04:00,6.105000019073486,6.105000019073486,6.099999904632568,6.099999904632568,1140,0.0,0.0
2024-10-31 11:49:00-04:00,6.099999904632568,6.105000019073486,6.090000152587891,6.098700046539307,133320,0.0,0.0
2024-10-31 11:50:00-04:00,6.098800182342529,6.099800109863281,6.0970001220703125,6.0970001220703125,2545,0.0,0.0
2024-10-31 11:51:00-04:00,6.09499979019165,6.09499979019165,6.09499979019165,6.09499979019165,6350,0.0,0.0
2024-10-31 11:52:00-04:00,6.09499979019165,6.09499979019165,6.09499979019165,6.09499979019165,200,0.0,0.0
2024-10-31 11:53:00-04:00,6.09499979019165,6.099999904632568,6.090000152587891,6.09499979019165,15990,0.0,0.0
2024-10-31 11:54:00-04:00,6.09499979019165,6.09499979019165,6.090000152587891,6.09499979019165,14019,0.0,0.0
2024-10-31 11:56:00-04:00,6.098700046539307,6.098700046539307,6.09499979019165,6.09499979019165,13214,0.0,0.0
2024-10-31 11:57:00-04:00,6.099999904632568,6.099999904632568,6.09119987487793,6.099999904632568,13207,0.0,0.0
2024-10-31 11:58:00-04:00,6.098400115966797,6.099999904632568,6.090000152587891,6.099999904632568,22838,0.0,0.0
2024-10-31 11:59:00-04:00,6.099999904632568,6.110000133514404,6.090000152587891,6.105000019073486,95621,0.0,0.0
2024-10-31 12:00:00-04:00,6.100100040435791,6.110000133514404,6.099999904632568,6.105000019073486,19902,0.0,0.0
2024-10-31 12:01:00-04:00,6.100299835205078,6.105000019073486,6.099999904632568,6.105000019073486,8144,0.0,0.0
2024-10-31 12:02:00-04:00,6.105000019073486,6.105000019073486,6.100100040435791,6.105000019073486,902,0.0,0.0
2024-10-31 12:03:00-04:00,6.105000019073486,6.105000019073486,6.105000019073486,6.105000019073486,810,0.0,0.0
2024-10-31 12:04:00-04:00,6.105000019073486,6.105000019073486,6.099999904632568,6.099999904632568,1274,0.0,0.0
2024-10-31 12:05:00-04:00,6.105000019073486,6.105000019073486,6.099999904632568,6.105000019073486,1401,0.0,0.0
2024-10-31 12:06:00-04:00,6.1016998291015625,6.1016998291015625,6.1016998291015625,6.1016998291015625,1076,0.0,0.0
2024-10-31 12:07:00-04:00,6.103000164031982,6.105000019073486,6.101600170135498,6.105000019073486,1177,0.0,0.0
2024-10-31 12:08:00-04:00,6.105000019073486,6.105000019073486,6.105000019073486,6.105000019073486,2053,0.0,0.0
2024-10-31 12:09:00-04:00,6.105000019073486,6.105000019073486,6.099999904632568,6.099999904632568,1950,0.0,0.0
2024-10-31 12:10:00-04:00,6.105000019073486,6.105000019073486,6.105000019073486,6.105000019073486,500,0.0,0.0
2024-10-31 12:12:00-04:00,6.101600170135498,6.101600170135498,6.101600170135498,6.101600170135498,24050,0.0,0.0
2024-10-31 12:13:00-04:00,6.105000019073486,6.105000019073486,6.099999904632568,6.105000019073486,20508,0.0,0.0
2024-10-31 12:14:00-04:00,6.105000019073486,6.105000019073486,6.099999904632568,6.105000019073486,1222,0.0,0.0
2024-10-31 12:15:00-04:00,6.105000019073486,6.105000019073486,6.099999904632568,6.105000019073486,1379,0.0,0.0
2024-10-31 12:16:00-04:00,6.099999904632568,6.105000019073486,6.099999904632568,6.100100040435791,21382,0.0,0.0
2024-10-31 12:17:00-04:00,6.099999904632568,6.104700088500977,6.099999904632568,6.099999904632568,6496,0.0,0.0
2024-10-31 12:18:00-04:00,6.105000019073486,6.105000019073486,6.099999904632568,6.105000019073486,600,0.0,0.0
2024-10-31 12:19:00-04:00,6.099999904632568,6.105000019073486,6.099999904632568,6.105000019073486,300,0.0,0.0
2024-10-31 12:20:00-04:00,6.105000019073486,6.110000133514404,6.099999904632568,6.105000019073486,20791,0.0,0.0
2024-10-31 12:21:00-04:00,6.105000019073486,6.110000133514404,6.105000019073486,6.105000019073486,10230,0.0,0.0
2024-10-31 12:22:00-04:00,6.101600170135498,6.105000019073486,6.099999904632568,6.099999904632568,19470,0.0,0.0
2024-10-31 12:23:00-04:00,6.1059699058532715,6.1059699058532715,6.099999904632568,6.105000019073486,19913,0.0,0.0
2024-10-31 12:24:00-04:00,6.099999904632568,6.105000019073486,6.099999904632568,6.099999904632568,12688,0.0,0.0
2024-10-31 12:25:00-04:00,6.099999904632568,6.110000133514404,6.099999904632568,6.099999904632568,123113,0.0,0.0
2024-10-31 12:28:00-04:00,6.099999904632568,6.107900142669678,6.099999904632568,6.107900142669678,102178,0.0,0.0
2024-10-31 12:29:00-04:00,6.105000019073486,6.110000133514404,6.099999904632568,6.109899997711182,183505,0.0,0.0
2024-10-31 12:30:00-04:00,6.110000133514404,6.119999885559082,6.099999904632568,6.113500118255615,738716,0.0,0.0
2024-10-31 12:31:00-04:00,6.114999771118164,6.119999885559082,6.114999771118164,6.114999771118164,23060,0.0,0.0
2024-10-31 12:32:00-04:00,6.114999771118164,6.114999771118164,6.114999771118164,6.114999771118164,401,0.0,0.0
2024-10-31 12:33:00-04:00,6.114999771118164,6.119999885559082,6.114999771118164,6.114999771118164,8594,0.0,0.0
2024-10-31 12:34:00-04:00,6.114999771118164,6.114999771118164,6.114999771118164,6.114999771118164,11001,0.0,0.0
2024-10-31 12:35:00-04:00,6.110000133514404,6.114999771118164,6.110000133514404,6.114999771118164,7602,0.0,0.0
2024-10-31 12:36:00-04:00,6.114999771118164,6.119999885559082,6.110000133514404,6.114999771118164,18515,0.0,0.0
2024-10-31 12:37:00-04:00,6.114999771118164,6.114999771118164,6.110000133514404,6.110000133514404,5089,0.0,0.0
2024-10-31 12:38:00-04:00,6.111299991607666,6.114999771118164,6.111299991607666,6.114999771118164,1406,0.0,0.0
2024-10-31 12:39:00-04:00,6.114999771118164,6.114999771118164,6.110000133514404,6.110000133514404,1527,0.0,0.0
2024-10-31 12:40:00-04:00,6.114999771118164,6.114999771118164,6.114999771118164,6.114999771118164,1418,0.0,0.0
2024-10-31 12:41:00-04:00,6.114999771118164,6.114999771118164,6.11299991607666,6.11299991607666,3100,0.0,0.0
2024-10-31 12:42:00-04:00,6.114999771118164,6.114999771118164,6.110000133514404,6.114999771118164,700,0.0,0.0
2024-10-31 12:43:00-04:00,6.114999771118164,6.114999771118164,6.114999771118164,6.114999771118164,2700,0.0,0.0
2024-10-31 12:44:00-04:00,6.110000133514404,6.114999771118164,6.110000133514404,6.114999771118164,2352,0.0,0.0
2024-10-31 12:45:00-04:00,6.114999771118164,6.114999771118164,6.110000133514404,6.114999771118164,4774,0.0,0.0
2024-10-31 12:46:00-04:00,6.114999771118164,6.114999771118164,6.114999771118164,6.114999771118164,700,0.0,0.0
2024-10-31 12:47:00-04:00,6.110000133514404,6.114999771118164,6.110000133514404,6.114999771118164,604,0.0,0.0
2024-10-31 12:48:00-04:00,6.114999771118164,6.114999771118164,6.110000133514404,6.114999771118164,1600,0.0,0.0
2024-10-31 12:49:00-04:00,6.110000133514404,6.114999771118164,6.110000133514404,6.114999771118164,1101,0.0,0.0
2024-10-31 12:50:00-04:00,6.114999771118164,6.114999771118164,6.110000133514404,6.110000133514404,1209,0.0,0.0
2024-10-31 12:51:00-04:00,6.110000133514404,6.114999771118164,6.110000133514404,6.114999771118164,675,0.0,0.0
2024-10-31 12:52:00-04:00,6.110000133514404,6.114999771118164,6.110000133514404,6.114999771118164,200,0.0,0.0
2024-10-31 12:53:00-04:00,6.114999771118164,6.114999771118164,6.110000133514404,6.110000133514404,1907,0.0,0.0
2024-10-31 12:54:00-04:00,6.114999771118164,6.119900226593018,6.110000133514404,6.111999988555908,2458,0.0,0.0
2024-10-31 12:55:00-04:00,6.114999771118164,6.114999771118164,6.114999771118164,6.114999771118164,1600,0.0,0.0
2024-10-31 12:56:00-04:00,6.110000133514404,6.114999771118164,6.110000133514404,6.113399982452393,485,0.0,0.0
2024-10-31 12:57:00-04:00,6.114999771118164,6.119999885559082,6.105000019073486,6.105000019073486,155847,0.0,0.0
2024-10-31 12:58:00-04:00,6.099999904632568,6.110000133514404,6.099999904632568,6.105000019073486,12748,0.0,0.0
2024-10-31 12:59:00-04:00,6.110000133514404,6.110000133514404,6.105000019073486,6.109899997711182,140244,0.0,0.0
2024-10-31 13:00:00-04:00,6.109300136566162,6.119999885559082,6.105000019073486,6.111599922180176,146540,0.0,0.0
2024-10-31 13:01:00-04:00,6.111299991607666,6.114999771118164,6.111299991607666,6.114999771118164,2200,0.0,0.0
2024-10-31 13:02:00-04:00,6.110000133514404,6.110000133514404,6.110000133514404,6.110000133514404,200,0.0,0.0
2024-10-31 13:03:00-04:00,6.114999771118164,6.114999771118164,6.110099792480469,6.110099792480469,12338,0.0,0.0
2024-10-31 13:04:00-04:00,6.110000133514404,6.114999771118164,6.110000133514404,6.114999771118164,11741,0.0,0.0
2024-10-31 13:05:00-04:00,6.114999771118164,6.114999771118164,6.110000133514404,6.111000061035156,2299,0.0,0.0
2024-10-31 13:06:00-04:00,6.114999771118164,6.114999771118164,6.110000133514404,6.114999771118164,4584,0.0,0.0
2024-10-31 13:07:00-04:00,6.114999771118164,6.114999771118164,6.110000133514404,6.110000133514404,1733,0.0,0.0
2024-10-31 13:08:00-04:00,6.110000133514404,6.110000133514404,6.099999904632568,6.101500034332275,136500,0.0,0.0
2024-10-31 13:09:00-04:00,6.099999904632568,6.107999801635742,6.099999904632568,6.099999904632568,1491,0.0,0.0
2024-10-31 13:10:00-04:00,6.099999904632568,6.105000019073486,6.099999904632568,6.105000019073486,1056,0.0,0.0
2024-10-31 13:11:00-04:00,6.099999904632568,6.105000019073486,6.099999904632568,6.105000019073486,1019,0.0,0.0
2024-10-31 13:12:00-04:00,6.105000019073486,6.105000019073486,6.099999904632568,6.099999904632568,1331,0.0,0.0
2024-10-31 13:13:00-04:00,6.105000019073486,6.105000019073486,6.099999904632568,6.099999904632568,1019,0.0,0.0
2024-10-31 13:14:00-04:00,6.105000019073486,6.105000019073486,6.1016998291015625,6.105000019073486,1065,0.0,0.0
2024-10-31 13:15:00-04:00,6.099999904632568,6.105000019073486,6.099999904632568,6.105000019073486,2821,0.0,0.0
2024-10-31 13:16:00-04:00,6.105000019073486,6.105000019073486,6.099999904632568,6.099999904632568,917,0.0,0.0
2024-10-31 13:17:00-04:00,6.099999904632568,6.099999904632568,6.099999904632568,6.099999904632568,105,0.0,0.0
2024-10-31 13:18:00-04:00,6.105000019073486,6.105000019073486,6.105000019073486,6.105000019073486,1519,0.0,0.0
2024-10-31 13:19:00-04:00,6.099999904632568,6.105400085449219,6.099999904632568,6.105000019073486,11050,0.0,0.0
2024-10-31 13:20:00-04:00,6.105000019073486,6.105000019073486,6.099999904632568,6.105000019073486,3313,0.0,0.0
2024-10-31 13:21:00-04:00,6.099999904632568,6.099999904632568,6.099999904632568,6.099999904632568,109,0.0,0.0
2024-10-31 13:22:00-04:00,6.105000019073486,6.105000019073486,6.105000019073486,6.105000019073486,578,0.0,0.0
2024-10-31 13:23:00-04:00,6.099999904632568,6.105000019073486,6.099999904632568,6.105000019073486,1246,0.0,0.0
2024-10-31 13:24:00-04:00,6.105000019073486,6.105000019073486,6.099999904632568,6.099999904632568,362,0.0,0.0
2024-10-31 13:25:00-04:00,6.105000019073486,6.105000019073486,6.105000019073486,6.105000019073486,1375,0.0,0.0
2024-10-31 13:26:00-04:00,6.105000019073486,6.105000019073486,6.099999904632568,6.105000019073486,810,0.0,0.0
2024-10-31 13:27:00-04:00,6.099999904632568,6.105000019073486,6.099999904632568,6.105000019073486,1408,0.0,0.0
2024-10-31 13:28:00-04:00,6.105000019073486,6.105000019073486,6.099999904632568,6.099999904632568,534,0.0,0.0
2024-10-31 13:29:00-04:00,6.099999904632568,6.105000019073486,6.099999904632568,6.099999904632568,1123,0.0,0.0
2024-10-31 13:30:00-04:00,6.099999904632568,6.109899997711182,6.099999904632568,6.105000019073486,36884,0.0,0.0
2024-10-31 13:31:00-04:00,6.099999904632568,6.110000133514404,6.099999904632568,6.099999904632568,5794,0.0,0.0
2024-10-31 13:32:00-04:00,6.099999904632568,6.105000019073486,6.099999904632568,6.099999904632568,4128,0.0,0.0
2024-10-31 13:33:00-04:00,6.099999904632568,6.099999904632568,6.09499979019165,6.09499979019165,90153,0.0,0.0
2024-10-31 13:34:00-04:00,6.09499979019165,6.099999904632568,6.090000152587891,6.098800182342529,23353,0.0,0.0
2024-10-31 13:35:00-04:00,6.09499979019165,6.099999904632568,6.09499979019165,6.099999904632568,29418,0.0,0.0
2024-10-31 13:36:00-04:00,6.099899768829346,6.099999904632568,6.099899768829346,6.099999904632568,5100,0.0,0.0
2024-10-31 13:37:00-04:00,6.09499979019165,6.099999904632568,6.09499979019165,6.09499979019165,30442,0.0,0.0
2024-10-31 13:38:00-04:00,6.09499979019165,6.09499979019165,6.09499979019165,6.09499979019165,504,0.0,0.0
2024-10-31 13:39:00-04:00,6.098800182342529,6.098800182342529,6.09499979019165,6.09499979019165,79900,0.0,0.0
2024-10-31 13:40:00-04:00,6.090099811553955,6.099999904632568,6.090099811553955,6.099999904632568,9930,0.0,0.0
2024-10-31 13:41:00-04:00,6.0971999168396,6.099999904632568,6.090000152587891,6.098999977111816,124926,0.0,0.0
2024-10-31 13:42:00-04:00,6.099999904632568,6.099999904632568,6.09499979019165,6.099999904632568,17688,0.0,0.0
2024-10-31 13:43:00-04:00,6.099999904632568,6.099999904632568,6.096642017364502,6.099999904632568,2613,0.0,0.0
2024-10-31 13:44:00-04:00,6.099999904632568,6.099999904632568,6.090000152587891,6.090000152587891,883,0.0,0.0
2024-10-31 13:45:00-04:00,6.09499979019165,6.099999904632568,6.091700077056885,6.0933709144592285,13330,0.0,0.0
2024-10-31 13:46:00-04:00,6.09499979019165,6.09499979019165,6.090099811553955,6.091700077056885,8272,0.0,0.0
2024-10-31 13:47:00-04:00,6.09499979019165,6.099999904632568,6.090000152587891,6.09499979019165,34456,0.0,0.0
2024-10-31 13:48:00-04:00,6.09499979019165,6.09499979019165,6.090000152587891,6.09499979019165,21500,0.0,0.0
2024-10-31 13:49:00-04:00,6.09499979019165,6.099999904632568,6.090000152587891,6.09499979019165,15682,0.0,0.0
2024-10-31 13:50:00-04:00,6.090000152587891,6.09499979019165,6.090000152587891,6.09499979019165,9501,0.0,0.0
2024-10-31 13:51:00-04:00,6.093999862670898,6.099999904632568,6.090000152587891,6.09499979019165,7020,0.0,0.0
2024-10-31 13:52:00-04:00,6.09499979019165,6.09499979019165,6.090000152587891,6.090000152587891,2506,0.0,0.0
2024-10-31 13:53:00-04:00,6.090000152587891,6.097499847412109,6.090000152587891,6.09499979019165,3856,0.0,0.0
2024-10-31 13:54:00-04:00,6.09499979019165,6.09499979019165,6.09499979019165,6.09499979019165,6341,0.0,0.0
2024-10-31 13:55:00-04:00,6.09499979019165,6.09499979019165,6.085000038146973,6.090000152587891,184877,0.0,0.0
2024-10-31 13:56:00-04:00,6.085000038146973,6.090000152587891,6.080100059509277,6.088600158691406,71817,0.0,0.0
2024-10-31 13:57:00-04:00,6.090000152587891,6.090000152587891,6.085000038146973,6.090000152587891,12752,0.0,0.0
2024-10-31 13:58:00-04:00,6.090000152587891,6.090000152587891,6.082699775695801,6.082699775695801,2687,0.0,0.0
2024-10-31 13:59:00-04:00,6.085000038146973,6.090000152587891,6.081900119781494,6.085000038146973,6599,0.0,0.0
2024-10-31 14:00:00-04:00,6.085000038146973,6.085000038146973,6.085000038146973,6.085000038146973,3009,0.0,0.0
2024-10-31 14:01:00-04:00,6.085000038146973,6.090000152587891,6.085000038146973,6.085000038146973,11350,0.0,0.0
2024-10-31 14:02:00-04:00,6.085000038146973,6.085000038146973,6.085000038146973,6.085000038146973,9764,0.0,0.0
2024-10-31 14:03:00-04:00,6.085000038146973,6.085000038146973,6.085000038146973,6.085000038146973,6112,0.0,0.0
2024-10-31 14:04:00-04:00,6.085000038146973,6.090000152587891,6.085000038146973,6.085000038146973,17013,0.0,0.0
2024-10-31 14:05:00-04:00,6.085000038146973,6.085000038146973,6.085000038146973,6.085000038146973,3616,0.0,0.0
2024-10-31 14:06:00-04:00,6.085000038146973,6.085000038146973,6.085000038146973,6.085000038146973,2044,0.0,0.0
2024-10-31 14:07:00-04:00,6.079999923706055,6.085000038146973,6.079999923706055,6.085000038146973,2331,0.0,0.0
2024-10-31 14:08:00-04:00,6.085000038146973,6.090000152587891,6.079999923706055,6.079999923706055,4477,0.0,0.0
2024-10-31 14:09:00-04:00,6.085000038146973,6.090000152587891,6.079999923706055,6.085000038146973,2154,0.0,0.0
2024-10-31 14:10:00-04:00,6.085000038146973,6.085000038146973,6.085000038146973,6.085000038146973,2329,0.0,0.0
2024-10-31 14:11:00-04:00,6.085000038146973,6.085000038146973,6.085000038146973,6.085000038146973,3360,0.0,0.0
2024-10-31 14:12:00-04:00,6.085000038146973,6.085000038146973,6.079999923706055,6.085000038146973,1177,0.0,0.0
2024-10-31 14:13:00-04:00,6.085000038146973,6.088399887084961,6.079999923706055,6.085000038146973,2565,0.0,0.0
2024-10-31 14:14:00-04:00,6.085000038146973,6.085000038146973,6.079999923706055,6.079999923706055,2451,0.0,0.0
2024-10-31 14:15:00-04:00,6.085000038146973,6.085000038146973,6.079999923706055,6.079999923706055,101823,0.0,0.0
2024-10-31 14:16:00-04:00,6.085000038146973,6.090000152587891,6.085000038146973,6.085000038146973,4935,0.0,0.0
2024-10-31 14:17:00-04:00,6.085000038146973,6.085000038146973,6.079999923706055,6.085000038146973,7884,0.0,0.0
2024-10-31 14:18:00-04:00,6.090000152587891,6.090000152587891,6.079999923706055,6.085000038146973,4460,0.0,0.0
2024-10-31 14:19:00-04:00,6.085000038146973,6.085000038146973,6.079999923706055,6.085000038146973,3348,0.0,0.0
2024-10-31 14:20:00-04:00,6.085000038146973,6.090000152587891,6.079999923706055,6.090000152587891,8665,0.0,0.0
2024-10-31 14:21:00-04:00,6.085000038146973,6.085000038146973,6.085000038146973,6.085000038146973,6524,0.0,0.0
2024-10-31 14:22:00-04:00,6.085000038146973,6.085000038146973,6.085000038146973,6.085000038146973,1635,0.0,0.0
2024-10-31 14:23:00-04:00,6.085000038146973,6.085000038146973,6.085000038146973,6.085000038146973,1174,0.0,0.0
2024-10-31 14:24:00-04:00,6.085000038146973,6.085000038146973,6.080999851226807,6.085000038146973,1088,0.0,0.0
2024-10-31 14:25:00-04:00,6.085000038146973,6.090000152587891,6.085000038146973,6.085000038146973,9622,0.0,0.0
2024-10-31 14:26:00-04:00,6.085000038146973,6.085000038146973,6.085000038146973,6.085000038146973,4225,0.0,0.0
2024-10-31 14:27:00-04:00,6.085000038146973,6.085000038146973,6.085000038146973,6.085000038146973,2549,0.0,0.0
2024-10-31 14:28:00-04:00,6.085000038146973,6.085000038146973,6.079999923706055,6.085000038146973,688,0.0,0.0
2024-10-31 14:29:00-04:00,6.085000038146973,6.085000038146973,6.079999923706055,6.085000038146973,8419,0.0,0.0
2024-10-31 14:30:00-04:00,6.085000038146973,6.085000038146973,6.085000038146973,6.085000038146973,1535,0.0,0.0
2024-10-31 14:31:00-04:00,6.085000038146973,6.090000152587891,6.085000038146973,6.085000038146973,4418,0.0,0.0
2024-10-31 14:32:00-04:00,6.090000152587891,6.090000152587891,6.085000038146973,6.085000038146973,16020,0.0,0.0
2024-10-31 14:33:00-04:00,6.085000038146973,6.090000152587891,6.085000038146973,6.085000038146973,1904,0.0,0.0
2024-10-31 14:34:00-04:00,6.085000038146973,6.090000152587891,6.085000038146973,6.090000152587891,1815,0.0,0.0
2024-10-31 14:35:00-04:00,6.085000038146973,6.085000038146973,6.085000038146973,6.085000038146973,2311,0.0,0.0
2024-10-31 14:36:00-04:00,6.085000038146973,6.085000038146973,6.085000038146973,6.085000038146973,9574,0.0,0.0
2024-10-31 14:37:00-04:00,6.085000038146973,6.085000038146973,6.085000038146973,6.085000038146973,2233,0.0,0.0
2024-10-31 14:38:00-04:00,6.085000038146973,6.085000038146973,6.079999923706055,6.085000038146973,921,0.0,0.0
2024-10-31 14:39:00-04:00,6.085000038146973,6.090000152587891,6.085000038146973,6.090000152587891,603,0.0,0.0
2024-10-31 14:40:00-04:00,6.085000038146973,6.090000152587891,6.079999923706055,6.085000038146973,1361,0.0,0.0
2024-10-31 14:41:00-04:00,6.085000038146973,6.085000038146973,6.079999923706055,6.085000038146973,120500,0.0,0.0
2024-10-31 14:42:00-04:00,6.0808000564575195,6.090000152587891,6.070000171661377,6.079899787902832,875473,0.0,0.0
2024-10-31 14:43:00-04:00,6.079999923706055,6.090000152587891,6.074999809265137,6.080100059509277,155193,0.0,0.0
2024-10-31 14:44:00-04:00,6.082799911499023,6.090000152587891,6.079999923706055,6.085000038146973,35352,0.0,0.0
2024-10-31 14:45:00-04:00,6.085000038146973,6.090000152587891,6.080100059509277,6.085000038146973,20791,0.0,0.0
2024-10-31 14:46:00-04:00,6.085000038146973,6.085000038146973,6.085000038146973,6.085000038146973,3302,0.0,0.0
2024-10-31 14:47:00-04:00,6.085000038146973,6.085000038146973,6.085000038146973,6.085000038146973,2749,0.0,0.0
2024-10-31 14:48:00-04:00,6.085000038146973,6.085000038146973,6.085000038146973,6.085000038146973,431,0.0,0.0
2024-10-31 14:49:00-04:00,6.085000038146973,6.085000038146973,6.085000038146973,6.085000038146973,1415,0.0,0.0
2024-10-31 14:50:00-04:00,6.085000038146973,6.090000152587891,6.085000038146973,6.085000038146973,4087,0.0,0.0
2024-10-31 14:51:00-04:00,6.085000038146973,6.085000038146973,6.085000038146973,6.085000038146973,1096,0.0,0.0
2024-10-31 14:52:00-04:00,6.090000152587891,6.090000152587891,6.079999923706055,6.089900016784668,59957,0.0,0.0
2024-10-31 14:53:00-04:00,6.089900016784668,6.099999904632568,6.079999923706055,6.09499979019165,297932,0.0,0.0
2024-10-31 14:54:00-04:00,6.09499979019165,6.099999904632568,6.090099811553955,6.09499979019165,3176,0.0,0.0
2024-10-31 14:55:00-04:00,6.09499979019165,6.09499979019165,6.09499979019165,6.09499979019165,4663,0.0,0.0
2024-10-31 14:56:00-04:00,6.09499979019165,6.098299980163574,6.09499979019165,6.098299980163574,5410,0.0,0.0
2024-10-31 14:57:00-04:00,6.09499979019165,6.09499979019165,6.090000152587891,6.09499979019165,2425,0.0,0.0
2024-10-31 14:58:00-04:00,6.09499979019165,6.09499979019165,6.09499979019165,6.09499979019165,4922,0.0,0.0
2024-10-31 14:59:00-04:00,6.09499979019165,6.099999904632568,6.09499979019165,6.099999904632568,6233,0.0,0.0
2024-10-31 15:00:00-04:00,6.09499979019165,6.099999904632568,6.09499979019165,6.099999904632568,4295,0.0,0.0
2024-10-31 15:01:00-04:00,6.090000152587891,6.09499979019165,6.090000152587891,6.09499979019165,11988,0.0,0.0
2024-10-31 15:02:00-04:00,6.09499979019165,6.099999904632568,6.090000152587891,6.09499979019165,87533,0.0,0.0
2024-10-31 15:03:00-04:00,6.090000152587891,6.09499979019165,6.090000152587891,6.090000152587891,27433,0.0,0.0
2024-10-31 15:04:00-04:00,6.090000152587891,6.090000152587891,6.090000152587891,6.090000152587891,2381,0.0,0.0
2024-10-31 15:05:00-04:00,6.090000152587891,6.090000152587891,6.090000152587891,6.090000152587891,3211,0.0,0.0
2024-10-31 15:06:00-04:00,6.090000152587891,6.09499979019165,6.090000152587891,6.090000152587891,24525,0.0,0.0
2024-10-31 15:07:00-04:00,6.090000152587891,6.09499979019165,6.085000038146973,6.089900016784668,80172,0.0,0.0
2024-10-31 15:08:00-04:00,6.085000038146973,6.085000038146973,6.085000038146973,6.085000038146973,9029,0.0,0.0
2024-10-31 15:09:00-04:00,6.079999923706055,6.085000038146973,6.079999923706055,6.085000038146973,1519,0.0,0.0
2024-10-31 15:10:00-04:00,6.085000038146973,6.085000038146973,6.085000038146973,6.085000038146973,1360,0.0,0.0
2024-10-31 15:11:00-04:00,6.085000038146973,6.085000038146973,6.085000038146973,6.085000038146973,509,0.0,0.0
2024-10-31 15:12:00-04:00,6.085000038146973,6.086699962615967,6.085000038146973,6.086699962615967,535,0.0,0.0
2024-10-31 15:13:00-04:00,6.088699817657471,6.088699817657471,6.088699817657471,6.088699817657471,1116,0.0,0.0
2024-10-31 15:15:00-04:00,6.085000038146973,6.090000152587891,6.085000038146973,6.085000038146973,12197,0.0,0.0
2024-10-31 15:16:00-04:00,6.085000038146973,6.090000152587891,6.079999923706055,6.085000038146973,204334,0.0,0.0
2024-10-31 15:17:00-04:00,6.089900016784668,6.090000152587891,6.081299781799316,6.090000152587891,4370,0.0,0.0
2024-10-31 15:18:00-04:00,6.090000152587891,6.090000152587891,6.085000038146973,6.090000152587891,5772,0.0,0.0
2024-10-31 15:19:00-04:00,6.085000038146973,6.090000152587891,6.085000038146973,6.085000038146973,4875,0.0,0.0
2024-10-31 15:20:00-04:00,6.085000038146973,6.089900016784668,6.079999923706055,6.085000038146973,9629,0.0,0.0
2024-10-31 15:21:00-04:00,6.085000038146973,6.090000152587891,6.085000038146973,6.090000152587891,7803,0.0,0.0
2024-10-31 15:22:00-04:00,6.085000038146973,6.085000038146973,6.085000038146973,6.085000038146973,9547,0.0,0.0
2024-10-31 15:23:00-04:00,6.085000038146973,6.089000225067139,6.085000038146973,6.085000038146973,4081,0.0,0.0
2024-10-31 15:24:00-04:00,6.085000038146973,6.085000038146973,6.079999923706055,6.085000038146973,16339,0.0,0.0
2024-10-31 15:25:00-04:00,6.085000038146973,6.085000038146973,6.079999923706055,6.085000038146973,3890,0.0,0.0
2024-10-31 15:26:00-04:00,6.085000038146973,6.085000038146973,6.085000038146973,6.085000038146973,13064,0.0,0.0
2024-10-31 15:27:00-04:00,6.085000038146973,6.085000038146973,6.079999923706055,6.085000038146973,5492,0.0,0.0
2024-10-31 15:28:00-04:00,6.085000038146973,6.085000038146973,6.079999923706055,6.085000038146973,4962,0.0,0.0
2024-10-31 15:29:00-04:00,6.085000038146973,6.085000038146973,6.085000038146973,6.085000038146973,1338,0.0,0.0
2024-10-31 15:30:00-04:00,6.085000038146973,6.085000038146973,6.085000038146973,6.085000038146973,4284,0.0,0.0
2024-10-31 15:31:00-04:00,6.089900016784668,6.089900016784668,6.079999923706055,6.0854997634887695,36524,0.0,0.0
2024-10-31 15:32:00-04:00,6.080100059509277,6.090000152587891,6.070000171661377,6.074999809265137,373939,0.0,0.0
2024-10-31 15:33:00-04:00,6.074999809265137,6.079999923706055,6.070000171661377,6.074999809265137,59747,0.0,0.0
2024-10-31 15:34:00-04:00,6.074999809265137,6.074999809265137,6.070000171661377,6.074999809265137,10755,0.0,0.0
2024-10-31 15:35:00-04:00,6.074999809265137,6.074999809265137,6.070000171661377,6.070000171661377,1203,0.0,0.0
2024-10-31 15:36:00-04:00,6.074999809265137,6.074999809265137,6.070000171661377,6.074999809265137,4872,0.0,0.0
2024-10-31 15:37:00-04:00,6.074999809265137,6.074999809265137,6.070000171661377,6.070000171661377,15138,0.0,0.0
2024-10-31 15:38:00-04:00,6.072999954223633,6.074999809265137,6.070000171661377,6.070000171661377,22111,0.0,0.0
2024-10-31 15:39:00-04:00,6.070000171661377,6.070000171661377,6.070000171661377,6.070000171661377,6517,0.0,0.0
2024-10-31 15:40:00-04:00,6.070000171661377,6.079999923706055,6.070000171661377,6.070000171661377,12383,0.0,0.0
2024-10-31 15:41:00-04:00,6.070000171661377,6.074999809265137,6.070000171661377,6.070000171661377,24858,0.0,0.0
2024-10-31 15:42:00-04:00,6.070000171661377,6.074999809265137,6.070000171661377,6.070000171661377,16080,0.0,0.0
2024-10-31 15:43:00-04:00,6.070000171661377,6.074999809265137,6.070000171661377,6.070000171661377,24059,0.0,0.0
2024-10-31 15:44:00-04:00,6.070000171661377,6.074999809265137,6.070000171661377,6.070000171661377,23757,0.0,0.0
2024-10-31 15:45:00-04:00,6.074999809265137,6.074999809265137,6.070000171661377,6.070000171661377,15616,0.0,0.0
2024-10-31 15:46:00-04:00,6.074999809265137,6.074999809265137,6.070000171661377,6.070000171661377,26502,0.0,0.0
2024-10-31 15:47:00-04:00,6.070000171661377,6.074999809265137,6.070000171661377,6.070000171661377,17484,0.0,0.0
2024-10-31 15:48:00-04:00,6.070000171661377,6.074999809265137,6.070000171661377,6.070000171661377,22230,0.0,0.0
2024-10-31 15:49:00-04:00,6.074999809265137,6.074999809265137,6.070000171661377,6.070000171661377,54626,0.0,0.0
2024-10-31 15:50:00-04:00,6.070000171661377,6.078400135040283,6.070000171661377,6.070000171661377,64878,0.0,0.0
2024-10-31 15:51:00-04:00,6.079999923706055,6.079999923706055,6.070000171661377,6.070000171661377,97996,0.0,0.0
2024-10-31 15:52:00-04:00,6.070000171661377,6.074999809265137,6.070000171661377,6.074999809265137,28371,0.0,0.0
2024-10-31 15:53:00-04:00,6.070000171661377,6.074999809265137,6.070000171661377,6.070000171661377,29301,0.0,0.0
2024-10-31 15:54:00-04:00,6.074999809265137,6.074999809265137,6.070000171661377,6.074999809265137,22122,0.0,0.0
2024-10-31 15:55:00-04:00,6.074999809265137,6.074999809265137,6.059999942779541,6.059999942779541,180361,0.0,0.0
2024-10-31 15:56:00-04:00,6.059999942779541,6.065000057220459,6.059999942779541,6.059999942779541,59664,0.0,0.0
2024-10-31 15:57:00-04:00,6.059999942779541,6.065000057220459,6.039999961853027,6.045000076293945,531780,0.0,0.0
2024-10-31 15:58:00-04:00,6.045000076293945,6.050000190734863,6.039999961853027,6.039999961853027,75701,0.0,0.0
2024-10-31 15:59:00-04:00,6.045000076293945,6.050000190734863,6.039999961853027,6.045000076293945,218346,0.0,0.0
2024-11-01 09:30:00-04:00,6.059999942779541,6.074999809265137,6.054999828338623,6.070000171661377,693418,0.0,0.0
2024-11-01 09:31:00-04:00,6.059999942779541,6.059999942779541,6.050000190734863,6.050000190734863,96135,0.0,0.0
2024-11-01 09:32:00-04:00,6.045000076293945,6.050000190734863,6.045000076293945,6.050000190734863,7019,0.0,0.0
2024-11-01 09:33:00-04:00,6.045000076293945,6.045000076293945,6.045000076293945,6.045000076293945,389,0.0,0.0
2024-11-01 09:34:00-04:00,6.049900054931641,6.050000190734863,6.039999961853027,6.039999961853027,25810,0.0,0.0
2024-11-01 09:35:00-04:00,6.050000190734863,6.050000190734863,6.050000190734863,6.050000190734863,208,0.0,0.0
2024-11-01 09:36:00-04:00,6.050000190734863,6.050000190734863,6.045000076293945,6.049699783325195,105406,0.0,0.0
2024-11-01 09:37:00-04:00,6.045000076293945,6.059999942779541,6.045000076293945,6.059999942779541,21430,0.0,0.0
2024-11-01 09:38:00-04:00,6.059999942779541,6.070000171661377,6.059100151062012,6.065000057220459,47009,0.0,0.0
2024-11-01 09:39:00-04:00,6.060100078582764,6.070000171661377,6.060100078582764,6.070000171661377,3627,0.0,0.0
2024-11-01 09:40:00-04:00,6.065000057220459,6.077499866485596,6.065000057220459,6.074999809265137,47314,0.0,0.0
2024-11-01 09:41:00-04:00,6.074999809265137,6.079999923706055,6.070000171661377,6.074999809265137,18008,0.0,0.0
2024-11-01 09:42:00-04:00,6.074999809265137,6.089900016784668,6.074999809265137,6.079999923706055,64763,0.0,0.0
2024-11-01 09:43:00-04:00,6.085000038146973,6.090000152587891,6.081299781799316,6.085000038146973,9416,0.0,0.0
2024-11-01 09:44:00-04:00,6.085000038146973,6.090000152587891,6.079999923706055,6.090000152587891,7558,0.0,0.0
2024-11-01 09:45:00-04:00,6.090000152587891,6.090000152587891,6.081099987030029,6.085000038146973,5238,0.0,0.0
2024-11-01 09:46:00-04:00,6.079999923706055,6.090000152587891,6.070099830627441,6.074999809265137,442584,0.0,0.0
2024-11-01 09:47:00-04:00,6.074999809265137,6.074999809265137,6.074999809265137,6.074999809265137,3206,0.0,0.0
2024-11-01 09:48:00-04:00,6.079999923706055,6.079999923706055,6.074999809265137,6.074999809265137,813,0.0,0.0
2024-11-01 09:49:00-04:00,6.078999996185303,6.078999996185303,6.074999809265137,6.074999809265137,4871,0.0,0.0
2024-11-01 09:51:00-04:00,6.074999809265137,6.074999809265137,6.070000171661377,6.071700096130371,10354,0.0,0.0
2024-11-01 09:52:00-04:00,6.079999923706055,6.079999923706055,6.070300102233887,6.079999923706055,13045,0.0,0.0
2024-11-01 09:53:00-04:00,6.074999809265137,6.074999809265137,6.070099830627441,6.074999809265137,7985,0.0,0.0
2024-11-01 09:54:00-04:00,6.079999923706055,6.079999923706055,6.070099830627441,6.074999809265137,8373,0.0,0.0
2024-11-01 09:55:00-04:00,6.074999809265137,6.079999923706055,6.074999809265137,6.079999923706055,8130,0.0,0.0
2024-11-01 09:56:00-04:00,6.074999809265137,6.079999923706055,6.070000171661377,6.079999923706055,1692,0.0,0.0
2024-11-01 09:57:00-04:00,6.074999809265137,6.079999923706055,6.070099830627441,6.074999809265137,4292,0.0,0.0
2024-11-01 09:58:00-04:00,6.079999923706055,6.079999923706055,6.070099830627441,6.079999923706055,21158,0.0,0.0
2024-11-01 09:59:00-04:00,6.079999923706055,6.079999923706055,6.074699878692627,6.074999809265137,94973,0.0,0.0
2024-11-01 10:00:00-04:00,6.074999809265137,6.079999923706055,6.074999809265137,6.07889986038208,10140,0.0,0.0
2024-11-01 10:01:00-04:00,6.079999923706055,6.079999923706055,6.070099830627441,6.070099830627441,9078,0.0,0.0
2024-11-01 10:02:00-04:00,6.070099830627441,6.074999809265137,6.061699867248535,6.065000057220459,32767,0.0,0.0
2024-11-01 10:03:00-04:00,6.065000057220459,6.065000057220459,6.054999828338623,6.054999828338623,50818,0.0,0.0
2024-11-01 10:04:00-04:00,6.059999942779541,6.070000171661377,6.054999828338623,6.06279993057251,174331,0.0,0.0
2024-11-01 10:05:00-04:00,6.054999828338623,6.068600177764893,6.054999828338623,6.062399864196777,32522,0.0,0.0
2024-11-01 10:06:00-04:00,6.065000057220459,6.069699764251709,6.065000057220459,6.065000057220459,12357,0.0,0.0
2024-11-01 10:07:00-04:00,6.070000171661377,6.074999809265137,6.054999828338623,6.060100078582764,287193,0.0,0.0
2024-11-01 10:08:00-04:00,6.065000057220459,6.065000057220459,6.051499843597412,6.054999828338623,130050,0.0,0.0
2024-11-01 10:09:00-04:00,6.057199954986572,6.059999942779541,6.054999828338623,6.059199810028076,45676,0.0,0.0
2024-11-01 10:10:00-04:00,6.05649995803833,6.070000171661377,6.051300048828125,6.059999942779541,166270,0.0,0.0
2024-11-01 10:11:00-04:00,6.059999942779541,6.059999942779541,6.050300121307373,6.054999828338623,29477,0.0,0.0
2024-11-01 10:12:00-04:00,6.054999828338623,6.068299770355225,6.054999828338623,6.065000057220459,150567,0.0,0.0
2024-11-01 10:13:00-04:00,6.070000171661377,6.070000171661377,6.061699867248535,6.065000057220459,13119,0.0,0.0
2024-11-01 10:14:00-04:00,6.065000057220459,6.070000171661377,6.065000057220459,6.070000171661377,1445,0.0,0.0
2024-11-01 10:15:00-04:00,6.070000171661377,6.076099872589111,6.061299800872803,6.0721001625061035,104775,0.0,0.0
2024-11-01 10:16:00-04:00,6.074999809265137,6.074999809265137,6.070000171661377,6.074999809265137,17145,0.0,0.0
2024-11-01 10:17:00-04:00,6.070000171661377,6.074999809265137,6.070000171661377,6.070000171661377,12656,0.0,0.0
2024-11-01 10:18:00-04:00,6.074699878692627,6.074999809265137,6.070000171661377,6.070000171661377,4859,0.0,0.0
2024-11-01 10:19:00-04:00,6.070799827575684,6.071199893951416,6.070000171661377,6.070000171661377,2859,0.0,0.0
2024-11-01 10:20:00-04:00,6.070000171661377,6.070000171661377,6.050099849700928,6.054999828338623,416558,0.0,0.0
2024-11-01 10:21:00-04:00,6.050000190734863,6.050000190734863,6.039999961853027,6.039999961853027,179914,0.0,0.0
2024-11-01 10:22:00-04:00,6.041399955749512,6.045000076293945,6.030200004577637,6.037700176239014,99285,0.0,0.0
2024-11-01 10:23:00-04:00,6.037607192993164,6.045000076293945,6.034999847412109,6.034999847412109,233740,0.0,0.0
2024-11-01 10:24:00-04:00,6.034999847412109,6.034999847412109,6.034999847412109,6.034999847412109,1476,0.0,0.0
2024-11-01 10:25:00-04:00,6.021900177001953,6.027900218963623,6.021900177001953,6.027900218963623,112108,0.0,0.0
2024-11-01 10:26:00-04:00,6.03000020980835,6.034999847412109,6.025000095367432,6.025000095367432,180775,0.0,0.0
2024-11-01 10:27:00-04:00,6.025000095367432,6.034999847412109,6.021299839019775,6.034999847412109,154791,0.0,0.0
2024-11-01 10:28:00-04:00,6.039999961853027,6.039999961853027,6.03000020980835,6.03879976272583,122964,0.0,0.0
2024-11-01 10:29:00-04:00,6.03000020980835,6.039899826049805,6.03000020980835,6.034999847412109,25186,0.0,0.0
2024-11-01 10:30:00-04:00,6.034999847412109,6.050000190734863,6.034999847412109,6.0447001457214355,336370,0.0,0.0
2024-11-01 10:31:00-04:00,6.039999961853027,6.049900054931641,6.039999961853027,6.039999961853027,162039,0.0,0.0
2024-11-01 10:32:00-04:00,6.039999961853027,6.049900054931641,6.030099868774414,6.031599998474121,239006,0.0,0.0
2024-11-01 10:33:00-04:00,6.034999847412109,6.034999847412109,6.031799793243408,6.034999847412109,7018,0.0,0.0
2024-11-01 10:34:00-04:00,6.034999847412109,6.039899826049805,6.03000020980835,6.03000020980835,17328,0.0,0.0
2024-11-01 10:35:00-04:00,6.0381999015808105,6.0381999015808105,6.03000020980835,6.034999847412109,13002,0.0,0.0
2024-11-01 10:36:00-04:00,6.039999961853027,6.039999961853027,6.03000020980835,6.03000020980835,672,0.0,0.0
2024-11-01 10:37:00-04:00,6.034999847412109,6.039999961853027,6.03000020980835,6.039999961853027,8224,0.0,0.0
2024-11-01 10:38:00-04:00,6.034999847412109,6.034999847412109,6.034999847412109,6.034999847412109,5103,0.0,0.0
2024-11-01 10:39:00-04:00,6.03000020980835,6.034999847412109,6.02400016784668,6.026700019836426,111815,0.0,0.0
2024-11-01 10:40:00-04:00,6.025000095367432,6.025000095367432,6.019999980926514,6.019999980926514,59215,0.0,0.0
2024-11-01 10:41:00-04:00,6.020899772644043,6.025000095367432,6.019999980926514,6.025000095367432,32467,0.0,0.0
2024-11-01 10:42:00-04:00,6.019999980926514,6.020199775695801,6.019999980926514,6.020199775695801,5703,0.0,0.0
2024-11-01 10:43:00-04:00,6.019999980926514,6.03000020980835,6.014999866485596,6.025000095367432,178180,0.0,0.0
2024-11-01 10:44:00-04:00,6.025000095367432,6.03000020980835,6.025000095367432,6.03000020980835,192085,0.0,0.0
2024-11-01 10:45:00-04:00,6.03000020980835,6.034999847412109,6.03000020980835,6.03000020980835,252401,0.0,0.0
2024-11-01 10:46:00-04:00,6.03000020980835,6.034999847412109,6.03000020980835,6.03000020980835,46776,0.0,0.0
2024-11-01 10:47:00-04:00,6.034999847412109,6.034999847412109,6.034999847412109,6.034999847412109,4582,0.0,0.0
2024-11-01 10:48:00-04:00,6.039999961853027,6.039999961853027,6.034999847412109,6.038400173187256,31718,0.0,0.0
2024-11-01 10:49:00-04:00,6.039999961853027,6.039999961853027,6.034999847412109,6.039999961853027,8199,0.0,0.0
2024-11-01 10:50:00-04:00,6.034999847412109,6.039999961853027,6.034999847412109,6.039999961853027,4333,0.0,0.0
2024-11-01 10:51:00-04:00,6.039999961853027,6.039999961853027,6.034999847412109,6.038599967956543,22452,0.0,0.0
2024-11-01 10:52:00-04:00,6.03980016708374,6.039999961853027,6.034999847412109,6.039999961853027,36103,0.0,0.0
2024-11-01 10:53:00-04:00,6.034999847412109,6.039999961853027,6.03000020980835,6.034999847412109,39177,0.0,0.0
2024-11-01 10:54:00-04:00,6.039999961853027,6.039999961853027,6.034999847412109,6.039999961853027,8649,0.0,0.0
2024-11-01 10:55:00-04:00,6.039999961853027,6.050000190734863,6.034999847412109,6.050000190734863,69268,0.0,0.0
2024-11-01 10:56:00-04:00,6.050000190734863,6.050000190734863,6.039999961853027,6.045000076293945,17102,0.0,0.0
2024-11-01 10:57:00-04:00,6.045000076293945,6.045000076293945,6.045000076293945,6.045000076293945,7312,0.0,0.0
2024-11-01 10:58:00-04:00,6.045000076293945,6.059999942779541,6.045000076293945,6.054599761962891,207147,0.0,0.0
2024-11-01 10:59:00-04:00,6.0507001876831055,6.059999942779541,6.042300224304199,6.054999828338623,164736,0.0,0.0
2024-11-01 11:00:00-04:00,6.050000190734863,6.054999828338623,6.050000190734863,6.050000190734863,13473,0.0,0.0
2024-11-01 11:01:00-04:00,6.050000190734863,6.054999828338623,6.050000190734863,6.050000190734863,18834,0.0,0.0
2024-11-01 11:02:00-04:00,6.050000190734863,6.054999828338623,6.045000076293945,6.045000076293945,34513,0.0,0.0
2024-11-01 11:03:00-04:00,6.045000076293945,6.050000190734863,6.045000076293945,6.048799991607666,26574,0.0,0.0
2024-11-01 11:04:00-04:00,6.048900127410889,6.059999942779541,6.045000076293945,6.050000190734863,131564,0.0,0.0
2024-11-01 11:05:00-04:00,6.050000190734863,6.054999828338623,6.050000190734863,6.05019998550415,29869,0.0,0.0
2024-11-01 11:06:00-04:00,6.050000190734863,6.050000190734863,6.050000190734863,6.050000190734863,5121,0.0,0.0
2024-11-01 11:07:00-04:00,6.050000190734863,6.054999828338623,6.039999961853027,6.048299789428711,52642,0.0,0.0
2024-11-01 11:08:00-04:00,6.045000076293945,6.050000190734863,6.045000076293945,6.045000076293945,3090,0.0,0.0
2024-11-01 11:09:00-04:00,6.045000076293945,6.046000003814697,6.04010009765625,6.04010009765625,6951,0.0,0.0
2024-11-01 11:10:00-04:00,6.045000076293945,6.059999942779541,6.039999961853027,6.054999828338623,194519,0.0,0.0
2024-11-01 11:11:00-04:00,6.051700115203857,6.059999942779541,6.050000190734863,6.050000190734863,59250,0.0,0.0
2024-11-01 11:12:00-04:00,6.050000190734863,6.050000190734863,6.050000190734863,6.050000190734863,511,0.0,0.0
2024-11-01 11:13:00-04:00,6.054999828338623,6.059999942779541,6.054999828338623,6.059999942779541,806,0.0,0.0
2024-11-01 11:14:00-04:00,6.059999942779541,6.059999942779541,6.054999828338623,6.054999828338623,3765,0.0,0.0
2024-11-01 11:15:00-04:00,6.054999828338623,6.054999828338623,6.054999828338623,6.054999828338623,1478,0.0,0.0
2024-11-01 11:16:00-04:00,6.054999828338623,6.054999828338623,6.054999828338623,6.054999828338623,1306,0.0,0.0
2024-11-01 11:17:00-04:00,6.054999828338623,6.054999828338623,6.054999828338623,6.054999828338623,6576,0.0,0.0
2024-11-01 11:18:00-04:00,6.054999828338623,6.054999828338623,6.050099849700928,6.054999828338623,1467,0.0,0.0
2024-11-01 11:19:00-04:00,6.054999828338623,6.059999942779541,6.039999961853027,6.048900127410889,313142,0.0,0.0
2024-11-01 11:20:00-04:00,6.048900127410889,6.050000190734863,6.045000076293945,6.050000190734863,64629,0.0,0.0
2024-11-01 11:21:00-04:00,6.050000190734863,6.050000190734863,6.050000190734863,6.050000190734863,2754,0.0,0.0
2024-11-01 11:22:00-04:00,6.049900054931641,6.050000190734863,6.045000076293945,6.050000190734863,13489,0.0,0.0
2024-11-01 11:23:00-04:00,6.050000190734863,6.050000190734863,6.045000076293945,6.050000190734863,9799,0.0,0.0
2024-11-01 11:24:00-04:00,6.050000190734863,6.050000190734863,6.050000190734863,6.050000190734863,7275,0.0,0.0
2024-11-01 11:25:00-04:00,6.050000190734863,6.050000190734863,6.049499988555908,6.050000190734863,6455,0.0,0.0
2024-11-01 11:26:00-04:00,6.050000190734863,6.059999942779541,6.047399997711182,6.051300048828125,168911,0.0,0.0
2024-11-01 11:27:00-04:00,6.050000190734863,6.059999942779541,6.050000190734863,6.059999942779541,67840,0.0,0.0
2024-11-01 11:28:00-04:00,6.050000190734863,6.059999942779541,6.050000190734863,6.059999942779541,19235,0.0,0.0
2024-11-01 11:29:00-04:00,6.054999828338623,6.059999942779541,6.054999828338623,6.054999828338623,18785,0.0,0.0
2024-11-01 11:30:00-04:00,6.054999828338623,6.059999942779541,6.050099849700928,6.054999828338623,8494,0.0,0.0
2024-11-01 11:31:00-04:00,6.059999942779541,6.059999942779541,6.054999828338623,6.059999942779541,4637,0.0,0.0
2024-11-01 11:32:00-04:00,6.054999828338623,6.059999942779541,6.051199913024902,6.054999828338623,14874,0.0,0.0
2024-11-01 11:33:00-04:00,6.059999942779541,6.059999942779541,6.054999828338623,6.059999942779541,4328,0.0,0.0
2024-11-01 11:34:00-04:00,6.054999828338623,6.059999942779541,6.054999828338623,6.059999942779541,9262,0.0,0.0
2024-11-01 11:35:00-04:00,6.054999828338623,6.059999942779541,6.050099849700928,6.054999828338623,4147,0.0,0.0
2024-11-01 11:36:00-04:00,6.059999942779541,6.059999942779541,6.054999828338623,6.059999942779541,657942,0.0,0.0
2024-11-01 11:37:00-04:00,6.059999942779541,6.059999942779541,6.054999828338623,6.054999828338623,3397,0.0,0.0
2024-11-01 11:38:00-04:00,6.059999942779541,6.059999942779541,6.054999828338623,6.059999942779541,2814,0.0,0.0
2024-11-01 11:39:00-04:00,6.054999828338623,6.059999942779541,6.054999828338623,6.054999828338623,6771,0.0,0.0
2024-11-01 11:40:00-04:00,6.054999828338623,6.059999942779541,6.054999828338623,6.054999828338623,32056,0.0,0.0
2024-11-01 11:41:00-04:00,6.054999828338623,6.059999942779541,6.050000190734863,6.054999828338623,27852,0.0,0.0
2024-11-01 11:42:00-04:00,6.054999828338623,6.059999942779541,6.050000190734863,6.054999828338623,22566,0.0,0.0
2024-11-01 11:44:00-04:00,6.054999828338623,6.054999828338623,6.050000190734863,6.054999828338623,89343,0.0,0.0
2024-11-01 11:45:00-04:00,6.054999828338623,6.059999942779541,6.054999828338623,6.059999942779541,7034,0.0,0.0
2024-11-01 11:46:00-04:00,6.054999828338623,6.054999828338623,6.041800022125244,6.045000076293945,157264,0.0,0.0
2024-11-01 11:47:00-04:00,6.048299789428711,6.059999942779541,6.045000076293945,6.050000190734863,178034,0.0,0.0
2024-11-01 11:48:00-04:00,6.059999942779541,6.059999942779541,6.05210018157959,6.054999828338623,14069,0.0,0.0
2024-11-01 11:49:00-04:00,6.059999942779541,6.059999942779541,6.050000190734863,6.059999942779541,28707,0.0,0.0
2024-11-01 11:50:00-04:00,6.054999828338623,6.059999942779541,6.050000190734863,6.050000190734863,18570,0.0,0.0
2024-11-01 11:51:00-04:00,6.054999828338623,6.054999828338623,6.050000190734863,6.054999828338623,68833,0.0,0.0
2024-11-01 11:52:00-04:00,6.054999828338623,6.054999828338623,6.050000190734863,6.050000190734863,48498,0.0,0.0
2024-11-01 11:53:00-04:00,6.054999828338623,6.054999828338623,6.050000190734863,6.050000190734863,1590,0.0,0.0
2024-11-01 11:54:00-04:00,6.059999942779541,6.059999942779541,6.050000190734863,6.054999828338623,28981,0.0,0.0
2024-11-01 11:55:00-04:00,6.054999828338623,6.059999942779541,6.054999828338623,6.059999942779541,4614,0.0,0.0
2024-11-01 11:56:00-04:00,6.054999828338623,6.059999942779541,6.054999828338623,6.059999942779541,2272,0.0,0.0
2024-11-01 11:57:00-04:00,6.050000190734863,6.059999942779541,6.050000190734863,6.054999828338623,22053,0.0,0.0
2024-11-01 11:58:00-04:00,6.050000190734863,6.054999828338623,6.050000190734863,6.050000190734863,16457,0.0,0.0
2024-11-01 12:00:00-04:00,6.050000190734863,6.059999942779541,6.050000190734863,6.054999828338623,38981,0.0,0.0
2024-11-01 12:01:00-04:00,6.054999828338623,6.059999942779541,6.050000190734863,6.050000190734863,50229,0.0,0.0
2024-11-01 12:02:00-04:00,6.054999828338623,6.059999942779541,6.050000190734863,6.054999828338623,4723,0.0,0.0
2024-11-01 12:03:00-04:00,6.054999828338623,6.059999942779541,6.050000190734863,6.054999828338623,27767,0.0,0.0
2024-11-01 12:04:00-04:00,6.054999828338623,6.059999942779541,6.054999828338623,6.054999828338623,7453,0.0,0.0
2024-11-01 12:05:00-04:00,6.054999828338623,6.059999942779541,6.050099849700928,6.059999942779541,12012,0.0,0.0
2024-11-01 12:06:00-04:00,6.054999828338623,6.059999942779541,6.050000190734863,6.054999828338623,17716,0.0,0.0
2024-11-01 12:07:00-04:00,6.054999828338623,6.059999942779541,6.054999828338623,6.059999942779541,17260,0.0,0.0
2024-11-01 12:08:00-04:00,6.054999828338623,6.059999942779541,6.054999828338623,6.054999828338623,17051,0.0,0.0
2024-11-01 12:09:00-04:00,6.059999942779541,6.059999942779541,6.054999828338623,6.054999828338623,4854,0.0,0.0
2024-11-01 12:10:00-04:00,6.054999828338623,6.059999942779541,6.054999828338623,6.054999828338623,17626,0.0,0.0
2024-11-01 12:11:00-04:00,6.054999828338623,6.059999942779541,6.054999828338623,6.054999828338623,4858,0.0,0.0
2024-11-01 12:12:00-04:00,6.054999828338623,6.059999942779541,6.050099849700928,6.054999828338623,33584,0.0,0.0
2024-11-01 12:13:00-04:00,6.054999828338623,6.059999942779541,6.054999828338623,6.054999828338623,13125,0.0,0.0
2024-11-01 12:14:00-04:00,6.0507001876831055,6.059999942779541,6.0507001876831055,6.054999828338623,10363,0.0,0.0
2024-11-01 12:16:00-04:00,6.054999828338623,6.054999828338623,6.054999828338623,6.054999828338623,93142,0.0,0.0
2024-11-01 12:17:00-04:00,6.054999828338623,6.059999942779541,6.050000190734863,6.054999828338623,13172,0.0,0.0
2024-11-01 12:18:00-04:00,6.054999828338623,6.059999942779541,6.050000190734863,6.054999828338623,18761,0.0,0.0
2024-11-01 12:19:00-04:00,6.054999828338623,6.059999942779541,6.051199913024902,6.054999828338623,23437,0.0,0.0
2024-11-01 12:20:00-04:00,6.059999942779541,6.059999942779541,6.054999828338623,6.059999942779541,12748,0.0,0.0
2024-11-01 12:21:00-04:00,6.054999828338623,6.059999942779541,6.054999828338623,6.054999828338623,5112,0.0,0.0
2024-11-01 12:22:00-04:00,6.054999828338623,6.054999828338623,6.050000190734863,6.050000190734863,14471,0.0,0.0
2024-11-01 12:23:00-04:00,6.054999828338623,6.059999942779541,6.054999828338623,6.054999828338623,4056,0.0,0.0
2024-11-01 12:24:00-04:00,6.059999942779541,6.059999942779541,6.054999828338623,6.054999828338623,1748,0.0,0.0
2024-11-01 12:25:00-04:00,6.059999942779541,6.059999942779541,6.054999828338623,6.059999942779541,9042,0.0,0.0
2024-11-01 12:26:00-04:00,6.054999828338623,6.059999942779541,6.050000190734863,6.054999828338623,9098,0.0,0.0
2024-11-01 12:27:00-04:00,6.054999828338623,6.059999942779541,6.050000190734863,6.054999828338623,9845,0.0,0.0
2024-11-01 12:28:00-04:00,6.054999828338623,6.059999942779541,6.054999828338623,6.059999942779541,10026,0.0,0.0
2024-11-01 12:29:00-04:00,6.059999942779541,6.059999942779541,6.054999828338623,6.059999942779541,10113,0.0,0.0
2024-11-01 12:31:00-04:00,6.059999942779541,6.059999942779541,6.054999828338623,6.054999828338623,14140,0.0,0.0
2024-11-01 12:32:00-04:00,6.054999828338623,6.059999942779541,6.054999828338623,6.054999828338623,10023,0.0,0.0
2024-11-01 12:33:00-04:00,6.054999828338623,6.059999942779541,6.054999828338623,6.054999828338623,4486,0.0,0.0
2024-11-01 12:34:00-04:00,6.059999942779541,6.059999942779541,6.054999828338623,6.054999828338623,49143,0.0,0.0
2024-11-01 12:35:00-04:00,6.059999942779541,6.059999942779541,6.054999828338623,6.054999828338623,157596,0.0,0.0
2024-11-01 12:36:00-04:00,6.054999828338623,6.059999942779541,6.053899765014648,6.054999828338623,35771,0.0,0.0
2024-11-01 12:37:00-04:00,6.059999942779541,6.059999942779541,6.054999828338623,6.05709981918335,5382,0.0,0.0
2024-11-01 12:38:00-04:00,6.059999942779541,6.059999942779541,6.051300048828125,6.059999942779541,20533,0.0,0.0
2024-11-01 12:39:00-04:00,6.059999942779541,6.059999942779541,6.059999942779541,6.059999942779541,14142,0.0,0.0
2024-11-01 12:40:00-04:00,6.059999942779541,6.059999942779541,6.050099849700928,6.059999942779541,34222,0.0,0.0
2024-11-01 12:41:00-04:00,6.059999942779541,6.059999942779541,6.059999942779541,6.059999942779541,2051,0.0,0.0
2024-11-01 12:42:00-04:00,6.054999828338623,6.059999942779541,6.050099849700928,6.054999828338623,13246,0.0,0.0
2024-11-01 12:43:00-04:00,6.054999828338623,6.059999942779541,6.050000190734863,6.054999828338623,12837,0.0,0.0
2024-11-01 12:44:00-04:00,6.054999828338623,6.059999942779541,6.050000190734863,6.051799774169922,39605,0.0,0.0
2024-11-01 12:45:00-04:00,6.054999828338623,6.059999942779541,6.050099849700928,6.054999828338623,19290,0.0,0.0
2024-11-01 12:46:00-04:00,6.054999828338623,6.059999942779541,6.050000190734863,6.054999828338623,8593,0.0,0.0
2024-11-01 12:47:00-04:00,6.054999828338623,6.059999942779541,6.050000190734863,6.054999828338623,64351,0.0,0.0
2024-11-01 12:48:00-04:00,6.054999828338623,6.059999942779541,6.054999828338623,6.054999828338623,4538,0.0,0.0
2024-11-01 12:49:00-04:00,6.059999942779541,6.059999942779541,6.054999828338623,6.054999828338623,8289,0.0,0.0
2024-11-01 12:50:00-04:00,6.059999942779541,6.059999942779541,6.050000190734863,6.059999942779541,14966,0.0,0.0
2024-11-01 12:51:00-04:00,6.054999828338623,6.054999828338623,6.039999961853027,6.039999961853027,332627,0.0,0.0
2024-11-01 12:52:00-04:00,6.045000076293945,6.045000076293945,6.039999961853027,6.045000076293945,187023,0.0,0.0
2024-11-01 12:53:00-04:00,6.039999961853027,6.045000076293945,6.039999961853027,6.045000076293945,2027,0.0,0.0
2024-11-01 12:54:00-04:00,6.045000076293945,6.045000076293945,6.045000076293945,6.045000076293945,1903,0.0,0.0
2024-11-01 12:55:00-04:00,6.045000076293945,6.050000190734863,6.039999961853027,6.039999961853027,49971,0.0,0.0
2024-11-01 12:56:00-04:00,6.039999961853027,6.045000076293945,6.039999961853027,6.045000076293945,12157,0.0,0.0
2024-11-01 12:57:00-04:00,6.045000076293945,6.050000190734863,6.039999961853027,6.039999961853027,22167,0.0,0.0
2024-11-01 12:58:00-04:00,6.039999961853027,6.046999931335449,6.030099868774414,6.034999847412109,104924,0.0,0.0
2024-11-01 12:59:00-04:00,6.039999961853027,6.039999961853027,6.038300037384033,6.039999961853027,13929,0.0,0.0
2024-11-01 13:00:00-04:00,6.039999961853027,6.039999961853027,6.034999847412109,6.039999961853027,23847,0.0,0.0
2024-11-01 13:01:00-04:00,6.039999961853027,6.039999961853027,6.03439998626709,6.039999961853027,46030,0.0,0.0
2024-11-01 13:02:00-04:00,6.039999961853027,6.039999961853027,6.038700103759766,6.039700031280518,10331,0.0,0.0
2024-11-01 13:03:00-04:00,6.039999961853027,6.039999961853027,6.034999847412109,6.039700031280518,31831,0.0,0.0
2024-11-01 13:04:00-04:00,6.039999961853027,6.039999961853027,6.034999847412109,6.039999961853027,4297,0.0,0.0
2024-11-01 13:05:00-04:00,6.039999961853027,6.039999961853027,6.037700176239014,6.039999961853027,3310,0.0,0.0
2024-11-01 13:06:00-04:00,6.03980016708374,6.039999961853027,6.038700103759766,6.03879976272583,8881,0.0,0.0
2024-11-01 13:07:00-04:00,6.039700031280518,6.039999961853027,6.034999847412109,6.039999961853027,17522,0.0,0.0
2024-11-01 13:08:00-04:00,6.039999961853027,6.039999961853027,6.03000020980835,6.03000020980835,73936,0.0,0.0
2024-11-01 13:09:00-04:00,6.034999847412109,6.039999961853027,6.034999847412109,6.039999961853027,27473,0.0,0.0
2024-11-01 13:10:00-04:00,6.039999961853027,6.039999961853027,6.033100128173828,6.034999847412109,6579,0.0,0.0
2024-11-01 13:11:00-04:00,6.03000020980835,6.039999961853027,6.03000020980835,6.03000020980835,69008,0.0,0.0
2024-11-01 13:12:00-04:00,6.034999847412109,6.039999961853027,6.03000020980835,6.034999847412109,36346,0.0,0.0
2024-11-01 13:13:00-04:00,6.039999961853027,6.039999961853027,6.034999847412109,6.034999847412109,11200,0.0,0.0
2024-11-01 13:14:00-04:00,6.034999847412109,6.039999961853027,6.034999847412109,6.034999847412109,9310,0.0,0.0
2024-11-01 13:15:00-04:00,6.034999847412109,6.039999961853027,6.034999847412109,6.034999847412109,5498,0.0,0.0
2024-11-01 13:16:00-04:00,6.034999847412109,6.039999961853027,6.0320000648498535,6.034999847412109,16798,0.0,0.0
2024-11-01 13:17:00-04:00,6.034999847412109,6.039999961853027,6.034999847412109,6.034999847412109,5797,0.0,0.0
2024-11-01 13:18:00-04:00,6.039999961853027,6.039999961853027,6.03000020980835,6.03000020980835,5673,0.0,0.0
2024-11-01 13:19:00-04:00,6.034999847412109,6.039999961853027,6.034999847412109,6.034999847412109,2715,0.0,0.0
2024-11-01 13:20:00-04:00,6.034999847412109,6.039999961853027,6.034999847412109,6.034999847412109,7438,0.0,0.0
2024-11-01 13:21:00-04:00,6.034999847412109,6.039999961853027,6.034999847412109,6.034999847412109,8818,0.0,0.0
2024-11-01 13:22:00-04:00,6.034999847412109,6.039999961853027,6.034999847412109,6.034999847412109,8780,0.0,0.0
2024-11-01 13:23:00-04:00,6.039999961853027,6.039999961853027,6.034999847412109,6.034999847412109,3738,0.0,0.0
2024-11-01 13:24:00-04:00,6.039999961853027,6.039999961853027,6.034999847412109,6.039999961853027,3012,0.0,0.0
2024-11-01 13:25:00-04:00,6.034999847412109,6.039999961853027,6.021699905395508,6.021699905395508,258413,0.0,0.0
2024-11-01 13:26:00-04:00,6.03000020980835,6.03000020980835,6.020100116729736,6.025000095367432,23288,0.0,0.0
2024-11-01 13:27:00-04:00,6.019999980926514,6.03000020980835,6.019999980926514,6.025000095367432,12362,0.0,0.0
2024-11-01 13:28:00-04:00,6.025000095367432,6.03000020980835,6.019999980926514,6.025000095367432,7526,0.0,0.0
2024-11-01 13:29:00-04:00,6.025000095367432,6.025000095367432,6.020100116729736,6.025000095367432,13767,0.0,0.0
2024-11-01 13:30:00-04:00,6.025000095367432,6.028600215911865,6.019999980926514,6.025000095367432,19307,0.0,0.0
2024-11-01 13:31:00-04:00,6.019999980926514,6.025000095367432,6.014999866485596,6.016499996185303,115937,0.0,0.0
2024-11-01 13:32:00-04:00,6.014999866485596,6.019999980926514,6.01170015335083,6.01170015335083,8152,0.0,0.0
2024-11-01 13:33:00-04:00,6.014999866485596,6.019999980926514,6.010000228881836,6.010000228881836,7804,0.0,0.0
2024-11-01 13:34:00-04:00,6.019999980926514,6.019999980926514,6.010000228881836,6.014999866485596,14562,0.0,0.0
2024-11-01 13:35:00-04:00,6.018599987030029,6.019999980926514,6.010000228881836,6.019999980926514,8846,0.0,0.0
2024-11-01 13:36:00-04:00,6.014999866485596,6.019999980926514,6.014999866485596,6.014999866485596,3841,0.0,0.0
2024-11-01 13:37:00-04:00,6.014999866485596,6.019999980926514,6.010000228881836,6.010700225830078,9565,0.0,0.0
2024-11-01 13:38:00-04:00,6.019999980926514,6.019999980926514,6.010000228881836,6.014999866485596,20335,0.0,0.0
2024-11-01 13:39:00-04:00,6.014999866485596,6.019999980926514,6.013247013092041,6.019999980926514,10562,0.0,0.0
2024-11-01 13:40:00-04:00,6.014999866485596,6.019999980926514,6.010000228881836,6.010000228881836,10070,0.0,0.0
2024-11-01 13:41:00-04:00,6.014999866485596,6.019999980926514,6.010000228881836,6.010000228881836,10833,0.0,0.0
2024-11-01 13:42:00-04:00,6.010000228881836,6.019999980926514,6.010000228881836,6.014999866485596,19747,0.0,0.0
2024-11-01 13:43:00-04:00,6.018499851226807,6.018499851226807,6.014999866485596,6.014999866485596,6918,0.0,0.0
2024-11-01 13:44:00-04:00,6.014999866485596,6.014999866485596,6.014500141143799,6.014500141143799,2201,0.0,0.0
2024-11-01 13:45:00-04:00,6.019899845123291,6.019899845123291,6.010000228881836,6.014999866485596,38405,0.0,0.0
2024-11-01 13:46:00-04:00,6.014999866485596,6.019999980926514,6.014999866485596,6.014999866485596,5578,0.0,0.0
2024-11-01 13:47:00-04:00,6.019999980926514,6.019999980926514,6.014999866485596,6.014999866485596,9157,0.0,0.0
2024-11-01 13:48:00-04:00,6.019700050354004,6.019999980926514,6.014999866485596,6.014999866485596,7287,0.0,0.0
2024-11-01 13:49:00-04:00,6.011300086975098,6.019999980926514,6.011300086975098,6.014999866485596,2035,0.0,0.0
2024-11-01 13:50:00-04:00,6.019999980926514,6.019999980926514,6.014999866485596,6.019999980926514,3842,0.0,0.0
2024-11-01 13:51:00-04:00,6.014999866485596,6.019999980926514,6.014999866485596,6.014999866485596,6613,0.0,0.0
2024-11-01 13:52:00-04:00,6.019999980926514,6.019999980926514,6.014999866485596,6.019999980926514,15034,0.0,0.0
2024-11-01 13:53:00-04:00,6.014999866485596,6.019999980926514,6.010000228881836,6.014999866485596,6275,0.0,0.0
2024-11-01 13:54:00-04:00,6.019999980926514,6.019999980926514,6.014999866485596,6.019999980926514,4533,0.0,0.0
2024-11-01 13:55:00-04:00,6.019999980926514,6.019999980926514,6.0,6.005000114440918,177945,0.0,0.0
2024-11-01 13:56:00-04:00,6.005000114440918,6.010000228881836,6.005000114440918,6.010000228881836,4828,0.0,0.0
2024-11-01 13:57:00-04:00,6.005000114440918,6.010000228881836,6.005000114440918,6.005000114440918,10153,0.0,0.0
2024-11-01 13:58:00-04:00,6.005000114440918,6.010000228881836,6.005000114440918,6.010000228881836,1926,0.0,0.0
2024-11-01 13:59:00-04:00,6.005000114440918,6.010000228881836,6.005000114440918,6.005000114440918,4282,0.0,0.0
2024-11-01 14:00:00-04:00,6.005000114440918,6.010000228881836,6.005000114440918,6.005000114440918,11548,0.0,0.0
2024-11-01 14:01:00-04:00,6.005000114440918,6.010000228881836,6.0,6.010000228881836,58043,0.0,0.0
2024-11-01 14:02:00-04:00,6.010000228881836,6.010000228881836,6.005000114440918,6.010000228881836,14527,0.0,0.0
2024-11-01 14:03:00-04:00,6.00570011138916,6.019999980926514,6.005000114440918,6.0117998123168945,132780,0.0,0.0
2024-11-01 14:04:00-04:00,6.01200008392334,6.019999980926514,6.0100998878479,6.019899845123291,30586,0.0,0.0
2024-11-01 14:05:00-04:00,6.018499851226807,6.019999980926514,6.014999866485596,6.019999980926514,10229,0.0,0.0
2024-11-01 14:06:00-04:00,6.019999980926514,6.019999980926514,6.019899845123291,6.019999980926514,16003,0.0,0.0
2024-11-01 14:07:00-04:00,6.019999980926514,6.019999980926514,6.019999980926514,6.019999980926514,3421,0.0,0.0
2024-11-01 14:08:00-04:00,6.019999980926514,6.019999980926514,6.019999980926514,6.019999980926514,7058,0.0,0.0
2024-11-01 14:09:00-04:00,6.019999980926514,6.019999980926514,6.014999866485596,6.019999980926514,4110,0.0,0.0
2024-11-01 14:10:00-04:00,6.014999866485596,6.019999980926514,6.010499954223633,6.019999980926514,8715,0.0,0.0
2024-11-01 14:11:00-04:00,6.012400150299072,6.019999980926514,6.010000228881836,6.010000228881836,72075,0.0,0.0
2024-11-01 14:12:00-04:00,6.010000228881836,6.014999866485596,6.0,6.010000228881836,565024,0.0,0.0
2024-11-01 14:13:00-04:00,6.005000114440918,6.010000228881836,6.0,6.005000114440918,276949,0.0,0.0
2024-11-01 14:14:00-04:00,6.010000228881836,6.010000228881836,6.000100135803223,6.010000228881836,29112,0.0,0.0
2024-11-01 14:15:00-04:00,6.010000228881836,6.010000228881836,6.005000114440918,6.010000228881836,3158,0.0,0.0
2024-11-01 14:16:00-04:00,6.010000228881836,6.010000228881836,5.994999885559082,5.994999885559082,449417,0.0,0.0
2024-11-01 14:17:00-04:00,5.989999771118164,6.0,5.989999771118164,5.994999885559082,63404,0.0,0.0
2024-11-01 14:18:00-04:00,5.994999885559082,5.994999885559082,5.989999771118164,5.989999771118164,2843,0.0,0.0
2024-11-01 14:19:00-04:00,5.994999885559082,5.994999885559082,5.994999885559082,5.994999885559082,4194,0.0,0.0
2024-11-01 14:20:00-04:00,5.994999885559082,5.994999885559082,5.989999771118164,5.994999885559082,5235,0.0,0.0
2024-11-01 14:21:00-04:00,5.994999885559082,6.0,5.989999771118164,5.994999885559082,6756,0.0,0.0
2024-11-01 14:22:00-04:00,5.994999885559082,5.994999885559082,5.989999771118164,5.994999885559082,3138,0.0,0.0
2024-11-01 14:23:00-04:00,5.994999885559082,5.994999885559082,5.994999885559082,5.994999885559082,3040,0.0,0.0
2024-11-01 14:24:00-04:00,5.994999885559082,6.0,5.994999885559082,6.0,15238,0.0,0.0
2024-11-01 14:25:00-04:00,6.0,6.0,5.994999885559082,5.994999885559082,7242,0.0,0.0
2024-11-01 14:26:00-04:00,5.994999885559082,5.994999885559082,5.990099906921387,5.994999885559082,3422,0.0,0.0
2024-11-01 14:27:00-04:00,5.989999771118164,5.994999885559082,5.989999771118164,5.994999885559082,7492,0.0,0.0
2024-11-01 14:28:00-04:00,6.0,6.0,5.994999885559082,6.0,6007,0.0,0.0
2024-11-01 14:29:00-04:00,6.0,6.0,5.994999885559082,6.0,9878,0.0,0.0
2024-11-01 14:30:00-04:00,6.0,6.0,5.989999771118164,6.0,36923,0.0,0.0
2024-11-01 14:31:00-04:00,6.0,6.0,5.989999771118164,6.0,10684,0.0,0.0
2024-11-01 14:32:00-04:00,6.0,6.0,5.994999885559082,5.994999885559082,15542,0.0,0.0
2024-11-01 14:33:00-04:00,5.994999885559082,6.0,5.989999771118164,5.989999771118164,11610,0.0,0.0
2024-11-01 14:34:00-04:00,5.994999885559082,6.0,5.994999885559082,6.0,10075,0.0,0.0
2024-11-01 14:35:00-04:00,6.0,6.0,5.989999771118164,5.998600006103516,6421,0.0,0.0
2024-11-01 14:36:00-04:00,5.994999885559082,6.0,5.994999885559082,5.994999885559082,5130,0.0,0.0
2024-11-01 14:37:00-04:00,6.0,6.0,5.994999885559082,6.0,4264,0.0,0.0
2024-11-01 14:38:00-04:00,6.0,6.0,5.990600109100342,6.0,3305,0.0,0.0
2024-11-01 14:39:00-04:00,6.0,6.0,6.0,6.0,3604,0.0,0.0
2024-11-01 14:40:00-04:00,6.0,6.0,5.991799831390381,6.0,23493,0.0,0.0
2024-11-01 14:41:00-04:00,5.994999885559082,6.0,5.985000133514404,5.985000133514404,203865,0.0,0.0
2024-11-01 14:42:00-04:00,5.989999771118164,5.989999771118164,5.960000038146973,5.96999979019165,795371,0.0,0.0
2024-11-01 14:43:00-04:00,5.974999904632568,5.980000019073486,5.96999979019165,5.974999904632568,29879,0.0,0.0
2024-11-01 14:44:00-04:00,5.974899768829346,5.989999771118164,5.96999979019165,5.984399795532227,178583,0.0,0.0
2024-11-01 14:45:00-04:00,5.985000133514404,5.989999771118164,5.980000019073486,5.985000133514404,19349,0.0,0.0
2024-11-01 14:46:00-04:00,5.980000019073486,5.98829984664917,5.980000019073486,5.985000133514404,46273,0.0,0.0
2024-11-01 14:47:00-04:00,5.985000133514404,5.989999771118164,5.980000019073486,5.985000133514404,9967,0.0,0.0
2024-11-01 14:48:00-04:00,5.985000133514404,5.985000133514404,5.965000152587891,5.96999979019165,798638,0.0,0.0
2024-11-01 14:49:00-04:00,5.96999979019165,5.96999979019165,5.965000152587891,5.965000152587891,9078,0.0,0.0
2024-11-01 14:50:00-04:00,5.965000152587891,5.96999979019165,5.960000038146973,5.965000152587891,9876,0.0,0.0
2024-11-01 14:51:00-04:00,5.96999979019165,5.96999979019165,5.960000038146973,5.96999979019165,12002,0.0,0.0
2024-11-01 14:52:00-04:00,5.96999979019165,5.96999979019165,5.960000038146973,5.96999979019165,8009,0.0,0.0
2024-11-01 14:53:00-04:00,5.965000152587891,5.96999979019165,5.965000152587891,5.96999979019165,7164,0.0,0.0
2024-11-01 14:54:00-04:00,5.965000152587891,5.96999979019165,5.965000152587891,5.96999979019165,105024,0.0,0.0
2024-11-01 14:55:00-04:00,5.965000152587891,5.96999979019165,5.965000152587891,5.965000152587891,30720,0.0,0.0
2024-11-01 14:56:00-04:00,5.965000152587891,5.96999979019165,5.965000152587891,5.96999979019165,64598,0.0,0.0
2024-11-01 14:57:00-04:00,5.96999979019165,5.96999979019165,5.965000152587891,5.96999979019165,8615,0.0,0.0
2024-11-01 14:58:00-04:00,5.96999979019165,5.96999979019165,5.960000038146973,5.96999979019165,28202,0.0,0.0
2024-11-01 14:59:00-04:00,5.96999979019165,5.96999979019165,5.960000038146973,5.96999979019165,11826,0.0,0.0
2024-11-01 15:00:00-04:00,5.965000152587891,5.96999979019165,5.960000038146973,5.965000152587891,8363,0.0,0.0
2024-11-01 15:01:00-04:00,5.96999979019165,5.96999979019165,5.965000152587891,5.96999979019165,24681,0.0,0.0
2024-11-01 15:02:00-04:00,5.965000152587891,5.96999979019165,5.960000038146973,5.965000152587891,63546,0.0,0.0
2024-11-01 15:03:00-04:00,5.965000152587891,5.96999979019165,5.960000038146973,5.965000152587891,27124,0.0,0.0
2024-11-01 15:04:00-04:00,5.960000038146973,5.965000152587891,5.960000038146973,5.965000152587891,12844,0.0,0.0
2024-11-01 15:05:00-04:00,5.965000152587891,5.96999979019165,5.965000152587891,5.965000152587891,5174,0.0,0.0
2024-11-01 15:06:00-04:00,5.965000152587891,5.96750020980835,5.960000038146973,5.965000152587891,3186,0.0,0.0
2024-11-01 15:07:00-04:00,5.960000038146973,5.965000152587891,5.960000038146973,5.960000038146973,9779,0.0,0.0
2024-11-01 15:08:00-04:00,5.960000038146973,5.965000152587891,5.960000038146973,5.960000038146973,18044,0.0,0.0
2024-11-01 15:09:00-04:00,5.960000038146973,5.965000152587891,5.960000038146973,5.960000038146973,33520,0.0,0.0
2024-11-01 15:10:00-04:00,5.965000152587891,5.965000152587891,5.949999809265137,5.949999809265137,171071,0.0,0.0
2024-11-01 15:11:00-04:00,5.954999923706055,5.960000038146973,5.949999809265137,5.954999923706055,7740,0.0,0.0
2024-11-01 15:12:00-04:00,5.951200008392334,5.960000038146973,5.949999809265137,5.954999923706055,9349,0.0,0.0
2024-11-01 15:13:00-04:00,5.954999923706055,5.960000038146973,5.945000171661377,5.949999809265137,281575,0.0,0.0
2024-11-01 15:14:00-04:00,5.954999923706055,5.960000038146973,5.950699806213379,5.958700180053711,72675,0.0,0.0
2024-11-01 15:15:00-04:00,5.959799766540527,5.965000152587891,5.950500011444092,5.960000038146973,196725,0.0,0.0
2024-11-01 15:16:00-04:00,5.954999923706055,5.96999979019165,5.950099945068359,5.965000152587891,186673,0.0,0.0
2024-11-01 15:17:00-04:00,5.960100173950195,5.96999979019165,5.960000038146973,5.965000152587891,29253,0.0,0.0
2024-11-01 15:18:00-04:00,5.965000152587891,5.96999979019165,5.960000038146973,5.965000152587891,25491,0.0,0.0
2024-11-01 15:19:00-04:00,5.960000038146973,5.9679999351501465,5.960000038146973,5.965000152587891,5788,0.0,0.0
2024-11-01 15:20:00-04:00,5.96999979019165,5.96999979019165,5.960000038146973,5.960000038146973,43288,0.0,0.0
2024-11-01 15:21:00-04:00,5.960000038146973,5.9679999351501465,5.954999923706055,5.960000038146973,115609,0.0,0.0
2024-11-01 15:22:00-04:00,5.960000038146973,5.965000152587891,5.960000038146973,5.965000152587891,206745,0.0,0.0
2024-11-01 15:23:00-04:00,5.965000152587891,5.96999979019165,5.960000038146973,5.960000038146973,2378,0.0,0.0
2024-11-01 15:24:00-04:00,5.96999979019165,5.96999979019165,5.960000038146973,5.965000152587891,9125,0.0,0.0
2024-11-01 15:25:00-04:00,5.965000152587891,5.965000152587891,5.960000038146973,5.960000038146973,30975,0.0,0.0
2024-11-01 15:26:00-04:00,5.965000152587891,5.965000152587891,5.960000038146973,5.960000038146973,5379,0.0,0.0
2024-11-01 15:27:00-04:00,5.969900131225586,5.969900131225586,5.954999923706055,5.954999923706055,119402,0.0,0.0
2024-11-01 15:28:00-04:00,5.956751823425293,5.960000038146973,5.940700054168701,5.950099945068359,325164,0.0,0.0
2024-11-01 15:29:00-04:00,5.954999923706055,5.960000038146973,5.949999809265137,5.954999923706055,16065,0.0,0.0
2024-11-01 15:30:00-04:00,5.954999923706055,5.954999923706055,5.949999809265137,5.949999809265137,43993,0.0,0.0
2024-11-01 15:31:00-04:00,5.949999809265137,5.954999923706055,5.949999809265137,5.954999923706055,37231,0.0,0.0
2024-11-01 15:32:00-04:00,5.954999923706055,5.960000038146973,5.949999809265137,5.954999923706055,39511,0.0,0.0
2024-11-01 15:33:00-04:00,5.954999923706055,5.957399845123291,5.949999809265137,5.954999923706055,25774,0.0,0.0
2024-11-01 15:34:00-04:00,5.954999923706055,5.960000038146973,5.940000057220459,5.945000171661377,258794,0.0,0.0
2024-11-01 15:35:00-04:00,5.949900150299072,5.949999809265137,5.940000057220459,5.940000057220459,142171,0.0,0.0
2024-11-01 15:36:00-04:00,5.940000057220459,5.960000038146973,5.940000057220459,5.960000038146973,167491,0.0,0.0
2024-11-01 15:37:00-04:00,5.954999923706055,5.960000038146973,5.949999809265137,5.954999923706055,79931,0.0,0.0
2024-11-01 15:38:00-04:00,5.954999923706055,5.960000038146973,5.949999809265137,5.953000068664551,19810,0.0,0.0
2024-11-01 15:39:00-04:00,5.954999923706055,5.960000038146973,5.953100204467773,5.954999923706055,12675,0.0,0.0
2024-11-01 15:40:00-04:00,5.960000038146973,5.960000038146973,5.954999923706055,5.960000038146973,11850,0.0,0.0
2024-11-01 15:41:00-04:00,5.954999923706055,5.960000038146973,5.954899787902832,5.954999923706055,11718,0.0,0.0
2024-11-01 15:42:00-04:00,5.954999923706055,5.960000038146973,5.949999809265137,5.954999923706055,43982,0.0,0.0
2024-11-01 15:43:00-04:00,5.954999923706055,5.960000038146973,5.949999809265137,5.954999923706055,163624,0.0,0.0
2024-11-01 15:44:00-04:00,5.954999923706055,5.960000038146973,5.949999809265137,5.954699993133545,58815,0.0,0.0
2024-11-01 15:45:00-04:00,5.954999923706055,5.960000038146973,5.949999809265137,5.954999923706055,71614,0.0,0.0
2024-11-01 15:46:00-04:00,5.954999923706055,5.960000038146973,5.954999923706055,5.954999923706055,38118,0.0,0.0
2024-11-01 15:47:00-04:00,5.954999923706055,5.960000038146973,5.954999923706055,5.960000038146973,36204,0.0,0.0
2024-11-01 15:48:00-04:00,5.960000038146973,5.960000038146973,5.953700065612793,5.954999923706055,70924,0.0,0.0
2024-11-01 15:49:00-04:00,5.954999923706055,5.960000038146973,5.949999809265137,5.959199905395508,27167,0.0,0.0
2024-11-01 15:50:00-04:00,5.960000038146973,5.960000038146973,5.949999809265137,5.954999923706055,218108,0.0,0.0
2024-11-01 15:51:00-04:00,5.954999923706055,5.960000038146973,5.949999809265137,5.954999923706055,113050,0.0,0.0
2024-11-01 15:52:00-04:00,5.954999923706055,5.960000038146973,5.949999809265137,5.949999809265137,87152,0.0,0.0
2024-11-01 15:53:00-04:00,5.954999923706055,5.958000183105469,5.949999809265137,5.954999923706055,79746,0.0,0.0
2024-11-01 15:54:00-04:00,5.954999923706055,5.960000038146973,5.949999809265137,5.954999923706055,185328,0.0,0.0
2024-11-01 15:55:00-04:00,5.954999923706055,5.954999923706055,5.949999809265137,5.949999809265137,137413,0.0,0.0
2024-11-01 15:56:00-04:00,5.949999809265137,5.954999923706055,5.949999809265137,5.949999809265137,234622,0.0,0.0
2024-11-01 15:57:00-04:00,5.949999809265137,5.954999923706055,5.940000057220459,5.945000171661377,182956,0.0,0.0
2024-11-01 15:58:00-04:00,5.945000171661377,5.949999809265137,5.929999828338623,5.940000057220459,661664,0.0,0.0
2024-11-01 15:59:00-04:00,5.945000171661377,5.949999809265137,5.929999828338623,5.940000057220459,754772,0.0,0.0
