Datetime,Open,High,Low,Close,Volume,Dividends,Stock Splits
2024-10-28 09:30:00-04:00,1.6299999952316284,1.6349999904632568,1.625,1.6348999738693237,31162,0.0,0.0
2024-10-28 09:33:00-04:00,1.6349999904632568,1.6349999904632568,1.6349999904632568,1.6349999904632568,8248,0.0,0.0
2024-10-28 09:34:00-04:00,1.6349999904632568,1.6349999904632568,1.6349999904632568,1.6349999904632568,3750,0.0,0.0
2024-10-28 09:35:00-04:00,1.6349999904632568,1.6349999904632568,1.6349999904632568,1.6349999904632568,4735,0.0,0.0
2024-10-28 09:37:00-04:00,1.625,1.6349999904632568,1.625,1.6349999904632568,187155,0.0,0.0
2024-10-28 09:40:00-04:00,1.6349999904632568,1.6389000415802002,1.6349999904632568,1.6389000415802002,8054,0.0,0.0
2024-10-28 09:41:00-04:00,1.6398999691009521,1.6398999691009521,1.6299999952316284,1.6299999952316284,14928,0.0,0.0
2024-10-28 09:42:00-04:00,1.6349999904632568,1.6349999904632568,1.625,1.625,12292,0.0,0.0
2024-10-28 09:43:00-04:00,1.6299999952316284,1.6399999856948853,1.6299999952316284,1.6349999904632568,48548,0.0,0.0
2024-10-28 09:44:00-04:00,1.6399999856948853,1.6399999856948853,1.6399999856948853,1.6399999856948853,939,0.0,0.0
2024-10-28 09:45:00-04:00,1.6349999904632568,1.6399999856948853,1.6349999904632568,1.6399999856948853,3568,0.0,0.0
2024-10-28 09:46:00-04:00,1.6399999856948853,1.6449999809265137,1.6399999856948853,1.6449999809265137,32078,0.0,0.0
2024-10-28 09:47:00-04:00,1.6449999809265137,1.6450999975204468,1.6435999870300293,1.6435999870300293,2208,0.0,0.0
2024-10-28 09:48:00-04:00,1.6449999809265137,1.6449999809265137,1.6399999856948853,1.6449999809265137,5330,0.0,0.0
2024-10-28 09:50:00-04:00,1.6399999856948853,1.6399999856948853,1.6399999856948853,1.6399999856948853,2940,0.0,0.0
2024-10-28 09:51:00-04:00,1.6399999856948853,1.6449999809265137,1.6399999856948853,1.6449999809265137,12017,0.0,0.0
2024-10-28 09:52:00-04:00,1.649999976158142,1.649999976158142,1.6449999809265137,1.6449999809265137,13581,0.0,0.0
2024-10-28 09:53:00-04:00,1.649999976158142,1.649999976158142,1.6449999809265137,1.6449999809265137,15772,0.0,0.0
2024-10-28 09:54:00-04:00,1.649999976158142,1.649999976158142,1.6449999809265137,1.649999976158142,5508,0.0,0.0
2024-10-28 09:55:00-04:00,1.649999976158142,1.649999976158142,1.649999976158142,1.649999976158142,1894,0.0,0.0
2024-10-28 09:56:00-04:00,1.649999976158142,1.649999976158142,1.6490000486373901,1.6490000486373901,1899,0.0,0.0
2024-10-28 09:57:00-04:00,1.6449999809265137,1.6449999809265137,1.6449999809265137,1.6449999809265137,5261,0.0,0.0
2024-10-28 09:58:00-04:00,1.649999976158142,1.649999976158142,1.6449999809265137,1.6449999809265137,13296,0.0,0.0
2024-10-28 09:59:00-04:00,1.6449999809265137,1.649999976158142,1.6449999809265137,1.649999976158142,11916,0.0,0.0
2024-10-28 10:00:00-04:00,1.649999976158142,1.649999976158142,1.649999976158142,1.649999976158142,1645,0.0,0.0
2024-10-28 10:01:00-04:00,1.649999976158142,1.649999976158142,1.6449999809265137,1.649999976158142,7766,0.0,0.0
2024-10-28 10:02:00-04:00,1.6414999961853027,1.649999976158142,1.6414999961853027,1.6449999809265137,9183,0.0,0.0
2024-10-28 10:03:00-04:00,1.649999976158142,1.649999976158142,1.6449999809265137,1.649999976158142,2308,0.0,0.0
2024-10-28 10:04:00-04:00,1.649999976158142,1.649999976158142,1.649999976158142,1.649999976158142,757,0.0,0.0
2024-10-28 10:05:00-04:00,1.649999976158142,1.649999976158142,1.6449999809265137,1.6449999809265137,15303,0.0,0.0
2024-10-28 10:06:00-04:00,1.6449999809265137,1.649999976158142,1.6449999809265137,1.6449999809265137,19256,0.0,0.0
2024-10-28 10:07:00-04:00,1.6449999809265137,1.6449999809265137,1.6449999809265137,1.6449999809265137,2246,0.0,0.0
2024-10-28 10:08:00-04:00,1.6449999809265137,1.6449999809265137,1.6449999809265137,1.6449999809265137,1327,0.0,0.0
2024-10-28 10:09:00-04:00,1.6449999809265137,1.6449999809265137,1.6411999464035034,1.6411999464035034,3756,0.0,0.0
2024-10-28 10:10:00-04:00,1.6449999809265137,1.6449999809265137,1.6449999809265137,1.6449999809265137,1399,0.0,0.0
2024-10-28 10:11:00-04:00,1.6449999809265137,1.6449999809265137,1.6399999856948853,1.6399999856948853,1487,0.0,0.0
2024-10-28 10:12:00-04:00,1.6449999809265137,1.6449999809265137,1.6449999809265137,1.6449999809265137,7457,0.0,0.0
2024-10-28 10:13:00-04:00,1.6449999809265137,1.649999976158142,1.6449999809265137,1.6449999809265137,7535,0.0,0.0
2024-10-28 10:14:00-04:00,1.6449999809265137,1.6449999809265137,1.6449999809265137,1.6449999809265137,2291,0.0,0.0
2024-10-28 10:15:00-04:00,1.649999976158142,1.649999976158142,1.6449999809265137,1.649999976158142,1780,0.0,0.0
2024-10-28 10:16:00-04:00,1.649999976158142,1.649999976158142,1.6449999809265137,1.6449999809265137,2269,0.0,0.0
2024-10-28 10:17:00-04:00,1.649999976158142,1.649999976158142,1.6399999856948853,1.6449999809265137,2533,0.0,0.0
2024-10-28 10:18:00-04:00,1.6449999809265137,1.6449999809265137,1.6449999809265137,1.6449999809265137,1595,0.0,0.0
2024-10-28 10:19:00-04:00,1.6449999809265137,1.6449999809265137,1.6449999809265137,1.6449999809265137,7515,0.0,0.0
2024-10-28 10:20:00-04:00,1.6449999809265137,1.6449999809265137,1.6449999809265137,1.6449999809265137,1627,0.0,0.0
2024-10-28 10:21:00-04:00,1.6449999809265137,1.649999976158142,1.6449999809265137,1.6449999809265137,1131,0.0,0.0
2024-10-28 10:22:00-04:00,1.649999976158142,1.649999976158142,1.6449999809265137,1.6449999809265137,2891,0.0,0.0
2024-10-28 10:23:00-04:00,1.6449999809265137,1.649999976158142,1.6449999809265137,1.6449999809265137,1096,0.0,0.0
2024-10-28 10:24:00-04:00,1.649999976158142,1.6584999561309814,1.6399999856948853,1.6549999713897705,65225,0.0,0.0
2024-10-28 10:25:00-04:00,1.6549999713897705,1.659999966621399,1.649999976158142,1.6549999713897705,25203,0.0,0.0
2024-10-28 10:26:00-04:00,1.6549999713897705,1.6549999713897705,1.649999976158142,1.649999976158142,1439,0.0,0.0
2024-10-28 10:27:00-04:00,1.6549999713897705,1.6549999713897705,1.6549999713897705,1.6549999713897705,1388,0.0,0.0
2024-10-28 10:28:00-04:00,1.649999976158142,1.6549999713897705,1.649999976158142,1.649999976158142,3305,0.0,0.0
2024-10-28 10:29:00-04:00,1.649999976158142,1.659999966621399,1.649999976158142,1.6549999713897705,22614,0.0,0.0
2024-10-28 10:30:00-04:00,1.649999976158142,1.6549999713897705,1.649999976158142,1.6549999713897705,1899,0.0,0.0
2024-10-28 10:31:00-04:00,1.649999976158142,1.6549999713897705,1.649999976158142,1.6549999713897705,8378,0.0,0.0
2024-10-28 10:32:00-04:00,1.6549999713897705,1.6549999713897705,1.649999976158142,1.6549999713897705,2504,0.0,0.0
2024-10-28 10:33:00-04:00,1.6575000286102295,1.659999966621399,1.6549999713897705,1.6549999713897705,1054,0.0,0.0
2024-10-28 10:34:00-04:00,1.6575000286102295,1.6575000286102295,1.6510000228881836,1.6575000286102295,6019,0.0,0.0
2024-10-28 10:35:00-04:00,1.6549999713897705,1.659999966621399,1.649999976158142,1.6549999713897705,12809,0.0,0.0
2024-10-28 10:36:00-04:00,1.6503000259399414,1.659999966621399,1.6503000259399414,1.6549999713897705,4321,0.0,0.0
2024-10-28 10:37:00-04:00,1.6549999713897705,1.659999966621399,1.6549999713897705,1.6549999713897705,1936,0.0,0.0
2024-10-28 10:38:00-04:00,1.6549999713897705,1.6549999713897705,1.6549999713897705,1.6549999713897705,1029,0.0,0.0
2024-10-28 10:39:00-04:00,1.6549999713897705,1.659999966621399,1.6549999713897705,1.659999966621399,1946,0.0,0.0
2024-10-28 10:40:00-04:00,1.659999966621399,1.659999966621399,1.6549999713897705,1.6549999713897705,3440,0.0,0.0
2024-10-28 10:41:00-04:00,1.659999966621399,1.659999966621399,1.6549999713897705,1.659999966621399,2047,0.0,0.0
2024-10-28 10:42:00-04:00,1.659999966621399,1.659999966621399,1.6549999713897705,1.6549999713897705,5487,0.0,0.0
2024-10-28 10:43:00-04:00,1.659999966621399,1.659999966621399,1.659999966621399,1.659999966621399,1767,0.0,0.0
2024-10-28 10:44:00-04:00,1.659999966621399,1.659999966621399,1.6514999866485596,1.659999966621399,1252,0.0,0.0
2024-10-28 10:45:00-04:00,1.659999966621399,1.659999966621399,1.659999966621399,1.659999966621399,1750,0.0,0.0
2024-10-28 10:46:00-04:00,1.659999966621399,1.659999966621399,1.6549999713897705,1.659999966621399,2553,0.0,0.0
2024-10-28 10:47:00-04:00,1.659999966621399,1.659999966621399,1.6549999713897705,1.659999966621399,1483,0.0,0.0
2024-10-28 10:48:00-04:00,1.659999966621399,1.6649999618530273,1.659999966621399,1.6649999618530273,17343,0.0,0.0
2024-10-28 10:49:00-04:00,1.6649999618530273,1.6649999618530273,1.6649999618530273,1.6649999618530273,1093,0.0,0.0
2024-10-28 10:50:00-04:00,1.6649999618530273,1.6649999618530273,1.6649999618530273,1.6649999618530273,1760,0.0,0.0
2024-10-28 10:51:00-04:00,1.6649999618530273,1.6699999570846558,1.6649999618530273,1.6649999618530273,8130,0.0,0.0
2024-10-28 10:52:00-04:00,1.6649999618530273,1.6699999570846558,1.6649999618530273,1.6699999570846558,1907,0.0,0.0
2024-10-28 10:53:00-04:00,1.6649999618530273,1.6699999570846558,1.6649999618530273,1.6649999618530273,6699,0.0,0.0
2024-10-28 10:54:00-04:00,1.6699999570846558,1.6699999570846558,1.659999966621399,1.6649999618530273,1987,0.0,0.0
2024-10-28 10:55:00-04:00,1.6649999618530273,1.6699999570846558,1.6649999618530273,1.6699999570846558,2744,0.0,0.0
2024-10-28 10:56:00-04:00,1.6699999570846558,1.6699999570846558,1.6649999618530273,1.6699999570846558,8947,0.0,0.0
2024-10-28 10:57:00-04:00,1.6699999570846558,1.6699999570846558,1.659999966621399,1.6699999570846558,9179,0.0,0.0
2024-10-28 10:58:00-04:00,1.6699999570846558,1.6799999475479126,1.6699999570846558,1.6699999570846558,61312,0.0,0.0
2024-10-28 10:59:00-04:00,1.6749999523162842,1.6749999523162842,1.6749999523162842,1.6749999523162842,1683,0.0,0.0
2024-10-28 11:00:00-04:00,1.6749999523162842,1.6799999475479126,1.6699999570846558,1.6699999570846558,18903,0.0,0.0
2024-10-28 11:01:00-04:00,1.6699999570846558,1.6749999523162842,1.6699999570846558,1.6749999523162842,1445,0.0,0.0
2024-10-28 11:02:00-04:00,1.6699999570846558,1.6749999523162842,1.6699999570846558,1.6713000535964966,33284,0.0,0.0
2024-10-28 11:03:00-04:00,1.6749999523162842,1.6749999523162842,1.6710000038146973,1.6749999523162842,1894,0.0,0.0
2024-10-28 11:05:00-04:00,1.6749999523162842,1.6749999523162842,1.6749999523162842,1.6749999523162842,1683,0.0,0.0
2024-10-28 11:06:00-04:00,1.6749999523162842,1.6749999523162842,1.6699999570846558,1.6749999523162842,4663,0.0,0.0
2024-10-28 11:07:00-04:00,1.6799999475479126,1.6799999475479126,1.6749999523162842,1.6799999475479126,9347,0.0,0.0
2024-10-28 11:08:00-04:00,1.6749999523162842,1.6749999523162842,1.6749999523162842,1.6749999523162842,4802,0.0,0.0
2024-10-28 11:09:00-04:00,1.6749999523162842,1.6799999475479126,1.6749999523162842,1.6749999523162842,3489,0.0,0.0
2024-10-28 11:10:00-04:00,1.6749999523162842,1.6749999523162842,1.6749999523162842,1.6749999523162842,924,0.0,0.0
2024-10-28 11:11:00-04:00,1.6712000370025635,1.6749999523162842,1.6712000370025635,1.6749999523162842,1239,0.0,0.0
2024-10-28 11:12:00-04:00,1.6749999523162842,1.6749999523162842,1.6749999523162842,1.6749999523162842,1920,0.0,0.0
2024-10-28 11:13:00-04:00,1.6699999570846558,1.6749999523162842,1.659999966621399,1.6699999570846558,93801,0.0,0.0
2024-10-28 11:14:00-04:00,1.6699999570846558,1.6699999570846558,1.6649999618530273,1.6699999570846558,22256,0.0,0.0
2024-10-28 11:15:00-04:00,1.6699999570846558,1.6699999570846558,1.6699999570846558,1.6699999570846558,80354,0.0,0.0
2024-10-28 11:16:00-04:00,1.6749999523162842,1.6749999523162842,1.6720000505447388,1.6720000505447388,1000,0.0,0.0
2024-10-28 11:17:00-04:00,1.6749999523162842,1.6799999475479126,1.6699999570846558,1.6799999475479126,2848,0.0,0.0
2024-10-28 11:18:00-04:00,1.6749999523162842,1.6749999523162842,1.6749999523162842,1.6749999523162842,1822,0.0,0.0
2024-10-28 11:19:00-04:00,1.6799999475479126,1.6799999475479126,1.6749999523162842,1.6799999475479126,40029,0.0,0.0
2024-10-28 11:20:00-04:00,1.6799999475479126,1.6799999475479126,1.6799999475479126,1.6799999475479126,780,0.0,0.0
2024-10-28 11:21:00-04:00,1.6799999475479126,1.6799999475479126,1.6799999475479126,1.6799999475479126,1480,0.0,0.0
2024-10-28 11:22:00-04:00,1.6799999475479126,1.6799999475479126,1.6749999523162842,1.6799999475479126,1811,0.0,0.0
2024-10-28 11:23:00-04:00,1.6799999475479126,1.6799999475479126,1.6757999658584595,1.6799999475479126,2715,0.0,0.0
2024-10-28 11:24:00-04:00,1.6799999475479126,1.6799999475479126,1.6784000396728516,1.6799999475479126,10058,0.0,0.0
2024-10-28 11:25:00-04:00,1.6799999475479126,1.6799999475479126,1.6699999570846558,1.6799999475479126,23105,0.0,0.0
2024-10-28 11:26:00-04:00,1.6799999475479126,1.6799999475479126,1.6749999523162842,1.6799999475479126,56165,0.0,0.0
2024-10-28 11:27:00-04:00,1.684999942779541,1.684999942779541,1.684999942779541,1.684999942779541,2155,0.0,0.0
2024-10-28 11:28:00-04:00,1.6799999475479126,1.684999942779541,1.6799999475479126,1.684999942779541,884,0.0,0.0
2024-10-28 11:29:00-04:00,1.6886999607086182,1.6886999607086182,1.684999942779541,1.684999942779541,1684,0.0,0.0
2024-10-28 11:30:00-04:00,1.684999942779541,1.690000057220459,1.684999942779541,1.690000057220459,1997,0.0,0.0
2024-10-28 11:31:00-04:00,1.684999942779541,1.690000057220459,1.684999942779541,1.690000057220459,21080,0.0,0.0
2024-10-28 11:32:00-04:00,1.684999942779541,1.684999942779541,1.684999942779541,1.684999942779541,1766,0.0,0.0
2024-10-28 11:33:00-04:00,1.690000057220459,1.690000057220459,1.690000057220459,1.690000057220459,3211,0.0,0.0
2024-10-28 11:34:00-04:00,1.680999994277954,1.690000057220459,1.680999994277954,1.690000057220459,828,0.0,0.0
2024-10-28 11:35:00-04:00,1.690000057220459,1.690000057220459,1.690000057220459,1.690000057220459,781,0.0,0.0
2024-10-28 11:36:00-04:00,1.690000057220459,1.690000057220459,1.687999963760376,1.690000057220459,4910,0.0,0.0
2024-10-28 11:37:00-04:00,1.690000057220459,1.690000057220459,1.6854000091552734,1.6854000091552734,962,0.0,0.0
2024-10-28 11:39:00-04:00,1.684999942779541,1.690000057220459,1.6799999475479126,1.6828629970550537,27059,0.0,0.0
2024-10-28 11:40:00-04:00,1.6820000410079956,1.684999942779541,1.6799999475479126,1.684999942779541,45744,0.0,0.0
2024-10-28 11:41:00-04:00,1.6799999475479126,1.684999942779541,1.6799999475479126,1.684999942779541,843,0.0,0.0
2024-10-28 11:42:00-04:00,1.6811000108718872,1.6811000108718872,1.6699999570846558,1.6749999523162842,60788,0.0,0.0
2024-10-28 11:43:00-04:00,1.6749999523162842,1.6749999523162842,1.6749999523162842,1.6749999523162842,701,0.0,0.0
2024-10-28 11:44:00-04:00,1.6749999523162842,1.6749999523162842,1.6749999523162842,1.6749999523162842,489,0.0,0.0
2024-10-28 11:45:00-04:00,1.6749999523162842,1.6799999475479126,1.6749999523162842,1.6749999523162842,34576,0.0,0.0
2024-10-28 11:46:00-04:00,1.6799999475479126,1.6799999475479126,1.6799999475479126,1.6799999475479126,876,0.0,0.0
2024-10-28 11:47:00-04:00,1.6799999475479126,1.6799999475479126,1.6749999523162842,1.6749999523162842,2656,0.0,0.0
2024-10-28 11:48:00-04:00,1.6799999475479126,1.6799999475479126,1.6799999475479126,1.6799999475479126,1523,0.0,0.0
2024-10-28 11:49:00-04:00,1.6799999475479126,1.6799999475479126,1.6799999475479126,1.6799999475479126,699,0.0,0.0
2024-10-28 11:50:00-04:00,1.6749999523162842,1.6799999475479126,1.6699999570846558,1.6799999475479126,26060,0.0,0.0
2024-10-28 11:51:00-04:00,1.6793999671936035,1.690000057220459,1.6793999671936035,1.684999942779541,39372,0.0,0.0
2024-10-28 11:52:00-04:00,1.684999942779541,1.684999942779541,1.684999942779541,1.684999942779541,1330,0.0,0.0
2024-10-28 11:53:00-04:00,1.6830999851226807,1.690000057220459,1.6799999475479126,1.684999942779541,31532,0.0,0.0
2024-10-28 11:55:00-04:00,1.684999942779541,1.684999942779541,1.684999942779541,1.684999942779541,1008,0.0,0.0
2024-10-28 11:56:00-04:00,1.684999942779541,1.684999942779541,1.684999942779541,1.684999942779541,1303,0.0,0.0
2024-10-28 11:57:00-04:00,1.684999942779541,1.684999942779541,1.6799999475479126,1.6799999475479126,17600,0.0,0.0
2024-10-28 11:58:00-04:00,1.6799999475479126,1.6799999475479126,1.6799999475479126,1.6799999475479126,120,0.0,0.0
2024-10-28 12:00:00-04:00,1.684999942779541,1.684999942779541,1.6799999475479126,1.6799999475479126,1421,0.0,0.0
2024-10-28 12:01:00-04:00,1.680899977684021,1.681399941444397,1.680899977684021,1.681399941444397,620,0.0,0.0
2024-10-28 12:02:00-04:00,1.684999942779541,1.684999942779541,1.684999942779541,1.684999942779541,3636,0.0,0.0
2024-10-28 12:03:00-04:00,1.6801999807357788,1.684999942779541,1.6801999807357788,1.684999942779541,2957,0.0,0.0
2024-10-28 12:05:00-04:00,1.684999942779541,1.684999942779541,1.684999942779541,1.684999942779541,169,0.0,0.0
2024-10-28 12:06:00-04:00,1.684999942779541,1.684999942779541,1.684999942779541,1.684999942779541,1377,0.0,0.0
2024-10-28 12:08:00-04:00,1.684999942779541,1.690000057220459,1.684999942779541,1.684999942779541,4210,0.0,0.0
2024-10-28 12:09:00-04:00,1.687999963760376,1.687999963760376,1.684999942779541,1.684999942779541,3343,0.0,0.0
2024-10-28 12:11:00-04:00,1.684999942779541,1.684999942779541,1.684999942779541,1.684999942779541,970,0.0,0.0
2024-10-28 12:12:00-04:00,1.684999942779541,1.684999942779541,1.684999942779541,1.684999942779541,895,0.0,0.0
2024-10-28 12:14:00-04:00,1.690000057220459,1.690000057220459,1.684999942779541,1.684999942779541,2122,0.0,0.0
2024-10-28 12:15:00-04:00,1.684999942779541,1.684999942779541,1.684999942779541,1.684999942779541,925,0.0,0.0
2024-10-28 12:16:00-04:00,1.684999942779541,1.684999942779541,1.684999942779541,1.684999942779541,1200,0.0,0.0
2024-10-28 12:17:00-04:00,1.684999942779541,1.684999942779541,1.684999942779541,1.684999942779541,875,0.0,0.0
2024-10-28 12:18:00-04:00,1.684999942779541,1.684999942779541,1.684999942779541,1.684999942779541,755,0.0,0.0
2024-10-28 12:20:00-04:00,1.684999942779541,1.684999942779541,1.684999942779541,1.684999942779541,689,0.0,0.0
2024-10-28 12:21:00-04:00,1.6892999410629272,1.690000057220459,1.684999942779541,1.684999942779541,2021,0.0,0.0
2024-10-28 12:22:00-04:00,1.684999942779541,1.684999942779541,1.684999942779541,1.684999942779541,1400,0.0,0.0
2024-10-28 12:23:00-04:00,1.684999942779541,1.684999942779541,1.684999942779541,1.684999942779541,711,0.0,0.0
2024-10-28 12:24:00-04:00,1.684999942779541,1.684999942779541,1.684999942779541,1.684999942779541,760,0.0,0.0
2024-10-28 12:25:00-04:00,1.684999942779541,1.690000057220459,1.684999942779541,1.684999942779541,1454,0.0,0.0
2024-10-28 12:26:00-04:00,1.684999942779541,1.684999942779541,1.684999942779541,1.684999942779541,767,0.0,0.0
2024-10-28 12:28:00-04:00,1.684999942779541,1.690000057220459,1.684999942779541,1.690000057220459,2753,0.0,0.0
2024-10-28 12:29:00-04:00,1.690000057220459,1.690000057220459,1.690000057220459,1.690000057220459,716,0.0,0.0
2024-10-28 12:30:00-04:00,1.690000057220459,1.690000057220459,1.684999942779541,1.690000057220459,3717,0.0,0.0
2024-10-28 12:31:00-04:00,1.684999942779541,1.690000057220459,1.684999942779541,1.690000057220459,743,0.0,0.0
2024-10-28 12:32:00-04:00,1.684999942779541,1.684999942779541,1.684999942779541,1.684999942779541,100,0.0,0.0
2024-10-28 12:33:00-04:00,1.690000057220459,1.690000057220459,1.684399962425232,1.684399962425232,1346,0.0,0.0
2024-10-28 12:34:00-04:00,1.684999942779541,1.684999942779541,1.684999942779541,1.684999942779541,979,0.0,0.0
2024-10-28 12:35:00-04:00,1.684999942779541,1.684999942779541,1.684999942779541,1.684999942779541,900,0.0,0.0
2024-10-28 12:36:00-04:00,1.684999942779541,1.684999942779541,1.684999942779541,1.684999942779541,811,0.0,0.0
2024-10-28 12:37:00-04:00,1.684999942779541,1.684999942779541,1.684999942779541,1.684999942779541,1305,0.0,0.0
2024-10-28 12:38:00-04:00,1.684999942779541,1.684999942779541,1.6842999458312988,1.684999942779541,8104,0.0,0.0
2024-10-28 12:39:00-04:00,1.684999942779541,1.684999942779541,1.6812000274658203,1.6812000274658203,6021,0.0,0.0
2024-10-28 12:40:00-04:00,1.684999942779541,1.684999942779541,1.684999942779541,1.684999942779541,2385,0.0,0.0
2024-10-28 12:42:00-04:00,1.684999942779541,1.684999942779541,1.684999942779541,1.684999942779541,791,0.0,0.0
2024-10-28 12:43:00-04:00,1.684999942779541,1.684999942779541,1.684999942779541,1.684999942779541,685,0.0,0.0
2024-10-28 12:44:00-04:00,1.684999942779541,1.684999942779541,1.684999942779541,1.684999942779541,4061,0.0,0.0
2024-10-28 12:45:00-04:00,1.684999942779541,1.684999942779541,1.684999942779541,1.684999942779541,695,0.0,0.0
2024-10-28 12:46:00-04:00,1.684999942779541,1.684999942779541,1.684999942779541,1.684999942779541,2341,0.0,0.0
2024-10-28 12:47:00-04:00,1.684999942779541,1.684999942779541,1.6799999475479126,1.6799999475479126,200,0.0,0.0
2024-10-28 12:48:00-04:00,1.684999942779541,1.684999942779541,1.6799999475479126,1.684999942779541,6504,0.0,0.0
2024-10-28 12:49:00-04:00,1.684999942779541,1.684999942779541,1.684999942779541,1.684999942779541,131,0.0,0.0
2024-10-28 12:50:00-04:00,1.684999942779541,1.684999942779541,1.684999942779541,1.684999942779541,4930,0.0,0.0
2024-10-28 12:51:00-04:00,1.684999942779541,1.684999942779541,1.6799999475479126,1.684999942779541,3361,0.0,0.0
2024-10-28 12:52:00-04:00,1.6799999475479126,1.684999942779541,1.6799999475479126,1.6799999475479126,19775,0.0,0.0
2024-10-28 12:53:00-04:00,1.6799999475479126,1.6799999475479126,1.6799999475479126,1.6799999475479126,171,0.0,0.0
2024-10-28 12:54:00-04:00,1.684999942779541,1.684999942779541,1.684999942779541,1.684999942779541,1447,0.0,0.0
2024-10-28 12:55:00-04:00,1.684999942779541,1.684999942779541,1.684999942779541,1.684999942779541,7610,0.0,0.0
2024-10-28 12:56:00-04:00,1.6799999475479126,1.6801999807357788,1.6799999475479126,1.6801999807357788,273,0.0,0.0
2024-10-28 12:57:00-04:00,1.690000057220459,1.690000057220459,1.6800999641418457,1.6800999641418457,12579,0.0,0.0
2024-10-28 12:58:00-04:00,1.6799999475479126,1.684999942779541,1.6799999475479126,1.684999942779541,515,0.0,0.0
2024-10-28 12:59:00-04:00,1.684999942779541,1.684999942779541,1.6799999475479126,1.684999942779541,22100,0.0,0.0
2024-10-28 13:00:00-04:00,1.6799999475479126,1.6799999475479126,1.6799999475479126,1.6799999475479126,300,0.0,0.0
2024-10-28 13:02:00-04:00,1.684999942779541,1.6875,1.684999942779541,1.6875,1503,0.0,0.0
2024-10-28 13:03:00-04:00,1.684999942779541,1.684999942779541,1.684999942779541,1.684999942779541,8010,0.0,0.0
2024-10-28 13:04:00-04:00,1.6799999475479126,1.6799999475479126,1.6799999475479126,1.6799999475479126,100,0.0,0.0
2024-10-28 13:05:00-04:00,1.684999942779541,1.684999942779541,1.6799999475479126,1.6799999475479126,365,0.0,0.0
2024-10-28 13:06:00-04:00,1.6875,1.6875,1.684999942779541,1.684999942779541,1418,0.0,0.0
2024-10-28 13:08:00-04:00,1.684999942779541,1.684999942779541,1.684999942779541,1.684999942779541,1804,0.0,0.0
2024-10-28 13:09:00-04:00,1.6829999685287476,1.684999942779541,1.6799999475479126,1.684999942779541,3199,0.0,0.0
2024-10-28 13:10:00-04:00,1.684999942779541,1.684999942779541,1.684999942779541,1.684999942779541,1359,0.0,0.0
2024-10-28 13:11:00-04:00,1.684999942779541,1.684999942779541,1.684999942779541,1.684999942779541,155,0.0,0.0
2024-10-28 13:12:00-04:00,1.684999942779541,1.684999942779541,1.684999942779541,1.684999942779541,1307,0.0,0.0
2024-10-28 13:13:00-04:00,1.6799999475479126,1.684999942779541,1.6799999475479126,1.6799999475479126,551,0.0,0.0
2024-10-28 13:15:00-04:00,1.6799999475479126,1.684999942779541,1.6799999475479126,1.684999942779541,4773,0.0,0.0
2024-10-28 13:16:00-04:00,1.6799999475479126,1.684999942779541,1.6799999475479126,1.684999942779541,1409,0.0,0.0
2024-10-28 13:17:00-04:00,1.684999942779541,1.690000057220459,1.684999942779541,1.684999942779541,6100,0.0,0.0
2024-10-28 13:18:00-04:00,1.684999942779541,1.684999942779541,1.684999942779541,1.684999942779541,1202,0.0,0.0
2024-10-28 13:19:00-04:00,1.684999942779541,1.690000057220459,1.684999942779541,1.684999942779541,1861,0.0,0.0
2024-10-28 13:20:00-04:00,1.684999942779541,1.684999942779541,1.684399962425232,1.684999942779541,4284,0.0,0.0
2024-10-28 13:21:00-04:00,1.684999942779541,1.688099980354309,1.684999942779541,1.684999942779541,7051,0.0,0.0
2024-10-28 13:22:00-04:00,1.684999942779541,1.684999942779541,1.684999942779541,1.684999942779541,3695,0.0,0.0
2024-10-28 13:23:00-04:00,1.684999942779541,1.684999942779541,1.684999942779541,1.684999942779541,4600,0.0,0.0
2024-10-28 13:24:00-04:00,1.684999942779541,1.684999942779541,1.6799999475479126,1.684999942779541,2586,0.0,0.0
2024-10-28 13:25:00-04:00,1.684999942779541,1.6999000310897827,1.684999942779541,1.6950000524520874,243785,0.0,0.0
2024-10-28 13:26:00-04:00,1.7000000476837158,1.7000000476837158,1.6950000524520874,1.6950000524520874,22625,0.0,0.0
2024-10-28 13:28:00-04:00,1.6950000524520874,1.7000000476837158,1.690000057220459,1.6950000524520874,101770,0.0,0.0
2024-10-28 13:29:00-04:00,1.6950000524520874,1.7000000476837158,1.6950000524520874,1.6950000524520874,954,0.0,0.0
2024-10-28 13:30:00-04:00,1.6950000524520874,1.7000000476837158,1.6950000524520874,1.7000000476837158,1700,0.0,0.0
2024-10-28 13:31:00-04:00,1.7000000476837158,1.707200050354004,1.6985000371932983,1.707200050354004,89382,0.0,0.0
2024-10-28 13:32:00-04:00,1.7050000429153442,1.7050000429153442,1.7000000476837158,1.7050000429153442,73476,0.0,0.0
2024-10-28 13:33:00-04:00,1.7050000429153442,1.7050000429153442,1.7050000429153442,1.7050000429153442,13777,0.0,0.0
2024-10-28 13:34:00-04:00,1.7050000429153442,1.7050000429153442,1.7050000429153442,1.7050000429153442,9754,0.0,0.0
2024-10-28 13:35:00-04:00,1.7050000429153442,1.7050000429153442,1.7050000429153442,1.7050000429153442,5479,0.0,0.0
2024-10-28 13:36:00-04:00,1.7050000429153442,1.7100000381469727,1.7050000429153442,1.7100000381469727,37345,0.0,0.0
2024-10-28 13:37:00-04:00,1.7100000381469727,1.7100000381469727,1.7100000381469727,1.7100000381469727,102,0.0,0.0
2024-10-28 13:41:00-04:00,1.7050000429153442,1.7050000429153442,1.7050000429153442,1.7050000429153442,8248,0.0,0.0
2024-10-28 13:42:00-04:00,1.7100000381469727,1.7100000381469727,1.7050000429153442,1.7050000429153442,11551,0.0,0.0
2024-10-28 13:43:00-04:00,1.7050000429153442,1.7050000429153442,1.7050000429153442,1.7050000429153442,134,0.0,0.0
2024-10-28 13:45:00-04:00,1.7050000429153442,1.7050000429153442,1.7050000429153442,1.7050000429153442,1442,0.0,0.0
2024-10-28 13:46:00-04:00,1.7050000429153442,1.7050000429153442,1.7050000429153442,1.7050000429153442,406,0.0,0.0
2024-10-28 13:47:00-04:00,1.7100000381469727,1.7100000381469727,1.7050000429153442,1.7050000429153442,11805,0.0,0.0
2024-10-28 13:49:00-04:00,1.7050000429153442,1.7050000429153442,1.7050000429153442,1.7050000429153442,14395,0.0,0.0
2024-10-28 13:50:00-04:00,1.7050000429153442,1.7050000429153442,1.7050000429153442,1.7050000429153442,1300,0.0,0.0
2024-10-28 13:51:00-04:00,1.7050000429153442,1.7100000381469727,1.7050000429153442,1.7050000429153442,510,0.0,0.0
2024-10-28 13:52:00-04:00,1.7050000429153442,1.7050000429153442,1.7000000476837158,1.7050000429153442,54102,0.0,0.0
2024-10-28 13:53:00-04:00,1.7050000429153442,1.7050000429153442,1.7050000429153442,1.7050000429153442,606,0.0,0.0
2024-10-28 13:54:00-04:00,1.7050000429153442,1.7050000429153442,1.7050000429153442,1.7050000429153442,100,0.0,0.0
2024-10-28 13:55:00-04:00,1.7050000429153442,1.7050000429153442,1.7050000429153442,1.7050000429153442,2709,0.0,0.0
2024-10-28 13:56:00-04:00,1.7000000476837158,1.7050000429153442,1.7000000476837158,1.7050000429153442,16450,0.0,0.0
2024-10-28 13:57:00-04:00,1.7050000429153442,1.7050000429153442,1.7050000429153442,1.7050000429153442,890,0.0,0.0
2024-10-28 13:58:00-04:00,1.7050000429153442,1.7050000429153442,1.7050000429153442,1.7050000429153442,200,0.0,0.0
2024-10-28 13:59:00-04:00,1.7050000429153442,1.7050000429153442,1.7050000429153442,1.7050000429153442,500,0.0,0.0
2024-10-28 14:00:00-04:00,1.7050000429153442,1.7050000429153442,1.7050000429153442,1.7050000429153442,1283,0.0,0.0
2024-10-28 14:01:00-04:00,1.7050000429153442,1.7079999446868896,1.7050000429153442,1.7050000429153442,5600,0.0,0.0
2024-10-28 14:02:00-04:00,1.7050000429153442,1.7050000429153442,1.7050000429153442,1.7050000429153442,6901,0.0,0.0
2024-10-28 14:03:00-04:00,1.7050000429153442,1.7050000429153442,1.7050000429153442,1.7050000429153442,841,0.0,0.0
2024-10-28 14:04:00-04:00,1.7050000429153442,1.7050000429153442,1.7050000429153442,1.7050000429153442,505,0.0,0.0
2024-10-28 14:05:00-04:00,1.7050000429153442,1.7050000429153442,1.7050000429153442,1.7050000429153442,1281,0.0,0.0
2024-10-28 14:06:00-04:00,1.7050000429153442,1.7050000429153442,1.7050000429153442,1.7050000429153442,756,0.0,0.0
2024-10-28 14:07:00-04:00,1.7094000577926636,1.7094000577926636,1.7050000429153442,1.7050000429153442,2913,0.0,0.0
2024-10-28 14:08:00-04:00,1.7050000429153442,1.7050000429153442,1.7050000429153442,1.7050000429153442,1493,0.0,0.0
2024-10-28 14:09:00-04:00,1.7050000429153442,1.7050000429153442,1.7050000429153442,1.7050000429153442,2640,0.0,0.0
2024-10-28 14:10:00-04:00,1.7050000429153442,1.7050000429153442,1.7000000476837158,1.7050000429153442,14638,0.0,0.0
2024-10-28 14:11:00-04:00,1.7050000429153442,1.7050000429153442,1.7050000429153442,1.7050000429153442,100,0.0,0.0
2024-10-28 14:12:00-04:00,1.7050000429153442,1.7050000429153442,1.7050000429153442,1.7050000429153442,201,0.0,0.0
2024-10-28 14:13:00-04:00,1.7050000429153442,1.7050000429153442,1.7020000219345093,1.7050000429153442,2275,0.0,0.0
2024-10-28 14:14:00-04:00,1.7050000429153442,1.7050000429153442,1.700600028038025,1.7050000429153442,577,0.0,0.0
2024-10-28 14:15:00-04:00,1.7050000429153442,1.7050000429153442,1.7050000429153442,1.7050000429153442,6401,0.0,0.0
2024-10-28 14:16:00-04:00,1.7050000429153442,1.7050000429153442,1.7050000429153442,1.7050000429153442,1150,0.0,0.0
2024-10-28 14:17:00-04:00,1.7050000429153442,1.7100000381469727,1.7050000429153442,1.7050000429153442,1270,0.0,0.0
2024-10-28 14:18:00-04:00,1.7050000429153442,1.7050000429153442,1.7050000429153442,1.7050000429153442,408,0.0,0.0
2024-10-28 14:19:00-04:00,1.7050000429153442,1.7050000429153442,1.7050000429153442,1.7050000429153442,200,0.0,0.0
2024-10-28 14:20:00-04:00,1.7050000429153442,1.7050000429153442,1.7050000429153442,1.7050000429153442,2466,0.0,0.0
2024-10-28 14:21:00-04:00,1.7050000429153442,1.7100000381469727,1.7050000429153442,1.7050000429153442,2732,0.0,0.0
2024-10-28 14:22:00-04:00,1.7050000429153442,1.7050000429153442,1.7050000429153442,1.7050000429153442,501,0.0,0.0
2024-10-28 14:23:00-04:00,1.7050000429153442,1.7050000429153442,1.7050000429153442,1.7050000429153442,2939,0.0,0.0
2024-10-28 14:24:00-04:00,1.7050000429153442,1.7050000429153442,1.7050000429153442,1.7050000429153442,400,0.0,0.0
2024-10-28 14:25:00-04:00,1.7050000429153442,1.7050000429153442,1.7050000429153442,1.7050000429153442,1000,0.0,0.0
2024-10-28 14:26:00-04:00,1.7050000429153442,1.7050000429153442,1.7050000429153442,1.7050000429153442,1800,0.0,0.0
2024-10-28 14:27:00-04:00,1.7050000429153442,1.7050000429153442,1.7050000429153442,1.7050000429153442,1130,0.0,0.0
2024-10-28 14:28:00-04:00,1.7050000429153442,1.7050000429153442,1.7050000429153442,1.7050000429153442,200,0.0,0.0
2024-10-28 14:29:00-04:00,1.7050000429153442,1.7100000381469727,1.7050000429153442,1.7050000429153442,3515,0.0,0.0
2024-10-28 14:30:00-04:00,1.7050000429153442,1.7050000429153442,1.7050000429153442,1.7050000429153442,300,0.0,0.0
2024-10-28 14:31:00-04:00,1.7050000429153442,1.7050000429153442,1.7050000429153442,1.7050000429153442,210,0.0,0.0
2024-10-28 14:32:00-04:00,1.7050000429153442,1.7050000429153442,1.7050000429153442,1.7050000429153442,1828,0.0,0.0
2024-10-28 14:33:00-04:00,1.7050000429153442,1.7050000429153442,1.7050000429153442,1.7050000429153442,500,0.0,0.0
2024-10-28 14:34:00-04:00,1.7050000429153442,1.7100000381469727,1.7050000429153442,1.7100000381469727,331,0.0,0.0
2024-10-28 14:35:00-04:00,1.7050000429153442,1.7050000429153442,1.7050000429153442,1.7050000429153442,3300,0.0,0.0
2024-10-28 14:36:00-04:00,1.7050000429153442,1.7050000429153442,1.7014000415802002,1.7050000429153442,6971,0.0,0.0
2024-10-28 14:37:00-04:00,1.7079999446868896,1.7079999446868896,1.7050000429153442,1.7050000429153442,370,0.0,0.0
2024-10-28 14:38:00-04:00,1.7050000429153442,1.7050000429153442,1.7050000429153442,1.7050000429153442,400,0.0,0.0
2024-10-28 14:39:00-04:00,1.7050000429153442,1.7100000381469727,1.7050000429153442,1.7050000429153442,3407,0.0,0.0
2024-10-28 14:40:00-04:00,1.7050000429153442,1.7050000429153442,1.7050000429153442,1.7050000429153442,750,0.0,0.0
2024-10-28 14:41:00-04:00,1.7050000429153442,1.7050000429153442,1.7050000429153442,1.7050000429153442,2953,0.0,0.0
2024-10-28 14:42:00-04:00,1.7050000429153442,1.7050000429153442,1.7050000429153442,1.7050000429153442,1801,0.0,0.0
2024-10-28 14:43:00-04:00,1.7100000381469727,1.7100000381469727,1.7050000429153442,1.7050000429153442,2978,0.0,0.0
2024-10-28 14:44:00-04:00,1.7050000429153442,1.7050000429153442,1.7050000429153442,1.7050000429153442,700,0.0,0.0
2024-10-28 14:45:00-04:00,1.7050000429153442,1.7051000595092773,1.7050000429153442,1.7050000429153442,1201,0.0,0.0
2024-10-28 14:46:00-04:00,1.7050000429153442,1.7050000429153442,1.7050000429153442,1.7050000429153442,1634,0.0,0.0
2024-10-28 14:47:00-04:00,1.7050000429153442,1.7050000429153442,1.7050000429153442,1.7050000429153442,5261,0.0,0.0
2024-10-28 14:48:00-04:00,1.7050000429153442,1.7100000381469727,1.7050000429153442,1.7050000429153442,4421,0.0,0.0
2024-10-28 14:49:00-04:00,1.7050000429153442,1.7050000429153442,1.7050000429153442,1.7050000429153442,200,0.0,0.0
2024-10-28 14:50:00-04:00,1.7050000429153442,1.7050000429153442,1.7050000429153442,1.7050000429153442,1235,0.0,0.0
2024-10-28 14:51:00-04:00,1.7050000429153442,1.7050000429153442,1.7050000429153442,1.7050000429153442,1721,0.0,0.0
2024-10-28 14:52:00-04:00,1.7050000429153442,1.7050000429153442,1.7050000429153442,1.7050000429153442,1988,0.0,0.0
2024-10-28 14:53:00-04:00,1.7050000429153442,1.7050000429153442,1.7050000429153442,1.7050000429153442,633,0.0,0.0
2024-10-28 14:54:00-04:00,1.7050000429153442,1.7050000429153442,1.7050000429153442,1.7050000429153442,1113,0.0,0.0
2024-10-28 14:55:00-04:00,1.7050000429153442,1.7100000381469727,1.7050000429153442,1.7050000429153442,3000,0.0,0.0
2024-10-28 14:56:00-04:00,1.7050000429153442,1.7050000429153442,1.7050000429153442,1.7050000429153442,1363,0.0,0.0
2024-10-28 14:57:00-04:00,1.7050000429153442,1.7050000429153442,1.7050000429153442,1.7050000429153442,1900,0.0,0.0
2024-10-28 14:58:00-04:00,1.7050000429153442,1.7050000429153442,1.7050000429153442,1.7050000429153442,555,0.0,0.0
2024-10-28 14:59:00-04:00,1.7050000429153442,1.7050000429153442,1.7050000429153442,1.7050000429153442,2330,0.0,0.0
2024-10-28 15:00:00-04:00,1.7050000429153442,1.7050000429153442,1.7050000429153442,1.7050000429153442,502,0.0,0.0
2024-10-28 15:01:00-04:00,1.7050000429153442,1.7050000429153442,1.7050000429153442,1.7050000429153442,400,0.0,0.0
2024-10-28 15:02:00-04:00,1.7050000429153442,1.7100000381469727,1.7050000429153442,1.7050000429153442,2031,0.0,0.0
2024-10-28 15:03:00-04:00,1.7050000429153442,1.7050000429153442,1.7050000429153442,1.7050000429153442,2505,0.0,0.0
2024-10-28 15:04:00-04:00,1.7050000429153442,1.7050000429153442,1.7050000429153442,1.7050000429153442,684,0.0,0.0
2024-10-28 15:05:00-04:00,1.7050000429153442,1.7050000429153442,1.7050000429153442,1.7050000429153442,1718,0.0,0.0
2024-10-28 15:06:00-04:00,1.7050000429153442,1.7050000429153442,1.7050000429153442,1.7050000429153442,2314,0.0,0.0
2024-10-28 15:07:00-04:00,1.7050000429153442,1.7050000429153442,1.7050000429153442,1.7050000429153442,1353,0.0,0.0
2024-10-28 15:08:00-04:00,1.7050000429153442,1.7050000429153442,1.7050000429153442,1.7050000429153442,1285,0.0,0.0
2024-10-28 15:09:00-04:00,1.7050000429153442,1.7050000429153442,1.7000000476837158,1.7000000476837158,16162,0.0,0.0
2024-10-28 15:10:00-04:00,1.7050000429153442,1.7050000429153442,1.7050000429153442,1.7050000429153442,8763,0.0,0.0
2024-10-28 15:11:00-04:00,1.7050000429153442,1.7050000429153442,1.7050000429153442,1.7050000429153442,600,0.0,0.0
2024-10-28 15:12:00-04:00,1.7050000429153442,1.7050000429153442,1.7050000429153442,1.7050000429153442,1241,0.0,0.0
2024-10-28 15:13:00-04:00,1.7050000429153442,1.7050000429153442,1.7050000429153442,1.7050000429153442,6968,0.0,0.0
2024-10-28 15:14:00-04:00,1.7050000429153442,1.7050000429153442,1.7050000429153442,1.7050000429153442,1925,0.0,0.0
2024-10-28 15:15:00-04:00,1.7050000429153442,1.7050000429153442,1.7050000429153442,1.7050000429153442,100,0.0,0.0
2024-10-28 15:16:00-04:00,1.7024999856948853,1.7050000429153442,1.7024999856948853,1.7050000429153442,1068,0.0,0.0
2024-10-28 15:17:00-04:00,1.7050000429153442,1.7050000429153442,1.7050000429153442,1.7050000429153442,2181,0.0,0.0
2024-10-28 15:18:00-04:00,1.7050000429153442,1.7050000429153442,1.7050000429153442,1.7050000429153442,996,0.0,0.0
2024-10-28 15:19:00-04:00,1.7050000429153442,1.7100000381469727,1.7050000429153442,1.7100000381469727,4854,0.0,0.0
2024-10-28 15:20:00-04:00,1.7050000429153442,1.7050000429153442,1.7050000429153442,1.7050000429153442,695,0.0,0.0
2024-10-28 15:21:00-04:00,1.7050000429153442,1.7100000381469727,1.7050000429153442,1.7050000429153442,5730,0.0,0.0
2024-10-28 15:22:00-04:00,1.7050000429153442,1.7050000429153442,1.7050000429153442,1.7050000429153442,1417,0.0,0.0
2024-10-28 15:23:00-04:00,1.7050000429153442,1.7085000276565552,1.7050000429153442,1.7085000276565552,1427,0.0,0.0
2024-10-28 15:24:00-04:00,1.7050000429153442,1.7050000429153442,1.7050000429153442,1.7050000429153442,2692,0.0,0.0
2024-10-28 15:25:00-04:00,1.7050000429153442,1.7050000429153442,1.7050000429153442,1.7050000429153442,738,0.0,0.0
2024-10-28 15:26:00-04:00,1.7050000429153442,1.7050000429153442,1.7050000429153442,1.7050000429153442,1111,0.0,0.0
2024-10-28 15:27:00-04:00,1.7050000429153442,1.709686040878296,1.7050000429153442,1.709686040878296,1348,0.0,0.0
2024-10-28 15:28:00-04:00,1.7100000381469727,1.7100000381469727,1.7050000429153442,1.7050000429153442,10967,0.0,0.0
2024-10-28 15:29:00-04:00,1.7050000429153442,1.7100000381469727,1.7000000476837158,1.701300024986267,35420,0.0,0.0
2024-10-28 15:30:00-04:00,1.7050000429153442,1.7100000381469727,1.7000999450683594,1.7100000381469727,19424,0.0,0.0
2024-10-28 15:31:00-04:00,1.7000000476837158,1.7050000429153442,1.7000000476837158,1.7050000429153442,354,0.0,0.0
2024-10-28 15:32:00-04:00,1.7050000429153442,1.7050000429153442,1.7000000476837158,1.7050000429153442,2677,0.0,0.0
2024-10-28 15:33:00-04:00,1.7050000429153442,1.7050000429153442,1.7050000429153442,1.7050000429153442,433,0.0,0.0
2024-10-28 15:34:00-04:00,1.7050000429153442,1.7100000381469727,1.7050000429153442,1.7050000429153442,12825,0.0,0.0
2024-10-28 15:35:00-04:00,1.7050000429153442,1.7050000429153442,1.7015000581741333,1.7050000429153442,9366,0.0,0.0
2024-10-28 15:36:00-04:00,1.7050000429153442,1.7050000429153442,1.7050000429153442,1.7050000429153442,1198,0.0,0.0
2024-10-28 15:37:00-04:00,1.7050000429153442,1.7050000429153442,1.7050000429153442,1.7050000429153442,2190,0.0,0.0
2024-10-28 15:38:00-04:00,1.7050000429153442,1.7100000381469727,1.7050000429153442,1.7050000429153442,2078,0.0,0.0
2024-10-28 15:39:00-04:00,1.7050000429153442,1.7100000381469727,1.7050000429153442,1.7050000429153442,18419,0.0,0.0
2024-10-28 15:40:00-04:00,1.7050000429153442,1.7050000429153442,1.7000000476837158,1.7000000476837158,628,0.0,0.0
2024-10-28 15:41:00-04:00,1.7050000429153442,1.7050000429153442,1.7050000429153442,1.7050000429153442,1964,0.0,0.0
2024-10-28 15:42:00-04:00,1.7050000429153442,1.7100000381469727,1.7050000429153442,1.7050000429153442,13585,0.0,0.0
2024-10-28 15:43:00-04:00,1.7050000429153442,1.7065999507904053,1.7050000429153442,1.7050000429153442,3343,0.0,0.0
2024-10-28 15:44:00-04:00,1.7050000429153442,1.7050000429153442,1.7050000429153442,1.7050000429153442,2818,0.0,0.0
2024-10-28 15:45:00-04:00,1.7050000429153442,1.708299994468689,1.7000000476837158,1.7050000429153442,9727,0.0,0.0
2024-10-28 15:46:00-04:00,1.7050000429153442,1.7050000429153442,1.7050000429153442,1.7050000429153442,10652,0.0,0.0
2024-10-28 15:47:00-04:00,1.7050000429153442,1.7050000429153442,1.7050000429153442,1.7050000429153442,3896,0.0,0.0
2024-10-28 15:48:00-04:00,1.7050000429153442,1.7050000429153442,1.7050000429153442,1.7050000429153442,4264,0.0,0.0
2024-10-28 15:49:00-04:00,1.7050000429153442,1.7100000381469727,1.7020000219345093,1.7050000429153442,7051,0.0,0.0
2024-10-28 15:50:00-04:00,1.7050000429153442,1.7100000381469727,1.7050000429153442,1.7050000429153442,34341,0.0,0.0
2024-10-28 15:51:00-04:00,1.7050000429153442,1.7100000381469727,1.7050000429153442,1.7050000429153442,46818,0.0,0.0
2024-10-28 15:52:00-04:00,1.7050000429153442,1.7100000381469727,1.7000000476837158,1.7050000429153442,75576,0.0,0.0
2024-10-28 15:53:00-04:00,1.7050000429153442,1.7100000381469727,1.7000000476837158,1.7050000429153442,17218,0.0,0.0
2024-10-28 15:54:00-04:00,1.7050000429153442,1.7100000381469727,1.7000000476837158,1.7050000429153442,16924,0.0,0.0
2024-10-28 15:55:00-04:00,1.7050000429153442,1.7100000381469727,1.7000999450683594,1.7050000429153442,26568,0.0,0.0
2024-10-28 15:56:00-04:00,1.7050000429153442,1.7100000381469727,1.7050000429153442,1.7050000429153442,17382,0.0,0.0
2024-10-28 15:57:00-04:00,1.7050000429153442,1.7100000381469727,1.7050000429153442,1.7050000429153442,19938,0.0,0.0
2024-10-28 15:58:00-04:00,1.7050000429153442,1.7100000381469727,1.7050000429153442,1.7050000429153442,28861,0.0,0.0
2024-10-28 15:59:00-04:00,1.7099000215530396,1.7100000381469727,1.7000000476837158,1.7100000381469727,89904,0.0,0.0
2024-10-29 09:30:00-04:00,1.6799999475479126,1.7200000286102295,1.6799999475479126,1.7100000381469727,97562,0.0,0.0
2024-10-29 09:31:00-04:00,1.7100000381469727,1.7100000381469727,1.7050000429153442,1.7050000429153442,6399,0.0,0.0
2024-10-29 09:32:00-04:00,1.7050000429153442,1.7050000429153442,1.7050000429153442,1.7050000429153442,101,0.0,0.0
2024-10-29 09:33:00-04:00,1.7001999616622925,1.7001999616622925,1.7001999616622925,1.7001999616622925,100,0.0,0.0
2024-10-29 09:35:00-04:00,1.700600028038025,1.7050000429153442,1.6799999475479126,1.6799999475479126,36421,0.0,0.0
2024-10-29 09:36:00-04:00,1.6799999475479126,1.684999942779541,1.6799999475479126,1.684999942779541,12550,0.0,0.0
2024-10-29 09:37:00-04:00,1.6799999475479126,1.6806000471115112,1.6799999475479126,1.6799999475479126,2618,0.0,0.0
2024-10-29 09:38:00-04:00,1.6799999475479126,1.684999942779541,1.6799999475479126,1.684999942779541,8644,0.0,0.0
2024-10-29 09:39:00-04:00,1.6799999475479126,1.6799999475479126,1.6799999475479126,1.6799999475479126,1300,0.0,0.0
2024-10-29 09:40:00-04:00,1.6799999475479126,1.6799999475479126,1.6799999475479126,1.6799999475479126,1600,0.0,0.0
2024-10-29 09:41:00-04:00,1.6799999475479126,1.684999942779541,1.6799999475479126,1.6799999475479126,5628,0.0,0.0
2024-10-29 09:42:00-04:00,1.6799999475479126,1.684999942779541,1.6699999570846558,1.6699999570846558,26351,0.0,0.0
2024-10-29 09:43:00-04:00,1.6699999570846558,1.6699999570846558,1.6699999570846558,1.6699999570846558,1230,0.0,0.0
2024-10-29 09:44:00-04:00,1.6699999570846558,1.6699999570846558,1.6699999570846558,1.6699999570846558,1200,0.0,0.0
2024-10-29 09:45:00-04:00,1.6749999523162842,1.6799999475479126,1.6699999570846558,1.679900050163269,15452,0.0,0.0
2024-10-29 09:46:00-04:00,1.6799999475479126,1.684999942779541,1.6799999475479126,1.6799999475479126,30474,0.0,0.0
2024-10-29 09:47:00-04:00,1.684999942779541,1.684999942779541,1.684999942779541,1.684999942779541,2000,0.0,0.0
2024-10-29 09:48:00-04:00,1.684999942779541,1.684999942779541,1.684999942779541,1.684999942779541,1347,0.0,0.0
2024-10-29 09:49:00-04:00,1.684999942779541,1.684999942779541,1.684999942779541,1.684999942779541,2097,0.0,0.0
2024-10-29 09:51:00-04:00,1.6799999475479126,1.684999942779541,1.6799999475479126,1.684999942779541,1580,0.0,0.0
2024-10-29 09:52:00-04:00,1.6799999475479126,1.6799999475479126,1.6799999475479126,1.6799999475479126,509,0.0,0.0
2024-10-29 09:54:00-04:00,1.6799999475479126,1.6799999475479126,1.6799999475479126,1.6799999475479126,400,0.0,0.0
2024-10-29 09:55:00-04:00,1.6799999475479126,1.684999942779541,1.6799999475479126,1.6799999475479126,2971,0.0,0.0
2024-10-29 09:56:00-04:00,1.6799999475479126,1.6799999475479126,1.6799999475479126,1.6799999475479126,1400,0.0,0.0
2024-10-29 09:57:00-04:00,1.6799999475479126,1.6799999475479126,1.6799999475479126,1.6799999475479126,1400,0.0,0.0
2024-10-29 09:58:00-04:00,1.6799999475479126,1.6799999475479126,1.6699999570846558,1.6699999570846558,17713,0.0,0.0
2024-10-29 09:59:00-04:00,1.6699999570846558,1.6749999523162842,1.6699999570846558,1.6699999570846558,1984,0.0,0.0
2024-10-29 10:00:00-04:00,1.6699999570846558,1.6749999523162842,1.6699999570846558,1.6749999523162842,7657,0.0,0.0
2024-10-29 10:01:00-04:00,1.6699999570846558,1.6749999523162842,1.6699999570846558,1.6749999523162842,3194,0.0,0.0
2024-10-29 10:02:00-04:00,1.6699999570846558,1.6799999475479126,1.6699999570846558,1.6699999570846558,17536,0.0,0.0
2024-10-29 10:03:00-04:00,1.6799999475479126,1.6799999475479126,1.6699999570846558,1.6699999570846558,1300,0.0,0.0
2024-10-29 10:04:00-04:00,1.6699999570846558,1.6749999523162842,1.6699999570846558,1.6699999570846558,3516,0.0,0.0
2024-10-29 10:05:00-04:00,1.6699999570846558,1.6699999570846558,1.6699999570846558,1.6699999570846558,2001,0.0,0.0
2024-10-29 10:06:00-04:00,1.670300006866455,1.6799999475479126,1.6699999570846558,1.6749999523162842,18348,0.0,0.0
2024-10-29 10:07:00-04:00,1.6699999570846558,1.6749999523162842,1.6699999570846558,1.6699999570846558,6443,0.0,0.0
2024-10-29 10:08:00-04:00,1.6699999570846558,1.670799970626831,1.6699999570846558,1.6699999570846558,3800,0.0,0.0
2024-10-29 10:09:00-04:00,1.6749999523162842,1.6749999523162842,1.6699999570846558,1.6699999570846558,1521,0.0,0.0
2024-10-29 10:10:00-04:00,1.6699999570846558,1.6699999570846558,1.6699999570846558,1.6699999570846558,1200,0.0,0.0
2024-10-29 10:11:00-04:00,1.6699999570846558,1.6749999523162842,1.6699999570846558,1.6749999523162842,2725,0.0,0.0
2024-10-29 10:12:00-04:00,1.6699999570846558,1.6749999523162842,1.6699999570846558,1.6699999570846558,5102,0.0,0.0
2024-10-29 10:13:00-04:00,1.6699999570846558,1.6710000038146973,1.6699999570846558,1.6699999570846558,2559,0.0,0.0
2024-10-29 10:14:00-04:00,1.6699999570846558,1.6749999523162842,1.6699999570846558,1.6699999570846558,4243,0.0,0.0
2024-10-29 10:15:00-04:00,1.6699999570846558,1.6749999523162842,1.6699999570846558,1.6749999523162842,2784,0.0,0.0
2024-10-29 10:16:00-04:00,1.6749999523162842,1.6749999523162842,1.6699999570846558,1.6749999523162842,2715,0.0,0.0
2024-10-29 10:17:00-04:00,1.6699999570846558,1.6749999523162842,1.6699999570846558,1.6699999570846558,1500,0.0,0.0
2024-10-29 10:18:00-04:00,1.6699999570846558,1.6749999523162842,1.6699999570846558,1.6699999570846558,1701,0.0,0.0
2024-10-29 10:19:00-04:00,1.6749999523162842,1.6799999475479126,1.6699999570846558,1.6749999523162842,7685,0.0,0.0
2024-10-29 10:20:00-04:00,1.6749999523162842,1.6749999523162842,1.6749999523162842,1.6749999523162842,2200,0.0,0.0
2024-10-29 10:21:00-04:00,1.6749999523162842,1.6799999475479126,1.6749999523162842,1.6749999523162842,7352,0.0,0.0
2024-10-29 10:22:00-04:00,1.6749999523162842,1.6799999475479126,1.6749999523162842,1.6749999523162842,1800,0.0,0.0
2024-10-29 10:23:00-04:00,1.6749999523162842,1.6749999523162842,1.6749999523162842,1.6749999523162842,2351,0.0,0.0
2024-10-29 10:24:00-04:00,1.6749999523162842,1.6799999475479126,1.6749999523162842,1.6749999523162842,2752,0.0,0.0
2024-10-29 10:25:00-04:00,1.6749999523162842,1.684999942779541,1.6749999523162842,1.684999942779541,35680,0.0,0.0
2024-10-29 10:26:00-04:00,1.684999942779541,1.6850999593734741,1.684999942779541,1.6850999593734741,665,0.0,0.0
2024-10-29 10:27:00-04:00,1.684999942779541,1.684999942779541,1.684999942779541,1.684999942779541,464,0.0,0.0
2024-10-29 10:28:00-04:00,1.684999942779541,1.684999942779541,1.684999942779541,1.684999942779541,1200,0.0,0.0
2024-10-29 10:29:00-04:00,1.684999942779541,1.684999942779541,1.6799999475479126,1.684999942779541,2429,0.0,0.0
2024-10-29 10:30:00-04:00,1.684999942779541,1.690000057220459,1.6799999475479126,1.6799999475479126,19593,0.0,0.0
2024-10-29 10:31:00-04:00,1.6799999475479126,1.6799999475479126,1.6799999475479126,1.6799999475479126,500,0.0,0.0
2024-10-29 10:32:00-04:00,1.6799999475479126,1.6799999475479126,1.6799999475479126,1.6799999475479126,2000,0.0,0.0
2024-10-29 10:33:00-04:00,1.684999942779541,1.684999942779541,1.684999942779541,1.684999942779541,1492,0.0,0.0
2024-10-29 10:35:00-04:00,1.684999942779541,1.684999942779541,1.6799999475479126,1.6799999475479126,5200,0.0,0.0
2024-10-29 10:36:00-04:00,1.6799999475479126,1.684999942779541,1.6799999475479126,1.6799999475479126,3085,0.0,0.0
2024-10-29 10:37:00-04:00,1.6799999475479126,1.684999942779541,1.6799999475479126,1.6799999475479126,4678,0.0,0.0
2024-10-29 10:38:00-04:00,1.6799999475479126,1.684999942779541,1.6799999475479126,1.680999994277954,2500,0.0,0.0
2024-10-29 10:39:00-04:00,1.6799999475479126,1.6799999475479126,1.6799999475479126,1.6799999475479126,1650,0.0,0.0
2024-10-29 10:40:00-04:00,1.6799999475479126,1.6799999475479126,1.6799999475479126,1.6799999475479126,2001,0.0,0.0
2024-10-29 10:41:00-04:00,1.6799999475479126,1.6799999475479126,1.6799999475479126,1.6799999475479126,1500,0.0,0.0
2024-10-29 10:42:00-04:00,1.6799999475479126,1.684999942779541,1.6799999475479126,1.6799999475479126,2300,0.0,0.0
2024-10-29 10:43:00-04:00,1.6799999475479126,1.690000057220459,1.6799999475479126,1.6799999475479126,6042,0.0,0.0
2024-10-29 10:44:00-04:00,1.6799999475479126,1.684999942779541,1.6799999475479126,1.6799999475479126,4603,0.0,0.0
2024-10-29 10:45:00-04:00,1.6799999475479126,1.6799999475479126,1.6799999475479126,1.6799999475479126,1100,0.0,0.0
2024-10-29 10:46:00-04:00,1.6799999475479126,1.684999942779541,1.6799999475479126,1.6799999475479126,1700,0.0,0.0
2024-10-29 10:47:00-04:00,1.6799999475479126,1.6799999475479126,1.6799999475479126,1.6799999475479126,1900,0.0,0.0
2024-10-29 10:48:00-04:00,1.6829999685287476,1.684999942779541,1.6799999475479126,1.6799999475479126,2800,0.0,0.0
2024-10-29 10:49:00-04:00,1.6799999475479126,1.6799999475479126,1.6799999475479126,1.6799999475479126,1303,0.0,0.0
2024-10-29 10:50:00-04:00,1.6799999475479126,1.690000057220459,1.6799999475479126,1.6799999475479126,5300,0.0,0.0
2024-10-29 10:51:00-04:00,1.6799999475479126,1.684999942779541,1.6799999475479126,1.6799999475479126,2872,0.0,0.0
2024-10-29 10:52:00-04:00,1.6799999475479126,1.684999942779541,1.6799999475479126,1.6799999475479126,1801,0.0,0.0
2024-10-29 10:53:00-04:00,1.6799999475479126,1.6799999475479126,1.6799999475479126,1.6799999475479126,1800,0.0,0.0
2024-10-29 10:54:00-04:00,1.6799999475479126,1.6799999475479126,1.6799999475479126,1.6799999475479126,1300,0.0,0.0
2024-10-29 10:55:00-04:00,1.6799999475479126,1.690000057220459,1.6799999475479126,1.6799999475479126,1700,0.0,0.0
2024-10-29 10:56:00-04:00,1.6799999475479126,1.690000057220459,1.6799999475479126,1.6799999475479126,3526,0.0,0.0
2024-10-29 10:57:00-04:00,1.6799999475479126,1.6799999475479126,1.6799999475479126,1.6799999475479126,2200,0.0,0.0
2024-10-29 10:58:00-04:00,1.6799999475479126,1.690000057220459,1.6799999475479126,1.6799999475479126,5500,0.0,0.0
2024-10-29 10:59:00-04:00,1.6799999475479126,1.6799999475479126,1.6799999475479126,1.6799999475479126,1428,0.0,0.0
2024-10-29 11:00:00-04:00,1.6799999475479126,1.690000057220459,1.6799999475479126,1.6799999475479126,1500,0.0,0.0
2024-10-29 11:01:00-04:00,1.6799999475479126,1.6799999475479126,1.6799999475479126,1.6799999475479126,1400,0.0,0.0
2024-10-29 11:02:00-04:00,1.6799999475479126,1.690000057220459,1.6799999475479126,1.6799999475479126,2315,0.0,0.0
2024-10-29 11:03:00-04:00,1.6799999475479126,1.684999942779541,1.6799999475479126,1.6799999475479126,2715,0.0,0.0
2024-10-29 11:04:00-04:00,1.6799999475479126,1.684000015258789,1.6799999475479126,1.6799999475479126,3400,0.0,0.0
2024-10-29 11:05:00-04:00,1.6799999475479126,1.6799999475479126,1.6799999475479126,1.6799999475479126,2325,0.0,0.0
2024-10-29 11:06:00-04:00,1.6799999475479126,1.690000057220459,1.6799999475479126,1.690000057220459,3823,0.0,0.0
2024-10-29 11:07:00-04:00,1.6799999475479126,1.684999942779541,1.6799999475479126,1.6799999475479126,1800,0.0,0.0
2024-10-29 11:08:00-04:00,1.690000057220459,1.690000057220459,1.6799999475479126,1.690000057220459,15816,0.0,0.0
2024-10-29 11:09:00-04:00,1.684999942779541,1.684999942779541,1.6799999475479126,1.6799999475479126,3481,0.0,0.0
2024-10-29 11:10:00-04:00,1.6799999475479126,1.684999942779541,1.6799999475479126,1.6799999475479126,23999,0.0,0.0
2024-10-29 11:11:00-04:00,1.6799999475479126,1.684999942779541,1.6799999475479126,1.6799999475479126,3142,0.0,0.0
2024-10-29 11:12:00-04:00,1.6799999475479126,1.690000057220459,1.6799999475479126,1.6799999475479126,3896,0.0,0.0
2024-10-29 11:13:00-04:00,1.6799999475479126,1.681399941444397,1.6799999475479126,1.6799999475479126,3000,0.0,0.0
2024-10-29 11:14:00-04:00,1.6799999475479126,1.684999942779541,1.6799999475479126,1.6799999475479126,1712,0.0,0.0
2024-10-29 11:15:00-04:00,1.6820000410079956,1.690000057220459,1.6799999475479126,1.6799999475479126,14200,0.0,0.0
2024-10-29 11:16:00-04:00,1.6799999475479126,1.6799999475479126,1.6799999475479126,1.6799999475479126,1201,0.0,0.0
2024-10-29 11:17:00-04:00,1.6799999475479126,1.684999942779541,1.6799999475479126,1.6799999475479126,4417,0.0,0.0
2024-10-29 11:18:00-04:00,1.6799999475479126,1.6799999475479126,1.6799999475479126,1.6799999475479126,1600,0.0,0.0
2024-10-29 11:19:00-04:00,1.6799999475479126,1.690000057220459,1.6799999475479126,1.6799999475479126,1300,0.0,0.0
2024-10-29 11:20:00-04:00,1.6799999475479126,1.690000057220459,1.6799999475479126,1.6799999475479126,8365,0.0,0.0
2024-10-29 11:21:00-04:00,1.6799999475479126,1.690000057220459,1.6799999475479126,1.6799999475479126,1906,0.0,0.0
2024-10-29 11:22:00-04:00,1.6799999475479126,1.684999942779541,1.6799999475479126,1.6799999475479126,3594,0.0,0.0
2024-10-29 11:23:00-04:00,1.684999942779541,1.690000057220459,1.6799999475479126,1.6799999475479126,8102,0.0,0.0
2024-10-29 11:24:00-04:00,1.6799999475479126,1.6799999475479126,1.6799999475479126,1.6799999475479126,3000,0.0,0.0
2024-10-29 11:25:00-04:00,1.6799999475479126,1.6799999475479126,1.6799999475479126,1.6799999475479126,2000,0.0,0.0
2024-10-29 11:26:00-04:00,1.6799999475479126,1.6799999475479126,1.6799999475479126,1.6799999475479126,1100,0.0,0.0
2024-10-29 11:27:00-04:00,1.6799999475479126,1.6799999475479126,1.6699999570846558,1.6699999570846558,40011,0.0,0.0
2024-10-29 11:28:00-04:00,1.6699999570846558,1.6699999570846558,1.6699999570846558,1.6699999570846558,900,0.0,0.0
2024-10-29 11:29:00-04:00,1.6699999570846558,1.6749999523162842,1.6699999570846558,1.6699999570846558,1400,0.0,0.0
2024-10-29 11:30:00-04:00,1.6699999570846558,1.6799999475479126,1.6699999570846558,1.6799999475479126,1312,0.0,0.0
2024-10-29 11:31:00-04:00,1.6699999570846558,1.6799999475479126,1.6699999570846558,1.6749999523162842,24697,0.0,0.0
2024-10-29 11:32:00-04:00,1.6749999523162842,1.6749999523162842,1.6749999523162842,1.6749999523162842,3359,0.0,0.0
2024-10-29 11:33:00-04:00,1.6699999570846558,1.6749999523162842,1.6699999570846558,1.6749999523162842,4500,0.0,0.0
2024-10-29 11:34:00-04:00,1.6699999570846558,1.6749999523162842,1.6699999570846558,1.6749999523162842,1325,0.0,0.0
2024-10-29 11:35:00-04:00,1.6699999570846558,1.6749999523162842,1.6699999570846558,1.6699999570846558,1600,0.0,0.0
2024-10-29 11:36:00-04:00,1.6699999570846558,1.6699999570846558,1.6699999570846558,1.6699999570846558,1000,0.0,0.0
2024-10-29 11:37:00-04:00,1.6749999523162842,1.6799999475479126,1.6749999523162842,1.6749999523162842,10172,0.0,0.0
2024-10-29 11:38:00-04:00,1.6749999523162842,1.6749999523162842,1.6749999523162842,1.6749999523162842,1213,0.0,0.0
2024-10-29 11:39:00-04:00,1.6749999523162842,1.6799999475479126,1.6749999523162842,1.6749999523162842,2073,0.0,0.0
2024-10-29 11:40:00-04:00,1.6749999523162842,1.6799999475479126,1.6749999523162842,1.6799999475479126,7670,0.0,0.0
2024-10-29 11:41:00-04:00,1.6799999475479126,1.6799999475479126,1.6749999523162842,1.6799999475479126,1400,0.0,0.0
2024-10-29 11:42:00-04:00,1.676800012588501,1.6799999475479126,1.6699999570846558,1.6799999475479126,3857,0.0,0.0
2024-10-29 11:43:00-04:00,1.6749999523162842,1.6749999523162842,1.6699999570846558,1.6699999570846558,2726,0.0,0.0
2024-10-29 11:44:00-04:00,1.6699999570846558,1.6799999475479126,1.6699999570846558,1.6749999523162842,6800,0.0,0.0
2024-10-29 11:45:00-04:00,1.6749999523162842,1.6787999868392944,1.6749999523162842,1.6749999523162842,1752,0.0,0.0
2024-10-29 11:46:00-04:00,1.6749999523162842,1.6799999475479126,1.6749999523162842,1.6749999523162842,1341,0.0,0.0
2024-10-29 11:47:00-04:00,1.6749999523162842,1.6749999523162842,1.6749999523162842,1.6749999523162842,2200,0.0,0.0
2024-10-29 11:48:00-04:00,1.6749999523162842,1.6749999523162842,1.6700999736785889,1.6749999523162842,1445,0.0,0.0
2024-10-29 11:49:00-04:00,1.6749999523162842,1.6749999523162842,1.6699999570846558,1.6749999523162842,1200,0.0,0.0
2024-10-29 11:50:00-04:00,1.6749999523162842,1.6799999475479126,1.6749999523162842,1.6799999475479126,1936,0.0,0.0
2024-10-29 11:51:00-04:00,1.6749999523162842,1.6749999523162842,1.6699999570846558,1.6699999570846558,2550,0.0,0.0
2024-10-29 11:52:00-04:00,1.6699999570846558,1.6799999475479126,1.6699999570846558,1.6799999475479126,5801,0.0,0.0
2024-10-29 11:54:00-04:00,1.6699999570846558,1.6699999570846558,1.6699999570846558,1.6699999570846558,7126,0.0,0.0
2024-10-29 11:55:00-04:00,1.6699999570846558,1.6699999570846558,1.6699999570846558,1.6699999570846558,1000,0.0,0.0
2024-10-29 11:56:00-04:00,1.6749999523162842,1.6749999523162842,1.6699999570846558,1.6699999570846558,1354,0.0,0.0
2024-10-29 11:57:00-04:00,1.6699999570846558,1.6749999523162842,1.6699999570846558,1.6699999570846558,2881,0.0,0.0
2024-10-29 11:58:00-04:00,1.6699999570846558,1.6699999570846558,1.6699999570846558,1.6699999570846558,1300,0.0,0.0
2024-10-29 11:59:00-04:00,1.6749999523162842,1.6799999475479126,1.6699999570846558,1.6770000457763672,11157,0.0,0.0
2024-10-29 12:00:00-04:00,1.6749999523162842,1.6749999523162842,1.6749999523162842,1.6749999523162842,900,0.0,0.0
2024-10-29 12:01:00-04:00,1.6749999523162842,1.6799999475479126,1.6749999523162842,1.6749999523162842,1600,0.0,0.0
2024-10-29 12:02:00-04:00,1.6749999523162842,1.6749999523162842,1.6749999523162842,1.6749999523162842,2259,0.0,0.0
2024-10-29 12:03:00-04:00,1.6699999570846558,1.6749999523162842,1.6699999570846558,1.6749999523162842,2342,0.0,0.0
2024-10-29 12:04:00-04:00,1.6699999570846558,1.6799999475479126,1.6699999570846558,1.6749999523162842,3200,0.0,0.0
2024-10-29 12:05:00-04:00,1.6749999523162842,1.6749999523162842,1.6718000173568726,1.6718000173568726,2146,0.0,0.0
2024-10-29 12:06:00-04:00,1.6749999523162842,1.6799999475479126,1.6749999523162842,1.6799999475479126,5600,0.0,0.0
2024-10-29 12:07:00-04:00,1.6799999475479126,1.684999942779541,1.6799999475479126,1.684999942779541,33098,0.0,0.0
2024-10-29 12:09:00-04:00,1.684999942779541,1.684999942779541,1.684999942779541,1.684999942779541,401,0.0,0.0
2024-10-29 12:11:00-04:00,1.684999942779541,1.684999942779541,1.684999942779541,1.684999942779541,2426,0.0,0.0
2024-10-29 12:12:00-04:00,1.683500051498413,1.690000057220459,1.6799999475479126,1.6799999475479126,9778,0.0,0.0
2024-10-29 12:15:00-04:00,1.684999942779541,1.684999942779541,1.6799999475479126,1.6799999475479126,480,0.0,0.0
2024-10-29 12:16:00-04:00,1.6799999475479126,1.690000057220459,1.6799999475479126,1.690000057220459,3880,0.0,0.0
2024-10-29 12:17:00-04:00,1.684999942779541,1.684999942779541,1.6799999475479126,1.6799999475479126,2471,0.0,0.0
2024-10-29 12:18:00-04:00,1.684999942779541,1.684999942779541,1.6799999475479126,1.6799999475479126,1300,0.0,0.0
2024-10-29 12:19:00-04:00,1.6799999475479126,1.684999942779541,1.6799999475479126,1.6799999475479126,5800,0.0,0.0
2024-10-29 12:20:00-04:00,1.6799999475479126,1.684999942779541,1.6799999475479126,1.6799999475479126,1819,0.0,0.0
2024-10-29 12:21:00-04:00,1.6799999475479126,1.684999942779541,1.6799999475479126,1.6799999475479126,2124,0.0,0.0
2024-10-29 12:22:00-04:00,1.684999942779541,1.684999942779541,1.6799999475479126,1.6799999475479126,3601,0.0,0.0
2024-10-29 12:23:00-04:00,1.6799999475479126,1.690000057220459,1.6799999475479126,1.6799999475479126,13387,0.0,0.0
2024-10-29 12:24:00-04:00,1.6799999475479126,1.687999963760376,1.6799999475479126,1.687999963760376,2428,0.0,0.0
2024-10-29 12:25:00-04:00,1.6799999475479126,1.684999942779541,1.6799999475479126,1.6799999475479126,1300,0.0,0.0
2024-10-29 12:26:00-04:00,1.6820000410079956,1.6820000410079956,1.6799999475479126,1.6799999475479126,1300,0.0,0.0
2024-10-29 12:27:00-04:00,1.6799999475479126,1.6820000410079956,1.6799999475479126,1.6799999475479126,3961,0.0,0.0
2024-10-29 12:28:00-04:00,1.6799999475479126,1.684999942779541,1.6699999570846558,1.6699999570846558,22063,0.0,0.0
2024-10-29 12:29:00-04:00,1.6699999570846558,1.6699999570846558,1.6699999570846558,1.6699999570846558,1100,0.0,0.0
2024-10-29 12:30:00-04:00,1.6699999570846558,1.6799999475479126,1.6699999570846558,1.6699999570846558,11600,0.0,0.0
2024-10-29 12:31:00-04:00,1.6699999570846558,1.6799999475479126,1.6699999570846558,1.6699999570846558,9388,0.0,0.0
2024-10-29 12:32:00-04:00,1.6699999570846558,1.6799999475479126,1.6699999570846558,1.6749999523162842,2901,0.0,0.0
2024-10-29 12:33:00-04:00,1.6699999570846558,1.6749999523162842,1.6699999570846558,1.6699999570846558,3075,0.0,0.0
2024-10-29 12:34:00-04:00,1.6699999570846558,1.6749999523162842,1.6699999570846558,1.6749999523162842,3600,0.0,0.0
2024-10-29 12:35:00-04:00,1.6699999570846558,1.6749999523162842,1.6699999570846558,1.6699999570846558,1730,0.0,0.0
2024-10-29 12:36:00-04:00,1.6699999570846558,1.6799999475479126,1.6699999570846558,1.6749999523162842,9800,0.0,0.0
2024-10-29 12:37:00-04:00,1.6699999570846558,1.6749999523162842,1.6699999570846558,1.6699999570846558,2700,0.0,0.0
2024-10-29 12:38:00-04:00,1.6699999570846558,1.6699999570846558,1.6699999570846558,1.6699999570846558,1100,0.0,0.0
2024-10-29 12:39:00-04:00,1.6699999570846558,1.6749999523162842,1.6699999570846558,1.6699999570846558,1401,0.0,0.0
2024-10-29 12:40:00-04:00,1.6699999570846558,1.6699999570846558,1.6699999570846558,1.6699999570846558,900,0.0,0.0
2024-10-29 12:41:00-04:00,1.6699999570846558,1.6749999523162842,1.6699999570846558,1.6699999570846558,1400,0.0,0.0
2024-10-29 12:42:00-04:00,1.6699999570846558,1.6749999523162842,1.6699999570846558,1.6699999570846558,3101,0.0,0.0
2024-10-29 12:43:00-04:00,1.6699999570846558,1.6799999475479126,1.6699999570846558,1.6699999570846558,5675,0.0,0.0
2024-10-29 12:44:00-04:00,1.6699999570846558,1.6699999570846558,1.6699999570846558,1.6699999570846558,1131,0.0,0.0
2024-10-29 12:45:00-04:00,1.6749999523162842,1.6799999475479126,1.6699999570846558,1.6699999570846558,1424,0.0,0.0
2024-10-29 12:46:00-04:00,1.6699999570846558,1.6799999475479126,1.6699999570846558,1.6699999570846558,1200,0.0,0.0
2024-10-29 12:47:00-04:00,1.6699999570846558,1.6749999523162842,1.6699999570846558,1.6699999570846558,2196,0.0,0.0
2024-10-29 12:48:00-04:00,1.6699999570846558,1.6749999523162842,1.6699999570846558,1.6699999570846558,11234,0.0,0.0
2024-10-29 12:49:00-04:00,1.6799999475479126,1.6799999475479126,1.6699999570846558,1.6699999570846558,1401,0.0,0.0
2024-10-29 12:50:00-04:00,1.6699999570846558,1.6749999523162842,1.6699999570846558,1.6699999570846558,1200,0.0,0.0
2024-10-29 12:51:00-04:00,1.6699999570846558,1.6749999523162842,1.6699999570846558,1.6749999523162842,3600,0.0,0.0
2024-10-29 12:52:00-04:00,1.6699999570846558,1.6799999475479126,1.6699999570846558,1.6699999570846558,9543,0.0,0.0
2024-10-29 12:53:00-04:00,1.6699999570846558,1.6749999523162842,1.6699999570846558,1.6699999570846558,2100,0.0,0.0
2024-10-29 12:54:00-04:00,1.6749999523162842,1.6749999523162842,1.6699999570846558,1.6699999570846558,1460,0.0,0.0
2024-10-29 12:55:00-04:00,1.6699999570846558,1.6699999570846558,1.6699999570846558,1.6699999570846558,1000,0.0,0.0
2024-10-29 12:56:00-04:00,1.6699999570846558,1.6699999570846558,1.6699999570846558,1.6699999570846558,1200,0.0,0.0
2024-10-29 12:57:00-04:00,1.6699999570846558,1.6699999570846558,1.6699999570846558,1.6699999570846558,2000,0.0,0.0
2024-10-29 12:58:00-04:00,1.6699999570846558,1.6749999523162842,1.6699999570846558,1.6699999570846558,2689,0.0,0.0
2024-10-29 12:59:00-04:00,1.6699999570846558,1.6799999475479126,1.6699999570846558,1.6749999523162842,5653,0.0,0.0
2024-10-29 13:00:00-04:00,1.6699999570846558,1.6749999523162842,1.6699999570846558,1.6699999570846558,1200,0.0,0.0
2024-10-29 13:01:00-04:00,1.6699999570846558,1.6749999523162842,1.6699999570846558,1.6699999570846558,1426,0.0,0.0
2024-10-29 13:02:00-04:00,1.6699999570846558,1.6699999570846558,1.6699999570846558,1.6699999570846558,1715,0.0,0.0
2024-10-29 13:03:00-04:00,1.6699999570846558,1.6749999523162842,1.6699999570846558,1.6699999570846558,1331,0.0,0.0
2024-10-29 13:04:00-04:00,1.6699999570846558,1.6720000505447388,1.6699999570846558,1.6699999570846558,11250,0.0,0.0
2024-10-29 13:05:00-04:00,1.6699999570846558,1.6749999523162842,1.6699999570846558,1.6699999570846558,11600,0.0,0.0
2024-10-29 13:06:00-04:00,1.6699999570846558,1.6749999523162842,1.6699999570846558,1.6699999570846558,1583,0.0,0.0
2024-10-29 13:07:00-04:00,1.6699999570846558,1.6699999570846558,1.6699999570846558,1.6699999570846558,2600,0.0,0.0
2024-10-29 13:08:00-04:00,1.6699999570846558,1.6749999523162842,1.6699999570846558,1.6699999570846558,4296,0.0,0.0
2024-10-29 13:09:00-04:00,1.6749999523162842,1.6799999475479126,1.6699999570846558,1.6699999570846558,10134,0.0,0.0
2024-10-29 13:10:00-04:00,1.6749999523162842,1.6749999523162842,1.6699999570846558,1.6699999570846558,1150,0.0,0.0
2024-10-29 13:11:00-04:00,1.6699999570846558,1.6699999570846558,1.6699999570846558,1.6699999570846558,1200,0.0,0.0
2024-10-29 13:12:00-04:00,1.6699999570846558,1.6749999523162842,1.6699999570846558,1.6699999570846558,2843,0.0,0.0
2024-10-29 13:13:00-04:00,1.6699999570846558,1.6799999475479126,1.6699999570846558,1.6699999570846558,1100,0.0,0.0
2024-10-29 13:14:00-04:00,1.6699999570846558,1.6699999570846558,1.6699999570846558,1.6699999570846558,900,0.0,0.0
2024-10-29 13:15:00-04:00,1.6699999570846558,1.6749999523162842,1.6699999570846558,1.6699999570846558,2528,0.0,0.0
2024-10-29 13:16:00-04:00,1.6699999570846558,1.6799999475479126,1.6699999570846558,1.6699999570846558,4700,0.0,0.0
2024-10-29 13:17:00-04:00,1.6799999475479126,1.6799999475479126,1.6699999570846558,1.6699999570846558,2460,0.0,0.0
2024-10-29 13:18:00-04:00,1.6699999570846558,1.6699999570846558,1.6699999570846558,1.6699999570846558,1200,0.0,0.0
2024-10-29 13:19:00-04:00,1.6699999570846558,1.6799999475479126,1.6699999570846558,1.6699999570846558,1500,0.0,0.0
2024-10-29 13:20:00-04:00,1.6699999570846558,1.6699999570846558,1.6699999570846558,1.6699999570846558,900,0.0,0.0
2024-10-29 13:21:00-04:00,1.6699999570846558,1.6749999523162842,1.6699999570846558,1.6699999570846558,1542,0.0,0.0
2024-10-29 13:22:00-04:00,1.6700999736785889,1.6799999475479126,1.6699999570846558,1.6699999570846558,5161,0.0,0.0
2024-10-29 13:23:00-04:00,1.6699999570846558,1.6699999570846558,1.6699999570846558,1.6699999570846558,1200,0.0,0.0
2024-10-29 13:24:00-04:00,1.6699999570846558,1.6720000505447388,1.6699999570846558,1.6699999570846558,2116,0.0,0.0
2024-10-29 13:25:00-04:00,1.6749999523162842,1.6799999475479126,1.6699999570846558,1.6699999570846558,5800,0.0,0.0
2024-10-29 13:26:00-04:00,1.6699999570846558,1.6749999523162842,1.6699999570846558,1.6699999570846558,1530,0.0,0.0
2024-10-29 13:27:00-04:00,1.6699999570846558,1.6699999570846558,1.6699999570846558,1.6699999570846558,1970,0.0,0.0
2024-10-29 13:28:00-04:00,1.6699999570846558,1.6799999475479126,1.6649999618530273,1.6649999618530273,78964,0.0,0.0
2024-10-29 13:29:00-04:00,1.659999966621399,1.6649999618530273,1.659999966621399,1.659999966621399,3100,0.0,0.0
2024-10-29 13:30:00-04:00,1.6649999618530273,1.6649999618530273,1.659999966621399,1.659999966621399,1100,0.0,0.0
2024-10-29 13:31:00-04:00,1.659999966621399,1.6649999618530273,1.659999966621399,1.659999966621399,1213,0.0,0.0
2024-10-29 13:32:00-04:00,1.6649999618530273,1.6649999618530273,1.659999966621399,1.659999966621399,6601,0.0,0.0
2024-10-29 13:33:00-04:00,1.659999966621399,1.6649999618530273,1.659999966621399,1.6649999618530273,5400,0.0,0.0
2024-10-29 13:34:00-04:00,1.659999966621399,1.6699999570846558,1.659999966621399,1.659999966621399,24923,0.0,0.0
2024-10-29 13:35:00-04:00,1.659999966621399,1.659999966621399,1.659999966621399,1.659999966621399,1100,0.0,0.0
2024-10-29 13:36:00-04:00,1.659999966621399,1.6649999618530273,1.659999966621399,1.659999966621399,1300,0.0,0.0
2024-10-29 13:37:00-04:00,1.659999966621399,1.6699999570846558,1.659999966621399,1.659999966621399,3200,0.0,0.0
2024-10-29 13:38:00-04:00,1.659999966621399,1.6649999618530273,1.659999966621399,1.659999966621399,2100,0.0,0.0
2024-10-29 13:39:00-04:00,1.659999966621399,1.6649999618530273,1.659999966621399,1.6649999618530273,7600,0.0,0.0
2024-10-29 13:40:00-04:00,1.659999966621399,1.6619999408721924,1.659999966621399,1.659999966621399,2635,0.0,0.0
2024-10-29 13:41:00-04:00,1.659999966621399,1.659999966621399,1.659999966621399,1.659999966621399,1300,0.0,0.0
2024-10-29 13:42:00-04:00,1.659999966621399,1.659999966621399,1.659999966621399,1.659999966621399,1901,0.0,0.0
2024-10-29 13:43:00-04:00,1.659999966621399,1.659999966621399,1.659999966621399,1.659999966621399,3372,0.0,0.0
2024-10-29 13:44:00-04:00,1.659999966621399,1.659999966621399,1.659999966621399,1.659999966621399,1200,0.0,0.0
2024-10-29 13:45:00-04:00,1.6619999408721924,1.6699999570846558,1.659999966621399,1.659999966621399,1500,0.0,0.0
2024-10-29 13:46:00-04:00,1.659999966621399,1.6649999618530273,1.649999976158142,1.6598999500274658,52776,0.0,0.0
2024-10-29 13:47:00-04:00,1.659999966621399,1.659999966621399,1.6549999713897705,1.6549999713897705,76937,0.0,0.0
2024-10-29 13:48:00-04:00,1.6549999713897705,1.6549999713897705,1.6549999713897705,1.6549999713897705,900,0.0,0.0
2024-10-29 13:49:00-04:00,1.6585999727249146,1.6598000526428223,1.6585999727249146,1.659500002861023,3727,0.0,0.0
2024-10-29 13:50:00-04:00,1.659999966621399,1.659999966621399,1.659999966621399,1.659999966621399,300,0.0,0.0
2024-10-29 13:51:00-04:00,1.6549999713897705,1.659999966621399,1.6549999713897705,1.6549999713897705,27831,0.0,0.0
2024-10-29 13:52:00-04:00,1.6549999713897705,1.6549999713897705,1.649999976158142,1.6549999713897705,7554,0.0,0.0
2024-10-29 13:53:00-04:00,1.649999976158142,1.659999966621399,1.649999976158142,1.6549999713897705,1672,0.0,0.0
2024-10-29 13:54:00-04:00,1.649999976158142,1.6549999713897705,1.649999976158142,1.649999976158142,3319,0.0,0.0
2024-10-29 13:55:00-04:00,1.6549999713897705,1.6549999713897705,1.649999976158142,1.6549999713897705,3550,0.0,0.0
2024-10-29 13:56:00-04:00,1.649999976158142,1.659999966621399,1.649999976158142,1.659999966621399,2000,0.0,0.0
2024-10-29 13:57:00-04:00,1.659999966621399,1.659999966621399,1.649999976158142,1.649999976158142,18922,0.0,0.0
2024-10-29 13:58:00-04:00,1.649999976158142,1.6549999713897705,1.649999976158142,1.649999976158142,2200,0.0,0.0
2024-10-29 13:59:00-04:00,1.649999976158142,1.649999976158142,1.649999976158142,1.649999976158142,1200,0.0,0.0
2024-10-29 14:00:00-04:00,1.649999976158142,1.6589000225067139,1.649999976158142,1.649999976158142,1219,0.0,0.0
2024-10-29 14:01:00-04:00,1.649999976158142,1.6549999713897705,1.649999976158142,1.649999976158142,1700,0.0,0.0
2024-10-29 14:02:00-04:00,1.6575000286102295,1.659999966621399,1.649999976158142,1.649999976158142,7901,0.0,0.0
2024-10-29 14:03:00-04:00,1.649999976158142,1.659999966621399,1.649999976158142,1.649999976158142,8052,0.0,0.0
2024-10-29 14:04:00-04:00,1.649999976158142,1.6598000526428223,1.649999976158142,1.649999976158142,1300,0.0,0.0
2024-10-29 14:05:00-04:00,1.649999976158142,1.659999966621399,1.649999976158142,1.649999976158142,1300,0.0,0.0
2024-10-29 14:06:00-04:00,1.649999976158142,1.6549999713897705,1.649999976158142,1.649999976158142,3532,0.0,0.0
2024-10-29 14:07:00-04:00,1.649999976158142,1.6549999713897705,1.649999976158142,1.649999976158142,2832,0.0,0.0
2024-10-29 14:08:00-04:00,1.649999976158142,1.6549999713897705,1.649999976158142,1.649999976158142,1600,0.0,0.0
2024-10-29 14:09:00-04:00,1.649999976158142,1.659999966621399,1.649999976158142,1.649999976158142,1300,0.0,0.0
2024-10-29 14:10:00-04:00,1.6549999713897705,1.6549999713897705,1.649999976158142,1.649999976158142,1806,0.0,0.0
2024-10-29 14:11:00-04:00,1.659999966621399,1.659999966621399,1.649999976158142,1.6549999713897705,6399,0.0,0.0
2024-10-29 14:12:00-04:00,1.649999976158142,1.659999966621399,1.649999976158142,1.649999976158142,2001,0.0,0.0
2024-10-29 14:13:00-04:00,1.649999976158142,1.6549999713897705,1.649999976158142,1.649999976158142,1622,0.0,0.0
2024-10-29 14:14:00-04:00,1.649999976158142,1.649999976158142,1.649999976158142,1.649999976158142,1000,0.0,0.0
2024-10-29 14:15:00-04:00,1.649999976158142,1.6549999713897705,1.649999976158142,1.649999976158142,1300,0.0,0.0
2024-10-29 14:16:00-04:00,1.649999976158142,1.659999966621399,1.649999976158142,1.649999976158142,1801,0.0,0.0
2024-10-29 14:17:00-04:00,1.649999976158142,1.6549999713897705,1.649999976158142,1.649999976158142,2000,0.0,0.0
2024-10-29 14:18:00-04:00,1.649999976158142,1.659999966621399,1.649999976158142,1.649999976158142,4700,0.0,0.0
2024-10-29 14:19:00-04:00,1.649999976158142,1.649999976158142,1.649999976158142,1.649999976158142,925,0.0,0.0
2024-10-29 14:20:00-04:00,1.649999976158142,1.659999966621399,1.649999976158142,1.649999976158142,1700,0.0,0.0
2024-10-29 14:21:00-04:00,1.649999976158142,1.649999976158142,1.649999976158142,1.649999976158142,1100,0.0,0.0
2024-10-29 14:22:00-04:00,1.649999976158142,1.6549999713897705,1.649999976158142,1.649999976158142,1701,0.0,0.0
2024-10-29 14:23:00-04:00,1.659999966621399,1.659999966621399,1.649999976158142,1.649999976158142,1400,0.0,0.0
2024-10-29 14:24:00-04:00,1.6549999713897705,1.6549999713897705,1.649999976158142,1.649999976158142,1610,0.0,0.0
2024-10-29 14:25:00-04:00,1.649999976158142,1.659999966621399,1.649999976158142,1.649999976158142,1732,0.0,0.0
2024-10-29 14:26:00-04:00,1.649999976158142,1.659999966621399,1.649999976158142,1.6549999713897705,4205,0.0,0.0
2024-10-29 14:27:00-04:00,1.649999976158142,1.6549999713897705,1.649999976158142,1.649999976158142,1600,0.0,0.0
2024-10-29 14:28:00-04:00,1.649999976158142,1.649999976158142,1.649999976158142,1.649999976158142,1425,0.0,0.0
2024-10-29 14:29:00-04:00,1.649999976158142,1.649999976158142,1.649999976158142,1.649999976158142,1100,0.0,0.0
2024-10-29 14:30:00-04:00,1.649999976158142,1.659999966621399,1.649999976158142,1.649999976158142,1324,0.0,0.0
2024-10-29 14:31:00-04:00,1.649999976158142,1.6549999713897705,1.649999976158142,1.6549999713897705,1700,0.0,0.0
2024-10-29 14:32:00-04:00,1.649999976158142,1.6549999713897705,1.649999976158142,1.649999976158142,2101,0.0,0.0
2024-10-29 14:33:00-04:00,1.649999976158142,1.659999966621399,1.649999976158142,1.649999976158142,1100,0.0,0.0
2024-10-29 14:34:00-04:00,1.649999976158142,1.6549999713897705,1.649999976158142,1.649999976158142,41801,0.0,0.0
2024-10-29 14:35:00-04:00,1.649999976158142,1.6519999504089355,1.649999976158142,1.649999976158142,9599,0.0,0.0
2024-10-29 14:36:00-04:00,1.649999976158142,1.659999966621399,1.649999976158142,1.649999976158142,1400,0.0,0.0
2024-10-29 14:37:00-04:00,1.649999976158142,1.6549999713897705,1.649999976158142,1.649999976158142,3800,0.0,0.0
2024-10-29 14:38:00-04:00,1.649999976158142,1.659999966621399,1.649999976158142,1.6549999713897705,16398,0.0,0.0
2024-10-29 14:39:00-04:00,1.6549999713897705,1.6549999713897705,1.649999976158142,1.649999976158142,1300,0.0,0.0
2024-10-29 14:40:00-04:00,1.6549999713897705,1.659999966621399,1.649999976158142,1.649999976158142,2824,0.0,0.0
2024-10-29 14:41:00-04:00,1.649999976158142,1.6549999713897705,1.649999976158142,1.649999976158142,1400,0.0,0.0
2024-10-29 14:42:00-04:00,1.649999976158142,1.659999966621399,1.649999976158142,1.649999976158142,3154,0.0,0.0
2024-10-29 14:43:00-04:00,1.649999976158142,1.6597000360488892,1.649999976158142,1.6549999713897705,2234,0.0,0.0
2024-10-29 14:44:00-04:00,1.649999976158142,1.659999966621399,1.649999976158142,1.6549999713897705,7697,0.0,0.0
2024-10-29 14:45:00-04:00,1.649999976158142,1.659999966621399,1.649999976158142,1.6549999713897705,3572,0.0,0.0
2024-10-29 14:46:00-04:00,1.6549999713897705,1.659999966621399,1.6549999713897705,1.6549999713897705,1300,0.0,0.0
2024-10-29 14:47:00-04:00,1.6549999713897705,1.659999966621399,1.6549999713897705,1.6549999713897705,4517,0.0,0.0
2024-10-29 14:48:00-04:00,1.6549999713897705,1.6549999713897705,1.649999976158142,1.6549999713897705,1649,0.0,0.0
2024-10-29 14:49:00-04:00,1.6549999713897705,1.659999966621399,1.6549999713897705,1.659999966621399,6600,0.0,0.0
2024-10-29 14:50:00-04:00,1.6549999713897705,1.6549999713897705,1.649999976158142,1.6549999713897705,1602,0.0,0.0
2024-10-29 14:51:00-04:00,1.6549999713897705,1.6549999713897705,1.6549999713897705,1.6549999713897705,1726,0.0,0.0
2024-10-29 14:52:00-04:00,1.6549999713897705,1.659999966621399,1.6549999713897705,1.6549999713897705,14552,0.0,0.0
2024-10-29 14:53:00-04:00,1.6549999713897705,1.6549999713897705,1.6549999713897705,1.6549999713897705,1499,0.0,0.0
2024-10-29 14:54:00-04:00,1.6549999713897705,1.659999966621399,1.6549999713897705,1.6549999713897705,8008,0.0,0.0
2024-10-29 14:55:00-04:00,1.6549999713897705,1.659999966621399,1.6549999713897705,1.659999966621399,1701,0.0,0.0
2024-10-29 14:56:00-04:00,1.6549999713897705,1.659999966621399,1.6549999713897705,1.6549999713897705,5812,0.0,0.0
2024-10-29 14:57:00-04:00,1.6549999713897705,1.6549999713897705,1.6549999713897705,1.6549999713897705,3002,0.0,0.0
2024-10-29 14:58:00-04:00,1.6549999713897705,1.659999966621399,1.6549999713897705,1.6549999713897705,2202,0.0,0.0
2024-10-29 14:59:00-04:00,1.659999966621399,1.659999966621399,1.6549999713897705,1.6549999713897705,8861,0.0,0.0
2024-10-29 15:00:00-04:00,1.6549999713897705,1.6549999713897705,1.6549999713897705,1.6549999713897705,1628,0.0,0.0
2024-10-29 15:01:00-04:00,1.6549999713897705,1.6549999713897705,1.649999976158142,1.649999976158142,1680,0.0,0.0
2024-10-29 15:02:00-04:00,1.649999976158142,1.6549999713897705,1.649999976158142,1.649999976158142,2587,0.0,0.0
2024-10-29 15:03:00-04:00,1.649999976158142,1.659999966621399,1.649999976158142,1.649999976158142,1801,0.0,0.0
2024-10-29 15:04:00-04:00,1.649999976158142,1.649999976158142,1.649999976158142,1.649999976158142,1501,0.0,0.0
2024-10-29 15:05:00-04:00,1.649999976158142,1.6549999713897705,1.649999976158142,1.649999976158142,3949,0.0,0.0
2024-10-29 15:06:00-04:00,1.649999976158142,1.6549999713897705,1.649999976158142,1.6549999713897705,2278,0.0,0.0
2024-10-29 15:07:00-04:00,1.649999976158142,1.659999966621399,1.649999976158142,1.659999966621399,20397,0.0,0.0
2024-10-29 15:08:00-04:00,1.6549999713897705,1.6549999713897705,1.6535999774932861,1.6549999713897705,2628,0.0,0.0
2024-10-29 15:09:00-04:00,1.6549999713897705,1.6549999713897705,1.649999976158142,1.649999976158142,7011,0.0,0.0
2024-10-29 15:10:00-04:00,1.649999976158142,1.6549999713897705,1.649999976158142,1.649999976158142,1103,0.0,0.0
2024-10-29 15:11:00-04:00,1.649999976158142,1.659999966621399,1.649999976158142,1.649999976158142,1935,0.0,0.0
2024-10-29 15:12:00-04:00,1.649999976158142,1.6549999713897705,1.649999976158142,1.6549999713897705,3908,0.0,0.0
2024-10-29 15:13:00-04:00,1.649999976158142,1.659999966621399,1.649999976158142,1.6549999713897705,13355,0.0,0.0
2024-10-29 15:14:00-04:00,1.6549999713897705,1.659999966621399,1.6549999713897705,1.6549999713897705,1512,0.0,0.0
2024-10-29 15:15:00-04:00,1.6549999713897705,1.6549999713897705,1.6549999713897705,1.6549999713897705,2209,0.0,0.0
2024-10-29 15:16:00-04:00,1.6549999713897705,1.659999966621399,1.6549999713897705,1.659999966621399,2101,0.0,0.0
2024-10-29 15:17:00-04:00,1.6549999713897705,1.6549999713897705,1.6549999713897705,1.6549999713897705,3631,0.0,0.0
2024-10-29 15:18:00-04:00,1.6549999713897705,1.6549999713897705,1.649999976158142,1.649999976158142,3030,0.0,0.0
2024-10-29 15:19:00-04:00,1.649999976158142,1.6549999713897705,1.649999976158142,1.649999976158142,1381,0.0,0.0
2024-10-29 15:20:00-04:00,1.649999976158142,1.659999966621399,1.649999976158142,1.649999976158142,7272,0.0,0.0
2024-10-29 15:21:00-04:00,1.649999976158142,1.6549999713897705,1.649999976158142,1.6549999713897705,1692,0.0,0.0
2024-10-29 15:22:00-04:00,1.649999976158142,1.659999966621399,1.649999976158142,1.649999976158142,3298,0.0,0.0
2024-10-29 15:23:00-04:00,1.659999966621399,1.659999966621399,1.649999976158142,1.649999976158142,2002,0.0,0.0
2024-10-29 15:24:00-04:00,1.649999976158142,1.6549999713897705,1.649999976158142,1.649999976158142,1725,0.0,0.0
2024-10-29 15:25:00-04:00,1.649999976158142,1.6549999713897705,1.649999976158142,1.6549999713897705,3198,0.0,0.0
2024-10-29 15:26:00-04:00,1.649999976158142,1.6549999713897705,1.649999976158142,1.649999976158142,2602,0.0,0.0
2024-10-29 15:27:00-04:00,1.6549999713897705,1.6549999713897705,1.649999976158142,1.649999976158142,4119,0.0,0.0
2024-10-29 15:28:00-04:00,1.6518000364303589,1.659999966621399,1.649999976158142,1.649999976158142,8183,0.0,0.0
2024-10-29 15:29:00-04:00,1.649999976158142,1.659999966621399,1.649999976158142,1.6549999713897705,13185,0.0,0.0
2024-10-29 15:30:00-04:00,1.6549999713897705,1.6549999713897705,1.649999976158142,1.6549999713897705,2152,0.0,0.0
2024-10-29 15:31:00-04:00,1.6549999713897705,1.659999966621399,1.649999976158142,1.649999976158142,3455,0.0,0.0
2024-10-29 15:32:00-04:00,1.6549999713897705,1.6549999713897705,1.649999976158142,1.649999976158142,3603,0.0,0.0
2024-10-29 15:33:00-04:00,1.649999976158142,1.6549999713897705,1.649999976158142,1.649999976158142,2445,0.0,0.0
2024-10-29 15:34:00-04:00,1.649999976158142,1.659999966621399,1.649999976158142,1.649999976158142,2348,0.0,0.0
2024-10-29 15:35:00-04:00,1.6549999713897705,1.6584999561309814,1.649999976158142,1.649999976158142,7153,0.0,0.0
2024-10-29 15:36:00-04:00,1.6585999727249146,1.6585999727249146,1.649999976158142,1.649999976158142,2936,0.0,0.0
2024-10-29 15:37:00-04:00,1.6549999713897705,1.659999966621399,1.649999976158142,1.6549999713897705,15917,0.0,0.0
2024-10-29 15:38:00-04:00,1.649999976158142,1.6549999713897705,1.649999976158142,1.649999976158142,5587,0.0,0.0
2024-10-29 15:39:00-04:00,1.649999976158142,1.6549999713897705,1.649999976158142,1.649999976158142,4488,0.0,0.0
2024-10-29 15:40:00-04:00,1.649999976158142,1.659999966621399,1.649999976158142,1.659999966621399,5318,0.0,0.0
2024-10-29 15:41:00-04:00,1.649999976158142,1.6549999713897705,1.649999976158142,1.649999976158142,3261,0.0,0.0
2024-10-29 15:42:00-04:00,1.649999976158142,1.6549999713897705,1.649999976158142,1.649999976158142,4502,0.0,0.0
2024-10-29 15:43:00-04:00,1.649999976158142,1.6549999713897705,1.649999976158142,1.649999976158142,2955,0.0,0.0
2024-10-29 15:44:00-04:00,1.649999976158142,1.659999966621399,1.649999976158142,1.6549999713897705,16567,0.0,0.0
2024-10-29 15:45:00-04:00,1.649999976158142,1.6586999893188477,1.649999976158142,1.6549999713897705,3407,0.0,0.0
2024-10-29 15:46:00-04:00,1.649999976158142,1.6549999713897705,1.649999976158142,1.6549999713897705,4988,0.0,0.0
2024-10-29 15:47:00-04:00,1.649999976158142,1.6549999713897705,1.649999976158142,1.649999976158142,3732,0.0,0.0
2024-10-29 15:48:00-04:00,1.6549999713897705,1.6549999713897705,1.649999976158142,1.6549999713897705,8712,0.0,0.0
2024-10-29 15:49:00-04:00,1.649999976158142,1.6549999713897705,1.649999976158142,1.6549999713897705,4506,0.0,0.0
2024-10-29 15:50:00-04:00,1.6549999713897705,1.659999966621399,1.6549999713897705,1.6549999713897705,49281,0.0,0.0
2024-10-29 15:51:00-04:00,1.6579999923706055,1.659999966621399,1.6549999713897705,1.6549999713897705,14019,0.0,0.0
2024-10-29 15:52:00-04:00,1.6549999713897705,1.659999966621399,1.6549999713897705,1.6549999713897705,28393,0.0,0.0
2024-10-29 15:53:00-04:00,1.6549999713897705,1.659999966621399,1.6549999713897705,1.659999966621399,33100,0.0,0.0
2024-10-29 15:54:00-04:00,1.659999966621399,1.659999966621399,1.6549999713897705,1.6588000059127808,24856,0.0,0.0
2024-10-29 15:55:00-04:00,1.6549999713897705,1.659999966621399,1.6549999713897705,1.6549999713897705,22392,0.0,0.0
2024-10-29 15:56:00-04:00,1.659999966621399,1.659999966621399,1.6549999713897705,1.6549999713897705,30807,0.0,0.0
2024-10-29 15:57:00-04:00,1.659999966621399,1.659999966621399,1.6549999713897705,1.6549999713897705,41922,0.0,0.0
2024-10-29 15:58:00-04:00,1.6549999713897705,1.659999966621399,1.6549999713897705,1.659999966621399,37639,0.0,0.0
2024-10-29 15:59:00-04:00,1.6549999713897705,1.6699999570846558,1.6549999713897705,1.6649999618530273,150856,0.0,0.0
2024-10-30 09:30:00-04:00,1.6799999475479126,1.6799999475479126,1.6619999408721924,1.6649999618530273,17463,0.0,0.0
2024-10-30 09:31:00-04:00,1.6649999618530273,1.6649999618530273,1.6649999618530273,1.6649999618530273,800,0.0,0.0
2024-10-30 09:32:00-04:00,1.6649999618530273,1.6649999618530273,1.6649999618530273,1.6649999618530273,700,0.0,0.0
2024-10-30 09:33:00-04:00,1.6649999618530273,1.6649999618530273,1.6619999408721924,1.6619999408721924,10101,0.0,0.0
2024-10-30 09:34:00-04:00,1.6649999618530273,1.6649999618530273,1.6649999618530273,1.6649999618530273,440,0.0,0.0
2024-10-30 09:35:00-04:00,1.6649999618530273,1.6649999618530273,1.6649999618530273,1.6649999618530273,200,0.0,0.0
2024-10-30 09:37:00-04:00,1.6649999618530273,1.6649999618530273,1.659999966621399,1.659999966621399,1604,0.0,0.0
2024-10-30 09:38:00-04:00,1.6649999618530273,1.6699999570846558,1.6649999618530273,1.6649999618530273,2800,0.0,0.0
2024-10-30 09:39:00-04:00,1.6649999618530273,1.6649999618530273,1.6649999618530273,1.6649999618530273,100,0.0,0.0
2024-10-30 09:40:00-04:00,1.6649999618530273,1.6649999618530273,1.6649999618530273,1.6649999618530273,200,0.0,0.0
2024-10-30 09:42:00-04:00,1.6699999570846558,1.6699999570846558,1.6699999570846558,1.6699999570846558,401,0.0,0.0
2024-10-30 09:43:00-04:00,1.6649999618530273,1.6649999618530273,1.6649999618530273,1.6649999618530273,652,0.0,0.0
2024-10-30 09:45:00-04:00,1.659999966621399,1.659999966621399,1.659999966621399,1.659999966621399,279,0.0,0.0
2024-10-30 09:46:00-04:00,1.659999966621399,1.659999966621399,1.649999976158142,1.649999976158142,23355,0.0,0.0
2024-10-30 09:47:00-04:00,1.649999976158142,1.649999976158142,1.6399999856948853,1.6399999856948853,24234,0.0,0.0
2024-10-30 09:48:00-04:00,1.6449999809265137,1.6449999809265137,1.6449999809265137,1.6449999809265137,360,0.0,0.0
2024-10-30 09:49:00-04:00,1.6449999809265137,1.6449999809265137,1.6449999809265137,1.6449999809265137,1022,0.0,0.0
2024-10-30 09:50:00-04:00,1.6483999490737915,1.6549999713897705,1.6449999809265137,1.6549999713897705,28333,0.0,0.0
2024-10-30 09:52:00-04:00,1.6502000093460083,1.6502000093460083,1.6502000093460083,1.6502000093460083,1202,0.0,0.0
2024-10-30 09:53:00-04:00,1.6549999713897705,1.659999966621399,1.649999976158142,1.6549999713897705,15050,0.0,0.0
2024-10-30 09:54:00-04:00,1.6549999713897705,1.659999966621399,1.6514999866485596,1.6514999866485596,17636,0.0,0.0
2024-10-30 09:55:00-04:00,1.6549999713897705,1.6549999713897705,1.6549999713897705,1.6549999713897705,400,0.0,0.0
2024-10-30 09:56:00-04:00,1.6549999713897705,1.6549999713897705,1.6549999713897705,1.6549999713897705,1093,0.0,0.0
2024-10-30 09:58:00-04:00,1.6549999713897705,1.6549999713897705,1.6549999713897705,1.6549999713897705,300,0.0,0.0
2024-10-30 09:59:00-04:00,1.659999966621399,1.659999966621399,1.6549999713897705,1.659999966621399,3600,0.0,0.0
2024-10-30 10:00:00-04:00,1.6549999713897705,1.6549999713897705,1.6549999713897705,1.6549999713897705,3406,0.0,0.0
2024-10-30 10:01:00-04:00,1.6549999713897705,1.6549999713897705,1.649999976158142,1.649999976158142,1441,0.0,0.0
2024-10-30 10:02:00-04:00,1.649999976158142,1.6500999927520752,1.6449999809265137,1.6449999809265137,40786,0.0,0.0
2024-10-30 10:03:00-04:00,1.6399999856948853,1.6449999809265137,1.6399999856948853,1.6399999856948853,3542,0.0,0.0
2024-10-30 10:04:00-04:00,1.6399999856948853,1.6399999856948853,1.6399999856948853,1.6399999856948853,1242,0.0,0.0
2024-10-30 10:05:00-04:00,1.6449999809265137,1.6449999809265137,1.6449999809265137,1.6449999809265137,200,0.0,0.0
2024-10-30 10:06:00-04:00,1.6399999856948853,1.649999976158142,1.6399999856948853,1.6399999856948853,5208,0.0,0.0
2024-10-30 10:07:00-04:00,1.6399999856948853,1.649999976158142,1.6399999856948853,1.6449999809265137,18673,0.0,0.0
2024-10-30 10:08:00-04:00,1.6449999809265137,1.6449999809265137,1.6449999809265137,1.6449999809265137,100,0.0,0.0
2024-10-30 10:09:00-04:00,1.6449999809265137,1.6449999809265137,1.6449999809265137,1.6449999809265137,1718,0.0,0.0
2024-10-30 10:10:00-04:00,1.6449999809265137,1.6449999809265137,1.6449999809265137,1.6449999809265137,101,0.0,0.0
2024-10-30 10:12:00-04:00,1.6449999809265137,1.649999976158142,1.6449999809265137,1.649999976158142,4965,0.0,0.0
2024-10-30 10:13:00-04:00,1.6449999809265137,1.6449999809265137,1.6449999809265137,1.6449999809265137,1933,0.0,0.0
2024-10-30 10:14:00-04:00,1.6449999809265137,1.6449999809265137,1.6449999809265137,1.6449999809265137,1221,0.0,0.0
2024-10-30 10:15:00-04:00,1.6449999809265137,1.6449999809265137,1.6449999809265137,1.6449999809265137,2972,0.0,0.0
2024-10-30 10:16:00-04:00,1.6449999809265137,1.6449999809265137,1.6449999809265137,1.6449999809265137,1258,0.0,0.0
2024-10-30 10:17:00-04:00,1.6449999809265137,1.659999966621399,1.6449999809265137,1.6549999713897705,83839,0.0,0.0
2024-10-30 10:18:00-04:00,1.6549999713897705,1.6549999713897705,1.6549999713897705,1.6549999713897705,1178,0.0,0.0
2024-10-30 10:21:00-04:00,1.649999976158142,1.659999966621399,1.649999976158142,1.659999966621399,21647,0.0,0.0
2024-10-30 10:22:00-04:00,1.6549999713897705,1.659999966621399,1.6549999713897705,1.6549999713897705,3017,0.0,0.0
2024-10-30 10:23:00-04:00,1.6549999713897705,1.6549999713897705,1.649999976158142,1.649999976158142,4092,0.0,0.0
2024-10-30 10:24:00-04:00,1.6540000438690186,1.6540000438690186,1.6540000438690186,1.6540000438690186,1600,0.0,0.0
2024-10-30 10:25:00-04:00,1.649999976158142,1.659999966621399,1.649999976158142,1.659999966621399,2482,0.0,0.0
2024-10-30 10:26:00-04:00,1.649999976158142,1.649999976158142,1.649999976158142,1.649999976158142,4344,0.0,0.0
2024-10-30 10:27:00-04:00,1.649999976158142,1.649999976158142,1.649999976158142,1.649999976158142,3888,0.0,0.0
2024-10-30 10:28:00-04:00,1.649999976158142,1.659999966621399,1.649999976158142,1.6510000228881836,9365,0.0,0.0
2024-10-30 10:30:00-04:00,1.649999976158142,1.6549999713897705,1.649999976158142,1.6549999713897705,1532,0.0,0.0
2024-10-30 10:31:00-04:00,1.649999976158142,1.649999976158142,1.6449999809265137,1.6449999809265137,15022,0.0,0.0
2024-10-30 10:32:00-04:00,1.6449999809265137,1.6449999809265137,1.6449999809265137,1.6449999809265137,4637,0.0,0.0
2024-10-30 10:33:00-04:00,1.6449999809265137,1.6449999809265137,1.6399999856948853,1.6449999809265137,1200,0.0,0.0
2024-10-30 10:34:00-04:00,1.6449999809265137,1.6449999809265137,1.6399999856948853,1.6449999809265137,2514,0.0,0.0
2024-10-30 10:35:00-04:00,1.6449999809265137,1.6449999809265137,1.6399999856948853,1.6399999856948853,1251,0.0,0.0
2024-10-30 10:36:00-04:00,1.6449999809265137,1.6486999988555908,1.6399999856948853,1.6486999988555908,9600,0.0,0.0
2024-10-30 10:37:00-04:00,1.6449999809265137,1.6449999809265137,1.6399999856948853,1.6449999809265137,2714,0.0,0.0
2024-10-30 10:38:00-04:00,1.6449999809265137,1.6449999809265137,1.6399999856948853,1.6449999809265137,11499,0.0,0.0
2024-10-30 10:39:00-04:00,1.6449999809265137,1.6449999809265137,1.6399999856948853,1.6449999809265137,3414,0.0,0.0
2024-10-30 10:40:00-04:00,1.6449999809265137,1.6490000486373901,1.6399999856948853,1.6399999856948853,1777,0.0,0.0
2024-10-30 10:41:00-04:00,1.6449999809265137,1.6449999809265137,1.6399999856948853,1.6399999856948853,1158,0.0,0.0
2024-10-30 10:42:00-04:00,1.6449999809265137,1.6486999988555908,1.6399999856948853,1.6486999988555908,12384,0.0,0.0
2024-10-30 10:43:00-04:00,1.6449999809265137,1.6449999809265137,1.6449999809265137,1.6449999809265137,1400,0.0,0.0
2024-10-30 10:44:00-04:00,1.6399999856948853,1.6449999809265137,1.6399999856948853,1.6399999856948853,9630,0.0,0.0
2024-10-30 10:45:00-04:00,1.649999976158142,1.649999976158142,1.649999976158142,1.649999976158142,800,0.0,0.0
2024-10-30 10:46:00-04:00,1.6399999856948853,1.6449999809265137,1.6399999856948853,1.6449999809265137,1963,0.0,0.0
2024-10-30 10:47:00-04:00,1.6399999856948853,1.6399999856948853,1.6399999856948853,1.6399999856948853,1183,0.0,0.0
2024-10-30 10:48:00-04:00,1.6399999856948853,1.6399999856948853,1.6399999856948853,1.6399999856948853,1205,0.0,0.0
2024-10-30 10:49:00-04:00,1.6399999856948853,1.6449999809265137,1.6399999856948853,1.6449999809265137,1379,0.0,0.0
2024-10-30 10:50:00-04:00,1.6399999856948853,1.648300051689148,1.6399999856948853,1.6449999809265137,4445,0.0,0.0
2024-10-30 10:51:00-04:00,1.6399999856948853,1.6449999809265137,1.6399999856948853,1.6449999809265137,30672,0.0,0.0
2024-10-30 10:52:00-04:00,1.6399999856948853,1.6449999809265137,1.6399999856948853,1.6399999856948853,1801,0.0,0.0
2024-10-30 10:53:00-04:00,1.6399999856948853,1.6449999809265137,1.6399999856948853,1.6449999809265137,1338,0.0,0.0
2024-10-30 10:55:00-04:00,1.6399999856948853,1.6399999856948853,1.6399999856948853,1.6399999856948853,1169,0.0,0.0
2024-10-30 10:56:00-04:00,1.6416000127792358,1.6416000127792358,1.6399999856948853,1.6399999856948853,2001,0.0,0.0
2024-10-30 10:57:00-04:00,1.6399999856948853,1.6449999809265137,1.6399999856948853,1.6419999599456787,21297,0.0,0.0
2024-10-30 10:58:00-04:00,1.6399999856948853,1.6469999551773071,1.6399999856948853,1.6469999551773071,2212,0.0,0.0
2024-10-30 10:59:00-04:00,1.6419999599456787,1.6449999809265137,1.6399999856948853,1.6399999856948853,3344,0.0,0.0
2024-10-30 11:00:00-04:00,1.6399999856948853,1.6449999809265137,1.6399999856948853,1.6449999809265137,1946,0.0,0.0
2024-10-30 11:01:00-04:00,1.6399999856948853,1.6399999856948853,1.6399999856948853,1.6399999856948853,1261,0.0,0.0
2024-10-30 11:02:00-04:00,1.6399999856948853,1.6399999856948853,1.6399999856948853,1.6399999856948853,1218,0.0,0.0
2024-10-30 11:03:00-04:00,1.6449999809265137,1.6449999809265137,1.6449999809265137,1.6449999809265137,5300,0.0,0.0
2024-10-30 11:04:00-04:00,1.6449999809265137,1.6449999809265137,1.6399999856948853,1.6399999856948853,1220,0.0,0.0
2024-10-30 11:05:00-04:00,1.6399999856948853,1.6399999856948853,1.6399999856948853,1.6399999856948853,100,0.0,0.0
2024-10-30 11:06:00-04:00,1.6399999856948853,1.6449999809265137,1.6399999856948853,1.6399999856948853,2576,0.0,0.0
2024-10-30 11:07:00-04:00,1.6399999856948853,1.6399999856948853,1.6399999856948853,1.6399999856948853,1250,0.0,0.0
2024-10-30 11:08:00-04:00,1.6399999856948853,1.6399999856948853,1.6399999856948853,1.6399999856948853,2414,0.0,0.0
2024-10-30 11:09:00-04:00,1.6399999856948853,1.6399999856948853,1.6399999856948853,1.6399999856948853,1190,0.0,0.0
2024-10-30 11:10:00-04:00,1.6399999856948853,1.649999976158142,1.6399999856948853,1.649999976158142,4785,0.0,0.0
2024-10-30 11:11:00-04:00,1.6399999856948853,1.6399999856948853,1.6399999856948853,1.6399999856948853,1393,0.0,0.0
2024-10-30 11:13:00-04:00,1.6399999856948853,1.6449999809265137,1.6399999856948853,1.6399999856948853,1462,0.0,0.0
2024-10-30 11:14:00-04:00,1.6399999856948853,1.6399999856948853,1.6399999856948853,1.6399999856948853,1326,0.0,0.0
2024-10-30 11:15:00-04:00,1.6399999856948853,1.6440000534057617,1.6399999856948853,1.6399999856948853,1876,0.0,0.0
2024-10-30 11:16:00-04:00,1.6399999856948853,1.6399999856948853,1.6399999856948853,1.6399999856948853,1212,0.0,0.0
2024-10-30 11:17:00-04:00,1.6399999856948853,1.6449999809265137,1.6399999856948853,1.6399999856948853,6483,0.0,0.0
2024-10-30 11:18:00-04:00,1.6399999856948853,1.6449999809265137,1.6399999856948853,1.6449999809265137,38739,0.0,0.0
2024-10-30 11:19:00-04:00,1.6399999856948853,1.6419999599456787,1.6399999856948853,1.6419999599456787,201,0.0,0.0
2024-10-30 11:20:00-04:00,1.6399999856948853,1.6399999856948853,1.6399999856948853,1.6399999856948853,1180,0.0,0.0
2024-10-30 11:21:00-04:00,1.6399999856948853,1.649999976158142,1.6299999952316284,1.6299999952316284,57306,0.0,0.0
2024-10-30 11:22:00-04:00,1.6299999952316284,1.6349999904632568,1.6299999952316284,1.6299999952316284,2208,0.0,0.0
2024-10-30 11:23:00-04:00,1.6299999952316284,1.6349999904632568,1.6299999952316284,1.6349999904632568,22345,0.0,0.0
2024-10-30 11:24:00-04:00,1.6349999904632568,1.6399999856948853,1.6349999904632568,1.6398999691009521,45770,0.0,0.0
2024-10-30 11:25:00-04:00,1.6399999856948853,1.6399999856948853,1.6399999856948853,1.6399999856948853,304,0.0,0.0
2024-10-30 11:26:00-04:00,1.6349999904632568,1.6349999904632568,1.6349999904632568,1.6349999904632568,300,0.0,0.0
2024-10-30 11:27:00-04:00,1.6349999904632568,1.6399999856948853,1.6349999904632568,1.6399999856948853,400,0.0,0.0
2024-10-30 11:28:00-04:00,1.6349999904632568,1.6361000537872314,1.6349999904632568,1.6349999904632568,2487,0.0,0.0
2024-10-30 11:29:00-04:00,1.6349999904632568,1.6349999904632568,1.6299999952316284,1.6299999952316284,13101,0.0,0.0
2024-10-30 11:30:00-04:00,1.6349999904632568,1.6349999904632568,1.6349999904632568,1.6349999904632568,1264,0.0,0.0
2024-10-30 11:31:00-04:00,1.6349999904632568,1.6349999904632568,1.6349999904632568,1.6349999904632568,1353,0.0,0.0
2024-10-30 11:32:00-04:00,1.6349999904632568,1.6349999904632568,1.6299999952316284,1.6299999952316284,6276,0.0,0.0
2024-10-30 11:33:00-04:00,1.6299999952316284,1.6349999904632568,1.6299999952316284,1.6349999904632568,1304,0.0,0.0
2024-10-30 11:34:00-04:00,1.6299999952316284,1.6349999904632568,1.6299999952316284,1.6349999904632568,201,0.0,0.0
2024-10-30 11:35:00-04:00,1.6349999904632568,1.6349999904632568,1.6299999952316284,1.6349999904632568,4801,0.0,0.0
2024-10-30 11:36:00-04:00,1.6349999904632568,1.6349999904632568,1.6299999952316284,1.6299999952316284,1017,0.0,0.0
2024-10-30 11:37:00-04:00,1.6299999952316284,1.6349999904632568,1.6299999952316284,1.6349999904632568,7000,0.0,0.0
2024-10-30 11:38:00-04:00,1.6299999952316284,1.6299999952316284,1.6299999952316284,1.6299999952316284,100,0.0,0.0
2024-10-30 11:39:00-04:00,1.6299999952316284,1.6299999952316284,1.6299999952316284,1.6299999952316284,100,0.0,0.0
2024-10-30 11:40:00-04:00,1.6299999952316284,1.6349999904632568,1.6299999952316284,1.6349999904632568,201,0.0,0.0
2024-10-30 11:41:00-04:00,1.6299999952316284,1.6399999856948853,1.6299999952316284,1.6301000118255615,12533,0.0,0.0
2024-10-30 11:42:00-04:00,1.6299999952316284,1.6299999952316284,1.6299999952316284,1.6299999952316284,200,0.0,0.0
2024-10-30 11:43:00-04:00,1.6299999952316284,1.6299999952316284,1.6299999952316284,1.6299999952316284,1348,0.0,0.0
2024-10-30 11:44:00-04:00,1.6299999952316284,1.6349999904632568,1.6299999952316284,1.6299999952316284,7142,0.0,0.0
2024-10-30 11:45:00-04:00,1.6299999952316284,1.6299999952316284,1.6299999952316284,1.6299999952316284,100,0.0,0.0
2024-10-30 11:46:00-04:00,1.6299999952316284,1.6349999904632568,1.6299999952316284,1.6349999904632568,3534,0.0,0.0
2024-10-30 11:47:00-04:00,1.6299999952316284,1.6349999904632568,1.6299999952316284,1.6349999904632568,687,0.0,0.0
2024-10-30 11:48:00-04:00,1.6349999904632568,1.6349999904632568,1.6299999952316284,1.6349999904632568,1881,0.0,0.0
2024-10-30 11:49:00-04:00,1.6299999952316284,1.6349999904632568,1.6299999952316284,1.6349999904632568,5826,0.0,0.0
2024-10-30 11:50:00-04:00,1.6299999952316284,1.6299999952316284,1.6299999952316284,1.6299999952316284,1313,0.0,0.0
2024-10-30 11:51:00-04:00,1.6299999952316284,1.6349999904632568,1.6299999952316284,1.6349999904632568,3601,0.0,0.0
2024-10-30 11:52:00-04:00,1.6299999952316284,1.6299999952316284,1.6299999952316284,1.6299999952316284,165,0.0,0.0
2024-10-30 11:53:00-04:00,1.6299999952316284,1.6299999952316284,1.6299999952316284,1.6299999952316284,100,0.0,0.0
2024-10-30 11:54:00-04:00,1.6299999952316284,1.6299999952316284,1.6299999952316284,1.6299999952316284,1327,0.0,0.0
2024-10-30 11:55:00-04:00,1.6299999952316284,1.6299999952316284,1.6299999952316284,1.6299999952316284,701,0.0,0.0
2024-10-30 11:56:00-04:00,1.6299999952316284,1.6299999952316284,1.6299999952316284,1.6299999952316284,100,0.0,0.0
2024-10-30 11:57:00-04:00,1.6299999952316284,1.6299999952316284,1.6299999952316284,1.6299999952316284,1302,0.0,0.0
2024-10-30 11:58:00-04:00,1.6349999904632568,1.6349999904632568,1.6299999952316284,1.6319999694824219,6400,0.0,0.0
2024-10-30 11:59:00-04:00,1.6349999904632568,1.6349999904632568,1.6349999904632568,1.6349999904632568,201,0.0,0.0
2024-10-30 12:00:00-04:00,1.6299999952316284,1.6299999952316284,1.6299999952316284,1.6299999952316284,1335,0.0,0.0
2024-10-30 12:01:00-04:00,1.6299999952316284,1.6299999952316284,1.6299999952316284,1.6299999952316284,200,0.0,0.0
2024-10-30 12:02:00-04:00,1.6299999952316284,1.6299999952316284,1.6299999952316284,1.6299999952316284,101,0.0,0.0
2024-10-30 12:03:00-04:00,1.6349999904632568,1.6349999904632568,1.6299999952316284,1.6299999952316284,2266,0.0,0.0
2024-10-30 12:04:00-04:00,1.6299999952316284,1.6349999904632568,1.6299999952316284,1.6349999904632568,2000,0.0,0.0
2024-10-30 12:05:00-04:00,1.6299999952316284,1.6299999952316284,1.6299999952316284,1.6299999952316284,200,0.0,0.0
2024-10-30 12:06:00-04:00,1.6299999952316284,1.6299999952316284,1.6299999952316284,1.6299999952316284,1320,0.0,0.0
2024-10-30 12:07:00-04:00,1.6299999952316284,1.6299999952316284,1.6299999952316284,1.6299999952316284,100,0.0,0.0
2024-10-30 12:08:00-04:00,1.6299999952316284,1.6299999952316284,1.6299999952316284,1.6299999952316284,100,0.0,0.0
2024-10-30 12:09:00-04:00,1.6299999952316284,1.6299999952316284,1.6299999952316284,1.6299999952316284,1305,0.0,0.0
2024-10-30 12:10:00-04:00,1.6299999952316284,1.6299999952316284,1.6299999952316284,1.6299999952316284,1552,0.0,0.0
2024-10-30 12:11:00-04:00,1.6299999952316284,1.6299999952316284,1.625,1.625,113577,0.0,0.0
2024-10-30 12:12:00-04:00,1.6200000047683716,1.6200000047683716,1.6200000047683716,1.6200000047683716,4500,0.0,0.0
2024-10-30 12:13:00-04:00,1.620300054550171,1.629699945449829,1.6200000047683716,1.6200000047683716,7298,0.0,0.0
2024-10-30 12:14:00-04:00,1.625,1.625,1.625,1.625,100,0.0,0.0
2024-10-30 12:15:00-04:00,1.6299999952316284,1.6299999952316284,1.6299999952316284,1.6299999952316284,122,0.0,0.0
2024-10-30 12:16:00-04:00,1.625,1.625,1.625,1.625,23000,0.0,0.0
2024-10-30 12:17:00-04:00,1.6200000047683716,1.625,1.6200000047683716,1.625,11656,0.0,0.0
2024-10-30 12:18:00-04:00,1.6200000047683716,1.6202000379562378,1.6200000047683716,1.6202000379562378,508,0.0,0.0
2024-10-30 12:19:00-04:00,1.6200000047683716,1.6200000047683716,1.6200000047683716,1.6200000047683716,100,0.0,0.0
2024-10-30 12:20:00-04:00,1.6299999952316284,1.6299999952316284,1.6200000047683716,1.6200000047683716,230,0.0,0.0
2024-10-30 12:21:00-04:00,1.6200000047683716,1.625,1.6200000047683716,1.625,7944,0.0,0.0
2024-10-30 12:22:00-04:00,1.6200000047683716,1.6200000047683716,1.6200000047683716,1.6200000047683716,100,0.0,0.0
2024-10-30 12:23:00-04:00,1.6200000047683716,1.6200000047683716,1.6200000047683716,1.6200000047683716,1363,0.0,0.0
2024-10-30 12:24:00-04:00,1.625,1.625,1.6200000047683716,1.6200000047683716,1937,0.0,0.0
2024-10-30 12:28:00-04:00,1.625,1.625,1.625,1.625,6803,0.0,0.0
2024-10-30 12:29:00-04:00,1.6200000047683716,1.6200000047683716,1.6200000047683716,1.6200000047683716,286,0.0,0.0
2024-10-30 12:30:00-04:00,1.6200000047683716,1.6200000047683716,1.6200000047683716,1.6200000047683716,200,0.0,0.0
2024-10-30 12:31:00-04:00,1.6200000047683716,1.6200000047683716,1.6200000047683716,1.6200000047683716,1343,0.0,0.0
2024-10-30 12:32:00-04:00,1.625,1.625,1.6200000047683716,1.6200000047683716,512,0.0,0.0
2024-10-30 12:33:00-04:00,1.6200000047683716,1.6200000047683716,1.6200000047683716,1.6200000047683716,1282,0.0,0.0
2024-10-30 12:34:00-04:00,1.6200000047683716,1.6200000047683716,1.6200000047683716,1.6200000047683716,1311,0.0,0.0
2024-10-30 12:35:00-04:00,1.6200000047683716,1.6200000047683716,1.6200000047683716,1.6200000047683716,129,0.0,0.0
2024-10-30 12:36:00-04:00,1.625,1.625,1.6200000047683716,1.6200000047683716,1401,0.0,0.0
2024-10-30 12:37:00-04:00,1.6200000047683716,1.6200000047683716,1.6200000047683716,1.6200000047683716,200,0.0,0.0
2024-10-30 12:38:00-04:00,1.6200000047683716,1.6200000047683716,1.6200000047683716,1.6200000047683716,100,0.0,0.0
2024-10-30 12:39:00-04:00,1.6200000047683716,1.6200000047683716,1.6200000047683716,1.6200000047683716,1590,0.0,0.0
2024-10-30 12:40:00-04:00,1.6299999952316284,1.6299999952316284,1.6200000047683716,1.6200000047683716,601,0.0,0.0
2024-10-30 12:41:00-04:00,1.6200000047683716,1.6200000047683716,1.6200000047683716,1.6200000047683716,100,0.0,0.0
2024-10-30 12:42:00-04:00,1.625,1.625,1.6200000047683716,1.6200000047683716,3460,0.0,0.0
2024-10-30 12:43:00-04:00,1.6200000047683716,1.6200000047683716,1.6200000047683716,1.6200000047683716,276,0.0,0.0
2024-10-30 12:44:00-04:00,1.6200000047683716,1.6200000047683716,1.6200000047683716,1.6200000047683716,1284,0.0,0.0
2024-10-30 12:45:00-04:00,1.6200000047683716,1.6200000047683716,1.6200000047683716,1.6200000047683716,100,0.0,0.0
2024-10-30 12:46:00-04:00,1.625,1.625,1.625,1.625,1500,0.0,0.0
2024-10-30 12:47:00-04:00,1.6200000047683716,1.6200000047683716,1.6200000047683716,1.6200000047683716,1304,0.0,0.0
2024-10-30 12:48:00-04:00,1.6200000047683716,1.625,1.6200000047683716,1.625,400,0.0,0.0
2024-10-30 12:49:00-04:00,1.6200000047683716,1.6200000047683716,1.6200000047683716,1.6200000047683716,100,0.0,0.0
2024-10-30 12:50:00-04:00,1.6200000047683716,1.6200000047683716,1.6200000047683716,1.6200000047683716,1262,0.0,0.0
2024-10-30 12:51:00-04:00,1.6200000047683716,1.6200000047683716,1.6200000047683716,1.6200000047683716,500,0.0,0.0
2024-10-30 12:52:00-04:00,1.6299999952316284,1.6299999952316284,1.6200000047683716,1.6200000047683716,1100,0.0,0.0
2024-10-30 12:53:00-04:00,1.6200000047683716,1.6200000047683716,1.6200000047683716,1.6200000047683716,1306,0.0,0.0
2024-10-30 12:54:00-04:00,1.6200000047683716,1.6200000047683716,1.6200000047683716,1.6200000047683716,1946,0.0,0.0
2024-10-30 12:55:00-04:00,1.625,1.625,1.6200000047683716,1.6200000047683716,3126,0.0,0.0
2024-10-30 12:57:00-04:00,1.6200000047683716,1.625,1.6200000047683716,1.6200000047683716,1781,0.0,0.0
2024-10-30 12:59:00-04:00,1.6200000047683716,1.6200000047683716,1.6200000047683716,1.6200000047683716,1352,0.0,0.0
2024-10-30 13:00:00-04:00,1.6200000047683716,1.625,1.6200000047683716,1.625,556,0.0,0.0
2024-10-30 13:01:00-04:00,1.6200000047683716,1.6200000047683716,1.6200000047683716,1.6200000047683716,200,0.0,0.0
2024-10-30 13:02:00-04:00,1.625,1.625,1.6200000047683716,1.6200000047683716,1207,0.0,0.0
2024-10-30 13:03:00-04:00,1.6200000047683716,1.621399998664856,1.6200000047683716,1.6200000047683716,1800,0.0,0.0
2024-10-30 13:04:00-04:00,1.625,1.625,1.6200000047683716,1.6200000047683716,600,0.0,0.0
2024-10-30 13:05:00-04:00,1.6200000047683716,1.6200000047683716,1.6200000047683716,1.6200000047683716,1565,0.0,0.0
2024-10-30 13:06:00-04:00,1.6200000047683716,1.6200000047683716,1.6200000047683716,1.6200000047683716,200,0.0,0.0
2024-10-30 13:08:00-04:00,1.625,1.625,1.625,1.625,1000,0.0,0.0
2024-10-30 13:09:00-04:00,1.6200000047683716,1.6200000047683716,1.6200000047683716,1.6200000047683716,204,0.0,0.0
2024-10-30 13:10:00-04:00,1.6200000047683716,1.6200000047683716,1.6200000047683716,1.6200000047683716,1532,0.0,0.0
2024-10-30 13:11:00-04:00,1.6200000047683716,1.6200000047683716,1.6200000047683716,1.6200000047683716,100,0.0,0.0
2024-10-30 13:12:00-04:00,1.625,1.625,1.6200000047683716,1.6200000047683716,1563,0.0,0.0
2024-10-30 13:13:00-04:00,1.6200000047683716,1.6200000047683716,1.6200000047683716,1.6200000047683716,150,0.0,0.0
2024-10-30 13:14:00-04:00,1.6200000047683716,1.6200000047683716,1.6200000047683716,1.6200000047683716,1511,0.0,0.0
2024-10-30 13:15:00-04:00,1.6200000047683716,1.6200000047683716,1.6200000047683716,1.6200000047683716,1693,0.0,0.0
2024-10-30 13:16:00-04:00,1.6200000047683716,1.6211999654769897,1.6200000047683716,1.6211999654769897,4185,0.0,0.0
2024-10-30 13:17:00-04:00,1.6200000047683716,1.621000051498413,1.6200000047683716,1.621000051498413,3668,0.0,0.0
2024-10-30 13:18:00-04:00,1.6200000047683716,1.6200000047683716,1.6200000047683716,1.6200000047683716,1348,0.0,0.0
2024-10-30 13:19:00-04:00,1.6200000047683716,1.6200000047683716,1.6200000047683716,1.6200000047683716,1404,0.0,0.0
2024-10-30 13:20:00-04:00,1.625,1.625,1.6200000047683716,1.6200000047683716,3800,0.0,0.0
2024-10-30 13:21:00-04:00,1.6200000047683716,1.6200000047683716,1.6200000047683716,1.6200000047683716,200,0.0,0.0
2024-10-30 13:22:00-04:00,1.6200000047683716,1.625,1.6200000047683716,1.6200000047683716,2670,0.0,0.0
2024-10-30 13:23:00-04:00,1.6200000047683716,1.6200000047683716,1.6200000047683716,1.6200000047683716,512,0.0,0.0
2024-10-30 13:24:00-04:00,1.6200000047683716,1.6200000047683716,1.6200000047683716,1.6200000047683716,3308,0.0,0.0
2024-10-30 13:25:00-04:00,1.6200000047683716,1.6200000047683716,1.6200000047683716,1.6200000047683716,1849,0.0,0.0
2024-10-30 13:26:00-04:00,1.6200000047683716,1.6200000047683716,1.6200000047683716,1.6200000047683716,500,0.0,0.0
2024-10-30 13:27:00-04:00,1.6200000047683716,1.6200000047683716,1.6200000047683716,1.6200000047683716,2096,0.0,0.0
2024-10-30 13:28:00-04:00,1.625,1.625,1.6200000047683716,1.6200000047683716,2515,0.0,0.0
2024-10-30 13:29:00-04:00,1.6200000047683716,1.6200000047683716,1.6200000047683716,1.6200000047683716,1333,0.0,0.0
2024-10-30 13:30:00-04:00,1.6200000047683716,1.6200000047683716,1.6200000047683716,1.6200000047683716,718,0.0,0.0
2024-10-30 13:31:00-04:00,1.6200000047683716,1.6200000047683716,1.6200000047683716,1.6200000047683716,154,0.0,0.0
2024-10-30 13:32:00-04:00,1.6200000047683716,1.6200000047683716,1.6200000047683716,1.6200000047683716,1469,0.0,0.0
2024-10-30 13:33:00-04:00,1.6200000047683716,1.6200000047683716,1.6200000047683716,1.6200000047683716,100,0.0,0.0
2024-10-30 13:34:00-04:00,1.625,1.625,1.625,1.625,1325,0.0,0.0
2024-10-30 13:35:00-04:00,1.6200000047683716,1.6200000047683716,1.6200000047683716,1.6200000047683716,604,0.0,0.0
2024-10-30 13:36:00-04:00,1.6200000047683716,1.6200000047683716,1.6200000047683716,1.6200000047683716,1236,0.0,0.0
2024-10-30 13:37:00-04:00,1.625,1.625,1.625,1.625,132,0.0,0.0
2024-10-30 13:38:00-04:00,1.6200000047683716,1.6200000047683716,1.6200000047683716,1.6200000047683716,306,0.0,0.0
2024-10-30 13:40:00-04:00,1.6200000047683716,1.625,1.6200000047683716,1.625,980,0.0,0.0
2024-10-30 13:41:00-04:00,1.6200000047683716,1.6200000047683716,1.6200000047683716,1.6200000047683716,1262,0.0,0.0
2024-10-30 13:42:00-04:00,1.6200000047683716,1.6200000047683716,1.6200000047683716,1.6200000047683716,307,0.0,0.0
2024-10-30 13:45:00-04:00,1.625,1.625,1.6200000047683716,1.6200000047683716,400,0.0,0.0
2024-10-30 13:46:00-04:00,1.6200000047683716,1.625,1.6200000047683716,1.6200000047683716,17450,0.0,0.0
2024-10-30 13:47:00-04:00,1.6200000047683716,1.6200000047683716,1.6200000047683716,1.6200000047683716,501,0.0,0.0
2024-10-30 13:50:00-04:00,1.6200000047683716,1.6200000047683716,1.6200000047683716,1.6200000047683716,1390,0.0,0.0
2024-10-30 13:51:00-04:00,1.625,1.6299999952316284,1.6200000047683716,1.6200000047683716,4950,0.0,0.0
2024-10-30 13:52:00-04:00,1.6200000047683716,1.6239999532699585,1.6200000047683716,1.6239999532699585,1985,0.0,0.0
2024-10-30 13:55:00-04:00,1.6200000047683716,1.6200000047683716,1.6200000047683716,1.6200000047683716,2581,0.0,0.0
2024-10-30 13:56:00-04:00,1.6200000047683716,1.6200000047683716,1.6200000047683716,1.6200000047683716,105,0.0,0.0
2024-10-30 13:57:00-04:00,1.625,1.625,1.6200000047683716,1.625,2251,0.0,0.0
2024-10-30 13:58:00-04:00,1.6200000047683716,1.6200000047683716,1.6200000047683716,1.6200000047683716,100,0.0,0.0
2024-10-30 13:59:00-04:00,1.6200000047683716,1.6200000047683716,1.6200000047683716,1.6200000047683716,100,0.0,0.0
2024-10-30 14:00:00-04:00,1.6200000047683716,1.6200000047683716,1.6200000047683716,1.6200000047683716,4626,0.0,0.0
2024-10-30 14:01:00-04:00,1.6200000047683716,1.6200000047683716,1.6200000047683716,1.6200000047683716,204,0.0,0.0
2024-10-30 14:02:00-04:00,1.6200000047683716,1.6200000047683716,1.6200000047683716,1.6200000047683716,1332,0.0,0.0
2024-10-30 14:03:00-04:00,1.6200000047683716,1.6200000047683716,1.6200000047683716,1.6200000047683716,700,0.0,0.0
2024-10-30 14:04:00-04:00,1.6200000047683716,1.6200000047683716,1.6200000047683716,1.6200000047683716,105,0.0,0.0
2024-10-30 14:05:00-04:00,1.625,1.625,1.6200000047683716,1.6200000047683716,2749,0.0,0.0
2024-10-30 14:06:00-04:00,1.6200000047683716,1.6200000047683716,1.6200000047683716,1.6200000047683716,202,0.0,0.0
2024-10-30 14:07:00-04:00,1.6200000047683716,1.625,1.6200000047683716,1.625,3301,0.0,0.0
2024-10-30 14:08:00-04:00,1.6200000047683716,1.6200000047683716,1.6200000047683716,1.6200000047683716,100,0.0,0.0
2024-10-30 14:09:00-04:00,1.6200000047683716,1.6200000047683716,1.6200000047683716,1.6200000047683716,100,0.0,0.0
2024-10-30 14:10:00-04:00,1.6200000047683716,1.6200000047683716,1.6200000047683716,1.6200000047683716,1411,0.0,0.0
2024-10-30 14:11:00-04:00,1.6200000047683716,1.6200000047683716,1.6200000047683716,1.6200000047683716,500,0.0,0.0
2024-10-30 14:12:00-04:00,1.6200000047683716,1.6299999952316284,1.6200000047683716,1.6200000047683716,11460,0.0,0.0
2024-10-30 14:14:00-04:00,1.6200000047683716,1.6200000047683716,1.6200000047683716,1.6200000047683716,100,0.0,0.0
2024-10-30 14:15:00-04:00,1.6200000047683716,1.625,1.6200000047683716,1.625,4962,0.0,0.0
2024-10-30 14:16:00-04:00,1.6200000047683716,1.625,1.6200000047683716,1.6200000047683716,576,0.0,0.0
2024-10-30 14:17:00-04:00,1.6200000047683716,1.6200000047683716,1.6200000047683716,1.6200000047683716,198,0.0,0.0
2024-10-30 14:18:00-04:00,1.6200000047683716,1.6200000047683716,1.6200000047683716,1.6200000047683716,2366,0.0,0.0
2024-10-30 14:19:00-04:00,1.6200000047683716,1.6200000047683716,1.6200000047683716,1.6200000047683716,100,0.0,0.0
2024-10-30 14:20:00-04:00,1.6200000047683716,1.6200000047683716,1.6200000047683716,1.6200000047683716,100,0.0,0.0
2024-10-30 14:21:00-04:00,1.6200000047683716,1.6294000148773193,1.6200000047683716,1.625,2900,0.0,0.0
2024-10-30 14:22:00-04:00,1.6200000047683716,1.6200000047683716,1.6200000047683716,1.6200000047683716,101,0.0,0.0
2024-10-30 14:23:00-04:00,1.6200000047683716,1.6200000047683716,1.6200000047683716,1.6200000047683716,3497,0.0,0.0
2024-10-30 14:24:00-04:00,1.6200000047683716,1.6200000047683716,1.6200000047683716,1.6200000047683716,101,0.0,0.0
2024-10-30 14:25:00-04:00,1.6200000047683716,1.6200000047683716,1.6200000047683716,1.6200000047683716,1106,0.0,0.0
2024-10-30 14:26:00-04:00,1.6200000047683716,1.6200000047683716,1.6200000047683716,1.6200000047683716,100,0.0,0.0
2024-10-30 14:27:00-04:00,1.6200000047683716,1.6200000047683716,1.6200000047683716,1.6200000047683716,700,0.0,0.0
2024-10-30 14:28:00-04:00,1.6200000047683716,1.625,1.6200000047683716,1.625,1500,0.0,0.0
2024-10-30 14:29:00-04:00,1.6200000047683716,1.625,1.6200000047683716,1.6200000047683716,1640,0.0,0.0
2024-10-30 14:30:00-04:00,1.6200000047683716,1.6200000047683716,1.6200000047683716,1.6200000047683716,1430,0.0,0.0
2024-10-30 14:31:00-04:00,1.6200000047683716,1.6200000047683716,1.6200000047683716,1.6200000047683716,1193,0.0,0.0
2024-10-30 14:32:00-04:00,1.6200000047683716,1.6200000047683716,1.6200000047683716,1.6200000047683716,206,0.0,0.0
2024-10-30 14:33:00-04:00,1.6200000047683716,1.6200000047683716,1.6200000047683716,1.6200000047683716,170,0.0,0.0
2024-10-30 14:34:00-04:00,1.6200000047683716,1.6200000047683716,1.6200000047683716,1.6200000047683716,600,0.0,0.0
2024-10-30 14:35:00-04:00,1.625,1.625,1.6200000047683716,1.6200000047683716,2535,0.0,0.0
2024-10-30 14:36:00-04:00,1.6200000047683716,1.6200000047683716,1.6200000047683716,1.6200000047683716,100,0.0,0.0
2024-10-30 14:37:00-04:00,1.6200000047683716,1.6200000047683716,1.6200000047683716,1.6200000047683716,101,0.0,0.0
2024-10-30 14:38:00-04:00,1.6200000047683716,1.6200000047683716,1.6200000047683716,1.6200000047683716,378,0.0,0.0
2024-10-30 14:39:00-04:00,1.6200000047683716,1.6200000047683716,1.6200000047683716,1.6200000047683716,111,0.0,0.0
2024-10-30 14:40:00-04:00,1.625,1.625,1.6200000047683716,1.625,1549,0.0,0.0
2024-10-30 14:41:00-04:00,1.625,1.625,1.6200000047683716,1.6200000047683716,436,0.0,0.0
2024-10-30 14:42:00-04:00,1.6200000047683716,1.625,1.6200000047683716,1.625,1001,0.0,0.0
2024-10-30 14:43:00-04:00,1.6200000047683716,1.6200000047683716,1.6200000047683716,1.6200000047683716,100,0.0,0.0
2024-10-30 14:44:00-04:00,1.6200000047683716,1.6200000047683716,1.6200000047683716,1.6200000047683716,1393,0.0,0.0
2024-10-30 14:46:00-04:00,1.6200000047683716,1.6200000047683716,1.6200000047683716,1.6200000047683716,1340,0.0,0.0
2024-10-30 14:47:00-04:00,1.6200000047683716,1.625,1.6200000047683716,1.625,1538,0.0,0.0
2024-10-30 14:48:00-04:00,1.6200000047683716,1.6200000047683716,1.6200000047683716,1.6200000047683716,301,0.0,0.0
2024-10-30 14:49:00-04:00,1.6200000047683716,1.6200000047683716,1.6200000047683716,1.6200000047683716,1654,0.0,0.0
2024-10-30 14:50:00-04:00,1.6200000047683716,1.625,1.6200000047683716,1.625,1405,0.0,0.0
2024-10-30 14:51:00-04:00,1.6200000047683716,1.6201000213623047,1.6200000047683716,1.6200000047683716,1639,0.0,0.0
2024-10-30 14:52:00-04:00,1.6200000047683716,1.6200000047683716,1.6200000047683716,1.6200000047683716,100,0.0,0.0
2024-10-30 14:53:00-04:00,1.625,1.625,1.6200000047683716,1.6200000047683716,1702,0.0,0.0
2024-10-30 14:54:00-04:00,1.6200000047683716,1.6200000047683716,1.6200000047683716,1.6200000047683716,700,0.0,0.0
2024-10-30 14:55:00-04:00,1.6200000047683716,1.6299999952316284,1.6200000047683716,1.6299999952316284,400,0.0,0.0
2024-10-30 14:56:00-04:00,1.6200000047683716,1.628499984741211,1.6200000047683716,1.625,7287,0.0,0.0
2024-10-30 14:57:00-04:00,1.6200000047683716,1.625,1.6200000047683716,1.6200000047683716,871,0.0,0.0
2024-10-30 14:58:00-04:00,1.6200000047683716,1.6200000047683716,1.6200000047683716,1.6200000047683716,1000,0.0,0.0
2024-10-30 14:59:00-04:00,1.6200000047683716,1.625,1.6200000047683716,1.625,2405,0.0,0.0
2024-10-30 15:00:00-04:00,1.6200000047683716,1.6200000047683716,1.6200000047683716,1.6200000047683716,4559,0.0,0.0
2024-10-30 15:01:00-04:00,1.6200000047683716,1.625,1.6200000047683716,1.625,2650,0.0,0.0
2024-10-30 15:02:00-04:00,1.6200000047683716,1.625,1.6200000047683716,1.625,1201,0.0,0.0
2024-10-30 15:03:00-04:00,1.6299999952316284,1.6299999952316284,1.6200000047683716,1.625,6000,0.0,0.0
2024-10-30 15:04:00-04:00,1.6200000047683716,1.625,1.6200000047683716,1.625,2010,0.0,0.0
2024-10-30 15:05:00-04:00,1.6200000047683716,1.6200000047683716,1.6200000047683716,1.6200000047683716,1331,0.0,0.0
2024-10-30 15:06:00-04:00,1.6200000047683716,1.6200000047683716,1.6200000047683716,1.6200000047683716,2551,0.0,0.0
2024-10-30 15:07:00-04:00,1.6200000047683716,1.6200000047683716,1.6200000047683716,1.6200000047683716,101,0.0,0.0
2024-10-30 15:08:00-04:00,1.6200000047683716,1.6200000047683716,1.6200000047683716,1.6200000047683716,350,0.0,0.0
2024-10-30 15:09:00-04:00,1.6200000047683716,1.625,1.6200000047683716,1.625,2000,0.0,0.0
2024-10-30 15:10:00-04:00,1.6200000047683716,1.6200000047683716,1.6200000047683716,1.6200000047683716,1389,0.0,0.0
2024-10-30 15:11:00-04:00,1.6200000047683716,1.6200000047683716,1.6200000047683716,1.6200000047683716,243,0.0,0.0
2024-10-30 15:13:00-04:00,1.6200000047683716,1.625,1.6200000047683716,1.625,770,0.0,0.0
2024-10-30 15:14:00-04:00,1.625,1.625,1.6200000047683716,1.6200000047683716,600,0.0,0.0
2024-10-30 15:15:00-04:00,1.6200000047683716,1.6200000047683716,1.6200000047683716,1.6200000047683716,1296,0.0,0.0
2024-10-30 15:16:00-04:00,1.6200000047683716,1.625,1.6200000047683716,1.6200000047683716,2558,0.0,0.0
2024-10-30 15:17:00-04:00,1.6200000047683716,1.6200000047683716,1.6200000047683716,1.6200000047683716,6988,0.0,0.0
2024-10-30 15:18:00-04:00,1.6200000047683716,1.6200000047683716,1.6200000047683716,1.6200000047683716,301,0.0,0.0
2024-10-30 15:21:00-04:00,1.6200000047683716,1.6200000047683716,1.6200000047683716,1.6200000047683716,2152,0.0,0.0
2024-10-30 15:22:00-04:00,1.6200000047683716,1.6200000047683716,1.6200000047683716,1.6200000047683716,201,0.0,0.0
2024-10-30 15:23:00-04:00,1.625,1.625,1.625,1.625,2251,0.0,0.0
2024-10-30 15:24:00-04:00,1.625,1.625,1.625,1.625,585,0.0,0.0
2024-10-30 15:25:00-04:00,1.6200000047683716,1.6200000047683716,1.6200000047683716,1.6200000047683716,200,0.0,0.0
2024-10-30 15:26:00-04:00,1.6200000047683716,1.6200000047683716,1.6200000047683716,1.6200000047683716,1520,0.0,0.0
2024-10-30 15:27:00-04:00,1.6200000047683716,1.6200000047683716,1.6200000047683716,1.6200000047683716,411,0.0,0.0
2024-10-30 15:28:00-04:00,1.6200000047683716,1.6200000047683716,1.6200000047683716,1.6200000047683716,600,0.0,0.0
2024-10-30 15:29:00-04:00,1.6200000047683716,1.625,1.6200000047683716,1.6200000047683716,400,0.0,0.0
2024-10-30 15:30:00-04:00,1.625,1.625,1.6200000047683716,1.6200000047683716,1370,0.0,0.0
2024-10-30 15:31:00-04:00,1.625,1.625,1.6200000047683716,1.6200000047683716,1565,0.0,0.0
2024-10-30 15:34:00-04:00,1.6200000047683716,1.6200000047683716,1.6200000047683716,1.6200000047683716,1612,0.0,0.0
2024-10-30 15:35:00-04:00,1.6200000047683716,1.6200000047683716,1.6200000047683716,1.6200000047683716,279,0.0,0.0
2024-10-30 15:36:00-04:00,1.6200000047683716,1.6200000047683716,1.6200000047683716,1.6200000047683716,1564,0.0,0.0
2024-10-30 15:37:00-04:00,1.6200000047683716,1.6200000047683716,1.6200000047683716,1.6200000047683716,320,0.0,0.0
2024-10-30 15:38:00-04:00,1.625,1.625,1.6200000047683716,1.6200000047683716,1410,0.0,0.0
2024-10-30 15:39:00-04:00,1.6200000047683716,1.6200000047683716,1.6200000047683716,1.6200000047683716,2376,0.0,0.0
2024-10-30 15:40:00-04:00,1.6200000047683716,1.6200000047683716,1.6200000047683716,1.6200000047683716,238,0.0,0.0
2024-10-30 15:41:00-04:00,1.6200000047683716,1.625,1.6200000047683716,1.625,7687,0.0,0.0
2024-10-30 15:42:00-04:00,1.6200000047683716,1.6200000047683716,1.6200000047683716,1.6200000047683716,1033,0.0,0.0
2024-10-30 15:43:00-04:00,1.6200000047683716,1.625,1.6200000047683716,1.6200000047683716,4032,0.0,0.0
2024-10-30 15:44:00-04:00,1.625,1.625,1.625,1.625,658,0.0,0.0
2024-10-30 15:45:00-04:00,1.625,1.625,1.6200000047683716,1.6200000047683716,2359,0.0,0.0
2024-10-30 15:46:00-04:00,1.6200000047683716,1.625,1.6200000047683716,1.625,4593,0.0,0.0
2024-10-30 15:47:00-04:00,1.625,1.625,1.6200000047683716,1.6200000047683716,2335,0.0,0.0
2024-10-30 15:48:00-04:00,1.6200000047683716,1.6299999952316284,1.6200000047683716,1.6201000213623047,6906,0.0,0.0
2024-10-30 15:49:00-04:00,1.6200000047683716,1.625,1.6200000047683716,1.6200000047683716,3284,0.0,0.0
2024-10-30 15:50:00-04:00,1.625,1.6299999952316284,1.6200000047683716,1.625,38816,0.0,0.0
2024-10-30 15:51:00-04:00,1.6200000047683716,1.6299999952316284,1.6200000047683716,1.6200000047683716,11893,0.0,0.0
2024-10-30 15:52:00-04:00,1.6200000047683716,1.6299999952316284,1.6200000047683716,1.625,14558,0.0,0.0
2024-10-30 15:53:00-04:00,1.625,1.6299999952316284,1.6200000047683716,1.6200000047683716,6770,0.0,0.0
2024-10-30 15:54:00-04:00,1.6200000047683716,1.6299999952316284,1.6200000047683716,1.6200000047683716,8447,0.0,0.0
2024-10-30 15:55:00-04:00,1.6200000047683716,1.6299999952316284,1.6200000047683716,1.6200000047683716,10177,0.0,0.0
2024-10-30 15:56:00-04:00,1.6200000047683716,1.625,1.6200000047683716,1.6200000047683716,7115,0.0,0.0
2024-10-30 15:57:00-04:00,1.625,1.6299999952316284,1.6200000047683716,1.625,8408,0.0,0.0
2024-10-30 15:58:00-04:00,1.6200000047683716,1.6299999952316284,1.6200000047683716,1.625,22694,0.0,0.0
2024-10-30 15:59:00-04:00,1.6200000047683716,1.6299999952316284,1.6200000047683716,1.625,97964,0.0,0.0
2024-10-31 09:30:00-04:00,1.6200000047683716,1.6200000047683716,1.6196000576019287,1.6200000047683716,28524,0.0,0.0
2024-10-31 09:31:00-04:00,1.6200000047683716,1.6200000047683716,1.6200000047683716,1.6200000047683716,3401,0.0,0.0
2024-10-31 09:33:00-04:00,1.6150000095367432,1.6150000095367432,1.6150000095367432,1.6150000095367432,37338,0.0,0.0
2024-10-31 09:34:00-04:00,1.6105999946594238,1.6105999946594238,1.6105999946594238,1.6105999946594238,3501,0.0,0.0
2024-10-31 09:35:00-04:00,1.6153000593185425,1.6153000593185425,1.6150000095367432,1.6150000095367432,10200,0.0,0.0
2024-10-31 09:37:00-04:00,1.6200000047683716,1.6200000047683716,1.6200000047683716,1.6200000047683716,22011,0.0,0.0
2024-10-31 09:39:00-04:00,1.6200000047683716,1.6200000047683716,1.6150000095367432,1.6150000095367432,1635,0.0,0.0
2024-10-31 09:41:00-04:00,1.6150000095367432,1.6200000047683716,1.6150000095367432,1.6200000047683716,4601,0.0,0.0
2024-10-31 09:42:00-04:00,1.6200000047683716,1.6200000047683716,1.6100000143051147,1.6100000143051147,11456,0.0,0.0
2024-10-31 09:43:00-04:00,1.6200000047683716,1.6200000047683716,1.6150000095367432,1.6200000047683716,16300,0.0,0.0
2024-10-31 09:44:00-04:00,1.61899995803833,1.6200000047683716,1.6150000095367432,1.6200000047683716,13300,0.0,0.0
2024-10-31 09:45:00-04:00,1.6150000095367432,1.6150000095367432,1.6150000095367432,1.6150000095367432,210,0.0,0.0
2024-10-31 09:46:00-04:00,1.6150000095367432,1.6150000095367432,1.6150000095367432,1.6150000095367432,1499,0.0,0.0
2024-10-31 09:47:00-04:00,1.6150000095367432,1.6150000095367432,1.6150000095367432,1.6150000095367432,1379,0.0,0.0
2024-10-31 09:48:00-04:00,1.6150000095367432,1.6200000047683716,1.6150000095367432,1.6150000095367432,10661,0.0,0.0
2024-10-31 09:50:00-04:00,1.6150000095367432,1.6150000095367432,1.6150000095367432,1.6150000095367432,694,0.0,0.0
2024-10-31 09:51:00-04:00,1.6150000095367432,1.6150000095367432,1.6150000095367432,1.6150000095367432,500,0.0,0.0
2024-10-31 09:52:00-04:00,1.6100000143051147,1.6100000143051147,1.6100000143051147,1.6100000143051147,300,0.0,0.0
2024-10-31 09:53:00-04:00,1.6100000143051147,1.6200000047683716,1.6100000143051147,1.6150000095367432,3200,0.0,0.0
2024-10-31 09:54:00-04:00,1.6150000095367432,1.6150000095367432,1.6150000095367432,1.6150000095367432,168,0.0,0.0
2024-10-31 09:55:00-04:00,1.6200000047683716,1.6200000047683716,1.6150000095367432,1.6150000095367432,700,0.0,0.0
2024-10-31 09:57:00-04:00,1.6150000095367432,1.6186000108718872,1.6100000143051147,1.6100000143051147,872,0.0,0.0
2024-10-31 09:58:00-04:00,1.6140999794006348,1.6150000095367432,1.600000023841858,1.6050000190734863,58735,0.0,0.0
2024-10-31 09:59:00-04:00,1.6050000190734863,1.6088999509811401,1.6050000190734863,1.6050000190734863,5044,0.0,0.0
2024-10-31 10:00:00-04:00,1.6016000509262085,1.6050000190734863,1.6016000509262085,1.6050000190734863,1614,0.0,0.0
2024-10-31 10:01:00-04:00,1.6050000190734863,1.6050000190734863,1.6050000190734863,1.6050000190734863,1944,0.0,0.0
2024-10-31 10:02:00-04:00,1.600000023841858,1.6098999977111816,1.600000023841858,1.6050000190734863,17160,0.0,0.0
2024-10-31 10:03:00-04:00,1.6050000190734863,1.6100000143051147,1.600000023841858,1.6050000190734863,70721,0.0,0.0
2024-10-31 10:04:00-04:00,1.6050000190734863,1.6100000143051147,1.600000023841858,1.6050000190734863,2912,0.0,0.0
2024-10-31 10:06:00-04:00,1.6050000190734863,1.6100000143051147,1.6050000190734863,1.6050000190734863,31710,0.0,0.0
2024-10-31 10:07:00-04:00,1.6050000190734863,1.6050000190734863,1.6050000190734863,1.6050000190734863,2319,0.0,0.0
2024-10-31 10:08:00-04:00,1.6050000190734863,1.6050000190734863,1.6015000343322754,1.6050000190734863,10801,0.0,0.0
2024-10-31 10:09:00-04:00,1.6050000190734863,1.6100000143051147,1.6050000190734863,1.6050000190734863,1354,0.0,0.0
2024-10-31 10:10:00-04:00,1.6098999977111816,1.6100000143051147,1.6050000190734863,1.6100000143051147,26550,0.0,0.0
2024-10-31 10:11:00-04:00,1.6050000190734863,1.6100000143051147,1.600000023841858,1.6050000190734863,10660,0.0,0.0
2024-10-31 10:12:00-04:00,1.6050000190734863,1.6050000190734863,1.600000023841858,1.600000023841858,1420,0.0,0.0
2024-10-31 10:13:00-04:00,1.6050000190734863,1.6100000143051147,1.6050000190734863,1.6050000190734863,1895,0.0,0.0
2024-10-31 10:14:00-04:00,1.6050000190734863,1.6050000190734863,1.6050000190734863,1.6050000190734863,921,0.0,0.0
2024-10-31 10:15:00-04:00,1.6050000190734863,1.6100000143051147,1.6050000190734863,1.6100000143051147,11107,0.0,0.0
2024-10-31 10:16:00-04:00,1.6100000143051147,1.6100000143051147,1.6050000190734863,1.6050000190734863,1234,0.0,0.0
2024-10-31 10:17:00-04:00,1.6050000190734863,1.6050000190734863,1.6050000190734863,1.6050000190734863,303,0.0,0.0
2024-10-31 10:18:00-04:00,1.6050000190734863,1.6050000190734863,1.6050000190734863,1.6050000190734863,510,0.0,0.0
2024-10-31 10:19:00-04:00,1.6050000190734863,1.6050000190734863,1.6050000190734863,1.6050000190734863,519,0.0,0.0
2024-10-31 10:20:00-04:00,1.6050000190734863,1.6100000143051147,1.6050000190734863,1.6100000143051147,4194,0.0,0.0
2024-10-31 10:21:00-04:00,1.6050000190734863,1.6100000143051147,1.6050000190734863,1.6100000143051147,7807,0.0,0.0
2024-10-31 10:22:00-04:00,1.6050000190734863,1.608199954032898,1.6050000190734863,1.6050000190734863,2404,0.0,0.0
2024-10-31 10:23:00-04:00,1.6050000190734863,1.6050000190734863,1.600000023841858,1.6050000190734863,1358,0.0,0.0
2024-10-31 10:24:00-04:00,1.6050000190734863,1.6050000190734863,1.6050000190734863,1.6050000190734863,510,0.0,0.0
2024-10-31 10:25:00-04:00,1.6050000190734863,1.6050000190734863,1.600000023841858,1.600000023841858,400,0.0,0.0
2024-10-31 10:26:00-04:00,1.6050000190734863,1.6100000143051147,1.600000023841858,1.6050000190734863,9084,0.0,0.0
2024-10-31 10:27:00-04:00,1.6050000190734863,1.6090999841690063,1.600000023841858,1.600000023841858,4381,0.0,0.0
2024-10-31 10:28:00-04:00,1.601699948310852,1.6050000190734863,1.601699948310852,1.6050000190734863,1360,0.0,0.0
2024-10-31 10:29:00-04:00,1.6050000190734863,1.6100000143051147,1.6050000190734863,1.6050000190734863,10000,0.0,0.0
2024-10-31 10:30:00-04:00,1.600000023841858,1.6090999841690063,1.600000023841858,1.6090999841690063,260,0.0,0.0
2024-10-31 10:31:00-04:00,1.6024999618530273,1.6050000190734863,1.600000023841858,1.600000023841858,6340,0.0,0.0
2024-10-31 10:32:00-04:00,1.6050000190734863,1.6089999675750732,1.6050000190734863,1.6050000190734863,398,0.0,0.0
2024-10-31 10:34:00-04:00,1.6088999509811401,1.6088999509811401,1.6050000190734863,1.6050000190734863,10304,0.0,0.0
2024-10-31 10:35:00-04:00,1.6050000190734863,1.6050000190734863,1.600000023841858,1.600000023841858,371,0.0,0.0
2024-10-31 10:36:00-04:00,1.6100000143051147,1.6100000143051147,1.6050000190734863,1.6050000190734863,10340,0.0,0.0
2024-10-31 10:37:00-04:00,1.6050000190734863,1.6098999977111816,1.6050000190734863,1.6098999977111816,200,0.0,0.0
2024-10-31 10:38:00-04:00,1.6050000190734863,1.6050000190734863,1.6050000190734863,1.6050000190734863,402,0.0,0.0
2024-10-31 10:39:00-04:00,1.6050000190734863,1.6050000190734863,1.6050000190734863,1.6050000190734863,134,0.0,0.0
2024-10-31 10:40:00-04:00,1.6100000143051147,1.6100000143051147,1.6050000190734863,1.6050000190734863,3424,0.0,0.0
2024-10-31 10:41:00-04:00,1.6050000190734863,1.6050000190734863,1.6050000190734863,1.6050000190734863,303,0.0,0.0
2024-10-31 10:42:00-04:00,1.6092000007629395,1.6092000007629395,1.6050000190734863,1.6050000190734863,25452,0.0,0.0
2024-10-31 10:43:00-04:00,1.6050000190734863,1.6054999828338623,1.6050000190734863,1.6054999828338623,303,0.0,0.0
2024-10-31 10:44:00-04:00,1.6050000190734863,1.6100000143051147,1.6050000190734863,1.6100000143051147,392,0.0,0.0
2024-10-31 10:45:00-04:00,1.6050000190734863,1.6050000190734863,1.6050000190734863,1.6050000190734863,2903,0.0,0.0
2024-10-31 10:46:00-04:00,1.6050000190734863,1.6050000190734863,1.6050000190734863,1.6050000190734863,174,0.0,0.0
2024-10-31 10:47:00-04:00,1.6050000190734863,1.6100000143051147,1.6050000190734863,1.6098999977111816,10733,0.0,0.0
2024-10-31 10:48:00-04:00,1.6053999662399292,1.6053999662399292,1.6050000190734863,1.6050000190734863,738,0.0,0.0
2024-10-31 10:50:00-04:00,1.6050000190734863,1.6050000190734863,1.6017999649047852,1.6050000190734863,2402,0.0,0.0
2024-10-31 10:51:00-04:00,1.6050000190734863,1.6050000190734863,1.6050000190734863,1.6050000190734863,100,0.0,0.0
2024-10-31 10:52:00-04:00,1.6100000143051147,1.6100000143051147,1.6050000190734863,1.6050000190734863,7119,0.0,0.0
2024-10-31 10:53:00-04:00,1.600000023841858,1.6050000190734863,1.600000023841858,1.6050000190734863,629,0.0,0.0
2024-10-31 10:54:00-04:00,1.6050000190734863,1.6050000190734863,1.6050000190734863,1.6050000190734863,231,0.0,0.0
2024-10-31 10:55:00-04:00,1.6095000505447388,1.6095000505447388,1.6050000190734863,1.6050000190734863,2813,0.0,0.0
2024-10-31 10:56:00-04:00,1.6050000190734863,1.6050000190734863,1.6050000190734863,1.6050000190734863,127,0.0,0.0
2024-10-31 10:57:00-04:00,1.6100000143051147,1.6100000143051147,1.6050000190734863,1.6050000190734863,5069,0.0,0.0
2024-10-31 10:58:00-04:00,1.6050000190734863,1.6050000190734863,1.6050000190734863,1.6050000190734863,200,0.0,0.0
2024-10-31 10:59:00-04:00,1.6050000190734863,1.6050000190734863,1.6050000190734863,1.6050000190734863,627,0.0,0.0
2024-10-31 11:00:00-04:00,1.600000023841858,1.6100000143051147,1.600000023841858,1.6050000190734863,104982,0.0,0.0
2024-10-31 11:02:00-04:00,1.6050000190734863,1.6050000190734863,1.6050000190734863,1.6050000190734863,502,0.0,0.0
2024-10-31 11:04:00-04:00,1.6050000190734863,1.6100000143051147,1.6050000190734863,1.6100000143051147,601,0.0,0.0
2024-10-31 11:05:00-04:00,1.600000023841858,1.6100000143051147,1.600000023841858,1.6050000190734863,37114,0.0,0.0
2024-10-31 11:06:00-04:00,1.6050000190734863,1.6050000190734863,1.6050000190734863,1.6050000190734863,800,0.0,0.0
2024-10-31 11:07:00-04:00,1.6050000190734863,1.6050000190734863,1.6050000190734863,1.6050000190734863,501,0.0,0.0
2024-10-31 11:08:00-04:00,1.6050000190734863,1.6050000190734863,1.6021000146865845,1.6021000146865845,908,0.0,0.0
2024-10-31 11:09:00-04:00,1.6050000190734863,1.6100000143051147,1.6050000190734863,1.6050000190734863,14118,0.0,0.0
2024-10-31 11:10:00-04:00,1.6098999977111816,1.6098999977111816,1.6050000190734863,1.6050000190734863,5904,0.0,0.0
2024-10-31 11:11:00-04:00,1.6050000190734863,1.6050000190734863,1.6050000190734863,1.6050000190734863,600,0.0,0.0
2024-10-31 11:12:00-04:00,1.600000023841858,1.600000023841858,1.600000023841858,1.600000023841858,434,0.0,0.0
2024-10-31 11:13:00-04:00,1.6050000190734863,1.6050000190734863,1.6050000190734863,1.6050000190734863,200,0.0,0.0
2024-10-31 11:14:00-04:00,1.6100000143051147,1.6100000143051147,1.6050000190734863,1.6050000190734863,8701,0.0,0.0
2024-10-31 11:15:00-04:00,1.6050000190734863,1.6050000190734863,1.6050000190734863,1.6050000190734863,201,0.0,0.0
2024-10-31 11:16:00-04:00,1.6050000190734863,1.6100000143051147,1.6050000190734863,1.6050000190734863,11833,0.0,0.0
2024-10-31 11:17:00-04:00,1.6050000190734863,1.6050000190734863,1.6050000190734863,1.6050000190734863,400,0.0,0.0
2024-10-31 11:18:00-04:00,1.6050000190734863,1.6050000190734863,1.600000023841858,1.6050000190734863,300,0.0,0.0
2024-10-31 11:19:00-04:00,1.6050000190734863,1.6050000190734863,1.6050000190734863,1.6050000190734863,223,0.0,0.0
2024-10-31 11:20:00-04:00,1.6050000190734863,1.6100000143051147,1.6050000190734863,1.6050000190734863,7700,0.0,0.0
2024-10-31 11:21:00-04:00,1.6050000190734863,1.6050000190734863,1.6050000190734863,1.6050000190734863,800,0.0,0.0
2024-10-31 11:22:00-04:00,1.6098999977111816,1.6098999977111816,1.6050000190734863,1.6050000190734863,812,0.0,0.0
2024-10-31 11:23:00-04:00,1.6050000190734863,1.6200000047683716,1.6050000190734863,1.6150000095367432,95804,0.0,0.0
2024-10-31 11:28:00-04:00,1.6150000095367432,1.6200000047683716,1.6100000143051147,1.6180000305175781,50918,0.0,0.0
2024-10-31 11:29:00-04:00,1.6150000095367432,1.6150000095367432,1.6150000095367432,1.6150000095367432,295,0.0,0.0
2024-10-31 11:30:00-04:00,1.6150000095367432,1.6150000095367432,1.6150000095367432,1.6150000095367432,400,0.0,0.0
2024-10-31 11:31:00-04:00,1.6150000095367432,1.6150000095367432,1.6150000095367432,1.6150000095367432,243,0.0,0.0
2024-10-31 11:32:00-04:00,1.6150000095367432,1.6200000047683716,1.6150000095367432,1.6200000047683716,17036,0.0,0.0
2024-10-31 11:33:00-04:00,1.6150000095367432,1.6150000095367432,1.6150000095367432,1.6150000095367432,203,0.0,0.0
2024-10-31 11:34:00-04:00,1.6150000095367432,1.6150000095367432,1.6150000095367432,1.6150000095367432,1301,0.0,0.0
2024-10-31 11:35:00-04:00,1.6150000095367432,1.6150000095367432,1.6150000095367432,1.6150000095367432,501,0.0,0.0
2024-10-31 11:36:00-04:00,1.6150000095367432,1.6150000095367432,1.6150000095367432,1.6150000095367432,403,0.0,0.0
2024-10-31 11:37:00-04:00,1.6150000095367432,1.6200000047683716,1.6100000143051147,1.6200000047683716,28054,0.0,0.0
2024-10-31 11:38:00-04:00,1.6150000095367432,1.6150000095367432,1.6150000095367432,1.6150000095367432,1700,0.0,0.0
2024-10-31 11:39:00-04:00,1.6150000095367432,1.6150000095367432,1.6150000095367432,1.6150000095367432,702,0.0,0.0
2024-10-31 11:40:00-04:00,1.6150000095367432,1.6150000095367432,1.6150000095367432,1.6150000095367432,400,0.0,0.0
2024-10-31 11:41:00-04:00,1.6150000095367432,1.6150000095367432,1.6100000143051147,1.6150000095367432,749,0.0,0.0
2024-10-31 11:42:00-04:00,1.6150000095367432,1.6200000047683716,1.6150000095367432,1.6200000047683716,10463,0.0,0.0
2024-10-31 11:43:00-04:00,1.6150000095367432,1.6150000095367432,1.6150000095367432,1.6150000095367432,300,0.0,0.0
2024-10-31 11:44:00-04:00,1.6150000095367432,1.6150000095367432,1.6150000095367432,1.6150000095367432,100,0.0,0.0
2024-10-31 11:45:00-04:00,1.6150000095367432,1.6150000095367432,1.6150000095367432,1.6150000095367432,202,0.0,0.0
2024-10-31 11:46:00-04:00,1.6150000095367432,1.6150000095367432,1.6150000095367432,1.6150000095367432,301,0.0,0.0
2024-10-31 11:47:00-04:00,1.6181999444961548,1.6200000047683716,1.6150000095367432,1.6150000095367432,3800,0.0,0.0
2024-10-31 11:48:00-04:00,1.6150000095367432,1.6150000095367432,1.6150000095367432,1.6150000095367432,301,0.0,0.0
2024-10-31 11:49:00-04:00,1.6150000095367432,1.6150000095367432,1.6150000095367432,1.6150000095367432,401,0.0,0.0
2024-10-31 11:50:00-04:00,1.6150000095367432,1.6200000047683716,1.6150000095367432,1.6150000095367432,1338,0.0,0.0
2024-10-31 11:51:00-04:00,1.6150000095367432,1.6150000095367432,1.6150000095367432,1.6150000095367432,300,0.0,0.0
2024-10-31 11:52:00-04:00,1.6180000305175781,1.6180000305175781,1.6150000095367432,1.6150000095367432,2302,0.0,0.0
2024-10-31 11:53:00-04:00,1.6150000095367432,1.6150000095367432,1.6150000095367432,1.6150000095367432,437,0.0,0.0
2024-10-31 11:56:00-04:00,1.6150000095367432,1.6150000095367432,1.6150000095367432,1.6150000095367432,220,0.0,0.0
2024-10-31 11:57:00-04:00,1.6150000095367432,1.6150000095367432,1.6150000095367432,1.6150000095367432,301,0.0,0.0
2024-10-31 11:58:00-04:00,1.6200000047683716,1.6200000047683716,1.6150000095367432,1.6150000095367432,1225,0.0,0.0
2024-10-31 11:59:00-04:00,1.6150000095367432,1.6150000095367432,1.6150000095367432,1.6150000095367432,400,0.0,0.0
2024-10-31 12:00:00-04:00,1.6150000095367432,1.6200000047683716,1.6101000308990479,1.6150000095367432,34431,0.0,0.0
2024-10-31 12:01:00-04:00,1.6150000095367432,1.6150000095367432,1.6150000095367432,1.6150000095367432,202,0.0,0.0
2024-10-31 12:03:00-04:00,1.6150000095367432,1.6150000095367432,1.6150000095367432,1.6150000095367432,204,0.0,0.0
2024-10-31 12:04:00-04:00,1.6200000047683716,1.6200000047683716,1.6150000095367432,1.6150000095367432,3801,0.0,0.0
2024-10-31 12:05:00-04:00,1.6200000047683716,1.6200000047683716,1.6150000095367432,1.6200000047683716,15301,0.0,0.0
2024-10-31 12:06:00-04:00,1.6150000095367432,1.6150000095367432,1.6150000095367432,1.6150000095367432,1035,0.0,0.0
2024-10-31 12:07:00-04:00,1.6100000143051147,1.6150000095367432,1.6100000143051147,1.6150000095367432,402,0.0,0.0
2024-10-31 12:08:00-04:00,1.6150000095367432,1.6150000095367432,1.6150000095367432,1.6150000095367432,401,0.0,0.0
2024-10-31 12:09:00-04:00,1.6150000095367432,1.6200000047683716,1.6150000095367432,1.6200000047683716,11900,0.0,0.0
2024-10-31 12:12:00-04:00,1.6150000095367432,1.6150000095367432,1.6150000095367432,1.6150000095367432,22854,0.0,0.0
2024-10-31 12:13:00-04:00,1.6150000095367432,1.6150000095367432,1.6150000095367432,1.6150000095367432,400,0.0,0.0
2024-10-31 12:14:00-04:00,1.6150000095367432,1.6200000047683716,1.6150000095367432,1.6194000244140625,51277,0.0,0.0
2024-10-31 12:15:00-04:00,1.6200000047683716,1.6200000047683716,1.6200000047683716,1.6200000047683716,1601,0.0,0.0
2024-10-31 12:16:00-04:00,1.6150000095367432,1.6150000095367432,1.6150000095367432,1.6150000095367432,1609,0.0,0.0
2024-10-31 12:17:00-04:00,1.6200000047683716,1.6200000047683716,1.6200000047683716,1.6200000047683716,101,0.0,0.0
2024-10-31 12:19:00-04:00,1.6188000440597534,1.6299999952316284,1.6188000440597534,1.625,33429,0.0,0.0
2024-10-31 12:21:00-04:00,1.625,1.625,1.625,1.625,124,0.0,0.0
2024-10-31 12:22:00-04:00,1.6299999952316284,1.6299999952316284,1.625,1.625,11812,0.0,0.0
2024-10-31 12:23:00-04:00,1.625,1.625,1.625,1.625,320,0.0,0.0
2024-10-31 12:24:00-04:00,1.625,1.625,1.625,1.625,100,0.0,0.0
2024-10-31 12:25:00-04:00,1.625,1.625,1.625,1.625,101,0.0,0.0
2024-10-31 12:28:00-04:00,1.625,1.625,1.625,1.625,4914,0.0,0.0
2024-10-31 12:29:00-04:00,1.625,1.625,1.625,1.625,100,0.0,0.0
2024-10-31 12:30:00-04:00,1.625,1.6258000135421753,1.625,1.6258000135421753,692,0.0,0.0
2024-10-31 12:31:00-04:00,1.625,1.6299999952316284,1.625,1.6299999952316284,2602,0.0,0.0
2024-10-31 12:32:00-04:00,1.625,1.625,1.625,1.625,525,0.0,0.0
2024-10-31 12:33:00-04:00,1.625,1.625,1.625,1.625,401,0.0,0.0
2024-10-31 12:35:00-04:00,1.625,1.625,1.625,1.625,104,0.0,0.0
2024-10-31 12:36:00-04:00,1.625,1.6299999952316284,1.625,1.6299999952316284,1601,0.0,0.0
2024-10-31 12:37:00-04:00,1.625,1.625,1.621399998664856,1.621399998664856,1102,0.0,0.0
2024-10-31 12:39:00-04:00,1.6200000047683716,1.6200000047683716,1.6200000047683716,1.6200000047683716,202,0.0,0.0
2024-10-31 12:41:00-04:00,1.625,1.625,1.625,1.625,308,0.0,0.0
2024-10-31 12:42:00-04:00,1.6299999952316284,1.6299999952316284,1.625,1.6299999952316284,1002,0.0,0.0
2024-10-31 12:43:00-04:00,1.625,1.625,1.625,1.625,400,0.0,0.0
2024-10-31 12:44:00-04:00,1.625,1.629699945449829,1.625,1.625,1605,0.0,0.0
2024-10-31 12:45:00-04:00,1.625,1.625,1.625,1.625,200,0.0,0.0
2024-10-31 12:46:00-04:00,1.625,1.6289000511169434,1.6200000047683716,1.6289000511169434,10238,0.0,0.0
2024-10-31 12:47:00-04:00,1.625,1.625,1.625,1.625,536,0.0,0.0
2024-10-31 12:48:00-04:00,1.625,1.625,1.625,1.625,200,0.0,0.0
2024-10-31 12:50:00-04:00,1.625,1.6299999952316284,1.625,1.625,5303,0.0,0.0
2024-10-31 12:52:00-04:00,1.625,1.6299999952316284,1.625,1.625,21569,0.0,0.0
2024-10-31 12:53:00-04:00,1.625,1.625,1.625,1.625,200,0.0,0.0
2024-10-31 12:54:00-04:00,1.62909996509552,1.62909996509552,1.625,1.625,719,0.0,0.0
2024-10-31 12:55:00-04:00,1.625,1.625,1.625,1.625,201,0.0,0.0
2024-10-31 12:56:00-04:00,1.625,1.6299999952316284,1.625,1.625,8703,0.0,0.0
2024-10-31 12:57:00-04:00,1.6299999952316284,1.6299999952316284,1.625,1.625,300,0.0,0.0
2024-10-31 12:58:00-04:00,1.625,1.625,1.625,1.625,200,0.0,0.0
2024-10-31 12:59:00-04:00,1.625,1.625,1.625,1.625,652,0.0,0.0
2024-10-31 13:00:00-04:00,1.625,1.625,1.625,1.625,400,0.0,0.0
2024-10-31 13:01:00-04:00,1.6288000345230103,1.6299999952316284,1.627500057220459,1.6299999952316284,3001,0.0,0.0
2024-10-31 13:02:00-04:00,1.625,1.625,1.625,1.625,201,0.0,0.0
2024-10-31 13:03:00-04:00,1.625,1.625,1.625,1.625,400,0.0,0.0
2024-10-31 13:04:00-04:00,1.625,1.625,1.625,1.625,526,0.0,0.0
2024-10-31 13:05:00-04:00,1.625,1.625,1.625,1.625,200,0.0,0.0
2024-10-31 13:06:00-04:00,1.6297999620437622,1.6297999620437622,1.625,1.625,1801,0.0,0.0
2024-10-31 13:07:00-04:00,1.625,1.625,1.625,1.625,400,0.0,0.0
2024-10-31 13:08:00-04:00,1.6299999952316284,1.6299999952316284,1.625,1.625,2114,0.0,0.0
2024-10-31 13:09:00-04:00,1.625,1.625,1.625,1.625,100,0.0,0.0
2024-10-31 13:10:00-04:00,1.625,1.625,1.625,1.625,402,0.0,0.0
2024-10-31 13:11:00-04:00,1.625,1.625,1.625,1.625,304,0.0,0.0
2024-10-31 13:12:00-04:00,1.625,1.625,1.625,1.625,403,0.0,0.0
2024-10-31 13:13:00-04:00,1.6200000047683716,1.625,1.6200000047683716,1.625,200,0.0,0.0
2024-10-31 13:14:00-04:00,1.628999948501587,1.628999948501587,1.625,1.625,1400,0.0,0.0
2024-10-31 13:15:00-04:00,1.625,1.625,1.625,1.625,328,0.0,0.0
2024-10-31 13:16:00-04:00,1.6299999952316284,1.6299999952316284,1.625,1.625,301,0.0,0.0
2024-10-31 13:17:00-04:00,1.625,1.625,1.625,1.625,300,0.0,0.0
2024-10-31 13:18:00-04:00,1.625,1.625,1.625,1.625,204,0.0,0.0
2024-10-31 13:19:00-04:00,1.625,1.625,1.625,1.625,421,0.0,0.0
2024-10-31 13:20:00-04:00,1.625,1.625,1.625,1.625,100,0.0,0.0
2024-10-31 13:21:00-04:00,1.6299999952316284,1.6299999952316284,1.625,1.625,1301,0.0,0.0
2024-10-31 13:22:00-04:00,1.625,1.625,1.625,1.625,411,0.0,0.0
2024-10-31 13:23:00-04:00,1.625,1.625,1.625,1.625,400,0.0,0.0
2024-10-31 13:24:00-04:00,1.625,1.625,1.625,1.625,324,0.0,0.0
2024-10-31 13:25:00-04:00,1.625,1.625,1.625,1.625,503,0.0,0.0
2024-10-31 13:26:00-04:00,1.625,1.625,1.625,1.625,1002,0.0,0.0
2024-10-31 13:27:00-04:00,1.625,1.625,1.625,1.625,225,0.0,0.0
2024-10-31 13:28:00-04:00,1.6299999952316284,1.6299999952316284,1.625,1.625,1601,0.0,0.0
2024-10-31 13:29:00-04:00,1.625,1.625,1.625,1.625,104,0.0,0.0
2024-10-31 13:30:00-04:00,1.625,1.625,1.625,1.625,406,0.0,0.0
2024-10-31 13:31:00-04:00,1.625,1.625,1.625,1.625,126,0.0,0.0
2024-10-31 13:32:00-04:00,1.625,1.625,1.625,1.625,501,0.0,0.0
2024-10-31 13:33:00-04:00,1.625,1.625,1.625,1.625,305,0.0,0.0
2024-10-31 13:34:00-04:00,1.6299999952316284,1.6299999952316284,1.625,1.625,1600,0.0,0.0
2024-10-31 13:35:00-04:00,1.625,1.625,1.625,1.625,332,0.0,0.0
2024-10-31 13:36:00-04:00,1.625,1.625,1.625,1.625,300,0.0,0.0
2024-10-31 13:37:00-04:00,1.625,1.625,1.625,1.625,221,0.0,0.0
2024-10-31 13:38:00-04:00,1.625,1.625,1.625,1.625,312,0.0,0.0
2024-10-31 13:39:00-04:00,1.625,1.625,1.625,1.625,604,0.0,0.0
2024-10-31 13:40:00-04:00,1.6299999952316284,1.6299999952316284,1.625,1.625,1401,0.0,0.0
2024-10-31 13:41:00-04:00,1.625,1.625,1.625,1.625,300,0.0,0.0
2024-10-31 13:42:00-04:00,1.625,1.625,1.625,1.625,322,0.0,0.0
2024-10-31 13:43:00-04:00,1.625,1.625,1.625,1.625,303,0.0,0.0
2024-10-31 13:44:00-04:00,1.625,1.625,1.625,1.625,100,0.0,0.0
2024-10-31 13:45:00-04:00,1.625,1.628100037574768,1.625,1.628100037574768,474,0.0,0.0
2024-10-31 13:46:00-04:00,1.6299999952316284,1.6299999952316284,1.625,1.625,902,0.0,0.0
2024-10-31 13:47:00-04:00,1.6275999546051025,1.6275999546051025,1.625,1.625,600,0.0,0.0
2024-10-31 13:48:00-04:00,1.625,1.625,1.625,1.625,201,0.0,0.0
2024-10-31 13:49:00-04:00,1.625,1.625,1.625,1.625,500,0.0,0.0
2024-10-31 13:50:00-04:00,1.625,1.625,1.625,1.625,319,0.0,0.0
2024-10-31 13:51:00-04:00,1.625,1.625,1.6200000047683716,1.625,402,0.0,0.0
2024-10-31 13:52:00-04:00,1.625,1.6299999952316284,1.625,1.6299999952316284,1732,0.0,0.0
2024-10-31 13:53:00-04:00,1.625,1.625,1.625,1.625,400,0.0,0.0
2024-10-31 13:54:00-04:00,1.625,1.625,1.625,1.625,201,0.0,0.0
2024-10-31 13:55:00-04:00,1.625,1.625,1.625,1.625,304,0.0,0.0
2024-10-31 13:56:00-04:00,1.625,1.625,1.625,1.625,237,0.0,0.0
2024-10-31 13:57:00-04:00,1.625,1.625,1.625,1.625,100,0.0,0.0
2024-10-31 13:58:00-04:00,1.6299999952316284,1.6299999952316284,1.6201000213623047,1.625,4634,0.0,0.0
2024-10-31 13:59:00-04:00,1.625,1.625,1.625,1.625,522,0.0,0.0
2024-10-31 14:00:00-04:00,1.625,1.625,1.625,1.625,1101,0.0,0.0
2024-10-31 14:01:00-04:00,1.625,1.625,1.625,1.625,201,0.0,0.0
2024-10-31 14:02:00-04:00,1.625,1.625,1.625,1.625,503,0.0,0.0
2024-10-31 14:03:00-04:00,1.625,1.625,1.625,1.625,700,0.0,0.0
2024-10-31 14:04:00-04:00,1.625,1.6299999952316284,1.625,1.625,3303,0.0,0.0
2024-10-31 14:05:00-04:00,1.625,1.625,1.625,1.625,334,0.0,0.0
2024-10-31 14:06:00-04:00,1.625,1.625,1.625,1.625,1393,0.0,0.0
2024-10-31 14:07:00-04:00,1.625,1.625,1.625,1.625,402,0.0,0.0
2024-10-31 14:08:00-04:00,1.625,1.625,1.625,1.625,825,0.0,0.0
2024-10-31 14:09:00-04:00,1.625,1.625,1.625,1.625,301,0.0,0.0
2024-10-31 14:10:00-04:00,1.625,1.625,1.625,1.625,902,0.0,0.0
2024-10-31 14:11:00-04:00,1.6299999952316284,1.6299999952316284,1.625,1.625,3581,0.0,0.0
2024-10-31 14:12:00-04:00,1.625,1.625,1.625,1.625,135,0.0,0.0
2024-10-31 14:13:00-04:00,1.625,1.625,1.625,1.625,1301,0.0,0.0
2024-10-31 14:14:00-04:00,1.625,1.625,1.625,1.625,202,0.0,0.0
2024-10-31 14:15:00-04:00,1.625,1.625,1.625,1.625,1019,0.0,0.0
2024-10-31 14:16:00-04:00,1.625,1.625,1.625,1.625,1144,0.0,0.0
2024-10-31 14:17:00-04:00,1.625,1.6299999952316284,1.625,1.625,3002,0.0,0.0
2024-10-31 14:18:00-04:00,1.625,1.625,1.625,1.625,701,0.0,0.0
2024-10-31 14:19:00-04:00,1.625,1.625,1.625,1.625,300,0.0,0.0
2024-10-31 14:20:00-04:00,1.625,1.625,1.625,1.625,1104,0.0,0.0
2024-10-31 14:21:00-04:00,1.625,1.625,1.625,1.625,500,0.0,0.0
2024-10-31 14:22:00-04:00,1.625,1.625,1.624500036239624,1.625,675,0.0,0.0
2024-10-31 14:23:00-04:00,1.625,1.625,1.625,1.625,601,0.0,0.0
2024-10-31 14:24:00-04:00,1.625,1.6299999952316284,1.625,1.625,3695,0.0,0.0
2024-10-31 14:25:00-04:00,1.625,1.6299999952316284,1.625,1.625,1102,0.0,0.0
2024-10-31 14:26:00-04:00,1.625,1.625,1.625,1.625,100,0.0,0.0
2024-10-31 14:27:00-04:00,1.625,1.625,1.625,1.625,1331,0.0,0.0
2024-10-31 14:28:00-04:00,1.625,1.625,1.625,1.625,400,0.0,0.0
2024-10-31 14:29:00-04:00,1.625,1.625,1.625,1.625,935,0.0,0.0
2024-10-31 14:30:00-04:00,1.625,1.6299999952316284,1.6200000047683716,1.625,3701,0.0,0.0
2024-10-31 14:31:00-04:00,1.625,1.625,1.625,1.625,301,0.0,0.0
2024-10-31 14:32:00-04:00,1.625,1.625,1.625,1.625,1003,0.0,0.0
2024-10-31 14:33:00-04:00,1.625,1.625,1.625,1.625,705,0.0,0.0
2024-10-31 14:34:00-04:00,1.625,1.625,1.625,1.625,527,0.0,0.0
2024-10-31 14:35:00-04:00,1.625,1.625,1.625,1.625,505,0.0,0.0
2024-10-31 14:36:00-04:00,1.625,1.6299999952316284,1.625,1.625,3301,0.0,0.0
2024-10-31 14:37:00-04:00,1.625,1.625,1.625,1.625,956,0.0,0.0
2024-10-31 14:38:00-04:00,1.625,1.625,1.625,1.625,503,0.0,0.0
2024-10-31 14:39:00-04:00,1.625,1.625,1.625,1.625,202,0.0,0.0
2024-10-31 14:40:00-04:00,1.6200000047683716,1.625,1.6200000047683716,1.625,307,0.0,0.0
2024-10-31 14:41:00-04:00,1.625,1.625,1.625,1.625,210,0.0,0.0
2024-10-31 14:42:00-04:00,1.6299999952316284,1.6299999952316284,1.625,1.625,2553,0.0,0.0
2024-10-31 14:43:00-04:00,1.625,1.625,1.625,1.625,400,0.0,0.0
2024-10-31 14:44:00-04:00,1.625,1.625,1.6200000047683716,1.6200000047683716,1384,0.0,0.0
2024-10-31 14:46:00-04:00,1.625,1.625,1.625,1.625,143,0.0,0.0
2024-10-31 14:47:00-04:00,1.6299999952316284,1.6299999952316284,1.6200000047683716,1.625,3063,0.0,0.0
2024-10-31 14:48:00-04:00,1.625,1.625,1.625,1.625,1603,0.0,0.0
2024-10-31 14:49:00-04:00,1.625,1.625,1.625,1.625,114,0.0,0.0
2024-10-31 14:50:00-04:00,1.625,1.625,1.625,1.625,101,0.0,0.0
2024-10-31 14:52:00-04:00,1.6299999952316284,1.6299999952316284,1.6200000047683716,1.625,4133,0.0,0.0
2024-10-31 14:53:00-04:00,1.625,1.625,1.625,1.625,101,0.0,0.0
2024-10-31 14:54:00-04:00,1.625,1.625,1.625,1.625,602,0.0,0.0
2024-10-31 14:56:00-04:00,1.625,1.625,1.625,1.625,3460,0.0,0.0
2024-10-31 14:57:00-04:00,1.6200000047683716,1.625,1.6200000047683716,1.625,1551,0.0,0.0
2024-10-31 14:58:00-04:00,1.621500015258789,1.621500015258789,1.621500015258789,1.621500015258789,5001,0.0,0.0
2024-10-31 14:59:00-04:00,1.625,1.625,1.625,1.625,526,0.0,0.0
2024-10-31 15:00:00-04:00,1.625,1.625,1.625,1.625,1331,0.0,0.0
2024-10-31 15:01:00-04:00,1.625,1.6299999952316284,1.625,1.625,12084,0.0,0.0
2024-10-31 15:02:00-04:00,1.625,1.625,1.625,1.625,1102,0.0,0.0
2024-10-31 15:03:00-04:00,1.625,1.625,1.625,1.625,1300,0.0,0.0
2024-10-31 15:04:00-04:00,1.625,1.625,1.625,1.625,733,0.0,0.0
2024-10-31 15:05:00-04:00,1.625,1.625,1.625,1.625,1101,0.0,0.0
2024-10-31 15:06:00-04:00,1.625,1.6299999952316284,1.625,1.6299999952316284,6198,0.0,0.0
2024-10-31 15:07:00-04:00,1.625,1.625,1.625,1.625,904,0.0,0.0
2024-10-31 15:08:00-04:00,1.625,1.628000020980835,1.625,1.628000020980835,650,0.0,0.0
2024-10-31 15:09:00-04:00,1.625,1.625,1.625,1.625,903,0.0,0.0
2024-10-31 15:10:00-04:00,1.625,1.625,1.625,1.625,902,0.0,0.0
2024-10-31 15:11:00-04:00,1.625,1.6299999952316284,1.625,1.6299999952316284,5467,0.0,0.0
2024-10-31 15:12:00-04:00,1.625,1.625,1.625,1.625,813,0.0,0.0
2024-10-31 15:13:00-04:00,1.625,1.6299999952316284,1.625,1.6299999952316284,6203,0.0,0.0
2024-10-31 15:14:00-04:00,1.625,1.625,1.625,1.625,1194,0.0,0.0
2024-10-31 15:15:00-04:00,1.625,1.625,1.625,1.625,1103,0.0,0.0
2024-10-31 15:17:00-04:00,1.625,1.625,1.625,1.625,904,0.0,0.0
2024-10-31 15:18:00-04:00,1.625,1.625,1.625,1.625,804,0.0,0.0
2024-10-31 15:19:00-04:00,1.6299999952316284,1.6299999952316284,1.6262999773025513,1.629699945449829,47887,0.0,0.0
2024-10-31 15:20:00-04:00,1.6299999952316284,1.6299999952316284,1.625,1.6299999952316284,3566,0.0,0.0
2024-10-31 15:21:00-04:00,1.625,1.6299999952316284,1.625,1.625,2142,0.0,0.0
2024-10-31 15:22:00-04:00,1.625,1.625,1.625,1.625,603,0.0,0.0
2024-10-31 15:23:00-04:00,1.625,1.625,1.621000051498413,1.625,1650,0.0,0.0
2024-10-31 15:24:00-04:00,1.6299999952316284,1.6299999952316284,1.625,1.625,16565,0.0,0.0
2024-10-31 15:25:00-04:00,1.625,1.625,1.625,1.625,936,0.0,0.0
2024-10-31 15:26:00-04:00,1.625,1.627500057220459,1.625,1.625,926,0.0,0.0
2024-10-31 15:27:00-04:00,1.625,1.625,1.625,1.625,880,0.0,0.0
2024-10-31 15:28:00-04:00,1.625,1.6299999952316284,1.625,1.625,7305,0.0,0.0
2024-10-31 15:29:00-04:00,1.625,1.625,1.625,1.625,674,0.0,0.0
2024-10-31 15:30:00-04:00,1.625,1.625,1.625,1.625,1020,0.0,0.0
2024-10-31 15:31:00-04:00,1.625,1.625,1.625,1.625,2048,0.0,0.0
2024-10-31 15:32:00-04:00,1.625,1.625,1.625,1.625,1170,0.0,0.0
2024-10-31 15:33:00-04:00,1.625,1.625,1.625,1.625,672,0.0,0.0
2024-10-31 15:34:00-04:00,1.625,1.625,1.625,1.625,1334,0.0,0.0
2024-10-31 15:35:00-04:00,1.625,1.6299999952316284,1.625,1.625,5977,0.0,0.0
2024-10-31 15:36:00-04:00,1.625,1.625,1.625,1.625,1147,0.0,0.0
2024-10-31 15:37:00-04:00,1.625,1.625,1.625,1.625,1487,0.0,0.0
2024-10-31 15:38:00-04:00,1.625,1.625,1.625,1.625,1677,0.0,0.0
2024-10-31 15:39:00-04:00,1.625,1.625,1.625,1.625,2027,0.0,0.0
2024-10-31 15:40:00-04:00,1.625,1.625,1.625,1.625,1492,0.0,0.0
2024-10-31 15:41:00-04:00,1.625,1.625,1.625,1.625,1327,0.0,0.0
2024-10-31 15:42:00-04:00,1.6200000047683716,1.625,1.6200000047683716,1.6200000047683716,4724,0.0,0.0
2024-10-31 15:43:00-04:00,1.625,1.625,1.6200000047683716,1.6200000047683716,9081,0.0,0.0
2024-10-31 15:44:00-04:00,1.625,1.625,1.6200000047683716,1.625,3959,0.0,0.0
2024-10-31 15:45:00-04:00,1.625,1.625,1.6200000047683716,1.6200000047683716,3929,0.0,0.0
2024-10-31 15:46:00-04:00,1.625,1.625,1.625,1.625,17732,0.0,0.0
2024-10-31 15:47:00-04:00,1.625,1.625,1.625,1.625,1749,0.0,0.0
2024-10-31 15:48:00-04:00,1.625,1.625,1.6200000047683716,1.625,5903,0.0,0.0
2024-10-31 15:49:00-04:00,1.625,1.625,1.625,1.625,801,0.0,0.0
2024-10-31 15:50:00-04:00,1.625,1.6299999952316284,1.625,1.625,28642,0.0,0.0
2024-10-31 15:51:00-04:00,1.6299999952316284,1.6299999952316284,1.6200000047683716,1.625,12750,0.0,0.0
2024-10-31 15:52:00-04:00,1.625,1.6299999952316284,1.625,1.625,4805,0.0,0.0
2024-10-31 15:53:00-04:00,1.625,1.625,1.6200000047683716,1.625,7809,0.0,0.0
2024-10-31 15:54:00-04:00,1.6299999952316284,1.6299999952316284,1.6200000047683716,1.625,30419,0.0,0.0
2024-10-31 15:55:00-04:00,1.625,1.6299999952316284,1.6200000047683716,1.621399998664856,22575,0.0,0.0
2024-10-31 15:56:00-04:00,1.621399998664856,1.6299999952316284,1.6200000047683716,1.625,5163,0.0,0.0
2024-10-31 15:57:00-04:00,1.625,1.6299999952316284,1.625,1.625,16311,0.0,0.0
2024-10-31 15:58:00-04:00,1.625,1.6299999952316284,1.6212999820709229,1.625,16369,0.0,0.0
2024-10-31 15:59:00-04:00,1.625,1.6299999952316284,1.6200000047683716,1.6200000047683716,121896,0.0,0.0
2024-11-01 09:30:00-04:00,1.6200000047683716,1.6299999952316284,1.6100000143051147,1.6150000095367432,39608,0.0,0.0
2024-11-01 09:31:00-04:00,1.615399956703186,1.6155999898910522,1.6150000095367432,1.6150000095367432,6778,0.0,0.0
2024-11-01 09:32:00-04:00,1.6150000095367432,1.6150000095367432,1.6150000095367432,1.6150000095367432,102,0.0,0.0
2024-11-01 09:33:00-04:00,1.6150000095367432,1.6150000095367432,1.6100000143051147,1.6100000143051147,300,0.0,0.0
2024-11-01 09:34:00-04:00,1.6150000095367432,1.6150000095367432,1.6150000095367432,1.6150000095367432,200,0.0,0.0
2024-11-01 09:35:00-04:00,1.6200000047683716,1.6200000047683716,1.6150000095367432,1.6150000095367432,6702,0.0,0.0
2024-11-01 09:37:00-04:00,1.6150000095367432,1.6200000047683716,1.6100000143051147,1.6200000047683716,21711,0.0,0.0
2024-11-01 09:38:00-04:00,1.625,1.625,1.625,1.625,101,0.0,0.0
2024-11-01 09:40:00-04:00,1.6200000047683716,1.6200000047683716,1.6100000143051147,1.6150000095367432,19787,0.0,0.0
2024-11-01 09:41:00-04:00,1.6150000095367432,1.6198999881744385,1.6150000095367432,1.6150000095367432,4500,0.0,0.0
2024-11-01 09:42:00-04:00,1.6150000095367432,1.6150000095367432,1.6150000095367432,1.6150000095367432,1206,0.0,0.0
2024-11-01 09:44:00-04:00,1.6180000305175781,1.6200000047683716,1.6150000095367432,1.6200000047683716,7800,0.0,0.0
2024-11-01 09:45:00-04:00,1.6200000047683716,1.6200000047683716,1.6150000095367432,1.6150000095367432,5115,0.0,0.0
2024-11-01 09:46:00-04:00,1.6150000095367432,1.6150000095367432,1.6100000143051147,1.6150000095367432,5633,0.0,0.0
2024-11-01 09:47:00-04:00,1.6150000095367432,1.6150000095367432,1.6150000095367432,1.6150000095367432,164,0.0,0.0
2024-11-01 09:50:00-04:00,1.6198999881744385,1.6200000047683716,1.6150000095367432,1.6150000095367432,8911,0.0,0.0
2024-11-01 09:53:00-04:00,1.6200000047683716,1.6200000047683716,1.6100000143051147,1.6101000308990479,45224,0.0,0.0
2024-11-01 09:55:00-04:00,1.6150000095367432,1.6150000095367432,1.6150000095367432,1.6150000095367432,300,0.0,0.0
2024-11-01 09:56:00-04:00,1.6150000095367432,1.6150000095367432,1.6150000095367432,1.6150000095367432,100,0.0,0.0
2024-11-01 09:57:00-04:00,1.6200000047683716,1.6200000047683716,1.6150000095367432,1.6150000095367432,16500,0.0,0.0
2024-11-01 09:58:00-04:00,1.6150000095367432,1.6150000095367432,1.6150000095367432,1.6150000095367432,1405,0.0,0.0
2024-11-01 09:59:00-04:00,1.6150000095367432,1.61899995803833,1.6150000095367432,1.61899995803833,201,0.0,0.0
2024-11-01 10:00:00-04:00,1.6200000047683716,1.6200000047683716,1.6150000095367432,1.6150000095367432,2000,0.0,0.0
2024-11-01 10:01:00-04:00,1.6150000095367432,1.6150000095367432,1.6150000095367432,1.6150000095367432,1000,0.0,0.0
2024-11-01 10:02:00-04:00,1.610200047492981,1.6150000095367432,1.610200047492981,1.6150000095367432,6984,0.0,0.0
2024-11-01 10:03:00-04:00,1.6194000244140625,1.6194000244140625,1.6150000095367432,1.6150000095367432,1999,0.0,0.0
2024-11-01 10:04:00-04:00,1.6150000095367432,1.6200000047683716,1.6150000095367432,1.6150000095367432,15661,0.0,0.0
2024-11-01 10:05:00-04:00,1.6150000095367432,1.6150000095367432,1.6150000095367432,1.6150000095367432,709,0.0,0.0
2024-11-01 10:07:00-04:00,1.6150000095367432,1.6150000095367432,1.6150000095367432,1.6150000095367432,110,0.0,0.0
2024-11-01 10:08:00-04:00,1.6150000095367432,1.6150000095367432,1.6150000095367432,1.6150000095367432,202,0.0,0.0
2024-11-01 10:09:00-04:00,1.6180000305175781,1.6200000047683716,1.6150000095367432,1.6150000095367432,10005,0.0,0.0
2024-11-01 10:10:00-04:00,1.6150000095367432,1.6150000095367432,1.6150000095367432,1.6150000095367432,653,0.0,0.0
2024-11-01 10:11:00-04:00,1.6150000095367432,1.6191999912261963,1.6139999628067017,1.6191999912261963,4248,0.0,0.0
2024-11-01 10:12:00-04:00,1.6150000095367432,1.6200000047683716,1.6150000095367432,1.6200000047683716,571,0.0,0.0
2024-11-01 10:13:00-04:00,1.6150000095367432,1.6150000095367432,1.6150000095367432,1.6150000095367432,210,0.0,0.0
2024-11-01 10:14:00-04:00,1.6150000095367432,1.6150000095367432,1.6150000095367432,1.6150000095367432,100,0.0,0.0
2024-11-01 10:15:00-04:00,1.6200000047683716,1.6200000047683716,1.6150000095367432,1.6150000095367432,4601,0.0,0.0
2024-11-01 10:16:00-04:00,1.6150000095367432,1.6150000095367432,1.6150000095367432,1.6150000095367432,1386,0.0,0.0
2024-11-01 10:17:00-04:00,1.6150000095367432,1.6150000095367432,1.6150000095367432,1.6150000095367432,304,0.0,0.0
2024-11-01 10:18:00-04:00,1.6150000095367432,1.6150000095367432,1.6150000095367432,1.6150000095367432,113,0.0,0.0
2024-11-01 10:19:00-04:00,1.6150000095367432,1.6150000095367432,1.6150000095367432,1.6150000095367432,100,0.0,0.0
2024-11-01 10:20:00-04:00,1.6200000047683716,1.6200000047683716,1.6150000095367432,1.6150000095367432,4630,0.0,0.0
2024-11-01 10:21:00-04:00,1.6150000095367432,1.6150000095367432,1.6150000095367432,1.6150000095367432,100,0.0,0.0
2024-11-01 10:22:00-04:00,1.6150000095367432,1.6150000095367432,1.6150000095367432,1.6150000095367432,100,0.0,0.0
2024-11-01 10:23:00-04:00,1.6100000143051147,1.6200000047683716,1.6100000143051147,1.6150000095367432,1600,0.0,0.0
2024-11-01 10:24:00-04:00,1.6150000095367432,1.6150000095367432,1.6150000095367432,1.6150000095367432,711,0.0,0.0
2024-11-01 10:25:00-04:00,1.6150000095367432,1.6150000095367432,1.6150000095367432,1.6150000095367432,205,0.0,0.0
2024-11-01 10:26:00-04:00,1.6150000095367432,1.6150000095367432,1.6150000095367432,1.6150000095367432,107,0.0,0.0
2024-11-01 10:28:00-04:00,1.6191999912261963,1.6191999912261963,1.6150000095367432,1.6150000095367432,330,0.0,0.0
2024-11-01 10:29:00-04:00,1.6150000095367432,1.6200000047683716,1.6150000095367432,1.6150000095367432,1201,0.0,0.0
2024-11-01 10:30:00-04:00,1.6150000095367432,1.6180000305175781,1.6150000095367432,1.6150000095367432,2818,0.0,0.0
2024-11-01 10:31:00-04:00,1.6150000095367432,1.6150000095367432,1.6150000095367432,1.6150000095367432,100,0.0,0.0
2024-11-01 10:32:00-04:00,1.6200000047683716,1.6200000047683716,1.6200000047683716,1.6200000047683716,101,0.0,0.0
2024-11-01 10:33:00-04:00,1.6150000095367432,1.6150000095367432,1.6150000095367432,1.6150000095367432,201,0.0,0.0
2024-11-01 10:34:00-04:00,1.6188000440597534,1.6200000047683716,1.6188000440597534,1.6200000047683716,1300,0.0,0.0
2024-11-01 10:35:00-04:00,1.6150000095367432,1.6150000095367432,1.6150000095367432,1.6150000095367432,100,0.0,0.0
2024-11-01 10:36:00-04:00,1.6150000095367432,1.6150000095367432,1.6150000095367432,1.6150000095367432,100,0.0,0.0
2024-11-01 10:37:00-04:00,1.6150000095367432,1.6198999881744385,1.6150000095367432,1.6198999881744385,1780,0.0,0.0
2024-11-01 10:38:00-04:00,1.6150000095367432,1.6150000095367432,1.6150000095367432,1.6150000095367432,665,0.0,0.0
2024-11-01 10:40:00-04:00,1.6150000095367432,1.6150000095367432,1.6150000095367432,1.6150000095367432,200,0.0,0.0
2024-11-01 10:41:00-04:00,1.6150000095367432,1.6200000047683716,1.6150000095367432,1.6171000003814697,2116,0.0,0.0
2024-11-01 10:43:00-04:00,1.6150000095367432,1.6150000095367432,1.6150000095367432,1.6150000095367432,1383,0.0,0.0
2024-11-01 10:44:00-04:00,1.6150000095367432,1.6200000047683716,1.6150000095367432,1.6200000047683716,1320,0.0,0.0
2024-11-01 10:45:00-04:00,1.6150000095367432,1.6150000095367432,1.6150000095367432,1.6150000095367432,100,0.0,0.0
2024-11-01 10:47:00-04:00,1.6150000095367432,1.6150000095367432,1.6150000095367432,1.6150000095367432,1700,0.0,0.0
2024-11-01 10:49:00-04:00,1.6150000095367432,1.6150000095367432,1.6150000095367432,1.6150000095367432,100,0.0,0.0
2024-11-01 10:50:00-04:00,1.6150000095367432,1.6150000095367432,1.6150000095367432,1.6150000095367432,1141,0.0,0.0
2024-11-01 10:52:00-04:00,1.6150000095367432,1.6150000095367432,1.6150000095367432,1.6150000095367432,100,0.0,0.0
2024-11-01 10:53:00-04:00,1.6150000095367432,1.6198999881744385,1.6116000413894653,1.6150000095367432,11808,0.0,0.0
2024-11-01 10:54:00-04:00,1.6150000095367432,1.6150000095367432,1.6150000095367432,1.6150000095367432,1800,0.0,0.0
2024-11-01 10:55:00-04:00,1.6150000095367432,1.6150000095367432,1.6100000143051147,1.6100000143051147,9924,0.0,0.0
2024-11-01 10:56:00-04:00,1.6100000143051147,1.6100000143051147,1.6100000143051147,1.6100000143051147,1375,0.0,0.0
2024-11-01 10:57:00-04:00,1.6100000143051147,1.6100000143051147,1.6100000143051147,1.6100000143051147,900,0.0,0.0
2024-11-01 10:58:00-04:00,1.6100000143051147,1.6150000095367432,1.6100000143051147,1.6150000095367432,1700,0.0,0.0
2024-11-01 10:59:00-04:00,1.6100000143051147,1.6200000047683716,1.6100000143051147,1.6100000143051147,10705,0.0,0.0
2024-11-01 11:00:00-04:00,1.6100000143051147,1.6100000143051147,1.6100000143051147,1.6100000143051147,105,0.0,0.0
2024-11-01 11:01:00-04:00,1.6150000095367432,1.6150000095367432,1.6100000143051147,1.6100000143051147,200,0.0,0.0
2024-11-01 11:02:00-04:00,1.6100000143051147,1.6100000143051147,1.6100000143051147,1.6100000143051147,179,0.0,0.0
2024-11-01 11:03:00-04:00,1.6100000143051147,1.6100000143051147,1.6100000143051147,1.6100000143051147,348,0.0,0.0
2024-11-01 11:04:00-04:00,1.6100000143051147,1.6200000047683716,1.6100000143051147,1.6102999448776245,6000,0.0,0.0
2024-11-01 11:05:00-04:00,1.6100000143051147,1.6100000143051147,1.6100000143051147,1.6100000143051147,351,0.0,0.0
2024-11-01 11:06:00-04:00,1.610200047492981,1.610200047492981,1.6100000143051147,1.6100000143051147,3514,0.0,0.0
2024-11-01 11:07:00-04:00,1.6100000143051147,1.6151000261306763,1.6100000143051147,1.6151000261306763,206,0.0,0.0
2024-11-01 11:08:00-04:00,1.6150000095367432,1.6150000095367432,1.6100000143051147,1.6100000143051147,572,0.0,0.0
2024-11-01 11:09:00-04:00,1.6100000143051147,1.6150000095367432,1.6100000143051147,1.6150000095367432,344,0.0,0.0
2024-11-01 11:10:00-04:00,1.6150000095367432,1.6150000095367432,1.6100000143051147,1.6100000143051147,17948,0.0,0.0
2024-11-01 11:11:00-04:00,1.6100000143051147,1.6150000095367432,1.6100000143051147,1.6150000095367432,4075,0.0,0.0
2024-11-01 11:12:00-04:00,1.6100000143051147,1.6100000143051147,1.6100000143051147,1.6100000143051147,201,0.0,0.0
2024-11-01 11:13:00-04:00,1.6150000095367432,1.6150000095367432,1.6150000095367432,1.6150000095367432,300,0.0,0.0
2024-11-01 11:14:00-04:00,1.6100000143051147,1.6150000095367432,1.6100000143051147,1.6150000095367432,8250,0.0,0.0
2024-11-01 11:15:00-04:00,1.6100000143051147,1.6101000308990479,1.6100000143051147,1.6101000308990479,2390,0.0,0.0
2024-11-01 11:16:00-04:00,1.6100000143051147,1.6100000143051147,1.6100000143051147,1.6100000143051147,138,0.0,0.0
2024-11-01 11:17:00-04:00,1.6100000143051147,1.6100000143051147,1.6100000143051147,1.6100000143051147,100,0.0,0.0
2024-11-01 11:18:00-04:00,1.6100000143051147,1.6100000143051147,1.6100000143051147,1.6100000143051147,250,0.0,0.0
2024-11-01 11:19:00-04:00,1.6150000095367432,1.6150000095367432,1.6100000143051147,1.6100000143051147,6440,0.0,0.0
2024-11-01 11:20:00-04:00,1.6100000143051147,1.6100000143051147,1.6100000143051147,1.6100000143051147,238,0.0,0.0
2024-11-01 11:21:00-04:00,1.6100000143051147,1.6100000143051147,1.6100000143051147,1.6100000143051147,104,0.0,0.0
2024-11-01 11:22:00-04:00,1.6100000143051147,1.6100000143051147,1.6100000143051147,1.6100000143051147,101,0.0,0.0
2024-11-01 11:23:00-04:00,1.6150000095367432,1.6150000095367432,1.6100000143051147,1.6150000095367432,3400,0.0,0.0
2024-11-01 11:24:00-04:00,1.6100000143051147,1.6100000143051147,1.6100000143051147,1.6100000143051147,100,0.0,0.0
2024-11-01 11:25:00-04:00,1.6150000095367432,1.6150000095367432,1.6100000143051147,1.6100000143051147,266,0.0,0.0
2024-11-01 11:26:00-04:00,1.6100000143051147,1.6200000047683716,1.6100000143051147,1.6150000095367432,480,0.0,0.0
2024-11-01 11:27:00-04:00,1.6100000143051147,1.6100000143051147,1.6100000143051147,1.6100000143051147,2100,0.0,0.0
2024-11-01 11:28:00-04:00,1.6100000143051147,1.6100000143051147,1.6100000143051147,1.6100000143051147,285,0.0,0.0
2024-11-01 11:29:00-04:00,1.6100000143051147,1.6150000095367432,1.6100000143051147,1.6150000095367432,2000,0.0,0.0
2024-11-01 11:30:00-04:00,1.6100000143051147,1.6100000143051147,1.6100000143051147,1.6100000143051147,175,0.0,0.0
2024-11-01 11:31:00-04:00,1.6150000095367432,1.6150000095367432,1.6150000095367432,1.6150000095367432,751,0.0,0.0
2024-11-01 11:32:00-04:00,1.6150000095367432,1.6200000047683716,1.6100000143051147,1.6100000143051147,74410,0.0,0.0
2024-11-01 11:33:00-04:00,1.6150000095367432,1.6150000095367432,1.6150000095367432,1.6150000095367432,375,0.0,0.0
2024-11-01 11:34:00-04:00,1.6100000143051147,1.6100000143051147,1.6100000143051147,1.6100000143051147,100,0.0,0.0
2024-11-01 11:35:00-04:00,1.6150000095367432,1.6150000095367432,1.6150000095367432,1.6150000095367432,176,0.0,0.0
2024-11-01 11:36:00-04:00,1.6150000095367432,1.6150000095367432,1.6150000095367432,1.6150000095367432,300,0.0,0.0
2024-11-01 11:37:00-04:00,1.6150000095367432,1.6200000047683716,1.6150000095367432,1.6171000003814697,60690,0.0,0.0
2024-11-01 11:38:00-04:00,1.6150000095367432,1.6200000047683716,1.6150000095367432,1.6200000047683716,5400,0.0,0.0
2024-11-01 11:39:00-04:00,1.6200000047683716,1.6200000047683716,1.6150000095367432,1.6200000047683716,6703,0.0,0.0
2024-11-01 11:40:00-04:00,1.6150000095367432,1.6150000095367432,1.6150000095367432,1.6150000095367432,250,0.0,0.0
2024-11-01 11:41:00-04:00,1.6150000095367432,1.6200000047683716,1.6150000095367432,1.6200000047683716,420,0.0,0.0
2024-11-01 11:42:00-04:00,1.6200000047683716,1.6200000047683716,1.6150000095367432,1.6150000095367432,60204,0.0,0.0
2024-11-01 11:44:00-04:00,1.6150000095367432,1.6200000047683716,1.6150000095367432,1.6200000047683716,2126,0.0,0.0
2024-11-01 11:45:00-04:00,1.6200000047683716,1.6200000047683716,1.6150000095367432,1.6150000095367432,376,0.0,0.0
2024-11-01 11:46:00-04:00,1.6180000305175781,1.6200000047683716,1.6150000095367432,1.6150000095367432,29377,0.0,0.0
2024-11-01 11:47:00-04:00,1.6150000095367432,1.6150000095367432,1.6150000095367432,1.6150000095367432,2800,0.0,0.0
2024-11-01 11:48:00-04:00,1.6150000095367432,1.6150000095367432,1.6100000143051147,1.6150000095367432,900,0.0,0.0
2024-11-01 11:49:00-04:00,1.6150000095367432,1.6153000593185425,1.6150000095367432,1.6153000593185425,701,0.0,0.0
2024-11-01 11:50:00-04:00,1.6150000095367432,1.6200000047683716,1.6150000095367432,1.6150000095367432,11390,0.0,0.0
2024-11-01 11:51:00-04:00,1.6198999881744385,1.6198999881744385,1.6150000095367432,1.6150000095367432,2500,0.0,0.0
2024-11-01 11:52:00-04:00,1.6150000095367432,1.6200000047683716,1.6150000095367432,1.6169999837875366,1200,0.0,0.0
2024-11-01 11:53:00-04:00,1.6150000095367432,1.6150000095367432,1.6150000095367432,1.6150000095367432,450,0.0,0.0
2024-11-01 11:54:00-04:00,1.6150000095367432,1.6150000095367432,1.6150000095367432,1.6150000095367432,524,0.0,0.0
2024-11-01 11:55:00-04:00,1.6150000095367432,1.6200000047683716,1.6150000095367432,1.6150000095367432,6410,0.0,0.0
2024-11-01 11:56:00-04:00,1.6150000095367432,1.6200000047683716,1.6150000095367432,1.6200000047683716,700,0.0,0.0
2024-11-01 11:57:00-04:00,1.6150000095367432,1.6150000095367432,1.6150000095367432,1.6150000095367432,201,0.0,0.0
2024-11-01 11:58:00-04:00,1.6150000095367432,1.6150000095367432,1.6150000095367432,1.6150000095367432,350,0.0,0.0
2024-11-01 12:00:00-04:00,1.6150000095367432,1.6150000095367432,1.6150000095367432,1.6150000095367432,3623,0.0,0.0
2024-11-01 12:01:00-04:00,1.6150000095367432,1.6150000095367432,1.6150000095367432,1.6150000095367432,421,0.0,0.0
2024-11-01 12:02:00-04:00,1.6150000095367432,1.6150000095367432,1.6150000095367432,1.6150000095367432,300,0.0,0.0
2024-11-01 12:03:00-04:00,1.6150000095367432,1.6150000095367432,1.6150000095367432,1.6150000095367432,101,0.0,0.0
2024-11-01 12:04:00-04:00,1.6150000095367432,1.6150000095367432,1.6150000095367432,1.6150000095367432,300,0.0,0.0
2024-11-01 12:05:00-04:00,1.6200000047683716,1.6200000047683716,1.6150000095367432,1.6150000095367432,1822,0.0,0.0
2024-11-01 12:06:00-04:00,1.6150000095367432,1.6150000095367432,1.6150000095367432,1.6150000095367432,410,0.0,0.0
2024-11-01 12:07:00-04:00,1.6150000095367432,1.6150000095367432,1.6150000095367432,1.6150000095367432,200,0.0,0.0
2024-11-01 12:08:00-04:00,1.6150000095367432,1.6150000095367432,1.6150000095367432,1.6150000095367432,200,0.0,0.0
2024-11-01 12:09:00-04:00,1.6150000095367432,1.6150000095367432,1.6150000095367432,1.6150000095367432,300,0.0,0.0
2024-11-01 12:10:00-04:00,1.6150000095367432,1.6150000095367432,1.6150000095367432,1.6150000095367432,290,0.0,0.0
2024-11-01 12:11:00-04:00,1.6150000095367432,1.6200000047683716,1.6150000095367432,1.6150000095367432,12500,0.0,0.0
2024-11-01 12:12:00-04:00,1.6150000095367432,1.6150000095367432,1.6150000095367432,1.6150000095367432,350,0.0,0.0
2024-11-01 12:13:00-04:00,1.6150000095367432,1.6150000095367432,1.6150000095367432,1.6150000095367432,200,0.0,0.0
2024-11-01 12:17:00-04:00,1.6150000095367432,1.6150000095367432,1.6150000095367432,1.6150000095367432,10363,0.0,0.0
2024-11-01 12:18:00-04:00,1.6150000095367432,1.6150000095367432,1.6150000095367432,1.6150000095367432,375,0.0,0.0
2024-11-01 12:19:00-04:00,1.6150000095367432,1.6150000095367432,1.6100000143051147,1.6100000143051147,2650,0.0,0.0
2024-11-01 12:20:00-04:00,1.6100000143051147,1.6100000143051147,1.6100000143051147,1.6100000143051147,300,0.0,0.0
2024-11-01 12:22:00-04:00,1.6150000095367432,1.6150000095367432,1.6100000143051147,1.6119999885559082,3654,0.0,0.0
2024-11-01 12:23:00-04:00,1.6150000095367432,1.6150000095367432,1.6150000095367432,1.6150000095367432,100,0.0,0.0
2024-11-01 12:24:00-04:00,1.6100000143051147,1.6100000143051147,1.6100000143051147,1.6100000143051147,100,0.0,0.0
2024-11-01 12:25:00-04:00,1.6100000143051147,1.6100000143051147,1.6100000143051147,1.6100000143051147,977,0.0,0.0
2024-11-01 12:26:00-04:00,1.6100000143051147,1.6100000143051147,1.6100000143051147,1.6100000143051147,100,0.0,0.0
2024-11-01 12:27:00-04:00,1.6150000095367432,1.6150000095367432,1.6150000095367432,1.6150000095367432,1700,0.0,0.0
2024-11-01 12:28:00-04:00,1.6150000095367432,1.6150000095367432,1.6100000143051147,1.6100000143051147,3724,0.0,0.0
2024-11-01 12:32:00-04:00,1.6100000143051147,1.6100000143051147,1.6100000143051147,1.6100000143051147,2920,0.0,0.0
2024-11-01 12:33:00-04:00,1.6150000095367432,1.6200000047683716,1.6150000095367432,1.6150000095367432,3681,0.0,0.0
2024-11-01 12:34:00-04:00,1.6150000095367432,1.6150000095367432,1.6150000095367432,1.6150000095367432,100,0.0,0.0
2024-11-01 12:35:00-04:00,1.6150000095367432,1.6150000095367432,1.6150000095367432,1.6150000095367432,200,0.0,0.0
2024-11-01 12:37:00-04:00,1.6200000047683716,1.6200000047683716,1.6150000095367432,1.6150000095367432,282,0.0,0.0
2024-11-01 12:38:00-04:00,1.6150000095367432,1.6150000095367432,1.6150000095367432,1.6150000095367432,1400,0.0,0.0
2024-11-01 12:39:00-04:00,1.6150000095367432,1.6150000095367432,1.6150000095367432,1.6150000095367432,200,0.0,0.0
2024-11-01 12:41:00-04:00,1.6150000095367432,1.6150000095367432,1.6150000095367432,1.6150000095367432,249,0.0,0.0
2024-11-01 12:43:00-04:00,1.6150000095367432,1.6200000047683716,1.6100000143051147,1.6150000095367432,2103,0.0,0.0
2024-11-01 12:44:00-04:00,1.6100000143051147,1.6100000143051147,1.6100000143051147,1.6100000143051147,279,0.0,0.0
2024-11-01 12:45:00-04:00,1.6150000095367432,1.6150000095367432,1.6150000095367432,1.6150000095367432,800,0.0,0.0
2024-11-01 12:46:00-04:00,1.6100000143051147,1.6100000143051147,1.6100000143051147,1.6100000143051147,100,0.0,0.0
2024-11-01 12:47:00-04:00,1.6100000143051147,1.6100000143051147,1.6100000143051147,1.6100000143051147,200,0.0,0.0
2024-11-01 12:48:00-04:00,1.6150000095367432,1.6150000095367432,1.6150000095367432,1.6150000095367432,700,0.0,0.0
2024-11-01 12:49:00-04:00,1.6150000095367432,1.6150000095367432,1.6150000095367432,1.6150000095367432,2523,0.0,0.0
2024-11-01 12:50:00-04:00,1.6150000095367432,1.6150000095367432,1.6150000095367432,1.6150000095367432,600,0.0,0.0
2024-11-01 12:51:00-04:00,1.6100000143051147,1.6150000095367432,1.6100000143051147,1.6150000095367432,200,0.0,0.0
2024-11-01 12:52:00-04:00,1.6130000352859497,1.6150000095367432,1.6130000352859497,1.6150000095367432,237,0.0,0.0
2024-11-01 12:54:00-04:00,1.6100000143051147,1.6150000095367432,1.6100000143051147,1.6150000095367432,1383,0.0,0.0
2024-11-01 12:56:00-04:00,1.6150000095367432,1.6150000095367432,1.6100000143051147,1.6150000095367432,1262,0.0,0.0
2024-11-01 12:57:00-04:00,1.6100000143051147,1.6100000143051147,1.6100000143051147,1.6100000143051147,202,0.0,0.0
2024-11-01 12:58:00-04:00,1.6100000143051147,1.6150000095367432,1.6100000143051147,1.6150000095367432,468,0.0,0.0
2024-11-01 12:59:00-04:00,1.611799955368042,1.6150000095367432,1.6100000143051147,1.6100000143051147,3639,0.0,0.0
2024-11-01 13:01:00-04:00,1.6119999885559082,1.6119999885559082,1.6119999885559082,1.6119999885559082,300,0.0,0.0
2024-11-01 13:02:00-04:00,1.6150000095367432,1.6150000095367432,1.6150000095367432,1.6150000095367432,2001,0.0,0.0
2024-11-01 13:03:00-04:00,1.6150000095367432,1.6150000095367432,1.6150000095367432,1.6150000095367432,100,0.0,0.0
2024-11-01 13:04:00-04:00,1.6150000095367432,1.6150000095367432,1.6150000095367432,1.6150000095367432,274,0.0,0.0
2024-11-01 13:05:00-04:00,1.6150000095367432,1.6150000095367432,1.6100000143051147,1.6100000143051147,200,0.0,0.0
2024-11-01 13:06:00-04:00,1.6150000095367432,1.6150000095367432,1.6150000095367432,1.6150000095367432,434,0.0,0.0
2024-11-01 13:07:00-04:00,1.6150000095367432,1.6150000095367432,1.6150000095367432,1.6150000095367432,200,0.0,0.0
2024-11-01 13:08:00-04:00,1.6150000095367432,1.6150000095367432,1.6150000095367432,1.6150000095367432,1065,0.0,0.0
2024-11-01 13:10:00-04:00,1.6150000095367432,1.6150000095367432,1.6150000095367432,1.6150000095367432,401,0.0,0.0
2024-11-01 13:13:00-04:00,1.6150000095367432,1.6150000095367432,1.6150000095367432,1.6150000095367432,474,0.0,0.0
2024-11-01 13:14:00-04:00,1.6150000095367432,1.6150000095367432,1.6150000095367432,1.6150000095367432,100,0.0,0.0
2024-11-01 13:15:00-04:00,1.6150000095367432,1.6150000095367432,1.6150000095367432,1.6150000095367432,101,0.0,0.0
2024-11-01 13:16:00-04:00,1.6150000095367432,1.6150000095367432,1.6150000095367432,1.6150000095367432,175,0.0,0.0
2024-11-01 13:18:00-04:00,1.6150000095367432,1.6150000095367432,1.6150000095367432,1.6150000095367432,286,0.0,0.0
2024-11-01 13:19:00-04:00,1.6150000095367432,1.6150000095367432,1.6150000095367432,1.6150000095367432,100,0.0,0.0
2024-11-01 13:20:00-04:00,1.6150000095367432,1.6150000095367432,1.6150000095367432,1.6150000095367432,100,0.0,0.0
2024-11-01 13:21:00-04:00,1.6150000095367432,1.6150000095367432,1.6150000095367432,1.6150000095367432,700,0.0,0.0
2024-11-01 13:22:00-04:00,1.6150000095367432,1.6150000095367432,1.6150000095367432,1.6150000095367432,410,0.0,0.0
2024-11-01 13:24:00-04:00,1.6100000143051147,1.6150000095367432,1.6100000143051147,1.6100000143051147,3360,0.0,0.0
2024-11-01 13:25:00-04:00,1.6100000143051147,1.6100000143051147,1.6100000143051147,1.6100000143051147,174,0.0,0.0
2024-11-01 13:26:00-04:00,1.6100000143051147,1.6100000143051147,1.6100000143051147,1.6100000143051147,200,0.0,0.0
2024-11-01 13:27:00-04:00,1.6100000143051147,1.6150000095367432,1.6100000143051147,1.6100000143051147,3572,0.0,0.0
2024-11-01 13:28:00-04:00,1.6100000143051147,1.6100000143051147,1.6100000143051147,1.6100000143051147,100,0.0,0.0
2024-11-01 13:29:00-04:00,1.6109999418258667,1.6109999418258667,1.6109999418258667,1.6109999418258667,100,0.0,0.0
2024-11-01 13:30:00-04:00,1.6150000095367432,1.6200000047683716,1.6150000095367432,1.6150000095367432,3066,0.0,0.0
2024-11-01 13:31:00-04:00,1.6150000095367432,1.6150000095367432,1.6150000095367432,1.6150000095367432,401,0.0,0.0
2024-11-01 13:32:00-04:00,1.6150000095367432,1.6150000095367432,1.6100000143051147,1.6100000143051147,1811,0.0,0.0
2024-11-01 13:33:00-04:00,1.6100000143051147,1.6109999418258667,1.6100000143051147,1.6109999418258667,274,0.0,0.0
2024-11-01 13:35:00-04:00,1.6100000143051147,1.6150000095367432,1.6100000143051147,1.6150000095367432,1956,0.0,0.0
2024-11-01 13:36:00-04:00,1.6150000095367432,1.6200000047683716,1.6150000095367432,1.6150000095367432,1137,0.0,0.0
2024-11-01 13:37:00-04:00,1.6150000095367432,1.6150000095367432,1.6150000095367432,1.6150000095367432,1134,0.0,0.0
2024-11-01 13:38:00-04:00,1.6150000095367432,1.6150000095367432,1.6109999418258667,1.6150000095367432,627,0.0,0.0
2024-11-01 13:39:00-04:00,1.6100000143051147,1.6100000143051147,1.6100000143051147,1.6100000143051147,274,0.0,0.0
2024-11-01 13:41:00-04:00,1.6150000095367432,1.6150000095367432,1.6100000143051147,1.6100000143051147,910,0.0,0.0
2024-11-01 13:42:00-04:00,1.6150000095367432,1.6150000095367432,1.6100000143051147,1.6100000143051147,9956,0.0,0.0
2024-11-01 13:43:00-04:00,1.6100000143051147,1.6100000143051147,1.6100000143051147,1.6100000143051147,281,0.0,0.0
2024-11-01 13:44:00-04:00,1.6100000143051147,1.6100000143051147,1.6100000143051147,1.6100000143051147,100,0.0,0.0
2024-11-01 13:45:00-04:00,1.6100000143051147,1.6100000143051147,1.600000023841858,1.6050000190734863,198050,0.0,0.0
2024-11-01 13:46:00-04:00,1.6050000190734863,1.6050000190734863,1.6050000190734863,1.6050000190734863,300,0.0,0.0
2024-11-01 13:47:00-04:00,1.6050000190734863,1.6050000190734863,1.6050000190734863,1.6050000190734863,100,0.0,0.0
2024-11-01 13:48:00-04:00,1.6050000190734863,1.6050000190734863,1.6050000190734863,1.6050000190734863,100,0.0,0.0
2024-11-01 13:49:00-04:00,1.6050000190734863,1.6050000190734863,1.600000023841858,1.6015000343322754,3933,0.0,0.0
2024-11-01 13:50:00-04:00,1.6050000190734863,1.6100000143051147,1.600000023841858,1.6050000190734863,85102,0.0,0.0
2024-11-01 13:51:00-04:00,1.6050000190734863,1.6050000190734863,1.600000023841858,1.600000023841858,1200,0.0,0.0
2024-11-01 13:52:00-04:00,1.600000023841858,1.600000023841858,1.600000023841858,1.600000023841858,1410,0.0,0.0
2024-11-01 13:53:00-04:00,1.6050000190734863,1.6050000190734863,1.600000023841858,1.600000023841858,1301,0.0,0.0
2024-11-01 13:54:00-04:00,1.600000023841858,1.6100000143051147,1.600000023841858,1.6050000190734863,45000,0.0,0.0
2024-11-01 13:55:00-04:00,1.6050000190734863,1.6050000190734863,1.600000023841858,1.6050000190734863,29021,0.0,0.0
2024-11-01 13:56:00-04:00,1.6050000190734863,1.6050000190734863,1.6050000190734863,1.6050000190734863,2890,0.0,0.0
2024-11-01 13:57:00-04:00,1.6050000190734863,1.6050000190734863,1.6016000509262085,1.6050000190734863,2270,0.0,0.0
2024-11-01 13:58:00-04:00,1.6050000190734863,1.6098999977111816,1.600000023841858,1.6050000190734863,1310,0.0,0.0
2024-11-01 13:59:00-04:00,1.6050000190734863,1.6100000143051147,1.600000023841858,1.6050000190734863,45230,0.0,0.0
2024-11-01 14:00:00-04:00,1.6050000190734863,1.6098999977111816,1.6050000190734863,1.6050000190734863,3023,0.0,0.0
2024-11-01 14:01:00-04:00,1.6098999977111816,1.6098999977111816,1.600000023841858,1.6050000190734863,8739,0.0,0.0
2024-11-01 14:02:00-04:00,1.6050000190734863,1.6100000143051147,1.6050000190734863,1.6050000190734863,931,0.0,0.0
2024-11-01 14:03:00-04:00,1.6050000190734863,1.6050000190734863,1.6050000190734863,1.6050000190734863,501,0.0,0.0
2024-11-01 14:04:00-04:00,1.6050000190734863,1.6100000143051147,1.600000023841858,1.6050000190734863,31684,0.0,0.0
2024-11-01 14:05:00-04:00,1.6050000190734863,1.6050000190734863,1.6050000190734863,1.6050000190734863,5746,0.0,0.0
2024-11-01 14:06:00-04:00,1.6050000190734863,1.6050000190734863,1.6050000190734863,1.6050000190734863,29795,0.0,0.0
2024-11-01 14:07:00-04:00,1.6050000190734863,1.6050000190734863,1.6050000190734863,1.6050000190734863,200,0.0,0.0
2024-11-01 14:08:00-04:00,1.6050000190734863,1.6050000190734863,1.6050000190734863,1.6050000190734863,400,0.0,0.0
2024-11-01 14:09:00-04:00,1.6050000190734863,1.6050000190734863,1.6050000190734863,1.6050000190734863,400,0.0,0.0
2024-11-01 14:10:00-04:00,1.6050000190734863,1.6100000143051147,1.6050000190734863,1.6050000190734863,41939,0.0,0.0
2024-11-01 14:11:00-04:00,1.6050000190734863,1.6050000190734863,1.6050000190734863,1.6050000190734863,1600,0.0,0.0
2024-11-01 14:12:00-04:00,1.6100000143051147,1.6100000143051147,1.6050000190734863,1.6050000190734863,1301,0.0,0.0
2024-11-01 14:13:00-04:00,1.600000023841858,1.6050000190734863,1.600000023841858,1.6050000190734863,400,0.0,0.0
2024-11-01 14:14:00-04:00,1.6050000190734863,1.6050000190734863,1.6050000190734863,1.6050000190734863,400,0.0,0.0
2024-11-01 14:15:00-04:00,1.600000023841858,1.6100000143051147,1.600000023841858,1.6050000190734863,18900,0.0,0.0
2024-11-01 14:16:00-04:00,1.6050000190734863,1.6050000190734863,1.6050000190734863,1.6050000190734863,1100,0.0,0.0
2024-11-01 14:17:00-04:00,1.6050000190734863,1.6050000190734863,1.6050000190734863,1.6050000190734863,1205,0.0,0.0
2024-11-01 14:18:00-04:00,1.6050000190734863,1.6050000190734863,1.6050000190734863,1.6050000190734863,300,0.0,0.0
2024-11-01 14:19:00-04:00,1.6050000190734863,1.6100000143051147,1.6050000190734863,1.6050000190734863,8100,0.0,0.0
2024-11-01 14:20:00-04:00,1.6050000190734863,1.6050000190734863,1.600000023841858,1.6050000190734863,1200,0.0,0.0
2024-11-01 14:21:00-04:00,1.6050000190734863,1.6050000190734863,1.6050000190734863,1.6050000190734863,400,0.0,0.0
2024-11-01 14:22:00-04:00,1.6050000190734863,1.6050000190734863,1.6050000190734863,1.6050000190734863,203,0.0,0.0
2024-11-01 14:23:00-04:00,1.6050000190734863,1.6050000190734863,1.6050000190734863,1.6050000190734863,400,0.0,0.0
2024-11-01 14:24:00-04:00,1.6050000190734863,1.6100000143051147,1.6050000190734863,1.6050000190734863,4720,0.0,0.0
2024-11-01 14:25:00-04:00,1.6050000190734863,1.6050000190734863,1.6050000190734863,1.6050000190734863,400,0.0,0.0
2024-11-01 14:26:00-04:00,1.6050000190734863,1.6050000190734863,1.6050000190734863,1.6050000190734863,100,0.0,0.0
2024-11-01 14:27:00-04:00,1.600000023841858,1.6050000190734863,1.600000023841858,1.6050000190734863,400,0.0,0.0
2024-11-01 14:28:00-04:00,1.6050000190734863,1.6050000190734863,1.6050000190734863,1.6050000190734863,350,0.0,0.0
2024-11-01 14:29:00-04:00,1.6050000190734863,1.6100000143051147,1.6050000190734863,1.6050000190734863,2606,0.0,0.0
2024-11-01 14:30:00-04:00,1.6050000190734863,1.6050000190734863,1.6050000190734863,1.6050000190734863,500,0.0,0.0
2024-11-01 14:31:00-04:00,1.6050000190734863,1.6050000190734863,1.6050000190734863,1.6050000190734863,100,0.0,0.0
2024-11-01 14:32:00-04:00,1.6050000190734863,1.6050000190734863,1.6050000190734863,1.6050000190734863,101,0.0,0.0
2024-11-01 14:33:00-04:00,1.6050000190734863,1.6050000190734863,1.6050000190734863,1.6050000190734863,300,0.0,0.0
2024-11-01 14:34:00-04:00,1.600000023841858,1.6100000143051147,1.600000023841858,1.6050000190734863,1419,0.0,0.0
2024-11-01 14:35:00-04:00,1.6050000190734863,1.6050000190734863,1.6050000190734863,1.6050000190734863,200,0.0,0.0
2024-11-01 14:37:00-04:00,1.6050000190734863,1.6050000190734863,1.6050000190734863,1.6050000190734863,400,0.0,0.0
2024-11-01 14:38:00-04:00,1.6050000190734863,1.6050000190734863,1.6050000190734863,1.6050000190734863,100,0.0,0.0
2024-11-01 14:39:00-04:00,1.6050000190734863,1.6050000190734863,1.6050000190734863,1.6050000190734863,322,0.0,0.0
2024-11-01 14:40:00-04:00,1.6050000190734863,1.6100000143051147,1.6050000190734863,1.6050000190734863,1385,0.0,0.0
2024-11-01 14:41:00-04:00,1.6014000177383423,1.6050000190734863,1.6014000177383423,1.6050000190734863,521,0.0,0.0
2024-11-01 14:42:00-04:00,1.6050000190734863,1.6050000190734863,1.6050000190734863,1.6050000190734863,401,0.0,0.0
2024-11-01 14:43:00-04:00,1.6050000190734863,1.6050000190734863,1.6050000190734863,1.6050000190734863,200,0.0,0.0
2024-11-01 14:44:00-04:00,1.6050000190734863,1.6050000190734863,1.6050000190734863,1.6050000190734863,780,0.0,0.0
2024-11-01 14:45:00-04:00,1.6050000190734863,1.6050000190734863,1.6050000190734863,1.6050000190734863,100,0.0,0.0
2024-11-01 14:46:00-04:00,1.6050000190734863,1.6050000190734863,1.6050000190734863,1.6050000190734863,571,0.0,0.0
2024-11-01 14:47:00-04:00,1.6050000190734863,1.6100000143051147,1.6050000190734863,1.6050000190734863,2389,0.0,0.0
2024-11-01 14:48:00-04:00,1.6050000190734863,1.6079000234603882,1.6050000190734863,1.6050000190734863,1924,0.0,0.0
2024-11-01 14:49:00-04:00,1.6050000190734863,1.6100000143051147,1.6050000190734863,1.6050000190734863,1242,0.0,0.0
2024-11-01 14:50:00-04:00,1.6045000553131104,1.6050000190734863,1.6045000553131104,1.6050000190734863,600,0.0,0.0
2024-11-01 14:51:00-04:00,1.6050000190734863,1.6050000190734863,1.6050000190734863,1.6050000190734863,1318,0.0,0.0
2024-11-01 14:52:00-04:00,1.6050000190734863,1.6050000190734863,1.6050000190734863,1.6050000190734863,100,0.0,0.0
2024-11-01 14:53:00-04:00,1.6050000190734863,1.6100000143051147,1.6050000190734863,1.6100000143051147,3200,0.0,0.0
2024-11-01 14:54:00-04:00,1.6050000190734863,1.6050000190734863,1.600000023841858,1.600000023841858,2506,0.0,0.0
2024-11-01 14:55:00-04:00,1.6050000190734863,1.6050000190734863,1.6050000190734863,1.6050000190734863,700,0.0,0.0
2024-11-01 14:56:00-04:00,1.6098999977111816,1.6098999977111816,1.6050000190734863,1.6050000190734863,503,0.0,0.0
2024-11-01 14:57:00-04:00,1.6050000190734863,1.6050000190734863,1.6050000190734863,1.6050000190734863,1189,0.0,0.0
2024-11-01 14:58:00-04:00,1.6050000190734863,1.6050000190734863,1.6050000190734863,1.6050000190734863,200,0.0,0.0
2024-11-01 14:59:00-04:00,1.6100000143051147,1.6100000143051147,1.6050000190734863,1.6050000190734863,4823,0.0,0.0
2024-11-01 15:00:00-04:00,1.6050000190734863,1.6050000190734863,1.600000023841858,1.6050000190734863,1257,0.0,0.0
2024-11-01 15:01:00-04:00,1.6050000190734863,1.6100000143051147,1.6050000190734863,1.6100000143051147,729,0.0,0.0
2024-11-01 15:02:00-04:00,1.6050000190734863,1.6050000190734863,1.6050000190734863,1.6050000190734863,691,0.0,0.0
2024-11-01 15:03:00-04:00,1.6050000190734863,1.6050000190734863,1.6050000190734863,1.6050000190734863,100,0.0,0.0
2024-11-01 15:04:00-04:00,1.6050000190734863,1.6100000143051147,1.6050000190734863,1.6050000190734863,2600,0.0,0.0
2024-11-01 15:05:00-04:00,1.6050000190734863,1.6050000190734863,1.600000023841858,1.6050000190734863,2740,0.0,0.0
2024-11-01 15:06:00-04:00,1.6050000190734863,1.6050000190734863,1.6050000190734863,1.6050000190734863,600,0.0,0.0
2024-11-01 15:07:00-04:00,1.6050000190734863,1.6050000190734863,1.6050000190734863,1.6050000190734863,848,0.0,0.0
2024-11-01 15:08:00-04:00,1.6050000190734863,1.6050000190734863,1.6050000190734863,1.6050000190734863,100,0.0,0.0
2024-11-01 15:10:00-04:00,1.6050000190734863,1.6100000143051147,1.6050000190734863,1.6050000190734863,2902,0.0,0.0
2024-11-01 15:11:00-04:00,1.6050000190734863,1.6050000190734863,1.6050000190734863,1.6050000190734863,722,0.0,0.0
2024-11-01 15:12:00-04:00,1.6050000190734863,1.6050000190734863,1.6050000190734863,1.6050000190734863,200,0.0,0.0
2024-11-01 15:13:00-04:00,1.6050000190734863,1.6050000190734863,1.6050000190734863,1.6050000190734863,101,0.0,0.0
2024-11-01 15:14:00-04:00,1.6050000190734863,1.6050000190734863,1.6050000190734863,1.6050000190734863,100,0.0,0.0
2024-11-01 15:15:00-04:00,1.6100000143051147,1.6100000143051147,1.6050000190734863,1.6050000190734863,4400,0.0,0.0
2024-11-01 15:16:00-04:00,1.6050000190734863,1.6050000190734863,1.6050000190734863,1.6050000190734863,300,0.0,0.0
2024-11-01 15:17:00-04:00,1.6050000190734863,1.6100000143051147,1.600000023841858,1.600000023841858,313,0.0,0.0
2024-11-01 15:18:00-04:00,1.6050000190734863,1.6050000190734863,1.6050000190734863,1.6050000190734863,100,0.0,0.0
2024-11-01 15:19:00-04:00,1.6050000190734863,1.6050000190734863,1.6050000190734863,1.6050000190734863,700,0.0,0.0
2024-11-01 15:20:00-04:00,1.6080000400543213,1.6100000143051147,1.6050000190734863,1.6050000190734863,2000,0.0,0.0
2024-11-01 15:21:00-04:00,1.6050000190734863,1.6050000190734863,1.6050000190734863,1.6050000190734863,400,0.0,0.0
2024-11-01 15:22:00-04:00,1.6050000190734863,1.6050000190734863,1.6050000190734863,1.6050000190734863,100,0.0,0.0
2024-11-01 15:23:00-04:00,1.6050000190734863,1.6050000190734863,1.6050000190734863,1.6050000190734863,201,0.0,0.0
2024-11-01 15:24:00-04:00,1.6050000190734863,1.6050000190734863,1.6050000190734863,1.6050000190734863,403,0.0,0.0
2024-11-01 15:25:00-04:00,1.6050000190734863,1.6050000190734863,1.6050000190734863,1.6050000190734863,1900,0.0,0.0
2024-11-01 15:26:00-04:00,1.6050000190734863,1.6050000190734863,1.6050000190734863,1.6050000190734863,400,0.0,0.0
2024-11-01 15:27:00-04:00,1.6050000190734863,1.6050000190734863,1.6050000190734863,1.6050000190734863,103,0.0,0.0
2024-11-01 15:28:00-04:00,1.6100000143051147,1.6100000143051147,1.6050000190734863,1.6050000190734863,1916,0.0,0.0
2024-11-01 15:29:00-04:00,1.6050000190734863,1.6050000190734863,1.6050000190734863,1.6050000190734863,420,0.0,0.0
2024-11-01 15:30:00-04:00,1.6050000190734863,1.6050000190734863,1.6050000190734863,1.6050000190734863,513,0.0,0.0
2024-11-01 15:31:00-04:00,1.6050000190734863,1.6050000190734863,1.6050000190734863,1.6050000190734863,103,0.0,0.0
2024-11-01 15:32:00-04:00,1.600000023841858,1.600000023841858,1.600000023841858,1.600000023841858,101,0.0,0.0
2024-11-01 15:33:00-04:00,1.6100000143051147,1.6100000143051147,1.6050000190734863,1.6050000190734863,3244,0.0,0.0
2024-11-01 15:34:00-04:00,1.6050000190734863,1.6050000190734863,1.6050000190734863,1.6050000190734863,364,0.0,0.0
2024-11-01 15:35:00-04:00,1.6050000190734863,1.6050000190734863,1.6050000190734863,1.6050000190734863,458,0.0,0.0
2024-11-01 15:37:00-04:00,1.600000023841858,1.6050000190734863,1.600000023841858,1.6050000190734863,383,0.0,0.0
2024-11-01 15:38:00-04:00,1.6050000190734863,1.6100000143051147,1.6050000190734863,1.6050000190734863,45985,0.0,0.0
2024-11-01 15:39:00-04:00,1.6050000190734863,1.6050000190734863,1.6050000190734863,1.6050000190734863,2055,0.0,0.0
2024-11-01 15:40:00-04:00,1.6050000190734863,1.6100000143051147,1.6050000190734863,1.6100000143051147,5040,0.0,0.0
2024-11-01 15:41:00-04:00,1.6050000190734863,1.6050000190734863,1.600000023841858,1.600000023841858,778,0.0,0.0
2024-11-01 15:42:00-04:00,1.6050000190734863,1.6050000190734863,1.600000023841858,1.6050000190734863,28880,0.0,0.0
2024-11-01 15:43:00-04:00,1.6050000190734863,1.6100000143051147,1.600000023841858,1.6100000143051147,106191,0.0,0.0
2024-11-01 15:44:00-04:00,1.6100000143051147,1.6150000095367432,1.6100000143051147,1.6150000095367432,57998,0.0,0.0
2024-11-01 15:45:00-04:00,1.6150000095367432,1.6150000095367432,1.6150000095367432,1.6150000095367432,7041,0.0,0.0
2024-11-01 15:46:00-04:00,1.6150000095367432,1.6150000095367432,1.6150000095367432,1.6150000095367432,909,0.0,0.0
2024-11-01 15:47:00-04:00,1.6100000143051147,1.6200000047683716,1.6100000143051147,1.6150000095367432,97921,0.0,0.0
2024-11-01 15:48:00-04:00,1.6150000095367432,1.6200000047683716,1.6150000095367432,1.6150000095367432,56823,0.0,0.0
2024-11-01 15:49:00-04:00,1.6150000095367432,1.6150000095367432,1.6150000095367432,1.6150000095367432,13500,0.0,0.0
2024-11-01 15:50:00-04:00,1.6200000047683716,1.6200000047683716,1.6100000143051147,1.6150000095367432,124421,0.0,0.0
2024-11-01 15:51:00-04:00,1.6150000095367432,1.6200000047683716,1.6101000308990479,1.6150000095367432,12155,0.0,0.0
2024-11-01 15:52:00-04:00,1.6150000095367432,1.6200000047683716,1.6101000308990479,1.6150000095367432,7394,0.0,0.0
2024-11-01 15:53:00-04:00,1.6150000095367432,1.6200000047683716,1.6150000095367432,1.6180000305175781,3743,0.0,0.0
2024-11-01 15:54:00-04:00,1.6150000095367432,1.6299999952316284,1.6100000143051147,1.6299999952316284,175065,0.0,0.0
2024-11-01 15:55:00-04:00,1.625,1.625,1.6200000047683716,1.625,63893,0.0,0.0
2024-11-01 15:56:00-04:00,1.6200000047683716,1.625,1.6200000047683716,1.6200000047683716,6008,0.0,0.0
2024-11-01 15:57:00-04:00,1.625,1.625,1.6200000047683716,1.6200000047683716,20514,0.0,0.0
2024-11-01 15:58:00-04:00,1.6200000047683716,1.625,1.6200000047683716,1.625,20416,0.0,0.0
2024-11-01 15:59:00-04:00,1.625,1.6299999952316284,1.6200000047683716,1.6200000047683716,409806,0.0,0.0
