Datetime,Open,High,Low,Close,Volume,Dividends,Stock Splits,Capital Gains
2024-10-28 09:30:00-04:00,10.0600004196167,10.070099830627441,10.0600004196167,10.070099830627441,124018,0.0,0.0,0.0
2024-10-28 09:33:00-04:00,10.114999771118164,10.119600296020508,10.114999771118164,10.114999771118164,30066,0.0,0.0,0.0
2024-10-28 09:34:00-04:00,10.114999771118164,10.119999885559082,10.100000381469727,10.109999656677246,32460,0.0,0.0,0.0
2024-10-28 09:35:00-04:00,10.109999656677246,10.125,10.109999656677246,10.125,16453,0.0,0.0,0.0
2024-10-28 09:37:00-04:00,10.119999885559082,10.119999885559082,10.109999656677246,10.118900299072266,59346,0.0,0.0,0.0
2024-10-28 09:40:00-04:00,10.119999885559082,10.119999885559082,10.114999771118164,10.114999771118164,59130,0.0,0.0,0.0
2024-10-28 09:41:00-04:00,10.110099792480469,10.127599716186523,10.110099792480469,10.127599716186523,11941,0.0,0.0,0.0
2024-10-28 09:42:00-04:00,10.125,10.130000114440918,10.109999656677246,10.114999771118164,6565,0.0,0.0,0.0
2024-10-28 09:43:00-04:00,10.114999771118164,10.145000457763672,10.114999771118164,10.140000343322754,8440,0.0,0.0,0.0
2024-10-28 09:44:00-04:00,10.140000343322754,10.149999618530273,10.140000343322754,10.145000457763672,1672,0.0,0.0,0.0
2024-10-28 09:45:00-04:00,10.140000343322754,10.149900436401367,10.140000343322754,10.140000343322754,4353,0.0,0.0,0.0
2024-10-28 09:46:00-04:00,10.149999618530273,10.164999961853027,10.148300170898438,10.164999961853027,4204,0.0,0.0,0.0
2024-10-28 09:47:00-04:00,10.164999961853027,10.170000076293945,10.15999984741211,10.15999984741211,2895,0.0,0.0,0.0
2024-10-28 09:48:00-04:00,10.170000076293945,10.170000076293945,10.15999984741211,10.170000076293945,2065,0.0,0.0,0.0
2024-10-28 09:50:00-04:00,10.15999984741211,10.15999984741211,10.145000457763672,10.145000457763672,5289,0.0,0.0,0.0
2024-10-28 09:51:00-04:00,10.147899627685547,10.147899627685547,10.130000114440918,10.130000114440918,15033,0.0,0.0,0.0
2024-10-28 09:52:00-04:00,10.132100105285645,10.149900436401367,10.132100105285645,10.149900436401367,1258,0.0,0.0,0.0
2024-10-28 09:53:00-04:00,10.145000457763672,10.149900436401367,10.145000457763672,10.149900436401367,991,0.0,0.0,0.0
2024-10-28 09:54:00-04:00,10.140000343322754,10.1496000289917,10.130000114440918,10.145000457763672,8660,0.0,0.0,0.0
2024-10-28 09:55:00-04:00,10.140000343322754,10.149999618530273,10.140000343322754,10.149999618530273,3964,0.0,0.0,0.0
2024-10-28 09:56:00-04:00,10.159899711608887,10.159899711608887,10.149999618530273,10.149999618530273,563,0.0,0.0,0.0
2024-10-28 09:57:00-04:00,10.149999618530273,10.149999618530273,10.145000457763672,10.147199630737305,2508,0.0,0.0,0.0
2024-10-28 09:58:00-04:00,10.148900032043457,10.149999618530273,10.140000343322754,10.149999618530273,12217,0.0,0.0,0.0
2024-10-28 09:59:00-04:00,10.14799976348877,10.149999618530273,10.145000457763672,10.149999618530273,1945,0.0,0.0,0.0
2024-10-28 10:00:00-04:00,10.149999618530273,10.149999618530273,10.149999618530273,10.149999618530273,7224,0.0,0.0,0.0
2024-10-28 10:01:00-04:00,10.149900436401367,10.154999732971191,10.149900436401367,10.154999732971191,4243,0.0,0.0,0.0
2024-10-28 10:02:00-04:00,10.159899711608887,10.159899711608887,10.154999732971191,10.154999732971191,287,0.0,0.0,0.0
2024-10-28 10:03:00-04:00,10.154999732971191,10.159899711608887,10.149999618530273,10.155099868774414,1286,0.0,0.0,0.0
2024-10-28 10:04:00-04:00,10.149999618530273,10.149999618530273,10.149999618530273,10.149999618530273,300,0.0,0.0,0.0
2024-10-28 10:05:00-04:00,10.164999961853027,10.167699813842773,10.15999984741211,10.15999984741211,7546,0.0,0.0,0.0
2024-10-28 10:06:00-04:00,10.170000076293945,10.180000305175781,10.170000076293945,10.179900169372559,9172,0.0,0.0,0.0
2024-10-28 10:07:00-04:00,10.180000305175781,10.1899995803833,10.180000305175781,10.189299583435059,1005,0.0,0.0,0.0
2024-10-28 10:08:00-04:00,10.1899995803833,10.1899995803833,10.1850004196167,10.188899993896484,1557,0.0,0.0,0.0
2024-10-28 10:09:00-04:00,10.1899995803833,10.1899995803833,10.180000305175781,10.180000305175781,6094,0.0,0.0,0.0
2024-10-28 10:10:00-04:00,10.170700073242188,10.180000305175781,10.170000076293945,10.170000076293945,2330,0.0,0.0,0.0
2024-10-28 10:11:00-04:00,10.170000076293945,10.170000076293945,10.170000076293945,10.170000076293945,774,0.0,0.0,0.0
2024-10-28 10:12:00-04:00,10.175000190734863,10.175000190734863,10.15999984741211,10.15999984741211,703,0.0,0.0,0.0
2024-10-28 10:13:00-04:00,10.15999984741211,10.173700332641602,10.15999984741211,10.173700332641602,2508,0.0,0.0,0.0
2024-10-28 10:14:00-04:00,10.175000190734863,10.180000305175781,10.170000076293945,10.180000305175781,2905,0.0,0.0,0.0
2024-10-28 10:15:00-04:00,10.175000190734863,10.179900169372559,10.175000190734863,10.179699897766113,2158,0.0,0.0,0.0
2024-10-28 10:16:00-04:00,10.170000076293945,10.1899995803833,10.170000076293945,10.1899995803833,4957,0.0,0.0,0.0
2024-10-28 10:17:00-04:00,10.180000305175781,10.180000305175781,10.170000076293945,10.170000076293945,2742,0.0,0.0,0.0
2024-10-28 10:18:00-04:00,10.179900169372559,10.180000305175781,10.175000190734863,10.179900169372559,4607,0.0,0.0,0.0
2024-10-28 10:19:00-04:00,10.170000076293945,10.1850004196167,10.170000076293945,10.180000305175781,9633,0.0,0.0,0.0
2024-10-28 10:20:00-04:00,10.1850004196167,10.1899995803833,10.1850004196167,10.1899995803833,2922,0.0,0.0,0.0
2024-10-28 10:21:00-04:00,10.1899995803833,10.1899995803833,10.180100440979004,10.1899995803833,10676,0.0,0.0,0.0
2024-10-28 10:22:00-04:00,10.1850004196167,10.194999694824219,10.1850004196167,10.194999694824219,5609,0.0,0.0,0.0
2024-10-28 10:23:00-04:00,10.1899995803833,10.199899673461914,10.1899995803833,10.1899995803833,982,0.0,0.0,0.0
2024-10-28 10:24:00-04:00,10.1899995803833,10.194999694824219,10.1899995803833,10.1899995803833,3643,0.0,0.0,0.0
2024-10-28 10:25:00-04:00,10.19789981842041,10.199999809265137,10.194299697875977,10.199999809265137,1521,0.0,0.0,0.0
2024-10-28 10:26:00-04:00,10.190099716186523,10.199999809265137,10.190099716186523,10.199999809265137,5392,0.0,0.0,0.0
2024-10-28 10:27:00-04:00,10.191499710083008,10.199999809265137,10.191499710083008,10.199999809265137,1424,0.0,0.0,0.0
2024-10-28 10:28:00-04:00,10.190699577331543,10.199999809265137,10.190699577331543,10.199899673461914,1547,0.0,0.0,0.0
2024-10-28 10:29:00-04:00,10.194999694824219,10.199899673461914,10.194999694824219,10.199600219726562,2141,0.0,0.0,0.0
2024-10-28 10:30:00-04:00,10.199999809265137,10.199999809265137,10.194100379943848,10.194100379943848,1070,0.0,0.0,0.0
2024-10-28 10:31:00-04:00,10.193499565124512,10.193499565124512,10.1850004196167,10.189900398254395,3649,0.0,0.0,0.0
2024-10-28 10:32:00-04:00,10.1850004196167,10.189900398254395,10.180000305175781,10.180000305175781,1867,0.0,0.0,0.0
2024-10-28 10:33:00-04:00,10.180000305175781,10.180000305175781,10.170000076293945,10.175000190734863,1650,0.0,0.0,0.0
2024-10-28 10:34:00-04:00,10.180000305175781,10.180000305175781,10.170499801635742,10.170499801635742,724,0.0,0.0,0.0
2024-10-28 10:35:00-04:00,10.170000076293945,10.170000076293945,10.16100025177002,10.16100025177002,1849,0.0,0.0,0.0
2024-10-28 10:36:00-04:00,10.15999984741211,10.170000076293945,10.15999984741211,10.170000076293945,2820,0.0,0.0,0.0
2024-10-28 10:37:00-04:00,10.179900169372559,10.179900169372559,10.170000076293945,10.170000076293945,1006,0.0,0.0,0.0
2024-10-28 10:38:00-04:00,10.164999961853027,10.164999961853027,10.160099983215332,10.160099983215332,12446,0.0,0.0,0.0
2024-10-28 10:39:00-04:00,10.169899940490723,10.169899940490723,10.169899940490723,10.169899940490723,752,0.0,0.0,0.0
2024-10-28 10:40:00-04:00,10.170000076293945,10.180000305175781,10.170000076293945,10.170000076293945,2113,0.0,0.0,0.0
2024-10-28 10:41:00-04:00,10.179499626159668,10.179499626159668,10.170000076293945,10.170000076293945,1213,0.0,0.0,0.0
2024-10-28 10:42:00-04:00,10.180000305175781,10.180000305175781,10.180000305175781,10.180000305175781,514,0.0,0.0,0.0
2024-10-28 10:43:00-04:00,10.180000305175781,10.180000305175781,10.180000305175781,10.180000305175781,1397,0.0,0.0,0.0
2024-10-28 10:44:00-04:00,10.179800033569336,10.179800033569336,10.170100212097168,10.170100212097168,9235,0.0,0.0,0.0
2024-10-28 10:45:00-04:00,10.180000305175781,10.199999809265137,10.180000305175781,10.1899995803833,4414,0.0,0.0,0.0
2024-10-28 10:46:00-04:00,10.1899995803833,10.1899995803833,10.1850004196167,10.1850004196167,1007,0.0,0.0,0.0
2024-10-28 10:47:00-04:00,10.1850004196167,10.1850004196167,10.1850004196167,10.1850004196167,302,0.0,0.0,0.0
2024-10-28 10:48:00-04:00,10.180000305175781,10.180100440979004,10.180000305175781,10.180000305175781,746,0.0,0.0,0.0
2024-10-28 10:49:00-04:00,10.1850004196167,10.1850004196167,10.1850004196167,10.1850004196167,525,0.0,0.0,0.0
2024-10-28 10:50:00-04:00,10.1899995803833,10.1899995803833,10.188793182373047,10.188793182373047,4906,0.0,0.0,0.0
2024-10-28 10:51:00-04:00,10.1899995803833,10.1899995803833,10.189900398254395,10.1899995803833,393,0.0,0.0,0.0
2024-10-28 10:52:00-04:00,10.1899995803833,10.1899995803833,10.1850004196167,10.1850004196167,2535,0.0,0.0,0.0
2024-10-28 10:53:00-04:00,10.1899995803833,10.1899995803833,10.189900398254395,10.189900398254395,2292,0.0,0.0,0.0
2024-10-28 10:54:00-04:00,10.189900398254395,10.1899995803833,10.189900398254395,10.189900398254395,13628,0.0,0.0,0.0
2024-10-28 10:55:00-04:00,10.1899995803833,10.1899995803833,10.1850004196167,10.1899995803833,492,0.0,0.0,0.0
2024-10-28 10:57:00-04:00,10.181900024414062,10.199999809265137,10.181900024414062,10.199999809265137,1088,0.0,0.0,0.0
2024-10-28 10:58:00-04:00,10.189900398254395,10.189900398254395,10.180000305175781,10.180000305175781,3161,0.0,0.0,0.0
2024-10-28 11:00:00-04:00,10.188899993896484,10.188899993896484,10.170000076293945,10.170000076293945,1306,0.0,0.0,0.0
2024-10-28 11:01:00-04:00,10.164999961853027,10.164999961853027,10.164999961853027,10.164999961853027,346,0.0,0.0,0.0
2024-10-28 11:02:00-04:00,10.175000190734863,10.175000190734863,10.169899940490723,10.169899940490723,3648,0.0,0.0,0.0
2024-10-28 11:04:00-04:00,10.169300079345703,10.170000076293945,10.161800384521484,10.170000076293945,4158,0.0,0.0,0.0
2024-10-28 11:05:00-04:00,10.175000190734863,10.175000190734863,10.170100212097168,10.175000190734863,875,0.0,0.0,0.0
2024-10-28 11:06:00-04:00,10.180000305175781,10.180000305175781,10.180000305175781,10.180000305175781,110,0.0,0.0,0.0
2024-10-28 11:07:00-04:00,10.1850004196167,10.1850004196167,10.180000305175781,10.180000305175781,633,0.0,0.0,0.0
2024-10-28 11:08:00-04:00,10.189900398254395,10.189900398254395,10.189900398254395,10.189900398254395,5032,0.0,0.0,0.0
2024-10-28 11:09:00-04:00,10.175000190734863,10.175000190734863,10.170000076293945,10.170000076293945,540,0.0,0.0,0.0
2024-10-28 11:10:00-04:00,10.175000190734863,10.175000190734863,10.170000076293945,10.170000076293945,319,0.0,0.0,0.0
2024-10-28 11:11:00-04:00,10.180000305175781,10.180000305175781,10.180000305175781,10.180000305175781,537,0.0,0.0,0.0
2024-10-28 11:12:00-04:00,10.180000305175781,10.1899995803833,10.180000305175781,10.189900398254395,2534,0.0,0.0,0.0
2024-10-28 11:13:00-04:00,10.1850004196167,10.190299987792969,10.1850004196167,10.189900398254395,1237,0.0,0.0,0.0
2024-10-28 11:15:00-04:00,10.1850004196167,10.1850004196167,10.1850004196167,10.1850004196167,358,0.0,0.0,0.0
2024-10-28 11:16:00-04:00,10.1899995803833,10.1899995803833,10.1899995803833,10.1899995803833,780,0.0,0.0,0.0
2024-10-28 11:17:00-04:00,10.189900398254395,10.189900398254395,10.1850004196167,10.18910026550293,1841,0.0,0.0,0.0
2024-10-28 11:18:00-04:00,10.1899995803833,10.1899995803833,10.1899995803833,10.1899995803833,369,0.0,0.0,0.0
2024-10-28 11:19:00-04:00,10.1850004196167,10.1899995803833,10.175000190734863,10.178899765014648,15992,0.0,0.0,0.0
2024-10-28 11:20:00-04:00,10.180000305175781,10.180000305175781,10.175000190734863,10.180000305175781,5397,0.0,0.0,0.0
2024-10-28 11:21:00-04:00,10.180000305175781,10.180000305175781,10.179900169372559,10.179900169372559,533,0.0,0.0,0.0
2024-10-28 11:22:00-04:00,10.170100212097168,10.180000305175781,10.164999961853027,10.164999961853027,5250,0.0,0.0,0.0
2024-10-28 11:26:00-04:00,10.175000190734863,10.180000305175781,10.175000190734863,10.175000190734863,1728,0.0,0.0,0.0
2024-10-28 11:27:00-04:00,10.178500175476074,10.178500175476074,10.170000076293945,10.170000076293945,2488,0.0,0.0,0.0
2024-10-28 11:28:00-04:00,10.170000076293945,10.170000076293945,10.15999984741211,10.15999984741211,233,0.0,0.0,0.0
2024-10-28 11:29:00-04:00,10.170000076293945,10.170000076293945,10.170000076293945,10.170000076293945,867,0.0,0.0,0.0
2024-10-28 11:30:00-04:00,10.170000076293945,10.178899765014648,10.170000076293945,10.178899765014648,3654,0.0,0.0,0.0
2024-10-28 11:31:00-04:00,10.170000076293945,10.170000076293945,10.169899940490723,10.170000076293945,3034,0.0,0.0,0.0
2024-10-28 11:32:00-04:00,10.170000076293945,10.170000076293945,10.164999961853027,10.164999961853027,11180,0.0,0.0,0.0
2024-10-28 11:33:00-04:00,10.164999961853027,10.168999671936035,10.15999984741211,10.168999671936035,8931,0.0,0.0,0.0
2024-10-28 11:34:00-04:00,10.160099983215332,10.170000076293945,10.160099983215332,10.170000076293945,1524,0.0,0.0,0.0
2024-10-28 11:35:00-04:00,10.164999961853027,10.169400215148926,10.164999961853027,10.169400215148926,4744,0.0,0.0,0.0
2024-10-28 11:36:00-04:00,10.164999961853027,10.164999961853027,10.164999961853027,10.164999961853027,676,0.0,0.0,0.0
2024-10-28 11:37:00-04:00,10.164999961853027,10.175000190734863,10.164999961853027,10.175000190734863,3484,0.0,0.0,0.0
2024-10-28 11:39:00-04:00,10.175000190734863,10.175000190734863,10.164999961853027,10.164999961853027,1485,0.0,0.0,0.0
2024-10-28 11:40:00-04:00,10.164999961853027,10.164999961853027,10.164999961853027,10.164999961853027,9258,0.0,0.0,0.0
2024-10-28 11:41:00-04:00,10.170000076293945,10.175000190734863,10.170000076293945,10.175000190734863,1061,0.0,0.0,0.0
2024-10-28 11:42:00-04:00,10.170000076293945,10.170000076293945,10.164999961853027,10.164999961853027,280,0.0,0.0,0.0
2024-10-28 11:43:00-04:00,10.175000190734863,10.175000190734863,10.170000076293945,10.170000076293945,4686,0.0,0.0,0.0
2024-10-28 11:45:00-04:00,10.164999961853027,10.170000076293945,10.16100025177002,10.170000076293945,960,0.0,0.0,0.0
2024-10-28 11:46:00-04:00,10.175000190734863,10.175000190734863,10.175000190734863,10.175000190734863,377,0.0,0.0,0.0
2024-10-28 11:47:00-04:00,10.175000190734863,10.175000190734863,10.15999984741211,10.160099983215332,2537,0.0,0.0,0.0
2024-10-28 11:48:00-04:00,10.170000076293945,10.170000076293945,10.170000076293945,10.170000076293945,1433,0.0,0.0,0.0
2024-10-28 11:49:00-04:00,10.170000076293945,10.175000190734863,10.170000076293945,10.175000190734863,3686,0.0,0.0,0.0
2024-10-28 11:51:00-04:00,10.170000076293945,10.179900169372559,10.170000076293945,10.175000190734863,5783,0.0,0.0,0.0
2024-10-28 11:52:00-04:00,10.170000076293945,10.175000190734863,10.170000076293945,10.175000190734863,413,0.0,0.0,0.0
2024-10-28 11:53:00-04:00,10.170999526977539,10.179499626159668,10.170999526977539,10.179499626159668,1544,0.0,0.0,0.0
2024-10-28 11:55:00-04:00,10.170000076293945,10.170000076293945,10.164999961853027,10.169899940490723,33095,0.0,0.0,0.0
2024-10-28 11:57:00-04:00,10.168899536132812,10.170000076293945,10.168899536132812,10.170000076293945,418,0.0,0.0,0.0
2024-10-28 11:58:00-04:00,10.166199684143066,10.166199684143066,10.166199684143066,10.166199684143066,214,0.0,0.0,0.0
2024-10-28 11:59:00-04:00,10.164999961853027,10.169899940490723,10.164999961853027,10.169899940490723,344,0.0,0.0,0.0
2024-10-28 12:00:00-04:00,10.164999961853027,10.164999961853027,10.164999961853027,10.164999961853027,764057,0.0,0.0,0.0
2024-10-28 12:01:00-04:00,10.168499946594238,10.168499946594238,10.164999961853027,10.164999961853027,3110,0.0,0.0,0.0
2024-10-28 12:03:00-04:00,10.169300079345703,10.169300079345703,10.16510009765625,10.16510009765625,1572,0.0,0.0,0.0
2024-10-28 12:04:00-04:00,10.169300079345703,10.169899940490723,10.169300079345703,10.169899940490723,1329,0.0,0.0,0.0
2024-10-28 12:05:00-04:00,10.170000076293945,10.170000076293945,10.164999961853027,10.164999961853027,1122,0.0,0.0,0.0
2024-10-28 12:06:00-04:00,10.164999961853027,10.170000076293945,10.164999961853027,10.170000076293945,1889,0.0,0.0,0.0
2024-10-28 12:09:00-04:00,10.178000450134277,10.178000450134277,10.175000190734863,10.175000190734863,695,0.0,0.0,0.0
2024-10-28 12:10:00-04:00,10.175700187683105,10.175700187683105,10.175700187683105,10.175700187683105,773,0.0,0.0,0.0
2024-10-28 12:11:00-04:00,10.172222137451172,10.172222137451172,10.172222137451172,10.172222137451172,193,0.0,0.0,0.0
2024-10-28 12:12:00-04:00,10.17549991607666,10.17549991607666,10.17549991607666,10.17549991607666,185,0.0,0.0,0.0
2024-10-28 12:14:00-04:00,10.180000305175781,10.180000305175781,10.180000305175781,10.180000305175781,431,0.0,0.0,0.0
2024-10-28 12:15:00-04:00,10.175000190734863,10.175000190734863,10.175000190734863,10.175000190734863,125,0.0,0.0,0.0
2024-10-28 12:17:00-04:00,10.180000305175781,10.180000305175781,10.180000305175781,10.180000305175781,15599,0.0,0.0,0.0
2024-10-28 12:18:00-04:00,10.180000305175781,10.180000305175781,10.180000305175781,10.180000305175781,368,0.0,0.0,0.0
2024-10-28 12:19:00-04:00,10.180000305175781,10.180000305175781,10.175000190734863,10.175000190734863,1091,0.0,0.0,0.0
2024-10-28 12:20:00-04:00,10.175000190734863,10.180000305175781,10.175000190734863,10.180000305175781,396,0.0,0.0,0.0
2024-10-28 12:21:00-04:00,10.180000305175781,10.1899995803833,10.180000305175781,10.1899995803833,43882,0.0,0.0,0.0
2024-10-28 12:23:00-04:00,10.1899995803833,10.1899995803833,10.1850004196167,10.1850004196167,961,0.0,0.0,0.0
2024-10-28 12:25:00-04:00,10.1899995803833,10.1899995803833,10.1850004196167,10.188899993896484,5632,0.0,0.0,0.0
2024-10-28 12:26:00-04:00,10.189299583435059,10.189299583435059,10.189299583435059,10.189299583435059,101,0.0,0.0,0.0
2024-10-28 12:27:00-04:00,10.1850004196167,10.1850004196167,10.1850004196167,10.1850004196167,346,0.0,0.0,0.0
2024-10-28 12:28:00-04:00,10.1850004196167,10.189800262451172,10.1850004196167,10.189800262451172,508,0.0,0.0,0.0
2024-10-28 12:29:00-04:00,10.1899995803833,10.1899995803833,10.1899995803833,10.1899995803833,106,0.0,0.0,0.0
2024-10-28 12:30:00-04:00,10.1850004196167,10.1850004196167,10.1850004196167,10.1850004196167,216,0.0,0.0,0.0
2024-10-28 12:31:00-04:00,10.189900398254395,10.189900398254395,10.189900398254395,10.189900398254395,214,0.0,0.0,0.0
2024-10-28 12:32:00-04:00,10.1850004196167,10.1850004196167,10.180000305175781,10.180000305175781,394,0.0,0.0,0.0
2024-10-28 12:33:00-04:00,10.1850004196167,10.1850004196167,10.1850004196167,10.1850004196167,340,0.0,0.0,0.0
2024-10-28 12:34:00-04:00,10.179699897766113,10.179699897766113,10.175000190734863,10.175000190734863,465,0.0,0.0,0.0
2024-10-28 12:35:00-04:00,10.175000190734863,10.180000305175781,10.175000190734863,10.180000305175781,350,0.0,0.0,0.0
2024-10-28 12:36:00-04:00,10.179900169372559,10.179900169372559,10.175000190734863,10.179900169372559,6380,0.0,0.0,0.0
2024-10-28 12:38:00-04:00,10.179300308227539,10.179300308227539,10.17020034790039,10.17020034790039,1414,0.0,0.0,0.0
2024-10-28 12:39:00-04:00,10.17039966583252,10.175000190734863,10.17039966583252,10.175000190734863,818,0.0,0.0,0.0
2024-10-28 12:40:00-04:00,10.170000076293945,10.170000076293945,10.170000076293945,10.170000076293945,121,0.0,0.0,0.0
2024-10-28 12:41:00-04:00,10.170000076293945,10.170000076293945,10.170000076293945,10.170000076293945,601,0.0,0.0,0.0
2024-10-28 12:43:00-04:00,10.175000190734863,10.175000190734863,10.171199798583984,10.171199798583984,427,0.0,0.0,0.0
2024-10-28 12:44:00-04:00,10.188300132751465,10.188300132751465,10.180000305175781,10.183003425598145,985,0.0,0.0,0.0
2024-10-28 12:45:00-04:00,10.1850004196167,10.1850004196167,10.1850004196167,10.1850004196167,101,0.0,0.0,0.0
2024-10-28 12:46:00-04:00,10.1899995803833,10.1899995803833,10.180100440979004,10.180100440979004,561,0.0,0.0,0.0
2024-10-28 12:47:00-04:00,10.180000305175781,10.180000305175781,10.180000305175781,10.180000305175781,100,0.0,0.0,0.0
2024-10-28 12:48:00-04:00,10.175000190734863,10.180000305175781,10.175000190734863,10.180000305175781,552,0.0,0.0,0.0
2024-10-28 12:50:00-04:00,10.175000190734863,10.175000190734863,10.170299530029297,10.170299530029297,1262,0.0,0.0,0.0
2024-10-28 12:51:00-04:00,10.177000045776367,10.177000045776367,10.177000045776367,10.177000045776367,125,0.0,0.0,0.0
2024-10-28 12:52:00-04:00,10.179900169372559,10.179900169372559,10.179900169372559,10.179900169372559,607,0.0,0.0,0.0
2024-10-28 12:54:00-04:00,10.180000305175781,10.180000305175781,10.175000190734863,10.175600051879883,1322,0.0,0.0,0.0
2024-10-28 12:55:00-04:00,10.175000190734863,10.175000190734863,10.175000190734863,10.175000190734863,238,0.0,0.0,0.0
2024-10-28 12:59:00-04:00,10.175000190734863,10.175000190734863,10.175000190734863,10.175000190734863,155,0.0,0.0,0.0
2024-10-28 13:00:00-04:00,10.175000190734863,10.1899995803833,10.170100212097168,10.1899995803833,1356,0.0,0.0,0.0
2024-10-28 13:01:00-04:00,10.18019962310791,10.18019962310791,10.18019962310791,10.18019962310791,1968,0.0,0.0,0.0
2024-10-28 13:02:00-04:00,10.175000190734863,10.180000305175781,10.175000190734863,10.180000305175781,5349,0.0,0.0,0.0
2024-10-28 13:03:00-04:00,10.170700073242188,10.170700073242188,10.170700073242188,10.170700073242188,994,0.0,0.0,0.0
2024-10-28 13:04:00-04:00,10.179800033569336,10.180000305175781,10.179800033569336,10.180000305175781,857,0.0,0.0,0.0
2024-10-28 13:05:00-04:00,10.175000190734863,10.175000190734863,10.175000190734863,10.175000190734863,165,0.0,0.0,0.0
2024-10-28 13:08:00-04:00,10.180000305175781,10.1899995803833,10.180000305175781,10.1899995803833,2114,0.0,0.0,0.0
2024-10-28 13:09:00-04:00,10.1899995803833,10.1899995803833,10.1899995803833,10.1899995803833,1162,0.0,0.0,0.0
2024-10-28 13:10:00-04:00,10.1850004196167,10.1899995803833,10.1850004196167,10.1850004196167,731,0.0,0.0,0.0
2024-10-28 13:11:00-04:00,10.1899995803833,10.1899995803833,10.1850004196167,10.1899995803833,17624,0.0,0.0,0.0
2024-10-28 13:12:00-04:00,10.1899995803833,10.194999694824219,10.1850004196167,10.1850004196167,1782,0.0,0.0,0.0
2024-10-28 13:13:00-04:00,10.1899995803833,10.1899995803833,10.1899995803833,10.1899995803833,127,0.0,0.0,0.0
2024-10-28 13:14:00-04:00,10.1899995803833,10.1899995803833,10.180000305175781,10.180000305175781,4632,0.0,0.0,0.0
2024-10-28 13:15:00-04:00,10.189900398254395,10.1899995803833,10.1850004196167,10.1899995803833,11284,0.0,0.0,0.0
2024-10-28 13:16:00-04:00,10.1899995803833,10.1899995803833,10.1899995803833,10.1899995803833,1803,0.0,0.0,0.0
2024-10-28 13:17:00-04:00,10.194999694824219,10.194999694824219,10.194999694824219,10.194999694824219,286,0.0,0.0,0.0
2024-10-28 13:18:00-04:00,10.199799537658691,10.199999809265137,10.199799537658691,10.199999809265137,361,0.0,0.0,0.0
2024-10-28 13:20:00-04:00,10.194999694824219,10.194999694824219,10.194999694824219,10.194999694824219,230,0.0,0.0,0.0
2024-10-28 13:21:00-04:00,10.199999809265137,10.199999809265137,10.199999809265137,10.199999809265137,877,0.0,0.0,0.0
2024-10-28 13:23:00-04:00,10.199899673461914,10.199999809265137,10.194999694824219,10.19950008392334,1577,0.0,0.0,0.0
2024-10-28 13:24:00-04:00,10.19909954071045,10.19909954071045,10.1899995803833,10.1899995803833,758,0.0,0.0,0.0
2024-10-28 13:25:00-04:00,10.194999694824219,10.194999694824219,10.194999694824219,10.194999694824219,564,0.0,0.0,0.0
2024-10-28 13:26:00-04:00,10.193005561828613,10.193005561828613,10.193005561828613,10.193005561828613,336,0.0,0.0,0.0
2024-10-28 13:29:00-04:00,10.195300102233887,10.195300102233887,10.195300102233887,10.195300102233887,390,0.0,0.0,0.0
2024-10-28 13:30:00-04:00,10.194999694824219,10.194999694824219,10.194999694824219,10.194999694824219,371,0.0,0.0,0.0
2024-10-28 13:31:00-04:00,10.199600219726562,10.199600219726562,10.194999694824219,10.194999694824219,230,0.0,0.0,0.0
2024-10-28 13:32:00-04:00,10.199899673461914,10.199899673461914,10.199899673461914,10.199899673461914,143,0.0,0.0,0.0
2024-10-28 13:33:00-04:00,10.194999694824219,10.194999694824219,10.194999694824219,10.194999694824219,232,0.0,0.0,0.0
2024-10-28 13:34:00-04:00,10.194999694824219,10.194999694824219,10.194999694824219,10.194999694824219,5378,0.0,0.0,0.0
2024-10-28 13:35:00-04:00,10.194999694824219,10.194999694824219,10.194999694824219,10.194999694824219,2201,0.0,0.0,0.0
2024-10-28 13:36:00-04:00,10.194999694824219,10.194999694824219,10.194999694824219,10.194999694824219,403,0.0,0.0,0.0
2024-10-28 13:37:00-04:00,10.194999694824219,10.194999694824219,10.194999694824219,10.194999694824219,660,0.0,0.0,0.0
2024-10-28 13:38:00-04:00,10.194999694824219,10.194999694824219,10.194999694824219,10.194999694824219,1238,0.0,0.0,0.0
2024-10-28 13:40:00-04:00,10.194999694824219,10.194999694824219,10.194999694824219,10.194999694824219,3700,0.0,0.0,0.0
2024-10-28 13:43:00-04:00,10.190099716186523,10.190099716186523,10.190099716186523,10.190099716186523,7000,0.0,0.0,0.0
2024-10-28 13:44:00-04:00,10.194999694824219,10.194999694824219,10.19219970703125,10.19219970703125,1544,0.0,0.0,0.0
2024-10-28 13:45:00-04:00,10.194999694824219,10.194999694824219,10.194999694824219,10.194999694824219,204,0.0,0.0,0.0
2024-10-28 13:46:00-04:00,10.199999809265137,10.199999809265137,10.199999809265137,10.199999809265137,831,0.0,0.0,0.0
2024-10-28 13:47:00-04:00,10.199899673461914,10.199899673461914,10.1899995803833,10.1899995803833,725,0.0,0.0,0.0
2024-10-28 13:49:00-04:00,10.199999809265137,10.199999809265137,10.199999809265137,10.199999809265137,237,0.0,0.0,0.0
2024-10-28 13:51:00-04:00,10.199999809265137,10.199999809265137,10.194999694824219,10.199999809265137,411,0.0,0.0,0.0
2024-10-28 13:53:00-04:00,10.19849967956543,10.19849967956543,10.19849967956543,10.19849967956543,100,0.0,0.0,0.0
2024-10-28 13:54:00-04:00,10.199999809265137,10.199999809265137,10.194999694824219,10.194999694824219,2527,0.0,0.0,0.0
2024-10-28 13:55:00-04:00,10.194999694824219,10.199899673461914,10.190099716186523,10.190099716186523,3933,0.0,0.0,0.0
2024-10-28 13:56:00-04:00,10.191200256347656,10.194999694824219,10.191200256347656,10.194999694824219,1392,0.0,0.0,0.0
2024-10-28 14:00:00-04:00,10.1899995803833,10.195899963378906,10.1899995803833,10.195899963378906,805,0.0,0.0,0.0
2024-10-28 14:01:00-04:00,10.1899995803833,10.1899995803833,10.1850004196167,10.188899993896484,1282,0.0,0.0,0.0
2024-10-28 14:02:00-04:00,10.1850004196167,10.1850004196167,10.1850004196167,10.1850004196167,675,0.0,0.0,0.0
2024-10-28 14:03:00-04:00,10.1850004196167,10.1850004196167,10.1850004196167,10.1850004196167,250,0.0,0.0,0.0
2024-10-28 14:04:00-04:00,10.1899995803833,10.1899995803833,10.187899589538574,10.1899995803833,536,0.0,0.0,0.0
2024-10-28 14:06:00-04:00,10.1850004196167,10.1850004196167,10.1850004196167,10.1850004196167,102,0.0,0.0,0.0
2024-10-28 14:07:00-04:00,10.189299583435059,10.189299583435059,10.189299583435059,10.189299583435059,201,0.0,0.0,0.0
2024-10-28 14:10:00-04:00,10.1850004196167,10.1850004196167,10.1850004196167,10.1850004196167,238,0.0,0.0,0.0
2024-10-28 14:13:00-04:00,10.180000305175781,10.1899995803833,10.180000305175781,10.1899995803833,1277,0.0,0.0,0.0
2024-10-28 14:16:00-04:00,10.189800262451172,10.189800262451172,10.189800262451172,10.189800262451172,493,0.0,0.0,0.0
2024-10-28 14:17:00-04:00,10.180000305175781,10.1850004196167,10.180000305175781,10.1850004196167,911,0.0,0.0,0.0
2024-10-28 14:18:00-04:00,10.188599586486816,10.188599586486816,10.1850004196167,10.1850004196167,204,0.0,0.0,0.0
2024-10-28 14:19:00-04:00,10.183003425598145,10.183003425598145,10.183003425598145,10.183003425598145,258,0.0,0.0,0.0
2024-10-28 14:20:00-04:00,10.180700302124023,10.180700302124023,10.180700302124023,10.180700302124023,234,0.0,0.0,0.0
2024-10-28 14:21:00-04:00,10.1850004196167,10.1850004196167,10.180000305175781,10.180000305175781,4406,0.0,0.0,0.0
2024-10-28 14:22:00-04:00,10.180000305175781,10.180000305175781,10.180000305175781,10.180000305175781,110,0.0,0.0,0.0
2024-10-28 14:23:00-04:00,10.180000305175781,10.1850004196167,10.180000305175781,10.180000305175781,1012,0.0,0.0,0.0
2024-10-28 14:24:00-04:00,10.180000305175781,10.180000305175781,10.175000190734863,10.175000190734863,2258,0.0,0.0,0.0
2024-10-28 14:25:00-04:00,10.175000190734863,10.175000190734863,10.175000190734863,10.175000190734863,337,0.0,0.0,0.0
2024-10-28 14:30:00-04:00,10.175000190734863,10.179300308227539,10.175000190734863,10.179300308227539,331,0.0,0.0,0.0
2024-10-28 14:31:00-04:00,10.180000305175781,10.180000305175781,10.180000305175781,10.180000305175781,596,0.0,0.0,0.0
2024-10-28 14:32:00-04:00,10.180000305175781,10.180000305175781,10.180000305175781,10.180000305175781,422,0.0,0.0,0.0
2024-10-28 14:33:00-04:00,10.1850004196167,10.1850004196167,10.180000305175781,10.181599617004395,1093,0.0,0.0,0.0
2024-10-28 14:34:00-04:00,10.18970012664795,10.18970012664795,10.184599876403809,10.184599876403809,453,0.0,0.0,0.0
2024-10-28 14:35:00-04:00,10.184700012207031,10.184700012207031,10.184700012207031,10.184700012207031,103,0.0,0.0,0.0
2024-10-28 14:36:00-04:00,10.18850040435791,10.18850040435791,10.18850040435791,10.18850040435791,403,0.0,0.0,0.0
2024-10-28 14:38:00-04:00,10.180000305175781,10.1850004196167,10.180000305175781,10.180000305175781,371,0.0,0.0,0.0
2024-10-28 14:39:00-04:00,10.18850040435791,10.18850040435791,10.18850040435791,10.18850040435791,634,0.0,0.0,0.0
2024-10-28 14:41:00-04:00,10.189900398254395,10.189900398254395,10.189900398254395,10.189900398254395,4034,0.0,0.0,0.0
2024-10-28 14:42:00-04:00,10.1850004196167,10.1850004196167,10.180000305175781,10.180000305175781,16554,0.0,0.0,0.0
2024-10-28 14:43:00-04:00,10.180000305175781,10.180000305175781,10.179900169372559,10.179900169372559,700,0.0,0.0,0.0
2024-10-28 14:44:00-04:00,10.175000190734863,10.175000190734863,10.170000076293945,10.170000076293945,501,0.0,0.0,0.0
2024-10-28 14:45:00-04:00,10.175000190734863,10.175000190734863,10.175000190734863,10.175000190734863,213,0.0,0.0,0.0
2024-10-28 14:46:00-04:00,10.170599937438965,10.175000190734863,10.170599937438965,10.175000190734863,1265,0.0,0.0,0.0
2024-10-28 14:47:00-04:00,10.170000076293945,10.170000076293945,10.170000076293945,10.170000076293945,298,0.0,0.0,0.0
2024-10-28 14:48:00-04:00,10.175000190734863,10.175000190734863,10.171199798583984,10.171199798583984,2003,0.0,0.0,0.0
2024-10-28 14:49:00-04:00,10.175299644470215,10.175299644470215,10.175000190734863,10.175000190734863,874,0.0,0.0,0.0
2024-10-28 14:50:00-04:00,10.178799629211426,10.178799629211426,10.175000190734863,10.175000190734863,340,0.0,0.0,0.0
2024-10-28 14:51:00-04:00,10.180000305175781,10.1806001663208,10.180000305175781,10.1806001663208,1724,0.0,0.0,0.0
2024-10-28 14:52:00-04:00,10.1850004196167,10.1850004196167,10.1850004196167,10.1850004196167,564,0.0,0.0,0.0
2024-10-28 14:55:00-04:00,10.18809986114502,10.189800262451172,10.18809986114502,10.189800262451172,268,0.0,0.0,0.0
2024-10-28 14:56:00-04:00,10.18649959564209,10.18649959564209,10.18649959564209,10.18649959564209,457,0.0,0.0,0.0
2024-10-28 14:57:00-04:00,10.186699867248535,10.186699867248535,10.180000305175781,10.180000305175781,1067,0.0,0.0,0.0
2024-10-28 14:59:00-04:00,10.180000305175781,10.180000305175781,10.180000305175781,10.180000305175781,300,0.0,0.0,0.0
2024-10-28 15:00:00-04:00,10.175000190734863,10.180000305175781,10.175000190734863,10.180000305175781,2300,0.0,0.0,0.0
2024-10-28 15:01:00-04:00,10.180000305175781,10.180000305175781,10.180000305175781,10.180000305175781,217,0.0,0.0,0.0
2024-10-28 15:05:00-04:00,10.180000305175781,10.180000305175781,10.177900314331055,10.177900314331055,3407,0.0,0.0,0.0
2024-10-28 15:06:00-04:00,10.1850004196167,10.189000129699707,10.180299758911133,10.189000129699707,1023,0.0,0.0,0.0
2024-10-28 15:07:00-04:00,10.180000305175781,10.180000305175781,10.180000305175781,10.180000305175781,142,0.0,0.0,0.0
2024-10-28 15:09:00-04:00,10.180100440979004,10.189900398254395,10.180100440979004,10.189900398254395,794,0.0,0.0,0.0
2024-10-28 15:10:00-04:00,10.18340015411377,10.18340015411377,10.18340015411377,10.18340015411377,2720,0.0,0.0,0.0
2024-10-28 15:13:00-04:00,10.189900398254395,10.189900398254395,10.180000305175781,10.180000305175781,335,0.0,0.0,0.0
2024-10-28 15:14:00-04:00,10.18019962310791,10.1850004196167,10.18019962310791,10.1850004196167,3435,0.0,0.0,0.0
2024-10-28 15:15:00-04:00,10.180000305175781,10.188899993896484,10.180000305175781,10.188899993896484,3855,0.0,0.0,0.0
2024-10-28 15:16:00-04:00,10.189900398254395,10.189900398254395,10.189900398254395,10.189900398254395,238,0.0,0.0,0.0
2024-10-28 15:17:00-04:00,10.1850004196167,10.1850004196167,10.180100440979004,10.1850004196167,1628,0.0,0.0,0.0
2024-10-28 15:20:00-04:00,10.18280029296875,10.186100006103516,10.180100440979004,10.1850004196167,2211,0.0,0.0,0.0
2024-10-28 15:21:00-04:00,10.1850004196167,10.1850004196167,10.1850004196167,10.1850004196167,424,0.0,0.0,0.0
2024-10-28 15:23:00-04:00,10.189800262451172,10.189800262451172,10.189800262451172,10.189800262451172,122,0.0,0.0,0.0
2024-10-28 15:24:00-04:00,10.189900398254395,10.189900398254395,10.189900398254395,10.189900398254395,5062,0.0,0.0,0.0
2024-10-28 15:25:00-04:00,10.1850004196167,10.1899995803833,10.1850004196167,10.1899995803833,980,0.0,0.0,0.0
2024-10-28 15:26:00-04:00,10.1899995803833,10.1899995803833,10.1899995803833,10.1899995803833,739,0.0,0.0,0.0
2024-10-28 15:27:00-04:00,10.189900398254395,10.189900398254395,10.189900398254395,10.189900398254395,171,0.0,0.0,0.0
2024-10-28 15:28:00-04:00,10.180999755859375,10.18220043182373,10.180700302124023,10.180700302124023,5495,0.0,0.0,0.0
2024-10-28 15:30:00-04:00,10.1850004196167,10.188699722290039,10.1850004196167,10.1850004196167,1141,0.0,0.0,0.0
2024-10-28 15:31:00-04:00,10.1899995803833,10.194999694824219,10.1899995803833,10.194999694824219,3646,0.0,0.0,0.0
2024-10-28 15:35:00-04:00,10.1899995803833,10.1899995803833,10.1899995803833,10.1899995803833,106,0.0,0.0,0.0
2024-10-28 15:36:00-04:00,10.194999694824219,10.197799682617188,10.194999694824219,10.197799682617188,381,0.0,0.0,0.0
2024-10-28 15:37:00-04:00,10.195300102233887,10.199999809265137,10.1899995803833,10.1899995803833,2604,0.0,0.0,0.0
2024-10-28 15:40:00-04:00,10.199999809265137,10.199999809265137,10.199999809265137,10.199999809265137,237,0.0,0.0,0.0
2024-10-28 15:42:00-04:00,10.194999694824219,10.194999694824219,10.194999694824219,10.194999694824219,2411,0.0,0.0,0.0
2024-10-28 15:43:00-04:00,10.199999809265137,10.199999809265137,10.194999694824219,10.199999809265137,13273,0.0,0.0,0.0
2024-10-28 15:44:00-04:00,10.199999809265137,10.199999809265137,10.194999694824219,10.199999809265137,719,0.0,0.0,0.0
2024-10-28 15:45:00-04:00,10.194999694824219,10.194999694824219,10.1899995803833,10.1899995803833,244,0.0,0.0,0.0
2024-10-28 15:46:00-04:00,10.191399574279785,10.194999694824219,10.191399574279785,10.194999694824219,5779,0.0,0.0,0.0
2024-10-28 15:47:00-04:00,10.190199851989746,10.194999694824219,10.190199851989746,10.194999694824219,5392,0.0,0.0,0.0
2024-10-28 15:48:00-04:00,10.1899995803833,10.198644638061523,10.1899995803833,10.198644638061523,911,0.0,0.0,0.0
2024-10-28 15:49:00-04:00,10.194999694824219,10.194999694824219,10.192899703979492,10.192899703979492,916,0.0,0.0,0.0
2024-10-28 15:50:00-04:00,10.1899995803833,10.194999694824219,10.1899995803833,10.194999694824219,942,0.0,0.0,0.0
2024-10-28 15:51:00-04:00,10.197799682617188,10.197799682617188,10.194999694824219,10.194999694824219,1061,0.0,0.0,0.0
2024-10-28 15:52:00-04:00,10.19890022277832,10.19890022277832,10.1899995803833,10.1899995803833,13180,0.0,0.0,0.0
2024-10-28 15:53:00-04:00,10.1899995803833,10.1899995803833,10.1899995803833,10.1899995803833,3209,0.0,0.0,0.0
2024-10-28 15:54:00-04:00,10.199999809265137,10.199999809265137,10.199999809265137,10.199999809265137,246,0.0,0.0,0.0
2024-10-28 15:55:00-04:00,10.1899995803833,10.1899995803833,10.1850004196167,10.1850004196167,8569,0.0,0.0,0.0
2024-10-28 15:56:00-04:00,10.1850004196167,10.189000129699707,10.1850004196167,10.189000129699707,2261,0.0,0.0,0.0
2024-10-28 15:57:00-04:00,10.188300132751465,10.188300132751465,10.180000305175781,10.180500030517578,1676,0.0,0.0,0.0
2024-10-28 15:58:00-04:00,10.1850004196167,10.1850004196167,10.180000305175781,10.1850004196167,2374,0.0,0.0,0.0
2024-10-28 15:59:00-04:00,10.1850004196167,10.1899995803833,10.1850004196167,10.1899995803833,7756,0.0,0.0,0.0
2024-10-29 09:30:00-04:00,10.199999809265137,10.239999771118164,10.180000305175781,10.180000305175781,50425,0.0,0.0,0.0
2024-10-29 09:31:00-04:00,10.1899995803833,10.1899995803833,10.154999732971191,10.164999961853027,2422,0.0,0.0,0.0
2024-10-29 09:32:00-04:00,10.149999618530273,10.149999618530273,10.130000114440918,10.139300346374512,16623,0.0,0.0,0.0
2024-10-29 09:33:00-04:00,10.139900207519531,10.139900207519531,10.139599800109863,10.139599800109863,924,0.0,0.0,0.0
2024-10-29 09:34:00-04:00,10.125,10.130000114440918,10.119999885559082,10.119999885559082,4347,0.0,0.0,0.0
2024-10-29 09:35:00-04:00,10.130900382995605,10.130900382995605,10.119999885559082,10.119999885559082,6724,0.0,0.0,0.0
2024-10-29 09:36:00-04:00,10.130000114440918,10.145000457763672,10.130000114440918,10.135000228881836,4744,0.0,0.0,0.0
2024-10-29 09:37:00-04:00,10.130599975585938,10.145000457763672,10.130000114440918,10.145000457763672,6964,0.0,0.0,0.0
2024-10-29 09:38:00-04:00,10.159299850463867,10.159299850463867,10.145000457763672,10.145000457763672,576,0.0,0.0,0.0
2024-10-29 09:39:00-04:00,10.140000343322754,10.140000343322754,10.130000114440918,10.130000114440918,1432,0.0,0.0,0.0
2024-10-29 09:40:00-04:00,10.135000228881836,10.135000228881836,10.135000228881836,10.135000228881836,263,0.0,0.0,0.0
2024-10-29 09:41:00-04:00,10.130000114440918,10.130000114440918,10.12660026550293,10.128700256347656,1154,0.0,0.0,0.0
2024-10-29 09:42:00-04:00,10.125,10.139300346374512,10.125,10.139300346374512,2315,0.0,0.0,0.0
2024-10-29 09:43:00-04:00,10.130000114440918,10.130000114440918,10.130000114440918,10.130000114440918,1428,0.0,0.0,0.0
2024-10-29 09:44:00-04:00,10.130000114440918,10.130000114440918,10.119999885559082,10.125,2702,0.0,0.0,0.0
2024-10-29 09:45:00-04:00,10.125,10.130000114440918,10.125,10.130000114440918,1638,0.0,0.0,0.0
2024-10-29 09:46:00-04:00,10.130000114440918,10.135000228881836,10.130000114440918,10.135000228881836,1123,0.0,0.0,0.0
2024-10-29 09:47:00-04:00,10.139699935913086,10.140000343322754,10.135000228881836,10.135000228881836,2209,0.0,0.0,0.0
2024-10-29 09:48:00-04:00,10.135000228881836,10.135000228881836,10.135000228881836,10.135000228881836,370,0.0,0.0,0.0
2024-10-29 09:49:00-04:00,10.135000228881836,10.140000343322754,10.128800392150879,10.135000228881836,10462,0.0,0.0,0.0
2024-10-29 09:51:00-04:00,10.149900436401367,10.149900436401367,10.140199661254883,10.140199661254883,928,0.0,0.0,0.0
2024-10-29 09:52:00-04:00,10.145000457763672,10.149999618530273,10.140000343322754,10.144000053405762,8931,0.0,0.0,0.0
2024-10-29 09:53:00-04:00,10.145000457763672,10.145000457763672,10.145000457763672,10.145000457763672,488,0.0,0.0,0.0
2024-10-29 09:55:00-04:00,10.148799896240234,10.149999618530273,10.145000457763672,10.149999618530273,5835,0.0,0.0,0.0
2024-10-29 09:56:00-04:00,10.151322364807129,10.154999732971191,10.149999618530273,10.154999732971191,580,0.0,0.0,0.0
2024-10-29 09:57:00-04:00,10.155099868774414,10.159899711608887,10.149999618530273,10.154999732971191,5174,0.0,0.0,0.0
2024-10-29 09:58:00-04:00,10.149999618530273,10.159600257873535,10.149999618530273,10.159600257873535,1988,0.0,0.0,0.0
2024-10-29 10:00:00-04:00,10.149999618530273,10.154999732971191,10.149999618530273,10.154999732971191,3499,0.0,0.0,0.0
2024-10-29 10:01:00-04:00,10.159899711608887,10.164999961853027,10.159500122070312,10.164999961853027,1752,0.0,0.0,0.0
2024-10-29 10:02:00-04:00,10.168499946594238,10.168499946594238,10.15999984741211,10.160300254821777,1951,0.0,0.0,0.0
2024-10-29 10:03:00-04:00,10.15999984741211,10.170000076293945,10.15999984741211,10.170000076293945,823,0.0,0.0,0.0
2024-10-29 10:04:00-04:00,10.171699523925781,10.179100036621094,10.171699523925781,10.179100036621094,1345,0.0,0.0,0.0
2024-10-29 10:05:00-04:00,10.164999961853027,10.164999961853027,10.164999961853027,10.164999961853027,389,0.0,0.0,0.0
2024-10-29 10:06:00-04:00,10.168600082397461,10.169899940490723,10.159000396728516,10.159000396728516,3356,0.0,0.0,0.0
2024-10-29 10:07:00-04:00,10.154999732971191,10.159299850463867,10.149999618530273,10.159299850463867,951,0.0,0.0,0.0
2024-10-29 10:08:00-04:00,10.149999618530273,10.149999618530273,10.14900016784668,10.14900016784668,1177,0.0,0.0,0.0
2024-10-29 10:09:00-04:00,10.140000343322754,10.140000343322754,10.139399528503418,10.139399528503418,1722,0.0,0.0,0.0
2024-10-29 10:10:00-04:00,10.140000343322754,10.149999618530273,10.140000343322754,10.149999618530273,1069,0.0,0.0,0.0
2024-10-29 10:11:00-04:00,10.154999732971191,10.15999984741211,10.154999732971191,10.15999984741211,409,0.0,0.0,0.0
2024-10-29 10:12:00-04:00,10.15999984741211,10.15999984741211,10.15999984741211,10.15999984741211,452,0.0,0.0,0.0
2024-10-29 10:13:00-04:00,10.159099578857422,10.159099578857422,10.145000457763672,10.145000457763672,1429,0.0,0.0,0.0
2024-10-29 10:14:00-04:00,10.148699760437012,10.149999618530273,10.145000457763672,10.145000457763672,3650,0.0,0.0,0.0
2024-10-29 10:15:00-04:00,10.140000343322754,10.1496000289917,10.140000343322754,10.1496000289917,1904,0.0,0.0,0.0
2024-10-29 10:16:00-04:00,10.145000457763672,10.145000457763672,10.145000457763672,10.145000457763672,1197,0.0,0.0,0.0
2024-10-29 10:17:00-04:00,10.149900436401367,10.149900436401367,10.149900436401367,10.149900436401367,5111,0.0,0.0,0.0
2024-10-29 10:18:00-04:00,10.140000343322754,10.149100303649902,10.140000343322754,10.149100303649902,539,0.0,0.0,0.0
2024-10-29 10:19:00-04:00,10.147600173950195,10.147600173950195,10.130000114440918,10.135000228881836,1949,0.0,0.0,0.0
2024-10-29 10:20:00-04:00,10.130000114440918,10.130000114440918,10.114999771118164,10.120100021362305,2920,0.0,0.0,0.0
2024-10-29 10:21:00-04:00,10.119999885559082,10.128049850463867,10.119999885559082,10.128049850463867,1114,0.0,0.0,0.0
2024-10-29 10:22:00-04:00,10.119999885559082,10.135000228881836,10.119999885559082,10.135000228881836,2751,0.0,0.0,0.0
2024-10-29 10:23:00-04:00,10.139900207519531,10.145000457763672,10.131282806396484,10.145000457763672,1990,0.0,0.0,0.0
2024-10-29 10:24:00-04:00,10.145000457763672,10.145099639892578,10.140000343322754,10.140000343322754,737,0.0,0.0,0.0
2024-10-29 10:25:00-04:00,10.149999618530273,10.152799606323242,10.149999618530273,10.149999618530273,3171,0.0,0.0,0.0
2024-10-29 10:26:00-04:00,10.154999732971191,10.15939998626709,10.154999732971191,10.15939998626709,514,0.0,0.0,0.0
2024-10-29 10:27:00-04:00,10.149999618530273,10.149999618530273,10.135000228881836,10.135000228881836,1651,0.0,0.0,0.0
2024-10-29 10:28:00-04:00,10.130000114440918,10.130000114440918,10.119999885559082,10.119999885559082,1289,0.0,0.0,0.0
2024-10-29 10:29:00-04:00,10.128899574279785,10.128899574279785,10.125,10.125,1405,0.0,0.0,0.0
2024-10-29 10:30:00-04:00,10.125,10.12969970703125,10.125,10.12969970703125,1338,0.0,0.0,0.0
2024-10-29 10:31:00-04:00,10.125,10.125,10.125,10.125,400,0.0,0.0,0.0
2024-10-29 10:32:00-04:00,10.130000114440918,10.140000343322754,10.130000114440918,10.140000343322754,2753,0.0,0.0,0.0
2024-10-29 10:33:00-04:00,10.140000343322754,10.140000343322754,10.135000228881836,10.135000228881836,320,0.0,0.0,0.0
2024-10-29 10:34:00-04:00,10.140000343322754,10.140000343322754,10.140000343322754,10.140000343322754,1326,0.0,0.0,0.0
2024-10-29 10:36:00-04:00,10.149999618530273,10.149999618530273,10.149499893188477,10.149499893188477,554,0.0,0.0,0.0
2024-10-29 10:37:00-04:00,10.1496000289917,10.1496000289917,10.1496000289917,10.1496000289917,583,0.0,0.0,0.0
2024-10-29 10:38:00-04:00,10.154999732971191,10.15999984741211,10.154999732971191,10.15999984741211,1580,0.0,0.0,0.0
2024-10-29 10:39:00-04:00,10.15999984741211,10.15999984741211,10.15999984741211,10.15999984741211,604,0.0,0.0,0.0
2024-10-29 10:40:00-04:00,10.15999984741211,10.15999984741211,10.154999732971191,10.154999732971191,2500,0.0,0.0,0.0
2024-10-29 10:42:00-04:00,10.15999984741211,10.170000076293945,10.155099868774414,10.16919994354248,11402,0.0,0.0,0.0
2024-10-29 10:43:00-04:00,10.15880012512207,10.161399841308594,10.15880012512207,10.15999984741211,1231,0.0,0.0,0.0
2024-10-29 10:44:00-04:00,10.15999984741211,10.15999984741211,10.15999984741211,10.15999984741211,101,0.0,0.0,0.0
2024-10-29 10:45:00-04:00,10.150500297546387,10.150500297546387,10.1496000289917,10.1496000289917,2201,0.0,0.0,0.0
2024-10-29 10:46:00-04:00,10.15999984741211,10.15999984741211,10.149999618530273,10.149999618530273,11485,0.0,0.0,0.0
2024-10-29 10:47:00-04:00,10.140000343322754,10.140000343322754,10.140000343322754,10.140000343322754,1016,0.0,0.0,0.0
2024-10-29 10:48:00-04:00,10.140000343322754,10.140000343322754,10.130000114440918,10.130000114440918,827,0.0,0.0,0.0
2024-10-29 10:49:00-04:00,10.130000114440918,10.130000114440918,10.130000114440918,10.130000114440918,476,0.0,0.0,0.0
2024-10-29 10:50:00-04:00,10.135000228881836,10.135000228881836,10.130000114440918,10.135000228881836,6982,0.0,0.0,0.0
2024-10-29 10:51:00-04:00,10.135000228881836,10.140000343322754,10.135000228881836,10.140000343322754,721,0.0,0.0,0.0
2024-10-29 10:53:00-04:00,10.133999824523926,10.133999824523926,10.133999824523926,10.133999824523926,6755,0.0,0.0,0.0
2024-10-29 10:54:00-04:00,10.130000114440918,10.135000228881836,10.130000114440918,10.135000228881836,1250,0.0,0.0,0.0
2024-10-29 10:55:00-04:00,10.135299682617188,10.140000343322754,10.135000228881836,10.140000343322754,921,0.0,0.0,0.0
2024-10-29 10:56:00-04:00,10.131699562072754,10.145000457763672,10.131699562072754,10.145000457763672,5881,0.0,0.0,0.0
2024-10-29 10:57:00-04:00,10.149999618530273,10.149999618530273,10.146100044250488,10.146100044250488,320,0.0,0.0,0.0
2024-10-29 10:58:00-04:00,10.14009952545166,10.15250015258789,10.14009952545166,10.149999618530273,2765,0.0,0.0,0.0
2024-10-29 10:59:00-04:00,10.145000457763672,10.149999618530273,10.145000457763672,10.149999618530273,343,0.0,0.0,0.0
2024-10-29 11:00:00-04:00,10.145000457763672,10.145000457763672,10.140000343322754,10.140000343322754,913,0.0,0.0,0.0
2024-10-29 11:03:00-04:00,10.149100303649902,10.149100303649902,10.149100303649902,10.149100303649902,266,0.0,0.0,0.0
2024-10-29 11:05:00-04:00,10.145000457763672,10.149499893188477,10.145000457763672,10.149499893188477,292,0.0,0.0,0.0
2024-10-29 11:06:00-04:00,10.149999618530273,10.149999618530273,10.149999618530273,10.149999618530273,341,0.0,0.0,0.0
2024-10-29 11:07:00-04:00,10.149999618530273,10.149999618530273,10.149800300598145,10.149800300598145,448,0.0,0.0,0.0
2024-10-29 11:08:00-04:00,10.140000343322754,10.140000343322754,10.140000343322754,10.140000343322754,213,0.0,0.0,0.0
2024-10-29 11:09:00-04:00,10.140000343322754,10.140000343322754,10.140000343322754,10.140000343322754,259,0.0,0.0,0.0
2024-10-29 11:11:00-04:00,10.139100074768066,10.139100074768066,10.139100074768066,10.139100074768066,301,0.0,0.0,0.0
2024-10-29 11:12:00-04:00,10.135000228881836,10.135000228881836,10.135000228881836,10.135000228881836,1505,0.0,0.0,0.0
2024-10-29 11:13:00-04:00,10.140000343322754,10.140000343322754,10.140000343322754,10.140000343322754,642,0.0,0.0,0.0
2024-10-29 11:14:00-04:00,10.149999618530273,10.149999618530273,10.149999618530273,10.149999618530273,268612,0.0,0.0,0.0
2024-10-29 11:15:00-04:00,10.149999618530273,10.15999984741211,10.149999618530273,10.149999618530273,6415,0.0,0.0,0.0
2024-10-29 11:16:00-04:00,10.149999618530273,10.149999618530273,10.149999618530273,10.149999618530273,125,0.0,0.0,0.0
2024-10-29 11:17:00-04:00,10.149999618530273,10.149999618530273,10.149999618530273,10.149999618530273,2030,0.0,0.0,0.0
2024-10-29 11:18:00-04:00,10.149999618530273,10.149999618530273,10.149999618530273,10.149999618530273,870,0.0,0.0,0.0
2024-10-29 11:19:00-04:00,10.154999732971191,10.154999732971191,10.154999732971191,10.154999732971191,408,0.0,0.0,0.0
2024-10-29 11:20:00-04:00,10.149999618530273,10.149999618530273,10.149999618530273,10.149999618530273,1292,0.0,0.0,0.0
2024-10-29 11:22:00-04:00,10.15999984741211,10.164999961853027,10.15999984741211,10.164999961853027,470,0.0,0.0,0.0
2024-10-29 11:24:00-04:00,10.157299995422363,10.157299995422363,10.154999732971191,10.154999732971191,477,0.0,0.0,0.0
2024-10-29 11:25:00-04:00,10.159099578857422,10.159099578857422,10.149999618530273,10.149999618530273,821,0.0,0.0,0.0
2024-10-29 11:26:00-04:00,10.149999618530273,10.154399871826172,10.149999618530273,10.154399871826172,1082,0.0,0.0,0.0
2024-10-29 11:27:00-04:00,10.159899711608887,10.159899711608887,10.154999732971191,10.154999732971191,645,0.0,0.0,0.0
2024-10-29 11:28:00-04:00,10.154999732971191,10.154999732971191,10.154999732971191,10.154999732971191,530,0.0,0.0,0.0
2024-10-29 11:30:00-04:00,10.149999618530273,10.158599853515625,10.149999618530273,10.149999618530273,1344,0.0,0.0,0.0
2024-10-29 11:32:00-04:00,10.15999984741211,10.15999984741211,10.15999984741211,10.15999984741211,418,0.0,0.0,0.0
2024-10-29 11:33:00-04:00,10.149999618530273,10.154999732971191,10.149999618530273,10.149999618530273,286871,0.0,0.0,0.0
2024-10-29 11:34:00-04:00,10.149999618530273,10.149999618530273,10.149999618530273,10.149999618530273,3421,0.0,0.0,0.0
2024-10-29 11:37:00-04:00,10.141200065612793,10.141200065612793,10.141200065612793,10.141200065612793,207,0.0,0.0,0.0
2024-10-29 11:38:00-04:00,10.154999732971191,10.154999732971191,10.154999732971191,10.154999732971191,125,0.0,0.0,0.0
2024-10-29 11:39:00-04:00,10.149999618530273,10.149999618530273,10.149999618530273,10.149999618530273,243,0.0,0.0,0.0
2024-10-29 11:41:00-04:00,10.15999984741211,10.15999984741211,10.15999984741211,10.15999984741211,102,0.0,0.0,0.0
2024-10-29 11:42:00-04:00,10.161700248718262,10.161700248718262,10.161700248718262,10.161700248718262,191,0.0,0.0,0.0
2024-10-29 11:43:00-04:00,10.160499572753906,10.160499572753906,10.160499572753906,10.160499572753906,218,0.0,0.0,0.0
2024-10-29 11:44:00-04:00,10.164999961853027,10.164999961853027,10.164999961853027,10.164999961853027,100,0.0,0.0,0.0
2024-10-29 11:45:00-04:00,10.154999732971191,10.15999984741211,10.149999618530273,10.15999984741211,1233,0.0,0.0,0.0
2024-10-29 11:46:00-04:00,10.160099983215332,10.160099983215332,10.160099983215332,10.160099983215332,128,0.0,0.0,0.0
2024-10-29 11:47:00-04:00,10.170000076293945,10.170000076293945,10.170000076293945,10.170000076293945,2476,0.0,0.0,0.0
2024-10-29 11:49:00-04:00,10.172100067138672,10.172100067138672,10.172100067138672,10.172100067138672,239,0.0,0.0,0.0
2024-10-29 11:50:00-04:00,10.180000305175781,10.180000305175781,10.175000190734863,10.175000190734863,847,0.0,0.0,0.0
2024-10-29 11:51:00-04:00,10.178000450134277,10.178000450134277,10.170000076293945,10.170000076293945,467,0.0,0.0,0.0
2024-10-29 11:52:00-04:00,10.169899940490723,10.169899940490723,10.15999984741211,10.15999984741211,354,0.0,0.0,0.0
2024-10-29 11:54:00-04:00,10.164999961853027,10.164999961853027,10.164999961853027,10.164999961853027,1988,0.0,0.0,0.0
2024-10-29 11:56:00-04:00,10.170000076293945,10.171799659729004,10.170000076293945,10.171799659729004,13088,0.0,0.0,0.0
2024-10-29 11:57:00-04:00,10.175000190734863,10.175000190734863,10.175000190734863,10.175000190734863,160,0.0,0.0,0.0
2024-10-29 11:59:00-04:00,10.175000190734863,10.175000190734863,10.170000076293945,10.170000076293945,2046,0.0,0.0,0.0
2024-10-29 12:00:00-04:00,10.170000076293945,10.170000076293945,10.170000076293945,10.170000076293945,780,0.0,0.0,0.0
2024-10-29 12:02:00-04:00,10.170000076293945,10.170000076293945,10.170000076293945,10.170000076293945,1303,0.0,0.0,0.0
2024-10-29 12:03:00-04:00,10.170000076293945,10.170000076293945,10.169899940490723,10.170000076293945,4012,0.0,0.0,0.0
2024-10-29 12:04:00-04:00,10.16670036315918,10.170000076293945,10.16670036315918,10.169899940490723,2204,0.0,0.0,0.0
2024-10-29 12:07:00-04:00,10.164999961853027,10.164999961853027,10.15999984741211,10.15999984741211,596,0.0,0.0,0.0
2024-10-29 12:11:00-04:00,10.154999732971191,10.154999732971191,10.152000427246094,10.152000427246094,351,0.0,0.0,0.0
2024-10-29 12:12:00-04:00,10.159899711608887,10.159899711608887,10.159899711608887,10.159899711608887,523,0.0,0.0,0.0
2024-10-29 12:14:00-04:00,10.157999992370605,10.159899711608887,10.157999992370605,10.159899711608887,1126,0.0,0.0,0.0
2024-10-29 12:15:00-04:00,10.154999732971191,10.154999732971191,10.154999732971191,10.154999732971191,835,0.0,0.0,0.0
2024-10-29 12:17:00-04:00,10.159899711608887,10.159899711608887,10.159899711608887,10.159899711608887,172,0.0,0.0,0.0
2024-10-29 12:19:00-04:00,10.149999618530273,10.152799606323242,10.149999618530273,10.152799606323242,5171,0.0,0.0,0.0
2024-10-29 12:20:00-04:00,10.149999618530273,10.149999618530273,10.140000343322754,10.140000343322754,4225,0.0,0.0,0.0
2024-10-29 12:21:00-04:00,10.145000457763672,10.146200180053711,10.140000343322754,10.140000343322754,484,0.0,0.0,0.0
2024-10-29 12:23:00-04:00,10.141599655151367,10.141599655151367,10.141599655151367,10.141599655151367,4142,0.0,0.0,0.0
2024-10-29 12:24:00-04:00,10.149999618530273,10.154999732971191,10.149999618530273,10.152799606323242,3586,0.0,0.0,0.0
2024-10-29 12:25:00-04:00,10.149900436401367,10.149900436401367,10.149900436401367,10.149900436401367,5057,0.0,0.0,0.0
2024-10-29 12:27:00-04:00,10.145000457763672,10.149200439453125,10.140000343322754,10.145000457763672,2633,0.0,0.0,0.0
2024-10-29 12:28:00-04:00,10.145000457763672,10.145000457763672,10.145000457763672,10.145000457763672,568,0.0,0.0,0.0
2024-10-29 12:29:00-04:00,10.145000457763672,10.145000457763672,10.145000457763672,10.145000457763672,205,0.0,0.0,0.0
2024-10-29 12:30:00-04:00,10.1496000289917,10.1496000289917,10.140000343322754,10.140000343322754,10563,0.0,0.0,0.0
2024-10-29 12:31:00-04:00,10.140000343322754,10.140000343322754,10.140000343322754,10.140000343322754,3377,0.0,0.0,0.0
2024-10-29 12:32:00-04:00,10.139200210571289,10.139200210571289,10.130000114440918,10.139200210571289,2643,0.0,0.0,0.0
2024-10-29 12:33:00-04:00,10.130000114440918,10.130000114440918,10.130000114440918,10.130000114440918,511,0.0,0.0,0.0
2024-10-29 12:34:00-04:00,10.130000114440918,10.130000114440918,10.130000114440918,10.130000114440918,1711,0.0,0.0,0.0
2024-10-29 12:35:00-04:00,10.131199836730957,10.131199836730957,10.131199836730957,10.131199836730957,186,0.0,0.0,0.0
2024-10-29 12:36:00-04:00,10.137499809265137,10.137499809265137,10.137499809265137,10.137499809265137,197,0.0,0.0,0.0
2024-10-29 12:37:00-04:00,10.140000343322754,10.140000343322754,10.138999938964844,10.138999938964844,1161,0.0,0.0,0.0
2024-10-29 12:38:00-04:00,10.140000343322754,10.140000343322754,10.139900207519531,10.139900207519531,2029,0.0,0.0,0.0
2024-10-29 12:39:00-04:00,10.135000228881836,10.138799667358398,10.135000228881836,10.138799667358398,770,0.0,0.0,0.0
2024-10-29 12:41:00-04:00,10.135000228881836,10.135000228881836,10.135000228881836,10.135000228881836,4078,0.0,0.0,0.0
2024-10-29 12:42:00-04:00,10.140000343322754,10.140000343322754,10.140000343322754,10.140000343322754,101,0.0,0.0,0.0
2024-10-29 12:43:00-04:00,10.135000228881836,10.140000343322754,10.135000228881836,10.140000343322754,7465,0.0,0.0,0.0
2024-10-29 12:44:00-04:00,10.140000343322754,10.140000343322754,10.140000343322754,10.140000343322754,636,0.0,0.0,0.0
2024-10-29 12:45:00-04:00,10.145000457763672,10.145000457763672,10.145000457763672,10.145000457763672,321,0.0,0.0,0.0
2024-10-29 12:46:00-04:00,10.149999618530273,10.149999618530273,10.149999618530273,10.149999618530273,198,0.0,0.0,0.0
2024-10-29 12:47:00-04:00,10.152199745178223,10.15999984741211,10.152199745178223,10.159899711608887,466,0.0,0.0,0.0
2024-10-29 12:49:00-04:00,10.151900291442871,10.15999984741211,10.151900291442871,10.15999984741211,3509,0.0,0.0,0.0
2024-10-29 12:50:00-04:00,10.154999732971191,10.154999732971191,10.154999732971191,10.154999732971191,299,0.0,0.0,0.0
2024-10-29 12:51:00-04:00,10.149999618530273,10.154999732971191,10.149999618530273,10.154999732971191,11197,0.0,0.0,0.0
2024-10-29 12:52:00-04:00,10.15999984741211,10.15999984741211,10.159899711608887,10.15999984741211,2879,0.0,0.0,0.0
2024-10-29 12:53:00-04:00,10.15999984741211,10.164999961853027,10.15999984741211,10.164999961853027,482,0.0,0.0,0.0
2024-10-29 12:54:00-04:00,10.15999984741211,10.15999984741211,10.15999984741211,10.15999984741211,318,0.0,0.0,0.0
2024-10-29 12:55:00-04:00,10.15999984741211,10.15999984741211,10.149999618530273,10.154999732971191,31402,0.0,0.0,0.0
2024-10-29 12:56:00-04:00,10.154999732971191,10.154999732971191,10.149999618530273,10.149999618530273,1804,0.0,0.0,0.0
2024-10-29 12:57:00-04:00,10.149999618530273,10.154999732971191,10.149999618530273,10.149999618530273,673,0.0,0.0,0.0
2024-10-29 12:58:00-04:00,10.154999732971191,10.154999732971191,10.154999732971191,10.154999732971191,899,0.0,0.0,0.0
2024-10-29 12:59:00-04:00,10.149999618530273,10.149999618530273,10.145000457763672,10.149999618530273,3800,0.0,0.0,0.0
2024-10-29 13:00:00-04:00,10.149999618530273,10.15999984741211,10.149999618530273,10.15999984741211,378,0.0,0.0,0.0
2024-10-29 13:01:00-04:00,10.15999984741211,10.15999984741211,10.15999984741211,10.15999984741211,8409,0.0,0.0,0.0
2024-10-29 13:03:00-04:00,10.164999961853027,10.164999961853027,10.164999961853027,10.164999961853027,1074,0.0,0.0,0.0
2024-10-29 13:09:00-04:00,10.170000076293945,10.170000076293945,10.170000076293945,10.170000076293945,174,0.0,0.0,0.0
2024-10-29 13:10:00-04:00,10.170000076293945,10.170000076293945,10.1697998046875,10.1697998046875,1020,0.0,0.0,0.0
2024-10-29 13:13:00-04:00,10.170000076293945,10.170000076293945,10.170000076293945,10.170000076293945,554,0.0,0.0,0.0
2024-10-29 13:14:00-04:00,10.169899940490723,10.169899940490723,10.168790817260742,10.168790817260742,465,0.0,0.0,0.0
2024-10-29 13:17:00-04:00,10.170000076293945,10.175000190734863,10.170000076293945,10.175000190734863,1042,0.0,0.0,0.0
2024-10-29 13:18:00-04:00,10.179900169372559,10.179900169372559,10.179900169372559,10.179900169372559,189,0.0,0.0,0.0
2024-10-29 13:20:00-04:00,10.175000190734863,10.175000190734863,10.175000190734863,10.175000190734863,233,0.0,0.0,0.0
2024-10-29 13:21:00-04:00,10.170000076293945,10.170000076293945,10.170000076293945,10.170000076293945,1282,0.0,0.0,0.0
2024-10-29 13:23:00-04:00,10.1697998046875,10.1697998046875,10.1697998046875,10.1697998046875,100,0.0,0.0,0.0
2024-10-29 13:24:00-04:00,10.170000076293945,10.175000190734863,10.170000076293945,10.175000190734863,329,0.0,0.0,0.0
2024-10-29 13:25:00-04:00,10.175000190734863,10.175000190734863,10.169899940490723,10.169899940490723,3165,0.0,0.0,0.0
2024-10-29 13:27:00-04:00,10.179100036621094,10.179100036621094,10.178000450134277,10.178000450134277,1493,0.0,0.0,0.0
2024-10-29 13:28:00-04:00,10.17389965057373,10.17870044708252,10.17389965057373,10.17870044708252,1060,0.0,0.0,0.0
2024-10-29 13:30:00-04:00,10.17080020904541,10.17080020904541,10.17080020904541,10.17080020904541,523,0.0,0.0,0.0
2024-10-29 13:31:00-04:00,10.178899765014648,10.178899765014648,10.170000076293945,10.170000076293945,615,0.0,0.0,0.0
2024-10-29 13:32:00-04:00,10.175000190734863,10.17870044708252,10.175000190734863,10.17870044708252,3334,0.0,0.0,0.0
2024-10-29 13:34:00-04:00,10.170100212097168,10.170100212097168,10.170100212097168,10.170100212097168,492,0.0,0.0,0.0
2024-10-29 13:35:00-04:00,10.175000190734863,10.175000190734863,10.175000190734863,10.175000190734863,434,0.0,0.0,0.0
2024-10-29 13:36:00-04:00,10.179900169372559,10.180000305175781,10.179900169372559,10.180000305175781,375,0.0,0.0,0.0
2024-10-29 13:37:00-04:00,10.180000305175781,10.180000305175781,10.178899765014648,10.179900169372559,753,0.0,0.0,0.0
2024-10-29 13:38:00-04:00,10.175000190734863,10.175000190734863,10.175000190734863,10.175000190734863,979,0.0,0.0,0.0
2024-10-29 13:39:00-04:00,10.177599906921387,10.177599906921387,10.177599906921387,10.177599906921387,220,0.0,0.0,0.0
2024-10-29 13:40:00-04:00,10.175700187683105,10.175700187683105,10.175700187683105,10.175700187683105,106,0.0,0.0,0.0
2024-10-29 13:41:00-04:00,10.179900169372559,10.179900169372559,10.179900169372559,10.179900169372559,236,0.0,0.0,0.0
2024-10-29 13:42:00-04:00,10.170000076293945,10.170000076293945,10.170000076293945,10.170000076293945,640,0.0,0.0,0.0
2024-10-29 13:43:00-04:00,10.15999984741211,10.15999984741211,10.150099754333496,10.150099754333496,927,0.0,0.0,0.0
2024-10-29 13:44:00-04:00,10.158900260925293,10.158900260925293,10.158900260925293,10.158900260925293,371,0.0,0.0,0.0
2024-10-29 13:45:00-04:00,10.15999984741211,10.15999984741211,10.15999984741211,10.15999984741211,238,0.0,0.0,0.0
2024-10-29 13:46:00-04:00,10.164999961853027,10.164999961853027,10.15999984741211,10.15999984741211,301,0.0,0.0,0.0
2024-10-29 13:47:00-04:00,10.15999984741211,10.15999984741211,10.159600257873535,10.159600257873535,1518,0.0,0.0,0.0
2024-10-29 13:48:00-04:00,10.15999984741211,10.15999984741211,10.15999984741211,10.15999984741211,2016,0.0,0.0,0.0
2024-10-29 13:49:00-04:00,10.150899887084961,10.155500411987305,10.150899887084961,10.155500411987305,1013,0.0,0.0,0.0
2024-10-29 13:50:00-04:00,10.15999984741211,10.15999984741211,10.15999984741211,10.15999984741211,127,0.0,0.0,0.0
2024-10-29 13:52:00-04:00,10.15999984741211,10.15999984741211,10.15999984741211,10.15999984741211,100,0.0,0.0,0.0
2024-10-29 13:53:00-04:00,10.15999984741211,10.15999984741211,10.150099754333496,10.15999984741211,4363,0.0,0.0,0.0
2024-10-29 13:55:00-04:00,10.164999961853027,10.164999961853027,10.164999961853027,10.164999961853027,222,0.0,0.0,0.0
2024-10-29 13:56:00-04:00,10.160099983215332,10.160099983215332,10.160099983215332,10.160099983215332,1450,0.0,0.0,0.0
2024-10-29 13:58:00-04:00,10.166500091552734,10.166500091552734,10.166500091552734,10.166500091552734,211,0.0,0.0,0.0
2024-10-29 13:59:00-04:00,10.161100387573242,10.161100387573242,10.161100387573242,10.161100387573242,429,0.0,0.0,0.0
2024-10-29 14:01:00-04:00,10.170000076293945,10.175000190734863,10.170000076293945,10.175000190734863,1851,0.0,0.0,0.0
2024-10-29 14:03:00-04:00,10.171299934387207,10.171299934387207,10.171299934387207,10.171299934387207,217,0.0,0.0,0.0
2024-10-29 14:04:00-04:00,10.170100212097168,10.170100212097168,10.170100212097168,10.170100212097168,697,0.0,0.0,0.0
2024-10-29 14:05:00-04:00,10.170000076293945,10.170000076293945,10.170000076293945,10.170000076293945,1470,0.0,0.0,0.0
2024-10-29 14:10:00-04:00,10.169699668884277,10.169699668884277,10.169500350952148,10.169500350952148,1584,0.0,0.0,0.0
2024-10-29 14:11:00-04:00,10.170000076293945,10.170000076293945,10.170000076293945,10.170000076293945,300,0.0,0.0,0.0
2024-10-29 14:12:00-04:00,10.161299705505371,10.161299705505371,10.161299705505371,10.161299705505371,464,0.0,0.0,0.0
2024-10-29 14:14:00-04:00,10.170000076293945,10.170000076293945,10.169899940490723,10.170000076293945,4502,0.0,0.0,0.0
2024-10-29 14:15:00-04:00,10.167499542236328,10.170000076293945,10.164999961853027,10.164999961853027,2750,0.0,0.0,0.0
2024-10-29 14:19:00-04:00,10.161100387573242,10.161100387573242,10.161100387573242,10.161100387573242,1004,0.0,0.0,0.0
2024-10-29 14:22:00-04:00,10.170000076293945,10.170000076293945,10.169899940490723,10.169899940490723,323,0.0,0.0,0.0
2024-10-29 14:23:00-04:00,10.170000076293945,10.170000076293945,10.170000076293945,10.170000076293945,101,0.0,0.0,0.0
2024-10-29 14:25:00-04:00,10.179100036621094,10.179900169372559,10.179100036621094,10.179900169372559,836,0.0,0.0,0.0
2024-10-29 14:28:00-04:00,10.180000305175781,10.180000305175781,10.170100212097168,10.170100212097168,1902,0.0,0.0,0.0
2024-10-29 14:30:00-04:00,10.180000305175781,10.180000305175781,10.179900169372559,10.179900169372559,272,0.0,0.0,0.0
2024-10-29 14:31:00-04:00,10.170100212097168,10.179900169372559,10.170100212097168,10.179900169372559,410,0.0,0.0,0.0
2024-10-29 14:33:00-04:00,10.180000305175781,10.180000305175781,10.180000305175781,10.180000305175781,242,0.0,0.0,0.0
2024-10-29 14:36:00-04:00,10.175000190734863,10.175000190734863,10.17039966583252,10.17039966583252,1538,0.0,0.0,0.0
2024-10-29 14:38:00-04:00,10.170000076293945,10.170000076293945,10.170000076293945,10.170000076293945,334,0.0,0.0,0.0
2024-10-29 14:39:00-04:00,10.175000190734863,10.175000190734863,10.175000190734863,10.175000190734863,100,0.0,0.0,0.0
2024-10-29 14:40:00-04:00,10.170100212097168,10.170100212097168,10.170100212097168,10.170100212097168,104,0.0,0.0,0.0
2024-10-29 14:41:00-04:00,10.170000076293945,10.180000305175781,10.170000076293945,10.180000305175781,1368,0.0,0.0,0.0
2024-10-29 14:42:00-04:00,10.180000305175781,10.180000305175781,10.175000190734863,10.175000190734863,5919,0.0,0.0,0.0
2024-10-29 14:43:00-04:00,10.179800033569336,10.180000305175781,10.175000190734863,10.180000305175781,1235,0.0,0.0,0.0
2024-10-29 14:45:00-04:00,10.175000190734863,10.178000450134277,10.175000190734863,10.175000190734863,798,0.0,0.0,0.0
2024-10-29 14:46:00-04:00,10.179499626159668,10.179499626159668,10.179499626159668,10.179499626159668,156,0.0,0.0,0.0
2024-10-29 14:47:00-04:00,10.17140007019043,10.17140007019043,10.17140007019043,10.17140007019043,173,0.0,0.0,0.0
2024-10-29 14:48:00-04:00,10.175000190734863,10.175000190734863,10.175000190734863,10.175000190734863,199,0.0,0.0,0.0
2024-10-29 14:50:00-04:00,10.175000190734863,10.178000450134277,10.175000190734863,10.178000450134277,2161,0.0,0.0,0.0
2024-10-29 14:52:00-04:00,10.180000305175781,10.180000305175781,10.175000190734863,10.180000305175781,525307,0.0,0.0,0.0
2024-10-29 14:55:00-04:00,10.175000190734863,10.175000190734863,10.17020034790039,10.17020034790039,11631,0.0,0.0,0.0
2024-10-29 14:58:00-04:00,10.180000305175781,10.180000305175781,10.180000305175781,10.180000305175781,223,0.0,0.0,0.0
2024-10-29 14:59:00-04:00,10.179900169372559,10.179900169372559,10.179900169372559,10.179900169372559,106,0.0,0.0,0.0
2024-10-29 15:00:00-04:00,10.175000190734863,10.175000190734863,10.175000190734863,10.175000190734863,110,0.0,0.0,0.0
2024-10-29 15:03:00-04:00,10.170599937438965,10.170599937438965,10.170599937438965,10.170599937438965,348,0.0,0.0,0.0
2024-10-29 15:05:00-04:00,10.170000076293945,10.173500061035156,10.170000076293945,10.173500061035156,710,0.0,0.0,0.0
2024-10-29 15:06:00-04:00,10.175000190734863,10.175000190734863,10.175000190734863,10.175000190734863,120,0.0,0.0,0.0
2024-10-29 15:07:00-04:00,10.175000190734863,10.175000190734863,10.175000190734863,10.175000190734863,382,0.0,0.0,0.0
2024-10-29 15:08:00-04:00,10.175000190734863,10.175000190734863,10.175000190734863,10.175000190734863,1493,0.0,0.0,0.0
2024-10-29 15:09:00-04:00,10.180000305175781,10.180000305175781,10.179900169372559,10.180000305175781,750,0.0,0.0,0.0
2024-10-29 15:11:00-04:00,10.171099662780762,10.171099662780762,10.171099662780762,10.171099662780762,203,0.0,0.0,0.0
2024-10-29 15:12:00-04:00,10.17199993133545,10.175000190734863,10.170000076293945,10.170000076293945,5000,0.0,0.0,0.0
2024-10-29 15:13:00-04:00,10.175000190734863,10.178299903869629,10.170000076293945,10.178299903869629,883,0.0,0.0,0.0
2024-10-29 15:14:00-04:00,10.175000190734863,10.175000190734863,10.170000076293945,10.175000190734863,417,0.0,0.0,0.0
2024-10-29 15:16:00-04:00,10.171199798583984,10.171199798583984,10.171199798583984,10.171199798583984,256,0.0,0.0,0.0
2024-10-29 15:17:00-04:00,10.170000076293945,10.170000076293945,10.170000076293945,10.170000076293945,301,0.0,0.0,0.0
2024-10-29 15:18:00-04:00,10.170499801635742,10.170499801635742,10.170499801635742,10.170499801635742,1043,0.0,0.0,0.0
2024-10-29 15:19:00-04:00,10.175000190734863,10.175000190734863,10.175000190734863,10.175000190734863,179,0.0,0.0,0.0
2024-10-29 15:20:00-04:00,10.179900169372559,10.179900169372559,10.179900169372559,10.179900169372559,160,0.0,0.0,0.0
2024-10-29 15:21:00-04:00,10.170000076293945,10.180000305175781,10.170000076293945,10.170000076293945,553968,0.0,0.0,0.0
2024-10-29 15:22:00-04:00,10.164999961853027,10.164999961853027,10.15999984741211,10.15999984741211,325,0.0,0.0,0.0
2024-10-29 15:24:00-04:00,10.160099983215332,10.160099983215332,10.160099983215332,10.160099983215332,325,0.0,0.0,0.0
2024-10-29 15:26:00-04:00,10.176400184631348,10.176400184631348,10.170000076293945,10.170000076293945,705,0.0,0.0,0.0
2024-10-29 15:27:00-04:00,10.170000076293945,10.172800064086914,10.170000076293945,10.170000076293945,1254,0.0,0.0,0.0
2024-10-29 15:28:00-04:00,10.170000076293945,10.170000076293945,10.169899940490723,10.170000076293945,2156,0.0,0.0,0.0
2024-10-29 15:29:00-04:00,10.170000076293945,10.170000076293945,10.164999961853027,10.164999961853027,1150,0.0,0.0,0.0
2024-10-29 15:31:00-04:00,10.15999984741211,10.164999961853027,10.15999984741211,10.164999961853027,1557,0.0,0.0,0.0
2024-10-29 15:33:00-04:00,10.164299964904785,10.168100357055664,10.15999984741211,10.15999984741211,4522,0.0,0.0,0.0
2024-10-29 15:34:00-04:00,10.15999984741211,10.16510009765625,10.15999984741211,10.16510009765625,1296,0.0,0.0,0.0
2024-10-29 15:35:00-04:00,10.15999984741211,10.15999984741211,10.15999984741211,10.15999984741211,200,0.0,0.0,0.0
2024-10-29 15:36:00-04:00,10.164999961853027,10.164999961853027,10.164999961853027,10.164999961853027,200,0.0,0.0,0.0
2024-10-29 15:37:00-04:00,10.164999961853027,10.169899940490723,10.15999984741211,10.169899940490723,1524,0.0,0.0,0.0
2024-10-29 15:38:00-04:00,10.160099983215332,10.160099983215332,10.160099983215332,10.160099983215332,557,0.0,0.0,0.0
2024-10-29 15:40:00-04:00,10.163000106811523,10.163000106811523,10.163000106811523,10.163000106811523,555,0.0,0.0,0.0
2024-10-29 15:41:00-04:00,10.164999961853027,10.164999961853027,10.164999961853027,10.164999961853027,544,0.0,0.0,0.0
2024-10-29 15:44:00-04:00,10.168899536132812,10.168899536132812,10.168899536132812,10.168899536132812,247,0.0,0.0,0.0
2024-10-29 15:46:00-04:00,10.166899681091309,10.166899681091309,10.164999961853027,10.164999961853027,395,0.0,0.0,0.0
2024-10-29 15:48:00-04:00,10.164999961853027,10.164999961853027,10.164999961853027,10.164999961853027,272,0.0,0.0,0.0
2024-10-29 15:50:00-04:00,10.15999984741211,10.164999961853027,10.15999984741211,10.15999984741211,878,0.0,0.0,0.0
2024-10-29 15:51:00-04:00,10.15999984741211,10.162599563598633,10.15999984741211,10.162599563598633,2312,0.0,0.0,0.0
2024-10-29 15:53:00-04:00,10.164999961853027,10.164999961853027,10.164999961853027,10.164999961853027,276,0.0,0.0,0.0
2024-10-29 15:54:00-04:00,10.164999961853027,10.164999961853027,10.164999961853027,10.164999961853027,3277,0.0,0.0,0.0
2024-10-29 15:55:00-04:00,10.164999961853027,10.170000076293945,10.164999961853027,10.170000076293945,2824,0.0,0.0,0.0
2024-10-29 15:56:00-04:00,10.179900169372559,10.179900169372559,10.175000190734863,10.175000190734863,8044,0.0,0.0,0.0
2024-10-29 15:57:00-04:00,10.170000076293945,10.170000076293945,10.170000076293945,10.170000076293945,960,0.0,0.0,0.0
2024-10-29 15:58:00-04:00,10.175000190734863,10.178099632263184,10.170100212097168,10.178099632263184,939,0.0,0.0,0.0
2024-10-29 15:59:00-04:00,10.175000190734863,10.180000305175781,10.170000076293945,10.170000076293945,4366,0.0,0.0,0.0
2024-10-30 09:30:00-04:00,10.170000076293945,10.170000076293945,10.110099792480469,10.110099792480469,46594,0.0,0.0,0.0
2024-10-30 09:33:00-04:00,10.149999618530273,10.149999618530273,10.149999618530273,10.149999618530273,319,0.0,0.0,0.0
2024-10-30 09:34:00-04:00,10.140000343322754,10.149100303649902,10.129799842834473,10.139300346374512,4263,0.0,0.0,0.0
2024-10-30 09:35:00-04:00,10.140000343322754,10.140000343322754,10.125,10.130000114440918,1699,0.0,0.0,0.0
2024-10-30 09:36:00-04:00,10.119999885559082,10.125,10.119999885559082,10.125,548,0.0,0.0,0.0
2024-10-30 09:37:00-04:00,10.12969970703125,10.12969970703125,10.121100425720215,10.125,3100,0.0,0.0,0.0
2024-10-30 09:38:00-04:00,10.129899978637695,10.129899978637695,10.119999885559082,10.119999885559082,5912,0.0,0.0,0.0
2024-10-30 09:39:00-04:00,10.121100425720215,10.125,10.119999885559082,10.125,334,0.0,0.0,0.0
2024-10-30 09:40:00-04:00,10.130000114440918,10.130000114440918,10.109999656677246,10.119999885559082,13127,0.0,0.0,0.0
2024-10-30 09:41:00-04:00,10.100000381469727,10.100000381469727,10.100000381469727,10.100000381469727,2618,0.0,0.0,0.0
2024-10-30 09:42:00-04:00,10.095000267028809,10.095000267028809,10.062000274658203,10.062000274658203,1652,0.0,0.0,0.0
2024-10-30 09:43:00-04:00,10.069999694824219,10.069999694824219,10.069999694824219,10.069999694824219,1382,0.0,0.0,0.0
2024-10-30 09:44:00-04:00,10.06029987335205,10.06029987335205,10.06029987335205,10.06029987335205,113,0.0,0.0,0.0
2024-10-30 09:45:00-04:00,10.061200141906738,10.0649995803833,10.060199737548828,10.060199737548828,570,0.0,0.0,0.0
2024-10-30 09:46:00-04:00,10.0600004196167,10.079999923706055,10.0600004196167,10.079899787902832,4188,0.0,0.0,0.0
2024-10-30 09:47:00-04:00,10.079999923706055,10.080400466918945,10.079999923706055,10.080400466918945,486,0.0,0.0,0.0
2024-10-30 09:48:00-04:00,10.09000015258789,10.099900245666504,10.09000015258789,10.096500396728516,4739,0.0,0.0,0.0
2024-10-30 09:49:00-04:00,10.102299690246582,10.109999656677246,10.102299690246582,10.109999656677246,2302,0.0,0.0,0.0
2024-10-30 09:50:00-04:00,10.110099792480469,10.110099792480469,10.110099792480469,10.110099792480469,794,0.0,0.0,0.0
2024-10-30 09:51:00-04:00,10.125,10.125,10.125,10.125,568,0.0,0.0,0.0
2024-10-30 09:52:00-04:00,10.130000114440918,10.130000114440918,10.120699882507324,10.129899978637695,1180,0.0,0.0,0.0
2024-10-30 09:53:00-04:00,10.125,10.125,10.119999885559082,10.119999885559082,987,0.0,0.0,0.0
2024-10-30 09:54:00-04:00,10.120100021362305,10.125,10.120100021362305,10.125,432,0.0,0.0,0.0
2024-10-30 09:55:00-04:00,10.130000114440918,10.130000114440918,10.130000114440918,10.130000114440918,3655,0.0,0.0,0.0
2024-10-30 09:56:00-04:00,10.135000228881836,10.140000343322754,10.126799583435059,10.130000114440918,6311,0.0,0.0,0.0
2024-10-30 09:57:00-04:00,10.13010025024414,10.13010025024414,10.130000114440918,10.130000114440918,756,0.0,0.0,0.0
2024-10-30 09:58:00-04:00,10.130200386047363,10.140000343322754,10.130000114440918,10.130200386047363,1001,0.0,0.0,0.0
2024-10-30 09:59:00-04:00,10.135000228881836,10.135000228881836,10.130200386047363,10.130200386047363,930,0.0,0.0,0.0
2024-10-30 10:00:00-04:00,10.135000228881836,10.135000228881836,10.135000228881836,10.135000228881836,1122,0.0,0.0,0.0
2024-10-30 10:01:00-04:00,10.135000228881836,10.140000343322754,10.135000228881836,10.140000343322754,271,0.0,0.0,0.0
2024-10-30 10:02:00-04:00,10.140000343322754,10.145000457763672,10.140000343322754,10.145000457763672,4366,0.0,0.0,0.0
2024-10-30 10:03:00-04:00,10.142499923706055,10.142499923706055,10.142499923706055,10.142499923706055,100,0.0,0.0,0.0
2024-10-30 10:04:00-04:00,10.149999618530273,10.149999618530273,10.149900436401367,10.149900436401367,601,0.0,0.0,0.0
2024-10-30 10:05:00-04:00,10.149800300598145,10.149800300598145,10.145000457763672,10.145000457763672,1222,0.0,0.0,0.0
2024-10-30 10:06:00-04:00,10.149999618530273,10.149999618530273,10.149999618530273,10.149999618530273,1812,0.0,0.0,0.0
2024-10-30 10:08:00-04:00,10.164999961853027,10.164999961853027,10.164999961853027,10.164999961853027,327,0.0,0.0,0.0
2024-10-30 10:09:00-04:00,10.164999961853027,10.164999961853027,10.164999961853027,10.164999961853027,331,0.0,0.0,0.0
2024-10-30 10:10:00-04:00,10.15999984741211,10.164999961853027,10.15999984741211,10.15999984741211,2369,0.0,0.0,0.0
2024-10-30 10:12:00-04:00,10.164999961853027,10.167499542236328,10.164999961853027,10.167499542236328,1275,0.0,0.0,0.0
2024-10-30 10:13:00-04:00,10.180000305175781,10.180000305175781,10.180000305175781,10.180000305175781,197,0.0,0.0,0.0
2024-10-30 10:14:00-04:00,10.175000190734863,10.180000305175781,10.172100067138672,10.175000190734863,1231,0.0,0.0,0.0
2024-10-30 10:15:00-04:00,10.180000305175781,10.180000305175781,10.177499771118164,10.177499771118164,702,0.0,0.0,0.0
2024-10-30 10:16:00-04:00,10.180000305175781,10.180000305175781,10.175000190734863,10.175000190734863,474,0.0,0.0,0.0
2024-10-30 10:18:00-04:00,10.179699897766113,10.179699897766113,10.179699897766113,10.179699897766113,2078,0.0,0.0,0.0
2024-10-30 10:19:00-04:00,10.177900314331055,10.177900314331055,10.177900314331055,10.177900314331055,269,0.0,0.0,0.0
2024-10-30 10:20:00-04:00,10.180000305175781,10.180000305175781,10.179800033569336,10.179800033569336,1076,0.0,0.0,0.0
2024-10-30 10:21:00-04:00,10.180000305175781,10.180000305175781,10.180000305175781,10.180000305175781,521,0.0,0.0,0.0
2024-10-30 10:23:00-04:00,10.180100440979004,10.180100440979004,10.180100440979004,10.180100440979004,424,0.0,0.0,0.0
2024-10-30 10:24:00-04:00,10.180000305175781,10.180000305175781,10.178799629211426,10.178799629211426,427,0.0,0.0,0.0
2024-10-30 10:25:00-04:00,10.180000305175781,10.180000305175781,10.170000076293945,10.175000190734863,4613,0.0,0.0,0.0
2024-10-30 10:26:00-04:00,10.180000305175781,10.1850004196167,10.180000305175781,10.1850004196167,656,0.0,0.0,0.0
2024-10-30 10:27:00-04:00,10.1850004196167,10.1850004196167,10.1850004196167,10.1850004196167,256,0.0,0.0,0.0
2024-10-30 10:28:00-04:00,10.18631362915039,10.18631362915039,10.18631362915039,10.18631362915039,322,0.0,0.0,0.0
2024-10-30 10:31:00-04:00,10.189200401306152,10.189200401306152,10.183300018310547,10.1850004196167,529,0.0,0.0,0.0
2024-10-30 10:32:00-04:00,10.180100440979004,10.180299758911133,10.180100440979004,10.180299758911133,878,0.0,0.0,0.0
2024-10-30 10:33:00-04:00,10.189200401306152,10.189200401306152,10.1850004196167,10.1850004196167,300,0.0,0.0,0.0
2024-10-30 10:34:00-04:00,10.1850004196167,10.1899995803833,10.1850004196167,10.189900398254395,4117,0.0,0.0,0.0
2024-10-30 10:36:00-04:00,10.180100440979004,10.180100440979004,10.178799629211426,10.178799629211426,792,0.0,0.0,0.0
2024-10-30 10:37:00-04:00,10.180000305175781,10.180000305175781,10.180000305175781,10.180000305175781,461,0.0,0.0,0.0
2024-10-30 10:38:00-04:00,10.179900169372559,10.179900169372559,10.179900169372559,10.179900169372559,330,0.0,0.0,0.0
2024-10-30 10:40:00-04:00,10.180000305175781,10.180000305175781,10.180000305175781,10.180000305175781,2027,0.0,0.0,0.0
2024-10-30 10:42:00-04:00,10.175000190734863,10.175000190734863,10.175000190734863,10.175000190734863,253,0.0,0.0,0.0
2024-10-30 10:43:00-04:00,10.175000190734863,10.175000190734863,10.170499801635742,10.170499801635742,607,0.0,0.0,0.0
2024-10-30 10:45:00-04:00,10.171500205993652,10.171500205993652,10.171500205993652,10.171500205993652,266,0.0,0.0,0.0
2024-10-30 10:46:00-04:00,10.176799774169922,10.176799774169922,10.17123794555664,10.17123794555664,1264,0.0,0.0,0.0
2024-10-30 10:49:00-04:00,10.179900169372559,10.179900169372559,10.179900169372559,10.179900169372559,318,0.0,0.0,0.0
2024-10-30 10:51:00-04:00,10.179900169372559,10.179900169372559,10.170000076293945,10.170000076293945,1252,0.0,0.0,0.0
2024-10-30 10:52:00-04:00,10.15999984741211,10.15999984741211,10.15999984741211,10.15999984741211,320,0.0,0.0,0.0
2024-10-30 10:53:00-04:00,10.170000076293945,10.179900169372559,10.170000076293945,10.179900169372559,264,0.0,0.0,0.0
2024-10-30 10:54:00-04:00,10.170000076293945,10.177900314331055,10.170000076293945,10.177900314331055,1261,0.0,0.0,0.0
2024-10-30 10:56:00-04:00,10.180000305175781,10.1899995803833,10.180000305175781,10.1899995803833,23436,0.0,0.0,0.0
2024-10-30 10:57:00-04:00,10.180000305175781,10.188799858093262,10.180000305175781,10.188799858093262,440,0.0,0.0,0.0
2024-10-30 10:59:00-04:00,10.175000190734863,10.175000190734863,10.164999961853027,10.164999961853027,532,0.0,0.0,0.0
2024-10-30 11:01:00-04:00,10.166500091552734,10.166500091552734,10.166500091552734,10.166500091552734,1114,0.0,0.0,0.0
2024-10-30 11:02:00-04:00,10.172900199890137,10.172900199890137,10.172900199890137,10.172900199890137,1518,0.0,0.0,0.0
2024-10-30 11:03:00-04:00,10.170000076293945,10.170000076293945,10.170000076293945,10.170000076293945,102,0.0,0.0,0.0
2024-10-30 11:04:00-04:00,10.175000190734863,10.175000190734863,10.170000076293945,10.170000076293945,839,0.0,0.0,0.0
2024-10-30 11:05:00-04:00,10.170000076293945,10.170000076293945,10.170000076293945,10.170000076293945,324,0.0,0.0,0.0
2024-10-30 11:08:00-04:00,10.175000190734863,10.175000190734863,10.175000190734863,10.175000190734863,1052,0.0,0.0,0.0
2024-10-30 11:10:00-04:00,10.170000076293945,10.180000305175781,10.170000076293945,10.175000190734863,10407,0.0,0.0,0.0
2024-10-30 11:11:00-04:00,10.170700073242188,10.175000190734863,10.170700073242188,10.175000190734863,624,0.0,0.0,0.0
2024-10-30 11:14:00-04:00,10.170000076293945,10.170000076293945,10.169899940490723,10.169899940490723,201,0.0,0.0,0.0
2024-10-30 11:15:00-04:00,10.164999961853027,10.170000076293945,10.164999961853027,10.170000076293945,1053,0.0,0.0,0.0
2024-10-30 11:16:00-04:00,10.15999984741211,10.15999984741211,10.15999984741211,10.15999984741211,104,0.0,0.0,0.0
2024-10-30 11:18:00-04:00,10.177900314331055,10.177900314331055,10.177900314331055,10.177900314331055,479,0.0,0.0,0.0
2024-10-30 11:19:00-04:00,10.172499656677246,10.180000305175781,10.172499656677246,10.180000305175781,392,0.0,0.0,0.0
2024-10-30 11:20:00-04:00,10.170100212097168,10.175000190734863,10.170100212097168,10.170100212097168,197956,0.0,0.0,0.0
2024-10-30 11:22:00-04:00,10.16670036315918,10.16670036315918,10.16670036315918,10.16670036315918,295,0.0,0.0,0.0
2024-10-30 11:24:00-04:00,10.168399810791016,10.168399810791016,10.168399810791016,10.168399810791016,232,0.0,0.0,0.0
2024-10-30 11:25:00-04:00,10.164999961853027,10.164999961853027,10.164999961853027,10.164999961853027,369,0.0,0.0,0.0
2024-10-30 11:28:00-04:00,10.170000076293945,10.179900169372559,10.169899940490723,10.179900169372559,520,0.0,0.0,0.0
2024-10-30 11:29:00-04:00,10.175000190734863,10.175000190734863,10.175000190734863,10.175000190734863,103,0.0,0.0,0.0
2024-10-30 11:30:00-04:00,10.175000190734863,10.1850004196167,10.175000190734863,10.180000305175781,9295,0.0,0.0,0.0
2024-10-30 11:32:00-04:00,10.180000305175781,10.18019962310791,10.180000305175781,10.18019962310791,273,0.0,0.0,0.0
2024-10-30 11:34:00-04:00,10.172599792480469,10.179900169372559,10.172599792480469,10.179900169372559,1558,0.0,0.0,0.0
2024-10-30 11:36:00-04:00,10.175000190734863,10.175000190734863,10.175000190734863,10.175000190734863,2024,0.0,0.0,0.0
2024-10-30 11:37:00-04:00,10.175000190734863,10.175000190734863,10.175000190734863,10.175000190734863,421,0.0,0.0,0.0
2024-10-30 11:40:00-04:00,10.170100212097168,10.17300033569336,10.170100212097168,10.17300033569336,774,0.0,0.0,0.0
2024-10-30 11:41:00-04:00,10.170100212097168,10.170100212097168,10.170100212097168,10.170100212097168,271,0.0,0.0,0.0
2024-10-30 11:42:00-04:00,10.180000305175781,10.180000305175781,10.180000305175781,10.180000305175781,276,0.0,0.0,0.0
2024-10-30 11:45:00-04:00,10.179900169372559,10.179900169372559,10.179900169372559,10.179900169372559,232,0.0,0.0,0.0
2024-10-30 11:46:00-04:00,10.175000190734863,10.175000190734863,10.175000190734863,10.175000190734863,102,0.0,0.0,0.0
2024-10-30 11:47:00-04:00,10.175000190734863,10.175000190734863,10.170000076293945,10.170000076293945,5392,0.0,0.0,0.0
2024-10-30 11:51:00-04:00,10.164999961853027,10.164999961853027,10.164999961853027,10.164999961853027,1700,0.0,0.0,0.0
2024-10-30 11:52:00-04:00,10.160099983215332,10.160099983215332,10.160099983215332,10.160099983215332,429,0.0,0.0,0.0
2024-10-30 11:53:00-04:00,10.168399810791016,10.168399810791016,10.168399810791016,10.168399810791016,233,0.0,0.0,0.0
2024-10-30 11:54:00-04:00,10.170000076293945,10.170000076293945,10.160699844360352,10.169899940490723,11319,0.0,0.0,0.0
2024-10-30 11:56:00-04:00,10.170000076293945,10.170000076293945,10.160099983215332,10.164999961853027,11934,0.0,0.0,0.0
2024-10-30 11:57:00-04:00,10.170000076293945,10.170000076293945,10.170000076293945,10.170000076293945,210,0.0,0.0,0.0
2024-10-30 11:58:00-04:00,10.170000076293945,10.170000076293945,10.170000076293945,10.170000076293945,693,0.0,0.0,0.0
2024-10-30 12:00:00-04:00,10.164999961853027,10.164999961853027,10.164999961853027,10.164999961853027,137,0.0,0.0,0.0
2024-10-30 12:01:00-04:00,10.164999961853027,10.170000076293945,10.160099983215332,10.164999961853027,14090,0.0,0.0,0.0
2024-10-30 12:02:00-04:00,10.170000076293945,10.170000076293945,10.160099983215332,10.160099983215332,1118,0.0,0.0,0.0
2024-10-30 12:03:00-04:00,10.15999984741211,10.15999984741211,10.154999732971191,10.154999732971191,949,0.0,0.0,0.0
2024-10-30 12:04:00-04:00,10.149999618530273,10.159899711608887,10.149999618530273,10.159899711608887,11510,0.0,0.0,0.0
2024-10-30 12:07:00-04:00,10.154999732971191,10.154999732971191,10.154999732971191,10.154999732971191,338,0.0,0.0,0.0
2024-10-30 12:08:00-04:00,10.154999732971191,10.154999732971191,10.154999732971191,10.154999732971191,577,0.0,0.0,0.0
2024-10-30 12:09:00-04:00,10.150699615478516,10.154999732971191,10.150699615478516,10.154999732971191,2098,0.0,0.0,0.0
2024-10-30 12:11:00-04:00,10.149999618530273,10.149999618530273,10.149999618530273,10.149999618530273,232,0.0,0.0,0.0
2024-10-30 12:12:00-04:00,10.154999732971191,10.154999732971191,10.154999732971191,10.154999732971191,346,0.0,0.0,0.0
2024-10-30 12:14:00-04:00,10.149999618530273,10.150099754333496,10.149999618530273,10.150099754333496,355,0.0,0.0,0.0
2024-10-30 12:15:00-04:00,10.151000022888184,10.151000022888184,10.149999618530273,10.150099754333496,4871,0.0,0.0,0.0
2024-10-30 12:16:00-04:00,10.149999618530273,10.149999618530273,10.140999794006348,10.140999794006348,1258,0.0,0.0,0.0
2024-10-30 12:17:00-04:00,10.150099754333496,10.150099754333496,10.150099754333496,10.150099754333496,285,0.0,0.0,0.0
2024-10-30 12:18:00-04:00,10.159899711608887,10.159899711608887,10.159899711608887,10.159899711608887,154,0.0,0.0,0.0
2024-10-30 12:20:00-04:00,10.145000457763672,10.149900436401367,10.145000457763672,10.149900436401367,10194,0.0,0.0,0.0
2024-10-30 12:21:00-04:00,10.150799751281738,10.150799751281738,10.150799751281738,10.150799751281738,261,0.0,0.0,0.0
2024-10-30 12:22:00-04:00,10.157999992370605,10.159600257873535,10.157999992370605,10.159600257873535,972,0.0,0.0,0.0
2024-10-30 12:23:00-04:00,10.159099578857422,10.159099578857422,10.159099578857422,10.159099578857422,167,0.0,0.0,0.0
2024-10-30 12:27:00-04:00,10.140000343322754,10.140000343322754,10.140000343322754,10.140000343322754,2899,0.0,0.0,0.0
2024-10-30 12:28:00-04:00,10.149499893188477,10.149499893188477,10.149499893188477,10.149499893188477,223,0.0,0.0,0.0
2024-10-30 12:31:00-04:00,10.140000343322754,10.140000343322754,10.140000343322754,10.140000343322754,373,0.0,0.0,0.0
2024-10-30 12:33:00-04:00,10.149900436401367,10.149900436401367,10.149900436401367,10.149900436401367,136,0.0,0.0,0.0
2024-10-30 12:35:00-04:00,10.149700164794922,10.149700164794922,10.149700164794922,10.149700164794922,1039,0.0,0.0,0.0
2024-10-30 12:36:00-04:00,10.149999618530273,10.149999618530273,10.149999618530273,10.149999618530273,781,0.0,0.0,0.0
2024-10-30 12:38:00-04:00,10.149999618530273,10.149999618530273,10.149999618530273,10.149999618530273,570,0.0,0.0,0.0
2024-10-30 12:39:00-04:00,10.15999984741211,10.15999984741211,10.15999984741211,10.15999984741211,132,0.0,0.0,0.0
2024-10-30 12:40:00-04:00,10.15999984741211,10.15999984741211,10.159600257873535,10.159600257873535,518,0.0,0.0,0.0
2024-10-30 12:44:00-04:00,10.154999732971191,10.154999732971191,10.154999732971191,10.154999732971191,113,0.0,0.0,0.0
2024-10-30 12:45:00-04:00,10.154999732971191,10.154999732971191,10.154999732971191,10.154999732971191,491,0.0,0.0,0.0
2024-10-30 12:48:00-04:00,10.156499862670898,10.169899940490723,10.156499862670898,10.164999961853027,7346,0.0,0.0,0.0
2024-10-30 12:54:00-04:00,10.155799865722656,10.157400131225586,10.155799865722656,10.157400131225586,596,0.0,0.0,0.0
2024-10-30 12:56:00-04:00,10.164999961853027,10.170000076293945,10.161700248718262,10.168100357055664,2089,0.0,0.0,0.0
2024-10-30 12:57:00-04:00,10.15999984741211,10.15999984741211,10.159799575805664,10.159899711608887,1043,0.0,0.0,0.0
2024-10-30 12:58:00-04:00,10.159799575805664,10.159799575805664,10.159799575805664,10.159799575805664,503,0.0,0.0,0.0
2024-10-30 12:59:00-04:00,10.149999618530273,10.15999984741211,10.149999618530273,10.149999618530273,905,0.0,0.0,0.0
2024-10-30 13:01:00-04:00,10.155799865722656,10.155799865722656,10.155799865722656,10.155799865722656,167,0.0,0.0,0.0
2024-10-30 13:02:00-04:00,10.15999984741211,10.15999984741211,10.154999732971191,10.154999732971191,619,0.0,0.0,0.0
2024-10-30 13:04:00-04:00,10.154000282287598,10.154000282287598,10.151200294494629,10.151200294494629,548,0.0,0.0,0.0
2024-10-30 13:05:00-04:00,10.154999732971191,10.154999732971191,10.149999618530273,10.149999618530273,1567,0.0,0.0,0.0
2024-10-30 13:06:00-04:00,10.154999732971191,10.154999732971191,10.154999732971191,10.154999732971191,528,0.0,0.0,0.0
2024-10-30 13:07:00-04:00,10.149999618530273,10.149999618530273,10.149999618530273,10.149999618530273,270,0.0,0.0,0.0
2024-10-30 13:09:00-04:00,10.150699615478516,10.150699615478516,10.150699615478516,10.150699615478516,305,0.0,0.0,0.0
2024-10-30 13:10:00-04:00,10.151300430297852,10.151300430297852,10.151300430297852,10.151300430297852,332,0.0,0.0,0.0
2024-10-30 13:12:00-04:00,10.15999984741211,10.15999984741211,10.149999618530273,10.149999618530273,332,0.0,0.0,0.0
2024-10-30 13:13:00-04:00,10.149999618530273,10.149999618530273,10.149999618530273,10.149999618530273,225,0.0,0.0,0.0
2024-10-30 13:14:00-04:00,10.154999732971191,10.154999732971191,10.154999732971191,10.154999732971191,1640,0.0,0.0,0.0
2024-10-30 13:15:00-04:00,10.15999984741211,10.15999984741211,10.15999984741211,10.15999984741211,100,0.0,0.0,0.0
2024-10-30 13:16:00-04:00,10.151399612426758,10.151399612426758,10.151399612426758,10.151399612426758,106,0.0,0.0,0.0
2024-10-30 13:17:00-04:00,10.15880012512207,10.159799575805664,10.15880012512207,10.159700393676758,1344,0.0,0.0,0.0
2024-10-30 13:18:00-04:00,10.149999618530273,10.15999984741211,10.149999618530273,10.15999984741211,345,0.0,0.0,0.0
2024-10-30 13:19:00-04:00,10.159199714660645,10.159199714660645,10.159199714660645,10.159199714660645,231,0.0,0.0,0.0
2024-10-30 13:22:00-04:00,10.159899711608887,10.159899711608887,10.159899711608887,10.159899711608887,429,0.0,0.0,0.0
2024-10-30 13:24:00-04:00,10.149999618530273,10.149999618530273,10.149999618530273,10.149999618530273,112,0.0,0.0,0.0
2024-10-30 13:25:00-04:00,10.150099754333496,10.15999984741211,10.150099754333496,10.15999984741211,306,0.0,0.0,0.0
2024-10-30 13:28:00-04:00,10.150099754333496,10.150099754333496,10.149999618530273,10.149999618530273,13024,0.0,0.0,0.0
2024-10-30 13:30:00-04:00,10.140000343322754,10.140000343322754,10.140000343322754,10.140000343322754,1469,0.0,0.0,0.0
2024-10-30 13:31:00-04:00,10.131199836730957,10.131199836730957,10.131199836730957,10.131199836730957,205,0.0,0.0,0.0
2024-10-30 13:33:00-04:00,10.139900207519531,10.139900207519531,10.139900207519531,10.139900207519531,5073,0.0,0.0,0.0
2024-10-30 13:34:00-04:00,10.119999885559082,10.129199981689453,10.119999885559082,10.129199981689453,483,0.0,0.0,0.0
2024-10-30 13:35:00-04:00,10.129899978637695,10.129899978637695,10.119999885559082,10.119999885559082,2933,0.0,0.0,0.0
2024-10-30 13:38:00-04:00,10.120200157165527,10.120200157165527,10.119999885559082,10.119999885559082,991,0.0,0.0,0.0
2024-10-30 13:39:00-04:00,10.119999885559082,10.119999885559082,10.114999771118164,10.119999885559082,1610,0.0,0.0,0.0
2024-10-30 13:41:00-04:00,10.109700202941895,10.109700202941895,10.109700202941895,10.109700202941895,169,0.0,0.0,0.0
2024-10-30 13:43:00-04:00,10.119999885559082,10.119999885559082,10.119999885559082,10.119999885559082,226,0.0,0.0,0.0
2024-10-30 13:44:00-04:00,10.119999885559082,10.119999885559082,10.119999885559082,10.119999885559082,408,0.0,0.0,0.0
2024-10-30 13:48:00-04:00,10.119999885559082,10.12030029296875,10.119999885559082,10.12030029296875,838,0.0,0.0,0.0
2024-10-30 13:56:00-04:00,10.135000228881836,10.135000228881836,10.135000228881836,10.135000228881836,947,0.0,0.0,0.0
2024-10-30 13:58:00-04:00,10.1358003616333,10.1358003616333,10.1358003616333,10.1358003616333,292,0.0,0.0,0.0
2024-10-30 14:02:00-04:00,10.145000457763672,10.145000457763672,10.140000343322754,10.140000343322754,870,0.0,0.0,0.0
2024-10-30 14:05:00-04:00,10.145000457763672,10.145000457763672,10.145000457763672,10.145000457763672,209,0.0,0.0,0.0
2024-10-30 14:06:00-04:00,10.145000457763672,10.149999618530273,10.145000457763672,10.148300170898438,2212,0.0,0.0,0.0
2024-10-30 14:07:00-04:00,10.159099578857422,10.15999984741211,10.159099578857422,10.159899711608887,2956,0.0,0.0,0.0
2024-10-30 14:08:00-04:00,10.160099983215332,10.160099983215332,10.15999984741211,10.15999984741211,2514,0.0,0.0,0.0
2024-10-30 14:11:00-04:00,10.15999984741211,10.164999961853027,10.15999984741211,10.164999961853027,12243,0.0,0.0,0.0
2024-10-30 14:12:00-04:00,10.15999984741211,10.15999984741211,10.15999984741211,10.15999984741211,338,0.0,0.0,0.0
2024-10-30 14:13:00-04:00,10.160499572753906,10.160499572753906,10.160499572753906,10.160499572753906,652,0.0,0.0,0.0
2024-10-30 14:16:00-04:00,10.168899536132812,10.168899536132812,10.168899536132812,10.168899536132812,253,0.0,0.0,0.0
2024-10-30 14:17:00-04:00,10.164999961853027,10.164999961853027,10.160099983215332,10.164999961853027,1466,0.0,0.0,0.0
2024-10-30 14:18:00-04:00,10.15999984741211,10.15999984741211,10.15999984741211,10.15999984741211,700,0.0,0.0,0.0
2024-10-30 14:20:00-04:00,10.155699729919434,10.155699729919434,10.155699729919434,10.155699729919434,809,0.0,0.0,0.0
2024-10-30 14:23:00-04:00,10.15999984741211,10.15999984741211,10.15999984741211,10.15999984741211,126,0.0,0.0,0.0
2024-10-30 14:24:00-04:00,10.154999732971191,10.154999732971191,10.154999732971191,10.154999732971191,184,0.0,0.0,0.0
2024-10-30 14:25:00-04:00,10.154999732971191,10.154999732971191,10.154999732971191,10.154999732971191,100,0.0,0.0,0.0
2024-10-30 14:26:00-04:00,10.156999588012695,10.156999588012695,10.156999588012695,10.156999588012695,454,0.0,0.0,0.0
2024-10-30 14:27:00-04:00,10.15999984741211,10.15999984741211,10.15999984741211,10.15999984741211,19024,0.0,0.0,0.0
2024-10-30 14:31:00-04:00,10.154999732971191,10.154999732971191,10.154999732971191,10.154999732971191,1018,0.0,0.0,0.0
2024-10-30 14:32:00-04:00,10.159700393676758,10.15999984741211,10.159700393676758,10.15999984741211,877,0.0,0.0,0.0
2024-10-30 14:34:00-04:00,10.159899711608887,10.159899711608887,10.159899711608887,10.159899711608887,375,0.0,0.0,0.0
2024-10-30 14:37:00-04:00,10.154999732971191,10.154999732971191,10.154999732971191,10.154999732971191,170,0.0,0.0,0.0
2024-10-30 14:39:00-04:00,10.149999618530273,10.150099754333496,10.149999618530273,10.150099754333496,600,0.0,0.0,0.0
2024-10-30 14:40:00-04:00,10.154999732971191,10.154999732971191,10.154999732971191,10.154999732971191,259,0.0,0.0,0.0
2024-10-30 14:41:00-04:00,10.156800270080566,10.156800270080566,10.149999618530273,10.149999618530273,700,0.0,0.0,0.0
2024-10-30 14:43:00-04:00,10.149999618530273,10.149999618530273,10.140000343322754,10.140000343322754,2821,0.0,0.0,0.0
2024-10-30 14:44:00-04:00,10.145000457763672,10.145000457763672,10.145000457763672,10.145000457763672,2112,0.0,0.0,0.0
2024-10-30 14:47:00-04:00,10.145000457763672,10.145000457763672,10.145000457763672,10.145000457763672,121,0.0,0.0,0.0
2024-10-30 14:48:00-04:00,10.140000343322754,10.140000343322754,10.140000343322754,10.140000343322754,1804,0.0,0.0,0.0
2024-10-30 14:49:00-04:00,10.146400451660156,10.146400451660156,10.146400451660156,10.146400451660156,600,0.0,0.0,0.0
2024-10-30 14:51:00-04:00,10.149900436401367,10.149900436401367,10.149900436401367,10.149900436401367,157,0.0,0.0,0.0
2024-10-30 14:52:00-04:00,10.149900436401367,10.149900436401367,10.149900436401367,10.149900436401367,115,0.0,0.0,0.0
2024-10-30 14:53:00-04:00,10.149800300598145,10.149999618530273,10.149800300598145,10.149999618530273,1192,0.0,0.0,0.0
2024-10-30 14:54:00-04:00,10.145000457763672,10.145000457763672,10.145000457763672,10.145000457763672,302,0.0,0.0,0.0
2024-10-30 14:55:00-04:00,10.149100303649902,10.149999618530273,10.149100303649902,10.149999618530273,894,0.0,0.0,0.0
2024-10-30 14:56:00-04:00,10.149999618530273,10.149999618530273,10.149999618530273,10.149999618530273,692,0.0,0.0,0.0
2024-10-30 14:57:00-04:00,10.149999618530273,10.149999618530273,10.149999618530273,10.149999618530273,329,0.0,0.0,0.0
2024-10-30 14:59:00-04:00,10.145000457763672,10.145000457763672,10.145000457763672,10.145000457763672,737,0.0,0.0,0.0
2024-10-30 15:02:00-04:00,10.140000343322754,10.140000343322754,10.135000228881836,10.140000343322754,1968,0.0,0.0,0.0
2024-10-30 15:05:00-04:00,10.125,10.125,10.125,10.125,249,0.0,0.0,0.0
2024-10-30 15:07:00-04:00,10.125,10.125,10.120100021362305,10.120100021362305,18617,0.0,0.0,0.0
2024-10-30 15:13:00-04:00,10.139300346374512,10.139300346374512,10.135000228881836,10.135000228881836,580,0.0,0.0,0.0
2024-10-30 15:14:00-04:00,10.130000114440918,10.139699935913086,10.130000114440918,10.139699935913086,214,0.0,0.0,0.0
2024-10-30 15:15:00-04:00,10.140000343322754,10.145099639892578,10.140000343322754,10.145099639892578,490,0.0,0.0,0.0
2024-10-30 15:18:00-04:00,10.139599800109863,10.139599800109863,10.139599800109863,10.139599800109863,1064,0.0,0.0,0.0
2024-10-30 15:19:00-04:00,10.135000228881836,10.138699531555176,10.119999885559082,10.119999885559082,7659,0.0,0.0,0.0
2024-10-30 15:22:00-04:00,10.119999885559082,10.125900268554688,10.119999885559082,10.125900268554688,2270,0.0,0.0,0.0
2024-10-30 15:24:00-04:00,10.125,10.125,10.125,10.125,102,0.0,0.0,0.0
2024-10-30 15:25:00-04:00,10.129199981689453,10.129199981689453,10.129199981689453,10.129199981689453,988,0.0,0.0,0.0
2024-10-30 15:26:00-04:00,10.119999885559082,10.128800392150879,10.119999885559082,10.128800392150879,673,0.0,0.0,0.0
2024-10-30 15:27:00-04:00,10.128999710083008,10.128999710083008,10.128999710083008,10.128999710083008,218,0.0,0.0,0.0
2024-10-30 15:29:00-04:00,10.12720012664795,10.12720012664795,10.12720012664795,10.12720012664795,513,0.0,0.0,0.0
2024-10-30 15:30:00-04:00,10.125,10.125,10.125,10.125,382,0.0,0.0,0.0
2024-10-30 15:31:00-04:00,10.119999885559082,10.119999885559082,10.119999885559082,10.119999885559082,330,0.0,0.0,0.0
2024-10-30 15:32:00-04:00,10.125,10.125,10.125,10.125,620,0.0,0.0,0.0
2024-10-30 15:34:00-04:00,10.128999710083008,10.128999710083008,10.119999885559082,10.119999885559082,6829,0.0,0.0,0.0
2024-10-30 15:35:00-04:00,10.119099617004395,10.119099617004395,10.100000381469727,10.100000381469727,4481,0.0,0.0,0.0
2024-10-30 15:36:00-04:00,10.104999542236328,10.104999542236328,10.104999542236328,10.104999542236328,854,0.0,0.0,0.0
2024-10-30 15:37:00-04:00,10.104999542236328,10.10890007019043,10.104999542236328,10.10890007019043,1734,0.0,0.0,0.0
2024-10-30 15:40:00-04:00,10.114999771118164,10.114999771118164,10.114999771118164,10.114999771118164,137,0.0,0.0,0.0
2024-10-30 15:41:00-04:00,10.119999885559082,10.119999885559082,10.1181001663208,10.1181001663208,1034,0.0,0.0,0.0
2024-10-30 15:42:00-04:00,10.114999771118164,10.114999771118164,10.114999771118164,10.114999771118164,974,0.0,0.0,0.0
2024-10-30 15:43:00-04:00,10.11929988861084,10.11929988861084,10.11929988861084,10.11929988861084,1599,0.0,0.0,0.0
2024-10-30 15:45:00-04:00,10.109999656677246,10.109999656677246,10.109999656677246,10.109999656677246,515,0.0,0.0,0.0
2024-10-30 15:46:00-04:00,10.114999771118164,10.114999771118164,10.114999771118164,10.114999771118164,500,0.0,0.0,0.0
2024-10-30 15:49:00-04:00,10.114999771118164,10.119999885559082,10.114999771118164,10.119999885559082,549,0.0,0.0,0.0
2024-10-30 15:51:00-04:00,10.119999885559082,10.125,10.119999885559082,10.125,774,0.0,0.0,0.0
2024-10-30 15:53:00-04:00,10.119999885559082,10.129899978637695,10.119999885559082,10.129899978637695,398,0.0,0.0,0.0
2024-10-30 15:54:00-04:00,10.119999885559082,10.119999885559082,10.119999885559082,10.119999885559082,183,0.0,0.0,0.0
2024-10-30 15:55:00-04:00,10.114999771118164,10.119000434875488,10.109999656677246,10.109999656677246,3827,0.0,0.0,0.0
2024-10-30 15:56:00-04:00,10.109399795532227,10.109999656677246,10.109399795532227,10.109999656677246,1192,0.0,0.0,0.0
2024-10-30 15:58:00-04:00,10.104999542236328,10.109999656677246,10.104999542236328,10.109999656677246,703,0.0,0.0,0.0
2024-10-30 15:59:00-04:00,10.109999656677246,10.119999885559082,10.100000381469727,10.119999885559082,10598,0.0,0.0,0.0
2024-10-31 09:30:00-04:00,10.109999656677246,10.114999771118164,10.109999656677246,10.109999656677246,20912,0.0,0.0,0.0
2024-10-31 09:31:00-04:00,10.114999771118164,10.114999771118164,10.114999771118164,10.114999771118164,400,0.0,0.0,0.0
2024-10-31 09:32:00-04:00,10.079899787902832,10.079899787902832,10.079899787902832,10.079899787902832,7043,0.0,0.0,0.0
2024-10-31 09:33:00-04:00,10.062299728393555,10.0649995803833,10.050000190734863,10.050000190734863,5520,0.0,0.0,0.0
2024-10-31 09:34:00-04:00,10.050000190734863,10.05150032043457,10.050000190734863,10.050000190734863,1464,0.0,0.0,0.0
2024-10-31 09:35:00-04:00,10.079999923706055,10.079999923706055,10.079299926757812,10.079299926757812,1195,0.0,0.0,0.0
2024-10-31 09:38:00-04:00,10.069999694824219,10.069999694824219,10.062000274658203,10.0649995803833,21677,0.0,0.0,0.0
2024-10-31 09:39:00-04:00,10.0625,10.079899787902832,10.0625,10.079899787902832,6717,0.0,0.0,0.0
2024-10-31 09:40:00-04:00,10.060099601745605,10.060099601745605,10.060099601745605,10.060099601745605,582,0.0,0.0,0.0
2024-10-31 09:42:00-04:00,10.060700416564941,10.069999694824219,10.060700416564941,10.062399864196777,973,0.0,0.0,0.0
2024-10-31 09:43:00-04:00,10.079999923706055,10.079999923706055,10.069999694824219,10.069999694824219,1383,0.0,0.0,0.0
2024-10-31 09:44:00-04:00,10.079999923706055,10.079999923706055,10.079999923706055,10.079999923706055,2694,0.0,0.0,0.0
2024-10-31 09:45:00-04:00,10.069999694824219,10.07800006866455,10.0600004196167,10.0600004196167,1485,0.0,0.0,0.0
2024-10-31 09:46:00-04:00,10.0600004196167,10.069999694824219,10.050000190734863,10.050000190734863,11840,0.0,0.0,0.0
2024-10-31 09:47:00-04:00,10.041199684143066,10.050000190734863,10.029999732971191,10.039999961853027,22697,0.0,0.0,0.0
2024-10-31 09:48:00-04:00,10.020000457763672,10.020000457763672,10.000100135803223,10.000100135803223,1318,0.0,0.0,0.0
2024-10-31 09:49:00-04:00,10.0,10.000100135803223,9.979999542236328,9.979999542236328,14516,0.0,0.0,0.0
2024-10-31 09:50:00-04:00,9.979999542236328,9.98009967803955,9.979999542236328,9.979999542236328,2304,0.0,0.0,0.0
2024-10-31 09:51:00-04:00,9.984999656677246,9.989999771118164,9.979999542236328,9.979999542236328,880,0.0,0.0,0.0
2024-10-31 09:52:00-04:00,9.981200218200684,9.981200218200684,9.960000038146973,9.960000038146973,3388,0.0,0.0,0.0
2024-10-31 09:53:00-04:00,9.970000267028809,9.989500045776367,9.960000038146973,9.970000267028809,6964,0.0,0.0,0.0
2024-10-31 09:54:00-04:00,9.983099937438965,9.990099906921387,9.979999542236328,9.979999542236328,3510,0.0,0.0,0.0
2024-10-31 09:55:00-04:00,9.979999542236328,9.979999542236328,9.979999542236328,9.979999542236328,442,0.0,0.0,0.0
2024-10-31 09:56:00-04:00,9.979999542236328,9.979999542236328,9.979999542236328,9.979999542236328,1455,0.0,0.0,0.0
2024-10-31 09:57:00-04:00,9.984999656677246,9.984999656677246,9.979999542236328,9.979999542236328,928,0.0,0.0,0.0
2024-10-31 09:58:00-04:00,9.970000267028809,9.979999542236328,9.966500282287598,9.971199989318848,3064,0.0,0.0,0.0
2024-10-31 09:59:00-04:00,9.975000381469727,9.988800048828125,9.97089958190918,9.979900360107422,4949,0.0,0.0,0.0
2024-10-31 10:00:00-04:00,9.973396301269531,9.979000091552734,9.961600303649902,9.96500015258789,6135,0.0,0.0,0.0
2024-10-31 10:01:00-04:00,9.963500022888184,9.969900131225586,9.963500022888184,9.969900131225586,1365,0.0,0.0,0.0
2024-10-31 10:02:00-04:00,9.970000267028809,9.970000267028809,9.96500015258789,9.96500015258789,550,0.0,0.0,0.0
2024-10-31 10:03:00-04:00,9.965999603271484,9.965999603271484,9.96500015258789,9.96500015258789,561,0.0,0.0,0.0
2024-10-31 10:04:00-04:00,9.96500015258789,9.96500015258789,9.954999923706055,9.960000038146973,5427,0.0,0.0,0.0
2024-10-31 10:05:00-04:00,9.960000038146973,9.960000038146973,9.960000038146973,9.960000038146973,392,0.0,0.0,0.0
2024-10-31 10:06:00-04:00,9.960000038146973,9.96030044555664,9.960000038146973,9.960000038146973,2399,0.0,0.0,0.0
2024-10-31 10:07:00-04:00,9.960000038146973,9.970000267028809,9.960000038146973,9.970000267028809,2001,0.0,0.0,0.0
2024-10-31 10:08:00-04:00,9.96500015258789,9.989999771118164,9.960000038146973,9.989999771118164,4877,0.0,0.0,0.0
2024-10-31 10:09:00-04:00,9.984999656677246,9.989899635314941,9.979999542236328,9.989899635314941,1218,0.0,0.0,0.0
2024-10-31 10:10:00-04:00,9.999300003051758,10.0,9.999300003051758,10.0,176934,0.0,0.0,0.0
2024-10-31 10:11:00-04:00,10.0,10.0,9.98799991607666,9.98799991607666,634,0.0,0.0,0.0
2024-10-31 10:12:00-04:00,9.989999771118164,9.989999771118164,9.979999542236328,9.979999542236328,1937,0.0,0.0,0.0
2024-10-31 10:13:00-04:00,9.989899635314941,9.989899635314941,9.98009967803955,9.98009967803955,568,0.0,0.0,0.0
2024-10-31 10:14:00-04:00,9.984999656677246,9.989899635314941,9.979999542236328,9.979999542236328,1178,0.0,0.0,0.0
2024-10-31 10:16:00-04:00,10.0,10.01039981842041,10.0,10.010000228881836,981,0.0,0.0,0.0
2024-10-31 10:18:00-04:00,10.03499984741211,10.039999961853027,10.03499984741211,10.03499984741211,3284,0.0,0.0,0.0
2024-10-31 10:19:00-04:00,10.039999961853027,10.042799949645996,10.039999961853027,10.042799949645996,552,0.0,0.0,0.0
2024-10-31 10:20:00-04:00,10.029899597167969,10.039999961853027,10.027899742126465,10.039999961853027,5269,0.0,0.0,0.0
2024-10-31 10:21:00-04:00,10.029999732971191,10.050000190734863,10.029999732971191,10.050000190734863,14225,0.0,0.0,0.0
2024-10-31 10:22:00-04:00,10.050000190734863,10.050000190734863,10.050000190734863,10.050000190734863,1935,0.0,0.0,0.0
2024-10-31 10:23:00-04:00,10.049799919128418,10.050000190734863,10.049799919128418,10.050000190734863,1206,0.0,0.0,0.0
2024-10-31 10:25:00-04:00,10.039999961853027,10.039999961853027,10.029999732971191,10.029999732971191,427,0.0,0.0,0.0
2024-10-31 10:26:00-04:00,10.02970027923584,10.029999732971191,10.024999618530273,10.024999618530273,943,0.0,0.0,0.0
2024-10-31 10:27:00-04:00,10.0201997756958,10.0201997756958,10.010299682617188,10.010299682617188,2749,0.0,0.0,0.0
2024-10-31 10:28:00-04:00,10.010000228881836,10.010000228881836,10.0,10.0,1965,0.0,0.0,0.0
2024-10-31 10:29:00-04:00,10.0024995803833,10.010000228881836,10.0024995803833,10.005000114440918,586,0.0,0.0,0.0
2024-10-31 10:30:00-04:00,10.009699821472168,10.009699821472168,10.0,10.0,850,0.0,0.0,0.0
2024-10-31 10:31:00-04:00,10.0,10.0,10.0,10.0,114,0.0,0.0,0.0
2024-10-31 10:32:00-04:00,10.011199951171875,10.011199951171875,10.011199951171875,10.011199951171875,559,0.0,0.0,0.0
2024-10-31 10:33:00-04:00,10.010000228881836,10.010000228881836,10.00979995727539,10.00979995727539,1373,0.0,0.0,0.0
2024-10-31 10:34:00-04:00,10.005000114440918,10.010000228881836,10.005000114440918,10.010000228881836,6528,0.0,0.0,0.0
2024-10-31 10:35:00-04:00,10.008299827575684,10.010000228881836,10.001999855041504,10.001999855041504,721,0.0,0.0,0.0
2024-10-31 10:36:00-04:00,10.005000114440918,10.010000228881836,10.005000114440918,10.009599685668945,1435,0.0,0.0,0.0
2024-10-31 10:37:00-04:00,10.010000228881836,10.010000228881836,10.010000228881836,10.010000228881836,1325,0.0,0.0,0.0
2024-10-31 10:38:00-04:00,10.0,10.005000114440918,10.0,10.0,2316,0.0,0.0,0.0
2024-10-31 10:39:00-04:00,10.0,10.0,10.0,10.0,1326,0.0,0.0,0.0
2024-10-31 10:40:00-04:00,10.0,10.0,9.991999626159668,9.991999626159668,549,0.0,0.0,0.0
2024-10-31 10:41:00-04:00,9.989999771118164,9.989999771118164,9.989999771118164,9.989999771118164,1139,0.0,0.0,0.0
2024-10-31 10:42:00-04:00,9.989999771118164,9.989999771118164,9.984999656677246,9.984999656677246,2388,0.0,0.0,0.0
2024-10-31 10:43:00-04:00,9.989800453186035,9.989800453186035,9.979999542236328,9.979999542236328,2153,0.0,0.0,0.0
2024-10-31 10:44:00-04:00,9.984999656677246,9.984999656677246,9.979999542236328,9.980500221252441,1229,0.0,0.0,0.0
2024-10-31 10:45:00-04:00,9.979999542236328,9.979999542236328,9.979700088500977,9.979700088500977,3474,0.0,0.0,0.0
2024-10-31 10:46:00-04:00,9.970100402832031,9.979299545288086,9.96500015258789,9.96500015258789,2404,0.0,0.0,0.0
2024-10-31 10:47:00-04:00,9.960000038146973,9.968199729919434,9.960000038146973,9.960000038146973,735,0.0,0.0,0.0
2024-10-31 10:48:00-04:00,9.96780014038086,9.96780014038086,9.954999923706055,9.96780014038086,2829,0.0,0.0,0.0
2024-10-31 10:49:00-04:00,9.960000038146973,9.960000038146973,9.9350004196167,9.9350004196167,56260,0.0,0.0,0.0
2024-10-31 10:50:00-04:00,9.9399995803833,9.9399995803833,9.935600280761719,9.935600280761719,6729,0.0,0.0,0.0
2024-10-31 10:52:00-04:00,9.931099891662598,9.931099891662598,9.931099891662598,9.931099891662598,1055,0.0,0.0,0.0
2024-10-31 10:53:00-04:00,9.937899589538574,9.937899589538574,9.937899589538574,9.937899589538574,208,0.0,0.0,0.0
2024-10-31 10:54:00-04:00,9.930000305175781,9.930000305175781,9.930000305175781,9.930000305175781,295,0.0,0.0,0.0
2024-10-31 10:55:00-04:00,9.9399995803833,9.9399995803833,9.920700073242188,9.920700073242188,3656,0.0,0.0,0.0
2024-10-31 10:56:00-04:00,9.930000305175781,9.93809986114502,9.920000076293945,9.93809986114502,2669,0.0,0.0,0.0
2024-10-31 10:57:00-04:00,9.92020034790039,9.930000305175781,9.92020034790039,9.92020034790039,6670,0.0,0.0,0.0
2024-10-31 10:58:00-04:00,9.920000076293945,9.920000076293945,9.920000076293945,9.920000076293945,15267,0.0,0.0,0.0
2024-10-31 10:59:00-04:00,9.920000076293945,9.925000190734863,9.920000076293945,9.920000076293945,14813,0.0,0.0,0.0
2024-10-31 11:00:00-04:00,9.925000190734863,9.925000190734863,9.920000076293945,9.920000076293945,436,0.0,0.0,0.0
2024-10-31 11:01:00-04:00,9.920000076293945,9.920000076293945,9.90999984741211,9.90999984741211,2435,0.0,0.0,0.0
2024-10-31 11:02:00-04:00,9.914999961853027,9.920000076293945,9.90999984741211,9.90999984741211,10457,0.0,0.0,0.0
2024-10-31 11:03:00-04:00,9.90999984741211,9.919899940490723,9.90999984741211,9.919899940490723,602,0.0,0.0,0.0
2024-10-31 11:04:00-04:00,9.90999984741211,9.90999984741211,9.90999984741211,9.90999984741211,2384,0.0,0.0,0.0
2024-10-31 11:05:00-04:00,9.899999618530273,9.904999732971191,9.899999618530273,9.904999732971191,2268,0.0,0.0,0.0
2024-10-31 11:06:00-04:00,9.899999618530273,9.90999984741211,9.899999618530273,9.909799575805664,8982,0.0,0.0,0.0
2024-10-31 11:07:00-04:00,9.909899711608887,9.925000190734863,9.909899711608887,9.920000076293945,2896,0.0,0.0,0.0
2024-10-31 11:08:00-04:00,9.930000305175781,9.930000305175781,9.920000076293945,9.920000076293945,2110,0.0,0.0,0.0
2024-10-31 11:09:00-04:00,9.920000076293945,9.930000305175781,9.920000076293945,9.925000190734863,4414,0.0,0.0,0.0
2024-10-31 11:10:00-04:00,9.920700073242188,9.920700073242188,9.90999984741211,9.910099983215332,1552,0.0,0.0,0.0
2024-10-31 11:11:00-04:00,9.918700218200684,9.918700218200684,9.90999984741211,9.90999984741211,1859,0.0,0.0,0.0
2024-10-31 11:12:00-04:00,9.905312538146973,9.90999984741211,9.904999732971191,9.90999984741211,3453,0.0,0.0,0.0
2024-10-31 11:13:00-04:00,9.904999732971191,9.904999732971191,9.904999732971191,9.904999732971191,4081,0.0,0.0,0.0
2024-10-31 11:14:00-04:00,9.90999984741211,9.90999984741211,9.899999618530273,9.899999618530273,12857,0.0,0.0,0.0
2024-10-31 11:15:00-04:00,9.89009952545166,9.890299797058105,9.89009952545166,9.890299797058105,615,0.0,0.0,0.0
2024-10-31 11:16:00-04:00,9.89009952545166,9.899900436401367,9.89009952545166,9.895000457763672,502,0.0,0.0,0.0
2024-10-31 11:17:00-04:00,9.89840030670166,9.89840030670166,9.89840030670166,9.89840030670166,260,0.0,0.0,0.0
2024-10-31 11:18:00-04:00,9.899999618530273,9.904999732971191,9.899999618530273,9.904999732971191,793,0.0,0.0,0.0
2024-10-31 11:19:00-04:00,9.904999732971191,9.909899711608887,9.904999732971191,9.909899711608887,448,0.0,0.0,0.0
2024-10-31 11:20:00-04:00,9.920000076293945,9.920000076293945,9.920000076293945,9.920000076293945,207,0.0,0.0,0.0
2024-10-31 11:21:00-04:00,9.920000076293945,9.920000076293945,9.920000076293945,9.920000076293945,466,0.0,0.0,0.0
2024-10-31 11:22:00-04:00,9.925000190734863,9.925000190734863,9.920100212097168,9.920100212097168,469,0.0,0.0,0.0
2024-10-31 11:23:00-04:00,9.930700302124023,9.9350004196167,9.930700302124023,9.9350004196167,359,0.0,0.0,0.0
2024-10-31 11:24:00-04:00,9.939800262451172,9.939800262451172,9.930000305175781,9.930000305175781,769,0.0,0.0,0.0
2024-10-31 11:25:00-04:00,9.9350004196167,9.9350004196167,9.920700073242188,9.925000190734863,4966,0.0,0.0,0.0
2024-10-31 11:26:00-04:00,9.929200172424316,9.930000305175781,9.929200172424316,9.930000305175781,1926,0.0,0.0,0.0
2024-10-31 11:27:00-04:00,9.928000450134277,9.928000450134277,9.925000190734863,9.925000190734863,660,0.0,0.0,0.0
2024-10-31 11:28:00-04:00,9.930000305175781,9.930000305175781,9.929699897766113,9.929699897766113,1667,0.0,0.0,0.0
2024-10-31 11:29:00-04:00,9.930000305175781,9.930000305175781,9.930000305175781,9.930000305175781,669,0.0,0.0,0.0
2024-10-31 11:30:00-04:00,9.93809986114502,9.93809986114502,9.928799629211426,9.928799629211426,6473,0.0,0.0,0.0
2024-10-31 11:31:00-04:00,9.920700073242188,9.920700073242188,9.920700073242188,9.920700073242188,272,0.0,0.0,0.0
2024-10-31 11:32:00-04:00,9.925000190734863,9.925000190734863,9.925000190734863,9.925000190734863,136,0.0,0.0,0.0
2024-10-31 11:33:00-04:00,9.929900169372559,9.929900169372559,9.920499801635742,9.920499801635742,1274,0.0,0.0,0.0
2024-10-31 11:35:00-04:00,9.920000076293945,9.920000076293945,9.920000076293945,9.920000076293945,124,0.0,0.0,0.0
2024-10-31 11:36:00-04:00,9.930000305175781,9.930000305175781,9.930000305175781,9.930000305175781,390,0.0,0.0,0.0
2024-10-31 11:38:00-04:00,9.930000305175781,9.931099891662598,9.930000305175781,9.930000305175781,510,0.0,0.0,0.0
2024-10-31 11:39:00-04:00,9.929900169372559,9.929900169372559,9.928199768066406,9.928199768066406,1182,0.0,0.0,0.0
2024-10-31 11:40:00-04:00,9.925000190734863,9.930000305175781,9.925000190734863,9.930000305175781,71508,0.0,0.0,0.0
2024-10-31 11:41:00-04:00,9.920000076293945,9.920000076293945,9.920000076293945,9.920000076293945,178,0.0,0.0,0.0
2024-10-31 11:42:00-04:00,9.930000305175781,9.930000305175781,9.920000076293945,9.927900314331055,7542,0.0,0.0,0.0
2024-10-31 11:43:00-04:00,9.930000305175781,9.930000305175781,9.920000076293945,9.930000305175781,971,0.0,0.0,0.0
2024-10-31 11:44:00-04:00,9.930000305175781,9.930999755859375,9.929900169372559,9.930999755859375,5606,0.0,0.0,0.0
2024-10-31 11:45:00-04:00,9.937800407409668,9.937899589538574,9.937800407409668,9.937800407409668,757,0.0,0.0,0.0
2024-10-31 11:46:00-04:00,9.930000305175781,9.930000305175781,9.925000190734863,9.930000305175781,3716,0.0,0.0,0.0
2024-10-31 11:48:00-04:00,9.920100212097168,9.920100212097168,9.920000076293945,9.920000076293945,444,0.0,0.0,0.0
2024-10-31 11:49:00-04:00,9.925000190734863,9.925000190734863,9.925000190734863,9.925000190734863,1350,0.0,0.0,0.0
2024-10-31 11:50:00-04:00,9.920000076293945,9.920000076293945,9.920000076293945,9.920000076293945,1861,0.0,0.0,0.0
2024-10-31 11:51:00-04:00,9.914999961853027,9.920000076293945,9.90999984741211,9.90999984741211,2295,0.0,0.0,0.0
2024-10-31 11:52:00-04:00,9.90999984741211,9.90999984741211,9.905099868774414,9.905099868774414,4293,0.0,0.0,0.0
2024-10-31 11:53:00-04:00,9.904999732971191,9.904999732971191,9.904999732971191,9.904999732971191,115,0.0,0.0,0.0
2024-10-31 11:54:00-04:00,9.904999732971191,9.904999732971191,9.904999732971191,9.904999732971191,1606,0.0,0.0,0.0
2024-10-31 11:56:00-04:00,9.90999984741211,9.90999984741211,9.90999984741211,9.90999984741211,4548,0.0,0.0,0.0
2024-10-31 11:57:00-04:00,9.90999984741211,9.90999984741211,9.90999984741211,9.90999984741211,4510,0.0,0.0,0.0
2024-10-31 11:58:00-04:00,9.920000076293945,9.920000076293945,9.920000076293945,9.920000076293945,416,0.0,0.0,0.0
2024-10-31 11:59:00-04:00,9.920000076293945,9.920000076293945,9.920000076293945,9.920000076293945,2514,0.0,0.0,0.0
2024-10-31 12:01:00-04:00,9.920000076293945,9.928299903869629,9.920000076293945,9.928299903869629,11331,0.0,0.0,0.0
2024-10-31 12:03:00-04:00,9.920000076293945,9.920000076293945,9.920000076293945,9.920000076293945,1843,0.0,0.0,0.0
2024-10-31 12:04:00-04:00,9.920000076293945,9.930000305175781,9.920000076293945,9.930000305175781,874,0.0,0.0,0.0
2024-10-31 12:05:00-04:00,9.929900169372559,9.930000305175781,9.925000190734863,9.930000305175781,2408,0.0,0.0,0.0
2024-10-31 12:06:00-04:00,9.930000305175781,9.930000305175781,9.930000305175781,9.930000305175781,224,0.0,0.0,0.0
2024-10-31 12:08:00-04:00,9.930000305175781,9.930000305175781,9.930000305175781,9.930000305175781,228,0.0,0.0,0.0
2024-10-31 12:12:00-04:00,9.9399995803833,9.9399995803833,9.9399995803833,9.9399995803833,6526,0.0,0.0,0.0
2024-10-31 12:13:00-04:00,9.949000358581543,9.949000358581543,9.947699546813965,9.947699546813965,301,0.0,0.0,0.0
2024-10-31 12:14:00-04:00,9.949999809265137,9.949999809265137,9.949700355529785,9.949700355529785,1051,0.0,0.0,0.0
2024-10-31 12:15:00-04:00,9.9399995803833,9.9399995803833,9.9399995803833,9.9399995803833,294,0.0,0.0,0.0
2024-10-31 12:16:00-04:00,9.9399995803833,9.944999694824219,9.9399995803833,9.941200256347656,3004,0.0,0.0,0.0
2024-10-31 12:17:00-04:00,9.9399995803833,9.958100318908691,9.9399995803833,9.949999809265137,3206,0.0,0.0,0.0
2024-10-31 12:18:00-04:00,9.954999923706055,9.954999923706055,9.954999923706055,9.954999923706055,288,0.0,0.0,0.0
2024-10-31 12:19:00-04:00,9.954999923706055,9.954999923706055,9.954999923706055,9.954999923706055,1870,0.0,0.0,0.0
2024-10-31 12:20:00-04:00,9.949999809265137,9.949999809265137,9.949999809265137,9.949999809265137,317,0.0,0.0,0.0
2024-10-31 12:21:00-04:00,9.954999923706055,9.954999923706055,9.954999923706055,9.954999923706055,345,0.0,0.0,0.0
2024-10-31 12:22:00-04:00,9.954999923706055,9.95989990234375,9.952400207519531,9.952400207519531,1525,0.0,0.0,0.0
2024-10-31 12:23:00-04:00,9.957799911499023,9.957799911499023,9.956910133361816,9.956910133361816,723,0.0,0.0,0.0
2024-10-31 12:24:00-04:00,9.949999809265137,9.949999809265137,9.94789981842041,9.94789981842041,916,0.0,0.0,0.0
2024-10-31 12:25:00-04:00,9.9399995803833,9.9399995803833,9.9399995803833,9.9399995803833,219,0.0,0.0,0.0
2024-10-31 12:27:00-04:00,9.9399995803833,9.942700386047363,9.9399995803833,9.942700386047363,2104,0.0,0.0,0.0
2024-10-31 12:29:00-04:00,9.949999809265137,9.949999809265137,9.946000099182129,9.946000099182129,531,0.0,0.0,0.0
2024-10-31 12:30:00-04:00,9.940699577331543,9.940699577331543,9.940699577331543,9.940699577331543,218,0.0,0.0,0.0
2024-10-31 12:31:00-04:00,9.949899673461914,9.949899673461914,9.9399995803833,9.9399995803833,220,0.0,0.0,0.0
2024-10-31 12:32:00-04:00,9.944999694824219,9.944999694824219,9.9399995803833,9.944999694824219,604,0.0,0.0,0.0
2024-10-31 12:34:00-04:00,9.944999694824219,9.944999694824219,9.944999694824219,9.944999694824219,731,0.0,0.0,0.0
2024-10-31 12:35:00-04:00,9.9399995803833,9.9399995803833,9.9350004196167,9.9350004196167,2925,0.0,0.0,0.0
2024-10-31 12:36:00-04:00,9.938799858093262,9.9399995803833,9.9350004196167,9.9399995803833,703,0.0,0.0,0.0
2024-10-31 12:37:00-04:00,9.9399995803833,9.9399995803833,9.939900398254395,9.939900398254395,701,0.0,0.0,0.0
2024-10-31 12:38:00-04:00,9.9399995803833,9.947799682617188,9.939900398254395,9.947799682617188,906,0.0,0.0,0.0
2024-10-31 12:39:00-04:00,9.944999694824219,9.944999694824219,9.944999694824219,9.944999694824219,520,0.0,0.0,0.0
2024-10-31 12:40:00-04:00,9.941300392150879,9.944999694824219,9.941300392150879,9.944999694824219,518,0.0,0.0,0.0
2024-10-31 12:41:00-04:00,9.940099716186523,9.944999694824219,9.940099716186523,9.944999694824219,2298,0.0,0.0,0.0
2024-10-31 12:42:00-04:00,9.944999694824219,9.944999694824219,9.944999694824219,9.944999694824219,4074,0.0,0.0,0.0
2024-10-31 12:43:00-04:00,9.949999809265137,9.949999809265137,9.944999694824219,9.944999694824219,1418,0.0,0.0,0.0
2024-10-31 12:44:00-04:00,9.949999809265137,9.949999809265137,9.949999809265137,9.949999809265137,1685,0.0,0.0,0.0
2024-10-31 12:45:00-04:00,9.949999809265137,9.949999809265137,9.949899673461914,9.949899673461914,311,0.0,0.0,0.0
2024-10-31 12:46:00-04:00,9.948800086975098,9.949999809265137,9.948800086975098,9.949999809265137,614,0.0,0.0,0.0
2024-10-31 12:48:00-04:00,9.948100090026855,9.948100090026855,9.948100090026855,9.948100090026855,2876,0.0,0.0,0.0
2024-10-31 12:50:00-04:00,9.945300102233887,9.949999809265137,9.940699577331543,9.949999809265137,4661,0.0,0.0,0.0
2024-10-31 12:51:00-04:00,9.9399995803833,9.9399995803833,9.9399995803833,9.9399995803833,161,0.0,0.0,0.0
2024-10-31 12:53:00-04:00,9.949999809265137,9.949999809265137,9.949999809265137,9.949999809265137,102,0.0,0.0,0.0
2024-10-31 12:54:00-04:00,9.949999809265137,9.949999809265137,9.949999809265137,9.949999809265137,372,0.0,0.0,0.0
2024-10-31 12:55:00-04:00,9.950300216674805,9.950300216674805,9.949999809265137,9.949999809265137,3060,0.0,0.0,0.0
2024-10-31 12:56:00-04:00,9.949999809265137,9.949999809265137,9.940699577331543,9.940699577331543,413,0.0,0.0,0.0
2024-10-31 12:57:00-04:00,9.949899673461914,9.949899673461914,9.9399995803833,9.9399995803833,441,0.0,0.0,0.0
2024-10-31 12:59:00-04:00,9.946999549865723,9.946999549865723,9.940699577331543,9.940699577331543,4137,0.0,0.0,0.0
2024-10-31 13:00:00-04:00,9.940099716186523,9.944999694824219,9.940099716186523,9.944999694824219,2519,0.0,0.0,0.0
2024-10-31 13:01:00-04:00,9.944999694824219,9.949999809265137,9.944999694824219,9.949999809265137,7805,0.0,0.0,0.0
2024-10-31 13:02:00-04:00,9.949999809265137,9.949999809265137,9.949999809265137,9.949999809265137,6260,0.0,0.0,0.0
2024-10-31 13:03:00-04:00,9.941200256347656,9.95989990234375,9.941200256347656,9.954999923706055,17896,0.0,0.0,0.0
2024-10-31 13:04:00-04:00,9.950699806213379,9.960000038146973,9.950699806213379,9.960000038146973,1564,0.0,0.0,0.0
2024-10-31 13:05:00-04:00,9.960000038146973,9.960000038146973,9.960000038146973,9.960000038146973,279,0.0,0.0,0.0
2024-10-31 13:06:00-04:00,9.958999633789062,9.960000038146973,9.955699920654297,9.955699920654297,619,0.0,0.0,0.0
2024-10-31 13:07:00-04:00,9.960000038146973,9.96500015258789,9.960000038146973,9.960000038146973,1157,0.0,0.0,0.0
2024-10-31 13:08:00-04:00,9.96500015258789,9.96500015258789,9.960000038146973,9.960000038146973,4731,0.0,0.0,0.0
2024-10-31 13:09:00-04:00,9.970000267028809,9.970000267028809,9.970000267028809,9.970000267028809,142,0.0,0.0,0.0
2024-10-31 13:10:00-04:00,9.975000381469727,9.975000381469727,9.975000381469727,9.975000381469727,4137,0.0,0.0,0.0
2024-10-31 13:11:00-04:00,9.979900360107422,9.979900360107422,9.979900360107422,9.979900360107422,304,0.0,0.0,0.0
2024-10-31 13:12:00-04:00,9.970000267028809,9.970000267028809,9.966099739074707,9.966099739074707,1317,0.0,0.0,0.0
2024-10-31 13:13:00-04:00,9.960700035095215,9.960700035095215,9.960700035095215,9.960700035095215,313,0.0,0.0,0.0
2024-10-31 13:14:00-04:00,9.96500015258789,9.96500015258789,9.96500015258789,9.96500015258789,573,0.0,0.0,0.0
2024-10-31 13:15:00-04:00,9.960100173950195,9.96500015258789,9.960100173950195,9.96500015258789,1452,0.0,0.0,0.0
2024-10-31 13:16:00-04:00,9.96500015258789,9.96500015258789,9.96500015258789,9.96500015258789,101,0.0,0.0,0.0
2024-10-31 13:17:00-04:00,9.969900131225586,9.969900131225586,9.96500015258789,9.969900131225586,1030,0.0,0.0,0.0
2024-10-31 13:18:00-04:00,9.970000267028809,9.970000267028809,9.970000267028809,9.970000267028809,547,0.0,0.0,0.0
2024-10-31 13:19:00-04:00,9.968799591064453,9.970000267028809,9.968799591064453,9.970000267028809,4148,0.0,0.0,0.0
2024-10-31 13:21:00-04:00,9.976400375366211,9.976400375366211,9.976400375366211,9.976400375366211,116,0.0,0.0,0.0
2024-10-31 13:22:00-04:00,9.979999542236328,9.979999542236328,9.975000381469727,9.975000381469727,1292,0.0,0.0,0.0
2024-10-31 13:24:00-04:00,9.97070026397705,9.97070026397705,9.97070026397705,9.97070026397705,500,0.0,0.0,0.0
2024-10-31 13:25:00-04:00,9.970000267028809,9.970000267028809,9.970000267028809,9.970000267028809,417,0.0,0.0,0.0
2024-10-31 13:26:00-04:00,9.97700023651123,9.97700023651123,9.970000267028809,9.970000267028809,666,0.0,0.0,0.0
2024-10-31 13:27:00-04:00,9.970000267028809,9.970000267028809,9.968000411987305,9.970000267028809,3847,0.0,0.0,0.0
2024-10-31 13:28:00-04:00,9.96500015258789,9.969599723815918,9.960000038146973,9.96500015258789,41145,0.0,0.0,0.0
2024-10-31 13:29:00-04:00,9.96500015258789,9.96500015258789,9.960000038146973,9.960000038146973,40245,0.0,0.0,0.0
2024-10-31 13:30:00-04:00,9.960000038146973,9.960000038146973,9.960000038146973,9.960000038146973,8972,0.0,0.0,0.0
2024-10-31 13:31:00-04:00,9.960000038146973,9.960000038146973,9.954999923706055,9.954999923706055,1400,0.0,0.0,0.0
2024-10-31 13:32:00-04:00,9.949999809265137,9.949999809265137,9.949999809265137,9.949999809265137,819,0.0,0.0,0.0
2024-10-31 13:33:00-04:00,9.948599815368652,9.949999809265137,9.944999694824219,9.949999809265137,3731,0.0,0.0,0.0
2024-10-31 13:34:00-04:00,9.954999923706055,9.954999923706055,9.954999923706055,9.954999923706055,26208,0.0,0.0,0.0
2024-10-31 13:35:00-04:00,9.949999809265137,9.949999809265137,9.949999809265137,9.949999809265137,3416,0.0,0.0,0.0
2024-10-31 13:36:00-04:00,9.949999809265137,9.949999809265137,9.947099685668945,9.947099685668945,355,0.0,0.0,0.0
2024-10-31 13:37:00-04:00,9.944999694824219,9.944999694824219,9.942899703979492,9.942899703979492,1056,0.0,0.0,0.0
2024-10-31 13:38:00-04:00,9.944999694824219,9.944999694824219,9.944999694824219,9.944999694824219,254,0.0,0.0,0.0
2024-10-31 13:39:00-04:00,9.949899673461914,9.949899673461914,9.949899673461914,9.949899673461914,353,0.0,0.0,0.0
2024-10-31 13:41:00-04:00,9.949999809265137,9.949999809265137,9.944999694824219,9.949999809265137,894,0.0,0.0,0.0
2024-10-31 13:47:00-04:00,9.944999694824219,9.948399543762207,9.9399995803833,9.9399995803833,2397,0.0,0.0,0.0
2024-10-31 13:48:00-04:00,9.9350004196167,9.9350004196167,9.930000305175781,9.930000305175781,415,0.0,0.0,0.0
2024-10-31 13:49:00-04:00,9.9399995803833,9.9399995803833,9.9399995803833,9.9399995803833,2909,0.0,0.0,0.0
2024-10-31 13:53:00-04:00,9.949999809265137,9.949999809265137,9.949999809265137,9.949999809265137,199,0.0,0.0,0.0
2024-10-31 13:54:00-04:00,9.944999694824219,9.944999694824219,9.9399995803833,9.9399995803833,1675,0.0,0.0,0.0
2024-10-31 13:55:00-04:00,9.949899673461914,9.949899673461914,9.9399995803833,9.940699577331543,537,0.0,0.0,0.0
2024-10-31 13:56:00-04:00,9.940199851989746,9.940199851989746,9.940199851989746,9.940199851989746,297,0.0,0.0,0.0
2024-10-31 13:59:00-04:00,9.944999694824219,9.949999809265137,9.944999694824219,9.949999809265137,745,0.0,0.0,0.0
2024-10-31 14:00:00-04:00,9.949999809265137,9.949999809265137,9.942000389099121,9.944999694824219,2728,0.0,0.0,0.0
2024-10-31 14:01:00-04:00,9.9399995803833,9.9399995803833,9.9399995803833,9.9399995803833,1042,0.0,0.0,0.0
2024-10-31 14:02:00-04:00,9.9350004196167,9.9350004196167,9.931400299072266,9.931400299072266,604,0.0,0.0,0.0
2024-10-31 14:03:00-04:00,9.9350004196167,9.9350004196167,9.930100440979004,9.930100440979004,2656,0.0,0.0,0.0
2024-10-31 14:04:00-04:00,9.9350004196167,9.9350004196167,9.9350004196167,9.9350004196167,225,0.0,0.0,0.0
2024-10-31 14:05:00-04:00,9.9399995803833,9.94789981842041,9.9399995803833,9.94789981842041,16806,0.0,0.0,0.0
2024-10-31 14:06:00-04:00,9.9399995803833,9.9399995803833,9.930000305175781,9.930999755859375,8428,0.0,0.0,0.0
2024-10-31 14:07:00-04:00,9.930000305175781,9.930000305175781,9.930000305175781,9.930000305175781,251,0.0,0.0,0.0
2024-10-31 14:08:00-04:00,9.93970012664795,9.93970012664795,9.93970012664795,9.93970012664795,160,0.0,0.0,0.0
2024-10-31 14:10:00-04:00,9.930700302124023,9.930700302124023,9.930700302124023,9.930700302124023,321,0.0,0.0,0.0
2024-10-31 14:11:00-04:00,9.9399995803833,9.9399995803833,9.9399995803833,9.9399995803833,458,0.0,0.0,0.0
2024-10-31 14:16:00-04:00,9.9399995803833,9.9399995803833,9.9399995803833,9.9399995803833,1326,0.0,0.0,0.0
2024-10-31 14:17:00-04:00,9.930000305175781,9.930000305175781,9.930000305175781,9.930000305175781,380,0.0,0.0,0.0
2024-10-31 14:18:00-04:00,9.920100212097168,9.925000190734863,9.920100212097168,9.925000190734863,5923,0.0,0.0,0.0
2024-10-31 14:20:00-04:00,9.920000076293945,9.925000190734863,9.920000076293945,9.925000190734863,1715,0.0,0.0,0.0
2024-10-31 14:21:00-04:00,9.920000076293945,9.920000076293945,9.920000076293945,9.920000076293945,451,0.0,0.0,0.0
2024-10-31 14:22:00-04:00,9.920000076293945,9.920000076293945,9.920000076293945,9.920000076293945,421,0.0,0.0,0.0
2024-10-31 14:23:00-04:00,9.918399810791016,9.918399810791016,9.918399810791016,9.918399810791016,150,0.0,0.0,0.0
2024-10-31 14:24:00-04:00,9.914999961853027,9.919699668884277,9.914999961853027,9.919699668884277,2307,0.0,0.0,0.0
2024-10-31 14:25:00-04:00,9.916000366210938,9.916000366210938,9.911199569702148,9.911199569702148,621,0.0,0.0,0.0
2024-10-31 14:26:00-04:00,9.920000076293945,9.920000076293945,9.920000076293945,9.920000076293945,263,0.0,0.0,0.0
2024-10-31 14:27:00-04:00,9.914999961853027,9.914999961853027,9.90999984741211,9.90999984741211,2474,0.0,0.0,0.0
2024-10-31 14:30:00-04:00,9.920000076293945,9.920000076293945,9.920000076293945,9.920000076293945,963,0.0,0.0,0.0
2024-10-31 14:31:00-04:00,9.919899940490723,9.919899940490723,9.919899940490723,9.919899940490723,5626,0.0,0.0,0.0
2024-10-31 14:32:00-04:00,9.914999961853027,9.920000076293945,9.914999961853027,9.914999961853027,11089,0.0,0.0,0.0
2024-10-31 14:33:00-04:00,9.90999984741211,9.90999984741211,9.90999984741211,9.90999984741211,1054,0.0,0.0,0.0
2024-10-31 14:34:00-04:00,9.899999618530273,9.90999984741211,9.899999618530273,9.90999984741211,1449,0.0,0.0,0.0
2024-10-31 14:35:00-04:00,9.909700393676758,9.90999984741211,9.899999618530273,9.899999618530273,7800,0.0,0.0,0.0
2024-10-31 14:36:00-04:00,9.904999732971191,9.90999984741211,9.904999732971191,9.904999732971191,2914,0.0,0.0,0.0
2024-10-31 14:37:00-04:00,9.899999618530273,9.904999732971191,9.899999618530273,9.904999732971191,4494,0.0,0.0,0.0
2024-10-31 14:38:00-04:00,9.904999732971191,9.90999984741211,9.904999732971191,9.90999984741211,8678,0.0,0.0,0.0
2024-10-31 14:40:00-04:00,9.899999618530273,9.899999618530273,9.899999618530273,9.899999618530273,163,0.0,0.0,0.0
2024-10-31 14:41:00-04:00,9.90999984741211,9.90999984741211,9.90999984741211,9.90999984741211,211,0.0,0.0,0.0
2024-10-31 14:42:00-04:00,9.904999732971191,9.90779972076416,9.904999732971191,9.90779972076416,4161,0.0,0.0,0.0
2024-10-31 14:43:00-04:00,9.904999732971191,9.909799575805664,9.900699615478516,9.900699615478516,11018,0.0,0.0,0.0
2024-10-31 14:44:00-04:00,9.904999732971191,9.90999984741211,9.901399612426758,9.90999984741211,18360,0.0,0.0,0.0
2024-10-31 14:45:00-04:00,9.90999984741211,9.90999984741211,9.90999984741211,9.90999984741211,805,0.0,0.0,0.0
2024-10-31 14:46:00-04:00,9.90999984741211,9.90999984741211,9.907099723815918,9.90999984741211,1746,0.0,0.0,0.0
2024-10-31 14:47:00-04:00,9.90999984741211,9.90999984741211,9.905099868774414,9.909899711608887,2527,0.0,0.0,0.0
2024-10-31 14:49:00-04:00,9.904999732971191,9.90999984741211,9.899999618530273,9.904999732971191,2216,0.0,0.0,0.0
2024-10-31 14:50:00-04:00,9.901000022888184,9.909799575805664,9.901000022888184,9.904999732971191,1008,0.0,0.0,0.0
2024-10-31 14:51:00-04:00,9.90999984741211,9.910699844360352,9.909899711608887,9.910699844360352,14568,0.0,0.0,0.0
2024-10-31 14:52:00-04:00,9.920000076293945,9.920000076293945,9.90999984741211,9.910099983215332,23242,0.0,0.0,0.0
2024-10-31 14:54:00-04:00,9.914999961853027,9.920000076293945,9.90999984741211,9.917099952697754,1890,0.0,0.0,0.0
2024-10-31 14:55:00-04:00,9.920000076293945,9.920000076293945,9.917099952697754,9.917099952697754,443,0.0,0.0,0.0
2024-10-31 14:56:00-04:00,9.919699668884277,9.919699668884277,9.919699668884277,9.919699668884277,683,0.0,0.0,0.0
2024-10-31 14:57:00-04:00,9.920499801635742,9.920499801635742,9.920499801635742,9.920499801635742,1155,0.0,0.0,0.0
2024-10-31 14:58:00-04:00,9.929900169372559,9.929900169372559,9.920000076293945,9.920000076293945,4101,0.0,0.0,0.0
2024-10-31 14:59:00-04:00,9.920700073242188,9.920700073242188,9.920700073242188,9.920700073242188,503,0.0,0.0,0.0
2024-10-31 15:01:00-04:00,9.930000305175781,9.930000305175781,9.921199798583984,9.921199798583984,1590,0.0,0.0,0.0
2024-10-31 15:02:00-04:00,9.930000305175781,9.930000305175781,9.930000305175781,9.930000305175781,271,0.0,0.0,0.0
2024-10-31 15:03:00-04:00,9.929900169372559,9.929900169372559,9.929900169372559,9.929900169372559,101,0.0,0.0,0.0
2024-10-31 15:04:00-04:00,9.925000190734863,9.925000190734863,9.925000190734863,9.925000190734863,142,0.0,0.0,0.0
2024-10-31 15:05:00-04:00,9.9350004196167,9.9350004196167,9.9350004196167,9.9350004196167,949,0.0,0.0,0.0
2024-10-31 15:06:00-04:00,9.93970012664795,9.93970012664795,9.932000160217285,9.932000160217285,650,0.0,0.0,0.0
2024-10-31 15:07:00-04:00,9.9399995803833,9.944999694824219,9.9399995803833,9.944999694824219,1884,0.0,0.0,0.0
2024-10-31 15:08:00-04:00,9.941200256347656,9.944999694824219,9.941200256347656,9.944999694824219,1649,0.0,0.0,0.0
2024-10-31 15:11:00-04:00,9.9399995803833,9.940099716186523,9.9399995803833,9.940099716186523,286,0.0,0.0,0.0
2024-10-31 15:12:00-04:00,9.948100090026855,9.948100090026855,9.948100090026855,9.948100090026855,516,0.0,0.0,0.0
2024-10-31 15:13:00-04:00,9.9399995803833,9.944999694824219,9.9399995803833,9.9399995803833,688,0.0,0.0,0.0
2024-10-31 15:15:00-04:00,9.949999809265137,9.949999809265137,9.949999809265137,9.949999809265137,1501,0.0,0.0,0.0
2024-10-31 15:16:00-04:00,9.95989990234375,9.95989990234375,9.954999923706055,9.954999923706055,311,0.0,0.0,0.0
2024-10-31 15:17:00-04:00,9.949999809265137,9.949999809265137,9.947099685668945,9.947099685668945,1711,0.0,0.0,0.0
2024-10-31 15:18:00-04:00,9.949999809265137,9.949999809265137,9.949899673461914,9.949899673461914,1316,0.0,0.0,0.0
2024-10-31 15:19:00-04:00,9.949999809265137,9.949999809265137,9.949999809265137,9.949999809265137,368,0.0,0.0,0.0
2024-10-31 15:20:00-04:00,9.949999809265137,9.949999809265137,9.949999809265137,9.949999809265137,114,0.0,0.0,0.0
2024-10-31 15:21:00-04:00,9.949999809265137,9.949999809265137,9.949999809265137,9.949999809265137,637,0.0,0.0,0.0
2024-10-31 15:22:00-04:00,9.949999809265137,9.949999809265137,9.949999809265137,9.949999809265137,141,0.0,0.0,0.0
2024-10-31 15:25:00-04:00,9.949899673461914,9.949899673461914,9.949899673461914,9.949899673461914,148,0.0,0.0,0.0
2024-10-31 15:27:00-04:00,9.944999694824219,9.949999809265137,9.944999694824219,9.949999809265137,691,0.0,0.0,0.0
2024-10-31 15:28:00-04:00,9.940699577331543,9.940699577331543,9.9399995803833,9.9399995803833,2543,0.0,0.0,0.0
2024-10-31 15:30:00-04:00,9.937999725341797,9.937999725341797,9.937999725341797,9.937999725341797,1158,0.0,0.0,0.0
2024-10-31 15:32:00-04:00,9.9399995803833,9.9399995803833,9.930000305175781,9.930000305175781,2548,0.0,0.0,0.0
2024-10-31 15:33:00-04:00,9.930000305175781,9.930000305175781,9.920100212097168,9.920100212097168,1922,0.0,0.0,0.0
2024-10-31 15:34:00-04:00,9.928099632263184,9.928099632263184,9.928099632263184,9.928099632263184,687,0.0,0.0,0.0
2024-10-31 15:36:00-04:00,9.93019962310791,9.93019962310791,9.93019962310791,9.93019962310791,700,0.0,0.0,0.0
2024-10-31 15:37:00-04:00,9.9350004196167,9.9350004196167,9.9350004196167,9.9350004196167,1063,0.0,0.0,0.0
2024-10-31 15:38:00-04:00,9.9350004196167,9.9350004196167,9.9350004196167,9.9350004196167,627,0.0,0.0,0.0
2024-10-31 15:40:00-04:00,9.93019962310791,9.93019962310791,9.93019962310791,9.93019962310791,202,0.0,0.0,0.0
2024-10-31 15:41:00-04:00,9.9350004196167,9.9350004196167,9.9350004196167,9.9350004196167,930,0.0,0.0,0.0
2024-10-31 15:42:00-04:00,9.9350004196167,9.9350004196167,9.9350004196167,9.9350004196167,1158,0.0,0.0,0.0
2024-10-31 15:43:00-04:00,9.930100440979004,9.930100440979004,9.930100440979004,9.930100440979004,1110,0.0,0.0,0.0
2024-10-31 15:44:00-04:00,9.9399995803833,9.9399995803833,9.9399995803833,9.9399995803833,171,0.0,0.0,0.0
2024-10-31 15:45:00-04:00,9.9399995803833,9.940699577331543,9.9399995803833,9.940699577331543,363,0.0,0.0,0.0
2024-10-31 15:46:00-04:00,9.9399995803833,9.9399995803833,9.9399995803833,9.9399995803833,225,0.0,0.0,0.0
2024-10-31 15:47:00-04:00,9.944499969482422,9.944499969482422,9.944499969482422,9.944499969482422,217,0.0,0.0,0.0
2024-10-31 15:48:00-04:00,9.947099685668945,9.949999809265137,9.947099685668945,9.949999809265137,1765,0.0,0.0,0.0
2024-10-31 15:49:00-04:00,9.96500015258789,9.96500015258789,9.96500015258789,9.96500015258789,2404,0.0,0.0,0.0
2024-10-31 15:50:00-04:00,9.958700180053711,9.958700180053711,9.958700180053711,9.958700180053711,987,0.0,0.0,0.0
2024-10-31 15:51:00-04:00,9.954999923706055,9.954999923706055,9.954999923706055,9.954999923706055,279,0.0,0.0,0.0
2024-10-31 15:52:00-04:00,9.949999809265137,9.949999809265137,9.9399995803833,9.9399995803833,1603,0.0,0.0,0.0
2024-10-31 15:53:00-04:00,9.9399995803833,9.9399995803833,9.9399995803833,9.9399995803833,523,0.0,0.0,0.0
2024-10-31 15:54:00-04:00,9.9350004196167,9.939000129699707,9.920000076293945,9.920000076293945,3964,0.0,0.0,0.0
2024-10-31 15:55:00-04:00,9.920000076293945,9.925000190734863,9.910900115966797,9.925000190734863,2715,0.0,0.0,0.0
2024-10-31 15:56:00-04:00,9.920000076293945,9.920000076293945,9.920000076293945,9.920000076293945,2009,0.0,0.0,0.0
2024-10-31 15:57:00-04:00,9.914999961853027,9.914999961853027,9.914999961853027,9.914999961853027,1078,0.0,0.0,0.0
2024-10-31 15:58:00-04:00,9.914999961853027,9.920000076293945,9.91189956665039,9.920000076293945,2310,0.0,0.0,0.0
2024-10-31 15:59:00-04:00,9.911100387573242,9.911100387573242,9.899999618530273,9.899999618530273,17418,0.0,0.0,0.0
2024-11-01 09:30:00-04:00,10.010000228881836,10.010000228881836,9.989999771118164,9.989999771118164,27126,0.0,0.0,0.0
2024-11-01 09:31:00-04:00,9.970000267028809,9.989999771118164,9.970000267028809,9.989999771118164,12758,0.0,0.0,0.0
2024-11-01 09:32:00-04:00,10.010000228881836,10.010000228881836,10.010000228881836,10.010000228881836,166,0.0,0.0,0.0
2024-11-01 09:33:00-04:00,10.005000114440918,10.009300231933594,9.991299629211426,10.0,4459,0.0,0.0,0.0
2024-11-01 09:34:00-04:00,10.010000228881836,10.010000228881836,10.010000228881836,10.010000228881836,190,0.0,0.0,0.0
2024-11-01 09:35:00-04:00,9.999600410461426,10.0,9.989999771118164,9.989999771118164,8122,0.0,0.0,0.0
2024-11-01 09:36:00-04:00,9.973799705505371,9.973799705505371,9.970100402832031,9.970100402832031,876,0.0,0.0,0.0
2024-11-01 09:37:00-04:00,9.988100051879883,9.988100051879883,9.970499992370605,9.984999656677246,4721,0.0,0.0,0.0
2024-11-01 09:38:00-04:00,9.984999656677246,10.005000114440918,9.979999542236328,10.005000114440918,1363,0.0,0.0,0.0
2024-11-01 09:39:00-04:00,10.020000457763672,10.029999732971191,10.013299942016602,10.029899597167969,4483,0.0,0.0,0.0
2024-11-01 09:40:00-04:00,10.029000282287598,10.029999732971191,10.029000282287598,10.029999732971191,1434,0.0,0.0,0.0
2024-11-01 09:41:00-04:00,10.029000282287598,10.029999732971191,10.029000282287598,10.029999732971191,972,0.0,0.0,0.0
2024-11-01 09:42:00-04:00,10.030200004577637,10.039999961853027,10.020000457763672,10.020000457763672,2933,0.0,0.0,0.0
2024-11-01 09:43:00-04:00,10.029999732971191,10.029999732971191,10.011099815368652,10.011099815368652,297,0.0,0.0,0.0
2024-11-01 09:44:00-04:00,10.015000343322754,10.015000343322754,10.015000343322754,10.015000343322754,374,0.0,0.0,0.0
2024-11-01 09:45:00-04:00,10.010000228881836,10.010000228881836,9.984999656677246,9.989899635314941,1533,0.0,0.0,0.0
2024-11-01 09:46:00-04:00,9.989999771118164,9.989999771118164,9.982199668884277,9.982199668884277,3275,0.0,0.0,0.0
2024-11-01 09:47:00-04:00,9.989999771118164,10.0,9.98009967803955,10.0,3581,0.0,0.0,0.0
2024-11-01 09:48:00-04:00,10.010000228881836,10.010000228881836,10.009900093078613,10.010000228881836,904,0.0,0.0,0.0
2024-11-01 09:49:00-04:00,10.010000228881836,10.020000457763672,10.010000228881836,10.020000457763672,491,0.0,0.0,0.0
2024-11-01 09:50:00-04:00,10.035599708557129,10.035599708557129,10.020899772644043,10.029999732971191,2236,0.0,0.0,0.0
2024-11-01 09:51:00-04:00,10.029999732971191,10.029999732971191,10.029999732971191,10.029999732971191,272,0.0,0.0,0.0
2024-11-01 09:52:00-04:00,10.033100128173828,10.03499984741211,10.030099868774414,10.030099868774414,1779,0.0,0.0,0.0
2024-11-01 09:53:00-04:00,10.03499984741211,10.038200378417969,10.031100273132324,10.03499984741211,5273,0.0,0.0,0.0
2024-11-01 09:54:00-04:00,10.038700103759766,10.038800239562988,10.030200004577637,10.030200004577637,7349,0.0,0.0,0.0
2024-11-01 09:55:00-04:00,10.036600112915039,10.039999961853027,10.024999618530273,10.039999961853027,2931,0.0,0.0,0.0
2024-11-01 09:56:00-04:00,10.037099838256836,10.039999961853027,10.030099868774414,10.039999961853027,15319,0.0,0.0,0.0
2024-11-01 09:57:00-04:00,10.050000190734863,10.050000190734863,10.050000190734863,10.050000190734863,559,0.0,0.0,0.0
2024-11-01 09:58:00-04:00,10.047483444213867,10.047483444213867,10.040200233459473,10.040200233459473,2400,0.0,0.0,0.0
2024-11-01 09:59:00-04:00,10.050000190734863,10.050000190734863,10.039999961853027,10.050000190734863,560,0.0,0.0,0.0
2024-11-01 10:00:00-04:00,10.030099868774414,10.030099868774414,10.029899597167969,10.029899597167969,4490,0.0,0.0,0.0
2024-11-01 10:01:00-04:00,10.020000457763672,10.029999732971191,10.020000457763672,10.024999618530273,12957,0.0,0.0,0.0
2024-11-01 10:02:00-04:00,10.03499984741211,10.048500061035156,10.029999732971191,10.029999732971191,2241,0.0,0.0,0.0
2024-11-01 10:03:00-04:00,10.024999618530273,10.024999618530273,10.01990032196045,10.01990032196045,1161,0.0,0.0,0.0
2024-11-01 10:04:00-04:00,10.024999618530273,10.024999618530273,10.024999618530273,10.024999618530273,349,0.0,0.0,0.0
2024-11-01 10:05:00-04:00,10.022000312805176,10.039999961853027,10.022000312805176,10.039999961853027,2106,0.0,0.0,0.0
2024-11-01 10:06:00-04:00,10.045000076293945,10.045000076293945,10.045000076293945,10.045000076293945,2197,0.0,0.0,0.0
2024-11-01 10:07:00-04:00,10.050000190734863,10.050000190734863,10.050000190734863,10.050000190734863,1180,0.0,0.0,0.0
2024-11-01 10:08:00-04:00,10.055000305175781,10.055000305175781,10.055000305175781,10.055000305175781,574,0.0,0.0,0.0
2024-11-01 10:10:00-04:00,10.0600004196167,10.0600004196167,10.0600004196167,10.0600004196167,636,0.0,0.0,0.0
2024-11-01 10:12:00-04:00,10.0649995803833,10.0649995803833,10.0649995803833,10.0649995803833,217,0.0,0.0,0.0
2024-11-01 10:13:00-04:00,10.069999694824219,10.069999694824219,10.069999694824219,10.069999694824219,1334,0.0,0.0,0.0
2024-11-01 10:14:00-04:00,10.069999694824219,10.069999694824219,10.069999694824219,10.069999694824219,778,0.0,0.0,0.0
2024-11-01 10:15:00-04:00,10.070699691772461,10.079999923706055,10.069999694824219,10.079999923706055,1335,0.0,0.0,0.0
2024-11-01 10:17:00-04:00,10.09000015258789,10.09000015258789,10.09000015258789,10.09000015258789,397,0.0,0.0,0.0
2024-11-01 10:18:00-04:00,10.09000015258789,10.100000381469727,10.09000015258789,10.095000267028809,1268,0.0,0.0,0.0
2024-11-01 10:19:00-04:00,10.100000381469727,10.100000381469727,10.099900245666504,10.099900245666504,2583,0.0,0.0,0.0
2024-11-01 10:21:00-04:00,10.100000381469727,10.10830020904541,10.100000381469727,10.10669994354248,2621,0.0,0.0,0.0
2024-11-01 10:22:00-04:00,10.109999656677246,10.109999656677246,10.10990047454834,10.10990047454834,602,0.0,0.0,0.0
2024-11-01 10:23:00-04:00,10.109999656677246,10.114999771118164,10.104999542236328,10.104999542236328,3144,0.0,0.0,0.0
2024-11-01 10:24:00-04:00,10.109999656677246,10.109999656677246,10.109999656677246,10.109999656677246,5576,0.0,0.0,0.0
2024-11-01 10:25:00-04:00,10.109999656677246,10.110199928283691,10.109999656677246,10.110199928283691,1737,0.0,0.0,0.0
2024-11-01 10:26:00-04:00,10.109999656677246,10.114999771118164,10.109999656677246,10.114999771118164,1627,0.0,0.0,0.0
2024-11-01 10:27:00-04:00,10.119284629821777,10.119284629821777,10.114999771118164,10.114999771118164,859,0.0,0.0,0.0
2024-11-01 10:28:00-04:00,10.114999771118164,10.114999771118164,10.114999771118164,10.114999771118164,171,0.0,0.0,0.0
2024-11-01 10:29:00-04:00,10.119999885559082,10.119999885559082,10.119999885559082,10.119999885559082,200,0.0,0.0,0.0
2024-11-01 10:30:00-04:00,10.119999885559082,10.125,10.109999656677246,10.109999656677246,69783,0.0,0.0,0.0
2024-11-01 10:31:00-04:00,10.114999771118164,10.119000434875488,10.114999771118164,10.119000434875488,4326,0.0,0.0,0.0
2024-11-01 10:32:00-04:00,10.110300064086914,10.110300064086914,10.109999656677246,10.109999656677246,1282,0.0,0.0,0.0
2024-11-01 10:34:00-04:00,10.10099983215332,10.104999542236328,10.10099983215332,10.104999542236328,6617,0.0,0.0,0.0
2024-11-01 10:35:00-04:00,10.10099983215332,10.10099983215332,10.10099983215332,10.10099983215332,320,0.0,0.0,0.0
2024-11-01 10:36:00-04:00,10.104999542236328,10.104999542236328,10.100000381469727,10.100000381469727,1023,0.0,0.0,0.0
2024-11-01 10:37:00-04:00,10.09000015258789,10.09000015258789,10.081600189208984,10.081600189208984,1716,0.0,0.0,0.0
2024-11-01 10:38:00-04:00,10.079999923706055,10.09873104095459,10.079999923706055,10.09873104095459,11622,0.0,0.0,0.0
2024-11-01 10:40:00-04:00,10.09000015258789,10.09000015258789,10.088800430297852,10.088800430297852,655,0.0,0.0,0.0
2024-11-01 10:41:00-04:00,10.079999923706055,10.079999923706055,10.07800006866455,10.07800006866455,773,0.0,0.0,0.0
2024-11-01 10:42:00-04:00,10.069999694824219,10.069999694824219,10.06190013885498,10.062000274658203,1310,0.0,0.0,0.0
2024-11-01 10:43:00-04:00,10.0600004196167,10.0600004196167,10.052000045776367,10.052000045776367,1521,0.0,0.0,0.0
2024-11-01 10:44:00-04:00,10.0600004196167,10.0600004196167,10.0600004196167,10.0600004196167,156,0.0,0.0,0.0
2024-11-01 10:46:00-04:00,10.069999694824219,10.069999694824219,10.0600004196167,10.0600004196167,3084,0.0,0.0,0.0
2024-11-01 10:50:00-04:00,10.0600004196167,10.0600004196167,10.059900283813477,10.059900283813477,414,0.0,0.0,0.0
2024-11-01 10:52:00-04:00,10.0600004196167,10.0600004196167,10.0600004196167,10.0600004196167,1207,0.0,0.0,0.0
2024-11-01 10:55:00-04:00,10.06820011138916,10.06820011138916,10.06820011138916,10.06820011138916,1007,0.0,0.0,0.0
2024-11-01 10:56:00-04:00,10.068300247192383,10.068400382995605,10.068300247192383,10.068400382995605,1058,0.0,0.0,0.0
2024-11-01 10:57:00-04:00,10.069999694824219,10.069999694824219,10.069999694824219,10.069999694824219,421,0.0,0.0,0.0
2024-11-01 11:00:00-04:00,10.09000015258789,10.09000015258789,10.085000038146973,10.085000038146973,10932,0.0,0.0,0.0
2024-11-01 11:01:00-04:00,10.09000015258789,10.09000015258789,10.080699920654297,10.080699920654297,3229,0.0,0.0,0.0
2024-11-01 11:02:00-04:00,10.089300155639648,10.09000015258789,10.089300155639648,10.089900016784668,865,0.0,0.0,0.0
2024-11-01 11:03:00-04:00,10.089900016784668,10.100000381469727,10.082200050354004,10.100000381469727,871,0.0,0.0,0.0
2024-11-01 11:04:00-04:00,10.095000267028809,10.095000267028809,10.095000267028809,10.095000267028809,325,0.0,0.0,0.0
2024-11-01 11:05:00-04:00,10.09000015258789,10.09000015258789,10.07979965209961,10.07979965209961,561,0.0,0.0,0.0
2024-11-01 11:06:00-04:00,10.079999923706055,10.079999923706055,10.069999694824219,10.069999694824219,1135,0.0,0.0,0.0
2024-11-01 11:07:00-04:00,10.079999923706055,10.089900016784668,10.079999923706055,10.085100173950195,1864,0.0,0.0,0.0
2024-11-01 11:09:00-04:00,10.074999809265137,10.078100204467773,10.074999809265137,10.078100204467773,1262,0.0,0.0,0.0
2024-11-01 11:10:00-04:00,10.069999694824219,10.069999694824219,10.0600004196167,10.069999694824219,2600,0.0,0.0,0.0
2024-11-01 11:11:00-04:00,10.069999694824219,10.069999694824219,10.069999694824219,10.069999694824219,239,0.0,0.0,0.0
2024-11-01 11:12:00-04:00,10.07509994506836,10.07509994506836,10.07509994506836,10.07509994506836,356,0.0,0.0,0.0
2024-11-01 11:15:00-04:00,10.080699920654297,10.081100463867188,10.080699920654297,10.081100463867188,1273,0.0,0.0,0.0
2024-11-01 11:16:00-04:00,10.089799880981445,10.09000015258789,10.089799880981445,10.089900016784668,3115,0.0,0.0,0.0
2024-11-01 11:17:00-04:00,10.098199844360352,10.099900245666504,10.09000015258789,10.098199844360352,1666,0.0,0.0,0.0
2024-11-01 11:18:00-04:00,10.09000015258789,10.09000015258789,10.09000015258789,10.09000015258789,3470,0.0,0.0,0.0
2024-11-01 11:19:00-04:00,10.088700294494629,10.088700294494629,10.088700294494629,10.088700294494629,168,0.0,0.0,0.0
2024-11-01 11:21:00-04:00,10.079999923706055,10.079999923706055,10.079999923706055,10.079999923706055,1306,0.0,0.0,0.0
2024-11-01 11:22:00-04:00,10.079899787902832,10.079899787902832,10.07289981842041,10.076399803161621,1251,0.0,0.0,0.0
2024-11-01 11:24:00-04:00,10.085000038146973,10.09000015258789,10.085000038146973,10.09000015258789,6779,0.0,0.0,0.0
2024-11-01 11:25:00-04:00,10.09000015258789,10.09000015258789,10.08899974822998,10.08899974822998,1780,0.0,0.0,0.0
2024-11-01 11:26:00-04:00,10.085000038146973,10.085000038146973,10.085000038146973,10.085000038146973,127,0.0,0.0,0.0
2024-11-01 11:27:00-04:00,10.09000015258789,10.09000015258789,10.085000038146973,10.085000038146973,4036,0.0,0.0,0.0
2024-11-01 11:30:00-04:00,10.085000038146973,10.085000038146973,10.085000038146973,10.085000038146973,219,0.0,0.0,0.0
2024-11-01 11:31:00-04:00,10.079999923706055,10.079999923706055,10.069999694824219,10.074999809265137,4062,0.0,0.0,0.0
2024-11-01 11:32:00-04:00,10.069999694824219,10.069999694824219,10.069999694824219,10.069999694824219,1031,0.0,0.0,0.0
2024-11-01 11:33:00-04:00,10.062100410461426,10.0649995803833,10.062100410461426,10.0649995803833,677,0.0,0.0,0.0
2024-11-01 11:34:00-04:00,10.066499710083008,10.069999694824219,10.066499710083008,10.069999694824219,478,0.0,0.0,0.0
2024-11-01 11:35:00-04:00,10.065400123596191,10.065400123596191,10.065400123596191,10.065400123596191,124,0.0,0.0,0.0
2024-11-01 11:37:00-04:00,10.0649995803833,10.0649995803833,10.0649995803833,10.0649995803833,4509,0.0,0.0,0.0
2024-11-01 11:38:00-04:00,10.0600004196167,10.0600004196167,10.050000190734863,10.058099746704102,3407,0.0,0.0,0.0
2024-11-01 11:39:00-04:00,10.050100326538086,10.050100326538086,10.050100326538086,10.050100326538086,1636,0.0,0.0,0.0
2024-11-01 11:40:00-04:00,10.0600004196167,10.0600004196167,10.050000190734863,10.050000190734863,1504,0.0,0.0,0.0
2024-11-01 11:41:00-04:00,10.055000305175781,10.055000305175781,10.055000305175781,10.055000305175781,1615,0.0,0.0,0.0
2024-11-01 11:42:00-04:00,10.05109977722168,10.05270004272461,10.05109977722168,10.05270004272461,797,0.0,0.0,0.0
2024-11-01 11:43:00-04:00,10.045000076293945,10.045000076293945,10.045000076293945,10.045000076293945,4068,0.0,0.0,0.0
2024-11-01 11:45:00-04:00,10.046600341796875,10.046600341796875,10.046600341796875,10.046600341796875,100,0.0,0.0,0.0
2024-11-01 11:46:00-04:00,10.039999961853027,10.039999961853027,10.039999961853027,10.039999961853027,322,0.0,0.0,0.0
2024-11-01 11:47:00-04:00,10.03499984741211,10.039999961853027,10.03499984741211,10.039999961853027,1591,0.0,0.0,0.0
2024-11-01 11:49:00-04:00,10.029999732971191,10.029999732971191,10.024999618530273,10.024999618530273,1106,0.0,0.0,0.0
2024-11-01 11:50:00-04:00,10.020000457763672,10.020000457763672,10.015000343322754,10.015000343322754,1174,0.0,0.0,0.0
2024-11-01 11:51:00-04:00,10.015000343322754,10.01990032196045,10.010000228881836,10.015000343322754,1251,0.0,0.0,0.0
2024-11-01 11:52:00-04:00,10.015000343322754,10.027999877929688,10.015000343322754,10.020000457763672,12728,0.0,0.0,0.0
2024-11-01 11:54:00-04:00,10.029999732971191,10.039999961853027,10.027099609375,10.03499984741211,3333,0.0,0.0,0.0
2024-11-01 11:55:00-04:00,10.030699729919434,10.030699729919434,10.029999732971191,10.029999732971191,589,0.0,0.0,0.0
2024-11-01 11:56:00-04:00,10.029999732971191,10.029999732971191,10.029999732971191,10.029999732971191,5095,0.0,0.0,0.0
2024-11-01 11:57:00-04:00,10.029999732971191,10.03499984741211,10.029999732971191,10.03499984741211,1130,0.0,0.0,0.0
2024-11-01 11:58:00-04:00,10.038800239562988,10.038800239562988,10.038800239562988,10.038800239562988,112,0.0,0.0,0.0
2024-11-01 12:00:00-04:00,10.024999618530273,10.024999618530273,10.024999618530273,10.024999618530273,7014,0.0,0.0,0.0
2024-11-01 12:01:00-04:00,10.020700454711914,10.037799835205078,10.020700454711914,10.037799835205078,591,0.0,0.0,0.0
2024-11-01 12:03:00-04:00,10.039999961853027,10.045000076293945,10.039999961853027,10.045000076293945,2174,0.0,0.0,0.0
2024-11-01 12:04:00-04:00,10.040200233459473,10.040200233459473,10.040200233459473,10.040200233459473,557,0.0,0.0,0.0
2024-11-01 12:05:00-04:00,10.045000076293945,10.045000076293945,10.039999961853027,10.039999961853027,2033,0.0,0.0,0.0
2024-11-01 12:06:00-04:00,10.031700134277344,10.031700134277344,10.031700134277344,10.031700134277344,854,0.0,0.0,0.0
2024-11-01 12:07:00-04:00,10.045000076293945,10.04990005493164,10.045000076293945,10.04990005493164,310,0.0,0.0,0.0
2024-11-01 12:08:00-04:00,10.04069995880127,10.04069995880127,10.04069995880127,10.04069995880127,256,0.0,0.0,0.0
2024-11-01 12:11:00-04:00,10.050000190734863,10.050000190734863,10.050000190734863,10.050000190734863,325,0.0,0.0,0.0
2024-11-01 12:12:00-04:00,10.057999610900879,10.057999610900879,10.057999610900879,10.057999610900879,212,0.0,0.0,0.0
2024-11-01 12:13:00-04:00,10.05780029296875,10.05780029296875,10.055000305175781,10.055000305175781,776,0.0,0.0,0.0
2024-11-01 12:14:00-04:00,10.050000190734863,10.050000190734863,10.050000190734863,10.050000190734863,203,0.0,0.0,0.0
2024-11-01 12:15:00-04:00,10.041000366210938,10.041000366210938,10.041000366210938,10.041000366210938,8768,0.0,0.0,0.0
2024-11-01 12:16:00-04:00,10.039999961853027,10.039999961853027,10.039999961853027,10.039999961853027,180,0.0,0.0,0.0
2024-11-01 12:17:00-04:00,10.039999961853027,10.039999961853027,10.039999961853027,10.039999961853027,210,0.0,0.0,0.0
2024-11-01 12:18:00-04:00,10.039999961853027,10.039999961853027,10.039999961853027,10.039999961853027,377,0.0,0.0,0.0
2024-11-01 12:21:00-04:00,10.039999961853027,10.039999961853027,10.039999961853027,10.039999961853027,310,0.0,0.0,0.0
2024-11-01 12:22:00-04:00,10.029999732971191,10.029999732971191,10.029999732971191,10.029999732971191,235,0.0,0.0,0.0
2024-11-01 12:23:00-04:00,10.039999961853027,10.039999961853027,10.039999961853027,10.039999961853027,1250,0.0,0.0,0.0
2024-11-01 12:25:00-04:00,10.03499984741211,10.03969955444336,10.03380012512207,10.03969955444336,3768,0.0,0.0,0.0
2024-11-01 12:26:00-04:00,10.039999961853027,10.039999961853027,10.039999961853027,10.039999961853027,843,0.0,0.0,0.0
2024-11-01 12:32:00-04:00,10.039999961853027,10.039999961853027,10.039999961853027,10.039999961853027,3064,0.0,0.0,0.0
2024-11-01 12:33:00-04:00,10.039999961853027,10.039999961853027,10.039999961853027,10.039999961853027,292,0.0,0.0,0.0
2024-11-01 12:35:00-04:00,10.050000190734863,10.050000190734863,10.039999961853027,10.039999961853027,395,0.0,0.0,0.0
2024-11-01 12:36:00-04:00,10.039999961853027,10.039999961853027,10.039999961853027,10.039999961853027,175,0.0,0.0,0.0
2024-11-01 12:37:00-04:00,10.039999961853027,10.039999961853027,10.03499984741211,10.03499984741211,987,0.0,0.0,0.0
2024-11-01 12:40:00-04:00,10.039999961853027,10.039999961853027,10.039999961853027,10.039999961853027,127,0.0,0.0,0.0
2024-11-01 12:41:00-04:00,10.029999732971191,10.029999732971191,10.02079963684082,10.02079963684082,1707,0.0,0.0,0.0
2024-11-01 12:42:00-04:00,10.024999618530273,10.029999732971191,10.024999618530273,10.029999732971191,261,0.0,0.0,0.0
2024-11-01 12:43:00-04:00,10.020000457763672,10.020000457763672,10.015000343322754,10.015000343322754,7438,0.0,0.0,0.0
2024-11-01 12:44:00-04:00,10.010299682617188,10.010299682617188,10.010299682617188,10.010299682617188,625,0.0,0.0,0.0
2024-11-01 12:45:00-04:00,10.010100364685059,10.010100364685059,10.004799842834473,10.00510025024414,1510,0.0,0.0,0.0
2024-11-01 12:46:00-04:00,10.010000228881836,10.010100364685059,10.010000228881836,10.010100364685059,1465,0.0,0.0,0.0
2024-11-01 12:49:00-04:00,10.015000343322754,10.015000343322754,10.015000343322754,10.015000343322754,703,0.0,0.0,0.0
2024-11-01 12:50:00-04:00,10.010000228881836,10.010000228881836,10.010000228881836,10.010000228881836,2504,0.0,0.0,0.0
2024-11-01 12:52:00-04:00,10.018199920654297,10.018199920654297,10.017800331115723,10.017800331115723,4388,0.0,0.0,0.0
2024-11-01 12:53:00-04:00,10.010000228881836,10.010000228881836,10.010000228881836,10.010000228881836,7023,0.0,0.0,0.0
2024-11-01 12:55:00-04:00,10.00469970703125,10.00469970703125,10.0,10.001799583435059,1271,0.0,0.0,0.0
2024-11-01 12:57:00-04:00,10.0,10.0,9.991800308227539,9.991800308227539,8614,0.0,0.0,0.0
2024-11-01 12:58:00-04:00,9.999799728393555,10.0,9.998200416564941,10.0,1253,0.0,0.0,0.0
2024-11-01 13:02:00-04:00,9.989999771118164,9.989999771118164,9.989999771118164,9.989999771118164,1538,0.0,0.0,0.0
2024-11-01 13:03:00-04:00,9.989999771118164,9.99020004272461,9.989999771118164,9.99020004272461,788,0.0,0.0,0.0
2024-11-01 13:04:00-04:00,9.99120044708252,9.99120044708252,9.99120044708252,9.99120044708252,263,0.0,0.0,0.0
2024-11-01 13:05:00-04:00,9.99120044708252,9.99120044708252,9.99120044708252,9.99120044708252,125,0.0,0.0,0.0
2024-11-01 13:06:00-04:00,9.989999771118164,9.989999771118164,9.989999771118164,9.989999771118164,157,0.0,0.0,0.0
2024-11-01 13:07:00-04:00,9.989999771118164,9.989999771118164,9.979999542236328,9.979999542236328,4151,0.0,0.0,0.0
2024-11-01 13:08:00-04:00,9.981599807739258,9.981599807739258,9.979999542236328,9.979999542236328,999,0.0,0.0,0.0
2024-11-01 13:09:00-04:00,9.960000038146973,9.970000267028809,9.960000038146973,9.970000267028809,963,0.0,0.0,0.0
2024-11-01 13:10:00-04:00,9.975000381469727,9.975000381469727,9.975000381469727,9.975000381469727,583,0.0,0.0,0.0
2024-11-01 13:11:00-04:00,9.979900360107422,9.979900360107422,9.979900360107422,9.979900360107422,2030,0.0,0.0,0.0
2024-11-01 13:12:00-04:00,9.979999542236328,9.984999656677246,9.979900360107422,9.984999656677246,2424,0.0,0.0,0.0
2024-11-01 13:14:00-04:00,9.989999771118164,9.989999771118164,9.989999771118164,9.989999771118164,1214,0.0,0.0,0.0
2024-11-01 13:15:00-04:00,9.989999771118164,9.994999885559082,9.989999771118164,9.994999885559082,815,0.0,0.0,0.0
2024-11-01 13:16:00-04:00,9.998000144958496,10.0,9.991299629211426,9.991299629211426,1697,0.0,0.0,0.0
2024-11-01 13:17:00-04:00,10.005000114440918,10.005000114440918,10.005000114440918,10.005000114440918,113,0.0,0.0,0.0
2024-11-01 13:18:00-04:00,10.0,10.0,10.0,10.0,1005,0.0,0.0,0.0
2024-11-01 13:19:00-04:00,9.989999771118164,9.991100311279297,9.989999771118164,9.991100311279297,625,0.0,0.0,0.0
2024-11-01 13:21:00-04:00,9.989999771118164,10.0,9.989999771118164,10.0,2618,0.0,0.0,0.0
2024-11-01 13:22:00-04:00,10.0,10.00979995727539,10.0,10.00979995727539,1394,0.0,0.0,0.0
2024-11-01 13:25:00-04:00,10.005000114440918,10.005000114440918,10.005000114440918,10.005000114440918,744,0.0,0.0,0.0
2024-11-01 13:26:00-04:00,10.010000228881836,10.010000228881836,10.010000228881836,10.010000228881836,213,0.0,0.0,0.0
2024-11-01 13:27:00-04:00,10.010000228881836,10.010100364685059,10.010000228881836,10.010100364685059,1414,0.0,0.0,0.0
2024-11-01 13:29:00-04:00,10.015000343322754,10.015000343322754,10.015000343322754,10.015000343322754,627,0.0,0.0,0.0
2024-11-01 13:30:00-04:00,10.010000228881836,10.010199546813965,10.010000228881836,10.010000228881836,1469,0.0,0.0,0.0
2024-11-01 13:31:00-04:00,10.010000228881836,10.010000228881836,10.010000228881836,10.010000228881836,148,0.0,0.0,0.0
2024-11-01 13:32:00-04:00,10.0,10.0,10.0,10.0,858,0.0,0.0,0.0
2024-11-01 13:33:00-04:00,9.991999626159668,9.991999626159668,9.989999771118164,9.989999771118164,1353,0.0,0.0,0.0
2024-11-01 13:35:00-04:00,9.989399909973145,9.989399909973145,9.988800048828125,9.988800048828125,1120,0.0,0.0,0.0
2024-11-01 13:36:00-04:00,9.989999771118164,9.989999771118164,9.989999771118164,9.989999771118164,250,0.0,0.0,0.0
2024-11-01 13:37:00-04:00,9.984999656677246,9.989899635314941,9.984999656677246,9.989899635314941,4525,0.0,0.0,0.0
2024-11-01 13:38:00-04:00,9.984999656677246,9.989999771118164,9.982000350952148,9.989999771118164,4202,0.0,0.0,0.0
2024-11-01 13:39:00-04:00,9.989999771118164,9.989999771118164,9.989999771118164,9.989999771118164,8782,0.0,0.0,0.0
2024-11-01 13:40:00-04:00,9.975000381469727,9.975000381469727,9.975000381469727,9.975000381469727,769,0.0,0.0,0.0
2024-11-01 13:41:00-04:00,9.975000381469727,9.979999542236328,9.975000381469727,9.97659969329834,430,0.0,0.0,0.0
2024-11-01 13:43:00-04:00,9.979999542236328,9.979999542236328,9.979000091552734,9.979000091552734,448,0.0,0.0,0.0
2024-11-01 13:44:00-04:00,9.9798002243042,9.9798002243042,9.9798002243042,9.9798002243042,103,0.0,0.0,0.0
2024-11-01 13:46:00-04:00,9.975000381469727,9.979999542236328,9.970000267028809,9.979999542236328,4801,0.0,0.0,0.0
2024-11-01 13:47:00-04:00,9.97350025177002,9.9798002243042,9.97350025177002,9.9798002243042,2351,0.0,0.0,0.0
2024-11-01 13:48:00-04:00,9.979000091552734,9.979900360107422,9.979000091552734,9.979900360107422,341,0.0,0.0,0.0
2024-11-01 13:49:00-04:00,9.970100402832031,9.975000381469727,9.970100402832031,9.975000381469727,551,0.0,0.0,0.0
2024-11-01 13:50:00-04:00,9.979999542236328,9.979999542236328,9.979999542236328,9.979999542236328,1029,0.0,0.0,0.0
2024-11-01 13:51:00-04:00,9.984999656677246,9.989800453186035,9.979999542236328,9.98900032043457,5780,0.0,0.0,0.0
2024-11-01 13:52:00-04:00,9.980299949645996,9.994999885559082,9.980299949645996,9.994999885559082,2805,0.0,0.0,0.0
2024-11-01 13:55:00-04:00,9.994999885559082,9.994999885559082,9.994999885559082,9.994999885559082,482,0.0,0.0,0.0
2024-11-01 13:56:00-04:00,9.989999771118164,9.989999771118164,9.989999771118164,9.989999771118164,1923,0.0,0.0,0.0
2024-11-01 13:57:00-04:00,9.988699913024902,9.988900184631348,9.988699913024902,9.988900184631348,485,0.0,0.0,0.0
2024-11-01 13:59:00-04:00,9.979999542236328,9.979999542236328,9.979999542236328,9.979999542236328,4295,0.0,0.0,0.0
2024-11-01 14:01:00-04:00,9.975099563598633,9.989999771118164,9.975099563598633,9.989899635314941,4070,0.0,0.0,0.0
2024-11-01 14:02:00-04:00,9.979999542236328,9.984999656677246,9.979999542236328,9.984999656677246,729,0.0,0.0,0.0
2024-11-01 14:04:00-04:00,9.984999656677246,9.994999885559082,9.984999656677246,9.989999771118164,30189,0.0,0.0,0.0
2024-11-01 14:06:00-04:00,9.994999885559082,9.994999885559082,9.994999885559082,9.994999885559082,1500,0.0,0.0,0.0
2024-11-01 14:07:00-04:00,9.989999771118164,9.998862266540527,9.984999656677246,9.989999771118164,33748,0.0,0.0,0.0
2024-11-01 14:08:00-04:00,9.989999771118164,9.989999771118164,9.970100402832031,9.970100402832031,20373,0.0,0.0,0.0
2024-11-01 14:09:00-04:00,9.975000381469727,9.975000381469727,9.972000122070312,9.975000381469727,4310,0.0,0.0,0.0
2024-11-01 14:10:00-04:00,9.970100402832031,9.970100402832031,9.970100402832031,9.970100402832031,539,0.0,0.0,0.0
2024-11-01 14:11:00-04:00,9.979999542236328,9.979999542236328,9.979999542236328,9.979999542236328,227,0.0,0.0,0.0
2024-11-01 14:14:00-04:00,9.979999542236328,9.979999542236328,9.979999542236328,9.979999542236328,1005,0.0,0.0,0.0
2024-11-01 14:15:00-04:00,9.979999542236328,9.979999542236328,9.975199699401855,9.979999542236328,640460,0.0,0.0,0.0
2024-11-01 14:16:00-04:00,9.979999542236328,9.979999542236328,9.979999542236328,9.979999542236328,3711,0.0,0.0,0.0
2024-11-01 14:17:00-04:00,9.979999542236328,9.979999542236328,9.979299545288086,9.979999542236328,3783,0.0,0.0,0.0
2024-11-01 14:20:00-04:00,9.97070026397705,9.975099563598633,9.970100402832031,9.973600387573242,2397,0.0,0.0,0.0
2024-11-01 14:21:00-04:00,9.975000381469727,9.975000381469727,9.970000267028809,9.970000267028809,12062,0.0,0.0,0.0
2024-11-01 14:23:00-04:00,9.967900276184082,9.975000381469727,9.960000038146973,9.975000381469727,17741,0.0,0.0,0.0
2024-11-01 14:24:00-04:00,9.970000267028809,9.979999542236328,9.970000267028809,9.979999542236328,8512,0.0,0.0,0.0
2024-11-01 14:25:00-04:00,9.979999542236328,9.979999542236328,9.979999542236328,9.979999542236328,335,0.0,0.0,0.0
2024-11-01 14:26:00-04:00,9.975199699401855,9.979999542236328,9.975199699401855,9.979900360107422,1280,0.0,0.0,0.0
2024-11-01 14:27:00-04:00,9.97819995880127,9.97819995880127,9.97819995880127,9.97819995880127,1003,0.0,0.0,0.0
2024-11-01 14:28:00-04:00,9.975199699401855,9.979999542236328,9.970000267028809,9.975000381469727,7983,0.0,0.0,0.0
2024-11-01 14:30:00-04:00,9.975000381469727,9.975000381469727,9.960000038146973,9.960000038146973,21659,0.0,0.0,0.0
2024-11-01 14:31:00-04:00,9.969599723815918,9.969599723815918,9.969599723815918,9.969599723815918,303,0.0,0.0,0.0
2024-11-01 14:32:00-04:00,9.960100173950195,9.970000267028809,9.960100173950195,9.970000267028809,19000,0.0,0.0,0.0
2024-11-01 14:33:00-04:00,9.975000381469727,9.975000381469727,9.975000381469727,9.975000381469727,350,0.0,0.0,0.0
2024-11-01 14:34:00-04:00,9.970000267028809,9.97719955444336,9.970000267028809,9.97719955444336,2304,0.0,0.0,0.0
2024-11-01 14:35:00-04:00,9.975000381469727,9.979999542236328,9.970000267028809,9.975000381469727,8800,0.0,0.0,0.0
2024-11-01 14:36:00-04:00,9.975099563598633,9.975099563598633,9.975000381469727,9.975000381469727,1859,0.0,0.0,0.0
2024-11-01 14:37:00-04:00,9.979900360107422,9.979900360107422,9.979900360107422,9.979900360107422,310,0.0,0.0,0.0
2024-11-01 14:38:00-04:00,9.970000267028809,9.979999542236328,9.970000267028809,9.975000381469727,7641,0.0,0.0,0.0
2024-11-01 14:39:00-04:00,9.979999542236328,9.979999542236328,9.970000267028809,9.975099563598633,13486,0.0,0.0,0.0
2024-11-01 14:41:00-04:00,9.975000381469727,9.979100227355957,9.975000381469727,9.979100227355957,12993,0.0,0.0,0.0
2024-11-01 14:42:00-04:00,9.971599578857422,9.975000381469727,9.970000267028809,9.970000267028809,24013,0.0,0.0,0.0
2024-11-01 14:43:00-04:00,9.970000267028809,9.975000381469727,9.970000267028809,9.970000267028809,13475,0.0,0.0,0.0
2024-11-01 14:44:00-04:00,9.970100402832031,9.970100402832031,9.970100402832031,9.970100402832031,191,0.0,0.0,0.0
2024-11-01 14:45:00-04:00,9.975000381469727,9.979999542236328,9.975000381469727,9.979999542236328,6046,0.0,0.0,0.0
2024-11-01 14:48:00-04:00,9.979999542236328,9.979999542236328,9.979999542236328,9.979999542236328,380,0.0,0.0,0.0
2024-11-01 14:51:00-04:00,9.979999542236328,9.979999542236328,9.979999542236328,9.979999542236328,215,0.0,0.0,0.0
2024-11-01 14:53:00-04:00,9.975000381469727,9.979999542236328,9.975000381469727,9.979999542236328,5610,0.0,0.0,0.0
2024-11-01 14:54:00-04:00,9.979999542236328,9.979999542236328,9.979999542236328,9.979999542236328,100,0.0,0.0,0.0
2024-11-01 14:55:00-04:00,9.979999542236328,9.979999542236328,9.979999542236328,9.979999542236328,1390,0.0,0.0,0.0
2024-11-01 14:56:00-04:00,9.979999542236328,9.979999542236328,9.979999542236328,9.979999542236328,241,0.0,0.0,0.0
2024-11-01 14:57:00-04:00,9.979999542236328,9.979999542236328,9.979999542236328,9.979999542236328,2185,0.0,0.0,0.0
2024-11-01 15:00:00-04:00,9.979999542236328,9.984999656677246,9.979999542236328,9.984999656677246,1174,0.0,0.0,0.0
2024-11-01 15:01:00-04:00,9.975000381469727,9.979999542236328,9.975000381469727,9.979999542236328,323,0.0,0.0,0.0
2024-11-01 15:02:00-04:00,9.973199844360352,9.979999542236328,9.970000267028809,9.975700378417969,7396,0.0,0.0,0.0
2024-11-01 15:04:00-04:00,9.978599548339844,9.9798002243042,9.978599548339844,9.9798002243042,334,0.0,0.0,0.0
2024-11-01 15:05:00-04:00,9.970100402832031,9.970100402832031,9.970100402832031,9.970100402832031,312,0.0,0.0,0.0
2024-11-01 15:06:00-04:00,9.979999542236328,9.979999542236328,9.979999542236328,9.979999542236328,2495,0.0,0.0,0.0
2024-11-01 15:08:00-04:00,9.985099792480469,9.989999771118164,9.985099792480469,9.987700462341309,2332,0.0,0.0,0.0
2024-11-01 15:09:00-04:00,9.984999656677246,9.985099792480469,9.984999656677246,9.985099792480469,722,0.0,0.0,0.0
2024-11-01 15:10:00-04:00,9.989999771118164,9.989999771118164,9.989999771118164,9.989999771118164,1263,0.0,0.0,0.0
2024-11-01 15:11:00-04:00,9.991900444030762,9.991900444030762,9.989999771118164,9.989999771118164,1759,0.0,0.0,0.0
2024-11-01 15:13:00-04:00,9.991999626159668,9.995400428771973,9.989999771118164,9.994999885559082,4362,0.0,0.0,0.0
2024-11-01 15:14:00-04:00,9.989999771118164,9.989999771118164,9.989999771118164,9.989999771118164,1491,0.0,0.0,0.0
2024-11-01 15:15:00-04:00,9.989999771118164,9.989999771118164,9.989999771118164,9.989999771118164,1572,0.0,0.0,0.0
2024-11-01 15:16:00-04:00,9.989999771118164,9.994999885559082,9.989999771118164,9.99269962310791,382,0.0,0.0,0.0
2024-11-01 15:17:00-04:00,9.994999885559082,9.994999885559082,9.994999885559082,9.994999885559082,488,0.0,0.0,0.0
2024-11-01 15:19:00-04:00,10.0,10.0,9.979999542236328,9.984999656677246,6325,0.0,0.0,0.0
2024-11-01 15:20:00-04:00,9.989999771118164,9.989999771118164,9.989999771118164,9.989999771118164,101,0.0,0.0,0.0
2024-11-01 15:21:00-04:00,9.984999656677246,9.989999771118164,9.984999656677246,9.989999771118164,201,0.0,0.0,0.0
2024-11-01 15:23:00-04:00,9.979999542236328,9.98799991607666,9.979999542236328,9.979999542236328,2054,0.0,0.0,0.0
2024-11-01 15:24:00-04:00,9.972000122070312,9.978799819946289,9.972000122070312,9.978799819946289,945,0.0,0.0,0.0
2024-11-01 15:25:00-04:00,9.972000122070312,9.975000381469727,9.970000267028809,9.975000381469727,4004,0.0,0.0,0.0
2024-11-01 15:26:00-04:00,9.975000381469727,9.977800369262695,9.975000381469727,9.977800369262695,2791,0.0,0.0,0.0
2024-11-01 15:27:00-04:00,9.979999542236328,9.979999542236328,9.978699684143066,9.979900360107422,633,0.0,0.0,0.0
2024-11-01 15:29:00-04:00,9.975000381469727,9.975000381469727,9.975000381469727,9.975000381469727,4150,0.0,0.0,0.0
2024-11-01 15:30:00-04:00,9.975099563598633,9.976900100708008,9.975099563598633,9.976900100708008,1110,0.0,0.0,0.0
2024-11-01 15:31:00-04:00,9.970000267028809,9.970000267028809,9.96969985961914,9.96969985961914,8982,0.0,0.0,0.0
2024-11-01 15:32:00-04:00,9.96500015258789,9.970000267028809,9.96500015258789,9.970000267028809,560,0.0,0.0,0.0
2024-11-01 15:34:00-04:00,9.96500015258789,9.975000381469727,9.96500015258789,9.975000381469727,4524,0.0,0.0,0.0
2024-11-01 15:36:00-04:00,9.975000381469727,9.979999542236328,9.975000381469727,9.979999542236328,893,0.0,0.0,0.0
2024-11-01 15:37:00-04:00,9.975199699401855,9.975500106811523,9.975199699401855,9.975500106811523,647,0.0,0.0,0.0
2024-11-01 15:38:00-04:00,9.979999542236328,9.979999542236328,9.979999542236328,9.979999542236328,500,0.0,0.0,0.0
2024-11-01 15:39:00-04:00,9.975000381469727,9.979999542236328,9.975000381469727,9.979900360107422,1419,0.0,0.0,0.0
2024-11-01 15:40:00-04:00,9.978799819946289,9.978799819946289,9.970000267028809,9.975000381469727,4626,0.0,0.0,0.0
2024-11-01 15:41:00-04:00,9.975000381469727,9.979999542236328,9.975000381469727,9.979999542236328,1336,0.0,0.0,0.0
2024-11-01 15:42:00-04:00,9.979599952697754,9.979900360107422,9.975099563598633,9.979900360107422,1030,0.0,0.0,0.0
2024-11-01 15:43:00-04:00,9.979999542236328,9.979999542236328,9.979999542236328,9.979999542236328,4980,0.0,0.0,0.0
2024-11-01 15:44:00-04:00,9.975000381469727,9.975000381469727,9.975000381469727,9.975000381469727,632,0.0,0.0,0.0
2024-11-01 15:45:00-04:00,9.975000381469727,9.975000381469727,9.970000267028809,9.975000381469727,3681,0.0,0.0,0.0
2024-11-01 15:46:00-04:00,9.97189998626709,9.97189998626709,9.97189998626709,9.97189998626709,738,0.0,0.0,0.0
2024-11-01 15:47:00-04:00,9.979999542236328,9.979999542236328,9.979900360107422,9.979900360107422,574,0.0,0.0,0.0
2024-11-01 15:48:00-04:00,9.977100372314453,9.979999542236328,9.975000381469727,9.975000381469727,7330,0.0,0.0,0.0
2024-11-01 15:49:00-04:00,9.975000381469727,9.976900100708008,9.975000381469727,9.975099563598633,3097,0.0,0.0,0.0
2024-11-01 15:50:00-04:00,9.97070026397705,9.97070026397705,9.960000038146973,9.960700035095215,6237,0.0,0.0,0.0
2024-11-01 15:51:00-04:00,9.960700035095215,9.960700035095215,9.960000038146973,9.960700035095215,526,0.0,0.0,0.0
2024-11-01 15:52:00-04:00,9.960000038146973,9.961999893188477,9.960000038146973,9.960100173950195,934,0.0,0.0,0.0
2024-11-01 15:53:00-04:00,9.960100173950195,9.96500015258789,9.960100173950195,9.961199760437012,1333,0.0,0.0,0.0
2024-11-01 15:54:00-04:00,9.967499732971191,9.970000267028809,9.960000038146973,9.96500015258789,2578,0.0,0.0,0.0
2024-11-01 15:55:00-04:00,9.970000267028809,9.978300094604492,9.970000267028809,9.975000381469727,23963,0.0,0.0,0.0
2024-11-01 15:56:00-04:00,9.975000381469727,9.979999542236328,9.975000381469727,9.975000381469727,3081,0.0,0.0,0.0
2024-11-01 15:57:00-04:00,9.975000381469727,9.979999542236328,9.975000381469727,9.975000381469727,2810,0.0,0.0,0.0
2024-11-01 15:58:00-04:00,9.975000381469727,9.979999542236328,9.975000381469727,9.979299545288086,1281,0.0,0.0,0.0
2024-11-01 15:59:00-04:00,9.979999542236328,9.979999542236328,9.970000267028809,9.975000381469727,5610,0.0,0.0,0.0
