Datetime,Open,High,Low,Close,Volume,Dividends,Stock Splits
2025-02-03 09:30:00-05:00,98.86000061035156,98.86000061035156,97.19999694824219,97.43000030517578,85708,0.0,0.0
2025-02-03 09:31:00-05:00,97.48999786376953,98.05999755859375,97.43000030517578,97.80999755859375,11175,0.0,0.0
2025-02-03 09:32:00-05:00,98.05000305175781,99.22000122070312,98.05000305175781,99.22000122070312,8456,0.0,0.0
2025-02-03 09:33:00-05:00,99.05249786376953,99.05249786376953,98.63999938964844,98.96499633789062,14271,0.0,0.0
2025-02-03 09:34:00-05:00,98.97000122070312,98.99500274658203,98.88680267333984,98.88680267333984,4137,0.0,0.0
2025-02-03 09:35:00-05:00,98.95500183105469,99.0999984741211,98.5999984741211,98.88999938964844,30368,0.0,0.0
2025-02-03 09:36:00-05:00,98.83999633789062,98.94000244140625,98.40499877929688,98.51499938964844,12475,0.0,0.0
2025-02-03 09:37:00-05:00,98.58000183105469,98.74500274658203,98.3499984741211,98.62999725341797,9333,0.0,0.0
2025-02-03 09:38:00-05:00,98.55999755859375,98.94000244140625,98.49500274658203,98.80000305175781,17115,0.0,0.0
2025-02-03 09:39:00-05:00,98.80000305175781,99.20249938964844,98.80000305175781,99.08499908447266,8377,0.0,0.0
2025-02-03 09:40:00-05:00,99.08000183105469,99.30000305175781,98.94000244140625,98.94000244140625,13237,0.0,0.0
2025-02-03 09:41:00-05:00,98.9749984741211,99.06999969482422,98.91000366210938,98.98500061035156,8666,0.0,0.0
2025-02-03 09:42:00-05:00,98.97000122070312,99.0,98.5999984741211,98.69499969482422,11552,0.0,0.0
2025-02-03 09:43:00-05:00,98.62000274658203,98.7750015258789,98.5,98.7750015258789,6745,0.0,0.0
2025-02-03 09:44:00-05:00,98.73500061035156,98.73500061035156,98.62999725341797,98.62999725341797,2056,0.0,0.0
2025-02-03 09:45:00-05:00,98.62000274658203,98.62000274658203,98.38500213623047,98.38500213623047,5582,0.0,0.0
2025-02-03 09:46:00-05:00,98.38500213623047,98.4800033569336,98.27999877929688,98.30079650878906,5541,0.0,0.0
2025-02-03 09:47:00-05:00,98.43499755859375,98.62000274658203,98.43000030517578,98.61000061035156,3322,0.0,0.0
2025-02-03 09:48:00-05:00,98.6050033569336,98.625,98.4749984741211,98.5,5529,0.0,0.0
2025-02-03 09:49:00-05:00,98.52999877929688,98.52999877929688,98.27999877929688,98.37000274658203,5480,0.0,0.0
2025-02-03 09:50:00-05:00,98.375,98.375,98.30999755859375,98.375,2969,0.0,0.0
2025-02-03 09:51:00-05:00,98.2500991821289,98.53500366210938,98.2500991821289,98.53500366210938,6559,0.0,0.0
2025-02-03 09:52:00-05:00,98.53500366210938,98.6500015258789,98.48999786376953,98.51000213623047,6477,0.0,0.0
2025-02-03 09:53:00-05:00,98.5103988647461,98.81500244140625,98.5103988647461,98.81500244140625,7191,0.0,0.0
2025-02-03 09:54:00-05:00,98.6500015258789,99.06999969482422,98.6500015258789,99.06999969482422,2138,0.0,0.0
2025-02-03 09:55:00-05:00,98.94999694824219,99.1500015258789,98.94999694824219,99.12000274658203,3393,0.0,0.0
2025-02-03 09:56:00-05:00,99.20999908447266,99.43000030517578,99.20999908447266,99.4000015258789,3130,0.0,0.0
2025-02-03 09:57:00-05:00,99.4800033569336,99.55000305175781,99.36000061035156,99.44999694824219,7317,0.0,0.0
2025-02-03 09:58:00-05:00,99.44999694824219,99.56500244140625,99.41999816894531,99.54000091552734,1711,0.0,0.0
2025-02-03 09:59:00-05:00,99.52999877929688,99.64749908447266,99.51899719238281,99.63999938964844,3456,0.0,0.0
2025-02-03 10:00:00-05:00,99.55000305175781,99.61000061035156,99.37000274658203,99.43000030517578,11918,0.0,0.0
2025-02-03 10:01:00-05:00,99.58999633789062,99.70880126953125,99.11000061035156,99.1449966430664,5144,0.0,0.0
2025-02-03 10:02:00-05:00,99.25,99.2699966430664,99.24250030517578,99.2699966430664,3458,0.0,0.0
2025-02-03 10:03:00-05:00,99.34500122070312,99.34500122070312,99.08999633789062,99.125,5574,0.0,0.0
2025-02-03 10:04:00-05:00,99.01000213623047,99.06999969482422,98.8563003540039,98.98500061035156,3747,0.0,0.0
2025-02-03 10:05:00-05:00,98.98999786376953,99.16000366210938,98.9800033569336,98.9800033569336,4539,0.0,0.0
2025-02-03 10:06:00-05:00,98.97000122070312,98.98999786376953,98.97000122070312,98.97000122070312,2216,0.0,0.0
2025-02-03 10:07:00-05:00,98.97000122070312,99.06999969482422,98.80619812011719,98.95999908447266,4335,0.0,0.0
2025-02-03 10:08:00-05:00,99.05000305175781,99.08000183105469,98.9458999633789,99.02999877929688,3830,0.0,0.0
2025-02-03 10:09:00-05:00,99.02999877929688,99.02999877929688,98.80999755859375,98.80999755859375,7763,0.0,0.0
2025-02-03 10:10:00-05:00,98.80500030517578,98.80500030517578,98.5250015258789,98.5250015258789,3979,0.0,0.0
2025-02-03 10:11:00-05:00,98.5199966430664,98.5199966430664,98.37999725341797,98.48989868164062,4388,0.0,0.0
2025-02-03 10:12:00-05:00,98.36499786376953,98.36499786376953,98.11499786376953,98.20999908447266,4907,0.0,0.0
2025-02-03 10:13:00-05:00,98.1449966430664,98.19999694824219,98.08979797363281,98.08999633789062,3075,0.0,0.0
2025-02-03 10:14:00-05:00,98.08000183105469,98.13050079345703,97.91000366210938,97.91000366210938,7284,0.0,0.0
2025-02-03 10:15:00-05:00,97.91999816894531,97.93000030517578,97.87999725341797,97.91999816894531,2161,0.0,0.0
2025-02-03 10:16:00-05:00,97.87999725341797,97.88999938964844,97.5,97.51000213623047,15165,0.0,0.0
2025-02-03 10:17:00-05:00,97.51000213623047,97.7699966430664,97.49500274658203,97.7699966430664,7719,0.0,0.0
2025-02-03 10:18:00-05:00,97.7300033569336,97.7300033569336,97.36000061035156,97.36000061035156,5185,0.0,0.0
2025-02-03 10:19:00-05:00,97.4000015258789,97.44409942626953,97.35379791259766,97.35379791259766,2308,0.0,0.0
2025-02-03 10:20:00-05:00,97.4000015258789,97.43000030517578,97.20999908447266,97.20999908447266,3933,0.0,0.0
2025-02-03 10:21:00-05:00,97.25,97.54000091552734,97.0999984741211,97.54000091552734,26463,0.0,0.0
2025-02-03 10:22:00-05:00,97.58499908447266,97.62999725341797,97.41999816894531,97.62999725341797,3389,0.0,0.0
2025-02-03 10:23:00-05:00,97.73999786376953,97.93000030517578,97.73999786376953,97.93000030517578,3961,0.0,0.0
2025-02-03 10:24:00-05:00,97.93000030517578,98.56999969482422,97.93000030517578,98.56999969482422,8142,0.0,0.0
2025-02-03 10:25:00-05:00,98.7300033569336,98.98999786376953,98.72530364990234,98.82499694824219,22773,0.0,0.0
2025-02-03 10:26:00-05:00,98.79499816894531,98.98999786376953,98.62000274658203,98.98999786376953,8742,0.0,0.0
2025-02-03 10:27:00-05:00,98.98999786376953,99.32499694824219,98.88999938964844,99.11499786376953,9689,0.0,0.0
2025-02-03 10:28:00-05:00,99.11499786376953,99.16999816894531,98.97000122070312,99.0999984741211,9521,0.0,0.0
2025-02-03 10:29:00-05:00,99.19000244140625,99.88999938964844,99.16999816894531,99.80999755859375,4388,0.0,0.0
2025-02-03 10:30:00-05:00,99.79000091552734,99.83999633789062,99.63500213623047,99.6500015258789,5556,0.0,0.0
2025-02-03 10:31:00-05:00,99.55000305175781,99.80000305175781,99.47000122070312,99.68499755859375,9210,0.0,0.0
2025-02-03 10:32:00-05:00,99.69000244140625,99.83999633789062,99.69000244140625,99.77570343017578,4041,0.0,0.0
2025-02-03 10:33:00-05:00,99.77999877929688,99.77999877929688,99.6500015258789,99.6500015258789,2621,0.0,0.0
2025-02-03 10:34:00-05:00,99.66000366210938,99.75499725341797,99.55999755859375,99.625,1828,0.0,0.0
2025-02-03 10:35:00-05:00,99.63999938964844,99.76000213623047,99.63999938964844,99.69999694824219,3534,0.0,0.0
2025-02-03 10:36:00-05:00,99.68499755859375,99.68499755859375,99.1500015258789,99.1500015258789,4870,0.0,0.0
2025-02-03 10:37:00-05:00,99.16000366210938,99.37999725341797,99.16000366210938,99.3499984741211,2401,0.0,0.0
2025-02-03 10:38:00-05:00,99.20999908447266,99.26000213623047,99.20999908447266,99.26000213623047,1633,0.0,0.0
2025-02-03 10:39:00-05:00,99.26000213623047,99.37000274658203,99.26000213623047,99.36000061035156,2422,0.0,0.0
2025-02-03 10:40:00-05:00,99.30999755859375,99.44999694824219,99.30999755859375,99.44999694824219,1703,0.0,0.0
2025-02-03 10:41:00-05:00,99.19999694824219,99.55000305175781,99.16999816894531,99.37000274658203,7674,0.0,0.0
2025-02-03 10:42:00-05:00,99.31999969482422,99.31999969482422,99.31999969482422,99.31999969482422,695,0.0,0.0
2025-02-03 10:43:00-05:00,99.54000091552734,99.54000091552734,99.13999938964844,99.13999938964844,4713,0.0,0.0
2025-02-03 10:44:00-05:00,99.24749755859375,99.31500244140625,99.16419982910156,99.16500091552734,1864,0.0,0.0
2025-02-03 10:45:00-05:00,99.20800018310547,99.20800018310547,98.98999786376953,98.98999786376953,2099,0.0,0.0
2025-02-03 10:46:00-05:00,98.98999786376953,99.0,98.87000274658203,98.98500061035156,2996,0.0,0.0
2025-02-03 10:47:00-05:00,98.87000274658203,98.87000274658203,98.81999969482422,98.81999969482422,4825,0.0,0.0
2025-02-03 10:48:00-05:00,98.81999969482422,99.08999633789062,98.81999969482422,98.94000244140625,10241,0.0,0.0
2025-02-03 10:49:00-05:00,98.87999725341797,99.0,98.79000091552734,98.79000091552734,2790,0.0,0.0
2025-02-03 10:50:00-05:00,98.79000091552734,99.0199966430664,98.79000091552734,99.0199966430664,3262,0.0,0.0
2025-02-03 10:51:00-05:00,98.97000122070312,99.0199966430664,98.81999969482422,98.81999969482422,3774,0.0,0.0
2025-02-03 10:52:00-05:00,98.70999908447266,98.88999938964844,98.66999816894531,98.66999816894531,5781,0.0,0.0
2025-02-03 10:53:00-05:00,98.64640045166016,98.70249938964844,98.62000274658203,98.62000274658203,5190,0.0,0.0
2025-02-03 10:54:00-05:00,98.5999984741211,98.62000274658203,98.5,98.5,1393,0.0,0.0
2025-02-03 10:55:00-05:00,98.61499786376953,98.7300033569336,98.61499786376953,98.66999816894531,4989,0.0,0.0
2025-02-03 10:56:00-05:00,98.75,98.75,98.66999816894531,98.68000030517578,5128,0.0,0.0
2025-02-03 10:57:00-05:00,98.77999877929688,99.04000091552734,98.76000213623047,98.76000213623047,6954,0.0,0.0
2025-02-03 10:58:00-05:00,98.76000213623047,98.91000366210938,98.72000122070312,98.87999725341797,2148,0.0,0.0
2025-02-03 10:59:00-05:00,98.95999908447266,99.16999816894531,98.87000274658203,99.16999816894531,3574,0.0,0.0
2025-02-03 11:00:00-05:00,99.18000030517578,99.19999694824219,99.07499694824219,99.19499969482422,2469,0.0,0.0
2025-02-03 11:01:00-05:00,99.37000274658203,99.38999938964844,99.37000274658203,99.38999938964844,1813,0.0,0.0
2025-02-03 11:02:00-05:00,99.30000305175781,99.37999725341797,99.30000305175781,99.30000305175781,1638,0.0,0.0
2025-02-03 11:03:00-05:00,99.08999633789062,99.31500244140625,99.0,99.08999633789062,5893,0.0,0.0
2025-02-03 11:04:00-05:00,98.8499984741211,99.08999633789062,98.83999633789062,98.98750305175781,5055,0.0,0.0
2025-02-03 11:05:00-05:00,98.82250213623047,98.9800033569336,98.66000366210938,98.82250213623047,11690,0.0,0.0
2025-02-03 11:06:00-05:00,98.91999816894531,99.37999725341797,98.83499908447266,99.37999725341797,5940,0.0,0.0
2025-02-03 11:07:00-05:00,99.38500213623047,99.4833984375,99.2699966430664,99.27999877929688,4063,0.0,0.0
2025-02-03 11:09:00-05:00,99.30500030517578,99.33999633789062,99.30500030517578,99.33999633789062,740,0.0,0.0
2025-02-03 11:10:00-05:00,99.5,99.88999938964844,99.48999786376953,99.88999938964844,5680,0.0,0.0
2025-02-03 11:11:00-05:00,99.7699966430664,99.85389709472656,99.6500015258789,99.6500015258789,6189,0.0,0.0
2025-02-03 11:12:00-05:00,99.73999786376953,99.87000274658203,99.72000122070312,99.72000122070312,2396,0.0,0.0
2025-02-03 11:13:00-05:00,99.81510162353516,99.8499984741211,99.73999786376953,99.8499984741211,4208,0.0,0.0
2025-02-03 11:14:00-05:00,99.7699966430664,99.87000274658203,99.7699966430664,99.87000274658203,2034,0.0,0.0
2025-02-03 11:15:00-05:00,99.80000305175781,99.80000305175781,99.76499938964844,99.76499938964844,1226,0.0,0.0
2025-02-03 11:16:00-05:00,99.8501968383789,99.8501968383789,99.41000366210938,99.43000030517578,4103,0.0,0.0
2025-02-03 11:17:00-05:00,99.41000366210938,99.41000366210938,99.41000366210938,99.41000366210938,349,0.0,0.0
2025-02-03 11:18:00-05:00,99.62999725341797,99.72760009765625,99.51000213623047,99.69999694824219,2723,0.0,0.0
2025-02-03 11:19:00-05:00,99.70999908447266,99.76000213623047,99.5999984741211,99.76000213623047,2946,0.0,0.0
2025-02-03 11:20:00-05:00,99.75,99.76000213623047,99.62999725341797,99.76000213623047,5739,0.0,0.0
2025-02-03 11:21:00-05:00,99.55999755859375,99.63500213623047,99.55999755859375,99.61000061035156,1402,0.0,0.0
2025-02-03 11:22:00-05:00,99.61499786376953,99.61499786376953,99.61499786376953,99.61499786376953,413,0.0,0.0
2025-02-03 11:23:00-05:00,99.63999938964844,99.69499969482422,99.47000122070312,99.47000122070312,2388,0.0,0.0
2025-02-03 11:24:00-05:00,99.41000366210938,99.66999816894531,99.41000366210938,99.66999816894531,4147,0.0,0.0
2025-02-03 11:25:00-05:00,99.5999984741211,99.73999786376953,99.5199966430664,99.7300033569336,2448,0.0,0.0
2025-02-03 11:26:00-05:00,99.69000244140625,99.69960021972656,99.52999877929688,99.69960021972656,4600,0.0,0.0
2025-02-03 11:27:00-05:00,99.59500122070312,99.5999984741211,99.37000274658203,99.47000122070312,5119,0.0,0.0
2025-02-03 11:28:00-05:00,99.4800033569336,99.56999969482422,99.47000122070312,99.56999969482422,0,0.0,0.0
2025-02-03 11:29:00-05:00,99.54499816894531,99.6500015258789,99.52749633789062,99.59500122070312,1660,0.0,0.0
2025-02-03 11:30:00-05:00,99.69999694824219,99.70999908447266,99.6500015258789,99.6500015258789,17227,0.0,0.0
2025-02-03 11:31:00-05:00,99.65499877929688,99.73999786376953,99.58999633789062,99.70999908447266,4213,0.0,0.0
2025-02-03 11:32:00-05:00,99.83000183105469,99.91999816894531,99.81999969482422,99.91999816894531,14369,0.0,0.0
2025-02-03 11:33:00-05:00,99.94999694824219,100.02999877929688,99.94499969482422,100.02999877929688,7696,0.0,0.0
2025-02-03 11:35:00-05:00,100.01000213623047,100.04499816894531,99.79000091552734,99.88670349121094,6361,0.0,0.0
2025-02-03 11:36:00-05:00,99.87999725341797,99.88999938964844,99.8550033569336,99.8550033569336,1312,0.0,0.0
2025-02-03 11:37:00-05:00,99.73999786376953,99.83000183105469,99.73999786376953,99.79000091552734,2421,0.0,0.0
2025-02-03 11:38:00-05:00,99.79000091552734,99.79000091552734,99.79000091552734,99.79000091552734,520,0.0,0.0
2025-02-03 11:39:00-05:00,99.77999877929688,99.93000030517578,99.73999786376953,99.9000015258789,3597,0.0,0.0
2025-02-03 11:40:00-05:00,99.84500122070312,99.8499984741211,99.84500122070312,99.8499984741211,1099,0.0,0.0
2025-02-03 11:41:00-05:00,99.76000213623047,99.80000305175781,99.75,99.80000305175781,2019,0.0,0.0
2025-02-03 11:42:00-05:00,99.8499984741211,99.89450073242188,99.70010375976562,99.75,1776,0.0,0.0
2025-02-03 11:43:00-05:00,99.80000305175781,99.80000305175781,99.69000244140625,99.7249984741211,2134,0.0,0.0
2025-02-03 11:44:00-05:00,99.71499633789062,99.80000305175781,99.71499633789062,99.77999877929688,1905,0.0,0.0
2025-02-03 11:45:00-05:00,99.78500366210938,99.78500366210938,99.78500366210938,99.78500366210938,237,0.0,0.0
2025-02-03 11:46:00-05:00,99.83999633789062,99.83999633789062,99.72000122070312,99.76000213623047,3114,0.0,0.0
2025-02-03 11:47:00-05:00,99.76499938964844,99.76499938964844,99.5199966430664,99.5199966430664,2731,0.0,0.0
2025-02-03 11:48:00-05:00,99.6365966796875,99.6365966796875,99.6365966796875,99.6365966796875,1040,0.0,0.0
2025-02-03 11:49:00-05:00,99.38500213623047,99.47000122070312,99.38500213623047,99.44999694824219,2986,0.0,0.0
2025-02-03 11:50:00-05:00,99.55000305175781,99.62000274658203,99.54000091552734,99.54499816894531,3466,0.0,0.0
2025-02-03 11:52:00-05:00,99.54000091552734,99.66999816894531,99.54000091552734,99.66000366210938,2842,0.0,0.0
2025-02-03 11:54:00-05:00,99.5999984741211,99.61000061035156,99.55000305175781,99.55000305175781,1057,0.0,0.0
2025-02-03 11:55:00-05:00,99.55000305175781,99.55000305175781,99.37000274658203,99.42500305175781,2613,0.0,0.0
2025-02-03 11:56:00-05:00,99.44000244140625,99.44000244140625,99.29000091552734,99.29499816894531,1822,0.0,0.0
2025-02-03 11:57:00-05:00,99.13999938964844,99.13999938964844,99.05000305175781,99.11499786376953,3135,0.0,0.0
2025-02-03 11:58:00-05:00,99.12000274658203,99.12000274658203,99.0,99.05000305175781,2325,0.0,0.0
2025-02-03 11:59:00-05:00,99.01000213623047,99.01000213623047,98.91999816894531,98.91999816894531,3483,0.0,0.0
2025-02-03 12:00:00-05:00,98.91200256347656,98.98999786376953,98.91200256347656,98.98999786376953,1095,0.0,0.0
2025-02-03 12:01:00-05:00,99.04000091552734,99.08999633789062,99.0,99.01000213623047,3601,0.0,0.0
2025-02-03 12:02:00-05:00,98.83000183105469,98.83000183105469,98.83000183105469,98.83000183105469,6707,0.0,0.0
2025-02-03 12:03:00-05:00,98.91000366210938,98.91999816894531,98.75,98.81999969482422,8217,0.0,0.0
2025-02-03 12:04:00-05:00,98.81999969482422,98.81999969482422,98.73999786376953,98.81999969482422,775,0.0,0.0
2025-02-03 12:05:00-05:00,98.79000091552734,98.9000015258789,98.79000091552734,98.9000015258789,1198,0.0,0.0
2025-02-03 12:06:00-05:00,98.9000015258789,99.0,98.9000015258789,98.93000030517578,3575,0.0,0.0
2025-02-03 12:07:00-05:00,98.9000015258789,98.9000015258789,98.76499938964844,98.80999755859375,2569,0.0,0.0
2025-02-03 12:08:00-05:00,98.75,98.76000213623047,98.75,98.76000213623047,403,0.0,0.0
2025-02-03 12:09:00-05:00,98.77999877929688,99.01000213623047,98.77999877929688,99.01000213623047,3298,0.0,0.0
2025-02-03 12:10:00-05:00,99.0250015258789,99.0250015258789,99.0250015258789,99.0250015258789,348,0.0,0.0
2025-02-03 12:11:00-05:00,98.9000015258789,98.9000015258789,98.87000274658203,98.87000274658203,1272,0.0,0.0
2025-02-03 12:12:00-05:00,98.9800033569336,98.9800033569336,98.80000305175781,98.80000305175781,1464,0.0,0.0
2025-02-03 12:13:00-05:00,98.8749008178711,98.8749008178711,98.77999877929688,98.8749008178711,2368,0.0,0.0
2025-02-03 12:14:00-05:00,98.69999694824219,98.72000122070312,98.65740203857422,98.65740203857422,885,0.0,0.0
2025-02-03 12:15:00-05:00,98.66000366210938,98.67500305175781,98.61000061035156,98.61000061035156,2103,0.0,0.0
2025-02-03 12:16:00-05:00,98.63999938964844,98.63999938964844,98.63999938964844,98.63999938964844,290,0.0,0.0
2025-02-03 12:17:00-05:00,98.56999969482422,98.56999969482422,98.41889953613281,98.41889953613281,2702,0.0,0.0
2025-02-03 12:18:00-05:00,98.52999877929688,98.56999969482422,98.51000213623047,98.53829956054688,2519,0.0,0.0
2025-02-03 12:19:00-05:00,98.47000122070312,98.47000122070312,98.4000015258789,98.4000015258789,612,0.0,0.0
2025-02-03 12:20:00-05:00,98.44999694824219,98.50240325927734,98.38999938964844,98.50240325927734,1150,0.0,0.0
2025-02-03 12:21:00-05:00,98.56999969482422,98.62000274658203,98.5,98.58999633789062,4648,0.0,0.0
2025-02-03 12:22:00-05:00,98.6500015258789,98.66000366210938,98.6500015258789,98.66000366210938,611,0.0,0.0
2025-02-03 12:23:00-05:00,98.66000366210938,98.68000030517578,98.66000366210938,98.66500091552734,3256,0.0,0.0
2025-02-03 12:24:00-05:00,98.7300033569336,98.76000213623047,98.66999816894531,98.76000213623047,1715,0.0,0.0
2025-02-03 12:25:00-05:00,98.73999786376953,98.91999816894531,98.73999786376953,98.91000366210938,6077,0.0,0.0
2025-02-03 12:26:00-05:00,98.91000366210938,98.94000244140625,98.86009979248047,98.91000366210938,6099,0.0,0.0
2025-02-03 12:27:00-05:00,98.91000366210938,98.91000366210938,98.80000305175781,98.82499694824219,7168,0.0,0.0
2025-02-03 12:28:00-05:00,98.82499694824219,98.82499694824219,98.76000213623047,98.76000213623047,1595,0.0,0.0
2025-02-03 12:29:00-05:00,98.75,98.75499725341797,98.69000244140625,98.7249984741211,2302,0.0,0.0
2025-02-03 12:30:00-05:00,98.72309875488281,98.75,98.72309875488281,98.75,1296,0.0,0.0
2025-02-03 12:31:00-05:00,98.80000305175781,98.81999969482422,98.73999786376953,98.73999786376953,2670,0.0,0.0
2025-02-03 12:32:00-05:00,98.73999786376953,98.77999877929688,98.73999786376953,98.73999786376953,1100,0.0,0.0
2025-02-03 12:33:00-05:00,98.73999786376953,98.73999786376953,98.62000274658203,98.67500305175781,1988,0.0,0.0
2025-02-03 12:34:00-05:00,98.62999725341797,98.62999725341797,98.55000305175781,98.58000183105469,2949,0.0,0.0
2025-02-03 12:35:00-05:00,98.5,98.5199966430664,98.44999694824219,98.44999694824219,3397,0.0,0.0
2025-02-03 12:36:00-05:00,98.44999694824219,98.51000213623047,98.4000015258789,98.44999694824219,10399,0.0,0.0
2025-02-03 12:37:00-05:00,98.36000061035156,98.44999694824219,98.36000061035156,98.44239807128906,2579,0.0,0.0
2025-02-03 12:38:00-05:00,98.44999694824219,98.44999694824219,98.38500213623047,98.38500213623047,2209,0.0,0.0
2025-02-03 12:39:00-05:00,98.43000030517578,98.45999908447266,98.38500213623047,98.44499969482422,4778,0.0,0.0
2025-02-03 12:40:00-05:00,98.54000091552734,98.54000091552734,98.44999694824219,98.44999694824219,2427,0.0,0.0
2025-02-03 12:41:00-05:00,98.45999908447266,98.5,98.22000122070312,98.23999786376953,5056,0.0,0.0
2025-02-03 12:42:00-05:00,98.29000091552734,98.30999755859375,98.29000091552734,98.30000305175781,1807,0.0,0.0
2025-02-03 12:43:00-05:00,98.28500366210938,98.30000305175781,98.28500366210938,98.30000305175781,1135,0.0,0.0
2025-02-03 12:44:00-05:00,98.30500030517578,98.32499694824219,98.27999877929688,98.27999877929688,1480,0.0,0.0
2025-02-03 12:45:00-05:00,98.29499816894531,98.38999938964844,98.29499816894531,98.37999725341797,4538,0.0,0.0
2025-02-03 12:46:00-05:00,98.33999633789062,98.3550033569336,98.27999877929688,98.29000091552734,3752,0.0,0.0
2025-02-03 12:47:00-05:00,98.38059997558594,98.38059997558594,98.28500366210938,98.28500366210938,507,0.0,0.0
2025-02-03 12:48:00-05:00,98.29000091552734,98.30000305175781,98.19000244140625,98.29000091552734,2760,0.0,0.0
2025-02-03 12:49:00-05:00,98.30000305175781,98.30000305175781,98.2300033569336,98.25,3114,0.0,0.0
2025-02-03 12:50:00-05:00,98.2699966430664,98.3499984741211,98.2699966430664,98.30999755859375,1857,0.0,0.0
2025-02-03 12:51:00-05:00,98.38999938964844,98.38999938964844,98.22000122070312,98.22000122070312,3773,0.0,0.0
2025-02-03 12:52:00-05:00,98.14839935302734,98.14839935302734,98.14839935302734,98.14839935302734,1757,0.0,0.0
2025-02-03 12:53:00-05:00,98.27559661865234,98.27559661865234,98.27559661865234,98.27559661865234,102,0.0,0.0
2025-02-03 12:54:00-05:00,98.2300033569336,98.30999755859375,98.2300033569336,98.27999877929688,2739,0.0,0.0
2025-02-03 12:55:00-05:00,98.30889892578125,98.30889892578125,97.80000305175781,97.80999755859375,21408,0.0,0.0
2025-02-03 12:56:00-05:00,97.95999908447266,98.12000274658203,97.95999908447266,98.06999969482422,7948,0.0,0.0
2025-02-03 12:57:00-05:00,98.07499694824219,98.07499694824219,97.91000366210938,97.95999908447266,6435,0.0,0.0
2025-02-03 12:58:00-05:00,97.90750122070312,98.0999984741211,97.90750122070312,98.0999984741211,2942,0.0,0.0
2025-02-03 12:59:00-05:00,98.08499908447266,98.08499908447266,97.97000122070312,98.0,3752,0.0,0.0
2025-02-03 13:00:00-05:00,97.98999786376953,98.0,97.80000305175781,97.80000305175781,2540,0.0,0.0
2025-02-03 13:01:00-05:00,97.80000305175781,98.08999633789062,97.7699966430664,98.08999633789062,4690,0.0,0.0
2025-02-03 13:02:00-05:00,98.0344009399414,98.0344009399414,98.0344009399414,98.0344009399414,965,0.0,0.0
2025-02-03 13:03:00-05:00,98.19999694824219,98.30999755859375,98.19750213623047,98.30999755859375,3504,0.0,0.0
2025-02-03 13:04:00-05:00,98.43000030517578,98.5,98.43000030517578,98.46499633789062,3616,0.0,0.0
2025-02-03 13:06:00-05:00,98.44000244140625,98.50689697265625,98.44000244140625,98.45999908447266,3985,0.0,0.0
2025-02-03 13:07:00-05:00,98.44000244140625,98.58999633789062,98.44000244140625,98.58999633789062,2835,0.0,0.0
2025-02-03 13:08:00-05:00,98.5999984741211,98.87000274658203,98.58999633789062,98.80999755859375,13356,0.0,0.0
2025-02-03 13:09:00-05:00,98.75,98.7750015258789,98.62010192871094,98.62010192871094,3455,0.0,0.0
2025-02-03 13:10:00-05:00,98.58999633789062,98.6500015258789,98.52999877929688,98.61000061035156,3040,0.0,0.0
2025-02-03 13:11:00-05:00,98.61000061035156,98.62999725341797,98.5199966430664,98.58999633789062,2586,0.0,0.0
2025-02-03 13:12:00-05:00,98.58999633789062,98.66000366210938,98.5199966430664,98.66000366210938,9333,0.0,0.0
2025-02-03 13:13:00-05:00,98.66000366210938,98.9000015258789,98.66000366210938,98.9000015258789,2596,0.0,0.0
2025-02-03 13:14:00-05:00,98.94999694824219,98.94999694824219,98.86000061035156,98.86000061035156,2098,0.0,0.0
2025-02-03 13:15:00-05:00,98.86000061035156,98.86000061035156,98.86000061035156,98.86000061035156,347,0.0,0.0
2025-02-03 13:16:00-05:00,98.7699966430664,98.83499908447266,98.76000213623047,98.83499908447266,3114,0.0,0.0
2025-02-03 13:17:00-05:00,98.83499908447266,98.83499908447266,98.76000213623047,98.81500244140625,2735,0.0,0.0
2025-02-03 13:18:00-05:00,98.81500244140625,98.81500244140625,98.81500244140625,98.81500244140625,2882,0.0,0.0
2025-02-03 13:19:00-05:00,98.81500244140625,98.81999969482422,98.69000244140625,98.81999969482422,9443,0.0,0.0
2025-02-03 13:20:00-05:00,98.81999969482422,98.81999969482422,98.80999755859375,98.80999755859375,824,0.0,0.0
2025-02-03 13:21:00-05:00,98.69000244140625,98.80999755859375,98.63999938964844,98.66999816894531,4233,0.0,0.0
2025-02-03 13:22:00-05:00,98.63999938964844,98.94000244140625,98.62999725341797,98.94000244140625,7281,0.0,0.0
2025-02-03 13:23:00-05:00,98.88500213623047,98.88500213623047,98.87999725341797,98.87999725341797,522,0.0,0.0
2025-02-03 13:24:00-05:00,98.91000366210938,98.91000366210938,98.80000305175781,98.8499984741211,6186,0.0,0.0
2025-02-03 13:25:00-05:00,98.88999938964844,98.97200012207031,98.87999725341797,98.97200012207031,3675,0.0,0.0
2025-02-03 13:26:00-05:00,98.9000015258789,98.9800033569336,98.9000015258789,98.91000366210938,632,0.0,0.0
2025-02-03 13:27:00-05:00,98.90499877929688,98.90499877929688,98.90499877929688,98.90499877929688,310,0.0,0.0
2025-02-03 13:28:00-05:00,98.97850036621094,99.0199966430664,98.90360260009766,99.0199966430664,4789,0.0,0.0
2025-02-03 13:29:00-05:00,98.93000030517578,98.9749984741211,98.93000030517578,98.93000030517578,2822,0.0,0.0
2025-02-03 13:30:00-05:00,98.93000030517578,98.93000030517578,98.93000030517578,98.93000030517578,226,0.0,0.0
2025-02-03 13:31:00-05:00,98.93499755859375,99.03500366210938,98.93499755859375,99.03500366210938,1845,0.0,0.0
2025-02-03 13:32:00-05:00,99.04000091552734,99.16999816894531,99.04000091552734,99.16699981689453,5217,0.0,0.0
2025-02-03 13:33:00-05:00,99.05000305175781,99.05000305175781,98.97000122070312,98.97000122070312,2869,0.0,0.0
2025-02-03 13:34:00-05:00,98.96499633789062,98.96499633789062,98.66500091552734,98.66500091552734,2955,0.0,0.0
2025-02-03 13:35:00-05:00,98.63590240478516,98.63590240478516,98.56999969482422,98.56999969482422,306,0.0,0.0
2025-02-03 13:36:00-05:00,98.62999725341797,98.64510345458984,98.62999725341797,98.64510345458984,857,0.0,0.0
2025-02-03 13:37:00-05:00,98.63130187988281,98.6449966430664,98.63130187988281,98.63500213623047,1892,0.0,0.0
2025-02-03 13:38:00-05:00,98.62000274658203,98.68499755859375,98.5999984741211,98.61499786376953,1790,0.0,0.0
2025-02-03 13:39:00-05:00,98.70999908447266,98.76000213623047,98.61499786376953,98.71189880371094,3897,0.0,0.0
2025-02-03 13:40:00-05:00,98.6449966430664,98.73470306396484,98.6449966430664,98.73470306396484,1357,0.0,0.0
2025-02-03 13:41:00-05:00,98.69999694824219,98.76000213623047,98.63999938964844,98.68499755859375,2621,0.0,0.0
2025-02-03 13:42:00-05:00,98.68499755859375,98.68499755859375,98.41000366210938,98.41000366210938,3651,0.0,0.0
2025-02-03 13:43:00-05:00,98.30999755859375,98.30999755859375,98.30999755859375,98.30999755859375,1030,0.0,0.0
2025-02-03 13:44:00-05:00,98.45999908447266,98.4800033569336,98.38500213623047,98.4124984741211,3480,0.0,0.0
2025-02-03 13:45:00-05:00,98.46730041503906,98.4800033569336,98.37999725341797,98.4800033569336,2292,0.0,0.0
2025-02-03 13:46:00-05:00,98.41500091552734,98.58999633789062,98.41500091552734,98.58999633789062,5969,0.0,0.0
2025-02-03 13:47:00-05:00,98.5250015258789,98.5250015258789,98.5250015258789,98.5250015258789,643,0.0,0.0
2025-02-03 13:48:00-05:00,98.5250015258789,98.5250015258789,98.5250015258789,98.5250015258789,320,0.0,0.0
2025-02-03 13:49:00-05:00,98.58999633789062,98.58999633789062,98.51000213623047,98.5250015258789,3204,0.0,0.0
2025-02-03 13:50:00-05:00,98.53500366210938,98.55000305175781,98.53500366210938,98.55000305175781,512,0.0,0.0
2025-02-03 13:51:00-05:00,98.5250015258789,98.58999633789062,98.5250015258789,98.53500366210938,4938,0.0,0.0
2025-02-03 13:52:00-05:00,98.59500122070312,98.59500122070312,98.53500366210938,98.53500366210938,796,0.0,0.0
2025-02-03 13:53:00-05:00,98.53500366210938,98.6449966430664,98.53500366210938,98.5999984741211,5250,0.0,0.0
2025-02-03 13:54:00-05:00,98.61000061035156,98.61000061035156,98.61000061035156,98.61000061035156,578,0.0,0.0
2025-02-03 13:55:00-05:00,98.61000061035156,98.61000061035156,98.46499633789062,98.46499633789062,6201,0.0,0.0
2025-02-03 13:56:00-05:00,98.44999694824219,98.46499633789062,98.44999694824219,98.46499633789062,1983,0.0,0.0
2025-02-03 13:57:00-05:00,98.29000091552734,98.29000091552734,98.16999816894531,98.19000244140625,908,0.0,0.0
2025-02-03 13:58:00-05:00,98.19000244140625,98.19000244140625,98.11000061035156,98.13760375976562,1315,0.0,0.0
2025-02-03 13:59:00-05:00,98.0999984741211,98.29239654541016,98.0999984741211,98.29239654541016,7733,0.0,0.0
2025-02-03 14:00:00-05:00,98.30999755859375,98.5199966430664,98.30000305175781,98.51000213623047,4315,0.0,0.0
2025-02-03 14:01:00-05:00,98.54000091552734,98.58499908447266,98.54000091552734,98.54000091552734,2305,0.0,0.0
2025-02-03 14:02:00-05:00,98.4800033569336,98.4800033569336,98.4800033569336,98.4800033569336,510,0.0,0.0
2025-02-03 14:03:00-05:00,98.54000091552734,98.54000091552734,98.2699966430664,98.30999755859375,4028,0.0,0.0
2025-02-03 14:04:00-05:00,98.41000366210938,98.43000030517578,98.41000366210938,98.43000030517578,1705,0.0,0.0
2025-02-03 14:05:00-05:00,98.43000030517578,98.45500183105469,98.41000366210938,98.45500183105469,1596,0.0,0.0
2025-02-03 14:06:00-05:00,98.45500183105469,98.45500183105469,98.41000366210938,98.45500183105469,2645,0.0,0.0
2025-02-03 14:07:00-05:00,98.45500183105469,98.56999969482422,98.45500183105469,98.51000213623047,4437,0.0,0.0
2025-02-03 14:08:00-05:00,98.55000305175781,98.58999633789062,98.51000213623047,98.55500030517578,4144,0.0,0.0
2025-02-03 14:09:00-05:00,98.58999633789062,98.7125015258789,98.58999633789062,98.70500183105469,3132,0.0,0.0
2025-02-03 14:10:00-05:00,98.71499633789062,98.72000122070312,98.66000366210938,98.66000366210938,1244,0.0,0.0
2025-02-03 14:11:00-05:00,98.62999725341797,98.69999694824219,98.62999725341797,98.69999694824219,449,0.0,0.0
2025-02-03 14:12:00-05:00,98.69999694824219,98.70999908447266,98.6500015258789,98.68000030517578,2752,0.0,0.0
2025-02-03 14:13:00-05:00,98.68000030517578,98.875,98.67500305175781,98.875,6306,0.0,0.0
2025-02-03 14:14:00-05:00,98.87000274658203,98.87000274658203,98.82240295410156,98.87000274658203,1174,0.0,0.0
2025-02-03 14:15:00-05:00,98.87999725341797,98.93000030517578,98.87000274658203,98.9000015258789,4127,0.0,0.0
2025-02-03 14:16:00-05:00,98.93000030517578,98.93000030517578,98.9000015258789,98.9000015258789,3056,0.0,0.0
2025-02-03 14:17:00-05:00,98.91500091552734,98.94499969482422,98.87999725341797,98.94499969482422,4940,0.0,0.0
2025-02-03 14:18:00-05:00,98.94499969482422,98.94499969482422,98.91000366210938,98.92500305175781,3009,0.0,0.0
2025-02-03 14:19:00-05:00,98.92500305175781,98.95369720458984,98.92500305175781,98.93499755859375,1993,0.0,0.0
2025-02-03 14:20:00-05:00,98.93499755859375,98.93499755859375,98.87000274658203,98.8949966430664,1959,0.0,0.0
2025-02-03 14:21:00-05:00,98.83999633789062,98.91000366210938,98.83000183105469,98.8949966430664,3104,0.0,0.0
2025-02-03 14:22:00-05:00,98.83000183105469,98.91000366210938,98.81999969482422,98.86499786376953,4482,0.0,0.0
2025-02-03 14:23:00-05:00,98.85449981689453,98.90190124511719,98.79000091552734,98.83999633789062,3951,0.0,0.0
2025-02-03 14:24:00-05:00,98.82499694824219,98.9000015258789,98.7699966430664,98.87999725341797,6310,0.0,0.0
2025-02-03 14:25:00-05:00,98.87999725341797,98.87999725341797,98.83000183105469,98.83000183105469,2992,0.0,0.0
2025-02-03 14:26:00-05:00,98.84500122070312,98.84500122070312,98.81999969482422,98.82499694824219,962,0.0,0.0
2025-02-03 14:27:00-05:00,98.76170349121094,98.91000366210938,98.76170349121094,98.91000366210938,1639,0.0,0.0
2025-02-03 14:28:00-05:00,98.87999725341797,98.87999725341797,98.76000213623047,98.76000213623047,3385,0.0,0.0
2025-02-03 14:29:00-05:00,98.82499694824219,98.83000183105469,98.72000122070312,98.72000122070312,4321,0.0,0.0
2025-02-03 14:30:00-05:00,98.71499633789062,98.75,98.68000030517578,98.68499755859375,4124,0.0,0.0
2025-02-03 14:31:00-05:00,98.68499755859375,98.75,98.68499755859375,98.70500183105469,3864,0.0,0.0
2025-02-03 14:32:00-05:00,98.70500183105469,98.70999908447266,98.69000244140625,98.69999694824219,3805,0.0,0.0
2025-02-03 14:33:00-05:00,98.67009735107422,98.77999877929688,98.67009735107422,98.76000213623047,5117,0.0,0.0
2025-02-03 14:34:00-05:00,98.76499938964844,98.81999969482422,98.76000213623047,98.78500366210938,2218,0.0,0.0
2025-02-03 14:35:00-05:00,98.78500366210938,98.83000183105469,98.76499938964844,98.77999877929688,3995,0.0,0.0
2025-02-03 14:36:00-05:00,98.80000305175781,98.81400299072266,98.80000305175781,98.80000305175781,1729,0.0,0.0
2025-02-03 14:37:00-05:00,98.80000305175781,98.80000305175781,98.80000305175781,98.80000305175781,1272,0.0,0.0
2025-02-03 14:38:00-05:00,98.81999969482422,98.86000061035156,98.80500030517578,98.82499694824219,3202,0.0,0.0
2025-02-03 14:39:00-05:00,98.7699966430664,98.87000274658203,98.7699966430664,98.7699966430664,6493,0.0,0.0
2025-02-03 14:40:00-05:00,98.7699966430664,98.81999969482422,98.75,98.7750015258789,5184,0.0,0.0
2025-02-03 14:41:00-05:00,98.81999969482422,98.86000061035156,98.79000091552734,98.81999969482422,6459,0.0,0.0
2025-02-03 14:42:00-05:00,98.77749633789062,98.8187026977539,98.69000244140625,98.7249984741211,4232,0.0,0.0
2025-02-03 14:43:00-05:00,98.72000122070312,98.7699966430664,98.68000030517578,98.68000030517578,1109,0.0,0.0
2025-02-03 14:44:00-05:00,98.71990203857422,98.72000122070312,98.70500183105469,98.70500183105469,2691,0.0,0.0
2025-02-03 14:45:00-05:00,98.70500183105469,98.75,98.70500183105469,98.72000122070312,3524,0.0,0.0
2025-02-03 14:46:00-05:00,98.72000122070312,98.72000122070312,98.6500015258789,98.69000244140625,3816,0.0,0.0
2025-02-03 14:47:00-05:00,98.66500091552734,98.70999908447266,98.66500091552734,98.70999908447266,2263,0.0,0.0
2025-02-03 14:48:00-05:00,98.72000122070312,98.81999969482422,98.66500091552734,98.72000122070312,3654,0.0,0.0
2025-02-03 14:49:00-05:00,98.77210235595703,98.80000305175781,98.7300033569336,98.77999877929688,4124,0.0,0.0
2025-02-03 14:50:00-05:00,98.7750015258789,98.77999877929688,98.70500183105469,98.71499633789062,4051,0.0,0.0
2025-02-03 14:51:00-05:00,98.66999816894531,98.69999694824219,98.65499877929688,98.66999816894531,1663,0.0,0.0
2025-02-03 14:52:00-05:00,98.64739990234375,98.64739990234375,98.61000061035156,98.63999938964844,3185,0.0,0.0
2025-02-03 14:53:00-05:00,98.63999938964844,98.80000305175781,98.62000274658203,98.7699966430664,7056,0.0,0.0
2025-02-03 14:54:00-05:00,98.75,98.77999877929688,98.73999786376953,98.76499938964844,2901,0.0,0.0
2025-02-03 14:55:00-05:00,98.76499938964844,98.79000091552734,98.76499938964844,98.79000091552734,2795,0.0,0.0
2025-02-03 14:56:00-05:00,98.7699966430664,98.77999877929688,98.72000122070312,98.72000122070312,2492,0.0,0.0
2025-02-03 14:57:00-05:00,98.72000122070312,98.72000122070312,98.68000030517578,98.68000030517578,3059,0.0,0.0
2025-02-03 14:58:00-05:00,98.5,98.68000030517578,98.5,98.5,4646,0.0,0.0
2025-02-03 14:59:00-05:00,98.45999908447266,98.55000305175781,98.3499984741211,98.55000305175781,6529,0.0,0.0
2025-02-03 15:00:00-05:00,98.55999755859375,98.55999755859375,98.45500183105469,98.45500183105469,1965,0.0,0.0
2025-02-03 15:01:00-05:00,98.45999908447266,98.45999908447266,98.45999908447266,98.45999908447266,1365,0.0,0.0
2025-02-03 15:02:00-05:00,98.47000122070312,98.47000122070312,98.3499984741211,98.3499984741211,2735,0.0,0.0
2025-02-03 15:03:00-05:00,98.38999938964844,98.44000244140625,98.38999938964844,98.44000244140625,2603,0.0,0.0
2025-02-03 15:04:00-05:00,98.41000366210938,98.4800033569336,98.41000366210938,98.45999908447266,2466,0.0,0.0
2025-02-03 15:05:00-05:00,98.44000244140625,98.44499969482422,98.38999938964844,98.38999938964844,3459,0.0,0.0
2025-02-03 15:06:00-05:00,98.38500213623047,98.38999938964844,98.37999725341797,98.38999938964844,1603,0.0,0.0
2025-02-03 15:07:00-05:00,98.41829681396484,98.41829681396484,98.31999969482422,98.33999633789062,5368,0.0,0.0
2025-02-03 15:08:00-05:00,98.3499984741211,98.37999725341797,98.31999969482422,98.33999633789062,3083,0.0,0.0
2025-02-03 15:09:00-05:00,98.33000183105469,98.51000213623047,98.31999969482422,98.51000213623047,6422,0.0,0.0
2025-02-03 15:10:00-05:00,98.48500061035156,98.48500061035156,98.37999725341797,98.37999725341797,2626,0.0,0.0
2025-02-03 15:11:00-05:00,98.37020111083984,98.41809844970703,98.30999755859375,98.36000061035156,9646,0.0,0.0
2025-02-03 15:12:00-05:00,98.37000274658203,98.41000366210938,98.37000274658203,98.41000366210938,962,0.0,0.0
2025-02-03 15:13:00-05:00,98.29000091552734,98.33000183105469,98.29000091552734,98.32499694824219,2208,0.0,0.0
2025-02-03 15:14:00-05:00,98.32499694824219,98.4000015258789,98.32499694824219,98.38999938964844,7646,0.0,0.0
2025-02-03 15:15:00-05:00,98.38999938964844,98.38999938964844,98.36000061035156,98.36000061035156,1564,0.0,0.0
2025-02-03 15:16:00-05:00,98.36000061035156,98.36000061035156,98.25,98.27999877929688,7539,0.0,0.0
2025-02-03 15:17:00-05:00,98.27999877929688,98.27999877929688,98.23999786376953,98.27999877929688,1710,0.0,0.0
2025-02-03 15:18:00-05:00,98.2300033569336,98.33000183105469,98.2300033569336,98.29000091552734,3614,0.0,0.0
2025-02-03 15:19:00-05:00,98.30999755859375,98.31999969482422,98.24099731445312,98.28099822998047,4176,0.0,0.0
2025-02-03 15:20:00-05:00,98.27999877929688,98.31999969482422,98.12999725341797,98.12999725341797,10560,0.0,0.0
2025-02-03 15:21:00-05:00,98.0999984741211,98.1050033569336,98.04209899902344,98.1050033569336,2678,0.0,0.0
2025-02-03 15:22:00-05:00,98.0999984741211,98.2020034790039,98.0999984741211,98.19999694824219,3497,0.0,0.0
2025-02-03 15:23:00-05:00,98.21040344238281,98.21040344238281,98.18000030517578,98.19999694824219,3460,0.0,0.0
2025-02-03 15:24:00-05:00,98.19999694824219,98.23999786376953,98.13500213623047,98.13500213623047,6671,0.0,0.0
2025-02-03 15:25:00-05:00,98.18000030517578,98.22000122070312,98.02999877929688,98.02999877929688,4569,0.0,0.0
2025-02-03 15:26:00-05:00,98.05500030517578,98.11000061035156,98.0,98.08999633789062,9253,0.0,0.0
2025-02-03 15:27:00-05:00,98.11000061035156,98.11000061035156,98.05999755859375,98.08999633789062,6404,0.0,0.0
2025-02-03 15:28:00-05:00,98.09500122070312,98.11000061035156,97.91999816894531,97.91999816894531,4677,0.0,0.0
2025-02-03 15:29:00-05:00,97.9000015258789,97.9000015258789,97.75399780273438,97.75399780273438,7273,0.0,0.0
2025-02-03 15:30:00-05:00,97.75499725341797,97.76000213623047,97.66999816894531,97.7249984741211,4708,0.0,0.0
2025-02-03 15:31:00-05:00,97.7300033569336,97.7300033569336,97.6500015258789,97.66500091552734,6340,0.0,0.0
2025-02-03 15:32:00-05:00,97.66500091552734,97.73999786376953,97.66500091552734,97.68000030517578,9718,0.0,0.0
2025-02-03 15:33:00-05:00,97.69249725341797,97.73999786376953,97.67500305175781,97.68000030517578,3276,0.0,0.0
2025-02-03 15:34:00-05:00,97.68000030517578,97.7488021850586,97.68000030517578,97.68000030517578,4156,0.0,0.0
2025-02-03 15:35:00-05:00,97.46499633789062,97.68000030517578,97.46499633789062,97.46499633789062,5721,0.0,0.0
2025-02-03 15:36:00-05:00,97.5199966430664,97.57499694824219,97.43000030517578,97.4800033569336,10102,0.0,0.0
2025-02-03 15:37:00-05:00,97.46499633789062,97.46499633789062,97.41999816894531,97.41999816894531,2910,0.0,0.0
2025-02-03 15:38:00-05:00,97.46499633789062,97.50330352783203,97.4000015258789,97.41999816894531,5915,0.0,0.0
2025-02-03 15:39:00-05:00,97.37000274658203,97.46070098876953,97.30999755859375,97.30999755859375,4107,0.0,0.0
2025-02-03 15:40:00-05:00,97.33999633789062,97.33999633789062,97.20999908447266,97.20999908447266,4186,0.0,0.0
2025-02-03 15:41:00-05:00,97.23100280761719,97.25,97.08499908447266,97.13999938964844,12269,0.0,0.0
2025-02-03 15:42:00-05:00,97.1500015258789,97.16999816894531,97.11000061035156,97.11000061035156,4164,0.0,0.0
2025-02-03 15:43:00-05:00,97.125,97.12999725341797,97.08999633789062,97.125,4434,0.0,0.0
2025-02-03 15:44:00-05:00,97.16000366210938,97.16999816894531,97.09500122070312,97.10759735107422,12231,0.0,0.0
2025-02-03 15:45:00-05:00,97.125,97.19999694824219,97.0999984741211,97.14800262451172,9499,0.0,0.0
2025-02-03 15:46:00-05:00,97.16000366210938,97.22000122070312,97.11000061035156,97.11000061035156,7207,0.0,0.0
2025-02-03 15:47:00-05:00,97.04000091552734,97.0999984741211,97.04000091552734,97.04000091552734,8546,0.0,0.0
2025-02-03 15:48:00-05:00,97.04000091552734,97.0999984741211,97.01499938964844,97.08000183105469,7234,0.0,0.0
2025-02-03 15:49:00-05:00,97.08499908447266,97.23500061035156,97.06999969482422,97.23500061035156,12729,0.0,0.0
2025-02-03 15:50:00-05:00,97.23999786376953,97.46990203857422,97.1500015258789,97.1500015258789,16508,0.0,0.0
2025-02-03 15:51:00-05:00,97.0999984741211,97.0999984741211,96.94000244140625,97.0,16562,0.0,0.0
2025-02-03 15:52:00-05:00,96.97000122070312,96.98999786376953,96.83999633789062,96.95500183105469,15011,0.0,0.0
2025-02-03 15:53:00-05:00,96.91999816894531,96.97000122070312,96.83999633789062,96.93000030517578,18188,0.0,0.0
2025-02-03 15:54:00-05:00,96.93000030517578,97.08000183105469,96.88999938964844,96.93000030517578,42923,0.0,0.0
2025-02-03 15:55:00-05:00,96.97000122070312,97.01000213623047,96.86499786376953,96.93000030517578,24732,0.0,0.0
2025-02-03 15:56:00-05:00,96.93000030517578,96.9800033569336,96.66999816894531,96.66999816894531,25735,0.0,0.0
2025-02-03 15:57:00-05:00,96.689697265625,96.80500030517578,96.689697265625,96.70999908447266,37497,0.0,0.0
2025-02-03 15:58:00-05:00,96.7699966430664,96.79499816894531,96.66000366210938,96.7699966430664,35392,0.0,0.0
2025-02-03 15:59:00-05:00,96.76499938964844,96.83999633789062,96.66000366210938,96.75,42063,0.0,0.0
2025-02-04 09:30:00-05:00,97.75,98.1500015258789,97.57499694824219,98.11250305175781,25198,0.0,0.0
2025-02-04 09:31:00-05:00,98.29129791259766,98.93000030517578,98.19999694824219,98.93000030517578,5438,0.0,0.0
2025-02-04 09:32:00-05:00,98.94999694824219,98.95999908447266,98.62999725341797,98.70500183105469,6939,0.0,0.0
2025-02-04 09:33:00-05:00,98.69000244140625,98.70999908447266,98.19999694824219,98.19999694824219,5245,0.0,0.0
2025-02-04 09:34:00-05:00,98.34500122070312,98.34500122070312,97.91999816894531,97.97000122070312,4369,0.0,0.0
2025-02-04 09:36:00-05:00,97.79499816894531,97.87999725341797,97.6500015258789,97.65889739990234,4921,0.0,0.0
2025-02-04 09:37:00-05:00,97.9800033569336,98.16500091552734,97.68920135498047,98.11000061035156,2379,0.0,0.0
2025-02-04 09:38:00-05:00,98.06999969482422,98.16999816894531,98.01000213623047,98.16999816894531,1343,0.0,0.0
2025-02-04 09:39:00-05:00,98.0479965209961,98.3499984741211,98.0479965209961,98.30999755859375,2565,0.0,0.0
2025-02-04 09:40:00-05:00,98.24500274658203,98.25,98.13999938964844,98.13999938964844,968,0.0,0.0
2025-02-04 09:41:00-05:00,97.90010070800781,98.16999816894531,97.9000015258789,97.9000015258789,5478,0.0,0.0
2025-02-04 09:42:00-05:00,97.76000213623047,97.91400146484375,97.75,97.76000213623047,2171,0.0,0.0
2025-02-04 09:43:00-05:00,98.0199966430664,98.0199966430664,97.73999786376953,98.0199966430664,2899,0.0,0.0
2025-02-04 09:44:00-05:00,98.12999725341797,98.18000030517578,98.10749816894531,98.10749816894531,1630,0.0,0.0
2025-02-04 09:45:00-05:00,98.19000244140625,98.19000244140625,97.98999786376953,98.0199966430664,4212,0.0,0.0
2025-02-04 09:46:00-05:00,98.05999755859375,98.06999969482422,97.86000061035156,97.86000061035156,4805,0.0,0.0
2025-02-04 09:47:00-05:00,97.79000091552734,97.79000091552734,97.66999816894531,97.66999816894531,1922,0.0,0.0
2025-02-04 09:48:00-05:00,97.7300033569336,97.87999725341797,97.68000030517578,97.68000030517578,3364,0.0,0.0
2025-02-04 09:49:00-05:00,97.70500183105469,97.79000091552734,97.68499755859375,97.68499755859375,2267,0.0,0.0
2025-02-04 09:50:00-05:00,97.67500305175781,97.67500305175781,97.67500305175781,97.67500305175781,861,0.0,0.0
2025-02-04 09:51:00-05:00,97.61000061035156,97.73999786376953,97.4749984741211,97.73999786376953,4731,0.0,0.0
2025-02-04 09:52:00-05:00,97.80999755859375,97.80999755859375,97.69000244140625,97.76499938964844,2599,0.0,0.0
2025-02-04 09:53:00-05:00,97.8499984741211,97.93000030517578,97.79000091552734,97.79000091552734,1599,0.0,0.0
2025-02-04 09:54:00-05:00,97.79000091552734,97.86499786376953,97.75,97.7750015258789,4606,0.0,0.0
2025-02-04 09:55:00-05:00,97.60990142822266,97.80999755859375,97.60990142822266,97.80999755859375,2895,0.0,0.0
2025-02-04 09:56:00-05:00,97.69349670410156,97.69349670410156,97.69000244140625,97.69000244140625,1371,0.0,0.0
2025-02-04 09:57:00-05:00,97.79000091552734,97.8499984741211,97.66999816894531,97.66999816894531,7508,0.0,0.0
2025-02-04 09:58:00-05:00,97.71499633789062,97.76000213623047,97.69999694824219,97.76000213623047,1977,0.0,0.0
2025-02-04 09:59:00-05:00,97.69999694824219,97.88999938964844,97.62999725341797,97.88999938964844,3526,0.0,0.0
2025-02-04 10:00:00-05:00,98.04000091552734,98.16500091552734,97.87000274658203,97.87000274658203,4677,0.0,0.0
2025-02-04 10:01:00-05:00,97.65630340576172,97.75499725341797,97.65630340576172,97.75499725341797,1250,0.0,0.0
2025-02-04 10:02:00-05:00,97.76000213623047,97.87000274658203,97.72000122070312,97.87000274658203,5010,0.0,0.0
2025-02-04 10:03:00-05:00,98.16000366210938,98.16000366210938,98.1500015258789,98.1500015258789,932,0.0,0.0
2025-02-04 10:04:00-05:00,98.22000122070312,98.33999633789062,98.22000122070312,98.33999633789062,3514,0.0,0.0
2025-02-04 10:06:00-05:00,98.38999938964844,98.55500030517578,98.38999938964844,98.4000015258789,4022,0.0,0.0
2025-02-04 10:07:00-05:00,98.41000366210938,98.45999908447266,98.41000366210938,98.45999908447266,1620,0.0,0.0
2025-02-04 10:08:00-05:00,98.47000122070312,98.55000305175781,98.45999908447266,98.55000305175781,3006,0.0,0.0
2025-02-04 10:09:00-05:00,98.58999633789062,98.66000366210938,98.58999633789062,98.62000274658203,3712,0.0,0.0
2025-02-04 10:10:00-05:00,98.62000274658203,98.62000274658203,98.56999969482422,98.58000183105469,2606,0.0,0.0
2025-02-04 10:11:00-05:00,98.58000183105469,98.58000183105469,98.41999816894531,98.42749786376953,1682,0.0,0.0
2025-02-04 10:12:00-05:00,98.41000366210938,98.54000091552734,98.32740020751953,98.45999908447266,2757,0.0,0.0
2025-02-04 10:13:00-05:00,98.45500183105469,98.45500183105469,98.43000030517578,98.44999694824219,1880,0.0,0.0
2025-02-04 10:14:00-05:00,98.45500183105469,98.4625015258789,98.22750091552734,98.22750091552734,3628,0.0,0.0
2025-02-04 10:15:00-05:00,98.3499984741211,98.3499984741211,98.19000244140625,98.20999908447266,3808,0.0,0.0
2025-02-04 10:16:00-05:00,98.25,98.25,98.16000366210938,98.16000366210938,2993,0.0,0.0
2025-02-04 10:18:00-05:00,98.26000213623047,98.26000213623047,98.22000122070312,98.22000122070312,384,0.0,0.0
2025-02-04 10:19:00-05:00,98.30000305175781,98.31500244140625,98.30000305175781,98.31500244140625,1940,0.0,0.0
2025-02-04 10:20:00-05:00,98.3499984741211,98.3499984741211,98.31500244140625,98.31500244140625,1059,0.0,0.0
2025-02-04 10:21:00-05:00,98.31999969482422,98.31999969482422,98.01000213623047,98.13500213623047,6203,0.0,0.0
2025-02-04 10:22:00-05:00,98.125,98.125,97.98999786376953,98.0,2196,0.0,0.0
2025-02-04 10:23:00-05:00,97.95999908447266,97.95999908447266,97.91999816894531,97.95500183105469,1524,0.0,0.0
2025-02-04 10:24:00-05:00,97.94499969482422,97.94499969482422,97.87000274658203,97.87999725341797,2044,0.0,0.0
2025-02-04 10:25:00-05:00,97.87999725341797,97.87999725341797,97.87999725341797,97.87999725341797,362,0.0,0.0
2025-02-04 10:26:00-05:00,97.87999725341797,97.94000244140625,97.83999633789062,97.9000015258789,2577,0.0,0.0
2025-02-04 10:27:00-05:00,97.9000015258789,97.9000015258789,97.88999938964844,97.88999938964844,959,0.0,0.0
2025-02-04 10:28:00-05:00,97.8949966430664,97.8949966430664,97.7249984741211,97.76499938964844,3608,0.0,0.0
2025-02-04 10:29:00-05:00,97.7699966430664,97.8499984741211,97.7699966430664,97.83999633789062,2788,0.0,0.0
2025-02-04 10:30:00-05:00,97.95999908447266,97.97000122070312,97.87999725341797,97.88999938964844,3069,0.0,0.0
2025-02-04 10:31:00-05:00,97.86000061035156,98.02999877929688,97.77999877929688,98.02999877929688,4590,0.0,0.0
2025-02-04 10:33:00-05:00,98.0199966430664,98.16000366210938,98.0199966430664,98.16000366210938,4385,0.0,0.0
2025-02-04 10:34:00-05:00,98.08999633789062,98.09500122070312,97.94000244140625,97.94000244140625,2803,0.0,0.0
2025-02-04 10:35:00-05:00,97.99500274658203,97.99500274658203,97.99500274658203,97.99500274658203,833,0.0,0.0
2025-02-04 10:36:00-05:00,97.99500274658203,97.99500274658203,97.99500274658203,97.99500274658203,647,0.0,0.0
2025-02-04 10:37:00-05:00,98.11000061035156,98.12000274658203,98.08999633789062,98.1050033569336,2046,0.0,0.0
2025-02-04 10:38:00-05:00,98.11000061035156,98.1500015258789,98.02999877929688,98.05500030517578,2508,0.0,0.0
2025-02-04 10:39:00-05:00,98.05500030517578,98.05500030517578,98.0199966430664,98.02999877929688,2526,0.0,0.0
2025-02-04 10:40:00-05:00,98.03500366210938,98.03500366210938,97.97000122070312,98.02999877929688,3256,0.0,0.0
2025-02-04 10:41:00-05:00,97.86000061035156,97.86000061035156,97.86000061035156,97.86000061035156,370,0.0,0.0
2025-02-04 10:42:00-05:00,97.87000274658203,97.9000015258789,97.87000274658203,97.9000015258789,1368,0.0,0.0
2025-02-04 10:43:00-05:00,97.88999938964844,97.98999786376953,97.86000061035156,97.86000061035156,6377,0.0,0.0
2025-02-04 10:44:00-05:00,97.8499984741211,97.875,97.8499984741211,97.875,1425,0.0,0.0
2025-02-04 10:45:00-05:00,97.875,97.875,97.875,97.875,407,0.0,0.0
2025-02-04 10:46:00-05:00,97.7699966430664,97.875,97.7699966430664,97.7699966430664,1074,0.0,0.0
2025-02-04 10:47:00-05:00,97.76000213623047,97.86000061035156,97.66999816894531,97.86000061035156,3917,0.0,0.0
2025-02-04 10:48:00-05:00,97.79499816894531,97.81999969482422,97.70010375976562,97.70500183105469,5100,0.0,0.0
2025-02-04 10:49:00-05:00,97.66500091552734,97.66500091552734,97.55500030517578,97.55500030517578,1659,0.0,0.0
2025-02-04 10:50:00-05:00,97.55500030517578,97.55500030517578,97.5,97.5199966430664,3489,0.0,0.0
2025-02-04 10:51:00-05:00,97.5199966430664,97.61000061035156,97.5199966430664,97.53500366210938,3968,0.0,0.0
2025-02-04 10:52:00-05:00,97.54000091552734,97.54000091552734,97.54000091552734,97.54000091552734,264,0.0,0.0
2025-02-04 10:53:00-05:00,97.63999938964844,97.63999938964844,97.45999908447266,97.45999908447266,844,0.0,0.0
2025-02-04 10:54:00-05:00,97.63999938964844,97.75,97.62000274658203,97.63999938964844,5297,0.0,0.0
2025-02-04 10:55:00-05:00,97.70079803466797,97.72000122070312,97.70079803466797,97.72000122070312,789,0.0,0.0
2025-02-04 10:56:00-05:00,97.75990295410156,97.75990295410156,97.75990295410156,97.75990295410156,441,0.0,0.0
2025-02-04 10:57:00-05:00,97.65499877929688,97.65499877929688,97.6500015258789,97.6500015258789,486,0.0,0.0
2025-02-04 10:58:00-05:00,97.70989990234375,97.70989990234375,97.51000213623047,97.58000183105469,4792,0.0,0.0
2025-02-04 11:00:00-05:00,97.66000366210938,97.66000366210938,97.66000366210938,97.66000366210938,269,0.0,0.0
2025-02-04 11:01:00-05:00,97.80000305175781,97.80000305175781,97.75,97.75,3763,0.0,0.0
2025-02-04 11:02:00-05:00,97.80000305175781,97.88999938964844,97.80000305175781,97.87000274658203,7391,0.0,0.0
2025-02-04 11:03:00-05:00,98.05000305175781,98.09500122070312,98.05000305175781,98.09500122070312,1409,0.0,0.0
2025-02-04 11:04:00-05:00,98.08499908447266,98.08499908447266,98.05000305175781,98.05000305175781,1492,0.0,0.0
2025-02-04 11:05:00-05:00,98.13500213623047,98.13500213623047,98.13500213623047,98.13500213623047,1172,0.0,0.0
2025-02-04 11:06:00-05:00,98.11000061035156,98.11000061035156,98.11000061035156,98.11000061035156,4363,0.0,0.0
2025-02-04 11:07:00-05:00,98.11000061035156,98.11000061035156,98.09320068359375,98.09320068359375,1155,0.0,0.0
2025-02-04 11:08:00-05:00,98.0199966430664,98.05000305175781,98.0,98.0,2804,0.0,0.0
2025-02-04 11:09:00-05:00,97.9000015258789,97.9000015258789,97.9000015258789,97.9000015258789,755,0.0,0.0
2025-02-04 11:10:00-05:00,97.95999908447266,97.96499633789062,97.95999908447266,97.96499633789062,1612,0.0,0.0
2025-02-04 11:11:00-05:00,98.01499938964844,98.06999969482422,98.01499938964844,98.05999755859375,3967,0.0,0.0
2025-02-04 11:12:00-05:00,97.95999908447266,97.95999908447266,97.94499969482422,97.94499969482422,1033,0.0,0.0
2025-02-04 11:13:00-05:00,97.8499984741211,97.8499984741211,97.77999877929688,97.77999877929688,1271,0.0,0.0
2025-02-04 11:14:00-05:00,97.81999969482422,97.85030364990234,97.81999969482422,97.83499908447266,1110,0.0,0.0
2025-02-04 11:15:00-05:00,97.86000061035156,97.9000015258789,97.7750015258789,97.88999938964844,6088,0.0,0.0
2025-02-04 11:16:00-05:00,97.9800033569336,98.02999877929688,97.9800033569336,98.02999877929688,1992,0.0,0.0
2025-02-04 11:17:00-05:00,98.01000213623047,98.01000213623047,98.01000213623047,98.01000213623047,534,0.0,0.0
2025-02-04 11:18:00-05:00,98.01000213623047,98.04840087890625,98.01000213623047,98.04840087890625,1248,0.0,0.0
2025-02-04 11:19:00-05:00,98.0999984741211,98.25,98.0999984741211,98.2499008178711,2273,0.0,0.0
2025-02-04 11:20:00-05:00,98.19499969482422,98.19499969482422,98.13999938964844,98.13999938964844,5849,0.0,0.0
2025-02-04 11:21:00-05:00,98.13999938964844,98.13999938964844,97.99500274658203,98.06999969482422,3117,0.0,0.0
2025-02-04 11:22:00-05:00,98.13999938964844,98.13999938964844,98.13999938964844,98.13999938964844,377,0.0,0.0
2025-02-04 11:23:00-05:00,98.11499786376953,98.12000274658203,98.11499786376953,98.12000274658203,443,0.0,0.0
2025-02-04 11:24:00-05:00,98.18000030517578,98.23500061035156,98.18000030517578,98.23500061035156,4131,0.0,0.0
2025-02-04 11:25:00-05:00,98.14659881591797,98.33000183105469,98.14659881591797,98.33000183105469,1252,0.0,0.0
2025-02-04 11:26:00-05:00,98.25,98.29000091552734,98.25,98.29000091552734,1736,0.0,0.0
2025-02-04 11:28:00-05:00,98.3949966430664,98.47810363769531,98.38500213623047,98.47000122070312,992,0.0,0.0
2025-02-04 11:29:00-05:00,98.38500213623047,98.5999984741211,98.38500213623047,98.41010284423828,5305,0.0,0.0
2025-02-04 11:30:00-05:00,98.5,98.65499877929688,98.5,98.65499877929688,1751,0.0,0.0
2025-02-04 11:31:00-05:00,98.7249984741211,98.7249984741211,98.7249984741211,98.7249984741211,191,0.0,0.0
2025-02-04 11:32:00-05:00,98.73999786376953,98.83000183105469,98.7249984741211,98.81999969482422,2333,0.0,0.0
2025-02-04 11:33:00-05:00,98.81999969482422,98.81999969482422,98.76000213623047,98.76000213623047,1231,0.0,0.0
2025-02-04 11:34:00-05:00,98.80000305175781,98.82830047607422,98.70999908447266,98.70999908447266,3770,0.0,0.0
2025-02-04 11:35:00-05:00,98.75,98.75,98.61000061035156,98.70999908447266,3804,0.0,0.0
2025-02-04 11:36:00-05:00,98.65499877929688,98.65499877929688,98.57150268554688,98.57150268554688,1202,0.0,0.0
2025-02-04 11:37:00-05:00,98.67330169677734,98.67330169677734,98.61479949951172,98.61479949951172,958,0.0,0.0
2025-02-04 11:38:00-05:00,98.69999694824219,98.69999694824219,98.69999694824219,98.69999694824219,555,0.0,0.0
2025-02-04 11:39:00-05:00,98.70249938964844,98.70999908447266,98.68499755859375,98.70999908447266,1907,0.0,0.0
2025-02-04 11:40:00-05:00,98.72000122070312,98.7699966430664,98.68000030517578,98.7699966430664,4636,0.0,0.0
2025-02-04 11:41:00-05:00,98.65499877929688,98.75,98.61000061035156,98.65499877929688,4176,0.0,0.0
2025-02-04 11:42:00-05:00,98.61000061035156,98.61000061035156,98.55000305175781,98.55000305175781,4079,0.0,0.0
2025-02-04 11:44:00-05:00,98.41999816894531,98.41999816894531,98.41999816894531,98.41999816894531,741,0.0,0.0
2025-02-04 11:45:00-05:00,98.44000244140625,98.44000244140625,98.43000030517578,98.43000030517578,731,0.0,0.0
2025-02-04 11:46:00-05:00,98.4800033569336,98.4800033569336,98.38999938964844,98.4800033569336,1541,0.0,0.0
2025-02-04 11:47:00-05:00,98.44000244140625,98.48999786376953,98.44000244140625,98.48999786376953,1300,0.0,0.0
2025-02-04 11:48:00-05:00,98.37000274658203,98.48500061035156,98.37000274658203,98.48500061035156,2232,0.0,0.0
2025-02-04 11:49:00-05:00,98.44000244140625,98.44000244140625,98.44000244140625,98.44000244140625,253,0.0,0.0
2025-02-04 11:50:00-05:00,98.44000244140625,98.51000213623047,98.37000274658203,98.4800033569336,9615,0.0,0.0
2025-02-04 11:51:00-05:00,98.44999694824219,98.55000305175781,98.44999694824219,98.55000305175781,4275,0.0,0.0
2025-02-04 11:52:00-05:00,98.66000366210938,98.80000305175781,98.66000366210938,98.68499755859375,2380,0.0,0.0
2025-02-04 11:53:00-05:00,98.67500305175781,98.67500305175781,98.56999969482422,98.58000183105469,1834,0.0,0.0
2025-02-04 11:54:00-05:00,98.5250015258789,98.63999938964844,98.5250015258789,98.63999938964844,1646,0.0,0.0
2025-02-04 11:55:00-05:00,98.63500213623047,98.63500213623047,98.61499786376953,98.61499786376953,765,0.0,0.0
2025-02-04 11:56:00-05:00,98.58499908447266,98.61000061035156,98.58499908447266,98.61000061035156,1371,0.0,0.0
2025-02-04 11:57:00-05:00,98.59500122070312,98.63999938964844,98.4000015258789,98.4000015258789,4048,0.0,0.0
2025-02-04 11:58:00-05:00,98.29000091552734,98.3499984741211,98.29000091552734,98.34500122070312,1158,0.0,0.0
2025-02-04 11:59:00-05:00,98.43000030517578,98.44000244140625,98.2699966430664,98.2750015258789,6467,0.0,0.0
2025-02-04 12:00:00-05:00,98.28500366210938,98.29499816894531,98.23999786376953,98.29499816894531,1744,0.0,0.0
2025-02-04 12:01:00-05:00,98.27999877929688,98.30000305175781,98.27999877929688,98.30000305175781,695,0.0,0.0
2025-02-04 12:02:00-05:00,98.2300033569336,98.38999938964844,98.2300033569336,98.37999725341797,2479,0.0,0.0
2025-02-04 12:03:00-05:00,98.37999725341797,98.37999725341797,98.37000274658203,98.37999725341797,2249,0.0,0.0
2025-02-04 12:04:00-05:00,98.4800033569336,98.4800033569336,98.4800033569336,98.4800033569336,1321,0.0,0.0
2025-02-04 12:05:00-05:00,98.44000244140625,98.44000244140625,98.44000244140625,98.44000244140625,293,0.0,0.0
2025-02-04 12:06:00-05:00,98.44999694824219,98.5,98.44999694824219,98.5,2900,0.0,0.0
2025-02-04 12:07:00-05:00,98.5199966430664,98.52999877929688,98.49250030517578,98.49500274658203,2496,0.0,0.0
2025-02-04 12:08:00-05:00,98.5199966430664,98.55999755859375,98.43000030517578,98.55999755859375,2278,0.0,0.0
2025-02-04 12:09:00-05:00,98.56999969482422,98.56999969482422,98.56999969482422,98.56999969482422,815,0.0,0.0
2025-02-04 12:10:00-05:00,98.53500366210938,98.53500366210938,98.41999816894531,98.41999816894531,3034,0.0,0.0
2025-02-04 12:11:00-05:00,98.37999725341797,98.37999725341797,98.260498046875,98.260498046875,1710,0.0,0.0
2025-02-04 12:14:00-05:00,98.4800033569336,98.4800033569336,98.30010223388672,98.30010223388672,1094,0.0,0.0
2025-02-04 12:15:00-05:00,98.41999816894531,98.42960357666016,98.41999816894531,98.41999816894531,925,0.0,0.0
2025-02-04 12:16:00-05:00,98.37999725341797,98.43000030517578,98.2300033569336,98.25499725341797,4514,0.0,0.0
2025-02-04 12:17:00-05:00,98.25,98.25,98.18000030517578,98.22000122070312,3768,0.0,0.0
2025-02-04 12:19:00-05:00,98.13999938964844,98.16000366210938,98.12000274658203,98.12000274658203,2271,0.0,0.0
2025-02-04 12:20:00-05:00,98.0,98.01499938964844,98.0,98.0,2076,0.0,0.0
2025-02-04 12:21:00-05:00,97.9800033569336,98.01000213623047,97.9000015258789,98.01000213623047,3333,0.0,0.0
2025-02-04 12:22:00-05:00,98.05000305175781,98.05000305175781,98.05000305175781,98.05000305175781,660,0.0,0.0
2025-02-04 12:24:00-05:00,98.05500030517578,98.05500030517578,98.05000305175781,98.05000305175781,459,0.0,0.0
2025-02-04 12:25:00-05:00,98.0199966430664,98.0199966430664,97.88999938964844,97.95500183105469,1635,0.0,0.0
2025-02-04 12:26:00-05:00,97.83999633789062,97.95999908447266,97.83999633789062,97.95999908447266,1706,0.0,0.0
2025-02-04 12:27:00-05:00,98.01000213623047,98.03500366210938,98.0,98.02999877929688,1627,0.0,0.0
2025-02-04 12:29:00-05:00,97.91999816894531,97.95999908447266,97.88999938964844,97.91000366210938,3862,0.0,0.0
2025-02-04 12:30:00-05:00,97.95999908447266,97.95999908447266,97.8949966430664,97.8949966430664,1643,0.0,0.0
2025-02-04 12:31:00-05:00,97.80000305175781,97.83499908447266,97.80000305175781,97.83499908447266,896,0.0,0.0
2025-02-04 12:32:00-05:00,97.77999877929688,97.81999969482422,97.77999877929688,97.81999969482422,841,0.0,0.0
2025-02-04 12:33:00-05:00,97.87000274658203,97.87999725341797,97.87000274658203,97.87999725341797,1113,0.0,0.0
2025-02-04 12:34:00-05:00,97.98999786376953,98.0999984741211,97.98999786376953,98.0999984741211,2305,0.0,0.0
2025-02-04 12:35:00-05:00,98.1500015258789,98.1500015258789,98.0199966430664,98.0199966430664,2863,0.0,0.0
2025-02-04 12:36:00-05:00,98.11000061035156,98.11000061035156,98.11000061035156,98.11000061035156,133,0.0,0.0
2025-02-04 12:37:00-05:00,98.18190002441406,98.18190002441406,98.11499786376953,98.11499786376953,1051,0.0,0.0
2025-02-04 12:39:00-05:00,98.20999908447266,98.20999908447266,98.20999908447266,98.20999908447266,724,0.0,0.0
2025-02-04 12:40:00-05:00,98.14240264892578,98.16999816894531,98.13999938964844,98.13999938964844,2805,0.0,0.0
2025-02-04 12:41:00-05:00,98.06999969482422,98.0999984741211,98.06999969482422,98.0999984741211,1842,0.0,0.0
2025-02-04 12:42:00-05:00,98.08000183105469,98.1500015258789,98.08000183105469,98.1500015258789,1041,0.0,0.0
2025-02-04 12:44:00-05:00,98.23999786376953,98.23999786376953,98.23999786376953,98.23999786376953,576,0.0,0.0
2025-02-04 12:45:00-05:00,98.16500091552734,98.16500091552734,98.11000061035156,98.1500015258789,2359,0.0,0.0
2025-02-04 12:46:00-05:00,98.19999694824219,98.20500183105469,98.19750213623047,98.20500183105469,802,0.0,0.0
2025-02-04 12:47:00-05:00,98.16799926757812,98.25,98.16799926757812,98.25,633,0.0,0.0
2025-02-04 12:48:00-05:00,98.19999694824219,98.20500183105469,98.16000366210938,98.19999694824219,2984,0.0,0.0
2025-02-04 12:49:00-05:00,98.25,98.30000305175781,98.23500061035156,98.26499938964844,1991,0.0,0.0
2025-02-04 12:50:00-05:00,98.23500061035156,98.23500061035156,98.12000274658203,98.12000274658203,3128,0.0,0.0
2025-02-04 12:51:00-05:00,98.08999633789062,98.13500213623047,98.08999633789062,98.13500213623047,557,0.0,0.0
2025-02-04 12:52:00-05:00,98.16999816894531,98.19000244140625,98.16999816894531,98.18000030517578,585,0.0,0.0
2025-02-04 12:53:00-05:00,98.19999694824219,98.23500061035156,98.18000030517578,98.23500061035156,705,0.0,0.0
2025-02-04 12:54:00-05:00,98.2249984741211,98.2249984741211,98.2249984741211,98.2249984741211,405,0.0,0.0
2025-02-04 12:55:00-05:00,98.22000122070312,98.22000122070312,98.22000122070312,98.22000122070312,1110,0.0,0.0
2025-02-04 12:56:00-05:00,98.23999786376953,98.2699966430664,98.23999786376953,98.2699966430664,1079,0.0,0.0
2025-02-04 12:57:00-05:00,98.30000305175781,98.30999755859375,98.26750183105469,98.29000091552734,2144,0.0,0.0
2025-02-04 12:58:00-05:00,98.33999633789062,98.33999633789062,98.26000213623047,98.26000213623047,1793,0.0,0.0
2025-02-04 13:00:00-05:00,98.23999786376953,98.25,98.22000122070312,98.25,886,0.0,0.0
2025-02-04 13:01:00-05:00,98.30999755859375,98.30999755859375,98.24500274658203,98.24500274658203,2226,0.0,0.0
2025-02-04 13:03:00-05:00,98.24500274658203,98.24500274658203,98.13999938964844,98.17500305175781,2320,0.0,0.0
2025-02-04 13:04:00-05:00,98.1050033569336,98.12220001220703,98.08000183105469,98.12220001220703,1467,0.0,0.0
2025-02-04 13:05:00-05:00,98.08000183105469,98.08000183105469,97.83999633789062,97.83999633789062,2402,0.0,0.0
2025-02-04 13:06:00-05:00,97.83000183105469,98.0199966430664,97.83000183105469,98.0,4017,0.0,0.0
2025-02-04 13:07:00-05:00,98.08499908447266,98.08499908447266,98.02999877929688,98.04000091552734,1714,0.0,0.0
2025-02-04 13:09:00-05:00,98.04000091552734,98.04000091552734,97.97139739990234,97.97139739990234,778,0.0,0.0
2025-02-04 13:10:00-05:00,98.07890319824219,98.07890319824219,98.07890319824219,98.07890319824219,605,0.0,0.0
2025-02-04 13:11:00-05:00,98.09329986572266,98.11499786376953,98.08000183105469,98.09329986572266,1724,0.0,0.0
2025-02-04 13:12:00-05:00,98.12000274658203,98.23999786376953,98.11000061035156,98.23999786376953,1278,0.0,0.0
2025-02-04 13:13:00-05:00,98.16000366210938,98.16000366210938,98.12000274658203,98.12000274658203,999,0.0,0.0
2025-02-04 13:14:00-05:00,98.20999908447266,98.20999908447266,98.20999908447266,98.20999908447266,318,0.0,0.0
2025-02-04 13:15:00-05:00,98.1500015258789,98.1500015258789,98.06559753417969,98.12999725341797,3224,0.0,0.0
2025-02-04 13:16:00-05:00,98.06999969482422,98.07499694824219,98.06999969482422,98.07499694824219,1569,0.0,0.0
2025-02-04 13:17:00-05:00,98.0,98.08000183105469,98.0,98.08000183105469,581,0.0,0.0
2025-02-04 13:18:00-05:00,98.0,98.01499938964844,97.97000122070312,97.97000122070312,1188,0.0,0.0
2025-02-04 13:19:00-05:00,98.0250015258789,98.0250015258789,98.0250015258789,98.0250015258789,1872,0.0,0.0
2025-02-04 13:20:00-05:00,98.06999969482422,98.12000274658203,98.0199966430664,98.12000274658203,3684,0.0,0.0
2025-02-04 13:21:00-05:00,98.08499908447266,98.08499908447266,98.08499908447266,98.08499908447266,492,0.0,0.0
2025-02-04 13:22:00-05:00,98.1500015258789,98.18000030517578,98.12999725341797,98.1449966430664,1635,0.0,0.0
2025-02-04 13:23:00-05:00,98.09539794921875,98.1449966430664,98.09539794921875,98.13999938964844,1125,0.0,0.0
2025-02-04 13:24:00-05:00,98.0999984741211,98.17749786376953,98.0999984741211,98.16999816894531,3219,0.0,0.0
2025-02-04 13:25:00-05:00,98.08999633789062,98.08999633789062,98.08999633789062,98.08999633789062,933,0.0,0.0
2025-02-04 13:26:00-05:00,98.01000213623047,98.01000213623047,98.0,98.0,670,0.0,0.0
2025-02-04 13:27:00-05:00,97.94650268554688,98.0199966430664,97.94650268554688,98.01499938964844,1861,0.0,0.0
2025-02-04 13:28:00-05:00,97.98999786376953,98.0199966430664,97.9800033569336,98.0199966430664,1208,0.0,0.0
2025-02-04 13:29:00-05:00,98.11000061035156,98.11000061035156,98.11000061035156,98.11000061035156,673,0.0,0.0
2025-02-04 13:30:00-05:00,98.06500244140625,98.07499694824219,98.06500244140625,98.07499694824219,512,0.0,0.0
2025-02-04 13:31:00-05:00,98.02999877929688,98.02999877929688,98.0199966430664,98.0199966430664,2058,0.0,0.0
2025-02-04 13:32:00-05:00,98.06500244140625,98.06500244140625,98.06500244140625,98.06500244140625,819,0.0,0.0
2025-02-04 13:34:00-05:00,98.01000213623047,98.01000213623047,97.94000244140625,97.94000244140625,3110,0.0,0.0
2025-02-04 13:35:00-05:00,97.94499969482422,97.94499969482422,97.94499969482422,97.94499969482422,1202,0.0,0.0
2025-02-04 13:36:00-05:00,97.80999755859375,97.88999938964844,97.80999755859375,97.875,4625,0.0,0.0
2025-02-04 13:37:00-05:00,97.91999816894531,97.94000244140625,97.91889953613281,97.93000030517578,3281,0.0,0.0
2025-02-04 13:38:00-05:00,97.9000015258789,97.9000015258789,97.87999725341797,97.88999938964844,1792,0.0,0.0
2025-02-04 13:39:00-05:00,97.80999755859375,97.83000183105469,97.80999755859375,97.83000183105469,1838,0.0,0.0
2025-02-04 13:40:00-05:00,97.88999938964844,97.88999938964844,97.82779693603516,97.875,1423,0.0,0.0
2025-02-04 13:42:00-05:00,97.8550033569336,97.8550033569336,97.8550033569336,97.8550033569336,724,0.0,0.0
2025-02-04 13:43:00-05:00,97.91000366210938,97.93000030517578,97.91000366210938,97.93000030517578,1639,0.0,0.0
2025-02-04 13:44:00-05:00,97.81999969482422,97.81999969482422,97.81999969482422,97.81999969482422,323,0.0,0.0
2025-02-04 13:45:00-05:00,97.84500122070312,97.84500122070312,97.84500122070312,97.84500122070312,679,0.0,0.0
2025-02-04 13:46:00-05:00,97.83999633789062,97.84500122070312,97.80000305175781,97.81999969482422,3116,0.0,0.0
2025-02-04 13:47:00-05:00,97.82499694824219,97.82499694824219,97.82499694824219,97.82499694824219,16860,0.0,0.0
2025-02-04 13:48:00-05:00,97.87999725341797,97.88999938964844,97.7699966430664,97.7699966430664,6053,0.0,0.0
2025-02-04 13:50:00-05:00,97.77999877929688,97.77999877929688,97.77999877929688,97.77999877929688,253,0.0,0.0
2025-02-04 13:51:00-05:00,97.77999877929688,97.77999877929688,97.75,97.75,628,0.0,0.0
2025-02-04 13:52:00-05:00,97.75,97.83000183105469,97.7301025390625,97.77999877929688,4604,0.0,0.0
2025-02-04 13:53:00-05:00,97.8499984741211,97.8949966430664,97.8499984741211,97.8949966430664,1373,0.0,0.0
2025-02-04 13:54:00-05:00,97.89710235595703,97.89710235595703,97.89710235595703,97.89710235595703,647,0.0,0.0
2025-02-04 13:55:00-05:00,97.9000015258789,97.96009826660156,97.86000061035156,97.86930084228516,2303,0.0,0.0
2025-02-04 13:56:00-05:00,97.86100006103516,97.86100006103516,97.86100006103516,97.86100006103516,476,0.0,0.0
2025-02-04 13:57:00-05:00,97.88249969482422,97.88500213623047,97.88249969482422,97.88249969482422,966,0.0,0.0
2025-02-04 13:58:00-05:00,97.94000244140625,97.97000122070312,97.93499755859375,97.97000122070312,2364,0.0,0.0
2025-02-04 13:59:00-05:00,97.91000366210938,97.91000366210938,97.89099884033203,97.89099884033203,1295,0.0,0.0
2025-02-04 14:00:00-05:00,97.9000015258789,97.93000030517578,97.9000015258789,97.9000015258789,848,0.0,0.0
2025-02-04 14:01:00-05:00,97.95999908447266,98.07499694824219,97.95999908447266,98.07499694824219,1855,0.0,0.0
2025-02-04 14:02:00-05:00,98.13500213623047,98.13500213623047,98.08999633789062,98.08999633789062,2105,0.0,0.0
2025-02-04 14:03:00-05:00,98.13500213623047,98.1500015258789,98.13500213623047,98.13500213623047,969,0.0,0.0
2025-02-04 14:05:00-05:00,98.13500213623047,98.13749694824219,98.13500213623047,98.13749694824219,1556,0.0,0.0
2025-02-04 14:06:00-05:00,98.1449966430664,98.1449966430664,98.10759735107422,98.10759735107422,553,0.0,0.0
2025-02-04 14:07:00-05:00,98.1449966430664,98.1449966430664,98.13999938964844,98.13999938964844,735,0.0,0.0
2025-02-04 14:08:00-05:00,98.13999938964844,98.13999938964844,98.02999877929688,98.02999877929688,1771,0.0,0.0
2025-02-04 14:10:00-05:00,98.06999969482422,98.06999969482422,98.06999969482422,98.06999969482422,444,0.0,0.0
2025-02-04 14:11:00-05:00,98.11000061035156,98.11000061035156,98.0199966430664,98.0199966430664,1591,0.0,0.0
2025-02-04 14:12:00-05:00,98.12999725341797,98.12999725341797,98.05999755859375,98.07499694824219,1451,0.0,0.0
2025-02-04 14:13:00-05:00,98.07499694824219,98.07499694824219,98.07499694824219,98.07499694824219,367,0.0,0.0
2025-02-04 14:14:00-05:00,98.0999984741211,98.12000274658203,98.0999984741211,98.12000274658203,1029,0.0,0.0
2025-02-04 14:15:00-05:00,98.06999969482422,98.06999969482422,98.06999969482422,98.06999969482422,1087,0.0,0.0
2025-02-04 14:16:00-05:00,98.06999969482422,98.06999969482422,98.0199966430664,98.0250015258789,1687,0.0,0.0
2025-02-04 14:17:00-05:00,98.0199966430664,98.0199966430664,97.95999908447266,97.9800033569336,1777,0.0,0.0
2025-02-04 14:18:00-05:00,98.0,98.01000213623047,98.0,98.01000213623047,1814,0.0,0.0
2025-02-04 14:19:00-05:00,98.0199966430664,98.0999984741211,98.0199966430664,98.08000183105469,1042,0.0,0.0
2025-02-04 14:21:00-05:00,98.11000061035156,98.13999938964844,98.02999877929688,98.08999633789062,2238,0.0,0.0
2025-02-04 14:22:00-05:00,98.06500244140625,98.06500244140625,97.9000015258789,97.9000015258789,2734,0.0,0.0
2025-02-04 14:23:00-05:00,97.83999633789062,97.91000366210938,97.80999755859375,97.91000366210938,2419,0.0,0.0
2025-02-04 14:24:00-05:00,97.8499984741211,97.86499786376953,97.8499984741211,97.86499786376953,1249,0.0,0.0
2025-02-04 14:25:00-05:00,97.80999755859375,97.80999755859375,97.70999908447266,97.70999908447266,2578,0.0,0.0
2025-02-04 14:26:00-05:00,97.58999633789062,97.58999633789062,97.58999633789062,97.58999633789062,499,0.0,0.0
2025-02-04 14:27:00-05:00,97.6500015258789,97.6500015258789,97.6050033569336,97.6050033569336,347,0.0,0.0
2025-02-04 14:28:00-05:00,97.5999984741211,97.6050033569336,97.58000183105469,97.5999984741211,2134,0.0,0.0
2025-02-04 14:29:00-05:00,97.66000366210938,97.68000030517578,97.63999938964844,97.68000030517578,2141,0.0,0.0
2025-02-04 14:30:00-05:00,97.66500091552734,97.70999908447266,97.66500091552734,97.69000244140625,3293,0.0,0.0
2025-02-04 14:31:00-05:00,97.71499633789062,97.71499633789062,97.66999816894531,97.71499633789062,3985,0.0,0.0
2025-02-04 14:32:00-05:00,97.66000366210938,97.66000366210938,97.58000183105469,97.58000183105469,2506,0.0,0.0
2025-02-04 14:33:00-05:00,97.55000305175781,97.55999755859375,97.55000305175781,97.55000305175781,1374,0.0,0.0
2025-02-04 14:34:00-05:00,97.55000305175781,97.55000305175781,97.55000305175781,97.55000305175781,298,0.0,0.0
2025-02-04 14:35:00-05:00,97.6500015258789,97.6500015258789,97.62000274658203,97.62000274658203,860,0.0,0.0
2025-02-04 14:36:00-05:00,97.61000061035156,97.68499755859375,97.58999633789062,97.65499877929688,5319,0.0,0.0
2025-02-04 14:37:00-05:00,97.72000122070312,97.72000122070312,97.61319732666016,97.61319732666016,569,0.0,0.0
2025-02-04 14:38:00-05:00,97.66000366210938,97.66000366210938,97.5999984741211,97.65499877929688,644,0.0,0.0
2025-02-04 14:39:00-05:00,97.5999984741211,97.66000366210938,97.51000213623047,97.66000366210938,7960,0.0,0.0
2025-02-04 14:40:00-05:00,97.65499877929688,97.65499877929688,97.65499877929688,97.65499877929688,306,0.0,0.0
2025-02-04 14:41:00-05:00,97.65499877929688,97.65499877929688,97.65499877929688,97.65499877929688,641,0.0,0.0
2025-02-04 14:42:00-05:00,97.65499877929688,97.65499877929688,97.5,97.5,2286,0.0,0.0
2025-02-04 14:43:00-05:00,97.5,97.5,97.5,97.5,145,0.0,0.0
2025-02-04 14:44:00-05:00,97.5,97.55500030517578,97.5,97.55500030517578,2549,0.0,0.0
2025-02-04 14:45:00-05:00,97.54000091552734,97.55000305175781,97.54000091552734,97.55000305175781,1190,0.0,0.0
2025-02-04 14:46:00-05:00,97.55000305175781,97.55000305175781,97.5,97.5,1243,0.0,0.0
2025-02-04 14:47:00-05:00,97.5,97.53500366210938,97.5,97.53500366210938,1950,0.0,0.0
2025-02-04 14:48:00-05:00,97.53500366210938,97.53500366210938,97.47000122070312,97.47000122070312,1849,0.0,0.0
2025-02-04 14:49:00-05:00,97.46499633789062,97.46499633789062,97.46499633789062,97.46499633789062,518,0.0,0.0
2025-02-04 14:50:00-05:00,97.41000366210938,97.44999694824219,97.41000366210938,97.44999694824219,818,0.0,0.0
2025-02-04 14:51:00-05:00,97.44999694824219,97.44999694824219,97.3499984741211,97.41999816894531,4131,0.0,0.0
2025-02-04 14:52:00-05:00,97.4000015258789,97.4000015258789,97.37999725341797,97.4000015258789,2615,0.0,0.0
2025-02-04 14:53:00-05:00,97.38999938964844,97.4000015258789,97.3499984741211,97.37000274658203,1899,0.0,0.0
2025-02-04 14:54:00-05:00,97.37999725341797,97.41999816894531,97.37999725341797,97.41999816894531,2272,0.0,0.0
2025-02-04 14:55:00-05:00,97.41000366210938,97.41000366210938,97.41000366210938,97.41000366210938,752,0.0,0.0
2025-02-04 14:56:00-05:00,97.44000244140625,97.4800033569336,97.4000015258789,97.4000015258789,4396,0.0,0.0
2025-02-04 14:57:00-05:00,97.43499755859375,97.43499755859375,97.43499755859375,97.43499755859375,923,0.0,0.0
2025-02-04 14:58:00-05:00,97.40499877929688,97.40499877929688,97.40499877929688,97.40499877929688,920,0.0,0.0
2025-02-04 14:59:00-05:00,97.4000015258789,97.42900085449219,97.13999938964844,97.13999938964844,19037,0.0,0.0
2025-02-04 15:00:00-05:00,97.12999725341797,97.16500091552734,97.11250305175781,97.16500091552734,1735,0.0,0.0
2025-02-04 15:01:00-05:00,97.19000244140625,97.19000244140625,97.08999633789062,97.12000274658203,4598,0.0,0.0
2025-02-04 15:02:00-05:00,97.06999969482422,97.0990982055664,97.0,97.0,3491,0.0,0.0
2025-02-04 15:03:00-05:00,96.93099975585938,96.9749984741211,96.93099975585938,96.95999908447266,2841,0.0,0.0
2025-02-04 15:04:00-05:00,96.9749984741211,97.08000183105469,96.97000122070312,97.0250015258789,5377,0.0,0.0
2025-02-04 15:05:00-05:00,97.02999877929688,97.06999969482422,97.02980041503906,97.05000305175781,1866,0.0,0.0
2025-02-04 15:06:00-05:00,97.0199966430664,97.06500244140625,97.01000213623047,97.05999755859375,2060,0.0,0.0
2025-02-04 15:07:00-05:00,97.06500244140625,97.06500244140625,97.04000091552734,97.04000091552734,1489,0.0,0.0
2025-02-04 15:08:00-05:00,97.01000213623047,97.01000213623047,96.94999694824219,96.9635009765625,2539,0.0,0.0
2025-02-04 15:09:00-05:00,97.06999969482422,97.06999969482422,97.06999969482422,97.06999969482422,967,0.0,0.0
2025-02-04 15:10:00-05:00,97.06999969482422,97.0999984741211,97.06999969482422,97.06999969482422,1552,0.0,0.0
2025-02-04 15:11:00-05:00,97.09500122070312,97.11499786376953,97.06999969482422,97.07499694824219,5393,0.0,0.0
2025-02-04 15:12:00-05:00,97.07499694824219,97.07499694824219,97.06999969482422,97.06999969482422,628,0.0,0.0
2025-02-04 15:13:00-05:00,97.04000091552734,97.04000091552734,96.91999816894531,96.94999694824219,4767,0.0,0.0
2025-02-04 15:14:00-05:00,96.94000244140625,97.0385971069336,96.94000244140625,97.0385971069336,1284,0.0,0.0
2025-02-04 15:15:00-05:00,97.01799774169922,97.01799774169922,97.01799774169922,97.01799774169922,1162,0.0,0.0
2025-02-04 15:16:00-05:00,97.05000305175781,97.05000305175781,96.94999694824219,96.98999786376953,3999,0.0,0.0
2025-02-04 15:17:00-05:00,97.0199966430664,97.06999969482422,97.0,97.04010009765625,2887,0.0,0.0
2025-02-04 15:18:00-05:00,97.05000305175781,97.1500015258789,97.04000091552734,97.1500015258789,3173,0.0,0.0
2025-02-04 15:19:00-05:00,97.09500122070312,97.0999984741211,97.05000305175781,97.0999984741211,3855,0.0,0.0
2025-02-04 15:20:00-05:00,97.12999725341797,97.12999725341797,97.05000305175781,97.12999725341797,1102,0.0,0.0
2025-02-04 15:21:00-05:00,97.05000305175781,97.05999755859375,97.01000213623047,97.05500030517578,2483,0.0,0.0
2025-02-04 15:22:00-05:00,97.05500030517578,97.12000274658203,97.05000305175781,97.12000274658203,2182,0.0,0.0
2025-02-04 15:23:00-05:00,97.01499938964844,97.08000183105469,97.01499938964844,97.01499938964844,3616,0.0,0.0
2025-02-04 15:24:00-05:00,97.05000305175781,97.05000305175781,97.03500366210938,97.03500366210938,2115,0.0,0.0
2025-02-04 15:25:00-05:00,97.08000183105469,97.16000366210938,97.08000183105469,97.13500213623047,3884,0.0,0.0
2025-02-04 15:26:00-05:00,97.12999725341797,97.12999725341797,97.05500030517578,97.0999984741211,4084,0.0,0.0
2025-02-04 15:27:00-05:00,97.05500030517578,97.05500030517578,97.05500030517578,97.05500030517578,515,0.0,0.0
2025-02-04 15:28:00-05:00,97.0199966430664,97.05500030517578,97.0199966430664,97.05500030517578,2049,0.0,0.0
2025-02-04 15:29:00-05:00,97.06759643554688,97.1698989868164,97.06759643554688,97.1698989868164,2460,0.0,0.0
2025-02-04 15:30:00-05:00,97.12750244140625,97.22000122070312,97.12750244140625,97.19999694824219,5425,0.0,0.0
2025-02-04 15:31:00-05:00,97.19999694824219,97.19999694824219,97.12000274658203,97.12000274658203,4096,0.0,0.0
2025-02-04 15:32:00-05:00,97.11000061035156,97.13500213623047,97.11000061035156,97.13500213623047,1193,0.0,0.0
2025-02-04 15:33:00-05:00,97.1449966430664,97.16000366210938,97.11000061035156,97.16000366210938,1603,0.0,0.0
2025-02-04 15:34:00-05:00,97.16500091552734,97.25,97.16500091552734,97.25,5650,0.0,0.0
2025-02-04 15:35:00-05:00,97.23999786376953,97.26000213623047,97.20500183105469,97.2249984741211,3186,0.0,0.0
2025-02-04 15:36:00-05:00,97.24500274658203,97.30999755859375,97.22000122070312,97.27999877929688,4048,0.0,0.0
2025-02-04 15:37:00-05:00,97.31999969482422,97.31999969482422,97.24299621582031,97.24299621582031,801,0.0,0.0
2025-02-04 15:38:00-05:00,97.31500244140625,97.36000061035156,97.2750015258789,97.36000061035156,5143,0.0,0.0
2025-02-04 15:39:00-05:00,97.37999725341797,97.48500061035156,97.37999725341797,97.44999694824219,4502,0.0,0.0
2025-02-04 15:40:00-05:00,97.44000244140625,97.45999908447266,97.44000244140625,97.45999908447266,940,0.0,0.0
2025-02-04 15:41:00-05:00,97.41999816894531,97.43499755859375,97.36499786376953,97.36499786376953,3207,0.0,0.0
2025-02-04 15:42:00-05:00,97.41999816894531,97.48999786376953,97.4000015258789,97.43499755859375,3760,0.0,0.0
2025-02-04 15:43:00-05:00,97.41000366210938,97.41999816894531,97.33999633789062,97.33999633789062,3657,0.0,0.0
2025-02-04 15:44:00-05:00,97.33999633789062,97.38500213623047,97.29499816894531,97.30999755859375,4671,0.0,0.0
2025-02-04 15:45:00-05:00,97.29499816894531,97.41000366210938,97.29499816894531,97.38999938964844,3756,0.0,0.0
2025-02-04 15:46:00-05:00,97.37000274658203,97.37000274658203,97.30000305175781,97.3499984741211,2664,0.0,0.0
2025-02-04 15:47:00-05:00,97.34500122070312,97.3927993774414,97.27999877929688,97.30000305175781,3714,0.0,0.0
2025-02-04 15:48:00-05:00,97.3499984741211,97.41999816894531,97.30000305175781,97.37000274658203,7438,0.0,0.0
2025-02-04 15:49:00-05:00,97.41000366210938,97.48500061035156,97.4000015258789,97.45999908447266,6225,0.0,0.0
2025-02-04 15:50:00-05:00,97.40499877929688,97.41000366210938,97.38999938964844,97.38999938964844,1234,0.0,0.0
2025-02-04 15:51:00-05:00,97.41000366210938,97.41000366210938,97.33999633789062,97.37999725341797,6873,0.0,0.0
2025-02-04 15:52:00-05:00,97.36000061035156,97.44999694824219,97.33999633789062,97.41000366210938,9001,0.0,0.0
2025-02-04 15:53:00-05:00,97.37000274658203,97.4000015258789,97.30000305175781,97.3550033569336,11302,0.0,0.0
2025-02-04 15:54:00-05:00,97.32160186767578,97.34500122070312,97.27999877929688,97.32160186767578,11526,0.0,0.0
2025-02-04 15:55:00-05:00,97.51000213623047,97.5199966430664,97.3499984741211,97.51000213623047,12393,0.0,0.0
2025-02-04 15:56:00-05:00,97.48999786376953,97.5,97.3499984741211,97.37999725341797,10629,0.0,0.0
2025-02-04 15:57:00-05:00,97.41000366210938,97.41000366210938,97.30000305175781,97.30000305175781,10911,0.0,0.0
2025-02-04 15:58:00-05:00,97.3550033569336,97.3550033569336,97.3550033569336,97.3550033569336,21706,0.0,0.0
2025-02-04 15:59:00-05:00,97.31999969482422,97.33999633789062,97.22799682617188,97.23999786376953,34317,0.0,0.0
2025-02-05 09:30:00-05:00,97.30000305175781,97.45999908447266,97.1500015258789,97.37000274658203,20159,0.0,0.0
2025-02-05 09:31:00-05:00,97.2249984741211,97.32499694824219,96.94999694824219,97.23500061035156,4755,0.0,0.0
2025-02-05 09:32:00-05:00,96.97000122070312,97.36640167236328,96.97000122070312,97.36640167236328,655,0.0,0.0
2025-02-05 09:33:00-05:00,97.16999816894531,97.16999816894531,97.16999816894531,97.16999816894531,1586,0.0,0.0
2025-02-05 09:34:00-05:00,97.16999816894531,97.22000122070312,97.16999816894531,97.22000122070312,785,0.0,0.0
2025-02-05 09:35:00-05:00,97.2699966430664,97.6500015258789,97.22000122070312,97.22000122070312,6469,0.0,0.0
2025-02-05 09:36:00-05:00,97.0999984741211,97.16999816894531,96.69999694824219,96.69999694824219,5849,0.0,0.0
2025-02-05 09:37:00-05:00,96.61000061035156,96.72000122070312,96.5999984741211,96.5999984741211,1960,0.0,0.0
2025-02-05 09:38:00-05:00,96.5999984741211,96.72000122070312,96.5999984741211,96.69999694824219,3006,0.0,0.0
2025-02-05 09:40:00-05:00,97.06999969482422,97.06999969482422,97.06999969482422,97.06999969482422,1128,0.0,0.0
2025-02-05 09:41:00-05:00,97.08999633789062,97.08999633789062,97.08999633789062,97.08999633789062,361,0.0,0.0
2025-02-05 09:42:00-05:00,97.0625,97.08319854736328,97.0,97.0199966430664,1432,0.0,0.0
2025-02-05 09:43:00-05:00,97.01499938964844,97.01499938964844,97.01399993896484,97.01399993896484,603,0.0,0.0
2025-02-05 09:44:00-05:00,97.04000091552734,97.0999984741211,96.94000244140625,96.94000244140625,2133,0.0,0.0
2025-02-05 09:45:00-05:00,97.05999755859375,97.36000061035156,97.05999755859375,97.36000061035156,2609,0.0,0.0
2025-02-05 09:46:00-05:00,97.2699966430664,97.51709747314453,97.2699966430664,97.4749984741211,2886,0.0,0.0
2025-02-05 09:47:00-05:00,97.44999694824219,97.44999694824219,97.31670379638672,97.31670379638672,2146,0.0,0.0
2025-02-05 09:48:00-05:00,97.30000305175781,97.30000305175781,97.0999984741211,97.0999984741211,5370,0.0,0.0
2025-02-05 09:49:00-05:00,97.01499938964844,97.18000030517578,96.95999908447266,96.95999908447266,1223,0.0,0.0
2025-02-05 09:50:00-05:00,97.0,97.19999694824219,97.0,97.19999694824219,1579,0.0,0.0
2025-02-05 09:51:00-05:00,97.27999877929688,97.33000183105469,97.25,97.28500366210938,4575,0.0,0.0
2025-02-05 09:52:00-05:00,97.41000366210938,97.75,97.37999725341797,97.68000030517578,11546,0.0,0.0
2025-02-05 09:53:00-05:00,97.53500366210938,97.6050033569336,97.41179656982422,97.54000091552734,2088,0.0,0.0
2025-02-05 09:54:00-05:00,97.67720031738281,97.67720031738281,97.4000015258789,97.52999877929688,4017,0.0,0.0
2025-02-05 09:55:00-05:00,97.5999984741211,97.7300033569336,97.5999984741211,97.7300033569336,3683,0.0,0.0
2025-02-05 09:56:00-05:00,97.6500015258789,97.6500015258789,97.56999969482422,97.56999969482422,3573,0.0,0.0
2025-02-05 09:57:00-05:00,97.56500244140625,97.56500244140625,97.38999938964844,97.38999938964844,1711,0.0,0.0
2025-02-05 09:58:00-05:00,97.55000305175781,97.6698989868164,97.47000122070312,97.50499725341797,3168,0.0,0.0
2025-02-05 09:59:00-05:00,97.39009857177734,97.5999984741211,97.39009857177734,97.48999786376953,1011,0.0,0.0
2025-02-05 10:00:00-05:00,97.58999633789062,97.68000030517578,97.34500122070312,97.38999938964844,12277,0.0,0.0
2025-02-05 10:01:00-05:00,97.3905029296875,97.3905029296875,97.19999694824219,97.22000122070312,3350,0.0,0.0
2025-02-05 10:02:00-05:00,97.23999786376953,97.23999786376953,97.0,97.0,1588,0.0,0.0
2025-02-05 10:03:00-05:00,96.94999694824219,96.94999694824219,96.88999938964844,96.88999938964844,1467,0.0,0.0
2025-02-05 10:04:00-05:00,96.79000091552734,96.79000091552734,96.75,96.75499725341797,1618,0.0,0.0
2025-02-05 10:05:00-05:00,96.52999877929688,96.5999984741211,96.5,96.5999984741211,2722,0.0,0.0
2025-02-05 10:06:00-05:00,96.5999984741211,96.65499877929688,96.5,96.5999984741211,4018,0.0,0.0
2025-02-05 10:07:00-05:00,96.6500015258789,96.72000122070312,96.5199966430664,96.6449966430664,3966,0.0,0.0
2025-02-05 10:08:00-05:00,96.75,96.79000091552734,96.75,96.79000091552734,2371,0.0,0.0
2025-02-05 10:10:00-05:00,96.79000091552734,96.79000091552734,96.7699966430664,96.7699966430664,899,0.0,0.0
2025-02-05 10:11:00-05:00,96.7750015258789,96.80719757080078,96.76499938964844,96.76499938964844,1060,0.0,0.0
2025-02-05 10:12:00-05:00,96.86000061035156,96.91500091552734,96.8499984741211,96.87000274658203,4291,0.0,0.0
2025-02-05 10:13:00-05:00,96.875,96.875,96.86000061035156,96.86000061035156,1433,0.0,0.0
2025-02-05 10:14:00-05:00,96.86000061035156,97.01000213623047,96.86000061035156,97.01000213623047,4097,0.0,0.0
2025-02-05 10:15:00-05:00,97.02760314941406,97.04499816894531,96.970703125,97.04499816894531,2059,0.0,0.0
2025-02-05 10:16:00-05:00,97.05000305175781,97.06999969482422,97.0,97.05500030517578,2237,0.0,0.0
2025-02-05 10:17:00-05:00,97.06500244140625,97.16999816894531,97.06500244140625,97.0999984741211,3614,0.0,0.0
2025-02-05 10:18:00-05:00,97.0999984741211,97.0999984741211,97.0999984741211,97.0999984741211,471,0.0,0.0
2025-02-05 10:19:00-05:00,97.0999984741211,97.0999984741211,97.0999984741211,97.0999984741211,657,0.0,0.0
2025-02-05 10:20:00-05:00,97.16999816894531,97.16999816894531,97.06999969482422,97.06999969482422,2384,0.0,0.0
2025-02-05 10:21:00-05:00,97.01000213623047,97.08999633789062,97.0,97.08999633789062,2988,0.0,0.0
2025-02-05 10:22:00-05:00,97.08000183105469,97.13999938964844,97.06999969482422,97.11499786376953,2417,0.0,0.0
2025-02-05 10:23:00-05:00,97.08999633789062,97.11499786376953,97.08999633789062,97.08999633789062,1901,0.0,0.0
2025-02-05 10:24:00-05:00,96.98999786376953,97.2249984741211,96.98999786376953,97.2249984741211,3385,0.0,0.0
2025-02-05 10:25:00-05:00,97.2300033569336,97.30000305175781,97.2300033569336,97.2699966430664,1853,0.0,0.0
2025-02-05 10:26:00-05:00,97.27999877929688,97.58999633789062,97.27999877929688,97.56500244140625,17687,0.0,0.0
2025-02-05 10:27:00-05:00,97.5999984741211,97.83000183105469,97.5999984741211,97.73999786376953,4183,0.0,0.0
2025-02-05 10:28:00-05:00,97.77999877929688,97.77999877929688,97.72000122070312,97.73999786376953,1251,0.0,0.0
2025-02-05 10:29:00-05:00,97.73979949951172,97.81999969482422,97.73979949951172,97.81999969482422,1257,0.0,0.0
2025-02-05 10:30:00-05:00,97.81999969482422,97.81999969482422,97.63999938964844,97.7063980102539,2411,0.0,0.0
2025-02-05 10:31:00-05:00,97.71499633789062,97.71499633789062,97.28500366210938,97.30500030517578,16201,0.0,0.0
2025-02-05 10:32:00-05:00,97.18000030517578,97.30000305175781,97.18000030517578,97.25749969482422,2222,0.0,0.0
2025-02-05 10:33:00-05:00,97.19000244140625,97.19000244140625,97.16000366210938,97.16000366210938,719,0.0,0.0
2025-02-05 10:34:00-05:00,97.22000122070312,97.2300033569336,97.16999816894531,97.16999816894531,1131,0.0,0.0
2025-02-05 10:35:00-05:00,97.12000274658203,97.23500061035156,97.12000274658203,97.20500183105469,1359,0.0,0.0
2025-02-05 10:36:00-05:00,97.19999694824219,97.30000305175781,97.19999694824219,97.26799774169922,2477,0.0,0.0
2025-02-05 10:37:00-05:00,97.33999633789062,97.33999633789062,97.33999633789062,97.33999633789062,1363,0.0,0.0
2025-02-05 10:39:00-05:00,97.43499755859375,97.43499755859375,97.4124984741211,97.4124984741211,1214,0.0,0.0
2025-02-05 10:40:00-05:00,97.41000366210938,97.41000366210938,97.33000183105469,97.33000183105469,2536,0.0,0.0
2025-02-05 10:41:00-05:00,97.32499694824219,97.32499694824219,97.32499694824219,97.32499694824219,301,0.0,0.0
2025-02-05 10:42:00-05:00,97.32499694824219,97.32499694824219,97.32499694824219,97.32499694824219,799,0.0,0.0
2025-02-05 10:43:00-05:00,97.38999938964844,97.6050033569336,97.37999725341797,97.54000091552734,19001,0.0,0.0
2025-02-05 10:44:00-05:00,97.52040100097656,97.54000091552734,97.42500305175781,97.42500305175781,3535,0.0,0.0
2025-02-05 10:45:00-05:00,97.41999816894531,97.44499969482422,97.36000061035156,97.36000061035156,925,0.0,0.0
2025-02-05 10:46:00-05:00,97.34750366210938,97.3550033569336,97.34750366210938,97.3550033569336,585,0.0,0.0
2025-02-05 10:47:00-05:00,97.23999786376953,97.30999755859375,97.22000122070312,97.22000122070312,1574,0.0,0.0
2025-02-05 10:48:00-05:00,97.04000091552734,97.38069915771484,97.04000091552734,97.38069915771484,9414,0.0,0.0
2025-02-05 10:50:00-05:00,97.24500274658203,97.4000015258789,97.24500274658203,97.33999633789062,2345,0.0,0.0
2025-02-05 10:51:00-05:00,97.2300033569336,97.2300033569336,97.2300033569336,97.2300033569336,464,0.0,0.0
2025-02-05 10:52:00-05:00,97.33999633789062,97.33999633789062,97.33999633789062,97.33999633789062,557,0.0,0.0
2025-02-05 10:53:00-05:00,97.41999816894531,97.43000030517578,97.29010009765625,97.36000061035156,911,0.0,0.0
2025-02-05 10:54:00-05:00,97.36000061035156,97.43000030517578,97.36000061035156,97.36000061035156,1118,0.0,0.0
2025-02-05 10:55:00-05:00,97.36000061035156,97.43000030517578,97.29000091552734,97.37000274658203,5664,0.0,0.0
2025-02-05 10:56:00-05:00,97.19000244140625,97.19000244140625,97.13999938964844,97.1500015258789,1909,0.0,0.0
2025-02-05 10:57:00-05:00,97.23380279541016,97.31790161132812,97.21499633789062,97.21499633789062,1886,0.0,0.0
2025-02-05 10:58:00-05:00,97.20999908447266,97.20999908447266,97.20999908447266,97.20999908447266,904,0.0,0.0
2025-02-05 10:59:00-05:00,97.09500122070312,97.09500122070312,97.09500122070312,97.09500122070312,289,0.0,0.0
2025-02-05 11:00:00-05:00,97.19499969482422,97.19499969482422,97.0999984741211,97.0999984741211,555,0.0,0.0
2025-02-05 11:01:00-05:00,97.08000183105469,97.08000183105469,97.0,97.0,2661,0.0,0.0
2025-02-05 11:02:00-05:00,97.06999969482422,97.12000274658203,97.06999969482422,97.12000274658203,2383,0.0,0.0
2025-02-05 11:05:00-05:00,97.21499633789062,97.21499633789062,97.20999908447266,97.20999908447266,657,0.0,0.0
2025-02-05 11:06:00-05:00,97.26000213623047,97.3550033569336,97.26000213623047,97.3550033569336,2377,0.0,0.0
2025-02-05 11:07:00-05:00,97.30999755859375,97.30999755859375,97.30999755859375,97.30999755859375,843,0.0,0.0
2025-02-05 11:08:00-05:00,97.33999633789062,97.33999633789062,97.33999633789062,97.33999633789062,507,0.0,0.0
2025-02-05 11:09:00-05:00,97.34750366210938,97.48999786376953,97.34750366210938,97.48999786376953,2130,0.0,0.0
2025-02-05 11:10:00-05:00,97.48999786376953,97.48999786376953,97.44000244140625,97.45500183105469,2872,0.0,0.0
2025-02-05 11:13:00-05:00,97.45999908447266,97.45999908447266,97.30999755859375,97.3550033569336,3351,0.0,0.0
2025-02-05 11:14:00-05:00,97.3499984741211,97.41000366210938,97.3499984741211,97.37000274658203,860,0.0,0.0
2025-02-05 11:15:00-05:00,97.3499984741211,97.3499984741211,97.3499984741211,97.3499984741211,200,0.0,0.0
2025-02-05 11:16:00-05:00,97.44029998779297,97.44029998779297,97.3499984741211,97.3499984741211,684,0.0,0.0
2025-02-05 11:17:00-05:00,97.3499984741211,97.3499984741211,97.16999816894531,97.22000122070312,2942,0.0,0.0
2025-02-05 11:18:00-05:00,97.21499633789062,97.27999877929688,97.16010284423828,97.2699966430664,1587,0.0,0.0
2025-02-05 11:19:00-05:00,97.25,97.25,97.25,97.25,1085,0.0,0.0
2025-02-05 11:20:00-05:00,97.25499725341797,97.30000305175781,97.19000244140625,97.30000305175781,1082,0.0,0.0
2025-02-05 11:21:00-05:00,97.3499984741211,97.3499984741211,97.12000274658203,97.125,28526,0.0,0.0
2025-02-05 11:22:00-05:00,97.13999938964844,97.19000244140625,97.01000213623047,97.05000305175781,13323,0.0,0.0
2025-02-05 11:23:00-05:00,97.00250244140625,97.01499938964844,97.00250244140625,97.01499938964844,1491,0.0,0.0
2025-02-05 11:24:00-05:00,97.01950073242188,97.06999969482422,96.98269653320312,97.01499938964844,2304,0.0,0.0
2025-02-05 11:25:00-05:00,97.04000091552734,97.13999938964844,97.04000091552734,97.0999984741211,8745,0.0,0.0
2025-02-05 11:26:00-05:00,97.13500213623047,97.2249984741211,97.13500213623047,97.2249984741211,3123,0.0,0.0
2025-02-05 11:27:00-05:00,97.2699966430664,97.2699966430664,97.2300033569336,97.2300033569336,4864,0.0,0.0
2025-02-05 11:28:00-05:00,97.19000244140625,97.2300033569336,97.18000030517578,97.21499633789062,2760,0.0,0.0
2025-02-05 11:29:00-05:00,97.25,97.2699966430664,97.11000061035156,97.12999725341797,5210,0.0,0.0
2025-02-05 11:30:00-05:00,97.12000274658203,97.2300033569336,97.12000274658203,97.1449966430664,12614,0.0,0.0
2025-02-05 11:31:00-05:00,97.12000274658203,97.12000274658203,97.04000091552734,97.08999633789062,3286,0.0,0.0
2025-02-05 11:33:00-05:00,97.07679748535156,97.07679748535156,97.05000305175781,97.07679748535156,407,0.0,0.0
2025-02-05 11:34:00-05:00,97.08000183105469,97.13999938964844,97.08000183105469,97.11499786376953,3854,0.0,0.0
2025-02-05 11:36:00-05:00,97.11499786376953,97.22000122070312,97.11000061035156,97.16999816894531,12676,0.0,0.0
2025-02-05 11:37:00-05:00,97.16999816894531,97.17500305175781,97.08999633789062,97.17500305175781,3064,0.0,0.0
2025-02-05 11:38:00-05:00,97.20999908447266,97.2699966430664,97.13880157470703,97.23500061035156,6470,0.0,0.0
2025-02-05 11:39:00-05:00,97.20999908447266,97.27999877929688,97.16000366210938,97.20999908447266,7007,0.0,0.0
2025-02-05 11:40:00-05:00,97.22000122070312,97.22000122070312,97.14140319824219,97.14140319824219,747,0.0,0.0
2025-02-05 11:41:00-05:00,97.30989837646484,97.30989837646484,97.13999938964844,97.30989837646484,1250,0.0,0.0
2025-02-05 11:44:00-05:00,97.2300033569336,97.2300033569336,97.2300033569336,97.2300033569336,1129,0.0,0.0
2025-02-05 11:45:00-05:00,97.12999725341797,97.1500015258789,97.125,97.1500015258789,1986,0.0,0.0
2025-02-05 11:47:00-05:00,97.18000030517578,97.18000030517578,97.18000030517578,97.18000030517578,375,0.0,0.0
2025-02-05 11:48:00-05:00,97.1500015258789,97.1500015258789,97.13999938964844,97.13999938964844,2649,0.0,0.0
2025-02-05 11:50:00-05:00,97.21499633789062,97.26380157470703,97.21499633789062,97.26380157470703,2204,0.0,0.0
2025-02-05 11:51:00-05:00,97.23999786376953,97.27999877929688,97.20999908447266,97.27999877929688,675,0.0,0.0
2025-02-05 11:52:00-05:00,97.25,97.29000091552734,97.25,97.29000091552734,771,0.0,0.0
2025-02-05 11:53:00-05:00,97.33000183105469,97.54000091552734,97.33000183105469,97.54000091552734,4914,0.0,0.0
2025-02-05 11:54:00-05:00,97.56500244140625,97.56999969482422,97.56500244140625,97.56999969482422,1070,0.0,0.0
2025-02-05 11:55:00-05:00,97.54000091552734,97.63990020751953,97.54000091552734,97.63990020751953,1073,0.0,0.0
2025-02-05 11:56:00-05:00,97.48999786376953,97.50499725341797,97.44999694824219,97.50499725341797,884,0.0,0.0
2025-02-05 11:57:00-05:00,97.50499725341797,97.52999877929688,97.50499725341797,97.52999877929688,659,0.0,0.0
2025-02-05 11:58:00-05:00,97.58000183105469,97.58000183105469,97.45999908447266,97.48999786376953,1804,0.0,0.0
2025-02-05 11:59:00-05:00,97.48500061035156,97.48500061035156,97.42749786376953,97.4800033569336,4623,0.0,0.0
2025-02-05 12:00:00-05:00,97.5999984741211,97.5999984741211,97.5999984741211,97.5999984741211,915,0.0,0.0
2025-02-05 12:01:00-05:00,97.63999938964844,97.63999938964844,97.63999938964844,97.63999938964844,770,0.0,0.0
2025-02-05 12:02:00-05:00,97.69000244140625,97.69999694824219,97.69000244140625,97.69000244140625,1095,0.0,0.0
2025-02-05 12:03:00-05:00,97.69000244140625,97.69000244140625,97.69000244140625,97.69000244140625,303,0.0,0.0
2025-02-05 12:04:00-05:00,97.68000030517578,97.68000030517578,97.68000030517578,97.68000030517578,253,0.0,0.0
2025-02-05 12:05:00-05:00,97.68000030517578,97.72000122070312,97.68000030517578,97.72000122070312,1734,0.0,0.0
2025-02-05 12:06:00-05:00,97.7699966430664,97.79000091552734,97.7699966430664,97.7750015258789,9164,0.0,0.0
2025-02-05 12:07:00-05:00,97.7750015258789,97.7750015258789,97.68000030517578,97.70999908447266,1899,0.0,0.0
2025-02-05 12:08:00-05:00,97.75,97.75,97.66410064697266,97.7300033569336,1622,0.0,0.0
2025-02-05 12:09:00-05:00,97.6500015258789,97.7300033569336,97.6500015258789,97.7300033569336,958,0.0,0.0
2025-02-05 12:10:00-05:00,97.73999786376953,98.0,97.73999786376953,97.98999786376953,64335,0.0,0.0
2025-02-05 12:11:00-05:00,98.05999755859375,98.19000244140625,98.05999755859375,98.0999984741211,3891,0.0,0.0
2025-02-05 12:12:00-05:00,98.02999877929688,98.02999877929688,98.0250015258789,98.0250015258789,750,0.0,0.0
2025-02-05 12:13:00-05:00,98.0999984741211,98.0999984741211,98.0199966430664,98.0199966430664,1470,0.0,0.0
2025-02-05 12:14:00-05:00,97.98500061035156,97.98500061035156,97.9000015258789,97.9000015258789,1364,0.0,0.0
2025-02-05 12:15:00-05:00,97.75250244140625,97.75499725341797,97.75250244140625,97.75499725341797,348,0.0,0.0
2025-02-05 12:16:00-05:00,97.75499725341797,97.75499725341797,97.68609619140625,97.68609619140625,866,0.0,0.0
2025-02-05 12:17:00-05:00,97.75499725341797,97.75499725341797,97.68000030517578,97.68000030517578,813,0.0,0.0
2025-02-05 12:18:00-05:00,97.54000091552734,97.54000091552734,97.54000091552734,97.54000091552734,347,0.0,0.0
2025-02-05 12:19:00-05:00,97.61499786376953,97.61499786376953,97.53009796142578,97.53009796142578,897,0.0,0.0
2025-02-05 12:20:00-05:00,97.52999877929688,97.52999877929688,97.52999877929688,97.52999877929688,569,0.0,0.0
2025-02-05 12:21:00-05:00,97.4800033569336,97.4800033569336,97.44499969482422,97.44499969482422,2243,0.0,0.0
2025-02-05 12:23:00-05:00,97.4749984741211,97.4749984741211,97.41000366210938,97.44989776611328,987,0.0,0.0
2025-02-05 12:24:00-05:00,97.37999725341797,97.37999725341797,97.37999725341797,97.37999725341797,275,0.0,0.0
2025-02-05 12:25:00-05:00,97.4000015258789,97.4000015258789,97.4000015258789,97.4000015258789,288,0.0,0.0
2025-02-05 12:26:00-05:00,97.33499908447266,97.33499908447266,97.33499908447266,97.33499908447266,513,0.0,0.0
2025-02-05 12:27:00-05:00,97.25,97.30999755859375,97.25,97.30999755859375,637,0.0,0.0
2025-02-05 12:28:00-05:00,97.29199981689453,97.37000274658203,97.29199981689453,97.29499816894531,1971,0.0,0.0
2025-02-05 12:29:00-05:00,97.37000274658203,97.41999816894531,97.36499786376953,97.36499786376953,1902,0.0,0.0
2025-02-05 12:30:00-05:00,97.41999816894531,97.41999816894531,97.41500091552734,97.41500091552734,481,0.0,0.0
2025-02-05 12:31:00-05:00,97.45999908447266,97.45999908447266,97.45999908447266,97.45999908447266,139,0.0,0.0
2025-02-05 12:32:00-05:00,97.41500091552734,97.48999786376953,97.41500091552734,97.48999786376953,1586,0.0,0.0
2025-02-05 12:33:00-05:00,97.43499755859375,97.51000213623047,97.41000366210938,97.41999816894531,2807,0.0,0.0
2025-02-05 12:35:00-05:00,97.33080291748047,97.33080291748047,97.33080291748047,97.33080291748047,245,0.0,0.0
2025-02-05 12:36:00-05:00,97.30000305175781,97.30000305175781,97.30000305175781,97.30000305175781,334,0.0,0.0
2025-02-05 12:37:00-05:00,97.32499694824219,97.32499694824219,97.32499694824219,97.32499694824219,125,0.0,0.0
2025-02-05 12:38:00-05:00,97.3550033569336,97.3550033569336,97.30000305175781,97.30000305175781,834,0.0,0.0
2025-02-05 12:39:00-05:00,97.32499694824219,97.32499694824219,97.32499694824219,97.32499694824219,361,0.0,0.0
2025-02-05 12:40:00-05:00,97.29000091552734,97.30000305175781,97.29000091552734,97.30000305175781,740,0.0,0.0
2025-02-05 12:41:00-05:00,97.3550033569336,97.3550033569336,97.30999755859375,97.30999755859375,728,0.0,0.0
2025-02-05 12:42:00-05:00,97.30000305175781,97.30000305175781,97.25,97.25,1117,0.0,0.0
2025-02-05 12:43:00-05:00,97.2750015258789,97.27999877929688,97.2300033569336,97.2300033569336,1375,0.0,0.0
2025-02-05 12:44:00-05:00,97.27120208740234,97.29920196533203,97.2300033569336,97.2300033569336,634,0.0,0.0
2025-02-05 12:45:00-05:00,97.2208023071289,97.3324966430664,97.2208023071289,97.3324966430664,2910,0.0,0.0
2025-02-05 12:46:00-05:00,97.37000274658203,97.38999938964844,97.33499908447266,97.38999938964844,1707,0.0,0.0
2025-02-05 12:47:00-05:00,97.44999694824219,97.54000091552734,97.44999694824219,97.54000091552734,2319,0.0,0.0
2025-02-05 12:48:00-05:00,97.58000183105469,97.59500122070312,97.58000183105469,97.59500122070312,843,0.0,0.0
2025-02-05 12:49:00-05:00,97.59500122070312,97.59500122070312,97.4800033569336,97.59500122070312,1312,0.0,0.0
2025-02-05 12:51:00-05:00,97.48999786376953,97.48999786376953,97.33999633789062,97.33999633789062,6443,0.0,0.0
2025-02-05 12:53:00-05:00,97.41000366210938,97.43000030517578,97.4000015258789,97.41000366210938,1828,0.0,0.0
2025-02-05 12:54:00-05:00,97.42749786376953,97.45999908447266,97.42749786376953,97.45999908447266,743,0.0,0.0
2025-02-05 12:55:00-05:00,97.4000015258789,97.4000015258789,97.4000015258789,97.4000015258789,186,0.0,0.0
2025-02-05 12:56:00-05:00,97.33999633789062,97.33999633789062,97.19999694824219,97.2300033569336,4431,0.0,0.0
2025-02-05 12:57:00-05:00,97.23999786376953,97.23999786376953,97.23999786376953,97.23999786376953,911,0.0,0.0
2025-02-05 12:59:00-05:00,97.2699966430664,97.30000305175781,97.19999694824219,97.26000213623047,4162,0.0,0.0
2025-02-05 13:02:00-05:00,97.18000030517578,97.23500061035156,97.15499877929688,97.18000030517578,14178,0.0,0.0
2025-02-05 13:03:00-05:00,97.31999969482422,97.37000274658203,97.31500244140625,97.37000274658203,1464,0.0,0.0
2025-02-05 13:04:00-05:00,97.4000015258789,97.54000091552734,97.37000274658203,97.54000091552734,3308,0.0,0.0
2025-02-05 13:05:00-05:00,97.38999938964844,97.50279998779297,97.38999938964844,97.50279998779297,439,0.0,0.0
2025-02-05 13:06:00-05:00,97.58999633789062,97.58999633789062,97.58999633789062,97.58999633789062,512,0.0,0.0
2025-02-05 13:07:00-05:00,97.58000183105469,97.58000183105469,97.55999755859375,97.55999755859375,370,0.0,0.0
2025-02-05 13:08:00-05:00,97.5199966430664,97.5199966430664,97.5199966430664,97.5199966430664,792,0.0,0.0
2025-02-05 13:09:00-05:00,97.5199966430664,97.5199966430664,97.4645004272461,97.4645004272461,588,0.0,0.0
2025-02-05 13:10:00-05:00,97.44999694824219,97.44999694824219,97.40499877929688,97.40499877929688,1170,0.0,0.0
2025-02-05 13:11:00-05:00,97.36000061035156,97.36000061035156,97.36000061035156,97.36000061035156,414,0.0,0.0
2025-02-05 13:12:00-05:00,97.38999938964844,97.43070220947266,97.38999938964844,97.43070220947266,512,0.0,0.0
2025-02-05 13:13:00-05:00,97.37999725341797,97.37999725341797,97.37999725341797,97.37999725341797,355,0.0,0.0
2025-02-05 13:14:00-05:00,97.375,97.375,97.375,97.375,394,0.0,0.0
2025-02-05 13:15:00-05:00,97.47000122070312,97.47000122070312,97.33999633789062,97.3499984741211,1870,0.0,0.0
2025-02-05 13:16:00-05:00,97.33999633789062,97.33999633789062,97.33000183105469,97.33000183105469,1751,0.0,0.0
2025-02-05 13:17:00-05:00,97.31600189208984,97.31600189208984,97.28500366210938,97.28500366210938,548,0.0,0.0
2025-02-05 13:18:00-05:00,97.28500366210938,97.43000030517578,97.28500366210938,97.375,3395,0.0,0.0
2025-02-05 13:19:00-05:00,97.35590362548828,97.35590362548828,97.35590362548828,97.35590362548828,370,0.0,0.0
2025-02-05 13:20:00-05:00,97.3499984741211,97.37000274658203,97.3499984741211,97.37000274658203,242,0.0,0.0
2025-02-05 13:21:00-05:00,97.37000274658203,97.3949966430664,97.37000274658203,97.39009857177734,648,0.0,0.0
2025-02-05 13:22:00-05:00,97.38999938964844,97.38999938964844,97.27999877929688,97.27999877929688,2407,0.0,0.0
2025-02-05 13:23:00-05:00,97.2699966430664,97.55000305175781,97.2699966430664,97.41000366210938,30355,0.0,0.0
2025-02-05 13:24:00-05:00,97.41999816894531,97.41999816894531,97.36139678955078,97.41999816894531,1118,0.0,0.0
2025-02-05 13:25:00-05:00,97.36000061035156,97.42500305175781,97.33000183105469,97.33999633789062,1619,0.0,0.0
2025-02-05 13:26:00-05:00,97.375,97.44999694824219,97.33999633789062,97.375,1086,0.0,0.0
2025-02-05 13:27:00-05:00,97.44000244140625,97.44999694824219,97.31999969482422,97.31999969482422,1731,0.0,0.0
2025-02-05 13:28:00-05:00,97.37999725341797,97.37999725341797,97.31999969482422,97.37999725341797,807,0.0,0.0
2025-02-05 13:29:00-05:00,97.37999725341797,97.5,97.25,97.25,9633,0.0,0.0
2025-02-05 13:30:00-05:00,97.25,97.318603515625,97.25,97.26499938964844,879,0.0,0.0
2025-02-05 13:31:00-05:00,97.26499938964844,97.26499938964844,97.22000122070312,97.22000122070312,679,0.0,0.0
2025-02-05 13:32:00-05:00,97.25,97.29000091552734,97.2300033569336,97.2750015258789,3243,0.0,0.0
2025-02-05 13:33:00-05:00,97.2750015258789,97.3499984741211,97.27249908447266,97.33999633789062,4105,0.0,0.0
2025-02-05 13:34:00-05:00,97.33999633789062,97.37999725341797,97.33999633789062,97.33999633789062,877,0.0,0.0
2025-02-05 13:35:00-05:00,97.33999633789062,97.33999633789062,97.33999633789062,97.33999633789062,501,0.0,0.0
2025-02-05 13:36:00-05:00,97.32749938964844,97.32749938964844,97.32749938964844,97.32749938964844,384,0.0,0.0
2025-02-05 13:38:00-05:00,97.33999633789062,97.34500122070312,97.30000305175781,97.33999633789062,2295,0.0,0.0
2025-02-05 13:40:00-05:00,97.30000305175781,97.4000015258789,97.27999877929688,97.38999938964844,6533,0.0,0.0
2025-02-05 13:41:00-05:00,97.37989807128906,97.37989807128906,97.37989807128906,97.37989807128906,419,0.0,0.0
2025-02-05 13:42:00-05:00,97.16999816894531,97.16999816894531,97.16999816894531,97.16999816894531,565,0.0,0.0
2025-02-05 13:44:00-05:00,97.2300033569336,97.27999877929688,97.2300033569336,97.27999877929688,972,0.0,0.0
2025-02-05 13:45:00-05:00,97.29000091552734,97.33000183105469,97.29000091552734,97.30500030517578,1581,0.0,0.0
2025-02-05 13:46:00-05:00,97.41999816894531,97.41999816894531,97.41999816894531,97.41999816894531,443,0.0,0.0
2025-02-05 13:47:00-05:00,97.41999816894531,97.45999908447266,97.41999816894531,97.45999908447266,734,0.0,0.0
2025-02-05 13:48:00-05:00,97.49500274658203,97.49500274658203,97.49500274658203,97.49500274658203,340,0.0,0.0
2025-02-05 13:49:00-05:00,97.48999786376953,97.59500122070312,97.48999786376953,97.55500030517578,2941,0.0,0.0
2025-02-05 13:51:00-05:00,97.54000091552734,97.54000091552734,97.54000091552734,97.54000091552734,162,0.0,0.0
2025-02-05 13:52:00-05:00,97.58499908447266,97.58499908447266,97.51000213623047,97.51000213623047,2443,0.0,0.0
2025-02-05 13:53:00-05:00,97.44999694824219,97.44999694824219,97.41999816894531,97.41999816894531,799,0.0,0.0
2025-02-05 13:54:00-05:00,97.37000274658203,97.41000366210938,97.3375015258789,97.38999938964844,1990,0.0,0.0
2025-02-05 13:55:00-05:00,97.31999969482422,97.31999969482422,97.30999755859375,97.31999969482422,1461,0.0,0.0
2025-02-05 13:56:00-05:00,97.20999908447266,97.29000091552734,97.20999908447266,97.28500366210938,690,0.0,0.0
2025-02-05 13:57:00-05:00,97.3499984741211,97.44999694824219,97.33499908447266,97.44999694824219,3861,0.0,0.0
2025-02-05 13:58:00-05:00,97.46499633789062,97.46499633789062,97.46499633789062,97.46499633789062,163,0.0,0.0
2025-02-05 13:59:00-05:00,97.44000244140625,97.44000244140625,97.41000366210938,97.44000244140625,1450,0.0,0.0
2025-02-05 14:00:00-05:00,97.37000274658203,97.41999816894531,97.33999633789062,97.36910247802734,1883,0.0,0.0
2025-02-05 14:03:00-05:00,97.36000061035156,97.36000061035156,97.36000061035156,97.36000061035156,174,0.0,0.0
2025-02-05 14:04:00-05:00,97.37000274658203,97.37000274658203,97.33000183105469,97.35749816894531,2532,0.0,0.0
2025-02-05 14:05:00-05:00,97.20999908447266,97.20999908447266,97.20999908447266,97.20999908447266,553,0.0,0.0
2025-02-05 14:06:00-05:00,97.2384033203125,97.23999786376953,97.2384033203125,97.23999786376953,1093,0.0,0.0
2025-02-05 14:07:00-05:00,97.22000122070312,97.22000122070312,97.22000122070312,97.22000122070312,986,0.0,0.0
2025-02-05 14:09:00-05:00,97.19999694824219,97.19999694824219,97.19999694824219,97.19999694824219,468,0.0,0.0
2025-02-05 14:10:00-05:00,97.18499755859375,97.2699966430664,97.18499755859375,97.2699966430664,2725,0.0,0.0
2025-02-05 14:11:00-05:00,97.22000122070312,97.26170349121094,97.19999694824219,97.19999694824219,1294,0.0,0.0
2025-02-05 14:12:00-05:00,97.2699966430664,97.2699966430664,97.2699966430664,97.2699966430664,1120,0.0,0.0
2025-02-05 14:13:00-05:00,97.28500366210938,97.30999755859375,97.23999786376953,97.25,5023,0.0,0.0
2025-02-05 14:15:00-05:00,97.25,97.25,97.25,97.25,883,0.0,0.0
2025-02-05 14:16:00-05:00,97.26499938964844,97.26499938964844,97.26499938964844,97.26499938964844,1008,0.0,0.0
2025-02-05 14:18:00-05:00,97.21040344238281,97.31999969482422,97.21040344238281,97.31999969482422,2492,0.0,0.0
2025-02-05 14:19:00-05:00,97.31999969482422,97.35990142822266,97.26000213623047,97.30110168457031,4080,0.0,0.0
2025-02-05 14:21:00-05:00,97.34770202636719,97.34770202636719,97.34770202636719,97.34770202636719,126,0.0,0.0
2025-02-05 14:22:00-05:00,97.2699966430664,97.30999755859375,97.2699966430664,97.27999877929688,3999,0.0,0.0
2025-02-05 14:23:00-05:00,97.30809783935547,97.30809783935547,97.23500061035156,97.30000305175781,4776,0.0,0.0
2025-02-05 14:24:00-05:00,97.26000213623047,97.26000213623047,97.19999694824219,97.19999694824219,633,0.0,0.0
2025-02-05 14:25:00-05:00,97.26000213623047,97.26000213623047,97.26000213623047,97.26000213623047,638,0.0,0.0
2025-02-05 14:26:00-05:00,97.26000213623047,97.2699966430664,97.22000122070312,97.2699966430664,1148,0.0,0.0
2025-02-05 14:27:00-05:00,97.2699966430664,97.2699966430664,97.2300033569336,97.2699966430664,677,0.0,0.0
2025-02-05 14:28:00-05:00,97.22000122070312,97.2300033569336,97.20659637451172,97.20659637451172,1150,0.0,0.0
2025-02-05 14:29:00-05:00,97.19999694824219,97.20999908447266,97.19999694824219,97.20999908447266,928,0.0,0.0
2025-02-05 14:30:00-05:00,97.23500061035156,97.23500061035156,97.19000244140625,97.19000244140625,884,0.0,0.0
2025-02-05 14:31:00-05:00,97.23500061035156,97.23500061035156,97.11000061035156,97.11000061035156,1927,0.0,0.0
2025-02-05 14:32:00-05:00,97.16000366210938,97.16000366210938,97.125,97.16000366210938,2779,0.0,0.0
2025-02-05 14:33:00-05:00,97.12789916992188,97.12789916992188,97.04499816894531,97.04499816894531,1939,0.0,0.0
2025-02-05 14:35:00-05:00,97.01000213623047,97.04499816894531,97.0,97.0,761,0.0,0.0
2025-02-05 14:36:00-05:00,97.04499816894531,97.0999984741211,97.0,97.03500366210938,13011,0.0,0.0
2025-02-05 14:37:00-05:00,97.03500366210938,97.03500366210938,97.03500366210938,97.03500366210938,232,0.0,0.0
2025-02-05 14:38:00-05:00,97.06999969482422,97.06999969482422,97.03500366210938,97.03500366210938,721,0.0,0.0
2025-02-05 14:39:00-05:00,97.11000061035156,97.16000366210938,97.03500366210938,97.11000061035156,9971,0.0,0.0
2025-02-05 14:40:00-05:00,97.05999755859375,97.05999755859375,97.05999755859375,97.05999755859375,1030,0.0,0.0
2025-02-05 14:41:00-05:00,97.07499694824219,97.08000183105469,97.0,97.0,1143,0.0,0.0
2025-02-05 14:42:00-05:00,96.98999786376953,97.0,96.86000061035156,96.87999725341797,5082,0.0,0.0
2025-02-05 14:43:00-05:00,96.8949966430664,96.8949966430664,96.79000091552734,96.79000091552734,1153,0.0,0.0
2025-02-05 14:44:00-05:00,96.80000305175781,96.83000183105469,96.80000305175781,96.83000183105469,1486,0.0,0.0
2025-02-05 14:45:00-05:00,96.83000183105469,96.83000183105469,96.83000183105469,96.83000183105469,343,0.0,0.0
2025-02-05 14:46:00-05:00,96.83000183105469,96.93000030517578,96.83000183105469,96.875,1316,0.0,0.0
2025-02-05 14:47:00-05:00,96.875,97.0,96.86000061035156,96.95999908447266,8348,0.0,0.0
2025-02-05 14:48:00-05:00,96.95500183105469,97.0199966430664,96.95500183105469,97.0199966430664,1963,0.0,0.0
2025-02-05 14:49:00-05:00,96.99500274658203,97.16999816894531,96.99500274658203,97.0999984741211,4341,0.0,0.0
2025-02-05 14:51:00-05:00,97.02999877929688,97.02999877929688,97.02999877929688,97.02999877929688,592,0.0,0.0
2025-02-05 14:52:00-05:00,97.12000274658203,97.12000274658203,97.12000274658203,97.12000274658203,1570,0.0,0.0
2025-02-05 14:53:00-05:00,97.11499786376953,97.11499786376953,97.11499786376953,97.11499786376953,486,0.0,0.0
2025-02-05 14:54:00-05:00,97.04000091552734,97.04000091552734,97.02999877929688,97.02999877929688,868,0.0,0.0
2025-02-05 14:55:00-05:00,97.04000091552734,97.09500122070312,97.04000091552734,97.09500122070312,797,0.0,0.0
2025-02-05 14:56:00-05:00,97.0199966430664,97.0199966430664,97.01000213623047,97.01000213623047,1120,0.0,0.0
2025-02-05 14:57:00-05:00,96.8949966430664,97.08000183105469,96.87999725341797,96.91000366210938,2284,0.0,0.0
2025-02-05 14:58:00-05:00,97.02999877929688,97.04000091552734,96.95999908447266,96.95999908447266,846,0.0,0.0
2025-02-05 14:59:00-05:00,96.94499969482422,96.98999786376953,96.94499969482422,96.98500061035156,2490,0.0,0.0
2025-02-05 15:00:00-05:00,96.98500061035156,97.04000091552734,96.98500061035156,97.04000091552734,3571,0.0,0.0
2025-02-05 15:01:00-05:00,97.04000091552734,97.07499694824219,97.04000091552734,97.04000091552734,2921,0.0,0.0
2025-02-05 15:02:00-05:00,97.04000091552734,97.04000091552734,96.9800033569336,97.01499938964844,4092,0.0,0.0
2025-02-05 15:03:00-05:00,97.01499938964844,97.05249786376953,96.98999786376953,97.0,2332,0.0,0.0
2025-02-05 15:04:00-05:00,97.01000213623047,97.22000122070312,97.01000213623047,97.22000122070312,7925,0.0,0.0
2025-02-05 15:05:00-05:00,97.2300033569336,97.2300033569336,97.17500305175781,97.18000030517578,1276,0.0,0.0
2025-02-05 15:06:00-05:00,97.18000030517578,97.38999938964844,97.18000030517578,97.36000061035156,3013,0.0,0.0
2025-02-05 15:07:00-05:00,97.41000366210938,97.41000366210938,97.33000183105469,97.37999725341797,2147,0.0,0.0
2025-02-05 15:08:00-05:00,97.47000122070312,97.4800033569336,97.38500213623047,97.45999908447266,1410,0.0,0.0
2025-02-05 15:09:00-05:00,97.48999786376953,97.49500274658203,97.43009948730469,97.44999694824219,2520,0.0,0.0
2025-02-05 15:10:00-05:00,97.48500061035156,97.48500061035156,97.43000030517578,97.46499633789062,2314,0.0,0.0
2025-02-05 15:11:00-05:00,97.3927993774414,97.47000122070312,97.3927993774414,97.46499633789062,1115,0.0,0.0
2025-02-05 15:12:00-05:00,97.5,97.5,97.5,97.5,543,0.0,0.0
2025-02-05 15:13:00-05:00,97.47000122070312,97.54000091552734,97.47000122070312,97.54000091552734,1174,0.0,0.0
2025-02-05 15:14:00-05:00,97.54000091552734,97.58499908447266,97.52999877929688,97.58499908447266,3120,0.0,0.0
2025-02-05 15:15:00-05:00,97.58499908447266,97.59500122070312,97.55000305175781,97.55000305175781,1936,0.0,0.0
2025-02-05 15:16:00-05:00,97.73999786376953,97.75,97.69499969482422,97.75,2693,0.0,0.0
2025-02-05 15:17:00-05:00,97.75,97.79000091552734,97.75,97.75,1875,0.0,0.0
2025-02-05 15:18:00-05:00,97.75,97.76300048828125,97.68000030517578,97.76300048828125,6505,0.0,0.0
2025-02-05 15:19:00-05:00,97.73999786376953,97.81999969482422,97.73999786376953,97.81999969482422,3759,0.0,0.0
2025-02-05 15:20:00-05:00,97.80999755859375,97.87999725341797,97.8031997680664,97.87999725341797,3637,0.0,0.0
2025-02-05 15:21:00-05:00,97.875,97.93000030517578,97.875,97.87999725341797,1975,0.0,0.0
2025-02-05 15:22:00-05:00,97.86000061035156,97.94000244140625,97.86000061035156,97.94000244140625,973,0.0,0.0
2025-02-05 15:23:00-05:00,97.88999938964844,97.91000366210938,97.81999969482422,97.82499694824219,6969,0.0,0.0
2025-02-05 15:24:00-05:00,97.82499694824219,97.82499694824219,97.75,97.79000091552734,2409,0.0,0.0
2025-02-05 15:25:00-05:00,97.76000213623047,97.79499816894531,97.75170135498047,97.75170135498047,1678,0.0,0.0
2025-02-05 15:26:00-05:00,97.8499984741211,97.87999725341797,97.76000213623047,97.80500030517578,5275,0.0,0.0
2025-02-05 15:27:00-05:00,97.79000091552734,97.79000091552734,97.79000091552734,97.79000091552734,922,0.0,0.0
2025-02-05 15:28:00-05:00,97.83450317382812,97.83450317382812,97.7300033569336,97.7300033569336,2784,0.0,0.0
2025-02-05 15:29:00-05:00,97.74500274658203,97.74500274658203,97.66999816894531,97.66999816894531,1919,0.0,0.0
2025-02-05 15:30:00-05:00,97.69999694824219,97.9000015258789,97.69999694824219,97.7750015258789,10114,0.0,0.0
2025-02-05 15:31:00-05:00,97.78500366210938,97.78500366210938,97.70500183105469,97.75959777832031,2693,0.0,0.0
2025-02-05 15:32:00-05:00,97.7699966430664,97.7699966430664,97.7699966430664,97.7699966430664,564,0.0,0.0
2025-02-05 15:33:00-05:00,97.66999816894531,97.66999816894531,97.56999969482422,97.56999969482422,3538,0.0,0.0
2025-02-05 15:34:00-05:00,97.55999755859375,97.69000244140625,97.55999755859375,97.67500305175781,4444,0.0,0.0
2025-02-05 15:35:00-05:00,97.67500305175781,97.67500305175781,97.62999725341797,97.62999725341797,1185,0.0,0.0
2025-02-05 15:36:00-05:00,97.62999725341797,97.69999694824219,97.62000274658203,97.66999816894531,2532,0.0,0.0
2025-02-05 15:37:00-05:00,97.66999816894531,97.69000244140625,97.66000366210938,97.67500305175781,2837,0.0,0.0
2025-02-05 15:38:00-05:00,97.69000244140625,97.70999908447266,97.64099884033203,97.68000030517578,2901,0.0,0.0
2025-02-05 15:39:00-05:00,97.6500015258789,97.6500015258789,97.62999725341797,97.62999725341797,4035,0.0,0.0
2025-02-05 15:40:00-05:00,97.66000366210938,97.66000366210938,97.58000183105469,97.61499786376953,4406,0.0,0.0
2025-02-05 15:41:00-05:00,97.62000274658203,97.69000244140625,97.62000274658203,97.6449966430664,2945,0.0,0.0
2025-02-05 15:42:00-05:00,97.6449966430664,97.6449966430664,97.53099822998047,97.56999969482422,8679,0.0,0.0
2025-02-05 15:43:00-05:00,97.57499694824219,97.63999938964844,97.54000091552734,97.63999938964844,6779,0.0,0.0
2025-02-05 15:44:00-05:00,97.63999938964844,97.63999938964844,97.63999938964844,97.63999938964844,956,0.0,0.0
2025-02-05 15:45:00-05:00,97.6449966430664,97.66000366210938,97.55999755859375,97.625,8659,0.0,0.0
2025-02-05 15:46:00-05:00,97.5999984741211,97.61000061035156,97.55500030517578,97.55500030517578,4520,0.0,0.0
2025-02-05 15:47:00-05:00,97.48999786376953,97.5199966430664,97.46600341796875,97.49500274658203,5602,0.0,0.0
2025-02-05 15:48:00-05:00,97.51000213623047,97.56999969482422,97.5,97.56500244140625,5525,0.0,0.0
2025-02-05 15:49:00-05:00,97.55500030517578,97.58000183105469,97.52999877929688,97.55999755859375,5213,0.0,0.0
2025-02-05 15:50:00-05:00,97.54000091552734,97.61000061035156,97.54000091552734,97.58499908447266,6688,0.0,0.0
2025-02-05 15:51:00-05:00,97.58499908447266,97.58999633789062,97.47100067138672,97.51000213623047,6559,0.0,0.0
2025-02-05 15:52:00-05:00,97.51000213623047,97.5999984741211,97.4749984741211,97.55999755859375,8936,0.0,0.0
2025-02-05 15:53:00-05:00,97.55000305175781,97.58059692382812,97.48999786376953,97.53500366210938,8869,0.0,0.0
2025-02-05 15:54:00-05:00,97.5,97.52999877929688,97.33499908447266,97.33999633789062,11124,0.0,0.0
2025-02-05 15:55:00-05:00,97.31999969482422,97.37999725341797,97.19000244140625,97.19000244140625,15618,0.0,0.0
2025-02-05 15:56:00-05:00,97.18499755859375,97.19000244140625,97.09300231933594,97.11000061035156,23866,0.0,0.0
2025-02-05 15:57:00-05:00,97.12000274658203,97.13999938964844,97.02999877929688,97.04499816894531,33480,0.0,0.0
2025-02-05 15:58:00-05:00,97.04000091552734,97.05000305175781,96.9800033569336,96.9800033569336,37125,0.0,0.0
2025-02-05 15:59:00-05:00,96.9800033569336,97.01000213623047,96.94999694824219,97.0,25817,0.0,0.0
2025-02-06 09:30:00-05:00,98.55999755859375,98.80000305175781,98.22100067138672,98.63999938964844,21849,0.0,0.0
2025-02-06 09:31:00-05:00,98.52890014648438,98.71410369873047,98.52890014648438,98.67500305175781,1049,0.0,0.0
2025-02-06 09:32:00-05:00,98.8499984741211,99.5,98.8499984741211,99.5,5436,0.0,0.0
2025-02-06 09:33:00-05:00,99.26000213623047,99.45999908447266,98.74500274658203,99.0999984741211,13559,0.0,0.0
2025-02-06 09:34:00-05:00,98.80000305175781,98.9000015258789,98.80000305175781,98.9000015258789,1090,0.0,0.0
2025-02-06 09:35:00-05:00,98.69000244140625,98.86000061035156,98.66500091552734,98.86000061035156,2657,0.0,0.0
2025-02-06 09:36:00-05:00,98.6050033569336,98.7300033569336,98.4800033569336,98.54000091552734,8550,0.0,0.0
2025-02-06 09:37:00-05:00,98.58999633789062,98.69000244140625,98.58999633789062,98.69000244140625,2125,0.0,0.0
2025-02-06 09:39:00-05:00,98.25849914550781,98.3499984741211,98.1500015258789,98.1500015258789,9431,0.0,0.0
2025-02-06 09:40:00-05:00,98.15499877929688,98.22000122070312,98.1500015258789,98.15499877929688,1463,0.0,0.0
2025-02-06 09:41:00-05:00,98.31999969482422,98.31999969482422,98.14299774169922,98.14299774169922,4198,0.0,0.0
2025-02-06 09:42:00-05:00,98.0,98.01000213623047,97.73999786376953,97.8550033569336,5290,0.0,0.0
2025-02-06 09:43:00-05:00,98.0999984741211,98.0999984741211,97.8550033569336,98.0999984741211,4983,0.0,0.0
2025-02-06 09:44:00-05:00,97.91000366210938,97.91000366210938,97.51000213623047,97.66000366210938,5363,0.0,0.0
2025-02-06 09:45:00-05:00,97.93000030517578,97.93000030517578,97.76000213623047,97.93000030517578,5275,0.0,0.0
2025-02-06 09:46:00-05:00,98.05000305175781,98.08999633789062,97.93000030517578,98.08999633789062,2674,0.0,0.0
2025-02-06 09:47:00-05:00,98.18000030517578,98.27999877929688,98.05999755859375,98.26000213623047,3146,0.0,0.0
2025-02-06 09:48:00-05:00,98.33999633789062,98.41999816894531,98.33000183105469,98.38999938964844,1755,0.0,0.0
2025-02-06 09:49:00-05:00,98.41999816894531,98.55000305175781,98.375,98.49500274658203,6860,0.0,0.0
2025-02-06 09:50:00-05:00,98.48500061035156,98.5,98.4000015258789,98.4000015258789,1153,0.0,0.0
2025-02-06 09:51:00-05:00,98.48500061035156,98.52020263671875,98.02999877929688,98.02999877929688,5810,0.0,0.0
2025-02-06 09:52:00-05:00,98.00499725341797,98.06999969482422,98.00499725341797,98.00499725341797,1347,0.0,0.0
2025-02-06 09:53:00-05:00,97.97000122070312,98.05000305175781,97.97000122070312,98.05000305175781,1414,0.0,0.0
2025-02-06 09:54:00-05:00,97.98999786376953,97.98999786376953,97.80999755859375,97.8949966430664,4321,0.0,0.0
2025-02-06 09:55:00-05:00,97.9000015258789,97.9000015258789,97.9000015258789,97.9000015258789,833,0.0,0.0
2025-02-06 09:56:00-05:00,97.95999908447266,97.9800033569336,97.9000015258789,97.91999816894531,7088,0.0,0.0
2025-02-06 09:57:00-05:00,97.91500091552734,97.95899963378906,97.86000061035156,97.88050079345703,3813,0.0,0.0
2025-02-06 09:58:00-05:00,97.88500213623047,97.94999694824219,97.88500213623047,97.88500213623047,2451,0.0,0.0
2025-02-06 09:59:00-05:00,97.94000244140625,97.94000244140625,97.73999786376953,97.88999938964844,10158,0.0,0.0
2025-02-06 10:00:00-05:00,98.15499877929688,98.15499877929688,97.8499984741211,98.15499877929688,7247,0.0,0.0
2025-02-06 10:01:00-05:00,98.04000091552734,98.05999755859375,97.93000030517578,97.93000030517578,5213,0.0,0.0
2025-02-06 10:02:00-05:00,98.04000091552734,98.04000091552734,98.0199966430664,98.0199966430664,1529,0.0,0.0
2025-02-06 10:03:00-05:00,98.0199966430664,98.19000244140625,98.0199966430664,98.19000244140625,2515,0.0,0.0
2025-02-06 10:04:00-05:00,98.19999694824219,98.2300033569336,98.16000366210938,98.2300033569336,1161,0.0,0.0
2025-02-06 10:05:00-05:00,98.15499877929688,98.20999908447266,97.9749984741211,97.9749984741211,5211,0.0,0.0
2025-02-06 10:06:00-05:00,97.88999938964844,98.08499908447266,97.83999633789062,98.06999969482422,30523,0.0,0.0
2025-02-06 10:07:00-05:00,98.11000061035156,98.11000061035156,98.11000061035156,98.11000061035156,423,0.0,0.0
2025-02-06 10:08:00-05:00,98.01499938964844,98.1449966430664,98.01499938964844,98.06999969482422,3827,0.0,0.0
2025-02-06 10:09:00-05:00,98.13500213623047,98.20970153808594,98.07749938964844,98.13500213623047,2214,0.0,0.0
2025-02-06 10:10:00-05:00,98.13500213623047,98.19249725341797,97.87999725341797,97.88749694824219,3422,0.0,0.0
2025-02-06 10:11:00-05:00,97.8949966430664,97.97000122070312,97.88999938964844,97.97000122070312,1375,0.0,0.0
2025-02-06 10:12:00-05:00,97.9000015258789,97.9800033569336,97.88999938964844,97.97000122070312,4670,0.0,0.0
2025-02-06 10:13:00-05:00,97.94999694824219,98.1500015258789,97.94999694824219,98.08000183105469,17065,0.0,0.0
2025-02-06 10:14:00-05:00,98.08499908447266,98.13500213623047,98.0,98.0,7322,0.0,0.0
2025-02-06 10:15:00-05:00,98.0999984741211,98.12999725341797,98.0999984741211,98.12999725341797,230,0.0,0.0
2025-02-06 10:16:00-05:00,98.0999984741211,98.12000274658203,98.0999984741211,98.12000274658203,1699,0.0,0.0
2025-02-06 10:17:00-05:00,98.16999816894531,98.18499755859375,98.12000274658203,98.12000274658203,3215,0.0,0.0
2025-02-06 10:18:00-05:00,98.08999633789062,98.08999633789062,98.08999633789062,98.08999633789062,1333,0.0,0.0
2025-02-06 10:19:00-05:00,98.08999633789062,98.30999755859375,98.0,98.25,208265,0.0,0.0
2025-02-06 10:20:00-05:00,98.30000305175781,98.31999969482422,98.19999694824219,98.19999694824219,2615,0.0,0.0
2025-02-06 10:21:00-05:00,98.19499969482422,98.2750015258789,98.13999938964844,98.13999938964844,1426,0.0,0.0
2025-02-06 10:22:00-05:00,98.2249984741211,98.37999725341797,98.2249984741211,98.31500244140625,3376,0.0,0.0
2025-02-06 10:23:00-05:00,98.37000274658203,98.56999969482422,98.31999969482422,98.56999969482422,8116,0.0,0.0
2025-02-06 10:24:00-05:00,98.31999969482422,98.31999969482422,98.11000061035156,98.11000061035156,2254,0.0,0.0
2025-02-06 10:25:00-05:00,98.1050033569336,98.1050033569336,98.1050033569336,98.1050033569336,608,0.0,0.0
2025-02-06 10:26:00-05:00,98.1050033569336,98.1050033569336,97.98999786376953,97.98999786376953,3208,0.0,0.0
2025-02-06 10:27:00-05:00,97.91500091552734,98.00990295410156,97.91500091552734,97.91500091552734,1132,0.0,0.0
2025-02-06 10:28:00-05:00,97.81999969482422,97.81999969482422,97.70999908447266,97.74500274658203,2755,0.0,0.0
2025-02-06 10:29:00-05:00,97.66999816894531,97.8550033569336,97.62999725341797,97.8550033569336,7189,0.0,0.0
2025-02-06 10:30:00-05:00,97.91999816894531,97.91999816894531,97.83000183105469,97.83000183105469,1473,0.0,0.0
2025-02-06 10:31:00-05:00,97.7500991821289,98.0,97.7500991821289,97.98999786376953,3737,0.0,0.0
2025-02-06 10:32:00-05:00,97.94999694824219,97.97000122070312,97.9000015258789,97.9000015258789,2446,0.0,0.0
2025-02-06 10:33:00-05:00,97.9800033569336,97.9800033569336,97.80000305175781,97.84500122070312,3152,0.0,0.0
2025-02-06 10:34:00-05:00,97.8499984741211,97.88999938964844,97.81999969482422,97.81999969482422,3535,0.0,0.0
2025-02-06 10:35:00-05:00,97.7699966430664,97.77999877929688,97.62999725341797,97.62999725341797,2006,0.0,0.0
2025-02-06 10:36:00-05:00,97.61499786376953,97.79949951171875,97.56999969482422,97.79949951171875,6641,0.0,0.0
2025-02-06 10:37:00-05:00,97.71089935302734,97.7300033569336,97.66000366210938,97.72000122070312,6355,0.0,0.0
2025-02-06 10:38:00-05:00,97.72000122070312,97.73999786376953,97.72000122070312,97.73500061035156,2743,0.0,0.0
2025-02-06 10:39:00-05:00,97.73500061035156,97.79000091552734,97.45999908447266,97.45999908447266,3983,0.0,0.0
2025-02-06 10:40:00-05:00,97.47000122070312,97.47000122070312,97.46499633789062,97.46499633789062,837,0.0,0.0
2025-02-06 10:41:00-05:00,97.36000061035156,97.44999694824219,97.36000061035156,97.40499877929688,3606,0.0,0.0
2025-02-06 10:42:00-05:00,97.44999694824219,97.65190124511719,97.44999694824219,97.65190124511719,4537,0.0,0.0
2025-02-06 10:43:00-05:00,97.63999938964844,97.63999938964844,97.56999969482422,97.56999969482422,1435,0.0,0.0
2025-02-06 10:44:00-05:00,97.63999938964844,97.6500015258789,97.57250213623047,97.57250213623047,3219,0.0,0.0
2025-02-06 10:45:00-05:00,97.5,97.5,97.5,97.5,281,0.0,0.0
2025-02-06 10:46:00-05:00,97.5,97.51499938964844,97.47000122070312,97.47000122070312,1396,0.0,0.0
2025-02-06 10:47:00-05:00,97.3499984741211,97.3550033569336,97.3499984741211,97.3550033569336,705,0.0,0.0
2025-02-06 10:48:00-05:00,97.34500122070312,97.47000122070312,97.34500122070312,97.47000122070312,4237,0.0,0.0
2025-02-06 10:49:00-05:00,97.44000244140625,97.58999633789062,97.41999816894531,97.58999633789062,5174,0.0,0.0
2025-02-06 10:50:00-05:00,97.58999633789062,97.63999938964844,97.56999969482422,97.63500213623047,6304,0.0,0.0
2025-02-06 10:51:00-05:00,97.70999908447266,97.72000122070312,97.61000061035156,97.61000061035156,3158,0.0,0.0
2025-02-06 10:52:00-05:00,97.63500213623047,97.66999816894531,97.63500213623047,97.66999816894531,1295,0.0,0.0
2025-02-06 10:53:00-05:00,97.66999816894531,97.66999816894531,97.5,97.58000183105469,3693,0.0,0.0
2025-02-06 10:54:00-05:00,97.66500091552734,97.66999816894531,97.6500015258789,97.66500091552734,1786,0.0,0.0
2025-02-06 10:55:00-05:00,97.73999786376953,97.79499816894531,97.67009735107422,97.67009735107422,3366,0.0,0.0
2025-02-06 10:56:00-05:00,97.73999786376953,97.73999786376953,97.66999816894531,97.67500305175781,2667,0.0,0.0
2025-02-06 10:57:00-05:00,97.67500305175781,97.69000244140625,97.67500305175781,97.69000244140625,1422,0.0,0.0
2025-02-06 10:58:00-05:00,97.69999694824219,97.69999694824219,97.6050033569336,97.6050033569336,1677,0.0,0.0
2025-02-06 10:59:00-05:00,97.58000183105469,97.58000183105469,97.4000015258789,97.4000015258789,3480,0.0,0.0
2025-02-06 11:00:00-05:00,97.41000366210938,97.44999694824219,97.30999755859375,97.30999755859375,3407,0.0,0.0
2025-02-06 11:01:00-05:00,97.34249877929688,97.34249877929688,97.26000213623047,97.33999633789062,2706,0.0,0.0
2025-02-06 11:02:00-05:00,97.31749725341797,97.3468017578125,97.26000213623047,97.27999877929688,2431,0.0,0.0
2025-02-06 11:03:00-05:00,97.31999969482422,97.41000366210938,97.31999969482422,97.33999633789062,4670,0.0,0.0
2025-02-06 11:04:00-05:00,97.31999969482422,97.31999969482422,97.31999969482422,97.31999969482422,180,0.0,0.0
2025-02-06 11:05:00-05:00,97.31999969482422,97.31999969482422,97.22000122070312,97.25,4476,0.0,0.0
2025-02-06 11:06:00-05:00,97.26000213623047,97.3550033569336,97.26000213623047,97.3499984741211,2265,0.0,0.0
2025-02-06 11:07:00-05:00,97.3550033569336,97.4000015258789,97.3550033569336,97.4000015258789,1718,0.0,0.0
2025-02-06 11:08:00-05:00,97.41999816894531,97.4749984741211,97.41999816894531,97.46499633789062,2647,0.0,0.0
2025-02-06 11:09:00-05:00,97.46499633789062,97.52999877929688,97.46499633789062,97.52999877929688,1110,0.0,0.0
2025-02-06 11:10:00-05:00,97.49500274658203,97.61499786376953,97.49500274658203,97.61499786376953,3031,0.0,0.0
2025-02-06 11:11:00-05:00,97.62999725341797,97.62999725341797,97.58000183105469,97.58000183105469,776,0.0,0.0
2025-02-06 11:12:00-05:00,97.57749938964844,97.57749938964844,97.5,97.51000213623047,3244,0.0,0.0
2025-02-06 11:13:00-05:00,97.54000091552734,97.5999984741211,97.54000091552734,97.58999633789062,2713,0.0,0.0
2025-02-06 11:14:00-05:00,97.55999755859375,97.68000030517578,97.55999755859375,97.6240005493164,3383,0.0,0.0
2025-02-06 11:15:00-05:00,97.66000366210938,97.72000122070312,97.62999725341797,97.72000122070312,1725,0.0,0.0
2025-02-06 11:16:00-05:00,97.72000122070312,97.94000244140625,97.66999816894531,97.94000244140625,3674,0.0,0.0
2025-02-06 11:17:00-05:00,97.9375991821289,98.19999694824219,97.9375991821289,98.13999938964844,5086,0.0,0.0
2025-02-06 11:18:00-05:00,98.19999694824219,98.31999969482422,98.16729736328125,98.31999969482422,3083,0.0,0.0
2025-02-06 11:19:00-05:00,98.37000274658203,98.56999969482422,98.33999633789062,98.56999969482422,14201,0.0,0.0
2025-02-06 11:20:00-05:00,98.6050033569336,98.87999725341797,98.5999984741211,98.7615966796875,13512,0.0,0.0
2025-02-06 11:21:00-05:00,98.73999786376953,98.75,98.55000305175781,98.55000305175781,19048,0.0,0.0
2025-02-06 11:22:00-05:00,98.625,98.625,98.55000305175781,98.625,587,0.0,0.0
2025-02-06 11:23:00-05:00,98.625,98.69999694824219,98.43000030517578,98.4800033569336,20341,0.0,0.0
2025-02-06 11:24:00-05:00,98.49349975585938,98.50749969482422,98.4000015258789,98.4000015258789,2337,0.0,0.0
2025-02-06 11:25:00-05:00,98.25,98.4468002319336,98.25,98.25,6363,0.0,0.0
2025-02-06 11:26:00-05:00,98.25,98.25,98.05999755859375,98.2300033569336,7391,0.0,0.0
2025-02-06 11:27:00-05:00,98.29000091552734,98.29000091552734,98.19999694824219,98.19999694824219,1734,0.0,0.0
2025-02-06 11:28:00-05:00,98.16500091552734,98.2699966430664,98.08999633789062,98.2699966430664,4002,0.0,0.0
2025-02-06 11:29:00-05:00,98.25,98.27999877929688,98.25,98.25499725341797,1110,0.0,0.0
2025-02-06 11:30:00-05:00,98.30000305175781,98.30000305175781,98.25499725341797,98.27249908447266,942,0.0,0.0
2025-02-06 11:31:00-05:00,98.25,98.25559997558594,98.16999816894531,98.16999816894531,1328,0.0,0.0
2025-02-06 11:32:00-05:00,98.24500274658203,98.24500274658203,98.16500091552734,98.20500183105469,1121,0.0,0.0
2025-02-06 11:33:00-05:00,98.20999908447266,98.20999908447266,98.0999984741211,98.1500015258789,1784,0.0,0.0
2025-02-06 11:34:00-05:00,98.18800354003906,98.20999908447266,98.05999755859375,98.20999908447266,4815,0.0,0.0
2025-02-06 11:35:00-05:00,98.13999938964844,98.19999694824219,98.11750030517578,98.11750030517578,3796,0.0,0.0
2025-02-06 11:36:00-05:00,98.14250183105469,98.30999755859375,98.14250183105469,98.26000213623047,4708,0.0,0.0
2025-02-06 11:37:00-05:00,98.25,98.25,98.06999969482422,98.12000274658203,3011,0.0,0.0
2025-02-06 11:38:00-05:00,98.00389862060547,98.00389862060547,98.0,98.0,2669,0.0,0.0
2025-02-06 11:39:00-05:00,97.91999816894531,97.91999816894531,97.9000015258789,97.9000015258789,935,0.0,0.0
2025-02-06 11:40:00-05:00,97.92500305175781,98.01000213623047,97.92500305175781,98.0,3410,0.0,0.0
2025-02-06 11:41:00-05:00,98.0,98.05000305175781,98.0,98.05000305175781,4105,0.0,0.0
2025-02-06 11:42:00-05:00,98.05000305175781,98.05000305175781,97.88999938964844,97.88999938964844,2211,0.0,0.0
2025-02-06 11:43:00-05:00,97.87000274658203,97.94000244140625,97.87000274658203,97.94000244140625,224,0.0,0.0
2025-02-06 11:44:00-05:00,97.93000030517578,97.94999694824219,97.87999725341797,97.94000244140625,1857,0.0,0.0
2025-02-06 11:45:00-05:00,97.88999938964844,97.88999938964844,97.7300033569336,97.76820373535156,2442,0.0,0.0
2025-02-06 11:47:00-05:00,97.7699966430664,97.7699966430664,97.69999694824219,97.71499633789062,1674,0.0,0.0
2025-02-06 11:48:00-05:00,97.71499633789062,97.73040008544922,97.71499633789062,97.71499633789062,690,0.0,0.0
2025-02-06 11:49:00-05:00,97.75,97.75,97.63590240478516,97.68499755859375,943,0.0,0.0
2025-02-06 11:50:00-05:00,97.63999938964844,97.68499755859375,97.62999725341797,97.68499755859375,984,0.0,0.0
2025-02-06 11:51:00-05:00,97.7699966430664,97.7699966430664,97.69000244140625,97.71749877929688,4273,0.0,0.0
2025-02-06 11:52:00-05:00,97.7699966430664,97.7699966430664,97.71499633789062,97.71499633789062,434,0.0,0.0
2025-02-06 11:53:00-05:00,97.71499633789062,97.7699966430664,97.5999984741211,97.6500015258789,5301,0.0,0.0
2025-02-06 11:54:00-05:00,97.69000244140625,97.76000213623047,97.58999633789062,97.58999633789062,3413,0.0,0.0
2025-02-06 11:55:00-05:00,97.63719940185547,97.63719940185547,97.63719940185547,97.63719940185547,489,0.0,0.0
2025-02-06 11:56:00-05:00,97.66500091552734,97.70999908447266,97.66500091552734,97.69000244140625,2529,0.0,0.0
2025-02-06 11:57:00-05:00,97.69000244140625,97.70999908447266,97.68000030517578,97.68000030517578,1014,0.0,0.0
2025-02-06 11:58:00-05:00,97.73999786376953,97.73999786376953,97.54000091552734,97.56500244140625,6313,0.0,0.0
2025-02-06 11:59:00-05:00,97.56500244140625,97.56500244140625,97.4800033569336,97.48999786376953,3397,0.0,0.0
2025-02-06 12:00:00-05:00,97.38999938964844,97.3949966430664,97.33999633789062,97.3499984741211,2188,0.0,0.0
2025-02-06 12:01:00-05:00,97.37000274658203,97.37000274658203,97.37000274658203,97.37000274658203,911,0.0,0.0
2025-02-06 12:02:00-05:00,97.44000244140625,97.45999908447266,97.44000244140625,97.45999908447266,4406,0.0,0.0
2025-02-06 12:03:00-05:00,97.54000091552734,97.62000274658203,97.54000091552734,97.58999633789062,2910,0.0,0.0
2025-02-06 12:04:00-05:00,97.5999984741211,97.62000274658203,97.5999984741211,97.62000274658203,1950,0.0,0.0
2025-02-06 12:05:00-05:00,97.61000061035156,97.62999725341797,97.55999755859375,97.55999755859375,2321,0.0,0.0
2025-02-06 12:06:00-05:00,97.56500244140625,97.56500244140625,97.52999877929688,97.52999877929688,553,0.0,0.0
2025-02-06 12:07:00-05:00,97.56999969482422,97.63990020751953,97.56999969482422,97.63990020751953,740,0.0,0.0
2025-02-06 12:08:00-05:00,97.55000305175781,97.58000183105469,97.53279876708984,97.56999969482422,1533,0.0,0.0
2025-02-06 12:09:00-05:00,97.6050033569336,97.6050033569336,97.5,97.51000213623047,2141,0.0,0.0
2025-02-06 12:10:00-05:00,97.54499816894531,97.55999755859375,97.48999786376953,97.48999786376953,405,0.0,0.0
2025-02-06 12:11:00-05:00,97.58999633789062,97.83000183105469,97.48999786376953,97.82499694824219,6323,0.0,0.0
2025-02-06 12:12:00-05:00,97.80999755859375,97.82499694824219,97.80999755859375,97.82499694824219,955,0.0,0.0
2025-02-06 12:13:00-05:00,97.82499694824219,97.82499694824219,97.76000213623047,97.77999877929688,1348,0.0,0.0
2025-02-06 12:14:00-05:00,97.79499816894531,97.79499816894531,97.70999908447266,97.70999908447266,813,0.0,0.0
2025-02-06 12:15:00-05:00,97.77249908447266,97.7750015258789,97.77249908447266,97.7750015258789,860,0.0,0.0
2025-02-06 12:17:00-05:00,97.79000091552734,97.79000091552734,97.7300033569336,97.79000091552734,541,0.0,0.0
2025-02-06 12:18:00-05:00,97.82499694824219,97.86000061035156,97.70999908447266,97.81999969482422,1841,0.0,0.0
2025-02-06 12:19:00-05:00,97.81500244140625,97.86000061035156,97.78500366210938,97.82499694824219,3321,0.0,0.0
2025-02-06 12:20:00-05:00,97.83000183105469,97.83000183105469,97.82839965820312,97.83000183105469,472,0.0,0.0
2025-02-06 12:21:00-05:00,97.83000183105469,97.87000274658203,97.83000183105469,97.8499984741211,993,0.0,0.0
2025-02-06 12:22:00-05:00,97.8499984741211,97.87000274658203,97.7300033569336,97.79499816894531,3355,0.0,0.0
2025-02-06 12:23:00-05:00,97.79499816894531,97.79499816894531,97.79499816894531,97.79499816894531,366,0.0,0.0
2025-02-06 12:24:00-05:00,97.79000091552734,97.84989929199219,97.79000091552734,97.79000091552734,850,0.0,0.0
2025-02-06 12:25:00-05:00,97.8499984741211,97.97000122070312,97.83999633789062,97.92500305175781,5508,0.0,0.0
2025-02-06 12:26:00-05:00,97.94499969482422,97.97000122070312,97.88999938964844,97.9000015258789,4146,0.0,0.0
2025-02-06 12:27:00-05:00,97.83000183105469,97.88999938964844,97.83000183105469,97.88999938964844,326,0.0,0.0
2025-02-06 12:28:00-05:00,97.88999938964844,97.88999938964844,97.83999633789062,97.88999938964844,1264,0.0,0.0
2025-02-06 12:29:00-05:00,97.83000183105469,97.83499908447266,97.79000091552734,97.79000091552734,2420,0.0,0.0
2025-02-06 12:30:00-05:00,97.76000213623047,97.81500244140625,97.76000213623047,97.81500244140625,379,0.0,0.0
2025-02-06 12:31:00-05:00,97.8125,97.8125,97.69000244140625,97.80999755859375,3271,0.0,0.0
2025-02-06 12:32:00-05:00,97.88990020751953,97.88990020751953,97.88990020751953,97.88990020751953,129,0.0,0.0
2025-02-06 12:33:00-05:00,97.79000091552734,97.83499908447266,97.75,97.80000305175781,2809,0.0,0.0
2025-02-06 12:34:00-05:00,97.8499984741211,98.04000091552734,97.8499984741211,97.96499633789062,8775,0.0,0.0
2025-02-06 12:35:00-05:00,97.94000244140625,97.94000244140625,97.7699966430664,97.91000366210938,8555,0.0,0.0
2025-02-06 12:37:00-05:00,97.98999786376953,97.98999786376953,97.98999786376953,97.98999786376953,788,0.0,0.0
2025-02-06 12:39:00-05:00,97.98500061035156,98.02999877929688,97.98500061035156,98.02999877929688,918,0.0,0.0
2025-02-06 12:40:00-05:00,98.0,98.0199966430664,98.0,98.0,684,0.0,0.0
2025-02-06 12:41:00-05:00,98.0,98.0,97.95999908447266,98.0,1838,0.0,0.0
2025-02-06 12:42:00-05:00,98.0,98.0,98.0,98.0,513,0.0,0.0
2025-02-06 12:43:00-05:00,97.99500274658203,97.99500274658203,97.88500213623047,97.9000015258789,2849,0.0,0.0
2025-02-06 12:44:00-05:00,97.94000244140625,97.97000122070312,97.94000244140625,97.97000122070312,666,0.0,0.0
2025-02-06 12:45:00-05:00,97.94499969482422,97.94499969482422,97.86000061035156,97.9000015258789,2448,0.0,0.0
2025-02-06 12:47:00-05:00,97.98999786376953,98.01000213623047,97.96499633789062,97.97930145263672,3657,0.0,0.0
2025-02-06 12:48:00-05:00,97.9800033569336,97.9800033569336,97.9000015258789,97.9000015258789,2545,0.0,0.0
2025-02-06 12:51:00-05:00,97.83999633789062,97.83999633789062,97.79000091552734,97.83000183105469,2392,0.0,0.0
2025-02-06 12:52:00-05:00,97.92669677734375,97.92669677734375,97.875,97.875,1909,0.0,0.0
2025-02-06 12:53:00-05:00,97.9000015258789,97.9000015258789,97.9000015258789,97.9000015258789,116,0.0,0.0
2025-02-06 12:54:00-05:00,97.83999633789062,97.87999725341797,97.81999969482422,97.81999969482422,1269,0.0,0.0
2025-02-06 12:55:00-05:00,97.82499694824219,97.82499694824219,97.82499694824219,97.82499694824219,475,0.0,0.0
2025-02-06 12:56:00-05:00,97.82499694824219,97.82499694824219,97.81999969482422,97.82499694824219,534,0.0,0.0
2025-02-06 12:57:00-05:00,97.0,97.66999816894531,97.0,97.66000366210938,2909,0.0,0.0
2025-02-06 12:58:00-05:00,97.69000244140625,97.69999694824219,97.66000366210938,97.66500091552734,3589,0.0,0.0
2025-02-06 12:59:00-05:00,97.66500091552734,97.66500091552734,97.62000274658203,97.6624984741211,2016,0.0,0.0
2025-02-06 13:00:00-05:00,97.66500091552734,97.73999786376953,97.5999984741211,97.71920013427734,8740,0.0,0.0
2025-02-06 13:01:00-05:00,97.72000122070312,97.73999786376953,97.68000030517578,97.70500183105469,1381,0.0,0.0
2025-02-06 13:02:00-05:00,97.66999816894531,97.66999816894531,97.6500015258789,97.66500091552734,3701,0.0,0.0
2025-02-06 13:03:00-05:00,97.62999725341797,97.6500015258789,97.62000274658203,97.64759826660156,2025,0.0,0.0
2025-02-06 13:04:00-05:00,97.6500015258789,97.6500015258789,97.6500015258789,97.6500015258789,911,0.0,0.0
2025-02-06 13:05:00-05:00,97.58499908447266,97.6500015258789,97.51000213623047,97.58499908447266,7578,0.0,0.0
2025-02-06 13:06:00-05:00,97.62999725341797,97.65750122070312,97.5999984741211,97.5999984741211,2990,0.0,0.0
2025-02-06 13:07:00-05:00,97.55000305175781,97.55000305175781,97.48500061035156,97.5199966430664,1952,0.0,0.0
2025-02-06 13:08:00-05:00,97.51499938964844,97.51499938964844,97.51499938964844,97.51499938964844,475,0.0,0.0
2025-02-06 13:09:00-05:00,97.45999908447266,97.45999908447266,97.36000061035156,97.36000061035156,2587,0.0,0.0
2025-02-06 13:10:00-05:00,97.3499984741211,97.44000244140625,97.3499984741211,97.44000244140625,2032,0.0,0.0
2025-02-06 13:11:00-05:00,97.41500091552734,97.41999816894531,97.27999877929688,97.27999877929688,2992,0.0,0.0
2025-02-06 13:12:00-05:00,97.33000183105469,97.33000183105469,97.31999969482422,97.31999969482422,1156,0.0,0.0
2025-02-06 13:13:00-05:00,97.27999877929688,97.41000366210938,97.27999877929688,97.41000366210938,2224,0.0,0.0
2025-02-06 13:14:00-05:00,97.41000366210938,97.45999908447266,97.41000366210938,97.41000366210938,812,0.0,0.0
2025-02-06 13:15:00-05:00,97.37000274658203,97.38999938964844,97.33000183105469,97.33999633789062,2323,0.0,0.0
2025-02-06 13:16:00-05:00,97.32499694824219,97.32499694824219,97.32499694824219,97.32499694824219,168,0.0,0.0
2025-02-06 13:17:00-05:00,97.31999969482422,97.4480972290039,97.31999969482422,97.4480972290039,3736,0.0,0.0
2025-02-06 13:18:00-05:00,97.47000122070312,97.50499725341797,97.47000122070312,97.5,1516,0.0,0.0
2025-02-06 13:19:00-05:00,97.45999908447266,97.48999786376953,97.44000244140625,97.45999908447266,2222,0.0,0.0
2025-02-06 13:20:00-05:00,97.4000015258789,97.41000366210938,97.33999633789062,97.3499984741211,2341,0.0,0.0
2025-02-06 13:21:00-05:00,97.34249877929688,97.34500122070312,97.30999755859375,97.30999755859375,2612,0.0,0.0
2025-02-06 13:22:00-05:00,97.27999877929688,97.27999877929688,97.25,97.25499725341797,2109,0.0,0.0
2025-02-06 13:23:00-05:00,97.29000091552734,97.33000183105469,97.29000091552734,97.33000183105469,3254,0.0,0.0
2025-02-06 13:24:00-05:00,97.29499816894531,97.34249877929688,97.2699966430664,97.34249877929688,1323,0.0,0.0
2025-02-06 13:25:00-05:00,97.3499984741211,97.3499984741211,97.3499984741211,97.3499984741211,1698,0.0,0.0
2025-02-06 13:26:00-05:00,97.29000091552734,97.29000091552734,97.22000122070312,97.2300033569336,1813,0.0,0.0
2025-02-06 13:27:00-05:00,97.19999694824219,97.2300033569336,97.19999694824219,97.2300033569336,1259,0.0,0.0
2025-02-06 13:28:00-05:00,97.23999786376953,97.23999786376953,97.21499633789062,97.21499633789062,1454,0.0,0.0
2025-02-06 13:29:00-05:00,97.19000244140625,97.19999694824219,97.12000274658203,97.19999694824219,4421,0.0,0.0
2025-02-06 13:30:00-05:00,97.0999984741211,97.12249755859375,97.0999984741211,97.12249755859375,820,0.0,0.0
2025-02-06 13:31:00-05:00,97.125,97.125,97.0999984741211,97.0999984741211,1196,0.0,0.0
2025-02-06 13:32:00-05:00,97.05999755859375,97.0999984741211,97.05999755859375,97.0999984741211,1757,0.0,0.0
2025-02-06 13:33:00-05:00,97.08499908447266,97.08499908447266,97.05999755859375,97.08499908447266,2036,0.0,0.0
2025-02-06 13:34:00-05:00,97.08499908447266,97.26000213623047,97.05000305175781,97.19249725341797,11274,0.0,0.0
2025-02-06 13:35:00-05:00,97.12999725341797,97.12999725341797,97.12999725341797,97.12999725341797,612,0.0,0.0
2025-02-06 13:36:00-05:00,97.12999725341797,97.19999694824219,97.12999725341797,97.19999694824219,1803,0.0,0.0
2025-02-06 13:37:00-05:00,97.19999694824219,97.19999694824219,97.05000305175781,97.05000305175781,2535,0.0,0.0
2025-02-06 13:38:00-05:00,97.06500244140625,97.06999969482422,97.06500244140625,97.06999969482422,546,0.0,0.0
2025-02-06 13:39:00-05:00,97.12000274658203,97.12000274658203,97.02850341796875,97.12000274658203,1791,0.0,0.0
2025-02-06 13:40:00-05:00,97.0,97.1500015258789,96.94999694824219,97.11000061035156,6998,0.0,0.0
2025-02-06 13:41:00-05:00,97.11000061035156,97.11000061035156,97.0199966430664,97.09249877929688,7222,0.0,0.0
2025-02-06 13:42:00-05:00,97.0999984741211,97.0999984741211,97.0999984741211,97.0999984741211,1169,0.0,0.0
2025-02-06 13:43:00-05:00,97.0999984741211,97.1500015258789,97.0999984741211,97.1500015258789,668,0.0,0.0
2025-02-06 13:44:00-05:00,97.0999984741211,97.0999984741211,97.01000213623047,97.01000213623047,2520,0.0,0.0
2025-02-06 13:45:00-05:00,97.01000213623047,97.01499938964844,97.0,97.01499938964844,1592,0.0,0.0
2025-02-06 13:46:00-05:00,96.98999786376953,96.98999786376953,96.98999786376953,96.98999786376953,647,0.0,0.0
2025-02-06 13:47:00-05:00,96.98999786376953,97.05999755859375,96.98999786376953,97.0199966430664,6235,0.0,0.0
2025-02-06 13:48:00-05:00,97.0,97.0,96.87000274658203,96.92500305175781,5070,0.0,0.0
2025-02-06 13:49:00-05:00,96.91999816894531,96.93000030517578,96.76000213623047,96.76000213623047,7450,0.0,0.0
2025-02-06 13:50:00-05:00,96.77999877929688,96.80999755859375,96.68000030517578,96.68000030517578,3462,0.0,0.0
2025-02-06 13:51:00-05:00,96.68000030517578,96.72000122070312,96.68000030517578,96.70999908447266,1736,0.0,0.0
2025-02-06 13:52:00-05:00,96.73999786376953,96.7699966430664,96.7300033569336,96.75,1152,0.0,0.0
2025-02-06 13:53:00-05:00,96.7300033569336,96.7300033569336,96.7300033569336,96.7300033569336,2510,0.0,0.0
2025-02-06 13:54:00-05:00,96.73999786376953,96.73999786376953,96.7300033569336,96.7300033569336,1195,0.0,0.0
2025-02-06 13:55:00-05:00,96.7300033569336,96.7300033569336,96.6500015258789,96.69000244140625,2975,0.0,0.0
2025-02-06 13:56:00-05:00,96.68250274658203,96.68250274658203,96.66000366210938,96.66000366210938,1445,0.0,0.0
2025-02-06 13:57:00-05:00,96.66500091552734,96.66500091552734,96.62999725341797,96.6624984741211,823,0.0,0.0
2025-02-06 13:58:00-05:00,96.66500091552734,96.70999908447266,96.6500015258789,96.69000244140625,3108,0.0,0.0
2025-02-06 13:59:00-05:00,96.69000244140625,96.79000091552734,96.66000366210938,96.76499938964844,2943,0.0,0.0
2025-02-06 14:00:00-05:00,96.76499938964844,96.77999877929688,96.73999786376953,96.77999877929688,2848,0.0,0.0
2025-02-06 14:01:00-05:00,96.79000091552734,96.79000091552734,96.77999877929688,96.77999877929688,2098,0.0,0.0
2025-02-06 14:02:00-05:00,96.79000091552734,96.79000091552734,96.76499938964844,96.79000091552734,1757,0.0,0.0
2025-02-06 14:03:00-05:00,96.7300033569336,96.76000213623047,96.70500183105469,96.76000213623047,3786,0.0,0.0
2025-02-06 14:04:00-05:00,96.66999816894531,96.71499633789062,96.66000366210938,96.70999908447266,2365,0.0,0.0
2025-02-06 14:05:00-05:00,96.70500183105469,96.76000213623047,96.70500183105469,96.75,2384,0.0,0.0
2025-02-06 14:06:00-05:00,96.76000213623047,96.80000305175781,96.76000213623047,96.77999877929688,1816,0.0,0.0
2025-02-06 14:07:00-05:00,96.79000091552734,96.81999969482422,96.77999877929688,96.77999877929688,3565,0.0,0.0
2025-02-06 14:08:00-05:00,96.7699966430664,96.8499984741211,96.7699966430664,96.83000183105469,2423,0.0,0.0
2025-02-06 14:09:00-05:00,96.81999969482422,96.85459899902344,96.80999755859375,96.83999633789062,1811,0.0,0.0
2025-02-06 14:10:00-05:00,96.81999969482422,96.8499984741211,96.79000091552734,96.79000091552734,12349,0.0,0.0
2025-02-06 14:11:00-05:00,96.83000183105469,96.83000183105469,96.81999969482422,96.83000183105469,1734,0.0,0.0
2025-02-06 14:12:00-05:00,96.81999969482422,96.81999969482422,96.66000366210938,96.66000366210938,2068,0.0,0.0
2025-02-06 14:13:00-05:00,96.69999694824219,96.7300033569336,96.69999694824219,96.7300033569336,2103,0.0,0.0
2025-02-06 14:14:00-05:00,96.69999694824219,96.69999694824219,96.69999694824219,96.69999694824219,562,0.0,0.0
2025-02-06 14:15:00-05:00,96.7300033569336,96.73999786376953,96.69000244140625,96.69000244140625,3944,0.0,0.0
2025-02-06 14:16:00-05:00,96.69999694824219,96.75,96.69999694824219,96.75,560,0.0,0.0
2025-02-06 14:17:00-05:00,96.73739624023438,96.87000274658203,96.73739624023438,96.87000274658203,7328,0.0,0.0
2025-02-06 14:18:00-05:00,96.94000244140625,96.98999786376953,96.94000244140625,96.98999786376953,991,0.0,0.0
2025-02-06 14:19:00-05:00,96.99500274658203,96.99500274658203,96.91999816894531,96.96499633789062,2801,0.0,0.0
2025-02-06 14:20:00-05:00,97.0,97.0,96.95999908447266,96.95999908447266,1406,0.0,0.0
2025-02-06 14:21:00-05:00,96.98999786376953,97.0,96.95999908447266,97.0,1656,0.0,0.0
2025-02-06 14:22:00-05:00,96.96820068359375,97.0,96.95999908447266,97.0,1386,0.0,0.0
2025-02-06 14:23:00-05:00,97.0,97.0,96.95999908447266,96.95999908447266,1788,0.0,0.0
2025-02-06 14:24:00-05:00,96.95999908447266,96.95999908447266,96.9000015258789,96.90499877929688,5367,0.0,0.0
2025-02-06 14:25:00-05:00,96.90499877929688,96.90499877929688,96.69999694824219,96.69999694824219,8151,0.0,0.0
2025-02-06 14:26:00-05:00,96.69000244140625,96.69000244140625,96.6449966430664,96.6449966430664,1453,0.0,0.0
2025-02-06 14:27:00-05:00,96.63500213623047,96.63500213623047,96.47000122070312,96.55000305175781,8013,0.0,0.0
2025-02-06 14:28:00-05:00,96.56999969482422,96.56999969482422,96.51000213623047,96.51000213623047,419,0.0,0.0
2025-02-06 14:29:00-05:00,96.5199966430664,96.552001953125,96.5199966430664,96.5199966430664,2225,0.0,0.0
2025-02-06 14:30:00-05:00,96.48999786376953,96.48999786376953,96.36000061035156,96.36000061035156,3694,0.0,0.0
2025-02-06 14:31:00-05:00,96.33999633789062,96.3499984741211,96.19499969482422,96.20999908447266,4258,0.0,0.0
2025-02-06 14:32:00-05:00,96.17500305175781,96.27999877929688,96.17500305175781,96.2699966430664,6042,0.0,0.0
2025-02-06 14:33:00-05:00,96.27999877929688,96.27999877929688,96.20999908447266,96.2249984741211,1420,0.0,0.0
2025-02-06 14:34:00-05:00,96.2249984741211,96.2300033569336,96.2249984741211,96.2300033569336,1709,0.0,0.0
2025-02-06 14:35:00-05:00,96.19000244140625,96.22000122070312,96.16500091552734,96.22000122070312,2424,0.0,0.0
2025-02-06 14:36:00-05:00,96.2300033569336,96.33000183105469,96.2300033569336,96.33000183105469,3855,0.0,0.0
2025-02-06 14:37:00-05:00,96.38999938964844,96.47000122070312,96.38999938964844,96.47000122070312,1462,0.0,0.0
2025-02-06 14:38:00-05:00,96.48500061035156,96.48500061035156,96.48500061035156,96.48500061035156,1640,0.0,0.0
2025-02-06 14:39:00-05:00,96.5,96.5199966430664,96.48999786376953,96.5199966430664,1526,0.0,0.0
2025-02-06 14:40:00-05:00,96.5199966430664,96.5199966430664,96.3949966430664,96.3949966430664,1249,0.0,0.0
2025-02-06 14:41:00-05:00,96.41999816894531,96.4800033569336,96.41999816894531,96.41999816894531,1742,0.0,0.0
2025-02-06 14:42:00-05:00,96.46589660644531,96.4800033569336,96.44000244140625,96.4800033569336,1112,0.0,0.0
2025-02-06 14:43:00-05:00,96.41000366210938,96.51000213623047,96.41000366210938,96.51000213623047,1950,0.0,0.0
2025-02-06 14:44:00-05:00,96.48999786376953,96.49500274658203,96.44999694824219,96.44999694824219,2781,0.0,0.0
2025-02-06 14:45:00-05:00,96.5,96.5,96.45999908447266,96.45999908447266,1475,0.0,0.0
2025-02-06 14:46:00-05:00,96.4800033569336,96.4800033569336,96.44000244140625,96.44000244140625,1254,0.0,0.0
2025-02-06 14:47:00-05:00,96.44000244140625,96.5199966430664,96.44000244140625,96.5199966430664,872,0.0,0.0
2025-02-06 14:48:00-05:00,96.5199966430664,96.55999755859375,96.5199966430664,96.55999755859375,2158,0.0,0.0
2025-02-06 14:49:00-05:00,96.54499816894531,96.61000061035156,96.54499816894531,96.61000061035156,4959,0.0,0.0
2025-02-06 14:50:00-05:00,96.6050033569336,96.63999938964844,96.6050033569336,96.63999938964844,1272,0.0,0.0
2025-02-06 14:51:00-05:00,96.625,96.63999938964844,96.54000091552734,96.54000091552734,4151,0.0,0.0
2025-02-06 14:52:00-05:00,96.56999969482422,96.56999969482422,96.44999694824219,96.45999908447266,2489,0.0,0.0
2025-02-06 14:53:00-05:00,96.45999908447266,96.58000183105469,96.45999908447266,96.58000183105469,6766,0.0,0.0
2025-02-06 14:54:00-05:00,96.56999969482422,96.5999984741211,96.54000091552734,96.54000091552734,2035,0.0,0.0
2025-02-06 14:55:00-05:00,96.51380157470703,96.55500030517578,96.44999694824219,96.4800033569336,4275,0.0,0.0
2025-02-06 14:56:00-05:00,96.45999908447266,96.49500274658203,96.4000015258789,96.47000122070312,3156,0.0,0.0
2025-02-06 14:57:00-05:00,96.41000366210938,96.41999816894531,96.33999633789062,96.3499984741211,8265,0.0,0.0
2025-02-06 14:58:00-05:00,96.39250183105469,96.39250183105469,96.33999633789062,96.34500122070312,1323,0.0,0.0
2025-02-06 14:59:00-05:00,96.25,96.33999633789062,96.25,96.25,2733,0.0,0.0
2025-02-06 15:00:00-05:00,96.30000305175781,96.37999725341797,96.29000091552734,96.34500122070312,4400,0.0,0.0
2025-02-06 15:01:00-05:00,96.37000274658203,96.37000274658203,96.37000274658203,96.37000274658203,335,0.0,0.0
2025-02-06 15:02:00-05:00,96.33999633789062,96.45999908447266,96.33999633789062,96.44000244140625,3192,0.0,0.0
2025-02-06 15:03:00-05:00,96.38999938964844,96.41999816894531,96.37999725341797,96.37999725341797,3204,0.0,0.0
2025-02-06 15:04:00-05:00,96.43000030517578,96.43000030517578,96.3949966430664,96.3949966430664,297,0.0,0.0
2025-02-06 15:05:00-05:00,96.4000015258789,96.4000015258789,96.36000061035156,96.3781967163086,1659,0.0,0.0
2025-02-06 15:06:00-05:00,96.41999816894531,96.45999908447266,96.39009857177734,96.42500305175781,2558,0.0,0.0
2025-02-06 15:07:00-05:00,96.42500305175781,96.42500305175781,96.33999633789062,96.33999633789062,2219,0.0,0.0
2025-02-06 15:08:00-05:00,96.38999938964844,96.39900207519531,96.26000213623047,96.26000213623047,2431,0.0,0.0
2025-02-06 15:09:00-05:00,96.29290008544922,96.33999633789062,96.29290008544922,96.33999633789062,3414,0.0,0.0
2025-02-06 15:10:00-05:00,96.34500122070312,96.3499984741211,96.30999755859375,96.33000183105469,1891,0.0,0.0
2025-02-06 15:11:00-05:00,96.30000305175781,96.3499984741211,96.30000305175781,96.3499984741211,1824,0.0,0.0
2025-02-06 15:12:00-05:00,96.33000183105469,96.34040069580078,96.33000183105469,96.34040069580078,607,0.0,0.0
2025-02-06 15:13:00-05:00,96.3499984741211,96.43000030517578,96.3499984741211,96.41000366210938,5934,0.0,0.0
2025-02-06 15:14:00-05:00,96.43000030517578,96.43000030517578,96.3906021118164,96.43000030517578,893,0.0,0.0
2025-02-06 15:15:00-05:00,96.44000244140625,96.4800033569336,96.41000366210938,96.41000366210938,5074,0.0,0.0
2025-02-06 15:16:00-05:00,96.4000015258789,96.44000244140625,96.37000274658203,96.44000244140625,3477,0.0,0.0
2025-02-06 15:17:00-05:00,96.4800033569336,96.4800033569336,96.37999725341797,96.37999725341797,3918,0.0,0.0
2025-02-06 15:18:00-05:00,96.37999725341797,96.41000366210938,96.3499984741211,96.4000015258789,4176,0.0,0.0
2025-02-06 15:19:00-05:00,96.4000015258789,96.41000366210938,96.375,96.41000366210938,1565,0.0,0.0
2025-02-06 15:20:00-05:00,96.3499984741211,96.36309814453125,96.30999755859375,96.36309814453125,3420,0.0,0.0
2025-02-06 15:21:00-05:00,96.33999633789062,96.41000366210938,96.33999633789062,96.38999938964844,5583,0.0,0.0
2025-02-06 15:22:00-05:00,96.36000061035156,96.41500091552734,96.36000061035156,96.36000061035156,2560,0.0,0.0
2025-02-06 15:23:00-05:00,96.36000061035156,96.38500213623047,96.36000061035156,96.38500213623047,2595,0.0,0.0
2025-02-06 15:24:00-05:00,96.41000366210938,96.41999816894531,96.33499908447266,96.4000015258789,5996,0.0,0.0
2025-02-06 15:25:00-05:00,96.38500213623047,96.38500213623047,96.36000061035156,96.36000061035156,2874,0.0,0.0
2025-02-06 15:26:00-05:00,96.3499984741211,96.41999816894531,96.3499984741211,96.38999938964844,3419,0.0,0.0
2025-02-06 15:27:00-05:00,96.44999694824219,96.47000122070312,96.36000061035156,96.40070343017578,5416,0.0,0.0
2025-02-06 15:28:00-05:00,96.38490295410156,96.55999755859375,96.38490295410156,96.55999755859375,4580,0.0,0.0
2025-02-06 15:29:00-05:00,96.56500244140625,96.57250213623047,96.41000366210938,96.41999816894531,5173,0.0,0.0
2025-02-06 15:30:00-05:00,96.40249633789062,96.4800033569336,96.4000015258789,96.4800033569336,2084,0.0,0.0
2025-02-06 15:31:00-05:00,96.41000366210938,96.43000030517578,96.33999633789062,96.33999633789062,7906,0.0,0.0
2025-02-06 15:32:00-05:00,96.37999725341797,96.38500213623047,96.27749633789062,96.27749633789062,3127,0.0,0.0
2025-02-06 15:33:00-05:00,96.30999755859375,96.36000061035156,96.2301025390625,96.25,12608,0.0,0.0
2025-02-06 15:34:00-05:00,96.27249908447266,96.27249908447266,96.19000244140625,96.19000244140625,2128,0.0,0.0
2025-02-06 15:35:00-05:00,96.19000244140625,96.36000061035156,96.19000244140625,96.35700225830078,9288,0.0,0.0
2025-02-06 15:36:00-05:00,96.34500122070312,96.36000061035156,96.30999755859375,96.31500244140625,8129,0.0,0.0
2025-02-06 15:37:00-05:00,96.32859802246094,96.33999633789062,96.20680236816406,96.32859802246094,6753,0.0,0.0
2025-02-06 15:38:00-05:00,96.29000091552734,96.29000091552734,96.2300033569336,96.2300033569336,2061,0.0,0.0
2025-02-06 15:39:00-05:00,96.26499938964844,96.26499938964844,96.1500015258789,96.16000366210938,5437,0.0,0.0
2025-02-06 15:40:00-05:00,96.16000366210938,96.19999694824219,96.08000183105469,96.08000183105469,6608,0.0,0.0
2025-02-06 15:41:00-05:00,96.08999633789062,96.08999633789062,95.97000122070312,95.9800033569336,7675,0.0,0.0
2025-02-06 15:42:00-05:00,95.94999694824219,96.0,95.91999816894531,95.94999694824219,9192,0.0,0.0
2025-02-06 15:43:00-05:00,95.93000030517578,96.13999938964844,95.88999938964844,96.13999938964844,10829,0.0,0.0
2025-02-06 15:44:00-05:00,96.0999984741211,96.0999984741211,96.06999969482422,96.06999969482422,1867,0.0,0.0
2025-02-06 15:45:00-05:00,96.05000305175781,96.1050033569336,95.94999694824219,95.98500061035156,11307,0.0,0.0
2025-02-06 15:46:00-05:00,96.01000213623047,96.01499938964844,95.91999816894531,95.91999816894531,2458,0.0,0.0
2025-02-06 15:47:00-05:00,96.05169677734375,96.05169677734375,95.91000366210938,95.96410369873047,13917,0.0,0.0
2025-02-06 15:48:00-05:00,95.91000366210938,96.02999877929688,95.86000061035156,95.97000122070312,13251,0.0,0.0
2025-02-06 15:49:00-05:00,96.00749969482422,96.0708999633789,95.93000030517578,95.97219848632812,9530,0.0,0.0
2025-02-06 15:50:00-05:00,96.0,96.17500305175781,96.0,96.05999755859375,9121,0.0,0.0
2025-02-06 15:51:00-05:00,96.0,96.04499816894531,95.94000244140625,95.94000244140625,7406,0.0,0.0
2025-02-06 15:52:00-05:00,95.94000244140625,95.95999908447266,95.88999938964844,95.95999908447266,7883,0.0,0.0
2025-02-06 15:53:00-05:00,95.81999969482422,95.93000030517578,95.7300033569336,95.81999969482422,21744,0.0,0.0
2025-02-06 15:54:00-05:00,95.79000091552734,95.87000274658203,95.75499725341797,95.82499694824219,19796,0.0,0.0
2025-02-06 15:55:00-05:00,95.87000274658203,95.90499877929688,95.75,95.79000091552734,23250,0.0,0.0
2025-02-06 15:56:00-05:00,95.79000091552734,95.80000305175781,95.5199966430664,95.56999969482422,23897,0.0,0.0
2025-02-06 15:57:00-05:00,95.58499908447266,95.66000366210938,95.55000305175781,95.63999938964844,30739,0.0,0.0
2025-02-06 15:58:00-05:00,95.62999725341797,95.66999816894531,95.51000213623047,95.5250015258789,45908,0.0,0.0
2025-02-06 15:59:00-05:00,95.5,95.56999969482422,95.45999908447266,95.45999908447266,55087,0.0,0.0
2025-02-07 09:30:00-05:00,95.06999969482422,95.06999969482422,94.41999816894531,94.93499755859375,35600,0.0,0.0
2025-02-07 09:31:00-05:00,94.93499755859375,95.06500244140625,94.51010131835938,94.83000183105469,5495,0.0,0.0
2025-02-07 09:32:00-05:00,95.06500244140625,95.22000122070312,95.05010223388672,95.05999755859375,3594,0.0,0.0
2025-02-07 09:33:00-05:00,95.27999877929688,95.74749755859375,95.2249984741211,95.47000122070312,16949,0.0,0.0
2025-02-07 09:34:00-05:00,95.29409790039062,95.5999984741211,95.29000091552734,95.58999633789062,2632,0.0,0.0
2025-02-07 09:35:00-05:00,95.5999984741211,95.68000030517578,95.29000091552734,95.29000091552734,9824,0.0,0.0
2025-02-07 09:36:00-05:00,95.72470092773438,95.72470092773438,95.58000183105469,95.58000183105469,1109,0.0,0.0
2025-02-07 09:37:00-05:00,95.58000183105469,95.70999908447266,95.57499694824219,95.70999908447266,6188,0.0,0.0
2025-02-07 09:38:00-05:00,95.77999877929688,95.80000305175781,95.62000274658203,95.62000274658203,5606,0.0,0.0
2025-02-07 09:39:00-05:00,95.62000274658203,95.75,95.55000305175781,95.69999694824219,9725,0.0,0.0
2025-02-07 09:40:00-05:00,95.76000213623047,95.83499908447266,95.70500183105469,95.83499908447266,1973,0.0,0.0
2025-02-07 09:41:00-05:00,95.86000061035156,96.29000091552734,95.86000061035156,96.27999877929688,6342,0.0,0.0
2025-02-07 09:42:00-05:00,96.22000122070312,96.3499984741211,96.21499633789062,96.3499984741211,2587,0.0,0.0
2025-02-07 09:43:00-05:00,96.32499694824219,96.43219757080078,96.17009735107422,96.31999969482422,3607,0.0,0.0
2025-02-07 09:44:00-05:00,96.30500030517578,96.47000122070312,96.2300033569336,96.47000122070312,10692,0.0,0.0
2025-02-07 09:45:00-05:00,96.5,96.5,96.38500213623047,96.45999908447266,5280,0.0,0.0
2025-02-07 09:46:00-05:00,96.13500213623047,96.47000122070312,96.13500213623047,96.13500213623047,4570,0.0,0.0
2025-02-07 09:47:00-05:00,96.0374984741211,96.08000183105469,95.97000122070312,96.0374984741211,2880,0.0,0.0
2025-02-07 09:48:00-05:00,96.03500366210938,96.03500366210938,96.03500366210938,96.03500366210938,1069,0.0,0.0
2025-02-07 09:49:00-05:00,96.03250122070312,96.13999938964844,95.91000366210938,95.91000366210938,2285,0.0,0.0
2025-02-07 09:50:00-05:00,95.9000015258789,95.9000015258789,95.79000091552734,95.79000091552734,2364,0.0,0.0
2025-02-07 09:52:00-05:00,95.6520004272461,95.6520004272461,95.625,95.625,1033,0.0,0.0
2025-02-07 09:53:00-05:00,95.61499786376953,95.61499786376953,95.40499877929688,95.48770141601562,5792,0.0,0.0
2025-02-07 09:54:00-05:00,95.30000305175781,95.38999938964844,95.26750183105469,95.26750183105469,2279,0.0,0.0
2025-02-07 09:55:00-05:00,95.2750015258789,95.2750015258789,95.18000030517578,95.2750015258789,2026,0.0,0.0
2025-02-07 09:56:00-05:00,95.2699966430664,95.2699966430664,95.19000244140625,95.2249984741211,1071,0.0,0.0
2025-02-07 09:57:00-05:00,95.2300033569336,95.41999816894531,95.22000122070312,95.41999816894531,3462,0.0,0.0
2025-02-07 09:58:00-05:00,95.44999694824219,95.48999786376953,95.44999694824219,95.48500061035156,1470,0.0,0.0
2025-02-07 09:59:00-05:00,95.44000244140625,95.44000244140625,95.37999725341797,95.37999725341797,3260,0.0,0.0
2025-02-07 10:00:00-05:00,95.2699966430664,95.2699966430664,94.87999725341797,95.19000244140625,6107,0.0,0.0
2025-02-07 10:01:00-05:00,95.19000244140625,95.19000244140625,95.11000061035156,95.11000061035156,819,0.0,0.0
2025-02-07 10:02:00-05:00,95.21520233154297,95.21520233154297,95.0,95.0199966430664,3256,0.0,0.0
2025-02-07 10:03:00-05:00,95.0,95.27989959716797,95.0,95.1449966430664,1591,0.0,0.0
2025-02-07 10:04:00-05:00,95.02790069580078,95.13999938964844,95.01000213623047,95.05000305175781,3437,0.0,0.0
2025-02-07 10:05:00-05:00,95.05000305175781,95.5,95.01000213623047,95.5,4425,0.0,0.0
2025-02-07 10:06:00-05:00,95.43000030517578,95.63999938964844,95.43000030517578,95.6050033569336,3514,0.0,0.0
2025-02-07 10:07:00-05:00,95.54010009765625,95.62000274658203,95.54010009765625,95.55999755859375,2815,0.0,0.0
2025-02-07 10:08:00-05:00,95.56590270996094,95.80000305175781,95.56590270996094,95.80000305175781,3296,0.0,0.0
2025-02-07 10:09:00-05:00,95.74500274658203,95.80999755859375,95.74500274658203,95.77999877929688,1377,0.0,0.0
2025-02-07 10:10:00-05:00,95.76249694824219,95.76249694824219,95.59500122070312,95.63999938964844,1554,0.0,0.0
2025-02-07 10:11:00-05:00,95.63999938964844,95.63999938964844,95.52999877929688,95.55000305175781,4200,0.0,0.0
2025-02-07 10:12:00-05:00,95.58499908447266,95.58499908447266,95.48999786376953,95.5199966430664,3163,0.0,0.0
2025-02-07 10:13:00-05:00,95.41649627685547,95.5199966430664,95.41649627685547,95.44999694824219,3068,0.0,0.0
2025-02-07 10:14:00-05:00,95.55999755859375,95.62000274658203,95.52999877929688,95.62000274658203,3735,0.0,0.0
2025-02-07 10:15:00-05:00,95.68000030517578,95.68000030517578,95.62999725341797,95.62999725341797,1569,0.0,0.0
2025-02-07 10:16:00-05:00,95.5999984741211,95.62999725341797,95.51000213623047,95.62999725341797,9060,0.0,0.0
2025-02-07 10:18:00-05:00,95.77999877929688,95.77999877929688,95.70999908447266,95.77999877929688,5011,0.0,0.0
2025-02-07 10:19:00-05:00,95.9000015258789,96.12000274658203,95.9000015258789,96.0999984741211,4850,0.0,0.0
2025-02-07 10:20:00-05:00,96.10769653320312,96.1500015258789,95.99500274658203,95.99500274658203,4370,0.0,0.0
2025-02-07 10:21:00-05:00,96.0999984741211,96.23999786376953,96.0999984741211,96.20999908447266,5228,0.0,0.0
2025-02-07 10:22:00-05:00,96.23999786376953,96.26000213623047,96.23999786376953,96.26000213623047,2794,0.0,0.0
2025-02-07 10:23:00-05:00,96.31999969482422,96.48999786376953,96.31999969482422,96.45999908447266,3077,0.0,0.0
2025-02-07 10:24:00-05:00,96.42500305175781,96.44999694824219,96.3499984741211,96.44999694824219,2282,0.0,0.0
2025-02-07 10:25:00-05:00,96.45999908447266,96.60379791259766,96.38999938964844,96.40499877929688,6015,0.0,0.0
2025-02-07 10:26:00-05:00,96.40499877929688,96.44999694824219,96.30000305175781,96.30000305175781,6832,0.0,0.0
2025-02-07 10:27:00-05:00,96.2699966430664,96.28199768066406,96.23999786376953,96.23999786376953,2908,0.0,0.0
2025-02-07 10:28:00-05:00,96.18000030517578,96.26000213623047,96.1500015258789,96.26000213623047,3577,0.0,0.0
2025-02-07 10:29:00-05:00,96.19000244140625,96.19000244140625,96.12370300292969,96.12370300292969,1762,0.0,0.0
2025-02-07 10:30:00-05:00,96.12000274658203,96.14990234375,95.95999908447266,96.14990234375,2857,0.0,0.0
2025-02-07 10:31:00-05:00,96.06999969482422,96.0999984741211,95.98999786376953,95.98999786376953,2762,0.0,0.0
2025-02-07 10:32:00-05:00,95.95999908447266,95.95999908447266,95.95999908447266,95.95999908447266,1104,0.0,0.0
2025-02-07 10:33:00-05:00,96.05000305175781,96.1500015258789,95.9800033569336,96.08499908447266,7218,0.0,0.0
2025-02-07 10:34:00-05:00,96.05999755859375,96.05999755859375,95.87000274658203,95.97000122070312,2692,0.0,0.0
2025-02-07 10:35:00-05:00,95.98999786376953,96.08999633789062,95.98999786376953,96.08999633789062,1255,0.0,0.0
2025-02-07 10:36:00-05:00,96.13999938964844,96.1500015258789,96.13999938964844,96.1500015258789,1111,0.0,0.0
2025-02-07 10:37:00-05:00,96.08000183105469,96.09500122070312,95.98999786376953,96.0199966430664,6734,0.0,0.0
2025-02-07 10:38:00-05:00,96.0,96.00550079345703,95.84500122070312,95.84500122070312,3194,0.0,0.0
2025-02-07 10:39:00-05:00,95.83000183105469,95.83000183105469,95.61000061035156,95.6449966430664,3883,0.0,0.0
2025-02-07 10:40:00-05:00,95.6500015258789,95.7300033569336,95.6500015258789,95.7300033569336,1120,0.0,0.0
2025-02-07 10:41:00-05:00,95.66999816894531,95.66999816894531,95.55500030517578,95.56500244140625,3835,0.0,0.0
2025-02-07 10:42:00-05:00,95.56500244140625,95.56500244140625,95.47000122070312,95.47000122070312,4393,0.0,0.0
2025-02-07 10:43:00-05:00,95.41999816894531,95.44999694824219,95.3499984741211,95.44999694824219,3954,0.0,0.0
2025-02-07 10:44:00-05:00,95.37000274658203,95.37000274658203,95.26000213623047,95.26000213623047,4945,0.0,0.0
2025-02-07 10:45:00-05:00,95.0999984741211,95.11000061035156,95.0,95.11000061035156,5339,0.0,0.0
2025-02-07 10:46:00-05:00,95.22000122070312,95.26000213623047,95.19999694824219,95.25,5246,0.0,0.0
2025-02-07 10:47:00-05:00,95.25,95.29609680175781,95.16999816894531,95.19499969482422,4332,0.0,0.0
2025-02-07 10:48:00-05:00,95.26000213623047,95.37999725341797,95.26000213623047,95.33499908447266,8094,0.0,0.0
2025-02-07 10:49:00-05:00,95.375,95.44999694824219,95.375,95.44999694824219,3216,0.0,0.0
2025-02-07 10:50:00-05:00,95.42500305175781,95.47000122070312,95.2300033569336,95.23999786376953,6696,0.0,0.0
2025-02-07 10:51:00-05:00,95.2300033569336,95.2300033569336,95.08000183105469,95.20999908447266,1760,0.0,0.0
2025-02-07 10:52:00-05:00,95.20999908447266,95.29000091552734,95.20999908447266,95.29000091552734,1974,0.0,0.0
2025-02-07 10:53:00-05:00,95.30999755859375,95.3499984741211,94.83999633789062,94.83999633789062,16032,0.0,0.0
2025-02-07 10:54:00-05:00,94.80999755859375,94.88999938964844,94.6500015258789,94.86000061035156,7177,0.0,0.0
2025-02-07 10:55:00-05:00,94.91079711914062,95.08000183105469,94.83000183105469,94.91079711914062,6073,0.0,0.0
2025-02-07 10:56:00-05:00,94.94999694824219,94.94999694824219,94.77999877929688,94.77999877929688,8062,0.0,0.0
2025-02-07 10:57:00-05:00,94.7300033569336,94.81999969482422,94.7300033569336,94.7699966430664,1939,0.0,0.0
2025-02-07 10:58:00-05:00,94.81999969482422,94.94000244140625,94.7699966430664,94.94000244140625,2936,0.0,0.0
2025-02-07 10:59:00-05:00,94.87000274658203,94.88500213623047,94.87000274658203,94.88500213623047,1388,0.0,0.0
2025-02-07 11:00:00-05:00,94.88500213623047,94.88500213623047,94.70999908447266,94.73999786376953,7842,0.0,0.0
2025-02-07 11:01:00-05:00,94.69999694824219,94.69999694824219,94.56999969482422,94.56999969482422,2825,0.0,0.0
2025-02-07 11:02:00-05:00,94.58000183105469,94.69000244140625,94.58000183105469,94.62999725341797,5224,0.0,0.0
2025-02-07 11:03:00-05:00,94.5,94.52999877929688,94.4800033569336,94.52999877929688,5382,0.0,0.0
2025-02-07 11:04:00-05:00,94.57499694824219,94.57499694824219,94.56999969482422,94.56999969482422,611,0.0,0.0
2025-02-07 11:05:00-05:00,94.57499694824219,94.57499694824219,94.49500274658203,94.50499725341797,3533,0.0,0.0
2025-02-07 11:06:00-05:00,94.50499725341797,94.7699966430664,94.50499725341797,94.7699966430664,8895,0.0,0.0
2025-02-07 11:07:00-05:00,94.94000244140625,95.01499938964844,94.91999816894531,94.91999816894531,4389,0.0,0.0
2025-02-07 11:08:00-05:00,94.95999908447266,94.97000122070312,94.94000244140625,94.94000244140625,1600,0.0,0.0
2025-02-07 11:09:00-05:00,94.93000030517578,95.05000305175781,94.87000274658203,95.0,6551,0.0,0.0
2025-02-07 11:10:00-05:00,94.97000122070312,94.9800033569336,94.77999877929688,94.91999816894531,5519,0.0,0.0
2025-02-07 11:11:00-05:00,94.97000122070312,94.9800033569336,94.73999786376953,94.83000183105469,8763,0.0,0.0
2025-02-07 11:12:00-05:00,94.82749938964844,94.9000015258789,94.82749938964844,94.82749938964844,1622,0.0,0.0
2025-02-07 11:13:00-05:00,94.80999755859375,94.80999755859375,94.75,94.75,2056,0.0,0.0
2025-02-07 11:14:00-05:00,94.62999725341797,94.62999725341797,94.5,94.5,3494,0.0,0.0
2025-02-07 11:15:00-05:00,94.54039764404297,94.55999755859375,94.54039764404297,94.55999755859375,2233,0.0,0.0
2025-02-07 11:16:00-05:00,94.62000274658203,94.72000122070312,94.62000274658203,94.70259857177734,1022,0.0,0.0
2025-02-07 11:17:00-05:00,94.72000122070312,94.8499984741211,94.69999694824219,94.8324966430664,2794,0.0,0.0
2025-02-07 11:18:00-05:00,94.94999694824219,95.04000091552734,94.94999694824219,95.02999877929688,1733,0.0,0.0
2025-02-07 11:19:00-05:00,95.03500366210938,95.12000274658203,95.03500366210938,95.05999755859375,3611,0.0,0.0
2025-02-07 11:20:00-05:00,95.11000061035156,95.23999786376953,95.11000061035156,95.23999786376953,1405,0.0,0.0
2025-02-07 11:21:00-05:00,95.20500183105469,95.20500183105469,94.94999694824219,94.9749984741211,4121,0.0,0.0
2025-02-07 11:22:00-05:00,94.93000030517578,94.93000030517578,94.86000061035156,94.86000061035156,4600,0.0,0.0
2025-02-07 11:23:00-05:00,94.80000305175781,94.875,94.75,94.75,1993,0.0,0.0
2025-02-07 11:24:00-05:00,94.76499938964844,94.76499938964844,94.58000183105469,94.58000183105469,3485,0.0,0.0
2025-02-07 11:25:00-05:00,94.54000091552734,94.6500015258789,94.5,94.64659881591797,6880,0.0,0.0
2025-02-07 11:26:00-05:00,94.66000366210938,94.77999877929688,94.62190246582031,94.68000030517578,5145,0.0,0.0
2025-02-07 11:27:00-05:00,94.76000213623047,94.91000366210938,94.76000213623047,94.88999938964844,2291,0.0,0.0
2025-02-07 11:28:00-05:00,94.9000015258789,94.9000015258789,94.79000091552734,94.79000091552734,4268,0.0,0.0
2025-02-07 11:29:00-05:00,94.76090240478516,94.76090240478516,94.73999786376953,94.73999786376953,1940,0.0,0.0
2025-02-07 11:30:00-05:00,94.76499938964844,94.8499984741211,94.7300033569336,94.81999969482422,2819,0.0,0.0
2025-02-07 11:31:00-05:00,94.81999969482422,94.91000366210938,94.81999969482422,94.83000183105469,3334,0.0,0.0
2025-02-07 11:32:00-05:00,94.83000183105469,94.83499908447266,94.75,94.75,1399,0.0,0.0
2025-02-07 11:33:00-05:00,94.76000213623047,94.80000305175781,94.76000213623047,94.77999877929688,2956,0.0,0.0
2025-02-07 11:34:00-05:00,94.77999877929688,94.83999633789062,94.77999877929688,94.83999633789062,1859,0.0,0.0
2025-02-07 11:35:00-05:00,94.77999877929688,94.79000091552734,94.62000274658203,94.66999816894531,5467,0.0,0.0
2025-02-07 11:36:00-05:00,94.66999816894531,94.77999877929688,94.66500091552734,94.77999877929688,2119,0.0,0.0
2025-02-07 11:37:00-05:00,94.79000091552734,94.79000091552734,94.79000091552734,94.79000091552734,477,0.0,0.0
2025-02-07 11:38:00-05:00,94.83000183105469,94.83000183105469,94.63999938964844,94.70999908447266,5704,0.0,0.0
2025-02-07 11:39:00-05:00,94.71499633789062,94.71499633789062,94.63999938964844,94.63999938964844,3389,0.0,0.0
2025-02-07 11:40:00-05:00,94.6449966430664,94.87000274658203,94.6449966430664,94.86000061035156,6109,0.0,0.0
2025-02-07 11:41:00-05:00,94.83999633789062,94.9000015258789,94.83000183105469,94.87000274658203,1969,0.0,0.0
2025-02-07 11:42:00-05:00,94.81999969482422,94.81999969482422,94.7699966430664,94.81500244140625,4596,0.0,0.0
2025-02-07 11:43:00-05:00,94.81500244140625,94.81999969482422,94.73999786376953,94.81999969482422,4549,0.0,0.0
2025-02-07 11:44:00-05:00,94.9000015258789,94.97000122070312,94.9000015258789,94.94999694824219,1860,0.0,0.0
2025-02-07 11:45:00-05:00,94.88999938964844,94.94999694824219,94.58999633789062,94.66000366210938,8365,0.0,0.0
2025-02-07 11:46:00-05:00,94.68000030517578,94.68000030517578,94.41999816894531,94.47000122070312,3153,0.0,0.0
2025-02-07 11:47:00-05:00,94.4800033569336,94.51000213623047,94.4800033569336,94.51000213623047,1033,0.0,0.0
2025-02-07 11:48:00-05:00,94.44000244140625,94.50499725341797,94.44000244140625,94.50499725341797,3355,0.0,0.0
2025-02-07 11:49:00-05:00,94.44999694824219,94.44999694824219,94.41000366210938,94.41000366210938,2131,0.0,0.0
2025-02-07 11:50:00-05:00,94.44999694824219,94.6449966430664,94.44999694824219,94.625,3610,0.0,0.0
2025-02-07 11:51:00-05:00,94.68499755859375,94.68499755859375,94.55000305175781,94.55000305175781,1829,0.0,0.0
2025-02-07 11:52:00-05:00,94.55000305175781,94.58000183105469,94.55000305175781,94.58000183105469,1931,0.0,0.0
2025-02-07 11:53:00-05:00,94.7300033569336,94.7300033569336,94.6500015258789,94.7300033569336,2073,0.0,0.0
2025-02-07 11:54:00-05:00,94.66000366210938,94.66500091552734,94.55999755859375,94.60890197753906,4110,0.0,0.0
2025-02-07 11:55:00-05:00,94.58000183105469,94.62000274658203,94.58000183105469,94.62000274658203,2221,0.0,0.0
2025-02-07 11:56:00-05:00,94.63999938964844,94.83999633789062,94.63999938964844,94.7699966430664,2948,0.0,0.0
2025-02-07 11:57:00-05:00,94.81999969482422,94.88999938964844,94.79000091552734,94.80039978027344,2022,0.0,0.0
2025-02-07 11:58:00-05:00,94.80999755859375,94.9000015258789,94.62000274658203,94.6449966430664,28470,0.0,0.0
2025-02-07 11:59:00-05:00,94.56999969482422,94.5999984741211,94.45999908447266,94.48999786376953,4757,0.0,0.0
2025-02-07 12:00:00-05:00,94.48999786376953,94.55950164794922,94.38999938964844,94.38999938964844,4176,0.0,0.0
2025-02-07 12:01:00-05:00,94.3499984741211,94.37640380859375,94.3499984741211,94.375,1691,0.0,0.0
2025-02-07 12:02:00-05:00,94.375,94.3949966430664,94.33999633789062,94.3949966430664,660,0.0,0.0
2025-02-07 12:03:00-05:00,94.33999633789062,94.33999633789062,94.19999694824219,94.19999694824219,2510,0.0,0.0
2025-02-07 12:04:00-05:00,94.31999969482422,94.4000015258789,94.2699966430664,94.4000015258789,5603,0.0,0.0
2025-02-07 12:05:00-05:00,94.4000015258789,94.43000030517578,94.3499984741211,94.40499877929688,2843,0.0,0.0
2025-02-07 12:06:00-05:00,94.4800033569336,94.51000213623047,94.47000122070312,94.48500061035156,3014,0.0,0.0
2025-02-07 12:07:00-05:00,94.58999633789062,94.71769714355469,94.38999938964844,94.38999938964844,4535,0.0,0.0
2025-02-07 12:08:00-05:00,94.33000183105469,94.49949645996094,94.31829833984375,94.43000030517578,4455,0.0,0.0
2025-02-07 12:09:00-05:00,94.48619842529297,94.48619842529297,94.33999633789062,94.43000030517578,2105,0.0,0.0
2025-02-07 12:10:00-05:00,94.36000061035156,94.36000061035156,94.36000061035156,94.36000061035156,1322,0.0,0.0
2025-02-07 12:11:00-05:00,94.27999877929688,94.37999725341797,94.27999877929688,94.30999755859375,3840,0.0,0.0
2025-02-07 12:12:00-05:00,94.3499984741211,94.3949966430664,94.3499984741211,94.38999938964844,2078,0.0,0.0
2025-02-07 12:13:00-05:00,94.3949966430664,94.44000244140625,94.36000061035156,94.37999725341797,3001,0.0,0.0
2025-02-07 12:14:00-05:00,94.33000183105469,94.33000183105469,94.31999969482422,94.31999969482422,305,0.0,0.0
2025-02-07 12:15:00-05:00,94.33999633789062,94.33999633789062,94.16000366210938,94.16000366210938,3917,0.0,0.0
2025-02-07 12:16:00-05:00,94.2300033569336,94.26000213623047,94.16999816894531,94.26000213623047,3971,0.0,0.0
2025-02-07 12:17:00-05:00,94.2300033569336,94.23999786376953,94.17240142822266,94.17240142822266,2772,0.0,0.0
2025-02-07 12:18:00-05:00,94.1500015258789,94.33999633789062,93.94950103759766,94.33999633789062,14340,0.0,0.0
2025-02-07 12:19:00-05:00,94.30500030517578,94.4000015258789,94.30500030517578,94.4000015258789,2430,0.0,0.0
2025-02-07 12:20:00-05:00,94.44999694824219,94.44999694824219,94.38500213623047,94.38999938964844,980,0.0,0.0
2025-02-07 12:21:00-05:00,94.375,94.37999725341797,94.30999755859375,94.37999725341797,8243,0.0,0.0
2025-02-07 12:22:00-05:00,94.3499984741211,94.43000030517578,94.27999877929688,94.27999877929688,11603,0.0,0.0
2025-02-07 12:23:00-05:00,94.27999877929688,94.3550033569336,94.22000122070312,94.3550033569336,6748,0.0,0.0
2025-02-07 12:24:00-05:00,94.3550033569336,94.41000366210938,94.3550033569336,94.3949966430664,1270,0.0,0.0
2025-02-07 12:25:00-05:00,94.44000244140625,94.44000244140625,94.38980102539062,94.38980102539062,1076,0.0,0.0
2025-02-07 12:26:00-05:00,94.44000244140625,94.44999694824219,94.38999938964844,94.38999938964844,1461,0.0,0.0
2025-02-07 12:27:00-05:00,94.47000122070312,94.62999725341797,94.47000122070312,94.62999725341797,2503,0.0,0.0
2025-02-07 12:28:00-05:00,94.54000091552734,94.62000274658203,94.54000091552734,94.54499816894531,1577,0.0,0.0
2025-02-07 12:29:00-05:00,94.55999755859375,94.5999984741211,94.4000015258789,94.40499877929688,4779,0.0,0.0
2025-02-07 12:30:00-05:00,94.3499984741211,94.41999816894531,94.31999969482422,94.37999725341797,3469,0.0,0.0
2025-02-07 12:31:00-05:00,94.38500213623047,94.41999816894531,94.30000305175781,94.30000305175781,1048,0.0,0.0
2025-02-07 12:32:00-05:00,94.34500122070312,94.36299896240234,94.26000213623047,94.28500366210938,3000,0.0,0.0
2025-02-07 12:33:00-05:00,94.20999908447266,94.20999908447266,94.13999938964844,94.18000030517578,3399,0.0,0.0
2025-02-07 12:34:00-05:00,94.25,94.26000213623047,94.19000244140625,94.26000213623047,2437,0.0,0.0
2025-02-07 12:35:00-05:00,94.26000213623047,94.26000213623047,94.20999908447266,94.20999908447266,2296,0.0,0.0
2025-02-07 12:36:00-05:00,94.2249984741211,94.23999786376953,94.2249984741211,94.23999786376953,2516,0.0,0.0
2025-02-07 12:37:00-05:00,94.24500274658203,94.27999877929688,94.16010284423828,94.19000244140625,9460,0.0,0.0
2025-02-07 12:38:00-05:00,94.19000244140625,94.2300033569336,94.19000244140625,94.2300033569336,1470,0.0,0.0
2025-02-07 12:39:00-05:00,94.18000030517578,94.18000030517578,94.17500305175781,94.17500305175781,2340,0.0,0.0
2025-02-07 12:40:00-05:00,94.17500305175781,94.18000030517578,94.08999633789062,94.11000061035156,1114,0.0,0.0
2025-02-07 12:41:00-05:00,94.18000030517578,94.22840118408203,94.06999969482422,94.06999969482422,2943,0.0,0.0
2025-02-07 12:42:00-05:00,94.19000244140625,94.19000244140625,94.08000183105469,94.13500213623047,2610,0.0,0.0
2025-02-07 12:43:00-05:00,94.0999984741211,94.0999984741211,94.07499694824219,94.09500122070312,2844,0.0,0.0
2025-02-07 12:44:00-05:00,94.09500122070312,94.09500122070312,94.09500122070312,94.09500122070312,422,0.0,0.0
2025-02-07 12:45:00-05:00,94.05999755859375,94.12120056152344,94.05999755859375,94.08999633789062,1134,0.0,0.0
2025-02-07 12:46:00-05:00,94.08999633789062,94.13480377197266,94.07499694824219,94.09500122070312,2775,0.0,0.0
2025-02-07 12:47:00-05:00,94.09500122070312,94.09500122070312,94.05000305175781,94.05000305175781,544,0.0,0.0
2025-02-07 12:48:00-05:00,94.0999984741211,94.0999984741211,94.01000213623047,94.01000213623047,2891,0.0,0.0
2025-02-07 12:49:00-05:00,94.05000305175781,94.05500030517578,93.97000122070312,94.05500030517578,5531,0.0,0.0
2025-02-07 12:50:00-05:00,94.0,94.02999877929688,93.95999908447266,93.95999908447266,3379,0.0,0.0
2025-02-07 12:51:00-05:00,93.9000015258789,93.9000015258789,93.83999633789062,93.83999633789062,1505,0.0,0.0
2025-02-07 12:52:00-05:00,93.80999755859375,93.9000015258789,93.80509948730469,93.8550033569336,3259,0.0,0.0
2025-02-07 12:53:00-05:00,93.8550033569336,94.0199966430664,93.8550033569336,94.0199966430664,5480,0.0,0.0
2025-02-07 12:54:00-05:00,94.0199966430664,94.15390014648438,94.0199966430664,94.15390014648438,2955,0.0,0.0
2025-02-07 12:55:00-05:00,94.19999694824219,94.2699966430664,94.19999694824219,94.2699966430664,932,0.0,0.0
2025-02-07 12:56:00-05:00,94.2750015258789,94.33000183105469,94.2750015258789,94.33000183105469,2379,0.0,0.0
2025-02-07 12:57:00-05:00,94.36000061035156,94.36000061035156,94.23999786376953,94.27999877929688,8106,0.0,0.0
2025-02-07 12:58:00-05:00,94.22000122070312,94.31950378417969,94.19999694824219,94.22000122070312,2513,0.0,0.0
2025-02-07 12:59:00-05:00,94.19000244140625,94.2699966430664,94.18000030517578,94.26499938964844,3334,0.0,0.0
2025-02-07 13:00:00-05:00,94.20999908447266,94.38999938964844,94.20999908447266,94.38999938964844,4690,0.0,0.0
2025-02-07 13:02:00-05:00,94.4000015258789,94.4000015258789,94.4000015258789,94.4000015258789,1712,0.0,0.0
2025-02-07 13:03:00-05:00,94.43000030517578,94.43000030517578,94.38999938964844,94.43000030517578,529,0.0,0.0
2025-02-07 13:04:00-05:00,94.36620330810547,94.46499633789062,94.36620330810547,94.46499633789062,4087,0.0,0.0
2025-02-07 13:05:00-05:00,94.49330139160156,94.5999984741211,94.44999694824219,94.5999984741211,6273,0.0,0.0
2025-02-07 13:06:00-05:00,94.62999725341797,94.62999725341797,94.52999877929688,94.52999877929688,2087,0.0,0.0
2025-02-07 13:07:00-05:00,94.54010009765625,94.61499786376953,94.41999816894531,94.48500061035156,8486,0.0,0.0
2025-02-07 13:08:00-05:00,94.38999938964844,94.4749984741211,94.38999938964844,94.4749984741211,886,0.0,0.0
2025-02-07 13:09:00-05:00,94.41999816894531,94.48500061035156,94.41000366210938,94.47000122070312,2693,0.0,0.0
2025-02-07 13:10:00-05:00,94.5199966430664,94.57499694824219,94.48999786376953,94.54499816894531,9856,0.0,0.0
2025-02-07 13:11:00-05:00,94.53800201416016,94.54000091552734,94.4000015258789,94.44000244140625,3528,0.0,0.0
2025-02-07 13:12:00-05:00,94.5,94.52999877929688,94.5,94.5,1329,0.0,0.0
2025-02-07 13:13:00-05:00,94.5790023803711,94.5790023803711,94.54499816894531,94.54750061035156,1569,0.0,0.0
2025-02-07 13:14:00-05:00,94.57499694824219,94.57499694824219,94.54000091552734,94.57499694824219,1261,0.0,0.0
2025-02-07 13:15:00-05:00,94.5999984741211,94.75759887695312,94.5999984741211,94.75759887695312,2648,0.0,0.0
2025-02-07 13:16:00-05:00,94.76000213623047,94.76000213623047,94.75,94.75,866,0.0,0.0
2025-02-07 13:17:00-05:00,94.69000244140625,94.69499969482422,94.67500305175781,94.67500305175781,2340,0.0,0.0
2025-02-07 13:18:00-05:00,94.72000122070312,94.75,94.70999908447266,94.75,2945,0.0,0.0
2025-02-07 13:19:00-05:00,94.75,94.76000213623047,94.74500274658203,94.75499725341797,2422,0.0,0.0
2025-02-07 13:20:00-05:00,94.75499725341797,94.75499725341797,94.66999816894531,94.70999908447266,4989,0.0,0.0
2025-02-07 13:21:00-05:00,94.60250091552734,94.62999725341797,94.58000183105469,94.60250091552734,2855,0.0,0.0
2025-02-07 13:22:00-05:00,94.66000366210938,94.68000030517578,94.6500015258789,94.68000030517578,2799,0.0,0.0
2025-02-07 13:23:00-05:00,94.6449966430664,94.68000030517578,94.55999755859375,94.57499694824219,3666,0.0,0.0
2025-02-07 13:25:00-05:00,94.54000091552734,94.54000091552734,94.52999877929688,94.52999877929688,1465,0.0,0.0
2025-02-07 13:26:00-05:00,94.53399658203125,94.53399658203125,94.48999786376953,94.48999786376953,2027,0.0,0.0
2025-02-07 13:27:00-05:00,94.5250015258789,94.56999969482422,94.5250015258789,94.56999969482422,2533,0.0,0.0
2025-02-07 13:29:00-05:00,94.48999786376953,94.48999786376953,94.4000015258789,94.4000015258789,2532,0.0,0.0
2025-02-07 13:30:00-05:00,94.38999938964844,94.38999938964844,94.37000274658203,94.37000274658203,867,0.0,0.0
2025-02-07 13:31:00-05:00,94.3499984741211,94.46990203857422,94.33999633789062,94.41999816894531,2422,0.0,0.0
2025-02-07 13:32:00-05:00,94.31999969482422,94.41000366210938,94.31999969482422,94.41000366210938,1753,0.0,0.0
2025-02-07 13:33:00-05:00,94.4000015258789,94.43119812011719,94.38999938964844,94.4175033569336,3140,0.0,0.0
2025-02-07 13:34:00-05:00,94.47000122070312,94.58000183105469,94.47000122070312,94.58000183105469,2117,0.0,0.0
2025-02-07 13:35:00-05:00,94.49120330810547,94.49120330810547,94.49120330810547,94.49120330810547,1735,0.0,0.0
2025-02-07 13:36:00-05:00,94.56999969482422,94.58999633789062,94.55999755859375,94.56999969482422,1740,0.0,0.0
2025-02-07 13:37:00-05:00,94.52999877929688,94.52999877929688,94.52999877929688,94.52999877929688,551,0.0,0.0
2025-02-07 13:38:00-05:00,94.56500244140625,94.56999969482422,94.56500244140625,94.56999969482422,1230,0.0,0.0
2025-02-07 13:39:00-05:00,94.5999984741211,94.62999725341797,94.58000183105469,94.5999984741211,7625,0.0,0.0
2025-02-07 13:40:00-05:00,94.55000305175781,94.56999969482422,94.51000213623047,94.51000213623047,2152,0.0,0.0
2025-02-07 13:41:00-05:00,94.44000244140625,94.44000244140625,94.37999725341797,94.41000366210938,3131,0.0,0.0
2025-02-07 13:42:00-05:00,94.47000122070312,94.48500061035156,94.41999816894531,94.41999816894531,2347,0.0,0.0
2025-02-07 13:43:00-05:00,94.38999938964844,94.43000030517578,94.36000061035156,94.41500091552734,1704,0.0,0.0
2025-02-07 13:44:00-05:00,94.43499755859375,94.44439697265625,94.26000213623047,94.2750015258789,4844,0.0,0.0
2025-02-07 13:45:00-05:00,94.25499725341797,94.26000213623047,94.18000030517578,94.25499725341797,2150,0.0,0.0
2025-02-07 13:46:00-05:00,94.33000183105469,94.33000183105469,94.20999908447266,94.20999908447266,2247,0.0,0.0
2025-02-07 13:47:00-05:00,94.1500015258789,94.17500305175781,94.1500015258789,94.17500305175781,1343,0.0,0.0
2025-02-07 13:48:00-05:00,94.16999816894531,94.18000030517578,94.16999816894531,94.18000030517578,853,0.0,0.0
2025-02-07 13:49:00-05:00,94.18479919433594,94.23999786376953,94.12999725341797,94.2300033569336,5401,0.0,0.0
2025-02-07 13:51:00-05:00,94.16999816894531,94.16999816894531,94.0999984741211,94.0999984741211,1246,0.0,0.0
2025-02-07 13:52:00-05:00,94.16000366210938,94.16000366210938,94.06999969482422,94.06999969482422,2572,0.0,0.0
2025-02-07 13:53:00-05:00,94.05000305175781,94.05000305175781,94.05000305175781,94.05000305175781,2218,0.0,0.0
2025-02-07 13:54:00-05:00,94.06120300292969,94.06120300292969,93.9000015258789,93.9000015258789,4708,0.0,0.0
2025-02-07 13:55:00-05:00,93.91999816894531,93.94519805908203,93.90499877929688,93.90499877929688,2319,0.0,0.0
2025-02-07 13:56:00-05:00,93.89739990234375,93.89739990234375,93.83999633789062,93.83999633789062,1266,0.0,0.0
2025-02-07 13:57:00-05:00,93.87000274658203,93.92990112304688,93.87000274658203,93.87000274658203,870,0.0,0.0
2025-02-07 13:58:00-05:00,93.83000183105469,93.83000183105469,93.77999877929688,93.77999877929688,1488,0.0,0.0
2025-02-07 13:59:00-05:00,93.80000305175781,93.86499786376953,93.80000305175781,93.86499786376953,2964,0.0,0.0
2025-02-07 14:00:00-05:00,93.8301010131836,93.83999633789062,93.77999877929688,93.80500030517578,2135,0.0,0.0
2025-02-07 14:01:00-05:00,93.83000183105469,93.91000366210938,93.81999969482422,93.87999725341797,1981,0.0,0.0
2025-02-07 14:02:00-05:00,93.86000061035156,93.86000061035156,93.86000061035156,93.86000061035156,1332,0.0,0.0
2025-02-07 14:03:00-05:00,93.85679626464844,93.97000122070312,93.85679626464844,93.94000244140625,4482,0.0,0.0
2025-02-07 14:04:00-05:00,93.88999938964844,93.88999938964844,93.88999938964844,93.88999938964844,356,0.0,0.0
2025-02-07 14:05:00-05:00,93.80000305175781,93.87999725341797,93.80000305175781,93.87999725341797,681,0.0,0.0
2025-02-07 14:06:00-05:00,93.92990112304688,93.97000122070312,93.91999816894531,93.97000122070312,2516,0.0,0.0
2025-02-07 14:07:00-05:00,93.91000366210938,93.93000030517578,93.86000061035156,93.93000030517578,829,0.0,0.0
2025-02-07 14:08:00-05:00,93.9800033569336,93.9800033569336,93.94000244140625,93.94000244140625,1326,0.0,0.0
2025-02-07 14:09:00-05:00,93.91000366210938,93.91000366210938,93.83999633789062,93.83999633789062,1945,0.0,0.0
2025-02-07 14:10:00-05:00,93.80999755859375,93.83000183105469,93.69999694824219,93.77680206298828,2414,0.0,0.0
2025-02-07 14:11:00-05:00,93.81999969482422,93.81999969482422,93.69999694824219,93.7699966430664,1023,0.0,0.0
2025-02-07 14:12:00-05:00,93.7300033569336,93.74849700927734,93.69000244140625,93.70999908447266,2052,0.0,0.0
2025-02-07 14:13:00-05:00,93.7300033569336,93.7300033569336,93.72000122070312,93.72000122070312,576,0.0,0.0
2025-02-07 14:14:00-05:00,93.7699966430664,93.7699966430664,93.73999786376953,93.73999786376953,3012,0.0,0.0
2025-02-07 14:15:00-05:00,93.66999816894531,93.66999816894531,93.66999816894531,93.66999816894531,454,0.0,0.0
2025-02-07 14:16:00-05:00,93.69000244140625,93.72000122070312,93.6500015258789,93.6500015258789,2341,0.0,0.0
2025-02-07 14:17:00-05:00,93.67500305175781,93.67500305175781,93.67500305175781,93.67500305175781,1312,0.0,0.0
2025-02-07 14:18:00-05:00,93.61000061035156,93.61000061035156,93.58999633789062,93.58999633789062,997,0.0,0.0
2025-02-07 14:19:00-05:00,93.55000305175781,93.62000274658203,93.55000305175781,93.62000274658203,327,0.0,0.0
2025-02-07 14:20:00-05:00,93.58999633789062,93.58999633789062,93.5199966430664,93.5199966430664,3432,0.0,0.0
2025-02-07 14:21:00-05:00,93.51499938964844,93.51499938964844,93.3499984741211,93.37999725341797,10769,0.0,0.0
2025-02-07 14:22:00-05:00,93.31999969482422,93.45999908447266,93.2958984375,93.2958984375,7253,0.0,0.0
2025-02-07 14:23:00-05:00,93.32499694824219,93.38999938964844,93.19999694824219,93.20999908447266,8735,0.0,0.0
2025-02-07 14:24:00-05:00,93.20999908447266,93.2499008178711,93.16000366210938,93.16999816894531,3643,0.0,0.0
2025-02-07 14:25:00-05:00,93.19999694824219,93.19999694824219,93.05999755859375,93.11499786376953,2752,0.0,0.0
2025-02-07 14:26:00-05:00,93.13870239257812,93.13870239257812,93.0199966430664,93.04499816894531,3415,0.0,0.0
2025-02-07 14:27:00-05:00,93.0,93.0,92.8499984741211,92.90499877929688,6796,0.0,0.0
2025-02-07 14:28:00-05:00,92.9000015258789,92.95999908447266,92.9000015258789,92.91000366210938,9779,0.0,0.0
2025-02-07 14:29:00-05:00,92.86000061035156,92.86000061035156,92.80999755859375,92.83999633789062,2662,0.0,0.0
2025-02-07 14:30:00-05:00,92.80000305175781,92.8499984741211,92.76499938964844,92.76499938964844,6534,0.0,0.0
2025-02-07 14:31:00-05:00,92.76899719238281,92.79000091552734,92.69999694824219,92.76000213623047,13863,0.0,0.0
2025-02-07 14:32:00-05:00,92.75499725341797,92.87000274658203,92.74500274658203,92.86859893798828,8461,0.0,0.0
2025-02-07 14:33:00-05:00,92.80000305175781,92.80999755859375,92.7770004272461,92.80999755859375,3168,0.0,0.0
2025-02-07 14:34:00-05:00,92.77999877929688,92.83200073242188,92.77999877929688,92.83200073242188,5223,0.0,0.0
2025-02-07 14:35:00-05:00,92.7699966430664,92.77999877929688,92.7300033569336,92.7699966430664,2280,0.0,0.0
2025-02-07 14:36:00-05:00,92.79000091552734,92.79000091552734,92.69999694824219,92.71019744873047,2639,0.0,0.0
2025-02-07 14:37:00-05:00,92.75,92.79000091552734,92.7300033569336,92.79000091552734,4680,0.0,0.0
2025-02-07 14:38:00-05:00,92.79000091552734,92.8550033569336,92.75,92.8550033569336,10474,0.0,0.0
2025-02-07 14:39:00-05:00,92.86000061035156,92.87999725341797,92.83000183105469,92.87000274658203,3670,0.0,0.0
2025-02-07 14:40:00-05:00,92.7750015258789,92.79000091552734,92.76129913330078,92.76129913330078,1879,0.0,0.0
2025-02-07 14:41:00-05:00,92.88990020751953,92.9000015258789,92.83000183105469,92.9000015258789,5641,0.0,0.0
2025-02-07 14:42:00-05:00,92.87000274658203,92.97000122070312,92.83000183105469,92.83000183105469,6624,0.0,0.0
2025-02-07 14:43:00-05:00,92.79000091552734,92.87999725341797,92.7300033569336,92.7300033569336,3441,0.0,0.0
2025-02-07 14:44:00-05:00,92.76000213623047,92.87999725341797,92.76000213623047,92.87989807128906,3880,0.0,0.0
2025-02-07 14:45:00-05:00,92.84089660644531,92.8499984741211,92.76499938964844,92.76499938964844,2916,0.0,0.0
2025-02-07 14:46:00-05:00,92.7300033569336,92.75499725341797,92.70999908447266,92.75499725341797,1465,0.0,0.0
2025-02-07 14:47:00-05:00,92.76000213623047,92.80999755859375,92.63999938964844,92.6500015258789,13076,0.0,0.0
2025-02-07 14:48:00-05:00,92.6500015258789,92.73999786376953,92.6500015258789,92.70999908447266,12603,0.0,0.0
2025-02-07 14:49:00-05:00,92.71499633789062,92.73999786376953,92.68000030517578,92.69999694824219,5240,0.0,0.0
2025-02-07 14:50:00-05:00,92.68190002441406,92.71659851074219,92.5199966430664,92.55000305175781,4520,0.0,0.0
2025-02-07 14:51:00-05:00,92.5,92.52839660644531,92.38999938964844,92.38999938964844,4210,0.0,0.0
2025-02-07 14:52:00-05:00,92.4000015258789,92.58000183105469,92.4000015258789,92.56999969482422,14984,0.0,0.0
2025-02-07 14:53:00-05:00,92.55000305175781,92.55500030517578,92.5250015258789,92.55000305175781,3113,0.0,0.0
2025-02-07 14:54:00-05:00,92.58000183105469,92.63999938964844,92.52249908447266,92.55000305175781,6331,0.0,0.0
2025-02-07 14:55:00-05:00,92.58000183105469,92.58000183105469,92.5,92.54499816894531,9010,0.0,0.0
2025-02-07 14:56:00-05:00,92.56500244140625,92.58000183105469,92.52999877929688,92.58000183105469,2440,0.0,0.0
2025-02-07 14:57:00-05:00,92.55000305175781,92.58999633789062,92.52999877929688,92.52999877929688,2554,0.0,0.0
2025-02-07 14:58:00-05:00,92.58000183105469,92.62000274658203,92.57599639892578,92.58999633789062,3914,0.0,0.0
2025-02-07 14:59:00-05:00,92.55000305175781,92.6500015258789,92.52999877929688,92.5999984741211,9808,0.0,0.0
2025-02-07 15:00:00-05:00,92.55000305175781,92.58000183105469,92.54000091552734,92.55000305175781,2836,0.0,0.0
2025-02-07 15:01:00-05:00,92.56999969482422,92.62000274658203,92.56999969482422,92.58000183105469,4183,0.0,0.0
2025-02-07 15:02:00-05:00,92.61000061035156,92.63999938964844,92.61000061035156,92.63999938964844,509,0.0,0.0
2025-02-07 15:03:00-05:00,92.56999969482422,92.56999969482422,92.52999877929688,92.54499816894531,3394,0.0,0.0
2025-02-07 15:04:00-05:00,92.57499694824219,92.58999633789062,92.56999969482422,92.57499694824219,3398,0.0,0.0
2025-02-07 15:05:00-05:00,92.5999984741211,92.80500030517578,92.5999984741211,92.74500274658203,10204,0.0,0.0
2025-02-07 15:06:00-05:00,92.73500061035156,92.73500061035156,92.7249984741211,92.7300033569336,1650,0.0,0.0
2025-02-07 15:07:00-05:00,92.7249984741211,92.7699966430664,92.69999694824219,92.7249984741211,6107,0.0,0.0
2025-02-07 15:08:00-05:00,92.72000122070312,92.7699966430664,92.69999694824219,92.7699966430664,3579,0.0,0.0
2025-02-07 15:09:00-05:00,92.80500030517578,92.84500122070312,92.79499816894531,92.83999633789062,3954,0.0,0.0
2025-02-07 15:10:00-05:00,92.86499786376953,92.86499786376953,92.69000244140625,92.71499633789062,6447,0.0,0.0
2025-02-07 15:11:00-05:00,92.70999908447266,92.72000122070312,92.6500015258789,92.67500305175781,3185,0.0,0.0
2025-02-07 15:12:00-05:00,92.69999694824219,92.7699966430664,92.69999694824219,92.7699966430664,3776,0.0,0.0
2025-02-07 15:13:00-05:00,92.7750015258789,92.7750015258789,92.57499694824219,92.61499786376953,5928,0.0,0.0
2025-02-07 15:14:00-05:00,92.67870330810547,92.67870330810547,92.61499786376953,92.61499786376953,1036,0.0,0.0
2025-02-07 15:15:00-05:00,92.58000183105469,92.62999725341797,92.5199966430664,92.62999725341797,12207,0.0,0.0
2025-02-07 15:16:00-05:00,92.55000305175781,92.57499694824219,92.53500366210938,92.56999969482422,4165,0.0,0.0
2025-02-07 15:17:00-05:00,92.5,92.54000091552734,92.49250030517578,92.52999877929688,7471,0.0,0.0
2025-02-07 15:18:00-05:00,92.56999969482422,92.72000122070312,92.56999969482422,92.72000122070312,4054,0.0,0.0
2025-02-07 15:19:00-05:00,92.72000122070312,92.8550033569336,92.72000122070312,92.81500244140625,5269,0.0,0.0
2025-02-07 15:20:00-05:00,92.77999877929688,92.79499816894531,92.76499938964844,92.79499816894531,2521,0.0,0.0
2025-02-07 15:21:00-05:00,92.79499816894531,92.87999725341797,92.76000213623047,92.86499786376953,6439,0.0,0.0
2025-02-07 15:22:00-05:00,92.80000305175781,92.93000030517578,92.75,92.93000030517578,4532,0.0,0.0
2025-02-07 15:23:00-05:00,92.92900085449219,93.0,92.9000015258789,92.94999694824219,9722,0.0,0.0
2025-02-07 15:24:00-05:00,92.94999694824219,92.94999694824219,92.875,92.9000015258789,3808,0.0,0.0
2025-02-07 15:25:00-05:00,92.8550033569336,93.0199966430664,92.83999633789062,92.8550033569336,8501,0.0,0.0
2025-02-07 15:26:00-05:00,92.81999969482422,92.9000015258789,92.80000305175781,92.9000015258789,3383,0.0,0.0
2025-02-07 15:27:00-05:00,92.86000061035156,92.9000015258789,92.86000061035156,92.9000015258789,2718,0.0,0.0
2025-02-07 15:28:00-05:00,92.91000366210938,93.16000366210938,92.91000366210938,93.16000366210938,12295,0.0,0.0
2025-02-07 15:29:00-05:00,93.13500213623047,93.16999816894531,93.08000183105469,93.1050033569336,14500,0.0,0.0
2025-02-07 15:30:00-05:00,93.12999725341797,93.23999786376953,93.12999725341797,93.23999786376953,6185,0.0,0.0
2025-02-07 15:31:00-05:00,93.12000274658203,93.18499755859375,93.11000061035156,93.16000366210938,5699,0.0,0.0
2025-02-07 15:32:00-05:00,93.16000366210938,93.2300033569336,93.16000366210938,93.19499969482422,7400,0.0,0.0
2025-02-07 15:33:00-05:00,93.19999694824219,93.33000183105469,93.19499969482422,93.31500244140625,5302,0.0,0.0
2025-02-07 15:34:00-05:00,93.31500244140625,93.36000061035156,93.31500244140625,93.36000061035156,7141,0.0,0.0
2025-02-07 15:35:00-05:00,93.3550033569336,93.43000030517578,93.30999755859375,93.43000030517578,8159,0.0,0.0
2025-02-07 15:36:00-05:00,93.45999908447266,93.53500366210938,93.44499969482422,93.53500366210938,6885,0.0,0.0
2025-02-07 15:37:00-05:00,93.53500366210938,93.55000305175781,93.41999816894531,93.45500183105469,7991,0.0,0.0
2025-02-07 15:38:00-05:00,93.41999816894531,93.41999816894531,93.3499984741211,93.36000061035156,6265,0.0,0.0
2025-02-07 15:39:00-05:00,93.37999725341797,93.37999725341797,93.31999969482422,93.3499984741211,5414,0.0,0.0
2025-02-07 15:40:00-05:00,93.3499984741211,93.36000061035156,93.30999755859375,93.31999969482422,7427,0.0,0.0
2025-02-07 15:41:00-05:00,93.3499984741211,93.40499877929688,93.33999633789062,93.36000061035156,5670,0.0,0.0
2025-02-07 15:42:00-05:00,93.38999938964844,93.56999969482422,93.34249877929688,93.50499725341797,13577,0.0,0.0
2025-02-07 15:43:00-05:00,93.51499938964844,93.58000183105469,93.51499938964844,93.5199966430664,6182,0.0,0.0
2025-02-07 15:44:00-05:00,93.51000213623047,93.51000213623047,93.44000244140625,93.44999694824219,6149,0.0,0.0
2025-02-07 15:45:00-05:00,93.4800033569336,93.55000305175781,93.45999908447266,93.4800033569336,8400,0.0,0.0
2025-02-07 15:46:00-05:00,93.50499725341797,93.54000091552734,93.41999816894531,93.49500274658203,11777,0.0,0.0
2025-02-07 15:47:00-05:00,93.5,93.63999938964844,93.46089935302734,93.62000274658203,5670,0.0,0.0
2025-02-07 15:48:00-05:00,93.62000274658203,93.63999938964844,93.55999755859375,93.55999755859375,11803,0.0,0.0
2025-02-07 15:49:00-05:00,93.47000122070312,93.5,93.44000244140625,93.47000122070312,10200,0.0,0.0
2025-02-07 15:50:00-05:00,93.45999908447266,93.56999969482422,93.30999755859375,93.33000183105469,16976,0.0,0.0
2025-02-07 15:51:00-05:00,93.30000305175781,93.33999633789062,93.16000366210938,93.16000366210938,13356,0.0,0.0
2025-02-07 15:52:00-05:00,93.20999908447266,93.37000274658203,93.19999694824219,93.31999969482422,20470,0.0,0.0
2025-02-07 15:53:00-05:00,93.31999969482422,93.31999969482422,93.20999908447266,93.26000213623047,14089,0.0,0.0
2025-02-07 15:54:00-05:00,93.25499725341797,93.25499725341797,93.13999938964844,93.2300033569336,21310,0.0,0.0
2025-02-07 15:55:00-05:00,93.27999877929688,93.50499725341797,93.24250030517578,93.37000274658203,48856,0.0,0.0
2025-02-07 15:56:00-05:00,93.375,93.43000030517578,93.33499908447266,93.33499908447266,38247,0.0,0.0
2025-02-07 15:57:00-05:00,93.33499908447266,93.44499969482422,93.32499694824219,93.44000244140625,32893,0.0,0.0
2025-02-07 15:58:00-05:00,93.47000122070312,93.55000305175781,93.4000015258789,93.41500091552734,45195,0.0,0.0
2025-02-07 15:59:00-05:00,93.41000366210938,93.43000030517578,93.33000183105469,93.33999633789062,57639,0.0,0.0
