Datetime,Open,High,Low,Close,Volume,Dividends,Stock Splits
2024-09-03 09:30:00-04:00,38.790000915527344,38.790000915527344,38.790000915527344,38.790000915527344,1751,0.0,0.0
2024-09-03 09:31:00-04:00,38.68000030517578,38.68000030517578,38.68000030517578,38.68000030517578,1015,0.0,0.0
2024-09-03 09:37:00-04:00,39.130001068115234,39.130001068115234,39.130001068115234,39.130001068115234,100,0.0,0.0
2024-09-03 09:38:00-04:00,39.130001068115234,39.130001068115234,39.130001068115234,39.130001068115234,418,0.0,0.0
2024-09-03 09:39:00-04:00,39.130001068115234,39.130001068115234,39.130001068115234,39.130001068115234,232,0.0,0.0
2024-09-03 09:41:00-04:00,39.125,39.125,39.002498626708984,39.11000061035156,1266,0.0,0.0
2024-09-03 09:42:00-04:00,39.095001220703125,39.095001220703125,39.095001220703125,39.095001220703125,808,0.0,0.0
2024-09-03 09:45:00-04:00,39.029998779296875,39.029998779296875,38.79999923706055,38.79999923706055,855,0.0,0.0
2024-09-03 09:46:00-04:00,38.84000015258789,38.84000015258789,38.84000015258789,38.84000015258789,439,0.0,0.0
2024-09-03 09:48:00-04:00,38.84000015258789,38.84000015258789,38.82500076293945,38.82500076293945,326,0.0,0.0
2024-09-03 09:50:00-04:00,38.79499816894531,38.79499816894531,38.79499816894531,38.79499816894531,584,0.0,0.0
2024-09-03 09:53:00-04:00,38.599998474121094,38.599998474121094,38.599998474121094,38.599998474121094,368,0.0,0.0
2024-09-03 09:54:00-04:00,38.459999084472656,38.459999084472656,38.459999084472656,38.459999084472656,641,0.0,0.0
2024-09-03 10:00:00-04:00,38.459999084472656,38.459999084472656,38.45000076293945,38.45000076293945,1113,0.0,0.0
2024-09-03 10:03:00-04:00,38.18000030517578,38.27000045776367,38.0099983215332,38.27000045776367,3311,0.0,0.0
2024-09-03 10:04:00-04:00,38.2599983215332,38.2599983215332,38.2599983215332,38.2599983215332,154,0.0,0.0
2024-09-03 10:05:00-04:00,38.2599983215332,38.2599983215332,38.2599983215332,38.2599983215332,394,0.0,0.0
2024-09-03 10:06:00-04:00,38.2599983215332,38.2599983215332,38.25,38.25,1114,0.0,0.0
2024-09-03 10:07:00-04:00,38.279998779296875,38.470001220703125,38.279998779296875,38.470001220703125,2709,0.0,0.0
2024-09-03 10:08:00-04:00,38.5,38.505001068115234,38.47999954223633,38.47999954223633,911,0.0,0.0
2024-09-03 10:09:00-04:00,38.48500061035156,38.48500061035156,38.48500061035156,38.48500061035156,298,0.0,0.0
2024-09-03 10:10:00-04:00,38.4900016784668,38.54999923706055,38.4900016784668,38.54999923706055,437,0.0,0.0
2024-09-03 10:11:00-04:00,38.54999923706055,38.54999923706055,38.29999923706055,38.36000061035156,2171,0.0,0.0
2024-09-03 10:12:00-04:00,38.43000030517578,38.47999954223633,38.27000045776367,38.47999954223633,2054,0.0,0.0
2024-09-03 10:13:00-04:00,38.47999954223633,38.47999954223633,38.47999954223633,38.47999954223633,104,0.0,0.0
2024-09-03 10:14:00-04:00,38.41999816894531,38.52000045776367,38.380001068115234,38.380001068115234,1308,0.0,0.0
2024-09-03 10:23:00-04:00,38.404998779296875,38.404998779296875,38.404998779296875,38.404998779296875,149,0.0,0.0
2024-09-03 10:24:00-04:00,38.400001525878906,38.400001525878906,38.400001525878906,38.400001525878906,115,0.0,0.0
2024-09-03 10:25:00-04:00,38.290000915527344,38.290000915527344,38.290000915527344,38.290000915527344,213,0.0,0.0
2024-09-03 10:26:00-04:00,38.290000915527344,38.369998931884766,38.220001220703125,38.275001525878906,1440,0.0,0.0
2024-09-03 10:28:00-04:00,38.19499969482422,38.279998779296875,38.189998626708984,38.279998779296875,5879,0.0,0.0
2024-09-03 10:31:00-04:00,38.154998779296875,38.154998779296875,38.125,38.125,1653,0.0,0.0
2024-09-03 10:32:00-04:00,38.2400016784668,38.2400016784668,38.119998931884766,38.2400016784668,681,0.0,0.0
2024-09-03 10:33:00-04:00,38.2400016784668,38.33000183105469,38.22999954223633,38.31999969482422,1367,0.0,0.0
2024-09-03 10:37:00-04:00,38.209999084472656,38.209999084472656,38.209999084472656,38.209999084472656,820,0.0,0.0
2024-09-03 10:45:00-04:00,38.185001373291016,38.185001373291016,38.11000061035156,38.11000061035156,872,0.0,0.0
2024-09-03 10:46:00-04:00,38.119998931884766,38.119998931884766,38.06999969482422,38.11000061035156,571,0.0,0.0
2024-09-03 10:48:00-04:00,38.15999984741211,38.20000076293945,38.150001525878906,38.150001525878906,1876,0.0,0.0
2024-09-03 10:49:00-04:00,38.130001068115234,38.130001068115234,38.130001068115234,38.130001068115234,314,0.0,0.0
2024-09-03 10:53:00-04:00,38.19499969482422,38.19499969482422,38.19499969482422,38.19499969482422,521,0.0,0.0
2024-09-03 10:54:00-04:00,38.18000030517578,38.18000030517578,38.18000030517578,38.18000030517578,101,0.0,0.0
2024-09-03 10:55:00-04:00,38.16999816894531,38.16999816894531,38.130001068115234,38.14500045776367,2053,0.0,0.0
2024-09-03 10:56:00-04:00,38.15999984741211,38.15999984741211,38.130001068115234,38.150001525878906,1156,0.0,0.0
2024-09-03 10:57:00-04:00,38.18000030517578,38.25,38.18000030517578,38.25,996,0.0,0.0
2024-09-03 10:58:00-04:00,38.2400016784668,38.2400016784668,38.2400016784668,38.2400016784668,357,0.0,0.0
2024-09-03 10:59:00-04:00,38.2599983215332,38.2599983215332,38.2599983215332,38.2599983215332,120,0.0,0.0
2024-09-03 11:00:00-04:00,38.27000045776367,38.27000045776367,38.27000045776367,38.27000045776367,582,0.0,0.0
2024-09-03 11:04:00-04:00,38.43000030517578,38.43000030517578,38.43000030517578,38.43000030517578,156,0.0,0.0
2024-09-03 11:05:00-04:00,38.4900016784668,38.4900016784668,38.349998474121094,38.349998474121094,1119,0.0,0.0
2024-09-03 11:08:00-04:00,38.43000030517578,38.435001373291016,38.43000030517578,38.435001373291016,283,0.0,0.0
2024-09-03 11:09:00-04:00,38.38999938964844,38.38999938964844,38.36000061035156,38.380001068115234,525,0.0,0.0
2024-09-03 11:11:00-04:00,38.3849983215332,38.40999984741211,38.3849983215332,38.40999984741211,302,0.0,0.0
2024-09-03 11:12:00-04:00,38.415000915527344,38.415000915527344,38.415000915527344,38.415000915527344,188,0.0,0.0
2024-09-03 11:13:00-04:00,38.43000030517578,38.43000030517578,38.43000030517578,38.43000030517578,158,0.0,0.0
2024-09-03 11:14:00-04:00,38.380001068115234,38.38999938964844,38.34000015258789,38.3650016784668,811,0.0,0.0
2024-09-03 11:15:00-04:00,38.3650016784668,38.3650016784668,38.3650016784668,38.3650016784668,201,0.0,0.0
2024-09-03 11:16:00-04:00,38.375,38.41999816894531,38.375,38.41999816894531,2273,0.0,0.0
2024-09-03 11:17:00-04:00,38.42499923706055,38.42499923706055,38.400001525878906,38.400001525878906,245,0.0,0.0
2024-09-03 11:19:00-04:00,38.369998931884766,38.45000076293945,38.369998931884766,38.45000076293945,1267,0.0,0.0
2024-09-03 11:20:00-04:00,38.415000915527344,38.415000915527344,38.415000915527344,38.415000915527344,315,0.0,0.0
2024-09-03 11:21:00-04:00,38.470001220703125,38.529998779296875,38.435001373291016,38.474998474121094,1686,0.0,0.0
2024-09-03 11:23:00-04:00,38.439998626708984,38.470001220703125,38.439998626708984,38.470001220703125,627,0.0,0.0
2024-09-03 11:25:00-04:00,38.47999954223633,38.47999954223633,38.47999954223633,38.47999954223633,348,0.0,0.0
2024-09-03 11:27:00-04:00,38.529998779296875,38.529998779296875,38.529998779296875,38.529998779296875,352,0.0,0.0
2024-09-03 11:29:00-04:00,38.54999923706055,38.54999923706055,38.54999923706055,38.54999923706055,365,0.0,0.0
2024-09-03 11:31:00-04:00,38.4900016784668,38.494998931884766,38.45000076293945,38.45000076293945,1041,0.0,0.0
2024-09-03 11:32:00-04:00,38.45000076293945,38.474998474121094,38.45000076293945,38.474998474121094,477,0.0,0.0
2024-09-03 11:33:00-04:00,38.47999954223633,38.47999954223633,38.47999954223633,38.47999954223633,239,0.0,0.0
2024-09-03 11:34:00-04:00,38.439998626708984,38.439998626708984,38.439998626708984,38.439998626708984,203,0.0,0.0
2024-09-03 11:35:00-04:00,38.48500061035156,38.494998931884766,38.48500061035156,38.494998931884766,2032,0.0,0.0
2024-09-03 11:36:00-04:00,38.4900016784668,38.494998931884766,38.4900016784668,38.494998931884766,220,0.0,0.0
2024-09-03 11:37:00-04:00,38.5,38.5,38.5,38.5,405,0.0,0.0
2024-09-03 11:39:00-04:00,38.4900016784668,38.4900016784668,38.459999084472656,38.47999954223633,1680,0.0,0.0
2024-09-03 11:40:00-04:00,38.47999954223633,38.47999954223633,38.47999954223633,38.47999954223633,545,0.0,0.0
2024-09-03 11:41:00-04:00,38.47999954223633,38.47999954223633,38.45000076293945,38.45000076293945,1750,0.0,0.0
2024-09-03 11:42:00-04:00,38.48500061035156,38.57500076293945,38.45000076293945,38.57500076293945,5449,0.0,0.0
2024-09-03 11:45:00-04:00,38.54999923706055,38.54999923706055,38.54999923706055,38.54999923706055,197,0.0,0.0
2024-09-03 11:47:00-04:00,38.56999969482422,38.58000183105469,38.56999969482422,38.58000183105469,204,0.0,0.0
2024-09-03 11:48:00-04:00,38.58000183105469,38.58000183105469,38.58000183105469,38.58000183105469,205,0.0,0.0
2024-09-03 11:49:00-04:00,38.56999969482422,38.56999969482422,38.56999969482422,38.56999969482422,143,0.0,0.0
2024-09-03 11:51:00-04:00,38.560001373291016,38.560001373291016,38.529998779296875,38.529998779296875,901,0.0,0.0
2024-09-03 11:52:00-04:00,38.55500030517578,38.55500030517578,38.55500030517578,38.55500030517578,266,0.0,0.0
2024-09-03 11:53:00-04:00,38.52000045776367,38.525001525878906,38.52000045776367,38.525001525878906,970,0.0,0.0
2024-09-03 11:55:00-04:00,38.53499984741211,38.53499984741211,38.53499984741211,38.53499984741211,324,0.0,0.0
2024-09-03 11:57:00-04:00,38.50149917602539,38.52000045776367,38.50149917602539,38.52000045776367,523,0.0,0.0
2024-09-03 12:00:00-04:00,38.4900016784668,38.4900016784668,38.459999084472656,38.470001220703125,1430,0.0,0.0
2024-09-03 12:02:00-04:00,38.47999954223633,38.47999954223633,38.47999954223633,38.47999954223633,259,0.0,0.0
2024-09-03 12:05:00-04:00,38.439998626708984,38.45000076293945,38.43000030517578,38.45000076293945,1458,0.0,0.0
2024-09-03 12:07:00-04:00,38.400001525878906,38.400001525878906,38.400001525878906,38.400001525878906,678,0.0,0.0
2024-09-03 12:08:00-04:00,38.41999816894531,38.41999816894531,38.41999816894531,38.41999816894531,283,0.0,0.0
2024-09-03 12:09:00-04:00,38.41999816894531,38.439998626708984,38.41999816894531,38.439998626708984,1500,0.0,0.0
2024-09-03 12:10:00-04:00,38.43000030517578,38.470001220703125,38.43000030517578,38.470001220703125,955,0.0,0.0
2024-09-03 12:12:00-04:00,38.43000030517578,38.43000030517578,38.43000030517578,38.43000030517578,355,0.0,0.0
2024-09-03 12:13:00-04:00,38.470001220703125,38.470001220703125,38.470001220703125,38.470001220703125,258,0.0,0.0
2024-09-03 12:14:00-04:00,38.459999084472656,38.529998779296875,38.45000076293945,38.5,3003,0.0,0.0
2024-09-03 12:16:00-04:00,38.5,38.52000045776367,38.439998626708984,38.52000045776367,1762,0.0,0.0
2024-09-03 12:18:00-04:00,38.459999084472656,38.459999084472656,38.459999084472656,38.459999084472656,303,0.0,0.0
2024-09-03 12:19:00-04:00,38.46500015258789,38.46500015258789,38.46500015258789,38.46500015258789,520,0.0,0.0
2024-09-03 12:23:00-04:00,38.459999084472656,38.470001220703125,38.459999084472656,38.470001220703125,692,0.0,0.0
2024-09-03 12:26:00-04:00,38.43000030517578,38.439998626708984,38.43000030517578,38.439998626708984,256,0.0,0.0
2024-09-03 12:27:00-04:00,38.439998626708984,38.439998626708984,38.439998626708984,38.439998626708984,404,0.0,0.0
2024-09-03 12:28:00-04:00,38.439998626708984,38.439998626708984,38.38999938964844,38.432498931884766,1333,0.0,0.0
2024-09-03 12:29:00-04:00,38.390098571777344,38.439998626708984,38.390098571777344,38.439998626708984,585,0.0,0.0
2024-09-03 12:31:00-04:00,38.38999938964844,38.40999984741211,38.38999938964844,38.40999984741211,597,0.0,0.0
2024-09-03 12:32:00-04:00,38.38999938964844,38.41999816894531,38.369998931884766,38.369998931884766,1912,0.0,0.0
2024-09-03 12:35:00-04:00,38.380001068115234,38.380001068115234,38.349998474121094,38.36000061035156,1621,0.0,0.0
2024-09-03 12:36:00-04:00,38.372501373291016,38.372501373291016,38.36000061035156,38.369998931884766,783,0.0,0.0
2024-09-03 12:38:00-04:00,38.38999938964844,38.459999084472656,38.380001068115234,38.459999084472656,2644,0.0,0.0
2024-09-03 12:40:00-04:00,38.42499923706055,38.42499923706055,38.42499923706055,38.42499923706055,201,0.0,0.0
2024-09-03 12:41:00-04:00,38.400001525878906,38.400001525878906,38.36000061035156,38.37099838256836,1741,0.0,0.0
2024-09-03 12:42:00-04:00,38.40999984741211,38.40999984741211,38.40999984741211,38.40999984741211,741,0.0,0.0
2024-09-03 12:45:00-04:00,38.369998931884766,38.369998931884766,38.18000030517578,38.25,1821,0.0,0.0
2024-09-03 12:48:00-04:00,38.20000076293945,38.31999969482422,38.20000076293945,38.31999969482422,707,0.0,0.0
2024-09-03 12:52:00-04:00,38.310001373291016,38.310001373291016,38.310001373291016,38.310001373291016,212,0.0,0.0
2024-09-03 12:55:00-04:00,38.310001373291016,38.310001373291016,38.2599983215332,38.2599983215332,1170,0.0,0.0
2024-09-03 12:56:00-04:00,38.310001373291016,38.35499954223633,38.29999923706055,38.310001373291016,1458,0.0,0.0
2024-09-03 12:57:00-04:00,38.36000061035156,38.36000061035156,38.36000061035156,38.36000061035156,356,0.0,0.0
2024-09-03 13:03:00-04:00,38.29999923706055,38.29999923706055,38.29999923706055,38.29999923706055,1139,0.0,0.0
2024-09-03 13:04:00-04:00,38.31999969482422,38.369998931884766,38.292999267578125,38.369998931884766,1603,0.0,0.0
2024-09-03 13:08:00-04:00,38.3849983215332,38.3849983215332,38.380001068115234,38.380001068115234,563,0.0,0.0
2024-09-03 13:09:00-04:00,38.349998474121094,38.38999938964844,38.349998474121094,38.38999938964844,403,0.0,0.0
2024-09-03 13:10:00-04:00,38.345001220703125,38.345001220703125,38.345001220703125,38.345001220703125,194,0.0,0.0
2024-09-03 13:11:00-04:00,38.345001220703125,38.345001220703125,38.345001220703125,38.345001220703125,772,0.0,0.0
2024-09-03 13:12:00-04:00,38.38999938964844,38.38999938964844,38.3650016784668,38.3650016784668,378,0.0,0.0
2024-09-03 13:13:00-04:00,38.34000015258789,38.34000015258789,38.303001403808594,38.303001403808594,1078,0.0,0.0
2024-09-03 13:17:00-04:00,38.29999923706055,38.31999969482422,38.29499816894531,38.31999969482422,1340,0.0,0.0
2024-09-03 13:18:00-04:00,38.28110122680664,38.31999969482422,38.28110122680664,38.31999969482422,1715,0.0,0.0
2024-09-03 13:20:00-04:00,38.36000061035156,38.36000061035156,38.36000061035156,38.36000061035156,973,0.0,0.0
2024-09-03 13:21:00-04:00,38.470001220703125,38.470001220703125,38.470001220703125,38.470001220703125,360,0.0,0.0
2024-09-03 13:23:00-04:00,38.505001068115234,38.505001068115234,38.505001068115234,38.505001068115234,111,0.0,0.0
2024-09-03 13:24:00-04:00,38.47010040283203,38.47010040283203,38.47010040283203,38.47010040283203,326,0.0,0.0
2024-09-03 13:27:00-04:00,38.5099983215332,38.5099983215332,38.470001220703125,38.470001220703125,342,0.0,0.0
2024-09-03 13:28:00-04:00,38.439998626708984,38.4900016784668,38.43000030517578,38.4900016784668,717,0.0,0.0
2024-09-03 13:32:00-04:00,38.41999816894531,38.43000030517578,38.41999816894531,38.43000030517578,832,0.0,0.0
2024-09-03 13:35:00-04:00,38.29999923706055,38.29999923706055,38.29999923706055,38.29999923706055,477,0.0,0.0
2024-09-03 13:37:00-04:00,38.36000061035156,38.40999984741211,38.36000061035156,38.40999984741211,420,0.0,0.0
2024-09-03 13:38:00-04:00,38.38999938964844,38.439998626708984,38.38999938964844,38.41999816894531,1544,0.0,0.0
2024-09-03 13:42:00-04:00,38.380001068115234,38.380001068115234,38.380001068115234,38.380001068115234,814,0.0,0.0
2024-09-03 13:43:00-04:00,38.3650016784668,38.3650016784668,38.3650016784668,38.3650016784668,610,0.0,0.0
2024-09-03 13:45:00-04:00,38.36000061035156,38.400001525878906,38.36000061035156,38.369998931884766,862,0.0,0.0
2024-09-03 13:47:00-04:00,38.41999816894531,38.41999816894531,38.41999816894531,38.41999816894531,105,0.0,0.0
2024-09-03 13:49:00-04:00,38.400001525878906,38.400001525878906,38.39500045776367,38.39500045776367,387,0.0,0.0
2024-09-03 13:52:00-04:00,38.380001068115234,38.380001068115234,38.380001068115234,38.380001068115234,603,0.0,0.0
2024-09-03 13:54:00-04:00,38.40999984741211,38.40999984741211,38.40999984741211,38.40999984741211,380,0.0,0.0
2024-09-03 13:55:00-04:00,38.369998931884766,38.369998931884766,38.36000061035156,38.36000061035156,929,0.0,0.0
2024-09-03 13:56:00-04:00,38.380001068115234,38.400001525878906,38.3650016784668,38.400001525878906,1647,0.0,0.0
2024-09-03 13:58:00-04:00,38.349998474121094,38.349998474121094,38.349998474121094,38.349998474121094,717,0.0,0.0
2024-09-03 14:00:00-04:00,38.314998626708984,38.314998626708984,38.314998626708984,38.314998626708984,770,0.0,0.0
2024-09-03 14:02:00-04:00,38.290000915527344,38.33000183105469,38.279998779296875,38.33000183105469,775,0.0,0.0
2024-09-03 14:03:00-04:00,38.279998779296875,38.279998779296875,38.279998779296875,38.279998779296875,473,0.0,0.0
2024-09-03 14:05:00-04:00,38.28499984741211,38.28499984741211,38.28499984741211,38.28499984741211,259,0.0,0.0
2024-09-03 14:07:00-04:00,38.34000015258789,38.369998931884766,38.34000015258789,38.369998931884766,1319,0.0,0.0
2024-09-03 14:08:00-04:00,38.400001525878906,38.400001525878906,38.400001525878906,38.400001525878906,236,0.0,0.0
2024-09-03 14:09:00-04:00,38.369998931884766,38.369998931884766,38.369998931884766,38.369998931884766,411,0.0,0.0
2024-09-03 14:10:00-04:00,38.39500045776367,38.400001525878906,38.39500045776367,38.400001525878906,421,0.0,0.0
2024-09-03 14:13:00-04:00,38.43000030517578,38.43000030517578,38.39500045776367,38.39500045776367,1065,0.0,0.0
2024-09-03 14:14:00-04:00,38.39500045776367,38.39500045776367,38.39500045776367,38.39500045776367,223,0.0,0.0
2024-09-03 14:15:00-04:00,38.39500045776367,38.39500045776367,38.39500045776367,38.39500045776367,127,0.0,0.0
2024-09-03 14:17:00-04:00,38.380001068115234,38.380001068115234,38.380001068115234,38.380001068115234,238,0.0,0.0
2024-09-03 14:18:00-04:00,38.380001068115234,38.380001068115234,38.380001068115234,38.380001068115234,549,0.0,0.0
2024-09-03 14:19:00-04:00,38.36000061035156,38.36000061035156,38.345001220703125,38.345001220703125,478,0.0,0.0
2024-09-03 14:20:00-04:00,38.369998931884766,38.400001525878906,38.369998931884766,38.400001525878906,1582,0.0,0.0
2024-09-03 14:23:00-04:00,38.400001525878906,38.400001525878906,38.400001525878906,38.400001525878906,884,0.0,0.0
2024-09-03 14:26:00-04:00,38.38999938964844,38.38999938964844,38.38999938964844,38.38999938964844,307,0.0,0.0
2024-09-03 14:27:00-04:00,38.404998779296875,38.404998779296875,38.36000061035156,38.375,2105,0.0,0.0
2024-09-03 14:33:00-04:00,38.310001373291016,38.310001373291016,38.290000915527344,38.290000915527344,1462,0.0,0.0
2024-09-03 14:34:00-04:00,38.349998474121094,38.349998474121094,38.31999969482422,38.31999969482422,273,0.0,0.0
2024-09-03 14:35:00-04:00,38.290000915527344,38.33000183105469,38.27000045776367,38.33000183105469,1600,0.0,0.0
2024-09-03 14:37:00-04:00,38.314998626708984,38.43000030517578,38.314998626708984,38.43000030517578,2956,0.0,0.0
2024-09-03 14:38:00-04:00,38.43000030517578,38.43000030517578,38.43000030517578,38.43000030517578,260,0.0,0.0
2024-09-03 14:39:00-04:00,38.39500045776367,38.39500045776367,38.39500045776367,38.39500045776367,553,0.0,0.0
2024-09-03 14:43:00-04:00,38.380001068115234,38.380001068115234,38.380001068115234,38.380001068115234,145,0.0,0.0
2024-09-03 14:44:00-04:00,38.380001068115234,38.400001525878906,38.380001068115234,38.380001068115234,709,0.0,0.0
2024-09-03 14:45:00-04:00,38.400001525878906,38.400001525878906,38.400001525878906,38.400001525878906,738,0.0,0.0
2024-09-03 14:47:00-04:00,38.380001068115234,38.380001068115234,38.380001068115234,38.380001068115234,105,0.0,0.0
2024-09-03 14:48:00-04:00,38.36000061035156,38.36000061035156,38.36000061035156,38.36000061035156,188,0.0,0.0
2024-09-03 14:49:00-04:00,38.34000015258789,38.34000015258789,38.34000015258789,38.34000015258789,208,0.0,0.0
2024-09-03 14:50:00-04:00,38.34000015258789,38.34000015258789,38.34000015258789,38.34000015258789,406,0.0,0.0
2024-09-03 14:51:00-04:00,38.349998474121094,38.349998474121094,38.349998474121094,38.349998474121094,320,0.0,0.0
2024-09-03 14:52:00-04:00,38.367698669433594,38.367698669433594,38.367698669433594,38.367698669433594,636,0.0,0.0
2024-09-03 14:53:00-04:00,38.31999969482422,38.349998474121094,38.31999969482422,38.349998474121094,536,0.0,0.0
2024-09-03 14:54:00-04:00,38.34000015258789,38.34000015258789,38.34000015258789,38.34000015258789,192,0.0,0.0
2024-09-03 14:55:00-04:00,38.36000061035156,38.380001068115234,38.36000061035156,38.380001068115234,1143,0.0,0.0
2024-09-03 14:58:00-04:00,38.36000061035156,38.400001525878906,38.36000061035156,38.400001525878906,2547,0.0,0.0
2024-09-03 14:59:00-04:00,38.40999984741211,38.40999984741211,38.40999984741211,38.40999984741211,369,0.0,0.0
2024-09-03 15:00:00-04:00,38.38999938964844,38.40999984741211,38.38999938964844,38.40999984741211,1545,0.0,0.0
2024-09-03 15:01:00-04:00,38.43000030517578,38.43000030517578,38.43000030517578,38.43000030517578,118,0.0,0.0
2024-09-03 15:02:00-04:00,38.415000915527344,38.415000915527344,38.415000915527344,38.415000915527344,353,0.0,0.0
2024-09-03 15:03:00-04:00,38.400001525878906,38.400001525878906,38.400001525878906,38.400001525878906,1059,0.0,0.0
2024-09-03 15:04:00-04:00,38.41999816894531,38.459999084472656,38.40999984741211,38.44499969482422,1635,0.0,0.0
2024-09-03 15:05:00-04:00,38.459999084472656,38.459999084472656,38.459999084472656,38.459999084472656,211,0.0,0.0
2024-09-03 15:06:00-04:00,38.44499969482422,38.44499969482422,38.44499969482422,38.44499969482422,110,0.0,0.0
2024-09-03 15:07:00-04:00,38.41999816894531,38.41999816894531,38.375,38.375,1515,0.0,0.0
2024-09-03 15:09:00-04:00,38.380001068115234,38.400001525878906,38.380001068115234,38.380001068115234,798,0.0,0.0
2024-09-03 15:10:00-04:00,38.40999984741211,38.40999984741211,38.40999984741211,38.40999984741211,408,0.0,0.0
2024-09-03 15:11:00-04:00,38.400001525878906,38.41999816894531,38.400001525878906,38.41999816894531,1224,0.0,0.0
2024-09-03 15:14:00-04:00,38.40999984741211,38.40999984741211,38.40999984741211,38.40999984741211,562,0.0,0.0
2024-09-03 15:16:00-04:00,38.404998779296875,38.404998779296875,38.404998779296875,38.404998779296875,303,0.0,0.0
2024-09-03 15:17:00-04:00,38.38999938964844,38.38999938964844,38.38999938964844,38.38999938964844,647,0.0,0.0
2024-09-03 15:19:00-04:00,38.380001068115234,38.41999816894531,38.380001068115234,38.41999816894531,950,0.0,0.0
2024-09-03 15:20:00-04:00,38.41999816894531,38.41999816894531,38.41999816894531,38.41999816894531,255,0.0,0.0
2024-09-03 15:21:00-04:00,38.40999984741211,38.439998626708984,38.40999984741211,38.439998626708984,781,0.0,0.0
2024-09-03 15:22:00-04:00,38.40999984741211,38.40999984741211,38.40999984741211,38.40999984741211,608,0.0,0.0
2024-09-03 15:23:00-04:00,38.439998626708984,38.470001220703125,38.439998626708984,38.470001220703125,2906,0.0,0.0
2024-09-03 15:26:00-04:00,38.400001525878906,38.41999816894531,38.400001525878906,38.41999816894531,411,0.0,0.0
2024-09-03 15:27:00-04:00,38.400001525878906,38.40999984741211,38.400001525878906,38.40999984741211,1107,0.0,0.0
2024-09-03 15:28:00-04:00,38.400001525878906,38.400001525878906,38.400001525878906,38.400001525878906,1058,0.0,0.0
2024-09-03 15:30:00-04:00,38.40999984741211,38.43000030517578,38.40999984741211,38.43000030517578,2195,0.0,0.0
2024-09-03 15:32:00-04:00,38.41999816894531,38.41999816894531,38.41999816894531,38.41999816894531,163,0.0,0.0
2024-09-03 15:33:00-04:00,38.400001525878906,38.400001525878906,38.38999938964844,38.38999938964844,1855,0.0,0.0
2024-09-03 15:34:00-04:00,38.38999938964844,38.38999938964844,38.36000061035156,38.380001068115234,2846,0.0,0.0
2024-09-03 15:37:00-04:00,38.29999923706055,38.29999923706055,38.279998779296875,38.29999923706055,1306,0.0,0.0
2024-09-03 15:38:00-04:00,38.29999923706055,38.29999923706055,38.16999816894531,38.21500015258789,1512,0.0,0.0
2024-09-03 15:39:00-04:00,38.220001220703125,38.2599983215332,38.220001220703125,38.2599983215332,2530,0.0,0.0
2024-09-03 15:40:00-04:00,38.2400016784668,38.27000045776367,38.2400016784668,38.27000045776367,497,0.0,0.0
2024-09-03 15:41:00-04:00,38.2400016784668,38.310001373291016,38.2400016784668,38.27000045776367,3388,0.0,0.0
2024-09-03 15:42:00-04:00,38.25,38.310001373291016,38.2400016784668,38.310001373291016,2093,0.0,0.0
2024-09-03 15:43:00-04:00,38.33000183105469,38.34000015258789,38.310001373291016,38.314998626708984,1599,0.0,0.0
2024-09-03 15:44:00-04:00,38.33000183105469,38.380001068115234,38.33000183105469,38.380001068115234,1150,0.0,0.0
2024-09-03 15:45:00-04:00,38.369998931884766,38.369998931884766,38.369998931884766,38.369998931884766,1056,0.0,0.0
2024-09-03 15:46:00-04:00,38.369998931884766,38.40999984741211,38.29999923706055,38.29999923706055,4493,0.0,0.0
2024-09-03 15:47:00-04:00,38.27000045776367,38.27000045776367,38.185001373291016,38.189998626708984,789,0.0,0.0
2024-09-03 15:48:00-04:00,38.20000076293945,38.29999923706055,38.20000076293945,38.27000045776367,1145,0.0,0.0
2024-09-03 15:49:00-04:00,38.2400016784668,38.31999969482422,38.2400016784668,38.290000915527344,1431,0.0,0.0
2024-09-03 15:50:00-04:00,38.349998474121094,38.349998474121094,38.165000915527344,38.224998474121094,4147,0.0,0.0
2024-09-03 15:51:00-04:00,38.189998626708984,38.22999954223633,38.13999938964844,38.16999816894531,2850,0.0,0.0
2024-09-03 15:52:00-04:00,38.150001525878906,38.150001525878906,38.150001525878906,38.150001525878906,481,0.0,0.0
2024-09-03 15:53:00-04:00,38.150001525878906,38.150001525878906,38.150001525878906,38.150001525878906,229,0.0,0.0
2024-09-03 15:54:00-04:00,38.11000061035156,38.15999984741211,38.11000061035156,38.130001068115234,3087,0.0,0.0
2024-09-03 15:55:00-04:00,38.125,38.15999984741211,38.1150016784668,38.1150016784668,4917,0.0,0.0
2024-09-03 15:56:00-04:00,38.099998474121094,38.11000061035156,38.06100082397461,38.11000061035156,1856,0.0,0.0
2024-09-03 15:57:00-04:00,38.11000061035156,38.150001525878906,38.084999084472656,38.130001068115234,4039,0.0,0.0
2024-09-03 15:58:00-04:00,38.13999938964844,38.13999938964844,38.08000183105469,38.08000183105469,4225,0.0,0.0
2024-09-03 15:59:00-04:00,38.099998474121094,38.13999938964844,38.08000183105469,38.099998474121094,8922,0.0,0.0
2024-09-04 09:30:00-04:00,38.099998474121094,38.099998474121094,38.099998474121094,38.099998474121094,960,0.0,0.0
2024-09-04 09:33:00-04:00,37.63999938964844,38.04999923706055,37.63999938964844,38.005001068115234,1022,0.0,0.0
2024-09-04 09:34:00-04:00,38.04999923706055,38.04999923706055,38.04999923706055,38.04999923706055,101,0.0,0.0
2024-09-04 09:35:00-04:00,38.04999923706055,38.04999923706055,38.04999923706055,38.04999923706055,352,0.0,0.0
2024-09-04 09:44:00-04:00,38.099998474121094,38.099998474121094,38.099998474121094,38.099998474121094,413,0.0,0.0
2024-09-04 09:45:00-04:00,38.099998474121094,38.099998474121094,38.099998474121094,38.099998474121094,202,0.0,0.0
2024-09-04 09:46:00-04:00,38.099998474121094,38.099998474121094,38.099998474121094,38.099998474121094,124,0.0,0.0
2024-09-04 09:47:00-04:00,38.099998474121094,38.099998474121094,38.099998474121094,38.099998474121094,448,0.0,0.0
2024-09-04 09:50:00-04:00,38.040000915527344,38.040000915527344,38.040000915527344,38.040000915527344,230,0.0,0.0
2024-09-04 09:51:00-04:00,38.0,38.16999816894531,38.0,38.09000015258789,858,0.0,0.0
2024-09-04 09:53:00-04:00,38.209999084472656,38.209999084472656,38.209999084472656,38.209999084472656,330,0.0,0.0
2024-09-04 09:56:00-04:00,38.25,38.380001068115234,38.11000061035156,38.27000045776367,2730,0.0,0.0
2024-09-04 10:00:00-04:00,38.099998474121094,38.150001525878906,38.04999923706055,38.060001373291016,2239,0.0,0.0
2024-09-04 10:01:00-04:00,38.060001373291016,38.060001373291016,38.04999923706055,38.04999923706055,928,0.0,0.0
2024-09-04 10:04:00-04:00,38.099998474121094,38.099998474121094,38.099998474121094,38.099998474121094,111,0.0,0.0
2024-09-04 10:05:00-04:00,38.15999984741211,38.15999984741211,38.15999984741211,38.15999984741211,405,0.0,0.0
2024-09-04 10:09:00-04:00,38.18000030517578,38.18000030517578,38.16999816894531,38.16999816894531,221,0.0,0.0
2024-09-04 10:10:00-04:00,38.16999816894531,38.16999816894531,38.16999816894531,38.16999816894531,113,0.0,0.0
2024-09-04 10:11:00-04:00,38.16999816894531,38.16999816894531,38.16999816894531,38.16999816894531,216,0.0,0.0
2024-09-04 10:16:00-04:00,38.029998779296875,38.04999923706055,38.029998779296875,38.04999923706055,438,0.0,0.0
2024-09-04 10:17:00-04:00,38.029998779296875,38.029998779296875,37.959999084472656,37.959999084472656,1550,0.0,0.0
2024-09-04 10:23:00-04:00,38.060001373291016,38.060001373291016,37.994998931884766,37.994998931884766,803,0.0,0.0
2024-09-04 10:25:00-04:00,37.97999954223633,37.97999954223633,37.97999954223633,37.97999954223633,241,0.0,0.0
2024-09-04 10:27:00-04:00,37.974998474121094,37.974998474121094,37.974998474121094,37.974998474121094,497,0.0,0.0
2024-09-04 10:28:00-04:00,38.064998626708984,38.064998626708984,38.064998626708984,38.064998626708984,159,0.0,0.0
2024-09-04 10:30:00-04:00,38.060001373291016,38.060001373291016,38.060001373291016,38.060001373291016,234,0.0,0.0
2024-09-04 10:34:00-04:00,38.064998626708984,38.064998626708984,38.064998626708984,38.064998626708984,119,0.0,0.0
2024-09-04 10:35:00-04:00,38.06999969482422,38.06999969482422,38.06999969482422,38.06999969482422,316,0.0,0.0
2024-09-04 10:36:00-04:00,38.11000061035156,38.13999938964844,38.11000061035156,38.13999938964844,469,0.0,0.0
2024-09-04 10:38:00-04:00,38.11000061035156,38.14250183105469,38.11000061035156,38.14250183105469,756,0.0,0.0
2024-09-04 10:39:00-04:00,38.18000030517578,38.18000030517578,38.15999984741211,38.15999984741211,1320,0.0,0.0
2024-09-04 10:40:00-04:00,38.20000076293945,38.20000076293945,38.165000915527344,38.165000915527344,533,0.0,0.0
2024-09-04 10:41:00-04:00,38.165000915527344,38.165000915527344,38.165000915527344,38.165000915527344,292,0.0,0.0
2024-09-04 10:44:00-04:00,38.209999084472656,38.209999084472656,38.20500183105469,38.20500183105469,3316,0.0,0.0
2024-09-04 10:45:00-04:00,38.209999084472656,38.290000915527344,38.209999084472656,38.290000915527344,906,0.0,0.0
2024-09-04 10:52:00-04:00,38.2400016784668,38.2400016784668,38.209999084472656,38.22999954223633,803,0.0,0.0
2024-09-04 10:53:00-04:00,38.16999816894531,38.16999816894531,38.16999816894531,38.16999816894531,524,0.0,0.0
2024-09-04 10:55:00-04:00,38.130001068115234,38.130001068115234,38.130001068115234,38.130001068115234,156,0.0,0.0
2024-09-04 10:57:00-04:00,38.150001525878906,38.150001525878906,38.150001525878906,38.150001525878906,282,0.0,0.0
2024-09-04 10:59:00-04:00,38.13999938964844,38.20500183105469,38.13999938964844,38.20500183105469,502,0.0,0.0
2024-09-04 11:04:00-04:00,38.125,38.130001068115234,38.11000061035156,38.125,1154,0.0,0.0
2024-09-04 11:09:00-04:00,37.970001220703125,37.970001220703125,37.849998474121094,37.92499923706055,890,0.0,0.0
2024-09-04 11:12:00-04:00,37.91999816894531,37.91999816894531,37.91999816894531,37.91999816894531,179,0.0,0.0
2024-09-04 11:14:00-04:00,37.91999816894531,37.91999816894531,37.91999816894531,37.91999816894531,192,0.0,0.0
2024-09-04 11:17:00-04:00,38.0,38.0,38.0,38.0,204,0.0,0.0
2024-09-04 11:18:00-04:00,37.915000915527344,37.915000915527344,37.915000915527344,37.915000915527344,591,0.0,0.0
2024-09-04 11:23:00-04:00,37.93000030517578,37.93000030517578,37.93000030517578,37.93000030517578,150,0.0,0.0
2024-09-04 11:24:00-04:00,37.93000030517578,37.93000030517578,37.86000061035156,37.93000030517578,771,0.0,0.0
2024-09-04 11:26:00-04:00,37.869998931884766,37.935001373291016,37.869998931884766,37.900001525878906,688,0.0,0.0
2024-09-04 11:30:00-04:00,37.935001373291016,37.935001373291016,37.935001373291016,37.935001373291016,556,0.0,0.0
2024-09-04 11:40:00-04:00,37.93000030517578,37.97999954223633,37.91999816894531,37.97999954223633,2804,0.0,0.0
2024-09-04 11:44:00-04:00,38.05500030517578,38.05500030517578,38.05500030517578,38.05500030517578,1783,0.0,0.0
2024-09-04 11:46:00-04:00,37.9900016784668,37.9900016784668,37.9900016784668,37.9900016784668,481,0.0,0.0
2024-09-04 11:48:00-04:00,37.939998626708984,37.95000076293945,37.939998626708984,37.939998626708984,257,0.0,0.0
2024-09-04 11:49:00-04:00,37.91999816894531,37.95000076293945,37.91999816894531,37.91999816894531,967,0.0,0.0
2024-09-04 11:55:00-04:00,37.935001373291016,37.935001373291016,37.935001373291016,37.935001373291016,105,0.0,0.0
2024-09-04 11:56:00-04:00,37.935001373291016,37.935001373291016,37.935001373291016,37.935001373291016,371,0.0,0.0
2024-09-04 11:58:00-04:00,37.939998626708984,37.939998626708984,37.939998626708984,37.939998626708984,220,0.0,0.0
2024-09-04 12:00:00-04:00,37.9900016784668,37.9900016784668,37.9900016784668,37.9900016784668,1060,0.0,0.0
2024-09-04 12:04:00-04:00,37.95000076293945,37.95000076293945,37.95000076293945,37.95000076293945,358,0.0,0.0
2024-09-04 12:05:00-04:00,37.95000076293945,37.95000076293945,37.95000076293945,37.95000076293945,555,0.0,0.0
2024-09-04 12:11:00-04:00,37.970001220703125,37.970001220703125,37.970001220703125,37.970001220703125,253,0.0,0.0
2024-09-04 12:12:00-04:00,37.95000076293945,37.970001220703125,37.93000030517578,37.970001220703125,729,0.0,0.0
2024-09-04 12:14:00-04:00,37.90999984741211,37.90999984741211,37.880001068115234,37.880001068115234,610,0.0,0.0
2024-09-04 12:15:00-04:00,37.880001068115234,37.880001068115234,37.880001068115234,37.880001068115234,131,0.0,0.0
2024-09-04 12:16:00-04:00,37.88999938964844,37.88999938964844,37.88999938964844,37.88999938964844,929,0.0,0.0
2024-09-04 12:19:00-04:00,37.779998779296875,37.779998779296875,37.779998779296875,37.779998779296875,442,0.0,0.0
2024-09-04 12:22:00-04:00,37.779998779296875,37.79999923706055,37.779998779296875,37.79999923706055,387,0.0,0.0
2024-09-04 12:24:00-04:00,37.83000183105469,37.83000183105469,37.83000183105469,37.83000183105469,759,0.0,0.0
2024-09-04 12:31:00-04:00,37.834999084472656,37.834999084472656,37.834999084472656,37.834999084472656,283,0.0,0.0
2024-09-04 12:34:00-04:00,37.880001068115234,37.880001068115234,37.880001068115234,37.880001068115234,783,0.0,0.0
2024-09-04 12:41:00-04:00,37.869998931884766,37.869998931884766,37.869998931884766,37.869998931884766,428,0.0,0.0
2024-09-04 12:42:00-04:00,37.91999816894531,37.91999816894531,37.91999816894531,37.91999816894531,174,0.0,0.0
2024-09-04 12:44:00-04:00,37.83000183105469,37.83000183105469,37.79249954223633,37.79249954223633,846,0.0,0.0
2024-09-04 12:46:00-04:00,37.790000915527344,37.790000915527344,37.779998779296875,37.779998779296875,911,0.0,0.0
2024-09-04 12:56:00-04:00,37.779998779296875,37.779998779296875,37.7400016784668,37.7400016784668,695,0.0,0.0
2024-09-04 13:00:00-04:00,37.65999984741211,37.65999984741211,37.65999984741211,37.65999984741211,571,0.0,0.0
2024-09-04 13:03:00-04:00,37.599998474121094,37.599998474121094,37.560001373291016,37.560001373291016,623,0.0,0.0
2024-09-04 13:05:00-04:00,37.595001220703125,37.595001220703125,37.595001220703125,37.595001220703125,128,0.0,0.0
2024-09-04 13:06:00-04:00,37.595001220703125,37.595001220703125,37.595001220703125,37.595001220703125,830,0.0,0.0
2024-09-04 13:11:00-04:00,37.54999923706055,37.54999923706055,37.5099983215332,37.5099983215332,908,0.0,0.0
2024-09-04 13:12:00-04:00,37.5099983215332,37.5099983215332,37.5099983215332,37.5099983215332,172,0.0,0.0
2024-09-04 13:13:00-04:00,37.5099983215332,37.5099983215332,37.5099983215332,37.5099983215332,455,0.0,0.0
2024-09-04 13:21:00-04:00,37.5099983215332,37.5099983215332,37.5099983215332,37.5099983215332,386,0.0,0.0
2024-09-04 13:24:00-04:00,37.459999084472656,37.459999084472656,37.380001068115234,37.380001068115234,1440,0.0,0.0
2024-09-04 13:25:00-04:00,37.33000183105469,37.349998474121094,37.310001373291016,37.310001373291016,852,0.0,0.0
2024-09-04 13:26:00-04:00,37.30500030517578,37.30500030517578,37.2599983215332,37.2599983215332,317,0.0,0.0
2024-09-04 13:27:00-04:00,37.28499984741211,37.310001373291016,37.28499984741211,37.29999923706055,2320,0.0,0.0
2024-09-04 13:29:00-04:00,37.2400016784668,37.2400016784668,37.2400016784668,37.2400016784668,762,0.0,0.0
2024-09-04 13:31:00-04:00,37.25,37.27989959716797,37.150001525878906,37.25,2619,0.0,0.0
2024-09-04 13:32:00-04:00,37.279998779296875,37.279998779296875,37.20500183105469,37.279998779296875,1293,0.0,0.0
2024-09-04 13:33:00-04:00,37.29999923706055,37.29999923706055,37.29999923706055,37.29999923706055,577,0.0,0.0
2024-09-04 13:34:00-04:00,37.32789993286133,37.32789993286133,37.32789993286133,37.32789993286133,316,0.0,0.0
2024-09-04 13:35:00-04:00,37.310001373291016,37.4099006652832,37.310001373291016,37.4099006652832,572,0.0,0.0
2024-09-04 13:36:00-04:00,37.349998474121094,37.38999938964844,37.310001373291016,37.36000061035156,2176,0.0,0.0
2024-09-04 13:37:00-04:00,37.347900390625,37.347900390625,37.347900390625,37.347900390625,703,0.0,0.0
2024-09-04 13:38:00-04:00,37.29999923706055,37.31999969482422,37.2400016784668,37.2400016784668,1124,0.0,0.0
2024-09-04 13:41:00-04:00,37.29999923706055,37.29999923706055,37.29999923706055,37.29999923706055,315,0.0,0.0
2024-09-04 13:43:00-04:00,37.27000045776367,37.27000045776367,37.27000045776367,37.27000045776367,737,0.0,0.0
2024-09-04 13:45:00-04:00,37.27000045776367,37.27000045776367,37.27000045776367,37.27000045776367,316,0.0,0.0
2024-09-04 13:46:00-04:00,37.22999954223633,37.22999954223633,37.220001220703125,37.220001220703125,1028,0.0,0.0
2024-09-04 13:47:00-04:00,37.13999938964844,37.13999938964844,37.13999938964844,37.13999938964844,329,0.0,0.0
2024-09-04 13:48:00-04:00,37.13999938964844,37.13999938964844,37.13999938964844,37.13999938964844,648,0.0,0.0
2024-09-04 13:51:00-04:00,37.125,37.125,37.125,37.125,169,0.0,0.0
2024-09-04 13:53:00-04:00,37.13999938964844,37.13999938964844,37.13999938964844,37.13999938964844,201,0.0,0.0
2024-09-04 13:54:00-04:00,37.13999938964844,37.13999938964844,37.13999938964844,37.13999938964844,211,0.0,0.0
2024-09-04 13:55:00-04:00,37.13999938964844,37.13999938964844,37.13999938964844,37.13999938964844,217,0.0,0.0
2024-09-04 13:57:00-04:00,37.13999938964844,37.13999938964844,37.13999938964844,37.13999938964844,312,0.0,0.0
2024-09-04 13:58:00-04:00,37.13999938964844,37.13999938964844,37.13999938964844,37.13999938964844,179,0.0,0.0
2024-09-04 14:00:00-04:00,37.14500045776367,37.14500045776367,37.14500045776367,37.14500045776367,139,0.0,0.0
2024-09-04 14:01:00-04:00,37.150001525878906,37.150001525878906,37.150001525878906,37.150001525878906,316,0.0,0.0
2024-09-04 14:02:00-04:00,37.150001525878906,37.150001525878906,37.150001525878906,37.150001525878906,179,0.0,0.0
2024-09-04 14:03:00-04:00,37.11000061035156,37.11000061035156,37.10499954223633,37.10499954223633,774,0.0,0.0
2024-09-04 14:05:00-04:00,37.060001373291016,37.060001373291016,37.060001373291016,37.060001373291016,155,0.0,0.0
2024-09-04 14:06:00-04:00,37.04999923706055,37.09000015258789,37.0099983215332,37.05500030517578,3173,0.0,0.0
2024-09-04 14:07:00-04:00,37.11000061035156,37.119998931884766,37.095001220703125,37.11000061035156,1140,0.0,0.0
2024-09-04 14:10:00-04:00,37.095001220703125,37.095001220703125,37.095001220703125,37.095001220703125,556,0.0,0.0
2024-09-04 14:14:00-04:00,37.064998626708984,37.064998626708984,37.064998626708984,37.064998626708984,121,0.0,0.0
2024-09-04 14:15:00-04:00,37.064998626708984,37.064998626708984,37.064998626708984,37.064998626708984,100,0.0,0.0
2024-09-04 14:17:00-04:00,37.099998474121094,37.099998474121094,37.099998474121094,37.099998474121094,329,0.0,0.0
2024-09-04 14:18:00-04:00,37.04999923706055,37.04999923706055,37.04999923706055,37.04999923706055,114,0.0,0.0
2024-09-04 14:19:00-04:00,37.05500030517578,37.05500030517578,37.05500030517578,37.05500030517578,210,0.0,0.0
2024-09-04 14:20:00-04:00,37.02000045776367,37.08000183105469,37.02000045776367,37.08000183105469,1080,0.0,0.0
2024-09-04 14:21:00-04:00,37.03499984741211,37.03499984741211,37.03499984741211,37.03499984741211,100,0.0,0.0
2024-09-04 14:22:00-04:00,37.06999969482422,37.06999969482422,37.06999969482422,37.06999969482422,339,0.0,0.0
2024-09-04 14:24:00-04:00,37.03499984741211,37.03499984741211,37.03499984741211,37.03499984741211,200,0.0,0.0
2024-09-04 14:25:00-04:00,37.06999969482422,37.099998474121094,37.06999969482422,37.099998474121094,2986,0.0,0.0
2024-09-04 14:26:00-04:00,37.130001068115234,37.130001068115234,37.130001068115234,37.130001068115234,284,0.0,0.0
2024-09-04 14:27:00-04:00,37.099998474121094,37.130001068115234,37.099998474121094,37.130001068115234,535,0.0,0.0
2024-09-04 14:29:00-04:00,37.099998474121094,37.220001220703125,37.099998474121094,37.220001220703125,1432,0.0,0.0
2024-09-04 14:30:00-04:00,37.27000045776367,37.279998779296875,37.27000045776367,37.27000045776367,748,0.0,0.0
2024-09-04 14:33:00-04:00,37.31999969482422,37.36000061035156,37.31999969482422,37.36000061035156,750,0.0,0.0
2024-09-04 14:34:00-04:00,37.345001220703125,37.45000076293945,37.345001220703125,37.45000076293945,1485,0.0,0.0
2024-09-04 14:35:00-04:00,37.45000076293945,37.45000076293945,37.45000076293945,37.45000076293945,283,0.0,0.0
2024-09-04 14:38:00-04:00,37.439998626708984,37.439998626708984,37.439998626708984,37.439998626708984,146,0.0,0.0
2024-09-04 14:39:00-04:00,37.400001525878906,37.400001525878906,37.349998474121094,37.349998474121094,404,0.0,0.0
2024-09-04 14:40:00-04:00,37.41999816894531,37.41999816894531,37.41999816894531,37.41999816894531,538,0.0,0.0
2024-09-04 14:42:00-04:00,37.40999984741211,37.40999984741211,37.349998474121094,37.349998474121094,1146,0.0,0.0
2024-09-04 14:43:00-04:00,37.33000183105469,37.34000015258789,37.33000183105469,37.34000015258789,533,0.0,0.0
2024-09-04 14:44:00-04:00,37.279998779296875,37.29999923706055,37.26499938964844,37.26499938964844,554,0.0,0.0
2024-09-04 14:45:00-04:00,37.29999923706055,37.36000061035156,37.29999923706055,37.36000061035156,575,0.0,0.0
2024-09-04 14:46:00-04:00,37.345001220703125,37.345001220703125,37.345001220703125,37.345001220703125,558,0.0,0.0
2024-09-04 14:47:00-04:00,37.38999938964844,37.38999938964844,37.38999938964844,37.38999938964844,229,0.0,0.0
2024-09-04 14:48:00-04:00,37.43000030517578,37.45000076293945,37.43000030517578,37.45000076293945,678,0.0,0.0
2024-09-04 14:51:00-04:00,37.459999084472656,37.5,37.459999084472656,37.5,367,0.0,0.0
2024-09-04 14:53:00-04:00,37.46500015258789,37.46500015258789,37.46500015258789,37.46500015258789,592,0.0,0.0
2024-09-04 14:57:00-04:00,37.459999084472656,37.4900016784668,37.41999816894531,37.41999816894531,2273,0.0,0.0
2024-09-04 14:59:00-04:00,37.369998931884766,37.369998931884766,37.32500076293945,37.32500076293945,435,0.0,0.0
2024-09-04 15:00:00-04:00,37.32500076293945,37.32500076293945,37.3224983215332,37.3224983215332,326,0.0,0.0
2024-09-04 15:01:00-04:00,37.349998474121094,37.349998474121094,37.32500076293945,37.32500076293945,740,0.0,0.0
2024-09-04 15:02:00-04:00,37.32500076293945,37.32500076293945,37.32500076293945,37.32500076293945,234,0.0,0.0
2024-09-04 15:03:00-04:00,37.31999969482422,37.33000183105469,37.290000915527344,37.290000915527344,1021,0.0,0.0
2024-09-04 15:06:00-04:00,37.33000183105469,37.33000183105469,37.33000183105469,37.33000183105469,291,0.0,0.0
2024-09-04 15:07:00-04:00,37.31999969482422,37.38999938964844,37.31999969482422,37.38999938964844,1899,0.0,0.0
2024-09-04 15:08:00-04:00,37.41999816894531,37.41999816894531,37.41999816894531,37.41999816894531,814,0.0,0.0
2024-09-04 15:11:00-04:00,37.404998779296875,37.404998779296875,37.369998931884766,37.369998931884766,667,0.0,0.0
2024-09-04 15:12:00-04:00,37.400001525878906,37.400001525878906,37.400001525878906,37.400001525878906,289,0.0,0.0
2024-09-04 15:14:00-04:00,37.400001525878906,37.400001525878906,37.400001525878906,37.400001525878906,338,0.0,0.0
2024-09-04 15:15:00-04:00,37.39500045776367,37.39500045776367,37.39500045776367,37.39500045776367,302,0.0,0.0
2024-09-04 15:16:00-04:00,37.39500045776367,37.39500045776367,37.39500045776367,37.39500045776367,1246,0.0,0.0
2024-09-04 15:22:00-04:00,37.369998931884766,37.369998931884766,37.369998931884766,37.369998931884766,322,0.0,0.0
2024-09-04 15:24:00-04:00,37.38999938964844,37.38999938964844,37.38999938964844,37.38999938964844,154,0.0,0.0
2024-09-04 15:25:00-04:00,37.36000061035156,37.3849983215332,37.36000061035156,37.3849983215332,965,0.0,0.0
2024-09-04 15:27:00-04:00,37.3849983215332,37.415000915527344,37.32500076293945,37.415000915527344,4546,0.0,0.0
2024-09-04 15:30:00-04:00,37.36000061035156,37.380001068115234,37.36000061035156,37.380001068115234,768,0.0,0.0
2024-09-04 15:31:00-04:00,37.380001068115234,37.380001068115234,37.380001068115234,37.380001068115234,420,0.0,0.0
2024-09-04 15:32:00-04:00,37.380001068115234,37.380001068115234,37.380001068115234,37.380001068115234,235,0.0,0.0
2024-09-04 15:33:00-04:00,37.34000015258789,37.34000015258789,37.23500061035156,37.23500061035156,1112,0.0,0.0
2024-09-04 15:34:00-04:00,37.20500183105469,37.209999084472656,37.20500183105469,37.209999084472656,693,0.0,0.0
2024-09-04 15:35:00-04:00,37.220001220703125,37.220001220703125,37.21500015258789,37.21500015258789,508,0.0,0.0
2024-09-04 15:36:00-04:00,37.25,37.25,37.209999084472656,37.209999084472656,521,0.0,0.0
2024-09-04 15:38:00-04:00,37.22999954223633,37.290000915527344,37.22999954223633,37.27000045776367,1957,0.0,0.0
2024-09-04 15:39:00-04:00,37.310001373291016,37.32500076293945,37.310001373291016,37.32500076293945,927,0.0,0.0
2024-09-04 15:41:00-04:00,37.31999969482422,37.380001068115234,37.31999969482422,37.380001068115234,868,0.0,0.0
2024-09-04 15:42:00-04:00,37.36000061035156,37.36000061035156,37.36000061035156,37.36000061035156,528,0.0,0.0
2024-09-04 15:43:00-04:00,37.3224983215332,37.349998474121094,37.3224983215332,37.349998474121094,595,0.0,0.0
2024-09-04 15:44:00-04:00,37.36000061035156,37.3650016784668,37.349998474121094,37.3650016784668,835,0.0,0.0
2024-09-04 15:45:00-04:00,37.3650016784668,37.3650016784668,37.3650016784668,37.3650016784668,121,0.0,0.0
2024-09-04 15:46:00-04:00,37.36000061035156,37.369998931884766,37.34000015258789,37.369998931884766,1394,0.0,0.0
2024-09-04 15:47:00-04:00,37.38999938964844,37.38999938964844,37.38999938964844,37.38999938964844,263,0.0,0.0
2024-09-04 15:48:00-04:00,37.349998474121094,37.35499954223633,37.34000015258789,37.35499954223633,661,0.0,0.0
2024-09-04 15:50:00-04:00,37.38180160522461,37.38180160522461,37.34000015258789,37.36000061035156,2109,0.0,0.0
2024-09-04 15:51:00-04:00,37.349998474121094,37.41999816894531,37.349998474121094,37.41999816894531,1348,0.0,0.0
2024-09-04 15:52:00-04:00,37.39500045776367,37.39500045776367,37.36000061035156,37.36000061035156,1331,0.0,0.0
2024-09-04 15:53:00-04:00,37.349998474121094,37.35499954223633,37.34000015258789,37.35499954223633,1205,0.0,0.0
2024-09-04 15:54:00-04:00,37.349998474121094,37.36000061035156,37.34000015258789,37.36000061035156,2443,0.0,0.0
2024-09-04 15:55:00-04:00,37.349998474121094,37.40999984741211,37.349998474121094,37.40999984741211,3677,0.0,0.0
2024-09-04 15:56:00-04:00,37.380001068115234,37.380001068115234,37.349998474121094,37.369998931884766,4610,0.0,0.0
2024-09-04 15:57:00-04:00,37.36000061035156,37.36000061035156,37.36000061035156,37.36000061035156,1913,0.0,0.0
2024-09-04 15:58:00-04:00,37.369998931884766,37.41999816894531,37.369998931884766,37.41999816894531,4313,0.0,0.0
2024-09-04 15:59:00-04:00,37.400001525878906,37.41999816894531,37.349998474121094,37.400001525878906,6227,0.0,0.0
2024-09-05 09:30:00-04:00,37.779998779296875,37.779998779296875,37.779998779296875,37.779998779296875,987,0.0,0.0
2024-09-05 09:32:00-04:00,37.33000183105469,37.33000183105469,37.33000183105469,37.33000183105469,907,0.0,0.0
2024-09-05 09:40:00-04:00,37.54499816894531,37.54499816894531,37.54499816894531,37.54499816894531,229,0.0,0.0
2024-09-05 09:45:00-04:00,37.5099983215332,37.5099983215332,37.5099983215332,37.5099983215332,456,0.0,0.0
2024-09-05 09:55:00-04:00,37.29999923706055,37.29999923706055,37.29999923706055,37.29999923706055,278,0.0,0.0
2024-09-05 09:57:00-04:00,37.29999923706055,37.314998626708984,37.13999938964844,37.314998626708984,2445,0.0,0.0
2024-09-05 09:59:00-04:00,37.27000045776367,37.27000045776367,37.27000045776367,37.27000045776367,105,0.0,0.0
2024-09-05 10:00:00-04:00,37.2599983215332,37.2599983215332,37.2599983215332,37.2599983215332,204,0.0,0.0
2024-09-05 10:01:00-04:00,37.45000076293945,37.45000076293945,37.45000076293945,37.45000076293945,335,0.0,0.0
2024-09-05 10:02:00-04:00,37.619998931884766,37.665000915527344,37.619998931884766,37.665000915527344,637,0.0,0.0
2024-09-05 10:03:00-04:00,37.66999816894531,37.66999816894531,37.66999816894531,37.66999816894531,141,0.0,0.0
2024-09-05 10:04:00-04:00,37.7599983215332,37.7599983215332,37.7599983215332,37.7599983215332,358,0.0,0.0
2024-09-05 10:08:00-04:00,37.56999969482422,37.56999969482422,37.529998779296875,37.529998779296875,546,0.0,0.0
2024-09-05 10:09:00-04:00,37.45000076293945,37.45000076293945,37.45000076293945,37.45000076293945,507,0.0,0.0
2024-09-05 10:10:00-04:00,37.310001373291016,37.310001373291016,37.310001373291016,37.310001373291016,563,0.0,0.0
2024-09-05 10:16:00-04:00,37.220001220703125,37.25,37.18000030517578,37.18000030517578,453,0.0,0.0
2024-09-05 10:18:00-04:00,37.165000915527344,37.25,37.165000915527344,37.25,706,0.0,0.0
2024-09-05 10:23:00-04:00,37.38999938964844,37.38999938964844,37.38999938964844,37.38999938964844,291,0.0,0.0
2024-09-05 10:24:00-04:00,37.40999984741211,37.41999816894531,37.40999984741211,37.41999816894531,763,0.0,0.0
2024-09-05 10:26:00-04:00,37.380001068115234,37.380001068115234,37.369998931884766,37.380001068115234,367,0.0,0.0
2024-09-05 10:27:00-04:00,37.349998474121094,37.349998474121094,37.349998474121094,37.349998474121094,216,0.0,0.0
2024-09-05 10:29:00-04:00,37.27000045776367,37.27000045776367,37.2599983215332,37.2599983215332,670,0.0,0.0
2024-09-05 10:30:00-04:00,37.32500076293945,37.400001525878906,37.32500076293945,37.334999084472656,1150,0.0,0.0
2024-09-05 10:32:00-04:00,37.2599983215332,37.2599983215332,37.2599983215332,37.2599983215332,191,0.0,0.0
2024-09-05 10:36:00-04:00,37.220001220703125,37.27000045776367,37.220001220703125,37.27000045776367,538,0.0,0.0
2024-09-05 10:37:00-04:00,37.15999984741211,37.15999984741211,37.05500030517578,37.05500030517578,470,0.0,0.0
2024-09-05 10:38:00-04:00,37.220001220703125,37.220001220703125,37.16999816894531,37.16999816894531,435,0.0,0.0
2024-09-05 10:39:00-04:00,37.11000061035156,37.11000061035156,37.11000061035156,37.11000061035156,908,0.0,0.0
2024-09-05 10:45:00-04:00,37.09000015258789,37.09000015258789,37.029998779296875,37.029998779296875,969,0.0,0.0
2024-09-05 10:46:00-04:00,36.900001525878906,36.900001525878906,36.900001525878906,36.900001525878906,217,0.0,0.0
2024-09-05 10:54:00-04:00,36.959999084472656,37.0,36.959999084472656,36.959999084472656,400,0.0,0.0
2024-09-05 10:55:00-04:00,37.029998779296875,37.029998779296875,36.959999084472656,36.959999084472656,429,0.0,0.0
2024-09-05 10:56:00-04:00,36.959999084472656,36.959999084472656,36.959999084472656,36.959999084472656,124,0.0,0.0
2024-09-05 10:57:00-04:00,37.04999923706055,37.04999923706055,37.04999923706055,37.04999923706055,798,0.0,0.0
2024-09-05 11:04:00-04:00,36.900001525878906,36.900001525878906,36.900001525878906,36.900001525878906,260,0.0,0.0
2024-09-05 11:05:00-04:00,37.0,37.0,37.0,37.0,100,0.0,0.0
2024-09-05 11:06:00-04:00,37.0,37.0,36.9900016784668,36.9900016784668,763,0.0,0.0
2024-09-05 11:10:00-04:00,36.869998931884766,36.869998931884766,36.86000061035156,36.86000061035156,741,0.0,0.0
2024-09-05 11:13:00-04:00,36.849998474121094,36.849998474121094,36.720001220703125,36.720001220703125,1415,0.0,0.0
2024-09-05 11:14:00-04:00,36.689998626708984,36.689998626708984,36.654998779296875,36.654998779296875,360,0.0,0.0
2024-09-05 11:16:00-04:00,36.77000045776367,36.779998779296875,36.75,36.75,1302,0.0,0.0
2024-09-05 11:17:00-04:00,36.810001373291016,36.810001373291016,36.810001373291016,36.810001373291016,100,0.0,0.0
2024-09-05 11:18:00-04:00,36.77000045776367,36.77000045776367,36.77000045776367,36.77000045776367,191,0.0,0.0
2024-09-05 11:20:00-04:00,36.79999923706055,36.814998626708984,36.79999923706055,36.814998626708984,329,0.0,0.0
2024-09-05 11:25:00-04:00,36.65999984741211,36.720001220703125,36.65999984741211,36.6609001159668,1475,0.0,0.0
2024-09-05 11:26:00-04:00,36.74420166015625,36.74420166015625,36.74420166015625,36.74420166015625,240,0.0,0.0
2024-09-05 11:27:00-04:00,36.650001525878906,36.650001525878906,36.650001525878906,36.650001525878906,200,0.0,0.0
2024-09-05 11:28:00-04:00,36.64609909057617,36.64609909057617,36.64609909057617,36.64609909057617,226,0.0,0.0
2024-09-05 11:31:00-04:00,36.650001525878906,36.654998779296875,36.650001525878906,36.654998779296875,232,0.0,0.0
2024-09-05 11:32:00-04:00,36.654998779296875,36.654998779296875,36.654998779296875,36.654998779296875,424,0.0,0.0
2024-09-05 11:33:00-04:00,36.65999984741211,36.65999984741211,36.65999984741211,36.65999984741211,642,0.0,0.0
2024-09-05 11:35:00-04:00,36.599998474121094,36.599998474121094,36.599998474121094,36.599998474121094,243,0.0,0.0
2024-09-05 11:36:00-04:00,36.7400016784668,36.7400016784668,36.66999816894531,36.66999816894531,1131,0.0,0.0
2024-09-05 11:38:00-04:00,36.66999816894531,36.66999816894531,36.650001525878906,36.650001525878906,895,0.0,0.0
2024-09-05 11:44:00-04:00,36.650001525878906,36.650001525878906,36.650001525878906,36.650001525878906,107,0.0,0.0
2024-09-05 11:45:00-04:00,36.65999984741211,36.65999984741211,36.65999984741211,36.65999984741211,566,0.0,0.0
2024-09-05 11:46:00-04:00,36.665000915527344,36.70000076293945,36.57500076293945,36.57500076293945,2087,0.0,0.0
2024-09-05 11:51:00-04:00,36.63999938964844,36.650001525878906,36.63999938964844,36.650001525878906,1103,0.0,0.0
2024-09-05 11:52:00-04:00,36.65999984741211,36.65999984741211,36.65999984741211,36.65999984741211,107,0.0,0.0
2024-09-05 11:53:00-04:00,36.599998474121094,36.599998474121094,36.599998474121094,36.599998474121094,699,0.0,0.0
2024-09-05 11:57:00-04:00,36.599998474121094,36.61000061035156,36.599998474121094,36.61000061035156,1231,0.0,0.0
2024-09-05 11:58:00-04:00,36.61000061035156,36.61000061035156,36.61000061035156,36.61000061035156,316,0.0,0.0
2024-09-05 11:59:00-04:00,36.560001373291016,36.560001373291016,36.560001373291016,36.560001373291016,212,0.0,0.0
2024-09-05 12:01:00-04:00,36.58610153198242,36.58610153198242,36.58610153198242,36.58610153198242,188,0.0,0.0
2024-09-05 12:02:00-04:00,36.56999969482422,36.56999969482422,36.56999969482422,36.56999969482422,100,0.0,0.0
2024-09-05 12:03:00-04:00,36.56999969482422,36.56999969482422,36.56999969482422,36.56999969482422,361,0.0,0.0
2024-09-05 12:08:00-04:00,36.584999084472656,36.63999938964844,36.584999084472656,36.6349983215332,1365,0.0,0.0
2024-09-05 12:10:00-04:00,36.625,36.625,36.625,36.625,238,0.0,0.0
2024-09-05 12:12:00-04:00,36.619998931884766,36.619998931884766,36.619998931884766,36.619998931884766,390,0.0,0.0
2024-09-05 12:13:00-04:00,36.560001373291016,36.560001373291016,36.560001373291016,36.560001373291016,217,0.0,0.0
2024-09-05 12:15:00-04:00,36.650001525878906,36.650001525878906,36.650001525878906,36.650001525878906,690,0.0,0.0
2024-09-05 12:16:00-04:00,36.65999984741211,36.720001220703125,36.654998779296875,36.709999084472656,2745,0.0,0.0
2024-09-05 12:18:00-04:00,36.75,36.75,36.724998474121094,36.724998474121094,743,0.0,0.0
2024-09-05 12:21:00-04:00,36.79999923706055,36.79999923706055,36.79999923706055,36.79999923706055,132,0.0,0.0
2024-09-05 12:22:00-04:00,36.83000183105469,36.83000183105469,36.83000183105469,36.83000183105469,110,0.0,0.0
2024-09-05 12:23:00-04:00,36.869998931884766,36.869998931884766,36.869998931884766,36.869998931884766,114,0.0,0.0
2024-09-05 12:25:00-04:00,36.84000015258789,36.84000015258789,36.84000015258789,36.84000015258789,197,0.0,0.0
2024-09-05 12:26:00-04:00,36.845001220703125,36.845001220703125,36.845001220703125,36.845001220703125,396,0.0,0.0
2024-09-05 12:29:00-04:00,36.899898529052734,36.899898529052734,36.899898529052734,36.899898529052734,439,0.0,0.0
2024-09-05 12:30:00-04:00,36.86000061035156,36.86000061035156,36.86000061035156,36.86000061035156,258,0.0,0.0
2024-09-05 12:31:00-04:00,36.810001373291016,36.810001373291016,36.810001373291016,36.810001373291016,380,0.0,0.0
2024-09-05 12:33:00-04:00,36.7599983215332,36.7599983215332,36.720001220703125,36.72999954223633,1039,0.0,0.0
2024-09-05 12:34:00-04:00,36.77000045776367,36.79999923706055,36.75,36.769798278808594,1439,0.0,0.0
2024-09-05 12:35:00-04:00,36.72999954223633,36.72999954223633,36.72999954223633,36.72999954223633,310,0.0,0.0
2024-09-05 12:36:00-04:00,36.7400016784668,36.7400016784668,36.70000076293945,36.720001220703125,1201,0.0,0.0
2024-09-05 12:37:00-04:00,36.720001220703125,36.724998474121094,36.63999938964844,36.724998474121094,523,0.0,0.0
2024-09-05 12:39:00-04:00,36.64500045776367,36.64500045776367,36.64500045776367,36.64500045776367,102,0.0,0.0
2024-09-05 12:40:00-04:00,36.720001220703125,36.720001220703125,36.720001220703125,36.720001220703125,463,0.0,0.0
2024-09-05 12:41:00-04:00,36.71500015258789,36.71500015258789,36.71500015258789,36.71500015258789,352,0.0,0.0
2024-09-05 12:42:00-04:00,36.709999084472656,36.709999084472656,36.709999084472656,36.709999084472656,510,0.0,0.0
2024-09-05 12:43:00-04:00,36.709999084472656,36.709999084472656,36.709999084472656,36.709999084472656,108,0.0,0.0
2024-09-05 12:45:00-04:00,36.709999084472656,36.709999084472656,36.709999084472656,36.709999084472656,244,0.0,0.0
2024-09-05 12:46:00-04:00,36.66749954223633,36.66749954223633,36.66749954223633,36.66749954223633,116,0.0,0.0
2024-09-05 12:47:00-04:00,36.70500183105469,36.70500183105469,36.70500183105469,36.70500183105469,104,0.0,0.0
2024-09-05 12:49:00-04:00,36.65999984741211,36.65999984741211,36.65999984741211,36.65999984741211,119,0.0,0.0
2024-09-05 12:50:00-04:00,36.70500183105469,36.70500183105469,36.70500183105469,36.70500183105469,267,0.0,0.0
2024-09-05 12:52:00-04:00,36.779998779296875,36.779998779296875,36.779998779296875,36.779998779296875,1008,0.0,0.0
2024-09-05 12:53:00-04:00,36.7400016784668,36.7400016784668,36.7400016784668,36.7400016784668,250,0.0,0.0
2024-09-05 12:57:00-04:00,36.81999969482422,36.81999969482422,36.80500030517578,36.80500030517578,941,0.0,0.0
2024-09-05 12:58:00-04:00,36.790000915527344,36.83000183105469,36.790000915527344,36.83000183105469,234,0.0,0.0
2024-09-05 12:59:00-04:00,36.83000183105469,36.83000183105469,36.83000183105469,36.83000183105469,107,0.0,0.0
2024-09-05 13:01:00-04:00,36.880001068115234,36.880001068115234,36.82500076293945,36.82500076293945,702,0.0,0.0
2024-09-05 13:05:00-04:00,36.779998779296875,36.834999084472656,36.77000045776367,36.83000183105469,1912,0.0,0.0
2024-09-05 13:06:00-04:00,36.77000045776367,36.810001373291016,36.77000045776367,36.810001373291016,732,0.0,0.0
2024-09-05 13:07:00-04:00,36.814998626708984,36.849998474121094,36.814998626708984,36.834999084472656,1144,0.0,0.0
2024-09-05 13:11:00-04:00,36.869998931884766,36.869998931884766,36.869998931884766,36.869998931884766,990,0.0,0.0
2024-09-05 13:17:00-04:00,36.7599983215332,36.77000045776367,36.75,36.75,1328,0.0,0.0
2024-09-05 13:22:00-04:00,36.79999923706055,36.83000183105469,36.79999923706055,36.83000183105469,554,0.0,0.0
2024-09-05 13:24:00-04:00,36.88999938964844,36.88999938964844,36.869998931884766,36.880001068115234,792,0.0,0.0
2024-09-05 13:25:00-04:00,36.900001525878906,36.900001525878906,36.900001525878906,36.900001525878906,238,0.0,0.0
2024-09-05 13:26:00-04:00,36.849998474121094,36.974998474121094,36.849998474121094,36.974998474121094,1314,0.0,0.0
2024-09-05 13:28:00-04:00,37.005001068115234,37.005001068115234,37.005001068115234,37.005001068115234,296,0.0,0.0
2024-09-05 13:30:00-04:00,36.95000076293945,36.9900016784668,36.95000076293945,36.9900016784668,583,0.0,0.0
2024-09-05 13:31:00-04:00,36.98500061035156,36.98500061035156,36.98500061035156,36.98500061035156,592,0.0,0.0
2024-09-05 13:36:00-04:00,37.040000915527344,37.040000915527344,36.994998931884766,36.994998931884766,727,0.0,0.0
2024-09-05 13:44:00-04:00,37.11000061035156,37.11000061035156,37.11000061035156,37.11000061035156,207,0.0,0.0
2024-09-05 13:45:00-04:00,37.04999923706055,37.16999816894531,37.04999923706055,37.15999984741211,942,0.0,0.0
2024-09-05 13:46:00-04:00,37.16999816894531,37.16999816894531,37.16999816894531,37.16999816894531,550,0.0,0.0
2024-09-05 13:49:00-04:00,37.18000030517578,37.18000030517578,37.18000030517578,37.18000030517578,451,0.0,0.0
2024-09-05 13:50:00-04:00,37.14500045776367,37.14500045776367,37.08000183105469,37.08000183105469,1605,0.0,0.0
2024-09-05 14:00:00-04:00,37.119998931884766,37.119998931884766,37.119998931884766,37.119998931884766,194,0.0,0.0
2024-09-05 14:02:00-04:00,37.106998443603516,37.106998443603516,37.09000015258789,37.09000015258789,404,0.0,0.0
2024-09-05 14:05:00-04:00,37.09000015258789,37.09000015258789,37.09000015258789,37.09000015258789,632,0.0,0.0
2024-09-05 14:06:00-04:00,37.13999938964844,37.279998779296875,37.13999938964844,37.279998779296875,2701,0.0,0.0
2024-09-05 14:09:00-04:00,37.2400016784668,37.2400016784668,37.220001220703125,37.220001220703125,262,0.0,0.0
2024-09-05 14:10:00-04:00,37.220001220703125,37.220001220703125,37.220001220703125,37.220001220703125,319,0.0,0.0
2024-09-05 14:14:00-04:00,37.189998626708984,37.189998626708984,37.189998626708984,37.189998626708984,354,0.0,0.0
2024-09-05 14:17:00-04:00,37.21500015258789,37.220001220703125,37.21500015258789,37.220001220703125,370,0.0,0.0
2024-09-05 14:20:00-04:00,37.189998626708984,37.189998626708984,37.189998626708984,37.189998626708984,673,0.0,0.0
2024-09-05 14:25:00-04:00,37.15999984741211,37.15999984741211,37.15999984741211,37.15999984741211,411,0.0,0.0
2024-09-05 14:26:00-04:00,37.13999938964844,37.13999938964844,37.13999938964844,37.13999938964844,749,0.0,0.0
2024-09-05 14:30:00-04:00,37.1150016784668,37.1150016784668,37.1150016784668,37.1150016784668,294,0.0,0.0
2024-09-05 14:31:00-04:00,37.10499954223633,37.16999816894531,37.10499954223633,37.11000061035156,1248,0.0,0.0
2024-09-05 14:32:00-04:00,37.224998474121094,37.25,37.224998474121094,37.25,539,0.0,0.0
2024-09-05 14:35:00-04:00,37.20000076293945,37.20000076293945,37.20000076293945,37.20000076293945,266,0.0,0.0
2024-09-05 14:38:00-04:00,37.18000030517578,37.18000030517578,37.16999816894531,37.16999816894531,702,0.0,0.0
2024-09-05 14:40:00-04:00,37.150001525878906,37.150001525878906,37.150001525878906,37.150001525878906,250,0.0,0.0
2024-09-05 14:42:00-04:00,37.13999938964844,37.13999938964844,37.13999938964844,37.13999938964844,714,0.0,0.0
2024-09-05 14:45:00-04:00,37.189998626708984,37.189998626708984,37.189998626708984,37.189998626708984,791,0.0,0.0
2024-09-05 14:48:00-04:00,37.16999816894531,37.16999816894531,37.16999816894531,37.16999816894531,109,0.0,0.0
2024-09-05 14:50:00-04:00,37.189998626708984,37.220001220703125,37.1781005859375,37.1781005859375,1413,0.0,0.0
2024-09-05 14:51:00-04:00,37.22999954223633,37.22999954223633,37.22999954223633,37.22999954223633,942,0.0,0.0
2024-09-05 14:57:00-04:00,37.13999938964844,37.13999938964844,37.130001068115234,37.130001068115234,469,0.0,0.0
2024-09-05 14:58:00-04:00,37.09000015258789,37.09000015258789,37.04499816894531,37.04499816894531,605,0.0,0.0
2024-09-05 15:00:00-04:00,37.03499984741211,37.03499984741211,36.939998626708984,36.939998626708984,919,0.0,0.0
2024-09-05 15:02:00-04:00,36.900001525878906,36.900001525878906,36.869998931884766,36.869998931884766,401,0.0,0.0
2024-09-05 15:03:00-04:00,36.849998474121094,36.86000061035156,36.82500076293945,36.849998474121094,1248,0.0,0.0
2024-09-05 15:04:00-04:00,36.85499954223633,36.85499954223633,36.85499954223633,36.85499954223633,842,0.0,0.0
2024-09-05 15:11:00-04:00,36.81999969482422,36.84000015258789,36.81999969482422,36.84000015258789,744,0.0,0.0
2024-09-05 15:13:00-04:00,36.880001068115234,36.88999938964844,36.880001068115234,36.88999938964844,1169,0.0,0.0
2024-09-05 15:15:00-04:00,36.90999984741211,36.970001220703125,36.880001068115234,36.880001068115234,1803,0.0,0.0
2024-09-05 15:16:00-04:00,36.8849983215332,36.8849983215332,36.8849983215332,36.8849983215332,409,0.0,0.0
2024-09-05 15:19:00-04:00,36.8849983215332,36.88999938964844,36.8849983215332,36.88999938964844,583,0.0,0.0
2024-09-05 15:21:00-04:00,36.900001525878906,36.900001525878906,36.900001525878906,36.900001525878906,270,0.0,0.0
2024-09-05 15:22:00-04:00,36.95000076293945,36.95000076293945,36.939998626708984,36.939998626708984,383,0.0,0.0
2024-09-05 15:23:00-04:00,36.959999084472656,36.959999084472656,36.959999084472656,36.959999084472656,393,0.0,0.0
2024-09-05 15:24:00-04:00,37.0099983215332,37.0099983215332,37.0099983215332,37.0099983215332,745,0.0,0.0
2024-09-05 15:25:00-04:00,36.97999954223633,36.97999954223633,36.97999954223633,36.97999954223633,476,0.0,0.0
2024-09-05 15:28:00-04:00,37.0,37.0,37.0,37.0,349,0.0,0.0
2024-09-05 15:29:00-04:00,36.994998931884766,36.994998931884766,36.994998931884766,36.994998931884766,405,0.0,0.0
2024-09-05 15:30:00-04:00,37.0,37.0,36.970001220703125,36.970001220703125,1003,0.0,0.0
2024-09-05 15:31:00-04:00,36.97999954223633,36.97999954223633,36.970001220703125,36.970001220703125,494,0.0,0.0
2024-09-05 15:32:00-04:00,36.98500061035156,36.98500061035156,36.96500015258789,36.96500015258789,487,0.0,0.0
2024-09-05 15:33:00-04:00,36.970001220703125,37.0,36.970001220703125,37.0,2028,0.0,0.0
2024-09-05 15:34:00-04:00,37.01499938964844,37.01499938964844,37.01499938964844,37.01499938964844,750,0.0,0.0
2024-09-05 15:37:00-04:00,36.970001220703125,37.0,36.970001220703125,37.0,1493,0.0,0.0
2024-09-05 15:39:00-04:00,36.970001220703125,36.970001220703125,36.970001220703125,36.970001220703125,183,0.0,0.0
2024-09-05 15:40:00-04:00,36.939998626708984,36.939998626708984,36.93000030517578,36.93000030517578,1479,0.0,0.0
2024-09-05 15:41:00-04:00,36.91999816894531,36.91999816894531,36.90999984741211,36.90999984741211,1480,0.0,0.0
2024-09-05 15:42:00-04:00,36.94499969482422,36.94499969482422,36.94499969482422,36.94499969482422,685,0.0,0.0
2024-09-05 15:43:00-04:00,36.90999984741211,36.90999984741211,36.880001068115234,36.900001525878906,1226,0.0,0.0
2024-09-05 15:44:00-04:00,36.8849983215332,36.8849983215332,36.8849983215332,36.8849983215332,239,0.0,0.0
2024-09-05 15:45:00-04:00,36.869998931884766,36.869998931884766,36.869998931884766,36.869998931884766,208,0.0,0.0
2024-09-05 15:46:00-04:00,36.87799835205078,36.87799835205078,36.87799835205078,36.87799835205078,374,0.0,0.0
2024-09-05 15:47:00-04:00,36.869998931884766,36.869998931884766,36.779998779296875,36.779998779296875,1087,0.0,0.0
2024-09-05 15:48:00-04:00,36.7400016784668,36.790000915527344,36.7400016784668,36.755001068115234,1064,0.0,0.0
2024-09-05 15:49:00-04:00,36.7859992980957,36.79999923706055,36.77000045776367,36.77000045776367,861,0.0,0.0
2024-09-05 15:50:00-04:00,36.737998962402344,36.77000045776367,36.71500015258789,36.77000045776367,1813,0.0,0.0
2024-09-05 15:51:00-04:00,36.720001220703125,36.720001220703125,36.720001220703125,36.720001220703125,1272,0.0,0.0
2024-09-05 15:52:00-04:00,36.66999816894531,36.66999816894531,36.6349983215332,36.6349983215332,660,0.0,0.0
2024-09-05 15:53:00-04:00,36.619998931884766,36.68000030517578,36.619998931884766,36.63999938964844,2465,0.0,0.0
2024-09-05 15:54:00-04:00,36.650001525878906,36.6870002746582,36.650001525878906,36.650001525878906,1216,0.0,0.0
2024-09-05 15:55:00-04:00,36.625,36.625,36.56999969482422,36.59000015258789,2554,0.0,0.0
2024-09-05 15:56:00-04:00,36.560001373291016,36.57500076293945,36.560001373291016,36.57500076293945,2447,0.0,0.0
2024-09-05 15:57:00-04:00,36.57500076293945,36.599998474121094,36.540000915527344,36.59000015258789,3933,0.0,0.0
2024-09-05 15:58:00-04:00,36.61000061035156,36.61000061035156,36.59000015258789,36.59000015258789,1657,0.0,0.0
2024-09-05 15:59:00-04:00,36.61000061035156,36.650001525878906,36.54999923706055,36.56999969482422,14312,0.0,0.0
2024-09-06 09:30:00-04:00,36.4900016784668,36.4900016784668,36.4900016784668,36.4900016784668,393,0.0,0.0
2024-09-06 09:31:00-04:00,36.5,36.900001525878906,36.5,36.900001525878906,1118,0.0,0.0
2024-09-06 09:44:00-04:00,36.619998931884766,36.619998931884766,36.619998931884766,36.619998931884766,998,0.0,0.0
2024-09-06 09:48:00-04:00,36.44499969482422,36.44499969482422,36.44499969482422,36.44499969482422,190,0.0,0.0
2024-09-06 09:49:00-04:00,36.674198150634766,36.674198150634766,36.674198150634766,36.674198150634766,308,0.0,0.0
2024-09-06 09:54:00-04:00,36.654998779296875,36.654998779296875,36.654998779296875,36.654998779296875,130,0.0,0.0
2024-09-06 09:57:00-04:00,36.647499084472656,36.647499084472656,36.647499084472656,36.647499084472656,201,0.0,0.0
2024-09-06 10:00:00-04:00,36.599998474121094,36.599998474121094,36.599998474121094,36.599998474121094,1183,0.0,0.0
2024-09-06 10:02:00-04:00,36.46500015258789,36.46500015258789,36.46500015258789,36.46500015258789,534,0.0,0.0
2024-09-06 10:06:00-04:00,36.279998779296875,36.279998779296875,36.165000915527344,36.165000915527344,618,0.0,0.0
2024-09-06 10:10:00-04:00,36.36000061035156,36.38999938964844,36.36000061035156,36.38999938964844,360,0.0,0.0
2024-09-06 10:11:00-04:00,36.189998626708984,36.25,36.130001068115234,36.130001068115234,2156,0.0,0.0
2024-09-06 10:14:00-04:00,36.16999816894531,36.16999816894531,36.16999816894531,36.16999816894531,341,0.0,0.0
2024-09-06 10:16:00-04:00,36.13999938964844,36.13999938964844,36.09000015258789,36.09000015258789,608,0.0,0.0
2024-09-06 10:17:00-04:00,36.15999984741211,36.15999984741211,36.13999938964844,36.15999984741211,695,0.0,0.0
2024-09-06 10:18:00-04:00,36.10499954223633,36.209999084472656,36.10499954223633,36.209999084472656,1132,0.0,0.0
2024-09-06 10:19:00-04:00,36.22999954223633,36.310001373291016,36.22999954223633,36.310001373291016,591,0.0,0.0
2024-09-06 10:20:00-04:00,36.349998474121094,36.349998474121094,36.349998474121094,36.349998474121094,116,0.0,0.0
2024-09-06 10:21:00-04:00,36.29999923706055,36.29999923706055,36.29999923706055,36.29999923706055,455,0.0,0.0
2024-09-06 10:22:00-04:00,36.38999938964844,36.38999938964844,36.38999938964844,36.38999938964844,217,0.0,0.0
2024-09-06 10:23:00-04:00,36.314998626708984,36.314998626708984,36.29499816894531,36.29499816894531,645,0.0,0.0
2024-09-06 10:24:00-04:00,36.22999954223633,36.2599983215332,36.220001220703125,36.2599983215332,583,0.0,0.0
2024-09-06 10:25:00-04:00,36.18000030517578,36.18000030517578,36.18000030517578,36.18000030517578,385,0.0,0.0
2024-09-06 10:26:00-04:00,36.119998931884766,36.119998931884766,36.119998931884766,36.119998931884766,102,0.0,0.0
2024-09-06 10:27:00-04:00,36.11000061035156,36.11000061035156,36.11000061035156,36.11000061035156,168,0.0,0.0
2024-09-06 10:28:00-04:00,36.154998779296875,36.154998779296875,36.0,36.0,1700,0.0,0.0
2024-09-06 10:31:00-04:00,36.03499984741211,36.03499984741211,36.03499984741211,36.03499984741211,458,0.0,0.0
2024-09-06 10:37:00-04:00,36.025001525878906,36.025001525878906,35.900001525878906,35.900001525878906,749,0.0,0.0
2024-09-06 10:38:00-04:00,36.02000045776367,36.029998779296875,36.02000045776367,36.029998779296875,554,0.0,0.0
2024-09-06 10:40:00-04:00,35.970001220703125,35.970001220703125,35.970001220703125,35.970001220703125,241,0.0,0.0
2024-09-06 10:42:00-04:00,35.95000076293945,36.08000183105469,35.91999816894531,35.91999816894531,5670,0.0,0.0
2024-09-06 10:43:00-04:00,35.959999084472656,36.0,35.959999084472656,36.0,791,0.0,0.0
2024-09-06 10:45:00-04:00,35.98500061035156,35.98500061035156,35.98500061035156,35.98500061035156,125,0.0,0.0
2024-09-06 10:47:00-04:00,36.040000915527344,36.040000915527344,36.040000915527344,36.040000915527344,325,0.0,0.0
2024-09-06 10:48:00-04:00,36.0099983215332,36.040000915527344,36.0099983215332,36.040000915527344,292,0.0,0.0
2024-09-06 10:50:00-04:00,36.0,36.0,36.0,36.0,430,0.0,0.0
2024-09-06 10:51:00-04:00,36.0,36.020198822021484,35.994998931884766,36.020198822021484,827,0.0,0.0
2024-09-06 10:54:00-04:00,35.994998931884766,35.994998931884766,35.994998931884766,35.994998931884766,479,0.0,0.0
2024-09-06 11:00:00-04:00,36.04999923706055,36.04999923706055,35.939998626708984,36.040000915527344,4962,0.0,0.0
2024-09-06 11:01:00-04:00,36.04999923706055,36.34000015258789,36.04999923706055,36.189998626708984,1667,0.0,0.0
2024-09-06 11:04:00-04:00,36.19499969482422,36.19499969482422,36.11000061035156,36.11000061035156,645,0.0,0.0
2024-09-06 11:05:00-04:00,36.08000183105469,36.08000183105469,36.025001525878906,36.025001525878906,366,0.0,0.0
2024-09-06 11:08:00-04:00,35.97999954223633,35.97999954223633,35.97999954223633,35.97999954223633,378,0.0,0.0
2024-09-06 11:10:00-04:00,35.939998626708984,35.97999954223633,35.90999984741211,35.92499923706055,1025,0.0,0.0
2024-09-06 11:13:00-04:00,36.0099983215332,36.02000045776367,36.0099983215332,36.02000045776367,343,0.0,0.0
2024-09-06 11:14:00-04:00,35.880001068115234,35.880001068115234,35.880001068115234,35.880001068115234,368,0.0,0.0
2024-09-06 11:16:00-04:00,35.849998474121094,35.849998474121094,35.790000915527344,35.790000915527344,769,0.0,0.0
2024-09-06 11:17:00-04:00,35.630001068115234,35.630001068115234,35.630001068115234,35.630001068115234,156,0.0,0.0
2024-09-06 11:21:00-04:00,35.64500045776367,35.64500045776367,35.64500045776367,35.64500045776367,470,0.0,0.0
2024-09-06 11:23:00-04:00,35.5,35.5,35.5,35.5,274,0.0,0.0
2024-09-06 11:30:00-04:00,35.665000915527344,35.665000915527344,35.665000915527344,35.665000915527344,102,0.0,0.0
2024-09-06 11:32:00-04:00,35.56999969482422,35.56999969482422,35.56999969482422,35.56999969482422,186,0.0,0.0
2024-09-06 11:34:00-04:00,35.66999816894531,35.66999816894531,35.66999816894531,35.66999816894531,179,0.0,0.0
2024-09-06 11:36:00-04:00,35.560001373291016,35.560001373291016,35.560001373291016,35.560001373291016,216,0.0,0.0
2024-09-06 11:37:00-04:00,35.650001525878906,35.650001525878906,35.650001525878906,35.650001525878906,114,0.0,0.0
2024-09-06 11:38:00-04:00,35.560001373291016,35.560001373291016,35.560001373291016,35.560001373291016,693,0.0,0.0
2024-09-06 11:39:00-04:00,35.54499816894531,35.54499816894531,35.54499816894531,35.54499816894531,136,0.0,0.0
2024-09-06 11:40:00-04:00,35.619998931884766,35.619998931884766,35.619998931884766,35.619998931884766,242,0.0,0.0
2024-09-06 11:41:00-04:00,35.54999923706055,35.54999923706055,35.54999923706055,35.54999923706055,199,0.0,0.0
2024-09-06 11:42:00-04:00,35.540000915527344,35.540000915527344,35.4900016784668,35.4900016784668,590,0.0,0.0
2024-09-06 11:45:00-04:00,35.5099983215332,35.5099983215332,35.5099983215332,35.5099983215332,356,0.0,0.0
2024-09-06 11:46:00-04:00,35.4900016784668,35.4900016784668,35.15999984741211,35.15999984741211,5216,0.0,0.0
2024-09-06 11:47:00-04:00,35.279998779296875,35.43000030517578,35.279998779296875,35.35499954223633,2504,0.0,0.0
2024-09-06 11:48:00-04:00,35.439998626708984,35.439998626708984,35.43000030517578,35.43000030517578,817,0.0,0.0
2024-09-06 11:49:00-04:00,35.38999938964844,35.38999938964844,35.38999938964844,35.38999938964844,299,0.0,0.0
2024-09-06 11:50:00-04:00,35.380001068115234,35.380001068115234,35.380001068115234,35.380001068115234,203,0.0,0.0
2024-09-06 11:51:00-04:00,35.39789962768555,35.39789962768555,35.39789962768555,35.39789962768555,430,0.0,0.0
2024-09-06 11:56:00-04:00,35.38999938964844,35.38999938964844,35.38999938964844,35.38999938964844,106,0.0,0.0
2024-09-06 11:59:00-04:00,35.33000183105469,35.400001525878906,35.33000183105469,35.400001525878906,711,0.0,0.0
2024-09-06 12:01:00-04:00,35.459999084472656,35.459999084472656,35.459999084472656,35.459999084472656,989,0.0,0.0
2024-09-06 12:03:00-04:00,35.41999816894531,35.41999816894531,35.41999816894531,35.41999816894531,235,0.0,0.0
2024-09-06 12:04:00-04:00,35.31999969482422,35.31999969482422,35.31999969482422,35.31999969482422,204,0.0,0.0
2024-09-06 12:10:00-04:00,35.380001068115234,35.380001068115234,35.380001068115234,35.380001068115234,339,0.0,0.0
2024-09-06 12:13:00-04:00,35.45000076293945,35.459999084472656,35.45000076293945,35.45000076293945,1284,0.0,0.0
2024-09-06 12:15:00-04:00,35.380001068115234,35.380001068115234,35.380001068115234,35.380001068115234,371,0.0,0.0
2024-09-06 12:16:00-04:00,35.43000030517578,35.43000030517578,35.43000030517578,35.43000030517578,339,0.0,0.0
2024-09-06 12:17:00-04:00,35.38999938964844,35.38999938964844,35.369998931884766,35.369998931884766,1515,0.0,0.0
2024-09-06 12:19:00-04:00,35.31999969482422,35.31999969482422,35.31999969482422,35.31999969482422,336,0.0,0.0
2024-09-06 12:20:00-04:00,35.29499816894531,35.29499816894531,35.29499816894531,35.29499816894531,396,0.0,0.0
2024-09-06 12:23:00-04:00,35.36000061035156,35.369998931884766,35.349998474121094,35.349998474121094,2113,0.0,0.0
2024-09-06 12:25:00-04:00,35.3849983215332,35.3849983215332,35.3849983215332,35.3849983215332,200,0.0,0.0
2024-09-06 12:26:00-04:00,35.3849983215332,35.3849983215332,35.3849983215332,35.3849983215332,403,0.0,0.0
2024-09-06 12:28:00-04:00,35.33000183105469,35.33000183105469,35.33000183105469,35.33000183105469,522,0.0,0.0
2024-09-06 12:33:00-04:00,35.310001373291016,35.34000015258789,35.310001373291016,35.310001373291016,411,0.0,0.0
2024-09-06 12:35:00-04:00,35.380001068115234,35.43000030517578,35.369998931884766,35.43000030517578,1417,0.0,0.0
2024-09-06 12:36:00-04:00,35.34000015258789,35.34000015258789,35.34000015258789,35.34000015258789,507,0.0,0.0
2024-09-06 12:40:00-04:00,35.34000015258789,35.380001068115234,35.34000015258789,35.380001068115234,305,0.0,0.0
2024-09-06 12:43:00-04:00,35.349998474121094,35.349998474121094,35.349998474121094,35.349998474121094,301,0.0,0.0
2024-09-06 12:46:00-04:00,35.34000015258789,35.34000015258789,35.310001373291016,35.310001373291016,1009,0.0,0.0
2024-09-06 12:48:00-04:00,35.2599983215332,35.2599983215332,35.25,35.25,441,0.0,0.0
2024-09-06 12:49:00-04:00,35.189998626708984,35.2599983215332,35.119998931884766,35.2599983215332,2706,0.0,0.0
2024-09-06 12:52:00-04:00,35.220001220703125,35.279998779296875,35.220001220703125,35.279998779296875,1666,0.0,0.0
2024-09-06 12:53:00-04:00,35.33000183105469,35.33000183105469,35.33000183105469,35.33000183105469,214,0.0,0.0
2024-09-06 12:56:00-04:00,35.38999938964844,35.435001373291016,35.38999938964844,35.435001373291016,1155,0.0,0.0
2024-09-06 12:57:00-04:00,35.45000076293945,35.5,35.45000076293945,35.5,631,0.0,0.0
2024-09-06 12:58:00-04:00,35.5,35.5,35.5,35.5,640,0.0,0.0
2024-09-06 12:59:00-04:00,35.54999923706055,35.560001373291016,35.54999923706055,35.560001373291016,302,0.0,0.0
2024-09-06 13:00:00-04:00,35.4900016784668,35.4900016784668,35.4900016784668,35.4900016784668,364,0.0,0.0
2024-09-06 13:02:00-04:00,35.560001373291016,35.560001373291016,35.560001373291016,35.560001373291016,131,0.0,0.0
2024-09-06 13:03:00-04:00,35.52000045776367,35.52000045776367,35.52000045776367,35.52000045776367,135,0.0,0.0
2024-09-06 13:06:00-04:00,35.540000915527344,35.540000915527344,35.540000915527344,35.540000915527344,102,0.0,0.0
2024-09-06 13:07:00-04:00,35.540000915527344,35.58000183105469,35.540000915527344,35.58000183105469,302,0.0,0.0
2024-09-06 13:08:00-04:00,35.58000183105469,35.58000183105469,35.47999954223633,35.47999954223633,2681,0.0,0.0
2024-09-06 13:09:00-04:00,35.560001373291016,35.560001373291016,35.52000045776367,35.560001373291016,1351,0.0,0.0
2024-09-06 13:10:00-04:00,35.56999969482422,35.56999969482422,35.56999969482422,35.56999969482422,206,0.0,0.0
2024-09-06 13:11:00-04:00,35.61000061035156,35.65999984741211,35.61000061035156,35.65999984741211,2554,0.0,0.0
2024-09-06 13:12:00-04:00,35.68000030517578,35.720001220703125,35.68000030517578,35.720001220703125,685,0.0,0.0
2024-09-06 13:14:00-04:00,35.68000030517578,35.68000030517578,35.68000030517578,35.68000030517578,246,0.0,0.0
2024-09-06 13:16:00-04:00,35.61000061035156,35.64500045776367,35.61000061035156,35.64500045776367,377,0.0,0.0
2024-09-06 13:19:00-04:00,35.599998474121094,35.599998474121094,35.54999923706055,35.599998474121094,1156,0.0,0.0
2024-09-06 13:24:00-04:00,35.65999984741211,35.689998626708984,35.650001525878906,35.65999984741211,1756,0.0,0.0
2024-09-06 13:25:00-04:00,35.7400016784668,35.7400016784668,35.7400016784668,35.7400016784668,212,0.0,0.0
2024-09-06 13:27:00-04:00,35.65999984741211,35.65999984741211,35.65999984741211,35.65999984741211,109,0.0,0.0
2024-09-06 13:30:00-04:00,35.63999938964844,35.63999938964844,35.63999938964844,35.63999938964844,225,0.0,0.0
2024-09-06 13:35:00-04:00,35.599998474121094,35.599998474121094,35.58000183105469,35.58000183105469,612,0.0,0.0
2024-09-06 13:40:00-04:00,35.599998474121094,35.599998474121094,35.599998474121094,35.599998474121094,416,0.0,0.0
2024-09-06 13:46:00-04:00,35.58000183105469,35.58000183105469,35.58000183105469,35.58000183105469,100,0.0,0.0
2024-09-06 13:47:00-04:00,35.61000061035156,35.61000061035156,35.61000061035156,35.61000061035156,294,0.0,0.0
2024-09-06 13:51:00-04:00,35.61000061035156,35.61000061035156,35.61000061035156,35.61000061035156,265,0.0,0.0
2024-09-06 13:52:00-04:00,35.6150016784668,35.6150016784668,35.6150016784668,35.6150016784668,109,0.0,0.0
2024-09-06 13:53:00-04:00,35.63999938964844,35.63999938964844,35.63999938964844,35.63999938964844,449,0.0,0.0
2024-09-06 13:54:00-04:00,35.595001220703125,35.720001220703125,35.595001220703125,35.720001220703125,3127,0.0,0.0
2024-09-06 13:56:00-04:00,35.66999816894531,35.720001220703125,35.65999984741211,35.720001220703125,1821,0.0,0.0
2024-09-06 13:58:00-04:00,35.619998931884766,35.619998931884766,35.619998931884766,35.619998931884766,359,0.0,0.0
2024-09-06 14:00:00-04:00,35.650001525878906,35.650001525878906,35.650001525878906,35.650001525878906,192,0.0,0.0
2024-09-06 14:01:00-04:00,35.58000183105469,35.58000183105469,35.58000183105469,35.58000183105469,354,0.0,0.0
2024-09-06 14:03:00-04:00,35.5099983215332,35.5099983215332,35.5099983215332,35.5099983215332,169,0.0,0.0
2024-09-06 14:09:00-04:00,35.51499938964844,35.51499938964844,35.415000915527344,35.470001220703125,2831,0.0,0.0
2024-09-06 14:11:00-04:00,35.470001220703125,35.529998779296875,35.470001220703125,35.470001220703125,2933,0.0,0.0
2024-09-06 14:18:00-04:00,35.43000030517578,35.43000030517578,35.43000030517578,35.43000030517578,109,0.0,0.0
2024-09-06 14:19:00-04:00,35.40999984741211,35.40999984741211,35.3650016784668,35.3650016784668,477,0.0,0.0
2024-09-06 14:21:00-04:00,35.415000915527344,35.415000915527344,35.369998931884766,35.369998931884766,250,0.0,0.0
2024-09-06 14:24:00-04:00,35.43000030517578,35.459999084472656,35.41999816894531,35.459999084472656,3361,0.0,0.0
2024-09-06 14:25:00-04:00,35.47999954223633,35.47999954223633,35.47999954223633,35.47999954223633,291,0.0,0.0
2024-09-06 14:26:00-04:00,35.459999084472656,35.5099983215332,35.459999084472656,35.5099983215332,2464,0.0,0.0
2024-09-06 14:28:00-04:00,35.470001220703125,35.470001220703125,35.470001220703125,35.470001220703125,718,0.0,0.0
2024-09-06 14:33:00-04:00,35.470001220703125,35.470001220703125,35.470001220703125,35.470001220703125,538,0.0,0.0
2024-09-06 14:36:00-04:00,35.47999954223633,35.47999954223633,35.43000030517578,35.435001373291016,1302,0.0,0.0
2024-09-06 14:37:00-04:00,35.43000030517578,35.43000030517578,35.369998931884766,35.369998931884766,1096,0.0,0.0
2024-09-06 14:41:00-04:00,35.30500030517578,35.310001373291016,35.30500030517578,35.310001373291016,405,0.0,0.0
2024-09-06 14:42:00-04:00,35.369998931884766,35.369998931884766,35.36000061035156,35.369998931884766,2771,0.0,0.0
2024-09-06 14:43:00-04:00,35.41999816894531,35.41999816894531,35.41999816894531,35.41999816894531,128,0.0,0.0
2024-09-06 14:44:00-04:00,35.43000030517578,35.43000030517578,35.43000030517578,35.43000030517578,1189,0.0,0.0
2024-09-06 14:48:00-04:00,35.45000076293945,35.47999954223633,35.45000076293945,35.470001220703125,1058,0.0,0.0
2024-09-06 14:49:00-04:00,35.4900016784668,35.4900016784668,35.4900016784668,35.4900016784668,688,0.0,0.0
2024-09-06 14:50:00-04:00,35.52000045776367,35.56999969482422,35.4900016784668,35.4900016784668,2098,0.0,0.0
2024-09-06 14:52:00-04:00,35.470001220703125,35.5,35.470001220703125,35.5,558,0.0,0.0
2024-09-06 14:57:00-04:00,35.4900016784668,35.4900016784668,35.4900016784668,35.4900016784668,309,0.0,0.0
2024-09-06 15:00:00-04:00,35.529998779296875,35.540000915527344,35.52000045776367,35.540000915527344,2490,0.0,0.0
2024-09-06 15:01:00-04:00,35.540000915527344,35.540000915527344,35.47999954223633,35.5,1732,0.0,0.0
2024-09-06 15:02:00-04:00,35.522300720214844,35.522300720214844,35.522300720214844,35.522300720214844,309,0.0,0.0
2024-09-06 15:05:00-04:00,35.52000045776367,35.599998474121094,35.52000045776367,35.56999969482422,2661,0.0,0.0
2024-09-06 15:06:00-04:00,35.560001373291016,35.560001373291016,35.560001373291016,35.560001373291016,238,0.0,0.0
2024-09-06 15:07:00-04:00,35.5625,35.5625,35.5625,35.5625,173,0.0,0.0
2024-09-06 15:08:00-04:00,35.59000015258789,35.59000015258789,35.58000183105469,35.58000183105469,1508,0.0,0.0
2024-09-06 15:11:00-04:00,35.560001373291016,35.599998474121094,35.560001373291016,35.599998474121094,853,0.0,0.0
2024-09-06 15:15:00-04:00,35.59000015258789,35.59000015258789,35.59000015258789,35.59000015258789,215,0.0,0.0
2024-09-06 15:16:00-04:00,35.564998626708984,35.564998626708984,35.564998626708984,35.564998626708984,101,0.0,0.0
2024-09-06 15:17:00-04:00,35.5625,35.5625,35.540000915527344,35.540000915527344,1036,0.0,0.0
2024-09-06 15:20:00-04:00,35.54999923706055,35.59000015258789,35.54999923706055,35.54999923706055,2360,0.0,0.0
2024-09-06 15:21:00-04:00,35.61000061035156,35.61000061035156,35.61000061035156,35.61000061035156,409,0.0,0.0
2024-09-06 15:22:00-04:00,35.61000061035156,35.66999816894531,35.599998474121094,35.599998474121094,2435,0.0,0.0
2024-09-06 15:23:00-04:00,35.599998474121094,35.599998474121094,35.580101013183594,35.580101013183594,1261,0.0,0.0
2024-09-06 15:24:00-04:00,35.61000061035156,35.619998931884766,35.61000061035156,35.619998931884766,704,0.0,0.0
2024-09-06 15:25:00-04:00,35.619998931884766,35.619998931884766,35.619998931884766,35.619998931884766,249,0.0,0.0
2024-09-06 15:26:00-04:00,35.630001068115234,35.630001068115234,35.630001068115234,35.630001068115234,677,0.0,0.0
2024-09-06 15:27:00-04:00,35.61000061035156,35.61000061035156,35.599998474121094,35.599998474121094,1172,0.0,0.0
2024-09-06 15:29:00-04:00,35.59000015258789,35.59000015258789,35.5099983215332,35.5099983215332,1481,0.0,0.0
2024-09-06 15:30:00-04:00,35.470001220703125,35.470001220703125,35.470001220703125,35.470001220703125,339,0.0,0.0
2024-09-06 15:31:00-04:00,35.46500015258789,35.46500015258789,35.46500015258789,35.46500015258789,405,0.0,0.0
2024-09-06 15:32:00-04:00,35.5,35.5,35.459999084472656,35.459999084472656,1448,0.0,0.0
2024-09-06 15:33:00-04:00,35.4900016784668,35.494998931884766,35.474998474121094,35.47999954223633,3253,0.0,0.0
2024-09-06 15:34:00-04:00,35.459999084472656,35.459999084472656,35.44499969482422,35.44499969482422,808,0.0,0.0
2024-09-06 15:35:00-04:00,35.41999816894531,35.41999816894531,35.41999816894531,35.41999816894531,113,0.0,0.0
2024-09-06 15:36:00-04:00,35.40999984741211,35.40999984741211,35.3650016784668,35.3650016784668,733,0.0,0.0
2024-09-06 15:37:00-04:00,35.400001525878906,35.439998626708984,35.400001525878906,35.439998626708984,2956,0.0,0.0
2024-09-06 15:38:00-04:00,35.439998626708984,35.439998626708984,35.439998626708984,35.439998626708984,668,0.0,0.0
2024-09-06 15:39:00-04:00,35.404998779296875,35.404998779296875,35.404998779296875,35.404998779296875,829,0.0,0.0
2024-09-06 15:41:00-04:00,35.36000061035156,35.36000061035156,35.36000061035156,35.36000061035156,471,0.0,0.0
2024-09-06 15:42:00-04:00,35.36000061035156,35.375,35.36000061035156,35.375,1270,0.0,0.0
2024-09-06 15:43:00-04:00,35.380001068115234,35.380001068115234,35.380001068115234,35.380001068115234,193,0.0,0.0
2024-09-06 15:44:00-04:00,35.380001068115234,35.380001068115234,35.31999969482422,35.31999969482422,2148,0.0,0.0
2024-09-06 15:45:00-04:00,35.33000183105469,35.36000061035156,35.33000183105469,35.36000061035156,999,0.0,0.0
2024-09-06 15:46:00-04:00,35.34000015258789,35.36000061035156,35.317298889160156,35.36000061035156,848,0.0,0.0
2024-09-06 15:47:00-04:00,35.36000061035156,35.400001525878906,35.349998474121094,35.3650016784668,2139,0.0,0.0
2024-09-06 15:48:00-04:00,35.369998931884766,35.369998931884766,35.369998931884766,35.369998931884766,346,0.0,0.0
2024-09-06 15:49:00-04:00,35.400001525878906,35.400001525878906,35.400001525878906,35.400001525878906,1455,0.0,0.0
2024-09-06 15:50:00-04:00,35.3849983215332,35.38999938964844,35.34000015258789,35.380001068115234,3514,0.0,0.0
2024-09-06 15:51:00-04:00,35.41999816894531,35.41999816894531,35.36000061035156,35.36000061035156,2287,0.0,0.0
2024-09-06 15:52:00-04:00,35.36000061035156,35.415000915527344,35.36000061035156,35.415000915527344,2250,0.0,0.0
2024-09-06 15:53:00-04:00,35.400001525878906,35.439998626708984,35.400001525878906,35.43000030517578,1865,0.0,0.0
2024-09-06 15:54:00-04:00,35.43000030517578,35.43000030517578,35.36000061035156,35.380001068115234,2399,0.0,0.0
2024-09-06 15:55:00-04:00,35.349998474121094,35.349998474121094,35.31999969482422,35.31999969482422,2298,0.0,0.0
2024-09-06 15:56:00-04:00,35.279998779296875,35.310001373291016,35.279998779296875,35.310001373291016,882,0.0,0.0
2024-09-06 15:57:00-04:00,35.34000015258789,35.369998931884766,35.33000183105469,35.3650016784668,4479,0.0,0.0
2024-09-06 15:58:00-04:00,35.369998931884766,35.380001068115234,35.345001220703125,35.345001220703125,3506,0.0,0.0
2024-09-06 15:59:00-04:00,35.345001220703125,35.41999816894531,35.33000183105469,35.369998931884766,8126,0.0,0.0
