Datetime,Open,High,Low,Close,Volume,Dividends,Stock Splits
2024-07-18 09:00:00+09:00,1559.0,1568.0,1559.0,1568.0,3700,0.0,0.0
2024-07-18 09:10:00+09:00,1565.0,1567.0,1564.0,1567.0,1500,0.0,0.0
2024-07-18 09:15:00+09:00,1566.0,1572.0,1566.0,1568.0,3400,0.0,0.0
2024-07-18 09:20:00+09:00,1569.0,1569.0,1569.0,1569.0,800,0.0,0.0
2024-07-18 09:25:00+09:00,1568.0,1571.0,1567.0,1571.0,1400,0.0,0.0
2024-07-18 09:30:00+09:00,1572.0,1578.0,1572.0,1578.0,17600,0.0,0.0
2024-07-18 09:35:00+09:00,1574.0,1575.0,1573.0,1573.0,1400,0.0,0.0
2024-07-18 09:40:00+09:00,1573.0,1574.0,1573.0,1573.0,700,0.0,0.0
2024-07-18 09:45:00+09:00,1575.0,1575.0,1575.0,1575.0,200,0.0,0.0
2024-07-18 09:55:00+09:00,1577.0,1581.0,1576.0,1581.0,4000,0.0,0.0
2024-07-18 10:00:00+09:00,1581.0,1588.0,1581.0,1584.0,5100,0.0,0.0
2024-07-18 10:05:00+09:00,1584.0,1590.0,1584.0,1590.0,2000,0.0,0.0
2024-07-18 10:10:00+09:00,1591.0,1591.0,1589.0,1589.0,700,0.0,0.0
2024-07-18 10:15:00+09:00,1589.0,1589.0,1589.0,1589.0,100,0.0,0.0
2024-07-18 10:20:00+09:00,1590.0,1597.0,1590.0,1597.0,5400,0.0,0.0
2024-07-18 10:25:00+09:00,1598.0,1608.0,1598.0,1606.0,19500,0.0,0.0
2024-07-18 10:30:00+09:00,1606.0,1607.0,1605.0,1606.0,700,0.0,0.0
2024-07-18 10:35:00+09:00,1605.0,1605.0,1601.0,1602.0,1500,0.0,0.0
2024-07-18 10:40:00+09:00,1603.0,1604.0,1603.0,1604.0,400,0.0,0.0
2024-07-18 10:45:00+09:00,1606.0,1606.0,1606.0,1606.0,700,0.0,0.0
2024-07-18 10:50:00+09:00,1607.0,1608.0,1605.0,1605.0,1100,0.0,0.0
2024-07-18 10:55:00+09:00,1604.0,1604.0,1602.0,1603.0,2000,0.0,0.0
2024-07-18 11:05:00+09:00,1605.0,1605.0,1604.0,1605.0,600,0.0,0.0
2024-07-18 11:10:00+09:00,1604.0,1605.0,1604.0,1605.0,500,0.0,0.0
2024-07-18 11:15:00+09:00,1604.0,1607.0,1604.0,1607.0,1500,0.0,0.0
2024-07-18 11:20:00+09:00,1606.0,1609.0,1606.0,1606.0,10100,0.0,0.0
2024-07-18 11:25:00+09:00,1606.0,1607.0,1606.0,1606.0,1000,0.0,0.0
2024-07-18 11:30:00+09:00,1608.0,1608.0,1608.0,1608.0,12600,0.0,0.0
2024-07-18 11:35:00+09:00,1608.0,1608.0,1608.0,1608.0,0,0.0,0.0
2024-07-18 12:30:00+09:00,1609.0,1614.0,1608.0,1609.0,159100,0.0,0.0
2024-07-18 12:35:00+09:00,1608.0,1611.0,1607.0,1608.0,3200,0.0,0.0
2024-07-18 12:40:00+09:00,1608.0,1610.0,1606.0,1606.0,1800,0.0,0.0
2024-07-18 12:45:00+09:00,1606.0,1608.0,1606.0,1608.0,700,0.0,0.0
2024-07-18 12:50:00+09:00,1608.0,1609.0,1606.0,1606.0,1900,0.0,0.0
2024-07-18 12:55:00+09:00,1608.0,1608.0,1608.0,1608.0,800,0.0,0.0
2024-07-18 13:00:00+09:00,1609.0,1612.0,1609.0,1610.0,3000,0.0,0.0
2024-07-18 13:05:00+09:00,1610.0,1612.0,1610.0,1612.0,1700,0.0,0.0
2024-07-18 13:10:00+09:00,1612.0,1612.0,1610.0,1611.0,2500,0.0,0.0
2024-07-18 13:15:00+09:00,1609.0,1610.0,1609.0,1610.0,1100,0.0,0.0
2024-07-18 13:20:00+09:00,1610.0,1610.0,1610.0,1610.0,200,0.0,0.0
2024-07-18 13:25:00+09:00,1610.0,1610.0,1610.0,1610.0,400,0.0,0.0
2024-07-18 13:30:00+09:00,1609.0,1609.0,1602.0,1602.0,2000,0.0,0.0
2024-07-18 13:35:00+09:00,1603.0,1603.0,1602.0,1602.0,600,0.0,0.0
2024-07-18 13:40:00+09:00,1603.0,1603.0,1602.0,1602.0,800,0.0,0.0
2024-07-18 13:45:00+09:00,1602.0,1602.0,1601.0,1601.0,600,0.0,0.0
2024-07-18 13:50:00+09:00,1600.0,1602.0,1600.0,1601.0,1800,0.0,0.0
2024-07-18 13:55:00+09:00,1602.0,1602.0,1602.0,1602.0,600,0.0,0.0
2024-07-18 14:00:00+09:00,1602.0,1603.0,1602.0,1603.0,400,0.0,0.0
2024-07-18 14:05:00+09:00,1604.0,1605.0,1604.0,1605.0,1800,0.0,0.0
2024-07-18 14:10:00+09:00,1605.0,1605.0,1604.0,1604.0,1200,0.0,0.0
2024-07-18 14:15:00+09:00,1603.0,1603.0,1602.0,1603.0,600,0.0,0.0
2024-07-18 14:20:00+09:00,1603.0,1603.0,1603.0,1603.0,100,0.0,0.0
2024-07-18 14:25:00+09:00,1603.0,1603.0,1602.0,1603.0,2100,0.0,0.0
2024-07-18 14:30:00+09:00,1604.0,1604.0,1604.0,1604.0,1300,0.0,0.0
2024-07-18 14:35:00+09:00,1604.0,1604.0,1603.0,1604.0,1300,0.0,0.0
2024-07-18 14:40:00+09:00,1603.0,1603.0,1601.0,1601.0,2000,0.0,0.0
2024-07-18 14:45:00+09:00,1601.0,1601.0,1599.0,1599.0,1200,0.0,0.0
2024-07-18 14:50:00+09:00,1600.0,1601.0,1600.0,1600.0,2200,0.0,0.0
2024-07-18 14:55:00+09:00,1599.0,1599.0,1594.0,1595.0,4700,0.0,0.0
2024-07-19 09:00:00+09:00,1593.0,1608.0,1581.0,1601.0,24000,0.0,0.0
2024-07-19 09:05:00+09:00,1600.0,1602.0,1599.0,1602.0,1300,0.0,0.0
2024-07-19 09:10:00+09:00,1604.0,1611.0,1604.0,1609.0,6500,0.0,0.0
2024-07-19 09:15:00+09:00,1610.0,1611.0,1609.0,1611.0,1100,0.0,0.0
2024-07-19 09:20:00+09:00,1611.0,1613.0,1611.0,1611.0,2500,0.0,0.0
2024-07-19 09:25:00+09:00,1612.0,1614.0,1612.0,1612.0,1700,0.0,0.0
2024-07-19 09:30:00+09:00,1612.0,1612.0,1611.0,1611.0,2600,0.0,0.0
2024-07-19 09:35:00+09:00,1613.0,1613.0,1610.0,1612.0,2600,0.0,0.0
2024-07-19 09:40:00+09:00,1612.0,1612.0,1606.0,1611.0,0,0.0,0.0
2024-07-19 09:45:00+09:00,1609.0,1609.0,1608.0,1609.0,46600,0.0,0.0
2024-07-19 09:50:00+09:00,1607.0,1609.0,1606.0,1609.0,1800,0.0,0.0
2024-07-19 09:55:00+09:00,1609.0,1609.0,1609.0,1609.0,1400,0.0,0.0
2024-07-19 10:00:00+09:00,1609.0,1609.0,1608.0,1609.0,2700,0.0,0.0
2024-07-19 10:05:00+09:00,1609.0,1610.0,1609.0,1610.0,500,0.0,0.0
2024-07-19 10:10:00+09:00,1611.0,1611.0,1609.0,1609.0,800,0.0,0.0
2024-07-19 10:15:00+09:00,1609.0,1609.0,1608.0,1609.0,1300,0.0,0.0
2024-07-19 10:20:00+09:00,1609.0,1609.0,1609.0,1609.0,400,0.0,0.0
2024-07-19 10:25:00+09:00,1608.0,1608.0,1605.0,1605.0,1000,0.0,0.0
2024-07-19 10:35:00+09:00,1605.0,1606.0,1604.0,1606.0,2200,0.0,0.0
2024-07-19 10:40:00+09:00,1607.0,1609.0,1607.0,1609.0,900,0.0,0.0
2024-07-19 10:45:00+09:00,1608.0,1608.0,1606.0,1606.0,0,0.0,0.0
2024-07-19 10:50:00+09:00,1604.0,1604.0,1602.0,1602.0,62000,0.0,0.0
2024-07-19 10:55:00+09:00,1602.0,1605.0,1602.0,1603.0,3200,0.0,0.0
2024-07-19 11:00:00+09:00,1603.0,1603.0,1603.0,1603.0,700,0.0,0.0
2024-07-19 11:05:00+09:00,1603.0,1604.0,1602.0,1603.0,1100,0.0,0.0
2024-07-19 11:10:00+09:00,1603.0,1604.0,1603.0,1604.0,1100,0.0,0.0
2024-07-19 11:15:00+09:00,1605.0,1606.0,1604.0,1604.0,2700,0.0,0.0
2024-07-19 11:20:00+09:00,1605.0,1605.0,1604.0,1605.0,2100,0.0,0.0
2024-07-19 11:25:00+09:00,1605.0,1608.0,1605.0,1607.0,1700,0.0,0.0
2024-07-19 11:30:00+09:00,1607.0,1607.0,1607.0,1607.0,300,0.0,0.0
2024-07-19 11:35:00+09:00,1607.0,1607.0,1607.0,1607.0,0,0.0,0.0
2024-07-19 12:30:00+09:00,1610.0,1610.0,1605.0,1609.0,78900,0.0,0.0
2024-07-19 12:35:00+09:00,1608.0,1608.0,1605.0,1606.0,3200,0.0,0.0
2024-07-19 12:40:00+09:00,1606.0,1606.0,1601.0,1602.0,1700,0.0,0.0
2024-07-19 12:45:00+09:00,1601.0,1602.0,1601.0,1601.0,1900,0.0,0.0
2024-07-19 12:50:00+09:00,1600.0,1601.0,1600.0,1601.0,1600,0.0,0.0
2024-07-19 12:55:00+09:00,1602.0,1605.0,1602.0,1605.0,2000,0.0,0.0
2024-07-19 13:00:00+09:00,1606.0,1606.0,1605.0,1605.0,1200,0.0,0.0
2024-07-19 13:05:00+09:00,1604.0,1604.0,1600.0,1602.0,7700,0.0,0.0
2024-07-19 13:10:00+09:00,1602.0,1602.0,1602.0,1602.0,100,0.0,0.0
2024-07-19 13:15:00+09:00,1601.0,1603.0,1601.0,1603.0,800,0.0,0.0
2024-07-19 13:20:00+09:00,1604.0,1606.0,1604.0,1604.0,1600,0.0,0.0
2024-07-19 13:25:00+09:00,1604.0,1605.0,1604.0,1605.0,600,0.0,0.0
2024-07-19 13:30:00+09:00,1606.0,1606.0,1606.0,1606.0,1600,0.0,0.0
2024-07-19 13:35:00+09:00,1607.0,1607.0,1606.0,1607.0,300,0.0,0.0
2024-07-19 13:40:00+09:00,1606.0,1606.0,1606.0,1606.0,600,0.0,0.0
2024-07-19 13:45:00+09:00,1607.0,1608.0,1607.0,1608.0,1100,0.0,0.0
2024-07-19 13:50:00+09:00,1610.0,1610.0,1609.0,1609.0,1000,0.0,0.0
2024-07-19 14:00:00+09:00,1610.0,1611.0,1610.0,1611.0,1900,0.0,0.0
2024-07-19 14:05:00+09:00,1612.0,1612.0,1610.0,1610.0,2800,0.0,0.0
2024-07-19 14:10:00+09:00,1611.0,1611.0,1611.0,1611.0,800,0.0,0.0
2024-07-19 14:15:00+09:00,1611.0,1611.0,1610.0,1610.0,300,0.0,0.0
2024-07-19 14:20:00+09:00,1610.0,1610.0,1609.0,1609.0,2600,0.0,0.0
2024-07-19 14:25:00+09:00,1608.0,1608.0,1606.0,1606.0,1000,0.0,0.0
2024-07-19 14:30:00+09:00,1606.0,1606.0,1606.0,1606.0,200,0.0,0.0
2024-07-19 14:35:00+09:00,1606.0,1607.0,1606.0,1606.0,1900,0.0,0.0
2024-07-19 14:40:00+09:00,1608.0,1608.0,1607.0,1607.0,3000,0.0,0.0
2024-07-19 14:45:00+09:00,1607.0,1608.0,1607.0,1608.0,1700,0.0,0.0
2024-07-19 14:50:00+09:00,1607.0,1608.0,1607.0,1608.0,1600,0.0,0.0
2024-07-19 14:55:00+09:00,1608.0,1609.0,1607.0,1609.0,2400,0.0,0.0
2024-07-22 09:00:00+09:00,1611.0,1611.0,1600.0,1606.0,4600,0.0,0.0
2024-07-22 09:05:00+09:00,1604.0,1611.0,1604.0,1611.0,1000,0.0,0.0
2024-07-22 09:10:00+09:00,1608.0,1608.0,1608.0,1608.0,100,0.0,0.0
2024-07-22 09:15:00+09:00,1607.0,1612.0,1607.0,1612.0,1800,0.0,0.0
2024-07-22 09:20:00+09:00,1609.0,1610.0,1609.0,1610.0,200,0.0,0.0
2024-07-22 09:25:00+09:00,1608.0,1608.0,1605.0,1608.0,1000,0.0,0.0
2024-07-22 09:30:00+09:00,1605.0,1608.0,1604.0,1606.0,1600,0.0,0.0
2024-07-22 09:35:00+09:00,1605.0,1609.0,1604.0,1607.0,5500,0.0,0.0
2024-07-22 09:40:00+09:00,1604.0,1605.0,1601.0,1601.0,2000,0.0,0.0
2024-07-22 09:45:00+09:00,1602.0,1603.0,1602.0,1603.0,700,0.0,0.0
2024-07-22 09:50:00+09:00,1601.0,1601.0,1598.0,1598.0,800,0.0,0.0
2024-07-22 09:55:00+09:00,1596.0,1603.0,1596.0,1603.0,3200,0.0,0.0
2024-07-22 10:00:00+09:00,1603.0,1604.0,1603.0,1604.0,3500,0.0,0.0
2024-07-22 10:10:00+09:00,1604.0,1606.0,1604.0,1606.0,500,0.0,0.0
2024-07-22 10:15:00+09:00,1605.0,1607.0,1604.0,1607.0,1000,0.0,0.0
2024-07-22 10:20:00+09:00,1607.0,1607.0,1607.0,1607.0,200,0.0,0.0
2024-07-22 10:25:00+09:00,1606.0,1611.0,1605.0,1611.0,6300,0.0,0.0
2024-07-22 10:30:00+09:00,1611.0,1611.0,1610.0,1610.0,200,0.0,0.0
2024-07-22 10:35:00+09:00,1609.0,1609.0,1608.0,1609.0,600,0.0,0.0
2024-07-22 10:45:00+09:00,1610.0,1612.0,1610.0,1611.0,800,0.0,0.0
2024-07-22 10:50:00+09:00,1610.0,1610.0,1610.0,1610.0,200,0.0,0.0
2024-07-22 10:55:00+09:00,1610.0,1611.0,1610.0,1611.0,1400,0.0,0.0
2024-07-22 11:00:00+09:00,1611.0,1611.0,1611.0,1611.0,500,0.0,0.0
2024-07-22 11:05:00+09:00,1611.0,1616.0,1611.0,1616.0,3500,0.0,0.0
2024-07-22 11:10:00+09:00,1616.0,1618.0,1615.0,1615.0,1600,0.0,0.0
2024-07-22 11:15:00+09:00,1615.0,1617.0,1615.0,1617.0,1400,0.0,0.0
2024-07-22 11:20:00+09:00,1616.0,1616.0,1614.0,1614.0,900,0.0,0.0
2024-07-22 11:25:00+09:00,1613.0,1613.0,1610.0,1610.0,1000,0.0,0.0
2024-07-22 11:30:00+09:00,1610.0,1610.0,1610.0,1610.0,100,0.0,0.0
2024-07-22 11:35:00+09:00,1610.0,1610.0,1610.0,1610.0,0,0.0,0.0
2024-07-22 12:30:00+09:00,1608.0,1613.0,1608.0,1613.0,59700,0.0,0.0
2024-07-22 12:35:00+09:00,1614.0,1620.0,1614.0,1617.0,8300,0.0,0.0
2024-07-22 12:40:00+09:00,1617.0,1617.0,1616.0,1616.0,800,0.0,0.0
2024-07-22 12:45:00+09:00,1616.0,1617.0,1614.0,1617.0,1400,0.0,0.0
2024-07-22 12:50:00+09:00,1617.0,1619.0,1616.0,1616.0,900,0.0,0.0
2024-07-22 13:00:00+09:00,1618.0,1623.0,1617.0,1620.0,8100,0.0,0.0
2024-07-22 13:05:00+09:00,1619.0,1621.0,1618.0,1619.0,3700,0.0,0.0
2024-07-22 13:10:00+09:00,1619.0,1620.0,1619.0,1620.0,1000,0.0,0.0
2024-07-22 13:15:00+09:00,1620.0,1620.0,1620.0,1620.0,200,0.0,0.0
2024-07-22 13:20:00+09:00,1620.0,1620.0,1618.0,1619.0,1100,0.0,0.0
2024-07-22 13:30:00+09:00,1618.0,1620.0,1618.0,1619.0,2500,0.0,0.0
2024-07-22 13:35:00+09:00,1618.0,1620.0,1618.0,1620.0,300,0.0,0.0
2024-07-22 13:40:00+09:00,1620.0,1620.0,1620.0,1620.0,0,0.0,0.0
2024-07-22 13:45:00+09:00,1620.0,1620.0,1620.0,1620.0,89600,0.0,0.0
2024-07-22 13:55:00+09:00,1621.0,1622.0,1621.0,1622.0,1400,0.0,0.0
2024-07-22 14:00:00+09:00,1621.0,1621.0,1621.0,1621.0,800,0.0,0.0
2024-07-22 14:05:00+09:00,1621.0,1622.0,1620.0,1622.0,1500,0.0,0.0
2024-07-22 14:10:00+09:00,1622.0,1623.0,1622.0,1622.0,600,0.0,0.0
2024-07-22 14:15:00+09:00,1621.0,1621.0,1620.0,1621.0,1400,0.0,0.0
2024-07-22 14:20:00+09:00,1620.0,1620.0,1620.0,1620.0,100,0.0,0.0
2024-07-22 14:25:00+09:00,1621.0,1622.0,1621.0,1622.0,600,0.0,0.0
2024-07-22 14:30:00+09:00,1622.0,1624.0,1622.0,1624.0,3800,0.0,0.0
2024-07-22 14:35:00+09:00,1623.0,1628.0,1623.0,1626.0,7800,0.0,0.0
2024-07-22 14:40:00+09:00,1627.0,1628.0,1627.0,1628.0,900,0.0,0.0
2024-07-22 14:45:00+09:00,1628.0,1630.0,1627.0,1628.0,8900,0.0,0.0
2024-07-22 14:50:00+09:00,1628.0,1630.0,1628.0,1628.0,2000,0.0,0.0
2024-07-22 14:55:00+09:00,1628.0,1628.0,1626.0,1626.0,2800,0.0,0.0
2024-07-23 09:00:00+09:00,1639.0,1639.0,1630.0,1635.0,5800,0.0,0.0
2024-07-23 09:05:00+09:00,1635.0,1636.0,1635.0,1636.0,1100,0.0,0.0
2024-07-23 09:10:00+09:00,1633.0,1644.0,1633.0,1644.0,9600,0.0,0.0
2024-07-23 09:15:00+09:00,1642.0,1645.0,1642.0,1643.0,1600,0.0,0.0
2024-07-23 09:20:00+09:00,1645.0,1656.0,1645.0,1652.0,21600,0.0,0.0
2024-07-23 09:25:00+09:00,1651.0,1654.0,1650.0,1653.0,3000,0.0,0.0
2024-07-23 09:30:00+09:00,1654.0,1658.0,1654.0,1655.0,1500,0.0,0.0
2024-07-23 09:35:00+09:00,1656.0,1656.0,1653.0,1656.0,2700,0.0,0.0
2024-07-23 09:40:00+09:00,1656.0,1666.0,1656.0,1662.0,11600,0.0,0.0
2024-07-23 09:45:00+09:00,1663.0,1663.0,1659.0,1660.0,3100,0.0,0.0
2024-07-23 09:50:00+09:00,1659.0,1660.0,1659.0,1660.0,1200,0.0,0.0
2024-07-23 09:55:00+09:00,1660.0,1660.0,1655.0,1655.0,2600,0.0,0.0
2024-07-23 10:00:00+09:00,1654.0,1654.0,1651.0,1653.0,2500,0.0,0.0
2024-07-23 10:05:00+09:00,1653.0,1654.0,1652.0,1654.0,1600,0.0,0.0
2024-07-23 10:10:00+09:00,1654.0,1655.0,1654.0,1655.0,500,0.0,0.0
2024-07-23 10:15:00+09:00,1656.0,1657.0,1656.0,1656.0,1900,0.0,0.0
2024-07-23 10:20:00+09:00,1656.0,1658.0,1655.0,1658.0,2400,0.0,0.0
2024-07-23 10:25:00+09:00,1658.0,1660.0,1658.0,1658.0,1100,0.0,0.0
2024-07-23 10:35:00+09:00,1660.0,1660.0,1658.0,1658.0,1900,0.0,0.0
2024-07-23 10:40:00+09:00,1658.0,1658.0,1658.0,1658.0,700,0.0,0.0
2024-07-23 10:45:00+09:00,1657.0,1657.0,1657.0,1657.0,400,0.0,0.0
2024-07-23 10:50:00+09:00,1657.0,1657.0,1657.0,1657.0,400,0.0,0.0
2024-07-23 10:55:00+09:00,1658.0,1659.0,1658.0,1659.0,2500,0.0,0.0
2024-07-23 11:00:00+09:00,1659.0,1659.0,1659.0,1659.0,600,0.0,0.0
2024-07-23 11:05:00+09:00,1659.0,1662.0,1659.0,1662.0,2000,0.0,0.0
2024-07-23 11:10:00+09:00,1662.0,1663.0,1660.0,1660.0,1900,0.0,0.0
2024-07-23 11:15:00+09:00,1662.0,1662.0,1660.0,1662.0,800,0.0,0.0
2024-07-23 11:20:00+09:00,1663.0,1663.0,1663.0,1663.0,600,0.0,0.0
2024-07-23 11:25:00+09:00,1664.0,1667.0,1664.0,1664.0,3600,0.0,0.0
2024-07-23 11:30:00+09:00,1661.0,1661.0,1661.0,1661.0,1000,0.0,0.0
2024-07-23 11:35:00+09:00,1661.0,1661.0,1661.0,1661.0,0,0.0,0.0
2024-07-23 12:30:00+09:00,1656.0,1662.0,1656.0,1661.0,99900,0.0,0.0
2024-07-23 12:35:00+09:00,1662.0,1662.0,1661.0,1661.0,1500,0.0,0.0
2024-07-23 12:40:00+09:00,1661.0,1661.0,1659.0,1659.0,2500,0.0,0.0
2024-07-23 12:45:00+09:00,1658.0,1659.0,1658.0,1659.0,1300,0.0,0.0
2024-07-23 12:50:00+09:00,1660.0,1661.0,1660.0,1660.0,2800,0.0,0.0
2024-07-23 12:55:00+09:00,1661.0,1661.0,1661.0,1661.0,200,0.0,0.0
2024-07-23 13:00:00+09:00,1661.0,1661.0,1661.0,1661.0,200,0.0,0.0
2024-07-23 13:05:00+09:00,1661.0,1662.0,1659.0,1659.0,2400,0.0,0.0
2024-07-23 13:10:00+09:00,1659.0,1659.0,1659.0,1659.0,1400,0.0,0.0
2024-07-23 13:15:00+09:00,1659.0,1661.0,1659.0,1660.0,1900,0.0,0.0
2024-07-23 13:20:00+09:00,1661.0,1661.0,1661.0,1661.0,200,0.0,0.0
2024-07-23 13:25:00+09:00,1661.0,1661.0,1661.0,1661.0,100,0.0,0.0
2024-07-23 13:30:00+09:00,1661.0,1661.0,1661.0,1661.0,200,0.0,0.0
2024-07-23 13:35:00+09:00,1661.0,1663.0,1661.0,1663.0,4100,0.0,0.0
2024-07-23 13:40:00+09:00,1664.0,1664.0,1664.0,1664.0,0,0.0,0.0
2024-07-23 13:45:00+09:00,1663.0,1663.0,1663.0,1663.0,120000,0.0,0.0
2024-07-23 13:55:00+09:00,1662.0,1663.0,1662.0,1663.0,200,0.0,0.0
2024-07-23 14:00:00+09:00,1662.0,1662.0,1662.0,1662.0,1500,0.0,0.0
2024-07-23 14:05:00+09:00,1662.0,1662.0,1662.0,1662.0,700,0.0,0.0
2024-07-23 14:10:00+09:00,1662.0,1663.0,1662.0,1663.0,3000,0.0,0.0
2024-07-23 14:15:00+09:00,1664.0,1666.0,1664.0,1664.0,5300,0.0,0.0
2024-07-23 14:20:00+09:00,1665.0,1668.0,1665.0,1667.0,3200,0.0,0.0
2024-07-23 14:25:00+09:00,1666.0,1666.0,1664.0,1664.0,1700,0.0,0.0
2024-07-23 14:30:00+09:00,1664.0,1665.0,1663.0,1665.0,1900,0.0,0.0
2024-07-23 14:35:00+09:00,1664.0,1665.0,1664.0,1665.0,200,0.0,0.0
2024-07-23 14:40:00+09:00,1665.0,1667.0,1665.0,1666.0,3000,0.0,0.0
2024-07-23 14:45:00+09:00,1667.0,1667.0,1665.0,1665.0,4900,0.0,0.0
2024-07-23 14:50:00+09:00,1665.0,1667.0,1665.0,1667.0,3100,0.0,0.0
2024-07-23 14:55:00+09:00,1667.0,1668.0,1663.0,1665.0,7600,0.0,0.0
2024-07-24 09:00:00+09:00,1668.0,1679.0,1666.0,1678.0,18000,0.0,0.0
2024-07-24 09:05:00+09:00,1678.0,1678.0,1674.0,1675.0,7300,0.0,0.0
2024-07-24 09:10:00+09:00,1674.0,1676.0,1671.0,1671.0,2100,0.0,0.0
2024-07-24 09:15:00+09:00,1672.0,1673.0,1667.0,1670.0,3200,0.0,0.0
2024-07-24 09:20:00+09:00,1673.0,1673.0,1672.0,1672.0,500,0.0,0.0
2024-07-24 09:25:00+09:00,1671.0,1678.0,1671.0,1673.0,7100,0.0,0.0
2024-07-24 09:30:00+09:00,1673.0,1673.0,1669.0,1671.0,1500,0.0,0.0
2024-07-24 09:35:00+09:00,1672.0,1676.0,1672.0,1676.0,2300,0.0,0.0
2024-07-24 09:40:00+09:00,1677.0,1678.0,1675.0,1678.0,1200,0.0,0.0
2024-07-24 09:45:00+09:00,1679.0,1682.0,1679.0,1681.0,4200,0.0,0.0
2024-07-24 09:50:00+09:00,1679.0,1679.0,1672.0,1672.0,1900,0.0,0.0
2024-07-24 09:55:00+09:00,1674.0,1675.0,1674.0,1675.0,800,0.0,0.0
2024-07-24 10:00:00+09:00,1675.0,1675.0,1673.0,1673.0,700,0.0,0.0
2024-07-24 10:05:00+09:00,1674.0,1675.0,1674.0,1675.0,1700,0.0,0.0
2024-07-24 10:10:00+09:00,1675.0,1676.0,1674.0,1676.0,1300,0.0,0.0
2024-07-24 10:15:00+09:00,1677.0,1679.0,1677.0,1678.0,1000,0.0,0.0
2024-07-24 10:20:00+09:00,1677.0,1677.0,1677.0,1677.0,100,0.0,0.0
2024-07-24 10:25:00+09:00,1677.0,1677.0,1677.0,1677.0,1800,0.0,0.0
2024-07-24 10:30:00+09:00,1677.0,1678.0,1677.0,1677.0,900,0.0,0.0
2024-07-24 10:35:00+09:00,1677.0,1678.0,1675.0,1675.0,1500,0.0,0.0
2024-07-24 10:50:00+09:00,1677.0,1677.0,1674.0,1675.0,2100,0.0,0.0
2024-07-24 10:55:00+09:00,1675.0,1675.0,1675.0,1675.0,800,0.0,0.0
2024-07-24 11:00:00+09:00,1676.0,1676.0,1675.0,1675.0,600,0.0,0.0
2024-07-24 11:05:00+09:00,1675.0,1676.0,1675.0,1676.0,1600,0.0,0.0
2024-07-24 11:10:00+09:00,1677.0,1677.0,1677.0,1677.0,200,0.0,0.0
2024-07-24 11:15:00+09:00,1676.0,1677.0,1676.0,1677.0,1000,0.0,0.0
2024-07-24 11:25:00+09:00,1677.0,1677.0,1677.0,1677.0,800,0.0,0.0
2024-07-24 11:30:00+09:00,1677.0,1677.0,1677.0,1677.0,200,0.0,0.0
2024-07-24 11:35:00+09:00,1677.0,1677.0,1677.0,1677.0,0,0.0,0.0
2024-07-24 12:30:00+09:00,1680.0,1681.0,1678.0,1678.0,72300,0.0,0.0
2024-07-24 12:35:00+09:00,1675.0,1675.0,1675.0,1675.0,500,0.0,0.0
2024-07-24 12:40:00+09:00,1674.0,1674.0,1673.0,1674.0,1000,0.0,0.0
2024-07-24 12:45:00+09:00,1672.0,1672.0,1672.0,1672.0,400,0.0,0.0
2024-07-24 12:50:00+09:00,1673.0,1676.0,1672.0,1676.0,8000,0.0,0.0
2024-07-24 12:55:00+09:00,1674.0,1677.0,1674.0,1677.0,1000,0.0,0.0
2024-07-24 13:00:00+09:00,1677.0,1677.0,1676.0,1676.0,3700,0.0,0.0
2024-07-24 13:05:00+09:00,1674.0,1675.0,1672.0,1675.0,5000,0.0,0.0
2024-07-24 13:10:00+09:00,1674.0,1677.0,1674.0,1674.0,5100,0.0,0.0
2024-07-24 13:15:00+09:00,1673.0,1675.0,1667.0,1670.0,3100,0.0,0.0
2024-07-24 13:20:00+09:00,1669.0,1671.0,1668.0,1671.0,800,0.0,0.0
2024-07-24 13:25:00+09:00,1671.0,1672.0,1671.0,1671.0,1200,0.0,0.0
2024-07-24 13:30:00+09:00,1671.0,1671.0,1670.0,1670.0,700,0.0,0.0
2024-07-24 13:35:00+09:00,1670.0,1673.0,1670.0,1673.0,1900,0.0,0.0
2024-07-24 13:40:00+09:00,1672.0,1674.0,1672.0,1674.0,800,0.0,0.0
2024-07-24 13:45:00+09:00,1674.0,1675.0,1673.0,1675.0,1100,0.0,0.0
2024-07-24 13:50:00+09:00,1676.0,1676.0,1676.0,1676.0,800,0.0,0.0
2024-07-24 13:55:00+09:00,1676.0,1677.0,1676.0,1677.0,500,0.0,0.0
2024-07-24 14:00:00+09:00,1677.0,1677.0,1676.0,1676.0,300,0.0,0.0
2024-07-24 14:05:00+09:00,1677.0,1677.0,1676.0,1676.0,800,0.0,0.0
2024-07-24 14:10:00+09:00,1676.0,1678.0,1676.0,1678.0,1900,0.0,0.0
2024-07-24 14:15:00+09:00,1678.0,1678.0,1678.0,1678.0,900,0.0,0.0
2024-07-24 14:20:00+09:00,1677.0,1679.0,1677.0,1678.0,3300,0.0,0.0
2024-07-24 14:25:00+09:00,1677.0,1678.0,1676.0,1677.0,1000,0.0,0.0
2024-07-24 14:30:00+09:00,1677.0,1678.0,1677.0,1678.0,600,0.0,0.0
2024-07-24 14:35:00+09:00,1678.0,1678.0,1678.0,1678.0,1400,0.0,0.0
2024-07-24 14:40:00+09:00,1676.0,1676.0,1674.0,1676.0,1700,0.0,0.0
2024-07-24 14:45:00+09:00,1674.0,1674.0,1672.0,1672.0,1500,0.0,0.0
2024-07-24 14:50:00+09:00,1671.0,1674.0,1670.0,1672.0,3100,0.0,0.0
2024-07-24 14:55:00+09:00,1672.0,1672.0,1670.0,1672.0,3900,0.0,0.0
2024-07-25 09:00:00+09:00,1680.0,1695.0,1676.0,1689.0,28100,0.0,0.0
2024-07-25 09:05:00+09:00,1689.0,1691.0,1683.0,1683.0,4800,0.0,0.0
2024-07-25 09:10:00+09:00,1683.0,1684.0,1676.0,1679.0,5700,0.0,0.0
2024-07-25 09:15:00+09:00,1679.0,1689.0,1679.0,1685.0,11700,0.0,0.0
2024-07-25 09:20:00+09:00,1686.0,1692.0,1684.0,1692.0,3700,0.0,0.0
2024-07-25 09:25:00+09:00,1689.0,1691.0,1685.0,1691.0,4200,0.0,0.0
2024-07-25 09:30:00+09:00,1691.0,1693.0,1689.0,1692.0,2200,0.0,0.0
2024-07-25 09:35:00+09:00,1691.0,1700.0,1689.0,1700.0,11800,0.0,0.0
2024-07-25 09:40:00+09:00,1699.0,1700.0,1693.0,1695.0,6900,0.0,0.0
2024-07-25 09:45:00+09:00,1696.0,1696.0,1693.0,1695.0,1400,0.0,0.0
2024-07-25 09:50:00+09:00,1696.0,1696.0,1686.0,1686.0,2700,0.0,0.0
2024-07-25 09:55:00+09:00,1689.0,1689.0,1684.0,1684.0,1700,0.0,0.0
2024-07-25 10:00:00+09:00,1683.0,1683.0,1681.0,1682.0,800,0.0,0.0
2024-07-25 10:05:00+09:00,1683.0,1684.0,1682.0,1682.0,1400,0.0,0.0
2024-07-25 10:10:00+09:00,1685.0,1685.0,1682.0,1682.0,1100,0.0,0.0
2024-07-25 10:15:00+09:00,1683.0,1686.0,1683.0,1686.0,800,0.0,0.0
2024-07-25 10:20:00+09:00,1687.0,1689.0,1686.0,1687.0,1800,0.0,0.0
2024-07-25 10:25:00+09:00,1687.0,1687.0,1682.0,1682.0,1500,0.0,0.0
2024-07-25 10:30:00+09:00,1684.0,1684.0,1682.0,1682.0,500,0.0,0.0
2024-07-25 10:35:00+09:00,1683.0,1684.0,1683.0,1684.0,1000,0.0,0.0
2024-07-25 10:40:00+09:00,1683.0,1685.0,1682.0,1685.0,900,0.0,0.0
2024-07-25 10:45:00+09:00,1685.0,1685.0,1683.0,1684.0,1900,0.0,0.0
2024-07-25 10:50:00+09:00,1684.0,1687.0,1684.0,1687.0,1000,0.0,0.0
2024-07-25 10:55:00+09:00,1688.0,1688.0,1685.0,1685.0,1200,0.0,0.0
2024-07-25 11:00:00+09:00,1685.0,1686.0,1684.0,1684.0,1300,0.0,0.0
2024-07-25 11:05:00+09:00,1686.0,1686.0,1684.0,1685.0,1300,0.0,0.0
2024-07-25 11:10:00+09:00,1686.0,1692.0,1686.0,1690.0,7200,0.0,0.0
2024-07-25 11:15:00+09:00,1692.0,1693.0,1692.0,1693.0,800,0.0,0.0
2024-07-25 11:20:00+09:00,1693.0,1695.0,1693.0,1695.0,1000,0.0,0.0
2024-07-25 11:25:00+09:00,1694.0,1696.0,1693.0,1695.0,12400,0.0,0.0
2024-07-25 11:30:00+09:00,1694.0,1694.0,1694.0,1694.0,400,0.0,0.0
2024-07-25 11:35:00+09:00,1694.0,1694.0,1694.0,1694.0,0,0.0,0.0
2024-07-25 12:30:00+09:00,1698.0,1700.0,1694.0,1694.0,150200,0.0,0.0
2024-07-25 12:35:00+09:00,1694.0,1695.0,1694.0,1695.0,1300,0.0,0.0
2024-07-25 12:40:00+09:00,1696.0,1698.0,1694.0,1694.0,2000,0.0,0.0
2024-07-25 12:45:00+09:00,1694.0,1696.0,1694.0,1696.0,700,0.0,0.0
2024-07-25 12:50:00+09:00,1697.0,1698.0,1697.0,1697.0,1400,0.0,0.0
2024-07-25 12:55:00+09:00,1698.0,1698.0,1697.0,1697.0,2200,0.0,0.0
2024-07-25 13:00:00+09:00,1697.0,1698.0,1697.0,1698.0,1400,0.0,0.0
2024-07-25 13:05:00+09:00,1699.0,1700.0,1699.0,1699.0,2200,0.0,0.0
2024-07-25 13:10:00+09:00,1700.0,1702.0,1700.0,1702.0,4700,0.0,0.0
2024-07-25 13:15:00+09:00,1701.0,1703.0,1700.0,1700.0,5300,0.0,0.0
2024-07-25 13:20:00+09:00,1699.0,1702.0,1699.0,1702.0,2700,0.0,0.0
2024-07-25 13:25:00+09:00,1701.0,1701.0,1699.0,1701.0,2100,0.0,0.0
2024-07-25 13:30:00+09:00,1701.0,1701.0,1699.0,1699.0,1100,0.0,0.0
2024-07-25 13:35:00+09:00,1701.0,1701.0,1701.0,1701.0,700,0.0,0.0
2024-07-25 13:40:00+09:00,1701.0,1701.0,1700.0,1700.0,1100,0.0,0.0
2024-07-25 13:45:00+09:00,1700.0,1700.0,1699.0,1699.0,1300,0.0,0.0
2024-07-25 13:50:00+09:00,1699.0,1699.0,1697.0,1697.0,1600,0.0,0.0
2024-07-25 13:55:00+09:00,1696.0,1697.0,1694.0,1696.0,4200,0.0,0.0
2024-07-25 14:00:00+09:00,1696.0,1697.0,1696.0,1697.0,2300,0.0,0.0
2024-07-25 14:05:00+09:00,1697.0,1698.0,1697.0,1697.0,500,0.0,0.0
2024-07-25 14:10:00+09:00,1698.0,1698.0,1697.0,1698.0,2500,0.0,0.0
2024-07-25 14:15:00+09:00,1697.0,1698.0,1697.0,1697.0,1400,0.0,0.0
2024-07-25 14:20:00+09:00,1698.0,1701.0,1698.0,1701.0,2500,0.0,0.0
2024-07-25 14:25:00+09:00,1701.0,1701.0,1698.0,1698.0,2800,0.0,0.0
2024-07-25 14:30:00+09:00,1698.0,1698.0,1693.0,1695.0,6200,0.0,0.0
2024-07-25 14:35:00+09:00,1695.0,1697.0,1695.0,1696.0,2100,0.0,0.0
2024-07-25 14:40:00+09:00,1695.0,1697.0,1694.0,1695.0,3200,0.0,0.0
2024-07-25 14:45:00+09:00,1695.0,1695.0,1691.0,1692.0,4400,0.0,0.0
2024-07-25 14:50:00+09:00,1693.0,1694.0,1693.0,1693.0,2800,0.0,0.0
2024-07-25 14:55:00+09:00,1693.0,1694.0,1690.0,1692.0,4500,0.0,0.0
2024-07-26 09:00:00+09:00,1708.0,1717.0,1701.0,1717.0,39900,0.0,0.0
2024-07-26 09:05:00+09:00,1717.0,1723.0,1711.0,1712.0,8100,0.0,0.0
2024-07-26 09:10:00+09:00,1710.0,1721.0,1710.0,1718.0,5400,0.0,0.0
2024-07-26 09:15:00+09:00,1719.0,1723.0,1719.0,1719.0,4600,0.0,0.0
2024-07-26 09:20:00+09:00,1719.0,1719.0,1715.0,1718.0,1000,0.0,0.0
2024-07-26 09:25:00+09:00,1718.0,1725.0,1718.0,1724.0,2600,0.0,0.0
2024-07-26 09:30:00+09:00,1724.0,1725.0,1719.0,1723.0,2100,0.0,0.0
2024-07-26 09:35:00+09:00,1725.0,1728.0,1724.0,1726.0,2700,0.0,0.0
2024-07-26 09:40:00+09:00,1728.0,1734.0,1728.0,1734.0,6000,0.0,0.0
2024-07-26 09:45:00+09:00,1732.0,1739.0,1732.0,1733.0,3500,0.0,0.0
2024-07-26 09:50:00+09:00,1732.0,1736.0,1729.0,1736.0,4100,0.0,0.0
2024-07-26 09:55:00+09:00,1738.0,1739.0,1736.0,1739.0,3100,0.0,0.0
2024-07-26 10:00:00+09:00,1739.0,1740.0,1738.0,1740.0,4200,0.0,0.0
2024-07-26 10:05:00+09:00,1740.0,1745.0,1740.0,1744.0,3300,0.0,0.0
2024-07-26 10:10:00+09:00,1746.0,1746.0,1740.0,1746.0,5100,0.0,0.0
2024-07-26 10:15:00+09:00,1743.0,1744.0,1739.0,1739.0,2500,0.0,0.0
2024-07-26 10:20:00+09:00,1739.0,1739.0,1736.0,1736.0,2500,0.0,0.0
2024-07-26 10:25:00+09:00,1735.0,1738.0,1731.0,1735.0,8300,0.0,0.0
2024-07-26 10:30:00+09:00,1737.0,1740.0,1737.0,1739.0,1900,0.0,0.0
2024-07-26 10:35:00+09:00,1736.0,1740.0,1736.0,1739.0,2700,0.0,0.0
2024-07-26 10:40:00+09:00,1739.0,1739.0,1734.0,1734.0,2500,0.0,0.0
2024-07-26 10:45:00+09:00,1734.0,1736.0,1733.0,1736.0,2000,0.0,0.0
2024-07-26 10:50:00+09:00,1736.0,1736.0,1734.0,1735.0,1500,0.0,0.0
2024-07-26 10:55:00+09:00,1733.0,1734.0,1733.0,1734.0,2500,0.0,0.0
2024-07-26 11:00:00+09:00,1736.0,1737.0,1736.0,1736.0,1200,0.0,0.0
2024-07-26 11:05:00+09:00,1736.0,1736.0,1735.0,1736.0,1200,0.0,0.0
2024-07-26 11:10:00+09:00,1738.0,1739.0,1738.0,1739.0,3900,0.0,0.0
2024-07-26 11:15:00+09:00,1740.0,1743.0,1740.0,1743.0,3500,0.0,0.0
2024-07-26 11:20:00+09:00,1744.0,1744.0,1738.0,1739.0,3200,0.0,0.0
2024-07-26 11:25:00+09:00,1739.0,1747.0,1739.0,1747.0,2700,0.0,0.0
2024-07-26 11:30:00+09:00,1746.0,1746.0,1746.0,1746.0,1300,0.0,0.0
2024-07-26 11:35:00+09:00,1746.0,1746.0,1746.0,1746.0,0,0.0,0.0
2024-07-26 12:30:00+09:00,1749.0,1755.0,1746.0,1755.0,173300,0.0,0.0
2024-07-26 12:35:00+09:00,1753.0,1755.0,1748.0,1751.0,13700,0.0,0.0
2024-07-26 12:40:00+09:00,1752.0,1795.0,1751.0,1792.0,52900,0.0,0.0
2024-07-26 12:45:00+09:00,1794.0,1846.0,1794.0,1844.0,69100,0.0,0.0
2024-07-26 12:50:00+09:00,1844.0,1844.0,1793.0,1833.0,83200,0.0,0.0
2024-07-26 12:55:00+09:00,1835.0,1841.0,1809.0,1820.0,87300,0.0,0.0
2024-07-26 13:00:00+09:00,1815.0,1838.0,1790.0,1822.0,67200,0.0,0.0
2024-07-26 13:05:00+09:00,1820.0,1850.0,1820.0,1829.0,85000,0.0,0.0
2024-07-26 13:10:00+09:00,1831.0,1871.0,1829.0,1871.0,59300,0.0,0.0
2024-07-26 13:15:00+09:00,1872.0,1880.0,1857.0,1870.0,58300,0.0,0.0
2024-07-26 13:20:00+09:00,1868.0,1877.0,1858.0,1866.0,36200,0.0,0.0
2024-07-26 13:25:00+09:00,1865.0,1869.0,1856.0,1856.0,25200,0.0,0.0
2024-07-26 13:30:00+09:00,1856.0,1886.0,1856.0,1876.0,63100,0.0,0.0
2024-07-26 13:35:00+09:00,1875.0,1876.0,1855.0,1871.0,51800,0.0,0.0
2024-07-26 13:40:00+09:00,1872.0,1873.0,1852.0,1856.0,24200,0.0,0.0
2024-07-26 13:45:00+09:00,1853.0,1855.0,1828.0,1834.0,41000,0.0,0.0
2024-07-26 13:50:00+09:00,1833.0,1834.0,1813.0,1819.0,27000,0.0,0.0
2024-07-26 13:55:00+09:00,1817.0,1839.0,1817.0,1829.0,41200,0.0,0.0
2024-07-26 14:00:00+09:00,1832.0,1839.0,1832.0,1836.0,17500,0.0,0.0
2024-07-26 14:05:00+09:00,1838.0,1842.0,1832.0,1833.0,14500,0.0,0.0
2024-07-26 14:10:00+09:00,1834.0,1861.0,1834.0,1861.0,32600,0.0,0.0
2024-07-26 14:15:00+09:00,1859.0,1859.0,1840.0,1842.0,13000,0.0,0.0
2024-07-26 14:20:00+09:00,1843.0,1847.0,1839.0,1842.0,6400,0.0,0.0
2024-07-26 14:25:00+09:00,1843.0,1863.0,1840.0,1860.0,27900,0.0,0.0
2024-07-26 14:30:00+09:00,1860.0,1860.0,1850.0,1855.0,31200,0.0,0.0
2024-07-26 14:35:00+09:00,1854.0,1858.0,1851.0,1856.0,12300,0.0,0.0
2024-07-26 14:40:00+09:00,1855.0,1860.0,1854.0,1855.0,4000,0.0,0.0
2024-07-26 14:45:00+09:00,1854.0,1855.0,1839.0,1842.0,68400,0.0,0.0
2024-07-26 14:50:00+09:00,1842.0,1846.0,1840.0,1844.0,12500,0.0,0.0
2024-07-26 14:55:00+09:00,1843.0,1846.0,1837.0,1837.0,25800,0.0,0.0
2024-07-29 09:00:00+09:00,1834.0,1834.0,1808.0,1825.0,65400,0.0,0.0
2024-07-29 09:05:00+09:00,1825.0,1829.0,1816.0,1823.0,8000,0.0,0.0
2024-07-29 09:10:00+09:00,1822.0,1844.0,1822.0,1842.0,24300,0.0,0.0
2024-07-29 09:15:00+09:00,1843.0,1843.0,1833.0,1841.0,10500,0.0,0.0
2024-07-29 09:20:00+09:00,1841.0,1867.0,1841.0,1863.0,23100,0.0,0.0
2024-07-29 09:25:00+09:00,1863.0,1871.0,1863.0,1867.0,6600,0.0,0.0
2024-07-29 09:30:00+09:00,1865.0,1887.0,1864.0,1884.0,24200,0.0,0.0
2024-07-29 09:35:00+09:00,1884.0,1884.0,1852.0,1862.0,17300,0.0,0.0
2024-07-29 09:40:00+09:00,1862.0,1866.0,1855.0,1860.0,6400,0.0,0.0
2024-07-29 09:45:00+09:00,1859.0,1870.0,1857.0,1861.0,12300,0.0,0.0
2024-07-29 09:50:00+09:00,1858.0,1863.0,1851.0,1856.0,8300,0.0,0.0
2024-07-29 09:55:00+09:00,1853.0,1861.0,1852.0,1861.0,4800,0.0,0.0
2024-07-29 10:00:00+09:00,1863.0,1865.0,1859.0,1865.0,5000,0.0,0.0
2024-07-29 10:05:00+09:00,1864.0,1866.0,1859.0,1860.0,6900,0.0,0.0
2024-07-29 10:10:00+09:00,1857.0,1860.0,1855.0,1856.0,2500,0.0,0.0
2024-07-29 10:15:00+09:00,1857.0,1860.0,1857.0,1858.0,3600,0.0,0.0
2024-07-29 10:20:00+09:00,1853.0,1853.0,1839.0,1840.0,16000,0.0,0.0
2024-07-29 10:25:00+09:00,1840.0,1843.0,1839.0,1842.0,3700,0.0,0.0
2024-07-29 10:30:00+09:00,1841.0,1841.0,1834.0,1834.0,3900,0.0,0.0
2024-07-29 10:35:00+09:00,1836.0,1841.0,1836.0,1840.0,4900,0.0,0.0
2024-07-29 10:40:00+09:00,1845.0,1847.0,1842.0,1845.0,5700,0.0,0.0
2024-07-29 10:45:00+09:00,1844.0,1845.0,1842.0,1845.0,3900,0.0,0.0
2024-07-29 10:50:00+09:00,1843.0,1843.0,1838.0,1839.0,2500,0.0,0.0
2024-07-29 10:55:00+09:00,1839.0,1839.0,1835.0,1835.0,4900,0.0,0.0
2024-07-29 11:00:00+09:00,1836.0,1845.0,1835.0,1842.0,4600,0.0,0.0
2024-07-29 11:05:00+09:00,1840.0,1850.0,1840.0,1844.0,4700,0.0,0.0
2024-07-29 11:10:00+09:00,1842.0,1845.0,1840.0,1845.0,1700,0.0,0.0
2024-07-29 11:15:00+09:00,1843.0,1845.0,1840.0,1840.0,1000,0.0,0.0
2024-07-29 11:20:00+09:00,1839.0,1839.0,1829.0,1830.0,8700,0.0,0.0
2024-07-29 11:25:00+09:00,1830.0,1836.0,1830.0,1834.0,2900,0.0,0.0
2024-07-29 11:30:00+09:00,1834.0,1834.0,1834.0,1834.0,6100,0.0,0.0
2024-07-29 11:35:00+09:00,1834.0,1834.0,1834.0,1834.0,0,0.0,0.0
2024-07-29 12:30:00+09:00,1831.0,1833.0,1827.0,1832.0,324200,0.0,0.0
2024-07-29 12:35:00+09:00,1832.0,1832.0,1830.0,1832.0,3500,0.0,0.0
2024-07-29 12:40:00+09:00,1831.0,1835.0,1831.0,1833.0,4100,0.0,0.0
2024-07-29 12:45:00+09:00,1832.0,1835.0,1831.0,1834.0,3500,0.0,0.0
2024-07-29 12:50:00+09:00,1833.0,1835.0,1832.0,1834.0,3000,0.0,0.0
2024-07-29 12:55:00+09:00,1834.0,1838.0,1831.0,1837.0,7800,0.0,0.0
2024-07-29 13:00:00+09:00,1835.0,1843.0,1835.0,1839.0,5500,0.0,0.0
2024-07-29 13:05:00+09:00,1841.0,1843.0,1836.0,1840.0,7200,0.0,0.0
2024-07-29 13:10:00+09:00,1839.0,1840.0,1837.0,1837.0,1600,0.0,0.0
2024-07-29 13:15:00+09:00,1836.0,1838.0,1835.0,1838.0,4000,0.0,0.0
2024-07-29 13:20:00+09:00,1837.0,1839.0,1837.0,1839.0,1600,0.0,0.0
2024-07-29 13:25:00+09:00,1838.0,1841.0,1834.0,1836.0,4700,0.0,0.0
2024-07-29 13:30:00+09:00,1834.0,1838.0,1834.0,1838.0,3500,0.0,0.0
2024-07-29 13:35:00+09:00,1838.0,1843.0,1838.0,1843.0,3500,0.0,0.0
2024-07-29 13:40:00+09:00,1841.0,1850.0,1841.0,1847.0,9200,0.0,0.0
2024-07-29 13:45:00+09:00,1846.0,1846.0,1845.0,1845.0,400,0.0,0.0
2024-07-29 13:50:00+09:00,1847.0,1850.0,1845.0,1846.0,3200,0.0,0.0
2024-07-29 13:55:00+09:00,1845.0,1846.0,1845.0,1846.0,2800,0.0,0.0
2024-07-29 14:00:00+09:00,1845.0,1847.0,1845.0,1845.0,2000,0.0,0.0
2024-07-29 14:05:00+09:00,1844.0,1844.0,1841.0,1843.0,2500,0.0,0.0
2024-07-29 14:10:00+09:00,1843.0,1843.0,1839.0,1841.0,3600,0.0,0.0
2024-07-29 14:15:00+09:00,1841.0,1844.0,1841.0,1843.0,1800,0.0,0.0
2024-07-29 14:20:00+09:00,1842.0,1842.0,1836.0,1838.0,2600,0.0,0.0
2024-07-29 14:25:00+09:00,1839.0,1839.0,1835.0,1837.0,2500,0.0,0.0
2024-07-29 14:30:00+09:00,1838.0,1838.0,1834.0,1835.0,5300,0.0,0.0
2024-07-29 14:35:00+09:00,1836.0,1838.0,1835.0,1838.0,3100,0.0,0.0
2024-07-29 14:40:00+09:00,1837.0,1838.0,1835.0,1835.0,2600,0.0,0.0
2024-07-29 14:45:00+09:00,1835.0,1837.0,1835.0,1836.0,2600,0.0,0.0
2024-07-29 14:50:00+09:00,1836.0,1841.0,1835.0,1841.0,9500,0.0,0.0
2024-07-29 14:55:00+09:00,1841.0,1849.0,1840.0,1849.0,8400,0.0,0.0
2024-07-30 09:00:00+09:00,1832.0,1847.0,1823.0,1838.0,28800,0.0,0.0
2024-07-30 09:05:00+09:00,1838.0,1845.0,1834.0,1835.0,3500,0.0,0.0
2024-07-30 09:10:00+09:00,1836.0,1840.0,1831.0,1839.0,4200,0.0,0.0
2024-07-30 09:15:00+09:00,1836.0,1848.0,1836.0,1847.0,5300,0.0,0.0
2024-07-30 09:20:00+09:00,1846.0,1848.0,1842.0,1842.0,3800,0.0,0.0
2024-07-30 09:25:00+09:00,1842.0,1847.0,1842.0,1847.0,3600,0.0,0.0
2024-07-30 09:30:00+09:00,1849.0,1856.0,1846.0,1846.0,12000,0.0,0.0
2024-07-30 09:35:00+09:00,1849.0,1852.0,1848.0,1850.0,2100,0.0,0.0
2024-07-30 09:40:00+09:00,1850.0,1851.0,1849.0,1849.0,1200,0.0,0.0
2024-07-30 09:45:00+09:00,1847.0,1851.0,1847.0,1850.0,1800,0.0,0.0
2024-07-30 09:50:00+09:00,1850.0,1852.0,1850.0,1850.0,2600,0.0,0.0
2024-07-30 09:55:00+09:00,1852.0,1860.0,1847.0,1858.0,10500,0.0,0.0
2024-07-30 10:00:00+09:00,1858.0,1861.0,1854.0,1854.0,4000,0.0,0.0
2024-07-30 10:05:00+09:00,1854.0,1859.0,1846.0,1848.0,6400,0.0,0.0
2024-07-30 10:10:00+09:00,1849.0,1855.0,1849.0,1850.0,5100,0.0,0.0
2024-07-30 10:15:00+09:00,1852.0,1855.0,1852.0,1855.0,900,0.0,0.0
2024-07-30 10:20:00+09:00,1855.0,1857.0,1853.0,1853.0,2000,0.0,0.0
2024-07-30 10:25:00+09:00,1855.0,1856.0,1853.0,1853.0,1400,0.0,0.0
2024-07-30 10:30:00+09:00,1852.0,1854.0,1850.0,1850.0,3000,0.0,0.0
2024-07-30 10:35:00+09:00,1850.0,1853.0,1847.0,1850.0,4500,0.0,0.0
2024-07-30 10:40:00+09:00,1849.0,1854.0,1849.0,1849.0,2200,0.0,0.0
2024-07-30 10:45:00+09:00,1850.0,1854.0,1848.0,1848.0,4000,0.0,0.0
2024-07-30 10:50:00+09:00,1850.0,1851.0,1843.0,1843.0,2600,0.0,0.0
2024-07-30 10:55:00+09:00,1843.0,1845.0,1840.0,1840.0,4200,0.0,0.0
2024-07-30 11:00:00+09:00,1841.0,1842.0,1836.0,1837.0,2400,0.0,0.0
2024-07-30 11:05:00+09:00,1837.0,1841.0,1837.0,1841.0,1400,0.0,0.0
2024-07-30 11:10:00+09:00,1840.0,1847.0,1840.0,1841.0,10600,0.0,0.0
2024-07-30 11:15:00+09:00,1843.0,1847.0,1843.0,1847.0,600,0.0,0.0
2024-07-30 11:20:00+09:00,1844.0,1845.0,1843.0,1845.0,1600,0.0,0.0
2024-07-30 11:25:00+09:00,1845.0,1848.0,1843.0,1845.0,1200,0.0,0.0
2024-07-30 11:30:00+09:00,1843.0,1843.0,1843.0,1843.0,200,0.0,0.0
2024-07-30 11:35:00+09:00,1843.0,1843.0,1843.0,1843.0,0,0.0,0.0
2024-07-30 12:30:00+09:00,1842.0,1852.0,1842.0,1851.0,148300,0.0,0.0
2024-07-30 12:35:00+09:00,1851.0,1858.0,1848.0,1858.0,9700,0.0,0.0
2024-07-30 12:40:00+09:00,1860.0,1863.0,1858.0,1858.0,4200,0.0,0.0
2024-07-30 12:45:00+09:00,1860.0,1862.0,1856.0,1858.0,3900,0.0,0.0
2024-07-30 12:50:00+09:00,1856.0,1862.0,1853.0,1854.0,8200,0.0,0.0
2024-07-30 12:55:00+09:00,1854.0,1855.0,1838.0,1838.0,9400,0.0,0.0
2024-07-30 13:00:00+09:00,1839.0,1839.0,1815.0,1821.0,24000,0.0,0.0
2024-07-30 13:05:00+09:00,1818.0,1822.0,1797.0,1809.0,33200,0.0,0.0
2024-07-30 13:10:00+09:00,1803.0,1812.0,1801.0,1805.0,13900,0.0,0.0
2024-07-30 13:15:00+09:00,1802.0,1804.0,1784.0,1801.0,30900,0.0,0.0
2024-07-30 13:20:00+09:00,1799.0,1801.0,1790.0,1794.0,8300,0.0,0.0
2024-07-30 13:25:00+09:00,1794.0,1801.0,1785.0,1801.0,12200,0.0,0.0
2024-07-30 13:30:00+09:00,1798.0,1802.0,1796.0,1802.0,5500,0.0,0.0
2024-07-30 13:35:00+09:00,1803.0,1812.0,1803.0,1811.0,4700,0.0,0.0
2024-07-30 13:40:00+09:00,1811.0,1816.0,1809.0,1811.0,8700,0.0,0.0
2024-07-30 13:45:00+09:00,1809.0,1811.0,1789.0,1793.0,16700,0.0,0.0
2024-07-30 13:50:00+09:00,1794.0,1795.0,1766.0,1777.0,23600,0.0,0.0
2024-07-30 13:55:00+09:00,1775.0,1778.0,1759.0,1771.0,15400,0.0,0.0
2024-07-30 14:00:00+09:00,1767.0,1770.0,1757.0,1764.0,29600,0.0,0.0
2024-07-30 14:05:00+09:00,1764.0,1774.0,1760.0,1763.0,18400,0.0,0.0
2024-07-30 14:10:00+09:00,1763.0,1783.0,1763.0,1776.0,25400,0.0,0.0
2024-07-30 14:15:00+09:00,1776.0,1785.0,1775.0,1785.0,9200,0.0,0.0
2024-07-30 14:20:00+09:00,1785.0,1790.0,1784.0,1786.0,10800,0.0,0.0
2024-07-30 14:25:00+09:00,1785.0,1788.0,1782.0,1787.0,9400,0.0,0.0
2024-07-30 14:30:00+09:00,1786.0,1787.0,1780.0,1781.0,14300,0.0,0.0
2024-07-30 14:35:00+09:00,1780.0,1785.0,1771.0,1781.0,17600,0.0,0.0
2024-07-30 14:40:00+09:00,1779.0,1783.0,1774.0,1783.0,8800,0.0,0.0
2024-07-30 14:45:00+09:00,1782.0,1782.0,1777.0,1779.0,8200,0.0,0.0
2024-07-30 14:50:00+09:00,1778.0,1780.0,1775.0,1778.0,16700,0.0,0.0
2024-07-30 14:55:00+09:00,1777.0,1788.0,1777.0,1781.0,22300,0.0,0.0
2024-07-31 09:00:00+09:00,1763.0,1763.0,1727.0,1740.0,33100,0.0,0.0
2024-07-31 09:05:00+09:00,1744.0,1755.0,1739.0,1748.0,7700,0.0,0.0
2024-07-31 09:10:00+09:00,1748.0,1766.0,1740.0,1762.0,7400,0.0,0.0
2024-07-31 09:15:00+09:00,1760.0,1775.0,1759.0,1771.0,5800,0.0,0.0
2024-07-31 09:20:00+09:00,1771.0,1779.0,1770.0,1779.0,3200,0.0,0.0
2024-07-31 09:25:00+09:00,1780.0,1796.0,1780.0,1790.0,7100,0.0,0.0
2024-07-31 09:30:00+09:00,1787.0,1799.0,1784.0,1799.0,6200,0.0,0.0
2024-07-31 09:35:00+09:00,1800.0,1805.0,1796.0,1798.0,9900,0.0,0.0
2024-07-31 09:40:00+09:00,1798.0,1800.0,1797.0,1797.0,0,0.0,0.0
2024-07-31 09:45:00+09:00,1797.0,1804.0,1797.0,1797.0,84400,0.0,0.0
2024-07-31 09:50:00+09:00,1798.0,1798.0,1792.0,1794.0,1500,0.0,0.0
2024-07-31 09:55:00+09:00,1792.0,1792.0,1787.0,1791.0,4000,0.0,0.0
2024-07-31 10:00:00+09:00,1792.0,1792.0,1787.0,1789.0,3300,0.0,0.0
2024-07-31 10:05:00+09:00,1791.0,1793.0,1784.0,1784.0,3900,0.0,0.0
2024-07-31 10:10:00+09:00,1784.0,1784.0,1766.0,1781.0,4500,0.0,0.0
2024-07-31 10:15:00+09:00,1781.0,1784.0,1781.0,1784.0,500,0.0,0.0
2024-07-31 10:20:00+09:00,1784.0,1786.0,1783.0,1785.0,2700,0.0,0.0
2024-07-31 10:25:00+09:00,1782.0,1783.0,1780.0,1780.0,900,0.0,0.0
2024-07-31 10:30:00+09:00,1782.0,1785.0,1782.0,1785.0,700,0.0,0.0
2024-07-31 10:35:00+09:00,1783.0,1785.0,1781.0,1785.0,1100,0.0,0.0
2024-07-31 10:40:00+09:00,1782.0,1790.0,1782.0,1789.0,2100,0.0,0.0
2024-07-31 10:45:00+09:00,1788.0,1788.0,1788.0,1788.0,200,0.0,0.0
2024-07-31 10:50:00+09:00,1789.0,1790.0,1786.0,1786.0,700,0.0,0.0
2024-07-31 10:55:00+09:00,1785.0,1787.0,1785.0,1787.0,500,0.0,0.0
2024-07-31 11:00:00+09:00,1782.0,1783.0,1778.0,1783.0,2600,0.0,0.0
2024-07-31 11:05:00+09:00,1782.0,1783.0,1782.0,1783.0,600,0.0,0.0
2024-07-31 11:10:00+09:00,1782.0,1783.0,1782.0,1783.0,900,0.0,0.0
2024-07-31 11:15:00+09:00,1784.0,1784.0,1784.0,1784.0,100,0.0,0.0
2024-07-31 11:20:00+09:00,1782.0,1787.0,1781.0,1787.0,2100,0.0,0.0
2024-07-31 11:25:00+09:00,1789.0,1789.0,1783.0,1788.0,2600,0.0,0.0
2024-07-31 11:30:00+09:00,1784.0,1784.0,1784.0,1784.0,5400,0.0,0.0
2024-07-31 11:35:00+09:00,1784.0,1784.0,1784.0,1784.0,0,0.0,0.0
2024-07-31 12:30:00+09:00,1786.0,1795.0,1779.0,1792.0,137100,0.0,0.0
2024-07-31 12:35:00+09:00,1794.0,1798.0,1794.0,1798.0,1600,0.0,0.0
2024-07-31 12:40:00+09:00,1795.0,1799.0,1795.0,1796.0,1200,0.0,0.0
2024-07-31 12:45:00+09:00,1798.0,1814.0,1797.0,1800.0,8500,0.0,0.0
2024-07-31 12:50:00+09:00,1800.0,1800.0,1793.0,1797.0,5300,0.0,0.0
2024-07-31 12:55:00+09:00,1794.0,1796.0,1779.0,1788.0,9000,0.0,0.0
2024-07-31 13:00:00+09:00,1783.0,1783.0,1622.0,1636.0,75200,0.0,0.0
2024-07-31 13:05:00+09:00,1645.0,1646.0,1604.0,1604.0,69800,0.0,0.0
2024-07-31 13:10:00+09:00,1605.0,1645.0,1592.0,1644.0,77800,0.0,0.0
2024-07-31 13:15:00+09:00,1644.0,1698.0,1644.0,1680.0,10900,0.0,0.0
2024-07-31 13:20:00+09:00,1687.0,1720.0,1681.0,1688.0,21900,0.0,0.0
2024-07-31 13:25:00+09:00,1692.0,1698.0,1684.0,1691.0,9100,0.0,0.0
2024-07-31 13:30:00+09:00,1690.0,1690.0,1674.0,1677.0,19400,0.0,0.0
2024-07-31 13:35:00+09:00,1678.0,1682.0,1669.0,1670.0,8400,0.0,0.0
2024-07-31 13:40:00+09:00,1670.0,1702.0,1670.0,1696.0,16500,0.0,0.0
2024-07-31 13:45:00+09:00,1702.0,1709.0,1692.0,1696.0,7200,0.0,0.0
2024-07-31 13:50:00+09:00,1695.0,1706.0,1693.0,1701.0,9600,0.0,0.0
2024-07-31 13:55:00+09:00,1700.0,1703.0,1693.0,1701.0,6400,0.0,0.0
2024-07-31 14:00:00+09:00,1704.0,1717.0,1700.0,1717.0,9100,0.0,0.0
2024-07-31 14:05:00+09:00,1719.0,1752.0,1718.0,1722.0,10300,0.0,0.0
2024-07-31 14:10:00+09:00,1718.0,1720.0,1714.0,1714.0,2100,0.0,0.0
2024-07-31 14:15:00+09:00,1714.0,1720.0,1711.0,1712.0,4700,0.0,0.0
2024-07-31 14:20:00+09:00,1715.0,1717.0,1710.0,1715.0,5600,0.0,0.0
2024-07-31 14:25:00+09:00,1713.0,1716.0,1712.0,1712.0,3800,0.0,0.0
2024-07-31 14:30:00+09:00,1712.0,1716.0,1703.0,1708.0,10000,0.0,0.0
2024-07-31 14:35:00+09:00,1712.0,1712.0,1703.0,1703.0,5200,0.0,0.0
2024-07-31 14:40:00+09:00,1702.0,1709.0,1702.0,1709.0,2100,0.0,0.0
2024-07-31 14:45:00+09:00,1708.0,1714.0,1707.0,1714.0,5600,0.0,0.0
2024-07-31 14:50:00+09:00,1713.0,1719.0,1713.0,1719.0,5100,0.0,0.0
2024-07-31 14:55:00+09:00,1719.0,1724.0,1714.0,1723.0,15600,0.0,0.0
2024-08-01 09:00:00+09:00,1706.0,1714.0,1674.0,1681.0,25100,0.0,0.0
2024-08-01 09:05:00+09:00,1679.0,1679.0,1654.0,1654.0,8600,0.0,0.0
2024-08-01 09:10:00+09:00,1651.0,1651.0,1634.0,1645.0,15400,0.0,0.0
2024-08-01 09:15:00+09:00,1645.0,1647.0,1611.0,1615.0,20900,0.0,0.0
2024-08-01 09:20:00+09:00,1617.0,1633.0,1617.0,1630.0,2600,0.0,0.0
2024-08-01 09:25:00+09:00,1631.0,1633.0,1626.0,1626.0,3300,0.0,0.0
2024-08-01 09:30:00+09:00,1627.0,1639.0,1627.0,1631.0,5400,0.0,0.0
2024-08-01 09:35:00+09:00,1630.0,1633.0,1624.0,1627.0,5000,0.0,0.0
2024-08-01 09:40:00+09:00,1630.0,1641.0,1630.0,1641.0,5300,0.0,0.0
2024-08-01 09:45:00+09:00,1641.0,1641.0,1632.0,1632.0,1900,0.0,0.0
2024-08-01 09:50:00+09:00,1635.0,1641.0,1631.0,1631.0,5300,0.0,0.0
2024-08-01 09:55:00+09:00,1631.0,1631.0,1616.0,1619.0,6700,0.0,0.0
2024-08-01 10:00:00+09:00,1620.0,1622.0,1605.0,1605.0,6600,0.0,0.0
2024-08-01 10:05:00+09:00,1608.0,1609.0,1605.0,1607.0,2700,0.0,0.0
2024-08-01 10:10:00+09:00,1606.0,1608.0,1604.0,1607.0,1600,0.0,0.0
2024-08-01 10:15:00+09:00,1609.0,1609.0,1605.0,1607.0,1300,0.0,0.0
2024-08-01 10:20:00+09:00,1607.0,1615.0,1607.0,1611.0,3700,0.0,0.0
2024-08-01 10:25:00+09:00,1610.0,1620.0,1610.0,1620.0,2300,0.0,0.0
2024-08-01 10:30:00+09:00,1619.0,1632.0,1619.0,1630.0,5100,0.0,0.0
2024-08-01 10:35:00+09:00,1632.0,1633.0,1628.0,1630.0,2600,0.0,0.0
2024-08-01 10:40:00+09:00,1632.0,1632.0,1628.0,1628.0,200,0.0,0.0
2024-08-01 10:45:00+09:00,1628.0,1628.0,1620.0,1621.0,3300,0.0,0.0
2024-08-01 10:50:00+09:00,1625.0,1625.0,1620.0,1622.0,1000,0.0,0.0
2024-08-01 10:55:00+09:00,1620.0,1620.0,1615.0,1615.0,5000,0.0,0.0
2024-08-01 11:00:00+09:00,1613.0,1614.0,1610.0,1614.0,2400,0.0,0.0
2024-08-01 11:05:00+09:00,1615.0,1618.0,1615.0,1615.0,700,0.0,0.0
2024-08-01 11:10:00+09:00,1615.0,1615.0,1612.0,1613.0,800,0.0,0.0
2024-08-01 11:15:00+09:00,1611.0,1623.0,1611.0,1623.0,4300,0.0,0.0
2024-08-01 11:20:00+09:00,1624.0,1625.0,1622.0,1623.0,1000,0.0,0.0
2024-08-01 11:25:00+09:00,1625.0,1626.0,1619.0,1619.0,3600,0.0,0.0
2024-08-01 11:30:00+09:00,1619.0,1619.0,1619.0,1619.0,400,0.0,0.0
2024-08-01 11:35:00+09:00,1619.0,1619.0,1619.0,1619.0,0,0.0,0.0
2024-08-01 12:30:00+09:00,1619.0,1620.0,1615.0,1618.0,162500,0.0,0.0
2024-08-01 12:35:00+09:00,1618.0,1626.0,1616.0,1620.0,3700,0.0,0.0
2024-08-01 12:40:00+09:00,1619.0,1621.0,1618.0,1620.0,2600,0.0,0.0
2024-08-01 12:45:00+09:00,1620.0,1621.0,1618.0,1618.0,1800,0.0,0.0
2024-08-01 12:50:00+09:00,1618.0,1620.0,1617.0,1620.0,900,0.0,0.0
2024-08-01 12:55:00+09:00,1620.0,1620.0,1616.0,1619.0,2100,0.0,0.0
2024-08-01 13:00:00+09:00,1619.0,1619.0,1616.0,1616.0,800,0.0,0.0
2024-08-01 13:05:00+09:00,1618.0,1618.0,1616.0,1618.0,1300,0.0,0.0
2024-08-01 13:10:00+09:00,1618.0,1618.0,1616.0,1616.0,2300,0.0,0.0
2024-08-01 13:15:00+09:00,1616.0,1618.0,1615.0,1617.0,2000,0.0,0.0
2024-08-01 13:20:00+09:00,1616.0,1617.0,1614.0,1614.0,6800,0.0,0.0
2024-08-01 13:25:00+09:00,1614.0,1615.0,1612.0,1612.0,3700,0.0,0.0
2024-08-01 13:30:00+09:00,1612.0,1612.0,1611.0,1612.0,2000,0.0,0.0
2024-08-01 13:35:00+09:00,1612.0,1616.0,1611.0,1615.0,4800,0.0,0.0
2024-08-01 13:40:00+09:00,1614.0,1614.0,1611.0,1611.0,2800,0.0,0.0
2024-08-01 13:45:00+09:00,1612.0,1614.0,1612.0,1613.0,1300,0.0,0.0
2024-08-01 13:50:00+09:00,1614.0,1615.0,1613.0,1613.0,400,0.0,0.0
2024-08-01 13:55:00+09:00,1615.0,1615.0,1615.0,1615.0,300,0.0,0.0
2024-08-01 14:00:00+09:00,1615.0,1616.0,1614.0,1616.0,3500,0.0,0.0
2024-08-01 14:05:00+09:00,1617.0,1620.0,1617.0,1618.0,2200,0.0,0.0
2024-08-01 14:10:00+09:00,1620.0,1620.0,1618.0,1620.0,1300,0.0,0.0
2024-08-01 14:15:00+09:00,1620.0,1621.0,1618.0,1619.0,2800,0.0,0.0
2024-08-01 14:20:00+09:00,1620.0,1621.0,1619.0,1619.0,900,0.0,0.0
2024-08-01 14:25:00+09:00,1619.0,1621.0,1618.0,1618.0,5800,0.0,0.0
2024-08-01 14:30:00+09:00,1618.0,1626.0,1615.0,1626.0,14000,0.0,0.0
2024-08-01 14:35:00+09:00,1626.0,1629.0,1623.0,1629.0,7100,0.0,0.0
2024-08-01 14:40:00+09:00,1629.0,1629.0,1627.0,1627.0,1900,0.0,0.0
2024-08-01 14:45:00+09:00,1627.0,1629.0,1626.0,1628.0,2100,0.0,0.0
2024-08-01 14:50:00+09:00,1629.0,1630.0,1628.0,1629.0,6100,0.0,0.0
2024-08-01 14:55:00+09:00,1628.0,1629.0,1623.0,1624.0,7800,0.0,0.0
2024-08-02 09:00:00+09:00,1555.0,1556.0,1540.0,1543.0,31900,0.0,0.0
2024-08-02 09:05:00+09:00,1543.0,1543.0,1502.0,1510.0,17000,0.0,0.0
2024-08-02 09:10:00+09:00,1511.0,1523.0,1505.0,1505.0,7300,0.0,0.0
2024-08-02 09:15:00+09:00,1503.0,1508.0,1494.0,1500.0,13700,0.0,0.0
2024-08-02 09:20:00+09:00,1503.0,1510.0,1485.0,1498.0,19600,0.0,0.0
2024-08-02 09:25:00+09:00,1496.0,1497.0,1490.0,1490.0,3800,0.0,0.0
2024-08-02 09:30:00+09:00,1490.0,1494.0,1484.0,1490.0,7600,0.0,0.0
2024-08-02 09:35:00+09:00,1491.0,1499.0,1491.0,1495.0,3600,0.0,0.0
2024-08-02 09:40:00+09:00,1492.0,1494.0,1485.0,1485.0,3600,0.0,0.0
2024-08-02 09:45:00+09:00,1485.0,1492.0,1480.0,1487.0,9400,0.0,0.0
2024-08-02 09:50:00+09:00,1489.0,1501.0,1483.0,1496.0,5900,0.0,0.0
2024-08-02 09:55:00+09:00,1495.0,1500.0,1492.0,1500.0,5300,0.0,0.0
2024-08-02 10:00:00+09:00,1501.0,1504.0,1496.0,1496.0,4900,0.0,0.0
2024-08-02 10:05:00+09:00,1496.0,1502.0,1494.0,1501.0,4100,0.0,0.0
2024-08-02 10:10:00+09:00,1505.0,1507.0,1503.0,1503.0,1600,0.0,0.0
2024-08-02 10:15:00+09:00,1504.0,1505.0,1497.0,1497.0,1600,0.0,0.0
2024-08-02 10:20:00+09:00,1500.0,1500.0,1486.0,1493.0,9600,0.0,0.0
2024-08-02 10:25:00+09:00,1490.0,1491.0,1488.0,1490.0,2600,0.0,0.0
2024-08-02 10:30:00+09:00,1490.0,1494.0,1488.0,1488.0,3600,0.0,0.0
2024-08-02 10:35:00+09:00,1494.0,1503.0,1494.0,1503.0,3400,0.0,0.0
2024-08-02 10:40:00+09:00,1503.0,1507.0,1501.0,1506.0,1800,0.0,0.0
2024-08-02 10:45:00+09:00,1508.0,1510.0,1506.0,1506.0,1900,0.0,0.0
2024-08-02 10:50:00+09:00,1509.0,1511.0,1507.0,1509.0,1000,0.0,0.0
2024-08-02 10:55:00+09:00,1511.0,1512.0,1507.0,1507.0,2100,0.0,0.0
2024-08-02 11:00:00+09:00,1509.0,1510.0,1503.0,1505.0,2300,0.0,0.0
2024-08-02 11:05:00+09:00,1503.0,1505.0,1499.0,1505.0,3600,0.0,0.0
2024-08-02 11:10:00+09:00,1504.0,1504.0,1497.0,1497.0,3900,0.0,0.0
2024-08-02 11:15:00+09:00,1500.0,1501.0,1499.0,1499.0,1000,0.0,0.0
2024-08-02 11:20:00+09:00,1499.0,1499.0,1492.0,1493.0,4000,0.0,0.0
2024-08-02 11:25:00+09:00,1492.0,1499.0,1490.0,1498.0,4700,0.0,0.0
2024-08-02 11:30:00+09:00,1498.0,1498.0,1498.0,1498.0,300,0.0,0.0
2024-08-02 11:35:00+09:00,1498.0,1498.0,1498.0,1498.0,0,0.0,0.0
2024-08-02 12:30:00+09:00,1498.0,1500.0,1495.0,1499.0,190300,0.0,0.0
2024-08-02 12:35:00+09:00,1496.0,1496.0,1494.0,1496.0,4500,0.0,0.0
2024-08-02 12:40:00+09:00,1495.0,1496.0,1493.0,1495.0,1500,0.0,0.0
2024-08-02 12:45:00+09:00,1497.0,1504.0,1497.0,1504.0,3700,0.0,0.0
2024-08-02 12:50:00+09:00,1505.0,1509.0,1505.0,1505.0,5000,0.0,0.0
2024-08-02 12:55:00+09:00,1506.0,1506.0,1504.0,1504.0,1800,0.0,0.0
2024-08-02 13:00:00+09:00,1505.0,1505.0,1501.0,1501.0,4100,0.0,0.0
2024-08-02 13:05:00+09:00,1502.0,1504.0,1493.0,1493.0,6500,0.0,0.0
2024-08-02 13:10:00+09:00,1492.0,1495.0,1488.0,1488.0,9600,0.0,0.0
2024-08-02 13:15:00+09:00,1489.0,1489.0,1486.0,1486.0,1900,0.0,0.0
2024-08-02 13:20:00+09:00,1486.0,1488.0,1483.0,1483.0,4400,0.0,0.0
2024-08-02 13:25:00+09:00,1484.0,1485.0,1482.0,1483.0,2800,0.0,0.0
2024-08-02 13:30:00+09:00,1483.0,1484.0,1482.0,1483.0,6700,0.0,0.0
2024-08-02 13:35:00+09:00,1481.0,1481.0,1477.0,1477.0,9400,0.0,0.0
2024-08-02 13:40:00+09:00,1478.0,1478.0,1470.0,1477.0,10500,0.0,0.0
2024-08-02 13:45:00+09:00,1477.0,1477.0,1472.0,1472.0,3300,0.0,0.0
2024-08-02 13:50:00+09:00,1471.0,1475.0,1469.0,1469.0,6400,0.0,0.0
2024-08-02 13:55:00+09:00,1470.0,1470.0,1466.0,1468.0,3300,0.0,0.0
2024-08-02 14:00:00+09:00,1470.0,1470.0,1461.0,1463.0,8600,0.0,0.0
2024-08-02 14:05:00+09:00,1464.0,1467.0,1463.0,1466.0,2400,0.0,0.0
2024-08-02 14:10:00+09:00,1466.0,1466.0,1463.0,1463.0,2500,0.0,0.0
2024-08-02 14:15:00+09:00,1463.0,1463.0,1462.0,1463.0,1600,0.0,0.0
2024-08-02 14:20:00+09:00,1462.0,1465.0,1461.0,1461.0,4900,0.0,0.0
2024-08-02 14:25:00+09:00,1461.0,1464.0,1461.0,1461.0,4900,0.0,0.0
2024-08-02 14:30:00+09:00,1462.0,1462.0,1458.0,1460.0,12000,0.0,0.0
2024-08-02 14:35:00+09:00,1460.0,1461.0,1458.0,1458.0,3200,0.0,0.0
2024-08-02 14:40:00+09:00,1458.0,1460.0,1458.0,1458.0,4400,0.0,0.0
2024-08-02 14:45:00+09:00,1458.0,1459.0,1458.0,1459.0,2400,0.0,0.0
2024-08-02 14:50:00+09:00,1459.0,1463.0,1457.0,1461.0,8000,0.0,0.0
2024-08-02 14:55:00+09:00,1461.0,1465.0,1457.0,1458.0,20100,0.0,0.0
2024-08-05 09:00:00+09:00,1414.0,1414.0,1407.0,1408.0,28900,0.0,0.0
2024-08-05 09:05:00+09:00,1407.0,1419.0,1404.0,1418.0,9400,0.0,0.0
2024-08-05 09:10:00+09:00,1420.0,1421.0,1405.0,1405.0,5600,0.0,0.0
2024-08-05 09:15:00+09:00,1404.0,1404.0,1390.0,1390.0,18000,0.0,0.0
2024-08-05 09:20:00+09:00,1390.0,1391.0,1389.0,1389.0,1900,0.0,0.0
2024-08-05 09:25:00+09:00,1390.0,1400.0,1386.0,1397.0,9600,0.0,0.0
2024-08-05 09:30:00+09:00,1396.0,1410.0,1393.0,1403.0,8200,0.0,0.0
2024-08-05 09:35:00+09:00,1404.0,1404.0,1380.0,1380.0,8200,0.0,0.0
2024-08-05 09:40:00+09:00,1380.0,1385.0,1380.0,1385.0,7200,0.0,0.0
2024-08-05 09:45:00+09:00,1386.0,1392.0,1386.0,1391.0,2100,0.0,0.0
2024-08-05 09:50:00+09:00,1392.0,1396.0,1388.0,1392.0,8500,0.0,0.0
2024-08-05 09:55:00+09:00,1395.0,1395.0,1391.0,1392.0,5700,0.0,0.0
2024-08-05 10:00:00+09:00,1391.0,1401.0,1391.0,1395.0,1900,0.0,0.0
2024-08-05 10:05:00+09:00,1395.0,1395.0,1389.0,1389.0,2200,0.0,0.0
2024-08-05 10:10:00+09:00,1390.0,1391.0,1390.0,1391.0,500,0.0,0.0
2024-08-05 10:15:00+09:00,1391.0,1395.0,1391.0,1395.0,900,0.0,0.0
2024-08-05 10:20:00+09:00,1397.0,1397.0,1393.0,1393.0,600,0.0,0.0
2024-08-05 10:25:00+09:00,1391.0,1391.0,1382.0,1384.0,7700,0.0,0.0
2024-08-05 10:30:00+09:00,1384.0,1389.0,1384.0,1389.0,1600,0.0,0.0
2024-08-05 10:35:00+09:00,1388.0,1392.0,1387.0,1391.0,1600,0.0,0.0
2024-08-05 10:40:00+09:00,1393.0,1398.0,1393.0,1394.0,900,0.0,0.0
2024-08-05 10:45:00+09:00,1393.0,1394.0,1390.0,1390.0,0,0.0,0.0
2024-08-05 10:50:00+09:00,1390.0,1391.0,1388.0,1391.0,133500,0.0,0.0
2024-08-05 10:55:00+09:00,1391.0,1393.0,1391.0,1391.0,500,0.0,0.0
2024-08-05 11:00:00+09:00,1393.0,1394.0,1391.0,1393.0,800,0.0,0.0
2024-08-05 11:05:00+09:00,1393.0,1393.0,1390.0,1390.0,900,0.0,0.0
2024-08-05 11:10:00+09:00,1395.0,1397.0,1392.0,1392.0,1100,0.0,0.0
2024-08-05 11:15:00+09:00,1390.0,1390.0,1388.0,1389.0,1300,0.0,0.0
2024-08-05 11:20:00+09:00,1389.0,1395.0,1389.0,1395.0,2100,0.0,0.0
2024-08-05 11:25:00+09:00,1396.0,1402.0,1396.0,1402.0,1700,0.0,0.0
2024-08-05 11:30:00+09:00,1401.0,1401.0,1401.0,1401.0,300,0.0,0.0
2024-08-05 11:35:00+09:00,1401.0,1401.0,1401.0,1401.0,0,0.0,0.0
2024-08-05 12:30:00+09:00,1402.0,1403.0,1398.0,1398.0,148600,0.0,0.0
2024-08-05 12:35:00+09:00,1398.0,1398.0,1393.0,1395.0,0,0.0,0.0
2024-08-05 12:40:00+09:00,1394.0,1394.0,1386.0,1389.0,153900,0.0,0.0
2024-08-05 12:45:00+09:00,1389.0,1389.0,1385.0,1385.0,2900,0.0,0.0
2024-08-05 12:50:00+09:00,1384.0,1386.0,1383.0,1386.0,1200,0.0,0.0
2024-08-05 12:55:00+09:00,1386.0,1386.0,1384.0,1384.0,1400,0.0,0.0
2024-08-05 13:00:00+09:00,1385.0,1390.0,1380.0,1380.0,19200,0.0,0.0
2024-08-05 13:05:00+09:00,1381.0,1384.0,1377.0,1377.0,2800,0.0,0.0
2024-08-05 13:10:00+09:00,1376.0,1376.0,1358.0,1366.0,37000,0.0,0.0
2024-08-05 13:15:00+09:00,1368.0,1372.0,1368.0,1372.0,2500,0.0,0.0
2024-08-05 13:20:00+09:00,1368.0,1368.0,1358.0,1358.0,5500,0.0,0.0
2024-08-05 13:25:00+09:00,1359.0,1361.0,1358.0,1360.0,600,0.0,0.0
2024-08-05 13:30:00+09:00,1359.0,1359.0,1350.0,1354.0,6800,0.0,0.0
2024-08-05 13:35:00+09:00,1350.0,1353.0,1349.0,1349.0,5200,0.0,0.0
2024-08-05 13:40:00+09:00,1349.0,1350.0,1341.0,1341.0,12900,0.0,0.0
2024-08-05 13:45:00+09:00,1343.0,1343.0,1330.0,1331.0,6800,0.0,0.0
2024-08-05 13:50:00+09:00,1331.0,1336.0,1329.0,1329.0,10900,0.0,0.0
2024-08-05 13:55:00+09:00,1329.0,1329.0,1322.0,1323.0,5800,0.0,0.0
2024-08-05 14:00:00+09:00,1323.0,1323.0,1312.0,1316.0,5000,0.0,0.0
2024-08-05 14:05:00+09:00,1316.0,1322.0,1316.0,1317.0,4100,0.0,0.0
2024-08-05 14:10:00+09:00,1317.0,1324.0,1304.0,1306.0,15600,0.0,0.0
2024-08-05 14:15:00+09:00,1312.0,1312.0,1306.0,1306.0,6200,0.0,0.0
2024-08-05 14:20:00+09:00,1305.0,1305.0,1300.0,1301.0,6800,0.0,0.0
2024-08-05 14:25:00+09:00,1301.0,1305.0,1300.0,1304.0,15100,0.0,0.0
2024-08-05 14:30:00+09:00,1306.0,1307.0,1290.0,1291.0,22200,0.0,0.0
2024-08-05 14:35:00+09:00,1290.0,1306.0,1286.0,1301.0,7400,0.0,0.0
2024-08-05 14:40:00+09:00,1301.0,1311.0,1301.0,1308.0,5400,0.0,0.0
2024-08-05 14:45:00+09:00,1306.0,1308.0,1303.0,1303.0,4200,0.0,0.0
2024-08-05 14:50:00+09:00,1305.0,1307.0,1302.0,1303.0,9400,0.0,0.0
2024-08-05 14:55:00+09:00,1303.0,1315.0,1303.0,1304.0,5500,0.0,0.0
2024-08-06 09:00:00+09:00,1349.0,1387.0,1330.0,1380.0,55100,0.0,0.0
2024-08-06 09:05:00+09:00,1381.0,1388.0,1375.0,1377.0,14500,0.0,0.0
2024-08-06 09:10:00+09:00,1379.0,1407.0,1379.0,1403.0,17600,0.0,0.0
2024-08-06 09:15:00+09:00,1403.0,1404.0,1373.0,1380.0,16100,0.0,0.0
2024-08-06 09:20:00+09:00,1378.0,1400.0,1377.0,1400.0,14300,0.0,0.0
2024-08-06 09:25:00+09:00,1398.0,1399.0,1382.0,1382.0,3800,0.0,0.0
2024-08-06 09:30:00+09:00,1380.0,1404.0,1376.0,1396.0,23200,0.0,0.0
2024-08-06 09:35:00+09:00,1391.0,1401.0,1388.0,1396.0,4200,0.0,0.0
2024-08-06 09:40:00+09:00,1395.0,1399.0,1392.0,1397.0,6500,0.0,0.0
2024-08-06 09:45:00+09:00,1397.0,1408.0,1397.0,1406.0,4700,0.0,0.0
2024-08-06 09:50:00+09:00,1407.0,1426.0,1405.0,1419.0,16000,0.0,0.0
2024-08-06 09:55:00+09:00,1419.0,1423.0,1416.0,1419.0,2800,0.0,0.0
2024-08-06 10:00:00+09:00,1419.0,1419.0,1414.0,1415.0,2300,0.0,0.0
2024-08-06 10:05:00+09:00,1414.0,1416.0,1408.0,1413.0,5600,0.0,0.0
2024-08-06 10:10:00+09:00,1413.0,1416.0,1407.0,1416.0,3800,0.0,0.0
2024-08-06 10:15:00+09:00,1416.0,1418.0,1407.0,1407.0,2200,0.0,0.0
2024-08-06 10:20:00+09:00,1405.0,1410.0,1405.0,1408.0,3300,0.0,0.0
2024-08-06 10:25:00+09:00,1406.0,1408.0,1402.0,1407.0,3500,0.0,0.0
2024-08-06 10:30:00+09:00,1407.0,1407.0,1396.0,1397.0,2900,0.0,0.0
2024-08-06 10:35:00+09:00,1398.0,1398.0,1388.0,1388.0,3900,0.0,0.0
2024-08-06 10:40:00+09:00,1385.0,1386.0,1375.0,1379.0,2600,0.0,0.0
2024-08-06 10:45:00+09:00,1374.0,1376.0,1368.0,1376.0,2000,0.0,0.0
2024-08-06 10:50:00+09:00,1379.0,1383.0,1376.0,1383.0,3000,0.0,0.0
2024-08-06 10:55:00+09:00,1384.0,1392.0,1384.0,1392.0,2400,0.0,0.0
2024-08-06 11:00:00+09:00,1392.0,1398.0,1389.0,1395.0,2200,0.0,0.0
2024-08-06 11:05:00+09:00,1395.0,1395.0,1387.0,1388.0,2100,0.0,0.0
2024-08-06 11:10:00+09:00,1388.0,1396.0,1388.0,1396.0,2400,0.0,0.0
2024-08-06 11:15:00+09:00,1396.0,1398.0,1393.0,1393.0,2400,0.0,0.0
2024-08-06 11:20:00+09:00,1393.0,1407.0,1393.0,1407.0,7800,0.0,0.0
2024-08-06 11:25:00+09:00,1405.0,1410.0,1403.0,1403.0,3000,0.0,0.0
2024-08-06 11:30:00+09:00,1401.0,1401.0,1401.0,1401.0,6400,0.0,0.0
2024-08-06 11:35:00+09:00,1401.0,1401.0,1401.0,1401.0,0,0.0,0.0
2024-08-06 12:30:00+09:00,1411.0,1414.0,1407.0,1408.0,255100,0.0,0.0
2024-08-06 12:35:00+09:00,1408.0,1412.0,1407.0,1412.0,5000,0.0,0.0
2024-08-06 12:40:00+09:00,1412.0,1415.0,1411.0,1415.0,1300,0.0,0.0
2024-08-06 12:45:00+09:00,1415.0,1420.0,1415.0,1418.0,3000,0.0,0.0
2024-08-06 12:50:00+09:00,1419.0,1420.0,1418.0,1420.0,2200,0.0,0.0
2024-08-06 12:55:00+09:00,1418.0,1419.0,1414.0,1414.0,3500,0.0,0.0
2024-08-06 13:00:00+09:00,1413.0,1413.0,1410.0,1412.0,5100,0.0,0.0
2024-08-06 13:05:00+09:00,1413.0,1413.0,1408.0,1408.0,5700,0.0,0.0
2024-08-06 13:10:00+09:00,1408.0,1410.0,1404.0,1404.0,5300,0.0,0.0
2024-08-06 13:15:00+09:00,1404.0,1409.0,1401.0,1408.0,10700,0.0,0.0
2024-08-06 13:20:00+09:00,1408.0,1408.0,1407.0,1407.0,1400,0.0,0.0
2024-08-06 13:25:00+09:00,1407.0,1407.0,1403.0,1403.0,3500,0.0,0.0
2024-08-06 13:30:00+09:00,1402.0,1402.0,1400.0,1400.0,6200,0.0,0.0
2024-08-06 13:35:00+09:00,1400.0,1405.0,1400.0,1402.0,6100,0.0,0.0
2024-08-06 13:40:00+09:00,1402.0,1402.0,1400.0,1400.0,2500,0.0,0.0
2024-08-06 13:45:00+09:00,1400.0,1400.0,1395.0,1395.0,10900,0.0,0.0
2024-08-06 13:50:00+09:00,1397.0,1397.0,1384.0,1389.0,12100,0.0,0.0
2024-08-06 13:55:00+09:00,1389.0,1389.0,1373.0,1373.0,3800,0.0,0.0
2024-08-06 14:00:00+09:00,1375.0,1377.0,1350.0,1352.0,13600,0.0,0.0
2024-08-06 14:05:00+09:00,1351.0,1366.0,1349.0,1363.0,7500,0.0,0.0
2024-08-06 14:10:00+09:00,1366.0,1368.0,1364.0,1368.0,4800,0.0,0.0
2024-08-06 14:15:00+09:00,1370.0,1371.0,1366.0,1368.0,4300,0.0,0.0
2024-08-06 14:20:00+09:00,1366.0,1374.0,1363.0,1374.0,8800,0.0,0.0
2024-08-06 14:25:00+09:00,1374.0,1377.0,1373.0,1377.0,7700,0.0,0.0
2024-08-06 14:30:00+09:00,1379.0,1382.0,1378.0,1382.0,3100,0.0,0.0
2024-08-06 14:35:00+09:00,1381.0,1381.0,1374.0,1377.0,5700,0.0,0.0
2024-08-06 14:40:00+09:00,1377.0,1381.0,1377.0,1380.0,4300,0.0,0.0
2024-08-06 14:45:00+09:00,1381.0,1382.0,1369.0,1372.0,3900,0.0,0.0
2024-08-06 14:50:00+09:00,1370.0,1374.0,1368.0,1371.0,5600,0.0,0.0
2024-08-06 14:55:00+09:00,1371.0,1373.0,1369.0,1370.0,8800,0.0,0.0
2024-08-07 09:00:00+09:00,1345.0,1345.0,1319.0,1320.0,30600,0.0,0.0
2024-08-07 09:05:00+09:00,1319.0,1328.0,1312.0,1318.0,14600,0.0,0.0
2024-08-07 09:10:00+09:00,1317.0,1322.0,1314.0,1315.0,9800,0.0,0.0
2024-08-07 09:15:00+09:00,1315.0,1327.0,1310.0,1321.0,8000,0.0,0.0
2024-08-07 09:20:00+09:00,1320.0,1337.0,1320.0,1337.0,4500,0.0,0.0
2024-08-07 09:25:00+09:00,1338.0,1349.0,1338.0,1345.0,7700,0.0,0.0
2024-08-07 09:30:00+09:00,1347.0,1347.0,1336.0,1345.0,5300,0.0,0.0
2024-08-07 09:35:00+09:00,1347.0,1353.0,1347.0,1353.0,6300,0.0,0.0
2024-08-07 09:40:00+09:00,1354.0,1359.0,1347.0,1358.0,5600,0.0,0.0
2024-08-07 09:45:00+09:00,1361.0,1374.0,1361.0,1374.0,2200,0.0,0.0
2024-08-07 09:50:00+09:00,1375.0,1375.0,1368.0,1375.0,8400,0.0,0.0
2024-08-07 09:55:00+09:00,1374.0,1374.0,1367.0,1369.0,8100,0.0,0.0
2024-08-07 10:00:00+09:00,1368.0,1370.0,1357.0,1370.0,6900,0.0,0.0
2024-08-07 10:05:00+09:00,1369.0,1371.0,1363.0,1371.0,5700,0.0,0.0
2024-08-07 10:10:00+09:00,1369.0,1386.0,1369.0,1385.0,32900,0.0,0.0
2024-08-07 10:15:00+09:00,1387.0,1392.0,1383.0,1386.0,7800,0.0,0.0
2024-08-07 10:20:00+09:00,1388.0,1392.0,1385.0,1390.0,6200,0.0,0.0
2024-08-07 10:25:00+09:00,1389.0,1391.0,1387.0,1388.0,4300,0.0,0.0
2024-08-07 10:30:00+09:00,1389.0,1396.0,1384.0,1396.0,7900,0.0,0.0
2024-08-07 10:35:00+09:00,1396.0,1407.0,1395.0,1404.0,8800,0.0,0.0
2024-08-07 10:40:00+09:00,1404.0,1410.0,1400.0,1410.0,3600,0.0,0.0
2024-08-07 10:45:00+09:00,1411.0,1419.0,1408.0,1415.0,8700,0.0,0.0
2024-08-07 10:50:00+09:00,1417.0,1427.0,1415.0,1422.0,5700,0.0,0.0
2024-08-07 10:55:00+09:00,1417.0,1418.0,1413.0,1415.0,3400,0.0,0.0
2024-08-07 11:00:00+09:00,1417.0,1417.0,1406.0,1409.0,2900,0.0,0.0
2024-08-07 11:05:00+09:00,1414.0,1416.0,1411.0,1416.0,1700,0.0,0.0
2024-08-07 11:10:00+09:00,1415.0,1415.0,1405.0,1406.0,3800,0.0,0.0
2024-08-07 11:15:00+09:00,1408.0,1410.0,1403.0,1403.0,3300,0.0,0.0
2024-08-07 11:20:00+09:00,1404.0,1411.0,1404.0,1410.0,2900,0.0,0.0
2024-08-07 11:25:00+09:00,1410.0,1411.0,1406.0,1409.0,3100,0.0,0.0
2024-08-07 11:30:00+09:00,1408.0,1408.0,1408.0,1408.0,400,0.0,0.0
2024-08-07 11:35:00+09:00,1408.0,1408.0,1408.0,1408.0,0,0.0,0.0
2024-08-07 12:30:00+09:00,1400.0,1403.0,1394.0,1401.0,240700,0.0,0.0
2024-08-07 12:35:00+09:00,1404.0,1404.0,1401.0,1404.0,2600,0.0,0.0
2024-08-07 12:40:00+09:00,1404.0,1407.0,1403.0,1407.0,4200,0.0,0.0
2024-08-07 12:45:00+09:00,1406.0,1407.0,1402.0,1404.0,4600,0.0,0.0
2024-08-07 12:50:00+09:00,1404.0,1406.0,1402.0,1405.0,4500,0.0,0.0
2024-08-07 12:55:00+09:00,1404.0,1404.0,1397.0,1399.0,4800,0.0,0.0
2024-08-07 13:00:00+09:00,1400.0,1406.0,1400.0,1406.0,3700,0.0,0.0
2024-08-07 13:05:00+09:00,1407.0,1408.0,1405.0,1405.0,5500,0.0,0.0
2024-08-07 13:10:00+09:00,1405.0,1407.0,1403.0,1407.0,6700,0.0,0.0
2024-08-07 13:15:00+09:00,1406.0,1407.0,1402.0,1404.0,4500,0.0,0.0
2024-08-07 13:20:00+09:00,1405.0,1407.0,1405.0,1406.0,2600,0.0,0.0
2024-08-07 13:25:00+09:00,1408.0,1413.0,1408.0,1413.0,3700,0.0,0.0
2024-08-07 13:30:00+09:00,1413.0,1414.0,1410.0,1414.0,5400,0.0,0.0
2024-08-07 13:35:00+09:00,1413.0,1414.0,1413.0,1414.0,1000,0.0,0.0
2024-08-07 13:40:00+09:00,1415.0,1416.0,1414.0,1414.0,2700,0.0,0.0
2024-08-07 13:45:00+09:00,1415.0,1415.0,1412.0,1414.0,2900,0.0,0.0
2024-08-07 13:50:00+09:00,1414.0,1415.0,1414.0,1415.0,2000,0.0,0.0
2024-08-07 13:55:00+09:00,1415.0,1415.0,1413.0,1415.0,4400,0.0,0.0
2024-08-07 14:00:00+09:00,1415.0,1416.0,1415.0,1416.0,4800,0.0,0.0
2024-08-07 14:05:00+09:00,1417.0,1423.0,1417.0,1422.0,2300,0.0,0.0
2024-08-07 14:10:00+09:00,1424.0,1426.0,1424.0,1425.0,3600,0.0,0.0
2024-08-07 14:15:00+09:00,1426.0,1427.0,1424.0,1425.0,4400,0.0,0.0
2024-08-07 14:20:00+09:00,1426.0,1426.0,1423.0,1425.0,3100,0.0,0.0
2024-08-07 14:25:00+09:00,1425.0,1426.0,1424.0,1426.0,2000,0.0,0.0
2024-08-07 14:30:00+09:00,1424.0,1424.0,1416.0,1423.0,5700,0.0,0.0
2024-08-07 14:35:00+09:00,1423.0,1423.0,1415.0,1415.0,4600,0.0,0.0
2024-08-07 14:40:00+09:00,1415.0,1416.0,1409.0,1409.0,4200,0.0,0.0
2024-08-07 14:45:00+09:00,1410.0,1411.0,1406.0,1406.0,5500,0.0,0.0
2024-08-07 14:50:00+09:00,1403.0,1404.0,1399.0,1403.0,11000,0.0,0.0
2024-08-07 14:55:00+09:00,1404.0,1405.0,1400.0,1403.0,8200,0.0,0.0
2024-08-08 09:00:00+09:00,1375.0,1415.0,1369.0,1415.0,30700,0.0,0.0
2024-08-08 09:05:00+09:00,1413.0,1428.0,1405.0,1428.0,5000,0.0,0.0
2024-08-08 09:10:00+09:00,1430.0,1431.0,1421.0,1431.0,6800,0.0,0.0
2024-08-08 09:15:00+09:00,1433.0,1435.0,1430.0,1430.0,5000,0.0,0.0
2024-08-08 09:20:00+09:00,1430.0,1430.0,1418.0,1418.0,9400,0.0,0.0
2024-08-08 09:25:00+09:00,1421.0,1430.0,1421.0,1425.0,9300,0.0,0.0
2024-08-08 09:30:00+09:00,1423.0,1431.0,1419.0,1421.0,6400,0.0,0.0
2024-08-08 09:35:00+09:00,1420.0,1421.0,1413.0,1418.0,4700,0.0,0.0
2024-08-08 09:40:00+09:00,1416.0,1422.0,1413.0,1417.0,3400,0.0,0.0
2024-08-08 09:45:00+09:00,1416.0,1416.0,1412.0,1414.0,2400,0.0,0.0
2024-08-08 09:50:00+09:00,1417.0,1426.0,1417.0,1422.0,5300,0.0,0.0
2024-08-08 09:55:00+09:00,1420.0,1420.0,1416.0,1419.0,3100,0.0,0.0
2024-08-08 10:00:00+09:00,1418.0,1419.0,1411.0,1411.0,4500,0.0,0.0
2024-08-08 10:05:00+09:00,1411.0,1417.0,1410.0,1410.0,2700,0.0,0.0
2024-08-08 10:10:00+09:00,1409.0,1413.0,1409.0,1411.0,2700,0.0,0.0
2024-08-08 10:15:00+09:00,1412.0,1413.0,1405.0,1405.0,1900,0.0,0.0
2024-08-08 10:20:00+09:00,1404.0,1404.0,1402.0,1402.0,800,0.0,0.0
2024-08-08 10:25:00+09:00,1403.0,1411.0,1403.0,1408.0,5100,0.0,0.0
2024-08-08 10:30:00+09:00,1410.0,1414.0,1407.0,1412.0,3100,0.0,0.0
2024-08-08 10:35:00+09:00,1412.0,1415.0,1412.0,1412.0,2200,0.0,0.0
2024-08-08 10:40:00+09:00,1412.0,1414.0,1410.0,1414.0,1700,0.0,0.0
2024-08-08 10:45:00+09:00,1413.0,1413.0,1404.0,1409.0,3600,0.0,0.0
2024-08-08 10:50:00+09:00,1409.0,1409.0,1405.0,1409.0,900,0.0,0.0
2024-08-08 10:55:00+09:00,1407.0,1410.0,1407.0,1410.0,1800,0.0,0.0
2024-08-08 11:00:00+09:00,1409.0,1409.0,1406.0,1406.0,2200,0.0,0.0
2024-08-08 11:05:00+09:00,1404.0,1404.0,1402.0,1403.0,2000,0.0,0.0
2024-08-08 11:10:00+09:00,1404.0,1411.0,1404.0,1411.0,2100,0.0,0.0
2024-08-08 11:15:00+09:00,1410.0,1410.0,1408.0,1410.0,3500,0.0,0.0
2024-08-08 11:20:00+09:00,1409.0,1410.0,1408.0,1410.0,1800,0.0,0.0
2024-08-08 11:25:00+09:00,1409.0,1410.0,1405.0,1405.0,8000,0.0,0.0
2024-08-08 11:30:00+09:00,1405.0,1405.0,1405.0,1405.0,700,0.0,0.0
2024-08-08 11:35:00+09:00,1405.0,1405.0,1405.0,1405.0,0,0.0,0.0
2024-08-08 12:30:00+09:00,1404.0,1417.0,1402.0,1417.0,152100,0.0,0.0
2024-08-08 12:35:00+09:00,1417.0,1420.0,1414.0,1414.0,3500,0.0,0.0
2024-08-08 12:40:00+09:00,1415.0,1415.0,1412.0,1412.0,2300,0.0,0.0
2024-08-08 12:45:00+09:00,1411.0,1414.0,1409.0,1414.0,4600,0.0,0.0
2024-08-08 12:50:00+09:00,1415.0,1416.0,1413.0,1413.0,3700,0.0,0.0
2024-08-08 12:55:00+09:00,1413.0,1413.0,1410.0,1413.0,6900,0.0,0.0
2024-08-08 13:00:00+09:00,1412.0,1412.0,1404.0,1404.0,5300,0.0,0.0
2024-08-08 13:05:00+09:00,1406.0,1406.0,1402.0,1402.0,1000,0.0,0.0
2024-08-08 13:10:00+09:00,1401.0,1404.0,1401.0,1401.0,1900,0.0,0.0
2024-08-08 13:15:00+09:00,1400.0,1405.0,1400.0,1405.0,7900,0.0,0.0
2024-08-08 13:20:00+09:00,1406.0,1408.0,1406.0,1408.0,2000,0.0,0.0
2024-08-08 13:25:00+09:00,1408.0,1409.0,1405.0,1405.0,5900,0.0,0.0
2024-08-08 13:30:00+09:00,1406.0,1407.0,1405.0,1407.0,2200,0.0,0.0
2024-08-08 13:35:00+09:00,1407.0,1407.0,1404.0,1404.0,4900,0.0,0.0
2024-08-08 13:40:00+09:00,1405.0,1406.0,1405.0,1406.0,700,0.0,0.0
2024-08-08 13:45:00+09:00,1406.0,1406.0,1402.0,1405.0,5300,0.0,0.0
2024-08-08 13:50:00+09:00,1406.0,1408.0,1406.0,1408.0,2300,0.0,0.0
2024-08-08 13:55:00+09:00,1407.0,1407.0,1406.0,1406.0,2100,0.0,0.0
2024-08-08 14:00:00+09:00,1407.0,1410.0,1407.0,1410.0,3300,0.0,0.0
2024-08-08 14:05:00+09:00,1410.0,1410.0,1407.0,1409.0,7800,0.0,0.0
2024-08-08 14:10:00+09:00,1408.0,1409.0,1406.0,1406.0,2300,0.0,0.0
2024-08-08 14:15:00+09:00,1407.0,1407.0,1405.0,1405.0,1500,0.0,0.0
2024-08-08 14:20:00+09:00,1404.0,1406.0,1403.0,1404.0,4000,0.0,0.0
2024-08-08 14:25:00+09:00,1404.0,1405.0,1401.0,1401.0,5500,0.0,0.0
2024-08-08 14:30:00+09:00,1403.0,1407.0,1403.0,1403.0,5200,0.0,0.0
2024-08-08 14:35:00+09:00,1402.0,1403.0,1400.0,1401.0,1100,0.0,0.0
2024-08-08 14:40:00+09:00,1401.0,1401.0,1393.0,1393.0,20600,0.0,0.0
2024-08-08 14:45:00+09:00,1392.0,1393.0,1390.0,1393.0,4700,0.0,0.0
2024-08-08 14:50:00+09:00,1391.0,1392.0,1387.0,1391.0,9200,0.0,0.0
2024-08-08 14:55:00+09:00,1392.0,1396.0,1391.0,1396.0,6400,0.0,0.0
2024-08-09 09:00:00+09:00,1419.0,1419.0,1399.0,1399.0,39500,0.0,0.0
2024-08-09 09:05:00+09:00,1400.0,1415.0,1391.0,1410.0,6400,0.0,0.0
2024-08-09 09:10:00+09:00,1414.0,1414.0,1398.0,1398.0,4800,0.0,0.0
2024-08-09 09:15:00+09:00,1398.0,1408.0,1395.0,1408.0,3600,0.0,0.0
2024-08-09 09:20:00+09:00,1405.0,1405.0,1398.0,1399.0,1400,0.0,0.0
2024-08-09 09:25:00+09:00,1400.0,1404.0,1399.0,1404.0,3900,0.0,0.0
2024-08-09 09:30:00+09:00,1404.0,1411.0,1402.0,1411.0,4100,0.0,0.0
2024-08-09 09:35:00+09:00,1414.0,1416.0,1403.0,1403.0,3600,0.0,0.0
2024-08-09 09:40:00+09:00,1404.0,1409.0,1401.0,1409.0,4200,0.0,0.0
2024-08-09 09:45:00+09:00,1413.0,1420.0,1413.0,1420.0,1800,0.0,0.0
2024-08-09 09:50:00+09:00,1423.0,1425.0,1423.0,1423.0,2600,0.0,0.0
2024-08-09 09:55:00+09:00,1422.0,1427.0,1422.0,1422.0,3100,0.0,0.0
2024-08-09 10:00:00+09:00,1420.0,1429.0,1420.0,1429.0,2100,0.0,0.0
2024-08-09 10:05:00+09:00,1430.0,1430.0,1424.0,1424.0,1600,0.0,0.0
2024-08-09 10:10:00+09:00,1426.0,1426.0,1419.0,1419.0,2800,0.0,0.0
2024-08-09 10:15:00+09:00,1423.0,1427.0,1423.0,1425.0,1100,0.0,0.0
2024-08-09 10:20:00+09:00,1422.0,1422.0,1418.0,1418.0,1700,0.0,0.0
2024-08-09 10:25:00+09:00,1420.0,1421.0,1417.0,1417.0,1300,0.0,0.0
2024-08-09 10:30:00+09:00,1417.0,1420.0,1415.0,1420.0,1800,0.0,0.0
2024-08-09 10:35:00+09:00,1422.0,1424.0,1422.0,1424.0,600,0.0,0.0
2024-08-09 10:40:00+09:00,1426.0,1434.0,1424.0,1432.0,2700,0.0,0.0
2024-08-09 10:45:00+09:00,1431.0,1431.0,1426.0,1426.0,1200,0.0,0.0
2024-08-09 10:50:00+09:00,1426.0,1429.0,1423.0,1429.0,4100,0.0,0.0
2024-08-09 10:55:00+09:00,1431.0,1432.0,1428.0,1428.0,2300,0.0,0.0
2024-08-09 11:00:00+09:00,1425.0,1425.0,1422.0,1422.0,300,0.0,0.0
2024-08-09 11:05:00+09:00,1423.0,1423.0,1420.0,1420.0,1400,0.0,0.0
2024-08-09 11:10:00+09:00,1423.0,1423.0,1420.0,1422.0,1300,0.0,0.0
2024-08-09 11:15:00+09:00,1422.0,1423.0,1422.0,1422.0,1000,0.0,0.0
2024-08-09 11:20:00+09:00,1423.0,1423.0,1421.0,1422.0,700,0.0,0.0
2024-08-09 11:25:00+09:00,1421.0,1425.0,1420.0,1425.0,2200,0.0,0.0
2024-08-09 11:30:00+09:00,1425.0,1425.0,1425.0,1425.0,200,0.0,0.0
2024-08-09 11:35:00+09:00,1425.0,1425.0,1425.0,1425.0,0,0.0,0.0
2024-08-09 12:30:00+09:00,1430.0,1436.0,1424.0,1435.0,118600,0.0,0.0
2024-08-09 12:35:00+09:00,1437.0,1438.0,1434.0,1437.0,2000,0.0,0.0
2024-08-09 12:40:00+09:00,1435.0,1435.0,1430.0,1433.0,1700,0.0,0.0
2024-08-09 12:45:00+09:00,1430.0,1431.0,1429.0,1429.0,3100,0.0,0.0
2024-08-09 12:50:00+09:00,1428.0,1428.0,1424.0,1424.0,1400,0.0,0.0
2024-08-09 12:55:00+09:00,1422.0,1422.0,1422.0,1422.0,200,0.0,0.0
2024-08-09 13:00:00+09:00,1422.0,1425.0,1421.0,1422.0,3300,0.0,0.0
2024-08-09 13:05:00+09:00,1423.0,1425.0,1423.0,1424.0,900,0.0,0.0
2024-08-09 13:10:00+09:00,1423.0,1423.0,1422.0,1422.0,1000,0.0,0.0
2024-08-09 13:15:00+09:00,1421.0,1421.0,1419.0,1421.0,3100,0.0,0.0
2024-08-09 13:20:00+09:00,1422.0,1422.0,1418.0,1418.0,2700,0.0,0.0
2024-08-09 13:25:00+09:00,1416.0,1416.0,1413.0,1413.0,1200,0.0,0.0
2024-08-09 13:30:00+09:00,1414.0,1416.0,1413.0,1414.0,1500,0.0,0.0
2024-08-09 13:35:00+09:00,1415.0,1415.0,1410.0,1411.0,600,0.0,0.0
2024-08-09 13:40:00+09:00,1410.0,1410.0,1404.0,1404.0,900,0.0,0.0
2024-08-09 13:45:00+09:00,1405.0,1408.0,1405.0,1407.0,4000,0.0,0.0
2024-08-09 13:50:00+09:00,1406.0,1406.0,1404.0,1404.0,1300,0.0,0.0
2024-08-09 13:55:00+09:00,1403.0,1403.0,1399.0,1401.0,5500,0.0,0.0
2024-08-09 14:00:00+09:00,1403.0,1410.0,1402.0,1409.0,5100,0.0,0.0
2024-08-09 14:05:00+09:00,1410.0,1414.0,1410.0,1414.0,2800,0.0,0.0
2024-08-09 14:10:00+09:00,1416.0,1418.0,1415.0,1416.0,2300,0.0,0.0
2024-08-09 14:15:00+09:00,1415.0,1420.0,1415.0,1419.0,2600,0.0,0.0
2024-08-09 14:20:00+09:00,1420.0,1420.0,1418.0,1419.0,1700,0.0,0.0
2024-08-09 14:25:00+09:00,1422.0,1424.0,1422.0,1424.0,3700,0.0,0.0
2024-08-09 14:30:00+09:00,1425.0,1430.0,1424.0,1430.0,4000,0.0,0.0
2024-08-09 14:35:00+09:00,1428.0,1433.0,1428.0,1432.0,4300,0.0,0.0
2024-08-09 14:40:00+09:00,1432.0,1432.0,1426.0,1428.0,6800,0.0,0.0
2024-08-09 14:45:00+09:00,1428.0,1429.0,1425.0,1429.0,3100,0.0,0.0
2024-08-09 14:50:00+09:00,1431.0,1432.0,1425.0,1428.0,12600,0.0,0.0
2024-08-09 14:55:00+09:00,1429.0,1435.0,1428.0,1435.0,5200,0.0,0.0
2024-08-13 09:00:00+09:00,1450.0,1456.0,1449.0,1449.0,9300,0.0,0.0
2024-08-13 09:05:00+09:00,1455.0,1455.0,1448.0,1449.0,1100,0.0,0.0
2024-08-13 09:10:00+09:00,1451.0,1454.0,1450.0,1451.0,900,0.0,0.0
2024-08-13 09:15:00+09:00,1446.0,1446.0,1443.0,1445.0,3600,0.0,0.0
2024-08-13 09:20:00+09:00,1444.0,1444.0,1431.0,1432.0,7200,0.0,0.0
2024-08-13 09:25:00+09:00,1433.0,1440.0,1433.0,1440.0,6700,0.0,0.0
2024-08-13 09:30:00+09:00,1437.0,1442.0,1436.0,1442.0,2200,0.0,0.0
2024-08-13 09:35:00+09:00,1441.0,1441.0,1433.0,1438.0,3000,0.0,0.0
2024-08-13 09:40:00+09:00,1439.0,1444.0,1439.0,1444.0,600,0.0,0.0
2024-08-13 09:45:00+09:00,1445.0,1446.0,1444.0,1444.0,2200,0.0,0.0
2024-08-13 09:50:00+09:00,1443.0,1450.0,1443.0,1450.0,1900,0.0,0.0
2024-08-13 09:55:00+09:00,1451.0,1451.0,1449.0,1449.0,1800,0.0,0.0
2024-08-13 10:00:00+09:00,1448.0,1448.0,1446.0,1446.0,600,0.0,0.0
2024-08-13 10:05:00+09:00,1446.0,1451.0,1446.0,1450.0,4400,0.0,0.0
2024-08-13 10:10:00+09:00,1451.0,1454.0,1451.0,1454.0,900,0.0,0.0
2024-08-13 10:15:00+09:00,1455.0,1457.0,1454.0,1454.0,2400,0.0,0.0
2024-08-13 10:20:00+09:00,1456.0,1456.0,1453.0,1453.0,1000,0.0,0.0
2024-08-13 10:25:00+09:00,1455.0,1459.0,1455.0,1459.0,2800,0.0,0.0
2024-08-13 10:30:00+09:00,1458.0,1460.0,1457.0,1460.0,800,0.0,0.0
2024-08-13 10:35:00+09:00,1459.0,1461.0,1458.0,1461.0,2300,0.0,0.0
2024-08-13 10:40:00+09:00,1462.0,1465.0,1459.0,1459.0,2700,0.0,0.0
2024-08-13 10:45:00+09:00,1457.0,1458.0,1457.0,1458.0,600,0.0,0.0
2024-08-13 10:50:00+09:00,1457.0,1457.0,1453.0,1453.0,1200,0.0,0.0
2024-08-13 10:55:00+09:00,1451.0,1451.0,1450.0,1450.0,200,0.0,0.0
2024-08-13 11:00:00+09:00,1449.0,1449.0,1448.0,1449.0,700,0.0,0.0
2024-08-13 11:05:00+09:00,1449.0,1452.0,1449.0,1452.0,1500,0.0,0.0
2024-08-13 11:10:00+09:00,1453.0,1454.0,1453.0,1454.0,300,0.0,0.0
2024-08-13 11:15:00+09:00,1455.0,1455.0,1454.0,1454.0,700,0.0,0.0
2024-08-13 11:20:00+09:00,1454.0,1454.0,1453.0,1453.0,400,0.0,0.0
2024-08-13 11:25:00+09:00,1452.0,1452.0,1452.0,1452.0,200,0.0,0.0
2024-08-13 11:35:00+09:00,1452.0,1452.0,1452.0,1452.0,0,0.0,0.0
2024-08-13 12:30:00+09:00,1452.0,1461.0,1452.0,1461.0,69600,0.0,0.0
2024-08-13 12:35:00+09:00,1463.0,1467.0,1463.0,1464.0,4900,0.0,0.0
2024-08-13 12:40:00+09:00,1464.0,1466.0,1464.0,1465.0,1000,0.0,0.0
2024-08-13 12:45:00+09:00,1464.0,1468.0,1463.0,1463.0,4800,0.0,0.0
2024-08-13 12:50:00+09:00,1463.0,1464.0,1462.0,1462.0,2000,0.0,0.0
2024-08-13 12:55:00+09:00,1462.0,1462.0,1461.0,1461.0,800,0.0,0.0
2024-08-13 13:00:00+09:00,1460.0,1461.0,1460.0,1461.0,1700,0.0,0.0
2024-08-13 13:05:00+09:00,1461.0,1461.0,1460.0,1460.0,600,0.0,0.0
2024-08-13 13:10:00+09:00,1461.0,1461.0,1460.0,1460.0,800,0.0,0.0
2024-08-13 13:15:00+09:00,1460.0,1462.0,1460.0,1461.0,3200,0.0,0.0
2024-08-13 13:20:00+09:00,1461.0,1462.0,1461.0,1462.0,700,0.0,0.0
2024-08-13 13:25:00+09:00,1462.0,1467.0,1462.0,1464.0,2200,0.0,0.0
2024-08-13 13:30:00+09:00,1464.0,1464.0,1464.0,1464.0,300,0.0,0.0
2024-08-13 13:35:00+09:00,1464.0,1465.0,1464.0,1465.0,800,0.0,0.0
2024-08-13 13:40:00+09:00,1465.0,1468.0,1465.0,1466.0,1400,0.0,0.0
2024-08-13 13:45:00+09:00,1466.0,1466.0,1462.0,1462.0,1000,0.0,0.0
2024-08-13 13:50:00+09:00,1462.0,1462.0,1459.0,1459.0,1300,0.0,0.0
2024-08-13 13:55:00+09:00,1460.0,1460.0,1459.0,1459.0,300,0.0,0.0
2024-08-13 14:00:00+09:00,1459.0,1459.0,1459.0,1459.0,600,0.0,0.0
2024-08-13 14:05:00+09:00,1458.0,1458.0,1458.0,1458.0,200,0.0,0.0
2024-08-13 14:10:00+09:00,1458.0,1458.0,1455.0,1455.0,1800,0.0,0.0
2024-08-13 14:15:00+09:00,1453.0,1456.0,1453.0,1456.0,1800,0.0,0.0
2024-08-13 14:20:00+09:00,1456.0,1458.0,1456.0,1458.0,800,0.0,0.0
2024-08-13 14:25:00+09:00,1459.0,1463.0,1459.0,1463.0,2000,0.0,0.0
2024-08-13 14:30:00+09:00,1461.0,1463.0,1461.0,1463.0,2100,0.0,0.0
2024-08-13 14:35:00+09:00,1463.0,1464.0,1463.0,1464.0,1500,0.0,0.0
2024-08-13 14:40:00+09:00,1465.0,1466.0,1463.0,1463.0,5500,0.0,0.0
2024-08-13 14:45:00+09:00,1462.0,1462.0,1456.0,1458.0,2100,0.0,0.0
2024-08-13 14:50:00+09:00,1458.0,1460.0,1458.0,1460.0,3300,0.0,0.0
2024-08-13 14:55:00+09:00,1460.0,1460.0,1457.0,1460.0,3900,0.0,0.0
2024-08-14 09:00:00+09:00,1462.0,1473.0,1462.0,1464.0,5400,0.0,0.0
2024-08-14 09:05:00+09:00,1463.0,1463.0,1458.0,1458.0,1000,0.0,0.0
2024-08-14 09:10:00+09:00,1458.0,1458.0,1454.0,1454.0,2700,0.0,0.0
2024-08-14 09:15:00+09:00,1457.0,1460.0,1451.0,1460.0,3800,0.0,0.0
2024-08-14 09:20:00+09:00,1460.0,1460.0,1458.0,1460.0,600,0.0,0.0
2024-08-14 09:25:00+09:00,1460.0,1464.0,1460.0,1464.0,400,0.0,0.0
2024-08-14 09:30:00+09:00,1460.0,1460.0,1457.0,1457.0,800,0.0,0.0
2024-08-14 09:35:00+09:00,1459.0,1464.0,1459.0,1464.0,1200,0.0,0.0
2024-08-14 09:40:00+09:00,1462.0,1464.0,1462.0,1464.0,400,0.0,0.0
2024-08-14 09:45:00+09:00,1464.0,1465.0,1463.0,1465.0,800,0.0,0.0
2024-08-14 09:50:00+09:00,1466.0,1466.0,1464.0,1464.0,800,0.0,0.0
2024-08-14 09:55:00+09:00,1463.0,1471.0,1463.0,1471.0,900,0.0,0.0
2024-08-14 10:00:00+09:00,1470.0,1470.0,1468.0,1468.0,700,0.0,0.0
2024-08-14 10:05:00+09:00,1468.0,1471.0,1467.0,1471.0,600,0.0,0.0
2024-08-14 10:10:00+09:00,1471.0,1475.0,1469.0,1475.0,2600,0.0,0.0
2024-08-14 10:15:00+09:00,1477.0,1477.0,1475.0,1477.0,2400,0.0,0.0
2024-08-14 10:20:00+09:00,1478.0,1487.0,1478.0,1480.0,6800,0.0,0.0
2024-08-14 10:25:00+09:00,1475.0,1476.0,1475.0,1476.0,400,0.0,0.0
2024-08-14 10:30:00+09:00,1474.0,1476.0,1474.0,1476.0,1400,0.0,0.0
2024-08-14 10:35:00+09:00,1477.0,1480.0,1477.0,1480.0,1600,0.0,0.0
2024-08-14 10:40:00+09:00,1480.0,1482.0,1480.0,1481.0,400,0.0,0.0
2024-08-14 10:45:00+09:00,1479.0,1482.0,1479.0,1481.0,1600,0.0,0.0
2024-08-14 10:50:00+09:00,1480.0,1480.0,1479.0,1479.0,900,0.0,0.0
2024-08-14 10:55:00+09:00,1480.0,1486.0,1480.0,1486.0,1200,0.0,0.0
2024-08-14 11:00:00+09:00,1484.0,1484.0,1483.0,1484.0,1400,0.0,0.0
2024-08-14 11:05:00+09:00,1485.0,1485.0,1476.0,1477.0,2700,0.0,0.0
2024-08-14 11:10:00+09:00,1478.0,1478.0,1468.0,1470.0,1800,0.0,0.0
2024-08-14 11:15:00+09:00,1472.0,1473.0,1472.0,1472.0,600,0.0,0.0
2024-08-14 11:20:00+09:00,1474.0,1474.0,1474.0,1474.0,200,0.0,0.0
2024-08-14 11:25:00+09:00,1471.0,1471.0,1468.0,1468.0,1200,0.0,0.0
2024-08-14 11:30:00+09:00,1468.0,1468.0,1468.0,1468.0,100,0.0,0.0
2024-08-14 11:35:00+09:00,1468.0,1468.0,1468.0,1468.0,0,0.0,0.0
2024-08-14 12:30:00+09:00,1462.0,1473.0,1462.0,1472.0,52500,0.0,0.0
2024-08-14 12:35:00+09:00,1470.0,1472.0,1469.0,1471.0,1800,0.0,0.0
2024-08-14 12:40:00+09:00,1472.0,1472.0,1471.0,1471.0,700,0.0,0.0
2024-08-14 12:45:00+09:00,1470.0,1471.0,1470.0,1471.0,400,0.0,0.0
2024-08-14 12:50:00+09:00,1471.0,1471.0,1468.0,1468.0,700,0.0,0.0
2024-08-14 12:55:00+09:00,1468.0,1468.0,1464.0,1464.0,1100,0.0,0.0
2024-08-14 13:00:00+09:00,1464.0,1464.0,1464.0,1464.0,500,0.0,0.0
2024-08-14 13:05:00+09:00,1463.0,1465.0,1463.0,1463.0,500,0.0,0.0
2024-08-14 13:10:00+09:00,1462.0,1462.0,1460.0,1461.0,1200,0.0,0.0
2024-08-14 13:15:00+09:00,1461.0,1462.0,1461.0,1462.0,800,0.0,0.0
2024-08-14 13:20:00+09:00,1461.0,1461.0,1460.0,1460.0,600,0.0,0.0
2024-08-14 13:25:00+09:00,1460.0,1460.0,1460.0,1460.0,100,0.0,0.0
2024-08-14 13:30:00+09:00,1460.0,1460.0,1459.0,1459.0,800,0.0,0.0
2024-08-14 13:35:00+09:00,1460.0,1460.0,1457.0,1457.0,2900,0.0,0.0
2024-08-14 13:40:00+09:00,1457.0,1458.0,1457.0,1457.0,400,0.0,0.0
2024-08-14 13:50:00+09:00,1457.0,1458.0,1456.0,1458.0,800,0.0,0.0
2024-08-14 13:55:00+09:00,1457.0,1458.0,1457.0,1458.0,5300,0.0,0.0
2024-08-14 14:05:00+09:00,1457.0,1458.0,1457.0,1458.0,200,0.0,0.0
2024-08-14 14:10:00+09:00,1457.0,1457.0,1456.0,1456.0,600,0.0,0.0
2024-08-14 14:15:00+09:00,1456.0,1457.0,1455.0,1457.0,1100,0.0,0.0
2024-08-14 14:20:00+09:00,1458.0,1460.0,1458.0,1459.0,3000,0.0,0.0
2024-08-14 14:25:00+09:00,1460.0,1460.0,1459.0,1459.0,600,0.0,0.0
2024-08-14 14:30:00+09:00,1458.0,1459.0,1457.0,1458.0,1500,0.0,0.0
2024-08-14 14:35:00+09:00,1460.0,1461.0,1460.0,1460.0,1300,0.0,0.0
2024-08-14 14:40:00+09:00,1461.0,1463.0,1460.0,1460.0,2000,0.0,0.0
2024-08-14 14:45:00+09:00,1462.0,1464.0,1462.0,1463.0,1500,0.0,0.0
2024-08-14 14:50:00+09:00,1462.0,1464.0,1462.0,1464.0,800,0.0,0.0
2024-08-14 14:55:00+09:00,1462.0,1462.0,1460.0,1461.0,2700,0.0,0.0
2024-08-15 09:00:00+09:00,1463.0,1474.0,1462.0,1474.0,5900,0.0,0.0
2024-08-15 09:05:00+09:00,1469.0,1480.0,1468.0,1477.0,2000,0.0,0.0
2024-08-15 09:10:00+09:00,1478.0,1480.0,1471.0,1473.0,1400,0.0,0.0
2024-08-15 09:15:00+09:00,1473.0,1475.0,1470.0,1470.0,1500,0.0,0.0
2024-08-15 09:20:00+09:00,1471.0,1471.0,1471.0,1471.0,100,0.0,0.0
2024-08-15 09:25:00+09:00,1475.0,1476.0,1475.0,1476.0,200,0.0,0.0
2024-08-15 09:30:00+09:00,1474.0,1477.0,1474.0,1477.0,800,0.0,0.0
2024-08-15 09:35:00+09:00,1479.0,1481.0,1479.0,1481.0,2300,0.0,0.0
2024-08-15 09:40:00+09:00,1482.0,1488.0,1482.0,1488.0,700,0.0,0.0
2024-08-15 09:45:00+09:00,1488.0,1488.0,1486.0,1486.0,500,0.0,0.0
2024-08-15 09:50:00+09:00,1486.0,1488.0,1486.0,1488.0,300,0.0,0.0
2024-08-15 09:55:00+09:00,1489.0,1490.0,1488.0,1490.0,1600,0.0,0.0
2024-08-15 10:00:00+09:00,1490.0,1490.0,1487.0,1487.0,1400,0.0,0.0
2024-08-15 10:05:00+09:00,1488.0,1488.0,1487.0,1487.0,200,0.0,0.0
2024-08-15 10:10:00+09:00,1488.0,1488.0,1488.0,1488.0,100,0.0,0.0
2024-08-15 10:15:00+09:00,1489.0,1491.0,1488.0,1488.0,1900,0.0,0.0
2024-08-15 10:20:00+09:00,1487.0,1487.0,1482.0,1482.0,3800,0.0,0.0
2024-08-15 10:25:00+09:00,1482.0,1503.0,1481.0,1497.0,19200,0.0,0.0
2024-08-15 10:30:00+09:00,1498.0,1498.0,1498.0,1498.0,100,0.0,0.0
2024-08-15 10:35:00+09:00,1499.0,1499.0,1499.0,1499.0,100,0.0,0.0
2024-08-15 10:40:00+09:00,1499.0,1499.0,1499.0,1499.0,1800,0.0,0.0
2024-08-15 10:45:00+09:00,1500.0,1506.0,1500.0,1502.0,4000,0.0,0.0
2024-08-15 10:50:00+09:00,1501.0,1501.0,1501.0,1501.0,100,0.0,0.0
2024-08-15 10:55:00+09:00,1500.0,1500.0,1500.0,1500.0,400,0.0,0.0
2024-08-15 11:00:00+09:00,1500.0,1502.0,1500.0,1502.0,400,0.0,0.0
2024-08-15 11:05:00+09:00,1502.0,1502.0,1500.0,1500.0,700,0.0,0.0
2024-08-15 11:10:00+09:00,1501.0,1502.0,1501.0,1501.0,800,0.0,0.0
2024-08-15 11:15:00+09:00,1502.0,1502.0,1502.0,1502.0,200,0.0,0.0
2024-08-15 11:20:00+09:00,1501.0,1501.0,1498.0,1498.0,1700,0.0,0.0
2024-08-15 11:25:00+09:00,1497.0,1501.0,1497.0,1501.0,600,0.0,0.0
2024-08-15 11:30:00+09:00,1501.0,1501.0,1501.0,1501.0,100,0.0,0.0
2024-08-15 11:35:00+09:00,1501.0,1501.0,1501.0,1501.0,0,0.0,0.0
2024-08-15 12:30:00+09:00,1501.0,1503.0,1499.0,1501.0,58800,0.0,0.0
2024-08-15 12:35:00+09:00,1501.0,1501.0,1501.0,1501.0,800,0.0,0.0
2024-08-15 12:40:00+09:00,1500.0,1500.0,1496.0,1496.0,1700,0.0,0.0
2024-08-15 12:45:00+09:00,1495.0,1495.0,1491.0,1491.0,1000,0.0,0.0
2024-08-15 12:50:00+09:00,1491.0,1491.0,1488.0,1488.0,400,0.0,0.0
2024-08-15 12:55:00+09:00,1485.0,1489.0,1485.0,1489.0,1200,0.0,0.0
2024-08-15 13:00:00+09:00,1488.0,1490.0,1488.0,1490.0,1700,0.0,0.0
2024-08-15 13:05:00+09:00,1490.0,1490.0,1488.0,1489.0,1800,0.0,0.0
2024-08-15 13:10:00+09:00,1489.0,1490.0,1488.0,1490.0,1000,0.0,0.0
2024-08-15 13:15:00+09:00,1489.0,1489.0,1487.0,1488.0,2100,0.0,0.0
2024-08-15 13:20:00+09:00,1488.0,1489.0,1488.0,1489.0,800,0.0,0.0
2024-08-15 13:25:00+09:00,1490.0,1490.0,1490.0,1490.0,300,0.0,0.0
2024-08-15 13:30:00+09:00,1490.0,1491.0,1490.0,1490.0,1500,0.0,0.0
2024-08-15 13:35:00+09:00,1490.0,1490.0,1488.0,1490.0,3200,0.0,0.0
2024-08-15 13:40:00+09:00,1490.0,1490.0,1488.0,1489.0,2200,0.0,0.0
2024-08-15 13:45:00+09:00,1488.0,1488.0,1488.0,1488.0,100,0.0,0.0
2024-08-15 13:50:00+09:00,1488.0,1489.0,1482.0,1482.0,2700,0.0,0.0
2024-08-15 13:55:00+09:00,1482.0,1487.0,1482.0,1487.0,1900,0.0,0.0
2024-08-15 14:00:00+09:00,1488.0,1491.0,1488.0,1490.0,2300,0.0,0.0
2024-08-15 14:05:00+09:00,1489.0,1489.0,1488.0,1489.0,1600,0.0,0.0
2024-08-15 14:10:00+09:00,1488.0,1489.0,1488.0,1488.0,1300,0.0,0.0
2024-08-15 14:15:00+09:00,1487.0,1487.0,1487.0,1487.0,200,0.0,0.0
2024-08-15 14:20:00+09:00,1487.0,1488.0,1485.0,1485.0,2200,0.0,0.0
2024-08-15 14:25:00+09:00,1486.0,1488.0,1485.0,1488.0,2000,0.0,0.0
2024-08-15 14:30:00+09:00,1487.0,1489.0,1487.0,1489.0,800,0.0,0.0
2024-08-15 14:35:00+09:00,1490.0,1492.0,1490.0,1492.0,3500,0.0,0.0
2024-08-15 14:40:00+09:00,1493.0,1493.0,1493.0,1493.0,1300,0.0,0.0
2024-08-15 14:45:00+09:00,1492.0,1492.0,1490.0,1490.0,5000,0.0,0.0
2024-08-15 14:50:00+09:00,1489.0,1492.0,1489.0,1492.0,3300,0.0,0.0
2024-08-15 14:55:00+09:00,1492.0,1493.0,1491.0,1493.0,2400,0.0,0.0
2024-08-16 09:00:00+09:00,1523.0,1525.0,1516.0,1516.0,6500,0.0,0.0
2024-08-16 09:05:00+09:00,1516.0,1517.0,1515.0,1516.0,1000,0.0,0.0
2024-08-16 09:10:00+09:00,1518.0,1525.0,1517.0,1523.0,4200,0.0,0.0
2024-08-16 09:15:00+09:00,1520.0,1520.0,1510.0,1513.0,1900,0.0,0.0
2024-08-16 09:20:00+09:00,1514.0,1517.0,1514.0,1517.0,3700,0.0,0.0
2024-08-16 09:25:00+09:00,1519.0,1525.0,1519.0,1525.0,2200,0.0,0.0
2024-08-16 09:30:00+09:00,1523.0,1523.0,1519.0,1519.0,1000,0.0,0.0
2024-08-16 09:35:00+09:00,1517.0,1521.0,1517.0,1519.0,800,0.0,0.0
2024-08-16 09:40:00+09:00,1519.0,1519.0,1515.0,1516.0,1100,0.0,0.0
2024-08-16 09:45:00+09:00,1515.0,1516.0,1515.0,1516.0,700,0.0,0.0
2024-08-16 09:50:00+09:00,1515.0,1518.0,1515.0,1518.0,900,0.0,0.0
2024-08-16 09:55:00+09:00,1516.0,1516.0,1515.0,1515.0,500,0.0,0.0
2024-08-16 10:00:00+09:00,1514.0,1517.0,1513.0,1517.0,2000,0.0,0.0
2024-08-16 10:05:00+09:00,1518.0,1519.0,1518.0,1519.0,300,0.0,0.0
2024-08-16 10:10:00+09:00,1517.0,1517.0,1515.0,1515.0,900,0.0,0.0
2024-08-16 10:15:00+09:00,1517.0,1519.0,1517.0,1518.0,900,0.0,0.0
2024-08-16 10:20:00+09:00,1518.0,1520.0,1518.0,1520.0,700,0.0,0.0
2024-08-16 10:25:00+09:00,1519.0,1520.0,1519.0,1520.0,500,0.0,0.0
2024-08-16 10:30:00+09:00,1520.0,1522.0,1518.0,1522.0,4900,0.0,0.0
2024-08-16 10:35:00+09:00,1523.0,1523.0,1521.0,1521.0,900,0.0,0.0
2024-08-16 10:40:00+09:00,1519.0,1521.0,1519.0,1521.0,300,0.0,0.0
2024-08-16 10:45:00+09:00,1522.0,1523.0,1521.0,1521.0,1200,0.0,0.0
2024-08-16 10:50:00+09:00,1520.0,1520.0,1520.0,1520.0,100,0.0,0.0
2024-08-16 10:55:00+09:00,1520.0,1521.0,1520.0,1520.0,600,0.0,0.0
2024-08-16 11:00:00+09:00,1520.0,1521.0,1520.0,1520.0,400,0.0,0.0
2024-08-16 11:05:00+09:00,1520.0,1521.0,1520.0,1521.0,500,0.0,0.0
2024-08-16 11:10:00+09:00,1520.0,1521.0,1520.0,1521.0,200,0.0,0.0
2024-08-16 11:15:00+09:00,1520.0,1523.0,1520.0,1523.0,3600,0.0,0.0
2024-08-16 11:25:00+09:00,1522.0,1522.0,1520.0,1520.0,800,0.0,0.0
2024-08-16 11:30:00+09:00,1518.0,1518.0,1518.0,1518.0,100,0.0,0.0
2024-08-16 11:35:00+09:00,1518.0,1518.0,1518.0,1518.0,0,0.0,0.0
2024-08-16 12:30:00+09:00,1521.0,1521.0,1519.0,1519.0,48100,0.0,0.0
2024-08-16 12:35:00+09:00,1519.0,1520.0,1518.0,1520.0,700,0.0,0.0
2024-08-16 12:40:00+09:00,1520.0,1522.0,1520.0,1522.0,500,0.0,0.0
2024-08-16 12:45:00+09:00,1523.0,1523.0,1522.0,1522.0,700,0.0,0.0
2024-08-16 12:50:00+09:00,1521.0,1523.0,1521.0,1523.0,1500,0.0,0.0
2024-08-16 12:55:00+09:00,1524.0,1524.0,1523.0,1523.0,2300,0.0,0.0
2024-08-16 13:00:00+09:00,1523.0,1523.0,1523.0,1523.0,1100,0.0,0.0
2024-08-16 13:05:00+09:00,1523.0,1523.0,1522.0,1522.0,800,0.0,0.0
2024-08-16 13:10:00+09:00,1521.0,1521.0,1518.0,1518.0,1300,0.0,0.0
2024-08-16 13:15:00+09:00,1519.0,1520.0,1518.0,1520.0,800,0.0,0.0
2024-08-16 13:20:00+09:00,1520.0,1521.0,1520.0,1521.0,300,0.0,0.0
2024-08-16 13:25:00+09:00,1519.0,1520.0,1518.0,1520.0,600,0.0,0.0
2024-08-16 13:30:00+09:00,1518.0,1519.0,1518.0,1519.0,400,0.0,0.0
2024-08-16 13:35:00+09:00,1518.0,1519.0,1516.0,1516.0,1000,0.0,0.0
2024-08-16 13:40:00+09:00,1516.0,1519.0,1516.0,1517.0,2000,0.0,0.0
2024-08-16 13:45:00+09:00,1519.0,1522.0,1519.0,1522.0,1800,0.0,0.0
2024-08-16 13:50:00+09:00,1521.0,1521.0,1520.0,1521.0,1500,0.0,0.0
2024-08-16 13:55:00+09:00,1520.0,1521.0,1520.0,1520.0,300,0.0,0.0
2024-08-16 14:00:00+09:00,1521.0,1522.0,1521.0,1522.0,700,0.0,0.0
2024-08-16 14:05:00+09:00,1521.0,1521.0,1520.0,1520.0,2000,0.0,0.0
2024-08-16 14:10:00+09:00,1521.0,1521.0,1520.0,1521.0,600,0.0,0.0
2024-08-16 14:15:00+09:00,1521.0,1523.0,1521.0,1523.0,2500,0.0,0.0
2024-08-16 14:20:00+09:00,1523.0,1523.0,1521.0,1521.0,900,0.0,0.0
2024-08-16 14:25:00+09:00,1523.0,1523.0,1522.0,1522.0,300,0.0,0.0
2024-08-16 14:30:00+09:00,1523.0,1523.0,1521.0,1522.0,1800,0.0,0.0
2024-08-16 14:35:00+09:00,1522.0,1522.0,1521.0,1522.0,1900,0.0,0.0
2024-08-16 14:40:00+09:00,1523.0,1523.0,1522.0,1522.0,1900,0.0,0.0
2024-08-16 14:45:00+09:00,1522.0,1523.0,1521.0,1523.0,1300,0.0,0.0
2024-08-16 14:50:00+09:00,1523.0,1525.0,1523.0,1525.0,3800,0.0,0.0
2024-08-16 14:55:00+09:00,1524.0,1530.0,1524.0,1530.0,3700,0.0,0.0
