Datetime,Open,High,Low,Close,Volume,Dividends,Stock Splits
2024-07-18 09:00:00+09:00,5050.0,5062.0,5019.0,5050.0,49100,0.0,0.0
2024-07-18 09:05:00+09:00,5047.0,5050.0,5011.0,5024.0,10600,0.0,0.0
2024-07-18 09:10:00+09:00,5028.0,5028.0,5006.0,5010.0,14100,0.0,0.0
2024-07-18 09:15:00+09:00,5012.0,5026.0,5009.0,5011.0,12300,0.0,0.0
2024-07-18 09:20:00+09:00,5012.0,5016.0,5001.0,5003.0,15600,0.0,0.0
2024-07-18 09:25:00+09:00,5003.0,5015.0,4993.0,5012.0,16000,0.0,0.0
2024-07-18 09:30:00+09:00,5010.0,5024.0,5007.0,5019.0,3200,0.0,0.0
2024-07-18 09:35:00+09:00,5017.0,5017.0,5003.0,5004.0,6900,0.0,0.0
2024-07-18 09:40:00+09:00,5008.0,5021.0,5007.0,5008.0,4400,0.0,0.0
2024-07-18 09:45:00+09:00,5013.0,5013.0,5000.0,5002.0,8900,0.0,0.0
2024-07-18 09:50:00+09:00,5004.0,5017.0,5003.0,5011.0,6000,0.0,0.0
2024-07-18 09:55:00+09:00,5017.0,5020.0,5012.0,5013.0,3400,0.0,0.0
2024-07-18 10:00:00+09:00,5014.0,5023.0,5014.0,5020.0,6600,0.0,0.0
2024-07-18 10:05:00+09:00,5020.0,5020.0,5015.0,5016.0,5100,0.0,0.0
2024-07-18 10:10:00+09:00,5020.0,5025.0,5018.0,5019.0,3200,0.0,0.0
2024-07-18 10:15:00+09:00,5019.0,5023.0,5018.0,5023.0,3800,0.0,0.0
2024-07-18 10:20:00+09:00,5023.0,5023.0,5015.0,5019.0,7000,0.0,0.0
2024-07-18 10:25:00+09:00,5019.0,5019.0,5012.0,5017.0,5900,0.0,0.0
2024-07-18 10:30:00+09:00,5016.0,5017.0,4990.0,5007.0,63100,0.0,0.0
2024-07-18 10:35:00+09:00,5007.0,5008.0,5001.0,5005.0,9500,0.0,0.0
2024-07-18 10:40:00+09:00,5008.0,5012.0,5007.0,5009.0,5500,0.0,0.0
2024-07-18 10:45:00+09:00,5009.0,5012.0,5008.0,5012.0,3300,0.0,0.0
2024-07-18 10:50:00+09:00,5014.0,5015.0,4992.0,4999.0,15200,0.0,0.0
2024-07-18 10:55:00+09:00,4999.0,4999.0,4991.0,4995.0,7500,0.0,0.0
2024-07-18 11:00:00+09:00,4995.0,5001.0,4988.0,4990.0,12400,0.0,0.0
2024-07-18 11:05:00+09:00,4990.0,4999.0,4988.0,4999.0,6000,0.0,0.0
2024-07-18 11:10:00+09:00,5000.0,5003.0,4991.0,4994.0,9500,0.0,0.0
2024-07-18 11:15:00+09:00,4997.0,4997.0,4993.0,4995.0,1700,0.0,0.0
2024-07-18 11:20:00+09:00,4995.0,5000.0,4993.0,4999.0,3300,0.0,0.0
2024-07-18 11:25:00+09:00,4999.0,5004.0,4996.0,5004.0,2000,0.0,0.0
2024-07-18 11:30:00+09:00,5005.0,5005.0,5005.0,5005.0,3500,0.0,0.0
2024-07-18 11:35:00+09:00,5005.0,5005.0,5005.0,5005.0,0,0.0,0.0
2024-07-18 12:30:00+09:00,5005.0,5008.0,4973.0,4977.0,375300,0.0,0.0
2024-07-18 12:35:00+09:00,4971.0,4972.0,4958.0,4962.0,24000,0.0,0.0
2024-07-18 12:40:00+09:00,4963.0,4968.0,4961.0,4962.0,8800,0.0,0.0
2024-07-18 12:45:00+09:00,4962.0,4969.0,4962.0,4964.0,8400,0.0,0.0
2024-07-18 12:50:00+09:00,4963.0,4964.0,4945.0,4963.0,27600,0.0,0.0
2024-07-18 12:55:00+09:00,4960.0,4960.0,4947.0,4952.0,8100,0.0,0.0
2024-07-18 13:00:00+09:00,4954.0,4957.0,4953.0,4957.0,7700,0.0,0.0
2024-07-18 13:05:00+09:00,4956.0,4965.0,4955.0,4961.0,7600,0.0,0.0
2024-07-18 13:10:00+09:00,4960.0,4970.0,4960.0,4966.0,9100,0.0,0.0
2024-07-18 13:15:00+09:00,4967.0,4972.0,4957.0,4957.0,10900,0.0,0.0
2024-07-18 13:20:00+09:00,4956.0,4960.0,4934.0,4941.0,24600,0.0,0.0
2024-07-18 13:25:00+09:00,4941.0,4944.0,4927.0,4930.0,17500,0.0,0.0
2024-07-18 13:30:00+09:00,4932.0,4936.0,4926.0,4935.0,13400,0.0,0.0
2024-07-18 13:35:00+09:00,4936.0,4946.0,4932.0,4944.0,7500,0.0,0.0
2024-07-18 13:40:00+09:00,4944.0,4956.0,4941.0,4952.0,8700,0.0,0.0
2024-07-18 13:45:00+09:00,4952.0,4953.0,4945.0,4949.0,9300,0.0,0.0
2024-07-18 13:50:00+09:00,4950.0,4954.0,4946.0,4946.0,5300,0.0,0.0
2024-07-18 13:55:00+09:00,4946.0,4946.0,4931.0,4932.0,12700,0.0,0.0
2024-07-18 14:00:00+09:00,4930.0,4938.0,4930.0,4936.0,7700,0.0,0.0
2024-07-18 14:05:00+09:00,4936.0,4941.0,4935.0,4940.0,6800,0.0,0.0
2024-07-18 14:10:00+09:00,4940.0,4941.0,4933.0,4934.0,7900,0.0,0.0
2024-07-18 14:15:00+09:00,4933.0,4933.0,4922.0,4927.0,16100,0.0,0.0
2024-07-18 14:20:00+09:00,4926.0,4927.0,4909.0,4919.0,23300,0.0,0.0
2024-07-18 14:25:00+09:00,4920.0,4927.0,4911.0,4926.0,13500,0.0,0.0
2024-07-18 14:30:00+09:00,4926.0,4931.0,4923.0,4925.0,11700,0.0,0.0
2024-07-18 14:35:00+09:00,4926.0,4933.0,4922.0,4928.0,10200,0.0,0.0
2024-07-18 14:40:00+09:00,4927.0,4929.0,4920.0,4921.0,15000,0.0,0.0
2024-07-18 14:45:00+09:00,4922.0,4922.0,4899.0,4902.0,33700,0.0,0.0
2024-07-18 14:50:00+09:00,4900.0,4904.0,4890.0,4895.0,35700,0.0,0.0
2024-07-18 14:55:00+09:00,4894.0,4895.0,4874.0,4874.0,49700,0.0,0.0
2024-07-19 09:00:00+09:00,4866.0,4866.0,4814.0,4820.0,80900,0.0,0.0
2024-07-19 09:05:00+09:00,4817.0,4817.0,4780.0,4806.0,48400,0.0,0.0
2024-07-19 09:10:00+09:00,4803.0,4825.0,4790.0,4819.0,14600,0.0,0.0
2024-07-19 09:15:00+09:00,4818.0,4828.0,4810.0,4818.0,15300,0.0,0.0
2024-07-19 09:20:00+09:00,4820.0,4830.0,4816.0,4816.0,12100,0.0,0.0
2024-07-19 09:25:00+09:00,4822.0,4823.0,4810.0,4822.0,8800,0.0,0.0
2024-07-19 09:30:00+09:00,4821.0,4825.0,4809.0,4815.0,15700,0.0,0.0
2024-07-19 09:35:00+09:00,4818.0,4843.0,4817.0,4836.0,16500,0.0,0.0
2024-07-19 09:40:00+09:00,4836.0,4859.0,4834.0,4859.0,16600,0.0,0.0
2024-07-19 09:45:00+09:00,4859.0,4859.0,4835.0,4843.0,10900,0.0,0.0
2024-07-19 09:50:00+09:00,4840.0,4840.0,4825.0,4839.0,9700,0.0,0.0
2024-07-19 09:55:00+09:00,4836.0,4840.0,4833.0,4839.0,4900,0.0,0.0
2024-07-19 10:00:00+09:00,4839.0,4841.0,4827.0,4841.0,7300,0.0,0.0
2024-07-19 10:05:00+09:00,4842.0,4861.0,4842.0,4861.0,8300,0.0,0.0
2024-07-19 10:10:00+09:00,4861.0,4870.0,4842.0,4843.0,14300,0.0,0.0
2024-07-19 10:15:00+09:00,4841.0,4841.0,4814.0,4821.0,9900,0.0,0.0
2024-07-19 10:20:00+09:00,4817.0,4823.0,4809.0,4809.0,8900,0.0,0.0
2024-07-19 10:25:00+09:00,4809.0,4820.0,4805.0,4820.0,8900,0.0,0.0
2024-07-19 10:30:00+09:00,4823.0,4824.0,4818.0,4823.0,6000,0.0,0.0
2024-07-19 10:35:00+09:00,4822.0,4830.0,4822.0,4830.0,5300,0.0,0.0
2024-07-19 10:40:00+09:00,4829.0,4845.0,4829.0,4840.0,5000,0.0,0.0
2024-07-19 10:45:00+09:00,4839.0,4852.0,4839.0,4844.0,6500,0.0,0.0
2024-07-19 10:50:00+09:00,4843.0,4849.0,4843.0,4847.0,5200,0.0,0.0
2024-07-19 10:55:00+09:00,4845.0,4854.0,4843.0,4851.0,3800,0.0,0.0
2024-07-19 11:00:00+09:00,4849.0,4851.0,4845.0,4846.0,2800,0.0,0.0
2024-07-19 11:05:00+09:00,4845.0,4857.0,4845.0,4855.0,6100,0.0,0.0
2024-07-19 11:10:00+09:00,4857.0,4857.0,4853.0,4857.0,2400,0.0,0.0
2024-07-19 11:15:00+09:00,4858.0,4858.0,4839.0,4839.0,5300,0.0,0.0
2024-07-19 11:20:00+09:00,4839.0,4839.0,4833.0,4837.0,5100,0.0,0.0
2024-07-19 11:25:00+09:00,4837.0,4838.0,4828.0,4828.0,12400,0.0,0.0
2024-07-19 11:30:00+09:00,4827.0,4827.0,4825.0,4825.0,1100,0.0,0.0
2024-07-19 11:35:00+09:00,4825.0,4825.0,4825.0,4825.0,0,0.0,0.0
2024-07-19 12:30:00+09:00,4823.0,4825.0,4810.0,4823.0,403400,0.0,0.0
2024-07-19 12:35:00+09:00,4823.0,4835.0,4822.0,4832.0,16400,0.0,0.0
2024-07-19 12:40:00+09:00,4831.0,4832.0,4825.0,4830.0,6200,0.0,0.0
2024-07-19 12:45:00+09:00,4829.0,4836.0,4826.0,4833.0,5600,0.0,0.0
2024-07-19 12:50:00+09:00,4830.0,4833.0,4826.0,4833.0,4500,0.0,0.0
2024-07-19 12:55:00+09:00,4834.0,4845.0,4833.0,4845.0,5600,0.0,0.0
2024-07-19 13:00:00+09:00,4845.0,4849.0,4842.0,4842.0,9800,0.0,0.0
2024-07-19 13:05:00+09:00,4841.0,4841.0,4836.0,4836.0,4600,0.0,0.0
2024-07-19 13:10:00+09:00,4835.0,4839.0,4835.0,4837.0,2700,0.0,0.0
2024-07-19 13:15:00+09:00,4836.0,4837.0,4829.0,4833.0,6000,0.0,0.0
2024-07-19 13:20:00+09:00,4832.0,4838.0,4832.0,4838.0,4000,0.0,0.0
2024-07-19 13:25:00+09:00,4838.0,4842.0,4838.0,4841.0,2200,0.0,0.0
2024-07-19 13:30:00+09:00,4842.0,4844.0,4838.0,4840.0,5700,0.0,0.0
2024-07-19 13:35:00+09:00,4838.0,4840.0,4835.0,4839.0,3100,0.0,0.0
2024-07-19 13:40:00+09:00,4839.0,4847.0,4837.0,4847.0,6700,0.0,0.0
2024-07-19 13:45:00+09:00,4844.0,4844.0,4840.0,4841.0,4900,0.0,0.0
2024-07-19 13:50:00+09:00,4839.0,4849.0,4839.0,4846.0,4800,0.0,0.0
2024-07-19 13:55:00+09:00,4847.0,4853.0,4847.0,4851.0,6500,0.0,0.0
2024-07-19 14:00:00+09:00,4852.0,4858.0,4852.0,4858.0,3700,0.0,0.0
2024-07-19 14:05:00+09:00,4857.0,4866.0,4857.0,4865.0,7500,0.0,0.0
2024-07-19 14:10:00+09:00,4866.0,4868.0,4864.0,4867.0,5300,0.0,0.0
2024-07-19 14:15:00+09:00,4867.0,4867.0,4859.0,4861.0,6600,0.0,0.0
2024-07-19 14:20:00+09:00,4859.0,4860.0,4855.0,4856.0,2600,0.0,0.0
2024-07-19 14:25:00+09:00,4856.0,4858.0,4853.0,4856.0,6100,0.0,0.0
2024-07-19 14:30:00+09:00,4856.0,4858.0,4855.0,4858.0,3000,0.0,0.0
2024-07-19 14:35:00+09:00,4858.0,4859.0,4855.0,4856.0,4300,0.0,0.0
2024-07-19 14:40:00+09:00,4856.0,4866.0,4856.0,4864.0,7600,0.0,0.0
2024-07-19 14:45:00+09:00,4864.0,4869.0,4861.0,4863.0,12300,0.0,0.0
2024-07-19 14:50:00+09:00,4863.0,4864.0,4859.0,4860.0,8500,0.0,0.0
2024-07-19 14:55:00+09:00,4864.0,4876.0,4858.0,4874.0,32500,0.0,0.0
2024-07-22 09:00:00+09:00,4868.0,4880.0,4858.0,4861.0,19600,0.0,0.0
2024-07-22 09:05:00+09:00,4867.0,4885.0,4867.0,4876.0,6000,0.0,0.0
2024-07-22 09:10:00+09:00,4871.0,4871.0,4848.0,4853.0,6900,0.0,0.0
2024-07-22 09:15:00+09:00,4854.0,4877.0,4854.0,4874.0,6000,0.0,0.0
2024-07-22 09:20:00+09:00,4875.0,4879.0,4860.0,4862.0,1900,0.0,0.0
2024-07-22 09:25:00+09:00,4861.0,4885.0,4857.0,4881.0,7100,0.0,0.0
2024-07-22 09:30:00+09:00,4885.0,4914.0,4881.0,4905.0,19200,0.0,0.0
2024-07-22 09:35:00+09:00,4903.0,4906.0,4897.0,4902.0,5800,0.0,0.0
2024-07-22 09:40:00+09:00,4901.0,4906.0,4900.0,4900.0,6700,0.0,0.0
2024-07-22 09:45:00+09:00,4902.0,4909.0,4902.0,4907.0,4200,0.0,0.0
2024-07-22 09:50:00+09:00,4910.0,4910.0,4902.0,4906.0,4500,0.0,0.0
2024-07-22 09:55:00+09:00,4905.0,4927.0,4904.0,4923.0,8300,0.0,0.0
2024-07-22 10:00:00+09:00,4923.0,4923.0,4906.0,4906.0,6100,0.0,0.0
2024-07-22 10:05:00+09:00,4909.0,4916.0,4906.0,4915.0,5300,0.0,0.0
2024-07-22 10:10:00+09:00,4916.0,4926.0,4916.0,4922.0,5100,0.0,0.0
2024-07-22 10:15:00+09:00,4923.0,4927.0,4915.0,4915.0,5200,0.0,0.0
2024-07-22 10:20:00+09:00,4919.0,4938.0,4919.0,4936.0,7700,0.0,0.0
2024-07-22 10:25:00+09:00,4935.0,4940.0,4931.0,4939.0,6700,0.0,0.0
2024-07-22 10:30:00+09:00,4938.0,4940.0,4917.0,4917.0,7000,0.0,0.0
2024-07-22 10:35:00+09:00,4915.0,4922.0,4913.0,4920.0,3800,0.0,0.0
2024-07-22 10:40:00+09:00,4919.0,4920.0,4912.0,4918.0,3700,0.0,0.0
2024-07-22 10:45:00+09:00,4919.0,4935.0,4919.0,4929.0,6300,0.0,0.0
2024-07-22 10:50:00+09:00,4928.0,4932.0,4923.0,4923.0,4200,0.0,0.0
2024-07-22 10:55:00+09:00,4924.0,4925.0,4919.0,4922.0,4700,0.0,0.0
2024-07-22 11:00:00+09:00,4924.0,4925.0,4920.0,4925.0,3400,0.0,0.0
2024-07-22 11:05:00+09:00,4929.0,4932.0,4927.0,4932.0,3800,0.0,0.0
2024-07-22 11:10:00+09:00,4930.0,4932.0,4922.0,4932.0,4200,0.0,0.0
2024-07-22 11:15:00+09:00,4931.0,4931.0,4926.0,4926.0,1800,0.0,0.0
2024-07-22 11:20:00+09:00,4930.0,4931.0,4925.0,4925.0,3600,0.0,0.0
2024-07-22 11:25:00+09:00,4923.0,4923.0,4909.0,4909.0,5700,0.0,0.0
2024-07-22 11:30:00+09:00,4908.0,4908.0,4908.0,4908.0,800,0.0,0.0
2024-07-22 11:35:00+09:00,4908.0,4908.0,4908.0,4908.0,0,0.0,0.0
2024-07-22 12:30:00+09:00,4927.0,4935.0,4917.0,4927.0,204000,0.0,0.0
2024-07-22 12:35:00+09:00,4925.0,4925.0,4913.0,4917.0,4200,0.0,0.0
2024-07-22 12:40:00+09:00,4917.0,4917.0,4906.0,4907.0,3700,0.0,0.0
2024-07-22 12:45:00+09:00,4907.0,4910.0,4898.0,4898.0,5800,0.0,0.0
2024-07-22 12:50:00+09:00,4898.0,4900.0,4895.0,4899.0,3300,0.0,0.0
2024-07-22 12:55:00+09:00,4897.0,4897.0,4893.0,4895.0,3400,0.0,0.0
2024-07-22 13:00:00+09:00,4895.0,4897.0,4874.0,4882.0,18700,0.0,0.0
2024-07-22 13:05:00+09:00,4883.0,4885.0,4875.0,4876.0,3800,0.0,0.0
2024-07-22 13:10:00+09:00,4876.0,4883.0,4870.0,4870.0,3900,0.0,0.0
2024-07-22 13:15:00+09:00,4873.0,4874.0,4865.0,4867.0,3900,0.0,0.0
2024-07-22 13:20:00+09:00,4867.0,4869.0,4864.0,4865.0,3100,0.0,0.0
2024-07-22 13:25:00+09:00,4865.0,4865.0,4860.0,4863.0,3300,0.0,0.0
2024-07-22 13:30:00+09:00,4862.0,4868.0,4856.0,4868.0,4400,0.0,0.0
2024-07-22 13:35:00+09:00,4868.0,4869.0,4863.0,4869.0,2700,0.0,0.0
2024-07-22 13:40:00+09:00,4870.0,4876.0,4869.0,4870.0,7300,0.0,0.0
2024-07-22 13:45:00+09:00,4870.0,4873.0,4866.0,4871.0,3100,0.0,0.0
2024-07-22 13:50:00+09:00,4872.0,4872.0,4865.0,4870.0,4000,0.0,0.0
2024-07-22 13:55:00+09:00,4870.0,4873.0,4870.0,4870.0,3700,0.0,0.0
2024-07-22 14:00:00+09:00,4869.0,4872.0,4868.0,4870.0,2100,0.0,0.0
2024-07-22 14:05:00+09:00,4870.0,4881.0,4868.0,4878.0,9700,0.0,0.0
2024-07-22 14:10:00+09:00,4879.0,4880.0,4871.0,4871.0,2400,0.0,0.0
2024-07-22 14:15:00+09:00,4872.0,4873.0,4870.0,4873.0,3600,0.0,0.0
2024-07-22 14:20:00+09:00,4874.0,4879.0,4872.0,4872.0,8300,0.0,0.0
2024-07-22 14:25:00+09:00,4872.0,4872.0,4866.0,4866.0,3700,0.0,0.0
2024-07-22 14:30:00+09:00,4867.0,4880.0,4867.0,4880.0,8700,0.0,0.0
2024-07-22 14:35:00+09:00,4879.0,4882.0,4873.0,4875.0,6600,0.0,0.0
2024-07-22 14:40:00+09:00,4874.0,4879.0,4874.0,4877.0,7400,0.0,0.0
2024-07-22 14:45:00+09:00,4876.0,4878.0,4869.0,4876.0,8800,0.0,0.0
2024-07-22 14:50:00+09:00,4875.0,4881.0,4871.0,4879.0,13900,0.0,0.0
2024-07-22 14:55:00+09:00,4880.0,4891.0,4880.0,4891.0,20600,0.0,0.0
2024-07-23 09:00:00+09:00,4881.0,4914.0,4877.0,4900.0,21700,0.0,0.0
2024-07-23 09:05:00+09:00,4901.0,4912.0,4893.0,4912.0,5100,0.0,0.0
2024-07-23 09:10:00+09:00,4910.0,4924.0,4903.0,4903.0,7400,0.0,0.0
2024-07-23 09:15:00+09:00,4901.0,4903.0,4893.0,4900.0,4100,0.0,0.0
2024-07-23 09:20:00+09:00,4902.0,4921.0,4902.0,4921.0,3000,0.0,0.0
2024-07-23 09:25:00+09:00,4917.0,4918.0,4914.0,4914.0,3100,0.0,0.0
2024-07-23 09:30:00+09:00,4919.0,4936.0,4901.0,4914.0,13800,0.0,0.0
2024-07-23 09:35:00+09:00,4909.0,4909.0,4896.0,4897.0,3800,0.0,0.0
2024-07-23 09:40:00+09:00,4899.0,4902.0,4897.0,4902.0,2700,0.0,0.0
2024-07-23 09:45:00+09:00,4897.0,4897.0,4878.0,4879.0,6100,0.0,0.0
2024-07-23 09:50:00+09:00,4876.0,4876.0,4865.0,4865.0,3900,0.0,0.0
2024-07-23 09:55:00+09:00,4864.0,4869.0,4863.0,4864.0,3200,0.0,0.0
2024-07-23 10:00:00+09:00,4864.0,4867.0,4852.0,4867.0,8600,0.0,0.0
2024-07-23 10:05:00+09:00,4865.0,4877.0,4861.0,4873.0,2300,0.0,0.0
2024-07-23 10:10:00+09:00,4873.0,4873.0,4863.0,4867.0,2700,0.0,0.0
2024-07-23 10:15:00+09:00,4871.0,4876.0,4866.0,4866.0,1800,0.0,0.0
2024-07-23 10:20:00+09:00,4865.0,4867.0,4860.0,4867.0,2600,0.0,0.0
2024-07-23 10:25:00+09:00,4871.0,4879.0,4871.0,4877.0,2900,0.0,0.0
2024-07-23 10:30:00+09:00,4876.0,4884.0,4875.0,4876.0,3900,0.0,0.0
2024-07-23 10:35:00+09:00,4875.0,4875.0,4864.0,4865.0,2400,0.0,0.0
2024-07-23 10:40:00+09:00,4866.0,4866.0,4858.0,4864.0,3400,0.0,0.0
2024-07-23 10:45:00+09:00,4862.0,4864.0,4837.0,4838.0,14200,0.0,0.0
2024-07-23 10:50:00+09:00,4837.0,4837.0,4829.0,4830.0,4100,0.0,0.0
2024-07-23 10:55:00+09:00,4828.0,4829.0,4817.0,4817.0,6000,0.0,0.0
2024-07-23 11:00:00+09:00,4818.0,4830.0,4814.0,4830.0,8300,0.0,0.0
2024-07-23 11:05:00+09:00,4829.0,4836.0,4829.0,4836.0,4400,0.0,0.0
2024-07-23 11:10:00+09:00,4838.0,4842.0,4833.0,4833.0,4000,0.0,0.0
2024-07-23 11:15:00+09:00,4831.0,4832.0,4826.0,4828.0,1300,0.0,0.0
2024-07-23 11:20:00+09:00,4826.0,4829.0,4820.0,4825.0,6200,0.0,0.0
2024-07-23 11:25:00+09:00,4829.0,4837.0,4826.0,4837.0,1600,0.0,0.0
2024-07-23 11:30:00+09:00,4840.0,4840.0,4840.0,4840.0,7900,0.0,0.0
2024-07-23 11:35:00+09:00,4840.0,4840.0,4840.0,4840.0,0,0.0,0.0
2024-07-23 12:30:00+09:00,4847.0,4855.0,4840.0,4843.0,182600,0.0,0.0
2024-07-23 12:35:00+09:00,4830.0,4830.0,4821.0,4822.0,11000,0.0,0.0
2024-07-23 12:40:00+09:00,4820.0,4820.0,4814.0,4820.0,4800,0.0,0.0
2024-07-23 12:45:00+09:00,4821.0,4830.0,4821.0,4829.0,3100,0.0,0.0
2024-07-23 12:50:00+09:00,4825.0,4840.0,4825.0,4836.0,2900,0.0,0.0
2024-07-23 12:55:00+09:00,4839.0,4842.0,4837.0,4838.0,2300,0.0,0.0
2024-07-23 13:00:00+09:00,4838.0,4841.0,4831.0,4832.0,4400,0.0,0.0
2024-07-23 13:05:00+09:00,4833.0,4834.0,4827.0,4827.0,2900,0.0,0.0
2024-07-23 13:10:00+09:00,4829.0,4837.0,4827.0,4836.0,2900,0.0,0.0
2024-07-23 13:15:00+09:00,4840.0,4842.0,4838.0,4838.0,1700,0.0,0.0
2024-07-23 13:20:00+09:00,4839.0,4840.0,4835.0,4837.0,3400,0.0,0.0
2024-07-23 13:25:00+09:00,4836.0,4846.0,4835.0,4846.0,3300,0.0,0.0
2024-07-23 13:30:00+09:00,4846.0,4848.0,4843.0,4844.0,3700,0.0,0.0
2024-07-23 13:35:00+09:00,4843.0,4846.0,4842.0,4844.0,3000,0.0,0.0
2024-07-23 13:40:00+09:00,4843.0,4846.0,4842.0,4844.0,2200,0.0,0.0
2024-07-23 13:45:00+09:00,4844.0,4844.0,4834.0,4837.0,2300,0.0,0.0
2024-07-23 13:50:00+09:00,4835.0,4838.0,4833.0,4834.0,2500,0.0,0.0
2024-07-23 13:55:00+09:00,4831.0,4831.0,4826.0,4828.0,3500,0.0,0.0
2024-07-23 14:00:00+09:00,4828.0,4832.0,4828.0,4831.0,3800,0.0,0.0
2024-07-23 14:05:00+09:00,4833.0,4837.0,4833.0,4837.0,1800,0.0,0.0
2024-07-23 14:10:00+09:00,4837.0,4839.0,4835.0,4839.0,4200,0.0,0.0
2024-07-23 14:15:00+09:00,4839.0,4844.0,4837.0,4839.0,6300,0.0,0.0
2024-07-23 14:20:00+09:00,4840.0,4841.0,4831.0,4831.0,4100,0.0,0.0
2024-07-23 14:25:00+09:00,4831.0,4832.0,4822.0,4823.0,6300,0.0,0.0
2024-07-23 14:30:00+09:00,4824.0,4829.0,4823.0,4826.0,6700,0.0,0.0
2024-07-23 14:35:00+09:00,4826.0,4833.0,4826.0,4832.0,6100,0.0,0.0
2024-07-23 14:40:00+09:00,4833.0,4838.0,4829.0,4837.0,4800,0.0,0.0
2024-07-23 14:45:00+09:00,4837.0,4848.0,4836.0,4845.0,11700,0.0,0.0
2024-07-23 14:50:00+09:00,4845.0,4845.0,4838.0,4839.0,9800,0.0,0.0
2024-07-23 14:55:00+09:00,4839.0,4840.0,4822.0,4822.0,18800,0.0,0.0
2024-07-24 09:00:00+09:00,4782.0,4782.0,4745.0,4759.0,47300,0.0,0.0
2024-07-24 09:05:00+09:00,4757.0,4760.0,4735.0,4742.0,21100,0.0,0.0
2024-07-24 09:10:00+09:00,4744.0,4755.0,4733.0,4751.0,9300,0.0,0.0
2024-07-24 09:15:00+09:00,4749.0,4753.0,4737.0,4749.0,6700,0.0,0.0
2024-07-24 09:20:00+09:00,4749.0,4750.0,4738.0,4740.0,4400,0.0,0.0
2024-07-24 09:25:00+09:00,4739.0,4740.0,4719.0,4723.0,13200,0.0,0.0
2024-07-24 09:30:00+09:00,4721.0,4723.0,4713.0,4720.0,11300,0.0,0.0
2024-07-24 09:35:00+09:00,4721.0,4734.0,4721.0,4733.0,4800,0.0,0.0
2024-07-24 09:40:00+09:00,4738.0,4746.0,4737.0,4740.0,7400,0.0,0.0
2024-07-24 09:45:00+09:00,4742.0,4745.0,4741.0,4741.0,5400,0.0,0.0
2024-07-24 09:50:00+09:00,4744.0,4752.0,4742.0,4747.0,9600,0.0,0.0
2024-07-24 09:55:00+09:00,4749.0,4760.0,4748.0,4760.0,5200,0.0,0.0
2024-07-24 10:00:00+09:00,4759.0,4764.0,4747.0,4747.0,6100,0.0,0.0
2024-07-24 10:05:00+09:00,4750.0,4758.0,4750.0,4752.0,3900,0.0,0.0
2024-07-24 10:10:00+09:00,4751.0,4752.0,4740.0,4740.0,5800,0.0,0.0
2024-07-24 10:15:00+09:00,4739.0,4742.0,4734.0,4734.0,6800,0.0,0.0
2024-07-24 10:20:00+09:00,4737.0,4749.0,4737.0,4746.0,3300,0.0,0.0
2024-07-24 10:25:00+09:00,4745.0,4752.0,4740.0,4751.0,4900,0.0,0.0
2024-07-24 10:30:00+09:00,4753.0,4756.0,4746.0,4746.0,3900,0.0,0.0
2024-07-24 10:35:00+09:00,4747.0,4747.0,4733.0,4735.0,2700,0.0,0.0
2024-07-24 10:40:00+09:00,4734.0,4734.0,4724.0,4724.0,5500,0.0,0.0
2024-07-24 10:45:00+09:00,4723.0,4723.0,4709.0,4713.0,9900,0.0,0.0
2024-07-24 10:50:00+09:00,4713.0,4728.0,4713.0,4727.0,5000,0.0,0.0
2024-07-24 10:55:00+09:00,4726.0,4728.0,4720.0,4728.0,3500,0.0,0.0
2024-07-24 11:00:00+09:00,4728.0,4734.0,4724.0,4724.0,5400,0.0,0.0
2024-07-24 11:05:00+09:00,4725.0,4727.0,4722.0,4723.0,3000,0.0,0.0
2024-07-24 11:10:00+09:00,4722.0,4723.0,4716.0,4721.0,3900,0.0,0.0
2024-07-24 11:15:00+09:00,4717.0,4722.0,4714.0,4714.0,2500,0.0,0.0
2024-07-24 11:20:00+09:00,4712.0,4721.0,4712.0,4721.0,6000,0.0,0.0
2024-07-24 11:25:00+09:00,4717.0,4727.0,4717.0,4724.0,4800,0.0,0.0
2024-07-24 11:30:00+09:00,4727.0,4727.0,4727.0,4727.0,600,0.0,0.0
2024-07-24 11:35:00+09:00,4727.0,4727.0,4727.0,4727.0,0,0.0,0.0
2024-07-24 12:30:00+09:00,4710.0,4724.0,4705.0,4718.0,258700,0.0,0.0
2024-07-24 12:35:00+09:00,4719.0,4721.0,4715.0,4718.0,2500,0.0,0.0
2024-07-24 12:40:00+09:00,4719.0,4722.0,4711.0,4715.0,4200,0.0,0.0
2024-07-24 12:45:00+09:00,4716.0,4720.0,4711.0,4711.0,5200,0.0,0.0
2024-07-24 12:50:00+09:00,4712.0,4714.0,4701.0,4706.0,11000,0.0,0.0
2024-07-24 12:55:00+09:00,4706.0,4714.0,4706.0,4714.0,3800,0.0,0.0
2024-07-24 13:00:00+09:00,4712.0,4720.0,4711.0,4718.0,2800,0.0,0.0
2024-07-24 13:05:00+09:00,4717.0,4717.0,4704.0,4704.0,4300,0.0,0.0
2024-07-24 13:10:00+09:00,4704.0,4704.0,4690.0,4696.0,14300,0.0,0.0
2024-07-24 13:15:00+09:00,4696.0,4700.0,4684.0,4692.0,20400,0.0,0.0
2024-07-24 13:20:00+09:00,4692.0,4694.0,4687.0,4693.0,4100,0.0,0.0
2024-07-24 13:25:00+09:00,4694.0,4694.0,4683.0,4683.0,4700,0.0,0.0
2024-07-24 13:30:00+09:00,4683.0,4685.0,4677.0,4681.0,10400,0.0,0.0
2024-07-24 13:35:00+09:00,4680.0,4684.0,4676.0,4684.0,9700,0.0,0.0
2024-07-24 13:40:00+09:00,4683.0,4683.0,4674.0,4674.0,4500,0.0,0.0
2024-07-24 13:45:00+09:00,4674.0,4676.0,4668.0,4676.0,11100,0.0,0.0
2024-07-24 13:50:00+09:00,4676.0,4676.0,4670.0,4676.0,6200,0.0,0.0
2024-07-24 13:55:00+09:00,4677.0,4681.0,4673.0,4673.0,8500,0.0,0.0
2024-07-24 14:00:00+09:00,4673.0,4682.0,4673.0,4682.0,5300,0.0,0.0
2024-07-24 14:05:00+09:00,4683.0,4686.0,4681.0,4682.0,2700,0.0,0.0
2024-07-24 14:10:00+09:00,4681.0,4684.0,4679.0,4684.0,5200,0.0,0.0
2024-07-24 14:15:00+09:00,4684.0,4685.0,4675.0,4680.0,4800,0.0,0.0
2024-07-24 14:20:00+09:00,4681.0,4683.0,4678.0,4678.0,4400,0.0,0.0
2024-07-24 14:25:00+09:00,4680.0,4680.0,4671.0,4671.0,3300,0.0,0.0
2024-07-24 14:30:00+09:00,4671.0,4674.0,4663.0,4674.0,10200,0.0,0.0
2024-07-24 14:35:00+09:00,4676.0,4676.0,4664.0,4664.0,5800,0.0,0.0
2024-07-24 14:40:00+09:00,4663.0,4666.0,4661.0,4662.0,6400,0.0,0.0
2024-07-24 14:45:00+09:00,4662.0,4664.0,4657.0,4658.0,9500,0.0,0.0
2024-07-24 14:50:00+09:00,4658.0,4665.0,4655.0,4662.0,12300,0.0,0.0
2024-07-24 14:55:00+09:00,4661.0,4663.0,4647.0,4647.0,24600,0.0,0.0
2024-07-25 09:00:00+09:00,4578.0,4581.0,4517.0,4538.0,67200,0.0,0.0
2024-07-25 09:05:00+09:00,4539.0,4552.0,4503.0,4519.0,69700,0.0,0.0
2024-07-25 09:10:00+09:00,4520.0,4543.0,4520.0,4532.0,19400,0.0,0.0
2024-07-25 09:15:00+09:00,4532.0,4543.0,4526.0,4530.0,15400,0.0,0.0
2024-07-25 09:20:00+09:00,4531.0,4563.0,4531.0,4557.0,11000,0.0,0.0
2024-07-25 09:25:00+09:00,4556.0,4582.0,4553.0,4581.0,14400,0.0,0.0
2024-07-25 09:30:00+09:00,4577.0,4594.0,4570.0,4590.0,8400,0.0,0.0
2024-07-25 09:35:00+09:00,4589.0,4592.0,4575.0,4589.0,9500,0.0,0.0
2024-07-25 09:40:00+09:00,4587.0,4587.0,4557.0,4572.0,7600,0.0,0.0
2024-07-25 09:45:00+09:00,4572.0,4574.0,4561.0,4569.0,11300,0.0,0.0
2024-07-25 09:50:00+09:00,4570.0,4574.0,4560.0,4571.0,7300,0.0,0.0
2024-07-25 09:55:00+09:00,4573.0,4605.0,4573.0,4589.0,14900,0.0,0.0
2024-07-25 10:00:00+09:00,4590.0,4600.0,4590.0,4595.0,4300,0.0,0.0
2024-07-25 10:05:00+09:00,4595.0,4596.0,4579.0,4582.0,5400,0.0,0.0
2024-07-25 10:10:00+09:00,4581.0,4582.0,4574.0,4574.0,5400,0.0,0.0
2024-07-25 10:15:00+09:00,4573.0,4581.0,4573.0,4577.0,7200,0.0,0.0
2024-07-25 10:20:00+09:00,4575.0,4575.0,4564.0,4574.0,9200,0.0,0.0
2024-07-25 10:25:00+09:00,4572.0,4572.0,4565.0,4569.0,5800,0.0,0.0
2024-07-25 10:30:00+09:00,4573.0,4580.0,4572.0,4572.0,3900,0.0,0.0
2024-07-25 10:35:00+09:00,4573.0,4578.0,4569.0,4570.0,5900,0.0,0.0
2024-07-25 10:40:00+09:00,4569.0,4569.0,4555.0,4564.0,8100,0.0,0.0
2024-07-25 10:45:00+09:00,4562.0,4572.0,4562.0,4570.0,9300,0.0,0.0
2024-07-25 10:50:00+09:00,4569.0,4574.0,4568.0,4571.0,5300,0.0,0.0
2024-07-25 10:55:00+09:00,4573.0,4573.0,4562.0,4563.0,6300,0.0,0.0
2024-07-25 11:00:00+09:00,4563.0,4565.0,4553.0,4553.0,9300,0.0,0.0
2024-07-25 11:05:00+09:00,4556.0,4568.0,4556.0,4567.0,12500,0.0,0.0
2024-07-25 11:10:00+09:00,4561.0,4570.0,4558.0,4570.0,3100,0.0,0.0
2024-07-25 11:15:00+09:00,4570.0,4572.0,4567.0,4569.0,4000,0.0,0.0
2024-07-25 11:20:00+09:00,4569.0,4586.0,4569.0,4586.0,9000,0.0,0.0
2024-07-25 11:25:00+09:00,4587.0,4597.0,4586.0,4597.0,5300,0.0,0.0
2024-07-25 11:30:00+09:00,4601.0,4601.0,4601.0,4601.0,2300,0.0,0.0
2024-07-25 11:35:00+09:00,4601.0,4601.0,4601.0,4601.0,0,0.0,0.0
2024-07-25 12:30:00+09:00,4588.0,4600.0,4584.0,4586.0,395300,0.0,0.0
2024-07-25 12:35:00+09:00,4583.0,4586.0,4575.0,4580.0,8400,0.0,0.0
2024-07-25 12:40:00+09:00,4578.0,4578.0,4570.0,4571.0,6400,0.0,0.0
2024-07-25 12:45:00+09:00,4570.0,4583.0,4570.0,4575.0,14700,0.0,0.0
2024-07-25 12:50:00+09:00,4574.0,4578.0,4565.0,4565.0,7200,0.0,0.0
2024-07-25 12:55:00+09:00,4565.0,4575.0,4565.0,4567.0,5600,0.0,0.0
2024-07-25 13:00:00+09:00,4567.0,4568.0,4558.0,4562.0,10400,0.0,0.0
2024-07-25 13:05:00+09:00,4564.0,4568.0,4562.0,4568.0,3300,0.0,0.0
2024-07-25 13:10:00+09:00,4569.0,4569.0,4558.0,4558.0,7500,0.0,0.0
2024-07-25 13:15:00+09:00,4557.0,4558.0,4536.0,4537.0,16200,0.0,0.0
2024-07-25 13:20:00+09:00,4535.0,4535.0,4526.0,4530.0,9600,0.0,0.0
2024-07-25 13:25:00+09:00,4529.0,4533.0,4522.0,4533.0,11400,0.0,0.0
2024-07-25 13:30:00+09:00,4534.0,4541.0,4529.0,4536.0,7000,0.0,0.0
2024-07-25 13:35:00+09:00,4539.0,4552.0,4537.0,4546.0,4000,0.0,0.0
2024-07-25 13:40:00+09:00,4546.0,4548.0,4542.0,4542.0,5800,0.0,0.0
2024-07-25 13:45:00+09:00,4541.0,4549.0,4541.0,4543.0,6200,0.0,0.0
2024-07-25 13:50:00+09:00,4543.0,4560.0,4543.0,4560.0,3200,0.0,0.0
2024-07-25 13:55:00+09:00,4558.0,4558.0,4550.0,4550.0,4700,0.0,0.0
2024-07-25 14:00:00+09:00,4550.0,4559.0,4550.0,4556.0,2900,0.0,0.0
2024-07-25 14:05:00+09:00,4556.0,4558.0,4553.0,4555.0,5000,0.0,0.0
2024-07-25 14:10:00+09:00,4556.0,4563.0,4555.0,4560.0,4800,0.0,0.0
2024-07-25 14:15:00+09:00,4559.0,4559.0,4553.0,4553.0,4100,0.0,0.0
2024-07-25 14:20:00+09:00,4553.0,4553.0,4547.0,4547.0,4200,0.0,0.0
2024-07-25 14:25:00+09:00,4547.0,4548.0,4542.0,4543.0,6000,0.0,0.0
2024-07-25 14:30:00+09:00,4543.0,4550.0,4535.0,4535.0,9800,0.0,0.0
2024-07-25 14:35:00+09:00,4534.0,4547.0,4534.0,4541.0,7400,0.0,0.0
2024-07-25 14:40:00+09:00,4541.0,4544.0,4540.0,4541.0,5400,0.0,0.0
2024-07-25 14:45:00+09:00,4540.0,4540.0,4531.0,4531.0,6300,0.0,0.0
2024-07-25 14:50:00+09:00,4533.0,4534.0,4520.0,4520.0,12300,0.0,0.0
2024-07-25 14:55:00+09:00,4520.0,4527.0,4518.0,4521.0,19900,0.0,0.0
2024-07-26 09:00:00+09:00,4521.0,4543.0,4511.0,4516.0,34600,0.0,0.0
2024-07-26 09:05:00+09:00,4516.0,4544.0,4507.0,4507.0,15700,0.0,0.0
2024-07-26 09:10:00+09:00,4510.0,4514.0,4501.0,4509.0,11300,0.0,0.0
2024-07-26 09:15:00+09:00,4510.0,4516.0,4495.0,4497.0,12300,0.0,0.0
2024-07-26 09:20:00+09:00,4497.0,4497.0,4485.0,4487.0,9800,0.0,0.0
2024-07-26 09:25:00+09:00,4491.0,4501.0,4488.0,4495.0,5200,0.0,0.0
2024-07-26 09:30:00+09:00,4494.0,4494.0,4481.0,4488.0,10700,0.0,0.0
2024-07-26 09:35:00+09:00,4491.0,4498.0,4486.0,4486.0,4300,0.0,0.0
2024-07-26 09:40:00+09:00,4489.0,4502.0,4489.0,4490.0,0,0.0,0.0
2024-07-26 09:45:00+09:00,4491.0,4494.0,4477.0,4477.0,113200,0.0,0.0
2024-07-26 09:50:00+09:00,4476.0,4495.0,4474.0,4493.0,6900,0.0,0.0
2024-07-26 09:55:00+09:00,4493.0,4497.0,4489.0,4493.0,3500,0.0,0.0
2024-07-26 10:00:00+09:00,4496.0,4512.0,4493.0,4511.0,8800,0.0,0.0
2024-07-26 10:05:00+09:00,4510.0,4516.0,4510.0,4510.0,3900,0.0,0.0
2024-07-26 10:10:00+09:00,4512.0,4528.0,4512.0,4524.0,5500,0.0,0.0
2024-07-26 10:15:00+09:00,4520.0,4542.0,4519.0,4538.0,9600,0.0,0.0
2024-07-26 10:20:00+09:00,4536.0,4536.0,4516.0,4517.0,7600,0.0,0.0
2024-07-26 10:25:00+09:00,4517.0,4520.0,4505.0,4509.0,6500,0.0,0.0
2024-07-26 10:30:00+09:00,4507.0,4518.0,4505.0,4516.0,3100,0.0,0.0
2024-07-26 10:35:00+09:00,4512.0,4519.0,4509.0,4512.0,5000,0.0,0.0
2024-07-26 10:40:00+09:00,4512.0,4512.0,4506.0,4509.0,5700,0.0,0.0
2024-07-26 10:45:00+09:00,4508.0,4517.0,4507.0,4517.0,3800,0.0,0.0
2024-07-26 10:50:00+09:00,4515.0,4515.0,4495.0,4496.0,8700,0.0,0.0
2024-07-26 10:55:00+09:00,4495.0,4498.0,4491.0,4498.0,2400,0.0,0.0
2024-07-26 11:00:00+09:00,4497.0,4507.0,4495.0,4506.0,6700,0.0,0.0
2024-07-26 11:05:00+09:00,4507.0,4514.0,4502.0,4514.0,7000,0.0,0.0
2024-07-26 11:10:00+09:00,4515.0,4523.0,4515.0,4518.0,5500,0.0,0.0
2024-07-26 11:15:00+09:00,4517.0,4519.0,4515.0,4519.0,2500,0.0,0.0
2024-07-26 11:20:00+09:00,4517.0,4520.0,4510.0,4515.0,2100,0.0,0.0
2024-07-26 11:25:00+09:00,4512.0,4529.0,4512.0,4529.0,5400,0.0,0.0
2024-07-26 11:30:00+09:00,4524.0,4524.0,4523.0,4523.0,1300,0.0,0.0
2024-07-26 11:35:00+09:00,4523.0,4523.0,4523.0,4523.0,0,0.0,0.0
2024-07-26 12:30:00+09:00,4530.0,4556.0,4530.0,4534.0,241400,0.0,0.0
2024-07-26 12:35:00+09:00,4535.0,4544.0,4532.0,4544.0,3800,0.0,0.0
2024-07-26 12:40:00+09:00,4548.0,4550.0,4544.0,4546.0,3800,0.0,0.0
2024-07-26 12:45:00+09:00,4548.0,4553.0,4540.0,4540.0,2900,0.0,0.0
2024-07-26 12:50:00+09:00,4540.0,4540.0,4536.0,4538.0,2000,0.0,0.0
2024-07-26 12:55:00+09:00,4538.0,4545.0,4538.0,4545.0,2900,0.0,0.0
2024-07-26 13:00:00+09:00,4545.0,4547.0,4543.0,4547.0,4800,0.0,0.0
2024-07-26 13:05:00+09:00,4545.0,4549.0,4538.0,4538.0,3300,0.0,0.0
2024-07-26 13:10:00+09:00,4538.0,4548.0,4538.0,4546.0,3900,0.0,0.0
2024-07-26 13:15:00+09:00,4545.0,4555.0,4545.0,4555.0,4300,0.0,0.0
2024-07-26 13:20:00+09:00,4557.0,4564.0,4557.0,4559.0,2400,0.0,0.0
2024-07-26 13:25:00+09:00,4557.0,4563.0,4556.0,4563.0,2400,0.0,0.0
2024-07-26 13:30:00+09:00,4565.0,4565.0,4559.0,4559.0,4200,0.0,0.0
2024-07-26 13:35:00+09:00,4560.0,4563.0,4559.0,4559.0,5100,0.0,0.0
2024-07-26 13:40:00+09:00,4558.0,4560.0,4557.0,4559.0,3400,0.0,0.0
2024-07-26 13:45:00+09:00,4559.0,4559.0,4550.0,4554.0,4900,0.0,0.0
2024-07-26 13:50:00+09:00,4552.0,4552.0,4547.0,4547.0,2700,0.0,0.0
2024-07-26 13:55:00+09:00,4549.0,4558.0,4549.0,4558.0,3200,0.0,0.0
2024-07-26 14:00:00+09:00,4558.0,4561.0,4556.0,4561.0,3400,0.0,0.0
2024-07-26 14:05:00+09:00,4562.0,4562.0,4553.0,4553.0,6000,0.0,0.0
2024-07-26 14:10:00+09:00,4553.0,4555.0,4550.0,4553.0,10200,0.0,0.0
2024-07-26 14:15:00+09:00,4554.0,4559.0,4553.0,4558.0,4400,0.0,0.0
2024-07-26 14:20:00+09:00,4559.0,4562.0,4556.0,4560.0,3600,0.0,0.0
2024-07-26 14:25:00+09:00,4560.0,4564.0,4557.0,4561.0,2800,0.0,0.0
2024-07-26 14:30:00+09:00,4562.0,4564.0,4559.0,4559.0,5900,0.0,0.0
2024-07-26 14:35:00+09:00,4561.0,4561.0,4554.0,4555.0,5200,0.0,0.0
2024-07-26 14:40:00+09:00,4556.0,4558.0,4552.0,4556.0,7200,0.0,0.0
2024-07-26 14:45:00+09:00,4555.0,4558.0,4549.0,4550.0,13700,0.0,0.0
2024-07-26 14:50:00+09:00,4548.0,4559.0,4541.0,4541.0,16500,0.0,0.0
2024-07-26 14:55:00+09:00,4540.0,4542.0,4524.0,4524.0,22200,0.0,0.0
2024-07-29 09:00:00+09:00,4529.0,4540.0,4503.0,4518.0,33600,0.0,0.0
2024-07-29 09:05:00+09:00,4529.0,4550.0,4529.0,4531.0,3200,0.0,0.0
2024-07-29 09:10:00+09:00,4525.0,4539.0,4523.0,4526.0,5200,0.0,0.0
2024-07-29 09:15:00+09:00,4527.0,4535.0,4522.0,4535.0,6900,0.0,0.0
2024-07-29 09:20:00+09:00,4535.0,4536.0,4526.0,4531.0,4200,0.0,0.0
2024-07-29 09:25:00+09:00,4530.0,4537.0,4527.0,4535.0,3300,0.0,0.0
2024-07-29 09:30:00+09:00,4532.0,4536.0,4526.0,4533.0,3700,0.0,0.0
2024-07-29 09:35:00+09:00,4533.0,4556.0,4531.0,4531.0,5500,0.0,0.0
2024-07-29 09:40:00+09:00,4532.0,4572.0,4532.0,4572.0,7300,0.0,0.0
2024-07-29 09:45:00+09:00,4571.0,4588.0,4571.0,4574.0,10300,0.0,0.0
2024-07-29 09:50:00+09:00,4578.0,4585.0,4578.0,4584.0,3000,0.0,0.0
2024-07-29 09:55:00+09:00,4583.0,4586.0,4577.0,4577.0,4800,0.0,0.0
2024-07-29 10:00:00+09:00,4575.0,4579.0,4572.0,4576.0,3200,0.0,0.0
2024-07-29 10:05:00+09:00,4577.0,4578.0,4568.0,4568.0,2400,0.0,0.0
2024-07-29 10:10:00+09:00,4567.0,4572.0,4558.0,4567.0,6600,0.0,0.0
2024-07-29 10:15:00+09:00,4566.0,4576.0,4565.0,4565.0,3500,0.0,0.0
2024-07-29 10:20:00+09:00,4568.0,4571.0,4563.0,4563.0,3400,0.0,0.0
2024-07-29 10:25:00+09:00,4564.0,4564.0,4553.0,4553.0,7300,0.0,0.0
2024-07-29 10:30:00+09:00,4555.0,4555.0,4544.0,4549.0,7100,0.0,0.0
2024-07-29 10:35:00+09:00,4545.0,4547.0,4538.0,4543.0,4700,0.0,0.0
2024-07-29 10:40:00+09:00,4541.0,4541.0,4534.0,4537.0,2500,0.0,0.0
2024-07-29 10:45:00+09:00,4535.0,4538.0,4533.0,4538.0,3300,0.0,0.0
2024-07-29 10:50:00+09:00,4539.0,4544.0,4535.0,4544.0,4900,0.0,0.0
2024-07-29 10:55:00+09:00,4541.0,4546.0,4536.0,4541.0,4600,0.0,0.0
2024-07-29 11:00:00+09:00,4542.0,4546.0,4541.0,4545.0,2600,0.0,0.0
2024-07-29 11:05:00+09:00,4544.0,4549.0,4540.0,4541.0,4100,0.0,0.0
2024-07-29 11:10:00+09:00,4539.0,4539.0,4533.0,4535.0,2600,0.0,0.0
2024-07-29 11:15:00+09:00,4532.0,4535.0,4530.0,4530.0,2700,0.0,0.0
2024-07-29 11:20:00+09:00,4529.0,4530.0,4525.0,4526.0,2300,0.0,0.0
2024-07-29 11:25:00+09:00,4528.0,4528.0,4523.0,4526.0,4800,0.0,0.0
2024-07-29 11:30:00+09:00,4525.0,4525.0,4523.0,4523.0,2400,0.0,0.0
2024-07-29 11:35:00+09:00,4523.0,4523.0,4523.0,4523.0,0,0.0,0.0
2024-07-29 12:30:00+09:00,4523.0,4545.0,4522.0,4545.0,178800,0.0,0.0
2024-07-29 12:35:00+09:00,4545.0,4550.0,4544.0,4549.0,2800,0.0,0.0
2024-07-29 12:40:00+09:00,4550.0,4562.0,4550.0,4562.0,8100,0.0,0.0
2024-07-29 12:45:00+09:00,4563.0,4564.0,4555.0,4556.0,4100,0.0,0.0
2024-07-29 12:50:00+09:00,4557.0,4560.0,4553.0,4557.0,2000,0.0,0.0
2024-07-29 12:55:00+09:00,4558.0,4558.0,4549.0,4553.0,3500,0.0,0.0
2024-07-29 13:00:00+09:00,4553.0,4559.0,4553.0,4558.0,3000,0.0,0.0
2024-07-29 13:05:00+09:00,4559.0,4569.0,4559.0,4569.0,4700,0.0,0.0
2024-07-29 13:10:00+09:00,4566.0,4568.0,4562.0,4563.0,1800,0.0,0.0
2024-07-29 13:15:00+09:00,4563.0,4566.0,4560.0,4563.0,5000,0.0,0.0
2024-07-29 13:20:00+09:00,4562.0,4568.0,4562.0,4566.0,2200,0.0,0.0
2024-07-29 13:25:00+09:00,4568.0,4576.0,4568.0,4576.0,3200,0.0,0.0
2024-07-29 13:30:00+09:00,4576.0,4577.0,4574.0,4575.0,1700,0.0,0.0
2024-07-29 13:35:00+09:00,4573.0,4573.0,4570.0,4573.0,3000,0.0,0.0
2024-07-29 13:40:00+09:00,4575.0,4576.0,4568.0,4568.0,3700,0.0,0.0
2024-07-29 13:45:00+09:00,4569.0,4570.0,4564.0,4566.0,3500,0.0,0.0
2024-07-29 13:50:00+09:00,4565.0,4565.0,4560.0,4561.0,2200,0.0,0.0
2024-07-29 13:55:00+09:00,4562.0,4564.0,4561.0,4564.0,3400,0.0,0.0
2024-07-29 14:00:00+09:00,4563.0,4569.0,4563.0,4566.0,4000,0.0,0.0
2024-07-29 14:05:00+09:00,4566.0,4573.0,4566.0,4572.0,2500,0.0,0.0
2024-07-29 14:10:00+09:00,4571.0,4573.0,4567.0,4571.0,7600,0.0,0.0
2024-07-29 14:15:00+09:00,4571.0,4572.0,4569.0,4571.0,3000,0.0,0.0
2024-07-29 14:20:00+09:00,4571.0,4576.0,4570.0,4571.0,6600,0.0,0.0
2024-07-29 14:25:00+09:00,4572.0,4578.0,4571.0,4578.0,3500,0.0,0.0
2024-07-29 14:30:00+09:00,4578.0,4591.0,4578.0,4589.0,6800,0.0,0.0
2024-07-29 14:35:00+09:00,4588.0,4599.0,4588.0,4599.0,10700,0.0,0.0
2024-07-29 14:40:00+09:00,4599.0,4610.0,4595.0,4597.0,26100,0.0,0.0
2024-07-29 14:45:00+09:00,4597.0,4602.0,4586.0,4586.0,11100,0.0,0.0
2024-07-29 14:50:00+09:00,4585.0,4592.0,4580.0,4580.0,15200,0.0,0.0
2024-07-29 14:55:00+09:00,4581.0,4586.0,4577.0,4580.0,25800,0.0,0.0
2024-07-30 09:00:00+09:00,4546.0,4566.0,4510.0,4521.0,22700,0.0,0.0
2024-07-30 09:05:00+09:00,4520.0,4520.0,4499.0,4505.0,10000,0.0,0.0
2024-07-30 09:10:00+09:00,4509.0,4524.0,4507.0,4518.0,4500,0.0,0.0
2024-07-30 09:15:00+09:00,4518.0,4535.0,4516.0,4529.0,5400,0.0,0.0
2024-07-30 09:20:00+09:00,4526.0,4537.0,4524.0,4526.0,2700,0.0,0.0
2024-07-30 09:25:00+09:00,4522.0,4539.0,4513.0,4539.0,4600,0.0,0.0
2024-07-30 09:30:00+09:00,4540.0,4545.0,4527.0,4544.0,5000,0.0,0.0
2024-07-30 09:35:00+09:00,4545.0,4562.0,4542.0,4557.0,6900,0.0,0.0
2024-07-30 09:40:00+09:00,4562.0,4568.0,4557.0,4557.0,5100,0.0,0.0
2024-07-30 09:45:00+09:00,4557.0,4567.0,4551.0,4563.0,9900,0.0,0.0
2024-07-30 09:50:00+09:00,4559.0,4561.0,4552.0,4561.0,5600,0.0,0.0
2024-07-30 09:55:00+09:00,4559.0,4568.0,4550.0,4553.0,3400,0.0,0.0
2024-07-30 10:00:00+09:00,4556.0,4563.0,4549.0,4553.0,3400,0.0,0.0
2024-07-30 10:05:00+09:00,4550.0,4557.0,4547.0,4551.0,3100,0.0,0.0
2024-07-30 10:10:00+09:00,4552.0,4557.0,4551.0,4557.0,3600,0.0,0.0
2024-07-30 10:15:00+09:00,4554.0,4559.0,4553.0,4553.0,1700,0.0,0.0
2024-07-30 10:20:00+09:00,4554.0,4554.0,4546.0,4546.0,2700,0.0,0.0
2024-07-30 10:25:00+09:00,4548.0,4548.0,4542.0,4542.0,2200,0.0,0.0
2024-07-30 10:30:00+09:00,4543.0,4544.0,4540.0,4543.0,1600,0.0,0.0
2024-07-30 10:35:00+09:00,4544.0,4553.0,4544.0,4552.0,3300,0.0,0.0
2024-07-30 10:40:00+09:00,4554.0,4555.0,4551.0,4552.0,1300,0.0,0.0
2024-07-30 10:45:00+09:00,4556.0,4565.0,4553.0,4558.0,4400,0.0,0.0
2024-07-30 10:50:00+09:00,4557.0,4559.0,4552.0,4552.0,1400,0.0,0.0
2024-07-30 10:55:00+09:00,4558.0,4562.0,4555.0,4562.0,2600,0.0,0.0
2024-07-30 11:00:00+09:00,4563.0,4564.0,4557.0,4557.0,3300,0.0,0.0
2024-07-30 11:05:00+09:00,4553.0,4559.0,4553.0,4559.0,2200,0.0,0.0
2024-07-30 11:10:00+09:00,4559.0,4561.0,4555.0,4561.0,3500,0.0,0.0
2024-07-30 11:15:00+09:00,4560.0,4566.0,4559.0,4566.0,1700,0.0,0.0
2024-07-30 11:20:00+09:00,4566.0,4567.0,4563.0,4563.0,1000,0.0,0.0
2024-07-30 11:25:00+09:00,4563.0,4567.0,4562.0,4567.0,2500,0.0,0.0
2024-07-30 11:30:00+09:00,4567.0,4567.0,4567.0,4567.0,400,0.0,0.0
2024-07-30 11:35:00+09:00,4567.0,4567.0,4567.0,4567.0,0,0.0,0.0
2024-07-30 12:30:00+09:00,4578.0,4578.0,4568.0,4568.0,140100,0.0,0.0
2024-07-30 12:35:00+09:00,4563.0,4564.0,4553.0,4553.0,4100,0.0,0.0
2024-07-30 12:40:00+09:00,4554.0,4562.0,4553.0,4560.0,4300,0.0,0.0
2024-07-30 12:45:00+09:00,4562.0,4563.0,4559.0,4559.0,3000,0.0,0.0
2024-07-30 12:50:00+09:00,4556.0,4556.0,4553.0,4553.0,1200,0.0,0.0
2024-07-30 12:55:00+09:00,4553.0,4555.0,4550.0,4552.0,5000,0.0,0.0
2024-07-30 13:00:00+09:00,4553.0,4553.0,4550.0,4552.0,2400,0.0,0.0
2024-07-30 13:05:00+09:00,4552.0,4553.0,4548.0,4548.0,2100,0.0,0.0
2024-07-30 13:10:00+09:00,4550.0,4550.0,4545.0,4547.0,3900,0.0,0.0
2024-07-30 13:15:00+09:00,4547.0,4547.0,4543.0,4543.0,2100,0.0,0.0
2024-07-30 13:20:00+09:00,4544.0,4544.0,4541.0,4543.0,2300,0.0,0.0
2024-07-30 13:25:00+09:00,4543.0,4548.0,4541.0,4548.0,4900,0.0,0.0
2024-07-30 13:30:00+09:00,4550.0,4553.0,4546.0,4553.0,4000,0.0,0.0
2024-07-30 13:35:00+09:00,4554.0,4558.0,4553.0,4558.0,2700,0.0,0.0
2024-07-30 13:40:00+09:00,4557.0,4564.0,4556.0,4562.0,3800,0.0,0.0
2024-07-30 13:45:00+09:00,4563.0,4567.0,4557.0,4567.0,3300,0.0,0.0
2024-07-30 13:50:00+09:00,4569.0,4569.0,4563.0,4565.0,2000,0.0,0.0
2024-07-30 13:55:00+09:00,4567.0,4568.0,4562.0,4565.0,2800,0.0,0.0
2024-07-30 14:00:00+09:00,4565.0,4567.0,4562.0,4563.0,3700,0.0,0.0
2024-07-30 14:05:00+09:00,4563.0,4568.0,4562.0,4568.0,3400,0.0,0.0
2024-07-30 14:10:00+09:00,4570.0,4570.0,4564.0,4564.0,2000,0.0,0.0
2024-07-30 14:15:00+09:00,4565.0,4566.0,4564.0,4565.0,2000,0.0,0.0
2024-07-30 14:20:00+09:00,4564.0,4567.0,4563.0,4567.0,2300,0.0,0.0
2024-07-30 14:25:00+09:00,4566.0,4572.0,4566.0,4570.0,3400,0.0,0.0
2024-07-30 14:30:00+09:00,4569.0,4571.0,4566.0,4566.0,6300,0.0,0.0
2024-07-30 14:35:00+09:00,4567.0,4577.0,4567.0,4575.0,6300,0.0,0.0
2024-07-30 14:40:00+09:00,4574.0,4592.0,4574.0,4588.0,12200,0.0,0.0
2024-07-30 14:45:00+09:00,4588.0,4592.0,4582.0,4588.0,11000,0.0,0.0
2024-07-30 14:50:00+09:00,4587.0,4589.0,4584.0,4589.0,9000,0.0,0.0
2024-07-30 14:55:00+09:00,4589.0,4595.0,4588.0,4591.0,8100,0.0,0.0
2024-07-31 09:00:00+09:00,4562.0,4590.0,4553.0,4590.0,24100,0.0,0.0
2024-07-31 09:05:00+09:00,4592.0,4602.0,4582.0,4589.0,6800,0.0,0.0
2024-07-31 09:10:00+09:00,4586.0,4586.0,4553.0,4553.0,4300,0.0,0.0
2024-07-31 09:15:00+09:00,4557.0,4561.0,4522.0,4524.0,10000,0.0,0.0
2024-07-31 09:20:00+09:00,4526.0,4540.0,4524.0,4539.0,10600,0.0,0.0
2024-07-31 09:25:00+09:00,4540.0,4547.0,4505.0,4514.0,12300,0.0,0.0
2024-07-31 09:30:00+09:00,4514.0,4516.0,4505.0,4505.0,6700,0.0,0.0
2024-07-31 09:35:00+09:00,4505.0,4524.0,4497.0,4506.0,21200,0.0,0.0
2024-07-31 09:40:00+09:00,4507.0,4519.0,4505.0,4505.0,8900,0.0,0.0
2024-07-31 09:45:00+09:00,4504.0,4513.0,4481.0,4513.0,27000,0.0,0.0
2024-07-31 09:50:00+09:00,4513.0,4516.0,4466.0,4473.0,18500,0.0,0.0
2024-07-31 09:55:00+09:00,4474.0,4483.0,4466.0,4481.0,20400,0.0,0.0
2024-07-31 10:00:00+09:00,4480.0,4495.0,4475.0,4479.0,13900,0.0,0.0
2024-07-31 10:05:00+09:00,4477.0,4505.0,4477.0,4494.0,7500,0.0,0.0
2024-07-31 10:10:00+09:00,4490.0,4490.0,4455.0,4455.0,7300,0.0,0.0
2024-07-31 10:15:00+09:00,4455.0,4458.0,4440.0,4440.0,12200,0.0,0.0
2024-07-31 10:20:00+09:00,4447.0,4452.0,4426.0,4434.0,15700,0.0,0.0
2024-07-31 10:25:00+09:00,4434.0,4434.0,4402.0,4409.0,25600,0.0,0.0
2024-07-31 10:30:00+09:00,4409.0,4416.0,4380.0,4398.0,30700,0.0,0.0
2024-07-31 10:35:00+09:00,4396.0,4396.0,4360.0,4365.0,21800,0.0,0.0
2024-07-31 10:40:00+09:00,4364.0,4382.0,4355.0,4372.0,11700,0.0,0.0
2024-07-31 10:45:00+09:00,4371.0,4394.0,4358.0,4361.0,20400,0.0,0.0
2024-07-31 10:50:00+09:00,4361.0,4376.0,4361.0,4366.0,14300,0.0,0.0
2024-07-31 10:55:00+09:00,4367.0,4389.0,4366.0,4382.0,16200,0.0,0.0
2024-07-31 11:00:00+09:00,4382.0,4390.0,4371.0,4372.0,12600,0.0,0.0
2024-07-31 11:05:00+09:00,4373.0,4383.0,4373.0,4378.0,8000,0.0,0.0
2024-07-31 11:10:00+09:00,4380.0,4407.0,4376.0,4393.0,19300,0.0,0.0
2024-07-31 11:15:00+09:00,4390.0,4402.0,4381.0,4383.0,11200,0.0,0.0
2024-07-31 11:20:00+09:00,4383.0,4405.0,4383.0,4400.0,9700,0.0,0.0
2024-07-31 11:25:00+09:00,4404.0,4407.0,4396.0,4402.0,8400,0.0,0.0
2024-07-31 11:30:00+09:00,4399.0,4399.0,4395.0,4395.0,3800,0.0,0.0
2024-07-31 11:35:00+09:00,4395.0,4395.0,4395.0,4395.0,0,0.0,0.0
2024-07-31 12:30:00+09:00,4393.0,4455.0,4389.0,4452.0,462500,0.0,0.0
2024-07-31 12:35:00+09:00,4449.0,4458.0,4443.0,4443.0,7400,0.0,0.0
2024-07-31 12:40:00+09:00,4448.0,4458.0,4435.0,4441.0,5900,0.0,0.0
2024-07-31 12:45:00+09:00,4438.0,4443.0,4432.0,4443.0,5600,0.0,0.0
2024-07-31 12:50:00+09:00,4443.0,4446.0,4436.0,4442.0,4400,0.0,0.0
2024-07-31 12:55:00+09:00,4445.0,4454.0,4428.0,4454.0,13700,0.0,0.0
2024-07-31 13:00:00+09:00,4455.0,4464.0,4444.0,4453.0,6800,0.0,0.0
2024-07-31 13:05:00+09:00,4455.0,4455.0,4445.0,4448.0,3600,0.0,0.0
2024-07-31 13:10:00+09:00,4447.0,4453.0,4447.0,4453.0,5200,0.0,0.0
2024-07-31 13:15:00+09:00,4452.0,4474.0,4452.0,4474.0,4600,0.0,0.0
2024-07-31 13:20:00+09:00,4473.0,4479.0,4457.0,4479.0,10100,0.0,0.0
2024-07-31 13:25:00+09:00,4479.0,4489.0,4476.0,4477.0,5100,0.0,0.0
2024-07-31 13:30:00+09:00,4475.0,4478.0,4464.0,4464.0,5900,0.0,0.0
2024-07-31 13:35:00+09:00,4461.0,4467.0,4457.0,4463.0,5200,0.0,0.0
2024-07-31 13:40:00+09:00,4462.0,4465.0,4459.0,4464.0,3300,0.0,0.0
2024-07-31 13:45:00+09:00,4462.0,4472.0,4460.0,4470.0,4700,0.0,0.0
2024-07-31 13:50:00+09:00,4469.0,4477.0,4468.0,4472.0,7400,0.0,0.0
2024-07-31 13:55:00+09:00,4473.0,4474.0,4454.0,4456.0,12100,0.0,0.0
2024-07-31 14:00:00+09:00,4457.0,4462.0,4455.0,4462.0,3800,0.0,0.0
2024-07-31 14:05:00+09:00,4463.0,4464.0,4458.0,4460.0,7000,0.0,0.0
2024-07-31 14:10:00+09:00,4460.0,4460.0,4453.0,4456.0,4100,0.0,0.0
2024-07-31 14:15:00+09:00,4455.0,4457.0,4448.0,4452.0,10000,0.0,0.0
2024-07-31 14:20:00+09:00,4455.0,4457.0,4448.0,4452.0,4900,0.0,0.0
2024-07-31 14:25:00+09:00,4453.0,4453.0,4449.0,4453.0,7900,0.0,0.0
2024-07-31 14:30:00+09:00,4451.0,4462.0,4451.0,4462.0,9100,0.0,0.0
2024-07-31 14:35:00+09:00,4461.0,4473.0,4460.0,4473.0,5200,0.0,0.0
2024-07-31 14:40:00+09:00,4473.0,4489.0,4473.0,4480.0,16500,0.0,0.0
2024-07-31 14:45:00+09:00,4479.0,4488.0,4476.0,4477.0,15300,0.0,0.0
2024-07-31 14:50:00+09:00,4478.0,4484.0,4475.0,4480.0,17600,0.0,0.0
2024-07-31 14:55:00+09:00,4480.0,4520.0,4478.0,4479.0,45100,0.0,0.0
2024-08-01 09:00:00+09:00,4509.0,4530.0,4461.0,4517.0,60900,0.0,0.0
2024-08-01 09:05:00+09:00,4504.0,4531.0,4500.0,4526.0,21100,0.0,0.0
2024-08-01 09:10:00+09:00,4530.0,4530.0,4471.0,4473.0,9900,0.0,0.0
2024-08-01 09:15:00+09:00,4469.0,4507.0,4465.0,4507.0,8100,0.0,0.0
2024-08-01 09:20:00+09:00,4510.0,4526.0,4503.0,4503.0,7700,0.0,0.0
2024-08-01 09:25:00+09:00,4501.0,4503.0,4488.0,4498.0,6100,0.0,0.0
2024-08-01 09:30:00+09:00,4501.0,4503.0,4472.0,4475.0,7500,0.0,0.0
2024-08-01 09:35:00+09:00,4480.0,4495.0,4480.0,4481.0,9700,0.0,0.0
2024-08-01 09:40:00+09:00,4481.0,4517.0,4481.0,4507.0,8400,0.0,0.0
2024-08-01 09:45:00+09:00,4506.0,4506.0,4489.0,4496.0,6100,0.0,0.0
2024-08-01 09:50:00+09:00,4496.0,4499.0,4475.0,4488.0,13300,0.0,0.0
2024-08-01 09:55:00+09:00,4489.0,4492.0,4478.0,4490.0,9200,0.0,0.0
2024-08-01 10:00:00+09:00,4491.0,4492.0,4468.0,4471.0,10800,0.0,0.0
2024-08-01 10:05:00+09:00,4471.0,4475.0,4442.0,4450.0,9900,0.0,0.0
2024-08-01 10:10:00+09:00,4450.0,4461.0,4439.0,4453.0,6900,0.0,0.0
2024-08-01 10:15:00+09:00,4452.0,4459.0,4448.0,4454.0,5900,0.0,0.0
2024-08-01 10:20:00+09:00,4460.0,4460.0,4447.0,4452.0,3900,0.0,0.0
2024-08-01 10:25:00+09:00,4453.0,4464.0,4448.0,4452.0,5600,0.0,0.0
2024-08-01 10:30:00+09:00,4450.0,4459.0,4445.0,4451.0,8400,0.0,0.0
2024-08-01 10:35:00+09:00,4453.0,4459.0,4445.0,4454.0,5700,0.0,0.0
2024-08-01 10:40:00+09:00,4454.0,4467.0,4453.0,4467.0,2800,0.0,0.0
2024-08-01 10:45:00+09:00,4468.0,4496.0,4468.0,4493.0,6100,0.0,0.0
2024-08-01 10:50:00+09:00,4492.0,4510.0,4487.0,4508.0,7400,0.0,0.0
2024-08-01 10:55:00+09:00,4507.0,4509.0,4493.0,4496.0,6800,0.0,0.0
2024-08-01 11:00:00+09:00,4495.0,4495.0,4476.0,4479.0,9000,0.0,0.0
2024-08-01 11:05:00+09:00,4478.0,4479.0,4460.0,4460.0,6500,0.0,0.0
2024-08-01 11:10:00+09:00,4457.0,4460.0,4451.0,4458.0,9500,0.0,0.0
2024-08-01 11:15:00+09:00,4456.0,4469.0,4451.0,4451.0,8400,0.0,0.0
2024-08-01 11:20:00+09:00,4453.0,4458.0,4452.0,4457.0,4400,0.0,0.0
2024-08-01 11:25:00+09:00,4456.0,4472.0,4456.0,4469.0,5100,0.0,0.0
2024-08-01 11:30:00+09:00,4465.0,4465.0,4465.0,4465.0,500,0.0,0.0
2024-08-01 11:35:00+09:00,4465.0,4465.0,4465.0,4465.0,0,0.0,0.0
2024-08-01 12:30:00+09:00,4454.0,4465.0,4420.0,4420.0,316100,0.0,0.0
2024-08-01 12:35:00+09:00,4415.0,4415.0,4393.0,4395.0,12000,0.0,0.0
2024-08-01 12:40:00+09:00,4395.0,4407.0,4393.0,4395.0,8900,0.0,0.0
2024-08-01 12:45:00+09:00,4400.0,4400.0,4383.0,4388.0,6500,0.0,0.0
2024-08-01 12:50:00+09:00,4388.0,4398.0,4385.0,4396.0,4900,0.0,0.0
2024-08-01 12:55:00+09:00,4398.0,4398.0,4389.0,4390.0,7000,0.0,0.0
2024-08-01 13:00:00+09:00,4390.0,4394.0,4375.0,4375.0,9500,0.0,0.0
2024-08-01 13:05:00+09:00,4377.0,4380.0,4371.0,4373.0,5400,0.0,0.0
2024-08-01 13:10:00+09:00,4373.0,4373.0,4362.0,4362.0,5800,0.0,0.0
2024-08-01 13:15:00+09:00,4364.0,4373.0,4364.0,4366.0,6900,0.0,0.0
2024-08-01 13:20:00+09:00,4365.0,4365.0,4341.0,4349.0,18300,0.0,0.0
2024-08-01 13:25:00+09:00,4350.0,4350.0,4339.0,4339.0,7900,0.0,0.0
2024-08-01 13:30:00+09:00,4337.0,4339.0,4328.0,4333.0,8600,0.0,0.0
2024-08-01 13:35:00+09:00,4331.0,4349.0,4331.0,4339.0,10100,0.0,0.0
2024-08-01 13:40:00+09:00,4342.0,4342.0,4336.0,4338.0,5000,0.0,0.0
2024-08-01 13:45:00+09:00,4337.0,4344.0,4331.0,4342.0,12100,0.0,0.0
2024-08-01 13:50:00+09:00,4342.0,4354.0,4338.0,4340.0,8500,0.0,0.0
2024-08-01 13:55:00+09:00,4340.0,4350.0,4339.0,4350.0,8400,0.0,0.0
2024-08-01 14:00:00+09:00,4353.0,4354.0,4345.0,4347.0,7300,0.0,0.0
2024-08-01 14:05:00+09:00,4347.0,4355.0,4340.0,4355.0,10100,0.0,0.0
2024-08-01 14:10:00+09:00,4356.0,4360.0,4353.0,4356.0,5500,0.0,0.0
2024-08-01 14:15:00+09:00,4355.0,4356.0,4348.0,4348.0,7300,0.0,0.0
2024-08-01 14:20:00+09:00,4347.0,4359.0,4343.0,4357.0,11300,0.0,0.0
2024-08-01 14:25:00+09:00,4357.0,4360.0,4352.0,4355.0,7700,0.0,0.0
2024-08-01 14:30:00+09:00,4354.0,4361.0,4345.0,4358.0,12300,0.0,0.0
2024-08-01 14:35:00+09:00,4360.0,4367.0,4350.0,4352.0,16000,0.0,0.0
2024-08-01 14:40:00+09:00,4350.0,4350.0,4340.0,4340.0,10000,0.0,0.0
2024-08-01 14:45:00+09:00,4341.0,4370.0,4341.0,4370.0,11500,0.0,0.0
2024-08-01 14:50:00+09:00,4373.0,4373.0,4357.0,4358.0,22800,0.0,0.0
2024-08-01 14:55:00+09:00,4357.0,4362.0,4347.0,4357.0,35400,0.0,0.0
2024-08-02 09:00:00+09:00,4290.0,4291.0,4265.0,4275.0,65800,0.0,0.0
2024-08-02 09:05:00+09:00,4275.0,4308.0,4275.0,4296.0,22400,0.0,0.0
2024-08-02 09:10:00+09:00,4290.0,4321.0,4273.0,4321.0,16800,0.0,0.0
2024-08-02 09:15:00+09:00,4323.0,4358.0,4318.0,4328.0,17600,0.0,0.0
2024-08-02 09:20:00+09:00,4331.0,4334.0,4321.0,4333.0,10100,0.0,0.0
2024-08-02 09:25:00+09:00,4327.0,4331.0,4296.0,4303.0,8900,0.0,0.0
2024-08-02 09:30:00+09:00,4298.0,4330.0,4296.0,4328.0,11300,0.0,0.0
2024-08-02 09:35:00+09:00,4326.0,4339.0,4318.0,4327.0,10700,0.0,0.0
2024-08-02 09:40:00+09:00,4326.0,4326.0,4306.0,4306.0,6100,0.0,0.0
2024-08-02 09:45:00+09:00,4310.0,4317.0,4309.0,4312.0,6600,0.0,0.0
2024-08-02 09:50:00+09:00,4311.0,4312.0,4303.0,4305.0,8000,0.0,0.0
2024-08-02 09:55:00+09:00,4302.0,4310.0,4291.0,4310.0,7900,0.0,0.0
2024-08-02 10:00:00+09:00,4313.0,4314.0,4293.0,4293.0,10600,0.0,0.0
2024-08-02 10:05:00+09:00,4294.0,4319.0,4293.0,4308.0,10600,0.0,0.0
2024-08-02 10:10:00+09:00,4306.0,4315.0,4302.0,4303.0,6900,0.0,0.0
2024-08-02 10:15:00+09:00,4301.0,4301.0,4283.0,4292.0,7400,0.0,0.0
2024-08-02 10:20:00+09:00,4291.0,4298.0,4286.0,4293.0,4900,0.0,0.0
2024-08-02 10:25:00+09:00,4291.0,4291.0,4279.0,4291.0,7800,0.0,0.0
2024-08-02 10:30:00+09:00,4296.0,4309.0,4296.0,4302.0,7600,0.0,0.0
2024-08-02 10:35:00+09:00,4300.0,4323.0,4299.0,4323.0,6500,0.0,0.0
2024-08-02 10:40:00+09:00,4322.0,4348.0,4322.0,4348.0,6600,0.0,0.0
2024-08-02 10:45:00+09:00,4351.0,4363.0,4350.0,4360.0,9500,0.0,0.0
2024-08-02 10:50:00+09:00,4362.0,4362.0,4345.0,4345.0,8300,0.0,0.0
2024-08-02 10:55:00+09:00,4344.0,4345.0,4336.0,4336.0,4700,0.0,0.0
2024-08-02 11:00:00+09:00,4335.0,4338.0,4321.0,4325.0,6300,0.0,0.0
2024-08-02 11:05:00+09:00,4327.0,4328.0,4315.0,4315.0,5700,0.0,0.0
2024-08-02 11:10:00+09:00,4313.0,4313.0,4301.0,4305.0,4200,0.0,0.0
2024-08-02 11:15:00+09:00,4304.0,4307.0,4295.0,4297.0,4300,0.0,0.0
2024-08-02 11:20:00+09:00,4299.0,4300.0,4293.0,4294.0,6500,0.0,0.0
2024-08-02 11:25:00+09:00,4293.0,4300.0,4285.0,4299.0,6100,0.0,0.0
2024-08-02 11:30:00+09:00,4301.0,4301.0,4301.0,4301.0,2800,0.0,0.0
2024-08-02 11:35:00+09:00,4301.0,4301.0,4301.0,4301.0,0,0.0,0.0
2024-08-02 12:30:00+09:00,4305.0,4318.0,4295.0,4295.0,338600,0.0,0.0
2024-08-02 12:35:00+09:00,4285.0,4289.0,4273.0,4273.0,9100,0.0,0.0
2024-08-02 12:40:00+09:00,4272.0,4273.0,4262.0,4267.0,6900,0.0,0.0
2024-08-02 12:45:00+09:00,4264.0,4280.0,4264.0,4272.0,9500,0.0,0.0
2024-08-02 12:50:00+09:00,4274.0,4276.0,4262.0,4263.0,7000,0.0,0.0
2024-08-02 12:55:00+09:00,4261.0,4264.0,4256.0,4260.0,8600,0.0,0.0
2024-08-02 13:00:00+09:00,4260.0,4261.0,4254.0,4261.0,6200,0.0,0.0
2024-08-02 13:05:00+09:00,4257.0,4263.0,4253.0,4258.0,6800,0.0,0.0
2024-08-02 13:10:00+09:00,4258.0,4265.0,4256.0,4261.0,5400,0.0,0.0
2024-08-02 13:15:00+09:00,4260.0,4266.0,4250.0,4250.0,9900,0.0,0.0
2024-08-02 13:20:00+09:00,4248.0,4254.0,4243.0,4247.0,6600,0.0,0.0
2024-08-02 13:25:00+09:00,4248.0,4253.0,4245.0,4245.0,5300,0.0,0.0
2024-08-02 13:30:00+09:00,4247.0,4249.0,4237.0,4239.0,13000,0.0,0.0
2024-08-02 13:35:00+09:00,4238.0,4244.0,4236.0,4241.0,6700,0.0,0.0
2024-08-02 13:40:00+09:00,4240.0,4249.0,4238.0,4247.0,4700,0.0,0.0
2024-08-02 13:45:00+09:00,4248.0,4248.0,4239.0,4248.0,6200,0.0,0.0
2024-08-02 13:50:00+09:00,4247.0,4247.0,4239.0,4245.0,5300,0.0,0.0
2024-08-02 13:55:00+09:00,4246.0,4253.0,4243.0,4252.0,4900,0.0,0.0
2024-08-02 14:00:00+09:00,4252.0,4253.0,4242.0,4242.0,5400,0.0,0.0
2024-08-02 14:05:00+09:00,4242.0,4244.0,4235.0,4238.0,7700,0.0,0.0
2024-08-02 14:10:00+09:00,4236.0,4238.0,4232.0,4236.0,8500,0.0,0.0
2024-08-02 14:15:00+09:00,4235.0,4241.0,4234.0,4241.0,7500,0.0,0.0
2024-08-02 14:20:00+09:00,4239.0,4242.0,4227.0,4229.0,17100,0.0,0.0
2024-08-02 14:25:00+09:00,4228.0,4235.0,4226.0,4232.0,5700,0.0,0.0
2024-08-02 14:30:00+09:00,4232.0,4243.0,4226.0,4226.0,32600,0.0,0.0
2024-08-02 14:35:00+09:00,4224.0,4225.0,4213.0,4221.0,23200,0.0,0.0
2024-08-02 14:40:00+09:00,4224.0,4235.0,4211.0,4212.0,15600,0.0,0.0
2024-08-02 14:45:00+09:00,4211.0,4214.0,4199.0,4211.0,26300,0.0,0.0
2024-08-02 14:50:00+09:00,4210.0,4211.0,4198.0,4201.0,30200,0.0,0.0
2024-08-02 14:55:00+09:00,4201.0,4211.0,4193.0,4193.0,43100,0.0,0.0
2024-08-05 09:05:00+09:00,4000.0,4033.0,3971.0,4033.0,158500,0.0,0.0
2024-08-05 09:10:00+09:00,4030.0,4038.0,4000.0,4005.0,35400,0.0,0.0
2024-08-05 09:15:00+09:00,4000.0,4018.0,3963.0,4010.0,28200,0.0,0.0
2024-08-05 09:20:00+09:00,4005.0,4050.0,4001.0,4049.0,16500,0.0,0.0
2024-08-05 09:25:00+09:00,4046.0,4082.0,4033.0,4078.0,32000,0.0,0.0
2024-08-05 09:30:00+09:00,4082.0,4103.0,4074.0,4098.0,33000,0.0,0.0
2024-08-05 09:35:00+09:00,4102.0,4112.0,4089.0,4104.0,16200,0.0,0.0
2024-08-05 09:40:00+09:00,4107.0,4146.0,4104.0,4123.0,19100,0.0,0.0
2024-08-05 09:45:00+09:00,4126.0,4132.0,4113.0,4113.0,8800,0.0,0.0
2024-08-05 09:50:00+09:00,4113.0,4119.0,4102.0,4110.0,8200,0.0,0.0
2024-08-05 09:55:00+09:00,4111.0,4161.0,4111.0,4148.0,17800,0.0,0.0
2024-08-05 10:00:00+09:00,4147.0,4158.0,4141.0,4141.0,9100,0.0,0.0
2024-08-05 10:05:00+09:00,4141.0,4141.0,4101.0,4113.0,11000,0.0,0.0
2024-08-05 10:10:00+09:00,4112.0,4132.0,4108.0,4122.0,9800,0.0,0.0
2024-08-05 10:15:00+09:00,4116.0,4133.0,4114.0,4124.0,13100,0.0,0.0
2024-08-05 10:20:00+09:00,4123.0,4130.0,4099.0,4106.0,11000,0.0,0.0
2024-08-05 10:25:00+09:00,4104.0,4106.0,4087.0,4104.0,9300,0.0,0.0
2024-08-05 10:30:00+09:00,4102.0,4127.0,4096.0,4127.0,7900,0.0,0.0
2024-08-05 10:35:00+09:00,4126.0,4136.0,4120.0,4136.0,9400,0.0,0.0
2024-08-05 10:40:00+09:00,4134.0,4136.0,4123.0,4123.0,5400,0.0,0.0
2024-08-05 10:45:00+09:00,4126.0,4138.0,4122.0,4132.0,6700,0.0,0.0
2024-08-05 10:50:00+09:00,4133.0,4148.0,4130.0,4144.0,6200,0.0,0.0
2024-08-05 10:55:00+09:00,4146.0,4174.0,4146.0,4161.0,10800,0.0,0.0
2024-08-05 11:00:00+09:00,4166.0,4167.0,4148.0,4156.0,9500,0.0,0.0
2024-08-05 11:05:00+09:00,4153.0,4156.0,4138.0,4149.0,9700,0.0,0.0
2024-08-05 11:10:00+09:00,4150.0,4151.0,4138.0,4138.0,8200,0.0,0.0
2024-08-05 11:15:00+09:00,4137.0,4174.0,4137.0,4170.0,8300,0.0,0.0
2024-08-05 11:20:00+09:00,4173.0,4200.0,4173.0,4192.0,13700,0.0,0.0
2024-08-05 11:25:00+09:00,4192.0,4201.0,4189.0,4193.0,9800,0.0,0.0
2024-08-05 11:30:00+09:00,4193.0,4193.0,4193.0,4193.0,900,0.0,0.0
2024-08-05 11:35:00+09:00,4193.0,4193.0,4193.0,4193.0,0,0.0,0.0
2024-08-05 12:30:00+09:00,4156.0,4175.0,4151.0,4151.0,574400,0.0,0.0
2024-08-05 12:35:00+09:00,4150.0,4176.0,4143.0,4170.0,11800,0.0,0.0
2024-08-05 12:40:00+09:00,4169.0,4171.0,4161.0,4161.0,8600,0.0,0.0
2024-08-05 12:45:00+09:00,4160.0,4160.0,4143.0,4143.0,8300,0.0,0.0
2024-08-05 12:50:00+09:00,4138.0,4148.0,4131.0,4143.0,7400,0.0,0.0
2024-08-05 12:55:00+09:00,4145.0,4154.0,4138.0,4142.0,8900,0.0,0.0
2024-08-05 13:00:00+09:00,4143.0,4143.0,4136.0,4136.0,8800,0.0,0.0
2024-08-05 13:05:00+09:00,4138.0,4140.0,4110.0,4121.0,16400,0.0,0.0
2024-08-05 13:10:00+09:00,4124.0,4127.0,4110.0,4125.0,9600,0.0,0.0
2024-08-05 13:15:00+09:00,4129.0,4130.0,4106.0,4106.0,9700,0.0,0.0
2024-08-05 13:20:00+09:00,4105.0,4107.0,4091.0,4101.0,15400,0.0,0.0
2024-08-05 13:25:00+09:00,4101.0,4108.0,4093.0,4105.0,13700,0.0,0.0
2024-08-05 13:30:00+09:00,4103.0,4103.0,4095.0,4099.0,7800,0.0,0.0
2024-08-05 13:35:00+09:00,4100.0,4122.0,4100.0,4116.0,13600,0.0,0.0
2024-08-05 13:40:00+09:00,4115.0,4115.0,4095.0,4099.0,8500,0.0,0.0
2024-08-05 13:45:00+09:00,4098.0,4098.0,4079.0,4083.0,9700,0.0,0.0
2024-08-05 13:50:00+09:00,4084.0,4103.0,4081.0,4081.0,15700,0.0,0.0
2024-08-05 13:55:00+09:00,4086.0,4087.0,4061.0,4061.0,10600,0.0,0.0
2024-08-05 14:00:00+09:00,4060.0,4060.0,4040.0,4050.0,9500,0.0,0.0
2024-08-05 14:05:00+09:00,4053.0,4057.0,4024.0,4026.0,12500,0.0,0.0
2024-08-05 14:10:00+09:00,4022.0,4026.0,4009.0,4021.0,10600,0.0,0.0
2024-08-05 14:15:00+09:00,4023.0,4030.0,3983.0,3988.0,18000,0.0,0.0
2024-08-05 14:20:00+09:00,3988.0,4004.0,3971.0,3973.0,22600,0.0,0.0
2024-08-05 14:25:00+09:00,3976.0,3981.0,3953.0,3969.0,21000,0.0,0.0
2024-08-05 14:30:00+09:00,3973.0,3980.0,3928.0,3937.0,20100,0.0,0.0
2024-08-05 14:35:00+09:00,3936.0,3949.0,3901.0,3901.0,25500,0.0,0.0
2024-08-05 14:40:00+09:00,3906.0,3948.0,3884.0,3893.0,34200,0.0,0.0
2024-08-05 14:45:00+09:00,3893.0,3894.0,3850.0,3864.0,47600,0.0,0.0
2024-08-05 14:50:00+09:00,3868.0,3889.0,3831.0,3855.0,60500,0.0,0.0
2024-08-05 14:55:00+09:00,3855.0,3970.0,3854.0,3933.0,79200,0.0,0.0
2024-08-06 09:10:00+09:00,4201.0,4257.0,4201.0,4201.0,85000,0.0,0.0
2024-08-06 09:15:00+09:00,4200.0,4207.0,4181.0,4188.0,27900,0.0,0.0
2024-08-06 09:20:00+09:00,4188.0,4216.0,4180.0,4209.0,11300,0.0,0.0
2024-08-06 09:25:00+09:00,4210.0,4211.0,4170.0,4170.0,11200,0.0,0.0
2024-08-06 09:30:00+09:00,4177.0,4211.0,4173.0,4193.0,13700,0.0,0.0
2024-08-06 09:35:00+09:00,4192.0,4227.0,4189.0,4224.0,6700,0.0,0.0
2024-08-06 09:40:00+09:00,4228.0,4228.0,4196.0,4203.0,9800,0.0,0.0
2024-08-06 09:45:00+09:00,4207.0,4224.0,4207.0,4218.0,5400,0.0,0.0
2024-08-06 09:50:00+09:00,4220.0,4250.0,4220.0,4234.0,13000,0.0,0.0
2024-08-06 09:55:00+09:00,4232.0,4252.0,4231.0,4249.0,6100,0.0,0.0
2024-08-06 10:00:00+09:00,4249.0,4262.0,4246.0,4253.0,8800,0.0,0.0
2024-08-06 10:05:00+09:00,4254.0,4259.0,4241.0,4246.0,12700,0.0,0.0
2024-08-06 10:10:00+09:00,4248.0,4249.0,4237.0,4245.0,7700,0.0,0.0
2024-08-06 10:15:00+09:00,4248.0,4269.0,4231.0,4236.0,14900,0.0,0.0
2024-08-06 10:20:00+09:00,4234.0,4237.0,4198.0,4206.0,46200,0.0,0.0
2024-08-06 10:25:00+09:00,4202.0,4211.0,4185.0,4198.0,9200,0.0,0.0
2024-08-06 10:30:00+09:00,4194.0,4198.0,4171.0,4175.0,11400,0.0,0.0
2024-08-06 10:35:00+09:00,4178.0,4183.0,4141.0,4141.0,15600,0.0,0.0
2024-08-06 10:40:00+09:00,4139.0,4140.0,4107.0,4119.0,10400,0.0,0.0
2024-08-06 10:45:00+09:00,4118.0,4145.0,4110.0,4142.0,10100,0.0,0.0
2024-08-06 10:50:00+09:00,4135.0,4148.0,4125.0,4145.0,7900,0.0,0.0
2024-08-06 10:55:00+09:00,4150.0,4172.0,4150.0,4164.0,6900,0.0,0.0
2024-08-06 11:00:00+09:00,4168.0,4194.0,4163.0,4194.0,6000,0.0,0.0
2024-08-06 11:05:00+09:00,4194.0,4197.0,4170.0,4176.0,6900,0.0,0.0
2024-08-06 11:10:00+09:00,4178.0,4178.0,4150.0,4169.0,8700,0.0,0.0
2024-08-06 11:15:00+09:00,4168.0,4178.0,4160.0,4166.0,8600,0.0,0.0
2024-08-06 11:20:00+09:00,4168.0,4174.0,4161.0,4167.0,5900,0.0,0.0
2024-08-06 11:25:00+09:00,4167.0,4201.0,4162.0,4177.0,10600,0.0,0.0
2024-08-06 11:30:00+09:00,4182.0,4182.0,4182.0,4182.0,900,0.0,0.0
2024-08-06 11:35:00+09:00,4182.0,4182.0,4182.0,4182.0,0,0.0,0.0
2024-08-06 12:30:00+09:00,4201.0,4212.0,4179.0,4196.0,433300,0.0,0.0
2024-08-06 12:35:00+09:00,4195.0,4235.0,4195.0,4235.0,14000,0.0,0.0
2024-08-06 12:40:00+09:00,4236.0,4250.0,4231.0,4245.0,7200,0.0,0.0
2024-08-06 12:45:00+09:00,4249.0,4263.0,4249.0,4263.0,9000,0.0,0.0
2024-08-06 12:50:00+09:00,4260.0,4265.0,4251.0,4254.0,7800,0.0,0.0
2024-08-06 12:55:00+09:00,4254.0,4268.0,4249.0,4249.0,13400,0.0,0.0
2024-08-06 13:00:00+09:00,4248.0,4255.0,4245.0,4252.0,8600,0.0,0.0
2024-08-06 13:05:00+09:00,4255.0,4259.0,4237.0,4238.0,10100,0.0,0.0
2024-08-06 13:10:00+09:00,4241.0,4243.0,4232.0,4235.0,7600,0.0,0.0
2024-08-06 13:15:00+09:00,4237.0,4237.0,4215.0,4218.0,12500,0.0,0.0
2024-08-06 13:20:00+09:00,4221.0,4228.0,4215.0,4228.0,10400,0.0,0.0
2024-08-06 13:25:00+09:00,4230.0,4234.0,4210.0,4211.0,11800,0.0,0.0
2024-08-06 13:30:00+09:00,4209.0,4212.0,4185.0,4187.0,15000,0.0,0.0
2024-08-06 13:35:00+09:00,4185.0,4191.0,4174.0,4181.0,13200,0.0,0.0
2024-08-06 13:40:00+09:00,4178.0,4182.0,4162.0,4164.0,11900,0.0,0.0
2024-08-06 13:45:00+09:00,4166.0,4166.0,4142.0,4154.0,16600,0.0,0.0
2024-08-06 13:50:00+09:00,4154.0,4160.0,4139.0,4151.0,9600,0.0,0.0
2024-08-06 13:55:00+09:00,4151.0,4151.0,4123.0,4123.0,8900,0.0,0.0
2024-08-06 14:00:00+09:00,4131.0,4136.0,4097.0,4101.0,17100,0.0,0.0
2024-08-06 14:05:00+09:00,4101.0,4107.0,4077.0,4107.0,18900,0.0,0.0
2024-08-06 14:10:00+09:00,4108.0,4118.0,4089.0,4118.0,10100,0.0,0.0
2024-08-06 14:15:00+09:00,4119.0,4132.0,4114.0,4125.0,13100,0.0,0.0
2024-08-06 14:20:00+09:00,4125.0,4146.0,4119.0,4140.0,13100,0.0,0.0
2024-08-06 14:25:00+09:00,4141.0,4168.0,4141.0,4168.0,10600,0.0,0.0
2024-08-06 14:30:00+09:00,4169.0,4191.0,4167.0,4189.0,10600,0.0,0.0
2024-08-06 14:35:00+09:00,4188.0,4196.0,4184.0,4196.0,11600,0.0,0.0
2024-08-06 14:40:00+09:00,4198.0,4217.0,4198.0,4214.0,12000,0.0,0.0
2024-08-06 14:45:00+09:00,4213.0,4216.0,4179.0,4183.0,24900,0.0,0.0
2024-08-06 14:50:00+09:00,4183.0,4192.0,4170.0,4179.0,24200,0.0,0.0
2024-08-06 14:55:00+09:00,4178.0,4231.0,4170.0,4231.0,62100,0.0,0.0
2024-08-07 09:05:00+09:00,4075.0,4117.0,4058.0,4116.0,53300,0.0,0.0
2024-08-07 09:10:00+09:00,4116.0,4119.0,4097.0,4109.0,8700,0.0,0.0
2024-08-07 09:15:00+09:00,4101.0,4110.0,4087.0,4097.0,10400,0.0,0.0
2024-08-07 09:20:00+09:00,4103.0,4120.0,4102.0,4115.0,6900,0.0,0.0
2024-08-07 09:25:00+09:00,4117.0,4135.0,4117.0,4134.0,6700,0.0,0.0
2024-08-07 09:30:00+09:00,4136.0,4155.0,4122.0,4154.0,9900,0.0,0.0
2024-08-07 09:35:00+09:00,4158.0,4158.0,4135.0,4144.0,8600,0.0,0.0
2024-08-07 09:40:00+09:00,4145.0,4156.0,4133.0,4145.0,8200,0.0,0.0
2024-08-07 09:45:00+09:00,4146.0,4173.0,4146.0,4166.0,6400,0.0,0.0
2024-08-07 09:50:00+09:00,4170.0,4175.0,4152.0,4175.0,5800,0.0,0.0
2024-08-07 09:55:00+09:00,4173.0,4174.0,4158.0,4158.0,6500,0.0,0.0
2024-08-07 10:00:00+09:00,4159.0,4159.0,4142.0,4154.0,7100,0.0,0.0
2024-08-07 10:05:00+09:00,4149.0,4154.0,4135.0,4153.0,4800,0.0,0.0
2024-08-07 10:10:00+09:00,4150.0,4150.0,4134.0,4146.0,2700,0.0,0.0
2024-08-07 10:15:00+09:00,4149.0,4175.0,4149.0,4175.0,5200,0.0,0.0
2024-08-07 10:20:00+09:00,4177.0,4182.0,4162.0,4165.0,4400,0.0,0.0
2024-08-07 10:25:00+09:00,4166.0,4176.0,4166.0,4171.0,4200,0.0,0.0
2024-08-07 10:30:00+09:00,4169.0,4197.0,4163.0,4197.0,8400,0.0,0.0
2024-08-07 10:35:00+09:00,4197.0,4217.0,4192.0,4209.0,14400,0.0,0.0
2024-08-07 10:40:00+09:00,4211.0,4248.0,4204.0,4234.0,11000,0.0,0.0
2024-08-07 10:45:00+09:00,4237.0,4260.0,4237.0,4255.0,8300,0.0,0.0
2024-08-07 10:50:00+09:00,4256.0,4258.0,4241.0,4253.0,5000,0.0,0.0
2024-08-07 10:55:00+09:00,4249.0,4249.0,4231.0,4239.0,7700,0.0,0.0
2024-08-07 11:00:00+09:00,4240.0,4243.0,4219.0,4226.0,5000,0.0,0.0
2024-08-07 11:05:00+09:00,4229.0,4239.0,4218.0,4239.0,15900,0.0,0.0
2024-08-07 11:10:00+09:00,4236.0,4237.0,4213.0,4213.0,7500,0.0,0.0
2024-08-07 11:15:00+09:00,4211.0,4215.0,4193.0,4193.0,2600,0.0,0.0
2024-08-07 11:20:00+09:00,4189.0,4211.0,4180.0,4211.0,4700,0.0,0.0
2024-08-07 11:25:00+09:00,4214.0,4214.0,4192.0,4192.0,2600,0.0,0.0
2024-08-07 11:30:00+09:00,4197.0,4197.0,4197.0,4197.0,1000,0.0,0.0
2024-08-07 11:35:00+09:00,4197.0,4197.0,4197.0,4197.0,0,0.0,0.0
2024-08-07 12:30:00+09:00,4177.0,4211.0,4177.0,4211.0,278400,0.0,0.0
2024-08-07 12:35:00+09:00,4211.0,4215.0,4197.0,4206.0,4200,0.0,0.0
2024-08-07 12:40:00+09:00,4209.0,4212.0,4195.0,4203.0,5300,0.0,0.0
2024-08-07 12:45:00+09:00,4202.0,4209.0,4175.0,4175.0,5400,0.0,0.0
2024-08-07 12:50:00+09:00,4173.0,4180.0,4165.0,4173.0,4500,0.0,0.0
2024-08-07 12:55:00+09:00,4171.0,4171.0,4157.0,4157.0,3900,0.0,0.0
2024-08-07 13:00:00+09:00,4159.0,4178.0,4159.0,4173.0,6400,0.0,0.0
2024-08-07 13:05:00+09:00,4178.0,4197.0,4178.0,4180.0,5300,0.0,0.0
2024-08-07 13:10:00+09:00,4181.0,4193.0,4176.0,4183.0,8300,0.0,0.0
2024-08-07 13:15:00+09:00,4180.0,4180.0,4163.0,4169.0,6100,0.0,0.0
2024-08-07 13:20:00+09:00,4168.0,4174.0,4164.0,4166.0,4800,0.0,0.0
2024-08-07 13:25:00+09:00,4166.0,4178.0,4160.0,4172.0,8000,0.0,0.0
2024-08-07 13:30:00+09:00,4172.0,4187.0,4170.0,4187.0,6600,0.0,0.0
2024-08-07 13:35:00+09:00,4186.0,4190.0,4178.0,4183.0,5800,0.0,0.0
2024-08-07 13:40:00+09:00,4181.0,4198.0,4181.0,4197.0,3100,0.0,0.0
2024-08-07 13:45:00+09:00,4197.0,4197.0,4178.0,4191.0,4800,0.0,0.0
2024-08-07 13:50:00+09:00,4191.0,4195.0,4190.0,4193.0,4700,0.0,0.0
2024-08-07 13:55:00+09:00,4196.0,4196.0,4183.0,4189.0,5900,0.0,0.0
2024-08-07 14:00:00+09:00,4188.0,4189.0,4165.0,4169.0,9700,0.0,0.0
2024-08-07 14:05:00+09:00,4169.0,4183.0,4169.0,4176.0,6900,0.0,0.0
2024-08-07 14:10:00+09:00,4180.0,4187.0,4178.0,4180.0,5500,0.0,0.0
2024-08-07 14:15:00+09:00,4182.0,4189.0,4177.0,4182.0,7600,0.0,0.0
2024-08-07 14:20:00+09:00,4179.0,4187.0,4174.0,4179.0,8800,0.0,0.0
2024-08-07 14:25:00+09:00,4179.0,4189.0,4170.0,4181.0,12600,0.0,0.0
2024-08-07 14:30:00+09:00,4179.0,4186.0,4162.0,4182.0,7800,0.0,0.0
2024-08-07 14:35:00+09:00,4180.0,4180.0,4159.0,4160.0,10800,0.0,0.0
2024-08-07 14:40:00+09:00,4159.0,4159.0,4132.0,4132.0,13300,0.0,0.0
2024-08-07 14:45:00+09:00,4134.0,4148.0,4129.0,4132.0,18200,0.0,0.0
2024-08-07 14:50:00+09:00,4136.0,4137.0,4115.0,4128.0,24900,0.0,0.0
2024-08-07 14:55:00+09:00,4131.0,4137.0,4108.0,4108.0,37400,0.0,0.0
2024-08-08 09:00:00+09:00,4117.0,4195.0,4114.0,4179.0,44700,0.0,0.0
2024-08-08 09:05:00+09:00,4181.0,4224.0,4175.0,4213.0,18700,0.0,0.0
2024-08-08 09:10:00+09:00,4217.0,4230.0,4209.0,4229.0,9000,0.0,0.0
2024-08-08 09:15:00+09:00,4227.0,4253.0,4214.0,4253.0,10000,0.0,0.0
2024-08-08 09:20:00+09:00,4254.0,4291.0,4252.0,4281.0,15700,0.0,0.0
2024-08-08 09:25:00+09:00,4282.0,4288.0,4237.0,4237.0,12300,0.0,0.0
2024-08-08 09:30:00+09:00,4234.0,4261.0,4230.0,4250.0,12700,0.0,0.0
2024-08-08 09:35:00+09:00,4249.0,4259.0,4239.0,4249.0,9400,0.0,0.0
2024-08-08 09:40:00+09:00,4252.0,4257.0,4228.0,4231.0,9300,0.0,0.0
2024-08-08 09:45:00+09:00,4229.0,4256.0,4228.0,4252.0,15500,0.0,0.0
2024-08-08 09:50:00+09:00,4259.0,4265.0,4254.0,4263.0,7300,0.0,0.0
2024-08-08 09:55:00+09:00,4260.0,4263.0,4250.0,4250.0,10000,0.0,0.0
2024-08-08 10:00:00+09:00,4249.0,4252.0,4237.0,4247.0,4800,0.0,0.0
2024-08-08 10:05:00+09:00,4248.0,4260.0,4248.0,4251.0,5900,0.0,0.0
2024-08-08 10:10:00+09:00,4255.0,4275.0,4255.0,4269.0,7600,0.0,0.0
2024-08-08 10:15:00+09:00,4266.0,4270.0,4258.0,4267.0,6500,0.0,0.0
2024-08-08 10:20:00+09:00,4268.0,4274.0,4257.0,4272.0,7100,0.0,0.0
2024-08-08 10:25:00+09:00,4276.0,4280.0,4266.0,4268.0,5000,0.0,0.0
2024-08-08 10:30:00+09:00,4269.0,4269.0,4260.0,4261.0,6300,0.0,0.0
2024-08-08 10:35:00+09:00,4255.0,4255.0,4240.0,4242.0,3100,0.0,0.0
2024-08-08 10:40:00+09:00,4241.0,4252.0,4234.0,4244.0,5700,0.0,0.0
2024-08-08 10:45:00+09:00,4238.0,4241.0,4233.0,4237.0,3500,0.0,0.0
2024-08-08 10:50:00+09:00,4236.0,4243.0,4230.0,4237.0,4700,0.0,0.0
2024-08-08 10:55:00+09:00,4235.0,4249.0,4235.0,4247.0,4500,0.0,0.0
2024-08-08 11:00:00+09:00,4247.0,4257.0,4243.0,4244.0,5300,0.0,0.0
2024-08-08 11:05:00+09:00,4245.0,4249.0,4242.0,4246.0,2500,0.0,0.0
2024-08-08 11:10:00+09:00,4248.0,4286.0,4248.0,4282.0,5700,0.0,0.0
2024-08-08 11:15:00+09:00,4286.0,4299.0,4286.0,4291.0,9200,0.0,0.0
2024-08-08 11:20:00+09:00,4293.0,4314.0,4290.0,4314.0,6300,0.0,0.0
2024-08-08 11:25:00+09:00,4315.0,4326.0,4315.0,4317.0,5500,0.0,0.0
2024-08-08 11:30:00+09:00,4317.0,4317.0,4317.0,4317.0,900,0.0,0.0
2024-08-08 11:35:00+09:00,4317.0,4317.0,4317.0,4317.0,0,0.0,0.0
2024-08-08 12:30:00+09:00,4317.0,4354.0,4317.0,4353.0,298100,0.0,0.0
2024-08-08 12:35:00+09:00,4348.0,4348.0,4322.0,4322.0,11800,0.0,0.0
2024-08-08 12:40:00+09:00,4324.0,4324.0,4306.0,4307.0,8000,0.0,0.0
2024-08-08 12:45:00+09:00,4312.0,4312.0,4285.0,4300.0,8500,0.0,0.0
2024-08-08 12:50:00+09:00,4299.0,4308.0,4290.0,4294.0,15200,0.0,0.0
2024-08-08 12:55:00+09:00,4298.0,4301.0,4279.0,4293.0,11900,0.0,0.0
2024-08-08 13:00:00+09:00,4291.0,4293.0,4270.0,4270.0,11200,0.0,0.0
2024-08-08 13:05:00+09:00,4268.0,4278.0,4264.0,4274.0,9300,0.0,0.0
2024-08-08 13:10:00+09:00,4273.0,4284.0,4273.0,4281.0,9400,0.0,0.0
2024-08-08 13:15:00+09:00,4284.0,4302.0,4283.0,4295.0,6500,0.0,0.0
2024-08-08 13:20:00+09:00,4297.0,4316.0,4297.0,4310.0,8000,0.0,0.0
2024-08-08 13:25:00+09:00,4310.0,4317.0,4301.0,4301.0,10600,0.0,0.0
2024-08-08 13:30:00+09:00,4302.0,4311.0,4297.0,4299.0,9800,0.0,0.0
2024-08-08 13:35:00+09:00,4301.0,4311.0,4292.0,4292.0,11700,0.0,0.0
2024-08-08 13:40:00+09:00,4299.0,4307.0,4298.0,4306.0,5700,0.0,0.0
2024-08-08 13:45:00+09:00,4312.0,4316.0,4303.0,4314.0,11500,0.0,0.0
2024-08-08 13:50:00+09:00,4318.0,4322.0,4312.0,4320.0,11400,0.0,0.0
2024-08-08 13:55:00+09:00,4322.0,4325.0,4316.0,4325.0,6800,0.0,0.0
2024-08-08 14:00:00+09:00,4325.0,4326.0,4314.0,4314.0,9700,0.0,0.0
2024-08-08 14:05:00+09:00,4317.0,4318.0,4304.0,4311.0,9900,0.0,0.0
2024-08-08 14:10:00+09:00,4314.0,4317.0,4302.0,4308.0,7200,0.0,0.0
2024-08-08 14:15:00+09:00,4310.0,4313.0,4301.0,4304.0,7000,0.0,0.0
2024-08-08 14:20:00+09:00,4306.0,4308.0,4299.0,4299.0,6200,0.0,0.0
2024-08-08 14:25:00+09:00,4302.0,4305.0,4279.0,4290.0,9000,0.0,0.0
2024-08-08 14:30:00+09:00,4292.0,4297.0,4279.0,4279.0,8600,0.0,0.0
2024-08-08 14:35:00+09:00,4279.0,4282.0,4266.0,4266.0,6200,0.0,0.0
2024-08-08 14:40:00+09:00,4267.0,4268.0,4257.0,4259.0,11800,0.0,0.0
2024-08-08 14:45:00+09:00,4259.0,4263.0,4254.0,4256.0,12400,0.0,0.0
2024-08-08 14:50:00+09:00,4254.0,4254.0,4240.0,4249.0,20500,0.0,0.0
2024-08-08 14:55:00+09:00,4250.0,4287.0,4239.0,4287.0,35800,0.0,0.0
2024-08-09 09:00:00+09:00,4284.0,4346.0,4281.0,4346.0,237000,0.0,0.0
2024-08-09 09:05:00+09:00,4341.0,4345.0,4314.0,4341.0,23100,0.0,0.0
2024-08-09 09:10:00+09:00,4342.0,4342.0,4283.0,4283.0,22700,0.0,0.0
2024-08-09 09:15:00+09:00,4280.0,4280.0,4244.0,4257.0,12900,0.0,0.0
2024-08-09 09:20:00+09:00,4262.0,4266.0,4221.0,4241.0,13800,0.0,0.0
2024-08-09 09:25:00+09:00,4245.0,4261.0,4237.0,4240.0,10200,0.0,0.0
2024-08-09 09:30:00+09:00,4238.0,4253.0,4225.0,4236.0,10900,0.0,0.0
2024-08-09 09:35:00+09:00,4246.0,4260.0,4204.0,4204.0,10200,0.0,0.0
2024-08-09 09:40:00+09:00,4210.0,4221.0,4201.0,4212.0,9300,0.0,0.0
2024-08-09 09:45:00+09:00,4211.0,4227.0,4205.0,4214.0,7300,0.0,0.0
2024-08-09 09:50:00+09:00,4218.0,4235.0,4218.0,4229.0,3900,0.0,0.0
2024-08-09 09:55:00+09:00,4231.0,4248.0,4219.0,4219.0,5400,0.0,0.0
2024-08-09 10:00:00+09:00,4214.0,4233.0,4209.0,4232.0,6600,0.0,0.0
2024-08-09 10:05:00+09:00,4232.0,4254.0,4231.0,4254.0,4400,0.0,0.0
2024-08-09 10:10:00+09:00,4253.0,4260.0,4243.0,4260.0,5300,0.0,0.0
2024-08-09 10:15:00+09:00,4264.0,4265.0,4246.0,4246.0,4600,0.0,0.0
2024-08-09 10:20:00+09:00,4246.0,4250.0,4232.0,4232.0,4100,0.0,0.0
2024-08-09 10:25:00+09:00,4237.0,4244.0,4233.0,4235.0,3400,0.0,0.0
2024-08-09 10:30:00+09:00,4236.0,4236.0,4223.0,4227.0,4700,0.0,0.0
2024-08-09 10:35:00+09:00,4228.0,4247.0,4227.0,4239.0,6200,0.0,0.0
2024-08-09 10:40:00+09:00,4245.0,4256.0,4242.0,4255.0,7700,0.0,0.0
2024-08-09 10:45:00+09:00,4253.0,4256.0,4240.0,4254.0,3800,0.0,0.0
2024-08-09 10:50:00+09:00,4252.0,4252.0,4233.0,4245.0,5200,0.0,0.0
2024-08-09 10:55:00+09:00,4243.0,4256.0,4231.0,4231.0,6700,0.0,0.0
2024-08-09 11:00:00+09:00,4231.0,4240.0,4224.0,4237.0,7400,0.0,0.0
2024-08-09 11:05:00+09:00,4240.0,4249.0,4222.0,4226.0,8100,0.0,0.0
2024-08-09 11:10:00+09:00,4227.0,4235.0,4220.0,4235.0,6300,0.0,0.0
2024-08-09 11:15:00+09:00,4233.0,4234.0,4223.0,4225.0,3400,0.0,0.0
2024-08-09 11:20:00+09:00,4223.0,4242.0,4223.0,4241.0,7100,0.0,0.0
2024-08-09 11:25:00+09:00,4240.0,4240.0,4231.0,4231.0,4100,0.0,0.0
2024-08-09 11:30:00+09:00,4231.0,4231.0,4231.0,4231.0,300,0.0,0.0
2024-08-09 11:35:00+09:00,4231.0,4231.0,4231.0,4231.0,0,0.0,0.0
2024-08-09 12:30:00+09:00,4232.0,4249.0,4224.0,4249.0,481800,0.0,0.0
2024-08-09 12:35:00+09:00,4256.0,4265.0,4244.0,4261.0,6000,0.0,0.0
2024-08-09 12:40:00+09:00,4262.0,4262.0,4239.0,4239.0,3100,0.0,0.0
2024-08-09 12:45:00+09:00,4239.0,4240.0,4227.0,4227.0,4200,0.0,0.0
2024-08-09 12:50:00+09:00,4229.0,4234.0,4223.0,4223.0,2900,0.0,0.0
2024-08-09 12:55:00+09:00,4225.0,4228.0,4224.0,4227.0,2800,0.0,0.0
2024-08-09 13:00:00+09:00,4228.0,4228.0,4203.0,4204.0,11000,0.0,0.0
2024-08-09 13:05:00+09:00,4202.0,4207.0,4193.0,4196.0,7400,0.0,0.0
2024-08-09 13:10:00+09:00,4192.0,4198.0,4185.0,4185.0,10900,0.0,0.0
2024-08-09 13:15:00+09:00,4189.0,4194.0,4185.0,4192.0,5400,0.0,0.0
2024-08-09 13:20:00+09:00,4194.0,4197.0,4166.0,4166.0,14700,0.0,0.0
2024-08-09 13:25:00+09:00,4170.0,4170.0,4143.0,4149.0,6300,0.0,0.0
2024-08-09 13:30:00+09:00,4142.0,4150.0,4132.0,4135.0,21900,0.0,0.0
2024-08-09 13:35:00+09:00,4136.0,4153.0,4136.0,4137.0,8200,0.0,0.0
2024-08-09 13:40:00+09:00,4137.0,4138.0,4124.0,4133.0,11300,0.0,0.0
2024-08-09 13:45:00+09:00,4137.0,4138.0,4121.0,4123.0,11000,0.0,0.0
2024-08-09 13:50:00+09:00,4125.0,4133.0,4118.0,4122.0,8600,0.0,0.0
2024-08-09 13:55:00+09:00,4124.0,4125.0,4093.0,4093.0,32100,0.0,0.0
2024-08-09 14:00:00+09:00,4097.0,4104.0,4086.0,4089.0,17700,0.0,0.0
2024-08-09 14:05:00+09:00,4092.0,4106.0,4092.0,4101.0,18300,0.0,0.0
2024-08-09 14:10:00+09:00,4101.0,4121.0,4100.0,4117.0,15200,0.0,0.0
2024-08-09 14:15:00+09:00,4115.0,4125.0,4109.0,4119.0,11600,0.0,0.0
2024-08-09 14:20:00+09:00,4118.0,4123.0,4111.0,4122.0,7600,0.0,0.0
2024-08-09 14:25:00+09:00,4122.0,4139.0,4120.0,4138.0,11600,0.0,0.0
2024-08-09 14:30:00+09:00,4139.0,4155.0,4136.0,4148.0,12700,0.0,0.0
2024-08-09 14:35:00+09:00,4150.0,4155.0,4139.0,4142.0,12600,0.0,0.0
2024-08-09 14:40:00+09:00,4140.0,4143.0,4124.0,4127.0,12200,0.0,0.0
2024-08-09 14:45:00+09:00,4132.0,4146.0,4130.0,4146.0,26000,0.0,0.0
2024-08-09 14:50:00+09:00,4144.0,4145.0,4124.0,4140.0,23700,0.0,0.0
2024-08-09 14:55:00+09:00,4139.0,4148.0,4128.0,4148.0,35000,0.0,0.0
2024-08-13 09:00:00+09:00,4220.0,4230.0,4155.0,4155.0,72300,0.0,0.0
2024-08-13 09:05:00+09:00,4155.0,4178.0,4131.0,4146.0,29800,0.0,0.0
2024-08-13 09:10:00+09:00,4142.0,4165.0,4140.0,4140.0,9500,0.0,0.0
2024-08-13 09:15:00+09:00,4140.0,4156.0,4131.0,4136.0,8200,0.0,0.0
2024-08-13 09:20:00+09:00,4135.0,4143.0,4105.0,4111.0,11000,0.0,0.0
2024-08-13 09:25:00+09:00,4110.0,4130.0,4105.0,4105.0,7700,0.0,0.0
2024-08-13 09:30:00+09:00,4102.0,4103.0,4073.0,4075.0,23500,0.0,0.0
2024-08-13 09:35:00+09:00,4080.0,4092.0,4072.0,4081.0,8000,0.0,0.0
2024-08-13 09:40:00+09:00,4082.0,4120.0,4080.0,4115.0,5200,0.0,0.0
2024-08-13 09:45:00+09:00,4120.0,4122.0,4095.0,4099.0,6700,0.0,0.0
2024-08-13 09:50:00+09:00,4108.0,4130.0,4106.0,4116.0,5900,0.0,0.0
2024-08-13 09:55:00+09:00,4119.0,4138.0,4119.0,4134.0,5900,0.0,0.0
2024-08-13 10:00:00+09:00,4134.0,4137.0,4127.0,4127.0,3600,0.0,0.0
2024-08-13 10:05:00+09:00,4126.0,4130.0,4121.0,4126.0,3300,0.0,0.0
2024-08-13 10:10:00+09:00,4127.0,4127.0,4115.0,4121.0,4500,0.0,0.0
2024-08-13 10:15:00+09:00,4123.0,4134.0,4123.0,4127.0,4900,0.0,0.0
2024-08-13 10:20:00+09:00,4128.0,4139.0,4124.0,4139.0,4100,0.0,0.0
2024-08-13 10:25:00+09:00,4141.0,4149.0,4132.0,4132.0,5600,0.0,0.0
2024-08-13 10:30:00+09:00,4137.0,4141.0,4132.0,4133.0,5400,0.0,0.0
2024-08-13 10:35:00+09:00,4139.0,4142.0,4135.0,4135.0,2200,0.0,0.0
2024-08-13 10:40:00+09:00,4137.0,4137.0,4123.0,4123.0,5400,0.0,0.0
2024-08-13 10:45:00+09:00,4126.0,4128.0,4119.0,4119.0,2400,0.0,0.0
2024-08-13 10:50:00+09:00,4120.0,4129.0,4120.0,4129.0,1800,0.0,0.0
2024-08-13 10:55:00+09:00,4126.0,4134.0,4122.0,4123.0,3600,0.0,0.0
2024-08-13 11:00:00+09:00,4122.0,4123.0,4117.0,4123.0,3000,0.0,0.0
2024-08-13 11:05:00+09:00,4126.0,4136.0,4126.0,4129.0,3200,0.0,0.0
2024-08-13 11:10:00+09:00,4127.0,4130.0,4125.0,4130.0,1400,0.0,0.0
2024-08-13 11:15:00+09:00,4135.0,4137.0,4127.0,4135.0,2000,0.0,0.0
2024-08-13 11:20:00+09:00,4136.0,4136.0,4116.0,4116.0,5600,0.0,0.0
2024-08-13 11:25:00+09:00,4118.0,4120.0,4108.0,4115.0,2700,0.0,0.0
2024-08-13 11:30:00+09:00,4112.0,4112.0,4112.0,4112.0,1700,0.0,0.0
2024-08-13 11:35:00+09:00,4112.0,4112.0,4112.0,4112.0,0,0.0,0.0
2024-08-13 12:30:00+09:00,4128.0,4135.0,4116.0,4134.0,274600,0.0,0.0
2024-08-13 12:35:00+09:00,4135.0,4137.0,4114.0,4115.0,4600,0.0,0.0
2024-08-13 12:40:00+09:00,4126.0,4138.0,4126.0,4132.0,2200,0.0,0.0
2024-08-13 12:45:00+09:00,4132.0,4140.0,4130.0,4137.0,4100,0.0,0.0
2024-08-13 12:50:00+09:00,4137.0,4138.0,4125.0,4125.0,2500,0.0,0.0
2024-08-13 12:55:00+09:00,4127.0,4127.0,4118.0,4119.0,1900,0.0,0.0
2024-08-13 13:00:00+09:00,4120.0,4143.0,4117.0,4127.0,11600,0.0,0.0
2024-08-13 13:05:00+09:00,4128.0,4133.0,4125.0,4130.0,2900,0.0,0.0
2024-08-13 13:10:00+09:00,4133.0,4138.0,4133.0,4134.0,2500,0.0,0.0
2024-08-13 13:15:00+09:00,4136.0,4136.0,4130.0,4133.0,4000,0.0,0.0
2024-08-13 13:20:00+09:00,4132.0,4139.0,4128.0,4137.0,4200,0.0,0.0
2024-08-13 13:25:00+09:00,4139.0,4143.0,4137.0,4140.0,2700,0.0,0.0
2024-08-13 13:30:00+09:00,4143.0,4147.0,4140.0,4146.0,1500,0.0,0.0
2024-08-13 13:35:00+09:00,4147.0,4147.0,4138.0,4140.0,6000,0.0,0.0
2024-08-13 13:40:00+09:00,4142.0,4147.0,4139.0,4145.0,5500,0.0,0.0
2024-08-13 13:45:00+09:00,4147.0,4149.0,4141.0,4141.0,4400,0.0,0.0
2024-08-13 13:50:00+09:00,4141.0,4143.0,4140.0,4141.0,1200,0.0,0.0
2024-08-13 13:55:00+09:00,4144.0,4144.0,4134.0,4138.0,3700,0.0,0.0
2024-08-13 14:00:00+09:00,4139.0,4139.0,4132.0,4132.0,1800,0.0,0.0
2024-08-13 14:05:00+09:00,4134.0,4134.0,4128.0,4128.0,4100,0.0,0.0
2024-08-13 14:10:00+09:00,4129.0,4132.0,4126.0,4128.0,3700,0.0,0.0
2024-08-13 14:15:00+09:00,4131.0,4132.0,4114.0,4124.0,5200,0.0,0.0
2024-08-13 14:20:00+09:00,4122.0,4123.0,4116.0,4117.0,3100,0.0,0.0
2024-08-13 14:25:00+09:00,4119.0,4120.0,4113.0,4118.0,6600,0.0,0.0
2024-08-13 14:30:00+09:00,4120.0,4138.0,4119.0,4138.0,4900,0.0,0.0
2024-08-13 14:35:00+09:00,4142.0,4144.0,4137.0,4138.0,4500,0.0,0.0
2024-08-13 14:40:00+09:00,4140.0,4141.0,4131.0,4135.0,7700,0.0,0.0
2024-08-13 14:45:00+09:00,4137.0,4147.0,4135.0,4146.0,14700,0.0,0.0
2024-08-13 14:50:00+09:00,4146.0,4154.0,4141.0,4146.0,14100,0.0,0.0
2024-08-13 14:55:00+09:00,4143.0,4169.0,4137.0,4169.0,34100,0.0,0.0
2024-08-14 09:00:00+09:00,4232.0,4248.0,4221.0,4221.0,34400,0.0,0.0
2024-08-14 09:05:00+09:00,4221.0,4259.0,4220.0,4247.0,12700,0.0,0.0
2024-08-14 09:10:00+09:00,4254.0,4267.0,4250.0,4260.0,15100,0.0,0.0
2024-08-14 09:15:00+09:00,4258.0,4263.0,4238.0,4254.0,16800,0.0,0.0
2024-08-14 09:20:00+09:00,4249.0,4249.0,4227.0,4232.0,6700,0.0,0.0
2024-08-14 09:25:00+09:00,4224.0,4228.0,4215.0,4215.0,7300,0.0,0.0
2024-08-14 09:30:00+09:00,4217.0,4234.0,4215.0,4233.0,6800,0.0,0.0
2024-08-14 09:35:00+09:00,4234.0,4238.0,4225.0,4230.0,5500,0.0,0.0
2024-08-14 09:40:00+09:00,4229.0,4229.0,4214.0,4217.0,7400,0.0,0.0
2024-08-14 09:45:00+09:00,4217.0,4222.0,4214.0,4220.0,5900,0.0,0.0
2024-08-14 09:50:00+09:00,4221.0,4232.0,4219.0,4221.0,5900,0.0,0.0
2024-08-14 09:55:00+09:00,4223.0,4243.0,4223.0,4230.0,6400,0.0,0.0
2024-08-14 10:00:00+09:00,4230.0,4230.0,4215.0,4215.0,5400,0.0,0.0
2024-08-14 10:05:00+09:00,4218.0,4225.0,4218.0,4219.0,3800,0.0,0.0
2024-08-14 10:10:00+09:00,4218.0,4224.0,4215.0,4223.0,4600,0.0,0.0
2024-08-14 10:15:00+09:00,4222.0,4222.0,4207.0,4216.0,8300,0.0,0.0
2024-08-14 10:20:00+09:00,4217.0,4222.0,4208.0,4214.0,7500,0.0,0.0
2024-08-14 10:25:00+09:00,4212.0,4215.0,4210.0,4212.0,3400,0.0,0.0
2024-08-14 10:30:00+09:00,4216.0,4224.0,4216.0,4222.0,3300,0.0,0.0
2024-08-14 10:35:00+09:00,4223.0,4233.0,4221.0,4225.0,7200,0.0,0.0
2024-08-14 10:40:00+09:00,4222.0,4232.0,4222.0,4232.0,5300,0.0,0.0
2024-08-14 10:45:00+09:00,4227.0,4230.0,4225.0,4230.0,1900,0.0,0.0
2024-08-14 10:50:00+09:00,4232.0,4235.0,4229.0,4230.0,2900,0.0,0.0
2024-08-14 10:55:00+09:00,4228.0,4240.0,4228.0,4240.0,3200,0.0,0.0
2024-08-14 11:00:00+09:00,4237.0,4237.0,4213.0,4217.0,11600,0.0,0.0
2024-08-14 11:05:00+09:00,4218.0,4218.0,4194.0,4205.0,6200,0.0,0.0
2024-08-14 11:10:00+09:00,4208.0,4214.0,4184.0,4191.0,11000,0.0,0.0
2024-08-14 11:15:00+09:00,4189.0,4208.0,4183.0,4197.0,6000,0.0,0.0
2024-08-14 11:20:00+09:00,4201.0,4208.0,4201.0,4204.0,2000,0.0,0.0
2024-08-14 11:25:00+09:00,4205.0,4205.0,4187.0,4187.0,9200,0.0,0.0
2024-08-14 11:30:00+09:00,4187.0,4187.0,4187.0,4187.0,600,0.0,0.0
2024-08-14 11:35:00+09:00,4187.0,4187.0,4187.0,4187.0,0,0.0,0.0
2024-08-14 12:30:00+09:00,4203.0,4220.0,4203.0,4219.0,250600,0.0,0.0
2024-08-14 12:35:00+09:00,4219.0,4241.0,4219.0,4241.0,8600,0.0,0.0
2024-08-14 12:40:00+09:00,4241.0,4241.0,4233.0,4238.0,5200,0.0,0.0
2024-08-14 12:45:00+09:00,4240.0,4244.0,4228.0,4233.0,10400,0.0,0.0
2024-08-14 12:50:00+09:00,4234.0,4237.0,4223.0,4230.0,6200,0.0,0.0
2024-08-14 12:55:00+09:00,4232.0,4233.0,4216.0,4220.0,8400,0.0,0.0
2024-08-14 13:00:00+09:00,4224.0,4225.0,4219.0,4219.0,5900,0.0,0.0
2024-08-14 13:05:00+09:00,4222.0,4223.0,4219.0,4221.0,2200,0.0,0.0
2024-08-14 13:10:00+09:00,4221.0,4221.0,4211.0,4212.0,6800,0.0,0.0
2024-08-14 13:15:00+09:00,4210.0,4214.0,4207.0,4211.0,7200,0.0,0.0
2024-08-14 13:20:00+09:00,4209.0,4209.0,4204.0,4206.0,3400,0.0,0.0
2024-08-14 13:25:00+09:00,4209.0,4212.0,4207.0,4209.0,5100,0.0,0.0
2024-08-14 13:30:00+09:00,4210.0,4215.0,4207.0,4215.0,8000,0.0,0.0
2024-08-14 13:35:00+09:00,4216.0,4222.0,4214.0,4222.0,2200,0.0,0.0
2024-08-14 13:40:00+09:00,4221.0,4221.0,4218.0,4221.0,2700,0.0,0.0
2024-08-14 13:45:00+09:00,4218.0,4219.0,4214.0,4216.0,9200,0.0,0.0
2024-08-14 13:50:00+09:00,4217.0,4217.0,4209.0,4209.0,8100,0.0,0.0
2024-08-14 13:55:00+09:00,4208.0,4212.0,4203.0,4206.0,7500,0.0,0.0
2024-08-14 14:00:00+09:00,4208.0,4208.0,4205.0,4205.0,4200,0.0,0.0
2024-08-14 14:05:00+09:00,4207.0,4209.0,4202.0,4209.0,4300,0.0,0.0
2024-08-14 14:10:00+09:00,4210.0,4213.0,4207.0,4207.0,4700,0.0,0.0
2024-08-14 14:15:00+09:00,4211.0,4211.0,4205.0,4207.0,10200,0.0,0.0
2024-08-14 14:20:00+09:00,4208.0,4215.0,4205.0,4213.0,5000,0.0,0.0
2024-08-14 14:25:00+09:00,4214.0,4214.0,4209.0,4213.0,6600,0.0,0.0
2024-08-14 14:30:00+09:00,4212.0,4226.0,4210.0,4226.0,6500,0.0,0.0
2024-08-14 14:35:00+09:00,4229.0,4242.0,4229.0,4242.0,8500,0.0,0.0
2024-08-14 14:40:00+09:00,4239.0,4243.0,4237.0,4243.0,7700,0.0,0.0
2024-08-14 14:45:00+09:00,4243.0,4251.0,4241.0,4244.0,17800,0.0,0.0
2024-08-14 14:50:00+09:00,4242.0,4245.0,4236.0,4237.0,13300,0.0,0.0
2024-08-14 14:55:00+09:00,4237.0,4253.0,4234.0,4253.0,19700,0.0,0.0
2024-08-15 09:00:00+09:00,4264.0,4302.0,4252.0,4301.0,44500,0.0,0.0
2024-08-15 09:05:00+09:00,4295.0,4330.0,4293.0,4327.0,19500,0.0,0.0
2024-08-15 09:10:00+09:00,4331.0,4331.0,4303.0,4317.0,11100,0.0,0.0
2024-08-15 09:15:00+09:00,4319.0,4324.0,4312.0,4319.0,7600,0.0,0.0
2024-08-15 09:20:00+09:00,4320.0,4328.0,4313.0,4317.0,7300,0.0,0.0
2024-08-15 09:25:00+09:00,4314.0,4315.0,4302.0,4310.0,5600,0.0,0.0
2024-08-15 09:30:00+09:00,4306.0,4313.0,4294.0,4298.0,6700,0.0,0.0
2024-08-15 09:35:00+09:00,4298.0,4307.0,4295.0,4300.0,7700,0.0,0.0
2024-08-15 09:40:00+09:00,4302.0,4307.0,4297.0,4298.0,5800,0.0,0.0
2024-08-15 09:45:00+09:00,4300.0,4301.0,4290.0,4290.0,4000,0.0,0.0
2024-08-15 09:50:00+09:00,4288.0,4314.0,4288.0,4312.0,10700,0.0,0.0
2024-08-15 09:55:00+09:00,4312.0,4313.0,4306.0,4312.0,6300,0.0,0.0
2024-08-15 10:00:00+09:00,4311.0,4311.0,4302.0,4306.0,4800,0.0,0.0
2024-08-15 10:05:00+09:00,4305.0,4321.0,4305.0,4305.0,8000,0.0,0.0
2024-08-15 10:10:00+09:00,4304.0,4306.0,4290.0,4299.0,4600,0.0,0.0
2024-08-15 10:15:00+09:00,4298.0,4298.0,4285.0,4285.0,6200,0.0,0.0
2024-08-15 10:20:00+09:00,4287.0,4297.0,4284.0,4287.0,9500,0.0,0.0
2024-08-15 10:25:00+09:00,4291.0,4291.0,4280.0,4285.0,5800,0.0,0.0
2024-08-15 10:30:00+09:00,4288.0,4292.0,4287.0,4290.0,4500,0.0,0.0
2024-08-15 10:35:00+09:00,4289.0,4301.0,4289.0,4294.0,6300,0.0,0.0
2024-08-15 10:40:00+09:00,4292.0,4293.0,4288.0,4288.0,2400,0.0,0.0
2024-08-15 10:45:00+09:00,4288.0,4292.0,4287.0,4289.0,3100,0.0,0.0
2024-08-15 10:50:00+09:00,4293.0,4295.0,4290.0,4293.0,4100,0.0,0.0
2024-08-15 10:55:00+09:00,4293.0,4298.0,4293.0,4298.0,3700,0.0,0.0
2024-08-15 11:00:00+09:00,4296.0,4300.0,4290.0,4293.0,8500,0.0,0.0
2024-08-15 11:05:00+09:00,4294.0,4304.0,4294.0,4302.0,6200,0.0,0.0
2024-08-15 11:10:00+09:00,4304.0,4308.0,4302.0,4304.0,2800,0.0,0.0
2024-08-15 11:15:00+09:00,4303.0,4303.0,4293.0,4293.0,5400,0.0,0.0
2024-08-15 11:20:00+09:00,4291.0,4299.0,4291.0,4299.0,2200,0.0,0.0
2024-08-15 11:25:00+09:00,4299.0,4307.0,4298.0,4304.0,3300,0.0,0.0
2024-08-15 11:30:00+09:00,4304.0,4304.0,4304.0,4304.0,400,0.0,0.0
2024-08-15 11:35:00+09:00,4304.0,4304.0,4304.0,4304.0,0,0.0,0.0
2024-08-15 12:30:00+09:00,4312.0,4322.0,4305.0,4312.0,245200,0.0,0.0
2024-08-15 12:35:00+09:00,4311.0,4318.0,4311.0,4317.0,8100,0.0,0.0
2024-08-15 12:40:00+09:00,4318.0,4319.0,4307.0,4308.0,5500,0.0,0.0
2024-08-15 12:45:00+09:00,4307.0,4307.0,4299.0,4300.0,3300,0.0,0.0
2024-08-15 12:50:00+09:00,4301.0,4301.0,4288.0,4291.0,5200,0.0,0.0
2024-08-15 12:55:00+09:00,4289.0,4295.0,4289.0,4292.0,3500,0.0,0.0
2024-08-15 13:00:00+09:00,4293.0,4304.0,4293.0,4304.0,8500,0.0,0.0
2024-08-15 13:05:00+09:00,4304.0,4306.0,4298.0,4298.0,6600,0.0,0.0
2024-08-15 13:10:00+09:00,4297.0,4297.0,4284.0,4284.0,3000,0.0,0.0
2024-08-15 13:15:00+09:00,4285.0,4286.0,4275.0,4277.0,7100,0.0,0.0
2024-08-15 13:20:00+09:00,4278.0,4283.0,4275.0,4283.0,4900,0.0,0.0
2024-08-15 13:25:00+09:00,4282.0,4287.0,4278.0,4279.0,8100,0.0,0.0
2024-08-15 13:30:00+09:00,4280.0,4287.0,4280.0,4286.0,7300,0.0,0.0
2024-08-15 13:35:00+09:00,4284.0,4285.0,4277.0,4279.0,5500,0.0,0.0
2024-08-15 13:40:00+09:00,4280.0,4282.0,4277.0,4278.0,3700,0.0,0.0
2024-08-15 13:45:00+09:00,4278.0,4282.0,4275.0,4276.0,7000,0.0,0.0
2024-08-15 13:50:00+09:00,4276.0,4276.0,4270.0,4270.0,3800,0.0,0.0
2024-08-15 13:55:00+09:00,4271.0,4274.0,4269.0,4270.0,6700,0.0,0.0
2024-08-15 14:00:00+09:00,4271.0,4272.0,4266.0,4266.0,4600,0.0,0.0
2024-08-15 14:05:00+09:00,4266.0,4269.0,4261.0,4269.0,6200,0.0,0.0
2024-08-15 14:10:00+09:00,4270.0,4271.0,4268.0,4269.0,5000,0.0,0.0
2024-08-15 14:15:00+09:00,4268.0,4269.0,4262.0,4264.0,7200,0.0,0.0
2024-08-15 14:20:00+09:00,4263.0,4263.0,4253.0,4257.0,8000,0.0,0.0
2024-08-15 14:25:00+09:00,4258.0,4265.0,4258.0,4265.0,8900,0.0,0.0
2024-08-15 14:30:00+09:00,4266.0,4268.0,4260.0,4268.0,8500,0.0,0.0
2024-08-15 14:35:00+09:00,4268.0,4274.0,4267.0,4274.0,7700,0.0,0.0
2024-08-15 14:40:00+09:00,4275.0,4275.0,4267.0,4268.0,12600,0.0,0.0
2024-08-15 14:45:00+09:00,4268.0,4268.0,4258.0,4258.0,13200,0.0,0.0
2024-08-15 14:50:00+09:00,4258.0,4262.0,4252.0,4259.0,17600,0.0,0.0
2024-08-15 14:55:00+09:00,4257.0,4265.0,4255.0,4265.0,18400,0.0,0.0
2024-08-16 09:00:00+09:00,4336.0,4363.0,4336.0,4349.0,47700,0.0,0.0
2024-08-16 09:05:00+09:00,4350.0,4366.0,4340.0,4348.0,14600,0.0,0.0
2024-08-16 09:10:00+09:00,4351.0,4353.0,4340.0,4347.0,6000,0.0,0.0
2024-08-16 09:15:00+09:00,4347.0,4347.0,4329.0,4340.0,7400,0.0,0.0
2024-08-16 09:20:00+09:00,4340.0,4351.0,4340.0,4345.0,5600,0.0,0.0
2024-08-16 09:25:00+09:00,4347.0,4362.0,4342.0,4356.0,8100,0.0,0.0
2024-08-16 09:30:00+09:00,4355.0,4365.0,4352.0,4365.0,5700,0.0,0.0
2024-08-16 09:35:00+09:00,4365.0,4365.0,4360.0,4360.0,2100,0.0,0.0
2024-08-16 09:40:00+09:00,4361.0,4369.0,4355.0,4356.0,7000,0.0,0.0
2024-08-16 09:45:00+09:00,4353.0,4353.0,4342.0,4349.0,6600,0.0,0.0
2024-08-16 09:50:00+09:00,4352.0,4356.0,4349.0,4356.0,1900,0.0,0.0
2024-08-16 09:55:00+09:00,4356.0,4357.0,4344.0,4348.0,5200,0.0,0.0
2024-08-16 10:00:00+09:00,4349.0,4359.0,4348.0,4353.0,3100,0.0,0.0
2024-08-16 10:05:00+09:00,4355.0,4356.0,4352.0,4352.0,2000,0.0,0.0
2024-08-16 10:10:00+09:00,4349.0,4352.0,4336.0,4343.0,6300,0.0,0.0
2024-08-16 10:15:00+09:00,4344.0,4350.0,4344.0,4350.0,3900,0.0,0.0
2024-08-16 10:20:00+09:00,4348.0,4354.0,4347.0,4351.0,3600,0.0,0.0
2024-08-16 10:25:00+09:00,4352.0,4352.0,4338.0,4338.0,4400,0.0,0.0
2024-08-16 10:30:00+09:00,4340.0,4347.0,4340.0,4346.0,2700,0.0,0.0
2024-08-16 10:35:00+09:00,4348.0,4351.0,4344.0,4344.0,4000,0.0,0.0
2024-08-16 10:40:00+09:00,4347.0,4349.0,4345.0,4346.0,4300,0.0,0.0
2024-08-16 10:45:00+09:00,4349.0,4353.0,4341.0,4341.0,6300,0.0,0.0
2024-08-16 10:50:00+09:00,4342.0,4350.0,4342.0,4344.0,2500,0.0,0.0
2024-08-16 10:55:00+09:00,4346.0,4352.0,4345.0,4351.0,1900,0.0,0.0
2024-08-16 11:00:00+09:00,4352.0,4352.0,4341.0,4343.0,6400,0.0,0.0
2024-08-16 11:05:00+09:00,4344.0,4344.0,4337.0,4339.0,3400,0.0,0.0
2024-08-16 11:10:00+09:00,4341.0,4343.0,4336.0,4342.0,3300,0.0,0.0
2024-08-16 11:15:00+09:00,4344.0,4350.0,4344.0,4347.0,2200,0.0,0.0
2024-08-16 11:20:00+09:00,4347.0,4350.0,4341.0,4341.0,3300,0.0,0.0
2024-08-16 11:25:00+09:00,4341.0,4344.0,4336.0,4338.0,4100,0.0,0.0
2024-08-16 11:30:00+09:00,4341.0,4341.0,4341.0,4341.0,2100,0.0,0.0
2024-08-16 11:35:00+09:00,4341.0,4341.0,4341.0,4341.0,0,0.0,0.0
2024-08-16 12:30:00+09:00,4342.0,4357.0,4338.0,4338.0,200700,0.0,0.0
2024-08-16 12:35:00+09:00,4338.0,4338.0,4325.0,4326.0,6500,0.0,0.0
2024-08-16 12:40:00+09:00,4332.0,4336.0,4324.0,4335.0,6900,0.0,0.0
2024-08-16 12:45:00+09:00,4336.0,4343.0,4331.0,4331.0,4900,0.0,0.0
2024-08-16 12:50:00+09:00,4330.0,4331.0,4328.0,4329.0,3900,0.0,0.0
2024-08-16 12:55:00+09:00,4327.0,4328.0,4317.0,4317.0,4700,0.0,0.0
2024-08-16 13:00:00+09:00,4317.0,4322.0,4317.0,4320.0,4400,0.0,0.0
2024-08-16 13:05:00+09:00,4321.0,4327.0,4320.0,4321.0,5000,0.0,0.0
2024-08-16 13:10:00+09:00,4321.0,4321.0,4315.0,4318.0,5600,0.0,0.0
2024-08-16 13:15:00+09:00,4320.0,4325.0,4318.0,4325.0,3300,0.0,0.0
2024-08-16 13:20:00+09:00,4327.0,4328.0,4324.0,4325.0,4500,0.0,0.0
2024-08-16 13:25:00+09:00,4324.0,4324.0,4319.0,4321.0,5000,0.0,0.0
2024-08-16 13:30:00+09:00,4323.0,4323.0,4313.0,4320.0,5600,0.0,0.0
2024-08-16 13:35:00+09:00,4319.0,4319.0,4310.0,4311.0,3900,0.0,0.0
2024-08-16 13:40:00+09:00,4311.0,4316.0,4310.0,4313.0,7500,0.0,0.0
2024-08-16 13:45:00+09:00,4313.0,4321.0,4313.0,4320.0,4600,0.0,0.0
2024-08-16 13:50:00+09:00,4320.0,4321.0,4313.0,4321.0,3800,0.0,0.0
2024-08-16 13:55:00+09:00,4321.0,4322.0,4315.0,4320.0,3500,0.0,0.0
2024-08-16 14:00:00+09:00,4321.0,4325.0,4321.0,4322.0,4900,0.0,0.0
2024-08-16 14:05:00+09:00,4321.0,4325.0,4321.0,4324.0,3300,0.0,0.0
2024-08-16 14:10:00+09:00,4324.0,4327.0,4323.0,4327.0,8100,0.0,0.0
2024-08-16 14:15:00+09:00,4326.0,4331.0,4325.0,4331.0,7000,0.0,0.0
2024-08-16 14:20:00+09:00,4330.0,4330.0,4325.0,4325.0,3400,0.0,0.0
2024-08-16 14:25:00+09:00,4326.0,4326.0,4315.0,4315.0,7600,0.0,0.0
2024-08-16 14:30:00+09:00,4314.0,4327.0,4314.0,4326.0,5000,0.0,0.0
2024-08-16 14:35:00+09:00,4328.0,4336.0,4328.0,4334.0,4300,0.0,0.0
2024-08-16 14:40:00+09:00,4334.0,4339.0,4332.0,4337.0,8400,0.0,0.0
2024-08-16 14:45:00+09:00,4340.0,4347.0,4337.0,4346.0,11000,0.0,0.0
2024-08-16 14:50:00+09:00,4346.0,4352.0,4345.0,4346.0,12700,0.0,0.0
2024-08-16 14:55:00+09:00,4348.0,4352.0,4330.0,4343.0,17900,0.0,0.0
