Datetime,Open,High,Low,Close,Volume,Dividends,Stock Splits
2024-07-15 09:30:00-04:00,39.91999816894531,39.91999816894531,39.70000076293945,39.70000076293945,19058,0.0,0.0
2024-07-15 09:32:00-04:00,39.72999954223633,39.72999954223633,39.71659851074219,39.71659851074219,2080,0.0,0.0
2024-07-15 09:33:00-04:00,39.689998626708984,39.7400016784668,39.56999969482422,39.63999938964844,3364,0.0,0.0
2024-07-15 09:34:00-04:00,39.650001525878906,39.65999984741211,39.54999923706055,39.54999923706055,1939,0.0,0.0
2024-07-15 09:35:00-04:00,39.61000061035156,39.720001220703125,39.61000061035156,39.720001220703125,1391,0.0,0.0
2024-07-15 09:36:00-04:00,39.71989822387695,39.71989822387695,39.61000061035156,39.61819839477539,4472,0.0,0.0
2024-07-15 09:37:00-04:00,39.630001068115234,39.65999984741211,39.630001068115234,39.650001525878906,909,0.0,0.0
2024-07-15 09:38:00-04:00,39.720001220703125,39.77000045776367,39.720001220703125,39.77000045776367,636,0.0,0.0
2024-07-15 09:39:00-04:00,39.77000045776367,39.779998779296875,39.77000045776367,39.779998779296875,764,0.0,0.0
2024-07-15 09:40:00-04:00,39.72999954223633,39.72999954223633,39.70000076293945,39.70000076293945,1632,0.0,0.0
2024-07-15 09:41:00-04:00,39.67499923706055,39.67499923706055,39.67499923706055,39.67499923706055,120,0.0,0.0
2024-07-15 09:42:00-04:00,39.68000030517578,39.70000076293945,39.68000030517578,39.70000076293945,635,0.0,0.0
2024-07-15 09:43:00-04:00,39.709999084472656,39.724998474121094,39.709999084472656,39.71500015258789,1000,0.0,0.0
2024-07-15 09:44:00-04:00,39.70500183105469,39.775001525878906,39.70500183105469,39.775001525878906,872,0.0,0.0
2024-07-15 09:45:00-04:00,39.79999923706055,39.79999923706055,39.65999984741211,39.65999984741211,1677,0.0,0.0
2024-07-15 09:47:00-04:00,39.67879867553711,39.68000030517578,39.605899810791016,39.66999816894531,3542,0.0,0.0
2024-07-15 09:48:00-04:00,39.720001220703125,39.75,39.720001220703125,39.75,648,0.0,0.0
2024-07-15 09:49:00-04:00,39.790000915527344,39.849998474121094,39.790000915527344,39.849998474121094,1242,0.0,0.0
2024-07-15 09:50:00-04:00,39.79999923706055,39.81999969482422,39.79999923706055,39.81999969482422,714,0.0,0.0
2024-07-15 09:51:00-04:00,39.83000183105469,39.849998474121094,39.83000183105469,39.849998474121094,531,0.0,0.0
2024-07-15 09:52:00-04:00,39.845001220703125,39.845001220703125,39.790000915527344,39.84000015258789,1904,0.0,0.0
2024-07-15 09:53:00-04:00,39.93000030517578,39.970001220703125,39.91999816894531,39.970001220703125,1366,0.0,0.0
2024-07-15 09:54:00-04:00,39.970001220703125,39.9900016784668,39.949100494384766,39.949100494384766,3255,0.0,0.0
2024-07-15 09:55:00-04:00,39.91999816894531,39.91999816894531,39.91999816894531,39.91999816894531,361,0.0,0.0
2024-07-15 09:56:00-04:00,39.93000030517578,39.9900016784668,39.93000030517578,39.974998474121094,2755,0.0,0.0
2024-07-15 09:57:00-04:00,39.9900016784668,40.02000045776367,39.9900016784668,40.01499938964844,2540,0.0,0.0
2024-07-15 09:58:00-04:00,40.02000045776367,40.040000915527344,40.02000045776367,40.040000915527344,1418,0.0,0.0
2024-07-15 09:59:00-04:00,40.040000915527344,40.040000915527344,39.97999954223633,39.97999954223633,2135,0.0,0.0
2024-07-15 10:00:00-04:00,39.95000076293945,39.9900016784668,39.939998626708984,39.9900016784668,3983,0.0,0.0
2024-07-15 10:01:00-04:00,40.005001068115234,40.03499984741211,40.005001068115234,40.03499984741211,929,0.0,0.0
2024-07-15 10:02:00-04:00,40.060001373291016,40.13999938964844,40.060001373291016,40.130001068115234,3221,0.0,0.0
2024-07-15 10:03:00-04:00,40.119998931884766,40.13999938964844,40.1150016784668,40.119998931884766,1481,0.0,0.0
2024-07-15 10:04:00-04:00,40.1349983215332,40.1349983215332,40.119998931884766,40.119998931884766,244,0.0,0.0
2024-07-15 10:05:00-04:00,40.11000061035156,40.119998931884766,40.11000061035156,40.11000061035156,1218,0.0,0.0
2024-07-15 10:06:00-04:00,40.130001068115234,40.150001525878906,40.119998931884766,40.13999938964844,1603,0.0,0.0
2024-07-15 10:07:00-04:00,40.130001068115234,40.130001068115234,40.119998931884766,40.119998931884766,1538,0.0,0.0
2024-07-15 10:08:00-04:00,40.130001068115234,40.15999984741211,40.130001068115234,40.15999984741211,1302,0.0,0.0
2024-07-15 10:09:00-04:00,40.16999816894531,40.18000030517578,40.16999816894531,40.16999816894531,1466,0.0,0.0
2024-07-15 10:10:00-04:00,40.18000030517578,40.209999084472656,40.16999816894531,40.16999816894531,2340,0.0,0.0
2024-07-15 10:11:00-04:00,40.16999816894531,40.209999084472656,40.16999816894531,40.189998626708984,1913,0.0,0.0
2024-07-15 10:12:00-04:00,40.18000030517578,40.22999954223633,40.16999816894531,40.20000076293945,1841,0.0,0.0
2024-07-15 10:13:00-04:00,40.189998626708984,40.189998626708984,40.16999816894531,40.16999816894531,1092,0.0,0.0
2024-07-15 10:14:00-04:00,40.150001525878906,40.18000030517578,40.13999938964844,40.18000030517578,1313,0.0,0.0
2024-07-15 10:15:00-04:00,40.185001373291016,40.22999954223633,40.185001373291016,40.22999954223633,906,0.0,0.0
2024-07-15 10:16:00-04:00,40.23500061035156,40.290000915527344,40.23500061035156,40.290000915527344,1765,0.0,0.0
2024-07-15 10:17:00-04:00,40.29999923706055,40.29999923706055,40.27000045776367,40.27000045776367,1878,0.0,0.0
2024-07-15 10:18:00-04:00,40.2599983215332,40.2599983215332,40.2599983215332,40.2599983215332,1397,0.0,0.0
2024-07-15 10:19:00-04:00,40.29999923706055,40.33000183105469,40.29999923706055,40.33000183105469,526,0.0,0.0
2024-07-15 10:20:00-04:00,40.32500076293945,40.36000061035156,40.31999969482422,40.36000061035156,2287,0.0,0.0
2024-07-15 10:21:00-04:00,40.369998931884766,40.400001525878906,40.369998931884766,40.400001525878906,2703,0.0,0.0
2024-07-15 10:22:00-04:00,40.38999938964844,40.45000076293945,40.38999938964844,40.442501068115234,4426,0.0,0.0
2024-07-15 10:23:00-04:00,40.435001373291016,40.435001373291016,40.400001525878906,40.415000915527344,4837,0.0,0.0
2024-07-15 10:24:00-04:00,40.40999984741211,40.40999984741211,40.38999938964844,40.38999938964844,1397,0.0,0.0
2024-07-15 10:25:00-04:00,40.36000061035156,40.36000061035156,40.34199905395508,40.34400177001953,1475,0.0,0.0
2024-07-15 10:26:00-04:00,40.33000183105469,40.349998474121094,40.33000183105469,40.349998474121094,2697,0.0,0.0
2024-07-15 10:27:00-04:00,40.36000061035156,40.3650016784668,40.36000061035156,40.36000061035156,1316,0.0,0.0
2024-07-15 10:28:00-04:00,40.36589813232422,40.36589813232422,40.31999969482422,40.31999969482422,1320,0.0,0.0
2024-07-15 10:29:00-04:00,40.29999923706055,40.29999923706055,40.2599983215332,40.29999923706055,1992,0.0,0.0
2024-07-15 10:30:00-04:00,40.290000915527344,40.290000915527344,40.25,40.25,2020,0.0,0.0
2024-07-15 10:31:00-04:00,40.25,40.2599983215332,40.22999954223633,40.25,1525,0.0,0.0
2024-07-15 10:32:00-04:00,40.25,40.310001373291016,40.244998931884766,40.29999923706055,2680,0.0,0.0
2024-07-15 10:33:00-04:00,40.279998779296875,40.290000915527344,40.2400016784668,40.27000045776367,3774,0.0,0.0
2024-07-15 10:34:00-04:00,40.2599983215332,40.27000045776367,40.2400016784668,40.27000045776367,3118,0.0,0.0
2024-07-15 10:35:00-04:00,40.255001068115234,40.255001068115234,40.25,40.25,480,0.0,0.0
2024-07-15 10:36:00-04:00,40.2400016784668,40.29499816894531,40.2400016784668,40.2400016784668,3867,0.0,0.0
2024-07-15 10:37:00-04:00,40.220001220703125,40.22999954223633,40.21500015258789,40.224998474121094,804,0.0,0.0
2024-07-15 10:38:00-04:00,40.220001220703125,40.220001220703125,40.220001220703125,40.220001220703125,629,0.0,0.0
2024-07-15 10:39:00-04:00,40.22999954223633,40.25,40.220001220703125,40.25,2606,0.0,0.0
2024-07-15 10:40:00-04:00,40.27000045776367,40.27000045776367,40.22999954223633,40.2599983215332,1859,0.0,0.0
2024-07-15 10:41:00-04:00,40.2599983215332,40.275001525878906,40.220001220703125,40.220001220703125,2125,0.0,0.0
2024-07-15 10:43:00-04:00,40.182701110839844,40.209999084472656,40.182701110839844,40.20199966430664,1744,0.0,0.0
2024-07-15 10:44:00-04:00,40.220001220703125,40.220001220703125,40.220001220703125,40.220001220703125,180,0.0,0.0
2024-07-15 10:45:00-04:00,40.220001220703125,40.224998474121094,40.220001220703125,40.220001220703125,1065,0.0,0.0
2024-07-15 10:46:00-04:00,40.22999954223633,40.275001525878906,40.22999954223633,40.27000045776367,1889,0.0,0.0
2024-07-15 10:47:00-04:00,40.27000045776367,40.29999923706055,40.27000045776367,40.29999923706055,1756,0.0,0.0
2024-07-15 10:48:00-04:00,40.310001373291016,40.34000015258789,40.279998779296875,40.34000015258789,2869,0.0,0.0
2024-07-15 10:49:00-04:00,40.34989929199219,40.35900115966797,40.31999969482422,40.35900115966797,1579,0.0,0.0
2024-07-15 10:50:00-04:00,40.36000061035156,40.36000061035156,40.31999969482422,40.3224983215332,8945,0.0,0.0
2024-07-15 10:51:00-04:00,40.349998474121094,40.38999938964844,40.349998474121094,40.38999938964844,1446,0.0,0.0
2024-07-15 10:52:00-04:00,40.380001068115234,40.41999816894531,40.369998931884766,40.40999984741211,7209,0.0,0.0
2024-07-15 10:53:00-04:00,40.41999816894531,40.435001373291016,40.40999984741211,40.435001373291016,831,0.0,0.0
2024-07-15 10:54:00-04:00,40.439998626708984,40.470001220703125,40.41999816894531,40.470001220703125,2940,0.0,0.0
2024-07-15 10:55:00-04:00,40.47999954223633,40.52000045776367,40.47999954223633,40.52000045776367,1789,0.0,0.0
2024-07-15 10:56:00-04:00,40.529998779296875,40.53499984741211,40.5099983215332,40.5099983215332,1672,0.0,0.0
2024-07-15 10:57:00-04:00,40.505001068115234,40.505001068115234,40.470001220703125,40.47999954223633,3250,0.0,0.0
2024-07-15 10:58:00-04:00,40.4900016784668,40.529998779296875,40.48720169067383,40.529998779296875,2739,0.0,0.0
2024-07-15 10:59:00-04:00,40.5099983215332,40.51499938964844,40.5,40.5099983215332,1905,0.0,0.0
2024-07-15 11:00:00-04:00,40.529998779296875,40.529998779296875,40.5099983215332,40.529998779296875,1343,0.0,0.0
2024-07-15 11:01:00-04:00,40.53499984741211,40.560001373291016,40.529998779296875,40.529998779296875,6344,0.0,0.0
2024-07-15 11:02:00-04:00,40.540000915527344,40.595001220703125,40.540000915527344,40.595001220703125,2302,0.0,0.0
2024-07-15 11:03:00-04:00,40.595001220703125,40.650001525878906,40.59000015258789,40.650001525878906,1391,0.0,0.0
2024-07-15 11:04:00-04:00,40.63999938964844,40.650001525878906,40.63999938964844,40.650001525878906,496,0.0,0.0
2024-07-15 11:05:00-04:00,40.63999938964844,40.63999938964844,40.61429977416992,40.625,3930,0.0,0.0
2024-07-15 11:06:00-04:00,40.599998474121094,40.599998474121094,40.54999923706055,40.54999923706055,1864,0.0,0.0
2024-07-15 11:07:00-04:00,40.560001373291016,40.56999969482422,40.560001373291016,40.560001373291016,1227,0.0,0.0
2024-07-15 11:08:00-04:00,40.55500030517578,40.56999969482422,40.55500030517578,40.560001373291016,1485,0.0,0.0
2024-07-15 11:09:00-04:00,40.540000915527344,40.54499816894531,40.540000915527344,40.54499816894531,777,0.0,0.0
2024-07-15 11:10:00-04:00,40.54999923706055,40.59000015258789,40.54999923706055,40.59000015258789,3240,0.0,0.0
2024-07-15 11:11:00-04:00,40.59000015258789,40.59000015258789,40.54999923706055,40.560001373291016,3313,0.0,0.0
2024-07-15 11:12:00-04:00,40.56999969482422,40.619998931884766,40.56999969482422,40.619998931884766,2413,0.0,0.0
2024-07-15 11:13:00-04:00,40.61000061035156,40.61000061035156,40.599998474121094,40.599998474121094,631,0.0,0.0
2024-07-15 11:15:00-04:00,40.68949890136719,40.689998626708984,40.68949890136719,40.689998626708984,6488,0.0,0.0
2024-07-15 11:16:00-04:00,40.685001373291016,40.69990158081055,40.685001373291016,40.69499969482422,1036,0.0,0.0
2024-07-15 11:17:00-04:00,40.70000076293945,40.709999084472656,40.650001525878906,40.65399932861328,5292,0.0,0.0
2024-07-15 11:18:00-04:00,40.63999938964844,40.63999938964844,40.595001220703125,40.6349983215332,5008,0.0,0.0
2024-07-15 11:19:00-04:00,40.6349983215332,40.650001525878906,40.630001068115234,40.650001525878906,555,0.0,0.0
2024-07-15 11:20:00-04:00,40.65999984741211,40.70500183105469,40.65999984741211,40.70500183105469,1932,0.0,0.0
2024-07-15 11:21:00-04:00,40.69499969482422,40.69499969482422,40.65999984741211,40.65999984741211,1577,0.0,0.0
2024-07-15 11:22:00-04:00,40.63999938964844,40.63999938964844,40.619998931884766,40.630001068115234,1559,0.0,0.0
2024-07-15 11:23:00-04:00,40.625,40.63999938964844,40.619998931884766,40.630001068115234,2256,0.0,0.0
2024-07-15 11:24:00-04:00,40.63999938964844,40.63999938964844,40.630001068115234,40.63999938964844,797,0.0,0.0
2024-07-15 11:25:00-04:00,40.665000915527344,40.689998626708984,40.665000915527344,40.689998626708984,515,0.0,0.0
2024-07-15 11:26:00-04:00,40.689998626708984,40.70000076293945,40.63999938964844,40.63999938964844,2485,0.0,0.0
2024-07-15 11:27:00-04:00,40.63999938964844,40.650001525878906,40.6349983215332,40.6349983215332,2238,0.0,0.0
2024-07-15 11:28:00-04:00,40.63999938964844,40.68000030517578,40.63999938964844,40.66999816894531,1433,0.0,0.0
2024-07-15 11:29:00-04:00,40.68000030517578,40.68000030517578,40.65999984741211,40.65999984741211,976,0.0,0.0
2024-07-15 11:30:00-04:00,40.63999938964844,40.63999938964844,40.619998931884766,40.619998931884766,1835,0.0,0.0
2024-07-15 11:31:00-04:00,40.58000183105469,40.61000061035156,40.56019973754883,40.56999969482422,6084,0.0,0.0
2024-07-15 11:32:00-04:00,40.54999923706055,40.56999969482422,40.540000915527344,40.56999969482422,2327,0.0,0.0
2024-07-15 11:33:00-04:00,40.59000015258789,40.59000015258789,40.59000015258789,40.59000015258789,305,0.0,0.0
2024-07-15 11:34:00-04:00,40.61000061035156,40.61000061035156,40.58000183105469,40.58000183105469,1346,0.0,0.0
2024-07-15 11:35:00-04:00,40.584999084472656,40.599998474121094,40.57500076293945,40.599998474121094,1730,0.0,0.0
2024-07-15 11:36:00-04:00,40.599998474121094,40.62900161743164,40.599998474121094,40.62900161743164,2774,0.0,0.0
2024-07-15 11:37:00-04:00,40.619998931884766,40.630001068115234,40.619998931884766,40.630001068115234,1313,0.0,0.0
2024-07-15 11:38:00-04:00,40.63999938964844,40.65999984741211,40.63999938964844,40.650001525878906,28779,0.0,0.0
2024-07-15 11:39:00-04:00,40.65999984741211,40.709999084472656,40.65999984741211,40.68000030517578,3203,0.0,0.0
2024-07-15 11:40:00-04:00,40.68000030517578,40.72999954223633,40.66999816894531,40.70000076293945,14777,0.0,0.0
2024-07-15 11:41:00-04:00,40.709999084472656,40.7599983215332,40.709999084472656,40.7599983215332,1996,0.0,0.0
2024-07-15 11:42:00-04:00,40.7599983215332,40.79499816894531,40.7599983215332,40.779998779296875,12153,0.0,0.0
2024-07-15 11:43:00-04:00,40.77000045776367,40.790000915527344,40.77000045776367,40.790000915527344,1777,0.0,0.0
2024-07-15 11:44:00-04:00,40.79999923706055,40.79999923706055,40.54999923706055,40.560001373291016,63808,0.0,0.0
2024-07-15 11:45:00-04:00,40.56999969482422,40.599998474121094,40.529998779296875,40.56999969482422,36572,0.0,0.0
2024-07-15 11:46:00-04:00,40.56999969482422,40.63999938964844,40.564998626708984,40.62409973144531,5211,0.0,0.0
2024-07-15 11:47:00-04:00,40.619998931884766,40.630001068115234,40.599998474121094,40.630001068115234,2722,0.0,0.0
2024-07-15 11:48:00-04:00,40.63999938964844,40.650001525878906,40.61000061035156,40.619998931884766,2766,0.0,0.0
2024-07-15 11:50:00-04:00,40.630001068115234,40.650001525878906,40.630001068115234,40.650001525878906,2563,0.0,0.0
2024-07-15 11:51:00-04:00,40.65999984741211,40.70000076293945,40.65999984741211,40.69499969482422,498,0.0,0.0
2024-07-15 11:52:00-04:00,40.70000076293945,40.72999954223633,40.70000076293945,40.70000076293945,2341,0.0,0.0
2024-07-15 11:53:00-04:00,40.72999954223633,40.7400016784668,40.72999954223633,40.7400016784668,1055,0.0,0.0
2024-07-15 11:54:00-04:00,40.73500061035156,40.73500061035156,40.689998626708984,40.720001220703125,3317,0.0,0.0
2024-07-15 11:55:00-04:00,40.71500015258789,40.71500015258789,40.66999816894531,40.66999816894531,1063,0.0,0.0
2024-07-15 11:56:00-04:00,40.68000030517578,40.689998626708984,40.65999984741211,40.66999816894531,1520,0.0,0.0
2024-07-15 11:57:00-04:00,40.66999816894531,40.689998626708984,40.66999816894531,40.67499923706055,957,0.0,0.0
2024-07-15 11:58:00-04:00,40.65999984741211,40.66999816894531,40.65999984741211,40.66999816894531,384,0.0,0.0
2024-07-15 11:59:00-04:00,40.67499923706055,40.67499923706055,40.671600341796875,40.671600341796875,326,0.0,0.0
2024-07-15 12:00:00-04:00,40.65999984741211,40.65999984741211,40.599998474121094,40.650001525878906,3987,0.0,0.0
2024-07-15 12:01:00-04:00,40.68000030517578,40.68000030517578,40.68000030517578,40.68000030517578,346,0.0,0.0
2024-07-15 12:03:00-04:00,40.65999984741211,40.66999816894531,40.63999938964844,40.65999984741211,3231,0.0,0.0
2024-07-15 12:04:00-04:00,40.64500045776367,40.65999984741211,40.64500045776367,40.65999984741211,1351,0.0,0.0
2024-07-15 12:07:00-04:00,40.69499969482422,40.720001220703125,40.69499969482422,40.709999084472656,7002,0.0,0.0
2024-07-15 12:08:00-04:00,40.7400016784668,40.7400016784668,40.69499969482422,40.7400016784668,3799,0.0,0.0
2024-07-15 12:09:00-04:00,40.75,40.779998779296875,40.75,40.779998779296875,1241,0.0,0.0
2024-07-15 12:10:00-04:00,40.772300720214844,40.790000915527344,40.77000045776367,40.790000915527344,2174,0.0,0.0
2024-07-15 12:11:00-04:00,40.790000915527344,40.790000915527344,40.7400016784668,40.75,2044,0.0,0.0
2024-07-15 12:12:00-04:00,40.7599983215332,40.7599983215332,40.73500061035156,40.73500061035156,389,0.0,0.0
2024-07-15 12:13:00-04:00,40.7400016784668,40.7400016784668,40.72999954223633,40.7400016784668,718,0.0,0.0
2024-07-15 12:14:00-04:00,40.75,40.75,40.75,40.75,209,0.0,0.0
2024-07-15 12:15:00-04:00,40.75,40.75,40.720001220703125,40.720001220703125,1732,0.0,0.0
2024-07-15 12:16:00-04:00,40.720001220703125,40.72999954223633,40.709999084472656,40.724998474121094,2291,0.0,0.0
2024-07-15 12:17:00-04:00,40.709999084472656,40.709999084472656,40.70000076293945,40.70000076293945,433,0.0,0.0
2024-07-15 12:18:00-04:00,40.720001220703125,40.720001220703125,40.68000030517578,40.70000076293945,6676,0.0,0.0
2024-07-15 12:19:00-04:00,40.709999084472656,40.775001525878906,40.709999084472656,40.775001525878906,1287,0.0,0.0
2024-07-15 12:20:00-04:00,40.779998779296875,40.779998779296875,40.779998779296875,40.779998779296875,709,0.0,0.0
2024-07-15 12:21:00-04:00,40.775001525878906,40.779998779296875,40.755001068115234,40.755001068115234,1215,0.0,0.0
2024-07-15 12:22:00-04:00,40.7400016784668,40.7599983215332,40.7400016784668,40.75,1498,0.0,0.0
2024-07-15 12:23:00-04:00,40.775001525878906,40.790000915527344,40.775001525878906,40.779998779296875,791,0.0,0.0
2024-07-15 12:24:00-04:00,40.779998779296875,40.81999969482422,40.779998779296875,40.81999969482422,1133,0.0,0.0
2024-07-15 12:25:00-04:00,40.810001373291016,40.810001373291016,40.775001525878906,40.775001525878906,616,0.0,0.0
2024-07-15 12:26:00-04:00,40.775001525878906,40.779998779296875,40.775001525878906,40.779998779296875,1084,0.0,0.0
2024-07-15 12:27:00-04:00,40.78499984741211,40.78499984741211,40.779998779296875,40.779998779296875,1673,0.0,0.0
2024-07-15 12:28:00-04:00,40.779998779296875,40.79999923706055,40.779998779296875,40.79999923706055,1261,0.0,0.0
2024-07-15 12:29:00-04:00,40.79999923706055,40.79999923706055,40.779998779296875,40.779998779296875,1180,0.0,0.0
2024-07-15 12:30:00-04:00,40.779998779296875,40.779998779296875,40.75,40.75,1276,0.0,0.0
2024-07-15 12:31:00-04:00,40.7400016784668,40.7400016784668,40.7400016784668,40.7400016784668,1644,0.0,0.0
2024-07-15 12:32:00-04:00,40.73189926147461,40.73189926147461,40.73189926147461,40.73189926147461,261,0.0,0.0
2024-07-15 12:33:00-04:00,40.72999954223633,40.72999954223633,40.720001220703125,40.720001220703125,1038,0.0,0.0
2024-07-15 12:34:00-04:00,40.709999084472656,40.720001220703125,40.709999084472656,40.709999084472656,1387,0.0,0.0
2024-07-15 12:35:00-04:00,40.72999954223633,40.77000045776367,40.72999954223633,40.7599983215332,1884,0.0,0.0
2024-07-15 12:36:00-04:00,40.769901275634766,40.775001525878906,40.7599983215332,40.7599983215332,1817,0.0,0.0
2024-07-15 12:37:00-04:00,40.7599983215332,40.7599983215332,40.75,40.7599983215332,1865,0.0,0.0
2024-07-15 12:38:00-04:00,40.77000045776367,40.78499984741211,40.760101318359375,40.779998779296875,1406,0.0,0.0
2024-07-15 12:39:00-04:00,40.790000915527344,40.790000915527344,40.779998779296875,40.790000915527344,1878,0.0,0.0
2024-07-15 12:41:00-04:00,40.779998779296875,40.81999969482422,40.77000045776367,40.81999969482422,2058,0.0,0.0
2024-07-15 12:42:00-04:00,40.83000183105469,40.84000015258789,40.779998779296875,40.779998779296875,3126,0.0,0.0
2024-07-15 12:43:00-04:00,40.779998779296875,40.79999923706055,40.779998779296875,40.790000915527344,903,0.0,0.0
2024-07-15 12:45:00-04:00,40.79999923706055,40.79999923706055,40.79999923706055,40.79999923706055,675,0.0,0.0
2024-07-15 12:46:00-04:00,40.790000915527344,40.790000915527344,40.7599983215332,40.7599983215332,998,0.0,0.0
2024-07-15 12:47:00-04:00,40.7599983215332,40.779998779296875,40.75,40.7599983215332,1323,0.0,0.0
2024-07-15 12:48:00-04:00,40.75,40.75,40.7400016784668,40.75,1701,0.0,0.0
2024-07-15 12:49:00-04:00,40.755001068115234,40.755001068115234,40.70000076293945,40.70000076293945,1571,0.0,0.0
2024-07-15 12:50:00-04:00,40.70000076293945,40.70000076293945,40.68000030517578,40.68000030517578,2210,0.0,0.0
2024-07-15 12:51:00-04:00,40.689998626708984,40.72999954223633,40.689998626708984,40.72999954223633,1420,0.0,0.0
2024-07-15 12:52:00-04:00,40.72999954223633,40.72999954223633,40.72999954223633,40.72999954223633,300,0.0,0.0
2024-07-15 12:53:00-04:00,40.73860168457031,40.779998779296875,40.73860168457031,40.779998779296875,2106,0.0,0.0
2024-07-15 12:54:00-04:00,40.77000045776367,40.77000045776367,40.7400016784668,40.744998931884766,1191,0.0,0.0
2024-07-15 12:55:00-04:00,40.75,40.77000045776367,40.709999084472656,40.709999084472656,6478,0.0,0.0
2024-07-15 12:56:00-04:00,40.709999084472656,40.720001220703125,40.68000030517578,40.71500015258789,5724,0.0,0.0
2024-07-15 12:57:00-04:00,40.71500015258789,40.71500015258789,40.70000076293945,40.70000076293945,1435,0.0,0.0
2024-07-15 12:58:00-04:00,40.70000076293945,40.70000076293945,40.689998626708984,40.70000076293945,791,0.0,0.0
2024-07-15 12:59:00-04:00,40.689998626708984,40.70000076293945,40.689998626708984,40.689998626708984,1968,0.0,0.0
2024-07-15 13:00:00-04:00,40.689998626708984,40.689998626708984,40.66999816894531,40.68000030517578,4418,0.0,0.0
2024-07-15 13:01:00-04:00,40.66999816894531,40.689998626708984,40.63999938964844,40.650001525878906,7258,0.0,0.0
2024-07-15 13:02:00-04:00,40.63999938964844,40.650001525878906,40.630001068115234,40.630001068115234,1442,0.0,0.0
2024-07-15 13:03:00-04:00,40.63959884643555,40.66999816894531,40.61000061035156,40.66999816894531,4271,0.0,0.0
2024-07-15 13:04:00-04:00,40.70000076293945,40.70000076293945,40.70000076293945,40.70000076293945,337,0.0,0.0
2024-07-15 13:05:00-04:00,40.70000076293945,40.709999084472656,40.70000076293945,40.709999084472656,545,0.0,0.0
2024-07-15 13:06:00-04:00,40.72999954223633,40.7400016784668,40.70000076293945,40.70000076293945,3092,0.0,0.0
2024-07-15 13:07:00-04:00,40.70000076293945,40.7400016784668,40.70000076293945,40.7400016784668,4207,0.0,0.0
2024-07-15 13:08:00-04:00,40.7400016784668,40.75,40.73939895629883,40.73939895629883,1710,0.0,0.0
2024-07-15 13:09:00-04:00,40.7400016784668,40.7400016784668,40.72999954223633,40.72999954223633,1493,0.0,0.0
2024-07-15 13:10:00-04:00,40.72999954223633,40.77000045776367,40.72999954223633,40.72999954223633,3761,0.0,0.0
2024-07-15 13:11:00-04:00,40.72999954223633,40.72999954223633,40.72999954223633,40.72999954223633,265,0.0,0.0
2024-07-15 13:12:00-04:00,40.72999954223633,40.7400016784668,40.720001220703125,40.72019958496094,2297,0.0,0.0
2024-07-15 13:13:00-04:00,40.709999084472656,40.71500015258789,40.709999084472656,40.71500015258789,707,0.0,0.0
2024-07-15 13:14:00-04:00,40.709999084472656,40.709999084472656,40.68000030517578,40.68000030517578,1843,0.0,0.0
2024-07-15 13:15:00-04:00,40.67499923706055,40.67499923706055,40.650001525878906,40.66999816894531,1990,0.0,0.0
2024-07-15 13:16:00-04:00,40.67919921875,40.689998626708984,40.65999984741211,40.65999984741211,1305,0.0,0.0
2024-07-15 13:17:00-04:00,40.654998779296875,40.654998779296875,40.650001525878906,40.650001525878906,687,0.0,0.0
2024-07-15 13:19:00-04:00,40.65999984741211,40.66999816894531,40.65999984741211,40.66999816894531,855,0.0,0.0
2024-07-15 13:20:00-04:00,40.66999816894531,40.66999816894531,40.630001068115234,40.630001068115234,1338,0.0,0.0
2024-07-15 13:21:00-04:00,40.630001068115234,40.65999984741211,40.627601623535156,40.650001525878906,1702,0.0,0.0
2024-07-15 13:22:00-04:00,40.64500045776367,40.68000030517578,40.64500045776367,40.68000030517578,1265,0.0,0.0
2024-07-15 13:23:00-04:00,40.67499923706055,40.71500015258789,40.67499923706055,40.709999084472656,1588,0.0,0.0
2024-07-15 13:24:00-04:00,40.720001220703125,40.72999954223633,40.70000076293945,40.709999084472656,1613,0.0,0.0
2024-07-15 13:25:00-04:00,40.70000076293945,40.70000076293945,40.65999984741211,40.65999984741211,782,0.0,0.0
2024-07-15 13:26:00-04:00,40.654998779296875,40.66899871826172,40.650001525878906,40.650001525878906,730,0.0,0.0
2024-07-15 13:27:00-04:00,40.650001525878906,40.650001525878906,40.650001525878906,40.650001525878906,597,0.0,0.0
2024-07-15 13:28:00-04:00,40.599998474121094,40.61000061035156,40.58000183105469,40.595001220703125,626,0.0,0.0
2024-07-15 13:29:00-04:00,40.58000183105469,40.599998474121094,40.58000183105469,40.584999084472656,2079,0.0,0.0
2024-07-15 13:30:00-04:00,40.58000183105469,40.60499954223633,40.58000183105469,40.60499954223633,2800,0.0,0.0
2024-07-15 13:31:00-04:00,40.61000061035156,40.63999938964844,40.61000061035156,40.630001068115234,1811,0.0,0.0
2024-07-15 13:32:00-04:00,40.6150016784668,40.6150016784668,40.59000015258789,40.59000015258789,711,0.0,0.0
2024-07-15 13:33:00-04:00,40.58000183105469,40.58000183105469,40.54999923706055,40.54999923706055,1349,0.0,0.0
2024-07-15 13:34:00-04:00,40.560001373291016,40.56999969482422,40.560001373291016,40.56999969482422,1025,0.0,0.0
2024-07-15 13:35:00-04:00,40.56999969482422,40.58000183105469,40.56999969482422,40.58000183105469,1185,0.0,0.0
2024-07-15 13:36:00-04:00,40.560001373291016,40.560001373291016,40.529998779296875,40.533599853515625,1373,0.0,0.0
2024-07-15 13:37:00-04:00,40.560001373291016,40.584999084472656,40.560001373291016,40.56999969482422,1715,0.0,0.0
2024-07-15 13:38:00-04:00,40.55500030517578,40.55500030517578,40.55500030517578,40.55500030517578,213,0.0,0.0
2024-07-15 13:39:00-04:00,40.550498962402344,40.550498962402344,40.529998779296875,40.529998779296875,2447,0.0,0.0
2024-07-15 13:41:00-04:00,40.500099182128906,40.500099182128906,40.5,40.5,5806,0.0,0.0
2024-07-15 13:42:00-04:00,40.5099983215332,40.5099983215332,40.5099983215332,40.5099983215332,379,0.0,0.0
2024-07-15 13:43:00-04:00,40.5099983215332,40.525001525878906,40.5099983215332,40.5099983215332,1481,0.0,0.0
2024-07-15 13:44:00-04:00,40.5,40.5,40.5,40.5,227,0.0,0.0
2024-07-15 13:45:00-04:00,40.5099983215332,40.52000045776367,40.5,40.5099983215332,1040,0.0,0.0
2024-07-15 13:46:00-04:00,40.5,40.5,40.5,40.5,504,0.0,0.0
2024-07-15 13:47:00-04:00,40.4900016784668,40.4900016784668,40.48500061035156,40.48500061035156,1254,0.0,0.0
2024-07-15 13:48:00-04:00,40.4900016784668,40.494998931884766,40.47999954223633,40.47999954223633,1032,0.0,0.0
2024-07-15 13:49:00-04:00,40.47999954223633,40.4900016784668,40.474998474121094,40.47999954223633,2857,0.0,0.0
2024-07-15 13:50:00-04:00,40.5,40.5,40.47999954223633,40.47999954223633,1533,0.0,0.0
2024-07-15 13:51:00-04:00,40.48500061035156,40.4900016784668,40.470001220703125,40.470001220703125,775,0.0,0.0
2024-07-15 13:52:00-04:00,40.470001220703125,40.470001220703125,40.45000076293945,40.45000076293945,2028,0.0,0.0
2024-07-15 13:53:00-04:00,40.4900016784668,40.4900016784668,40.480098724365234,40.4900016784668,789,0.0,0.0
2024-07-15 13:54:00-04:00,40.52000045776367,40.52000045776367,40.52000045776367,40.52000045776367,812,0.0,0.0
2024-07-15 13:55:00-04:00,40.540000915527344,40.540000915527344,40.529998779296875,40.540000915527344,1378,0.0,0.0
2024-07-15 13:56:00-04:00,40.54999923706055,40.54999923706055,40.529998779296875,40.529998779296875,693,0.0,0.0
2024-07-15 13:57:00-04:00,40.54990005493164,40.54999923706055,40.540000915527344,40.54999923706055,897,0.0,0.0
2024-07-15 13:58:00-04:00,40.558998107910156,40.558998107910156,40.558998107910156,40.558998107910156,335,0.0,0.0
2024-07-15 14:00:00-04:00,40.540000915527344,40.540000915527344,40.52000045776367,40.52000045776367,1706,0.0,0.0
2024-07-15 14:01:00-04:00,40.4900016784668,40.4900016784668,40.4900016784668,40.4900016784668,166,0.0,0.0
2024-07-15 14:02:00-04:00,40.5,40.5099983215332,40.5,40.5099983215332,1323,0.0,0.0
2024-07-15 14:03:00-04:00,40.527000427246094,40.529998779296875,40.52000045776367,40.529998779296875,1031,0.0,0.0
2024-07-15 14:04:00-04:00,40.54499816894531,40.560001373291016,40.540000915527344,40.540000915527344,1888,0.0,0.0
2024-07-15 14:05:00-04:00,40.54999923706055,40.55500030517578,40.529998779296875,40.55500030517578,893,0.0,0.0
2024-07-15 14:06:00-04:00,40.54999923706055,40.56999969482422,40.5099983215332,40.5099983215332,2815,0.0,0.0
2024-07-15 14:07:00-04:00,40.494998931884766,40.5,40.494998931884766,40.5,312,0.0,0.0
2024-07-15 14:08:00-04:00,40.5,40.529998779296875,40.5,40.525001525878906,1437,0.0,0.0
2024-07-15 14:09:00-04:00,40.52000045776367,40.54499816894531,40.52000045776367,40.54499816894531,1775,0.0,0.0
2024-07-15 14:10:00-04:00,40.54499816894531,40.630001068115234,40.54499816894531,40.61000061035156,5778,0.0,0.0
2024-07-15 14:11:00-04:00,40.625,40.630001068115234,40.599998474121094,40.630001068115234,1869,0.0,0.0
2024-07-15 14:12:00-04:00,40.625,40.650001525878906,40.619998931884766,40.650001525878906,2675,0.0,0.0
2024-07-15 14:13:00-04:00,40.654998779296875,40.65999984741211,40.630001068115234,40.63999938964844,1912,0.0,0.0
2024-07-15 14:14:00-04:00,40.650001525878906,40.66999816894531,40.640098571777344,40.66999816894531,946,0.0,0.0
2024-07-15 14:15:00-04:00,40.67499923706055,40.70000076293945,40.665000915527344,40.70000076293945,781,0.0,0.0
2024-07-15 14:16:00-04:00,40.70000076293945,40.7400016784668,40.689998626708984,40.7400016784668,2878,0.0,0.0
2024-07-15 14:17:00-04:00,40.7400016784668,40.75,40.7400016784668,40.7400016784668,6545,0.0,0.0
2024-07-15 14:19:00-04:00,40.77000045776367,40.779998779296875,40.77000045776367,40.779998779296875,7127,0.0,0.0
2024-07-15 14:20:00-04:00,40.790000915527344,40.810001373291016,40.790000915527344,40.810001373291016,2476,0.0,0.0
2024-07-15 14:21:00-04:00,40.810001373291016,40.810001373291016,40.790000915527344,40.790000915527344,3416,0.0,0.0
2024-07-15 14:22:00-04:00,40.79999923706055,40.84000015258789,40.79999923706055,40.84000015258789,3444,0.0,0.0
2024-07-15 14:23:00-04:00,40.84000015258789,40.84000015258789,40.84000015258789,40.84000015258789,153,0.0,0.0
2024-07-15 14:24:00-04:00,40.84000015258789,40.84000015258789,40.83000183105469,40.84000015258789,1995,0.0,0.0
2024-07-15 14:25:00-04:00,40.84000015258789,40.86000061035156,40.79999923706055,40.79999923706055,13307,0.0,0.0
2024-07-15 14:26:00-04:00,40.79999923706055,40.83000183105469,40.790000915527344,40.81999969482422,11284,0.0,0.0
2024-07-15 14:27:00-04:00,40.814998626708984,40.81999969482422,40.814998626708984,40.81999969482422,393,0.0,0.0
2024-07-15 14:28:00-04:00,40.81999969482422,40.86000061035156,40.78499984741211,40.86000061035156,5675,0.0,0.0
2024-07-15 14:29:00-04:00,40.849998474121094,40.849998474121094,40.849998474121094,40.849998474121094,1515,0.0,0.0
2024-07-15 14:30:00-04:00,40.84000015258789,40.84000015258789,40.834999084472656,40.834999084472656,1050,0.0,0.0
2024-07-15 14:31:00-04:00,40.83000183105469,40.845001220703125,40.81999969482422,40.845001220703125,2496,0.0,0.0
2024-07-15 14:32:00-04:00,40.84000015258789,40.86000061035156,40.84000015258789,40.845001220703125,3299,0.0,0.0
2024-07-15 14:33:00-04:00,40.849998474121094,40.869998931884766,40.79999923706055,40.810001373291016,9963,0.0,0.0
2024-07-15 14:34:00-04:00,40.810001373291016,40.814998626708984,40.79999923706055,40.810001373291016,7421,0.0,0.0
2024-07-15 14:35:00-04:00,40.810001373291016,40.849998474121094,40.810001373291016,40.849998474121094,2404,0.0,0.0
2024-07-15 14:36:00-04:00,40.83000183105469,40.834999084472656,40.83000183105469,40.83000183105469,592,0.0,0.0
2024-07-15 14:37:00-04:00,40.84000015258789,40.84000015258789,40.81999969482422,40.81999969482422,2996,0.0,0.0
2024-07-15 14:38:00-04:00,40.81999969482422,40.84000015258789,40.81999969482422,40.84000015258789,958,0.0,0.0
2024-07-15 14:39:00-04:00,40.86000061035156,40.869998931884766,40.86000061035156,40.869998931884766,1098,0.0,0.0
2024-07-15 14:40:00-04:00,40.86000061035156,40.869998931884766,40.86000061035156,40.869998931884766,534,0.0,0.0
2024-07-15 14:41:00-04:00,40.869998931884766,40.88999938964844,40.814998626708984,40.834999084472656,30300,0.0,0.0
2024-07-15 14:42:00-04:00,40.83000183105469,40.880001068115234,40.81999969482422,40.869998931884766,6485,0.0,0.0
2024-07-15 14:43:00-04:00,40.869998931884766,40.88999938964844,40.86000061035156,40.869998931884766,62363,0.0,0.0
2024-07-15 14:44:00-04:00,40.880001068115234,40.900001525878906,40.880001068115234,40.880001068115234,11622,0.0,0.0
2024-07-15 14:45:00-04:00,40.869998931884766,40.869998931884766,40.79999923706055,40.849998474121094,12667,0.0,0.0
2024-07-15 14:46:00-04:00,40.849998474121094,40.869998931884766,40.810001373291016,40.810001373291016,5530,0.0,0.0
2024-07-15 14:47:00-04:00,40.79999923706055,40.79999923706055,40.78499984741211,40.790000915527344,2585,0.0,0.0
2024-07-15 14:48:00-04:00,40.790000915527344,40.810001373291016,40.779998779296875,40.810001373291016,3654,0.0,0.0
2024-07-15 14:49:00-04:00,40.810001373291016,40.814998626708984,40.810001373291016,40.810001373291016,876,0.0,0.0
2024-07-15 14:50:00-04:00,40.81999969482422,40.83000183105469,40.81999969482422,40.83000183105469,1188,0.0,0.0
2024-07-15 14:51:00-04:00,40.834999084472656,40.849998474121094,40.810001373291016,40.849998474121094,16614,0.0,0.0
2024-07-15 14:52:00-04:00,40.849998474121094,40.85499954223633,40.845001220703125,40.849998474121094,3014,0.0,0.0
2024-07-15 14:53:00-04:00,40.845001220703125,40.86000061035156,40.845001220703125,40.86000061035156,2498,0.0,0.0
2024-07-15 14:54:00-04:00,40.86000061035156,40.88999938964844,40.86000061035156,40.88999938964844,900,0.0,0.0
2024-07-15 14:55:00-04:00,40.88999938964844,40.900001525878906,40.83000183105469,40.84000015258789,9936,0.0,0.0
2024-07-15 14:56:00-04:00,40.84000015258789,40.849998474121094,40.83000183105469,40.849998474121094,6303,0.0,0.0
2024-07-15 14:57:00-04:00,40.84000015258789,40.84000015258789,40.83000183105469,40.84000015258789,1138,0.0,0.0
2024-07-15 14:58:00-04:00,40.84000015258789,40.849998474121094,40.83000183105469,40.83000183105469,3546,0.0,0.0
2024-07-15 14:59:00-04:00,40.82500076293945,40.83000183105469,40.77000045776367,40.83000183105469,7691,0.0,0.0
2024-07-15 15:00:00-04:00,40.81999969482422,40.81999969482422,40.80500030517578,40.80500030517578,3672,0.0,0.0
2024-07-15 15:01:00-04:00,40.79499816894531,40.83000183105469,40.79499816894531,40.83000183105469,2472,0.0,0.0
2024-07-15 15:02:00-04:00,40.849998474121094,40.849998474121094,40.83000183105469,40.83000183105469,2167,0.0,0.0
2024-07-15 15:03:00-04:00,40.81999969482422,40.869998931884766,40.81999969482422,40.869998931884766,2401,0.0,0.0
2024-07-15 15:04:00-04:00,40.86000061035156,40.86000061035156,40.83000183105469,40.83000183105469,2374,0.0,0.0
2024-07-15 15:05:00-04:00,40.810001373291016,40.810001373291016,40.77000045776367,40.77000045776367,2158,0.0,0.0
2024-07-15 15:06:00-04:00,40.77000045776367,40.779998779296875,40.7400016784668,40.779998779296875,3215,0.0,0.0
2024-07-15 15:07:00-04:00,40.790000915527344,40.810001373291016,40.790000915527344,40.810001373291016,3599,0.0,0.0
2024-07-15 15:08:00-04:00,40.81999969482422,40.83000183105469,40.81999969482422,40.81999969482422,2926,0.0,0.0
2024-07-15 15:09:00-04:00,40.81999969482422,40.849998474121094,40.81999969482422,40.84000015258789,6839,0.0,0.0
2024-07-15 15:10:00-04:00,40.84000015258789,40.8650016784668,40.84000015258789,40.8650016784668,2437,0.0,0.0
2024-07-15 15:11:00-04:00,40.86000061035156,40.86000061035156,40.810001373291016,40.81999969482422,7238,0.0,0.0
2024-07-15 15:12:00-04:00,40.81999969482422,40.84000015258789,40.81999969482422,40.84000015258789,2402,0.0,0.0
2024-07-15 15:13:00-04:00,40.849998474121094,40.86000061035156,40.84000015258789,40.86000061035156,1712,0.0,0.0
2024-07-15 15:14:00-04:00,40.85900115966797,40.85900115966797,40.84000015258789,40.84000015258789,2133,0.0,0.0
2024-07-15 15:15:00-04:00,40.845001220703125,40.86000061035156,40.83000183105469,40.86000061035156,5528,0.0,0.0
2024-07-15 15:16:00-04:00,40.85499954223633,40.85499954223633,40.84000015258789,40.84000015258789,890,0.0,0.0
2024-07-15 15:17:00-04:00,40.834999084472656,40.849998474121094,40.834999084472656,40.84859848022461,2202,0.0,0.0
2024-07-15 15:18:00-04:00,40.849998474121094,40.849998474121094,40.845001220703125,40.849998474121094,1757,0.0,0.0
2024-07-15 15:19:00-04:00,40.849998474121094,40.875,40.849998474121094,40.869998931884766,3516,0.0,0.0
2024-07-15 15:20:00-04:00,40.869998931884766,40.900001525878906,40.85499954223633,40.900001525878906,6919,0.0,0.0
2024-07-15 15:21:00-04:00,40.900001525878906,40.93000030517578,40.880001068115234,40.900001525878906,17276,0.0,0.0
2024-07-15 15:22:00-04:00,40.900001525878906,40.93000030517578,40.900001525878906,40.90999984741211,15894,0.0,0.0
2024-07-15 15:23:00-04:00,40.91999816894531,40.95000076293945,40.91999816894531,40.95000076293945,6014,0.0,0.0
2024-07-15 15:24:00-04:00,40.95000076293945,40.95000076293945,40.92499923706055,40.939998626708984,4358,0.0,0.0
2024-07-15 15:25:00-04:00,40.95000076293945,40.95000076293945,40.935001373291016,40.939998626708984,1090,0.0,0.0
2024-07-15 15:26:00-04:00,40.939998626708984,40.94499969482422,40.93429946899414,40.935001373291016,1633,0.0,0.0
2024-07-15 15:27:00-04:00,40.933998107910156,40.939998626708984,40.933998107910156,40.935001373291016,1202,0.0,0.0
2024-07-15 15:28:00-04:00,40.939998626708984,40.9900016784668,40.939998626708984,40.9900016784668,3756,0.0,0.0
2024-07-15 15:29:00-04:00,40.97999954223633,40.98500061035156,40.959999084472656,40.970001220703125,4835,0.0,0.0
2024-07-15 15:30:00-04:00,40.96500015258789,40.96500015258789,40.95000076293945,40.95000076293945,4368,0.0,0.0
2024-07-15 15:31:00-04:00,40.94499969482422,40.94499969482422,40.91999816894531,40.91999816894531,4402,0.0,0.0
2024-07-15 15:32:00-04:00,40.91999816894531,40.939998626708984,40.915000915527344,40.939998626708984,5531,0.0,0.0
2024-07-15 15:33:00-04:00,40.939998626708984,40.970001220703125,40.939998626708984,40.959999084472656,3808,0.0,0.0
2024-07-15 15:34:00-04:00,40.939998626708984,40.939998626708984,40.900001525878906,40.915000915527344,7238,0.0,0.0
2024-07-15 15:35:00-04:00,40.90999984741211,40.90999984741211,40.89500045776367,40.89500045776367,1549,0.0,0.0
2024-07-15 15:36:00-04:00,40.900001525878906,40.91999816894531,40.89500045776367,40.900001525878906,8316,0.0,0.0
2024-07-15 15:37:00-04:00,40.900001525878906,40.90999984741211,40.8849983215332,40.90999984741211,3311,0.0,0.0
2024-07-15 15:38:00-04:00,40.904998779296875,40.904998779296875,40.88750076293945,40.88999938964844,3170,0.0,0.0
2024-07-15 15:39:00-04:00,40.88010025024414,40.8849983215332,40.86000061035156,40.8650016784668,3242,0.0,0.0
2024-07-15 15:40:00-04:00,40.8650016784668,40.93000030517578,40.8650016784668,40.88999938964844,7278,0.0,0.0
2024-07-15 15:41:00-04:00,40.88999938964844,40.89500045776367,40.88999938964844,40.88999938964844,1414,0.0,0.0
2024-07-15 15:42:00-04:00,40.880001068115234,40.8849983215332,40.875,40.880001068115234,4861,0.0,0.0
2024-07-15 15:43:00-04:00,40.880001068115234,40.91999816894531,40.869998931884766,40.900001525878906,9049,0.0,0.0
2024-07-15 15:44:00-04:00,40.880001068115234,40.880001068115234,40.8650016784668,40.8650016784668,2450,0.0,0.0
2024-07-15 15:45:00-04:00,40.869998931884766,40.8849983215332,40.83000183105469,40.83000183105469,5967,0.0,0.0
2024-07-15 15:46:00-04:00,40.81999969482422,40.81999969482422,40.779998779296875,40.78499984741211,2920,0.0,0.0
2024-07-15 15:47:00-04:00,40.78499984741211,40.78499984741211,40.77000045776367,40.77000045776367,4619,0.0,0.0
2024-07-15 15:48:00-04:00,40.779998779296875,40.8390007019043,40.775001525878906,40.8390007019043,9326,0.0,0.0
2024-07-15 15:49:00-04:00,40.84000015258789,40.845001220703125,40.81999969482422,40.83000183105469,12990,0.0,0.0
2024-07-15 15:50:00-04:00,40.81999969482422,40.82389831542969,40.779998779296875,40.779998779296875,9216,0.0,0.0
2024-07-15 15:51:00-04:00,40.76499938964844,40.77000045776367,40.689998626708984,40.689998626708984,14143,0.0,0.0
2024-07-15 15:52:00-04:00,40.689998626708984,40.69499969482422,40.650001525878906,40.650001525878906,10415,0.0,0.0
2024-07-15 15:53:00-04:00,40.650001525878906,40.71500015258789,40.650001525878906,40.71500015258789,13794,0.0,0.0
2024-07-15 15:54:00-04:00,40.71500015258789,40.72999954223633,40.689998626708984,40.70000076293945,17705,0.0,0.0
2024-07-15 15:55:00-04:00,40.689998626708984,40.73500061035156,40.66999816894531,40.72999954223633,25986,0.0,0.0
2024-07-15 15:56:00-04:00,40.724998474121094,40.72999954223633,40.68000030517578,40.68000030517578,14091,0.0,0.0
2024-07-15 15:57:00-04:00,40.68000030517578,40.72999954223633,40.67499923706055,40.724998474121094,20863,0.0,0.0
2024-07-15 15:58:00-04:00,40.724998474121094,40.75,40.720001220703125,40.72999954223633,25013,0.0,0.0
2024-07-15 15:59:00-04:00,40.72999954223633,40.72999954223633,40.58000183105469,40.720001220703125,103792,0.0,0.0
2024-07-16 09:30:00-04:00,40.45000076293945,40.599998474121094,40.29999923706055,40.474998474121094,21527,0.0,0.0
2024-07-16 09:31:00-04:00,40.439998626708984,40.44499969482422,40.439998626708984,40.44499969482422,363,0.0,0.0
2024-07-16 09:32:00-04:00,40.36000061035156,40.45000076293945,40.2400016784668,40.41999816894531,3278,0.0,0.0
2024-07-16 09:33:00-04:00,40.34000015258789,40.41999816894531,40.34000015258789,40.369998931884766,628,0.0,0.0
2024-07-16 09:34:00-04:00,40.435001373291016,40.439998626708984,40.40999984741211,40.439998626708984,795,0.0,0.0
2024-07-16 09:35:00-04:00,40.5099983215332,40.5099983215332,40.5099983215332,40.5099983215332,487,0.0,0.0
2024-07-16 09:36:00-04:00,40.380001068115234,40.38999938964844,40.34000015258789,40.380001068115234,837,0.0,0.0
2024-07-16 09:37:00-04:00,40.43000030517578,40.529998779296875,40.369998931884766,40.529998779296875,5377,0.0,0.0
2024-07-16 09:38:00-04:00,40.47999954223633,40.529998779296875,40.45000076293945,40.529998779296875,2387,0.0,0.0
2024-07-16 09:39:00-04:00,40.47999954223633,40.47999954223633,40.47999954223633,40.47999954223633,1182,0.0,0.0
2024-07-16 09:40:00-04:00,40.27000045776367,40.279998779296875,40.27000045776367,40.279998779296875,1948,0.0,0.0
2024-07-16 09:41:00-04:00,40.2599983215332,40.31999969482422,40.2400016784668,40.31999969482422,1099,0.0,0.0
2024-07-16 09:42:00-04:00,40.369998931884766,40.369998931884766,40.34000015258789,40.34000015258789,485,0.0,0.0
2024-07-16 09:43:00-04:00,40.29999923706055,40.400001525878906,40.29999923706055,40.400001525878906,50175,0.0,0.0
2024-07-16 09:44:00-04:00,40.400001525878906,40.400001525878906,40.27000045776367,40.369998931884766,280778,0.0,0.0
2024-07-16 09:45:00-04:00,40.34000015258789,40.369998931884766,40.310001373291016,40.310001373291016,860,0.0,0.0
2024-07-16 09:46:00-04:00,40.310001373291016,40.400001525878906,40.310001373291016,40.38999938964844,2354,0.0,0.0
2024-07-16 09:47:00-04:00,40.529998779296875,40.529998779296875,40.529998779296875,40.529998779296875,186,0.0,0.0
2024-07-16 09:48:00-04:00,40.540000915527344,40.540000915527344,40.38999938964844,40.38999938964844,2580,0.0,0.0
2024-07-16 09:49:00-04:00,40.38999938964844,40.439998626708984,40.38999938964844,40.439998626708984,491,0.0,0.0
2024-07-16 09:50:00-04:00,40.380001068115234,40.4900016784668,40.380001068115234,40.4900016784668,672,0.0,0.0
2024-07-16 09:51:00-04:00,40.5,40.540000915527344,40.474998474121094,40.540000915527344,1364,0.0,0.0
2024-07-16 09:52:00-04:00,40.599998474121094,40.599998474121094,40.59000015258789,40.59000015258789,857,0.0,0.0
2024-07-16 09:53:00-04:00,40.58000183105469,40.59000015258789,40.56999969482422,40.56999969482422,767,0.0,0.0
2024-07-16 09:54:00-04:00,40.540000915527344,40.540000915527344,40.52000045776367,40.540000915527344,1433,0.0,0.0
2024-07-16 09:55:00-04:00,40.51499938964844,40.58000183105469,40.51499938964844,40.58000183105469,1455,0.0,0.0
2024-07-16 09:56:00-04:00,40.59000015258789,40.64500045776367,40.58000183105469,40.64500045776367,2108,0.0,0.0
2024-07-16 09:57:00-04:00,40.630001068115234,40.630001068115234,40.599998474121094,40.630001068115234,2923,0.0,0.0
2024-07-16 09:58:00-04:00,40.665000915527344,40.665000915527344,40.665000915527344,40.665000915527344,510,0.0,0.0
2024-07-16 09:59:00-04:00,40.72999954223633,40.72999954223633,40.72999954223633,40.72999954223633,384,0.0,0.0
2024-07-16 10:00:00-04:00,40.7400016784668,40.779998779296875,40.720001220703125,40.779998779296875,1684,0.0,0.0
2024-07-16 10:01:00-04:00,40.79499816894531,40.83000183105469,40.79499816894531,40.81999969482422,2230,0.0,0.0
2024-07-16 10:02:00-04:00,40.79999923706055,40.79999923706055,40.779998779296875,40.790000915527344,1893,0.0,0.0
2024-07-16 10:03:00-04:00,40.790000915527344,40.790000915527344,40.744998931884766,40.744998931884766,1055,0.0,0.0
2024-07-16 10:04:00-04:00,40.72999954223633,40.72999954223633,40.72999954223633,40.72999954223633,321,0.0,0.0
2024-07-16 10:05:00-04:00,40.73899841308594,40.7599983215332,40.720001220703125,40.75,6736,0.0,0.0
2024-07-16 10:06:00-04:00,40.77000045776367,40.869998931884766,40.77000045776367,40.869998931884766,1196,0.0,0.0
2024-07-16 10:07:00-04:00,40.900001525878906,40.900001525878906,40.810001373291016,40.810001373291016,2722,0.0,0.0
2024-07-16 10:08:00-04:00,40.790000915527344,40.790000915527344,40.78499984741211,40.790000915527344,1377,0.0,0.0
2024-07-16 10:09:00-04:00,40.79999923706055,40.79999923706055,40.72999954223633,40.72999954223633,3418,0.0,0.0
2024-07-16 10:10:00-04:00,40.72999954223633,40.72999954223633,40.72999954223633,40.72999954223633,339,0.0,0.0
2024-07-16 10:11:00-04:00,40.72999954223633,40.7400016784668,40.713199615478516,40.71799850463867,1184,0.0,0.0
2024-07-16 10:12:00-04:00,40.7400016784668,40.75,40.720001220703125,40.72999954223633,3480,0.0,0.0
2024-07-16 10:13:00-04:00,40.7400016784668,40.75,40.72999954223633,40.72999954223633,1198,0.0,0.0
2024-07-16 10:14:00-04:00,40.7400016784668,40.809898376464844,40.7400016784668,40.79999923706055,1317,0.0,0.0
2024-07-16 10:15:00-04:00,40.83000183105469,40.84000015258789,40.810001373291016,40.84000015258789,2426,0.0,0.0
2024-07-16 10:16:00-04:00,40.849998474121094,40.849998474121094,40.79999923706055,40.79999923706055,1682,0.0,0.0
2024-07-16 10:17:00-04:00,40.779998779296875,40.779998779296875,40.75960159301758,40.75960159301758,670,0.0,0.0
2024-07-16 10:18:00-04:00,40.7599983215332,40.7599983215332,40.7599983215332,40.7599983215332,644,0.0,0.0
2024-07-16 10:19:00-04:00,40.7400016784668,40.7400016784668,40.66999816894531,40.66999816894531,1284,0.0,0.0
2024-07-16 10:20:00-04:00,40.66999816894531,40.689998626708984,40.665000915527344,40.689998626708984,628,0.0,0.0
2024-07-16 10:21:00-04:00,40.709999084472656,40.75,40.709999084472656,40.75,665,0.0,0.0
2024-07-16 10:22:00-04:00,40.779998779296875,40.779998779296875,40.779998779296875,40.779998779296875,1122,0.0,0.0
2024-07-16 10:23:00-04:00,40.77000045776367,40.79999923706055,40.77000045776367,40.79999923706055,662,0.0,0.0
2024-07-16 10:24:00-04:00,40.810001373291016,40.81999969482422,40.810001373291016,40.810001373291016,1541,0.0,0.0
2024-07-16 10:25:00-04:00,40.81999969482422,40.84000015258789,40.81999969482422,40.84000015258789,1285,0.0,0.0
2024-07-16 10:26:00-04:00,40.869998931884766,40.869998931884766,40.84000015258789,40.84000015258789,931,0.0,0.0
2024-07-16 10:27:00-04:00,40.849998474121094,40.86000061035156,40.849998474121094,40.849998474121094,1455,0.0,0.0
2024-07-16 10:28:00-04:00,40.86000061035156,40.8650016784668,40.86000061035156,40.8650016784668,553,0.0,0.0
2024-07-16 10:29:00-04:00,40.84000015258789,40.84000015258789,40.79999923706055,40.79999923706055,3188,0.0,0.0
2024-07-16 10:30:00-04:00,40.79999923706055,40.79999923706055,40.77000045776367,40.79999923706055,2443,0.0,0.0
2024-07-16 10:31:00-04:00,40.810001373291016,40.83000183105469,40.810001373291016,40.81999969482422,1804,0.0,0.0
2024-07-16 10:32:00-04:00,40.810001373291016,40.83000183105469,40.790000915527344,40.81999969482422,2567,0.0,0.0
2024-07-16 10:33:00-04:00,40.81050109863281,40.81999969482422,40.810001373291016,40.81999969482422,1287,0.0,0.0
2024-07-16 10:34:00-04:00,40.810001373291016,40.810001373291016,40.79999923706055,40.79999923706055,620,0.0,0.0
2024-07-16 10:35:00-04:00,40.79999923706055,40.810001373291016,40.779998779296875,40.779998779296875,2553,0.0,0.0
2024-07-16 10:36:00-04:00,40.79999923706055,40.86040115356445,40.79999923706055,40.86040115356445,1703,0.0,0.0
2024-07-16 10:37:00-04:00,40.849998474121094,40.869998931884766,40.849998474121094,40.869998931884766,2798,0.0,0.0
2024-07-16 10:38:00-04:00,40.849998474121094,40.849998474121094,40.849998474121094,40.849998474121094,310,0.0,0.0
2024-07-16 10:39:00-04:00,40.869998931884766,40.869998931884766,40.81999969482422,40.81999969482422,1742,0.0,0.0
2024-07-16 10:40:00-04:00,40.810001373291016,40.810001373291016,40.810001373291016,40.810001373291016,270,0.0,0.0
2024-07-16 10:41:00-04:00,40.83000183105469,40.83000183105469,40.790000915527344,40.790000915527344,537,0.0,0.0
2024-07-16 10:42:00-04:00,40.79999923706055,40.79999923706055,40.79999923706055,40.79999923706055,205,0.0,0.0
2024-07-16 10:43:00-04:00,40.810001373291016,40.82500076293945,40.790000915527344,40.790000915527344,2276,0.0,0.0
2024-07-16 10:44:00-04:00,40.810001373291016,40.810001373291016,40.810001373291016,40.810001373291016,210,0.0,0.0
2024-07-16 10:45:00-04:00,40.81999969482422,40.84000015258789,40.79999923706055,40.84000015258789,1595,0.0,0.0
2024-07-16 10:46:00-04:00,40.849998474121094,40.86000061035156,40.849998474121094,40.849998474121094,731,0.0,0.0
2024-07-16 10:47:00-04:00,40.869998931884766,40.900001525878906,40.869998931884766,40.900001525878906,1529,0.0,0.0
2024-07-16 10:48:00-04:00,40.900001525878906,40.900001525878906,40.88999938964844,40.900001525878906,500,0.0,0.0
2024-07-16 10:49:00-04:00,40.900001525878906,40.90999984741211,40.880001068115234,40.88999938964844,2776,0.0,0.0
2024-07-16 10:50:00-04:00,40.88999938964844,40.90999984741211,40.88999938964844,40.90999984741211,749,0.0,0.0
2024-07-16 10:51:00-04:00,40.91999816894531,40.95000076293945,40.91999816894531,40.94499969482422,1724,0.0,0.0
2024-07-16 10:52:00-04:00,40.939998626708984,40.97999954223633,40.939998626708984,40.97999954223633,1084,0.0,0.0
2024-07-16 10:53:00-04:00,40.974998474121094,40.974998474121094,40.959999084472656,40.970001220703125,2675,0.0,0.0
2024-07-16 10:54:00-04:00,40.95000076293945,40.959999084472656,40.94499969482422,40.959999084472656,2372,0.0,0.0
2024-07-16 10:55:00-04:00,40.97999954223633,41.0099983215332,40.97999954223633,41.0099983215332,4407,0.0,0.0
2024-07-16 10:56:00-04:00,41.0099983215332,41.04999923706055,41.00899887084961,41.040000915527344,3362,0.0,0.0
2024-07-16 10:57:00-04:00,41.060001373291016,41.06999969482422,41.060001373291016,41.06999969482422,893,0.0,0.0
2024-07-16 10:58:00-04:00,41.060001373291016,41.08000183105469,41.04999923706055,41.08000183105469,1554,0.0,0.0
2024-07-16 10:59:00-04:00,41.08000183105469,41.08000183105469,41.06999969482422,41.07500076293945,844,0.0,0.0
2024-07-16 11:00:00-04:00,41.060001373291016,41.060001373291016,41.02000045776367,41.02000045776367,1664,0.0,0.0
2024-07-16 11:01:00-04:00,41.02000045776367,41.02000045776367,40.97999954223633,41.0,2023,0.0,0.0
2024-07-16 11:02:00-04:00,41.00899887084961,41.04499816894531,41.00899887084961,41.04499816894531,1693,0.0,0.0
2024-07-16 11:03:00-04:00,41.060001373291016,41.060001373291016,41.060001373291016,41.060001373291016,127,0.0,0.0
2024-07-16 11:04:00-04:00,41.060001373291016,41.060001373291016,41.060001373291016,41.060001373291016,566,0.0,0.0
2024-07-16 11:05:00-04:00,41.08000183105469,41.099998474121094,41.06999969482422,41.095001220703125,3069,0.0,0.0
2024-07-16 11:06:00-04:00,41.08000183105469,41.09000015258789,41.06999969482422,41.06999969482422,1585,0.0,0.0
2024-07-16 11:07:00-04:00,41.06999969482422,41.06999969482422,41.060001373291016,41.06999969482422,1666,0.0,0.0
2024-07-16 11:08:00-04:00,41.060001373291016,41.06999969482422,41.060001373291016,41.06999969482422,1248,0.0,0.0
2024-07-16 11:09:00-04:00,41.060001373291016,41.060001373291016,41.04999923706055,41.04999923706055,863,0.0,0.0
2024-07-16 11:10:00-04:00,41.040000915527344,41.040000915527344,41.036800384521484,41.040000915527344,2300,0.0,0.0
2024-07-16 11:11:00-04:00,41.029998779296875,41.08000183105469,41.029998779296875,41.08000183105469,1605,0.0,0.0
2024-07-16 11:12:00-04:00,41.08000183105469,41.08000183105469,41.05500030517578,41.05500030517578,1378,0.0,0.0
2024-07-16 11:13:00-04:00,41.06999969482422,41.08000183105469,41.06999969482422,41.08000183105469,609,0.0,0.0
2024-07-16 11:14:00-04:00,41.09000015258789,41.09000015258789,41.06999969482422,41.06999969482422,712,0.0,0.0
2024-07-16 11:15:00-04:00,41.05500030517578,41.05500030517578,41.02000045776367,41.02000045776367,1091,0.0,0.0
2024-07-16 11:16:00-04:00,41.02000045776367,41.04999923706055,41.02000045776367,41.040000915527344,2478,0.0,0.0
2024-07-16 11:17:00-04:00,41.029998779296875,41.08000183105469,41.029998779296875,41.08000183105469,1646,0.0,0.0
2024-07-16 11:18:00-04:00,41.099998474121094,41.130001068115234,41.09000015258789,41.130001068115234,1440,0.0,0.0
2024-07-16 11:19:00-04:00,41.130001068115234,41.13999938964844,41.130001068115234,41.13999938964844,612,0.0,0.0
2024-07-16 11:20:00-04:00,41.13999938964844,41.14500045776367,41.119998931884766,41.14500045776367,2354,0.0,0.0
2024-07-16 11:21:00-04:00,41.13999938964844,41.15999984741211,41.13999938964844,41.15999984741211,1673,0.0,0.0
2024-07-16 11:22:00-04:00,41.18000030517578,41.189998626708984,41.18000030517578,41.189998626708984,487,0.0,0.0
2024-07-16 11:23:00-04:00,41.16999816894531,41.16999816894531,41.16999816894531,41.16999816894531,807,0.0,0.0
2024-07-16 11:24:00-04:00,41.18000030517578,41.189998626708984,41.15999984741211,41.15999984741211,1950,0.0,0.0
2024-07-16 11:25:00-04:00,41.150001525878906,41.150001525878906,41.130001068115234,41.13999938964844,1259,0.0,0.0
2024-07-16 11:26:00-04:00,41.13999938964844,41.154998779296875,41.13999938964844,41.154998779296875,1018,0.0,0.0
2024-07-16 11:27:00-04:00,41.150001525878906,41.150001525878906,41.08000183105469,41.08000183105469,1982,0.0,0.0
2024-07-16 11:28:00-04:00,41.08000183105469,41.09000015258789,41.08000183105469,41.09000015258789,684,0.0,0.0
2024-07-16 11:29:00-04:00,41.08000183105469,41.099998474121094,41.08000183105469,41.099998474121094,1933,0.0,0.0
2024-07-16 11:30:00-04:00,41.09000015258789,41.09000015258789,41.04999923706055,41.04999923706055,974,0.0,0.0
2024-07-16 11:31:00-04:00,41.040000915527344,41.04999923706055,41.029998779296875,41.029998779296875,2581,0.0,0.0
2024-07-16 11:32:00-04:00,41.040000915527344,41.084999084472656,41.040000915527344,41.06850051879883,2927,0.0,0.0
2024-07-16 11:33:00-04:00,41.06999969482422,41.06999969482422,41.06999969482422,41.06999969482422,139,0.0,0.0
2024-07-16 11:34:00-04:00,41.06999969482422,41.06999969482422,41.04999923706055,41.04999923706055,1748,0.0,0.0
2024-07-16 11:35:00-04:00,41.04999923706055,41.060001373291016,41.04999923706055,41.060001373291016,630,0.0,0.0
2024-07-16 11:36:00-04:00,41.066001892089844,41.08000183105469,41.057701110839844,41.060001373291016,3408,0.0,0.0
2024-07-16 11:37:00-04:00,41.06999969482422,41.099998474121094,41.06999969482422,41.099998474121094,1484,0.0,0.0
2024-07-16 11:39:00-04:00,41.11000061035156,41.119998931884766,41.11000061035156,41.119998931884766,644,0.0,0.0
2024-07-16 11:40:00-04:00,41.11069869995117,41.119998931884766,41.10499954223633,41.119998931884766,1398,0.0,0.0
2024-07-16 11:41:00-04:00,41.119998931884766,41.119998931884766,41.119998931884766,41.119998931884766,510,0.0,0.0
2024-07-16 11:42:00-04:00,41.130001068115234,41.13999938964844,41.119998931884766,41.1349983215332,3125,0.0,0.0
2024-07-16 11:43:00-04:00,41.125,41.125,41.125,41.125,118,0.0,0.0
2024-07-16 11:44:00-04:00,41.119998931884766,41.125,41.1150016784668,41.1150016784668,1323,0.0,0.0
2024-07-16 11:45:00-04:00,41.130001068115234,41.130001068115234,41.130001068115234,41.130001068115234,677,0.0,0.0
2024-07-16 11:46:00-04:00,41.119998931884766,41.119998931884766,41.11000061035156,41.1150016784668,1704,0.0,0.0
2024-07-16 11:47:00-04:00,41.11000061035156,41.11000061035156,41.10029983520508,41.11000061035156,1225,0.0,0.0
2024-07-16 11:48:00-04:00,41.099998474121094,41.099998474121094,41.08000183105469,41.08000183105469,925,0.0,0.0
2024-07-16 11:49:00-04:00,41.11000061035156,41.130001068115234,41.11000061035156,41.119998931884766,1434,0.0,0.0
2024-07-16 11:50:00-04:00,41.1150016784668,41.1150016784668,41.09000015258789,41.09000015258789,1261,0.0,0.0
2024-07-16 11:51:00-04:00,41.060001373291016,41.060001373291016,41.060001373291016,41.060001373291016,452,0.0,0.0
2024-07-16 11:52:00-04:00,41.04999923706055,41.05500030517578,41.029998779296875,41.029998779296875,1408,0.0,0.0
2024-07-16 11:53:00-04:00,41.029998779296875,41.060001373291016,41.029998779296875,41.060001373291016,2271,0.0,0.0
2024-07-16 11:54:00-04:00,41.06999969482422,41.08000183105469,41.06999969482422,41.08000183105469,878,0.0,0.0
2024-07-16 11:55:00-04:00,41.06999969482422,41.06999969482422,41.06999969482422,41.06999969482422,524,0.0,0.0
2024-07-16 11:56:00-04:00,41.06999969482422,41.099998474121094,41.06999969482422,41.099998474121094,802,0.0,0.0
2024-07-16 11:57:00-04:00,41.099998474121094,41.099998474121094,41.09000015258789,41.09000015258789,915,0.0,0.0
2024-07-16 11:58:00-04:00,41.09000015258789,41.119998931884766,41.09000015258789,41.119998931884766,1299,0.0,0.0
2024-07-16 11:59:00-04:00,41.130001068115234,41.130001068115234,41.130001068115234,41.130001068115234,394,0.0,0.0
2024-07-16 12:00:00-04:00,41.13999938964844,41.15999984741211,41.130001068115234,41.130001068115234,3053,0.0,0.0
2024-07-16 12:01:00-04:00,41.099998474121094,41.099998474121094,41.099998474121094,41.099998474121094,833,0.0,0.0
2024-07-16 12:03:00-04:00,41.11000061035156,41.11000061035156,41.11000061035156,41.11000061035156,338,0.0,0.0
2024-07-16 12:04:00-04:00,41.119998931884766,41.13999938964844,41.119998931884766,41.13999938964844,981,0.0,0.0
2024-07-16 12:05:00-04:00,41.13999938964844,41.13999938964844,41.130001068115234,41.130001068115234,691,0.0,0.0
2024-07-16 12:06:00-04:00,41.130001068115234,41.15999984741211,41.130001068115234,41.15999984741211,1158,0.0,0.0
2024-07-16 12:07:00-04:00,41.150001525878906,41.15999984741211,41.130001068115234,41.13999938964844,2377,0.0,0.0
2024-07-16 12:08:00-04:00,41.150001525878906,41.15999984741211,41.150001525878906,41.15999984741211,1383,0.0,0.0
2024-07-16 12:09:00-04:00,41.16999816894531,41.189998626708984,41.16999816894531,41.189998626708984,1691,0.0,0.0
2024-07-16 12:10:00-04:00,41.20000076293945,41.2599983215332,41.20000076293945,41.2599983215332,1605,0.0,0.0
2024-07-16 12:11:00-04:00,41.2599983215332,41.279998779296875,41.25,41.2599983215332,5226,0.0,0.0
2024-07-16 12:12:00-04:00,41.27000045776367,41.290000915527344,41.27000045776367,41.290000915527344,4031,0.0,0.0
2024-07-16 12:13:00-04:00,41.290000915527344,41.314998626708984,41.290000915527344,41.310001373291016,1626,0.0,0.0
2024-07-16 12:14:00-04:00,41.310001373291016,41.32500076293945,41.310001373291016,41.32500076293945,1619,0.0,0.0
2024-07-16 12:15:00-04:00,41.32500076293945,41.3297004699707,41.30500030517578,41.30500030517578,4390,0.0,0.0
2024-07-16 12:16:00-04:00,41.29999923706055,41.29999923706055,41.25,41.25,2243,0.0,0.0
2024-07-16 12:17:00-04:00,41.2599983215332,41.27000045776367,41.2599983215332,41.27000045776367,1601,0.0,0.0
2024-07-16 12:18:00-04:00,41.290000915527344,41.310001373291016,41.290000915527344,41.301998138427734,2670,0.0,0.0
2024-07-16 12:19:00-04:00,41.290000915527344,41.290000915527344,41.2400016784668,41.2599983215332,2145,0.0,0.0
2024-07-16 12:20:00-04:00,41.27000045776367,41.28499984741211,41.27000045776367,41.28499984741211,391,0.0,0.0
2024-07-16 12:21:00-04:00,41.28499984741211,41.29999923706055,41.28499984741211,41.290000915527344,2010,0.0,0.0
2024-07-16 12:22:00-04:00,41.29999923706055,41.31999969482422,41.290000915527344,41.290000915527344,2613,0.0,0.0
2024-07-16 12:25:00-04:00,41.31999969482422,41.33000183105469,41.30099868774414,41.310001373291016,3412,0.0,0.0
2024-07-16 12:26:00-04:00,41.29999923706055,41.29999923706055,41.279998779296875,41.279998779296875,1135,0.0,0.0
2024-07-16 12:27:00-04:00,41.25,41.25,41.22999954223633,41.25,1115,0.0,0.0
2024-07-16 12:28:00-04:00,41.2400016784668,41.2400016784668,41.165000915527344,41.165000915527344,1977,0.0,0.0
2024-07-16 12:29:00-04:00,41.165000915527344,41.189998626708984,41.165000915527344,41.189998626708984,1969,0.0,0.0
2024-07-16 12:30:00-04:00,41.185001373291016,41.189998626708984,41.16999816894531,41.189998626708984,1964,0.0,0.0
2024-07-16 12:31:00-04:00,41.19499969482422,41.209999084472656,41.19499969482422,41.19499969482422,837,0.0,0.0
2024-07-16 12:32:00-04:00,41.20000076293945,41.20000076293945,41.18000030517578,41.18000030517578,2580,0.0,0.0
2024-07-16 12:33:00-04:00,41.16999816894531,41.20000076293945,41.16999816894531,41.20000076293945,1530,0.0,0.0
2024-07-16 12:34:00-04:00,41.209999084472656,41.209999084472656,41.20000076293945,41.20000076293945,3554,0.0,0.0
2024-07-16 12:35:00-04:00,41.20000076293945,41.20000076293945,41.20000076293945,41.20000076293945,1152,0.0,0.0
2024-07-16 12:36:00-04:00,41.20000076293945,41.20000076293945,41.19499969482422,41.19499969482422,885,0.0,0.0
2024-07-16 12:37:00-04:00,41.20000076293945,41.220001220703125,41.20000076293945,41.220001220703125,1380,0.0,0.0
2024-07-16 12:38:00-04:00,41.209999084472656,41.209999084472656,41.18000030517578,41.189998626708984,2805,0.0,0.0
2024-07-16 12:39:00-04:00,41.189998626708984,41.220001220703125,41.189998626708984,41.220001220703125,2387,0.0,0.0
2024-07-16 12:40:00-04:00,41.20000076293945,41.20000076293945,41.20000076293945,41.20000076293945,520,0.0,0.0
2024-07-16 12:41:00-04:00,41.20000076293945,41.20000076293945,41.19499969482422,41.20000076293945,1809,0.0,0.0
2024-07-16 12:42:00-04:00,41.189998626708984,41.19499969482422,41.13999938964844,41.15999984741211,4171,0.0,0.0
2024-07-16 12:43:00-04:00,41.16999816894531,41.209999084472656,41.16999816894531,41.209999084472656,2154,0.0,0.0
2024-07-16 12:44:00-04:00,41.20000076293945,41.20000076293945,41.189998626708984,41.20000076293945,1489,0.0,0.0
2024-07-16 12:45:00-04:00,41.189998626708984,41.189998626708984,41.189998626708984,41.189998626708984,541,0.0,0.0
2024-07-16 12:46:00-04:00,41.20000076293945,41.20000076293945,41.189998626708984,41.189998626708984,1890,0.0,0.0
2024-07-16 12:47:00-04:00,41.185001373291016,41.20000076293945,41.185001373291016,41.20000076293945,746,0.0,0.0
2024-07-16 12:48:00-04:00,41.209999084472656,41.23500061035156,41.209999084472656,41.23500061035156,1703,0.0,0.0
2024-07-16 12:49:00-04:00,41.2400016784668,41.2400016784668,41.220001220703125,41.224998474121094,2820,0.0,0.0
2024-07-16 12:50:00-04:00,41.209999084472656,41.209999084472656,41.189998626708984,41.189998626708984,1928,0.0,0.0
2024-07-16 12:51:00-04:00,41.18000030517578,41.185001373291016,41.16999816894531,41.16999816894531,1023,0.0,0.0
2024-07-16 12:52:00-04:00,41.18000030517578,41.20000076293945,41.18000030517578,41.189998626708984,1337,0.0,0.0
2024-07-16 12:53:00-04:00,41.189998626708984,41.189998626708984,41.185001373291016,41.185001373291016,1010,0.0,0.0
2024-07-16 12:54:00-04:00,41.185001373291016,41.185001373291016,41.185001373291016,41.185001373291016,154,0.0,0.0
2024-07-16 12:55:00-04:00,41.189998626708984,41.20000076293945,41.16999816894531,41.16999816894531,2504,0.0,0.0
2024-07-16 12:56:00-04:00,41.16999816894531,41.18000030517578,41.150001525878906,41.15999984741211,7635,0.0,0.0
2024-07-16 12:57:00-04:00,41.165000915527344,41.18000030517578,41.150001525878906,41.150001525878906,1244,0.0,0.0
2024-07-16 12:58:00-04:00,41.130001068115234,41.165000915527344,41.130001068115234,41.165000915527344,1181,0.0,0.0
2024-07-16 12:59:00-04:00,41.16999816894531,41.20000076293945,41.16999816894531,41.20000076293945,1449,0.0,0.0
2024-07-16 13:00:00-04:00,41.189998626708984,41.20000076293945,41.18000030517578,41.20000076293945,2235,0.0,0.0
2024-07-16 13:01:00-04:00,41.20000076293945,41.220001220703125,41.20000076293945,41.220001220703125,1664,0.0,0.0
2024-07-16 13:02:00-04:00,41.25,41.25,41.25,41.25,354,0.0,0.0
2024-07-16 13:03:00-04:00,41.2599983215332,41.279998779296875,41.220001220703125,41.220001220703125,7719,0.0,0.0
2024-07-16 13:04:00-04:00,41.23500061035156,41.27000045776367,41.23500061035156,41.27000045776367,334,0.0,0.0
2024-07-16 13:05:00-04:00,41.25,41.25,41.2400016784668,41.244998931884766,675,0.0,0.0
2024-07-16 13:06:00-04:00,41.25,41.27000045776367,41.25,41.27000045776367,724,0.0,0.0
2024-07-16 13:07:00-04:00,41.279998779296875,41.279998779296875,41.2599983215332,41.2599983215332,1710,0.0,0.0
2024-07-16 13:08:00-04:00,41.27000045776367,41.27000045776367,41.2599983215332,41.27000045776367,654,0.0,0.0
2024-07-16 13:09:00-04:00,41.2599983215332,41.27000045776367,41.250099182128906,41.27000045776367,5246,0.0,0.0
2024-07-16 13:10:00-04:00,41.27000045776367,41.27000045776367,41.25,41.25,1468,0.0,0.0
2024-07-16 13:11:00-04:00,41.25,41.255001068115234,41.2400016784668,41.2400016784668,1283,0.0,0.0
2024-07-16 13:12:00-04:00,41.2400016784668,41.2400016784668,41.22999954223633,41.22999954223633,394,0.0,0.0
2024-07-16 13:13:00-04:00,41.2400016784668,41.2400016784668,41.220001220703125,41.220001220703125,1562,0.0,0.0
2024-07-16 13:14:00-04:00,41.220001220703125,41.23500061035156,41.209999084472656,41.23500061035156,1380,0.0,0.0
2024-07-16 13:15:00-04:00,41.22999954223633,41.22999954223633,41.22999954223633,41.22999954223633,252,0.0,0.0
2024-07-16 13:16:00-04:00,41.2400016784668,41.25,41.2400016784668,41.25,798,0.0,0.0
2024-07-16 13:17:00-04:00,41.25,41.25170135498047,41.2400016784668,41.25,2070,0.0,0.0
2024-07-16 13:18:00-04:00,41.25,41.25,41.25,41.25,230,0.0,0.0
2024-07-16 13:19:00-04:00,41.2599983215332,41.2599983215332,41.2599983215332,41.2599983215332,283,0.0,0.0
2024-07-16 13:20:00-04:00,41.2599983215332,41.27000045776367,41.2599983215332,41.26499938964844,1652,0.0,0.0
2024-07-16 13:21:00-04:00,41.26499938964844,41.279998779296875,41.25,41.27000045776367,5509,0.0,0.0
2024-07-16 13:22:00-04:00,41.275001525878906,41.279998779296875,41.275001525878906,41.279998779296875,806,0.0,0.0
2024-07-16 13:23:00-04:00,41.279998779296875,41.279998779296875,41.27000045776367,41.27470016479492,434,0.0,0.0
2024-07-16 13:24:00-04:00,41.27000045776367,41.279998779296875,41.2599983215332,41.2599983215332,1270,0.0,0.0
2024-07-16 13:25:00-04:00,41.26499938964844,41.26499938964844,41.22999954223633,41.23350143432617,2085,0.0,0.0
2024-07-16 13:26:00-04:00,41.239898681640625,41.239898681640625,41.20000076293945,41.20000076293945,1679,0.0,0.0
2024-07-16 13:27:00-04:00,41.209999084472656,41.224998474121094,41.209999084472656,41.224998474121094,1934,0.0,0.0
2024-07-16 13:29:00-04:00,41.224998474121094,41.23500061035156,41.20000076293945,41.23500061035156,5875,0.0,0.0
2024-07-16 13:30:00-04:00,41.23500061035156,41.27000045776367,41.22999954223633,41.2599983215332,4032,0.0,0.0
2024-07-16 13:31:00-04:00,41.2599983215332,41.27000045776367,41.2599983215332,41.2599983215332,927,0.0,0.0
2024-07-16 13:32:00-04:00,41.2599983215332,41.27000045776367,41.2599983215332,41.26900100708008,5887,0.0,0.0
2024-07-16 13:33:00-04:00,41.279998779296875,41.279998779296875,41.275001525878906,41.279998779296875,1136,0.0,0.0
2024-07-16 13:34:00-04:00,41.279998779296875,41.29499816894531,41.279998779296875,41.290000915527344,4683,0.0,0.0
2024-07-16 13:35:00-04:00,41.290000915527344,41.290000915527344,41.279998779296875,41.290000915527344,408,0.0,0.0
2024-07-16 13:36:00-04:00,41.290000915527344,41.290000915527344,41.290000915527344,41.290000915527344,453,0.0,0.0
2024-07-16 13:37:00-04:00,41.28499984741211,41.290000915527344,41.279998779296875,41.279998779296875,2376,0.0,0.0
2024-07-16 13:38:00-04:00,41.290000915527344,41.29999923706055,41.290000915527344,41.290000915527344,1889,0.0,0.0
2024-07-16 13:39:00-04:00,41.290000915527344,41.290000915527344,41.290000915527344,41.290000915527344,405,0.0,0.0
2024-07-16 13:41:00-04:00,41.279998779296875,41.279998779296875,41.26900100708008,41.27000045776367,2017,0.0,0.0
2024-07-16 13:42:00-04:00,41.27000045776367,41.29499816894531,41.27000045776367,41.29499816894531,2099,0.0,0.0
2024-07-16 13:43:00-04:00,41.29999923706055,41.310001373291016,41.25,41.25,5609,0.0,0.0
2024-07-16 13:44:00-04:00,41.25,41.25,41.244998931884766,41.25,3633,0.0,0.0
2024-07-16 13:45:00-04:00,41.25,41.25,41.25,41.25,227,0.0,0.0
2024-07-16 13:46:00-04:00,41.25,41.25,41.22999954223633,41.2400016784668,2233,0.0,0.0
2024-07-16 13:47:00-04:00,41.25,41.279998779296875,41.25,41.279998779296875,2767,0.0,0.0
2024-07-16 13:48:00-04:00,41.279998779296875,41.290000915527344,41.279998779296875,41.290000915527344,1665,0.0,0.0
2024-07-16 13:49:00-04:00,41.290000915527344,41.290000915527344,41.279998779296875,41.28499984741211,1296,0.0,0.0
2024-07-16 13:50:00-04:00,41.290000915527344,41.290000915527344,41.27000045776367,41.279998779296875,1464,0.0,0.0
2024-07-16 13:51:00-04:00,41.27000045776367,41.27000045776367,41.27000045776367,41.27000045776367,659,0.0,0.0
2024-07-16 13:52:00-04:00,41.2599983215332,41.2599983215332,41.25,41.25,344,0.0,0.0
2024-07-16 13:53:00-04:00,41.2599983215332,41.2599983215332,41.25,41.25,197752,0.0,0.0
2024-07-16 13:54:00-04:00,41.25,41.27000045776367,41.2400016784668,41.27000045776367,2314,0.0,0.0
2024-07-16 13:55:00-04:00,41.27000045776367,41.290000915527344,41.27000045776367,41.290000915527344,2279,0.0,0.0
2024-07-16 13:56:00-04:00,41.29499816894531,41.31999969482422,41.29499816894531,41.31999969482422,1364,0.0,0.0
2024-07-16 13:57:00-04:00,41.29999923706055,41.31999969482422,41.29999923706055,41.314998626708984,1855,0.0,0.0
2024-07-16 13:58:00-04:00,41.31999969482422,41.36000061035156,41.31999969482422,41.36000061035156,7532,0.0,0.0
2024-07-16 13:59:00-04:00,41.36000061035156,41.38999938964844,41.36000061035156,41.380001068115234,5493,0.0,0.0
2024-07-16 14:00:00-04:00,41.38999938964844,41.400001525878906,41.33000183105469,41.349998474121094,8226,0.0,0.0
2024-07-16 14:01:00-04:00,41.345001220703125,41.380001068115234,41.34000015258789,41.380001068115234,4252,0.0,0.0
2024-07-16 14:02:00-04:00,41.400001525878906,41.400001525878906,41.400001525878906,41.400001525878906,1210,0.0,0.0
2024-07-16 14:03:00-04:00,41.38999938964844,41.400001525878906,41.34000015258789,41.34000015258789,6912,0.0,0.0
2024-07-16 14:04:00-04:00,41.349998474121094,41.380001068115234,41.349998474121094,41.380001068115234,3557,0.0,0.0
2024-07-16 14:05:00-04:00,41.380001068115234,41.38999938964844,41.349998474121094,41.349998474121094,3970,0.0,0.0
2024-07-16 14:06:00-04:00,41.349998474121094,41.349998474121094,41.32500076293945,41.34000015258789,3645,0.0,0.0
2024-07-16 14:07:00-04:00,41.349998474121094,41.36000061035156,41.349998474121094,41.36000061035156,513,0.0,0.0
2024-07-16 14:08:00-04:00,41.36000061035156,41.369998931884766,41.36000061035156,41.36000061035156,2440,0.0,0.0
2024-07-16 14:09:00-04:00,41.369998931884766,41.369998931884766,41.36000061035156,41.36000061035156,1650,0.0,0.0
2024-07-16 14:10:00-04:00,41.36000061035156,41.36000061035156,41.349998474121094,41.349998474121094,1771,0.0,0.0
2024-07-16 14:11:00-04:00,41.349998474121094,41.40999984741211,41.349998474121094,41.40999984741211,2786,0.0,0.0
2024-07-16 14:12:00-04:00,41.40999984741211,41.41999816894531,41.400001525878906,41.400001525878906,1618,0.0,0.0
2024-07-16 14:13:00-04:00,41.400001525878906,41.400001525878906,41.37799835205078,41.380001068115234,2527,0.0,0.0
2024-07-16 14:14:00-04:00,41.380001068115234,41.400001525878906,41.380001068115234,41.400001525878906,2598,0.0,0.0
2024-07-16 14:15:00-04:00,41.369998931884766,41.369998931884766,41.349998474121094,41.349998474121094,2835,0.0,0.0
2024-07-16 14:16:00-04:00,41.349998474121094,41.349998474121094,41.349998474121094,41.349998474121094,638,0.0,0.0
2024-07-16 14:17:00-04:00,41.345001220703125,41.345001220703125,41.334999084472656,41.34000015258789,1661,0.0,0.0
2024-07-16 14:18:00-04:00,41.34000015258789,41.345001220703125,41.33000183105469,41.345001220703125,2008,0.0,0.0
2024-07-16 14:19:00-04:00,41.34000015258789,41.34000015258789,41.31999969482422,41.34000015258789,2985,0.0,0.0
2024-07-16 14:20:00-04:00,41.34000015258789,41.349998474121094,41.34000015258789,41.349998474121094,2993,0.0,0.0
2024-07-16 14:21:00-04:00,41.349998474121094,41.36000061035156,41.349998474121094,41.36000061035156,1621,0.0,0.0
2024-07-16 14:22:00-04:00,41.369998931884766,41.369998931884766,41.3650016784668,41.3650016784668,634,0.0,0.0
2024-07-16 14:23:00-04:00,41.36000061035156,41.36000061035156,41.345001220703125,41.36000061035156,2988,0.0,0.0
2024-07-16 14:24:00-04:00,41.36000061035156,41.3650016784668,41.36000061035156,41.3650016784668,746,0.0,0.0
2024-07-16 14:25:00-04:00,41.36000061035156,41.3650016784668,41.349998474121094,41.349998474121094,3635,0.0,0.0
2024-07-16 14:26:00-04:00,41.36000061035156,41.38999938964844,41.349998474121094,41.38999938964844,3204,0.0,0.0
2024-07-16 14:27:00-04:00,41.39500045776367,41.39500045776367,41.39500045776367,41.39500045776367,919,0.0,0.0
2024-07-16 14:28:00-04:00,41.38999938964844,41.39500045776367,41.3650016784668,41.380001068115234,4268,0.0,0.0
2024-07-16 14:29:00-04:00,41.380001068115234,41.380001068115234,41.345001220703125,41.349998474121094,1274,0.0,0.0
2024-07-16 14:30:00-04:00,41.349998474121094,41.349998474121094,41.349998474121094,41.349998474121094,438,0.0,0.0
2024-07-16 14:31:00-04:00,41.349998474121094,41.36000061035156,41.349998474121094,41.349998474121094,442,0.0,0.0
2024-07-16 14:32:00-04:00,41.349998474121094,41.349998474121094,41.345001220703125,41.345001220703125,1845,0.0,0.0
2024-07-16 14:33:00-04:00,41.349998474121094,41.35499954223633,41.345001220703125,41.349998474121094,1768,0.0,0.0
2024-07-16 14:34:00-04:00,41.345001220703125,41.345001220703125,41.345001220703125,41.345001220703125,1347,0.0,0.0
2024-07-16 14:35:00-04:00,41.36000061035156,41.38999938964844,41.36000061035156,41.380001068115234,2295,0.0,0.0
2024-07-16 14:36:00-04:00,41.38999938964844,41.38999938964844,41.380001068115234,41.38999938964844,3428,0.0,0.0
2024-07-16 14:37:00-04:00,41.38999938964844,41.40999984741211,41.38999938964844,41.40999984741211,2863,0.0,0.0
2024-07-16 14:38:00-04:00,41.41999816894531,41.439998626708984,41.41999816894531,41.43000030517578,1293,0.0,0.0
2024-07-16 14:39:00-04:00,41.43000030517578,41.43000030517578,41.43000030517578,41.43000030517578,263,0.0,0.0
2024-07-16 14:40:00-04:00,41.439998626708984,41.44499969482422,41.42499923706055,41.42499923706055,2963,0.0,0.0
2024-07-16 14:41:00-04:00,41.43000030517578,41.435001373291016,41.43000030517578,41.435001373291016,1091,0.0,0.0
2024-07-16 14:42:00-04:00,41.439998626708984,41.45000076293945,41.43000030517578,41.439998626708984,3361,0.0,0.0
2024-07-16 14:43:00-04:00,41.44499969482422,41.44499969482422,41.435001373291016,41.435001373291016,523,0.0,0.0
2024-07-16 14:44:00-04:00,41.439998626708984,41.439998626708984,41.43000030517578,41.43000030517578,3688,0.0,0.0
2024-07-16 14:45:00-04:00,41.41999816894531,41.41999816894531,41.404998779296875,41.404998779296875,1636,0.0,0.0
2024-07-16 14:46:00-04:00,41.404998779296875,41.435001373291016,41.404998779296875,41.435001373291016,3564,0.0,0.0
2024-07-16 14:47:00-04:00,41.42499923706055,41.42499923706055,41.42499923706055,41.42499923706055,586,0.0,0.0
2024-07-16 14:48:00-04:00,41.42499923706055,41.43000030517578,41.41999816894531,41.43000030517578,2772,0.0,0.0
2024-07-16 14:49:00-04:00,41.42499923706055,41.45000076293945,41.42499923706055,41.439998626708984,2504,0.0,0.0
2024-07-16 14:50:00-04:00,41.435001373291016,41.435001373291016,41.43000030517578,41.43000030517578,1113,0.0,0.0
2024-07-16 14:51:00-04:00,41.42499923706055,41.42499923706055,41.404998779296875,41.404998779296875,2204,0.0,0.0
2024-07-16 14:52:00-04:00,41.404998779296875,41.404998779296875,41.400001525878906,41.400001525878906,1130,0.0,0.0
2024-07-16 14:53:00-04:00,41.39500045776367,41.404998779296875,41.39500045776367,41.404998779296875,2471,0.0,0.0
2024-07-16 14:54:00-04:00,41.40999984741211,41.45500183105469,41.404998779296875,41.45000076293945,3926,0.0,0.0
2024-07-16 14:55:00-04:00,41.44499969482422,41.45000076293945,41.44499969482422,41.45000076293945,1401,0.0,0.0
2024-07-16 14:56:00-04:00,41.45000076293945,41.45000076293945,41.43000030517578,41.435001373291016,6978,0.0,0.0
2024-07-16 14:57:00-04:00,41.435001373291016,41.45500183105469,41.43000030517578,41.45000076293945,3460,0.0,0.0
2024-07-16 14:58:00-04:00,41.45000076293945,41.45000076293945,41.45000076293945,41.45000076293945,1318,0.0,0.0
2024-07-16 14:59:00-04:00,41.45000076293945,41.459999084472656,41.44499969482422,41.45000076293945,1053,0.0,0.0
2024-07-16 15:00:00-04:00,41.439998626708984,41.439998626708984,41.38999938964844,41.40760040283203,11214,0.0,0.0
2024-07-16 15:01:00-04:00,41.400001525878906,41.41999816894531,41.400001525878906,41.41999816894531,2189,0.0,0.0
2024-07-16 15:02:00-04:00,41.43000030517578,41.459999084472656,41.429500579833984,41.45500183105469,2216,0.0,0.0
2024-07-16 15:03:00-04:00,41.459999084472656,41.459999084472656,41.44499969482422,41.459999084472656,2847,0.0,0.0
2024-07-16 15:04:00-04:00,41.470001220703125,41.529998779296875,41.470001220703125,41.5,14189,0.0,0.0
2024-07-16 15:05:00-04:00,41.505001068115234,41.505001068115234,41.5,41.5,2435,0.0,0.0
2024-07-16 15:06:00-04:00,41.5,41.5,41.470001220703125,41.470001220703125,6151,0.0,0.0
2024-07-16 15:07:00-04:00,41.47999954223633,41.48820114135742,41.47999954223633,41.47999954223633,2226,0.0,0.0
2024-07-16 15:08:00-04:00,41.474998474121094,41.494998931884766,41.474998474121094,41.489498138427734,3231,0.0,0.0
2024-07-16 15:09:00-04:00,41.4900016784668,41.49470138549805,41.4900016784668,41.49470138549805,724,0.0,0.0
2024-07-16 15:10:00-04:00,41.5,41.5099983215332,41.5,41.505001068115234,5048,0.0,0.0
2024-07-16 15:11:00-04:00,41.505001068115234,41.5099983215332,41.5,41.5,1151,0.0,0.0
2024-07-16 15:12:00-04:00,41.5099983215332,41.54999923706055,41.505001068115234,41.54999923706055,3611,0.0,0.0
2024-07-16 15:13:00-04:00,41.55500030517578,41.599998474121094,41.54999923706055,41.599998474121094,4489,0.0,0.0
2024-07-16 15:14:00-04:00,41.599998474121094,41.638999938964844,41.599998474121094,41.60499954223633,6368,0.0,0.0
2024-07-16 15:15:00-04:00,41.599998474121094,41.599998474121094,41.54999923706055,41.56999969482422,4781,0.0,0.0
2024-07-16 15:16:00-04:00,41.56999969482422,41.56999969482422,41.54999923706055,41.560001373291016,1811,0.0,0.0
2024-07-16 15:17:00-04:00,41.54999923706055,41.560001373291016,41.52000045776367,41.540000915527344,12003,0.0,0.0
2024-07-16 15:18:00-04:00,41.540000915527344,41.58000183105469,41.53499984741211,41.58000183105469,2134,0.0,0.0
2024-07-16 15:19:00-04:00,41.58000183105469,41.59000015258789,41.54999923706055,41.564998626708984,3224,0.0,0.0
2024-07-16 15:20:00-04:00,41.56999969482422,41.56999969482422,41.56999969482422,41.56999969482422,863,0.0,0.0
2024-07-16 15:21:00-04:00,41.56999969482422,41.56999969482422,41.56999969482422,41.56999969482422,972,0.0,0.0
2024-07-16 15:22:00-04:00,41.58000183105469,41.61000061035156,41.58000183105469,41.595001220703125,4375,0.0,0.0
2024-07-16 15:23:00-04:00,41.599998474121094,41.61000061035156,41.59049987792969,41.599998474121094,2878,0.0,0.0
2024-07-16 15:24:00-04:00,41.602500915527344,41.61000061035156,41.59000015258789,41.599998474121094,1863,0.0,0.0
2024-07-16 15:25:00-04:00,41.59000015258789,41.599998474121094,41.59000015258789,41.599998474121094,1912,0.0,0.0
2024-07-16 15:26:00-04:00,41.59000015258789,41.619998931884766,41.58000183105469,41.6150016784668,7881,0.0,0.0
2024-07-16 15:27:00-04:00,41.61000061035156,41.61000061035156,41.60100173950195,41.60499954223633,1261,0.0,0.0
2024-07-16 15:28:00-04:00,41.61000061035156,41.630001068115234,41.61000061035156,41.625,3073,0.0,0.0
2024-07-16 15:29:00-04:00,41.625,41.650001525878906,41.625,41.650001525878906,1905,0.0,0.0
2024-07-16 15:30:00-04:00,41.64899826049805,41.64899826049805,41.599998474121094,41.60100173950195,12102,0.0,0.0
2024-07-16 15:31:00-04:00,41.60499954223633,41.619998931884766,41.560001373291016,41.560001373291016,15262,0.0,0.0
2024-07-16 15:32:00-04:00,41.56999969482422,41.599998474121094,41.56999969482422,41.599998474121094,4734,0.0,0.0
2024-07-16 15:33:00-04:00,41.590999603271484,41.630001068115234,41.590999603271484,41.60499954223633,103791,0.0,0.0
2024-07-16 15:34:00-04:00,41.595001220703125,41.599998474121094,41.58100128173828,41.59000015258789,3712,0.0,0.0
2024-07-16 15:35:00-04:00,41.58100128173828,41.599998474121094,41.58100128173828,41.599998474121094,2124,0.0,0.0
2024-07-16 15:36:00-04:00,41.60499954223633,41.6150016784668,41.529998779296875,41.529998779296875,3714,0.0,0.0
2024-07-16 15:37:00-04:00,41.529998779296875,41.56999969482422,41.529998779296875,41.54499816894531,4656,0.0,0.0
2024-07-16 15:38:00-04:00,41.53499984741211,41.540000915527344,41.53099822998047,41.540000915527344,2337,0.0,0.0
2024-07-16 15:39:00-04:00,41.529998779296875,41.53499984741211,41.5,41.5,2956,0.0,0.0
2024-07-16 15:40:00-04:00,41.4900016784668,41.505001068115234,41.47999954223633,41.5,5173,0.0,0.0
2024-07-16 15:41:00-04:00,41.505001068115234,41.5099983215332,41.5,41.5,6493,0.0,0.0
2024-07-16 15:42:00-04:00,41.51100158691406,41.529998779296875,41.4900016784668,41.4900016784668,5238,0.0,0.0
2024-07-16 15:43:00-04:00,41.470001220703125,41.48500061035156,41.470001220703125,41.48500061035156,2371,0.0,0.0
2024-07-16 15:44:00-04:00,41.4900016784668,41.4900016784668,41.48500061035156,41.48500061035156,1513,0.0,0.0
2024-07-16 15:45:00-04:00,41.48099899291992,41.48500061035156,41.474998474121094,41.474998474121094,2331,0.0,0.0
2024-07-16 15:46:00-04:00,41.470001220703125,41.470001220703125,41.43000030517578,41.439998626708984,7046,0.0,0.0
2024-07-16 15:47:00-04:00,41.439998626708984,41.45000076293945,41.40999984741211,41.40999984741211,6573,0.0,0.0
2024-07-16 15:48:00-04:00,41.415000915527344,41.43000030517578,41.4109992980957,41.42499923706055,3443,0.0,0.0
2024-07-16 15:49:00-04:00,41.42499923706055,41.42499923706055,41.37099838256836,41.380001068115234,6665,0.0,0.0
2024-07-16 15:50:00-04:00,41.38999938964844,41.44499969482422,41.38999938964844,41.44499969482422,11627,0.0,0.0
2024-07-16 15:51:00-04:00,41.439998626708984,41.439998626708984,41.37099838256836,41.375,9307,0.0,0.0
2024-07-16 15:52:00-04:00,41.369998931884766,41.369998931884766,41.345001220703125,41.35499954223633,9562,0.0,0.0
2024-07-16 15:53:00-04:00,41.35499954223633,41.36000061035156,41.33000183105469,41.3400993347168,7850,0.0,0.0
2024-07-16 15:54:00-04:00,41.349998474121094,41.380001068115234,41.33100128173828,41.349998474121094,21432,0.0,0.0
2024-07-16 15:55:00-04:00,41.34000015258789,41.36000061035156,41.32099914550781,41.34000015258789,20637,0.0,0.0
2024-07-16 15:56:00-04:00,41.334999084472656,41.36000061035156,41.31999969482422,41.31999969482422,19138,0.0,0.0
2024-07-16 15:57:00-04:00,41.314998626708984,41.33000183105469,41.310001373291016,41.314998626708984,21772,0.0,0.0
2024-07-16 15:58:00-04:00,41.31999969482422,41.31999969482422,41.310001373291016,41.310001373291016,18617,0.0,0.0
2024-07-16 15:59:00-04:00,41.310001373291016,41.40999984741211,41.29999923706055,41.38999938964844,75268,0.0,0.0
2024-07-17 09:30:00-04:00,41.79999923706055,41.88999938964844,41.72999954223633,41.810001373291016,19596,0.0,0.0
2024-07-17 09:31:00-04:00,41.75,41.779998779296875,41.72999954223633,41.779998779296875,2294,0.0,0.0
2024-07-17 09:32:00-04:00,41.81999969482422,41.86000061035156,41.81999969482422,41.849998474121094,1343,0.0,0.0
2024-07-17 09:33:00-04:00,41.7599983215332,42.0,41.7599983215332,42.0,2917,0.0,0.0
2024-07-17 09:34:00-04:00,41.95000076293945,42.13999938964844,41.95000076293945,42.125,7926,0.0,0.0
2024-07-17 09:35:00-04:00,42.099998474121094,42.15999984741211,42.04999923706055,42.150001525878906,3441,0.0,0.0
2024-07-17 09:36:00-04:00,42.16999816894531,42.25,42.13999938964844,42.25,6016,0.0,0.0
2024-07-17 09:37:00-04:00,42.25,42.2599983215332,42.13999938964844,42.13999938964844,4841,0.0,0.0
2024-07-17 09:38:00-04:00,42.18000030517578,42.244998931884766,42.15999984741211,42.244998931884766,2318,0.0,0.0
2024-07-17 09:39:00-04:00,42.27000045776367,42.279998779296875,42.22999954223633,42.25,2459,0.0,0.0
2024-07-17 09:40:00-04:00,42.165000915527344,42.165000915527344,42.08000183105469,42.130001068115234,2340,0.0,0.0
2024-07-17 09:41:00-04:00,42.11000061035156,42.11000061035156,42.11000061035156,42.11000061035156,233,0.0,0.0
2024-07-17 09:42:00-04:00,42.125,42.125,42.04999923706055,42.04999923706055,2736,0.0,0.0
2024-07-17 09:43:00-04:00,42.0546989440918,42.08000183105469,42.00429916381836,42.06999969482422,3013,0.0,0.0
2024-07-17 09:44:00-04:00,42.099998474121094,42.165000915527344,42.06999969482422,42.165000915527344,4395,0.0,0.0
2024-07-17 09:45:00-04:00,42.15999984741211,42.22999954223633,42.15999984741211,42.22999954223633,2627,0.0,0.0
2024-07-17 09:46:00-04:00,42.2400016784668,42.290000915527344,42.22999954223633,42.290000915527344,2354,0.0,0.0
2024-07-17 09:47:00-04:00,42.2599983215332,42.2599983215332,42.220001220703125,42.2599983215332,2700,0.0,0.0
2024-07-17 09:48:00-04:00,42.255001068115234,42.255001068115234,42.22999954223633,42.22999954223633,1339,0.0,0.0
2024-07-17 09:49:00-04:00,42.220001220703125,42.275001525878906,42.16999816894531,42.275001525878906,9408,0.0,0.0
2024-07-17 09:50:00-04:00,42.275001525878906,42.40800094604492,42.275001525878906,42.40800094604492,3204,0.0,0.0
2024-07-17 09:51:00-04:00,42.38999938964844,42.4900016784668,42.380001068115234,42.47999954223633,5722,0.0,0.0
2024-07-17 09:52:00-04:00,42.5,42.53499984741211,42.4900016784668,42.529998779296875,3970,0.0,0.0
2024-07-17 09:53:00-04:00,42.54499816894531,42.54499816894531,42.459999084472656,42.52000045776367,7018,0.0,0.0
2024-07-17 09:54:00-04:00,42.52000045776367,42.525001525878906,42.459999084472656,42.4900016784668,1952,0.0,0.0
2024-07-17 09:55:00-04:00,42.47999954223633,42.51499938964844,42.439998626708984,42.5,2867,0.0,0.0
2024-07-17 09:56:00-04:00,42.52000045776367,42.529998779296875,42.51499938964844,42.51499938964844,763,0.0,0.0
2024-07-17 09:57:00-04:00,42.47999954223633,42.619998931884766,42.470001220703125,42.619998931884766,3029,0.0,0.0
2024-07-17 09:58:00-04:00,42.58000183105469,42.58000183105469,42.529998779296875,42.529998779296875,3309,0.0,0.0
2024-07-17 09:59:00-04:00,42.56999969482422,42.58000183105469,42.5546989440918,42.56999969482422,4101,0.0,0.0
2024-07-17 10:00:00-04:00,42.56999969482422,42.63999938964844,42.560001373291016,42.564998626708984,8320,0.0,0.0
2024-07-17 10:01:00-04:00,42.54999923706055,42.58000183105469,42.53499984741211,42.58000183105469,2786,0.0,0.0
2024-07-17 10:02:00-04:00,42.599998474121094,42.650001525878906,42.58000183105469,42.625,7626,0.0,0.0
2024-07-17 10:03:00-04:00,42.599998474121094,42.599998474121094,42.540000915527344,42.560001373291016,1831,0.0,0.0
2024-07-17 10:04:00-04:00,42.529998779296875,42.54499816894531,42.52000045776367,42.540000915527344,1431,0.0,0.0
2024-07-17 10:05:00-04:00,42.560001373291016,42.560001373291016,42.47999954223633,42.494998931884766,7136,0.0,0.0
2024-07-17 10:06:00-04:00,42.47999954223633,42.4900016784668,42.43000030517578,42.4900016784668,7046,0.0,0.0
2024-07-17 10:07:00-04:00,42.4900016784668,42.4900016784668,42.459999084472656,42.470001220703125,1496,0.0,0.0
2024-07-17 10:08:00-04:00,42.46500015258789,42.46500015258789,42.400001525878906,42.400001525878906,4745,0.0,0.0
2024-07-17 10:09:00-04:00,42.39500045776367,42.39500045776367,42.31999969482422,42.31999969482422,3298,0.0,0.0
2024-07-17 10:10:00-04:00,42.31999969482422,42.349998474121094,42.314998626708984,42.314998626708984,2836,0.0,0.0
2024-07-17 10:11:00-04:00,42.310001373291016,42.310001373291016,42.2599983215332,42.279998779296875,4254,0.0,0.0
2024-07-17 10:12:00-04:00,42.279998779296875,42.279998779296875,42.224998474121094,42.25,4584,0.0,0.0
2024-07-17 10:13:00-04:00,42.25,42.35499954223633,42.25,42.31999969482422,4097,0.0,0.0
2024-07-17 10:14:00-04:00,42.31999969482422,42.34000015258789,42.29999923706055,42.31999969482422,3130,0.0,0.0
2024-07-17 10:15:00-04:00,42.310001373291016,42.310001373291016,42.26499938964844,42.310001373291016,4742,0.0,0.0
2024-07-17 10:16:00-04:00,42.30500030517578,42.3390007019043,42.26179885864258,42.31999969482422,3856,0.0,0.0
2024-07-17 10:17:00-04:00,42.310001373291016,42.310001373291016,42.244998931884766,42.24589920043945,3856,0.0,0.0
2024-07-17 10:18:00-04:00,42.25,42.255001068115234,42.209999084472656,42.209999084472656,1218,0.0,0.0
2024-07-17 10:19:00-04:00,42.185001373291016,42.209999084472656,42.185001373291016,42.209999084472656,997,0.0,0.0
2024-07-17 10:20:00-04:00,42.20000076293945,42.20000076293945,42.150001525878906,42.150001525878906,1175,0.0,0.0
2024-07-17 10:21:00-04:00,42.14500045776367,42.15999984741211,42.14500045776367,42.150001525878906,848,0.0,0.0
2024-07-17 10:22:00-04:00,42.16999816894531,42.189998626708984,42.16999816894531,42.189998626708984,1281,0.0,0.0
2024-07-17 10:23:00-04:00,42.189998626708984,42.189998626708984,42.16999816894531,42.16999816894531,770,0.0,0.0
2024-07-17 10:25:00-04:00,42.189998626708984,42.220001220703125,42.17499923706055,42.20000076293945,4322,0.0,0.0
2024-07-17 10:26:00-04:00,42.20000076293945,42.22999954223633,42.20000076293945,42.22999954223633,1443,0.0,0.0
2024-07-17 10:27:00-04:00,42.2400016784668,42.2400016784668,42.16999816894531,42.16999816894531,3157,0.0,0.0
2024-07-17 10:28:00-04:00,42.16999816894531,42.185001373291016,42.16999816894531,42.18000030517578,1366,0.0,0.0
2024-07-17 10:29:00-04:00,42.189998626708984,42.19499969482422,42.189998626708984,42.19499969482422,808,0.0,0.0
2024-07-17 10:30:00-04:00,42.20500183105469,42.20500183105469,42.150001525878906,42.150001525878906,4272,0.0,0.0
2024-07-17 10:31:00-04:00,42.130001068115234,42.130001068115234,42.08000183105469,42.099998474121094,5614,0.0,0.0
2024-07-17 10:32:00-04:00,42.084999084472656,42.099998474121094,42.084999084472656,42.099998474121094,735,0.0,0.0
2024-07-17 10:33:00-04:00,42.099998474121094,42.1349983215332,42.099998474121094,42.119998931884766,2287,0.0,0.0
2024-07-17 10:34:00-04:00,42.130001068115234,42.150001525878906,42.060001373291016,42.060001373291016,1486,0.0,0.0
2024-07-17 10:35:00-04:00,42.11000061035156,42.119998931884766,42.06999969482422,42.06999969482422,3813,0.0,0.0
2024-07-17 10:36:00-04:00,42.029998779296875,42.04999923706055,42.0099983215332,42.04999923706055,1451,0.0,0.0
2024-07-17 10:37:00-04:00,42.040000915527344,42.04999923706055,41.97999954223633,41.97999954223633,1650,0.0,0.0
2024-07-17 10:38:00-04:00,41.959999084472656,41.959999084472656,41.959999084472656,41.959999084472656,720,0.0,0.0
2024-07-17 10:39:00-04:00,41.93000030517578,41.959999084472656,41.900001525878906,41.939998626708984,2488,0.0,0.0
2024-07-17 10:40:00-04:00,41.91600036621094,41.939998626708984,41.91600036621094,41.939998626708984,1372,0.0,0.0
2024-07-17 10:41:00-04:00,41.959999084472656,41.9900016784668,41.959999084472656,41.97999954223633,2629,0.0,0.0
2024-07-17 10:42:00-04:00,42.0,42.060001373291016,42.0,42.060001373291016,2016,0.0,0.0
2024-07-17 10:43:00-04:00,42.07500076293945,42.07500076293945,42.01499938964844,42.05500030517578,3532,0.0,0.0
2024-07-17 10:44:00-04:00,42.060001373291016,42.06999969482422,42.040000915527344,42.040000915527344,1958,0.0,0.0
2024-07-17 10:45:00-04:00,42.04999923706055,42.099998474121094,42.04999923706055,42.099998474121094,3757,0.0,0.0
2024-07-17 10:46:00-04:00,42.11000061035156,42.119998931884766,42.099998474121094,42.114200592041016,1293,0.0,0.0
2024-07-17 10:47:00-04:00,42.130001068115234,42.20000076293945,42.130001068115234,42.18000030517578,2730,0.0,0.0
2024-07-17 10:48:00-04:00,42.20000076293945,42.21989822387695,42.185001373291016,42.20000076293945,2430,0.0,0.0
2024-07-17 10:49:00-04:00,42.20000076293945,42.20000076293945,42.130001068115234,42.130001068115234,1908,0.0,0.0
2024-07-17 10:50:00-04:00,42.119998931884766,42.15999984741211,42.10499954223633,42.15999984741211,3751,0.0,0.0
2024-07-17 10:52:00-04:00,42.15999984741211,42.220001220703125,42.15999984741211,42.209999084472656,1580,0.0,0.0
2024-07-17 10:53:00-04:00,42.220001220703125,42.2400016784668,42.189998626708984,42.2400016784668,4399,0.0,0.0
2024-07-17 10:54:00-04:00,42.209999084472656,42.209999084472656,42.13999938964844,42.13999938964844,1214,0.0,0.0
2024-07-17 10:55:00-04:00,42.099998474121094,42.119998931884766,42.099998474121094,42.113800048828125,1397,0.0,0.0
2024-07-17 10:56:00-04:00,42.15999984741211,42.15999984741211,42.15999984741211,42.15999984741211,694,0.0,0.0
2024-07-17 10:57:00-04:00,42.150001525878906,42.150001525878906,42.095001220703125,42.11000061035156,2989,0.0,0.0
2024-07-17 10:59:00-04:00,42.09000015258789,42.09000015258789,42.09000015258789,42.09000015258789,489,0.0,0.0
2024-07-17 11:01:00-04:00,42.11000061035156,42.119998931884766,42.06999969482422,42.119998931884766,7436,0.0,0.0
2024-07-17 11:02:00-04:00,42.11009979248047,42.150001525878906,42.11009979248047,42.13999938964844,2050,0.0,0.0
2024-07-17 11:03:00-04:00,42.150001525878906,42.16999816894531,42.1150016784668,42.130001068115234,3449,0.0,0.0
2024-07-17 11:04:00-04:00,42.13999938964844,42.13999938964844,42.09000015258789,42.119998931884766,2406,0.0,0.0
2024-07-17 11:05:00-04:00,42.130001068115234,42.150001525878906,42.119998931884766,42.150001525878906,1697,0.0,0.0
2024-07-17 11:06:00-04:00,42.150001525878906,42.18000030517578,42.13999938964844,42.18000030517578,2461,0.0,0.0
2024-07-17 11:07:00-04:00,42.185001373291016,42.185001373291016,42.14500045776367,42.14500045776367,1118,0.0,0.0
2024-07-17 11:08:00-04:00,42.150001525878906,42.20000076293945,42.150001525878906,42.19960021972656,3292,0.0,0.0
2024-07-17 11:09:00-04:00,42.189998626708984,42.20000076293945,42.16999816894531,42.20000076293945,2639,0.0,0.0
2024-07-17 11:10:00-04:00,42.189998626708984,42.244998931884766,42.189998626708984,42.2400016784668,2618,0.0,0.0
2024-07-17 11:11:00-04:00,42.220001220703125,42.220001220703125,42.16999816894531,42.1870002746582,5265,0.0,0.0
2024-07-17 11:12:00-04:00,42.189998626708984,42.22999954223633,42.189998626708984,42.22999954223633,2761,0.0,0.0
2024-07-17 11:13:00-04:00,42.244998931884766,42.25,42.220001220703125,42.220001220703125,1918,0.0,0.0
2024-07-17 11:14:00-04:00,42.209999084472656,42.220001220703125,42.189998626708984,42.209999084472656,3418,0.0,0.0
2024-07-17 11:15:00-04:00,42.20000076293945,42.20000076293945,42.130001068115234,42.150001525878906,3650,0.0,0.0
2024-07-17 11:16:00-04:00,42.150001525878906,42.15999984741211,42.1150016784668,42.1150016784668,2616,0.0,0.0
2024-07-17 11:17:00-04:00,42.099998474121094,42.099998474121094,42.09000015258789,42.099998474121094,721,0.0,0.0
2024-07-17 11:18:00-04:00,42.099998474121094,42.099998474121094,42.08000183105469,42.099998474121094,3380,0.0,0.0
2024-07-17 11:19:00-04:00,42.099998474121094,42.125,42.09000015258789,42.125,2400,0.0,0.0
2024-07-17 11:20:00-04:00,42.130001068115234,42.130001068115234,42.11000061035156,42.119998931884766,2197,0.0,0.0
2024-07-17 11:21:00-04:00,42.130001068115234,42.150001525878906,42.130001068115234,42.130001068115234,3289,0.0,0.0
2024-07-17 11:22:00-04:00,42.119998931884766,42.119998931884766,42.060001373291016,42.060001373291016,3059,0.0,0.0
2024-07-17 11:23:00-04:00,42.060001373291016,42.06999969482422,42.04999923706055,42.04999923706055,1625,0.0,0.0
2024-07-17 11:24:00-04:00,42.029998779296875,42.029998779296875,41.98500061035156,41.98500061035156,5779,0.0,0.0
2024-07-17 11:25:00-04:00,42.0,42.060001373291016,42.0,42.05500030517578,3569,0.0,0.0
2024-07-17 11:26:00-04:00,42.06999969482422,42.09000015258789,42.06999969482422,42.09000015258789,1019,0.0,0.0
2024-07-17 11:27:00-04:00,42.099998474121094,42.13999938964844,42.099998474121094,42.13999938964844,1795,0.0,0.0
2024-07-17 11:28:00-04:00,42.150001525878906,42.150001525878906,42.13999938964844,42.13999938964844,5135,0.0,0.0
2024-07-17 11:29:00-04:00,42.14500045776367,42.15999984741211,42.14500045776367,42.15999984741211,1073,0.0,0.0
2024-07-17 11:30:00-04:00,42.150001525878906,42.165000915527344,42.06999969482422,42.06999969482422,2281,0.0,0.0
2024-07-17 11:31:00-04:00,42.04999923706055,42.060001373291016,42.040000915527344,42.04499816894531,2097,0.0,0.0
2024-07-17 11:32:00-04:00,42.040000915527344,42.04999923706055,42.029998779296875,42.04999923706055,1250,0.0,0.0
2024-07-17 11:33:00-04:00,42.040000915527344,42.06999969482422,42.025001525878906,42.06999969482422,1504,0.0,0.0
2024-07-17 11:34:00-04:00,42.06999969482422,42.08000183105469,42.060001373291016,42.060001373291016,770,0.0,0.0
2024-07-17 11:35:00-04:00,42.040000915527344,42.040000915527344,42.0,42.02000045776367,1334,0.0,0.0
2024-07-17 11:36:00-04:00,42.0099983215332,42.0099983215332,41.97999954223633,41.9900016784668,1837,0.0,0.0
2024-07-17 11:37:00-04:00,41.9900016784668,41.9900016784668,41.900001525878906,41.900001525878906,1422,0.0,0.0
2024-07-17 11:38:00-04:00,41.91999816894531,41.970001220703125,41.91999816894531,41.970001220703125,3224,0.0,0.0
2024-07-17 11:39:00-04:00,41.97999954223633,42.0099983215332,41.97999954223633,42.0099983215332,1778,0.0,0.0
2024-07-17 11:40:00-04:00,42.02000045776367,42.04999923706055,42.02000045776367,42.04999923706055,2562,0.0,0.0
2024-07-17 11:41:00-04:00,42.04999923706055,42.06999969482422,42.040000915527344,42.04999923706055,2403,0.0,0.0
2024-07-17 11:42:00-04:00,42.04499816894531,42.04499816894531,42.0,42.0,1119,0.0,0.0
2024-07-17 11:43:00-04:00,42.02000045776367,42.04999923706055,42.02000045776367,42.04999923706055,1134,0.0,0.0
2024-07-17 11:44:00-04:00,42.04999923706055,42.04999923706055,42.040000915527344,42.040000915527344,1644,0.0,0.0
2024-07-17 11:45:00-04:00,42.04999923706055,42.04999923706055,42.02000045776367,42.02000045776367,1950,0.0,0.0
2024-07-17 11:46:00-04:00,42.029998779296875,42.06999969482422,42.02000045776367,42.06999969482422,3365,0.0,0.0
2024-07-17 11:47:00-04:00,42.06999969482422,42.130001068115234,42.06999969482422,42.125,19167,0.0,0.0
2024-07-17 11:48:00-04:00,42.119998931884766,42.15999984741211,42.119998931884766,42.15999984741211,696,0.0,0.0
2024-07-17 11:49:00-04:00,42.15999984741211,42.15999984741211,42.130001068115234,42.150001525878906,980,0.0,0.0
2024-07-17 11:50:00-04:00,42.150001525878906,42.15999984741211,42.13999938964844,42.15999984741211,2800,0.0,0.0
2024-07-17 11:51:00-04:00,42.150001525878906,42.189998626708984,42.150001525878906,42.189998626708984,1800,0.0,0.0
2024-07-17 11:52:00-04:00,42.18000030517578,42.189998626708984,42.18000030517578,42.189998626708984,1688,0.0,0.0
2024-07-17 11:53:00-04:00,42.16999816894531,42.17499923706055,42.165000915527344,42.17499923706055,707,0.0,0.0
2024-07-17 11:54:00-04:00,42.13999938964844,42.154998779296875,42.130001068115234,42.150001525878906,2756,0.0,0.0
2024-07-17 11:55:00-04:00,42.18000030517578,42.2400016784668,42.16999816894531,42.22999954223633,5415,0.0,0.0
2024-07-17 11:56:00-04:00,42.20000076293945,42.290000915527344,42.20000076293945,42.27000045776367,2909,0.0,0.0
2024-07-17 11:57:00-04:00,42.25,42.25,42.209999084472656,42.220001220703125,1635,0.0,0.0
2024-07-17 11:58:00-04:00,42.20000076293945,42.209999084472656,42.18000030517578,42.20500183105469,1592,0.0,0.0
2024-07-17 11:59:00-04:00,42.209999084472656,42.220001220703125,42.209999084472656,42.220001220703125,1778,0.0,0.0
2024-07-17 12:00:00-04:00,42.220001220703125,42.224998474121094,42.17499923706055,42.209999084472656,5415,0.0,0.0
2024-07-17 12:01:00-04:00,42.220001220703125,42.2400016784668,42.21500015258789,42.224998474121094,3013,0.0,0.0
2024-07-17 12:02:00-04:00,42.22999954223633,42.22999954223633,42.22999954223633,42.22999954223633,328,0.0,0.0
2024-07-17 12:03:00-04:00,42.22999954223633,42.22999954223633,42.189998626708984,42.189998626708984,3356,0.0,0.0
2024-07-17 12:04:00-04:00,42.18000030517578,42.20000076293945,42.16999816894531,42.16999816894531,1655,0.0,0.0
2024-07-17 12:05:00-04:00,42.150001525878906,42.15999984741211,42.130001068115234,42.1349983215332,2732,0.0,0.0
2024-07-17 12:06:00-04:00,42.130001068115234,42.130001068115234,42.099998474121094,42.11000061035156,899,0.0,0.0
2024-07-17 12:07:00-04:00,42.099998474121094,42.099998474121094,42.08000183105469,42.099998474121094,2197,0.0,0.0
2024-07-17 12:08:00-04:00,42.08000183105469,42.08000183105469,42.04999923706055,42.04999923706055,1100,0.0,0.0
2024-07-17 12:09:00-04:00,42.04999923706055,42.04999923706055,42.0,42.0,1015,0.0,0.0
2024-07-17 12:10:00-04:00,41.98500061035156,42.0,41.98500061035156,42.0,1361,0.0,0.0
2024-07-17 12:11:00-04:00,41.9900016784668,41.9900016784668,41.97999954223633,41.97999954223633,467,0.0,0.0
2024-07-17 12:12:00-04:00,41.970001220703125,41.970001220703125,41.970001220703125,41.970001220703125,413,0.0,0.0
2024-07-17 12:13:00-04:00,41.959999084472656,41.959999084472656,41.90999984741211,41.93000030517578,1067,0.0,0.0
2024-07-17 12:14:00-04:00,41.939998626708984,41.95000076293945,41.91999816894531,41.91999816894531,2959,0.0,0.0
2024-07-17 12:15:00-04:00,41.939998626708984,41.95000076293945,41.939998626708984,41.95000076293945,1855,0.0,0.0
2024-07-17 12:16:00-04:00,41.93000030517578,41.93000030517578,41.93000030517578,41.93000030517578,457,0.0,0.0
2024-07-17 12:17:00-04:00,41.939998626708984,42.01499938964844,41.939998626708984,42.01499938964844,2525,0.0,0.0
2024-07-17 12:18:00-04:00,42.01499938964844,42.01499938964844,41.9900016784668,41.9900016784668,1429,0.0,0.0
2024-07-17 12:19:00-04:00,41.9900016784668,42.0,41.9900016784668,42.0,338,0.0,0.0
2024-07-17 12:20:00-04:00,41.9900016784668,41.9900016784668,41.9900016784668,41.9900016784668,215,0.0,0.0
2024-07-17 12:21:00-04:00,41.970001220703125,41.970001220703125,41.90999984741211,41.90999984741211,1330,0.0,0.0
2024-07-17 12:22:00-04:00,41.93000030517578,41.93000030517578,41.880001068115234,41.880001068115234,1049,0.0,0.0
2024-07-17 12:24:00-04:00,41.84000015258789,41.869998931884766,41.84000015258789,41.849998474121094,3307,0.0,0.0
2024-07-17 12:25:00-04:00,41.81999969482422,41.81999969482422,41.77000045776367,41.81999969482422,6387,0.0,0.0
2024-07-17 12:26:00-04:00,41.83000183105469,41.86000061035156,41.83000183105469,41.83000183105469,2358,0.0,0.0
2024-07-17 12:27:00-04:00,41.86000061035156,41.900001525878906,41.86000061035156,41.880001068115234,1323,0.0,0.0
2024-07-17 12:28:00-04:00,41.88999938964844,41.88999938964844,41.88999938964844,41.88999938964844,151,0.0,0.0
2024-07-17 12:29:00-04:00,41.869998931884766,41.880001068115234,41.86000061035156,41.86000061035156,547,0.0,0.0
2024-07-17 12:30:00-04:00,41.84000015258789,41.849998474121094,41.84000015258789,41.849998474121094,460,0.0,0.0
2024-07-17 12:31:00-04:00,41.84000015258789,41.84000015258789,41.790000915527344,41.79999923706055,961,0.0,0.0
2024-07-17 12:32:00-04:00,41.79999923706055,41.810001373291016,41.77000045776367,41.77000045776367,463,0.0,0.0
2024-07-17 12:33:00-04:00,41.7599983215332,41.779998779296875,41.7599983215332,41.77000045776367,1748,0.0,0.0
2024-07-17 12:34:00-04:00,41.790000915527344,41.81999969482422,41.76499938964844,41.81999969482422,8206,0.0,0.0
2024-07-17 12:35:00-04:00,41.790000915527344,41.790000915527344,41.77000045776367,41.77000045776367,1071,0.0,0.0
2024-07-17 12:36:00-04:00,41.75,41.77000045776367,41.75,41.77000045776367,428,0.0,0.0
2024-07-17 12:37:00-04:00,41.77000045776367,41.779998779296875,41.77000045776367,41.779998779296875,1842,0.0,0.0
2024-07-17 12:38:00-04:00,41.790000915527344,41.81999969482422,41.790000915527344,41.81999969482422,1877,0.0,0.0
2024-07-17 12:39:00-04:00,41.810001373291016,41.81999969482422,41.790000915527344,41.790000915527344,1539,0.0,0.0
2024-07-17 12:40:00-04:00,41.775001525878906,41.779998779296875,41.75,41.75,561,0.0,0.0
2024-07-17 12:41:00-04:00,41.72999954223633,41.775001525878906,41.72999954223633,41.775001525878906,1448,0.0,0.0
2024-07-17 12:42:00-04:00,41.7599983215332,41.7599983215332,41.7599983215332,41.7599983215332,601,0.0,0.0
2024-07-17 12:43:00-04:00,41.76499938964844,41.76499938964844,41.76499938964844,41.76499938964844,137,0.0,0.0
2024-07-17 12:45:00-04:00,41.77000045776367,41.79999923706055,41.7599983215332,41.79999923706055,3055,0.0,0.0
2024-07-17 12:46:00-04:00,41.790000915527344,41.790000915527344,41.75,41.75,1209,0.0,0.0
2024-07-17 12:47:00-04:00,41.7400016784668,41.7599983215332,41.7400016784668,41.75,2175,0.0,0.0
2024-07-17 12:48:00-04:00,41.75,41.75,41.7400016784668,41.7400016784668,254,0.0,0.0
2024-07-17 12:49:00-04:00,41.7400016784668,41.7400016784668,41.70000076293945,41.70000076293945,1697,0.0,0.0
2024-07-17 12:50:00-04:00,41.720001220703125,41.720001220703125,41.720001220703125,41.720001220703125,478,0.0,0.0
2024-07-17 12:51:00-04:00,41.70000076293945,41.720001220703125,41.689998626708984,41.709999084472656,1217,0.0,0.0
2024-07-17 12:52:00-04:00,41.71500015258789,41.72999954223633,41.71500015258789,41.72999954223633,1426,0.0,0.0
2024-07-17 12:53:00-04:00,41.72999954223633,41.744998931884766,41.72999954223633,41.744998931884766,2814,0.0,0.0
2024-07-17 12:54:00-04:00,41.7400016784668,41.77000045776367,41.7400016784668,41.77000045776367,108796,0.0,0.0
2024-07-17 12:55:00-04:00,41.7599983215332,41.779998779296875,41.75,41.75,60360,0.0,0.0
2024-07-17 12:56:00-04:00,41.72999954223633,41.73500061035156,41.72999954223633,41.73500061035156,516,0.0,0.0
2024-07-17 12:57:00-04:00,41.73500061035156,41.73500061035156,41.70000076293945,41.70000076293945,3885,0.0,0.0
2024-07-17 12:58:00-04:00,41.689998626708984,41.70000076293945,41.68000030517578,41.68000030517578,4166,0.0,0.0
2024-07-17 12:59:00-04:00,41.65999984741211,41.70000076293945,41.65999984741211,41.69499969482422,6650,0.0,0.0
2024-07-17 13:00:00-04:00,41.66999816894531,41.66999816894531,41.60499954223633,41.60499954223633,1064,0.0,0.0
2024-07-17 13:01:00-04:00,41.60499954223633,41.63999938964844,41.599998474121094,41.63999938964844,2277,0.0,0.0
2024-07-17 13:02:00-04:00,41.630001068115234,41.630001068115234,41.630001068115234,41.630001068115234,865,0.0,0.0
2024-07-17 13:05:00-04:00,41.60499954223633,41.61000061035156,41.599998474121094,41.61000061035156,642,0.0,0.0
2024-07-17 13:06:00-04:00,41.58000183105469,41.58000183105469,41.58000183105469,41.58000183105469,196,0.0,0.0
2024-07-17 13:07:00-04:00,41.525001525878906,41.53499984741211,41.5099983215332,41.5099983215332,763,0.0,0.0
2024-07-17 13:08:00-04:00,41.52000045776367,41.53499984741211,41.52000045776367,41.53499984741211,1418,0.0,0.0
2024-07-17 13:09:00-04:00,41.540000915527344,41.54999923706055,41.52000045776367,41.52000045776367,2140,0.0,0.0
2024-07-17 13:10:00-04:00,41.52000045776367,41.560001373291016,41.51499938964844,41.560001373291016,1966,0.0,0.0
2024-07-17 13:11:00-04:00,41.560001373291016,41.59000015258789,41.560001373291016,41.58000183105469,1723,0.0,0.0
2024-07-17 13:12:00-04:00,41.58000183105469,41.59000015258789,41.564998626708984,41.56999969482422,1825,0.0,0.0
2024-07-17 13:13:00-04:00,41.58000183105469,41.599998474121094,41.58000183105469,41.599998474121094,1394,0.0,0.0
2024-07-17 13:14:00-04:00,41.599998474121094,41.599998474121094,41.599998474121094,41.599998474121094,193,0.0,0.0
2024-07-17 13:15:00-04:00,41.58000183105469,41.61000061035156,41.58000183105469,41.595001220703125,4868,0.0,0.0
2024-07-17 13:16:00-04:00,41.599998474121094,41.61000061035156,41.59000015258789,41.595001220703125,5103,0.0,0.0
2024-07-17 13:17:00-04:00,41.58000183105469,41.599998474121094,41.58000183105469,41.59000015258789,2176,0.0,0.0
2024-07-17 13:18:00-04:00,41.599998474121094,41.619998931884766,41.599998474121094,41.619998931884766,855,0.0,0.0
2024-07-17 13:19:00-04:00,41.61000061035156,41.630001068115234,41.599998474121094,41.599998474121094,1815,0.0,0.0
2024-07-17 13:20:00-04:00,41.5,41.5,41.5,41.5,566,0.0,0.0
2024-07-17 13:21:00-04:00,41.52000045776367,41.58000183105469,41.52000045776367,41.564998626708984,2078,0.0,0.0
2024-07-17 13:22:00-04:00,41.560001373291016,41.58000183105469,41.52000045776367,41.52000045776367,2925,0.0,0.0
2024-07-17 13:23:00-04:00,41.529998779296875,41.529998779296875,41.529998779296875,41.529998779296875,260,0.0,0.0
2024-07-17 13:24:00-04:00,41.54999923706055,41.54999923706055,41.529998779296875,41.529998779296875,920,0.0,0.0
2024-07-17 13:25:00-04:00,41.540000915527344,41.540000915527344,41.540000915527344,41.540000915527344,850,0.0,0.0
2024-07-17 13:26:00-04:00,41.540000915527344,41.56999969482422,41.540000915527344,41.56999969482422,1754,0.0,0.0
2024-07-17 13:27:00-04:00,41.560001373291016,41.560001373291016,41.560001373291016,41.560001373291016,1715,0.0,0.0
2024-07-17 13:28:00-04:00,41.540000915527344,41.58000183105469,41.540000915527344,41.58000183105469,1447,0.0,0.0
2024-07-17 13:29:00-04:00,41.58000183105469,41.58000183105469,41.58000183105469,41.58000183105469,140,0.0,0.0
2024-07-17 13:30:00-04:00,41.56999969482422,41.56999969482422,41.54999923706055,41.54999923706055,682,0.0,0.0
2024-07-17 13:31:00-04:00,41.58000183105469,41.58000183105469,41.54999923706055,41.560001373291016,5272,0.0,0.0
2024-07-17 13:33:00-04:00,41.540000915527344,41.540000915527344,41.540000915527344,41.540000915527344,1597,0.0,0.0
2024-07-17 13:34:00-04:00,41.53499984741211,41.53499984741211,41.52000045776367,41.52000045776367,646,0.0,0.0
2024-07-17 13:35:00-04:00,41.51969909667969,41.52949905395508,41.51499938964844,41.51499938964844,4056,0.0,0.0
2024-07-17 13:36:00-04:00,41.52000045776367,41.55500030517578,41.52000045776367,41.55500030517578,2080,0.0,0.0
2024-07-17 13:37:00-04:00,41.59000015258789,41.59000015258789,41.59000015258789,41.59000015258789,577,0.0,0.0
2024-07-17 13:38:00-04:00,41.584999084472656,41.584999084472656,41.560001373291016,41.57500076293945,2345,0.0,0.0
2024-07-17 13:39:00-04:00,41.56999969482422,41.56999969482422,41.56999969482422,41.56999969482422,5659,0.0,0.0
2024-07-17 13:40:00-04:00,41.56999969482422,41.599998474121094,41.56999969482422,41.584999084472656,11869,0.0,0.0
2024-07-17 13:41:00-04:00,41.599998474121094,41.61000061035156,41.59000015258789,41.61000061035156,2250,0.0,0.0
2024-07-17 13:42:00-04:00,41.619998931884766,41.66999816894531,41.619998931884766,41.650001525878906,1920,0.0,0.0
2024-07-17 13:43:00-04:00,41.65999984741211,41.65999984741211,41.64500045776367,41.650001525878906,1309,0.0,0.0
2024-07-17 13:44:00-04:00,41.65999984741211,41.709999084472656,41.65999984741211,41.709999084472656,5394,0.0,0.0
2024-07-17 13:45:00-04:00,41.70000076293945,41.70000076293945,41.689998626708984,41.70000076293945,2977,0.0,0.0
2024-07-17 13:46:00-04:00,41.709999084472656,41.7400016784668,41.709999084472656,41.720001220703125,2336,0.0,0.0
2024-07-17 13:47:00-04:00,41.709999084472656,41.709999084472656,41.66999816894531,41.66999816894531,1358,0.0,0.0
2024-07-17 13:48:00-04:00,41.65999984741211,41.65999984741211,41.63999938964844,41.63999938964844,368,0.0,0.0
2024-07-17 13:49:00-04:00,41.63999938964844,41.63999938964844,41.63999938964844,41.63999938964844,416,0.0,0.0
2024-07-17 13:50:00-04:00,41.619998931884766,41.619998931884766,41.584999084472656,41.584999084472656,1977,0.0,0.0
2024-07-17 13:51:00-04:00,41.59000015258789,41.61000061035156,41.584999084472656,41.61000061035156,1836,0.0,0.0
2024-07-17 13:52:00-04:00,41.61000061035156,41.61000061035156,41.61000061035156,41.61000061035156,924,0.0,0.0
2024-07-17 13:53:00-04:00,41.599998474121094,41.599998474121094,41.595001220703125,41.595001220703125,392,0.0,0.0
2024-07-17 13:54:00-04:00,41.599998474121094,41.599998474121094,41.59000015258789,41.599998474121094,1419,0.0,0.0
2024-07-17 13:55:00-04:00,41.599998474121094,41.599998474121094,41.56999969482422,41.58000183105469,1819,0.0,0.0
2024-07-17 13:56:00-04:00,41.59000015258789,41.599998474121094,41.59000015258789,41.59000015258789,1706,0.0,0.0
2024-07-17 13:57:00-04:00,41.56999969482422,41.56999969482422,41.54999923706055,41.54999923706055,786,0.0,0.0
2024-07-17 13:58:00-04:00,41.560001373291016,41.56999969482422,41.560001373291016,41.56999969482422,901,0.0,0.0
2024-07-17 13:59:00-04:00,41.56999969482422,41.56999969482422,41.56999969482422,41.56999969482422,250,0.0,0.0
2024-07-17 14:00:00-04:00,41.56999969482422,41.56999969482422,41.560001373291016,41.560001373291016,2932,0.0,0.0
2024-07-17 14:01:00-04:00,41.53499984741211,41.540000915527344,41.5099983215332,41.52000045776367,2159,0.0,0.0
2024-07-17 14:02:00-04:00,41.5,41.5,41.5,41.5,1020,0.0,0.0
2024-07-17 14:03:00-04:00,41.47999954223633,41.4900016784668,41.45000076293945,41.470001220703125,2400,0.0,0.0
2024-07-17 14:04:00-04:00,41.470001220703125,41.470001220703125,41.45000076293945,41.459999084472656,467,0.0,0.0
2024-07-17 14:05:00-04:00,41.470001220703125,41.470001220703125,41.439998626708984,41.459999084472656,2084,0.0,0.0
2024-07-17 14:06:00-04:00,41.459999084472656,41.459999084472656,41.45000076293945,41.459999084472656,1029,0.0,0.0
2024-07-17 14:07:00-04:00,41.470001220703125,41.5,41.470001220703125,41.47999954223633,4590,0.0,0.0
2024-07-17 14:08:00-04:00,41.470001220703125,41.47999954223633,41.459999084472656,41.459999084472656,3201,0.0,0.0
2024-07-17 14:09:00-04:00,41.459999084472656,41.52000045776367,41.459999084472656,41.5,4724,0.0,0.0
2024-07-17 14:10:00-04:00,41.505001068115234,41.505001068115234,41.4900016784668,41.5,500,0.0,0.0
2024-07-17 14:11:00-04:00,41.5,41.5,41.474998474121094,41.474998474121094,1051,0.0,0.0
2024-07-17 14:12:00-04:00,41.459999084472656,41.50699996948242,41.459999084472656,41.50699996948242,3745,0.0,0.0
2024-07-17 14:13:00-04:00,41.5,41.5,41.5,41.5,227,0.0,0.0
2024-07-17 14:14:00-04:00,41.5099983215332,41.52000045776367,41.505001068115234,41.505001068115234,650,0.0,0.0
2024-07-17 14:15:00-04:00,41.5099983215332,41.595001220703125,41.5,41.595001220703125,51044,0.0,0.0
2024-07-17 14:16:00-04:00,41.61000061035156,41.650001525878906,41.61000061035156,41.650001525878906,1047,0.0,0.0
2024-07-17 14:17:00-04:00,41.63999938964844,41.63999938964844,41.599998474121094,41.619998931884766,2810,0.0,0.0
2024-07-17 14:18:00-04:00,41.599998474121094,41.599998474121094,41.599998474121094,41.599998474121094,929,0.0,0.0
2024-07-17 14:19:00-04:00,41.56999969482422,41.56999969482422,41.56999969482422,41.56999969482422,783,0.0,0.0
2024-07-17 14:20:00-04:00,41.59000015258789,41.650001525878906,41.59000015258789,41.650001525878906,1984,0.0,0.0
2024-07-17 14:21:00-04:00,41.65999984741211,41.66999816894531,41.63999938964844,41.63999938964844,1912,0.0,0.0
2024-07-17 14:22:00-04:00,41.650001525878906,41.70000076293945,41.650001525878906,41.70000076293945,2473,0.0,0.0
2024-07-17 14:23:00-04:00,41.709999084472656,41.72999954223633,41.709999084472656,41.72999954223633,2585,0.0,0.0
2024-07-17 14:24:00-04:00,41.7400016784668,41.7400016784668,41.72999954223633,41.7400016784668,2314,0.0,0.0
2024-07-17 14:25:00-04:00,41.7400016784668,41.779998779296875,41.7400016784668,41.7599983215332,11386,0.0,0.0
2024-07-17 14:26:00-04:00,41.75,41.779998779296875,41.72999954223633,41.779998779296875,2725,0.0,0.0
2024-07-17 14:27:00-04:00,41.779998779296875,41.807098388671875,41.77000045776367,41.807098388671875,2352,0.0,0.0
2024-07-17 14:28:00-04:00,41.810001373291016,41.810001373291016,41.720001220703125,41.72999954223633,4228,0.0,0.0
2024-07-17 14:29:00-04:00,41.70500183105469,41.70500183105469,41.68000030517578,41.68000030517578,767,0.0,0.0
2024-07-17 14:30:00-04:00,41.66999816894531,41.66999816894531,41.66999816894531,41.66999816894531,207,0.0,0.0
2024-07-17 14:31:00-04:00,41.68000030517578,41.70000076293945,41.68000030517578,41.70000076293945,2401,0.0,0.0
2024-07-17 14:32:00-04:00,41.689998626708984,41.70000076293945,41.68000030517578,41.70000076293945,1730,0.0,0.0
2024-07-17 14:33:00-04:00,41.68000030517578,41.68000030517578,41.68000030517578,41.68000030517578,361,0.0,0.0
2024-07-17 14:34:00-04:00,41.67499923706055,41.68000030517578,41.67499923706055,41.68000030517578,2367,0.0,0.0
2024-07-17 14:35:00-04:00,41.689998626708984,41.709999084472656,41.689998626708984,41.70000076293945,1986,0.0,0.0
2024-07-17 14:36:00-04:00,41.709999084472656,41.709999084472656,41.69499969482422,41.709999084472656,1610,0.0,0.0
2024-07-17 14:37:00-04:00,41.720001220703125,41.720001220703125,41.709999084472656,41.720001220703125,1550,0.0,0.0
2024-07-17 14:38:00-04:00,41.720001220703125,41.720001220703125,41.709999084472656,41.709999084472656,716,0.0,0.0
2024-07-17 14:39:00-04:00,41.709999084472656,41.720001220703125,41.709999084472656,41.720001220703125,1979,0.0,0.0
2024-07-17 14:40:00-04:00,41.720001220703125,41.720001220703125,41.70000076293945,41.70000076293945,1003,0.0,0.0
2024-07-17 14:41:00-04:00,41.68000030517578,41.68000030517578,41.63999938964844,41.63999938964844,1420,0.0,0.0
2024-07-17 14:42:00-04:00,41.619998931884766,41.63999938964844,41.619998931884766,41.6349983215332,2831,0.0,0.0
2024-07-17 14:43:00-04:00,41.625,41.63999938964844,41.625,41.63999938964844,1738,0.0,0.0
2024-07-17 14:44:00-04:00,41.6349983215332,41.650001525878906,41.6349983215332,41.63999938964844,801,0.0,0.0
2024-07-17 14:45:00-04:00,41.619998931884766,41.619998931884766,41.61000061035156,41.61000061035156,1491,0.0,0.0
2024-07-17 14:46:00-04:00,41.59000015258789,41.650001525878906,41.59000015258789,41.650001525878906,3467,0.0,0.0
2024-07-17 14:47:00-04:00,41.65999984741211,41.689998626708984,41.654998779296875,41.654998779296875,2617,0.0,0.0
2024-07-17 14:48:00-04:00,41.650001525878906,41.68000030517578,41.650001525878906,41.68000030517578,1070,0.0,0.0
2024-07-17 14:49:00-04:00,41.66999816894531,41.66999816894531,41.63999938964844,41.63999938964844,1614,0.0,0.0
2024-07-17 14:50:00-04:00,41.630001068115234,41.63999938964844,41.619998931884766,41.63999938964844,1214,0.0,0.0
2024-07-17 14:51:00-04:00,41.619998931884766,41.619998931884766,41.619998931884766,41.619998931884766,190,0.0,0.0
2024-07-17 14:52:00-04:00,41.599998474121094,41.619998931884766,41.599998474121094,41.619998931884766,1391,0.0,0.0
2024-07-17 14:53:00-04:00,41.60499954223633,41.60499954223633,41.60499954223633,41.60499954223633,465,0.0,0.0
2024-07-17 14:54:00-04:00,41.61000061035156,41.619998931884766,41.595001220703125,41.61000061035156,4106,0.0,0.0
2024-07-17 14:55:00-04:00,41.61000061035156,41.61000061035156,41.59000015258789,41.61000061035156,958,0.0,0.0
2024-07-17 14:56:00-04:00,41.59000015258789,41.59000015258789,41.54999923706055,41.58000183105469,3272,0.0,0.0
2024-07-17 14:58:00-04:00,41.56999969482422,41.60499954223633,41.564998626708984,41.60499954223633,2905,0.0,0.0
2024-07-17 14:59:00-04:00,41.61000061035156,41.61000061035156,41.61000061035156,41.61000061035156,356,0.0,0.0
2024-07-17 15:00:00-04:00,41.599998474121094,41.630001068115234,41.599998474121094,41.619998931884766,944,0.0,0.0
2024-07-17 15:01:00-04:00,41.619998931884766,41.619998931884766,41.61000061035156,41.61000061035156,665,0.0,0.0
2024-07-17 15:02:00-04:00,41.61000061035156,41.630001068115234,41.61000061035156,41.630001068115234,1479,0.0,0.0
2024-07-17 15:03:00-04:00,41.619998931884766,41.619998931884766,41.6150016784668,41.6150016784668,980,0.0,0.0
2024-07-17 15:04:00-04:00,41.619998931884766,41.619998931884766,41.6150016784668,41.619998931884766,2320,0.0,0.0
2024-07-17 15:05:00-04:00,41.61000061035156,41.61000061035156,41.599998474121094,41.599998474121094,1459,0.0,0.0
2024-07-17 15:06:00-04:00,41.599998474121094,41.61000061035156,41.599998474121094,41.61000061035156,660,0.0,0.0
2024-07-17 15:07:00-04:00,41.61000061035156,41.61000061035156,41.61000061035156,41.61000061035156,1412,0.0,0.0
2024-07-17 15:08:00-04:00,41.61000061035156,41.619998931884766,41.61000061035156,41.61000061035156,1017,0.0,0.0
2024-07-17 15:09:00-04:00,41.61000061035156,41.619998931884766,41.61000061035156,41.619998931884766,696,0.0,0.0
2024-07-17 15:10:00-04:00,41.619998931884766,41.619998931884766,41.599998474121094,41.61000061035156,2770,0.0,0.0
2024-07-17 15:11:00-04:00,41.619998931884766,41.64929962158203,41.619998931884766,41.64929962158203,1941,0.0,0.0
2024-07-17 15:12:00-04:00,41.630001068115234,41.630001068115234,41.599998474121094,41.599998474121094,1977,0.0,0.0
2024-07-17 15:13:00-04:00,41.595001220703125,41.599998474121094,41.584999084472656,41.59000015258789,2501,0.0,0.0
2024-07-17 15:14:00-04:00,41.59000015258789,41.59000015258789,41.58000183105469,41.58000183105469,2428,0.0,0.0
2024-07-17 15:15:00-04:00,41.56999969482422,41.56999969482422,41.540000915527344,41.540000915527344,1818,0.0,0.0
2024-07-17 15:16:00-04:00,41.540000915527344,41.540000915527344,41.52000045776367,41.529998779296875,2463,0.0,0.0
2024-07-17 15:17:00-04:00,41.5,41.5,41.5,41.5,388,0.0,0.0
2024-07-17 15:18:00-04:00,41.4900016784668,41.5099983215332,41.4900016784668,41.5099983215332,1346,0.0,0.0
2024-07-17 15:19:00-04:00,41.505001068115234,41.529998779296875,41.505001068115234,41.52000045776367,2687,0.0,0.0
2024-07-17 15:20:00-04:00,41.51499938964844,41.52000045776367,41.51499938964844,41.52000045776367,1002,0.0,0.0
2024-07-17 15:21:00-04:00,41.5099983215332,41.5099983215332,41.5,41.5,1296,0.0,0.0
2024-07-17 15:22:00-04:00,41.5,41.5,41.46500015258789,41.470001220703125,2592,0.0,0.0
2024-07-17 15:23:00-04:00,41.4900016784668,41.5099983215332,41.47999954223633,41.5099983215332,3374,0.0,0.0
2024-07-17 15:24:00-04:00,41.5099983215332,41.529998779296875,41.5099983215332,41.529998779296875,3559,0.0,0.0
2024-07-17 15:25:00-04:00,41.52000045776367,41.52000045776367,41.4900016784668,41.5,1269,0.0,0.0
2024-07-17 15:26:00-04:00,41.5,41.525001525878906,41.5,41.52000045776367,2821,0.0,0.0
2024-07-17 15:27:00-04:00,41.529998779296875,41.560001373291016,41.529998779296875,41.560001373291016,3764,0.0,0.0
2024-07-17 15:28:00-04:00,41.58000183105469,41.58000183105469,41.58000183105469,41.58000183105469,0,0.0,0.0
2024-07-17 15:29:00-04:00,41.59000015258789,41.59000015258789,41.59000015258789,41.59000015258789,1041265,0.0,0.0
2024-07-17 15:30:00-04:00,41.57500076293945,41.59000015258789,41.560001373291016,41.59000015258789,5565,0.0,0.0
2024-07-17 15:31:00-04:00,41.59000015258789,41.6150016784668,41.59000015258789,41.599998474121094,5019,0.0,0.0
2024-07-17 15:32:00-04:00,41.599998474121094,41.65999984741211,41.595001220703125,41.654998779296875,4799,0.0,0.0
2024-07-17 15:33:00-04:00,41.65999984741211,41.65999984741211,41.630001068115234,41.630001068115234,2139,0.0,0.0
2024-07-17 15:34:00-04:00,41.625,41.630001068115234,41.619998931884766,41.619998931884766,5844,0.0,0.0
2024-07-17 15:35:00-04:00,41.6349983215332,41.654998779296875,41.619998931884766,41.619998931884766,4517,0.0,0.0
2024-07-17 15:36:00-04:00,41.630001068115234,41.68000030517578,41.630001068115234,41.68000030517578,4564,0.0,0.0
2024-07-17 15:37:00-04:00,41.68000030517578,41.689998626708984,41.63999938964844,41.63999938964844,3070,0.0,0.0
2024-07-17 15:38:00-04:00,41.63999938964844,41.65999984741211,41.6349983215332,41.65999984741211,4136,0.0,0.0
2024-07-17 15:39:00-04:00,41.65999984741211,41.65999984741211,41.63999938964844,41.63999938964844,2686,0.0,0.0
2024-07-17 15:40:00-04:00,41.630001068115234,41.630001068115234,41.619998931884766,41.619998931884766,4160,0.0,0.0
2024-07-17 15:41:00-04:00,41.6150016784668,41.64500045776367,41.6150016784668,41.64500045776367,6150,0.0,0.0
2024-07-17 15:42:00-04:00,41.64500045776367,41.64500045776367,41.625,41.625,1990,0.0,0.0
2024-07-17 15:43:00-04:00,41.625,41.625,41.58000183105469,41.58000183105469,3159,0.0,0.0
2024-07-17 15:44:00-04:00,41.57500076293945,41.60499954223633,41.57500076293945,41.599998474121094,5882,0.0,0.0
2024-07-17 15:45:00-04:00,41.599998474121094,41.61000061035156,41.58000183105469,41.58000183105469,4255,0.0,0.0
2024-07-17 15:46:00-04:00,41.55500030517578,41.560001373291016,41.525001525878906,41.529998779296875,9115,0.0,0.0
2024-07-17 15:47:00-04:00,41.529998779296875,41.53499984741211,41.52000045776367,41.525001525878906,3218,0.0,0.0
2024-07-17 15:48:00-04:00,41.525001525878906,41.54499816894531,41.52000045776367,41.540000915527344,3749,0.0,0.0
2024-07-17 15:49:00-04:00,41.540000915527344,41.540000915527344,41.51499938964844,41.540000915527344,6113,0.0,0.0
2024-07-17 15:50:00-04:00,41.54999923706055,41.58250045776367,41.540000915527344,41.56999969482422,12288,0.0,0.0
2024-07-17 15:51:00-04:00,41.56999969482422,41.584999084472656,41.560001373291016,41.584999084472656,7355,0.0,0.0
2024-07-17 15:52:00-04:00,41.58000183105469,41.58000183105469,41.53499984741211,41.564998626708984,6276,0.0,0.0
2024-07-17 15:53:00-04:00,41.564998626708984,41.57500076293945,41.564998626708984,41.56999969482422,9223,0.0,0.0
2024-07-17 15:54:00-04:00,41.57500076293945,41.57500076293945,41.494998931884766,41.494998931884766,8025,0.0,0.0
2024-07-17 15:55:00-04:00,41.4900016784668,41.599998474121094,41.47999954223633,41.58000183105469,20612,0.0,0.0
2024-07-17 15:56:00-04:00,41.56999969482422,41.619998931884766,41.56999969482422,41.619998931884766,24609,0.0,0.0
2024-07-17 15:57:00-04:00,41.619998931884766,41.6349983215332,41.58000183105469,41.59000015258789,19678,0.0,0.0
2024-07-17 15:58:00-04:00,41.584999084472656,41.599998474121094,41.57500076293945,41.595001220703125,24914,0.0,0.0
2024-07-17 15:59:00-04:00,41.599998474121094,41.66999816894531,41.599998474121094,41.66999816894531,49431,0.0,0.0
2024-07-18 09:30:00-04:00,41.630001068115234,41.810001373291016,41.630001068115234,41.810001373291016,12326,0.0,0.0
2024-07-18 09:31:00-04:00,41.5099983215332,41.5099983215332,41.5099983215332,41.5099983215332,138,0.0,0.0
2024-07-18 09:32:00-04:00,41.47999954223633,41.47999954223633,41.47999954223633,41.47999954223633,101,0.0,0.0
2024-07-18 09:33:00-04:00,41.470001220703125,41.47999954223633,41.470001220703125,41.47999954223633,342,0.0,0.0
2024-07-18 09:34:00-04:00,41.540000915527344,41.564998626708984,41.5,41.564998626708984,688,0.0,0.0
2024-07-18 09:35:00-04:00,41.5099983215332,41.599998474121094,41.47999954223633,41.599998474121094,669,0.0,0.0
2024-07-18 09:36:00-04:00,41.4900016784668,41.630001068115234,41.4900016784668,41.625,724,0.0,0.0
2024-07-18 09:37:00-04:00,41.65999984741211,41.65999984741211,41.65999984741211,41.65999984741211,129,0.0,0.0
2024-07-18 09:38:00-04:00,41.7400016784668,41.79499816894531,41.720001220703125,41.79499816894531,2974,0.0,0.0
2024-07-18 09:39:00-04:00,41.75,41.75,41.65999984741211,41.65999984741211,1006,0.0,0.0
2024-07-18 09:40:00-04:00,41.58000183105469,41.59000015258789,41.58000183105469,41.59000015258789,334,0.0,0.0
2024-07-18 09:41:00-04:00,41.660099029541016,41.660099029541016,41.650001525878906,41.65999984741211,4498,0.0,0.0
2024-07-18 09:42:00-04:00,41.689998626708984,41.689998626708984,41.689998626708984,41.689998626708984,244,0.0,0.0
2024-07-18 09:43:00-04:00,41.689998626708984,41.71500015258789,41.66999816894531,41.66999816894531,1894,0.0,0.0
2024-07-18 09:44:00-04:00,41.70000076293945,41.70000076293945,41.630001068115234,41.630001068115234,409,0.0,0.0
2024-07-18 09:45:00-04:00,41.654998779296875,41.654998779296875,41.61000061035156,41.61000061035156,821,0.0,0.0
2024-07-18 09:46:00-04:00,41.63999938964844,41.63999938964844,41.560001373291016,41.56999969482422,1300,0.0,0.0
2024-07-18 09:47:00-04:00,41.560001373291016,41.61000061035156,41.54999923706055,41.61000061035156,1061,0.0,0.0
2024-07-18 09:48:00-04:00,41.61000061035156,41.619998931884766,41.61000061035156,41.619998931884766,335,0.0,0.0
2024-07-18 09:49:00-04:00,41.59000015258789,41.59000015258789,41.59000015258789,41.59000015258789,139,0.0,0.0
2024-07-18 09:50:00-04:00,41.650001525878906,41.650001525878906,41.650001525878906,41.650001525878906,0,0.0,0.0
2024-07-18 09:51:00-04:00,41.65999984741211,41.65999984741211,41.65999984741211,41.65999984741211,33223,0.0,0.0
2024-07-18 09:52:00-04:00,41.65999984741211,41.720001220703125,41.65999984741211,41.720001220703125,1273,0.0,0.0
2024-07-18 09:53:00-04:00,41.7599983215332,41.790000915527344,41.755001068115234,41.755001068115234,907,0.0,0.0
2024-07-18 09:55:00-04:00,41.81999969482422,41.81999969482422,41.77000045776367,41.775001525878906,2756,0.0,0.0
2024-07-18 09:56:00-04:00,41.834999084472656,41.84000015258789,41.834999084472656,41.84000015258789,495,0.0,0.0
2024-07-18 09:57:00-04:00,41.86000061035156,41.86000061035156,41.845001220703125,41.849998474121094,1669,0.0,0.0
2024-07-18 09:58:00-04:00,41.869998931884766,41.869998931884766,41.810001373291016,41.810001373291016,1475,0.0,0.0
2024-07-18 09:59:00-04:00,41.849998474121094,41.8650016784668,41.81999969482422,41.81999969482422,838,0.0,0.0
2024-07-18 10:00:00-04:00,41.810001373291016,41.814998626708984,41.810001373291016,41.814998626708984,844,0.0,0.0
2024-07-18 10:01:00-04:00,41.810001373291016,41.90999984741211,41.810001373291016,41.90999984741211,1510,0.0,0.0
2024-07-18 10:02:00-04:00,41.95000076293945,41.970001220703125,41.939998626708984,41.970001220703125,377,0.0,0.0
2024-07-18 10:03:00-04:00,41.93000030517578,42.005001068115234,41.93000030517578,41.97999954223633,5790,0.0,0.0
2024-07-18 10:04:00-04:00,41.97999954223633,41.97999954223633,41.94499969482422,41.94499969482422,1173,0.0,0.0
2024-07-18 10:05:00-04:00,41.93000030517578,41.970001220703125,41.93000030517578,41.959999084472656,2755,0.0,0.0
2024-07-18 10:06:00-04:00,41.95000076293945,41.959999084472656,41.93000030517578,41.93000030517578,2500,0.0,0.0
2024-07-18 10:08:00-04:00,41.91999816894531,41.939998626708984,41.91999816894531,41.91999816894531,419,0.0,0.0
2024-07-18 10:09:00-04:00,41.91999816894531,41.91999816894531,41.88999938964844,41.88999938964844,1467,0.0,0.0
2024-07-18 10:10:00-04:00,41.88999938964844,41.900001525878906,41.880001068115234,41.880001068115234,1972,0.0,0.0
2024-07-18 10:11:00-04:00,41.8650016784668,41.880001068115234,41.85499954223633,41.85499954223633,860,0.0,0.0
2024-07-18 10:12:00-04:00,41.85499954223633,41.88999938964844,41.85499954223633,41.880001068115234,804,0.0,0.0
2024-07-18 10:13:00-04:00,41.880001068115234,41.88359832763672,41.880001068115234,41.880001068115234,927,0.0,0.0
2024-07-18 10:14:00-04:00,41.900001525878906,41.915000915527344,41.88999938964844,41.915000915527344,1334,0.0,0.0
2024-07-18 10:15:00-04:00,41.93000030517578,41.959999084472656,41.91999816894531,41.959999084472656,1293,0.0,0.0
2024-07-18 10:16:00-04:00,42.0,42.029998779296875,42.0,42.02000045776367,2017,0.0,0.0
2024-07-18 10:17:00-04:00,42.0099983215332,42.04999923706055,41.97999954223633,42.040000915527344,4417,0.0,0.0
2024-07-18 10:18:00-04:00,42.0099983215332,42.0099983215332,41.970001220703125,41.970001220703125,2217,0.0,0.0
2024-07-18 10:19:00-04:00,41.959999084472656,42.0099983215332,41.959999084472656,42.0099983215332,976,0.0,0.0
2024-07-18 10:20:00-04:00,42.02000045776367,42.025001525878906,42.02000045776367,42.025001525878906,722,0.0,0.0
2024-07-18 10:21:00-04:00,42.025001525878906,42.025001525878906,42.0,42.0,1012,0.0,0.0
2024-07-18 10:22:00-04:00,42.02000045776367,42.02000045776367,42.02000045776367,42.02000045776367,251,0.0,0.0
2024-07-18 10:23:00-04:00,42.040000915527344,42.04999923706055,42.040000915527344,42.04999923706055,631,0.0,0.0
2024-07-18 10:24:00-04:00,42.0099983215332,42.0099983215332,41.970001220703125,41.970001220703125,1675,0.0,0.0
2024-07-18 10:25:00-04:00,41.994998931884766,42.08000183105469,41.994998931884766,42.040000915527344,2852,0.0,0.0
2024-07-18 10:26:00-04:00,42.04999923706055,42.04999923706055,42.0099983215332,42.0099983215332,1453,0.0,0.0
2024-07-18 10:27:00-04:00,41.97999954223633,42.060001373291016,41.97999954223633,42.040000915527344,1337,0.0,0.0
2024-07-18 10:28:00-04:00,42.04499816894531,42.06999969482422,42.04499816894531,42.06999969482422,1145,0.0,0.0
2024-07-18 10:29:00-04:00,42.060001373291016,42.06999969482422,42.040000915527344,42.06999969482422,933,0.0,0.0
2024-07-18 10:30:00-04:00,42.04999923706055,42.11000061035156,42.04999923706055,42.08000183105469,711,0.0,0.0
2024-07-18 10:31:00-04:00,42.099998474121094,42.15999984741211,42.099998474121094,42.130001068115234,1750,0.0,0.0
2024-07-18 10:32:00-04:00,42.11000061035156,42.130001068115234,42.11000061035156,42.130001068115234,343,0.0,0.0
2024-07-18 10:33:00-04:00,42.099998474121094,42.099998474121094,42.029998779296875,42.029998779296875,2094,0.0,0.0
2024-07-18 10:34:00-04:00,41.959999084472656,41.959999084472656,41.959999084472656,41.959999084472656,298,0.0,0.0
2024-07-18 10:35:00-04:00,41.95000076293945,41.970001220703125,41.91999816894531,41.91999816894531,1250,0.0,0.0
2024-07-18 10:36:00-04:00,41.959999084472656,42.0,41.959999084472656,42.0,1596,0.0,0.0
2024-07-18 10:37:00-04:00,41.944000244140625,41.97999954223633,41.91999816894531,41.97999954223633,1101,0.0,0.0
2024-07-18 10:38:00-04:00,41.970001220703125,41.970001220703125,41.970001220703125,41.970001220703125,191,0.0,0.0
2024-07-18 10:39:00-04:00,41.959999084472656,41.959999084472656,41.939998626708984,41.939998626708984,1000,0.0,0.0
2024-07-18 10:40:00-04:00,41.93000030517578,41.93000030517578,41.880001068115234,41.880001068115234,1119,0.0,0.0
2024-07-18 10:41:00-04:00,41.900001525878906,41.900001525878906,41.869998931884766,41.869998931884766,822,0.0,0.0
2024-07-18 10:42:00-04:00,41.88999938964844,41.900001525878906,41.84000015258789,41.85499954223633,2318,0.0,0.0
2024-07-18 10:43:00-04:00,41.869998931884766,41.869998931884766,41.849998474121094,41.849998474121094,539,0.0,0.0
2024-07-18 10:44:00-04:00,41.790000915527344,41.81999969482422,41.790000915527344,41.790000915527344,821,0.0,0.0
2024-07-18 10:45:00-04:00,41.77000045776367,41.83000183105469,41.77000045776367,41.810001373291016,791,0.0,0.0
2024-07-18 10:46:00-04:00,41.790000915527344,41.790000915527344,41.720001220703125,41.72999954223633,858,0.0,0.0
2024-07-18 10:47:00-04:00,41.689998626708984,41.689998626708984,41.66999816894531,41.66999816894531,283,0.0,0.0
2024-07-18 10:48:00-04:00,41.70000076293945,41.7400016784668,41.689998626708984,41.7400016784668,4967,0.0,0.0
2024-07-18 10:49:00-04:00,41.7400016784668,41.7400016784668,41.70000076293945,41.70000076293945,1527,0.0,0.0
2024-07-18 10:50:00-04:00,41.709999084472656,41.709999084472656,41.66999816894531,41.67499923706055,2182,0.0,0.0
2024-07-18 10:51:00-04:00,41.66999816894531,41.790000915527344,41.66999816894531,41.7599983215332,2812,0.0,0.0
2024-07-18 10:52:00-04:00,41.790000915527344,41.790000915527344,41.75,41.75,548,0.0,0.0
2024-07-18 10:53:00-04:00,41.77000045776367,41.77000045776367,41.77000045776367,41.77000045776367,612,0.0,0.0
2024-07-18 10:54:00-04:00,41.81999969482422,41.81999969482422,41.81999969482422,41.81999969482422,479,0.0,0.0
2024-07-18 10:55:00-04:00,41.834999084472656,41.845001220703125,41.79999923706055,41.810001373291016,1616,0.0,0.0
2024-07-18 10:56:00-04:00,41.83000183105469,41.83000183105469,41.83000183105469,41.83000183105469,382,0.0,0.0
2024-07-18 10:57:00-04:00,41.79499816894531,41.810001373291016,41.779998779296875,41.779998779296875,758,0.0,0.0
2024-07-18 10:58:00-04:00,41.79999923706055,41.814998626708984,41.79999923706055,41.810001373291016,643,0.0,0.0
2024-07-18 10:59:00-04:00,41.81999969482422,41.84000015258789,41.81999969482422,41.84000015258789,1415,0.0,0.0
2024-07-18 11:00:00-04:00,41.79999923706055,41.79999923706055,41.779998779296875,41.79999923706055,570,0.0,0.0
2024-07-18 11:01:00-04:00,41.84000015258789,41.90999984741211,41.84000015258789,41.90999984741211,681,0.0,0.0
2024-07-18 11:02:00-04:00,41.970001220703125,41.98500061035156,41.91999816894531,41.91999816894531,1539,0.0,0.0
2024-07-18 11:03:00-04:00,41.94499969482422,41.94499969482422,41.91999816894531,41.91999816894531,850,0.0,0.0
2024-07-18 11:04:00-04:00,41.90999984741211,41.970001220703125,41.900001525878906,41.95000076293945,911,0.0,0.0
2024-07-18 11:05:00-04:00,41.9375,42.0,41.9375,42.0,923,0.0,0.0
2024-07-18 11:06:00-04:00,41.994998931884766,42.0,41.959999084472656,42.0,1601,0.0,0.0
2024-07-18 11:07:00-04:00,41.970001220703125,41.970001220703125,41.970001220703125,41.970001220703125,269,0.0,0.0
2024-07-18 11:08:00-04:00,42.0,42.0,42.0,42.0,413,0.0,0.0
2024-07-18 11:09:00-04:00,42.0,42.0,42.0,42.0,400,0.0,0.0
2024-07-18 11:10:00-04:00,42.02000045776367,42.02000045776367,42.01499938964844,42.02000045776367,1162,0.0,0.0
2024-07-18 11:11:00-04:00,42.040000915527344,42.040000915527344,42.0099983215332,42.0099983215332,956,0.0,0.0
2024-07-18 11:12:00-04:00,42.02000045776367,42.02000045776367,41.9900016784668,42.0,783,0.0,0.0
2024-07-18 11:13:00-04:00,42.029998779296875,42.04999923706055,42.02000045776367,42.04999923706055,684,0.0,0.0
2024-07-18 11:14:00-04:00,42.02000045776367,42.02000045776367,42.0099983215332,42.02000045776367,1513,0.0,0.0
2024-07-18 11:15:00-04:00,42.02000045776367,42.029998779296875,42.0,42.0,2818,0.0,0.0
2024-07-18 11:16:00-04:00,42.0,42.0,41.9900016784668,42.0,687,0.0,0.0
2024-07-18 11:17:00-04:00,42.0099983215332,42.0099983215332,42.0099983215332,42.0099983215332,441,0.0,0.0
2024-07-18 11:18:00-04:00,42.0,42.029998779296875,42.0,42.029998779296875,616,0.0,0.0
2024-07-18 11:19:00-04:00,42.02000045776367,42.029998779296875,42.0,42.0,930,0.0,0.0
2024-07-18 11:20:00-04:00,42.0,42.02000045776367,42.0,42.02000045776367,524,0.0,0.0
2024-07-18 11:21:00-04:00,42.029998779296875,42.029998779296875,41.9900016784668,41.9900016784668,2066,0.0,0.0
2024-07-18 11:22:00-04:00,41.9900016784668,41.9900016784668,41.939998626708984,41.939998626708984,1131,0.0,0.0
2024-07-18 11:23:00-04:00,41.939998626708984,41.939998626708984,41.93000030517578,41.93000030517578,209,0.0,0.0
2024-07-18 11:24:00-04:00,41.90999984741211,41.92499923706055,41.90999984741211,41.92499923706055,776,0.0,0.0
2024-07-18 11:25:00-04:00,41.90999984741211,41.939998626708984,41.90999984741211,41.939998626708984,2279,0.0,0.0
2024-07-18 11:26:00-04:00,41.939998626708984,41.95000076293945,41.939998626708984,41.95000076293945,587,0.0,0.0
2024-07-18 11:27:00-04:00,41.93000030517578,41.932498931884766,41.91999816894531,41.91999816894531,1186,0.0,0.0
2024-07-18 11:28:00-04:00,41.93000030517578,41.95000076293945,41.91999816894531,41.939998626708984,1063,0.0,0.0
2024-07-18 11:29:00-04:00,41.95000076293945,41.95000076293945,41.900001525878906,41.90999984741211,2430,0.0,0.0
2024-07-18 11:30:00-04:00,41.89500045776367,41.90999984741211,41.88999938964844,41.900001525878906,1198,0.0,0.0
2024-07-18 11:31:00-04:00,41.90999984741211,41.93000030517578,41.900001525878906,41.900001525878906,1738,0.0,0.0
2024-07-18 11:32:00-04:00,41.904998779296875,41.91999816894531,41.88999938964844,41.90999984741211,1558,0.0,0.0
2024-07-18 11:33:00-04:00,41.93000030517578,41.93000030517578,41.90999984741211,41.90999984741211,1624,0.0,0.0
2024-07-18 11:34:00-04:00,41.915000915527344,41.915000915527344,41.900001525878906,41.900001525878906,794,0.0,0.0
2024-07-18 11:35:00-04:00,41.880001068115234,41.880001068115234,41.86000061035156,41.86000061035156,2215,0.0,0.0
2024-07-18 11:36:00-04:00,41.869998931884766,41.95000076293945,41.869998931884766,41.95000076293945,4554,0.0,0.0
2024-07-18 11:37:00-04:00,41.959999084472656,41.98500061035156,41.95500183105469,41.98500061035156,1832,0.0,0.0
2024-07-18 11:38:00-04:00,41.970001220703125,41.970001220703125,41.959999084472656,41.959999084472656,685,0.0,0.0
2024-07-18 11:39:00-04:00,41.97999954223633,42.0,41.97999954223633,41.9900016784668,2403,0.0,0.0
2024-07-18 11:40:00-04:00,41.970001220703125,41.97999954223633,41.95000076293945,41.959999084472656,3260,0.0,0.0
2024-07-18 11:41:00-04:00,41.970001220703125,41.97999954223633,41.959999084472656,41.959999084472656,816,0.0,0.0
2024-07-18 11:42:00-04:00,41.959999084472656,42.03499984741211,41.959999084472656,42.03499984741211,1976,0.0,0.0
2024-07-18 11:43:00-04:00,42.03499984741211,42.03499984741211,42.029998779296875,42.029998779296875,1068,0.0,0.0
2024-07-18 11:44:00-04:00,42.0,42.0,41.970001220703125,41.970001220703125,1738,0.0,0.0
2024-07-18 11:45:00-04:00,41.959999084472656,41.959999084472656,41.959999084472656,41.959999084472656,334,0.0,0.0
2024-07-18 11:46:00-04:00,41.970001220703125,41.98500061035156,41.970001220703125,41.98500061035156,423,0.0,0.0
2024-07-18 11:47:00-04:00,41.97999954223633,41.97999954223633,41.939998626708984,41.939998626708984,1277,0.0,0.0
2024-07-18 11:48:00-04:00,41.93000030517578,41.95000076293945,41.915000915527344,41.939998626708984,2410,0.0,0.0
2024-07-18 11:49:00-04:00,41.932498931884766,41.932498931884766,41.91999816894531,41.91999816894531,482,0.0,0.0
2024-07-18 11:50:00-04:00,41.90999984741211,41.90999984741211,41.88999938964844,41.88999938964844,896,0.0,0.0
2024-07-18 11:51:00-04:00,41.88999938964844,41.91999816894531,41.88999938964844,41.91999816894531,1642,0.0,0.0
2024-07-18 11:52:00-04:00,41.91999816894531,41.939998626708984,41.91999816894531,41.93000030517578,999,0.0,0.0
2024-07-18 11:53:00-04:00,41.900001525878906,41.95000076293945,41.900001525878906,41.95000076293945,702,0.0,0.0
2024-07-18 11:54:00-04:00,41.90999984741211,41.93000030517578,41.90999984741211,41.93000030517578,627,0.0,0.0
2024-07-18 11:55:00-04:00,41.93000030517578,41.95000076293945,41.93000030517578,41.939998626708984,685,0.0,0.0
2024-07-18 11:56:00-04:00,41.939998626708984,41.939998626708984,41.91999816894531,41.91999816894531,1297,0.0,0.0
2024-07-18 11:57:00-04:00,41.93000030517578,41.970001220703125,41.93000030517578,41.959999084472656,1935,0.0,0.0
2024-07-18 11:58:00-04:00,41.970001220703125,41.970001220703125,41.959999084472656,41.959999084472656,532,0.0,0.0
2024-07-18 11:59:00-04:00,41.970001220703125,42.0,41.970001220703125,42.0,1423,0.0,0.0
2024-07-18 12:00:00-04:00,42.0099983215332,42.01499938964844,41.9900016784668,41.9900016784668,1095,0.0,0.0
2024-07-18 12:01:00-04:00,42.0,42.0,41.97999954223633,41.9900016784668,1211,0.0,0.0
2024-07-18 12:03:00-04:00,41.9900016784668,42.01499938964844,41.9900016784668,42.0099983215332,1946,0.0,0.0
2024-07-18 12:04:00-04:00,42.029998779296875,42.040000915527344,42.029998779296875,42.040000915527344,1025,0.0,0.0
2024-07-18 12:05:00-04:00,42.05500030517578,42.05500030517578,42.029998779296875,42.029998779296875,537,0.0,0.0
2024-07-18 12:06:00-04:00,42.029998779296875,42.03499984741211,42.02000045776367,42.02000045776367,970,0.0,0.0
2024-07-18 12:07:00-04:00,42.04999923706055,42.060001373291016,42.040000915527344,42.05569839477539,3572,0.0,0.0
2024-07-18 12:08:00-04:00,42.06999969482422,42.08000183105469,42.060001373291016,42.060001373291016,2317,0.0,0.0
2024-07-18 12:09:00-04:00,42.06999969482422,42.08000183105469,42.06999969482422,42.08000183105469,958,0.0,0.0
2024-07-18 12:10:00-04:00,42.060001373291016,42.060001373291016,42.04999923706055,42.04999923706055,1271,0.0,0.0
2024-07-18 12:11:00-04:00,42.040000915527344,42.040000915527344,42.025001525878906,42.040000915527344,1165,0.0,0.0
2024-07-18 12:12:00-04:00,42.040000915527344,42.040000915527344,41.9900016784668,41.9900016784668,1299,0.0,0.0
2024-07-18 12:13:00-04:00,41.970001220703125,41.97999954223633,41.970001220703125,41.970001220703125,1336,0.0,0.0
2024-07-18 12:14:00-04:00,41.97999954223633,41.97999954223633,41.95000076293945,41.95000076293945,1267,0.0,0.0
2024-07-18 12:15:00-04:00,41.939998626708984,41.939998626708984,41.93000030517578,41.939998626708984,617,0.0,0.0
2024-07-18 12:16:00-04:00,41.900001525878906,41.90999984741211,41.900001525878906,41.90999984741211,521,0.0,0.0
2024-07-18 12:17:00-04:00,41.880001068115234,41.900001525878906,41.880001068115234,41.88999938964844,943,0.0,0.0
2024-07-18 12:18:00-04:00,41.90999984741211,41.90999984741211,41.900001525878906,41.900001525878906,1129,0.0,0.0
2024-07-18 12:19:00-04:00,41.90999984741211,41.93000030517578,41.90999984741211,41.91999816894531,1178,0.0,0.0
2024-07-18 12:20:00-04:00,41.939998626708984,41.959999084472656,41.939998626708984,41.959999084472656,800,0.0,0.0
2024-07-18 12:21:00-04:00,41.95000076293945,41.95899963378906,41.95000076293945,41.95899963378906,467,0.0,0.0
2024-07-18 12:22:00-04:00,41.959999084472656,41.96989822387695,41.95000076293945,41.95000076293945,2007,0.0,0.0
2024-07-18 12:23:00-04:00,41.93000030517578,41.93000030517578,41.93000030517578,41.93000030517578,182,0.0,0.0
2024-07-18 12:24:00-04:00,41.91999816894531,41.93000030517578,41.91999816894531,41.91999816894531,728,0.0,0.0
2024-07-18 12:25:00-04:00,41.90999984741211,41.90999984741211,41.880001068115234,41.880001068115234,2683,0.0,0.0
2024-07-18 12:26:00-04:00,41.88999938964844,41.88999938964844,41.880001068115234,41.880001068115234,400,0.0,0.0
2024-07-18 12:27:00-04:00,41.90999984741211,41.91999816894531,41.90999984741211,41.91999816894531,877,0.0,0.0
2024-07-18 12:28:00-04:00,41.904998779296875,41.904998779296875,41.904998779296875,41.904998779296875,362,0.0,0.0
2024-07-18 12:29:00-04:00,41.88999938964844,41.88999938964844,41.88999938964844,41.88999938964844,448,0.0,0.0
2024-07-18 12:30:00-04:00,41.875,41.875,41.84000015258789,41.84000015258789,1022,0.0,0.0
2024-07-18 12:31:00-04:00,41.834999084472656,41.84000015258789,41.83000183105469,41.84000015258789,1178,0.0,0.0
2024-07-18 12:32:00-04:00,41.84000015258789,41.86000061035156,41.84000015258789,41.86000061035156,1000,0.0,0.0
2024-07-18 12:33:00-04:00,41.869998931884766,41.869998931884766,41.869998931884766,41.869998931884766,413,0.0,0.0
2024-07-18 12:34:00-04:00,41.869998931884766,41.869998931884766,41.869998931884766,41.869998931884766,463,0.0,0.0
2024-07-18 12:36:00-04:00,41.86000061035156,41.8650016784668,41.834999084472656,41.834999084472656,639,0.0,0.0
2024-07-18 12:37:00-04:00,41.849998474121094,41.849998474121094,41.84000015258789,41.849998474121094,2139,0.0,0.0
2024-07-18 12:38:00-04:00,41.84000015258789,41.84000015258789,41.84000015258789,41.84000015258789,519,0.0,0.0
2024-07-18 12:39:00-04:00,41.849998474121094,41.8650016784668,41.849998474121094,41.8650016784668,1459,0.0,0.0
2024-07-18 12:40:00-04:00,41.86000061035156,41.86000061035156,41.810001373291016,41.810001373291016,1129,0.0,0.0
2024-07-18 12:41:00-04:00,41.79999923706055,41.79999923706055,41.79999923706055,41.79999923706055,142,0.0,0.0
2024-07-18 12:43:00-04:00,41.810001373291016,41.845001220703125,41.810001373291016,41.83000183105469,1403,0.0,0.0
2024-07-18 12:44:00-04:00,41.83000183105469,41.83000183105469,41.810001373291016,41.814998626708984,948,0.0,0.0
2024-07-18 12:45:00-04:00,41.83000183105469,41.849998474121094,41.83000183105469,41.849998474121094,1011,0.0,0.0
2024-07-18 12:46:00-04:00,41.875,41.875,41.849998474121094,41.86000061035156,787,0.0,0.0
2024-07-18 12:47:00-04:00,41.86000061035156,41.880001068115234,41.86000061035156,41.880001068115234,958,0.0,0.0
2024-07-18 12:48:00-04:00,41.900001525878906,41.91999816894531,41.900001525878906,41.91999816894531,1164,0.0,0.0
2024-07-18 12:49:00-04:00,41.90999984741211,41.91999816894531,41.8650016784668,41.8650016784668,2942,0.0,0.0
2024-07-18 12:50:00-04:00,41.8650016784668,41.8650016784668,41.8650016784668,41.8650016784668,636,0.0,0.0
2024-07-18 12:52:00-04:00,41.880001068115234,41.880001068115234,41.880001068115234,41.880001068115234,799,0.0,0.0
2024-07-18 12:53:00-04:00,41.900001525878906,41.900001525878906,41.88999938964844,41.88999938964844,451,0.0,0.0
2024-07-18 12:54:00-04:00,41.880001068115234,41.880001068115234,41.880001068115234,41.880001068115234,522,0.0,0.0
2024-07-18 12:56:00-04:00,41.880001068115234,41.88999938964844,41.880001068115234,41.88999938964844,5828,0.0,0.0
2024-07-18 12:57:00-04:00,41.900001525878906,41.90999984741211,41.900001525878906,41.900001525878906,1375,0.0,0.0
2024-07-18 12:58:00-04:00,41.88999938964844,41.88999938964844,41.880001068115234,41.880001068115234,553,0.0,0.0
2024-07-18 12:59:00-04:00,41.88999938964844,41.88999938964844,41.869998931884766,41.88999938964844,1238,0.0,0.0
2024-07-18 13:00:00-04:00,41.88999938964844,41.900001525878906,41.880001068115234,41.88999938964844,1771,0.0,0.0
2024-07-18 13:01:00-04:00,41.88999938964844,41.900001525878906,41.88999938964844,41.900001525878906,1887,0.0,0.0
2024-07-18 13:02:00-04:00,41.88999938964844,41.88999938964844,41.875,41.88999938964844,1221,0.0,0.0
2024-07-18 13:03:00-04:00,41.880001068115234,41.880001068115234,41.869998931884766,41.869998931884766,966,0.0,0.0
2024-07-18 13:04:00-04:00,41.8650016784668,41.8650016784668,41.849998474121094,41.849998474121094,538,0.0,0.0
2024-07-18 13:05:00-04:00,41.84000015258789,41.86000061035156,41.84000015258789,41.86000061035156,870,0.0,0.0
2024-07-18 13:06:00-04:00,41.83000183105469,41.83000183105469,41.82500076293945,41.83000183105469,743,0.0,0.0
2024-07-18 13:07:00-04:00,41.83000183105469,41.849998474121094,41.83000183105469,41.84000015258789,1303,0.0,0.0
2024-07-18 13:08:00-04:00,41.84000015258789,41.845001220703125,41.81999969482422,41.845001220703125,3865,0.0,0.0
2024-07-18 13:09:00-04:00,41.81999969482422,41.84000015258789,41.81999969482422,41.84000015258789,668,0.0,0.0
2024-07-18 13:10:00-04:00,41.810001373291016,41.810001373291016,41.79999923706055,41.810001373291016,914,0.0,0.0
2024-07-18 13:11:00-04:00,41.79999923706055,41.81999969482422,41.79999923706055,41.79999923706055,402,0.0,0.0
2024-07-18 13:12:00-04:00,41.810001373291016,41.81999969482422,41.810001373291016,41.814998626708984,1187,0.0,0.0
2024-07-18 13:13:00-04:00,41.81949996948242,41.83000183105469,41.81949996948242,41.83000183105469,1801,0.0,0.0
2024-07-18 13:14:00-04:00,41.83000183105469,41.83000183105469,41.83000183105469,41.83000183105469,358,0.0,0.0
2024-07-18 13:15:00-04:00,41.83000183105469,41.84000015258789,41.83000183105469,41.84000015258789,1538,0.0,0.0
2024-07-18 13:16:00-04:00,41.845001220703125,41.86000061035156,41.845001220703125,41.86000061035156,1634,0.0,0.0
2024-07-18 13:17:00-04:00,41.86000061035156,41.869998931884766,41.849998474121094,41.869998931884766,2124,0.0,0.0
2024-07-18 13:18:00-04:00,41.869998931884766,41.87900161743164,41.86000061035156,41.86000061035156,1271,0.0,0.0
2024-07-18 13:19:00-04:00,41.86000061035156,41.86000061035156,41.84000015258789,41.84000015258789,1738,0.0,0.0
2024-07-18 13:20:00-04:00,41.81999969482422,41.81999969482422,41.81999969482422,41.81999969482422,911,0.0,0.0
2024-07-18 13:21:00-04:00,41.81999969482422,41.81999969482422,41.810001373291016,41.81999969482422,758,0.0,0.0
2024-07-18 13:22:00-04:00,41.83000183105469,41.83000183105469,41.82500076293945,41.83000183105469,1144,0.0,0.0
2024-07-18 13:23:00-04:00,41.84000015258789,41.849998474121094,41.834999084472656,41.834999084472656,1573,0.0,0.0
2024-07-18 13:24:00-04:00,41.83000183105469,41.845001220703125,41.83000183105469,41.845001220703125,1694,0.0,0.0
2024-07-18 13:26:00-04:00,41.810001373291016,41.81999969482422,41.810001373291016,41.814998626708984,1493,0.0,0.0
2024-07-18 13:27:00-04:00,41.81999969482422,41.83000183105469,41.81999969482422,41.83000183105469,1188,0.0,0.0
2024-07-18 13:29:00-04:00,41.83000183105469,41.849998474121094,41.83000183105469,41.849998474121094,4720,0.0,0.0
2024-07-18 13:30:00-04:00,41.84000015258789,41.84000015258789,41.79999923706055,41.79999923706055,3181,0.0,0.0
2024-07-18 13:31:00-04:00,41.790000915527344,41.790000915527344,41.790000915527344,41.790000915527344,567,0.0,0.0
2024-07-18 13:32:00-04:00,41.779998779296875,41.779998779296875,41.779998779296875,41.779998779296875,1399,0.0,0.0
2024-07-18 13:33:00-04:00,41.779998779296875,41.779998779296875,41.76499938964844,41.76499938964844,1137,0.0,0.0
2024-07-18 13:34:00-04:00,41.7599983215332,41.77000045776367,41.7400016784668,41.77000045776367,2448,0.0,0.0
2024-07-18 13:35:00-04:00,41.775001525878906,41.775001525878906,41.77000045776367,41.77000045776367,340,0.0,0.0
2024-07-18 13:36:00-04:00,41.78990173339844,41.810001373291016,41.779998779296875,41.810001373291016,3022,0.0,0.0
2024-07-18 13:37:00-04:00,41.79999923706055,41.79999923706055,41.79999923706055,41.79999923706055,433,0.0,0.0
2024-07-18 13:38:00-04:00,41.80500030517578,41.80500030517578,41.79999923706055,41.79999923706055,456,0.0,0.0
2024-07-18 13:39:00-04:00,41.810001373291016,41.82500076293945,41.810001373291016,41.82500076293945,1196,0.0,0.0
2024-07-18 13:40:00-04:00,41.83000183105469,41.849998474121094,41.83000183105469,41.84000015258789,1445,0.0,0.0
2024-07-18 13:41:00-04:00,41.84000015258789,41.84000015258789,41.84000015258789,41.84000015258789,791,0.0,0.0
2024-07-18 13:42:00-04:00,41.84000015258789,41.84000015258789,41.83000183105469,41.83000183105469,1131,0.0,0.0
2024-07-18 13:43:00-04:00,41.81999969482422,41.81999969482422,41.79999923706055,41.79999923706055,1047,0.0,0.0
2024-07-18 13:44:00-04:00,41.79999923706055,41.810001373291016,41.79999923706055,41.810001373291016,1031,0.0,0.0
2024-07-18 13:45:00-04:00,41.814998626708984,41.81999969482422,41.814998626708984,41.81999969482422,1198,0.0,0.0
2024-07-18 13:46:00-04:00,41.83000183105469,41.83000183105469,41.81999969482422,41.81999969482422,1933,0.0,0.0
2024-07-18 13:47:00-04:00,41.83000183105469,41.83000183105469,41.83000183105469,41.83000183105469,473,0.0,0.0
2024-07-18 13:48:00-04:00,41.84000015258789,41.875,41.84000015258789,41.875,1676,0.0,0.0
2024-07-18 13:49:00-04:00,41.86000061035156,41.86000061035156,41.86000061035156,41.86000061035156,1288,0.0,0.0
2024-07-18 13:50:00-04:00,41.83000183105469,41.83000183105469,41.81999969482422,41.81999969482422,707,0.0,0.0
2024-07-18 13:51:00-04:00,41.810001373291016,41.810001373291016,41.79999923706055,41.79999923706055,685,0.0,0.0
2024-07-18 13:53:00-04:00,41.77000045776367,41.77000045776367,41.755001068115234,41.755001068115234,1215,0.0,0.0
2024-07-18 13:54:00-04:00,41.7599983215332,41.7599983215332,41.7599983215332,41.7599983215332,1039,0.0,0.0
2024-07-18 13:55:00-04:00,41.75,41.75,41.709999084472656,41.709999084472656,1237,0.0,0.0
2024-07-18 13:56:00-04:00,41.709999084472656,41.709999084472656,41.70000076293945,41.709999084472656,1213,0.0,0.0
2024-07-18 13:57:00-04:00,41.71500015258789,41.71500015258789,41.70000076293945,41.70000076293945,987,0.0,0.0
2024-07-18 13:58:00-04:00,41.70000076293945,41.70000076293945,41.70000076293945,41.70000076293945,846,0.0,0.0
2024-07-18 13:59:00-04:00,41.709999084472656,41.720001220703125,41.709999084472656,41.720001220703125,1774,0.0,0.0
2024-07-18 14:00:00-04:00,41.72999954223633,41.7400016784668,41.72999954223633,41.7400016784668,381,0.0,0.0
2024-07-18 14:01:00-04:00,41.7400016784668,41.7400016784668,41.70000076293945,41.720001220703125,2704,0.0,0.0
2024-07-18 14:02:00-04:00,41.72999954223633,41.7400016784668,41.720001220703125,41.720001220703125,1645,0.0,0.0
2024-07-18 14:03:00-04:00,41.709999084472656,41.71500015258789,41.709999084472656,41.71500015258789,978,0.0,0.0
2024-07-18 14:04:00-04:00,41.720001220703125,41.720001220703125,41.720001220703125,41.720001220703125,359,0.0,0.0
2024-07-18 14:05:00-04:00,41.720001220703125,41.72999954223633,41.720001220703125,41.720001220703125,568,0.0,0.0
2024-07-18 14:06:00-04:00,41.709999084472656,41.709999084472656,41.709999084472656,41.709999084472656,339,0.0,0.0
2024-07-18 14:07:00-04:00,41.70000076293945,41.70000076293945,41.68000030517578,41.68000030517578,1555,0.0,0.0
2024-07-18 14:08:00-04:00,41.68000030517578,41.68000030517578,41.630001068115234,41.64500045776367,837,0.0,0.0
2024-07-18 14:09:00-04:00,41.65999984741211,41.68000030517578,41.65999984741211,41.68000030517578,1564,0.0,0.0
2024-07-18 14:11:00-04:00,41.65999984741211,41.65999984741211,41.65999984741211,41.65999984741211,730,0.0,0.0
2024-07-18 14:12:00-04:00,41.63999938964844,41.63999938964844,41.619998931884766,41.619998931884766,1506,0.0,0.0
2024-07-18 14:13:00-04:00,41.619998931884766,41.619998931884766,41.599998474121094,41.61000061035156,1264,0.0,0.0
2024-07-18 14:14:00-04:00,41.61000061035156,41.619998931884766,41.599998474121094,41.619998931884766,1060,0.0,0.0
2024-07-18 14:15:00-04:00,41.619998931884766,41.630001068115234,41.61000061035156,41.625,1320,0.0,0.0
2024-07-18 14:16:00-04:00,41.625,41.625,41.599998474121094,41.599998474121094,1524,0.0,0.0
2024-07-18 14:17:00-04:00,41.61000061035156,41.61000061035156,41.599998474121094,41.599998474121094,1111,0.0,0.0
2024-07-18 14:18:00-04:00,41.599998474121094,41.599998474121094,41.59000015258789,41.59000015258789,656,0.0,0.0
2024-07-18 14:19:00-04:00,41.58000183105469,41.58000183105469,41.560001373291016,41.560001373291016,1103,0.0,0.0
2024-07-18 14:20:00-04:00,41.540000915527344,41.540000915527344,41.51499938964844,41.51499938964844,1094,0.0,0.0
2024-07-18 14:21:00-04:00,41.47999954223633,41.47999954223633,41.47999954223633,41.47999954223633,232,0.0,0.0
2024-07-18 14:22:00-04:00,41.46500015258789,41.46500015258789,41.45500183105469,41.45500183105469,631,0.0,0.0
2024-07-18 14:23:00-04:00,41.439998626708984,41.459999084472656,41.43000030517578,41.459999084472656,2681,0.0,0.0
2024-07-18 14:24:00-04:00,41.47999954223633,41.51499938964844,41.47999954223633,41.4900016784668,2451,0.0,0.0
2024-07-18 14:25:00-04:00,41.47999954223633,41.47999954223633,41.47999954223633,41.47999954223633,305,0.0,0.0
2024-07-18 14:26:00-04:00,41.470001220703125,41.48500061035156,41.459999084472656,41.470001220703125,1599,0.0,0.0
2024-07-18 14:27:00-04:00,41.474998474121094,41.48500061035156,41.459999084472656,41.48500061035156,1505,0.0,0.0
2024-07-18 14:28:00-04:00,41.470001220703125,41.470001220703125,41.439998626708984,41.459999084472656,2701,0.0,0.0
2024-07-18 14:29:00-04:00,41.459999084472656,41.470001220703125,41.45000076293945,41.459999084472656,1221,0.0,0.0
2024-07-18 14:30:00-04:00,41.45000076293945,41.459999084472656,41.45000076293945,41.459999084472656,750,0.0,0.0
2024-07-18 14:31:00-04:00,41.45000076293945,41.47999954223633,41.45000076293945,41.47999954223633,931,0.0,0.0
2024-07-18 14:32:00-04:00,41.470001220703125,41.47999954223633,41.470001220703125,41.47999954223633,596,0.0,0.0
2024-07-18 14:33:00-04:00,41.4900016784668,41.505001068115234,41.439998626708984,41.44499969482422,43187,0.0,0.0
2024-07-18 14:34:00-04:00,41.44499969482422,41.44499969482422,41.44499969482422,41.44499969482422,382,0.0,0.0
2024-07-18 14:35:00-04:00,41.44499969482422,41.44499969482422,41.44499969482422,41.44499969482422,144,0.0,0.0
2024-07-18 14:36:00-04:00,41.439998626708984,41.439998626708984,41.43000030517578,41.43000030517578,476,0.0,0.0
2024-07-18 14:37:00-04:00,41.448001861572266,41.448001861572266,41.448001861572266,41.448001861572266,155,0.0,0.0
2024-07-18 14:38:00-04:00,41.439998626708984,41.439998626708984,41.39500045776367,41.40999984741211,5077,0.0,0.0
2024-07-18 14:39:00-04:00,41.41999816894531,41.41999816894531,41.38999938964844,41.400001525878906,1283,0.0,0.0
2024-07-18 14:41:00-04:00,41.3849983215332,41.38999938964844,41.380001068115234,41.38999938964844,1175,0.0,0.0
2024-07-18 14:42:00-04:00,41.38999938964844,41.38999938964844,41.38999938964844,41.38999938964844,434,0.0,0.0
2024-07-18 14:43:00-04:00,41.38999938964844,41.38999938964844,41.369998931884766,41.380001068115234,1801,0.0,0.0
2024-07-18 14:44:00-04:00,41.369998931884766,41.369998931884766,41.369998931884766,41.369998931884766,649,0.0,0.0
2024-07-18 14:45:00-04:00,41.36000061035156,41.380001068115234,41.36000061035156,41.380001068115234,424,0.0,0.0
2024-07-18 14:46:00-04:00,41.380001068115234,41.38999938964844,41.380001068115234,41.38999938964844,1630,0.0,0.0
2024-07-18 14:47:00-04:00,41.38999938964844,41.38999938964844,41.38999938964844,41.38999938964844,1394,0.0,0.0
2024-07-18 14:49:00-04:00,41.36000061035156,41.36000061035156,41.31999969482422,41.31999969482422,1620,0.0,0.0
2024-07-18 14:50:00-04:00,41.334999084472656,41.334999084472656,41.31999969482422,41.31999969482422,3143,0.0,0.0
2024-07-18 14:52:00-04:00,41.31999969482422,41.31999969482422,41.310001373291016,41.310001373291016,3696,0.0,0.0
2024-07-18 14:53:00-04:00,41.31999969482422,41.34000015258789,41.31999969482422,41.34000015258789,1503,0.0,0.0
2024-07-18 14:54:00-04:00,41.34000015258789,41.349998474121094,41.34000015258789,41.34000015258789,1276,0.0,0.0
2024-07-18 14:55:00-04:00,41.345001220703125,41.349998474121094,41.34000015258789,41.349998474121094,2076,0.0,0.0
2024-07-18 14:56:00-04:00,41.369998931884766,41.380001068115234,41.369998931884766,41.369998931884766,2337,0.0,0.0
2024-07-18 14:59:00-04:00,41.369998931884766,41.400001525878906,41.369998931884766,41.400001525878906,3411,0.0,0.0
2024-07-18 15:00:00-04:00,41.38999938964844,41.41999816894531,41.380001068115234,41.40999984741211,3404,0.0,0.0
2024-07-18 15:01:00-04:00,41.45000076293945,41.45000076293945,41.415000915527344,41.415000915527344,2074,0.0,0.0
2024-07-18 15:02:00-04:00,41.40999984741211,41.415000915527344,41.39500045776367,41.397499084472656,2375,0.0,0.0
2024-07-18 15:03:00-04:00,41.38999938964844,41.38999938964844,41.369998931884766,41.369998931884766,3674,0.0,0.0
2024-07-18 15:04:00-04:00,41.369998931884766,41.369998931884766,41.36000061035156,41.36000061035156,798,0.0,0.0
2024-07-18 15:05:00-04:00,41.369998931884766,41.369998931884766,41.36000061035156,41.369998931884766,558,0.0,0.0
2024-07-18 15:06:00-04:00,41.369998931884766,41.369998931884766,41.36000061035156,41.369998931884766,1239,0.0,0.0
2024-07-18 15:07:00-04:00,41.36000061035156,41.369998931884766,41.349998474121094,41.349998474121094,2056,0.0,0.0
2024-07-18 15:08:00-04:00,41.345001220703125,41.345001220703125,41.34000015258789,41.34000015258789,388,0.0,0.0
2024-07-18 15:09:00-04:00,41.34000015258789,41.349998474121094,41.334999084472656,41.34000015258789,4635,0.0,0.0
2024-07-18 15:10:00-04:00,41.36000061035156,41.36000061035156,41.334999084472656,41.34000015258789,2095,0.0,0.0
2024-07-18 15:11:00-04:00,41.34000015258789,41.345001220703125,41.31999969482422,41.31999969482422,1744,0.0,0.0
2024-07-18 15:12:00-04:00,41.31999969482422,41.31999969482422,41.27000045776367,41.27000045776367,2158,0.0,0.0
2024-07-18 15:13:00-04:00,41.255001068115234,41.29999923706055,41.255001068115234,41.29999923706055,3461,0.0,0.0
2024-07-18 15:14:00-04:00,41.290000915527344,41.31999969482422,41.28499984741211,41.31999969482422,1157,0.0,0.0
2024-07-18 15:15:00-04:00,41.33000183105469,41.377601623535156,41.310001373291016,41.377601623535156,4412,0.0,0.0
2024-07-18 15:17:00-04:00,41.38999938964844,41.400001525878906,41.38999938964844,41.400001525878906,583,0.0,0.0
2024-07-18 15:18:00-04:00,41.39500045776367,41.39500045776367,41.39500045776367,41.39500045776367,556,0.0,0.0
2024-07-18 15:19:00-04:00,41.38999938964844,41.39500045776367,41.38999938964844,41.39500045776367,2335,0.0,0.0
2024-07-18 15:20:00-04:00,41.38999938964844,41.38999938964844,41.38999938964844,41.38999938964844,866,0.0,0.0
2024-07-18 15:21:00-04:00,41.38999938964844,41.38999938964844,41.36000061035156,41.369998931884766,2704,0.0,0.0
2024-07-18 15:22:00-04:00,41.369998931884766,41.380001068115234,41.369998931884766,41.380001068115234,658,0.0,0.0
2024-07-18 15:23:00-04:00,41.37900161743164,41.37900161743164,41.369998931884766,41.369998931884766,360,0.0,0.0
2024-07-18 15:24:00-04:00,41.375,41.37990188598633,41.369998931884766,41.369998931884766,2198,0.0,0.0
2024-07-18 15:25:00-04:00,41.36000061035156,41.369998931884766,41.36000061035156,41.36000061035156,1702,0.0,0.0
2024-07-18 15:26:00-04:00,41.36000061035156,41.38999938964844,41.36000061035156,41.38999938964844,1912,0.0,0.0
2024-07-18 15:27:00-04:00,41.400001525878906,41.40999984741211,41.400001525878906,41.40999984741211,920,0.0,0.0
2024-07-18 15:28:00-04:00,41.43000030517578,41.459999084472656,41.43000030517578,41.459999084472656,1459,0.0,0.0
2024-07-18 15:29:00-04:00,41.459999084472656,41.459999084472656,41.459999084472656,41.459999084472656,2774,0.0,0.0
2024-07-18 15:30:00-04:00,41.45000076293945,41.4900016784668,41.439998626708984,41.470001220703125,3918,0.0,0.0
2024-07-18 15:31:00-04:00,41.459999084472656,41.459999084472656,41.45000076293945,41.45000076293945,1999,0.0,0.0
2024-07-18 15:32:00-04:00,41.439998626708984,41.439998626708984,41.439998626708984,41.439998626708984,822,0.0,0.0
2024-07-18 15:33:00-04:00,41.43000030517578,41.45000076293945,41.43000030517578,41.45000076293945,2651,0.0,0.0
2024-07-18 15:34:00-04:00,41.459999084472656,41.459999084472656,41.459999084472656,41.459999084472656,247,0.0,0.0
2024-07-18 15:35:00-04:00,41.45000076293945,41.45000076293945,41.439998626708984,41.439998626708984,1187,0.0,0.0
2024-07-18 15:36:00-04:00,41.439998626708984,41.470001220703125,41.439998626708984,41.470001220703125,4458,0.0,0.0
2024-07-18 15:37:00-04:00,41.47999954223633,41.4900016784668,41.47999954223633,41.4900016784668,518,0.0,0.0
2024-07-18 15:38:00-04:00,41.5,41.52000045776367,41.5,41.52000045776367,3632,0.0,0.0
2024-07-18 15:39:00-04:00,41.529998779296875,41.54999923706055,41.51900100708008,41.529998779296875,4628,0.0,0.0
2024-07-18 15:40:00-04:00,41.540000915527344,41.540000915527344,41.529998779296875,41.529998779296875,392,0.0,0.0
2024-07-18 15:41:00-04:00,41.529998779296875,41.540000915527344,41.5,41.5,4340,0.0,0.0
2024-07-18 15:42:00-04:00,41.5,41.52000045776367,41.5,41.5,2334,0.0,0.0
2024-07-18 15:43:00-04:00,41.5,41.5,41.5,41.5,591,0.0,0.0
2024-07-18 15:44:00-04:00,41.5,41.5,41.4900016784668,41.4900016784668,2965,0.0,0.0
2024-07-18 15:45:00-04:00,41.4900016784668,41.4900016784668,41.45000076293945,41.46500015258789,6076,0.0,0.0
2024-07-18 15:46:00-04:00,41.439998626708984,41.44499969482422,41.439998626708984,41.44499969482422,1147,0.0,0.0
2024-07-18 15:47:00-04:00,41.44499969482422,41.45500183105469,41.439998626708984,41.45500183105469,2608,0.0,0.0
2024-07-18 15:48:00-04:00,41.45000076293945,41.474998474121094,41.439998626708984,41.470001220703125,4277,0.0,0.0
2024-07-18 15:49:00-04:00,41.47999954223633,41.5,41.474998474121094,41.474998474121094,7221,0.0,0.0
2024-07-18 15:50:00-04:00,41.47999954223633,41.564998626708984,41.47999954223633,41.560001373291016,14641,0.0,0.0
2024-07-18 15:51:00-04:00,41.56999969482422,41.56999969482422,41.51499938964844,41.55500030517578,10542,0.0,0.0
2024-07-18 15:52:00-04:00,41.55500030517578,41.57500076293945,41.55500030517578,41.56999969482422,2847,0.0,0.0
2024-07-18 15:53:00-04:00,41.599998474121094,41.61000061035156,41.59000015258789,41.599998474121094,13176,0.0,0.0
2024-07-18 15:54:00-04:00,41.60499954223633,41.60499954223633,41.560001373291016,41.564998626708984,10953,0.0,0.0
2024-07-18 15:55:00-04:00,41.56999969482422,41.650001525878906,41.560001373291016,41.64500045776367,12841,0.0,0.0
2024-07-18 15:56:00-04:00,41.64500045776367,41.66999816894531,41.64500045776367,41.64500045776367,13603,0.0,0.0
2024-07-18 15:57:00-04:00,41.64500045776367,41.650001525878906,41.60499954223633,41.61000061035156,13334,0.0,0.0
2024-07-18 15:58:00-04:00,41.6150016784668,41.63999938964844,41.61000061035156,41.6349983215332,16775,0.0,0.0
2024-07-18 15:59:00-04:00,41.63999938964844,41.66999816894531,41.625,41.650001525878906,57882,0.0,0.0
2024-07-19 09:30:00-04:00,41.40999984741211,41.40999984741211,41.31999969482422,41.35649871826172,32608,0.0,0.0
2024-07-19 09:31:00-04:00,41.459999084472656,41.459999084472656,41.25,41.28499984741211,1349,0.0,0.0
2024-07-19 09:32:00-04:00,41.18000030517578,41.18000030517578,41.18000030517578,41.18000030517578,264,0.0,0.0
2024-07-19 09:33:00-04:00,41.17499923706055,41.17499923706055,41.17499923706055,41.17499923706055,283,0.0,0.0
2024-07-19 09:35:00-04:00,41.154998779296875,41.165000915527344,41.154998779296875,41.165000915527344,532,0.0,0.0
2024-07-19 09:36:00-04:00,41.17499923706055,41.2599983215332,41.17499923706055,41.25,1006,0.0,0.0
2024-07-19 09:37:00-04:00,41.22999954223633,41.310001373291016,41.22999954223633,41.27000045776367,1159,0.0,0.0
2024-07-19 09:38:00-04:00,41.220001220703125,41.220001220703125,41.209999084472656,41.21500015258789,1192,0.0,0.0
2024-07-19 09:39:00-04:00,41.18000030517578,41.18000030517578,41.15999984741211,41.15999984741211,520,0.0,0.0
2024-07-19 09:40:00-04:00,41.13999938964844,41.13999938964844,41.13999938964844,41.13999938964844,423,0.0,0.0
2024-07-19 09:41:00-04:00,41.16999816894531,41.22999954223633,41.16999816894531,41.22999954223633,598,0.0,0.0
2024-07-19 09:42:00-04:00,41.2599983215332,41.2599983215332,41.25,41.25,828,0.0,0.0
2024-07-19 09:43:00-04:00,41.279998779296875,41.279998779296875,41.279998779296875,41.279998779296875,283,0.0,0.0
2024-07-19 09:44:00-04:00,41.290000915527344,41.290000915527344,41.2400016784668,41.25,1638,0.0,0.0
2024-07-19 09:45:00-04:00,41.22999954223633,41.309898376464844,41.209999084472656,41.309898376464844,1597,0.0,0.0
2024-07-19 09:47:00-04:00,41.2599983215332,41.279998779296875,41.2599983215332,41.279998779296875,781,0.0,0.0
2024-07-19 09:49:00-04:00,41.2599983215332,41.2599983215332,41.2599983215332,41.2599983215332,579,0.0,0.0
2024-07-19 09:52:00-04:00,41.33000183105469,41.33000183105469,41.29999923706055,41.29999923706055,826,0.0,0.0
2024-07-19 09:53:00-04:00,41.30500030517578,41.31639862060547,41.27000045776367,41.275001525878906,1021,0.0,0.0
2024-07-19 09:54:00-04:00,41.29999923706055,41.334999084472656,41.29999923706055,41.334999084472656,644,0.0,0.0
2024-07-19 09:55:00-04:00,41.36000061035156,41.36000061035156,41.33000183105469,41.33000183105469,1264,0.0,0.0
2024-07-19 09:56:00-04:00,41.380001068115234,41.40999984741211,41.369998931884766,41.38999938964844,1768,0.0,0.0
2024-07-19 09:57:00-04:00,41.4900016784668,41.4900016784668,41.474998474121094,41.474998474121094,310,0.0,0.0
2024-07-19 09:58:00-04:00,41.5099983215332,41.52000045776367,41.5099983215332,41.52000045776367,1279,0.0,0.0
2024-07-19 09:59:00-04:00,41.52000045776367,41.540000915527344,41.5,41.540000915527344,2330,0.0,0.0
2024-07-19 10:00:00-04:00,41.58000183105469,41.59000015258789,41.560001373291016,41.59000015258789,1534,0.0,0.0
2024-07-19 10:01:00-04:00,41.58000183105469,41.58000183105469,41.540000915527344,41.540000915527344,1331,0.0,0.0
2024-07-19 10:03:00-04:00,41.66999816894531,41.689998626708984,41.650001525878906,41.65999984741211,1079,0.0,0.0
2024-07-19 10:04:00-04:00,41.70000076293945,41.70000076293945,41.70000076293945,41.70000076293945,187,0.0,0.0
2024-07-19 10:05:00-04:00,41.650001525878906,41.650001525878906,41.6349983215332,41.6349983215332,768,0.0,0.0
2024-07-19 10:06:00-04:00,41.619998931884766,41.619998931884766,41.59000015258789,41.595001220703125,1618,0.0,0.0
2024-07-19 10:07:00-04:00,41.540000915527344,41.595001220703125,41.540000915527344,41.595001220703125,5325,0.0,0.0
2024-07-19 10:08:00-04:00,41.61000061035156,41.63999938964844,41.61000061035156,41.630001068115234,2105,0.0,0.0
2024-07-19 10:09:00-04:00,41.6349983215332,41.654998779296875,41.6349983215332,41.650001525878906,881,0.0,0.0
2024-07-19 10:10:00-04:00,41.65999984741211,41.65999984741211,41.63999938964844,41.63999938964844,215,0.0,0.0
2024-07-19 10:11:00-04:00,41.63999938964844,41.63999938964844,41.6349983215332,41.6349983215332,428,0.0,0.0
2024-07-19 10:12:00-04:00,41.65999984741211,41.66999816894531,41.65999984741211,41.65999984741211,821,0.0,0.0
2024-07-19 10:13:00-04:00,41.63999938964844,41.64500045776367,41.63999938964844,41.64500045776367,211,0.0,0.0
2024-07-19 10:14:00-04:00,41.619998931884766,41.619998931884766,41.54999923706055,41.54999923706055,1532,0.0,0.0
2024-07-19 10:15:00-04:00,41.560001373291016,41.560001373291016,41.54999923706055,41.54999923706055,994,0.0,0.0
2024-07-19 10:16:00-04:00,41.54999923706055,41.56999969482422,41.537498474121094,41.55500030517578,6395,0.0,0.0
2024-07-19 10:17:00-04:00,41.540000915527344,41.560001373291016,41.529998779296875,41.540000915527344,14682,0.0,0.0
2024-07-19 10:18:00-04:00,41.560001373291016,41.58000183105469,41.5099983215332,41.5099983215332,10143,0.0,0.0
2024-07-19 10:19:00-04:00,41.5,41.5099983215332,41.459999084472656,41.459999084472656,840,0.0,0.0
2024-07-19 10:20:00-04:00,41.529998779296875,41.529998779296875,41.52000045776367,41.52000045776367,930,0.0,0.0
2024-07-19 10:21:00-04:00,41.459999084472656,41.5,41.45500183105469,41.45500183105469,956,0.0,0.0
2024-07-19 10:22:00-04:00,41.459999084472656,41.459999084472656,41.459999084472656,41.459999084472656,306,0.0,0.0
2024-07-19 10:23:00-04:00,41.459999084472656,41.459999084472656,41.45000076293945,41.459999084472656,1580,0.0,0.0
2024-07-19 10:24:00-04:00,41.470001220703125,41.470001220703125,41.470001220703125,41.470001220703125,355,0.0,0.0
2024-07-19 10:25:00-04:00,41.470001220703125,41.47959899902344,41.45000076293945,41.47959899902344,2466,0.0,0.0
2024-07-19 10:26:00-04:00,41.459999084472656,41.470001220703125,41.45000076293945,41.45000076293945,1357,0.0,0.0
2024-07-19 10:27:00-04:00,41.459999084472656,41.459999084472656,41.45000076293945,41.459999084472656,1579,0.0,0.0
2024-07-19 10:28:00-04:00,41.45000076293945,41.45000076293945,41.40999984741211,41.439998626708984,1793,0.0,0.0
2024-07-19 10:29:00-04:00,41.46500015258789,41.46500015258789,41.44499969482422,41.459999084472656,1502,0.0,0.0
2024-07-19 10:30:00-04:00,41.4900016784668,41.4900016784668,41.47999954223633,41.47999954223633,1131,0.0,0.0
2024-07-19 10:31:00-04:00,41.459999084472656,41.459999084472656,41.459999084472656,41.459999084472656,777,0.0,0.0
2024-07-19 10:32:00-04:00,41.43000030517578,41.439998626708984,41.43000030517578,41.439998626708984,1266,0.0,0.0
2024-07-19 10:33:00-04:00,41.45000076293945,41.459999084472656,41.44860076904297,41.459999084472656,4116,0.0,0.0
2024-07-19 10:34:00-04:00,41.5,41.51499938964844,41.5,41.5,1383,0.0,0.0
2024-07-19 10:35:00-04:00,41.5,41.5,41.5,41.5,505,0.0,0.0
2024-07-19 10:36:00-04:00,41.52000045776367,41.52000045776367,41.5,41.5,596,0.0,0.0
2024-07-19 10:37:00-04:00,41.58000183105469,41.584999084472656,41.58000183105469,41.584999084472656,732,0.0,0.0
2024-07-19 10:39:00-04:00,41.55500030517578,41.55500030517578,41.529998779296875,41.529998779296875,384,0.0,0.0
2024-07-19 10:40:00-04:00,41.525001525878906,41.525001525878906,41.525001525878906,41.525001525878906,216,0.0,0.0
2024-07-19 10:41:00-04:00,41.52000045776367,41.52000045776367,41.52000045776367,41.52000045776367,344,0.0,0.0
2024-07-19 10:42:00-04:00,41.46500015258789,41.4900016784668,41.46500015258789,41.48500061035156,1265,0.0,0.0
2024-07-19 10:44:00-04:00,41.54999923706055,41.54999923706055,41.54999923706055,41.54999923706055,246,0.0,0.0
2024-07-19 10:45:00-04:00,41.540000915527344,41.56999969482422,41.540000915527344,41.56999969482422,652,0.0,0.0
2024-07-19 10:46:00-04:00,41.560001373291016,41.560001373291016,41.5099983215332,41.5099983215332,1469,0.0,0.0
2024-07-19 10:47:00-04:00,41.470001220703125,41.470001220703125,41.470001220703125,41.470001220703125,232,0.0,0.0
2024-07-19 10:48:00-04:00,41.4900016784668,41.5,41.4900016784668,41.5,374,0.0,0.0
2024-07-19 10:49:00-04:00,41.4900016784668,41.4900016784668,41.4900016784668,41.4900016784668,177,0.0,0.0
2024-07-19 10:50:00-04:00,41.4900016784668,41.4900016784668,41.369998931884766,41.380001068115234,2717,0.0,0.0
2024-07-19 10:51:00-04:00,41.400001525878906,41.40999984741211,41.310001373291016,41.33000183105469,2827,0.0,0.0
2024-07-19 10:52:00-04:00,41.31999969482422,41.369998931884766,41.31999969482422,41.36000061035156,1150,0.0,0.0
2024-07-19 10:53:00-04:00,41.369998931884766,41.369998931884766,41.369998931884766,41.369998931884766,654,0.0,0.0
2024-07-19 10:55:00-04:00,41.380001068115234,41.38249969482422,41.29999923706055,41.29999923706055,2045,0.0,0.0
2024-07-19 10:56:00-04:00,41.290000915527344,41.34000015258789,41.290000915527344,41.34000015258789,851,0.0,0.0
2024-07-19 10:57:00-04:00,41.36000061035156,41.380001068115234,41.36000061035156,41.380001068115234,546,0.0,0.0
2024-07-19 10:58:00-04:00,41.400001525878906,41.43000030517578,41.400001525878906,41.41999816894531,1761,0.0,0.0
2024-07-19 10:59:00-04:00,41.40999984741211,41.40999984741211,41.40999984741211,41.40999984741211,678,0.0,0.0
2024-07-19 11:00:00-04:00,41.43000030517578,41.43000030517578,41.43000030517578,41.43000030517578,282,0.0,0.0
2024-07-19 11:01:00-04:00,41.459999084472656,41.47999954223633,41.459999084472656,41.470001220703125,1372,0.0,0.0
2024-07-19 11:02:00-04:00,41.5,41.5,41.459999084472656,41.459999084472656,1206,0.0,0.0
2024-07-19 11:03:00-04:00,41.439998626708984,41.439998626708984,41.43000030517578,41.43000030517578,565,0.0,0.0
2024-07-19 11:04:00-04:00,41.415000915527344,41.415000915527344,41.415000915527344,41.415000915527344,205,0.0,0.0
2024-07-19 11:05:00-04:00,41.43000030517578,41.439998626708984,41.43000030517578,41.439998626708984,292,0.0,0.0
2024-07-19 11:07:00-04:00,41.45000076293945,41.45000076293945,41.40999984741211,41.40999984741211,670,0.0,0.0
2024-07-19 11:09:00-04:00,41.38999938964844,41.41999816894531,41.380001068115234,41.41999816894531,1093,0.0,0.0
2024-07-19 11:10:00-04:00,41.43000030517578,41.4900016784668,41.43000030517578,41.4900016784668,892,0.0,0.0
2024-07-19 11:11:00-04:00,41.4900016784668,41.4900016784668,41.474998474121094,41.474998474121094,893,0.0,0.0
2024-07-19 11:12:00-04:00,41.470001220703125,41.470001220703125,41.41999816894531,41.41999816894531,874,0.0,0.0
2024-07-19 11:14:00-04:00,41.400001525878906,41.404998779296875,41.38999938964844,41.38999938964844,855,0.0,0.0
2024-07-19 11:15:00-04:00,41.35499954223633,41.35499954223633,41.35499954223633,41.35499954223633,159,0.0,0.0
2024-07-19 11:16:00-04:00,41.38999938964844,41.38999938964844,41.38999938964844,41.38999938964844,391,0.0,0.0
2024-07-19 11:17:00-04:00,41.40999984741211,41.43000030517578,41.40999984741211,41.42499923706055,1672,0.0,0.0
2024-07-19 11:18:00-04:00,41.42499923706055,41.42499923706055,41.42499923706055,41.42499923706055,509,0.0,0.0
2024-07-19 11:19:00-04:00,41.439998626708984,41.439998626708984,41.439998626708984,41.439998626708984,1013,0.0,0.0
2024-07-19 11:20:00-04:00,41.43000030517578,41.45000076293945,41.415000915527344,41.45000076293945,2662,0.0,0.0
2024-07-19 11:21:00-04:00,41.439998626708984,41.439998626708984,41.439998626708984,41.439998626708984,252,0.0,0.0
2024-07-19 11:22:00-04:00,41.439998626708984,41.439998626708984,41.41999816894531,41.41999816894531,990,0.0,0.0
2024-07-19 11:23:00-04:00,41.415000915527344,41.41999816894531,41.36000061035156,41.36000061035156,1781,0.0,0.0
2024-07-19 11:24:00-04:00,41.369998931884766,41.369998931884766,41.29999923706055,41.29999923706055,1451,0.0,0.0
2024-07-19 11:25:00-04:00,41.310001373291016,41.310001373291016,41.290000915527344,41.290000915527344,543,0.0,0.0
2024-07-19 11:26:00-04:00,41.290000915527344,41.290000915527344,41.220001220703125,41.22999954223633,2425,0.0,0.0
2024-07-19 11:27:00-04:00,41.224998474121094,41.224998474121094,41.220001220703125,41.220001220703125,236,0.0,0.0
2024-07-19 11:28:00-04:00,41.209999084472656,41.209999084472656,41.189998626708984,41.209999084472656,1332,0.0,0.0
2024-07-19 11:29:00-04:00,41.189998626708984,41.189998626708984,41.150001525878906,41.15999984741211,2361,0.0,0.0
2024-07-19 11:30:00-04:00,41.16999816894531,41.20000076293945,41.16999816894531,41.18000030517578,3813,0.0,0.0
2024-07-19 11:31:00-04:00,41.16999816894531,41.189998626708984,41.15999984741211,41.189998626708984,842,0.0,0.0
2024-07-19 11:32:00-04:00,41.189998626708984,41.2400016784668,41.189998626708984,41.22999954223633,1367,0.0,0.0
2024-07-19 11:33:00-04:00,41.27000045776367,41.279998779296875,41.27000045776367,41.279998779296875,673,0.0,0.0
2024-07-19 11:34:00-04:00,41.290000915527344,41.290000915527344,41.290000915527344,41.290000915527344,1393,0.0,0.0
2024-07-19 11:35:00-04:00,41.29999923706055,41.29999923706055,41.25,41.25,1801,0.0,0.0
2024-07-19 11:36:00-04:00,41.25,41.25,41.25,41.25,226,0.0,0.0
2024-07-19 11:37:00-04:00,41.2400016784668,41.25,41.2400016784668,41.25,563,0.0,0.0
2024-07-19 11:38:00-04:00,41.2400016784668,41.2400016784668,41.2400016784668,41.2400016784668,102,0.0,0.0
2024-07-19 11:39:00-04:00,41.25,41.25,41.25,41.25,1156,0.0,0.0
2024-07-19 11:40:00-04:00,41.244998931884766,41.279998779296875,41.244998931884766,41.279998779296875,821,0.0,0.0
2024-07-19 11:41:00-04:00,41.27000045776367,41.279998779296875,41.27000045776367,41.279998779296875,371,0.0,0.0
2024-07-19 11:42:00-04:00,41.275001525878906,41.275001525878906,41.25,41.25,1159,0.0,0.0
2024-07-19 11:43:00-04:00,41.2400016784668,41.2400016784668,41.22999954223633,41.22999954223633,713,0.0,0.0
2024-07-19 11:44:00-04:00,41.2400016784668,41.2400016784668,41.220001220703125,41.220001220703125,474,0.0,0.0
2024-07-19 11:45:00-04:00,41.220001220703125,41.220001220703125,41.209999084472656,41.209999084472656,786,0.0,0.0
2024-07-19 11:46:00-04:00,41.22999954223633,41.22999954223633,41.220001220703125,41.220001220703125,1060,0.0,0.0
2024-07-19 11:47:00-04:00,41.220001220703125,41.220001220703125,41.220001220703125,41.220001220703125,796,0.0,0.0
2024-07-19 11:48:00-04:00,41.2400016784668,41.2400016784668,41.2400016784668,41.2400016784668,701,0.0,0.0
2024-07-19 11:49:00-04:00,41.2599983215332,41.27000045776367,41.2400016784668,41.2400016784668,2020,0.0,0.0
2024-07-19 11:50:00-04:00,41.25,41.2599983215332,41.25,41.2599983215332,562,0.0,0.0
2024-07-19 11:51:00-04:00,41.290000915527344,41.290000915527344,41.2599983215332,41.27000045776367,1067,0.0,0.0
2024-07-19 11:52:00-04:00,41.2599983215332,41.2599983215332,41.2400016784668,41.2400016784668,1452,0.0,0.0
2024-07-19 11:53:00-04:00,41.23500061035156,41.23500061035156,41.16999816894531,41.16999816894531,1510,0.0,0.0
2024-07-19 11:54:00-04:00,41.20000076293945,41.20000076293945,41.189998626708984,41.19499969482422,1029,0.0,0.0
2024-07-19 11:55:00-04:00,41.209999084472656,41.209999084472656,41.209999084472656,41.209999084472656,628,0.0,0.0
2024-07-19 11:56:00-04:00,41.22999954223633,41.22999954223633,41.22999954223633,41.22999954223633,577,0.0,0.0
2024-07-19 11:57:00-04:00,41.2400016784668,41.2599983215332,41.2400016784668,41.2599983215332,780,0.0,0.0
2024-07-19 11:58:00-04:00,41.290000915527344,41.29999923706055,41.290000915527344,41.29999923706055,740,0.0,0.0
2024-07-19 12:00:00-04:00,41.31999969482422,41.31999969482422,41.31999969482422,41.31999969482422,600,0.0,0.0
2024-07-19 12:01:00-04:00,41.310001373291016,41.35499954223633,41.310001373291016,41.35499954223633,697,0.0,0.0
2024-07-19 12:02:00-04:00,41.34000015258789,41.34000015258789,41.34000015258789,41.34000015258789,314,0.0,0.0
2024-07-19 12:03:00-04:00,41.33000183105469,41.33000183105469,41.33000183105469,41.33000183105469,703,0.0,0.0
2024-07-19 12:05:00-04:00,41.34000015258789,41.34000015258789,41.31999969482422,41.31999969482422,923,0.0,0.0
2024-07-19 12:06:00-04:00,41.310001373291016,41.310001373291016,41.310001373291016,41.310001373291016,247,0.0,0.0
2024-07-19 12:07:00-04:00,41.302101135253906,41.33000183105469,41.302101135253906,41.33000183105469,728,0.0,0.0
2024-07-19 12:08:00-04:00,41.34000015258789,41.349998474121094,41.34000015258789,41.349998474121094,990,0.0,0.0
2024-07-19 12:09:00-04:00,41.369998931884766,41.38999938964844,41.36000061035156,41.36000061035156,2266,0.0,0.0
2024-07-19 12:10:00-04:00,41.38999938964844,41.38999938964844,41.38999938964844,41.38999938964844,267,0.0,0.0
2024-07-19 12:11:00-04:00,41.43000030517578,41.43000030517578,41.41999816894531,41.41999816894531,371,0.0,0.0
2024-07-19 12:12:00-04:00,41.41999816894531,41.43000030517578,41.41999816894531,41.43000030517578,527,0.0,0.0
2024-07-19 12:13:00-04:00,41.40999984741211,41.40999984741211,41.40999984741211,41.40999984741211,1637,0.0,0.0
2024-07-19 12:14:00-04:00,41.38999938964844,41.38999938964844,41.38999938964844,41.38999938964844,563,0.0,0.0
2024-07-19 12:15:00-04:00,41.40999984741211,41.439998626708984,41.40999984741211,41.439998626708984,1679,0.0,0.0
2024-07-19 12:16:00-04:00,41.43000030517578,41.43000030517578,41.43000030517578,41.43000030517578,912,0.0,0.0
2024-07-19 12:17:00-04:00,41.45000076293945,41.45500183105469,41.45000076293945,41.45500183105469,957,0.0,0.0
2024-07-19 12:18:00-04:00,41.45000076293945,41.45000076293945,41.439998626708984,41.439998626708984,327,0.0,0.0
2024-07-19 12:19:00-04:00,41.43000030517578,41.43000030517578,41.43000030517578,41.43000030517578,242,0.0,0.0
2024-07-19 12:20:00-04:00,41.41999816894531,41.41999816894531,41.38999938964844,41.38999938964844,837,0.0,0.0
2024-07-19 12:21:00-04:00,41.369998931884766,41.369998931884766,41.369998931884766,41.369998931884766,330,0.0,0.0
2024-07-19 12:22:00-04:00,41.349998474121094,41.349998474121094,41.34000015258789,41.34000015258789,363,0.0,0.0
2024-07-19 12:23:00-04:00,41.31999969482422,41.31999969482422,41.29999923706055,41.29999923706055,998,0.0,0.0
2024-07-19 12:24:00-04:00,41.290000915527344,41.290000915527344,41.279998779296875,41.279998779296875,234,0.0,0.0
2024-07-19 12:25:00-04:00,41.2599983215332,41.2599983215332,41.22999954223633,41.22999954223633,439,0.0,0.0
2024-07-19 12:26:00-04:00,41.220001220703125,41.220001220703125,41.220001220703125,41.220001220703125,692,0.0,0.0
2024-07-19 12:28:00-04:00,41.20000076293945,41.20000076293945,41.189998626708984,41.189998626708984,894,0.0,0.0
2024-07-19 12:30:00-04:00,41.20000076293945,41.20000076293945,41.189998626708984,41.189998626708984,834,0.0,0.0
2024-07-19 12:31:00-04:00,41.189998626708984,41.20000076293945,41.18000030517578,41.18000030517578,843,0.0,0.0
2024-07-19 12:32:00-04:00,41.18000030517578,41.220001220703125,41.15999984741211,41.220001220703125,2635,0.0,0.0
2024-07-19 12:34:00-04:00,41.209999084472656,41.209999084472656,41.189998626708984,41.20000076293945,465,0.0,0.0
2024-07-19 12:35:00-04:00,41.189998626708984,41.21390151977539,41.189998626708984,41.209999084472656,1884,0.0,0.0
2024-07-19 12:36:00-04:00,41.220001220703125,41.2599983215332,41.220001220703125,41.25,1207,0.0,0.0
2024-07-19 12:37:00-04:00,41.2400016784668,41.2400016784668,41.2400016784668,41.2400016784668,291,0.0,0.0
2024-07-19 12:38:00-04:00,41.22999954223633,41.22999954223633,41.220001220703125,41.220001220703125,967,0.0,0.0
2024-07-19 12:39:00-04:00,41.20000076293945,41.20000076293945,41.20000076293945,41.20000076293945,348,0.0,0.0
2024-07-19 12:40:00-04:00,41.209999084472656,41.2400016784668,41.209999084472656,41.2400016784668,1106,0.0,0.0
2024-07-19 12:41:00-04:00,41.23500061035156,41.25,41.23500061035156,41.25,288,0.0,0.0
2024-07-19 12:42:00-04:00,41.25,41.25,41.22999954223633,41.22999954223633,558,0.0,0.0
2024-07-19 12:43:00-04:00,41.220001220703125,41.220001220703125,41.18000030517578,41.19499969482422,3358,0.0,0.0
2024-07-19 12:44:00-04:00,41.20000076293945,41.20000076293945,41.20000076293945,41.20000076293945,332,0.0,0.0
2024-07-19 12:45:00-04:00,41.18000030517578,41.18000030517578,41.18000030517578,41.18000030517578,223,0.0,0.0
2024-07-19 12:46:00-04:00,41.18000030517578,41.18000030517578,41.18000030517578,41.18000030517578,311,0.0,0.0
2024-07-19 12:47:00-04:00,41.18000030517578,41.189998626708984,41.18000030517578,41.189998626708984,546,0.0,0.0
2024-07-19 12:48:00-04:00,41.18000030517578,41.189998626708984,41.16999816894531,41.189998626708984,3106,0.0,0.0
2024-07-19 12:49:00-04:00,41.20000076293945,41.20000076293945,41.18000030517578,41.18000030517578,306,0.0,0.0
2024-07-19 12:50:00-04:00,41.18000030517578,41.18000030517578,41.15999984741211,41.17499923706055,1379,0.0,0.0
2024-07-19 12:52:00-04:00,41.17499923706055,41.17499923706055,41.119998931884766,41.13999938964844,1602,0.0,0.0
2024-07-19 12:53:00-04:00,41.150001525878906,41.150001525878906,41.14500045776367,41.150001525878906,756,0.0,0.0
2024-07-19 12:54:00-04:00,41.150001525878906,41.15999984741211,41.150001525878906,41.15999984741211,1072,0.0,0.0
2024-07-19 12:55:00-04:00,41.15999984741211,41.185001373291016,41.15999984741211,41.185001373291016,1423,0.0,0.0
2024-07-19 12:56:00-04:00,41.189998626708984,41.189998626708984,41.189998626708984,41.189998626708984,895,0.0,0.0
2024-07-19 12:57:00-04:00,41.209999084472656,41.209999084472656,41.20000076293945,41.20000076293945,601,0.0,0.0
2024-07-19 12:58:00-04:00,41.209999084472656,41.245201110839844,41.209999084472656,41.245201110839844,2588,0.0,0.0
2024-07-19 12:59:00-04:00,41.22999954223633,41.22999954223633,41.220001220703125,41.22999954223633,2601,0.0,0.0
2024-07-19 13:00:00-04:00,41.2400016784668,41.2400016784668,41.2400016784668,41.2400016784668,1037,0.0,0.0
2024-07-19 13:01:00-04:00,41.25,41.2599983215332,41.25,41.2599983215332,498,0.0,0.0
2024-07-19 13:02:00-04:00,41.2599983215332,41.2599983215332,41.224998474121094,41.2400016784668,2608,0.0,0.0
2024-07-19 13:03:00-04:00,41.22999954223633,41.2400016784668,41.224998474121094,41.2400016784668,1348,0.0,0.0
2024-07-19 13:04:00-04:00,41.255001068115234,41.255001068115234,41.255001068115234,41.255001068115234,312,0.0,0.0
2024-07-19 13:05:00-04:00,41.27000045776367,41.27000045776367,41.27000045776367,41.27000045776367,331,0.0,0.0
2024-07-19 13:06:00-04:00,41.275001525878906,41.275001525878906,41.2599983215332,41.2599983215332,477,0.0,0.0
2024-07-19 13:07:00-04:00,41.2599983215332,41.290000915527344,41.2599983215332,41.290000915527344,1112,0.0,0.0
2024-07-19 13:08:00-04:00,41.31999969482422,41.31999969482422,41.31999969482422,41.31999969482422,105,0.0,0.0
2024-07-19 13:09:00-04:00,41.310001373291016,41.34000015258789,41.29999923706055,41.34000015258789,1500,0.0,0.0
2024-07-19 13:10:00-04:00,41.34000015258789,41.34000015258789,41.34000015258789,41.34000015258789,608,0.0,0.0
2024-07-19 13:11:00-04:00,41.36000061035156,41.36000061035156,41.36000061035156,41.36000061035156,807,0.0,0.0
2024-07-19 13:15:00-04:00,41.36000061035156,41.369998931884766,41.36000061035156,41.369998931884766,856,0.0,0.0
2024-07-19 13:16:00-04:00,41.36000061035156,41.3650016784668,41.36000061035156,41.3650016784668,485,0.0,0.0
2024-07-19 13:17:00-04:00,41.349998474121094,41.349998474121094,41.349998474121094,41.349998474121094,601,0.0,0.0
2024-07-19 13:18:00-04:00,41.369998931884766,41.375,41.369998931884766,41.369998931884766,523,0.0,0.0
2024-07-19 13:19:00-04:00,41.3650016784668,41.369998931884766,41.36000061035156,41.3650016784668,1685,0.0,0.0
2024-07-19 13:20:00-04:00,41.369998931884766,41.369998931884766,41.369998931884766,41.369998931884766,373,0.0,0.0
2024-07-19 13:21:00-04:00,41.375,41.40999984741211,41.375,41.40999984741211,1364,0.0,0.0
2024-07-19 13:22:00-04:00,41.41749954223633,41.41749954223633,41.39500045776367,41.39500045776367,2377,0.0,0.0
2024-07-19 13:23:00-04:00,41.400001525878906,41.404998779296875,41.38999938964844,41.400001525878906,2080,0.0,0.0
2024-07-19 13:24:00-04:00,41.38999938964844,41.38999938964844,41.38999938964844,41.38999938964844,288,0.0,0.0
2024-07-19 13:25:00-04:00,41.400001525878906,41.40999984741211,41.400001525878906,41.40999984741211,842,0.0,0.0
2024-07-19 13:26:00-04:00,41.40999984741211,41.41999816894531,41.400001525878906,41.400001525878906,928,0.0,0.0
2024-07-19 13:27:00-04:00,41.29999923706055,41.29999923706055,41.279998779296875,41.279998779296875,429,0.0,0.0
2024-07-19 13:28:00-04:00,41.290000915527344,41.310001373291016,41.290000915527344,41.310001373291016,598,0.0,0.0
2024-07-19 13:29:00-04:00,41.29999923706055,41.29999923706055,41.29999923706055,41.29999923706055,281,0.0,0.0
2024-07-19 13:30:00-04:00,41.29999923706055,41.310001373291016,41.29999923706055,41.310001373291016,768,0.0,0.0
2024-07-19 13:32:00-04:00,41.31999969482422,41.33000183105469,41.31999969482422,41.31999969482422,1787,0.0,0.0
2024-07-19 13:33:00-04:00,41.31999969482422,41.33000183105469,41.29999923706055,41.29999923706055,934,0.0,0.0
2024-07-19 13:34:00-04:00,41.30500030517578,41.30500030517578,41.30500030517578,41.30500030517578,592,0.0,0.0
2024-07-19 13:36:00-04:00,41.34000015258789,41.380001068115234,41.34000015258789,41.380001068115234,1907,0.0,0.0
2024-07-19 13:37:00-04:00,41.38999938964844,41.40999984741211,41.38600158691406,41.40999984741211,1623,0.0,0.0
2024-07-19 13:38:00-04:00,41.40999984741211,41.459999084472656,41.40999984741211,41.45000076293945,1186,0.0,0.0
2024-07-19 13:39:00-04:00,41.45000076293945,41.45000076293945,41.45000076293945,41.45000076293945,426,0.0,0.0
2024-07-19 13:40:00-04:00,41.439998626708984,41.44499969482422,41.42499923706055,41.42499923706055,2766,0.0,0.0
2024-07-19 13:41:00-04:00,41.41999816894531,41.41999816894531,41.40999984741211,41.40999984741211,973,0.0,0.0
2024-07-19 13:42:00-04:00,41.400001525878906,41.400001525878906,41.38999938964844,41.38999938964844,573,0.0,0.0
2024-07-19 13:43:00-04:00,41.38999938964844,41.38999938964844,41.369998931884766,41.380001068115234,920,0.0,0.0
2024-07-19 13:44:00-04:00,41.375,41.380001068115234,41.369998931884766,41.369998931884766,840,0.0,0.0
2024-07-19 13:45:00-04:00,41.369998931884766,41.369998931884766,41.35499954223633,41.35499954223633,708,0.0,0.0
2024-07-19 13:46:00-04:00,41.36000061035156,41.380001068115234,41.36000061035156,41.369998931884766,2220,0.0,0.0
2024-07-19 13:47:00-04:00,41.380001068115234,41.38999938964844,41.380001068115234,41.38999938964844,990,0.0,0.0
2024-07-19 13:48:00-04:00,41.404998779296875,41.40909957885742,41.404998779296875,41.40909957885742,503,0.0,0.0
2024-07-19 13:49:00-04:00,41.40999984741211,41.40999984741211,41.38999938964844,41.38999938964844,1740,0.0,0.0
2024-07-19 13:50:00-04:00,41.38999938964844,41.38999938964844,41.369998931884766,41.369998931884766,1826,0.0,0.0
2024-07-19 13:51:00-04:00,41.38999938964844,41.40999984741211,41.38999938964844,41.400001525878906,1575,0.0,0.0
2024-07-19 13:52:00-04:00,41.369998931884766,41.369998931884766,41.36000061035156,41.36000061035156,509,0.0,0.0
2024-07-19 13:53:00-04:00,41.380001068115234,41.38999938964844,41.380001068115234,41.38999938964844,660,0.0,0.0
2024-07-19 13:55:00-04:00,41.400001525878906,41.40999984741211,41.400001525878906,41.40999984741211,606,0.0,0.0
2024-07-19 13:56:00-04:00,41.41999816894531,41.43000030517578,41.41999816894531,41.43000030517578,724,0.0,0.0
2024-07-19 13:57:00-04:00,41.45000076293945,41.45000076293945,41.45000076293945,41.45000076293945,145,0.0,0.0
2024-07-19 13:58:00-04:00,41.45000076293945,41.459999084472656,41.45000076293945,41.459999084472656,392,0.0,0.0
2024-07-19 13:59:00-04:00,41.470001220703125,41.4900016784668,41.470001220703125,41.4900016784668,1138,0.0,0.0
2024-07-19 14:00:00-04:00,41.47999954223633,41.4900016784668,41.47999954223633,41.47999954223633,1223,0.0,0.0
2024-07-19 14:01:00-04:00,41.4900016784668,41.4900016784668,41.4900016784668,41.4900016784668,1085,0.0,0.0
2024-07-19 14:02:00-04:00,41.4900016784668,41.494998931884766,41.470001220703125,41.470001220703125,2147,0.0,0.0
2024-07-19 14:03:00-04:00,41.470001220703125,41.470001220703125,41.42499923706055,41.42499923706055,7907,0.0,0.0
2024-07-19 14:04:00-04:00,41.40999984741211,41.41999816894531,41.40999984741211,41.40999984741211,1170,0.0,0.0
2024-07-19 14:05:00-04:00,41.40999984741211,41.439998626708984,41.40999984741211,41.439998626708984,1270,0.0,0.0
2024-07-19 14:06:00-04:00,41.439998626708984,41.439998626708984,41.439998626708984,41.439998626708984,319,0.0,0.0
2024-07-19 14:07:00-04:00,41.439998626708984,41.439998626708984,41.439998626708984,41.439998626708984,572,0.0,0.0
2024-07-19 14:08:00-04:00,41.43000030517578,41.43000030517578,41.43000030517578,41.43000030517578,343,0.0,0.0
2024-07-19 14:09:00-04:00,41.42499923706055,41.43000030517578,41.42499923706055,41.43000030517578,422,0.0,0.0
2024-07-19 14:10:00-04:00,41.41999816894531,41.43000030517578,41.39500045776367,41.400001525878906,2357,0.0,0.0
2024-07-19 14:11:00-04:00,41.380001068115234,41.380001068115234,41.380001068115234,41.380001068115234,412,0.0,0.0
2024-07-19 14:12:00-04:00,41.380001068115234,41.40999984741211,41.380001068115234,41.404998779296875,2164,0.0,0.0
2024-07-19 14:13:00-04:00,41.41999816894531,41.43000030517578,41.41999816894531,41.43000030517578,446,0.0,0.0
2024-07-19 14:14:00-04:00,41.439998626708984,41.439998626708984,41.43000030517578,41.43000030517578,1333,0.0,0.0
2024-07-19 14:15:00-04:00,41.43000030517578,41.435001373291016,41.41999816894531,41.41999816894531,976,0.0,0.0
2024-07-19 14:16:00-04:00,41.43000030517578,41.43000030517578,41.43000030517578,41.43000030517578,761,0.0,0.0
2024-07-19 14:17:00-04:00,41.439998626708984,41.45000076293945,41.439998626708984,41.45000076293945,1395,0.0,0.0
2024-07-19 14:18:00-04:00,41.45000076293945,41.45000076293945,41.45000076293945,41.45000076293945,387,0.0,0.0
2024-07-19 14:19:00-04:00,41.45000076293945,41.45000076293945,41.439998626708984,41.439998626708984,1212,0.0,0.0
2024-07-19 14:20:00-04:00,41.439998626708984,41.439998626708984,41.41999816894531,41.41999816894531,2176,0.0,0.0
2024-07-19 14:21:00-04:00,41.43000030517578,41.43000030517578,41.42499923706055,41.43000030517578,739,0.0,0.0
2024-07-19 14:22:00-04:00,41.41999816894531,41.43000030517578,41.40999984741211,41.40999984741211,928,0.0,0.0
2024-07-19 14:23:00-04:00,41.41999816894531,41.42499923706055,41.41999816894531,41.41999816894531,405,0.0,0.0
2024-07-19 14:24:00-04:00,41.40999984741211,41.40999984741211,41.369998931884766,41.369998931884766,825,0.0,0.0
2024-07-19 14:25:00-04:00,41.36000061035156,41.400001525878906,41.36000061035156,41.400001525878906,2393,0.0,0.0
2024-07-19 14:26:00-04:00,41.40250015258789,41.40250015258789,41.400001525878906,41.400001525878906,1017,0.0,0.0
2024-07-19 14:27:00-04:00,41.380001068115234,41.380001068115234,41.36000061035156,41.36000061035156,919,0.0,0.0
2024-07-19 14:28:00-04:00,41.33000183105469,41.33000183105469,41.279998779296875,41.279998779296875,2416,0.0,0.0
2024-07-19 14:29:00-04:00,41.290000915527344,41.290000915527344,41.279998779296875,41.279998779296875,925,0.0,0.0
2024-07-19 14:30:00-04:00,41.27000045776367,41.290000915527344,41.27000045776367,41.290000915527344,858,0.0,0.0
2024-07-19 14:31:00-04:00,41.290000915527344,41.29999923706055,41.290000915527344,41.29999923706055,452,0.0,0.0
2024-07-19 14:32:00-04:00,41.279998779296875,41.279998779296875,41.2599983215332,41.279998779296875,1618,0.0,0.0
2024-07-19 14:33:00-04:00,41.275001525878906,41.290000915527344,41.275001525878906,41.290000915527344,1552,0.0,0.0
2024-07-19 14:35:00-04:00,41.30500030517578,41.314998626708984,41.29999923706055,41.29999923706055,1424,0.0,0.0
2024-07-19 14:36:00-04:00,41.310001373291016,41.310001373291016,41.310001373291016,41.310001373291016,609,0.0,0.0
2024-07-19 14:37:00-04:00,41.310001373291016,41.310001373291016,41.310001373291016,41.310001373291016,626,0.0,0.0
2024-07-19 14:38:00-04:00,41.310001373291016,41.310001373291016,41.29499816894531,41.29499816894531,1785,0.0,0.0
2024-07-19 14:39:00-04:00,41.310001373291016,41.314998626708984,41.30500030517578,41.314998626708984,1246,0.0,0.0
2024-07-19 14:40:00-04:00,41.31999969482422,41.3650016784668,41.31999969482422,41.34000015258789,5334,0.0,0.0
2024-07-19 14:41:00-04:00,41.33000183105469,41.334999084472656,41.31999969482422,41.31999969482422,766,0.0,0.0
2024-07-19 14:42:00-04:00,41.31999969482422,41.31999969482422,41.310001373291016,41.310001373291016,537,0.0,0.0
2024-07-19 14:43:00-04:00,41.29999923706055,41.29999923706055,41.26499938964844,41.26499938964844,1326,0.0,0.0
2024-07-19 14:44:00-04:00,41.224998474121094,41.2400016784668,41.224998474121094,41.2400016784668,1425,0.0,0.0
2024-07-19 14:45:00-04:00,41.2400016784668,41.2400016784668,41.22999954223633,41.2400016784668,765,0.0,0.0
2024-07-19 14:46:00-04:00,41.22010040283203,41.22010040283203,41.220001220703125,41.220001220703125,339,0.0,0.0
2024-07-19 14:47:00-04:00,41.22999954223633,41.2400016784668,41.22999954223633,41.2400016784668,573,0.0,0.0
2024-07-19 14:48:00-04:00,41.2400016784668,41.2400016784668,41.23500061035156,41.23500061035156,1274,0.0,0.0
2024-07-19 14:49:00-04:00,41.23500061035156,41.23500061035156,41.224998474121094,41.224998474121094,463,0.0,0.0
2024-07-19 14:50:00-04:00,41.224998474121094,41.25,41.224998474121094,41.25,2533,0.0,0.0
2024-07-19 14:51:00-04:00,41.2599983215332,41.279998779296875,41.2599983215332,41.279998779296875,1380,0.0,0.0
2024-07-19 14:52:00-04:00,41.27000045776367,41.28499984741211,41.27000045776367,41.28499984741211,626,0.0,0.0
2024-07-19 14:53:00-04:00,41.28499984741211,41.29499816894531,41.28499984741211,41.29499816894531,575,0.0,0.0
2024-07-19 14:54:00-04:00,41.29999923706055,41.314998626708984,41.29999923706055,41.314998626708984,687,0.0,0.0
2024-07-19 14:55:00-04:00,41.314998626708984,41.31999969482422,41.314998626708984,41.31999969482422,412,0.0,0.0
2024-07-19 14:56:00-04:00,41.310001373291016,41.310001373291016,41.2599983215332,41.2599983215332,3030,0.0,0.0
2024-07-19 14:57:00-04:00,41.279998779296875,41.29999923706055,41.279998779296875,41.29999923706055,1195,0.0,0.0
2024-07-19 14:58:00-04:00,41.310001373291016,41.314998626708984,41.310001373291016,41.314998626708984,634,0.0,0.0
2024-07-19 14:59:00-04:00,41.310001373291016,41.310001373291016,41.279998779296875,41.279998779296875,1406,0.0,0.0
2024-07-19 15:00:00-04:00,41.290000915527344,41.290000915527344,41.287498474121094,41.290000915527344,1293,0.0,0.0
2024-07-19 15:01:00-04:00,41.29999923706055,41.33000183105469,41.29499816894531,41.33000183105469,1821,0.0,0.0
2024-07-19 15:02:00-04:00,41.310001373291016,41.310001373291016,41.29999923706055,41.29999923706055,454,0.0,0.0
2024-07-19 15:03:00-04:00,41.29999923706055,41.29999923706055,41.290000915527344,41.290000915527344,411,0.0,0.0
2024-07-19 15:04:00-04:00,41.29999923706055,41.31999969482422,41.29999923706055,41.31999969482422,1465,0.0,0.0
2024-07-19 15:05:00-04:00,41.33000183105469,41.33000183105469,41.31999969482422,41.31999969482422,1226,0.0,0.0
2024-07-19 15:06:00-04:00,41.31999969482422,41.31999969482422,41.310001373291016,41.310001373291016,920,0.0,0.0
2024-07-19 15:07:00-04:00,41.290000915527344,41.290000915527344,41.27000045776367,41.279998779296875,2966,0.0,0.0
2024-07-19 15:08:00-04:00,41.27000045776367,41.27000045776367,41.27000045776367,41.27000045776367,231,0.0,0.0
2024-07-19 15:09:00-04:00,41.279998779296875,41.29999923706055,41.279998779296875,41.279998779296875,2227,0.0,0.0
2024-07-19 15:10:00-04:00,41.279998779296875,41.279998779296875,41.2400016784668,41.25,2340,0.0,0.0
2024-07-19 15:11:00-04:00,41.2599983215332,41.2599983215332,41.2400016784668,41.25,1241,0.0,0.0
2024-07-19 15:12:00-04:00,41.25,41.279998779296875,41.25,41.26499938964844,1750,0.0,0.0
2024-07-19 15:13:00-04:00,41.26499938964844,41.27000045776367,41.26499938964844,41.27000045776367,1222,0.0,0.0
2024-07-19 15:15:00-04:00,41.2599983215332,41.2599983215332,41.2599983215332,41.2599983215332,944,0.0,0.0
2024-07-19 15:16:00-04:00,41.27000045776367,41.27000045776367,41.25,41.255001068115234,1156,0.0,0.0
2024-07-19 15:17:00-04:00,41.2599983215332,41.29999923706055,41.2599983215332,41.29499816894531,2038,0.0,0.0
2024-07-19 15:18:00-04:00,41.30929946899414,41.31999969482422,41.29999923706055,41.29999923706055,3961,0.0,0.0
2024-07-19 15:19:00-04:00,41.29999923706055,41.314998626708984,41.29999923706055,41.29999923706055,1675,0.0,0.0
2024-07-19 15:20:00-04:00,41.290000915527344,41.29999923706055,41.290000915527344,41.290000915527344,1797,0.0,0.0
2024-07-19 15:21:00-04:00,41.275001525878906,41.275001525878906,41.2599983215332,41.2599983215332,407,0.0,0.0
2024-07-19 15:22:00-04:00,41.2599983215332,41.26499938964844,41.2599983215332,41.2599983215332,851,0.0,0.0
2024-07-19 15:23:00-04:00,41.27000045776367,41.279998779296875,41.26499938964844,41.279998779296875,908,0.0,0.0
2024-07-19 15:24:00-04:00,41.28499984741211,41.28499984741211,41.279998779296875,41.279998779296875,527,0.0,0.0
2024-07-19 15:25:00-04:00,41.27000045776367,41.27000045776367,41.25,41.25,2059,0.0,0.0
2024-07-19 15:26:00-04:00,41.25,41.25899887084961,41.25,41.25,608,0.0,0.0
2024-07-19 15:27:00-04:00,41.244998931884766,41.244998931884766,41.220001220703125,41.220001220703125,1626,0.0,0.0
2024-07-19 15:28:00-04:00,41.209999084472656,41.220001220703125,41.18000030517578,41.18000030517578,9464,0.0,0.0
2024-07-19 15:29:00-04:00,41.18000030517578,41.20000076293945,41.15999984741211,41.20000076293945,10547,0.0,0.0
2024-07-19 15:30:00-04:00,41.209999084472656,41.2400016784668,41.19499969482422,41.20000076293945,5478,0.0,0.0
2024-07-19 15:31:00-04:00,41.20000076293945,41.220001220703125,41.189998626708984,41.220001220703125,1372,0.0,0.0
2024-07-19 15:32:00-04:00,41.22999954223633,41.25,41.22999954223633,41.2400016784668,1361,0.0,0.0
2024-07-19 15:33:00-04:00,41.2599983215332,41.2599983215332,41.2400016784668,41.2400016784668,776,0.0,0.0
2024-07-19 15:34:00-04:00,41.23500061035156,41.2400016784668,41.220001220703125,41.220001220703125,3160,0.0,0.0
2024-07-19 15:35:00-04:00,41.220001220703125,41.244998931884766,41.220001220703125,41.22999954223633,3029,0.0,0.0
2024-07-19 15:36:00-04:00,41.25,41.25,41.224998474121094,41.22999954223633,1821,0.0,0.0
2024-07-19 15:37:00-04:00,41.22999954223633,41.2400016784668,41.220001220703125,41.2400016784668,2985,0.0,0.0
2024-07-19 15:38:00-04:00,41.2400016784668,41.2400016784668,41.224998474121094,41.224998474121094,897,0.0,0.0
2024-07-19 15:39:00-04:00,41.224998474121094,41.22999954223633,41.20000076293945,41.20000076293945,3020,0.0,0.0
2024-07-19 15:40:00-04:00,41.209999084472656,41.22999954223633,41.18000030517578,41.18000030517578,6455,0.0,0.0
2024-07-19 15:41:00-04:00,41.18000030517578,41.220001220703125,41.18000030517578,41.21500015258789,3401,0.0,0.0
2024-07-19 15:42:00-04:00,41.220001220703125,41.220001220703125,41.209999084472656,41.209999084472656,2428,0.0,0.0
2024-07-19 15:43:00-04:00,41.21500015258789,41.220001220703125,41.20000076293945,41.20000076293945,3366,0.0,0.0
2024-07-19 15:44:00-04:00,41.209999084472656,41.220001220703125,41.189998626708984,41.189998626708984,2987,0.0,0.0
2024-07-19 15:45:00-04:00,41.185001373291016,41.20500183105469,41.185001373291016,41.20000076293945,4063,0.0,0.0
2024-07-19 15:46:00-04:00,41.220001220703125,41.244998931884766,41.220001220703125,41.244998931884766,3776,0.0,0.0
2024-07-19 15:47:00-04:00,41.25,41.279998779296875,41.25,41.279998779296875,3186,0.0,0.0
2024-07-19 15:48:00-04:00,41.29499816894531,41.29999923706055,41.290000915527344,41.29499816894531,3982,0.0,0.0
2024-07-19 15:49:00-04:00,41.310001373291016,41.314998626708984,41.30500030517578,41.30500030517578,4739,0.0,0.0
2024-07-19 15:50:00-04:00,41.29999923706055,41.400001525878906,41.29999923706055,41.400001525878906,10762,0.0,0.0
2024-07-19 15:51:00-04:00,41.39500045776367,41.404998779296875,41.3849983215332,41.38999938964844,6669,0.0,0.0
2024-07-19 15:52:00-04:00,41.38999938964844,41.40999984741211,41.3849983215332,41.39500045776367,7535,0.0,0.0
2024-07-19 15:53:00-04:00,41.38999938964844,41.404998779296875,41.3849983215332,41.39500045776367,9952,0.0,0.0
2024-07-19 15:54:00-04:00,41.38999938964844,41.38999938964844,41.349998474121094,41.349998474121094,9155,0.0,0.0
2024-07-19 15:55:00-04:00,41.35499954223633,41.388099670410156,41.32500076293945,41.32500076293945,16115,0.0,0.0
2024-07-19 15:56:00-04:00,41.32500076293945,41.36000061035156,41.31999969482422,41.32500076293945,10199,0.0,0.0
2024-07-19 15:57:00-04:00,41.32500076293945,41.35499954223633,41.32500076293945,41.345001220703125,5986,0.0,0.0
2024-07-19 15:58:00-04:00,41.34000015258789,41.36000061035156,41.334999084472656,41.349998474121094,14801,0.0,0.0
2024-07-19 15:59:00-04:00,41.349998474121094,41.349998474121094,41.279998779296875,41.310001373291016,44978,0.0,0.0
