Datetime,Open,High,Low,Close,Volume,Dividends,Stock Splits
2024-06-27 09:30:00-04:00,26.5,26.799999237060547,26.5,26.799999237060547,2123,0.0,0.0
2024-06-27 09:35:00-04:00,26.905000686645508,27.1299991607666,26.899999618530273,26.947999954223633,8275,0.0,0.0
2024-06-27 09:40:00-04:00,27.040000915527344,27.049999237060547,26.860000610351562,26.94529914855957,6178,0.0,0.0
2024-06-27 09:45:00-04:00,26.81999969482422,26.895000457763672,26.81999969482422,26.895000457763672,1442,0.0,0.0
2024-06-27 09:50:00-04:00,26.889999389648438,27.030000686645508,26.850000381469727,27.0049991607666,6202,0.0,0.0
2024-06-27 09:55:00-04:00,27.020000457763672,27.040000915527344,27.010000228881836,27.010000228881836,1157,0.0,0.0
2024-06-27 10:00:00-04:00,27.0,27.049999237060547,27.0,27.030000686645508,3065,0.0,0.0
2024-06-27 10:05:00-04:00,27.010000228881836,27.100000381469727,26.950000762939453,26.950000762939453,5194,0.0,0.0
2024-06-27 10:10:00-04:00,27.0,27.014999389648438,26.81999969482422,26.81999969482422,4576,0.0,0.0
2024-06-27 10:15:00-04:00,26.81999969482422,26.940000534057617,26.799999237060547,26.940000534057617,3328,0.0,0.0
2024-06-27 10:20:00-04:00,26.940000534057617,26.940000534057617,26.81999969482422,26.864999771118164,3133,0.0,0.0
2024-06-27 10:25:00-04:00,26.90999984741211,26.90999984741211,26.860000610351562,26.885000228881836,2355,0.0,0.0
2024-06-27 10:30:00-04:00,26.882999420166016,26.882999420166016,26.75,26.75,5778,0.0,0.0
2024-06-27 10:35:00-04:00,26.75,26.834999084472656,26.75,26.809999465942383,2735,0.0,0.0
2024-06-27 10:40:00-04:00,26.834999084472656,26.875,26.809999465942383,26.860000610351562,3512,0.0,0.0
2024-06-27 10:45:00-04:00,26.8799991607666,26.8799991607666,26.674999237060547,26.738000869750977,7078,0.0,0.0
2024-06-27 10:50:00-04:00,26.700000762939453,26.700000762939453,26.649999618530273,26.649999618530273,2888,0.0,0.0
2024-06-27 11:00:00-04:00,26.700000762939453,26.700000762939453,26.56999969482422,26.604999542236328,4924,0.0,0.0
2024-06-27 11:05:00-04:00,26.604999542236328,26.639999389648438,26.520000457763672,26.6200008392334,3585,0.0,0.0
2024-06-27 11:10:00-04:00,26.639999389648438,26.709999084472656,26.610000610351562,26.690000534057617,5486,0.0,0.0
2024-06-27 11:15:00-04:00,26.639999389648438,26.639999389648438,26.639999389648438,26.639999389648438,805,0.0,0.0
2024-06-27 11:20:00-04:00,26.68829917907715,26.725000381469727,26.68000030517578,26.68000030517578,5717,0.0,0.0
2024-06-27 11:25:00-04:00,26.610000610351562,26.610000610351562,26.530000686645508,26.545000076293945,1274,0.0,0.0
2024-06-27 11:30:00-04:00,26.540000915527344,26.540000915527344,26.469999313354492,26.524999618530273,1032,0.0,0.0
2024-06-27 11:35:00-04:00,26.469999313354492,26.485000610351562,26.3700008392334,26.405000686645508,1875,0.0,0.0
2024-06-27 11:40:00-04:00,26.365800857543945,26.405000686645508,26.360000610351562,26.401899337768555,1744,0.0,0.0
2024-06-27 11:45:00-04:00,26.360000610351562,26.405000686645508,26.360000610351562,26.389999389648438,607,0.0,0.0
2024-06-27 11:50:00-04:00,26.40999984741211,26.40999984741211,26.3700008392334,26.389999389648438,1237,0.0,0.0
2024-06-27 11:55:00-04:00,26.360000610351562,26.3700008392334,26.280000686645508,26.344999313354492,3699,0.0,0.0
2024-06-27 12:00:00-04:00,26.309999465942383,26.46500015258789,26.309999465942383,26.420000076293945,12705,0.0,0.0
2024-06-27 12:05:00-04:00,26.40999984741211,26.530000686645508,26.40999984741211,26.520000457763672,1097,0.0,0.0
2024-06-27 12:10:00-04:00,26.524999618530273,26.549999237060547,26.524999618530273,26.540000915527344,2770,0.0,0.0
2024-06-27 12:15:00-04:00,26.579999923706055,26.579999923706055,26.579999923706055,26.579999923706055,482,0.0,0.0
2024-06-27 12:20:00-04:00,26.6299991607666,26.6299991607666,26.6299991607666,26.6299991607666,556,0.0,0.0
2024-06-27 12:25:00-04:00,26.594999313354492,26.649999618530273,26.594999313354492,26.625,3201,0.0,0.0
2024-06-27 12:30:00-04:00,26.625,26.625,26.600000381469727,26.600000381469727,1594,0.0,0.0
2024-06-27 12:35:00-04:00,26.649999618530273,26.719999313354492,26.649999618530273,26.700000762939453,12343,0.0,0.0
2024-06-27 12:40:00-04:00,26.700000762939453,26.704999923706055,26.65999984741211,26.700000762939453,9070,0.0,0.0
2024-06-27 12:45:00-04:00,26.725000381469727,26.725000381469727,26.700000762939453,26.700000762939453,1915,0.0,0.0
2024-06-27 12:50:00-04:00,26.700000762939453,26.729999542236328,26.700000762939453,26.729999542236328,2950,0.0,0.0
2024-06-27 12:55:00-04:00,26.75,26.75,26.700000762939453,26.700000762939453,2088,0.0,0.0
2024-06-27 13:00:00-04:00,26.719999313354492,26.81999969482422,26.719999313354492,26.81999969482422,3813,0.0,0.0
2024-06-27 13:05:00-04:00,26.790000915527344,26.790000915527344,26.789400100708008,26.789400100708008,526,0.0,0.0
2024-06-27 13:10:00-04:00,26.790000915527344,26.790000915527344,26.790000915527344,26.790000915527344,877,0.0,0.0
2024-06-27 13:15:00-04:00,26.799999237060547,26.81999969482422,26.770000457763672,26.799999237060547,2800,0.0,0.0
2024-06-27 13:20:00-04:00,26.829999923706055,26.850000381469727,26.81999969482422,26.81999969482422,2045,0.0,0.0
2024-06-27 13:25:00-04:00,26.829999923706055,26.84000015258789,26.829999923706055,26.83300018310547,1428,0.0,0.0
2024-06-27 13:30:00-04:00,26.834999084472656,26.834999084472656,26.739999771118164,26.829999923706055,18437,0.0,0.0
2024-06-27 13:35:00-04:00,26.799999237060547,26.81999969482422,26.799999237060547,26.81999969482422,1130,0.0,0.0
2024-06-27 13:40:00-04:00,26.850000381469727,26.8700008392334,26.850000381469727,26.8700008392334,1467,0.0,0.0
2024-06-27 13:45:00-04:00,26.860000610351562,26.860000610351562,26.860000610351562,26.860000610351562,539,0.0,0.0
2024-06-27 13:50:00-04:00,26.829999923706055,26.86240005493164,26.829999923706055,26.850000381469727,1293,0.0,0.0
2024-06-27 13:55:00-04:00,26.8700008392334,26.93000030517578,26.8700008392334,26.93000030517578,3117,0.0,0.0
2024-06-27 14:00:00-04:00,26.93000030517578,26.93000030517578,26.93000030517578,26.93000030517578,1137,0.0,0.0
2024-06-27 14:05:00-04:00,26.93000030517578,26.93000030517578,26.90999984741211,26.93000030517578,1453,0.0,0.0
2024-06-27 14:10:00-04:00,26.969999313354492,26.969999313354492,26.96500015258789,26.96500015258789,2410,0.0,0.0
2024-06-27 14:15:00-04:00,26.989999771118164,27.010000228881836,26.920000076293945,26.920000076293945,7682,0.0,0.0
2024-06-27 14:20:00-04:00,26.93000030517578,26.940000534057617,26.8799991607666,26.905000686645508,1445,0.0,0.0
2024-06-27 14:25:00-04:00,26.90999984741211,26.910400390625,26.8700008392334,26.905000686645508,2394,0.0,0.0
2024-06-27 14:30:00-04:00,26.905000686645508,26.905000686645508,26.905000686645508,26.905000686645508,520,0.0,0.0
2024-06-27 14:35:00-04:00,26.8700008392334,26.940000534057617,26.8700008392334,26.915000915527344,1604,0.0,0.0
2024-06-27 14:40:00-04:00,26.950000762939453,26.950000762939453,26.915000915527344,26.915000915527344,2594,0.0,0.0
2024-06-27 14:45:00-04:00,26.915000915527344,26.959999084472656,26.915000915527344,26.959999084472656,2613,0.0,0.0
2024-06-27 14:50:00-04:00,26.93000030517578,27.010000228881836,26.920000076293945,27.010000228881836,6177,0.0,0.0
2024-06-27 14:55:00-04:00,26.9950008392334,26.9950008392334,26.9950008392334,26.9950008392334,1305,0.0,0.0
2024-06-27 15:00:00-04:00,26.989999771118164,27.040000915527344,26.989999771118164,27.030000686645508,4136,0.0,0.0
2024-06-27 15:05:00-04:00,27.03499984741211,27.03499984741211,27.0,27.0049991607666,2597,0.0,0.0
2024-06-27 15:10:00-04:00,27.030000686645508,27.030000686645508,26.905000686645508,27.030000686645508,13800,0.0,0.0
2024-06-27 15:15:00-04:00,27.014999389648438,27.059999465942383,27.014999389648438,27.040000915527344,5245,0.0,0.0
2024-06-27 15:20:00-04:00,27.06999969482422,27.06999969482422,26.9950008392334,27.0,3051,0.0,0.0
2024-06-27 15:25:00-04:00,26.969999313354492,27.030000686645508,26.959999084472656,27.030000686645508,2128,0.0,0.0
2024-06-27 15:30:00-04:00,27.0,27.049999237060547,27.0,27.049999237060547,7088,0.0,0.0
2024-06-27 15:35:00-04:00,27.059999465942383,27.110000610351562,27.059999465942383,27.09000015258789,5701,0.0,0.0
2024-06-27 15:40:00-04:00,27.06999969482422,27.06999969482422,27.0,27.010000228881836,4117,0.0,0.0
2024-06-27 15:45:00-04:00,27.010000228881836,27.020000457763672,26.969999313354492,26.9950008392334,12137,0.0,0.0
2024-06-27 15:50:00-04:00,27.0,27.099899291992188,26.969999313354492,27.075000762939453,19080,0.0,0.0
2024-06-27 15:55:00-04:00,27.075000762939453,27.229999542236328,27.03499984741211,27.219999313354492,29150,0.0,0.0
2024-06-28 09:30:00-04:00,27.479999542236328,27.81999969482422,27.229999542236328,27.774999618530273,8966,0.0,0.0
2024-06-28 09:35:00-04:00,27.809999465942383,27.829999923706055,27.700000762939453,27.825000762939453,3157,0.0,0.0
2024-06-28 09:40:00-04:00,27.825000762939453,27.969999313354492,27.81999969482422,27.950000762939453,4615,0.0,0.0
2024-06-28 09:45:00-04:00,27.809999465942383,27.969999313354492,27.790000915527344,27.860000610351562,4316,0.0,0.0
2024-06-28 09:50:00-04:00,27.709999084472656,27.829999923706055,27.610000610351562,27.829999923706055,8490,0.0,0.0
2024-06-28 09:55:00-04:00,27.790000915527344,27.790000915527344,27.71500015258789,27.71500015258789,2561,0.0,0.0
2024-06-28 10:00:00-04:00,27.700000762939453,27.704999923706055,27.63010025024414,27.639999389648438,3127,0.0,0.0
2024-06-28 10:05:00-04:00,27.729999542236328,27.75,27.729999542236328,27.729999542236328,1484,0.0,0.0
2024-06-28 10:10:00-04:00,27.729999542236328,27.739999771118164,27.670000076293945,27.739999771118164,2366,0.0,0.0
2024-06-28 10:15:00-04:00,27.71500015258789,27.889999389648438,27.71500015258789,27.829999923706055,7360,0.0,0.0
2024-06-28 10:20:00-04:00,28.06999969482422,28.06999969482422,28.06999969482422,28.06999969482422,871,0.0,0.0
2024-06-28 10:25:00-04:00,28.010000228881836,28.09000015258789,27.84000015258789,27.899999618530273,9329,0.0,0.0
2024-06-28 10:30:00-04:00,27.85700035095215,27.859899520874023,27.719999313354492,27.719999313354492,3793,0.0,0.0
2024-06-28 10:35:00-04:00,27.739999771118164,27.739999771118164,27.739999771118164,27.739999771118164,130,0.0,0.0
2024-06-28 10:40:00-04:00,27.774999618530273,27.84000015258789,27.729999542236328,27.780000686645508,3536,0.0,0.0
2024-06-28 10:45:00-04:00,27.860000610351562,27.90999984741211,27.860000610351562,27.899999618530273,3008,0.0,0.0
2024-06-28 10:50:00-04:00,27.905000686645508,27.905000686645508,27.8700008392334,27.8700008392334,1166,0.0,0.0
2024-06-28 10:55:00-04:00,27.940000534057617,27.940000534057617,27.795000076293945,27.795000076293945,2378,0.0,0.0
2024-06-28 11:00:00-04:00,27.80500030517578,27.920000076293945,27.799999237060547,27.799999237060547,4382,0.0,0.0
2024-06-28 11:05:00-04:00,27.799999237060547,27.815000534057617,27.799999237060547,27.815000534057617,765,0.0,0.0
2024-06-28 11:10:00-04:00,27.81999969482422,27.85449981689453,27.815000534057617,27.815000534057617,1880,0.0,0.0
2024-06-28 11:15:00-04:00,27.809999465942383,27.84000015258789,27.809999465942383,27.809999465942383,1779,0.0,0.0
2024-06-28 11:20:00-04:00,27.809999465942383,27.809999465942383,27.7549991607666,27.809999465942383,3912,0.0,0.0
2024-06-28 11:25:00-04:00,27.80500030517578,27.850000381469727,27.80500030517578,27.850000381469727,1637,0.0,0.0
2024-06-28 11:30:00-04:00,27.829999923706055,27.834999084472656,27.799999237060547,27.834999084472656,2272,0.0,0.0
2024-06-28 11:35:00-04:00,27.860000610351562,27.959999084472656,27.854999542236328,27.94499969482422,4918,0.0,0.0
2024-06-28 11:40:00-04:00,27.975000381469727,28.0,27.959999084472656,28.0,1034,0.0,0.0
2024-06-28 11:45:00-04:00,27.989999771118164,27.989999771118164,27.954999923706055,27.954999923706055,553,0.0,0.0
2024-06-28 11:50:00-04:00,27.959999084472656,28.049999237060547,27.90999984741211,27.959999084472656,5800,0.0,0.0
2024-06-28 11:55:00-04:00,27.959999084472656,27.959999084472656,27.959999084472656,27.959999084472656,489,0.0,0.0
2024-06-28 12:00:00-04:00,28.0,28.0,27.940000534057617,27.954999923706055,3678,0.0,0.0
2024-06-28 12:05:00-04:00,27.889999389648438,27.934999465942383,27.889999389648438,27.905000686645508,2528,0.0,0.0
2024-06-28 12:10:00-04:00,27.860000610351562,27.899999618530273,27.860000610351562,27.8700008392334,1708,0.0,0.0
2024-06-28 12:15:00-04:00,27.854999542236328,27.8700008392334,27.799999237060547,27.860000610351562,15218,0.0,0.0
2024-06-28 12:20:00-04:00,27.854999542236328,27.8799991607666,27.854999542236328,27.8799991607666,711,0.0,0.0
2024-06-28 12:25:00-04:00,27.889999389648438,27.920000076293945,27.889999389648438,27.899999618530273,2946,0.0,0.0
2024-06-28 12:30:00-04:00,27.96500015258789,27.96500015258789,27.95800018310547,27.95800018310547,950,0.0,0.0
2024-06-28 12:35:00-04:00,27.93000030517578,28.0,27.90999984741211,27.90999984741211,4592,0.0,0.0
2024-06-28 12:40:00-04:00,27.8700008392334,27.90999984741211,27.8700008392334,27.8799991607666,2766,0.0,0.0
2024-06-28 12:45:00-04:00,27.899999618530273,27.93000030517578,27.774999618530273,27.774999618530273,25816,0.0,0.0
2024-06-28 12:50:00-04:00,27.774999618530273,27.920000076293945,27.719999313354492,27.920000076293945,47290,0.0,0.0
2024-06-28 12:55:00-04:00,27.8700008392334,27.8700008392334,27.8700008392334,27.8700008392334,693,0.0,0.0
2024-06-28 13:00:00-04:00,27.8700008392334,28.020000457763672,27.8700008392334,28.020000457763672,4375,0.0,0.0
2024-06-28 13:05:00-04:00,28.0,28.084999084472656,27.985000610351562,28.084999084472656,2389,0.0,0.0
2024-06-28 13:10:00-04:00,28.1200008392334,28.18000030517578,28.110000610351562,28.110000610351562,3668,0.0,0.0
2024-06-28 13:15:00-04:00,28.1299991607666,28.19499969482422,28.100000381469727,28.19499969482422,9260,0.0,0.0
2024-06-28 13:20:00-04:00,28.219999313354492,28.219999313354492,28.190000534057617,28.190000534057617,1581,0.0,0.0
2024-06-28 13:25:00-04:00,28.170000076293945,28.200000762939453,28.09000015258789,28.09000015258789,3495,0.0,0.0
2024-06-28 13:30:00-04:00,28.15999984741211,28.15999984741211,28.135000228881836,28.135000228881836,1327,0.0,0.0
2024-06-28 13:35:00-04:00,28.135000228881836,28.135000228881836,28.010000228881836,28.09000015258789,7253,0.0,0.0
2024-06-28 13:40:00-04:00,28.065000534057617,28.065000534057617,28.065000534057617,28.065000534057617,606,0.0,0.0
2024-06-28 13:45:00-04:00,28.065000534057617,28.100000381469727,28.049999237060547,28.049999237060547,3481,0.0,0.0
2024-06-28 13:50:00-04:00,28.075000762939453,28.075000762939453,28.045000076293945,28.045000076293945,1936,0.0,0.0
2024-06-28 13:55:00-04:00,28.045000076293945,28.084999084472656,28.040000915527344,28.079999923706055,3963,0.0,0.0
2024-06-28 14:00:00-04:00,28.075000762939453,28.075000762939453,28.049999237060547,28.059999465942383,1483,0.0,0.0
2024-06-28 14:05:00-04:00,28.059999465942383,28.09000015258789,28.059999465942383,28.09000015258789,3141,0.0,0.0
2024-06-28 14:10:00-04:00,28.079999923706055,28.110000610351562,28.059999465942383,28.09749984741211,4155,0.0,0.0
2024-06-28 14:15:00-04:00,28.1200008392334,28.200000762939453,28.1200008392334,28.200000762939453,2888,0.0,0.0
2024-06-28 14:20:00-04:00,28.165000915527344,28.219999313354492,28.15999984741211,28.190000534057617,7011,0.0,0.0
2024-06-28 14:25:00-04:00,28.174999237060547,28.200000762939453,28.102500915527344,28.1200008392334,12497,0.0,0.0
2024-06-28 14:30:00-04:00,28.094999313354492,28.139999389648438,28.094999313354492,28.1299991607666,2896,0.0,0.0
2024-06-28 14:35:00-04:00,28.1299991607666,28.18000030517578,28.1299991607666,28.170000076293945,2454,0.0,0.0
2024-06-28 14:40:00-04:00,28.190000534057617,28.190000534057617,28.190000534057617,28.190000534057617,1060,0.0,0.0
2024-06-28 14:45:00-04:00,28.190000534057617,28.219999313354492,28.149999618530273,28.18000030517578,6238,0.0,0.0
2024-06-28 14:50:00-04:00,28.18000030517578,28.18000030517578,28.139999389648438,28.149999618530273,4177,0.0,0.0
2024-06-28 14:55:00-04:00,28.110000610351562,28.15999984741211,28.110000610351562,28.15999984741211,2922,0.0,0.0
2024-06-28 15:00:00-04:00,28.149999618530273,28.149999618530273,28.09000015258789,28.125,1925,0.0,0.0
2024-06-28 15:05:00-04:00,28.125,28.125,28.059999465942383,28.059999465942383,2572,0.0,0.0
2024-06-28 15:10:00-04:00,28.045000076293945,28.110000610351562,28.045000076293945,28.110000610351562,4182,0.0,0.0
2024-06-28 15:15:00-04:00,28.09000015258789,28.09000015258789,28.040000915527344,28.06999969482422,2941,0.0,0.0
2024-06-28 15:20:00-04:00,28.079999923706055,28.110000610351562,28.079999923706055,28.110000610351562,2131,0.0,0.0
2024-06-28 15:25:00-04:00,28.100000381469727,28.105300903320312,28.09000015258789,28.09000015258789,4273,0.0,0.0
2024-06-28 15:30:00-04:00,28.09000015258789,28.104999542236328,27.950000762939453,27.950000762939453,5478,0.0,0.0
2024-06-28 15:35:00-04:00,27.969999313354492,28.0,27.969999313354492,27.985000610351562,5300,0.0,0.0
2024-06-28 15:40:00-04:00,27.985000610351562,28.110000610351562,27.985000610351562,28.094999313354492,10655,0.0,0.0
2024-06-28 15:45:00-04:00,28.094999313354492,28.094999313354492,27.96500015258789,27.989999771118164,10950,0.0,0.0
2024-06-28 15:50:00-04:00,27.989999771118164,28.899999618530273,27.989999771118164,28.774999618530273,188550,0.0,0.0
2024-06-28 15:55:00-04:00,28.850000381469727,29.110000610351562,28.75,28.8700008392334,236644,0.0,0.0
2024-07-01 09:30:00-04:00,28.790000915527344,29.0,28.6200008392334,28.6200008392334,14397,0.0,0.0
2024-07-01 09:35:00-04:00,28.704999923706055,28.704999923706055,28.600000381469727,28.68000030517578,2819,0.0,0.0
2024-07-01 09:40:00-04:00,28.709999084472656,28.709999084472656,28.360000610351562,28.389999389648438,14286,0.0,0.0
2024-07-01 09:45:00-04:00,28.399999618530273,28.399999618530273,28.270000457763672,28.334999084472656,4711,0.0,0.0
2024-07-01 09:50:00-04:00,28.334999084472656,28.559999465942383,28.334999084472656,28.5,5805,0.0,0.0
2024-07-01 09:55:00-04:00,28.510000228881836,28.520000457763672,28.40999984741211,28.475000381469727,4287,0.0,0.0
2024-07-01 10:00:00-04:00,28.520000457763672,28.75,28.520000457763672,28.53499984741211,2403,0.0,0.0
2024-07-01 10:05:00-04:00,28.540000915527344,28.540000915527344,28.40999984741211,28.46500015258789,8334,0.0,0.0
2024-07-01 10:10:00-04:00,28.469999313354492,28.469999313354492,28.239999771118164,28.239999771118164,7774,0.0,0.0
2024-07-01 10:15:00-04:00,28.260000228881836,28.3799991607666,28.260000228881836,28.364999771118164,4940,0.0,0.0
2024-07-01 10:20:00-04:00,28.364999771118164,28.469999313354492,28.364999771118164,28.434999465942383,3477,0.0,0.0
2024-07-01 10:25:00-04:00,28.510000228881836,28.68000030517578,28.459999084472656,28.68000030517578,4861,0.0,0.0
2024-07-01 10:30:00-04:00,28.690000534057617,28.709999084472656,28.540000915527344,28.565000534057617,6395,0.0,0.0
2024-07-01 10:35:00-04:00,28.520000457763672,28.520000457763672,28.475000381469727,28.475000381469727,1975,0.0,0.0
2024-07-01 10:40:00-04:00,28.43000030517578,28.489999771118164,28.40999984741211,28.469999313354492,5224,0.0,0.0
2024-07-01 10:45:00-04:00,28.43000030517578,28.469999313354492,28.3700008392334,28.45800018310547,5765,0.0,0.0
2024-07-01 10:50:00-04:00,28.424999237060547,28.424999237060547,28.270000457763672,28.270000457763672,8074,0.0,0.0
2024-07-01 10:55:00-04:00,28.239999771118164,28.360000610351562,28.190000534057617,28.360000610351562,7691,0.0,0.0
2024-07-01 11:00:00-04:00,28.344999313354492,28.389999389648438,28.299999237060547,28.3799991607666,3669,0.0,0.0
2024-07-01 11:05:00-04:00,28.43000030517578,28.524999618530273,28.43000030517578,28.524999618530273,2855,0.0,0.0
2024-07-01 11:10:00-04:00,28.524999618530273,28.579999923706055,28.490100860595703,28.530000686645508,4815,0.0,0.0
2024-07-01 11:15:00-04:00,28.485000610351562,28.485000610351562,28.35059928894043,28.35059928894043,3632,0.0,0.0
2024-07-01 11:20:00-04:00,28.344999313354492,28.389999389648438,28.34000015258789,28.354999542236328,1512,0.0,0.0
2024-07-01 11:25:00-04:00,28.40999984741211,28.40999984741211,28.260000228881836,28.34000015258789,10844,0.0,0.0
2024-07-01 11:30:00-04:00,28.315000534057617,28.315000534057617,28.315000534057617,28.315000534057617,746,0.0,0.0
2024-07-01 11:35:00-04:00,28.350000381469727,28.350000381469727,28.219999313354492,28.219999313354492,8895,0.0,0.0
2024-07-01 11:40:00-04:00,28.174999237060547,28.174999237060547,28.020000457763672,28.09000015258789,5825,0.0,0.0
2024-07-01 11:45:00-04:00,28.059999465942383,28.200000762939453,28.059999465942383,28.200000762939453,4032,0.0,0.0
2024-07-01 11:50:00-04:00,28.200000762939453,28.25,28.155000686645508,28.190000534057617,6024,0.0,0.0
2024-07-01 11:55:00-04:00,28.270000457763672,28.270000457763672,28.219999313354492,28.219999313354492,704,0.0,0.0
2024-07-01 12:00:00-04:00,28.280000686645508,28.315000534057617,28.280000686645508,28.315000534057617,5348,0.0,0.0
2024-07-01 12:05:00-04:00,28.315000534057617,28.350000381469727,28.315000534057617,28.350000381469727,1663,0.0,0.0
2024-07-01 12:10:00-04:00,28.389999389648438,28.40999984741211,28.360000610351562,28.40999984741211,3226,0.0,0.0
2024-07-01 12:15:00-04:00,28.40999984741211,28.459999084472656,28.40999984741211,28.459999084472656,1934,0.0,0.0
2024-07-01 12:20:00-04:00,28.452999114990234,28.489999771118164,28.452999114990234,28.459999084472656,1942,0.0,0.0
2024-07-01 12:25:00-04:00,28.440000534057617,28.452499389648438,28.3799991607666,28.3799991607666,4873,0.0,0.0
2024-07-01 12:30:00-04:00,28.360000610351562,28.40999984741211,28.344999313354492,28.3799991607666,7378,0.0,0.0
2024-07-01 12:35:00-04:00,28.40999984741211,28.40999984741211,28.3700008392334,28.3700008392334,1414,0.0,0.0
2024-07-01 12:40:00-04:00,28.399999618530273,28.479999542236328,28.399999618530273,28.479999542236328,4546,0.0,0.0
2024-07-01 12:45:00-04:00,28.420000076293945,28.479999542236328,28.3799991607666,28.44499969482422,10127,0.0,0.0
2024-07-01 12:50:00-04:00,28.44499969482422,28.44499969482422,28.3799991607666,28.389999389648438,7939,0.0,0.0
2024-07-01 12:55:00-04:00,28.334999084472656,28.334999084472656,28.239999771118164,28.239999771118164,4343,0.0,0.0
2024-07-01 13:00:00-04:00,28.239999771118164,28.239999771118164,28.1299991607666,28.135000228881836,17136,0.0,0.0
2024-07-01 13:05:00-04:00,28.139999389648438,28.139999389648438,28.09000015258789,28.110000610351562,8208,0.0,0.0
2024-07-01 13:10:00-04:00,28.110000610351562,28.110000610351562,28.079999923706055,28.09600067138672,4225,0.0,0.0
2024-07-01 13:15:00-04:00,28.104999542236328,28.1299991607666,28.104999542236328,28.1299991607666,2038,0.0,0.0
2024-07-01 13:20:00-04:00,28.1299991607666,28.219999313354492,28.1299991607666,28.200000762939453,7672,0.0,0.0
2024-07-01 13:25:00-04:00,28.209999084472656,28.229999542236328,28.209999084472656,28.229999542236328,4191,0.0,0.0
2024-07-01 13:30:00-04:00,28.209999084472656,28.329999923706055,28.209999084472656,28.329999923706055,9499,0.0,0.0
2024-07-01 13:35:00-04:00,28.329999923706055,28.329999923706055,28.295000076293945,28.329999923706055,2389,0.0,0.0
2024-07-01 13:40:00-04:00,28.329999923706055,28.329999923706055,28.329999923706055,28.329999923706055,905,0.0,0.0
2024-07-01 13:45:00-04:00,28.290000915527344,28.309999465942383,28.260000228881836,28.264999389648438,4532,0.0,0.0
2024-07-01 13:50:00-04:00,28.280000686645508,28.280000686645508,28.25,28.264999389648438,4120,0.0,0.0
2024-07-01 13:55:00-04:00,28.280000686645508,28.329999923706055,28.25,28.329999923706055,7670,0.0,0.0
2024-07-01 14:00:00-04:00,28.329999923706055,28.329999923706055,28.308000564575195,28.329999923706055,2281,0.0,0.0
2024-07-01 14:05:00-04:00,28.329999923706055,28.329999923706055,28.290000915527344,28.309999465942383,1981,0.0,0.0
2024-07-01 14:10:00-04:00,28.290000915527344,28.299999237060547,28.100000381469727,28.100000381469727,10477,0.0,0.0
2024-07-01 14:15:00-04:00,28.079999923706055,28.08300018310547,28.020000457763672,28.08300018310547,8339,0.0,0.0
2024-07-01 14:20:00-04:00,28.049999237060547,28.09000015258789,28.030000686645508,28.049999237060547,5606,0.0,0.0
2024-07-01 14:25:00-04:00,28.049999237060547,28.049999237060547,27.8799991607666,27.969999313354492,18584,0.0,0.0
2024-07-01 14:30:00-04:00,27.989999771118164,28.030000686645508,27.989999771118164,28.020000457763672,5792,0.0,0.0
2024-07-01 14:35:00-04:00,28.040000915527344,28.049999237060547,27.90999984741211,27.90999984741211,5859,0.0,0.0
2024-07-01 14:40:00-04:00,27.889999389648438,27.920000076293945,27.8700008392334,27.920000076293945,5046,0.0,0.0
2024-07-01 14:45:00-04:00,27.93000030517578,27.959999084472656,27.93000030517578,27.959999084472656,5645,0.0,0.0
2024-07-01 14:50:00-04:00,27.959999084472656,27.979999542236328,27.940000534057617,27.940000534057617,3457,0.0,0.0
2024-07-01 14:55:00-04:00,27.940000534057617,28.049999237060547,27.90999984741211,28.020000457763672,8114,0.0,0.0
2024-07-01 15:00:00-04:00,28.020000457763672,28.079999923706055,28.0,28.040000915527344,7014,0.0,0.0
2024-07-01 15:05:00-04:00,28.079999923706055,28.139999389648438,28.041200637817383,28.139999389648438,5569,0.0,0.0
2024-07-01 15:10:00-04:00,28.18000030517578,28.229999542236328,28.18000030517578,28.229999542236328,2763,0.0,0.0
2024-07-01 15:15:00-04:00,28.229999542236328,28.299999237060547,28.165000915527344,28.165000915527344,17029,0.0,0.0
2024-07-01 15:20:00-04:00,28.170000076293945,28.219999313354492,28.15999984741211,28.219999313354492,5630,0.0,0.0
2024-07-01 15:25:00-04:00,28.200000762939453,28.200000762939453,28.149999618530273,28.190000534057617,12368,0.0,0.0
2024-07-01 15:30:00-04:00,28.190000534057617,28.19499969482422,28.05500030517578,28.100000381469727,13200,0.0,0.0
2024-07-01 15:35:00-04:00,28.100000381469727,28.110000610351562,27.964000701904297,27.964000701904297,10838,0.0,0.0
2024-07-01 15:40:00-04:00,27.959999084472656,27.959999084472656,27.93000030517578,27.950000762939453,7431,0.0,0.0
2024-07-01 15:45:00-04:00,27.940000534057617,28.0,27.915000915527344,27.979999542236328,15842,0.0,0.0
2024-07-01 15:50:00-04:00,27.989999771118164,28.049999237060547,27.940000534057617,28.0,39034,0.0,0.0
2024-07-01 15:55:00-04:00,28.0,28.06999969482422,27.9950008392334,28.049999237060547,41329,0.0,0.0
2024-07-02 09:30:00-04:00,27.979999542236328,28.0,27.423999786376953,27.423999786376953,11482,0.0,0.0
2024-07-02 09:35:00-04:00,27.40999984741211,27.610000610351562,27.180099487304688,27.489999771118164,8344,0.0,0.0
2024-07-02 09:40:00-04:00,27.575000762939453,27.6299991607666,27.534000396728516,27.534000396728516,4755,0.0,0.0
2024-07-02 09:45:00-04:00,27.600000381469727,27.600000381469727,27.325000762939453,27.325000762939453,3557,0.0,0.0
2024-07-02 09:50:00-04:00,27.34000015258789,27.479999542236328,27.30780029296875,27.479999542236328,5393,0.0,0.0
2024-07-02 09:55:00-04:00,27.440000534057617,27.440000534057617,27.440000534057617,27.440000534057617,133,0.0,0.0
2024-07-02 10:00:00-04:00,27.530000686645508,27.530000686645508,27.520000457763672,27.520000457763672,794,0.0,0.0
2024-07-02 10:05:00-04:00,27.624000549316406,27.704999923706055,27.624000549316406,27.684999465942383,2298,0.0,0.0
2024-07-02 10:10:00-04:00,27.68000030517578,27.68000030517578,27.61400032043457,27.68000030517578,1621,0.0,0.0
2024-07-02 10:15:00-04:00,27.68000030517578,27.719999313354492,27.670000076293945,27.68000030517578,3058,0.0,0.0
2024-07-02 10:20:00-04:00,27.68000030517578,27.684999465942383,27.625,27.665000915527344,5191,0.0,0.0
2024-07-02 10:25:00-04:00,27.665000915527344,27.719999313354492,27.665000915527344,27.690000534057617,2140,0.0,0.0
2024-07-02 10:30:00-04:00,27.667499542236328,27.729999542236328,27.667499542236328,27.700000762939453,1041,0.0,0.0
2024-07-02 10:35:00-04:00,27.69499969482422,27.829999923706055,27.590099334716797,27.590099334716797,5367,0.0,0.0
2024-07-02 10:40:00-04:00,27.6200008392334,27.6200008392334,27.3799991607666,27.3799991607666,5576,0.0,0.0
2024-07-02 10:45:00-04:00,27.399999618530273,27.399999618530273,27.399999618530273,27.399999618530273,737,0.0,0.0
2024-07-02 10:50:00-04:00,27.459999084472656,27.52989959716797,27.399999618530273,27.434999465942383,3155,0.0,0.0
2024-07-02 10:55:00-04:00,27.434999465942383,27.434999465942383,27.434999465942383,27.434999465942383,1738,0.0,0.0
2024-07-02 11:05:00-04:00,27.3799991607666,27.385000228881836,27.3799991607666,27.385000228881836,2207,0.0,0.0
2024-07-02 11:15:00-04:00,27.440000534057617,27.450000762939453,27.280000686645508,27.315000534057617,8665,0.0,0.0
2024-07-02 11:20:00-04:00,27.280000686645508,27.360000610351562,27.25,27.360000610351562,4989,0.0,0.0
2024-07-02 11:30:00-04:00,27.58989906311035,27.639999389648438,27.58989906311035,27.59000015258789,3770,0.0,0.0
2024-07-02 11:35:00-04:00,27.71500015258789,27.71500015258789,27.71500015258789,27.71500015258789,217,0.0,0.0
2024-07-02 11:40:00-04:00,27.712499618530273,27.712499618530273,27.712499618530273,27.712499618530273,630,0.0,0.0
2024-07-02 11:45:00-04:00,27.725000381469727,27.725000381469727,27.725000381469727,27.725000381469727,340,0.0,0.0
2024-07-02 11:50:00-04:00,27.760000228881836,28.059999465942383,27.760000228881836,28.059999465942383,4065,0.0,0.0
2024-07-02 11:55:00-04:00,27.979999542236328,28.084999084472656,27.920000076293945,28.040000915527344,2246,0.0,0.0
2024-07-02 12:00:00-04:00,28.084999084472656,28.139999389648438,28.084999084472656,28.131999969482422,1098,0.0,0.0
2024-07-02 12:05:00-04:00,28.170000076293945,28.200000762939453,28.100000381469727,28.104999542236328,2587,0.0,0.0
2024-07-02 12:10:00-04:00,27.97010040283203,28.049999237060547,27.950000762939453,27.985000610351562,2610,0.0,0.0
2024-07-02 12:15:00-04:00,28.002500534057617,28.002500534057617,27.985000610351562,27.985000610351562,1514,0.0,0.0
2024-07-02 12:20:00-04:00,27.985000610351562,27.989999771118164,27.985000610351562,27.989999771118164,549,0.0,0.0
2024-07-02 12:25:00-04:00,27.989999771118164,28.110000610351562,27.989999771118164,28.084999084472656,5894,0.0,0.0
2024-07-02 12:30:00-04:00,28.056400299072266,28.1299991607666,28.055200576782227,28.075000762939453,4484,0.0,0.0
2024-07-02 12:35:00-04:00,28.149999618530273,28.149999618530273,28.125,28.132999420166016,1552,0.0,0.0
2024-07-02 12:40:00-04:00,28.139999389648438,28.260000228881836,28.139999389648438,28.260000228881836,4744,0.0,0.0
2024-07-02 12:45:00-04:00,28.2549991607666,28.2549991607666,28.179800033569336,28.179800033569336,1247,0.0,0.0
2024-07-02 12:50:00-04:00,28.18000030517578,28.209999084472656,28.110000610351562,28.110000610351562,4007,0.0,0.0
2024-07-02 12:55:00-04:00,28.170000076293945,28.18000030517578,28.170000076293945,28.18000030517578,745,0.0,0.0
2024-07-02 13:00:00-04:00,28.18000030517578,28.204999923706055,28.1299991607666,28.1299991607666,1932,0.0,0.0
2024-07-02 13:05:00-04:00,28.149999618530273,28.170000076293945,28.135000228881836,28.139999389648438,2969,0.0,0.0
2024-07-02 13:10:00-04:00,28.135000228881836,28.135000228881836,28.010000228881836,28.020000457763672,6318,0.0,0.0
2024-07-02 13:15:00-04:00,28.03499984741211,28.03499984741211,27.905000686645508,27.905000686645508,2023,0.0,0.0
2024-07-02 13:20:00-04:00,27.84000015258789,27.959999084472656,27.84000015258789,27.899999618530273,730,0.0,0.0
2024-07-02 13:25:00-04:00,27.885000228881836,27.885000228881836,27.875,27.875,804,0.0,0.0
2024-07-02 13:30:00-04:00,27.84000015258789,27.84000015258789,27.719999313354492,27.719999313354492,7702,0.0,0.0
2024-07-02 13:35:00-04:00,27.700000762939453,27.799999237060547,27.700000762939453,27.75,3087,0.0,0.0
2024-07-02 13:40:00-04:00,27.860000610351562,27.860000610351562,27.844999313354492,27.844999313354492,685,0.0,0.0
2024-07-02 13:45:00-04:00,27.895000457763672,28.010000228881836,27.895000457763672,28.010000228881836,71958,0.0,0.0
2024-07-02 13:50:00-04:00,28.05500030517578,28.05500030517578,27.8799991607666,27.950000762939453,2581,0.0,0.0
2024-07-02 14:00:00-04:00,28.010000228881836,28.059999465942383,28.0,28.010000228881836,3525,0.0,0.0
2024-07-02 14:05:00-04:00,27.940000534057617,27.940000534057617,27.90999984741211,27.90999984741211,905,0.0,0.0
2024-07-02 14:10:00-04:00,27.93000030517578,27.985000610351562,27.93000030517578,27.985000610351562,1639,0.0,0.0
2024-07-02 14:20:00-04:00,28.059999465942383,28.184999465942383,28.059999465942383,28.184999465942383,2342,0.0,0.0
2024-07-02 14:25:00-04:00,28.100000381469727,28.170000076293945,28.06999969482422,28.15999984741211,2824,0.0,0.0
2024-07-02 14:30:00-04:00,28.15999984741211,28.170000076293945,28.155000686645508,28.170000076293945,605,0.0,0.0
2024-07-02 14:35:00-04:00,28.18000030517578,28.18000030517578,28.18000030517578,28.18000030517578,1137,0.0,0.0
2024-07-02 14:40:00-04:00,28.1299991607666,28.15999984741211,28.110000610351562,28.1427001953125,2455,0.0,0.0
2024-07-02 14:45:00-04:00,28.15999984741211,28.15999984741211,28.09000015258789,28.1200008392334,10462,0.0,0.0
2024-07-02 14:50:00-04:00,28.114999771118164,28.139999389648438,28.079999923706055,28.134199142456055,3960,0.0,0.0
2024-07-02 14:55:00-04:00,28.104999542236328,28.104999542236328,28.104999542236328,28.104999542236328,301,0.0,0.0
2024-07-02 15:00:00-04:00,28.06999969482422,28.06999969482422,27.950000762939453,27.950000762939453,2885,0.0,0.0
2024-07-02 15:05:00-04:00,27.93000030517578,27.93000030517578,27.8700008392334,27.8700008392334,1197,0.0,0.0
2024-07-02 15:10:00-04:00,27.84000015258789,27.854999542236328,27.81999969482422,27.854999542236328,1067,0.0,0.0
2024-07-02 15:15:00-04:00,27.954999923706055,28.03499984741211,27.954999923706055,28.03499984741211,8731,0.0,0.0
2024-07-02 15:20:00-04:00,28.0,28.03499984741211,28.0,28.03499984741211,945,0.0,0.0
2024-07-02 15:25:00-04:00,28.0,28.059999465942383,27.975000381469727,28.059999465942383,4587,0.0,0.0
2024-07-02 15:30:00-04:00,28.030000686645508,28.079999923706055,27.989999771118164,28.040000915527344,3960,0.0,0.0
2024-07-02 15:35:00-04:00,28.040000915527344,28.06999969482422,28.040000915527344,28.040000915527344,3690,0.0,0.0
2024-07-02 15:40:00-04:00,28.014999389648438,28.059999465942383,27.989999771118164,27.989999771118164,6065,0.0,0.0
2024-07-02 15:45:00-04:00,27.979999542236328,27.979999542236328,27.920000076293945,27.920000076293945,3745,0.0,0.0
2024-07-02 15:50:00-04:00,27.895000457763672,27.920000076293945,27.790000915527344,27.81999969482422,8119,0.0,0.0
2024-07-02 15:55:00-04:00,27.770000457763672,28.0,27.709999084472656,28.0,39867,0.0,0.0
2024-07-03 09:30:00-04:00,27.860000610351562,27.860000610351562,27.860000610351562,27.860000610351562,2653,0.0,0.0
2024-07-03 09:35:00-04:00,27.649999618530273,27.649999618530273,27.600000381469727,27.600000381469727,993,0.0,0.0
2024-07-03 09:40:00-04:00,27.60610008239746,27.60610008239746,27.60610008239746,27.60610008239746,501,0.0,0.0
2024-07-03 09:45:00-04:00,27.719999313354492,27.83989906311035,27.665000915527344,27.725200653076172,3856,0.0,0.0
2024-07-03 09:50:00-04:00,27.738000869750977,27.84000015258789,27.725000381469727,27.770000457763672,2563,0.0,0.0
2024-07-03 09:55:00-04:00,27.80500030517578,27.969999313354492,27.80500030517578,27.905000686645508,1381,0.0,0.0
2024-07-03 10:00:00-04:00,27.989999771118164,27.989999771118164,27.989999771118164,27.989999771118164,3691,0.0,0.0
2024-07-03 10:05:00-04:00,28.040000915527344,28.040000915527344,28.040000915527344,28.040000915527344,2612,0.0,0.0
2024-07-03 10:10:00-04:00,28.020000457763672,28.094999313354492,28.020000457763672,28.094999313354492,1627,0.0,0.0
2024-07-03 10:15:00-04:00,28.139999389648438,28.170000076293945,28.104999542236328,28.104999542236328,2369,0.0,0.0
2024-07-03 10:20:00-04:00,28.161500930786133,28.200000762939453,28.1299991607666,28.200000762939453,2287,0.0,0.0
2024-07-03 10:25:00-04:00,28.170000076293945,28.290000915527344,28.170000076293945,28.290000915527344,4540,0.0,0.0
2024-07-03 10:30:00-04:00,28.309999465942383,28.404300689697266,28.309999465942383,28.404300689697266,2458,0.0,0.0
2024-07-03 10:35:00-04:00,28.344999313354492,28.360000610351562,28.344999313354492,28.360000610351562,856,0.0,0.0
2024-07-03 10:40:00-04:00,28.270000457763672,28.270000457763672,28.110000610351562,28.1200008392334,1826,0.0,0.0
2024-07-03 10:45:00-04:00,27.989999771118164,27.9950008392334,27.93000030517578,27.934999465942383,1479,0.0,0.0
2024-07-03 10:50:00-04:00,28.079999923706055,28.209999084472656,28.05500030517578,28.209999084472656,3140,0.0,0.0
2024-07-03 10:55:00-04:00,28.139999389648438,28.139999389648438,28.139999389648438,28.139999389648438,322,0.0,0.0
2024-07-03 11:00:00-04:00,28.100000381469727,28.100000381469727,28.0049991607666,28.0049991607666,1967,0.0,0.0
2024-07-03 11:05:00-04:00,28.059999465942383,28.059999465942383,27.989999771118164,28.024999618530273,1125,0.0,0.0
2024-07-03 11:10:00-04:00,28.014999389648438,28.09000015258789,28.0,28.09000015258789,2969,0.0,0.0
2024-07-03 11:15:00-04:00,28.094999313354492,28.094999313354492,28.0,28.0,1903,0.0,0.0
2024-07-03 11:20:00-04:00,28.03499984741211,28.049999237060547,28.03499984741211,28.049999237060547,941,0.0,0.0
2024-07-03 11:25:00-04:00,28.010900497436523,28.012399673461914,27.899999618530273,27.93470001220703,6132,0.0,0.0
2024-07-03 11:35:00-04:00,27.889999389648438,27.899999618530273,27.8799991607666,27.895000457763672,2413,0.0,0.0
2024-07-03 11:40:00-04:00,27.8799991607666,27.8799991607666,27.795000076293945,27.829999923706055,2880,0.0,0.0
2024-07-03 11:45:00-04:00,27.799999237060547,27.84000015258789,27.799999237060547,27.84000015258789,987,0.0,0.0
2024-07-03 11:50:00-04:00,27.84309959411621,28.110000610351562,27.84309959411621,28.100000381469727,20544,0.0,0.0
2024-07-03 11:55:00-04:00,28.05500030517578,28.15999984741211,28.05500030517578,28.135000228881836,1830,0.0,0.0
2024-07-03 12:00:00-04:00,28.25,28.309999465942383,28.24720001220703,28.25,2691,0.0,0.0
2024-07-03 12:05:00-04:00,28.24799919128418,28.24799919128418,28.24799919128418,28.24799919128418,961,0.0,0.0
2024-07-03 12:10:00-04:00,28.219999313354492,28.280000686645508,28.18000030517578,28.280000686645508,1583,0.0,0.0
2024-07-03 12:15:00-04:00,28.30500030517578,28.30500030517578,28.30500030517578,28.30500030517578,1197,0.0,0.0
2024-07-03 12:25:00-04:00,28.334999084472656,28.385000228881836,28.280000686645508,28.280000686645508,3092,0.0,0.0
2024-07-03 12:30:00-04:00,28.290000915527344,28.290000915527344,28.246999740600586,28.274999618530273,642,0.0,0.0
2024-07-03 12:35:00-04:00,28.290000915527344,28.315000534057617,28.290000915527344,28.315000534057617,1916,0.0,0.0
2024-07-03 12:40:00-04:00,28.290000915527344,28.299999237060547,28.21500015258789,28.21500015258789,3818,0.0,0.0
2024-07-03 12:45:00-04:00,28.219999313354492,28.30500030517578,28.190000534057617,28.30500030517578,4909,0.0,0.0
2024-07-03 12:50:00-04:00,28.309999465942383,28.3799991607666,28.290000915527344,28.354999542236328,2936,0.0,0.0
2024-07-03 12:55:00-04:00,28.399999618530273,28.440000534057617,28.299999237060547,28.299999237060547,20078,0.0,0.0
2024-07-05 09:30:00-04:00,28.139999389648438,28.184999465942383,28.139999389648438,28.184999465942383,2998,0.0,0.0
2024-07-05 09:40:00-04:00,28.149999618530273,28.170000076293945,28.104999542236328,28.104999542236328,4703,0.0,0.0
2024-07-05 09:45:00-04:00,28.06999969482422,28.110000610351562,28.0049991607666,28.0049991607666,2082,0.0,0.0
2024-07-05 09:50:00-04:00,27.985000610351562,27.985000610351562,27.975000381469727,27.975000381469727,120,0.0,0.0
2024-07-05 10:00:00-04:00,27.985000610351562,27.985000610351562,27.985000610351562,27.985000610351562,647,0.0,0.0
2024-07-05 10:05:00-04:00,27.950000762939453,27.950000762939453,27.889999389648438,27.889999389648438,861,0.0,0.0
2024-07-05 10:10:00-04:00,27.905000686645508,27.96500015258789,27.905000686645508,27.954999923706055,3200,0.0,0.0
2024-07-05 10:15:00-04:00,27.96500015258789,28.040000915527344,27.899999618530273,27.940000534057617,12513,0.0,0.0
2024-07-05 10:20:00-04:00,27.950000762939453,28.049999237060547,27.950000762939453,27.954999923706055,7927,0.0,0.0
2024-07-05 10:25:00-04:00,27.924999237060547,27.96500015258789,27.924999237060547,27.96500015258789,989,0.0,0.0
2024-07-05 10:30:00-04:00,27.899999618530273,27.93000030517578,27.898000717163086,27.93000030517578,1077,0.0,0.0
2024-07-05 10:35:00-04:00,27.90999984741211,27.90999984741211,27.90999984741211,27.90999984741211,849,0.0,0.0
2024-07-05 10:40:00-04:00,27.899999618530273,27.940000534057617,27.899999618530273,27.940000534057617,2671,0.0,0.0
2024-07-05 10:45:00-04:00,27.940000534057617,28.0,27.934999465942383,28.0,2739,0.0,0.0
2024-07-05 10:50:00-04:00,28.049999237060547,28.049999237060547,28.020000457763672,28.020000457763672,1094,0.0,0.0
2024-07-05 10:55:00-04:00,28.079999923706055,28.079999923706055,28.079999923706055,28.079999923706055,1427,0.0,0.0
2024-07-05 11:05:00-04:00,28.06999969482422,28.06999969482422,28.06999969482422,28.06999969482422,792,0.0,0.0
2024-07-05 11:10:00-04:00,28.084999084472656,28.084999084472656,28.040000915527344,28.040000915527344,348,0.0,0.0
2024-07-05 11:15:00-04:00,27.987499237060547,28.0049991607666,27.987499237060547,28.0,1094,0.0,0.0
2024-07-05 11:20:00-04:00,28.010000228881836,28.010000228881836,28.0049991607666,28.0049991607666,2053,0.0,0.0
2024-07-05 11:30:00-04:00,28.079999923706055,28.079999923706055,28.040000915527344,28.040000915527344,1004,0.0,0.0
2024-07-05 11:35:00-04:00,28.020000457763672,28.08810043334961,28.010000228881836,28.010000228881836,1777,0.0,0.0
2024-07-05 11:40:00-04:00,28.040000915527344,28.100000381469727,28.040000915527344,28.100000381469727,2203,0.0,0.0
2024-07-05 11:45:00-04:00,28.079999923706055,28.079999923706055,28.079999923706055,28.079999923706055,155,0.0,0.0
2024-07-05 11:50:00-04:00,28.040000915527344,28.079999923706055,28.040000915527344,28.065000534057617,1202,0.0,0.0
2024-07-05 11:55:00-04:00,28.065000534057617,28.065000534057617,28.065000534057617,28.065000534057617,533,0.0,0.0
2024-07-05 12:00:00-04:00,28.09000015258789,28.09000015258789,28.09000015258789,28.09000015258789,475,0.0,0.0
2024-07-05 12:05:00-04:00,28.094999313354492,28.18000030517578,28.08799934387207,28.147499084472656,1873,0.0,0.0
2024-07-05 12:10:00-04:00,28.209999084472656,28.225000381469727,28.209999084472656,28.225000381469727,347,0.0,0.0
2024-07-05 12:15:00-04:00,28.219999313354492,28.219999313354492,28.184999465942383,28.184999465942383,380,0.0,0.0
2024-07-05 12:20:00-04:00,28.209999084472656,28.25,28.209999084472656,28.219999313354492,1257,0.0,0.0
2024-07-05 12:25:00-04:00,28.260000228881836,28.270000457763672,28.260000228881836,28.270000457763672,572,0.0,0.0
2024-07-05 12:30:00-04:00,28.219999313354492,28.219999313354492,28.219999313354492,28.219999313354492,934,0.0,0.0
2024-07-05 12:40:00-04:00,28.209999084472656,28.209999084472656,28.18000030517578,28.209999084472656,697,0.0,0.0
2024-07-05 12:45:00-04:00,28.170000076293945,28.209999084472656,28.145000457763672,28.209999084472656,3115,0.0,0.0
2024-07-05 12:50:00-04:00,28.200000762939453,28.239999771118164,28.190000534057617,28.239999771118164,1524,0.0,0.0
2024-07-05 12:55:00-04:00,28.235000610351562,28.274999618530273,28.235000610351562,28.267900466918945,1979,0.0,0.0
2024-07-05 13:05:00-04:00,28.270000457763672,28.360000610351562,28.270000457763672,28.350000381469727,1046,0.0,0.0
2024-07-05 13:10:00-04:00,28.34000015258789,28.34000015258789,28.25,28.25,5633,0.0,0.0
2024-07-05 13:15:00-04:00,28.270000457763672,28.270000457763672,28.225000381469727,28.225000381469727,1173,0.0,0.0
2024-07-05 13:20:00-04:00,28.219999313354492,28.25,28.204999923706055,28.239999771118164,1807,0.0,0.0
2024-07-05 13:25:00-04:00,28.270000457763672,28.270000457763672,28.270000457763672,28.270000457763672,333,0.0,0.0
2024-07-05 13:30:00-04:00,28.280000686645508,28.280000686645508,28.280000686645508,28.280000686645508,123,0.0,0.0
2024-07-05 13:35:00-04:00,28.260000228881836,28.260000228881836,28.260000228881836,28.260000228881836,619,0.0,0.0
2024-07-05 13:40:00-04:00,28.280000686645508,28.280000686645508,28.25,28.274999618530273,1840,0.0,0.0
2024-07-05 13:45:00-04:00,28.299999237060547,28.299999237060547,28.299999237060547,28.299999237060547,288,0.0,0.0
2024-07-05 13:50:00-04:00,28.31999969482422,28.31999969482422,28.290000915527344,28.290000915527344,1771,0.0,0.0
2024-07-05 14:00:00-04:00,28.30500030517578,28.30500030517578,28.27050018310547,28.295000076293945,2454,0.0,0.0
2024-07-05 14:05:00-04:00,28.3799991607666,28.3799991607666,28.3700008392334,28.3700008392334,1281,0.0,0.0
2024-07-05 14:15:00-04:00,28.360000610351562,28.360000610351562,28.360000610351562,28.360000610351562,1141,0.0,0.0
2024-07-05 14:20:00-04:00,28.329999923706055,28.34149932861328,28.290000915527344,28.30500030517578,5273,0.0,0.0
2024-07-05 14:25:00-04:00,28.309999465942383,28.309999465942383,28.309999465942383,28.309999465942383,949,0.0,0.0
2024-07-05 14:30:00-04:00,28.3700008392334,28.3700008392334,28.3700008392334,28.3700008392334,875,0.0,0.0
2024-07-05 14:45:00-04:00,28.360000610351562,28.420000076293945,28.360000610351562,28.420000076293945,2825,0.0,0.0
2024-07-05 14:50:00-04:00,28.389999389648438,28.389999389648438,28.389999389648438,28.389999389648438,737,0.0,0.0
2024-07-05 14:55:00-04:00,28.420000076293945,28.420000076293945,28.420000076293945,28.420000076293945,1017,0.0,0.0
2024-07-05 15:00:00-04:00,28.420000076293945,28.420000076293945,28.399999618530273,28.405000686645508,567,0.0,0.0
2024-07-05 15:05:00-04:00,28.40999984741211,28.40999984741211,28.40999984741211,28.40999984741211,360,0.0,0.0
2024-07-05 15:10:00-04:00,28.395000457763672,28.395000457763672,28.395000457763672,28.395000457763672,721,0.0,0.0
2024-07-05 15:15:00-04:00,28.420000076293945,28.5,28.420000076293945,28.479999542236328,4085,0.0,0.0
2024-07-05 15:20:00-04:00,28.510000228881836,28.540000915527344,28.510000228881836,28.514999389648438,2148,0.0,0.0
2024-07-05 15:25:00-04:00,28.5,28.5,28.440000534057617,28.44099998474121,2563,0.0,0.0
2024-07-05 15:30:00-04:00,28.420000076293945,28.450000762939453,28.399999618530273,28.44300079345703,2910,0.0,0.0
2024-07-05 15:35:00-04:00,28.450000762939453,28.479999542236328,28.450000762939453,28.479999542236328,1270,0.0,0.0
2024-07-05 15:40:00-04:00,28.469999313354492,28.5,28.43000030517578,28.5,4752,0.0,0.0
2024-07-05 15:45:00-04:00,28.485000610351562,28.489999771118164,28.459999084472656,28.489999771118164,3249,0.0,0.0
2024-07-05 15:50:00-04:00,28.450000762939453,28.479999542236328,28.40999984741211,28.420000076293945,8155,0.0,0.0
2024-07-05 15:55:00-04:00,28.450000762939453,28.530000686645508,28.450000762939453,28.459999084472656,14052,0.0,0.0
2024-07-08 09:30:00-04:00,28.489999771118164,28.600000381469727,28.375,28.520000457763672,51175,0.0,0.0
2024-07-08 09:35:00-04:00,28.520000457763672,28.579999923706055,28.40999984741211,28.454999923706055,4851,0.0,0.0
2024-07-08 09:40:00-04:00,28.434999465942383,28.434999465942383,28.31999969482422,28.31999969482422,28394,0.0,0.0
2024-07-08 09:45:00-04:00,28.3218994140625,28.3218994140625,27.93000030517578,28.1299991607666,32756,0.0,0.0
2024-07-08 09:50:00-04:00,28.1200008392334,28.1299991607666,28.040000915527344,28.059999465942383,3738,0.0,0.0
2024-07-08 09:55:00-04:00,28.040000915527344,28.079999923706055,28.040000915527344,28.049999237060547,743,0.0,0.0
2024-07-08 10:00:00-04:00,28.065000534057617,28.149999618530273,28.049999237060547,28.1299991607666,6391,0.0,0.0
2024-07-08 10:05:00-04:00,28.219999313354492,28.219999313354492,28.09000015258789,28.09000015258789,3262,0.0,0.0
2024-07-08 10:10:00-04:00,28.079999923706055,28.094999313354492,28.030000686645508,28.05500030517578,1768,0.0,0.0
2024-07-08 10:15:00-04:00,28.049999237060547,28.200000762939453,28.045000076293945,28.145000457763672,2658,0.0,0.0
2024-07-08 10:20:00-04:00,28.135000228881836,28.25,28.135000228881836,28.21500015258789,1806,0.0,0.0
2024-07-08 10:25:00-04:00,28.21500015258789,28.21500015258789,28.21500015258789,28.21500015258789,548,0.0,0.0
2024-07-08 10:30:00-04:00,28.18000030517578,28.260000228881836,28.170000076293945,28.260000228881836,3906,0.0,0.0
2024-07-08 10:35:00-04:00,28.209999084472656,28.209999084472656,28.170000076293945,28.170000076293945,755,0.0,0.0
2024-07-08 10:40:00-04:00,28.204999923706055,28.280000686645508,28.204999923706055,28.280000686645508,1950,0.0,0.0
2024-07-08 10:45:00-04:00,28.341299057006836,28.341299057006836,28.34000015258789,28.34000015258789,692,0.0,0.0
2024-07-08 10:50:00-04:00,28.334999084472656,28.334999084472656,28.334999084472656,28.334999084472656,105,0.0,0.0
2024-07-08 10:55:00-04:00,28.360000610351562,28.3700008392334,28.334999084472656,28.3700008392334,636,0.0,0.0
2024-07-08 11:00:00-04:00,28.334999084472656,28.3700008392334,28.334999084472656,28.3700008392334,3028,0.0,0.0
2024-07-08 11:05:00-04:00,28.25,28.299999237060547,28.079999923706055,28.110000610351562,25217,0.0,0.0
2024-07-08 11:10:00-04:00,28.079999923706055,28.149999618530273,27.969999313354492,28.014999389648438,26494,0.0,0.0
2024-07-08 11:15:00-04:00,28.049999237060547,28.05500030517578,27.950000762939453,28.010000228881836,31591,0.0,0.0
2024-07-08 11:20:00-04:00,28.0,28.0,27.934999465942383,27.934999465942383,4045,0.0,0.0
2024-07-08 11:25:00-04:00,27.9325008392334,28.010000228881836,27.850000381469727,27.889999389648438,11505,0.0,0.0
2024-07-08 11:30:00-04:00,27.870899200439453,27.889999389648438,27.829999923706055,27.844999313354492,5066,0.0,0.0
2024-07-08 11:35:00-04:00,27.825000762939453,27.825000762939453,27.8075008392334,27.809999465942383,1551,0.0,0.0
2024-07-08 11:40:00-04:00,27.787500381469727,27.84000015258789,27.787500381469727,27.80500030517578,4150,0.0,0.0
2024-07-08 11:45:00-04:00,27.84000015258789,27.940000534057617,27.84000015258789,27.940000534057617,11228,0.0,0.0
2024-07-08 11:50:00-04:00,27.8700008392334,27.895000457763672,27.829999923706055,27.829999923706055,1162,0.0,0.0
2024-07-08 11:55:00-04:00,27.825000762939453,27.8799991607666,27.809999465942383,27.8799991607666,1503,0.0,0.0
2024-07-08 12:00:00-04:00,27.979999542236328,27.979999542236328,27.916900634765625,27.979999542236328,2466,0.0,0.0
2024-07-08 12:05:00-04:00,27.959999084472656,28.030000686645508,27.899999618530273,27.989999771118164,2640,0.0,0.0
2024-07-08 12:10:00-04:00,28.040000915527344,28.09000015258789,28.040000915527344,28.09000015258789,2001,0.0,0.0
2024-07-08 12:15:00-04:00,28.110000610351562,28.135000228881836,28.110000610351562,28.135000228881836,668,0.0,0.0
2024-07-08 12:20:00-04:00,28.135000228881836,28.135000228881836,27.969999313354492,28.01799964904785,3012,0.0,0.0
2024-07-08 12:25:00-04:00,28.014999389648438,28.040000915527344,27.920000076293945,28.040000915527344,6522,0.0,0.0
2024-07-08 12:30:00-04:00,27.989999771118164,27.989999771118164,27.90999984741211,27.90999984741211,3316,0.0,0.0
2024-07-08 12:35:00-04:00,27.91029930114746,27.91029930114746,27.885000228881836,27.885000228881836,3886,0.0,0.0
2024-07-08 12:40:00-04:00,27.877500534057617,27.90999984741211,27.875,27.90999984741211,2417,0.0,0.0
2024-07-08 12:45:00-04:00,27.940000534057617,27.940000534057617,27.940000534057617,27.940000534057617,488,0.0,0.0
2024-07-08 12:50:00-04:00,27.950000762939453,27.950000762939453,27.950000762939453,27.950000762939453,1508,0.0,0.0
2024-07-08 12:55:00-04:00,27.920000076293945,27.975000381469727,27.920000076293945,27.934999465942383,828,0.0,0.0
2024-07-08 13:00:00-04:00,27.920000076293945,27.94499969482422,27.920000076293945,27.94499969482422,562,0.0,0.0
2024-07-08 13:05:00-04:00,27.969999313354492,27.969999313354492,27.950000762939453,27.950000762939453,1266,0.0,0.0
2024-07-08 13:10:00-04:00,27.950000762939453,27.950000762939453,27.950000762939453,27.950000762939453,799,0.0,0.0
2024-07-08 13:15:00-04:00,27.979999542236328,27.979999542236328,27.920000076293945,27.94499969482422,1959,0.0,0.0
2024-07-08 13:20:00-04:00,27.920000076293945,27.979999542236328,27.90999984741211,27.93000030517578,4685,0.0,0.0
2024-07-08 13:25:00-04:00,27.920000076293945,27.920000076293945,27.8700008392334,27.8700008392334,2111,0.0,0.0
2024-07-08 13:30:00-04:00,27.857500076293945,27.857500076293945,27.857500076293945,27.857500076293945,814,0.0,0.0
2024-07-08 13:35:00-04:00,27.8799991607666,27.90999984741211,27.8799991607666,27.90999984741211,2701,0.0,0.0
2024-07-08 13:40:00-04:00,27.895000457763672,27.920000076293945,27.895000457763672,27.899999618530273,1598,0.0,0.0
2024-07-08 13:50:00-04:00,27.920000076293945,27.93000030517578,27.860000610351562,27.93000030517578,37730,0.0,0.0
2024-07-08 13:55:00-04:00,27.90999984741211,27.90999984741211,27.780000686645508,27.780000686645508,2741,0.0,0.0
2024-07-08 14:00:00-04:00,27.780000686645508,27.780000686645508,27.780000686645508,27.780000686645508,236,0.0,0.0
2024-07-08 14:05:00-04:00,27.780000686645508,27.780000686645508,27.719999313354492,27.75,6228,0.0,0.0
2024-07-08 14:10:00-04:00,27.75,27.809999465942383,27.75,27.795000076293945,3469,0.0,0.0
2024-07-08 14:15:00-04:00,27.809999465942383,27.809999465942383,27.809999465942383,27.809999465942383,195,0.0,0.0
2024-07-08 14:20:00-04:00,27.795000076293945,27.860000610351562,27.795000076293945,27.860000610351562,5510,0.0,0.0
2024-07-08 14:25:00-04:00,27.8799991607666,27.950000762939453,27.8799991607666,27.950000762939453,2064,0.0,0.0
2024-07-08 14:30:00-04:00,27.93000030517578,28.0049991607666,27.93000030517578,28.0049991607666,4544,0.0,0.0
2024-07-08 14:35:00-04:00,28.049999237060547,28.049999237060547,28.049999237060547,28.049999237060547,923,0.0,0.0
2024-07-08 14:40:00-04:00,27.989999771118164,28.010000228881836,27.989999771118164,28.010000228881836,1049,0.0,0.0
2024-07-08 14:45:00-04:00,27.950000762939453,28.010000228881836,27.950000762939453,28.010000228881836,1030,0.0,0.0
2024-07-08 14:50:00-04:00,28.010000228881836,28.049999237060547,28.010000228881836,28.049999237060547,1008,0.0,0.0
2024-07-08 14:55:00-04:00,28.03499984741211,28.03499984741211,27.997499465942383,27.997499465942383,2495,0.0,0.0
2024-07-08 15:00:00-04:00,27.989999771118164,27.989999771118164,27.940000534057617,27.940000534057617,19558,0.0,0.0
2024-07-08 15:05:00-04:00,27.959999084472656,28.0,27.959999084472656,27.969999313354492,3771,0.0,0.0
2024-07-08 15:10:00-04:00,28.006000518798828,28.010000228881836,28.006000518798828,28.010000228881836,4095,0.0,0.0
2024-07-08 15:15:00-04:00,28.010000228881836,28.100000381469727,28.010000228881836,28.100000381469727,3342,0.0,0.0
2024-07-08 15:20:00-04:00,28.110000610351562,28.1299991607666,28.104999542236328,28.1200008392334,1715,0.0,0.0
2024-07-08 15:25:00-04:00,28.079999923706055,28.079999923706055,28.010000228881836,28.010000228881836,1616,0.0,0.0
2024-07-08 15:30:00-04:00,28.010000228881836,28.010000228881836,27.989999771118164,28.0,5878,0.0,0.0
2024-07-08 15:35:00-04:00,28.010000228881836,28.030000686645508,28.010000228881836,28.030000686645508,4999,0.0,0.0
2024-07-08 15:40:00-04:00,28.049999237060547,28.06999969482422,28.030000686645508,28.030000686645508,5220,0.0,0.0
2024-07-08 15:45:00-04:00,28.0,28.010000228881836,27.950000762939453,27.950000762939453,12282,0.0,0.0
2024-07-08 15:50:00-04:00,27.940000534057617,28.010000228881836,27.93000030517578,28.010000228881836,22370,0.0,0.0
2024-07-08 15:55:00-04:00,28.020000457763672,28.049999237060547,27.9950008392334,28.020000457763672,22130,0.0,0.0
2024-07-09 09:30:00-04:00,27.989999771118164,27.989999771118164,27.989999771118164,27.989999771118164,2785,0.0,0.0
2024-07-09 09:35:00-04:00,27.885000228881836,27.885000228881836,27.81999969482422,27.81999969482422,465,0.0,0.0
2024-07-09 09:40:00-04:00,27.90999984741211,27.90999984741211,27.844999313354492,27.844999313354492,1154,0.0,0.0
2024-07-09 09:45:00-04:00,27.770000457763672,27.770000457763672,27.760000228881836,27.760000228881836,451,0.0,0.0
2024-07-09 09:55:00-04:00,27.825000762939453,27.825000762939453,27.825000762939453,27.825000762939453,2551,0.0,0.0
2024-07-09 10:05:00-04:00,27.760000228881836,27.809999465942383,27.700000762939453,27.809999465942383,6453,0.0,0.0
2024-07-09 10:10:00-04:00,27.829999923706055,27.829999923706055,27.809999465942383,27.812299728393555,848,0.0,0.0
2024-07-09 10:15:00-04:00,27.809999465942383,27.8799991607666,27.770000457763672,27.770000457763672,12327,0.0,0.0
2024-07-09 10:20:00-04:00,27.75,27.75,27.75,27.75,2001,0.0,0.0
2024-07-09 10:30:00-04:00,27.760000228881836,27.760000228881836,27.71500015258789,27.71500015258789,1899,0.0,0.0
2024-07-09 10:40:00-04:00,27.735000610351562,27.735000610351562,27.735000610351562,27.735000610351562,389,0.0,0.0
2024-07-09 10:45:00-04:00,27.709999084472656,27.709999084472656,27.709999084472656,27.709999084472656,1664,0.0,0.0
2024-07-09 10:50:00-04:00,27.670000076293945,27.670000076293945,27.670000076293945,27.670000076293945,1408,0.0,0.0
2024-07-09 10:55:00-04:00,27.6299991607666,27.6299991607666,27.6299991607666,27.6299991607666,505,0.0,0.0
2024-07-09 11:00:00-04:00,27.600000381469727,27.639999389648438,27.600000381469727,27.610000610351562,2676,0.0,0.0
2024-07-09 11:15:00-04:00,27.594999313354492,27.594999313354492,27.594999313354492,27.594999313354492,387,0.0,0.0
2024-07-09 11:20:00-04:00,27.6200008392334,27.68000030517578,27.6200008392334,27.662500381469727,2327,0.0,0.0
2024-07-09 11:25:00-04:00,27.65999984741211,27.65999984741211,27.65999984741211,27.65999984741211,423,0.0,0.0
2024-07-09 11:30:00-04:00,27.665000915527344,27.665000915527344,27.665000915527344,27.665000915527344,318,0.0,0.0
2024-07-09 11:35:00-04:00,27.665000915527344,27.75,27.665000915527344,27.719999313354492,1812,0.0,0.0
2024-07-09 11:40:00-04:00,27.739999771118164,27.739999771118164,27.739999771118164,27.739999771118164,428,0.0,0.0
2024-07-09 11:45:00-04:00,27.770000457763672,27.780000686645508,27.7549991607666,27.7549991607666,1448,0.0,0.0
2024-07-09 11:50:00-04:00,27.850000381469727,27.850000381469727,27.81999969482422,27.834999084472656,1540,0.0,0.0
2024-07-09 11:55:00-04:00,27.860000610351562,27.895000457763672,27.860000610351562,27.889999389648438,2760,0.0,0.0
2024-07-09 12:00:00-04:00,27.889999389648438,27.889999389648438,27.889999389648438,27.889999389648438,749,0.0,0.0
2024-07-09 12:05:00-04:00,27.920000076293945,27.959999084472656,27.920000076293945,27.934999465942383,1492,0.0,0.0
2024-07-09 12:10:00-04:00,27.936800003051758,27.940000534057617,27.90999984741211,27.90999984741211,1771,0.0,0.0
2024-07-09 12:20:00-04:00,27.924999237060547,27.924999237060547,27.860000610351562,27.885000228881836,1358,0.0,0.0
2024-07-09 12:25:00-04:00,27.8700008392334,27.8700008392334,27.8700008392334,27.8700008392334,627,0.0,0.0
2024-07-09 12:30:00-04:00,27.860000610351562,27.864999771118164,27.81999969482422,27.829999923706055,4054,0.0,0.0
2024-07-09 12:35:00-04:00,27.8799991607666,27.915000915527344,27.8799991607666,27.915000915527344,1194,0.0,0.0
2024-07-09 12:40:00-04:00,27.920000076293945,27.920000076293945,27.920000076293945,27.920000076293945,305,0.0,0.0
2024-07-09 12:45:00-04:00,27.920000076293945,27.920000076293945,27.920000076293945,27.920000076293945,156,0.0,0.0
2024-07-09 12:50:00-04:00,27.920000076293945,27.920000076293945,27.920000076293945,27.920000076293945,140,0.0,0.0
2024-07-09 12:55:00-04:00,27.90999984741211,27.959999084472656,27.90999984741211,27.90999984741211,2559,0.0,0.0
2024-07-09 13:00:00-04:00,27.979999542236328,28.039899826049805,27.979999542236328,28.039899826049805,1226,0.0,0.0
2024-07-09 13:05:00-04:00,27.954999923706055,27.954999923706055,27.954999923706055,27.954999923706055,273,0.0,0.0
2024-07-09 13:15:00-04:00,27.93000030517578,27.93000030517578,27.8700008392334,27.8700008392334,1716,0.0,0.0
2024-07-09 13:20:00-04:00,27.875,27.889999389648438,27.8700008392334,27.889999389648438,2142,0.0,0.0
2024-07-09 13:25:00-04:00,27.899999618530273,27.905000686645508,27.899999618530273,27.905000686645508,1136,0.0,0.0
2024-07-09 13:30:00-04:00,27.889999389648438,27.93000030517578,27.889999389648438,27.924999237060547,1508,0.0,0.0
2024-07-09 13:40:00-04:00,27.889999389648438,27.90999984741211,27.889999389648438,27.90999984741211,1876,0.0,0.0
2024-07-09 13:45:00-04:00,27.915000915527344,27.915000915527344,27.90999984741211,27.90999984741211,339,0.0,0.0
2024-07-09 13:50:00-04:00,27.889999389648438,27.889999389648438,27.889999389648438,27.889999389648438,341,0.0,0.0
2024-07-09 13:55:00-04:00,27.8700008392334,27.8799991607666,27.860000610351562,27.8799991607666,3118,0.0,0.0
2024-07-09 14:00:00-04:00,27.90999984741211,27.90999984741211,27.899999618530273,27.899999618530273,349,0.0,0.0
2024-07-09 14:10:00-04:00,27.899999618530273,27.899999618530273,27.8799991607666,27.899999618530273,613,0.0,0.0
2024-07-09 14:15:00-04:00,27.8799991607666,27.889999389648438,27.8799991607666,27.889999389648438,387,0.0,0.0
2024-07-09 14:20:00-04:00,27.889999389648438,27.889999389648438,27.850000381469727,27.85099983215332,2831,0.0,0.0
2024-07-09 14:25:00-04:00,27.899999618530273,27.899999618530273,27.84000015258789,27.860000610351562,2667,0.0,0.0
2024-07-09 14:30:00-04:00,27.8799991607666,27.899999618530273,27.860000610351562,27.885000228881836,5991,0.0,0.0
2024-07-09 14:35:00-04:00,27.83009910583496,27.83009910583496,27.83009910583496,27.83009910583496,121,0.0,0.0
2024-07-09 14:40:00-04:00,27.860000610351562,27.88990020751953,27.860000610351562,27.875,3281,0.0,0.0
2024-07-09 14:45:00-04:00,27.924999237060547,27.924999237060547,27.920000076293945,27.920000076293945,522,0.0,0.0
2024-07-09 14:50:00-04:00,27.899999618530273,27.93000030517578,27.8799991607666,27.93000030517578,2895,0.0,0.0
2024-07-09 14:55:00-04:00,27.93000030517578,27.93000030517578,27.93000030517578,27.93000030517578,547,0.0,0.0
2024-07-09 15:00:00-04:00,27.940000534057617,27.940000534057617,27.924999237060547,27.924999237060547,1104,0.0,0.0
2024-07-09 15:10:00-04:00,27.899999618530273,27.899999618530273,27.899999618530273,27.899999618530273,963,0.0,0.0
2024-07-09 15:15:00-04:00,27.920000076293945,27.920000076293945,27.920000076293945,27.920000076293945,2068,0.0,0.0
2024-07-09 15:20:00-04:00,27.926000595092773,27.926000595092773,27.926000595092773,27.926000595092773,180,0.0,0.0
2024-07-09 15:25:00-04:00,27.934999465942383,27.934999465942383,27.8799991607666,27.90999984741211,4066,0.0,0.0
2024-07-09 15:30:00-04:00,27.900100708007812,27.90999984741211,27.877899169921875,27.885000228881836,2210,0.0,0.0
2024-07-09 15:35:00-04:00,27.889999389648438,27.899999618530273,27.889999389648438,27.899999618530273,1420,0.0,0.0
2024-07-09 15:40:00-04:00,27.889999389648438,27.950000762939453,27.8799991607666,27.950000762939453,6668,0.0,0.0
2024-07-09 15:45:00-04:00,27.950000762939453,27.959999084472656,27.920000076293945,27.920000076293945,6703,0.0,0.0
2024-07-09 15:50:00-04:00,27.889999389648438,27.90999984741211,27.84000015258789,27.889999389648438,15385,0.0,0.0
2024-07-09 15:55:00-04:00,27.8700008392334,28.030000686645508,27.8700008392334,28.030000686645508,29109,0.0,0.0
2024-07-10 09:30:00-04:00,27.93000030517578,27.93000030517578,27.93000030517578,27.93000030517578,2610,0.0,0.0
2024-07-10 09:35:00-04:00,28.0,28.149999618530273,27.979999542236328,27.979999542236328,1982,0.0,0.0
2024-07-10 09:40:00-04:00,28.1200008392334,28.1200008392334,28.1200008392334,28.1200008392334,414,0.0,0.0
2024-07-10 09:45:00-04:00,28.065000534057617,28.065000534057617,28.065000534057617,28.065000534057617,190,0.0,0.0
2024-07-10 09:50:00-04:00,28.024999618530273,28.024999618530273,28.024999618530273,28.024999618530273,106,0.0,0.0
2024-07-10 09:55:00-04:00,28.040000915527344,28.040000915527344,28.040000915527344,28.040000915527344,306,0.0,0.0
2024-07-10 10:00:00-04:00,28.110000610351562,28.1299991607666,28.049999237060547,28.084999084472656,1854,0.0,0.0
2024-07-10 10:05:00-04:00,28.100000381469727,28.100000381469727,28.03499984741211,28.03499984741211,2074,0.0,0.0
2024-07-10 10:10:00-04:00,28.030000686645508,28.059999465942383,27.979999542236328,27.979999542236328,4106,0.0,0.0
2024-07-10 10:15:00-04:00,27.979999542236328,27.979999542236328,27.950000762939453,27.950000762939453,1209,0.0,0.0
2024-07-10 10:20:00-04:00,27.934999465942383,28.0049991607666,27.934999465942383,27.959999084472656,2226,0.0,0.0
2024-07-10 10:25:00-04:00,28.03499984741211,28.03700065612793,28.03499984741211,28.03700065612793,318,0.0,0.0
2024-07-10 10:30:00-04:00,27.996999740600586,28.030000686645508,27.996999740600586,28.030000686645508,810,0.0,0.0
2024-07-10 10:40:00-04:00,27.969999313354492,27.969999313354492,27.969999313354492,27.969999313354492,200,0.0,0.0
2024-07-10 10:45:00-04:00,28.0,28.06999969482422,28.0,28.06999969482422,883,0.0,0.0
2024-07-10 10:50:00-04:00,28.049999237060547,28.104999542236328,28.040000915527344,28.104999542236328,2735,0.0,0.0
2024-07-10 10:55:00-04:00,28.139999389648438,28.207500457763672,28.139999389648438,28.204999923706055,2287,0.0,0.0
2024-07-10 11:00:00-04:00,28.229999542236328,28.25,28.21500015258789,28.25,496,0.0,0.0
2024-07-10 11:05:00-04:00,28.18000030517578,28.18000030517578,28.09000015258789,28.09000015258789,1990,0.0,0.0
2024-07-10 11:10:00-04:00,28.114999771118164,28.114999771118164,28.114999771118164,28.114999771118164,479,0.0,0.0
2024-07-10 11:15:00-04:00,28.079999923706055,28.079999923706055,28.079999923706055,28.079999923706055,606,0.0,0.0
2024-07-10 11:20:00-04:00,28.084999084472656,28.084999084472656,28.084999084472656,28.084999084472656,565,0.0,0.0
2024-07-10 11:25:00-04:00,28.084999084472656,28.084999084472656,28.084999084472656,28.084999084472656,492,0.0,0.0
2024-07-10 11:35:00-04:00,28.049999237060547,28.09000015258789,28.049999237060547,28.079999923706055,1707,0.0,0.0
2024-07-10 11:40:00-04:00,28.110000610351562,28.139999389648438,28.110000610351562,28.114999771118164,1750,0.0,0.0
2024-07-10 11:45:00-04:00,28.100000381469727,28.100000381469727,28.100000381469727,28.100000381469727,504,0.0,0.0
2024-07-10 11:50:00-04:00,28.104999542236328,28.149999618530273,28.104999542236328,28.149999618530273,2117,0.0,0.0
2024-07-10 11:55:00-04:00,28.151399612426758,28.170000076293945,28.151399612426758,28.170000076293945,723,0.0,0.0
2024-07-10 12:00:00-04:00,28.170000076293945,28.170000076293945,28.079999923706055,28.1299991607666,6310,0.0,0.0
2024-07-10 12:05:00-04:00,28.149999618530273,28.149999618530273,28.149999618530273,28.149999618530273,1181,0.0,0.0
2024-07-10 12:10:00-04:00,28.15999984741211,28.204999923706055,28.15999984741211,28.204999923706055,2003,0.0,0.0
2024-07-10 12:15:00-04:00,28.229999542236328,28.25,28.229999542236328,28.25,1999,0.0,0.0
2024-07-10 12:20:00-04:00,28.270000457763672,28.329999923706055,28.25,28.250099182128906,3327,0.0,0.0
2024-07-10 12:30:00-04:00,28.295000076293945,28.399999618530273,28.295000076293945,28.399999618530273,2805,0.0,0.0
2024-07-10 12:35:00-04:00,28.3799991607666,28.3799991607666,28.3799991607666,28.3799991607666,724,0.0,0.0
2024-07-10 12:40:00-04:00,28.420000076293945,28.43000030517578,28.420000076293945,28.43000030517578,580,0.0,0.0
2024-07-10 12:45:00-04:00,28.389999389648438,28.43000030517578,28.389999389648438,28.43000030517578,858,0.0,0.0
2024-07-10 12:50:00-04:00,28.420000076293945,28.420000076293945,28.420000076293945,28.420000076293945,1041,0.0,0.0
2024-07-10 12:55:00-04:00,28.3799991607666,28.3799991607666,28.3799991607666,28.3799991607666,1036,0.0,0.0
2024-07-10 13:05:00-04:00,28.420000076293945,28.420000076293945,28.350000381469727,28.350000381469727,850,0.0,0.0
2024-07-10 13:10:00-04:00,28.360000610351562,28.3700008392334,28.360000610351562,28.3700008392334,592,0.0,0.0
2024-07-10 13:15:00-04:00,28.299999237060547,28.299999237060547,28.299999237060547,28.299999237060547,361,0.0,0.0
2024-07-10 13:20:00-04:00,28.280000686645508,28.329999923706055,28.280000686645508,28.329999923706055,1935,0.0,0.0
2024-07-10 13:25:00-04:00,28.33690071105957,28.33690071105957,28.309999465942383,28.309999465942383,1192,0.0,0.0
2024-07-10 13:30:00-04:00,28.309999465942383,28.309999465942383,28.309999465942383,28.309999465942383,2163,0.0,0.0
2024-07-10 13:45:00-04:00,28.280000686645508,28.280000686645508,28.170000076293945,28.170000076293945,1534,0.0,0.0
2024-07-10 13:55:00-04:00,28.149999618530273,28.209999084472656,28.149999618530273,28.209999084472656,3637,0.0,0.0
2024-07-10 14:00:00-04:00,28.209999084472656,28.229999542236328,28.170000076293945,28.17799949645996,2151,0.0,0.0
2024-07-10 14:20:00-04:00,28.094999313354492,28.094999313354492,28.059999465942383,28.059999465942383,1055,0.0,0.0
2024-07-10 14:25:00-04:00,28.079999923706055,28.079999923706055,28.040000915527344,28.040000915527344,728,0.0,0.0
2024-07-10 14:30:00-04:00,28.020000457763672,28.110000610351562,28.020000457763672,28.110000610351562,1959,0.0,0.0
2024-07-10 14:40:00-04:00,28.090499877929688,28.1200008392334,28.079999923706055,28.100000381469727,2776,0.0,0.0
2024-07-10 14:45:00-04:00,28.11840057373047,28.139999389648438,28.11840057373047,28.139999389648438,3128,0.0,0.0
2024-07-10 14:55:00-04:00,28.110000610351562,28.110000610351562,28.079999923706055,28.083900451660156,2756,0.0,0.0
2024-07-10 15:05:00-04:00,28.079999923706055,28.1299991607666,28.079999923706055,28.1299991607666,2058,0.0,0.0
2024-07-10 15:15:00-04:00,28.139999389648438,28.149999618530273,28.139999389648438,28.149999618530273,2711,0.0,0.0
2024-07-10 15:25:00-04:00,28.16010093688965,28.16010093688965,28.15999984741211,28.15999984741211,966,0.0,0.0
2024-07-10 15:30:00-04:00,28.209999084472656,28.209999084472656,28.170000076293945,28.170000076293945,892,0.0,0.0
2024-07-10 15:35:00-04:00,28.18000030517578,28.18000030517578,28.15999984741211,28.18000030517578,3197,0.0,0.0
2024-07-10 15:40:00-04:00,28.190000534057617,28.190000534057617,28.1200008392334,28.155000686645508,6294,0.0,0.0
2024-07-10 15:45:00-04:00,28.170000076293945,28.170000076293945,28.139999389648438,28.139999389648438,6954,0.0,0.0
2024-07-10 15:50:00-04:00,28.1299991607666,28.18000030517578,28.1299991607666,28.18000030517578,11418,0.0,0.0
2024-07-10 15:55:00-04:00,28.18000030517578,28.31999969482422,28.18000030517578,28.309999465942383,33569,0.0,0.0
2024-07-11 09:30:00-04:00,28.600000381469727,28.600000381469727,28.469999313354492,28.469999313354492,8113,0.0,0.0
2024-07-11 09:35:00-04:00,28.420000076293945,28.420000076293945,28.420000076293945,28.420000076293945,148,0.0,0.0
2024-07-11 09:40:00-04:00,28.420000076293945,28.420000076293945,28.329999923706055,28.360000610351562,4332,0.0,0.0
2024-07-11 09:45:00-04:00,28.334999084472656,28.334999084472656,28.334999084472656,28.334999084472656,569,0.0,0.0
2024-07-11 09:55:00-04:00,28.334999084472656,28.46500015258789,28.334999084472656,28.46500015258789,885,0.0,0.0
2024-07-11 10:00:00-04:00,28.388700485229492,28.670000076293945,28.388700485229492,28.670000076293945,4379,0.0,0.0
2024-07-11 10:05:00-04:00,28.65999984741211,28.65999984741211,28.65999984741211,28.65999984741211,984,0.0,0.0
2024-07-11 10:10:00-04:00,28.80500030517578,28.80500030517578,28.80500030517578,28.80500030517578,1156,0.0,0.0
2024-07-11 10:15:00-04:00,28.81999969482422,28.81999969482422,28.649999618530273,28.649999618530273,3660,0.0,0.0
2024-07-11 10:20:00-04:00,28.75,28.75,28.674999237060547,28.674999237060547,975,0.0,0.0
2024-07-11 10:25:00-04:00,28.709999084472656,28.709999084472656,28.655000686645508,28.655000686645508,1268,0.0,0.0
2024-07-11 10:30:00-04:00,28.655000686645508,28.81999969482422,28.655000686645508,28.764999389648438,1713,0.0,0.0
2024-07-11 10:35:00-04:00,28.735000610351562,28.77199935913086,28.735000610351562,28.77199935913086,843,0.0,0.0
2024-07-11 10:40:00-04:00,28.670000076293945,28.670000076293945,28.670000076293945,28.670000076293945,553,0.0,0.0
2024-07-11 10:45:00-04:00,28.700000762939453,28.780000686645508,28.700000762939453,28.780000686645508,3015,0.0,0.0
2024-07-11 10:55:00-04:00,28.799999237060547,28.850000381469727,28.780000686645508,28.850000381469727,2284,0.0,0.0
2024-07-11 11:00:00-04:00,28.81999969482422,28.81999969482422,28.81999969482422,28.81999969482422,129,0.0,0.0
2024-07-11 11:05:00-04:00,28.860000610351562,28.860000610351562,28.799999237060547,28.799999237060547,1863,0.0,0.0
2024-07-11 11:10:00-04:00,28.84000015258789,28.860000610351562,28.81999969482422,28.84000015258789,1912,0.0,0.0
2024-07-11 11:15:00-04:00,28.729999542236328,28.729999542236328,28.729999542236328,28.729999542236328,773,0.0,0.0
2024-07-11 11:20:00-04:00,28.700000762939453,28.700000762939453,28.65999984741211,28.65999984741211,629,0.0,0.0
2024-07-11 11:25:00-04:00,28.65999984741211,28.65999984741211,28.639999389648438,28.639999389648438,1078,0.0,0.0
2024-07-11 11:30:00-04:00,28.655000686645508,28.75,28.655000686645508,28.690000534057617,1808,0.0,0.0
2024-07-11 11:35:00-04:00,28.67919921875,28.67919921875,28.67919921875,28.67919921875,335,0.0,0.0
2024-07-11 11:40:00-04:00,28.65999984741211,28.75,28.65999984741211,28.75,1544,0.0,0.0
2024-07-11 11:45:00-04:00,28.809999465942383,28.809999465942383,28.739999771118164,28.739999771118164,1598,0.0,0.0
2024-07-11 11:50:00-04:00,28.75,28.75,28.68000030517578,28.68000030517578,862,0.0,0.0
2024-07-11 11:55:00-04:00,28.6200008392334,28.6200008392334,28.610000610351562,28.614999771118164,1893,0.0,0.0
2024-07-11 12:05:00-04:00,28.450000762939453,28.56999969482422,28.450000762939453,28.56999969482422,2164,0.0,0.0
2024-07-11 12:10:00-04:00,28.579999923706055,28.59000015258789,28.520000457763672,28.520000457763672,1037,0.0,0.0
2024-07-11 12:15:00-04:00,28.559999465942383,28.559999465942383,28.520000457763672,28.559999465942383,952,0.0,0.0
2024-07-11 12:20:00-04:00,28.510000228881836,28.549999237060547,28.510000228881836,28.549999237060547,485,0.0,0.0
2024-07-11 12:25:00-04:00,28.549999237060547,28.549999237060547,28.469999313354492,28.469999313354492,375,0.0,0.0
2024-07-11 12:30:00-04:00,28.549999237060547,28.549999237060547,28.53499984741211,28.53499984741211,1698,0.0,0.0
2024-07-11 12:35:00-04:00,28.579999923706055,28.59000015258789,28.559999465942383,28.559999465942383,1204,0.0,0.0
2024-07-11 12:40:00-04:00,28.635000228881836,28.635000228881836,28.549999237060547,28.579999923706055,1217,0.0,0.0
2024-07-11 12:45:00-04:00,28.559999465942383,28.559999465942383,28.559999465942383,28.559999465942383,582,0.0,0.0
2024-07-11 12:50:00-04:00,28.469999313354492,28.540000915527344,28.469999313354492,28.540000915527344,2500,0.0,0.0
2024-07-11 12:55:00-04:00,28.545000076293945,28.545000076293945,28.545000076293945,28.545000076293945,247,0.0,0.0
2024-07-11 13:00:00-04:00,28.59000015258789,28.610000610351562,28.56999969482422,28.610000610351562,2024,0.0,0.0
2024-07-11 13:05:00-04:00,28.56999969482422,28.6299991607666,28.56999969482422,28.6299991607666,1216,0.0,0.0
2024-07-11 13:10:00-04:00,28.639999389648438,28.639999389648438,28.614999771118164,28.614999771118164,275,0.0,0.0
2024-07-11 13:15:00-04:00,28.65999984741211,28.68000030517578,28.639999389648438,28.68000030517578,3581,0.0,0.0
2024-07-11 13:20:00-04:00,28.690000534057617,28.739999771118164,28.690000534057617,28.739999771118164,1803,0.0,0.0
2024-07-11 13:25:00-04:00,28.739999771118164,28.739999771118164,28.700000762939453,28.700000762939453,989,0.0,0.0
2024-07-11 13:30:00-04:00,28.739999771118164,28.739999771118164,28.670000076293945,28.674999237060547,1471,0.0,0.0
2024-07-11 13:35:00-04:00,28.670000076293945,28.670000076293945,28.6200008392334,28.6200008392334,2922,0.0,0.0
2024-07-11 13:40:00-04:00,28.6200008392334,28.639999389648438,28.6200008392334,28.639999389648438,909,0.0,0.0
2024-07-11 13:50:00-04:00,28.559999465942383,28.559999465942383,28.559999465942383,28.559999465942383,455,0.0,0.0
2024-07-11 13:55:00-04:00,28.610000610351562,28.610000610351562,28.610000610351562,28.610000610351562,770,0.0,0.0
2024-07-11 14:00:00-04:00,28.55500030517578,28.579999923706055,28.530000686645508,28.530000686645508,1917,0.0,0.0
2024-07-11 14:05:00-04:00,28.56999969482422,28.600000381469727,28.549999237060547,28.56999969482422,1570,0.0,0.0
2024-07-11 14:10:00-04:00,28.600000381469727,28.600000381469727,28.600000381469727,28.600000381469727,519,0.0,0.0
2024-07-11 14:15:00-04:00,28.600000381469727,28.600000381469727,28.600000381469727,28.600000381469727,272,0.0,0.0
2024-07-11 14:20:00-04:00,28.579999923706055,28.6200008392334,28.579999923706055,28.600000381469727,1049,0.0,0.0
2024-07-11 14:25:00-04:00,28.579999923706055,28.579999923706055,28.549999237060547,28.549999237060547,885,0.0,0.0
2024-07-11 14:30:00-04:00,28.549999237060547,28.59000015258789,28.549999237060547,28.59000015258789,1242,0.0,0.0
2024-07-11 14:35:00-04:00,28.56999969482422,28.579999923706055,28.549999237060547,28.579999923706055,1551,0.0,0.0
2024-07-11 14:40:00-04:00,28.6200008392334,28.6200008392334,28.59000015258789,28.59000015258789,1238,0.0,0.0
2024-07-11 14:45:00-04:00,28.579999923706055,28.610000610351562,28.53499984741211,28.53499984741211,4459,0.0,0.0
2024-07-11 14:50:00-04:00,28.489999771118164,28.520000457763672,28.489999771118164,28.520000457763672,1363,0.0,0.0
2024-07-11 14:55:00-04:00,28.489999771118164,28.489999771118164,28.489999771118164,28.489999771118164,962,0.0,0.0
2024-07-11 15:00:00-04:00,28.5,28.530000686645508,28.485000610351562,28.530000686645508,3863,0.0,0.0
2024-07-11 15:10:00-04:00,28.459999084472656,28.520000457763672,28.459999084472656,28.5049991607666,3867,0.0,0.0
2024-07-11 15:15:00-04:00,28.504199981689453,28.56999969482422,28.504199981689453,28.56999969482422,2656,0.0,0.0
2024-07-11 15:20:00-04:00,28.55500030517578,28.579999923706055,28.549999237060547,28.579999923706055,2876,0.0,0.0
2024-07-11 15:25:00-04:00,28.59000015258789,28.59000015258789,28.59000015258789,28.59000015258789,939,0.0,0.0
2024-07-11 15:30:00-04:00,28.610000610351562,28.6200008392334,28.579999923706055,28.600000381469727,4123,0.0,0.0
2024-07-11 15:35:00-04:00,28.6200008392334,28.68000030517578,28.6200008392334,28.649999618530273,3407,0.0,0.0
2024-07-11 15:40:00-04:00,28.68000030517578,28.690000534057617,28.639999389648438,28.65999984741211,2999,0.0,0.0
2024-07-11 15:45:00-04:00,28.674999237060547,28.709999084472656,28.674999237060547,28.690000534057617,4983,0.0,0.0
2024-07-11 15:50:00-04:00,28.65999984741211,28.670000076293945,28.6299991607666,28.6299991607666,8054,0.0,0.0
2024-07-11 15:55:00-04:00,28.559999465942383,28.65999984741211,28.540000915527344,28.6299991607666,23930,0.0,0.0
2024-07-12 09:30:00-04:00,28.940000534057617,29.0,28.86479949951172,28.86479949951172,4499,0.0,0.0
2024-07-12 09:35:00-04:00,28.799999237060547,28.799999237060547,28.799999237060547,28.799999237060547,210,0.0,0.0
2024-07-12 09:40:00-04:00,28.920000076293945,28.93000030517578,28.8700008392334,28.899999618530273,2588,0.0,0.0
2024-07-12 09:45:00-04:00,28.915000915527344,29.114999771118164,28.915000915527344,29.114999771118164,5299,0.0,0.0
2024-07-12 09:50:00-04:00,29.110000610351562,29.239999771118164,29.110000610351562,29.200000762939453,3794,0.0,0.0
2024-07-12 09:55:00-04:00,29.25,29.329999923706055,29.15999984741211,29.251800537109375,2094,0.0,0.0
2024-07-12 10:00:00-04:00,29.31999969482422,29.31999969482422,29.31999969482422,29.31999969482422,540,0.0,0.0
2024-07-12 10:05:00-04:00,29.280000686645508,29.280000686645508,29.190000534057617,29.190000534057617,1765,0.0,0.0
2024-07-12 10:10:00-04:00,29.26849937438965,29.26849937438965,29.25,29.260000228881836,3523,0.0,0.0
2024-07-12 10:15:00-04:00,29.260000228881836,29.369400024414062,29.260000228881836,29.369400024414062,2160,0.0,0.0
2024-07-12 10:20:00-04:00,29.309999465942383,29.420000076293945,29.309999465942383,29.420000076293945,3146,0.0,0.0
2024-07-12 10:25:00-04:00,29.407499313354492,29.4596004486084,29.350000381469727,29.350000381469727,1747,0.0,0.0
2024-07-12 10:30:00-04:00,29.329999923706055,29.360000610351562,29.329999923706055,29.354999542236328,1178,0.0,0.0
2024-07-12 10:40:00-04:00,29.360000610351562,29.360000610351562,29.059999465942383,29.125,3006,0.0,0.0
2024-07-12 10:45:00-04:00,29.070100784301758,29.1200008392334,29.070100784301758,29.1200008392334,493,0.0,0.0
2024-07-12 10:50:00-04:00,29.06999969482422,29.06999969482422,29.06999969482422,29.06999969482422,1072,0.0,0.0
2024-07-12 10:55:00-04:00,29.149999618530273,29.200000762939453,29.110000610351562,29.110000610351562,3078,0.0,0.0
2024-07-12 11:00:00-04:00,29.170000076293945,29.190000534057617,29.096399307250977,29.096399307250977,1579,0.0,0.0
2024-07-12 11:05:00-04:00,29.06999969482422,29.06999969482422,28.940000534057617,28.940000534057617,1917,0.0,0.0
2024-07-12 11:10:00-04:00,28.956300735473633,29.030000686645508,28.956300735473633,29.030000686645508,796,0.0,0.0
2024-07-12 11:15:00-04:00,28.90999984741211,28.90999984741211,28.90999984741211,28.90999984741211,430,0.0,0.0
2024-07-12 11:20:00-04:00,28.902000427246094,28.950000762939453,28.889999389648438,28.950000762939453,1047,0.0,0.0
2024-07-12 11:25:00-04:00,28.94499969482422,28.94499969482422,28.917499542236328,28.917499542236328,1808,0.0,0.0
2024-07-12 11:30:00-04:00,28.94499969482422,28.94499969482422,28.94499969482422,28.94499969482422,584,0.0,0.0
2024-07-12 11:35:00-04:00,28.950000762939453,28.950000762939453,28.799999237060547,28.93000030517578,5519,0.0,0.0
2024-07-12 11:40:00-04:00,28.924999237060547,28.924999237060547,28.924999237060547,28.924999237060547,311,0.0,0.0
2024-07-12 11:45:00-04:00,28.920000076293945,28.920000076293945,28.920000076293945,28.920000076293945,866,0.0,0.0
2024-07-12 11:50:00-04:00,28.890899658203125,28.890899658203125,28.890899658203125,28.890899658203125,281,0.0,0.0
2024-07-12 11:55:00-04:00,28.850000381469727,28.850000381469727,28.829999923706055,28.829999923706055,2168,0.0,0.0
2024-07-12 12:00:00-04:00,28.774999618530273,28.774999618530273,28.774999618530273,28.774999618530273,645,0.0,0.0
2024-07-12 12:05:00-04:00,28.81999969482422,28.81999969482422,28.739999771118164,28.774999618530273,997,0.0,0.0
2024-07-12 12:10:00-04:00,28.790000915527344,28.790000915527344,28.75,28.75,2479,0.0,0.0
2024-07-12 12:15:00-04:00,28.75,28.790000915527344,28.75,28.789899826049805,2474,0.0,0.0
2024-07-12 12:20:00-04:00,28.790000915527344,28.790000915527344,28.56999969482422,28.604999542236328,8296,0.0,0.0
2024-07-12 12:30:00-04:00,28.6299991607666,28.65999984741211,28.600000381469727,28.600000381469727,6896,0.0,0.0
2024-07-12 12:35:00-04:00,28.610000610351562,28.670000076293945,28.610000610351562,28.639999389648438,5832,0.0,0.0
2024-07-12 12:40:00-04:00,28.68000030517578,28.719999313354492,28.665000915527344,28.690000534057617,1341,0.0,0.0
2024-07-12 12:45:00-04:00,28.677499771118164,28.68000030517578,28.677499771118164,28.68000030517578,518,0.0,0.0
2024-07-12 12:50:00-04:00,28.704999923706055,28.729999542236328,28.68000030517578,28.709999084472656,1287,0.0,0.0
2024-07-12 12:55:00-04:00,28.729999542236328,28.729999542236328,28.690000534057617,28.690000534057617,2051,0.0,0.0
2024-07-12 13:00:00-04:00,28.670000076293945,28.700000762939453,28.655000686645508,28.69499969482422,2632,0.0,0.0
2024-07-12 13:05:00-04:00,28.649999618530273,28.69499969482422,28.649999618530273,28.69499969482422,270,0.0,0.0
2024-07-12 13:10:00-04:00,28.704999923706055,28.739999771118164,28.704999923706055,28.739999771118164,595,0.0,0.0
2024-07-12 13:15:00-04:00,28.649999618530273,28.739999771118164,28.649999618530273,28.704999923706055,831,0.0,0.0
2024-07-12 13:25:00-04:00,28.703699111938477,28.739999771118164,28.690000534057617,28.739999771118164,1023,0.0,0.0
2024-07-12 13:30:00-04:00,28.700000762939453,28.700000762939453,28.610000610351562,28.610000610351562,3007,0.0,0.0
2024-07-12 13:35:00-04:00,28.579999923706055,28.670000076293945,28.559999465942383,28.59000015258789,8933,0.0,0.0
2024-07-12 13:40:00-04:00,28.611000061035156,28.625,28.59000015258789,28.625,2726,0.0,0.0
2024-07-12 13:45:00-04:00,28.615299224853516,28.739999771118164,28.573299407958984,28.68000030517578,11200,0.0,0.0
2024-07-12 13:50:00-04:00,28.655000686645508,28.655000686645508,28.6200008392334,28.645000457763672,5937,0.0,0.0
2024-07-12 13:55:00-04:00,28.6299991607666,28.639999389648438,28.6299991607666,28.635099411010742,1213,0.0,0.0
2024-07-12 14:00:00-04:00,28.639999389648438,28.690000534057617,28.639999389648438,28.6825008392334,1564,0.0,0.0
2024-07-12 14:05:00-04:00,28.690000534057617,28.7450008392334,28.690000534057617,28.7450008392334,3088,0.0,0.0
2024-07-12 14:10:00-04:00,28.815000534057617,28.815000534057617,28.815000534057617,28.815000534057617,2076,0.0,0.0
2024-07-12 14:15:00-04:00,28.829999923706055,28.850000381469727,28.829999923706055,28.850000381469727,2765,0.0,0.0
2024-07-12 14:20:00-04:00,28.829999923706055,28.84000015258789,28.829999923706055,28.84000015258789,1780,0.0,0.0
2024-07-12 14:25:00-04:00,28.854999542236328,28.854999542236328,28.81999969482422,28.844999313354492,2075,0.0,0.0
2024-07-12 14:30:00-04:00,28.850000381469727,28.850000381469727,28.75,28.75,8007,0.0,0.0
2024-07-12 14:35:00-04:00,28.760000228881836,28.809999465942383,28.760000228881836,28.809999465942383,3242,0.0,0.0
2024-07-12 14:40:00-04:00,28.829999923706055,28.829999923706055,28.790000915527344,28.790000915527344,3075,0.0,0.0
2024-07-12 14:45:00-04:00,28.809999465942383,28.809999465942383,28.795000076293945,28.795000076293945,1314,0.0,0.0
2024-07-12 14:50:00-04:00,28.739999771118164,28.829999923706055,28.739999771118164,28.825000762939453,3356,0.0,0.0
2024-07-12 14:55:00-04:00,28.84000015258789,28.84000015258789,28.790000915527344,28.799999237060547,8504,0.0,0.0
2024-07-12 15:00:00-04:00,28.790000915527344,28.790000915527344,28.719999313354492,28.764999389648438,3827,0.0,0.0
2024-07-12 15:05:00-04:00,28.739999771118164,28.809999465942383,28.739999771118164,28.809999465942383,4927,0.0,0.0
2024-07-12 15:10:00-04:00,28.81999969482422,28.844999313354492,28.795000076293945,28.844999313354492,2802,0.0,0.0
2024-07-12 15:15:00-04:00,28.81999969482422,28.83989906311035,28.809999465942383,28.809999465942383,1821,0.0,0.0
2024-07-12 15:20:00-04:00,28.850000381469727,28.920000076293945,28.850000381469727,28.899999618530273,6744,0.0,0.0
2024-07-12 15:25:00-04:00,28.899999618530273,28.90999984741211,28.899999618530273,28.902999877929688,1648,0.0,0.0
2024-07-12 15:30:00-04:00,28.915000915527344,28.940000534057617,28.899999618530273,28.940000534057617,7389,0.0,0.0
2024-07-12 15:35:00-04:00,28.910499572753906,28.910499572753906,28.8700008392334,28.8700008392334,3168,0.0,0.0
2024-07-12 15:40:00-04:00,28.860000610351562,28.8799991607666,28.850000381469727,28.8799991607666,6663,0.0,0.0
2024-07-12 15:45:00-04:00,28.8799991607666,28.889999389648438,28.84000015258789,28.84000015258789,5846,0.0,0.0
2024-07-12 15:50:00-04:00,28.850000381469727,28.8700008392334,28.829999923706055,28.829999923706055,13093,0.0,0.0
2024-07-12 15:55:00-04:00,28.84000015258789,28.90999984741211,28.829999923706055,28.8799991607666,30570,0.0,0.0
2024-07-15 09:30:00-04:00,29.06999969482422,29.38800048828125,28.959999084472656,29.0,6221,0.0,0.0
2024-07-15 09:35:00-04:00,29.0,29.0,28.780000686645508,28.829999923706055,4757,0.0,0.0
2024-07-15 09:40:00-04:00,28.829999923706055,29.049999237060547,28.829999923706055,29.049999237060547,3588,0.0,0.0
2024-07-15 09:45:00-04:00,29.1200008392334,29.15999984741211,29.049999237060547,29.15999984741211,3202,0.0,0.0
2024-07-15 09:50:00-04:00,29.079999923706055,29.329999923706055,29.079999923706055,29.263399124145508,4305,0.0,0.0
2024-07-15 09:55:00-04:00,29.260000228881836,29.260000228881836,29.06999969482422,29.06999969482422,4230,0.0,0.0
2024-07-15 10:00:00-04:00,29.18000030517578,29.270000457763672,29.171899795532227,29.270000457763672,1335,0.0,0.0
2024-07-15 10:05:00-04:00,29.290599822998047,29.3700008392334,29.219999313354492,29.270000457763672,4811,0.0,0.0
2024-07-15 10:10:00-04:00,29.40999984741211,29.40999984741211,29.270000457763672,29.280000686645508,1539,0.0,0.0
2024-07-15 10:15:00-04:00,29.219999313354492,29.219999313354492,29.219999313354492,29.219999313354492,846,0.0,0.0
2024-07-15 10:20:00-04:00,29.209999084472656,29.440000534057617,29.209999084472656,29.415000915527344,6298,0.0,0.0
2024-07-15 10:25:00-04:00,29.447500228881836,29.469999313354492,29.434999465942383,29.469999313354492,4302,0.0,0.0
2024-07-15 10:30:00-04:00,29.440000534057617,29.520000457763672,29.440000534057617,29.520000457763672,3410,0.0,0.0
2024-07-15 10:35:00-04:00,29.489999771118164,29.540000915527344,29.479999542236328,29.479999542236328,6815,0.0,0.0
2024-07-15 10:45:00-04:00,29.475000381469727,29.520000457763672,29.43000030517578,29.475000381469727,2112,0.0,0.0
2024-07-15 10:50:00-04:00,29.475000381469727,29.530000686645508,29.440000534057617,29.475000381469727,3714,0.0,0.0
2024-07-15 10:55:00-04:00,29.309999465942383,29.31999969482422,29.2450008392334,29.280000686645508,3510,0.0,0.0
2024-07-15 11:00:00-04:00,29.274999618530273,29.350000381469727,29.274999618530273,29.329999923706055,6703,0.0,0.0
2024-07-15 11:05:00-04:00,29.334999084472656,29.34000015258789,29.31999969482422,29.34000015258789,1278,0.0,0.0
2024-07-15 11:10:00-04:00,29.360000610351562,29.389999389648438,29.34000015258789,29.34000015258789,754,0.0,0.0
2024-07-15 11:15:00-04:00,29.385000228881836,29.420000076293945,29.34000015258789,29.34000015258789,1844,0.0,0.0
2024-07-15 11:20:00-04:00,29.420000076293945,29.420000076293945,29.34000015258789,29.385000228881836,2116,0.0,0.0
2024-07-15 11:25:00-04:00,29.385000228881836,29.385000228881836,29.209999084472656,29.209999084472656,3815,0.0,0.0
2024-07-15 11:35:00-04:00,29.209999084472656,29.280000686645508,29.09000015258789,29.09000015258789,8074,0.0,0.0
2024-07-15 11:40:00-04:00,29.059999465942383,29.149999618530273,29.059999465942383,29.110000610351562,1765,0.0,0.0
2024-07-15 11:50:00-04:00,29.09000015258789,29.229999542236328,29.059999465942383,29.229999542236328,2493,0.0,0.0
2024-07-15 11:55:00-04:00,29.219999313354492,29.219999313354492,29.15999984741211,29.200000762939453,2088,0.0,0.0
2024-07-15 12:00:00-04:00,29.21500015258789,29.270000457763672,29.15999984741211,29.15999984741211,3766,0.0,0.0
2024-07-15 12:05:00-04:00,29.219999313354492,29.219999313354492,29.209999084472656,29.209999084472656,704,0.0,0.0
2024-07-15 12:10:00-04:00,29.149999618530273,29.149999618530273,29.139999389648438,29.139999389648438,1633,0.0,0.0
2024-07-15 12:15:00-04:00,29.09000015258789,29.09000015258789,29.09000015258789,29.09000015258789,1523,0.0,0.0
2024-07-15 12:35:00-04:00,29.045000076293945,29.045000076293945,28.969999313354492,28.969999313354492,1725,0.0,0.0
2024-07-15 12:40:00-04:00,28.91659927368164,29.030000686645508,28.91659927368164,29.030000686645508,2262,0.0,0.0
2024-07-15 12:45:00-04:00,28.979999542236328,28.979999542236328,28.969999313354492,28.97170066833496,856,0.0,0.0
2024-07-15 12:55:00-04:00,28.950000762939453,29.014999389648438,28.950000762939453,29.014999389648438,575,0.0,0.0
2024-07-15 13:00:00-04:00,28.93000030517578,28.950000762939453,28.920000076293945,28.950000762939453,2704,0.0,0.0
2024-07-15 13:05:00-04:00,28.979999542236328,29.024999618530273,28.979999542236328,29.024999618530273,586,0.0,0.0
2024-07-15 13:10:00-04:00,29.030000686645508,29.03499984741211,28.969999313354492,28.969999313354492,2313,0.0,0.0
2024-07-15 13:15:00-04:00,29.014999389648438,29.049999237060547,29.014999389648438,29.030000686645508,628,0.0,0.0
2024-07-15 13:20:00-04:00,29.05500030517578,29.065000534057617,29.030000686645508,29.065000534057617,1353,0.0,0.0
2024-07-15 13:25:00-04:00,29.030000686645508,29.079999923706055,29.010000228881836,29.049999237060547,9733,0.0,0.0
2024-07-15 13:30:00-04:00,29.030000686645508,29.030000686645508,28.959999084472656,28.959999084472656,4500,0.0,0.0
2024-07-15 13:35:00-04:00,29.040000915527344,29.040000915527344,28.96500015258789,28.96500015258789,807,0.0,0.0
2024-07-15 13:45:00-04:00,29.0,29.0,28.90999984741211,28.989999771118164,3603,0.0,0.0
2024-07-15 13:50:00-04:00,28.979999542236328,29.190000534057617,28.979999542236328,29.190000534057617,5095,0.0,0.0
2024-07-15 13:55:00-04:00,29.15999984741211,29.18000030517578,29.149999618530273,29.149999618530273,910,0.0,0.0
2024-07-15 14:00:00-04:00,29.18000030517578,29.229999542236328,29.18000030517578,29.219999313354492,4558,0.0,0.0
2024-07-15 14:05:00-04:00,29.219999313354492,29.219999313354492,29.15999984741211,29.171499252319336,1946,0.0,0.0
2024-07-15 14:10:00-04:00,29.155000686645508,29.15999984741211,29.110000610351562,29.15999984741211,6971,0.0,0.0
2024-07-15 14:15:00-04:00,29.165000915527344,29.165000915527344,29.155000686645508,29.155000686645508,1086,0.0,0.0
2024-07-15 14:20:00-04:00,29.149999618530273,29.200000762939453,29.145000457763672,29.200000762939453,5093,0.0,0.0
2024-07-15 14:25:00-04:00,29.200000762939453,29.274999618530273,29.200000762939453,29.274999618530273,6661,0.0,0.0
2024-07-15 14:30:00-04:00,29.274999618530273,29.290000915527344,29.264999389648438,29.264999389648438,1501,0.0,0.0
2024-07-15 14:35:00-04:00,29.264999389648438,29.274999618530273,29.264999389648438,29.274999618530273,3743,0.0,0.0
2024-07-15 14:40:00-04:00,29.309999465942383,29.38909912109375,29.280000686645508,29.34000015258789,10036,0.0,0.0
2024-07-15 14:45:00-04:00,29.34000015258789,29.3799991607666,29.31999969482422,29.31999969482422,2405,0.0,0.0
2024-07-15 14:50:00-04:00,29.31999969482422,29.3799991607666,29.31999969482422,29.360000610351562,9670,0.0,0.0
2024-07-15 14:55:00-04:00,29.34000015258789,29.5,29.34000015258789,29.459999084472656,9212,0.0,0.0
2024-07-15 15:00:00-04:00,29.475000381469727,29.520000457763672,29.450000762939453,29.520000457763672,3902,0.0,0.0
2024-07-15 15:05:00-04:00,29.489299774169922,29.489999771118164,29.479999542236328,29.479999542236328,2714,0.0,0.0
2024-07-15 15:10:00-04:00,29.5,29.600000381469727,29.5,29.600000381469727,8159,0.0,0.0
2024-07-15 15:15:00-04:00,29.68000030517578,29.729999542236328,29.649999618530273,29.649999618530273,6097,0.0,0.0
2024-07-15 15:20:00-04:00,29.68000030517578,29.739999771118164,29.68000030517578,29.719999313354492,2956,0.0,0.0
2024-07-15 15:25:00-04:00,29.770000457763672,29.799999237060547,29.709999084472656,29.729999542236328,6836,0.0,0.0
2024-07-15 15:30:00-04:00,29.760000228881836,29.80900001525879,29.739999771118164,29.80900001525879,4485,0.0,0.0
2024-07-15 15:35:00-04:00,29.790000915527344,29.815000534057617,29.739999771118164,29.739999771118164,7577,0.0,0.0
2024-07-15 15:40:00-04:00,29.764999389648438,29.809999465942383,29.739999771118164,29.790000915527344,5804,0.0,0.0
2024-07-15 15:45:00-04:00,29.760000228881836,29.760000228881836,29.65999984741211,29.65999984741211,12947,0.0,0.0
2024-07-15 15:50:00-04:00,29.670000076293945,29.719999313354492,29.549999237060547,29.579999923706055,22904,0.0,0.0
2024-07-15 15:55:00-04:00,29.530000686645508,29.600000381469727,29.479999542236328,29.559999465942383,48085,0.0,0.0
2024-07-16 09:30:00-04:00,30.059999465942383,30.690000534057617,29.920000076293945,30.625,16373,0.0,0.0
2024-07-16 09:35:00-04:00,30.584999084472656,30.719999313354492,30.200000762939453,30.514999389648438,13401,0.0,0.0
2024-07-16 09:40:00-04:00,30.700000762939453,30.860000610351562,30.700000762939453,30.81999969482422,4547,0.0,0.0
2024-07-16 09:45:00-04:00,30.770000457763672,31.010000228881836,30.770000457763672,30.989999771118164,5383,0.0,0.0
2024-07-16 09:50:00-04:00,31.0,31.268999099731445,31.0,31.15999984741211,5672,0.0,0.0
2024-07-16 09:55:00-04:00,31.15999984741211,31.40999984741211,31.15999984741211,31.360000610351562,4101,0.0,0.0
2024-07-16 10:00:00-04:00,31.510000228881836,31.549999237060547,31.19499969482422,31.19499969482422,2637,0.0,0.0
2024-07-16 10:05:00-04:00,31.25,31.25,30.90999984741211,31.030099868774414,6755,0.0,0.0
2024-07-16 10:10:00-04:00,31.100000381469727,31.170000076293945,30.969999313354492,30.969999313354492,8960,0.0,0.0
2024-07-16 10:15:00-04:00,30.969999313354492,31.09000015258789,30.799999237060547,30.799999237060547,4307,0.0,0.0
2024-07-16 10:20:00-04:00,30.719999313354492,30.989099502563477,30.709999084472656,30.924999237060547,14159,0.0,0.0
2024-07-16 10:25:00-04:00,30.860000610351562,30.969999313354492,30.770000457763672,30.770000457763672,2433,0.0,0.0
2024-07-16 10:30:00-04:00,30.864999771118164,30.958499908447266,30.690000534057617,30.719999313354492,5221,0.0,0.0
2024-07-16 10:35:00-04:00,30.69499969482422,30.854999542236328,30.684999465942383,30.770099639892578,3265,0.0,0.0
2024-07-16 10:40:00-04:00,30.770599365234375,30.950000762939453,30.770299911499023,30.90999984741211,13400,0.0,0.0
2024-07-16 10:45:00-04:00,30.899999618530273,31.0,30.79170036315918,30.79170036315918,14119,0.0,0.0
2024-07-16 10:50:00-04:00,30.791099548339844,30.860000610351562,30.791099548339844,30.844999313354492,1828,0.0,0.0
2024-07-16 10:55:00-04:00,30.844999313354492,30.90999984741211,30.844999313354492,30.90999984741211,1449,0.0,0.0
2024-07-16 11:00:00-04:00,30.950000762939453,30.989999771118164,30.84000015258789,30.93000030517578,6674,0.0,0.0
2024-07-16 11:05:00-04:00,30.934999465942383,31.0049991607666,30.934999465942383,30.950000762939453,9978,0.0,0.0
2024-07-16 11:10:00-04:00,30.850000381469727,30.918399810791016,30.850000381469727,30.90999984741211,2507,0.0,0.0
2024-07-16 11:15:00-04:00,30.8799991607666,30.8799991607666,30.770000457763672,30.770000457763672,4202,0.0,0.0
2024-07-16 11:20:00-04:00,30.770000457763672,30.799999237060547,30.68000030517578,30.799999237060547,4386,0.0,0.0
2024-07-16 11:25:00-04:00,30.80500030517578,30.889999389648438,30.80500030517578,30.889999389648438,3086,0.0,0.0
2024-07-16 11:30:00-04:00,30.780899047851562,30.81999969482422,30.760000228881836,30.81999969482422,2997,0.0,0.0
2024-07-16 11:35:00-04:00,30.760000228881836,30.825000762939453,30.690000534057617,30.799999237060547,5862,0.0,0.0
2024-07-16 11:40:00-04:00,30.780000686645508,30.809999465942383,30.780000686645508,30.809999465942383,734,0.0,0.0
2024-07-16 11:45:00-04:00,30.815000534057617,30.850000381469727,30.709999084472656,30.709999084472656,3678,0.0,0.0
2024-07-16 11:50:00-04:00,30.729999542236328,30.81999969482422,30.718000411987305,30.815000534057617,2863,0.0,0.0
2024-07-16 11:55:00-04:00,30.825000762939453,30.84000015258789,30.825000762939453,30.825000762939453,939,0.0,0.0
2024-07-16 12:00:00-04:00,30.80500030517578,30.8799991607666,30.799999237060547,30.799999237060547,6536,0.0,0.0
2024-07-16 12:05:00-04:00,30.844999313354492,30.850000381469727,30.795000076293945,30.795000076293945,1087,0.0,0.0
2024-07-16 12:10:00-04:00,30.809999465942383,30.84000015258789,30.780000686645508,30.780000686645508,4501,0.0,0.0
2024-07-16 12:15:00-04:00,30.815000534057617,30.84000015258789,30.770000457763672,30.84000015258789,3747,0.0,0.0
2024-07-16 12:20:00-04:00,30.81999969482422,30.81999969482422,30.760000228881836,30.81999969482422,2613,0.0,0.0
2024-07-16 12:25:00-04:00,30.783199310302734,30.816999435424805,30.783199310302734,30.80500030517578,2231,0.0,0.0
2024-07-16 12:30:00-04:00,30.790000915527344,30.81999969482422,30.790000915527344,30.799999237060547,2909,0.0,0.0
2024-07-16 12:35:00-04:00,30.799999237060547,30.829999923706055,30.799999237060547,30.80500030517578,4878,0.0,0.0
2024-07-16 12:40:00-04:00,30.829999923706055,30.829999923706055,30.780099868774414,30.780099868774414,1585,0.0,0.0
2024-07-16 12:45:00-04:00,30.80500030517578,30.80500030517578,30.80500030517578,30.80500030517578,399,0.0,0.0
2024-07-16 12:50:00-04:00,30.780000686645508,30.780000686645508,30.709999084472656,30.709999084472656,2389,0.0,0.0
2024-07-16 12:55:00-04:00,30.725000381469727,30.75,30.725000381469727,30.7450008392334,1242,0.0,0.0
2024-07-16 13:00:00-04:00,30.709999084472656,30.709999084472656,30.709999084472656,30.709999084472656,336,0.0,0.0
2024-07-16 13:05:00-04:00,30.700000762939453,30.700000762939453,30.6299991607666,30.670000076293945,3134,0.0,0.0
2024-07-16 13:15:00-04:00,30.75,30.760000228881836,30.729999542236328,30.760000228881836,1077,0.0,0.0
2024-07-16 13:20:00-04:00,30.760000228881836,30.760000228881836,30.760000228881836,30.760000228881836,1229,0.0,0.0
2024-07-16 13:25:00-04:00,30.760000228881836,30.760000228881836,30.600000381469727,30.670000076293945,3035,0.0,0.0
2024-07-16 13:30:00-04:00,30.639999389648438,30.639999389648438,30.6299991607666,30.6299991607666,386,0.0,0.0
2024-07-16 13:35:00-04:00,30.639999389648438,30.670000076293945,30.639999389648438,30.670000076293945,1071,0.0,0.0
2024-07-16 13:40:00-04:00,30.665000915527344,30.665000915527344,30.665000915527344,30.665000915527344,368,0.0,0.0
2024-07-16 13:45:00-04:00,30.649999618530273,30.649999618530273,30.649999618530273,30.649999618530273,188,0.0,0.0
2024-07-16 13:50:00-04:00,30.649999618530273,30.68000030517578,30.600000381469727,30.600000381469727,2886,0.0,0.0
2024-07-16 13:55:00-04:00,30.56999969482422,30.75,30.56999969482422,30.75,11461,0.0,0.0
2024-07-16 14:00:00-04:00,30.7549991607666,30.7549991607666,30.75,30.75,2110,0.0,0.0
2024-07-16 14:05:00-04:00,30.7549991607666,30.799999237060547,30.7549991607666,30.780000686645508,2879,0.0,0.0
2024-07-16 14:10:00-04:00,30.774999618530273,30.774999618530273,30.719999313354492,30.75,1209,0.0,0.0
2024-07-16 14:15:00-04:00,30.719999313354492,30.719999313354492,30.709999084472656,30.709999084472656,1847,0.0,0.0
2024-07-16 14:20:00-04:00,30.780000686645508,30.780000686645508,30.75,30.75,5253,0.0,0.0
2024-07-16 14:25:00-04:00,30.780000686645508,30.802499771118164,30.7549991607666,30.760000228881836,3822,0.0,0.0
2024-07-16 14:30:00-04:00,30.764999389648438,30.764999389648438,30.75,30.75,1520,0.0,0.0
2024-07-16 14:35:00-04:00,30.730100631713867,30.730100631713867,30.730100631713867,30.730100631713867,406,0.0,0.0
2024-07-16 14:40:00-04:00,30.760000228881836,30.799999237060547,30.739999771118164,30.790000915527344,6442,0.0,0.0
2024-07-16 14:45:00-04:00,30.75629997253418,30.790000915527344,30.75,30.770000457763672,3141,0.0,0.0
2024-07-16 14:50:00-04:00,30.780000686645508,30.799999237060547,30.760000228881836,30.780000686645508,2550,0.0,0.0
2024-07-16 14:55:00-04:00,30.799999237060547,30.87529945373535,30.799999237060547,30.87529945373535,2745,0.0,0.0
2024-07-16 15:00:00-04:00,30.889999389648438,30.889999389648438,30.81999969482422,30.81999969482422,4079,0.0,0.0
2024-07-16 15:05:00-04:00,30.850000381469727,30.915000915527344,30.850000381469727,30.915000915527344,2091,0.0,0.0
2024-07-16 15:10:00-04:00,30.915000915527344,31.0,30.915000915527344,30.975000381469727,6331,0.0,0.0
2024-07-16 15:15:00-04:00,30.959999084472656,31.0,30.954999923706055,30.959999084472656,4428,0.0,0.0
2024-07-16 15:20:00-04:00,30.940000534057617,30.940000534057617,30.8700008392334,30.915000915527344,3793,0.0,0.0
2024-07-16 15:25:00-04:00,30.8700008392334,30.875,30.860000610351562,30.860000610351562,2570,0.0,0.0
2024-07-16 15:30:00-04:00,30.860000610351562,30.889999389648438,30.809999465942383,30.889999389648438,8478,0.0,0.0
2024-07-16 15:35:00-04:00,30.920000076293945,30.920000076293945,30.915000915527344,30.915000915527344,1034,0.0,0.0
2024-07-16 15:40:00-04:00,30.90999984741211,30.90999984741211,30.829999923706055,30.84000015258789,8416,0.0,0.0
2024-07-16 15:45:00-04:00,30.81999969482422,30.81999969482422,30.719999313354492,30.790000915527344,11903,0.0,0.0
2024-07-16 15:50:00-04:00,30.860000610351562,30.90999984741211,30.829999923706055,30.889999389648438,14733,0.0,0.0
2024-07-16 15:55:00-04:00,30.899999618530273,31.0,30.885000228881836,30.93000030517578,38187,0.0,0.0
2024-07-17 09:30:00-04:00,30.65999984741211,30.65999984741211,29.899999618530273,30.209999084472656,11443,0.0,0.0
2024-07-17 09:35:00-04:00,30.100000381469727,30.344999313354492,30.100000381469727,30.344999313354492,3239,0.0,0.0
2024-07-17 09:40:00-04:00,30.299999237060547,30.299999237060547,30.110000610351562,30.13249969482422,2909,0.0,0.0
2024-07-17 09:45:00-04:00,30.209999084472656,30.219999313354492,30.05500030517578,30.05500030517578,2038,0.0,0.0
2024-07-17 09:50:00-04:00,30.149999618530273,30.290000915527344,30.149999618530273,30.280000686645508,8967,0.0,0.0
2024-07-17 09:55:00-04:00,30.235000610351562,30.235000610351562,30.122499465942383,30.122499465942383,2930,0.0,0.0
2024-07-17 10:00:00-04:00,30.059999465942383,30.114999771118164,30.049999237060547,30.114999771118164,3677,0.0,0.0
2024-07-17 10:05:00-04:00,30.030000686645508,30.030000686645508,29.700000762939453,29.760000228881836,2983,0.0,0.0
2024-07-17 10:10:00-04:00,29.733999252319336,29.84000015258789,29.719999313354492,29.829999923706055,2619,0.0,0.0
2024-07-17 10:15:00-04:00,29.850000381469727,29.940000534057617,29.850000381469727,29.8700008392334,4042,0.0,0.0
2024-07-17 10:20:00-04:00,29.889999389648438,29.889999389648438,29.671199798583984,29.671199798583984,2646,0.0,0.0
2024-07-17 10:25:00-04:00,29.739999771118164,29.739999771118164,29.739999771118164,29.739999771118164,519,0.0,0.0
2024-07-17 10:30:00-04:00,29.69499969482422,29.84000015258789,29.69499969482422,29.81999969482422,2965,0.0,0.0
2024-07-17 10:35:00-04:00,29.8799991607666,29.959999084472656,29.875,29.959999084472656,1667,0.0,0.0
2024-07-17 10:40:00-04:00,29.809999465942383,29.889999389648438,29.809999465942383,29.850000381469727,2082,0.0,0.0
2024-07-17 10:45:00-04:00,29.850000381469727,29.850000381469727,29.850000381469727,29.850000381469727,1038,0.0,0.0
2024-07-17 10:50:00-04:00,30.030000686645508,30.040000915527344,29.969999313354492,29.969999313354492,1119,0.0,0.0
2024-07-17 10:55:00-04:00,29.950000762939453,29.950000762939453,29.811800003051758,29.914400100708008,4375,0.0,0.0
2024-07-17 11:00:00-04:00,29.860000610351562,29.899999618530273,29.8174991607666,29.850000381469727,1620,0.0,0.0
2024-07-17 11:05:00-04:00,29.959999084472656,30.040000915527344,29.920000076293945,30.040000915527344,1934,0.0,0.0
2024-07-17 11:10:00-04:00,30.0,30.0,29.93000030517578,29.975000381469727,2109,0.0,0.0
2024-07-17 11:15:00-04:00,29.985000610351562,29.985000610351562,29.985000610351562,29.985000610351562,1259,0.0,0.0
2024-07-17 11:20:00-04:00,30.020000457763672,30.020000457763672,29.950000762939453,29.950000762939453,1912,0.0,0.0
2024-07-17 11:25:00-04:00,29.940000534057617,29.969999313354492,29.940000534057617,29.969999313354492,4436,0.0,0.0
2024-07-17 11:30:00-04:00,30.0049991607666,30.06999969482422,29.989999771118164,30.042499542236328,6114,0.0,0.0
2024-07-17 11:35:00-04:00,30.030000686645508,30.030000686645508,29.8799991607666,29.93000030517578,2618,0.0,0.0
2024-07-17 11:40:00-04:00,29.940000534057617,29.979999542236328,29.860000610351562,29.885000228881836,16869,0.0,0.0
2024-07-17 11:45:00-04:00,29.850000381469727,29.854999542236328,29.790000915527344,29.790000915527344,4340,0.0,0.0
2024-07-17 11:50:00-04:00,29.795000076293945,29.850000381469727,29.795000076293945,29.834999084472656,2461,0.0,0.0
2024-07-17 11:55:00-04:00,29.850000381469727,29.94499969482422,29.850000381469727,29.895000457763672,2557,0.0,0.0
2024-07-17 12:00:00-04:00,29.895000457763672,29.950000762939453,29.860000610351562,29.860000610351562,5949,0.0,0.0
2024-07-17 12:05:00-04:00,29.829999923706055,29.866199493408203,29.780000686645508,29.780000686645508,4606,0.0,0.0
2024-07-17 12:10:00-04:00,29.770000457763672,29.770000457763672,29.729999542236328,29.729999542236328,1647,0.0,0.0
2024-07-17 12:15:00-04:00,29.700000762939453,29.735000610351562,29.65999984741211,29.735000610351562,1085,0.0,0.0
2024-07-17 12:20:00-04:00,29.725000381469727,29.729999542236328,29.719999313354492,29.719999313354492,1388,0.0,0.0
2024-07-17 12:25:00-04:00,29.700000762939453,29.790000915527344,29.700000762939453,29.75,3433,0.0,0.0
2024-07-17 12:30:00-04:00,29.739999771118164,29.760000228881836,29.719999313354492,29.760000228881836,1430,0.0,0.0
2024-07-17 12:35:00-04:00,29.7549991607666,29.764999389648438,29.7549991607666,29.764999389648438,1623,0.0,0.0
2024-07-17 12:40:00-04:00,29.719999313354492,29.790000915527344,29.719999313354492,29.790000915527344,2043,0.0,0.0
2024-07-17 12:45:00-04:00,29.829999923706055,29.829999923706055,29.709999084472656,29.709999084472656,5554,0.0,0.0
2024-07-17 12:50:00-04:00,29.709999084472656,29.760000228881836,29.704999923706055,29.729999542236328,2977,0.0,0.0
2024-07-17 12:55:00-04:00,29.760000228881836,29.760000228881836,29.760000228881836,29.760000228881836,2033,0.0,0.0
2024-07-17 13:00:00-04:00,29.739999771118164,29.739999771118164,29.719999313354492,29.719999313354492,430,0.0,0.0
2024-07-17 13:05:00-04:00,29.744300842285156,29.744300842285156,29.700000762939453,29.709999084472656,1649,0.0,0.0
2024-07-17 13:10:00-04:00,29.700000762939453,29.700000762939453,29.700000762939453,29.700000762939453,294,0.0,0.0
2024-07-17 13:15:00-04:00,29.670000076293945,29.809999465942383,29.649999618530273,29.719999313354492,9865,0.0,0.0
2024-07-17 13:25:00-04:00,29.729999542236328,29.729999542236328,29.729999542236328,29.729999542236328,1545,0.0,0.0
2024-07-17 13:30:00-04:00,29.760000228881836,29.770000457763672,29.719999313354492,29.739999771118164,5305,0.0,0.0
2024-07-17 13:35:00-04:00,29.80500030517578,29.829999923706055,29.719999313354492,29.719999313354492,4541,0.0,0.0
2024-07-17 13:40:00-04:00,29.760000228881836,29.764999389648438,29.760000228881836,29.764999389648438,841,0.0,0.0
2024-07-17 13:45:00-04:00,29.790000915527344,29.790000915527344,29.700000762939453,29.700000762939453,4947,0.0,0.0
2024-07-17 13:50:00-04:00,29.690000534057617,29.690000534057617,29.610000610351562,29.6200008392334,2382,0.0,0.0
2024-07-17 13:55:00-04:00,29.635000228881836,29.639999389648438,29.635000228881836,29.639999389648438,992,0.0,0.0
2024-07-17 14:00:00-04:00,29.645000457763672,29.64699935913086,29.645000457763672,29.645000457763672,1097,0.0,0.0
2024-07-17 14:05:00-04:00,29.670000076293945,29.940000534057617,29.670000076293945,29.8700008392334,13120,0.0,0.0
2024-07-17 14:10:00-04:00,29.864999771118164,30.010000228881836,29.864999771118164,29.93000030517578,6178,0.0,0.0
2024-07-17 14:15:00-04:00,29.950000762939453,29.950000762939453,29.920000076293945,29.94499969482422,2710,0.0,0.0
2024-07-17 14:20:00-04:00,29.940000534057617,29.940000534057617,29.850000381469727,29.862499237060547,3863,0.0,0.0
2024-07-17 14:25:00-04:00,29.875,29.899999618530273,29.860000610351562,29.8799991607666,1645,0.0,0.0
2024-07-17 14:30:00-04:00,29.8799991607666,29.8799991607666,29.8799991607666,29.8799991607666,756,0.0,0.0
2024-07-17 14:35:00-04:00,29.8799991607666,29.899999618530273,29.8799991607666,29.899999618530273,1963,0.0,0.0
2024-07-17 14:40:00-04:00,29.895000457763672,29.899999618530273,29.850000381469727,29.850000381469727,4374,0.0,0.0
2024-07-17 14:45:00-04:00,29.829999923706055,29.829999923706055,29.690000534057617,29.690000534057617,2131,0.0,0.0
2024-07-17 14:50:00-04:00,29.770000457763672,29.780000686645508,29.7549991607666,29.780000686645508,1844,0.0,0.0
2024-07-17 14:55:00-04:00,29.774999618530273,29.774999618530273,29.770000457763672,29.770000457763672,2353,0.0,0.0
2024-07-17 15:00:00-04:00,29.84000015258789,29.850000381469727,29.799999237060547,29.809999465942383,4275,0.0,0.0
2024-07-17 15:05:00-04:00,29.790000915527344,29.809999465942383,29.729999542236328,29.809999465942383,1993,0.0,0.0
2024-07-17 15:10:00-04:00,29.809999465942383,29.809999465942383,29.700000762939453,29.700000762939453,2675,0.0,0.0
2024-07-17 15:15:00-04:00,29.709999084472656,29.709999084472656,29.65999984741211,29.65999984741211,3839,0.0,0.0
2024-07-17 15:20:00-04:00,29.610000610351562,29.670000076293945,29.610000610351562,29.649999618530273,2230,0.0,0.0
2024-07-17 15:25:00-04:00,29.65999984741211,29.709999084472656,29.65999984741211,29.709199905395508,1997,0.0,0.0
2024-07-17 15:30:00-04:00,29.709999084472656,29.78499984741211,29.709999084472656,29.770000457763672,4737,0.0,0.0
2024-07-17 15:35:00-04:00,29.780000686645508,29.780000686645508,29.719999313354492,29.719999313354492,5188,0.0,0.0
2024-07-17 15:40:00-04:00,29.704999923706055,29.81999969482422,29.690000534057617,29.81999969482422,11113,0.0,0.0
2024-07-17 15:45:00-04:00,29.80500030517578,29.80500030517578,29.559999465942383,29.610000610351562,22356,0.0,0.0
2024-07-17 15:50:00-04:00,29.604999542236328,29.739999771118164,29.56999969482422,29.575000762939453,12314,0.0,0.0
2024-07-17 15:55:00-04:00,29.56999969482422,29.6200008392334,29.549999237060547,29.549999237060547,34939,0.0,0.0
2024-07-18 09:30:00-04:00,29.299999237060547,29.299999237060547,28.700000762939453,28.700000762939453,10912,0.0,0.0
2024-07-18 09:35:00-04:00,28.860000610351562,29.290000915527344,28.860000610351562,29.290000915527344,7580,0.0,0.0
2024-07-18 09:40:00-04:00,29.315000534057617,29.469999313354492,29.1200008392334,29.469999313354492,8620,0.0,0.0
2024-07-18 09:45:00-04:00,29.475000381469727,29.520000457763672,29.405000686645508,29.405000686645508,3891,0.0,0.0
2024-07-18 09:50:00-04:00,29.34000015258789,29.479999542236328,29.309999465942383,29.479999542236328,3378,0.0,0.0
2024-07-18 09:55:00-04:00,29.46500015258789,29.549999237060547,29.46500015258789,29.549999237060547,1713,0.0,0.0
2024-07-18 10:00:00-04:00,29.450000762939453,29.469999313354492,29.280000686645508,29.3700008392334,3285,0.0,0.0
2024-07-18 10:05:00-04:00,29.420000076293945,29.420000076293945,29.360000610351562,29.360000610351562,1603,0.0,0.0
2024-07-18 10:10:00-04:00,29.325000762939453,29.360000610351562,29.239999771118164,29.239999771118164,2595,0.0,0.0
2024-07-18 10:15:00-04:00,29.309999465942383,29.40730094909668,29.309999465942383,29.363500595092773,8373,0.0,0.0
2024-07-18 10:20:00-04:00,29.31999969482422,29.34000015258789,29.290000915527344,29.290000915527344,1376,0.0,0.0
2024-07-18 10:25:00-04:00,29.399999618530273,29.420000076293945,29.389999389648438,29.389999389648438,5974,0.0,0.0
2024-07-18 10:30:00-04:00,29.405000686645508,29.420000076293945,29.405000686645508,29.420000076293945,938,0.0,0.0
2024-07-18 10:35:00-04:00,29.3700008392334,29.3700008392334,29.350000381469727,29.350000381469727,1490,0.0,0.0
2024-07-18 10:40:00-04:00,29.2450008392334,29.2450008392334,29.2450008392334,29.2450008392334,574,0.0,0.0
2024-07-18 10:45:00-04:00,29.15999984741211,29.15999984741211,29.15999984741211,29.15999984741211,652,0.0,0.0
2024-07-18 10:55:00-04:00,29.264999389648438,29.270000457763672,29.145000457763672,29.145000457763672,11394,0.0,0.0
2024-07-18 11:00:00-04:00,29.170000076293945,29.170000076293945,29.149999618530273,29.149999618530273,305,0.0,0.0
2024-07-18 11:05:00-04:00,29.1200008392334,29.1200008392334,28.950000762939453,28.9950008392334,6823,0.0,0.0
2024-07-18 11:10:00-04:00,28.979999542236328,28.979999542236328,28.979999542236328,28.979999542236328,2949,0.0,0.0
2024-07-18 11:15:00-04:00,29.020000457763672,29.020000457763672,29.020000457763672,29.020000457763672,761,0.0,0.0
2024-07-18 11:20:00-04:00,28.940000534057617,28.940000534057617,28.90999984741211,28.90999984741211,1790,0.0,0.0
2024-07-18 11:25:00-04:00,28.950000762939453,28.950000762939453,28.950000762939453,28.950000762939453,515,0.0,0.0
2024-07-18 11:35:00-04:00,28.90999984741211,29.030000686645508,28.875,28.875,3974,0.0,0.0
2024-07-18 11:40:00-04:00,28.850000381469727,28.899999618530273,28.809999465942383,28.899999618530273,2756,0.0,0.0
2024-07-18 11:45:00-04:00,28.840099334716797,28.840099334716797,28.840099334716797,28.840099334716797,169,0.0,0.0
2024-07-18 11:50:00-04:00,28.84000015258789,28.8799991607666,28.829999923706055,28.8799991607666,1117,0.0,0.0
2024-07-18 11:55:00-04:00,28.84000015258789,28.850000381469727,28.79170036315918,28.850000381469727,3497,0.0,0.0
2024-07-18 12:00:00-04:00,28.799999237060547,28.809999465942383,28.798799514770508,28.809999465942383,1553,0.0,0.0
2024-07-18 12:05:00-04:00,28.802000045776367,28.90999984741211,28.802000045776367,28.899999618530273,3582,0.0,0.0
2024-07-18 12:10:00-04:00,28.889999389648438,28.899999618530273,28.84000015258789,28.84000015258789,1191,0.0,0.0
2024-07-18 12:15:00-04:00,28.825000762939453,28.825000762939453,28.825000762939453,28.825000762939453,1810,0.0,0.0
2024-07-18 12:20:00-04:00,28.790000915527344,28.790000915527344,28.780000686645508,28.780000686645508,2905,0.0,0.0
2024-07-18 12:25:00-04:00,28.719999313354492,28.719999313354492,28.684999465942383,28.719999313354492,2650,0.0,0.0
2024-07-18 12:45:00-04:00,28.850000381469727,28.860000610351562,28.850000381469727,28.860000610351562,1378,0.0,0.0
2024-07-18 12:55:00-04:00,28.969999313354492,29.05500030517578,28.969999313354492,29.05500030517578,6273,0.0,0.0
2024-07-18 13:00:00-04:00,29.020000457763672,29.020000457763672,28.959999084472656,28.959999084472656,3302,0.0,0.0
2024-07-18 13:05:00-04:00,28.959999084472656,28.959999084472656,28.895000457763672,28.90999984741211,10621,0.0,0.0
2024-07-18 13:10:00-04:00,28.920000076293945,28.920000076293945,28.920000076293945,28.920000076293945,699,0.0,0.0
2024-07-18 13:20:00-04:00,28.899999618530273,28.950000762939453,28.899999618530273,28.950000762939453,774,0.0,0.0
2024-07-18 13:30:00-04:00,28.940000534057617,28.969999313354492,28.940000534057617,28.940000534057617,2116,0.0,0.0
2024-07-18 13:35:00-04:00,28.950000762939453,28.950000762939453,28.950000762939453,28.950000762939453,441,0.0,0.0
2024-07-18 13:40:00-04:00,28.920000076293945,28.93000030517578,28.920000076293945,28.93000030517578,1776,0.0,0.0
2024-07-18 13:45:00-04:00,28.950000762939453,29.0,28.950000762939453,29.0,808,0.0,0.0
2024-07-18 13:50:00-04:00,28.959999084472656,28.979999542236328,28.889999389648438,28.909900665283203,2375,0.0,0.0
2024-07-18 13:55:00-04:00,28.850000381469727,28.850000381469727,28.850000381469727,28.850000381469727,1618,0.0,0.0
2024-07-18 14:00:00-04:00,28.777000427246094,28.777000427246094,28.777000427246094,28.777000427246094,1760,0.0,0.0
2024-07-18 14:10:00-04:00,28.81999969482422,28.84000015258789,28.81999969482422,28.84000015258789,919,0.0,0.0
2024-07-18 14:15:00-04:00,28.8700008392334,28.93000030517578,28.8700008392334,28.93000030517578,4037,0.0,0.0
2024-07-18 14:20:00-04:00,28.989999771118164,29.045000076293945,28.959999084472656,28.959999084472656,2560,0.0,0.0
2024-07-18 14:25:00-04:00,28.920000076293945,28.920000076293945,28.915000915527344,28.915000915527344,1015,0.0,0.0
2024-07-18 14:35:00-04:00,28.739999771118164,28.739999771118164,28.739999771118164,28.739999771118164,901,0.0,0.0
2024-07-18 14:45:00-04:00,28.75,28.760000228881836,28.75,28.760000228881836,1170,0.0,0.0
2024-07-18 14:50:00-04:00,28.709999084472656,28.729999542236328,28.709999084472656,28.729999542236328,1111,0.0,0.0
2024-07-18 14:55:00-04:00,28.780000686645508,28.799999237060547,28.780000686645508,28.799999237060547,4609,0.0,0.0
2024-07-18 15:00:00-04:00,28.834999084472656,28.834999084472656,28.809999465942383,28.809999465942383,3552,0.0,0.0
2024-07-18 15:05:00-04:00,28.81999969482422,28.829999923706055,28.799999237060547,28.799999237060547,1842,0.0,0.0
2024-07-18 15:10:00-04:00,28.760000228881836,28.760000228881836,28.760000228881836,28.760000228881836,992,0.0,0.0
2024-07-18 15:15:00-04:00,28.799999237060547,28.809999465942383,28.799999237060547,28.809999465942383,1605,0.0,0.0
2024-07-18 15:20:00-04:00,28.809999465942383,28.84000015258789,28.809999465942383,28.84000015258789,2108,0.0,0.0
2024-07-18 15:25:00-04:00,28.829999923706055,28.8799991607666,28.829999923706055,28.8799991607666,1856,0.0,0.0
2024-07-18 15:30:00-04:00,28.93000030517578,28.93000030517578,28.93000030517578,28.93000030517578,2594,0.0,0.0
2024-07-18 15:35:00-04:00,28.959999084472656,29.024999618530273,28.950000762939453,28.989999771118164,11644,0.0,0.0
2024-07-18 15:40:00-04:00,29.030000686645508,29.049999237060547,28.950000762939453,28.950000762939453,4346,0.0,0.0
2024-07-18 15:45:00-04:00,28.949899673461914,29.024999618530273,28.949899673461914,29.010000228881836,3851,0.0,0.0
2024-07-18 15:50:00-04:00,29.010000228881836,29.030000686645508,28.989999771118164,28.989999771118164,7489,0.0,0.0
2024-07-18 15:55:00-04:00,28.989999771118164,29.079999923706055,28.989999771118164,29.06999969482422,18707,0.0,0.0
2024-07-19 09:30:00-04:00,29.010000228881836,29.010000228881836,28.54199981689453,28.549999237060547,10119,0.0,0.0
2024-07-19 09:35:00-04:00,28.844999313354492,28.844999313354492,28.844999313354492,28.844999313354492,1918,0.0,0.0
2024-07-19 09:40:00-04:00,28.969999313354492,29.1200008392334,28.959999084472656,29.1200008392334,2358,0.0,0.0
2024-07-19 09:45:00-04:00,29.040000915527344,29.040000915527344,29.0,29.024999618530273,1167,0.0,0.0
2024-07-19 09:50:00-04:00,29.024999618530273,29.024999618530273,29.024999618530273,29.024999618530273,205,0.0,0.0
2024-07-19 09:55:00-04:00,29.100000381469727,29.100000381469727,28.989999771118164,29.049999237060547,2539,0.0,0.0
2024-07-19 10:00:00-04:00,29.0,29.0,29.0,29.0,313,0.0,0.0
2024-07-19 10:05:00-04:00,29.0,29.014999389648438,28.934999465942383,29.014999389648438,3384,0.0,0.0
2024-07-19 10:10:00-04:00,29.00200080871582,29.00200080871582,29.00200080871582,29.00200080871582,280,0.0,0.0
2024-07-19 10:15:00-04:00,28.969999313354492,29.030000686645508,28.969999313354492,29.030000686645508,2562,0.0,0.0
2024-07-19 10:20:00-04:00,29.010000228881836,29.024999618530273,29.010000228881836,29.024999618530273,853,0.0,0.0
2024-07-19 10:25:00-04:00,28.979999542236328,28.979999542236328,28.924999237060547,28.924999237060547,2482,0.0,0.0
2024-07-19 10:30:00-04:00,28.989999771118164,28.989999771118164,28.93000030517578,28.94499969482422,3015,0.0,0.0
2024-07-19 10:35:00-04:00,28.954999923706055,29.0,28.954999923706055,29.0,2036,0.0,0.0
2024-07-19 10:40:00-04:00,28.93000030517578,28.959999084472656,28.93000030517578,28.959999084472656,3785,0.0,0.0
2024-07-19 10:45:00-04:00,29.0,29.049999237060547,29.0,29.049999237060547,1238,0.0,0.0
2024-07-19 10:50:00-04:00,29.05500030517578,29.05500030517578,28.969999313354492,29.020000457763672,2986,0.0,0.0
2024-07-19 10:55:00-04:00,29.079999923706055,29.112499237060547,29.053300857543945,29.110000610351562,1186,0.0,0.0
2024-07-19 11:00:00-04:00,29.075000762939453,29.079999923706055,29.075000762939453,29.079999923706055,1183,0.0,0.0
2024-07-19 11:05:00-04:00,29.045000076293945,29.100000381469727,29.045000076293945,29.079999923706055,2346,0.0,0.0
2024-07-19 11:10:00-04:00,29.079999923706055,29.079999923706055,29.0,29.010000228881836,1811,0.0,0.0
2024-07-19 11:15:00-04:00,29.010000228881836,29.010000228881836,29.010000228881836,29.010000228881836,412,0.0,0.0
2024-07-19 11:20:00-04:00,29.010000228881836,29.033000946044922,29.010000228881836,29.010000228881836,877,0.0,0.0
2024-07-19 11:25:00-04:00,29.020000457763672,29.020000457763672,28.920000076293945,28.920000076293945,1992,0.0,0.0
2024-07-19 11:30:00-04:00,28.93000030517578,28.93000030517578,28.93000030517578,28.93000030517578,684,0.0,0.0
2024-07-19 11:35:00-04:00,28.979999542236328,29.0,28.979999542236328,29.0,310,0.0,0.0
2024-07-19 11:40:00-04:00,29.020000457763672,29.030000686645508,28.974199295043945,28.974199295043945,1676,0.0,0.0
2024-07-19 11:45:00-04:00,28.989999771118164,29.030000686645508,28.969999313354492,29.030000686645508,1632,0.0,0.0
2024-07-19 11:50:00-04:00,29.03499984741211,29.09000015258789,29.03499984741211,29.03700065612793,3025,0.0,0.0
2024-07-19 11:55:00-04:00,29.059999465942383,29.114999771118164,29.059999465942383,29.114999771118164,1878,0.0,0.0
2024-07-19 12:00:00-04:00,29.135000228881836,29.135000228881836,29.135000228881836,29.135000228881836,284,0.0,0.0
2024-07-19 12:05:00-04:00,29.145000457763672,29.15999984741211,29.145000457763672,29.15999984741211,1099,0.0,0.0
2024-07-19 12:10:00-04:00,29.15999984741211,29.15999984741211,29.15999984741211,29.15999984741211,515,0.0,0.0
2024-07-19 12:15:00-04:00,29.15999984741211,29.15999984741211,29.15999984741211,29.15999984741211,1265,0.0,0.0
2024-07-19 12:20:00-04:00,29.170000076293945,29.170000076293945,29.170000076293945,29.170000076293945,669,0.0,0.0
2024-07-19 12:25:00-04:00,29.170000076293945,29.170000076293945,29.170000076293945,29.170000076293945,138,0.0,0.0
2024-07-19 12:30:00-04:00,29.170000076293945,29.170000076293945,29.06999969482422,29.094999313354492,4218,0.0,0.0
2024-07-19 12:35:00-04:00,29.094999313354492,29.094999313354492,29.094999313354492,29.094999313354492,174,0.0,0.0
2024-07-19 12:40:00-04:00,29.125,29.1299991607666,29.110000610351562,29.110000610351562,884,0.0,0.0
2024-07-19 12:45:00-04:00,29.045000076293945,29.084999084472656,29.045000076293945,29.079999923706055,831,0.0,0.0
2024-07-19 12:55:00-04:00,29.065000534057617,29.09000015258789,29.040000915527344,29.06999969482422,3576,0.0,0.0
2024-07-19 13:00:00-04:00,29.049999237060547,29.114999771118164,29.049999237060547,29.114999771118164,3739,0.0,0.0
2024-07-19 13:05:00-04:00,29.12700080871582,29.135000228881836,29.12700080871582,29.135000228881836,899,0.0,0.0
2024-07-19 13:10:00-04:00,29.1299991607666,29.1299991607666,29.1299991607666,29.1299991607666,523,0.0,0.0
2024-07-19 13:15:00-04:00,29.1200008392334,29.1200008392334,29.1200008392334,29.1200008392334,149,0.0,0.0
2024-07-19 13:20:00-04:00,29.1200008392334,29.1200008392334,29.079999923706055,29.079999923706055,2245,0.0,0.0
2024-07-19 13:25:00-04:00,29.065000534057617,29.065000534057617,29.05500030517578,29.05500030517578,1202,0.0,0.0
2024-07-19 13:30:00-04:00,29.020000457763672,29.020000457763672,28.9950008392334,29.0,1427,0.0,0.0
2024-07-19 13:35:00-04:00,29.010000228881836,29.059999465942383,28.969999313354492,29.045000076293945,1699,0.0,0.0
2024-07-19 13:40:00-04:00,29.040000915527344,29.040000915527344,29.020000457763672,29.020000457763672,959,0.0,0.0
2024-07-19 13:45:00-04:00,29.020000457763672,29.079999923706055,29.020000457763672,29.079999923706055,5972,0.0,0.0
2024-07-19 13:50:00-04:00,29.079999923706055,29.079999923706055,29.079999923706055,29.079999923706055,699,0.0,0.0
2024-07-19 13:55:00-04:00,29.110000610351562,29.170000076293945,29.110000610351562,29.170000076293945,945,0.0,0.0
2024-07-19 14:00:00-04:00,29.190000534057617,29.190000534057617,29.190000534057617,29.190000534057617,1321,0.0,0.0
2024-07-19 14:05:00-04:00,29.149999618530273,29.149999618530273,29.149999618530273,29.149999618530273,134,0.0,0.0
2024-07-19 14:10:00-04:00,29.145000457763672,29.145000457763672,29.145000457763672,29.145000457763672,159,0.0,0.0
2024-07-19 14:15:00-04:00,29.145000457763672,29.145000457763672,29.145000457763672,29.145000457763672,1483,0.0,0.0
2024-07-19 14:20:00-04:00,29.1200008392334,29.1200008392334,29.1200008392334,29.1200008392334,1187,0.0,0.0
2024-07-19 14:25:00-04:00,29.075000762939453,29.075000762939453,29.075000762939453,29.075000762939453,305,0.0,0.0
2024-07-19 14:30:00-04:00,29.07200050354004,29.07200050354004,29.059999465942383,29.059999465942383,1093,0.0,0.0
2024-07-19 14:35:00-04:00,29.049999237060547,29.049999237060547,29.049999237060547,29.049999237060547,226,0.0,0.0
2024-07-19 14:40:00-04:00,29.010000228881836,29.020000457763672,28.954999923706055,28.954999923706055,2849,0.0,0.0
2024-07-19 14:45:00-04:00,29.0,29.014999389648438,29.0,29.014999389648438,1220,0.0,0.0
2024-07-19 14:50:00-04:00,29.010000228881836,29.010000228881836,28.969999313354492,28.969999313354492,2471,0.0,0.0
2024-07-19 14:55:00-04:00,28.969999313354492,28.969999313354492,28.969999313354492,28.969999313354492,1220,0.0,0.0
2024-07-19 15:00:00-04:00,28.950000762939453,28.969999313354492,28.920000076293945,28.954999923706055,3481,0.0,0.0
2024-07-19 15:05:00-04:00,28.96500015258789,28.989999771118164,28.96500015258789,28.989999771118164,1530,0.0,0.0
2024-07-19 15:10:00-04:00,29.020000457763672,29.024999618530273,29.020000457763672,29.024999618530273,1406,0.0,0.0
2024-07-19 15:20:00-04:00,29.049999237060547,29.06999969482422,29.049999237060547,29.06999969482422,2380,0.0,0.0
2024-07-19 15:30:00-04:00,29.09000015258789,29.09000015258789,29.06999969482422,29.06999969482422,891,0.0,0.0
2024-07-19 15:35:00-04:00,29.049999237060547,29.049999237060547,28.950000762939453,28.959999084472656,5081,0.0,0.0
2024-07-19 15:40:00-04:00,28.934999465942383,28.950000762939453,28.93000030517578,28.93000030517578,4004,0.0,0.0
2024-07-19 15:45:00-04:00,28.940000534057617,28.940000534057617,28.899999618530273,28.920000076293945,4283,0.0,0.0
2024-07-19 15:50:00-04:00,28.940000534057617,29.059999465942383,28.940000534057617,29.049999237060547,6897,0.0,0.0
2024-07-19 15:55:00-04:00,29.030000686645508,29.1200008392334,29.020000457763672,29.1200008392334,17869,0.0,0.0
2024-07-22 09:30:00-04:00,29.25,29.559900283813477,29.170000076293945,29.174999237060547,8245,0.0,0.0
2024-07-22 09:35:00-04:00,29.2450008392334,29.520000457763672,29.2450008392334,29.520000457763672,1367,0.0,0.0
2024-07-22 09:40:00-04:00,29.530000686645508,29.530000686645508,29.530000686645508,29.530000686645508,1707,0.0,0.0
2024-07-22 09:45:00-04:00,29.549999237060547,29.549999237060547,29.549999237060547,29.549999237060547,234,0.0,0.0
2024-07-22 09:50:00-04:00,29.350000381469727,29.3700008392334,29.209999084472656,29.209999084472656,5451,0.0,0.0
2024-07-22 09:55:00-04:00,29.0625,29.149999618530273,29.0625,29.125,2015,0.0,0.0
2024-07-22 10:00:00-04:00,29.25,29.25,29.25,29.25,405,0.0,0.0
2024-07-22 10:05:00-04:00,29.139999389648438,29.139999389648438,29.040000915527344,29.040000915527344,4338,0.0,0.0
2024-07-22 10:10:00-04:00,29.082500457763672,29.309999465942383,29.082500457763672,29.309999465942383,3636,0.0,0.0
2024-07-22 10:15:00-04:00,29.329999923706055,29.469999313354492,29.329999923706055,29.469999313354492,545,0.0,0.0
2024-07-22 10:20:00-04:00,29.469999313354492,29.469999313354492,29.415000915527344,29.43000030517578,1413,0.0,0.0
2024-07-22 10:25:00-04:00,29.389999389648438,29.389999389648438,29.389999389648438,29.389999389648438,601,0.0,0.0
2024-07-22 10:30:00-04:00,29.47599983215332,29.47599983215332,29.417499542236328,29.417499542236328,1510,0.0,0.0
2024-07-22 10:35:00-04:00,29.459999084472656,29.459999084472656,29.459999084472656,29.459999084472656,666,0.0,0.0
2024-07-22 10:40:00-04:00,29.530000686645508,29.545000076293945,29.500099182128906,29.500099182128906,2706,0.0,0.0
2024-07-22 10:45:00-04:00,29.5,29.5,29.450000762939453,29.450000762939453,2491,0.0,0.0
2024-07-22 10:50:00-04:00,29.5,29.54050064086914,29.5,29.54050064086914,1430,0.0,0.0
2024-07-22 10:55:00-04:00,29.59000015258789,29.690000534057617,29.59000015258789,29.690000534057617,2471,0.0,0.0
2024-07-22 11:00:00-04:00,29.819900512695312,29.819900512695312,29.819900512695312,29.819900512695312,116,0.0,0.0
2024-07-22 11:05:00-04:00,29.75,29.75,29.75,29.75,361,0.0,0.0
2024-07-22 11:10:00-04:00,29.610000610351562,29.610000610351562,29.610000610351562,29.610000610351562,2491,0.0,0.0
2024-07-22 11:15:00-04:00,29.665000915527344,29.709999084472656,29.645000457763672,29.709999084472656,2490,0.0,0.0
2024-07-22 11:20:00-04:00,29.729999542236328,29.90999984741211,29.729999542236328,29.90999984741211,8573,0.0,0.0
2024-07-22 11:25:00-04:00,29.885000228881836,30.059999465942383,29.885000228881836,29.940000534057617,4824,0.0,0.0
2024-07-22 11:30:00-04:00,29.93000030517578,30.059999465942383,29.93000030517578,30.049999237060547,7202,0.0,0.0
2024-07-22 11:35:00-04:00,30.079999923706055,30.110000610351562,30.079999923706055,30.110000610351562,748,0.0,0.0
2024-07-22 11:40:00-04:00,30.030000686645508,30.110000610351562,30.030000686645508,30.110000610351562,1540,0.0,0.0
2024-07-22 11:45:00-04:00,30.149999618530273,30.219999313354492,30.110000610351562,30.219999313354492,5230,0.0,0.0
2024-07-22 11:50:00-04:00,30.1200008392334,30.18000030517578,30.1200008392334,30.172000885009766,4014,0.0,0.0
2024-07-22 11:55:00-04:00,30.100000381469727,30.149999618530273,30.100000381469727,30.149999618530273,5526,0.0,0.0
2024-07-22 12:05:00-04:00,30.190000534057617,30.290000915527344,30.190000534057617,30.290000915527344,3768,0.0,0.0
2024-07-22 12:10:00-04:00,30.299999237060547,30.299999237060547,30.15999984741211,30.15999984741211,5386,0.0,0.0
2024-07-22 12:15:00-04:00,30.157400131225586,30.229999542236328,30.157400131225586,30.229999542236328,1130,0.0,0.0
2024-07-22 12:20:00-04:00,30.229999542236328,30.229999542236328,30.229999542236328,30.229999542236328,573,0.0,0.0
2024-07-22 12:25:00-04:00,30.219999313354492,30.219999313354492,30.219999313354492,30.219999313354492,869,0.0,0.0
2024-07-22 12:30:00-04:00,30.209999084472656,30.209999084472656,30.18000030517578,30.18000030517578,1619,0.0,0.0
2024-07-22 12:35:00-04:00,30.229999542236328,30.36009979248047,30.229900360107422,30.36009979248047,10139,0.0,0.0
2024-07-22 12:40:00-04:00,30.469999313354492,30.469999313354492,30.440000534057617,30.440000534057617,1540,0.0,0.0
2024-07-22 12:45:00-04:00,30.440000534057617,30.440000534057617,30.34000015258789,30.34000015258789,1214,0.0,0.0
2024-07-22 12:50:00-04:00,30.337799072265625,30.482999801635742,30.337799072265625,30.482999801635742,4684,0.0,0.0
2024-07-22 12:55:00-04:00,30.5,30.5,30.450000762939453,30.450000762939453,5094,0.0,0.0
2024-07-22 13:00:00-04:00,30.510000228881836,30.59000015258789,30.475000381469727,30.549999237060547,3236,0.0,0.0
2024-07-22 13:05:00-04:00,30.6200008392334,30.6200008392334,30.6200008392334,30.6200008392334,409,0.0,0.0
2024-07-22 13:10:00-04:00,30.540000915527344,30.540000915527344,30.395000457763672,30.395000457763672,3286,0.0,0.0
2024-07-22 13:15:00-04:00,30.399999618530273,30.399999618530273,30.315000534057617,30.315000534057617,2331,0.0,0.0
2024-07-22 13:20:00-04:00,30.280000686645508,30.280000686645508,30.280000686645508,30.280000686645508,747,0.0,0.0
2024-07-22 13:25:00-04:00,30.270000457763672,30.299999237060547,30.239999771118164,30.239999771118164,2449,0.0,0.0
2024-07-22 13:30:00-04:00,30.229999542236328,30.450000762939453,30.229999542236328,30.399999618530273,2619,0.0,0.0
2024-07-22 13:35:00-04:00,30.3799991607666,30.3799991607666,30.315000534057617,30.315000534057617,1893,0.0,0.0
2024-07-22 13:40:00-04:00,30.309999465942383,30.309999465942383,30.219999313354492,30.246400833129883,3612,0.0,0.0
2024-07-22 13:45:00-04:00,30.225000381469727,30.260000228881836,30.19099998474121,30.25,3099,0.0,0.0
2024-07-22 13:55:00-04:00,30.264999389648438,30.299999237060547,30.264999389648438,30.299999237060547,853,0.0,0.0
2024-07-22 14:00:00-04:00,30.264999389648438,30.299999237060547,30.18000030517578,30.229999542236328,2676,0.0,0.0
2024-07-22 14:05:00-04:00,30.040000915527344,30.040000915527344,30.0,30.0,4473,0.0,0.0
2024-07-22 14:10:00-04:00,30.0,30.010000228881836,29.979999542236328,29.989999771118164,2766,0.0,0.0
2024-07-22 14:15:00-04:00,29.9950008392334,29.9950008392334,29.8799991607666,29.8799991607666,2879,0.0,0.0
2024-07-22 14:20:00-04:00,29.90999984741211,29.989999771118164,29.860000610351562,29.959999084472656,8872,0.0,0.0
2024-07-22 14:25:00-04:00,29.975000381469727,29.975000381469727,29.920000076293945,29.936399459838867,1658,0.0,0.0
2024-07-22 14:30:00-04:00,30.0,30.079999923706055,30.0,30.079999923706055,1172,0.0,0.0
2024-07-22 14:35:00-04:00,30.09000015258789,30.25,30.09000015258789,30.25,954,0.0,0.0
2024-07-22 14:40:00-04:00,30.25,30.25,30.200000762939453,30.200000762939453,2013,0.0,0.0
2024-07-22 14:45:00-04:00,30.238000869750977,30.290000915527344,30.238000869750977,30.280000686645508,2219,0.0,0.0
2024-07-22 14:50:00-04:00,30.34000015258789,30.34000015258789,30.309999465942383,30.334999084472656,1089,0.0,0.0
2024-07-22 14:55:00-04:00,30.329999923706055,30.329999923706055,30.170000076293945,30.170000076293945,6093,0.0,0.0
2024-07-22 15:05:00-04:00,30.2549991607666,30.264999389648438,30.25,30.264999389648438,720,0.0,0.0
2024-07-22 15:10:00-04:00,30.260000228881836,30.299999237060547,30.260000228881836,30.270000457763672,2371,0.0,0.0
2024-07-22 15:15:00-04:00,30.292499542236328,30.292499542236328,30.270000457763672,30.270000457763672,1838,0.0,0.0
2024-07-22 15:20:00-04:00,30.280000686645508,30.399999618530273,30.260000228881836,30.329999923706055,8350,0.0,0.0
2024-07-22 15:25:00-04:00,30.295000076293945,30.295000076293945,30.25,30.25,2471,0.0,0.0
2024-07-22 15:30:00-04:00,30.264999389648438,30.350000381469727,30.264999389648438,30.309999465942383,1677,0.0,0.0
2024-07-22 15:35:00-04:00,30.34000015258789,30.34000015258789,30.290000915527344,30.295000076293945,4941,0.0,0.0
2024-07-22 15:40:00-04:00,30.31999969482422,30.31999969482422,30.270000457763672,30.280000686645508,2961,0.0,0.0
2024-07-22 15:45:00-04:00,30.295000076293945,30.309999465942383,30.280000686645508,30.30500030517578,3537,0.0,0.0
2024-07-22 15:50:00-04:00,30.290000915527344,30.34000015258789,30.290000915527344,30.299999237060547,10963,0.0,0.0
2024-07-22 15:55:00-04:00,30.290000915527344,30.299999237060547,30.25,30.260000228881836,15722,0.0,0.0
2024-07-23 09:30:00-04:00,30.351299285888672,30.351299285888672,30.184999465942383,30.190000534057617,3951,0.0,0.0
2024-07-23 09:35:00-04:00,30.469999313354492,30.4950008392334,30.19499969482422,30.19499969482422,960,0.0,0.0
2024-07-23 09:40:00-04:00,30.344999313354492,30.415000915527344,30.344999313354492,30.3799991607666,2411,0.0,0.0
2024-07-23 09:45:00-04:00,30.3799991607666,30.3799991607666,30.3799991607666,30.3799991607666,250,0.0,0.0
2024-07-23 09:50:00-04:00,30.3799991607666,30.5,30.325000762939453,30.325000762939453,3229,0.0,0.0
2024-07-23 09:55:00-04:00,30.3799991607666,30.5049991607666,30.3799991607666,30.5049991607666,2862,0.0,0.0
2024-07-23 10:00:00-04:00,30.389999389648438,30.649999618530273,30.389999389648438,30.524999618530273,2405,0.0,0.0
2024-07-23 10:05:00-04:00,30.540000915527344,30.639999389648438,30.540000915527344,30.636999130249023,1120,0.0,0.0
2024-07-23 10:10:00-04:00,30.604999542236328,30.65999984741211,30.450000762939453,30.56999969482422,7951,0.0,0.0
2024-07-23 10:15:00-04:00,30.56999969482422,30.709999084472656,30.549999237060547,30.700000762939453,6339,0.0,0.0
2024-07-23 10:20:00-04:00,30.81999969482422,30.81999969482422,30.75,30.764999389648438,1231,0.0,0.0
2024-07-23 10:25:00-04:00,30.690000534057617,30.735000610351562,30.6299991607666,30.735000610351562,2957,0.0,0.0
2024-07-23 10:30:00-04:00,30.777999877929688,30.889999389648438,30.75,30.815000534057617,11987,0.0,0.0
2024-07-23 10:35:00-04:00,30.760000228881836,30.760000228881836,30.65999984741211,30.65999984741211,3377,0.0,0.0
2024-07-23 10:40:00-04:00,30.6200008392334,30.6200008392334,30.420000076293945,30.459999084472656,6168,0.0,0.0
2024-07-23 10:45:00-04:00,30.31999969482422,30.40999984741211,30.31999969482422,30.375,4410,0.0,0.0
2024-07-23 10:50:00-04:00,30.420000076293945,30.469999313354492,30.420000076293945,30.459999084472656,2019,0.0,0.0
2024-07-23 10:55:00-04:00,30.469999313354492,30.469999313354492,30.469999313354492,30.469999313354492,928,0.0,0.0
2024-07-23 11:00:00-04:00,30.6200008392334,30.68000030517578,30.6200008392334,30.635000228881836,678,0.0,0.0
2024-07-23 11:05:00-04:00,30.6200008392334,30.6299991607666,30.6200008392334,30.6299991607666,662,0.0,0.0
2024-07-23 11:10:00-04:00,30.655000686645508,30.719999313354492,30.639999389648438,30.71500015258789,3766,0.0,0.0
2024-07-23 11:15:00-04:00,30.75,30.770000457763672,30.729999542236328,30.770000457763672,1866,0.0,0.0
2024-07-23 11:20:00-04:00,30.719999313354492,30.7450008392334,30.719999313354492,30.739999771118164,1613,0.0,0.0
2024-07-23 11:25:00-04:00,30.709999084472656,30.739999771118164,30.690000534057617,30.718000411987305,4227,0.0,0.0
2024-07-23 11:40:00-04:00,30.739999771118164,30.770000457763672,30.65999984741211,30.65999984741211,3729,0.0,0.0
2024-07-23 11:45:00-04:00,30.6648006439209,30.6648006439209,30.6299991607666,30.65999984741211,1853,0.0,0.0
2024-07-23 11:50:00-04:00,30.670000076293945,30.670000076293945,30.665000915527344,30.665000915527344,469,0.0,0.0
2024-07-23 11:55:00-04:00,30.665000915527344,30.665000915527344,30.579999923706055,30.6299991607666,3608,0.0,0.0
2024-07-23 12:15:00-04:00,30.625,30.625,30.5,30.5,5523,0.0,0.0
2024-07-23 12:20:00-04:00,30.514999389648438,30.514999389648438,30.514999389648438,30.514999389648438,897,0.0,0.0
2024-07-23 12:30:00-04:00,30.420000076293945,30.437000274658203,30.420000076293945,30.437000274658203,1119,0.0,0.0
2024-07-23 12:35:00-04:00,30.43000030517578,30.43000030517578,30.43000030517578,30.43000030517578,932,0.0,0.0
2024-07-23 12:40:00-04:00,30.454999923706055,30.479999542236328,30.454999923706055,30.46500015258789,1257,0.0,0.0
2024-07-23 12:45:00-04:00,30.4950008392334,30.4950008392334,30.4950008392334,30.4950008392334,872,0.0,0.0
2024-07-23 12:50:00-04:00,30.4950008392334,30.4950008392334,30.469999313354492,30.469999313354492,1820,0.0,0.0
2024-07-23 12:55:00-04:00,30.479999542236328,30.479999542236328,30.450000762939453,30.450000762939453,907,0.0,0.0
2024-07-23 13:00:00-04:00,30.469999313354492,30.540000915527344,30.469999313354492,30.540000915527344,3465,0.0,0.0
2024-07-23 13:05:00-04:00,30.479999542236328,30.479999542236328,30.479999542236328,30.479999542236328,713,0.0,0.0
2024-07-23 13:10:00-04:00,30.5,30.530000686645508,30.5,30.530000686645508,557,0.0,0.0
2024-07-23 13:15:00-04:00,30.549999237060547,30.549999237060547,30.540000915527344,30.540000915527344,1335,0.0,0.0
2024-07-23 13:20:00-04:00,30.575000762939453,30.575000762939453,30.514999389648438,30.520000457763672,2718,0.0,0.0
2024-07-23 13:25:00-04:00,30.53499984741211,30.575000762939453,30.53499984741211,30.575000762939453,832,0.0,0.0
2024-07-23 13:30:00-04:00,30.540000915527344,30.540000915527344,30.540000915527344,30.540000915527344,262,0.0,0.0
2024-07-23 13:35:00-04:00,30.545000076293945,30.549999237060547,30.540000915527344,30.549999237060547,1313,0.0,0.0
2024-07-23 13:45:00-04:00,30.549999237060547,30.579999923706055,30.520000457763672,30.540000915527344,2099,0.0,0.0
2024-07-23 13:50:00-04:00,30.55500030517578,30.55500030517578,30.469999313354492,30.5049991607666,3160,0.0,0.0
2024-07-23 13:55:00-04:00,30.510000228881836,30.530000686645508,30.510000228881836,30.520000457763672,2166,0.0,0.0
2024-07-23 14:00:00-04:00,30.52560043334961,30.52560043334961,30.52560043334961,30.52560043334961,432,0.0,0.0
2024-07-23 14:05:00-04:00,30.56999969482422,30.56999969482422,30.514999389648438,30.56999969482422,2698,0.0,0.0
2024-07-23 14:10:00-04:00,30.56999969482422,30.56999969482422,30.530000686645508,30.530000686645508,2579,0.0,0.0
2024-07-23 14:15:00-04:00,30.549999237060547,30.549999237060547,30.549999237060547,30.549999237060547,1037,0.0,0.0
2024-07-23 14:20:00-04:00,30.549999237060547,30.549999237060547,30.530000686645508,30.547500610351562,5281,0.0,0.0
2024-07-23 14:25:00-04:00,30.549999237060547,30.549999237060547,30.5,30.5,2090,0.0,0.0
2024-07-23 14:30:00-04:00,30.5,30.5,30.5,30.5,913,0.0,0.0
2024-07-23 14:35:00-04:00,30.510000228881836,30.510000228881836,30.510000228881836,30.510000228881836,1528,0.0,0.0
2024-07-23 14:40:00-04:00,30.520000457763672,30.520000457763672,30.520000457763672,30.520000457763672,519,0.0,0.0
2024-07-23 14:45:00-04:00,30.510000228881836,30.540000915527344,30.5049991607666,30.520000457763672,5821,0.0,0.0
2024-07-23 14:50:00-04:00,30.530000686645508,30.545000076293945,30.520000457763672,30.520000457763672,3860,0.0,0.0
2024-07-23 14:55:00-04:00,30.545000076293945,30.545000076293945,30.53499984741211,30.53499984741211,1128,0.0,0.0
2024-07-23 15:00:00-04:00,30.53700065612793,30.53700065612793,30.520000457763672,30.53499984741211,2129,0.0,0.0
2024-07-23 15:05:00-04:00,30.53499984741211,30.549999237060547,30.530000686645508,30.549999237060547,2661,0.0,0.0
2024-07-23 15:10:00-04:00,30.549999237060547,30.55500030517578,30.510000228881836,30.53499984741211,3149,0.0,0.0
2024-07-23 15:15:00-04:00,30.510000228881836,30.514999389648438,30.489999771118164,30.489999771118164,2334,0.0,0.0
2024-07-23 15:20:00-04:00,30.489999771118164,30.520000457763672,30.479999542236328,30.510000228881836,3383,0.0,0.0
2024-07-23 15:25:00-04:00,30.5049991607666,30.5049991607666,30.479999542236328,30.489999771118164,1435,0.0,0.0
2024-07-23 15:30:00-04:00,30.479999542236328,30.479999542236328,30.44099998474121,30.44099998474121,3314,0.0,0.0
2024-07-23 15:35:00-04:00,30.479999542236328,30.479999542236328,30.40399932861328,30.420000076293945,4581,0.0,0.0
2024-07-23 15:40:00-04:00,30.333999633789062,30.360000610351562,30.329999923706055,30.329999923706055,2511,0.0,0.0
2024-07-23 15:45:00-04:00,30.40999984741211,30.40999984741211,30.361000061035156,30.361000061035156,5174,0.0,0.0
2024-07-23 15:50:00-04:00,30.375,30.375,30.299999237060547,30.299999237060547,6197,0.0,0.0
2024-07-23 15:55:00-04:00,30.25,30.274999618530273,30.190000534057617,30.200000762939453,19623,0.0,0.0
2024-07-24 09:30:00-04:00,29.969999313354492,30.489999771118164,29.739999771118164,30.489999771118164,4149,0.0,0.0
2024-07-24 09:35:00-04:00,30.200000762939453,30.31999969482422,30.149999618530273,30.299999237060547,1319,0.0,0.0
2024-07-24 09:40:00-04:00,30.34000015258789,30.34000015258789,30.25,30.270000457763672,1216,0.0,0.0
2024-07-24 09:45:00-04:00,30.280000686645508,30.280000686645508,30.149999618530273,30.149999618530273,1027,0.0,0.0
2024-07-24 09:50:00-04:00,30.139999389648438,30.139999389648438,30.06999969482422,30.079999923706055,1970,0.0,0.0
2024-07-24 09:55:00-04:00,29.969999313354492,29.989999771118164,29.898000717163086,29.969999313354492,2839,0.0,0.0
2024-07-24 10:00:00-04:00,29.825000762939453,30.149999618530273,29.80500030517578,30.125,11582,0.0,0.0
2024-07-24 10:05:00-04:00,30.184999465942383,30.188499450683594,30.014999389648438,30.100000381469727,4344,0.0,0.0
2024-07-24 10:10:00-04:00,30.079999923706055,30.114999771118164,30.079999923706055,30.114999771118164,1297,0.0,0.0
2024-07-24 10:15:00-04:00,30.18000030517578,30.18000030517578,30.040000915527344,30.100000381469727,1159,0.0,0.0
2024-07-24 10:20:00-04:00,30.040000915527344,30.149999618530273,30.040000915527344,30.149999618530273,1689,0.0,0.0
2024-07-24 10:25:00-04:00,30.270000457763672,30.40999984741211,30.270000457763672,30.40999984741211,1483,0.0,0.0
2024-07-24 10:30:00-04:00,30.454999923706055,30.469999313354492,30.309999465942383,30.40999984741211,1324,0.0,0.0
2024-07-24 10:35:00-04:00,30.309999465942383,30.405000686645508,30.260000228881836,30.325000762939453,3533,0.0,0.0
2024-07-24 10:40:00-04:00,30.260000228881836,30.260000228881836,30.260000228881836,30.260000228881836,346,0.0,0.0
2024-07-24 10:45:00-04:00,30.3799991607666,30.3799991607666,30.260000228881836,30.260000228881836,1285,0.0,0.0
2024-07-24 10:50:00-04:00,30.3799991607666,30.399999618530273,30.3799991607666,30.399999618530273,1085,0.0,0.0
2024-07-24 10:55:00-04:00,30.290000915527344,30.3799991607666,30.290000915527344,30.3799991607666,1148,0.0,0.0
2024-07-24 11:00:00-04:00,30.3799991607666,30.3799991607666,30.19499969482422,30.34000015258789,2648,0.0,0.0
2024-07-24 11:05:00-04:00,30.334999084472656,30.334999084472656,30.334999084472656,30.334999084472656,310,0.0,0.0
2024-07-24 11:10:00-04:00,30.329999923706055,30.334999084472656,30.329999923706055,30.329999923706055,536,0.0,0.0
2024-07-24 11:15:00-04:00,30.280000686645508,30.334999084472656,30.209999084472656,30.209999084472656,1841,0.0,0.0
2024-07-24 11:20:00-04:00,30.209999084472656,30.209999084472656,30.110000610351562,30.110000610351562,1653,0.0,0.0
2024-07-24 11:25:00-04:00,30.190000534057617,30.239999771118164,30.165000915527344,30.239999771118164,2431,0.0,0.0
2024-07-24 11:30:00-04:00,30.299999237060547,30.299999237060547,30.260000228881836,30.260000228881836,808,0.0,0.0
2024-07-24 11:35:00-04:00,30.295000076293945,30.325000762939453,30.274999618530273,30.325000762939453,3141,0.0,0.0
2024-07-24 11:40:00-04:00,30.34000015258789,30.389999389648438,30.34000015258789,30.375,2048,0.0,0.0
2024-07-24 11:45:00-04:00,30.375,30.3799991607666,30.34000015258789,30.34000015258789,1334,0.0,0.0
2024-07-24 11:50:00-04:00,30.31999969482422,30.415000915527344,30.31999969482422,30.415000915527344,594,0.0,0.0
2024-07-24 11:55:00-04:00,30.415000915527344,30.415000915527344,30.395000457763672,30.395000457763672,998,0.0,0.0
2024-07-24 12:00:00-04:00,30.405000686645508,30.405000686645508,30.31999969482422,30.31999969482422,1571,0.0,0.0
2024-07-24 12:05:00-04:00,30.360000610351562,30.360000610351562,30.290000915527344,30.290000915527344,801,0.0,0.0
2024-07-24 12:10:00-04:00,30.312000274658203,30.350000381469727,30.312000274658203,30.350000381469727,3031,0.0,0.0
2024-07-24 12:15:00-04:00,30.415000915527344,30.415000915527344,30.34000015258789,30.34000015258789,1731,0.0,0.0
2024-07-24 12:20:00-04:00,30.344999313354492,30.399999618530273,30.344999313354492,30.375,1092,0.0,0.0
2024-07-24 12:25:00-04:00,30.389999389648438,30.389999389648438,30.389999389648438,30.389999389648438,442,0.0,0.0
2024-07-24 12:30:00-04:00,30.405000686645508,30.405000686645508,30.360000610351562,30.3700008392334,1564,0.0,0.0
2024-07-24 12:35:00-04:00,30.360000610351562,30.360000610351562,30.360000610351562,30.360000610351562,531,0.0,0.0
2024-07-24 12:40:00-04:00,30.34000015258789,30.34000015258789,30.200000762939453,30.200000762939453,3203,0.0,0.0
2024-07-24 12:45:00-04:00,30.200000762939453,30.329999923706055,30.200000762939453,30.329999923706055,9395,0.0,0.0
2024-07-24 12:50:00-04:00,30.3799991607666,30.3799991607666,30.3700008392334,30.3700008392334,1256,0.0,0.0
2024-07-24 13:05:00-04:00,30.43000030517578,30.440000534057617,30.395000457763672,30.399999618530273,1902,0.0,0.0
2024-07-24 13:10:00-04:00,30.399999618530273,30.43000030517578,30.389999389648438,30.389999389648438,1428,0.0,0.0
2024-07-24 13:15:00-04:00,30.399999618530273,30.399999618530273,30.3700008392334,30.3700008392334,1220,0.0,0.0
2024-07-24 13:20:00-04:00,30.40999984741211,30.40999984741211,30.399999618530273,30.399999618530273,878,0.0,0.0
2024-07-24 13:25:00-04:00,30.399999618530273,30.399999618530273,30.385000228881836,30.385000228881836,962,0.0,0.0
2024-07-24 13:30:00-04:00,30.360000610351562,30.3700008392334,30.360000610351562,30.3700008392334,835,0.0,0.0
2024-07-24 13:35:00-04:00,30.40999984741211,30.40999984741211,30.399999618530273,30.399999618530273,1127,0.0,0.0
2024-07-24 13:40:00-04:00,30.399999618530273,30.399999618530273,30.399999618530273,30.399999618530273,209,0.0,0.0
2024-07-24 13:45:00-04:00,30.3700008392334,30.3799991607666,30.350000381469727,30.350000381469727,2756,0.0,0.0
2024-07-24 13:55:00-04:00,30.309999465942383,30.309999465942383,30.309999465942383,30.309999465942383,426,0.0,0.0
2024-07-24 14:00:00-04:00,30.270000457763672,30.270000457763672,30.219999313354492,30.2450008392334,1122,0.0,0.0
2024-07-24 14:05:00-04:00,30.2450008392334,30.25,30.229999542236328,30.25,942,0.0,0.0
2024-07-24 14:10:00-04:00,30.25,30.267000198364258,30.25,30.267000198364258,1516,0.0,0.0
2024-07-24 14:15:00-04:00,30.229999542236328,30.229999542236328,30.190000534057617,30.190000534057617,1300,0.0,0.0
2024-07-24 14:20:00-04:00,30.15999984741211,30.15999984741211,30.1200008392334,30.142499923706055,1410,0.0,0.0
2024-07-24 14:25:00-04:00,30.139999389648438,30.155000686645508,30.139999389648438,30.155000686645508,1027,0.0,0.0
2024-07-24 14:30:00-04:00,30.110000610351562,30.110000610351562,30.110000610351562,30.110000610351562,231,0.0,0.0
2024-07-24 14:35:00-04:00,30.09000015258789,30.09000015258789,30.049999237060547,30.049999237060547,969,0.0,0.0
2024-07-24 14:40:00-04:00,30.049999237060547,30.049999237060547,30.0049991607666,30.0049991607666,648,0.0,0.0
2024-07-24 14:45:00-04:00,29.989999771118164,29.989999771118164,29.93000030517578,29.940000534057617,1781,0.0,0.0
2024-07-24 14:50:00-04:00,29.905000686645508,29.920000076293945,29.851200103759766,29.905000686645508,4325,0.0,0.0
2024-07-24 14:55:00-04:00,30.0,30.0,30.0,30.0,814,0.0,0.0
2024-07-24 15:00:00-04:00,30.0,30.020000457763672,29.989999771118164,29.989999771118164,1421,0.0,0.0
2024-07-24 15:05:00-04:00,30.0,30.03499984741211,30.0,30.03499984741211,1738,0.0,0.0
2024-07-24 15:15:00-04:00,30.079999923706055,30.079999923706055,30.030000686645508,30.030000686645508,2425,0.0,0.0
2024-07-24 15:20:00-04:00,30.059999465942383,30.059999465942383,30.010000228881836,30.010000228881836,1046,0.0,0.0
2024-07-24 15:25:00-04:00,30.020000457763672,30.020000457763672,29.93000030517578,29.950000762939453,8395,0.0,0.0
2024-07-24 15:30:00-04:00,29.959999084472656,29.959999084472656,29.899999618530273,29.924999237060547,5386,0.0,0.0
2024-07-24 15:35:00-04:00,29.90999984741211,30.024999618530273,29.850000381469727,29.920000076293945,9868,0.0,0.0
2024-07-24 15:40:00-04:00,29.934999465942383,29.959999084472656,29.934999465942383,29.940000534057617,3619,0.0,0.0
2024-07-24 15:45:00-04:00,29.850000381469727,29.850000381469727,29.809999465942383,29.81999969482422,4629,0.0,0.0
2024-07-24 15:50:00-04:00,29.780000686645508,29.780000686645508,29.739999771118164,29.7549991607666,5214,0.0,0.0
2024-07-24 15:55:00-04:00,29.764999389648438,29.899999618530273,29.764999389648438,29.899999618530273,20977,0.0,0.0
2024-07-25 09:30:00-04:00,30.0,30.0049991607666,30.0,30.0049991607666,1774,0.0,0.0
2024-07-25 09:35:00-04:00,30.110000610351562,30.139999389648438,29.959999084472656,29.959999084472656,1331,0.0,0.0
2024-07-25 09:40:00-04:00,29.940000534057617,30.059999465942383,29.940000534057617,30.059999465942383,1387,0.0,0.0
2024-07-25 09:45:00-04:00,30.059999465942383,30.059999465942383,29.954999923706055,29.954999923706055,1087,0.0,0.0
2024-07-25 09:55:00-04:00,29.979999542236328,30.040000915527344,29.90999984741211,29.915000915527344,2903,0.0,0.0
2024-07-25 10:00:00-04:00,29.889999389648438,29.889999389648438,29.729999542236328,29.729999542236328,2294,0.0,0.0
2024-07-25 10:05:00-04:00,29.65999984741211,29.690000534057617,29.639999389648438,29.690000534057617,2067,0.0,0.0
2024-07-25 10:10:00-04:00,29.6200008392334,29.6200008392334,29.610000610351562,29.610000610351562,1148,0.0,0.0
2024-07-25 10:15:00-04:00,29.540000915527344,29.649999618530273,29.540000915527344,29.57040023803711,2313,0.0,0.0
2024-07-25 10:20:00-04:00,29.57270050048828,29.764999389648438,29.57270050048828,29.739999771118164,4607,0.0,0.0
2024-07-25 10:30:00-04:00,29.986000061035156,30.024999618530273,29.969999313354492,29.969999313354492,1155,0.0,0.0
2024-07-25 10:35:00-04:00,29.920000076293945,29.920000076293945,29.920000076293945,29.920000076293945,562,0.0,0.0
2024-07-25 10:40:00-04:00,29.68000030517578,29.96500015258789,29.68000030517578,29.96500015258789,2938,0.0,0.0
2024-07-25 10:45:00-04:00,30.030000686645508,30.049999237060547,29.979999542236328,29.986000061035156,1028,0.0,0.0
2024-07-25 10:50:00-04:00,30.110000610351562,30.15999984741211,30.100000381469727,30.15999984741211,1251,0.0,0.0
2024-07-25 10:55:00-04:00,30.239999771118164,30.299999237060547,30.239999771118164,30.299999237060547,2697,0.0,0.0
2024-07-25 11:00:00-04:00,30.325000762939453,30.325000762939453,30.204999923706055,30.204999923706055,672,0.0,0.0
2024-07-25 11:05:00-04:00,30.19499969482422,30.209699630737305,30.19499969482422,30.209699630737305,311,0.0,0.0
2024-07-25 11:10:00-04:00,30.219999313354492,30.325000762939453,30.219999313354492,30.260000228881836,2930,0.0,0.0
2024-07-25 11:15:00-04:00,30.309999465942383,30.360000610351562,30.309999465942383,30.325000762939453,2800,0.0,0.0
2024-07-25 11:20:00-04:00,30.264999389648438,30.264999389648438,30.219999313354492,30.219999313354492,601,0.0,0.0
2024-07-25 11:25:00-04:00,30.258800506591797,30.258800506591797,30.258800506591797,30.258800506591797,705,0.0,0.0
2024-07-25 11:30:00-04:00,30.139999389648438,30.139999389648438,30.139999389648438,30.139999389648438,550,0.0,0.0
2024-07-25 11:35:00-04:00,30.239999771118164,30.295000076293945,30.239999771118164,30.295000076293945,1714,0.0,0.0
2024-07-25 11:40:00-04:00,30.229999542236328,30.280000686645508,30.200000762939453,30.200000762939453,911,0.0,0.0
2024-07-25 11:45:00-04:00,30.190000534057617,30.190000534057617,30.190000534057617,30.190000534057617,562,0.0,0.0
2024-07-25 11:50:00-04:00,30.280000686645508,30.34000015258789,30.280000686645508,30.34000015258789,2064,0.0,0.0
2024-07-25 11:55:00-04:00,30.270000457763672,30.290000915527344,30.25,30.290000915527344,1954,0.0,0.0
2024-07-25 12:05:00-04:00,30.229999542236328,30.229999542236328,30.229999542236328,30.229999542236328,388,0.0,0.0
2024-07-25 12:10:00-04:00,30.2450008392334,30.280000686645508,30.2450008392334,30.280000686645508,2288,0.0,0.0
2024-07-25 12:15:00-04:00,30.329999923706055,30.329999923706055,30.329999923706055,30.329999923706055,1474,0.0,0.0
2024-07-25 12:25:00-04:00,30.371700286865234,30.385000228881836,30.360000610351562,30.375,2104,0.0,0.0
2024-07-25 12:30:00-04:00,30.375,30.454999923706055,30.375,30.454999923706055,4589,0.0,0.0
2024-07-25 12:35:00-04:00,30.430999755859375,30.454999923706055,30.43000030517578,30.43000030517578,727,0.0,0.0
2024-07-25 12:40:00-04:00,30.438199996948242,30.440000534057617,30.438199996948242,30.440000534057617,694,0.0,0.0
2024-07-25 12:45:00-04:00,30.469999313354492,30.469999313354492,30.44499969482422,30.44499969482422,2490,0.0,0.0
2024-07-25 12:50:00-04:00,30.45199966430664,30.45199966430664,30.329999923706055,30.3700008392334,3891,0.0,0.0
2024-07-25 12:55:00-04:00,30.325000762939453,30.325000762939453,30.200000762939453,30.200000762939453,1322,0.0,0.0
2024-07-25 13:00:00-04:00,30.209999084472656,30.399999618530273,30.209999084472656,30.399999618530273,2023,0.0,0.0
2024-07-25 13:10:00-04:00,30.444900512695312,30.44499969482422,30.440000534057617,30.440000534057617,577,0.0,0.0
2024-07-25 13:15:00-04:00,30.399999618530273,30.399999618530273,30.34000015258789,30.34000015258789,1180,0.0,0.0
2024-07-25 13:20:00-04:00,30.270000457763672,30.315000534057617,30.270000457763672,30.315000534057617,538,0.0,0.0
2024-07-25 13:25:00-04:00,30.309999465942383,30.309999465942383,30.26889991760254,30.26889991760254,726,0.0,0.0
2024-07-25 13:30:00-04:00,30.266199111938477,30.270000457763672,30.260000228881836,30.270000457763672,386,0.0,0.0
2024-07-25 13:35:00-04:00,30.25659942626953,30.31999969482422,30.25659942626953,30.31999969482422,1566,0.0,0.0
2024-07-25 13:40:00-04:00,30.399999618530273,30.399999618530273,30.3700008392334,30.3700008392334,1148,0.0,0.0
2024-07-25 13:45:00-04:00,30.34000015258789,30.34000015258789,30.219999313354492,30.219999313354492,1151,0.0,0.0
2024-07-25 13:50:00-04:00,30.2450008392334,30.2450008392334,30.209999084472656,30.209999084472656,809,0.0,0.0
2024-07-25 13:55:00-04:00,30.25,30.30500030517578,30.25,30.30500030517578,1071,0.0,0.0
2024-07-25 14:00:00-04:00,30.270000457763672,30.309999465942383,30.270000457763672,30.309999465942383,1201,0.0,0.0
2024-07-25 14:05:00-04:00,30.239999771118164,30.239999771118164,30.209999084472656,30.209999084472656,951,0.0,0.0
2024-07-25 14:10:00-04:00,30.110000610351562,30.110000610351562,30.110000610351562,30.110000610351562,373,0.0,0.0
2024-07-25 14:15:00-04:00,30.155000686645508,30.190000534057617,30.155000686645508,30.190000534057617,1961,0.0,0.0
2024-07-25 14:20:00-04:00,30.225000381469727,30.225000381469727,30.209999084472656,30.209999084472656,593,0.0,0.0
2024-07-25 14:25:00-04:00,30.25,30.25,30.25,30.25,901,0.0,0.0
2024-07-25 14:30:00-04:00,30.270000457763672,30.270000457763672,30.270000457763672,30.270000457763672,370,0.0,0.0
2024-07-25 14:35:00-04:00,30.280000686645508,30.280000686645508,30.22249984741211,30.22249984741211,933,0.0,0.0
2024-07-25 14:40:00-04:00,30.19499969482422,30.19499969482422,30.1299991607666,30.1299991607666,1132,0.0,0.0
2024-07-25 14:45:00-04:00,30.110000610351562,30.110000610351562,30.0,30.0,1298,0.0,0.0
2024-07-25 14:50:00-04:00,30.010000228881836,30.049999237060547,29.979999542236328,29.979999542236328,1721,0.0,0.0
2024-07-25 14:55:00-04:00,30.06999969482422,30.06999969482422,30.06999969482422,30.06999969482422,1085,0.0,0.0
2024-07-25 15:00:00-04:00,30.040000915527344,30.040000915527344,29.9950008392334,29.9950008392334,2162,0.0,0.0
2024-07-25 15:10:00-04:00,30.010000228881836,30.010000228881836,30.010000228881836,30.010000228881836,393,0.0,0.0
2024-07-25 15:15:00-04:00,30.049999237060547,30.049999237060547,30.013999938964844,30.013999938964844,2396,0.0,0.0
2024-07-25 15:20:00-04:00,30.040000915527344,30.100000381469727,30.040000915527344,30.100000381469727,2052,0.0,0.0
2024-07-25 15:25:00-04:00,30.1200008392334,30.1299991607666,30.110000610351562,30.1299991607666,1970,0.0,0.0
2024-07-25 15:30:00-04:00,30.170000076293945,30.19499969482422,30.15999984741211,30.15999984741211,3033,0.0,0.0
2024-07-25 15:35:00-04:00,30.135000228881836,30.135000228881836,30.0310001373291,30.0310001373291,3192,0.0,0.0
2024-07-25 15:40:00-04:00,30.079999923706055,30.079999923706055,30.079999923706055,30.079999923706055,2184,0.0,0.0
2024-07-25 15:45:00-04:00,29.989999771118164,30.030000686645508,29.989999771118164,30.030000686645508,3164,0.0,0.0
2024-07-25 15:50:00-04:00,30.06999969482422,30.100000381469727,29.954999923706055,29.969999313354492,11518,0.0,0.0
2024-07-25 15:55:00-04:00,29.954999923706055,30.030000686645508,29.954999923706055,30.0,15591,0.0,0.0
2024-07-26 09:30:00-04:00,30.399999618530273,30.399999618530273,30.200000762939453,30.329999923706055,4120,0.0,0.0
2024-07-26 09:35:00-04:00,30.045000076293945,30.31999969482422,30.045000076293945,30.25,2958,0.0,0.0
2024-07-26 09:40:00-04:00,30.190000534057617,30.190000534057617,30.010000228881836,30.020000457763672,4220,0.0,0.0
2024-07-26 09:45:00-04:00,30.139999389648438,30.139999389648438,30.139999389648438,30.139999389648438,346,0.0,0.0
2024-07-26 09:50:00-04:00,30.31999969482422,30.420000076293945,30.299999237060547,30.420000076293945,555,0.0,0.0
2024-07-26 09:55:00-04:00,30.30500030517578,30.399999618530273,30.299999237060547,30.309999465942383,1372,0.0,0.0
2024-07-26 10:00:00-04:00,30.360000610351562,30.41550064086914,30.360000610351562,30.360000610351562,1672,0.0,0.0
2024-07-26 10:05:00-04:00,30.3700008392334,30.3700008392334,30.264999389648438,30.264999389648438,2936,0.0,0.0
2024-07-26 10:10:00-04:00,30.28499984741211,30.43000030517578,30.28499984741211,30.290000915527344,3348,0.0,0.0
2024-07-26 10:15:00-04:00,30.315000534057617,30.315000534057617,30.239999771118164,30.239999771118164,1308,0.0,0.0
2024-07-26 10:20:00-04:00,30.229999542236328,30.229999542236328,30.229999542236328,30.229999542236328,287,0.0,0.0
2024-07-26 10:25:00-04:00,30.31999969482422,30.3700008392334,30.31999969482422,30.3700008392334,1709,0.0,0.0
2024-07-26 10:30:00-04:00,30.270000457763672,30.270000457763672,30.075000762939453,30.075000762939453,1342,0.0,0.0
2024-07-26 10:35:00-04:00,30.030000686645508,30.059999465942383,29.969999313354492,30.059999465942383,2219,0.0,0.0
2024-07-26 10:40:00-04:00,30.135000228881836,30.135000228881836,30.135000228881836,30.135000228881836,213,0.0,0.0
2024-07-26 10:45:00-04:00,30.260000228881836,30.395000457763672,30.260000228881836,30.31999969482422,2747,0.0,0.0
2024-07-26 10:55:00-04:00,30.139999389648438,30.149999618530273,30.139999389648438,30.149999618530273,1123,0.0,0.0
2024-07-26 11:00:00-04:00,30.165000915527344,30.165000915527344,30.149999618530273,30.149999618530273,274,0.0,0.0
2024-07-26 11:05:00-04:00,30.149999618530273,30.149999618530273,30.145000457763672,30.145000457763672,810,0.0,0.0
2024-07-26 11:15:00-04:00,30.155000686645508,30.155000686645508,30.05500030517578,30.05500030517578,1338,0.0,0.0
2024-07-26 11:20:00-04:00,30.065000534057617,30.110000610351562,30.065000534057617,30.065000534057617,2601,0.0,0.0
2024-07-26 11:25:00-04:00,30.139999389648438,30.139999389648438,30.139999389648438,30.139999389648438,1128,0.0,0.0
2024-07-26 11:30:00-04:00,30.219999313354492,30.219999313354492,30.219999313354492,30.219999313354492,455,0.0,0.0
2024-07-26 11:35:00-04:00,30.190000534057617,30.190000534057617,30.170000076293945,30.170000076293945,798,0.0,0.0
2024-07-26 11:40:00-04:00,30.170000076293945,30.170000076293945,30.1200008392334,30.1200008392334,498,0.0,0.0
2024-07-26 11:45:00-04:00,30.149999618530273,30.159500122070312,30.145000457763672,30.159500122070312,2189,0.0,0.0
2024-07-26 11:50:00-04:00,30.184999465942383,30.184999465942383,30.100000381469727,30.100000381469727,2361,0.0,0.0
2024-07-26 11:55:00-04:00,30.165000915527344,30.209999084472656,30.165000915527344,30.209999084472656,1113,0.0,0.0
2024-07-26 12:10:00-04:00,30.2450008392334,30.2450008392334,30.209999084472656,30.209999084472656,2089,0.0,0.0
2024-07-26 12:15:00-04:00,30.25,30.2549991607666,30.21500015258789,30.21500015258789,678,0.0,0.0
2024-07-26 12:20:00-04:00,30.2450008392334,30.2450008392334,30.209999084472656,30.21500015258789,1874,0.0,0.0
2024-07-26 12:35:00-04:00,30.25,30.25,30.190000534057617,30.190000534057617,2325,0.0,0.0
2024-07-26 12:40:00-04:00,30.200000762939453,30.239999771118164,30.200000762939453,30.239999771118164,2263,0.0,0.0
2024-07-26 12:50:00-04:00,30.219999313354492,30.260000228881836,30.219999313354492,30.260000228881836,598,0.0,0.0
2024-07-26 12:55:00-04:00,30.290000915527344,30.3700008392334,30.280000686645508,30.3700008392334,2116,0.0,0.0
2024-07-26 13:00:00-04:00,30.309999465942383,30.309999465942383,30.270000457763672,30.309999465942383,821,0.0,0.0
2024-07-26 13:05:00-04:00,30.309999465942383,30.309999465942383,30.280000686645508,30.280000686645508,2045,0.0,0.0
2024-07-26 13:15:00-04:00,30.260000228881836,30.260000228881836,30.260000228881836,30.260000228881836,670,0.0,0.0
2024-07-26 13:25:00-04:00,30.309999465942383,30.309999465942383,30.299999237060547,30.299999237060547,1419,0.0,0.0
2024-07-26 13:30:00-04:00,30.270000457763672,30.270000457763672,30.09000015258789,30.09000015258789,3761,0.0,0.0
2024-07-26 13:35:00-04:00,29.969999313354492,30.024999618530273,29.950000762939453,29.950000762939453,2720,0.0,0.0
2024-07-26 13:40:00-04:00,29.924999237060547,30.020000457763672,29.90999984741211,29.989999771118164,2384,0.0,0.0
2024-07-26 13:45:00-04:00,30.104999542236328,30.104999542236328,30.104999542236328,30.104999542236328,499,0.0,0.0
2024-07-26 13:50:00-04:00,30.09000015258789,30.100000381469727,30.030000686645508,30.094999313354492,2024,0.0,0.0
2024-07-26 13:55:00-04:00,30.079999923706055,30.079999923706055,30.065000534057617,30.065000534057617,395,0.0,0.0
2024-07-26 14:00:00-04:00,30.040000915527344,30.100000381469727,30.040000915527344,30.100000381469727,1001,0.0,0.0
2024-07-26 14:05:00-04:00,30.05500030517578,30.139999389648438,30.049999237060547,30.139999389648438,3292,0.0,0.0
2024-07-26 14:10:00-04:00,30.200000762939453,30.200000762939453,30.184999465942383,30.184999465942383,357,0.0,0.0
2024-07-26 14:15:00-04:00,30.170000076293945,30.209999084472656,30.1200008392334,30.1200008392334,2464,0.0,0.0
2024-07-26 14:20:00-04:00,30.114999771118164,30.114999771118164,30.114999771118164,30.114999771118164,639,0.0,0.0
2024-07-26 14:25:00-04:00,30.1299991607666,30.170000076293945,30.110000610351562,30.110000610351562,2490,0.0,0.0
2024-07-26 14:30:00-04:00,30.100000381469727,30.100000381469727,30.06999969482422,30.100000381469727,935,0.0,0.0
2024-07-26 14:35:00-04:00,30.100000381469727,30.165000915527344,30.100000381469727,30.165000915527344,1247,0.0,0.0
2024-07-26 14:40:00-04:00,30.18000030517578,30.18000030517578,30.05500030517578,30.05500030517578,2603,0.0,0.0
2024-07-26 14:45:00-04:00,30.040000915527344,30.110000610351562,30.040000915527344,30.110000610351562,2460,0.0,0.0
2024-07-26 14:50:00-04:00,30.100000381469727,30.100000381469727,30.100000381469727,30.100000381469727,859,0.0,0.0
2024-07-26 14:55:00-04:00,30.1200008392334,30.1200008392334,30.079999923706055,30.079999923706055,2527,0.0,0.0
2024-07-26 15:00:00-04:00,30.075000762939453,30.075000762939453,30.075000762939453,30.075000762939453,794,0.0,0.0
2024-07-26 15:05:00-04:00,30.079999923706055,30.170000076293945,30.079999923706055,30.170000076293945,1390,0.0,0.0
2024-07-26 15:10:00-04:00,30.110000610351562,30.174999237060547,30.100000381469727,30.149999618530273,2777,0.0,0.0
2024-07-26 15:15:00-04:00,30.139999389648438,30.170000076293945,30.139999389648438,30.139999389648438,2712,0.0,0.0
2024-07-26 15:20:00-04:00,30.139999389648438,30.15999984741211,30.139999389648438,30.139999389648438,3169,0.0,0.0
2024-07-26 15:25:00-04:00,30.139999389648438,30.149999618530273,30.13599967956543,30.139999389648438,3175,0.0,0.0
2024-07-26 15:30:00-04:00,30.121000289916992,30.149999618530273,30.079999923706055,30.079999923706055,6832,0.0,0.0
2024-07-26 15:35:00-04:00,30.100000381469727,30.15999984741211,30.100000381469727,30.15999984741211,3750,0.0,0.0
2024-07-26 15:40:00-04:00,30.170000076293945,30.200000762939453,30.149999618530273,30.174999237060547,4377,0.0,0.0
2024-07-26 15:45:00-04:00,30.174999237060547,30.229999542236328,30.15999984741211,30.229999542236328,4225,0.0,0.0
2024-07-26 15:50:00-04:00,30.25,30.270000457763672,30.11400032043457,30.135000228881836,7556,0.0,0.0
2024-07-26 15:55:00-04:00,30.149999618530273,30.25,30.110000610351562,30.200000762939453,31753,0.0,0.0
