Datetime,Open,High,Low,Close,Volume,Dividends,Stock Splits
2024-06-27 09:30:00-04:00,22.360000610351562,22.360000610351562,22.360000610351562,22.360000610351562,0,0.0,0.0
2024-06-27 09:40:00-04:00,22.415000915527344,22.415000915527344,22.415000915527344,22.415000915527344,146,0.0,0.0
2024-06-27 09:45:00-04:00,22.489999771118164,22.489999771118164,22.360000610351562,22.489999771118164,1445,0.0,0.0
2024-06-27 09:50:00-04:00,22.424999237060547,22.424999237060547,22.260000228881836,22.369400024414062,1341,0.0,0.0
2024-06-27 09:55:00-04:00,22.326200485229492,22.40999984741211,22.315000534057617,22.40999984741211,1569,0.0,0.0
2024-06-27 10:00:00-04:00,22.420000076293945,22.489999771118164,22.420000076293945,22.489999771118164,1000,0.0,0.0
2024-06-27 10:05:00-04:00,22.469999313354492,22.479999542236328,22.434999465942383,22.479999542236328,462,0.0,0.0
2024-06-27 10:10:00-04:00,22.479999542236328,22.520000457763672,22.46500015258789,22.520000457763672,1777,0.0,0.0
2024-06-27 10:15:00-04:00,22.559999465942383,22.559999465942383,22.530000686645508,22.542499542236328,528,0.0,0.0
2024-06-27 10:20:00-04:00,22.489999771118164,22.489999771118164,22.459999084472656,22.459999084472656,1386,0.0,0.0
2024-06-27 10:25:00-04:00,22.469999313354492,22.479999542236328,22.46500015258789,22.479999542236328,462,0.0,0.0
2024-06-27 10:30:00-04:00,22.454999923706055,22.489999771118164,22.454999923706055,22.489999771118164,735,0.0,0.0
2024-06-27 10:35:00-04:00,22.485000610351562,22.485000610351562,22.479999542236328,22.479999542236328,372,0.0,0.0
2024-06-27 10:40:00-04:00,22.479999542236328,22.479999542236328,22.479999542236328,22.479999542236328,153,0.0,0.0
2024-06-27 10:45:00-04:00,22.510000228881836,22.520000457763672,22.4950008392334,22.520000457763672,1103,0.0,0.0
2024-06-27 10:50:00-04:00,22.469999313354492,22.469999313354492,22.405000686645508,22.42889976501465,1647,0.0,0.0
2024-06-27 10:55:00-04:00,22.389999389648438,22.389999389648438,22.389999389648438,22.389999389648438,376,0.0,0.0
2024-06-27 11:00:00-04:00,22.489999771118164,22.489999771118164,22.489999771118164,22.489999771118164,299,0.0,0.0
2024-06-27 11:05:00-04:00,22.420000076293945,22.440000534057617,22.420000076293945,22.440000534057617,741,0.0,0.0
2024-06-27 11:15:00-04:00,22.42009925842285,22.42009925842285,22.40999984741211,22.420000076293945,6959,0.0,0.0
2024-06-27 11:20:00-04:00,22.440000534057617,22.440000534057617,22.440000534057617,22.440000534057617,1900,0.0,0.0
2024-06-27 11:25:00-04:00,22.3799991607666,22.3799991607666,22.3799991607666,22.3799991607666,368,0.0,0.0
2024-06-27 11:30:00-04:00,22.3700008392334,22.3700008392334,22.3700008392334,22.3700008392334,830,0.0,0.0
2024-06-27 11:35:00-04:00,22.389999389648438,22.389999389648438,22.3799991607666,22.3799991607666,972,0.0,0.0
2024-06-27 11:40:00-04:00,22.399999618530273,22.399999618530273,22.399999618530273,22.399999618530273,136,0.0,0.0
2024-06-27 11:45:00-04:00,22.399999618530273,22.399999618530273,22.399999618530273,22.399999618530273,355,0.0,0.0
2024-06-27 11:50:00-04:00,22.399999618530273,22.405000686645508,22.399999618530273,22.399999618530273,1986,0.0,0.0
2024-06-27 11:55:00-04:00,22.399999618530273,22.399999618530273,22.3799991607666,22.3799991607666,1456,0.0,0.0
2024-06-27 12:05:00-04:00,22.389999389648438,22.399999618530273,22.389999389648438,22.399999618530273,212,0.0,0.0
2024-06-27 12:10:00-04:00,22.389999389648438,22.399999618530273,22.389999389648438,22.399999618530273,762,0.0,0.0
2024-06-27 12:15:00-04:00,22.40999984741211,22.40999984741211,22.399999618530273,22.399999618530273,391,0.0,0.0
2024-06-27 12:20:00-04:00,22.40999984741211,22.40999984741211,22.40999984741211,22.40999984741211,685,0.0,0.0
2024-06-27 12:25:00-04:00,22.40999984741211,22.40999984741211,22.40999984741211,22.40999984741211,110,0.0,0.0
2024-06-27 12:30:00-04:00,22.40999984741211,22.424999237060547,22.399999618530273,22.399999618530273,3523,0.0,0.0
2024-06-27 12:35:00-04:00,22.389999389648438,22.389999389648438,22.389999389648438,22.389999389648438,413,0.0,0.0
2024-06-27 12:40:00-04:00,22.389999389648438,22.389999389648438,22.3799991607666,22.3799991607666,662,0.0,0.0
2024-06-27 12:45:00-04:00,22.40999984741211,22.43000030517578,22.40999984741211,22.420000076293945,1134,0.0,0.0
2024-06-27 12:50:00-04:00,22.420000076293945,22.480899810791016,22.420000076293945,22.480899810791016,1428,0.0,0.0
2024-06-27 12:55:00-04:00,22.469999313354492,22.5,22.469999313354492,22.5,761,0.0,0.0
2024-06-27 13:00:00-04:00,22.5,22.510000228881836,22.479999542236328,22.510000228881836,961,0.0,0.0
2024-06-27 13:05:00-04:00,22.530000686645508,22.530000686645508,22.530000686645508,22.530000686645508,1072,0.0,0.0
2024-06-27 13:20:00-04:00,22.520000457763672,22.520000457763672,22.510000228881836,22.510000228881836,963,0.0,0.0
2024-06-27 13:25:00-04:00,22.520000457763672,22.540000915527344,22.520000457763672,22.524999618530273,2015,0.0,0.0
2024-06-27 13:30:00-04:00,22.520000457763672,22.520000457763672,22.520000457763672,22.520000457763672,246,0.0,0.0
2024-06-27 13:35:00-04:00,22.5,22.510000228881836,22.489999771118164,22.5049991607666,1321,0.0,0.0
2024-06-27 13:40:00-04:00,22.520000457763672,22.520000457763672,22.520000457763672,22.520000457763672,470,0.0,0.0
2024-06-27 13:45:00-04:00,22.520000457763672,22.520000457763672,22.520000457763672,22.520000457763672,1149,0.0,0.0
2024-06-27 13:50:00-04:00,22.530000686645508,22.53499984741211,22.530000686645508,22.53499984741211,475,0.0,0.0
2024-06-27 13:55:00-04:00,22.549999237060547,22.549999237060547,22.530000686645508,22.530000686645508,713,0.0,0.0
2024-06-27 14:00:00-04:00,22.559999465942383,22.559999465942383,22.510000228881836,22.510000228881836,1455,0.0,0.0
2024-06-27 14:05:00-04:00,22.509300231933594,22.509300231933594,22.509300231933594,22.509300231933594,925,0.0,0.0
2024-06-27 14:15:00-04:00,22.530000686645508,22.540000915527344,22.520000457763672,22.520000457763672,1016,0.0,0.0
2024-06-27 14:20:00-04:00,22.510000228881836,22.51420021057129,22.479999542236328,22.5049991607666,3498,0.0,0.0
2024-06-27 14:25:00-04:00,22.489999771118164,22.489999771118164,22.479999542236328,22.479999542236328,651,0.0,0.0
2024-06-27 14:30:00-04:00,22.479999542236328,22.485000610351562,22.479999542236328,22.485000610351562,1093,0.0,0.0
2024-06-27 14:35:00-04:00,22.479999542236328,22.479999542236328,22.479999542236328,22.479999542236328,414,0.0,0.0
2024-06-27 14:40:00-04:00,22.5,22.5,22.5,22.5,505,0.0,0.0
2024-06-27 14:45:00-04:00,22.520000457763672,22.520000457763672,22.510000228881836,22.510000228881836,541,0.0,0.0
2024-06-27 14:50:00-04:00,22.520000457763672,22.520000457763672,22.5,22.5,2928,0.0,0.0
2024-06-27 14:55:00-04:00,22.490400314331055,22.490400314331055,22.489999771118164,22.489999771118164,1007,0.0,0.0
2024-06-27 15:00:00-04:00,22.489999771118164,22.489999771118164,22.479999542236328,22.479999542236328,2167,0.0,0.0
2024-06-27 15:10:00-04:00,22.459999084472656,22.459999084472656,22.459999084472656,22.459999084472656,676,0.0,0.0
2024-06-27 15:15:00-04:00,22.475000381469727,22.485000610351562,22.475000381469727,22.485000610351562,823,0.0,0.0
2024-06-27 15:20:00-04:00,22.485000610351562,22.485000610351562,22.485000610351562,22.485000610351562,233,0.0,0.0
2024-06-27 15:25:00-04:00,22.479999542236328,22.479999542236328,22.459999084472656,22.459999084472656,919,0.0,0.0
2024-06-27 15:30:00-04:00,22.479999542236328,22.49250030517578,22.472000122070312,22.489999771118164,4677,0.0,0.0
2024-06-27 15:35:00-04:00,22.489999771118164,22.5,22.459999084472656,22.459999084472656,6276,0.0,0.0
2024-06-27 15:40:00-04:00,22.469999313354492,22.549999237060547,22.469999313354492,22.549999237060547,3644,0.0,0.0
2024-06-27 15:45:00-04:00,22.545000076293945,22.559999465942383,22.514999389648438,22.520000457763672,5155,0.0,0.0
2024-06-27 15:50:00-04:00,22.549999237060547,22.65999984741211,22.549999237060547,22.65999984741211,10330,0.0,0.0
2024-06-27 15:55:00-04:00,22.670000076293945,22.719999313354492,22.655000686645508,22.663999557495117,19357,0.0,0.0
2024-06-28 09:30:00-04:00,22.969999313354492,23.040000915527344,22.969999313354492,23.0049991607666,2408,0.0,0.0
2024-06-28 09:35:00-04:00,23.0049991607666,23.139999389648438,23.0049991607666,23.06999969482422,5014,0.0,0.0
2024-06-28 09:40:00-04:00,23.06999969482422,23.06999969482422,22.959999084472656,23.049999237060547,2249,0.0,0.0
2024-06-28 09:45:00-04:00,23.040000915527344,23.040000915527344,23.03499984741211,23.03499984741211,777,0.0,0.0
2024-06-28 09:50:00-04:00,23.03499984741211,23.139999389648438,23.03499984741211,23.139999389648438,2694,0.0,0.0
2024-06-28 09:55:00-04:00,23.170000076293945,23.18000030517578,23.149999618530273,23.149999618530273,3900,0.0,0.0
2024-06-28 10:00:00-04:00,23.16230010986328,23.264999389648438,23.16230010986328,23.2549991607666,2489,0.0,0.0
2024-06-28 10:05:00-04:00,23.239999771118164,23.260000228881836,23.200000762939453,23.260000228881836,3871,0.0,0.0
2024-06-28 10:15:00-04:00,23.229999542236328,23.229999542236328,23.165000915527344,23.165000915527344,2021,0.0,0.0
2024-06-28 10:20:00-04:00,23.200000762939453,23.209999084472656,23.200000762939453,23.209999084472656,1147,0.0,0.0
2024-06-28 10:25:00-04:00,23.260000228881836,23.260000228881836,23.260000228881836,23.260000228881836,550,0.0,0.0
2024-06-28 10:30:00-04:00,23.280000686645508,23.350000381469727,23.280000686645508,23.350000381469727,1626,0.0,0.0
2024-06-28 10:35:00-04:00,23.399999618530273,23.415000915527344,23.389999389648438,23.399999618530273,2004,0.0,0.0
2024-06-28 10:45:00-04:00,23.3799991607666,23.3799991607666,23.350000381469727,23.3799991607666,846,0.0,0.0
2024-06-28 10:50:00-04:00,23.360000610351562,23.360000610351562,23.31999969482422,23.329999923706055,532,0.0,0.0
2024-06-28 10:55:00-04:00,23.329999923706055,23.329999923706055,23.31999969482422,23.31999969482422,711,0.0,0.0
2024-06-28 11:00:00-04:00,23.31999969482422,23.31999969482422,23.270000457763672,23.270000457763672,858,0.0,0.0
2024-06-28 11:05:00-04:00,23.280000686645508,23.290000915527344,23.264400482177734,23.264999389648438,1325,0.0,0.0
2024-06-28 11:10:00-04:00,23.290000915527344,23.290000915527344,23.229999542236328,23.229999542236328,1135,0.0,0.0
2024-06-28 11:15:00-04:00,23.25,23.290000915527344,23.239999771118164,23.290000915527344,1365,0.0,0.0
2024-06-28 11:20:00-04:00,23.290000915527344,23.290000915527344,23.290000915527344,23.290000915527344,289,0.0,0.0
2024-06-28 11:30:00-04:00,23.290000915527344,23.290000915527344,23.18000030517578,23.18000030517578,1943,0.0,0.0
2024-06-28 11:35:00-04:00,23.200000762939453,23.209999084472656,23.059999465942383,23.059999465942383,2627,0.0,0.0
2024-06-28 11:45:00-04:00,23.139999389648438,23.139999389648438,23.06999969482422,23.100000381469727,1311,0.0,0.0
2024-06-28 11:50:00-04:00,23.06999969482422,23.096200942993164,23.06999969482422,23.096200942993164,563,0.0,0.0
2024-06-28 11:55:00-04:00,23.1299991607666,23.1299991607666,23.1299991607666,23.1299991607666,460,0.0,0.0
2024-06-28 12:00:00-04:00,23.139999389648438,23.139999389648438,23.139999389648438,23.139999389648438,577,0.0,0.0
2024-06-28 12:05:00-04:00,23.18000030517578,23.18000030517578,23.135000228881836,23.139999389648438,2273,0.0,0.0
2024-06-28 12:10:00-04:00,23.200000762939453,23.209999084472656,23.200000762939453,23.209999084472656,2160,0.0,0.0
2024-06-28 12:15:00-04:00,23.219999313354492,23.239999771118164,23.209999084472656,23.225000381469727,3134,0.0,0.0
2024-06-28 12:20:00-04:00,23.260000228881836,23.299999237060547,23.260000228881836,23.299999237060547,700,0.0,0.0
2024-06-28 12:25:00-04:00,23.350000381469727,23.399999618530273,23.350000381469727,23.399999618530273,2308,0.0,0.0
2024-06-28 12:30:00-04:00,23.389999389648438,23.399999618530273,23.360000610351562,23.360000610351562,1789,0.0,0.0
2024-06-28 12:35:00-04:00,23.375,23.375,23.360000610351562,23.360000610351562,1001,0.0,0.0
2024-06-28 12:40:00-04:00,23.3700008392334,23.3700008392334,23.350000381469727,23.350000381469727,1038,0.0,0.0
2024-06-28 12:45:00-04:00,23.31999969482422,23.31999969482422,23.239999771118164,23.25279998779297,1475,0.0,0.0
2024-06-28 12:50:00-04:00,23.280000686645508,23.31999969482422,23.280000686645508,23.31999969482422,776,0.0,0.0
2024-06-28 13:00:00-04:00,23.329999923706055,23.329999923706055,23.31999969482422,23.329999923706055,1653,0.0,0.0
2024-06-28 13:05:00-04:00,23.3700008392334,23.3700008392334,23.3700008392334,23.3700008392334,595,0.0,0.0
2024-06-28 13:10:00-04:00,23.43000030517578,23.43000030517578,23.399999618530273,23.399999618530273,2003,0.0,0.0
2024-06-28 13:20:00-04:00,23.399999618530273,23.420000076293945,23.399999618530273,23.420000076293945,1259,0.0,0.0
2024-06-28 13:25:00-04:00,23.424999237060547,23.424999237060547,23.34000015258789,23.34000015258789,2155,0.0,0.0
2024-06-28 13:30:00-04:00,23.31999969482422,23.31999969482422,23.290000915527344,23.290000915527344,773,0.0,0.0
2024-06-28 13:35:00-04:00,23.260000228881836,23.260000228881836,23.260000228881836,23.260000228881836,331,0.0,0.0
2024-06-28 13:40:00-04:00,23.270000457763672,23.270000457763672,23.2549991607666,23.2549991607666,383,0.0,0.0
2024-06-28 13:45:00-04:00,23.270000457763672,23.274999618530273,23.270000457763672,23.270000457763672,1152,0.0,0.0
2024-06-28 13:50:00-04:00,23.2549991607666,23.2549991607666,23.229999542236328,23.229999542236328,915,0.0,0.0
2024-06-28 13:55:00-04:00,23.204999923706055,23.204999923706055,23.204999923706055,23.204999923706055,278,0.0,0.0
2024-06-28 14:00:00-04:00,23.219999313354492,23.25,23.219999313354492,23.25,1624,0.0,0.0
2024-06-28 14:05:00-04:00,23.270000457763672,23.270000457763672,23.25,23.2549991607666,1305,0.0,0.0
2024-06-28 14:10:00-04:00,23.270000457763672,23.270000457763672,23.235000610351562,23.235000610351562,2304,0.0,0.0
2024-06-28 14:20:00-04:00,23.149999618530273,23.18000030517578,23.139999389648438,23.18000030517578,2954,0.0,0.0
2024-06-28 14:25:00-04:00,23.19499969482422,23.19499969482422,23.19499969482422,23.19499969482422,333,0.0,0.0
2024-06-28 14:30:00-04:00,23.229999542236328,23.229999542236328,23.229999542236328,23.229999542236328,651,0.0,0.0
2024-06-28 14:35:00-04:00,23.219999313354492,23.219999313354492,23.219999313354492,23.219999313354492,945,0.0,0.0
2024-06-28 14:45:00-04:00,23.239999771118164,23.239999771118164,23.239999771118164,23.239999771118164,522,0.0,0.0
2024-06-28 14:50:00-04:00,23.2450008392334,23.2450008392334,23.200000762939453,23.219999313354492,2629,0.0,0.0
2024-06-28 14:55:00-04:00,23.170000076293945,23.19499969482422,23.170000076293945,23.190000534057617,1742,0.0,0.0
2024-06-28 15:00:00-04:00,23.170000076293945,23.170000076293945,23.170000076293945,23.170000076293945,1012,0.0,0.0
2024-06-28 15:05:00-04:00,23.204999923706055,23.204999923706055,23.204999923706055,23.204999923706055,264,0.0,0.0
2024-06-28 15:10:00-04:00,23.219999313354492,23.219999313354492,23.18000030517578,23.18000030517578,2086,0.0,0.0
2024-06-28 15:15:00-04:00,23.139999389648438,23.139999389648438,23.100000381469727,23.100000381469727,885,0.0,0.0
2024-06-28 15:20:00-04:00,23.079999923706055,23.1200008392334,23.079999923706055,23.1200008392334,1760,0.0,0.0
2024-06-28 15:25:00-04:00,23.100000381469727,23.1200008392334,23.100000381469727,23.110000610351562,1484,0.0,0.0
2024-06-28 15:30:00-04:00,23.040000915527344,23.052499771118164,23.040000915527344,23.040000915527344,1430,0.0,0.0
2024-06-28 15:35:00-04:00,23.06999969482422,23.100000381469727,23.065000534057617,23.100000381469727,3556,0.0,0.0
2024-06-28 15:40:00-04:00,23.110000610351562,23.110000610351562,23.079999923706055,23.079999923706055,1928,0.0,0.0
2024-06-28 15:45:00-04:00,23.05500030517578,23.06999969482422,23.040000915527344,23.040000915527344,1755,0.0,0.0
2024-06-28 15:50:00-04:00,23.0,23.100000381469727,22.969999313354492,23.079999923706055,48275,0.0,0.0
2024-06-28 15:55:00-04:00,23.079999923706055,23.079999923706055,22.8799991607666,22.93000030517578,36063,0.0,0.0
2024-07-01 09:30:00-04:00,23.040000915527344,23.040000915527344,23.014999389648438,23.014999389648438,2918,0.0,0.0
2024-07-01 09:35:00-04:00,23.165000915527344,23.165000915527344,23.010000228881836,23.079999923706055,2824,0.0,0.0
2024-07-01 09:40:00-04:00,23.079999923706055,23.079999923706055,23.020000457763672,23.020000457763672,1165,0.0,0.0
2024-07-01 09:50:00-04:00,22.79159927368164,22.940000534057617,22.79159927368164,22.8700008392334,1936,0.0,0.0
2024-07-01 09:55:00-04:00,22.875,22.950000762939453,22.875,22.940000534057617,2520,0.0,0.0
2024-07-01 10:00:00-04:00,22.979999542236328,23.014999389648438,22.899999618530273,22.899999618530273,2078,0.0,0.0
2024-07-01 10:05:00-04:00,22.889999389648438,22.889999389648438,22.889999389648438,22.889999389648438,289,0.0,0.0
2024-07-01 10:10:00-04:00,22.889999389648438,22.889999389648438,22.75,22.829999923706055,4700,0.0,0.0
2024-07-01 10:15:00-04:00,22.8799991607666,22.8799991607666,22.8799991607666,22.8799991607666,771,0.0,0.0
2024-07-01 10:20:00-04:00,22.760000228881836,22.81999969482422,22.760000228881836,22.81999969482422,2097,0.0,0.0
2024-07-01 10:30:00-04:00,22.799999237060547,22.799999237060547,22.774999618530273,22.774999618530273,753,0.0,0.0
2024-07-01 10:35:00-04:00,22.782400131225586,22.799999237060547,22.782400131225586,22.799999237060547,1803,0.0,0.0
2024-07-01 10:40:00-04:00,22.774999618530273,22.924999237060547,22.75,22.924999237060547,8157,0.0,0.0
2024-07-01 10:45:00-04:00,22.899999618530273,22.950000762939453,22.899999618530273,22.950000762939453,934,0.0,0.0
2024-07-01 10:50:00-04:00,22.979999542236328,22.979999542236328,22.979999542236328,22.979999542236328,747,0.0,0.0
2024-07-01 10:55:00-04:00,23.0,23.079999923706055,23.0,23.040000915527344,3284,0.0,0.0
2024-07-01 11:15:00-04:00,23.040000915527344,23.040000915527344,22.96139907836914,22.96139907836914,2837,0.0,0.0
2024-07-01 11:20:00-04:00,22.950000762939453,22.950000762939453,22.907499313354492,22.920000076293945,1437,0.0,0.0
2024-07-01 11:30:00-04:00,22.920000076293945,22.920000076293945,22.920000076293945,22.920000076293945,377,0.0,0.0
2024-07-01 11:35:00-04:00,22.920000076293945,22.920000076293945,22.889999389648438,22.889999389648438,1074,0.0,0.0
2024-07-01 11:40:00-04:00,22.899999618530273,22.93000030517578,22.889999389648438,22.93000030517578,2214,0.0,0.0
2024-07-01 11:55:00-04:00,22.96500015258789,22.96500015258789,22.96500015258789,22.96500015258789,294,0.0,0.0
2024-07-01 12:00:00-04:00,22.979999542236328,22.989999771118164,22.979999542236328,22.989999771118164,787,0.0,0.0
2024-07-01 12:05:00-04:00,23.010000228881836,23.010000228881836,23.010000228881836,23.010000228881836,386,0.0,0.0
2024-07-01 12:10:00-04:00,23.014999389648438,23.014999389648438,22.969999313354492,22.969999313354492,2111,0.0,0.0
2024-07-01 12:20:00-04:00,22.920000076293945,22.920000076293945,22.8799991607666,22.8799991607666,802,0.0,0.0
2024-07-01 12:25:00-04:00,22.920000076293945,22.920000076293945,22.895000457763672,22.895000457763672,537,0.0,0.0
2024-07-01 12:35:00-04:00,22.889999389648438,22.889999389648438,22.889999389648438,22.889999389648438,236,0.0,0.0
2024-07-01 12:40:00-04:00,22.90999984741211,22.90999984741211,22.90999984741211,22.90999984741211,921,0.0,0.0
2024-07-01 12:45:00-04:00,22.90999984741211,22.90999984741211,22.8700008392334,22.8700008392334,1459,0.0,0.0
2024-07-01 12:50:00-04:00,22.8700008392334,22.8700008392334,22.8700008392334,22.8700008392334,140,0.0,0.0
2024-07-01 12:55:00-04:00,22.8700008392334,22.88909912109375,22.864999771118164,22.864999771118164,2249,0.0,0.0
2024-07-01 13:00:00-04:00,22.889999389648438,22.899999618530273,22.889999389648438,22.899999618530273,1802,0.0,0.0
2024-07-01 13:25:00-04:00,22.940000534057617,22.96500015258789,22.940000534057617,22.96500015258789,1650,0.0,0.0
2024-07-01 13:30:00-04:00,22.979999542236328,22.979999542236328,22.979999542236328,22.979999542236328,253,0.0,0.0
2024-07-01 13:35:00-04:00,22.950000762939453,22.950000762939453,22.940000534057617,22.940000534057617,1032,0.0,0.0
2024-07-01 13:40:00-04:00,22.940000534057617,22.949899673461914,22.920000076293945,22.949899673461914,1247,0.0,0.0
2024-07-01 13:50:00-04:00,22.934999465942383,22.934999465942383,22.850000381469727,22.850000381469727,2014,0.0,0.0
2024-07-01 13:55:00-04:00,22.829999923706055,22.864999771118164,22.829999923706055,22.864999771118164,823,0.0,0.0
2024-07-01 14:15:00-04:00,22.8700008392334,22.889999389648438,22.8700008392334,22.889999389648438,1311,0.0,0.0
2024-07-01 14:20:00-04:00,22.899999618530273,22.90999984741211,22.829999923706055,22.84000015258789,5081,0.0,0.0
2024-07-01 14:25:00-04:00,22.809999465942383,22.809999465942383,22.75,22.780000686645508,3455,0.0,0.0
2024-07-01 14:30:00-04:00,22.790000915527344,22.790000915527344,22.780000686645508,22.780000686645508,1267,0.0,0.0
2024-07-01 14:35:00-04:00,22.78499984741211,22.78499984741211,22.770000457763672,22.770000457763672,711,0.0,0.0
2024-07-01 14:40:00-04:00,22.790000915527344,22.790000915527344,22.790000915527344,22.790000915527344,713,0.0,0.0
2024-07-01 14:45:00-04:00,22.780000686645508,22.780000686645508,22.770000457763672,22.770000457763672,1148,0.0,0.0
2024-07-01 14:50:00-04:00,22.770000457763672,22.770000457763672,22.770000457763672,22.770000457763672,597,0.0,0.0
2024-07-01 14:55:00-04:00,22.760000228881836,22.780000686645508,22.709999084472656,22.770000457763672,13253,0.0,0.0
2024-07-01 15:00:00-04:00,22.774999618530273,22.774999618530273,22.774999618530273,22.774999618530273,755,0.0,0.0
2024-07-01 15:05:00-04:00,22.774999618530273,22.799999237060547,22.774999618530273,22.799999237060547,1435,0.0,0.0
2024-07-01 15:10:00-04:00,22.81999969482422,22.81999969482422,22.815000534057617,22.815000534057617,937,0.0,0.0
2024-07-01 15:15:00-04:00,22.81999969482422,22.81999969482422,22.81999969482422,22.81999969482422,282,0.0,0.0
2024-07-01 15:20:00-04:00,22.825000762939453,22.860000610351562,22.825000762939453,22.860000610351562,1487,0.0,0.0
2024-07-01 15:25:00-04:00,22.829999923706055,22.84000015258789,22.78499984741211,22.799999237060547,3463,0.0,0.0
2024-07-01 15:30:00-04:00,22.81999969482422,22.81999969482422,22.81999969482422,22.81999969482422,731,0.0,0.0
2024-07-01 15:35:00-04:00,22.81999969482422,22.829999923706055,22.81999969482422,22.829999923706055,1323,0.0,0.0
2024-07-01 15:40:00-04:00,22.81999969482422,22.81999969482422,22.790000915527344,22.80500030517578,5506,0.0,0.0
2024-07-01 15:45:00-04:00,22.80500030517578,22.850000381469727,22.80500030517578,22.84000015258789,9197,0.0,0.0
2024-07-01 15:50:00-04:00,22.850000381469727,22.90999984741211,22.829999923706055,22.90999984741211,22083,0.0,0.0
2024-07-01 15:55:00-04:00,22.895000457763672,22.940000534057617,22.8700008392334,22.889999389648438,15352,0.0,0.0
2024-07-02 09:30:00-04:00,22.860000610351562,22.950000762939453,22.860000610351562,22.950000762939453,1082,0.0,0.0
2024-07-02 09:35:00-04:00,22.94499969482422,22.979999542236328,22.94499969482422,22.979999542236328,652,0.0,0.0
2024-07-02 09:40:00-04:00,22.890100479125977,23.040000915527344,22.890100479125977,23.040000915527344,4521,0.0,0.0
2024-07-02 09:50:00-04:00,23.040000915527344,23.040000915527344,23.009199142456055,23.009199142456055,618,0.0,0.0
2024-07-02 09:55:00-04:00,23.049999237060547,23.049999237060547,23.049999237060547,23.049999237060547,1776,0.0,0.0
2024-07-02 10:00:00-04:00,23.045000076293945,23.045000076293945,23.045000076293945,23.045000076293945,142,0.0,0.0
2024-07-02 10:05:00-04:00,23.037399291992188,23.079999923706055,23.037399291992188,23.079999923706055,331,0.0,0.0
2024-07-02 10:10:00-04:00,22.989999771118164,22.989999771118164,22.989999771118164,22.989999771118164,655,0.0,0.0
2024-07-02 10:15:00-04:00,22.950000762939453,22.950000762939453,22.950000762939453,22.950000762939453,451,0.0,0.0
2024-07-02 10:20:00-04:00,22.822799682617188,22.822799682617188,22.822799682617188,22.822799682617188,278,0.0,0.0
2024-07-02 10:25:00-04:00,22.940000534057617,22.940000534057617,22.940000534057617,22.940000534057617,432,0.0,0.0
2024-07-02 10:30:00-04:00,22.940000534057617,22.940000534057617,22.889999389648438,22.889999389648438,473,0.0,0.0
2024-07-02 10:40:00-04:00,22.94499969482422,22.94499969482422,22.94499969482422,22.94499969482422,304,0.0,0.0
2024-07-02 10:55:00-04:00,22.924999237060547,22.924999237060547,22.924999237060547,22.924999237060547,1236,0.0,0.0
2024-07-02 11:20:00-04:00,22.969999313354492,22.969999313354492,22.969999313354492,22.969999313354492,256,0.0,0.0
2024-07-02 11:25:00-04:00,22.959999084472656,22.959999084472656,22.959999084472656,22.959999084472656,1032,0.0,0.0
2024-07-02 11:40:00-04:00,22.979999542236328,23.010000228881836,22.959999084472656,22.959999084472656,2521,0.0,0.0
2024-07-02 11:45:00-04:00,22.950000762939453,22.969999313354492,22.950000762939453,22.969999313354492,713,0.0,0.0
2024-07-02 11:50:00-04:00,22.989999771118164,22.989999771118164,22.989999771118164,22.989999771118164,876,0.0,0.0
2024-07-02 12:05:00-04:00,22.924999237060547,22.924999237060547,22.924999237060547,22.924999237060547,1015,0.0,0.0
2024-07-02 12:20:00-04:00,22.844999313354492,22.844999313354492,22.844999313354492,22.844999313354492,677,0.0,0.0
2024-07-02 12:25:00-04:00,22.889999389648438,22.889999389648438,22.889999389648438,22.889999389648438,137,0.0,0.0
2024-07-02 12:30:00-04:00,22.875,22.8799991607666,22.844999313354492,22.844999313354492,480,0.0,0.0
2024-07-02 12:35:00-04:00,22.8700008392334,22.8700008392334,22.8700008392334,22.8700008392334,144,0.0,0.0
2024-07-02 12:45:00-04:00,22.901599884033203,22.901599884033203,22.884000778198242,22.884000778198242,745,0.0,0.0
2024-07-02 12:50:00-04:00,22.8799991607666,22.8799991607666,22.8799991607666,22.8799991607666,242,0.0,0.0
2024-07-02 12:55:00-04:00,22.87220001220703,22.90999984741211,22.850000381469727,22.90999984741211,2757,0.0,0.0
2024-07-02 13:00:00-04:00,22.899999618530273,22.916200637817383,22.899999618530273,22.916200637817383,588,0.0,0.0
2024-07-02 13:05:00-04:00,22.93000030517578,22.93000030517578,22.93000030517578,22.93000030517578,307,0.0,0.0
2024-07-02 13:15:00-04:00,22.940000534057617,22.950000762939453,22.940000534057617,22.950000762939453,1165,0.0,0.0
2024-07-02 13:25:00-04:00,22.940000534057617,22.940000534057617,22.940000534057617,22.940000534057617,806,0.0,0.0
2024-07-02 13:35:00-04:00,22.923999786376953,22.923999786376953,22.923999786376953,22.923999786376953,1023,0.0,0.0
2024-07-02 13:45:00-04:00,22.90999984741211,22.90999984741211,22.90999984741211,22.90999984741211,182,0.0,0.0
2024-07-02 13:50:00-04:00,22.899999618530273,22.940000534057617,22.899999618530273,22.93000030517578,1194,0.0,0.0
2024-07-02 13:55:00-04:00,22.959999084472656,22.959999084472656,22.959999084472656,22.959999084472656,957,0.0,0.0
2024-07-02 14:00:00-04:00,22.941299438476562,23.0049991607666,22.941299438476562,23.0,1772,0.0,0.0
2024-07-02 14:05:00-04:00,23.0,23.0,22.98390007019043,23.0,499,0.0,0.0
2024-07-02 14:10:00-04:00,23.0,23.0,22.96470069885254,22.96470069885254,447,0.0,0.0
2024-07-02 14:15:00-04:00,22.979999542236328,22.979999542236328,22.959999084472656,22.979999542236328,437,0.0,0.0
2024-07-02 14:25:00-04:00,22.959999084472656,22.979999542236328,22.959999084472656,22.975000381469727,1222,0.0,0.0
2024-07-02 14:30:00-04:00,22.950000762939453,22.979999542236328,22.950000762939453,22.979999542236328,478,0.0,0.0
2024-07-02 14:35:00-04:00,22.979999542236328,22.979999542236328,22.979999542236328,22.979999542236328,158,0.0,0.0
2024-07-02 14:40:00-04:00,22.954999923706055,22.954999923706055,22.93000030517578,22.93000030517578,1004,0.0,0.0
2024-07-02 14:55:00-04:00,22.959999084472656,22.969999313354492,22.959999084472656,22.969999313354492,1454,0.0,0.0
2024-07-02 15:05:00-04:00,22.969999313354492,22.989999771118164,22.969999313354492,22.989999771118164,1143,0.0,0.0
2024-07-02 15:10:00-04:00,22.989999771118164,23.014999389648438,22.989999771118164,22.989999771118164,4607,0.0,0.0
2024-07-02 15:15:00-04:00,22.975000381469727,22.975000381469727,22.963600158691406,22.963600158691406,961,0.0,0.0
2024-07-02 15:20:00-04:00,22.96500015258789,22.96500015258789,22.96500015258789,22.96500015258789,612,0.0,0.0
2024-07-02 15:25:00-04:00,22.989999771118164,22.989999771118164,22.950000762939453,22.969999313354492,1518,0.0,0.0
2024-07-02 15:30:00-04:00,22.950000762939453,22.950000762939453,22.940000534057617,22.950000762939453,1771,0.0,0.0
2024-07-02 15:35:00-04:00,22.959999084472656,22.959999084472656,22.959999084472656,22.959999084472656,1200,0.0,0.0
2024-07-02 15:40:00-04:00,22.950000762939453,22.950000762939453,22.93000030517578,22.93000030517578,1307,0.0,0.0
2024-07-02 15:45:00-04:00,22.940000534057617,22.940000534057617,22.93000030517578,22.93000030517578,2037,0.0,0.0
2024-07-02 15:50:00-04:00,22.93000030517578,22.950000762939453,22.90999984741211,22.950000762939453,2350,0.0,0.0
2024-07-02 15:55:00-04:00,22.959999084472656,23.0,22.959999084472656,22.969999313354492,6446,0.0,0.0
2024-07-03 09:30:00-04:00,23.09000015258789,23.09000015258789,23.09000015258789,23.09000015258789,605,0.0,0.0
2024-07-03 09:35:00-04:00,23.0,23.0,22.924999237060547,22.924999237060547,1702,0.0,0.0
2024-07-03 09:40:00-04:00,22.899999618530273,22.899999618530273,22.899999618530273,22.899999618530273,136,0.0,0.0
2024-07-03 09:45:00-04:00,22.87019920349121,22.87019920349121,22.87019920349121,22.87019920349121,1023,0.0,0.0
2024-07-03 09:50:00-04:00,22.93000030517578,22.93000030517578,22.93000030517578,22.93000030517578,614,0.0,0.0
2024-07-03 10:00:00-04:00,23.0,23.07710075378418,22.940000534057617,22.975000381469727,10366,0.0,0.0
2024-07-03 10:05:00-04:00,23.010000228881836,23.014999389648438,23.010000228881836,23.014999389648438,1645,0.0,0.0
2024-07-03 10:10:00-04:00,23.020000457763672,23.020000457763672,22.959999084472656,22.959999084472656,910,0.0,0.0
2024-07-03 10:15:00-04:00,23.0,23.103099822998047,23.0,23.103099822998047,5099,0.0,0.0
2024-07-03 10:30:00-04:00,23.075000762939453,23.101299285888672,23.049999237060547,23.101299285888672,1296,0.0,0.0
2024-07-03 10:35:00-04:00,23.09000015258789,23.09000015258789,23.06599998474121,23.06999969482422,2636,0.0,0.0
2024-07-03 10:40:00-04:00,23.030000686645508,23.040000915527344,23.030000686645508,23.03499984741211,2123,0.0,0.0
2024-07-03 10:50:00-04:00,23.020000457763672,23.024999618530273,23.020000457763672,23.024999618530273,1080,0.0,0.0
2024-07-03 10:55:00-04:00,23.010000228881836,23.010000228881836,23.010000228881836,23.010000228881836,428,0.0,0.0
2024-07-03 11:00:00-04:00,23.010000228881836,23.010000228881836,23.010000228881836,23.010000228881836,692,0.0,0.0
2024-07-03 11:05:00-04:00,23.010000228881836,23.010000228881836,23.004499435424805,23.010000228881836,1070,0.0,0.0
2024-07-03 11:15:00-04:00,23.010000228881836,23.049999237060547,23.010000228881836,23.024999618530273,4663,0.0,0.0
2024-07-03 11:20:00-04:00,23.059999465942383,23.059999465942383,22.989999771118164,23.049999237060547,5201,0.0,0.0
2024-07-03 11:30:00-04:00,23.010000228881836,23.010000228881836,23.010000228881836,23.010000228881836,319,0.0,0.0
2024-07-03 11:35:00-04:00,23.010000228881836,23.010000228881836,23.010000228881836,23.010000228881836,473,0.0,0.0
2024-07-03 11:40:00-04:00,23.010000228881836,23.010000228881836,23.010000228881836,23.010000228881836,681,0.0,0.0
2024-07-03 11:45:00-04:00,23.030000686645508,23.059999465942383,23.030000686645508,23.045000076293945,2797,0.0,0.0
2024-07-03 11:50:00-04:00,22.989999771118164,22.989999771118164,22.979999542236328,22.979999542236328,730,0.0,0.0
2024-07-03 12:00:00-04:00,22.950000762939453,22.989999771118164,22.950000762939453,22.989999771118164,2360,0.0,0.0
2024-07-03 12:10:00-04:00,22.979999542236328,22.979999542236328,22.979999542236328,22.979999542236328,552,0.0,0.0
2024-07-03 12:15:00-04:00,23.010000228881836,23.020000457763672,23.010000228881836,23.020000457763672,1967,0.0,0.0
2024-07-03 12:25:00-04:00,23.010000228881836,23.010000228881836,22.950000762939453,22.950000762939453,1899,0.0,0.0
2024-07-03 12:30:00-04:00,22.889999389648438,22.889999389648438,22.889999389648438,22.889999389648438,463,0.0,0.0
2024-07-03 12:35:00-04:00,22.940000534057617,22.940000534057617,22.920000076293945,22.920000076293945,1667,0.0,0.0
2024-07-03 12:40:00-04:00,22.889999389648438,22.889999389648438,22.860000610351562,22.8700008392334,3288,0.0,0.0
2024-07-03 12:45:00-04:00,22.809999465942383,22.809999465942383,22.780000686645508,22.799999237060547,3524,0.0,0.0
2024-07-03 12:55:00-04:00,22.780000686645508,22.780000686645508,22.709999084472656,22.729999542236328,7679,0.0,0.0
2024-07-05 09:30:00-04:00,22.700000762939453,22.700000762939453,22.635000228881836,22.635000228881836,1945,0.0,0.0
2024-07-05 09:35:00-04:00,22.639999389648438,22.799999237060547,22.639999389648438,22.709999084472656,1419,0.0,0.0
2024-07-05 09:40:00-04:00,22.81999969482422,22.915000915527344,22.81999969482422,22.899999618530273,310,0.0,0.0
2024-07-05 09:45:00-04:00,22.719999313354492,22.729999542236328,22.709999084472656,22.729999542236328,3806,0.0,0.0
2024-07-05 10:00:00-04:00,22.720199584960938,22.729999542236328,22.639999389648438,22.639999389648438,1145,0.0,0.0
2024-07-05 10:05:00-04:00,22.709999084472656,22.709999084472656,22.6299991607666,22.670000076293945,1726,0.0,0.0
2024-07-05 10:15:00-04:00,22.645000457763672,22.649999618530273,22.610000610351562,22.639999389648438,1538,0.0,0.0
2024-07-05 10:35:00-04:00,22.703899383544922,22.703899383544922,22.703899383544922,22.703899383544922,2201,0.0,0.0
2024-07-05 10:40:00-04:00,22.709999084472656,22.709999084472656,22.709999084472656,22.709999084472656,298,0.0,0.0
2024-07-05 10:45:00-04:00,22.809999465942383,22.809999465942383,22.809999465942383,22.809999465942383,710,0.0,0.0
2024-07-05 10:55:00-04:00,22.850000381469727,22.850000381469727,22.780000686645508,22.780000686645508,1167,0.0,0.0
2024-07-05 11:00:00-04:00,22.75,22.790000915527344,22.75,22.790000915527344,629,0.0,0.0
2024-07-05 11:15:00-04:00,22.81999969482422,22.81999969482422,22.81999969482422,22.81999969482422,510,0.0,0.0
2024-07-05 11:25:00-04:00,22.780000686645508,22.780000686645508,22.780000686645508,22.780000686645508,259,0.0,0.0
2024-07-05 11:30:00-04:00,22.729999542236328,22.729999542236328,22.729999542236328,22.729999542236328,714,0.0,0.0
2024-07-05 11:35:00-04:00,22.76460075378418,22.76460075378418,22.76460075378418,22.76460075378418,687,0.0,0.0
2024-07-05 11:40:00-04:00,22.790000915527344,22.790000915527344,22.790000915527344,22.790000915527344,1797,0.0,0.0
2024-07-05 11:45:00-04:00,22.799999237060547,22.854999542236328,22.799999237060547,22.854999542236328,1056,0.0,0.0
2024-07-05 11:50:00-04:00,22.829999923706055,22.854999542236328,22.81999969482422,22.829999923706055,2637,0.0,0.0
2024-07-05 11:55:00-04:00,22.81999969482422,22.81999969482422,22.81999969482422,22.81999969482422,803,0.0,0.0
2024-07-05 12:00:00-04:00,22.819599151611328,22.819599151611328,22.75,22.75,560,0.0,0.0
2024-07-05 12:10:00-04:00,22.81999969482422,22.81999969482422,22.81999969482422,22.81999969482422,553,0.0,0.0
2024-07-05 12:30:00-04:00,22.780000686645508,22.780000686645508,22.770000457763672,22.770000457763672,841,0.0,0.0
2024-07-05 12:35:00-04:00,22.719999313354492,22.719999313354492,22.719999313354492,22.719999313354492,490,0.0,0.0
2024-07-05 12:45:00-04:00,22.700000762939453,22.700000762939453,22.700000762939453,22.700000762939453,1335,0.0,0.0
2024-07-05 13:05:00-04:00,22.773000717163086,22.773000717163086,22.773000717163086,22.773000717163086,206,0.0,0.0
2024-07-05 13:10:00-04:00,22.729999542236328,22.729999542236328,22.719999313354492,22.719999313354492,853,0.0,0.0
2024-07-05 13:25:00-04:00,22.75,22.75,22.75,22.75,192,0.0,0.0
2024-07-05 13:30:00-04:00,22.75,22.75,22.739999771118164,22.739999771118164,535,0.0,0.0
2024-07-05 13:35:00-04:00,22.739999771118164,22.739999771118164,22.739999771118164,22.739999771118164,1404,0.0,0.0
2024-07-05 13:55:00-04:00,22.809999465942383,22.809999465942383,22.809999465942383,22.809999465942383,484,0.0,0.0
2024-07-05 14:15:00-04:00,22.780000686645508,22.790000915527344,22.739999771118164,22.739999771118164,2526,0.0,0.0
2024-07-05 14:25:00-04:00,22.719999313354492,22.719999313354492,22.700000762939453,22.700000762939453,1019,0.0,0.0
2024-07-05 14:40:00-04:00,22.719999313354492,22.719999313354492,22.719999313354492,22.719999313354492,406,0.0,0.0
2024-07-05 14:45:00-04:00,22.719999313354492,22.719999313354492,22.719999313354492,22.719999313354492,680,0.0,0.0
2024-07-05 14:50:00-04:00,22.729999542236328,22.75,22.719999313354492,22.75,2813,0.0,0.0
2024-07-05 15:00:00-04:00,22.719999313354492,22.719999313354492,22.719999313354492,22.719999313354492,315,0.0,0.0
2024-07-05 15:05:00-04:00,22.72010040283203,22.7450008392334,22.72010040283203,22.7450008392334,4004,0.0,0.0
2024-07-05 15:10:00-04:00,22.739999771118164,22.739999771118164,22.68000030517578,22.709999084472656,3228,0.0,0.0
2024-07-05 15:15:00-04:00,22.719999313354492,22.719999313354492,22.719999313354492,22.719999313354492,316,0.0,0.0
2024-07-05 15:20:00-04:00,22.690000534057617,22.815000534057617,22.690000534057617,22.770000457763672,3490,0.0,0.0
2024-07-05 15:25:00-04:00,22.790000915527344,22.829999923706055,22.790000915527344,22.829999923706055,3836,0.0,0.0
2024-07-05 15:30:00-04:00,22.809999465942383,22.860000610351562,22.795000076293945,22.860000610351562,2427,0.0,0.0
2024-07-05 15:35:00-04:00,22.854999542236328,22.899999618530273,22.854999542236328,22.860000610351562,4732,0.0,0.0
2024-07-05 15:40:00-04:00,22.8799991607666,22.8799991607666,22.8799991607666,22.8799991607666,226,0.0,0.0
2024-07-05 15:45:00-04:00,22.895000457763672,22.899999618530273,22.8700008392334,22.8700008392334,3364,0.0,0.0
2024-07-05 15:50:00-04:00,22.889999389648438,22.899999618530273,22.8799991607666,22.889999389648438,6515,0.0,0.0
2024-07-05 15:55:00-04:00,22.899999618530273,22.950000762939453,22.899999618530273,22.93000030517578,17082,0.0,0.0
2024-07-08 09:30:00-04:00,23.030000686645508,23.165000915527344,23.030000686645508,23.084999084472656,2967,0.0,0.0
2024-07-08 09:35:00-04:00,23.100000381469727,23.100000381469727,22.83060073852539,22.83060073852539,2358,0.0,0.0
2024-07-08 09:40:00-04:00,22.895000457763672,22.895000457763672,22.895000457763672,22.895000457763672,536,0.0,0.0
2024-07-08 09:45:00-04:00,22.889999389648438,22.959999084472656,22.889999389648438,22.959999084472656,1416,0.0,0.0
2024-07-08 09:50:00-04:00,23.020000457763672,23.102500915527344,23.0,23.102500915527344,2946,0.0,0.0
2024-07-08 09:55:00-04:00,23.125,23.170000076293945,23.0,23.06999969482422,9250,0.0,0.0
2024-07-08 10:00:00-04:00,23.045000076293945,23.045000076293945,23.045000076293945,23.045000076293945,161,0.0,0.0
2024-07-08 10:05:00-04:00,22.989999771118164,22.989999771118164,22.989999771118164,22.989999771118164,582,0.0,0.0
2024-07-08 10:15:00-04:00,22.93000030517578,22.93000030517578,22.80500030517578,22.860000610351562,2812,0.0,0.0
2024-07-08 10:20:00-04:00,22.84000015258789,22.915000915527344,22.84000015258789,22.915000915527344,2007,0.0,0.0
2024-07-08 10:25:00-04:00,22.989999771118164,22.989999771118164,22.8799991607666,22.8799991607666,1407,0.0,0.0
2024-07-08 10:30:00-04:00,22.844999313354492,22.889999389648438,22.83919906616211,22.8799991607666,1163,0.0,0.0
2024-07-08 10:35:00-04:00,22.854999542236328,22.889999389648438,22.854999542236328,22.889999389648438,819,0.0,0.0
2024-07-08 10:40:00-04:00,22.934999465942383,22.989999771118164,22.93199920654297,22.989999771118164,1382,0.0,0.0
2024-07-08 10:45:00-04:00,22.99799919128418,22.99799919128418,22.9950008392334,22.9950008392334,976,0.0,0.0
2024-07-08 10:50:00-04:00,23.049999237060547,23.05500030517578,23.049999237060547,23.049999237060547,1773,0.0,0.0
2024-07-08 10:55:00-04:00,23.040000915527344,23.040000915527344,23.040000915527344,23.040000915527344,499,0.0,0.0
2024-07-08 11:00:00-04:00,23.010000228881836,23.018199920654297,23.010000228881836,23.018199920654297,1418,0.0,0.0
2024-07-08 11:05:00-04:00,22.985000610351562,22.985000610351562,22.959999084472656,22.959999084472656,1040,0.0,0.0
2024-07-08 11:10:00-04:00,22.979999542236328,22.979999542236328,22.975000381469727,22.975000381469727,416,0.0,0.0
2024-07-08 11:15:00-04:00,22.975000381469727,23.020000457763672,22.975000381469727,23.020000457763672,2301,0.0,0.0
2024-07-08 11:25:00-04:00,22.950000762939453,22.959999084472656,22.950000762939453,22.954999923706055,1456,0.0,0.0
2024-07-08 11:35:00-04:00,22.8700008392334,22.8700008392334,22.8700008392334,22.8700008392334,452,0.0,0.0
2024-07-08 11:40:00-04:00,22.8700008392334,22.904499053955078,22.844499588012695,22.875,1705,0.0,0.0
2024-07-08 11:45:00-04:00,22.875,22.875,22.875,22.875,379,0.0,0.0
2024-07-08 11:50:00-04:00,22.8799991607666,22.899999618530273,22.85099983215332,22.899999618530273,1806,0.0,0.0
2024-07-08 11:55:00-04:00,22.877399444580078,22.920000076293945,22.877399444580078,22.889999389648438,1768,0.0,0.0
2024-07-08 12:00:00-04:00,22.8700008392334,22.8700008392334,22.8700008392334,22.8700008392334,510,0.0,0.0
2024-07-08 12:10:00-04:00,22.889999389648438,22.899999618530273,22.889999389648438,22.899999618530273,1405,0.0,0.0
2024-07-08 12:15:00-04:00,22.850000381469727,22.850000381469727,22.850000381469727,22.850000381469727,493,0.0,0.0
2024-07-08 12:25:00-04:00,22.8799991607666,22.8799991607666,22.850000381469727,22.850000381469727,606,0.0,0.0
2024-07-08 12:30:00-04:00,22.850000381469727,22.850000381469727,22.850000381469727,22.850000381469727,1132,0.0,0.0
2024-07-08 12:35:00-04:00,22.875,22.889999389648438,22.861000061035156,22.8799991607666,3653,0.0,0.0
2024-07-08 12:40:00-04:00,22.860000610351562,22.860000610351562,22.850000381469727,22.850000381469727,1198,0.0,0.0
2024-07-08 12:45:00-04:00,22.829999923706055,22.84000015258789,22.809999465942383,22.84000015258789,833,0.0,0.0
2024-07-08 12:50:00-04:00,22.850000381469727,22.864999771118164,22.81999969482422,22.854999542236328,2280,0.0,0.0
2024-07-08 12:55:00-04:00,22.854999542236328,22.854999542236328,22.832199096679688,22.854999542236328,1013,0.0,0.0
2024-07-08 13:00:00-04:00,22.844999313354492,22.889999389648438,22.844999313354492,22.889999389648438,2013,0.0,0.0
2024-07-08 13:05:00-04:00,22.8700008392334,22.8700008392334,22.8700008392334,22.8700008392334,812,0.0,0.0
2024-07-08 13:10:00-04:00,22.8700008392334,22.915000915527344,22.8700008392334,22.915000915527344,2280,0.0,0.0
2024-07-08 13:15:00-04:00,22.94499969482422,22.969999313354492,22.94499969482422,22.969999313354492,3299,0.0,0.0
2024-07-08 13:20:00-04:00,22.969999313354492,22.969999313354492,22.969999313354492,22.969999313354492,88,0.0,0.0
2024-07-08 13:25:00-04:00,22.959999084472656,22.979999542236328,22.959999084472656,22.975000381469727,3080,0.0,0.0
2024-07-08 13:30:00-04:00,23.0,23.0,22.969999313354492,22.989999771118164,1522,0.0,0.0
2024-07-08 13:35:00-04:00,23.010000228881836,23.010000228881836,22.975000381469727,22.980100631713867,2009,0.0,0.0
2024-07-08 13:40:00-04:00,22.989999771118164,23.0,22.989999771118164,23.0,894,0.0,0.0
2024-07-08 13:45:00-04:00,23.00480079650879,23.00480079650879,22.979999542236328,22.989999771118164,1138,0.0,0.0
2024-07-08 13:50:00-04:00,22.969999313354492,22.979999542236328,22.959999084472656,22.969999313354492,4095,0.0,0.0
2024-07-08 13:55:00-04:00,22.989999771118164,22.989999771118164,22.989999771118164,22.989999771118164,3302,0.0,0.0
2024-07-08 14:00:00-04:00,22.94499969482422,22.959999084472656,22.94499969482422,22.954999923706055,2420,0.0,0.0
2024-07-08 14:10:00-04:00,22.93000030517578,22.93000030517578,22.924999237060547,22.924999237060547,888,0.0,0.0
2024-07-08 14:15:00-04:00,22.920000076293945,22.93000030517578,22.920000076293945,22.93000030517578,1846,0.0,0.0
2024-07-08 14:25:00-04:00,22.93000030517578,22.93000030517578,22.920000076293945,22.920000076293945,1726,0.0,0.0
2024-07-08 14:30:00-04:00,22.899999618530273,22.90999984741211,22.899999618530273,22.90999984741211,1135,0.0,0.0
2024-07-08 14:35:00-04:00,22.90999984741211,22.90999984741211,22.90999984741211,22.90999984741211,568,0.0,0.0
2024-07-08 14:40:00-04:00,22.8700008392334,22.8700008392334,22.8700008392334,22.8700008392334,732,0.0,0.0
2024-07-08 14:45:00-04:00,22.829999923706055,22.844999313354492,22.809999465942383,22.809999465942383,1475,0.0,0.0
2024-07-08 14:55:00-04:00,22.84000015258789,22.869600296020508,22.84000015258789,22.869600296020508,1844,0.0,0.0
2024-07-08 15:00:00-04:00,22.850000381469727,22.850000381469727,22.850000381469727,22.850000381469727,432,0.0,0.0
2024-07-08 15:05:00-04:00,22.850000381469727,22.8700008392334,22.850000381469727,22.8700008392334,1835,0.0,0.0
2024-07-08 15:15:00-04:00,22.855499267578125,22.8799991607666,22.855499267578125,22.8700008392334,2286,0.0,0.0
2024-07-08 15:20:00-04:00,22.8799991607666,22.8799991607666,22.81999969482422,22.825000762939453,4014,0.0,0.0
2024-07-08 15:25:00-04:00,22.81999969482422,22.81999969482422,22.78499984741211,22.78499984741211,3601,0.0,0.0
2024-07-08 15:35:00-04:00,22.795000076293945,22.795000076293945,22.760000228881836,22.760000228881836,3347,0.0,0.0
2024-07-08 15:40:00-04:00,22.760000228881836,22.760000228881836,22.739999771118164,22.739999771118164,1481,0.0,0.0
2024-07-08 15:45:00-04:00,22.739999771118164,22.75,22.735000610351562,22.75,4015,0.0,0.0
2024-07-08 15:50:00-04:00,22.760000228881836,22.780000686645508,22.760000228881836,22.760000228881836,7515,0.0,0.0
2024-07-08 15:55:00-04:00,22.75,22.760000228881836,22.729999542236328,22.729999542236328,10304,0.0,0.0
2024-07-09 09:30:00-04:00,22.600000381469727,22.610000610351562,22.56999969482422,22.56999969482422,8639,0.0,0.0
2024-07-09 09:35:00-04:00,22.520000457763672,22.520000457763672,22.520000457763672,22.520000457763672,633,0.0,0.0
2024-07-09 09:40:00-04:00,22.56999969482422,22.56999969482422,22.56999969482422,22.56999969482422,550,0.0,0.0
2024-07-09 09:50:00-04:00,22.56999969482422,22.56999969482422,22.540000915527344,22.540000915527344,2873,0.0,0.0
2024-07-09 10:00:00-04:00,22.540000915527344,22.540000915527344,22.540000915527344,22.540000915527344,538,0.0,0.0
2024-07-09 10:05:00-04:00,22.549999237060547,22.549999237060547,22.530000686645508,22.53499984741211,1021,0.0,0.0
2024-07-09 10:10:00-04:00,22.594999313354492,22.594999313354492,22.594999313354492,22.594999313354492,600,0.0,0.0
2024-07-09 10:15:00-04:00,22.510000228881836,22.510000228881836,22.510000228881836,22.510000228881836,770,0.0,0.0
2024-07-09 10:20:00-04:00,22.485000610351562,22.485000610351562,22.485000610351562,22.485000610351562,564,0.0,0.0
2024-07-09 10:25:00-04:00,22.475000381469727,22.475000381469727,22.450000762939453,22.450000762939453,1360,0.0,0.0
2024-07-09 10:30:00-04:00,22.40999984741211,22.43000030517578,22.385000228881836,22.43000030517578,2744,0.0,0.0
2024-07-09 10:35:00-04:00,22.450000762939453,22.450000762939453,22.43000030517578,22.43000030517578,1569,0.0,0.0
2024-07-09 10:40:00-04:00,22.399999618530273,22.399999618530273,22.389999389648438,22.389999389648438,776,0.0,0.0
2024-07-09 10:45:00-04:00,22.385000228881836,22.43000030517578,22.385000228881836,22.420000076293945,2634,0.0,0.0
2024-07-09 10:55:00-04:00,22.399999618530273,22.43000030517578,22.399999618530273,22.43000030517578,2761,0.0,0.0
2024-07-09 11:05:00-04:00,22.420000076293945,22.420000076293945,22.360000610351562,22.360000610351562,1006,0.0,0.0
2024-07-09 11:10:00-04:00,22.299999237060547,22.299999237060547,22.299999237060547,22.299999237060547,418,0.0,0.0
2024-07-09 11:15:00-04:00,22.260000228881836,22.260000228881836,22.260000228881836,22.260000228881836,700,0.0,0.0
2024-07-09 11:25:00-04:00,22.190000534057617,22.190000534057617,22.190000534057617,22.190000534057617,1115,0.0,0.0
2024-07-09 11:30:00-04:00,22.209999084472656,22.209999084472656,22.18000030517578,22.18000030517578,783,0.0,0.0
2024-07-09 11:35:00-04:00,22.19499969482422,22.19499969482422,22.19499969482422,22.19499969482422,283,0.0,0.0
2024-07-09 11:40:00-04:00,22.19499969482422,22.209999084472656,22.19499969482422,22.209999084472656,3139,0.0,0.0
2024-07-09 12:10:00-04:00,22.329999923706055,22.329999923706055,22.329999923706055,22.329999923706055,2329,0.0,0.0
2024-07-09 12:20:00-04:00,22.31999969482422,22.31999969482422,22.280000686645508,22.280000686645508,1981,0.0,0.0
2024-07-09 12:25:00-04:00,22.28499984741211,22.28499984741211,22.270000457763672,22.270000457763672,359,0.0,0.0
2024-07-09 12:30:00-04:00,22.270000457763672,22.270000457763672,22.270000457763672,22.270000457763672,491,0.0,0.0
2024-07-09 12:35:00-04:00,22.265399932861328,22.265399932861328,22.265399932861328,22.265399932861328,1105,0.0,0.0
2024-07-09 12:40:00-04:00,22.28499984741211,22.28499984741211,22.28499984741211,22.28499984741211,1039,0.0,0.0
2024-07-09 12:50:00-04:00,22.260000228881836,22.260000228881836,22.25,22.25,1093,0.0,0.0
2024-07-09 12:55:00-04:00,22.290000915527344,22.31999969482422,22.290000915527344,22.31999969482422,2144,0.0,0.0
2024-07-09 13:00:00-04:00,22.315000534057617,22.315000534057617,22.315000534057617,22.315000534057617,245,0.0,0.0
2024-07-09 13:05:00-04:00,22.34000015258789,22.34000015258789,22.34000015258789,22.34000015258789,631,0.0,0.0
2024-07-09 13:10:00-04:00,22.344999313354492,22.344999313354492,22.33099937438965,22.33099937438965,971,0.0,0.0
2024-07-09 13:15:00-04:00,22.329999923706055,22.329999923706055,22.299999237060547,22.299999237060547,1953,0.0,0.0
2024-07-09 13:25:00-04:00,22.270000457763672,22.28499984741211,22.270000457763672,22.28499984741211,1285,0.0,0.0
2024-07-09 13:30:00-04:00,22.28499984741211,22.28499984741211,22.28499984741211,22.28499984741211,512,0.0,0.0
2024-07-09 13:35:00-04:00,22.295000076293945,22.295000076293945,22.295000076293945,22.295000076293945,421,0.0,0.0
2024-07-09 13:40:00-04:00,22.280000686645508,22.290000915527344,22.270000457763672,22.290000915527344,2572,0.0,0.0
2024-07-09 13:45:00-04:00,22.325000762939453,22.325000762939453,22.325000762939453,22.325000762939453,595,0.0,0.0
2024-07-09 13:50:00-04:00,22.34000015258789,22.343599319458008,22.34000015258789,22.343599319458008,2935,0.0,0.0
2024-07-09 14:00:00-04:00,22.329999923706055,22.334999084472656,22.329999923706055,22.334999084472656,440,0.0,0.0
2024-07-09 14:05:00-04:00,22.31999969482422,22.34000015258789,22.31999969482422,22.34000015258789,1946,0.0,0.0
2024-07-09 14:10:00-04:00,22.3700008392334,22.3700008392334,22.3700008392334,22.3700008392334,342,0.0,0.0
2024-07-09 14:15:00-04:00,22.405000686645508,22.405000686645508,22.399999618530273,22.399999618530273,655,0.0,0.0
2024-07-09 14:20:00-04:00,22.389999389648438,22.389999389648438,22.385000228881836,22.385000228881836,1585,0.0,0.0
2024-07-09 14:30:00-04:00,22.3700008392334,22.3700008392334,22.344999313354492,22.344999313354492,1211,0.0,0.0
2024-07-09 14:35:00-04:00,22.345800399780273,22.345800399780273,22.345800399780273,22.345800399780273,504,0.0,0.0
2024-07-09 14:40:00-04:00,22.329999923706055,22.350000381469727,22.329999923706055,22.350000381469727,1584,0.0,0.0
2024-07-09 14:45:00-04:00,22.34000015258789,22.34000015258789,22.34000015258789,22.34000015258789,197,0.0,0.0
2024-07-09 14:50:00-04:00,22.325000762939453,22.325000762939453,22.325000762939453,22.325000762939453,554,0.0,0.0
2024-07-09 14:55:00-04:00,22.309999465942383,22.309999465942383,22.309999465942383,22.309999465942383,786,0.0,0.0
2024-07-09 15:00:00-04:00,22.30500030517578,22.30500030517578,22.30500030517578,22.30500030517578,756,0.0,0.0
2024-07-09 15:05:00-04:00,22.31450080871582,22.31450080871582,22.299999237060547,22.299999237060547,1057,0.0,0.0
2024-07-09 15:10:00-04:00,22.309999465942383,22.309999465942383,22.290000915527344,22.290000915527344,1131,0.0,0.0
2024-07-09 15:15:00-04:00,22.31999969482422,22.31999969482422,22.31999969482422,22.31999969482422,465,0.0,0.0
2024-07-09 15:20:00-04:00,22.325000762939453,22.3700008392334,22.325000762939453,22.3700008392334,1474,0.0,0.0
2024-07-09 15:25:00-04:00,22.360000610351562,22.360000610351562,22.360000610351562,22.360000610351562,679,0.0,0.0
2024-07-09 15:30:00-04:00,22.350000381469727,22.354999542236328,22.350000381469727,22.354999542236328,636,0.0,0.0
2024-07-09 15:40:00-04:00,22.350000381469727,22.350000381469727,22.350000381469727,22.350000381469727,2149,0.0,0.0
2024-07-09 15:45:00-04:00,22.36440086364746,22.389999389648438,22.34000015258789,22.389999389648438,3129,0.0,0.0
2024-07-09 15:50:00-04:00,22.3799991607666,22.40999984741211,22.3799991607666,22.40999984741211,3821,0.0,0.0
2024-07-09 15:55:00-04:00,22.399999618530273,22.440000534057617,22.389999389648438,22.420000076293945,11257,0.0,0.0
2024-07-10 09:30:00-04:00,22.579999923706055,22.59000015258789,22.579999923706055,22.59000015258789,837,0.0,0.0
2024-07-10 09:35:00-04:00,22.6200008392334,22.6200008392334,22.600000381469727,22.600000381469727,784,0.0,0.0
2024-07-10 09:40:00-04:00,22.549999237060547,22.549999237060547,22.520000457763672,22.524999618530273,1903,0.0,0.0
2024-07-10 09:45:00-04:00,22.5049991607666,22.5049991607666,22.5049991607666,22.5049991607666,1054,0.0,0.0
2024-07-10 10:00:00-04:00,22.489999771118164,22.489999771118164,22.489999771118164,22.489999771118164,381,0.0,0.0
2024-07-10 10:15:00-04:00,22.5,22.5,22.5,22.5,604,0.0,0.0
2024-07-10 10:20:00-04:00,22.440000534057617,22.440000534057617,22.43000030517578,22.43000030517578,1305,0.0,0.0
2024-07-10 10:45:00-04:00,22.440000534057617,22.458499908447266,22.420000076293945,22.420000076293945,3076,0.0,0.0
2024-07-10 10:50:00-04:00,22.43000030517578,22.43000030517578,22.43000030517578,22.43000030517578,411,0.0,0.0
2024-07-10 11:05:00-04:00,22.43000030517578,22.46500015258789,22.43000030517578,22.46500015258789,1245,0.0,0.0
2024-07-10 11:10:00-04:00,22.43000030517578,22.43000030517578,22.40999984741211,22.40999984741211,578,0.0,0.0
2024-07-10 11:20:00-04:00,22.43000030517578,22.43000030517578,22.43000030517578,22.43000030517578,151,0.0,0.0
2024-07-10 11:25:00-04:00,22.43000030517578,22.43000030517578,22.43000030517578,22.43000030517578,134,0.0,0.0
2024-07-10 11:30:00-04:00,22.459999084472656,22.514999389648438,22.459999084472656,22.514999389648438,1302,0.0,0.0
2024-07-10 11:35:00-04:00,22.479999542236328,22.520000457763672,22.479999542236328,22.510000228881836,850,0.0,0.0
2024-07-10 11:40:00-04:00,22.510000228881836,22.510000228881836,22.510000228881836,22.510000228881836,244,0.0,0.0
2024-07-10 11:45:00-04:00,22.530000686645508,22.530000686645508,22.530000686645508,22.530000686645508,587,0.0,0.0
2024-07-10 11:50:00-04:00,22.545000076293945,22.545000076293945,22.545000076293945,22.545000076293945,335,0.0,0.0
2024-07-10 11:55:00-04:00,22.545000076293945,22.545000076293945,22.545000076293945,22.545000076293945,294,0.0,0.0
2024-07-10 12:10:00-04:00,22.530000686645508,22.565000534057617,22.530000686645508,22.549999237060547,1525,0.0,0.0
2024-07-10 12:20:00-04:00,22.56999969482422,22.600000381469727,22.530000686645508,22.530000686645508,3527,0.0,0.0
2024-07-10 12:25:00-04:00,22.530000686645508,22.530000686645508,22.530000686645508,22.530000686645508,1456,0.0,0.0
2024-07-10 12:55:00-04:00,22.530000686645508,22.530000686645508,22.530000686645508,22.530000686645508,255,0.0,0.0
2024-07-10 13:00:00-04:00,22.520000457763672,22.549999237060547,22.520000457763672,22.549999237060547,1791,0.0,0.0
2024-07-10 13:10:00-04:00,22.600000381469727,22.600000381469727,22.579999923706055,22.579999923706055,1292,0.0,0.0
2024-07-10 13:15:00-04:00,22.593000411987305,22.593000411987305,22.593000411987305,22.593000411987305,250,0.0,0.0
2024-07-10 13:20:00-04:00,22.59000015258789,22.59000015258789,22.540000915527344,22.540000915527344,1403,0.0,0.0
2024-07-10 13:30:00-04:00,22.530000686645508,22.6299991607666,22.520000457763672,22.6299991607666,2805,0.0,0.0
2024-07-10 13:35:00-04:00,22.6299991607666,22.6299991607666,22.625,22.625,583,0.0,0.0
2024-07-10 13:40:00-04:00,22.610000610351562,22.625,22.610000610351562,22.625,1202,0.0,0.0
2024-07-10 13:55:00-04:00,22.6299991607666,22.68000030517578,22.6299991607666,22.68000030517578,835,0.0,0.0
2024-07-10 14:15:00-04:00,22.690000534057617,22.690000534057617,22.690000534057617,22.690000534057617,395,0.0,0.0
2024-07-10 14:20:00-04:00,22.709999084472656,22.709999084472656,22.670000076293945,22.670000076293945,1912,0.0,0.0
2024-07-10 14:25:00-04:00,22.649999618530273,22.649999618530273,22.649999618530273,22.649999618530273,658,0.0,0.0
2024-07-10 14:35:00-04:00,22.668100357055664,22.668100357055664,22.668100357055664,22.668100357055664,983,0.0,0.0
2024-07-10 14:50:00-04:00,22.649999618530273,22.690000534057617,22.649999618530273,22.690000534057617,1003,0.0,0.0
2024-07-10 14:55:00-04:00,22.649999618530273,22.65999984741211,22.649999618530273,22.649999618530273,1717,0.0,0.0
2024-07-10 15:00:00-04:00,22.649999618530273,22.68000030517578,22.649999618530273,22.68000030517578,2010,0.0,0.0
2024-07-10 15:05:00-04:00,22.709999084472656,22.709999084472656,22.709999084472656,22.709999084472656,629,0.0,0.0
2024-07-10 15:20:00-04:00,22.72949981689453,22.72949981689453,22.72949981689453,22.72949981689453,1524,0.0,0.0
2024-07-10 15:30:00-04:00,22.719999313354492,22.719999313354492,22.719999313354492,22.719999313354492,1337,0.0,0.0
2024-07-10 15:35:00-04:00,22.719999313354492,22.75,22.690099716186523,22.71500015258789,1975,0.0,0.0
2024-07-10 15:40:00-04:00,22.725000381469727,22.725000381469727,22.725000381469727,22.725000381469727,1000,0.0,0.0
2024-07-10 15:45:00-04:00,22.739999771118164,22.739999771118164,22.739999771118164,22.739999771118164,1442,0.0,0.0
2024-07-10 15:50:00-04:00,22.739999771118164,22.825000762939453,22.739999771118164,22.799999237060547,6972,0.0,0.0
2024-07-10 15:55:00-04:00,22.829999923706055,22.940000534057617,22.829999923706055,22.8700008392334,18048,0.0,0.0
2024-07-11 09:30:00-04:00,23.200000762939453,23.200000762939453,23.200000762939453,23.200000762939453,3715,0.0,0.0
2024-07-11 09:35:00-04:00,23.1299991607666,23.1299991607666,23.100000381469727,23.100000381469727,842,0.0,0.0
2024-07-11 09:40:00-04:00,23.100000381469727,23.190000534057617,23.100000381469727,23.110000610351562,2547,0.0,0.0
2024-07-11 09:45:00-04:00,23.100000381469727,23.100000381469727,23.100000381469727,23.100000381469727,339,0.0,0.0
2024-07-11 09:50:00-04:00,23.139999389648438,23.25,23.139999389648438,23.15999984741211,10907,0.0,0.0
2024-07-11 09:55:00-04:00,23.174999237060547,23.174999237060547,23.174999237060547,23.174999237060547,217,0.0,0.0
2024-07-11 10:00:00-04:00,23.200000762939453,23.329999923706055,23.200000762939453,23.290000915527344,4561,0.0,0.0
2024-07-11 10:05:00-04:00,23.299999237060547,23.350000381469727,23.299999237060547,23.309999465942383,1500,0.0,0.0
2024-07-11 10:10:00-04:00,23.309999465942383,23.510000228881836,23.309999465942383,23.3700008392334,13618,0.0,0.0
2024-07-11 10:15:00-04:00,23.360000610351562,23.43000030517578,23.260000228881836,23.420000076293945,6095,0.0,0.0
2024-07-11 10:20:00-04:00,23.40999984741211,23.43000030517578,23.40999984741211,23.43000030517578,1604,0.0,0.0
2024-07-11 10:25:00-04:00,23.479999542236328,23.514999389648438,23.469999313354492,23.479999542236328,6568,0.0,0.0
2024-07-11 10:30:00-04:00,23.524999618530273,23.524999618530273,23.524999618530273,23.524999618530273,1800,0.0,0.0
2024-07-11 10:40:00-04:00,23.520000457763672,23.559999465942383,23.469999313354492,23.479999542236328,3347,0.0,0.0
2024-07-11 10:45:00-04:00,23.4950008392334,23.520000457763672,23.479999542236328,23.520000457763672,1167,0.0,0.0
2024-07-11 10:50:00-04:00,23.514999389648438,23.53499984741211,23.510000228881836,23.510000228881836,985,0.0,0.0
2024-07-11 10:55:00-04:00,23.489999771118164,23.530000686645508,23.479999542236328,23.530000686645508,2293,0.0,0.0
2024-07-11 11:00:00-04:00,23.540000915527344,23.540000915527344,23.40999984741211,23.489999771118164,1781,0.0,0.0
2024-07-11 11:05:00-04:00,23.485000610351562,23.5,23.485000610351562,23.5,1196,0.0,0.0
2024-07-11 11:10:00-04:00,23.479999542236328,23.5,23.469999313354492,23.489999771118164,2496,0.0,0.0
2024-07-11 11:20:00-04:00,23.459999084472656,23.510000228881836,23.43000030517578,23.497499465942383,3473,0.0,0.0
2024-07-11 11:25:00-04:00,23.5,23.5,23.469999313354492,23.5,1034,0.0,0.0
2024-07-11 11:40:00-04:00,23.5,23.520000457763672,23.479999542236328,23.520000457763672,2950,0.0,0.0
2024-07-11 11:45:00-04:00,23.524999618530273,23.524999618530273,23.5,23.510000228881836,1507,0.0,0.0
2024-07-11 11:50:00-04:00,23.469999313354492,23.469999313354492,23.43000030517578,23.43000030517578,1159,0.0,0.0
2024-07-11 11:55:00-04:00,23.43000030517578,23.43000030517578,23.399999618530273,23.399999618530273,487,0.0,0.0
2024-07-11 12:00:00-04:00,23.3799991607666,23.3799991607666,23.3799991607666,23.3799991607666,640,0.0,0.0
2024-07-11 12:05:00-04:00,23.350000381469727,23.389999389648438,23.350000381469727,23.389999389648438,624,0.0,0.0
2024-07-11 12:10:00-04:00,23.40999984741211,23.43000030517578,23.399999618530273,23.40999984741211,1941,0.0,0.0
2024-07-11 12:25:00-04:00,23.40999984741211,23.40999984741211,23.3799991607666,23.3799991607666,2386,0.0,0.0
2024-07-11 12:30:00-04:00,23.389999389648438,23.389999389648438,23.389999389648438,23.389999389648438,411,0.0,0.0
2024-07-11 12:35:00-04:00,23.350000381469727,23.3799991607666,23.34000015258789,23.3799991607666,1372,0.0,0.0
2024-07-11 12:45:00-04:00,23.31999969482422,23.31999969482422,23.31999969482422,23.31999969482422,148,0.0,0.0
2024-07-11 12:50:00-04:00,23.32360076904297,23.3700008392334,23.32360076904297,23.360000610351562,2021,0.0,0.0
2024-07-11 12:55:00-04:00,23.3799991607666,23.399999618530273,23.360000610351562,23.399999618530273,1746,0.0,0.0
2024-07-11 13:00:00-04:00,23.350000381469727,23.350000381469727,23.350000381469727,23.350000381469727,863,0.0,0.0
2024-07-11 13:05:00-04:00,23.3799991607666,23.3799991607666,23.3799991607666,23.3799991607666,802,0.0,0.0
2024-07-11 13:10:00-04:00,23.3799991607666,23.3799991607666,23.3799991607666,23.3799991607666,498,0.0,0.0
2024-07-11 13:15:00-04:00,23.3799991607666,23.399999618530273,23.3799991607666,23.3799991607666,2108,0.0,0.0
2024-07-11 13:20:00-04:00,23.3799991607666,23.449899673461914,23.3799991607666,23.41320037841797,4201,0.0,0.0
2024-07-11 13:25:00-04:00,23.420000076293945,23.420000076293945,23.420000076293945,23.420000076293945,1619,0.0,0.0
2024-07-11 13:30:00-04:00,23.40999984741211,23.40999984741211,23.40999984741211,23.40999984741211,1291,0.0,0.0
2024-07-11 13:35:00-04:00,23.420000076293945,23.440000534057617,23.420000076293945,23.420000076293945,2303,0.0,0.0
2024-07-11 13:45:00-04:00,23.40999984741211,23.40999984741211,23.3700008392334,23.3799991607666,1403,0.0,0.0
2024-07-11 13:50:00-04:00,23.389999389648438,23.40999984741211,23.389999389648438,23.40999984741211,1710,0.0,0.0
2024-07-11 13:55:00-04:00,23.399999618530273,23.399999618530273,23.399999618530273,23.399999618530273,117,0.0,0.0
2024-07-11 14:00:00-04:00,23.350000381469727,23.360000610351562,23.350000381469727,23.360000610351562,564,0.0,0.0
2024-07-11 14:05:00-04:00,23.3700008392334,23.3700008392334,23.3700008392334,23.3700008392334,200,0.0,0.0
2024-07-11 14:10:00-04:00,23.389999389648438,23.420000076293945,23.389999389648438,23.420000076293945,2338,0.0,0.0
2024-07-11 14:15:00-04:00,23.420000076293945,23.420000076293945,23.420000076293945,23.420000076293945,544,0.0,0.0
2024-07-11 14:25:00-04:00,23.420000076293945,23.420000076293945,23.396499633789062,23.420000076293945,2952,0.0,0.0
2024-07-11 14:30:00-04:00,23.440000534057617,23.440000534057617,23.389999389648438,23.40999984741211,2259,0.0,0.0
2024-07-11 14:35:00-04:00,23.40999984741211,23.420000076293945,23.408000946044922,23.408000946044922,1492,0.0,0.0
2024-07-11 14:40:00-04:00,23.389999389648438,23.389999389648438,23.389999389648438,23.389999389648438,724,0.0,0.0
2024-07-11 14:45:00-04:00,23.3799991607666,23.3799991607666,23.360000610351562,23.3700008392334,2386,0.0,0.0
2024-07-11 14:55:00-04:00,23.329999923706055,23.334999084472656,23.329999923706055,23.334999084472656,480,0.0,0.0
2024-07-11 15:00:00-04:00,23.329999923706055,23.329999923706055,23.299999237060547,23.299999237060547,1831,0.0,0.0
2024-07-11 15:05:00-04:00,23.270000457763672,23.270000457763672,23.25,23.25,916,0.0,0.0
2024-07-11 15:10:00-04:00,23.25,23.260000228881836,23.229999542236328,23.25,2354,0.0,0.0
2024-07-11 15:15:00-04:00,23.280000686645508,23.280000686645508,23.280000686645508,23.280000686645508,559,0.0,0.0
2024-07-11 15:20:00-04:00,23.260000228881836,23.280000686645508,23.260000228881836,23.274999618530273,1873,0.0,0.0
2024-07-11 15:25:00-04:00,23.270000457763672,23.270000457763672,23.270000457763672,23.270000457763672,1307,0.0,0.0
2024-07-11 15:30:00-04:00,23.260000228881836,23.260000228881836,23.260000228881836,23.260000228881836,1996,0.0,0.0
2024-07-11 15:35:00-04:00,23.315000534057617,23.329999923706055,23.315000534057617,23.329999923706055,1065,0.0,0.0
2024-07-11 15:40:00-04:00,23.350000381469727,23.350000381469727,23.31999969482422,23.34000015258789,3391,0.0,0.0
2024-07-11 15:45:00-04:00,23.360000610351562,23.3700008392334,23.360000610351562,23.3700008392334,1377,0.0,0.0
2024-07-11 15:50:00-04:00,23.360000610351562,23.3799991607666,23.360000610351562,23.3700008392334,3375,0.0,0.0
2024-07-11 15:55:00-04:00,23.40999984741211,23.43000030517578,23.350000381469727,23.350000381469727,16867,0.0,0.0
2024-07-12 09:30:00-04:00,23.639999389648438,23.75,23.639999389648438,23.75,2753,0.0,0.0
2024-07-12 09:35:00-04:00,23.700000762939453,23.700000762939453,23.600000381469727,23.670000076293945,2223,0.0,0.0
2024-07-12 09:40:00-04:00,23.610000610351562,23.645700454711914,23.55940055847168,23.55940055847168,1607,0.0,0.0
2024-07-12 09:45:00-04:00,23.559999465942383,23.559999465942383,23.559999465942383,23.559999465942383,506,0.0,0.0
2024-07-12 09:50:00-04:00,23.649900436401367,23.649900436401367,23.5,23.5,982,0.0,0.0
2024-07-12 09:55:00-04:00,23.549999237060547,23.549999237060547,23.549999237060547,23.549999237060547,1281,0.0,0.0
2024-07-12 10:00:00-04:00,23.600000381469727,23.700000762939453,23.600000381469727,23.649999618530273,2210,0.0,0.0
2024-07-12 10:05:00-04:00,23.649999618530273,23.649999618530273,23.649999618530273,23.649999618530273,1092,0.0,0.0
2024-07-12 10:10:00-04:00,23.690000534057617,23.725000381469727,23.690000534057617,23.700000762939453,2013,0.0,0.0
2024-07-12 10:15:00-04:00,23.700000762939453,23.760000228881836,23.700000762939453,23.760000228881836,3388,0.0,0.0
2024-07-12 10:20:00-04:00,23.809999465942383,23.809999465942383,23.809999465942383,23.809999465942383,1862,0.0,0.0
2024-07-12 10:35:00-04:00,23.850000381469727,23.920000076293945,23.799999237060547,23.809999465942383,3634,0.0,0.0
2024-07-12 10:40:00-04:00,23.799999237060547,23.799999237060547,23.760000228881836,23.760000228881836,1301,0.0,0.0
2024-07-12 10:45:00-04:00,23.700000762939453,23.700000762939453,23.670000076293945,23.670000076293945,348,0.0,0.0
2024-07-12 10:50:00-04:00,23.700000762939453,23.709999084472656,23.700000762939453,23.700000762939453,1386,0.0,0.0
2024-07-12 11:00:00-04:00,23.709999084472656,23.709999084472656,23.709999084472656,23.709999084472656,705,0.0,0.0
2024-07-12 11:10:00-04:00,23.700000762939453,23.700000762939453,23.700000762939453,23.700000762939453,814,0.0,0.0
2024-07-12 11:25:00-04:00,23.719999313354492,23.729999542236328,23.719999313354492,23.729999542236328,1415,0.0,0.0
2024-07-12 11:30:00-04:00,23.68000030517578,23.68000030517578,23.649999618530273,23.65999984741211,640,0.0,0.0
2024-07-12 11:35:00-04:00,23.639999389648438,23.68000030517578,23.639999389648438,23.674999237060547,1717,0.0,0.0
2024-07-12 11:40:00-04:00,23.700000762939453,23.700000762939453,23.690000534057617,23.690000534057617,1423,0.0,0.0
2024-07-12 11:45:00-04:00,23.65999984741211,23.65999984741211,23.65999984741211,23.65999984741211,545,0.0,0.0
2024-07-12 11:55:00-04:00,23.645000457763672,23.645000457763672,23.645000457763672,23.645000457763672,429,0.0,0.0
2024-07-12 12:00:00-04:00,23.629899978637695,23.629899978637695,23.629899978637695,23.629899978637695,182,0.0,0.0
2024-07-12 12:05:00-04:00,23.600000381469727,23.600000381469727,23.600000381469727,23.600000381469727,584,0.0,0.0
2024-07-12 12:10:00-04:00,23.530000686645508,23.530000686645508,23.530000686645508,23.530000686645508,346,0.0,0.0
2024-07-12 12:15:00-04:00,23.549999237060547,23.549999237060547,23.549999237060547,23.549999237060547,1026,0.0,0.0
2024-07-12 12:20:00-04:00,23.520000457763672,23.520000457763672,23.520000457763672,23.520000457763672,455,0.0,0.0
2024-07-12 12:25:00-04:00,23.530000686645508,23.639999389648438,23.520000457763672,23.56999969482422,12560,0.0,0.0
2024-07-12 12:30:00-04:00,23.579999923706055,23.601999282836914,23.579999923706055,23.601999282836914,1159,0.0,0.0
2024-07-12 12:45:00-04:00,23.581600189208984,23.581600189208984,23.581600189208984,23.581600189208984,1304,0.0,0.0
2024-07-12 12:50:00-04:00,23.600000381469727,23.6200008392334,23.600000381469727,23.6200008392334,1931,0.0,0.0
2024-07-12 12:55:00-04:00,23.639999389648438,23.639999389648438,23.639999389648438,23.639999389648438,1227,0.0,0.0
2024-07-12 13:05:00-04:00,23.639999389648438,23.639999389648438,23.639999389648438,23.639999389648438,495,0.0,0.0
2024-07-12 13:15:00-04:00,23.639999389648438,23.645000457763672,23.639999389648438,23.639999389648438,2305,0.0,0.0
2024-07-12 13:25:00-04:00,23.670000076293945,23.670000076293945,23.65999984741211,23.65999984741211,1342,0.0,0.0
2024-07-12 13:30:00-04:00,23.639999389648438,23.639999389648438,23.639999389648438,23.639999389648438,823,0.0,0.0
2024-07-12 13:35:00-04:00,23.6299991607666,23.63409996032715,23.6299991607666,23.63409996032715,500,0.0,0.0
2024-07-12 13:40:00-04:00,23.649999618530273,23.649999618530273,23.649999618530273,23.649999618530273,941,0.0,0.0
2024-07-12 13:45:00-04:00,23.665000915527344,23.679899215698242,23.649999618530273,23.649999618530273,1254,0.0,0.0
2024-07-12 13:50:00-04:00,23.649999618530273,23.649999618530273,23.639999389648438,23.639999389648438,1180,0.0,0.0
2024-07-12 14:10:00-04:00,23.6299991607666,23.6299991607666,23.6299991607666,23.6299991607666,478,0.0,0.0
2024-07-12 14:15:00-04:00,23.655000686645508,23.670000076293945,23.655000686645508,23.670000076293945,2001,0.0,0.0
2024-07-12 14:30:00-04:00,23.6200008392334,23.6200008392334,23.610000610351562,23.610000610351562,424,0.0,0.0
2024-07-12 14:35:00-04:00,23.6200008392334,23.645000457763672,23.610000610351562,23.645000457763672,2258,0.0,0.0
2024-07-12 14:40:00-04:00,23.649999618530273,23.649999618530273,23.646900177001953,23.646900177001953,1137,0.0,0.0
2024-07-12 14:45:00-04:00,23.640100479125977,23.640100479125977,23.639999389648438,23.639999389648438,972,0.0,0.0
2024-07-12 14:50:00-04:00,23.649999618530273,23.649999618530273,23.649999618530273,23.649999618530273,1326,0.0,0.0
2024-07-12 15:00:00-04:00,23.649999618530273,23.655000686645508,23.649999618530273,23.655000686645508,858,0.0,0.0
2024-07-12 15:05:00-04:00,23.649999618530273,23.649999618530273,23.639999389648438,23.649999618530273,2088,0.0,0.0
2024-07-12 15:15:00-04:00,23.639999389648438,23.639999389648438,23.639999389648438,23.639999389648438,534,0.0,0.0
2024-07-12 15:20:00-04:00,23.6299991607666,23.6299991607666,23.6299991607666,23.6299991607666,683,0.0,0.0
2024-07-12 15:25:00-04:00,23.63159942626953,23.63159942626953,23.62929916381836,23.6299991607666,3245,0.0,0.0
2024-07-12 15:30:00-04:00,23.639999389648438,23.639999389648438,23.59000015258789,23.6299991607666,4418,0.0,0.0
2024-07-12 15:35:00-04:00,23.6200008392334,23.6200008392334,23.6200008392334,23.6200008392334,842,0.0,0.0
2024-07-12 15:45:00-04:00,23.625,23.6299991607666,23.600000381469727,23.610000610351562,4765,0.0,0.0
2024-07-12 15:50:00-04:00,23.6299991607666,23.649999618530273,23.604999542236328,23.649999618530273,6071,0.0,0.0
2024-07-12 15:55:00-04:00,23.635000228881836,23.639999389648438,23.610000610351562,23.6299991607666,10693,0.0,0.0
2024-07-15 09:30:00-04:00,23.75,23.920000076293945,23.6200008392334,23.6200008392334,3857,0.0,0.0
2024-07-15 09:35:00-04:00,23.670000076293945,23.821399688720703,23.649999618530273,23.649999618530273,1853,0.0,0.0
2024-07-15 09:40:00-04:00,23.670000076293945,23.68000030517578,23.670000076293945,23.670000076293945,1232,0.0,0.0
2024-07-15 09:45:00-04:00,23.82990074157715,23.82990074157715,23.71500015258789,23.71500015258789,5265,0.0,0.0
2024-07-15 09:50:00-04:00,23.760000228881836,23.760000228881836,23.729999542236328,23.7549991607666,1492,0.0,0.0
2024-07-15 09:55:00-04:00,23.75,23.75,23.75,23.75,302,0.0,0.0
2024-07-15 10:00:00-04:00,23.75,23.760000228881836,23.75,23.760000228881836,2000,0.0,0.0
2024-07-15 10:10:00-04:00,23.78499984741211,23.879600524902344,23.75,23.75,9357,0.0,0.0
2024-07-15 10:20:00-04:00,23.739999771118164,23.81999969482422,23.739999771118164,23.790000915527344,2381,0.0,0.0
2024-07-15 10:25:00-04:00,23.760000228881836,23.78499984741211,23.760000228881836,23.760000228881836,1498,0.0,0.0
2024-07-15 10:30:00-04:00,23.760000228881836,23.829999923706055,23.760000228881836,23.809999465942383,8434,0.0,0.0
2024-07-15 10:40:00-04:00,23.790000915527344,23.790000915527344,23.780000686645508,23.780000686645508,960,0.0,0.0
2024-07-15 10:45:00-04:00,23.760000228881836,23.809999465942383,23.739999771118164,23.78499984741211,2613,0.0,0.0
2024-07-15 10:50:00-04:00,23.850000381469727,23.859899520874023,23.834999084472656,23.834999084472656,1870,0.0,0.0
2024-07-15 10:55:00-04:00,23.834999084472656,23.834999084472656,23.799999237060547,23.799999237060547,1015,0.0,0.0
2024-07-15 11:00:00-04:00,23.829999923706055,23.860000610351562,23.829999923706055,23.854999542236328,1291,0.0,0.0
2024-07-15 11:05:00-04:00,23.860000610351562,23.862499237060547,23.829999923706055,23.850000381469727,5052,0.0,0.0
2024-07-15 11:10:00-04:00,23.899999618530273,23.90999984741211,23.899999618530273,23.90999984741211,1281,0.0,0.0
2024-07-15 11:15:00-04:00,23.934999465942383,23.934999465942383,23.931100845336914,23.934999465942383,1826,0.0,0.0
2024-07-15 11:20:00-04:00,23.934999465942383,23.940000534057617,23.90999984741211,23.90999984741211,5957,0.0,0.0
2024-07-15 11:25:00-04:00,23.915000915527344,23.915000915527344,23.8700008392334,23.8700008392334,1724,0.0,0.0
2024-07-15 11:30:00-04:00,23.829999923706055,23.850000381469727,23.829999923706055,23.829999923706055,600,0.0,0.0
2024-07-15 11:35:00-04:00,23.829999923706055,23.889999389648438,23.829999923706055,23.8700008392334,2656,0.0,0.0
2024-07-15 11:40:00-04:00,23.860000610351562,23.90410041809082,23.860000610351562,23.895000457763672,1414,0.0,0.0
2024-07-15 11:45:00-04:00,23.880300521850586,23.880300521850586,23.84000015258789,23.850000381469727,2199,0.0,0.0
2024-07-15 11:50:00-04:00,23.889999389648438,23.920000076293945,23.864999771118164,23.899999618530273,5178,0.0,0.0
2024-07-15 11:55:00-04:00,23.899999618530273,23.940000534057617,23.899999618530273,23.940000534057617,3125,0.0,0.0
2024-07-15 12:00:00-04:00,23.954999923706055,23.954999923706055,23.920000076293945,23.920000076293945,2332,0.0,0.0
2024-07-15 12:05:00-04:00,23.920000076293945,23.920000076293945,23.8700008392334,23.8700008392334,2010,0.0,0.0
2024-07-15 12:10:00-04:00,23.84000015258789,23.84000015258789,23.84000015258789,23.84000015258789,1041,0.0,0.0
2024-07-15 12:15:00-04:00,23.84000015258789,23.889999389648438,23.829999923706055,23.850000381469727,3618,0.0,0.0
2024-07-15 12:20:00-04:00,23.8799991607666,23.889999389648438,23.875,23.875,799,0.0,0.0
2024-07-15 12:30:00-04:00,23.860000610351562,23.860000610351562,23.860000610351562,23.860000610351562,1034,0.0,0.0
2024-07-15 12:40:00-04:00,23.850000381469727,23.8700008392334,23.82040023803711,23.82040023803711,7611,0.0,0.0
2024-07-15 12:50:00-04:00,23.780000686645508,23.780000686645508,23.780000686645508,23.780000686645508,322,0.0,0.0
2024-07-15 12:55:00-04:00,23.780000686645508,23.780000686645508,23.780000686645508,23.780000686645508,210,0.0,0.0
2024-07-15 13:00:00-04:00,23.780000686645508,23.780000686645508,23.700000762939453,23.767200469970703,1496,0.0,0.0
2024-07-15 13:05:00-04:00,23.770000457763672,23.780000686645508,23.739999771118164,23.739999771118164,2427,0.0,0.0
2024-07-15 13:15:00-04:00,23.770000457763672,23.770000457763672,23.729999542236328,23.729999542236328,1624,0.0,0.0
2024-07-15 13:20:00-04:00,23.760000228881836,23.790000915527344,23.760000228881836,23.760000228881836,2261,0.0,0.0
2024-07-15 13:25:00-04:00,23.709999084472656,23.709999084472656,23.709999084472656,23.709999084472656,369,0.0,0.0
2024-07-15 13:30:00-04:00,23.700000762939453,23.700000762939453,23.700000762939453,23.700000762939453,269,0.0,0.0
2024-07-15 13:35:00-04:00,23.665000915527344,23.665000915527344,23.665000915527344,23.665000915527344,111,0.0,0.0
2024-07-15 13:40:00-04:00,23.65999984741211,23.700000762939453,23.65999984741211,23.700000762939453,1529,0.0,0.0
2024-07-15 13:45:00-04:00,23.704999923706055,23.704999923706055,23.700000762939453,23.700000762939453,1618,0.0,0.0
2024-07-15 13:50:00-04:00,23.579999923706055,23.649999618530273,23.579999923706055,23.6299991607666,1403,0.0,0.0
2024-07-15 13:55:00-04:00,23.655000686645508,23.655000686645508,23.655000686645508,23.655000686645508,512,0.0,0.0
2024-07-15 14:00:00-04:00,23.6299991607666,23.65999984741211,23.600000381469727,23.65999984741211,1022,0.0,0.0
2024-07-15 14:05:00-04:00,23.670000076293945,23.679899215698242,23.670000076293945,23.679899215698242,1646,0.0,0.0
2024-07-15 14:15:00-04:00,23.624799728393555,23.624799728393555,23.610000610351562,23.610000610351562,367,0.0,0.0
2024-07-15 14:20:00-04:00,23.63170051574707,23.709999084472656,23.63170051574707,23.709999084472656,2992,0.0,0.0
2024-07-15 14:30:00-04:00,23.719900131225586,23.719999313354492,23.719900131225586,23.719999313354492,1933,0.0,0.0
2024-07-15 14:35:00-04:00,23.709999084472656,23.739999771118164,23.704999923706055,23.719999313354492,1571,0.0,0.0
2024-07-15 14:40:00-04:00,23.700000762939453,23.729999542236328,23.700000762939453,23.719999313354492,1470,0.0,0.0
2024-07-15 14:45:00-04:00,23.719999313354492,23.719999313354492,23.719999313354492,23.719999313354492,1195,0.0,0.0
2024-07-15 14:55:00-04:00,23.709999084472656,23.709999084472656,23.609899520874023,23.609899520874023,3751,0.0,0.0
2024-07-15 15:00:00-04:00,23.65999984741211,23.65999984741211,23.6200008392334,23.6200008392334,2329,0.0,0.0
2024-07-15 15:05:00-04:00,23.610000610351562,23.639999389648438,23.610000610351562,23.639999389648438,2748,0.0,0.0
2024-07-15 15:10:00-04:00,23.639999389648438,23.700000762939453,23.639999389648438,23.69499969482422,3420,0.0,0.0
2024-07-15 15:15:00-04:00,23.670000076293945,23.690000534057617,23.641000747680664,23.641000747680664,3788,0.0,0.0
2024-07-15 15:20:00-04:00,23.639999389648438,23.670000076293945,23.600000381469727,23.655000686645508,4093,0.0,0.0
2024-07-15 15:25:00-04:00,23.6200008392334,23.6200008392334,23.6200008392334,23.6200008392334,1369,0.0,0.0
2024-07-15 15:30:00-04:00,23.59000015258789,23.6200008392334,23.59000015258789,23.6200008392334,3118,0.0,0.0
2024-07-15 15:35:00-04:00,23.610000610351562,23.68000030517578,23.600000381469727,23.68000030517578,3570,0.0,0.0
2024-07-15 15:40:00-04:00,23.649999618530273,23.649999618530273,23.610000610351562,23.6200008392334,4504,0.0,0.0
2024-07-15 15:45:00-04:00,23.579999923706055,23.579999923706055,23.530000686645508,23.530000686645508,2365,0.0,0.0
2024-07-15 15:50:00-04:00,23.530000686645508,23.550600051879883,23.469999313354492,23.5049991607666,16874,0.0,0.0
2024-07-15 15:55:00-04:00,23.540000915527344,23.600000381469727,23.520000457763672,23.56999969482422,15945,0.0,0.0
2024-07-16 09:30:00-04:00,23.739999771118164,23.739999771118164,23.739999771118164,23.739999771118164,1949,0.0,0.0
2024-07-16 09:35:00-04:00,23.875,23.979999542236328,23.799999237060547,23.950000762939453,5548,0.0,0.0
2024-07-16 09:40:00-04:00,24.010000228881836,24.134899139404297,23.979999542236328,24.134899139404297,3522,0.0,0.0
2024-07-16 09:45:00-04:00,24.19499969482422,24.19499969482422,24.190000534057617,24.190000534057617,1285,0.0,0.0
2024-07-16 09:50:00-04:00,24.235200881958008,24.235200881958008,24.235200881958008,24.235200881958008,547,0.0,0.0
2024-07-16 09:55:00-04:00,24.290000915527344,24.38990020751953,24.290000915527344,24.3700008392334,1636,0.0,0.0
2024-07-16 10:05:00-04:00,24.350000381469727,24.364999771118164,24.227100372314453,24.227100372314453,4497,0.0,0.0
2024-07-16 10:10:00-04:00,24.25,24.25,24.25,24.25,1193,0.0,0.0
2024-07-16 10:20:00-04:00,24.2549991607666,24.2549991607666,24.209999084472656,24.209999084472656,968,0.0,0.0
2024-07-16 10:25:00-04:00,24.239999771118164,24.279199600219727,24.239999771118164,24.25,905,0.0,0.0
2024-07-16 10:30:00-04:00,24.2549991607666,24.2549991607666,24.219999313354492,24.219999313354492,1746,0.0,0.0
2024-07-16 10:35:00-04:00,24.239999771118164,24.290000915527344,24.239999771118164,24.25,5239,0.0,0.0
2024-07-16 10:40:00-04:00,24.277000427246094,24.34000015258789,24.25,24.299999237060547,4339,0.0,0.0
2024-07-16 10:45:00-04:00,24.329999923706055,24.334999084472656,24.299999237060547,24.334999084472656,1297,0.0,0.0
2024-07-16 10:50:00-04:00,24.299999237060547,24.399999618530273,24.299999237060547,24.399999618530273,3078,0.0,0.0
2024-07-16 10:55:00-04:00,24.3700008392334,24.3700008392334,24.3700008392334,24.3700008392334,1681,0.0,0.0
2024-07-16 11:00:00-04:00,24.43000030517578,24.5,24.40999984741211,24.5,4740,0.0,0.0
2024-07-16 11:05:00-04:00,24.5,24.5,24.5,24.5,1765,0.0,0.0
2024-07-16 11:10:00-04:00,24.539400100708008,24.549999237060547,24.510000228881836,24.510000228881836,3980,0.0,0.0
2024-07-16 11:15:00-04:00,24.5049991607666,24.530000686645508,24.420000076293945,24.420000076293945,5725,0.0,0.0
2024-07-16 11:25:00-04:00,24.450000762939453,24.46500015258789,24.450000762939453,24.46500015258789,1241,0.0,0.0
2024-07-16 11:35:00-04:00,24.399999618530273,24.450000762939453,24.399999618530273,24.450000762939453,1701,0.0,0.0
2024-07-16 11:45:00-04:00,24.44499969482422,24.44499969482422,24.399999618530273,24.399999618530273,1292,0.0,0.0
2024-07-16 11:55:00-04:00,24.399999618530273,24.399999618530273,24.389999389648438,24.389999389648438,1897,0.0,0.0
2024-07-16 12:00:00-04:00,24.43000030517578,24.43000030517578,24.43000030517578,24.43000030517578,247,0.0,0.0
2024-07-16 12:05:00-04:00,24.389999389648438,24.389999389648438,24.389999389648438,24.389999389648438,823,0.0,0.0
2024-07-16 12:10:00-04:00,24.43000030517578,24.450000762939453,24.375200271606445,24.375200271606445,2323,0.0,0.0
2024-07-16 12:15:00-04:00,24.43000030517578,24.43000030517578,24.3700008392334,24.3700008392334,436,0.0,0.0
2024-07-16 12:20:00-04:00,24.43000030517578,24.440000534057617,24.40999984741211,24.40999984741211,1725,0.0,0.0
2024-07-16 12:25:00-04:00,24.3799991607666,24.3799991607666,24.3799991607666,24.3799991607666,1037,0.0,0.0
2024-07-16 12:30:00-04:00,24.3700008392334,24.399999618530273,24.3700008392334,24.399999618530273,868,0.0,0.0
2024-07-16 12:35:00-04:00,24.3700008392334,24.405000686645508,24.3700008392334,24.3799991607666,947,0.0,0.0
2024-07-16 12:40:00-04:00,24.3799991607666,24.405000686645508,24.260000228881836,24.260000228881836,2346,0.0,0.0
2024-07-16 12:45:00-04:00,24.280000686645508,24.280000686645508,24.25,24.25,1986,0.0,0.0
2024-07-16 12:50:00-04:00,24.200000762939453,24.239999771118164,24.190000534057617,24.190000534057617,1024,0.0,0.0
2024-07-16 13:00:00-04:00,24.29400062561035,24.329999923706055,24.29400062561035,24.325000762939453,2524,0.0,0.0
2024-07-16 13:05:00-04:00,24.37459945678711,24.37459945678711,24.31999969482422,24.31999969482422,1637,0.0,0.0
2024-07-16 13:10:00-04:00,24.31999969482422,24.34000015258789,24.31999969482422,24.34000015258789,1253,0.0,0.0
2024-07-16 13:15:00-04:00,24.315000534057617,24.329999923706055,24.315000534057617,24.329999923706055,965,0.0,0.0
2024-07-16 13:20:00-04:00,24.350000381469727,24.350000381469727,24.350000381469727,24.350000381469727,2957,0.0,0.0
2024-07-16 13:25:00-04:00,24.389999389648438,24.389999389648438,24.375,24.375,466,0.0,0.0
2024-07-16 13:30:00-04:00,24.350000381469727,24.360000610351562,24.325000762939453,24.350000381469727,1510,0.0,0.0
2024-07-16 13:35:00-04:00,24.350000381469727,24.389999389648438,24.350000381469727,24.360000610351562,1138,0.0,0.0
2024-07-16 13:40:00-04:00,24.350000381469727,24.399999618530273,24.350000381469727,24.389999389648438,1131,0.0,0.0
2024-07-16 13:45:00-04:00,24.409900665283203,24.409900665283203,24.409900665283203,24.409900665283203,218,0.0,0.0
2024-07-16 13:50:00-04:00,24.40999984741211,24.459999084472656,24.40999984741211,24.459999084472656,1687,0.0,0.0
2024-07-16 13:55:00-04:00,24.454999923706055,24.483400344848633,24.454999923706055,24.454999923706055,748,0.0,0.0
2024-07-16 14:00:00-04:00,24.459999084472656,24.459999084472656,24.459999084472656,24.459999084472656,304,0.0,0.0
2024-07-16 14:05:00-04:00,24.459999084472656,24.459999084472656,24.434999465942383,24.43600082397461,1455,0.0,0.0
2024-07-16 14:10:00-04:00,24.459999084472656,24.530000686645508,24.459999084472656,24.5,10093,0.0,0.0
2024-07-16 14:15:00-04:00,24.454999923706055,24.520000457763672,24.450000762939453,24.475000381469727,971,0.0,0.0
2024-07-16 14:20:00-04:00,24.479999542236328,24.665000915527344,24.479999542236328,24.665000915527344,13797,0.0,0.0
2024-07-16 14:25:00-04:00,24.68000030517578,24.73259925842285,24.68000030517578,24.73259925842285,4494,0.0,0.0
2024-07-16 14:30:00-04:00,24.7450008392334,24.760000228881836,24.70240020751953,24.70599937438965,3855,0.0,0.0
2024-07-16 14:35:00-04:00,24.760000228881836,24.770000457763672,24.729900360107422,24.764999389648438,1814,0.0,0.0
2024-07-16 14:40:00-04:00,24.780000686645508,24.825000762939453,24.760000228881836,24.825000762939453,3063,0.0,0.0
2024-07-16 14:45:00-04:00,24.829999923706055,24.84000015258789,24.829999923706055,24.829999923706055,2620,0.0,0.0
2024-07-16 14:50:00-04:00,24.809999465942383,24.829999923706055,24.805999755859375,24.805999755859375,2203,0.0,0.0
2024-07-16 14:55:00-04:00,24.84000015258789,24.844999313354492,24.825000762939453,24.844999313354492,1627,0.0,0.0
2024-07-16 15:00:00-04:00,24.850000381469727,24.860000610351562,24.83099937438965,24.844999313354492,2114,0.0,0.0
2024-07-16 15:05:00-04:00,24.844999313354492,24.8700008392334,24.84000015258789,24.850000381469727,2326,0.0,0.0
2024-07-16 15:10:00-04:00,24.84000015258789,25.010000228881836,24.84000015258789,24.973499298095703,12321,0.0,0.0
2024-07-16 15:15:00-04:00,24.9950008392334,25.045000076293945,24.9950008392334,25.0,4750,0.0,0.0
2024-07-16 15:20:00-04:00,25.0,25.0,24.940000534057617,24.954999923706055,6740,0.0,0.0
2024-07-16 15:25:00-04:00,24.94379997253418,24.979999542236328,24.940000534057617,24.940000534057617,3140,0.0,0.0
2024-07-16 15:30:00-04:00,24.950000762939453,24.989999771118164,24.950000762939453,24.950000762939453,6004,0.0,0.0
2024-07-16 15:35:00-04:00,24.950000762939453,24.979999542236328,24.950000762939453,24.979999542236328,6391,0.0,0.0
2024-07-16 15:40:00-04:00,24.989999771118164,25.020000457763672,24.979999542236328,25.0,6967,0.0,0.0
2024-07-16 15:45:00-04:00,25.0049991607666,25.020000457763672,24.969999313354492,24.9950008392334,9217,0.0,0.0
2024-07-16 15:50:00-04:00,25.020000457763672,25.049999237060547,25.020000457763672,25.049999237060547,5729,0.0,0.0
2024-07-16 15:55:00-04:00,25.020000457763672,25.049999237060547,24.969999313354492,24.989999771118164,19533,0.0,0.0
2024-07-17 09:30:00-04:00,24.850000381469727,24.975000381469727,24.850000381469727,24.920000076293945,5179,0.0,0.0
2024-07-17 09:35:00-04:00,24.93000030517578,24.953399658203125,24.920000076293945,24.953399658203125,2000,0.0,0.0
2024-07-17 09:40:00-04:00,24.950199127197266,24.96500015258789,24.829200744628906,24.829200744628906,3664,0.0,0.0
2024-07-17 09:50:00-04:00,25.010000228881836,25.139999389648438,25.010000228881836,25.1299991607666,1522,0.0,0.0
2024-07-17 09:55:00-04:00,25.235000610351562,25.239999771118164,25.170000076293945,25.170000076293945,745,0.0,0.0
2024-07-17 10:00:00-04:00,25.139999389648438,25.149999618530273,24.980100631713867,24.980100631713867,1914,0.0,0.0
2024-07-17 10:05:00-04:00,24.90999984741211,25.000200271606445,24.899999618530273,24.899999618530273,1735,0.0,0.0
2024-07-17 10:10:00-04:00,24.799999237060547,24.829999923706055,24.799999237060547,24.829999923706055,699,0.0,0.0
2024-07-17 10:15:00-04:00,24.950000762939453,24.979999542236328,24.950000762939453,24.979999542236328,625,0.0,0.0
2024-07-17 10:20:00-04:00,24.94499969482422,24.94499969482422,24.94499969482422,24.94499969482422,367,0.0,0.0
2024-07-17 10:30:00-04:00,24.882999420166016,24.979999542236328,24.882999420166016,24.979999542236328,775,0.0,0.0
2024-07-17 10:35:00-04:00,24.959999084472656,24.959999084472656,24.940000534057617,24.940000534057617,1079,0.0,0.0
2024-07-17 10:40:00-04:00,24.969999313354492,24.979999542236328,24.969999313354492,24.979999542236328,640,0.0,0.0
2024-07-17 10:45:00-04:00,24.934999465942383,24.989999771118164,24.934999465942383,24.950000762939453,2205,0.0,0.0
2024-07-17 10:50:00-04:00,24.920000076293945,24.920000076293945,24.920000076293945,24.920000076293945,415,0.0,0.0
2024-07-17 10:55:00-04:00,24.920000076293945,24.920000076293945,24.8700008392334,24.8700008392334,884,0.0,0.0
2024-07-17 11:00:00-04:00,24.93000030517578,24.969999313354492,24.93000030517578,24.969999313354492,754,0.0,0.0
2024-07-17 11:05:00-04:00,24.979999542236328,24.9950008392334,24.979999542236328,24.979999542236328,882,0.0,0.0
2024-07-17 11:10:00-04:00,24.969999313354492,24.969999313354492,24.967500686645508,24.967500686645508,353,0.0,0.0
2024-07-17 11:15:00-04:00,24.989999771118164,24.989999771118164,24.989999771118164,24.989999771118164,522,0.0,0.0
2024-07-17 11:20:00-04:00,24.979999542236328,24.979999542236328,24.940000534057617,24.954999923706055,1032,0.0,0.0
2024-07-17 11:25:00-04:00,24.979999542236328,25.100000381469727,24.96500015258789,25.05500030517578,11221,0.0,0.0
2024-07-17 11:30:00-04:00,25.075000762939453,25.09000015258789,25.059999465942383,25.059999465942383,4146,0.0,0.0
2024-07-17 11:35:00-04:00,25.030000686645508,25.079999923706055,25.0,25.06999969482422,3302,0.0,0.0
2024-07-17 11:40:00-04:00,25.084999084472656,25.149999618530273,25.079999923706055,25.149999618530273,7503,0.0,0.0
2024-07-17 11:45:00-04:00,25.155000686645508,25.229999542236328,25.155000686645508,25.200000762939453,7228,0.0,0.0
2024-07-17 11:50:00-04:00,25.204999923706055,25.219999313354492,25.204999923706055,25.209999084472656,2166,0.0,0.0
2024-07-17 11:55:00-04:00,25.260000228881836,25.260000228881836,25.20170021057129,25.20170021057129,1183,0.0,0.0
2024-07-17 12:00:00-04:00,25.270000457763672,25.309999465942383,25.270000457763672,25.309999465942383,7786,0.0,0.0
2024-07-17 12:05:00-04:00,25.309999465942383,25.34000015258789,25.280000686645508,25.28499984741211,5686,0.0,0.0
2024-07-17 12:10:00-04:00,25.260000228881836,25.28660011291504,25.229999542236328,25.229999542236328,2179,0.0,0.0
2024-07-17 12:15:00-04:00,25.260000228881836,25.309999465942383,25.260000228881836,25.299999237060547,2387,0.0,0.0
2024-07-17 12:20:00-04:00,25.31999969482422,25.31999969482422,25.260000228881836,25.285600662231445,5748,0.0,0.0
2024-07-17 12:25:00-04:00,25.239999771118164,25.25,25.219999313354492,25.219999313354492,1578,0.0,0.0
2024-07-17 12:30:00-04:00,25.200000762939453,25.200000762939453,25.18000030517578,25.18000030517578,557,0.0,0.0
2024-07-17 12:35:00-04:00,25.19499969482422,25.19499969482422,25.19499969482422,25.19499969482422,740,0.0,0.0
2024-07-17 12:40:00-04:00,25.200000762939453,25.200000762939453,25.200000762939453,25.200000762939453,1842,0.0,0.0
2024-07-17 12:50:00-04:00,25.200000762939453,25.200000762939453,25.18000030517578,25.18000030517578,997,0.0,0.0
2024-07-17 12:55:00-04:00,25.229999542236328,25.229999542236328,25.204999923706055,25.204999923706055,592,0.0,0.0
2024-07-17 13:00:00-04:00,25.219999313354492,25.219999313354492,25.200000762939453,25.209999084472656,1261,0.0,0.0
2024-07-17 13:05:00-04:00,25.170000076293945,25.170000076293945,25.170000076293945,25.170000076293945,875,0.0,0.0
2024-07-17 13:10:00-04:00,25.125,25.125,25.100000381469727,25.110000610351562,659,0.0,0.0
2024-07-17 13:15:00-04:00,25.082500457763672,25.149999618530273,25.082500457763672,25.145000457763672,3080,0.0,0.0
2024-07-17 13:20:00-04:00,25.110000610351562,25.110000610351562,25.040000915527344,25.040000915527344,1674,0.0,0.0
2024-07-17 13:25:00-04:00,25.010000228881836,25.204999923706055,25.010000228881836,25.155000686645508,8066,0.0,0.0
2024-07-17 13:30:00-04:00,25.149999618530273,25.219999313354492,25.149999618530273,25.219999313354492,1665,0.0,0.0
2024-07-17 13:35:00-04:00,25.260000228881836,25.3174991607666,25.225000381469727,25.3174991607666,948,0.0,0.0
2024-07-17 13:40:00-04:00,25.309999465942383,25.329999923706055,25.295400619506836,25.295400619506836,3617,0.0,0.0
2024-07-17 13:45:00-04:00,25.290000915527344,25.31999969482422,25.280000686645508,25.299999237060547,3587,0.0,0.0
2024-07-17 13:50:00-04:00,25.270000457763672,25.273399353027344,25.270000457763672,25.273399353027344,1182,0.0,0.0
2024-07-17 13:55:00-04:00,25.260000228881836,25.280000686645508,25.229999542236328,25.280000686645508,4183,0.0,0.0
2024-07-17 14:00:00-04:00,25.260000228881836,25.264999389648438,25.25,25.259000778198242,2093,0.0,0.0
2024-07-17 14:05:00-04:00,25.265100479125977,25.265100479125977,25.265100479125977,25.265100479125977,1585,0.0,0.0
2024-07-17 14:10:00-04:00,25.295000076293945,25.329999923706055,25.290000915527344,25.290000915527344,2509,0.0,0.0
2024-07-17 14:15:00-04:00,25.31999969482422,25.350000381469727,25.290000915527344,25.329999923706055,3973,0.0,0.0
2024-07-17 14:20:00-04:00,25.350000381469727,25.399999618530273,25.350000381469727,25.385000228881836,3469,0.0,0.0
2024-07-17 14:25:00-04:00,25.40999984741211,25.40999984741211,25.329999923706055,25.329999923706055,2969,0.0,0.0
2024-07-17 14:30:00-04:00,25.360000610351562,25.360000610351562,25.31999969482422,25.31999969482422,932,0.0,0.0
2024-07-17 14:35:00-04:00,25.315000534057617,25.315000534057617,25.25,25.290000915527344,1367,0.0,0.0
2024-07-17 14:40:00-04:00,25.25,25.25,25.200000762939453,25.225000381469727,1496,0.0,0.0
2024-07-17 14:45:00-04:00,25.225000381469727,25.270000457763672,25.225000381469727,25.25,1928,0.0,0.0
2024-07-17 14:50:00-04:00,25.25,25.309999465942383,25.229999542236328,25.30500030517578,9142,0.0,0.0
2024-07-17 14:55:00-04:00,25.280000686645508,25.30500030517578,25.270000457763672,25.30500030517578,3411,0.0,0.0
2024-07-17 15:00:00-04:00,25.270000457763672,25.3700008392334,25.270000457763672,25.3700008392334,3343,0.0,0.0
2024-07-17 15:05:00-04:00,25.3799991607666,25.530000686645508,25.3799991607666,25.530000686645508,4814,0.0,0.0
2024-07-17 15:10:00-04:00,25.549999237060547,25.59000015258789,25.549999237060547,25.59000015258789,3442,0.0,0.0
2024-07-17 15:15:00-04:00,25.625,25.625,25.56999969482422,25.6200008392334,3420,0.0,0.0
2024-07-17 15:20:00-04:00,25.6200008392334,25.69499969482422,25.614999771118164,25.69499969482422,2074,0.0,0.0
2024-07-17 15:25:00-04:00,25.68000030517578,25.739999771118164,25.68000030517578,25.729999542236328,5376,0.0,0.0
2024-07-17 15:30:00-04:00,25.709999084472656,25.725000381469727,25.639999389648438,25.639999389648438,6337,0.0,0.0
2024-07-17 15:35:00-04:00,25.600000381469727,25.6200008392334,25.59000015258789,25.6200008392334,3207,0.0,0.0
2024-07-17 15:40:00-04:00,25.6200008392334,25.6200008392334,25.58009910583496,25.58009910583496,2564,0.0,0.0
2024-07-17 15:45:00-04:00,25.575000762939453,25.635000228881836,25.56999969482422,25.614999771118164,8882,0.0,0.0
2024-07-17 15:50:00-04:00,25.600000381469727,25.600000381469727,25.469999313354492,25.479999542236328,6744,0.0,0.0
2024-07-17 15:55:00-04:00,25.440000534057617,25.489999771118164,25.420000076293945,25.479999542236328,16068,0.0,0.0
2024-07-18 09:30:00-04:00,25.309999465942383,25.31999969482422,25.084999084472656,25.31999969482422,2041,0.0,0.0
2024-07-18 09:35:00-04:00,25.3700008392334,25.690000534057617,25.3700008392334,25.6200008392334,2434,0.0,0.0
2024-07-18 09:40:00-04:00,25.645000457763672,25.850000381469727,25.639999389648438,25.850000381469727,3028,0.0,0.0
2024-07-18 09:45:00-04:00,25.729999542236328,25.809999465942383,25.729999542236328,25.799999237060547,1447,0.0,0.0
2024-07-18 09:50:00-04:00,25.710100173950195,25.809999465942383,25.710100173950195,25.764999389648438,1017,0.0,0.0
2024-07-18 09:55:00-04:00,25.799999237060547,25.84000015258789,25.795000076293945,25.84000015258789,902,0.0,0.0
2024-07-18 10:00:00-04:00,25.84000015258789,25.850000381469727,25.84000015258789,25.850000381469727,705,0.0,0.0
2024-07-18 10:05:00-04:00,25.899999618530273,25.899999618530273,25.88129997253418,25.88129997253418,2598,0.0,0.0
2024-07-18 10:10:00-04:00,25.889999389648438,25.90999984741211,25.84000015258789,25.90999984741211,2047,0.0,0.0
2024-07-18 10:15:00-04:00,25.90999984741211,26.0,25.90999984741211,26.0,2224,0.0,0.0
2024-07-18 10:20:00-04:00,26.020000457763672,26.030000686645508,25.969999313354492,25.969999313354492,2034,0.0,0.0
2024-07-18 10:25:00-04:00,26.030000686645508,26.030000686645508,26.030000686645508,26.030000686645508,951,0.0,0.0
2024-07-18 10:30:00-04:00,26.020000457763672,26.020000457763672,25.950000762939453,25.954999923706055,1073,0.0,0.0
2024-07-18 10:35:00-04:00,25.93000030517578,25.96500015258789,25.93000030517578,25.96500015258789,876,0.0,0.0
2024-07-18 10:40:00-04:00,25.950000762939453,25.979999542236328,25.93000030517578,25.950000762939453,2824,0.0,0.0
2024-07-18 10:45:00-04:00,25.90999984741211,25.90999984741211,25.90999984741211,25.90999984741211,772,0.0,0.0
2024-07-18 10:50:00-04:00,25.920000076293945,25.920000076293945,25.920000076293945,25.920000076293945,1447,0.0,0.0
2024-07-18 10:55:00-04:00,25.959999084472656,25.959999084472656,25.959999084472656,25.959999084472656,975,0.0,0.0
2024-07-18 11:00:00-04:00,26.0,26.059900283813477,26.0,26.059900283813477,1137,0.0,0.0
2024-07-18 11:05:00-04:00,25.959999084472656,25.959999084472656,25.950000762939453,25.950000762939453,557,0.0,0.0
2024-07-18 11:10:00-04:00,25.920000076293945,25.920000076293945,25.90999984741211,25.90999984741211,1012,0.0,0.0
2024-07-18 11:15:00-04:00,25.889999389648438,25.899999618530273,25.889999389648438,25.899999618530273,1183,0.0,0.0
2024-07-18 11:20:00-04:00,25.829999923706055,25.829999923706055,25.799999237060547,25.799999237060547,927,0.0,0.0
2024-07-18 11:25:00-04:00,25.799999237060547,25.799999237060547,25.799999237060547,25.799999237060547,952,0.0,0.0
2024-07-18 11:30:00-04:00,25.804000854492188,25.829999923706055,25.799999237060547,25.81999969482422,1496,0.0,0.0
2024-07-18 11:35:00-04:00,25.81999969482422,25.895000457763672,25.81999969482422,25.860000610351562,1775,0.0,0.0
2024-07-18 11:40:00-04:00,25.829999923706055,25.829999923706055,25.81999969482422,25.829999923706055,1583,0.0,0.0
2024-07-18 11:45:00-04:00,25.790000915527344,25.790000915527344,25.739999771118164,25.739999771118164,1346,0.0,0.0
2024-07-18 11:50:00-04:00,25.725000381469727,25.725000381469727,25.725000381469727,25.725000381469727,325,0.0,0.0
2024-07-18 11:55:00-04:00,25.729999542236328,25.739999771118164,25.71500015258789,25.739999771118164,2047,0.0,0.0
2024-07-18 12:00:00-04:00,25.719999313354492,25.75,25.719999313354492,25.75,1907,0.0,0.0
2024-07-18 12:05:00-04:00,25.780000686645508,25.780000686645508,25.780000686645508,25.780000686645508,394,0.0,0.0
2024-07-18 12:10:00-04:00,25.780000686645508,25.80500030517578,25.780000686645508,25.780000686645508,1897,0.0,0.0
2024-07-18 12:15:00-04:00,25.780000686645508,25.81999969482422,25.780000686645508,25.799999237060547,2296,0.0,0.0
2024-07-18 12:20:00-04:00,25.885000228881836,25.889999389648438,25.84000015258789,25.850000381469727,1943,0.0,0.0
2024-07-18 12:25:00-04:00,25.809999465942383,25.809999465942383,25.760000228881836,25.760000228881836,1315,0.0,0.0
2024-07-18 12:30:00-04:00,25.75,25.75,25.715999603271484,25.715999603271484,1963,0.0,0.0
2024-07-18 12:40:00-04:00,25.739999771118164,25.739999771118164,25.739999771118164,25.739999771118164,1276,0.0,0.0
2024-07-18 12:45:00-04:00,25.760000228881836,25.799999237060547,25.760000228881836,25.770000457763672,2636,0.0,0.0
2024-07-18 12:50:00-04:00,25.780000686645508,25.780000686645508,25.75,25.75,1706,0.0,0.0
2024-07-18 13:00:00-04:00,25.780000686645508,25.780000686645508,25.780000686645508,25.780000686645508,1425,0.0,0.0
2024-07-18 13:05:00-04:00,25.760000228881836,25.760000228881836,25.718399047851562,25.718399047851562,1141,0.0,0.0
2024-07-18 13:15:00-04:00,25.75,25.75,25.709999084472656,25.719999313354492,2173,0.0,0.0
2024-07-18 13:20:00-04:00,25.739999771118164,25.739999771118164,25.700000762939453,25.700000762939453,2682,0.0,0.0
2024-07-18 13:30:00-04:00,25.665000915527344,25.665000915527344,25.6200008392334,25.6200008392334,1031,0.0,0.0
2024-07-18 13:35:00-04:00,25.600000381469727,25.600000381469727,25.600000381469727,25.600000381469727,397,0.0,0.0
2024-07-18 13:40:00-04:00,25.59000015258789,25.600000381469727,25.565000534057617,25.565000534057617,1752,0.0,0.0
2024-07-18 13:50:00-04:00,25.579999923706055,25.579999923706055,25.5,25.5,1724,0.0,0.0
2024-07-18 13:55:00-04:00,25.389999389648438,25.389999389648438,25.3799991607666,25.3799991607666,845,0.0,0.0
2024-07-18 14:00:00-04:00,25.360000610351562,25.469999313354492,25.360000610351562,25.469999313354492,2848,0.0,0.0
2024-07-18 14:05:00-04:00,25.420000076293945,25.420000076293945,25.420000076293945,25.420000076293945,1164,0.0,0.0
2024-07-18 14:10:00-04:00,25.440000534057617,25.44499969482422,25.420000076293945,25.420000076293945,2548,0.0,0.0
2024-07-18 14:15:00-04:00,25.479999542236328,25.510000228881836,25.479999542236328,25.5,1806,0.0,0.0
2024-07-18 14:20:00-04:00,25.489999771118164,25.604999542236328,25.459999084472656,25.4950008392334,7211,0.0,0.0
2024-07-18 14:25:00-04:00,25.450000762939453,25.450000762939453,25.450000762939453,25.450000762939453,867,0.0,0.0
2024-07-18 14:30:00-04:00,25.360000610351562,25.364999771118164,25.350000381469727,25.350000381469727,1354,0.0,0.0
2024-07-18 14:35:00-04:00,25.350000381469727,25.350000381469727,25.309999465942383,25.309999465942383,1960,0.0,0.0
2024-07-18 14:40:00-04:00,25.290000915527344,25.31999969482422,25.28499984741211,25.290000915527344,2912,0.0,0.0
2024-07-18 14:45:00-04:00,25.295000076293945,25.295000076293945,25.260000228881836,25.260000228881836,2409,0.0,0.0
2024-07-18 14:50:00-04:00,25.263999938964844,25.263999938964844,25.25,25.260000228881836,2077,0.0,0.0
2024-07-18 14:55:00-04:00,25.25,25.280000686645508,25.25,25.280000686645508,1549,0.0,0.0
2024-07-18 15:00:00-04:00,25.295000076293945,25.309999465942383,25.270000457763672,25.270000457763672,2390,0.0,0.0
2024-07-18 15:05:00-04:00,25.260000228881836,25.260000228881836,25.260000228881836,25.260000228881836,984,0.0,0.0
2024-07-18 15:10:00-04:00,25.209999084472656,25.209999084472656,25.18000030517578,25.18000030517578,1851,0.0,0.0
2024-07-18 15:15:00-04:00,25.170000076293945,25.219999313354492,25.170000076293945,25.219999313354492,2872,0.0,0.0
2024-07-18 15:20:00-04:00,25.229999542236328,25.229999542236328,25.19499969482422,25.200000762939453,2378,0.0,0.0
2024-07-18 15:25:00-04:00,25.170000076293945,25.200000762939453,25.15999984741211,25.200000762939453,2052,0.0,0.0
2024-07-18 15:30:00-04:00,25.200000762939453,25.2450008392334,25.190000534057617,25.190000534057617,6554,0.0,0.0
2024-07-18 15:35:00-04:00,25.229999542236328,25.260000228881836,25.229999542236328,25.260000228881836,2729,0.0,0.0
2024-07-18 15:40:00-04:00,25.299999237060547,25.329999923706055,25.264999389648438,25.264999389648438,3126,0.0,0.0
2024-07-18 15:45:00-04:00,25.260000228881836,25.290000915527344,25.25,25.290000915527344,5153,0.0,0.0
2024-07-18 15:50:00-04:00,25.290000915527344,25.299999237060547,25.239999771118164,25.239999771118164,9251,0.0,0.0
2024-07-18 15:55:00-04:00,25.229999542236328,25.459999084472656,25.229999542236328,25.440000534057617,33153,0.0,0.0
2024-07-19 09:30:00-04:00,25.40999984741211,25.40999984741211,25.40999984741211,25.40999984741211,6438,0.0,0.0
2024-07-19 09:40:00-04:00,25.3700008392334,25.3700008392334,25.3700008392334,25.3700008392334,130,0.0,0.0
2024-07-19 09:45:00-04:00,25.209999084472656,25.209999084472656,25.174999237060547,25.174999237060547,1187,0.0,0.0
2024-07-19 09:55:00-04:00,25.299999237060547,25.299999237060547,25.270000457763672,25.270000457763672,2172,0.0,0.0
2024-07-19 10:15:00-04:00,25.139999389648438,25.209999084472656,25.079999923706055,25.079999923706055,1198,0.0,0.0
2024-07-19 10:25:00-04:00,25.049999237060547,25.049999237060547,24.93000030517578,24.96500015258789,2098,0.0,0.0
2024-07-19 10:30:00-04:00,25.0049991607666,25.040000915527344,25.0049991607666,25.040000915527344,507,0.0,0.0
2024-07-19 10:35:00-04:00,25.084999084472656,25.084999084472656,25.049999237060547,25.049999237060547,892,0.0,0.0
2024-07-19 10:45:00-04:00,24.93000030517578,24.93000030517578,24.93000030517578,24.93000030517578,335,0.0,0.0
2024-07-19 10:55:00-04:00,24.8799991607666,24.8799991607666,24.8799991607666,24.8799991607666,736,0.0,0.0
2024-07-19 11:00:00-04:00,24.899999618530273,24.90999984741211,24.899999618530273,24.899999618530273,1012,0.0,0.0
2024-07-19 11:10:00-04:00,24.8700008392334,24.8700008392334,24.8700008392334,24.8700008392334,1288,0.0,0.0
2024-07-19 11:15:00-04:00,24.809999465942383,24.809999465942383,24.809999465942383,24.809999465942383,313,0.0,0.0
2024-07-19 11:20:00-04:00,24.770000457763672,24.770000457763672,24.700000762939453,24.722999572753906,1504,0.0,0.0
2024-07-19 11:25:00-04:00,24.690000534057617,24.690000534057617,24.68000030517578,24.68000030517578,796,0.0,0.0
2024-07-19 11:30:00-04:00,24.665000915527344,24.665000915527344,24.649999618530273,24.649999618530273,339,0.0,0.0
2024-07-19 11:35:00-04:00,24.670000076293945,24.68000030517578,24.670000076293945,24.68000030517578,935,0.0,0.0
2024-07-19 11:45:00-04:00,24.648000717163086,24.709999084472656,24.648000717163086,24.709999084472656,740,0.0,0.0
2024-07-19 11:50:00-04:00,24.790000915527344,24.84000015258789,24.75,24.80500030517578,793,0.0,0.0
2024-07-19 11:55:00-04:00,24.84000015258789,24.860000610351562,24.825000762939453,24.825000762939453,1276,0.0,0.0
2024-07-19 12:00:00-04:00,24.860000610351562,24.860000610351562,24.790000915527344,24.790000915527344,817,0.0,0.0
2024-07-19 12:05:00-04:00,24.829999923706055,24.93000030517578,24.829999923706055,24.93000030517578,3641,0.0,0.0
2024-07-19 12:10:00-04:00,24.940000534057617,25.030000686645508,24.940000534057617,25.0,3819,0.0,0.0
2024-07-19 12:20:00-04:00,25.06999969482422,25.06999969482422,25.0,25.03499984741211,3300,0.0,0.0
2024-07-19 12:25:00-04:00,25.0,25.030000686645508,25.0,25.030000686645508,590,0.0,0.0
2024-07-19 12:30:00-04:00,25.0,25.0,25.0,25.0,2304,0.0,0.0
2024-07-19 12:35:00-04:00,25.020000457763672,25.045000076293945,25.020000457763672,25.03499984741211,1762,0.0,0.0
2024-07-19 12:45:00-04:00,25.0,25.010000228881836,25.0,25.010000228881836,11454,0.0,0.0
2024-07-19 12:50:00-04:00,25.0,25.014999389648438,25.0,25.0,5262,0.0,0.0
2024-07-19 12:55:00-04:00,25.030000686645508,25.030000686645508,25.030000686645508,25.030000686645508,487,0.0,0.0
2024-07-19 13:05:00-04:00,25.034000396728516,25.034000396728516,25.034000396728516,25.034000396728516,450,0.0,0.0
2024-07-19 13:10:00-04:00,25.03499984741211,25.03499984741211,25.03499984741211,25.03499984741211,637,0.0,0.0
2024-07-19 13:15:00-04:00,25.030000686645508,25.040000915527344,25.030000686645508,25.040000915527344,589,0.0,0.0
2024-07-19 13:20:00-04:00,25.040000915527344,25.040000915527344,25.020000457763672,25.020000457763672,1125,0.0,0.0
2024-07-19 13:25:00-04:00,25.049999237060547,25.049999237060547,25.049999237060547,25.049999237060547,139,0.0,0.0
2024-07-19 13:30:00-04:00,25.020000457763672,25.039899826049805,25.010000228881836,25.020000457763672,817,0.0,0.0
2024-07-19 13:35:00-04:00,25.024999618530273,25.05500030517578,25.024999618530273,25.05500030517578,668,0.0,0.0
2024-07-19 13:40:00-04:00,25.015600204467773,25.015600204467773,25.015600204467773,25.015600204467773,234,0.0,0.0
2024-07-19 13:45:00-04:00,25.03499984741211,25.03499984741211,25.03499984741211,25.03499984741211,277,0.0,0.0
2024-07-19 13:50:00-04:00,25.020000457763672,25.020000457763672,25.020000457763672,25.020000457763672,483,0.0,0.0
2024-07-19 13:55:00-04:00,25.049999237060547,25.049999237060547,25.020000457763672,25.03499984741211,1973,0.0,0.0
2024-07-19 14:00:00-04:00,25.036300659179688,25.036300659179688,25.010000228881836,25.010000228881836,1446,0.0,0.0
2024-07-19 14:10:00-04:00,24.989999771118164,24.989999771118164,24.93000030517578,24.94499969482422,2589,0.0,0.0
2024-07-19 14:15:00-04:00,24.959999084472656,24.989999771118164,24.959999084472656,24.989999771118164,985,0.0,0.0
2024-07-19 14:20:00-04:00,24.950000762939453,25.0,24.950000762939453,25.0,1683,0.0,0.0
2024-07-19 14:25:00-04:00,24.9689998626709,24.9689998626709,24.950000762939453,24.950000762939453,562,0.0,0.0
2024-07-19 14:30:00-04:00,24.950000762939453,24.979999542236328,24.950000762939453,24.975000381469727,1373,0.0,0.0
2024-07-19 14:40:00-04:00,24.969999313354492,24.989999771118164,24.959999084472656,24.959999084472656,2610,0.0,0.0
2024-07-19 14:45:00-04:00,24.96500015258789,24.979999542236328,24.96500015258789,24.979999542236328,1141,0.0,0.0
2024-07-19 14:50:00-04:00,24.979999542236328,25.0,24.979999542236328,25.0,804,0.0,0.0
2024-07-19 15:00:00-04:00,25.010000228881836,25.040000915527344,25.010000228881836,25.040000915527344,1919,0.0,0.0
2024-07-19 15:05:00-04:00,25.049999237060547,25.07390022277832,25.049999237060547,25.07390022277832,1411,0.0,0.0
2024-07-19 15:10:00-04:00,25.059999465942383,25.149999618530273,25.059999465942383,25.149999618530273,3193,0.0,0.0
2024-07-19 15:15:00-04:00,25.165000915527344,25.165000915527344,25.165000915527344,25.165000915527344,549,0.0,0.0
2024-07-19 15:20:00-04:00,25.170000076293945,25.18000030517578,25.170000076293945,25.18000030517578,949,0.0,0.0
2024-07-19 15:25:00-04:00,25.209999084472656,25.299999237060547,25.200000762939453,25.229999542236328,10668,0.0,0.0
2024-07-19 15:30:00-04:00,25.190000534057617,25.229999542236328,25.170000076293945,25.21500015258789,1849,0.0,0.0
2024-07-19 15:35:00-04:00,25.235000610351562,25.329999923706055,25.235000610351562,25.25,8165,0.0,0.0
2024-07-19 15:40:00-04:00,25.260000228881836,25.3799991607666,25.260000228881836,25.31999969482422,5014,0.0,0.0
2024-07-19 15:45:00-04:00,25.329999923706055,25.389999389648438,25.329999923706055,25.389999389648438,7134,0.0,0.0
2024-07-19 15:50:00-04:00,25.360000610351562,25.399999618530273,25.350000381469727,25.399999618530273,10242,0.0,0.0
2024-07-19 15:55:00-04:00,25.3700008392334,25.3700008392334,25.219999313354492,25.309999465942383,28763,0.0,0.0
2024-07-22 09:30:00-04:00,25.260000228881836,25.299999237060547,25.027999877929688,25.18000030517578,5028,0.0,0.0
2024-07-22 09:35:00-04:00,25.17770004272461,25.295000076293945,25.17770004272461,25.295000076293945,967,0.0,0.0
2024-07-22 09:40:00-04:00,25.389999389648438,25.389999389648438,25.389999389648438,25.389999389648438,2549,0.0,0.0
2024-07-22 09:45:00-04:00,25.260000228881836,25.260000228881836,25.260000228881836,25.260000228881836,516,0.0,0.0
2024-07-22 09:50:00-04:00,25.2450008392334,25.2450008392334,25.160200119018555,25.160200119018555,1687,0.0,0.0
2024-07-22 09:55:00-04:00,25.15999984741211,25.15999984741211,25.149999618530273,25.149999618530273,363,0.0,0.0
2024-07-22 10:00:00-04:00,25.139999389648438,25.139999389648438,25.059999465942383,25.059999465942383,682,0.0,0.0
2024-07-22 10:05:00-04:00,25.010000228881836,25.010000228881836,25.010000228881836,25.010000228881836,457,0.0,0.0
2024-07-22 10:10:00-04:00,25.020000457763672,25.06999969482422,25.014999389648438,25.06999969482422,2109,0.0,0.0
2024-07-22 10:15:00-04:00,25.1299991607666,25.1299991607666,25.1299991607666,25.1299991607666,517,0.0,0.0
2024-07-22 10:20:00-04:00,25.25,25.260000228881836,25.25,25.260000228881836,743,0.0,0.0
2024-07-22 10:25:00-04:00,25.25,25.264999389648438,25.25,25.264999389648438,345,0.0,0.0
2024-07-22 10:30:00-04:00,25.25200080871582,25.25200080871582,25.229999542236328,25.229999542236328,798,0.0,0.0
2024-07-22 10:35:00-04:00,25.3700008392334,25.3700008392334,25.3700008392334,25.3700008392334,561,0.0,0.0
2024-07-22 10:45:00-04:00,25.440000534057617,25.440000534057617,25.40999984741211,25.43000030517578,1789,0.0,0.0
2024-07-22 10:50:00-04:00,25.440000534057617,25.440000534057617,25.440000534057617,25.440000534057617,245,0.0,0.0
2024-07-22 10:55:00-04:00,25.489999771118164,25.545000076293945,25.489999771118164,25.545000076293945,600,0.0,0.0
2024-07-22 11:00:00-04:00,25.600000381469727,25.600000381469727,25.600000381469727,25.600000381469727,277,0.0,0.0
2024-07-22 11:05:00-04:00,25.579999923706055,25.610000610351562,25.56999969482422,25.56999969482422,1270,0.0,0.0
2024-07-22 11:10:00-04:00,25.610000610351562,25.6200008392334,25.600000381469727,25.600000381469727,872,0.0,0.0
2024-07-22 11:15:00-04:00,25.549999237060547,25.549999237060547,25.549999237060547,25.549999237060547,447,0.0,0.0
2024-07-22 11:20:00-04:00,25.55500030517578,25.565000534057617,25.55500030517578,25.565000534057617,372,0.0,0.0
2024-07-22 11:25:00-04:00,25.56999969482422,25.579999923706055,25.56999969482422,25.579999923706055,1501,0.0,0.0
2024-07-22 11:30:00-04:00,25.559999465942383,25.559999465942383,25.559999465942383,25.559999465942383,745,0.0,0.0
2024-07-22 11:35:00-04:00,25.565000534057617,25.59000015258789,25.565000534057617,25.565000534057617,1750,0.0,0.0
2024-07-22 11:40:00-04:00,25.559999465942383,25.579999923706055,25.559999465942383,25.579999923706055,1479,0.0,0.0
2024-07-22 11:45:00-04:00,25.604999542236328,25.649999618530273,25.604999542236328,25.649999618530273,825,0.0,0.0
2024-07-22 11:50:00-04:00,25.670000076293945,25.670000076293945,25.670000076293945,25.670000076293945,564,0.0,0.0
2024-07-22 11:55:00-04:00,25.645000457763672,25.670000076293945,25.645000457763672,25.670000076293945,841,0.0,0.0
2024-07-22 12:00:00-04:00,25.65999984741211,25.729999542236328,25.649999618530273,25.649999618530273,2680,0.0,0.0
2024-07-22 12:05:00-04:00,25.549999237060547,25.600000381469727,25.540000915527344,25.600000381469727,958,0.0,0.0
2024-07-22 12:10:00-04:00,25.607999801635742,25.649999618530273,25.607999801635742,25.649999618530273,3277,0.0,0.0
2024-07-22 12:15:00-04:00,25.635000228881836,25.635000228881836,25.635000228881836,25.635000228881836,350,0.0,0.0
2024-07-22 12:25:00-04:00,25.610000610351562,25.610000610351562,25.610000610351562,25.610000610351562,1496,0.0,0.0
2024-07-22 12:35:00-04:00,25.6299991607666,25.649999618530273,25.6299991607666,25.649999618530273,2176,0.0,0.0
2024-07-22 12:40:00-04:00,25.690000534057617,25.700000762939453,25.690000534057617,25.690000534057617,936,0.0,0.0
2024-07-22 12:50:00-04:00,25.709999084472656,25.739999771118164,25.709999084472656,25.739999771118164,830,0.0,0.0
2024-07-22 12:55:00-04:00,25.770000457763672,25.780000686645508,25.75,25.780000686645508,738,0.0,0.0
2024-07-22 13:00:00-04:00,25.780000686645508,25.780000686645508,25.780000686645508,25.780000686645508,474,0.0,0.0
2024-07-22 13:05:00-04:00,25.81999969482422,25.81999969482422,25.81999969482422,25.81999969482422,174,0.0,0.0
2024-07-22 13:10:00-04:00,25.790000915527344,25.81999969482422,25.780000686645508,25.81999969482422,901,0.0,0.0
2024-07-22 13:15:00-04:00,25.770000457763672,25.8700008392334,25.770000457763672,25.8700008392334,1996,0.0,0.0
2024-07-22 13:20:00-04:00,25.850000381469727,25.864999771118164,25.850000381469727,25.864999771118164,2562,0.0,0.0
2024-07-22 13:30:00-04:00,25.860000610351562,25.8700008392334,25.860000610351562,25.8700008392334,959,0.0,0.0
2024-07-22 13:35:00-04:00,25.829999923706055,25.829999923706055,25.780000686645508,25.809999465942383,2239,0.0,0.0
2024-07-22 13:45:00-04:00,25.829999923706055,25.854999542236328,25.829999923706055,25.854999542236328,1674,0.0,0.0
2024-07-22 13:55:00-04:00,25.8700008392334,25.8700008392334,25.8700008392334,25.8700008392334,474,0.0,0.0
2024-07-22 14:00:00-04:00,25.8700008392334,25.8700008392334,25.850000381469727,25.860000610351562,2462,0.0,0.0
2024-07-22 14:10:00-04:00,25.875,25.875,25.875,25.875,309,0.0,0.0
2024-07-22 14:20:00-04:00,25.899799346923828,25.899999618530273,25.899799346923828,25.899999618530273,673,0.0,0.0
2024-07-22 14:25:00-04:00,25.90999984741211,25.90999984741211,25.90999984741211,25.90999984741211,1517,0.0,0.0
2024-07-22 14:30:00-04:00,25.934999465942383,25.959999084472656,25.934999465942383,25.959999084472656,3776,0.0,0.0
2024-07-22 14:40:00-04:00,25.981000900268555,25.981000900268555,25.959999084472656,25.959999084472656,1329,0.0,0.0
2024-07-22 14:45:00-04:00,25.953800201416016,25.959999084472656,25.953800201416016,25.959999084472656,573,0.0,0.0
2024-07-22 14:50:00-04:00,25.989999771118164,26.030000686645508,25.989999771118164,26.030000686645508,2433,0.0,0.0
2024-07-22 14:55:00-04:00,26.020000457763672,26.040000915527344,26.020000457763672,26.040000915527344,1492,0.0,0.0
2024-07-22 15:00:00-04:00,25.989999771118164,26.020000457763672,25.989999771118164,26.020000457763672,1070,0.0,0.0
2024-07-22 15:05:00-04:00,26.06999969482422,26.09000015258789,26.059999465942383,26.09000015258789,906,0.0,0.0
2024-07-22 15:10:00-04:00,26.110000610351562,26.149999618530273,26.110000610351562,26.149999618530273,1271,0.0,0.0
2024-07-22 15:15:00-04:00,26.139999389648438,26.142499923706055,26.1200008392334,26.135000228881836,1496,0.0,0.0
2024-07-22 15:20:00-04:00,26.15999984741211,26.219999313354492,26.15999984741211,26.219999313354492,2375,0.0,0.0
2024-07-22 15:25:00-04:00,26.209999084472656,26.209999084472656,26.190000534057617,26.209999084472656,2472,0.0,0.0
2024-07-22 15:30:00-04:00,26.219999313354492,26.219999313354492,26.070999145507812,26.070999145507812,3152,0.0,0.0
2024-07-22 15:40:00-04:00,26.06100082397461,26.1200008392334,26.06100082397461,26.100000381469727,3442,0.0,0.0
2024-07-22 15:45:00-04:00,26.1299991607666,26.139999389648438,26.09000015258789,26.090299606323242,2577,0.0,0.0
2024-07-22 15:50:00-04:00,26.045000076293945,26.125,26.045000076293945,26.09000015258789,4420,0.0,0.0
2024-07-22 15:55:00-04:00,26.09000015258789,26.1299991607666,26.030000686645508,26.049999237060547,8285,0.0,0.0
2024-07-23 09:30:00-04:00,25.899999618530273,25.899999618530273,25.899999618530273,25.899999618530273,1780,0.0,0.0
2024-07-23 09:35:00-04:00,25.66939926147461,25.66939926147461,25.66939926147461,25.66939926147461,319,0.0,0.0
2024-07-23 09:40:00-04:00,25.630300521850586,25.630300521850586,25.630300521850586,25.630300521850586,766,0.0,0.0
2024-07-23 09:45:00-04:00,25.719999313354492,25.899999618530273,25.719999313354492,25.839799880981445,950,0.0,0.0
2024-07-23 09:50:00-04:00,25.8799991607666,25.8799991607666,25.8799991607666,25.8799991607666,670,0.0,0.0
2024-07-23 10:00:00-04:00,25.920000076293945,25.96500015258789,25.920000076293945,25.920000076293945,819,0.0,0.0
2024-07-23 10:05:00-04:00,25.959999084472656,25.985000610351562,25.959999084472656,25.985000610351562,747,0.0,0.0
2024-07-23 10:10:00-04:00,26.0,26.06999969482422,26.0,26.065000534057617,899,0.0,0.0
2024-07-23 10:15:00-04:00,26.1200008392334,26.139999389648438,26.049999237060547,26.049999237060547,2142,0.0,0.0
2024-07-23 10:20:00-04:00,26.010000228881836,26.010000228881836,26.010000228881836,26.010000228881836,704,0.0,0.0
2024-07-23 10:30:00-04:00,25.82900047302246,25.82900047302246,25.799999237060547,25.799999237060547,455,0.0,0.0
2024-07-23 10:35:00-04:00,25.940000534057617,25.979999542236328,25.940000534057617,25.969999313354492,1919,0.0,0.0
2024-07-23 10:45:00-04:00,25.8700008392334,25.8700008392334,25.854999542236328,25.854999542236328,432,0.0,0.0
2024-07-23 10:55:00-04:00,25.81999969482422,25.829999923706055,25.700000762939453,25.739999771118164,3279,0.0,0.0
2024-07-23 11:00:00-04:00,25.799999237060547,25.799999237060547,25.780000686645508,25.780000686645508,790,0.0,0.0
2024-07-23 11:10:00-04:00,25.78499984741211,25.940000534057617,25.78499984741211,25.940000534057617,1825,0.0,0.0
2024-07-23 11:15:00-04:00,25.950000762939453,25.954999923706055,25.920000076293945,25.954999923706055,1001,0.0,0.0
2024-07-23 11:25:00-04:00,26.010000228881836,26.010000228881836,25.985000610351562,25.985000610351562,232,0.0,0.0
2024-07-23 11:30:00-04:00,26.020000457763672,26.079999923706055,26.014999389648438,26.049999237060547,3534,0.0,0.0
2024-07-23 11:35:00-04:00,26.11829948425293,26.11829948425293,26.040000915527344,26.040000915527344,2937,0.0,0.0
2024-07-23 11:45:00-04:00,26.084999084472656,26.084999084472656,26.084999084472656,26.084999084472656,846,0.0,0.0
2024-07-23 12:00:00-04:00,26.1200008392334,26.149999618530273,26.1200008392334,26.149999618530273,846,0.0,0.0
2024-07-23 12:05:00-04:00,26.125,26.15999984741211,26.124000549316406,26.15999984741211,1216,0.0,0.0
2024-07-23 12:10:00-04:00,26.1299991607666,26.1299991607666,26.1299991607666,26.1299991607666,354,0.0,0.0
2024-07-23 12:15:00-04:00,26.1299991607666,26.1299991607666,26.1299991607666,26.1299991607666,119,0.0,0.0
2024-07-23 12:20:00-04:00,26.1299991607666,26.1299991607666,26.1299991607666,26.1299991607666,697,0.0,0.0
2024-07-23 12:25:00-04:00,26.100000381469727,26.100000381469727,26.030000686645508,26.030000686645508,2341,0.0,0.0
2024-07-23 12:30:00-04:00,26.0,26.0,26.0,26.0,263,0.0,0.0
2024-07-23 12:35:00-04:00,25.989999771118164,25.989999771118164,25.989999771118164,25.989999771118164,466,0.0,0.0
2024-07-23 12:50:00-04:00,25.979999542236328,25.979999542236328,25.940000534057617,25.940000534057617,309,0.0,0.0
2024-07-23 12:55:00-04:00,25.979999542236328,25.979999542236328,25.979700088500977,25.979700088500977,708,0.0,0.0
2024-07-23 13:00:00-04:00,25.979999542236328,26.079999923706055,25.979999542236328,26.079999923706055,3142,0.0,0.0
2024-07-23 13:05:00-04:00,26.045000076293945,26.06999969482422,26.045000076293945,26.06999969482422,432,0.0,0.0
2024-07-23 13:15:00-04:00,26.010000228881836,26.010000228881836,26.010000228881836,26.010000228881836,730,0.0,0.0
2024-07-23 13:20:00-04:00,26.014999389648438,26.014999389648438,26.014999389648438,26.014999389648438,184,0.0,0.0
2024-07-23 13:25:00-04:00,26.014999389648438,26.014999389648438,26.014999389648438,26.014999389648438,843,0.0,0.0
2024-07-23 13:30:00-04:00,26.030000686645508,26.030000686645508,26.030000686645508,26.030000686645508,307,0.0,0.0
2024-07-23 13:40:00-04:00,26.03499984741211,26.049999237060547,26.024999618530273,26.049999237060547,1890,0.0,0.0
2024-07-23 13:45:00-04:00,26.049999237060547,26.09000015258789,26.049999237060547,26.075000762939453,1820,0.0,0.0
2024-07-23 13:50:00-04:00,26.100000381469727,26.100000381469727,26.100000381469727,26.100000381469727,649,0.0,0.0
2024-07-23 13:55:00-04:00,26.09000015258789,26.09000015258789,26.09000015258789,26.09000015258789,289,0.0,0.0
2024-07-23 14:00:00-04:00,26.089000701904297,26.09000015258789,26.089000701904297,26.09000015258789,739,0.0,0.0
2024-07-23 14:05:00-04:00,26.1200008392334,26.200000762939453,26.100000381469727,26.200000762939453,2594,0.0,0.0
2024-07-23 14:10:00-04:00,26.23859977722168,26.23859977722168,26.23859977722168,26.23859977722168,320,0.0,0.0
2024-07-23 14:15:00-04:00,26.191499710083008,26.191499710083008,26.191499710083008,26.191499710083008,547,0.0,0.0
2024-07-23 14:20:00-04:00,26.225000381469727,26.225000381469727,26.225000381469727,26.225000381469727,377,0.0,0.0
2024-07-23 14:25:00-04:00,26.200000762939453,26.219999313354492,26.190000534057617,26.219999313354492,2736,0.0,0.0
2024-07-23 14:30:00-04:00,26.239999771118164,26.295000076293945,26.239999771118164,26.295000076293945,1878,0.0,0.0
2024-07-23 14:40:00-04:00,26.295000076293945,26.295000076293945,26.295000076293945,26.295000076293945,252,0.0,0.0
2024-07-23 14:45:00-04:00,26.295000076293945,26.399999618530273,26.295000076293945,26.350000381469727,3445,0.0,0.0
2024-07-23 14:50:00-04:00,26.329999923706055,26.329999923706055,26.270000457763672,26.315000534057617,2448,0.0,0.0
2024-07-23 14:55:00-04:00,26.34000015258789,26.34000015258789,26.325000762939453,26.325000762939453,1227,0.0,0.0
2024-07-23 15:10:00-04:00,26.299999237060547,26.34000015258789,26.270000457763672,26.34000015258789,8440,0.0,0.0
2024-07-23 15:15:00-04:00,26.309999465942383,26.325000762939453,26.309999465942383,26.325000762939453,1342,0.0,0.0
2024-07-23 15:20:00-04:00,26.350000381469727,26.350000381469727,26.334999084472656,26.334999084472656,1504,0.0,0.0
2024-07-23 15:25:00-04:00,26.364999771118164,26.389999389648438,26.364999771118164,26.389999389648438,2318,0.0,0.0
2024-07-23 15:30:00-04:00,26.360000610351562,26.360000610351562,26.322999954223633,26.322999954223633,1853,0.0,0.0
2024-07-23 15:35:00-04:00,26.34000015258789,26.3700008392334,26.34000015258789,26.360000610351562,3400,0.0,0.0
2024-07-23 15:40:00-04:00,26.350000381469727,26.350000381469727,26.270000457763672,26.280000686645508,2921,0.0,0.0
2024-07-23 15:45:00-04:00,26.299999237060547,26.299999237060547,26.209999084472656,26.209999084472656,4371,0.0,0.0
2024-07-23 15:50:00-04:00,26.239999771118164,26.302000045776367,26.22100067138672,26.302000045776367,8353,0.0,0.0
2024-07-23 15:55:00-04:00,26.299999237060547,26.315000534057617,26.299999237060547,26.30500030517578,9826,0.0,0.0
2024-07-24 09:30:00-04:00,26.049999237060547,26.21500015258789,26.030000686645508,26.21500015258789,2845,0.0,0.0
2024-07-24 09:35:00-04:00,26.3799991607666,26.3799991607666,26.204999923706055,26.219999313354492,554,0.0,0.0
2024-07-24 09:40:00-04:00,26.450000762939453,26.450000762939453,26.364999771118164,26.364999771118164,639,0.0,0.0
2024-07-24 09:45:00-04:00,26.360000610351562,26.360000610351562,26.290000915527344,26.290000915527344,1011,0.0,0.0
2024-07-24 09:50:00-04:00,26.2549991607666,26.2549991607666,26.2549991607666,26.2549991607666,1391,0.0,0.0
2024-07-24 09:55:00-04:00,26.2549991607666,26.280000686645508,26.149999618530273,26.264999389648438,3156,0.0,0.0
2024-07-24 10:00:00-04:00,26.309999465942383,26.479999542236328,26.309999465942383,26.399999618530273,2237,0.0,0.0
2024-07-24 10:10:00-04:00,26.375,26.420000076293945,26.375,26.420000076293945,933,0.0,0.0
2024-07-24 10:15:00-04:00,26.395000457763672,26.40999984741211,26.395000457763672,26.40999984741211,1029,0.0,0.0
2024-07-24 10:20:00-04:00,26.44499969482422,26.44499969482422,26.44499969482422,26.44499969482422,454,0.0,0.0
2024-07-24 10:25:00-04:00,26.5,26.5,26.447500228881836,26.459999084472656,1155,0.0,0.0
2024-07-24 10:30:00-04:00,26.444000244140625,26.510000228881836,26.444000244140625,26.510000228881836,1926,0.0,0.0
2024-07-24 10:35:00-04:00,26.520000457763672,26.520000457763672,26.520000457763672,26.520000457763672,1328,0.0,0.0
2024-07-24 10:50:00-04:00,26.59000015258789,26.59000015258789,26.59000015258789,26.59000015258789,248,0.0,0.0
2024-07-24 10:55:00-04:00,26.559999465942383,26.559999465942383,26.520000457763672,26.53499984741211,748,0.0,0.0
2024-07-24 11:00:00-04:00,26.53499984741211,26.614999771118164,26.53499984741211,26.575000762939453,1676,0.0,0.0
2024-07-24 11:05:00-04:00,26.5049991607666,26.5049991607666,26.5049991607666,26.5049991607666,112,0.0,0.0
2024-07-24 11:10:00-04:00,26.514999389648438,26.514999389648438,26.5,26.5,540,0.0,0.0
2024-07-24 11:15:00-04:00,26.5,26.5,26.5,26.5,210,0.0,0.0
2024-07-24 11:20:00-04:00,26.5,26.5,26.454999923706055,26.485000610351562,787,0.0,0.0
2024-07-24 11:25:00-04:00,26.4950008392334,26.510000228881836,26.420000076293945,26.450000762939453,2458,0.0,0.0
2024-07-24 11:30:00-04:00,26.469999313354492,26.5,26.469999313354492,26.5,2499,0.0,0.0
2024-07-24 11:35:00-04:00,26.549999237060547,26.614999771118164,26.549999237060547,26.614999771118164,1809,0.0,0.0
2024-07-24 11:40:00-04:00,26.579999923706055,26.600000381469727,26.579999923706055,26.600000381469727,1928,0.0,0.0
2024-07-24 11:45:00-04:00,26.575000762939453,26.575000762939453,26.575000762939453,26.575000762939453,318,0.0,0.0
2024-07-24 11:50:00-04:00,26.610000610351562,26.635000228881836,26.610000610351562,26.610000610351562,1475,0.0,0.0
2024-07-24 11:55:00-04:00,26.600000381469727,26.600000381469727,26.600000381469727,26.600000381469727,773,0.0,0.0
2024-07-24 12:00:00-04:00,26.649999618530273,26.649999618530273,26.635000228881836,26.638099670410156,1054,0.0,0.0
2024-07-24 12:05:00-04:00,26.604999542236328,26.604999542236328,26.510000228881836,26.510000228881836,1503,0.0,0.0
2024-07-24 12:10:00-04:00,26.555700302124023,26.594999313354492,26.510000228881836,26.594999313354492,3249,0.0,0.0
2024-07-24 12:15:00-04:00,26.59000015258789,26.6200008392334,26.59000015258789,26.6200008392334,228,0.0,0.0
2024-07-24 12:20:00-04:00,26.6200008392334,26.649999618530273,26.6200008392334,26.649999618530273,1118,0.0,0.0
2024-07-24 12:25:00-04:00,26.59000015258789,26.6299991607666,26.59000015258789,26.6299991607666,1566,0.0,0.0
2024-07-24 12:30:00-04:00,26.665000915527344,26.665000915527344,26.665000915527344,26.665000915527344,375,0.0,0.0
2024-07-24 12:35:00-04:00,26.639999389648438,26.639999389648438,26.469999313354492,26.469999313354492,3801,0.0,0.0
2024-07-24 12:40:00-04:00,26.4950008392334,26.4950008392334,26.3799991607666,26.3799991607666,1485,0.0,0.0
2024-07-24 12:45:00-04:00,26.350000381469727,26.434999465942383,26.34000015258789,26.420000076293945,1735,0.0,0.0
2024-07-24 12:50:00-04:00,26.3799991607666,26.3799991607666,26.34000015258789,26.34000015258789,488,0.0,0.0
2024-07-24 12:55:00-04:00,26.309999465942383,26.350000381469727,26.290000915527344,26.290000915527344,1452,0.0,0.0
2024-07-24 13:00:00-04:00,26.315000534057617,26.31999969482422,26.315000534057617,26.31999969482422,1575,0.0,0.0
2024-07-24 13:05:00-04:00,26.3700008392334,26.3700008392334,26.361000061035156,26.3700008392334,701,0.0,0.0
2024-07-24 13:10:00-04:00,26.3700008392334,26.40999984741211,26.329999923706055,26.360000610351562,2712,0.0,0.0
2024-07-24 13:20:00-04:00,26.325000762939453,26.325000762939453,26.290000915527344,26.290000915527344,887,0.0,0.0
2024-07-24 13:25:00-04:00,26.270000457763672,26.280000686645508,26.250999450683594,26.250999450683594,874,0.0,0.0
2024-07-24 13:30:00-04:00,26.270000457763672,26.270000457763672,26.264999389648438,26.264999389648438,1131,0.0,0.0
2024-07-24 13:35:00-04:00,26.329999923706055,26.329999923706055,26.290000915527344,26.290000915527344,1661,0.0,0.0
2024-07-24 13:40:00-04:00,26.33300018310547,26.350000381469727,26.33300018310547,26.350000381469727,1432,0.0,0.0
2024-07-24 13:45:00-04:00,26.3085994720459,26.329999923706055,26.3085994720459,26.329999923706055,1224,0.0,0.0
2024-07-24 13:50:00-04:00,26.329999923706055,26.329999923706055,26.329999923706055,26.329999923706055,978,0.0,0.0
2024-07-24 13:55:00-04:00,26.378999710083008,26.378999710083008,26.3700008392334,26.3700008392334,896,0.0,0.0
2024-07-24 14:00:00-04:00,26.3700008392334,26.3700008392334,26.329999923706055,26.329999923706055,717,0.0,0.0
2024-07-24 14:05:00-04:00,26.364999771118164,26.364999771118164,26.350000381469727,26.350000381469727,422,0.0,0.0
2024-07-24 14:10:00-04:00,26.364999771118164,26.399999618530273,26.364999771118164,26.375,1152,0.0,0.0
2024-07-24 14:15:00-04:00,26.375,26.389999389648438,26.350000381469727,26.360000610351562,2552,0.0,0.0
2024-07-24 14:20:00-04:00,26.344999313354492,26.344999313354492,26.280000686645508,26.28499984741211,1421,0.0,0.0
2024-07-24 14:25:00-04:00,26.280000686645508,26.290000915527344,26.260000228881836,26.260000228881836,1761,0.0,0.0
2024-07-24 14:30:00-04:00,26.290000915527344,26.290000915527344,26.18000030517578,26.18000030517578,2085,0.0,0.0
2024-07-24 14:35:00-04:00,26.1299991607666,26.1299991607666,26.059999465942383,26.059999465942383,552,0.0,0.0
2024-07-24 14:40:00-04:00,26.1481990814209,26.1481990814209,25.969999313354492,25.969999313354492,2941,0.0,0.0
2024-07-24 14:45:00-04:00,26.040000915527344,26.049999237060547,25.989999771118164,25.989999771118164,4085,0.0,0.0
2024-07-24 14:55:00-04:00,26.020000457763672,26.1200008392334,26.020000457763672,26.1200008392334,4498,0.0,0.0
2024-07-24 15:00:00-04:00,26.1299991607666,26.135000228881836,26.1200008392334,26.135000228881836,1533,0.0,0.0
2024-07-24 15:05:00-04:00,26.15999984741211,26.15999984741211,26.06999969482422,26.1299991607666,3308,0.0,0.0
2024-07-24 15:10:00-04:00,26.110000610351562,26.1299991607666,26.0,26.0,4856,0.0,0.0
2024-07-24 15:15:00-04:00,26.0,26.030000686645508,26.0,26.0,3016,0.0,0.0
2024-07-24 15:20:00-04:00,26.019899368286133,26.019899368286133,25.969999313354492,25.979999542236328,4328,0.0,0.0
2024-07-24 15:25:00-04:00,25.96500015258789,25.989999771118164,25.93000030517578,25.93000030517578,2915,0.0,0.0
2024-07-24 15:30:00-04:00,25.8799991607666,25.940000534057617,25.860000610351562,25.93000030517578,7180,0.0,0.0
2024-07-24 15:35:00-04:00,25.934999465942383,25.950000762939453,25.829999923706055,25.834999084472656,3695,0.0,0.0
2024-07-24 15:40:00-04:00,25.864999771118164,25.899999618530273,25.84000015258789,25.8799991607666,3486,0.0,0.0
2024-07-24 15:45:00-04:00,25.8799991607666,25.8799991607666,25.81999969482422,25.844999313354492,4432,0.0,0.0
2024-07-24 15:50:00-04:00,25.860000610351562,25.860000610351562,25.68000030517578,25.68000030517578,12706,0.0,0.0
2024-07-24 15:55:00-04:00,25.655000686645508,25.790000915527344,25.6299991607666,25.76099967956543,26004,0.0,0.0
2024-07-25 09:30:00-04:00,25.399999618530273,25.524999618530273,25.299999237060547,25.524999618530273,9689,0.0,0.0
2024-07-25 09:35:00-04:00,25.5,25.5,25.219999313354492,25.25,6099,0.0,0.0
2024-07-25 09:40:00-04:00,25.139999389648438,25.379899978637695,25.139999389648438,25.290000915527344,5316,0.0,0.0
2024-07-25 09:45:00-04:00,25.229999542236328,25.233400344848633,24.920000076293945,25.020000457763672,6054,0.0,0.0
2024-07-25 09:50:00-04:00,25.065000534057617,25.065000534057617,24.98390007019043,24.98390007019043,861,0.0,0.0
2024-07-25 09:55:00-04:00,24.889999389648438,24.969999313354492,24.639999389648438,24.950000762939453,8409,0.0,0.0
2024-07-25 10:00:00-04:00,24.885000228881836,24.93000030517578,24.799999237060547,24.899999618530273,5329,0.0,0.0
2024-07-25 10:05:00-04:00,24.90999984741211,24.90999984741211,24.809999465942383,24.83799934387207,6805,0.0,0.0
2024-07-25 10:10:00-04:00,24.780000686645508,24.899999618530273,24.729999542236328,24.899999618530273,14193,0.0,0.0
2024-07-25 10:15:00-04:00,24.790000915527344,25.110000610351562,24.790000915527344,25.059999465942383,6765,0.0,0.0
2024-07-25 10:20:00-04:00,25.125,25.15999984741211,25.059999465942383,25.100000381469727,3061,0.0,0.0
2024-07-25 10:25:00-04:00,25.149999618530273,25.260000228881836,25.110000610351562,25.190000534057617,4384,0.0,0.0
2024-07-25 10:30:00-04:00,25.219999313354492,25.219999313354492,25.059999465942383,25.059999465942383,3264,0.0,0.0
2024-07-25 10:35:00-04:00,24.989999771118164,25.110000610351562,24.93000030517578,25.010000228881836,12913,0.0,0.0
2024-07-25 10:40:00-04:00,25.0,25.079999923706055,25.0,25.024999618530273,1777,0.0,0.0
2024-07-25 10:45:00-04:00,25.079999923706055,25.18000030517578,25.079999923706055,25.18000030517578,2810,0.0,0.0
2024-07-25 10:50:00-04:00,25.170000076293945,25.200000762939453,25.170000076293945,25.200000762939453,6671,0.0,0.0
2024-07-25 10:55:00-04:00,25.190000534057617,25.25,25.18000030517578,25.2450008392334,2544,0.0,0.0
2024-07-25 11:00:00-04:00,25.350000381469727,25.479999542236328,25.350000381469727,25.479999542236328,2069,0.0,0.0
2024-07-25 11:05:00-04:00,25.530000686645508,25.53580093383789,25.530000686645508,25.53580093383789,3341,0.0,0.0
2024-07-25 11:10:00-04:00,25.670000076293945,25.670000076293945,25.610000610351562,25.610000610351562,1437,0.0,0.0
2024-07-25 11:15:00-04:00,25.469999313354492,25.469999313354492,25.469999313354492,25.469999313354492,2964,0.0,0.0
2024-07-25 11:20:00-04:00,25.559999465942383,25.559999465942383,25.510000228881836,25.510000228881836,1448,0.0,0.0
2024-07-25 11:25:00-04:00,25.545000076293945,25.545000076293945,25.545000076293945,25.545000076293945,296,0.0,0.0
2024-07-25 11:30:00-04:00,25.540000915527344,25.600000381469727,25.540000915527344,25.600000381469727,892,0.0,0.0
2024-07-25 11:35:00-04:00,25.649999618530273,25.649999618530273,25.649999618530273,25.649999618530273,1319,0.0,0.0
2024-07-25 11:40:00-04:00,25.70599937438965,25.709999084472656,25.70599937438965,25.709999084472656,401,0.0,0.0
2024-07-25 11:45:00-04:00,25.709999084472656,25.709999084472656,25.670000076293945,25.670000076293945,1386,0.0,0.0
2024-07-25 11:50:00-04:00,25.75,25.75,25.725000381469727,25.725000381469727,1018,0.0,0.0
2024-07-25 11:55:00-04:00,25.75,25.760000228881836,25.728599548339844,25.75,3675,0.0,0.0
2024-07-25 12:00:00-04:00,25.75,25.75,25.75,25.75,151,0.0,0.0
2024-07-25 12:05:00-04:00,25.709999084472656,25.725000381469727,25.68000030517578,25.708999633789062,3840,0.0,0.0
2024-07-25 12:15:00-04:00,25.760000228881836,25.81999969482422,25.760000228881836,25.81999969482422,3269,0.0,0.0
2024-07-25 12:20:00-04:00,25.8700008392334,25.8799991607666,25.8700008392334,25.8799991607666,622,0.0,0.0
2024-07-25 12:25:00-04:00,25.899999618530273,25.899999618530273,25.87809944152832,25.899999618530273,2705,0.0,0.0
2024-07-25 12:35:00-04:00,25.950000762939453,25.959999084472656,25.950000762939453,25.959999084472656,2336,0.0,0.0
2024-07-25 12:45:00-04:00,25.989999771118164,25.989999771118164,25.969999313354492,25.969999313354492,1111,0.0,0.0
2024-07-25 12:50:00-04:00,25.986299514770508,25.989999771118164,25.986299514770508,25.989999771118164,2398,0.0,0.0
2024-07-25 13:00:00-04:00,26.014999389648438,26.014999389648438,26.000699996948242,26.000699996948242,1200,0.0,0.0
2024-07-25 13:05:00-04:00,25.979999542236328,26.010000228881836,25.959999084472656,26.010000228881836,1086,0.0,0.0
2024-07-25 13:10:00-04:00,25.989999771118164,25.989999771118164,25.979999542236328,25.979999542236328,410,0.0,0.0
2024-07-25 13:15:00-04:00,25.950000762939453,25.950000762939453,25.899999618530273,25.899999618530273,1342,0.0,0.0
2024-07-25 13:20:00-04:00,25.889999389648438,25.889999389648438,25.850000381469727,25.850000381469727,1162,0.0,0.0
2024-07-25 13:25:00-04:00,25.84000015258789,25.850000381469727,25.834999084472656,25.834999084472656,2051,0.0,0.0
2024-07-25 13:30:00-04:00,25.850000381469727,25.889999389648438,25.850000381469727,25.885000228881836,1151,0.0,0.0
2024-07-25 13:35:00-04:00,25.8700008392334,25.93000030517578,25.8700008392334,25.93000030517578,1084,0.0,0.0
2024-07-25 13:40:00-04:00,25.989999771118164,25.989999771118164,25.954999923706055,25.954999923706055,854,0.0,0.0
2024-07-25 13:45:00-04:00,25.959999084472656,25.989999771118164,25.950000762939453,25.989999771118164,752,0.0,0.0
2024-07-25 13:50:00-04:00,25.950000762939453,25.989999771118164,25.950000762939453,25.969999313354492,1905,0.0,0.0
2024-07-25 13:55:00-04:00,25.975000381469727,26.010000228881836,25.968700408935547,25.968700408935547,1376,0.0,0.0
2024-07-25 14:00:00-04:00,25.979999542236328,26.036500930786133,25.979999542236328,26.036500930786133,2036,0.0,0.0
2024-07-25 14:05:00-04:00,26.03499984741211,26.075000762939453,26.03499984741211,26.071800231933594,1772,0.0,0.0
2024-07-25 14:10:00-04:00,26.0,26.0,25.920000076293945,25.93000030517578,2390,0.0,0.0
2024-07-25 14:20:00-04:00,25.889999389648438,25.915000915527344,25.8799991607666,25.889999389648438,3616,0.0,0.0
2024-07-25 14:30:00-04:00,25.809999465942383,25.809999465942383,25.809999465942383,25.809999465942383,580,0.0,0.0
2024-07-25 14:35:00-04:00,25.799999237060547,25.815000534057617,25.739999771118164,25.739999771118164,1377,0.0,0.0
2024-07-25 14:40:00-04:00,25.719999313354492,25.719999313354492,25.719999313354492,25.719999313354492,1238,0.0,0.0
2024-07-25 14:45:00-04:00,25.59000015258789,25.59000015258789,25.579999923706055,25.579999923706055,553,0.0,0.0
2024-07-25 14:50:00-04:00,25.610000610351562,25.610000610351562,25.610000610351562,25.610000610351562,2703,0.0,0.0
2024-07-25 14:55:00-04:00,25.690000534057617,25.69499969482422,25.690000534057617,25.69499969482422,847,0.0,0.0
2024-07-25 15:00:00-04:00,25.700000762939453,25.700000762939453,25.700000762939453,25.700000762939453,1443,0.0,0.0
2024-07-25 15:05:00-04:00,25.770000457763672,25.799999237060547,25.729999542236328,25.729999542236328,2229,0.0,0.0
2024-07-25 15:10:00-04:00,25.729999542236328,25.75,25.729999542236328,25.75,1378,0.0,0.0
2024-07-25 15:15:00-04:00,25.760000228881836,25.770000457763672,25.760000228881836,25.760000228881836,1033,0.0,0.0
2024-07-25 15:20:00-04:00,25.760000228881836,25.809999465942383,25.75,25.75,1891,0.0,0.0
2024-07-25 15:25:00-04:00,25.75,25.790000915527344,25.75,25.760000228881836,1491,0.0,0.0
2024-07-25 15:30:00-04:00,25.75,25.780000686645508,25.729999542236328,25.780000686645508,3124,0.0,0.0
2024-07-25 15:35:00-04:00,25.78499984741211,25.78499984741211,25.75,25.760000228881836,2423,0.0,0.0
2024-07-25 15:40:00-04:00,25.780000686645508,25.780000686645508,25.690000534057617,25.690000534057617,4815,0.0,0.0
2024-07-25 15:45:00-04:00,25.649999618530273,25.649999618530273,25.628000259399414,25.6299991607666,3364,0.0,0.0
2024-07-25 15:50:00-04:00,25.6299991607666,25.68000030517578,25.610000610351562,25.649999618530273,4665,0.0,0.0
2024-07-25 15:55:00-04:00,25.649999618530273,25.65999984741211,25.56999969482422,25.600000381469727,13468,0.0,0.0
2024-07-26 09:30:00-04:00,26.0,26.049999237060547,25.889999389648438,25.950000762939453,3961,0.0,0.0
2024-07-26 09:35:00-04:00,26.040000915527344,26.100000381469727,26.040000915527344,26.100000381469727,596,0.0,0.0
2024-07-26 09:40:00-04:00,26.149999618530273,26.15999984741211,26.149999618530273,26.15999984741211,842,0.0,0.0
2024-07-26 09:45:00-04:00,26.19499969482422,26.347400665283203,26.170000076293945,26.170000076293945,943,0.0,0.0
2024-07-26 09:50:00-04:00,26.139999389648438,26.259899139404297,26.1299991607666,26.259899139404297,1944,0.0,0.0
2024-07-26 09:55:00-04:00,26.270000457763672,26.290000915527344,26.239999771118164,26.270000457763672,1716,0.0,0.0
2024-07-26 10:00:00-04:00,26.364999771118164,26.424999237060547,26.364999771118164,26.424999237060547,2092,0.0,0.0
2024-07-26 10:05:00-04:00,26.43000030517578,26.440000534057617,26.290000915527344,26.290000915527344,5122,0.0,0.0
2024-07-26 10:15:00-04:00,26.329999923706055,26.34000015258789,26.299100875854492,26.299999237060547,420,0.0,0.0
2024-07-26 10:20:00-04:00,26.34000015258789,26.399999618530273,26.34000015258789,26.399999618530273,1575,0.0,0.0
2024-07-26 10:25:00-04:00,26.334999084472656,26.420000076293945,26.280000686645508,26.280000686645508,2111,0.0,0.0
2024-07-26 10:30:00-04:00,26.250999450683594,26.250999450683594,26.149999618530273,26.170000076293945,1313,0.0,0.0
2024-07-26 10:35:00-04:00,26.170000076293945,26.25,26.170000076293945,26.204999923706055,901,0.0,0.0
2024-07-26 10:40:00-04:00,26.280000686645508,26.299999237060547,26.280000686645508,26.299999237060547,1821,0.0,0.0
2024-07-26 10:45:00-04:00,26.360000610351562,26.3799991607666,26.290000915527344,26.290000915527344,1378,0.0,0.0
2024-07-26 10:50:00-04:00,26.25,26.25,26.15999984741211,26.15999984741211,1436,0.0,0.0
2024-07-26 10:55:00-04:00,26.200000762939453,26.239999771118164,26.200000762939453,26.239999771118164,630,0.0,0.0
2024-07-26 11:00:00-04:00,26.229999542236328,26.229999542236328,26.229999542236328,26.229999542236328,750,0.0,0.0
2024-07-26 11:10:00-04:00,26.149999618530273,26.165000915527344,26.149999618530273,26.165000915527344,262,0.0,0.0
2024-07-26 11:15:00-04:00,26.1200008392334,26.1200008392334,26.110000610351562,26.110000610351562,627,0.0,0.0
2024-07-26 11:20:00-04:00,26.1200008392334,26.135000228881836,26.1200008392334,26.135000228881836,539,0.0,0.0
2024-07-26 11:25:00-04:00,26.079999923706055,26.079999923706055,26.079999923706055,26.079999923706055,142,0.0,0.0
2024-07-26 11:30:00-04:00,26.1200008392334,26.1200008392334,26.1200008392334,26.1200008392334,170,0.0,0.0
2024-07-26 11:35:00-04:00,26.1200008392334,26.131399154663086,26.1200008392334,26.131399154663086,569,0.0,0.0
2024-07-26 11:40:00-04:00,26.15999984741211,26.225000381469727,26.15999984741211,26.225000381469727,1271,0.0,0.0
2024-07-26 11:45:00-04:00,26.190000534057617,26.190000534057617,26.17959976196289,26.17959976196289,1413,0.0,0.0
2024-07-26 11:55:00-04:00,26.229999542236328,26.229999542236328,26.229999542236328,26.229999542236328,258,0.0,0.0
2024-07-26 12:00:00-04:00,26.299999237060547,26.299999237060547,26.299999237060547,26.299999237060547,613,0.0,0.0
2024-07-26 12:10:00-04:00,26.280000686645508,26.280000686645508,26.280000686645508,26.280000686645508,549,0.0,0.0
2024-07-26 12:15:00-04:00,26.260000228881836,26.260000228881836,26.260000228881836,26.260000228881836,289,0.0,0.0
2024-07-26 12:35:00-04:00,26.260000228881836,26.260000228881836,26.227100372314453,26.227100372314453,1594,0.0,0.0
2024-07-26 12:40:00-04:00,26.229999542236328,26.299999237060547,26.229999542236328,26.290000915527344,1636,0.0,0.0
2024-07-26 13:00:00-04:00,26.295000076293945,26.295000076293945,26.295000076293945,26.295000076293945,247,0.0,0.0
2024-07-26 13:05:00-04:00,26.27400016784668,26.27400016784668,26.27400016784668,26.27400016784668,443,0.0,0.0
2024-07-26 13:10:00-04:00,26.31999969482422,26.31999969482422,26.28499984741211,26.295000076293945,620,0.0,0.0
2024-07-26 13:20:00-04:00,26.290000915527344,26.290000915527344,26.270000457763672,26.270000457763672,513,0.0,0.0
2024-07-26 13:25:00-04:00,26.309999465942383,26.360000610351562,26.309999465942383,26.360000610351562,1358,0.0,0.0
2024-07-26 13:30:00-04:00,26.3799991607666,26.3799991607666,26.350000381469727,26.360000610351562,2614,0.0,0.0
2024-07-26 13:35:00-04:00,26.350000381469727,26.360000610351562,26.329999923706055,26.329999923706055,1262,0.0,0.0
2024-07-26 13:40:00-04:00,26.3799991607666,26.450000762939453,26.350000381469727,26.450000762939453,1949,0.0,0.0
2024-07-26 13:45:00-04:00,26.399999618530273,26.454999923706055,26.399999618530273,26.454999923706055,740,0.0,0.0
2024-07-26 13:50:00-04:00,26.450000762939453,26.450000762939453,26.450000762939453,26.450000762939453,265,0.0,0.0
2024-07-26 13:55:00-04:00,26.469999313354492,26.469999313354492,26.459999084472656,26.459999084472656,1094,0.0,0.0
2024-07-26 14:00:00-04:00,26.469999313354492,26.469999313354492,26.459999084472656,26.459999084472656,1037,0.0,0.0
2024-07-26 14:05:00-04:00,26.46500015258789,26.469999313354492,26.46500015258789,26.469999313354492,726,0.0,0.0
2024-07-26 14:10:00-04:00,26.479999542236328,26.479999542236328,26.459999084472656,26.459999084472656,2199,0.0,0.0
2024-07-26 14:15:00-04:00,26.450000762939453,26.450000762939453,26.360000610351562,26.360000610351562,2147,0.0,0.0
2024-07-26 14:20:00-04:00,26.31999969482422,26.350000381469727,26.31999969482422,26.350000381469727,847,0.0,0.0
2024-07-26 14:25:00-04:00,26.3799991607666,26.399999618530273,26.3799991607666,26.399999618530273,1047,0.0,0.0
2024-07-26 14:30:00-04:00,26.3700008392334,26.389999389648438,26.3700008392334,26.389999389648438,426,0.0,0.0
2024-07-26 14:35:00-04:00,26.400800704956055,26.400800704956055,26.400800704956055,26.400800704956055,614,0.0,0.0
2024-07-26 14:40:00-04:00,26.34709930419922,26.34709930419922,26.34709930419922,26.34709930419922,205,0.0,0.0
2024-07-26 14:45:00-04:00,26.3981990814209,26.3981990814209,26.375,26.375,655,0.0,0.0
2024-07-26 14:50:00-04:00,26.360000610351562,26.378999710083008,26.360000610351562,26.360000610351562,1951,0.0,0.0
2024-07-26 14:55:00-04:00,26.34000015258789,26.34000015258789,26.329999923706055,26.329999923706055,1031,0.0,0.0
2024-07-26 15:00:00-04:00,26.329999923706055,26.329999923706055,26.31999969482422,26.31999969482422,502,0.0,0.0
2024-07-26 15:05:00-04:00,26.31999969482422,26.31999969482422,26.309999465942383,26.309999465942383,844,0.0,0.0
2024-07-26 15:10:00-04:00,26.334999084472656,26.34000015258789,26.334999084472656,26.34000015258789,1177,0.0,0.0
2024-07-26 15:15:00-04:00,26.3700008392334,26.3700008392334,26.350000381469727,26.350000381469727,1134,0.0,0.0
2024-07-26 15:25:00-04:00,26.389999389648438,26.389999389648438,26.389999389648438,26.389999389648438,726,0.0,0.0
2024-07-26 15:30:00-04:00,26.350000381469727,26.364999771118164,26.309999465942383,26.309999465942383,2234,0.0,0.0
2024-07-26 15:35:00-04:00,26.325000762939453,26.3700008392334,26.325000762939453,26.360000610351562,3992,0.0,0.0
2024-07-26 15:40:00-04:00,26.320999145507812,26.360000610351562,26.320999145507812,26.350000381469727,1821,0.0,0.0
2024-07-26 15:45:00-04:00,26.389699935913086,26.420000076293945,26.389699935913086,26.40999984741211,2260,0.0,0.0
2024-07-26 15:50:00-04:00,26.40999984741211,26.450000762939453,26.350000381469727,26.350000381469727,4843,0.0,0.0
2024-07-26 15:55:00-04:00,26.364999771118164,26.43000030517578,26.299999237060547,26.399999618530273,13061,0.0,0.0
