Datetime,Open,High,Low,Close,Volume,Dividends,Stock Splits
2022-09-29 09:00:00+08:00,151.5,152.5,151.0,152.5,0,0.0,0.0
2022-09-29 10:00:00+08:00,152.0,152.0,151.5,151.5,6359,0.0,0.0
2022-09-29 11:00:00+08:00,151.5,151.5,149.0,149.5,37772,0.0,0.0
2022-09-29 12:00:00+08:00,149.5,152.0,149.0,151.0,38570,0.0,0.0
2022-09-30 09:00:00+08:00,151.0,151.0,149.5,151.0,0,0.0,0.0
2022-09-30 10:00:00+08:00,150.5,150.5,150.0,150.0,5410,0.0,0.0
2022-09-30 11:00:00+08:00,150.0,150.0,150.0,150.0,5416,0.0,0.0
2022-09-30 12:00:00+08:00,150.0,150.0,150.0,150.0,4693,0.0,0.0
2022-09-30 13:00:00+08:00,150.0,150.5,150.0,150.5,2215,0.0,0.0
2022-10-03 09:00:00+08:00,150.0,151.0,149.5,149.5,0,0.0,0.0
2022-10-03 10:00:00+08:00,150.0,150.0,149.5,149.5,6340,0.0,0.0
2022-10-03 11:00:00+08:00,150.0,150.0,150.0,150.0,3521,0.0,0.0
2022-10-03 13:00:00+08:00,150.5,151.0,150.5,151.0,2100,0.0,0.0
2022-10-04 09:00:00+08:00,151.0,151.0,151.0,151.0,0,0.0,0.0
2022-10-04 10:00:00+08:00,151.0,151.0,151.0,151.0,1274,0.0,0.0
2022-10-04 11:00:00+08:00,152.0,152.0,152.0,152.0,1225,0.0,0.0
2022-10-04 12:00:00+08:00,152.0,153.0,152.0,153.0,2282,0.0,0.0
2022-10-04 13:00:00+08:00,153.5,153.5,153.5,153.5,1043,0.0,0.0
2022-10-05 09:00:00+08:00,153.0,154.0,153.0,153.0,0,0.0,0.0
2022-10-05 11:00:00+08:00,153.0,153.0,153.0,153.0,1060,0.0,0.0
2022-10-05 12:00:00+08:00,153.0,153.0,153.0,153.0,1980,0.0,0.0
2022-10-05 13:00:00+08:00,152.5,152.5,152.5,152.5,3098,0.0,0.0
2022-10-06 09:00:00+08:00,154.0,155.0,154.0,155.0,0,0.0,0.0
2022-10-06 10:00:00+08:00,153.0,153.0,153.0,153.0,1402,0.0,0.0
2022-10-07 13:00:00+08:00,153.0,153.0,153.0,153.0,0,0.0,0.0
2022-10-11 09:00:00+08:00,152.5,152.5,150.5,150.5,8988,0.0,0.0
2022-10-11 10:00:00+08:00,150.5,151.5,150.0,151.5,4706,0.0,0.0
2022-10-11 11:00:00+08:00,151.5,151.5,151.5,151.5,1055,0.0,0.0
2022-10-11 12:00:00+08:00,151.0,151.0,150.5,150.5,3787,0.0,0.0
2022-10-11 13:00:00+08:00,150.5,150.5,150.5,150.5,2574,0.0,0.0
2022-10-12 10:00:00+08:00,151.0,151.5,151.0,151.5,3489,0.0,0.0
2022-10-12 11:00:00+08:00,151.0,151.0,151.0,151.0,1064,0.0,0.0
2022-10-12 12:00:00+08:00,151.5,152.0,151.5,152.0,5874,0.0,0.0
2022-10-12 13:00:00+08:00,152.0,152.0,152.0,152.0,1080,0.0,0.0
2022-10-13 09:00:00+08:00,151.0,151.0,151.0,151.0,0,0.0,0.0
2022-10-13 10:00:00+08:00,150.5,150.5,149.0,150.0,17589,0.0,0.0
2022-10-13 11:00:00+08:00,150.0,150.0,149.5,150.0,4512,0.0,0.0
2022-10-13 12:00:00+08:00,150.0,150.0,150.0,150.0,5948,0.0,0.0
2022-10-13 13:00:00+08:00,149.5,149.5,148.5,149.0,23910,0.0,0.0
2022-10-14 09:00:00+08:00,150.0,150.0,148.5,149.5,0,0.0,0.0
2022-10-14 10:00:00+08:00,149.5,149.5,149.5,149.5,7040,0.0,0.0
2022-10-14 11:00:00+08:00,149.5,149.5,149.5,149.5,3289,0.0,0.0
2022-10-14 12:00:00+08:00,149.5,149.5,149.5,149.5,2174,0.0,0.0
2022-10-14 13:00:00+08:00,149.5,149.5,148.5,148.5,6774,0.0,0.0
2022-10-17 09:00:00+08:00,148.0,148.5,148.0,148.5,0,0.0,0.0
2022-10-17 10:00:00+08:00,148.0,148.0,148.0,148.0,8234,0.0,0.0
2022-10-17 11:00:00+08:00,147.5,147.5,147.5,147.5,5713,0.0,0.0
2022-10-17 12:00:00+08:00,147.5,147.5,147.0,147.0,11575,0.0,0.0
2022-10-17 13:00:00+08:00,147.0,147.0,147.0,147.0,2980,0.0,0.0
2022-10-18 09:00:00+08:00,148.0,148.0,148.0,148.0,0,0.0,0.0
2022-10-18 10:00:00+08:00,147.5,147.5,147.5,147.5,2447,0.0,0.0
2022-10-18 11:00:00+08:00,147.5,147.5,147.5,147.5,2377,0.0,0.0
2022-10-18 12:00:00+08:00,147.0,148.0,147.0,148.0,3904,0.0,0.0
2022-10-18 13:00:00+08:00,148.5,148.5,148.5,148.5,2033,0.0,0.0
2022-10-19 09:00:00+08:00,148.0,148.0,148.0,148.0,0,0.0,0.0
2022-10-19 10:00:00+08:00,147.5,148.5,147.5,148.0,4070,0.0,0.0
2022-10-19 11:00:00+08:00,147.5,147.5,147.5,147.5,4851,0.0,0.0
2022-10-19 12:00:00+08:00,147.5,147.5,147.5,147.5,4199,0.0,0.0
2022-10-20 09:00:00+08:00,148.0,148.0,148.0,148.0,0,0.0,0.0
2022-10-20 10:00:00+08:00,147.5,147.5,146.0,146.5,12542,0.0,0.0
2022-10-20 11:00:00+08:00,146.5,146.5,146.5,146.5,3706,0.0,0.0
2022-10-20 12:00:00+08:00,146.0,146.0,144.0,145.0,32726,0.0,0.0
2022-10-20 13:00:00+08:00,145.0,145.0,145.0,145.0,2068,0.0,0.0
2022-10-21 09:00:00+08:00,144.5,144.5,136.0,138.0,22313,0.0,0.0
2022-10-21 10:00:00+08:00,138.5,139.0,138.0,139.0,18283,0.0,0.0
2022-10-21 11:00:00+08:00,138.5,138.5,138.0,138.5,22238,0.0,0.0
2022-10-21 12:00:00+08:00,138.5,138.5,138.0,138.0,20734,0.0,0.0
2022-10-21 13:00:00+08:00,138.0,138.0,136.5,136.5,37045,0.0,0.0
2022-10-24 09:00:00+08:00,137.0,144.5,135.5,135.5,0,0.0,0.0
2022-10-24 10:00:00+08:00,135.5,137.5,135.5,137.5,7638,0.0,0.0
2022-10-24 11:00:00+08:00,137.5,138.0,137.5,138.0,7132,0.0,0.0
2022-10-24 12:00:00+08:00,138.0,138.0,138.0,138.0,2453,0.0,0.0
2022-10-24 13:00:00+08:00,138.5,139.0,138.5,139.0,4162,0.0,0.0
2022-10-25 09:00:00+08:00,139.0,139.0,136.0,136.0,0,0.0,0.0
2022-10-25 10:00:00+08:00,136.0,136.0,135.5,135.5,14773,0.0,0.0
2022-10-25 11:00:00+08:00,135.5,136.0,135.5,136.0,11037,0.0,0.0
2022-10-25 13:00:00+08:00,136.5,136.5,136.5,136.5,2128,0.0,0.0
2022-10-26 09:00:00+08:00,140.0,140.0,135.0,135.5,0,0.0,0.0
2022-10-26 10:00:00+08:00,136.0,136.0,136.0,136.0,1000,0.0,0.0
2022-10-26 11:00:00+08:00,136.0,136.0,136.0,136.0,1437,0.0,0.0
2022-10-26 13:00:00+08:00,136.5,136.5,136.0,136.0,2166,0.0,0.0
2022-10-27 09:00:00+08:00,137.0,137.5,137.0,137.5,2015,0.0,0.0
2022-10-27 10:00:00+08:00,137.0,137.0,137.0,137.0,3168,0.0,0.0
2022-10-27 13:00:00+08:00,137.0,137.0,137.0,137.0,1368,0.0,0.0
2022-10-28 10:00:00+08:00,137.0,137.0,136.0,136.0,8667,0.0,0.0
2022-10-28 11:00:00+08:00,137.0,137.0,136.5,136.5,3081,0.0,0.0
2022-10-28 12:00:00+08:00,136.5,136.5,136.5,136.5,1532,0.0,0.0
2022-10-28 13:00:00+08:00,136.5,136.5,136.5,136.5,2217,0.0,0.0
2022-10-31 10:00:00+08:00,137.0,137.0,137.0,137.0,3613,0.0,0.0
2022-10-31 11:00:00+08:00,137.0,137.0,137.0,137.0,1531,0.0,0.0
2022-10-31 12:00:00+08:00,138.0,138.0,138.0,138.0,2160,0.0,0.0
2022-11-01 09:00:00+08:00,137.0,137.0,137.0,137.0,0,0.0,0.0
2022-11-01 10:00:00+08:00,138.5,138.5,138.5,138.5,2045,0.0,0.0
2022-11-01 11:00:00+08:00,139.0,139.0,139.0,139.0,1093,0.0,0.0
2022-11-01 12:00:00+08:00,139.0,139.0,138.5,138.5,3336,0.0,0.0
2022-11-02 10:00:00+08:00,139.0,139.0,139.0,139.0,0,0.0,0.0
2022-11-02 12:00:00+08:00,139.5,139.5,139.5,139.5,1897,0.0,0.0
2022-11-02 13:00:00+08:00,139.0,139.0,139.0,139.0,2089,0.0,0.0
2022-11-03 09:00:00+08:00,138.0,138.0,138.0,138.0,0,0.0,0.0
2022-11-03 10:00:00+08:00,139.0,139.5,139.0,139.5,2742,0.0,0.0
2022-11-03 11:00:00+08:00,139.5,139.5,139.5,139.5,3445,0.0,0.0
2022-11-03 12:00:00+08:00,139.0,139.5,139.0,139.0,4256,0.0,0.0
2022-11-03 13:00:00+08:00,139.0,139.0,138.5,138.5,3047,0.0,0.0
2022-11-04 10:00:00+08:00,138.5,138.5,138.5,138.5,7,0.0,0.0
2022-11-04 11:00:00+08:00,138.5,138.5,138.5,138.5,1272,0.0,0.0
2022-11-04 12:00:00+08:00,139.0,139.0,139.0,139.0,3284,0.0,0.0
2022-11-04 13:00:00+08:00,139.0,139.0,139.0,139.0,2280,0.0,0.0
2022-11-07 09:00:00+08:00,138.0,138.0,136.0,136.0,8593,0.0,0.0
2022-11-07 10:00:00+08:00,136.5,136.5,136.5,136.5,6286,0.0,0.0
2022-11-07 11:00:00+08:00,136.5,136.5,136.0,136.0,20574,0.0,0.0
2022-11-07 12:00:00+08:00,136.5,136.5,136.0,136.5,4990,0.0,0.0
2022-11-07 13:00:00+08:00,136.0,136.5,136.0,136.5,11918,0.0,0.0
2022-11-08 09:00:00+08:00,136.0,136.0,136.0,136.0,0,0.0,0.0
2022-11-08 12:00:00+08:00,137.0,137.0,137.0,137.0,4252,0.0,0.0
2022-11-09 09:00:00+08:00,137.0,137.0,137.0,137.0,0,0.0,0.0
2022-11-09 10:00:00+08:00,138.0,139.0,137.5,139.0,7495,0.0,0.0
2022-11-09 11:00:00+08:00,139.0,139.0,139.0,139.0,2618,0.0,0.0
2022-11-09 12:00:00+08:00,139.5,139.5,139.5,139.5,2077,0.0,0.0
2022-11-10 09:00:00+08:00,139.0,139.0,137.5,138.0,0,0.0,0.0
2022-11-10 10:00:00+08:00,138.5,138.5,138.5,138.5,2053,0.0,0.0
2022-11-10 11:00:00+08:00,138.5,138.5,138.5,138.5,3549,0.0,0.0
2022-11-10 13:00:00+08:00,139.0,139.0,138.5,139.0,4303,0.0,0.0
2022-11-11 09:00:00+08:00,139.5,139.5,139.0,139.0,0,0.0,0.0
2022-11-11 10:00:00+08:00,138.5,139.0,138.5,139.0,7773,0.0,0.0
2022-11-11 11:00:00+08:00,139.0,139.0,139.0,139.0,2056,0.0,0.0
2022-11-11 12:00:00+08:00,138.5,138.5,138.5,138.5,3297,0.0,0.0
2022-11-11 13:00:00+08:00,138.5,138.5,138.5,138.5,6860,0.0,0.0
2022-11-14 09:00:00+08:00,138.0,138.0,138.0,138.0,0,0.0,0.0
2022-11-14 10:00:00+08:00,139.0,139.0,138.5,138.5,2595,0.0,0.0
2022-11-14 12:00:00+08:00,138.5,138.5,138.0,138.0,4240,0.0,0.0
2022-11-14 13:00:00+08:00,138.0,138.5,138.0,138.5,3715,0.0,0.0
2022-11-15 10:00:00+08:00,138.0,138.0,138.0,138.0,1430,0.0,0.0
2022-11-15 11:00:00+08:00,139.0,140.0,139.0,140.0,11637,0.0,0.0
2022-11-15 12:00:00+08:00,140.0,140.5,140.0,140.0,4856,0.0,0.0
2022-11-15 13:00:00+08:00,140.5,141.0,140.5,141.0,3420,0.0,0.0
2022-11-16 12:00:00+08:00,141.0,141.0,140.5,140.5,4806,0.0,0.0
2022-11-16 13:00:00+08:00,140.0,141.0,140.0,141.0,3091,0.0,0.0
2022-11-17 09:00:00+08:00,141.5,141.5,141.5,141.5,0,0.0,0.0
2022-11-17 10:00:00+08:00,141.5,141.5,141.5,141.5,1047,0.0,0.0
2022-11-17 12:00:00+08:00,142.0,142.0,141.5,141.5,4231,0.0,0.0
2022-11-17 13:00:00+08:00,141.5,141.5,141.5,141.5,1000,0.0,0.0
2022-11-18 09:00:00+08:00,141.0,141.0,141.0,141.0,0,0.0,0.0
2022-11-18 11:00:00+08:00,141.0,141.0,140.5,140.5,2471,0.0,0.0
2022-11-18 12:00:00+08:00,141.0,142.0,141.0,142.0,3061,0.0,0.0
2022-11-18 13:00:00+08:00,142.0,142.0,141.5,141.5,2040,0.0,0.0
2022-11-21 09:00:00+08:00,142.0,142.0,142.0,142.0,0,0.0,0.0
2022-11-21 10:00:00+08:00,142.0,142.0,142.0,142.0,2915,0.0,0.0
2022-11-21 11:00:00+08:00,142.5,142.5,142.5,142.5,1000,0.0,0.0
2022-11-21 12:00:00+08:00,142.5,142.5,142.5,142.5,4234,0.0,0.0
2022-11-21 13:00:00+08:00,142.0,142.0,142.0,142.0,1077,0.0,0.0
2022-11-22 09:00:00+08:00,142.5,142.5,142.0,142.0,0,0.0,0.0
2022-11-22 11:00:00+08:00,142.0,142.0,142.0,142.0,1716,0.0,0.0
2022-11-22 12:00:00+08:00,142.0,142.0,141.5,141.5,2588,0.0,0.0
2022-11-23 09:00:00+08:00,142.0,142.0,142.0,142.0,0,0.0,0.0
2022-11-23 10:00:00+08:00,142.0,142.0,142.0,142.0,2098,0.0,0.0
2022-11-23 11:00:00+08:00,142.0,142.0,142.0,142.0,2426,0.0,0.0
2022-11-23 13:00:00+08:00,142.0,142.5,142.0,142.0,4120,0.0,0.0
2022-11-24 09:00:00+08:00,142.0,142.0,141.0,141.0,0,0.0,0.0
2022-11-24 10:00:00+08:00,140.5,140.5,140.0,140.5,7073,0.0,0.0
2022-11-24 11:00:00+08:00,140.5,140.5,140.5,140.5,1000,0.0,0.0
2022-11-24 12:00:00+08:00,141.0,141.0,141.0,141.0,3190,0.0,0.0
2022-11-24 13:00:00+08:00,140.5,141.0,140.5,141.0,8453,0.0,0.0
2022-11-25 09:00:00+08:00,141.5,141.5,141.5,141.5,0,0.0,0.0
2022-11-25 11:00:00+08:00,142.5,142.5,142.5,142.5,1377,0.0,0.0
2022-11-25 12:00:00+08:00,142.5,142.5,142.5,142.5,2090,0.0,0.0
2022-11-25 13:00:00+08:00,142.0,142.0,140.0,140.0,19100,0.0,0.0
2022-11-28 10:00:00+08:00,141.0,141.0,141.0,141.0,134,0.0,0.0
2022-11-28 12:00:00+08:00,142.0,142.0,142.0,142.0,1131,0.0,0.0
2022-11-28 13:00:00+08:00,142.0,142.0,141.0,141.5,3000,0.0,0.0
2022-11-29 12:00:00+08:00,140.0,140.0,140.0,140.0,5641,0.0,0.0
2022-11-30 13:00:00+08:00,141.5,141.5,141.5,141.5,0,0.0,0.0
2022-12-01 10:00:00+08:00,142.5,142.5,142.0,142.0,10758,0.0,0.0
2022-12-01 11:00:00+08:00,142.0,142.0,142.0,142.0,2933,0.0,0.0
2022-12-01 12:00:00+08:00,142.0,142.0,142.0,142.0,2311,0.0,0.0
2022-12-02 09:00:00+08:00,142.5,142.5,142.5,142.5,0,0.0,0.0
2022-12-02 10:00:00+08:00,142.5,142.5,142.5,142.5,3235,0.0,0.0
2022-12-02 11:00:00+08:00,142.0,142.0,142.0,142.0,1138,0.0,0.0
2022-12-02 12:00:00+08:00,142.5,142.5,142.5,142.5,1235,0.0,0.0
2022-12-02 13:00:00+08:00,142.5,143.0,142.5,142.5,3195,0.0,0.0
2022-12-05 09:00:00+08:00,141.0,141.0,140.5,140.5,0,0.0,0.0
2022-12-05 10:00:00+08:00,141.0,142.0,141.0,141.5,8682,0.0,0.0
2022-12-05 11:00:00+08:00,141.5,141.5,141.5,141.5,1357,0.0,0.0
2022-12-05 12:00:00+08:00,142.0,142.0,141.5,141.5,2555,0.0,0.0
2022-12-05 13:00:00+08:00,141.5,141.5,141.0,141.0,7843,0.0,0.0
2022-12-06 09:00:00+08:00,142.0,142.0,142.0,142.0,0,0.0,0.0
2022-12-06 10:00:00+08:00,142.0,142.0,142.0,142.0,1040,0.0,0.0
2022-12-06 11:00:00+08:00,142.0,142.0,141.5,141.5,5306,0.0,0.0
2022-12-06 12:00:00+08:00,141.5,141.5,141.0,141.0,2655,0.0,0.0
2022-12-06 13:00:00+08:00,141.5,141.5,141.0,141.0,2018,0.0,0.0
2022-12-07 09:00:00+08:00,141.0,142.0,141.0,142.0,0,0.0,0.0
2022-12-07 10:00:00+08:00,142.0,142.0,142.0,142.0,1194,0.0,0.0
2022-12-07 11:00:00+08:00,142.0,142.0,142.0,142.0,2192,0.0,0.0
2022-12-07 12:00:00+08:00,142.0,142.5,142.0,142.0,5267,0.0,0.0
2022-12-08 09:00:00+08:00,142.0,142.0,142.0,142.0,0,0.0,0.0
2022-12-08 10:00:00+08:00,142.0,142.0,142.0,142.0,1036,0.0,0.0
2022-12-08 12:00:00+08:00,141.5,141.5,141.5,141.5,3097,0.0,0.0
2022-12-08 13:00:00+08:00,142.0,142.5,142.0,142.5,5005,0.0,0.0
2022-12-09 09:00:00+08:00,143.0,143.0,143.0,143.0,0,0.0,0.0
2022-12-09 10:00:00+08:00,143.0,143.0,143.0,143.0,2537,0.0,0.0
2022-12-09 12:00:00+08:00,143.0,143.0,142.5,142.5,2532,0.0,0.0
2022-12-09 13:00:00+08:00,143.5,143.5,143.5,143.5,2060,0.0,0.0
2022-12-12 09:00:00+08:00,143.0,143.0,143.0,143.0,0,0.0,0.0
2022-12-13 09:00:00+08:00,143.0,143.0,143.0,143.0,0,0.0,0.0
2022-12-13 10:00:00+08:00,142.5,142.5,142.5,142.5,4368,0.0,0.0
2022-12-13 11:00:00+08:00,143.0,144.0,143.0,144.0,7099,0.0,0.0
2022-12-13 12:00:00+08:00,144.0,144.0,143.5,143.5,6096,0.0,0.0
2022-12-13 13:00:00+08:00,143.5,143.5,143.5,143.5,1078,0.0,0.0
2022-12-14 09:00:00+08:00,144.0,144.0,144.0,144.0,0,0.0,0.0
2022-12-14 10:00:00+08:00,144.0,144.5,144.0,144.5,4152,0.0,0.0
2022-12-14 11:00:00+08:00,144.5,144.5,144.5,144.5,2873,0.0,0.0
2022-12-14 13:00:00+08:00,144.5,144.5,144.5,144.5,1078,0.0,0.0
2022-12-15 09:00:00+08:00,144.5,144.5,144.5,144.5,0,0.0,0.0
2022-12-15 12:00:00+08:00,144.5,144.5,143.5,143.5,5545,0.0,0.0
2022-12-15 13:00:00+08:00,144.5,144.5,144.5,144.5,2010,0.0,0.0
2022-12-16 11:00:00+08:00,144.5,144.5,144.5,144.5,0,0.0,0.0
2022-12-19 09:00:00+08:00,143.5,143.5,143.5,143.5,0,0.0,0.0
2022-12-19 10:00:00+08:00,143.5,143.5,143.5,143.5,1561,0.0,0.0
2022-12-19 11:00:00+08:00,143.5,143.5,143.5,143.5,1128,0.0,0.0
2022-12-19 13:00:00+08:00,143.5,143.5,143.5,143.5,3199,0.0,0.0
2022-12-20 09:00:00+08:00,143.0,143.0,143.0,143.0,0,0.0,0.0
2022-12-20 11:00:00+08:00,143.0,143.0,142.5,142.5,6532,0.0,0.0
2022-12-20 12:00:00+08:00,142.0,142.0,141.0,141.0,13008,0.0,0.0
2022-12-20 13:00:00+08:00,141.0,141.0,140.5,140.5,9094,0.0,0.0
2022-12-21 09:00:00+08:00,143.0,143.0,143.0,143.0,0,0.0,0.0
2022-12-21 11:00:00+08:00,143.0,143.0,143.0,143.0,2125,0.0,0.0
2022-12-23 09:00:00+08:00,143.0,143.0,143.0,143.0,0,0.0,0.0
2022-12-23 10:00:00+08:00,143.0,143.0,143.0,143.0,1351,0.0,0.0
2022-12-23 12:00:00+08:00,143.5,144.0,143.5,144.0,7727,0.0,0.0
2022-12-26 09:00:00+08:00,146.0,146.0,145.0,145.0,0,0.0,0.0
2022-12-26 10:00:00+08:00,145.5,145.5,145.0,145.5,3838,0.0,0.0
2022-12-26 12:00:00+08:00,145.0,145.0,145.0,145.0,1876,0.0,0.0
2022-12-27 10:00:00+08:00,145.0,145.0,145.0,145.0,0,0.0,0.0
2022-12-27 13:00:00+08:00,144.5,144.5,144.5,144.5,2027,0.0,0.0
2022-12-28 09:00:00+08:00,144.5,144.5,144.5,144.5,0,0.0,0.0
2022-12-28 10:00:00+08:00,144.0,145.5,144.0,145.5,8632,0.0,0.0
2022-12-28 11:00:00+08:00,144.5,144.5,144.5,144.5,1205,0.0,0.0
2022-12-29 09:00:00+08:00,144.5,144.5,143.5,143.5,0,0.0,0.0
2022-12-29 10:00:00+08:00,143.5,144.0,142.5,142.5,6524,0.0,0.0
2022-12-29 11:00:00+08:00,142.5,142.5,142.5,142.5,1854,0.0,0.0
2022-12-30 13:00:00+08:00,144.0,144.0,143.5,143.5,2149,0.0,0.0
2023-01-03 09:00:00+08:00,143.5,143.5,143.5,143.5,0,0.0,0.0
2023-01-03 10:00:00+08:00,143.0,143.0,143.0,143.0,2341,0.0,0.0
2023-01-03 11:00:00+08:00,143.0,143.0,143.0,143.0,5240,0.0,0.0
2023-01-04 09:00:00+08:00,143.0,143.0,143.0,143.0,7224,0.0,0.0
2023-01-04 11:00:00+08:00,144.0,144.0,144.0,144.0,1871,0.0,0.0
2023-01-04 12:00:00+08:00,144.0,144.0,144.0,144.0,1285,0.0,0.0
2023-01-04 13:00:00+08:00,143.0,143.0,142.5,142.5,7000,0.0,0.0
2023-01-05 09:00:00+08:00,143.0,143.0,143.0,143.0,0,0.0,0.0
2023-01-05 10:00:00+08:00,143.0,143.0,142.5,142.5,3756,0.0,0.0
2023-01-05 11:00:00+08:00,142.5,142.5,142.5,142.5,1183,0.0,0.0
2023-01-05 13:00:00+08:00,142.5,143.5,142.5,143.5,4769,0.0,0.0
2023-01-06 09:00:00+08:00,143.0,143.0,142.5,142.5,0,0.0,0.0
2023-01-06 10:00:00+08:00,143.0,143.0,143.0,143.0,1080,0.0,0.0
2023-01-06 11:00:00+08:00,143.0,143.0,143.0,143.0,1009,0.0,0.0
2023-01-06 12:00:00+08:00,143.0,143.0,142.5,142.5,3664,0.0,0.0
2023-01-09 09:00:00+08:00,143.5,143.5,143.0,143.0,0,0.0,0.0
2023-01-09 10:00:00+08:00,143.0,143.0,142.5,142.5,5928,0.0,0.0
2023-01-09 12:00:00+08:00,142.5,142.5,142.5,142.5,1428,0.0,0.0
2023-01-09 13:00:00+08:00,142.5,142.5,142.5,142.5,2044,0.0,0.0
2023-01-10 09:00:00+08:00,142.5,142.5,142.0,142.5,0,0.0,0.0
2023-01-10 10:00:00+08:00,142.5,142.5,141.5,142.0,15311,0.0,0.0
2023-01-10 11:00:00+08:00,143.0,143.0,143.0,143.0,7316,0.0,0.0
2023-01-10 12:00:00+08:00,142.5,142.5,142.5,142.5,2171,0.0,0.0
2023-01-10 13:00:00+08:00,142.5,142.5,142.0,142.0,4000,0.0,0.0
2023-01-11 09:00:00+08:00,142.5,142.5,141.0,141.0,0,0.0,0.0
2023-01-11 10:00:00+08:00,141.5,141.5,141.5,141.5,2384,0.0,0.0
2023-01-11 11:00:00+08:00,142.0,142.0,142.0,142.0,4322,0.0,0.0
2023-01-11 12:00:00+08:00,142.0,142.0,142.0,142.0,2968,0.0,0.0
2023-01-12 09:00:00+08:00,142.0,142.0,142.0,142.0,0,0.0,0.0
2023-01-12 10:00:00+08:00,142.0,142.0,142.0,142.0,4118,0.0,0.0
2023-01-12 11:00:00+08:00,141.5,141.5,141.5,141.5,3592,0.0,0.0
2023-01-13 09:00:00+08:00,142.5,142.5,142.0,142.0,0,0.0,0.0
2023-01-13 10:00:00+08:00,142.0,142.0,142.0,142.0,2826,0.0,0.0
2023-01-13 11:00:00+08:00,142.0,142.0,141.5,141.5,13963,0.0,0.0
2023-01-13 12:00:00+08:00,141.5,141.5,141.0,141.0,8336,0.0,0.0
2023-01-13 13:00:00+08:00,141.0,141.0,141.0,141.0,2665,0.0,0.0
2023-01-16 09:00:00+08:00,141.0,141.5,141.0,141.5,0,0.0,0.0
2023-01-16 10:00:00+08:00,141.0,141.0,141.0,141.0,1483,0.0,0.0
2023-01-16 11:00:00+08:00,142.0,142.0,141.5,141.5,4025,0.0,0.0
2023-01-16 12:00:00+08:00,141.5,142.0,141.5,142.0,2110,0.0,0.0
2023-01-16 13:00:00+08:00,142.0,142.0,142.0,142.0,1000,0.0,0.0
2023-01-17 09:00:00+08:00,142.0,142.0,141.5,141.5,0,0.0,0.0
2023-01-17 10:00:00+08:00,141.5,142.0,141.5,142.0,3351,0.0,0.0
2023-01-17 11:00:00+08:00,142.0,142.0,142.0,142.0,3104,0.0,0.0
2023-01-17 12:00:00+08:00,142.0,142.0,141.5,142.0,6085,0.0,0.0
2023-01-17 13:00:00+08:00,142.5,142.5,142.5,142.5,1014,0.0,0.0
2023-01-30 09:00:00+08:00,142.5,142.5,142.0,142.5,0,0.0,0.0
2023-01-30 10:00:00+08:00,143.0,143.0,142.5,142.5,4096,0.0,0.0
2023-01-30 11:00:00+08:00,142.0,142.5,142.0,142.5,3215,0.0,0.0
2023-01-30 12:00:00+08:00,142.5,143.0,142.5,143.0,5563,0.0,0.0
2023-01-30 13:00:00+08:00,142.5,142.5,142.5,142.5,4308,0.0,0.0
2023-01-31 09:00:00+08:00,143.0,143.0,142.5,143.0,3616,0.0,0.0
2023-01-31 10:00:00+08:00,142.5,142.5,142.5,142.5,3656,0.0,0.0
2023-01-31 11:00:00+08:00,142.0,142.5,142.0,142.5,3359,0.0,0.0
2023-01-31 12:00:00+08:00,143.0,143.0,143.0,143.0,2292,0.0,0.0
2023-01-31 13:00:00+08:00,143.0,143.0,143.0,143.0,1376,0.0,0.0
2023-02-01 09:00:00+08:00,143.0,143.0,143.0,143.0,3000,0.0,0.0
2023-02-01 10:00:00+08:00,142.5,143.0,142.5,143.0,7493,0.0,0.0
2023-02-01 11:00:00+08:00,143.0,143.0,143.0,143.0,2675,0.0,0.0
2023-02-01 12:00:00+08:00,143.0,143.0,143.0,143.0,5598,0.0,0.0
2023-02-01 13:00:00+08:00,143.0,143.0,143.0,143.0,1490,0.0,0.0
2023-02-02 09:00:00+08:00,143.5,143.5,143.0,143.0,3792,0.0,0.0
2023-02-02 10:00:00+08:00,143.0,143.0,143.0,143.0,4376,0.0,0.0
2023-02-02 11:00:00+08:00,143.5,143.5,143.5,143.5,1162,0.0,0.0
2023-02-02 12:00:00+08:00,143.5,143.5,143.5,143.5,4499,0.0,0.0
2023-02-02 13:00:00+08:00,143.5,143.5,143.5,143.5,0,0.0,0.0
2023-02-03 10:00:00+08:00,144.5,144.5,144.0,144.5,7759,0.0,0.0
2023-02-03 11:00:00+08:00,145.0,145.0,144.5,144.5,3439,0.0,0.0
2023-02-03 12:00:00+08:00,144.5,144.5,144.0,144.0,2925,0.0,0.0
2023-02-03 13:00:00+08:00,144.0,144.5,144.0,144.5,2240,0.0,0.0
2023-02-06 09:00:00+08:00,144.5,144.5,144.0,144.0,0,0.0,0.0
2023-02-06 10:00:00+08:00,144.0,144.0,143.5,143.5,4892,0.0,0.0
2023-02-06 11:00:00+08:00,144.0,145.0,144.0,145.0,2498,0.0,0.0
2023-02-06 12:00:00+08:00,145.0,145.0,144.5,144.5,3267,0.0,0.0
2023-02-06 13:00:00+08:00,145.0,145.0,145.0,145.0,1715,0.0,0.0
2023-02-07 09:00:00+08:00,145.0,145.5,145.0,145.5,0,0.0,0.0
2023-02-07 10:00:00+08:00,145.5,146.0,145.5,146.0,11411,0.0,0.0
2023-02-07 11:00:00+08:00,145.5,146.0,145.5,146.0,12327,0.0,0.0
2023-02-07 12:00:00+08:00,145.5,146.0,145.5,146.0,7972,0.0,0.0
2023-02-07 13:00:00+08:00,145.5,145.5,145.5,145.5,1595,0.0,0.0
2023-02-08 09:00:00+08:00,147.0,147.0,145.5,145.5,0,0.0,0.0
2023-02-08 10:00:00+08:00,145.5,146.0,145.5,146.0,3537,0.0,0.0
2023-02-08 11:00:00+08:00,146.0,146.0,146.0,146.0,1123,0.0,0.0
2023-02-08 12:00:00+08:00,147.0,147.0,146.5,147.0,6350,0.0,0.0
2023-02-08 13:00:00+08:00,146.0,146.0,146.0,146.0,2274,0.0,0.0
2023-02-09 09:00:00+08:00,147.0,147.0,145.5,145.5,0,0.0,0.0
2023-02-09 10:00:00+08:00,145.5,145.5,145.5,145.5,2331,0.0,0.0
2023-02-09 11:00:00+08:00,145.5,146.0,145.5,146.0,6009,0.0,0.0
2023-02-09 13:00:00+08:00,146.0,146.0,146.0,146.0,1425,0.0,0.0
2023-02-10 09:00:00+08:00,145.5,145.5,145.5,145.5,0,0.0,0.0
2023-02-10 10:00:00+08:00,145.5,145.5,145.5,145.5,3942,0.0,0.0
2023-02-10 11:00:00+08:00,145.5,145.5,145.5,145.5,13973,0.0,0.0
2023-02-10 12:00:00+08:00,145.5,145.5,145.5,145.5,7283,0.0,0.0
2023-02-13 11:00:00+08:00,145.5,145.5,145.5,145.5,4130,0.0,0.0
2023-02-13 12:00:00+08:00,145.5,146.0,145.5,146.0,2889,0.0,0.0
2023-02-13 13:00:00+08:00,145.5,145.5,145.5,145.5,2252,0.0,0.0
2023-02-14 09:00:00+08:00,147.5,147.5,147.5,147.5,0,0.0,0.0
2023-02-14 10:00:00+08:00,146.5,146.5,146.0,146.0,6965,0.0,0.0
2023-02-14 11:00:00+08:00,146.0,146.0,146.0,146.0,3650,0.0,0.0
2023-02-14 12:00:00+08:00,146.0,147.0,146.0,147.0,8816,0.0,0.0
2023-02-14 13:00:00+08:00,146.5,146.5,146.5,146.5,1915,0.0,0.0
2023-02-15 09:00:00+08:00,145.5,145.5,145.0,145.0,0,0.0,0.0
2023-02-15 10:00:00+08:00,145.0,145.0,145.0,145.0,3623,0.0,0.0
2023-02-15 11:00:00+08:00,145.5,145.5,145.0,145.0,8305,0.0,0.0
2023-02-15 13:00:00+08:00,145.0,145.0,145.0,145.0,1218,0.0,0.0
2023-02-16 11:00:00+08:00,145.0,145.0,145.0,145.0,4687,0.0,0.0
2023-02-16 12:00:00+08:00,145.0,146.0,145.0,146.0,7263,0.0,0.0
2023-02-17 09:00:00+08:00,146.0,146.0,145.0,145.5,0,0.0,0.0
2023-02-17 11:00:00+08:00,145.0,145.0,145.0,145.0,3157,0.0,0.0
2023-02-17 12:00:00+08:00,145.0,145.0,145.0,145.0,1659,0.0,0.0
2023-02-20 09:00:00+08:00,145.0,145.0,145.0,145.0,3285,0.0,0.0
2023-02-20 10:00:00+08:00,145.0,145.0,145.0,145.0,1203,0.0,0.0
2023-02-20 11:00:00+08:00,145.5,145.5,145.5,145.5,1204,0.0,0.0
2023-02-20 12:00:00+08:00,145.5,145.5,145.0,145.5,6305,0.0,0.0
2023-02-21 09:00:00+08:00,145.5,145.5,145.0,145.0,0,0.0,0.0
2023-02-21 10:00:00+08:00,145.0,145.0,145.0,145.0,3848,0.0,0.0
2023-02-21 11:00:00+08:00,145.5,151.5,145.5,145.5,22633,0.0,0.0
2023-02-21 12:00:00+08:00,146.0,146.0,145.5,146.0,3357,0.0,0.0
2023-02-21 13:00:00+08:00,146.0,146.0,146.0,146.0,3060,0.0,0.0
2023-02-22 09:00:00+08:00,146.5,146.5,145.5,146.5,0,0.0,0.0
2023-02-22 10:00:00+08:00,145.5,145.5,145.0,145.0,5292,0.0,0.0
2023-02-22 11:00:00+08:00,145.0,145.0,145.0,145.0,1147,0.0,0.0
2023-02-22 12:00:00+08:00,145.0,145.0,145.0,145.0,2562,0.0,0.0
2023-02-22 13:00:00+08:00,145.5,145.5,145.5,145.5,1009,0.0,0.0
2023-02-23 09:00:00+08:00,146.5,146.5,146.5,146.5,0,0.0,0.0
2023-02-23 10:00:00+08:00,145.5,147.0,145.5,147.0,5329,0.0,0.0
2023-02-23 11:00:00+08:00,146.0,146.0,146.0,146.0,6726,0.0,0.0
2023-02-23 12:00:00+08:00,146.0,146.0,146.0,146.0,1250,0.0,0.0
2023-02-23 13:00:00+08:00,146.0,146.0,145.5,145.5,3502,0.0,0.0
2023-02-24 09:00:00+08:00,145.5,145.5,145.0,145.0,0,0.0,0.0
2023-02-24 12:00:00+08:00,145.5,146.0,145.0,146.0,5973,0.0,0.0
2023-03-01 09:00:00+08:00,145.5,145.5,145.0,145.5,0,0.0,0.0
2023-03-01 10:00:00+08:00,145.5,146.0,145.5,146.0,6680,0.0,0.0
2023-03-01 11:00:00+08:00,145.5,146.0,145.5,146.0,2002,0.0,0.0
2023-03-01 13:00:00+08:00,146.0,146.0,146.0,146.0,1589,0.0,0.0
2023-03-02 09:00:00+08:00,145.5,146.0,145.5,145.5,0,0.0,0.0
2023-03-02 10:00:00+08:00,145.5,145.5,145.5,145.5,1017,0.0,0.0
2023-03-02 11:00:00+08:00,145.5,146.0,145.5,145.5,6198,0.0,0.0
2023-03-02 12:00:00+08:00,145.5,146.0,145.5,146.0,4125,0.0,0.0
2023-03-02 13:00:00+08:00,145.5,145.5,145.5,145.5,1102,0.0,0.0
2023-03-03 09:00:00+08:00,145.0,145.0,143.5,144.0,12973,0.0,0.0
2023-03-03 10:00:00+08:00,144.0,144.0,144.0,144.0,4052,0.0,0.0
2023-03-03 11:00:00+08:00,143.5,144.0,143.5,144.0,2996,0.0,0.0
2023-03-03 12:00:00+08:00,144.0,145.0,144.0,144.0,4874,0.0,0.0
2023-03-03 13:00:00+08:00,145.0,145.0,144.0,144.0,14000,0.0,0.0
2023-03-06 09:00:00+08:00,145.0,145.0,143.5,144.5,0,0.0,0.0
2023-03-06 10:00:00+08:00,144.5,144.5,144.5,144.5,1518,0.0,0.0
2023-03-06 11:00:00+08:00,144.5,144.5,144.5,144.5,7320,0.0,0.0
2023-03-06 12:00:00+08:00,144.5,144.5,144.0,144.5,13946,0.0,0.0
2023-03-06 13:00:00+08:00,144.5,144.5,144.5,144.5,1064,0.0,0.0
2023-03-07 09:00:00+08:00,145.0,145.5,145.0,145.0,0,0.0,0.0
2023-03-07 10:00:00+08:00,145.5,145.5,145.5,145.5,4981,0.0,0.0
2023-03-07 11:00:00+08:00,145.0,145.0,144.0,144.0,20219,0.0,0.0
2023-03-07 12:00:00+08:00,144.0,144.5,144.0,144.5,2161,0.0,0.0
2023-03-08 09:00:00+08:00,144.0,144.0,144.0,144.0,0,0.0,0.0
2023-03-08 10:00:00+08:00,144.0,144.5,144.0,144.5,5000,0.0,0.0
2023-03-08 11:00:00+08:00,144.0,144.5,144.0,144.5,3505,0.0,0.0
2023-03-08 12:00:00+08:00,144.5,144.5,144.0,144.0,4737,0.0,0.0
2023-03-09 09:00:00+08:00,144.0,144.0,144.0,144.0,2361,0.0,0.0
2023-03-09 10:00:00+08:00,144.0,145.0,144.0,145.0,2367,0.0,0.0
2023-03-09 12:00:00+08:00,144.5,144.5,144.5,144.5,4404,0.0,0.0
2023-03-09 13:00:00+08:00,145.0,145.0,145.0,145.0,1254,0.0,0.0
2023-03-10 09:00:00+08:00,145.0,145.0,144.5,145.0,0,0.0,0.0
2023-03-10 10:00:00+08:00,144.5,144.5,144.5,144.5,2263,0.0,0.0
2023-03-10 11:00:00+08:00,145.0,145.0,144.0,144.0,8760,0.0,0.0
2023-03-10 12:00:00+08:00,144.5,144.5,144.5,144.5,2489,0.0,0.0
2023-03-10 13:00:00+08:00,144.5,144.5,144.5,144.5,1097,0.0,0.0
2023-03-13 09:00:00+08:00,144.0,144.0,144.0,144.0,0,0.0,0.0
2023-03-13 10:00:00+08:00,144.0,144.0,144.0,144.0,3114,0.0,0.0
2023-03-13 11:00:00+08:00,144.0,144.0,144.0,144.0,5576,0.0,0.0
2023-03-14 09:00:00+08:00,144.0,144.0,143.0,143.0,0,0.0,0.0
2023-03-14 11:00:00+08:00,143.5,143.5,143.5,143.5,4256,0.0,0.0
2023-03-14 12:00:00+08:00,143.5,143.5,143.5,143.5,3468,0.0,0.0
2023-03-15 09:00:00+08:00,144.0,144.0,143.5,143.5,0,0.0,0.0
2023-03-15 12:00:00+08:00,144.0,144.0,144.0,144.0,1568,0.0,0.0
2023-03-15 13:00:00+08:00,144.0,144.0,144.0,144.0,1000,0.0,0.0
2023-03-16 09:00:00+08:00,144.0,144.0,143.0,143.0,7011,0.0,0.0
2023-03-16 10:00:00+08:00,143.0,143.0,143.0,143.0,5705,0.0,0.0
2023-03-16 11:00:00+08:00,143.0,143.0,143.0,143.0,6484,0.0,0.0
2023-03-16 12:00:00+08:00,143.0,143.0,142.5,143.0,7455,0.0,0.0
2023-03-16 13:00:00+08:00,143.5,143.5,143.5,143.5,3040,0.0,0.0
2023-03-17 09:00:00+08:00,142.5,142.5,142.5,142.5,0,0.0,0.0
2023-03-17 10:00:00+08:00,143.0,143.0,143.0,143.0,1000,0.0,0.0
2023-03-17 12:00:00+08:00,143.0,143.5,143.0,143.5,3883,0.0,0.0
2023-03-17 13:00:00+08:00,144.0,145.5,144.0,145.5,9643,0.0,0.0
2023-03-20 09:00:00+08:00,145.0,145.0,143.5,143.5,0,0.0,0.0
2023-03-20 10:00:00+08:00,143.0,143.5,143.0,143.5,4738,0.0,0.0
2023-03-20 11:00:00+08:00,144.0,144.0,143.0,143.0,8812,0.0,0.0
2023-03-20 12:00:00+08:00,143.5,143.5,143.5,143.5,1206,0.0,0.0
2023-03-20 13:00:00+08:00,143.5,143.5,143.5,143.5,2190,0.0,0.0
2023-03-21 09:00:00+08:00,143.0,143.0,143.0,143.0,0,0.0,0.0
2023-03-21 10:00:00+08:00,143.0,143.0,143.0,143.0,6897,0.0,0.0
2023-03-21 11:00:00+08:00,143.5,143.5,143.0,143.0,2124,0.0,0.0
2023-03-21 12:00:00+08:00,143.0,143.0,143.0,143.0,10647,0.0,0.0
2023-03-21 13:00:00+08:00,143.0,143.0,143.0,143.0,1382,0.0,0.0
2023-03-22 09:00:00+08:00,143.0,143.5,143.0,143.5,0,0.0,0.0
2023-03-22 12:00:00+08:00,143.5,143.5,143.5,143.5,2488,0.0,0.0
2023-03-22 13:00:00+08:00,144.0,144.0,144.0,144.0,0,0.0,0.0
2023-03-23 09:00:00+08:00,144.0,144.0,144.0,144.0,2502,0.0,0.0
2023-03-23 10:00:00+08:00,144.0,144.0,143.5,143.5,4620,0.0,0.0
2023-03-23 13:00:00+08:00,143.5,143.5,143.5,143.5,7976,0.0,0.0
2023-03-24 09:00:00+08:00,144.0,144.0,144.0,144.0,0,0.0,0.0
2023-03-24 10:00:00+08:00,144.0,144.0,143.5,144.0,8176,0.0,0.0
2023-03-24 11:00:00+08:00,144.0,144.0,144.0,144.0,2756,0.0,0.0
2023-03-24 13:00:00+08:00,144.0,144.0,144.0,144.0,5184,0.0,0.0
2023-03-27 09:00:00+08:00,144.0,144.5,144.0,144.5,0,0.0,0.0
2023-03-27 10:00:00+08:00,144.5,144.5,144.0,144.0,6548,0.0,0.0
2023-03-27 12:00:00+08:00,144.0,144.5,144.0,144.5,8367,0.0,0.0
2023-03-27 13:00:00+08:00,144.5,144.5,144.5,144.5,0,0.0,0.0
2023-03-28 11:00:00+08:00,144.0,144.5,144.0,144.5,7560,0.0,0.0
2023-03-28 12:00:00+08:00,144.5,144.5,144.5,144.5,2605,0.0,0.0
2023-03-28 13:00:00+08:00,144.5,144.5,144.5,144.5,1166,0.0,0.0
2023-03-29 09:00:00+08:00,144.5,144.5,144.0,144.0,0,0.0,0.0
2023-03-29 10:00:00+08:00,144.5,144.5,144.5,144.5,1069,0.0,0.0
2023-03-29 11:00:00+08:00,144.5,145.0,144.5,145.0,20230,0.0,0.0
2023-03-29 12:00:00+08:00,145.5,145.5,144.5,144.5,9288,0.0,0.0
2023-03-30 09:00:00+08:00,144.0,144.0,143.5,143.5,0,0.0,0.0
2023-03-30 10:00:00+08:00,143.5,143.5,143.5,143.5,3434,0.0,0.0
2023-03-30 11:00:00+08:00,144.0,144.0,144.0,144.0,2186,0.0,0.0
2023-03-30 12:00:00+08:00,144.0,144.5,144.0,144.5,2000,0.0,0.0
2023-03-30 13:00:00+08:00,144.0,144.0,144.0,144.0,1587,0.0,0.0
2023-03-31 09:00:00+08:00,144.0,144.0,144.0,144.0,0,0.0,0.0
2023-03-31 10:00:00+08:00,144.5,145.0,144.5,145.0,4319,0.0,0.0
2023-03-31 11:00:00+08:00,144.5,144.5,144.5,144.5,2145,0.0,0.0
2023-03-31 12:00:00+08:00,144.5,144.5,144.0,144.5,4071,0.0,0.0
2023-04-06 09:00:00+08:00,144.5,145.5,144.5,145.0,0,0.0,0.0
2023-04-06 10:00:00+08:00,145.0,145.5,145.0,145.0,5504,0.0,0.0
2023-04-06 11:00:00+08:00,145.0,145.5,145.0,145.5,3947,0.0,0.0
2023-04-06 12:00:00+08:00,145.0,145.0,145.0,145.0,5100,0.0,0.0
2023-04-06 13:00:00+08:00,145.5,145.5,145.0,145.0,3043,0.0,0.0
2023-04-07 11:00:00+08:00,145.0,145.0,145.0,145.0,2051,0.0,0.0
2023-04-07 12:00:00+08:00,145.0,145.5,145.0,145.5,3067,0.0,0.0
2023-04-07 13:00:00+08:00,146.0,146.0,146.0,146.0,1077,0.0,0.0
2023-04-10 09:00:00+08:00,146.0,146.0,145.5,145.5,1317,0.0,0.0
2023-04-10 10:00:00+08:00,146.0,147.0,146.0,146.5,10354,0.0,0.0
2023-04-10 11:00:00+08:00,147.0,148.0,146.5,146.5,7419,0.0,0.0
2023-04-10 12:00:00+08:00,146.0,146.0,146.0,146.0,1478,0.0,0.0
2023-04-10 13:00:00+08:00,147.0,147.0,147.0,147.0,1322,0.0,0.0
2023-04-11 09:00:00+08:00,146.0,146.5,145.5,146.5,7624,0.0,0.0
2023-04-11 10:00:00+08:00,145.5,146.5,145.5,145.5,8706,0.0,0.0
2023-04-11 11:00:00+08:00,145.5,145.5,145.0,145.0,6227,0.0,0.0
2023-04-11 12:00:00+08:00,145.0,145.5,145.0,145.5,7229,0.0,0.0
2023-04-11 13:00:00+08:00,145.5,145.5,145.5,145.5,1133,0.0,0.0
2023-04-12 09:00:00+08:00,143.5,143.5,142.0,142.5,98444,0.0,0.0
2023-04-12 10:00:00+08:00,142.5,143.0,142.0,142.5,29923,0.0,0.0
2023-04-12 11:00:00+08:00,142.5,143.0,142.5,143.0,10466,0.0,0.0
2023-04-12 12:00:00+08:00,142.5,143.0,142.5,143.0,18070,0.0,0.0
2023-04-12 13:00:00+08:00,143.0,143.0,142.5,143.0,8753,0.0,0.0
2023-04-13 09:00:00+08:00,142.5,142.5,142.0,142.5,0,0.0,0.0
2023-04-13 10:00:00+08:00,142.5,142.5,142.5,142.5,5201,0.0,0.0
2023-04-13 11:00:00+08:00,143.0,143.0,142.5,143.0,6365,0.0,0.0
2023-04-13 12:00:00+08:00,143.0,143.0,142.5,143.0,19172,0.0,0.0
2023-04-13 13:00:00+08:00,143.0,143.0,143.0,143.0,3170,0.0,0.0
2023-04-14 09:00:00+08:00,143.0,143.5,143.0,143.5,0,0.0,0.0
2023-04-14 10:00:00+08:00,143.5,143.5,143.0,143.0,9560,0.0,0.0
2023-04-14 11:00:00+08:00,143.0,143.5,143.0,143.5,6425,0.0,0.0
2023-04-14 12:00:00+08:00,143.5,143.5,143.0,143.0,13628,0.0,0.0
2023-04-17 09:00:00+08:00,143.0,143.5,143.0,143.5,0,0.0,0.0
2023-04-17 10:00:00+08:00,144.0,144.0,143.5,143.5,12907,0.0,0.0
2023-04-17 11:00:00+08:00,143.5,143.5,143.5,143.5,6846,0.0,0.0
2023-04-17 12:00:00+08:00,143.5,144.0,143.5,144.0,17280,0.0,0.0
2023-04-17 13:00:00+08:00,144.0,144.0,144.0,144.0,5124,0.0,0.0
2023-04-18 09:00:00+08:00,144.0,144.0,144.0,144.0,0,0.0,0.0
2023-04-18 10:00:00+08:00,144.0,144.0,144.0,144.0,2696,0.0,0.0
2023-04-18 11:00:00+08:00,144.5,144.5,144.5,144.5,7079,0.0,0.0
2023-04-18 12:00:00+08:00,144.5,144.5,144.0,144.5,12043,0.0,0.0
2023-04-19 09:00:00+08:00,144.5,145.0,144.5,144.5,0,0.0,0.0
2023-04-19 10:00:00+08:00,144.5,144.5,144.0,144.0,3371,0.0,0.0
2023-04-19 11:00:00+08:00,144.5,144.5,144.0,144.0,8575,0.0,0.0
2023-04-19 12:00:00+08:00,144.0,144.0,144.0,144.0,5489,0.0,0.0
2023-04-19 13:00:00+08:00,144.0,144.5,144.0,144.5,6729,0.0,0.0
2023-04-20 09:00:00+08:00,144.0,144.0,143.5,143.5,0,0.0,0.0
2023-04-20 10:00:00+08:00,143.5,143.5,143.5,143.5,4333,0.0,0.0
2023-04-20 11:00:00+08:00,143.5,144.0,143.5,143.5,11363,0.0,0.0
2023-04-20 12:00:00+08:00,143.0,143.0,143.0,143.0,4748,0.0,0.0
2023-04-20 13:00:00+08:00,143.5,143.5,143.0,143.0,9010,0.0,0.0
2023-04-21 09:00:00+08:00,143.5,143.5,143.0,143.0,0,0.0,0.0
2023-04-21 10:00:00+08:00,143.0,143.0,142.5,142.5,23057,0.0,0.0
2023-04-21 11:00:00+08:00,142.5,142.5,142.0,142.5,17270,0.0,0.0
2023-04-21 12:00:00+08:00,142.5,143.0,142.5,142.5,12684,0.0,0.0
2023-04-21 13:00:00+08:00,142.5,142.5,142.0,142.5,8126,0.0,0.0
2023-04-24 09:00:00+08:00,142.5,143.0,142.5,142.5,0,0.0,0.0
2023-04-24 10:00:00+08:00,142.5,142.5,142.5,142.5,6183,0.0,0.0
2023-04-24 11:00:00+08:00,142.5,142.5,142.5,142.5,3469,0.0,0.0
2023-04-24 12:00:00+08:00,142.5,142.5,142.5,142.5,1019,0.0,0.0
2023-04-24 13:00:00+08:00,142.5,142.5,142.5,142.5,4161,0.0,0.0
2023-04-25 09:00:00+08:00,142.5,142.5,142.0,142.5,0,0.0,0.0
2023-04-25 10:00:00+08:00,142.5,142.5,142.5,142.5,3401,0.0,0.0
2023-04-25 11:00:00+08:00,142.5,142.5,142.5,142.5,10759,0.0,0.0
2023-04-25 12:00:00+08:00,142.5,142.5,142.5,142.5,2611,0.0,0.0
2023-04-25 13:00:00+08:00,142.0,142.0,142.0,142.0,1733,0.0,0.0
2023-04-26 09:00:00+08:00,142.5,142.5,142.0,142.0,0,0.0,0.0
2023-04-26 10:00:00+08:00,142.5,142.5,142.5,142.5,5082,0.0,0.0
2023-04-26 11:00:00+08:00,142.5,142.5,142.5,142.5,3313,0.0,0.0
2023-04-26 12:00:00+08:00,142.5,142.5,142.5,142.5,1785,0.0,0.0
2023-04-27 09:00:00+08:00,142.0,143.0,142.0,143.0,1145,0.0,0.0
2023-04-27 11:00:00+08:00,143.0,143.0,143.0,143.0,1267,0.0,0.0
2023-04-27 12:00:00+08:00,143.0,143.0,143.0,143.0,3228,0.0,0.0
2023-04-27 13:00:00+08:00,143.5,143.5,143.5,143.5,1229,0.0,0.0
2023-04-28 09:00:00+08:00,143.5,144.0,143.5,144.0,0,0.0,0.0
2023-04-28 10:00:00+08:00,144.0,144.0,143.5,144.0,9097,0.0,0.0
2023-04-28 11:00:00+08:00,144.0,144.5,144.0,144.5,12600,0.0,0.0
2023-05-02 09:00:00+08:00,144.0,144.5,144.0,144.5,0,0.0,0.0
2023-05-02 10:00:00+08:00,144.5,144.5,144.0,144.0,9252,0.0,0.0
2023-05-02 11:00:00+08:00,144.5,144.5,144.0,144.0,9690,0.0,0.0
2023-05-02 12:00:00+08:00,144.5,144.5,144.0,144.5,8057,0.0,0.0
2023-05-02 13:00:00+08:00,144.0,144.0,144.0,144.0,4434,0.0,0.0
2023-05-03 09:00:00+08:00,144.5,144.5,143.5,143.5,0,0.0,0.0
2023-05-03 10:00:00+08:00,144.0,144.5,144.0,144.5,10706,0.0,0.0
2023-05-03 11:00:00+08:00,144.5,145.0,144.5,144.5,13560,0.0,0.0
2023-05-03 12:00:00+08:00,144.5,145.0,144.5,144.5,15973,0.0,0.0
2023-05-03 13:00:00+08:00,144.5,145.0,144.5,145.0,4051,0.0,0.0
2023-05-04 09:00:00+08:00,146.0,146.5,145.5,145.5,0,0.0,0.0
2023-05-04 10:00:00+08:00,145.5,146.0,145.5,146.0,6144,0.0,0.0
2023-05-04 11:00:00+08:00,145.5,146.0,145.5,146.0,2639,0.0,0.0
2023-05-04 12:00:00+08:00,146.0,146.0,145.5,146.0,10369,0.0,0.0
2023-05-04 13:00:00+08:00,146.0,146.0,145.5,146.0,3901,0.0,0.0
2023-05-05 09:00:00+08:00,145.5,145.5,145.5,145.5,0,0.0,0.0
2023-05-05 10:00:00+08:00,145.0,145.0,145.0,145.0,2721,0.0,0.0
2023-05-05 12:00:00+08:00,145.5,145.5,145.5,145.5,3377,0.0,0.0
2023-05-05 13:00:00+08:00,145.0,145.0,145.0,145.0,3408,0.0,0.0
2023-05-08 09:00:00+08:00,145.0,145.0,144.0,145.0,0,0.0,0.0
2023-05-08 10:00:00+08:00,144.5,144.5,144.0,144.5,10707,0.0,0.0
2023-05-08 11:00:00+08:00,144.5,145.0,144.5,145.0,4504,0.0,0.0
2023-05-08 12:00:00+08:00,144.5,145.0,144.5,144.5,10463,0.0,0.0
2023-05-08 13:00:00+08:00,144.5,145.0,144.5,145.0,3181,0.0,0.0
2023-05-09 09:00:00+08:00,144.0,145.0,144.0,145.0,0,0.0,0.0
2023-05-09 10:00:00+08:00,145.0,145.0,144.5,145.0,7122,0.0,0.0
2023-05-09 11:00:00+08:00,144.5,144.5,144.5,144.5,1738,0.0,0.0
2023-05-09 12:00:00+08:00,144.5,144.5,144.0,144.5,19455,0.0,0.0
2023-05-09 13:00:00+08:00,144.0,145.0,144.0,145.0,2202,0.0,0.0
2023-05-10 10:00:00+08:00,144.0,145.0,144.0,145.0,3000,0.0,0.0
2023-05-10 11:00:00+08:00,145.5,145.5,145.0,145.5,5637,0.0,0.0
2023-05-10 12:00:00+08:00,145.0,146.0,145.0,146.0,13417,0.0,0.0
2023-05-10 13:00:00+08:00,145.5,145.5,144.5,144.5,4636,0.0,0.0
2023-05-11 09:00:00+08:00,144.5,144.5,144.5,144.5,0,0.0,0.0
2023-05-11 10:00:00+08:00,144.5,144.5,144.5,144.5,2885,0.0,0.0
2023-05-11 11:00:00+08:00,144.5,144.5,144.5,144.5,2210,0.0,0.0
2023-05-11 12:00:00+08:00,144.5,145.0,144.5,144.5,6586,0.0,0.0
2023-05-11 13:00:00+08:00,144.5,144.5,144.5,144.5,1060,0.0,0.0
2023-05-12 10:00:00+08:00,144.5,144.5,144.5,144.5,3934,0.0,0.0
2023-05-12 13:00:00+08:00,144.0,144.0,144.0,144.0,1090,0.0,0.0
2023-05-15 09:00:00+08:00,144.0,144.0,143.5,143.5,750,0.0,0.0
2023-05-15 10:00:00+08:00,143.5,144.0,143.5,144.0,6103,0.0,0.0
2023-05-15 11:00:00+08:00,144.0,144.0,144.0,144.0,1862,0.0,0.0
2023-05-15 12:00:00+08:00,144.0,144.0,143.5,143.5,4144,0.0,0.0
2023-05-16 09:00:00+08:00,144.5,144.5,144.0,144.0,0,0.0,0.0
2023-05-16 10:00:00+08:00,144.0,144.0,143.5,143.5,11663,0.0,0.0
2023-05-16 11:00:00+08:00,144.5,144.5,144.0,144.0,3070,0.0,0.0
2023-05-16 12:00:00+08:00,144.0,144.0,144.0,144.0,1478,0.0,0.0
2023-05-17 11:00:00+08:00,145.0,145.0,144.0,144.0,2526,0.0,0.0
2023-05-17 12:00:00+08:00,144.0,145.0,144.0,145.0,5200,0.0,0.0
2023-05-17 13:00:00+08:00,144.0,144.0,144.0,144.0,0,0.0,0.0
2023-05-18 09:00:00+08:00,145.0,145.0,144.0,144.0,6545,0.0,0.0
2023-05-18 10:00:00+08:00,145.0,145.0,144.5,144.5,7325,0.0,0.0
2023-05-18 11:00:00+08:00,145.0,145.0,145.0,145.0,3903,0.0,0.0
2023-05-18 12:00:00+08:00,145.0,145.0,145.0,145.0,1370,0.0,0.0
2023-05-18 13:00:00+08:00,145.0,145.0,145.0,145.0,1103,0.0,0.0
2023-05-19 10:00:00+08:00,145.0,145.0,145.0,145.0,2353,0.0,0.0
2023-05-19 11:00:00+08:00,145.0,145.0,145.0,145.0,1545,0.0,0.0
2023-05-19 12:00:00+08:00,145.0,145.5,144.5,145.0,20769,0.0,0.0
2023-05-19 13:00:00+08:00,145.0,145.0,145.0,145.0,6000,0.0,0.0
2023-05-22 09:00:00+08:00,145.0,145.0,144.5,144.5,0,0.0,0.0
2023-05-22 10:00:00+08:00,144.5,144.5,144.5,144.5,2045,0.0,0.0
2023-05-22 11:00:00+08:00,144.5,144.5,144.5,144.5,1877,0.0,0.0
2023-05-22 12:00:00+08:00,144.5,145.0,144.5,144.5,3189,0.0,0.0
2023-05-22 13:00:00+08:00,145.0,145.0,145.0,145.0,0,0.0,0.0
2023-05-23 10:00:00+08:00,144.5,145.0,144.5,145.0,5216,0.0,0.0
2023-05-23 12:00:00+08:00,145.0,145.0,145.0,145.0,2210,0.0,0.0
2023-05-23 13:00:00+08:00,145.0,145.0,145.0,145.0,1361,0.0,0.0
2023-05-24 09:00:00+08:00,145.0,145.0,145.0,145.0,0,0.0,0.0
2023-05-24 10:00:00+08:00,145.0,145.0,145.0,145.0,3011,0.0,0.0
2023-05-24 11:00:00+08:00,145.0,145.5,144.5,145.5,4241,0.0,0.0
2023-05-24 12:00:00+08:00,145.5,145.5,145.5,145.5,1407,0.0,0.0
2023-05-25 09:00:00+08:00,145.0,145.0,145.0,145.0,0,0.0,0.0
2023-05-25 10:00:00+08:00,145.0,145.0,144.5,144.5,4618,0.0,0.0
2023-05-25 11:00:00+08:00,145.0,145.0,144.5,144.5,7152,0.0,0.0
2023-05-25 12:00:00+08:00,145.0,145.5,145.0,145.5,2149,0.0,0.0
2023-05-25 13:00:00+08:00,145.0,145.0,145.0,145.0,5050,0.0,0.0
2023-05-26 09:00:00+08:00,145.0,145.0,145.0,145.0,0,0.0,0.0
2023-05-26 10:00:00+08:00,145.0,145.0,145.0,145.0,3227,0.0,0.0
2023-05-26 11:00:00+08:00,145.0,145.0,145.0,145.0,4262,0.0,0.0
2023-05-26 12:00:00+08:00,145.5,145.5,145.0,145.0,6396,0.0,0.0
2023-05-26 13:00:00+08:00,145.0,145.0,145.0,145.0,5067,0.0,0.0
2023-05-29 09:00:00+08:00,145.0,145.0,145.0,145.0,0,0.0,0.0
2023-05-29 10:00:00+08:00,145.0,145.0,144.5,144.5,11266,0.0,0.0
2023-05-29 11:00:00+08:00,145.0,145.5,145.0,145.5,6304,0.0,0.0
2023-05-29 12:00:00+08:00,145.5,146.0,145.5,145.5,0,0.0,0.0
2023-05-30 09:00:00+08:00,145.5,145.5,145.5,145.5,1567,0.0,0.0
2023-05-30 10:00:00+08:00,145.5,145.5,145.5,145.5,1562,0.0,0.0
2023-05-30 11:00:00+08:00,145.5,145.5,145.5,145.5,2099,0.0,0.0
2023-05-30 12:00:00+08:00,146.0,146.0,146.0,146.0,3030,0.0,0.0
2023-05-30 13:00:00+08:00,145.5,146.0,145.5,146.0,14261,0.0,0.0
2023-05-31 09:00:00+08:00,145.5,145.5,145.5,145.5,0,0.0,0.0
2023-05-31 10:00:00+08:00,145.5,145.5,145.5,145.5,1041,0.0,0.0
2023-05-31 11:00:00+08:00,145.5,145.5,145.5,145.5,3113,0.0,0.0
2023-05-31 12:00:00+08:00,146.0,146.0,145.5,145.5,0,0.0,0.0
2023-06-01 10:00:00+08:00,145.5,145.5,145.5,145.5,1315,0.0,0.0
2023-06-01 11:00:00+08:00,145.5,145.5,145.5,145.5,5486,0.0,0.0
2023-06-01 12:00:00+08:00,145.5,146.0,145.5,145.5,7541,0.0,0.0
2023-06-01 13:00:00+08:00,145.5,146.0,145.5,146.0,2068,0.0,0.0
2023-06-02 09:00:00+08:00,145.0,145.5,145.0,145.0,6631,0.0,0.0
2023-06-02 11:00:00+08:00,145.0,145.0,145.0,145.0,1142,0.0,0.0
2023-06-02 12:00:00+08:00,145.0,146.0,145.0,146.0,2447,0.0,0.0
2023-06-02 13:00:00+08:00,145.5,146.0,145.0,145.0,5010,0.0,0.0
2023-06-05 09:00:00+08:00,145.5,146.0,145.5,146.0,0,0.0,0.0
2023-06-05 10:00:00+08:00,146.0,146.0,145.5,145.5,2672,0.0,0.0
2023-06-05 11:00:00+08:00,145.5,145.5,145.5,145.5,0,0.0,0.0
2023-06-05 12:00:00+08:00,145.5,146.0,145.5,145.5,17005,0.0,0.0
2023-06-05 13:00:00+08:00,146.0,146.0,146.0,146.0,1000,0.0,0.0
2023-06-06 09:00:00+08:00,145.5,145.5,145.5,145.5,0,0.0,0.0
2023-06-06 10:00:00+08:00,146.0,146.0,146.0,146.0,2392,0.0,0.0
2023-06-06 11:00:00+08:00,146.0,146.0,146.0,146.0,1377,0.0,0.0
2023-06-06 12:00:00+08:00,145.5,146.0,145.5,146.0,3209,0.0,0.0
2023-06-06 13:00:00+08:00,146.0,146.0,146.0,146.0,1005,0.0,0.0
2023-06-07 09:00:00+08:00,146.0,146.0,146.0,146.0,0,0.0,0.0
2023-06-07 10:00:00+08:00,146.0,146.0,146.0,146.0,1171,0.0,0.0
2023-06-07 11:00:00+08:00,146.0,146.0,146.0,146.0,4733,0.0,0.0
2023-06-08 10:00:00+08:00,145.5,146.0,145.5,145.5,5107,0.0,0.0
2023-06-08 11:00:00+08:00,145.5,146.0,145.5,146.0,6219,0.0,0.0
2023-06-08 12:00:00+08:00,145.5,145.5,145.5,145.5,5489,0.0,0.0
2023-06-08 13:00:00+08:00,145.5,145.5,145.0,145.0,4000,0.0,0.0
2023-06-09 09:00:00+08:00,145.0,145.0,144.0,144.5,12905,0.0,0.0
2023-06-09 10:00:00+08:00,144.5,145.0,144.0,145.0,8494,0.0,0.0
2023-06-09 11:00:00+08:00,145.0,145.0,144.5,144.5,2181,0.0,0.0
2023-06-09 12:00:00+08:00,144.5,144.5,144.0,144.0,12482,0.0,0.0
2023-06-09 13:00:00+08:00,144.0,144.0,144.0,144.0,1133,0.0,0.0
2023-06-12 09:00:00+08:00,144.0,144.0,144.0,144.0,0,0.0,0.0
2023-06-12 10:00:00+08:00,144.0,144.5,144.0,144.0,6864,0.0,0.0
2023-06-12 12:00:00+08:00,144.0,145.0,144.0,145.0,10355,0.0,0.0
2023-06-12 13:00:00+08:00,144.0,144.5,144.0,144.0,3460,0.0,0.0
2023-06-13 09:00:00+08:00,145.0,145.0,144.0,145.0,0,0.0,0.0
2023-06-13 10:00:00+08:00,145.0,145.0,145.0,145.0,1089,0.0,0.0
2023-06-13 11:00:00+08:00,144.5,144.5,144.5,144.5,1969,0.0,0.0
2023-06-13 12:00:00+08:00,145.0,145.0,144.0,144.0,11355,0.0,0.0
2023-06-14 09:00:00+08:00,144.5,144.5,144.5,144.5,0,0.0,0.0
2023-06-14 10:00:00+08:00,144.0,144.0,143.5,144.0,8725,0.0,0.0
2023-06-14 12:00:00+08:00,144.5,145.0,144.0,144.0,7429,0.0,0.0
2023-06-14 13:00:00+08:00,144.5,144.5,144.5,144.5,2271,0.0,0.0
2023-06-15 09:00:00+08:00,144.5,145.0,144.5,145.0,0,0.0,0.0
2023-06-15 10:00:00+08:00,145.5,145.5,145.5,145.5,3366,0.0,0.0
2023-06-15 11:00:00+08:00,145.5,145.5,145.0,145.0,11636,0.0,0.0
2023-06-15 12:00:00+08:00,145.5,145.5,144.5,145.5,4879,0.0,0.0
2023-06-16 09:00:00+08:00,146.0,146.0,145.0,145.0,0,0.0,0.0
2023-06-16 10:00:00+08:00,145.5,146.0,145.5,146.0,6207,0.0,0.0
2023-06-16 11:00:00+08:00,145.5,145.5,145.5,145.5,2484,0.0,0.0
2023-06-16 12:00:00+08:00,146.0,146.0,146.0,146.0,12458,0.0,0.0
2023-06-16 13:00:00+08:00,146.0,146.0,145.5,146.0,7112,0.0,0.0
2023-06-19 09:00:00+08:00,146.5,146.5,145.5,145.5,0,0.0,0.0
2023-06-19 10:00:00+08:00,145.5,146.0,145.5,145.5,4487,0.0,0.0
2023-06-19 12:00:00+08:00,145.5,145.5,145.5,145.5,3006,0.0,0.0
2023-06-20 09:00:00+08:00,145.0,145.5,145.0,145.0,0,0.0,0.0
2023-06-20 10:00:00+08:00,145.0,145.0,145.0,145.0,1034,0.0,0.0
2023-06-20 11:00:00+08:00,145.5,145.5,145.5,145.5,2462,0.0,0.0
2023-06-20 13:00:00+08:00,145.5,145.5,145.5,145.5,2008,0.0,0.0
2023-06-21 10:00:00+08:00,145.5,145.5,145.0,145.0,1138,0.0,0.0
2023-06-21 11:00:00+08:00,145.0,145.5,144.0,144.5,37126,0.0,0.0
2023-06-21 12:00:00+08:00,144.5,145.0,144.5,145.0,7275,0.0,0.0
2023-06-21 13:00:00+08:00,144.5,145.0,144.5,145.0,2068,0.0,0.0
2023-06-26 09:00:00+08:00,144.5,144.5,144.5,144.5,0,0.0,0.0
2023-06-26 10:00:00+08:00,144.5,144.5,144.5,144.5,1871,0.0,0.0
2023-06-26 11:00:00+08:00,144.5,145.0,144.5,145.0,5064,0.0,0.0
2023-06-26 12:00:00+08:00,145.0,145.0,144.5,144.5,8490,0.0,0.0
2023-06-26 13:00:00+08:00,145.0,145.0,145.0,145.0,1000,0.0,0.0
2023-06-27 09:00:00+08:00,144.5,144.5,144.5,144.5,0,0.0,0.0
2023-06-27 10:00:00+08:00,144.5,145.0,144.5,145.0,2759,0.0,0.0
2023-06-27 11:00:00+08:00,145.0,145.0,145.0,145.0,3294,0.0,0.0
2023-06-27 12:00:00+08:00,145.0,145.0,145.0,145.0,1276,0.0,0.0
2023-06-28 09:00:00+08:00,146.0,146.0,146.0,146.0,0,0.0,0.0
2023-06-28 10:00:00+08:00,146.0,146.0,146.0,146.0,3879,0.0,0.0
2023-06-28 11:00:00+08:00,146.0,146.5,146.0,146.0,14113,0.0,0.0
2023-06-28 12:00:00+08:00,146.0,146.0,146.0,146.0,7104,0.0,0.0
2023-06-29 09:00:00+08:00,145.5,146.5,145.5,146.5,0,0.0,0.0
2023-06-29 10:00:00+08:00,146.5,146.5,146.0,146.0,3259,0.0,0.0
2023-06-29 11:00:00+08:00,146.5,146.5,146.5,146.5,7812,0.0,0.0
2023-06-29 12:00:00+08:00,146.5,147.0,146.0,146.5,22834,0.0,0.0
2023-06-29 13:00:00+08:00,146.5,147.0,146.0,146.5,0,0.0,0.0
2023-06-30 09:00:00+08:00,147.0,147.5,146.5,146.5,21279,0.0,0.0
2023-06-30 10:00:00+08:00,146.5,147.0,146.5,146.5,13119,0.0,0.0
2023-06-30 11:00:00+08:00,146.5,147.0,146.0,146.0,16505,0.0,0.0
2023-06-30 12:00:00+08:00,146.0,147.0,146.0,147.0,13930,0.0,0.0
2023-06-30 13:00:00+08:00,146.5,146.5,146.0,146.0,3368,0.0,0.0
2023-07-03 09:00:00+08:00,141.0,142.5,141.0,142.5,0,0.0,0.0
2023-07-03 10:00:00+08:00,142.5,142.5,142.5,142.5,13639,0.0,0.0
2023-07-03 11:00:00+08:00,142.5,143.0,142.5,142.5,15573,0.0,0.0
2023-07-03 12:00:00+08:00,142.5,143.0,142.5,142.5,10103,0.0,0.0
2023-07-03 13:00:00+08:00,142.5,142.5,142.0,142.5,11219,0.0,0.0
2023-07-04 09:00:00+08:00,142.5,142.5,142.0,142.0,0,0.0,0.0
2023-07-04 10:00:00+08:00,142.0,142.5,142.0,142.5,5352,0.0,0.0
2023-07-04 11:00:00+08:00,142.5,142.5,142.5,142.5,1227,0.0,0.0
2023-07-04 12:00:00+08:00,142.0,142.5,142.0,142.5,2221,0.0,0.0
2023-07-04 13:00:00+08:00,142.5,142.5,142.5,142.5,3145,0.0,0.0
2023-07-05 10:00:00+08:00,142.0,142.0,142.0,142.0,3348,0.0,0.0
2023-07-05 11:00:00+08:00,142.0,142.0,142.0,142.0,7420,0.0,0.0
2023-07-05 12:00:00+08:00,142.0,142.0,142.0,142.0,1056,0.0,0.0
2023-07-05 13:00:00+08:00,142.0,142.0,142.0,142.0,3409,0.0,0.0
2023-07-06 09:00:00+08:00,142.0,142.0,142.0,142.0,0,0.0,0.0
2023-07-06 11:00:00+08:00,142.0,142.0,142.0,142.0,1010,0.0,0.0
2023-07-06 12:00:00+08:00,142.5,142.5,142.5,142.5,5424,0.0,0.0
2023-07-06 13:00:00+08:00,143.0,143.0,143.0,143.0,0,0.0,0.0
2023-07-07 10:00:00+08:00,142.5,142.5,142.0,142.5,10199,0.0,0.0
2023-07-07 11:00:00+08:00,142.5,142.5,142.5,142.5,2248,0.0,0.0
2023-07-07 12:00:00+08:00,142.5,142.5,142.0,142.5,5620,0.0,0.0
2023-07-07 13:00:00+08:00,142.0,142.5,142.0,142.0,4176,0.0,0.0
2023-07-10 09:00:00+08:00,142.0,142.0,141.5,142.0,0,0.0,0.0
2023-07-10 10:00:00+08:00,141.5,141.5,141.5,141.5,3000,0.0,0.0
2023-07-10 11:00:00+08:00,142.0,142.0,142.0,142.0,2258,0.0,0.0
2023-07-10 12:00:00+08:00,142.0,142.0,142.0,142.0,2364,0.0,0.0
2023-07-10 13:00:00+08:00,142.0,142.0,142.0,142.0,1023,0.0,0.0
2023-07-11 10:00:00+08:00,142.0,142.0,142.0,142.0,4162,0.0,0.0
2023-07-11 12:00:00+08:00,142.0,142.0,141.5,141.5,7898,0.0,0.0
2023-07-12 09:00:00+08:00,144.0,144.0,141.5,141.5,4424,0.0,0.0
2023-07-12 10:00:00+08:00,141.5,141.5,141.5,141.5,2158,0.0,0.0
2023-07-12 11:00:00+08:00,141.5,141.5,141.5,141.5,3054,0.0,0.0
2023-07-12 12:00:00+08:00,142.0,142.0,142.0,142.0,1473,0.0,0.0
2023-07-12 13:00:00+08:00,141.5,142.0,141.5,142.0,0,0.0,0.0
2023-07-13 09:00:00+08:00,141.5,143.5,141.5,142.0,10573,0.0,0.0
2023-07-13 10:00:00+08:00,142.0,143.5,142.0,142.5,11084,0.0,0.0
2023-07-13 11:00:00+08:00,142.0,142.0,141.5,141.5,5879,0.0,0.0
2023-07-13 12:00:00+08:00,141.5,141.5,141.5,141.5,2192,0.0,0.0
2023-07-14 09:00:00+08:00,142.0,142.0,142.0,142.0,0,0.0,0.0
2023-07-14 10:00:00+08:00,142.0,142.0,142.0,142.0,5191,0.0,0.0
2023-07-14 11:00:00+08:00,142.0,142.0,142.0,142.0,1240,0.0,0.0
2023-07-14 12:00:00+08:00,142.0,142.0,142.0,142.0,4260,0.0,0.0
2023-07-14 13:00:00+08:00,142.5,142.5,142.5,142.5,1031,0.0,0.0
2023-07-17 09:00:00+08:00,143.0,143.0,143.0,143.0,0,0.0,0.0
2023-07-17 10:00:00+08:00,142.5,142.5,142.5,142.5,1267,0.0,0.0
2023-07-17 11:00:00+08:00,142.5,142.5,142.0,142.0,14256,0.0,0.0
2023-07-17 12:00:00+08:00,142.0,142.5,142.0,142.5,5627,0.0,0.0
2023-07-17 13:00:00+08:00,142.5,142.5,142.5,142.5,1091,0.0,0.0
2023-07-18 09:00:00+08:00,143.0,143.0,143.0,143.0,3531,0.0,0.0
2023-07-18 11:00:00+08:00,142.0,142.0,142.0,142.0,3220,0.0,0.0
2023-07-18 12:00:00+08:00,141.5,141.5,141.5,141.5,2569,0.0,0.0
2023-07-19 09:00:00+08:00,141.5,142.0,141.5,141.5,3242,0.0,0.0
2023-07-19 10:00:00+08:00,141.5,142.0,141.5,141.5,5539,0.0,0.0
2023-07-19 11:00:00+08:00,141.5,141.5,141.5,141.5,1293,0.0,0.0
2023-07-19 12:00:00+08:00,141.5,142.0,141.5,142.0,7912,0.0,0.0
2023-07-19 13:00:00+08:00,142.0,142.0,141.5,142.0,5344,0.0,0.0
2023-07-20 10:00:00+08:00,142.0,142.0,141.5,141.5,10797,0.0,0.0
2023-07-20 12:00:00+08:00,141.5,141.5,141.5,141.5,2107,0.0,0.0
2023-07-20 13:00:00+08:00,142.0,142.0,141.5,141.5,3115,0.0,0.0
2023-07-21 09:00:00+08:00,141.5,141.5,141.5,141.5,4369,0.0,0.0
2023-07-21 10:00:00+08:00,141.5,141.5,141.5,141.5,5998,0.0,0.0
2023-07-21 12:00:00+08:00,141.5,141.5,141.5,141.5,5920,0.0,0.0
2023-07-21 13:00:00+08:00,141.5,141.5,141.5,141.5,1200,0.0,0.0
2023-07-24 09:00:00+08:00,141.5,142.0,141.5,142.0,0,0.0,0.0
2023-07-24 10:00:00+08:00,141.5,141.5,141.0,141.5,13841,0.0,0.0
2023-07-24 12:00:00+08:00,141.5,141.5,141.5,141.5,1717,0.0,0.0
2023-07-25 09:00:00+08:00,143.0,143.0,142.5,143.0,3134,0.0,0.0
2023-07-25 11:00:00+08:00,143.0,143.0,143.0,143.0,1306,0.0,0.0
2023-07-25 13:00:00+08:00,142.0,142.5,141.5,141.5,10164,0.0,0.0
2023-07-26 09:00:00+08:00,142.0,142.0,141.0,141.0,0,0.0,0.0
2023-07-26 10:00:00+08:00,141.0,142.0,141.0,142.0,10213,0.0,0.0
2023-07-26 11:00:00+08:00,141.5,141.5,141.5,141.5,4989,0.0,0.0
2023-07-26 12:00:00+08:00,141.0,142.0,141.0,141.5,0,0.0,0.0
2023-07-27 11:00:00+08:00,141.5,141.5,141.5,141.5,1201,0.0,0.0
2023-07-27 12:00:00+08:00,141.5,141.5,141.5,141.5,4050,0.0,0.0
2023-07-28 09:00:00+08:00,141.5,142.5,141.5,142.5,7441,0.0,0.0
2023-07-28 10:00:00+08:00,142.0,142.0,142.0,142.0,2156,0.0,0.0
2023-07-28 11:00:00+08:00,141.5,142.0,141.5,142.0,2351,0.0,0.0
2023-07-28 13:00:00+08:00,142.0,142.0,142.0,142.0,2694,0.0,0.0
2023-07-31 09:00:00+08:00,142.0,143.0,141.5,141.5,0,0.0,0.0
2023-07-31 11:00:00+08:00,141.5,142.5,141.5,142.5,5183,0.0,0.0
2023-08-01 09:00:00+08:00,141.5,141.5,141.5,141.5,2411,0.0,0.0
2023-08-01 10:00:00+08:00,141.5,142.0,141.0,142.0,13743,0.0,0.0
2023-08-01 13:00:00+08:00,141.5,141.5,141.5,141.5,1185,0.0,0.0
2023-08-02 09:00:00+08:00,142.0,142.0,142.0,142.0,1041,0.0,0.0
2023-08-02 10:00:00+08:00,141.5,141.5,141.0,141.0,12233,0.0,0.0
2023-08-02 11:00:00+08:00,141.5,142.0,141.0,142.0,4977,0.0,0.0
2023-08-02 13:00:00+08:00,141.5,141.5,141.5,141.5,1235,0.0,0.0
2023-08-04 09:00:00+08:00,141.5,141.5,141.0,141.0,0,0.0,0.0
2023-08-04 10:00:00+08:00,141.0,141.0,141.0,141.0,4339,0.0,0.0
2023-08-04 11:00:00+08:00,141.5,141.5,141.5,141.5,5456,0.0,0.0
2023-08-04 12:00:00+08:00,141.5,141.5,141.0,141.5,4444,0.0,0.0
2023-08-04 13:00:00+08:00,142.0,142.0,142.0,142.0,2120,0.0,0.0
2023-08-07 11:00:00+08:00,141.0,141.0,141.0,141.0,1813,0.0,0.0
2023-08-07 12:00:00+08:00,141.0,141.0,141.0,141.0,2486,0.0,0.0
2023-08-08 09:00:00+08:00,142.0,142.0,140.0,140.0,44684,0.0,0.0
2023-08-08 10:00:00+08:00,141.0,141.0,140.5,140.5,5589,0.0,0.0
2023-08-08 11:00:00+08:00,141.0,141.0,141.0,141.0,5391,0.0,0.0
2023-08-08 12:00:00+08:00,141.0,141.0,140.5,140.5,6292,0.0,0.0
2023-08-08 13:00:00+08:00,141.0,141.0,141.0,141.0,1140,0.0,0.0
2023-08-09 09:00:00+08:00,141.0,141.5,141.0,141.5,12545,0.0,0.0
2023-08-09 12:00:00+08:00,141.0,141.5,141.0,141.5,6774,0.0,0.0
2023-08-09 13:00:00+08:00,141.0,141.0,141.0,141.0,1224,0.0,0.0
2023-08-10 09:00:00+08:00,141.0,142.5,140.5,142.5,4305,0.0,0.0
2023-08-10 10:00:00+08:00,140.5,140.5,140.5,140.5,1817,0.0,0.0
2023-08-10 12:00:00+08:00,140.5,141.0,140.5,141.0,3091,0.0,0.0
2023-08-10 13:00:00+08:00,141.0,141.0,141.0,141.0,1059,0.0,0.0
2023-08-11 09:00:00+08:00,141.0,141.0,141.0,141.0,0,0.0,0.0
2023-08-11 10:00:00+08:00,141.0,141.0,141.0,141.0,5314,0.0,0.0
2023-08-11 12:00:00+08:00,141.0,141.0,141.0,141.0,4348,0.0,0.0
2023-08-14 09:00:00+08:00,141.0,141.0,140.0,140.0,5337,0.0,0.0
2023-08-14 10:00:00+08:00,140.0,140.5,140.0,140.0,8243,0.0,0.0
2023-08-14 11:00:00+08:00,140.0,140.0,140.0,140.0,21253,0.0,0.0
2023-08-14 12:00:00+08:00,140.0,140.5,140.0,140.5,10495,0.0,0.0
2023-08-14 13:00:00+08:00,140.0,140.0,140.0,140.0,1188,0.0,0.0
2023-08-15 09:00:00+08:00,140.5,140.5,139.5,140.5,11926,0.0,0.0
2023-08-15 12:00:00+08:00,140.0,140.0,140.0,140.0,2685,0.0,0.0
2023-08-15 13:00:00+08:00,139.5,139.5,139.5,139.5,2348,0.0,0.0
2023-08-16 09:00:00+08:00,139.5,139.5,139.0,139.0,14462,0.0,0.0
2023-08-16 10:00:00+08:00,139.5,139.5,139.0,139.0,13971,0.0,0.0
2023-08-16 11:00:00+08:00,139.0,139.5,139.0,139.0,13001,0.0,0.0
2023-08-16 12:00:00+08:00,139.0,139.0,139.0,139.0,3597,0.0,0.0
2023-08-16 13:00:00+08:00,139.0,139.5,139.0,139.5,5390,0.0,0.0
2023-08-17 09:00:00+08:00,139.5,139.5,139.5,139.5,3178,0.0,0.0
2023-08-17 10:00:00+08:00,139.5,139.5,139.5,139.5,3524,0.0,0.0
2023-08-17 11:00:00+08:00,139.0,139.5,139.0,139.5,3128,0.0,0.0
2023-08-17 13:00:00+08:00,139.5,139.5,139.5,139.5,1010,0.0,0.0
2023-08-18 09:00:00+08:00,140.0,140.0,139.0,139.5,5526,0.0,0.0
2023-08-18 10:00:00+08:00,139.5,139.5,139.0,139.0,4404,0.0,0.0
2023-08-21 09:00:00+08:00,139.5,139.5,139.5,139.5,0,0.0,0.0
2023-08-21 10:00:00+08:00,139.0,139.0,139.0,139.0,1191,0.0,0.0
2023-08-21 11:00:00+08:00,139.0,139.0,138.5,138.5,9388,0.0,0.0
2023-08-21 12:00:00+08:00,138.5,139.0,138.5,139.0,3264,0.0,0.0
2023-08-21 13:00:00+08:00,138.5,139.5,138.5,139.5,0,0.0,0.0
2023-08-22 09:00:00+08:00,139.5,139.5,139.5,139.5,1941,0.0,0.0
2023-08-22 10:00:00+08:00,139.0,139.0,139.0,139.0,1590,0.0,0.0
2023-08-22 12:00:00+08:00,139.5,139.5,139.5,139.5,1153,0.0,0.0
2023-08-22 13:00:00+08:00,139.0,139.0,139.0,139.0,1104,0.0,0.0
2023-08-23 09:00:00+08:00,138.5,138.5,138.5,138.5,4482,0.0,0.0
2023-08-23 10:00:00+08:00,138.0,138.5,138.0,138.5,6146,0.0,0.0
2023-08-23 12:00:00+08:00,139.0,139.0,139.0,139.0,5166,0.0,0.0
2023-08-23 13:00:00+08:00,139.0,139.5,139.0,139.5,0,0.0,0.0
2023-08-24 09:00:00+08:00,139.0,139.0,138.5,138.5,7537,0.0,0.0
2023-08-24 10:00:00+08:00,139.0,139.0,138.5,138.5,4279,0.0,0.0
2023-08-24 12:00:00+08:00,139.0,139.0,139.0,139.0,2366,0.0,0.0
2023-08-25 10:00:00+08:00,139.0,139.0,139.0,139.0,2139,0.0,0.0
2023-08-25 11:00:00+08:00,139.0,139.0,139.0,139.0,3586,0.0,0.0
2023-08-28 09:00:00+08:00,139.0,139.0,139.0,139.0,719,0.0,0.0
2023-08-28 10:00:00+08:00,139.0,139.0,139.0,139.0,3124,0.0,0.0
2023-08-28 12:00:00+08:00,139.0,139.0,139.0,139.0,1311,0.0,0.0
2023-08-28 13:00:00+08:00,139.0,139.0,139.0,139.0,0,0.0,0.0
2023-08-29 10:00:00+08:00,139.0,139.0,139.0,139.0,1002,0.0,0.0
2023-08-29 11:00:00+08:00,138.5,138.5,138.5,138.5,2021,0.0,0.0
2023-08-29 12:00:00+08:00,138.5,138.5,138.0,138.0,7870,0.0,0.0
2023-08-29 13:00:00+08:00,138.0,138.5,138.0,138.0,0,0.0,0.0
2023-08-30 09:00:00+08:00,138.5,138.5,138.5,138.5,8063,0.0,0.0
2023-08-30 10:00:00+08:00,138.5,138.5,138.5,138.5,1654,0.0,0.0
2023-08-30 11:00:00+08:00,139.0,139.0,139.0,139.0,3442,0.0,0.0
2023-08-30 12:00:00+08:00,138.5,139.0,138.5,139.0,2458,0.0,0.0
2023-08-30 13:00:00+08:00,138.5,139.0,138.0,138.5,0,0.0,0.0
2023-08-31 10:00:00+08:00,138.5,138.5,138.5,138.5,3225,0.0,0.0
2023-08-31 11:00:00+08:00,138.5,138.5,138.5,138.5,1077,0.0,0.0
2023-08-31 12:00:00+08:00,139.0,139.5,139.0,139.5,8944,0.0,0.0
2023-08-31 13:00:00+08:00,139.5,139.5,139.0,139.0,0,0.0,0.0
2023-09-01 10:00:00+08:00,139.0,140.0,139.0,140.0,5713,0.0,0.0
2023-09-01 13:00:00+08:00,139.0,139.0,139.0,139.0,2071,0.0,0.0
2023-09-04 09:00:00+08:00,139.0,139.0,139.0,139.0,0,0.0,0.0
2023-09-04 11:00:00+08:00,139.0,139.0,139.0,139.0,1053,0.0,0.0
2023-09-04 12:00:00+08:00,139.5,139.5,139.0,139.0,3542,0.0,0.0
2023-09-04 13:00:00+08:00,139.5,139.5,139.0,139.0,2102,0.0,0.0
2023-09-05 09:00:00+08:00,139.5,139.5,139.5,139.5,0,0.0,0.0
2023-09-05 11:00:00+08:00,139.5,139.5,139.5,139.5,2403,0.0,0.0
2023-09-05 12:00:00+08:00,140.0,140.0,139.5,139.5,0,0.0,0.0
2023-09-06 11:00:00+08:00,140.0,140.0,140.0,140.0,2308,0.0,0.0
2023-09-06 12:00:00+08:00,140.5,140.5,140.0,140.0,3531,0.0,0.0
2023-09-07 11:00:00+08:00,139.0,139.0,138.5,138.5,9382,0.0,0.0
2023-09-07 12:00:00+08:00,138.5,139.0,138.5,139.0,0,0.0,0.0
2023-09-08 11:00:00+08:00,138.5,138.5,138.5,138.5,1205,0.0,0.0
2023-09-08 12:00:00+08:00,138.5,138.5,138.5,138.5,1195,0.0,0.0
2023-09-08 13:00:00+08:00,139.0,139.0,139.0,139.0,1046,0.0,0.0
2023-09-11 09:00:00+08:00,141.5,141.5,140.0,140.0,0,0.0,0.0
2023-09-11 13:00:00+08:00,139.5,140.0,139.0,140.0,0,0.0,0.0
2023-09-12 13:00:00+08:00,139.0,139.0,139.0,139.0,1035,0.0,0.0
2023-09-13 09:00:00+08:00,139.0,139.0,139.0,139.0,4602,0.0,0.0
2023-09-14 09:00:00+08:00,140.0,140.0,140.0,140.0,2317,0.0,0.0
2023-09-14 11:00:00+08:00,139.5,140.0,139.5,140.0,3388,0.0,0.0
2023-09-14 12:00:00+08:00,140.0,140.0,139.5,139.5,2242,0.0,0.0
2023-09-15 10:00:00+08:00,139.5,139.5,139.5,139.5,2431,0.0,0.0
2023-09-15 11:00:00+08:00,140.0,140.5,140.0,140.5,7115,0.0,0.0
2023-09-15 12:00:00+08:00,140.0,140.5,139.5,140.0,14065,0.0,0.0
2023-09-15 13:00:00+08:00,140.0,140.5,140.0,140.5,2043,0.0,0.0
2023-09-18 09:00:00+08:00,140.0,140.0,140.0,140.0,0,0.0,0.0
2023-09-18 10:00:00+08:00,139.5,139.5,139.5,139.5,1243,0.0,0.0
2023-09-19 11:00:00+08:00,139.0,139.0,139.0,139.0,18000,0.0,0.0
2023-09-19 12:00:00+08:00,139.0,139.0,139.0,139.0,17811,0.0,0.0
2023-09-20 09:00:00+08:00,138.5,138.5,138.5,138.5,1700,0.0,0.0
2023-09-20 10:00:00+08:00,138.5,138.5,138.5,138.5,1652,0.0,0.0
2023-09-20 12:00:00+08:00,139.5,139.5,139.5,139.5,2278,0.0,0.0
2023-09-21 09:00:00+08:00,138.5,138.5,138.5,138.5,13007,0.0,0.0
2023-09-21 10:00:00+08:00,138.5,139.0,138.5,139.0,6094,0.0,0.0
2023-09-21 11:00:00+08:00,138.5,139.5,138.5,139.5,8209,0.0,0.0
2023-09-21 12:00:00+08:00,139.0,139.0,139.0,139.0,0,0.0,0.0
2023-09-22 12:00:00+08:00,139.0,139.0,139.0,139.0,3160,0.0,0.0
2023-09-25 09:00:00+08:00,138.5,138.5,138.0,138.5,5082,0.0,0.0
2023-09-25 10:00:00+08:00,138.5,138.5,138.0,138.0,2839,0.0,0.0
2023-09-25 11:00:00+08:00,138.5,138.5,138.5,138.5,6464,0.0,0.0
2023-09-25 12:00:00+08:00,138.5,138.5,138.5,138.5,1000,0.0,0.0
2023-09-26 12:00:00+08:00,138.5,138.5,138.5,138.5,2000,0.0,0.0
2023-09-26 13:00:00+08:00,138.5,138.5,138.5,138.5,0,0.0,0.0
2023-09-27 11:00:00+08:00,138.5,138.5,138.5,138.5,1135,0.0,0.0
2023-09-27 12:00:00+08:00,139.0,139.0,139.0,139.0,0,0.0,0.0
2023-09-28 12:00:00+08:00,139.0,139.0,139.0,139.0,5127,0.0,0.0
2023-09-28 13:00:00+08:00,139.0,139.0,139.0,139.0,1074,0.0,0.0
2023-10-02 10:00:00+08:00,139.0,139.0,139.0,139.0,0,0.0,0.0
2023-10-02 12:00:00+08:00,139.0,139.0,139.0,139.0,1000,0.0,0.0
2023-10-02 13:00:00+08:00,139.0,139.0,139.0,139.0,0,0.0,0.0
2023-10-03 09:00:00+08:00,138.5,138.5,138.5,138.5,2001,0.0,0.0
2023-10-03 10:00:00+08:00,138.5,139.0,138.5,139.0,6869,0.0,0.0
2023-10-03 11:00:00+08:00,139.0,139.0,138.5,138.5,3000,0.0,0.0
2023-10-03 12:00:00+08:00,138.5,138.5,138.5,138.5,3415,0.0,0.0
2023-10-04 09:00:00+08:00,138.5,139.0,138.5,138.5,0,0.0,0.0
2023-10-04 10:00:00+08:00,138.5,139.0,138.0,139.0,10523,0.0,0.0
2023-10-04 11:00:00+08:00,138.0,138.5,138.0,138.5,2481,0.0,0.0
2023-10-04 13:00:00+08:00,138.5,138.5,138.5,138.5,2043,0.0,0.0
2023-10-05 10:00:00+08:00,138.0,139.0,137.5,138.0,23154,0.0,0.0
2023-10-05 11:00:00+08:00,137.5,137.5,137.5,137.5,1874,0.0,0.0
2023-10-05 13:00:00+08:00,138.0,138.0,138.0,138.0,4038,0.0,0.0
2023-10-06 11:00:00+08:00,138.0,138.0,138.0,138.0,2069,0.0,0.0
2023-10-06 12:00:00+08:00,138.0,138.0,138.0,138.0,2167,0.0,0.0
2023-10-06 13:00:00+08:00,138.0,138.0,138.0,138.0,2000,0.0,0.0
2023-10-11 09:00:00+08:00,138.0,138.0,138.0,138.0,0,0.0,0.0
2023-10-11 10:00:00+08:00,138.0,138.0,138.0,138.0,2054,0.0,0.0
2023-10-11 12:00:00+08:00,138.0,138.5,137.5,138.5,3366,0.0,0.0
2023-10-12 09:00:00+08:00,138.5,138.5,137.5,137.5,5256,0.0,0.0
2023-10-12 10:00:00+08:00,137.5,137.5,137.5,137.5,14058,0.0,0.0
2023-10-12 11:00:00+08:00,137.5,137.5,137.0,137.0,22785,0.0,0.0
2023-10-12 12:00:00+08:00,138.0,138.0,137.0,137.0,20395,0.0,0.0
2023-10-12 13:00:00+08:00,137.0,137.0,137.0,137.0,2136,0.0,0.0
2023-10-13 09:00:00+08:00,136.5,136.5,134.5,134.5,0,0.0,0.0
2023-10-13 10:00:00+08:00,134.5,135.0,134.0,134.0,73029,0.0,0.0
2023-10-13 11:00:00+08:00,134.0,134.0,133.0,133.5,48948,0.0,0.0
2023-10-13 12:00:00+08:00,134.0,134.5,133.5,134.5,29628,0.0,0.0
2023-10-13 13:00:00+08:00,134.0,134.0,133.0,134.0,29599,0.0,0.0
2023-10-16 09:00:00+08:00,132.5,133.0,132.5,133.0,0,0.0,0.0
2023-10-16 10:00:00+08:00,133.0,133.5,133.0,133.5,14104,0.0,0.0
2023-10-16 11:00:00+08:00,133.5,133.5,133.5,133.5,6338,0.0,0.0
2023-10-16 12:00:00+08:00,133.0,135.0,133.0,135.0,10868,0.0,0.0
2023-10-17 09:00:00+08:00,135.5,135.5,134.5,134.5,0,0.0,0.0
2023-10-17 10:00:00+08:00,134.5,134.5,134.5,134.5,6770,0.0,0.0
2023-10-17 12:00:00+08:00,134.5,135.0,134.0,134.0,0,0.0,0.0
2023-10-18 09:00:00+08:00,134.5,134.5,134.5,134.5,3729,0.0,0.0
2023-10-18 10:00:00+08:00,134.0,134.0,134.0,134.0,3298,0.0,0.0
2023-10-18 12:00:00+08:00,134.0,134.0,134.0,134.0,0,0.0,0.0
2023-10-19 11:00:00+08:00,134.0,134.0,134.0,134.0,3140,0.0,0.0
2023-10-19 12:00:00+08:00,133.5,133.5,133.5,133.5,4416,0.0,0.0
2023-10-19 13:00:00+08:00,134.0,134.0,134.0,134.0,1089,0.0,0.0
2023-10-20 09:00:00+08:00,133.5,133.5,133.0,133.0,8206,0.0,0.0
2023-10-20 11:00:00+08:00,133.5,133.5,133.5,133.5,3251,0.0,0.0
2023-10-20 12:00:00+08:00,133.5,133.5,133.0,133.0,8000,0.0,0.0
2023-10-20 13:00:00+08:00,133.0,134.0,133.0,134.0,3372,0.0,0.0
2023-10-23 09:00:00+08:00,134.0,134.0,132.5,132.5,0,0.0,0.0
2023-10-23 10:00:00+08:00,132.5,133.0,132.5,133.0,6512,0.0,0.0
2023-10-23 11:00:00+08:00,133.0,133.0,132.5,132.5,6242,0.0,0.0
2023-10-24 09:00:00+08:00,135.0,135.0,133.5,133.5,4588,0.0,0.0
2023-10-24 10:00:00+08:00,133.5,133.5,133.5,133.5,1739,0.0,0.0
2023-10-24 11:00:00+08:00,133.0,134.0,133.0,134.0,7601,0.0,0.0
2023-10-24 13:00:00+08:00,134.0,134.0,134.0,134.0,0,0.0,0.0
2023-10-25 10:00:00+08:00,133.5,134.0,133.5,134.0,3286,0.0,0.0
2023-10-25 11:00:00+08:00,134.0,135.0,134.0,134.0,3119,0.0,0.0
2023-10-25 12:00:00+08:00,134.5,134.5,133.5,133.5,6801,0.0,0.0
2023-10-25 13:00:00+08:00,133.5,133.5,133.5,133.5,1041,0.0,0.0
2023-10-26 09:00:00+08:00,134.0,134.0,134.0,134.0,0,0.0,0.0
2023-10-26 12:00:00+08:00,134.0,134.0,134.0,134.0,2303,0.0,0.0
2023-10-27 09:00:00+08:00,133.5,133.5,133.0,133.0,3389,0.0,0.0
2023-10-27 10:00:00+08:00,133.0,133.0,133.0,133.0,9342,0.0,0.0
2023-10-27 11:00:00+08:00,133.0,133.0,133.0,133.0,10821,0.0,0.0
2023-10-27 12:00:00+08:00,133.0,133.0,133.0,133.0,7862,0.0,0.0
2023-10-30 10:00:00+08:00,132.5,132.5,132.5,132.5,3110,0.0,0.0
2023-10-30 11:00:00+08:00,132.5,132.5,132.5,132.5,6147,0.0,0.0
2023-10-30 13:00:00+08:00,132.0,132.0,132.0,132.0,3020,0.0,0.0
2023-10-31 09:00:00+08:00,132.0,133.0,131.5,132.5,1330,0.0,0.0
2023-10-31 10:00:00+08:00,132.0,132.0,132.0,132.0,4198,0.0,0.0
2023-10-31 12:00:00+08:00,132.0,132.0,132.0,132.0,1008,0.0,0.0
2023-10-31 13:00:00+08:00,132.0,132.0,131.5,132.0,7054,0.0,0.0
2023-11-01 09:00:00+08:00,132.0,132.0,131.0,131.0,6918,0.0,0.0
2023-11-01 10:00:00+08:00,131.0,132.0,131.0,131.5,6358,0.0,0.0
2023-11-01 12:00:00+08:00,131.0,131.5,131.0,131.5,7009,0.0,0.0
2023-11-01 13:00:00+08:00,131.5,131.5,131.5,131.5,1081,0.0,0.0
2023-11-02 09:00:00+08:00,132.0,132.0,131.0,131.0,15549,0.0,0.0
2023-11-02 10:00:00+08:00,131.0,131.5,131.0,131.5,8847,0.0,0.0
2023-11-02 11:00:00+08:00,131.5,132.0,131.5,132.0,3590,0.0,0.0
2023-11-02 12:00:00+08:00,131.5,132.0,131.5,132.0,5766,0.0,0.0
2023-11-03 09:00:00+08:00,132.0,132.0,132.0,132.0,0,0.0,0.0
2023-11-03 11:00:00+08:00,132.0,132.5,132.0,132.5,7158,0.0,0.0
2023-11-03 12:00:00+08:00,132.5,132.5,132.0,132.0,3051,0.0,0.0
2023-11-03 13:00:00+08:00,132.0,132.0,131.5,131.5,6015,0.0,0.0
2023-11-06 09:00:00+08:00,132.0,132.5,131.5,132.5,0,0.0,0.0
2023-11-06 10:00:00+08:00,132.5,132.5,132.0,132.0,4436,0.0,0.0
2023-11-06 11:00:00+08:00,133.0,133.0,132.5,132.5,4224,0.0,0.0
2023-11-06 12:00:00+08:00,132.5,132.5,132.5,132.5,0,0.0,0.0
2023-11-07 09:00:00+08:00,132.0,132.0,132.0,132.0,3556,0.0,0.0
2023-11-07 12:00:00+08:00,132.5,132.5,132.0,132.0,5199,0.0,0.0
2023-11-07 13:00:00+08:00,132.0,132.0,132.0,132.0,3500,0.0,0.0
2023-11-08 09:00:00+08:00,132.0,132.0,132.0,132.0,0,0.0,0.0
2023-11-08 11:00:00+08:00,132.0,132.5,132.0,132.5,6420,0.0,0.0
2023-11-08 12:00:00+08:00,132.5,132.5,132.5,132.5,1244,0.0,0.0
2023-11-08 13:00:00+08:00,132.5,132.5,132.5,132.5,0,0.0,0.0
2023-11-09 10:00:00+08:00,132.5,132.5,132.5,132.5,4321,0.0,0.0
2023-11-09 11:00:00+08:00,132.5,132.5,132.0,132.0,3050,0.0,0.0
2023-11-09 13:00:00+08:00,132.5,132.5,132.0,132.5,3250,0.0,0.0
2023-11-10 09:00:00+08:00,132.0,132.0,132.0,132.0,0,0.0,0.0
2023-11-10 11:00:00+08:00,132.5,132.5,132.0,132.0,10577,0.0,0.0
2023-11-13 09:00:00+08:00,132.5,132.5,132.5,132.5,0,0.0,0.0
2023-11-13 10:00:00+08:00,132.5,132.5,132.5,132.5,1178,0.0,0.0
2023-11-13 11:00:00+08:00,132.5,132.5,132.0,132.0,3683,0.0,0.0
2023-11-13 12:00:00+08:00,132.5,132.5,132.5,132.5,1613,0.0,0.0
2023-11-14 09:00:00+08:00,132.5,133.5,132.5,133.5,512,0.0,0.0
2023-11-14 10:00:00+08:00,133.5,133.5,133.5,133.5,2318,0.0,0.0
2023-11-14 11:00:00+08:00,133.5,133.5,133.0,133.5,3178,0.0,0.0
2023-11-14 13:00:00+08:00,133.5,133.5,133.5,133.5,1406,0.0,0.0
2023-11-15 09:00:00+08:00,134.0,134.0,134.0,134.0,0,0.0,0.0
2023-11-15 10:00:00+08:00,134.5,134.5,134.5,134.5,1000,0.0,0.0
2023-11-15 11:00:00+08:00,134.5,134.5,134.0,134.0,2257,0.0,0.0
2023-11-15 12:00:00+08:00,134.0,134.0,134.0,134.0,3498,0.0,0.0
2023-11-16 09:00:00+08:00,134.0,134.0,134.0,134.0,1435,0.0,0.0
2023-11-16 10:00:00+08:00,134.0,134.0,134.0,134.0,1160,0.0,0.0
2023-11-16 11:00:00+08:00,134.0,134.0,133.5,134.0,5673,0.0,0.0
2023-11-16 13:00:00+08:00,134.5,134.5,134.5,134.5,0,0.0,0.0
2023-11-17 10:00:00+08:00,134.5,134.5,134.5,134.5,1000,0.0,0.0
2023-11-17 11:00:00+08:00,135.0,135.0,135.0,135.0,1818,0.0,0.0
2023-11-17 12:00:00+08:00,135.5,135.5,135.0,135.0,2022,0.0,0.0
2023-11-17 13:00:00+08:00,135.5,135.5,135.5,135.5,1531,0.0,0.0
2023-11-20 09:00:00+08:00,136.0,136.0,135.5,136.0,0,0.0,0.0
2023-11-20 10:00:00+08:00,135.5,135.5,135.5,135.5,2399,0.0,0.0
2023-11-20 12:00:00+08:00,136.0,136.0,136.0,136.0,4222,0.0,0.0
2023-11-20 13:00:00+08:00,136.5,136.5,136.5,136.5,0,0.0,0.0
2023-11-21 09:00:00+08:00,137.0,137.0,137.0,137.0,4000,0.0,0.0
2023-11-21 10:00:00+08:00,136.5,136.5,136.5,136.5,3051,0.0,0.0
2023-11-21 11:00:00+08:00,136.5,137.0,136.5,137.0,4187,0.0,0.0
2023-11-22 10:00:00+08:00,136.0,136.0,136.0,136.0,1828,0.0,0.0
2023-11-22 11:00:00+08:00,136.0,136.5,136.0,136.0,4275,0.0,0.0
2023-11-22 12:00:00+08:00,135.5,135.5,135.5,135.5,1119,0.0,0.0
2023-11-22 13:00:00+08:00,135.5,136.0,135.5,135.5,6042,0.0,0.0
2023-11-23 10:00:00+08:00,135.5,135.5,135.5,135.5,2302,0.0,0.0
2023-11-23 11:00:00+08:00,136.0,136.0,135.5,135.5,2000,0.0,0.0
2023-11-23 12:00:00+08:00,135.5,135.5,135.5,135.5,5685,0.0,0.0
2023-11-23 13:00:00+08:00,135.5,135.5,135.5,135.5,2000,0.0,0.0
2023-11-24 11:00:00+08:00,135.5,135.5,135.5,135.5,2083,0.0,0.0
2023-11-24 12:00:00+08:00,136.0,136.0,135.0,135.0,3136,0.0,0.0
2023-11-27 10:00:00+08:00,135.5,135.5,135.5,135.5,2071,0.0,0.0
2023-11-27 12:00:00+08:00,136.0,136.5,136.0,136.5,3715,0.0,0.0
2023-11-27 13:00:00+08:00,135.5,135.5,135.5,135.5,1116,0.0,0.0
2023-11-28 09:00:00+08:00,137.0,137.5,137.0,137.5,0,0.0,0.0
2023-11-28 10:00:00+08:00,136.5,136.5,136.5,136.5,1771,0.0,0.0
2023-11-28 13:00:00+08:00,137.0,137.0,137.0,137.0,0,0.0,0.0
2023-11-29 09:00:00+08:00,137.0,137.0,136.5,136.5,7299,0.0,0.0
2023-11-29 10:00:00+08:00,137.0,137.0,137.0,137.0,2308,0.0,0.0
2023-11-29 11:00:00+08:00,137.5,137.5,137.5,137.5,3473,0.0,0.0
2023-11-30 09:00:00+08:00,137.0,137.0,137.0,137.0,0,0.0,0.0
2023-11-30 10:00:00+08:00,137.0,137.0,137.0,137.0,2474,0.0,0.0
2023-11-30 13:00:00+08:00,137.0,138.0,137.0,138.0,7258,0.0,0.0
2023-12-01 09:00:00+08:00,138.0,138.0,138.0,138.0,0,0.0,0.0
2023-12-01 12:00:00+08:00,138.0,138.0,138.0,138.0,1445,0.0,0.0
2023-12-04 10:00:00+08:00,136.0,136.0,136.0,136.0,0,0.0,0.0
2023-12-05 09:00:00+08:00,136.0,136.0,136.0,136.0,1135,0.0,0.0
2023-12-05 10:00:00+08:00,136.5,136.5,136.5,136.5,2600,0.0,0.0
2023-12-05 12:00:00+08:00,136.0,136.0,136.0,136.0,5141,0.0,0.0
2023-12-05 13:00:00+08:00,136.0,136.0,136.0,136.0,0,0.0,0.0
2023-12-06 10:00:00+08:00,136.0,136.0,136.0,136.0,1736,0.0,0.0
2023-12-06 12:00:00+08:00,136.0,136.0,136.0,136.0,0,0.0,0.0
2023-12-07 11:00:00+08:00,136.0,136.0,136.0,136.0,3222,0.0,0.0
2023-12-08 09:00:00+08:00,136.5,136.5,136.5,136.5,2199,0.0,0.0
2023-12-08 10:00:00+08:00,136.5,136.5,136.5,136.5,2517,0.0,0.0
2023-12-08 11:00:00+08:00,136.0,136.0,136.0,136.0,1860,0.0,0.0
2023-12-08 12:00:00+08:00,136.0,136.0,136.0,136.0,1385,0.0,0.0
2023-12-08 13:00:00+08:00,136.0,136.5,136.0,136.0,6462,0.0,0.0
2023-12-11 09:00:00+08:00,136.0,137.0,136.0,137.0,0,0.0,0.0
2023-12-11 10:00:00+08:00,137.0,137.0,136.0,136.0,13970,0.0,0.0
2023-12-11 11:00:00+08:00,137.0,137.0,136.0,136.0,3681,0.0,0.0
2023-12-11 12:00:00+08:00,136.5,136.5,136.5,136.5,1080,0.0,0.0
2023-12-11 13:00:00+08:00,136.5,136.5,136.5,136.5,1050,0.0,0.0
2023-12-12 09:00:00+08:00,136.5,136.5,136.5,136.5,0,0.0,0.0
2023-12-12 10:00:00+08:00,136.0,136.5,136.0,136.5,2138,0.0,0.0
2023-12-12 11:00:00+08:00,136.5,136.5,136.5,136.5,1892,0.0,0.0
2023-12-12 13:00:00+08:00,136.5,136.5,136.5,136.5,0,0.0,0.0
2023-12-13 09:00:00+08:00,136.0,136.0,136.0,136.0,3772,0.0,0.0
2023-12-13 11:00:00+08:00,136.0,136.0,136.0,136.0,1359,0.0,0.0
2023-12-13 12:00:00+08:00,136.5,136.5,136.0,136.5,3472,0.0,0.0
2023-12-14 09:00:00+08:00,136.0,136.0,136.0,136.0,1567,0.0,0.0
2023-12-14 11:00:00+08:00,136.0,136.5,136.0,136.0,9265,0.0,0.0
2023-12-14 12:00:00+08:00,136.0,137.0,136.0,136.0,17606,0.0,0.0
2023-12-14 13:00:00+08:00,135.5,135.5,135.5,135.5,6358,0.0,0.0
2023-12-15 09:00:00+08:00,135.5,136.0,135.5,136.0,0,0.0,0.0
2023-12-15 13:00:00+08:00,135.5,135.5,135.5,135.5,1156,0.0,0.0
2023-12-18 09:00:00+08:00,135.5,136.0,135.0,136.0,1847,0.0,0.0
2023-12-18 10:00:00+08:00,135.0,135.5,135.0,135.5,3968,0.0,0.0
2023-12-18 11:00:00+08:00,135.5,135.5,135.5,135.5,2837,0.0,0.0
2023-12-18 13:00:00+08:00,136.0,136.0,136.0,136.0,1000,0.0,0.0
2023-12-19 11:00:00+08:00,136.0,136.0,136.0,136.0,2670,0.0,0.0
2023-12-19 12:00:00+08:00,136.0,136.0,136.0,136.0,2086,0.0,0.0
2023-12-20 09:00:00+08:00,136.0,136.0,136.0,136.0,1379,0.0,0.0
2023-12-20 10:00:00+08:00,135.5,135.5,135.5,135.5,6070,0.0,0.0
2023-12-20 11:00:00+08:00,135.5,136.0,135.5,136.0,3336,0.0,0.0
2023-12-20 12:00:00+08:00,136.0,136.0,135.5,135.5,4352,0.0,0.0
2023-12-20 13:00:00+08:00,135.5,136.0,135.5,136.0,2053,0.0,0.0
2023-12-21 11:00:00+08:00,135.5,135.5,135.0,135.0,13093,0.0,0.0
2023-12-21 12:00:00+08:00,135.5,136.0,135.0,135.0,19916,0.0,0.0
2023-12-21 13:00:00+08:00,135.5,135.5,135.5,135.5,0,0.0,0.0
2023-12-22 09:00:00+08:00,135.0,135.0,135.0,135.0,5196,0.0,0.0
2023-12-22 10:00:00+08:00,135.0,135.5,135.0,135.5,4678,0.0,0.0
2023-12-22 11:00:00+08:00,135.5,135.5,135.5,135.5,1085,0.0,0.0
2023-12-22 12:00:00+08:00,135.5,135.5,135.5,135.5,1080,0.0,0.0
2023-12-22 13:00:00+08:00,135.5,136.0,135.0,135.0,15317,0.0,0.0
2023-12-25 09:00:00+08:00,135.0,135.5,135.0,135.5,0,0.0,0.0
2023-12-25 10:00:00+08:00,135.0,135.5,134.5,135.5,10078,0.0,0.0
2023-12-25 12:00:00+08:00,134.5,134.5,134.5,134.5,0,0.0,0.0
2023-12-26 09:00:00+08:00,135.0,135.0,135.0,135.0,5383,0.0,0.0
2023-12-26 10:00:00+08:00,135.0,135.5,135.0,135.5,3524,0.0,0.0
2023-12-26 11:00:00+08:00,135.0,135.0,135.0,135.0,1210,0.0,0.0
2023-12-26 13:00:00+08:00,135.5,135.5,135.5,135.5,1000,0.0,0.0
2023-12-27 09:00:00+08:00,136.0,136.0,136.0,136.0,0,0.0,0.0
2023-12-27 10:00:00+08:00,136.0,136.0,136.0,136.0,1442,0.0,0.0
2023-12-27 11:00:00+08:00,135.5,136.0,135.5,136.0,8278,0.0,0.0
2023-12-27 12:00:00+08:00,136.0,136.0,135.0,135.5,8215,0.0,0.0
2023-12-28 10:00:00+08:00,135.5,135.5,135.5,135.5,2272,0.0,0.0
2023-12-28 11:00:00+08:00,135.5,135.5,135.0,135.5,3584,0.0,0.0
2023-12-28 12:00:00+08:00,135.0,135.5,135.0,135.0,5095,0.0,0.0
2023-12-28 13:00:00+08:00,135.5,135.5,135.0,135.0,4105,0.0,0.0
2023-12-29 09:00:00+08:00,135.0,135.0,135.0,135.0,0,0.0,0.0
2023-12-29 10:00:00+08:00,135.0,135.0,135.0,135.0,3178,0.0,0.0
2023-12-29 12:00:00+08:00,135.5,135.5,135.0,135.0,2464,0.0,0.0
2023-12-29 13:00:00+08:00,135.0,135.5,135.0,135.5,2173,0.0,0.0
2024-01-02 10:00:00+08:00,135.0,135.0,135.0,135.0,1014,0.0,0.0
2024-01-02 12:00:00+08:00,135.5,135.5,135.5,135.5,5830,0.0,0.0
2024-01-02 13:00:00+08:00,136.0,136.0,135.5,135.5,3082,0.0,0.0
2024-01-03 09:00:00+08:00,135.5,135.5,135.5,135.5,1391,0.0,0.0
2024-01-03 11:00:00+08:00,135.0,135.0,135.0,135.0,0,0.0,0.0
2024-01-04 09:00:00+08:00,135.0,135.0,135.0,135.0,2742,0.0,0.0
2024-01-04 10:00:00+08:00,135.0,135.0,135.0,135.0,3589,0.0,0.0
2024-01-04 11:00:00+08:00,135.5,135.5,135.5,135.5,14174,0.0,0.0
2024-01-04 12:00:00+08:00,136.0,136.0,136.0,136.0,0,0.0,0.0
2024-01-05 09:00:00+08:00,136.0,136.0,136.0,136.0,1241,0.0,0.0
2024-01-05 11:00:00+08:00,135.5,135.5,135.5,135.5,1606,0.0,0.0
2024-01-05 12:00:00+08:00,135.5,136.0,135.5,136.0,2421,0.0,0.0
2024-01-08 09:00:00+08:00,135.5,135.5,135.0,135.0,1155,0.0,0.0
2024-01-08 10:00:00+08:00,135.5,135.5,135.5,135.5,1175,0.0,0.0
2024-01-08 11:00:00+08:00,135.5,136.0,135.0,136.0,8000,0.0,0.0
2024-01-08 12:00:00+08:00,136.0,136.0,135.5,136.0,6055,0.0,0.0
2024-01-08 13:00:00+08:00,135.0,135.0,135.0,135.0,1000,0.0,0.0
2024-01-09 09:00:00+08:00,135.0,136.0,135.0,135.5,9483,0.0,0.0
2024-01-09 10:00:00+08:00,135.5,135.5,135.5,135.5,2242,0.0,0.0
2024-01-09 12:00:00+08:00,135.0,135.5,135.0,135.5,3592,0.0,0.0
2024-01-10 09:00:00+08:00,134.5,134.5,134.5,134.5,2905,0.0,0.0
2024-01-10 10:00:00+08:00,135.0,135.0,134.5,134.5,5104,0.0,0.0
2024-01-10 11:00:00+08:00,135.0,135.0,135.0,135.0,1005,0.0,0.0
2024-01-10 12:00:00+08:00,134.5,135.0,134.5,135.0,5909,0.0,0.0
2024-01-10 13:00:00+08:00,135.0,135.0,134.5,134.5,0,0.0,0.0
2024-01-11 11:00:00+08:00,135.0,135.0,134.5,134.5,4358,0.0,0.0
2024-01-11 12:00:00+08:00,134.5,134.5,134.0,134.0,13051,0.0,0.0
2024-01-12 09:00:00+08:00,134.0,134.5,134.0,134.5,2202,0.0,0.0
2024-01-12 10:00:00+08:00,134.5,135.0,134.5,135.0,4198,0.0,0.0
2024-01-12 11:00:00+08:00,134.5,134.5,134.5,134.5,2272,0.0,0.0
2024-01-12 12:00:00+08:00,134.5,135.0,134.5,134.5,8200,0.0,0.0
2024-01-12 13:00:00+08:00,134.5,134.5,134.5,134.5,1020,0.0,0.0
2024-01-15 11:00:00+08:00,134.5,134.5,134.5,134.5,1000,0.0,0.0
2024-01-15 12:00:00+08:00,134.5,134.5,134.0,134.5,7315,0.0,0.0
2024-01-15 13:00:00+08:00,134.5,135.0,134.5,135.0,4544,0.0,0.0
2024-01-16 09:00:00+08:00,134.5,135.5,134.5,134.5,0,0.0,0.0
2024-01-16 10:00:00+08:00,134.5,134.5,134.5,134.5,1277,0.0,0.0
2024-01-16 12:00:00+08:00,134.5,134.5,134.5,134.5,1000,0.0,0.0
2024-01-16 13:00:00+08:00,134.5,134.5,134.5,134.5,3021,0.0,0.0
2024-01-17 09:00:00+08:00,134.5,134.5,134.5,134.5,1000,0.0,0.0
2024-01-17 10:00:00+08:00,135.0,135.5,134.5,135.5,10289,0.0,0.0
2024-01-17 11:00:00+08:00,135.0,135.0,134.5,134.5,2348,0.0,0.0
2024-01-17 12:00:00+08:00,135.0,135.0,134.5,134.5,12010,0.0,0.0
2024-01-17 13:00:00+08:00,134.5,135.0,134.0,134.0,0,0.0,0.0
2024-01-18 09:00:00+08:00,134.0,134.0,133.5,133.5,6793,0.0,0.0
2024-01-18 11:00:00+08:00,133.5,133.5,133.5,133.5,1037,0.0,0.0
2024-01-18 12:00:00+08:00,133.5,134.0,133.5,134.0,5788,0.0,0.0
2024-01-18 13:00:00+08:00,134.5,134.5,134.0,134.0,3140,0.0,0.0
2024-01-19 10:00:00+08:00,134.0,134.0,132.5,133.0,11884,0.0,0.0
2024-01-19 11:00:00+08:00,133.0,134.0,133.0,134.0,3151,0.0,0.0
2024-01-19 12:00:00+08:00,133.5,134.0,133.5,134.0,7393,0.0,0.0
2024-01-19 13:00:00+08:00,134.0,134.0,134.0,134.0,1391,0.0,0.0
2024-01-22 09:00:00+08:00,133.0,134.0,133.0,133.5,0,0.0,0.0
2024-01-22 10:00:00+08:00,133.5,134.0,133.5,134.0,6351,0.0,0.0
2024-01-22 11:00:00+08:00,133.5,133.5,133.5,133.5,4285,0.0,0.0
2024-01-22 13:00:00+08:00,133.5,133.5,133.0,133.0,7633,0.0,0.0
2024-01-23 09:00:00+08:00,133.5,133.5,133.5,133.5,1099,0.0,0.0
2024-01-23 10:00:00+08:00,133.5,135.0,133.5,135.0,13322,0.0,0.0
2024-01-23 13:00:00+08:00,134.0,134.0,134.0,134.0,1000,0.0,0.0
2024-01-24 10:00:00+08:00,134.5,134.5,134.5,134.5,2102,0.0,0.0
2024-01-24 13:00:00+08:00,134.0,134.0,134.0,134.0,3100,0.0,0.0
2024-01-25 10:00:00+08:00,134.0,134.0,134.0,134.0,1277,0.0,0.0
2024-01-25 11:00:00+08:00,134.0,134.0,134.0,134.0,1003,0.0,0.0
2024-01-25 12:00:00+08:00,134.0,134.0,134.0,134.0,2964,0.0,0.0
2024-01-26 09:00:00+08:00,134.0,134.0,134.0,134.0,0,0.0,0.0
2024-01-26 10:00:00+08:00,134.0,134.0,134.0,134.0,2071,0.0,0.0
2024-01-26 11:00:00+08:00,133.5,133.5,133.5,133.5,1082,0.0,0.0
2024-01-26 12:00:00+08:00,133.5,133.5,133.5,133.5,1232,0.0,0.0
2024-01-26 13:00:00+08:00,133.5,133.5,133.5,133.5,4505,0.0,0.0
2024-01-29 09:00:00+08:00,133.5,134.5,133.5,134.5,0,0.0,0.0
2024-01-29 10:00:00+08:00,135.0,135.0,135.0,135.0,1129,0.0,0.0
2024-01-29 11:00:00+08:00,135.0,138.0,135.0,136.5,54605,0.0,0.0
2024-01-29 12:00:00+08:00,136.0,136.0,136.0,136.0,0,0.0,0.0
2024-01-30 11:00:00+08:00,135.0,135.5,134.0,135.5,8084,0.0,0.0
2024-01-30 12:00:00+08:00,135.5,135.5,135.5,135.5,2122,0.0,0.0
2024-01-30 13:00:00+08:00,134.5,134.5,134.5,134.5,0,0.0,0.0
2024-01-31 10:00:00+08:00,134.0,134.0,134.0,134.0,2106,0.0,0.0
2024-01-31 12:00:00+08:00,134.0,134.0,134.0,134.0,4789,0.0,0.0
2024-01-31 13:00:00+08:00,134.0,134.0,133.5,133.5,2195,0.0,0.0
2024-02-01 09:00:00+08:00,133.5,133.5,133.0,133.0,2638,0.0,0.0
2024-02-01 11:00:00+08:00,133.5,133.5,133.0,133.0,3475,0.0,0.0
2024-02-02 09:00:00+08:00,133.5,133.5,133.0,133.0,5142,0.0,0.0
2024-02-02 10:00:00+08:00,133.5,134.0,133.0,134.0,5364,0.0,0.0
2024-02-02 11:00:00+08:00,133.5,133.5,133.5,133.5,1333,0.0,0.0
2024-02-02 12:00:00+08:00,134.0,134.0,134.0,134.0,1292,0.0,0.0
2024-02-02 13:00:00+08:00,133.5,133.5,133.5,133.5,1071,0.0,0.0
2024-02-05 09:00:00+08:00,133.0,133.5,133.0,133.5,2635,0.0,0.0
2024-02-05 11:00:00+08:00,133.5,134.0,133.5,134.0,2400,0.0,0.0
2024-02-05 12:00:00+08:00,134.0,134.0,134.0,134.0,1881,0.0,0.0
2024-02-05 13:00:00+08:00,133.5,134.0,133.5,134.0,2450,0.0,0.0
2024-02-15 09:00:00+08:00,134.0,134.5,133.5,133.5,0,0.0,0.0
2024-02-15 10:00:00+08:00,133.5,134.0,133.5,134.0,3306,0.0,0.0
2024-02-15 11:00:00+08:00,134.0,134.0,134.0,134.0,6737,0.0,0.0
2024-02-15 12:00:00+08:00,134.0,134.5,134.0,134.0,4825,0.0,0.0
2024-02-16 09:00:00+08:00,133.5,134.5,133.5,134.5,8095,0.0,0.0
2024-02-16 11:00:00+08:00,134.5,134.5,134.0,134.0,3618,0.0,0.0
2024-02-16 12:00:00+08:00,134.0,134.0,134.0,134.0,5249,0.0,0.0
2024-02-19 09:00:00+08:00,134.0,134.5,134.0,134.5,0,0.0,0.0
2024-02-19 10:00:00+08:00,134.5,134.5,134.0,134.5,5167,0.0,0.0
2024-02-19 11:00:00+08:00,134.5,135.0,134.5,135.0,10253,0.0,0.0
2024-02-19 12:00:00+08:00,134.5,134.5,134.0,134.5,8050,0.0,0.0
2024-02-19 13:00:00+08:00,134.5,134.5,134.5,134.5,0,0.0,0.0
2024-02-20 10:00:00+08:00,134.5,135.5,134.5,135.5,9942,0.0,0.0
2024-02-20 11:00:00+08:00,135.5,135.5,135.5,135.5,1126,0.0,0.0
2024-02-20 12:00:00+08:00,135.0,135.0,135.0,135.0,3475,0.0,0.0
2024-02-20 13:00:00+08:00,135.0,135.0,135.0,135.0,0,0.0,0.0
2024-02-21 09:00:00+08:00,135.0,135.0,135.0,135.0,1496,0.0,0.0
2024-02-21 10:00:00+08:00,135.0,135.0,134.5,134.5,3130,0.0,0.0
2024-02-21 11:00:00+08:00,134.5,136.0,134.5,136.0,5458,0.0,0.0
2024-02-21 12:00:00+08:00,136.0,136.5,135.5,135.5,27997,0.0,0.0
2024-02-22 09:00:00+08:00,135.5,135.5,135.5,135.5,1000,0.0,0.0
2024-02-22 10:00:00+08:00,135.0,136.0,135.0,135.5,14659,0.0,0.0
2024-02-22 11:00:00+08:00,136.0,136.0,136.0,136.0,6727,0.0,0.0
2024-02-22 12:00:00+08:00,136.0,136.0,136.0,136.0,4007,0.0,0.0
2024-02-22 13:00:00+08:00,136.0,136.0,136.0,136.0,0,0.0,0.0
2024-02-23 09:00:00+08:00,137.0,137.5,136.5,137.0,8022,0.0,0.0
2024-02-23 10:00:00+08:00,137.5,138.0,137.0,138.0,7910,0.0,0.0
2024-02-23 11:00:00+08:00,137.5,138.0,137.5,138.0,8732,0.0,0.0
2024-02-23 12:00:00+08:00,137.5,138.0,137.5,137.5,12644,0.0,0.0
2024-02-23 13:00:00+08:00,137.5,137.5,137.0,137.0,6037,0.0,0.0
2024-02-26 09:00:00+08:00,137.5,137.5,137.5,137.5,0,0.0,0.0
2024-02-26 10:00:00+08:00,138.0,138.5,138.0,138.0,10371,0.0,0.0
2024-02-26 11:00:00+08:00,138.0,138.5,138.0,138.5,17212,0.0,0.0
2024-02-26 12:00:00+08:00,138.5,138.5,138.0,138.5,5392,0.0,0.0
2024-02-26 13:00:00+08:00,139.0,139.5,139.0,139.0,14936,0.0,0.0
2024-02-27 10:00:00+08:00,138.0,138.0,138.0,138.0,4080,0.0,0.0
2024-02-27 11:00:00+08:00,137.5,138.0,137.5,138.0,10703,0.0,0.0
2024-02-27 12:00:00+08:00,138.5,138.5,138.5,138.5,1416,0.0,0.0
2024-02-27 13:00:00+08:00,138.5,140.0,138.5,139.5,17376,0.0,0.0
2024-02-29 10:00:00+08:00,139.0,140.0,139.0,139.0,5244,0.0,0.0
2024-02-29 11:00:00+08:00,139.0,139.5,139.0,139.5,7870,0.0,0.0
2024-03-01 09:00:00+08:00,138.0,138.0,138.0,138.0,2705,0.0,0.0
2024-03-01 10:00:00+08:00,138.5,139.5,138.5,139.5,4052,0.0,0.0
2024-03-01 11:00:00+08:00,138.5,139.0,138.5,139.0,2133,0.0,0.0
2024-03-01 12:00:00+08:00,139.0,140.0,138.5,140.0,20244,0.0,0.0
2024-03-01 13:00:00+08:00,140.0,140.0,139.5,140.0,5048,0.0,0.0
2024-03-04 09:00:00+08:00,139.5,140.0,139.0,140.0,0,0.0,0.0
2024-03-04 10:00:00+08:00,140.0,140.0,139.0,140.0,5629,0.0,0.0
2024-03-04 11:00:00+08:00,139.5,139.5,139.5,139.5,4775,0.0,0.0
2024-03-04 12:00:00+08:00,139.0,139.5,139.0,139.0,8976,0.0,0.0
2024-03-04 13:00:00+08:00,139.5,139.5,139.5,139.5,1192,0.0,0.0
2024-03-05 09:00:00+08:00,139.5,139.5,139.5,139.5,2050,0.0,0.0
2024-03-05 10:00:00+08:00,139.5,139.5,139.0,139.0,4072,0.0,0.0
2024-03-05 11:00:00+08:00,139.0,139.0,139.0,139.0,1449,0.0,0.0
2024-03-05 12:00:00+08:00,139.0,139.5,139.0,139.0,4587,0.0,0.0
2024-03-06 10:00:00+08:00,139.5,140.0,139.0,139.0,7422,0.0,0.0
2024-03-06 11:00:00+08:00,140.0,140.0,140.0,140.0,2070,0.0,0.0
2024-03-06 12:00:00+08:00,140.0,140.0,139.5,139.5,13315,0.0,0.0
2024-03-06 13:00:00+08:00,139.5,140.0,139.5,139.5,3008,0.0,0.0
2024-03-07 09:00:00+08:00,139.5,139.5,139.5,139.5,0,0.0,0.0
2024-03-07 10:00:00+08:00,139.5,140.0,139.5,139.5,4086,0.0,0.0
2024-03-07 11:00:00+08:00,139.5,139.5,139.5,139.5,1084,0.0,0.0
2024-03-07 12:00:00+08:00,139.5,140.0,139.0,139.5,16961,0.0,0.0
2024-03-07 13:00:00+08:00,139.5,139.5,139.0,139.5,3224,0.0,0.0
2024-03-08 09:00:00+08:00,139.0,140.0,139.0,139.0,21156,0.0,0.0
2024-03-08 10:00:00+08:00,139.5,139.5,139.0,139.0,2504,0.0,0.0
2024-03-08 11:00:00+08:00,139.0,139.5,139.0,139.5,5341,0.0,0.0
2024-03-08 12:00:00+08:00,139.5,139.5,139.5,139.5,4439,0.0,0.0
2024-03-08 13:00:00+08:00,139.5,139.5,139.0,139.0,3000,0.0,0.0
2024-03-11 09:00:00+08:00,139.5,140.0,139.0,139.5,0,0.0,0.0
2024-03-11 10:00:00+08:00,139.5,139.5,139.0,139.5,5200,0.0,0.0
2024-03-11 11:00:00+08:00,139.5,139.5,139.5,139.5,4275,0.0,0.0
2024-03-11 12:00:00+08:00,139.0,139.5,139.0,139.5,8429,0.0,0.0
2024-03-11 13:00:00+08:00,139.5,139.5,139.5,139.5,1000,0.0,0.0
2024-03-12 09:00:00+08:00,139.5,140.0,139.5,140.0,0,0.0,0.0
2024-03-12 10:00:00+08:00,139.5,139.5,139.5,139.5,1105,0.0,0.0
2024-03-12 11:00:00+08:00,139.5,140.0,139.5,139.5,6088,0.0,0.0
2024-03-12 12:00:00+08:00,139.5,139.5,139.5,139.5,9000,0.0,0.0
2024-03-12 13:00:00+08:00,139.5,139.5,139.0,139.0,3677,0.0,0.0
2024-03-13 09:00:00+08:00,139.0,139.0,139.0,139.0,0,0.0,0.0
2024-03-13 10:00:00+08:00,139.0,139.5,139.0,139.5,8260,0.0,0.0
2024-03-13 11:00:00+08:00,139.0,139.5,139.0,139.5,21289,0.0,0.0
2024-03-13 12:00:00+08:00,139.5,139.5,139.5,139.5,7132,0.0,0.0
2024-03-14 09:00:00+08:00,139.0,139.0,138.0,138.0,0,0.0,0.0
2024-03-14 10:00:00+08:00,138.0,138.5,138.0,138.5,3561,0.0,0.0
2024-03-14 11:00:00+08:00,138.5,138.5,138.5,138.5,1680,0.0,0.0
2024-03-14 12:00:00+08:00,138.5,139.0,138.5,139.0,6771,0.0,0.0
2024-03-14 13:00:00+08:00,138.5,139.0,138.5,139.0,3357,0.0,0.0
2024-03-15 09:00:00+08:00,139.5,139.5,139.5,139.5,0,0.0,0.0
2024-03-15 10:00:00+08:00,139.0,139.5,139.0,139.0,11802,0.0,0.0
2024-03-15 11:00:00+08:00,139.0,139.0,138.5,138.5,19012,0.0,0.0
2024-03-15 12:00:00+08:00,139.0,139.0,139.0,139.0,1168,0.0,0.0
2024-03-18 09:00:00+08:00,139.0,139.5,139.0,139.5,0,0.0,0.0
2024-03-18 11:00:00+08:00,139.5,139.5,139.5,139.5,8075,0.0,0.0
2024-03-18 12:00:00+08:00,139.5,139.5,139.5,139.5,1000,0.0,0.0
2024-03-18 13:00:00+08:00,139.5,139.5,139.5,139.5,4707,0.0,0.0
2024-03-19 09:00:00+08:00,139.0,139.5,139.0,139.0,0,0.0,0.0
2024-03-19 10:00:00+08:00,139.0,139.5,139.0,139.0,15167,0.0,0.0
2024-03-19 11:00:00+08:00,139.0,139.5,139.0,139.5,10142,0.0,0.0
2024-03-19 12:00:00+08:00,139.0,139.0,139.0,139.0,0,0.0,0.0
2024-03-20 09:00:00+08:00,139.0,139.5,139.0,139.5,5649,0.0,0.0
2024-03-20 10:00:00+08:00,139.5,140.0,139.0,139.5,6591,0.0,0.0
2024-03-20 12:00:00+08:00,140.0,140.0,139.5,140.0,7843,0.0,0.0
2024-03-20 13:00:00+08:00,139.5,139.5,139.5,139.5,1002,0.0,0.0
2024-03-21 09:00:00+08:00,139.5,140.0,139.5,140.0,0,0.0,0.0
2024-03-21 10:00:00+08:00,140.0,140.0,140.0,140.0,2125,0.0,0.0
2024-03-21 11:00:00+08:00,140.0,140.0,140.0,140.0,4504,0.0,0.0
2024-03-21 12:00:00+08:00,140.0,140.0,139.5,140.0,5937,0.0,0.0
2024-03-21 13:00:00+08:00,140.0,140.0,140.0,140.0,4441,0.0,0.0
2024-03-22 09:00:00+08:00,139.5,140.0,139.5,139.5,0,0.0,0.0
2024-03-22 10:00:00+08:00,139.5,140.0,139.5,139.5,7203,0.0,0.0
2024-03-22 11:00:00+08:00,139.5,139.5,139.5,139.5,7530,0.0,0.0
2024-03-22 12:00:00+08:00,139.5,139.5,139.0,139.0,5450,0.0,0.0
2024-03-22 13:00:00+08:00,139.5,139.5,139.5,139.5,4000,0.0,0.0
2024-03-25 09:00:00+08:00,139.5,139.5,139.5,139.5,0,0.0,0.0
2024-03-25 11:00:00+08:00,139.5,140.0,139.5,140.0,4065,0.0,0.0
2024-03-25 13:00:00+08:00,140.0,140.0,140.0,140.0,1715,0.0,0.0
2024-03-26 09:00:00+08:00,140.0,140.0,139.5,139.5,0,0.0,0.0
2024-03-26 10:00:00+08:00,140.0,140.5,139.5,139.5,18111,0.0,0.0
2024-03-26 11:00:00+08:00,139.5,140.0,139.5,140.0,9305,0.0,0.0
2024-03-26 12:00:00+08:00,140.0,140.5,140.0,140.0,7471,0.0,0.0
2024-03-26 13:00:00+08:00,139.5,139.5,139.5,139.5,1356,0.0,0.0
2024-03-27 09:00:00+08:00,140.0,140.0,140.0,140.0,0,0.0,0.0
2024-03-27 10:00:00+08:00,139.5,139.5,139.5,139.5,1379,0.0,0.0
2024-03-27 11:00:00+08:00,140.0,140.0,140.0,140.0,2641,0.0,0.0
2024-03-27 12:00:00+08:00,140.0,140.0,139.5,139.5,5210,0.0,0.0
2024-03-27 13:00:00+08:00,140.0,140.0,139.5,140.0,6091,0.0,0.0
2024-03-28 09:00:00+08:00,140.0,140.5,140.0,140.5,0,0.0,0.0
2024-03-28 10:00:00+08:00,140.5,140.5,140.5,140.5,1000,0.0,0.0
2024-03-28 11:00:00+08:00,140.5,140.5,140.0,140.0,6454,0.0,0.0
2024-03-28 12:00:00+08:00,140.5,140.5,140.5,140.5,9533,0.0,0.0
2024-03-28 13:00:00+08:00,140.5,140.5,140.5,140.5,1000,0.0,0.0
2024-03-29 10:00:00+08:00,140.5,140.5,140.5,140.5,1467,0.0,0.0
2024-03-29 11:00:00+08:00,140.5,140.5,140.5,140.5,5079,0.0,0.0
2024-03-29 12:00:00+08:00,140.5,140.5,140.0,140.0,5175,0.0,0.0
2024-03-29 13:00:00+08:00,140.5,140.5,140.5,140.5,6585,0.0,0.0
2024-04-01 09:00:00+08:00,140.5,140.5,140.5,140.5,0,0.0,0.0
2024-04-01 10:00:00+08:00,140.5,141.0,140.5,141.0,7176,0.0,0.0
2024-04-01 11:00:00+08:00,141.0,141.0,141.0,141.0,2355,0.0,0.0
2024-04-01 12:00:00+08:00,141.0,141.0,141.0,141.0,3947,0.0,0.0
2024-04-01 13:00:00+08:00,140.5,140.5,140.5,140.5,4095,0.0,0.0
2024-04-02 09:00:00+08:00,141.0,141.0,141.0,141.0,0,0.0,0.0
2024-04-02 10:00:00+08:00,141.0,141.0,140.5,140.5,11271,0.0,0.0
2024-04-02 11:00:00+08:00,140.5,141.0,140.5,141.0,3678,0.0,0.0
2024-04-02 12:00:00+08:00,140.5,140.5,140.5,140.5,1120,0.0,0.0
2024-04-02 13:00:00+08:00,141.0,141.0,140.5,140.5,2032,0.0,0.0
2024-04-03 10:00:00+08:00,141.0,141.0,140.5,140.5,2241,0.0,0.0
2024-04-03 12:00:00+08:00,140.5,141.0,140.5,141.0,2335,0.0,0.0
2024-04-03 13:00:00+08:00,140.0,140.0,140.0,140.0,5754,0.0,0.0
2024-04-08 09:00:00+08:00,140.0,140.0,139.0,139.5,3857,0.0,0.0
2024-04-08 10:00:00+08:00,140.0,140.0,140.0,140.0,2254,0.0,0.0
2024-04-08 11:00:00+08:00,140.0,140.5,140.0,140.5,3129,0.0,0.0
2024-04-08 12:00:00+08:00,140.0,140.5,140.0,140.0,7379,0.0,0.0
2024-04-09 10:00:00+08:00,139.5,139.5,139.5,139.5,3601,0.0,0.0
2024-04-09 12:00:00+08:00,140.0,140.0,140.0,140.0,1394,0.0,0.0
2024-04-09 13:00:00+08:00,140.0,140.0,140.0,140.0,0,0.0,0.0
2024-04-10 09:00:00+08:00,140.0,140.0,139.5,140.0,6057,0.0,0.0
2024-04-10 10:00:00+08:00,140.0,140.0,139.5,140.0,5567,0.0,0.0
2024-04-10 11:00:00+08:00,140.0,140.5,139.5,140.0,7885,0.0,0.0
2024-04-10 12:00:00+08:00,140.0,140.0,140.0,140.0,2943,0.0,0.0
2024-04-11 09:00:00+08:00,140.0,140.0,139.5,140.0,4554,0.0,0.0
2024-04-11 10:00:00+08:00,140.0,140.0,139.5,140.0,5258,0.0,0.0
2024-04-12 10:00:00+08:00,139.5,140.0,139.5,140.0,9406,0.0,0.0
2024-04-15 09:00:00+08:00,139.5,140.0,139.5,140.0,0,0.0,0.0
2024-04-15 10:00:00+08:00,140.0,140.0,139.5,140.0,9477,0.0,0.0
2024-04-15 11:00:00+08:00,140.0,140.0,139.5,139.5,3251,0.0,0.0
2024-04-15 12:00:00+08:00,140.0,140.0,139.5,139.5,4209,0.0,0.0
2024-04-15 13:00:00+08:00,139.5,140.0,139.5,140.0,2080,0.0,0.0
2024-04-16 09:00:00+08:00,139.0,139.5,139.0,139.5,0,0.0,0.0
2024-04-16 10:00:00+08:00,139.0,139.5,139.0,139.5,9741,0.0,0.0
2024-04-16 11:00:00+08:00,139.0,139.5,139.0,139.5,4238,0.0,0.0
2024-04-16 12:00:00+08:00,139.5,139.5,139.0,139.5,4766,0.0,0.0
2024-04-16 13:00:00+08:00,139.5,139.5,139.5,139.5,2050,0.0,0.0
2024-04-17 09:00:00+08:00,139.0,140.0,139.0,140.0,0,0.0,0.0
2024-04-17 12:00:00+08:00,140.0,140.0,140.0,140.0,1112,0.0,0.0
2024-04-17 13:00:00+08:00,140.0,140.0,140.0,140.0,2115,0.0,0.0
2024-04-18 09:00:00+08:00,139.5,139.5,139.0,139.5,7321,0.0,0.0
2024-04-18 10:00:00+08:00,139.5,139.5,139.5,139.5,0,0.0,0.0
2024-04-18 11:00:00+08:00,139.5,139.5,139.5,139.5,17470,0.0,0.0
2024-04-18 12:00:00+08:00,139.5,139.5,139.0,139.0,3047,0.0,0.0
2024-04-18 13:00:00+08:00,139.0,139.0,139.0,139.0,1172,0.0,0.0
2024-04-19 09:00:00+08:00,139.5,139.5,139.0,139.0,313,0.0,0.0
2024-04-19 10:00:00+08:00,139.0,139.5,139.0,139.0,5695,0.0,0.0
2024-04-19 11:00:00+08:00,139.0,139.0,139.0,139.0,6877,0.0,0.0
2024-04-19 12:00:00+08:00,139.0,139.0,139.0,139.0,3499,0.0,0.0
2024-04-19 13:00:00+08:00,139.0,139.5,139.0,139.5,3434,0.0,0.0
2024-04-22 10:00:00+08:00,139.5,139.5,139.5,139.5,0,0.0,0.0
2024-04-22 11:00:00+08:00,140.0,140.0,140.0,140.0,2158,0.0,0.0
2024-04-22 12:00:00+08:00,139.5,139.5,139.5,139.5,3323,0.0,0.0
2024-04-22 13:00:00+08:00,139.5,139.5,139.0,139.0,8146,0.0,0.0
2024-04-23 11:00:00+08:00,139.5,140.0,139.5,139.5,5366,0.0,0.0
2024-04-23 12:00:00+08:00,139.5,139.5,139.5,139.5,2605,0.0,0.0
2024-04-23 13:00:00+08:00,139.5,139.5,139.5,139.5,0,0.0,0.0
2024-04-24 09:00:00+08:00,139.5,139.5,139.5,139.5,3315,0.0,0.0
2024-04-24 10:00:00+08:00,139.5,139.5,139.5,139.5,3258,0.0,0.0
2024-04-24 11:00:00+08:00,139.5,139.5,139.5,139.5,1000,0.0,0.0
2024-04-24 12:00:00+08:00,139.5,139.5,139.5,139.5,5231,0.0,0.0
2024-04-24 13:00:00+08:00,139.0,139.5,139.0,139.5,0,0.0,0.0
2024-04-25 09:00:00+08:00,140.0,140.0,140.0,140.0,2396,0.0,0.0
2024-04-25 10:00:00+08:00,139.5,139.5,139.0,139.0,2470,0.0,0.0
2024-04-25 12:00:00+08:00,139.5,139.5,139.5,139.5,2000,0.0,0.0
2024-04-25 13:00:00+08:00,140.0,140.0,140.0,140.0,1336,0.0,0.0
2024-04-26 10:00:00+08:00,139.5,139.5,139.5,139.5,2510,0.0,0.0
2024-04-26 11:00:00+08:00,139.5,139.5,139.0,139.5,5148,0.0,0.0
2024-04-26 12:00:00+08:00,139.0,139.0,139.0,139.0,1035,0.0,0.0
2024-04-26 13:00:00+08:00,139.5,139.5,139.5,139.5,2252,0.0,0.0
2024-04-29 09:00:00+08:00,139.5,140.0,139.5,140.0,0,0.0,0.0
2024-04-29 10:00:00+08:00,139.5,140.0,139.5,139.5,13071,0.0,0.0
2024-04-29 11:00:00+08:00,139.5,140.0,139.0,140.0,12623,0.0,0.0
2024-04-29 13:00:00+08:00,140.0,140.0,139.5,139.5,3082,0.0,0.0
2024-04-30 09:00:00+08:00,140.0,140.5,139.5,140.5,0,0.0,0.0
2024-04-30 10:00:00+08:00,140.0,140.5,140.0,140.5,5119,0.0,0.0
2024-04-30 11:00:00+08:00,140.0,140.0,139.5,139.5,9460,0.0,0.0
2024-04-30 12:00:00+08:00,140.0,140.0,140.0,140.0,3403,0.0,0.0
2024-04-30 13:00:00+08:00,140.0,140.5,140.0,140.5,3000,0.0,0.0
2024-05-02 09:00:00+08:00,140.5,141.0,140.5,141.0,0,0.0,0.0
2024-05-02 10:00:00+08:00,140.5,140.5,140.0,140.0,2633,0.0,0.0
2024-05-02 11:00:00+08:00,140.5,140.5,140.5,140.5,1190,0.0,0.0
2024-05-02 12:00:00+08:00,140.5,140.5,140.5,140.5,3501,0.0,0.0
2024-05-02 13:00:00+08:00,140.5,141.0,140.5,140.5,4032,0.0,0.0
2024-05-03 10:00:00+08:00,140.0,140.0,140.0,140.0,0,0.0,0.0
2024-05-03 12:00:00+08:00,140.0,140.0,140.0,140.0,3405,0.0,0.0
2024-05-03 13:00:00+08:00,140.0,140.5,140.0,140.0,5122,0.0,0.0
2024-05-06 09:00:00+08:00,141.0,141.0,140.5,140.5,0,0.0,0.0
2024-05-06 11:00:00+08:00,140.5,141.0,140.5,140.5,4931,0.0,0.0
2024-05-06 13:00:00+08:00,140.5,140.5,140.5,140.5,5035,0.0,0.0
2024-05-07 09:00:00+08:00,141.0,141.0,140.0,140.0,6537,0.0,0.0
2024-05-07 11:00:00+08:00,140.5,140.5,140.5,140.5,1438,0.0,0.0
2024-05-07 12:00:00+08:00,140.5,141.5,140.5,141.0,5532,0.0,0.0
2024-05-08 09:00:00+08:00,140.5,141.0,140.0,140.5,3817,0.0,0.0
2024-05-08 10:00:00+08:00,140.0,140.0,140.0,140.0,4999,0.0,0.0
2024-05-08 11:00:00+08:00,140.0,140.0,140.0,140.0,2040,0.0,0.0
2024-05-08 12:00:00+08:00,140.5,140.5,140.5,140.5,3232,0.0,0.0
2024-05-08 13:00:00+08:00,140.5,140.5,140.5,140.5,3013,0.0,0.0
2024-05-09 09:00:00+08:00,145.5,145.5,142.0,142.0,9500,0.0,0.0
2024-05-09 10:00:00+08:00,142.0,143.0,142.0,143.0,6473,0.0,0.0
2024-05-09 11:00:00+08:00,143.0,143.5,143.0,143.0,16493,0.0,0.0
2024-05-09 12:00:00+08:00,143.5,143.5,143.0,143.0,11635,0.0,0.0
2024-05-09 13:00:00+08:00,143.0,143.0,143.0,143.0,5368,0.0,0.0
2024-05-10 09:00:00+08:00,143.0,143.0,142.0,142.5,0,0.0,0.0
2024-05-10 10:00:00+08:00,142.5,142.5,142.5,142.5,5577,0.0,0.0
2024-05-10 11:00:00+08:00,142.5,142.5,142.0,142.0,11950,0.0,0.0
2024-05-13 09:00:00+08:00,142.5,142.5,142.0,142.0,0,0.0,0.0
2024-05-13 10:00:00+08:00,142.0,142.0,141.5,142.0,16283,0.0,0.0
2024-05-13 11:00:00+08:00,142.0,142.0,141.5,142.0,5323,0.0,0.0
2024-05-13 12:00:00+08:00,142.0,142.0,142.0,142.0,3283,0.0,0.0
2024-05-13 13:00:00+08:00,142.0,142.0,141.5,141.5,4012,0.0,0.0
2024-05-14 09:00:00+08:00,142.5,143.0,142.5,142.5,0,0.0,0.0
2024-05-14 10:00:00+08:00,142.5,143.0,142.5,143.0,5206,0.0,0.0
2024-05-14 11:00:00+08:00,143.0,143.0,143.0,143.0,6973,0.0,0.0
2024-05-14 12:00:00+08:00,143.0,143.0,142.5,142.5,4374,0.0,0.0
2024-05-14 13:00:00+08:00,142.5,143.0,142.5,143.0,2058,0.0,0.0
2024-05-15 09:00:00+08:00,142.5,143.0,142.0,142.5,0,0.0,0.0
2024-05-15 10:00:00+08:00,143.0,143.0,142.5,142.5,6654,0.0,0.0
2024-05-15 11:00:00+08:00,142.5,142.5,142.0,142.5,7710,0.0,0.0
2024-05-15 13:00:00+08:00,142.0,142.0,142.0,142.0,9126,0.0,0.0
2024-05-16 09:00:00+08:00,142.0,142.5,142.0,142.0,8145,0.0,0.0
2024-05-16 10:00:00+08:00,142.5,143.0,142.0,143.0,8848,0.0,0.0
2024-05-16 11:00:00+08:00,143.0,143.0,142.5,142.5,14043,0.0,0.0
2024-05-16 12:00:00+08:00,143.0,143.0,142.5,142.5,14091,0.0,0.0
2024-05-16 13:00:00+08:00,143.0,143.0,142.5,142.5,2491,0.0,0.0
2024-05-17 09:00:00+08:00,143.0,143.0,142.5,143.0,0,0.0,0.0
2024-05-17 10:00:00+08:00,143.5,143.5,143.5,143.5,13159,0.0,0.0
2024-05-17 11:00:00+08:00,143.5,143.5,143.5,143.5,9115,0.0,0.0
2024-05-17 12:00:00+08:00,143.5,143.5,143.0,143.5,3080,0.0,0.0
2024-05-17 13:00:00+08:00,143.5,143.5,143.0,143.0,8205,0.0,0.0
2024-05-20 09:00:00+08:00,142.5,142.5,142.5,142.5,0,0.0,0.0
2024-05-20 10:00:00+08:00,143.0,143.0,142.5,143.0,4646,0.0,0.0
2024-05-20 11:00:00+08:00,143.0,143.5,143.0,143.5,14229,0.0,0.0
2024-05-20 12:00:00+08:00,143.0,143.0,143.0,143.0,4255,0.0,0.0
2024-05-20 13:00:00+08:00,143.0,143.5,143.0,143.0,4035,0.0,0.0
2024-05-21 09:00:00+08:00,142.5,144.0,142.5,144.0,0,0.0,0.0
2024-05-21 10:00:00+08:00,142.5,143.0,142.5,143.0,3000,0.0,0.0
2024-05-21 11:00:00+08:00,143.0,143.0,142.5,143.0,3341,0.0,0.0
2024-05-22 09:00:00+08:00,143.0,143.0,143.0,143.0,1037,0.0,0.0
2024-05-22 10:00:00+08:00,143.5,143.5,143.5,143.5,1038,0.0,0.0
2024-05-22 11:00:00+08:00,143.5,144.0,143.5,144.0,3117,0.0,0.0
2024-05-22 12:00:00+08:00,144.0,144.0,143.0,143.0,4098,0.0,0.0
2024-05-22 13:00:00+08:00,143.5,144.0,143.5,143.5,4084,0.0,0.0
2024-05-23 09:00:00+08:00,142.5,143.0,142.5,143.0,0,0.0,0.0
2024-05-23 10:00:00+08:00,142.5,142.5,142.5,142.5,3378,0.0,0.0
2024-05-23 11:00:00+08:00,143.5,144.0,142.5,144.0,0,0.0,0.0
2024-05-24 10:00:00+08:00,142.5,144.0,142.0,143.0,14148,0.0,0.0
2024-05-24 11:00:00+08:00,143.0,143.0,142.5,142.5,3689,0.0,0.0
2024-05-24 12:00:00+08:00,142.5,142.5,142.5,142.5,8010,0.0,0.0
2024-05-24 13:00:00+08:00,143.0,143.0,143.0,143.0,1265,0.0,0.0
2024-05-27 09:00:00+08:00,142.5,143.5,142.0,142.5,0,0.0,0.0
2024-05-27 10:00:00+08:00,142.0,142.0,141.5,141.5,6660,0.0,0.0
2024-05-27 11:00:00+08:00,142.0,142.5,142.0,142.5,8236,0.0,0.0
2024-05-27 12:00:00+08:00,142.0,142.5,142.0,142.5,5235,0.0,0.0
2024-05-27 13:00:00+08:00,142.0,142.0,142.0,142.0,3000,0.0,0.0
2024-05-28 09:00:00+08:00,143.0,143.0,142.0,143.0,0,0.0,0.0
2024-05-28 10:00:00+08:00,142.5,142.5,142.0,142.0,4362,0.0,0.0
2024-05-28 11:00:00+08:00,142.0,142.5,142.0,142.5,2200,0.0,0.0
2024-05-28 12:00:00+08:00,142.5,142.5,142.0,142.0,3025,0.0,0.0
2024-05-28 13:00:00+08:00,142.0,142.5,142.0,142.0,5296,0.0,0.0
2024-05-29 09:00:00+08:00,142.5,142.5,142.0,142.0,0,0.0,0.0
2024-05-29 10:00:00+08:00,142.0,142.5,142.0,142.5,3302,0.0,0.0
2024-05-29 11:00:00+08:00,142.5,142.5,142.0,142.0,5142,0.0,0.0
2024-05-29 12:00:00+08:00,142.0,143.0,142.0,142.5,10443,0.0,0.0
2024-05-29 13:00:00+08:00,142.0,142.5,142.0,142.0,5011,0.0,0.0
2024-05-30 09:00:00+08:00,142.5,143.0,142.0,142.5,18185,0.0,0.0
2024-05-30 10:00:00+08:00,142.5,143.0,142.5,142.5,7344,0.0,0.0
2024-05-30 11:00:00+08:00,142.5,142.5,142.5,142.5,1053,0.0,0.0
2024-05-30 12:00:00+08:00,142.5,142.5,142.5,142.5,5751,0.0,0.0
2024-05-30 13:00:00+08:00,142.5,143.0,142.5,143.0,4078,0.0,0.0
2024-05-31 09:00:00+08:00,143.0,143.0,143.0,143.0,0,0.0,0.0
2024-05-31 10:00:00+08:00,142.5,142.5,142.5,142.5,13274,0.0,0.0
2024-05-31 11:00:00+08:00,142.5,143.0,142.0,143.0,6088,0.0,0.0
2024-05-31 12:00:00+08:00,143.0,143.0,142.0,142.0,5476,0.0,0.0
2024-06-03 10:00:00+08:00,142.5,142.5,142.5,142.5,0,0.0,0.0
2024-06-03 11:00:00+08:00,143.0,143.5,143.0,143.5,3266,0.0,0.0
2024-06-03 12:00:00+08:00,143.5,143.5,142.5,143.0,6322,0.0,0.0
2024-06-03 13:00:00+08:00,143.0,143.0,143.0,143.0,0,0.0,0.0
2024-06-04 09:00:00+08:00,142.5,143.5,142.5,143.5,6071,0.0,0.0
2024-06-04 10:00:00+08:00,143.5,144.0,143.5,144.0,4040,0.0,0.0
2024-06-04 11:00:00+08:00,143.0,143.5,143.0,143.0,7500,0.0,0.0
2024-06-04 12:00:00+08:00,143.0,143.0,142.5,143.0,5228,0.0,0.0
2024-06-04 13:00:00+08:00,143.0,143.5,143.0,143.5,5000,0.0,0.0
2024-06-05 10:00:00+08:00,142.5,143.5,142.5,143.5,4347,0.0,0.0
2024-06-05 11:00:00+08:00,143.0,143.0,142.5,142.5,4865,0.0,0.0
2024-06-05 13:00:00+08:00,143.0,143.0,143.0,143.0,5044,0.0,0.0
2024-06-06 09:00:00+08:00,143.5,143.5,143.5,143.5,0,0.0,0.0
2024-06-06 10:00:00+08:00,143.5,144.0,143.0,144.0,11700,0.0,0.0
2024-06-06 11:00:00+08:00,143.5,143.5,143.0,143.0,6164,0.0,0.0
2024-06-06 12:00:00+08:00,143.5,144.0,143.0,143.0,20306,0.0,0.0
2024-06-06 13:00:00+08:00,143.5,144.0,143.5,144.0,4706,0.0,0.0
2024-06-07 09:00:00+08:00,144.5,144.5,144.5,144.5,3158,0.0,0.0
2024-06-07 10:00:00+08:00,144.5,144.5,144.0,144.0,6118,0.0,0.0
2024-06-07 11:00:00+08:00,144.0,144.0,144.0,144.0,2788,0.0,0.0
2024-06-07 12:00:00+08:00,144.0,144.0,143.5,143.5,8112,0.0,0.0
2024-06-07 13:00:00+08:00,144.0,144.0,144.0,144.0,7234,0.0,0.0
2024-06-11 09:00:00+08:00,144.0,144.0,143.5,143.5,0,0.0,0.0
2024-06-11 10:00:00+08:00,143.5,143.5,143.0,143.5,9902,0.0,0.0
2024-06-11 11:00:00+08:00,143.5,143.5,143.5,143.5,6117,0.0,0.0
2024-06-11 12:00:00+08:00,143.5,144.0,143.5,144.0,19362,0.0,0.0
2024-06-11 13:00:00+08:00,143.5,143.5,143.5,143.5,4000,0.0,0.0
2024-06-12 09:00:00+08:00,144.0,144.5,144.0,144.5,0,0.0,0.0
2024-06-12 10:00:00+08:00,144.5,144.5,143.5,143.5,9957,0.0,0.0
2024-06-12 11:00:00+08:00,143.5,144.5,143.5,144.0,20098,0.0,0.0
2024-06-12 12:00:00+08:00,144.0,144.5,143.5,144.0,26659,0.0,0.0
2024-06-12 13:00:00+08:00,144.0,144.5,144.0,144.0,8397,0.0,0.0
2024-06-13 09:00:00+08:00,145.0,146.0,145.0,145.0,0,0.0,0.0
2024-06-13 10:00:00+08:00,145.0,146.0,145.0,145.0,37751,0.0,0.0
2024-06-13 11:00:00+08:00,145.5,146.0,145.0,145.5,19978,0.0,0.0
2024-06-13 12:00:00+08:00,145.5,147.0,145.5,146.5,78168,0.0,0.0
2024-06-13 13:00:00+08:00,146.0,146.5,145.5,146.5,60751,0.0,0.0
2024-06-14 09:00:00+08:00,139.0,139.5,138.5,139.0,0,0.0,0.0
2024-06-14 10:00:00+08:00,139.0,139.0,138.5,138.5,19780,0.0,0.0
2024-06-14 11:00:00+08:00,138.5,139.0,138.5,138.5,20895,0.0,0.0
2024-06-14 12:00:00+08:00,138.5,139.0,138.5,139.0,22250,0.0,0.0
2024-06-14 13:00:00+08:00,138.5,139.0,138.5,139.0,16752,0.0,0.0
2024-06-17 09:00:00+08:00,139.5,139.5,138.0,139.0,0,0.0,0.0
2024-06-17 10:00:00+08:00,139.0,139.5,138.5,138.5,7692,0.0,0.0
2024-06-17 11:00:00+08:00,138.5,139.0,137.5,139.0,44679,0.0,0.0
2024-06-17 12:00:00+08:00,138.5,139.0,138.5,138.5,7493,0.0,0.0
2024-06-17 13:00:00+08:00,138.5,138.5,138.5,138.5,1077,0.0,0.0
2024-06-18 09:00:00+08:00,139.0,139.0,138.0,138.0,0,0.0,0.0
2024-06-18 10:00:00+08:00,138.0,138.5,138.0,138.0,5450,0.0,0.0
2024-06-18 11:00:00+08:00,138.0,138.5,138.0,138.5,3618,0.0,0.0
2024-06-18 12:00:00+08:00,138.5,138.5,138.0,138.0,3579,0.0,0.0
2024-06-18 13:00:00+08:00,138.0,138.5,138.0,138.5,2401,0.0,0.0
2024-06-19 09:00:00+08:00,138.0,138.0,137.5,138.0,0,0.0,0.0
2024-06-19 10:00:00+08:00,138.0,139.0,136.5,137.0,70685,0.0,0.0
2024-06-19 11:00:00+08:00,137.0,138.0,136.5,138.0,30357,0.0,0.0
2024-06-19 12:00:00+08:00,138.0,138.0,137.5,137.5,5413,0.0,0.0
2024-06-19 13:00:00+08:00,137.5,137.5,137.5,137.5,6470,0.0,0.0
2024-06-20 09:00:00+08:00,137.0,137.5,137.0,137.5,0,0.0,0.0
2024-06-20 10:00:00+08:00,137.5,137.5,137.5,137.5,1631,0.0,0.0
2024-06-20 11:00:00+08:00,137.5,138.0,137.5,138.0,4635,0.0,0.0
2024-06-20 12:00:00+08:00,138.0,138.5,137.5,138.5,6367,0.0,0.0
2024-06-20 13:00:00+08:00,138.0,138.0,138.0,138.0,3136,0.0,0.0
2024-06-21 09:00:00+08:00,138.0,138.5,138.0,138.0,0,0.0,0.0
2024-06-21 10:00:00+08:00,138.5,138.5,138.0,138.0,2512,0.0,0.0
2024-06-21 11:00:00+08:00,138.0,138.0,138.0,138.0,1384,0.0,0.0
2024-06-21 12:00:00+08:00,138.0,138.5,138.0,138.5,2780,0.0,0.0
2024-06-21 13:00:00+08:00,138.0,138.0,138.0,138.0,2008,0.0,0.0
2024-06-24 09:00:00+08:00,139.0,139.0,138.0,138.0,0,0.0,0.0
2024-06-24 10:00:00+08:00,138.5,138.5,138.5,138.5,2715,0.0,0.0
2024-06-24 12:00:00+08:00,139.0,139.0,138.5,138.5,2100,0.0,0.0
2024-06-24 13:00:00+08:00,138.5,138.5,138.5,138.5,3258,0.0,0.0
2024-06-25 09:00:00+08:00,138.0,138.5,138.0,138.5,0,0.0,0.0
2024-06-25 10:00:00+08:00,138.5,138.5,138.5,138.5,2100,0.0,0.0
2024-06-25 11:00:00+08:00,138.5,138.5,138.5,138.5,3127,0.0,0.0
2024-06-25 12:00:00+08:00,138.0,138.0,138.0,138.0,1107,0.0,0.0
2024-06-25 13:00:00+08:00,138.5,138.5,138.0,138.0,5983,0.0,0.0
2024-06-26 10:00:00+08:00,138.0,138.5,138.0,138.5,2595,0.0,0.0
2024-06-26 12:00:00+08:00,138.5,138.5,138.0,138.0,2074,0.0,0.0
2024-06-26 13:00:00+08:00,138.0,138.5,138.0,138.5,3412,0.0,0.0
2024-06-27 09:00:00+08:00,138.0,138.0,138.0,138.0,0,0.0,0.0
2024-06-27 10:00:00+08:00,138.0,138.5,137.5,137.5,11079,0.0,0.0
2024-06-27 11:00:00+08:00,138.5,138.5,138.5,138.5,2242,0.0,0.0
2024-06-27 13:00:00+08:00,138.0,138.5,138.0,138.5,4002,0.0,0.0
2024-06-28 09:00:00+08:00,138.0,138.0,138.0,138.0,2040,0.0,0.0
2024-06-28 10:00:00+08:00,138.0,138.0,138.0,138.0,5868,0.0,0.0
2024-06-28 11:00:00+08:00,138.0,138.5,138.0,138.5,12278,0.0,0.0
2024-06-28 12:00:00+08:00,138.0,138.5,138.0,138.5,2373,0.0,0.0
2024-06-28 13:00:00+08:00,138.0,138.0,138.0,138.0,2258,0.0,0.0
2024-07-01 09:00:00+08:00,137.5,139.0,137.5,138.5,0,0.0,0.0
2024-07-01 10:00:00+08:00,138.5,138.5,138.0,138.0,4021,0.0,0.0
2024-07-01 11:00:00+08:00,138.0,138.5,138.0,138.5,7736,0.0,0.0
2024-07-01 12:00:00+08:00,138.0,138.5,138.0,138.5,5213,0.0,0.0
2024-07-01 13:00:00+08:00,139.0,139.0,139.0,139.0,1100,0.0,0.0
2024-07-02 10:00:00+08:00,138.5,138.5,138.0,138.0,4166,0.0,0.0
2024-07-02 11:00:00+08:00,138.0,138.5,137.5,137.5,5850,0.0,0.0
2024-07-02 12:00:00+08:00,138.0,138.0,138.0,138.0,3007,0.0,0.0
2024-07-03 09:00:00+08:00,138.5,138.5,138.5,138.5,2118,0.0,0.0
2024-07-03 10:00:00+08:00,138.0,138.5,138.0,138.0,7052,0.0,0.0
2024-07-03 11:00:00+08:00,138.0,138.0,138.0,138.0,3398,0.0,0.0
2024-07-03 12:00:00+08:00,138.0,138.5,138.0,138.0,10940,0.0,0.0
2024-07-03 13:00:00+08:00,138.0,138.0,138.0,138.0,1200,0.0,0.0
2024-07-04 09:00:00+08:00,137.5,138.0,137.5,137.5,12349,0.0,0.0
2024-07-04 10:00:00+08:00,137.5,137.5,137.5,137.5,5340,0.0,0.0
2024-07-04 11:00:00+08:00,137.5,138.0,137.5,138.0,6316,0.0,0.0
2024-07-04 12:00:00+08:00,137.5,138.0,137.5,137.5,6547,0.0,0.0
2024-07-05 09:00:00+08:00,137.5,138.0,137.5,138.0,0,0.0,0.0
2024-07-05 10:00:00+08:00,137.5,137.5,137.5,137.5,3103,0.0,0.0
2024-07-05 11:00:00+08:00,137.5,137.5,137.5,137.5,4118,0.0,0.0
2024-07-05 12:00:00+08:00,137.5,137.5,137.5,137.5,5731,0.0,0.0
2024-07-05 13:00:00+08:00,137.5,137.5,137.5,137.5,1000,0.0,0.0
2024-07-08 09:00:00+08:00,137.5,138.0,137.5,137.5,0,0.0,0.0
2024-07-08 10:00:00+08:00,138.0,138.5,138.0,138.0,4325,0.0,0.0
2024-07-08 11:00:00+08:00,138.0,138.0,138.0,138.0,1964,0.0,0.0
2024-07-08 12:00:00+08:00,138.0,138.0,138.0,138.0,1353,0.0,0.0
2024-07-08 13:00:00+08:00,138.5,139.0,138.0,138.5,0,0.0,0.0
2024-07-09 09:00:00+08:00,139.0,139.5,139.0,139.5,5799,0.0,0.0
2024-07-09 10:00:00+08:00,139.5,140.0,139.0,139.5,22267,0.0,0.0
2024-07-09 11:00:00+08:00,140.0,140.0,139.0,139.0,11261,0.0,0.0
2024-07-09 12:00:00+08:00,139.0,139.0,139.0,139.0,1309,0.0,0.0
2024-07-10 09:00:00+08:00,139.0,139.0,139.0,139.0,3383,0.0,0.0
2024-07-10 10:00:00+08:00,139.0,139.5,139.0,139.5,6285,0.0,0.0
2024-07-10 11:00:00+08:00,139.5,139.5,139.5,139.5,1011,0.0,0.0
2024-07-10 12:00:00+08:00,139.0,139.0,139.0,139.0,4357,0.0,0.0
2024-07-10 13:00:00+08:00,138.5,138.5,138.5,138.5,1415,0.0,0.0
2024-07-11 09:00:00+08:00,139.0,139.5,138.5,139.5,14744,0.0,0.0
2024-07-11 10:00:00+08:00,139.5,140.0,139.0,139.0,10149,0.0,0.0
2024-07-11 11:00:00+08:00,138.5,139.0,138.5,139.0,4061,0.0,0.0
2024-07-11 12:00:00+08:00,138.5,139.5,138.5,139.5,15019,0.0,0.0
2024-07-12 09:00:00+08:00,139.5,140.0,138.0,138.0,11120,0.0,0.0
2024-07-12 10:00:00+08:00,138.5,138.5,138.5,138.5,4435,0.0,0.0
2024-07-12 11:00:00+08:00,139.0,139.0,139.0,139.0,1203,0.0,0.0
2024-07-12 12:00:00+08:00,139.0,139.0,138.5,138.5,6265,0.0,0.0
2024-07-12 13:00:00+08:00,138.5,139.5,138.5,139.5,0,0.0,0.0
2024-07-15 09:00:00+08:00,140.0,141.0,140.0,140.0,40285,0.0,0.0
2024-07-15 10:00:00+08:00,140.5,140.5,140.5,140.5,2411,0.0,0.0
2024-07-15 11:00:00+08:00,140.5,140.5,140.5,140.5,7470,0.0,0.0
2024-07-15 12:00:00+08:00,140.0,140.5,140.0,140.5,2125,0.0,0.0
2024-07-15 13:00:00+08:00,140.5,140.5,140.5,140.5,2295,0.0,0.0
2024-07-16 09:00:00+08:00,140.0,140.0,139.5,139.5,9810,0.0,0.0
2024-07-16 10:00:00+08:00,139.5,140.0,139.0,140.0,11003,0.0,0.0
2024-07-16 11:00:00+08:00,139.5,139.5,139.0,139.0,8292,0.0,0.0
2024-07-16 12:00:00+08:00,139.0,139.0,139.0,139.0,7674,0.0,0.0
2024-07-16 13:00:00+08:00,139.5,139.5,139.5,139.5,2035,0.0,0.0
2024-07-17 09:00:00+08:00,140.0,140.0,139.5,139.5,5879,0.0,0.0
2024-07-17 10:00:00+08:00,140.0,140.5,139.5,140.0,19465,0.0,0.0
2024-07-17 11:00:00+08:00,140.0,140.0,139.5,140.0,4019,0.0,0.0
2024-07-17 12:00:00+08:00,140.0,140.0,140.0,140.0,2234,0.0,0.0
2024-07-17 13:00:00+08:00,139.5,140.0,139.0,139.0,0,0.0,0.0
2024-07-18 09:00:00+08:00,139.0,139.5,137.5,139.0,26828,0.0,0.0
2024-07-18 10:00:00+08:00,139.0,139.0,139.0,139.0,4603,0.0,0.0
2024-07-18 11:00:00+08:00,139.0,139.0,138.5,138.5,3123,0.0,0.0
2024-07-18 12:00:00+08:00,139.0,139.0,139.0,139.0,4060,0.0,0.0
2024-07-19 09:00:00+08:00,139.0,139.0,139.0,139.0,3666,0.0,0.0
2024-07-19 10:00:00+08:00,138.0,138.0,138.0,138.0,2887,0.0,0.0
2024-07-19 11:00:00+08:00,138.0,139.0,138.0,139.0,17040,0.0,0.0
2024-07-19 12:00:00+08:00,138.5,138.5,138.5,138.5,4472,0.0,0.0
2024-07-19 13:00:00+08:00,138.5,139.0,138.5,138.5,6120,0.0,0.0
2024-07-22 09:00:00+08:00,138.5,138.5,137.5,137.5,0,0.0,0.0
2024-07-22 10:00:00+08:00,137.5,139.5,137.5,138.5,15260,0.0,0.0
2024-07-22 11:00:00+08:00,138.5,138.5,138.0,138.0,5112,0.0,0.0
2024-07-22 12:00:00+08:00,138.0,138.5,138.0,138.5,6406,0.0,0.0
2024-07-22 13:00:00+08:00,138.5,139.0,138.0,139.0,0,0.0,0.0
2024-07-23 10:00:00+08:00,138.0,138.5,138.0,138.0,9444,0.0,0.0
2024-07-23 11:00:00+08:00,138.0,138.5,138.0,138.5,2065,0.0,0.0
2024-07-23 12:00:00+08:00,139.0,139.0,139.0,139.0,7278,0.0,0.0
2024-07-23 13:00:00+08:00,138.0,138.5,138.0,138.0,2287,0.0,0.0
2024-07-26 09:00:00+08:00,138.0,138.5,138.0,138.5,0,0.0,0.0
2024-07-26 10:00:00+08:00,138.0,138.5,137.5,137.5,3412,0.0,0.0
2024-07-26 11:00:00+08:00,138.0,138.0,138.0,138.0,2060,0.0,0.0
2024-07-26 12:00:00+08:00,138.0,138.0,138.0,138.0,1206,0.0,0.0
2024-07-26 13:00:00+08:00,139.0,140.0,139.0,140.0,0,0.0,0.0
2024-07-29 09:00:00+08:00,140.0,140.0,139.0,139.0,7676,0.0,0.0
2024-07-29 10:00:00+08:00,139.0,139.0,139.0,139.0,5576,0.0,0.0
2024-07-29 11:00:00+08:00,139.0,139.0,139.0,139.0,1110,0.0,0.0
2024-07-29 12:00:00+08:00,139.0,139.0,138.5,138.5,9341,0.0,0.0
2024-07-29 13:00:00+08:00,138.5,138.5,138.5,138.5,1594,0.0,0.0
2024-07-30 10:00:00+08:00,138.5,138.5,138.5,138.5,3664,0.0,0.0
2024-07-30 11:00:00+08:00,138.5,139.0,138.5,139.0,0,0.0,0.0
2024-07-31 09:00:00+08:00,139.0,139.0,139.0,139.0,3117,0.0,0.0
2024-07-31 10:00:00+08:00,139.0,139.0,138.5,138.5,2447,0.0,0.0
2024-07-31 12:00:00+08:00,139.5,139.5,139.5,139.5,4135,0.0,0.0
2024-07-31 13:00:00+08:00,138.5,138.5,138.5,138.5,0,0.0,0.0
2024-08-01 09:00:00+08:00,138.5,139.0,138.0,138.0,7000,0.0,0.0
2024-08-01 10:00:00+08:00,139.0,139.0,138.5,138.5,2483,0.0,0.0
2024-08-01 12:00:00+08:00,138.5,139.0,138.5,138.5,3528,0.0,0.0
2024-08-02 09:00:00+08:00,140.0,140.0,140.0,140.0,1160,0.0,0.0
2024-08-02 10:00:00+08:00,139.0,139.0,139.0,139.0,1718,0.0,0.0
2024-08-02 12:00:00+08:00,138.5,138.5,138.0,138.0,4337,0.0,0.0
2024-08-02 13:00:00+08:00,138.5,138.5,138.5,138.5,2538,0.0,0.0
2024-08-05 09:00:00+08:00,138.0,138.0,135.5,135.5,69879,0.0,0.0
2024-08-05 10:00:00+08:00,135.5,137.0,135.5,137.0,19118,0.0,0.0
2024-08-05 11:00:00+08:00,137.0,137.0,136.5,136.5,6610,0.0,0.0
2024-08-05 12:00:00+08:00,136.5,136.5,135.5,135.5,30738,0.0,0.0
2024-08-05 13:00:00+08:00,136.0,137.5,135.5,137.5,20489,0.0,0.0
2024-08-06 09:00:00+08:00,137.0,137.0,135.0,135.5,35261,0.0,0.0
2024-08-06 10:00:00+08:00,136.0,136.5,136.0,136.0,14802,0.0,0.0
2024-08-06 11:00:00+08:00,136.0,137.0,136.0,137.0,15943,0.0,0.0
2024-08-06 12:00:00+08:00,137.0,137.5,136.0,136.0,8105,0.0,0.0
2024-08-06 13:00:00+08:00,136.5,136.5,136.0,136.0,10436,0.0,0.0
2024-08-07 09:00:00+08:00,138.0,138.5,137.5,137.5,7176,0.0,0.0
2024-08-07 13:00:00+08:00,138.0,138.0,138.0,138.0,0,0.0,0.0
2024-08-08 09:00:00+08:00,139.0,139.0,138.5,138.5,8936,0.0,0.0
2024-08-08 10:00:00+08:00,138.5,138.5,138.5,138.5,6386,0.0,0.0
2024-08-08 11:00:00+08:00,138.5,138.5,138.0,138.5,8110,0.0,0.0
2024-08-08 12:00:00+08:00,139.0,139.0,139.0,139.0,2252,0.0,0.0
2024-08-08 13:00:00+08:00,138.5,138.5,138.5,138.5,1000,0.0,0.0
2024-08-09 09:00:00+08:00,139.5,139.5,138.5,139.5,16170,0.0,0.0
2024-08-09 10:00:00+08:00,139.5,139.5,138.5,138.5,5250,0.0,0.0
2024-08-09 11:00:00+08:00,138.5,138.5,137.5,138.0,27272,0.0,0.0
2024-08-09 12:00:00+08:00,138.5,138.5,137.5,137.5,11242,0.0,0.0
2024-08-09 13:00:00+08:00,138.0,138.5,138.0,138.5,4440,0.0,0.0
2024-08-12 09:00:00+08:00,139.0,139.0,138.0,139.0,0,0.0,0.0
2024-08-12 10:00:00+08:00,139.0,139.0,139.0,139.0,6029,0.0,0.0
2024-08-12 11:00:00+08:00,138.5,138.5,138.5,138.5,4671,0.0,0.0
2024-08-12 13:00:00+08:00,138.5,138.5,138.5,138.5,2006,0.0,0.0
2024-08-13 09:00:00+08:00,138.0,138.5,138.0,138.5,16409,0.0,0.0
2024-08-13 10:00:00+08:00,138.5,138.5,138.5,138.5,1633,0.0,0.0
2024-08-13 11:00:00+08:00,138.5,138.5,138.5,138.5,1658,0.0,0.0
2024-08-13 12:00:00+08:00,138.5,139.0,138.0,138.5,10475,0.0,0.0
2024-08-14 09:00:00+08:00,138.5,138.5,138.5,138.5,1110,0.0,0.0
2024-08-14 10:00:00+08:00,139.0,139.0,138.5,138.5,9272,0.0,0.0
2024-08-14 11:00:00+08:00,138.5,138.5,138.5,138.5,1564,0.0,0.0
2024-08-14 13:00:00+08:00,138.5,138.5,138.5,138.5,6554,0.0,0.0
2024-08-15 09:00:00+08:00,138.5,139.0,138.5,139.0,5080,0.0,0.0
2024-08-15 10:00:00+08:00,139.0,139.5,138.0,139.5,30379,0.0,0.0
2024-08-15 13:00:00+08:00,138.5,139.0,138.5,139.0,2000,0.0,0.0
2024-08-16 09:00:00+08:00,139.5,139.5,139.0,139.0,6522,0.0,0.0
2024-08-16 10:00:00+08:00,139.0,139.0,139.0,139.0,2621,0.0,0.0
2024-08-16 11:00:00+08:00,139.0,139.5,139.0,139.0,15198,0.0,0.0
2024-08-16 12:00:00+08:00,139.0,139.0,138.5,138.5,4348,0.0,0.0
2024-08-19 09:00:00+08:00,139.0,139.5,139.0,139.0,0,0.0,0.0
2024-08-19 10:00:00+08:00,139.0,139.0,139.0,139.0,1461,0.0,0.0
2024-08-19 11:00:00+08:00,139.0,139.0,139.0,139.0,5195,0.0,0.0
2024-08-19 12:00:00+08:00,138.5,139.0,138.0,139.0,0,0.0,0.0
2024-08-20 09:00:00+08:00,138.0,138.5,138.0,138.5,39380,0.0,0.0
2024-08-20 10:00:00+08:00,138.5,138.5,138.5,138.5,2847,0.0,0.0
2024-08-20 11:00:00+08:00,138.5,138.5,138.5,138.5,2780,0.0,0.0
2024-08-20 12:00:00+08:00,138.5,138.5,138.5,138.5,3327,0.0,0.0
2024-08-20 13:00:00+08:00,138.5,138.5,138.5,138.5,1000,0.0,0.0
2024-08-21 12:00:00+08:00,138.0,138.0,138.0,138.0,9060,0.0,0.0
2024-08-21 13:00:00+08:00,138.0,139.5,137.5,137.5,15042,0.0,0.0
2024-08-22 09:00:00+08:00,138.5,139.0,138.5,139.0,7079,0.0,0.0
2024-08-22 11:00:00+08:00,138.5,138.5,138.5,138.5,2700,0.0,0.0
2024-08-22 12:00:00+08:00,138.5,139.0,138.5,139.0,4055,0.0,0.0
2024-08-23 09:00:00+08:00,139.0,139.5,138.5,139.5,5382,0.0,0.0
2024-08-23 11:00:00+08:00,139.0,139.0,139.0,139.0,1255,0.0,0.0
2024-08-23 13:00:00+08:00,139.0,139.0,139.0,139.0,1000,0.0,0.0
2024-08-26 09:00:00+08:00,139.0,139.0,139.0,139.0,0,0.0,0.0
2024-08-26 10:00:00+08:00,138.5,139.0,138.5,139.0,3266,0.0,0.0
2024-08-26 11:00:00+08:00,138.5,138.5,138.5,138.5,1083,0.0,0.0
2024-08-26 12:00:00+08:00,138.5,139.0,138.5,139.0,3033,0.0,0.0
2024-08-26 13:00:00+08:00,139.0,139.0,139.0,139.0,1200,0.0,0.0
2024-08-27 09:00:00+08:00,138.5,138.5,138.5,138.5,6218,0.0,0.0
2024-08-27 12:00:00+08:00,138.5,138.5,138.5,138.5,1216,0.0,0.0
2024-08-27 13:00:00+08:00,138.5,138.5,138.5,138.5,1000,0.0,0.0
2024-08-28 09:00:00+08:00,138.0,138.5,138.0,138.5,7188,0.0,0.0
2024-08-28 10:00:00+08:00,138.5,138.5,138.0,138.0,2059,0.0,0.0
2024-08-28 11:00:00+08:00,138.5,138.5,138.5,138.5,2046,0.0,0.0
2024-08-28 12:00:00+08:00,138.5,138.5,138.5,138.5,1073,0.0,0.0
2024-08-28 13:00:00+08:00,138.5,138.5,138.0,138.0,4009,0.0,0.0
2024-08-29 10:00:00+08:00,138.0,138.0,138.0,138.0,1921,0.0,0.0
2024-08-29 12:00:00+08:00,138.5,138.5,138.5,138.5,0,0.0,0.0
2024-08-30 09:00:00+08:00,138.5,138.5,138.5,138.5,1429,0.0,0.0
2024-08-30 11:00:00+08:00,138.5,139.0,138.5,139.0,3418,0.0,0.0
2024-08-30 12:00:00+08:00,139.0,139.0,138.5,138.5,3000,0.0,0.0
2024-08-30 13:00:00+08:00,138.5,138.5,138.5,138.5,1235,0.0,0.0
2024-09-02 09:00:00+08:00,139.0,139.0,139.0,139.0,0,0.0,0.0
2024-09-02 12:00:00+08:00,139.0,139.0,139.0,139.0,1121,0.0,0.0
2024-09-02 13:00:00+08:00,139.0,139.5,139.0,139.5,0,0.0,0.0
2024-09-03 10:00:00+08:00,139.0,139.0,139.0,139.0,3327,0.0,0.0
2024-09-03 11:00:00+08:00,139.0,139.0,139.0,139.0,3306,0.0,0.0
2024-09-03 13:00:00+08:00,139.0,140.0,139.0,140.0,0,0.0,0.0
2024-09-04 09:00:00+08:00,138.5,138.5,138.0,138.0,2959,0.0,0.0
2024-09-04 10:00:00+08:00,139.0,140.0,139.0,140.0,4159,0.0,0.0
2024-09-04 13:00:00+08:00,138.5,138.5,138.5,138.5,0,0.0,0.0
2024-09-05 09:00:00+08:00,138.5,138.5,138.5,138.5,3523,0.0,0.0
2024-09-05 11:00:00+08:00,139.0,139.5,138.0,138.0,13587,0.0,0.0
2024-09-06 10:00:00+08:00,138.5,138.5,138.5,138.5,1161,0.0,0.0
2024-09-06 11:00:00+08:00,138.5,138.5,138.5,138.5,1374,0.0,0.0
2024-09-09 09:00:00+08:00,138.5,139.0,137.5,139.0,4774,0.0,0.0
2024-09-09 10:00:00+08:00,138.5,139.0,138.5,139.0,10822,0.0,0.0
2024-09-09 12:00:00+08:00,138.5,138.5,138.5,138.5,3032,0.0,0.0
2024-09-10 10:00:00+08:00,139.5,139.5,138.5,139.5,6184,0.0,0.0
2024-09-11 11:00:00+08:00,139.0,139.0,139.0,139.0,7225,0.0,0.0
2024-09-11 12:00:00+08:00,138.5,138.5,138.5,138.5,3721,0.0,0.0
2024-09-12 09:00:00+08:00,139.0,139.0,139.0,139.0,2036,0.0,0.0
2024-09-12 12:00:00+08:00,138.5,138.5,138.0,138.5,7472,0.0,0.0
2024-09-12 13:00:00+08:00,138.5,138.5,138.5,138.5,0,0.0,0.0
2024-09-13 09:00:00+08:00,139.5,140.0,139.5,140.0,3035,0.0,0.0
2024-09-13 12:00:00+08:00,139.5,139.5,139.5,139.5,4252,0.0,0.0
2024-09-16 09:00:00+08:00,140.0,140.0,139.0,139.0,0,0.0,0.0
2024-09-16 11:00:00+08:00,139.5,140.0,139.0,139.0,12168,0.0,0.0
2024-09-16 12:00:00+08:00,139.0,139.0,139.0,139.0,2077,0.0,0.0
2024-09-16 13:00:00+08:00,139.5,139.5,139.5,139.5,3110,0.0,0.0
2024-09-18 11:00:00+08:00,139.5,139.5,139.5,139.5,1000,0.0,0.0
2024-09-18 13:00:00+08:00,139.5,139.5,139.5,139.5,0,0.0,0.0
2024-09-19 12:00:00+08:00,139.0,139.5,139.0,139.5,5678,0.0,0.0
2024-09-19 13:00:00+08:00,139.5,139.5,139.5,139.5,0,0.0,0.0
2024-09-20 09:00:00+08:00,139.0,139.0,138.5,138.5,14813,0.0,0.0
2024-09-20 10:00:00+08:00,138.5,138.5,138.5,138.5,1171,0.0,0.0
2024-09-20 11:00:00+08:00,139.0,139.0,139.0,139.0,2000,0.0,0.0
2024-09-23 09:00:00+08:00,139.0,139.0,139.0,139.0,0,0.0,0.0
2024-09-23 10:00:00+08:00,139.0,139.0,139.0,139.0,3113,0.0,0.0
2024-09-23 11:00:00+08:00,139.0,139.0,139.0,139.0,4774,0.0,0.0
2024-09-23 13:00:00+08:00,138.5,138.5,137.5,138.0,32166,0.0,0.0
2024-09-24 09:00:00+08:00,138.0,138.0,138.0,138.0,5994,0.0,0.0
2024-09-24 11:00:00+08:00,138.0,138.5,138.0,138.5,3462,0.0,0.0
2024-09-24 13:00:00+08:00,138.5,138.5,138.5,138.5,1559,0.0,0.0
2024-09-25 09:00:00+08:00,139.0,139.0,138.5,138.5,2602,0.0,0.0
2024-09-25 10:00:00+08:00,138.5,138.5,138.5,138.5,2408,0.0,0.0
2024-09-25 12:00:00+08:00,138.5,138.5,138.5,138.5,0,0.0,0.0
2024-09-26 09:00:00+08:00,138.5,138.5,138.5,138.5,1225,0.0,0.0
2024-09-26 10:00:00+08:00,138.5,138.5,138.5,138.5,5259,0.0,0.0
2024-09-26 11:00:00+08:00,138.5,138.5,138.5,138.5,1118,0.0,0.0
2024-09-26 12:00:00+08:00,138.5,138.5,138.5,138.5,2826,0.0,0.0
