Datetime,Open,High,Low,Close,Volume,Dividends,Stock Splits
2022-09-29 09:00:00+08:00,53.599998474121094,53.79999923706055,53.400001525878906,53.599998474121094,0,0.0,0.0
2022-09-29 10:00:00+08:00,53.5,53.5,53.099998474121094,53.099998474121094,11001,0.0,0.0
2022-09-29 11:00:00+08:00,53.099998474121094,53.20000076293945,53.099998474121094,53.20000076293945,10410,0.0,0.0
2022-09-29 12:00:00+08:00,53.29999923706055,53.5,53.20000076293945,53.20000076293945,29011,0.0,0.0
2022-09-29 13:00:00+08:00,53.20000076293945,53.20000076293945,53.099998474121094,53.099998474121094,5272,0.0,0.0
2022-09-30 09:00:00+08:00,52.70000076293945,52.70000076293945,52.099998474121094,52.599998474121094,0,0.0,0.0
2022-09-30 10:00:00+08:00,52.5,52.5,52.20000076293945,52.29999923706055,21000,0.0,0.0
2022-09-30 11:00:00+08:00,52.29999923706055,52.900001525878906,52.29999923706055,52.70000076293945,16010,0.0,0.0
2022-09-30 12:00:00+08:00,52.599998474121094,52.599998474121094,52.5,52.5,5165,0.0,0.0
2022-09-30 13:00:00+08:00,52.599998474121094,52.599998474121094,52.599998474121094,52.599998474121094,1000,0.0,0.0
2022-10-03 09:00:00+08:00,52.599998474121094,52.599998474121094,52.599998474121094,52.599998474121094,0,0.0,0.0
2022-10-03 10:00:00+08:00,52.599998474121094,52.79999923706055,52.599998474121094,52.79999923706055,7017,0.0,0.0
2022-10-03 11:00:00+08:00,52.70000076293945,52.70000076293945,52.70000076293945,52.70000076293945,2347,0.0,0.0
2022-10-03 13:00:00+08:00,52.900001525878906,52.900001525878906,52.900001525878906,52.900001525878906,1000,0.0,0.0
2022-10-04 09:00:00+08:00,53.0,53.0,53.0,53.0,0,0.0,0.0
2022-10-04 11:00:00+08:00,53.400001525878906,53.400001525878906,53.20000076293945,53.29999923706055,21000,0.0,0.0
2022-10-04 12:00:00+08:00,53.29999923706055,53.29999923706055,53.20000076293945,53.20000076293945,5380,0.0,0.0
2022-10-04 13:00:00+08:00,53.29999923706055,53.29999923706055,53.29999923706055,53.29999923706055,5000,0.0,0.0
2022-10-05 09:00:00+08:00,54.79999923706055,55.29999923706055,54.70000076293945,55.0,112249,0.0,0.0
2022-10-05 10:00:00+08:00,54.900001525878906,54.900001525878906,54.79999923706055,54.79999923706055,11333,0.0,0.0
2022-10-05 11:00:00+08:00,54.79999923706055,55.0,54.599998474121094,54.599998474121094,32396,0.0,0.0
2022-10-05 12:00:00+08:00,54.70000076293945,54.79999923706055,54.599998474121094,54.599998474121094,17000,0.0,0.0
2022-10-05 13:00:00+08:00,54.70000076293945,54.79999923706055,54.70000076293945,54.70000076293945,9229,0.0,0.0
2022-10-06 09:00:00+08:00,55.20000076293945,55.29999923706055,54.599998474121094,54.70000076293945,0,0.0,0.0
2022-10-06 10:00:00+08:00,54.70000076293945,54.70000076293945,54.099998474121094,54.20000076293945,49250,0.0,0.0
2022-10-06 11:00:00+08:00,54.20000076293945,54.5,54.20000076293945,54.400001525878906,16000,0.0,0.0
2022-10-06 12:00:00+08:00,54.5,54.900001525878906,54.400001525878906,54.400001525878906,9100,0.0,0.0
2022-10-06 13:00:00+08:00,54.599998474121094,54.79999923706055,54.599998474121094,54.79999923706055,10000,0.0,0.0
2022-10-07 09:00:00+08:00,54.20000076293945,54.20000076293945,54.099998474121094,54.099998474121094,0,0.0,0.0
2022-10-07 10:00:00+08:00,54.099998474121094,54.5,54.0,54.5,14031,0.0,0.0
2022-10-07 11:00:00+08:00,54.599998474121094,54.599998474121094,54.5,54.5,22161,0.0,0.0
2022-10-07 12:00:00+08:00,54.5,54.5,54.400001525878906,54.5,9160,0.0,0.0
2022-10-07 13:00:00+08:00,54.400001525878906,54.5,54.400001525878906,54.400001525878906,6193,0.0,0.0
2022-10-11 09:00:00+08:00,53.900001525878906,53.900001525878906,53.400001525878906,53.400001525878906,0,0.0,0.0
2022-10-11 10:00:00+08:00,53.400001525878906,53.400001525878906,53.099998474121094,53.099998474121094,56144,0.0,0.0
2022-10-11 11:00:00+08:00,53.0,53.20000076293945,53.0,53.099998474121094,23000,0.0,0.0
2022-10-11 12:00:00+08:00,53.099998474121094,53.29999923706055,53.0,53.29999923706055,16194,0.0,0.0
2022-10-11 13:00:00+08:00,53.29999923706055,53.29999923706055,53.20000076293945,53.20000076293945,3000,0.0,0.0
2022-10-12 09:00:00+08:00,53.099998474121094,53.099998474121094,52.900001525878906,53.099998474121094,0,0.0,0.0
2022-10-12 10:00:00+08:00,53.099998474121094,53.20000076293945,53.099998474121094,53.20000076293945,4001,0.0,0.0
2022-10-12 11:00:00+08:00,53.29999923706055,53.29999923706055,53.20000076293945,53.29999923706055,6301,0.0,0.0
2022-10-12 12:00:00+08:00,53.29999923706055,53.79999923706055,53.29999923706055,53.79999923706055,7001,0.0,0.0
2022-10-12 13:00:00+08:00,53.5,53.5,53.5,53.5,2100,0.0,0.0
2022-10-13 10:00:00+08:00,53.29999923706055,53.29999923706055,52.20000076293945,52.29999923706055,43039,0.0,0.0
2022-10-13 11:00:00+08:00,52.20000076293945,52.400001525878906,51.900001525878906,51.900001525878906,62001,0.0,0.0
2022-10-13 12:00:00+08:00,51.900001525878906,51.900001525878906,51.5,51.599998474121094,55667,0.0,0.0
2022-10-13 13:00:00+08:00,51.5,51.599998474121094,51.400001525878906,51.5,40386,0.0,0.0
2022-10-14 09:00:00+08:00,52.400001525878906,52.900001525878906,52.400001525878906,52.900001525878906,0,0.0,0.0
2022-10-14 10:00:00+08:00,52.79999923706055,53.29999923706055,52.79999923706055,53.099998474121094,22058,0.0,0.0
2022-10-14 11:00:00+08:00,53.099998474121094,53.20000076293945,53.0,53.099998474121094,26202,0.0,0.0
2022-10-14 12:00:00+08:00,53.099998474121094,53.099998474121094,52.70000076293945,52.70000076293945,15102,0.0,0.0
2022-10-14 13:00:00+08:00,52.70000076293945,53.0,52.70000076293945,53.0,5019,0.0,0.0
2022-10-17 09:00:00+08:00,52.400001525878906,52.400001525878906,51.900001525878906,52.099998474121094,0,0.0,0.0
2022-10-17 10:00:00+08:00,52.099998474121094,52.099998474121094,51.79999923706055,51.79999923706055,17111,0.0,0.0
2022-10-17 11:00:00+08:00,51.70000076293945,52.099998474121094,51.599998474121094,52.099998474121094,25027,0.0,0.0
2022-10-17 12:00:00+08:00,52.099998474121094,52.099998474121094,51.900001525878906,52.0,17274,0.0,0.0
2022-10-17 13:00:00+08:00,52.099998474121094,52.400001525878906,52.099998474121094,52.400001525878906,7000,0.0,0.0
2022-10-18 09:00:00+08:00,52.599998474121094,52.70000076293945,52.599998474121094,52.599998474121094,0,0.0,0.0
2022-10-18 10:00:00+08:00,52.599998474121094,52.599998474121094,52.5,52.5,7000,0.0,0.0
2022-10-18 11:00:00+08:00,52.5,52.79999923706055,52.5,52.79999923706055,13000,0.0,0.0
2022-10-18 12:00:00+08:00,52.900001525878906,53.0,52.900001525878906,53.0,6000,0.0,0.0
2022-10-18 13:00:00+08:00,53.0,53.0,52.79999923706055,52.79999923706055,3561,0.0,0.0
2022-10-19 09:00:00+08:00,53.0,53.400001525878906,53.0,53.099998474121094,0,0.0,0.0
2022-10-19 10:00:00+08:00,53.099998474121094,53.099998474121094,52.70000076293945,52.79999923706055,50088,0.0,0.0
2022-10-19 11:00:00+08:00,52.70000076293945,53.0,52.70000076293945,52.70000076293945,8120,0.0,0.0
2022-10-19 12:00:00+08:00,52.70000076293945,52.70000076293945,52.70000076293945,52.70000076293945,1000,0.0,0.0
2022-10-19 13:00:00+08:00,53.0,53.0,53.0,53.0,1000,0.0,0.0
2022-10-20 09:00:00+08:00,52.400001525878906,52.5,52.29999923706055,52.29999923706055,0,0.0,0.0
2022-10-20 10:00:00+08:00,52.400001525878906,52.70000076293945,52.400001525878906,52.70000076293945,6000,0.0,0.0
2022-10-20 11:00:00+08:00,52.70000076293945,52.70000076293945,52.400001525878906,52.400001525878906,7000,0.0,0.0
2022-10-20 12:00:00+08:00,52.29999923706055,52.5,52.29999923706055,52.5,5126,0.0,0.0
2022-10-20 13:00:00+08:00,52.70000076293945,52.900001525878906,52.70000076293945,52.900001525878906,7000,0.0,0.0
2022-10-21 09:00:00+08:00,53.099998474121094,54.70000076293945,53.099998474121094,54.0,108749,0.0,0.0
2022-10-21 10:00:00+08:00,53.70000076293945,53.79999923706055,53.400001525878906,53.400001525878906,17001,0.0,0.0
2022-10-21 11:00:00+08:00,53.400001525878906,53.79999923706055,53.400001525878906,53.5,10020,0.0,0.0
2022-10-21 12:00:00+08:00,53.400001525878906,53.599998474121094,53.400001525878906,53.599998474121094,15001,0.0,0.0
2022-10-21 13:00:00+08:00,53.400001525878906,53.400001525878906,53.400001525878906,53.400001525878906,10007,0.0,0.0
2022-10-24 09:00:00+08:00,53.79999923706055,53.900001525878906,53.599998474121094,53.70000076293945,0,0.0,0.0
2022-10-24 10:00:00+08:00,53.599998474121094,53.599998474121094,53.400001525878906,53.5,23000,0.0,0.0
2022-10-24 11:00:00+08:00,53.400001525878906,53.400001525878906,53.400001525878906,53.400001525878906,1000,0.0,0.0
2022-10-24 12:00:00+08:00,53.400001525878906,53.599998474121094,53.400001525878906,53.599998474121094,11169,0.0,0.0
2022-10-24 13:00:00+08:00,53.70000076293945,53.70000076293945,53.70000076293945,53.70000076293945,2000,0.0,0.0
2022-10-25 09:00:00+08:00,53.5,53.5,53.0,53.29999923706055,0,0.0,0.0
2022-10-25 10:00:00+08:00,53.29999923706055,53.29999923706055,52.0,52.29999923706055,113231,0.0,0.0
2022-10-25 11:00:00+08:00,52.5,52.79999923706055,52.099998474121094,52.5,32000,0.0,0.0
2022-10-25 12:00:00+08:00,52.5,52.599998474121094,52.29999923706055,52.400001525878906,12101,0.0,0.0
2022-10-25 13:00:00+08:00,52.400001525878906,52.400001525878906,52.20000076293945,52.29999923706055,18000,0.0,0.0
2022-10-26 09:00:00+08:00,52.900001525878906,52.900001525878906,52.20000076293945,52.599998474121094,0,0.0,0.0
2022-10-26 10:00:00+08:00,52.400001525878906,52.599998474121094,52.400001525878906,52.599998474121094,16050,0.0,0.0
2022-10-26 11:00:00+08:00,52.5,52.5,52.400001525878906,52.400001525878906,15000,0.0,0.0
2022-10-26 12:00:00+08:00,52.29999923706055,52.400001525878906,52.29999923706055,52.400001525878906,11000,0.0,0.0
2022-10-26 13:00:00+08:00,52.400001525878906,52.400001525878906,52.29999923706055,52.29999923706055,10000,0.0,0.0
2022-10-27 09:00:00+08:00,52.5,52.79999923706055,52.5,52.79999923706055,0,0.0,0.0
2022-10-27 10:00:00+08:00,52.79999923706055,52.900001525878906,52.599998474121094,52.70000076293945,23000,0.0,0.0
2022-10-27 11:00:00+08:00,52.599998474121094,52.70000076293945,52.5,52.599998474121094,31002,0.0,0.0
2022-10-27 12:00:00+08:00,52.599998474121094,53.099998474121094,52.5,53.099998474121094,29021,0.0,0.0
2022-10-27 13:00:00+08:00,53.0,53.0,52.79999923706055,52.900001525878906,13000,0.0,0.0
2022-10-28 09:00:00+08:00,53.20000076293945,53.79999923706055,53.20000076293945,53.79999923706055,0,0.0,0.0
2022-10-28 10:00:00+08:00,53.900001525878906,54.70000076293945,53.599998474121094,53.900001525878906,158137,0.0,0.0
2022-10-28 11:00:00+08:00,54.0,54.29999923706055,53.900001525878906,54.099998474121094,29001,0.0,0.0
2022-10-28 12:00:00+08:00,54.20000076293945,54.5,54.0,54.5,37013,0.0,0.0
2022-10-28 13:00:00+08:00,54.5,54.70000076293945,54.29999923706055,54.70000076293945,89003,0.0,0.0
2022-10-31 09:00:00+08:00,55.29999923706055,55.900001525878906,53.70000076293945,54.79999923706055,97018,0.0,0.0
2022-10-31 10:00:00+08:00,54.70000076293945,54.900001525878906,54.400001525878906,54.70000076293945,31000,0.0,0.0
2022-10-31 11:00:00+08:00,54.599998474121094,54.79999923706055,54.400001525878906,54.79999923706055,49287,0.0,0.0
2022-10-31 12:00:00+08:00,54.79999923706055,54.79999923706055,54.0,54.099998474121094,77181,0.0,0.0
2022-10-31 13:00:00+08:00,54.099998474121094,54.099998474121094,54.0,54.099998474121094,27078,0.0,0.0
2022-11-01 09:00:00+08:00,54.400001525878906,54.400001525878906,53.900001525878906,54.400001525878906,0,0.0,0.0
2022-11-01 10:00:00+08:00,54.29999923706055,54.400001525878906,54.29999923706055,54.400001525878906,8000,0.0,0.0
2022-11-01 11:00:00+08:00,54.29999923706055,54.29999923706055,54.20000076293945,54.29999923706055,5002,0.0,0.0
2022-11-01 12:00:00+08:00,54.29999923706055,54.400001525878906,54.29999923706055,54.29999923706055,16166,0.0,0.0
2022-11-01 13:00:00+08:00,54.29999923706055,54.29999923706055,54.20000076293945,54.20000076293945,7010,0.0,0.0
2022-11-02 09:00:00+08:00,54.400001525878906,54.900001525878906,54.29999923706055,54.599998474121094,0,0.0,0.0
2022-11-02 10:00:00+08:00,54.5,54.70000076293945,54.400001525878906,54.70000076293945,23352,0.0,0.0
2022-11-02 11:00:00+08:00,54.70000076293945,55.099998474121094,54.5,54.900001525878906,73204,0.0,0.0
2022-11-02 12:00:00+08:00,54.79999923706055,55.20000076293945,54.79999923706055,54.900001525878906,75276,0.0,0.0
2022-11-02 13:00:00+08:00,55.0,55.20000076293945,55.0,55.099998474121094,22122,0.0,0.0
2022-11-03 09:00:00+08:00,54.70000076293945,54.900001525878906,54.5,54.70000076293945,0,0.0,0.0
2022-11-03 10:00:00+08:00,54.79999923706055,54.900001525878906,54.79999923706055,54.900001525878906,13001,0.0,0.0
2022-11-03 11:00:00+08:00,54.900001525878906,54.900001525878906,54.70000076293945,54.79999923706055,20000,0.0,0.0
2022-11-03 12:00:00+08:00,54.79999923706055,55.0,54.599998474121094,54.70000076293945,26189,0.0,0.0
2022-11-03 13:00:00+08:00,54.79999923706055,54.79999923706055,54.70000076293945,54.70000076293945,7002,0.0,0.0
2022-11-04 09:00:00+08:00,54.5,55.599998474121094,54.5,55.20000076293945,73780,0.0,0.0
2022-11-04 10:00:00+08:00,55.20000076293945,55.400001525878906,54.900001525878906,55.0,69209,0.0,0.0
2022-11-04 11:00:00+08:00,55.099998474121094,55.099998474121094,55.099998474121094,55.099998474121094,5000,0.0,0.0
2022-11-04 12:00:00+08:00,55.099998474121094,55.099998474121094,55.0,55.099998474121094,38561,0.0,0.0
2022-11-04 13:00:00+08:00,55.20000076293945,55.20000076293945,55.20000076293945,55.20000076293945,10000,0.0,0.0
2022-11-07 09:00:00+08:00,55.599998474121094,55.900001525878906,55.29999923706055,55.599998474121094,0,0.0,0.0
2022-11-07 10:00:00+08:00,55.70000076293945,56.0,55.70000076293945,55.900001525878906,65092,0.0,0.0
2022-11-07 11:00:00+08:00,55.900001525878906,56.29999923706055,55.79999923706055,56.099998474121094,63668,0.0,0.0
2022-11-07 12:00:00+08:00,56.20000076293945,56.20000076293945,55.79999923706055,55.79999923706055,36290,0.0,0.0
2022-11-07 13:00:00+08:00,55.900001525878906,56.0,55.70000076293945,55.70000076293945,15200,0.0,0.0
2022-11-08 09:00:00+08:00,56.099998474121094,56.599998474121094,56.0,56.0,0,0.0,0.0
2022-11-08 10:00:00+08:00,56.0,56.099998474121094,55.79999923706055,56.099998474121094,32264,0.0,0.0
2022-11-08 11:00:00+08:00,56.099998474121094,56.5,56.0,56.099998474121094,60257,0.0,0.0
2022-11-08 12:00:00+08:00,56.29999923706055,56.400001525878906,55.79999923706055,55.79999923706055,39159,0.0,0.0
2022-11-08 13:00:00+08:00,55.900001525878906,55.900001525878906,55.900001525878906,55.900001525878906,5002,0.0,0.0
2022-11-09 09:00:00+08:00,56.20000076293945,56.400001525878906,56.0,56.400001525878906,0,0.0,0.0
2022-11-09 10:00:00+08:00,56.400001525878906,56.70000076293945,56.29999923706055,56.599998474121094,106150,0.0,0.0
2022-11-09 11:00:00+08:00,56.599998474121094,56.599998474121094,56.400001525878906,56.5,35057,0.0,0.0
2022-11-09 12:00:00+08:00,56.5,56.599998474121094,56.400001525878906,56.5,20497,0.0,0.0
2022-11-09 13:00:00+08:00,56.5,56.5,56.29999923706055,56.29999923706055,6000,0.0,0.0
2022-11-10 09:00:00+08:00,56.20000076293945,56.5,56.0,56.0,0,0.0,0.0
2022-11-10 10:00:00+08:00,56.0,56.29999923706055,56.0,56.29999923706055,9003,0.0,0.0
2022-11-10 11:00:00+08:00,56.20000076293945,56.20000076293945,56.20000076293945,56.20000076293945,2023,0.0,0.0
2022-11-10 12:00:00+08:00,56.099998474121094,56.099998474121094,56.0,56.0,19137,0.0,0.0
2022-11-10 13:00:00+08:00,56.099998474121094,56.400001525878906,56.099998474121094,56.20000076293945,15000,0.0,0.0
2022-11-11 09:00:00+08:00,56.79999923706055,57.20000076293945,56.400001525878906,56.400001525878906,0,0.0,0.0
2022-11-11 10:00:00+08:00,56.29999923706055,56.29999923706055,56.099998474121094,56.20000076293945,56001,0.0,0.0
2022-11-11 11:00:00+08:00,56.099998474121094,56.5,55.900001525878906,55.900001525878906,44043,0.0,0.0
2022-11-11 12:00:00+08:00,55.900001525878906,56.0,55.79999923706055,56.0,15290,0.0,0.0
2022-11-14 09:00:00+08:00,56.099998474121094,56.099998474121094,55.599998474121094,55.79999923706055,0,0.0,0.0
2022-11-14 10:00:00+08:00,55.79999923706055,56.29999923706055,55.79999923706055,56.099998474121094,40002,0.0,0.0
2022-11-14 11:00:00+08:00,56.20000076293945,56.20000076293945,56.0,56.0,7000,0.0,0.0
2022-11-14 12:00:00+08:00,56.0,56.29999923706055,56.0,56.29999923706055,22046,0.0,0.0
2022-11-14 13:00:00+08:00,56.29999923706055,56.29999923706055,56.20000076293945,56.20000076293945,19005,0.0,0.0
2022-11-15 09:00:00+08:00,55.900001525878906,56.400001525878906,55.599998474121094,55.900001525878906,0,0.0,0.0
2022-11-15 10:00:00+08:00,55.79999923706055,56.0,55.400001525878906,55.400001525878906,125235,0.0,0.0
2022-11-15 11:00:00+08:00,55.5,55.900001525878906,55.29999923706055,55.900001525878906,51153,0.0,0.0
2022-11-15 12:00:00+08:00,56.0,56.099998474121094,56.0,56.099998474121094,21071,0.0,0.0
2022-11-15 13:00:00+08:00,56.099998474121094,56.20000076293945,56.0,56.20000076293945,7101,0.0,0.0
2022-11-16 09:00:00+08:00,56.20000076293945,56.29999923706055,56.099998474121094,56.20000076293945,0,0.0,0.0
2022-11-16 10:00:00+08:00,56.20000076293945,56.29999923706055,56.20000076293945,56.29999923706055,49083,0.0,0.0
2022-11-16 11:00:00+08:00,56.20000076293945,56.20000076293945,55.900001525878906,56.20000076293945,43060,0.0,0.0
2022-11-16 12:00:00+08:00,56.29999923706055,56.29999923706055,55.900001525878906,56.0,45001,0.0,0.0
2022-11-16 13:00:00+08:00,56.0,56.099998474121094,55.900001525878906,56.099998474121094,14000,0.0,0.0
2022-11-17 09:00:00+08:00,56.0,56.400001525878906,56.0,56.29999923706055,0,0.0,0.0
2022-11-17 10:00:00+08:00,56.29999923706055,56.70000076293945,56.29999923706055,56.70000076293945,89020,0.0,0.0
2022-11-17 11:00:00+08:00,56.599998474121094,56.79999923706055,56.400001525878906,56.79999923706055,54052,0.0,0.0
2022-11-17 12:00:00+08:00,56.900001525878906,57.29999923706055,56.79999923706055,56.79999923706055,165165,0.0,0.0
2022-11-17 13:00:00+08:00,56.900001525878906,57.20000076293945,56.900001525878906,57.099998474121094,28035,0.0,0.0
2022-11-18 09:00:00+08:00,57.29999923706055,57.29999923706055,56.900001525878906,57.099998474121094,0,0.0,0.0
2022-11-18 10:00:00+08:00,57.0,57.0,56.29999923706055,56.400001525878906,131055,0.0,0.0
2022-11-18 11:00:00+08:00,56.400001525878906,56.5,56.400001525878906,56.5,9010,0.0,0.0
2022-11-18 12:00:00+08:00,56.5,56.599998474121094,56.400001525878906,56.5,17000,0.0,0.0
2022-11-18 13:00:00+08:00,56.400001525878906,57.0,56.400001525878906,57.0,25000,0.0,0.0
2022-11-21 09:00:00+08:00,56.599998474121094,56.79999923706055,56.29999923706055,56.79999923706055,0,0.0,0.0
2022-11-21 10:00:00+08:00,56.79999923706055,56.79999923706055,56.70000076293945,56.79999923706055,18000,0.0,0.0
2022-11-21 11:00:00+08:00,56.79999923706055,56.79999923706055,56.79999923706055,56.79999923706055,7010,0.0,0.0
2022-11-21 12:00:00+08:00,56.79999923706055,56.79999923706055,56.599998474121094,56.79999923706055,14101,0.0,0.0
2022-11-21 13:00:00+08:00,56.599998474121094,56.79999923706055,56.599998474121094,56.79999923706055,20017,0.0,0.0
2022-11-22 09:00:00+08:00,56.599998474121094,56.599998474121094,56.5,56.599998474121094,0,0.0,0.0
2022-11-22 10:00:00+08:00,56.5,56.599998474121094,56.20000076293945,56.599998474121094,30001,0.0,0.0
2022-11-22 11:00:00+08:00,56.599998474121094,56.70000076293945,56.400001525878906,56.5,14000,0.0,0.0
2022-11-22 12:00:00+08:00,56.5,56.5,56.29999923706055,56.29999923706055,13002,0.0,0.0
2022-11-22 13:00:00+08:00,56.29999923706055,56.29999923706055,56.29999923706055,56.29999923706055,2000,0.0,0.0
2022-11-23 09:00:00+08:00,56.900001525878906,56.900001525878906,56.29999923706055,56.599998474121094,0,0.0,0.0
2022-11-23 10:00:00+08:00,56.599998474121094,56.79999923706055,56.599998474121094,56.79999923706055,34003,0.0,0.0
2022-11-23 11:00:00+08:00,56.79999923706055,56.79999923706055,56.599998474121094,56.599998474121094,26002,0.0,0.0
2022-11-23 12:00:00+08:00,56.599998474121094,56.599998474121094,56.400001525878906,56.5,40120,0.0,0.0
2022-11-23 13:00:00+08:00,56.599998474121094,56.599998474121094,56.5,56.599998474121094,18000,0.0,0.0
2022-11-24 09:00:00+08:00,56.5,56.70000076293945,56.5,56.599998474121094,0,0.0,0.0
2022-11-24 10:00:00+08:00,56.5,56.599998474121094,56.5,56.599998474121094,32001,0.0,0.0
2022-11-24 11:00:00+08:00,56.599998474121094,56.70000076293945,56.599998474121094,56.70000076293945,24001,0.0,0.0
2022-11-24 12:00:00+08:00,56.70000076293945,57.0,56.5,57.0,80000,0.0,0.0
2022-11-24 13:00:00+08:00,57.0,57.29999923706055,57.0,57.20000076293945,81000,0.0,0.0
2022-11-25 09:00:00+08:00,57.0,57.20000076293945,56.900001525878906,56.900001525878906,0,0.0,0.0
2022-11-25 10:00:00+08:00,56.900001525878906,57.0,56.79999923706055,56.900001525878906,10000,0.0,0.0
2022-11-25 11:00:00+08:00,56.79999923706055,56.900001525878906,56.79999923706055,56.79999923706055,7002,0.0,0.0
2022-11-25 12:00:00+08:00,56.79999923706055,56.900001525878906,56.79999923706055,56.900001525878906,9002,0.0,0.0
2022-11-25 13:00:00+08:00,56.70000076293945,56.900001525878906,56.599998474121094,56.599998474121094,10095,0.0,0.0
2022-11-28 09:00:00+08:00,56.29999923706055,56.79999923706055,56.29999923706055,56.70000076293945,0,0.0,0.0
2022-11-28 10:00:00+08:00,56.70000076293945,57.099998474121094,56.70000076293945,57.0,61181,0.0,0.0
2022-11-28 11:00:00+08:00,57.0,57.29999923706055,56.900001525878906,56.900001525878906,28000,0.0,0.0
2022-11-28 12:00:00+08:00,56.900001525878906,57.0,56.900001525878906,57.0,9010,0.0,0.0
2022-11-28 13:00:00+08:00,57.099998474121094,57.20000076293945,57.0,57.099998474121094,25070,0.0,0.0
2022-11-29 09:00:00+08:00,56.900001525878906,56.900001525878906,56.79999923706055,56.79999923706055,0,0.0,0.0
2022-11-29 10:00:00+08:00,56.79999923706055,57.099998474121094,56.79999923706055,57.0,10001,0.0,0.0
2022-11-29 11:00:00+08:00,57.0,57.0,56.900001525878906,56.900001525878906,8183,0.0,0.0
2022-11-29 12:00:00+08:00,56.900001525878906,57.0,56.900001525878906,57.0,5137,0.0,0.0
2022-11-29 13:00:00+08:00,57.0,57.0,56.79999923706055,56.79999923706055,20000,0.0,0.0
2022-11-30 09:00:00+08:00,56.79999923706055,56.79999923706055,56.599998474121094,56.79999923706055,0,0.0,0.0
2022-11-30 10:00:00+08:00,56.900001525878906,56.900001525878906,56.900001525878906,56.900001525878906,7100,0.0,0.0
2022-11-30 11:00:00+08:00,56.79999923706055,57.5,56.79999923706055,57.0,65000,0.0,0.0
2022-11-30 12:00:00+08:00,57.20000076293945,57.5,57.20000076293945,57.400001525878906,52322,0.0,0.0
2022-11-30 13:00:00+08:00,57.400001525878906,57.400001525878906,57.29999923706055,57.29999923706055,14010,0.0,0.0
2022-12-01 09:00:00+08:00,57.5,57.79999923706055,57.400001525878906,57.400001525878906,0,0.0,0.0
2022-12-01 10:00:00+08:00,57.400001525878906,57.400001525878906,56.900001525878906,57.0,86136,0.0,0.0
2022-12-01 11:00:00+08:00,57.099998474121094,57.29999923706055,57.099998474121094,57.29999923706055,33001,0.0,0.0
2022-12-01 12:00:00+08:00,57.29999923706055,57.29999923706055,56.79999923706055,57.0,79200,0.0,0.0
2022-12-01 13:00:00+08:00,57.0,57.099998474121094,57.0,57.099998474121094,3000,0.0,0.0
2022-12-02 09:00:00+08:00,57.29999923706055,57.29999923706055,57.0,57.0,0,0.0,0.0
2022-12-02 10:00:00+08:00,57.099998474121094,57.29999923706055,57.099998474121094,57.099998474121094,15005,0.0,0.0
2022-12-02 11:00:00+08:00,57.099998474121094,57.099998474121094,56.900001525878906,56.900001525878906,63020,0.0,0.0
2022-12-02 12:00:00+08:00,57.0,57.20000076293945,57.0,57.20000076293945,8140,0.0,0.0
2022-12-02 13:00:00+08:00,57.20000076293945,57.20000076293945,57.20000076293945,57.20000076293945,5102,0.0,0.0
2022-12-05 09:00:00+08:00,57.599998474121094,57.79999923706055,56.70000076293945,57.0,88420,0.0,0.0
2022-12-05 10:00:00+08:00,57.0,57.400001525878906,57.0,57.29999923706055,46248,0.0,0.0
2022-12-05 11:00:00+08:00,57.29999923706055,57.400001525878906,57.29999923706055,57.29999923706055,48735,0.0,0.0
2022-12-05 12:00:00+08:00,57.400001525878906,57.5,57.20000076293945,57.20000076293945,57215,0.0,0.0
2022-12-05 13:00:00+08:00,57.20000076293945,57.5,57.099998474121094,57.099998474121094,61050,0.0,0.0
2022-12-06 09:00:00+08:00,57.70000076293945,58.5,57.599998474121094,58.0,0,0.0,0.0
2022-12-06 10:00:00+08:00,58.20000076293945,58.900001525878906,57.900001525878906,58.599998474121094,386234,0.0,0.0
2022-12-06 11:00:00+08:00,58.599998474121094,58.70000076293945,58.29999923706055,58.5,107279,0.0,0.0
2022-12-06 12:00:00+08:00,58.5,58.599998474121094,57.20000076293945,57.900001525878906,294005,0.0,0.0
2022-12-06 13:00:00+08:00,58.0,58.20000076293945,57.900001525878906,58.20000076293945,41380,0.0,0.0
2022-12-07 09:00:00+08:00,57.599998474121094,58.20000076293945,57.5,58.099998474121094,0,0.0,0.0
2022-12-07 10:00:00+08:00,58.0,58.0,57.20000076293945,57.29999923706055,190531,0.0,0.0
2022-12-07 11:00:00+08:00,57.400001525878906,57.400001525878906,56.79999923706055,57.099998474121094,163491,0.0,0.0
2022-12-07 12:00:00+08:00,57.20000076293945,57.599998474121094,56.79999923706055,57.400001525878906,63085,0.0,0.0
2022-12-07 13:00:00+08:00,57.400001525878906,57.400001525878906,56.900001525878906,56.900001525878906,40160,0.0,0.0
2022-12-08 09:00:00+08:00,57.099998474121094,57.400001525878906,56.79999923706055,57.099998474121094,0,0.0,0.0
2022-12-08 10:00:00+08:00,57.099998474121094,57.400001525878906,57.0,57.20000076293945,43042,0.0,0.0
2022-12-08 11:00:00+08:00,57.29999923706055,57.400001525878906,57.20000076293945,57.20000076293945,22126,0.0,0.0
2022-12-08 12:00:00+08:00,57.29999923706055,57.70000076293945,57.29999923706055,57.599998474121094,45202,0.0,0.0
2022-12-08 13:00:00+08:00,57.5,57.5,57.29999923706055,57.5,28520,0.0,0.0
2022-12-09 09:00:00+08:00,57.5,57.5,57.20000076293945,57.400001525878906,0,0.0,0.0
2022-12-09 10:00:00+08:00,57.29999923706055,57.400001525878906,57.29999923706055,57.400001525878906,25091,0.0,0.0
2022-12-09 11:00:00+08:00,57.29999923706055,57.400001525878906,57.20000076293945,57.29999923706055,61050,0.0,0.0
2022-12-09 12:00:00+08:00,57.400001525878906,57.400001525878906,57.20000076293945,57.29999923706055,29409,0.0,0.0
2022-12-09 13:00:00+08:00,57.20000076293945,57.29999923706055,57.20000076293945,57.29999923706055,28011,0.0,0.0
2022-12-12 09:00:00+08:00,57.099998474121094,57.099998474121094,56.70000076293945,56.900001525878906,0,0.0,0.0
2022-12-12 10:00:00+08:00,57.0,57.20000076293945,57.0,57.099998474121094,20249,0.0,0.0
2022-12-12 11:00:00+08:00,57.099998474121094,57.400001525878906,57.0,57.099998474121094,58064,0.0,0.0
2022-12-12 12:00:00+08:00,57.0,57.20000076293945,57.0,57.0,26272,0.0,0.0
2022-12-12 13:00:00+08:00,57.0,57.29999923706055,57.0,57.29999923706055,3000,0.0,0.0
2022-12-13 09:00:00+08:00,57.29999923706055,57.5,57.29999923706055,57.400001525878906,0,0.0,0.0
2022-12-13 10:00:00+08:00,57.400001525878906,57.5,57.20000076293945,57.29999923706055,40000,0.0,0.0
2022-12-13 11:00:00+08:00,57.29999923706055,57.5,57.20000076293945,57.29999923706055,30052,0.0,0.0
2022-12-13 12:00:00+08:00,57.5,57.5,57.20000076293945,57.20000076293945,16001,0.0,0.0
2022-12-13 13:00:00+08:00,57.29999923706055,57.29999923706055,57.099998474121094,57.099998474121094,31002,0.0,0.0
2022-12-14 09:00:00+08:00,57.099998474121094,57.70000076293945,57.099998474121094,57.29999923706055,0,0.0,0.0
2022-12-14 10:00:00+08:00,57.29999923706055,57.5,57.29999923706055,57.29999923706055,50001,0.0,0.0
2022-12-14 11:00:00+08:00,57.5,57.5,57.29999923706055,57.400001525878906,43002,0.0,0.0
2022-12-14 12:00:00+08:00,57.5,57.5,57.29999923706055,57.29999923706055,18000,0.0,0.0
2022-12-14 13:00:00+08:00,57.400001525878906,57.5,57.20000076293945,57.5,35008,0.0,0.0
2022-12-15 09:00:00+08:00,57.5,57.599998474121094,57.29999923706055,57.400001525878906,0,0.0,0.0
2022-12-15 10:00:00+08:00,57.29999923706055,57.400001525878906,57.0,57.099998474121094,117104,0.0,0.0
2022-12-15 11:00:00+08:00,57.099998474121094,57.400001525878906,57.0,57.0,103197,0.0,0.0
2022-12-15 12:00:00+08:00,57.099998474121094,57.20000076293945,57.0,57.0,117301,0.0,0.0
2022-12-15 13:00:00+08:00,57.0,57.29999923706055,56.900001525878906,57.20000076293945,26017,0.0,0.0
2022-12-16 09:00:00+08:00,57.0,57.099998474121094,56.79999923706055,57.099998474121094,0,0.0,0.0
2022-12-16 10:00:00+08:00,57.0,57.0,56.900001525878906,57.0,3000,0.0,0.0
2022-12-16 11:00:00+08:00,57.0,57.5,56.900001525878906,57.5,31632,0.0,0.0
2022-12-16 12:00:00+08:00,57.5,57.79999923706055,57.5,57.599998474121094,46639,0.0,0.0
2022-12-16 13:00:00+08:00,57.599998474121094,57.599998474121094,57.5,57.599998474121094,27004,0.0,0.0
2022-12-19 09:00:00+08:00,57.79999923706055,57.79999923706055,57.29999923706055,57.5,0,0.0,0.0
2022-12-19 10:00:00+08:00,57.5,57.70000076293945,57.5,57.5,50140,0.0,0.0
2022-12-19 11:00:00+08:00,57.5,57.70000076293945,57.5,57.599998474121094,11019,0.0,0.0
2022-12-19 12:00:00+08:00,57.5,57.70000076293945,57.5,57.599998474121094,11093,0.0,0.0
2022-12-19 13:00:00+08:00,57.599998474121094,57.599998474121094,57.5,57.599998474121094,20000,0.0,0.0
2022-12-20 09:00:00+08:00,57.900001525878906,57.900001525878906,57.5,57.5,0,0.0,0.0
2022-12-20 10:00:00+08:00,57.599998474121094,57.79999923706055,57.599998474121094,57.70000076293945,11296,0.0,0.0
2022-12-20 11:00:00+08:00,57.79999923706055,57.900001525878906,57.29999923706055,57.400001525878906,59253,0.0,0.0
2022-12-20 12:00:00+08:00,57.29999923706055,57.29999923706055,56.5,56.5,84486,0.0,0.0
2022-12-20 13:00:00+08:00,56.900001525878906,56.900001525878906,56.599998474121094,56.79999923706055,25234,0.0,0.0
2022-12-21 09:00:00+08:00,57.29999923706055,57.29999923706055,57.0,57.29999923706055,0,0.0,0.0
2022-12-21 10:00:00+08:00,57.29999923706055,57.29999923706055,57.0,57.0,23401,0.0,0.0
2022-12-21 11:00:00+08:00,57.0,57.5,57.0,57.5,18062,0.0,0.0
2022-12-21 12:00:00+08:00,57.29999923706055,57.400001525878906,56.900001525878906,56.900001525878906,22217,0.0,0.0
2022-12-21 13:00:00+08:00,56.900001525878906,57.20000076293945,56.900001525878906,57.0,14214,0.0,0.0
2022-12-22 09:00:00+08:00,57.5,57.599998474121094,57.29999923706055,57.400001525878906,0,0.0,0.0
2022-12-22 10:00:00+08:00,57.5,57.70000076293945,57.400001525878906,57.400001525878906,68048,0.0,0.0
2022-12-22 11:00:00+08:00,57.400001525878906,57.400001525878906,57.400001525878906,57.400001525878906,1001,0.0,0.0
2022-12-22 12:00:00+08:00,57.400001525878906,57.400001525878906,57.400001525878906,57.400001525878906,5509,0.0,0.0
2022-12-22 13:00:00+08:00,57.400001525878906,57.5,57.400001525878906,57.5,5001,0.0,0.0
2022-12-23 09:00:00+08:00,57.0,57.099998474121094,57.0,57.099998474121094,0,0.0,0.0
2022-12-23 10:00:00+08:00,57.099998474121094,57.5,57.0,57.5,39001,0.0,0.0
2022-12-23 11:00:00+08:00,57.400001525878906,57.5,57.400001525878906,57.5,40111,0.0,0.0
2022-12-23 12:00:00+08:00,57.599998474121094,57.599998474121094,57.5,57.5,5015,0.0,0.0
2022-12-23 13:00:00+08:00,57.400001525878906,57.400001525878906,57.400001525878906,57.400001525878906,4000,0.0,0.0
2022-12-26 09:00:00+08:00,57.599998474121094,57.79999923706055,57.099998474121094,57.099998474121094,0,0.0,0.0
2022-12-26 11:00:00+08:00,57.400001525878906,57.5,57.400001525878906,57.5,7000,0.0,0.0
2022-12-26 12:00:00+08:00,57.5,57.599998474121094,57.400001525878906,57.599998474121094,6002,0.0,0.0
2022-12-26 13:00:00+08:00,57.400001525878906,57.5,57.20000076293945,57.20000076293945,12436,0.0,0.0
2022-12-27 09:00:00+08:00,57.29999923706055,57.400001525878906,57.29999923706055,57.400001525878906,0,0.0,0.0
2022-12-27 10:00:00+08:00,57.400001525878906,57.5,57.400001525878906,57.5,10110,0.0,0.0
2022-12-27 11:00:00+08:00,57.5,57.5,57.5,57.5,22298,0.0,0.0
2022-12-27 12:00:00+08:00,57.400001525878906,57.400001525878906,57.400001525878906,57.400001525878906,8145,0.0,0.0
2022-12-27 13:00:00+08:00,57.400001525878906,57.400001525878906,57.29999923706055,57.400001525878906,5000,0.0,0.0
2022-12-28 09:00:00+08:00,57.29999923706055,57.400001525878906,57.099998474121094,57.400001525878906,0,0.0,0.0
2022-12-28 10:00:00+08:00,57.099998474121094,57.099998474121094,57.0,57.099998474121094,27001,0.0,0.0
2022-12-28 11:00:00+08:00,57.29999923706055,57.29999923706055,57.0,57.20000076293945,44152,0.0,0.0
2022-12-28 12:00:00+08:00,57.0,57.0,56.79999923706055,56.79999923706055,21161,0.0,0.0
2022-12-28 13:00:00+08:00,56.79999923706055,56.79999923706055,56.70000076293945,56.79999923706055,17000,0.0,0.0
2022-12-29 09:00:00+08:00,56.29999923706055,56.70000076293945,56.29999923706055,56.70000076293945,0,0.0,0.0
2022-12-29 10:00:00+08:00,56.5,56.79999923706055,56.5,56.70000076293945,11067,0.0,0.0
2022-12-29 11:00:00+08:00,56.70000076293945,56.70000076293945,56.5,56.599998474121094,17202,0.0,0.0
2022-12-29 12:00:00+08:00,56.599998474121094,56.70000076293945,56.599998474121094,56.70000076293945,4060,0.0,0.0
2022-12-29 13:00:00+08:00,57.0,57.0,57.0,57.0,1015,0.0,0.0
2022-12-30 09:00:00+08:00,57.5,57.5,57.0,57.20000076293945,0,0.0,0.0
2022-12-30 10:00:00+08:00,57.0,57.0,56.70000076293945,56.79999923706055,31047,0.0,0.0
2022-12-30 11:00:00+08:00,57.0,57.0,57.0,57.0,15045,0.0,0.0
2022-12-30 12:00:00+08:00,57.0,57.0,56.900001525878906,56.900001525878906,0,0.0,0.0
2022-12-30 13:00:00+08:00,57.0,57.099998474121094,57.0,57.099998474121094,69094,0.0,0.0
2023-01-03 09:00:00+08:00,57.29999923706055,57.599998474121094,57.29999923706055,57.599998474121094,0,0.0,0.0
2023-01-03 10:00:00+08:00,57.599998474121094,57.79999923706055,57.400001525878906,57.79999923706055,67449,0.0,0.0
2023-01-03 11:00:00+08:00,57.599998474121094,57.79999923706055,57.599998474121094,57.70000076293945,20150,0.0,0.0
2023-01-03 12:00:00+08:00,57.70000076293945,58.29999923706055,57.70000076293945,57.79999923706055,121265,0.0,0.0
2023-01-03 13:00:00+08:00,57.79999923706055,58.20000076293945,57.79999923706055,58.099998474121094,60120,0.0,0.0
2023-01-04 09:00:00+08:00,58.29999923706055,58.29999923706055,58.0,58.0,0,0.0,0.0
2023-01-04 10:00:00+08:00,58.0,58.29999923706055,57.79999923706055,58.099998474121094,45011,0.0,0.0
2023-01-04 11:00:00+08:00,57.900001525878906,58.0,57.79999923706055,57.79999923706055,6110,0.0,0.0
2023-01-04 12:00:00+08:00,57.79999923706055,57.79999923706055,57.599998474121094,57.79999923706055,36526,0.0,0.0
2023-01-04 13:00:00+08:00,58.0,58.0,58.0,58.0,10000,0.0,0.0
2023-01-05 09:00:00+08:00,59.5,63.5,59.29999923706055,61.70000076293945,1355405,0.0,0.0
2023-01-05 10:00:00+08:00,61.70000076293945,61.900001525878906,60.79999923706055,61.79999923706055,429016,0.0,0.0
2023-01-05 11:00:00+08:00,61.79999923706055,62.20000076293945,61.29999923706055,62.0,240774,0.0,0.0
2023-01-05 12:00:00+08:00,62.099998474121094,62.29999923706055,61.70000076293945,61.79999923706055,175028,0.0,0.0
2023-01-05 13:00:00+08:00,61.79999923706055,61.79999923706055,61.20000076293945,61.599998474121094,142708,0.0,0.0
2023-01-06 09:00:00+08:00,61.900001525878906,62.900001525878906,61.79999923706055,62.20000076293945,0,0.0,0.0
2023-01-06 10:00:00+08:00,62.20000076293945,63.400001525878906,62.20000076293945,63.29999923706055,510393,0.0,0.0
2023-01-06 11:00:00+08:00,63.20000076293945,64.0,62.900001525878906,62.900001525878906,489592,0.0,0.0
2023-01-06 12:00:00+08:00,63.0,63.20000076293945,62.599998474121094,62.70000076293945,133272,0.0,0.0
2023-01-06 13:00:00+08:00,62.70000076293945,63.20000076293945,62.70000076293945,63.099998474121094,119220,0.0,0.0
2023-01-09 09:00:00+08:00,64.69999694824219,65.69999694824219,63.599998474121094,64.4000015258789,0,0.0,0.0
2023-01-09 10:00:00+08:00,64.4000015258789,64.5,63.5,63.70000076293945,529387,0.0,0.0
2023-01-09 11:00:00+08:00,63.70000076293945,64.30000305175781,63.400001525878906,64.0,217599,0.0,0.0
2023-01-09 12:00:00+08:00,64.19999694824219,64.5,63.79999923706055,64.0,149631,0.0,0.0
2023-01-09 13:00:00+08:00,64.0,64.0,63.599998474121094,63.900001525878906,114171,0.0,0.0
2023-01-10 09:00:00+08:00,63.5,63.70000076293945,62.5,63.099998474121094,0,0.0,0.0
2023-01-10 10:00:00+08:00,63.099998474121094,63.099998474121094,62.599998474121094,62.79999923706055,136002,0.0,0.0
2023-01-10 11:00:00+08:00,62.79999923706055,63.400001525878906,62.70000076293945,63.20000076293945,92233,0.0,0.0
2023-01-10 12:00:00+08:00,63.20000076293945,63.70000076293945,63.20000076293945,63.20000076293945,110231,0.0,0.0
2023-01-10 13:00:00+08:00,63.29999923706055,63.400001525878906,63.099998474121094,63.20000076293945,48354,0.0,0.0
2023-01-11 09:00:00+08:00,63.70000076293945,64.0999984741211,63.20000076293945,64.0,0,0.0,0.0
2023-01-11 10:00:00+08:00,64.0,64.0999984741211,63.5,63.79999923706055,95585,0.0,0.0
2023-01-11 11:00:00+08:00,63.70000076293945,64.80000305175781,63.599998474121094,64.5,235884,0.0,0.0
2023-01-11 12:00:00+08:00,64.5,64.69999694824219,64.30000305175781,64.5999984741211,180171,0.0,0.0
2023-01-11 13:00:00+08:00,64.5,64.5999984741211,64.4000015258789,64.5,47739,0.0,0.0
2023-01-12 09:00:00+08:00,66.0,66.5,64.69999694824219,65.0999984741211,334118,0.0,0.0
2023-01-12 10:00:00+08:00,65.0,65.30000305175781,63.79999923706055,64.5,280791,0.0,0.0
2023-01-12 11:00:00+08:00,64.5,64.69999694824219,64.30000305175781,64.30000305175781,79427,0.0,0.0
2023-01-12 12:00:00+08:00,64.30000305175781,64.69999694824219,63.900001525878906,64.0999984741211,194228,0.0,0.0
2023-01-12 13:00:00+08:00,64.0999984741211,64.0999984741211,63.099998474121094,63.099998474121094,245205,0.0,0.0
2023-01-13 09:00:00+08:00,63.599998474121094,63.70000076293945,63.099998474121094,63.29999923706055,0,0.0,0.0
2023-01-13 10:00:00+08:00,63.29999923706055,64.19999694824219,63.29999923706055,63.599998474121094,103401,0.0,0.0
2023-01-13 11:00:00+08:00,63.5,63.900001525878906,63.5,63.70000076293945,51002,0.0,0.0
2023-01-13 12:00:00+08:00,63.900001525878906,63.900001525878906,63.400001525878906,63.400001525878906,107104,0.0,0.0
2023-01-13 13:00:00+08:00,63.400001525878906,63.70000076293945,63.29999923706055,63.599998474121094,101972,0.0,0.0
2023-01-16 09:00:00+08:00,63.79999923706055,65.0,63.79999923706055,64.5999984741211,0,0.0,0.0
2023-01-16 10:00:00+08:00,64.5999984741211,64.69999694824219,64.0999984741211,64.4000015258789,86879,0.0,0.0
2023-01-16 11:00:00+08:00,64.4000015258789,64.5999984741211,64.30000305175781,64.30000305175781,50287,0.0,0.0
2023-01-16 12:00:00+08:00,64.4000015258789,66.19999694824219,64.4000015258789,66.0,977551,0.0,0.0
2023-01-16 13:00:00+08:00,66.0,66.5,65.80000305175781,66.5,419511,0.0,0.0
2023-01-17 09:00:00+08:00,67.0,67.80000305175781,66.4000015258789,67.0999984741211,0,0.0,0.0
2023-01-17 10:00:00+08:00,67.0,67.0,66.0,66.30000305175781,303734,0.0,0.0
2023-01-17 11:00:00+08:00,66.19999694824219,66.4000015258789,65.9000015258789,66.30000305175781,103708,0.0,0.0
2023-01-17 12:00:00+08:00,66.30000305175781,66.9000015258789,66.30000305175781,66.30000305175781,181484,0.0,0.0
2023-01-17 13:00:00+08:00,66.30000305175781,66.69999694824219,66.19999694824219,66.4000015258789,169841,0.0,0.0
2023-01-30 09:00:00+08:00,67.19999694824219,67.19999694824219,65.80000305175781,65.9000015258789,0,0.0,0.0
2023-01-30 10:00:00+08:00,66.0,66.0,65.5999984741211,65.80000305175781,119346,0.0,0.0
2023-01-30 11:00:00+08:00,65.80000305175781,66.30000305175781,65.5,65.5999984741211,269961,0.0,0.0
2023-01-30 12:00:00+08:00,65.5999984741211,66.0,65.5,65.5,150023,0.0,0.0
2023-01-30 13:00:00+08:00,65.5999984741211,65.9000015258789,65.4000015258789,65.5,116631,0.0,0.0
2023-01-31 09:00:00+08:00,65.69999694824219,66.4000015258789,65.69999694824219,66.4000015258789,0,0.0,0.0
2023-01-31 10:00:00+08:00,66.5,66.5,66.0999984741211,66.19999694824219,44649,0.0,0.0
2023-01-31 11:00:00+08:00,66.19999694824219,66.4000015258789,66.19999694824219,66.30000305175781,71429,0.0,0.0
2023-01-31 12:00:00+08:00,66.4000015258789,66.5,66.19999694824219,66.30000305175781,85154,0.0,0.0
2023-01-31 13:00:00+08:00,66.30000305175781,67.0999984741211,66.19999694824219,67.0,186693,0.0,0.0
2023-02-01 09:00:00+08:00,67.69999694824219,68.4000015258789,66.69999694824219,66.69999694824219,0,0.0,0.0
2023-02-01 10:00:00+08:00,66.69999694824219,66.69999694824219,66.0,66.19999694824219,225536,0.0,0.0
2023-02-01 11:00:00+08:00,66.19999694824219,67.0,66.0999984741211,67.0,95223,0.0,0.0
2023-02-01 12:00:00+08:00,67.0,67.0,66.0999984741211,66.19999694824219,261493,0.0,0.0
2023-02-01 13:00:00+08:00,66.19999694824219,66.4000015258789,66.0999984741211,66.19999694824219,87279,0.0,0.0
2023-02-02 09:00:00+08:00,66.69999694824219,66.69999694824219,65.69999694824219,65.9000015258789,0,0.0,0.0
2023-02-02 10:00:00+08:00,65.80000305175781,67.0,65.80000305175781,66.5999984741211,268829,0.0,0.0
2023-02-02 11:00:00+08:00,66.5,67.69999694824219,66.4000015258789,67.5,304161,0.0,0.0
2023-02-02 12:00:00+08:00,67.4000015258789,67.4000015258789,67.0,67.19999694824219,169904,0.0,0.0
2023-02-02 13:00:00+08:00,67.0999984741211,67.30000305175781,66.69999694824219,67.30000305175781,97436,0.0,0.0
2023-02-03 09:00:00+08:00,67.30000305175781,67.5,66.4000015258789,66.69999694824219,0,0.0,0.0
2023-02-03 10:00:00+08:00,66.69999694824219,67.0,66.5999984741211,67.0,146222,0.0,0.0
2023-02-03 11:00:00+08:00,67.4000015258789,67.5999984741211,67.0,67.4000015258789,130010,0.0,0.0
2023-02-03 12:00:00+08:00,67.4000015258789,67.5,67.19999694824219,67.19999694824219,64754,0.0,0.0
2023-02-03 13:00:00+08:00,67.19999694824219,67.4000015258789,66.9000015258789,67.19999694824219,132075,0.0,0.0
2023-02-06 09:00:00+08:00,66.0,66.30000305175781,63.79999923706055,64.0999984741211,410167,0.0,0.0
2023-02-06 10:00:00+08:00,64.0,64.4000015258789,63.70000076293945,64.0999984741211,363592,0.0,0.0
2023-02-06 11:00:00+08:00,64.0999984741211,64.0999984741211,63.400001525878906,63.70000076293945,348289,0.0,0.0
2023-02-06 12:00:00+08:00,63.70000076293945,64.30000305175781,63.400001525878906,64.30000305175781,186681,0.0,0.0
2023-02-06 13:00:00+08:00,64.4000015258789,64.5,64.0999984741211,64.19999694824219,127619,0.0,0.0
2023-02-07 09:00:00+08:00,64.0999984741211,64.4000015258789,63.29999923706055,63.29999923706055,0,0.0,0.0
2023-02-07 10:00:00+08:00,63.29999923706055,64.0999984741211,63.29999923706055,63.900001525878906,335618,0.0,0.0
2023-02-07 11:00:00+08:00,63.79999923706055,64.5,63.79999923706055,63.79999923706055,167230,0.0,0.0
2023-02-07 12:00:00+08:00,63.79999923706055,64.5,63.79999923706055,64.4000015258789,100942,0.0,0.0
2023-02-07 13:00:00+08:00,64.4000015258789,64.5,64.30000305175781,64.5,51450,0.0,0.0
2023-02-08 09:00:00+08:00,64.5999984741211,66.0,64.5999984741211,64.80000305175781,0,0.0,0.0
2023-02-08 10:00:00+08:00,64.80000305175781,65.4000015258789,64.80000305175781,65.0,62484,0.0,0.0
2023-02-08 11:00:00+08:00,65.0999984741211,65.4000015258789,64.9000015258789,65.0,80104,0.0,0.0
2023-02-08 12:00:00+08:00,65.0999984741211,65.19999694824219,64.69999694824219,64.69999694824219,69443,0.0,0.0
2023-02-08 13:00:00+08:00,64.80000305175781,65.0,64.80000305175781,64.9000015258789,30370,0.0,0.0
2023-02-09 09:00:00+08:00,65.19999694824219,66.0,64.69999694824219,65.4000015258789,94396,0.0,0.0
2023-02-09 10:00:00+08:00,65.4000015258789,66.19999694824219,65.4000015258789,65.80000305175781,284629,0.0,0.0
2023-02-09 11:00:00+08:00,65.80000305175781,65.9000015258789,65.5,65.5999984741211,93207,0.0,0.0
2023-02-09 12:00:00+08:00,65.69999694824219,65.69999694824219,65.4000015258789,65.4000015258789,104132,0.0,0.0
2023-02-09 13:00:00+08:00,65.4000015258789,65.5,65.30000305175781,65.5,70169,0.0,0.0
2023-02-10 09:00:00+08:00,65.30000305175781,65.5,64.80000305175781,65.5,0,0.0,0.0
2023-02-10 10:00:00+08:00,65.5,65.5,65.0999984741211,65.30000305175781,86703,0.0,0.0
2023-02-10 11:00:00+08:00,65.0999984741211,65.19999694824219,64.5,64.5,188116,0.0,0.0
2023-02-10 12:00:00+08:00,64.69999694824219,64.69999694824219,64.30000305175781,64.4000015258789,169003,0.0,0.0
2023-02-10 13:00:00+08:00,64.4000015258789,64.5,64.19999694824219,64.30000305175781,81550,0.0,0.0
2023-02-13 09:00:00+08:00,64.0999984741211,64.30000305175781,63.0,63.599998474121094,0,0.0,0.0
2023-02-13 10:00:00+08:00,63.70000076293945,63.70000076293945,63.29999923706055,63.70000076293945,68426,0.0,0.0
2023-02-13 11:00:00+08:00,63.70000076293945,63.79999923706055,63.70000076293945,63.70000076293945,12134,0.0,0.0
2023-02-13 12:00:00+08:00,63.70000076293945,63.79999923706055,63.70000076293945,63.70000076293945,36268,0.0,0.0
2023-02-13 13:00:00+08:00,63.70000076293945,63.900001525878906,63.70000076293945,63.900001525878906,55103,0.0,0.0
2023-02-14 09:00:00+08:00,64.0999984741211,64.69999694824219,64.0999984741211,64.5999984741211,0,0.0,0.0
2023-02-14 10:00:00+08:00,64.5999984741211,65.0,64.5999984741211,64.80000305175781,130629,0.0,0.0
2023-02-14 11:00:00+08:00,64.69999694824219,64.9000015258789,64.5999984741211,64.9000015258789,56003,0.0,0.0
2023-02-14 12:00:00+08:00,64.80000305175781,65.0,64.80000305175781,64.80000305175781,91638,0.0,0.0
2023-02-14 13:00:00+08:00,64.80000305175781,65.0999984741211,64.69999694824219,65.0,87013,0.0,0.0
2023-02-15 09:00:00+08:00,65.0999984741211,65.0999984741211,64.5999984741211,64.80000305175781,0,0.0,0.0
2023-02-15 10:00:00+08:00,64.80000305175781,64.80000305175781,64.19999694824219,64.19999694824219,82114,0.0,0.0
2023-02-15 11:00:00+08:00,64.19999694824219,64.30000305175781,64.19999694824219,64.30000305175781,16861,0.0,0.0
2023-02-15 12:00:00+08:00,64.19999694824219,64.30000305175781,64.0999984741211,64.30000305175781,51020,0.0,0.0
2023-02-15 13:00:00+08:00,64.30000305175781,64.30000305175781,64.0999984741211,64.19999694824219,52012,0.0,0.0
2023-02-16 09:00:00+08:00,64.4000015258789,64.5999984741211,64.19999694824219,64.30000305175781,52060,0.0,0.0
2023-02-16 10:00:00+08:00,64.30000305175781,64.5,64.30000305175781,64.5,23089,0.0,0.0
2023-02-16 11:00:00+08:00,64.5,64.9000015258789,64.5,64.69999694824219,73003,0.0,0.0
2023-02-16 12:00:00+08:00,64.69999694824219,64.69999694824219,64.5,64.5999984741211,64085,0.0,0.0
2023-02-16 13:00:00+08:00,64.5,64.69999694824219,64.5,64.69999694824219,19005,0.0,0.0
2023-02-17 09:00:00+08:00,64.69999694824219,64.69999694824219,64.30000305175781,64.30000305175781,0,0.0,0.0
2023-02-17 10:00:00+08:00,64.30000305175781,64.5999984741211,64.30000305175781,64.5999984741211,44008,0.0,0.0
2023-02-17 11:00:00+08:00,64.5999984741211,64.9000015258789,64.5999984741211,64.9000015258789,51279,0.0,0.0
2023-02-17 12:00:00+08:00,64.9000015258789,65.0,64.5999984741211,64.69999694824219,44247,0.0,0.0
2023-02-17 13:00:00+08:00,64.69999694824219,64.80000305175781,64.5,64.5999984741211,57045,0.0,0.0
2023-02-20 09:00:00+08:00,64.5,65.0999984741211,64.5,64.80000305175781,0,0.0,0.0
2023-02-20 10:00:00+08:00,64.80000305175781,65.0999984741211,64.69999694824219,65.0,75238,0.0,0.0
2023-02-20 11:00:00+08:00,65.0,65.19999694824219,65.0,65.0999984741211,38203,0.0,0.0
2023-02-20 12:00:00+08:00,65.19999694824219,65.4000015258789,65.0999984741211,65.19999694824219,93501,0.0,0.0
2023-02-20 13:00:00+08:00,65.19999694824219,65.4000015258789,65.0999984741211,65.4000015258789,40104,0.0,0.0
2023-02-21 09:00:00+08:00,65.5,65.80000305175781,65.4000015258789,65.80000305175781,0,0.0,0.0
2023-02-21 10:00:00+08:00,65.69999694824219,65.80000305175781,65.5999984741211,65.80000305175781,54436,0.0,0.0
2023-02-21 11:00:00+08:00,65.80000305175781,65.9000015258789,65.69999694824219,65.80000305175781,30052,0.0,0.0
2023-02-21 12:00:00+08:00,65.69999694824219,65.80000305175781,65.5999984741211,65.80000305175781,0,0.0,0.0
2023-02-21 13:00:00+08:00,65.80000305175781,65.9000015258789,65.80000305175781,65.80000305175781,331088,0.0,0.0
2023-02-22 09:00:00+08:00,65.0999984741211,65.30000305175781,64.69999694824219,65.0999984741211,0,0.0,0.0
2023-02-22 10:00:00+08:00,65.19999694824219,65.30000305175781,65.19999694824219,65.30000305175781,19001,0.0,0.0
2023-02-22 11:00:00+08:00,65.30000305175781,65.69999694824219,65.30000305175781,65.69999694824219,34104,0.0,0.0
2023-02-22 12:00:00+08:00,65.69999694824219,65.69999694824219,65.30000305175781,65.5,70213,0.0,0.0
2023-02-22 13:00:00+08:00,65.5,65.5999984741211,65.4000015258789,65.5999984741211,29080,0.0,0.0
2023-02-23 09:00:00+08:00,66.0,66.5999984741211,66.0,66.30000305175781,0,0.0,0.0
2023-02-23 10:00:00+08:00,66.19999694824219,66.30000305175781,66.0,66.0999984741211,76507,0.0,0.0
2023-02-23 11:00:00+08:00,66.0999984741211,66.0999984741211,65.80000305175781,65.9000015258789,83514,0.0,0.0
2023-02-23 12:00:00+08:00,65.9000015258789,66.19999694824219,65.9000015258789,66.19999694824219,69269,0.0,0.0
2023-02-23 13:00:00+08:00,66.19999694824219,66.19999694824219,66.0,66.19999694824219,36266,0.0,0.0
2023-02-24 09:00:00+08:00,66.5,66.5,65.4000015258789,65.80000305175781,0,0.0,0.0
2023-02-24 10:00:00+08:00,65.80000305175781,66.4000015258789,65.80000305175781,66.19999694824219,67469,0.0,0.0
2023-02-24 11:00:00+08:00,66.0999984741211,66.30000305175781,66.0999984741211,66.19999694824219,107967,0.0,0.0
2023-02-24 12:00:00+08:00,66.19999694824219,67.0,66.19999694824219,66.5,166759,0.0,0.0
2023-02-24 13:00:00+08:00,66.30000305175781,66.5999984741211,66.30000305175781,66.5999984741211,29003,0.0,0.0
2023-03-01 09:00:00+08:00,69.0,72.0999984741211,68.0,71.69999694824219,1165638,0.0,0.0
2023-03-01 10:00:00+08:00,71.5999984741211,71.5999984741211,70.0999984741211,70.0999984741211,380859,0.0,0.0
2023-03-01 11:00:00+08:00,70.0999984741211,71.30000305175781,70.0,70.9000015258789,269848,0.0,0.0
2023-03-01 12:00:00+08:00,71.0,71.69999694824219,70.9000015258789,71.0999984741211,471113,0.0,0.0
2023-03-01 13:00:00+08:00,71.0999984741211,71.5,70.80000305175781,70.9000015258789,208663,0.0,0.0
2023-03-02 09:00:00+08:00,70.80000305175781,70.80000305175781,69.19999694824219,69.5,0,0.0,0.0
2023-03-02 10:00:00+08:00,69.4000015258789,70.19999694824219,69.30000305175781,69.80000305175781,223818,0.0,0.0
2023-03-02 11:00:00+08:00,69.80000305175781,70.4000015258789,69.80000305175781,70.0999984741211,140795,0.0,0.0
2023-03-02 12:00:00+08:00,70.19999694824219,70.5999984741211,70.0,70.19999694824219,190988,0.0,0.0
2023-03-02 13:00:00+08:00,70.19999694824219,70.30000305175781,70.0,70.19999694824219,85785,0.0,0.0
2023-03-03 09:00:00+08:00,70.5999984741211,70.69999694824219,70.0999984741211,70.30000305175781,0,0.0,0.0
2023-03-03 10:00:00+08:00,70.19999694824219,70.9000015258789,70.19999694824219,70.9000015258789,116582,0.0,0.0
2023-03-03 11:00:00+08:00,70.9000015258789,70.9000015258789,70.19999694824219,70.5,139392,0.0,0.0
2023-03-03 12:00:00+08:00,70.5,70.5999984741211,69.5999984741211,70.0999984741211,301537,0.0,0.0
2023-03-03 13:00:00+08:00,70.19999694824219,70.30000305175781,70.0999984741211,70.0999984741211,59004,0.0,0.0
2023-03-06 09:00:00+08:00,70.69999694824219,71.80000305175781,70.69999694824219,71.0999984741211,0,0.0,0.0
2023-03-06 10:00:00+08:00,71.0999984741211,71.19999694824219,70.80000305175781,71.0999984741211,133496,0.0,0.0
2023-03-06 11:00:00+08:00,71.19999694824219,71.30000305175781,71.0,71.30000305175781,97148,0.0,0.0
2023-03-06 12:00:00+08:00,71.30000305175781,71.30000305175781,71.0999984741211,71.30000305175781,122601,0.0,0.0
2023-03-06 13:00:00+08:00,71.19999694824219,71.30000305175781,71.0999984741211,71.19999694824219,39604,0.0,0.0
2023-03-07 09:00:00+08:00,71.5,72.0,70.9000015258789,71.5999984741211,0,0.0,0.0
2023-03-07 10:00:00+08:00,71.5999984741211,72.4000015258789,71.5,71.5,259623,0.0,0.0
2023-03-07 11:00:00+08:00,71.5999984741211,71.69999694824219,71.4000015258789,71.69999694824219,79147,0.0,0.0
2023-03-07 12:00:00+08:00,71.69999694824219,71.69999694824219,70.9000015258789,71.0,335408,0.0,0.0
2023-03-07 13:00:00+08:00,71.0,71.0999984741211,70.9000015258789,71.0,100113,0.0,0.0
2023-03-08 09:00:00+08:00,70.80000305175781,71.69999694824219,70.30000305175781,71.5999984741211,0,0.0,0.0
2023-03-08 10:00:00+08:00,71.69999694824219,71.9000015258789,71.4000015258789,71.4000015258789,173550,0.0,0.0
2023-03-08 11:00:00+08:00,71.4000015258789,71.80000305175781,71.30000305175781,71.80000305175781,173402,0.0,0.0
2023-03-08 12:00:00+08:00,71.80000305175781,71.80000305175781,71.5,71.5,83547,0.0,0.0
2023-03-08 13:00:00+08:00,71.5,71.69999694824219,71.5,71.5999984741211,61215,0.0,0.0
2023-03-09 09:00:00+08:00,72.0,72.19999694824219,71.80000305175781,71.9000015258789,0,0.0,0.0
2023-03-09 10:00:00+08:00,71.9000015258789,73.0,71.80000305175781,72.5,433148,0.0,0.0
2023-03-09 11:00:00+08:00,72.4000015258789,72.69999694824219,72.4000015258789,72.5999984741211,80727,0.0,0.0
2023-03-09 12:00:00+08:00,72.5999984741211,73.19999694824219,72.5,73.0,271699,0.0,0.0
2023-03-09 13:00:00+08:00,72.9000015258789,73.4000015258789,72.9000015258789,73.4000015258789,140016,0.0,0.0
2023-03-10 09:00:00+08:00,73.30000305175781,73.30000305175781,71.19999694824219,71.5999984741211,0,0.0,0.0
2023-03-10 10:00:00+08:00,71.5,71.69999694824219,71.0,71.4000015258789,439047,0.0,0.0
2023-03-10 11:00:00+08:00,71.5,71.5,70.69999694824219,71.0,208208,0.0,0.0
2023-03-10 12:00:00+08:00,71.0,71.0,70.80000305175781,71.0,154781,0.0,0.0
2023-03-10 13:00:00+08:00,71.0,71.5,71.0,71.0,187725,0.0,0.0
2023-03-13 09:00:00+08:00,70.5,71.0,69.4000015258789,69.9000015258789,450705,0.0,0.0
2023-03-13 10:00:00+08:00,70.0,70.5999984741211,70.0,70.4000015258789,184621,0.0,0.0
2023-03-13 11:00:00+08:00,70.4000015258789,70.9000015258789,70.30000305175781,70.9000015258789,106450,0.0,0.0
2023-03-13 12:00:00+08:00,70.9000015258789,70.9000015258789,70.30000305175781,70.5,62742,0.0,0.0
2023-03-13 13:00:00+08:00,70.5,70.80000305175781,70.5,70.69999694824219,21185,0.0,0.0
2023-03-14 09:00:00+08:00,70.5999984741211,70.80000305175781,70.30000305175781,70.5999984741211,0,0.0,0.0
2023-03-14 10:00:00+08:00,70.5999984741211,71.0,70.5,70.80000305175781,72303,0.0,0.0
2023-03-14 11:00:00+08:00,70.69999694824219,71.0,70.5,70.9000015258789,44396,0.0,0.0
2023-03-14 12:00:00+08:00,70.9000015258789,71.0999984741211,70.9000015258789,71.0,46090,0.0,0.0
2023-03-14 13:00:00+08:00,70.9000015258789,70.9000015258789,70.80000305175781,70.80000305175781,19038,0.0,0.0
2023-03-15 09:00:00+08:00,71.5,71.5,70.9000015258789,71.0,0,0.0,0.0
2023-03-15 10:00:00+08:00,71.19999694824219,71.19999694824219,70.9000015258789,71.0,38262,0.0,0.0
2023-03-15 11:00:00+08:00,71.0,71.0999984741211,70.9000015258789,71.0999984741211,40158,0.0,0.0
2023-03-15 12:00:00+08:00,71.0999984741211,71.0999984741211,70.80000305175781,70.9000015258789,82315,0.0,0.0
2023-03-15 13:00:00+08:00,70.9000015258789,70.9000015258789,70.5,70.5999984741211,77460,0.0,0.0
2023-03-16 09:00:00+08:00,70.0999984741211,70.30000305175781,69.69999694824219,70.0999984741211,0,0.0,0.0
2023-03-16 10:00:00+08:00,70.0,70.19999694824219,69.80000305175781,69.9000015258789,110181,0.0,0.0
2023-03-16 11:00:00+08:00,70.0,70.0,69.4000015258789,69.4000015258789,181867,0.0,0.0
2023-03-16 12:00:00+08:00,69.30000305175781,69.69999694824219,68.9000015258789,69.69999694824219,255308,0.0,0.0
2023-03-16 13:00:00+08:00,69.5,69.80000305175781,69.5,69.5999984741211,49051,0.0,0.0
2023-03-17 09:00:00+08:00,70.4000015258789,70.9000015258789,70.0,70.0,0,0.0,0.0
2023-03-17 10:00:00+08:00,70.0,70.0999984741211,69.80000305175781,70.0,44148,0.0,0.0
2023-03-17 11:00:00+08:00,70.0,70.5999984741211,70.0,70.5999984741211,78358,0.0,0.0
2023-03-17 12:00:00+08:00,70.5,70.5,70.4000015258789,70.5,27342,0.0,0.0
2023-03-17 13:00:00+08:00,70.5,70.5999984741211,70.4000015258789,70.5999984741211,27050,0.0,0.0
2023-03-20 09:00:00+08:00,70.9000015258789,70.9000015258789,70.19999694824219,70.69999694824219,0,0.0,0.0
2023-03-20 10:00:00+08:00,70.69999694824219,71.0999984741211,70.69999694824219,71.0999984741211,71295,0.0,0.0
2023-03-20 11:00:00+08:00,71.0999984741211,71.19999694824219,70.9000015258789,71.0,50082,0.0,0.0
2023-03-20 12:00:00+08:00,71.0,71.19999694824219,70.9000015258789,71.0999984741211,44209,0.0,0.0
2023-03-20 13:00:00+08:00,71.19999694824219,71.30000305175781,71.19999694824219,71.30000305175781,28101,0.0,0.0
2023-03-21 09:00:00+08:00,71.0,71.4000015258789,70.80000305175781,71.4000015258789,0,0.0,0.0
2023-03-21 10:00:00+08:00,71.4000015258789,71.4000015258789,71.19999694824219,71.19999694824219,29176,0.0,0.0
2023-03-21 11:00:00+08:00,71.19999694824219,71.4000015258789,71.19999694824219,71.30000305175781,34216,0.0,0.0
2023-03-21 12:00:00+08:00,71.4000015258789,71.5999984741211,71.4000015258789,71.4000015258789,53161,0.0,0.0
2023-03-21 13:00:00+08:00,71.5,71.5,71.30000305175781,71.4000015258789,21280,0.0,0.0
2023-03-22 09:00:00+08:00,71.9000015258789,71.9000015258789,71.0999984741211,71.30000305175781,0,0.0,0.0
2023-03-22 10:00:00+08:00,71.4000015258789,71.5,71.30000305175781,71.30000305175781,41015,0.0,0.0
2023-03-22 11:00:00+08:00,71.5,71.5,71.0,71.0999984741211,77917,0.0,0.0
2023-03-22 12:00:00+08:00,71.0,71.0999984741211,70.69999694824219,70.80000305175781,130845,0.0,0.0
2023-03-22 13:00:00+08:00,70.80000305175781,70.9000015258789,70.5,70.69999694824219,84263,0.0,0.0
2023-03-23 09:00:00+08:00,70.5,70.9000015258789,70.4000015258789,70.5999984741211,0,0.0,0.0
2023-03-23 10:00:00+08:00,70.5999984741211,70.5999984741211,70.5,70.5,40005,0.0,0.0
2023-03-23 11:00:00+08:00,70.5,70.69999694824219,70.4000015258789,70.5999984741211,79966,0.0,0.0
2023-03-23 12:00:00+08:00,70.69999694824219,70.69999694824219,70.5999984741211,70.5999984741211,15481,0.0,0.0
2023-03-23 13:00:00+08:00,70.5999984741211,70.80000305175781,70.5,70.69999694824219,42325,0.0,0.0
2023-03-24 09:00:00+08:00,71.19999694824219,71.19999694824219,70.5,70.5,0,0.0,0.0
2023-03-24 10:00:00+08:00,70.5999984741211,70.9000015258789,70.5999984741211,70.69999694824219,46152,0.0,0.0
2023-03-24 11:00:00+08:00,70.80000305175781,70.9000015258789,70.80000305175781,70.9000015258789,56432,0.0,0.0
2023-03-24 12:00:00+08:00,71.0,71.0,70.80000305175781,70.80000305175781,55305,0.0,0.0
2023-03-24 13:00:00+08:00,70.80000305175781,70.9000015258789,70.80000305175781,70.9000015258789,16060,0.0,0.0
2023-03-27 09:00:00+08:00,71.0999984741211,71.4000015258789,70.80000305175781,71.30000305175781,0,0.0,0.0
2023-03-27 10:00:00+08:00,71.30000305175781,71.30000305175781,70.80000305175781,70.80000305175781,22349,0.0,0.0
2023-03-27 11:00:00+08:00,71.0,71.0999984741211,70.80000305175781,70.80000305175781,28009,0.0,0.0
2023-03-27 12:00:00+08:00,70.9000015258789,71.0,70.9000015258789,71.0,36705,0.0,0.0
2023-03-27 13:00:00+08:00,70.9000015258789,71.0,70.69999694824219,71.0,47331,0.0,0.0
2023-03-28 09:00:00+08:00,71.0,71.0,69.5999984741211,69.69999694824219,0,0.0,0.0
2023-03-28 10:00:00+08:00,69.69999694824219,69.80000305175781,69.4000015258789,69.80000305175781,145814,0.0,0.0
2023-03-28 11:00:00+08:00,69.80000305175781,69.80000305175781,69.5,69.69999694824219,83585,0.0,0.0
2023-03-28 12:00:00+08:00,69.5999984741211,69.69999694824219,69.4000015258789,69.5,91706,0.0,0.0
2023-03-28 13:00:00+08:00,69.5,69.5,69.19999694824219,69.30000305175781,90429,0.0,0.0
2023-03-29 09:00:00+08:00,69.30000305175781,69.9000015258789,69.30000305175781,69.5999984741211,0,0.0,0.0
2023-03-29 10:00:00+08:00,69.5999984741211,69.5999984741211,69.19999694824219,69.30000305175781,80412,0.0,0.0
2023-03-29 11:00:00+08:00,69.4000015258789,69.5999984741211,69.4000015258789,69.5,17189,0.0,0.0
2023-03-29 12:00:00+08:00,69.5999984741211,69.5999984741211,69.5,69.5,6240,0.0,0.0
2023-03-29 13:00:00+08:00,69.5,69.5999984741211,69.5,69.5,13170,0.0,0.0
2023-03-30 09:00:00+08:00,69.69999694824219,70.0,69.69999694824219,69.9000015258789,0,0.0,0.0
2023-03-30 10:00:00+08:00,69.9000015258789,70.0,69.9000015258789,70.0,16046,0.0,0.0
2023-03-30 11:00:00+08:00,70.0,70.0999984741211,69.9000015258789,69.9000015258789,31032,0.0,0.0
2023-03-30 12:00:00+08:00,70.0,70.0999984741211,69.9000015258789,69.9000015258789,28042,0.0,0.0
2023-03-30 13:00:00+08:00,69.9000015258789,70.0999984741211,69.80000305175781,69.80000305175781,42014,0.0,0.0
2023-03-31 09:00:00+08:00,69.9000015258789,70.5,69.9000015258789,70.30000305175781,0,0.0,0.0
2023-03-31 10:00:00+08:00,70.19999694824219,70.5999984741211,70.19999694824219,70.30000305175781,54744,0.0,0.0
2023-03-31 11:00:00+08:00,70.19999694824219,70.4000015258789,70.0999984741211,70.4000015258789,42022,0.0,0.0
2023-03-31 12:00:00+08:00,70.30000305175781,70.69999694824219,70.30000305175781,70.5,61281,0.0,0.0
2023-03-31 13:00:00+08:00,70.5,70.80000305175781,70.5,70.69999694824219,52203,0.0,0.0
2023-04-06 09:00:00+08:00,70.0,70.69999694824219,70.0,70.5999984741211,0,0.0,0.0
2023-04-06 10:00:00+08:00,70.5999984741211,70.80000305175781,70.5,70.5999984741211,48790,0.0,0.0
2023-04-06 11:00:00+08:00,70.5999984741211,70.69999694824219,70.5,70.69999694824219,37389,0.0,0.0
2023-04-06 12:00:00+08:00,70.69999694824219,71.0,70.69999694824219,70.9000015258789,37031,0.0,0.0
2023-04-06 13:00:00+08:00,70.80000305175781,70.9000015258789,70.80000305175781,70.80000305175781,18323,0.0,0.0
2023-04-07 09:00:00+08:00,70.69999694824219,70.80000305175781,70.5999984741211,70.5999984741211,0,0.0,0.0
2023-04-07 10:00:00+08:00,70.69999694824219,70.69999694824219,70.19999694824219,70.4000015258789,40293,0.0,0.0
2023-04-07 11:00:00+08:00,70.30000305175781,70.5,70.19999694824219,70.4000015258789,37172,0.0,0.0
2023-04-07 12:00:00+08:00,70.30000305175781,70.4000015258789,70.19999694824219,70.30000305175781,52130,0.0,0.0
2023-04-07 13:00:00+08:00,70.30000305175781,70.5999984741211,70.19999694824219,70.5999984741211,22177,0.0,0.0
2023-04-10 09:00:00+08:00,70.5,70.5,70.0,70.0999984741211,0,0.0,0.0
2023-04-10 10:00:00+08:00,70.19999694824219,70.4000015258789,70.19999694824219,70.19999694824219,15166,0.0,0.0
2023-04-10 11:00:00+08:00,70.4000015258789,70.69999694824219,70.4000015258789,70.69999694824219,17085,0.0,0.0
2023-04-10 12:00:00+08:00,70.69999694824219,71.0999984741211,70.5,71.0999984741211,108897,0.0,0.0
2023-04-10 13:00:00+08:00,71.0999984741211,71.0999984741211,70.9000015258789,70.9000015258789,38157,0.0,0.0
2023-04-11 09:00:00+08:00,71.19999694824219,71.30000305175781,70.5,70.9000015258789,0,0.0,0.0
2023-04-11 10:00:00+08:00,70.9000015258789,70.9000015258789,70.5999984741211,70.69999694824219,18554,0.0,0.0
2023-04-11 11:00:00+08:00,70.69999694824219,70.80000305175781,70.5999984741211,70.69999694824219,27894,0.0,0.0
2023-04-11 12:00:00+08:00,70.69999694824219,70.69999694824219,70.5,70.5999984741211,45612,0.0,0.0
2023-04-11 13:00:00+08:00,70.5999984741211,70.5999984741211,70.5999984741211,70.5999984741211,18304,0.0,0.0
2023-04-12 09:00:00+08:00,70.80000305175781,70.80000305175781,70.19999694824219,70.30000305175781,0,0.0,0.0
2023-04-12 10:00:00+08:00,70.30000305175781,70.4000015258789,70.19999694824219,70.30000305175781,64462,0.0,0.0
2023-04-12 11:00:00+08:00,70.30000305175781,70.5,70.30000305175781,70.5,21139,0.0,0.0
2023-04-12 12:00:00+08:00,70.4000015258789,70.5,70.4000015258789,70.5,23165,0.0,0.0
2023-04-12 13:00:00+08:00,70.5999984741211,70.5999984741211,70.4000015258789,70.5,38011,0.0,0.0
2023-04-13 09:00:00+08:00,70.4000015258789,70.5999984741211,70.19999694824219,70.5,0,0.0,0.0
2023-04-13 10:00:00+08:00,70.5,70.69999694824219,70.4000015258789,70.69999694824219,37001,0.0,0.0
2023-04-13 11:00:00+08:00,70.69999694824219,70.80000305175781,70.4000015258789,70.4000015258789,31718,0.0,0.0
2023-04-13 12:00:00+08:00,70.5,70.5999984741211,70.19999694824219,70.4000015258789,100433,0.0,0.0
2023-04-13 13:00:00+08:00,70.4000015258789,70.5,70.30000305175781,70.4000015258789,21080,0.0,0.0
2023-04-14 09:00:00+08:00,71.0,71.0,70.5,70.80000305175781,0,0.0,0.0
2023-04-14 10:00:00+08:00,70.80000305175781,70.80000305175781,70.5,70.5999984741211,28197,0.0,0.0
2023-04-14 11:00:00+08:00,70.5999984741211,70.80000305175781,70.5999984741211,70.80000305175781,12181,0.0,0.0
2023-04-14 12:00:00+08:00,70.69999694824219,70.80000305175781,70.5999984741211,70.80000305175781,36119,0.0,0.0
2023-04-14 13:00:00+08:00,70.69999694824219,70.9000015258789,70.69999694824219,70.9000015258789,43087,0.0,0.0
2023-04-17 09:00:00+08:00,70.80000305175781,71.4000015258789,70.5,71.4000015258789,0,0.0,0.0
2023-04-17 10:00:00+08:00,71.4000015258789,71.80000305175781,71.19999694824219,71.19999694824219,167903,0.0,0.0
2023-04-17 11:00:00+08:00,71.30000305175781,71.30000305175781,71.30000305175781,71.30000305175781,13090,0.0,0.0
2023-04-17 12:00:00+08:00,71.30000305175781,71.4000015258789,70.9000015258789,71.0,50600,0.0,0.0
2023-04-17 13:00:00+08:00,71.0,71.30000305175781,71.0,71.30000305175781,20159,0.0,0.0
2023-04-18 09:00:00+08:00,71.69999694824219,71.69999694824219,71.0,71.30000305175781,0,0.0,0.0
2023-04-18 10:00:00+08:00,71.30000305175781,71.30000305175781,71.0,71.0,28349,0.0,0.0
2023-04-18 11:00:00+08:00,71.0999984741211,71.0999984741211,70.69999694824219,70.80000305175781,63776,0.0,0.0
2023-04-18 12:00:00+08:00,70.80000305175781,70.9000015258789,70.69999694824219,70.80000305175781,35969,0.0,0.0
2023-04-18 13:00:00+08:00,70.69999694824219,70.69999694824219,70.5,70.5999984741211,42338,0.0,0.0
2023-04-19 09:00:00+08:00,70.5,70.69999694824219,70.4000015258789,70.5999984741211,0,0.0,0.0
2023-04-19 10:00:00+08:00,70.5999984741211,70.5999984741211,70.19999694824219,70.30000305175781,53344,0.0,0.0
2023-04-19 11:00:00+08:00,70.30000305175781,70.30000305175781,70.19999694824219,70.30000305175781,61301,0.0,0.0
2023-04-19 12:00:00+08:00,70.19999694824219,70.30000305175781,70.0999984741211,70.0999984741211,89075,0.0,0.0
2023-04-19 13:00:00+08:00,70.0999984741211,70.0999984741211,70.0,70.0,23001,0.0,0.0
2023-04-20 09:00:00+08:00,70.0,70.0999984741211,69.5999984741211,69.9000015258789,0,0.0,0.0
2023-04-20 10:00:00+08:00,70.0,70.0999984741211,69.30000305175781,69.5999984741211,199825,0.0,0.0
2023-04-20 11:00:00+08:00,69.5999984741211,69.69999694824219,69.30000305175781,69.69999694824219,70593,0.0,0.0
2023-04-20 12:00:00+08:00,69.69999694824219,69.69999694824219,69.30000305175781,69.30000305175781,44552,0.0,0.0
2023-04-20 13:00:00+08:00,69.30000305175781,69.4000015258789,69.30000305175781,69.30000305175781,25211,0.0,0.0
2023-04-21 09:00:00+08:00,69.4000015258789,69.69999694824219,68.5,68.5999984741211,0,0.0,0.0
2023-04-21 10:00:00+08:00,68.5,68.5999984741211,68.0,68.4000015258789,152390,0.0,0.0
2023-04-21 11:00:00+08:00,68.5,68.80000305175781,68.5,68.69999694824219,33675,0.0,0.0
2023-04-21 12:00:00+08:00,68.5999984741211,68.69999694824219,68.5,68.69999694824219,54103,0.0,0.0
2023-04-21 13:00:00+08:00,68.5999984741211,68.5999984741211,68.19999694824219,68.4000015258789,30151,0.0,0.0
2023-04-24 09:00:00+08:00,68.0,68.4000015258789,67.5,68.30000305175781,0,0.0,0.0
2023-04-24 10:00:00+08:00,68.30000305175781,68.30000305175781,68.0,68.0999984741211,38415,0.0,0.0
2023-04-24 11:00:00+08:00,68.0,68.0,67.9000015258789,68.0,70115,0.0,0.0
2023-04-24 12:00:00+08:00,68.0,68.0999984741211,68.0,68.0999984741211,37412,0.0,0.0
2023-04-24 13:00:00+08:00,68.0999984741211,68.30000305175781,68.0999984741211,68.30000305175781,22108,0.0,0.0
2023-04-25 09:00:00+08:00,68.19999694824219,68.5,68.0,68.0,0,0.0,0.0
2023-04-25 10:00:00+08:00,68.0,68.0,67.5,67.5999984741211,99426,0.0,0.0
2023-04-25 11:00:00+08:00,67.5999984741211,67.5999984741211,67.0999984741211,67.30000305175781,76965,0.0,0.0
2023-04-25 12:00:00+08:00,67.4000015258789,67.4000015258789,67.0999984741211,67.0999984741211,141047,0.0,0.0
2023-04-25 13:00:00+08:00,67.19999694824219,67.4000015258789,67.0999984741211,67.30000305175781,24939,0.0,0.0
2023-04-26 09:00:00+08:00,66.69999694824219,67.4000015258789,66.69999694824219,67.0,0,0.0,0.0
2023-04-26 10:00:00+08:00,67.0,67.4000015258789,66.80000305175781,67.30000305175781,57199,0.0,0.0
2023-04-26 11:00:00+08:00,67.30000305175781,67.5,67.30000305175781,67.30000305175781,36301,0.0,0.0
2023-04-26 12:00:00+08:00,67.30000305175781,67.5,67.30000305175781,67.5,19071,0.0,0.0
2023-04-26 13:00:00+08:00,67.5999984741211,67.69999694824219,67.5,67.5,16040,0.0,0.0
2023-04-27 09:00:00+08:00,68.69999694824219,68.69999694824219,67.0999984741211,67.5999984741211,0,0.0,0.0
2023-04-27 10:00:00+08:00,67.5999984741211,68.0,67.5999984741211,68.0,44334,0.0,0.0
2023-04-27 11:00:00+08:00,68.0,68.0,68.0,68.0,28425,0.0,0.0
2023-04-27 12:00:00+08:00,68.0999984741211,68.30000305175781,68.0999984741211,68.30000305175781,30276,0.0,0.0
2023-04-27 13:00:00+08:00,68.19999694824219,68.19999694824219,68.0999984741211,68.0999984741211,4012,0.0,0.0
2023-04-28 09:00:00+08:00,68.5999984741211,68.5999984741211,68.0,68.19999694824219,0,0.0,0.0
2023-04-28 10:00:00+08:00,68.0,68.19999694824219,68.0,68.19999694824219,15491,0.0,0.0
2023-04-28 11:00:00+08:00,68.19999694824219,68.19999694824219,68.19999694824219,68.19999694824219,23090,0.0,0.0
2023-04-28 12:00:00+08:00,68.19999694824219,68.30000305175781,68.0999984741211,68.0999984741211,38001,0.0,0.0
2023-04-28 13:00:00+08:00,68.0999984741211,68.19999694824219,68.0,68.0999984741211,58297,0.0,0.0
2023-05-02 09:00:00+08:00,68.0,68.0,67.80000305175781,67.80000305175781,0,0.0,0.0
2023-05-02 10:00:00+08:00,67.9000015258789,68.0,67.80000305175781,68.0,27672,0.0,0.0
2023-05-02 11:00:00+08:00,68.0,68.0,67.69999694824219,67.69999694824219,48106,0.0,0.0
2023-05-02 12:00:00+08:00,67.69999694824219,68.0,67.69999694824219,67.80000305175781,35268,0.0,0.0
2023-05-02 13:00:00+08:00,67.80000305175781,68.0,67.80000305175781,68.0,13054,0.0,0.0
2023-05-03 09:00:00+08:00,68.0999984741211,68.0999984741211,67.4000015258789,67.9000015258789,0,0.0,0.0
2023-05-03 10:00:00+08:00,67.9000015258789,68.0999984741211,67.9000015258789,67.9000015258789,32036,0.0,0.0
2023-05-03 11:00:00+08:00,67.9000015258789,67.9000015258789,67.5,67.69999694824219,39581,0.0,0.0
2023-05-03 12:00:00+08:00,67.5999984741211,67.9000015258789,67.5999984741211,67.69999694824219,21206,0.0,0.0
2023-05-03 13:00:00+08:00,67.5999984741211,67.69999694824219,67.5999984741211,67.5999984741211,6165,0.0,0.0
2023-05-04 09:00:00+08:00,68.0999984741211,68.4000015258789,67.69999694824219,68.30000305175781,0,0.0,0.0
2023-05-04 10:00:00+08:00,68.30000305175781,68.69999694824219,68.30000305175781,68.5,36370,0.0,0.0
2023-05-04 11:00:00+08:00,68.5,68.80000305175781,68.5,68.80000305175781,29553,0.0,0.0
2023-05-04 12:00:00+08:00,68.80000305175781,68.9000015258789,68.69999694824219,68.9000015258789,32554,0.0,0.0
2023-05-04 13:00:00+08:00,68.80000305175781,68.9000015258789,68.80000305175781,68.9000015258789,15234,0.0,0.0
2023-05-05 09:00:00+08:00,69.0,69.0,68.5,68.5999984741211,0,0.0,0.0
2023-05-05 10:00:00+08:00,68.5999984741211,68.5999984741211,68.4000015258789,68.5,23797,0.0,0.0
2023-05-05 11:00:00+08:00,68.5999984741211,68.5999984741211,68.5999984741211,68.5999984741211,6128,0.0,0.0
2023-05-05 12:00:00+08:00,68.69999694824219,68.69999694824219,68.5999984741211,68.69999694824219,27481,0.0,0.0
2023-05-05 13:00:00+08:00,68.69999694824219,68.80000305175781,68.5999984741211,68.69999694824219,18731,0.0,0.0
2023-05-08 09:00:00+08:00,68.69999694824219,69.0999984741211,68.5999984741211,68.80000305175781,0,0.0,0.0
2023-05-08 10:00:00+08:00,68.80000305175781,68.9000015258789,68.80000305175781,68.9000015258789,15389,0.0,0.0
2023-05-08 11:00:00+08:00,68.9000015258789,69.0,68.80000305175781,69.0,50481,0.0,0.0
2023-05-08 12:00:00+08:00,69.0,69.19999694824219,69.0,69.19999694824219,23001,0.0,0.0
2023-05-08 13:00:00+08:00,69.19999694824219,69.19999694824219,69.0,69.0,21101,0.0,0.0
2023-05-09 09:00:00+08:00,69.0,69.0,68.30000305175781,68.5999984741211,0,0.0,0.0
2023-05-09 10:00:00+08:00,68.5999984741211,68.69999694824219,68.30000305175781,68.69999694824219,0,0.0,0.0
2023-05-09 11:00:00+08:00,68.80000305175781,68.80000305175781,68.5999984741211,68.69999694824219,108109,0.0,0.0
2023-05-09 12:00:00+08:00,68.69999694824219,68.9000015258789,68.69999694824219,68.69999694824219,14597,0.0,0.0
2023-05-09 13:00:00+08:00,68.69999694824219,68.69999694824219,68.5999984741211,68.5999984741211,21000,0.0,0.0
2023-05-10 09:00:00+08:00,68.4000015258789,68.5999984741211,67.9000015258789,68.0,0,0.0,0.0
2023-05-10 10:00:00+08:00,67.9000015258789,68.0999984741211,67.9000015258789,68.0,34253,0.0,0.0
2023-05-10 11:00:00+08:00,68.0,68.0999984741211,68.0,68.0,13025,0.0,0.0
2023-05-10 12:00:00+08:00,68.0,68.19999694824219,67.9000015258789,68.0999984741211,22290,0.0,0.0
2023-05-10 13:00:00+08:00,68.0999984741211,68.0999984741211,67.9000015258789,68.0,45001,0.0,0.0
2023-05-11 09:00:00+08:00,68.19999694824219,68.19999694824219,67.4000015258789,67.4000015258789,0,0.0,0.0
2023-05-11 10:00:00+08:00,67.4000015258789,67.4000015258789,67.0999984741211,67.30000305175781,84540,0.0,0.0
2023-05-11 11:00:00+08:00,67.30000305175781,67.4000015258789,67.30000305175781,67.4000015258789,10449,0.0,0.0
2023-05-11 12:00:00+08:00,67.4000015258789,67.4000015258789,67.30000305175781,67.30000305175781,13759,0.0,0.0
2023-05-11 13:00:00+08:00,67.30000305175781,67.4000015258789,67.19999694824219,67.30000305175781,14086,0.0,0.0
2023-05-12 09:00:00+08:00,67.0,67.5,66.5,67.4000015258789,0,0.0,0.0
2023-05-12 10:00:00+08:00,67.5,67.69999694824219,67.19999694824219,67.19999694824219,20535,0.0,0.0
2023-05-12 11:00:00+08:00,67.30000305175781,67.69999694824219,67.30000305175781,67.69999694824219,15169,0.0,0.0
2023-05-12 12:00:00+08:00,67.80000305175781,67.80000305175781,67.5999984741211,67.69999694824219,11209,0.0,0.0
2023-05-12 13:00:00+08:00,67.69999694824219,67.80000305175781,67.69999694824219,67.80000305175781,3088,0.0,0.0
2023-05-15 09:00:00+08:00,67.69999694824219,67.69999694824219,67.0999984741211,67.0999984741211,0,0.0,0.0
2023-05-15 10:00:00+08:00,67.0999984741211,67.19999694824219,66.9000015258789,66.9000015258789,32890,0.0,0.0
2023-05-15 11:00:00+08:00,66.9000015258789,67.0999984741211,66.9000015258789,67.0999984741211,7243,0.0,0.0
2023-05-15 12:00:00+08:00,67.0,67.0999984741211,67.0,67.0999984741211,21692,0.0,0.0
2023-05-15 13:00:00+08:00,67.19999694824219,67.19999694824219,67.0,67.0,12344,0.0,0.0
2023-05-16 09:00:00+08:00,67.0,67.19999694824219,67.0,67.19999694824219,0,0.0,0.0
2023-05-16 10:00:00+08:00,67.19999694824219,67.19999694824219,67.0,67.0,25709,0.0,0.0
2023-05-16 11:00:00+08:00,67.0,67.19999694824219,67.0,67.19999694824219,7311,0.0,0.0
2023-05-16 12:00:00+08:00,67.19999694824219,67.19999694824219,67.0999984741211,67.19999694824219,29279,0.0,0.0
2023-05-16 13:00:00+08:00,67.0999984741211,67.0999984741211,67.0999984741211,67.0999984741211,7021,0.0,0.0
2023-05-17 09:00:00+08:00,67.0999984741211,67.5999984741211,67.0999984741211,67.5999984741211,0,0.0,0.0
2023-05-17 10:00:00+08:00,67.5,67.5999984741211,67.4000015258789,67.5999984741211,23196,0.0,0.0
2023-05-17 11:00:00+08:00,67.69999694824219,67.69999694824219,67.5,67.69999694824219,8026,0.0,0.0
2023-05-17 12:00:00+08:00,67.69999694824219,67.69999694824219,67.5999984741211,67.69999694824219,35956,0.0,0.0
2023-05-17 13:00:00+08:00,67.80000305175781,67.9000015258789,67.69999694824219,67.80000305175781,19001,0.0,0.0
2023-05-18 09:00:00+08:00,67.69999694824219,68.30000305175781,67.69999694824219,68.30000305175781,0,0.0,0.0
2023-05-18 10:00:00+08:00,68.4000015258789,68.5999984741211,68.4000015258789,68.5999984741211,35071,0.0,0.0
2023-05-18 11:00:00+08:00,68.5,68.5999984741211,68.30000305175781,68.30000305175781,35566,0.0,0.0
2023-05-18 12:00:00+08:00,68.30000305175781,68.4000015258789,68.30000305175781,68.4000015258789,24000,0.0,0.0
2023-05-18 13:00:00+08:00,68.4000015258789,68.5,68.4000015258789,68.4000015258789,11375,0.0,0.0
2023-05-19 09:00:00+08:00,68.19999694824219,68.69999694824219,68.0999984741211,68.19999694824219,0,0.0,0.0
2023-05-19 10:00:00+08:00,68.19999694824219,68.5,68.0999984741211,68.4000015258789,36302,0.0,0.0
2023-05-19 11:00:00+08:00,68.30000305175781,68.30000305175781,68.30000305175781,68.30000305175781,16150,0.0,0.0
2023-05-19 12:00:00+08:00,68.19999694824219,68.30000305175781,68.19999694824219,68.19999694824219,13110,0.0,0.0
2023-05-19 13:00:00+08:00,68.19999694824219,68.19999694824219,68.0,68.0,39589,0.0,0.0
2023-05-22 09:00:00+08:00,68.0,68.30000305175781,68.0,68.0999984741211,0,0.0,0.0
2023-05-22 10:00:00+08:00,68.19999694824219,68.69999694824219,68.19999694824219,68.69999694824219,33036,0.0,0.0
2023-05-22 11:00:00+08:00,68.69999694824219,68.69999694824219,68.5999984741211,68.5999984741211,8100,0.0,0.0
2023-05-22 12:00:00+08:00,68.5,68.69999694824219,68.5,68.69999694824219,36140,0.0,0.0
2023-05-22 13:00:00+08:00,68.69999694824219,68.69999694824219,68.5999984741211,68.69999694824219,11561,0.0,0.0
2023-05-23 09:00:00+08:00,68.9000015258789,68.9000015258789,68.69999694824219,68.9000015258789,0,0.0,0.0
2023-05-23 10:00:00+08:00,68.9000015258789,69.0,68.69999694824219,68.80000305175781,47260,0.0,0.0
2023-05-23 11:00:00+08:00,68.80000305175781,69.0999984741211,68.80000305175781,69.0999984741211,19205,0.0,0.0
2023-05-23 12:00:00+08:00,69.0,69.0999984741211,69.0,69.0,34021,0.0,0.0
2023-05-23 13:00:00+08:00,69.0,69.0,68.9000015258789,68.9000015258789,17001,0.0,0.0
2023-05-24 09:00:00+08:00,68.69999694824219,68.69999694824219,68.4000015258789,68.5,0,0.0,0.0
2023-05-24 10:00:00+08:00,68.5999984741211,68.69999694824219,68.5999984741211,68.5999984741211,19010,0.0,0.0
2023-05-24 11:00:00+08:00,68.5999984741211,68.5999984741211,68.5999984741211,68.5999984741211,6101,0.0,0.0
2023-05-24 12:00:00+08:00,68.5999984741211,68.5999984741211,68.5,68.5999984741211,16300,0.0,0.0
2023-05-24 13:00:00+08:00,68.5999984741211,68.69999694824219,68.5999984741211,68.5999984741211,11030,0.0,0.0
2023-05-25 09:00:00+08:00,68.19999694824219,68.5999984741211,68.19999694824219,68.5,0,0.0,0.0
2023-05-25 10:00:00+08:00,68.5999984741211,68.9000015258789,68.5,68.69999694824219,22045,0.0,0.0
2023-05-25 11:00:00+08:00,68.69999694824219,69.19999694824219,68.69999694824219,69.19999694824219,70156,0.0,0.0
2023-05-25 12:00:00+08:00,69.0999984741211,69.0999984741211,68.69999694824219,68.80000305175781,14026,0.0,0.0
2023-05-25 13:00:00+08:00,68.80000305175781,68.80000305175781,68.69999694824219,68.80000305175781,8000,0.0,0.0
2023-05-26 09:00:00+08:00,69.0,69.0,68.69999694824219,68.9000015258789,0,0.0,0.0
2023-05-26 10:00:00+08:00,68.80000305175781,69.0,68.80000305175781,69.0,17000,0.0,0.0
2023-05-26 11:00:00+08:00,69.0,69.0,68.9000015258789,69.0,27143,0.0,0.0
2023-05-26 12:00:00+08:00,69.0,69.0,68.9000015258789,68.9000015258789,14050,0.0,0.0
2023-05-26 13:00:00+08:00,68.80000305175781,69.0,68.80000305175781,68.80000305175781,10400,0.0,0.0
2023-05-29 09:00:00+08:00,69.0,69.4000015258789,69.0,69.30000305175781,0,0.0,0.0
2023-05-29 10:00:00+08:00,69.30000305175781,69.30000305175781,69.19999694824219,69.30000305175781,36036,0.0,0.0
2023-05-29 11:00:00+08:00,69.30000305175781,69.30000305175781,69.30000305175781,69.30000305175781,19163,0.0,0.0
2023-05-29 12:00:00+08:00,69.19999694824219,69.4000015258789,69.19999694824219,69.30000305175781,49157,0.0,0.0
2023-05-29 13:00:00+08:00,69.30000305175781,69.5,69.30000305175781,69.4000015258789,20100,0.0,0.0
2023-05-30 09:00:00+08:00,69.80000305175781,69.9000015258789,69.30000305175781,69.4000015258789,0,0.0,0.0
2023-05-30 10:00:00+08:00,69.4000015258789,69.69999694824219,69.30000305175781,69.69999694824219,19808,0.0,0.0
2023-05-30 11:00:00+08:00,69.5,69.5,69.0999984741211,69.0999984741211,51214,0.0,0.0
2023-05-30 12:00:00+08:00,69.0999984741211,69.19999694824219,69.0999984741211,69.19999694824219,23115,0.0,0.0
2023-05-30 13:00:00+08:00,69.30000305175781,69.30000305175781,69.0999984741211,69.0999984741211,17667,0.0,0.0
2023-05-31 09:00:00+08:00,69.19999694824219,69.19999694824219,69.0999984741211,69.0999984741211,0,0.0,0.0
2023-05-31 10:00:00+08:00,69.0999984741211,69.4000015258789,69.0999984741211,69.30000305175781,5383,0.0,0.0
2023-05-31 11:00:00+08:00,69.30000305175781,69.5,69.30000305175781,69.5,38000,0.0,0.0
2023-05-31 12:00:00+08:00,69.4000015258789,69.5,69.30000305175781,69.30000305175781,14301,0.0,0.0
2023-05-31 13:00:00+08:00,69.30000305175781,69.4000015258789,69.30000305175781,69.30000305175781,15002,0.0,0.0
2023-06-01 09:00:00+08:00,69.5999984741211,70.9000015258789,69.30000305175781,70.69999694824219,162196,0.0,0.0
2023-06-01 10:00:00+08:00,70.69999694824219,70.80000305175781,70.4000015258789,70.4000015258789,56531,0.0,0.0
2023-06-01 11:00:00+08:00,70.4000015258789,70.80000305175781,70.30000305175781,70.80000305175781,98108,0.0,0.0
2023-06-01 12:00:00+08:00,70.80000305175781,70.9000015258789,70.5999984741211,70.80000305175781,83959,0.0,0.0
2023-06-01 13:00:00+08:00,70.80000305175781,71.0999984741211,70.80000305175781,71.0999984741211,108766,0.0,0.0
2023-06-02 09:00:00+08:00,71.19999694824219,71.5999984741211,70.5999984741211,70.80000305175781,0,0.0,0.0
2023-06-02 10:00:00+08:00,70.9000015258789,70.9000015258789,70.5999984741211,70.80000305175781,95654,0.0,0.0
2023-06-02 11:00:00+08:00,70.69999694824219,71.0,70.5999984741211,70.9000015258789,69254,0.0,0.0
2023-06-02 12:00:00+08:00,70.80000305175781,70.80000305175781,70.5,70.5,136515,0.0,0.0
2023-06-02 13:00:00+08:00,70.5999984741211,70.5999984741211,70.5,70.5999984741211,40979,0.0,0.0
2023-06-05 09:00:00+08:00,70.69999694824219,70.69999694824219,70.0,70.69999694824219,0,0.0,0.0
2023-06-05 10:00:00+08:00,70.69999694824219,70.69999694824219,70.5,70.5999984741211,33216,0.0,0.0
2023-06-05 11:00:00+08:00,70.69999694824219,70.69999694824219,70.69999694824219,70.69999694824219,22069,0.0,0.0
2023-06-05 12:00:00+08:00,70.80000305175781,70.80000305175781,70.69999694824219,70.80000305175781,48126,0.0,0.0
2023-06-05 13:00:00+08:00,70.69999694824219,71.0999984741211,70.69999694824219,70.80000305175781,120330,0.0,0.0
2023-06-06 09:00:00+08:00,71.0,71.0999984741211,70.5999984741211,70.69999694824219,0,0.0,0.0
2023-06-06 10:00:00+08:00,70.69999694824219,70.69999694824219,70.5,70.69999694824219,56102,0.0,0.0
2023-06-06 11:00:00+08:00,70.5999984741211,70.69999694824219,70.5,70.5999984741211,44166,0.0,0.0
2023-06-06 12:00:00+08:00,70.80000305175781,70.9000015258789,70.5999984741211,70.5999984741211,20124,0.0,0.0
2023-06-06 13:00:00+08:00,70.69999694824219,70.69999694824219,70.5999984741211,70.5999984741211,18308,0.0,0.0
2023-06-07 09:00:00+08:00,70.9000015258789,71.0,70.80000305175781,71.0,0,0.0,0.0
2023-06-07 10:00:00+08:00,71.0,71.19999694824219,71.0,71.0999984741211,52205,0.0,0.0
2023-06-07 11:00:00+08:00,71.0999984741211,71.0999984741211,71.0,71.0999984741211,45709,0.0,0.0
2023-06-07 12:00:00+08:00,71.0999984741211,71.0999984741211,71.0,71.0999984741211,36669,0.0,0.0
2023-06-07 13:00:00+08:00,71.19999694824219,71.19999694824219,71.0,71.19999694824219,47691,0.0,0.0
2023-06-08 09:00:00+08:00,71.30000305175781,71.30000305175781,70.69999694824219,70.69999694824219,0,0.0,0.0
2023-06-08 10:00:00+08:00,70.80000305175781,70.80000305175781,70.80000305175781,70.80000305175781,14049,0.0,0.0
2023-06-08 11:00:00+08:00,70.9000015258789,70.9000015258789,70.69999694824219,70.69999694824219,96764,0.0,0.0
2023-06-08 12:00:00+08:00,70.69999694824219,70.69999694824219,70.4000015258789,70.4000015258789,65878,0.0,0.0
2023-06-08 13:00:00+08:00,70.30000305175781,70.30000305175781,70.19999694824219,70.30000305175781,63912,0.0,0.0
2023-06-09 09:00:00+08:00,70.80000305175781,70.80000305175781,70.4000015258789,70.80000305175781,0,0.0,0.0
2023-06-09 10:00:00+08:00,70.69999694824219,70.9000015258789,70.69999694824219,70.80000305175781,46159,0.0,0.0
2023-06-09 11:00:00+08:00,70.9000015258789,70.9000015258789,70.69999694824219,70.9000015258789,50305,0.0,0.0
2023-06-09 12:00:00+08:00,70.9000015258789,71.0,70.69999694824219,70.80000305175781,32208,0.0,0.0
2023-06-09 13:00:00+08:00,70.80000305175781,70.9000015258789,70.80000305175781,70.80000305175781,25001,0.0,0.0
2023-06-12 09:00:00+08:00,70.69999694824219,70.9000015258789,70.30000305175781,70.4000015258789,0,0.0,0.0
2023-06-12 10:00:00+08:00,70.4000015258789,70.4000015258789,70.30000305175781,70.4000015258789,20343,0.0,0.0
2023-06-12 11:00:00+08:00,70.30000305175781,70.5,70.30000305175781,70.30000305175781,27341,0.0,0.0
2023-06-12 12:00:00+08:00,70.4000015258789,70.5,70.30000305175781,70.4000015258789,52173,0.0,0.0
2023-06-12 13:00:00+08:00,70.4000015258789,70.4000015258789,70.4000015258789,70.4000015258789,11181,0.0,0.0
2023-06-13 09:00:00+08:00,70.5999984741211,70.5999984741211,70.0999984741211,70.0999984741211,0,0.0,0.0
2023-06-13 10:00:00+08:00,70.0999984741211,70.4000015258789,70.0999984741211,70.4000015258789,61811,0.0,0.0
2023-06-13 11:00:00+08:00,70.4000015258789,70.4000015258789,70.30000305175781,70.30000305175781,47479,0.0,0.0
2023-06-13 12:00:00+08:00,70.30000305175781,70.4000015258789,70.19999694824219,70.19999694824219,57709,0.0,0.0
2023-06-13 13:00:00+08:00,70.19999694824219,70.4000015258789,70.19999694824219,70.4000015258789,36797,0.0,0.0
2023-06-14 09:00:00+08:00,70.30000305175781,70.4000015258789,70.0999984741211,70.0999984741211,0,0.0,0.0
2023-06-14 10:00:00+08:00,70.0999984741211,70.19999694824219,70.0,70.0999984741211,168826,0.0,0.0
2023-06-14 11:00:00+08:00,70.0999984741211,70.19999694824219,70.0,70.19999694824219,101209,0.0,0.0
2023-06-14 12:00:00+08:00,70.19999694824219,70.30000305175781,69.80000305175781,69.80000305175781,161850,0.0,0.0
2023-06-14 13:00:00+08:00,70.0,70.0,69.9000015258789,70.0,26333,0.0,0.0
2023-06-15 09:00:00+08:00,70.0,70.9000015258789,70.0,70.19999694824219,0,0.0,0.0
2023-06-15 10:00:00+08:00,70.19999694824219,70.5999984741211,70.0999984741211,70.5,142396,0.0,0.0
2023-06-15 11:00:00+08:00,70.5999984741211,70.69999694824219,70.4000015258789,70.5999984741211,82316,0.0,0.0
2023-06-15 12:00:00+08:00,70.5999984741211,71.0,70.4000015258789,70.80000305175781,412373,0.0,0.0
2023-06-15 13:00:00+08:00,70.9000015258789,71.4000015258789,70.9000015258789,71.4000015258789,388760,0.0,0.0
2023-06-16 09:00:00+08:00,66.0,66.0999984741211,65.0,65.30000305175781,0,0.0,0.0
2023-06-16 10:00:00+08:00,65.30000305175781,65.30000305175781,65.0999984741211,65.19999694824219,116064,0.0,0.0
2023-06-16 11:00:00+08:00,65.19999694824219,65.30000305175781,65.0999984741211,65.30000305175781,80338,0.0,0.0
2023-06-16 12:00:00+08:00,65.30000305175781,65.30000305175781,65.0999984741211,65.30000305175781,141286,0.0,0.0
2023-06-16 13:00:00+08:00,65.30000305175781,65.5999984741211,65.0999984741211,65.19999694824219,85314,0.0,0.0
2023-06-19 09:00:00+08:00,65.19999694824219,65.19999694824219,65.0,65.19999694824219,0,0.0,0.0
2023-06-19 10:00:00+08:00,65.19999694824219,65.30000305175781,65.19999694824219,65.19999694824219,31329,0.0,0.0
2023-06-19 11:00:00+08:00,65.19999694824219,65.4000015258789,65.0999984741211,65.4000015258789,55907,0.0,0.0
2023-06-19 12:00:00+08:00,65.5,65.5,65.0999984741211,65.30000305175781,68905,0.0,0.0
2023-06-19 13:00:00+08:00,65.30000305175781,65.5999984741211,65.19999694824219,65.19999694824219,68593,0.0,0.0
2023-06-20 09:00:00+08:00,65.69999694824219,65.69999694824219,64.9000015258789,64.9000015258789,0,0.0,0.0
2023-06-20 10:00:00+08:00,64.9000015258789,65.0,64.80000305175781,64.9000015258789,109899,0.0,0.0
2023-06-20 11:00:00+08:00,64.9000015258789,65.0,64.80000305175781,64.9000015258789,33103,0.0,0.0
2023-06-20 12:00:00+08:00,64.80000305175781,64.80000305175781,64.69999694824219,64.69999694824219,46012,0.0,0.0
2023-06-20 13:00:00+08:00,64.69999694824219,64.69999694824219,64.5999984741211,64.5999984741211,87711,0.0,0.0
2023-06-21 09:00:00+08:00,64.69999694824219,64.69999694824219,64.30000305175781,64.30000305175781,0,0.0,0.0
2023-06-21 10:00:00+08:00,64.30000305175781,64.4000015258789,64.19999694824219,64.30000305175781,52182,0.0,0.0
2023-06-21 11:00:00+08:00,64.19999694824219,64.4000015258789,64.19999694824219,64.30000305175781,61503,0.0,0.0
2023-06-21 12:00:00+08:00,64.30000305175781,64.30000305175781,64.19999694824219,64.19999694824219,84794,0.0,0.0
2023-06-21 13:00:00+08:00,64.30000305175781,64.4000015258789,64.30000305175781,64.30000305175781,19002,0.0,0.0
2023-06-26 09:00:00+08:00,64.30000305175781,65.19999694824219,63.900001525878906,64.0999984741211,0,0.0,0.0
2023-06-26 10:00:00+08:00,64.0999984741211,64.0999984741211,63.599998474121094,63.79999923706055,133223,0.0,0.0
2023-06-26 11:00:00+08:00,63.79999923706055,64.0,63.79999923706055,63.79999923706055,37228,0.0,0.0
2023-06-26 12:00:00+08:00,63.79999923706055,63.79999923706055,63.70000076293945,63.70000076293945,59980,0.0,0.0
2023-06-26 13:00:00+08:00,63.70000076293945,63.900001525878906,63.599998474121094,63.70000076293945,53467,0.0,0.0
2023-06-27 09:00:00+08:00,63.79999923706055,63.900001525878906,63.5,63.70000076293945,0,0.0,0.0
2023-06-27 10:00:00+08:00,63.70000076293945,64.0999984741211,63.70000076293945,64.0,28146,0.0,0.0
2023-06-27 11:00:00+08:00,63.900001525878906,63.900001525878906,63.599998474121094,63.70000076293945,58440,0.0,0.0
2023-06-27 12:00:00+08:00,63.599998474121094,63.79999923706055,63.599998474121094,63.79999923706055,52954,0.0,0.0
2023-06-27 13:00:00+08:00,63.79999923706055,63.79999923706055,63.599998474121094,63.599998474121094,15341,0.0,0.0
2023-06-28 09:00:00+08:00,63.70000076293945,64.30000305175781,63.70000076293945,64.19999694824219,0,0.0,0.0
2023-06-28 10:00:00+08:00,64.30000305175781,64.5,64.19999694824219,64.5,68060,0.0,0.0
2023-06-28 11:00:00+08:00,64.5,64.80000305175781,64.4000015258789,64.80000305175781,54250,0.0,0.0
2023-06-28 12:00:00+08:00,64.69999694824219,64.80000305175781,64.5999984741211,64.69999694824219,35921,0.0,0.0
2023-06-28 13:00:00+08:00,64.69999694824219,64.80000305175781,64.5999984741211,64.69999694824219,19036,0.0,0.0
2023-06-29 09:00:00+08:00,65.0,65.0,64.5999984741211,64.80000305175781,0,0.0,0.0
2023-06-29 10:00:00+08:00,64.69999694824219,64.80000305175781,64.5,64.5999984741211,25762,0.0,0.0
2023-06-29 11:00:00+08:00,64.5999984741211,64.80000305175781,64.5999984741211,64.80000305175781,10050,0.0,0.0
2023-06-29 12:00:00+08:00,64.5999984741211,64.80000305175781,64.5999984741211,64.5999984741211,19406,0.0,0.0
2023-06-29 13:00:00+08:00,64.80000305175781,64.80000305175781,64.5999984741211,64.69999694824219,14050,0.0,0.0
2023-06-30 09:00:00+08:00,64.5999984741211,64.5999984741211,64.4000015258789,64.5,0,0.0,0.0
2023-06-30 10:00:00+08:00,64.5,64.80000305175781,64.5,64.5999984741211,13263,0.0,0.0
2023-06-30 11:00:00+08:00,64.5999984741211,64.69999694824219,64.5999984741211,64.5999984741211,7015,0.0,0.0
2023-06-30 12:00:00+08:00,64.5999984741211,64.80000305175781,64.5999984741211,64.80000305175781,22238,0.0,0.0
2023-06-30 13:00:00+08:00,64.80000305175781,64.9000015258789,64.5999984741211,64.69999694824219,15151,0.0,0.0
2023-07-03 09:00:00+08:00,64.80000305175781,65.19999694824219,64.5999984741211,65.0,0,0.0,0.0
2023-07-03 10:00:00+08:00,65.0,65.30000305175781,65.0,65.0999984741211,37800,0.0,0.0
2023-07-03 11:00:00+08:00,65.0,65.30000305175781,65.0,65.0999984741211,23409,0.0,0.0
2023-07-03 12:00:00+08:00,65.0999984741211,65.30000305175781,65.0999984741211,65.19999694824219,33022,0.0,0.0
2023-07-03 13:00:00+08:00,65.0999984741211,65.19999694824219,65.0999984741211,65.19999694824219,16004,0.0,0.0
2023-07-04 09:00:00+08:00,65.30000305175781,65.30000305175781,64.80000305175781,64.80000305175781,0,0.0,0.0
2023-07-04 10:00:00+08:00,64.80000305175781,65.0999984741211,64.80000305175781,65.0,8611,0.0,0.0
2023-07-04 11:00:00+08:00,65.0,65.30000305175781,64.9000015258789,65.30000305175781,34608,0.0,0.0
2023-07-04 12:00:00+08:00,65.19999694824219,65.4000015258789,65.0999984741211,65.0999984741211,40533,0.0,0.0
2023-07-04 13:00:00+08:00,65.19999694824219,65.30000305175781,65.19999694824219,65.30000305175781,3000,0.0,0.0
2023-07-05 09:00:00+08:00,65.19999694824219,65.19999694824219,64.69999694824219,64.9000015258789,0,0.0,0.0
2023-07-05 10:00:00+08:00,64.9000015258789,64.9000015258789,64.80000305175781,64.80000305175781,47138,0.0,0.0
2023-07-05 11:00:00+08:00,64.80000305175781,64.80000305175781,64.5999984741211,64.69999694824219,48024,0.0,0.0
2023-07-05 12:00:00+08:00,64.69999694824219,64.69999694824219,64.5,64.5999984741211,62886,0.0,0.0
2023-07-05 13:00:00+08:00,64.69999694824219,64.69999694824219,64.5999984741211,64.69999694824219,6493,0.0,0.0
2023-07-06 09:00:00+08:00,64.4000015258789,64.9000015258789,64.30000305175781,64.69999694824219,0,0.0,0.0
2023-07-06 10:00:00+08:00,64.80000305175781,65.0,64.5999984741211,64.69999694824219,28622,0.0,0.0
2023-07-06 11:00:00+08:00,64.5999984741211,64.5999984741211,64.4000015258789,64.4000015258789,25720,0.0,0.0
2023-07-06 12:00:00+08:00,64.4000015258789,64.5,64.19999694824219,64.4000015258789,38020,0.0,0.0
2023-07-06 13:00:00+08:00,64.30000305175781,64.5,64.30000305175781,64.30000305175781,10240,0.0,0.0
2023-07-07 09:00:00+08:00,64.4000015258789,64.4000015258789,63.70000076293945,63.79999923706055,0,0.0,0.0
2023-07-07 10:00:00+08:00,63.900001525878906,64.0999984741211,63.70000076293945,64.0999984741211,26248,0.0,0.0
2023-07-07 11:00:00+08:00,64.0999984741211,64.30000305175781,64.0,64.0,13518,0.0,0.0
2023-07-07 12:00:00+08:00,63.900001525878906,64.0,63.79999923706055,63.79999923706055,19400,0.0,0.0
2023-07-07 13:00:00+08:00,63.79999923706055,64.0,63.79999923706055,63.900001525878906,17000,0.0,0.0
2023-07-10 09:00:00+08:00,63.900001525878906,64.0,63.70000076293945,64.0,0,0.0,0.0
2023-07-10 10:00:00+08:00,64.0,64.0999984741211,63.79999923706055,63.900001525878906,27163,0.0,0.0
2023-07-10 11:00:00+08:00,63.79999923706055,63.79999923706055,63.70000076293945,63.70000076293945,29173,0.0,0.0
2023-07-10 12:00:00+08:00,63.70000076293945,63.79999923706055,63.70000076293945,63.70000076293945,23500,0.0,0.0
2023-07-10 13:00:00+08:00,63.79999923706055,63.79999923706055,63.70000076293945,63.70000076293945,18018,0.0,0.0
2023-07-11 09:00:00+08:00,63.900001525878906,63.900001525878906,63.79999923706055,63.79999923706055,0,0.0,0.0
2023-07-11 10:00:00+08:00,63.79999923706055,64.19999694824219,63.70000076293945,64.19999694824219,42630,0.0,0.0
2023-07-11 11:00:00+08:00,64.19999694824219,64.19999694824219,63.900001525878906,63.900001525878906,15530,0.0,0.0
2023-07-11 12:00:00+08:00,63.900001525878906,64.5999984741211,63.900001525878906,64.5,56314,0.0,0.0
2023-07-11 13:00:00+08:00,64.4000015258789,64.80000305175781,64.4000015258789,64.69999694824219,24015,0.0,0.0
2023-07-12 09:00:00+08:00,64.9000015258789,65.0,64.5,64.5,0,0.0,0.0
2023-07-12 10:00:00+08:00,64.5,64.5999984741211,64.5,64.5,16006,0.0,0.0
2023-07-12 11:00:00+08:00,64.4000015258789,64.5,64.30000305175781,64.30000305175781,16251,0.0,0.0
2023-07-12 12:00:00+08:00,64.4000015258789,64.4000015258789,64.19999694824219,64.30000305175781,23698,0.0,0.0
2023-07-12 13:00:00+08:00,64.19999694824219,64.19999694824219,64.0,64.0999984741211,46672,0.0,0.0
2023-07-13 09:00:00+08:00,64.0999984741211,64.5,64.0,64.30000305175781,0,0.0,0.0
2023-07-13 10:00:00+08:00,64.30000305175781,64.4000015258789,64.0999984741211,64.19999694824219,61855,0.0,0.0
2023-07-13 11:00:00+08:00,64.19999694824219,64.19999694824219,64.0999984741211,64.0999984741211,27533,0.0,0.0
2023-07-13 12:00:00+08:00,64.19999694824219,64.19999694824219,63.900001525878906,63.900001525878906,102889,0.0,0.0
2023-07-13 13:00:00+08:00,63.79999923706055,63.900001525878906,63.79999923706055,63.900001525878906,13499,0.0,0.0
2023-07-14 09:00:00+08:00,63.79999923706055,64.0999984741211,63.79999923706055,64.0,0,0.0,0.0
2023-07-14 10:00:00+08:00,64.0,64.69999694824219,64.0,64.5999984741211,31289,0.0,0.0
2023-07-14 11:00:00+08:00,64.5999984741211,64.5999984741211,64.30000305175781,64.30000305175781,21056,0.0,0.0
2023-07-14 12:00:00+08:00,64.19999694824219,64.19999694824219,63.900001525878906,63.900001525878906,43471,0.0,0.0
2023-07-14 13:00:00+08:00,63.900001525878906,64.0,63.900001525878906,64.0,9002,0.0,0.0
2023-07-17 09:00:00+08:00,63.900001525878906,64.5,63.900001525878906,64.5,0,0.0,0.0
2023-07-17 10:00:00+08:00,64.4000015258789,65.0,64.4000015258789,65.0,73492,0.0,0.0
2023-07-17 11:00:00+08:00,65.0,65.0999984741211,64.80000305175781,64.80000305175781,48726,0.0,0.0
2023-07-17 12:00:00+08:00,64.9000015258789,64.9000015258789,64.80000305175781,64.9000015258789,43200,0.0,0.0
2023-07-17 13:00:00+08:00,64.9000015258789,65.0,64.9000015258789,65.0,13005,0.0,0.0
2023-07-18 09:00:00+08:00,65.0,65.30000305175781,64.5999984741211,64.5999984741211,95832,0.0,0.0
2023-07-18 10:00:00+08:00,65.0,65.0,64.5999984741211,64.9000015258789,22050,0.0,0.0
2023-07-18 11:00:00+08:00,64.9000015258789,64.9000015258789,64.80000305175781,64.9000015258789,4001,0.0,0.0
2023-07-18 12:00:00+08:00,64.9000015258789,65.0,64.5,64.80000305175781,34501,0.0,0.0
2023-07-18 13:00:00+08:00,64.69999694824219,64.80000305175781,64.69999694824219,64.80000305175781,13363,0.0,0.0
2023-07-19 09:00:00+08:00,64.9000015258789,64.9000015258789,64.5999984741211,64.5999984741211,14173,0.0,0.0
2023-07-19 10:00:00+08:00,64.69999694824219,64.69999694824219,64.5,64.5,14697,0.0,0.0
2023-07-19 11:00:00+08:00,64.4000015258789,64.4000015258789,64.19999694824219,64.4000015258789,13082,0.0,0.0
2023-07-19 12:00:00+08:00,64.4000015258789,64.4000015258789,64.0999984741211,64.0999984741211,35627,0.0,0.0
2023-07-19 13:00:00+08:00,64.0999984741211,64.19999694824219,64.0999984741211,64.0999984741211,15315,0.0,0.0
2023-07-20 09:00:00+08:00,64.0,64.69999694824219,64.0,64.4000015258789,23110,0.0,0.0
2023-07-20 10:00:00+08:00,64.4000015258789,64.5999984741211,64.4000015258789,64.5999984741211,17001,0.0,0.0
2023-07-20 11:00:00+08:00,64.5999984741211,64.9000015258789,64.5999984741211,64.9000015258789,48121,0.0,0.0
2023-07-20 12:00:00+08:00,64.69999694824219,64.80000305175781,64.69999694824219,64.80000305175781,38105,0.0,0.0
2023-07-20 13:00:00+08:00,64.80000305175781,64.9000015258789,64.69999694824219,64.80000305175781,16000,0.0,0.0
2023-07-21 09:00:00+08:00,64.5,64.5999984741211,64.5,64.5,19139,0.0,0.0
2023-07-21 10:00:00+08:00,64.5999984741211,64.80000305175781,64.5999984741211,64.80000305175781,15135,0.0,0.0
2023-07-21 11:00:00+08:00,64.80000305175781,65.0,64.69999694824219,64.69999694824219,27120,0.0,0.0
2023-07-21 12:00:00+08:00,64.80000305175781,65.0,64.80000305175781,64.9000015258789,0,0.0,0.0
2023-07-21 13:00:00+08:00,64.80000305175781,65.0,64.69999694824219,65.0,121802,0.0,0.0
2023-07-24 09:00:00+08:00,65.0,65.0,64.5,64.5999984741211,0,0.0,0.0
2023-07-24 10:00:00+08:00,64.5999984741211,64.9000015258789,64.5999984741211,64.9000015258789,26334,0.0,0.0
2023-07-24 11:00:00+08:00,64.9000015258789,64.9000015258789,64.80000305175781,64.80000305175781,4311,0.0,0.0
2023-07-24 12:00:00+08:00,64.69999694824219,64.69999694824219,64.4000015258789,64.4000015258789,26153,0.0,0.0
2023-07-24 13:00:00+08:00,64.5999984741211,64.80000305175781,64.5,64.5,14000,0.0,0.0
2023-07-25 09:00:00+08:00,64.9000015258789,66.0999984741211,64.9000015258789,65.80000305175781,195844,0.0,0.0
2023-07-25 10:00:00+08:00,65.80000305175781,66.4000015258789,65.5999984741211,66.19999694824219,151445,0.0,0.0
2023-07-25 11:00:00+08:00,66.19999694824219,66.30000305175781,65.80000305175781,65.80000305175781,36303,0.0,0.0
2023-07-25 12:00:00+08:00,65.80000305175781,66.30000305175781,65.80000305175781,66.30000305175781,132520,0.0,0.0
2023-07-25 13:00:00+08:00,66.4000015258789,67.5,66.4000015258789,66.5999984741211,157039,0.0,0.0
2023-07-26 09:00:00+08:00,66.9000015258789,67.0,66.0999984741211,66.69999694824219,0,0.0,0.0
2023-07-26 10:00:00+08:00,66.5999984741211,66.80000305175781,66.4000015258789,66.5,37059,0.0,0.0
2023-07-26 11:00:00+08:00,66.5999984741211,67.0,66.5,66.5999984741211,42762,0.0,0.0
2023-07-26 12:00:00+08:00,66.5,66.5,66.4000015258789,66.5,56077,0.0,0.0
2023-07-26 13:00:00+08:00,66.5,66.5,66.30000305175781,66.4000015258789,34423,0.0,0.0
2023-07-27 09:00:00+08:00,66.69999694824219,66.80000305175781,66.5999984741211,66.5999984741211,30258,0.0,0.0
2023-07-27 10:00:00+08:00,66.5,66.5999984741211,66.4000015258789,66.5,22204,0.0,0.0
2023-07-27 11:00:00+08:00,66.5999984741211,66.69999694824219,66.5,66.5999984741211,35050,0.0,0.0
2023-07-27 12:00:00+08:00,66.5999984741211,66.69999694824219,66.5999984741211,66.5999984741211,18152,0.0,0.0
2023-07-27 13:00:00+08:00,66.69999694824219,66.69999694824219,66.5,66.5,6423,0.0,0.0
2023-07-28 09:00:00+08:00,66.30000305175781,66.5999984741211,65.80000305175781,66.0999984741211,91045,0.0,0.0
2023-07-28 10:00:00+08:00,66.0,66.0999984741211,65.69999694824219,66.0,42323,0.0,0.0
2023-07-28 11:00:00+08:00,66.0,66.0999984741211,65.69999694824219,66.0999984741211,43113,0.0,0.0
2023-07-28 12:00:00+08:00,66.0999984741211,66.19999694824219,66.0,66.19999694824219,22322,0.0,0.0
2023-07-28 13:00:00+08:00,66.19999694824219,66.69999694824219,66.19999694824219,66.69999694824219,47111,0.0,0.0
2023-07-31 09:00:00+08:00,67.69999694824219,68.4000015258789,66.80000305175781,67.5,638536,0.0,0.0
2023-07-31 10:00:00+08:00,67.5,67.9000015258789,67.5,67.5999984741211,107610,0.0,0.0
2023-07-31 11:00:00+08:00,67.5999984741211,67.69999694824219,66.80000305175781,67.30000305175781,184924,0.0,0.0
2023-07-31 12:00:00+08:00,67.19999694824219,67.4000015258789,67.0999984741211,67.19999694824219,58322,0.0,0.0
2023-07-31 13:00:00+08:00,67.19999694824219,67.30000305175781,67.19999694824219,67.30000305175781,16050,0.0,0.0
2023-08-01 09:00:00+08:00,67.80000305175781,67.80000305175781,67.30000305175781,67.30000305175781,116296,0.0,0.0
2023-08-01 10:00:00+08:00,67.30000305175781,67.5999984741211,67.30000305175781,67.5,27315,0.0,0.0
2023-08-01 11:00:00+08:00,67.5,67.5,67.19999694824219,67.4000015258789,69230,0.0,0.0
2023-08-01 12:00:00+08:00,67.4000015258789,68.30000305175781,67.4000015258789,67.80000305175781,76206,0.0,0.0
2023-08-01 13:00:00+08:00,67.80000305175781,68.0,67.80000305175781,68.0,8201,0.0,0.0
2023-08-02 09:00:00+08:00,68.0999984741211,68.5,67.80000305175781,67.80000305175781,120902,0.0,0.0
2023-08-02 10:00:00+08:00,67.69999694824219,67.9000015258789,67.4000015258789,67.4000015258789,68316,0.0,0.0
2023-08-02 11:00:00+08:00,67.4000015258789,67.9000015258789,67.4000015258789,67.5999984741211,28081,0.0,0.0
2023-08-02 12:00:00+08:00,67.5,67.5999984741211,67.19999694824219,67.19999694824219,74020,0.0,0.0
2023-08-02 13:00:00+08:00,67.19999694824219,67.4000015258789,67.19999694824219,67.4000015258789,23177,0.0,0.0
2023-08-04 09:00:00+08:00,67.4000015258789,67.4000015258789,66.5,66.69999694824219,0,0.0,0.0
2023-08-04 10:00:00+08:00,66.9000015258789,66.9000015258789,66.80000305175781,66.9000015258789,17708,0.0,0.0
2023-08-04 11:00:00+08:00,67.0,67.0,66.9000015258789,67.0,41019,0.0,0.0
2023-08-04 12:00:00+08:00,66.9000015258789,67.4000015258789,66.9000015258789,67.4000015258789,43341,0.0,0.0
2023-08-04 13:00:00+08:00,67.4000015258789,67.4000015258789,67.30000305175781,67.30000305175781,10030,0.0,0.0
2023-08-07 09:00:00+08:00,67.80000305175781,67.80000305175781,67.4000015258789,67.5,0,0.0,0.0
2023-08-07 10:00:00+08:00,67.5999984741211,67.80000305175781,67.5,67.80000305175781,49453,0.0,0.0
2023-08-07 11:00:00+08:00,67.80000305175781,67.9000015258789,67.69999694824219,67.80000305175781,27639,0.0,0.0
2023-08-07 12:00:00+08:00,67.80000305175781,68.0999984741211,67.69999694824219,68.0,90471,0.0,0.0
2023-08-07 13:00:00+08:00,68.0,68.30000305175781,68.0,68.19999694824219,67139,0.0,0.0
2023-08-08 09:00:00+08:00,68.0999984741211,68.30000305175781,67.5999984741211,67.80000305175781,47359,0.0,0.0
2023-08-08 10:00:00+08:00,67.69999694824219,67.69999694824219,67.5,67.5999984741211,26351,0.0,0.0
2023-08-08 11:00:00+08:00,67.5999984741211,67.69999694824219,67.5,67.5999984741211,37001,0.0,0.0
2023-08-08 12:00:00+08:00,67.5999984741211,67.5999984741211,67.5,67.5999984741211,16427,0.0,0.0
2023-08-08 13:00:00+08:00,67.69999694824219,67.80000305175781,67.69999694824219,67.80000305175781,10223,0.0,0.0
2023-08-09 09:00:00+08:00,67.69999694824219,68.0,67.4000015258789,67.69999694824219,53740,0.0,0.0
2023-08-09 10:00:00+08:00,67.80000305175781,67.80000305175781,67.4000015258789,67.5999984741211,17152,0.0,0.0
2023-08-09 11:00:00+08:00,67.4000015258789,67.5999984741211,67.4000015258789,67.5,16219,0.0,0.0
2023-08-09 12:00:00+08:00,67.5999984741211,67.5999984741211,67.4000015258789,67.5999984741211,18251,0.0,0.0
2023-08-09 13:00:00+08:00,67.5999984741211,67.80000305175781,67.5999984741211,67.80000305175781,29057,0.0,0.0
2023-08-10 09:00:00+08:00,67.30000305175781,67.30000305175781,66.4000015258789,66.80000305175781,108366,0.0,0.0
2023-08-10 10:00:00+08:00,66.9000015258789,66.9000015258789,66.69999694824219,66.80000305175781,20110,0.0,0.0
2023-08-10 11:00:00+08:00,66.80000305175781,67.0,66.80000305175781,67.0,28096,0.0,0.0
2023-08-10 12:00:00+08:00,67.0,67.0999984741211,66.80000305175781,66.80000305175781,22357,0.0,0.0
2023-08-10 13:00:00+08:00,66.9000015258789,66.9000015258789,66.69999694824219,66.69999694824219,33251,0.0,0.0
2023-08-11 09:00:00+08:00,66.80000305175781,67.5999984741211,66.80000305175781,67.4000015258789,42550,0.0,0.0
2023-08-11 10:00:00+08:00,67.30000305175781,68.0,67.19999694824219,67.9000015258789,119343,0.0,0.0
2023-08-11 11:00:00+08:00,67.9000015258789,68.0,67.80000305175781,68.0,65165,0.0,0.0
2023-08-11 12:00:00+08:00,68.0999984741211,68.19999694824219,67.9000015258789,67.9000015258789,69856,0.0,0.0
2023-08-11 13:00:00+08:00,67.9000015258789,68.0,67.19999694824219,67.9000015258789,41014,0.0,0.0
2023-08-14 09:00:00+08:00,68.0999984741211,68.0999984741211,67.5,67.9000015258789,0,0.0,0.0
2023-08-14 10:00:00+08:00,67.9000015258789,67.9000015258789,67.5999984741211,67.80000305175781,46373,0.0,0.0
2023-08-14 11:00:00+08:00,67.80000305175781,67.80000305175781,67.5,67.5999984741211,37077,0.0,0.0
2023-08-14 12:00:00+08:00,67.69999694824219,68.0,67.69999694824219,67.80000305175781,78145,0.0,0.0
2023-08-14 13:00:00+08:00,67.9000015258789,67.9000015258789,67.69999694824219,67.9000015258789,6270,0.0,0.0
2023-08-15 09:00:00+08:00,67.69999694824219,68.9000015258789,67.69999694824219,68.69999694824219,173385,0.0,0.0
2023-08-15 10:00:00+08:00,68.69999694824219,69.5,68.5,69.19999694824219,263779,0.0,0.0
2023-08-15 11:00:00+08:00,69.0,69.19999694824219,69.0,69.0999984741211,51256,0.0,0.0
2023-08-15 12:00:00+08:00,69.0999984741211,69.19999694824219,68.69999694824219,68.80000305175781,80277,0.0,0.0
2023-08-15 13:00:00+08:00,68.80000305175781,69.0,68.80000305175781,69.0,12395,0.0,0.0
2023-08-16 09:00:00+08:00,68.0999984741211,69.19999694824219,68.0999984741211,68.9000015258789,83544,0.0,0.0
2023-08-16 10:00:00+08:00,68.80000305175781,69.30000305175781,68.0999984741211,69.19999694824219,137778,0.0,0.0
2023-08-16 11:00:00+08:00,69.19999694824219,69.30000305175781,68.80000305175781,68.9000015258789,48630,0.0,0.0
2023-08-16 12:00:00+08:00,68.9000015258789,69.19999694824219,68.9000015258789,69.0,35759,0.0,0.0
2023-08-16 13:00:00+08:00,69.0999984741211,69.0999984741211,68.9000015258789,69.0,21003,0.0,0.0
2023-08-17 09:00:00+08:00,68.5999984741211,69.4000015258789,68.5999984741211,69.4000015258789,61238,0.0,0.0
2023-08-17 10:00:00+08:00,69.4000015258789,69.69999694824219,69.4000015258789,69.5999984741211,103237,0.0,0.0
2023-08-17 11:00:00+08:00,69.5999984741211,69.69999694824219,69.0999984741211,69.30000305175781,57499,0.0,0.0
2023-08-17 12:00:00+08:00,69.30000305175781,69.5999984741211,69.30000305175781,69.30000305175781,50956,0.0,0.0
2023-08-17 13:00:00+08:00,69.30000305175781,69.5,69.19999694824219,69.19999694824219,27008,0.0,0.0
2023-08-18 09:00:00+08:00,69.5999984741211,69.69999694824219,69.19999694824219,69.5999984741211,49704,0.0,0.0
2023-08-18 10:00:00+08:00,69.5999984741211,69.5999984741211,69.0,69.0,102133,0.0,0.0
2023-08-18 11:00:00+08:00,69.0999984741211,69.5,69.0,69.30000305175781,22169,0.0,0.0
2023-08-18 12:00:00+08:00,69.0999984741211,69.0999984741211,68.0999984741211,68.5,92188,0.0,0.0
2023-08-18 13:00:00+08:00,68.5,69.0,68.5,68.5999984741211,22086,0.0,0.0
2023-08-21 09:00:00+08:00,68.30000305175781,68.9000015258789,68.30000305175781,68.69999694824219,0,0.0,0.0
2023-08-21 10:00:00+08:00,68.5999984741211,68.69999694824219,68.4000015258789,68.4000015258789,23054,0.0,0.0
2023-08-21 11:00:00+08:00,68.5,68.69999694824219,68.5,68.5999984741211,14231,0.0,0.0
2023-08-21 12:00:00+08:00,68.5,68.5,68.4000015258789,68.4000015258789,21653,0.0,0.0
2023-08-21 13:00:00+08:00,68.30000305175781,68.5999984741211,68.30000305175781,68.5999984741211,6188,0.0,0.0
2023-08-22 09:00:00+08:00,68.0999984741211,68.5,68.0999984741211,68.30000305175781,48313,0.0,0.0
2023-08-22 10:00:00+08:00,68.19999694824219,68.19999694824219,68.0,68.19999694824219,28010,0.0,0.0
2023-08-22 11:00:00+08:00,68.19999694824219,68.4000015258789,68.19999694824219,68.19999694824219,17300,0.0,0.0
2023-08-22 12:00:00+08:00,68.19999694824219,68.30000305175781,68.0,68.0999984741211,43085,0.0,0.0
2023-08-22 13:00:00+08:00,68.0999984741211,68.19999694824219,67.9000015258789,67.9000015258789,22738,0.0,0.0
2023-08-23 09:00:00+08:00,68.0999984741211,68.19999694824219,68.0,68.0999984741211,0,0.0,0.0
2023-08-23 10:00:00+08:00,68.0999984741211,68.30000305175781,68.0999984741211,68.19999694824219,14300,0.0,0.0
2023-08-23 11:00:00+08:00,68.30000305175781,68.30000305175781,68.19999694824219,68.19999694824219,7668,0.0,0.0
2023-08-23 12:00:00+08:00,68.19999694824219,68.19999694824219,68.0999984741211,68.0999984741211,10341,0.0,0.0
2023-08-23 13:00:00+08:00,68.30000305175781,68.30000305175781,68.19999694824219,68.30000305175781,12709,0.0,0.0
2023-08-24 09:00:00+08:00,68.30000305175781,68.5999984741211,68.30000305175781,68.4000015258789,20698,0.0,0.0
2023-08-24 10:00:00+08:00,68.4000015258789,68.4000015258789,68.0,68.0999984741211,33959,0.0,0.0
2023-08-24 11:00:00+08:00,68.0999984741211,68.0999984741211,67.30000305175781,67.4000015258789,82005,0.0,0.0
2023-08-24 12:00:00+08:00,67.30000305175781,67.5,67.30000305175781,67.5,27151,0.0,0.0
2023-08-24 13:00:00+08:00,67.5999984741211,67.5999984741211,67.4000015258789,67.5,25220,0.0,0.0
2023-08-25 09:00:00+08:00,67.5,67.5,67.30000305175781,67.5,27674,0.0,0.0
2023-08-25 10:00:00+08:00,67.5,67.69999694824219,67.5,67.5999984741211,16004,0.0,0.0
2023-08-25 11:00:00+08:00,67.5,67.5,67.4000015258789,67.4000015258789,15452,0.0,0.0
2023-08-25 12:00:00+08:00,67.4000015258789,67.69999694824219,67.4000015258789,67.69999694824219,11037,0.0,0.0
2023-08-25 13:00:00+08:00,67.69999694824219,67.69999694824219,67.5999984741211,67.5999984741211,6050,0.0,0.0
2023-08-28 09:00:00+08:00,67.69999694824219,67.80000305175781,67.5,67.5,0,0.0,0.0
2023-08-28 10:00:00+08:00,67.5,67.5,66.19999694824219,67.0,54517,0.0,0.0
2023-08-28 11:00:00+08:00,67.0999984741211,67.0999984741211,66.5,66.5,35693,0.0,0.0
2023-08-28 12:00:00+08:00,66.5999984741211,66.69999694824219,66.5,66.69999694824219,23805,0.0,0.0
2023-08-28 13:00:00+08:00,66.69999694824219,66.80000305175781,66.69999694824219,66.69999694824219,11513,0.0,0.0
2023-08-29 09:00:00+08:00,66.69999694824219,66.69999694824219,66.5999984741211,66.69999694824219,23110,0.0,0.0
2023-08-29 10:00:00+08:00,66.5999984741211,67.0,66.5,66.9000015258789,36112,0.0,0.0
2023-08-29 11:00:00+08:00,66.80000305175781,66.80000305175781,66.80000305175781,66.80000305175781,1000,0.0,0.0
2023-08-29 12:00:00+08:00,66.80000305175781,67.0,66.80000305175781,67.0,7454,0.0,0.0
2023-08-29 13:00:00+08:00,66.9000015258789,67.0,66.9000015258789,66.9000015258789,15000,0.0,0.0
2023-08-30 09:00:00+08:00,67.0,67.4000015258789,67.0,67.19999694824219,12158,0.0,0.0
2023-08-30 10:00:00+08:00,67.19999694824219,67.30000305175781,67.0999984741211,67.30000305175781,16097,0.0,0.0
2023-08-30 11:00:00+08:00,67.4000015258789,68.5999984741211,67.4000015258789,68.30000305175781,96814,0.0,0.0
2023-08-30 12:00:00+08:00,68.30000305175781,68.4000015258789,68.0999984741211,68.30000305175781,30758,0.0,0.0
2023-08-30 13:00:00+08:00,68.30000305175781,68.30000305175781,68.19999694824219,68.19999694824219,9125,0.0,0.0
2023-08-31 09:00:00+08:00,68.30000305175781,68.30000305175781,67.69999694824219,68.0999984741211,0,0.0,0.0
2023-08-31 10:00:00+08:00,68.19999694824219,68.30000305175781,68.0,68.30000305175781,20075,0.0,0.0
2023-08-31 11:00:00+08:00,68.19999694824219,68.30000305175781,68.0,68.30000305175781,8119,0.0,0.0
2023-08-31 12:00:00+08:00,68.30000305175781,68.4000015258789,68.19999694824219,68.4000015258789,4095,0.0,0.0
2023-08-31 13:00:00+08:00,68.19999694824219,68.30000305175781,68.19999694824219,68.30000305175781,6231,0.0,0.0
2023-09-01 09:00:00+08:00,68.4000015258789,68.4000015258789,68.0999984741211,68.0999984741211,0,0.0,0.0
2023-09-01 10:00:00+08:00,68.19999694824219,69.0,68.19999694824219,68.80000305175781,92328,0.0,0.0
2023-09-01 11:00:00+08:00,68.80000305175781,69.0,68.69999694824219,68.80000305175781,53588,0.0,0.0
2023-09-01 12:00:00+08:00,68.80000305175781,68.9000015258789,68.80000305175781,68.9000015258789,19143,0.0,0.0
2023-09-01 13:00:00+08:00,68.80000305175781,69.0,68.80000305175781,68.9000015258789,10302,0.0,0.0
2023-09-04 09:00:00+08:00,68.5999984741211,68.9000015258789,68.5999984741211,68.5999984741211,0,0.0,0.0
2023-09-04 10:00:00+08:00,68.69999694824219,69.0999984741211,68.69999694824219,69.0999984741211,37263,0.0,0.0
2023-09-04 11:00:00+08:00,69.0999984741211,69.0999984741211,68.9000015258789,68.9000015258789,20555,0.0,0.0
2023-09-04 12:00:00+08:00,69.0,69.0,68.5999984741211,68.80000305175781,14324,0.0,0.0
2023-09-04 13:00:00+08:00,68.69999694824219,68.9000015258789,68.69999694824219,68.80000305175781,14191,0.0,0.0
2023-09-05 09:00:00+08:00,68.69999694824219,68.9000015258789,68.5999984741211,68.9000015258789,7100,0.0,0.0
2023-09-05 10:00:00+08:00,68.9000015258789,69.0,68.69999694824219,68.80000305175781,45007,0.0,0.0
2023-09-05 11:00:00+08:00,68.69999694824219,69.5999984741211,68.69999694824219,69.4000015258789,76779,0.0,0.0
2023-09-05 12:00:00+08:00,69.4000015258789,69.4000015258789,69.19999694824219,69.4000015258789,31492,0.0,0.0
2023-09-05 13:00:00+08:00,69.4000015258789,69.4000015258789,69.30000305175781,69.4000015258789,8205,0.0,0.0
2023-09-06 09:00:00+08:00,67.5999984741211,68.0,67.5,68.0,61484,0.0,0.0
2023-09-06 10:00:00+08:00,68.0,68.5999984741211,67.80000305175781,68.5,88407,0.0,0.0
2023-09-06 11:00:00+08:00,68.4000015258789,68.4000015258789,68.0999984741211,68.0999984741211,35236,0.0,0.0
2023-09-06 12:00:00+08:00,68.0999984741211,68.19999694824219,68.0,68.19999694824219,32601,0.0,0.0
2023-09-06 13:00:00+08:00,68.0999984741211,68.19999694824219,68.0,68.19999694824219,38504,0.0,0.0
2023-09-07 09:00:00+08:00,67.9000015258789,68.30000305175781,67.9000015258789,68.0999984741211,0,0.0,0.0
2023-09-07 10:00:00+08:00,68.0999984741211,68.0999984741211,68.0999984741211,68.0999984741211,2000,0.0,0.0
2023-09-07 11:00:00+08:00,68.19999694824219,68.19999694824219,68.0,68.0,31210,0.0,0.0
2023-09-07 12:00:00+08:00,68.0999984741211,68.0999984741211,67.80000305175781,67.9000015258789,21089,0.0,0.0
2023-09-07 13:00:00+08:00,68.0,68.0999984741211,68.0,68.0999984741211,14078,0.0,0.0
2023-09-08 09:00:00+08:00,68.0,68.4000015258789,68.0,68.0,0,0.0,0.0
2023-09-08 10:00:00+08:00,68.0,68.0999984741211,68.0,68.0999984741211,7096,0.0,0.0
2023-09-08 11:00:00+08:00,68.0,68.0,67.69999694824219,67.80000305175781,29425,0.0,0.0
2023-09-08 12:00:00+08:00,67.9000015258789,68.19999694824219,67.9000015258789,68.19999694824219,15121,0.0,0.0
2023-09-08 13:00:00+08:00,68.0999984741211,68.0999984741211,68.0999984741211,68.0999984741211,11017,0.0,0.0
2023-09-11 09:00:00+08:00,68.0,68.0,67.30000305175781,67.5,0,0.0,0.0
2023-09-11 10:00:00+08:00,67.5,67.5999984741211,67.4000015258789,67.4000015258789,18110,0.0,0.0
2023-09-11 11:00:00+08:00,67.69999694824219,67.80000305175781,67.30000305175781,67.30000305175781,17035,0.0,0.0
2023-09-11 12:00:00+08:00,67.5,68.0999984741211,67.4000015258789,67.5,32003,0.0,0.0
2023-09-11 13:00:00+08:00,67.5,68.0,67.5,68.0,15400,0.0,0.0
2023-09-12 09:00:00+08:00,67.69999694824219,67.9000015258789,67.69999694824219,67.80000305175781,0,0.0,0.0
2023-09-12 10:00:00+08:00,67.69999694824219,68.0,67.69999694824219,68.0,14069,0.0,0.0
2023-09-12 11:00:00+08:00,68.0,68.0,67.9000015258789,67.9000015258789,12047,0.0,0.0
2023-09-12 12:00:00+08:00,67.9000015258789,67.9000015258789,67.69999694824219,67.69999694824219,15246,0.0,0.0
2023-09-12 13:00:00+08:00,67.80000305175781,68.0999984741211,67.69999694824219,68.0,19000,0.0,0.0
2023-09-13 09:00:00+08:00,68.19999694824219,68.19999694824219,67.69999694824219,68.0,0,0.0,0.0
2023-09-13 10:00:00+08:00,68.0,68.0,67.9000015258789,67.9000015258789,12062,0.0,0.0
2023-09-13 11:00:00+08:00,67.9000015258789,67.9000015258789,67.80000305175781,67.80000305175781,6326,0.0,0.0
2023-09-13 12:00:00+08:00,67.80000305175781,67.80000305175781,67.5999984741211,67.5999984741211,34021,0.0,0.0
2023-09-13 13:00:00+08:00,67.5999984741211,68.0999984741211,67.5999984741211,67.80000305175781,15070,0.0,0.0
2023-09-14 09:00:00+08:00,67.9000015258789,69.0,67.9000015258789,69.0,0,0.0,0.0
2023-09-14 10:00:00+08:00,68.80000305175781,68.9000015258789,68.0999984741211,68.4000015258789,26090,0.0,0.0
2023-09-14 11:00:00+08:00,68.4000015258789,68.5,68.30000305175781,68.5,14421,0.0,0.0
2023-09-14 12:00:00+08:00,68.5,68.5,68.19999694824219,68.30000305175781,24059,0.0,0.0
2023-09-14 13:00:00+08:00,68.30000305175781,68.4000015258789,68.30000305175781,68.30000305175781,9320,0.0,0.0
2023-09-15 09:00:00+08:00,68.30000305175781,68.80000305175781,68.30000305175781,68.4000015258789,0,0.0,0.0
2023-09-15 10:00:00+08:00,68.4000015258789,68.4000015258789,68.0999984741211,68.30000305175781,18202,0.0,0.0
2023-09-15 11:00:00+08:00,68.30000305175781,68.30000305175781,68.0999984741211,68.0999984741211,4070,0.0,0.0
2023-09-15 12:00:00+08:00,68.0999984741211,68.0999984741211,68.0,68.0,20246,0.0,0.0
2023-09-15 13:00:00+08:00,68.0999984741211,68.0999984741211,68.0,68.0,8076,0.0,0.0
2023-09-18 09:00:00+08:00,68.0,68.5,68.0,68.0999984741211,0,0.0,0.0
2023-09-18 10:00:00+08:00,68.0999984741211,68.0999984741211,67.69999694824219,67.80000305175781,29010,0.0,0.0
2023-09-18 11:00:00+08:00,68.0,68.0,67.69999694824219,67.9000015258789,17082,0.0,0.0
2023-09-18 12:00:00+08:00,67.80000305175781,68.0999984741211,67.80000305175781,68.0999984741211,0,0.0,0.0
2023-09-18 13:00:00+08:00,68.0999984741211,68.0999984741211,68.0999984741211,68.0999984741211,79731,0.0,0.0
2023-09-19 09:00:00+08:00,68.0,68.0,67.9000015258789,68.0,10094,0.0,0.0
2023-09-19 10:00:00+08:00,67.9000015258789,68.19999694824219,67.9000015258789,68.0999984741211,12045,0.0,0.0
2023-09-19 11:00:00+08:00,68.19999694824219,68.19999694824219,68.0,68.0,12031,0.0,0.0
2023-09-19 12:00:00+08:00,68.0,68.0,68.0,68.0,11041,0.0,0.0
2023-09-19 13:00:00+08:00,68.0,68.0,67.9000015258789,67.9000015258789,17002,0.0,0.0
2023-09-20 09:00:00+08:00,67.9000015258789,68.0,67.80000305175781,67.9000015258789,14096,0.0,0.0
2023-09-20 10:00:00+08:00,67.80000305175781,67.80000305175781,67.5999984741211,67.69999694824219,20149,0.0,0.0
2023-09-20 11:00:00+08:00,67.5999984741211,67.5999984741211,67.19999694824219,67.5,40086,0.0,0.0
2023-09-20 12:00:00+08:00,67.5,67.5,67.4000015258789,67.5,13072,0.0,0.0
2023-09-20 13:00:00+08:00,67.4000015258789,67.5999984741211,67.4000015258789,67.5999984741211,4000,0.0,0.0
2023-09-21 09:00:00+08:00,67.0,67.4000015258789,67.0,67.4000015258789,0,0.0,0.0
2023-09-21 10:00:00+08:00,67.4000015258789,67.4000015258789,67.0999984741211,67.0999984741211,8075,0.0,0.0
2023-09-21 11:00:00+08:00,67.19999694824219,67.19999694824219,67.0,67.0,30000,0.0,0.0
2023-09-21 12:00:00+08:00,67.0999984741211,67.0999984741211,67.0,67.0999984741211,5002,0.0,0.0
2023-09-21 13:00:00+08:00,67.0999984741211,68.0,67.0999984741211,67.4000015258789,33147,0.0,0.0
2023-09-22 09:00:00+08:00,67.4000015258789,67.4000015258789,67.19999694824219,67.4000015258789,0,0.0,0.0
2023-09-22 10:00:00+08:00,67.5,67.5,67.5,67.5,6302,0.0,0.0
2023-09-22 11:00:00+08:00,67.5999984741211,67.80000305175781,67.5999984741211,67.80000305175781,22104,0.0,0.0
2023-09-22 12:00:00+08:00,67.69999694824219,68.0,67.5,68.0,34081,0.0,0.0
2023-09-22 13:00:00+08:00,67.9000015258789,67.9000015258789,67.80000305175781,67.80000305175781,5001,0.0,0.0
2023-09-25 09:00:00+08:00,67.80000305175781,67.80000305175781,67.5999984741211,67.80000305175781,0,0.0,0.0
2023-09-25 10:00:00+08:00,67.80000305175781,68.19999694824219,67.80000305175781,68.0,5065,0.0,0.0
2023-09-25 11:00:00+08:00,68.0,68.0,68.0,68.0,1044,0.0,0.0
2023-09-25 12:00:00+08:00,67.80000305175781,67.80000305175781,67.69999694824219,67.69999694824219,17001,0.0,0.0
2023-09-25 13:00:00+08:00,67.69999694824219,68.0,67.69999694824219,68.0,11151,0.0,0.0
2023-09-26 09:00:00+08:00,67.5999984741211,68.0,67.5999984741211,68.0,0,0.0,0.0
2023-09-26 10:00:00+08:00,67.69999694824219,67.9000015258789,66.5999984741211,66.9000015258789,113140,0.0,0.0
2023-09-26 11:00:00+08:00,67.30000305175781,67.30000305175781,66.4000015258789,66.5,275409,0.0,0.0
2023-09-26 12:00:00+08:00,66.80000305175781,67.19999694824219,66.80000305175781,66.9000015258789,9057,0.0,0.0
2023-09-26 13:00:00+08:00,66.9000015258789,66.9000015258789,66.80000305175781,66.9000015258789,8276,0.0,0.0
2023-09-27 09:00:00+08:00,66.69999694824219,67.0999984741211,66.69999694824219,67.0,11062,0.0,0.0
2023-09-27 10:00:00+08:00,67.0,67.0999984741211,66.80000305175781,66.80000305175781,15870,0.0,0.0
2023-09-27 11:00:00+08:00,66.9000015258789,66.9000015258789,66.9000015258789,66.9000015258789,1010,0.0,0.0
2023-09-27 12:00:00+08:00,66.9000015258789,67.0,66.9000015258789,67.0,4011,0.0,0.0
2023-09-27 13:00:00+08:00,67.0,67.0,67.0,67.0,5000,0.0,0.0
2023-09-28 09:00:00+08:00,67.0,67.0,66.9000015258789,67.0,0,0.0,0.0
2023-09-28 10:00:00+08:00,67.19999694824219,67.30000305175781,67.19999694824219,67.30000305175781,3293,0.0,0.0
2023-09-28 11:00:00+08:00,67.0,67.30000305175781,67.0,67.30000305175781,27045,0.0,0.0
2023-09-28 12:00:00+08:00,67.19999694824219,67.19999694824219,67.19999694824219,67.19999694824219,5014,0.0,0.0
2023-09-28 13:00:00+08:00,67.19999694824219,67.19999694824219,67.0999984741211,67.0999984741211,17150,0.0,0.0
2023-10-02 09:00:00+08:00,67.0999984741211,67.0999984741211,67.0,67.0,0,0.0,0.0
2023-10-02 10:00:00+08:00,67.0,67.0,67.0,67.0,2033,0.0,0.0
2023-10-02 11:00:00+08:00,67.0,67.4000015258789,67.0,67.4000015258789,14672,0.0,0.0
2023-10-02 12:00:00+08:00,67.4000015258789,67.4000015258789,67.19999694824219,67.19999694824219,8032,0.0,0.0
2023-10-02 13:00:00+08:00,67.19999694824219,67.19999694824219,67.0999984741211,67.0999984741211,3000,0.0,0.0
2023-10-03 09:00:00+08:00,67.19999694824219,67.30000305175781,67.19999694824219,67.30000305175781,0,0.0,0.0
2023-10-03 10:00:00+08:00,67.19999694824219,67.19999694824219,67.19999694824219,67.19999694824219,1026,0.0,0.0
2023-10-03 11:00:00+08:00,67.30000305175781,67.30000305175781,67.30000305175781,67.30000305175781,1050,0.0,0.0
2023-10-03 12:00:00+08:00,67.30000305175781,67.5,67.30000305175781,67.4000015258789,13150,0.0,0.0
2023-10-03 13:00:00+08:00,67.4000015258789,67.9000015258789,67.4000015258789,67.69999694824219,26101,0.0,0.0
2023-10-04 09:00:00+08:00,67.9000015258789,68.0999984741211,67.30000305175781,67.30000305175781,54318,0.0,0.0
2023-10-04 10:00:00+08:00,67.30000305175781,67.30000305175781,67.19999694824219,67.19999694824219,10023,0.0,0.0
2023-10-04 11:00:00+08:00,67.30000305175781,67.4000015258789,67.30000305175781,67.4000015258789,3000,0.0,0.0
2023-10-04 12:00:00+08:00,67.4000015258789,67.5,67.30000305175781,67.4000015258789,27726,0.0,0.0
2023-10-04 13:00:00+08:00,67.5,67.5999984741211,67.4000015258789,67.5999984741211,10000,0.0,0.0
2023-10-05 09:00:00+08:00,66.5999984741211,66.80000305175781,66.30000305175781,66.80000305175781,0,0.0,0.0
2023-10-05 10:00:00+08:00,66.80000305175781,66.80000305175781,66.69999694824219,66.69999694824219,30375,0.0,0.0
2023-10-05 11:00:00+08:00,66.69999694824219,66.69999694824219,66.5,66.5,62730,0.0,0.0
2023-10-05 12:00:00+08:00,66.5,66.5,66.19999694824219,66.19999694824219,80700,0.0,0.0
2023-10-05 13:00:00+08:00,66.19999694824219,66.30000305175781,66.0999984741211,66.19999694824219,36620,0.0,0.0
2023-10-06 09:00:00+08:00,66.19999694824219,66.19999694824219,65.4000015258789,65.4000015258789,0,0.0,0.0
2023-10-06 10:00:00+08:00,65.4000015258789,65.5,65.30000305175781,65.5,35324,0.0,0.0
2023-10-06 11:00:00+08:00,65.69999694824219,65.69999694824219,65.5999984741211,65.69999694824219,17315,0.0,0.0
2023-10-06 12:00:00+08:00,65.69999694824219,65.69999694824219,65.5999984741211,65.69999694824219,14841,0.0,0.0
2023-10-06 13:00:00+08:00,65.69999694824219,65.69999694824219,65.5999984741211,65.5999984741211,9047,0.0,0.0
2023-10-11 09:00:00+08:00,65.69999694824219,65.69999694824219,64.5999984741211,64.5999984741211,96779,0.0,0.0
2023-10-11 10:00:00+08:00,64.69999694824219,64.80000305175781,64.30000305175781,64.5,63403,0.0,0.0
2023-10-11 11:00:00+08:00,64.5,64.5,64.0,64.19999694824219,65855,0.0,0.0
2023-10-11 12:00:00+08:00,64.19999694824219,64.69999694824219,64.0999984741211,64.5,34545,0.0,0.0
2023-10-11 13:00:00+08:00,64.4000015258789,64.5,64.30000305175781,64.5,11000,0.0,0.0
2023-10-12 09:00:00+08:00,64.19999694824219,65.0,64.19999694824219,64.5,53306,0.0,0.0
2023-10-12 10:00:00+08:00,64.69999694824219,64.9000015258789,64.5,64.80000305175781,18788,0.0,0.0
2023-10-12 11:00:00+08:00,64.80000305175781,65.0,64.80000305175781,65.0,21228,0.0,0.0
2023-10-12 12:00:00+08:00,64.9000015258789,64.9000015258789,64.5,64.5,21394,0.0,0.0
2023-10-12 13:00:00+08:00,64.80000305175781,64.80000305175781,64.80000305175781,64.80000305175781,4200,0.0,0.0
2023-10-13 09:00:00+08:00,64.9000015258789,65.0,64.5,65.0,0,0.0,0.0
2023-10-13 10:00:00+08:00,65.0,65.0999984741211,64.9000015258789,64.9000015258789,19008,0.0,0.0
2023-10-13 11:00:00+08:00,65.0,65.0,64.9000015258789,65.0,5049,0.0,0.0
2023-10-13 12:00:00+08:00,65.0,65.0,64.9000015258789,64.9000015258789,9039,0.0,0.0
2023-10-13 13:00:00+08:00,64.9000015258789,65.0,64.9000015258789,65.0,22002,0.0,0.0
2023-10-16 09:00:00+08:00,65.0,65.0,64.9000015258789,65.0,0,0.0,0.0
2023-10-16 10:00:00+08:00,65.0,65.0,64.9000015258789,65.0,10000,0.0,0.0
2023-10-16 11:00:00+08:00,65.0,65.0,64.9000015258789,64.9000015258789,13767,0.0,0.0
2023-10-16 12:00:00+08:00,64.9000015258789,64.9000015258789,64.80000305175781,64.80000305175781,8099,0.0,0.0
2023-10-16 13:00:00+08:00,64.9000015258789,65.0,64.9000015258789,65.0,5000,0.0,0.0
2023-10-17 09:00:00+08:00,64.80000305175781,65.0,64.69999694824219,65.0,0,0.0,0.0
2023-10-17 10:00:00+08:00,65.0999984741211,65.0999984741211,65.0,65.0999984741211,18141,0.0,0.0
2023-10-17 11:00:00+08:00,65.0999984741211,65.19999694824219,65.0,65.0,12457,0.0,0.0
2023-10-17 12:00:00+08:00,65.0999984741211,65.0999984741211,64.80000305175781,65.0,6001,0.0,0.0
2023-10-17 13:00:00+08:00,65.0,65.0,64.9000015258789,64.9000015258789,5358,0.0,0.0
2023-10-18 09:00:00+08:00,64.9000015258789,64.9000015258789,64.69999694824219,64.69999694824219,0,0.0,0.0
2023-10-18 10:00:00+08:00,64.80000305175781,64.9000015258789,64.5999984741211,64.5999984741211,14006,0.0,0.0
2023-10-18 11:00:00+08:00,64.69999694824219,64.80000305175781,64.5999984741211,64.5999984741211,8001,0.0,0.0
2023-10-18 12:00:00+08:00,64.5999984741211,64.69999694824219,64.5999984741211,64.69999694824219,10103,0.0,0.0
2023-10-18 13:00:00+08:00,64.5999984741211,64.5999984741211,64.5999984741211,64.5999984741211,16001,0.0,0.0
2023-10-19 09:00:00+08:00,64.5999984741211,65.0,64.5999984741211,64.9000015258789,0,0.0,0.0
2023-10-19 10:00:00+08:00,64.9000015258789,64.9000015258789,64.69999694824219,64.69999694824219,3709,0.0,0.0
2023-10-19 11:00:00+08:00,64.5999984741211,64.5999984741211,64.5999984741211,64.5999984741211,1025,0.0,0.0
2023-10-19 12:00:00+08:00,64.5999984741211,64.69999694824219,64.5,64.69999694824219,12268,0.0,0.0
2023-10-20 09:00:00+08:00,64.5999984741211,64.5999984741211,64.0,64.30000305175781,6073,0.0,0.0
2023-10-20 10:00:00+08:00,64.4000015258789,64.5,64.30000305175781,64.4000015258789,9015,0.0,0.0
2023-10-20 11:00:00+08:00,64.4000015258789,64.4000015258789,64.4000015258789,64.4000015258789,4008,0.0,0.0
2023-10-20 12:00:00+08:00,64.5999984741211,64.5999984741211,64.5,64.5,8030,0.0,0.0
2023-10-20 13:00:00+08:00,64.5999984741211,64.5999984741211,64.5999984741211,64.5999984741211,3010,0.0,0.0
2023-10-23 09:00:00+08:00,64.5,64.5999984741211,64.4000015258789,64.5999984741211,0,0.0,0.0
2023-10-23 10:00:00+08:00,64.5999984741211,64.9000015258789,64.5999984741211,64.9000015258789,6445,0.0,0.0
2023-10-23 11:00:00+08:00,64.9000015258789,64.9000015258789,64.4000015258789,64.5,30026,0.0,0.0
2023-10-23 12:00:00+08:00,64.4000015258789,64.5,64.4000015258789,64.5,8053,0.0,0.0
2023-10-23 13:00:00+08:00,64.5,64.5999984741211,64.30000305175781,64.30000305175781,11000,0.0,0.0
2023-10-24 09:00:00+08:00,64.30000305175781,64.5999984741211,64.30000305175781,64.4000015258789,11280,0.0,0.0
2023-10-24 10:00:00+08:00,64.4000015258789,64.69999694824219,64.4000015258789,64.5,5322,0.0,0.0
2023-10-24 11:00:00+08:00,64.5999984741211,64.5999984741211,64.5999984741211,64.5999984741211,2020,0.0,0.0
2023-10-24 12:00:00+08:00,64.5,64.5999984741211,64.4000015258789,64.4000015258789,16002,0.0,0.0
2023-10-24 13:00:00+08:00,64.4000015258789,64.5,64.4000015258789,64.5,6494,0.0,0.0
2023-10-25 09:00:00+08:00,64.5,64.69999694824219,64.5,64.5,0,0.0,0.0
2023-10-25 10:00:00+08:00,64.80000305175781,64.80000305175781,64.5999984741211,64.5999984741211,2033,0.0,0.0
2023-10-25 11:00:00+08:00,64.69999694824219,64.80000305175781,64.69999694824219,64.69999694824219,12201,0.0,0.0
2023-10-25 12:00:00+08:00,64.5999984741211,64.5999984741211,64.5999984741211,64.5999984741211,5157,0.0,0.0
2023-10-25 13:00:00+08:00,64.5999984741211,64.69999694824219,64.5,64.69999694824219,9040,0.0,0.0
2023-10-26 09:00:00+08:00,64.5,64.5999984741211,64.30000305175781,64.4000015258789,0,0.0,0.0
2023-10-26 10:00:00+08:00,64.4000015258789,64.4000015258789,64.4000015258789,64.4000015258789,10001,0.0,0.0
2023-10-26 11:00:00+08:00,64.4000015258789,64.4000015258789,64.30000305175781,64.30000305175781,14055,0.0,0.0
2023-10-26 12:00:00+08:00,64.5,64.5999984741211,64.5,64.5999984741211,7123,0.0,0.0
2023-10-26 13:00:00+08:00,64.5,64.5,64.5,64.5,2005,0.0,0.0
2023-10-27 09:00:00+08:00,64.69999694824219,64.80000305175781,64.5,64.80000305175781,5005,0.0,0.0
2023-10-27 10:00:00+08:00,64.80000305175781,64.80000305175781,64.80000305175781,64.80000305175781,1426,0.0,0.0
2023-10-27 11:00:00+08:00,64.5999984741211,64.5999984741211,64.5,64.5,2013,0.0,0.0
2023-10-27 12:00:00+08:00,64.5,64.5,64.30000305175781,64.30000305175781,14053,0.0,0.0
2023-10-27 13:00:00+08:00,64.30000305175781,64.30000305175781,64.30000305175781,64.30000305175781,6236,0.0,0.0
2023-10-30 09:00:00+08:00,64.19999694824219,64.9000015258789,64.19999694824219,64.69999694824219,0,0.0,0.0
2023-10-30 10:00:00+08:00,64.5,64.5,64.30000305175781,64.30000305175781,2059,0.0,0.0
2023-10-30 11:00:00+08:00,64.30000305175781,64.30000305175781,64.19999694824219,64.19999694824219,7009,0.0,0.0
2023-10-30 12:00:00+08:00,64.4000015258789,64.4000015258789,64.19999694824219,64.19999694824219,2053,0.0,0.0
2023-10-30 13:00:00+08:00,64.19999694824219,64.30000305175781,64.19999694824219,64.30000305175781,5245,0.0,0.0
2023-10-31 09:00:00+08:00,64.5,64.80000305175781,64.5,64.80000305175781,0,0.0,0.0
2023-10-31 10:00:00+08:00,64.80000305175781,64.80000305175781,64.69999694824219,64.69999694824219,23720,0.0,0.0
2023-10-31 11:00:00+08:00,64.69999694824219,64.69999694824219,64.19999694824219,64.19999694824219,30545,0.0,0.0
2023-10-31 12:00:00+08:00,64.30000305175781,64.30000305175781,64.19999694824219,64.30000305175781,14088,0.0,0.0
2023-10-31 13:00:00+08:00,64.4000015258789,64.4000015258789,64.0999984741211,64.19999694824219,7119,0.0,0.0
2023-11-01 09:00:00+08:00,64.5,64.5,64.30000305175781,64.30000305175781,4002,0.0,0.0
2023-11-01 10:00:00+08:00,64.19999694824219,64.30000305175781,64.19999694824219,64.30000305175781,3006,0.0,0.0
2023-11-01 11:00:00+08:00,64.19999694824219,64.30000305175781,64.19999694824219,64.19999694824219,7945,0.0,0.0
2023-11-01 12:00:00+08:00,64.30000305175781,64.5,64.30000305175781,64.4000015258789,9643,0.0,0.0
2023-11-01 13:00:00+08:00,64.30000305175781,64.30000305175781,64.0999984741211,64.19999694824219,12000,0.0,0.0
2023-11-02 09:00:00+08:00,64.69999694824219,64.9000015258789,64.5,64.5999984741211,21310,0.0,0.0
2023-11-02 10:00:00+08:00,64.69999694824219,64.80000305175781,64.69999694824219,64.80000305175781,2000,0.0,0.0
2023-11-02 11:00:00+08:00,64.80000305175781,64.80000305175781,64.69999694824219,64.69999694824219,4215,0.0,0.0
2023-11-02 12:00:00+08:00,64.69999694824219,64.69999694824219,64.69999694824219,64.69999694824219,12315,0.0,0.0
2023-11-02 13:00:00+08:00,64.69999694824219,64.69999694824219,64.69999694824219,64.69999694824219,6001,0.0,0.0
2023-11-03 09:00:00+08:00,64.80000305175781,65.0999984741211,64.80000305175781,65.0,0,0.0,0.0
2023-11-03 10:00:00+08:00,65.0,65.0999984741211,65.0,65.0,6057,0.0,0.0
2023-11-03 11:00:00+08:00,65.0,65.0999984741211,65.0,65.0,9003,0.0,0.0
2023-11-03 12:00:00+08:00,65.0,65.0,65.0,65.0,5067,0.0,0.0
2023-11-03 13:00:00+08:00,65.0,65.0,65.0,65.0,10010,0.0,0.0
2023-11-06 09:00:00+08:00,64.80000305175781,65.30000305175781,64.5999984741211,65.30000305175781,0,0.0,0.0
2023-11-06 10:00:00+08:00,65.19999694824219,65.19999694824219,65.0999984741211,65.0999984741211,31482,0.0,0.0
2023-11-06 11:00:00+08:00,65.19999694824219,65.69999694824219,65.19999694824219,65.5999984741211,61153,0.0,0.0
2023-11-06 12:00:00+08:00,65.5999984741211,65.80000305175781,65.5999984741211,65.80000305175781,12253,0.0,0.0
2023-11-06 13:00:00+08:00,65.80000305175781,65.80000305175781,65.5,65.5,5015,0.0,0.0
2023-11-07 09:00:00+08:00,65.80000305175781,65.80000305175781,65.4000015258789,65.5,23150,0.0,0.0
2023-11-07 10:00:00+08:00,65.5999984741211,65.69999694824219,65.5999984741211,65.69999694824219,6066,0.0,0.0
2023-11-07 11:00:00+08:00,65.69999694824219,65.69999694824219,65.5,65.5999984741211,10112,0.0,0.0
2023-11-07 12:00:00+08:00,65.5999984741211,65.5999984741211,65.5,65.5999984741211,14148,0.0,0.0
2023-11-07 13:00:00+08:00,65.5,65.5,65.5,65.5,9000,0.0,0.0
2023-11-08 09:00:00+08:00,65.80000305175781,65.80000305175781,65.5999984741211,65.69999694824219,0,0.0,0.0
2023-11-08 10:00:00+08:00,65.69999694824219,65.80000305175781,65.69999694824219,65.69999694824219,20000,0.0,0.0
2023-11-08 11:00:00+08:00,65.80000305175781,65.80000305175781,65.5999984741211,65.69999694824219,9115,0.0,0.0
2023-11-08 12:00:00+08:00,65.69999694824219,65.80000305175781,65.69999694824219,65.80000305175781,15108,0.0,0.0
2023-11-08 13:00:00+08:00,65.9000015258789,65.9000015258789,65.80000305175781,65.80000305175781,12092,0.0,0.0
2023-11-09 09:00:00+08:00,66.0999984741211,66.19999694824219,65.69999694824219,66.0,0,0.0,0.0
2023-11-09 10:00:00+08:00,66.0,66.30000305175781,65.9000015258789,66.0,27103,0.0,0.0
2023-11-09 11:00:00+08:00,65.9000015258789,66.0,65.9000015258789,66.0,7100,0.0,0.0
2023-11-09 12:00:00+08:00,66.0,66.19999694824219,66.0,66.0999984741211,17003,0.0,0.0
2023-11-09 13:00:00+08:00,66.0999984741211,66.0999984741211,65.9000015258789,66.0,33103,0.0,0.0
2023-11-10 09:00:00+08:00,66.30000305175781,66.30000305175781,65.69999694824219,65.69999694824219,0,0.0,0.0
2023-11-10 10:00:00+08:00,65.80000305175781,66.0,65.69999694824219,65.80000305175781,7020,0.0,0.0
2023-11-10 11:00:00+08:00,65.69999694824219,65.9000015258789,65.5,65.5999984741211,24016,0.0,0.0
2023-11-10 12:00:00+08:00,65.69999694824219,65.69999694824219,65.69999694824219,65.69999694824219,5119,0.0,0.0
2023-11-10 13:00:00+08:00,65.69999694824219,65.69999694824219,65.5999984741211,65.5999984741211,3000,0.0,0.0
2023-11-13 09:00:00+08:00,65.5999984741211,65.80000305175781,65.4000015258789,65.5,0,0.0,0.0
2023-11-13 10:00:00+08:00,65.5,65.69999694824219,65.5,65.69999694824219,9052,0.0,0.0
2023-11-13 11:00:00+08:00,65.69999694824219,65.80000305175781,65.5999984741211,65.69999694824219,8122,0.0,0.0
2023-11-13 12:00:00+08:00,65.69999694824219,65.69999694824219,65.5999984741211,65.5999984741211,4330,0.0,0.0
2023-11-13 13:00:00+08:00,65.5999984741211,65.5999984741211,65.5,65.5,6000,0.0,0.0
2023-11-14 09:00:00+08:00,65.5999984741211,65.80000305175781,65.30000305175781,65.80000305175781,0,0.0,0.0
2023-11-14 10:00:00+08:00,65.80000305175781,65.80000305175781,65.5,65.5,17229,0.0,0.0
2023-11-14 11:00:00+08:00,65.5,65.5,65.4000015258789,65.5,13017,0.0,0.0
2023-11-14 12:00:00+08:00,65.5999984741211,65.5999984741211,65.4000015258789,65.4000015258789,20370,0.0,0.0
2023-11-14 13:00:00+08:00,65.4000015258789,65.4000015258789,65.4000015258789,65.4000015258789,14523,0.0,0.0
2023-11-15 09:00:00+08:00,65.4000015258789,65.80000305175781,65.4000015258789,65.5,0,0.0,0.0
2023-11-15 10:00:00+08:00,65.4000015258789,65.5,65.30000305175781,65.4000015258789,25021,0.0,0.0
2023-11-15 11:00:00+08:00,65.4000015258789,65.5999984741211,65.4000015258789,65.4000015258789,20378,0.0,0.0
2023-11-15 12:00:00+08:00,65.4000015258789,65.5999984741211,65.30000305175781,65.5999984741211,23962,0.0,0.0
2023-11-15 13:00:00+08:00,65.5999984741211,65.5999984741211,65.5999984741211,65.5999984741211,3010,0.0,0.0
2023-11-16 09:00:00+08:00,65.69999694824219,65.80000305175781,65.5,65.5999984741211,0,0.0,0.0
2023-11-16 10:00:00+08:00,65.5999984741211,65.80000305175781,65.5999984741211,65.69999694824219,20000,0.0,0.0
2023-11-16 11:00:00+08:00,65.69999694824219,65.69999694824219,65.69999694824219,65.69999694824219,3082,0.0,0.0
2023-11-16 12:00:00+08:00,65.69999694824219,65.80000305175781,65.69999694824219,65.69999694824219,11030,0.0,0.0
2023-11-16 13:00:00+08:00,65.69999694824219,65.69999694824219,65.69999694824219,65.69999694824219,2050,0.0,0.0
2023-11-17 09:00:00+08:00,65.5999984741211,66.0,65.5999984741211,65.9000015258789,0,0.0,0.0
2023-11-17 10:00:00+08:00,65.80000305175781,65.9000015258789,65.80000305175781,65.9000015258789,9560,0.0,0.0
2023-11-17 11:00:00+08:00,65.9000015258789,66.0,65.9000015258789,65.9000015258789,13054,0.0,0.0
2023-11-17 12:00:00+08:00,65.9000015258789,66.0,65.9000015258789,66.0,15121,0.0,0.0
2023-11-17 13:00:00+08:00,66.0,66.0999984741211,65.80000305175781,65.80000305175781,7640,0.0,0.0
2023-11-20 09:00:00+08:00,66.0,66.19999694824219,65.9000015258789,65.9000015258789,0,0.0,0.0
2023-11-20 10:00:00+08:00,65.9000015258789,66.0,65.80000305175781,65.80000305175781,19153,0.0,0.0
2023-11-20 11:00:00+08:00,65.9000015258789,66.0999984741211,65.9000015258789,66.0,24001,0.0,0.0
2023-11-20 12:00:00+08:00,66.0999984741211,66.0999984741211,66.0999984741211,66.0999984741211,8069,0.0,0.0
2023-11-20 13:00:00+08:00,66.0999984741211,66.19999694824219,66.0999984741211,66.0999984741211,6002,0.0,0.0
2023-11-21 09:00:00+08:00,66.30000305175781,66.4000015258789,66.30000305175781,66.30000305175781,0,0.0,0.0
2023-11-21 10:00:00+08:00,66.30000305175781,66.4000015258789,66.30000305175781,66.4000015258789,13233,0.0,0.0
2023-11-21 11:00:00+08:00,66.4000015258789,66.4000015258789,66.19999694824219,66.30000305175781,19374,0.0,0.0
2023-11-21 12:00:00+08:00,66.30000305175781,66.4000015258789,66.30000305175781,66.30000305175781,11012,0.0,0.0
2023-11-21 13:00:00+08:00,66.30000305175781,66.4000015258789,66.30000305175781,66.30000305175781,10349,0.0,0.0
2023-11-22 09:00:00+08:00,66.19999694824219,66.69999694824219,66.19999694824219,66.69999694824219,0,0.0,0.0
2023-11-22 10:00:00+08:00,66.5999984741211,66.5999984741211,66.5,66.5,6008,0.0,0.0
2023-11-22 11:00:00+08:00,66.5999984741211,66.5999984741211,66.5,66.5999984741211,14205,0.0,0.0
2023-11-22 12:00:00+08:00,66.5999984741211,66.69999694824219,66.5999984741211,66.69999694824219,20129,0.0,0.0
2023-11-22 13:00:00+08:00,66.69999694824219,66.9000015258789,66.69999694824219,66.9000015258789,20226,0.0,0.0
2023-11-23 09:00:00+08:00,67.0,67.19999694824219,67.0,67.0999984741211,0,0.0,0.0
2023-11-23 10:00:00+08:00,67.0999984741211,67.0999984741211,66.9000015258789,66.9000015258789,37547,0.0,0.0
2023-11-23 11:00:00+08:00,66.80000305175781,66.80000305175781,66.80000305175781,66.80000305175781,17096,0.0,0.0
2023-11-23 12:00:00+08:00,66.80000305175781,66.80000305175781,66.69999694824219,66.69999694824219,21158,0.0,0.0
2023-11-23 13:00:00+08:00,66.69999694824219,66.69999694824219,66.5999984741211,66.5999984741211,8070,0.0,0.0
2023-11-24 09:00:00+08:00,67.0999984741211,67.0999984741211,66.69999694824219,66.80000305175781,0,0.0,0.0
2023-11-24 10:00:00+08:00,66.80000305175781,66.80000305175781,66.69999694824219,66.69999694824219,6021,0.0,0.0
2023-11-24 11:00:00+08:00,66.69999694824219,66.69999694824219,66.69999694824219,66.69999694824219,3115,0.0,0.0
2023-11-24 12:00:00+08:00,66.69999694824219,66.80000305175781,66.69999694824219,66.80000305175781,9218,0.0,0.0
2023-11-24 13:00:00+08:00,66.80000305175781,66.80000305175781,66.80000305175781,66.80000305175781,1000,0.0,0.0
2023-11-27 09:00:00+08:00,67.0,67.0,66.5999984741211,66.5999984741211,0,0.0,0.0
2023-11-27 10:00:00+08:00,66.69999694824219,66.69999694824219,66.5999984741211,66.69999694824219,5060,0.0,0.0
2023-11-27 11:00:00+08:00,66.69999694824219,66.69999694824219,66.5999984741211,66.69999694824219,8029,0.0,0.0
2023-11-27 12:00:00+08:00,66.69999694824219,66.69999694824219,66.5999984741211,66.5999984741211,7134,0.0,0.0
2023-11-27 13:00:00+08:00,66.5999984741211,66.69999694824219,66.5999984741211,66.69999694824219,3000,0.0,0.0
2023-11-28 09:00:00+08:00,66.69999694824219,66.80000305175781,66.69999694824219,66.80000305175781,17102,0.0,0.0
2023-11-28 10:00:00+08:00,66.9000015258789,66.9000015258789,66.80000305175781,66.80000305175781,10001,0.0,0.0
2023-11-28 11:00:00+08:00,66.69999694824219,66.80000305175781,66.69999694824219,66.69999694824219,9558,0.0,0.0
2023-11-28 12:00:00+08:00,66.69999694824219,66.80000305175781,66.69999694824219,66.69999694824219,8205,0.0,0.0
2023-11-28 13:00:00+08:00,66.69999694824219,66.80000305175781,66.69999694824219,66.69999694824219,8102,0.0,0.0
2023-11-29 09:00:00+08:00,66.80000305175781,66.80000305175781,66.5999984741211,66.69999694824219,30033,0.0,0.0
2023-11-29 10:00:00+08:00,66.5999984741211,66.5999984741211,66.5999984741211,66.5999984741211,39103,0.0,0.0
2023-11-29 11:00:00+08:00,66.5999984741211,66.5999984741211,66.5999984741211,66.5999984741211,6060,0.0,0.0
2023-11-29 12:00:00+08:00,66.5999984741211,66.69999694824219,66.5999984741211,66.5999984741211,8015,0.0,0.0
2023-11-29 13:00:00+08:00,66.69999694824219,66.69999694824219,66.69999694824219,66.69999694824219,2001,0.0,0.0
2023-11-30 09:00:00+08:00,66.9000015258789,66.9000015258789,66.5999984741211,66.69999694824219,0,0.0,0.0
2023-11-30 10:00:00+08:00,66.69999694824219,66.9000015258789,66.69999694824219,66.9000015258789,18232,0.0,0.0
2023-11-30 11:00:00+08:00,66.80000305175781,66.80000305175781,66.69999694824219,66.80000305175781,7001,0.0,0.0
2023-11-30 12:00:00+08:00,66.80000305175781,67.9000015258789,66.80000305175781,67.19999694824219,110665,0.0,0.0
2023-11-30 13:00:00+08:00,67.19999694824219,67.5,67.0999984741211,67.5,11683,0.0,0.0
2023-12-01 09:00:00+08:00,67.5,67.69999694824219,66.69999694824219,67.30000305175781,0,0.0,0.0
2023-12-01 10:00:00+08:00,67.19999694824219,67.30000305175781,67.0999984741211,67.0999984741211,14001,0.0,0.0
2023-12-01 11:00:00+08:00,67.0,67.5,66.9000015258789,67.4000015258789,16280,0.0,0.0
2023-12-01 12:00:00+08:00,67.30000305175781,67.30000305175781,67.30000305175781,67.30000305175781,6000,0.0,0.0
2023-12-01 13:00:00+08:00,67.30000305175781,67.30000305175781,67.30000305175781,67.30000305175781,8128,0.0,0.0
2023-12-04 09:00:00+08:00,67.5,67.5,66.69999694824219,67.0,0,0.0,0.0
2023-12-04 10:00:00+08:00,67.0,67.19999694824219,67.0,67.19999694824219,3452,0.0,0.0
2023-12-04 11:00:00+08:00,67.0,67.19999694824219,66.9000015258789,67.19999694824219,18238,0.0,0.0
2023-12-04 12:00:00+08:00,67.19999694824219,67.19999694824219,67.19999694824219,67.19999694824219,7025,0.0,0.0
2023-12-04 13:00:00+08:00,67.19999694824219,67.30000305175781,67.0999984741211,67.0999984741211,22099,0.0,0.0
2023-12-05 09:00:00+08:00,67.0999984741211,67.0999984741211,66.80000305175781,66.80000305175781,0,0.0,0.0
2023-12-05 10:00:00+08:00,67.0,67.0,66.9000015258789,66.9000015258789,7262,0.0,0.0
2023-12-05 11:00:00+08:00,66.80000305175781,66.9000015258789,66.80000305175781,66.9000015258789,18017,0.0,0.0
2023-12-05 12:00:00+08:00,67.0,67.0,66.9000015258789,66.9000015258789,5036,0.0,0.0
2023-12-05 13:00:00+08:00,67.0,67.0,66.9000015258789,66.9000015258789,11001,0.0,0.0
2023-12-06 09:00:00+08:00,66.9000015258789,66.9000015258789,65.9000015258789,65.9000015258789,119067,0.0,0.0
2023-12-06 10:00:00+08:00,66.0999984741211,66.0999984741211,65.80000305175781,65.9000015258789,101328,0.0,0.0
2023-12-06 11:00:00+08:00,65.9000015258789,66.19999694824219,65.9000015258789,66.19999694824219,24041,0.0,0.0
2023-12-06 12:00:00+08:00,66.19999694824219,66.19999694824219,65.9000015258789,65.9000015258789,45636,0.0,0.0
2023-12-06 13:00:00+08:00,66.0,66.0999984741211,65.9000015258789,65.9000015258789,23321,0.0,0.0
2023-12-07 09:00:00+08:00,66.0,66.69999694824219,66.0,66.0999984741211,0,0.0,0.0
2023-12-07 10:00:00+08:00,66.30000305175781,66.30000305175781,66.0,66.0,14065,0.0,0.0
2023-12-07 11:00:00+08:00,66.0,66.30000305175781,66.0,66.0999984741211,5607,0.0,0.0
2023-12-07 12:00:00+08:00,66.0,66.0999984741211,66.0,66.0999984741211,12053,0.0,0.0
2023-12-07 13:00:00+08:00,66.0999984741211,66.0999984741211,66.0,66.0999984741211,6012,0.0,0.0
2023-12-08 09:00:00+08:00,66.0999984741211,66.5,65.69999694824219,65.69999694824219,13419,0.0,0.0
2023-12-08 10:00:00+08:00,65.69999694824219,65.80000305175781,65.5999984741211,65.5999984741211,75071,0.0,0.0
2023-12-08 11:00:00+08:00,66.0,66.19999694824219,65.80000305175781,66.0,19264,0.0,0.0
2023-12-08 12:00:00+08:00,66.0999984741211,66.0999984741211,66.0,66.0,3183,0.0,0.0
2023-12-08 13:00:00+08:00,66.0,66.0,65.9000015258789,65.9000015258789,8070,0.0,0.0
2023-12-11 09:00:00+08:00,66.19999694824219,66.19999694824219,66.19999694824219,66.19999694824219,0,0.0,0.0
2023-12-11 10:00:00+08:00,66.19999694824219,66.19999694824219,65.9000015258789,65.9000015258789,31499,0.0,0.0
2023-12-11 11:00:00+08:00,66.0,66.19999694824219,65.69999694824219,66.19999694824219,41086,0.0,0.0
2023-12-11 12:00:00+08:00,66.0,66.0,65.5999984741211,65.9000015258789,65284,0.0,0.0
2023-12-11 13:00:00+08:00,66.0,66.0,65.9000015258789,65.9000015258789,5018,0.0,0.0
2023-12-12 09:00:00+08:00,66.19999694824219,66.19999694824219,65.9000015258789,65.9000015258789,0,0.0,0.0
2023-12-12 10:00:00+08:00,66.0999984741211,66.0999984741211,65.9000015258789,66.0,20008,0.0,0.0
2023-12-12 11:00:00+08:00,66.0,66.19999694824219,65.9000015258789,66.0,28256,0.0,0.0
2023-12-12 12:00:00+08:00,66.0,66.0,65.9000015258789,66.0,11258,0.0,0.0
2023-12-12 13:00:00+08:00,65.9000015258789,66.19999694824219,65.9000015258789,66.19999694824219,12030,0.0,0.0
2023-12-13 09:00:00+08:00,66.0999984741211,66.19999694824219,65.80000305175781,66.0,27099,0.0,0.0
2023-12-13 10:00:00+08:00,66.0999984741211,66.19999694824219,66.0999984741211,66.0999984741211,11044,0.0,0.0
2023-12-13 11:00:00+08:00,66.0999984741211,66.30000305175781,66.0999984741211,66.30000305175781,17215,0.0,0.0
2023-12-13 12:00:00+08:00,66.30000305175781,66.4000015258789,66.30000305175781,66.30000305175781,14151,0.0,0.0
2023-12-13 13:00:00+08:00,66.4000015258789,66.4000015258789,66.30000305175781,66.30000305175781,9483,0.0,0.0
2023-12-14 09:00:00+08:00,66.30000305175781,66.5999984741211,65.9000015258789,66.5999984741211,0,0.0,0.0
2023-12-14 10:00:00+08:00,66.5999984741211,66.5999984741211,66.5,66.5,22858,0.0,0.0
2023-12-14 11:00:00+08:00,66.5,66.5,66.4000015258789,66.4000015258789,11440,0.0,0.0
2023-12-14 12:00:00+08:00,66.4000015258789,66.5,66.30000305175781,66.5,26033,0.0,0.0
2023-12-14 13:00:00+08:00,66.5999984741211,66.5999984741211,66.5999984741211,66.5999984741211,19108,0.0,0.0
2023-12-15 09:00:00+08:00,66.69999694824219,66.69999694824219,66.5,66.69999694824219,0,0.0,0.0
2023-12-15 10:00:00+08:00,66.80000305175781,66.80000305175781,66.69999694824219,66.69999694824219,34011,0.0,0.0
2023-12-15 11:00:00+08:00,66.5999984741211,66.69999694824219,66.5,66.5,17627,0.0,0.0
2023-12-15 12:00:00+08:00,66.5,66.5999984741211,66.5,66.5,23038,0.0,0.0
2023-12-15 13:00:00+08:00,66.5,67.0,66.5,66.5999984741211,31260,0.0,0.0
2023-12-18 09:00:00+08:00,67.19999694824219,67.19999694824219,66.9000015258789,66.9000015258789,0,0.0,0.0
2023-12-18 10:00:00+08:00,66.80000305175781,66.9000015258789,66.80000305175781,66.80000305175781,6022,0.0,0.0
2023-12-18 11:00:00+08:00,66.80000305175781,66.80000305175781,66.80000305175781,66.80000305175781,13003,0.0,0.0
2023-12-18 12:00:00+08:00,66.80000305175781,66.80000305175781,66.80000305175781,66.80000305175781,10058,0.0,0.0
2023-12-18 13:00:00+08:00,66.80000305175781,66.9000015258789,66.80000305175781,66.9000015258789,10030,0.0,0.0
2023-12-19 09:00:00+08:00,67.0,67.0,66.5999984741211,66.5999984741211,24256,0.0,0.0
2023-12-19 10:00:00+08:00,66.5999984741211,66.5999984741211,66.4000015258789,66.4000015258789,32963,0.0,0.0
2023-12-19 11:00:00+08:00,66.4000015258789,66.5,66.4000015258789,66.5,4002,0.0,0.0
2023-12-19 12:00:00+08:00,66.5,66.5999984741211,66.5,66.5999984741211,5352,0.0,0.0
2023-12-19 13:00:00+08:00,67.0,67.0,66.5999984741211,67.0,7604,0.0,0.0
2023-12-20 09:00:00+08:00,67.0,67.0,66.5999984741211,66.69999694824219,0,0.0,0.0
2023-12-20 10:00:00+08:00,66.69999694824219,66.69999694824219,66.69999694824219,66.69999694824219,7101,0.0,0.0
2023-12-20 11:00:00+08:00,66.69999694824219,66.69999694824219,66.5999984741211,66.5999984741211,14249,0.0,0.0
2023-12-20 12:00:00+08:00,66.5999984741211,66.80000305175781,66.5999984741211,66.80000305175781,2184,0.0,0.0
2023-12-20 13:00:00+08:00,66.80000305175781,67.0,66.80000305175781,67.0,15140,0.0,0.0
2023-12-21 09:00:00+08:00,66.69999694824219,66.69999694824219,66.69999694824219,66.69999694824219,5070,0.0,0.0
2023-12-21 10:00:00+08:00,66.5999984741211,66.5999984741211,66.5,66.5999984741211,15003,0.0,0.0
2023-12-21 11:00:00+08:00,66.5,66.5,66.30000305175781,66.30000305175781,25461,0.0,0.0
2023-12-21 12:00:00+08:00,66.4000015258789,66.4000015258789,66.30000305175781,66.30000305175781,7026,0.0,0.0
2023-12-21 13:00:00+08:00,66.30000305175781,66.5,66.30000305175781,66.4000015258789,10079,0.0,0.0
2023-12-22 09:00:00+08:00,66.80000305175781,66.80000305175781,66.19999694824219,66.30000305175781,15023,0.0,0.0
2023-12-22 10:00:00+08:00,66.30000305175781,66.30000305175781,66.30000305175781,66.30000305175781,4145,0.0,0.0
2023-12-22 11:00:00+08:00,66.19999694824219,66.4000015258789,66.19999694824219,66.4000015258789,7205,0.0,0.0
2023-12-22 12:00:00+08:00,66.30000305175781,66.30000305175781,66.30000305175781,66.30000305175781,5096,0.0,0.0
2023-12-22 13:00:00+08:00,66.30000305175781,66.30000305175781,66.30000305175781,66.30000305175781,11061,0.0,0.0
2023-12-25 09:00:00+08:00,66.30000305175781,66.5999984741211,66.30000305175781,66.5999984741211,0,0.0,0.0
2023-12-25 10:00:00+08:00,66.5,66.5,66.4000015258789,66.4000015258789,3046,0.0,0.0
2023-12-25 11:00:00+08:00,66.30000305175781,66.4000015258789,66.30000305175781,66.4000015258789,6014,0.0,0.0
2023-12-25 12:00:00+08:00,66.4000015258789,66.4000015258789,66.4000015258789,66.4000015258789,1041,0.0,0.0
2023-12-25 13:00:00+08:00,66.4000015258789,66.4000015258789,66.4000015258789,66.4000015258789,4001,0.0,0.0
2023-12-26 09:00:00+08:00,66.5999984741211,66.5999984741211,66.19999694824219,66.4000015258789,7045,0.0,0.0
2023-12-26 10:00:00+08:00,66.4000015258789,66.5,66.4000015258789,66.5,5016,0.0,0.0
2023-12-26 11:00:00+08:00,66.5,66.5,66.5,66.5,6102,0.0,0.0
2023-12-26 12:00:00+08:00,66.5,66.80000305175781,66.5,66.80000305175781,26083,0.0,0.0
2023-12-26 13:00:00+08:00,66.80000305175781,66.80000305175781,66.69999694824219,66.69999694824219,5126,0.0,0.0
2023-12-27 09:00:00+08:00,66.5999984741211,66.9000015258789,66.5999984741211,66.5999984741211,0,0.0,0.0
2023-12-27 10:00:00+08:00,66.5999984741211,66.5999984741211,66.5999984741211,66.5999984741211,15412,0.0,0.0
2023-12-27 11:00:00+08:00,66.5999984741211,66.5999984741211,66.5999984741211,66.5999984741211,7066,0.0,0.0
2023-12-27 12:00:00+08:00,66.5999984741211,66.5999984741211,66.5,66.5,17060,0.0,0.0
2023-12-27 13:00:00+08:00,66.5,66.5,66.4000015258789,66.4000015258789,12026,0.0,0.0
2023-12-28 09:00:00+08:00,66.69999694824219,66.69999694824219,66.4000015258789,66.5999984741211,0,0.0,0.0
2023-12-28 10:00:00+08:00,66.4000015258789,66.5,66.4000015258789,66.5,9095,0.0,0.0
2023-12-28 11:00:00+08:00,66.5999984741211,66.5999984741211,66.4000015258789,66.4000015258789,12100,0.0,0.0
2023-12-28 12:00:00+08:00,66.4000015258789,66.69999694824219,66.4000015258789,66.69999694824219,3252,0.0,0.0
2023-12-28 13:00:00+08:00,66.5999984741211,66.5999984741211,66.5999984741211,66.5999984741211,5000,0.0,0.0
2023-12-29 09:00:00+08:00,66.80000305175781,66.80000305175781,66.5,66.5999984741211,0,0.0,0.0
2023-12-29 10:00:00+08:00,66.5,66.5999984741211,66.5,66.5,11061,0.0,0.0
2023-12-29 11:00:00+08:00,66.5999984741211,66.5999984741211,66.5,66.5999984741211,8022,0.0,0.0
2023-12-29 12:00:00+08:00,66.5999984741211,66.69999694824219,66.5999984741211,66.69999694824219,9302,0.0,0.0
2023-12-29 13:00:00+08:00,66.5999984741211,66.69999694824219,66.5999984741211,66.69999694824219,10060,0.0,0.0
2024-01-02 09:00:00+08:00,66.30000305175781,66.30000305175781,66.19999694824219,66.30000305175781,0,0.0,0.0
2024-01-02 10:00:00+08:00,66.30000305175781,66.5,66.30000305175781,66.5,18000,0.0,0.0
2024-01-02 11:00:00+08:00,66.5,66.5999984741211,66.5,66.5,6020,0.0,0.0
2024-01-02 12:00:00+08:00,66.5,66.5999984741211,66.4000015258789,66.5999984741211,12007,0.0,0.0
2024-01-02 13:00:00+08:00,66.5999984741211,66.5999984741211,66.5999984741211,66.5999984741211,2050,0.0,0.0
2024-01-03 09:00:00+08:00,66.4000015258789,66.5,66.4000015258789,66.5,0,0.0,0.0
2024-01-03 10:00:00+08:00,66.5,66.5,66.4000015258789,66.4000015258789,15057,0.0,0.0
2024-01-03 11:00:00+08:00,66.4000015258789,66.4000015258789,66.4000015258789,66.4000015258789,9314,0.0,0.0
2024-01-03 12:00:00+08:00,66.4000015258789,66.5,66.30000305175781,66.5,24198,0.0,0.0
2024-01-03 13:00:00+08:00,66.30000305175781,66.30000305175781,66.19999694824219,66.30000305175781,14020,0.0,0.0
2024-01-04 09:00:00+08:00,66.5,66.5,66.4000015258789,66.4000015258789,8002,0.0,0.0
2024-01-04 10:00:00+08:00,66.4000015258789,66.5,66.30000305175781,66.4000015258789,17150,0.0,0.0
2024-01-04 11:00:00+08:00,66.4000015258789,66.4000015258789,66.19999694824219,66.19999694824219,12678,0.0,0.0
2024-01-04 12:00:00+08:00,66.30000305175781,66.4000015258789,66.30000305175781,66.4000015258789,7118,0.0,0.0
2024-01-04 13:00:00+08:00,66.4000015258789,66.4000015258789,66.4000015258789,66.4000015258789,3004,0.0,0.0
2024-01-05 09:00:00+08:00,66.4000015258789,66.5,66.19999694824219,66.5,0,0.0,0.0
2024-01-05 10:00:00+08:00,66.4000015258789,66.4000015258789,66.4000015258789,66.4000015258789,3009,0.0,0.0
2024-01-05 11:00:00+08:00,66.4000015258789,66.5999984741211,66.4000015258789,66.4000015258789,40603,0.0,0.0
2024-01-05 12:00:00+08:00,66.4000015258789,66.5,66.4000015258789,66.4000015258789,17197,0.0,0.0
2024-01-05 13:00:00+08:00,66.4000015258789,66.4000015258789,66.19999694824219,66.19999694824219,21054,0.0,0.0
2024-01-08 09:00:00+08:00,66.4000015258789,66.69999694824219,66.4000015258789,66.4000015258789,0,0.0,0.0
2024-01-08 10:00:00+08:00,66.4000015258789,66.4000015258789,66.30000305175781,66.30000305175781,6430,0.0,0.0
2024-01-08 11:00:00+08:00,66.19999694824219,66.4000015258789,66.19999694824219,66.4000015258789,6001,0.0,0.0
2024-01-08 12:00:00+08:00,66.30000305175781,66.30000305175781,66.19999694824219,66.19999694824219,5048,0.0,0.0
2024-01-08 13:00:00+08:00,66.19999694824219,66.30000305175781,66.19999694824219,66.19999694824219,5000,0.0,0.0
2024-01-09 09:00:00+08:00,66.4000015258789,66.4000015258789,66.19999694824219,66.30000305175781,0,0.0,0.0
2024-01-09 10:00:00+08:00,66.19999694824219,66.19999694824219,66.0999984741211,66.0999984741211,18171,0.0,0.0
2024-01-09 11:00:00+08:00,66.19999694824219,66.19999694824219,66.0999984741211,66.0999984741211,8436,0.0,0.0
2024-01-09 12:00:00+08:00,66.19999694824219,66.19999694824219,66.19999694824219,66.19999694824219,2000,0.0,0.0
2024-01-09 13:00:00+08:00,66.19999694824219,66.30000305175781,66.19999694824219,66.30000305175781,6000,0.0,0.0
2024-01-10 09:00:00+08:00,66.5,66.5,66.19999694824219,66.19999694824219,0,0.0,0.0
2024-01-10 10:00:00+08:00,66.19999694824219,66.19999694824219,66.0,66.0,41103,0.0,0.0
2024-01-10 11:00:00+08:00,66.0,66.0,66.0,66.0,4043,0.0,0.0
2024-01-10 12:00:00+08:00,66.0999984741211,66.19999694824219,66.0999984741211,66.19999694824219,15103,0.0,0.0
2024-01-10 13:00:00+08:00,66.19999694824219,66.19999694824219,66.19999694824219,66.19999694824219,3056,0.0,0.0
2024-01-11 09:00:00+08:00,66.30000305175781,66.30000305175781,66.0,66.0999984741211,11016,0.0,0.0
2024-01-11 10:00:00+08:00,66.0999984741211,66.19999694824219,66.0999984741211,66.19999694824219,24153,0.0,0.0
2024-01-11 12:00:00+08:00,66.30000305175781,66.30000305175781,66.0999984741211,66.0999984741211,7052,0.0,0.0
2024-01-11 13:00:00+08:00,66.19999694824219,66.19999694824219,66.0999984741211,66.0999984741211,4027,0.0,0.0
2024-01-12 09:00:00+08:00,65.9000015258789,65.9000015258789,65.80000305175781,65.9000015258789,10635,0.0,0.0
2024-01-12 10:00:00+08:00,66.0,66.0999984741211,66.0,66.0999984741211,9109,0.0,0.0
2024-01-12 11:00:00+08:00,66.0999984741211,66.0999984741211,66.0,66.0999984741211,6759,0.0,0.0
2024-01-12 12:00:00+08:00,66.0,66.0999984741211,65.80000305175781,65.9000015258789,47002,0.0,0.0
2024-01-12 13:00:00+08:00,66.0,66.0,66.0,66.0,16047,0.0,0.0
2024-01-15 09:00:00+08:00,66.19999694824219,66.19999694824219,66.0,66.0999984741211,0,0.0,0.0
2024-01-15 10:00:00+08:00,66.0999984741211,66.19999694824219,66.0999984741211,66.19999694824219,3104,0.0,0.0
2024-01-15 11:00:00+08:00,66.19999694824219,66.19999694824219,66.0999984741211,66.19999694824219,7358,0.0,0.0
2024-01-15 12:00:00+08:00,66.30000305175781,66.30000305175781,66.0999984741211,66.0999984741211,22002,0.0,0.0
2024-01-15 13:00:00+08:00,66.0999984741211,66.0999984741211,66.0,66.0,7128,0.0,0.0
2024-01-16 09:00:00+08:00,66.0,66.0,65.9000015258789,65.9000015258789,12027,0.0,0.0
2024-01-16 10:00:00+08:00,65.9000015258789,66.0,65.80000305175781,66.0,13002,0.0,0.0
2024-01-16 11:00:00+08:00,65.9000015258789,65.9000015258789,65.9000015258789,65.9000015258789,6129,0.0,0.0
2024-01-16 12:00:00+08:00,65.9000015258789,65.9000015258789,65.80000305175781,65.80000305175781,16490,0.0,0.0
2024-01-16 13:00:00+08:00,65.69999694824219,65.80000305175781,65.69999694824219,65.80000305175781,10057,0.0,0.0
2024-01-17 09:00:00+08:00,65.5999984741211,65.69999694824219,65.30000305175781,65.4000015258789,0,0.0,0.0
2024-01-17 10:00:00+08:00,65.5,65.5,65.4000015258789,65.5,9062,0.0,0.0
2024-01-17 11:00:00+08:00,65.5,65.5,65.4000015258789,65.5,13002,0.0,0.0
2024-01-17 12:00:00+08:00,65.4000015258789,65.4000015258789,65.19999694824219,65.19999694824219,44374,0.0,0.0
2024-01-17 13:00:00+08:00,65.19999694824219,65.30000305175781,65.0999984741211,65.19999694824219,17162,0.0,0.0
2024-01-18 09:00:00+08:00,65.5,65.5,64.5,64.5999984741211,0,0.0,0.0
2024-01-18 10:00:00+08:00,64.5999984741211,64.69999694824219,64.5999984741211,64.69999694824219,3184,0.0,0.0
2024-01-18 11:00:00+08:00,64.80000305175781,64.80000305175781,64.80000305175781,64.80000305175781,2306,0.0,0.0
2024-01-18 12:00:00+08:00,64.9000015258789,64.9000015258789,64.9000015258789,64.9000015258789,1000,0.0,0.0
2024-01-18 13:00:00+08:00,65.0,65.0,64.9000015258789,64.9000015258789,5084,0.0,0.0
2024-01-19 09:00:00+08:00,65.69999694824219,66.0,65.69999694824219,65.9000015258789,16501,0.0,0.0
2024-01-19 10:00:00+08:00,65.9000015258789,65.9000015258789,65.5,65.5,29117,0.0,0.0
2024-01-19 11:00:00+08:00,65.5,65.5,65.30000305175781,65.30000305175781,34108,0.0,0.0
2024-01-19 12:00:00+08:00,65.4000015258789,65.5,65.30000305175781,65.4000015258789,17532,0.0,0.0
2024-01-19 13:00:00+08:00,65.4000015258789,65.4000015258789,65.30000305175781,65.30000305175781,9000,0.0,0.0
2024-01-22 09:00:00+08:00,65.80000305175781,66.0,65.80000305175781,65.80000305175781,27107,0.0,0.0
2024-01-22 10:00:00+08:00,65.69999694824219,65.69999694824219,65.4000015258789,65.4000015258789,33237,0.0,0.0
2024-01-22 11:00:00+08:00,65.5,65.5999984741211,65.5,65.5999984741211,23078,0.0,0.0
2024-01-22 12:00:00+08:00,65.5999984741211,65.69999694824219,65.5999984741211,65.69999694824219,5304,0.0,0.0
2024-01-22 13:00:00+08:00,65.69999694824219,66.0,65.69999694824219,66.0,22200,0.0,0.0
2024-01-23 09:00:00+08:00,66.19999694824219,66.19999694824219,65.80000305175781,66.0,0,0.0,0.0
2024-01-23 10:00:00+08:00,66.0,66.0,65.9000015258789,66.0,0,0.0,0.0
2024-01-23 11:00:00+08:00,66.0,66.0,65.80000305175781,65.80000305175781,61295,0.0,0.0
2024-01-23 12:00:00+08:00,66.0,66.0,65.80000305175781,65.80000305175781,5064,0.0,0.0
2024-01-23 13:00:00+08:00,65.9000015258789,66.0,65.9000015258789,66.0,2001,0.0,0.0
2024-01-24 09:00:00+08:00,66.0,66.19999694824219,66.0,66.19999694824219,3256,0.0,0.0
2024-01-24 10:00:00+08:00,65.9000015258789,65.9000015258789,65.9000015258789,65.9000015258789,5045,0.0,0.0
2024-01-24 11:00:00+08:00,65.9000015258789,66.0,65.80000305175781,66.0,12106,0.0,0.0
2024-01-24 12:00:00+08:00,65.9000015258789,66.0,65.9000015258789,65.9000015258789,4341,0.0,0.0
2024-01-24 13:00:00+08:00,65.80000305175781,65.80000305175781,65.80000305175781,65.80000305175781,12116,0.0,0.0
2024-01-25 09:00:00+08:00,65.5999984741211,65.80000305175781,65.5999984741211,65.80000305175781,0,0.0,0.0
2024-01-25 10:00:00+08:00,65.80000305175781,65.9000015258789,65.80000305175781,65.80000305175781,10108,0.0,0.0
2024-01-25 11:00:00+08:00,65.9000015258789,65.9000015258789,65.80000305175781,65.80000305175781,4002,0.0,0.0
2024-01-25 12:00:00+08:00,65.9000015258789,65.9000015258789,65.9000015258789,65.9000015258789,2028,0.0,0.0
2024-01-25 13:00:00+08:00,65.9000015258789,65.9000015258789,65.80000305175781,65.9000015258789,13001,0.0,0.0
2024-01-26 09:00:00+08:00,66.0,66.0,65.80000305175781,65.80000305175781,0,0.0,0.0
2024-01-26 10:00:00+08:00,65.9000015258789,65.9000015258789,65.80000305175781,65.80000305175781,12137,0.0,0.0
2024-01-26 11:00:00+08:00,65.69999694824219,65.69999694824219,65.69999694824219,65.69999694824219,4008,0.0,0.0
2024-01-26 12:00:00+08:00,65.69999694824219,65.80000305175781,65.69999694824219,65.69999694824219,7200,0.0,0.0
2024-01-26 13:00:00+08:00,65.69999694824219,65.80000305175781,65.69999694824219,65.80000305175781,2022,0.0,0.0
2024-01-29 09:00:00+08:00,66.0,66.0,65.5,65.5999984741211,0,0.0,0.0
2024-01-29 10:00:00+08:00,66.0,66.0,65.5999984741211,65.80000305175781,13665,0.0,0.0
2024-01-29 11:00:00+08:00,65.9000015258789,65.9000015258789,65.80000305175781,65.80000305175781,6113,0.0,0.0
2024-01-29 12:00:00+08:00,65.80000305175781,65.80000305175781,65.69999694824219,65.69999694824219,4154,0.0,0.0
2024-01-30 09:00:00+08:00,65.69999694824219,65.69999694824219,65.5999984741211,65.5999984741211,11509,0.0,0.0
2024-01-30 10:00:00+08:00,65.69999694824219,65.69999694824219,65.5999984741211,65.5999984741211,18392,0.0,0.0
2024-01-30 11:00:00+08:00,65.5999984741211,65.5999984741211,65.5,65.5999984741211,12161,0.0,0.0
2024-01-30 12:00:00+08:00,65.69999694824219,65.69999694824219,65.5999984741211,65.5999984741211,2240,0.0,0.0
2024-01-30 13:00:00+08:00,65.69999694824219,65.69999694824219,65.69999694824219,65.69999694824219,0,0.0,0.0
2024-01-31 09:00:00+08:00,65.5999984741211,65.80000305175781,65.5999984741211,65.5999984741211,8243,0.0,0.0
2024-01-31 10:00:00+08:00,65.5999984741211,65.80000305175781,65.5999984741211,65.69999694824219,23007,0.0,0.0
2024-01-31 11:00:00+08:00,65.69999694824219,65.80000305175781,65.69999694824219,65.80000305175781,7004,0.0,0.0
2024-01-31 12:00:00+08:00,65.80000305175781,65.80000305175781,65.5,65.5,22434,0.0,0.0
2024-01-31 13:00:00+08:00,65.5999984741211,65.5999984741211,65.5,65.5999984741211,4009,0.0,0.0
2024-02-01 09:00:00+08:00,65.30000305175781,65.5,65.19999694824219,65.4000015258789,0,0.0,0.0
2024-02-01 10:00:00+08:00,65.4000015258789,65.4000015258789,65.4000015258789,65.4000015258789,3023,0.0,0.0
2024-02-01 11:00:00+08:00,65.5,65.5999984741211,65.4000015258789,65.4000015258789,9225,0.0,0.0
2024-02-01 12:00:00+08:00,65.4000015258789,65.4000015258789,65.4000015258789,65.4000015258789,1004,0.0,0.0
2024-02-01 13:00:00+08:00,65.4000015258789,65.4000015258789,65.4000015258789,65.4000015258789,13111,0.0,0.0
2024-02-02 09:00:00+08:00,65.4000015258789,65.4000015258789,65.0999984741211,65.19999694824219,25005,0.0,0.0
2024-02-02 10:00:00+08:00,65.30000305175781,65.4000015258789,65.19999694824219,65.4000015258789,21316,0.0,0.0
2024-02-02 12:00:00+08:00,65.4000015258789,65.4000015258789,65.19999694824219,65.30000305175781,21837,0.0,0.0
2024-02-02 13:00:00+08:00,65.19999694824219,65.19999694824219,65.19999694824219,65.19999694824219,2097,0.0,0.0
2024-02-05 09:00:00+08:00,66.19999694824219,66.5,66.0,66.5,176157,0.0,0.0
2024-02-05 10:00:00+08:00,66.5,66.69999694824219,66.30000305175781,66.4000015258789,61806,0.0,0.0
2024-02-05 11:00:00+08:00,66.4000015258789,66.5999984741211,66.4000015258789,66.5999984741211,40155,0.0,0.0
2024-02-05 12:00:00+08:00,66.5999984741211,66.5999984741211,66.4000015258789,66.5,34485,0.0,0.0
2024-02-05 13:00:00+08:00,66.5,66.5,66.4000015258789,66.5,22228,0.0,0.0
2024-02-15 09:00:00+08:00,66.5999984741211,66.80000305175781,66.4000015258789,66.69999694824219,0,0.0,0.0
2024-02-15 10:00:00+08:00,66.5999984741211,66.9000015258789,66.5999984741211,66.9000015258789,48106,0.0,0.0
2024-02-15 11:00:00+08:00,66.69999694824219,67.0999984741211,66.69999694824219,66.80000305175781,48301,0.0,0.0
2024-02-15 12:00:00+08:00,66.80000305175781,67.0,66.80000305175781,67.0,30110,0.0,0.0
2024-02-15 13:00:00+08:00,67.0,67.0999984741211,66.9000015258789,66.9000015258789,19032,0.0,0.0
2024-02-16 09:00:00+08:00,66.9000015258789,67.19999694824219,66.9000015258789,67.19999694824219,51428,0.0,0.0
2024-02-16 10:00:00+08:00,67.19999694824219,67.4000015258789,67.0999984741211,67.30000305175781,50603,0.0,0.0
2024-02-16 11:00:00+08:00,67.4000015258789,67.4000015258789,67.30000305175781,67.4000015258789,46206,0.0,0.0
2024-02-16 12:00:00+08:00,67.4000015258789,67.4000015258789,67.30000305175781,67.4000015258789,30156,0.0,0.0
2024-02-16 13:00:00+08:00,67.30000305175781,67.4000015258789,67.30000305175781,67.30000305175781,10031,0.0,0.0
2024-02-19 09:00:00+08:00,67.4000015258789,67.69999694824219,67.4000015258789,67.4000015258789,0,0.0,0.0
2024-02-19 10:00:00+08:00,67.4000015258789,67.69999694824219,67.4000015258789,67.5999984741211,30293,0.0,0.0
2024-02-19 11:00:00+08:00,67.5999984741211,67.5999984741211,67.5,67.5999984741211,25128,0.0,0.0
2024-02-19 12:00:00+08:00,67.5999984741211,67.5999984741211,67.5,67.5,12542,0.0,0.0
2024-02-19 13:00:00+08:00,67.5,67.5999984741211,67.5,67.5999984741211,14143,0.0,0.0
2024-02-20 09:00:00+08:00,67.5999984741211,67.5999984741211,67.30000305175781,67.5,0,0.0,0.0
2024-02-20 10:00:00+08:00,67.5,67.5999984741211,67.19999694824219,67.30000305175781,48617,0.0,0.0
2024-02-20 11:00:00+08:00,67.4000015258789,67.4000015258789,67.30000305175781,67.30000305175781,13230,0.0,0.0
2024-02-20 12:00:00+08:00,67.30000305175781,67.30000305175781,67.30000305175781,67.30000305175781,14150,0.0,0.0
2024-02-20 13:00:00+08:00,67.30000305175781,67.30000305175781,67.19999694824219,67.30000305175781,4009,0.0,0.0
2024-02-21 09:00:00+08:00,67.4000015258789,67.4000015258789,67.19999694824219,67.4000015258789,0,0.0,0.0
2024-02-21 10:00:00+08:00,67.5,67.5,67.30000305175781,67.4000015258789,25113,0.0,0.0
2024-02-21 11:00:00+08:00,67.4000015258789,67.5,67.4000015258789,67.5,4296,0.0,0.0
2024-02-21 12:00:00+08:00,67.5,67.5,67.4000015258789,67.4000015258789,25577,0.0,0.0
2024-02-21 13:00:00+08:00,67.5,67.5,67.30000305175781,67.30000305175781,13703,0.0,0.0
2024-02-22 09:00:00+08:00,67.5,67.9000015258789,67.5,67.69999694824219,0,0.0,0.0
2024-02-22 10:00:00+08:00,67.69999694824219,67.80000305175781,67.69999694824219,67.69999694824219,15123,0.0,0.0
2024-02-22 11:00:00+08:00,67.80000305175781,67.80000305175781,67.80000305175781,67.80000305175781,36253,0.0,0.0
2024-02-22 12:00:00+08:00,67.9000015258789,68.19999694824219,67.80000305175781,68.0999984741211,83844,0.0,0.0
2024-02-22 13:00:00+08:00,68.0999984741211,68.0999984741211,68.0,68.0,22205,0.0,0.0
2024-02-23 09:00:00+08:00,68.30000305175781,68.4000015258789,68.0,68.30000305175781,90220,0.0,0.0
2024-02-23 10:00:00+08:00,68.19999694824219,68.30000305175781,68.19999694824219,68.30000305175781,40076,0.0,0.0
2024-02-23 11:00:00+08:00,68.19999694824219,68.5,68.19999694824219,68.5,107344,0.0,0.0
2024-02-23 12:00:00+08:00,68.5,68.5,68.30000305175781,68.4000015258789,35262,0.0,0.0
2024-02-23 13:00:00+08:00,68.4000015258789,68.5,68.4000015258789,68.4000015258789,20227,0.0,0.0
2024-02-26 09:00:00+08:00,68.4000015258789,68.5999984741211,68.4000015258789,68.5999984741211,0,0.0,0.0
2024-02-26 10:00:00+08:00,68.5,68.5,68.30000305175781,68.30000305175781,83586,0.0,0.0
2024-02-26 11:00:00+08:00,68.4000015258789,68.4000015258789,68.30000305175781,68.30000305175781,17803,0.0,0.0
2024-02-26 12:00:00+08:00,68.30000305175781,68.4000015258789,68.30000305175781,68.4000015258789,32552,0.0,0.0
2024-02-26 13:00:00+08:00,68.30000305175781,68.4000015258789,68.19999694824219,68.4000015258789,10003,0.0,0.0
2024-02-27 09:00:00+08:00,68.4000015258789,68.5,68.19999694824219,68.19999694824219,0,0.0,0.0
2024-02-27 10:00:00+08:00,68.0999984741211,68.0999984741211,67.5,67.80000305175781,50513,0.0,0.0
2024-02-27 11:00:00+08:00,67.80000305175781,67.9000015258789,67.80000305175781,67.9000015258789,20252,0.0,0.0
2024-02-27 12:00:00+08:00,67.9000015258789,68.0,67.9000015258789,68.0,7504,0.0,0.0
2024-02-27 13:00:00+08:00,68.19999694824219,68.30000305175781,68.19999694824219,68.30000305175781,6229,0.0,0.0
2024-02-29 09:00:00+08:00,68.30000305175781,68.5999984741211,68.30000305175781,68.5,0,0.0,0.0
2024-02-29 10:00:00+08:00,68.5,68.5999984741211,68.5,68.5,23295,0.0,0.0
2024-02-29 11:00:00+08:00,68.5,68.5999984741211,68.5,68.5,33121,0.0,0.0
2024-02-29 12:00:00+08:00,68.5,68.5,68.4000015258789,68.4000015258789,22267,0.0,0.0
2024-02-29 13:00:00+08:00,68.5,68.5,68.4000015258789,68.5,13355,0.0,0.0
2024-03-01 09:00:00+08:00,68.69999694824219,69.5,68.5,69.19999694824219,112792,0.0,0.0
2024-03-01 10:00:00+08:00,69.19999694824219,69.30000305175781,69.0999984741211,69.0999984741211,64418,0.0,0.0
2024-03-01 11:00:00+08:00,69.0999984741211,69.0999984741211,68.9000015258789,68.9000015258789,55233,0.0,0.0
2024-03-01 12:00:00+08:00,68.80000305175781,68.9000015258789,68.69999694824219,68.80000305175781,54074,0.0,0.0
2024-03-01 13:00:00+08:00,68.9000015258789,69.0,68.80000305175781,68.9000015258789,22619,0.0,0.0
2024-03-04 09:00:00+08:00,69.0,70.19999694824219,69.0,70.0,0,0.0,0.0
2024-03-04 10:00:00+08:00,70.0,70.0999984741211,69.69999694824219,69.80000305175781,82849,0.0,0.0
2024-03-04 11:00:00+08:00,69.9000015258789,71.0,69.9000015258789,70.0999984741211,155186,0.0,0.0
2024-03-04 12:00:00+08:00,70.0999984741211,70.19999694824219,69.9000015258789,70.0999984741211,31966,0.0,0.0
2024-03-04 13:00:00+08:00,70.0999984741211,70.0999984741211,70.0,70.0,52855,0.0,0.0
2024-03-05 09:00:00+08:00,69.19999694824219,69.19999694824219,68.5999984741211,68.5999984741211,0,0.0,0.0
2024-03-05 10:00:00+08:00,68.5999984741211,68.80000305175781,68.5999984741211,68.80000305175781,54192,0.0,0.0
2024-03-05 11:00:00+08:00,68.80000305175781,69.0,68.80000305175781,69.0,42289,0.0,0.0
2024-03-05 12:00:00+08:00,68.9000015258789,69.0999984741211,68.9000015258789,69.0,35589,0.0,0.0
2024-03-05 13:00:00+08:00,69.0,69.0,68.9000015258789,68.9000015258789,9011,0.0,0.0
2024-03-06 09:00:00+08:00,69.4000015258789,69.4000015258789,68.80000305175781,69.0,0,0.0,0.0
2024-03-06 10:00:00+08:00,69.0,69.0,68.80000305175781,68.80000305175781,71119,0.0,0.0
2024-03-06 11:00:00+08:00,68.80000305175781,68.9000015258789,68.69999694824219,68.9000015258789,45353,0.0,0.0
2024-03-06 12:00:00+08:00,68.9000015258789,68.9000015258789,68.9000015258789,68.9000015258789,15613,0.0,0.0
2024-03-06 13:00:00+08:00,68.9000015258789,69.0,68.80000305175781,69.0,27323,0.0,0.0
2024-03-07 09:00:00+08:00,69.19999694824219,69.19999694824219,68.69999694824219,68.69999694824219,0,0.0,0.0
2024-03-07 10:00:00+08:00,68.69999694824219,68.80000305175781,67.9000015258789,68.19999694824219,169835,0.0,0.0
2024-03-07 11:00:00+08:00,68.19999694824219,68.4000015258789,68.0999984741211,68.4000015258789,31475,0.0,0.0
2024-03-07 12:00:00+08:00,68.4000015258789,68.4000015258789,68.30000305175781,68.30000305175781,20325,0.0,0.0
2024-03-07 13:00:00+08:00,68.30000305175781,68.4000015258789,68.19999694824219,68.30000305175781,28980,0.0,0.0
2024-03-08 09:00:00+08:00,68.5,68.5,68.19999694824219,68.4000015258789,40454,0.0,0.0
2024-03-08 10:00:00+08:00,68.4000015258789,68.4000015258789,68.0999984741211,68.0999984741211,40564,0.0,0.0
2024-03-08 11:00:00+08:00,68.0999984741211,68.0999984741211,67.0,67.5999984741211,124415,0.0,0.0
2024-03-08 12:00:00+08:00,67.5999984741211,68.0,67.5,68.0,35279,0.0,0.0
2024-03-08 13:00:00+08:00,68.19999694824219,68.30000305175781,67.80000305175781,67.80000305175781,29121,0.0,0.0
2024-03-11 09:00:00+08:00,67.69999694824219,68.30000305175781,67.5,67.69999694824219,0,0.0,0.0
2024-03-11 10:00:00+08:00,67.80000305175781,68.0999984741211,67.80000305175781,68.0999984741211,22065,0.0,0.0
2024-03-11 11:00:00+08:00,67.9000015258789,68.0999984741211,67.9000015258789,68.0,5342,0.0,0.0
2024-03-11 12:00:00+08:00,68.0999984741211,68.0999984741211,67.80000305175781,67.9000015258789,30540,0.0,0.0
2024-03-11 13:00:00+08:00,67.9000015258789,68.0,67.69999694824219,67.80000305175781,31711,0.0,0.0
2024-03-12 09:00:00+08:00,67.5999984741211,68.5,67.5999984741211,68.4000015258789,0,0.0,0.0
2024-03-12 10:00:00+08:00,68.30000305175781,68.30000305175781,68.0,68.0,39255,0.0,0.0
2024-03-12 11:00:00+08:00,68.0,68.30000305175781,68.0,68.30000305175781,18045,0.0,0.0
2024-03-12 12:00:00+08:00,68.4000015258789,68.5,68.4000015258789,68.4000015258789,25411,0.0,0.0
2024-03-12 13:00:00+08:00,68.5,68.5,68.4000015258789,68.5,11099,0.0,0.0
2024-03-13 09:00:00+08:00,68.4000015258789,68.4000015258789,68.19999694824219,68.4000015258789,8422,0.0,0.0
2024-03-13 10:00:00+08:00,68.4000015258789,68.4000015258789,68.19999694824219,68.30000305175781,26227,0.0,0.0
2024-03-13 11:00:00+08:00,68.30000305175781,68.5,68.30000305175781,68.4000015258789,16626,0.0,0.0
2024-03-13 12:00:00+08:00,68.4000015258789,68.4000015258789,68.19999694824219,68.30000305175781,34605,0.0,0.0
2024-03-13 13:00:00+08:00,68.4000015258789,68.80000305175781,68.30000305175781,68.80000305175781,20246,0.0,0.0
2024-03-14 09:00:00+08:00,68.69999694824219,69.19999694824219,68.5,68.9000015258789,0,0.0,0.0
2024-03-14 10:00:00+08:00,69.0,69.0,68.5999984741211,68.69999694824219,22122,0.0,0.0
2024-03-14 11:00:00+08:00,68.5999984741211,68.69999694824219,68.5,68.5,24331,0.0,0.0
2024-03-14 12:00:00+08:00,68.5,68.5,68.19999694824219,68.4000015258789,101973,0.0,0.0
2024-03-14 13:00:00+08:00,68.30000305175781,68.30000305175781,68.30000305175781,68.30000305175781,18239,0.0,0.0
2024-03-15 09:00:00+08:00,68.5999984741211,68.69999694824219,68.5,68.69999694824219,0,0.0,0.0
2024-03-15 10:00:00+08:00,68.5999984741211,68.5999984741211,68.5999984741211,68.5999984741211,10115,0.0,0.0
2024-03-15 11:00:00+08:00,68.5999984741211,68.69999694824219,68.5999984741211,68.69999694824219,29071,0.0,0.0
2024-03-15 12:00:00+08:00,68.69999694824219,68.69999694824219,68.5999984741211,68.5999984741211,23528,0.0,0.0
2024-03-15 13:00:00+08:00,68.5999984741211,68.69999694824219,68.5,68.69999694824219,12566,0.0,0.0
2024-03-18 09:00:00+08:00,68.5,68.69999694824219,68.19999694824219,68.4000015258789,0,0.0,0.0
2024-03-18 10:00:00+08:00,68.5,68.5,68.4000015258789,68.5,10830,0.0,0.0
2024-03-18 11:00:00+08:00,68.5999984741211,68.69999694824219,68.5999984741211,68.5999984741211,26304,0.0,0.0
2024-03-18 12:00:00+08:00,68.5999984741211,68.5999984741211,68.4000015258789,68.5,32676,0.0,0.0
2024-03-18 13:00:00+08:00,68.5999984741211,68.5999984741211,68.5,68.5,15181,0.0,0.0
2024-03-19 09:00:00+08:00,68.5,68.9000015258789,68.5,68.9000015258789,0,0.0,0.0
2024-03-19 10:00:00+08:00,68.9000015258789,68.9000015258789,68.69999694824219,68.80000305175781,24703,0.0,0.0
2024-03-19 11:00:00+08:00,68.80000305175781,68.80000305175781,68.69999694824219,68.69999694824219,32184,0.0,0.0
2024-03-19 12:00:00+08:00,68.69999694824219,69.0999984741211,68.69999694824219,69.0,43574,0.0,0.0
2024-03-19 13:00:00+08:00,69.0,69.0,68.9000015258789,68.9000015258789,19056,0.0,0.0
2024-03-20 09:00:00+08:00,68.9000015258789,69.0999984741211,68.80000305175781,68.9000015258789,26075,0.0,0.0
2024-03-20 10:00:00+08:00,68.9000015258789,68.9000015258789,68.80000305175781,68.80000305175781,11427,0.0,0.0
2024-03-20 11:00:00+08:00,68.80000305175781,68.9000015258789,68.80000305175781,68.9000015258789,9166,0.0,0.0
2024-03-20 12:00:00+08:00,68.9000015258789,68.9000015258789,68.5999984741211,68.5999984741211,23643,0.0,0.0
2024-03-20 13:00:00+08:00,68.5999984741211,68.69999694824219,68.5,68.5999984741211,20120,0.0,0.0
2024-03-21 09:00:00+08:00,69.30000305175781,69.30000305175781,68.69999694824219,68.80000305175781,0,0.0,0.0
2024-03-21 10:00:00+08:00,68.69999694824219,68.80000305175781,68.4000015258789,68.4000015258789,68289,0.0,0.0
2024-03-21 11:00:00+08:00,68.4000015258789,68.5999984741211,68.4000015258789,68.5999984741211,24425,0.0,0.0
2024-03-21 12:00:00+08:00,68.5999984741211,68.69999694824219,68.5,68.69999694824219,25414,0.0,0.0
2024-03-21 13:00:00+08:00,68.5999984741211,68.80000305175781,68.5999984741211,68.5999984741211,32007,0.0,0.0
2024-03-22 09:00:00+08:00,68.5999984741211,68.80000305175781,68.4000015258789,68.4000015258789,0,0.0,0.0
2024-03-22 10:00:00+08:00,68.4000015258789,68.5,68.4000015258789,68.4000015258789,71176,0.0,0.0
2024-03-22 11:00:00+08:00,68.30000305175781,68.30000305175781,68.19999694824219,68.30000305175781,13618,0.0,0.0
2024-03-22 12:00:00+08:00,68.30000305175781,68.4000015258789,68.30000305175781,68.30000305175781,29237,0.0,0.0
2024-03-22 13:00:00+08:00,68.30000305175781,68.4000015258789,68.30000305175781,68.4000015258789,20018,0.0,0.0
2024-03-25 09:00:00+08:00,68.30000305175781,68.4000015258789,68.30000305175781,68.4000015258789,0,0.0,0.0
2024-03-25 10:00:00+08:00,68.4000015258789,68.4000015258789,68.0,68.0,74284,0.0,0.0
2024-03-25 11:00:00+08:00,68.0999984741211,68.19999694824219,68.0999984741211,68.19999694824219,9406,0.0,0.0
2024-03-25 12:00:00+08:00,68.30000305175781,68.4000015258789,68.30000305175781,68.30000305175781,17038,0.0,0.0
2024-03-25 13:00:00+08:00,68.30000305175781,68.4000015258789,68.30000305175781,68.4000015258789,3008,0.0,0.0
2024-03-26 09:00:00+08:00,68.30000305175781,68.5999984741211,68.30000305175781,68.5,0,0.0,0.0
2024-03-26 10:00:00+08:00,68.5,68.5,68.4000015258789,68.4000015258789,13591,0.0,0.0
2024-03-26 11:00:00+08:00,68.30000305175781,68.30000305175781,67.80000305175781,67.9000015258789,50936,0.0,0.0
2024-03-26 12:00:00+08:00,68.0,68.0,67.9000015258789,68.0,12666,0.0,0.0
2024-03-26 13:00:00+08:00,68.0,68.0999984741211,68.0,68.0,11125,0.0,0.0
2024-03-27 09:00:00+08:00,67.9000015258789,68.0999984741211,67.80000305175781,68.0,0,0.0,0.0
2024-03-27 10:00:00+08:00,68.0,68.0,67.9000015258789,68.0,21167,0.0,0.0
2024-03-27 11:00:00+08:00,68.0,68.0999984741211,68.0,68.0999984741211,13057,0.0,0.0
2024-03-27 12:00:00+08:00,68.19999694824219,68.30000305175781,68.19999694824219,68.30000305175781,10707,0.0,0.0
2024-03-27 13:00:00+08:00,68.30000305175781,68.30000305175781,68.30000305175781,68.30000305175781,4317,0.0,0.0
2024-03-28 09:00:00+08:00,68.30000305175781,68.5,68.30000305175781,68.5,0,0.0,0.0
2024-03-28 10:00:00+08:00,68.5,68.5999984741211,68.5,68.5999984741211,21222,0.0,0.0
2024-03-28 11:00:00+08:00,68.5999984741211,68.5999984741211,68.5,68.5999984741211,4031,0.0,0.0
2024-03-28 12:00:00+08:00,68.5999984741211,68.5999984741211,68.4000015258789,68.5999984741211,37012,0.0,0.0
2024-03-28 13:00:00+08:00,68.5999984741211,68.69999694824219,68.5999984741211,68.69999694824219,4014,0.0,0.0
2024-03-29 09:00:00+08:00,68.80000305175781,68.9000015258789,68.80000305175781,68.9000015258789,22233,0.0,0.0
2024-03-29 10:00:00+08:00,69.0,69.0,68.69999694824219,68.69999694824219,11315,0.0,0.0
2024-03-29 11:00:00+08:00,68.69999694824219,68.69999694824219,68.69999694824219,68.69999694824219,5192,0.0,0.0
2024-03-29 12:00:00+08:00,68.80000305175781,68.80000305175781,68.69999694824219,68.80000305175781,7039,0.0,0.0
2024-03-29 13:00:00+08:00,68.80000305175781,68.80000305175781,68.80000305175781,68.80000305175781,8192,0.0,0.0
2024-04-01 09:00:00+08:00,68.80000305175781,68.9000015258789,68.80000305175781,68.9000015258789,0,0.0,0.0
2024-04-01 10:00:00+08:00,68.9000015258789,68.9000015258789,68.80000305175781,68.80000305175781,6222,0.0,0.0
2024-04-01 11:00:00+08:00,68.9000015258789,69.0,68.9000015258789,68.9000015258789,18177,0.0,0.0
2024-04-01 12:00:00+08:00,68.9000015258789,68.9000015258789,68.9000015258789,68.9000015258789,11364,0.0,0.0
2024-04-01 13:00:00+08:00,68.9000015258789,68.9000015258789,68.80000305175781,68.9000015258789,17002,0.0,0.0
2024-04-02 09:00:00+08:00,69.0,69.0,68.5,68.69999694824219,0,0.0,0.0
2024-04-02 10:00:00+08:00,68.69999694824219,68.9000015258789,68.69999694824219,68.80000305175781,11391,0.0,0.0
2024-04-02 11:00:00+08:00,68.80000305175781,68.80000305175781,68.80000305175781,68.80000305175781,5021,0.0,0.0
2024-04-02 12:00:00+08:00,68.80000305175781,68.9000015258789,68.80000305175781,68.80000305175781,7299,0.0,0.0
2024-04-02 13:00:00+08:00,68.80000305175781,68.80000305175781,68.80000305175781,68.80000305175781,4090,0.0,0.0
2024-04-03 09:00:00+08:00,69.0,69.5,68.80000305175781,68.80000305175781,23033,0.0,0.0
2024-04-03 10:00:00+08:00,69.0,69.4000015258789,69.0,69.4000015258789,53853,0.0,0.0
2024-04-03 11:00:00+08:00,69.4000015258789,69.5999984741211,69.30000305175781,69.5,37093,0.0,0.0
2024-04-03 12:00:00+08:00,69.5,69.5999984741211,69.30000305175781,69.30000305175781,30516,0.0,0.0
2024-04-03 13:00:00+08:00,69.4000015258789,69.5,69.30000305175781,69.4000015258789,18713,0.0,0.0
2024-04-08 09:00:00+08:00,69.5999984741211,69.9000015258789,69.5,69.69999694824219,0,0.0,0.0
2024-04-08 10:00:00+08:00,69.69999694824219,69.80000305175781,69.5999984741211,69.69999694824219,33935,0.0,0.0
2024-04-08 11:00:00+08:00,69.69999694824219,69.69999694824219,69.69999694824219,69.69999694824219,8523,0.0,0.0
2024-04-08 12:00:00+08:00,69.69999694824219,69.69999694824219,69.5999984741211,69.5999984741211,42966,0.0,0.0
2024-04-08 13:00:00+08:00,69.69999694824219,69.69999694824219,69.5999984741211,69.69999694824219,12108,0.0,0.0
2024-04-09 09:00:00+08:00,69.80000305175781,70.0,69.5,69.5,0,0.0,0.0
2024-04-09 10:00:00+08:00,69.5999984741211,69.9000015258789,69.4000015258789,69.80000305175781,34682,0.0,0.0
2024-04-09 11:00:00+08:00,69.80000305175781,69.80000305175781,69.5,69.5,36503,0.0,0.0
2024-04-09 12:00:00+08:00,69.80000305175781,69.80000305175781,69.5,69.5999984741211,24375,0.0,0.0
2024-04-09 13:00:00+08:00,69.5999984741211,69.69999694824219,69.5,69.69999694824219,13250,0.0,0.0
2024-04-10 09:00:00+08:00,70.0,70.0,69.5,69.5999984741211,0,0.0,0.0
2024-04-10 10:00:00+08:00,69.5999984741211,69.69999694824219,69.5999984741211,69.5999984741211,14543,0.0,0.0
2024-04-10 11:00:00+08:00,69.5999984741211,69.69999694824219,69.5999984741211,69.5999984741211,14006,0.0,0.0
2024-04-10 12:00:00+08:00,69.69999694824219,69.69999694824219,69.5,69.5999984741211,30245,0.0,0.0
2024-04-10 13:00:00+08:00,69.5999984741211,69.5999984741211,69.19999694824219,69.19999694824219,35350,0.0,0.0
2024-04-11 09:00:00+08:00,69.19999694824219,69.19999694824219,68.5999984741211,69.0,0,0.0,0.0
2024-04-11 10:00:00+08:00,68.80000305175781,69.0,68.69999694824219,68.69999694824219,35649,0.0,0.0
2024-04-11 11:00:00+08:00,68.9000015258789,69.0,68.80000305175781,69.0,12344,0.0,0.0
2024-04-11 12:00:00+08:00,68.80000305175781,68.80000305175781,68.69999694824219,68.80000305175781,11108,0.0,0.0
2024-04-11 13:00:00+08:00,69.0,69.19999694824219,69.0,69.19999694824219,11050,0.0,0.0
2024-04-12 09:00:00+08:00,68.80000305175781,69.0,68.80000305175781,68.80000305175781,18234,0.0,0.0
2024-04-12 10:00:00+08:00,68.80000305175781,69.0,68.69999694824219,69.0,12225,0.0,0.0
2024-04-12 11:00:00+08:00,69.0999984741211,69.0999984741211,68.80000305175781,68.80000305175781,14003,0.0,0.0
2024-04-12 12:00:00+08:00,68.9000015258789,69.0,68.9000015258789,69.0,9032,0.0,0.0
2024-04-12 13:00:00+08:00,69.0,69.0,69.0,69.0,2199,0.0,0.0
2024-04-15 09:00:00+08:00,69.0,69.0,68.69999694824219,68.69999694824219,0,0.0,0.0
2024-04-15 10:00:00+08:00,68.9000015258789,68.9000015258789,68.80000305175781,68.9000015258789,11624,0.0,0.0
2024-04-15 11:00:00+08:00,68.80000305175781,68.80000305175781,68.69999694824219,68.80000305175781,9096,0.0,0.0
2024-04-15 12:00:00+08:00,68.69999694824219,68.80000305175781,68.69999694824219,68.80000305175781,8052,0.0,0.0
2024-04-15 13:00:00+08:00,68.80000305175781,68.80000305175781,68.69999694824219,68.80000305175781,7001,0.0,0.0
2024-04-16 09:00:00+08:00,68.69999694824219,68.69999694824219,68.0999984741211,68.0999984741211,0,0.0,0.0
2024-04-16 10:00:00+08:00,68.19999694824219,68.19999694824219,68.0999984741211,68.19999694824219,32111,0.0,0.0
2024-04-16 11:00:00+08:00,68.30000305175781,68.30000305175781,68.0,68.0999984741211,37756,0.0,0.0
2024-04-16 12:00:00+08:00,68.0,68.0,67.80000305175781,67.9000015258789,43529,0.0,0.0
2024-04-16 13:00:00+08:00,67.80000305175781,68.0999984741211,67.80000305175781,67.9000015258789,18231,0.0,0.0
2024-04-17 09:00:00+08:00,67.80000305175781,68.19999694824219,67.80000305175781,68.19999694824219,0,0.0,0.0
2024-04-17 10:00:00+08:00,68.19999694824219,68.19999694824219,68.19999694824219,68.19999694824219,9568,0.0,0.0
2024-04-17 11:00:00+08:00,68.4000015258789,68.4000015258789,68.30000305175781,68.4000015258789,6270,0.0,0.0
2024-04-17 12:00:00+08:00,68.5,68.5,68.4000015258789,68.4000015258789,4202,0.0,0.0
2024-04-17 13:00:00+08:00,68.5,68.9000015258789,68.4000015258789,68.9000015258789,10098,0.0,0.0
2024-04-18 09:00:00+08:00,68.5999984741211,68.69999694824219,68.5999984741211,68.69999694824219,8225,0.0,0.0
2024-04-18 10:00:00+08:00,68.80000305175781,69.0,68.69999694824219,69.0,22255,0.0,0.0
2024-04-18 11:00:00+08:00,69.0999984741211,69.0999984741211,69.0,69.0,7385,0.0,0.0
2024-04-18 12:00:00+08:00,69.0,69.4000015258789,69.0,69.19999694824219,58745,0.0,0.0
2024-04-18 13:00:00+08:00,69.5,69.5,69.19999694824219,69.5,19924,0.0,0.0
2024-04-19 09:00:00+08:00,69.19999694824219,69.19999694824219,68.5999984741211,68.80000305175781,0,0.0,0.0
2024-04-19 10:00:00+08:00,68.9000015258789,69.0,67.9000015258789,67.9000015258789,87401,0.0,0.0
2024-04-19 11:00:00+08:00,67.80000305175781,68.5,67.5,68.5,34300,0.0,0.0
2024-04-19 12:00:00+08:00,68.5,68.9000015258789,68.4000015258789,68.5999984741211,10260,0.0,0.0
2024-04-19 13:00:00+08:00,68.5999984741211,68.80000305175781,68.5,68.5,9018,0.0,0.0
2024-04-22 09:00:00+08:00,68.0999984741211,68.5,68.0999984741211,68.4000015258789,0,0.0,0.0
2024-04-22 10:00:00+08:00,68.30000305175781,68.30000305175781,68.0999984741211,68.0999984741211,29495,0.0,0.0
2024-04-22 11:00:00+08:00,68.0999984741211,68.0999984741211,68.0,68.0,29001,0.0,0.0
2024-04-22 12:00:00+08:00,68.0999984741211,68.19999694824219,68.0999984741211,68.19999694824219,7901,0.0,0.0
2024-04-22 13:00:00+08:00,68.19999694824219,68.30000305175781,68.19999694824219,68.19999694824219,5003,0.0,0.0
2024-04-23 09:00:00+08:00,68.19999694824219,68.4000015258789,68.19999694824219,68.19999694824219,0,0.0,0.0
2024-04-23 10:00:00+08:00,68.19999694824219,68.19999694824219,68.19999694824219,68.19999694824219,5020,0.0,0.0
2024-04-23 11:00:00+08:00,68.19999694824219,68.30000305175781,68.0999984741211,68.19999694824219,15182,0.0,0.0
2024-04-23 12:00:00+08:00,68.4000015258789,68.5,68.30000305175781,68.5,5547,0.0,0.0
2024-04-23 13:00:00+08:00,68.19999694824219,68.30000305175781,68.19999694824219,68.30000305175781,2002,0.0,0.0
2024-04-24 09:00:00+08:00,68.69999694824219,68.69999694824219,68.4000015258789,68.5,0,0.0,0.0
2024-04-24 10:00:00+08:00,68.5,68.5999984741211,68.5,68.5,0,0.0,0.0
2024-04-24 11:00:00+08:00,68.5,68.9000015258789,68.5,68.69999694824219,92292,0.0,0.0
2024-04-24 12:00:00+08:00,68.5999984741211,69.0,68.5999984741211,68.80000305175781,41061,0.0,0.0
2024-04-24 13:00:00+08:00,68.9000015258789,69.30000305175781,68.69999694824219,68.9000015258789,38100,0.0,0.0
2024-04-25 09:00:00+08:00,72.4000015258789,72.80000305175781,71.5,72.0,1145718,0.0,0.0
2024-04-25 10:00:00+08:00,72.0,72.5,71.9000015258789,72.4000015258789,227865,0.0,0.0
2024-04-25 11:00:00+08:00,72.30000305175781,72.4000015258789,71.80000305175781,71.80000305175781,188352,0.0,0.0
2024-04-25 12:00:00+08:00,71.80000305175781,72.0,71.5999984741211,72.0,163062,0.0,0.0
2024-04-25 13:00:00+08:00,72.0999984741211,72.30000305175781,71.9000015258789,72.19999694824219,83006,0.0,0.0
2024-04-26 09:00:00+08:00,72.0,72.0,71.30000305175781,71.4000015258789,0,0.0,0.0
2024-04-26 10:00:00+08:00,71.4000015258789,71.69999694824219,71.30000305175781,71.5999984741211,88280,0.0,0.0
2024-04-26 11:00:00+08:00,71.5999984741211,71.80000305175781,71.5,71.5,54255,0.0,0.0
2024-04-26 12:00:00+08:00,71.5,71.69999694824219,71.4000015258789,71.4000015258789,41191,0.0,0.0
2024-04-26 13:00:00+08:00,71.4000015258789,71.5,71.30000305175781,71.5,40438,0.0,0.0
2024-04-29 09:00:00+08:00,71.69999694824219,72.19999694824219,70.80000305175781,71.80000305175781,0,0.0,0.0
2024-04-29 10:00:00+08:00,71.9000015258789,71.9000015258789,71.5999984741211,71.80000305175781,30151,0.0,0.0
2024-04-29 11:00:00+08:00,71.80000305175781,71.9000015258789,71.80000305175781,71.80000305175781,32537,0.0,0.0
2024-04-29 12:00:00+08:00,71.9000015258789,71.9000015258789,71.5999984741211,71.5999984741211,24716,0.0,0.0
2024-04-29 13:00:00+08:00,71.5999984741211,71.9000015258789,71.5999984741211,71.9000015258789,20860,0.0,0.0
2024-04-30 09:00:00+08:00,72.0,72.19999694824219,71.5999984741211,72.19999694824219,0,0.0,0.0
2024-04-30 10:00:00+08:00,72.19999694824219,72.19999694824219,71.69999694824219,71.69999694824219,48734,0.0,0.0
2024-04-30 11:00:00+08:00,71.69999694824219,72.0999984741211,71.69999694824219,72.0,35122,0.0,0.0
2024-04-30 12:00:00+08:00,72.0,72.0999984741211,72.0,72.0999984741211,25567,0.0,0.0
2024-04-30 13:00:00+08:00,72.0999984741211,72.19999694824219,72.0999984741211,72.19999694824219,21210,0.0,0.0
2024-05-02 09:00:00+08:00,72.19999694824219,73.0,72.19999694824219,72.69999694824219,0,0.0,0.0
2024-05-02 10:00:00+08:00,72.69999694824219,72.69999694824219,72.0999984741211,72.5999984741211,69387,0.0,0.0
2024-05-02 11:00:00+08:00,72.5999984741211,72.80000305175781,72.5999984741211,72.80000305175781,75044,0.0,0.0
2024-05-02 12:00:00+08:00,72.80000305175781,73.19999694824219,72.69999694824219,73.0999984741211,160826,0.0,0.0
2024-05-02 13:00:00+08:00,73.0999984741211,73.19999694824219,73.0,73.0,46344,0.0,0.0
2024-05-03 09:00:00+08:00,73.5,73.80000305175781,73.0,73.0,0,0.0,0.0
2024-05-03 10:00:00+08:00,73.0999984741211,73.19999694824219,72.9000015258789,73.0999984741211,55609,0.0,0.0
2024-05-03 11:00:00+08:00,73.0999984741211,73.19999694824219,73.0999984741211,73.19999694824219,18720,0.0,0.0
2024-05-03 12:00:00+08:00,73.0999984741211,73.19999694824219,72.9000015258789,73.0,45012,0.0,0.0
2024-05-03 13:00:00+08:00,73.0,73.0,72.80000305175781,72.80000305175781,40102,0.0,0.0
2024-05-06 09:00:00+08:00,72.80000305175781,72.9000015258789,72.4000015258789,72.69999694824219,0,0.0,0.0
2024-05-06 10:00:00+08:00,72.80000305175781,73.4000015258789,72.80000305175781,72.9000015258789,79927,0.0,0.0
2024-05-06 11:00:00+08:00,72.9000015258789,72.9000015258789,72.80000305175781,72.9000015258789,3359,0.0,0.0
2024-05-06 12:00:00+08:00,72.9000015258789,73.0,72.80000305175781,72.9000015258789,47698,0.0,0.0
2024-05-06 13:00:00+08:00,72.9000015258789,73.0,72.9000015258789,73.0,9395,0.0,0.0
2024-05-07 09:00:00+08:00,73.80000305175781,74.69999694824219,73.5999984741211,74.0999984741211,392026,0.0,0.0
2024-05-07 10:00:00+08:00,74.0999984741211,74.19999694824219,73.69999694824219,74.0999984741211,94670,0.0,0.0
2024-05-07 11:00:00+08:00,74.0,74.0999984741211,73.80000305175781,73.80000305175781,65219,0.0,0.0
2024-05-07 12:00:00+08:00,73.80000305175781,74.19999694824219,73.80000305175781,74.0999984741211,75491,0.0,0.0
2024-05-07 13:00:00+08:00,74.0999984741211,74.0999984741211,73.9000015258789,73.9000015258789,45114,0.0,0.0
2024-05-08 09:00:00+08:00,74.30000305175781,74.4000015258789,73.69999694824219,73.80000305175781,0,0.0,0.0
2024-05-08 10:00:00+08:00,73.9000015258789,73.9000015258789,73.5,73.5999984741211,64725,0.0,0.0
2024-05-08 11:00:00+08:00,73.5999984741211,73.9000015258789,73.5999984741211,73.80000305175781,26247,0.0,0.0
2024-05-08 12:00:00+08:00,73.80000305175781,73.80000305175781,73.69999694824219,73.80000305175781,18304,0.0,0.0
2024-05-08 13:00:00+08:00,73.80000305175781,73.9000015258789,73.69999694824219,73.9000015258789,14032,0.0,0.0
2024-05-09 09:00:00+08:00,74.19999694824219,74.19999694824219,73.5,73.5999984741211,0,0.0,0.0
2024-05-09 10:00:00+08:00,73.5999984741211,73.5999984741211,73.19999694824219,73.19999694824219,64993,0.0,0.0
2024-05-09 11:00:00+08:00,73.19999694824219,73.4000015258789,73.0999984741211,73.30000305175781,58118,0.0,0.0
2024-05-09 12:00:00+08:00,73.30000305175781,73.4000015258789,73.19999694824219,73.4000015258789,36705,0.0,0.0
2024-05-09 13:00:00+08:00,73.30000305175781,73.30000305175781,73.0999984741211,73.0999984741211,36616,0.0,0.0
2024-05-10 09:00:00+08:00,73.0,73.5,73.0,73.30000305175781,0,0.0,0.0
2024-05-10 10:00:00+08:00,73.19999694824219,73.19999694824219,73.19999694824219,73.19999694824219,4501,0.0,0.0
2024-05-10 11:00:00+08:00,73.19999694824219,73.5,73.19999694824219,73.4000015258789,21242,0.0,0.0
2024-05-10 12:00:00+08:00,73.30000305175781,73.69999694824219,73.30000305175781,73.69999694824219,26106,0.0,0.0
2024-05-10 13:00:00+08:00,73.69999694824219,73.80000305175781,73.5999984741211,73.69999694824219,17648,0.0,0.0
2024-05-13 09:00:00+08:00,73.5,73.80000305175781,73.19999694824219,73.5999984741211,0,0.0,0.0
2024-05-13 10:00:00+08:00,73.5999984741211,73.69999694824219,73.19999694824219,73.30000305175781,33147,0.0,0.0
2024-05-13 11:00:00+08:00,73.30000305175781,73.5,73.30000305175781,73.5,13011,0.0,0.0
2024-05-13 12:00:00+08:00,73.4000015258789,73.4000015258789,73.19999694824219,73.19999694824219,26241,0.0,0.0
2024-05-13 13:00:00+08:00,73.19999694824219,73.4000015258789,73.0999984741211,73.30000305175781,0,0.0,0.0
2024-05-14 09:00:00+08:00,73.0999984741211,73.30000305175781,73.0999984741211,73.30000305175781,21125,0.0,0.0
2024-05-14 10:00:00+08:00,73.30000305175781,73.30000305175781,73.19999694824219,73.19999694824219,10368,0.0,0.0
2024-05-14 11:00:00+08:00,73.19999694824219,73.30000305175781,73.0999984741211,73.30000305175781,13032,0.0,0.0
2024-05-14 12:00:00+08:00,73.30000305175781,73.30000305175781,73.0999984741211,73.0999984741211,39333,0.0,0.0
2024-05-14 13:00:00+08:00,73.0999984741211,73.0999984741211,73.0,73.0999984741211,13240,0.0,0.0
2024-05-15 09:00:00+08:00,73.0999984741211,73.5,73.0,73.4000015258789,0,0.0,0.0
2024-05-15 10:00:00+08:00,73.4000015258789,73.5,73.19999694824219,73.30000305175781,37103,0.0,0.0
2024-05-15 11:00:00+08:00,73.5,73.5,73.0999984741211,73.0999984741211,24396,0.0,0.0
2024-05-15 12:00:00+08:00,73.0999984741211,73.19999694824219,73.0,73.0999984741211,30712,0.0,0.0
2024-05-15 13:00:00+08:00,73.0999984741211,73.0999984741211,73.0,73.0999984741211,12020,0.0,0.0
2024-05-16 09:00:00+08:00,73.30000305175781,73.4000015258789,73.0999984741211,73.30000305175781,30911,0.0,0.0
2024-05-16 10:00:00+08:00,73.19999694824219,73.19999694824219,72.80000305175781,72.80000305175781,83236,0.0,0.0
2024-05-16 11:00:00+08:00,72.80000305175781,73.0,72.69999694824219,72.80000305175781,38928,0.0,0.0
2024-05-16 12:00:00+08:00,72.9000015258789,72.9000015258789,72.80000305175781,72.9000015258789,28382,0.0,0.0
2024-05-16 13:00:00+08:00,72.9000015258789,73.0999984741211,72.9000015258789,72.9000015258789,16005,0.0,0.0
2024-05-17 09:00:00+08:00,72.69999694824219,72.69999694824219,72.30000305175781,72.30000305175781,0,0.0,0.0
2024-05-17 10:00:00+08:00,72.4000015258789,72.5999984741211,72.30000305175781,72.5999984741211,11185,0.0,0.0
2024-05-17 11:00:00+08:00,72.5999984741211,72.5999984741211,72.4000015258789,72.4000015258789,11684,0.0,0.0
2024-05-17 12:00:00+08:00,72.4000015258789,72.5999984741211,72.4000015258789,72.5999984741211,28232,0.0,0.0
2024-05-17 13:00:00+08:00,72.5999984741211,72.69999694824219,72.5999984741211,72.5999984741211,11002,0.0,0.0
2024-05-20 09:00:00+08:00,72.80000305175781,73.0,72.80000305175781,73.0,0,0.0,0.0
2024-05-20 10:00:00+08:00,72.9000015258789,73.0999984741211,72.9000015258789,73.0,24061,0.0,0.0
2024-05-20 11:00:00+08:00,73.0999984741211,73.0999984741211,72.80000305175781,72.80000305175781,25670,0.0,0.0
2024-05-20 12:00:00+08:00,72.9000015258789,72.9000015258789,72.9000015258789,72.9000015258789,10228,0.0,0.0
2024-05-20 13:00:00+08:00,72.9000015258789,72.9000015258789,72.80000305175781,72.9000015258789,14236,0.0,0.0
2024-05-21 09:00:00+08:00,72.80000305175781,72.9000015258789,72.5999984741211,72.80000305175781,0,0.0,0.0
2024-05-21 10:00:00+08:00,72.80000305175781,72.9000015258789,72.69999694824219,72.9000015258789,12285,0.0,0.0
2024-05-21 11:00:00+08:00,72.9000015258789,73.30000305175781,72.9000015258789,73.19999694824219,15041,0.0,0.0
2024-05-21 12:00:00+08:00,73.19999694824219,73.19999694824219,73.0,73.0999984741211,11658,0.0,0.0
2024-05-21 13:00:00+08:00,73.0,73.19999694824219,73.0,73.0999984741211,11000,0.0,0.0
2024-05-22 09:00:00+08:00,73.0999984741211,73.5,73.0999984741211,73.30000305175781,0,0.0,0.0
2024-05-22 10:00:00+08:00,73.30000305175781,73.5,73.0999984741211,73.30000305175781,36495,0.0,0.0
2024-05-22 11:00:00+08:00,73.30000305175781,73.4000015258789,73.30000305175781,73.4000015258789,11058,0.0,0.0
2024-05-22 12:00:00+08:00,73.30000305175781,73.5999984741211,73.30000305175781,73.4000015258789,29265,0.0,0.0
2024-05-22 13:00:00+08:00,73.4000015258789,73.4000015258789,73.30000305175781,73.30000305175781,8325,0.0,0.0
2024-05-23 09:00:00+08:00,73.5999984741211,73.5999984741211,72.4000015258789,72.69999694824219,0,0.0,0.0
2024-05-23 10:00:00+08:00,72.69999694824219,72.9000015258789,72.69999694824219,72.80000305175781,31328,0.0,0.0
2024-05-23 11:00:00+08:00,72.80000305175781,72.80000305175781,72.30000305175781,72.80000305175781,57245,0.0,0.0
2024-05-23 12:00:00+08:00,72.80000305175781,72.80000305175781,72.5999984741211,72.5999984741211,13541,0.0,0.0
2024-05-23 13:00:00+08:00,72.5,72.5999984741211,72.4000015258789,72.5999984741211,13312,0.0,0.0
2024-05-24 09:00:00+08:00,72.0,72.5,71.80000305175781,72.5,50887,0.0,0.0
2024-05-24 10:00:00+08:00,72.5,72.69999694824219,72.5,72.5,11180,0.0,0.0
2024-05-24 11:00:00+08:00,72.5999984741211,72.5999984741211,72.4000015258789,72.4000015258789,10015,0.0,0.0
2024-05-24 12:00:00+08:00,72.4000015258789,72.5999984741211,72.4000015258789,72.5999984741211,13133,0.0,0.0
2024-05-24 13:00:00+08:00,72.5999984741211,72.69999694824219,72.5999984741211,72.5999984741211,6110,0.0,0.0
2024-05-27 09:00:00+08:00,72.5,72.80000305175781,72.5,72.69999694824219,0,0.0,0.0
2024-05-27 10:00:00+08:00,72.80000305175781,73.0,72.80000305175781,72.9000015258789,20048,0.0,0.0
2024-05-27 11:00:00+08:00,73.0,73.0999984741211,73.0,73.0,14251,0.0,0.0
2024-05-27 12:00:00+08:00,73.0,73.0,72.9000015258789,72.9000015258789,9667,0.0,0.0
2024-05-27 13:00:00+08:00,72.9000015258789,73.0,72.80000305175781,73.0,9342,0.0,0.0
2024-05-28 09:00:00+08:00,72.9000015258789,73.19999694824219,72.9000015258789,73.19999694824219,52404,0.0,0.0
2024-05-28 10:00:00+08:00,73.30000305175781,73.4000015258789,73.19999694824219,73.19999694824219,27361,0.0,0.0
2024-05-28 11:00:00+08:00,73.19999694824219,73.30000305175781,73.19999694824219,73.19999694824219,6043,0.0,0.0
2024-05-28 12:00:00+08:00,73.30000305175781,73.4000015258789,73.30000305175781,73.4000015258789,23482,0.0,0.0
2024-05-28 13:00:00+08:00,73.4000015258789,73.4000015258789,73.30000305175781,73.30000305175781,7200,0.0,0.0
2024-05-29 09:00:00+08:00,73.5,74.0,73.0999984741211,73.0999984741211,0,0.0,0.0
2024-05-29 10:00:00+08:00,73.4000015258789,73.4000015258789,73.0999984741211,73.30000305175781,22941,0.0,0.0
2024-05-29 11:00:00+08:00,73.30000305175781,73.30000305175781,73.0,73.19999694824219,18160,0.0,0.0
2024-05-29 12:00:00+08:00,73.19999694824219,73.30000305175781,73.19999694824219,73.19999694824219,16016,0.0,0.0
2024-05-29 13:00:00+08:00,73.19999694824219,73.19999694824219,73.0999984741211,73.19999694824219,13020,0.0,0.0
2024-05-30 09:00:00+08:00,73.19999694824219,73.19999694824219,72.19999694824219,72.9000015258789,0,0.0,0.0
2024-05-30 10:00:00+08:00,72.9000015258789,72.9000015258789,72.80000305175781,72.80000305175781,22000,0.0,0.0
2024-05-30 11:00:00+08:00,72.80000305175781,73.0,72.80000305175781,73.0,6041,0.0,0.0
2024-05-30 12:00:00+08:00,73.0,73.0999984741211,72.9000015258789,73.0,23013,0.0,0.0
2024-05-30 13:00:00+08:00,73.19999694824219,73.19999694824219,72.80000305175781,72.80000305175781,13005,0.0,0.0
2024-05-31 09:00:00+08:00,73.5999984741211,73.5999984741211,73.5,73.5999984741211,0,0.0,0.0
2024-05-31 10:00:00+08:00,73.5999984741211,73.69999694824219,73.4000015258789,73.69999694824219,20935,0.0,0.0
2024-05-31 11:00:00+08:00,73.5,73.5,73.0999984741211,73.0999984741211,34687,0.0,0.0
2024-05-31 12:00:00+08:00,73.19999694824219,73.4000015258789,73.0999984741211,73.4000015258789,17010,0.0,0.0
2024-05-31 13:00:00+08:00,73.4000015258789,73.4000015258789,73.19999694824219,73.4000015258789,14032,0.0,0.0
2024-06-03 09:00:00+08:00,73.5,73.5,73.0999984741211,73.0999984741211,0,0.0,0.0
2024-06-03 10:00:00+08:00,73.19999694824219,73.4000015258789,73.19999694824219,73.30000305175781,20121,0.0,0.0
2024-06-03 11:00:00+08:00,73.30000305175781,73.5,73.30000305175781,73.5,28155,0.0,0.0
2024-06-03 12:00:00+08:00,73.5,73.69999694824219,73.5,73.69999694824219,33258,0.0,0.0
2024-06-03 13:00:00+08:00,73.69999694824219,73.80000305175781,73.69999694824219,73.80000305175781,22054,0.0,0.0
2024-06-04 09:00:00+08:00,73.9000015258789,74.19999694824219,73.5,74.0,0,0.0,0.0
2024-06-04 10:00:00+08:00,74.0,74.0,73.4000015258789,73.69999694824219,64000,0.0,0.0
2024-06-04 11:00:00+08:00,73.69999694824219,73.80000305175781,73.5999984741211,73.5999984741211,32149,0.0,0.0
2024-06-04 12:00:00+08:00,73.5999984741211,73.5999984741211,73.5,73.5999984741211,20519,0.0,0.0
2024-06-04 13:00:00+08:00,73.5,73.5,73.4000015258789,73.4000015258789,20050,0.0,0.0
2024-06-05 09:00:00+08:00,73.4000015258789,73.80000305175781,73.30000305175781,73.5999984741211,0,0.0,0.0
2024-06-05 10:00:00+08:00,73.5999984741211,74.0,73.30000305175781,73.4000015258789,80389,0.0,0.0
2024-06-05 11:00:00+08:00,73.30000305175781,73.4000015258789,73.30000305175781,73.4000015258789,31145,0.0,0.0
2024-06-05 12:00:00+08:00,73.4000015258789,73.5,73.30000305175781,73.5,18239,0.0,0.0
2024-06-05 13:00:00+08:00,73.5999984741211,73.5999984741211,73.4000015258789,73.4000015258789,30281,0.0,0.0
2024-06-06 09:00:00+08:00,74.19999694824219,74.19999694824219,73.5999984741211,73.5999984741211,0,0.0,0.0
2024-06-06 10:00:00+08:00,73.5999984741211,73.5999984741211,73.4000015258789,73.5,57497,0.0,0.0
2024-06-06 11:00:00+08:00,73.5,73.5,73.4000015258789,73.5,55793,0.0,0.0
2024-06-06 12:00:00+08:00,73.5,73.80000305175781,73.5,73.5999984741211,33632,0.0,0.0
2024-06-06 13:00:00+08:00,73.69999694824219,73.69999694824219,73.30000305175781,73.30000305175781,58000,0.0,0.0
2024-06-07 09:00:00+08:00,73.4000015258789,73.69999694824219,73.19999694824219,73.4000015258789,0,0.0,0.0
2024-06-07 10:00:00+08:00,73.4000015258789,73.4000015258789,73.30000305175781,73.4000015258789,24117,0.0,0.0
2024-06-07 11:00:00+08:00,73.4000015258789,73.4000015258789,73.30000305175781,73.30000305175781,9077,0.0,0.0
2024-06-07 12:00:00+08:00,73.4000015258789,73.5,73.19999694824219,73.4000015258789,36459,0.0,0.0
2024-06-07 13:00:00+08:00,73.4000015258789,73.5,73.30000305175781,73.4000015258789,11016,0.0,0.0
2024-06-11 09:00:00+08:00,73.30000305175781,73.5,73.30000305175781,73.30000305175781,0,0.0,0.0
2024-06-11 10:00:00+08:00,73.30000305175781,73.4000015258789,73.30000305175781,73.30000305175781,55290,0.0,0.0
2024-06-11 11:00:00+08:00,73.30000305175781,73.4000015258789,73.19999694824219,73.19999694824219,30102,0.0,0.0
2024-06-11 12:00:00+08:00,73.19999694824219,73.19999694824219,73.0999984741211,73.19999694824219,23125,0.0,0.0
2024-06-11 13:00:00+08:00,73.19999694824219,73.19999694824219,73.19999694824219,73.19999694824219,33009,0.0,0.0
2024-06-12 09:00:00+08:00,72.69999694824219,73.0,72.5,72.5999984741211,0,0.0,0.0
2024-06-12 10:00:00+08:00,72.5999984741211,72.69999694824219,72.5999984741211,72.5999984741211,41599,0.0,0.0
2024-06-12 11:00:00+08:00,72.5999984741211,72.69999694824219,72.5999984741211,72.5999984741211,19321,0.0,0.0
2024-06-12 12:00:00+08:00,72.5999984741211,72.69999694824219,72.5999984741211,72.69999694824219,40434,0.0,0.0
2024-06-12 13:00:00+08:00,72.80000305175781,72.80000305175781,72.5999984741211,72.69999694824219,20120,0.0,0.0
2024-06-13 09:00:00+08:00,73.0,73.5,72.80000305175781,73.4000015258789,0,0.0,0.0
2024-06-13 10:00:00+08:00,73.30000305175781,73.30000305175781,73.0999984741211,73.19999694824219,15097,0.0,0.0
2024-06-13 11:00:00+08:00,73.19999694824219,73.5999984741211,73.0,73.5,91120,0.0,0.0
2024-06-13 12:00:00+08:00,73.5,73.5999984741211,73.4000015258789,73.4000015258789,36776,0.0,0.0
2024-06-13 13:00:00+08:00,73.4000015258789,73.5,73.30000305175781,73.30000305175781,16249,0.0,0.0
2024-06-14 09:00:00+08:00,73.0999984741211,73.5999984741211,73.0,73.5999984741211,0,0.0,0.0
2024-06-14 10:00:00+08:00,73.5999984741211,73.5999984741211,73.4000015258789,73.5,45154,0.0,0.0
2024-06-14 11:00:00+08:00,73.5,73.5999984741211,73.5,73.5999984741211,54082,0.0,0.0
2024-06-14 12:00:00+08:00,73.5999984741211,73.5999984741211,73.4000015258789,73.5,63980,0.0,0.0
2024-06-14 13:00:00+08:00,73.5999984741211,73.5999984741211,73.5,73.5999984741211,40159,0.0,0.0
2024-06-17 09:00:00+08:00,73.9000015258789,73.9000015258789,73.5999984741211,73.5999984741211,0,0.0,0.0
2024-06-17 10:00:00+08:00,73.69999694824219,73.69999694824219,73.5999984741211,73.69999694824219,94087,0.0,0.0
2024-06-17 11:00:00+08:00,73.69999694824219,73.9000015258789,73.69999694824219,73.80000305175781,131849,0.0,0.0
2024-06-17 12:00:00+08:00,73.80000305175781,73.80000305175781,73.5999984741211,73.80000305175781,214441,0.0,0.0
2024-06-17 13:00:00+08:00,73.69999694824219,73.80000305175781,73.69999694824219,73.80000305175781,90351,0.0,0.0
2024-06-18 09:00:00+08:00,69.5,69.5999984741211,69.4000015258789,69.5,0,0.0,0.0
2024-06-18 10:00:00+08:00,69.5,69.5,69.30000305175781,69.4000015258789,116622,0.0,0.0
2024-06-18 11:00:00+08:00,69.30000305175781,69.4000015258789,69.30000305175781,69.4000015258789,36849,0.0,0.0
2024-06-18 12:00:00+08:00,69.5,69.5,69.4000015258789,69.5,81627,0.0,0.0
2024-06-18 13:00:00+08:00,69.5,69.5999984741211,69.4000015258789,69.5999984741211,18514,0.0,0.0
2024-06-19 09:00:00+08:00,69.5,69.9000015258789,69.5,69.69999694824219,0,0.0,0.0
2024-06-19 10:00:00+08:00,69.80000305175781,69.80000305175781,69.5999984741211,69.5999984741211,36763,0.0,0.0
2024-06-19 11:00:00+08:00,69.5999984741211,69.69999694824219,69.5999984741211,69.69999694824219,13575,0.0,0.0
2024-06-19 12:00:00+08:00,69.69999694824219,69.9000015258789,69.5999984741211,69.80000305175781,62013,0.0,0.0
2024-06-19 13:00:00+08:00,69.9000015258789,70.0,69.9000015258789,69.9000015258789,15582,0.0,0.0
2024-06-20 09:00:00+08:00,69.80000305175781,70.0,69.80000305175781,69.9000015258789,0,0.0,0.0
2024-06-20 10:00:00+08:00,69.80000305175781,70.0,69.80000305175781,70.0,29069,0.0,0.0
2024-06-20 11:00:00+08:00,69.9000015258789,69.9000015258789,69.80000305175781,69.9000015258789,18197,0.0,0.0
2024-06-20 12:00:00+08:00,69.9000015258789,69.9000015258789,69.80000305175781,69.9000015258789,26893,0.0,0.0
2024-06-20 13:00:00+08:00,69.9000015258789,69.9000015258789,69.80000305175781,69.80000305175781,20515,0.0,0.0
2024-06-21 09:00:00+08:00,69.5999984741211,70.0,69.5,70.0,0,0.0,0.0
2024-06-21 10:00:00+08:00,70.0999984741211,70.4000015258789,70.0,70.19999694824219,48051,0.0,0.0
2024-06-21 11:00:00+08:00,70.19999694824219,70.19999694824219,70.0,70.0,23748,0.0,0.0
2024-06-21 12:00:00+08:00,70.0,70.4000015258789,70.0,70.4000015258789,21286,0.0,0.0
2024-06-21 13:00:00+08:00,70.4000015258789,70.5,70.30000305175781,70.4000015258789,27105,0.0,0.0
2024-06-24 09:00:00+08:00,70.5999984741211,70.5999984741211,70.0,70.19999694824219,0,0.0,0.0
2024-06-24 10:00:00+08:00,70.19999694824219,70.19999694824219,70.0999984741211,70.19999694824219,10384,0.0,0.0
2024-06-24 11:00:00+08:00,70.19999694824219,70.19999694824219,69.9000015258789,69.9000015258789,36100,0.0,0.0
2024-06-24 12:00:00+08:00,70.0,70.0,69.80000305175781,69.80000305175781,43122,0.0,0.0
2024-06-24 13:00:00+08:00,70.0,70.30000305175781,70.0,70.0999984741211,20402,0.0,0.0
2024-06-25 09:00:00+08:00,69.80000305175781,69.80000305175781,69.4000015258789,69.80000305175781,0,0.0,0.0
2024-06-25 10:00:00+08:00,69.80000305175781,69.80000305175781,69.69999694824219,69.69999694824219,12000,0.0,0.0
2024-06-25 11:00:00+08:00,69.80000305175781,69.80000305175781,69.69999694824219,69.80000305175781,12102,0.0,0.0
2024-06-25 12:00:00+08:00,69.80000305175781,69.9000015258789,69.80000305175781,69.9000015258789,7021,0.0,0.0
2024-06-25 13:00:00+08:00,69.9000015258789,69.9000015258789,69.80000305175781,69.80000305175781,9001,0.0,0.0
2024-06-26 09:00:00+08:00,70.0,70.0,69.69999694824219,69.69999694824219,8000,0.0,0.0
2024-06-26 10:00:00+08:00,69.69999694824219,69.80000305175781,69.5999984741211,69.80000305175781,19085,0.0,0.0
2024-06-26 11:00:00+08:00,69.80000305175781,69.80000305175781,69.69999694824219,69.69999694824219,25062,0.0,0.0
2024-06-26 12:00:00+08:00,69.69999694824219,69.80000305175781,69.5999984741211,69.5999984741211,59451,0.0,0.0
2024-06-26 13:00:00+08:00,69.5999984741211,69.69999694824219,69.5999984741211,69.69999694824219,6001,0.0,0.0
2024-06-27 09:00:00+08:00,69.80000305175781,69.80000305175781,69.5,69.69999694824219,0,0.0,0.0
2024-06-27 10:00:00+08:00,69.5999984741211,69.69999694824219,69.5999984741211,69.69999694824219,21132,0.0,0.0
2024-06-27 11:00:00+08:00,69.69999694824219,69.80000305175781,69.69999694824219,69.80000305175781,21521,0.0,0.0
2024-06-27 12:00:00+08:00,69.80000305175781,69.80000305175781,69.80000305175781,69.80000305175781,4031,0.0,0.0
2024-06-27 13:00:00+08:00,69.80000305175781,70.0,69.80000305175781,70.0,11318,0.0,0.0
2024-06-28 09:00:00+08:00,69.69999694824219,69.9000015258789,69.69999694824219,69.9000015258789,0,0.0,0.0
2024-06-28 10:00:00+08:00,70.0,70.0999984741211,69.9000015258789,70.0,42219,0.0,0.0
2024-06-28 11:00:00+08:00,70.0,70.0,70.0,70.0,19066,0.0,0.0
2024-06-28 12:00:00+08:00,70.0,70.0,69.5999984741211,69.69999694824219,97142,0.0,0.0
2024-06-28 13:00:00+08:00,69.69999694824219,69.69999694824219,69.69999694824219,69.69999694824219,3201,0.0,0.0
2024-07-01 09:00:00+08:00,70.0,70.5,69.9000015258789,70.4000015258789,0,0.0,0.0
2024-07-01 10:00:00+08:00,70.4000015258789,70.5999984741211,70.4000015258789,70.4000015258789,55221,0.0,0.0
2024-07-01 11:00:00+08:00,70.30000305175781,70.30000305175781,70.30000305175781,70.30000305175781,22058,0.0,0.0
2024-07-01 12:00:00+08:00,70.30000305175781,70.4000015258789,70.30000305175781,70.30000305175781,14275,0.0,0.0
2024-07-01 13:00:00+08:00,70.30000305175781,70.30000305175781,70.0999984741211,70.0999984741211,35000,0.0,0.0
2024-07-02 09:00:00+08:00,70.4000015258789,70.4000015258789,70.19999694824219,70.30000305175781,0,0.0,0.0
2024-07-02 10:00:00+08:00,70.30000305175781,70.5,70.30000305175781,70.4000015258789,22262,0.0,0.0
2024-07-02 11:00:00+08:00,70.5999984741211,70.5999984741211,70.5,70.5,22342,0.0,0.0
2024-07-02 12:00:00+08:00,70.4000015258789,70.5,70.30000305175781,70.30000305175781,31952,0.0,0.0
2024-07-02 13:00:00+08:00,70.4000015258789,70.5999984741211,70.4000015258789,70.5999984741211,16100,0.0,0.0
2024-07-03 09:00:00+08:00,70.0999984741211,70.69999694824219,70.0999984741211,70.5,24241,0.0,0.0
2024-07-03 10:00:00+08:00,70.5,70.5999984741211,70.4000015258789,70.4000015258789,42409,0.0,0.0
2024-07-03 11:00:00+08:00,70.5,70.5999984741211,70.5,70.5,43000,0.0,0.0
2024-07-03 12:00:00+08:00,70.5,70.5,70.5,70.5,12001,0.0,0.0
2024-07-03 13:00:00+08:00,70.5,70.69999694824219,70.5,70.69999694824219,23624,0.0,0.0
2024-07-04 09:00:00+08:00,73.5999984741211,76.0,73.4000015258789,74.19999694824219,828902,0.0,0.0
2024-07-04 10:00:00+08:00,74.19999694824219,74.30000305175781,73.5999984741211,73.69999694824219,119993,0.0,0.0
2024-07-04 11:00:00+08:00,73.69999694824219,73.80000305175781,73.4000015258789,73.80000305175781,92125,0.0,0.0
2024-07-04 12:00:00+08:00,73.9000015258789,74.0,73.19999694824219,73.4000015258789,115064,0.0,0.0
2024-07-04 13:00:00+08:00,73.4000015258789,73.4000015258789,72.9000015258789,73.0999984741211,84348,0.0,0.0
2024-07-05 09:00:00+08:00,73.5999984741211,73.69999694824219,73.0999984741211,73.19999694824219,0,0.0,0.0
2024-07-05 10:00:00+08:00,73.19999694824219,73.80000305175781,73.19999694824219,73.80000305175781,50341,0.0,0.0
2024-07-05 11:00:00+08:00,73.80000305175781,74.19999694824219,73.69999694824219,73.80000305175781,90444,0.0,0.0
2024-07-05 12:00:00+08:00,73.80000305175781,73.80000305175781,73.69999694824219,73.69999694824219,49211,0.0,0.0
2024-07-05 13:00:00+08:00,73.69999694824219,73.80000305175781,73.5999984741211,73.5999984741211,16417,0.0,0.0
2024-07-08 09:00:00+08:00,74.4000015258789,74.4000015258789,73.69999694824219,73.80000305175781,0,0.0,0.0
2024-07-08 10:00:00+08:00,73.80000305175781,73.80000305175781,73.5999984741211,73.5999984741211,74654,0.0,0.0
2024-07-08 11:00:00+08:00,73.69999694824219,73.9000015258789,73.69999694824219,73.69999694824219,27694,0.0,0.0
2024-07-08 12:00:00+08:00,73.80000305175781,73.80000305175781,73.5999984741211,73.80000305175781,26164,0.0,0.0
2024-07-08 13:00:00+08:00,73.80000305175781,73.80000305175781,73.69999694824219,73.80000305175781,20837,0.0,0.0
2024-07-09 09:00:00+08:00,73.5,73.69999694824219,73.0,73.0,115210,0.0,0.0
2024-07-09 10:00:00+08:00,73.0,74.19999694824219,72.80000305175781,73.5,110726,0.0,0.0
2024-07-09 11:00:00+08:00,73.80000305175781,73.80000305175781,73.19999694824219,73.19999694824219,13070,0.0,0.0
2024-07-09 12:00:00+08:00,73.19999694824219,73.30000305175781,73.19999694824219,73.19999694824219,8269,0.0,0.0
2024-07-09 13:00:00+08:00,73.4000015258789,73.5999984741211,73.19999694824219,73.19999694824219,17051,0.0,0.0
2024-07-10 09:00:00+08:00,74.0,74.0,73.5,73.5,42980,0.0,0.0
2024-07-10 10:00:00+08:00,73.5,73.80000305175781,73.5,73.5999984741211,57412,0.0,0.0
2024-07-10 11:00:00+08:00,73.5999984741211,73.80000305175781,73.4000015258789,73.5,24306,0.0,0.0
2024-07-10 12:00:00+08:00,73.5,73.69999694824219,73.4000015258789,73.5999984741211,48116,0.0,0.0
2024-07-10 13:00:00+08:00,73.5999984741211,73.80000305175781,73.4000015258789,73.5,50141,0.0,0.0
2024-07-11 09:00:00+08:00,74.0999984741211,76.30000305175781,74.0999984741211,75.5,466235,0.0,0.0
2024-07-11 10:00:00+08:00,75.69999694824219,76.0999984741211,75.5,75.9000015258789,353919,0.0,0.0
2024-07-11 11:00:00+08:00,75.9000015258789,76.30000305175781,75.80000305175781,76.19999694824219,197212,0.0,0.0
2024-07-11 12:00:00+08:00,76.30000305175781,76.30000305175781,75.5999984741211,75.9000015258789,92001,0.0,0.0
2024-07-11 13:00:00+08:00,75.9000015258789,75.9000015258789,75.5999984741211,75.80000305175781,33782,0.0,0.0
2024-07-12 09:00:00+08:00,76.0,76.9000015258789,75.5999984741211,75.80000305175781,231569,0.0,0.0
2024-07-12 10:00:00+08:00,75.69999694824219,76.0,75.69999694824219,75.9000015258789,31758,0.0,0.0
2024-07-12 11:00:00+08:00,75.9000015258789,76.0,75.69999694824219,76.0,54584,0.0,0.0
2024-07-12 12:00:00+08:00,75.80000305175781,75.80000305175781,75.19999694824219,75.4000015258789,74487,0.0,0.0
2024-07-12 13:00:00+08:00,75.4000015258789,75.69999694824219,75.4000015258789,75.69999694824219,27386,0.0,0.0
2024-07-15 09:00:00+08:00,78.9000015258789,83.4000015258789,78.80000305175781,83.4000015258789,1444297,0.0,0.0
2024-07-15 10:00:00+08:00,83.4000015258789,83.4000015258789,82.5,83.30000305175781,646592,0.0,0.0
2024-07-15 11:00:00+08:00,83.30000305175781,83.4000015258789,81.5999984741211,81.69999694824219,324605,0.0,0.0
2024-07-15 12:00:00+08:00,81.80000305175781,82.5,80.4000015258789,81.19999694824219,260623,0.0,0.0
2024-07-15 13:00:00+08:00,81.0,81.80000305175781,80.9000015258789,81.80000305175781,93555,0.0,0.0
2024-07-16 09:00:00+08:00,81.4000015258789,81.4000015258789,79.30000305175781,80.5,415021,0.0,0.0
2024-07-16 10:00:00+08:00,80.4000015258789,80.5,79.80000305175781,80.30000305175781,80116,0.0,0.0
2024-07-16 11:00:00+08:00,80.19999694824219,80.80000305175781,79.69999694824219,80.19999694824219,64323,0.0,0.0
2024-07-16 12:00:00+08:00,80.30000305175781,80.30000305175781,80.0999984741211,80.30000305175781,26221,0.0,0.0
2024-07-16 13:00:00+08:00,80.19999694824219,80.30000305175781,80.0999984741211,80.30000305175781,33335,0.0,0.0
2024-07-17 09:00:00+08:00,80.9000015258789,82.0,80.5,80.9000015258789,179416,0.0,0.0
2024-07-17 10:00:00+08:00,80.80000305175781,80.80000305175781,80.19999694824219,80.4000015258789,68368,0.0,0.0
2024-07-17 11:00:00+08:00,80.4000015258789,80.9000015258789,80.30000305175781,80.9000015258789,44790,0.0,0.0
2024-07-17 12:00:00+08:00,80.80000305175781,81.19999694824219,80.80000305175781,80.9000015258789,65799,0.0,0.0
2024-07-17 13:00:00+08:00,80.9000015258789,80.9000015258789,80.4000015258789,80.80000305175781,38348,0.0,0.0
2024-07-18 09:00:00+08:00,79.9000015258789,80.80000305175781,79.30000305175781,80.69999694824219,184515,0.0,0.0
2024-07-18 10:00:00+08:00,80.5999984741211,80.69999694824219,79.5,79.9000015258789,91929,0.0,0.0
2024-07-18 11:00:00+08:00,79.9000015258789,79.9000015258789,79.4000015258789,79.9000015258789,40363,0.0,0.0
2024-07-18 12:00:00+08:00,79.80000305175781,79.9000015258789,79.5,79.9000015258789,53915,0.0,0.0
2024-07-18 13:00:00+08:00,80.0,80.19999694824219,79.9000015258789,80.0,39755,0.0,0.0
2024-07-19 09:00:00+08:00,80.5,80.5,75.80000305175781,76.80000305175781,329993,0.0,0.0
2024-07-19 10:00:00+08:00,76.80000305175781,77.80000305175781,76.4000015258789,77.30000305175781,155750,0.0,0.0
2024-07-19 11:00:00+08:00,77.30000305175781,77.30000305175781,77.0,77.30000305175781,84512,0.0,0.0
2024-07-19 12:00:00+08:00,77.4000015258789,77.4000015258789,77.0,77.0,112615,0.0,0.0
2024-07-19 13:00:00+08:00,77.0,77.19999694824219,76.5999984741211,76.5999984741211,80556,0.0,0.0
2024-07-22 09:00:00+08:00,77.0,77.19999694824219,75.0,75.0,0,0.0,0.0
2024-07-22 10:00:00+08:00,75.0,75.19999694824219,74.69999694824219,75.0,82708,0.0,0.0
2024-07-22 11:00:00+08:00,75.0999984741211,75.80000305175781,75.0999984741211,75.30000305175781,60620,0.0,0.0
2024-07-22 12:00:00+08:00,75.19999694824219,75.19999694824219,74.80000305175781,74.9000015258789,112192,0.0,0.0
2024-07-22 13:00:00+08:00,74.9000015258789,75.0999984741211,74.80000305175781,74.9000015258789,52103,0.0,0.0
2024-07-23 09:00:00+08:00,75.9000015258789,76.0,75.5999984741211,75.80000305175781,73095,0.0,0.0
2024-07-23 10:00:00+08:00,75.69999694824219,76.0999984741211,75.5,75.69999694824219,81310,0.0,0.0
2024-07-23 11:00:00+08:00,75.80000305175781,75.80000305175781,75.30000305175781,75.5,25113,0.0,0.0
2024-07-23 12:00:00+08:00,75.5999984741211,75.69999694824219,75.30000305175781,75.5999984741211,105322,0.0,0.0
2024-07-23 13:00:00+08:00,75.5999984741211,75.9000015258789,75.5999984741211,75.9000015258789,43678,0.0,0.0
2024-07-26 09:00:00+08:00,75.19999694824219,75.30000305175781,74.0,75.0,0,0.0,0.0
2024-07-26 10:00:00+08:00,75.0999984741211,75.9000015258789,75.0999984741211,75.5,77023,0.0,0.0
2024-07-26 11:00:00+08:00,75.5,76.0,75.5,75.9000015258789,28380,0.0,0.0
2024-07-26 12:00:00+08:00,75.80000305175781,77.0,75.69999694824219,76.80000305175781,79629,0.0,0.0
2024-07-26 13:00:00+08:00,76.5999984741211,76.80000305175781,76.5,76.80000305175781,19449,0.0,0.0
2024-07-29 09:00:00+08:00,78.0,80.30000305175781,77.9000015258789,78.69999694824219,0,0.0,0.0
2024-07-29 10:00:00+08:00,78.80000305175781,78.9000015258789,77.9000015258789,78.0,76221,0.0,0.0
2024-07-29 11:00:00+08:00,78.19999694824219,79.19999694824219,78.19999694824219,79.0999984741211,36337,0.0,0.0
2024-07-29 12:00:00+08:00,79.0,79.0999984741211,78.5,78.5999984741211,34989,0.0,0.0
2024-07-29 13:00:00+08:00,78.5,78.69999694824219,78.19999694824219,78.5999984741211,42671,0.0,0.0
2024-07-30 09:00:00+08:00,74.9000015258789,74.9000015258789,72.30000305175781,74.19999694824219,579424,0.0,0.0
2024-07-30 10:00:00+08:00,74.19999694824219,74.5,73.80000305175781,73.9000015258789,95915,0.0,0.0
2024-07-30 11:00:00+08:00,73.9000015258789,74.30000305175781,73.5999984741211,74.30000305175781,83175,0.0,0.0
2024-07-30 12:00:00+08:00,74.19999694824219,75.30000305175781,74.19999694824219,75.19999694824219,69388,0.0,0.0
2024-07-30 13:00:00+08:00,75.19999694824219,75.69999694824219,75.0999984741211,75.19999694824219,76010,0.0,0.0
2024-07-31 09:00:00+08:00,74.5999984741211,75.5,74.19999694824219,74.80000305175781,57779,0.0,0.0
2024-07-31 10:00:00+08:00,74.80000305175781,75.30000305175781,74.69999694824219,75.0,28112,0.0,0.0
2024-07-31 11:00:00+08:00,74.9000015258789,74.9000015258789,74.5,74.5,18071,0.0,0.0
2024-07-31 12:00:00+08:00,74.5999984741211,74.69999694824219,74.5999984741211,74.5999984741211,22198,0.0,0.0
2024-07-31 13:00:00+08:00,74.5,74.69999694824219,74.5,74.5,19100,0.0,0.0
2024-08-01 09:00:00+08:00,74.69999694824219,75.5,74.69999694824219,75.0999984741211,99000,0.0,0.0
2024-08-01 10:00:00+08:00,75.0,75.30000305175781,74.69999694824219,75.30000305175781,65225,0.0,0.0
2024-08-01 11:00:00+08:00,75.30000305175781,75.5,75.19999694824219,75.4000015258789,30112,0.0,0.0
2024-08-01 12:00:00+08:00,75.5,75.69999694824219,75.30000305175781,75.5,56382,0.0,0.0
2024-08-01 13:00:00+08:00,75.5,75.5999984741211,75.5,75.5,14500,0.0,0.0
2024-08-02 09:00:00+08:00,74.9000015258789,74.9000015258789,74.0999984741211,74.9000015258789,61810,0.0,0.0
2024-08-02 10:00:00+08:00,74.9000015258789,74.9000015258789,74.4000015258789,74.4000015258789,34201,0.0,0.0
2024-08-02 11:00:00+08:00,74.5,74.5,74.4000015258789,74.5,29218,0.0,0.0
2024-08-02 12:00:00+08:00,74.4000015258789,74.4000015258789,73.80000305175781,73.80000305175781,102747,0.0,0.0
2024-08-02 13:00:00+08:00,73.69999694824219,73.9000015258789,73.5999984741211,73.80000305175781,37849,0.0,0.0
2024-08-05 09:00:00+08:00,71.19999694824219,71.5,69.0999984741211,69.30000305175781,77063,0.0,0.0
2024-08-05 10:00:00+08:00,69.30000305175781,70.5,69.19999694824219,69.9000015258789,183142,0.0,0.0
2024-08-05 11:00:00+08:00,69.80000305175781,70.19999694824219,69.5,69.5999984741211,46103,0.0,0.0
2024-08-05 12:00:00+08:00,69.5,69.5,68.69999694824219,68.9000015258789,0,0.0,0.0
2024-08-05 13:00:00+08:00,69.0,69.5,68.9000015258789,69.30000305175781,783078,0.0,0.0
2024-08-06 09:00:00+08:00,72.4000015258789,72.4000015258789,68.30000305175781,69.19999694824219,363110,0.0,0.0
2024-08-06 10:00:00+08:00,69.9000015258789,71.30000305175781,69.9000015258789,71.19999694824219,133172,0.0,0.0
2024-08-06 11:00:00+08:00,71.30000305175781,73.4000015258789,71.30000305175781,73.0,250595,0.0,0.0
2024-08-06 12:00:00+08:00,73.0,73.0999984741211,72.4000015258789,72.4000015258789,109673,0.0,0.0
2024-08-06 13:00:00+08:00,72.4000015258789,72.5,71.69999694824219,72.4000015258789,61056,0.0,0.0
2024-08-07 09:00:00+08:00,73.0,74.0,72.80000305175781,73.80000305175781,154223,0.0,0.0
2024-08-07 10:00:00+08:00,73.80000305175781,74.19999694824219,73.5999984741211,73.5999984741211,102429,0.0,0.0
2024-08-07 11:00:00+08:00,73.69999694824219,74.19999694824219,73.5,74.0999984741211,66701,0.0,0.0
2024-08-07 12:00:00+08:00,74.0999984741211,75.19999694824219,74.0999984741211,74.0999984741211,137897,0.0,0.0
2024-08-07 13:00:00+08:00,74.19999694824219,74.5999984741211,74.0,74.4000015258789,55065,0.0,0.0
2024-08-08 09:00:00+08:00,73.9000015258789,74.4000015258789,73.4000015258789,74.0999984741211,114004,0.0,0.0
2024-08-08 10:00:00+08:00,74.0,74.4000015258789,74.0,74.0,22628,0.0,0.0
2024-08-08 11:00:00+08:00,74.0,74.4000015258789,74.0,74.4000015258789,19434,0.0,0.0
2024-08-08 12:00:00+08:00,74.30000305175781,74.30000305175781,73.9000015258789,73.9000015258789,25078,0.0,0.0
2024-08-08 13:00:00+08:00,74.0,74.0,73.69999694824219,73.69999694824219,16201,0.0,0.0
2024-08-09 09:00:00+08:00,75.0,76.5999984741211,75.0,75.80000305175781,177840,0.0,0.0
2024-08-09 10:00:00+08:00,75.69999694824219,75.69999694824219,75.5,75.69999694824219,17047,0.0,0.0
2024-08-09 11:00:00+08:00,75.5,75.5999984741211,74.80000305175781,75.0,39131,0.0,0.0
2024-08-09 12:00:00+08:00,75.0,75.0,74.30000305175781,74.30000305175781,69612,0.0,0.0
2024-08-09 13:00:00+08:00,74.5,74.5999984741211,74.30000305175781,74.4000015258789,36010,0.0,0.0
2024-08-12 09:00:00+08:00,75.0,76.80000305175781,74.9000015258789,76.0,0,0.0,0.0
2024-08-12 10:00:00+08:00,76.0,77.4000015258789,76.0,77.4000015258789,133379,0.0,0.0
2024-08-12 11:00:00+08:00,77.30000305175781,78.30000305175781,77.0999984741211,77.69999694824219,122933,0.0,0.0
2024-08-12 12:00:00+08:00,77.80000305175781,77.80000305175781,77.19999694824219,77.19999694824219,24473,0.0,0.0
2024-08-12 13:00:00+08:00,77.30000305175781,77.5,77.0999984741211,77.0999984741211,16106,0.0,0.0
2024-08-13 09:00:00+08:00,77.69999694824219,79.9000015258789,77.19999694824219,78.69999694824219,305191,0.0,0.0
2024-08-13 10:00:00+08:00,78.5999984741211,79.5,78.5999984741211,79.0999984741211,137860,0.0,0.0
2024-08-13 11:00:00+08:00,79.19999694824219,79.5999984741211,79.0,79.0,135777,0.0,0.0
2024-08-13 12:00:00+08:00,79.0999984741211,79.5,78.4000015258789,79.30000305175781,157907,0.0,0.0
2024-08-13 13:00:00+08:00,79.30000305175781,79.4000015258789,79.0,79.4000015258789,54116,0.0,0.0
2024-08-14 09:00:00+08:00,80.19999694824219,80.4000015258789,78.9000015258789,79.0999984741211,276297,0.0,0.0
2024-08-14 10:00:00+08:00,79.0,79.30000305175781,78.5999984741211,79.0,95074,0.0,0.0
2024-08-14 11:00:00+08:00,79.19999694824219,79.19999694824219,78.5999984741211,78.5999984741211,22277,0.0,0.0
2024-08-14 12:00:00+08:00,78.80000305175781,79.0,78.5999984741211,78.5999984741211,40155,0.0,0.0
2024-08-14 13:00:00+08:00,78.5999984741211,78.80000305175781,78.5,78.5999984741211,67802,0.0,0.0
2024-08-15 09:00:00+08:00,78.80000305175781,78.80000305175781,77.30000305175781,77.5999984741211,137463,0.0,0.0
2024-08-15 10:00:00+08:00,77.69999694824219,79.80000305175781,77.5,79.30000305175781,297145,0.0,0.0
2024-08-15 11:00:00+08:00,79.19999694824219,79.4000015258789,79.0,79.30000305175781,51032,0.0,0.0
2024-08-15 12:00:00+08:00,79.30000305175781,79.69999694824219,78.4000015258789,78.4000015258789,112316,0.0,0.0
2024-08-15 13:00:00+08:00,78.4000015258789,79.5999984741211,78.4000015258789,79.0,226374,0.0,0.0
2024-08-16 09:00:00+08:00,79.80000305175781,80.5,79.30000305175781,79.30000305175781,301998,0.0,0.0
2024-08-16 10:00:00+08:00,79.4000015258789,79.5999984741211,79.19999694824219,79.19999694824219,52207,0.0,0.0
2024-08-16 11:00:00+08:00,79.0999984741211,79.19999694824219,79.0999984741211,79.0999984741211,23988,0.0,0.0
2024-08-16 12:00:00+08:00,79.0999984741211,79.0999984741211,78.5999984741211,78.69999694824219,83346,0.0,0.0
2024-08-16 13:00:00+08:00,78.80000305175781,79.5,78.5999984741211,79.0999984741211,62255,0.0,0.0
2024-08-19 09:00:00+08:00,79.4000015258789,80.4000015258789,78.5,80.30000305175781,241969,0.0,0.0
2024-08-19 10:00:00+08:00,80.30000305175781,80.69999694824219,80.0,80.5,251344,0.0,0.0
2024-08-19 11:00:00+08:00,80.5,81.0,80.4000015258789,80.9000015258789,155200,0.0,0.0
2024-08-19 12:00:00+08:00,80.80000305175781,80.9000015258789,80.4000015258789,80.5,87066,0.0,0.0
2024-08-19 13:00:00+08:00,80.5999984741211,81.0,80.5,81.0,76419,0.0,0.0
2024-08-20 09:00:00+08:00,81.4000015258789,81.69999694824219,80.5999984741211,80.80000305175781,204044,0.0,0.0
2024-08-20 10:00:00+08:00,80.80000305175781,81.30000305175781,80.69999694824219,80.9000015258789,203794,0.0,0.0
2024-08-20 11:00:00+08:00,81.0,81.0,80.5999984741211,80.5999984741211,44656,0.0,0.0
2024-08-20 12:00:00+08:00,80.69999694824219,80.9000015258789,80.5999984741211,80.69999694824219,30878,0.0,0.0
2024-08-20 13:00:00+08:00,80.80000305175781,80.80000305175781,80.5999984741211,80.80000305175781,36001,0.0,0.0
2024-08-21 09:00:00+08:00,80.9000015258789,82.5,80.0,81.5999984741211,416728,0.0,0.0
2024-08-21 10:00:00+08:00,81.5999984741211,82.0999984741211,81.19999694824219,81.9000015258789,142775,0.0,0.0
2024-08-21 11:00:00+08:00,81.5,82.4000015258789,80.5,81.5,149281,0.0,0.0
2024-08-21 12:00:00+08:00,81.5999984741211,82.0999984741211,81.5999984741211,81.9000015258789,48473,0.0,0.0
2024-08-21 13:00:00+08:00,81.5999984741211,81.69999694824219,81.30000305175781,81.4000015258789,45291,0.0,0.0
2024-08-22 09:00:00+08:00,82.30000305175781,82.30000305175781,80.30000305175781,81.0,0,0.0,0.0
2024-08-22 10:00:00+08:00,80.69999694824219,81.30000305175781,80.30000305175781,81.30000305175781,120048,0.0,0.0
2024-08-22 11:00:00+08:00,81.30000305175781,81.5,81.0,81.4000015258789,68127,0.0,0.0
2024-08-22 12:00:00+08:00,81.30000305175781,81.5999984741211,81.19999694824219,81.19999694824219,59856,0.0,0.0
2024-08-22 13:00:00+08:00,81.30000305175781,81.5,81.19999694824219,81.4000015258789,16102,0.0,0.0
2024-08-23 09:00:00+08:00,81.9000015258789,82.30000305175781,81.5999984741211,81.69999694824219,173666,0.0,0.0
2024-08-23 10:00:00+08:00,81.69999694824219,82.19999694824219,81.0,81.0999984741211,106166,0.0,0.0
2024-08-23 11:00:00+08:00,81.0999984741211,81.0999984741211,80.80000305175781,81.0999984741211,28406,0.0,0.0
2024-08-23 12:00:00+08:00,81.0999984741211,81.69999694824219,81.0,81.69999694824219,36226,0.0,0.0
2024-08-23 13:00:00+08:00,81.69999694824219,81.9000015258789,81.5999984741211,81.9000015258789,24110,0.0,0.0
2024-08-26 09:00:00+08:00,82.30000305175781,84.0999984741211,82.30000305175781,82.69999694824219,56960,0.0,0.0
2024-08-26 10:00:00+08:00,82.80000305175781,83.19999694824219,82.19999694824219,83.0,71339,0.0,0.0
2024-08-26 11:00:00+08:00,83.0999984741211,83.5,82.9000015258789,82.9000015258789,105764,0.0,0.0
2024-08-26 12:00:00+08:00,83.0,83.5,83.0,83.19999694824219,67423,0.0,0.0
2024-08-26 13:00:00+08:00,83.19999694824219,83.19999694824219,82.5999984741211,83.0,69281,0.0,0.0
2024-08-27 09:00:00+08:00,83.4000015258789,83.9000015258789,82.9000015258789,83.69999694824219,338800,0.0,0.0
2024-08-27 10:00:00+08:00,83.80000305175781,83.80000305175781,83.0999984741211,83.0999984741211,64382,0.0,0.0
2024-08-27 11:00:00+08:00,83.0999984741211,83.5999984741211,82.9000015258789,83.5,81718,0.0,0.0
2024-08-27 12:00:00+08:00,83.5,83.5,83.4000015258789,83.5,33448,0.0,0.0
2024-08-27 13:00:00+08:00,83.4000015258789,83.5999984741211,83.30000305175781,83.5999984741211,48701,0.0,0.0
2024-08-28 09:00:00+08:00,83.5999984741211,84.4000015258789,83.5999984741211,83.9000015258789,140082,0.0,0.0
2024-08-28 10:00:00+08:00,83.69999694824219,84.0999984741211,83.5,84.0999984741211,40068,0.0,0.0
2024-08-28 11:00:00+08:00,84.0,84.0,83.80000305175781,83.80000305175781,10001,0.0,0.0
2024-08-28 12:00:00+08:00,83.80000305175781,84.0999984741211,83.5999984741211,83.9000015258789,81536,0.0,0.0
2024-08-28 13:00:00+08:00,84.0,84.0999984741211,83.9000015258789,84.0999984741211,18269,0.0,0.0
2024-08-29 09:00:00+08:00,84.19999694824219,84.9000015258789,83.5,84.4000015258789,114305,0.0,0.0
2024-08-29 10:00:00+08:00,84.5,84.9000015258789,84.19999694824219,84.9000015258789,98481,0.0,0.0
2024-08-29 11:00:00+08:00,84.9000015258789,86.9000015258789,84.9000015258789,86.0999984741211,358711,0.0,0.0
2024-08-29 12:00:00+08:00,86.0999984741211,86.5,85.80000305175781,86.19999694824219,59527,0.0,0.0
2024-08-29 13:00:00+08:00,86.19999694824219,86.19999694824219,85.30000305175781,85.30000305175781,48243,0.0,0.0
2024-08-30 09:00:00+08:00,86.30000305175781,86.30000305175781,83.9000015258789,84.0,186428,0.0,0.0
2024-08-30 10:00:00+08:00,84.19999694824219,84.30000305175781,82.9000015258789,83.0999984741211,300465,0.0,0.0
2024-08-30 11:00:00+08:00,83.4000015258789,83.5,83.0999984741211,83.4000015258789,69127,0.0,0.0
2024-08-30 12:00:00+08:00,83.0999984741211,83.5999984741211,83.0,83.5,83887,0.0,0.0
2024-08-30 13:00:00+08:00,83.4000015258789,83.4000015258789,82.9000015258789,83.4000015258789,69441,0.0,0.0
2024-09-02 09:00:00+08:00,83.5,83.9000015258789,82.5,83.4000015258789,150506,0.0,0.0
2024-09-02 10:00:00+08:00,83.4000015258789,85.19999694824219,83.30000305175781,84.69999694824219,154702,0.0,0.0
2024-09-02 11:00:00+08:00,84.69999694824219,84.9000015258789,84.0999984741211,84.5,73848,0.0,0.0
2024-09-02 12:00:00+08:00,84.5,84.5,84.19999694824219,84.4000015258789,16928,0.0,0.0
2024-09-02 13:00:00+08:00,84.30000305175781,84.4000015258789,84.0999984741211,84.4000015258789,19350,0.0,0.0
2024-09-03 09:00:00+08:00,84.9000015258789,84.9000015258789,82.80000305175781,84.19999694824219,0,0.0,0.0
2024-09-03 10:00:00+08:00,84.0999984741211,84.4000015258789,82.80000305175781,82.80000305175781,98414,0.0,0.0
2024-09-03 11:00:00+08:00,82.80000305175781,83.19999694824219,82.0,82.80000305175781,61934,0.0,0.0
2024-09-03 12:00:00+08:00,82.9000015258789,83.0999984741211,82.80000305175781,82.9000015258789,18091,0.0,0.0
2024-09-03 13:00:00+08:00,82.9000015258789,82.9000015258789,82.19999694824219,82.4000015258789,39821,0.0,0.0
2024-09-04 09:00:00+08:00,86.4000015258789,91.0,84.4000015258789,91.0,2618030,0.0,0.0
2024-09-04 10:00:00+08:00,91.0,91.0,91.0,91.0,127519,0.0,0.0
2024-09-04 11:00:00+08:00,91.0,91.0,91.0,91.0,73710,0.0,0.0
2024-09-04 12:00:00+08:00,91.0,91.0,91.0,91.0,47787,0.0,0.0
2024-09-04 13:00:00+08:00,91.0,91.0,91.0,91.0,46271,0.0,0.0
2024-09-05 09:00:00+08:00,99.9000015258789,100.0,97.0999984741211,100.0,1611734,0.0,0.0
2024-09-05 10:00:00+08:00,100.0,100.0,100.0,100.0,52265,0.0,0.0
2024-09-05 11:00:00+08:00,100.0,100.0,100.0,100.0,5165,0.0,0.0
2024-09-05 12:00:00+08:00,100.0,100.0,100.0,100.0,32227,0.0,0.0
2024-09-05 13:00:00+08:00,100.0,100.0,100.0,100.0,16893,0.0,0.0
2024-09-06 09:00:00+08:00,101.5,103.0,95.5999984741211,96.9000015258789,5537145,0.0,0.0
2024-09-06 10:00:00+08:00,96.9000015258789,97.4000015258789,95.0999984741211,97.19999694824219,995202,0.0,0.0
2024-09-06 11:00:00+08:00,97.19999694824219,99.0,97.0999984741211,97.30000305175781,750114,0.0,0.0
2024-09-06 12:00:00+08:00,97.4000015258789,97.4000015258789,95.19999694824219,95.5999984741211,605198,0.0,0.0
2024-09-06 13:00:00+08:00,95.5,97.0999984741211,95.5,96.4000015258789,562761,0.0,0.0
2024-09-09 09:00:00+08:00,96.30000305175781,105.5,95.30000305175781,105.5,0,0.0,0.0
2024-09-09 10:00:00+08:00,105.5,105.5,105.5,105.5,194493,0.0,0.0
2024-09-09 11:00:00+08:00,105.5,105.5,105.5,105.5,46775,0.0,0.0
2024-09-09 12:00:00+08:00,105.5,105.5,105.5,105.5,107196,0.0,0.0
2024-09-09 13:00:00+08:00,105.5,105.5,105.5,105.5,99367,0.0,0.0
2024-09-10 09:00:00+08:00,106.5,108.5,103.0,106.5,6155865,0.0,0.0
2024-09-10 10:00:00+08:00,106.5,107.0,103.5,105.5,1241179,0.0,0.0
2024-09-10 11:00:00+08:00,105.5,106.5,104.0,106.5,665705,0.0,0.0
2024-09-10 12:00:00+08:00,106.5,106.5,102.5,105.5,1363232,0.0,0.0
2024-09-10 13:00:00+08:00,105.0,109.0,105.0,108.0,1780737,0.0,0.0
2024-09-11 09:00:00+08:00,108.5,111.0,106.0,108.5,4243093,0.0,0.0
2024-09-11 10:00:00+08:00,108.5,113.0,108.0,112.0,2958176,0.0,0.0
2024-09-11 11:00:00+08:00,112.0,117.5,109.5,109.5,6372867,0.0,0.0
2024-09-11 12:00:00+08:00,109.5,109.5,107.0,108.5,1978362,0.0,0.0
2024-09-11 13:00:00+08:00,108.5,109.0,107.5,108.0,666464,0.0,0.0
2024-09-12 09:00:00+08:00,109.0,114.0,108.0,111.5,4161519,0.0,0.0
2024-09-12 10:00:00+08:00,111.5,115.0,111.5,114.0,1631350,0.0,0.0
2024-09-12 11:00:00+08:00,114.0,114.0,111.5,112.0,534562,0.0,0.0
2024-09-12 12:00:00+08:00,112.5,114.0,112.0,112.0,506229,0.0,0.0
2024-09-12 13:00:00+08:00,112.0,113.0,111.0,111.0,488865,0.0,0.0
2024-09-13 09:00:00+08:00,111.5,116.0,110.5,113.5,2859238,0.0,0.0
2024-09-13 10:00:00+08:00,113.5,115.5,111.5,114.5,1290327,0.0,0.0
2024-09-13 11:00:00+08:00,114.5,121.0,114.0,121.0,4300470,0.0,0.0
2024-09-13 12:00:00+08:00,121.0,121.0,121.0,121.0,188513,0.0,0.0
2024-09-13 13:00:00+08:00,121.0,121.0,121.0,121.0,60520,0.0,0.0
2024-09-16 09:00:00+08:00,119.0,120.0,114.0,116.0,0,0.0,0.0
2024-09-16 10:00:00+08:00,115.5,116.0,115.0,115.5,901861,0.0,0.0
2024-09-16 11:00:00+08:00,115.5,117.5,115.0,116.0,1038859,0.0,0.0
2024-09-16 12:00:00+08:00,116.0,116.0,113.0,114.5,1277930,0.0,0.0
2024-09-16 13:00:00+08:00,114.5,116.0,114.5,115.5,819078,0.0,0.0
2024-09-18 09:00:00+08:00,115.0,116.0,111.0,112.5,0,0.0,0.0
2024-09-18 10:00:00+08:00,112.5,112.5,111.0,111.5,340637,0.0,0.0
2024-09-18 11:00:00+08:00,111.5,111.5,108.5,110.5,769886,0.0,0.0
2024-09-18 12:00:00+08:00,110.0,110.0,108.5,109.0,471130,0.0,0.0
2024-09-18 13:00:00+08:00,109.0,110.0,108.5,108.5,536512,0.0,0.0
2024-09-19 09:00:00+08:00,109.5,111.5,108.5,110.0,1309358,0.0,0.0
2024-09-19 10:00:00+08:00,110.5,113.5,110.0,111.0,1100984,0.0,0.0
2024-09-19 11:00:00+08:00,111.5,111.5,110.0,110.5,411577,0.0,0.0
2024-09-19 12:00:00+08:00,110.5,111.0,110.0,110.5,295505,0.0,0.0
2024-09-19 13:00:00+08:00,110.5,111.0,108.0,108.5,904778,0.0,0.0
2024-09-20 09:00:00+08:00,111.0,116.0,110.5,113.0,2995510,0.0,0.0
2024-09-20 10:00:00+08:00,113.0,114.0,111.0,111.5,805630,0.0,0.0
2024-09-20 11:00:00+08:00,111.5,111.5,109.0,109.0,651490,0.0,0.0
2024-09-20 12:00:00+08:00,109.0,109.5,108.0,109.0,537322,0.0,0.0
2024-09-20 13:00:00+08:00,109.0,109.5,108.5,108.5,471021,0.0,0.0
2024-09-23 09:00:00+08:00,109.0,111.0,107.0,108.0,0,0.0,0.0
2024-09-23 10:00:00+08:00,108.5,109.5,108.0,109.5,307482,0.0,0.0
2024-09-23 11:00:00+08:00,109.0,109.5,108.0,108.5,168484,0.0,0.0
2024-09-23 12:00:00+08:00,108.0,109.5,108.0,108.5,258671,0.0,0.0
2024-09-23 13:00:00+08:00,108.5,109.5,108.5,109.0,168102,0.0,0.0
2024-09-24 09:00:00+08:00,109.5,113.0,109.0,111.5,2232047,0.0,0.0
2024-09-24 10:00:00+08:00,112.0,112.0,109.0,109.5,669337,0.0,0.0
2024-09-24 11:00:00+08:00,109.5,110.5,108.5,108.5,321605,0.0,0.0
2024-09-24 12:00:00+08:00,108.5,109.0,106.5,106.5,547577,0.0,0.0
2024-09-24 13:00:00+08:00,106.5,107.5,105.5,106.0,713099,0.0,0.0
2024-09-25 09:00:00+08:00,107.0,109.0,105.5,107.0,968077,0.0,0.0
2024-09-25 10:00:00+08:00,107.0,108.5,106.5,108.0,300610,0.0,0.0
2024-09-25 11:00:00+08:00,107.5,108.5,107.0,107.5,105834,0.0,0.0
2024-09-25 12:00:00+08:00,108.0,110.0,107.5,109.0,682321,0.0,0.0
2024-09-25 13:00:00+08:00,109.0,109.5,108.5,109.5,338920,0.0,0.0
2024-09-26 09:00:00+08:00,109.0,109.5,107.0,107.0,0,0.0,0.0
2024-09-26 10:00:00+08:00,107.0,107.5,104.5,105.5,650593,0.0,0.0
2024-09-26 11:00:00+08:00,105.5,106.0,105.0,105.5,206042,0.0,0.0
2024-09-26 12:00:00+08:00,105.5,105.5,102.5,104.0,781446,0.0,0.0
2024-09-26 13:00:00+08:00,104.0,106.5,104.0,105.5,329989,0.0,0.0
2024-09-27 09:00:00+08:00,106.5,106.5,104.0,106.0,520816,0.0,0.0
2024-09-27 10:00:00+08:00,105.5,106.5,104.0,104.5,277931,0.0,0.0
2024-09-27 11:00:00+08:00,105.0,105.5,104.5,105.0,129225,0.0,0.0
2024-09-27 12:00:00+08:00,105.0,106.5,104.5,106.0,316308,0.0,0.0
2024-09-27 13:00:00+08:00,106.0,106.5,105.5,106.5,150979,0.0,0.0
