Datetime,Open,High,Low,Close,Volume,Dividends,Stock Splits
2024-06-20 09:30:00-04:00,8.039999961853027,8.219900131225586,8.039999961853027,8.219900131225586,9489,0.0,0.0
2024-06-20 09:40:00-04:00,8.100000381469727,8.15999984741211,8.100000381469727,8.140000343322754,828,0.0,0.0
2024-06-20 09:45:00-04:00,8.130000114440918,8.149999618530273,8.119999885559082,8.145000457763672,2214,0.0,0.0
2024-06-20 09:50:00-04:00,8.114999771118164,8.140000343322754,8.114999771118164,8.135000228881836,1395,0.0,0.0
2024-06-20 09:55:00-04:00,8.15999984741211,8.170000076293945,8.15999984741211,8.170000076293945,1221,0.0,0.0
2024-06-20 10:00:00-04:00,8.16189956665039,8.180000305175781,8.130000114440918,8.145000457763672,2430,0.0,0.0
2024-06-20 10:05:00-04:00,8.149999618530273,8.149999618530273,8.09000015258789,8.09000015258789,5957,0.0,0.0
2024-06-20 10:10:00-04:00,8.066100120544434,8.066100120544434,8.066100120544434,8.066100120544434,4724,0.0,0.0
2024-06-20 10:15:00-04:00,8.050000190734863,8.050000190734863,8.050000190734863,8.050000190734863,200,0.0,0.0
2024-06-20 10:20:00-04:00,8.050100326538086,8.0600004196167,8.050000190734863,8.0600004196167,6405,0.0,0.0
2024-06-20 10:25:00-04:00,8.100000381469727,8.100000381469727,8.100000381469727,8.100000381469727,1229,0.0,0.0
2024-06-20 10:40:00-04:00,8.119999885559082,8.119999885559082,8.109999656677246,8.11139965057373,667,0.0,0.0
2024-06-20 10:50:00-04:00,8.119999885559082,8.119999885559082,8.100000381469727,8.109399795532227,3918,0.0,0.0
2024-06-20 10:55:00-04:00,8.100000381469727,8.100299835205078,8.100000381469727,8.100000381469727,4556,0.0,0.0
2024-06-20 11:05:00-04:00,8.09000015258789,8.09000015258789,8.079999923706055,8.09000015258789,825,0.0,0.0
2024-06-20 11:10:00-04:00,8.09000015258789,8.09000015258789,8.0600004196167,8.0649995803833,3511,0.0,0.0
2024-06-20 11:15:00-04:00,8.069999694824219,8.085000038146973,8.065400123596191,8.065400123596191,1736,0.0,0.0
2024-06-20 11:20:00-04:00,8.09000015258789,8.109999656677246,8.09000015258789,8.100000381469727,3511,0.0,0.0
2024-06-20 11:25:00-04:00,8.100000381469727,8.100000381469727,8.100000381469727,8.100000381469727,344,0.0,0.0
2024-06-20 11:30:00-04:00,8.100000381469727,8.109999656677246,8.100000381469727,8.109999656677246,2411,0.0,0.0
2024-06-20 11:35:00-04:00,8.119999885559082,8.140000343322754,8.119999885559082,8.140000343322754,1460,0.0,0.0
2024-06-20 11:40:00-04:00,8.149999618530273,8.149999618530273,8.149999618530273,8.149999618530273,672,0.0,0.0
2024-06-20 11:50:00-04:00,8.15999984741211,8.15999984741211,8.154999732971191,8.154999732971191,633,0.0,0.0
2024-06-20 11:55:00-04:00,8.119999885559082,8.119999885559082,8.119999885559082,8.119999885559082,399,0.0,0.0
2024-06-20 12:05:00-04:00,8.140000343322754,8.154999732971191,8.140000343322754,8.149999618530273,693,0.0,0.0
2024-06-20 12:10:00-04:00,8.15999984741211,8.20479965209961,8.15999984741211,8.199999809265137,4152,0.0,0.0
2024-06-20 12:15:00-04:00,8.194999694824219,8.194999694824219,8.194999694824219,8.194999694824219,331,0.0,0.0
2024-06-20 12:20:00-04:00,8.210000038146973,8.25,8.154999732971191,8.175000190734863,11795,0.0,0.0
2024-06-20 12:25:00-04:00,8.15999984741211,8.15999984741211,8.15999984741211,8.15999984741211,71,0.0,0.0
2024-06-20 12:30:00-04:00,8.149999618530273,8.1899995803833,8.145000457763672,8.1899995803833,6576,0.0,0.0
2024-06-20 12:35:00-04:00,8.180000305175781,8.180000305175781,8.180000305175781,8.180000305175781,872,0.0,0.0
2024-06-20 12:40:00-04:00,8.119999885559082,8.119999885559082,8.119999885559082,8.119999885559082,252,0.0,0.0
2024-06-20 12:45:00-04:00,8.119999885559082,8.119999885559082,8.119999885559082,8.119999885559082,208,0.0,0.0
2024-06-20 12:50:00-04:00,8.119999885559082,8.140000343322754,8.119999885559082,8.140000343322754,496,0.0,0.0
2024-06-20 12:55:00-04:00,8.119999885559082,8.135000228881836,8.079999923706055,8.079999923706055,7467,0.0,0.0
2024-06-20 13:00:00-04:00,8.0600004196167,8.09000015258789,8.0600004196167,8.09000015258789,1441,0.0,0.0
2024-06-20 13:05:00-04:00,8.085000038146973,8.085000038146973,8.010000228881836,8.010000228881836,3628,0.0,0.0
2024-06-20 13:10:00-04:00,8.020000457763672,8.020000457763672,8.020000457763672,8.020000457763672,1142,0.0,0.0
2024-06-20 13:15:00-04:00,8.000100135803223,8.001999855041504,8.0,8.0,779,0.0,0.0
2024-06-20 13:20:00-04:00,8.015000343322754,8.015000343322754,8.015000343322754,8.015000343322754,671,0.0,0.0
2024-06-20 13:25:00-04:00,8.0,8.0,7.929999828338623,7.929999828338623,2609,0.0,0.0
2024-06-20 13:30:00-04:00,7.900000095367432,7.900000095367432,7.889999866485596,7.889999866485596,629,0.0,0.0
2024-06-20 13:35:00-04:00,7.880000114440918,7.880000114440918,7.880000114440918,7.880000114440918,1087,0.0,0.0
2024-06-20 13:40:00-04:00,7.869999885559082,7.909999847412109,7.869999885559082,7.909999847412109,2653,0.0,0.0
2024-06-20 13:45:00-04:00,7.909999847412109,7.920000076293945,7.909999847412109,7.920000076293945,1764,0.0,0.0
2024-06-20 13:50:00-04:00,7.900000095367432,7.920000076293945,7.900000095367432,7.909999847412109,1494,0.0,0.0
2024-06-20 14:00:00-04:00,7.929999828338623,7.954999923706055,7.929999828338623,7.932000160217285,934,0.0,0.0
2024-06-20 14:05:00-04:00,7.960000038146973,7.965000152587891,7.960000038146973,7.965000152587891,865,0.0,0.0
2024-06-20 14:10:00-04:00,7.949999809265137,7.949999809265137,7.949999809265137,7.949999809265137,761,0.0,0.0
2024-06-20 14:15:00-04:00,7.949999809265137,7.96999979019165,7.900000095367432,7.909999847412109,7101,0.0,0.0
2024-06-20 14:20:00-04:00,7.889999866485596,7.909999847412109,7.889999866485596,7.889999866485596,554,0.0,0.0
2024-06-20 14:25:00-04:00,7.889999866485596,7.940000057220459,7.889999866485596,7.940000057220459,2306,0.0,0.0
2024-06-20 14:30:00-04:00,7.960000038146973,7.960000038146973,7.945000171661377,7.945000171661377,470,0.0,0.0
2024-06-20 14:35:00-04:00,7.920000076293945,7.925000190734863,7.920000076293945,7.925000190734863,642,0.0,0.0
2024-06-20 14:40:00-04:00,7.909999847412109,7.909999847412109,7.894000053405762,7.909999847412109,2862,0.0,0.0
2024-06-20 14:45:00-04:00,7.869999885559082,7.869999885559082,7.869999885559082,7.869999885559082,269,0.0,0.0
2024-06-20 14:55:00-04:00,7.917200088500977,7.917200088500977,7.889999866485596,7.900000095367432,2908,0.0,0.0
2024-06-20 15:00:00-04:00,7.8867998123168945,7.8867998123168945,7.869999885559082,7.869999885559082,1253,0.0,0.0
2024-06-20 15:05:00-04:00,7.880000114440918,7.880000114440918,7.870100021362305,7.870100021362305,2283,0.0,0.0
2024-06-20 15:10:00-04:00,7.889900207519531,7.894999980926514,7.885000228881836,7.889999866485596,3099,0.0,0.0
2024-06-20 15:15:00-04:00,7.900000095367432,7.900000095367432,7.900000095367432,7.900000095367432,849,0.0,0.0
2024-06-20 15:20:00-04:00,7.902200222015381,7.914999961853027,7.900000095367432,7.914999961853027,6740,0.0,0.0
2024-06-20 15:25:00-04:00,7.920000076293945,7.920000076293945,7.920000076293945,7.920000076293945,991,0.0,0.0
2024-06-20 15:30:00-04:00,7.925000190734863,7.940000057220459,7.925000190734863,7.934999942779541,4993,0.0,0.0
2024-06-20 15:35:00-04:00,7.960000038146973,7.960000038146973,7.949999809265137,7.949999809265137,1920,0.0,0.0
2024-06-20 15:40:00-04:00,7.940000057220459,7.960000038146973,7.940000057220459,7.960000038146973,3794,0.0,0.0
2024-06-20 15:45:00-04:00,7.980000019073486,8.010000228881836,7.96999979019165,8.0,2657,0.0,0.0
2024-06-20 15:50:00-04:00,8.010000228881836,8.104999542236328,8.010000228881836,8.100000381469727,11887,0.0,0.0
2024-06-20 15:55:00-04:00,8.09000015258789,8.100000381469727,7.949999809265137,7.960000038146973,16389,0.0,0.0
2024-06-21 09:30:00-04:00,7.949999809265137,8.010000228881836,7.949999809265137,8.010000228881836,1157,0.0,0.0
2024-06-21 09:35:00-04:00,7.940000057220459,7.940000057220459,7.940000057220459,7.940000057220459,613,0.0,0.0
2024-06-21 09:50:00-04:00,7.817299842834473,7.817299842834473,7.817299842834473,7.817299842834473,154,0.0,0.0
2024-06-21 09:55:00-04:00,7.820000171661377,7.820000171661377,7.690000057220459,7.699999809265137,3030,0.0,0.0
2024-06-21 10:00:00-04:00,7.71999979019165,7.71999979019165,7.71999979019165,7.71999979019165,257,0.0,0.0
2024-06-21 10:05:00-04:00,7.710000038146973,7.71999979019165,7.710000038146973,7.710000038146973,855,0.0,0.0
2024-06-21 10:15:00-04:00,7.739999771118164,7.769999980926514,7.739999771118164,7.763000011444092,1475,0.0,0.0
2024-06-21 10:20:00-04:00,7.760000228881836,7.760000228881836,7.752999782562256,7.752999782562256,803,0.0,0.0
2024-06-21 10:35:00-04:00,7.78000020980835,7.78000020980835,7.760000228881836,7.760000228881836,564,0.0,0.0
2024-06-21 10:45:00-04:00,7.78000020980835,7.800000190734863,7.78000020980835,7.800000190734863,995,0.0,0.0
2024-06-21 10:50:00-04:00,7.815000057220459,7.839900016784668,7.75,7.75,5223,0.0,0.0
2024-06-21 10:55:00-04:00,7.769999980926514,7.769999980926514,7.755000114440918,7.769999980926514,1056,0.0,0.0
2024-06-21 11:00:00-04:00,7.760000228881836,7.78000020980835,7.760000228881836,7.769999980926514,923,0.0,0.0
2024-06-21 11:05:00-04:00,7.75,7.75,7.730000019073486,7.73859977722168,3159,0.0,0.0
2024-06-21 11:10:00-04:00,7.683000087738037,7.710000038146973,7.683000087738037,7.710000038146973,2274,0.0,0.0
2024-06-21 11:30:00-04:00,7.690000057220459,7.690000057220459,7.675000190734863,7.675000190734863,1015,0.0,0.0
2024-06-21 11:35:00-04:00,7.699999809265137,7.699999809265137,7.610000133514404,7.619999885559082,3610,0.0,0.0
2024-06-21 11:40:00-04:00,7.650000095367432,7.650000095367432,7.630000114440918,7.630000114440918,1142,0.0,0.0
2024-06-21 11:45:00-04:00,7.659999847412109,7.690000057220459,7.659999847412109,7.690000057220459,1805,0.0,0.0
2024-06-21 12:00:00-04:00,7.732999801635742,7.744999885559082,7.730000019073486,7.744999885559082,2908,0.0,0.0
2024-06-21 12:05:00-04:00,7.71999979019165,7.71999979019165,7.71999979019165,7.71999979019165,318,0.0,0.0
2024-06-21 12:10:00-04:00,7.730000019073486,7.760000228881836,7.730000019073486,7.760000228881836,1278,0.0,0.0
2024-06-21 12:15:00-04:00,7.743000030517578,7.743000030517578,7.743000030517578,7.743000030517578,208,0.0,0.0
2024-06-21 12:20:00-04:00,7.739999771118164,7.78000020980835,7.739999771118164,7.78000020980835,1205,0.0,0.0
2024-06-21 12:25:00-04:00,7.789999961853027,7.789999961853027,7.789999961853027,7.789999961853027,387,0.0,0.0
2024-06-21 12:30:00-04:00,7.760000228881836,7.760000228881836,7.760000228881836,7.760000228881836,1088,0.0,0.0
2024-06-21 12:35:00-04:00,7.763599872589111,7.78000020980835,7.763599872589111,7.78000020980835,619,0.0,0.0
2024-06-21 12:40:00-04:00,7.789999961853027,7.789999961853027,7.789999961853027,7.789999961853027,1764,0.0,0.0
2024-06-21 12:45:00-04:00,7.78000020980835,7.78000020980835,7.769999980926514,7.78000020980835,1113,0.0,0.0
2024-06-21 12:50:00-04:00,7.761000156402588,7.761000156402588,7.761000156402588,7.761000156402588,583,0.0,0.0
2024-06-21 13:00:00-04:00,7.760000228881836,7.78000020980835,7.760000228881836,7.78000020980835,2559,0.0,0.0
2024-06-21 13:10:00-04:00,7.789999961853027,7.789999961853027,7.78000020980835,7.78000020980835,569,0.0,0.0
2024-06-21 13:15:00-04:00,7.789999961853027,7.789999961853027,7.789999961853027,7.789999961853027,1776,0.0,0.0
2024-06-21 13:25:00-04:00,7.78000020980835,7.78000020980835,7.78000020980835,7.78000020980835,139,0.0,0.0
2024-06-21 13:30:00-04:00,7.769999980926514,7.789999961853027,7.769999980926514,7.78000020980835,1698,0.0,0.0
2024-06-21 13:35:00-04:00,7.769999980926514,7.769999980926514,7.769999980926514,7.769999980926514,662,0.0,0.0
2024-06-21 13:40:00-04:00,7.760000228881836,7.760000228881836,7.760000228881836,7.760000228881836,641,0.0,0.0
2024-06-21 13:45:00-04:00,7.760000228881836,7.789999961853027,7.760000228881836,7.784999847412109,2286,0.0,0.0
2024-06-21 13:50:00-04:00,7.789999961853027,7.809999942779541,7.789999961853027,7.809999942779541,2796,0.0,0.0
2024-06-21 14:10:00-04:00,7.789999961853027,7.789999961853027,7.789999961853027,7.789999961853027,321,0.0,0.0
2024-06-21 14:15:00-04:00,7.800000190734863,7.824999809265137,7.789999961853027,7.789999961853027,2549,0.0,0.0
2024-06-21 14:20:00-04:00,7.78000020980835,7.78000020980835,7.78000020980835,7.78000020980835,178,0.0,0.0
2024-06-21 14:25:00-04:00,7.800000190734863,7.800000190734863,7.800000190734863,7.800000190734863,456,0.0,0.0
2024-06-21 14:30:00-04:00,7.789999961853027,7.789999961853027,7.789999961853027,7.789999961853027,425,0.0,0.0
2024-06-21 14:35:00-04:00,7.78000020980835,7.78000020980835,7.78000020980835,7.78000020980835,914,0.0,0.0
2024-06-21 14:40:00-04:00,7.764999866485596,7.764999866485596,7.764999866485596,7.764999866485596,472,0.0,0.0
2024-06-21 14:45:00-04:00,7.744999885559082,7.760000228881836,7.744999885559082,7.760000228881836,2365,0.0,0.0
2024-06-21 14:55:00-04:00,7.75,7.78000020980835,7.75,7.78000020980835,3176,0.0,0.0
2024-06-21 15:05:00-04:00,7.789999961853027,7.789999961853027,7.764999866485596,7.7692999839782715,2680,0.0,0.0
2024-06-21 15:10:00-04:00,7.769999980926514,7.78000020980835,7.769999980926514,7.78000020980835,1827,0.0,0.0
2024-06-21 15:15:00-04:00,7.789999961853027,7.789999961853027,7.789999961853027,7.789999961853027,1762,0.0,0.0
2024-06-21 15:30:00-04:00,7.809999942779541,7.829999923706055,7.795000076293945,7.829999923706055,2635,0.0,0.0
2024-06-21 15:35:00-04:00,7.829999923706055,7.840000152587891,7.820000171661377,7.840000152587891,2561,0.0,0.0
2024-06-21 15:40:00-04:00,7.835000038146973,7.840000152587891,7.829999923706055,7.829999923706055,2721,0.0,0.0
2024-06-21 15:45:00-04:00,7.820000171661377,7.820000171661377,7.820000171661377,7.820000171661377,479,0.0,0.0
2024-06-21 15:50:00-04:00,7.829999923706055,7.840000152587891,7.829999923706055,7.840000152587891,4705,0.0,0.0
2024-06-21 15:55:00-04:00,7.84499979019165,7.880000114440918,7.809999942779541,7.809999942779541,23664,0.0,0.0
2024-06-24 09:30:00-04:00,7.800000190734863,7.909999847412109,7.800000190734863,7.909999847412109,1791,0.0,0.0
2024-06-24 09:40:00-04:00,7.739999771118164,7.739999771118164,7.739999771118164,7.739999771118164,357,0.0,0.0
2024-06-24 09:45:00-04:00,7.809999942779541,7.809999942779541,7.809999942779541,7.809999942779541,689,0.0,0.0
2024-06-24 09:55:00-04:00,7.829999923706055,7.829999923706055,7.807400226593018,7.807400226593018,408,0.0,0.0
2024-06-24 10:00:00-04:00,7.824999809265137,7.824999809265137,7.824999809265137,7.824999809265137,227,0.0,0.0
2024-06-24 10:10:00-04:00,7.840000152587891,7.840000152587891,7.769999980926514,7.769999980926514,965,0.0,0.0
2024-06-24 10:15:00-04:00,7.760000228881836,7.760000228881836,7.760000228881836,7.760000228881836,835,0.0,0.0
2024-06-24 10:25:00-04:00,7.730000019073486,7.730000019073486,7.690000057220459,7.690000057220459,1207,0.0,0.0
2024-06-24 10:35:00-04:00,7.7210001945495605,7.7210001945495605,7.7210001945495605,7.7210001945495605,1344,0.0,0.0
2024-06-24 10:50:00-04:00,7.679999828338623,7.690000057220459,7.679999828338623,7.690000057220459,1459,0.0,0.0
2024-06-24 10:55:00-04:00,7.690000057220459,7.739999771118164,7.680099964141846,7.680099964141846,3075,0.0,0.0
2024-06-24 11:00:00-04:00,7.679999828338623,7.679999828338623,7.679999828338623,7.679999828338623,364,0.0,0.0
2024-06-24 11:05:00-04:00,7.679999828338623,7.679999828338623,7.679999828338623,7.679999828338623,752,0.0,0.0
2024-06-24 11:15:00-04:00,7.687900066375732,7.687900066375732,7.687900066375732,7.687900066375732,1313,0.0,0.0
2024-06-24 11:25:00-04:00,7.659999847412109,7.659999847412109,7.619999885559082,7.619999885559082,949,0.0,0.0
2024-06-24 11:30:00-04:00,7.570000171661377,7.570000171661377,7.570000171661377,7.570000171661377,1310,0.0,0.0
2024-06-24 11:35:00-04:00,7.579999923706055,7.619999885559082,7.565999984741211,7.619999885559082,9692,0.0,0.0
2024-06-24 11:40:00-04:00,7.599999904632568,7.599999904632568,7.599999904632568,7.599999904632568,350,0.0,0.0
2024-06-24 11:45:00-04:00,7.559999942779541,7.559999942779541,7.559999942779541,7.559999942779541,989,0.0,0.0
2024-06-24 11:50:00-04:00,7.550000190734863,7.557000160217285,7.53000020980835,7.550000190734863,4903,0.0,0.0
2024-06-24 11:55:00-04:00,7.559999942779541,7.559999942779541,7.539999961853027,7.539999961853027,590,0.0,0.0
2024-06-24 12:00:00-04:00,7.539999961853027,7.539999961853027,7.534999847412109,7.539999961853027,1972,0.0,0.0
2024-06-24 12:05:00-04:00,7.53000020980835,7.53000020980835,7.53000020980835,7.53000020980835,1273,0.0,0.0
2024-06-24 12:10:00-04:00,7.53000020980835,7.539999961853027,7.525000095367432,7.525000095367432,5663,0.0,0.0
2024-06-24 12:15:00-04:00,7.519999980926514,7.559999942779541,7.5,7.510000228881836,13803,0.0,0.0
2024-06-24 12:20:00-04:00,7.5,7.5,7.449999809265137,7.5,19088,0.0,0.0
2024-06-24 12:25:00-04:00,7.440000057220459,7.440000057220459,7.440000057220459,7.440000057220459,1162,0.0,0.0
2024-06-24 12:30:00-04:00,7.429999828338623,7.440000057220459,7.414999961853027,7.434999942779541,3801,0.0,0.0
2024-06-24 12:35:00-04:00,7.440000057220459,7.460000038146973,7.434999942779541,7.445000171661377,3488,0.0,0.0
2024-06-24 12:40:00-04:00,7.431600093841553,7.431600093841553,7.431600093841553,7.431600093841553,390,0.0,0.0
2024-06-24 12:45:00-04:00,7.420100212097168,7.420100212097168,7.420100212097168,7.420100212097168,688,0.0,0.0
2024-06-24 12:50:00-04:00,7.440000057220459,7.465000152587891,7.440000057220459,7.465000152587891,2365,0.0,0.0
2024-06-24 12:55:00-04:00,7.46999979019165,7.46999979019165,7.46999979019165,7.46999979019165,1205,0.0,0.0
2024-06-24 13:05:00-04:00,7.46999979019165,7.46999979019165,7.460000038146973,7.460000038146973,1623,0.0,0.0
2024-06-24 13:15:00-04:00,7.46999979019165,7.485000133514404,7.46999979019165,7.46999979019165,3451,0.0,0.0
2024-06-24 13:20:00-04:00,7.449999809265137,7.449999809265137,7.40500020980835,7.40500020980835,2557,0.0,0.0
2024-06-24 13:25:00-04:00,7.409999847412109,7.409999847412109,7.409999847412109,7.409999847412109,406,0.0,0.0
2024-06-24 13:30:00-04:00,7.400000095367432,7.400000095367432,7.400000095367432,7.400000095367432,355,0.0,0.0
2024-06-24 13:35:00-04:00,7.400000095367432,7.400000095367432,7.389999866485596,7.389999866485596,2314,0.0,0.0
2024-06-24 13:45:00-04:00,7.400000095367432,7.400000095367432,7.400000095367432,7.400000095367432,651,0.0,0.0
2024-06-24 13:50:00-04:00,7.409999847412109,7.409999847412109,7.389999866485596,7.389999866485596,5179,0.0,0.0
2024-06-24 13:55:00-04:00,7.389999866485596,7.389999866485596,7.369999885559082,7.380000114440918,1981,0.0,0.0
2024-06-24 14:15:00-04:00,7.360000133514404,7.389999866485596,7.349999904632568,7.369999885559082,6174,0.0,0.0
2024-06-24 14:20:00-04:00,7.380000114440918,7.389999866485596,7.380000114440918,7.389999866485596,411,0.0,0.0
2024-06-24 14:25:00-04:00,7.380000114440918,7.449999809265137,7.380000114440918,7.389999866485596,3317,0.0,0.0
2024-06-24 14:30:00-04:00,7.46999979019165,7.480000019073486,7.46999979019165,7.46999979019165,4617,0.0,0.0
2024-06-24 14:35:00-04:00,7.480000019073486,7.489999771118164,7.480000019073486,7.489999771118164,1727,0.0,0.0
2024-06-24 14:40:00-04:00,7.5,7.550000190734863,7.5,7.510000228881836,5257,0.0,0.0
2024-06-24 14:45:00-04:00,7.519999980926514,7.539999961853027,7.519999980926514,7.53000020980835,5139,0.0,0.0
2024-06-24 14:50:00-04:00,7.533699989318848,7.550000190734863,7.53000020980835,7.53000020980835,6512,0.0,0.0
2024-06-24 15:00:00-04:00,7.53000020980835,7.53000020980835,7.53000020980835,7.53000020980835,1163,0.0,0.0
2024-06-24 15:05:00-04:00,7.534999847412109,7.534999847412109,7.510000228881836,7.519999980926514,5195,0.0,0.0
2024-06-24 15:10:00-04:00,7.53000020980835,7.53000020980835,7.53000020980835,7.53000020980835,325,0.0,0.0
2024-06-24 15:15:00-04:00,7.53000020980835,7.554999828338623,7.53000020980835,7.550000190734863,4456,0.0,0.0
2024-06-24 15:30:00-04:00,7.539999961853027,7.550000190734863,7.53000020980835,7.53000020980835,3212,0.0,0.0
2024-06-24 15:35:00-04:00,7.539999961853027,7.590000152587891,7.539999961853027,7.590000152587891,5821,0.0,0.0
2024-06-24 15:40:00-04:00,7.590000152587891,7.590000152587891,7.574999809265137,7.579999923706055,2550,0.0,0.0
2024-06-24 15:45:00-04:00,7.570000171661377,7.570000171661377,7.550000190734863,7.550000190734863,4359,0.0,0.0
2024-06-24 15:50:00-04:00,7.539999961853027,7.550000190734863,7.527400016784668,7.527400016784668,3548,0.0,0.0
2024-06-24 15:55:00-04:00,7.525000095367432,7.559999942779541,7.489999771118164,7.489999771118164,15476,0.0,0.0
2024-06-25 09:30:00-04:00,7.5,7.53000020980835,7.5,7.53000020980835,2447,0.0,0.0
2024-06-25 09:40:00-04:00,7.46999979019165,7.46999979019165,7.440000057220459,7.440000057220459,1722,0.0,0.0
2024-06-25 10:05:00-04:00,7.380000114440918,7.425000190734863,7.380000114440918,7.425000190734863,855,0.0,0.0
2024-06-25 10:10:00-04:00,7.400000095367432,7.400000095367432,7.400000095367432,7.400000095367432,1432,0.0,0.0
2024-06-25 10:25:00-04:00,7.360000133514404,7.389999866485596,7.360000133514404,7.364999771118164,1990,0.0,0.0
2024-06-25 10:30:00-04:00,7.409999847412109,7.449999809265137,7.409999847412109,7.449999809265137,2496,0.0,0.0
2024-06-25 10:40:00-04:00,7.5,7.5,7.474999904632568,7.474999904632568,1428,0.0,0.0
2024-06-25 10:50:00-04:00,7.46999979019165,7.46999979019165,7.440000057220459,7.440000057220459,1891,0.0,0.0
2024-06-25 10:55:00-04:00,7.440000057220459,7.440000057220459,7.420000076293945,7.434999942779541,527,0.0,0.0
2024-06-25 11:00:00-04:00,7.429999828338623,7.460000038146973,7.429999828338623,7.460000038146973,1547,0.0,0.0
2024-06-25 11:05:00-04:00,7.429999828338623,7.429999828338623,7.429999828338623,7.429999828338623,665,0.0,0.0
2024-06-25 11:15:00-04:00,7.420000076293945,7.420000076293945,7.420000076293945,7.420000076293945,134,0.0,0.0
2024-06-25 11:20:00-04:00,7.409999847412109,7.425000190734863,7.409999847412109,7.420000076293945,1036,0.0,0.0
2024-06-25 11:25:00-04:00,7.420000076293945,7.420000076293945,7.420000076293945,7.420000076293945,319,0.0,0.0
2024-06-25 11:30:00-04:00,7.429999828338623,7.434999942779541,7.429999828338623,7.434999942779541,3259,0.0,0.0
2024-06-25 11:50:00-04:00,7.409999847412109,7.409999847412109,7.320000171661377,7.360000133514404,8677,0.0,0.0
2024-06-25 11:55:00-04:00,7.349999904632568,7.349999904632568,7.349999904632568,7.349999904632568,1550,0.0,0.0
2024-06-25 12:10:00-04:00,7.320000171661377,7.320000171661377,7.300000190734863,7.320000171661377,5851,0.0,0.0
2024-06-25 12:15:00-04:00,7.300000190734863,7.300000190734863,7.199999809265137,7.215000152587891,15339,0.0,0.0
2024-06-25 12:20:00-04:00,7.215000152587891,7.239999771118164,7.179999828338623,7.179999828338623,4210,0.0,0.0
2024-06-25 12:25:00-04:00,7.179999828338623,7.25,7.179999828338623,7.25,6325,0.0,0.0
2024-06-25 12:35:00-04:00,7.228099822998047,7.228099822998047,7.228099822998047,7.228099822998047,363,0.0,0.0
2024-06-25 12:40:00-04:00,7.21999979019165,7.21999979019165,7.190000057220459,7.190000057220459,2354,0.0,0.0
2024-06-25 12:45:00-04:00,7.179999828338623,7.179999828338623,7.179999828338623,7.179999828338623,532,0.0,0.0
2024-06-25 12:50:00-04:00,7.199999809265137,7.25,7.199999809265137,7.25,4627,0.0,0.0
2024-06-25 12:55:00-04:00,7.25,7.260000228881836,7.25,7.260000228881836,500,0.0,0.0
2024-06-25 13:00:00-04:00,7.239999771118164,7.239999771118164,7.21999979019165,7.224999904632568,1836,0.0,0.0
2024-06-25 13:05:00-04:00,7.199999809265137,7.199999809265137,7.199999809265137,7.199999809265137,430,0.0,0.0
2024-06-25 13:10:00-04:00,7.230000019073486,7.230000019073486,7.230000019073486,7.230000019073486,1149,0.0,0.0
2024-06-25 13:15:00-04:00,7.230000019073486,7.230000019073486,7.230000019073486,7.230000019073486,1636,0.0,0.0
2024-06-25 13:20:00-04:00,7.235000133514404,7.25,7.235000133514404,7.25,1822,0.0,0.0
2024-06-25 13:25:00-04:00,7.230000019073486,7.230000019073486,7.230000019073486,7.230000019073486,638,0.0,0.0
2024-06-25 13:40:00-04:00,7.239999771118164,7.28000020980835,7.239999771118164,7.264999866485596,4884,0.0,0.0
2024-06-25 13:50:00-04:00,7.264999866485596,7.264999866485596,7.25,7.260000228881836,3745,0.0,0.0
2024-06-25 13:55:00-04:00,7.260000228881836,7.260000228881836,7.260000228881836,7.260000228881836,535,0.0,0.0
2024-06-25 14:00:00-04:00,7.255000114440918,7.260000228881836,7.235000133514404,7.235000133514404,6101,0.0,0.0
2024-06-25 14:05:00-04:00,7.230000019073486,7.230000019073486,7.170000076293945,7.171000003814697,9096,0.0,0.0
2024-06-25 14:10:00-04:00,7.170000076293945,7.170000076293945,7.130000114440918,7.130000114440918,2483,0.0,0.0
2024-06-25 14:15:00-04:00,7.130000114440918,7.130000114440918,7.119999885559082,7.119999885559082,690,0.0,0.0
2024-06-25 14:20:00-04:00,7.135000228881836,7.150000095367432,7.135000228881836,7.144999980926514,3746,0.0,0.0
2024-06-25 14:25:00-04:00,7.144999980926514,7.170000076293945,7.144999980926514,7.150000095367432,5830,0.0,0.0
2024-06-25 14:30:00-04:00,7.130000114440918,7.139999866485596,7.130000114440918,7.139999866485596,5345,0.0,0.0
2024-06-25 14:40:00-04:00,7.130000114440918,7.150000095367432,7.130000114440918,7.135000228881836,6602,0.0,0.0
2024-06-25 14:45:00-04:00,7.150000095367432,7.150000095367432,7.150000095367432,7.150000095367432,991,0.0,0.0
2024-06-25 14:50:00-04:00,7.15500020980835,7.170000076293945,7.15500020980835,7.159999847412109,9781,0.0,0.0
2024-06-25 14:55:00-04:00,7.150000095367432,7.150000095367432,7.1230998039245605,7.1230998039245605,1309,0.0,0.0
2024-06-25 15:00:00-04:00,7.110000133514404,7.110000133514404,7.070000171661377,7.070000171661377,4383,0.0,0.0
2024-06-25 15:05:00-04:00,7.090000152587891,7.110000133514404,7.090000152587891,7.110000133514404,5663,0.0,0.0
2024-06-25 15:10:00-04:00,7.110000133514404,7.110000133514404,7.090000152587891,7.090000152587891,3200,0.0,0.0
2024-06-25 15:15:00-04:00,7.079999923706055,7.119999885559082,7.079999923706055,7.110000133514404,7495,0.0,0.0
2024-06-25 15:20:00-04:00,7.090000152587891,7.090000152587891,7.070000171661377,7.090000152587891,5700,0.0,0.0
2024-06-25 15:25:00-04:00,7.089900016784668,7.099999904632568,7.080100059509277,7.099999904632568,6594,0.0,0.0
2024-06-25 15:30:00-04:00,7.099999904632568,7.110000133514404,7.092199802398682,7.105000019073486,2358,0.0,0.0
2024-06-25 15:35:00-04:00,7.099999904632568,7.099999904632568,7.059999942779541,7.059999942779541,5032,0.0,0.0
2024-06-25 15:40:00-04:00,7.070000171661377,7.070000171661377,7.039999961853027,7.039999961853027,7599,0.0,0.0
2024-06-25 15:45:00-04:00,7.03000020980835,7.039899826049805,7.019999980926514,7.03000020980835,9826,0.0,0.0
2024-06-25 15:50:00-04:00,7.025000095367432,7.03000020980835,7.010000228881836,7.010000228881836,8561,0.0,0.0
2024-06-25 15:55:00-04:00,7.0,7.059999942779541,7.0,7.059999942779541,27422,0.0,0.0
2024-06-26 09:30:00-04:00,7.070000171661377,7.070000171661377,7.070000171661377,7.070000171661377,2052,0.0,0.0
2024-06-26 09:40:00-04:00,7.14709997177124,7.14709997177124,7.14709997177124,7.14709997177124,202,0.0,0.0
2024-06-26 09:45:00-04:00,7.169899940490723,7.169899940490723,7.130000114440918,7.130000114440918,937,0.0,0.0
2024-06-26 09:50:00-04:00,7.099999904632568,7.119999885559082,7.059999942779541,7.079999923706055,1643,0.0,0.0
2024-06-26 09:55:00-04:00,7.059999942779541,7.059999942779541,7.059999942779541,7.059999942779541,1066,0.0,0.0
2024-06-26 10:00:00-04:00,7.079999923706055,7.139999866485596,7.074999809265137,7.074999809265137,2335,0.0,0.0
2024-06-26 10:05:00-04:00,7.130000114440918,7.130000114440918,7.130000114440918,7.130000114440918,387,0.0,0.0
2024-06-26 10:10:00-04:00,7.090000152587891,7.110000133514404,7.090000152587891,7.110000133514404,411,0.0,0.0
2024-06-26 10:15:00-04:00,7.110000133514404,7.139999866485596,7.110000133514404,7.125,2926,0.0,0.0
2024-06-26 10:20:00-04:00,7.039999961853027,7.039999961853027,6.989999771118164,6.989999771118164,1690,0.0,0.0
2024-06-26 10:25:00-04:00,6.96999979019165,6.96999979019165,6.880000114440918,6.929999828338623,12840,0.0,0.0
2024-06-26 10:30:00-04:00,6.929999828338623,6.954999923706055,6.909999847412109,6.940000057220459,2351,0.0,0.0
2024-06-26 10:35:00-04:00,6.949999809265137,6.974999904632568,6.949999809265137,6.974999904632568,3137,0.0,0.0
2024-06-26 10:45:00-04:00,7.0,7.0,6.980000019073486,6.980000019073486,1362,0.0,0.0
2024-06-26 10:50:00-04:00,7.010000228881836,7.03000020980835,7.010000228881836,7.03000020980835,768,0.0,0.0
2024-06-26 10:55:00-04:00,7.045000076293945,7.053800106048584,7.019999980926514,7.019999980926514,3489,0.0,0.0
2024-06-26 11:00:00-04:00,7.005000114440918,7.005000114440918,7.005000114440918,7.005000114440918,545,0.0,0.0
2024-06-26 11:10:00-04:00,7.010000228881836,7.010000228881836,6.960000038146973,6.960000038146973,3397,0.0,0.0
2024-06-26 11:15:00-04:00,6.954999923706055,6.96999979019165,6.954999923706055,6.960000038146973,2183,0.0,0.0
2024-06-26 11:20:00-04:00,6.954999923706055,6.96999979019165,6.940000057220459,6.965000152587891,2114,0.0,0.0
2024-06-26 11:25:00-04:00,6.960000038146973,6.960000038146973,6.960000038146973,6.960000038146973,863,0.0,0.0
2024-06-26 11:30:00-04:00,6.96999979019165,6.989999771118164,6.96999979019165,6.980000019073486,2156,0.0,0.0
2024-06-26 11:35:00-04:00,6.989999771118164,7.0,6.96999979019165,6.980000019073486,2050,0.0,0.0
2024-06-26 11:40:00-04:00,6.960000038146973,6.96999979019165,6.920000076293945,6.929999828338623,3746,0.0,0.0
2024-06-26 11:45:00-04:00,6.945000171661377,6.949999809265137,6.940000057220459,6.940000057220459,3982,0.0,0.0
2024-06-26 11:50:00-04:00,6.945000171661377,6.96999979019165,6.929999828338623,6.940000057220459,7211,0.0,0.0
2024-06-26 11:55:00-04:00,6.909999847412109,6.909999847412109,6.909999847412109,6.909999847412109,935,0.0,0.0
2024-06-26 12:00:00-04:00,6.900000095367432,6.900000095367432,6.889999866485596,6.889999866485596,1466,0.0,0.0
2024-06-26 12:05:00-04:00,6.875,6.875,6.860000133514404,6.869900226593018,1200,0.0,0.0
2024-06-26 12:10:00-04:00,6.864999771118164,6.869999885559082,6.840000152587891,6.840000152587891,4060,0.0,0.0
2024-06-26 12:20:00-04:00,6.820000171661377,6.849999904632568,6.820000171661377,6.820000171661377,3776,0.0,0.0
2024-06-26 12:30:00-04:00,6.829999923706055,6.840000152587891,6.829999923706055,6.840000152587891,2301,0.0,0.0
2024-06-26 12:35:00-04:00,6.835000038146973,6.869999885559082,6.835000038146973,6.849999904632568,3716,0.0,0.0
2024-06-26 12:40:00-04:00,6.889999866485596,6.920000076293945,6.885000228881836,6.889999866485596,3240,0.0,0.0
2024-06-26 12:45:00-04:00,6.889999866485596,6.889999866485596,6.889999866485596,6.889999866485596,622,0.0,0.0
2024-06-26 12:50:00-04:00,6.880000114440918,6.900000095367432,6.880000114440918,6.885000228881836,2921,0.0,0.0
2024-06-26 12:55:00-04:00,6.885000228881836,6.885000228881836,6.869999885559082,6.869999885559082,1378,0.0,0.0
2024-06-26 13:00:00-04:00,6.869999885559082,6.869999885559082,6.849999904632568,6.849999904632568,4894,0.0,0.0
2024-06-26 13:05:00-04:00,6.840000152587891,6.885000228881836,6.840000152587891,6.869999885559082,2782,0.0,0.0
2024-06-26 13:10:00-04:00,6.869999885559082,6.869999885559082,6.869999885559082,6.869999885559082,2104,0.0,0.0
2024-06-26 13:20:00-04:00,6.880000114440918,6.880000114440918,6.853899955749512,6.853899955749512,1860,0.0,0.0
2024-06-26 13:25:00-04:00,6.860000133514404,6.860000133514404,6.824999809265137,6.849999904632568,5438,0.0,0.0
2024-06-26 13:30:00-04:00,6.875,6.880000114440918,6.875,6.880000114440918,623,0.0,0.0
2024-06-26 13:35:00-04:00,6.880000114440918,6.880000114440918,6.849999904632568,6.860000133514404,1912,0.0,0.0
2024-06-26 13:40:00-04:00,6.849999904632568,6.860000133514404,6.84499979019165,6.860000133514404,5239,0.0,0.0
2024-06-26 13:45:00-04:00,6.860000133514404,6.929999828338623,6.860000133514404,6.920000076293945,5642,0.0,0.0
2024-06-26 13:50:00-04:00,6.929999828338623,6.934999942779541,6.929999828338623,6.934999942779541,2111,0.0,0.0
2024-06-26 13:55:00-04:00,6.929999828338623,6.960000038146973,6.929999828338623,6.934999942779541,3856,0.0,0.0
2024-06-26 14:00:00-04:00,6.940000057220459,6.940000057220459,6.90500020980835,6.90500020980835,2266,0.0,0.0
2024-06-26 14:05:00-04:00,6.90500020980835,6.909999847412109,6.90500020980835,6.909999847412109,766,0.0,0.0
2024-06-26 14:10:00-04:00,6.909999847412109,6.945000171661377,6.900000095367432,6.945000171661377,4205,0.0,0.0
2024-06-26 14:15:00-04:00,6.989999771118164,6.989999771118164,6.989999771118164,6.989999771118164,850,0.0,0.0
2024-06-26 14:20:00-04:00,6.980000019073486,7.010000228881836,6.980000019073486,7.010000228881836,1863,0.0,0.0
2024-06-26 14:25:00-04:00,7.010000228881836,7.010000228881836,7.010000228881836,7.010000228881836,1723,0.0,0.0
2024-06-26 14:30:00-04:00,7.03000020980835,7.059999942779541,7.019999980926514,7.059999942779541,4081,0.0,0.0
2024-06-26 14:35:00-04:00,7.059999942779541,7.090000152587891,7.050000190734863,7.079999923706055,4626,0.0,0.0
2024-06-26 14:40:00-04:00,7.090000152587891,7.090000152587891,7.079999923706055,7.079999923706055,558,0.0,0.0
2024-06-26 14:45:00-04:00,7.079999923706055,7.090000152587891,7.079999923706055,7.085000038146973,1663,0.0,0.0
2024-06-26 14:50:00-04:00,7.085000038146973,7.085000038146973,7.059999942779541,7.070000171661377,3229,0.0,0.0
2024-06-26 14:55:00-04:00,7.059999942779541,7.070000171661377,7.059999942779541,7.070000171661377,1453,0.0,0.0
2024-06-26 15:00:00-04:00,7.050000190734863,7.139999866485596,7.050000190734863,7.130000114440918,19457,0.0,0.0
2024-06-26 15:10:00-04:00,7.139999866485596,7.139999866485596,7.079999923706055,7.079999923706055,5864,0.0,0.0
2024-06-26 15:15:00-04:00,7.079999923706055,7.079999923706055,7.070000171661377,7.070000171661377,1154,0.0,0.0
2024-06-26 15:20:00-04:00,7.070000171661377,7.090000152587891,7.059999942779541,7.090000152587891,2263,0.0,0.0
2024-06-26 15:25:00-04:00,7.110000133514404,7.110000133514404,7.097300052642822,7.110000133514404,3770,0.0,0.0
2024-06-26 15:30:00-04:00,7.114999771118164,7.114999771118164,7.105000019073486,7.105000019073486,5178,0.0,0.0
2024-06-26 15:35:00-04:00,7.099999904632568,7.139999866485596,7.099999904632568,7.139999866485596,3235,0.0,0.0
2024-06-26 15:40:00-04:00,7.139999866485596,7.144999980926514,7.110000133514404,7.119999885559082,7053,0.0,0.0
2024-06-26 15:45:00-04:00,7.114999771118164,7.130000114440918,7.114999771118164,7.119999885559082,3975,0.0,0.0
2024-06-26 15:50:00-04:00,7.114999771118164,7.139999866485596,7.110000133514404,7.130000114440918,9077,0.0,0.0
2024-06-26 15:55:00-04:00,7.130000114440918,7.130000114440918,7.059999942779541,7.079999923706055,25755,0.0,0.0
2024-06-27 09:30:00-04:00,7.130000114440918,7.199999809265137,7.130000114440918,7.199999809265137,2618,0.0,0.0
2024-06-27 09:35:00-04:00,7.244999885559082,7.269999980926514,7.244999885559082,7.269999980926514,2194,0.0,0.0
2024-06-27 09:40:00-04:00,7.309999942779541,7.400000095367432,7.309999942779541,7.340000152587891,7216,0.0,0.0
2024-06-27 09:45:00-04:00,7.369999885559082,7.394999980926514,7.329999923706055,7.329999923706055,1983,0.0,0.0
2024-06-27 09:50:00-04:00,7.34499979019165,7.369999885559082,7.329999923706055,7.369999885559082,2643,0.0,0.0
2024-06-27 09:55:00-04:00,7.449999809265137,7.480000019073486,7.432499885559082,7.480000019073486,2069,0.0,0.0
2024-06-27 10:00:00-04:00,7.4899001121521,7.4899001121521,7.440000057220459,7.460000038146973,2975,0.0,0.0
2024-06-27 10:05:00-04:00,7.519999980926514,7.599999904632568,7.519999980926514,7.565000057220459,3772,0.0,0.0
2024-06-27 10:10:00-04:00,7.539999961853027,7.550000190734863,7.489999771118164,7.494999885559082,3183,0.0,0.0
2024-06-27 10:15:00-04:00,7.5,7.5,7.46999979019165,7.46999979019165,1689,0.0,0.0
2024-06-27 10:20:00-04:00,7.480000019073486,7.480000019073486,7.440000057220459,7.449999809265137,1671,0.0,0.0
2024-06-27 10:25:00-04:00,7.4899001121521,7.4899001121521,7.429999828338623,7.429999828338623,1926,0.0,0.0
2024-06-27 10:35:00-04:00,7.414999961853027,7.429999828338623,7.414999961853027,7.429999828338623,719,0.0,0.0
2024-06-27 10:40:00-04:00,7.425000190734863,7.425000190734863,7.394999980926514,7.394999980926514,1538,0.0,0.0
2024-06-27 10:45:00-04:00,7.389999866485596,7.394999980926514,7.375,7.389999866485596,2744,0.0,0.0
2024-06-27 10:50:00-04:00,7.380000114440918,7.380000114440918,7.360000133514404,7.360000133514404,723,0.0,0.0
2024-06-27 11:00:00-04:00,7.349999904632568,7.349999904632568,7.230000019073486,7.239999771118164,17414,0.0,0.0
2024-06-27 11:05:00-04:00,7.260000228881836,7.269999980926514,7.260000228881836,7.269999980926514,1329,0.0,0.0
2024-06-27 11:10:00-04:00,7.269999980926514,7.329999923706055,7.269999980926514,7.309999942779541,3233,0.0,0.0
2024-06-27 11:15:00-04:00,7.309999942779541,7.309999942779541,7.235000133514404,7.235000133514404,3163,0.0,0.0
2024-06-27 11:25:00-04:00,7.21999979019165,7.21999979019165,7.199999809265137,7.210000038146973,1289,0.0,0.0
2024-06-27 11:30:00-04:00,7.199999809265137,7.199999809265137,7.159999847412109,7.164999961853027,1567,0.0,0.0
2024-06-27 11:35:00-04:00,7.190000057220459,7.210000038146973,7.190000057220459,7.199999809265137,1986,0.0,0.0
2024-06-27 11:40:00-04:00,7.21999979019165,7.21999979019165,7.210000038146973,7.21999979019165,2112,0.0,0.0
2024-06-27 11:45:00-04:00,7.21999979019165,7.21999979019165,7.210000038146973,7.210000038146973,1160,0.0,0.0
2024-06-27 11:50:00-04:00,7.195000171661377,7.195000171661377,7.144999980926514,7.144999980926514,2213,0.0,0.0
2024-06-27 11:55:00-04:00,7.144999980926514,7.144999980926514,7.144999980926514,7.144999980926514,410,0.0,0.0
2024-06-27 12:00:00-04:00,7.130000114440918,7.159999847412109,7.130000114440918,7.159999847412109,2339,0.0,0.0
2024-06-27 12:05:00-04:00,7.175000190734863,7.190000057220459,7.175000190734863,7.175000190734863,520,0.0,0.0
2024-06-27 12:10:00-04:00,7.175000190734863,7.190000057220459,7.175000190734863,7.175000190734863,1859,0.0,0.0
2024-06-27 12:15:00-04:00,7.15500020980835,7.15500020980835,7.15500020980835,7.15500020980835,558,0.0,0.0
2024-06-27 12:20:00-04:00,7.139999866485596,7.170000076293945,7.139999866485596,7.170000076293945,682,0.0,0.0
2024-06-27 12:25:00-04:00,7.139999866485596,7.15500020980835,7.139999866485596,7.139999866485596,1037,0.0,0.0
2024-06-27 12:30:00-04:00,7.139999866485596,7.139999866485596,7.139999866485596,7.139999866485596,314,0.0,0.0
2024-06-27 12:40:00-04:00,7.15500020980835,7.190000057220459,7.15500020980835,7.179999828338623,4926,0.0,0.0
2024-06-27 12:45:00-04:00,7.184999942779541,7.184999942779541,7.170000076293945,7.170000076293945,822,0.0,0.0
2024-06-27 12:50:00-04:00,7.159999847412109,7.159999847412109,7.139999866485596,7.150000095367432,829,0.0,0.0
2024-06-27 12:55:00-04:00,7.139999866485596,7.139999866485596,7.119999885559082,7.135000228881836,2458,0.0,0.0
2024-06-27 13:00:00-04:00,7.135000228881836,7.150000095367432,7.114999771118164,7.114999771118164,1507,0.0,0.0
2024-06-27 13:05:00-04:00,7.110000133514404,7.125,7.099999904632568,7.099999904632568,2692,0.0,0.0
2024-06-27 13:10:00-04:00,7.090000152587891,7.090000152587891,7.079999923706055,7.079999923706055,1960,0.0,0.0
2024-06-27 13:15:00-04:00,7.070000171661377,7.085000038146973,7.070000171661377,7.085000038146973,1242,0.0,0.0
2024-06-27 13:20:00-04:00,7.070000171661377,7.090000152587891,7.050000190734863,7.090000152587891,5763,0.0,0.0
2024-06-27 13:25:00-04:00,7.090000152587891,7.110000133514404,7.090000152587891,7.110000133514404,3680,0.0,0.0
2024-06-27 13:30:00-04:00,7.105000019073486,7.110000133514404,7.099999904632568,7.099999904632568,2032,0.0,0.0
2024-06-27 13:35:00-04:00,7.118000030517578,7.119999885559082,7.090000152587891,7.110000133514404,3234,0.0,0.0
2024-06-27 13:40:00-04:00,7.070000171661377,7.090000152587891,7.070000171661377,7.090000152587891,2024,0.0,0.0
2024-06-27 13:45:00-04:00,7.090000152587891,7.099999904632568,7.079999923706055,7.090000152587891,3837,0.0,0.0
2024-06-27 13:50:00-04:00,7.099999904632568,7.150000095367432,7.090000152587891,7.150000095367432,7321,0.0,0.0
2024-06-27 13:55:00-04:00,7.139999866485596,7.139999866485596,7.110000133514404,7.110000133514404,2008,0.0,0.0
2024-06-27 14:00:00-04:00,7.110000133514404,7.110000133514404,7.090000152587891,7.090000152587891,2517,0.0,0.0
2024-06-27 14:05:00-04:00,7.079999923706055,7.110000133514404,7.079999923706055,7.09499979019165,1763,0.0,0.0
2024-06-27 14:10:00-04:00,7.079999923706055,7.099999904632568,7.079999923706055,7.099999904632568,2854,0.0,0.0
2024-06-27 14:15:00-04:00,7.099999904632568,7.170000076293945,7.099999904632568,7.164999961853027,23613,0.0,0.0
2024-06-27 14:20:00-04:00,7.150000095367432,7.199999809265137,7.079999923706055,7.199999809265137,24358,0.0,0.0
2024-06-27 14:25:00-04:00,7.179999828338623,7.199999809265137,7.170000076293945,7.195000171661377,20194,0.0,0.0
2024-06-27 14:30:00-04:00,7.210000038146973,7.235000133514404,7.210000038146973,7.235000133514404,2691,0.0,0.0
2024-06-27 14:35:00-04:00,7.230000019073486,7.25,7.21999979019165,7.239999771118164,1992,0.0,0.0
2024-06-27 14:40:00-04:00,7.248000144958496,7.320000171661377,7.248000144958496,7.289999961853027,4787,0.0,0.0
2024-06-27 14:45:00-04:00,7.300000190734863,7.309999942779541,7.264999866485596,7.264999866485596,4196,0.0,0.0
2024-06-27 14:50:00-04:00,7.260000228881836,7.269999980926514,7.260000228881836,7.269999980926514,989,0.0,0.0
2024-06-27 14:55:00-04:00,7.28000020980835,7.289999961853027,7.25,7.289999961853027,3885,0.0,0.0
2024-06-27 15:00:00-04:00,7.289999961853027,7.300000190734863,7.28000020980835,7.28000020980835,2642,0.0,0.0
2024-06-27 15:05:00-04:00,7.269999980926514,7.28000020980835,7.269999980926514,7.28000020980835,2696,0.0,0.0
2024-06-27 15:10:00-04:00,7.260000228881836,7.309999942779541,7.260000228881836,7.300000190734863,2968,0.0,0.0
2024-06-27 15:15:00-04:00,7.300000190734863,7.300000190734863,7.289999961853027,7.300000190734863,5689,0.0,0.0
2024-06-27 15:20:00-04:00,7.340000152587891,7.340000152587891,7.300000190734863,7.300000190734863,3194,0.0,0.0
2024-06-27 15:25:00-04:00,7.300000190734863,7.300000190734863,7.28000020980835,7.295000076293945,1947,0.0,0.0
2024-06-27 15:30:00-04:00,7.28000020980835,7.295000076293945,7.269999980926514,7.269999980926514,5695,0.0,0.0
2024-06-27 15:35:00-04:00,7.28000020980835,7.28000020980835,7.25,7.25,5057,0.0,0.0
2024-06-27 15:40:00-04:00,7.260000228881836,7.289999961853027,7.230000019073486,7.289999961853027,11298,0.0,0.0
2024-06-27 15:45:00-04:00,7.284999847412109,7.318999767303467,7.284999847412109,7.315000057220459,10425,0.0,0.0
2024-06-27 15:50:00-04:00,7.309999942779541,7.360000133514404,7.309999942779541,7.34499979019165,14982,0.0,0.0
2024-06-27 15:55:00-04:00,7.355000019073486,7.364999771118164,7.309999942779541,7.329999923706055,20133,0.0,0.0
2024-06-28 09:30:00-04:00,7.369999885559082,7.369999885559082,7.369999885559082,7.369999885559082,751,0.0,0.0
2024-06-28 09:40:00-04:00,7.389999866485596,7.409999847412109,7.349999904632568,7.349999904632568,2491,0.0,0.0
2024-06-28 09:45:00-04:00,7.340000152587891,7.380000114440918,7.309999942779541,7.369999885559082,7653,0.0,0.0
2024-06-28 09:50:00-04:00,7.380000114440918,7.380000114440918,7.34499979019165,7.34499979019165,1148,0.0,0.0
2024-06-28 09:55:00-04:00,7.369999885559082,7.369999885559082,7.340000152587891,7.340000152587891,2000,0.0,0.0
2024-06-28 10:00:00-04:00,7.369999885559082,7.389999866485596,7.340000152587891,7.389999866485596,4300,0.0,0.0
2024-06-28 10:05:00-04:00,7.440000057220459,7.440000057220459,7.389999866485596,7.389999866485596,1337,0.0,0.0
2024-06-28 10:10:00-04:00,7.400000095367432,7.400000095367432,7.380000114440918,7.400000095367432,2769,0.0,0.0
2024-06-28 10:15:00-04:00,7.449999809265137,7.46999979019165,7.414999961853027,7.449999809265137,3460,0.0,0.0
2024-06-28 10:20:00-04:00,7.489999771118164,7.539999961853027,7.489999771118164,7.539999961853027,1423,0.0,0.0
2024-06-28 10:25:00-04:00,7.53000020980835,7.550000190734863,7.519999980926514,7.545000076293945,8032,0.0,0.0
2024-06-28 10:30:00-04:00,7.579999923706055,7.579999923706055,7.550000190734863,7.574999809265137,5028,0.0,0.0
2024-06-28 10:35:00-04:00,7.565000057220459,7.565000057220459,7.550000190734863,7.550000190734863,1539,0.0,0.0
2024-06-28 10:40:00-04:00,7.545000076293945,7.545000076293945,7.510000228881836,7.510000228881836,3954,0.0,0.0
2024-06-28 10:45:00-04:00,7.510000228881836,7.519999980926514,7.5,7.510000228881836,4340,0.0,0.0
2024-06-28 10:55:00-04:00,7.514999866485596,7.519999980926514,7.489999771118164,7.489999771118164,6962,0.0,0.0
2024-06-28 11:00:00-04:00,7.46999979019165,7.46999979019165,7.440000057220459,7.46999979019165,1312,0.0,0.0
2024-06-28 11:05:00-04:00,7.474999904632568,7.480000019073486,7.460000038146973,7.460000038146973,1011,0.0,0.0
2024-06-28 11:10:00-04:00,7.449999809265137,7.449999809265137,7.449999809265137,7.449999809265137,2073,0.0,0.0
2024-06-28 11:15:00-04:00,7.465000152587891,7.474999904632568,7.449999809265137,7.474999904632568,1252,0.0,0.0
2024-06-28 11:20:00-04:00,7.474999904632568,7.5,7.474999904632568,7.489999771118164,3910,0.0,0.0
2024-06-28 11:25:00-04:00,7.5,7.5,7.46999979019165,7.474999904632568,3264,0.0,0.0
2024-06-28 11:30:00-04:00,7.489999771118164,7.494999885559082,7.460000038146973,7.460000038146973,3106,0.0,0.0
2024-06-28 11:35:00-04:00,7.480000019073486,7.489999771118164,7.480000019073486,7.480000019073486,1080,0.0,0.0
2024-06-28 11:40:00-04:00,7.460000038146973,7.5,7.460000038146973,7.460000038146973,4637,0.0,0.0
2024-06-28 11:45:00-04:00,7.46999979019165,7.510000228881836,7.465000152587891,7.510000228881836,3980,0.0,0.0
2024-06-28 11:50:00-04:00,7.510000228881836,7.550000190734863,7.510000228881836,7.534999847412109,1790,0.0,0.0
2024-06-28 11:55:00-04:00,7.559999942779541,7.610000133514404,7.559999942779541,7.590000152587891,2259,0.0,0.0
2024-06-28 12:00:00-04:00,7.599999904632568,7.599999904632568,7.570000171661377,7.599999904632568,2808,0.0,0.0
2024-06-28 12:05:00-04:00,7.570000171661377,7.579999923706055,7.539999961853027,7.539999961853027,4632,0.0,0.0
2024-06-28 12:10:00-04:00,7.519999980926514,7.519999980926514,7.489999771118164,7.5,3708,0.0,0.0
2024-06-28 12:15:00-04:00,7.489999771118164,7.489999771118164,7.449999809265137,7.46999979019165,1527,0.0,0.0
2024-06-28 12:20:00-04:00,7.449999809265137,7.46999979019165,7.449999809265137,7.4506001472473145,1066,0.0,0.0
2024-06-28 12:25:00-04:00,7.460000038146973,7.489999771118164,7.460000038146973,7.489999771118164,1920,0.0,0.0
2024-06-28 12:30:00-04:00,7.489999771118164,7.489999771118164,7.489999771118164,7.489999771118164,998,0.0,0.0
2024-06-28 12:35:00-04:00,7.5,7.5,7.489999771118164,7.489999771118164,3527,0.0,0.0
2024-06-28 12:40:00-04:00,7.485000133514404,7.485000133514404,7.460000038146973,7.46999979019165,3072,0.0,0.0
2024-06-28 12:45:00-04:00,7.46999979019165,7.5,7.46999979019165,7.5,2455,0.0,0.0
2024-06-28 12:50:00-04:00,7.5,7.519999980926514,7.5,7.519999980926514,3037,0.0,0.0
2024-06-28 12:55:00-04:00,7.519999980926514,7.519999980926514,7.510000228881836,7.510000228881836,3114,0.0,0.0
2024-06-28 13:00:00-04:00,7.510000228881836,7.510000228881836,7.460000038146973,7.460000038146973,3474,0.0,0.0
2024-06-28 13:05:00-04:00,7.484000205993652,7.519999980926514,7.460000038146973,7.519999980926514,3021,0.0,0.0
2024-06-28 13:10:00-04:00,7.519999980926514,7.525000095367432,7.5,7.510000228881836,2156,0.0,0.0
2024-06-28 13:15:00-04:00,7.53000020980835,7.53000020980835,7.510000228881836,7.514999866485596,3883,0.0,0.0
2024-06-28 13:20:00-04:00,7.53000020980835,7.539999961853027,7.460000038146973,7.460000038146973,2755,0.0,0.0
2024-06-28 13:25:00-04:00,7.474999904632568,7.474999904632568,7.400000095367432,7.400000095367432,2165,0.0,0.0
2024-06-28 13:30:00-04:00,7.400000095367432,7.429999828338623,7.400000095367432,7.429999828338623,4205,0.0,0.0
2024-06-28 13:35:00-04:00,7.400000095367432,7.400000095367432,7.400000095367432,7.400000095367432,1566,0.0,0.0
2024-06-28 13:40:00-04:00,7.369999885559082,7.394999980926514,7.369999885559082,7.380000114440918,890,0.0,0.0
2024-06-28 13:45:00-04:00,7.380000114440918,7.394999980926514,7.380000114440918,7.389999866485596,1142,0.0,0.0
2024-06-28 13:50:00-04:00,7.389999866485596,7.400000095367432,7.369999885559082,7.380000114440918,1722,0.0,0.0
2024-06-28 13:55:00-04:00,7.380000114440918,7.380000114440918,7.340000152587891,7.340000152587891,1917,0.0,0.0
2024-06-28 14:00:00-04:00,7.369999885559082,7.409999847412109,7.369999885559082,7.400000095367432,4010,0.0,0.0
2024-06-28 14:05:00-04:00,7.400000095367432,7.400000095367432,7.369999885559082,7.380000114440918,2435,0.0,0.0
2024-06-28 14:10:00-04:00,7.380000114440918,7.420000076293945,7.380000114440918,7.414999961853027,5296,0.0,0.0
2024-06-28 14:15:00-04:00,7.429999828338623,7.429999828338623,7.400000095367432,7.409999847412109,3395,0.0,0.0
2024-06-28 14:20:00-04:00,7.400000095367432,7.409999847412109,7.400000095367432,7.400000095367432,2991,0.0,0.0
2024-06-28 14:25:00-04:00,7.409999847412109,7.409999847412109,7.369999885559082,7.380000114440918,3935,0.0,0.0
2024-06-28 14:30:00-04:00,7.369999885559082,7.369999885559082,7.369999885559082,7.369999885559082,685,0.0,0.0
2024-06-28 14:35:00-04:00,7.380000114440918,7.389999866485596,7.369999885559082,7.380000114440918,2030,0.0,0.0
2024-06-28 14:40:00-04:00,7.380000114440918,7.380000114440918,7.369999885559082,7.380000114440918,2909,0.0,0.0
2024-06-28 14:45:00-04:00,7.369999885559082,7.380000114440918,7.369999885559082,7.380000114440918,2146,0.0,0.0
2024-06-28 14:50:00-04:00,7.380000114440918,7.380000114440918,7.380000114440918,7.380000114440918,849,0.0,0.0
2024-06-28 14:55:00-04:00,7.380000114440918,7.389999866485596,7.369999885559082,7.380000114440918,2553,0.0,0.0
2024-06-28 15:00:00-04:00,7.369999885559082,7.380000114440918,7.360000133514404,7.360000133514404,5996,0.0,0.0
2024-06-28 15:05:00-04:00,7.369999885559082,7.389999866485596,7.369999885559082,7.380000114440918,2308,0.0,0.0
2024-06-28 15:10:00-04:00,7.389999866485596,7.389999866485596,7.380000114440918,7.380000114440918,1958,0.0,0.0
2024-06-28 15:15:00-04:00,7.369999885559082,7.394999980926514,7.360000133514404,7.380000114440918,3917,0.0,0.0
2024-06-28 15:20:00-04:00,7.400000095367432,7.400000095367432,7.360000133514404,7.389999866485596,4447,0.0,0.0
2024-06-28 15:25:00-04:00,7.389999866485596,7.409999847412109,7.389999866485596,7.389999866485596,1581,0.0,0.0
2024-06-28 15:30:00-04:00,7.389999866485596,7.400000095367432,7.369999885559082,7.369999885559082,6451,0.0,0.0
2024-06-28 15:35:00-04:00,7.369999885559082,7.409999847412109,7.369999885559082,7.409999847412109,4454,0.0,0.0
2024-06-28 15:40:00-04:00,7.420000076293945,7.429999828338623,7.400000095367432,7.420000076293945,12873,0.0,0.0
2024-06-28 15:45:00-04:00,7.409999847412109,7.409999847412109,7.389999866485596,7.400000095367432,2216,0.0,0.0
2024-06-28 15:50:00-04:00,7.409999847412109,7.570000171661377,7.400000095367432,7.525000095367432,70439,0.0,0.0
2024-06-28 15:55:00-04:00,7.519999980926514,7.519999980926514,7.480000019073486,7.5,47098,0.0,0.0
2024-07-01 09:30:00-04:00,7.510000228881836,7.525000095367432,7.440000057220459,7.440000057220459,3933,0.0,0.0
2024-07-01 09:35:00-04:00,7.360000133514404,7.400000095367432,7.360000133514404,7.400000095367432,2338,0.0,0.0
2024-07-01 09:40:00-04:00,7.360000133514404,7.360000133514404,7.340000152587891,7.340000152587891,1510,0.0,0.0
2024-07-01 09:45:00-04:00,7.329999923706055,7.340000152587891,7.300000190734863,7.329999923706055,2343,0.0,0.0
2024-07-01 09:50:00-04:00,7.324999809265137,7.494999885559082,7.324999809265137,7.494999885559082,12054,0.0,0.0
2024-07-01 09:55:00-04:00,7.480000019073486,7.502399921417236,7.4704999923706055,7.502399921417236,1444,0.0,0.0
2024-07-01 10:00:00-04:00,7.494999885559082,7.494999885559082,7.460000038146973,7.480000019073486,7882,0.0,0.0
2024-07-01 10:10:00-04:00,7.460000038146973,7.46999979019165,7.360000133514404,7.360000133514404,9518,0.0,0.0
2024-07-01 10:15:00-04:00,7.329999923706055,7.329999923706055,7.329999923706055,7.329999923706055,844,0.0,0.0
2024-07-01 10:20:00-04:00,7.320000171661377,7.360000133514404,7.320000171661377,7.360000133514404,1296,0.0,0.0
2024-07-01 10:30:00-04:00,7.340000152587891,7.340000152587891,7.335999965667725,7.335999965667725,1065,0.0,0.0
2024-07-01 10:35:00-04:00,7.309999942779541,7.340000152587891,7.289999961853027,7.329999923706055,2740,0.0,0.0
2024-07-01 10:40:00-04:00,7.315000057220459,7.320000171661377,7.315000057220459,7.320000171661377,572,0.0,0.0
2024-07-01 10:45:00-04:00,7.320000171661377,7.360000133514404,7.320000171661377,7.360000133514404,7595,0.0,0.0
2024-07-01 10:50:00-04:00,7.320000171661377,7.320000171661377,7.320000171661377,7.320000171661377,945,0.0,0.0
2024-07-01 11:00:00-04:00,7.309999942779541,7.309999942779541,7.300000190734863,7.309999942779541,1819,0.0,0.0
2024-07-01 11:10:00-04:00,7.300000190734863,7.300000190734863,7.300000190734863,7.300000190734863,2193,0.0,0.0
2024-07-01 11:20:00-04:00,7.269999980926514,7.269999980926514,7.260000228881836,7.260000228881836,832,0.0,0.0
2024-07-01 11:25:00-04:00,7.25,7.25,7.25,7.25,628,0.0,0.0
2024-07-01 11:30:00-04:00,7.224999904632568,7.239999771118164,7.224999904632568,7.239999771118164,2445,0.0,0.0
2024-07-01 11:35:00-04:00,7.199999809265137,7.199999809265137,7.170000076293945,7.170000076293945,1039,0.0,0.0
2024-07-01 11:40:00-04:00,7.170000076293945,7.199999809265137,7.170000076293945,7.179999828338623,2485,0.0,0.0
2024-07-01 11:45:00-04:00,7.179999828338623,7.21999979019165,7.179999828338623,7.21999979019165,2006,0.0,0.0
2024-07-01 11:50:00-04:00,7.230000019073486,7.260000228881836,7.230000019073486,7.260000228881836,1510,0.0,0.0
2024-07-01 12:00:00-04:00,7.244999885559082,7.244999885559082,7.230000019073486,7.239999771118164,2152,0.0,0.0
2024-07-01 12:05:00-04:00,7.239999771118164,7.288099765777588,7.239999771118164,7.288099765777588,2211,0.0,0.0
2024-07-01 12:10:00-04:00,7.275000095367432,7.300000190734863,7.275000095367432,7.289999961853027,1030,0.0,0.0
2024-07-01 12:15:00-04:00,7.289999961853027,7.289999961853027,7.289999961853027,7.289999961853027,708,0.0,0.0
2024-07-01 12:20:00-04:00,7.289999961853027,7.30109977722168,7.289999961853027,7.289999961853027,1223,0.0,0.0
2024-07-01 12:30:00-04:00,7.289999961853027,7.297900199890137,7.269999980926514,7.269999980926514,2808,0.0,0.0
2024-07-01 12:35:00-04:00,7.27400016784668,7.27400016784668,7.269999980926514,7.269999980926514,1202,0.0,0.0
2024-07-01 12:40:00-04:00,7.260000228881836,7.260000228881836,7.260000228881836,7.260000228881836,724,0.0,0.0
2024-07-01 12:45:00-04:00,7.260000228881836,7.28000020980835,7.239999771118164,7.239999771118164,829,0.0,0.0
2024-07-01 12:50:00-04:00,7.244999885559082,7.28000020980835,7.244999885559082,7.269999980926514,6899,0.0,0.0
2024-07-01 13:05:00-04:00,7.2453999519348145,7.320000171661377,7.240099906921387,7.309999942779541,12765,0.0,0.0
2024-07-01 13:10:00-04:00,7.309999942779541,7.329999923706055,7.309999942779541,7.329999923706055,2622,0.0,0.0
2024-07-01 13:15:00-04:00,7.328000068664551,7.329999923706055,7.328000068664551,7.329999923706055,827,0.0,0.0
2024-07-01 13:20:00-04:00,7.329999923706055,7.349999904632568,7.329999923706055,7.349999904632568,3938,0.0,0.0
2024-07-01 13:25:00-04:00,7.349999904632568,7.349999904632568,7.329999923706055,7.329999923706055,476,0.0,0.0
2024-07-01 13:30:00-04:00,7.34499979019165,7.3460001945495605,7.329999923706055,7.329999923706055,1043,0.0,0.0
2024-07-01 13:35:00-04:00,7.34499979019165,7.34499979019165,7.329999923706055,7.329999923706055,1546,0.0,0.0
2024-07-01 13:40:00-04:00,7.329999923706055,7.329999923706055,7.329999923706055,7.329999923706055,617,0.0,0.0
2024-07-01 13:45:00-04:00,7.329999923706055,7.329999923706055,7.260000228881836,7.260000228881836,4327,0.0,0.0
2024-07-01 13:50:00-04:00,7.2600998878479,7.2600998878479,7.2600998878479,7.2600998878479,1630,0.0,0.0
2024-07-01 14:00:00-04:00,7.21999979019165,7.21999979019165,7.204999923706055,7.204999923706055,1094,0.0,0.0
2024-07-01 14:05:00-04:00,7.204999923706055,7.210000038146973,7.199999809265137,7.199999809265137,1756,0.0,0.0
2024-07-01 14:15:00-04:00,7.204999923706055,7.204999923706055,7.204999923706055,7.204999923706055,1270,0.0,0.0
2024-07-01 14:20:00-04:00,7.190000057220459,7.199999809265137,7.190000057220459,7.199999809265137,2224,0.0,0.0
2024-07-01 14:25:00-04:00,7.190000057220459,7.190000057220459,7.164999961853027,7.164999961853027,2685,0.0,0.0
2024-07-01 14:30:00-04:00,7.150000095367432,7.159999847412109,7.150000095367432,7.159999847412109,2589,0.0,0.0
2024-07-01 14:35:00-04:00,7.159999847412109,7.159999847412109,7.159999847412109,7.159999847412109,249,0.0,0.0
2024-07-01 14:40:00-04:00,7.170000076293945,7.170000076293945,7.170000076293945,7.170000076293945,858,0.0,0.0
2024-07-01 14:45:00-04:00,7.159999847412109,7.159999847412109,7.139999866485596,7.139999866485596,1235,0.0,0.0
2024-07-01 14:50:00-04:00,7.130000114440918,7.139999866485596,7.130000114440918,7.139999866485596,1358,0.0,0.0
2024-07-01 14:55:00-04:00,7.150000095367432,7.150000095367432,7.150000095367432,7.150000095367432,3077,0.0,0.0
2024-07-01 15:00:00-04:00,7.139999866485596,7.139999866485596,7.139999866485596,7.139999866485596,407,0.0,0.0
2024-07-01 15:05:00-04:00,7.139999866485596,7.139999866485596,7.139999866485596,7.139999866485596,1221,0.0,0.0
2024-07-01 15:10:00-04:00,7.130000114440918,7.139999866485596,7.130000114440918,7.139999866485596,2613,0.0,0.0
2024-07-01 15:15:00-04:00,7.130000114440918,7.130000114440918,7.130000114440918,7.130000114440918,2047,0.0,0.0
2024-07-01 15:25:00-04:00,7.130000114440918,7.130000114440918,7.079999923706055,7.114999771118164,6494,0.0,0.0
2024-07-01 15:30:00-04:00,7.119999885559082,7.130000114440918,7.119999885559082,7.125,2640,0.0,0.0
2024-07-01 15:35:00-04:00,7.130000114440918,7.139999866485596,7.130000114440918,7.139999866485596,1705,0.0,0.0
2024-07-01 15:40:00-04:00,7.130000114440918,7.139999866485596,7.099999904632568,7.110000133514404,7625,0.0,0.0
2024-07-01 15:45:00-04:00,7.099999904632568,7.130000114440918,7.099999904632568,7.114999771118164,5479,0.0,0.0
2024-07-01 15:50:00-04:00,7.114999771118164,7.125,7.099999904632568,7.110000133514404,10098,0.0,0.0
2024-07-01 15:55:00-04:00,7.110000133514404,7.119999885559082,7.079999923706055,7.079999923706055,18937,0.0,0.0
2024-07-02 09:30:00-04:00,7.019999980926514,7.019999980926514,7.019999980926514,7.019999980926514,2833,0.0,0.0
2024-07-02 09:35:00-04:00,6.929999828338623,6.954999923706055,6.889999866485596,6.954999923706055,2592,0.0,0.0
2024-07-02 09:40:00-04:00,6.989999771118164,7.0,6.989999771118164,6.989999771118164,1830,0.0,0.0
2024-07-02 09:45:00-04:00,6.979899883270264,6.979899883270264,6.979899883270264,6.979899883270264,1441,0.0,0.0
2024-07-02 09:55:00-04:00,6.909999847412109,7.039999961853027,6.909999847412109,7.005000114440918,3940,0.0,0.0
2024-07-02 10:05:00-04:00,7.010000228881836,7.010000228881836,7.010000228881836,7.010000228881836,328,0.0,0.0
2024-07-02 10:10:00-04:00,7.0,7.0,7.0,7.0,1009,0.0,0.0
2024-07-02 10:15:00-04:00,6.949999809265137,6.989999771118164,6.949999809265137,6.989999771118164,6244,0.0,0.0
2024-07-02 10:20:00-04:00,7.019999980926514,7.019999980926514,7.019999980926514,7.019999980926514,2087,0.0,0.0
2024-07-02 10:30:00-04:00,7.0,7.019999980926514,7.0,7.019999980926514,998,0.0,0.0
2024-07-02 10:35:00-04:00,7.03000020980835,7.039999961853027,7.005000114440918,7.034999847412109,5313,0.0,0.0
2024-07-02 10:45:00-04:00,6.960000038146973,6.960000038146973,6.960000038146973,6.960000038146973,521,0.0,0.0
2024-07-02 10:50:00-04:00,6.960000038146973,6.980000019073486,6.960000038146973,6.980000019073486,2142,0.0,0.0
2024-07-02 10:55:00-04:00,6.989999771118164,7.010000228881836,6.989999771118164,7.0,1721,0.0,0.0
2024-07-02 11:00:00-04:00,7.010000228881836,7.019999980926514,7.010000228881836,7.019999980926514,1633,0.0,0.0
2024-07-02 11:10:00-04:00,6.989999771118164,6.989999771118164,6.989999771118164,6.989999771118164,606,0.0,0.0
2024-07-02 11:15:00-04:00,7.0,7.0,6.980000019073486,6.980000019073486,782,0.0,0.0
2024-07-02 11:20:00-04:00,7.019999980926514,7.019999980926514,6.989999771118164,7.0,545,0.0,0.0
2024-07-02 11:25:00-04:00,6.989999771118164,6.989999771118164,6.989999771118164,6.989999771118164,285,0.0,0.0
2024-07-02 11:30:00-04:00,7.0,7.0,6.980000019073486,6.980000019073486,2362,0.0,0.0
2024-07-02 11:35:00-04:00,6.960000038146973,7.005000114440918,6.949999809265137,6.989999771118164,9955,0.0,0.0
2024-07-02 11:40:00-04:00,7.0,7.010000228881836,7.0,7.010000228881836,727,0.0,0.0
2024-07-02 11:45:00-04:00,6.989999771118164,6.989999771118164,6.989999771118164,6.989999771118164,670,0.0,0.0
2024-07-02 11:50:00-04:00,6.989999771118164,7.010000228881836,6.989999771118164,7.0,3128,0.0,0.0
2024-07-02 11:55:00-04:00,7.0,7.0,7.0,7.0,200,0.0,0.0
2024-07-02 12:00:00-04:00,7.0,7.0,6.989999771118164,6.989999771118164,1096,0.0,0.0
2024-07-02 12:05:00-04:00,6.972499847412109,6.985000133514404,6.965000152587891,6.985000133514404,3401,0.0,0.0
2024-07-02 12:10:00-04:00,6.985000133514404,6.985000133514404,6.985000133514404,6.985000133514404,376,0.0,0.0
2024-07-02 12:15:00-04:00,6.980000019073486,6.980000019073486,6.980000019073486,6.980000019073486,1532,0.0,0.0
2024-07-02 12:25:00-04:00,6.974999904632568,6.989999771118164,6.974999904632568,6.989999771118164,2480,0.0,0.0
2024-07-02 12:35:00-04:00,7.019999980926514,7.03000020980835,7.019999980926514,7.03000020980835,1415,0.0,0.0
2024-07-02 12:45:00-04:00,7.059999942779541,7.079999923706055,7.059999942779541,7.065000057220459,1103,0.0,0.0
2024-07-02 12:50:00-04:00,7.079999923706055,7.079999923706055,7.079999923706055,7.079999923706055,200,0.0,0.0
2024-07-02 12:55:00-04:00,7.079999923706055,7.085000038146973,7.079999923706055,7.085000038146973,1141,0.0,0.0
2024-07-02 13:10:00-04:00,7.070000171661377,7.099999904632568,7.070000171661377,7.099999904632568,2055,0.0,0.0
2024-07-02 13:15:00-04:00,7.119699954986572,7.159999847412109,7.119699954986572,7.144999980926514,1945,0.0,0.0
2024-07-02 13:20:00-04:00,7.144999980926514,7.159999847412109,7.144999980926514,7.159999847412109,1008,0.0,0.0
2024-07-02 13:25:00-04:00,7.150000095367432,7.150000095367432,7.139999866485596,7.139999866485596,1924,0.0,0.0
2024-07-02 13:30:00-04:00,7.130000114440918,7.130000114440918,7.110000133514404,7.110000133514404,1921,0.0,0.0
2024-07-02 13:35:00-04:00,7.119999885559082,7.125,7.119999885559082,7.125,658,0.0,0.0
2024-07-02 13:45:00-04:00,7.119999885559082,7.119999885559082,7.119999885559082,7.119999885559082,676,0.0,0.0
2024-07-02 13:50:00-04:00,7.139999866485596,7.139999866485596,7.139999866485596,7.139999866485596,953,0.0,0.0
2024-07-02 14:05:00-04:00,7.159999847412109,7.159999847412109,7.1528000831604,7.1528000831604,1273,0.0,0.0
2024-07-02 14:10:00-04:00,7.170000076293945,7.179999828338623,7.170000076293945,7.175000190734863,2121,0.0,0.0
2024-07-02 14:15:00-04:00,7.190000057220459,7.190000057220459,7.170000076293945,7.170000076293945,936,0.0,0.0
2024-07-02 14:20:00-04:00,7.159999847412109,7.159999847412109,7.139999866485596,7.150000095367432,2031,0.0,0.0
2024-07-02 14:30:00-04:00,7.15500020980835,7.15500020980835,7.15500020980835,7.15500020980835,549,0.0,0.0
2024-07-02 14:40:00-04:00,7.159999847412109,7.159999847412109,7.159999847412109,7.159999847412109,770,0.0,0.0
2024-07-02 14:45:00-04:00,7.159999847412109,7.159999847412109,7.159999847412109,7.159999847412109,2044,0.0,0.0
2024-07-02 14:55:00-04:00,7.164999961853027,7.164999961853027,7.164999961853027,7.164999961853027,777,0.0,0.0
2024-07-02 15:00:00-04:00,7.164999961853027,7.179999828338623,7.164999961853027,7.179999828338623,708,0.0,0.0
2024-07-02 15:05:00-04:00,7.179900169372559,7.190000057220459,7.179900169372559,7.190000057220459,2955,0.0,0.0
2024-07-02 15:10:00-04:00,7.190000057220459,7.190000057220459,7.190000057220459,7.190000057220459,676,0.0,0.0
2024-07-02 15:15:00-04:00,7.199999809265137,7.199999809265137,7.190000057220459,7.190000057220459,344,0.0,0.0
2024-07-02 15:20:00-04:00,7.199999809265137,7.199999809265137,7.190000057220459,7.190000057220459,909,0.0,0.0
2024-07-02 15:25:00-04:00,7.179999828338623,7.210000038146973,7.179999828338623,7.210000038146973,3114,0.0,0.0
2024-07-02 15:30:00-04:00,7.224999904632568,7.224999904632568,7.224999904632568,7.224999904632568,524,0.0,0.0
2024-07-02 15:35:00-04:00,7.230000019073486,7.230000019073486,7.230000019073486,7.230000019073486,1774,0.0,0.0
2024-07-02 15:40:00-04:00,7.25,7.25,7.21999979019165,7.239999771118164,8152,0.0,0.0
2024-07-02 15:45:00-04:00,7.244999885559082,7.244999885559082,7.210000038146973,7.215000152587891,6201,0.0,0.0
2024-07-02 15:50:00-04:00,7.210000038146973,7.230000019073486,7.199999809265137,7.230000019073486,5738,0.0,0.0
2024-07-02 15:55:00-04:00,7.239999771118164,7.239999771118164,7.190000057220459,7.190000057220459,16191,0.0,0.0
2024-07-03 09:30:00-04:00,7.230000019073486,7.25,7.230000019073486,7.25,2463,0.0,0.0
2024-07-03 09:40:00-04:00,7.159999847412109,7.179999828338623,7.150000095367432,7.179999828338623,1116,0.0,0.0
2024-07-03 09:45:00-04:00,7.199999809265137,7.199999809265137,7.199999809265137,7.199999809265137,577,0.0,0.0
2024-07-03 09:55:00-04:00,7.159999847412109,7.179999828338623,7.159999847412109,7.164999961853027,1853,0.0,0.0
2024-07-03 10:05:00-04:00,7.21999979019165,7.21999979019165,7.21999979019165,7.21999979019165,5451,0.0,0.0
2024-07-03 10:10:00-04:00,7.190000057220459,7.21999979019165,7.159999847412109,7.199999809265137,15252,0.0,0.0
2024-07-03 10:20:00-04:00,7.190000057220459,7.199999809265137,7.190000057220459,7.199999809265137,2836,0.0,0.0
2024-07-03 10:25:00-04:00,7.21999979019165,7.21999979019165,7.21999979019165,7.21999979019165,836,0.0,0.0
2024-07-03 10:35:00-04:00,7.204999923706055,7.204999923706055,7.204999923706055,7.204999923706055,2106,0.0,0.0
2024-07-03 10:40:00-04:00,7.210000038146973,7.21999979019165,7.210000038146973,7.21999979019165,611,0.0,0.0
2024-07-03 10:45:00-04:00,7.210000038146973,7.239500045776367,7.210000038146973,7.239500045776367,2557,0.0,0.0
2024-07-03 10:50:00-04:00,7.230000019073486,7.239999771118164,7.21999979019165,7.239999771118164,1087,0.0,0.0
2024-07-03 10:55:00-04:00,7.239999771118164,7.239999771118164,7.239999771118164,7.239999771118164,830,0.0,0.0
2024-07-03 11:00:00-04:00,7.215000152587891,7.215000152587891,7.215000152587891,7.215000152587891,552,0.0,0.0
2024-07-03 11:05:00-04:00,7.199999809265137,7.199999809265137,7.179999828338623,7.199999809265137,6752,0.0,0.0
2024-07-03 11:10:00-04:00,7.199999809265137,7.210000038146973,7.199999809265137,7.210000038146973,1020,0.0,0.0
2024-07-03 11:20:00-04:00,7.199999809265137,7.210000038146973,7.190000057220459,7.190000057220459,2220,0.0,0.0
2024-07-03 11:25:00-04:00,7.210000038146973,7.260000228881836,7.210000038146973,7.244999885559082,8026,0.0,0.0
2024-07-03 11:35:00-04:00,7.244999885559082,7.244999885559082,7.199999809265137,7.199999809265137,2365,0.0,0.0
2024-07-03 11:40:00-04:00,7.204999923706055,7.21999979019165,7.204999923706055,7.210000038146973,1857,0.0,0.0
2024-07-03 11:45:00-04:00,7.224999904632568,7.230000019073486,7.224999904632568,7.230000019073486,1787,0.0,0.0
2024-07-03 11:50:00-04:00,7.260000228881836,7.269999980926514,7.260000228881836,7.269999980926514,678,0.0,0.0
2024-07-03 11:55:00-04:00,7.275000095367432,7.275000095367432,7.275000095367432,7.275000095367432,593,0.0,0.0
2024-07-03 12:00:00-04:00,7.275000095367432,7.289999961853027,7.275000095367432,7.289999961853027,2697,0.0,0.0
2024-07-03 12:05:00-04:00,7.315000057220459,7.315000057220459,7.315000057220459,7.315000057220459,1865,0.0,0.0
2024-07-03 12:10:00-04:00,7.340000152587891,7.340000152587891,7.320000171661377,7.320000171661377,2161,0.0,0.0
2024-07-03 12:15:00-04:00,7.309999942779541,7.309999942779541,7.309999942779541,7.309999942779541,1421,0.0,0.0
2024-07-03 12:20:00-04:00,7.340000152587891,7.340000152587891,7.329999923706055,7.329999923706055,441,0.0,0.0
2024-07-03 12:25:00-04:00,7.349999904632568,7.360000133514404,7.349999904632568,7.360000133514404,3036,0.0,0.0
2024-07-03 12:30:00-04:00,7.349999904632568,7.355000019073486,7.349999904632568,7.355000019073486,2018,0.0,0.0
2024-07-03 12:35:00-04:00,7.349999904632568,7.349999904632568,7.349999904632568,7.349999904632568,1489,0.0,0.0
2024-07-03 12:40:00-04:00,7.340000152587891,7.340000152587891,7.275000095367432,7.275000095367432,5823,0.0,0.0
2024-07-03 12:45:00-04:00,7.269999980926514,7.269999980926514,7.260000228881836,7.260000228881836,1004,0.0,0.0
2024-07-03 12:50:00-04:00,7.260000228881836,7.289999961853027,7.260000228881836,7.289999961853027,4546,0.0,0.0
2024-07-03 12:55:00-04:00,7.269999980926514,7.269999980926514,7.21999979019165,7.21999979019165,7126,0.0,0.0
2024-07-05 09:30:00-04:00,7.179999828338623,7.199999809265137,7.110000133514404,7.1331000328063965,7366,0.0,0.0
2024-07-05 09:35:00-04:00,7.150000095367432,7.150000095367432,7.150000095367432,7.150000095367432,301,0.0,0.0
2024-07-05 09:40:00-04:00,7.159999847412109,7.159999847412109,7.159999847412109,7.159999847412109,381,0.0,0.0
2024-07-05 09:45:00-04:00,7.159999847412109,7.159999847412109,7.110000133514404,7.110000133514404,1573,0.0,0.0
2024-07-05 09:50:00-04:00,7.099999904632568,7.099999904632568,7.099999904632568,7.099999904632568,124,0.0,0.0
2024-07-05 09:55:00-04:00,7.114999771118164,7.139999866485596,7.114999771118164,7.139999866485596,3495,0.0,0.0
2024-07-05 10:00:00-04:00,7.170000076293945,7.170000076293945,7.170000076293945,7.170000076293945,199,0.0,0.0
2024-07-05 10:05:00-04:00,7.170000076293945,7.174099922180176,7.159999847412109,7.159999847412109,1807,0.0,0.0
2024-07-05 10:10:00-04:00,7.130000114440918,7.130000114440918,7.130000114440918,7.130000114440918,2932,0.0,0.0
2024-07-05 10:15:00-04:00,7.110000133514404,7.110000133514404,7.110000133514404,7.110000133514404,765,0.0,0.0
2024-07-05 10:25:00-04:00,7.099999904632568,7.099999904632568,7.093999862670898,7.093999862670898,674,0.0,0.0
2024-07-05 10:30:00-04:00,7.110000133514404,7.130000114440918,7.110000133514404,7.130000114440918,1118,0.0,0.0
2024-07-05 10:35:00-04:00,7.150000095367432,7.150000095367432,7.150000095367432,7.150000095367432,1994,0.0,0.0
2024-07-05 10:40:00-04:00,7.119999885559082,7.130000114440918,7.119999885559082,7.130000114440918,2220,0.0,0.0
2024-07-05 10:45:00-04:00,7.150000095367432,7.150000095367432,7.144999980926514,7.144999980926514,713,0.0,0.0
2024-07-05 10:55:00-04:00,7.155399799346924,7.159900188446045,7.139999866485596,7.139999866485596,3438,0.0,0.0
2024-07-05 11:05:00-04:00,7.139999866485596,7.15500020980835,7.139999866485596,7.15500020980835,1266,0.0,0.0
2024-07-05 11:10:00-04:00,7.150000095367432,7.159999847412109,7.139999866485596,7.144999980926514,7016,0.0,0.0
2024-07-05 11:15:00-04:00,7.133399963378906,7.133399963378906,7.133399963378906,7.133399963378906,288,0.0,0.0
2024-07-05 11:20:00-04:00,7.159900188446045,7.159900188446045,7.144999980926514,7.144999980926514,528,0.0,0.0
2024-07-05 11:25:00-04:00,7.144999980926514,7.144999980926514,7.119999885559082,7.119999885559082,3084,0.0,0.0
2024-07-05 11:35:00-04:00,7.099999904632568,7.099999904632568,7.09499979019165,7.09499979019165,1030,0.0,0.0
2024-07-05 11:40:00-04:00,7.105000019073486,7.105000019073486,7.105000019073486,7.105000019073486,554,0.0,0.0
2024-07-05 11:45:00-04:00,7.105000019073486,7.105000019073486,7.105000019073486,7.105000019073486,707,0.0,0.0
2024-07-05 11:50:00-04:00,7.090000152587891,7.090000152587891,7.070000171661377,7.070000171661377,2911,0.0,0.0
2024-07-05 12:05:00-04:00,7.070000171661377,7.070000171661377,7.070000171661377,7.070000171661377,521,0.0,0.0
2024-07-05 12:10:00-04:00,7.070000171661377,7.070000171661377,7.070000171661377,7.070000171661377,713,0.0,0.0
2024-07-05 12:20:00-04:00,7.085000038146973,7.085000038146973,7.085000038146973,7.085000038146973,473,0.0,0.0
2024-07-05 12:25:00-04:00,7.070099830627441,7.090000152587891,7.070099830627441,7.090000152587891,1566,0.0,0.0
2024-07-05 12:30:00-04:00,7.090000152587891,7.130000114440918,7.090000152587891,7.130000114440918,2950,0.0,0.0
2024-07-05 12:35:00-04:00,7.150000095367432,7.150000095367432,7.144999980926514,7.144999980926514,1111,0.0,0.0
2024-07-05 12:45:00-04:00,7.144999980926514,7.144999980926514,7.144999980926514,7.144999980926514,190,0.0,0.0
2024-07-05 12:50:00-04:00,7.144999980926514,7.144999980926514,7.144999980926514,7.144999980926514,416,0.0,0.0
2024-07-05 13:00:00-04:00,7.144999980926514,7.144999980926514,7.130000114440918,7.135000228881836,9977,0.0,0.0
2024-07-05 13:05:00-04:00,7.135000228881836,7.139999866485596,7.135000228881836,7.139999866485596,951,0.0,0.0
2024-07-05 13:10:00-04:00,7.150000095367432,7.150000095367432,7.150000095367432,7.150000095367432,2882,0.0,0.0
2024-07-05 13:15:00-04:00,7.150000095367432,7.150000095367432,7.150000095367432,7.150000095367432,390,0.0,0.0
2024-07-05 13:25:00-04:00,7.150000095367432,7.179999828338623,7.150000095367432,7.179999828338623,5074,0.0,0.0
2024-07-05 13:30:00-04:00,7.190000057220459,7.199900150299072,7.190000057220459,7.199900150299072,688,0.0,0.0
2024-07-05 13:35:00-04:00,7.199999809265137,7.239999771118164,7.199999809265137,7.239999771118164,2560,0.0,0.0
2024-07-05 13:40:00-04:00,7.239999771118164,7.239999771118164,7.239999771118164,7.239999771118164,1064,0.0,0.0
2024-07-05 13:45:00-04:00,7.28000020980835,7.28000020980835,7.28000020980835,7.28000020980835,152,0.0,0.0
2024-07-05 13:50:00-04:00,7.269999980926514,7.269999980926514,7.264999866485596,7.264999866485596,413,0.0,0.0
2024-07-05 13:55:00-04:00,7.264999866485596,7.28000020980835,7.264999866485596,7.270500183105469,3053,0.0,0.0
2024-07-05 14:00:00-04:00,7.288599967956543,7.288599967956543,7.288599967956543,7.288599967956543,910,0.0,0.0
2024-07-05 14:05:00-04:00,7.289999961853027,7.289999961853027,7.284999847412109,7.289999961853027,1652,0.0,0.0
2024-07-05 14:10:00-04:00,7.300000190734863,7.300000190734863,7.300000190734863,7.300000190734863,650,0.0,0.0
2024-07-05 14:20:00-04:00,7.300000190734863,7.309999942779541,7.28000020980835,7.295000076293945,2294,0.0,0.0
2024-07-05 14:30:00-04:00,7.275000095367432,7.275000095367432,7.260000228881836,7.269999980926514,2128,0.0,0.0
2024-07-05 14:35:00-04:00,7.260000228881836,7.260000228881836,7.25,7.25,1338,0.0,0.0
2024-07-05 14:40:00-04:00,7.255000114440918,7.255000114440918,7.255000114440918,7.255000114440918,316,0.0,0.0
2024-07-05 14:45:00-04:00,7.255000114440918,7.255000114440918,7.25,7.25,2181,0.0,0.0
2024-07-05 14:55:00-04:00,7.25,7.25,7.239999771118164,7.239999771118164,1142,0.0,0.0
2024-07-05 15:00:00-04:00,7.21999979019165,7.230000019073486,7.210000038146973,7.230000019073486,1669,0.0,0.0
2024-07-05 15:05:00-04:00,7.22730016708374,7.230000019073486,7.210000038146973,7.210000038146973,3561,0.0,0.0
2024-07-05 15:10:00-04:00,7.210000038146973,7.210000038146973,7.210000038146973,7.210000038146973,678,0.0,0.0
2024-07-05 15:15:00-04:00,7.210000038146973,7.210000038146973,7.210000038146973,7.210000038146973,297,0.0,0.0
2024-07-05 15:20:00-04:00,7.21999979019165,7.224999904632568,7.212600231170654,7.212600231170654,1975,0.0,0.0
2024-07-05 15:25:00-04:00,7.210000038146973,7.260000228881836,7.210000038146973,7.260000228881836,8349,0.0,0.0
2024-07-05 15:30:00-04:00,7.264999866485596,7.264999866485596,7.264999866485596,7.264999866485596,502,0.0,0.0
2024-07-05 15:35:00-04:00,7.275000095367432,7.275000095367432,7.269999980926514,7.269999980926514,2519,0.0,0.0
2024-07-05 15:40:00-04:00,7.269999980926514,7.269999980926514,7.25,7.25,1714,0.0,0.0
2024-07-05 15:45:00-04:00,7.255000114440918,7.255000114440918,7.230000019073486,7.230000019073486,2465,0.0,0.0
2024-07-05 15:50:00-04:00,7.224999904632568,7.289999961853027,7.224999904632568,7.289999961853027,11486,0.0,0.0
2024-07-05 15:55:00-04:00,7.289999961853027,7.289999961853027,7.239999771118164,7.269999980926514,21300,0.0,0.0
2024-07-08 09:30:00-04:00,7.360000133514404,7.389999866485596,7.360000133514404,7.389999866485596,3226,0.0,0.0
2024-07-08 09:35:00-04:00,7.380000114440918,7.380000114440918,7.369999885559082,7.369999885559082,553,0.0,0.0
2024-07-08 09:40:00-04:00,7.309999942779541,7.309999942779541,7.309999942779541,7.309999942779541,1675,0.0,0.0
2024-07-08 09:55:00-04:00,7.349999904632568,7.349999904632568,7.309999942779541,7.34499979019165,1623,0.0,0.0
2024-07-08 10:00:00-04:00,7.355000019073486,7.355000019073486,7.355000019073486,7.355000019073486,269,0.0,0.0
2024-07-08 10:05:00-04:00,7.380000114440918,7.380000114440918,7.360000133514404,7.365900039672852,2196,0.0,0.0
2024-07-08 10:15:00-04:00,7.360000133514404,7.360000133514404,7.349999904632568,7.355000019073486,1452,0.0,0.0
2024-07-08 10:20:00-04:00,7.349999904632568,7.360300064086914,7.349999904632568,7.360300064086914,2678,0.0,0.0
2024-07-08 10:35:00-04:00,7.360000133514404,7.360000133514404,7.330999851226807,7.340000152587891,1849,0.0,0.0
2024-07-08 10:40:00-04:00,7.349999904632568,7.349999904632568,7.340000152587891,7.340000152587891,1525,0.0,0.0
2024-07-08 10:45:00-04:00,7.320000171661377,7.34250020980835,7.320000171661377,7.340000152587891,2220,0.0,0.0
2024-07-08 11:00:00-04:00,7.369999885559082,7.369999885559082,7.360000133514404,7.369999885559082,541,0.0,0.0
2024-07-08 11:10:00-04:00,7.440000057220459,7.449999809265137,7.440000057220459,7.440000057220459,2454,0.0,0.0
2024-07-08 11:15:00-04:00,7.440000057220459,7.454999923706055,7.440000057220459,7.454999923706055,2060,0.0,0.0
2024-07-08 11:30:00-04:00,7.460000038146973,7.460000038146973,7.389999866485596,7.409999847412109,1919,0.0,0.0
2024-07-08 11:35:00-04:00,7.394999980926514,7.394999980926514,7.394999980926514,7.394999980926514,999,0.0,0.0
2024-07-08 11:45:00-04:00,7.375,7.375,7.375,7.375,841,0.0,0.0
2024-07-08 11:55:00-04:00,7.380000114440918,7.380000114440918,7.380000114440918,7.380000114440918,816,0.0,0.0
2024-07-08 12:00:00-04:00,7.380000114440918,7.380000114440918,7.369999885559082,7.369999885559082,860,0.0,0.0
2024-07-08 12:10:00-04:00,7.360000133514404,7.360000133514404,7.360000133514404,7.360000133514404,253,0.0,0.0
2024-07-08 12:15:00-04:00,7.355000019073486,7.355000019073486,7.355000019073486,7.355000019073486,1120,0.0,0.0
2024-07-08 12:25:00-04:00,7.349999904632568,7.349999904632568,7.349999904632568,7.349999904632568,274,0.0,0.0
2024-07-08 12:30:00-04:00,7.369999885559082,7.369999885559082,7.360000133514404,7.360000133514404,2565,0.0,0.0
2024-07-08 12:35:00-04:00,7.360000133514404,7.360000133514404,7.349999904632568,7.349999904632568,1095,0.0,0.0
2024-07-08 12:40:00-04:00,7.360000133514404,7.360000133514404,7.349999904632568,7.349999904632568,766,0.0,0.0
2024-07-08 12:45:00-04:00,7.369999885559082,7.389999866485596,7.369999885559082,7.389999866485596,1666,0.0,0.0
2024-07-08 12:50:00-04:00,7.400000095367432,7.400000095367432,7.385000228881836,7.385000228881836,480,0.0,0.0
2024-07-08 12:55:00-04:00,7.400000095367432,7.429999828338623,7.400000095367432,7.429999828338623,760,0.0,0.0
2024-07-08 13:00:00-04:00,7.409999847412109,7.409999847412109,7.389999866485596,7.389999866485596,943,0.0,0.0
2024-07-08 13:05:00-04:00,7.389999866485596,7.400000095367432,7.389999866485596,7.400000095367432,565,0.0,0.0
2024-07-08 13:15:00-04:00,7.420000076293945,7.429999828338623,7.420000076293945,7.429999828338623,910,0.0,0.0
2024-07-08 13:20:00-04:00,7.440000057220459,7.45989990234375,7.440000057220459,7.449999809265137,2551,0.0,0.0
2024-07-08 13:40:00-04:00,7.460000038146973,7.460000038146973,7.460000038146973,7.460000038146973,481,0.0,0.0
2024-07-08 13:45:00-04:00,7.46999979019165,7.46999979019165,7.46999979019165,7.46999979019165,141,0.0,0.0
2024-07-08 13:50:00-04:00,7.480000019073486,7.480000019073486,7.460000038146973,7.460999965667725,2406,0.0,0.0
2024-07-08 13:55:00-04:00,7.460000038146973,7.460000038146973,7.449999809265137,7.449999809265137,704,0.0,0.0
2024-07-08 14:00:00-04:00,7.449999809265137,7.451000213623047,7.449999809265137,7.451000213623047,2002,0.0,0.0
2024-07-08 14:05:00-04:00,7.451000213623047,7.451000213623047,7.449999809265137,7.449999809265137,715,0.0,0.0
2024-07-08 14:10:00-04:00,7.454999923706055,7.454999923706055,7.449999809265137,7.449999809265137,1784,0.0,0.0
2024-07-08 14:15:00-04:00,7.445000171661377,7.519999980926514,7.445000171661377,7.519999980926514,8712,0.0,0.0
2024-07-08 14:20:00-04:00,7.53000020980835,7.53000020980835,7.53000020980835,7.53000020980835,1172,0.0,0.0
2024-07-08 14:25:00-04:00,7.545000076293945,7.545000076293945,7.545000076293945,7.545000076293945,200,0.0,0.0
2024-07-08 14:30:00-04:00,7.545000076293945,7.545000076293945,7.539999961853027,7.539999961853027,1610,0.0,0.0
2024-07-08 14:35:00-04:00,7.559999942779541,7.559999942779541,7.559999942779541,7.559999942779541,102,0.0,0.0
2024-07-08 14:40:00-04:00,7.570000171661377,7.570000171661377,7.539999961853027,7.539999961853027,2150,0.0,0.0
2024-07-08 14:45:00-04:00,7.519999980926514,7.550000190734863,7.519999980926514,7.550000190734863,2338,0.0,0.0
2024-07-08 14:55:00-04:00,7.565899848937988,7.565899848937988,7.53000020980835,7.53000020980835,7539,0.0,0.0
2024-07-08 15:00:00-04:00,7.53000020980835,7.53000020980835,7.53000020980835,7.53000020980835,724,0.0,0.0
2024-07-08 15:10:00-04:00,7.519999980926514,7.519999980926514,7.519999980926514,7.519999980926514,770,0.0,0.0
2024-07-08 15:15:00-04:00,7.519999980926514,7.519999980926514,7.519999980926514,7.519999980926514,387,0.0,0.0
2024-07-08 15:20:00-04:00,7.519999980926514,7.53000020980835,7.510000228881836,7.53000020980835,3075,0.0,0.0
2024-07-08 15:25:00-04:00,7.559999942779541,7.559999942779541,7.559999942779541,7.559999942779541,867,0.0,0.0
2024-07-08 15:30:00-04:00,7.559899806976318,7.559899806976318,7.559899806976318,7.559899806976318,976,0.0,0.0
2024-07-08 15:35:00-04:00,7.539999961853027,7.590000152587891,7.539999961853027,7.579999923706055,3641,0.0,0.0
2024-07-08 15:40:00-04:00,7.590000152587891,7.590000152587891,7.579999923706055,7.579999923706055,6339,0.0,0.0
2024-07-08 15:45:00-04:00,7.585999965667725,7.585999965667725,7.550000190734863,7.559999942779541,4275,0.0,0.0
2024-07-08 15:50:00-04:00,7.599999904632568,7.639999866485596,7.599999904632568,7.639999866485596,2841,0.0,0.0
2024-07-08 15:55:00-04:00,7.630000114440918,7.630000114440918,7.599999904632568,7.599999904632568,6092,0.0,0.0
2024-07-09 09:30:00-04:00,7.630000114440918,7.630000114440918,7.630000114440918,7.630000114440918,1119,0.0,0.0
2024-07-09 09:35:00-04:00,7.649600028991699,7.649600028991699,7.599999904632568,7.599999904632568,1008,0.0,0.0
2024-07-09 09:40:00-04:00,7.635000228881836,7.635000228881836,7.635000228881836,7.635000228881836,438,0.0,0.0
2024-07-09 09:45:00-04:00,7.639999866485596,7.639999866485596,7.639999866485596,7.639999866485596,293,0.0,0.0
2024-07-09 09:50:00-04:00,7.625,7.625,7.625,7.625,1690,0.0,0.0
2024-07-09 10:00:00-04:00,7.639999866485596,7.639999866485596,7.639999866485596,7.639999866485596,670,0.0,0.0
2024-07-09 10:05:00-04:00,7.670000076293945,7.670000076293945,7.670000076293945,7.670000076293945,433,0.0,0.0
2024-07-09 10:10:00-04:00,7.7093000411987305,7.7093000411987305,7.690000057220459,7.690000057220459,718,0.0,0.0
2024-07-09 10:15:00-04:00,7.710000038146973,7.730000019073486,7.690000057220459,7.730000019073486,8081,0.0,0.0
2024-07-09 10:20:00-04:00,7.75,7.75,7.75,7.75,207,0.0,0.0
2024-07-09 10:25:00-04:00,7.724999904632568,7.75,7.690000057220459,7.724999904632568,1010,0.0,0.0
2024-07-09 10:30:00-04:00,7.690000057220459,7.730000019073486,7.679999828338623,7.730000019073486,4343,0.0,0.0
2024-07-09 10:45:00-04:00,7.704999923706055,7.704999923706055,7.704999923706055,7.704999923706055,873,0.0,0.0
2024-07-09 10:50:00-04:00,7.704999923706055,7.760000228881836,7.695000171661377,7.755000114440918,3741,0.0,0.0
2024-07-09 11:05:00-04:00,7.78000020980835,7.78000020980835,7.78000020980835,7.78000020980835,143,0.0,0.0
2024-07-09 11:10:00-04:00,7.762599945068359,7.78000020980835,7.755000114440918,7.78000020980835,5196,0.0,0.0
2024-07-09 11:15:00-04:00,7.75,7.75,7.75,7.75,123,0.0,0.0
2024-07-09 11:20:00-04:00,7.744999885559082,7.760000228881836,7.744999885559082,7.760000228881836,1665,0.0,0.0
2024-07-09 11:25:00-04:00,7.760000228881836,7.769999980926514,7.760000228881836,7.763299942016602,2089,0.0,0.0
2024-07-09 11:30:00-04:00,7.78000020980835,7.78000020980835,7.78000020980835,7.78000020980835,1082,0.0,0.0
2024-07-09 11:50:00-04:00,7.78000020980835,7.800000190734863,7.78000020980835,7.800000190734863,1428,0.0,0.0
2024-07-09 11:55:00-04:00,7.800000190734863,7.800000190734863,7.800000190734863,7.800000190734863,860,0.0,0.0
2024-07-09 12:05:00-04:00,7.809999942779541,7.809999942779541,7.809999942779541,7.809999942779541,2048,0.0,0.0
2024-07-09 12:20:00-04:00,7.809999942779541,7.832099914550781,7.809999942779541,7.832099914550781,4631,0.0,0.0
2024-07-09 12:35:00-04:00,7.835000038146973,7.837200164794922,7.829999923706055,7.837200164794922,2700,0.0,0.0
2024-07-09 12:40:00-04:00,7.829999923706055,7.840000152587891,7.829999923706055,7.829999923706055,1253,0.0,0.0
2024-07-09 12:45:00-04:00,7.829999923706055,7.829999923706055,7.820000171661377,7.829999923706055,2082,0.0,0.0
2024-07-09 13:00:00-04:00,7.840000152587891,7.940000057220459,7.840000152587891,7.940000057220459,6642,0.0,0.0
2024-07-09 13:05:00-04:00,7.945000171661377,7.945000171661377,7.945000171661377,7.945000171661377,207,0.0,0.0
2024-07-09 13:10:00-04:00,7.945000171661377,7.945000171661377,7.920000076293945,7.929999828338623,5478,0.0,0.0
2024-07-09 13:15:00-04:00,7.934999942779541,7.934999942779541,7.929999828338623,7.929999828338623,1352,0.0,0.0
2024-07-09 13:30:00-04:00,7.909999847412109,7.909999847412109,7.909999847412109,7.909999847412109,937,0.0,0.0
2024-07-09 13:40:00-04:00,7.909999847412109,7.920000076293945,7.909999847412109,7.909999847412109,1746,0.0,0.0
2024-07-09 13:45:00-04:00,7.936800003051758,7.936800003051758,7.920000076293945,7.920000076293945,474,0.0,0.0
2024-07-09 13:50:00-04:00,7.914999961853027,7.974999904632568,7.914999961853027,7.974999904632568,3731,0.0,0.0
2024-07-09 14:00:00-04:00,7.974999904632568,7.974999904632568,7.974999904632568,7.974999904632568,824,0.0,0.0
2024-07-09 14:10:00-04:00,7.974999904632568,7.974999904632568,7.974999904632568,7.974999904632568,269,0.0,0.0
2024-07-09 14:15:00-04:00,7.960100173950195,7.974999904632568,7.960100173950195,7.974999904632568,1835,0.0,0.0
2024-07-09 14:20:00-04:00,7.974999904632568,7.974999904632568,7.960000038146973,7.96999979019165,3630,0.0,0.0
2024-07-09 14:25:00-04:00,7.960000038146973,7.960000038146973,7.960000038146973,7.960000038146973,798,0.0,0.0
2024-07-09 14:30:00-04:00,7.965000152587891,7.965000152587891,7.950099945068359,7.950099945068359,2757,0.0,0.0
2024-07-09 14:35:00-04:00,7.950099945068359,7.980000019073486,7.950099945068359,7.980000019073486,4878,0.0,0.0
2024-07-09 14:40:00-04:00,7.960000038146973,7.96999979019165,7.960000038146973,7.96999979019165,1363,0.0,0.0
2024-07-09 14:45:00-04:00,7.96999979019165,7.96999979019165,7.96999979019165,7.96999979019165,1149,0.0,0.0
2024-07-09 14:55:00-04:00,7.949999809265137,7.960000038146973,7.949999809265137,7.960000038146973,1973,0.0,0.0
2024-07-09 15:00:00-04:00,7.949999809265137,7.974999904632568,7.949999809265137,7.974999904632568,4104,0.0,0.0
2024-07-09 15:05:00-04:00,7.96999979019165,7.989999771118164,7.965000152587891,7.989999771118164,2458,0.0,0.0
2024-07-09 15:15:00-04:00,7.960000038146973,7.960000038146973,7.914999961853027,7.945000171661377,5060,0.0,0.0
2024-07-09 15:20:00-04:00,7.949999809265137,7.960000038146973,7.940000057220459,7.960000038146973,1420,0.0,0.0
2024-07-09 15:25:00-04:00,7.949999809265137,7.969900131225586,7.949999809265137,7.969900131225586,1142,0.0,0.0
2024-07-09 15:30:00-04:00,7.954999923706055,7.96999979019165,7.954999923706055,7.960000038146973,1098,0.0,0.0
2024-07-09 15:35:00-04:00,7.960000038146973,8.0,7.960000038146973,7.990499973297119,5413,0.0,0.0
2024-07-09 15:40:00-04:00,8.020000457763672,8.029999732971191,8.020000457763672,8.024999618530273,2064,0.0,0.0
2024-07-09 15:45:00-04:00,8.020000457763672,8.020000457763672,8.0,8.0,7347,0.0,0.0
2024-07-09 15:50:00-04:00,7.989999771118164,8.0,7.949999809265137,7.949999809265137,6713,0.0,0.0
2024-07-09 15:55:00-04:00,7.949999809265137,7.950099945068359,7.869999885559082,7.880000114440918,15019,0.0,0.0
2024-07-10 09:30:00-04:00,7.980000019073486,7.980000019073486,7.980000019073486,7.980000019073486,1774,0.0,0.0
2024-07-10 09:45:00-04:00,7.909999847412109,7.909999847412109,7.869999885559082,7.869999885559082,982,0.0,0.0
2024-07-10 10:05:00-04:00,7.877600193023682,7.877600193023682,7.877600193023682,7.877600193023682,947,0.0,0.0
2024-07-10 10:15:00-04:00,7.860000133514404,7.860000133514404,7.840000152587891,7.840000152587891,1008,0.0,0.0
2024-07-10 10:30:00-04:00,7.820000171661377,7.820000171661377,7.820000171661377,7.820000171661377,1048,0.0,0.0
2024-07-10 10:35:00-04:00,7.78000020980835,7.78000020980835,7.700099945068359,7.700099945068359,4640,0.0,0.0
2024-07-10 10:45:00-04:00,7.710000038146973,7.71999979019165,7.699999809265137,7.71999979019165,1690,0.0,0.0
2024-07-10 10:55:00-04:00,7.699999809265137,7.699999809265137,7.699999809265137,7.699999809265137,1050,0.0,0.0
2024-07-10 11:00:00-04:00,7.693399906158447,7.693399906158447,7.690100193023682,7.690100193023682,769,0.0,0.0
2024-07-10 11:05:00-04:00,7.704999923706055,7.71999979019165,7.704999923706055,7.71999979019165,1801,0.0,0.0
2024-07-10 11:15:00-04:00,7.704999923706055,7.704999923706055,7.690000057220459,7.690000057220459,1395,0.0,0.0
2024-07-10 11:20:00-04:00,7.684999942779541,7.684999942779541,7.684999942779541,7.684999942779541,440,0.0,0.0
2024-07-10 11:30:00-04:00,7.670400142669678,7.739999771118164,7.670400142669678,7.739999771118164,3740,0.0,0.0
2024-07-10 11:40:00-04:00,7.75,7.75,7.75,7.75,1119,0.0,0.0
2024-07-10 12:05:00-04:00,7.784999847412109,7.784999847412109,7.769999980926514,7.769999980926514,339,0.0,0.0
2024-07-10 12:10:00-04:00,7.784999847412109,7.784999847412109,7.769999980926514,7.769999980926514,1177,0.0,0.0
2024-07-10 12:15:00-04:00,7.800000190734863,7.829999923706055,7.795000076293945,7.829999923706055,2766,0.0,0.0
2024-07-10 12:20:00-04:00,7.829999923706055,7.849999904632568,7.829999923706055,7.849999904632568,624,0.0,0.0
2024-07-10 12:30:00-04:00,7.829999923706055,7.829999923706055,7.820000171661377,7.820000171661377,326,0.0,0.0
2024-07-10 12:35:00-04:00,7.820000171661377,7.820000171661377,7.820000171661377,7.820000171661377,288,0.0,0.0
2024-07-10 12:45:00-04:00,7.820000171661377,7.820000171661377,7.789999961853027,7.809999942779541,2895,0.0,0.0
2024-07-10 12:55:00-04:00,7.789999961853027,7.789999961853027,7.789999961853027,7.789999961853027,930,0.0,0.0
2024-07-10 13:00:00-04:00,7.789999961853027,7.789999961853027,7.78000020980835,7.78000020980835,2265,0.0,0.0
2024-07-10 13:05:00-04:00,7.7779998779296875,7.7779998779296875,7.7779998779296875,7.7779998779296875,662,0.0,0.0
2024-07-10 13:10:00-04:00,7.769999980926514,7.769999980926514,7.760000228881836,7.760000228881836,860,0.0,0.0
2024-07-10 13:15:00-04:00,7.764999866485596,7.764999866485596,7.760000228881836,7.760000228881836,1632,0.0,0.0
2024-07-10 13:20:00-04:00,7.760000228881836,7.760000228881836,7.760000228881836,7.760000228881836,597,0.0,0.0
2024-07-10 13:30:00-04:00,7.760000228881836,7.769999980926514,7.75,7.760000228881836,1987,0.0,0.0
2024-07-10 13:35:00-04:00,7.78000020980835,7.78000020980835,7.78000020980835,7.78000020980835,630,0.0,0.0
2024-07-10 13:50:00-04:00,7.769999980926514,7.784999847412109,7.769999980926514,7.784999847412109,1085,0.0,0.0
2024-07-10 13:55:00-04:00,7.800000190734863,7.829999923706055,7.800000190734863,7.829999923706055,1773,0.0,0.0
2024-07-10 14:00:00-04:00,7.809999942779541,7.820000171661377,7.809999942779541,7.820000171661377,251,0.0,0.0
2024-07-10 14:05:00-04:00,7.829999923706055,7.829999923706055,7.829999923706055,7.829999923706055,232,0.0,0.0
2024-07-10 14:10:00-04:00,7.820000171661377,7.829999923706055,7.820000171661377,7.829999923706055,1371,0.0,0.0
2024-07-10 14:15:00-04:00,7.840000152587891,7.849999904632568,7.840000152587891,7.849999904632568,2059,0.0,0.0
2024-07-10 14:20:00-04:00,7.860000133514404,7.860000133514404,7.860000133514404,7.860000133514404,296,0.0,0.0
2024-07-10 14:25:00-04:00,7.840000152587891,7.840000152587891,7.784999847412109,7.784999847412109,2051,0.0,0.0
2024-07-10 14:30:00-04:00,7.770100116729736,7.770100116729736,7.770100116729736,7.770100116729736,319,0.0,0.0
2024-07-10 14:40:00-04:00,7.7571001052856445,7.7571001052856445,7.71999979019165,7.730000019073486,2220,0.0,0.0
2024-07-10 14:45:00-04:00,7.730000019073486,7.730000019073486,7.730000019073486,7.730000019073486,259,0.0,0.0
2024-07-10 15:00:00-04:00,7.7083001136779785,7.7083001136779785,7.7083001136779785,7.7083001136779785,1599,0.0,0.0
2024-07-10 15:05:00-04:00,7.715000152587891,7.71999979019165,7.699999809265137,7.71999979019165,3260,0.0,0.0
2024-07-10 15:10:00-04:00,7.71999979019165,7.71999979019165,7.71999979019165,7.71999979019165,420,0.0,0.0
2024-07-10 15:15:00-04:00,7.71999979019165,7.71999979019165,7.71999979019165,7.71999979019165,1172,0.0,0.0
2024-07-10 15:20:00-04:00,7.711299896240234,7.711299896240234,7.710100173950195,7.710100173950195,1602,0.0,0.0
2024-07-10 15:25:00-04:00,7.71999979019165,7.71999979019165,7.704999923706055,7.704999923706055,2402,0.0,0.0
2024-07-10 15:30:00-04:00,7.704999923706055,7.704999923706055,7.690000057220459,7.699999809265137,2002,0.0,0.0
2024-07-10 15:35:00-04:00,7.71999979019165,7.71999979019165,7.710000038146973,7.710000038146973,1319,0.0,0.0
2024-07-10 15:40:00-04:00,7.701499938964844,7.710000038146973,7.699999809265137,7.704999923706055,2396,0.0,0.0
2024-07-10 15:45:00-04:00,7.710000038146973,7.710000038146973,7.699999809265137,7.699999809265137,1238,0.0,0.0
2024-07-10 15:50:00-04:00,7.710000038146973,7.747000217437744,7.710000038146973,7.747000217437744,6681,0.0,0.0
2024-07-10 15:55:00-04:00,7.735000133514404,7.75,7.710000038146973,7.730000019073486,10284,0.0,0.0
2024-07-11 09:30:00-04:00,7.889999866485596,7.90749979019165,7.809999942779541,7.809999942779541,3542,0.0,0.0
2024-07-11 09:35:00-04:00,7.900000095367432,7.900000095367432,7.750100135803223,7.750100135803223,1010,0.0,0.0
2024-07-11 09:40:00-04:00,7.875,7.875,7.875,7.875,412,0.0,0.0
2024-07-11 09:50:00-04:00,7.889999866485596,7.940000057220459,7.889999866485596,7.940000057220459,1006,0.0,0.0
2024-07-11 10:05:00-04:00,8.0,8.0,8.0,8.0,181,0.0,0.0
2024-07-11 10:10:00-04:00,7.920000076293945,7.920000076293945,7.920000076293945,7.920000076293945,8171,0.0,0.0
2024-07-11 10:15:00-04:00,7.889999866485596,7.889999866485596,7.860000133514404,7.889999866485596,3097,0.0,0.0
2024-07-11 10:20:00-04:00,7.900000095367432,7.914999961853027,7.900000095367432,7.914999961853027,449,0.0,0.0
2024-07-11 10:25:00-04:00,7.940000057220459,7.960000038146973,7.940000057220459,7.960000038146973,937,0.0,0.0
2024-07-11 10:30:00-04:00,7.980000019073486,8.050000190734863,7.980000019073486,8.050000190734863,4064,0.0,0.0
2024-07-11 10:35:00-04:00,7.989999771118164,8.039999961853027,7.989999771118164,8.029999732971191,1277,0.0,0.0
2024-07-11 10:40:00-04:00,8.020000457763672,8.039999961853027,8.020000457763672,8.039999961853027,1565,0.0,0.0
2024-07-11 10:45:00-04:00,8.050000190734863,8.079999923706055,8.050000190734863,8.079999923706055,858,0.0,0.0
2024-07-11 10:50:00-04:00,8.130000114440918,8.130000114440918,8.104999542236328,8.109999656677246,613,0.0,0.0
2024-07-11 10:55:00-04:00,8.09000015258789,8.09000015258789,8.050000190734863,8.050000190734863,2377,0.0,0.0
2024-07-11 11:00:00-04:00,8.020000457763672,8.020000457763672,8.0,8.0,900,0.0,0.0
2024-07-11 11:10:00-04:00,8.050000190734863,8.0600004196167,8.050000190734863,8.0600004196167,1394,0.0,0.0
2024-07-11 11:20:00-04:00,8.039999961853027,8.039999961853027,8.039999961853027,8.039999961853027,479,0.0,0.0
2024-07-11 11:30:00-04:00,7.950099945068359,7.950099945068359,7.950099945068359,7.950099945068359,907,0.0,0.0
2024-07-11 11:45:00-04:00,7.940000057220459,7.940000057220459,7.929999828338623,7.929999828338623,927,0.0,0.0
2024-07-11 11:50:00-04:00,7.900000095367432,7.900000095367432,7.900000095367432,7.900000095367432,325,0.0,0.0
2024-07-11 11:55:00-04:00,7.904799938201904,7.929999828338623,7.860000133514404,7.920000076293945,1981,0.0,0.0
2024-07-11 12:00:00-04:00,7.889999866485596,7.889999866485596,7.885000228881836,7.885000228881836,525,0.0,0.0
2024-07-11 12:05:00-04:00,7.920000076293945,7.929999828338623,7.920000076293945,7.929999828338623,1521,0.0,0.0
2024-07-11 12:10:00-04:00,7.940000057220459,7.940000057220459,7.940000057220459,7.940000057220459,112,0.0,0.0
2024-07-11 12:15:00-04:00,7.949999809265137,7.949999809265137,7.949999809265137,7.949999809265137,370,0.0,0.0
2024-07-11 12:20:00-04:00,7.960000038146973,7.960000038146973,7.960000038146973,7.960000038146973,457,0.0,0.0
2024-07-11 12:25:00-04:00,7.989999771118164,7.989999771118164,7.96999979019165,7.96999979019165,1219,0.0,0.0
2024-07-11 12:35:00-04:00,8.024999618530273,8.024999618530273,8.024999618530273,8.024999618530273,480,0.0,0.0
2024-07-11 12:45:00-04:00,7.989999771118164,8.005000114440918,7.869999885559082,7.914999961853027,12624,0.0,0.0
2024-07-11 12:55:00-04:00,7.909999847412109,7.909999847412109,7.909999847412109,7.909999847412109,744,0.0,0.0
2024-07-11 13:10:00-04:00,7.900000095367432,7.900000095367432,7.900000095367432,7.900000095367432,1003,0.0,0.0
2024-07-11 13:15:00-04:00,7.920000076293945,7.940100193023682,7.920000076293945,7.940100193023682,1391,0.0,0.0
2024-07-11 13:25:00-04:00,7.96999979019165,7.96999979019165,7.960000038146973,7.96999979019165,925,0.0,0.0
2024-07-11 13:30:00-04:00,8.010000228881836,8.010000228881836,7.929999828338623,7.929999828338623,736,0.0,0.0
2024-07-11 13:40:00-04:00,7.940000057220459,7.940000057220459,7.940000057220459,7.940000057220459,496,0.0,0.0
2024-07-11 13:45:00-04:00,7.96999979019165,8.0,7.96999979019165,7.989999771118164,1623,0.0,0.0
2024-07-11 13:55:00-04:00,8.0,8.0,7.929999828338623,7.929999828338623,3335,0.0,0.0
2024-07-11 14:10:00-04:00,7.960000038146973,7.960000038146973,7.960000038146973,7.960000038146973,271,0.0,0.0
2024-07-11 14:15:00-04:00,7.96999979019165,7.96999979019165,7.96999979019165,7.96999979019165,344,0.0,0.0
2024-07-11 14:20:00-04:00,7.960000038146973,7.96999979019165,7.949999809265137,7.949999809265137,751,0.0,0.0
2024-07-11 14:30:00-04:00,7.968999862670898,8.0,7.968999862670898,8.0,1970,0.0,0.0
2024-07-11 14:35:00-04:00,7.971700191497803,7.971700191497803,7.971700191497803,7.971700191497803,770,0.0,0.0
2024-07-11 14:45:00-04:00,7.980000019073486,7.980000019073486,7.960000038146973,7.980000019073486,1998,0.0,0.0
2024-07-11 14:50:00-04:00,7.980000019073486,7.980000019073486,7.980000019073486,7.980000019073486,333,0.0,0.0
2024-07-11 14:55:00-04:00,7.989999771118164,8.0,7.989999771118164,8.0,1282,0.0,0.0
2024-07-11 15:00:00-04:00,8.0,8.010000228881836,8.0,8.010000228881836,1705,0.0,0.0
2024-07-11 15:10:00-04:00,7.989999771118164,8.010000228881836,7.989999771118164,8.010000228881836,1076,0.0,0.0
2024-07-11 15:15:00-04:00,8.010000228881836,8.020000457763672,8.010000228881836,8.020000457763672,1017,0.0,0.0
2024-07-11 15:20:00-04:00,8.029999732971191,8.039999961853027,8.029999732971191,8.039999961853027,570,0.0,0.0
2024-07-11 15:25:00-04:00,8.020000457763672,8.029999732971191,8.020000457763672,8.024999618530273,1465,0.0,0.0
2024-07-11 15:30:00-04:00,8.050000190734863,8.100000381469727,8.050000190734863,8.100000381469727,4303,0.0,0.0
2024-07-11 15:35:00-04:00,8.100000381469727,8.110400199890137,8.079999923706055,8.079999923706055,4575,0.0,0.0
2024-07-11 15:40:00-04:00,8.09000015258789,8.09000015258789,8.020000457763672,8.020000457763672,5163,0.0,0.0
2024-07-11 15:45:00-04:00,8.039999961853027,8.0600004196167,8.010100364685059,8.050000190734863,4567,0.0,0.0
2024-07-11 15:50:00-04:00,8.050000190734863,8.050000190734863,8.010000228881836,8.039999961853027,6719,0.0,0.0
2024-07-11 15:55:00-04:00,8.029999732971191,8.0600004196167,8.020000457763672,8.050000190734863,14740,0.0,0.0
2024-07-12 09:30:00-04:00,8.170000076293945,8.170000076293945,8.119999885559082,8.119999885559082,2334,0.0,0.0
2024-07-12 09:35:00-04:00,8.149999618530273,8.170000076293945,8.119999885559082,8.154999732971191,2746,0.0,0.0
2024-07-12 09:40:00-04:00,8.154999732971191,8.170000076293945,8.130000114440918,8.130000114440918,821,0.0,0.0
2024-07-12 09:45:00-04:00,8.109999656677246,8.164999961853027,8.100099563598633,8.164999961853027,2263,0.0,0.0
2024-07-12 09:50:00-04:00,8.170000076293945,8.229999542236328,8.170000076293945,8.199999809265137,2976,0.0,0.0
2024-07-12 10:00:00-04:00,8.220000267028809,8.289999961853027,8.220000267028809,8.289999961853027,1622,0.0,0.0
2024-07-12 10:05:00-04:00,8.28499984741211,8.28499984741211,8.270000457763672,8.270000457763672,3391,0.0,0.0
2024-07-12 10:10:00-04:00,8.289999961853027,8.3100004196167,8.289999961853027,8.289999961853027,1496,0.0,0.0
2024-07-12 10:15:00-04:00,8.3100004196167,8.3100004196167,8.279999732971191,8.279999732971191,1141,0.0,0.0
2024-07-12 10:20:00-04:00,8.260000228881836,8.260000228881836,8.1899995803833,8.210000038146973,4064,0.0,0.0
2024-07-12 10:25:00-04:00,8.1899995803833,8.1899995803833,8.180100440979004,8.180100440979004,2654,0.0,0.0
2024-07-12 10:30:00-04:00,8.1899995803833,8.1899995803833,8.1899995803833,8.1899995803833,285,0.0,0.0
2024-07-12 10:35:00-04:00,8.234999656677246,8.25,8.210000038146973,8.25,2413,0.0,0.0
2024-07-12 10:40:00-04:00,8.228099822998047,8.260000228881836,8.227999687194824,8.260000228881836,1313,0.0,0.0
2024-07-12 10:45:00-04:00,8.244999885559082,8.28499984741211,8.244999885559082,8.28499984741211,2077,0.0,0.0
2024-07-12 10:50:00-04:00,8.300000190734863,8.3100004196167,8.300000190734863,8.305000305175781,3098,0.0,0.0
2024-07-12 10:55:00-04:00,8.305000305175781,8.329999923706055,8.305000305175781,8.329999923706055,1510,0.0,0.0
2024-07-12 11:00:00-04:00,8.305000305175781,8.329999923706055,8.300000190734863,8.300000190734863,4335,0.0,0.0
2024-07-12 11:05:00-04:00,8.280099868774414,8.300000190734863,8.280099868774414,8.300000190734863,2208,0.0,0.0
2024-07-12 11:10:00-04:00,8.279999732971191,8.280099868774414,8.239999771118164,8.239999771118164,1450,0.0,0.0
2024-07-12 11:15:00-04:00,8.220000267028809,8.220000267028809,8.180000305175781,8.18809986114502,1837,0.0,0.0
2024-07-12 11:20:00-04:00,8.179900169372559,8.179900169372559,8.15999984741211,8.15999984741211,2749,0.0,0.0
2024-07-12 11:25:00-04:00,8.164999961853027,8.164999961853027,8.119999885559082,8.149999618530273,5140,0.0,0.0
2024-07-12 11:40:00-04:00,8.050000190734863,8.050000190734863,8.039999961853027,8.04010009765625,2323,0.0,0.0
2024-07-12 11:45:00-04:00,8.09000015258789,8.109999656677246,8.09000015258789,8.109999656677246,2801,0.0,0.0
2024-07-12 12:00:00-04:00,8.085000038146973,8.085000038146973,8.085000038146973,8.085000038146973,237,0.0,0.0
2024-07-12 12:10:00-04:00,8.069999694824219,8.069999694824219,8.000100135803223,8.020000457763672,6649,0.0,0.0
2024-07-12 12:20:00-04:00,8.039999961853027,8.039999961853027,8.039999961853027,8.039999961853027,372,0.0,0.0
2024-07-12 12:25:00-04:00,8.0600004196167,8.0600004196167,8.0600004196167,8.0600004196167,841,0.0,0.0
2024-07-12 12:30:00-04:00,8.119999885559082,8.119999885559082,8.119999885559082,8.119999885559082,327,0.0,0.0
2024-07-12 12:40:00-04:00,8.119999885559082,8.119999885559082,8.085000038146973,8.104999542236328,6002,0.0,0.0
2024-07-12 12:50:00-04:00,8.104999542236328,8.130000114440918,8.104999542236328,8.130000114440918,255,0.0,0.0
2024-07-12 12:55:00-04:00,8.130000114440918,8.1850004196167,8.130000114440918,8.149999618530273,1736,0.0,0.0
2024-07-12 13:05:00-04:00,8.149999618530273,8.149999618530273,8.149999618530273,8.149999618530273,1205,0.0,0.0
2024-07-12 13:15:00-04:00,8.180000305175781,8.180000305175781,8.180000305175781,8.180000305175781,211,0.0,0.0
2024-07-12 13:20:00-04:00,8.180000305175781,8.199999809265137,8.149999618530273,8.199999809265137,2058,0.0,0.0
2024-07-12 13:25:00-04:00,8.1899995803833,8.1899995803833,8.15999984741211,8.15999984741211,1193,0.0,0.0
2024-07-12 13:30:00-04:00,8.180000305175781,8.180000305175781,8.180000305175781,8.180000305175781,620,0.0,0.0
2024-07-12 13:40:00-04:00,8.210000038146973,8.210000038146973,8.1850004196167,8.1850004196167,627,0.0,0.0
2024-07-12 13:45:00-04:00,8.1850004196167,8.1850004196167,8.1850004196167,8.1850004196167,9,0.0,0.0
2024-07-12 13:50:00-04:00,8.210000038146973,8.210000038146973,8.210000038146973,8.210000038146973,904,0.0,0.0
2024-07-12 13:55:00-04:00,8.170000076293945,8.1899995803833,8.160099983215332,8.160099983215332,1370,0.0,0.0
2024-07-12 14:10:00-04:00,8.1899995803833,8.1899995803833,8.109999656677246,8.15999984741211,10886,0.0,0.0
2024-07-12 14:20:00-04:00,8.149999618530273,8.149999618530273,8.119999885559082,8.119999885559082,1126,0.0,0.0
2024-07-12 14:25:00-04:00,8.09000015258789,8.09000015258789,8.09000015258789,8.09000015258789,311,0.0,0.0
2024-07-12 14:30:00-04:00,8.100000381469727,8.100000381469727,8.0600004196167,8.0600004196167,1018,0.0,0.0
2024-07-12 14:35:00-04:00,8.066800117492676,8.109999656677246,8.066800117492676,8.104999542236328,3426,0.0,0.0
2024-07-12 14:40:00-04:00,8.104999542236328,8.130000114440918,8.100000381469727,8.125,2067,0.0,0.0
2024-07-12 14:45:00-04:00,8.140000343322754,8.140000343322754,8.130000114440918,8.130000114440918,771,0.0,0.0
2024-07-12 14:50:00-04:00,8.130000114440918,8.149999618530273,8.130000114440918,8.135000228881836,1386,0.0,0.0
2024-07-12 14:55:00-04:00,8.135000228881836,8.135000228881836,8.135000228881836,8.135000228881836,272,0.0,0.0
2024-07-12 15:05:00-04:00,8.135000228881836,8.15999984741211,8.135000228881836,8.15999984741211,708,0.0,0.0
2024-07-12 15:10:00-04:00,8.119999885559082,8.119999885559082,8.109999656677246,8.109999656677246,1787,0.0,0.0
2024-07-12 15:20:00-04:00,8.125,8.125,8.125,8.125,200,0.0,0.0
2024-07-12 15:25:00-04:00,8.125,8.239999771118164,8.109999656677246,8.239999771118164,9688,0.0,0.0
2024-07-12 15:30:00-04:00,8.225000381469727,8.239999771118164,8.1899995803833,8.220000267028809,6918,0.0,0.0
2024-07-12 15:35:00-04:00,8.210000038146973,8.229999542236328,8.199999809265137,8.210000038146973,5811,0.0,0.0
2024-07-12 15:40:00-04:00,8.199999809265137,8.220000267028809,8.1899995803833,8.199999809265137,3679,0.0,0.0
2024-07-12 15:45:00-04:00,8.210000038146973,8.220000267028809,8.1899995803833,8.1899995803833,4783,0.0,0.0
2024-07-12 15:50:00-04:00,8.1899995803833,8.210000038146973,8.1899995803833,8.210000038146973,7255,0.0,0.0
2024-07-12 15:55:00-04:00,8.220000267028809,8.229999542236328,8.1899995803833,8.220000267028809,13768,0.0,0.0
2024-07-15 09:30:00-04:00,8.319999694824219,8.319999694824219,8.319999694824219,8.319999694824219,3055,0.0,0.0
2024-07-15 09:35:00-04:00,8.329999923706055,8.416500091552734,8.3149995803833,8.3149995803833,10741,0.0,0.0
2024-07-15 09:40:00-04:00,8.345000267028809,8.345000267028809,8.345000267028809,8.345000267028809,266,0.0,0.0
2024-07-15 09:45:00-04:00,8.359999656677246,8.414999961853027,8.340100288391113,8.414999961853027,2944,0.0,0.0
2024-07-15 09:50:00-04:00,8.390000343322754,8.449999809265137,8.390000343322754,8.449999809265137,2989,0.0,0.0
2024-07-15 09:55:00-04:00,8.479999542236328,8.579999923706055,8.479999542236328,8.5600004196167,4519,0.0,0.0
2024-07-15 10:00:00-04:00,8.579999923706055,8.579999923706055,8.510000228881836,8.510000228881836,2109,0.0,0.0
2024-07-15 10:05:00-04:00,8.550000190734863,8.5600004196167,8.550000190734863,8.550000190734863,721,0.0,0.0
2024-07-15 10:10:00-04:00,8.550000190734863,8.550000190734863,8.5,8.5,1519,0.0,0.0
2024-07-15 10:15:00-04:00,8.539899826049805,8.539899826049805,8.489999771118164,8.510000228881836,3105,0.0,0.0
2024-07-15 10:20:00-04:00,8.510000228881836,8.510000228881836,8.510000228881836,8.510000228881836,501,0.0,0.0
2024-07-15 10:25:00-04:00,8.52560043334961,8.52560043334961,8.52560043334961,8.52560043334961,142,0.0,0.0
2024-07-15 10:30:00-04:00,8.550000190734863,8.550000190734863,8.449999809265137,8.460000038146973,8716,0.0,0.0
2024-07-15 10:35:00-04:00,8.4399995803833,8.4399995803833,8.430000305175781,8.430000305175781,147,0.0,0.0
2024-07-15 10:40:00-04:00,8.46500015258789,8.470000267028809,8.430000305175781,8.4399995803833,1511,0.0,0.0
2024-07-15 10:45:00-04:00,8.449999809265137,8.460000038146973,8.4350004196167,8.444999694824219,804,0.0,0.0
2024-07-15 10:50:00-04:00,8.4399995803833,8.479999542236328,8.4399995803833,8.460000038146973,1477,0.0,0.0
2024-07-15 10:55:00-04:00,8.4399995803833,8.479999542236328,8.4399995803833,8.470000267028809,456,0.0,0.0
2024-07-15 11:00:00-04:00,8.46500015258789,8.538000106811523,8.46500015258789,8.520000457763672,1901,0.0,0.0
2024-07-15 11:10:00-04:00,8.524999618530273,8.529999732971191,8.520000457763672,8.529999732971191,1020,0.0,0.0
2024-07-15 11:15:00-04:00,8.529999732971191,8.529999732971191,8.529999732971191,8.529999732971191,217,0.0,0.0
2024-07-15 11:20:00-04:00,8.529999732971191,8.550000190734863,8.5,8.550000190734863,4755,0.0,0.0
2024-07-15 11:25:00-04:00,8.539999961853027,8.539999961853027,8.479999542236328,8.479999542236328,1967,0.0,0.0
2024-07-15 11:30:00-04:00,8.475000381469727,8.475000381469727,8.449999809265137,8.449999809265137,452,0.0,0.0
2024-07-15 11:35:00-04:00,8.476099967956543,8.479999542236328,8.475000381469727,8.479999542236328,513,0.0,0.0
2024-07-15 11:40:00-04:00,8.479999542236328,8.512900352478027,8.479999542236328,8.512900352478027,440,0.0,0.0
2024-07-15 11:45:00-04:00,8.479999542236328,8.5,8.470000267028809,8.489999771118164,1164,0.0,0.0
2024-07-15 11:50:00-04:00,8.5,8.520000457763672,8.484999656677246,8.520000457763672,550,0.0,0.0
2024-07-15 11:55:00-04:00,8.520000457763672,8.520000457763672,8.479999542236328,8.5,1434,0.0,0.0
2024-07-15 12:00:00-04:00,8.489999771118164,8.515999794006348,8.489999771118164,8.505000114440918,1958,0.0,0.0
2024-07-15 12:10:00-04:00,8.476499557495117,8.476499557495117,8.476499557495117,8.476499557495117,232,0.0,0.0
2024-07-15 12:15:00-04:00,8.510000228881836,8.510000228881836,8.4399995803833,8.449999809265137,3629,0.0,0.0
2024-07-15 12:20:00-04:00,8.47599983215332,8.489999771118164,8.460000038146973,8.489999771118164,1232,0.0,0.0
2024-07-15 12:25:00-04:00,8.5,8.5,8.5,8.5,843,0.0,0.0
2024-07-15 12:30:00-04:00,8.5,8.5,8.479999542236328,8.479999542236328,589,0.0,0.0
2024-07-15 12:35:00-04:00,8.479999542236328,8.479999542236328,8.479999542236328,8.479999542236328,918,0.0,0.0
2024-07-15 12:40:00-04:00,8.5,8.529999732971191,8.5,8.520000457763672,1472,0.0,0.0
2024-07-15 12:45:00-04:00,8.53499984741211,8.53499984741211,8.510000228881836,8.529999732971191,708,0.0,0.0
2024-07-15 12:50:00-04:00,8.510000228881836,8.510000228881836,8.5,8.5,1133,0.0,0.0
2024-07-15 13:00:00-04:00,8.489999771118164,8.489999771118164,8.470000267028809,8.470000267028809,1456,0.0,0.0
2024-07-15 13:05:00-04:00,8.449999809265137,8.489999771118164,8.449999809265137,8.489999771118164,1437,0.0,0.0
2024-07-15 13:15:00-04:00,8.510000228881836,8.520000457763672,8.489999771118164,8.489999771118164,1641,0.0,0.0
2024-07-15 13:20:00-04:00,8.510000228881836,8.510000228881836,8.510000228881836,8.510000228881836,453,0.0,0.0
2024-07-15 13:25:00-04:00,8.53499984741211,8.53499984741211,8.520000457763672,8.520000457763672,891,0.0,0.0
2024-07-15 13:30:00-04:00,8.510000228881836,8.510000228881836,8.510000228881836,8.510000228881836,494,0.0,0.0
2024-07-15 13:35:00-04:00,8.510000228881836,8.510000228881836,8.489999771118164,8.489999771118164,1895,0.0,0.0
2024-07-15 13:40:00-04:00,8.489999771118164,8.489999771118164,8.470000267028809,8.470000267028809,1231,0.0,0.0
2024-07-15 13:45:00-04:00,8.489999771118164,8.489999771118164,8.489999771118164,8.489999771118164,1317,0.0,0.0
2024-07-15 13:50:00-04:00,8.460000038146973,8.460000038146973,8.460000038146973,8.460000038146973,483,0.0,0.0
2024-07-15 13:55:00-04:00,8.494999885559082,8.494999885559082,8.470000267028809,8.470000267028809,1086,0.0,0.0
2024-07-15 14:00:00-04:00,8.489999771118164,8.489999771118164,8.484999656677246,8.489999771118164,1212,0.0,0.0
2024-07-15 14:05:00-04:00,8.484999656677246,8.489999771118164,8.484999656677246,8.489999771118164,476,0.0,0.0
2024-07-15 14:10:00-04:00,8.479999542236328,8.489999771118164,8.449999809265137,8.456999778747559,2083,0.0,0.0
2024-07-15 14:15:00-04:00,8.460000038146973,8.470000267028809,8.460000038146973,8.470000267028809,739,0.0,0.0
2024-07-15 14:20:00-04:00,8.489999771118164,8.489999771118164,8.489999771118164,8.489999771118164,340,0.0,0.0
2024-07-15 14:25:00-04:00,8.489999771118164,8.489999771118164,8.470000267028809,8.479999542236328,1064,0.0,0.0
2024-07-15 14:30:00-04:00,8.489999771118164,8.489999771118164,8.489999771118164,8.489999771118164,1373,0.0,0.0
2024-07-15 14:40:00-04:00,8.484999656677246,8.489999771118164,8.484999656677246,8.489999771118164,932,0.0,0.0
2024-07-15 14:45:00-04:00,8.489999771118164,8.489999771118164,8.48799991607666,8.489999771118164,1288,0.0,0.0
2024-07-15 14:50:00-04:00,8.497599601745605,8.497599601745605,8.470000267028809,8.470000267028809,458,0.0,0.0
2024-07-15 14:55:00-04:00,8.489999771118164,8.489999771118164,8.489999771118164,8.489999771118164,910,0.0,0.0
2024-07-15 15:00:00-04:00,8.494999885559082,8.494999885559082,8.489999771118164,8.489999771118164,3893,0.0,0.0
2024-07-15 15:05:00-04:00,8.499899864196777,8.499899864196777,8.479999542236328,8.489999771118164,1905,0.0,0.0
2024-07-15 15:10:00-04:00,8.5,8.550000190734863,8.489999771118164,8.520000457763672,5848,0.0,0.0
2024-07-15 15:15:00-04:00,8.529999732971191,8.529999732971191,8.529999732971191,8.529999732971191,201,0.0,0.0
2024-07-15 15:20:00-04:00,8.550000190734863,8.550000190734863,8.550000190734863,8.550000190734863,1486,0.0,0.0
2024-07-15 15:25:00-04:00,8.555000305175781,8.555000305175781,8.539999961853027,8.539999961853027,2955,0.0,0.0
2024-07-15 15:30:00-04:00,8.550000190734863,8.550000190734863,8.524999618530273,8.539999961853027,4949,0.0,0.0
2024-07-15 15:35:00-04:00,8.53499984741211,8.550600051879883,8.53499984741211,8.550000190734863,2936,0.0,0.0
2024-07-15 15:40:00-04:00,8.539999961853027,8.539999961853027,8.520000457763672,8.520000457763672,2063,0.0,0.0
2024-07-15 15:45:00-04:00,8.539999961853027,8.539999961853027,8.510000228881836,8.510000228881836,3740,0.0,0.0
2024-07-15 15:50:00-04:00,8.505000114440918,8.505000114440918,8.4399995803833,8.449999809265137,18122,0.0,0.0
2024-07-15 15:55:00-04:00,8.449999809265137,8.539999961853027,8.449999809265137,8.5,18375,0.0,0.0
2024-07-16 09:30:00-04:00,8.539999961853027,8.539999961853027,8.494999885559082,8.494999885559082,5848,0.0,0.0
2024-07-16 09:35:00-04:00,8.600000381469727,8.640000343322754,8.510000228881836,8.640000343322754,1902,0.0,0.0
2024-07-16 09:40:00-04:00,8.670000076293945,8.6899995803833,8.649999618530273,8.6899995803833,1851,0.0,0.0
2024-07-16 09:45:00-04:00,8.694999694824219,8.694999694824219,8.640000343322754,8.640000343322754,2372,0.0,0.0
2024-07-16 09:50:00-04:00,8.65999984741211,8.670000076293945,8.640000343322754,8.670000076293945,1805,0.0,0.0
2024-07-16 10:05:00-04:00,8.550000190734863,8.550000190734863,8.550000190734863,8.550000190734863,1072,0.0,0.0
2024-07-16 10:15:00-04:00,8.585000038146973,8.600000381469727,8.585000038146973,8.585000038146973,1612,0.0,0.0
2024-07-16 10:30:00-04:00,8.600000381469727,8.600000381469727,8.59000015258789,8.597999572753906,1553,0.0,0.0
2024-07-16 10:35:00-04:00,8.569999694824219,8.569999694824219,8.569999694824219,8.569999694824219,171,0.0,0.0
2024-07-16 10:40:00-04:00,8.570099830627441,8.570099830627441,8.570099830627441,8.570099830627441,401,0.0,0.0
2024-07-16 10:45:00-04:00,8.569999694824219,8.595000267028809,8.569999694824219,8.595000267028809,681,0.0,0.0
2024-07-16 10:55:00-04:00,8.59000015258789,8.63700008392334,8.59000015258789,8.619999885559082,3932,0.0,0.0
2024-07-16 11:00:00-04:00,8.664999961853027,8.675200462341309,8.664999961853027,8.675200462341309,498,0.0,0.0
2024-07-16 11:05:00-04:00,8.650300025939941,8.729999542236328,8.650300025939941,8.729999542236328,3150,0.0,0.0
2024-07-16 11:10:00-04:00,8.734000205993652,8.774999618530273,8.734000205993652,8.75,3397,0.0,0.0
2024-07-16 11:20:00-04:00,8.760000228881836,8.760000228881836,8.729999542236328,8.744999885559082,2334,0.0,0.0
2024-07-16 11:30:00-04:00,8.739999771118164,8.75,8.6899995803833,8.6899995803833,2000,0.0,0.0
2024-07-16 11:35:00-04:00,8.670000076293945,8.680000305175781,8.649999618530273,8.65999984741211,4299,0.0,0.0
2024-07-16 11:40:00-04:00,8.6899995803833,8.699999809265137,8.6899995803833,8.699999809265137,339,0.0,0.0
2024-07-16 11:45:00-04:00,8.680000305175781,8.6899995803833,8.670000076293945,8.6899995803833,1679,0.0,0.0
2024-07-16 11:50:00-04:00,8.6899995803833,8.710000038146973,8.6899995803833,8.710000038146973,2328,0.0,0.0
2024-07-16 11:55:00-04:00,8.720000267028809,8.720000267028809,8.670000076293945,8.670000076293945,2332,0.0,0.0
2024-07-16 12:00:00-04:00,8.680000305175781,8.691100120544434,8.649999618530273,8.649999618530273,2288,0.0,0.0
2024-07-16 12:05:00-04:00,8.649999618530273,8.649999618530273,8.649999618530273,8.649999618530273,1069,0.0,0.0
2024-07-16 12:15:00-04:00,8.640600204467773,8.640600204467773,8.619999885559082,8.619999885559082,2031,0.0,0.0
2024-07-16 12:20:00-04:00,8.640000343322754,8.65999984741211,8.640000343322754,8.65999984741211,403,0.0,0.0
2024-07-16 12:25:00-04:00,8.635000228881836,8.635000228881836,8.635000228881836,8.635000228881836,275,0.0,0.0
2024-07-16 12:30:00-04:00,8.635000228881836,8.635000228881836,8.635000228881836,8.635000228881836,104,0.0,0.0
2024-07-16 12:35:00-04:00,8.65999984741211,8.65999984741211,8.635000228881836,8.635000228881836,479,0.0,0.0
2024-07-16 12:45:00-04:00,8.65999984741211,8.65999984741211,8.609999656677246,8.640000343322754,4541,0.0,0.0
2024-07-16 12:50:00-04:00,8.652899742126465,8.680000305175781,8.640000343322754,8.680000305175781,1369,0.0,0.0
2024-07-16 12:55:00-04:00,8.6850004196167,8.6850004196167,8.6850004196167,8.6850004196167,456,0.0,0.0
2024-07-16 13:00:00-04:00,8.6850004196167,8.734999656677246,8.6850004196167,8.699999809265137,3985,0.0,0.0
2024-07-16 13:05:00-04:00,8.6899995803833,8.720000267028809,8.6899995803833,8.710000038146973,1415,0.0,0.0
2024-07-16 13:10:00-04:00,8.729900360107422,8.729900360107422,8.655699729919434,8.6899995803833,2813,0.0,0.0
2024-07-16 13:15:00-04:00,8.630000114440918,8.630000114440918,8.630000114440918,8.630000114440918,116,0.0,0.0
2024-07-16 13:20:00-04:00,8.644700050354004,8.644700050354004,8.630000114440918,8.630000114440918,1911,0.0,0.0
2024-07-16 13:25:00-04:00,8.619999885559082,8.619999885559082,8.619999885559082,8.619999885559082,1742,0.0,0.0
2024-07-16 13:30:00-04:00,8.649999618530273,8.649999618530273,8.649999618530273,8.649999618530273,225,0.0,0.0
2024-07-16 13:35:00-04:00,8.59000015258789,8.619999885559082,8.59000015258789,8.619999885559082,507,0.0,0.0
2024-07-16 13:40:00-04:00,8.649999618530273,8.649999618530273,8.649999618530273,8.649999618530273,105,0.0,0.0
2024-07-16 13:45:00-04:00,8.649999618530273,8.649999618530273,8.600000381469727,8.600000381469727,379,0.0,0.0
2024-07-16 13:50:00-04:00,8.649999618530273,8.649999618530273,8.625,8.625,573,0.0,0.0
2024-07-16 13:55:00-04:00,8.649999618530273,8.680000305175781,8.649999618530273,8.664999961853027,1818,0.0,0.0
2024-07-16 14:00:00-04:00,8.680000305175781,8.699999809265137,8.649999618530273,8.699999809265137,1071,0.0,0.0
2024-07-16 14:05:00-04:00,8.6899995803833,8.755000114440918,8.6899995803833,8.755000114440918,14512,0.0,0.0
2024-07-16 14:10:00-04:00,8.739999771118164,8.739999771118164,8.739999771118164,8.739999771118164,216,0.0,0.0
2024-07-16 14:15:00-04:00,8.760000228881836,8.760000228881836,8.710000038146973,8.710000038146973,2592,0.0,0.0
2024-07-16 14:25:00-04:00,8.720000267028809,8.739999771118164,8.720000267028809,8.739999771118164,325,0.0,0.0
2024-07-16 14:30:00-04:00,8.725000381469727,8.760000228881836,8.725000381469727,8.739999771118164,1102,0.0,0.0
2024-07-16 14:35:00-04:00,8.770000457763672,8.789999961853027,8.770000457763672,8.789999961853027,1644,0.0,0.0
2024-07-16 14:40:00-04:00,8.779999732971191,8.781700134277344,8.779999732971191,8.781700134277344,949,0.0,0.0
2024-07-16 14:45:00-04:00,8.819999694824219,8.819999694824219,8.805000305175781,8.805000305175781,889,0.0,0.0
2024-07-16 14:50:00-04:00,8.789999961853027,8.829999923706055,8.789999961853027,8.829999923706055,869,0.0,0.0
2024-07-16 14:55:00-04:00,8.850000381469727,8.850000381469727,8.8149995803833,8.829999923706055,4568,0.0,0.0
2024-07-16 15:00:00-04:00,8.842000007629395,8.842000007629395,8.770000457763672,8.800000190734863,3011,0.0,0.0
2024-07-16 15:05:00-04:00,8.805000305175781,8.849499702453613,8.795000076293945,8.795000076293945,416,0.0,0.0
2024-07-16 15:10:00-04:00,8.779999732971191,8.829999923706055,8.779999732971191,8.824199676513672,2148,0.0,0.0
2024-07-16 15:15:00-04:00,8.829999923706055,8.829999923706055,8.760000228881836,8.760000228881836,3484,0.0,0.0
2024-07-16 15:20:00-04:00,8.789999961853027,8.789999961853027,8.760000228881836,8.760000228881836,929,0.0,0.0
2024-07-16 15:25:00-04:00,8.770000457763672,8.770000457763672,8.770000457763672,8.770000457763672,704,0.0,0.0
2024-07-16 15:30:00-04:00,8.819999694824219,8.859999656677246,8.805000305175781,8.84000015258789,4476,0.0,0.0
2024-07-16 15:35:00-04:00,8.84000015258789,8.84000015258789,8.819999694824219,8.819999694824219,2235,0.0,0.0
2024-07-16 15:40:00-04:00,8.835000038146973,8.835000038146973,8.8100004196167,8.819999694824219,3135,0.0,0.0
2024-07-16 15:45:00-04:00,8.8100004196167,8.8100004196167,8.779999732971191,8.78499984741211,4117,0.0,0.0
2024-07-16 15:50:00-04:00,8.789999961853027,8.800000190734863,8.779999732971191,8.793499946594238,7530,0.0,0.0
2024-07-16 15:55:00-04:00,8.800000190734863,8.84000015258789,8.789999961853027,8.795000076293945,12932,0.0,0.0
2024-07-17 09:30:00-04:00,8.600000381469727,8.600000381469727,8.454999923706055,8.479999542236328,7946,0.0,0.0
2024-07-17 09:35:00-04:00,8.575499534606934,8.649999618530273,8.529999732971191,8.529999732971191,1147,0.0,0.0
2024-07-17 09:40:00-04:00,8.609999656677246,8.609999656677246,8.609999656677246,8.609999656677246,400,0.0,0.0
2024-07-17 09:45:00-04:00,8.640000343322754,8.664999961853027,8.609999656677246,8.609999656677246,1244,0.0,0.0
2024-07-17 09:50:00-04:00,8.699999809265137,8.699999809265137,8.699999809265137,8.699999809265137,349,0.0,0.0
2024-07-17 09:55:00-04:00,8.720000267028809,8.720000267028809,8.710000038146973,8.710000038146973,1621,0.0,0.0
2024-07-17 10:00:00-04:00,8.609999656677246,8.609999656677246,8.609999656677246,8.609999656677246,1293,0.0,0.0
2024-07-17 10:05:00-04:00,8.4399995803833,8.470000267028809,8.40999984741211,8.470000267028809,1326,0.0,0.0
2024-07-17 10:10:00-04:00,8.529999732971191,8.529999732971191,8.529999732971191,8.529999732971191,158,0.0,0.0
2024-07-17 10:15:00-04:00,8.520000457763672,8.520000457763672,8.520000457763672,8.520000457763672,279,0.0,0.0
2024-07-17 10:20:00-04:00,8.529999732971191,8.529999732971191,8.510000228881836,8.510000228881836,755,0.0,0.0
2024-07-17 10:25:00-04:00,8.520000457763672,8.520000457763672,8.5,8.5,941,0.0,0.0
2024-07-17 10:30:00-04:00,8.510000228881836,8.53499984741211,8.494999885559082,8.494999885559082,6875,0.0,0.0
2024-07-17 10:35:00-04:00,8.489999771118164,8.489999771118164,8.479999542236328,8.479999542236328,825,0.0,0.0
2024-07-17 10:40:00-04:00,8.489999771118164,8.5,8.470000267028809,8.5,1488,0.0,0.0
2024-07-17 10:45:00-04:00,8.5,8.5,8.5,8.5,361,0.0,0.0
2024-07-17 10:50:00-04:00,8.489999771118164,8.489999771118164,8.470000267028809,8.470000267028809,1100,0.0,0.0
2024-07-17 10:55:00-04:00,8.460000038146973,8.529999732971191,8.460000038146973,8.529999732971191,3202,0.0,0.0
2024-07-17 11:00:00-04:00,8.543800354003906,8.5600004196167,8.543800354003906,8.5600004196167,449,0.0,0.0
2024-07-17 11:05:00-04:00,8.569999694824219,8.569999694824219,8.5600004196167,8.5649995803833,1313,0.0,0.0
2024-07-17 11:10:00-04:00,8.550000190734863,8.550000190734863,8.550000190734863,8.550000190734863,443,0.0,0.0
2024-07-17 11:15:00-04:00,8.569999694824219,8.579999923706055,8.569999694824219,8.569999694824219,728,0.0,0.0
2024-07-17 11:20:00-04:00,8.5600004196167,8.5600004196167,8.5600004196167,8.5600004196167,2007,0.0,0.0
2024-07-17 11:35:00-04:00,8.5,8.524999618530273,8.5,8.517600059509277,4398,0.0,0.0
2024-07-17 11:40:00-04:00,8.510000228881836,8.510000228881836,8.5,8.5,1952,0.0,0.0
2024-07-17 11:45:00-04:00,8.508199691772461,8.508199691772461,8.508199691772461,8.508199691772461,937,0.0,0.0
2024-07-17 11:50:00-04:00,8.5,8.5,8.5,8.5,726,0.0,0.0
2024-07-17 11:55:00-04:00,8.539999961853027,8.539999961853027,8.539999961853027,8.539999961853027,558,0.0,0.0
2024-07-17 12:00:00-04:00,8.550000190734863,8.5600004196167,8.550000190734863,8.550000190734863,1530,0.0,0.0
2024-07-17 12:05:00-04:00,8.5,8.5,8.5,8.5,714,0.0,0.0
2024-07-17 12:10:00-04:00,8.5,8.5,8.5,8.5,4204,0.0,0.0
2024-07-17 12:15:00-04:00,8.5,8.5,8.5,8.5,959,0.0,0.0
2024-07-17 12:20:00-04:00,8.510000228881836,8.510000228881836,8.5,8.5,4615,0.0,0.0
2024-07-17 12:25:00-04:00,8.5,8.529999732971191,8.489999771118164,8.529999732971191,7052,0.0,0.0
2024-07-17 12:35:00-04:00,8.5,8.520000457763672,8.5,8.520000457763672,1240,0.0,0.0
2024-07-17 12:40:00-04:00,8.5,8.5,8.5,8.5,985,0.0,0.0
2024-07-17 12:45:00-04:00,8.5,8.5,8.5,8.5,1805,0.0,0.0
2024-07-17 12:50:00-04:00,8.505000114440918,8.529999732971191,8.505000114440918,8.529999732971191,3467,0.0,0.0
2024-07-17 12:55:00-04:00,8.539999961853027,8.555000305175781,8.539999961853027,8.555000305175781,1479,0.0,0.0
2024-07-17 13:05:00-04:00,8.539999961853027,8.539999961853027,8.539999961853027,8.539999961853027,681,0.0,0.0
2024-07-17 13:15:00-04:00,8.515000343322754,8.529999732971191,8.515000343322754,8.520000457763672,840,0.0,0.0
2024-07-17 13:20:00-04:00,8.520000457763672,8.520000457763672,8.520000457763672,8.520000457763672,515,0.0,0.0
2024-07-17 13:25:00-04:00,8.529999732971191,8.529999732971191,8.529999732971191,8.529999732971191,160,0.0,0.0
2024-07-17 13:30:00-04:00,8.5600004196167,8.5600004196167,8.520000457763672,8.520000457763672,3095,0.0,0.0
2024-07-17 13:35:00-04:00,8.569999694824219,8.569999694824219,8.5600004196167,8.5600004196167,820,0.0,0.0
2024-07-17 13:40:00-04:00,8.550000190734863,8.550000190734863,8.550000190734863,8.550000190734863,669,0.0,0.0
2024-07-17 13:50:00-04:00,8.5,8.515000343322754,8.5,8.515000343322754,576,0.0,0.0
2024-07-17 14:00:00-04:00,8.520000457763672,8.520000457763672,8.520000457763672,8.520000457763672,471,0.0,0.0
2024-07-17 14:05:00-04:00,8.529999732971191,8.550000190734863,8.520000457763672,8.550000190734863,1826,0.0,0.0
2024-07-17 14:10:00-04:00,8.5600004196167,8.579999923706055,8.550000190734863,8.550000190734863,2122,0.0,0.0
2024-07-17 14:15:00-04:00,8.5600004196167,8.569999694824219,8.5600004196167,8.569999694824219,511,0.0,0.0
2024-07-17 14:20:00-04:00,8.59000015258789,8.59000015258789,8.59000015258789,8.59000015258789,1677,0.0,0.0
2024-07-17 14:30:00-04:00,8.569999694824219,8.569999694824219,8.569999694824219,8.569999694824219,417,0.0,0.0
2024-07-17 14:35:00-04:00,8.5600004196167,8.5600004196167,8.5600004196167,8.5600004196167,832,0.0,0.0
2024-07-17 14:40:00-04:00,8.539999961853027,8.539999961853027,8.539999961853027,8.539999961853027,481,0.0,0.0
2024-07-17 14:45:00-04:00,8.5,8.510000228881836,8.5,8.5,6080,0.0,0.0
2024-07-17 14:50:00-04:00,8.5,8.529999732971191,8.5,8.510000228881836,1615,0.0,0.0
2024-07-17 14:55:00-04:00,8.548800468444824,8.548800468444824,8.548800468444824,8.548800468444824,581,0.0,0.0
2024-07-17 15:05:00-04:00,8.529999732971191,8.529999732971191,8.510000228881836,8.510000228881836,2094,0.0,0.0
2024-07-17 15:10:00-04:00,8.529999732971191,8.539999961853027,8.515000343322754,8.539999961853027,1786,0.0,0.0
2024-07-17 15:15:00-04:00,8.530099868774414,8.530099868774414,8.520000457763672,8.520000457763672,2289,0.0,0.0
2024-07-17 15:25:00-04:00,8.529999732971191,8.569999694824219,8.529999732971191,8.569999694824219,2104,0.0,0.0
2024-07-17 15:30:00-04:00,8.579999923706055,8.609999656677246,8.579999923706055,8.600000381469727,4745,0.0,0.0
2024-07-17 15:35:00-04:00,8.59000015258789,8.59000015258789,8.579999923706055,8.59000015258789,1440,0.0,0.0
2024-07-17 15:40:00-04:00,8.600000381469727,8.600000381469727,8.600000381469727,8.600000381469727,2990,0.0,0.0
2024-07-17 15:45:00-04:00,8.609999656677246,8.619000434875488,8.59000015258789,8.600000381469727,4660,0.0,0.0
2024-07-17 15:50:00-04:00,8.600000381469727,8.65999984741211,8.600000381469727,8.619999885559082,10811,0.0,0.0
2024-07-17 15:55:00-04:00,8.630000114440918,8.640000343322754,8.600000381469727,8.630000114440918,12181,0.0,0.0
2024-07-18 09:30:00-04:00,8.699999809265137,8.789999961853027,8.65999984741211,8.710000038146973,6911,0.0,0.0
2024-07-18 09:35:00-04:00,8.680000305175781,8.75,8.649999618530273,8.75,1813,0.0,0.0
2024-07-18 09:40:00-04:00,8.720000267028809,8.769000053405762,8.720000267028809,8.769000053405762,432,0.0,0.0
2024-07-18 09:45:00-04:00,8.779000282287598,8.779000282287598,8.744999885559082,8.744999885559082,912,0.0,0.0
2024-07-18 09:50:00-04:00,8.680000305175781,8.680000305175781,8.680000305175781,8.680000305175781,131,0.0,0.0
2024-07-18 09:55:00-04:00,8.6899995803833,8.6899995803833,8.687600135803223,8.687600135803223,367,0.0,0.0
2024-07-18 10:00:00-04:00,8.6850004196167,8.720000267028809,8.6850004196167,8.720000267028809,1556,0.0,0.0
2024-07-18 10:15:00-04:00,8.729999542236328,8.739999771118164,8.729999542236328,8.739999771118164,442,0.0,0.0
2024-07-18 10:20:00-04:00,8.729999542236328,8.729999542236328,8.71500015258789,8.71500015258789,736,0.0,0.0
2024-07-18 10:30:00-04:00,8.65999984741211,8.65999984741211,8.65999984741211,8.65999984741211,206,0.0,0.0
2024-07-18 10:35:00-04:00,8.65999984741211,8.65999984741211,8.65999984741211,8.65999984741211,223,0.0,0.0
2024-07-18 10:40:00-04:00,8.65999984741211,8.65999984741211,8.65999984741211,8.65999984741211,3045,0.0,0.0
2024-07-18 10:45:00-04:00,8.65999984741211,8.670000076293945,8.65999984741211,8.670000076293945,5084,0.0,0.0
2024-07-18 10:50:00-04:00,8.670000076293945,8.670000076293945,8.670000076293945,8.670000076293945,1445,0.0,0.0
2024-07-18 11:00:00-04:00,8.675000190734863,8.680000305175781,8.675000190734863,8.680000305175781,1250,0.0,0.0
2024-07-18 11:05:00-04:00,8.65999984741211,8.65999984741211,8.619999885559082,8.619999885559082,3776,0.0,0.0
2024-07-18 11:10:00-04:00,8.62030029296875,8.62030029296875,8.569999694824219,8.569999694824219,1072,0.0,0.0
2024-07-18 11:20:00-04:00,8.489999771118164,8.489999771118164,8.489999771118164,8.489999771118164,266,0.0,0.0
2024-07-18 11:30:00-04:00,8.479999542236328,8.479999542236328,8.460000038146973,8.470000267028809,1607,0.0,0.0
2024-07-18 11:35:00-04:00,8.470000267028809,8.510000228881836,8.470000267028809,8.505000114440918,1852,0.0,0.0
2024-07-18 11:40:00-04:00,8.505000114440918,8.505000114440918,8.505000114440918,8.505000114440918,366,0.0,0.0
2024-07-18 11:45:00-04:00,8.479999542236328,8.479999542236328,8.454999923706055,8.454999923706055,1304,0.0,0.0
2024-07-18 11:50:00-04:00,8.460000038146973,8.489999771118164,8.460000038146973,8.489999771118164,1033,0.0,0.0
2024-07-18 11:55:00-04:00,8.505000114440918,8.505000114440918,8.505000114440918,8.505000114440918,164,0.0,0.0
2024-07-18 12:00:00-04:00,8.489999771118164,8.510000228881836,8.489999771118164,8.5,1789,0.0,0.0
2024-07-18 12:05:00-04:00,8.520000457763672,8.529999732971191,8.520000457763672,8.529999732971191,1562,0.0,0.0
2024-07-18 12:10:00-04:00,8.529999732971191,8.529999732971191,8.520000457763672,8.520000457763672,2344,0.0,0.0
2024-07-18 12:20:00-04:00,8.539999961853027,8.539999961853027,8.529999732971191,8.529999732971191,1491,0.0,0.0
2024-07-18 12:30:00-04:00,8.5600004196167,8.5649995803833,8.550000190734863,8.550000190734863,1024,0.0,0.0
2024-07-18 12:35:00-04:00,8.569999694824219,8.569999694824219,8.569999694824219,8.569999694824219,149,0.0,0.0
2024-07-18 12:40:00-04:00,8.579999923706055,8.579999923706055,8.569999694824219,8.569999694824219,751,0.0,0.0
2024-07-18 12:45:00-04:00,8.59000015258789,8.604999542236328,8.59000015258789,8.600000381469727,1186,0.0,0.0
2024-07-18 12:50:00-04:00,8.618000030517578,8.649999618530273,8.610099792480469,8.610099792480469,6603,0.0,0.0
2024-07-18 12:55:00-04:00,8.609999656677246,8.609999656677246,8.609999656677246,8.609999656677246,1889,0.0,0.0
2024-07-18 13:10:00-04:00,8.569999694824219,8.579999923706055,8.569999694824219,8.579999923706055,449,0.0,0.0
2024-07-18 13:15:00-04:00,8.5600004196167,8.5600004196167,8.5600004196167,8.5600004196167,260,0.0,0.0
2024-07-18 13:20:00-04:00,8.579999923706055,8.579999923706055,8.579999923706055,8.579999923706055,385,0.0,0.0
2024-07-18 13:25:00-04:00,8.5600004196167,8.5600004196167,8.5600004196167,8.5600004196167,1651,0.0,0.0
2024-07-18 13:35:00-04:00,8.529999732971191,8.529999732971191,8.515000343322754,8.515000343322754,1063,0.0,0.0
2024-07-18 13:40:00-04:00,8.5,8.539999961853027,8.5,8.539999961853027,9609,0.0,0.0
2024-07-18 13:45:00-04:00,8.555000305175781,8.555000305175781,8.555000305175781,8.555000305175781,254,0.0,0.0
2024-07-18 13:50:00-04:00,8.539999961853027,8.539999961853027,8.539999961853027,8.539999961853027,502,0.0,0.0
2024-07-18 13:55:00-04:00,8.539999961853027,8.539999961853027,8.539999961853027,8.539999961853027,650,0.0,0.0
2024-07-18 14:00:00-04:00,8.5,8.510000228881836,8.5,8.5,1956,0.0,0.0
2024-07-18 14:05:00-04:00,8.520000457763672,8.520000457763672,8.5,8.500100135803223,3926,0.0,0.0
2024-07-18 14:10:00-04:00,8.5,8.510499954223633,8.5,8.5,5593,0.0,0.0
2024-07-18 14:15:00-04:00,8.5,8.505000114440918,8.5,8.5,1284,0.0,0.0
2024-07-18 14:20:00-04:00,8.5,8.510000228881836,8.5,8.510000228881836,1589,0.0,0.0
2024-07-18 14:25:00-04:00,8.5,8.5,8.420000076293945,8.420000076293945,3266,0.0,0.0
2024-07-18 14:30:00-04:00,8.390000343322754,8.390000343322754,8.359999656677246,8.359999656677246,1743,0.0,0.0
2024-07-18 14:35:00-04:00,8.390000343322754,8.420000076293945,8.388999938964844,8.390000343322754,5161,0.0,0.0
2024-07-18 14:40:00-04:00,8.390000343322754,8.396699905395508,8.390000343322754,8.390000343322754,2919,0.0,0.0
2024-07-18 14:45:00-04:00,8.399999618530273,8.399999618530273,8.390000343322754,8.396699905395508,2557,0.0,0.0
2024-07-18 14:50:00-04:00,8.390000343322754,8.399999618530273,8.388999938964844,8.395000457763672,6120,0.0,0.0
2024-07-18 14:55:00-04:00,8.40999984741211,8.40999984741211,8.399999618530273,8.40999984741211,1541,0.0,0.0
2024-07-18 15:00:00-04:00,8.430000305175781,8.430000305175781,8.430000305175781,8.430000305175781,1486,0.0,0.0
2024-07-18 15:05:00-04:00,8.390000343322754,8.399999618530273,8.390000343322754,8.390000343322754,3037,0.0,0.0
2024-07-18 15:10:00-04:00,8.393699645996094,8.393699645996094,8.289999961853027,8.3100004196167,9246,0.0,0.0
2024-07-18 15:15:00-04:00,8.289999961853027,8.289999961853027,8.289999961853027,8.289999961853027,729,0.0,0.0
2024-07-18 15:20:00-04:00,8.280099868774414,8.280099868774414,8.280099868774414,8.280099868774414,286,0.0,0.0
2024-07-18 15:25:00-04:00,8.300000190734863,8.390000343322754,8.289999961853027,8.390000343322754,10564,0.0,0.0
2024-07-18 15:30:00-04:00,8.390000343322754,8.40999984741211,8.390000343322754,8.404999732971191,2031,0.0,0.0
2024-07-18 15:35:00-04:00,8.399999618530273,8.430000305175781,8.395000457763672,8.430000305175781,3381,0.0,0.0
2024-07-18 15:40:00-04:00,8.430000305175781,8.4399995803833,8.430000305175781,8.430000305175781,1392,0.0,0.0
2024-07-18 15:45:00-04:00,8.425000190734863,8.520000457763672,8.425000190734863,8.470000267028809,10721,0.0,0.0
2024-07-18 15:50:00-04:00,8.470000267028809,8.470000267028809,8.420000076293945,8.420000076293945,1872,0.0,0.0
2024-07-18 15:55:00-04:00,8.420000076293945,8.430000305175781,8.399999618530273,8.40999984741211,6875,0.0,0.0
2024-07-19 09:30:00-04:00,8.399999618530273,8.399999618530273,8.329999923706055,8.329999923706055,6161,0.0,0.0
2024-07-19 09:40:00-04:00,8.529999732971191,8.529999732971191,8.430000305175781,8.4399995803833,2241,0.0,0.0
2024-07-19 09:45:00-04:00,8.404999732971191,8.420000076293945,8.404999732971191,8.420000076293945,388,0.0,0.0
2024-07-19 09:50:00-04:00,8.4399995803833,8.4399995803833,8.420000076293945,8.4399995803833,1279,0.0,0.0
2024-07-19 09:55:00-04:00,8.390000343322754,8.390000343322754,8.390000343322754,8.390000343322754,170,0.0,0.0
2024-07-19 10:00:00-04:00,8.359999656677246,8.359999656677246,8.359999656677246,8.359999656677246,842,0.0,0.0
2024-07-19 10:05:00-04:00,8.334500312805176,8.334500312805176,8.334500312805176,8.334500312805176,888,0.0,0.0
2024-07-19 10:10:00-04:00,8.358799934387207,8.358799934387207,8.34000015258789,8.34000015258789,1153,0.0,0.0
2024-07-19 10:15:00-04:00,8.305000305175781,8.320099830627441,8.25,8.25,1196,0.0,0.0
2024-07-19 10:20:00-04:00,8.289999961853027,8.289999961853027,8.289999961853027,8.289999961853027,459,0.0,0.0
2024-07-19 10:25:00-04:00,8.25,8.25,8.25,8.25,370,0.0,0.0
2024-07-19 10:30:00-04:00,8.279999732971191,8.300000190734863,8.251999855041504,8.251999855041504,1022,0.0,0.0
2024-07-19 10:35:00-04:00,8.25,8.25,8.25,8.25,397,0.0,0.0
2024-07-19 10:40:00-04:00,8.25,8.260000228881836,8.25,8.260000228881836,531,0.0,0.0
2024-07-19 10:45:00-04:00,8.229999542236328,8.255000114440918,8.229999542236328,8.255000114440918,1183,0.0,0.0
2024-07-19 10:50:00-04:00,8.239999771118164,8.239999771118164,8.239999771118164,8.239999771118164,215,0.0,0.0
2024-07-19 10:55:00-04:00,8.220000267028809,8.260000228881836,8.220000267028809,8.260000228881836,2026,0.0,0.0
2024-07-19 11:00:00-04:00,8.319999694824219,8.319999694824219,8.319999694824219,8.319999694824219,433,0.0,0.0
2024-07-19 11:05:00-04:00,8.279999732971191,8.279999732971191,8.270000457763672,8.270000457763672,626,0.0,0.0
2024-07-19 11:10:00-04:00,8.260000228881836,8.260000228881836,8.260000228881836,8.260000228881836,272,0.0,0.0
2024-07-19 11:15:00-04:00,8.270000457763672,8.270000457763672,8.260000228881836,8.260000228881836,949,0.0,0.0
2024-07-19 11:30:00-04:00,8.210000038146973,8.210000038146973,8.210000038146973,8.210000038146973,193,0.0,0.0
2024-07-19 11:35:00-04:00,8.229999542236328,8.239999771118164,8.225000381469727,8.239999771118164,776,0.0,0.0
2024-07-19 11:40:00-04:00,8.260000228881836,8.260000228881836,8.239999771118164,8.239999771118164,653,0.0,0.0
2024-07-19 11:45:00-04:00,8.244999885559082,8.244999885559082,8.244999885559082,8.244999885559082,971,0.0,0.0
2024-07-19 11:55:00-04:00,8.300000190734863,8.300000190734863,8.300000190734863,8.300000190734863,121,0.0,0.0
2024-07-19 12:00:00-04:00,8.3100004196167,8.3100004196167,8.3100004196167,8.3100004196167,1537,0.0,0.0
2024-07-19 12:20:00-04:00,8.270000457763672,8.270000457763672,8.270000457763672,8.270000457763672,504,0.0,0.0
2024-07-19 12:30:00-04:00,8.239999771118164,8.239999771118164,8.239999771118164,8.239999771118164,1007,0.0,0.0
2024-07-19 12:40:00-04:00,8.220000267028809,8.220000267028809,8.220000267028809,8.220000267028809,656,0.0,0.0
2024-07-19 12:50:00-04:00,8.229999542236328,8.229999542236328,8.229999542236328,8.229999542236328,754,0.0,0.0
2024-07-19 12:55:00-04:00,8.225000381469727,8.25,8.225000381469727,8.234999656677246,464,0.0,0.0
2024-07-19 13:00:00-04:00,8.220000267028809,8.260000228881836,8.220000267028809,8.260000228881836,1283,0.0,0.0
2024-07-19 13:15:00-04:00,8.229999542236328,8.229999542236328,8.210000038146973,8.220000267028809,1376,0.0,0.0
2024-07-19 13:20:00-04:00,8.1899995803833,8.1899995803833,8.1899995803833,8.1899995803833,534,0.0,0.0
2024-07-19 13:30:00-04:00,8.170000076293945,8.170000076293945,8.170000076293945,8.170000076293945,444,0.0,0.0
2024-07-19 13:40:00-04:00,8.180000305175781,8.180000305175781,8.180000305175781,8.180000305175781,1279,0.0,0.0
2024-07-19 13:50:00-04:00,8.1850004196167,8.1850004196167,8.1850004196167,8.1850004196167,951,0.0,0.0
2024-07-19 13:55:00-04:00,8.1850004196167,8.1850004196167,8.1850004196167,8.1850004196167,264,0.0,0.0
2024-07-19 14:00:00-04:00,8.1899995803833,8.1899995803833,8.170000076293945,8.1850004196167,1217,0.0,0.0
2024-07-19 14:05:00-04:00,8.175000190734863,8.175000190734863,8.175000190734863,8.175000190734863,639,0.0,0.0
2024-07-19 14:10:00-04:00,8.175000190734863,8.175000190734863,8.175000190734863,8.175000190734863,625,0.0,0.0
2024-07-19 14:20:00-04:00,8.149999618530273,8.149999618530273,8.149999618530273,8.149999618530273,479,0.0,0.0
2024-07-19 14:25:00-04:00,8.119999885559082,8.119999885559082,8.119999885559082,8.119999885559082,265,0.0,0.0
2024-07-19 14:30:00-04:00,8.119999885559082,8.119999885559082,8.090200424194336,8.109999656677246,1257,0.0,0.0
2024-07-19 14:35:00-04:00,8.119999885559082,8.119999885559082,8.109999656677246,8.109999656677246,1068,0.0,0.0
2024-07-19 14:40:00-04:00,8.100000381469727,8.100000381469727,8.100000381469727,8.100000381469727,464,0.0,0.0
2024-07-19 14:45:00-04:00,8.100000381469727,8.130000114440918,8.100000381469727,8.130000114440918,1339,0.0,0.0
2024-07-19 14:50:00-04:00,8.127099990844727,8.127099990844727,8.127099990844727,8.127099990844727,471,0.0,0.0
2024-07-19 15:00:00-04:00,8.140000343322754,8.15999984741211,8.140000343322754,8.15999984741211,1848,0.0,0.0
2024-07-19 15:05:00-04:00,8.154999732971191,8.154999732971191,8.154999732971191,8.154999732971191,364,0.0,0.0
2024-07-19 15:15:00-04:00,8.149999618530273,8.180000305175781,8.149999618530273,8.180000305175781,1402,0.0,0.0
2024-07-19 15:20:00-04:00,8.199999809265137,8.199999809265137,8.180000305175781,8.180000305175781,3372,0.0,0.0
2024-07-19 15:25:00-04:00,8.15999984741211,8.15999984741211,8.15999984741211,8.15999984741211,1348,0.0,0.0
2024-07-19 15:30:00-04:00,8.149999618530273,8.15999984741211,8.149999618530273,8.15999984741211,1219,0.0,0.0
2024-07-19 15:35:00-04:00,8.149999618530273,8.149999618530273,8.119999885559082,8.119999885559082,676,0.0,0.0
2024-07-19 15:40:00-04:00,8.135000228881836,8.135000228881836,8.119999885559082,8.119999885559082,2012,0.0,0.0
2024-07-19 15:45:00-04:00,8.119999885559082,8.119999885559082,8.109999656677246,8.119999885559082,819,0.0,0.0
2024-07-19 15:50:00-04:00,8.109999656677246,8.114999771118164,8.100000381469727,8.100000381469727,2774,0.0,0.0
2024-07-19 15:55:00-04:00,8.095000267028809,8.100000381469727,8.050000190734863,8.069999694824219,8581,0.0,0.0
