Datetime,Open,High,Low,Close,Volume,Dividends,Stock Splits,Capital Gains
2024-06-20 09:30:00-04:00,165.02000427246094,165.6699981689453,162.77000427246094,162.77000427246094,17269,0.0,0.0,0.0
2024-06-20 09:35:00-04:00,163.17550659179688,163.17550659179688,163.17550659179688,163.17550659179688,644,0.0,0.0,0.0
2024-06-20 09:40:00-04:00,164.69000244140625,165.19000244140625,164.62100219726562,165.19000244140625,2280,0.0,0.0,0.0
2024-06-20 09:45:00-04:00,164.91009521484375,165.53500366210938,164.91009521484375,165.53500366210938,987,0.0,0.0,0.0
2024-06-20 09:50:00-04:00,165.0,165.0023956298828,164.47999572753906,164.7899932861328,1614,0.0,0.0,0.0
2024-06-20 10:00:00-04:00,165.27000427246094,165.27000427246094,164.5,164.59010314941406,1566,0.0,0.0,0.0
2024-06-20 10:05:00-04:00,164.4799041748047,164.47999572753906,163.5,163.77439880371094,2008,0.0,0.0,0.0
2024-06-20 10:10:00-04:00,163.25,163.25,163.25,163.25,651,0.0,0.0,0.0
2024-06-20 10:15:00-04:00,162.22000122070312,162.27540588378906,162.07000732421875,162.07000732421875,1480,0.0,0.0,0.0
2024-06-20 10:20:00-04:00,162.27999877929688,162.5449981689453,162.2332000732422,162.5449981689453,1285,0.0,0.0,0.0
2024-06-20 10:25:00-04:00,162.82000732421875,163.0,162.82000732421875,163.0,1335,0.0,0.0,0.0
2024-06-20 10:35:00-04:00,163.27999877929688,163.27999877929688,163.27999877929688,163.27999877929688,601,0.0,0.0,0.0
2024-06-20 10:40:00-04:00,163.85000610351562,164.5399932861328,163.85000610351562,164.2100067138672,645,0.0,0.0,0.0
2024-06-20 10:45:00-04:00,163.82000732421875,163.82000732421875,163.81500244140625,163.81500244140625,941,0.0,0.0,0.0
2024-06-20 10:55:00-04:00,164.80999755859375,164.9759063720703,164.80999755859375,164.9759063720703,829,0.0,0.0,0.0
2024-06-20 11:00:00-04:00,165.1999969482422,165.3000030517578,164.85000610351562,164.85000610351562,2643,0.0,0.0,0.0
2024-06-20 11:05:00-04:00,165.0229949951172,165.47000122070312,165.0229949951172,165.44000244140625,1316,0.0,0.0,0.0
2024-06-20 11:10:00-04:00,165.35350036621094,165.35350036621094,165.35350036621094,165.35350036621094,266,0.0,0.0,0.0
2024-06-20 11:15:00-04:00,165.17979431152344,165.17979431152344,164.75,164.75,1785,0.0,0.0,0.0
2024-06-20 11:20:00-04:00,164.343994140625,164.343994140625,164.343994140625,164.343994140625,174,0.0,0.0,0.0
2024-06-20 11:25:00-04:00,164.37010192871094,164.37010192871094,164.37010192871094,164.37010192871094,567,0.0,0.0,0.0
2024-06-20 11:40:00-04:00,164.73500061035156,164.73500061035156,164.73500061035156,164.73500061035156,536,0.0,0.0,0.0
2024-06-20 11:45:00-04:00,164.55499267578125,164.55499267578125,164.55499267578125,164.55499267578125,1111,0.0,0.0,0.0
2024-06-20 12:15:00-04:00,163.1999969482422,163.1999969482422,163.1999969482422,163.1999969482422,356,0.0,0.0,0.0
2024-06-20 12:20:00-04:00,161.85000610351562,161.85000610351562,160.75,160.75,4111,0.0,0.0,0.0
2024-06-20 12:25:00-04:00,161.55999755859375,161.57000732421875,159.9499969482422,159.9499969482422,3450,0.0,0.0,0.0
2024-06-20 12:30:00-04:00,159.55999755859375,159.6356964111328,158.2899932861328,158.36000061035156,2984,0.0,0.0,0.0
2024-06-20 12:35:00-04:00,158.2100067138672,158.82000732421875,157.74000549316406,158.25999450683594,4562,0.0,0.0,0.0
2024-06-20 12:40:00-04:00,158.6699981689453,159.47999572753906,158.6699981689453,159.32000732421875,1214,0.0,0.0,0.0
2024-06-20 12:45:00-04:00,159.30999755859375,159.34190368652344,159.07000732421875,159.07000732421875,1624,0.0,0.0,0.0
2024-06-20 12:50:00-04:00,160.0113067626953,160.0113067626953,159.39999389648438,159.39999389648438,650,0.0,0.0,0.0
2024-06-20 12:55:00-04:00,159.44000244140625,159.4600067138672,159.0,159.00999450683594,1374,0.0,0.0,0.0
2024-06-20 13:00:00-04:00,158.8350067138672,158.8350067138672,158.52000427246094,158.52000427246094,1266,0.0,0.0,0.0
2024-06-20 13:05:00-04:00,157.94000244140625,158.41209411621094,157.1699981689453,157.5050048828125,3565,0.0,0.0,0.0
2024-06-20 13:10:00-04:00,157.6300048828125,158.25999450683594,157.6300048828125,158.25999450683594,399,0.0,0.0,0.0
2024-06-20 13:15:00-04:00,158.5601043701172,158.61000061035156,158.55999755859375,158.61000061035156,958,0.0,0.0,0.0
2024-06-20 13:25:00-04:00,157.9387969970703,157.9387969970703,157.9387969970703,157.9387969970703,757,0.0,0.0,0.0
2024-06-20 13:30:00-04:00,156.4199981689453,156.4199981689453,156.4199981689453,156.4199981689453,172,0.0,0.0,0.0
2024-06-20 13:35:00-04:00,155.74000549316406,156.17999267578125,155.61000061035156,156.17999267578125,1503,0.0,0.0,0.0
2024-06-20 13:40:00-04:00,156.0399932861328,156.86000061035156,156.02999877929688,156.86000061035156,1383,0.0,0.0,0.0
2024-06-20 13:50:00-04:00,157.66000366210938,157.6699981689453,157.66000366210938,157.6699981689453,658,0.0,0.0,0.0
2024-06-20 14:00:00-04:00,158.77000427246094,159.1199951171875,158.77000427246094,159.1199951171875,559,0.0,0.0,0.0
2024-06-20 14:05:00-04:00,159.47000122070312,159.55999755859375,159.47000122070312,159.55999755859375,302,0.0,0.0,0.0
2024-06-20 14:10:00-04:00,159.52999877929688,159.52999877929688,159.13999938964844,159.13999938964844,632,0.0,0.0,0.0
2024-06-20 14:15:00-04:00,159.42999267578125,159.42999267578125,159.42999267578125,159.42999267578125,291,0.0,0.0,0.0
2024-06-20 14:20:00-04:00,159.36199951171875,159.36199951171875,159.36199951171875,159.36199951171875,520,0.0,0.0,0.0
2024-06-20 14:30:00-04:00,159.6199951171875,159.6199951171875,159.41000366210938,159.41000366210938,892,0.0,0.0,0.0
2024-06-20 14:40:00-04:00,158.75,158.75,158.75,158.75,310,0.0,0.0,0.0
2024-06-20 14:50:00-04:00,158.5,158.5,158.27999877929688,158.27999877929688,598,0.0,0.0,0.0
2024-06-20 15:00:00-04:00,157.75,157.75,157.2100067138672,157.3800048828125,753,0.0,0.0,0.0
2024-06-20 15:05:00-04:00,157.56239318847656,157.64999389648438,157.56239318847656,157.64999389648438,474,0.0,0.0,0.0
2024-06-20 15:10:00-04:00,157.50999450683594,157.9499969482422,157.4199981689453,157.9499969482422,5647,0.0,0.0,0.0
2024-06-20 15:15:00-04:00,157.97000122070312,157.97000122070312,157.57000732421875,157.57000732421875,821,0.0,0.0,0.0
2024-06-20 15:20:00-04:00,157.30999755859375,157.30999755859375,156.69000244140625,156.69000244140625,987,0.0,0.0,0.0
2024-06-20 15:25:00-04:00,157.02000427246094,158.16000366210938,156.8800048828125,158.16000366210938,1614,0.0,0.0,0.0
2024-06-20 15:30:00-04:00,158.6199951171875,158.97500610351562,158.6199951171875,158.97500610351562,492,0.0,0.0,0.0
2024-06-20 15:35:00-04:00,159.17999267578125,159.17999267578125,158.22000122070312,158.24839782714844,1196,0.0,0.0,0.0
2024-06-20 15:40:00-04:00,158.8000030517578,158.9600067138672,158.8000030517578,158.9600067138672,1660,0.0,0.0,0.0
2024-06-20 15:45:00-04:00,159.52999877929688,159.5500030517578,159.1999969482422,159.1999969482422,1299,0.0,0.0,0.0
2024-06-20 15:50:00-04:00,159.10009765625,159.5281982421875,158.97999572753906,158.97999572753906,1775,0.0,0.0,0.0
2024-06-20 15:55:00-04:00,158.82000732421875,158.82000732421875,157.8699951171875,158.22999572753906,6122,0.0,0.0,0.0
2024-06-21 09:30:00-04:00,156.97000122070312,156.97000122070312,155.6699981689453,156.75,10056,0.0,0.0,0.0
2024-06-21 09:35:00-04:00,157.3000030517578,157.3000030517578,156.0,156.22000122070312,3195,0.0,0.0,0.0
2024-06-21 09:40:00-04:00,156.6300048828125,156.947998046875,156.42999267578125,156.947998046875,8822,0.0,0.0,0.0
2024-06-21 09:45:00-04:00,156.3800048828125,156.42999267578125,155.33999633789062,155.33999633789062,20648,0.0,0.0,0.0
2024-06-21 09:50:00-04:00,155.14999389648438,155.14999389648438,153.60000610351562,154.27999877929688,5028,0.0,0.0,0.0
2024-06-21 09:55:00-04:00,154.35000610351562,155.0500946044922,154.35000610351562,155.0500946044922,3319,0.0,0.0,0.0
2024-06-21 10:00:00-04:00,155.97000122070312,156.0500030517578,155.9600067138672,155.9600067138672,1963,0.0,0.0,0.0
2024-06-21 10:05:00-04:00,155.69000244140625,155.7100067138672,155.69000244140625,155.7100067138672,893,0.0,0.0,0.0
2024-06-21 10:10:00-04:00,155.5,156.30999755859375,155.5,156.24000549316406,3094,0.0,0.0,0.0
2024-06-21 10:15:00-04:00,156.66000366210938,156.66000366210938,156.66000366210938,156.66000366210938,469,0.0,0.0,0.0
2024-06-21 10:20:00-04:00,156.8800048828125,156.8800048828125,155.99000549316406,156.02000427246094,3103,0.0,0.0,0.0
2024-06-21 10:25:00-04:00,155.74000549316406,156.3300018310547,155.74000549316406,156.1300048828125,1504,0.0,0.0,0.0
2024-06-21 10:30:00-04:00,155.6699981689453,155.6999969482422,155.52000427246094,155.64999389648438,2647,0.0,0.0,0.0
2024-06-21 10:35:00-04:00,155.6300048828125,156.32000732421875,155.6300048828125,156.0,3628,0.0,0.0,0.0
2024-06-21 10:40:00-04:00,155.89999389648438,156.22999572753906,155.86000061035156,156.22999572753906,1452,0.0,0.0,0.0
2024-06-21 10:45:00-04:00,156.8800048828125,157.13999938964844,156.6999969482422,156.6999969482422,1467,0.0,0.0,0.0
2024-06-21 10:50:00-04:00,157.07000732421875,157.07000732421875,156.3800048828125,156.3800048828125,995,0.0,0.0,0.0
2024-06-21 10:55:00-04:00,156.67999267578125,157.2899932861328,156.3699951171875,157.2899932861328,956,0.0,0.0,0.0
2024-06-21 11:00:00-04:00,157.75,157.97000122070312,157.5800018310547,157.5800018310547,3461,0.0,0.0,0.0
2024-06-21 11:05:00-04:00,157.75,157.75999450683594,157.6699981689453,157.6699981689453,1889,0.0,0.0,0.0
2024-06-21 11:10:00-04:00,158.14999389648438,158.14999389648438,158.1300048828125,158.1300048828125,423,0.0,0.0,0.0
2024-06-21 11:15:00-04:00,158.0399932861328,158.60000610351562,158.0399932861328,158.47999572753906,1151,0.0,0.0,0.0
2024-06-21 11:25:00-04:00,158.44369506835938,158.44369506835938,157.50999450683594,157.50999450683594,1142,0.0,0.0,0.0
2024-06-21 11:30:00-04:00,157.08999633789062,157.13999938964844,156.83999633789062,156.83999633789062,1841,0.0,0.0,0.0
2024-06-21 11:35:00-04:00,157.0500030517578,157.6300048828125,157.0399932861328,157.50999450683594,1351,0.0,0.0,0.0
2024-06-21 11:40:00-04:00,158.10000610351562,158.13999938964844,158.10000610351562,158.13999938964844,1070,0.0,0.0,0.0
2024-06-21 11:45:00-04:00,158.52000427246094,159.08999633789062,158.52000427246094,159.08999633789062,5566,0.0,0.0,0.0
2024-06-21 11:50:00-04:00,159.16000366210938,159.66000366210938,159.16000366210938,159.66000366210938,1823,0.0,0.0,0.0
2024-06-21 12:00:00-04:00,159.92999267578125,159.92999267578125,159.58999633789062,159.69000244140625,1002,0.0,0.0,0.0
2024-06-21 12:05:00-04:00,160.0,160.03909301757812,159.1699981689453,159.1699981689453,2937,0.0,0.0,0.0
2024-06-21 12:10:00-04:00,159.04010009765625,159.04010009765625,158.91000366210938,158.91000366210938,1063,0.0,0.0,0.0
2024-06-21 12:15:00-04:00,159.2100067138672,159.47999572753906,159.1999969482422,159.47999572753906,1341,0.0,0.0,0.0
2024-06-21 12:20:00-04:00,159.3699951171875,159.4281005859375,159.3699951171875,159.4281005859375,1384,0.0,0.0,0.0
2024-06-21 12:25:00-04:00,159.19000244140625,159.19000244140625,158.8966064453125,158.8966064453125,820,0.0,0.0,0.0
2024-06-21 12:30:00-04:00,159.4600067138672,159.4600067138672,159.4600067138672,159.4600067138672,112,0.0,0.0,0.0
2024-06-21 12:40:00-04:00,159.24000549316406,159.24000549316406,159.24000549316406,159.24000549316406,130,0.0,0.0,0.0
2024-06-21 12:45:00-04:00,158.67999267578125,158.67999267578125,158.4600067138672,158.4600067138672,1395,0.0,0.0,0.0
2024-06-21 12:50:00-04:00,158.44000244140625,158.44000244140625,158.24000549316406,158.24000549316406,907,0.0,0.0,0.0
2024-06-21 12:55:00-04:00,158.08999633789062,158.08999633789062,158.08999633789062,158.08999633789062,359,0.0,0.0,0.0
2024-06-21 13:00:00-04:00,158.0399932861328,158.0399932861328,158.0399932861328,158.0399932861328,225,0.0,0.0,0.0
2024-06-21 13:10:00-04:00,158.2899932861328,158.2899932861328,158.0399932861328,158.0399932861328,1419,0.0,0.0,0.0
2024-06-21 13:15:00-04:00,157.77000427246094,157.77000427246094,157.2100067138672,157.22999572753906,2688,0.0,0.0,0.0
2024-06-21 13:20:00-04:00,157.3000030517578,157.33999633789062,156.8699951171875,156.8699951171875,905,0.0,0.0,0.0
2024-06-21 13:25:00-04:00,157.0399932861328,157.24000549316406,157.0399932861328,157.22999572753906,1124,0.0,0.0,0.0
2024-06-21 13:30:00-04:00,157.0800018310547,157.0800018310547,156.6300048828125,156.6300048828125,1304,0.0,0.0,0.0
2024-06-21 13:35:00-04:00,156.64999389648438,156.6699981689453,156.60000610351562,156.6699981689453,391,0.0,0.0,0.0
2024-06-21 13:40:00-04:00,156.35000610351562,156.41000366210938,156.16000366210938,156.16000366210938,729,0.0,0.0,0.0
2024-06-21 13:45:00-04:00,156.5500030517578,156.5500030517578,156.5,156.5,914,0.0,0.0,0.0
2024-06-21 13:50:00-04:00,157.17999267578125,157.32000732421875,157.14999389648438,157.32000732421875,1073,0.0,0.0,0.0
2024-06-21 14:05:00-04:00,156.30999755859375,156.30999755859375,156.30999755859375,156.30999755859375,164,0.0,0.0,0.0
2024-06-21 14:10:00-04:00,156.5,156.5,156.5,156.5,245,0.0,0.0,0.0
2024-06-21 14:15:00-04:00,157.00999450683594,157.00999450683594,157.00999450683594,157.00999450683594,467,0.0,0.0,0.0
2024-06-21 14:20:00-04:00,157.0500030517578,157.0500030517578,156.88999938964844,156.88999938964844,761,0.0,0.0,0.0
2024-06-21 14:25:00-04:00,157.1300048828125,157.35000610351562,157.0500030517578,157.35000610351562,779,0.0,0.0,0.0
2024-06-21 14:30:00-04:00,157.11000061035156,157.1699981689453,157.11000061035156,157.1699981689453,332,0.0,0.0,0.0
2024-06-21 14:35:00-04:00,156.99000549316406,156.99000549316406,156.6300048828125,156.6300048828125,654,0.0,0.0,0.0
2024-06-21 14:40:00-04:00,156.8300018310547,156.8699951171875,156.7899932861328,156.7899932861328,9033,0.0,0.0,0.0
2024-06-21 14:45:00-04:00,157.00999450683594,157.02999877929688,157.00999450683594,157.02999877929688,202,0.0,0.0,0.0
2024-06-21 14:50:00-04:00,156.82000732421875,156.82000732421875,156.82000732421875,156.82000732421875,249,0.0,0.0,0.0
2024-06-21 15:15:00-04:00,157.55999755859375,157.55999755859375,157.55999755859375,157.55999755859375,377,0.0,0.0,0.0
2024-06-21 15:30:00-04:00,157.27000427246094,157.27000427246094,157.27000427246094,157.27000427246094,423,0.0,0.0,0.0
2024-06-21 15:40:00-04:00,157.60000610351562,157.60000610351562,157.60000610351562,157.60000610351562,528,0.0,0.0,0.0
2024-06-21 15:45:00-04:00,156.8800048828125,156.8800048828125,156.8699951171875,156.8699951171875,370,0.0,0.0,0.0
2024-06-21 15:50:00-04:00,157.5500030517578,157.63999938964844,157.5500030517578,157.63999938964844,679,0.0,0.0,0.0
2024-06-21 15:55:00-04:00,157.71620178222656,157.71620178222656,156.9499969482422,157.13999938964844,3189,0.0,0.0,0.0
2024-06-24 09:30:00-04:00,156.22000122070312,158.61000061035156,156.00999450683594,158.22999572753906,9377,0.0,0.0,0.0
2024-06-24 09:35:00-04:00,157.72000122070312,157.97000122070312,156.67999267578125,156.67999267578125,4951,0.0,0.0,0.0
2024-06-24 09:40:00-04:00,156.36000061035156,156.36000061035156,156.36000061035156,156.36000061035156,465,0.0,0.0,0.0
2024-06-24 09:45:00-04:00,155.9499969482422,155.9499969482422,155.9499969482422,155.9499969482422,500,0.0,0.0,0.0
2024-06-24 09:50:00-04:00,155.08999633789062,155.6199951171875,155.08999633789062,155.6199951171875,1164,0.0,0.0,0.0
2024-06-24 09:55:00-04:00,157.02000427246094,157.02000427246094,157.02000427246094,157.02000427246094,274,0.0,0.0,0.0
2024-06-24 10:00:00-04:00,157.89959716796875,157.89959716796875,157.6999969482422,157.6999969482422,572,0.0,0.0,0.0
2024-06-24 10:05:00-04:00,157.8280029296875,157.8280029296875,157.8280029296875,157.8280029296875,355,0.0,0.0,0.0
2024-06-24 10:15:00-04:00,157.1999969482422,157.1999969482422,157.08999633789062,157.08999633789062,454,0.0,0.0,0.0
2024-06-24 10:20:00-04:00,157.08999633789062,157.08999633789062,157.08999633789062,157.08999633789062,445,0.0,0.0,0.0
2024-06-24 10:25:00-04:00,156.77999877929688,156.77999877929688,154.98109436035156,154.98109436035156,1842,0.0,0.0,0.0
2024-06-24 10:35:00-04:00,155.81190490722656,155.81190490722656,155.81190490722656,155.81190490722656,286,0.0,0.0,0.0
2024-06-24 10:40:00-04:00,155.02000427246094,155.02000427246094,153.67999267578125,153.67999267578125,2072,0.0,0.0,0.0
2024-06-24 10:45:00-04:00,153.1999969482422,153.1999969482422,152.0,152.0,1752,0.0,0.0,0.0
2024-06-24 10:50:00-04:00,151.88999938964844,152.4499969482422,151.88999938964844,152.2198944091797,1696,0.0,0.0,0.0
2024-06-24 10:55:00-04:00,152.47000122070312,152.7100067138672,152.47000122070312,152.7100067138672,680,0.0,0.0,0.0
2024-06-24 11:00:00-04:00,153.9600067138672,153.9600067138672,153.9600067138672,153.9600067138672,296,0.0,0.0,0.0
2024-06-24 11:05:00-04:00,154.29010009765625,154.3101043701172,154.23590087890625,154.23590087890625,451,0.0,0.0,0.0
2024-06-24 11:10:00-04:00,154.38519287109375,155.0,154.38519287109375,155.0,1950,0.0,0.0,0.0
2024-06-24 11:15:00-04:00,154.6999969482422,154.6999969482422,154.6999969482422,154.6999969482422,319,0.0,0.0,0.0
2024-06-24 11:20:00-04:00,154.7899932861328,154.7899932861328,154.33999633789062,154.33999633789062,832,0.0,0.0,0.0
2024-06-24 11:25:00-04:00,154.5572052001953,154.5572052001953,154.5572052001953,154.5572052001953,162,0.0,0.0,0.0
2024-06-24 11:30:00-04:00,153.93499755859375,154.01010131835938,153.88999938964844,154.01010131835938,503,0.0,0.0,0.0
2024-06-24 11:35:00-04:00,154.77999877929688,155.14999389648438,154.77999877929688,155.09500122070312,622,0.0,0.0,0.0
2024-06-24 11:40:00-04:00,155.14999389648438,155.14999389648438,155.02999877929688,155.02999877929688,326,0.0,0.0,0.0
2024-06-24 11:45:00-04:00,154.80999755859375,154.80999755859375,154.80999755859375,154.80999755859375,298,0.0,0.0,0.0
2024-06-24 12:00:00-04:00,154.64779663085938,154.64779663085938,154.6472930908203,154.6472930908203,1605,0.0,0.0,0.0
2024-06-24 12:05:00-04:00,154.75999450683594,154.75999450683594,154.75999450683594,154.75999450683594,505,0.0,0.0,0.0
2024-06-24 12:10:00-04:00,154.13499450683594,154.13499450683594,154.13499450683594,154.13499450683594,620,0.0,0.0,0.0
2024-06-24 12:15:00-04:00,154.29989624023438,154.29989624023438,154.29989624023438,154.29989624023438,126,0.0,0.0,0.0
2024-06-24 12:20:00-04:00,154.81500244140625,154.81500244140625,154.81500244140625,154.81500244140625,380,0.0,0.0,0.0
2024-06-24 12:25:00-04:00,154.39999389648438,154.46499633789062,154.38999938964844,154.38999938964844,1891,0.0,0.0,0.0
2024-06-24 12:30:00-04:00,154.47999572753906,154.47999572753906,154.47999572753906,154.47999572753906,257,0.0,0.0,0.0
2024-06-24 12:35:00-04:00,154.7899932861328,154.8000030517578,154.7899932861328,154.8000030517578,411,0.0,0.0,0.0
2024-06-24 12:40:00-04:00,154.16000366210938,154.16000366210938,154.16000366210938,154.16000366210938,372,0.0,0.0,0.0
2024-06-24 12:55:00-04:00,153.0,153.14990234375,152.9199981689453,153.14990234375,575,0.0,0.0,0.0
2024-06-24 13:05:00-04:00,152.77999877929688,152.77999877929688,152.16990661621094,152.16990661621094,3186,0.0,0.0,0.0
2024-06-24 13:10:00-04:00,151.82000732421875,151.82000732421875,151.82000732421875,151.82000732421875,353,0.0,0.0,0.0
2024-06-24 13:20:00-04:00,152.22000122070312,152.22000122070312,151.94000244140625,151.94000244140625,1527,0.0,0.0,0.0
2024-06-24 13:25:00-04:00,152.14999389648438,152.14999389648438,152.14999389648438,152.14999389648438,111,0.0,0.0,0.0
2024-06-24 13:30:00-04:00,151.66000366210938,151.66000366210938,151.14599609375,151.14599609375,589,0.0,0.0,0.0
2024-06-24 13:40:00-04:00,151.84840393066406,151.84840393066406,151.84840393066406,151.84840393066406,420,0.0,0.0,0.0
2024-06-24 14:00:00-04:00,151.3800048828125,151.38999938964844,151.32049560546875,151.32049560546875,1380,0.0,0.0,0.0
2024-06-24 14:30:00-04:00,150.4199981689453,150.49000549316406,150.39999389648438,150.39999389648438,1407,0.0,0.0,0.0
2024-06-24 14:35:00-04:00,150.8300018310547,151.25,150.8300018310547,151.25,618,0.0,0.0,0.0
2024-06-24 14:40:00-04:00,151.0,151.0,151.0,151.0,425,0.0,0.0,0.0
2024-06-24 14:45:00-04:00,151.9075927734375,151.9075927734375,151.9075927734375,151.9075927734375,267,0.0,0.0,0.0
2024-06-24 14:50:00-04:00,151.91000366210938,152.10989379882812,151.91000366210938,152.10989379882812,522,0.0,0.0,0.0
2024-06-24 15:00:00-04:00,152.3800048828125,152.38999938964844,152.3730926513672,152.3730926513672,1153,0.0,0.0,0.0
2024-06-24 15:05:00-04:00,152.82000732421875,152.82000732421875,152.82000732421875,152.82000732421875,184,0.0,0.0,0.0
2024-06-24 15:10:00-04:00,152.7301025390625,152.7301025390625,152.7301025390625,152.7301025390625,869,0.0,0.0,0.0
2024-06-24 15:20:00-04:00,152.5749969482422,152.5749969482422,152.5749969482422,152.5749969482422,178,0.0,0.0,0.0
2024-06-24 15:30:00-04:00,152.77999877929688,152.77999877929688,152.60009765625,152.60009765625,376,0.0,0.0,0.0
2024-06-24 15:35:00-04:00,152.0,152.0,152.0,152.0,260,0.0,0.0,0.0
2024-06-24 15:45:00-04:00,151.32000732421875,151.32000732421875,150.7100067138672,150.7100067138672,1180,0.0,0.0,0.0
2024-06-24 15:50:00-04:00,151.0,151.07000732421875,150.89999389648438,150.89999389648438,872,0.0,0.0,0.0
2024-06-24 15:55:00-04:00,150.4199981689453,150.4199981689453,150.0,150.0,3645,0.0,0.0,0.0
2024-06-25 09:30:00-04:00,152.3000030517578,152.3000030517578,151.32000732421875,151.5,10892,0.0,0.0,0.0
2024-06-25 09:35:00-04:00,151.14999389648438,151.1699981689453,150.00999450683594,150.00999450683594,4014,0.0,0.0,0.0
2024-06-25 09:40:00-04:00,151.0,151.46499633789062,151.0,151.0500030517578,1105,0.0,0.0,0.0
2024-06-25 09:55:00-04:00,151.3300018310547,151.9375,151.3300018310547,151.9375,855,0.0,0.0,0.0
2024-06-25 10:00:00-04:00,151.4949951171875,152.5601043701172,151.4949951171875,152.55999755859375,1107,0.0,0.0,0.0
2024-06-25 10:05:00-04:00,152.86000061035156,153.33399963378906,152.86000061035156,153.33399963378906,1375,0.0,0.0,0.0
2024-06-25 10:10:00-04:00,153.75,153.75,153.75,153.75,250,0.0,0.0,0.0
2024-06-25 10:15:00-04:00,153.35989379882812,153.35989379882812,153.35989379882812,153.35989379882812,944,0.0,0.0,0.0
2024-06-25 10:25:00-04:00,153.6699981689453,153.6699981689453,153.41000366210938,153.41000366210938,1695,0.0,0.0,0.0
2024-06-25 10:30:00-04:00,153.72999572753906,153.72999572753906,153.6999969482422,153.6999969482422,289,0.0,0.0,0.0
2024-06-25 10:35:00-04:00,153.5,153.9508056640625,153.5,153.64999389648438,1199,0.0,0.0,0.0
2024-06-25 10:40:00-04:00,153.57000732421875,153.57000732421875,153.52980041503906,153.52980041503906,277,0.0,0.0,0.0
2024-06-25 10:45:00-04:00,153.5,153.80999755859375,153.5,153.6199951171875,462,0.0,0.0,0.0
2024-06-25 10:50:00-04:00,153.4199981689453,153.4199981689453,153.4199981689453,153.4199981689453,460,0.0,0.0,0.0
2024-06-25 11:00:00-04:00,154.25,154.25,154.25,154.25,171,0.0,0.0,0.0
2024-06-25 11:05:00-04:00,154.08999633789062,154.6147003173828,154.08999633789062,154.2899932861328,456,0.0,0.0,0.0
2024-06-25 11:10:00-04:00,154.41000366210938,154.89999389648438,154.41000366210938,154.89999389648438,844,0.0,0.0,0.0
2024-06-25 11:15:00-04:00,154.99000549316406,155.5299072265625,154.9199981689453,155.5299072265625,1118,0.0,0.0,0.0
2024-06-25 11:20:00-04:00,155.25999450683594,155.25999450683594,155.25999450683594,155.25999450683594,431,0.0,0.0,0.0
2024-06-25 11:25:00-04:00,155.0,155.0399932861328,155.0,155.0399932861328,887,0.0,0.0,0.0
2024-06-25 11:30:00-04:00,155.48519897460938,155.48519897460938,155.48519897460938,155.48519897460938,1054,0.0,0.0,0.0
2024-06-25 11:45:00-04:00,155.63999938964844,155.63999938964844,155.63999938964844,155.63999938964844,643,0.0,0.0,0.0
2024-06-25 11:55:00-04:00,156.0,156.08999633789062,155.8686065673828,155.8686065673828,689,0.0,0.0,0.0
2024-06-25 12:10:00-04:00,155.2487030029297,155.2487030029297,155.2487030029297,155.2487030029297,305,0.0,0.0,0.0
2024-06-25 12:20:00-04:00,154.4136962890625,154.4136962890625,154.41259765625,154.41259765625,583,0.0,0.0,0.0
2024-06-25 12:30:00-04:00,154.18499755859375,154.35000610351562,154.18499755859375,154.2667999267578,523,0.0,0.0,0.0
2024-06-25 12:35:00-04:00,154.25999450683594,154.27000427246094,154.25999450683594,154.27000427246094,300,0.0,0.0,0.0
2024-06-25 12:40:00-04:00,154.0850067138672,154.0850067138672,154.0850067138672,154.0850067138672,432,0.0,0.0,0.0
2024-06-25 13:00:00-04:00,152.8800048828125,152.94000244140625,152.8800048828125,152.94000244140625,284,0.0,0.0,0.0
2024-06-25 13:05:00-04:00,153.0,153.1999969482422,153.0,153.1999969482422,241,0.0,0.0,0.0
2024-06-25 13:10:00-04:00,153.29010009765625,153.77999877929688,153.29010009765625,153.77999877929688,282,0.0,0.0,0.0
2024-06-25 13:35:00-04:00,153.47999572753906,153.47999572753906,153.47999572753906,153.47999572753906,164,0.0,0.0,0.0
2024-06-25 13:45:00-04:00,154.44000244140625,154.44000244140625,154.44000244140625,154.44000244140625,266,0.0,0.0,0.0
2024-06-25 14:00:00-04:00,154.8878936767578,154.8878936767578,154.8878936767578,154.8878936767578,604,0.0,0.0,0.0
2024-06-25 14:10:00-04:00,155.02999877929688,155.02999877929688,155.02999877929688,155.02999877929688,392,0.0,0.0,0.0
2024-06-25 14:20:00-04:00,155.10000610351562,155.10000610351562,155.10000610351562,155.10000610351562,249,0.0,0.0,0.0
2024-06-25 14:30:00-04:00,155.66000366210938,155.66000366210938,155.57000732421875,155.57000732421875,362,0.0,0.0,0.0
2024-06-25 14:35:00-04:00,155.32029724121094,155.32029724121094,155.32029724121094,155.32029724121094,221,0.0,0.0,0.0
2024-06-25 14:45:00-04:00,154.49000549316406,154.49000549316406,154.49000549316406,154.49000549316406,332,0.0,0.0,0.0
2024-06-25 15:15:00-04:00,155.72500610351562,155.72500610351562,155.72500610351562,155.72500610351562,680,0.0,0.0,0.0
2024-06-25 15:30:00-04:00,156.03469848632812,156.03469848632812,156.03469848632812,156.03469848632812,161,0.0,0.0,0.0
2024-06-25 15:35:00-04:00,155.6593017578125,155.6593017578125,155.6593017578125,155.6593017578125,167,0.0,0.0,0.0
2024-06-25 15:45:00-04:00,155.5,155.5,155.5,155.5,107,0.0,0.0,0.0
2024-06-25 15:50:00-04:00,155.29510498046875,155.58999633789062,155.29510498046875,155.58999633789062,334,0.0,0.0,0.0
2024-06-25 15:55:00-04:00,155.8856964111328,156.39999389648438,155.8856964111328,156.39999389648438,1819,0.0,0.0,0.0
2024-06-26 09:30:00-04:00,156.08999633789062,157.22500610351562,156.08999633789062,156.31509399414062,5527,0.0,0.0,0.0
2024-06-26 09:35:00-04:00,156.2899932861328,156.4199981689453,156.2899932861328,156.4199981689453,875,0.0,0.0,0.0
2024-06-26 09:45:00-04:00,158.0,158.0,158.0,158.0,1010,0.0,0.0,0.0
2024-06-26 09:50:00-04:00,157.66549682617188,158.5050048828125,157.66549682617188,158.1699981689453,1088,0.0,0.0,0.0
2024-06-26 09:55:00-04:00,158.34779357910156,158.34779357910156,157.60499572753906,157.60499572753906,845,0.0,0.0,0.0
2024-06-26 10:00:00-04:00,157.7899932861328,157.7899932861328,157.7899932861328,157.7899932861328,610,0.0,0.0,0.0
2024-06-26 10:05:00-04:00,159.0,159.1300048828125,159.0,159.02000427246094,974,0.0,0.0,0.0
2024-06-26 10:15:00-04:00,158.5800018310547,158.78500366210938,158.5800018310547,158.78500366210938,910,0.0,0.0,0.0
2024-06-26 10:20:00-04:00,158.8699951171875,158.8699951171875,158.8699951171875,158.8699951171875,705,0.0,0.0,0.0
2024-06-26 10:25:00-04:00,157.22000122070312,157.22000122070312,157.22000122070312,157.22000122070312,279,0.0,0.0,0.0
2024-06-26 10:30:00-04:00,158.55499267578125,158.55499267578125,158.52020263671875,158.52020263671875,463,0.0,0.0,0.0
2024-06-26 10:40:00-04:00,158.2592010498047,158.2592010498047,158.2592010498047,158.2592010498047,415,0.0,0.0,0.0
2024-06-26 10:45:00-04:00,158.9600067138672,159.0500030517578,158.8000030517578,158.8000030517578,696,0.0,0.0,0.0
2024-06-26 10:50:00-04:00,158.92990112304688,158.92990112304688,158.92990112304688,158.92990112304688,163,0.0,0.0,0.0
2024-06-26 10:55:00-04:00,158.922607421875,158.922607421875,158.29989624023438,158.29989624023438,726,0.0,0.0,0.0
2024-06-26 11:00:00-04:00,158.42999267578125,158.42999267578125,157.60000610351562,157.89999389648438,932,0.0,0.0,0.0
2024-06-26 11:05:00-04:00,157.52000427246094,157.6405029296875,157.52000427246094,157.52000427246094,657,0.0,0.0,0.0
2024-06-26 11:10:00-04:00,157.69000244140625,157.69000244140625,156.80999755859375,156.80999755859375,869,0.0,0.0,0.0
2024-06-26 11:15:00-04:00,157.7198944091797,157.7198944091797,157.7198944091797,157.7198944091797,188,0.0,0.0,0.0
2024-06-26 11:20:00-04:00,157.88999938964844,157.99009704589844,157.88999938964844,157.99009704589844,440,0.0,0.0,0.0
2024-06-26 11:35:00-04:00,158.0,158.0,158.0,158.0,308,0.0,0.0,0.0
2024-06-26 11:40:00-04:00,158.0800018310547,158.0800018310547,158.0800018310547,158.0800018310547,129,0.0,0.0,0.0
2024-06-26 11:45:00-04:00,158.24989318847656,158.25990295410156,158.24989318847656,158.25990295410156,394,0.0,0.0,0.0
2024-06-26 11:50:00-04:00,158.89999389648438,159.38999938964844,158.6999969482422,159.38999938964844,9845,0.0,0.0,0.0
2024-06-26 11:55:00-04:00,159.55999755859375,159.55999755859375,159.05709838867188,159.05709838867188,726,0.0,0.0,0.0
2024-06-26 12:05:00-04:00,158.8000030517578,158.8000030517578,158.6750030517578,158.6750030517578,919,0.0,0.0,0.0
2024-06-26 12:10:00-04:00,158.72999572753906,158.72999572753906,158.72999572753906,158.72999572753906,550,0.0,0.0,0.0
2024-06-26 12:15:00-04:00,158.77000427246094,158.77000427246094,158.77000427246094,158.77000427246094,105,0.0,0.0,0.0
2024-06-26 12:25:00-04:00,158.66400146484375,158.66400146484375,158.66400146484375,158.66400146484375,324,0.0,0.0,0.0
2024-06-26 12:45:00-04:00,158.35000610351562,158.35000610351562,158.35000610351562,158.35000610351562,258,0.0,0.0,0.0
2024-06-26 12:50:00-04:00,158.01010131835938,158.01010131835938,158.01010131835938,158.01010131835938,125,0.0,0.0,0.0
2024-06-26 12:55:00-04:00,158.4199981689453,158.43499755859375,158.4199981689453,158.43499755859375,225,0.0,0.0,0.0
2024-06-26 13:00:00-04:00,158.44000244140625,158.44000244140625,158.1199951171875,158.1199951171875,451,0.0,0.0,0.0
2024-06-26 13:05:00-04:00,158.52999877929688,158.52999877929688,158.33290100097656,158.33290100097656,471,0.0,0.0,0.0
2024-06-26 13:10:00-04:00,158.4600067138672,158.4600067138672,158.4600067138672,158.4600067138672,270,0.0,0.0,0.0
2024-06-26 13:20:00-04:00,157.97999572753906,157.97999572753906,157.97999572753906,157.97999572753906,133,0.0,0.0,0.0
2024-06-26 13:30:00-04:00,158.28500366210938,158.35000610351562,158.28500366210938,158.35000610351562,655,0.0,0.0,0.0
2024-06-26 13:35:00-04:00,158.52000427246094,158.52000427246094,158.52000427246094,158.52000427246094,346,0.0,0.0,0.0
2024-06-26 13:40:00-04:00,158.17999267578125,158.17999267578125,158.17999267578125,158.17999267578125,249,0.0,0.0,0.0
2024-06-26 13:55:00-04:00,159.4799041748047,159.4799041748047,159.4799041748047,159.4799041748047,413,0.0,0.0,0.0
2024-06-26 14:00:00-04:00,158.89999389648438,158.89999389648438,158.6300048828125,158.6300048828125,878,0.0,0.0,0.0
2024-06-26 14:20:00-04:00,158.66000366210938,158.66000366210938,158.66000366210938,158.66000366210938,249,0.0,0.0,0.0
2024-06-26 14:25:00-04:00,159.0,159.0,159.0,159.0,831,0.0,0.0,0.0
2024-06-26 14:40:00-04:00,158.74000549316406,158.74000549316406,158.74000549316406,158.74000549316406,569,0.0,0.0,0.0
2024-06-26 14:55:00-04:00,158.66000366210938,158.66000366210938,158.66000366210938,158.66000366210938,406,0.0,0.0,0.0
2024-06-26 15:10:00-04:00,158.3361053466797,158.3361053466797,158.19000244140625,158.19000244140625,273,0.0,0.0,0.0
2024-06-26 15:20:00-04:00,158.63999938964844,158.63999938964844,158.63999938964844,158.63999938964844,385,0.0,0.0,0.0
2024-06-26 15:35:00-04:00,159.39999389648438,159.39999389648438,159.39999389648438,159.39999389648438,1710,0.0,0.0,0.0
2024-06-26 15:40:00-04:00,159.63999938964844,159.9199981689453,159.63999938964844,159.85000610351562,653,0.0,0.0,0.0
2024-06-26 15:50:00-04:00,159.45989990234375,160.0,159.45989990234375,160.0,1854,0.0,0.0,0.0
2024-06-26 15:55:00-04:00,160.25,160.47999572753906,160.25,160.33999633789062,1558,0.0,0.0,0.0
2024-06-27 09:30:00-04:00,159.19000244140625,161.47509765625,159.19000244140625,161.47509765625,9494,0.0,0.0,0.0
2024-06-27 09:35:00-04:00,162.1699981689453,162.3800048828125,162.1699981689453,162.3800048828125,488,0.0,0.0,0.0
2024-06-27 09:40:00-04:00,162.4199981689453,162.4499969482422,161.81689453125,162.4499969482422,1536,0.0,0.0,0.0
2024-06-27 09:45:00-04:00,163.33999633789062,163.36000061035156,163.08999633789062,163.08999633789062,1440,0.0,0.0,0.0
2024-06-27 09:50:00-04:00,161.40499877929688,162.02000427246094,161.40499877929688,161.82000732421875,9424,0.0,0.0,0.0
2024-06-27 09:55:00-04:00,161.7100067138672,161.72000122070312,161.5,161.5,1893,0.0,0.0,0.0
2024-06-27 10:00:00-04:00,162.53500366210938,163.32000732421875,162.53500366210938,162.9499969482422,5893,0.0,0.0,0.0
2024-06-27 10:05:00-04:00,163.1083984375,163.1083984375,162.52499389648438,162.6699981689453,695,0.0,0.0,0.0
2024-06-27 10:10:00-04:00,162.61000061035156,164.17999267578125,162.58999633789062,164.17999267578125,7592,0.0,0.0,0.0
2024-06-27 10:15:00-04:00,164.38999938964844,164.48919677734375,163.83999633789062,163.83999633789062,1508,0.0,0.0,0.0
2024-06-27 10:20:00-04:00,164.32679748535156,164.32679748535156,164.32679748535156,164.32679748535156,1073,0.0,0.0,0.0
2024-06-27 10:25:00-04:00,163.9499969482422,163.9499969482422,163.9199981689453,163.9199981689453,200,0.0,0.0,0.0
2024-06-27 10:30:00-04:00,163.89999389648438,163.9499969482422,163.360107421875,163.4499969482422,1233,0.0,0.0,0.0
2024-06-27 10:35:00-04:00,163.8800048828125,163.8800048828125,163.8800048828125,163.8800048828125,682,0.0,0.0,0.0
2024-06-27 10:45:00-04:00,163.39500427246094,163.39500427246094,163.39500427246094,163.39500427246094,509,0.0,0.0,0.0
2024-06-27 10:50:00-04:00,162.60000610351562,162.61000061035156,162.60000610351562,162.61000061035156,235,0.0,0.0,0.0
2024-06-27 10:55:00-04:00,163.00999450683594,163.13009643554688,163.00999450683594,163.1300048828125,1475,0.0,0.0,0.0
2024-06-27 11:00:00-04:00,163.1300048828125,163.1300048828125,163.1300048828125,163.1300048828125,197,0.0,0.0,0.0
2024-06-27 11:05:00-04:00,163.39999389648438,163.39999389648438,163.39999389648438,163.39999389648438,207,0.0,0.0,0.0
2024-06-27 11:10:00-04:00,163.36000061035156,163.36000061035156,163.24989318847656,163.24989318847656,458,0.0,0.0,0.0
2024-06-27 11:20:00-04:00,162.72000122070312,162.72000122070312,162.72000122070312,162.72000122070312,222,0.0,0.0,0.0
2024-06-27 11:30:00-04:00,161.6199951171875,161.625,161.4989013671875,161.4989013671875,759,0.0,0.0,0.0
2024-06-27 11:35:00-04:00,161.1300048828125,161.62229919433594,161.1300048828125,161.62229919433594,1276,0.0,0.0,0.0
2024-06-27 11:40:00-04:00,161.36000061035156,161.36000061035156,161.36000061035156,161.36000061035156,176,0.0,0.0,0.0
2024-06-27 11:50:00-04:00,161.69309997558594,161.69309997558594,161.69309997558594,161.69309997558594,557,0.0,0.0,0.0
2024-06-27 11:55:00-04:00,161.85000610351562,161.85000610351562,161.85000610351562,161.85000610351562,107,0.0,0.0,0.0
2024-06-27 12:00:00-04:00,161.77999877929688,161.77999877929688,161.77999877929688,161.77999877929688,280,0.0,0.0,0.0
2024-06-27 12:05:00-04:00,162.47999572753906,162.83990478515625,162.47999572753906,162.77969360351562,1305,0.0,0.0,0.0
2024-06-27 12:10:00-04:00,163.0,163.0,163.0,163.0,130,0.0,0.0,0.0
2024-06-27 12:15:00-04:00,163.02999877929688,163.02999877929688,163.02999877929688,163.02999877929688,102,0.0,0.0,0.0
2024-06-27 12:20:00-04:00,162.99989318847656,163.10000610351562,162.99989318847656,163.10000610351562,1004,0.0,0.0,0.0
2024-06-27 12:25:00-04:00,163.0,163.0,163.0,163.0,196,0.0,0.0,0.0
2024-06-27 12:30:00-04:00,163.14999389648438,163.14999389648438,163.14999389648438,163.14999389648438,347,0.0,0.0,0.0
2024-06-27 12:35:00-04:00,163.97999572753906,164.07000732421875,163.97999572753906,164.07000732421875,232,0.0,0.0,0.0
2024-06-27 12:40:00-04:00,164.19500732421875,164.1999969482422,164.08999633789062,164.13980102539062,742,0.0,0.0,0.0
2024-06-27 12:45:00-04:00,164.39999389648438,164.5,164.39999389648438,164.5,1212,0.0,0.0,0.0
2024-06-27 12:50:00-04:00,163.97000122070312,163.97000122070312,163.97000122070312,163.97000122070312,255,0.0,0.0,0.0
2024-06-27 13:00:00-04:00,163.83999633789062,164.10009765625,163.83999633789062,164.10009765625,646,0.0,0.0,0.0
2024-06-27 13:05:00-04:00,164.17999267578125,164.17999267578125,164.17999267578125,164.17999267578125,165,0.0,0.0,0.0
2024-06-27 13:10:00-04:00,163.8000030517578,163.8000030517578,163.8000030517578,163.8000030517578,103,0.0,0.0,0.0
2024-06-27 13:15:00-04:00,163.6699981689453,163.77000427246094,163.0800018310547,163.0800018310547,1540,0.0,0.0,0.0
2024-06-27 13:55:00-04:00,164.05499267578125,164.05499267578125,164.05499267578125,164.05499267578125,357,0.0,0.0,0.0
2024-06-27 14:05:00-04:00,163.12010192871094,163.12010192871094,163.12010192871094,163.12010192871094,266,0.0,0.0,0.0
2024-06-27 14:10:00-04:00,163.52999877929688,163.52999877929688,163.52999877929688,163.52999877929688,517,0.0,0.0,0.0
2024-06-27 14:50:00-04:00,163.8800048828125,163.8800048828125,163.8800048828125,163.8800048828125,194,0.0,0.0,0.0
2024-06-27 15:00:00-04:00,164.2050018310547,164.2050018310547,164.2050018310547,164.2050018310547,910,0.0,0.0,0.0
2024-06-27 15:40:00-04:00,163.79559326171875,163.79559326171875,163.66000366210938,163.66000366210938,205,0.0,0.0,0.0
2024-06-27 15:55:00-04:00,162.97999572753906,163.49000549316406,162.97999572753906,163.49000549316406,2429,0.0,0.0,0.0
2024-06-28 09:30:00-04:00,164.5,164.7100067138672,163.97999572753906,164.1199951171875,13384,0.0,0.0,0.0
2024-06-28 09:35:00-04:00,165.24000549316406,165.9528045654297,165.24000549316406,165.9528045654297,1685,0.0,0.0,0.0
2024-06-28 09:40:00-04:00,165.32000732421875,166.99969482421875,165.3000030517578,166.99969482421875,2284,0.0,0.0,0.0
2024-06-28 09:45:00-04:00,167.14999389648438,167.14999389648438,166.85000610351562,167.14999389648438,2571,0.0,0.0,0.0
2024-06-28 09:50:00-04:00,167.1999969482422,167.3000946044922,166.77999877929688,166.8000030517578,2688,0.0,0.0,0.0
2024-06-28 09:55:00-04:00,167.0,167.5,167.0,167.5,1911,0.0,0.0,0.0
2024-06-28 10:00:00-04:00,167.75,169.4600067138672,167.6999969482422,169.1999969482422,6083,0.0,0.0,0.0
2024-06-28 10:05:00-04:00,169.27000427246094,169.9600067138672,169.27000427246094,169.6699981689453,3743,0.0,0.0,0.0
2024-06-28 10:10:00-04:00,170.0,170.64999389648438,170.0,170.58999633789062,4990,0.0,0.0,0.0
2024-06-28 10:15:00-04:00,170.86000061035156,170.86000061035156,170.0399932861328,170.0399932861328,1655,0.0,0.0,0.0
2024-06-28 10:20:00-04:00,169.75,170.34500122070312,169.60000610351562,170.07000732421875,3382,0.0,0.0,0.0
2024-06-28 10:25:00-04:00,170.1199951171875,170.22999572753906,169.92999267578125,170.1199951171875,1779,0.0,0.0,0.0
2024-06-28 10:30:00-04:00,169.60000610351562,169.9499969482422,169.60000610351562,169.8878936767578,1778,0.0,0.0,0.0
2024-06-28 10:35:00-04:00,169.75,169.75,168.5399932861328,168.5399932861328,1841,0.0,0.0,0.0
2024-06-28 10:40:00-04:00,168.11000061035156,168.53790283203125,167.8300018310547,168.53790283203125,1413,0.0,0.0,0.0
2024-06-28 10:45:00-04:00,168.33999633789062,168.44000244140625,167.9635009765625,168.25,2139,0.0,0.0,0.0
2024-06-28 10:50:00-04:00,168.35000610351562,168.35000610351562,166.88999938964844,166.88999938964844,7171,0.0,0.0,0.0
2024-06-28 10:55:00-04:00,166.8800048828125,166.92999267578125,166.24000549316406,166.4600067138672,17985,0.0,0.0,0.0
2024-06-28 11:00:00-04:00,166.44000244140625,166.4499969482422,165.4499969482422,165.97999572753906,9393,0.0,0.0,0.0
2024-06-28 11:05:00-04:00,166.02000427246094,166.0399932861328,165.25,165.4499969482422,5287,0.0,0.0,0.0
2024-06-28 11:10:00-04:00,165.5500030517578,165.77999877929688,165.38999938964844,165.38999938964844,4158,0.0,0.0,0.0
2024-06-28 11:15:00-04:00,165.44749450683594,165.59500122070312,165.2899932861328,165.5,1358,0.0,0.0,0.0
2024-06-28 11:20:00-04:00,165.77999877929688,166.35000610351562,165.77999877929688,166.1999969482422,2304,0.0,0.0,0.0
2024-06-28 11:25:00-04:00,165.24000549316406,165.24000549316406,165.1999969482422,165.1999969482422,956,0.0,0.0,0.0
2024-06-28 11:30:00-04:00,166.20899963378906,166.20899963378906,166.13999938964844,166.13999938964844,357,0.0,0.0,0.0
2024-06-28 11:35:00-04:00,165.8300018310547,165.8300018310547,165.8300018310547,165.8300018310547,439,0.0,0.0,0.0
2024-06-28 11:40:00-04:00,166.1300048828125,166.30999755859375,165.44000244140625,165.50999450683594,2998,0.0,0.0,0.0
2024-06-28 11:50:00-04:00,166.22000122070312,166.22000122070312,166.22000122070312,166.22000122070312,381,0.0,0.0,0.0
2024-06-28 11:55:00-04:00,166.0,166.0,166.0,166.0,564,0.0,0.0,0.0
2024-06-28 12:00:00-04:00,166.16000366210938,166.16000366210938,166.16000366210938,166.16000366210938,256,0.0,0.0,0.0
2024-06-28 12:05:00-04:00,164.77000427246094,164.7700958251953,164.36000061035156,164.36000061035156,581,0.0,0.0,0.0
2024-06-28 12:10:00-04:00,164.25,164.402099609375,163.97999572753906,164.35000610351562,1351,0.0,0.0,0.0
2024-06-28 12:15:00-04:00,164.3979949951172,164.3979949951172,163.41400146484375,163.41400146484375,424,0.0,0.0,0.0
2024-06-28 12:20:00-04:00,164.10769653320312,164.10769653320312,164.10769653320312,164.10769653320312,215,0.0,0.0,0.0
2024-06-28 12:25:00-04:00,164.5106964111328,164.5106964111328,164.5106964111328,164.5106964111328,213,0.0,0.0,0.0
2024-06-28 12:30:00-04:00,164.60000610351562,164.60000610351562,163.5,163.5,1937,0.0,0.0,0.0
2024-06-28 12:35:00-04:00,163.72000122070312,163.72000122070312,162.61500549316406,162.74000549316406,1399,0.0,0.0,0.0
2024-06-28 12:40:00-04:00,162.08180236816406,162.99000549316406,162.08180236816406,162.99000549316406,2344,0.0,0.0,0.0
2024-06-28 12:50:00-04:00,162.88999938964844,163.0399932861328,162.88999938964844,163.0399932861328,621,0.0,0.0,0.0
2024-06-28 12:55:00-04:00,163.07000732421875,163.07000732421875,163.07000732421875,163.07000732421875,334,0.0,0.0,0.0
2024-06-28 13:00:00-04:00,163.19000244140625,163.3000030517578,163.1199951171875,163.1199951171875,1317,0.0,0.0,0.0
2024-06-28 13:05:00-04:00,163.2899932861328,163.5800018310547,163.2899932861328,163.5800018310547,363,0.0,0.0,0.0
2024-06-28 13:10:00-04:00,164.4600067138672,164.4600067138672,164.4600067138672,164.4600067138672,382,0.0,0.0,0.0
2024-06-28 13:20:00-04:00,164.99549865722656,164.99549865722656,164.89500427246094,164.89500427246094,445,0.0,0.0,0.0
2024-06-28 13:25:00-04:00,165.0,165.0,165.0,165.0,318,0.0,0.0,0.0
2024-06-28 13:40:00-04:00,164.1999969482422,164.1999969482422,164.1999969482422,164.1999969482422,200,0.0,0.0,0.0
2024-06-28 13:45:00-04:00,164.35789489746094,164.35789489746094,164.35789489746094,164.35789489746094,331,0.0,0.0,0.0
2024-06-28 14:00:00-04:00,164.75,165.0399932861328,164.75,164.89999389648438,461,0.0,0.0,0.0
2024-06-28 14:05:00-04:00,164.58999633789062,164.58999633789062,164.58999633789062,164.58999633789062,257,0.0,0.0,0.0
2024-06-28 14:10:00-04:00,165.0800018310547,165.0800018310547,165.0800018310547,165.0800018310547,155,0.0,0.0,0.0
2024-06-28 14:15:00-04:00,165.0399932861328,165.0399932861328,165.0399932861328,165.0399932861328,119,0.0,0.0,0.0
2024-06-28 14:20:00-04:00,164.2899932861328,164.2899932861328,163.55999755859375,163.6199951171875,1742,0.0,0.0,0.0
2024-06-28 14:25:00-04:00,163.97000122070312,164.0399932861328,163.6699981689453,163.6699981689453,1276,0.0,0.0,0.0
2024-06-28 14:35:00-04:00,164.02000427246094,164.02000427246094,164.02000427246094,164.02000427246094,301,0.0,0.0,0.0
2024-06-28 14:40:00-04:00,163.8300018310547,163.8300018310547,163.52999877929688,163.60000610351562,14918,0.0,0.0,0.0
2024-06-28 14:45:00-04:00,163.61000061035156,163.61000061035156,163.42999267578125,163.42999267578125,566,0.0,0.0,0.0
2024-06-28 14:50:00-04:00,163.50999450683594,163.50999450683594,163.50999450683594,163.50999450683594,177,0.0,0.0,0.0
2024-06-28 15:00:00-04:00,163.3000030517578,163.47999572753906,163.3000030517578,163.47999572753906,470,0.0,0.0,0.0
2024-06-28 15:05:00-04:00,163.3800048828125,163.3800048828125,163.3800048828125,163.3800048828125,229,0.0,0.0,0.0
2024-06-28 15:10:00-04:00,163.0,163.0,163.0,163.0,207,0.0,0.0,0.0
2024-06-28 15:15:00-04:00,163.25,163.2899932861328,163.25,163.2899932861328,792,0.0,0.0,0.0
2024-06-28 15:20:00-04:00,162.8000030517578,162.8000030517578,162.8000030517578,162.8000030517578,153,0.0,0.0,0.0
2024-06-28 15:25:00-04:00,163.08999633789062,163.08999633789062,163.08999633789062,163.08999633789062,283,0.0,0.0,0.0
2024-06-28 15:30:00-04:00,162.60000610351562,162.60000610351562,160.3800048828125,161.17999267578125,2868,0.0,0.0,0.0
2024-06-28 15:35:00-04:00,162.07000732421875,162.07000732421875,162.07000732421875,162.07000732421875,447,0.0,0.0,0.0
2024-06-28 15:40:00-04:00,162.39500427246094,162.57000732421875,162.39500427246094,162.57000732421875,342,0.0,0.0,0.0
2024-06-28 15:50:00-04:00,163.19459533691406,163.36000061035156,162.59100341796875,162.59100341796875,1146,0.0,0.0,0.0
2024-06-28 15:55:00-04:00,161.89999389648438,161.89999389648438,161.30999755859375,161.30999755859375,1780,0.0,0.0,0.0
2024-07-01 09:30:00-04:00,162.02999877929688,162.25999450683594,161.83999633789062,162.25999450683594,3573,0.0,0.0,0.0
2024-07-01 09:35:00-04:00,161.1300048828125,161.6699981689453,160.76499938964844,161.64999389648438,6429,0.0,0.0,0.0
2024-07-01 09:40:00-04:00,159.50039672851562,160.46510314941406,159.50039672851562,159.77000427246094,3065,0.0,0.0,0.0
2024-07-01 09:45:00-04:00,158.94000244140625,159.05990600585938,158.0,158.1199951171875,2770,0.0,0.0,0.0
2024-07-01 09:50:00-04:00,158.0,158.1450958251953,157.64999389648438,157.83180236816406,1300,0.0,0.0,0.0
2024-07-01 09:55:00-04:00,157.66600036621094,158.6649932861328,157.66600036621094,158.6649932861328,1497,0.0,0.0,0.0
2024-07-01 10:00:00-04:00,159.14999389648438,160.331298828125,159.13999938964844,160.17999267578125,3031,0.0,0.0,0.0
2024-07-01 10:05:00-04:00,160.63999938964844,161.0,160.63999938964844,161.0,912,0.0,0.0,0.0
2024-07-01 10:10:00-04:00,159.02499389648438,159.02499389648438,158.29969787597656,158.29969787597656,1551,0.0,0.0,0.0
2024-07-01 10:15:00-04:00,158.07159423828125,160.30999755859375,158.07159423828125,160.30999755859375,886,0.0,0.0,0.0
2024-07-01 10:20:00-04:00,161.1199951171875,161.77999877929688,161.10000610351562,161.35000610351562,2404,0.0,0.0,0.0
2024-07-01 10:25:00-04:00,161.75010681152344,161.75010681152344,161.75010681152344,161.75010681152344,616,0.0,0.0,0.0
2024-07-01 10:30:00-04:00,161.94000244140625,161.94000244140625,161.94000244140625,161.94000244140625,284,0.0,0.0,0.0
2024-07-01 10:35:00-04:00,162.61000061035156,162.66000366210938,161.86000061035156,161.86000061035156,869,0.0,0.0,0.0
2024-07-01 10:40:00-04:00,161.7996063232422,161.7996063232422,161.7996063232422,161.7996063232422,367,0.0,0.0,0.0
2024-07-01 10:45:00-04:00,161.75999450683594,161.75999450683594,161.625,161.625,679,0.0,0.0,0.0
2024-07-01 10:50:00-04:00,161.92999267578125,161.92999267578125,161.47000122070312,161.47000122070312,353,0.0,0.0,0.0
2024-07-01 10:55:00-04:00,161.02999877929688,161.74000549316406,161.02999877929688,161.74000549316406,811,0.0,0.0,0.0
2024-07-01 11:00:00-04:00,161.52000427246094,161.52000427246094,161.52000427246094,161.52000427246094,470,0.0,0.0,0.0
2024-07-01 11:05:00-04:00,161.66000366210938,161.6699981689453,161.66000366210938,161.66000366210938,747,0.0,0.0,0.0
2024-07-01 11:10:00-04:00,162.38999938964844,163.05999755859375,162.38999938964844,163.05999755859375,472,0.0,0.0,0.0
2024-07-01 11:15:00-04:00,162.5500030517578,162.6300048828125,162.5500030517578,162.6300048828125,361,0.0,0.0,0.0
2024-07-01 11:20:00-04:00,162.4600067138672,162.4600067138672,162.4600067138672,162.4600067138672,123,0.0,0.0,0.0
2024-07-01 11:25:00-04:00,162.35000610351562,163.05999755859375,162.35000610351562,163.05999755859375,706,0.0,0.0,0.0
2024-07-01 11:35:00-04:00,162.8800048828125,162.8800048828125,162.8800048828125,162.8800048828125,1000,0.0,0.0,0.0
2024-07-01 11:40:00-04:00,163.13999938964844,163.35499572753906,163.13999938964844,163.35499572753906,331,0.0,0.0,0.0
2024-07-01 11:45:00-04:00,162.82240295410156,162.97000122070312,162.82240295410156,162.97000122070312,655,0.0,0.0,0.0
2024-07-01 11:50:00-04:00,163.52999877929688,163.52999877929688,163.52000427246094,163.52000427246094,888,0.0,0.0,0.0
2024-07-01 12:00:00-04:00,163.9600067138672,164.03990173339844,163.94000244140625,164.03990173339844,975,0.0,0.0,0.0
2024-07-01 12:05:00-04:00,164.6300048828125,164.8000030517578,164.6300048828125,164.79989624023438,726,0.0,0.0,0.0
2024-07-01 12:10:00-04:00,164.70989990234375,164.70989990234375,164.70989990234375,164.70989990234375,469,0.0,0.0,0.0
2024-07-01 12:20:00-04:00,164.8300018310547,164.8300018310547,164.5959014892578,164.65969848632812,549,0.0,0.0,0.0
2024-07-01 12:25:00-04:00,164.66200256347656,164.66200256347656,164.66200256347656,164.66200256347656,837,0.0,0.0,0.0
2024-07-01 12:45:00-04:00,164.99000549316406,165.0,164.99000549316406,165.0,933,0.0,0.0,0.0
2024-07-01 12:50:00-04:00,165.02000427246094,165.27110290527344,165.02000427246094,165.27110290527344,462,0.0,0.0,0.0
2024-07-01 12:55:00-04:00,165.25999450683594,165.25999450683594,164.75160217285156,164.75160217285156,395,0.0,0.0,0.0
2024-07-01 13:00:00-04:00,164.9600067138672,165.10000610351562,164.9600067138672,165.09320068359375,648,0.0,0.0,0.0
2024-07-01 13:05:00-04:00,164.72999572753906,164.72999572753906,164.42100524902344,164.42100524902344,1987,0.0,0.0,0.0
2024-07-01 13:10:00-04:00,164.67999267578125,164.67999267578125,164.67999267578125,164.67999267578125,223,0.0,0.0,0.0
2024-07-01 13:15:00-04:00,164.94000244140625,164.94000244140625,164.7550048828125,164.85000610351562,1027,0.0,0.0,0.0
2024-07-01 13:20:00-04:00,164.85000610351562,164.85000610351562,163.97999572753906,163.97999572753906,745,0.0,0.0,0.0
2024-07-01 13:40:00-04:00,164.80999755859375,164.80999755859375,164.80999755859375,164.80999755859375,251,0.0,0.0,0.0
2024-07-01 13:45:00-04:00,164.9499969482422,164.9499969482422,164.9499969482422,164.9499969482422,251,0.0,0.0,0.0
2024-07-01 13:55:00-04:00,164.77999877929688,164.77999877929688,164.77999877929688,164.77999877929688,767,0.0,0.0,0.0
2024-07-01 14:00:00-04:00,164.85000610351562,164.85000610351562,164.85000610351562,164.85000610351562,205,0.0,0.0,0.0
2024-07-01 14:05:00-04:00,164.80999755859375,165.1999969482422,164.80999755859375,165.1999969482422,940,0.0,0.0,0.0
2024-07-01 14:15:00-04:00,166.10000610351562,166.1300048828125,166.10000610351562,166.1300048828125,607,0.0,0.0,0.0
2024-07-01 14:30:00-04:00,164.99000549316406,165.08560180664062,164.99000549316406,165.03990173339844,452,0.0,0.0,0.0
2024-07-01 14:35:00-04:00,165.1300048828125,165.28379821777344,165.1300048828125,165.28379821777344,869,0.0,0.0,0.0
2024-07-01 14:50:00-04:00,165.27999877929688,165.27999877929688,165.27999877929688,165.27999877929688,365,0.0,0.0,0.0
2024-07-01 15:00:00-04:00,165.2100067138672,165.3249969482422,165.2100067138672,165.3249969482422,604,0.0,0.0,0.0
2024-07-01 15:05:00-04:00,165.47999572753906,166.0,165.47999572753906,166.0,698,0.0,0.0,0.0
2024-07-01 15:15:00-04:00,165.7100067138672,165.7100067138672,165.64999389648438,165.64999389648438,349,0.0,0.0,0.0
2024-07-01 15:20:00-04:00,165.47000122070312,165.47000122070312,165.44000244140625,165.47000122070312,973,0.0,0.0,0.0
2024-07-01 15:25:00-04:00,165.41000366210938,165.4199981689453,164.6800994873047,164.94000244140625,911,0.0,0.0,0.0
2024-07-01 15:30:00-04:00,165.16000366210938,165.55999755859375,165.16000366210938,165.5500030517578,1476,0.0,0.0,0.0
2024-07-01 15:35:00-04:00,165.4199981689453,165.5800018310547,165.4199981689453,165.5800018310547,408,0.0,0.0,0.0
2024-07-01 15:40:00-04:00,165.5800018310547,165.5800018310547,165.44000244140625,165.44000244140625,347,0.0,0.0,0.0
2024-07-01 15:45:00-04:00,164.89999389648438,165.05999755859375,164.89999389648438,165.05999755859375,488,0.0,0.0,0.0
2024-07-01 15:50:00-04:00,165.889892578125,166.25,165.8699951171875,166.25,4396,0.0,0.0,0.0
2024-07-01 15:55:00-04:00,166.42999267578125,166.4945068359375,165.8699951171875,165.8699951171875,5405,0.0,0.0,0.0
2024-07-02 09:30:00-04:00,165.77000427246094,167.5800018310547,165.14999389648438,166.85000610351562,8312,0.0,0.0,0.0
2024-07-02 09:35:00-04:00,166.51499938964844,167.39999389648438,166.51499938964844,167.39999389648438,1507,0.0,0.0,0.0
2024-07-02 09:40:00-04:00,167.23500061035156,168.5800018310547,167.23500061035156,167.9217071533203,1265,0.0,0.0,0.0
2024-07-02 09:45:00-04:00,168.1999969482422,168.2050018310547,168.08999633789062,168.08999633789062,863,0.0,0.0,0.0
2024-07-02 09:50:00-04:00,167.33999633789062,168.27999877929688,167.33999633789062,168.0800018310547,2981,0.0,0.0,0.0
2024-07-02 09:55:00-04:00,168.10000610351562,168.11000061035156,166.8699951171875,167.72000122070312,3417,0.0,0.0,0.0
2024-07-02 10:00:00-04:00,167.40870666503906,167.67010498046875,167.40870666503906,167.6300048828125,1108,0.0,0.0,0.0
2024-07-02 10:10:00-04:00,167.22999572753906,167.42999267578125,166.7899932861328,167.42999267578125,1224,0.0,0.0,0.0
2024-07-02 10:15:00-04:00,167.52000427246094,167.5648956298828,167.52000427246094,167.5648956298828,679,0.0,0.0,0.0
2024-07-02 10:20:00-04:00,167.5,167.5,166.6199951171875,166.6199951171875,1483,0.0,0.0,0.0
2024-07-02 10:25:00-04:00,167.50999450683594,167.8000030517578,167.5,167.8000030517578,859,0.0,0.0,0.0
2024-07-02 10:30:00-04:00,168.0399932861328,168.16000366210938,168.0399932861328,168.16000366210938,722,0.0,0.0,0.0
2024-07-02 10:35:00-04:00,168.75999450683594,168.75999450683594,168.6300048828125,168.67999267578125,1014,0.0,0.0,0.0
2024-07-02 10:40:00-04:00,169.0,169.0500030517578,168.74000549316406,168.89999389648438,1555,0.0,0.0,0.0
2024-07-02 10:45:00-04:00,168.08999633789062,168.10000610351562,168.08999633789062,168.10000610351562,1033,0.0,0.0,0.0
2024-07-02 10:50:00-04:00,168.80999755859375,169.02999877929688,168.4199981689453,169.02999877929688,1600,0.0,0.0,0.0
2024-07-02 10:55:00-04:00,169.27000427246094,169.5,169.1999969482422,169.42990112304688,4709,0.0,0.0,0.0
2024-07-02 11:00:00-04:00,169.2100067138672,169.2100067138672,169.13999938964844,169.13999938964844,466,0.0,0.0,0.0
2024-07-02 11:05:00-04:00,169.72999572753906,169.72999572753906,169.72999572753906,169.72999572753906,305,0.0,0.0,0.0
2024-07-02 11:10:00-04:00,169.85000610351562,169.85000610351562,169.39999389648438,169.39999389648438,941,0.0,0.0,0.0
2024-07-02 11:15:00-04:00,169.99000549316406,170.0,169.64990234375,169.64990234375,2893,0.0,0.0,0.0
2024-07-02 11:20:00-04:00,169.5399932861328,170.0500030517578,169.5399932861328,170.0500030517578,2423,0.0,0.0,0.0
2024-07-02 11:30:00-04:00,170.3000030517578,170.35000610351562,170.10499572753906,170.10499572753906,1940,0.0,0.0,0.0
2024-07-02 11:35:00-04:00,170.69000244140625,170.69000244140625,170.69000244140625,170.69000244140625,921,0.0,0.0,0.0
2024-07-02 11:40:00-04:00,170.9600067138672,171.0,170.90679931640625,170.90679931640625,1086,0.0,0.0,0.0
2024-07-02 11:45:00-04:00,170.3300018310547,170.40020751953125,170.32000732421875,170.40020751953125,1257,0.0,0.0,0.0
2024-07-02 11:50:00-04:00,170.39999389648438,170.39999389648438,170.33009338378906,170.33009338378906,210,0.0,0.0,0.0
2024-07-02 11:55:00-04:00,170.25860595703125,170.25860595703125,169.64340209960938,169.64340209960938,1438,0.0,0.0,0.0
2024-07-02 12:00:00-04:00,169.26010131835938,169.35780334472656,169.0,169.32000732421875,2176,0.0,0.0,0.0
2024-07-02 12:05:00-04:00,169.47999572753906,169.47999572753906,169.47999572753906,169.47999572753906,285,0.0,0.0,0.0
2024-07-02 12:10:00-04:00,168.82000732421875,168.96510314941406,168.7801055908203,168.96510314941406,843,0.0,0.0,0.0
2024-07-02 12:15:00-04:00,169.25,169.25,169.25,169.25,165,0.0,0.0,0.0
2024-07-02 12:20:00-04:00,169.62860107421875,169.62860107421875,169.62860107421875,169.62860107421875,332,0.0,0.0,0.0
2024-07-02 12:30:00-04:00,170.0399932861328,170.0399932861328,170.0399932861328,170.0399932861328,473,0.0,0.0,0.0
2024-07-02 12:40:00-04:00,170.3000030517578,170.3800048828125,170.3000030517578,170.3800048828125,339,0.0,0.0,0.0
2024-07-02 12:50:00-04:00,170.74989318847656,170.74989318847656,170.5500030517578,170.72000122070312,1024,0.0,0.0,0.0
2024-07-02 12:55:00-04:00,170.6999969482422,170.99000549316406,170.6999969482422,170.99000549316406,1634,0.0,0.0,0.0
2024-07-02 13:00:00-04:00,171.0500030517578,171.24000549316406,170.8699951171875,171.24000549316406,1261,0.0,0.0,0.0
2024-07-02 13:05:00-04:00,171.14999389648438,171.69810485839844,171.13999938964844,171.69810485839844,1680,0.0,0.0,0.0
2024-07-02 13:10:00-04:00,172.0,172.0,172.0,172.0,805,0.0,0.0,0.0
2024-07-02 13:15:00-04:00,172.15499877929688,172.25999450683594,171.97999572753906,172.02999877929688,7645,0.0,0.0,0.0
2024-07-02 13:20:00-04:00,172.2100067138672,172.22000122070312,172.17999267578125,172.17999267578125,812,0.0,0.0,0.0
2024-07-02 13:25:00-04:00,172.27110290527344,172.27110290527344,171.9698944091797,171.9698944091797,915,0.0,0.0,0.0
2024-07-02 13:35:00-04:00,171.94000244140625,171.94000244140625,171.9398956298828,171.9398956298828,370,0.0,0.0,0.0
2024-07-02 13:40:00-04:00,172.0030059814453,172.19000244140625,172.0030059814453,172.1199951171875,1323,0.0,0.0,0.0
2024-07-02 13:45:00-04:00,172.02000427246094,172.1699981689453,172.02000427246094,172.1699981689453,606,0.0,0.0,0.0
2024-07-02 13:50:00-04:00,172.1999969482422,172.52999877929688,172.1999969482422,172.42999267578125,1405,0.0,0.0,0.0
2024-07-02 13:55:00-04:00,172.47999572753906,172.60000610351562,172.4600067138672,172.60000610351562,678,0.0,0.0,0.0
2024-07-02 14:00:00-04:00,172.9499053955078,172.9499053955078,172.9499053955078,172.9499053955078,696,0.0,0.0,0.0
2024-07-02 14:05:00-04:00,173.0,173.0,172.77000427246094,172.77000427246094,920,0.0,0.0,0.0
2024-07-02 14:10:00-04:00,173.02999877929688,173.11000061035156,173.02999877929688,173.11000061035156,380,0.0,0.0,0.0
2024-07-02 14:15:00-04:00,173.04769897460938,173.04769897460938,173.04769897460938,173.04769897460938,316,0.0,0.0,0.0
2024-07-02 14:20:00-04:00,173.07200622558594,173.0800018310547,173.07200622558594,173.0800018310547,525,0.0,0.0,0.0
2024-07-02 14:25:00-04:00,173.33999633789062,173.4499969482422,173.3300018310547,173.4499969482422,625,0.0,0.0,0.0
2024-07-02 14:40:00-04:00,172.94000244140625,173.0946044921875,172.91000366210938,173.0946044921875,752,0.0,0.0,0.0
2024-07-02 14:45:00-04:00,173.3300018310547,173.56190490722656,173.26010131835938,173.42999267578125,2562,0.0,0.0,0.0
2024-07-02 14:50:00-04:00,173.63999938964844,173.63999938964844,173.55999755859375,173.55999755859375,659,0.0,0.0,0.0
2024-07-02 14:55:00-04:00,173.88999938964844,173.88999938964844,173.88999938964844,173.88999938964844,330,0.0,0.0,0.0
2024-07-02 15:00:00-04:00,173.5399932861328,173.5399932861328,173.5399932861328,173.5399932861328,256,0.0,0.0,0.0
2024-07-02 15:05:00-04:00,173.36500549316406,173.36500549316406,173.36500549316406,173.36500549316406,452,0.0,0.0,0.0
2024-07-02 15:10:00-04:00,173.25,173.41329956054688,173.25,173.41329956054688,712,0.0,0.0,0.0
2024-07-02 15:15:00-04:00,173.3699951171875,173.3699951171875,173.24009704589844,173.24009704589844,695,0.0,0.0,0.0
2024-07-02 15:25:00-04:00,173.66000366210938,173.66000366210938,173.66000366210938,173.66000366210938,145,0.0,0.0,0.0
2024-07-02 15:30:00-04:00,173.49000549316406,173.7324981689453,173.49000549316406,173.7324981689453,584,0.0,0.0,0.0
2024-07-02 15:40:00-04:00,173.42999267578125,173.60499572753906,173.42999267578125,173.60499572753906,528,0.0,0.0,0.0
2024-07-02 15:45:00-04:00,173.327392578125,173.55499267578125,173.19000244140625,173.19000244140625,2422,0.0,0.0,0.0
2024-07-02 15:50:00-04:00,173.32989501953125,173.32989501953125,173.13999938964844,173.13999938964844,686,0.0,0.0,0.0
2024-07-02 15:55:00-04:00,173.97000122070312,174.11000061035156,173.83999633789062,174.0500030517578,7430,0.0,0.0,0.0
2024-07-03 09:30:00-04:00,174.14999389648438,176.10009765625,173.89999389648438,176.10009765625,12675,0.0,0.0,0.0
2024-07-03 09:35:00-04:00,175.47999572753906,175.99000549316406,175.25999450683594,175.77000427246094,2342,0.0,0.0,0.0
2024-07-03 09:40:00-04:00,175.3430938720703,175.84500122070312,175.3430938720703,175.8300018310547,887,0.0,0.0,0.0
2024-07-03 09:45:00-04:00,175.97000122070312,176.2100067138672,175.97000122070312,176.1999969482422,1143,0.0,0.0,0.0
2024-07-03 09:50:00-04:00,176.4499969482422,176.4499969482422,176.1699981689453,176.1699981689453,1284,0.0,0.0,0.0
2024-07-03 09:55:00-04:00,176.36000061035156,176.44000244140625,175.8300018310547,175.8300018310547,1569,0.0,0.0,0.0
2024-07-03 10:00:00-04:00,176.55999755859375,176.5800018310547,175.0,175.66000366210938,6135,0.0,0.0,0.0
2024-07-03 10:05:00-04:00,175.85499572753906,176.22000122070312,175.19000244140625,175.4250030517578,7464,0.0,0.0,0.0
2024-07-03 10:10:00-04:00,175.86000061035156,175.97999572753906,175.44000244140625,175.44000244140625,1993,0.0,0.0,0.0
2024-07-03 10:15:00-04:00,176.52999877929688,176.7899932861328,176.52999877929688,176.75,2368,0.0,0.0,0.0
2024-07-03 10:20:00-04:00,176.99000549316406,177.0800018310547,176.52000427246094,176.52000427246094,2464,0.0,0.0,0.0
2024-07-03 10:25:00-04:00,175.39999389648438,175.8000030517578,175.34500122070312,175.8000030517578,721,0.0,0.0,0.0
2024-07-03 10:30:00-04:00,176.3699951171875,176.4700927734375,176.3699951171875,176.4700927734375,1262,0.0,0.0,0.0
2024-07-03 10:35:00-04:00,177.1999969482422,177.1999969482422,177.1999969482422,177.1999969482422,570,0.0,0.0,0.0
2024-07-03 10:40:00-04:00,177.35000610351562,177.91000366210938,177.35000610351562,177.8300018310547,1051,0.0,0.0,0.0
2024-07-03 10:45:00-04:00,178.1999969482422,178.30999755859375,178.1999969482422,178.30499267578125,1797,0.0,0.0,0.0
2024-07-03 10:50:00-04:00,178.19000244140625,178.30499267578125,178.00999450683594,178.30499267578125,2451,0.0,0.0,0.0
2024-07-03 10:55:00-04:00,178.5,178.5,178.5,178.5,169,0.0,0.0,0.0
2024-07-03 11:00:00-04:00,177.99000549316406,178.3000030517578,177.60000610351562,177.60000610351562,1848,0.0,0.0,0.0
2024-07-03 11:05:00-04:00,178.25,178.3300018310547,178.25,178.3300018310547,642,0.0,0.0,0.0
2024-07-03 11:10:00-04:00,178.70509338378906,179.0399932861328,178.70509338378906,179.0399932861328,1429,0.0,0.0,0.0
2024-07-03 11:15:00-04:00,179.0500946044922,179.3300018310547,179.0500946044922,179.3300018310547,505,0.0,0.0,0.0
2024-07-03 11:20:00-04:00,179.02999877929688,179.3300018310547,179.02999877929688,179.3300018310547,872,0.0,0.0,0.0
2024-07-03 11:30:00-04:00,178.6999969482422,178.6999969482422,178.39999389648438,178.39999389648438,785,0.0,0.0,0.0
2024-07-03 11:40:00-04:00,178.4219970703125,178.4219970703125,178.4219970703125,178.4219970703125,482,0.0,0.0,0.0
2024-07-03 11:45:00-04:00,179.22000122070312,179.22000122070312,179.2100067138672,179.2100067138672,256,0.0,0.0,0.0
2024-07-03 11:50:00-04:00,179.3800048828125,179.64999389648438,179.3800048828125,179.64999389648438,3282,0.0,0.0,0.0
2024-07-03 11:55:00-04:00,179.72000122070312,180.1300048828125,179.72000122070312,180.02999877929688,11586,0.0,0.0,0.0
2024-07-03 12:00:00-04:00,180.07000732421875,180.38999938964844,180.07000732421875,180.38999938964844,1333,0.0,0.0,0.0
2024-07-03 12:05:00-04:00,180.27000427246094,180.38999938964844,180.1199951171875,180.19000244140625,5130,0.0,0.0,0.0
2024-07-03 12:10:00-04:00,180.44000244140625,180.44000244140625,180.25999450683594,180.25999450683594,714,0.0,0.0,0.0
2024-07-03 12:15:00-04:00,180.5050048828125,180.7100067138672,180.5050048828125,180.7100067138672,913,0.0,0.0,0.0
2024-07-03 12:20:00-04:00,180.9398956298828,180.9398956298828,180.8699951171875,180.8699951171875,582,0.0,0.0,0.0
2024-07-03 12:25:00-04:00,180.97999572753906,181.22169494628906,180.97999572753906,181.22169494628906,5363,0.0,0.0,0.0
2024-07-03 12:30:00-04:00,181.32620239257812,181.50999450683594,181.02000427246094,181.0800018310547,1877,0.0,0.0,0.0
2024-07-03 12:35:00-04:00,180.77499389648438,181.08999633789062,180.77499389648438,181.08999633789062,829,0.0,0.0,0.0
2024-07-03 12:40:00-04:00,180.22999572753906,180.22999572753906,180.0399932861328,180.1300048828125,1218,0.0,0.0,0.0
2024-07-03 12:45:00-04:00,180.0800018310547,180.10000610351562,179.82000732421875,180.10000610351562,3836,0.0,0.0,0.0
2024-07-05 09:30:00-04:00,183.85000610351562,184.6699981689453,183.22000122070312,183.72999572753906,18018,0.0,0.0,0.0
2024-07-05 09:35:00-04:00,183.94000244140625,184.8300018310547,183.61000061035156,184.8300018310547,7920,0.0,0.0,0.0
2024-07-05 09:40:00-04:00,184.22500610351562,184.25,183.35000610351562,183.35000610351562,3148,0.0,0.0,0.0
2024-07-05 09:45:00-04:00,183.5,183.5,182.0399932861328,183.2899932861328,13474,0.0,0.0,0.0
2024-07-05 09:50:00-04:00,183.8000030517578,184.4499969482422,183.5,184.1699981689453,4350,0.0,0.0,0.0
2024-07-05 09:55:00-04:00,185.1999969482422,185.5,185.1999969482422,185.5,1642,0.0,0.0,0.0
2024-07-05 10:00:00-04:00,185.66000366210938,186.74000549316406,185.44000244140625,186.71730041503906,13195,0.0,0.0,0.0
2024-07-05 10:05:00-04:00,186.6999969482422,187.1999969482422,184.77999877929688,184.77999877929688,6618,0.0,0.0,0.0
2024-07-05 10:10:00-04:00,184.8153076171875,184.8153076171875,184.36000061035156,184.6699981689453,1248,0.0,0.0,0.0
2024-07-05 10:15:00-04:00,184.88999938964844,185.66000366210938,184.88999938964844,185.66000366210938,2454,0.0,0.0,0.0
2024-07-05 10:20:00-04:00,185.38999938964844,185.6300048828125,185.38999938964844,185.5,2788,0.0,0.0,0.0
2024-07-05 10:25:00-04:00,185.77000427246094,186.00999450683594,185.47779846191406,186.00999450683594,10696,0.0,0.0,0.0
2024-07-05 10:30:00-04:00,185.8300018310547,186.61000061035156,185.82000732421875,186.3000030517578,11519,0.0,0.0,0.0
2024-07-05 10:35:00-04:00,186.08819580078125,186.4499969482422,185.1199951171875,186.36000061035156,16282,0.0,0.0,0.0
2024-07-05 10:40:00-04:00,186.14999389648438,186.97999572753906,186.14999389648438,186.4199981689453,16812,0.0,0.0,0.0
2024-07-05 10:45:00-04:00,186.89999389648438,187.35000610351562,186.85000610351562,187.3000030517578,16203,0.0,0.0,0.0
2024-07-05 10:50:00-04:00,187.16000366210938,187.25999450683594,186.94000244140625,187.25999450683594,2165,0.0,0.0,0.0
2024-07-05 10:55:00-04:00,187.17990112304688,187.27000427246094,186.9199981689453,187.08990478515625,4817,0.0,0.0,0.0
2024-07-05 11:00:00-04:00,186.72000122070312,186.97000122070312,186.64999389648438,186.97000122070312,2585,0.0,0.0,0.0
2024-07-05 11:05:00-04:00,186.7899932861328,187.75,186.64999389648438,187.75,5045,0.0,0.0,0.0
2024-07-05 11:10:00-04:00,187.75,187.99000549316406,187.6699981689453,187.8699951171875,4697,0.0,0.0,0.0
2024-07-05 11:15:00-04:00,187.86000061035156,187.88999938964844,187.36000061035156,187.36000061035156,1333,0.0,0.0,0.0
2024-07-05 11:20:00-04:00,187.3699951171875,187.3699951171875,186.91000366210938,186.91000366210938,2681,0.0,0.0,0.0
2024-07-05 11:25:00-04:00,187.19000244140625,187.19000244140625,187.13999938964844,187.19000244140625,731,0.0,0.0,0.0
2024-07-05 11:30:00-04:00,187.4600067138672,187.4600067138672,187.4600067138672,187.4600067138672,638,0.0,0.0,0.0
2024-07-05 11:35:00-04:00,187.58999633789062,187.87989807128906,187.58999633789062,187.87989807128906,615,0.0,0.0,0.0
2024-07-05 11:40:00-04:00,187.50999450683594,188.00999450683594,187.50999450683594,188.00999450683594,1644,0.0,0.0,0.0
2024-07-05 11:45:00-04:00,188.1999969482422,188.3000030517578,188.1999969482422,188.3000030517578,1494,0.0,0.0,0.0
2024-07-05 11:50:00-04:00,188.39999389648438,188.5,188.3300018310547,188.5,1769,0.0,0.0,0.0
2024-07-05 11:55:00-04:00,188.55999755859375,188.60000610351562,188.55999755859375,188.60000610351562,621,0.0,0.0,0.0
2024-07-05 12:00:00-04:00,188.49989318847656,188.49989318847656,188.42990112304688,188.42990112304688,623,0.0,0.0,0.0
2024-07-05 12:05:00-04:00,188.0,188.0,188.0,188.0,721,0.0,0.0,0.0
2024-07-05 12:10:00-04:00,188.49000549316406,188.5,188.49000549316406,188.5,1005,0.0,0.0,0.0
2024-07-05 12:20:00-04:00,188.79849243164062,188.79849243164062,188.5,188.5,691,0.0,0.0,0.0
2024-07-05 12:25:00-04:00,188.4600067138672,188.4600067138672,188.45889282226562,188.45889282226562,550,0.0,0.0,0.0
2024-07-05 12:30:00-04:00,188.2899932861328,188.2899932861328,188.0500030517578,188.0500030517578,542,0.0,0.0,0.0
2024-07-05 12:35:00-04:00,187.7550048828125,187.7550048828125,187.5449981689453,187.6300048828125,1428,0.0,0.0,0.0
2024-07-05 12:55:00-04:00,187.60000610351562,187.60000610351562,187.60000610351562,187.60000610351562,1305,0.0,0.0,0.0
2024-07-05 13:00:00-04:00,187.64990234375,187.64990234375,187.6490020751953,187.6490020751953,931,0.0,0.0,0.0
2024-07-05 13:10:00-04:00,187.6199951171875,187.6199951171875,187.61000061035156,187.61000061035156,416,0.0,0.0,0.0
2024-07-05 13:15:00-04:00,187.92999267578125,187.92999267578125,187.7449951171875,187.7449951171875,473,0.0,0.0,0.0
2024-07-05 13:25:00-04:00,188.27000427246094,188.50999450683594,188.27000427246094,188.50999450683594,622,0.0,0.0,0.0
2024-07-05 13:30:00-04:00,188.50999450683594,188.60000610351562,188.50999450683594,188.60000610351562,1460,0.0,0.0,0.0
2024-07-05 13:40:00-04:00,188.61000061035156,188.6219024658203,188.5500030517578,188.6219024658203,961,0.0,0.0,0.0
2024-07-05 13:45:00-04:00,188.6300048828125,188.6300048828125,188.6300048828125,188.6300048828125,607,0.0,0.0,0.0
2024-07-05 13:50:00-04:00,188.8699951171875,188.9499969482422,188.75999450683594,188.75999450683594,1031,0.0,0.0,0.0
2024-07-05 13:55:00-04:00,188.7458953857422,188.7458953857422,188.47999572753906,188.47999572753906,834,0.0,0.0,0.0
2024-07-05 14:00:00-04:00,188.54510498046875,188.54510498046875,188.0500030517578,188.0500030517578,511,0.0,0.0,0.0
2024-07-05 14:05:00-04:00,188.35000610351562,188.55999755859375,188.35000610351562,188.49000549316406,3548,0.0,0.0,0.0
2024-07-05 14:15:00-04:00,188.64999389648438,188.64999389648438,188.27000427246094,188.27000427246094,1262,0.0,0.0,0.0
2024-07-05 14:20:00-04:00,188.13999938964844,188.13999938964844,187.9600067138672,187.9600067138672,646,0.0,0.0,0.0
2024-07-05 14:30:00-04:00,187.97000122070312,187.97000122070312,187.97000122070312,187.97000122070312,166,0.0,0.0,0.0
2024-07-05 14:35:00-04:00,187.72999572753906,187.9969024658203,187.6999969482422,187.74000549316406,2308,0.0,0.0,0.0
2024-07-05 14:40:00-04:00,187.7100067138672,187.7100067138672,187.57000732421875,187.5800018310547,735,0.0,0.0,0.0
2024-07-05 14:45:00-04:00,188.0,188.11000061035156,188.0,188.0800018310547,1948,0.0,0.0,0.0
2024-07-05 14:50:00-04:00,188.13999938964844,188.13999938964844,188.07000732421875,188.07000732421875,477,0.0,0.0,0.0
2024-07-05 14:55:00-04:00,188.16000366210938,188.2899932861328,187.9949951171875,188.17999267578125,13209,0.0,0.0,0.0
2024-07-05 15:00:00-04:00,188.1300048828125,188.4600067138672,188.1300048828125,188.4600067138672,6016,0.0,0.0,0.0
2024-07-05 15:05:00-04:00,188.4499969482422,188.777099609375,188.4499969482422,188.777099609375,6408,0.0,0.0,0.0
2024-07-05 15:10:00-04:00,188.77999877929688,188.77999877929688,188.61990356445312,188.6199951171875,2450,0.0,0.0,0.0
2024-07-05 15:15:00-04:00,188.60000610351562,188.60000610351562,188.60000610351562,188.60000610351562,496,0.0,0.0,0.0
2024-07-05 15:20:00-04:00,188.6999969482422,188.6999969482422,188.6999969482422,188.6999969482422,272,0.0,0.0,0.0
2024-07-05 15:25:00-04:00,188.97999572753906,189.07000732421875,188.97999572753906,189.05999755859375,3030,0.0,0.0,0.0
2024-07-05 15:30:00-04:00,188.6699981689453,188.6999969482422,188.5,188.6999969482422,742,0.0,0.0,0.0
2024-07-05 15:35:00-04:00,188.7899932861328,188.7899932861328,188.7899932861328,188.7899932861328,430,0.0,0.0,0.0
2024-07-05 15:40:00-04:00,188.69000244140625,189.02999877929688,188.69000244140625,189.02999877929688,602,0.0,0.0,0.0
2024-07-05 15:45:00-04:00,188.85659790039062,188.85659790039062,188.75999450683594,188.8300018310547,1138,0.0,0.0,0.0
2024-07-05 15:50:00-04:00,188.8800048828125,188.94000244140625,188.35000610351562,188.7799072265625,1989,0.0,0.0,0.0
2024-07-05 15:55:00-04:00,188.92999267578125,188.92999267578125,188.6699981689453,188.6699981689453,1340,0.0,0.0,0.0
2024-07-08 09:30:00-04:00,189.52999877929688,189.52999877929688,187.75100708007812,187.75140380859375,24362,0.0,0.0,0.0
2024-07-08 09:35:00-04:00,187.05999755859375,187.88999938964844,187.05999755859375,187.88999938964844,4179,0.0,0.0,0.0
2024-07-08 09:40:00-04:00,187.99000549316406,187.99000549316406,187.5800018310547,187.83450317382812,860,0.0,0.0,0.0
2024-07-08 09:45:00-04:00,188.50999450683594,188.50999450683594,188.0,188.0,2064,0.0,0.0,0.0
2024-07-08 09:50:00-04:00,188.42999267578125,188.42999267578125,187.72000122070312,187.94500732421875,1882,0.0,0.0,0.0
2024-07-08 09:55:00-04:00,188.50999450683594,188.50999450683594,188.2100067138672,188.47000122070312,1825,0.0,0.0,0.0
2024-07-08 10:00:00-04:00,188.63999938964844,188.63999938964844,187.39500427246094,188.552001953125,2444,0.0,0.0,0.0
2024-07-08 10:05:00-04:00,188.69500732421875,188.69500732421875,188.69500732421875,188.69500732421875,546,0.0,0.0,0.0
2024-07-08 10:10:00-04:00,189.38999938964844,189.39340209960938,188.88999938964844,188.88999938964844,1192,0.0,0.0,0.0
2024-07-08 10:15:00-04:00,188.69000244140625,189.08999633789062,188.69000244140625,189.02000427246094,1700,0.0,0.0,0.0
2024-07-08 10:20:00-04:00,188.5399932861328,188.5399932861328,188.02000427246094,188.31500244140625,2453,0.0,0.0,0.0
2024-07-08 10:25:00-04:00,189.0,189.11000061035156,189.0,189.11000061035156,1468,0.0,0.0,0.0
2024-07-08 10:35:00-04:00,187.1999969482422,187.6999969482422,187.17010498046875,187.6999969482422,1773,0.0,0.0,0.0
2024-07-08 10:40:00-04:00,188.1199951171875,188.1199951171875,188.00759887695312,188.11270141601562,665,0.0,0.0,0.0
2024-07-08 10:45:00-04:00,187.72999572753906,187.75,187.72999572753906,187.75,1411,0.0,0.0,0.0
2024-07-08 10:55:00-04:00,187.50999450683594,187.50999450683594,187.50999450683594,187.50999450683594,291,0.0,0.0,0.0
2024-07-08 11:00:00-04:00,187.99000549316406,188.8800048828125,187.99000549316406,188.8800048828125,3179,0.0,0.0,0.0
2024-07-08 11:10:00-04:00,189.36000061035156,189.44039916992188,189.36000061035156,189.44039916992188,719,0.0,0.0,0.0
2024-07-08 11:15:00-04:00,189.42990112304688,190.0,189.42990112304688,189.99000549316406,5384,0.0,0.0,0.0
2024-07-08 11:20:00-04:00,190.02000427246094,190.63510131835938,190.02000427246094,190.63510131835938,1581,0.0,0.0,0.0
2024-07-08 11:25:00-04:00,190.36000061035156,190.36000061035156,190.36000061035156,190.36000061035156,504,0.0,0.0,0.0
2024-07-08 11:30:00-04:00,190.44000244140625,190.77999877929688,190.3800048828125,190.4499969482422,5397,0.0,0.0,0.0
2024-07-08 11:35:00-04:00,190.0,190.0,190.0,190.0,200,0.0,0.0,0.0
2024-07-08 11:40:00-04:00,190.44000244140625,191.0,190.44000244140625,191.0,1382,0.0,0.0,0.0
2024-07-08 11:45:00-04:00,190.64999389648438,190.64999389648438,190.64999389648438,190.64999389648438,559,0.0,0.0,0.0
2024-07-08 11:50:00-04:00,190.96499633789062,191.18930053710938,190.96499633789062,191.10989379882812,1708,0.0,0.0,0.0
2024-07-08 11:55:00-04:00,191.10000610351562,191.10000610351562,191.10000610351562,191.10000610351562,615,0.0,0.0,0.0
2024-07-08 12:00:00-04:00,191.25,191.5050048828125,190.80999755859375,190.80999755859375,723,0.0,0.0,0.0
2024-07-08 12:05:00-04:00,190.64990234375,190.64990234375,189.58999633789062,189.58999633789062,1038,0.0,0.0,0.0
2024-07-08 12:10:00-04:00,189.72000122070312,189.96800231933594,189.72000122070312,189.95509338378906,805,0.0,0.0,0.0
2024-07-08 12:15:00-04:00,190.02000427246094,190.02000427246094,190.01510620117188,190.01510620117188,494,0.0,0.0,0.0
2024-07-08 12:25:00-04:00,189.5782012939453,189.5800018310547,189.5782012939453,189.5800018310547,269,0.0,0.0,0.0
2024-07-08 12:30:00-04:00,189.50570678710938,189.50570678710938,189.50570678710938,189.50570678710938,141,0.0,0.0,0.0
2024-07-08 12:35:00-04:00,189.50999450683594,189.50999450683594,189.50999450683594,189.50999450683594,241,0.0,0.0,0.0
2024-07-08 12:50:00-04:00,189.49000549316406,189.72000122070312,189.49000549316406,189.72000122070312,586,0.0,0.0,0.0
2024-07-08 13:15:00-04:00,189.4499969482422,189.4499969482422,189.4499969482422,189.4499969482422,374,0.0,0.0,0.0
2024-07-08 13:20:00-04:00,189.1688995361328,189.1688995361328,189.1688995361328,189.1688995361328,160,0.0,0.0,0.0
2024-07-08 13:30:00-04:00,190.11000061035156,190.27000427246094,190.11000061035156,190.24000549316406,511,0.0,0.0,0.0
2024-07-08 13:35:00-04:00,190.27049255371094,190.27049255371094,190.27049255371094,190.27049255371094,563,0.0,0.0,0.0
2024-07-08 13:50:00-04:00,190.55870056152344,190.55870056152344,190.55870056152344,190.55870056152344,186,0.0,0.0,0.0
2024-07-08 14:00:00-04:00,189.96730041503906,190.1999969482422,189.96730041503906,190.1999969482422,677,0.0,0.0,0.0
2024-07-08 14:10:00-04:00,189.97999572753906,189.97999572753906,189.97999572753906,189.97999572753906,309,0.0,0.0,0.0
2024-07-08 14:30:00-04:00,189.7899932861328,189.8249969482422,189.5,189.77999877929688,1943,0.0,0.0,0.0
2024-07-08 14:40:00-04:00,189.19000244140625,189.19000244140625,189.19000244140625,189.19000244140625,370,0.0,0.0,0.0
2024-07-08 14:45:00-04:00,189.0800018310547,189.52000427246094,188.86000061035156,189.52000427246094,3743,0.0,0.0,0.0
2024-07-08 14:55:00-04:00,190.00999450683594,190.00999450683594,190.00999450683594,190.00999450683594,174,0.0,0.0,0.0
2024-07-08 15:00:00-04:00,190.0,190.0,190.0,190.0,175,0.0,0.0,0.0
2024-07-08 15:05:00-04:00,190.1699981689453,190.1699981689453,190.13510131835938,190.13510131835938,468,0.0,0.0,0.0
2024-07-08 15:20:00-04:00,190.14999389648438,190.25999450683594,190.08999633789062,190.08999633789062,635,0.0,0.0,0.0
2024-07-08 15:30:00-04:00,189.42999267578125,189.42999267578125,189.42999267578125,189.42999267578125,278,0.0,0.0,0.0
2024-07-08 15:35:00-04:00,189.39999389648438,189.42999267578125,189.27000427246094,189.32000732421875,6791,0.0,0.0,0.0
2024-07-08 15:40:00-04:00,189.41000366210938,189.5500030517578,189.3699951171875,189.5500030517578,816,0.0,0.0,0.0
2024-07-08 15:45:00-04:00,190.27000427246094,190.4199981689453,190.27000427246094,190.4199981689453,320,0.0,0.0,0.0
2024-07-08 15:50:00-04:00,190.99000549316406,191.0447998046875,190.8699951171875,190.9600067138672,3657,0.0,0.0,0.0
2024-07-08 15:55:00-04:00,191.67999267578125,191.99000549316406,190.7550048828125,190.7899932861328,10168,0.0,0.0,0.0
2024-07-09 09:30:00-04:00,193.5399932861328,195.94000244140625,193.5399932861328,195.94000244140625,15006,0.0,0.0,0.0
2024-07-09 09:35:00-04:00,194.5500030517578,194.89999389648438,193.1999969482422,193.7100067138672,2796,0.0,0.0,0.0
2024-07-09 09:40:00-04:00,193.1699981689453,194.24000549316406,193.1699981689453,194.24000549316406,1492,0.0,0.0,0.0
2024-07-09 09:45:00-04:00,194.0,194.0,193.4199981689453,193.4199981689453,810,0.0,0.0,0.0
2024-07-09 09:50:00-04:00,193.41000366210938,193.61000061035156,193.1699981689453,193.61000061035156,1810,0.0,0.0,0.0
2024-07-09 09:55:00-04:00,193.82000732421875,194.05999755859375,193.82000732421875,194.05999755859375,420,0.0,0.0,0.0
2024-07-09 10:00:00-04:00,193.92999267578125,193.92999267578125,193.58999633789062,193.58999633789062,850,0.0,0.0,0.0
2024-07-09 10:05:00-04:00,192.8300018310547,192.8300018310547,192.4199981689453,192.4199981689453,1264,0.0,0.0,0.0
2024-07-09 10:10:00-04:00,192.49549865722656,194.1199951171875,192.49549865722656,193.8800048828125,1701,0.0,0.0,0.0
2024-07-09 10:15:00-04:00,193.47999572753906,193.47999572753906,193.47999572753906,193.47999572753906,694,0.0,0.0,0.0
2024-07-09 10:20:00-04:00,192.8000030517578,192.8000030517578,192.60000610351562,192.60000610351562,837,0.0,0.0,0.0
2024-07-09 10:25:00-04:00,192.07000732421875,192.22000122070312,190.9499969482422,191.3699951171875,7810,0.0,0.0,0.0
2024-07-09 10:30:00-04:00,190.5,190.9199981689453,190.5,190.9199981689453,941,0.0,0.0,0.0
2024-07-09 10:35:00-04:00,191.6199951171875,191.6199951171875,191.6199951171875,191.6199951171875,214,0.0,0.0,0.0
2024-07-09 10:40:00-04:00,192.16000366210938,192.360595703125,192.15989685058594,192.27000427246094,1031,0.0,0.0,0.0
2024-07-09 10:45:00-04:00,192.75,192.75,192.54989624023438,192.54989624023438,427,0.0,0.0,0.0
2024-07-09 10:50:00-04:00,192.3000030517578,192.50999450683594,192.2899932861328,192.50999450683594,854,0.0,0.0,0.0
2024-07-09 10:55:00-04:00,192.0,192.0,191.69000244140625,191.69000244140625,942,0.0,0.0,0.0
2024-07-09 11:05:00-04:00,191.8300018310547,191.8300018310547,191.76499938964844,191.77999877929688,961,0.0,0.0,0.0
2024-07-09 11:10:00-04:00,191.6199951171875,191.6199951171875,191.6199951171875,191.6199951171875,113,0.0,0.0,0.0
2024-07-09 11:15:00-04:00,191.75,191.83990478515625,191.75,191.83990478515625,630,0.0,0.0,0.0
2024-07-09 11:20:00-04:00,191.81399536132812,191.81399536132812,191.81399536132812,191.81399536132812,225,0.0,0.0,0.0
2024-07-09 11:25:00-04:00,191.1699981689453,191.3000030517578,191.1699981689453,191.3000030517578,389,0.0,0.0,0.0
2024-07-09 11:30:00-04:00,191.04010009765625,191.63999938964844,191.04010009765625,191.63999938964844,605,0.0,0.0,0.0
2024-07-09 11:35:00-04:00,191.75999450683594,191.75999450683594,191.75999450683594,191.75999450683594,320,0.0,0.0,0.0
2024-07-09 11:40:00-04:00,191.67999267578125,191.75999450683594,191.67999267578125,191.74000549316406,1094,0.0,0.0,0.0
2024-07-09 11:45:00-04:00,192.0,192.0399932861328,192.0,192.0399932861328,1465,0.0,0.0,0.0
2024-07-09 12:15:00-04:00,192.42999267578125,192.42999267578125,192.42999267578125,192.42999267578125,214,0.0,0.0,0.0
2024-07-09 12:20:00-04:00,192.88999938964844,192.88999938964844,192.88999938964844,192.88999938964844,146,0.0,0.0,0.0
2024-07-09 12:25:00-04:00,192.6278076171875,192.6278076171875,192.6278076171875,192.6278076171875,234,0.0,0.0,0.0
2024-07-09 12:35:00-04:00,192.02999877929688,192.02999877929688,192.02999877929688,192.02999877929688,191,0.0,0.0,0.0
2024-07-09 12:40:00-04:00,191.5,191.5,191.5,191.5,106,0.0,0.0,0.0
2024-07-09 12:45:00-04:00,191.5,191.5,190.27000427246094,190.5399932861328,2966,0.0,0.0,0.0
2024-07-09 12:50:00-04:00,190.86000061035156,190.86000061035156,190.8000030517578,190.8000030517578,441,0.0,0.0,0.0
2024-07-09 12:55:00-04:00,190.69500732421875,190.69500732421875,190.69500732421875,190.69500732421875,387,0.0,0.0,0.0
2024-07-09 13:10:00-04:00,191.44000244140625,191.44000244140625,191.4199981689453,191.4199981689453,429,0.0,0.0,0.0
2024-07-09 13:15:00-04:00,190.71530151367188,190.71530151367188,189.97999572753906,189.97999572753906,1660,0.0,0.0,0.0
2024-07-09 13:20:00-04:00,189.83999633789062,189.97000122070312,189.75,189.75,802,0.0,0.0,0.0
2024-07-09 13:25:00-04:00,189.96749877929688,189.98800659179688,189.96749877929688,189.98800659179688,384,0.0,0.0,0.0
2024-07-09 13:30:00-04:00,190.1300048828125,190.5,190.1300048828125,190.5,907,0.0,0.0,0.0
2024-07-09 13:55:00-04:00,191.25999450683594,191.25999450683594,191.25999450683594,191.25999450683594,267,0.0,0.0,0.0
2024-07-09 14:00:00-04:00,191.5,191.5,191.5,191.5,125,0.0,0.0,0.0
2024-07-09 14:05:00-04:00,191.16000366210938,191.16000366210938,191.16000366210938,191.16000366210938,253,0.0,0.0,0.0
2024-07-09 14:10:00-04:00,191.57000732421875,191.57000732421875,191.29010009765625,191.29010009765625,450,0.0,0.0,0.0
2024-07-09 14:25:00-04:00,191.27999877929688,191.3000030517578,191.25999450683594,191.3000030517578,748,0.0,0.0,0.0
2024-07-09 14:30:00-04:00,191.16000366210938,191.16000366210938,191.16000366210938,191.16000366210938,282,0.0,0.0,0.0
2024-07-09 14:45:00-04:00,191.89999389648438,192.27999877929688,191.89999389648438,192.27999877929688,534,0.0,0.0,0.0
2024-07-09 14:55:00-04:00,192.04750061035156,192.04750061035156,192.04750061035156,192.04750061035156,222,0.0,0.0,0.0
2024-07-09 15:05:00-04:00,192.09500122070312,192.09500122070312,192.09500122070312,192.09500122070312,200,0.0,0.0,0.0
2024-07-09 15:15:00-04:00,192.1199951171875,192.1199951171875,192.1199951171875,192.1199951171875,257,0.0,0.0,0.0
2024-07-09 15:35:00-04:00,191.9600067138672,191.9600067138672,191.9600067138672,191.9600067138672,215,0.0,0.0,0.0
2024-07-09 15:40:00-04:00,192.1199951171875,192.1199951171875,192.1199951171875,192.1199951171875,121,0.0,0.0,0.0
2024-07-09 15:45:00-04:00,191.94000244140625,191.94000244140625,191.94000244140625,191.94000244140625,200,0.0,0.0,0.0
2024-07-09 15:50:00-04:00,192.1999969482422,192.1999969482422,192.1999969482422,192.1999969482422,0,0.0,0.0,0.0
2024-07-09 15:55:00-04:00,191.7100067138672,192.33340454101562,191.7100067138672,191.8800048828125,63447,0.0,0.0,0.0
2024-07-10 09:30:00-04:00,194.6199951171875,195.0,193.3072052001953,193.40289306640625,15547,0.0,0.0,0.0
2024-07-10 09:35:00-04:00,193.35000610351562,193.35000610351562,192.83999633789062,192.91000366210938,3470,0.0,0.0,0.0
2024-07-10 09:40:00-04:00,193.5601043701172,194.2899932861328,193.5601043701172,194.2899932861328,1101,0.0,0.0,0.0
2024-07-10 09:45:00-04:00,193.96499633789062,194.11000061035156,193.77999877929688,193.77999877929688,1143,0.0,0.0,0.0
2024-07-10 09:50:00-04:00,194.05999755859375,194.05999755859375,194.05999755859375,194.05999755859375,613,0.0,0.0,0.0
2024-07-10 10:00:00-04:00,193.6199951171875,193.63999938964844,193.6199951171875,193.63999938964844,736,0.0,0.0,0.0
2024-07-10 10:05:00-04:00,194.43179321289062,194.43179321289062,194.43179321289062,194.43179321289062,185,0.0,0.0,0.0
2024-07-10 10:10:00-04:00,194.3699951171875,194.49130249023438,194.3699951171875,194.49130249023438,1573,0.0,0.0,0.0
2024-07-10 10:15:00-04:00,194.7100067138672,194.7100067138672,194.7100067138672,194.7100067138672,849,0.0,0.0,0.0
2024-07-10 10:25:00-04:00,194.61000061035156,194.61000061035156,194.61000061035156,194.61000061035156,736,0.0,0.0,0.0
2024-07-10 10:35:00-04:00,193.52999877929688,193.53500366210938,193.52999877929688,193.53500366210938,536,0.0,0.0,0.0
2024-07-10 10:45:00-04:00,193.49000549316406,193.5,193.32000732421875,193.5,1428,0.0,0.0,0.0
2024-07-10 10:55:00-04:00,193.0500030517578,193.0500030517578,193.0500030517578,193.0500030517578,784,0.0,0.0,0.0
2024-07-10 11:00:00-04:00,192.0,192.25999450683594,192.0,192.25999450683594,1169,0.0,0.0,0.0
2024-07-10 11:05:00-04:00,192.39999389648438,192.91000366210938,192.39999389648438,192.91000366210938,395,0.0,0.0,0.0
2024-07-10 11:10:00-04:00,193.34039306640625,193.34039306640625,193.34039306640625,193.34039306640625,894,0.0,0.0,0.0
2024-07-10 11:20:00-04:00,193.0,193.0,193.0,193.0,281,0.0,0.0,0.0
2024-07-10 11:25:00-04:00,193.4600067138672,193.5,193.4600067138672,193.5,853,0.0,0.0,0.0
2024-07-10 11:30:00-04:00,193.72999572753906,194.28070068359375,193.72999572753906,194.07000732421875,2885,0.0,0.0,0.0
2024-07-10 11:45:00-04:00,194.30499267578125,194.35000610351562,194.30499267578125,194.35000610351562,411,0.0,0.0,0.0
2024-07-10 11:50:00-04:00,194.5399932861328,194.77999877929688,194.47999572753906,194.77999877929688,1030,0.0,0.0,0.0
2024-07-10 12:05:00-04:00,194.67999267578125,194.78500366210938,194.67999267578125,194.72999572753906,993,0.0,0.0,0.0
2024-07-10 12:15:00-04:00,194.75,194.75,194.72999572753906,194.72999572753906,455,0.0,0.0,0.0
2024-07-10 12:20:00-04:00,194.6999969482422,195.25599670410156,194.6999969482422,195.1999969482422,1684,0.0,0.0,0.0
2024-07-10 12:25:00-04:00,195.4499969482422,195.6405029296875,195.4499969482422,195.6405029296875,858,0.0,0.0,0.0
2024-07-10 12:30:00-04:00,195.75,195.99000549316406,195.75,195.99000549316406,1620,0.0,0.0,0.0
2024-07-10 12:35:00-04:00,196.1199951171875,196.1199951171875,196.1199951171875,196.1199951171875,533,0.0,0.0,0.0
2024-07-10 12:40:00-04:00,196.1999969482422,196.58999633789062,196.1999969482422,196.57000732421875,1590,0.0,0.0,0.0
2024-07-10 12:45:00-04:00,196.3300018310547,196.3300018310547,196.3300018310547,196.3300018310547,441,0.0,0.0,0.0
2024-07-10 12:50:00-04:00,196.13999938964844,196.13999938964844,196.13999938964844,196.13999938964844,319,0.0,0.0,0.0
2024-07-10 13:00:00-04:00,196.38999938964844,196.5,196.17999267578125,196.5,1110,0.0,0.0,0.0
2024-07-10 13:05:00-04:00,196.94000244140625,196.99000549316406,196.8000030517578,196.8000030517578,1987,0.0,0.0,0.0
2024-07-10 13:15:00-04:00,197.0,197.1186065673828,196.8800048828125,196.8800048828125,2092,0.0,0.0,0.0
2024-07-10 13:20:00-04:00,196.9499969482422,196.9499969482422,196.9499969482422,196.9499969482422,391,0.0,0.0,0.0
2024-07-10 13:30:00-04:00,197.08999633789062,197.10000610351562,197.08999633789062,197.10000610351562,584,0.0,0.0,0.0
2024-07-10 13:35:00-04:00,197.13499450683594,197.13499450683594,197.13499450683594,197.13499450683594,488,0.0,0.0,0.0
2024-07-10 13:40:00-04:00,197.42999267578125,197.5659942626953,197.42999267578125,197.5659942626953,566,0.0,0.0,0.0
2024-07-10 13:45:00-04:00,197.60000610351562,197.60000610351562,197.5,197.50999450683594,1437,0.0,0.0,0.0
2024-07-10 13:50:00-04:00,197.64999389648438,197.88999938964844,197.64999389648438,197.88999938964844,905,0.0,0.0,0.0
2024-07-10 14:00:00-04:00,197.8249969482422,197.8249969482422,197.8249969482422,197.8249969482422,353,0.0,0.0,0.0
2024-07-10 14:05:00-04:00,197.89500427246094,197.89500427246094,197.89500427246094,197.89500427246094,776,0.0,0.0,0.0
2024-07-10 14:15:00-04:00,198.0,198.69200134277344,198.0,198.5500030517578,4857,0.0,0.0,0.0
2024-07-10 14:20:00-04:00,198.05999755859375,198.05999755859375,197.91000366210938,197.91000366210938,391,0.0,0.0,0.0
2024-07-10 14:25:00-04:00,197.9149932861328,197.9149932861328,197.77000427246094,197.77000427246094,1144,0.0,0.0,0.0
2024-07-10 14:30:00-04:00,197.66009521484375,197.66009521484375,197.66009521484375,197.66009521484375,495,0.0,0.0,0.0
2024-07-10 14:35:00-04:00,198.13999938964844,198.13999938964844,198.13999938964844,198.13999938964844,1052,0.0,0.0,0.0
2024-07-10 14:55:00-04:00,198.1634979248047,198.1634979248047,198.1634979248047,198.1634979248047,566,0.0,0.0,0.0
2024-07-10 15:05:00-04:00,197.5,197.5,197.4199981689453,197.4199981689453,476,0.0,0.0,0.0
2024-07-10 15:15:00-04:00,197.5,197.5,197.24000549316406,197.4152069091797,851,0.0,0.0,0.0
2024-07-10 15:20:00-04:00,197.5,197.5,197.5,197.5,142,0.0,0.0,0.0
2024-07-10 15:25:00-04:00,197.20989990234375,197.20989990234375,197.20989990234375,197.20989990234375,346,0.0,0.0,0.0
2024-07-10 15:30:00-04:00,197.85000610351562,197.98500061035156,197.85000610351562,197.98500061035156,453,0.0,0.0,0.0
2024-07-10 15:35:00-04:00,198.47000122070312,198.4781951904297,198.47000122070312,198.4781951904297,803,0.0,0.0,0.0
2024-07-10 15:40:00-04:00,198.5,198.5,198.0500030517578,198.05999755859375,2526,0.0,0.0,0.0
2024-07-10 15:45:00-04:00,198.2899932861328,198.35000610351562,198.2899932861328,198.35000610351562,329,0.0,0.0,0.0
2024-07-10 15:50:00-04:00,198.52999877929688,199.110107421875,198.52000427246094,199.110107421875,4655,0.0,0.0,0.0
2024-07-10 15:55:00-04:00,198.6199951171875,198.9499969482422,198.36000061035156,198.36000061035156,2784,0.0,0.0,0.0
2024-07-11 09:30:00-04:00,197.74000549316406,197.74000549316406,196.41009521484375,197.4199981689453,15207,0.0,0.0,0.0
2024-07-11 09:35:00-04:00,197.69000244140625,197.77999877929688,197.4873046875,197.4873046875,1113,0.0,0.0,0.0
2024-07-11 09:40:00-04:00,196.90750122070312,197.9600067138672,196.06199645996094,197.8699951171875,3867,0.0,0.0,0.0
2024-07-11 09:45:00-04:00,197.75,197.85000610351562,197.75,197.8444061279297,1213,0.0,0.0,0.0
2024-07-11 09:50:00-04:00,197.22999572753906,197.47999572753906,195.50999450683594,195.50999450683594,2537,0.0,0.0,0.0
2024-07-11 09:55:00-04:00,196.09010314941406,197.18499755859375,196.09010314941406,197.18499755859375,1847,0.0,0.0,0.0
2024-07-11 10:00:00-04:00,196.9499969482422,197.0655059814453,196.67999267578125,196.67999267578125,1345,0.0,0.0,0.0
2024-07-11 10:05:00-04:00,195.57000732421875,195.57000732421875,195.45799255371094,195.52499389648438,677,0.0,0.0,0.0
2024-07-11 10:10:00-04:00,195.32130432128906,195.32130432128906,192.5,192.5,3596,0.0,0.0,0.0
2024-07-11 10:15:00-04:00,192.5050048828125,192.6300048828125,189.79600524902344,189.83999633789062,10232,0.0,0.0,0.0
2024-07-11 10:20:00-04:00,189.33999633789062,190.27000427246094,189.0,189.25999450683594,7522,0.0,0.0,0.0
2024-07-11 10:25:00-04:00,190.0850067138672,190.9871063232422,190.0850067138672,190.38999938964844,3553,0.0,0.0,0.0
2024-07-11 10:30:00-04:00,191.22000122070312,191.54710388183594,189.82749938964844,189.82749938964844,3004,0.0,0.0,0.0
2024-07-11 10:35:00-04:00,190.60000610351562,190.6750030517578,190.05999755859375,190.05999755859375,1706,0.0,0.0,0.0
2024-07-11 10:40:00-04:00,190.0,190.21510314941406,189.0,189.47659301757812,2474,0.0,0.0,0.0
2024-07-11 10:45:00-04:00,189.47999572753906,189.47999572753906,189.0,189.0,1129,0.0,0.0,0.0
2024-07-11 10:50:00-04:00,188.83009338378906,189.50750732421875,188.67999267578125,189.3800048828125,2260,0.0,0.0,0.0
2024-07-11 10:55:00-04:00,188.8000030517578,188.8000030517578,187.0,187.0,2364,0.0,0.0,0.0
2024-07-11 11:00:00-04:00,187.28070068359375,187.28070068359375,186.07000732421875,186.07000732421875,6026,0.0,0.0,0.0
2024-07-11 11:05:00-04:00,186.2899932861328,188.00250244140625,186.2899932861328,188.00250244140625,1773,0.0,0.0,0.0
2024-07-11 11:10:00-04:00,188.3249969482422,188.39999389648438,186.88999938964844,186.88999938964844,1450,0.0,0.0,0.0
2024-07-11 11:15:00-04:00,187.66000366210938,187.8000030517578,187.11000061035156,187.11000061035156,1050,0.0,0.0,0.0
2024-07-11 11:20:00-04:00,187.32000732421875,187.32000732421875,185.0,185.05999755859375,4338,0.0,0.0,0.0
2024-07-11 11:25:00-04:00,184.91000366210938,185.39999389648438,184.41000366210938,184.5399932861328,4557,0.0,0.0,0.0
2024-07-11 11:30:00-04:00,184.2899932861328,184.2899932861328,183.46090698242188,183.6999969482422,8231,0.0,0.0,0.0
2024-07-11 11:35:00-04:00,183.22000122070312,183.22000122070312,181.9199981689453,182.1999969482422,3619,0.0,0.0,0.0
2024-07-11 11:40:00-04:00,181.75999450683594,181.75999450683594,179.45010375976562,181.1999969482422,12859,0.0,0.0,0.0
2024-07-11 11:45:00-04:00,181.1199951171875,181.60000610351562,180.63009643554688,181.1800994873047,3582,0.0,0.0,0.0
2024-07-11 11:50:00-04:00,181.30999755859375,181.32000732421875,180.08009338378906,180.08009338378906,1465,0.0,0.0,0.0
2024-07-11 11:55:00-04:00,179.75,179.75,178.80999755859375,179.49229431152344,4423,0.0,0.0,0.0
2024-07-11 12:00:00-04:00,179.52000427246094,179.75,178.72999572753906,178.72999572753906,1422,0.0,0.0,0.0
2024-07-11 12:05:00-04:00,178.9199981689453,180.63999938964844,178.9199981689453,180.57730102539062,1815,0.0,0.0,0.0
2024-07-11 12:10:00-04:00,180.92550659179688,181.38519287109375,180.92550659179688,181.18499755859375,1396,0.0,0.0,0.0
2024-07-11 12:15:00-04:00,180.35000610351562,180.35000610351562,180.30999755859375,180.30999755859375,888,0.0,0.0,0.0
2024-07-11 12:20:00-04:00,179.72999572753906,179.72999572753906,179.72999572753906,179.72999572753906,1292,0.0,0.0,0.0
2024-07-11 12:25:00-04:00,179.94009399414062,179.94009399414062,179.94009399414062,179.94009399414062,374,0.0,0.0,0.0
2024-07-11 12:30:00-04:00,181.36619567871094,182.05999755859375,181.36619567871094,181.8699951171875,5054,0.0,0.0,0.0
2024-07-11 12:35:00-04:00,182.1999969482422,182.72999572753906,182.10440063476562,182.10440063476562,2148,0.0,0.0,0.0
2024-07-11 12:40:00-04:00,181.75999450683594,182.16000366210938,181.35009765625,181.79910278320312,4109,0.0,0.0,0.0
2024-07-11 12:45:00-04:00,181.20989990234375,181.20989990234375,181.20989990234375,181.20989990234375,828,0.0,0.0,0.0
2024-07-11 12:50:00-04:00,179.6199951171875,179.6199951171875,179.0,179.05270385742188,1552,0.0,0.0,0.0
2024-07-11 12:55:00-04:00,179.27969360351562,179.3101043701172,179.27969360351562,179.30999755859375,2002,0.0,0.0,0.0
2024-07-11 13:00:00-04:00,179.07000732421875,179.07000732421875,178.14999389648438,178.14999389648438,1182,0.0,0.0,0.0
2024-07-11 13:05:00-04:00,179.00999450683594,179.49000549316406,179.00999450683594,179.3300018310547,1669,0.0,0.0,0.0
2024-07-11 13:10:00-04:00,178.88670349121094,178.88670349121094,178.88670349121094,178.88670349121094,388,0.0,0.0,0.0
2024-07-11 13:20:00-04:00,180.1300048828125,180.1300048828125,179.8751983642578,179.8751983642578,431,0.0,0.0,0.0
2024-07-11 13:25:00-04:00,179.67489624023438,180.4055938720703,179.67489624023438,180.4055938720703,1057,0.0,0.0,0.0
2024-07-11 13:30:00-04:00,180.2899932861328,180.2899932861328,180.2313995361328,180.2313995361328,623,0.0,0.0,0.0
2024-07-11 13:40:00-04:00,179.02999877929688,179.02999877929688,178.92999267578125,178.92999267578125,776,0.0,0.0,0.0
2024-07-11 13:45:00-04:00,178.5,178.5,177.71839904785156,177.8000030517578,1305,0.0,0.0,0.0
2024-07-11 13:50:00-04:00,177.88999938964844,177.88999938964844,177.88999938964844,177.88999938964844,270,0.0,0.0,0.0
2024-07-11 13:55:00-04:00,177.50140380859375,177.50140380859375,176.77499389648438,176.77499389648438,1259,0.0,0.0,0.0
2024-07-11 14:00:00-04:00,177.1199951171875,177.1199951171875,176.00999450683594,176.24850463867188,2007,0.0,0.0,0.0
2024-07-11 14:05:00-04:00,176.37010192871094,176.63499450683594,176.2050018310547,176.2050018310547,1225,0.0,0.0,0.0
2024-07-11 14:10:00-04:00,176.6999969482422,176.6999969482422,176.6999969482422,176.6999969482422,666,0.0,0.0,0.0
2024-07-11 14:15:00-04:00,177.2301025390625,177.49989318847656,177.2301025390625,177.49989318847656,584,0.0,0.0,0.0
2024-07-11 14:20:00-04:00,178.44009399414062,178.44009399414062,178.44009399414062,178.44009399414062,214,0.0,0.0,0.0
2024-07-11 14:25:00-04:00,178.0500030517578,178.20669555664062,177.6300048828125,178.05999755859375,1630,0.0,0.0,0.0
2024-07-11 14:30:00-04:00,177.75999450683594,179.67999267578125,177.75999450683594,179.4600067138672,3034,0.0,0.0,0.0
2024-07-11 14:35:00-04:00,179.20010375976562,179.74000549316406,179.20010375976562,179.52000427246094,806,0.0,0.0,0.0
2024-07-11 14:40:00-04:00,179.38999938964844,179.38999938964844,179.1999969482422,179.22000122070312,802,0.0,0.0,0.0
2024-07-11 14:45:00-04:00,179.1501007080078,179.1501007080078,178.89999389648438,178.89999389648438,1596,0.0,0.0,0.0
2024-07-11 14:50:00-04:00,179.0,179.0,179.0,179.0,223,0.0,0.0,0.0
2024-07-11 14:55:00-04:00,179.16009521484375,179.16009521484375,179.16009521484375,179.16009521484375,286,0.0,0.0,0.0
2024-07-11 15:00:00-04:00,180.0,180.0,180.0,180.0,285,0.0,0.0,0.0
2024-07-11 15:05:00-04:00,180.77000427246094,180.7899932861328,180.64999389648438,180.64999389648438,1044,0.0,0.0,0.0
2024-07-11 15:10:00-04:00,180.63999938964844,180.63999938964844,180.5500030517578,180.5500030517578,294,0.0,0.0,0.0
2024-07-11 15:15:00-04:00,180.29400634765625,180.86000061035156,179.9051971435547,180.67999267578125,1001,0.0,0.0,0.0
2024-07-11 15:20:00-04:00,180.25999450683594,180.25999450683594,180.25999450683594,180.25999450683594,422,0.0,0.0,0.0
2024-07-11 15:25:00-04:00,180.0,180.0,179.7899932861328,179.7899932861328,629,0.0,0.0,0.0
2024-07-11 15:30:00-04:00,178.88999938964844,178.88999938964844,178.88999938964844,178.88999938964844,744,0.0,0.0,0.0
2024-07-11 15:40:00-04:00,180.58999633789062,180.58999633789062,180.58999633789062,180.58999633789062,548,0.0,0.0,0.0
2024-07-11 15:50:00-04:00,179.92990112304688,180.4720001220703,179.67999267578125,179.73500061035156,1550,0.0,0.0,0.0
2024-07-11 15:55:00-04:00,180.13999938964844,180.13999938964844,179.08999633789062,179.08999633789062,6326,0.0,0.0,0.0
2024-07-12 09:30:00-04:00,177.64999389648438,178.6300048828125,176.75,177.27999877929688,19485,0.0,0.0,0.0
2024-07-12 09:35:00-04:00,177.2100067138672,178.69000244140625,177.0301055908203,178.69000244140625,7175,0.0,0.0,0.0
2024-07-12 09:40:00-04:00,178.58999633789062,178.74630737304688,178.58999633789062,178.6699981689453,1590,0.0,0.0,0.0
2024-07-12 09:45:00-04:00,178.57000732421875,179.55999755859375,178.57000732421875,179.55999755859375,960,0.0,0.0,0.0
2024-07-12 09:50:00-04:00,180.77000427246094,181.7100067138672,180.77000427246094,181.50999450683594,6702,0.0,0.0,0.0
2024-07-12 09:55:00-04:00,181.30999755859375,182.1300048828125,180.93499755859375,181.97999572753906,1466,0.0,0.0,0.0
2024-07-12 10:00:00-04:00,183.19000244140625,183.19000244140625,182.1999969482422,182.89999389648438,3029,0.0,0.0,0.0
2024-07-12 10:05:00-04:00,182.44000244140625,183.1981964111328,182.44000244140625,183.1981964111328,1640,0.0,0.0,0.0
2024-07-12 10:10:00-04:00,182.92990112304688,183.35830688476562,182.4499969482422,182.64999389648438,2427,0.0,0.0,0.0
2024-07-12 10:15:00-04:00,182.50999450683594,182.50999450683594,182.4499969482422,182.4499969482422,2245,0.0,0.0,0.0
2024-07-12 10:20:00-04:00,182.3043975830078,182.36500549316406,182.3043975830078,182.36500549316406,1795,0.0,0.0,0.0
2024-07-12 10:30:00-04:00,183.202392578125,184.22999572753906,183.202392578125,184.22459411621094,2445,0.0,0.0,0.0
2024-07-12 10:35:00-04:00,184.13870239257812,185.0,184.13870239257812,185.0,2546,0.0,0.0,0.0
2024-07-12 10:40:00-04:00,185.32000732421875,185.77999877929688,185.32000732421875,185.77999877929688,1161,0.0,0.0,0.0
2024-07-12 10:45:00-04:00,185.64999389648438,186.052001953125,185.64999389648438,186.052001953125,1902,0.0,0.0,0.0
2024-07-12 10:50:00-04:00,185.83509826660156,186.23890686035156,185.83509826660156,186.18589782714844,944,0.0,0.0,0.0
2024-07-12 10:55:00-04:00,185.67770385742188,185.67770385742188,185.58120727539062,185.58120727539062,413,0.0,0.0,0.0
2024-07-12 11:00:00-04:00,184.7958984375,184.8468017578125,184.38009643554688,184.38009643554688,891,0.0,0.0,0.0
2024-07-12 11:05:00-04:00,184.69000244140625,184.69000244140625,184.69000244140625,184.69000244140625,669,0.0,0.0,0.0
2024-07-12 11:10:00-04:00,185.3000030517578,185.70010375976562,185.28570556640625,185.70010375976562,1258,0.0,0.0,0.0
2024-07-12 11:15:00-04:00,185.33999633789062,185.33999633789062,185.02000427246094,185.02000427246094,830,0.0,0.0,0.0
2024-07-12 11:25:00-04:00,184.6898956298828,185.14999389648438,184.6898956298828,185.14999389648438,951,0.0,0.0,0.0
2024-07-12 11:35:00-04:00,185.23199462890625,185.33999633789062,185.23199462890625,185.33999633789062,220,0.0,0.0,0.0
2024-07-12 11:40:00-04:00,185.6699981689453,185.8199005126953,185.6699981689453,185.6999969482422,1163,0.0,0.0,0.0
2024-07-12 11:45:00-04:00,185.6999969482422,185.8300018310547,185.6999969482422,185.8300018310547,775,0.0,0.0,0.0
2024-07-12 11:50:00-04:00,185.19000244140625,185.3101043701172,185.19000244140625,185.3101043701172,291,0.0,0.0,0.0
2024-07-12 11:55:00-04:00,185.24000549316406,185.24000549316406,183.66000366210938,183.66000366210938,4921,0.0,0.0,0.0
2024-07-12 12:00:00-04:00,183.72999572753906,184.24000549316406,183.10000610351562,184.22000122070312,2952,0.0,0.0,0.0
2024-07-12 12:05:00-04:00,183.47999572753906,183.47999572753906,182.9600067138672,182.99000549316406,3225,0.0,0.0,0.0
2024-07-12 12:10:00-04:00,182.4199981689453,182.89999389648438,182.33999633789062,182.89999389648438,897,0.0,0.0,0.0
2024-07-12 12:15:00-04:00,182.97999572753906,183.19000244140625,182.8000030517578,183.19000244140625,756,0.0,0.0,0.0
2024-07-12 12:25:00-04:00,183.75,183.91000366210938,183.7100067138672,183.91000366210938,497,0.0,0.0,0.0
2024-07-12 12:30:00-04:00,183.7899932861328,183.8300018310547,183.38999938964844,183.58999633789062,1118,0.0,0.0,0.0
2024-07-12 12:40:00-04:00,184.5762939453125,184.5762939453125,184.5762939453125,184.5762939453125,603,0.0,0.0,0.0
2024-07-12 12:50:00-04:00,184.5500030517578,184.5500030517578,184.5500030517578,184.5500030517578,275,0.0,0.0,0.0
2024-07-12 12:55:00-04:00,185.35000610351562,185.35000610351562,185.35000610351562,185.35000610351562,201,0.0,0.0,0.0
2024-07-12 13:05:00-04:00,185.26849365234375,185.30990600585938,185.26849365234375,185.30990600585938,874,0.0,0.0,0.0
2024-07-12 13:10:00-04:00,185.3699951171875,185.3699951171875,185.3699951171875,185.3699951171875,561,0.0,0.0,0.0
2024-07-12 13:25:00-04:00,186.17999267578125,186.22999572753906,186.17999267578125,186.22999572753906,981,0.0,0.0,0.0
2024-07-12 13:30:00-04:00,186.22999572753906,186.64999389648438,186.22999572753906,186.64999389648438,2451,0.0,0.0,0.0
2024-07-12 13:40:00-04:00,187.0,187.52999877929688,187.0,187.52999877929688,1868,0.0,0.0,0.0
2024-07-12 13:45:00-04:00,187.42999267578125,187.8000030517578,187.42999267578125,187.8000030517578,3871,0.0,0.0,0.0
2024-07-12 13:50:00-04:00,188.10989379882812,188.28500366210938,188.10989379882812,188.28500366210938,938,0.0,0.0,0.0
2024-07-12 13:55:00-04:00,188.3699951171875,188.3699951171875,188.3699951171875,188.3699951171875,260,0.0,0.0,0.0
2024-07-12 14:00:00-04:00,186.97000122070312,187.71499633789062,186.97000122070312,187.71499633789062,1687,0.0,0.0,0.0
2024-07-12 14:05:00-04:00,187.7978973388672,187.7978973388672,187.27999877929688,187.27999877929688,707,0.0,0.0,0.0
2024-07-12 14:15:00-04:00,187.25999450683594,187.49000549316406,187.25999450683594,187.49000549316406,632,0.0,0.0,0.0
2024-07-12 14:20:00-04:00,187.1699981689453,187.1699981689453,186.6927032470703,186.6927032470703,299,0.0,0.0,0.0
2024-07-12 14:25:00-04:00,186.5500030517578,186.8699951171875,186.5500030517578,186.8699951171875,427,0.0,0.0,0.0
2024-07-12 14:30:00-04:00,186.86990356445312,186.97999572753906,186.8000030517578,186.97999572753906,787,0.0,0.0,0.0
2024-07-12 14:40:00-04:00,187.35499572753906,187.35499572753906,187.35499572753906,187.35499572753906,689,0.0,0.0,0.0
2024-07-12 14:45:00-04:00,187.33009338378906,187.43800354003906,187.10000610351562,187.17999267578125,6000,0.0,0.0,0.0
2024-07-12 14:50:00-04:00,187.0299072265625,187.06199645996094,187.0299072265625,187.06199645996094,306,0.0,0.0,0.0
2024-07-12 14:55:00-04:00,187.3551025390625,187.39990234375,187.3551025390625,187.39990234375,908,0.0,0.0,0.0
2024-07-12 15:00:00-04:00,187.3300018310547,187.3300018310547,187.3300018310547,187.3300018310547,143,0.0,0.0,0.0
2024-07-12 15:05:00-04:00,187.16000366210938,187.25999450683594,186.9499969482422,186.9499969482422,1011,0.0,0.0,0.0
2024-07-12 15:10:00-04:00,186.67999267578125,186.67999267578125,186.5500030517578,186.5500030517578,467,0.0,0.0,0.0
2024-07-12 15:15:00-04:00,186.4940948486328,186.4940948486328,186.07000732421875,186.07000732421875,525,0.0,0.0,0.0
2024-07-12 15:25:00-04:00,186.21200561523438,186.21200561523438,186.21200561523438,186.21200561523438,122,0.0,0.0,0.0
2024-07-12 15:30:00-04:00,186.1999053955078,186.1999053955078,184.2301025390625,184.2301025390625,2655,0.0,0.0,0.0
2024-07-12 15:35:00-04:00,184.66000366210938,184.66000366210938,184.1300048828125,184.1300048828125,560,0.0,0.0,0.0
2024-07-12 15:40:00-04:00,183.1300048828125,183.1300048828125,183.00399780273438,183.00399780273438,589,0.0,0.0,0.0
2024-07-12 15:45:00-04:00,183.27999877929688,183.58999633789062,182.39999389648438,182.39999389648438,1591,0.0,0.0,0.0
2024-07-12 15:50:00-04:00,181.33999633789062,182.55499267578125,181.27000427246094,182.55499267578125,3250,0.0,0.0,0.0
2024-07-12 15:55:00-04:00,182.58999633789062,182.58999633789062,181.42999267578125,181.42999267578125,2197,0.0,0.0,0.0
2024-07-15 09:30:00-04:00,185.52000427246094,186.74000549316406,185.3300018310547,186.49740600585938,7233,0.0,0.0,0.0
2024-07-15 09:35:00-04:00,186.23500061035156,186.99000549316406,185.88999938964844,186.99000549316406,1074,0.0,0.0,0.0
2024-07-15 09:40:00-04:00,187.56500244140625,187.59500122070312,186.00010681152344,186.00010681152344,2046,0.0,0.0,0.0
2024-07-15 09:45:00-04:00,185.1875,187.37989807128906,185.1875,187.10009765625,1753,0.0,0.0,0.0
2024-07-15 09:50:00-04:00,186.82000732421875,187.5,186.0,186.77000427246094,1500,0.0,0.0,0.0
2024-07-15 09:55:00-04:00,186.74000549316406,187.13999938964844,186.44000244140625,186.9600067138672,1045,0.0,0.0,0.0
2024-07-15 10:00:00-04:00,187.13009643554688,188.23989868164062,187.13009643554688,188.2122039794922,3891,0.0,0.0,0.0
2024-07-15 10:05:00-04:00,188.11000061035156,188.5,187.7386932373047,188.30999755859375,1676,0.0,0.0,0.0
2024-07-15 10:10:00-04:00,188.4499969482422,189.0,188.4499969482422,188.6199951171875,1177,0.0,0.0,0.0
2024-07-15 10:15:00-04:00,188.6199951171875,188.74000549316406,188.07220458984375,188.08999633789062,1053,0.0,0.0,0.0
2024-07-15 10:20:00-04:00,188.69000244140625,188.69000244140625,188.69000244140625,188.69000244140625,318,0.0,0.0,0.0
2024-07-15 10:25:00-04:00,188.8800048828125,188.8800048828125,188.8800048828125,188.8800048828125,657,0.0,0.0,0.0
2024-07-15 10:30:00-04:00,188.94000244140625,189.22999572753906,188.8300018310547,189.0,1893,0.0,0.0,0.0
2024-07-15 10:40:00-04:00,189.0500030517578,189.41000366210938,189.0500030517578,189.3699951171875,883,0.0,0.0,0.0
2024-07-15 10:45:00-04:00,189.44619750976562,189.44619750976562,189.02000427246094,189.02000427246094,1008,0.0,0.0,0.0
2024-07-15 10:50:00-04:00,190.0,190.17999267578125,189.89999389648438,190.17999267578125,1518,0.0,0.0,0.0
2024-07-15 10:55:00-04:00,189.77000427246094,190.1573028564453,189.77000427246094,190.1573028564453,543,0.0,0.0,0.0
2024-07-15 11:00:00-04:00,189.9542999267578,189.9600067138672,189.9542999267578,189.9600067138672,595,0.0,0.0,0.0
2024-07-15 11:05:00-04:00,190.36000061035156,190.52670288085938,190.36000061035156,190.360107421875,1070,0.0,0.0,0.0
2024-07-15 11:10:00-04:00,190.9875030517578,190.9875030517578,190.9875030517578,190.9875030517578,380,0.0,0.0,0.0
2024-07-15 11:15:00-04:00,190.89990234375,190.89990234375,190.89990234375,190.89990234375,270,0.0,0.0,0.0
2024-07-15 11:20:00-04:00,191.05999755859375,191.23109436035156,190.88999938964844,190.88999938964844,665,0.0,0.0,0.0
2024-07-15 11:25:00-04:00,190.88499450683594,190.88499450683594,189.41000366210938,189.41000366210938,2112,0.0,0.0,0.0
2024-07-15 11:30:00-04:00,189.3300018310547,189.7899932861328,189.3300018310547,189.77000427246094,1234,0.0,0.0,0.0
2024-07-15 11:35:00-04:00,189.0950927734375,189.0950927734375,189.0950927734375,189.0950927734375,361,0.0,0.0,0.0
2024-07-15 11:40:00-04:00,189.30999755859375,189.30999755859375,188.02999877929688,188.02999877929688,850,0.0,0.0,0.0
2024-07-15 11:45:00-04:00,188.32000732421875,188.32000732421875,187.1699981689453,188.07989501953125,1371,0.0,0.0,0.0
2024-07-15 11:50:00-04:00,187.91000366210938,187.91000366210938,187.42999267578125,187.42999267578125,624,0.0,0.0,0.0
2024-07-15 12:00:00-04:00,187.97279357910156,187.97279357910156,187.97279357910156,187.97279357910156,233,0.0,0.0,0.0
2024-07-15 12:05:00-04:00,186.8800048828125,187.0334930419922,186.64999389648438,186.67999267578125,1395,0.0,0.0,0.0
2024-07-15 12:10:00-04:00,186.4528045654297,186.4528045654297,185.75999450683594,185.75999450683594,2817,0.0,0.0,0.0
2024-07-15 12:15:00-04:00,185.5500030517578,186.0364990234375,185.22999572753906,185.25999450683594,1507,0.0,0.0,0.0
2024-07-15 12:20:00-04:00,185.97999572753906,185.99000549316406,185.97999572753906,185.99000549316406,982,0.0,0.0,0.0
2024-07-15 12:25:00-04:00,186.5500030517578,186.61000061035156,186.5222930908203,186.5222930908203,1773,0.0,0.0,0.0
2024-07-15 12:30:00-04:00,186.4499969482422,186.4499969482422,186.4199981689453,186.4199981689453,440,0.0,0.0,0.0
2024-07-15 12:35:00-04:00,186.60000610351562,186.61000061035156,186.4600067138672,186.61000061035156,441,0.0,0.0,0.0
2024-07-15 12:40:00-04:00,186.2371063232422,187.41000366210938,186.2371063232422,186.6199951171875,645,0.0,0.0,0.0
2024-07-15 12:45:00-04:00,186.14999389648438,186.14999389648438,186.14999389648438,186.14999389648438,341,0.0,0.0,0.0
2024-07-15 12:50:00-04:00,186.11000061035156,186.11000061035156,185.80999755859375,185.92999267578125,651,0.0,0.0,0.0
2024-07-15 12:55:00-04:00,185.99000549316406,185.99000549316406,185.99000549316406,185.99000549316406,600,0.0,0.0,0.0
2024-07-15 13:00:00-04:00,185.89999389648438,185.89999389648438,184.66000366210938,184.66000366210938,877,0.0,0.0,0.0
2024-07-15 13:05:00-04:00,185.3699951171875,185.3699951171875,185.3699951171875,185.3699951171875,346,0.0,0.0,0.0
2024-07-15 13:10:00-04:00,185.1999969482422,185.1999969482422,185.1999969482422,185.1999969482422,218,0.0,0.0,0.0
2024-07-15 13:15:00-04:00,185.36000061035156,185.36000061035156,184.67999267578125,184.67999267578125,1158,0.0,0.0,0.0
2024-07-15 13:20:00-04:00,186.04989624023438,186.4600067138672,185.89999389648438,186.39999389648438,1123,0.0,0.0,0.0
2024-07-15 13:25:00-04:00,186.33999633789062,186.33999633789062,186.1199951171875,186.16000366210938,655,0.0,0.0,0.0
2024-07-15 13:30:00-04:00,184.9499969482422,185.4199981689453,184.0,184.360107421875,3080,0.0,0.0,0.0
2024-07-15 13:35:00-04:00,184.35499572753906,184.5,184.35499572753906,184.5,577,0.0,0.0,0.0
2024-07-15 13:40:00-04:00,184.42999267578125,184.72000122070312,184.29510498046875,184.29510498046875,531,0.0,0.0,0.0
2024-07-15 13:45:00-04:00,184.02999877929688,184.10000610351562,183.74000549316406,183.99000549316406,1471,0.0,0.0,0.0
2024-07-15 13:50:00-04:00,184.39999389648438,184.89999389648438,184.39999389648438,184.5,2058,0.0,0.0,0.0
2024-07-15 14:00:00-04:00,183.32000732421875,184.0,183.32000732421875,184.0,685,0.0,0.0,0.0
2024-07-15 14:05:00-04:00,183.6300048828125,183.6300048828125,183.6300048828125,183.6300048828125,161,0.0,0.0,0.0
2024-07-15 14:10:00-04:00,183.0,183.0,183.0,183.0,1067,0.0,0.0,0.0
2024-07-15 14:15:00-04:00,183.05499267578125,183.05499267578125,183.05499267578125,183.05499267578125,310,0.0,0.0,0.0
2024-07-15 14:20:00-04:00,183.33999633789062,184.32989501953125,183.27000427246094,184.1820068359375,759,0.0,0.0,0.0
2024-07-15 14:30:00-04:00,184.27000427246094,185.1199951171875,184.27000427246094,185.00990295410156,1359,0.0,0.0,0.0
2024-07-15 14:35:00-04:00,184.24000549316406,184.25,183.6199951171875,183.92999267578125,956,0.0,0.0,0.0
2024-07-15 14:40:00-04:00,183.83999633789062,183.83999633789062,183.83999633789062,183.83999633789062,318,0.0,0.0,0.0
2024-07-15 14:45:00-04:00,184.1887969970703,184.2100067138672,184.1887969970703,184.2100067138672,657,0.0,0.0,0.0
2024-07-15 15:00:00-04:00,184.1199951171875,184.22000122070312,184.0500030517578,184.22000122070312,925,0.0,0.0,0.0
2024-07-15 15:05:00-04:00,184.1699981689453,184.1699981689453,184.16000366210938,184.1699981689453,612,0.0,0.0,0.0
2024-07-15 15:15:00-04:00,184.97000122070312,184.97000122070312,184.85000610351562,184.85000610351562,537,0.0,0.0,0.0
2024-07-15 15:25:00-04:00,184.6999969482422,184.6999969482422,184.47000122070312,184.47000122070312,624,0.0,0.0,0.0
2024-07-15 15:30:00-04:00,183.9499969482422,184.4499969482422,183.9499969482422,184.4499969482422,218,0.0,0.0,0.0
2024-07-15 15:35:00-04:00,184.0800018310547,184.1199951171875,183.75999450683594,183.75999450683594,399,0.0,0.0,0.0
2024-07-15 15:40:00-04:00,183.41000366210938,183.41000366210938,182.61000061035156,182.61000061035156,558,0.0,0.0,0.0
2024-07-15 15:45:00-04:00,183.00999450683594,183.00999450683594,182.0,182.58050537109375,1595,0.0,0.0,0.0
2024-07-15 15:50:00-04:00,182.3350067138672,182.3350067138672,180.85000610351562,181.55999755859375,2222,0.0,0.0,0.0
2024-07-15 15:55:00-04:00,182.72999572753906,183.69000244140625,182.60000610351562,183.69000244140625,2680,0.0,0.0,0.0
2024-07-16 09:30:00-04:00,184.4149932861328,185.5,184.24000549316406,184.24000549316406,5403,0.0,0.0,0.0
2024-07-16 09:35:00-04:00,184.4499969482422,184.72999572753906,183.50010681152344,184.72999572753906,1386,0.0,0.0,0.0
2024-07-16 09:40:00-04:00,184.02000427246094,184.02000427246094,184.02000427246094,184.02000427246094,107,0.0,0.0,0.0
2024-07-16 09:45:00-04:00,183.9447021484375,183.9447021484375,182.02999877929688,182.47999572753906,1768,0.0,0.0,0.0
2024-07-16 09:50:00-04:00,182.1999969482422,182.80999755859375,182.1999969482422,182.80999755859375,1705,0.0,0.0,0.0
2024-07-16 09:55:00-04:00,182.69769287109375,182.69769287109375,180.2100067138672,180.5399932861328,4985,0.0,0.0,0.0
2024-07-16 10:00:00-04:00,180.82000732421875,180.82000732421875,178.0800018310547,178.0800018310547,3171,0.0,0.0,0.0
2024-07-16 10:05:00-04:00,177.3000030517578,177.3000030517578,176.3260040283203,176.42999267578125,3568,0.0,0.0,0.0
2024-07-16 10:10:00-04:00,177.0800018310547,177.50999450683594,176.6999969482422,177.50999450683594,2595,0.0,0.0,0.0
2024-07-16 10:15:00-04:00,177.44000244140625,178.3800048828125,177.13999938964844,178.3800048828125,1906,0.0,0.0,0.0
2024-07-16 10:20:00-04:00,178.0684051513672,178.0684051513672,178.0684051513672,178.0684051513672,1069,0.0,0.0,0.0
2024-07-16 10:25:00-04:00,177.97000122070312,178.3800048828125,177.97000122070312,178.3800048828125,691,0.0,0.0,0.0
2024-07-16 10:30:00-04:00,178.86990356445312,178.86990356445312,178.6999969482422,178.6999969482422,775,0.0,0.0,0.0
2024-07-16 10:35:00-04:00,178.33999633789062,178.99000549316406,178.33999633789062,178.8000030517578,1317,0.0,0.0,0.0
2024-07-16 10:40:00-04:00,179.5500030517578,180.52999877929688,179.5500030517578,180.52999877929688,1676,0.0,0.0,0.0
2024-07-16 10:45:00-04:00,179.9029998779297,180.4499969482422,179.9029998779297,180.4499969482422,818,0.0,0.0,0.0
2024-07-16 10:50:00-04:00,180.6199951171875,180.6199951171875,180.6199951171875,180.6199951171875,264,0.0,0.0,0.0
2024-07-16 10:55:00-04:00,180.08999633789062,180.08999633789062,179.7949981689453,179.7949981689453,1347,0.0,0.0,0.0
2024-07-16 11:00:00-04:00,179.69000244140625,180.5050048828125,179.69000244140625,180.5,2278,0.0,0.0,0.0
2024-07-16 11:05:00-04:00,180.4499969482422,181.27000427246094,180.4499969482422,181.27000427246094,1501,0.0,0.0,0.0
2024-07-16 11:10:00-04:00,181.60000610351562,181.70799255371094,181.60000610351562,181.70799255371094,2010,0.0,0.0,0.0
2024-07-16 11:15:00-04:00,180.2310028076172,180.3144989013672,180.17999267578125,180.3144989013672,846,0.0,0.0,0.0
2024-07-16 11:20:00-04:00,180.2899932861328,180.2899932861328,179.88999938964844,180.06500244140625,1141,0.0,0.0,0.0
2024-07-16 11:25:00-04:00,180.07000732421875,180.22000122070312,180.02000427246094,180.07000732421875,1079,0.0,0.0,0.0
2024-07-16 11:35:00-04:00,178.95199584960938,179.3800048828125,178.95199584960938,179.3800048828125,719,0.0,0.0,0.0
2024-07-16 11:45:00-04:00,179.73980712890625,179.73980712890625,179.73980712890625,179.73980712890625,341,0.0,0.0,0.0
2024-07-16 11:50:00-04:00,179.7606964111328,180.2899932861328,179.7606964111328,180.2899932861328,788,0.0,0.0,0.0
2024-07-16 11:55:00-04:00,180.24000549316406,180.24000549316406,180.24000549316406,180.24000549316406,122,0.0,0.0,0.0
2024-07-16 12:00:00-04:00,179.80499267578125,179.80499267578125,179.80499267578125,179.80499267578125,280,0.0,0.0,0.0
2024-07-16 12:05:00-04:00,179.82139587402344,179.82139587402344,179.82139587402344,179.82139587402344,421,0.0,0.0,0.0
2024-07-16 12:10:00-04:00,177.58999633789062,178.1300048828125,177.58999633789062,178.00999450683594,729,0.0,0.0,0.0
2024-07-16 12:15:00-04:00,177.39999389648438,177.7100067138672,177.0,177.7100067138672,582,0.0,0.0,0.0
2024-07-16 12:20:00-04:00,177.32009887695312,177.32009887695312,177.17999267578125,177.18569946289062,770,0.0,0.0,0.0
2024-07-16 12:25:00-04:00,177.14999389648438,177.14999389648438,177.14999389648438,177.14999389648438,372,0.0,0.0,0.0
2024-07-16 12:30:00-04:00,176.98770141601562,176.98770141601562,176.4897003173828,176.5843963623047,986,0.0,0.0,0.0
2024-07-16 12:35:00-04:00,176.75,178.0,176.75,177.55499267578125,1406,0.0,0.0,0.0
2024-07-16 12:40:00-04:00,176.89999389648438,176.89999389648438,176.89999389648438,176.89999389648438,442,0.0,0.0,0.0
2024-07-16 12:50:00-04:00,178.5,178.5,178.5,178.5,701,0.0,0.0,0.0
2024-07-16 13:00:00-04:00,179.01339721679688,179.01339721679688,179.01339721679688,179.01339721679688,253,0.0,0.0,0.0
2024-07-16 13:05:00-04:00,178.4799041748047,178.4799041748047,178.4799041748047,178.4799041748047,708,0.0,0.0,0.0
2024-07-16 13:10:00-04:00,178.80819702148438,178.80819702148438,178.80819702148438,178.80819702148438,271,0.0,0.0,0.0
2024-07-16 13:15:00-04:00,178.59500122070312,178.59500122070312,178.59500122070312,178.59500122070312,157,0.0,0.0,0.0
2024-07-16 13:20:00-04:00,178.28750610351562,178.28750610351562,178.28750610351562,178.28750610351562,177,0.0,0.0,0.0
2024-07-16 13:25:00-04:00,178.08999633789062,178.08999633789062,178.08999633789062,178.08999633789062,100,0.0,0.0,0.0
2024-07-16 13:30:00-04:00,178.05999755859375,178.05999755859375,178.05999755859375,178.05999755859375,128,0.0,0.0,0.0
2024-07-16 13:35:00-04:00,177.61000061035156,177.8000030517578,177.61000061035156,177.8000030517578,1170,0.0,0.0,0.0
2024-07-16 13:40:00-04:00,177.60000610351562,177.60000610351562,177.60000610351562,177.60000610351562,267,0.0,0.0,0.0
2024-07-16 13:50:00-04:00,178.2100067138672,178.2100067138672,178.2100067138672,178.2100067138672,436,0.0,0.0,0.0
2024-07-16 14:05:00-04:00,178.14999389648438,178.14999389648438,178.14999389648438,178.14999389648438,229,0.0,0.0,0.0
2024-07-16 14:10:00-04:00,177.89039611816406,177.89039611816406,177.89039611816406,177.89039611816406,573,0.0,0.0,0.0
2024-07-16 14:15:00-04:00,177.4499969482422,177.4499969482422,177.4499969482422,177.4499969482422,192,0.0,0.0,0.0
2024-07-16 14:20:00-04:00,177.5,177.67999267578125,177.49000549316406,177.6699981689453,2101,0.0,0.0,0.0
2024-07-16 14:25:00-04:00,178.95069885253906,178.95069885253906,178.95069885253906,178.95069885253906,250,0.0,0.0,0.0
2024-07-16 14:30:00-04:00,179.08999633789062,179.08999633789062,179.08999633789062,179.08999633789062,207,0.0,0.0,0.0
2024-07-16 14:35:00-04:00,179.8699951171875,179.99989318847656,179.72000122070312,179.72000122070312,685,0.0,0.0,0.0
2024-07-16 14:40:00-04:00,180.02499389648438,180.4499053955078,179.90179443359375,180.4499053955078,657,0.0,0.0,0.0
2024-07-16 14:45:00-04:00,180.0,180.0,180.0,180.0,344,0.0,0.0,0.0
2024-07-16 14:50:00-04:00,179.8657989501953,179.8657989501953,179.8657989501953,179.8657989501953,241,0.0,0.0,0.0
2024-07-16 15:00:00-04:00,180.32000732421875,180.33120727539062,180.32000732421875,180.33120727539062,805,0.0,0.0,0.0
2024-07-16 15:05:00-04:00,179.9698944091797,179.9698944091797,179.80999755859375,179.91070556640625,905,0.0,0.0,0.0
2024-07-16 15:20:00-04:00,179.49989318847656,179.9250030517578,179.49989318847656,179.9250030517578,603,0.0,0.0,0.0
2024-07-16 15:25:00-04:00,179.6199951171875,179.6199951171875,179.6199951171875,179.6199951171875,137,0.0,0.0,0.0
2024-07-16 15:30:00-04:00,179.9127960205078,179.9127960205078,179.9127960205078,179.9127960205078,516,0.0,0.0,0.0
2024-07-16 15:35:00-04:00,179.90960693359375,179.90960693359375,179.90960693359375,179.90960693359375,232,0.0,0.0,0.0
2024-07-16 15:40:00-04:00,179.83999633789062,179.9698944091797,179.83999633789062,179.9698944091797,257,0.0,0.0,0.0
2024-07-16 15:45:00-04:00,179.8927001953125,180.02499389648438,179.7299041748047,179.7299041748047,1040,0.0,0.0,0.0
2024-07-16 15:50:00-04:00,180.38290405273438,181.0,180.38290405273438,181.0,1939,0.0,0.0,0.0
2024-07-16 15:55:00-04:00,180.7100067138672,180.77999877929688,180.3699951171875,180.39999389648438,3282,0.0,0.0,0.0
2024-07-17 09:30:00-04:00,172.07000732421875,172.07000732421875,171.0,171.0,18850,0.0,0.0,0.0
2024-07-17 09:35:00-04:00,171.0749969482422,171.0749969482422,171.0749969482422,171.0749969482422,774,0.0,0.0,0.0
2024-07-17 09:40:00-04:00,170.02000427246094,170.7393035888672,170.02000427246094,170.64999389648438,1963,0.0,0.0,0.0
2024-07-17 09:45:00-04:00,169.86000061035156,170.6260986328125,169.86000061035156,170.5019989013672,1551,0.0,0.0,0.0
2024-07-17 09:50:00-04:00,170.2100067138672,170.38999938964844,168.9600067138672,170.38999938964844,1907,0.0,0.0,0.0
2024-07-17 09:55:00-04:00,170.01699829101562,170.28500366210938,170.01699829101562,170.28500366210938,1570,0.0,0.0,0.0
2024-07-17 10:00:00-04:00,169.08999633789062,169.08999633789062,167.80999755859375,167.82000732421875,2338,0.0,0.0,0.0
2024-07-17 10:05:00-04:00,167.32640075683594,167.32640075683594,165.44000244140625,165.69760131835938,9606,0.0,0.0,0.0
2024-07-17 10:10:00-04:00,165.99000549316406,166.30999755859375,165.5500030517578,166.30999755859375,2674,0.0,0.0,0.0
2024-07-17 10:15:00-04:00,166.6820068359375,166.89999389648438,166.36000061035156,166.36000061035156,2596,0.0,0.0,0.0
2024-07-17 10:20:00-04:00,166.32769775390625,166.32769775390625,166.0,166.07020568847656,1136,0.0,0.0,0.0
2024-07-17 10:25:00-04:00,165.5,166.49000549316406,165.44000244140625,166.49000549316406,2883,0.0,0.0,0.0
2024-07-17 10:35:00-04:00,167.3000030517578,167.39349365234375,167.1999969482422,167.1999969482422,3252,0.0,0.0,0.0
2024-07-17 10:40:00-04:00,167.5800018310547,167.72000122070312,167.3350067138672,167.3350067138672,1565,0.0,0.0,0.0
2024-07-17 10:45:00-04:00,167.1199951171875,167.1199951171875,166.63999938964844,166.63999938964844,415,0.0,0.0,0.0
2024-07-17 10:50:00-04:00,166.2866973876953,166.33999633789062,165.52000427246094,165.52000427246094,1697,0.0,0.0,0.0
2024-07-17 10:55:00-04:00,166.00999450683594,166.00999450683594,165.3000030517578,165.89999389648438,2088,0.0,0.0,0.0
2024-07-17 11:00:00-04:00,165.74000549316406,165.74000549316406,165.0,165.0,3258,0.0,0.0,0.0
2024-07-17 11:05:00-04:00,165.7631072998047,165.7631072998047,165.7631072998047,165.7631072998047,505,0.0,0.0,0.0
2024-07-17 11:10:00-04:00,165.38999938964844,165.75,164.71710205078125,164.89500427246094,1377,0.0,0.0,0.0
2024-07-17 11:15:00-04:00,164.85000610351562,165.66000366210938,164.85000610351562,165.66000366210938,1537,0.0,0.0,0.0
2024-07-17 11:20:00-04:00,165.63999938964844,165.63999938964844,165.63999938964844,165.63999938964844,200,0.0,0.0,0.0
2024-07-17 11:25:00-04:00,165.16000366210938,165.22999572753906,165.16000366210938,165.22999572753906,832,0.0,0.0,0.0
2024-07-17 11:30:00-04:00,165.42999267578125,165.63999938964844,165.42999267578125,165.63999938964844,1050,0.0,0.0,0.0
2024-07-17 11:35:00-04:00,164.89999389648438,164.89999389648438,164.75,164.75,861,0.0,0.0,0.0
2024-07-17 11:40:00-04:00,164.21499633789062,164.21499633789062,163.69000244140625,163.69000244140625,795,0.0,0.0,0.0
2024-07-17 11:45:00-04:00,163.77999877929688,163.94000244140625,163.00999450683594,163.00999450683594,4184,0.0,0.0,0.0
2024-07-17 11:50:00-04:00,162.79989624023438,163.00999450683594,162.6999969482422,163.00999450683594,1036,0.0,0.0,0.0
2024-07-17 11:55:00-04:00,163.3800048828125,163.9199981689453,163.25,163.8300018310547,2983,0.0,0.0,0.0
2024-07-17 12:00:00-04:00,163.8300018310547,163.8300018310547,163.5,163.5,609,0.0,0.0,0.0
2024-07-17 12:05:00-04:00,163.5,163.5,163.5,163.5,718,0.0,0.0,0.0
2024-07-17 12:10:00-04:00,163.04879760742188,163.04879760742188,162.3000030517578,162.3000030517578,1220,0.0,0.0,0.0
2024-07-17 12:15:00-04:00,162.67990112304688,162.67990112304688,162.67990112304688,162.67990112304688,662,0.0,0.0,0.0
2024-07-17 12:20:00-04:00,162.5,162.5,162.5,162.5,361,0.0,0.0,0.0
2024-07-17 12:25:00-04:00,162.47000122070312,162.47000122070312,162.00999450683594,162.05189514160156,995,0.0,0.0,0.0
2024-07-17 12:35:00-04:00,162.5175018310547,162.5800018310547,161.8699951171875,162.3878936767578,1561,0.0,0.0,0.0
2024-07-17 12:40:00-04:00,162.0,162.0,161.6199951171875,161.6199951171875,2690,0.0,0.0,0.0
2024-07-17 12:45:00-04:00,161.53370666503906,161.67999267578125,161.47999572753906,161.67999267578125,1212,0.0,0.0,0.0
2024-07-17 12:50:00-04:00,161.43600463867188,162.39999389648438,161.43600463867188,162.2301025390625,2694,0.0,0.0,0.0
2024-07-17 12:55:00-04:00,163.2100067138672,163.7100067138672,163.06080627441406,163.6649932861328,4028,0.0,0.0,0.0
2024-07-17 13:00:00-04:00,163.5800018310547,163.5998992919922,163.38999938964844,163.46270751953125,943,0.0,0.0,0.0
2024-07-17 13:05:00-04:00,162.97000122070312,162.97000122070312,162.97000122070312,162.97000122070312,233,0.0,0.0,0.0
2024-07-17 13:10:00-04:00,162.99989318847656,162.99989318847656,162.99989318847656,162.99989318847656,339,0.0,0.0,0.0
2024-07-17 13:20:00-04:00,162.89999389648438,162.89999389648438,162.89999389648438,162.89999389648438,970,0.0,0.0,0.0
2024-07-17 13:30:00-04:00,163.52000427246094,164.16000366210938,163.52000427246094,164.16000366210938,536,0.0,0.0,0.0
2024-07-17 13:35:00-04:00,164.11000061035156,164.13999938964844,164.11000061035156,164.13999938964844,689,0.0,0.0,0.0
2024-07-17 13:40:00-04:00,163.5684051513672,163.5684051513672,163.5684051513672,163.5684051513672,505,0.0,0.0,0.0
2024-07-17 13:45:00-04:00,163.49819946289062,163.49819946289062,163.49819946289062,163.49819946289062,118,0.0,0.0,0.0
2024-07-17 13:50:00-04:00,162.89999389648438,162.89999389648438,162.47000122070312,162.5821990966797,835,0.0,0.0,0.0
2024-07-17 13:55:00-04:00,163.02239990234375,163.02239990234375,163.02239990234375,163.02239990234375,429,0.0,0.0,0.0
2024-07-17 14:00:00-04:00,162.42990112304688,162.42990112304688,161.97149658203125,162.10000610351562,1180,0.0,0.0,0.0
2024-07-17 14:05:00-04:00,162.1699981689453,162.1699981689453,162.1699981689453,162.1699981689453,1072,0.0,0.0,0.0
2024-07-17 14:10:00-04:00,162.6750030517578,162.8000030517578,162.4600067138672,162.4600067138672,420,0.0,0.0,0.0
2024-07-17 14:15:00-04:00,163.08999633789062,163.2100067138672,163.08999633789062,163.2100067138672,354,0.0,0.0,0.0
2024-07-17 14:20:00-04:00,163.41000366210938,163.42999267578125,163.41000366210938,163.42999267578125,742,0.0,0.0,0.0
2024-07-17 14:25:00-04:00,163.1510009765625,163.19500732421875,163.11000061035156,163.19500732421875,7456,0.0,0.0,0.0
2024-07-17 14:35:00-04:00,163.1999969482422,163.1999969482422,162.71730041503906,162.71730041503906,737,0.0,0.0,0.0
2024-07-17 14:40:00-04:00,162.4456024169922,162.4456024169922,162.4456024169922,162.4456024169922,240,0.0,0.0,0.0
2024-07-17 14:45:00-04:00,162.30999755859375,162.30999755859375,161.6999969482422,161.6999969482422,2565,0.0,0.0,0.0
2024-07-17 14:50:00-04:00,162.33999633789062,162.33999633789062,162.33999633789062,162.33999633789062,463,0.0,0.0,0.0
2024-07-17 15:00:00-04:00,161.75010681152344,161.8300018310547,161.75010681152344,161.8300018310547,776,0.0,0.0,0.0
2024-07-17 15:05:00-04:00,161.8000030517578,161.8000030517578,161.5,161.5,3046,0.0,0.0,0.0
2024-07-17 15:10:00-04:00,162.77499389648438,162.77499389648438,162.77499389648438,162.77499389648438,389,0.0,0.0,0.0
2024-07-17 15:15:00-04:00,161.92999267578125,161.92999267578125,161.92999267578125,161.92999267578125,295,0.0,0.0,0.0
2024-07-17 15:20:00-04:00,161.92999267578125,161.92999267578125,161.92999267578125,161.92999267578125,337,0.0,0.0,0.0
2024-07-17 15:25:00-04:00,163.1999969482422,163.35800170898438,163.1999969482422,163.35800170898438,710,0.0,0.0,0.0
2024-07-17 15:30:00-04:00,163.37989807128906,163.43499755859375,162.80999755859375,162.80999755859375,1829,0.0,0.0,0.0
2024-07-17 15:35:00-04:00,162.48800659179688,162.94500732421875,162.48800659179688,162.94500732421875,1107,0.0,0.0,0.0
2024-07-17 15:45:00-04:00,162.35000610351562,162.8000030517578,162.32000732421875,162.8000030517578,754,0.0,0.0,0.0
2024-07-17 15:55:00-04:00,162.58999633789062,162.58999633789062,161.50999450683594,161.50999450683594,5904,0.0,0.0,0.0
2024-07-18 09:30:00-04:00,166.97000122070312,166.97000122070312,164.97999572753906,165.0,11475,0.0,0.0,0.0
2024-07-18 09:35:00-04:00,165.0,165.74000549316406,165.0,165.74000549316406,880,0.0,0.0,0.0
2024-07-18 09:40:00-04:00,164.93350219726562,164.93350219726562,163.0,163.0,1975,0.0,0.0,0.0
2024-07-18 09:45:00-04:00,162.86500549316406,163.80630493164062,162.6300048828125,163.39520263671875,2440,0.0,0.0,0.0
2024-07-18 09:50:00-04:00,164.0,164.0,163.22000122070312,163.49000549316406,2077,0.0,0.0,0.0
2024-07-18 09:55:00-04:00,163.2949981689453,163.2949981689453,163.2949981689453,163.2949981689453,295,0.0,0.0,0.0
2024-07-18 10:00:00-04:00,163.97999572753906,164.13999938964844,163.63999938964844,164.13999938964844,1309,0.0,0.0,0.0
2024-07-18 10:05:00-04:00,164.97000122070312,164.97000122070312,164.5,164.5,3836,0.0,0.0,0.0
2024-07-18 10:10:00-04:00,165.1999969482422,165.1999969482422,164.5,164.5,950,0.0,0.0,0.0
2024-07-18 10:15:00-04:00,164.5,164.5,164.5,164.5,567,0.0,0.0,0.0
2024-07-18 10:20:00-04:00,163.50999450683594,164.24009704589844,163.50999450683594,164.19000244140625,1405,0.0,0.0,0.0
2024-07-18 10:25:00-04:00,163.1898956298828,163.1898956298828,163.1898956298828,163.1898956298828,565,0.0,0.0,0.0
2024-07-18 10:30:00-04:00,161.7967987060547,161.7967987060547,160.35000610351562,160.35000610351562,977,0.0,0.0,0.0
2024-07-18 10:35:00-04:00,160.42010498046875,160.71499633789062,159.79010009765625,160.71499633789062,3218,0.0,0.0,0.0
2024-07-18 10:40:00-04:00,160.1999969482422,160.20989990234375,158.4499969482422,159.54989624023438,3260,0.0,0.0,0.0
2024-07-18 10:45:00-04:00,159.7563018798828,160.5146942138672,159.30999755859375,160.5146942138672,4098,0.0,0.0,0.0
2024-07-18 10:50:00-04:00,160.92999267578125,162.69000244140625,160.92999267578125,162.69000244140625,3422,0.0,0.0,0.0
2024-07-18 10:55:00-04:00,162.31500244140625,162.31500244140625,162.30999755859375,162.30999755859375,709,0.0,0.0,0.0
2024-07-18 11:00:00-04:00,162.47000122070312,162.47000122070312,162.3300018310547,162.3300018310547,546,0.0,0.0,0.0
2024-07-18 11:05:00-04:00,160.98599243164062,160.98599243164062,160.1479949951172,160.1479949951172,1281,0.0,0.0,0.0
2024-07-18 11:10:00-04:00,160.24000549316406,160.25,158.5500030517578,158.5500030517578,1662,0.0,0.0,0.0
2024-07-18 11:15:00-04:00,158.36659240722656,158.36659240722656,157.7100067138672,158.33349609375,1721,0.0,0.0,0.0
2024-07-18 11:20:00-04:00,157.92999267578125,157.92999267578125,157.55990600585938,157.55990600585938,597,0.0,0.0,0.0
2024-07-18 11:25:00-04:00,157.52999877929688,157.8197021484375,157.17770385742188,157.5399932861328,2000,0.0,0.0,0.0
2024-07-18 11:30:00-04:00,157.3000030517578,157.3000030517578,156.27549743652344,156.43670654296875,3954,0.0,0.0,0.0
2024-07-18 11:35:00-04:00,156.6999969482422,157.77999877929688,156.6999969482422,157.77999877929688,1648,0.0,0.0,0.0
2024-07-18 11:40:00-04:00,157.70799255371094,157.70799255371094,157.6300048828125,157.6300048828125,618,0.0,0.0,0.0
2024-07-18 11:45:00-04:00,157.5399932861328,157.6999969482422,156.6999969482422,156.6999969482422,2455,0.0,0.0,0.0
2024-07-18 11:55:00-04:00,156.97999572753906,156.97999572753906,156.97999572753906,156.97999572753906,367,0.0,0.0,0.0
2024-07-18 12:00:00-04:00,156.60000610351562,156.60000610351562,156.5500030517578,156.5500030517578,452,0.0,0.0,0.0
2024-07-18 12:05:00-04:00,156.58999633789062,157.16720581054688,156.58999633789062,157.16720581054688,1035,0.0,0.0,0.0
2024-07-18 12:10:00-04:00,157.52999877929688,157.52999877929688,157.52999877929688,157.52999877929688,250,0.0,0.0,0.0
2024-07-18 12:15:00-04:00,157.52999877929688,157.52999877929688,157.2111053466797,157.4199981689453,804,0.0,0.0,0.0
2024-07-18 12:20:00-04:00,157.6300048828125,157.6300048828125,157.25,157.25,580,0.0,0.0,0.0
2024-07-18 12:30:00-04:00,158.0,158.0,158.0,158.0,289,0.0,0.0,0.0
2024-07-18 12:35:00-04:00,158.80999755859375,158.80999755859375,158.80999755859375,158.80999755859375,371,0.0,0.0,0.0
2024-07-18 12:40:00-04:00,159.24000549316406,160.0,159.24000549316406,160.0,1381,0.0,0.0,0.0
2024-07-18 12:50:00-04:00,159.03900146484375,159.03900146484375,159.03900146484375,159.03900146484375,208,0.0,0.0,0.0
2024-07-18 12:55:00-04:00,158.9199981689453,159.27000427246094,158.86500549316406,159.27000427246094,905,0.0,0.0,0.0
2024-07-18 13:10:00-04:00,159.75,159.91000366210938,159.74600219726562,159.91000366210938,595,0.0,0.0,0.0
2024-07-18 13:15:00-04:00,159.72000122070312,159.94000244140625,159.72000122070312,159.94000244140625,251,0.0,0.0,0.0
2024-07-18 13:20:00-04:00,160.6584014892578,160.6584014892578,160.6584014892578,160.6584014892578,381,0.0,0.0,0.0
2024-07-18 13:25:00-04:00,159.60000610351562,159.60000610351562,159.60000610351562,159.60000610351562,170,0.0,0.0,0.0
2024-07-18 13:30:00-04:00,160.2073974609375,160.35000610351562,160.2073974609375,160.28939819335938,1311,0.0,0.0,0.0
2024-07-18 13:35:00-04:00,159.2801055908203,159.2801055908203,159.2801055908203,159.2801055908203,1046,0.0,0.0,0.0
2024-07-18 13:40:00-04:00,159.80999755859375,159.80999755859375,159.80999755859375,159.80999755859375,463,0.0,0.0,0.0
2024-07-18 13:45:00-04:00,159.91000366210938,159.91000366210938,159.91000366210938,159.91000366210938,347,0.0,0.0,0.0
2024-07-18 13:55:00-04:00,158.6699981689453,158.80999755859375,158.52000427246094,158.52000427246094,388,0.0,0.0,0.0
2024-07-18 14:00:00-04:00,158.36000061035156,158.36000061035156,158.1199951171875,158.1199951171875,407,0.0,0.0,0.0
2024-07-18 14:10:00-04:00,158.0,158.11000061035156,158.0,158.11000061035156,1308,0.0,0.0,0.0
2024-07-18 14:15:00-04:00,158.2884979248047,158.52999877929688,158.2884979248047,158.52999877929688,1175,0.0,0.0,0.0
2024-07-18 14:20:00-04:00,158.25999450683594,158.25999450683594,158.25999450683594,158.25999450683594,554,0.0,0.0,0.0
2024-07-18 14:30:00-04:00,157.2220001220703,157.69000244140625,157.2220001220703,157.69000244140625,551,0.0,0.0,0.0
2024-07-18 14:35:00-04:00,157.6199951171875,157.6199951171875,157.6199951171875,157.6199951171875,265,0.0,0.0,0.0
2024-07-18 14:40:00-04:00,157.53500366210938,157.53500366210938,157.53500366210938,157.53500366210938,202,0.0,0.0,0.0
2024-07-18 14:45:00-04:00,157.00999450683594,157.00999450683594,157.00999450683594,157.00999450683594,138,0.0,0.0,0.0
2024-07-18 14:50:00-04:00,156.7449951171875,156.7449951171875,156.7449951171875,156.7449951171875,251,0.0,0.0,0.0
2024-07-18 14:55:00-04:00,157.8300018310547,157.8300018310547,157.8300018310547,157.8300018310547,585,0.0,0.0,0.0
2024-07-18 15:05:00-04:00,156.9600067138672,156.9600067138672,156.9600067138672,156.9600067138672,123,0.0,0.0,0.0
2024-07-18 15:10:00-04:00,156.5800018310547,156.5800018310547,155.4669952392578,155.4669952392578,1393,0.0,0.0,0.0
2024-07-18 15:15:00-04:00,155.9073028564453,155.9499969482422,155.9073028564453,155.9499969482422,608,0.0,0.0,0.0
2024-07-18 15:20:00-04:00,156.17999267578125,156.17999267578125,156.17999267578125,156.17999267578125,406,0.0,0.0,0.0
2024-07-18 15:25:00-04:00,156.3800048828125,156.6300048828125,156.3800048828125,156.6300048828125,480,0.0,0.0,0.0
2024-07-18 15:30:00-04:00,156.7899932861328,156.82000732421875,156.7899932861328,156.82000732421875,463,0.0,0.0,0.0
2024-07-18 15:35:00-04:00,157.58999633789062,158.4499969482422,157.58999633789062,158.4499969482422,2374,0.0,0.0,0.0
2024-07-18 15:40:00-04:00,159.0,159.6800994873047,159.0,159.6800994873047,709,0.0,0.0,0.0
2024-07-18 15:45:00-04:00,159.5198974609375,160.47000122070312,159.5198974609375,160.44500732421875,1175,0.0,0.0,0.0
2024-07-18 15:50:00-04:00,159.8300018310547,159.8300018310547,158.6999053955078,158.6999053955078,1532,0.0,0.0,0.0
2024-07-18 15:55:00-04:00,159.63999938964844,159.74009704589844,158.69000244140625,159.02999877929688,2051,0.0,0.0,0.0
2024-07-19 09:30:00-04:00,158.9600067138672,159.86000061035156,158.5850067138672,159.4600067138672,10568,0.0,0.0,0.0
2024-07-19 09:35:00-04:00,159.75,159.7899932861328,158.3000030517578,159.2050018310547,2020,0.0,0.0,0.0
2024-07-19 09:40:00-04:00,160.25,160.3800048828125,158.17999267578125,158.17999267578125,3449,0.0,0.0,0.0
2024-07-19 09:45:00-04:00,158.0500030517578,158.1300048828125,157.75999450683594,157.75999450683594,693,0.0,0.0,0.0
2024-07-19 09:50:00-04:00,159.75,160.05999755859375,158.8874969482422,158.8874969482422,2458,0.0,0.0,0.0
2024-07-19 09:55:00-04:00,159.64990234375,159.64990234375,159.485107421875,159.485107421875,587,0.0,0.0,0.0
2024-07-19 10:00:00-04:00,157.8000030517578,157.8000030517578,156.75,157.05999755859375,2502,0.0,0.0,0.0
2024-07-19 10:05:00-04:00,157.60000610351562,158.00999450683594,157.60000610351562,158.00999450683594,282,0.0,0.0,0.0
2024-07-19 10:10:00-04:00,158.00430297851562,158.00999450683594,156.5399932861328,156.5399932861328,1672,0.0,0.0,0.0
2024-07-19 10:15:00-04:00,157.6300048828125,158.21009826660156,157.49000549316406,157.49000549316406,1761,0.0,0.0,0.0
2024-07-19 10:20:00-04:00,157.52999877929688,157.52999877929688,157.52999877929688,157.52999877929688,487,0.0,0.0,0.0
2024-07-19 10:25:00-04:00,156.5399932861328,156.5399932861328,155.3699951171875,155.3986053466797,2691,0.0,0.0,0.0
2024-07-19 10:30:00-04:00,155.44000244140625,155.9199981689453,154.72999572753906,154.91000366210938,2541,0.0,0.0,0.0
2024-07-19 10:35:00-04:00,154.75999450683594,156.3000030517578,154.75999450683594,156.3000030517578,1631,0.0,0.0,0.0
2024-07-19 10:40:00-04:00,155.7100067138672,155.72999572753906,155.22000122070312,155.64999389648438,1730,0.0,0.0,0.0
2024-07-19 10:45:00-04:00,155.17999267578125,156.64630126953125,155.17999267578125,156.47000122070312,1419,0.0,0.0,0.0
2024-07-19 10:50:00-04:00,156.2100067138672,157.02999877929688,156.2100067138672,157.02999877929688,901,0.0,0.0,0.0
2024-07-19 10:55:00-04:00,156.72000122070312,157.11000061035156,156.66000366210938,157.11000061035156,824,0.0,0.0,0.0
2024-07-19 11:00:00-04:00,157.33999633789062,157.93850708007812,157.32000732421875,157.93850708007812,2560,0.0,0.0,0.0
2024-07-19 11:05:00-04:00,158.0,158.0,156.16000366210938,156.16000366210938,383,0.0,0.0,0.0
2024-07-19 11:10:00-04:00,155.7899932861328,155.7899932861328,155.58990478515625,155.58990478515625,513,0.0,0.0,0.0
2024-07-19 11:15:00-04:00,155.5500030517578,156.5500030517578,155.5399932861328,155.77999877929688,713,0.0,0.0,0.0
2024-07-19 11:20:00-04:00,156.2100067138672,156.6300048828125,155.58999633789062,155.74000549316406,1303,0.0,0.0,0.0
2024-07-19 11:25:00-04:00,155.6300048828125,155.7100067138672,154.19000244140625,154.19000244140625,3425,0.0,0.0,0.0
2024-07-19 11:30:00-04:00,153.8800048828125,154.00999450683594,153.48629760742188,153.60000610351562,4142,0.0,0.0,0.0
2024-07-19 11:35:00-04:00,153.60000610351562,153.67979431152344,153.0,153.0,2571,0.0,0.0,0.0
2024-07-19 11:40:00-04:00,153.13999938964844,153.40890502929688,153.08999633789062,153.16000366210938,1167,0.0,0.0,0.0
2024-07-19 11:45:00-04:00,153.1999969482422,153.639892578125,153.1999969482422,153.639892578125,2744,0.0,0.0,0.0
2024-07-19 11:50:00-04:00,154.0399932861328,154.33009338378906,153.7899932861328,154.1053009033203,2232,0.0,0.0,0.0
2024-07-19 11:55:00-04:00,154.39999389648438,155.32000732421875,154.39999389648438,155.32000732421875,653,0.0,0.0,0.0
2024-07-19 12:00:00-04:00,155.47000122070312,155.49000549316406,155.1199951171875,155.1199951171875,2077,0.0,0.0,0.0
2024-07-19 12:05:00-04:00,155.11000061035156,155.35000610351562,155.0500030517578,155.35000610351562,428,0.0,0.0,0.0
2024-07-19 12:10:00-04:00,155.0,155.20989990234375,154.75999450683594,154.8699951171875,1003,0.0,0.0,0.0
2024-07-19 12:15:00-04:00,154.74000549316406,154.74000549316406,154.4600067138672,154.4600067138672,237,0.0,0.0,0.0
2024-07-19 12:20:00-04:00,154.2899932861328,154.2899932861328,153.97000122070312,154.02999877929688,797,0.0,0.0,0.0
2024-07-19 12:25:00-04:00,153.50070190429688,154.11000061035156,153.44000244140625,154.11000061035156,802,0.0,0.0,0.0
2024-07-19 12:30:00-04:00,153.3699951171875,153.3699951171875,152.75100708007812,152.75100708007812,648,0.0,0.0,0.0
2024-07-19 12:35:00-04:00,152.97999572753906,152.97999572753906,152.36000061035156,152.47000122070312,1371,0.0,0.0,0.0
2024-07-19 12:40:00-04:00,153.10000610351562,153.11000061035156,152.5500030517578,152.5500030517578,513,0.0,0.0,0.0
2024-07-19 12:45:00-04:00,152.58999633789062,152.58999633789062,152.13999938964844,152.13999938964844,714,0.0,0.0,0.0
2024-07-19 12:50:00-04:00,152.5399932861328,152.8699951171875,152.44000244140625,152.61000061035156,1650,0.0,0.0,0.0
2024-07-19 12:55:00-04:00,152.86990356445312,152.86990356445312,152.86990356445312,152.86990356445312,256,0.0,0.0,0.0
2024-07-19 13:00:00-04:00,153.05999755859375,153.07000732421875,152.02000427246094,152.10989379882812,1174,0.0,0.0,0.0
2024-07-19 13:05:00-04:00,151.77999877929688,151.8800048828125,151.5800018310547,151.8800048828125,1685,0.0,0.0,0.0
2024-07-19 13:10:00-04:00,151.99000549316406,152.10989379882812,151.7270050048828,152.10989379882812,568,0.0,0.0,0.0
2024-07-19 13:15:00-04:00,152.1165008544922,152.1165008544922,151.75,151.77000427246094,1127,0.0,0.0,0.0
2024-07-19 13:20:00-04:00,151.25,151.25,151.25,151.25,450,0.0,0.0,0.0
2024-07-19 13:25:00-04:00,151.2899932861328,151.8699951171875,151.2899932861328,151.8699951171875,746,0.0,0.0,0.0
2024-07-19 13:30:00-04:00,151.6999969482422,152.3000030517578,151.69000244140625,152.25,624,0.0,0.0,0.0
2024-07-19 13:35:00-04:00,152.47000122070312,152.47000122070312,152.25999450683594,152.25999450683594,577,0.0,0.0,0.0
2024-07-19 13:40:00-04:00,151.6699981689453,151.67999267578125,151.6699981689453,151.67999267578125,515,0.0,0.0,0.0
2024-07-19 13:45:00-04:00,152.3300018310547,152.55999755859375,152.3300018310547,152.55999755859375,823,0.0,0.0,0.0
2024-07-19 13:50:00-04:00,152.64999389648438,152.64999389648438,152.64999389648438,152.64999389648438,395,0.0,0.0,0.0
2024-07-19 13:55:00-04:00,152.2899932861328,152.8000030517578,152.2899932861328,152.8000030517578,1921,0.0,0.0,0.0
2024-07-19 14:00:00-04:00,152.7100067138672,152.83999633789062,152.33999633789062,152.33999633789062,1136,0.0,0.0,0.0
2024-07-19 14:05:00-04:00,152.5399932861328,153.2220001220703,152.5399932861328,153.2220001220703,1899,0.0,0.0,0.0
2024-07-19 14:10:00-04:00,153.05999755859375,153.05999755859375,152.75999450683594,152.91000366210938,671,0.0,0.0,0.0
2024-07-19 14:15:00-04:00,153.35000610351562,153.47000122070312,152.80999755859375,152.80999755859375,1233,0.0,0.0,0.0
2024-07-19 14:20:00-04:00,152.69000244140625,152.69000244140625,152.13999938964844,152.13999938964844,1695,0.0,0.0,0.0
2024-07-19 14:25:00-04:00,152.49000549316406,152.49000549316406,152.13999938964844,152.13999938964844,969,0.0,0.0,0.0
2024-07-19 14:35:00-04:00,152.3000030517578,152.3000030517578,151.91000366210938,151.9447021484375,512,0.0,0.0,0.0
2024-07-19 14:40:00-04:00,151.39999389648438,151.67999267578125,151.39999389648438,151.54510498046875,1063,0.0,0.0,0.0
2024-07-19 14:45:00-04:00,151.6999969482422,151.86000061035156,151.58999633789062,151.86000061035156,981,0.0,0.0,0.0
2024-07-19 14:50:00-04:00,152.2899932861328,152.45809936523438,152.24000549316406,152.2899932861328,2612,0.0,0.0,0.0
2024-07-19 14:55:00-04:00,152.4199981689453,152.58999633789062,152.4199981689453,152.58999633789062,857,0.0,0.0,0.0
2024-07-19 15:00:00-04:00,152.8699951171875,153.38999938964844,152.6999969482422,153.0399932861328,2613,0.0,0.0,0.0
2024-07-19 15:05:00-04:00,153.5,153.5,153.47000122070312,153.47000122070312,919,0.0,0.0,0.0
2024-07-19 15:10:00-04:00,153.8800048828125,154.00999450683594,153.78500366210938,153.8800048828125,3970,0.0,0.0,0.0
2024-07-19 15:15:00-04:00,153.73599243164062,153.73599243164062,153.73599243164062,153.73599243164062,672,0.0,0.0,0.0
2024-07-19 15:25:00-04:00,153.88009643554688,153.88009643554688,153.88009643554688,153.88009643554688,277,0.0,0.0,0.0
2024-07-19 15:30:00-04:00,154.02999877929688,154.02999877929688,153.07000732421875,153.07000732421875,439,0.0,0.0,0.0
2024-07-19 15:35:00-04:00,152.23989868164062,152.23989868164062,152.23989868164062,152.23989868164062,451,0.0,0.0,0.0
2024-07-19 15:45:00-04:00,152.00250244140625,152.0211944580078,151.64999389648438,151.64999389648438,2123,0.0,0.0,0.0
2024-07-19 15:50:00-04:00,151.72650146484375,151.77999877929688,151.72650146484375,151.77999877929688,819,0.0,0.0,0.0
2024-07-19 15:55:00-04:00,151.77000427246094,152.44000244140625,151.57220458984375,152.00999450683594,2686,0.0,0.0,0.0
