Datetime,Open,High,Low,Close,Volume,Dividends,Stock Splits,Capital Gains
2024-06-20 09:30:00-04:00,41.0099983215332,41.0099983215332,41.0099983215332,41.0099983215332,0,0.0,0.0,0.0
2024-06-20 09:40:00-04:00,41.20500183105469,41.20500183105469,41.20500183105469,41.20500183105469,219,0.0,0.0,0.0
2024-06-20 10:05:00-04:00,41.279998779296875,41.279998779296875,41.279998779296875,41.279998779296875,170,0.0,0.0,0.0
2024-06-20 10:25:00-04:00,41.07550048828125,41.07550048828125,41.06919860839844,41.06919860839844,1076,0.0,0.0,0.0
2024-06-20 11:10:00-04:00,41.20000076293945,41.310001373291016,41.18000030517578,41.25,2321,0.0,0.0,0.0
2024-06-20 11:15:00-04:00,41.18000030517578,41.22999954223633,41.150001525878906,41.189998626708984,702,0.0,0.0,0.0
2024-06-20 11:20:00-04:00,41.11000061035156,41.185001373291016,41.11000061035156,41.185001373291016,553,0.0,0.0,0.0
2024-06-20 11:45:00-04:00,41.2400016784668,41.2400016784668,41.2400016784668,41.2400016784668,200,0.0,0.0,0.0
2024-06-20 11:50:00-04:00,41.08000183105469,41.08000183105469,41.08000183105469,41.08000183105469,311,0.0,0.0,0.0
2024-06-20 12:10:00-04:00,41.15999984741211,41.29999923706055,41.15999984741211,41.29999923706055,1466,0.0,0.0,0.0
2024-06-20 12:20:00-04:00,41.18000030517578,41.18000030517578,41.18000030517578,41.18000030517578,209,0.0,0.0,0.0
2024-06-20 12:30:00-04:00,41.099998474121094,41.099998474121094,41.060001373291016,41.060001373291016,990,0.0,0.0,0.0
2024-06-20 12:35:00-04:00,41.130001068115234,41.130001068115234,41.130001068115234,41.130001068115234,200,0.0,0.0,0.0
2024-06-20 12:40:00-04:00,41.07500076293945,41.07500076293945,41.07500076293945,41.07500076293945,298,0.0,0.0,0.0
2024-06-20 12:50:00-04:00,41.064998626708984,41.064998626708984,41.064998626708984,41.064998626708984,191,0.0,0.0,0.0
2024-06-20 13:05:00-04:00,41.040000915527344,41.040000915527344,41.040000915527344,41.040000915527344,296,0.0,0.0,0.0
2024-06-20 13:30:00-04:00,41.0099983215332,41.0099983215332,41.0099983215332,41.0099983215332,130,0.0,0.0,0.0
2024-06-20 13:40:00-04:00,41.060001373291016,41.060001373291016,41.060001373291016,41.060001373291016,169,0.0,0.0,0.0
2024-06-20 13:55:00-04:00,40.9900016784668,40.9900016784668,40.9900016784668,40.9900016784668,108,0.0,0.0,0.0
2024-06-20 14:00:00-04:00,41.079898834228516,41.079898834228516,41.079898834228516,41.079898834228516,249,0.0,0.0,0.0
2024-06-20 14:10:00-04:00,41.060001373291016,41.060001373291016,41.060001373291016,41.060001373291016,200,0.0,0.0,0.0
2024-06-20 14:15:00-04:00,41.079898834228516,41.079898834228516,41.079898834228516,41.079898834228516,210,0.0,0.0,0.0
2024-06-20 14:30:00-04:00,40.9900016784668,40.9900016784668,40.90010070800781,40.90010070800781,1180,0.0,0.0,0.0
2024-06-20 14:55:00-04:00,40.9900016784668,41.08000183105469,40.9900016784668,41.02000045776367,13143,0.0,0.0,0.0
2024-06-20 15:10:00-04:00,41.17290115356445,41.17290115356445,41.17290115356445,41.17290115356445,1020,0.0,0.0,0.0
2024-06-20 15:20:00-04:00,41.18000030517578,41.18000030517578,41.029998779296875,41.04999923706055,381,0.0,0.0,0.0
2024-06-20 15:30:00-04:00,41.209999084472656,41.209999084472656,41.209999084472656,41.209999084472656,202,0.0,0.0,0.0
2024-06-20 15:40:00-04:00,41.119998931884766,41.119998931884766,41.119998931884766,41.119998931884766,122,0.0,0.0,0.0
2024-06-20 15:45:00-04:00,41.12300109863281,41.12300109863281,41.12300109863281,41.12300109863281,637,0.0,0.0,0.0
2024-06-21 09:30:00-04:00,41.04999923706055,41.04999923706055,41.04999923706055,41.04999923706055,1561,0.0,0.0,0.0
2024-06-21 09:35:00-04:00,41.20500183105469,41.20500183105469,41.20500183105469,41.20500183105469,146,0.0,0.0,0.0
2024-06-21 09:40:00-04:00,41.13290023803711,41.13290023803711,41.13290023803711,41.13290023803711,221,0.0,0.0,0.0
2024-06-21 09:45:00-04:00,41.290000915527344,41.290000915527344,41.290000915527344,41.290000915527344,667,0.0,0.0,0.0
2024-06-21 10:40:00-04:00,41.19499969482422,41.19499969482422,41.19499969482422,41.19499969482422,1162,0.0,0.0,0.0
2024-06-21 10:50:00-04:00,41.227298736572266,41.227298736572266,40.9900016784668,40.9900016784668,728,0.0,0.0,0.0
2024-06-21 11:05:00-04:00,41.2599983215332,41.2599983215332,41.2599983215332,41.2599983215332,366,0.0,0.0,0.0
2024-06-21 11:25:00-04:00,41.20500183105469,41.20500183105469,41.20500183105469,41.20500183105469,224,0.0,0.0,0.0
2024-06-21 11:30:00-04:00,41.22999954223633,41.22999954223633,41.22999954223633,41.22999954223633,341,0.0,0.0,0.0
2024-06-21 11:50:00-04:00,41.31999969482422,41.369998931884766,41.27000045776367,41.27000045776367,624,0.0,0.0,0.0
2024-06-21 12:00:00-04:00,41.27000045776367,41.27000045776367,41.27000045776367,41.27000045776367,235,0.0,0.0,0.0
2024-06-21 12:20:00-04:00,41.2599983215332,41.2599983215332,41.2599983215332,41.2599983215332,218,0.0,0.0,0.0
2024-06-21 12:40:00-04:00,41.399898529052734,41.399898529052734,41.399898529052734,41.399898529052734,146,0.0,0.0,0.0
2024-06-21 12:50:00-04:00,41.255001068115234,41.255001068115234,41.255001068115234,41.255001068115234,205,0.0,0.0,0.0
2024-06-21 12:55:00-04:00,41.255001068115234,41.255001068115234,41.255001068115234,41.255001068115234,696,0.0,0.0,0.0
2024-06-21 13:35:00-04:00,41.25,41.279998779296875,41.224998474121094,41.224998474121094,819,0.0,0.0,0.0
2024-06-21 13:45:00-04:00,41.224998474121094,41.290000915527344,41.224998474121094,41.224998474121094,1382,0.0,0.0,0.0
2024-06-21 13:55:00-04:00,41.2047004699707,41.2047004699707,41.2047004699707,41.2047004699707,0,0.0,0.0,0.0
2024-06-21 14:05:00-04:00,41.21950149536133,41.21950149536133,41.21950149536133,41.21950149536133,600,0.0,0.0,0.0
2024-06-21 14:10:00-04:00,41.130001068115234,41.130001068115234,41.130001068115234,41.130001068115234,0,0.0,0.0,0.0
2024-06-21 14:30:00-04:00,41.30500030517578,41.30500030517578,41.30500030517578,41.30500030517578,518,0.0,0.0,0.0
2024-06-21 14:35:00-04:00,41.21070098876953,41.34000015258789,41.21070098876953,41.34000015258789,242,0.0,0.0,0.0
2024-06-21 14:40:00-04:00,41.220001220703125,41.24689865112305,41.189998626708984,41.189998626708984,1104,0.0,0.0,0.0
2024-06-21 15:00:00-04:00,41.27000045776367,41.27000045776367,41.27000045776367,41.27000045776367,342,0.0,0.0,0.0
2024-06-21 15:10:00-04:00,41.31990051269531,41.31990051269531,41.31990051269531,41.31990051269531,379,0.0,0.0,0.0
2024-06-21 15:15:00-04:00,41.21500015258789,41.21500015258789,41.21500015258789,41.21500015258789,262,0.0,0.0,0.0
2024-06-21 15:50:00-04:00,41.22999954223633,41.22999954223633,41.22999954223633,41.22999954223633,207,0.0,0.0,0.0
2024-06-24 09:30:00-04:00,41.06999969482422,41.06999969482422,41.06999969482422,41.06999969482422,168,0.0,0.0,0.0
2024-06-24 09:35:00-04:00,40.9900016784668,40.9900016784668,40.93000030517578,40.959999084472656,801,0.0,0.0,0.0
2024-06-24 09:40:00-04:00,41.03150177001953,41.03150177001953,41.03150177001953,41.03150177001953,798,0.0,0.0,0.0
2024-06-24 09:45:00-04:00,40.97850036621094,40.97850036621094,40.97850036621094,40.97850036621094,717,0.0,0.0,0.0
2024-06-24 10:15:00-04:00,41.130001068115234,41.130001068115234,41.130001068115234,41.130001068115234,118,0.0,0.0,0.0
2024-06-24 10:20:00-04:00,41.234100341796875,41.234100341796875,41.234100341796875,41.234100341796875,186,0.0,0.0,0.0
2024-06-24 10:45:00-04:00,41.246498107910156,41.246498107910156,41.246498107910156,41.246498107910156,172,0.0,0.0,0.0
2024-06-24 10:50:00-04:00,41.20000076293945,41.20000076293945,41.20000076293945,41.20000076293945,200,0.0,0.0,0.0
2024-06-24 10:55:00-04:00,41.25,41.25389862060547,41.25,41.25389862060547,1227,0.0,0.0,0.0
2024-06-24 11:50:00-04:00,41.04010009765625,41.04010009765625,41.04010009765625,41.04010009765625,205,0.0,0.0,0.0
2024-06-24 11:55:00-04:00,41.26900100708008,41.26900100708008,41.26900100708008,41.26900100708008,127,0.0,0.0,0.0
2024-06-24 12:05:00-04:00,41.185001373291016,41.185001373291016,41.185001373291016,41.185001373291016,976,0.0,0.0,0.0
2024-06-24 12:55:00-04:00,41.23500061035156,41.23500061035156,41.23500061035156,41.23500061035156,212,0.0,0.0,0.0
2024-06-24 13:10:00-04:00,41.22999954223633,41.22999954223633,41.150001525878906,41.150001525878906,564,0.0,0.0,0.0
2024-06-24 13:40:00-04:00,41.20000076293945,41.2400016784668,41.20000076293945,41.2400016784668,202,0.0,0.0,0.0
2024-06-24 13:45:00-04:00,41.01449966430664,41.01449966430664,41.01449966430664,41.01449966430664,469,0.0,0.0,0.0
2024-06-24 14:20:00-04:00,41.20000076293945,41.20000076293945,41.084999084472656,41.084999084472656,475,0.0,0.0,0.0
2024-06-24 14:50:00-04:00,41.06999969482422,41.09000015258789,41.06999969482422,41.072601318359375,1158,0.0,0.0,0.0
2024-06-24 14:55:00-04:00,41.040000915527344,41.220001220703125,41.040000915527344,41.220001220703125,268,0.0,0.0,0.0
2024-06-24 15:20:00-04:00,41.185001373291016,41.249900817871094,41.09709930419922,41.249900817871094,1363,0.0,0.0,0.0
2024-06-24 15:25:00-04:00,41.174400329589844,41.174400329589844,41.04999923706055,41.04999923706055,168,0.0,0.0,0.0
2024-06-24 15:30:00-04:00,41.04999923706055,41.04999923706055,41.040000915527344,41.040000915527344,211,0.0,0.0,0.0
2024-06-24 15:45:00-04:00,41.040000915527344,41.040000915527344,41.040000915527344,41.040000915527344,458,0.0,0.0,0.0
2024-06-24 15:50:00-04:00,41.13999938964844,41.16999816894531,41.13999938964844,41.16999816894531,1644,0.0,0.0,0.0
2024-06-24 15:55:00-04:00,41.040000915527344,41.040000915527344,41.040000915527344,41.040000915527344,227,0.0,0.0,0.0
2024-06-25 10:20:00-04:00,41.0,41.0,41.0,41.0,953,0.0,0.0,0.0
2024-06-25 10:35:00-04:00,40.96540069580078,40.96540069580078,40.96540069580078,40.96540069580078,1537,0.0,0.0,0.0
2024-06-25 11:25:00-04:00,41.029998779296875,41.08000183105469,41.029998779296875,41.029998779296875,709,0.0,0.0,0.0
2024-06-25 11:35:00-04:00,41.130001068115234,41.130001068115234,40.859100341796875,40.859100341796875,819,0.0,0.0,0.0
2024-06-25 12:05:00-04:00,41.0614013671875,41.0614013671875,41.0614013671875,41.0614013671875,2923,0.0,0.0,0.0
2024-06-25 13:15:00-04:00,41.02000045776367,41.02000045776367,41.02000045776367,41.02000045776367,138,0.0,0.0,0.0
2024-06-25 13:20:00-04:00,40.97480010986328,40.97480010986328,40.97480010986328,40.97480010986328,177,0.0,0.0,0.0
2024-06-25 13:30:00-04:00,40.939998626708984,40.940101623535156,40.83000183105469,40.91999816894531,1619,0.0,0.0,0.0
2024-06-25 13:45:00-04:00,40.95000076293945,40.98979949951172,40.86000061035156,40.98979949951172,902,0.0,0.0,0.0
2024-06-25 13:50:00-04:00,40.97100067138672,40.97100067138672,40.97100067138672,40.97100067138672,0,0.0,0.0,0.0
2024-06-25 13:55:00-04:00,40.869998931884766,40.869998931884766,40.869998931884766,40.869998931884766,17754,0.0,0.0,0.0
2024-06-25 14:10:00-04:00,40.915000915527344,41.0,40.915000915527344,40.960201263427734,2414,0.0,0.0,0.0
2024-06-25 14:55:00-04:00,40.97999954223633,40.97999954223633,40.97999954223633,40.97999954223633,884,0.0,0.0,0.0
2024-06-25 15:00:00-04:00,40.97999954223633,40.9900016784668,40.97999954223633,40.9900016784668,915,0.0,0.0,0.0
2024-06-25 15:30:00-04:00,40.92499923706055,40.92499923706055,40.92499923706055,40.92499923706055,308,0.0,0.0,0.0
2024-06-25 15:35:00-04:00,40.97999954223633,40.97999954223633,40.92499923706055,40.92499923706055,86,0.0,0.0,0.0
2024-06-25 15:40:00-04:00,40.962501525878906,40.962501525878906,40.962501525878906,40.962501525878906,187,0.0,0.0,0.0
2024-06-25 15:45:00-04:00,40.999900817871094,40.999900817871094,40.999900817871094,40.999900817871094,179,0.0,0.0,0.0
2024-06-26 09:30:00-04:00,40.970001220703125,40.970001220703125,40.970001220703125,40.970001220703125,3500,0.0,0.0,0.0
2024-06-26 09:45:00-04:00,40.56999969482422,40.630001068115234,40.56999969482422,40.630001068115234,417,0.0,0.0,0.0
2024-06-26 10:00:00-04:00,40.65999984741211,40.69129943847656,40.65999984741211,40.69129943847656,505,0.0,0.0,0.0
2024-06-26 10:15:00-04:00,40.95000076293945,40.95000076293945,40.95000076293945,40.95000076293945,200,0.0,0.0,0.0
2024-06-26 10:20:00-04:00,41.04999923706055,41.04999923706055,41.04999923706055,41.04999923706055,336,0.0,0.0,0.0
2024-06-26 10:45:00-04:00,40.95000076293945,40.95000076293945,40.90549850463867,40.90549850463867,458,0.0,0.0,0.0
2024-06-26 11:20:00-04:00,40.846500396728516,40.846500396728516,40.846500396728516,40.846500396728516,920,0.0,0.0,0.0
2024-06-26 11:30:00-04:00,40.970001220703125,40.970001220703125,40.970001220703125,40.970001220703125,0,0.0,0.0,0.0
2024-06-26 11:40:00-04:00,40.869998931884766,40.869998931884766,40.869998931884766,40.869998931884766,319,0.0,0.0,0.0
2024-06-26 11:55:00-04:00,40.68000030517578,40.7338981628418,40.68000030517578,40.7338981628418,1289,0.0,0.0,0.0
2024-06-26 12:20:00-04:00,40.79499816894531,40.79499816894531,40.79499816894531,40.79499816894531,182,0.0,0.0,0.0
2024-06-26 13:25:00-04:00,40.7400016784668,40.79499816894531,40.66999816894531,40.79499816894531,1134,0.0,0.0,0.0
2024-06-26 13:30:00-04:00,40.66999816894531,40.79499816894531,40.66999816894531,40.79499816894531,646,0.0,0.0,0.0
2024-06-26 13:35:00-04:00,40.87900161743164,40.87900161743164,40.87900161743164,40.87900161743164,166,0.0,0.0,0.0
2024-06-26 13:45:00-04:00,40.81999969482422,40.81999969482422,40.79499816894531,40.79499816894531,386,0.0,0.0,0.0
2024-06-26 14:10:00-04:00,40.775001525878906,40.775001525878906,40.775001525878906,40.775001525878906,1363,0.0,0.0,0.0
2024-06-26 14:40:00-04:00,40.810001373291016,40.810001373291016,40.775001525878906,40.775001525878906,803,0.0,0.0,0.0
2024-06-26 15:20:00-04:00,40.76900100708008,40.76900100708008,40.76900100708008,40.76900100708008,379,0.0,0.0,0.0
2024-06-26 15:25:00-04:00,40.84000015258789,40.84000015258789,40.775001525878906,40.775001525878906,477,0.0,0.0,0.0
2024-06-26 15:40:00-04:00,40.775001525878906,40.775001525878906,40.775001525878906,40.775001525878906,668,0.0,0.0,0.0
2024-06-26 15:55:00-04:00,40.790000915527344,40.790000915527344,40.70000076293945,40.70000076293945,671,0.0,0.0,0.0
2024-06-27 09:30:00-04:00,40.130001068115234,40.130001068115234,40.130001068115234,40.130001068115234,694,0.0,0.0,0.0
2024-06-27 09:55:00-04:00,40.3848991394043,40.3848991394043,40.04890060424805,40.04890060424805,2083,0.0,0.0,0.0
2024-06-27 10:40:00-04:00,40.164798736572266,40.164798736572266,40.164798736572266,40.164798736572266,188,0.0,0.0,0.0
2024-06-27 10:55:00-04:00,40.22990036010742,40.22990036010742,40.22990036010742,40.22990036010742,525,0.0,0.0,0.0
2024-06-27 11:15:00-04:00,40.05799865722656,40.05799865722656,40.05799865722656,40.05799865722656,2811,0.0,0.0,0.0
2024-06-27 11:25:00-04:00,40.13359832763672,40.13359832763672,40.13359832763672,40.13359832763672,641,0.0,0.0,0.0
2024-06-27 12:25:00-04:00,40.220001220703125,40.400001525878906,40.220001220703125,40.400001525878906,1487,0.0,0.0,0.0
2024-06-27 13:30:00-04:00,40.130001068115234,40.13999938964844,40.119998931884766,40.13999938964844,437,0.0,0.0,0.0
2024-06-27 13:45:00-04:00,40.27000045776367,40.27000045776367,40.27000045776367,40.27000045776367,414,0.0,0.0,0.0
2024-06-27 14:05:00-04:00,40.2400016784668,40.2400016784668,40.2400016784668,40.2400016784668,405,0.0,0.0,0.0
2024-06-27 14:30:00-04:00,40.167999267578125,40.167999267578125,40.167999267578125,40.167999267578125,427,0.0,0.0,0.0
2024-06-27 15:00:00-04:00,40.18349838256836,40.18349838256836,40.18349838256836,40.18349838256836,296,0.0,0.0,0.0
2024-06-27 15:05:00-04:00,40.28499984741211,40.28499984741211,40.28499984741211,40.28499984741211,195,0.0,0.0,0.0
2024-06-27 15:15:00-04:00,40.27539825439453,40.27539825439453,40.27539825439453,40.27539825439453,479,0.0,0.0,0.0
2024-06-27 15:25:00-04:00,40.38999938964844,40.38999938964844,40.28499984741211,40.28499984741211,484,0.0,0.0,0.0
2024-06-27 15:30:00-04:00,40.256099700927734,40.256099700927734,40.256099700927734,40.256099700927734,159,0.0,0.0,0.0
2024-06-27 15:35:00-04:00,40.249698638916016,40.249698638916016,40.104698181152344,40.2400016784668,5110,0.0,0.0,0.0
2024-06-27 15:50:00-04:00,40.22999954223633,40.400001525878906,40.22999954223633,40.26499938964844,1792,0.0,0.0,0.0
2024-06-27 15:55:00-04:00,40.16999816894531,40.16999816894531,40.16999816894531,40.16999816894531,185,0.0,0.0,0.0
2024-06-28 09:30:00-04:00,40.58000183105469,40.58000183105469,40.58000183105469,40.58000183105469,1012,0.0,0.0,0.0
2024-06-28 09:55:00-04:00,40.68000030517578,40.790000915527344,40.68000030517578,40.790000915527344,1350,0.0,0.0,0.0
2024-06-28 10:00:00-04:00,40.790000915527344,40.790000915527344,40.63999938964844,40.63999938964844,6837,0.0,0.0,0.0
2024-06-28 10:20:00-04:00,40.68000030517578,40.68000030517578,40.68000030517578,40.68000030517578,202,0.0,0.0,0.0
2024-06-28 10:30:00-04:00,40.7400016784668,40.7400016784668,40.68000030517578,40.68000030517578,402,0.0,0.0,0.0
2024-06-28 10:35:00-04:00,40.7400016784668,40.7400016784668,40.7400016784668,40.7400016784668,100,0.0,0.0,0.0
2024-06-28 10:40:00-04:00,40.7400016784668,40.7400016784668,40.599998474121094,40.599998474121094,316,0.0,0.0,0.0
2024-06-28 10:45:00-04:00,40.67829895019531,40.68000030517578,40.67829895019531,40.68000030517578,543,0.0,0.0,0.0
2024-06-28 10:50:00-04:00,40.67499923706055,40.709999084472656,40.630001068115234,40.709999084472656,701,0.0,0.0,0.0
2024-06-28 11:00:00-04:00,40.68000030517578,40.779998779296875,40.68000030517578,40.779998779296875,295,0.0,0.0,0.0
2024-06-28 11:05:00-04:00,40.69499969482422,40.69499969482422,40.69499969482422,40.69499969482422,200,0.0,0.0,0.0
2024-06-28 11:15:00-04:00,40.65999984741211,40.65999984741211,40.65999984741211,40.65999984741211,153,0.0,0.0,0.0
2024-06-28 11:30:00-04:00,40.7150993347168,40.7150993347168,40.7150993347168,40.7150993347168,294,0.0,0.0,0.0
2024-06-28 11:40:00-04:00,40.78990173339844,40.78990173339844,40.78990173339844,40.78990173339844,184,0.0,0.0,0.0
2024-06-28 12:00:00-04:00,40.500099182128906,40.500099182128906,40.500099182128906,40.500099182128906,846,0.0,0.0,0.0
2024-06-28 12:55:00-04:00,40.650001525878906,40.779998779296875,40.650001525878906,40.779998779296875,1691,0.0,0.0,0.0
2024-06-28 13:00:00-04:00,40.61000061035156,40.61000061035156,40.61000061035156,40.61000061035156,488,0.0,0.0,0.0
2024-06-28 13:10:00-04:00,40.59000015258789,40.720001220703125,40.59000015258789,40.720001220703125,688,0.0,0.0,0.0
2024-06-28 13:15:00-04:00,40.720001220703125,40.720001220703125,40.720001220703125,40.720001220703125,58,0.0,0.0,0.0
2024-06-28 13:25:00-04:00,40.87990188598633,40.87990188598633,40.87990188598633,40.87990188598633,375,0.0,0.0,0.0
2024-06-28 13:30:00-04:00,40.630001068115234,40.630001068115234,40.630001068115234,40.630001068115234,300,0.0,0.0,0.0
2024-06-28 13:35:00-04:00,40.7400016784668,40.7400016784668,40.619998931884766,40.619998931884766,303,0.0,0.0,0.0
2024-06-28 13:50:00-04:00,40.599998474121094,40.599998474121094,40.599998474121094,40.599998474121094,458,0.0,0.0,0.0
2024-06-28 14:20:00-04:00,40.599998474121094,40.599998474121094,40.599998474121094,40.599998474121094,150,0.0,0.0,0.0
2024-06-28 14:40:00-04:00,40.38399887084961,40.38399887084961,40.38399887084961,40.38399887084961,3077,0.0,0.0,0.0
2024-06-28 15:00:00-04:00,40.63999938964844,40.63999938964844,40.63999938964844,40.63999938964844,327,0.0,0.0,0.0
2024-06-28 15:05:00-04:00,40.380001068115234,40.380001068115234,40.380001068115234,40.380001068115234,552,0.0,0.0,0.0
2024-06-28 15:25:00-04:00,40.54999923706055,40.54999923706055,40.5099983215332,40.5099983215332,314,0.0,0.0,0.0
2024-06-28 15:30:00-04:00,40.57849884033203,40.57849884033203,40.57849884033203,40.57849884033203,345,0.0,0.0,0.0
2024-06-28 15:45:00-04:00,40.540000915527344,40.540000915527344,40.43659973144531,40.43659973144531,1282,0.0,0.0,0.0
2024-06-28 15:50:00-04:00,40.41999816894531,40.41999816894531,40.369998931884766,40.400001525878906,720,0.0,0.0,0.0
2024-07-01 09:40:00-04:00,40.7400016784668,40.839900970458984,40.53929901123047,40.839900970458984,6206,0.0,0.0,0.0
2024-07-01 10:20:00-04:00,40.435001373291016,40.435001373291016,40.435001373291016,40.435001373291016,560,0.0,0.0,0.0
2024-07-01 11:20:00-04:00,40.16999816894531,40.16999816894531,40.16999816894531,40.16999816894531,316,0.0,0.0,0.0
2024-07-01 11:40:00-04:00,40.404998779296875,40.404998779296875,40.404998779296875,40.404998779296875,489,0.0,0.0,0.0
2024-07-01 11:50:00-04:00,40.404998779296875,40.404998779296875,40.404998779296875,40.404998779296875,322,0.0,0.0,0.0
2024-07-01 12:00:00-04:00,40.349998474121094,40.38999938964844,40.189998626708984,40.38999938964844,4169,0.0,0.0,0.0
2024-07-01 12:15:00-04:00,40.31119918823242,40.31119918823242,40.31119918823242,40.31119918823242,362,0.0,0.0,0.0
2024-07-01 12:25:00-04:00,40.59989929199219,40.59989929199219,40.59989929199219,40.59989929199219,686,0.0,0.0,0.0
2024-07-01 12:35:00-04:00,40.33000183105469,40.36220169067383,40.310001373291016,40.36220169067383,1900,0.0,0.0,0.0
2024-07-01 12:40:00-04:00,40.43000030517578,40.43000030517578,40.43000030517578,40.43000030517578,275,0.0,0.0,0.0
2024-07-01 12:50:00-04:00,40.29010009765625,40.29010009765625,40.29010009765625,40.29010009765625,264,0.0,0.0,0.0
2024-07-01 12:55:00-04:00,40.29999923706055,40.29999923706055,40.29999923706055,40.29999923706055,627,0.0,0.0,0.0
2024-07-01 13:00:00-04:00,40.279998779296875,40.279998779296875,40.279998779296875,40.279998779296875,224,0.0,0.0,0.0
2024-07-01 13:10:00-04:00,40.310001373291016,40.310001373291016,40.310001373291016,40.310001373291016,331,0.0,0.0,0.0
2024-07-01 13:35:00-04:00,40.209999084472656,40.209999084472656,40.209999084472656,40.209999084472656,180,0.0,0.0,0.0
2024-07-01 13:40:00-04:00,40.404998779296875,40.404998779296875,40.404998779296875,40.404998779296875,1314,0.0,0.0,0.0
2024-07-01 13:50:00-04:00,40.404998779296875,40.404998779296875,40.404998779296875,40.404998779296875,0,0.0,0.0,0.0
2024-07-01 14:00:00-04:00,40.609901428222656,40.609901428222656,40.609901428222656,40.609901428222656,449,0.0,0.0,0.0
2024-07-01 14:05:00-04:00,40.497100830078125,40.497100830078125,40.497100830078125,40.497100830078125,784,0.0,0.0,0.0
2024-07-01 14:10:00-04:00,40.404998779296875,40.404998779296875,40.404998779296875,40.404998779296875,33,0.0,0.0,0.0
2024-07-01 14:35:00-04:00,40.25,40.25,40.25,40.25,630,0.0,0.0,0.0
2024-07-01 15:15:00-04:00,40.51969909667969,40.51969909667969,40.51969909667969,40.51969909667969,961,0.0,0.0,0.0
2024-07-01 15:35:00-04:00,40.36000061035156,40.36000061035156,40.36000061035156,40.36000061035156,315,0.0,0.0,0.0
2024-07-01 15:45:00-04:00,40.41999816894531,40.43000030517578,40.29499816894531,40.29499816894531,595,0.0,0.0,0.0
2024-07-01 15:50:00-04:00,40.31999969482422,40.31999969482422,40.31999969482422,40.31999969482422,770,0.0,0.0,0.0
2024-07-02 09:30:00-04:00,40.400001525878906,40.400001525878906,40.400001525878906,40.400001525878906,616,0.0,0.0,0.0
2024-07-02 09:40:00-04:00,40.60929870605469,40.60929870605469,40.60929870605469,40.60929870605469,2117,0.0,0.0,0.0
2024-07-02 10:30:00-04:00,40.48500061035156,40.48500061035156,40.48500061035156,40.48500061035156,730,0.0,0.0,0.0
2024-07-02 10:35:00-04:00,40.33000183105469,40.48500061035156,40.33000183105469,40.48500061035156,482,0.0,0.0,0.0
2024-07-02 10:50:00-04:00,40.53120040893555,40.53120040893555,40.53120040893555,40.53120040893555,269,0.0,0.0,0.0
2024-07-02 11:20:00-04:00,40.619998931884766,40.619998931884766,40.619998931884766,40.619998931884766,252,0.0,0.0,0.0
2024-07-02 11:30:00-04:00,40.47999954223633,40.47999954223633,40.30009841918945,40.30009841918945,511,0.0,0.0,0.0
2024-07-02 11:35:00-04:00,40.30009841918945,40.30009841918945,40.30009841918945,40.30009841918945,253,0.0,0.0,0.0
2024-07-02 11:40:00-04:00,40.47999954223633,40.47999954223633,40.47999954223633,40.47999954223633,433,0.0,0.0,0.0
2024-07-02 11:45:00-04:00,40.349998474121094,40.474998474121094,40.349998474121094,40.474998474121094,815,0.0,0.0,0.0
2024-07-02 11:50:00-04:00,40.43000030517578,40.43000030517578,40.43000030517578,40.43000030517578,227,0.0,0.0,0.0
2024-07-02 12:05:00-04:00,40.488800048828125,40.488800048828125,40.488800048828125,40.488800048828125,192,0.0,0.0,0.0
2024-07-02 12:15:00-04:00,40.474998474121094,40.474998474121094,40.474998474121094,40.474998474121094,149,0.0,0.0,0.0
2024-07-02 12:25:00-04:00,40.369998931884766,40.474998474121094,40.36000061035156,40.474998474121094,458,0.0,0.0,0.0
2024-07-02 12:30:00-04:00,40.43000030517578,40.43000030517578,40.43000030517578,40.43000030517578,389,0.0,0.0,0.0
2024-07-02 12:50:00-04:00,40.5099983215332,40.72999954223633,40.43000030517578,40.43000030517578,94690,0.0,0.0,0.0
2024-07-02 12:55:00-04:00,40.474998474121094,40.474998474121094,40.474998474121094,40.474998474121094,103,0.0,0.0,0.0
2024-07-02 13:10:00-04:00,40.45000076293945,40.45000076293945,40.45000076293945,40.45000076293945,269,0.0,0.0,0.0
2024-07-02 13:40:00-04:00,40.522499084472656,40.522499084472656,40.522499084472656,40.522499084472656,457,0.0,0.0,0.0
2024-07-02 14:15:00-04:00,40.45000076293945,40.46540069580078,40.38999938964844,40.45439910888672,650,0.0,0.0,0.0
2024-07-02 14:20:00-04:00,40.63999938964844,40.63999938964844,40.63999938964844,40.63999938964844,40,0.0,0.0,0.0
2024-07-02 14:25:00-04:00,40.560001373291016,40.630001068115234,40.560001373291016,40.619998931884766,1309,0.0,0.0,0.0
2024-07-02 14:40:00-04:00,40.529998779296875,40.529998779296875,40.529998779296875,40.529998779296875,156,0.0,0.0,0.0
2024-07-02 14:50:00-04:00,40.54999923706055,40.54999923706055,40.54999923706055,40.54999923706055,401,0.0,0.0,0.0
2024-07-02 15:15:00-04:00,40.560001373291016,40.595001220703125,40.560001373291016,40.595001220703125,493,0.0,0.0,0.0
2024-07-02 15:20:00-04:00,40.619998931884766,40.63999938964844,40.619998931884766,40.63999938964844,231,0.0,0.0,0.0
2024-07-02 15:25:00-04:00,40.560001373291016,40.60150146484375,40.551300048828125,40.551300048828125,1030,0.0,0.0,0.0
2024-07-02 15:30:00-04:00,40.638099670410156,40.63999938964844,40.638099670410156,40.63999938964844,656,0.0,0.0,0.0
2024-07-02 15:40:00-04:00,40.63999938964844,40.63999938964844,40.63999938964844,40.63999938964844,442,0.0,0.0,0.0
2024-07-02 15:50:00-04:00,40.630001068115234,40.709999084472656,40.630001068115234,40.709999084472656,5963,0.0,0.0,0.0
2024-07-03 09:30:00-04:00,40.95000076293945,40.95000076293945,40.95000076293945,40.95000076293945,971,0.0,0.0,0.0
2024-07-03 10:10:00-04:00,41.18000030517578,41.18000030517578,41.18000030517578,41.18000030517578,867,0.0,0.0,0.0
2024-07-03 10:35:00-04:00,41.27669906616211,41.27669906616211,41.18000030517578,41.18000030517578,491,0.0,0.0,0.0
2024-07-03 10:40:00-04:00,41.32830047607422,41.32830047607422,41.32830047607422,41.32830047607422,211,0.0,0.0,0.0
2024-07-03 11:00:00-04:00,41.27000045776367,41.27000045776367,41.27000045776367,41.27000045776367,254,0.0,0.0,0.0
2024-07-03 11:05:00-04:00,41.349998474121094,41.349998474121094,41.290000915527344,41.290000915527344,870,0.0,0.0,0.0
2024-07-03 11:10:00-04:00,41.34000015258789,41.349998474121094,41.34000015258789,41.349998474121094,803,0.0,0.0,0.0
2024-07-03 11:35:00-04:00,41.2599983215332,41.2599983215332,41.2599983215332,41.2599983215332,296,0.0,0.0,0.0
2024-07-03 12:05:00-04:00,41.28499984741211,41.28499984741211,41.28499984741211,41.28499984741211,148,0.0,0.0,0.0
2024-07-03 12:10:00-04:00,41.315399169921875,41.38999938964844,41.315399169921875,41.38999938964844,360,0.0,0.0,0.0
2024-07-03 12:15:00-04:00,41.27000045776367,41.27000045776367,41.27000045776367,41.27000045776367,149,0.0,0.0,0.0
2024-07-03 12:35:00-04:00,41.16999816894531,41.255001068115234,41.16999816894531,41.255001068115234,915,0.0,0.0,0.0
2024-07-03 12:50:00-04:00,41.29999923706055,41.29999923706055,41.244998931884766,41.244998931884766,457,0.0,0.0,0.0
2024-07-05 09:30:00-04:00,41.59000015258789,41.709999084472656,41.56660079956055,41.56660079956055,0,0.0,0.0,0.0
2024-07-05 09:35:00-04:00,41.47999954223633,41.47999954223633,41.47999954223633,41.47999954223633,294,0.0,0.0,0.0
2024-07-05 09:50:00-04:00,41.25,41.25,41.25,41.25,199,0.0,0.0,0.0
2024-07-05 10:00:00-04:00,41.400001525878906,41.400001525878906,41.400001525878906,41.400001525878906,148,0.0,0.0,0.0
2024-07-05 10:20:00-04:00,41.43000030517578,41.43000030517578,41.43000030517578,41.43000030517578,343,0.0,0.0,0.0
2024-07-05 11:00:00-04:00,41.43000030517578,41.485599517822266,41.43000030517578,41.485599517822266,246,0.0,0.0,0.0
2024-07-05 11:10:00-04:00,41.33000183105469,41.43000030517578,41.310001373291016,41.43000030517578,1377,0.0,0.0,0.0
2024-07-05 11:30:00-04:00,41.42499923706055,41.5099983215332,41.42499923706055,41.43000030517578,1188,0.0,0.0,0.0
2024-07-05 11:40:00-04:00,41.36000061035156,41.53310012817383,41.31999969482422,41.53310012817383,2247,0.0,0.0,0.0
2024-07-05 11:50:00-04:00,41.43000030517578,41.43000030517578,41.349998474121094,41.349998474121094,360,0.0,0.0,0.0
2024-07-05 11:55:00-04:00,41.43000030517578,41.52000045776367,41.43000030517578,41.52000045776367,709,0.0,0.0,0.0
2024-07-05 12:10:00-04:00,41.47999954223633,41.47999954223633,41.47999954223633,41.47999954223633,200,0.0,0.0,0.0
2024-07-05 12:20:00-04:00,41.45000076293945,41.45000076293945,41.45000076293945,41.45000076293945,12,0.0,0.0,0.0
2024-07-05 12:25:00-04:00,41.532100677490234,41.532100677490234,41.532100677490234,41.532100677490234,1639,0.0,0.0,0.0
2024-07-05 12:55:00-04:00,41.44499969482422,41.44499969482422,41.44499969482422,41.44499969482422,404,0.0,0.0,0.0
2024-07-05 13:00:00-04:00,41.36399841308594,41.36399841308594,41.36399841308594,41.36399841308594,0,0.0,0.0,0.0
2024-07-05 13:20:00-04:00,41.529998779296875,41.529998779296875,41.529998779296875,41.529998779296875,831,0.0,0.0,0.0
2024-07-05 13:50:00-04:00,41.559898376464844,41.559898376464844,41.559898376464844,41.559898376464844,409,0.0,0.0,0.0
2024-07-05 13:55:00-04:00,41.560001373291016,41.560001373291016,41.560001373291016,41.560001373291016,622,0.0,0.0,0.0
2024-07-05 14:00:00-04:00,41.599998474121094,41.599998474121094,41.599998474121094,41.599998474121094,102,0.0,0.0,0.0
2024-07-05 14:10:00-04:00,41.66999816894531,41.66999816894531,41.650001525878906,41.650001525878906,807,0.0,0.0,0.0
2024-07-05 15:15:00-04:00,41.630001068115234,41.630001068115234,41.630001068115234,41.630001068115234,240,0.0,0.0,0.0
2024-07-05 15:20:00-04:00,41.71500015258789,41.71500015258789,41.71500015258789,41.71500015258789,164,0.0,0.0,0.0
2024-07-05 15:55:00-04:00,41.755001068115234,41.755001068115234,41.755001068115234,41.755001068115234,128,0.0,0.0,0.0
2024-07-08 09:35:00-04:00,41.43000030517578,41.43000030517578,41.43000030517578,41.43000030517578,780,0.0,0.0,0.0
2024-07-08 09:40:00-04:00,41.43000030517578,41.43000030517578,41.43000030517578,41.43000030517578,563,0.0,0.0,0.0
2024-07-08 10:05:00-04:00,41.43000030517578,41.43000030517578,41.43000030517578,41.43000030517578,419,0.0,0.0,0.0
2024-07-08 10:25:00-04:00,41.47999954223633,41.47999954223633,41.47999954223633,41.47999954223633,457,0.0,0.0,0.0
2024-07-08 10:50:00-04:00,41.39500045776367,41.39500045776367,41.39500045776367,41.39500045776367,123,0.0,0.0,0.0
2024-07-08 11:10:00-04:00,41.380001068115234,41.380001068115234,41.380001068115234,41.380001068115234,484,0.0,0.0,0.0
2024-07-08 11:30:00-04:00,41.40999984741211,41.40999984741211,41.40999984741211,41.40999984741211,359,0.0,0.0,0.0
2024-07-08 11:45:00-04:00,41.38999938964844,41.38999938964844,41.355201721191406,41.355201721191406,490,0.0,0.0,0.0
2024-07-08 12:10:00-04:00,41.380001068115234,41.380001068115234,41.36119842529297,41.36119842529297,756,0.0,0.0,0.0
2024-07-08 12:20:00-04:00,41.334999084472656,41.334999084472656,41.290000915527344,41.3130989074707,1733,0.0,0.0,0.0
2024-07-08 13:30:00-04:00,41.38999938964844,41.38999938964844,41.334999084472656,41.334999084472656,550,0.0,0.0,0.0
2024-07-08 14:15:00-04:00,41.400001525878906,41.400001525878906,41.39500045776367,41.39500045776367,393,0.0,0.0,0.0
2024-07-08 14:20:00-04:00,41.334999084472656,41.334999084472656,41.334999084472656,41.334999084472656,334,0.0,0.0,0.0
2024-07-08 14:25:00-04:00,41.40999984741211,41.40999984741211,41.40999984741211,41.40999984741211,390,0.0,0.0,0.0
2024-07-08 15:10:00-04:00,41.470001220703125,41.470001220703125,41.439998626708984,41.439998626708984,360,0.0,0.0,0.0
2024-07-08 15:15:00-04:00,41.439998626708984,41.470001220703125,41.439998626708984,41.439998626708984,1183,0.0,0.0,0.0
2024-07-08 15:25:00-04:00,41.41659927368164,41.41659927368164,41.41659927368164,41.41659927368164,517,0.0,0.0,0.0
2024-07-08 15:50:00-04:00,41.44499969482422,41.44499969482422,41.27000045776367,41.362701416015625,13671,0.0,0.0,0.0
2024-07-08 15:55:00-04:00,41.47999954223633,41.47999954223633,41.47999954223633,41.47999954223633,551,0.0,0.0,0.0
2024-07-09 09:30:00-04:00,41.27000045776367,41.599998474121094,41.27000045776367,41.599998474121094,1196,0.0,0.0,0.0
2024-07-09 09:45:00-04:00,41.459999084472656,41.459999084472656,41.459999084472656,41.459999084472656,1857,0.0,0.0,0.0
2024-07-09 10:50:00-04:00,41.498600006103516,41.498600006103516,41.498600006103516,41.498600006103516,340,0.0,0.0,0.0
2024-07-09 11:10:00-04:00,41.560001373291016,41.560001373291016,41.560001373291016,41.560001373291016,306,0.0,0.0,0.0
2024-07-09 11:15:00-04:00,41.43989944458008,41.43989944458008,41.43989944458008,41.43989944458008,479,0.0,0.0,0.0
2024-07-09 11:20:00-04:00,41.393001556396484,41.393001556396484,41.393001556396484,41.393001556396484,420,0.0,0.0,0.0
2024-07-09 12:35:00-04:00,41.404998779296875,41.404998779296875,41.404998779296875,41.404998779296875,716,0.0,0.0,0.0
2024-07-09 13:00:00-04:00,41.48720169067383,41.48720169067383,41.48720169067383,41.48720169067383,271,0.0,0.0,0.0
2024-07-09 13:25:00-04:00,41.40999984741211,41.40999984741211,41.27009963989258,41.27009963989258,745,0.0,0.0,0.0
2024-07-09 13:55:00-04:00,41.29999923706055,41.29999923706055,41.29999923706055,41.29999923706055,246,0.0,0.0,0.0
2024-07-09 14:25:00-04:00,41.404998779296875,41.404998779296875,41.27009963989258,41.27009963989258,1047,0.0,0.0,0.0
2024-07-09 14:55:00-04:00,41.35100173950195,41.35100173950195,41.35100173950195,41.35100173950195,290,0.0,0.0,0.0
2024-07-09 15:10:00-04:00,41.279998779296875,41.404998779296875,41.279998779296875,41.404998779296875,499,0.0,0.0,0.0
2024-07-09 15:25:00-04:00,41.52989959716797,41.52989959716797,41.52989959716797,41.52989959716797,548,0.0,0.0,0.0
2024-07-09 15:30:00-04:00,41.279998779296875,41.279998779296875,41.279998779296875,41.279998779296875,112,0.0,0.0,0.0
2024-07-09 15:40:00-04:00,41.404998779296875,41.404998779296875,41.404998779296875,41.404998779296875,465,0.0,0.0,0.0
2024-07-10 09:30:00-04:00,41.5,41.5,41.5,41.5,322,0.0,0.0,0.0
2024-07-10 09:35:00-04:00,41.63999938964844,41.63999938964844,41.63999938964844,41.63999938964844,190,0.0,0.0,0.0
2024-07-10 09:40:00-04:00,41.525001525878906,41.525001525878906,41.525001525878906,41.525001525878906,352,0.0,0.0,0.0
2024-07-10 09:50:00-04:00,41.41999816894531,41.41999816894531,41.28099822998047,41.28099822998047,1814,0.0,0.0,0.0
2024-07-10 09:55:00-04:00,41.494998931884766,41.494998931884766,41.494998931884766,41.494998931884766,0,0.0,0.0,0.0
2024-07-10 10:05:00-04:00,41.494998931884766,41.494998931884766,41.494998931884766,41.494998931884766,0,0.0,0.0,0.0
2024-07-10 10:15:00-04:00,41.48109817504883,41.48109817504883,41.48109817504883,41.48109817504883,242,0.0,0.0,0.0
2024-07-10 10:25:00-04:00,41.56999969482422,41.56999969482422,41.494998931884766,41.494998931884766,381,0.0,0.0,0.0
2024-07-10 10:40:00-04:00,41.43000030517578,41.494998931884766,41.279998779296875,41.494998931884766,2093,0.0,0.0,0.0
2024-07-10 10:55:00-04:00,41.43000030517578,41.43000030517578,41.43000030517578,41.43000030517578,548,0.0,0.0,0.0
2024-07-10 11:30:00-04:00,41.472999572753906,41.472999572753906,41.472999572753906,41.472999572753906,252,0.0,0.0,0.0
2024-07-10 11:35:00-04:00,41.529998779296875,41.529998779296875,41.50199890136719,41.50199890136719,1137,0.0,0.0,0.0
2024-07-10 12:20:00-04:00,41.400001525878906,41.400001525878906,41.400001525878906,41.400001525878906,234,0.0,0.0,0.0
2024-07-10 13:00:00-04:00,41.529998779296875,41.529998779296875,41.529998779296875,41.529998779296875,369,0.0,0.0,0.0
2024-07-10 13:35:00-04:00,41.40879821777344,41.40879821777344,41.40879821777344,41.40879821777344,334,0.0,0.0,0.0
2024-07-10 14:05:00-04:00,41.350101470947266,41.350101470947266,41.350101470947266,41.350101470947266,353,0.0,0.0,0.0
2024-07-10 14:40:00-04:00,41.529998779296875,41.529998779296875,41.529998779296875,41.529998779296875,373,0.0,0.0,0.0
2024-07-10 14:55:00-04:00,41.605499267578125,41.605499267578125,41.605499267578125,41.605499267578125,207,0.0,0.0,0.0
2024-07-10 15:00:00-04:00,41.625,41.630001068115234,41.619998931884766,41.630001068115234,706,0.0,0.0,0.0
2024-07-10 15:05:00-04:00,41.56999969482422,41.56999969482422,41.38999938964844,41.38999938964844,967,0.0,0.0,0.0
2024-07-10 15:30:00-04:00,41.330101013183594,41.330101013183594,41.330101013183594,41.330101013183594,241,0.0,0.0,0.0
2024-07-10 15:40:00-04:00,41.560001373291016,41.560001373291016,41.560001373291016,41.560001373291016,583,0.0,0.0,0.0
2024-07-11 09:30:00-04:00,41.849998474121094,41.849998474121094,41.849998474121094,41.849998474121094,0,0.0,0.0,0.0
2024-07-11 09:45:00-04:00,41.89720153808594,42.02000045776367,41.89720153808594,42.02000045776367,786,0.0,0.0,0.0
2024-07-11 10:30:00-04:00,41.80009841918945,41.80009841918945,41.80009841918945,41.80009841918945,182,0.0,0.0,0.0
2024-07-11 10:35:00-04:00,41.98320007324219,41.98320007324219,41.98320007324219,41.98320007324219,626,0.0,0.0,0.0
2024-07-11 10:45:00-04:00,42.02000045776367,42.02000045776367,41.974998474121094,41.974998474121094,370,0.0,0.0,0.0
2024-07-11 10:55:00-04:00,42.029998779296875,42.029998779296875,42.029998779296875,42.029998779296875,640,0.0,0.0,0.0
2024-07-11 11:00:00-04:00,41.948699951171875,41.948699951171875,41.948699951171875,41.948699951171875,0,0.0,0.0,0.0
2024-07-11 11:30:00-04:00,41.97999954223633,42.150001525878906,41.941001892089844,41.941001892089844,8087,0.0,0.0,0.0
2024-07-11 11:55:00-04:00,42.02000045776367,42.13999938964844,41.994998931884766,41.994998931884766,1749,0.0,0.0,0.0
2024-07-11 12:30:00-04:00,41.939998626708984,42.15999984741211,41.939998626708984,42.15999984741211,733,0.0,0.0,0.0
2024-07-11 12:45:00-04:00,41.96900177001953,41.96900177001953,41.96900177001953,41.96900177001953,363,0.0,0.0,0.0
2024-07-11 12:55:00-04:00,41.900001525878906,41.900001525878906,41.900001525878906,41.900001525878906,818,0.0,0.0,0.0
2024-07-11 13:05:00-04:00,42.04999923706055,42.04999923706055,42.04999923706055,42.04999923706055,341,0.0,0.0,0.0
2024-07-11 13:55:00-04:00,41.849998474121094,42.02009963989258,41.849998474121094,42.02009963989258,419,0.0,0.0,0.0
2024-07-11 14:10:00-04:00,41.994300842285156,41.994300842285156,41.994300842285156,41.994300842285156,191,0.0,0.0,0.0
2024-07-11 14:30:00-04:00,42.070899963378906,42.070899963378906,42.070899963378906,42.070899963378906,341,0.0,0.0,0.0
2024-07-11 14:35:00-04:00,42.04499816894531,42.04499816894531,42.04499816894531,42.04499816894531,138,0.0,0.0,0.0
2024-07-11 14:45:00-04:00,41.810001373291016,41.810001373291016,41.810001373291016,41.810001373291016,232,0.0,0.0,0.0
2024-07-11 14:55:00-04:00,41.91630172729492,41.91630172729492,41.91630172729492,41.91630172729492,257,0.0,0.0,0.0
2024-07-11 15:15:00-04:00,41.80009841918945,41.80009841918945,41.80009841918945,41.80009841918945,446,0.0,0.0,0.0
2024-07-11 15:20:00-04:00,41.959999084472656,42.025001525878906,41.959999084472656,42.025001525878906,543,0.0,0.0,0.0
2024-07-11 15:30:00-04:00,42.029998779296875,42.029998779296875,42.029998779296875,42.029998779296875,1236,0.0,0.0,0.0
2024-07-11 15:35:00-04:00,41.869998931884766,41.989200592041016,41.849998474121094,41.989200592041016,549,0.0,0.0,0.0
2024-07-11 15:40:00-04:00,42.01900100708008,42.01900100708008,41.81010055541992,41.81010055541992,969,0.0,0.0,0.0
2024-07-11 15:55:00-04:00,41.869998931884766,41.869998931884766,41.83000183105469,41.83000183105469,11162,0.0,0.0,0.0
2024-07-12 09:30:00-04:00,42.08000183105469,42.08000183105469,42.08000183105469,42.08000183105469,592,0.0,0.0,0.0
2024-07-12 09:40:00-04:00,42.03499984741211,42.03499984741211,42.03499984741211,42.03499984741211,457,0.0,0.0,0.0
2024-07-12 09:55:00-04:00,42.03499984741211,42.19110107421875,42.03499984741211,42.19110107421875,416,0.0,0.0,0.0
2024-07-12 10:05:00-04:00,42.13999938964844,42.20000076293945,42.13999938964844,42.150001525878906,472,0.0,0.0,0.0
2024-07-12 10:20:00-04:00,42.2599983215332,42.2599983215332,42.239898681640625,42.239898681640625,1274,0.0,0.0,0.0
2024-07-12 10:25:00-04:00,41.9900016784668,42.15650177001953,41.95000076293945,42.15650177001953,911,0.0,0.0,0.0
2024-07-12 11:05:00-04:00,42.12160110473633,42.12160110473633,42.03499984741211,42.03499984741211,405,0.0,0.0,0.0
2024-07-12 11:15:00-04:00,42.119998931884766,42.119998931884766,42.03499984741211,42.03499984741211,383,0.0,0.0,0.0
2024-07-12 11:20:00-04:00,41.959999084472656,42.22990036010742,41.959999084472656,42.22990036010742,637,0.0,0.0,0.0
2024-07-12 11:25:00-04:00,42.119998931884766,42.119998931884766,42.119998931884766,42.119998931884766,138,0.0,0.0,0.0
2024-07-12 11:30:00-04:00,41.849998474121094,42.08250045776367,41.849998474121094,42.08250045776367,429,0.0,0.0,0.0
2024-07-12 11:45:00-04:00,42.119998931884766,42.18000030517578,42.119998931884766,42.18000030517578,650,0.0,0.0,0.0
2024-07-12 12:00:00-04:00,42.06039810180664,42.06039810180664,42.06039810180664,42.06039810180664,234,0.0,0.0,0.0
2024-07-12 12:20:00-04:00,41.849998474121094,41.849998474121094,41.849998474121094,41.849998474121094,595,0.0,0.0,0.0
2024-07-12 12:40:00-04:00,41.8400993347168,41.8400993347168,41.8400993347168,41.8400993347168,1223,0.0,0.0,0.0
2024-07-12 12:45:00-04:00,42.22999954223633,42.22999954223633,42.119998931884766,42.119998931884766,575,0.0,0.0,0.0
2024-07-12 12:55:00-04:00,42.02909851074219,42.02909851074219,42.02909851074219,42.02909851074219,164,0.0,0.0,0.0
2024-07-12 13:15:00-04:00,42.150001525878906,42.150001525878906,42.150001525878906,42.150001525878906,641,0.0,0.0,0.0
2024-07-12 13:20:00-04:00,42.12009811401367,42.12009811401367,42.12009811401367,42.12009811401367,485,0.0,0.0,0.0
2024-07-12 13:55:00-04:00,42.105499267578125,42.105499267578125,42.105499267578125,42.105499267578125,106,0.0,0.0,0.0
2024-07-12 14:00:00-04:00,42.17499923706055,42.17499923706055,42.17499923706055,42.17499923706055,111,0.0,0.0,0.0
2024-07-12 14:25:00-04:00,42.150001525878906,42.150001525878906,42.150001525878906,42.150001525878906,200,0.0,0.0,0.0
2024-07-12 14:30:00-04:00,42.12409973144531,42.12409973144531,42.12409973144531,42.12409973144531,71,0.0,0.0,0.0
2024-07-12 14:45:00-04:00,42.10689926147461,42.10689926147461,42.10689926147461,42.10689926147461,298,0.0,0.0,0.0
2024-07-12 14:55:00-04:00,42.15010070800781,42.15010070800781,42.15010070800781,42.15010070800781,458,0.0,0.0,0.0
2024-07-12 15:35:00-04:00,42.147499084472656,42.18550109863281,42.147499084472656,42.18550109863281,642,0.0,0.0,0.0
2024-07-12 15:45:00-04:00,42.16999816894531,42.16999816894531,42.154998779296875,42.154998779296875,444,0.0,0.0,0.0
2024-07-15 09:45:00-04:00,41.76900100708008,41.76900100708008,41.76900100708008,41.76900100708008,551,0.0,0.0,0.0
2024-07-15 09:50:00-04:00,41.87910079956055,41.87910079956055,41.87910079956055,41.87910079956055,125,0.0,0.0,0.0
2024-07-15 10:10:00-04:00,41.91999816894531,41.91999816894531,41.91999816894531,41.91999816894531,224,0.0,0.0,0.0
2024-07-15 10:15:00-04:00,41.79499816894531,41.79499816894531,41.79499816894531,41.79499816894531,308,0.0,0.0,0.0
2024-07-15 10:40:00-04:00,41.79999923706055,41.79999923706055,41.79999923706055,41.79999923706055,350,0.0,0.0,0.0
2024-07-15 11:00:00-04:00,41.96989822387695,41.96989822387695,41.96989822387695,41.96989822387695,1470,0.0,0.0,0.0
2024-07-15 11:15:00-04:00,41.935001373291016,41.935001373291016,41.935001373291016,41.935001373291016,287,0.0,0.0,0.0
2024-07-15 11:40:00-04:00,41.935001373291016,41.935001373291016,41.935001373291016,41.935001373291016,638,0.0,0.0,0.0
2024-07-15 12:35:00-04:00,41.94969940185547,42.05500030517578,41.94969940185547,42.05500030517578,1599,0.0,0.0,0.0
2024-07-15 12:40:00-04:00,42.067298889160156,42.209999084472656,42.067298889160156,42.209999084472656,2892,0.0,0.0,0.0
2024-07-15 12:50:00-04:00,42.0,42.0,41.79999923706055,41.98500061035156,3795,0.0,0.0,0.0
2024-07-15 12:55:00-04:00,41.94049835205078,42.20000076293945,41.94049835205078,42.20000076293945,315,0.0,0.0,0.0
2024-07-15 13:10:00-04:00,41.97999954223633,41.97999954223633,41.97999954223633,41.97999954223633,500,0.0,0.0,0.0
2024-07-15 13:20:00-04:00,41.80500030517578,41.980098724365234,41.79999923706055,41.980098724365234,417,0.0,0.0,0.0
2024-07-15 13:40:00-04:00,41.959999084472656,41.959999084472656,41.959999084472656,41.959999084472656,369,0.0,0.0,0.0
2024-07-15 13:45:00-04:00,41.88999938964844,41.88999938964844,41.88999938964844,41.88999938964844,213,0.0,0.0,0.0
2024-07-15 13:50:00-04:00,41.7400016784668,41.7400016784668,41.7400016784668,41.7400016784668,762,0.0,0.0,0.0
2024-07-15 14:50:00-04:00,41.7400016784668,41.885101318359375,41.7400016784668,41.885101318359375,292,0.0,0.0,0.0
2024-07-15 15:00:00-04:00,41.82929992675781,41.82929992675781,41.82929992675781,41.82929992675781,335,0.0,0.0,0.0
2024-07-15 15:25:00-04:00,41.935001373291016,41.935001373291016,41.935001373291016,41.935001373291016,832,0.0,0.0,0.0
2024-07-15 15:35:00-04:00,41.84000015258789,41.84000015258789,41.82500076293945,41.82500076293945,324,0.0,0.0,0.0
2024-07-15 15:45:00-04:00,41.861000061035156,41.88010025024414,41.861000061035156,41.88010025024414,653,0.0,0.0,0.0
2024-07-16 09:30:00-04:00,41.790000915527344,41.81999969482422,41.790000915527344,41.81999969482422,387,0.0,0.0,0.0
2024-07-16 10:10:00-04:00,42.09000015258789,42.09000015258789,42.09000015258789,42.09000015258789,1041,0.0,0.0,0.0
2024-07-16 10:20:00-04:00,42.03810119628906,42.03810119628906,42.03810119628906,42.03810119628906,958,0.0,0.0,0.0
2024-07-16 11:50:00-04:00,41.994998931884766,41.994998931884766,41.994998931884766,41.994998931884766,2227,0.0,0.0,0.0
2024-07-16 12:05:00-04:00,42.099998474121094,42.099998474121094,42.099998474121094,42.099998474121094,372,0.0,0.0,0.0
2024-07-16 12:10:00-04:00,42.209999084472656,42.209999084472656,42.209999084472656,42.209999084472656,831,0.0,0.0,0.0
2024-07-16 12:15:00-04:00,42.08000183105469,42.099998474121094,42.08000183105469,42.099998474121094,433,0.0,0.0,0.0
2024-07-16 12:20:00-04:00,42.20989990234375,42.20989990234375,42.20989990234375,42.20989990234375,236,0.0,0.0,0.0
2024-07-16 12:35:00-04:00,41.999900817871094,41.999900817871094,41.999900817871094,41.999900817871094,227,0.0,0.0,0.0
2024-07-16 12:40:00-04:00,42.0,42.0,42.0,42.0,226,0.0,0.0,0.0
2024-07-16 12:45:00-04:00,42.0,42.0,42.0,42.0,5000,0.0,0.0,0.0
2024-07-16 13:25:00-04:00,42.0,42.0,42.0,42.0,0,0.0,0.0,0.0
2024-07-16 13:45:00-04:00,42.099998474121094,42.11000061035156,42.010501861572266,42.11000061035156,2826,0.0,0.0,0.0
2024-07-16 14:15:00-04:00,42.029998779296875,42.029998779296875,42.029998779296875,42.029998779296875,163,0.0,0.0,0.0
2024-07-16 14:35:00-04:00,42.15999984741211,42.189998626708984,42.12590026855469,42.12590026855469,1871,0.0,0.0,0.0
2024-07-16 14:40:00-04:00,42.08000183105469,42.20000076293945,42.08000183105469,42.20000076293945,1073,0.0,0.0,0.0
2024-07-16 14:45:00-04:00,42.10499954223633,42.10499954223633,42.10499954223633,42.10499954223633,402,0.0,0.0,0.0
2024-07-16 14:50:00-04:00,42.10499954223633,42.10499954223633,42.10499954223633,42.10499954223633,428,0.0,0.0,0.0
2024-07-16 15:05:00-04:00,42.154998779296875,42.154998779296875,42.09000015258789,42.09000015258789,1179,0.0,0.0,0.0
2024-07-16 15:15:00-04:00,42.040000915527344,42.040000915527344,42.040000915527344,42.040000915527344,781,0.0,0.0,0.0
2024-07-17 09:30:00-04:00,41.900001525878906,41.9900016784668,41.900001525878906,41.9900016784668,1079,0.0,0.0,0.0
2024-07-17 09:45:00-04:00,41.9900016784668,42.09000015258789,41.900001525878906,41.900001525878906,1813,0.0,0.0,0.0
2024-07-17 10:00:00-04:00,41.939998626708984,41.939998626708984,41.939998626708984,41.939998626708984,123,0.0,0.0,0.0
2024-07-17 10:05:00-04:00,41.95000076293945,41.95000076293945,41.91999816894531,41.91999816894531,596,0.0,0.0,0.0
2024-07-17 10:15:00-04:00,41.782501220703125,41.782501220703125,41.782501220703125,41.782501220703125,269,0.0,0.0,0.0
2024-07-17 10:30:00-04:00,41.9900016784668,41.9900016784668,41.9900016784668,41.9900016784668,342,0.0,0.0,0.0
2024-07-17 11:10:00-04:00,42.032100677490234,42.032100677490234,41.900001525878906,41.900001525878906,1666,0.0,0.0,0.0
2024-07-17 11:40:00-04:00,42.12990188598633,42.12990188598633,42.12990188598633,42.12990188598633,710,0.0,0.0,0.0
2024-07-17 11:45:00-04:00,41.83409881591797,41.83409881591797,41.83409881591797,41.83409881591797,550,0.0,0.0,0.0
2024-07-17 12:05:00-04:00,41.939998626708984,41.939998626708984,41.939998626708984,41.939998626708984,131,0.0,0.0,0.0
2024-07-17 12:10:00-04:00,41.84000015258789,41.84000015258789,41.84000015258789,41.84000015258789,114,0.0,0.0,0.0
2024-07-17 12:25:00-04:00,41.84199905395508,41.84199905395508,41.84199905395508,41.84199905395508,647,0.0,0.0,0.0
2024-07-17 12:55:00-04:00,41.8588981628418,41.8588981628418,41.8588981628418,41.8588981628418,200,0.0,0.0,0.0
2024-07-17 13:00:00-04:00,41.90169906616211,41.90169906616211,41.90169906616211,41.90169906616211,129,0.0,0.0,0.0
2024-07-17 13:30:00-04:00,41.93939971923828,41.93939971923828,41.93939971923828,41.93939971923828,947,0.0,0.0,0.0
2024-07-17 13:40:00-04:00,41.7599983215332,41.7599983215332,41.70000076293945,41.70000076293945,1135,0.0,0.0,0.0
2024-07-17 14:10:00-04:00,41.99409866333008,41.99409866333008,41.880001068115234,41.880001068115234,3386,0.0,0.0,0.0
2024-07-17 14:45:00-04:00,41.939998626708984,41.939998626708984,41.9208984375,41.9208984375,1156,0.0,0.0,0.0
2024-07-17 15:20:00-04:00,41.70000076293945,41.72999954223633,41.70000076293945,41.720001220703125,1895,0.0,0.0,0.0
2024-07-17 15:40:00-04:00,41.8849983215332,41.8849983215332,41.8849983215332,41.8849983215332,912,0.0,0.0,0.0
2024-07-18 09:30:00-04:00,41.810001373291016,41.810001373291016,41.810001373291016,41.810001373291016,538,0.0,0.0,0.0
2024-07-18 10:10:00-04:00,41.849998474121094,41.849998474121094,41.849998474121094,41.849998474121094,207,0.0,0.0,0.0
2024-07-18 10:15:00-04:00,41.70500183105469,41.970001220703125,41.70500183105469,41.88999938964844,1807,0.0,0.0,0.0
2024-07-18 10:20:00-04:00,41.849998474121094,42.0098991394043,41.849998474121094,42.0098991394043,1655,0.0,0.0,0.0
2024-07-18 10:25:00-04:00,41.849998474121094,41.849998474121094,41.849998474121094,41.849998474121094,0,0.0,0.0,0.0
2024-07-18 10:30:00-04:00,41.7400016784668,41.902801513671875,41.7400016784668,41.902801513671875,886,0.0,0.0,0.0
2024-07-18 10:35:00-04:00,41.720001220703125,41.720001220703125,41.689998626708984,41.694801330566406,710,0.0,0.0,0.0
2024-07-18 10:40:00-04:00,41.689998626708984,41.689998626708984,41.689998626708984,41.689998626708984,616,0.0,0.0,0.0
2024-07-18 10:45:00-04:00,41.56999969482422,41.56999969482422,41.56999969482422,41.56999969482422,394,0.0,0.0,0.0
2024-07-18 10:55:00-04:00,41.5,41.5099983215332,41.4900016784668,41.4900016784668,1159,0.0,0.0,0.0
2024-07-18 11:25:00-04:00,41.68000030517578,41.709999084472656,41.66999816894531,41.66999816894531,763,0.0,0.0,0.0
2024-07-18 12:25:00-04:00,41.53499984741211,41.53499984741211,41.53499984741211,41.53499984741211,200,0.0,0.0,0.0
2024-07-18 12:30:00-04:00,41.630001068115234,41.630001068115234,41.53499984741211,41.53499984741211,131,0.0,0.0,0.0
2024-07-18 12:35:00-04:00,41.53499984741211,41.53499984741211,41.53499984741211,41.53499984741211,328,0.0,0.0,0.0
2024-07-18 12:45:00-04:00,41.643001556396484,41.643001556396484,41.643001556396484,41.643001556396484,258,0.0,0.0,0.0
2024-07-18 12:50:00-04:00,41.4900016784668,41.75,41.4900016784668,41.75,1369,0.0,0.0,0.0
2024-07-18 12:55:00-04:00,41.53499984741211,41.619998931884766,41.53499984741211,41.53499984741211,81,0.0,0.0,0.0
2024-07-18 13:00:00-04:00,41.75,41.75,41.53499984741211,41.53499984741211,352,0.0,0.0,0.0
2024-07-18 13:10:00-04:00,41.440101623535156,41.440101623535156,41.440101623535156,41.440101623535156,345,0.0,0.0,0.0
2024-07-18 13:20:00-04:00,41.630001068115234,41.630001068115234,41.53499984741211,41.53499984741211,287,0.0,0.0,0.0
2024-07-18 13:25:00-04:00,41.53499984741211,41.53499984741211,41.53499984741211,41.53499984741211,432,0.0,0.0,0.0
2024-07-18 13:40:00-04:00,41.53499984741211,41.53499984741211,41.53499984741211,41.53499984741211,218,0.0,0.0,0.0
2024-07-18 14:10:00-04:00,41.505001068115234,41.505001068115234,41.505001068115234,41.505001068115234,161,0.0,0.0,0.0
2024-07-18 14:15:00-04:00,41.36000061035156,41.36000061035156,41.33000183105469,41.33000183105469,2077,0.0,0.0,0.0
2024-07-18 14:20:00-04:00,41.4010009765625,41.439998626708984,41.4010009765625,41.41999816894531,1016,0.0,0.0,0.0
2024-07-18 14:35:00-04:00,41.380001068115234,41.52000045776367,41.380001068115234,41.439998626708984,973,0.0,0.0,0.0
2024-07-18 15:05:00-04:00,41.2599983215332,41.410099029541016,41.2599983215332,41.410099029541016,342,0.0,0.0,0.0
2024-07-18 15:10:00-04:00,41.27000045776367,41.27000045776367,41.220001220703125,41.27000045776367,1001,0.0,0.0,0.0
2024-07-18 15:20:00-04:00,41.41680145263672,41.41680145263672,41.30099868774414,41.30099868774414,1964,0.0,0.0,0.0
2024-07-18 15:35:00-04:00,41.40999984741211,41.40999984741211,41.40999984741211,41.40999984741211,2349,0.0,0.0,0.0
2024-07-18 15:55:00-04:00,41.41999816894531,41.41999816894531,41.41999816894531,41.41999816894531,878,0.0,0.0,0.0
2024-07-19 09:30:00-04:00,41.33000183105469,41.33000183105469,41.33000183105469,41.33000183105469,914,0.0,0.0,0.0
2024-07-19 10:15:00-04:00,41.44599914550781,41.44599914550781,41.44599914550781,41.44599914550781,588,0.0,0.0,0.0
2024-07-19 11:25:00-04:00,41.345001220703125,41.345001220703125,41.345001220703125,41.345001220703125,157,0.0,0.0,0.0
2024-07-19 11:30:00-04:00,41.244998931884766,41.244998931884766,41.244998931884766,41.244998931884766,265,0.0,0.0,0.0
2024-07-19 11:45:00-04:00,41.23939895629883,41.23939895629883,41.23939895629883,41.23939895629883,398,0.0,0.0,0.0
2024-07-19 12:15:00-04:00,41.22999954223633,41.22999954223633,41.20000076293945,41.20000076293945,572,0.0,0.0,0.0
2024-07-19 13:20:00-04:00,41.28499984741211,41.28499984741211,41.28499984741211,41.28499984741211,542,0.0,0.0,0.0
2024-07-19 13:25:00-04:00,41.220001220703125,41.345001220703125,41.20000076293945,41.33000183105469,1520,0.0,0.0,0.0
2024-07-19 13:30:00-04:00,41.209999084472656,41.209999084472656,41.20000076293945,41.20000076293945,99,0.0,0.0,0.0
2024-07-19 13:35:00-04:00,41.32500076293945,41.32500076293945,41.32500076293945,41.32500076293945,515,0.0,0.0,0.0
2024-07-19 14:05:00-04:00,41.38050079345703,41.38050079345703,41.38050079345703,41.38050079345703,603,0.0,0.0,0.0
2024-07-19 15:30:00-04:00,41.099998474121094,41.21500015258789,41.099998474121094,41.21500015258789,375,0.0,0.0,0.0
2024-07-19 15:40:00-04:00,41.21500015258789,41.21500015258789,41.21500015258789,41.21500015258789,254,0.0,0.0,0.0
2024-07-19 15:50:00-04:00,41.279998779296875,41.33000183105469,41.279998779296875,41.33000183105469,564,0.0,0.0,0.0
