Datetime,Open,High,Low,Close,Volume,Dividends,Stock Splits
2024-06-20 09:30:00-04:00,33.099998474121094,33.099998474121094,33.099998474121094,33.099998474121094,1113,0.0,0.0
2024-06-20 09:40:00-04:00,34.494998931884766,34.86000061035156,34.029998779296875,34.0525016784668,2206,0.0,0.0
2024-06-20 09:50:00-04:00,33.7599983215332,33.7599983215332,33.5099983215332,33.5099983215332,1446,0.0,0.0
2024-06-20 10:00:00-04:00,34.60710144042969,34.60710144042969,34.60710144042969,34.60710144042969,1507,0.0,0.0
2024-06-20 10:05:00-04:00,34.13999938964844,34.13999938964844,34.13999938964844,34.13999938964844,2891,0.0,0.0
2024-06-20 10:50:00-04:00,33.61220169067383,34.11000061035156,33.61220169067383,34.11000061035156,2273,0.0,0.0
2024-06-20 11:00:00-04:00,33.84000015258789,34.119998931884766,33.84000015258789,34.119998931884766,3074,0.0,0.0
2024-06-20 11:15:00-04:00,35.06769943237305,35.06769943237305,35.06769943237305,35.06769943237305,477,0.0,0.0
2024-06-20 11:20:00-04:00,34.53200149536133,34.53200149536133,34.255001068115234,34.255001068115234,2449,0.0,0.0
2024-06-20 12:20:00-04:00,34.060001373291016,34.060001373291016,33.5,33.797298431396484,2972,0.0,0.0
2024-06-20 12:25:00-04:00,33.865501403808594,34.36000061035156,33.77560043334961,34.0099983215332,2699,0.0,0.0
2024-06-20 12:30:00-04:00,34.08000183105469,34.08000183105469,33.9900016784668,34.0,2410,0.0,0.0
2024-06-20 12:35:00-04:00,34.21500015258789,34.21500015258789,34.029998779296875,34.029998779296875,545,0.0,0.0
2024-06-20 12:40:00-04:00,34.36000061035156,34.36000061035156,34.36000061035156,34.36000061035156,962,0.0,0.0
2024-06-20 13:00:00-04:00,34.0181999206543,34.314998626708984,34.0181999206543,34.310001373291016,17592,0.0,0.0
2024-06-20 13:05:00-04:00,33.93000030517578,34.099998474121094,33.90999984741211,33.90999984741211,1738,0.0,0.0
2024-06-20 13:15:00-04:00,34.189998626708984,34.310001373291016,34.189998626708984,34.310001373291016,1235,0.0,0.0
2024-06-20 13:25:00-04:00,34.630001068115234,34.630001068115234,34.630001068115234,34.630001068115234,504,0.0,0.0
2024-06-20 13:30:00-04:00,34.61000061035156,34.61000061035156,34.61000061035156,34.61000061035156,2244,0.0,0.0
2024-06-20 13:55:00-04:00,34.5,34.7400016784668,34.45000076293945,34.70000076293945,3537,0.0,0.0
2024-06-20 14:20:00-04:00,34.6150016784668,34.6150016784668,34.6150016784668,34.6150016784668,168,0.0,0.0
2024-06-20 14:30:00-04:00,34.80500030517578,34.80500030517578,34.80500030517578,34.80500030517578,533,0.0,0.0
2024-06-20 14:50:00-04:00,34.974998474121094,34.974998474121094,34.939998626708984,34.939998626708984,677,0.0,0.0
2024-06-20 15:00:00-04:00,34.96500015258789,34.9900016784668,34.96500015258789,34.9900016784668,2216,0.0,0.0
2024-06-20 15:20:00-04:00,34.98500061035156,34.98500061035156,34.974998474121094,34.974998474121094,1090,0.0,0.0
2024-06-20 15:30:00-04:00,34.630001068115234,34.630001068115234,34.630001068115234,34.630001068115234,1015,0.0,0.0
2024-06-20 15:35:00-04:00,34.630001068115234,34.630001068115234,34.630001068115234,34.630001068115234,891,0.0,0.0
2024-06-20 15:40:00-04:00,34.72999954223633,34.72999954223633,34.72999954223633,34.72999954223633,702,0.0,0.0
2024-06-20 15:45:00-04:00,34.67499923706055,34.68000030517578,34.529998779296875,34.68000030517578,2991,0.0,0.0
2024-06-20 15:50:00-04:00,34.83000183105469,34.84000015258789,34.7400016784668,34.83000183105469,3801,0.0,0.0
2024-06-20 15:55:00-04:00,35.65999984741211,35.970001220703125,35.65999984741211,35.849998474121094,6379,0.0,0.0
2024-06-21 09:30:00-04:00,35.59000015258789,35.59000015258789,34.81999969482422,34.81999969482422,1601,0.0,0.0
2024-06-21 09:35:00-04:00,34.051998138427734,36.36000061035156,34.051998138427734,36.29999923706055,3723,0.0,0.0
2024-06-21 09:40:00-04:00,36.29999923706055,37.630001068115234,36.25,37.630001068115234,2081,0.0,0.0
2024-06-21 09:45:00-04:00,39.06999969482422,39.44390106201172,38.150001525878906,38.880001068115234,4731,0.0,0.0
2024-06-21 09:50:00-04:00,38.88999938964844,39.4900016784668,37.15999984741211,37.31740188598633,3396,0.0,0.0
2024-06-21 09:55:00-04:00,37.099998474121094,37.25,37.099998474121094,37.25,1326,0.0,0.0
2024-06-21 10:05:00-04:00,36.41999816894531,36.41999816894531,36.41999816894531,36.41999816894531,306,0.0,0.0
2024-06-21 10:15:00-04:00,36.020301818847656,36.020301818847656,36.020301818847656,36.020301818847656,1527,0.0,0.0
2024-06-21 10:20:00-04:00,36.75,36.75,36.75,36.75,317,0.0,0.0
2024-06-21 10:25:00-04:00,37.15999984741211,37.15999984741211,37.15999984741211,37.15999984741211,1595,0.0,0.0
2024-06-21 10:35:00-04:00,38.27000045776367,38.27000045776367,37.529998779296875,37.529998779296875,2411,0.0,0.0
2024-06-21 10:50:00-04:00,38.150001525878906,38.150001525878906,38.150001525878906,38.150001525878906,533,0.0,0.0
2024-06-21 10:55:00-04:00,38.11000061035156,38.619998931884766,38.11000061035156,38.619998931884766,1562,0.0,0.0
2024-06-21 11:00:00-04:00,38.27000045776367,38.27000045776367,37.880001068115234,37.880001068115234,1161,0.0,0.0
2024-06-21 11:20:00-04:00,38.433998107910156,38.433998107910156,38.433998107910156,38.433998107910156,744,0.0,0.0
2024-06-21 11:35:00-04:00,37.88999938964844,37.91999816894531,37.88999938964844,37.91999816894531,957,0.0,0.0
2024-06-21 12:05:00-04:00,37.209999084472656,37.43000030517578,36.500099182128906,36.66659927368164,5059,0.0,0.0
2024-06-21 12:10:00-04:00,37.04999923706055,37.04999923706055,36.33000183105469,36.33000183105469,566,0.0,0.0
2024-06-21 12:15:00-04:00,36.360198974609375,36.360198974609375,35.810001373291016,35.884498596191406,1123,0.0,0.0
2024-06-21 12:20:00-04:00,35.61000061035156,36.31999969482422,35.5,35.5,2003,0.0,0.0
2024-06-21 12:25:00-04:00,35.34000015258789,36.11000061035156,35.060001373291016,35.779998779296875,2377,0.0,0.0
2024-06-21 12:30:00-04:00,34.82320022583008,34.82320022583008,34.82320022583008,34.82320022583008,261,0.0,0.0
2024-06-21 12:35:00-04:00,34.65999984741211,35.310001373291016,34.600101470947266,34.600101470947266,2740,0.0,0.0
2024-06-21 12:40:00-04:00,34.33000183105469,35.09000015258789,34.33000183105469,34.40010070800781,766,0.0,0.0
2024-06-21 12:45:00-04:00,34.599998474121094,34.599998474121094,34.595001220703125,34.595001220703125,1024,0.0,0.0
2024-06-21 12:50:00-04:00,34.11000061035156,34.43000030517578,34.0099983215332,34.27450180053711,2691,0.0,0.0
2024-06-21 12:55:00-04:00,34.36000061035156,34.43199920654297,34.0,34.38999938964844,6609,0.0,0.0
2024-06-21 13:00:00-04:00,34.08000183105469,34.38079833984375,34.08000183105469,34.099998474121094,1164,0.0,0.0
2024-06-21 13:05:00-04:00,34.459999084472656,34.470001220703125,34.459999084472656,34.470001220703125,1442,0.0,0.0
2024-06-21 13:10:00-04:00,34.41999816894531,34.470001220703125,34.34000015258789,34.43000030517578,3821,0.0,0.0
2024-06-21 13:30:00-04:00,34.31999969482422,34.31999969482422,34.31999969482422,34.31999969482422,1685,0.0,0.0
2024-06-21 13:35:00-04:00,33.83000183105469,33.83000183105469,33.83000183105469,33.83000183105469,421,0.0,0.0
2024-06-21 13:40:00-04:00,34.0,34.0,34.0,34.0,904,0.0,0.0
2024-06-21 13:50:00-04:00,33.439998626708984,33.439998626708984,33.439998626708984,33.439998626708984,303,0.0,0.0
2024-06-21 13:55:00-04:00,33.95000076293945,34.029998779296875,33.88999938964844,33.9900016784668,3839,0.0,0.0
2024-06-21 14:45:00-04:00,34.43000030517578,34.45000076293945,34.43000030517578,34.45000076293945,2637,0.0,0.0
2024-06-21 15:15:00-04:00,33.8213996887207,33.8213996887207,33.8213996887207,33.8213996887207,280,0.0,0.0
2024-06-21 15:20:00-04:00,34.29999923706055,34.29999923706055,34.29999923706055,34.29999923706055,1145,0.0,0.0
2024-06-21 15:25:00-04:00,34.43000030517578,34.60499954223633,34.22999954223633,34.22999954223633,3614,0.0,0.0
2024-06-21 15:35:00-04:00,34.46500015258789,34.46500015258789,34.46500015258789,34.46500015258789,2357,0.0,0.0
2024-06-21 15:45:00-04:00,34.470001220703125,34.470001220703125,34.20000076293945,34.20000076293945,3896,0.0,0.0
2024-06-21 15:50:00-04:00,34.33000183105469,36.0,34.33000183105469,36.0,6894,0.0,0.0
2024-06-21 15:55:00-04:00,35.439998626708984,35.439998626708984,34.77000045776367,35.31999969482422,6518,0.0,0.0
2024-06-24 09:30:00-04:00,35.400001525878906,35.400001525878906,35.400001525878906,35.400001525878906,1567,0.0,0.0
2024-06-24 09:50:00-04:00,36.38999938964844,36.400001525878906,36.38999938964844,36.400001525878906,1696,0.0,0.0
2024-06-24 10:20:00-04:00,36.91999816894531,36.97999954223633,36.91999816894531,36.97999954223633,283,0.0,0.0
2024-06-24 10:25:00-04:00,36.41999816894531,36.41999816894531,36.41999816894531,36.41999816894531,1189,0.0,0.0
2024-06-24 10:40:00-04:00,36.29999923706055,36.63999938964844,36.29999923706055,36.63999938964844,1657,0.0,0.0
2024-06-24 10:50:00-04:00,36.459999084472656,36.459999084472656,36.459999084472656,36.459999084472656,967,0.0,0.0
2024-06-24 10:55:00-04:00,36.939998626708984,36.939998626708984,36.68000030517578,36.68000030517578,1627,0.0,0.0
2024-06-24 11:05:00-04:00,37.63999938964844,37.63999938964844,37.34000015258789,37.34000015258789,2680,0.0,0.0
2024-06-24 11:10:00-04:00,37.66999816894531,37.66999816894531,37.439998626708984,37.439998626708984,906,0.0,0.0
2024-06-24 11:15:00-04:00,36.970001220703125,37.290000915527344,36.970001220703125,37.290000915527344,788,0.0,0.0
2024-06-24 11:25:00-04:00,37.45000076293945,37.45000076293945,37.45000076293945,37.45000076293945,573,0.0,0.0
2024-06-24 11:35:00-04:00,37.090999603271484,37.220001220703125,37.090999603271484,37.150001525878906,978,0.0,0.0
2024-06-24 11:45:00-04:00,37.53620147705078,37.53620147705078,37.53620147705078,37.53620147705078,662,0.0,0.0
2024-06-24 11:50:00-04:00,37.05009841918945,37.05009841918945,36.45500183105469,36.85499954223633,3012,0.0,0.0
2024-06-24 12:10:00-04:00,36.70000076293945,36.70000076293945,36.630001068115234,36.630001068115234,1536,0.0,0.0
2024-06-24 12:30:00-04:00,35.16999816894531,35.16999816894531,35.16999816894531,35.16999816894531,539,0.0,0.0
2024-06-24 12:40:00-04:00,35.599998474121094,35.599998474121094,35.599998474121094,35.599998474121094,434,0.0,0.0
2024-06-24 12:45:00-04:00,35.70000076293945,35.845001220703125,35.70000076293945,35.845001220703125,1642,0.0,0.0
2024-06-24 13:05:00-04:00,36.224998474121094,36.224998474121094,35.75,35.75,1679,0.0,0.0
2024-06-24 13:15:00-04:00,35.43000030517578,35.43000030517578,35.43000030517578,35.43000030517578,109,0.0,0.0
2024-06-24 13:20:00-04:00,35.470001220703125,35.470001220703125,35.31999969482422,35.31999969482422,513,0.0,0.0
2024-06-24 13:30:00-04:00,35.66999816894531,35.959999084472656,35.66999816894531,35.959999084472656,1486,0.0,0.0
2024-06-24 13:50:00-04:00,36.31999969482422,36.31999969482422,36.31999969482422,36.31999969482422,1702,0.0,0.0
2024-06-24 13:55:00-04:00,36.62699890136719,36.62699890136719,36.62699890136719,36.62699890136719,655,0.0,0.0
2024-06-24 14:00:00-04:00,36.02000045776367,36.04949951171875,35.849998474121094,36.00199890136719,3241,0.0,0.0
2024-06-24 14:05:00-04:00,35.564998626708984,36.029998779296875,35.369998931884766,35.369998931884766,1649,0.0,0.0
2024-06-24 14:20:00-04:00,35.75,35.93000030517578,35.75,35.93000030517578,1415,0.0,0.0
2024-06-24 14:25:00-04:00,36.040000915527344,36.040000915527344,36.040000915527344,36.040000915527344,2214,0.0,0.0
2024-06-24 15:00:00-04:00,35.40999984741211,35.40999984741211,35.40999984741211,35.40999984741211,548,0.0,0.0
2024-06-24 15:10:00-04:00,35.04999923706055,35.04999923706055,35.02000045776367,35.02000045776367,4196,0.0,0.0
2024-06-24 15:50:00-04:00,34.91999816894531,35.29999923706055,34.76499938964844,35.20000076293945,5123,0.0,0.0
2024-06-24 15:55:00-04:00,34.97999954223633,35.095001220703125,34.90999984741211,35.08000183105469,11964,0.0,0.0
2024-06-25 09:45:00-04:00,35.27000045776367,35.27000045776367,35.27000045776367,35.27000045776367,0,0.0,0.0
2024-06-25 09:50:00-04:00,35.79999923706055,35.79999923706055,35.709999084472656,35.72999954223633,984,0.0,0.0
2024-06-25 10:05:00-04:00,34.939998626708984,34.999000549316406,34.586299896240234,34.586299896240234,3524,0.0,0.0
2024-06-25 10:10:00-04:00,34.88629913330078,35.59000015258789,34.88629913330078,35.290000915527344,4305,0.0,0.0
2024-06-25 10:15:00-04:00,35.1349983215332,35.790000915527344,34.861000061035156,35.790000915527344,3982,0.0,0.0
2024-06-25 10:20:00-04:00,36.277400970458984,37.279998779296875,36.277400970458984,37.04999923706055,5633,0.0,0.0
2024-06-25 10:25:00-04:00,37.525001525878906,37.525001525878906,36.70000076293945,36.79999923706055,3884,0.0,0.0
2024-06-25 10:30:00-04:00,36.86000061035156,36.86000061035156,35.73659896850586,36.03499984741211,4722,0.0,0.0
2024-06-25 10:35:00-04:00,36.09000015258789,36.39830017089844,36.09000015258789,36.34000015258789,3050,0.0,0.0
2024-06-25 10:40:00-04:00,36.310001373291016,36.68470001220703,35.7400016784668,36.30690002441406,4047,0.0,0.0
2024-06-25 10:45:00-04:00,36.16999816894531,36.189998626708984,35.72999954223633,36.0,3859,0.0,0.0
2024-06-25 10:55:00-04:00,35.994998931884766,35.994998931884766,35.994998931884766,35.994998931884766,299,0.0,0.0
2024-06-25 11:00:00-04:00,35.994998931884766,36.01250076293945,35.880001068115234,35.939998626708984,1575,0.0,0.0
2024-06-25 11:05:00-04:00,35.709999084472656,35.84000015258789,35.58000183105469,35.58000183105469,2465,0.0,0.0
2024-06-25 11:10:00-04:00,35.0099983215332,35.10499954223633,35.0099983215332,35.10499954223633,2782,0.0,0.0
2024-06-25 11:55:00-04:00,34.790000915527344,34.790000915527344,34.790000915527344,34.790000915527344,620,0.0,0.0
2024-06-25 12:25:00-04:00,34.77000045776367,34.77000045776367,34.77000045776367,34.77000045776367,4325,0.0,0.0
2024-06-25 12:35:00-04:00,34.73500061035156,34.872501373291016,34.73500061035156,34.872501373291016,3117,0.0,0.0
2024-06-25 12:55:00-04:00,34.56999969482422,34.775001525878906,34.54999923706055,34.775001525878906,2543,0.0,0.0
2024-06-25 13:00:00-04:00,34.79499816894531,34.837501525878906,34.79499816894531,34.837501525878906,1324,0.0,0.0
2024-06-25 13:05:00-04:00,34.720001220703125,35.04999923706055,34.720001220703125,34.95500183105469,3356,0.0,0.0
2024-06-25 13:15:00-04:00,34.875,34.875,34.875,34.875,375,0.0,0.0
2024-06-25 13:35:00-04:00,34.85499954223633,35.0,34.790000915527344,34.790000915527344,2436,0.0,0.0
2024-06-25 13:50:00-04:00,34.83000183105469,34.970001220703125,34.55009841918945,34.55009841918945,2206,0.0,0.0
2024-06-25 13:55:00-04:00,34.790000915527344,34.790000915527344,34.790000915527344,34.790000915527344,2183,0.0,0.0
2024-06-25 14:10:00-04:00,34.685001373291016,34.685001373291016,34.685001373291016,34.685001373291016,511,0.0,0.0
2024-06-25 14:15:00-04:00,34.72200012207031,34.72200012207031,34.67449951171875,34.67449951171875,1594,0.0,0.0
2024-06-25 14:20:00-04:00,34.619998931884766,34.619998931884766,34.619998931884766,34.619998931884766,1539,0.0,0.0
2024-06-25 14:25:00-04:00,34.66239929199219,34.849998474121094,34.52000045776367,34.680999755859375,1924,0.0,0.0
2024-06-25 14:30:00-04:00,34.714698791503906,34.849998474121094,34.459999084472656,34.560001373291016,8814,0.0,0.0
2024-06-25 14:35:00-04:00,34.720001220703125,34.810001373291016,34.45000076293945,34.59349822998047,15126,0.0,0.0
2024-06-25 14:40:00-04:00,34.56909942626953,34.619998931884766,34.45100021362305,34.540000915527344,4312,0.0,0.0
2024-06-25 14:45:00-04:00,34.57979965209961,34.720001220703125,34.45009994506836,34.4900016784668,6931,0.0,0.0
2024-06-25 14:50:00-04:00,34.540000915527344,34.720001220703125,34.459999084472656,34.459999084472656,15387,0.0,0.0
2024-06-25 14:55:00-04:00,34.59000015258789,34.60770034790039,33.84000015258789,34.01499938964844,13644,0.0,0.0
2024-06-25 15:00:00-04:00,33.79999923706055,34.36000061035156,33.79999923706055,33.82490158081055,1913,0.0,0.0
2024-06-25 15:05:00-04:00,33.939998626708984,33.939998626708984,32.75,32.9900016784668,5774,0.0,0.0
2024-06-25 15:10:00-04:00,32.779998779296875,33.33000183105469,32.779998779296875,33.33000183105469,3192,0.0,0.0
2024-06-25 15:15:00-04:00,33.38999938964844,33.439998626708984,33.38999938964844,33.41999816894531,1842,0.0,0.0
2024-06-25 15:25:00-04:00,33.72999954223633,33.72999954223633,33.72999954223633,33.72999954223633,573,0.0,0.0
2024-06-25 15:30:00-04:00,33.43000030517578,33.68360137939453,33.13999938964844,33.68360137939453,1420,0.0,0.0
2024-06-25 15:35:00-04:00,33.81800079345703,33.900001525878906,33.209999084472656,33.2599983215332,2899,0.0,0.0
2024-06-25 15:40:00-04:00,33.44850158691406,33.45000076293945,32.97010040283203,33.07500076293945,11383,0.0,0.0
2024-06-25 15:45:00-04:00,33.119998931884766,33.25,33.119998931884766,33.25,2515,0.0,0.0
2024-06-25 15:50:00-04:00,33.349998474121094,33.599998474121094,33.236000061035156,33.400001525878906,10756,0.0,0.0
2024-06-25 15:55:00-04:00,33.38999938964844,33.90999984741211,33.2400016784668,33.349998474121094,18939,0.0,0.0
2024-06-26 09:30:00-04:00,32.54999923706055,32.54999923706055,32.54999923706055,32.54999923706055,0,0.0,0.0
2024-06-26 09:35:00-04:00,33.89500045776367,34.20000076293945,33.732398986816406,33.732398986816406,1415,0.0,0.0
2024-06-26 09:40:00-04:00,33.20500183105469,33.20500183105469,30.959999084472656,31.850000381469727,8737,0.0,0.0
2024-06-26 09:45:00-04:00,31.89590072631836,32.72999954223633,31.790000915527344,32.72999954223633,2051,0.0,0.0
2024-06-26 09:50:00-04:00,32.27000045776367,32.720001220703125,31.889999389648438,32.45199966430664,3967,0.0,0.0
2024-06-26 09:55:00-04:00,32.470001220703125,32.470001220703125,32.15010070800781,32.209999084472656,5784,0.0,0.0
2024-06-26 10:00:00-04:00,32.20000076293945,32.560001373291016,32.150001525878906,32.46500015258789,4428,0.0,0.0
2024-06-26 10:05:00-04:00,32.45940017700195,32.45940017700195,32.27000045776367,32.27000045776367,1010,0.0,0.0
2024-06-26 10:10:00-04:00,32.09000015258789,32.5260009765625,32.070098876953125,32.5260009765625,3640,0.0,0.0
2024-06-26 10:15:00-04:00,32.43470001220703,32.59000015258789,32.25,32.404998779296875,1815,0.0,0.0
2024-06-26 10:20:00-04:00,32.44599914550781,32.44599914550781,32.05009841918945,32.142799377441406,13656,0.0,0.0
2024-06-26 10:25:00-04:00,32.34550094604492,32.61000061035156,32.150001525878906,32.40999984741211,5945,0.0,0.0
2024-06-26 10:30:00-04:00,32.435001373291016,32.435001373291016,32.05720138549805,32.05720138549805,6956,0.0,0.0
2024-06-26 10:35:00-04:00,32.040000915527344,32.279998779296875,32.000099182128906,32.279998779296875,3577,0.0,0.0
2024-06-26 10:40:00-04:00,32.09000015258789,32.209999084472656,32.0099983215332,32.029998779296875,13439,0.0,0.0
2024-06-26 10:45:00-04:00,31.97719955444336,32.349998474121094,31.200199127197266,31.200199127197266,3555,0.0,0.0
2024-06-26 10:50:00-04:00,30.790000915527344,30.790000915527344,30.790000915527344,30.790000915527344,447,0.0,0.0
2024-06-26 10:55:00-04:00,30.77669906616211,30.77669906616211,30.01099967956543,30.01099967956543,2119,0.0,0.0
2024-06-26 11:00:00-04:00,30.344999313354492,30.344999313354492,30.219999313354492,30.239999771118164,2474,0.0,0.0
2024-06-26 11:05:00-04:00,30.190000534057617,30.28499984741211,30.06999969482422,30.06999969482422,3360,0.0,0.0
2024-06-26 11:10:00-04:00,30.79199981689453,30.79199981689453,30.739999771118164,30.739999771118164,1348,0.0,0.0
2024-06-26 11:15:00-04:00,30.440000534057617,30.899999618530273,30.440000534057617,30.899999618530273,2470,0.0,0.0
2024-06-26 11:20:00-04:00,30.450000762939453,30.450000762939453,30.329999923706055,30.329999923706055,789,0.0,0.0
2024-06-26 11:25:00-04:00,30.920000076293945,31.299999237060547,30.850000381469727,31.299999237060547,851,0.0,0.0
2024-06-26 11:35:00-04:00,30.649999618530273,30.649999618530273,30.649999618530273,30.649999618530273,330,0.0,0.0
2024-06-26 11:40:00-04:00,30.670000076293945,30.670000076293945,30.670000076293945,30.670000076293945,592,0.0,0.0
2024-06-26 11:45:00-04:00,30.68000030517578,30.68000030517578,30.68000030517578,30.68000030517578,416,0.0,0.0
2024-06-26 11:50:00-04:00,30.860000610351562,31.05500030517578,30.860000610351562,31.05500030517578,649,0.0,0.0
2024-06-26 12:00:00-04:00,30.895000457763672,30.895000457763672,30.895000457763672,30.895000457763672,937,0.0,0.0
2024-06-26 12:15:00-04:00,30.93000030517578,30.93000030517578,30.709999084472656,30.709999084472656,1564,0.0,0.0
2024-06-26 12:40:00-04:00,31.170000076293945,31.170000076293945,31.170000076293945,31.170000076293945,216,0.0,0.0
2024-06-26 12:45:00-04:00,30.985000610351562,31.510000228881836,30.985000610351562,31.510000228881836,5653,0.0,0.0
2024-06-26 12:55:00-04:00,31.360000610351562,31.360000610351562,31.360000610351562,31.360000610351562,891,0.0,0.0
2024-06-26 13:00:00-04:00,31.389999389648438,31.389999389648438,31.389999389648438,31.389999389648438,318,0.0,0.0
2024-06-26 13:05:00-04:00,31.40999984741211,31.40999984741211,31.40999984741211,31.40999984741211,112,0.0,0.0
2024-06-26 13:10:00-04:00,31.459999084472656,31.84000015258789,31.459999084472656,31.84000015258789,2392,0.0,0.0
2024-06-26 13:15:00-04:00,31.979999542236328,32.27000045776367,31.979999542236328,32.27000045776367,303,0.0,0.0
2024-06-26 13:20:00-04:00,31.9950008392334,31.9950008392334,31.9950008392334,31.9950008392334,668,0.0,0.0
2024-06-26 13:25:00-04:00,31.829999923706055,31.829999923706055,31.829999923706055,31.829999923706055,678,0.0,0.0
2024-06-26 13:35:00-04:00,31.96500015258789,31.96500015258789,31.700000762939453,31.700000762939453,595,0.0,0.0
2024-06-26 13:40:00-04:00,31.18000030517578,31.4950008392334,31.18000030517578,31.4950008392334,667,0.0,0.0
2024-06-26 13:45:00-04:00,31.4950008392334,31.4950008392334,31.4950008392334,31.4950008392334,681,0.0,0.0
2024-06-26 13:50:00-04:00,31.489999771118164,31.489999771118164,31.489999771118164,31.489999771118164,466,0.0,0.0
2024-06-26 13:55:00-04:00,31.415000915527344,32.15999984741211,31.415000915527344,32.15999984741211,2930,0.0,0.0
2024-06-26 14:05:00-04:00,31.905000686645508,31.905000686645508,31.905000686645508,31.905000686645508,213,0.0,0.0
2024-06-26 14:10:00-04:00,31.725000381469727,32.209999084472656,31.725000381469727,32.209999084472656,712,0.0,0.0
2024-06-26 14:15:00-04:00,32.16999816894531,32.16999816894531,32.16999816894531,32.16999816894531,793,0.0,0.0
2024-06-26 14:20:00-04:00,32.56999969482422,32.70500183105469,32.56999969482422,32.70500183105469,1533,0.0,0.0
2024-06-26 14:30:00-04:00,33.17499923706055,33.275001525878906,33.17499923706055,33.275001525878906,549,0.0,0.0
2024-06-26 14:35:00-04:00,33.275001525878906,33.43000030517578,33.275001525878906,33.29999923706055,4103,0.0,0.0
2024-06-26 14:45:00-04:00,32.650001525878906,32.650001525878906,32.650001525878906,32.650001525878906,788,0.0,0.0
2024-06-26 14:55:00-04:00,32.68000030517578,32.68000030517578,32.68000030517578,32.68000030517578,501,0.0,0.0
2024-06-26 15:00:00-04:00,32.92499923706055,32.92499923706055,32.61000061035156,32.61000061035156,1824,0.0,0.0
2024-06-26 15:05:00-04:00,32.160301208496094,32.16999816894531,32.15999984741211,32.16999816894531,4160,0.0,0.0
2024-06-26 15:10:00-04:00,32.369998931884766,32.369998931884766,32.369998931884766,32.369998931884766,1650,0.0,0.0
2024-06-26 15:15:00-04:00,32.54499816894531,33.31999969482422,32.54499816894531,33.31999969482422,3248,0.0,0.0
2024-06-26 15:30:00-04:00,33.02000045776367,33.09000015258789,33.02000045776367,33.09000015258789,615,0.0,0.0
2024-06-26 15:35:00-04:00,32.83000183105469,32.83000183105469,32.83000183105469,32.83000183105469,793,0.0,0.0
2024-06-26 15:40:00-04:00,32.630001068115234,32.709999084472656,32.400001525878906,32.709999084472656,4874,0.0,0.0
2024-06-26 15:45:00-04:00,33.0,33.0,32.88999938964844,32.88999938964844,2861,0.0,0.0
2024-06-26 15:55:00-04:00,33.04999923706055,33.4900016784668,33.02000045776367,33.4900016784668,9462,0.0,0.0
2024-06-27 09:50:00-04:00,33.20589828491211,33.4900016784668,33.20589828491211,33.4900016784668,2452,0.0,0.0
2024-06-27 09:55:00-04:00,34.40999984741211,34.40999984741211,33.9900016784668,33.9900016784668,1478,0.0,0.0
2024-06-27 10:10:00-04:00,33.4900016784668,33.4900016784668,33.4900016784668,33.4900016784668,1662,0.0,0.0
2024-06-27 10:30:00-04:00,32.95000076293945,32.95000076293945,32.95000076293945,32.95000076293945,674,0.0,0.0
2024-06-27 10:35:00-04:00,32.92499923706055,32.92499923706055,32.56999969482422,32.582698822021484,2947,0.0,0.0
2024-06-27 10:40:00-04:00,32.375,32.375,32.375,32.375,581,0.0,0.0
2024-06-27 10:50:00-04:00,32.57500076293945,32.57500076293945,32.57500076293945,32.57500076293945,225,0.0,0.0
2024-06-27 10:55:00-04:00,32.689998626708984,32.689998626708984,32.689998626708984,32.689998626708984,744,0.0,0.0
2024-06-27 11:05:00-04:00,32.63999938964844,32.63999938964844,32.63999938964844,32.63999938964844,299,0.0,0.0
2024-06-27 11:10:00-04:00,32.470001220703125,32.470001220703125,32.470001220703125,32.470001220703125,1442,0.0,0.0
2024-06-27 11:35:00-04:00,32.47999954223633,32.54999923706055,32.349998474121094,32.54999923706055,4654,0.0,0.0
2024-06-27 11:40:00-04:00,33.099998474121094,33.099998474121094,32.54999923706055,33.06999969482422,425,0.0,0.0
2024-06-27 11:45:00-04:00,32.54999923706055,32.54999923706055,32.54999923706055,32.54999923706055,1612,0.0,0.0
2024-06-27 12:00:00-04:00,32.959999084472656,33.13999938964844,32.959999084472656,33.13999938964844,1089,0.0,0.0
2024-06-27 12:05:00-04:00,32.88999938964844,32.88999938964844,32.88999938964844,32.88999938964844,237,0.0,0.0
2024-06-27 12:10:00-04:00,32.540000915527344,32.540000915527344,32.540000915527344,32.540000915527344,232,0.0,0.0
2024-06-27 12:20:00-04:00,32.52000045776367,32.52000045776367,32.52000045776367,32.52000045776367,222,0.0,0.0
2024-06-27 12:25:00-04:00,32.5099983215332,32.5099983215332,32.5,32.5,1064,0.0,0.0
2024-06-27 12:50:00-04:00,32.66999816894531,32.66999816894531,32.66999816894531,32.66999816894531,3120,0.0,0.0
2024-06-27 13:00:00-04:00,32.474998474121094,32.48609924316406,32.474998474121094,32.47999954223633,2385,0.0,0.0
2024-06-27 13:05:00-04:00,32.57500076293945,32.57500076293945,32.57500076293945,32.57500076293945,504,0.0,0.0
2024-06-27 13:10:00-04:00,32.54999923706055,32.650001525878906,32.48419952392578,32.650001525878906,6439,0.0,0.0
2024-06-27 13:30:00-04:00,32.27000045776367,32.415000915527344,32.22999954223633,32.22999954223633,873,0.0,0.0
2024-06-27 13:40:00-04:00,32.2599983215332,32.45500183105469,32.2599983215332,32.45500183105469,415,0.0,0.0
2024-06-27 13:45:00-04:00,32.31999969482422,32.5,32.31999969482422,32.5,1816,0.0,0.0
2024-06-27 13:50:00-04:00,32.560001373291016,32.720001220703125,32.560001373291016,32.56999969482422,598,0.0,0.0
2024-06-27 13:55:00-04:00,32.31999969482422,32.31999969482422,32.31999969482422,32.31999969482422,410,0.0,0.0
2024-06-27 14:00:00-04:00,32.33000183105469,32.33000183105469,32.20000076293945,32.31570053100586,4283,0.0,0.0
2024-06-27 14:15:00-04:00,32.220001220703125,32.220001220703125,32.220001220703125,32.220001220703125,339,0.0,0.0
2024-06-27 14:20:00-04:00,32.44499969482422,32.44499969482422,32.2400016784668,32.2400016784668,2880,0.0,0.0
2024-06-27 14:25:00-04:00,32.630001068115234,32.79999923706055,32.630001068115234,32.79999923706055,586,0.0,0.0
2024-06-27 14:30:00-04:00,32.7599983215332,32.79999923706055,32.7599983215332,32.79999923706055,2700,0.0,0.0
2024-06-27 14:35:00-04:00,33.209999084472656,33.209999084472656,33.209999084472656,33.209999084472656,211,0.0,0.0
2024-06-27 14:40:00-04:00,33.33000183105469,33.33000183105469,33.33000183105469,33.33000183105469,369,0.0,0.0
2024-06-27 14:45:00-04:00,33.290000915527344,33.33000183105469,33.290000915527344,33.33000183105469,1928,0.0,0.0
2024-06-27 14:50:00-04:00,33.79999923706055,33.79999923706055,33.79999923706055,33.79999923706055,256,0.0,0.0
2024-06-27 14:55:00-04:00,33.68000030517578,33.68000030517578,33.68000030517578,33.68000030517578,243,0.0,0.0
2024-06-27 15:00:00-04:00,33.099998474121094,33.404998779296875,33.09000015258789,33.404998779296875,723,0.0,0.0
2024-06-27 15:05:00-04:00,33.45500183105469,33.68000030517578,33.439998626708984,33.68000030517578,534,0.0,0.0
2024-06-27 15:10:00-04:00,33.220001220703125,33.220001220703125,32.85810089111328,32.85810089111328,5284,0.0,0.0
2024-06-27 15:35:00-04:00,32.869998931884766,32.869998931884766,32.869998931884766,32.869998931884766,393,0.0,0.0
2024-06-27 15:40:00-04:00,32.814998626708984,32.814998626708984,32.709999084472656,32.709999084472656,1641,0.0,0.0
2024-06-27 15:45:00-04:00,32.70000076293945,32.75,32.65999984741211,32.75,2776,0.0,0.0
2024-06-27 15:50:00-04:00,32.63999938964844,32.90999984741211,32.63999938964844,32.83000183105469,5144,0.0,0.0
2024-06-27 15:55:00-04:00,32.91999816894531,33.4900016784668,32.91999816894531,33.47999954223633,6596,0.0,0.0
2024-06-28 09:30:00-04:00,34.209999084472656,34.209999084472656,32.57320022583008,32.89500045776367,3181,0.0,0.0
2024-06-28 09:35:00-04:00,33.5,33.79999923706055,33.0,33.779998779296875,5642,0.0,0.0
2024-06-28 09:40:00-04:00,32.96220016479492,33.18000030517578,32.689998626708984,32.689998626708984,3109,0.0,0.0
2024-06-28 09:45:00-04:00,32.599998474121094,34.436500549316406,32.599998474121094,34.2400016784668,7486,0.0,0.0
2024-06-28 09:50:00-04:00,34.2599983215332,34.38999938964844,33.959999084472656,34.262001037597656,6495,0.0,0.0
2024-06-28 09:55:00-04:00,33.86000061035156,33.880001068115234,32.40999984741211,32.53329849243164,7625,0.0,0.0
2024-06-28 10:00:00-04:00,32.46149826049805,34.0,32.33000183105469,34.0,6643,0.0,0.0
2024-06-28 10:05:00-04:00,34.2947998046875,34.560001373291016,33.77000045776367,34.2599983215332,6014,0.0,0.0
2024-06-28 10:10:00-04:00,34.27000045776367,34.27000045776367,33.45000076293945,33.45000076293945,4565,0.0,0.0
2024-06-28 10:15:00-04:00,34.22999954223633,34.22999954223633,34.22999954223633,34.22999954223633,183,0.0,0.0
2024-06-28 10:20:00-04:00,33.92499923706055,33.92499923706055,33.599998474121094,33.599998474121094,1386,0.0,0.0
2024-06-28 10:30:00-04:00,33.7400016784668,33.7400016784668,33.13999938964844,33.13999938964844,318,0.0,0.0
2024-06-28 10:35:00-04:00,33.279998779296875,33.279998779296875,32.51499938964844,32.51499938964844,3205,0.0,0.0
2024-06-28 10:40:00-04:00,32.849998474121094,32.91999816894531,32.849998474121094,32.849998474121094,1315,0.0,0.0
2024-06-28 10:45:00-04:00,33.13999938964844,33.13999938964844,33.13999938964844,33.13999938964844,229,0.0,0.0
2024-06-28 10:50:00-04:00,34.130001068115234,34.130001068115234,32.75,32.75,469,0.0,0.0
2024-06-28 10:55:00-04:00,33.88999938964844,33.88999938964844,32.869998931884766,33.404998779296875,686,0.0,0.0
2024-06-28 11:00:00-04:00,33.810001373291016,33.810001373291016,33.810001373291016,33.810001373291016,137,0.0,0.0
2024-06-28 11:05:00-04:00,33.06999969482422,33.16999816894531,33.06999969482422,33.16999816894531,2433,0.0,0.0
2024-06-28 11:15:00-04:00,32.970001220703125,32.970001220703125,32.970001220703125,32.970001220703125,615,0.0,0.0
2024-06-28 11:20:00-04:00,33.29999923706055,33.29999923706055,33.0,33.0,407,0.0,0.0
2024-06-28 11:25:00-04:00,33.36000061035156,34.27000045776367,33.2599983215332,34.27000045776367,1885,0.0,0.0
2024-06-28 11:30:00-04:00,34.650001525878906,34.650001525878906,33.41999816894531,33.41999816894531,337,0.0,0.0
2024-06-28 11:35:00-04:00,34.630001068115234,34.630001068115234,34.630001068115234,34.630001068115234,472,0.0,0.0
2024-06-28 11:40:00-04:00,34.67499923706055,35.130001068115234,34.27000045776367,35.130001068115234,1722,0.0,0.0
2024-06-28 11:45:00-04:00,34.869998931884766,35.130001068115234,34.869998931884766,35.130001068115234,2269,0.0,0.0
2024-06-28 11:50:00-04:00,34.66999816894531,34.66999816894531,34.66999816894531,34.66999816894531,121,0.0,0.0
2024-06-28 11:55:00-04:00,36.400001525878906,36.599998474121094,36.400001525878906,36.59000015258789,2616,0.0,0.0
2024-06-28 12:00:00-04:00,36.54499816894531,37.79999923706055,36.54499816894531,36.63999938964844,5714,0.0,0.0
2024-06-28 12:05:00-04:00,37.976600646972656,37.976600646972656,37.976600646972656,37.976600646972656,597,0.0,0.0
2024-06-28 12:10:00-04:00,37.040000915527344,37.30670166015625,36.90999984741211,37.30670166015625,1623,0.0,0.0
2024-06-28 12:15:00-04:00,36.90999984741211,37.650001525878906,36.5,36.82509994506836,4411,0.0,0.0
2024-06-28 12:20:00-04:00,37.15999984741211,37.5,37.0,37.20000076293945,2897,0.0,0.0
2024-06-28 12:25:00-04:00,37.380001068115234,37.5,37.36119842529297,37.5,912,0.0,0.0
2024-06-28 12:30:00-04:00,37.439998626708984,37.45000076293945,37.19499969482422,37.45000076293945,1965,0.0,0.0
2024-06-28 12:35:00-04:00,37.138301849365234,37.34000015258789,36.59000015258789,36.59000015258789,2531,0.0,0.0
2024-06-28 12:40:00-04:00,36.5099983215332,36.5099983215332,36.5099983215332,36.5099983215332,573,0.0,0.0
2024-06-28 12:45:00-04:00,36.86000061035156,36.86000061035156,36.22999954223633,36.837799072265625,2029,0.0,0.0
2024-06-28 12:50:00-04:00,35.40999984741211,35.40999984741211,35.40999984741211,35.40999984741211,676,0.0,0.0
2024-06-28 12:55:00-04:00,35.779998779296875,35.779998779296875,35.779998779296875,35.779998779296875,981,0.0,0.0
2024-06-28 13:05:00-04:00,35.72999954223633,35.72999954223633,35.72999954223633,35.72999954223633,1296,0.0,0.0
2024-06-28 13:15:00-04:00,35.810001373291016,36.380001068115234,35.810001373291016,36.380001068115234,2401,0.0,0.0
2024-06-28 13:25:00-04:00,36.20000076293945,36.617000579833984,35.78300094604492,36.599998474121094,1578,0.0,0.0
2024-06-28 13:35:00-04:00,36.11000061035156,36.11000061035156,36.11000061035156,36.11000061035156,1418,0.0,0.0
2024-06-28 13:45:00-04:00,36.15999984741211,36.15999984741211,36.013099670410156,36.11000061035156,2208,0.0,0.0
2024-06-28 13:50:00-04:00,36.54999923706055,36.54999923706055,35.600101470947266,36.369998931884766,3776,0.0,0.0
2024-06-28 13:55:00-04:00,35.709999084472656,36.279998779296875,35.709999084472656,35.79999923706055,3428,0.0,0.0
2024-06-28 14:00:00-04:00,36.040000915527344,36.70000076293945,36.040000915527344,36.70000076293945,3208,0.0,0.0
2024-06-28 14:05:00-04:00,36.5099983215332,37.23080062866211,36.5099983215332,37.20000076293945,1020,0.0,0.0
2024-06-28 14:10:00-04:00,36.97999954223633,36.97999954223633,36.97999954223633,36.97999954223633,283,0.0,0.0
2024-06-28 14:15:00-04:00,37.25,37.25,37.20000076293945,37.224998474121094,2291,0.0,0.0
2024-06-28 14:20:00-04:00,37.36000061035156,37.36000061035156,36.790000915527344,37.15999984741211,4678,0.0,0.0
2024-06-28 14:25:00-04:00,37.03739929199219,37.560001373291016,36.470001220703125,36.470001220703125,3898,0.0,0.0
2024-06-28 14:30:00-04:00,36.500099182128906,37.003501892089844,36.11009979248047,36.585601806640625,3553,0.0,0.0
2024-06-28 14:40:00-04:00,36.349998474121094,36.349998474121094,36.25,36.25,600,0.0,0.0
2024-06-28 14:45:00-04:00,36.22999954223633,36.22999954223633,36.22999954223633,36.22999954223633,1050,0.0,0.0
2024-06-28 14:50:00-04:00,36.130001068115234,36.2223014831543,35.77000045776367,36.0,4262,0.0,0.0
2024-06-28 14:55:00-04:00,35.90999984741211,36.260799407958984,35.29999923706055,35.75,3139,0.0,0.0
2024-06-28 15:00:00-04:00,35.43000030517578,36.11000061035156,35.0099983215332,35.029998779296875,1998,0.0,0.0
2024-06-28 15:05:00-04:00,35.0,35.529998779296875,34.890098571777344,35.13140106201172,6158,0.0,0.0
2024-06-28 15:15:00-04:00,35.52000045776367,36.04999923706055,35.52000045776367,35.720001220703125,2990,0.0,0.0
2024-06-28 15:20:00-04:00,35.665000915527344,35.66999816894531,35.665000915527344,35.66999816894531,448,0.0,0.0
2024-06-28 15:25:00-04:00,35.650001525878906,35.9900016784668,35.310001373291016,35.62770080566406,4932,0.0,0.0
2024-06-28 15:30:00-04:00,35.5,35.66999816894531,34.97999954223633,35.529998779296875,4340,0.0,0.0
2024-06-28 15:35:00-04:00,35.18000030517578,35.18000030517578,34.84000015258789,34.84000015258789,1737,0.0,0.0
2024-06-28 15:40:00-04:00,34.599998474121094,34.751399993896484,34.09000015258789,34.09000015258789,3577,0.0,0.0
2024-06-28 15:45:00-04:00,34.4900016784668,34.540000915527344,34.029998779296875,34.029998779296875,2076,0.0,0.0
2024-06-28 15:50:00-04:00,34.349998474121094,35.25,34.349998474121094,34.59000015258789,25250,0.0,0.0
2024-06-28 15:55:00-04:00,34.15999984741211,35.02000045776367,32.52000045776367,34.189998626708984,32729,0.0,0.0
2024-07-01 09:35:00-04:00,30.459999084472656,30.459999084472656,30.459999084472656,30.459999084472656,1668,0.0,0.0
2024-07-01 09:45:00-04:00,32.85499954223633,32.85499954223633,32.85499954223633,32.85499954223633,2225,0.0,0.0
2024-07-01 09:50:00-04:00,31.850000381469727,31.8700008392334,31.850000381469727,31.8700008392334,3431,0.0,0.0
2024-07-01 09:55:00-04:00,32.404998779296875,32.404998779296875,32.404998779296875,32.404998779296875,596,0.0,0.0
2024-07-01 10:00:00-04:00,32.57500076293945,32.57500076293945,32.57500076293945,32.57500076293945,1848,0.0,0.0
2024-07-01 10:10:00-04:00,32.69409942626953,32.69409942626953,32.69409942626953,32.69409942626953,2815,0.0,0.0
2024-07-01 10:25:00-04:00,32.369998931884766,32.369998931884766,32.150001525878906,32.150001525878906,3452,0.0,0.0
2024-07-01 10:40:00-04:00,32.13999938964844,32.13999938964844,32.040000915527344,32.06999969482422,6973,0.0,0.0
2024-07-01 10:55:00-04:00,32.02000045776367,32.02000045776367,32.02000045776367,32.02000045776367,2634,0.0,0.0
2024-07-01 11:15:00-04:00,31.174999237060547,31.174999237060547,31.174999237060547,31.174999237060547,366,0.0,0.0
2024-07-01 11:20:00-04:00,31.088699340820312,31.088699340820312,31.088699340820312,31.088699340820312,830,0.0,0.0
2024-07-01 11:40:00-04:00,31.530000686645508,31.59000015258789,31.375,31.375,2487,0.0,0.0
2024-07-01 11:55:00-04:00,31.719999313354492,31.719999313354492,31.719999313354492,31.719999313354492,403,0.0,0.0
2024-07-01 12:00:00-04:00,31.469999313354492,31.5049991607666,31.469999313354492,31.5049991607666,1238,0.0,0.0
2024-07-01 12:15:00-04:00,31.75,31.760000228881836,31.610000610351562,31.760000228881836,2597,0.0,0.0
2024-07-01 12:25:00-04:00,31.540000915527344,31.540000915527344,31.209999084472656,31.489999771118164,4019,0.0,0.0
2024-07-01 12:45:00-04:00,31.510000228881836,31.950000762939453,31.510000228881836,31.719999313354492,5909,0.0,0.0
2024-07-01 12:50:00-04:00,32.029998779296875,32.029998779296875,32.029998779296875,32.029998779296875,3359,0.0,0.0
2024-07-01 13:40:00-04:00,31.584999084472656,31.65999984741211,31.584999084472656,31.584999084472656,2402,0.0,0.0
2024-07-01 13:45:00-04:00,31.459999084472656,31.65999984741211,31.200000762939453,31.65999984741211,3363,0.0,0.0
2024-07-01 13:50:00-04:00,31.530000686645508,31.68000030517578,31.360000610351562,31.360000610351562,2503,0.0,0.0
2024-07-01 14:15:00-04:00,31.600000381469727,31.75,31.600000381469727,31.75,1355,0.0,0.0
2024-07-01 14:25:00-04:00,31.809999465942383,31.809999465942383,31.809999465942383,31.809999465942383,1308,0.0,0.0
2024-07-01 14:40:00-04:00,32.65380096435547,32.689998626708984,32.65380096435547,32.689998626708984,899,0.0,0.0
2024-07-01 14:55:00-04:00,32.720001220703125,32.81999969482422,32.720001220703125,32.81999969482422,1331,0.0,0.0
2024-07-01 15:00:00-04:00,33.279998779296875,33.279998779296875,33.279998779296875,33.279998779296875,221,0.0,0.0
2024-07-01 15:05:00-04:00,33.33000183105469,33.33000183105469,33.33000183105469,33.33000183105469,533,0.0,0.0
2024-07-01 15:10:00-04:00,33.33000183105469,33.380001068115234,33.33000183105469,33.380001068115234,863,0.0,0.0
2024-07-01 15:15:00-04:00,33.47999954223633,33.5,33.47999954223633,33.5,529,0.0,0.0
2024-07-01 15:20:00-04:00,33.4900016784668,33.5,33.4900016784668,33.5,686,0.0,0.0
2024-07-01 15:30:00-04:00,33.79999923706055,33.849998474121094,33.77000045776367,33.849998474121094,940,0.0,0.0
2024-07-01 15:40:00-04:00,33.810001373291016,33.959999084472656,33.650001525878906,33.880001068115234,4153,0.0,0.0
2024-07-01 15:50:00-04:00,34.02000045776367,34.02000045776367,34.02000045776367,34.02000045776367,256,0.0,0.0
2024-07-01 15:55:00-04:00,34.064998626708984,34.064998626708984,33.56999969482422,33.56999969482422,6993,0.0,0.0
2024-07-02 09:30:00-04:00,33.62820053100586,33.62820053100586,33.62820053100586,33.62820053100586,700,0.0,0.0
2024-07-02 09:50:00-04:00,33.60499954223633,33.60499954223633,33.60499954223633,33.60499954223633,189,0.0,0.0
2024-07-02 09:55:00-04:00,33.66999816894531,33.66999816894531,33.66999816894531,33.66999816894531,1307,0.0,0.0
2024-07-02 10:00:00-04:00,33.66999816894531,33.66999816894531,33.410400390625,33.410400390625,712,0.0,0.0
2024-07-02 10:25:00-04:00,34.400001525878906,34.400001525878906,34.400001525878906,34.400001525878906,456,0.0,0.0
2024-07-02 10:40:00-04:00,34.400001525878906,34.720001220703125,34.314998626708984,34.720001220703125,3413,0.0,0.0
2024-07-02 10:45:00-04:00,35.099998474121094,35.13999938964844,35.06999969482422,35.13999938964844,1848,0.0,0.0
2024-07-02 10:50:00-04:00,35.63999938964844,35.70000076293945,34.78499984741211,35.25,2058,0.0,0.0
2024-07-02 10:55:00-04:00,35.095001220703125,35.5,35.095001220703125,35.5,2688,0.0,0.0
2024-07-02 11:10:00-04:00,35.11000061035156,35.540000915527344,34.760101318359375,34.760101318359375,3597,0.0,0.0
2024-07-02 11:15:00-04:00,34.900001525878906,35.0,34.5,35.0,2676,0.0,0.0
2024-07-02 11:20:00-04:00,35.25,35.25,35.0,35.0,445,0.0,0.0
2024-07-02 11:40:00-04:00,35.30500030517578,35.30500030517578,35.30500030517578,35.30500030517578,889,0.0,0.0
2024-07-02 11:45:00-04:00,35.04999923706055,35.04999923706055,35.04999923706055,35.04999923706055,177,0.0,0.0
2024-07-02 11:50:00-04:00,35.125,35.125,35.125,35.125,279,0.0,0.0
2024-07-02 11:55:00-04:00,35.41999816894531,35.439998626708984,35.255001068115234,35.439998626708984,1007,0.0,0.0
2024-07-02 12:05:00-04:00,35.77690124511719,35.77690124511719,35.77690124511719,35.77690124511719,425,0.0,0.0
2024-07-02 12:15:00-04:00,35.564998626708984,35.564998626708984,35.564998626708984,35.564998626708984,869,0.0,0.0
2024-07-02 12:20:00-04:00,35.150001525878906,35.54999923706055,34.927398681640625,35.54999923706055,2171,0.0,0.0
2024-07-02 12:35:00-04:00,35.04999923706055,35.54290008544922,35.04999923706055,35.54290008544922,858,0.0,0.0
2024-07-02 12:40:00-04:00,35.095001220703125,35.099998474121094,34.891700744628906,35.099998474121094,1836,0.0,0.0
2024-07-02 12:50:00-04:00,35.43000030517578,35.439998626708984,35.34049987792969,35.34049987792969,1293,0.0,0.0
2024-07-02 13:10:00-04:00,35.17279815673828,35.17279815673828,35.17279815673828,35.17279815673828,458,0.0,0.0
2024-07-02 13:20:00-04:00,35.50790023803711,35.50790023803711,35.50790023803711,35.50790023803711,261,0.0,0.0
2024-07-02 13:25:00-04:00,35.220001220703125,35.220001220703125,34.72999954223633,34.72999954223633,1711,0.0,0.0
2024-07-02 13:30:00-04:00,34.887298583984375,35.084999084472656,34.56999969482422,34.9900016784668,3513,0.0,0.0
2024-07-02 13:35:00-04:00,34.900001525878906,34.900001525878906,34.04010009765625,34.04010009765625,1701,0.0,0.0
2024-07-02 13:45:00-04:00,34.060001373291016,34.060001373291016,33.63999938964844,33.790000915527344,4454,0.0,0.0
2024-07-02 13:50:00-04:00,33.86000061035156,33.86000061035156,33.84000015258789,33.84000015258789,5035,0.0,0.0
2024-07-02 13:55:00-04:00,33.63999938964844,33.7599983215332,33.630001068115234,33.630001068115234,2767,0.0,0.0
2024-07-02 14:00:00-04:00,33.582000732421875,33.582000732421875,33.0,33.0,8339,0.0,0.0
2024-07-02 14:05:00-04:00,33.029998779296875,33.029998779296875,33.029998779296875,33.029998779296875,734,0.0,0.0
2024-07-02 14:10:00-04:00,33.16999816894531,33.16999816894531,33.029998779296875,33.029998779296875,1346,0.0,0.0
2024-07-02 14:20:00-04:00,33.20000076293945,33.20000076293945,33.20000076293945,33.20000076293945,156,0.0,0.0
2024-07-02 14:25:00-04:00,33.08000183105469,33.08000183105469,33.060001373291016,33.060001373291016,1913,0.0,0.0
2024-07-02 14:30:00-04:00,33.33000183105469,33.34000015258789,33.02000045776367,33.21500015258789,2447,0.0,0.0
2024-07-02 14:35:00-04:00,33.323299407958984,33.323299407958984,33.323299407958984,33.323299407958984,314,0.0,0.0
2024-07-02 14:40:00-04:00,32.95000076293945,32.95000076293945,32.95000076293945,32.95000076293945,1542,0.0,0.0
2024-07-02 14:45:00-04:00,33.029998779296875,33.029998779296875,33.029998779296875,33.029998779296875,204,0.0,0.0
2024-07-02 14:50:00-04:00,33.02000045776367,33.209999084472656,33.0099983215332,33.04999923706055,8978,0.0,0.0
2024-07-02 14:55:00-04:00,33.33000183105469,33.41999816894531,33.14699935913086,33.14699935913086,7450,0.0,0.0
2024-07-02 15:05:00-04:00,33.220001220703125,33.220001220703125,33.119998931884766,33.119998931884766,1916,0.0,0.0
2024-07-02 15:15:00-04:00,33.404998779296875,33.404998779296875,33.404998779296875,33.404998779296875,1751,0.0,0.0
2024-07-02 15:40:00-04:00,33.2484016418457,33.2484016418457,33.2484016418457,33.2484016418457,1686,0.0,0.0
2024-07-02 15:45:00-04:00,32.97999954223633,32.9900016784668,32.970001220703125,32.970001220703125,5162,0.0,0.0
2024-07-02 15:55:00-04:00,32.935001373291016,33.290000915527344,32.92499923706055,32.93000030517578,5482,0.0,0.0
2024-07-03 09:50:00-04:00,32.86000061035156,33.029998779296875,32.86000061035156,33.029998779296875,1677,0.0,0.0
2024-07-03 10:15:00-04:00,33.470001220703125,33.470001220703125,33.470001220703125,33.470001220703125,190,0.0,0.0
2024-07-03 10:20:00-04:00,33.18259811401367,33.18259811401367,33.18259811401367,33.18259811401367,522,0.0,0.0
2024-07-03 10:35:00-04:00,33.20280075073242,33.20280075073242,33.20280075073242,33.20280075073242,169,0.0,0.0
2024-07-03 10:40:00-04:00,33.20249938964844,33.20249938964844,33.20249938964844,33.20249938964844,564,0.0,0.0
2024-07-03 10:50:00-04:00,33.9900016784668,34.029998779296875,33.9900016784668,34.029998779296875,3869,0.0,0.0
2024-07-03 11:25:00-04:00,35.540000915527344,36.34000015258789,34.84000015258789,35.000099182128906,6583,0.0,0.0
2024-07-03 11:30:00-04:00,34.94499969482422,36.29999923706055,34.94499969482422,35.2599983215332,3961,0.0,0.0
2024-07-03 11:35:00-04:00,35.77000045776367,36.120601654052734,35.11000061035156,36.120601654052734,2999,0.0,0.0
2024-07-03 11:40:00-04:00,36.47999954223633,36.4900016784668,36.47999954223633,36.4900016784668,900,0.0,0.0
2024-07-03 11:45:00-04:00,37.07789993286133,37.07789993286133,37.07789993286133,37.07789993286133,318,0.0,0.0
2024-07-03 11:50:00-04:00,37.0,37.0,36.38999938964844,36.38999938964844,1033,0.0,0.0
2024-07-03 11:55:00-04:00,36.400001525878906,36.9900016784668,36.400001525878906,36.546199798583984,862,0.0,0.0
2024-07-03 12:00:00-04:00,36.40999984741211,36.540000915527344,35.95009994506836,36.503501892089844,3560,0.0,0.0
2024-07-03 12:10:00-04:00,36.7400016784668,36.7400016784668,36.689998626708984,36.689998626708984,1442,0.0,0.0
2024-07-03 12:15:00-04:00,37.220001220703125,37.220001220703125,36.47999954223633,36.47999954223633,1295,0.0,0.0
2024-07-03 12:20:00-04:00,36.7599983215332,36.7599983215332,36.7599983215332,36.7599983215332,294,0.0,0.0
2024-07-03 12:25:00-04:00,37.150001525878906,37.959999084472656,37.150001525878906,37.880001068115234,2737,0.0,0.0
2024-07-03 12:30:00-04:00,38.959999084472656,38.959999084472656,38.150001525878906,38.150001525878906,2834,0.0,0.0
2024-07-03 12:35:00-04:00,38.06999969482422,38.689998626708984,37.600101470947266,37.93000030517578,3255,0.0,0.0
2024-07-03 12:40:00-04:00,37.97999954223633,37.97999954223633,37.543701171875,37.543701171875,554,0.0,0.0
2024-07-03 12:45:00-04:00,37.880001068115234,38.01499938964844,37.880001068115234,38.01499938964844,1484,0.0,0.0
2024-07-03 12:50:00-04:00,38.529998779296875,38.529998779296875,38.255001068115234,38.255001068115234,2890,0.0,0.0
2024-07-03 12:55:00-04:00,38.474998474121094,38.59600067138672,38.09000015258789,38.15999984741211,4042,0.0,0.0
2024-07-05 09:30:00-04:00,38.91999816894531,39.91999816894531,38.91999816894531,39.41999816894531,2054,0.0,0.0
2024-07-05 09:35:00-04:00,39.88169860839844,40.0,39.15999984741211,40.0,1788,0.0,0.0
2024-07-05 09:45:00-04:00,39.154998779296875,39.154998779296875,39.154998779296875,39.154998779296875,294,0.0,0.0
2024-07-05 09:50:00-04:00,39.15999984741211,39.22999954223633,38.47999954223633,39.22999954223633,1144,0.0,0.0
2024-07-05 09:55:00-04:00,38.31999969482422,38.31999969482422,38.31999969482422,38.31999969482422,949,0.0,0.0
2024-07-05 10:05:00-04:00,37.839900970458984,37.839900970458984,37.839900970458984,37.839900970458984,925,0.0,0.0
2024-07-05 10:40:00-04:00,38.61000061035156,38.619998931884766,38.61000061035156,38.619998931884766,1678,0.0,0.0
2024-07-05 11:00:00-04:00,39.21889877319336,39.21889877319336,38.87099838256836,38.87099838256836,1677,0.0,0.0
2024-07-05 11:20:00-04:00,38.810001373291016,39.03499984741211,38.060001373291016,38.060001373291016,2127,0.0,0.0
2024-07-05 11:25:00-04:00,38.599998474121094,39.16999816894531,37.90010070800781,38.37779998779297,5444,0.0,0.0
2024-07-05 11:30:00-04:00,38.5,38.5,37.935001373291016,38.20000076293945,2761,0.0,0.0
2024-07-05 11:50:00-04:00,38.2859001159668,38.2859001159668,38.2859001159668,38.2859001159668,249,0.0,0.0
2024-07-05 12:00:00-04:00,38.22999954223633,38.4900016784668,37.63999938964844,38.14250183105469,3777,0.0,0.0
2024-07-05 12:15:00-04:00,37.784698486328125,37.900001525878906,37.33000183105469,37.33000183105469,2026,0.0,0.0
2024-07-05 12:30:00-04:00,37.099998474121094,37.099998474121094,36.61009979248047,36.61009979248047,879,0.0,0.0
2024-07-05 12:35:00-04:00,37.33610153198242,37.33610153198242,37.33610153198242,37.33610153198242,461,0.0,0.0
2024-07-05 12:45:00-04:00,37.45880126953125,37.45880126953125,37.45880126953125,37.45880126953125,296,0.0,0.0
2024-07-05 13:00:00-04:00,37.27000045776367,37.27000045776367,37.27000045776367,37.27000045776367,1278,0.0,0.0
2024-07-05 13:05:00-04:00,37.2599983215332,37.2599983215332,37.2599983215332,37.2599983215332,1008,0.0,0.0
2024-07-05 13:15:00-04:00,36.63999938964844,37.03499984741211,36.63999938964844,36.86000061035156,4045,0.0,0.0
2024-07-05 13:20:00-04:00,36.63999938964844,36.63999938964844,36.63999938964844,36.63999938964844,1829,0.0,0.0
2024-07-05 13:30:00-04:00,35.869998931884766,35.869998931884766,35.869998931884766,35.869998931884766,1237,0.0,0.0
2024-07-05 13:35:00-04:00,35.70000076293945,35.70000076293945,35.70000076293945,35.70000076293945,721,0.0,0.0
2024-07-05 13:40:00-04:00,36.16999816894531,36.16999816894531,36.16999816894531,36.16999816894531,358,0.0,0.0
2024-07-05 13:45:00-04:00,36.419898986816406,36.419898986816406,36.02000045776367,36.130001068115234,4414,0.0,0.0
2024-07-05 13:55:00-04:00,36.22999954223633,36.22999954223633,34.96500015258789,35.15869903564453,12437,0.0,0.0
2024-07-05 14:00:00-04:00,35.5,35.5099983215332,35.349998474121094,35.349998474121094,745,0.0,0.0
2024-07-05 14:10:00-04:00,35.674400329589844,35.674400329589844,35.674400329589844,35.674400329589844,270,0.0,0.0
2024-07-05 14:15:00-04:00,35.84000015258789,35.86000061035156,35.84000015258789,35.84000015258789,2541,0.0,0.0
2024-07-05 14:45:00-04:00,35.560001373291016,35.560001373291016,35.48500061035156,35.48500061035156,4775,0.0,0.0
2024-07-05 15:50:00-04:00,35.83000183105469,36.20000076293945,35.56999969482422,36.20000076293945,1615,0.0,0.0
2024-07-05 15:55:00-04:00,36.2400016784668,36.540000915527344,35.75,36.540000915527344,6192,0.0,0.0
2024-07-08 09:35:00-04:00,35.413299560546875,37.88010025024414,35.413299560546875,37.88010025024414,1147,0.0,0.0
2024-07-08 09:55:00-04:00,37.288299560546875,37.288299560546875,37.288299560546875,37.288299560546875,421,0.0,0.0
2024-07-08 10:00:00-04:00,36.900001525878906,36.900001525878906,36.900001525878906,36.900001525878906,1022,0.0,0.0
2024-07-08 10:05:00-04:00,37.400001525878906,37.400001525878906,37.400001525878906,37.400001525878906,782,0.0,0.0
2024-07-08 10:30:00-04:00,37.5,37.5,37.5,37.5,535,0.0,0.0
2024-07-08 10:50:00-04:00,39.13999938964844,39.13999938964844,39.13999938964844,39.13999938964844,425,0.0,0.0
2024-07-08 10:55:00-04:00,39.31610107421875,39.31610107421875,39.31610107421875,39.31610107421875,1697,0.0,0.0
2024-07-08 11:25:00-04:00,38.860198974609375,38.860198974609375,38.860198974609375,38.860198974609375,1818,0.0,0.0
2024-07-08 12:20:00-04:00,39.40999984741211,39.40999984741211,39.40999984741211,39.40999984741211,200,0.0,0.0
2024-07-08 12:25:00-04:00,39.41999816894531,39.900001525878906,39.41999816894531,39.894500732421875,3916,0.0,0.0
2024-07-08 12:45:00-04:00,40.369998931884766,40.779998779296875,40.369998931884766,40.369998931884766,1810,0.0,0.0
2024-07-08 12:55:00-04:00,40.27000045776367,40.27000045776367,40.27000045776367,40.27000045776367,541,0.0,0.0
2024-07-08 13:00:00-04:00,40.720001220703125,40.720001220703125,40.720001220703125,40.720001220703125,768,0.0,0.0
2024-07-08 13:05:00-04:00,41.290000915527344,42.185001373291016,41.290000915527344,42.185001373291016,2355,0.0,0.0
2024-07-08 13:10:00-04:00,41.18000030517578,41.18000030517578,41.01490020751953,41.01490020751953,1191,0.0,0.0
2024-07-08 13:20:00-04:00,41.02000045776367,41.310001373291016,41.0,41.310001373291016,1650,0.0,0.0
2024-07-08 13:25:00-04:00,41.65999984741211,41.65999984741211,41.65999984741211,41.65999984741211,572,0.0,0.0
2024-07-08 13:30:00-04:00,41.27000045776367,41.27000045776367,41.0099983215332,41.16120147705078,1350,0.0,0.0
2024-07-08 13:40:00-04:00,41.32500076293945,41.32500076293945,41.32500076293945,41.32500076293945,106,0.0,0.0
2024-07-08 13:45:00-04:00,41.40999984741211,41.40999984741211,41.40999984741211,41.40999984741211,390,0.0,0.0
2024-07-08 13:50:00-04:00,41.5099983215332,41.5099983215332,41.5099983215332,41.5099983215332,1935,0.0,0.0
2024-07-08 14:20:00-04:00,41.27000045776367,41.27000045776367,41.27000045776367,41.27000045776367,373,0.0,0.0
2024-07-08 14:25:00-04:00,41.68190002441406,41.68190002441406,41.68190002441406,41.68190002441406,2714,0.0,0.0
2024-07-08 15:00:00-04:00,42.03499984741211,42.03499984741211,42.03499984741211,42.03499984741211,1163,0.0,0.0
2024-07-08 15:10:00-04:00,41.5,41.607200622558594,41.5,41.607200622558594,901,0.0,0.0
2024-07-08 15:20:00-04:00,41.945098876953125,41.945098876953125,41.790000915527344,41.79999923706055,1294,0.0,0.0
2024-07-08 15:25:00-04:00,41.57500076293945,41.57500076293945,41.57500076293945,41.57500076293945,1132,0.0,0.0
2024-07-08 15:30:00-04:00,41.58000183105469,41.91999816894531,41.000099182128906,41.90999984741211,6545,0.0,0.0
2024-07-08 15:45:00-04:00,41.45000076293945,41.45000076293945,41.08000183105469,41.08000183105469,3087,0.0,0.0
2024-07-08 15:50:00-04:00,41.0,41.34000015258789,41.0,41.34000015258789,2146,0.0,0.0
2024-07-08 15:55:00-04:00,41.029998779296875,41.08000183105469,40.369998931884766,40.72999954223633,5983,0.0,0.0
2024-07-09 09:30:00-04:00,40.17409896850586,40.17409896850586,40.17409896850586,40.17409896850586,1206,0.0,0.0
2024-07-09 09:55:00-04:00,42.48500061035156,42.48500061035156,42.48500061035156,42.48500061035156,1933,0.0,0.0
2024-07-09 10:20:00-04:00,42.12820053100586,42.12820053100586,42.12820053100586,42.12820053100586,236,0.0,0.0
2024-07-09 10:25:00-04:00,42.42499923706055,42.5,42.42499923706055,42.5,494,0.0,0.0
2024-07-09 10:30:00-04:00,42.79999923706055,43.04999923706055,42.79999923706055,42.9900016784668,2211,0.0,0.0
2024-07-09 10:50:00-04:00,43.130001068115234,43.150001525878906,43.130001068115234,43.150001525878906,1014,0.0,0.0
2024-07-09 10:55:00-04:00,42.72010040283203,42.72010040283203,42.72010040283203,42.72010040283203,451,0.0,0.0
2024-07-09 11:05:00-04:00,43.4275016784668,43.4275016784668,43.290000915527344,43.290000915527344,799,0.0,0.0
2024-07-09 11:10:00-04:00,43.099998474121094,43.099998474121094,43.099998474121094,43.099998474121094,307,0.0,0.0
2024-07-09 11:20:00-04:00,42.84000015258789,42.84000015258789,42.720001220703125,42.720001220703125,1532,0.0,0.0
2024-07-09 11:50:00-04:00,42.20000076293945,42.46549987792969,41.750099182128906,41.987998962402344,3081,0.0,0.0
2024-07-09 11:55:00-04:00,41.817901611328125,41.817901611328125,41.36000061035156,41.36000061035156,4794,0.0,0.0
2024-07-09 12:00:00-04:00,41.45000076293945,41.45000076293945,40.790000915527344,41.092899322509766,1815,0.0,0.0
2024-07-09 12:05:00-04:00,41.439998626708984,41.45000076293945,41.439998626708984,41.45000076293945,663,0.0,0.0
2024-07-09 12:10:00-04:00,41.56999969482422,41.56999969482422,41.51499938964844,41.51499938964844,558,0.0,0.0
2024-07-09 12:20:00-04:00,41.95000076293945,41.95000076293945,41.95000076293945,41.95000076293945,129,0.0,0.0
2024-07-09 12:25:00-04:00,41.91999816894531,41.91999816894531,41.91999816894531,41.91999816894531,1149,0.0,0.0
2024-07-09 12:55:00-04:00,42.0099983215332,42.0099983215332,41.90999984741211,41.90999984741211,762,0.0,0.0
2024-07-09 13:00:00-04:00,42.040000915527344,42.810001373291016,42.040000915527344,42.810001373291016,618,0.0,0.0
2024-07-09 13:15:00-04:00,42.88999938964844,42.88999938964844,42.88999938964844,42.88999938964844,1125,0.0,0.0
2024-07-09 13:50:00-04:00,41.7599983215332,42.099998474121094,41.75,42.099998474121094,729,0.0,0.0
2024-07-09 13:55:00-04:00,41.81999969482422,42.094600677490234,41.68000030517578,41.68000030517578,1598,0.0,0.0
2024-07-09 14:00:00-04:00,41.8583984375,41.8583984375,41.5099983215332,41.77000045776367,2010,0.0,0.0
2024-07-09 14:05:00-04:00,41.63999938964844,41.63999938964844,41.61000061035156,41.61000061035156,433,0.0,0.0
2024-07-09 14:10:00-04:00,41.72999954223633,41.93000030517578,41.61000061035156,41.93000030517578,1697,0.0,0.0
2024-07-09 14:20:00-04:00,41.560001373291016,41.560001373291016,40.150001525878906,40.150001525878906,1883,0.0,0.0
2024-07-09 14:30:00-04:00,41.595001220703125,41.595001220703125,41.48350143432617,41.48350143432617,301,0.0,0.0
2024-07-09 14:40:00-04:00,41.560001373291016,41.560001373291016,41.29999923706055,41.29999923706055,1356,0.0,0.0
2024-07-09 14:45:00-04:00,40.689998626708984,41.619998931884766,40.689998626708984,41.32500076293945,4564,0.0,0.0
2024-07-09 14:50:00-04:00,41.32500076293945,41.32500076293945,41.32500076293945,41.32500076293945,883,0.0,0.0
2024-07-09 14:55:00-04:00,41.15999984741211,41.45000076293945,41.15999984741211,41.45000076293945,587,0.0,0.0
2024-07-09 15:05:00-04:00,41.400001525878906,41.400001525878906,41.099998474121094,41.20880126953125,1195,0.0,0.0
2024-07-09 15:15:00-04:00,41.20000076293945,41.20000076293945,41.20000076293945,41.20000076293945,503,0.0,0.0
2024-07-09 15:20:00-04:00,41.01490020751953,41.01490020751953,41.01490020751953,41.01490020751953,3431,0.0,0.0
2024-07-09 15:40:00-04:00,40.75,40.75,40.75,40.75,1583,0.0,0.0
2024-07-09 15:55:00-04:00,41.029998779296875,41.31999969482422,40.630001068115234,40.849998474121094,3706,0.0,0.0
2024-07-10 09:30:00-04:00,41.0099983215332,41.0099983215332,40.97999954223633,40.97999954223633,2678,0.0,0.0
2024-07-10 10:50:00-04:00,41.380001068115234,41.380001068115234,41.018699645996094,41.018699645996094,393,0.0,0.0
2024-07-10 10:55:00-04:00,41.349998474121094,41.349998474121094,41.349998474121094,41.349998474121094,688,0.0,0.0
2024-07-10 11:10:00-04:00,41.599998474121094,42.119998931884766,41.599998474121094,42.119998931884766,355,0.0,0.0
2024-07-10 11:15:00-04:00,42.31999969482422,42.31999969482422,42.31999969482422,42.31999969482422,1130,0.0,0.0
2024-07-10 12:00:00-04:00,41.959999084472656,41.959999084472656,41.34000015258789,41.40999984741211,1918,0.0,0.0
2024-07-10 13:35:00-04:00,40.90999984741211,40.90999984741211,40.90999984741211,40.90999984741211,1417,0.0,0.0
2024-07-10 14:15:00-04:00,41.7599983215332,41.7599983215332,41.7599983215332,41.7599983215332,163,0.0,0.0
2024-07-10 14:20:00-04:00,41.65999984741211,41.65999984741211,41.65999984741211,41.65999984741211,2282,0.0,0.0
2024-07-10 15:40:00-04:00,41.11000061035156,41.11000061035156,41.11000061035156,41.11000061035156,608,0.0,0.0
2024-07-10 15:50:00-04:00,41.400001525878906,41.560001373291016,41.1349983215332,41.560001373291016,1963,0.0,0.0
2024-07-10 15:55:00-04:00,41.53499984741211,41.70500183105469,41.224998474121094,41.54999923706055,1829,0.0,0.0
2024-07-11 09:30:00-04:00,41.630001068115234,42.5,41.630001068115234,42.5,1196,0.0,0.0
2024-07-11 09:40:00-04:00,42.4900016784668,42.4900016784668,42.4900016784668,42.4900016784668,189,0.0,0.0
2024-07-11 09:45:00-04:00,43.290000915527344,43.290000915527344,43.290000915527344,43.290000915527344,3787,0.0,0.0
2024-07-11 10:15:00-04:00,43.51940155029297,43.51940155029297,43.51940155029297,43.51940155029297,604,0.0,0.0
2024-07-11 10:35:00-04:00,43.90999984741211,43.90999984741211,43.90999984741211,43.90999984741211,727,0.0,0.0
2024-07-11 10:50:00-04:00,44.0,44.0,43.63999938964844,44.0,1700,0.0,0.0
2024-07-11 11:25:00-04:00,43.52000045776367,43.52000045776367,43.52000045776367,43.52000045776367,296,0.0,0.0
2024-07-11 11:30:00-04:00,43.869998931884766,43.869998931884766,43.869998931884766,43.869998931884766,786,0.0,0.0
2024-07-11 12:05:00-04:00,43.68000030517578,43.68000030517578,43.68000030517578,43.68000030517578,245,0.0,0.0
2024-07-11 12:10:00-04:00,43.13639831542969,43.13639831542969,43.13639831542969,43.13639831542969,674,0.0,0.0
2024-07-11 12:15:00-04:00,43.54999923706055,44.119998931884766,43.27199935913086,43.829498291015625,6410,0.0,0.0
2024-07-11 12:20:00-04:00,44.43000030517578,44.43000030517578,44.000099182128906,44.17639923095703,3076,0.0,0.0
2024-07-11 12:25:00-04:00,44.100101470947266,44.100101470947266,43.52000045776367,43.810001373291016,5094,0.0,0.0
2024-07-11 12:30:00-04:00,44.18349838256836,44.5453987121582,44.18349838256836,44.5453987121582,3411,0.0,0.0
2024-07-11 12:35:00-04:00,44.67499923706055,44.67499923706055,43.125,43.125,5082,0.0,0.0
2024-07-11 12:40:00-04:00,44.029998779296875,44.29999923706055,43.042198181152344,44.09989929199219,4221,0.0,0.0
2024-07-11 12:45:00-04:00,44.56999969482422,44.56999969482422,44.16999816894531,44.16999816894531,3402,0.0,0.0
2024-07-11 12:50:00-04:00,44.04999923706055,44.86000061035156,43.608299255371094,43.86000061035156,4693,0.0,0.0
2024-07-11 12:55:00-04:00,44.150001525878906,45.0,43.90010070800781,43.90999984741211,4840,0.0,0.0
2024-07-11 13:00:00-04:00,44.7400016784668,44.7400016784668,44.7400016784668,44.7400016784668,1097,0.0,0.0
2024-07-11 13:05:00-04:00,43.65800094604492,44.399898529052734,43.65800094604492,44.399898529052734,3540,0.0,0.0
2024-07-11 13:10:00-04:00,44.400001525878906,45.0,44.3849983215332,44.54999923706055,3820,0.0,0.0
2024-07-11 13:15:00-04:00,44.474998474121094,44.474998474121094,44.474998474121094,44.474998474121094,109,0.0,0.0
2024-07-11 13:20:00-04:00,44.17890167236328,44.17890167236328,44.17890167236328,44.17890167236328,226,0.0,0.0
2024-07-11 13:30:00-04:00,44.5,44.70000076293945,44.31999969482422,44.599998474121094,2150,0.0,0.0
2024-07-11 14:10:00-04:00,44.65999984741211,44.65999984741211,44.65999984741211,44.65999984741211,602,0.0,0.0
2024-07-11 14:15:00-04:00,44.650001525878906,44.650001525878906,44.650001525878906,44.650001525878906,164,0.0,0.0
2024-07-11 14:30:00-04:00,44.20000076293945,44.20000076293945,44.20000076293945,44.20000076293945,566,0.0,0.0
2024-07-11 15:00:00-04:00,44.51620101928711,44.51620101928711,44.51620101928711,44.51620101928711,559,0.0,0.0
2024-07-11 15:10:00-04:00,44.150001525878906,44.150001525878906,44.150001525878906,44.150001525878906,983,0.0,0.0
2024-07-11 15:20:00-04:00,44.31999969482422,44.31999969482422,44.31999969482422,44.31999969482422,677,0.0,0.0
2024-07-11 15:25:00-04:00,43.61000061035156,43.61000061035156,43.61000061035156,43.61000061035156,1316,0.0,0.0
2024-07-11 15:30:00-04:00,44.810001373291016,45.029998779296875,44.810001373291016,45.029998779296875,989,0.0,0.0
2024-07-11 15:35:00-04:00,45.005001068115234,45.17499923706055,45.005001068115234,45.17499923706055,792,0.0,0.0
2024-07-11 15:40:00-04:00,45.17499923706055,45.19499969482422,45.165000915527344,45.165000915527344,1464,0.0,0.0
2024-07-11 15:45:00-04:00,45.20000076293945,45.43000030517578,45.20000076293945,45.25,765,0.0,0.0
2024-07-11 15:50:00-04:00,45.25,45.959999084472656,45.25,45.959999084472656,1842,0.0,0.0
2024-07-11 15:55:00-04:00,46.09000015258789,46.72999954223633,45.255001068115234,45.41999816894531,8615,0.0,0.0
2024-07-12 09:30:00-04:00,45.20000076293945,45.20000076293945,45.20000076293945,45.20000076293945,2243,0.0,0.0
2024-07-12 09:55:00-04:00,47.18000030517578,47.439998626708984,46.43000030517578,47.2400016784668,7253,0.0,0.0
2024-07-12 10:05:00-04:00,47.24980163574219,47.24980163574219,47.24980163574219,47.24980163574219,604,0.0,0.0
2024-07-12 10:15:00-04:00,47.9900016784668,48.0,47.9900016784668,48.0,2120,0.0,0.0
2024-07-12 11:30:00-04:00,47.654998779296875,47.720001220703125,47.279998779296875,47.279998779296875,968,0.0,0.0
2024-07-12 11:45:00-04:00,47.58000183105469,47.58000183105469,47.58000183105469,47.58000183105469,254,0.0,0.0
2024-07-12 12:00:00-04:00,47.91999816894531,47.91999816894531,47.91999816894531,47.91999816894531,180,0.0,0.0
2024-07-12 12:05:00-04:00,47.119998931884766,47.119998931884766,47.119998931884766,47.119998931884766,555,0.0,0.0
2024-07-12 12:30:00-04:00,47.52000045776367,47.68000030517578,47.52000045776367,47.68000030517578,955,0.0,0.0
2024-07-12 12:40:00-04:00,47.439998626708984,48.08000183105469,47.150001525878906,48.08000183105469,3557,0.0,0.0
2024-07-12 12:45:00-04:00,47.33000183105469,47.33000183105469,47.33000183105469,47.33000183105469,1265,0.0,0.0
2024-07-12 13:00:00-04:00,47.80500030517578,48.36000061035156,47.80500030517578,48.36000061035156,403,0.0,0.0
2024-07-12 13:10:00-04:00,47.75,47.75,47.75,47.75,622,0.0,0.0
2024-07-12 13:15:00-04:00,47.9900016784668,47.9900016784668,47.250099182128906,47.250099182128906,1493,0.0,0.0
2024-07-12 13:20:00-04:00,47.602901458740234,47.602901458740234,47.32500076293945,47.32500076293945,836,0.0,0.0
2024-07-12 13:40:00-04:00,47.41999816894531,47.41999816894531,47.41999816894531,47.41999816894531,416,0.0,0.0
2024-07-12 13:45:00-04:00,47.415000915527344,47.415000915527344,47.415000915527344,47.415000915527344,925,0.0,0.0
2024-07-12 14:10:00-04:00,47.4900016784668,47.4900016784668,47.4900016784668,47.4900016784668,228,0.0,0.0
2024-07-12 14:15:00-04:00,47.57500076293945,47.57500076293945,47.57500076293945,47.57500076293945,5546,0.0,0.0
2024-07-12 14:20:00-04:00,47.71500015258789,47.720001220703125,47.304298400878906,47.459999084472656,1936,0.0,0.0
2024-07-12 14:35:00-04:00,48.0,48.0,47.970001220703125,47.970001220703125,1086,0.0,0.0
2024-07-12 14:40:00-04:00,48.46099853515625,48.5099983215332,48.11000061035156,48.5099983215332,769,0.0,0.0
2024-07-12 14:50:00-04:00,48.81999969482422,49.52000045776367,48.54090118408203,48.810001373291016,8082,0.0,0.0
2024-07-12 14:55:00-04:00,48.42770004272461,48.42770004272461,48.42770004272461,48.42770004272461,337,0.0,0.0
2024-07-12 15:00:00-04:00,48.80500030517578,48.80500030517578,48.80500030517578,48.80500030517578,510,0.0,0.0
2024-07-12 15:05:00-04:00,48.654998779296875,48.654998779296875,48.654998779296875,48.654998779296875,139,0.0,0.0
2024-07-12 15:10:00-04:00,48.665000915527344,48.665000915527344,48.665000915527344,48.665000915527344,436,0.0,0.0
2024-07-12 15:20:00-04:00,48.75,48.95000076293945,48.75,48.95000076293945,954,0.0,0.0
2024-07-12 15:25:00-04:00,48.970001220703125,49.025001525878906,48.54010009765625,48.65010070800781,1207,0.0,0.0
2024-07-12 15:30:00-04:00,48.79999923706055,48.79999923706055,48.72999954223633,48.7400016784668,919,0.0,0.0
2024-07-12 15:40:00-04:00,48.81999969482422,48.81999969482422,48.81999969482422,48.81999969482422,674,0.0,0.0
2024-07-12 15:45:00-04:00,49.02000045776367,49.02000045776367,48.775001525878906,48.775001525878906,1072,0.0,0.0
2024-07-12 15:50:00-04:00,48.41999816894531,48.41999816894531,48.150001525878906,48.150001525878906,228,0.0,0.0
2024-07-12 15:55:00-04:00,48.130001068115234,48.900001525878906,48.130001068115234,48.63999938964844,1613,0.0,0.0
2024-07-15 09:35:00-04:00,50.0,51.27000045776367,50.0,51.27000045776367,4078,0.0,0.0
2024-07-15 09:40:00-04:00,50.349998474121094,50.349998474121094,50.349998474121094,50.349998474121094,397,0.0,0.0
2024-07-15 09:45:00-04:00,50.4900016784668,50.4900016784668,50.3400993347168,50.400001525878906,437,0.0,0.0
2024-07-15 09:50:00-04:00,50.439998626708984,50.439998626708984,50.439998626708984,50.439998626708984,2228,0.0,0.0
2024-07-15 09:55:00-04:00,50.29999923706055,50.29999923706055,50.29999923706055,50.29999923706055,709,0.0,0.0
2024-07-15 10:15:00-04:00,51.083499908447266,51.083499908447266,51.083499908447266,51.083499908447266,556,0.0,0.0
2024-07-15 10:25:00-04:00,50.04499816894531,50.099998474121094,50.0099983215332,50.099998474121094,1523,0.0,0.0
2024-07-15 10:30:00-04:00,50.06800079345703,50.34000015258789,49.29999923706055,49.61650085449219,6438,0.0,0.0
2024-07-15 10:35:00-04:00,49.790000915527344,50.02000045776367,49.63019943237305,49.658199310302734,3289,0.0,0.0
2024-07-15 10:40:00-04:00,49.63019943237305,50.75600051879883,49.63019943237305,50.75600051879883,8788,0.0,0.0
2024-07-15 10:45:00-04:00,49.7599983215332,50.20000076293945,49.439998626708984,50.05099868774414,4371,0.0,0.0
2024-07-15 10:50:00-04:00,49.4900016784668,50.05590057373047,49.310001373291016,49.790000915527344,3356,0.0,0.0
2024-07-15 10:55:00-04:00,49.060001373291016,49.152801513671875,48.099998474121094,48.099998474121094,4834,0.0,0.0
2024-07-15 11:00:00-04:00,49.0099983215332,49.0099983215332,48.189998626708984,48.189998626708984,2941,0.0,0.0
2024-07-15 11:05:00-04:00,49.314998626708984,49.314998626708984,47.29999923706055,47.63999938964844,10609,0.0,0.0
2024-07-15 11:10:00-04:00,47.974998474121094,47.974998474121094,47.974998474121094,47.974998474121094,825,0.0,0.0
2024-07-15 11:15:00-04:00,47.404998779296875,47.65019989013672,47.404998779296875,47.65019989013672,914,0.0,0.0
2024-07-15 11:25:00-04:00,47.641998291015625,47.641998291015625,47.641998291015625,47.641998291015625,292,0.0,0.0
2024-07-15 11:30:00-04:00,48.0,48.0,48.0,48.0,2313,0.0,0.0
2024-07-15 11:40:00-04:00,48.349998474121094,48.349998474121094,48.209999084472656,48.209999084472656,622,0.0,0.0
2024-07-15 11:45:00-04:00,48.099998474121094,48.349998474121094,48.099998474121094,48.349998474121094,1024,0.0,0.0
2024-07-15 11:55:00-04:00,48.584999084472656,48.584999084472656,48.584999084472656,48.584999084472656,1962,0.0,0.0
2024-07-15 12:25:00-04:00,48.290000915527344,48.290000915527344,48.290000915527344,48.290000915527344,1036,0.0,0.0
2024-07-15 12:35:00-04:00,47.61000061035156,47.61000061035156,47.61000061035156,47.61000061035156,536,0.0,0.0
2024-07-15 12:50:00-04:00,47.630001068115234,47.630001068115234,47.619998931884766,47.619998931884766,553,0.0,0.0
2024-07-15 12:55:00-04:00,47.70000076293945,47.70000076293945,47.70000076293945,47.70000076293945,954,0.0,0.0
2024-07-15 13:10:00-04:00,47.939998626708984,48.540000915527344,47.939998626708984,48.540000915527344,1206,0.0,0.0
2024-07-15 13:25:00-04:00,48.459999084472656,48.459999084472656,48.459999084472656,48.459999084472656,281,0.0,0.0
2024-07-15 14:35:00-04:00,48.44499969482422,48.44499969482422,48.44499969482422,48.44499969482422,3070,0.0,0.0
2024-07-15 14:45:00-04:00,48.189998626708984,48.189998626708984,48.189998626708984,48.189998626708984,1063,0.0,0.0
2024-07-15 15:00:00-04:00,48.650001525878906,48.650001525878906,48.650001525878906,48.650001525878906,308,0.0,0.0
2024-07-15 15:05:00-04:00,49.01279830932617,49.01279830932617,48.97999954223633,48.97999954223633,1541,0.0,0.0
2024-07-15 15:20:00-04:00,48.84000015258789,49.31999969482422,48.84000015258789,49.20500183105469,4285,0.0,0.0
2024-07-15 15:50:00-04:00,49.39500045776367,49.39500045776367,49.39500045776367,49.39500045776367,749,0.0,0.0
2024-07-15 15:55:00-04:00,49.525001525878906,49.599998474121094,48.75,48.75,7166,0.0,0.0
2024-07-16 09:35:00-04:00,50.185001373291016,51.16389846801758,50.185001373291016,51.16389846801758,5919,0.0,0.0
2024-07-16 09:40:00-04:00,50.43009948730469,51.77000045776367,50.43009948730469,51.66999816894531,4555,0.0,0.0
2024-07-16 09:45:00-04:00,51.350101470947266,51.61000061035156,50.310001373291016,50.310001373291016,2561,0.0,0.0
2024-07-16 09:50:00-04:00,49.25,49.25,49.25,49.25,3338,0.0,0.0
2024-07-16 09:55:00-04:00,51.81999969482422,51.849998474121094,51.81999969482422,51.849998474121094,1172,0.0,0.0
2024-07-16 10:05:00-04:00,53.060001373291016,53.06999969482422,52.720001220703125,52.720001220703125,925,0.0,0.0
2024-07-16 10:10:00-04:00,53.060001373291016,53.63359832763672,53.02000045776367,53.63359832763672,2182,0.0,0.0
2024-07-16 10:15:00-04:00,52.337501525878906,52.337501525878906,52.337501525878906,52.337501525878906,529,0.0,0.0
2024-07-16 10:20:00-04:00,52.95000076293945,52.95000076293945,52.80500030517578,52.80500030517578,755,0.0,0.0
2024-07-16 10:30:00-04:00,51.290000915527344,51.290000915527344,51.290000915527344,51.290000915527344,637,0.0,0.0
2024-07-16 10:35:00-04:00,53.25,53.29999923706055,53.25,53.29999923706055,1381,0.0,0.0
2024-07-16 10:45:00-04:00,53.525001525878906,53.525001525878906,53.1349983215332,53.1349983215332,2270,0.0,0.0
2024-07-16 11:00:00-04:00,52.56999969482422,53.59000015258789,51.97999954223633,52.62099838256836,5859,0.0,0.0
2024-07-16 11:05:00-04:00,52.609901428222656,52.61009979248047,51.250099182128906,51.29999923706055,2376,0.0,0.0
2024-07-16 11:10:00-04:00,52.34000015258789,52.34000015258789,52.34000015258789,52.34000015258789,1486,0.0,0.0
2024-07-16 11:30:00-04:00,51.57109832763672,51.57109832763672,51.57109832763672,51.57109832763672,981,0.0,0.0
2024-07-16 11:50:00-04:00,52.040000915527344,52.040000915527344,52.040000915527344,52.040000915527344,957,0.0,0.0
2024-07-16 12:10:00-04:00,52.470001220703125,53.0,52.470001220703125,53.0,2357,0.0,0.0
2024-07-16 12:30:00-04:00,52.1150016784668,52.1150016784668,52.1150016784668,52.1150016784668,4496,0.0,0.0
2024-07-16 12:55:00-04:00,52.400001525878906,52.400001525878906,52.400001525878906,52.400001525878906,294,0.0,0.0
2024-07-16 13:00:00-04:00,51.61000061035156,51.61000061035156,51.61000061035156,51.61000061035156,2284,0.0,0.0
2024-07-16 13:25:00-04:00,52.0,52.0,52.0,52.0,596,0.0,0.0
2024-07-16 13:35:00-04:00,51.589298248291016,51.589298248291016,51.029998779296875,51.029998779296875,1391,0.0,0.0
2024-07-16 14:50:00-04:00,51.93000030517578,51.939998626708984,51.93000030517578,51.939998626708984,1505,0.0,0.0
2024-07-16 15:05:00-04:00,52.279998779296875,52.279998779296875,52.25,52.25,1470,0.0,0.0
2024-07-16 15:35:00-04:00,52.31999969482422,52.33000183105469,52.31999969482422,52.33000183105469,2492,0.0,0.0
2024-07-16 15:55:00-04:00,52.040000915527344,52.29999923706055,52.040000915527344,52.29999923706055,3007,0.0,0.0
2024-07-17 09:30:00-04:00,52.18000030517578,52.18000030517578,52.18000030517578,52.18000030517578,915,0.0,0.0
2024-07-17 09:35:00-04:00,52.15999984741211,52.16999816894531,52.06999969482422,52.06999969482422,1664,0.0,0.0
2024-07-17 10:00:00-04:00,51.4900016784668,51.4900016784668,51.4900016784668,51.4900016784668,349,0.0,0.0
2024-07-17 10:05:00-04:00,51.099998474121094,51.099998474121094,51.099998474121094,51.099998474121094,614,0.0,0.0
2024-07-17 10:15:00-04:00,49.637699127197266,49.637699127197266,49.637699127197266,49.637699127197266,1108,0.0,0.0
2024-07-17 10:20:00-04:00,49.619998931884766,49.619998931884766,49.369998931884766,49.369998931884766,1490,0.0,0.0
2024-07-17 10:35:00-04:00,48.384700775146484,48.384700775146484,48.384700775146484,48.384700775146484,217,0.0,0.0
2024-07-17 10:40:00-04:00,48.20399856567383,48.20399856567383,48.20399856567383,48.20399856567383,303,0.0,0.0
2024-07-17 10:45:00-04:00,49.232398986816406,49.232398986816406,48.959999084472656,48.959999084472656,1402,0.0,0.0
2024-07-17 10:55:00-04:00,49.36000061035156,49.36000061035156,49.36000061035156,49.36000061035156,202,0.0,0.0
2024-07-17 11:05:00-04:00,49.43000030517578,49.43000030517578,48.54999923706055,48.54999923706055,1898,0.0,0.0
2024-07-17 11:35:00-04:00,47.43000030517578,47.43000030517578,47.43000030517578,47.43000030517578,1364,0.0,0.0
2024-07-17 11:50:00-04:00,48.33209991455078,48.33209991455078,48.33209991455078,48.33209991455078,277,0.0,0.0
2024-07-17 12:00:00-04:00,48.0,48.13999938964844,48.0,48.13999938964844,510,0.0,0.0
2024-07-17 12:05:00-04:00,48.716800689697266,48.716800689697266,48.716800689697266,48.716800689697266,949,0.0,0.0
2024-07-17 12:10:00-04:00,48.496700286865234,48.496700286865234,48.496700286865234,48.496700286865234,182,0.0,0.0
2024-07-17 12:25:00-04:00,47.32740020751953,48.02000045776367,47.32740020751953,48.02000045776367,1181,0.0,0.0
2024-07-17 12:35:00-04:00,48.579898834228516,48.579898834228516,48.579898834228516,48.579898834228516,536,0.0,0.0
2024-07-17 13:05:00-04:00,47.40599822998047,47.40599822998047,47.40599822998047,47.40599822998047,1669,0.0,0.0
2024-07-17 13:25:00-04:00,49.38169860839844,49.38169860839844,49.38169860839844,49.38169860839844,241,0.0,0.0
2024-07-17 13:35:00-04:00,49.061100006103516,49.061100006103516,49.0,49.0,2005,0.0,0.0
2024-07-17 13:50:00-04:00,49.704898834228516,49.704898834228516,49.704898834228516,49.704898834228516,400,0.0,0.0
2024-07-17 13:55:00-04:00,49.473201751708984,49.92210006713867,49.473201751708984,49.92210006713867,1972,0.0,0.0
2024-07-17 14:30:00-04:00,48.797698974609375,48.797698974609375,48.797698974609375,48.797698974609375,411,0.0,0.0
2024-07-17 14:35:00-04:00,48.797698974609375,48.797698974609375,48.797698974609375,48.797698974609375,479,0.0,0.0
2024-07-17 14:40:00-04:00,48.779998779296875,48.779998779296875,48.560001373291016,48.560001373291016,1298,0.0,0.0
2024-07-17 15:15:00-04:00,47.939998626708984,47.939998626708984,47.939998626708984,47.939998626708984,379,0.0,0.0
2024-07-17 15:25:00-04:00,48.46500015258789,48.46500015258789,48.46500015258789,48.46500015258789,649,0.0,0.0
2024-07-17 15:30:00-04:00,48.720001220703125,48.72999954223633,48.720001220703125,48.72999954223633,866,0.0,0.0
2024-07-17 15:35:00-04:00,49.099998474121094,49.15999984741211,49.0,49.0,1130,0.0,0.0
2024-07-17 15:40:00-04:00,48.70000076293945,48.790000915527344,48.70000076293945,48.790000915527344,1593,0.0,0.0
2024-07-17 15:55:00-04:00,48.63999938964844,48.63999938964844,48.349998474121094,48.349998474121094,2605,0.0,0.0
2024-07-18 10:10:00-04:00,48.810001373291016,48.810001373291016,48.810001373291016,48.810001373291016,419,0.0,0.0
2024-07-18 10:50:00-04:00,47.209999084472656,47.209999084472656,47.209999084472656,47.209999084472656,763,0.0,0.0
2024-07-18 11:10:00-04:00,47.209999084472656,47.209999084472656,47.209999084472656,47.209999084472656,481,0.0,0.0
2024-07-18 11:30:00-04:00,47.220001220703125,47.27000045776367,47.220001220703125,47.27000045776367,3048,0.0,0.0
2024-07-18 12:20:00-04:00,47.40769958496094,47.4900016784668,47.40769958496094,47.4900016784668,3683,0.0,0.0
2024-07-18 14:00:00-04:00,47.17850112915039,47.17850112915039,47.17850112915039,47.17850112915039,193,0.0,0.0
2024-07-18 14:25:00-04:00,47.541500091552734,47.541500091552734,47.541500091552734,47.541500091552734,882,0.0,0.0
2024-07-18 14:40:00-04:00,47.935001373291016,47.935001373291016,47.935001373291016,47.935001373291016,2227,0.0,0.0
2024-07-18 15:40:00-04:00,47.18000030517578,47.18000030517578,47.18000030517578,47.18000030517578,1916,0.0,0.0
2024-07-18 15:55:00-04:00,46.65999984741211,46.65999984741211,46.65999984741211,46.65999984741211,2054,0.0,0.0
2024-07-19 09:30:00-04:00,46.959999084472656,46.959999084472656,45.130001068115234,45.130001068115234,1231,0.0,0.0
2024-07-19 09:40:00-04:00,46.30500030517578,46.30500030517578,46.30500030517578,46.30500030517578,338,0.0,0.0
2024-07-19 10:00:00-04:00,46.30500030517578,46.30500030517578,46.30500030517578,46.30500030517578,311,0.0,0.0
2024-07-19 10:15:00-04:00,45.06999969482422,45.790000915527344,45.06999969482422,45.34000015258789,1893,0.0,0.0
2024-07-19 10:20:00-04:00,45.30950164794922,45.50389862060547,45.035499572753906,45.060001373291016,7648,0.0,0.0
2024-07-19 10:25:00-04:00,45.29990005493164,45.91999816894531,44.9900016784668,45.5,8033,0.0,0.0
2024-07-19 10:30:00-04:00,44.97999954223633,45.69499969482422,44.220001220703125,45.029998779296875,11077,0.0,0.0
2024-07-19 10:35:00-04:00,44.66999816894531,45.150001525878906,44.66999816894531,45.048301696777344,2463,0.0,0.0
2024-07-19 10:55:00-04:00,45.34989929199219,45.34989929199219,45.34989929199219,45.34989929199219,315,0.0,0.0
2024-07-19 11:15:00-04:00,44.380001068115234,44.380001068115234,43.9900016784668,44.044498443603516,2702,0.0,0.0
2024-07-19 11:45:00-04:00,43.52000045776367,43.59000015258789,43.52000045776367,43.59000015258789,563,0.0,0.0
2024-07-19 11:50:00-04:00,43.81999969482422,43.81999969482422,43.349998474121094,43.349998474121094,243,0.0,0.0
2024-07-19 11:55:00-04:00,43.439998626708984,43.439998626708984,43.439998626708984,43.439998626708984,189,0.0,0.0
2024-07-19 12:00:00-04:00,43.650001525878906,44.52000045776367,43.650001525878906,44.52000045776367,4420,0.0,0.0
2024-07-19 12:05:00-04:00,44.52000045776367,44.79999923706055,44.52000045776367,44.79999923706055,2640,0.0,0.0
2024-07-19 12:45:00-04:00,45.604698181152344,45.604698181152344,45.604698181152344,45.604698181152344,393,0.0,0.0
2024-07-19 12:55:00-04:00,45.19499969482422,45.19499969482422,45.19499969482422,45.19499969482422,181,0.0,0.0
2024-07-19 13:05:00-04:00,45.165000915527344,45.165000915527344,45.165000915527344,45.165000915527344,764,0.0,0.0
2024-07-19 13:30:00-04:00,44.52000045776367,44.52000045776367,44.52000045776367,44.52000045776367,659,0.0,0.0
2024-07-19 13:45:00-04:00,44.81999969482422,44.81999969482422,44.81999969482422,44.81999969482422,1380,0.0,0.0
2024-07-19 14:25:00-04:00,44.540000915527344,44.54499816894531,44.51499938964844,44.54499816894531,1937,0.0,0.0
2024-07-19 14:30:00-04:00,44.52000045776367,44.52000045776367,44.52000045776367,44.52000045776367,533,0.0,0.0
2024-07-19 14:40:00-04:00,44.804901123046875,44.804901123046875,44.07500076293945,44.1150016784668,4514,0.0,0.0
2024-07-19 14:45:00-04:00,44.52000045776367,44.81999969482422,44.38999938964844,44.81999969482422,970,0.0,0.0
2024-07-19 14:50:00-04:00,44.525001525878906,44.68000030517578,44.525001525878906,44.61000061035156,3147,0.0,0.0
2024-07-19 14:55:00-04:00,44.4900016784668,45.11000061035156,44.28499984741211,45.04999923706055,4824,0.0,0.0
2024-07-19 15:00:00-04:00,45.0,45.189998626708984,44.86000061035156,45.189998626708984,1274,0.0,0.0
2024-07-19 15:05:00-04:00,45.0,45.09000015258789,45.0,45.09000015258789,1189,0.0,0.0
2024-07-19 15:15:00-04:00,45.310001373291016,45.310001373291016,45.310001373291016,45.310001373291016,1276,0.0,0.0
2024-07-19 15:50:00-04:00,45.328399658203125,45.328399658203125,45.328399658203125,45.328399658203125,1337,0.0,0.0
2024-07-19 15:55:00-04:00,45.45000076293945,45.45000076293945,45.29999923706055,45.29999923706055,2508,0.0,0.0
