Datetime,Open,High,Low,Close,Volume,Dividends,Stock Splits
2024-06-20 09:30:00-04:00,71.0,71.33000183105469,70.78500366210938,71.26000213623047,909499,0.0,0.0
2024-06-20 09:35:00-04:00,71.23999786376953,71.4000015258789,70.91000366210938,70.95999908447266,287430,0.0,0.0
2024-06-20 09:40:00-04:00,70.95999908447266,71.33999633789062,70.93000030517578,71.23999786376953,306356,0.0,0.0
2024-06-20 09:45:00-04:00,71.23999786376953,71.61000061035156,71.16000366210938,71.48500061035156,248488,0.0,0.0
2024-06-20 09:50:00-04:00,71.48999786376953,71.6500015258789,71.33000183105469,71.33999633789062,256368,0.0,0.0
2024-06-20 09:55:00-04:00,71.33000183105469,71.33999633789062,71.19599914550781,71.32499694824219,121212,0.0,0.0
2024-06-20 10:00:00-04:00,71.32499694824219,71.55500030517578,71.30000305175781,71.54000091552734,225644,0.0,0.0
2024-06-20 10:05:00-04:00,71.54000091552734,71.87000274658203,71.46099853515625,71.81999969482422,289141,0.0,0.0
2024-06-20 10:10:00-04:00,71.83000183105469,71.83000183105469,71.5999984741211,71.7302017211914,219443,0.0,0.0
2024-06-20 10:15:00-04:00,71.73999786376953,71.76000213623047,71.56500244140625,71.7249984741211,183806,0.0,0.0
2024-06-20 10:20:00-04:00,71.7300033569336,71.77999877929688,71.6500015258789,71.73999786376953,110180,0.0,0.0
2024-06-20 10:25:00-04:00,71.73999786376953,72.09220123291016,71.70500183105469,72.04000091552734,158137,0.0,0.0
2024-06-20 10:30:00-04:00,72.02999877929688,72.06999969482422,71.83999633789062,71.94999694824219,205402,0.0,0.0
2024-06-20 10:35:00-04:00,71.95500183105469,72.08999633789062,71.91259765625,72.02999877929688,204345,0.0,0.0
2024-06-20 10:40:00-04:00,72.0199966430664,72.0199966430664,71.80000305175781,71.80000305175781,147186,0.0,0.0
2024-06-20 10:45:00-04:00,71.80000305175781,72.02999877929688,71.80000305175781,71.9800033569336,142593,0.0,0.0
2024-06-20 10:50:00-04:00,71.9749984741211,71.98500061035156,71.6624984741211,71.68000030517578,225755,0.0,0.0
2024-06-20 10:55:00-04:00,71.67500305175781,71.73999786376953,71.6500015258789,71.70500183105469,166647,0.0,0.0
2024-06-20 11:00:00-04:00,71.70999908447266,71.7300033569336,71.61000061035156,71.7300033569336,114469,0.0,0.0
2024-06-20 11:05:00-04:00,71.72000122070312,71.73500061035156,71.5250015258789,71.625,141279,0.0,0.0
2024-06-20 11:10:00-04:00,71.62809753417969,71.86000061035156,71.5999984741211,71.8499984741211,91125,0.0,0.0
2024-06-20 11:15:00-04:00,71.8499984741211,72.04000091552734,71.82499694824219,71.9800033569336,111722,0.0,0.0
2024-06-20 11:20:00-04:00,71.97000122070312,72.04499816894531,71.76010131835938,71.87999725341797,146623,0.0,0.0
2024-06-20 11:25:00-04:00,71.88500213623047,71.88500213623047,71.6500015258789,71.6500015258789,154576,0.0,0.0
2024-06-20 11:30:00-04:00,71.63999938964844,71.8499984741211,71.58499908447266,71.7925033569336,175701,0.0,0.0
2024-06-20 11:35:00-04:00,71.79000091552734,71.875,71.65010070800781,71.66000366210938,71531,0.0,0.0
2024-06-20 11:40:00-04:00,71.66000366210938,71.7750015258789,71.6500015258789,71.75499725341797,65768,0.0,0.0
2024-06-20 11:45:00-04:00,71.75499725341797,71.9000015258789,71.75499725341797,71.88999938964844,100068,0.0,0.0
2024-06-20 11:50:00-04:00,71.91999816894531,71.95999908447266,71.875,71.93499755859375,83888,0.0,0.0
2024-06-20 11:55:00-04:00,71.93499755859375,72.09500122070312,71.93000030517578,71.9800033569336,132463,0.0,0.0
2024-06-20 12:00:00-04:00,71.9800033569336,72.19000244140625,71.9800033569336,72.16500091552734,88234,0.0,0.0
2024-06-20 12:05:00-04:00,72.16999816894531,72.18949890136719,72.11499786376953,72.16500091552734,83082,0.0,0.0
2024-06-20 12:10:00-04:00,72.16999816894531,72.23999786376953,72.16500091552734,72.23500061035156,120745,0.0,0.0
2024-06-20 12:15:00-04:00,72.23500061035156,72.30500030517578,72.19000244140625,72.2699966430664,79570,0.0,0.0
2024-06-20 12:20:00-04:00,72.2699966430664,72.2699966430664,72.06999969482422,72.08999633789062,153774,0.0,0.0
2024-06-20 12:25:00-04:00,72.08499908447266,72.12999725341797,72.04499816894531,72.05000305175781,66751,0.0,0.0
2024-06-20 12:30:00-04:00,72.04499816894531,72.11000061035156,71.98999786376953,72.04989624023438,120721,0.0,0.0
2024-06-20 12:35:00-04:00,72.05000305175781,72.12000274658203,71.94999694824219,71.94999694824219,83890,0.0,0.0
2024-06-20 12:40:00-04:00,71.94999694824219,71.98500061035156,71.80999755859375,71.81500244140625,98932,0.0,0.0
2024-06-20 12:45:00-04:00,71.81500244140625,71.84110260009766,71.75,71.76000213623047,114633,0.0,0.0
2024-06-20 12:50:00-04:00,71.75,71.83999633789062,71.69000244140625,71.69999694824219,152246,0.0,0.0
2024-06-20 12:55:00-04:00,71.69000244140625,71.77999877929688,71.68000030517578,71.76010131835938,96137,0.0,0.0
2024-06-20 13:00:00-04:00,71.7699966430664,71.81999969482422,71.66000366210938,71.8125,66827,0.0,0.0
2024-06-20 13:05:00-04:00,71.79499816894531,71.83999633789062,71.72000122070312,71.81990051269531,53626,0.0,0.0
2024-06-20 13:10:00-04:00,71.81999969482422,71.94000244140625,71.81999969482422,71.91500091552734,89547,0.0,0.0
2024-06-20 13:15:00-04:00,71.91500091552734,71.96510314941406,71.875,71.91999816894531,103045,0.0,0.0
2024-06-20 13:20:00-04:00,71.91999816894531,71.94999694824219,71.88500213623047,71.91000366210938,107767,0.0,0.0
2024-06-20 13:25:00-04:00,71.91000366210938,71.98500061035156,71.90499877929688,71.90499877929688,97637,0.0,0.0
2024-06-20 13:30:00-04:00,71.90499877929688,72.16000366210938,71.8949966430664,72.15499877929688,103943,0.0,0.0
2024-06-20 13:35:00-04:00,72.1500015258789,72.2750015258789,72.12999725341797,72.2750015258789,118604,0.0,0.0
2024-06-20 13:40:00-04:00,72.2750015258789,72.38500213623047,72.26000213623047,72.31500244140625,83537,0.0,0.0
2024-06-20 13:45:00-04:00,72.31999969482422,72.37000274658203,72.27999877929688,72.3550033569336,68429,0.0,0.0
2024-06-20 13:50:00-04:00,72.3550033569336,72.46499633789062,72.33499908447266,72.46499633789062,85074,0.0,0.0
2024-06-20 13:55:00-04:00,72.47000122070312,72.56999969482422,72.44999694824219,72.55500030517578,191099,0.0,0.0
2024-06-20 14:00:00-04:00,72.55500030517578,72.55500030517578,72.44000244140625,72.52999877929688,100824,0.0,0.0
2024-06-20 14:05:00-04:00,72.53500366210938,72.55999755859375,72.44000244140625,72.44999694824219,93219,0.0,0.0
2024-06-20 14:10:00-04:00,72.44999694824219,72.4800033569336,72.31999969482422,72.40499877929688,88224,0.0,0.0
2024-06-20 14:15:00-04:00,72.40499877929688,72.40499877929688,72.33499908447266,72.36499786376953,91610,0.0,0.0
2024-06-20 14:20:00-04:00,72.36499786376953,72.38999938964844,72.31500244140625,72.375,75906,0.0,0.0
2024-06-20 14:25:00-04:00,72.375,72.41500091552734,72.3550033569336,72.41000366210938,62331,0.0,0.0
2024-06-20 14:30:00-04:00,72.41999816894531,72.44999694824219,72.3550033569336,72.37000274658203,79054,0.0,0.0
2024-06-20 14:35:00-04:00,72.37000274658203,72.41500091552734,72.33000183105469,72.3499984741211,134146,0.0,0.0
2024-06-20 14:40:00-04:00,72.36000061035156,72.40499877929688,72.30999755859375,72.3550033569336,91876,0.0,0.0
2024-06-20 14:45:00-04:00,72.3499984741211,72.43000030517578,72.32499694824219,72.41500091552734,109942,0.0,0.0
2024-06-20 14:50:00-04:00,72.41500091552734,72.43499755859375,72.37000274658203,72.41500091552734,133488,0.0,0.0
2024-06-20 14:55:00-04:00,72.41999816894531,72.43000030517578,72.37999725341797,72.38500213623047,107326,0.0,0.0
2024-06-20 15:00:00-04:00,72.38500213623047,72.41999816894531,72.28500366210938,72.33000183105469,156056,0.0,0.0
2024-06-20 15:05:00-04:00,72.32499694824219,72.36000061035156,72.22000122070312,72.29000091552734,132754,0.0,0.0
2024-06-20 15:10:00-04:00,72.29000091552734,72.38999938964844,72.26000213623047,72.38999938964844,142815,0.0,0.0
2024-06-20 15:15:00-04:00,72.38999938964844,72.45500183105469,72.36499786376953,72.38999938964844,174634,0.0,0.0
2024-06-20 15:20:00-04:00,72.38999938964844,72.61499786376953,72.38999938964844,72.51000213623047,205675,0.0,0.0
2024-06-20 15:25:00-04:00,72.51499938964844,72.77999877929688,72.51000213623047,72.73999786376953,179975,0.0,0.0
2024-06-20 15:30:00-04:00,72.7490005493164,72.75,72.66500091552734,72.72219848632812,182400,0.0,0.0
2024-06-20 15:35:00-04:00,72.72000122070312,72.86000061035156,72.66999816894531,72.86000061035156,176361,0.0,0.0
2024-06-20 15:40:00-04:00,72.86000061035156,72.88999938964844,72.7699966430664,72.7750015258789,220548,0.0,0.0
2024-06-20 15:45:00-04:00,72.7699966430664,72.80999755859375,72.70500183105469,72.71499633789062,269309,0.0,0.0
2024-06-20 15:50:00-04:00,72.70999908447266,72.80000305175781,72.68000030517578,72.73500061035156,371122,0.0,0.0
2024-06-20 15:55:00-04:00,72.73999786376953,72.73999786376953,72.45999908447266,72.48999786376953,950040,0.0,0.0
2024-06-21 09:30:00-04:00,73.36000061035156,73.69000244140625,72.95999908447266,73.0199966430664,5097765,0.0,0.0
2024-06-21 09:35:00-04:00,73.0250015258789,73.37000274658203,72.88500213623047,73.05999755859375,265810,0.0,0.0
2024-06-21 09:40:00-04:00,73.05999755859375,73.19999694824219,72.91000366210938,72.93990325927734,253573,0.0,0.0
2024-06-21 09:45:00-04:00,72.93000030517578,73.08989715576172,72.76000213623047,73.01000213623047,203830,0.0,0.0
2024-06-21 09:50:00-04:00,73.01000213623047,73.05500030517578,72.4000015258789,72.41500091552734,203555,0.0,0.0
2024-06-21 09:55:00-04:00,72.43000030517578,72.83000183105469,72.41999816894531,72.56520080566406,120090,0.0,0.0
2024-06-21 10:00:00-04:00,72.56500244140625,72.65499877929688,72.41999816894531,72.5,158131,0.0,0.0
2024-06-21 10:05:00-04:00,72.4800033569336,72.61000061035156,72.41500091552734,72.51000213623047,189329,0.0,0.0
2024-06-21 10:10:00-04:00,72.50499725341797,72.95999908447266,72.50499725341797,72.95500183105469,133949,0.0,0.0
2024-06-21 10:15:00-04:00,72.95999908447266,72.97000122070312,72.58999633789062,72.62000274658203,74985,0.0,0.0
2024-06-21 10:20:00-04:00,72.62999725341797,72.83000183105469,72.61000061035156,72.79969787597656,69885,0.0,0.0
2024-06-21 10:25:00-04:00,72.77999877929688,73.11000061035156,72.77999877929688,73.0198974609375,89776,0.0,0.0
2024-06-21 10:30:00-04:00,73.01000213623047,73.02999877929688,72.81999969482422,72.87999725341797,78571,0.0,0.0
2024-06-21 10:35:00-04:00,72.88999938964844,73.04100036621094,72.88999938964844,72.97000122070312,64289,0.0,0.0
2024-06-21 10:40:00-04:00,72.97000122070312,73.08869934082031,72.88999938964844,72.95999908447266,94071,0.0,0.0
2024-06-21 10:45:00-04:00,72.94999694824219,73.03500366210938,72.8499984741211,72.9708023071289,68922,0.0,0.0
2024-06-21 10:50:00-04:00,72.95999908447266,73.01000213623047,72.87000274658203,72.91999816894531,50176,0.0,0.0
2024-06-21 10:55:00-04:00,72.91999816894531,73.0,72.79000091552734,72.8550033569336,131227,0.0,0.0
2024-06-21 11:00:00-04:00,72.8499984741211,72.8499984741211,72.69000244140625,72.69999694824219,59126,0.0,0.0
2024-06-21 11:05:00-04:00,72.69000244140625,72.69999694824219,72.62000274658203,72.66000366210938,53614,0.0,0.0
2024-06-21 11:10:00-04:00,72.6500015258789,72.69999694824219,72.55999755859375,72.62999725341797,84780,0.0,0.0
2024-06-21 11:15:00-04:00,72.625,72.66000366210938,72.52999877929688,72.55500030517578,56149,0.0,0.0
2024-06-21 11:20:00-04:00,72.55000305175781,72.5999984741211,72.45999908447266,72.45999908447266,97302,0.0,0.0
2024-06-21 11:25:00-04:00,72.45999908447266,72.48999786376953,72.37999725341797,72.37999725341797,50703,0.0,0.0
2024-06-21 11:30:00-04:00,72.37000274658203,72.37000274658203,72.22000122070312,72.24009704589844,93989,0.0,0.0
2024-06-21 11:35:00-04:00,72.25,72.26000213623047,72.13999938964844,72.2249984741211,136916,0.0,0.0
2024-06-21 11:40:00-04:00,72.2249984741211,72.27999877929688,72.16999816894531,72.20999908447266,114485,0.0,0.0
2024-06-21 11:45:00-04:00,72.19999694824219,72.31999969482422,72.18000030517578,72.30000305175781,90691,0.0,0.0
2024-06-21 11:50:00-04:00,72.30000305175781,72.38140106201172,72.24500274658203,72.27999877929688,70839,0.0,0.0
2024-06-21 11:55:00-04:00,72.26000213623047,72.45999908447266,72.2323989868164,72.44000244140625,115736,0.0,0.0
2024-06-21 12:00:00-04:00,72.44999694824219,72.4800033569336,72.37000274658203,72.44999694824219,97531,0.0,0.0
2024-06-21 12:05:00-04:00,72.44499969482422,72.50990295410156,72.43000030517578,72.4800033569336,94298,0.0,0.0
2024-06-21 12:10:00-04:00,72.4800033569336,72.48999786376953,72.44000244140625,72.44000244140625,46926,0.0,0.0
2024-06-21 12:15:00-04:00,72.44499969482422,72.55500030517578,72.44000244140625,72.53500366210938,63585,0.0,0.0
2024-06-21 12:20:00-04:00,72.5199966430664,72.5199966430664,72.4800033569336,72.51000213623047,36064,0.0,0.0
2024-06-21 12:25:00-04:00,72.51000213623047,72.56999969482422,72.51000213623047,72.55500030517578,44111,0.0,0.0
2024-06-21 12:30:00-04:00,72.55999755859375,72.58499908447266,72.4800033569336,72.4800033569336,40837,0.0,0.0
2024-06-21 12:35:00-04:00,72.4800033569336,72.52999877929688,72.4000015258789,72.5250015258789,169594,0.0,0.0
2024-06-21 12:40:00-04:00,72.52999877929688,72.68499755859375,72.5250015258789,72.66000366210938,55509,0.0,0.0
2024-06-21 12:45:00-04:00,72.66999816894531,72.66999816894531,72.61000061035156,72.66000366210938,33763,0.0,0.0
2024-06-21 12:50:00-04:00,72.6500015258789,72.6500015258789,72.54000091552734,72.55999755859375,145772,0.0,0.0
2024-06-21 12:55:00-04:00,72.55999755859375,72.57499694824219,72.48999786376953,72.57499694824219,37609,0.0,0.0
2024-06-21 13:00:00-04:00,72.58000183105469,72.5999984741211,72.52999877929688,72.55000305175781,35823,0.0,0.0
2024-06-21 13:05:00-04:00,72.54100036621094,72.54499816894531,72.41000366210938,72.41000366210938,63573,0.0,0.0
2024-06-21 13:10:00-04:00,72.4000015258789,72.43000030517578,72.31999969482422,72.41000366210938,122294,0.0,0.0
2024-06-21 13:15:00-04:00,72.4000015258789,72.4000015258789,72.25499725341797,72.25499725341797,54228,0.0,0.0
2024-06-21 13:20:00-04:00,72.25499725341797,72.2699966430664,72.13999938964844,72.16999816894531,89051,0.0,0.0
2024-06-21 13:25:00-04:00,72.16000366210938,72.19999694824219,72.12999725341797,72.16500091552734,90234,0.0,0.0
2024-06-21 13:30:00-04:00,72.16000366210938,72.19979858398438,72.11000061035156,72.13500213623047,70729,0.0,0.0
2024-06-21 13:35:00-04:00,72.13500213623047,72.18000030517578,72.06999969482422,72.16999816894531,87661,0.0,0.0
2024-06-21 13:40:00-04:00,72.16999816894531,72.30999755859375,72.1500015258789,72.24500274658203,137202,0.0,0.0
2024-06-21 13:45:00-04:00,72.23999786376953,72.33000183105469,72.18000030517578,72.33000183105469,62292,0.0,0.0
2024-06-21 13:50:00-04:00,72.33000183105469,72.5,72.32499694824219,72.5,106762,0.0,0.0
2024-06-21 13:55:00-04:00,72.5,72.56500244140625,72.47000122070312,72.47000122070312,70180,0.0,0.0
2024-06-21 14:00:00-04:00,72.4800033569336,72.5199966430664,72.44499969482422,72.44999694824219,45122,0.0,0.0
2024-06-21 14:05:00-04:00,72.45999908447266,72.62999725341797,72.45999908447266,72.625,79029,0.0,0.0
2024-06-21 14:10:00-04:00,72.625,72.66000366210938,72.5801010131836,72.5801010131836,60175,0.0,0.0
2024-06-21 14:15:00-04:00,72.58999633789062,72.66000366210938,72.58499908447266,72.63999938964844,41176,0.0,0.0
2024-06-21 14:20:00-04:00,72.6500015258789,72.66929626464844,72.58499908447266,72.625,56780,0.0,0.0
2024-06-21 14:25:00-04:00,72.625,72.69000244140625,72.62000274658203,72.68000030517578,29215,0.0,0.0
2024-06-21 14:30:00-04:00,72.68000030517578,72.68499755859375,72.59500122070312,72.62000274658203,31070,0.0,0.0
2024-06-21 14:35:00-04:00,72.62000274658203,72.62000274658203,72.5199966430664,72.6050033569336,43171,0.0,0.0
2024-06-21 14:40:00-04:00,72.6050033569336,72.6500015258789,72.57499694824219,72.63999938964844,34780,0.0,0.0
2024-06-21 14:45:00-04:00,72.63999938964844,72.68000030517578,72.58000183105469,72.58499908447266,43393,0.0,0.0
2024-06-21 14:50:00-04:00,72.58000183105469,72.63999938964844,72.55000305175781,72.63999938964844,42445,0.0,0.0
2024-06-21 14:55:00-04:00,72.63500213623047,72.72000122070312,72.62999725341797,72.67500305175781,97405,0.0,0.0
2024-06-21 15:00:00-04:00,72.67500305175781,72.7300033569336,72.66000366210938,72.69999694824219,82047,0.0,0.0
2024-06-21 15:05:00-04:00,72.69499969482422,72.7699966430664,72.68000030517578,72.7249984741211,98360,0.0,0.0
2024-06-21 15:10:00-04:00,72.7249984741211,72.80500030517578,72.69000244140625,72.73500061035156,110999,0.0,0.0
2024-06-21 15:15:00-04:00,72.7300033569336,72.7699966430664,72.71009826660156,72.76499938964844,74847,0.0,0.0
2024-06-21 15:20:00-04:00,72.7699966430664,72.79000091552734,72.7300033569336,72.78500366210938,88403,0.0,0.0
2024-06-21 15:25:00-04:00,72.78500366210938,72.79000091552734,72.69999694824219,72.70999908447266,94177,0.0,0.0
2024-06-21 15:30:00-04:00,72.72000122070312,72.77999877929688,72.69999694824219,72.75499725341797,115763,0.0,0.0
2024-06-21 15:35:00-04:00,72.75499725341797,72.75499725341797,72.62999725341797,72.6500015258789,196608,0.0,0.0
2024-06-21 15:40:00-04:00,72.66000366210938,72.73500061035156,72.63999938964844,72.67500305175781,121873,0.0,0.0
2024-06-21 15:45:00-04:00,72.67500305175781,72.69999694824219,72.5999984741211,72.62999725341797,247360,0.0,0.0
2024-06-21 15:50:00-04:00,72.63999938964844,72.87000274658203,72.62999725341797,72.78500366210938,306513,0.0,0.0
2024-06-21 15:55:00-04:00,72.79000091552734,72.83000183105469,72.52999877929688,72.7699966430664,839535,0.0,0.0
2024-06-24 09:30:00-04:00,72.5,72.69000244140625,72.2699966430664,72.30999755859375,273635,0.0,0.0
2024-06-24 09:35:00-04:00,72.30999755859375,72.63999938964844,72.30999755859375,72.5999984741211,98343,0.0,0.0
2024-06-24 09:40:00-04:00,72.62000274658203,72.94999694824219,72.58000183105469,72.94000244140625,70128,0.0,0.0
2024-06-24 09:45:00-04:00,72.94999694824219,73.08000183105469,72.77999877929688,73.01000213623047,114880,0.0,0.0
2024-06-24 09:50:00-04:00,73.0199966430664,73.23999786376953,72.98999786376953,73.19999694824219,97314,0.0,0.0
2024-06-24 09:55:00-04:00,73.20999908447266,73.25499725341797,73.05000305175781,73.05000305175781,85558,0.0,0.0
2024-06-24 10:00:00-04:00,73.05000305175781,73.22000122070312,73.05000305175781,73.0999984741211,83027,0.0,0.0
2024-06-24 10:05:00-04:00,73.11000061035156,73.37999725341797,73.11000061035156,73.37999725341797,79729,0.0,0.0
2024-06-24 10:10:00-04:00,73.37999725341797,73.37999725341797,73.22000122070312,73.23999786376953,109954,0.0,0.0
2024-06-24 10:15:00-04:00,73.23999786376953,73.33000183105469,73.20500183105469,73.2699966430664,97963,0.0,0.0
2024-06-24 10:20:00-04:00,73.2699966430664,73.44499969482422,73.2699966430664,73.37000274658203,116416,0.0,0.0
2024-06-24 10:25:00-04:00,73.37999725341797,73.427001953125,73.23999786376953,73.41999816894531,53192,0.0,0.0
2024-06-24 10:30:00-04:00,73.43000030517578,73.55999755859375,73.41000366210938,73.51000213623047,96555,0.0,0.0
2024-06-24 10:35:00-04:00,73.51000213623047,73.51000213623047,73.2750015258789,73.31690216064453,85156,0.0,0.0
2024-06-24 10:40:00-04:00,73.31500244140625,73.5,73.30000305175781,73.48999786376953,60098,0.0,0.0
2024-06-24 10:45:00-04:00,73.48999786376953,73.625,73.46499633789062,73.5999984741211,154796,0.0,0.0
2024-06-24 10:50:00-04:00,73.5999984741211,73.74500274658203,73.56999969482422,73.69000244140625,65672,0.0,0.0
2024-06-24 10:55:00-04:00,73.69499969482422,73.7699966430664,73.61000061035156,73.65499877929688,69266,0.0,0.0
2024-06-24 11:00:00-04:00,73.6500015258789,73.69999694824219,73.44000244140625,73.55000305175781,77316,0.0,0.0
2024-06-24 11:05:00-04:00,73.54499816894531,73.625,73.5199966430664,73.55999755859375,61534,0.0,0.0
2024-06-24 11:10:00-04:00,73.55000305175781,73.57499694824219,73.51000213623047,73.5199966430664,80151,0.0,0.0
2024-06-24 11:15:00-04:00,73.52999877929688,73.54499816894531,73.5,73.51000213623047,51331,0.0,0.0
2024-06-24 11:20:00-04:00,73.51000213623047,73.61109924316406,73.49500274658203,73.61109924316406,62823,0.0,0.0
2024-06-24 11:25:00-04:00,73.5999984741211,73.61000061035156,73.55000305175781,73.55999755859375,41873,0.0,0.0
2024-06-24 11:30:00-04:00,73.55500030517578,73.58000183105469,73.45999908447266,73.56999969482422,75271,0.0,0.0
2024-06-24 11:35:00-04:00,73.55999755859375,73.6500015258789,73.4990005493164,73.54000091552734,155304,0.0,0.0
2024-06-24 11:40:00-04:00,73.54000091552734,73.62999725341797,73.51000213623047,73.5250015258789,110439,0.0,0.0
2024-06-24 11:45:00-04:00,73.5239028930664,73.54499816894531,73.16500091552734,73.2699966430664,572772,0.0,0.0
2024-06-24 11:50:00-04:00,73.27999877929688,73.56999969482422,73.2699966430664,73.5199966430664,124767,0.0,0.0
2024-06-24 11:55:00-04:00,73.5199966430664,73.59500122070312,73.51000213623047,73.55999755859375,81231,0.0,0.0
2024-06-24 12:00:00-04:00,73.55999755859375,73.58999633789062,73.30999755859375,73.31340026855469,54648,0.0,0.0
2024-06-24 12:05:00-04:00,73.30999755859375,73.38999938964844,73.22000122070312,73.38999938964844,54388,0.0,0.0
2024-06-24 12:10:00-04:00,73.37999725341797,73.41000366210938,73.32350158691406,73.41000366210938,28928,0.0,0.0
2024-06-24 12:15:00-04:00,73.41500091552734,73.4800033569336,73.37999725341797,73.41000366210938,51896,0.0,0.0
2024-06-24 12:20:00-04:00,73.41000366210938,73.48500061035156,73.36000061035156,73.41000366210938,50672,0.0,0.0
2024-06-24 12:25:00-04:00,73.41999816894531,73.4749984741211,73.41500091552734,73.44000244140625,42533,0.0,0.0
2024-06-24 12:30:00-04:00,73.44499969482422,73.56199645996094,73.44000244140625,73.51000213623047,72356,0.0,0.0
2024-06-24 12:35:00-04:00,73.5,73.56999969482422,73.5,73.55999755859375,36659,0.0,0.0
2024-06-24 12:40:00-04:00,73.55999755859375,73.56999969482422,73.48999786376953,73.53500366210938,41905,0.0,0.0
2024-06-24 12:45:00-04:00,73.52999877929688,73.63999938964844,73.5199966430664,73.57499694824219,50808,0.0,0.0
2024-06-24 12:50:00-04:00,73.57009887695312,73.58999633789062,73.5199966430664,73.5250015258789,36745,0.0,0.0
2024-06-24 12:55:00-04:00,73.52999877929688,73.61000061035156,73.5,73.54000091552734,44076,0.0,0.0
2024-06-24 13:00:00-04:00,73.54000091552734,73.66999816894531,73.5199966430664,73.66000366210938,56410,0.0,0.0
2024-06-24 13:05:00-04:00,73.66999816894531,73.70999908447266,73.56999969482422,73.63899993896484,125355,0.0,0.0
2024-06-24 13:10:00-04:00,73.63999938964844,73.7300033569336,73.63999938964844,73.70999908447266,45863,0.0,0.0
2024-06-24 13:15:00-04:00,73.70999908447266,73.81500244140625,73.70999908447266,73.79000091552734,49027,0.0,0.0
2024-06-24 13:20:00-04:00,73.79499816894531,73.86499786376953,73.79000091552734,73.79000091552734,42908,0.0,0.0
2024-06-24 13:25:00-04:00,73.80000305175781,73.87999725341797,73.77999877929688,73.82499694824219,52842,0.0,0.0
2024-06-24 13:30:00-04:00,73.82499694824219,73.82499694824219,73.75,73.75,50774,0.0,0.0
2024-06-24 13:35:00-04:00,73.74500274658203,73.89969635009766,73.73999786376953,73.89969635009766,60001,0.0,0.0
2024-06-24 13:40:00-04:00,73.9000015258789,73.97000122070312,73.8949966430664,73.95500183105469,75835,0.0,0.0
2024-06-24 13:45:00-04:00,73.95500183105469,73.95999908447266,73.9000015258789,73.90499877929688,94409,0.0,0.0
2024-06-24 13:50:00-04:00,73.9000015258789,73.93000030517578,73.8499984741211,73.93000030517578,52301,0.0,0.0
2024-06-24 13:55:00-04:00,73.91999816894531,73.9749984741211,73.88999938964844,73.95999908447266,87508,0.0,0.0
2024-06-24 14:00:00-04:00,73.95999908447266,73.9800033569336,73.83000183105469,73.83999633789062,111173,0.0,0.0
2024-06-24 14:05:00-04:00,73.83999633789062,74.07499694824219,73.80999755859375,74.05000305175781,97777,0.0,0.0
2024-06-24 14:10:00-04:00,74.05000305175781,74.11000061035156,74.01000213623047,74.06500244140625,108345,0.0,0.0
2024-06-24 14:15:00-04:00,74.05999755859375,74.125,74.02999877929688,74.08999633789062,73859,0.0,0.0
2024-06-24 14:20:00-04:00,74.06999969482422,74.13999938964844,74.02999877929688,74.13500213623047,118249,0.0,0.0
2024-06-24 14:25:00-04:00,74.12999725341797,74.25589752197266,74.12999725341797,74.25499725341797,101610,0.0,0.0
2024-06-24 14:30:00-04:00,74.25499725341797,74.25499725341797,74.06999969482422,74.08999633789062,93751,0.0,0.0
2024-06-24 14:35:00-04:00,74.08999633789062,74.16000366210938,74.03500366210938,74.08000183105469,155700,0.0,0.0
2024-06-24 14:40:00-04:00,74.08000183105469,74.16000366210938,74.0,74.16000366210938,80434,0.0,0.0
2024-06-24 14:45:00-04:00,74.15499877929688,74.20500183105469,74.1500015258789,74.18499755859375,177647,0.0,0.0
2024-06-24 14:50:00-04:00,74.18499755859375,74.19999694824219,74.08999633789062,74.16999816894531,132860,0.0,0.0
2024-06-24 14:55:00-04:00,74.16500091552734,74.16500091552734,73.87000274658203,73.87000274658203,78899,0.0,0.0
2024-06-24 15:00:00-04:00,73.87999725341797,73.8949966430664,73.69000244140625,73.70999908447266,63062,0.0,0.0
2024-06-24 15:05:00-04:00,73.71499633789062,73.72949981689453,73.62000274658203,73.69000244140625,52334,0.0,0.0
2024-06-24 15:10:00-04:00,73.69000244140625,73.69999694824219,73.625,73.63500213623047,44221,0.0,0.0
2024-06-24 15:15:00-04:00,73.63999938964844,73.6449966430664,73.53500366210938,73.58499908447266,41319,0.0,0.0
2024-06-24 15:20:00-04:00,73.58499908447266,73.58499908447266,73.43000030517578,73.43000030517578,95268,0.0,0.0
2024-06-24 15:25:00-04:00,73.43000030517578,73.5250015258789,73.40499877929688,73.4800033569336,94703,0.0,0.0
2024-06-24 15:30:00-04:00,73.48999786376953,73.61000061035156,73.4749984741211,73.5999984741211,120462,0.0,0.0
2024-06-24 15:35:00-04:00,73.61000061035156,73.78990173339844,73.58999633789062,73.76499938964844,130333,0.0,0.0
2024-06-24 15:40:00-04:00,73.76499938964844,73.77999877929688,73.69499969482422,73.75499725341797,105908,0.0,0.0
2024-06-24 15:45:00-04:00,73.75499725341797,73.83000183105469,73.7145004272461,73.78500366210938,160747,0.0,0.0
2024-06-24 15:50:00-04:00,73.79000091552734,73.9000015258789,73.7750015258789,73.88500213623047,202545,0.0,0.0
2024-06-24 15:55:00-04:00,73.88500213623047,73.94000244140625,73.83999633789062,73.8499984741211,559384,0.0,0.0
2024-06-25 09:30:00-04:00,73.56999969482422,73.73999786376953,73.33999633789062,73.45500183105469,443550,0.0,0.0
2024-06-25 09:35:00-04:00,73.4800033569336,73.51000213623047,73.33000183105469,73.51000213623047,93616,0.0,0.0
2024-06-25 09:40:00-04:00,73.5199966430664,73.52999877929688,73.13999938964844,73.25,90567,0.0,0.0
2024-06-25 09:45:00-04:00,73.25,73.25,72.80999755859375,73.0,71495,0.0,0.0
2024-06-25 09:50:00-04:00,72.95999908447266,72.98999786376953,72.81999969482422,72.92500305175781,46870,0.0,0.0
2024-06-25 09:55:00-04:00,72.94999694824219,73.0250015258789,72.73500061035156,72.73500061035156,44994,0.0,0.0
2024-06-25 10:00:00-04:00,72.72000122070312,72.83499908447266,72.5999984741211,72.63999938964844,67801,0.0,0.0
2024-06-25 10:05:00-04:00,72.66999816894531,72.69499969482422,72.38999938964844,72.41999816894531,93766,0.0,0.0
2024-06-25 10:10:00-04:00,72.43000030517578,72.83000183105469,72.43000030517578,72.81500244140625,98770,0.0,0.0
2024-06-25 10:15:00-04:00,72.80000305175781,73.13999938964844,72.75,73.12000274658203,194101,0.0,0.0
2024-06-25 10:20:00-04:00,73.08999633789062,73.08999633789062,72.87000274658203,72.91999816894531,135419,0.0,0.0
2024-06-25 10:25:00-04:00,72.91999816894531,73.12999725341797,72.91999816894531,73.12999725341797,49865,0.0,0.0
2024-06-25 10:30:00-04:00,73.1500015258789,73.16999816894531,73.06999969482422,73.13999938964844,84263,0.0,0.0
2024-06-25 10:35:00-04:00,73.13999938964844,73.25990295410156,73.12999725341797,73.20999908447266,49425,0.0,0.0
2024-06-25 10:40:00-04:00,73.22000122070312,73.48249816894531,73.16000366210938,73.48249816894531,92305,0.0,0.0
2024-06-25 10:45:00-04:00,73.4800033569336,73.48999786376953,73.26000213623047,73.41999816894531,122318,0.0,0.0
2024-06-25 10:50:00-04:00,73.41999816894531,73.43000030517578,73.1050033569336,73.11000061035156,96947,0.0,0.0
2024-06-25 10:55:00-04:00,73.0999984741211,73.12000274658203,72.93000030517578,72.95500183105469,69376,0.0,0.0
2024-06-25 11:00:00-04:00,72.95999908447266,73.04000091552734,72.8949966430664,72.91000366210938,59632,0.0,0.0
2024-06-25 11:05:00-04:00,72.91999816894531,72.95999908447266,72.9000015258789,72.91000366210938,36186,0.0,0.0
2024-06-25 11:10:00-04:00,72.91000366210938,72.94999694824219,72.86000061035156,72.86000061035156,35622,0.0,0.0
2024-06-25 11:15:00-04:00,72.87000274658203,73.04000091552734,72.83000183105469,73.00499725341797,57017,0.0,0.0
2024-06-25 11:20:00-04:00,73.0199966430664,73.05500030517578,72.91999816894531,72.94999694824219,81324,0.0,0.0
2024-06-25 11:25:00-04:00,72.95999908447266,73.13999938964844,72.95999908447266,73.13999938964844,316068,0.0,0.0
2024-06-25 11:30:00-04:00,73.13999938964844,73.2300033569336,72.94000244140625,72.97000122070312,63500,0.0,0.0
2024-06-25 11:35:00-04:00,72.95999908447266,72.9800033569336,72.8949966430664,72.93000030517578,34733,0.0,0.0
2024-06-25 11:40:00-04:00,72.93070220947266,73.05000305175781,72.93070220947266,73.01499938964844,45728,0.0,0.0
2024-06-25 11:45:00-04:00,73.01000213623047,73.0250015258789,72.91999816894531,72.96499633789062,38756,0.0,0.0
2024-06-25 11:50:00-04:00,72.95500183105469,73.04000091552734,72.94999694824219,73.0250015258789,37460,0.0,0.0
2024-06-25 11:55:00-04:00,73.0250015258789,73.04499816894531,72.93000030517578,72.93000030517578,42358,0.0,0.0
2024-06-25 12:00:00-04:00,72.91999816894531,72.99500274658203,72.83999633789062,72.94000244140625,61516,0.0,0.0
2024-06-25 12:05:00-04:00,72.94000244140625,72.9800033569336,72.92500305175781,72.94499969482422,41234,0.0,0.0
2024-06-25 12:10:00-04:00,72.94000244140625,72.9749984741211,72.91000366210938,72.94499969482422,29626,0.0,0.0
2024-06-25 12:15:00-04:00,72.94000244140625,72.94000244140625,72.79080200195312,72.8499984741211,57145,0.0,0.0
2024-06-25 12:20:00-04:00,72.84500122070312,72.88999938964844,72.83000183105469,72.86000061035156,38262,0.0,0.0
2024-06-25 12:25:00-04:00,72.86499786376953,72.9000015258789,72.83999633789062,72.84500122070312,38009,0.0,0.0
2024-06-25 12:30:00-04:00,72.83999633789062,72.97109985351562,72.80999755859375,72.91000366210938,44232,0.0,0.0
2024-06-25 12:35:00-04:00,72.9000015258789,72.9800033569336,72.87999725341797,72.95999908447266,39726,0.0,0.0
2024-06-25 12:40:00-04:00,72.95999908447266,72.96990203857422,72.81999969482422,72.8550033569336,52609,0.0,0.0
2024-06-25 12:45:00-04:00,72.8499984741211,72.88999938964844,72.80000305175781,72.88500213623047,36987,0.0,0.0
2024-06-25 12:50:00-04:00,72.87999725341797,72.91000366210938,72.84010314941406,72.90499877929688,32200,0.0,0.0
2024-06-25 12:55:00-04:00,72.90499877929688,72.98999786376953,72.86499786376953,72.98999786376953,26752,0.0,0.0
2024-06-25 13:00:00-04:00,72.99019622802734,73.06500244140625,72.98100280761719,73.0199966430664,39390,0.0,0.0
2024-06-25 13:05:00-04:00,73.0199966430664,73.0999984741211,73.0,73.06500244140625,51964,0.0,0.0
2024-06-25 13:10:00-04:00,73.05999755859375,73.12000274658203,73.02999877929688,73.1050033569336,34392,0.0,0.0
2024-06-25 13:15:00-04:00,73.10759735107422,73.11000061035156,73.05999755859375,73.06500244140625,36047,0.0,0.0
2024-06-25 13:20:00-04:00,73.06099700927734,73.08999633789062,73.03500366210938,73.04000091552734,32013,0.0,0.0
2024-06-25 13:25:00-04:00,73.05000305175781,73.0999984741211,73.04499816894531,73.09500122070312,33471,0.0,0.0
2024-06-25 13:30:00-04:00,73.0999984741211,73.1082992553711,73.00499725341797,73.04499816894531,61174,0.0,0.0
2024-06-25 13:35:00-04:00,73.04499816894531,73.05000305175781,72.9800033569336,72.98999786376953,56345,0.0,0.0
2024-06-25 13:40:00-04:00,72.98500061035156,72.99500274658203,72.87000274658203,72.875,62120,0.0,0.0
2024-06-25 13:45:00-04:00,72.87000274658203,72.88500213623047,72.79000091552734,72.81500244140625,43905,0.0,0.0
2024-06-25 13:50:00-04:00,72.81500244140625,72.81999969482422,72.7300033569336,72.7302017211914,65990,0.0,0.0
2024-06-25 13:55:00-04:00,72.73999786376953,72.77999877929688,72.62999725341797,72.62999725341797,62913,0.0,0.0
2024-06-25 14:00:00-04:00,72.62999725341797,72.62999725341797,72.4749984741211,72.5999984741211,73992,0.0,0.0
2024-06-25 14:05:00-04:00,72.6050033569336,72.61499786376953,72.52999877929688,72.57749938964844,63264,0.0,0.0
2024-06-25 14:10:00-04:00,72.57499694824219,72.7699966430664,72.54000091552734,72.75,223318,0.0,0.0
2024-06-25 14:15:00-04:00,72.73999786376953,72.76000213623047,72.61000061035156,72.61000061035156,47595,0.0,0.0
2024-06-25 14:20:00-04:00,72.61000061035156,72.7300033569336,72.5999984741211,72.7249984741211,56060,0.0,0.0
2024-06-25 14:25:00-04:00,72.7249984741211,72.80000305175781,72.7249984741211,72.7936019897461,42319,0.0,0.0
2024-06-25 14:30:00-04:00,72.77999877929688,72.83000183105469,72.73999786376953,72.79000091552734,40601,0.0,0.0
2024-06-25 14:35:00-04:00,72.79000091552734,72.87000274658203,72.73999786376953,72.74500274658203,48987,0.0,0.0
2024-06-25 14:40:00-04:00,72.74500274658203,72.76499938964844,72.69999694824219,72.73500061035156,36402,0.0,0.0
2024-06-25 14:45:00-04:00,72.73500061035156,72.83999633789062,72.7300033569336,72.78500366210938,64244,0.0,0.0
2024-06-25 14:50:00-04:00,72.79000091552734,72.79499816894531,72.71080017089844,72.75,60380,0.0,0.0
2024-06-25 14:55:00-04:00,72.76000213623047,72.84500122070312,72.76000213623047,72.77999877929688,57358,0.0,0.0
2024-06-25 15:00:00-04:00,72.77999877929688,72.80999755859375,72.73999786376953,72.80010223388672,51511,0.0,0.0
2024-06-25 15:05:00-04:00,72.80999755859375,72.8125,72.68000030517578,72.72000122070312,71755,0.0,0.0
2024-06-25 15:10:00-04:00,72.71499633789062,72.73999786376953,72.68000030517578,72.70999908447266,52036,0.0,0.0
2024-06-25 15:15:00-04:00,72.70999908447266,72.76000213623047,72.66000366210938,72.66999816894531,59540,0.0,0.0
2024-06-25 15:20:00-04:00,72.67120361328125,72.68000030517578,72.58499908447266,72.5999984741211,55240,0.0,0.0
2024-06-25 15:25:00-04:00,72.58999633789062,72.625,72.55000305175781,72.58499908447266,118954,0.0,0.0
2024-06-25 15:30:00-04:00,72.58000183105469,72.58000183105469,72.50499725341797,72.5250015258789,96599,0.0,0.0
2024-06-25 15:35:00-04:00,72.5199966430664,72.55000305175781,72.46499633789062,72.51000213623047,91943,0.0,0.0
2024-06-25 15:40:00-04:00,72.5,72.54499816894531,72.44999694824219,72.48999786376953,136313,0.0,0.0
2024-06-25 15:45:00-04:00,72.48999786376953,72.72000122070312,72.48500061035156,72.70500183105469,128111,0.0,0.0
2024-06-25 15:50:00-04:00,72.69999694824219,72.83000183105469,72.66000366210938,72.80500030517578,218577,0.0,0.0
2024-06-25 15:55:00-04:00,72.80999755859375,73.13999938964844,72.80000305175781,73.0199966430664,1000360,0.0,0.0
2024-06-26 09:30:00-04:00,72.80000305175781,72.80000305175781,71.9800033569336,72.30999755859375,249207,0.0,0.0
2024-06-26 09:35:00-04:00,72.24009704589844,72.27749633789062,72.0199966430664,72.17500305175781,115945,0.0,0.0
2024-06-26 09:40:00-04:00,72.17500305175781,72.2333984375,71.98200225830078,72.05000305175781,89946,0.0,0.0
2024-06-26 09:45:00-04:00,72.05999755859375,72.18000030517578,71.91999816894531,72.04000091552734,142187,0.0,0.0
2024-06-26 09:50:00-04:00,72.04000091552734,72.12999725341797,71.94999694824219,72.04000091552734,68764,0.0,0.0
2024-06-26 09:55:00-04:00,72.04499816894531,72.16999816894531,72.01000213623047,72.11499786376953,99178,0.0,0.0
2024-06-26 10:00:00-04:00,72.12000274658203,72.15249633789062,72.01499938964844,72.05709838867188,120876,0.0,0.0
2024-06-26 10:05:00-04:00,72.06999969482422,72.12999725341797,72.05000305175781,72.11000061035156,75441,0.0,0.0
2024-06-26 10:10:00-04:00,72.11000061035156,72.13999938964844,71.98500061035156,72.05500030517578,128870,0.0,0.0
2024-06-26 10:15:00-04:00,72.05999755859375,72.29000091552734,72.04000091552734,72.29000091552734,112419,0.0,0.0
2024-06-26 10:20:00-04:00,72.29000091552734,72.37999725341797,72.24500274658203,72.29000091552734,128304,0.0,0.0
2024-06-26 10:25:00-04:00,72.29100036621094,72.43000030517578,72.25,72.41000366210938,59282,0.0,0.0
2024-06-26 10:30:00-04:00,72.41000366210938,72.5,72.30500030517578,72.30999755859375,63395,0.0,0.0
2024-06-26 10:35:00-04:00,72.30999755859375,72.33000183105469,72.24500274658203,72.33000183105469,64113,0.0,0.0
2024-06-26 10:40:00-04:00,72.31999969482422,72.5,72.30000305175781,72.48999786376953,75070,0.0,0.0
2024-06-26 10:45:00-04:00,72.48999786376953,72.5999984741211,72.48999786376953,72.5999984741211,56409,0.0,0.0
2024-06-26 10:50:00-04:00,72.58999633789062,72.69999694824219,72.58000183105469,72.625,70276,0.0,0.0
2024-06-26 10:55:00-04:00,72.62000274658203,72.72000122070312,72.61000061035156,72.68000030517578,53294,0.0,0.0
2024-06-26 11:00:00-04:00,72.67500305175781,72.73999786376953,72.6500015258789,72.73999786376953,55378,0.0,0.0
2024-06-26 11:05:00-04:00,72.7300033569336,72.7699966430664,72.68499755859375,72.74500274658203,40812,0.0,0.0
2024-06-26 11:10:00-04:00,72.73999786376953,72.76000213623047,72.61000061035156,72.68000030517578,70017,0.0,0.0
2024-06-26 11:15:00-04:00,72.6709976196289,72.70999908447266,72.66000366210938,72.66500091552734,45906,0.0,0.0
2024-06-26 11:20:00-04:00,72.66500091552734,72.79000091552734,72.5999984741211,72.79000091552734,81702,0.0,0.0
2024-06-26 11:25:00-04:00,72.78500366210938,72.83499908447266,72.73999786376953,72.81999969482422,129386,0.0,0.0
2024-06-26 11:30:00-04:00,72.81999969482422,72.83000183105469,72.74330139160156,72.79000091552734,58019,0.0,0.0
2024-06-26 11:35:00-04:00,72.79000091552734,72.88999938964844,72.77999877929688,72.77999877929688,42819,0.0,0.0
2024-06-26 11:40:00-04:00,72.7699966430664,72.80000305175781,72.69000244140625,72.80000305175781,47319,0.0,0.0
2024-06-26 11:45:00-04:00,72.80500030517578,72.80999755859375,72.73999786376953,72.79499816894531,49768,0.0,0.0
2024-06-26 11:50:00-04:00,72.79000091552734,73.11000061035156,72.79000091552734,73.09500122070312,142586,0.0,0.0
2024-06-26 11:55:00-04:00,73.08999633789062,73.2699966430664,73.0250015258789,73.23999786376953,116119,0.0,0.0
2024-06-26 12:00:00-04:00,73.2300033569336,73.5199966430664,73.16000366210938,73.51499938964844,162707,0.0,0.0
2024-06-26 12:05:00-04:00,73.51000213623047,73.5999984741211,73.37999725341797,73.5250015258789,122679,0.0,0.0
2024-06-26 12:10:00-04:00,73.5199966430664,73.5199966430664,73.33000183105469,73.41000366210938,133345,0.0,0.0
2024-06-26 12:15:00-04:00,73.41000366210938,73.41999816894531,73.16999816894531,73.29000091552734,115374,0.0,0.0
2024-06-26 12:20:00-04:00,73.29000091552734,73.30999755859375,73.1500015258789,73.25,154924,0.0,0.0
2024-06-26 12:25:00-04:00,73.25,73.2750015258789,73.16000366210938,73.20500183105469,47039,0.0,0.0
2024-06-26 12:30:00-04:00,73.19100189208984,73.33000183105469,73.16000366210938,73.33000183105469,60594,0.0,0.0
2024-06-26 12:35:00-04:00,73.30000305175781,73.30000305175781,73.1500015258789,73.24500274658203,63112,0.0,0.0
2024-06-26 12:40:00-04:00,73.23999786376953,73.26000213623047,73.13999938964844,73.17500305175781,65634,0.0,0.0
2024-06-26 12:45:00-04:00,73.18000030517578,73.23999786376953,73.12999725341797,73.16000366210938,80005,0.0,0.0
2024-06-26 12:50:00-04:00,73.16999816894531,73.18499755859375,73.08999633789062,73.12999725341797,123748,0.0,0.0
2024-06-26 12:55:00-04:00,73.12999725341797,73.19000244140625,73.11000061035156,73.17500305175781,79400,0.0,0.0
2024-06-26 13:00:00-04:00,73.16999816894531,73.20999908447266,73.1500015258789,73.16000366210938,59768,0.0,0.0
2024-06-26 13:05:00-04:00,73.15499877929688,73.15499877929688,73.04000091552734,73.13330078125,67371,0.0,0.0
2024-06-26 13:10:00-04:00,73.13999938964844,73.2300033569336,73.13500213623047,73.19499969482422,87931,0.0,0.0
2024-06-26 13:15:00-04:00,73.19999694824219,73.2300033569336,73.16999816894531,73.2300033569336,46664,0.0,0.0
2024-06-26 13:20:00-04:00,73.22000122070312,73.22000122070312,73.11389923095703,73.1709976196289,72104,0.0,0.0
2024-06-26 13:25:00-04:00,73.16999816894531,73.25,73.1500015258789,73.24500274658203,121264,0.0,0.0
2024-06-26 13:30:00-04:00,73.25,73.26499938964844,73.11499786376953,73.12000274658203,77434,0.0,0.0
2024-06-26 13:35:00-04:00,73.12000274658203,73.18000030517578,73.0999984741211,73.16999816894531,61525,0.0,0.0
2024-06-26 13:40:00-04:00,73.17970275878906,73.33000183105469,73.16999816894531,73.31999969482422,73402,0.0,0.0
2024-06-26 13:45:00-04:00,73.31999969482422,73.31999969482422,73.2300033569336,73.23500061035156,80278,0.0,0.0
2024-06-26 13:50:00-04:00,73.23500061035156,73.30999755859375,73.18499755859375,73.29900360107422,95941,0.0,0.0
2024-06-26 13:55:00-04:00,73.29000091552734,73.43000030517578,73.29000091552734,73.41000366210938,74124,0.0,0.0
2024-06-26 14:00:00-04:00,73.41000366210938,73.44999694824219,73.25,73.2750015258789,543044,0.0,0.0
2024-06-26 14:05:00-04:00,73.27999877929688,73.48500061035156,73.26000213623047,73.41999816894531,125924,0.0,0.0
2024-06-26 14:10:00-04:00,73.41999816894531,73.41999816894531,73.13999938964844,73.19999694824219,130005,0.0,0.0
2024-06-26 14:15:00-04:00,73.20580291748047,73.2300033569336,73.14179992675781,73.16000366210938,77780,0.0,0.0
2024-06-26 14:20:00-04:00,73.16999816894531,73.19999694824219,73.125,73.19499969482422,53209,0.0,0.0
2024-06-26 14:25:00-04:00,73.19499969482422,73.20999908447266,73.11000061035156,73.12000274658203,78891,0.0,0.0
2024-06-26 14:30:00-04:00,73.11499786376953,73.20500183105469,73.06999969482422,73.16500091552734,96746,0.0,0.0
2024-06-26 14:35:00-04:00,73.16000366210938,73.18000030517578,73.0999984741211,73.13999938964844,64451,0.0,0.0
2024-06-26 14:40:00-04:00,73.13999938964844,73.2300033569336,73.13999938964844,73.21499633789062,53765,0.0,0.0
2024-06-26 14:45:00-04:00,73.21990203857422,73.22000122070312,73.15499877929688,73.22000122070312,71730,0.0,0.0
2024-06-26 14:50:00-04:00,73.22000122070312,73.23500061035156,73.17500305175781,73.21499633789062,85605,0.0,0.0
2024-06-26 14:55:00-04:00,73.22000122070312,73.25499725341797,73.16999816894531,73.2300033569336,102147,0.0,0.0
2024-06-26 15:00:00-04:00,73.23500061035156,73.27790069580078,73.15499877929688,73.22000122070312,140466,0.0,0.0
2024-06-26 15:05:00-04:00,73.22000122070312,73.33000183105469,73.20999908447266,73.29499816894531,91394,0.0,0.0
2024-06-26 15:10:00-04:00,73.30000305175781,73.33999633789062,73.26000213623047,73.30999755859375,103327,0.0,0.0
2024-06-26 15:15:00-04:00,73.31990051269531,73.4000015258789,73.31500244140625,73.375,102118,0.0,0.0
2024-06-26 15:20:00-04:00,73.38500213623047,73.3949966430664,73.23999786376953,73.25,130228,0.0,0.0
2024-06-26 15:25:00-04:00,73.25499725341797,73.29499816894531,73.2249984741211,73.24500274658203,128333,0.0,0.0
2024-06-26 15:30:00-04:00,73.25,73.2750015258789,73.21499633789062,73.2300033569336,146458,0.0,0.0
2024-06-26 15:35:00-04:00,73.2300033569336,73.25,73.15499877929688,73.21499633789062,170928,0.0,0.0
2024-06-26 15:40:00-04:00,73.22000122070312,73.23780059814453,73.16999816894531,73.19999694824219,156462,0.0,0.0
2024-06-26 15:45:00-04:00,73.20500183105469,73.3499984741211,73.1449966430664,73.33999633789062,177974,0.0,0.0
2024-06-26 15:50:00-04:00,73.34500122070312,73.57499694824219,73.33999633789062,73.57499694824219,334179,0.0,0.0
2024-06-26 15:55:00-04:00,73.58000183105469,73.61000061035156,73.3499984741211,73.36000061035156,1017340,0.0,0.0
2024-06-27 09:30:00-04:00,73.62000274658203,73.76000213623047,73.2300033569336,73.38999938964844,190802,0.0,0.0
2024-06-27 09:35:00-04:00,73.41999816894531,73.8499984741211,73.36499786376953,73.81999969482422,112399,0.0,0.0
2024-06-27 09:40:00-04:00,73.80999755859375,73.83000183105469,73.51000213623047,73.61499786376953,86368,0.0,0.0
2024-06-27 09:45:00-04:00,73.56999969482422,73.73999786376953,73.45999908447266,73.61499786376953,113478,0.0,0.0
2024-06-27 09:50:00-04:00,73.63999938964844,73.83999633789062,73.62999725341797,73.63999938964844,70684,0.0,0.0
2024-06-27 09:55:00-04:00,73.6500015258789,73.83999633789062,73.63500213623047,73.80000305175781,74184,0.0,0.0
2024-06-27 10:00:00-04:00,73.80000305175781,73.87000274658203,73.75,73.81999969482422,69274,0.0,0.0
2024-06-27 10:05:00-04:00,73.80999755859375,73.91999816894531,73.79499816894531,73.80000305175781,77196,0.0,0.0
2024-06-27 10:10:00-04:00,73.80000305175781,73.86000061035156,73.7249984741211,73.7300033569336,57695,0.0,0.0
2024-06-27 10:15:00-04:00,73.73999786376953,73.75,73.6050033569336,73.69000244140625,64048,0.0,0.0
2024-06-27 10:20:00-04:00,73.69999694824219,73.80000305175781,73.69000244140625,73.7699966430664,40034,0.0,0.0
2024-06-27 10:25:00-04:00,73.76499938964844,73.91999816894531,73.74500274658203,73.9000015258789,50988,0.0,0.0
2024-06-27 10:30:00-04:00,73.9000015258789,74.1050033569336,73.9000015258789,74.08000183105469,91932,0.0,0.0
2024-06-27 10:35:00-04:00,74.08000183105469,74.08999633789062,73.91000366210938,73.91999816894531,157148,0.0,0.0
2024-06-27 10:40:00-04:00,73.91999816894531,74.0790023803711,73.9000015258789,74.06999969482422,58245,0.0,0.0
2024-06-27 10:45:00-04:00,74.06999969482422,74.2300033569336,74.06999969482422,74.22000122070312,65755,0.0,0.0
2024-06-27 10:50:00-04:00,74.22000122070312,74.26000213623047,74.08000183105469,74.08999633789062,66448,0.0,0.0
2024-06-27 10:55:00-04:00,74.08499908447266,74.08999633789062,73.94000244140625,74.06999969482422,74261,0.0,0.0
2024-06-27 11:00:00-04:00,74.06999969482422,74.16899871826172,74.02999877929688,74.08999633789062,57624,0.0,0.0
2024-06-27 11:05:00-04:00,74.06999969482422,74.08999633789062,73.91999816894531,73.99500274658203,102791,0.0,0.0
2024-06-27 11:10:00-04:00,73.98999786376953,74.04000091552734,73.9000015258789,74.02999877929688,94491,0.0,0.0
2024-06-27 11:15:00-04:00,74.02999877929688,74.18000030517578,73.97000122070312,74.16999816894531,68214,0.0,0.0
2024-06-27 11:20:00-04:00,74.16999816894531,74.2300033569336,74.11000061035156,74.19999694824219,57679,0.0,0.0
2024-06-27 11:25:00-04:00,74.20999908447266,74.22000122070312,74.12000274658203,74.18000030517578,42848,0.0,0.0
2024-06-27 11:30:00-04:00,74.19000244140625,74.30000305175781,74.17500305175781,74.30000305175781,72265,0.0,0.0
2024-06-27 11:35:00-04:00,74.30999755859375,74.38999938964844,74.30999755859375,74.33000183105469,53128,0.0,0.0
2024-06-27 11:40:00-04:00,74.33000183105469,74.34500122070312,74.2300033569336,74.28500366210938,96443,0.0,0.0
2024-06-27 11:45:00-04:00,74.27999877929688,74.27999877929688,74.19000244140625,74.2699966430664,45048,0.0,0.0
2024-06-27 11:50:00-04:00,74.2699966430664,74.36000061035156,74.26000213623047,74.33999633789062,58801,0.0,0.0
2024-06-27 11:55:00-04:00,74.33000183105469,74.37999725341797,74.29000091552734,74.33000183105469,37052,0.0,0.0
2024-06-27 12:00:00-04:00,74.31999969482422,74.3499984741211,74.22000122070312,74.33000183105469,71673,0.0,0.0
2024-06-27 12:05:00-04:00,74.33000183105469,74.37000274658203,74.19000244140625,74.19000244140625,54636,0.0,0.0
2024-06-27 12:10:00-04:00,74.19000244140625,74.19999694824219,74.02999877929688,74.03500366210938,82401,0.0,0.0
2024-06-27 12:15:00-04:00,74.03500366210938,74.125,73.95010375976562,73.98500061035156,108726,0.0,0.0
2024-06-27 12:20:00-04:00,73.98500061035156,74.08000183105469,73.96990203857422,74.06999969482422,59282,0.0,0.0
2024-06-27 12:25:00-04:00,74.07009887695312,74.0999984741211,73.98500061035156,73.98500061035156,31476,0.0,0.0
2024-06-27 12:30:00-04:00,73.9800033569336,74.0199966430664,73.94000244140625,73.99500274658203,33520,0.0,0.0
2024-06-27 12:35:00-04:00,73.98999786376953,74.0199966430664,73.9000015258789,73.92500305175781,29123,0.0,0.0
2024-06-27 12:40:00-04:00,73.92500305175781,74.01000213623047,73.83999633789062,73.83999633789062,148772,0.0,0.0
2024-06-27 12:45:00-04:00,73.81999969482422,74.0999984741211,73.81999969482422,74.0,93346,0.0,0.0
2024-06-27 12:50:00-04:00,74.01000213623047,74.0250015258789,73.91999816894531,73.96499633789062,26287,0.0,0.0
2024-06-27 12:55:00-04:00,73.95999908447266,73.9749984741211,73.77999877929688,73.77999877929688,22101,0.0,0.0
2024-06-27 13:00:00-04:00,73.77999877929688,73.8499984741211,73.61000061035156,73.6500015258789,209509,0.0,0.0
2024-06-27 13:05:00-04:00,73.65499877929688,73.68000030517578,73.5999984741211,73.62999725341797,64213,0.0,0.0
2024-06-27 13:10:00-04:00,73.62999725341797,73.66000366210938,73.61000061035156,73.6449966430664,35923,0.0,0.0
2024-06-27 13:15:00-04:00,73.6500015258789,73.70999908447266,73.6500015258789,73.68000030517578,29566,0.0,0.0
2024-06-27 13:20:00-04:00,73.69000244140625,73.7249984741211,73.68000030517578,73.69999694824219,26806,0.0,0.0
2024-06-27 13:25:00-04:00,73.70500183105469,73.72709655761719,73.63999938964844,73.63999938964844,22041,0.0,0.0
2024-06-27 13:30:00-04:00,73.63999938964844,73.66999816894531,73.62000274658203,73.66000366210938,30368,0.0,0.0
2024-06-27 13:35:00-04:00,73.66500091552734,73.67500305175781,73.6050033569336,73.61499786376953,23215,0.0,0.0
2024-06-27 13:40:00-04:00,73.62000274658203,73.63500213623047,73.54000091552734,73.58000183105469,460411,0.0,0.0
2024-06-27 13:45:00-04:00,73.58000183105469,73.58999633789062,73.41999816894531,73.4749984741211,53628,0.0,0.0
2024-06-27 13:50:00-04:00,73.47000122070312,73.55999755859375,73.44999694824219,73.51080322265625,48622,0.0,0.0
2024-06-27 13:55:00-04:00,73.51000213623047,73.5999984741211,73.5,73.52999877929688,51761,0.0,0.0
2024-06-27 14:00:00-04:00,73.52999877929688,73.58000183105469,73.5,73.53500366210938,52382,0.0,0.0
2024-06-27 14:05:00-04:00,73.53500366210938,73.56999969482422,73.48999786376953,73.55000305175781,42976,0.0,0.0
2024-06-27 14:10:00-04:00,73.54000091552734,73.55500030517578,73.5199966430664,73.54000091552734,36310,0.0,0.0
2024-06-27 14:15:00-04:00,73.54000091552734,73.58999633789062,73.51499938964844,73.5199966430664,63734,0.0,0.0
2024-06-27 14:20:00-04:00,73.51499938964844,73.5250015258789,73.37999725341797,73.41999816894531,43221,0.0,0.0
2024-06-27 14:25:00-04:00,73.41500091552734,73.44499969482422,73.38999938964844,73.3949966430664,37196,0.0,0.0
2024-06-27 14:30:00-04:00,73.38569641113281,73.40499877929688,73.33999633789062,73.38500213623047,39549,0.0,0.0
2024-06-27 14:35:00-04:00,73.37999725341797,73.41999816894531,73.33999633789062,73.36000061035156,33046,0.0,0.0
2024-06-27 14:40:00-04:00,73.36299896240234,73.41000366210938,73.36000061035156,73.38999938964844,39542,0.0,0.0
2024-06-27 14:45:00-04:00,73.3949966430664,73.4800033569336,73.38999938964844,73.45999908447266,43865,0.0,0.0
2024-06-27 14:50:00-04:00,73.45999908447266,73.54000091552734,73.45999908447266,73.51499938964844,51746,0.0,0.0
2024-06-27 14:55:00-04:00,73.51499938964844,73.58000183105469,73.5,73.58000183105469,26966,0.0,0.0
2024-06-27 15:00:00-04:00,73.58000183105469,73.65499877929688,73.57499694824219,73.63999938964844,70859,0.0,0.0
2024-06-27 15:05:00-04:00,73.6500015258789,73.73999786376953,73.62999725341797,73.72000122070312,63726,0.0,0.0
2024-06-27 15:10:00-04:00,73.7249984741211,73.80000305175781,73.72450256347656,73.73249816894531,82114,0.0,0.0
2024-06-27 15:15:00-04:00,73.73500061035156,73.82499694824219,73.7300033569336,73.79000091552734,76682,0.0,0.0
2024-06-27 15:20:00-04:00,73.79499816894531,73.875,73.79000091552734,73.86000061035156,82081,0.0,0.0
2024-06-27 15:25:00-04:00,73.8550033569336,73.93499755859375,73.80000305175781,73.92500305175781,98120,0.0,0.0
2024-06-27 15:30:00-04:00,73.93000030517578,74.05999755859375,73.91999816894531,73.94999694824219,100422,0.0,0.0
2024-06-27 15:35:00-04:00,73.94999694824219,73.97969818115234,73.87000274658203,73.89350128173828,79597,0.0,0.0
2024-06-27 15:40:00-04:00,73.88999938964844,74.04000091552734,73.87999725341797,74.0199966430664,106387,0.0,0.0
2024-06-27 15:45:00-04:00,74.01499938964844,74.05000305175781,73.87000274658203,73.87000274658203,380952,0.0,0.0
2024-06-27 15:50:00-04:00,73.87999725341797,73.91999816894531,73.80000305175781,73.81999969482422,226850,0.0,0.0
2024-06-27 15:55:00-04:00,73.83000183105469,73.8499984741211,73.68000030517578,73.73999786376953,588075,0.0,0.0
2024-06-28 09:30:00-04:00,73.20999908447266,73.30999755859375,72.58999633789062,72.69999694824219,597331,0.0,0.0
2024-06-28 09:35:00-04:00,72.7300033569336,72.97000122070312,72.54000091552734,72.93000030517578,229390,0.0,0.0
2024-06-28 09:40:00-04:00,72.94999694824219,73.12999725341797,72.87239837646484,72.9800033569336,120007,0.0,0.0
2024-06-28 09:45:00-04:00,73.00499725341797,73.19999694824219,72.88999938964844,73.19499969482422,76840,0.0,0.0
2024-06-28 09:50:00-04:00,73.20999908447266,73.25,73.05000305175781,73.12999725341797,67968,0.0,0.0
2024-06-28 09:55:00-04:00,73.12999725341797,73.16000366210938,72.9800033569336,73.0199966430664,73836,0.0,0.0
2024-06-28 10:00:00-04:00,73.00499725341797,73.08999633789062,72.80999755859375,72.97000122070312,70011,0.0,0.0
2024-06-28 10:05:00-04:00,72.9800033569336,73.08499908447266,72.87000274658203,73.0199966430664,227719,0.0,0.0
2024-06-28 10:10:00-04:00,73.0199966430664,73.08999633789062,72.87000274658203,72.91999816894531,126421,0.0,0.0
2024-06-28 10:15:00-04:00,72.93000030517578,73.02999877929688,72.86000061035156,72.88999938964844,75345,0.0,0.0
2024-06-28 10:20:00-04:00,72.88500213623047,73.02999877929688,72.88500213623047,72.98999786376953,144023,0.0,0.0
2024-06-28 10:25:00-04:00,73.00499725341797,73.05999755859375,72.91999816894531,72.94000244140625,76083,0.0,0.0
2024-06-28 10:30:00-04:00,72.94999694824219,72.94999694824219,72.81999969482422,72.83709716796875,75291,0.0,0.0
2024-06-28 10:35:00-04:00,72.83999633789062,72.86499786376953,72.62999725341797,72.62999725341797,81283,0.0,0.0
2024-06-28 10:40:00-04:00,72.63500213623047,72.70500183105469,72.47000122070312,72.4749984741211,128507,0.0,0.0
2024-06-28 10:45:00-04:00,72.4749984741211,72.55000305175781,72.4000015258789,72.4000015258789,77312,0.0,0.0
2024-06-28 10:50:00-04:00,72.4000015258789,72.41000366210938,72.29000091552734,72.30000305175781,81286,0.0,0.0
2024-06-28 10:55:00-04:00,72.30000305175781,72.30999755859375,71.95999908447266,72.0199966430664,241545,0.0,0.0
2024-06-28 11:00:00-04:00,72.0250015258789,72.02999877929688,71.40010070800781,71.41600036621094,256280,0.0,0.0
2024-06-28 11:05:00-04:00,71.41000366210938,71.58999633789062,71.33000183105469,71.41000366210938,413604,0.0,0.0
2024-06-28 11:10:00-04:00,71.38999938964844,71.58000183105469,71.36000061035156,71.55979919433594,175010,0.0,0.0
2024-06-28 11:15:00-04:00,71.55000305175781,71.72640228271484,71.4800033569336,71.66500091552734,156705,0.0,0.0
2024-06-28 11:20:00-04:00,71.66999816894531,71.70500183105469,71.54000091552734,71.62999725341797,90525,0.0,0.0
2024-06-28 11:25:00-04:00,71.6500015258789,71.73999786376953,71.44999694824219,71.44999694824219,156089,0.0,0.0
2024-06-28 11:30:00-04:00,71.43000030517578,71.54000091552734,71.41000366210938,71.48999786376953,106229,0.0,0.0
2024-06-28 11:35:00-04:00,71.5,71.5,71.1500015258789,71.23999786376953,77684,0.0,0.0
2024-06-28 11:40:00-04:00,71.23999786376953,71.25,70.9800033569336,71.01000213623047,178407,0.0,0.0
2024-06-28 11:45:00-04:00,71.01000213623047,71.05999755859375,70.87999725341797,70.90499877929688,160462,0.0,0.0
2024-06-28 11:50:00-04:00,70.9000015258789,71.05000305175781,70.8949966430664,70.94999694824219,104917,0.0,0.0
2024-06-28 11:55:00-04:00,70.94499969482422,70.94999694824219,70.77999877929688,70.77999877929688,109691,0.0,0.0
2024-06-28 12:00:00-04:00,70.7750015258789,70.94000244140625,70.7500991821289,70.88739776611328,171216,0.0,0.0
2024-06-28 12:05:00-04:00,70.88500213623047,70.8926010131836,70.76010131835938,70.8499984741211,90550,0.0,0.0
2024-06-28 12:10:00-04:00,70.86000061035156,70.98999786376953,70.7300033569336,70.79000091552734,100456,0.0,0.0
2024-06-28 12:15:00-04:00,70.79000091552734,70.8499984741211,70.5999984741211,70.61000061035156,339290,0.0,0.0
2024-06-28 12:20:00-04:00,70.62000274658203,70.625,70.20999908447266,70.36000061035156,317586,0.0,0.0
2024-06-28 12:25:00-04:00,70.36000061035156,70.4000015258789,70.1500015258789,70.16000366210938,384989,0.0,0.0
2024-06-28 12:30:00-04:00,70.1500015258789,70.23999786376953,69.98999786376953,70.02999877929688,235490,0.0,0.0
2024-06-28 12:35:00-04:00,70.0250015258789,70.30000305175781,69.98500061035156,70.05999755859375,227837,0.0,0.0
2024-06-28 12:40:00-04:00,70.05750274658203,70.12000274658203,69.91500091552734,69.91999816894531,229828,0.0,0.0
2024-06-28 12:45:00-04:00,69.91000366210938,70.05999755859375,69.86499786376953,69.99500274658203,176152,0.0,0.0
2024-06-28 12:50:00-04:00,69.99500274658203,70.3499984741211,69.94999694824219,70.3499984741211,345093,0.0,0.0
2024-06-28 12:55:00-04:00,70.33999633789062,70.36000061035156,70.02439880371094,70.02439880371094,234650,0.0,0.0
2024-06-28 13:00:00-04:00,70.0199966430664,70.04000091552734,69.87999725341797,69.94999694824219,223605,0.0,0.0
2024-06-28 13:05:00-04:00,69.94999694824219,70.03980255126953,69.88500213623047,69.98999786376953,109080,0.0,0.0
2024-06-28 13:10:00-04:00,69.98999786376953,70.2300033569336,69.98999786376953,70.16000366210938,92180,0.0,0.0
2024-06-28 13:15:00-04:00,70.15499877929688,70.26000213623047,70.0999984741211,70.17009735107422,197658,0.0,0.0
2024-06-28 13:20:00-04:00,70.17500305175781,70.19999694824219,70.01000213623047,70.03990173339844,277777,0.0,0.0
2024-06-28 13:25:00-04:00,70.03500366210938,70.25,70.02999877929688,70.13999938964844,131190,0.0,0.0
2024-06-28 13:30:00-04:00,70.12999725341797,70.16500091552734,69.97750091552734,70.13500213623047,181717,0.0,0.0
2024-06-28 13:35:00-04:00,70.13500213623047,70.27999877929688,70.0999984741211,70.12999725341797,103704,0.0,0.0
2024-06-28 13:40:00-04:00,70.12000274658203,70.16999816894531,70.09500122070312,70.16000366210938,78407,0.0,0.0
2024-06-28 13:45:00-04:00,70.15750122070312,70.17500305175781,70.05999755859375,70.13999938964844,73466,0.0,0.0
2024-06-28 13:50:00-04:00,70.13999938964844,70.15499877929688,70.08999633789062,70.12000274658203,58415,0.0,0.0
2024-06-28 13:55:00-04:00,70.125,70.13999938964844,70.07499694824219,70.11499786376953,53286,0.0,0.0
2024-06-28 14:00:00-04:00,70.11000061035156,70.12999725341797,70.05000305175781,70.125,158107,0.0,0.0
2024-06-28 14:05:00-04:00,70.125,70.2300033569336,70.0999984741211,70.18499755859375,122465,0.0,0.0
2024-06-28 14:10:00-04:00,70.18499755859375,70.26000213623047,70.11499786376953,70.2300033569336,132067,0.0,0.0
2024-06-28 14:15:00-04:00,70.2249984741211,70.4000015258789,70.2249984741211,70.36499786376953,97474,0.0,0.0
2024-06-28 14:20:00-04:00,70.36000061035156,70.44000244140625,70.2300033569336,70.42500305175781,105874,0.0,0.0
2024-06-28 14:25:00-04:00,70.42500305175781,70.44999694824219,70.33000183105469,70.3550033569336,93290,0.0,0.0
2024-06-28 14:30:00-04:00,70.3499984741211,70.37000274658203,70.1500015258789,70.16000366210938,155708,0.0,0.0
2024-06-28 14:35:00-04:00,70.16500091552734,70.29000091552734,70.16500091552734,70.2699966430664,177936,0.0,0.0
2024-06-28 14:40:00-04:00,70.27999877929688,70.37750244140625,70.25,70.25499725341797,104704,0.0,0.0
2024-06-28 14:45:00-04:00,70.25,70.29000091552734,70.19999694824219,70.25,125671,0.0,0.0
2024-06-28 14:50:00-04:00,70.25499725341797,70.33000183105469,70.19999694824219,70.21499633789062,130566,0.0,0.0
2024-06-28 14:55:00-04:00,70.21499633789062,70.26000213623047,70.18499755859375,70.19999694824219,133097,0.0,0.0
2024-06-28 15:00:00-04:00,70.20999908447266,70.20999908447266,70.08000183105469,70.08499908447266,152258,0.0,0.0
2024-06-28 15:05:00-04:00,70.0801010131836,70.08999633789062,69.91000366210938,70.0250015258789,185978,0.0,0.0
2024-06-28 15:10:00-04:00,70.02850341796875,70.22000122070312,70.0250015258789,70.18000030517578,152045,0.0,0.0
2024-06-28 15:15:00-04:00,70.17500305175781,70.36000061035156,70.17500305175781,70.19999694824219,279688,0.0,0.0
2024-06-28 15:20:00-04:00,70.20999908447266,70.38999938964844,70.15499877929688,70.3499984741211,195707,0.0,0.0
2024-06-28 15:25:00-04:00,70.3550033569336,70.37000274658203,70.23999786376953,70.23999786376953,204090,0.0,0.0
2024-06-28 15:30:00-04:00,70.25,70.43000030517578,70.20500183105469,70.36499786376953,251967,0.0,0.0
2024-06-28 15:35:00-04:00,70.36000061035156,70.375,70.24500274658203,70.27999877929688,221899,0.0,0.0
2024-06-28 15:40:00-04:00,70.2750015258789,70.30000305175781,70.2249984741211,70.23500061035156,319320,0.0,0.0
2024-06-28 15:45:00-04:00,70.23500061035156,70.30999755859375,70.1449966430664,70.24500274658203,355946,0.0,0.0
2024-06-28 15:50:00-04:00,70.24500274658203,70.6500015258789,70.2300033569336,70.63999938964844,638639,0.0,0.0
2024-06-28 15:55:00-04:00,70.63999938964844,70.8499984741211,70.54499816894531,70.80000305175781,1891422,0.0,0.0
2024-07-01 09:30:00-04:00,71.45999908447266,71.62999725341797,71.04000091552734,71.15750122070312,401645,0.0,0.0
2024-07-01 09:35:00-04:00,71.19999694824219,71.47000122070312,71.02999877929688,71.41999816894531,142278,0.0,0.0
2024-07-01 09:40:00-04:00,71.43000030517578,71.45999908447266,71.0,71.04000091552734,155499,0.0,0.0
2024-07-01 09:45:00-04:00,71.0199966430664,71.29000091552734,70.93000030517578,71.23999786376953,170391,0.0,0.0
2024-07-01 09:50:00-04:00,71.2300033569336,71.37999725341797,71.20999908447266,71.37000274658203,75321,0.0,0.0
2024-07-01 09:55:00-04:00,71.37000274658203,71.44000244140625,71.2699966430664,71.30000305175781,82949,0.0,0.0
2024-07-01 10:00:00-04:00,71.30999755859375,71.44499969482422,70.93000030517578,70.93000030517578,147247,0.0,0.0
2024-07-01 10:05:00-04:00,70.94999694824219,71.0,70.81999969482422,70.88500213623047,197280,0.0,0.0
2024-07-01 10:10:00-04:00,70.88999938964844,70.94999694824219,70.80500030517578,70.8499984741211,135790,0.0,0.0
2024-07-01 10:15:00-04:00,70.84500122070312,70.87999725341797,70.77999877929688,70.80000305175781,88723,0.0,0.0
2024-07-01 10:20:00-04:00,70.80999755859375,70.80999755859375,70.6500015258789,70.67500305175781,152332,0.0,0.0
2024-07-01 10:25:00-04:00,70.66999816894531,70.66999816894531,70.49500274658203,70.55000305175781,101052,0.0,0.0
2024-07-01 10:30:00-04:00,70.55000305175781,70.55500030517578,70.41999816894531,70.41999816894531,183477,0.0,0.0
2024-07-01 10:35:00-04:00,70.41500091552734,70.72000122070312,70.41000366210938,70.72000122070312,105231,0.0,0.0
2024-07-01 10:40:00-04:00,70.70999908447266,70.79000091552734,70.66500091552734,70.7699966430664,66866,0.0,0.0
2024-07-01 10:45:00-04:00,70.76499938964844,70.7699966430664,70.48999786376953,70.52999877929688,162257,0.0,0.0
2024-07-01 10:50:00-04:00,70.52999877929688,70.77999877929688,70.5199966430664,70.7699966430664,98965,0.0,0.0
2024-07-01 10:55:00-04:00,70.76000213623047,70.87000274658203,70.68000030517578,70.87000274658203,67122,0.0,0.0
2024-07-01 11:00:00-04:00,70.79000091552734,70.79000091552734,70.62999725341797,70.66000366210938,112045,0.0,0.0
2024-07-01 11:05:00-04:00,70.66000366210938,70.76000213623047,70.5999984741211,70.73999786376953,49778,0.0,0.0
2024-07-01 11:10:00-04:00,70.73999786376953,70.73999786376953,70.48999786376953,70.50499725341797,79274,0.0,0.0
2024-07-01 11:15:00-04:00,70.51000213623047,70.58999633789062,70.48999786376953,70.55999755859375,83337,0.0,0.0
2024-07-01 11:20:00-04:00,70.55000305175781,70.55999755859375,70.46029663085938,70.50499725341797,65364,0.0,0.0
2024-07-01 11:25:00-04:00,70.50499725341797,70.62999725341797,70.50499725341797,70.57969665527344,67532,0.0,0.0
2024-07-01 11:30:00-04:00,70.58999633789062,70.58999633789062,70.53189849853516,70.56500244140625,58987,0.0,0.0
2024-07-01 11:35:00-04:00,70.58000183105469,70.5999984741211,70.52999877929688,70.55000305175781,45734,0.0,0.0
2024-07-01 11:40:00-04:00,70.55000305175781,70.55999755859375,70.4800033569336,70.51000213623047,41632,0.0,0.0
2024-07-01 11:45:00-04:00,70.51000213623047,70.55999755859375,70.48500061035156,70.55999755859375,57622,0.0,0.0
2024-07-01 11:50:00-04:00,70.55999755859375,70.73999786376953,70.55000305175781,70.69999694824219,73491,0.0,0.0
2024-07-01 11:55:00-04:00,70.70500183105469,70.70500183105469,70.58499908447266,70.6449966430664,92598,0.0,0.0
2024-07-01 12:00:00-04:00,70.63500213623047,70.63500213623047,70.5250015258789,70.55000305175781,38591,0.0,0.0
2024-07-01 12:05:00-04:00,70.55999755859375,70.59329986572266,70.5199966430664,70.55999755859375,77461,0.0,0.0
2024-07-01 12:10:00-04:00,70.55999755859375,70.56009674072266,70.45999908447266,70.48500061035156,91619,0.0,0.0
2024-07-01 12:15:00-04:00,70.48500061035156,70.51000213623047,70.41500091552734,70.48500061035156,88689,0.0,0.0
2024-07-01 12:20:00-04:00,70.48500061035156,70.56500244140625,70.48500061035156,70.51499938964844,57201,0.0,0.0
2024-07-01 12:25:00-04:00,70.51000213623047,70.61000061035156,70.50499725341797,70.5999984741211,41533,0.0,0.0
2024-07-01 12:30:00-04:00,70.5999984741211,70.5999984741211,70.5,70.51499938964844,63997,0.0,0.0
2024-07-01 12:35:00-04:00,70.51499938964844,70.58999633789062,70.48500061035156,70.58000183105469,42735,0.0,0.0
2024-07-01 12:40:00-04:00,70.5833969116211,70.58999633789062,70.44999694824219,70.5,55185,0.0,0.0
2024-07-01 12:45:00-04:00,70.50499725341797,70.54499816894531,70.44499969482422,70.54000091552734,48127,0.0,0.0
2024-07-01 12:50:00-04:00,70.53500366210938,70.53500366210938,70.45999908447266,70.45999908447266,98800,0.0,0.0
2024-07-01 12:55:00-04:00,70.45999908447266,70.5,70.41000366210938,70.41500091552734,90048,0.0,0.0
2024-07-01 13:00:00-04:00,70.41500091552734,70.52999877929688,70.37000274658203,70.52469635009766,122520,0.0,0.0
2024-07-01 13:05:00-04:00,70.5250015258789,70.6500015258789,70.51499938964844,70.625,62996,0.0,0.0
2024-07-01 13:10:00-04:00,70.625,70.66000366210938,70.51000213623047,70.52999877929688,68373,0.0,0.0
2024-07-01 13:15:00-04:00,70.52999877929688,70.53500366210938,70.44499969482422,70.45500183105469,47108,0.0,0.0
2024-07-01 13:20:00-04:00,70.4749984741211,70.4749984741211,70.40499877929688,70.43450164794922,45299,0.0,0.0
2024-07-01 13:25:00-04:00,70.43499755859375,70.46499633789062,70.41000366210938,70.41000366210938,46254,0.0,0.0
2024-07-01 13:30:00-04:00,70.4000015258789,70.4000015258789,70.20999908447266,70.2300033569336,71808,0.0,0.0
2024-07-01 13:35:00-04:00,70.2300033569336,70.2699966430664,70.19000244140625,70.19000244140625,108413,0.0,0.0
2024-07-01 13:40:00-04:00,70.19499969482422,70.19499969482422,70.12000274658203,70.12000274658203,102228,0.0,0.0
2024-07-01 13:45:00-04:00,70.11000061035156,70.13999938964844,70.0199966430664,70.08999633789062,105002,0.0,0.0
2024-07-01 13:50:00-04:00,70.08000183105469,70.1500015258789,70.05999755859375,70.1449966430664,95854,0.0,0.0
2024-07-01 13:55:00-04:00,70.1449966430664,70.19000244140625,70.1050033569336,70.11000061035156,77801,0.0,0.0
2024-07-01 14:00:00-04:00,70.11499786376953,70.12000274658203,70.05000305175781,70.06999969482422,74749,0.0,0.0
2024-07-01 14:05:00-04:00,70.08000183105469,70.1050033569336,69.94499969482422,69.94499969482422,77121,0.0,0.0
2024-07-01 14:10:00-04:00,69.94999694824219,69.95999908447266,69.88999938964844,69.91500091552734,119749,0.0,0.0
2024-07-01 14:15:00-04:00,69.91000366210938,69.91999816894531,69.80999755859375,69.80999755859375,108004,0.0,0.0
2024-07-01 14:20:00-04:00,69.81999969482422,69.81999969482422,69.76000213623047,69.76000213623047,101431,0.0,0.0
2024-07-01 14:25:00-04:00,69.76499938964844,69.79000091552734,69.72000122070312,69.7699966430664,86632,0.0,0.0
2024-07-01 14:30:00-04:00,69.76499938964844,69.79499816894531,69.7249984741211,69.73500061035156,91644,0.0,0.0
2024-07-01 14:35:00-04:00,69.73500061035156,69.77999877929688,69.66000366210938,69.77999877929688,181842,0.0,0.0
2024-07-01 14:40:00-04:00,69.78500366210938,69.78500366210938,69.66999816894531,69.7300033569336,155269,0.0,0.0
2024-07-01 14:45:00-04:00,69.7249984741211,69.7249984741211,69.54019927978516,69.56500244140625,106063,0.0,0.0
2024-07-01 14:50:00-04:00,69.56500244140625,69.70999908447266,69.56500244140625,69.68499755859375,117382,0.0,0.0
2024-07-01 14:55:00-04:00,69.68000030517578,69.75,69.63999938964844,69.6885986328125,91788,0.0,0.0
2024-07-01 15:00:00-04:00,69.69000244140625,69.81919860839844,69.69000244140625,69.80500030517578,82015,0.0,0.0
2024-07-01 15:05:00-04:00,69.80999755859375,69.84500122070312,69.79499816894531,69.81500244140625,93648,0.0,0.0
2024-07-01 15:10:00-04:00,69.81990051269531,69.83000183105469,69.74500274658203,69.78500366210938,117796,0.0,0.0
2024-07-01 15:15:00-04:00,69.77999877929688,69.80999755859375,69.73999786376953,69.79499816894531,129730,0.0,0.0
2024-07-01 15:20:00-04:00,69.79499816894531,69.81999969482422,69.73999786376953,69.75,135812,0.0,0.0
2024-07-01 15:25:00-04:00,69.76000213623047,69.79499816894531,69.70999908447266,69.76000213623047,200900,0.0,0.0
2024-07-01 15:30:00-04:00,69.76499938964844,69.80000305175781,69.71499633789062,69.79499816894531,113316,0.0,0.0
2024-07-01 15:35:00-04:00,69.79499816894531,69.81500244140625,69.70999908447266,69.76499938964844,200823,0.0,0.0
2024-07-01 15:40:00-04:00,69.76000213623047,69.83999633789062,69.70500183105469,69.83499908447266,234020,0.0,0.0
2024-07-01 15:45:00-04:00,69.83499908447266,69.94000244140625,69.83000183105469,69.93499755859375,237524,0.0,0.0
2024-07-01 15:50:00-04:00,69.93499755859375,70.01499938964844,69.875,69.88999938964844,278688,0.0,0.0
2024-07-01 15:55:00-04:00,69.9000015258789,69.9800033569336,69.83999633789062,69.88999938964844,660605,0.0,0.0
2024-07-02 09:30:00-04:00,70.0,70.12999725341797,69.66999816894531,69.83999633789062,307904,0.0,0.0
2024-07-02 09:35:00-04:00,69.83499908447266,70.01000213623047,69.79000091552734,69.88500213623047,127950,0.0,0.0
2024-07-02 09:40:00-04:00,69.9000015258789,69.98999786376953,69.5999984741211,69.62999725341797,148448,0.0,0.0
2024-07-02 09:45:00-04:00,69.63999938964844,69.63999938964844,69.45999908447266,69.58000183105469,140776,0.0,0.0
2024-07-02 09:50:00-04:00,69.56999969482422,69.63999938964844,69.44999694824219,69.4800033569336,108837,0.0,0.0
2024-07-02 09:55:00-04:00,69.4800033569336,69.80000305175781,69.37999725341797,69.70999908447266,226279,0.0,0.0
2024-07-02 10:00:00-04:00,69.7300033569336,69.7750015258789,69.48500061035156,69.48999786376953,130281,0.0,0.0
2024-07-02 10:05:00-04:00,69.48999786376953,69.62000274658203,69.46369934082031,69.5199966430664,171163,0.0,0.0
2024-07-02 10:10:00-04:00,69.51000213623047,69.61000061035156,69.41999816894531,69.58000183105469,86739,0.0,0.0
2024-07-02 10:15:00-04:00,69.56999969482422,69.63999938964844,69.52999877929688,69.61499786376953,110287,0.0,0.0
2024-07-02 10:20:00-04:00,69.61000061035156,69.83000183105469,69.5999984741211,69.77999877929688,97855,0.0,0.0
2024-07-02 10:25:00-04:00,69.77999877929688,69.91999816894531,69.72000122070312,69.9000015258789,115447,0.0,0.0
2024-07-02 10:30:00-04:00,69.88999938964844,70.06999969482422,69.87999725341797,70.05500030517578,113810,0.0,0.0
2024-07-02 10:35:00-04:00,70.05999755859375,70.13999938964844,69.93000030517578,69.94499969482422,259706,0.0,0.0
2024-07-02 10:40:00-04:00,69.94999694824219,70.01000213623047,69.7699966430664,69.7699966430664,89449,0.0,0.0
2024-07-02 10:45:00-04:00,69.76000213623047,69.9000015258789,69.7300033569336,69.82099914550781,129101,0.0,0.0
2024-07-02 10:50:00-04:00,69.81999969482422,69.97000122070312,69.81999969482422,69.97000122070312,98961,0.0,0.0
2024-07-02 10:55:00-04:00,69.95999908447266,69.9800033569336,69.87000274658203,69.94000244140625,79052,0.0,0.0
2024-07-02 11:00:00-04:00,69.93000030517578,69.93000030517578,69.86000061035156,69.86499786376953,39637,0.0,0.0
2024-07-02 11:05:00-04:00,69.87000274658203,69.97000122070312,69.80999755859375,69.94499969482422,64371,0.0,0.0
2024-07-02 11:10:00-04:00,69.94000244140625,69.95999908447266,69.88999938964844,69.93000030517578,73486,0.0,0.0
2024-07-02 11:15:00-04:00,69.93000030517578,70.01000213623047,69.91000366210938,69.91999816894531,50349,0.0,0.0
2024-07-02 11:20:00-04:00,69.92500305175781,70.01000213623047,69.91999816894531,70.0,51973,0.0,0.0
2024-07-02 11:25:00-04:00,70.00499725341797,70.01000213623047,69.95999908447266,70.0,68919,0.0,0.0
2024-07-02 11:30:00-04:00,70.0,70.0199966430664,69.88500213623047,69.92500305175781,134871,0.0,0.0
2024-07-02 11:35:00-04:00,69.93000030517578,70.12000274658203,69.91999816894531,70.08999633789062,428249,0.0,0.0
2024-07-02 11:40:00-04:00,70.0999984741211,70.12000274658203,69.83999633789062,69.88999938964844,73085,0.0,0.0
2024-07-02 11:45:00-04:00,69.88999938964844,69.98999786376953,69.87999725341797,69.98999786376953,53165,0.0,0.0
2024-07-02 11:50:00-04:00,70.01000213623047,70.18000030517578,69.9800033569336,70.16500091552734,47354,0.0,0.0
2024-07-02 11:55:00-04:00,70.16500091552734,70.2750015258789,70.1500015258789,70.22000122070312,55698,0.0,0.0
2024-07-02 12:00:00-04:00,70.22000122070312,70.2699966430664,70.18499755859375,70.20999908447266,49666,0.0,0.0
2024-07-02 12:05:00-04:00,70.20999908447266,70.29499816894531,70.19999694824219,70.27179718017578,46533,0.0,0.0
2024-07-02 12:10:00-04:00,70.2699966430664,70.37000274658203,70.23999786376953,70.33499908447266,83190,0.0,0.0
2024-07-02 12:15:00-04:00,70.33999633789062,70.37999725341797,70.16000366210938,70.22000122070312,66489,0.0,0.0
2024-07-02 12:20:00-04:00,70.21499633789062,70.2300033569336,70.12000274658203,70.20500183105469,67194,0.0,0.0
2024-07-02 12:25:00-04:00,70.20500183105469,70.2300033569336,70.13500213623047,70.13999938964844,97019,0.0,0.0
2024-07-02 12:30:00-04:00,70.13500213623047,70.18000030517578,70.12999725341797,70.18000030517578,42214,0.0,0.0
2024-07-02 12:35:00-04:00,70.19000244140625,70.19000244140625,70.05500030517578,70.06999969482422,46329,0.0,0.0
2024-07-02 12:40:00-04:00,70.08000183105469,70.08000183105469,69.97000122070312,70.0,40291,0.0,0.0
2024-07-02 12:45:00-04:00,69.99500274658203,70.05000305175781,69.94000244140625,70.02999877929688,65750,0.0,0.0
2024-07-02 12:50:00-04:00,70.0250015258789,70.08000183105469,70.0199966430664,70.0469970703125,36011,0.0,0.0
2024-07-02 12:55:00-04:00,70.04000091552734,70.0999984741211,70.0,70.07990264892578,47441,0.0,0.0
2024-07-02 13:00:00-04:00,70.07499694824219,70.1050033569336,70.05999755859375,70.07499694824219,38089,0.0,0.0
2024-07-02 13:05:00-04:00,70.06999969482422,70.08000183105469,70.01000213623047,70.0250015258789,70832,0.0,0.0
2024-07-02 13:10:00-04:00,70.04000091552734,70.08000183105469,70.0250015258789,70.06999969482422,50392,0.0,0.0
2024-07-02 13:15:00-04:00,70.07499694824219,70.1500015258789,70.07499694824219,70.1449966430664,50434,0.0,0.0
2024-07-02 13:20:00-04:00,70.1500015258789,70.20999908447266,70.13999938964844,70.18000030517578,37016,0.0,0.0
2024-07-02 13:25:00-04:00,70.18000030517578,70.18000030517578,70.11000061035156,70.12000274658203,46730,0.0,0.0
2024-07-02 13:30:00-04:00,70.11499786376953,70.12999725341797,70.08000183105469,70.09500122070312,41445,0.0,0.0
2024-07-02 13:35:00-04:00,70.08999633789062,70.08999633789062,70.0,70.01000213623047,68702,0.0,0.0
2024-07-02 13:40:00-04:00,70.01000213623047,70.08499908447266,69.98500061035156,70.05000305175781,58370,0.0,0.0
2024-07-02 13:45:00-04:00,70.04000091552734,70.16000366210938,70.0199966430664,70.12999725341797,97823,0.0,0.0
2024-07-02 13:50:00-04:00,70.125,70.37000274658203,70.125,70.36000061035156,76574,0.0,0.0
2024-07-02 13:55:00-04:00,70.36000061035156,70.37999725341797,70.25,70.26499938964844,42664,0.0,0.0
2024-07-02 14:00:00-04:00,70.2699966430664,70.27999877929688,70.2300033569336,70.26499938964844,51855,0.0,0.0
2024-07-02 14:05:00-04:00,70.26000213623047,70.29499816894531,70.23999786376953,70.29499816894531,39390,0.0,0.0
2024-07-02 14:10:00-04:00,70.28500366210938,70.37000274658203,70.28500366210938,70.36499786376953,44539,0.0,0.0
2024-07-02 14:15:00-04:00,70.37000274658203,70.37000274658203,70.27999877929688,70.30999755859375,47073,0.0,0.0
2024-07-02 14:20:00-04:00,70.31500244140625,70.41500091552734,70.31500244140625,70.41000366210938,63274,0.0,0.0
2024-07-02 14:25:00-04:00,70.40499877929688,70.41999816894531,70.37000274658203,70.38999938964844,40402,0.0,0.0
2024-07-02 14:30:00-04:00,70.37999725341797,70.48999786376953,70.37999725341797,70.48500061035156,80128,0.0,0.0
2024-07-02 14:35:00-04:00,70.4800033569336,70.48500061035156,70.43000030517578,70.48500061035156,75420,0.0,0.0
2024-07-02 14:40:00-04:00,70.48500061035156,70.56999969482422,70.47000122070312,70.48500061035156,74711,0.0,0.0
2024-07-02 14:45:00-04:00,70.4800033569336,70.48999786376953,70.44999694824219,70.4749984741211,65299,0.0,0.0
2024-07-02 14:50:00-04:00,70.47000122070312,70.4749984741211,70.3550033569336,70.3550033569336,65628,0.0,0.0
2024-07-02 14:55:00-04:00,70.3550033569336,70.41500091552734,70.34500122070312,70.41500091552734,50082,0.0,0.0
2024-07-02 15:00:00-04:00,70.41000366210938,70.41000366210938,70.33000183105469,70.3499984741211,58961,0.0,0.0
2024-07-02 15:05:00-04:00,70.36000061035156,70.47709655761719,70.36000061035156,70.44000244140625,51395,0.0,0.0
2024-07-02 15:10:00-04:00,70.44000244140625,70.44499969482422,70.3499984741211,70.37999725341797,44810,0.0,0.0
2024-07-02 15:15:00-04:00,70.375,70.44000244140625,70.375,70.43499755859375,41681,0.0,0.0
2024-07-02 15:20:00-04:00,70.43499755859375,70.43499755859375,70.37000274658203,70.40499877929688,69869,0.0,0.0
2024-07-02 15:25:00-04:00,70.4000015258789,70.44120025634766,70.38999938964844,70.42500305175781,41504,0.0,0.0
2024-07-02 15:30:00-04:00,70.41999816894531,70.45500183105469,70.4000015258789,70.41500091552734,48309,0.0,0.0
2024-07-02 15:35:00-04:00,70.41000366210938,70.49500274658203,70.38500213623047,70.48989868164062,78207,0.0,0.0
2024-07-02 15:40:00-04:00,70.48500061035156,70.57830047607422,70.4800033569336,70.56500244140625,135307,0.0,0.0
2024-07-02 15:45:00-04:00,70.56500244140625,70.59500122070312,70.49500274658203,70.49500274658203,161692,0.0,0.0
2024-07-02 15:50:00-04:00,70.48999786376953,70.5199966430664,70.47000122070312,70.51499938964844,316741,0.0,0.0
2024-07-02 15:55:00-04:00,70.51499938964844,70.52999877929688,70.43000030517578,70.4800033569336,493002,0.0,0.0
2024-07-03 09:30:00-04:00,70.91999816894531,70.94000244140625,70.55999755859375,70.69000244140625,153915,0.0,0.0
2024-07-03 09:35:00-04:00,70.70999908447266,70.9800033569336,70.66999816894531,70.69000244140625,49411,0.0,0.0
2024-07-03 09:40:00-04:00,70.66999816894531,70.83000183105469,70.55000305175781,70.80000305175781,46239,0.0,0.0
2024-07-03 09:45:00-04:00,70.80000305175781,71.06999969482422,70.79000091552734,71.05000305175781,51014,0.0,0.0
2024-07-03 09:50:00-04:00,71.05999755859375,71.25,71.02999877929688,71.13899993896484,76340,0.0,0.0
2024-07-03 09:55:00-04:00,71.12999725341797,71.2699966430664,71.11000061035156,71.11000061035156,108779,0.0,0.0
2024-07-03 10:00:00-04:00,71.1500015258789,71.4800033569336,71.12999725341797,71.45500183105469,109960,0.0,0.0
2024-07-03 10:05:00-04:00,71.45500183105469,71.6500015258789,71.45500183105469,71.5999984741211,63414,0.0,0.0
2024-07-03 10:10:00-04:00,71.58999633789062,71.76000213623047,71.56999969482422,71.69999694824219,67006,0.0,0.0
2024-07-03 10:15:00-04:00,71.69499969482422,71.77999877929688,71.66999816894531,71.66999816894531,42368,0.0,0.0
2024-07-03 10:20:00-04:00,71.66000366210938,71.66000366210938,71.41190338134766,71.46499633789062,85645,0.0,0.0
2024-07-03 10:25:00-04:00,71.46499633789062,71.62000274658203,71.4000015258789,71.51000213623047,113560,0.0,0.0
2024-07-03 10:30:00-04:00,71.51000213623047,71.6050033569336,71.50900268554688,71.58000183105469,40946,0.0,0.0
2024-07-03 10:35:00-04:00,71.58000183105469,71.58999633789062,71.48500061035156,71.5250015258789,47563,0.0,0.0
2024-07-03 10:40:00-04:00,71.5199966430664,71.61000061035156,71.5,71.55000305175781,46770,0.0,0.0
2024-07-03 10:45:00-04:00,71.55999755859375,71.70999908447266,71.5199966430664,71.66500091552734,178027,0.0,0.0
2024-07-03 10:50:00-04:00,71.66999816894531,71.73999786376953,71.54000091552734,71.54499816894531,38695,0.0,0.0
2024-07-03 10:55:00-04:00,71.54850006103516,71.54850006103516,71.4800033569336,71.52999877929688,87188,0.0,0.0
2024-07-03 11:00:00-04:00,71.54000091552734,71.58999633789062,71.5199966430664,71.56999969482422,41583,0.0,0.0
2024-07-03 11:05:00-04:00,71.58000183105469,71.66000366210938,71.49500274658203,71.53500366210938,81368,0.0,0.0
2024-07-03 11:10:00-04:00,71.54000091552734,71.54499816894531,71.47000122070312,71.53500366210938,62524,0.0,0.0
2024-07-03 11:15:00-04:00,71.53500366210938,71.53500366210938,71.41000366210938,71.42320251464844,48036,0.0,0.0
2024-07-03 11:20:00-04:00,71.41500091552734,71.48999786376953,71.36000061035156,71.41999816894531,34411,0.0,0.0
2024-07-03 11:25:00-04:00,71.41500091552734,71.52999877929688,71.38999938964844,71.47000122070312,115826,0.0,0.0
2024-07-03 11:30:00-04:00,71.45999908447266,71.5999984741211,71.45999908447266,71.59500122070312,64592,0.0,0.0
2024-07-03 11:35:00-04:00,71.5999984741211,71.73999786376953,71.59500122070312,71.73999786376953,77076,0.0,0.0
2024-07-03 11:40:00-04:00,71.7300033569336,71.75,71.69999694824219,71.73500061035156,48855,0.0,0.0
2024-07-03 11:45:00-04:00,71.7300033569336,71.75499725341797,71.69000244140625,71.74500274658203,47499,0.0,0.0
2024-07-03 11:50:00-04:00,71.73999786376953,71.91000366210938,71.73999786376953,71.87000274658203,114400,0.0,0.0
2024-07-03 11:55:00-04:00,71.87999725341797,71.88500213623047,71.71499633789062,71.71499633789062,69821,0.0,0.0
2024-07-03 12:00:00-04:00,71.70999908447266,71.73999786376953,71.61000061035156,71.625,68745,0.0,0.0
2024-07-03 12:05:00-04:00,71.61000061035156,71.66999816894531,71.56999969482422,71.66500091552734,54292,0.0,0.0
2024-07-03 12:10:00-04:00,71.66000366210938,71.76499938964844,71.65499877929688,71.76000213623047,56413,0.0,0.0
2024-07-03 12:15:00-04:00,71.76499938964844,71.86000061035156,71.75499725341797,71.8499984741211,47335,0.0,0.0
2024-07-03 12:20:00-04:00,71.86000061035156,71.87999725341797,71.79499816894531,71.83999633789062,79387,0.0,0.0
2024-07-03 12:25:00-04:00,71.83000183105469,71.88999938964844,71.82499694824219,71.84500122070312,81526,0.0,0.0
2024-07-03 12:30:00-04:00,71.83999633789062,71.84500122070312,71.75,71.82499694824219,118661,0.0,0.0
2024-07-03 12:35:00-04:00,71.81999969482422,71.83000183105469,71.55500030517578,71.55999755859375,110629,0.0,0.0
2024-07-03 12:40:00-04:00,71.55999755859375,71.6050033569336,71.48999786376953,71.53500366210938,133527,0.0,0.0
2024-07-03 12:45:00-04:00,71.54000091552734,71.6050033569336,71.53500366210938,71.6050033569336,32288,0.0,0.0
2024-07-05 09:30:00-04:00,72.0,72.12999725341797,71.68000030517578,71.87999725341797,272247,0.0,0.0
2024-07-05 09:35:00-04:00,71.94000244140625,72.17990112304688,71.81999969482422,71.95999908447266,202818,0.0,0.0
2024-07-05 09:40:00-04:00,71.95999908447266,72.33000183105469,71.93000030517578,72.16000366210938,80624,0.0,0.0
2024-07-05 09:45:00-04:00,72.0999984741211,72.29930114746094,72.05999755859375,72.0999984741211,123834,0.0,0.0
2024-07-05 09:50:00-04:00,72.0999984741211,72.23999786376953,71.91999816894531,72.05000305175781,139561,0.0,0.0
2024-07-05 09:55:00-04:00,72.06999969482422,72.31999969482422,72.06999969482422,72.29000091552734,176023,0.0,0.0
2024-07-05 10:00:00-04:00,72.2750015258789,72.33999633789062,71.98999786376953,72.16000366210938,141924,0.0,0.0
2024-07-05 10:05:00-04:00,72.12999725341797,72.16999816894531,71.97000122070312,72.05899810791016,98490,0.0,0.0
2024-07-05 10:10:00-04:00,72.05000305175781,72.20999908447266,71.93000030517578,72.20999908447266,211541,0.0,0.0
2024-07-05 10:15:00-04:00,72.19000244140625,72.19000244140625,71.96019744873047,71.98999786376953,81255,0.0,0.0
2024-07-05 10:20:00-04:00,71.98999786376953,72.08999633789062,71.97000122070312,72.08999633789062,46794,0.0,0.0
2024-07-05 10:25:00-04:00,72.0999984741211,72.19999694824219,72.08999633789062,72.15499877929688,92106,0.0,0.0
2024-07-05 10:30:00-04:00,72.1500015258789,72.19000244140625,72.00990295410156,72.02999877929688,50967,0.0,0.0
2024-07-05 10:35:00-04:00,72.02999877929688,72.04000091552734,71.83999633789062,71.95999908447266,197325,0.0,0.0
2024-07-05 10:40:00-04:00,71.94999694824219,71.9800033569336,71.83000183105469,71.84500122070312,78243,0.0,0.0
2024-07-05 10:45:00-04:00,71.84500122070312,71.9000015258789,71.79499816894531,71.80999755859375,69495,0.0,0.0
2024-07-05 10:50:00-04:00,71.80000305175781,71.98999786376953,71.80000305175781,71.9000015258789,85690,0.0,0.0
2024-07-05 10:55:00-04:00,71.9000015258789,71.93499755859375,71.8550033569336,71.8550033569336,41865,0.0,0.0
2024-07-05 11:00:00-04:00,71.86000061035156,71.86000061035156,71.7300033569336,71.79000091552734,60052,0.0,0.0
2024-07-05 11:05:00-04:00,71.79499816894531,71.94000244140625,71.79000091552734,71.81999969482422,65172,0.0,0.0
2024-07-05 11:10:00-04:00,71.83000183105469,72.0,71.83000183105469,71.88999938964844,54092,0.0,0.0
2024-07-05 11:15:00-04:00,71.9000015258789,71.91999816894531,71.87000274658203,71.875,23789,0.0,0.0
2024-07-05 11:20:00-04:00,71.87999725341797,71.91000366210938,71.86000061035156,71.87000274658203,55518,0.0,0.0
2024-07-05 11:25:00-04:00,71.87000274658203,71.9800033569336,71.87000274658203,71.93000030517578,39618,0.0,0.0
2024-07-05 11:30:00-04:00,71.93000030517578,71.9800033569336,71.88999938964844,71.9800033569336,44883,0.0,0.0
2024-07-05 11:35:00-04:00,71.98500061035156,72.12000274658203,71.9801025390625,72.12000274658203,84995,0.0,0.0
2024-07-05 11:40:00-04:00,72.12000274658203,72.19499969482422,72.0802993774414,72.19499969482422,55627,0.0,0.0
2024-07-05 11:45:00-04:00,72.19999694824219,72.22000122070312,72.13999938964844,72.16999816894531,34673,0.0,0.0
2024-07-05 11:50:00-04:00,72.16500091552734,72.22000122070312,72.06500244140625,72.07499694824219,38818,0.0,0.0
2024-07-05 11:55:00-04:00,72.08000183105469,72.08499908447266,71.98999786376953,72.05000305175781,38729,0.0,0.0
2024-07-05 12:00:00-04:00,72.0199966430664,72.05999755859375,71.9800033569336,71.9800033569336,39367,0.0,0.0
2024-07-05 12:05:00-04:00,71.9800033569336,72.0999984741211,71.9749984741211,71.9749984741211,77301,0.0,0.0
2024-07-05 12:10:00-04:00,71.9749984741211,72.0199966430664,71.87999725341797,71.88999938964844,41864,0.0,0.0
2024-07-05 12:15:00-04:00,71.88999938964844,71.8949966430664,71.80000305175781,71.80500030517578,41027,0.0,0.0
2024-07-05 12:20:00-04:00,71.80999755859375,71.87999725341797,71.80999755859375,71.87999725341797,32737,0.0,0.0
2024-07-05 12:25:00-04:00,71.875,71.91000366210938,71.80999755859375,71.81500244140625,51809,0.0,0.0
2024-07-05 12:30:00-04:00,71.80999755859375,71.81990051269531,71.7699966430664,71.78669738769531,29456,0.0,0.0
2024-07-05 12:35:00-04:00,71.78780364990234,71.83000183105469,71.78500366210938,71.80000305175781,26064,0.0,0.0
2024-07-05 12:40:00-04:00,71.80989837646484,71.83000183105469,71.79499816894531,71.82499694824219,20198,0.0,0.0
2024-07-05 12:45:00-04:00,71.82499694824219,71.9000015258789,71.81099700927734,71.89990234375,18214,0.0,0.0
2024-07-05 12:50:00-04:00,71.88999938964844,71.93499755859375,71.87470245361328,71.91000366210938,26904,0.0,0.0
2024-07-05 12:55:00-04:00,71.90499877929688,71.93499755859375,71.875,71.92500305175781,365605,0.0,0.0
2024-07-05 13:00:00-04:00,71.92500305175781,71.94999694824219,71.8949966430664,71.92500305175781,414240,0.0,0.0
2024-07-05 13:05:00-04:00,71.92500305175781,71.96009826660156,71.91000366210938,71.96009826660156,35596,0.0,0.0
2024-07-05 13:10:00-04:00,71.96499633789062,71.98500061035156,71.94380187988281,71.9749984741211,40454,0.0,0.0
2024-07-05 13:15:00-04:00,71.9749984741211,71.98999786376953,71.93470001220703,71.9542007446289,33477,0.0,0.0
2024-07-05 13:20:00-04:00,71.95500183105469,72.0,71.95500183105469,71.9800033569336,21185,0.0,0.0
2024-07-05 13:25:00-04:00,71.97000122070312,71.9800033569336,71.76499938964844,71.77999877929688,52321,0.0,0.0
2024-07-05 13:30:00-04:00,71.7750015258789,71.77980041503906,71.69000244140625,71.74500274658203,41824,0.0,0.0
2024-07-05 13:35:00-04:00,71.73999786376953,71.86000061035156,71.7300033569336,71.83000183105469,54419,0.0,0.0
2024-07-05 13:40:00-04:00,71.83000183105469,71.87999725341797,71.81999969482422,71.83999633789062,67279,0.0,0.0
2024-07-05 13:45:00-04:00,71.84500122070312,71.88999938964844,71.84500122070312,71.87000274658203,37649,0.0,0.0
2024-07-05 13:50:00-04:00,71.86000061035156,71.9000015258789,71.83999633789062,71.8949966430664,51038,0.0,0.0
2024-07-05 13:55:00-04:00,71.9000015258789,71.95999908447266,71.8949966430664,71.91999816894531,50316,0.0,0.0
2024-07-05 14:00:00-04:00,71.91500091552734,71.98999786376953,71.91500091552734,71.94499969482422,68260,0.0,0.0
2024-07-05 14:05:00-04:00,71.94010162353516,71.94999694824219,71.8550033569336,71.94000244140625,51931,0.0,0.0
2024-07-05 14:10:00-04:00,71.94000244140625,72.02999877929688,71.93000030517578,72.02999877929688,30826,0.0,0.0
2024-07-05 14:15:00-04:00,72.03500366210938,72.11499786376953,72.02999877929688,72.1050033569336,39664,0.0,0.0
2024-07-05 14:20:00-04:00,72.1050033569336,72.14579772949219,72.1050033569336,72.12999725341797,37895,0.0,0.0
2024-07-05 14:25:00-04:00,72.13500213623047,72.2051010131836,72.08999633789062,72.0999984741211,62531,0.0,0.0
2024-07-05 14:30:00-04:00,72.08999633789062,72.125,72.04499816894531,72.125,39175,0.0,0.0
2024-07-05 14:35:00-04:00,72.125,72.12999725341797,72.05500030517578,72.07499694824219,49226,0.0,0.0
2024-07-05 14:40:00-04:00,72.08000183105469,72.11000061035156,72.06500244140625,72.09500122070312,31195,0.0,0.0
2024-07-05 14:45:00-04:00,72.09500122070312,72.0999984741211,72.06999969482422,72.0999984741211,36377,0.0,0.0
2024-07-05 14:50:00-04:00,72.1052017211914,72.16000366210938,72.1050033569336,72.16000366210938,36521,0.0,0.0
2024-07-05 14:55:00-04:00,72.15010070800781,72.19000244140625,72.13500213623047,72.13999938964844,39243,0.0,0.0
2024-07-05 15:00:00-04:00,72.12999725341797,72.16000366210938,72.12000274658203,72.15499877929688,42929,0.0,0.0
2024-07-05 15:05:00-04:00,72.16000366210938,72.18000030517578,72.12999725341797,72.13500213623047,57578,0.0,0.0
2024-07-05 15:10:00-04:00,72.13500213623047,72.18499755859375,72.12000274658203,72.18000030517578,59981,0.0,0.0
2024-07-05 15:15:00-04:00,72.18000030517578,72.20999908447266,72.16999816894531,72.19499969482422,44820,0.0,0.0
2024-07-05 15:20:00-04:00,72.19000244140625,72.2300033569336,72.16500091552734,72.20500183105469,58294,0.0,0.0
2024-07-05 15:25:00-04:00,72.20880126953125,72.23500061035156,72.17500305175781,72.18499755859375,68964,0.0,0.0
2024-07-05 15:30:00-04:00,72.18000030517578,72.25499725341797,72.17500305175781,72.21900177001953,84477,0.0,0.0
2024-07-05 15:35:00-04:00,72.22000122070312,72.2699966430664,72.20999908447266,72.2249984741211,73230,0.0,0.0
2024-07-05 15:40:00-04:00,72.2249984741211,72.2699966430664,72.20999908447266,72.20999908447266,94298,0.0,0.0
2024-07-05 15:45:00-04:00,72.21499633789062,72.31900024414062,72.19999694824219,72.30000305175781,156998,0.0,0.0
2024-07-05 15:50:00-04:00,72.30000305175781,72.3499984741211,72.25,72.25,226411,0.0,0.0
2024-07-05 15:55:00-04:00,72.25499725341797,72.2699966430664,72.05000305175781,72.09500122070312,440453,0.0,0.0
2024-07-08 09:30:00-04:00,72.23560333251953,72.26000213623047,71.98999786376953,72.0999984741211,111400,0.0,0.0
2024-07-08 09:35:00-04:00,72.08999633789062,72.30999755859375,72.08999633789062,72.19149780273438,36348,0.0,0.0
2024-07-08 09:40:00-04:00,72.2300033569336,72.3499984741211,72.2300033569336,72.3499984741211,22903,0.0,0.0
2024-07-08 09:45:00-04:00,72.3499984741211,72.41400146484375,72.33999633789062,72.38999938964844,21808,0.0,0.0
2024-07-08 09:50:00-04:00,72.43000030517578,72.58000183105469,72.37000274658203,72.38510131835938,68751,0.0,0.0
2024-07-08 09:55:00-04:00,72.37000274658203,72.44999694824219,72.30999755859375,72.375,54661,0.0,0.0
2024-07-08 10:00:00-04:00,72.375,72.4749984741211,72.30999755859375,72.33000183105469,81298,0.0,0.0
2024-07-08 10:05:00-04:00,72.33000183105469,72.33999633789062,72.16000366210938,72.16239929199219,58336,0.0,0.0
2024-07-08 10:10:00-04:00,72.16100311279297,72.23999786376953,72.13999938964844,72.16999816894531,28798,0.0,0.0
2024-07-08 10:15:00-04:00,72.16999816894531,72.19000244140625,71.95500183105469,71.96499633789062,71264,0.0,0.0
2024-07-08 10:20:00-04:00,71.95999908447266,72.01000213623047,71.91999816894531,71.96839904785156,67478,0.0,0.0
2024-07-08 10:25:00-04:00,71.9800033569336,71.98999786376953,71.8499984741211,71.91999816894531,32363,0.0,0.0
2024-07-08 10:30:00-04:00,71.91000366210938,71.91000366210938,71.80000305175781,71.81999969482422,40754,0.0,0.0
2024-07-08 10:35:00-04:00,71.80999755859375,71.83999633789062,71.7699966430664,71.82499694824219,26598,0.0,0.0
2024-07-08 10:40:00-04:00,71.82499694824219,71.84500122070312,71.80500030517578,71.81999969482422,20165,0.0,0.0
2024-07-08 10:45:00-04:00,71.80999755859375,71.80999755859375,71.73999786376953,71.79000091552734,28505,0.0,0.0
2024-07-08 10:50:00-04:00,71.79499816894531,71.83999633789062,71.79499816894531,71.81999969482422,29479,0.0,0.0
2024-07-08 10:55:00-04:00,71.81999969482422,71.93000030517578,71.80000305175781,71.87480163574219,31480,0.0,0.0
2024-07-08 11:00:00-04:00,71.86499786376953,71.86849975585938,71.80500030517578,71.8499984741211,26956,0.0,0.0
2024-07-08 11:05:00-04:00,71.86000061035156,72.0250015258789,71.84490203857422,71.95999908447266,47360,0.0,0.0
2024-07-08 11:10:00-04:00,71.97000122070312,72.0,71.91999816894531,71.93990325927734,26884,0.0,0.0
2024-07-08 11:15:00-04:00,71.93499755859375,71.94000244140625,71.80000305175781,71.80000305175781,37757,0.0,0.0
2024-07-08 11:20:00-04:00,71.80000305175781,71.9000015258789,71.79000091552734,71.86000061035156,52329,0.0,0.0
2024-07-08 11:25:00-04:00,71.8550033569336,71.86499786376953,71.77999877929688,71.79000091552734,39139,0.0,0.0
2024-07-08 11:30:00-04:00,71.79000091552734,71.88999938964844,71.79000091552734,71.87000274658203,35218,0.0,0.0
2024-07-08 11:35:00-04:00,71.87000274658203,71.87000274658203,71.80000305175781,71.80999755859375,27073,0.0,0.0
2024-07-08 11:40:00-04:00,71.8102035522461,71.86499786376953,71.80000305175781,71.8499984741211,66782,0.0,0.0
2024-07-08 11:45:00-04:00,71.8499984741211,71.93000030517578,71.82499694824219,71.93000030517578,37346,0.0,0.0
2024-07-08 11:50:00-04:00,71.91999816894531,71.9800033569336,71.91000366210938,71.97989654541016,44166,0.0,0.0
2024-07-08 11:55:00-04:00,71.9800033569336,72.00499725341797,71.94000244140625,71.98999786376953,48714,0.0,0.0
2024-07-08 12:00:00-04:00,71.98500061035156,71.98500061035156,71.91000366210938,71.9800033569336,30715,0.0,0.0
2024-07-08 12:05:00-04:00,71.9749984741211,72.01000213623047,71.93000030517578,71.98999786376953,52138,0.0,0.0
2024-07-08 12:10:00-04:00,72.0,72.08499908447266,71.9800033569336,72.08000183105469,30030,0.0,0.0
2024-07-08 12:15:00-04:00,72.08000183105469,72.23999786376953,72.08000183105469,72.18499755859375,69549,0.0,0.0
2024-07-08 12:20:00-04:00,72.19000244140625,72.19999694824219,72.1500015258789,72.17500305175781,17971,0.0,0.0
2024-07-08 12:25:00-04:00,72.16999816894531,72.28500366210938,72.16999816894531,72.28500366210938,30994,0.0,0.0
2024-07-08 12:30:00-04:00,72.28500366210938,72.33000183105469,72.2699966430664,72.30999755859375,52949,0.0,0.0
2024-07-08 12:35:00-04:00,72.31500244140625,72.33000183105469,72.2699966430664,72.29000091552734,30564,0.0,0.0
2024-07-08 12:40:00-04:00,72.29000091552734,72.30000305175781,72.26000213623047,72.27999877929688,25053,0.0,0.0
2024-07-08 12:45:00-04:00,72.27999877929688,72.30999755859375,72.26000213623047,72.27999877929688,105001,0.0,0.0
2024-07-08 12:50:00-04:00,72.2750015258789,72.29000091552734,72.23999786376953,72.27999877929688,23794,0.0,0.0
2024-07-08 12:55:00-04:00,72.2750015258789,72.28500366210938,72.23999786376953,72.23999786376953,26114,0.0,0.0
2024-07-08 13:00:00-04:00,72.2300033569336,72.23999786376953,72.04000091552734,72.04000091552734,46119,0.0,0.0
2024-07-08 13:05:00-04:00,72.04000091552734,72.07499694824219,72.01000213623047,72.01000213623047,23457,0.0,0.0
2024-07-08 13:10:00-04:00,72.00499725341797,72.01499938964844,71.91999816894531,71.93000030517578,31510,0.0,0.0
2024-07-08 13:15:00-04:00,71.93000030517578,72.05000305175781,71.93000030517578,72.05000305175781,47976,0.0,0.0
2024-07-08 13:20:00-04:00,72.05599975585938,72.06999969482422,72.01000213623047,72.04000091552734,19956,0.0,0.0
2024-07-08 13:25:00-04:00,72.04000091552734,72.05999755859375,71.94999694824219,71.97000122070312,24872,0.0,0.0
2024-07-08 13:30:00-04:00,71.97000122070312,72.05000305175781,71.96499633789062,72.02970123291016,24855,0.0,0.0
2024-07-08 13:35:00-04:00,72.0250015258789,72.16999816894531,72.0250015258789,72.16000366210938,32581,0.0,0.0
2024-07-08 13:40:00-04:00,72.15969848632812,72.18000030517578,72.12999725341797,72.13999938964844,22629,0.0,0.0
2024-07-08 13:45:00-04:00,72.12999725341797,72.20999908447266,72.12999725341797,72.20999908447266,21930,0.0,0.0
2024-07-08 13:50:00-04:00,72.19999694824219,72.20999908447266,72.12999725341797,72.19499969482422,31589,0.0,0.0
2024-07-08 13:55:00-04:00,72.19499969482422,72.2300033569336,72.1500015258789,72.22370147705078,27747,0.0,0.0
2024-07-08 14:00:00-04:00,72.22000122070312,72.2300033569336,72.18000030517578,72.2300033569336,28595,0.0,0.0
2024-07-08 14:05:00-04:00,72.2249984741211,72.2249984741211,72.12999725341797,72.19499969482422,43486,0.0,0.0
2024-07-08 14:10:00-04:00,72.18000030517578,72.19000244140625,72.13999938964844,72.13999938964844,27025,0.0,0.0
2024-07-08 14:15:00-04:00,72.1449966430664,72.19999694824219,72.13999938964844,72.18090057373047,27174,0.0,0.0
2024-07-08 14:20:00-04:00,72.19000244140625,72.22000122070312,72.18000030517578,72.19999694824219,34729,0.0,0.0
2024-07-08 14:25:00-04:00,72.19000244140625,72.22000122070312,72.1449966430664,72.15499877929688,44824,0.0,0.0
2024-07-08 14:30:00-04:00,72.15180206298828,72.20999908447266,72.0999984741211,72.18499755859375,57604,0.0,0.0
2024-07-08 14:35:00-04:00,72.19000244140625,72.19000244140625,72.13999938964844,72.1500015258789,25589,0.0,0.0
2024-07-08 14:40:00-04:00,72.1449966430664,72.1449966430664,72.00499725341797,72.00499725341797,35752,0.0,0.0
2024-07-08 14:45:00-04:00,72.0,72.08000183105469,71.97000122070312,72.08000183105469,40690,0.0,0.0
2024-07-08 14:50:00-04:00,72.06999969482422,72.11000061035156,72.05999755859375,72.08499908447266,28452,0.0,0.0
2024-07-08 14:55:00-04:00,72.08499908447266,72.11000061035156,72.08000183105469,72.08000183105469,29890,0.0,0.0
2024-07-08 15:00:00-04:00,72.08000183105469,72.08419799804688,72.01499938964844,72.06500244140625,51054,0.0,0.0
2024-07-08 15:05:00-04:00,72.05999755859375,72.05999755859375,72.0199966430664,72.0250015258789,27683,0.0,0.0
2024-07-08 15:10:00-04:00,72.02999877929688,72.16000366210938,72.02999877929688,72.1500015258789,50880,0.0,0.0
2024-07-08 15:15:00-04:00,72.1449966430664,72.15470123291016,72.0999984741211,72.11000061035156,32302,0.0,0.0
2024-07-08 15:20:00-04:00,72.10430145263672,72.15769958496094,72.06500244140625,72.15769958496094,69516,0.0,0.0
2024-07-08 15:25:00-04:00,72.15989685058594,72.15989685058594,72.08999633789062,72.0999984741211,50546,0.0,0.0
2024-07-08 15:30:00-04:00,72.0999984741211,72.1449966430664,72.08999633789062,72.12000274658203,52296,0.0,0.0
2024-07-08 15:35:00-04:00,72.12000274658203,72.19000244140625,72.11499786376953,72.16999816894531,42922,0.0,0.0
2024-07-08 15:40:00-04:00,72.16999816894531,72.18000030517578,72.125,72.16999816894531,42281,0.0,0.0
2024-07-08 15:45:00-04:00,72.16000366210938,72.16500091552734,72.12000274658203,72.15499877929688,66844,0.0,0.0
2024-07-08 15:50:00-04:00,72.16000366210938,72.16000366210938,72.08499908447266,72.1050033569336,130150,0.0,0.0
2024-07-08 15:55:00-04:00,72.11000061035156,72.16000366210938,72.05999755859375,72.11000061035156,367892,0.0,0.0
2024-07-09 09:30:00-04:00,72.05999755859375,72.31999969482422,72.04000091552734,72.16999816894531,183611,0.0,0.0
2024-07-09 09:35:00-04:00,72.19000244140625,72.41000366210938,72.1050033569336,72.26000213623047,63683,0.0,0.0
2024-07-09 09:40:00-04:00,72.23999786376953,72.39800262451172,72.23999786376953,72.33999633789062,32278,0.0,0.0
2024-07-09 09:45:00-04:00,72.25,72.37999725341797,72.19000244140625,72.3499984741211,52322,0.0,0.0
2024-07-09 09:50:00-04:00,72.36000061035156,72.47000122070312,72.2699966430664,72.43399810791016,29738,0.0,0.0
2024-07-09 09:55:00-04:00,72.41999816894531,72.4800033569336,72.41500091552734,72.44000244140625,39375,0.0,0.0
2024-07-09 10:00:00-04:00,72.44000244140625,72.5,72.29000091552734,72.29000091552734,68173,0.0,0.0
2024-07-09 10:05:00-04:00,72.30000305175781,72.33000183105469,72.1449966430664,72.1449966430664,50563,0.0,0.0
2024-07-09 10:10:00-04:00,72.1500015258789,72.16999816894531,71.91999816894531,71.93499755859375,91542,0.0,0.0
2024-07-09 10:15:00-04:00,71.93000030517578,71.98999786376953,71.72000122070312,71.73999786376953,76683,0.0,0.0
2024-07-09 10:20:00-04:00,71.74009704589844,71.80999755859375,71.68000030517578,71.7925033569336,98233,0.0,0.0
2024-07-09 10:25:00-04:00,71.80000305175781,71.86000061035156,71.7750015258789,71.80999755859375,38068,0.0,0.0
2024-07-09 10:30:00-04:00,71.80000305175781,71.81999969482422,71.73490142822266,71.76000213623047,55614,0.0,0.0
2024-07-09 10:35:00-04:00,71.7699966430664,71.81999969482422,71.76499938964844,71.80999755859375,28237,0.0,0.0
2024-07-09 10:40:00-04:00,71.80999755859375,71.91000366210938,71.80999755859375,71.90499877929688,29597,0.0,0.0
2024-07-09 10:45:00-04:00,71.91000366210938,72.01339721679688,71.87000274658203,72.0,72448,0.0,0.0
2024-07-09 10:50:00-04:00,71.98999786376953,71.99500274658203,71.80999755859375,71.83999633789062,69364,0.0,0.0
2024-07-09 10:55:00-04:00,71.83999633789062,71.98999786376953,71.83999633789062,71.98999786376953,25392,0.0,0.0
2024-07-09 11:00:00-04:00,71.97000122070312,72.0999984741211,71.94499969482422,72.08999633789062,39158,0.0,0.0
2024-07-09 11:05:00-04:00,72.08999633789062,72.16999816894531,72.0510025024414,72.09989929199219,47471,0.0,0.0
2024-07-09 11:10:00-04:00,72.08999633789062,72.37999725341797,72.06999969482422,72.37999725341797,257147,0.0,0.0
2024-07-09 11:15:00-04:00,72.37999725341797,72.37999725341797,72.23999786376953,72.36000061035156,57650,0.0,0.0
2024-07-09 11:20:00-04:00,72.3550033569336,72.47000122070312,72.3499984741211,72.44000244140625,66946,0.0,0.0
2024-07-09 11:25:00-04:00,72.43000030517578,72.43000030517578,72.3499984741211,72.41500091552734,44512,0.0,0.0
2024-07-09 11:30:00-04:00,72.42500305175781,72.47000122070312,72.36499786376953,72.47000122070312,54231,0.0,0.0
2024-07-09 11:35:00-04:00,72.46160125732422,72.47000122070312,72.38500213623047,72.4000015258789,28062,0.0,0.0
2024-07-09 11:40:00-04:00,72.4000015258789,72.43000030517578,72.3949966430664,72.41500091552734,24593,0.0,0.0
2024-07-09 11:45:00-04:00,72.44000244140625,72.47000122070312,72.41999816894531,72.44999694824219,46875,0.0,0.0
2024-07-09 11:50:00-04:00,72.44999694824219,72.48500061035156,72.4000015258789,72.42340087890625,48390,0.0,0.0
2024-07-09 11:55:00-04:00,72.41999816894531,72.5,72.41999816894531,72.46499633789062,30426,0.0,0.0
2024-07-09 12:00:00-04:00,72.45999908447266,72.52999877929688,72.44499969482422,72.49310302734375,35342,0.0,0.0
2024-07-09 12:05:00-04:00,72.49500274658203,72.49500274658203,72.44499969482422,72.45999908447266,24377,0.0,0.0
2024-07-09 12:10:00-04:00,72.44999694824219,72.5,72.44010162353516,72.47000122070312,23012,0.0,0.0
2024-07-09 12:15:00-04:00,72.48639678955078,72.56999969482422,72.45999908447266,72.56999969482422,21333,0.0,0.0
2024-07-09 12:20:00-04:00,72.56999969482422,72.66999816894531,72.55000305175781,72.66999816894531,33609,0.0,0.0
2024-07-09 12:25:00-04:00,72.66000366210938,72.74500274658203,72.6500015258789,72.7052993774414,42069,0.0,0.0
2024-07-09 12:30:00-04:00,72.69000244140625,72.77999877929688,72.69000244140625,72.75,47988,0.0,0.0
2024-07-09 12:35:00-04:00,72.75,72.76000213623047,72.67500305175781,72.75,25794,0.0,0.0
2024-07-09 12:40:00-04:00,72.75499725341797,72.77010345458984,72.72260284423828,72.77010345458984,28233,0.0,0.0
2024-07-09 12:45:00-04:00,72.77999877929688,72.83999633789062,72.7699966430664,72.80999755859375,30936,0.0,0.0
2024-07-09 12:50:00-04:00,72.80999755859375,72.87999725341797,72.7750015258789,72.87000274658203,34516,0.0,0.0
2024-07-09 12:55:00-04:00,72.87000274658203,72.88999938964844,72.83000183105469,72.875,61482,0.0,0.0
2024-07-09 13:00:00-04:00,72.87999725341797,72.98999786376953,72.87999725341797,72.9749984741211,44672,0.0,0.0
2024-07-09 13:05:00-04:00,72.98500061035156,72.98500061035156,72.76000213623047,72.76000213623047,58957,0.0,0.0
2024-07-09 13:10:00-04:00,72.77999877929688,72.8499984741211,72.76000213623047,72.79499816894531,27238,0.0,0.0
2024-07-09 13:15:00-04:00,72.79000091552734,72.79499816894531,72.53820037841797,72.56999969482422,43753,0.0,0.0
2024-07-09 13:20:00-04:00,72.56999969482422,72.62000274658203,72.50499725341797,72.58999633789062,76933,0.0,0.0
2024-07-09 13:25:00-04:00,72.61000061035156,72.68730163574219,72.5999984741211,72.66000366210938,39966,0.0,0.0
2024-07-09 13:30:00-04:00,72.66000366210938,72.66500091552734,72.54000091552734,72.54000091552734,26486,0.0,0.0
2024-07-09 13:35:00-04:00,72.5250015258789,72.57389831542969,72.4800033569336,72.48500061035156,45359,0.0,0.0
2024-07-09 13:40:00-04:00,72.48380279541016,72.57569885253906,72.4749984741211,72.56999969482422,43326,0.0,0.0
2024-07-09 13:45:00-04:00,72.58000183105469,72.5999984741211,72.5199966430664,72.54100036621094,36821,0.0,0.0
2024-07-09 13:50:00-04:00,72.55000305175781,72.58000183105469,72.4800033569336,72.51000213623047,24183,0.0,0.0
2024-07-09 13:55:00-04:00,72.51000213623047,72.51000213623047,72.439697265625,72.44999694824219,34854,0.0,0.0
2024-07-09 14:00:00-04:00,72.44000244140625,72.44000244140625,72.37999725341797,72.42500305175781,57714,0.0,0.0
2024-07-09 14:05:00-04:00,72.42870330810547,72.47000122070312,72.4000015258789,72.47000122070312,40432,0.0,0.0
2024-07-09 14:10:00-04:00,72.45999908447266,72.48529815673828,72.37999725341797,72.38999938964844,118106,0.0,0.0
2024-07-09 14:15:00-04:00,72.38500213623047,72.3905029296875,72.27999877929688,72.31500244140625,64391,0.0,0.0
2024-07-09 14:20:00-04:00,72.30000305175781,72.30999755859375,72.2300033569336,72.2300033569336,59215,0.0,0.0
2024-07-09 14:25:00-04:00,72.2300033569336,72.24500274658203,72.17500305175781,72.17500305175781,43125,0.0,0.0
2024-07-09 14:30:00-04:00,72.16999816894531,72.19000244140625,72.05000305175781,72.08480072021484,77976,0.0,0.0
2024-07-09 14:35:00-04:00,72.08999633789062,72.19499969482422,72.05999755859375,72.19100189208984,54314,0.0,0.0
2024-07-09 14:40:00-04:00,72.19000244140625,72.19989776611328,72.11000061035156,72.11499786376953,50256,0.0,0.0
2024-07-09 14:45:00-04:00,72.11000061035156,72.19999694824219,72.1050033569336,72.18669891357422,38020,0.0,0.0
2024-07-09 14:50:00-04:00,72.18499755859375,72.20999908447266,72.1500015258789,72.15499877929688,46053,0.0,0.0
2024-07-09 14:55:00-04:00,72.15499877929688,72.20999908447266,72.1498031616211,72.19999694824219,42938,0.0,0.0
2024-07-09 15:00:00-04:00,72.19999694824219,72.19999694824219,72.05999755859375,72.06999969482422,70558,0.0,0.0
2024-07-09 15:05:00-04:00,72.06500244140625,72.0999984741211,72.01000213623047,72.04000091552734,50253,0.0,0.0
2024-07-09 15:10:00-04:00,72.04540252685547,72.05999755859375,72.0,72.02999877929688,36271,0.0,0.0
2024-07-09 15:15:00-04:00,72.03500366210938,72.05999755859375,72.0199966430664,72.05500030517578,40582,0.0,0.0
2024-07-09 15:20:00-04:00,72.06500244140625,72.1500015258789,72.05999755859375,72.125,50265,0.0,0.0
2024-07-09 15:25:00-04:00,72.125,72.125,72.08000183105469,72.12000274658203,38496,0.0,0.0
2024-07-09 15:30:00-04:00,72.12000274658203,72.19499969482422,72.06099700927734,72.19000244140625,58983,0.0,0.0
2024-07-09 15:35:00-04:00,72.19000244140625,72.30000305175781,72.16000366210938,72.29499816894531,61786,0.0,0.0
2024-07-09 15:40:00-04:00,72.29499816894531,72.29499816894531,72.18000030517578,72.18000030517578,60884,0.0,0.0
2024-07-09 15:45:00-04:00,72.18499755859375,72.27999877929688,72.18000030517578,72.23999786376953,70806,0.0,0.0
2024-07-09 15:50:00-04:00,72.23999786376953,72.2699966430664,72.15499877929688,72.15499877929688,91346,0.0,0.0
2024-07-09 15:55:00-04:00,72.13999938964844,72.19999694824219,72.04000091552734,72.14900207519531,535915,0.0,0.0
2024-07-10 09:30:00-04:00,72.26000213623047,72.3499984741211,71.81999969482422,71.88999938964844,170175,0.0,0.0
2024-07-10 09:35:00-04:00,71.87999725341797,72.12000274658203,71.87000274658203,72.0,55424,0.0,0.0
2024-07-10 09:40:00-04:00,71.94999694824219,71.97000122070312,71.68000030517578,71.75499725341797,66124,0.0,0.0
2024-07-10 09:45:00-04:00,71.7699966430664,71.91000366210938,71.68000030517578,71.86000061035156,67978,0.0,0.0
2024-07-10 09:50:00-04:00,71.86000061035156,72.19999694824219,71.81999969482422,72.19000244140625,51195,0.0,0.0
2024-07-10 09:55:00-04:00,72.1937026977539,72.1937026977539,72.0199966430664,72.06999969482422,35370,0.0,0.0
2024-07-10 10:00:00-04:00,72.05000305175781,72.23999786376953,72.05000305175781,72.22979736328125,124819,0.0,0.0
2024-07-10 10:05:00-04:00,72.20999908447266,72.2699966430664,71.93000030517578,71.94000244140625,82770,0.0,0.0
2024-07-10 10:10:00-04:00,71.94000244140625,72.04000091552734,71.9197006225586,72.04000091552734,52398,0.0,0.0
2024-07-10 10:15:00-04:00,72.05460357666016,72.08000183105469,71.9209976196289,71.95999908447266,61818,0.0,0.0
2024-07-10 10:20:00-04:00,71.9800033569336,72.1500015258789,71.9800033569336,72.12999725341797,43005,0.0,0.0
2024-07-10 10:25:00-04:00,72.12999725341797,72.12999725341797,72.03009796142578,72.08000183105469,42490,0.0,0.0
2024-07-10 10:30:00-04:00,72.06999969482422,72.17500305175781,72.06500244140625,72.17500305175781,43619,0.0,0.0
2024-07-10 10:35:00-04:00,72.19000244140625,72.2699966430664,72.13999938964844,72.25,46779,0.0,0.0
2024-07-10 10:40:00-04:00,72.25,72.37999725341797,72.22000122070312,72.37000274658203,20717,0.0,0.0
2024-07-10 10:45:00-04:00,72.37000274658203,72.41000366210938,72.2750015258789,72.29000091552734,48436,0.0,0.0
2024-07-10 10:50:00-04:00,72.30999755859375,72.30999755859375,72.22000122070312,72.22000122070312,56996,0.0,0.0
2024-07-10 10:55:00-04:00,72.23500061035156,72.33999633789062,72.2300033569336,72.33290100097656,55462,0.0,0.0
2024-07-10 11:00:00-04:00,72.33000183105469,72.37999725341797,72.31500244140625,72.33999633789062,127729,0.0,0.0
2024-07-10 11:05:00-04:00,72.33000183105469,72.33000183105469,72.18000030517578,72.18000030517578,78347,0.0,0.0
2024-07-10 11:10:00-04:00,72.17500305175781,72.1802978515625,72.12000274658203,72.16000366210938,71563,0.0,0.0
2024-07-10 11:15:00-04:00,72.1500015258789,72.19529724121094,72.12999725341797,72.19499969482422,30774,0.0,0.0
2024-07-10 11:20:00-04:00,72.19999694824219,72.31999969482422,72.19999694824219,72.31999969482422,26654,0.0,0.0
2024-07-10 11:25:00-04:00,72.31999969482422,72.38999938964844,72.27999877929688,72.34420013427734,65390,0.0,0.0
2024-07-10 11:30:00-04:00,72.33999633789062,72.33999633789062,72.16999816894531,72.1852035522461,165372,0.0,0.0
2024-07-10 11:35:00-04:00,72.18000030517578,72.19499969482422,72.12999725341797,72.16500091552734,22377,0.0,0.0
2024-07-10 11:40:00-04:00,72.16999816894531,72.23500061035156,72.1458969116211,72.19999694824219,54168,0.0,0.0
2024-07-10 11:45:00-04:00,72.20500183105469,72.26000213623047,72.19999694824219,72.23999786376953,40370,0.0,0.0
2024-07-10 11:50:00-04:00,72.25,72.27999877929688,72.22000122070312,72.22119903564453,33028,0.0,0.0
2024-07-10 11:55:00-04:00,72.2300033569336,72.31999969482422,72.20999908447266,72.31999969482422,0,0.0,0.0
2024-07-10 12:00:00-04:00,72.33000183105469,72.44000244140625,72.30000305175781,72.41500091552734,175057,0.0,0.0
2024-07-10 12:05:00-04:00,72.41500091552734,72.48999786376953,72.40499877929688,72.44499969482422,29925,0.0,0.0
2024-07-10 12:10:00-04:00,72.44879913330078,72.47000122070312,72.40499877929688,72.46499633789062,21282,0.0,0.0
2024-07-10 12:15:00-04:00,72.47000122070312,72.49500274658203,72.42479705810547,72.44499969482422,29663,0.0,0.0
2024-07-10 12:20:00-04:00,72.44000244140625,72.46499633789062,72.38020324707031,72.46499633789062,144672,0.0,0.0
2024-07-10 12:25:00-04:00,72.4749984741211,72.4749984741211,72.4000015258789,72.4000015258789,30266,0.0,0.0
2024-07-10 12:30:00-04:00,72.4000015258789,72.41500091552734,72.26000213623047,72.26499938964844,19384,0.0,0.0
2024-07-10 12:35:00-04:00,72.25499725341797,72.41999816894531,72.2300033569336,72.41000366210938,40770,0.0,0.0
2024-07-10 12:40:00-04:00,72.41999816894531,72.43990325927734,72.38500213623047,72.43000030517578,39674,0.0,0.0
2024-07-10 12:45:00-04:00,72.41999816894531,72.56999969482422,72.41500091552734,72.55999755859375,52591,0.0,0.0
2024-07-10 12:50:00-04:00,72.55999755859375,72.58999633789062,72.5250015258789,72.57839965820312,41663,0.0,0.0
2024-07-10 12:55:00-04:00,72.58000183105469,72.61000061035156,72.54499816894531,72.61000061035156,45167,0.0,0.0
2024-07-10 13:00:00-04:00,72.62000274658203,72.7699966430664,72.62000274658203,72.7699966430664,37989,0.0,0.0
2024-07-10 13:05:00-04:00,72.7699966430664,72.88999938964844,72.76000213623047,72.8499984741211,45279,0.0,0.0
2024-07-10 13:10:00-04:00,72.83999633789062,72.93000030517578,72.83499908447266,72.9104995727539,32734,0.0,0.0
2024-07-10 13:15:00-04:00,72.91799926757812,72.94999694824219,72.88999938964844,72.93499755859375,31583,0.0,0.0
2024-07-10 13:20:00-04:00,72.93499755859375,72.94000244140625,72.81999969482422,72.81999969482422,34313,0.0,0.0
2024-07-10 13:25:00-04:00,72.81999969482422,72.82779693603516,72.75499725341797,72.78500366210938,23059,0.0,0.0
2024-07-10 13:30:00-04:00,72.77999877929688,72.77999877929688,72.69000244140625,72.69000244140625,21511,0.0,0.0
2024-07-10 13:35:00-04:00,72.68499755859375,72.73500061035156,72.67479705810547,72.7249984741211,28986,0.0,0.0
2024-07-10 13:40:00-04:00,72.7249984741211,72.77999877929688,72.7249984741211,72.76499938964844,28814,0.0,0.0
2024-07-10 13:45:00-04:00,72.76360321044922,72.86000061035156,72.73999786376953,72.86000061035156,38632,0.0,0.0
2024-07-10 13:50:00-04:00,72.83999633789062,73.12999725341797,72.83999633789062,73.12000274658203,656939,0.0,0.0
2024-07-10 13:55:00-04:00,73.11969757080078,73.12999725341797,72.98999786376953,73.1050033569336,51772,0.0,0.0
2024-07-10 14:00:00-04:00,73.11000061035156,73.11000061035156,72.93000030517578,73.06999969482422,51618,0.0,0.0
2024-07-10 14:05:00-04:00,73.06500244140625,73.06500244140625,72.94499969482422,72.94999694824219,69894,0.0,0.0
2024-07-10 14:10:00-04:00,72.94499969482422,72.94499969482422,72.8499984741211,72.89299774169922,53067,0.0,0.0
2024-07-10 14:15:00-04:00,72.88999938964844,72.91000366210938,72.80000305175781,72.83999633789062,42236,0.0,0.0
2024-07-10 14:20:00-04:00,72.83999633789062,72.8655014038086,72.7699966430664,72.7699966430664,37893,0.0,0.0
2024-07-10 14:25:00-04:00,72.77989959716797,72.80000305175781,72.72000122070312,72.7750015258789,48153,0.0,0.0
2024-07-10 14:30:00-04:00,72.77999877929688,72.83000183105469,72.7750015258789,72.80999755859375,34806,0.0,0.0
2024-07-10 14:35:00-04:00,72.81999969482422,72.87660217285156,72.81999969482422,72.83499908447266,43724,0.0,0.0
2024-07-10 14:40:00-04:00,72.83999633789062,72.87000274658203,72.78500366210938,72.81999969482422,32393,0.0,0.0
2024-07-10 14:45:00-04:00,72.81999969482422,72.91000366210938,72.79000091552734,72.90750122070312,31319,0.0,0.0
2024-07-10 14:50:00-04:00,72.91000366210938,72.94999694824219,72.8949966430664,72.93000030517578,27640,0.0,0.0
2024-07-10 14:55:00-04:00,72.93499755859375,72.95500183105469,72.9000015258789,72.95500183105469,52522,0.0,0.0
2024-07-10 15:00:00-04:00,72.95500183105469,72.9800033569336,72.9000015258789,72.90499877929688,40431,0.0,0.0
2024-07-10 15:05:00-04:00,72.91000366210938,72.92500305175781,72.87999725341797,72.9000015258789,43945,0.0,0.0
2024-07-10 15:10:00-04:00,72.90499877929688,72.93000030517578,72.88500213623047,72.90499877929688,34066,0.0,0.0
2024-07-10 15:15:00-04:00,72.91400146484375,72.91400146484375,72.81500244140625,72.81999969482422,66655,0.0,0.0
2024-07-10 15:20:00-04:00,72.81500244140625,72.8499984741211,72.80999755859375,72.81500244140625,34167,0.0,0.0
2024-07-10 15:25:00-04:00,72.83000183105469,72.8550033569336,72.80500030517578,72.81500244140625,43223,0.0,0.0
2024-07-10 15:30:00-04:00,72.81999969482422,72.82499694824219,72.75,72.78479766845703,56490,0.0,0.0
2024-07-10 15:35:00-04:00,72.79499816894531,72.80999755859375,72.66000366210938,72.67500305175781,80346,0.0,0.0
2024-07-10 15:40:00-04:00,72.66999816894531,72.69000244140625,72.55000305175781,72.58599853515625,91597,0.0,0.0
2024-07-10 15:45:00-04:00,72.58000183105469,72.73500061035156,72.57499694824219,72.72000122070312,97798,0.0,0.0
2024-07-10 15:50:00-04:00,72.7249984741211,72.93000030517578,72.70999908447266,72.86499786376953,156996,0.0,0.0
2024-07-10 15:55:00-04:00,72.86000061035156,72.94999694824219,72.80999755859375,72.88999938964844,387276,0.0,0.0
2024-07-11 09:30:00-04:00,73.5,73.94000244140625,73.45999908447266,73.81999969482422,308122,0.0,0.0
2024-07-11 09:35:00-04:00,73.80039978027344,73.94999694824219,73.55999755859375,73.7300033569336,136482,0.0,0.0
2024-07-11 09:40:00-04:00,73.7300033569336,73.76000213623047,73.51000213623047,73.7249984741211,90512,0.0,0.0
2024-07-11 09:45:00-04:00,73.70999908447266,74.0199966430664,73.69999694824219,73.94999694824219,89071,0.0,0.0
2024-07-11 09:50:00-04:00,73.9800033569336,74.0999984741211,73.9800033569336,74.05000305175781,116272,0.0,0.0
2024-07-11 09:55:00-04:00,74.05000305175781,74.12999725341797,74.04000091552734,74.0999984741211,77052,0.0,0.0
2024-07-11 10:00:00-04:00,74.12000274658203,74.20999908447266,74.0199966430664,74.20500183105469,81351,0.0,0.0
2024-07-11 10:05:00-04:00,74.21499633789062,74.48999786376953,74.13999938964844,74.48999786376953,100628,0.0,0.0
2024-07-11 10:10:00-04:00,74.48500061035156,74.69000244140625,74.4800033569336,74.63999938964844,211157,0.0,0.0
2024-07-11 10:15:00-04:00,74.63999938964844,74.73999786376953,74.62999725341797,74.7300033569336,111601,0.0,0.0
2024-07-11 10:20:00-04:00,74.7300033569336,74.80000305175781,74.66999816894531,74.80000305175781,142516,0.0,0.0
2024-07-11 10:25:00-04:00,74.80000305175781,74.98500061035156,74.7750015258789,74.93499755859375,203775,0.0,0.0
2024-07-11 10:30:00-04:00,74.93499755859375,75.20999908447266,74.87999725341797,75.12010192871094,303537,0.0,0.0
2024-07-11 10:35:00-04:00,75.125,75.15499877929688,74.94999694824219,74.94999694824219,120675,0.0,0.0
2024-07-11 10:40:00-04:00,74.94999694824219,74.94999694824219,74.77999877929688,74.81999969482422,199819,0.0,0.0
2024-07-11 10:45:00-04:00,74.82499694824219,74.84559631347656,74.56999969482422,74.63999938964844,206331,0.0,0.0
2024-07-11 10:50:00-04:00,74.63999938964844,74.6449966430664,74.27999877929688,74.29499816894531,92110,0.0,0.0
2024-07-11 10:55:00-04:00,74.29000091552734,74.48999786376953,74.2699966430664,74.44000244140625,112012,0.0,0.0
2024-07-11 11:00:00-04:00,74.44499969482422,74.72000122070312,74.4000015258789,74.70069885253906,216788,0.0,0.0
2024-07-11 11:05:00-04:00,74.69999694824219,74.79000091552734,74.6500015258789,74.77999877929688,84980,0.0,0.0
2024-07-11 11:10:00-04:00,74.78500366210938,74.80000305175781,74.5999984741211,74.62000274658203,61359,0.0,0.0
2024-07-11 11:15:00-04:00,74.625,74.79499816894531,74.58999633789062,74.7699966430664,80658,0.0,0.0
2024-07-11 11:20:00-04:00,74.7699966430664,74.79000091552734,74.52999877929688,74.55000305175781,52725,0.0,0.0
2024-07-11 11:25:00-04:00,74.55999755859375,74.63999938964844,74.5,74.5999984741211,47508,0.0,0.0
2024-07-11 11:30:00-04:00,74.5999984741211,74.69999694824219,74.52999877929688,74.69999694824219,48584,0.0,0.0
2024-07-11 11:35:00-04:00,74.69999694824219,74.87999725341797,74.66999816894531,74.8499984741211,121791,0.0,0.0
2024-07-11 11:40:00-04:00,74.8550033569336,74.93000030517578,74.82499694824219,74.93000030517578,56493,0.0,0.0
2024-07-11 11:45:00-04:00,74.93550109863281,75.07499694824219,74.88999938964844,74.93000030517578,630466,0.0,0.0
2024-07-11 11:50:00-04:00,74.93499755859375,75.00499725341797,74.83999633789062,74.875,313484,0.0,0.0
2024-07-11 11:55:00-04:00,74.875,74.9000015258789,74.71499633789062,74.82499694824219,42725,0.0,0.0
2024-07-11 12:00:00-04:00,74.83000183105469,74.83740234375,74.5199966430664,74.5199966430664,46687,0.0,0.0
2024-07-11 12:05:00-04:00,74.51499938964844,74.52999877929688,74.38999938964844,74.3949966430664,43418,0.0,0.0
2024-07-11 12:10:00-04:00,74.4000015258789,74.41000366210938,74.30000305175781,74.34500122070312,64117,0.0,0.0
2024-07-11 12:15:00-04:00,74.36000061035156,74.38500213623047,74.20999908447266,74.2300033569336,156695,0.0,0.0
2024-07-11 12:20:00-04:00,74.2300033569336,74.33999633789062,74.2249984741211,74.33999633789062,58760,0.0,0.0
2024-07-11 12:25:00-04:00,74.33999633789062,74.5,74.33499908447266,74.48999786376953,44209,0.0,0.0
2024-07-11 12:30:00-04:00,74.48500061035156,74.6449966430664,74.4749984741211,74.63999938964844,33341,0.0,0.0
2024-07-11 12:35:00-04:00,74.63999938964844,74.66000366210938,74.54000091552734,74.55000305175781,41510,0.0,0.0
2024-07-11 12:40:00-04:00,74.55000305175781,74.69499969482422,74.5199966430664,74.66000366210938,48544,0.0,0.0
2024-07-11 12:45:00-04:00,74.66500091552734,74.72000122070312,74.55999755859375,74.67500305175781,57089,0.0,0.0
2024-07-11 12:50:00-04:00,74.66999816894531,74.80999755859375,74.66999816894531,74.77999877929688,33512,0.0,0.0
2024-07-11 12:55:00-04:00,74.7699966430664,74.95500183105469,74.75499725341797,74.94499969482422,40659,0.0,0.0
2024-07-11 13:00:00-04:00,74.94309997558594,74.96499633789062,74.75,74.80999755859375,63565,0.0,0.0
2024-07-11 13:05:00-04:00,74.80999755859375,74.87000274658203,74.77999877929688,74.8499984741211,33465,0.0,0.0
2024-07-11 13:10:00-04:00,74.84500122070312,74.8550033569336,74.77999877929688,74.81999969482422,50148,0.0,0.0
2024-07-11 13:15:00-04:00,74.82499694824219,74.87000274658203,74.77230072021484,74.84500122070312,39161,0.0,0.0
2024-07-11 13:20:00-04:00,74.8499984741211,74.9800033569336,74.83999633789062,74.92500305175781,63866,0.0,0.0
2024-07-11 13:25:00-04:00,74.92500305175781,74.9749984741211,74.91999816894531,74.94999694824219,31474,0.0,0.0
2024-07-11 13:30:00-04:00,74.94499969482422,74.95999908447266,74.90499877929688,74.93000030517578,42655,0.0,0.0
2024-07-11 13:35:00-04:00,74.92500305175781,74.98500061035156,74.83000183105469,74.8550033569336,82472,0.0,0.0
2024-07-11 13:40:00-04:00,74.8550033569336,74.87999725341797,74.83000183105469,74.87680053710938,57822,0.0,0.0
2024-07-11 13:45:00-04:00,74.875,74.91999816894531,74.84500122070312,74.91500091552734,33561,0.0,0.0
2024-07-11 13:50:00-04:00,74.91500091552734,74.97000122070312,74.87000274658203,74.96499633789062,46217,0.0,0.0
2024-07-11 13:55:00-04:00,74.96499633789062,75.06999969482422,74.93000030517578,74.93000030517578,102061,0.0,0.0
2024-07-11 14:00:00-04:00,74.94000244140625,74.98500061035156,74.88999938964844,74.9811019897461,170563,0.0,0.0
2024-07-11 14:05:00-04:00,74.98500061035156,75.08989715576172,74.96499633789062,75.02999877929688,54898,0.0,0.0
2024-07-11 14:10:00-04:00,75.04000091552734,75.05999755859375,74.95500183105469,74.9800033569336,63405,0.0,0.0
2024-07-11 14:15:00-04:00,74.98999786376953,74.98999786376953,74.81999969482422,74.83999633789062,143381,0.0,0.0
2024-07-11 14:20:00-04:00,74.84500122070312,74.84500122070312,74.76000213623047,74.78500366210938,28418,0.0,0.0
2024-07-11 14:25:00-04:00,74.79499816894531,74.88999938964844,74.79010009765625,74.875,30334,0.0,0.0
2024-07-11 14:30:00-04:00,74.88500213623047,75.03500366210938,74.88500213623047,75.0199966430664,60953,0.0,0.0
2024-07-11 14:35:00-04:00,75.0199966430664,75.05999755859375,74.9000015258789,74.96499633789062,82460,0.0,0.0
2024-07-11 14:40:00-04:00,74.96499633789062,75.03500366210938,74.92500305175781,75.01000213623047,64881,0.0,0.0
2024-07-11 14:45:00-04:00,75.00499725341797,75.04000091552734,74.94999694824219,75.0199966430664,41076,0.0,0.0
2024-07-11 14:50:00-04:00,75.01499938964844,75.02999877929688,74.9800033569336,74.98500061035156,50240,0.0,0.0
2024-07-11 14:55:00-04:00,74.98500061035156,75.0250015258789,74.91999816894531,74.98380279541016,71842,0.0,0.0
2024-07-11 15:00:00-04:00,74.98500061035156,74.98500061035156,74.91000366210938,74.9749984741211,76168,0.0,0.0
2024-07-11 15:05:00-04:00,74.9749984741211,74.9749984741211,74.87000274658203,74.94000244140625,55250,0.0,0.0
2024-07-11 15:10:00-04:00,74.94499969482422,74.98500061035156,74.92310333251953,74.9749984741211,46419,0.0,0.0
2024-07-11 15:15:00-04:00,74.9749984741211,75.04499816894531,74.95459747314453,74.95999908447266,101548,0.0,0.0
2024-07-11 15:20:00-04:00,74.96499633789062,75.03900146484375,74.92500305175781,75.03500366210938,96236,0.0,0.0
2024-07-11 15:25:00-04:00,75.02999877929688,75.07499694824219,74.98999786376953,75.05000305175781,213944,0.0,0.0
2024-07-11 15:30:00-04:00,75.04499816894531,75.06500244140625,74.94999694824219,74.95999908447266,124242,0.0,0.0
2024-07-11 15:35:00-04:00,74.95500183105469,75.01000213623047,74.95500183105469,74.96499633789062,98273,0.0,0.0
2024-07-11 15:40:00-04:00,74.96499633789062,75.05999755859375,74.95500183105469,74.98999786376953,145663,0.0,0.0
2024-07-11 15:45:00-04:00,74.98500061035156,75.05000305175781,74.94000244140625,74.94000244140625,198049,0.0,0.0
2024-07-11 15:50:00-04:00,74.94999694824219,75.02999877929688,74.7699966430664,74.79499816894531,558840,0.0,0.0
2024-07-11 15:55:00-04:00,74.79000091552734,74.83000183105469,74.68000030517578,74.70899963378906,1142903,0.0,0.0
2024-07-12 09:30:00-04:00,75.0,75.1500015258789,74.7699966430664,75.08000183105469,167991,0.0,0.0
2024-07-12 09:35:00-04:00,75.13999938964844,75.29000091552734,75.08999633789062,75.2698974609375,78776,0.0,0.0
2024-07-12 09:40:00-04:00,75.26000213623047,75.56999969482422,75.20999908447266,75.4800033569336,97109,0.0,0.0
2024-07-12 09:45:00-04:00,75.4800033569336,75.66000366210938,75.45999908447266,75.56999969482422,161069,0.0,0.0
2024-07-12 09:50:00-04:00,75.56999969482422,75.74009704589844,75.54000091552734,75.73999786376953,113067,0.0,0.0
2024-07-12 09:55:00-04:00,75.73999786376953,75.77999877929688,75.55000305175781,75.56500244140625,81214,0.0,0.0
2024-07-12 10:00:00-04:00,75.55999755859375,75.62000274658203,75.45999908447266,75.56999969482422,80690,0.0,0.0
2024-07-12 10:05:00-04:00,75.58499908447266,75.79000091552734,75.54000091552734,75.77999877929688,72071,0.0,0.0
2024-07-12 10:10:00-04:00,75.77960205078125,75.9800033569336,75.76000213623047,75.94999694824219,136350,0.0,0.0
2024-07-12 10:15:00-04:00,75.94999694824219,76.21040344238281,75.9000015258789,76.21040344238281,216433,0.0,0.0
2024-07-12 10:20:00-04:00,76.20500183105469,76.2594985961914,76.11000061035156,76.25,144916,0.0,0.0
2024-07-12 10:25:00-04:00,76.25,76.31999969482422,76.08999633789062,76.29000091552734,313970,0.0,0.0
2024-07-12 10:30:00-04:00,76.29000091552734,76.31999969482422,76.13999938964844,76.16999816894531,128959,0.0,0.0
2024-07-12 10:35:00-04:00,76.18000030517578,76.2699966430664,76.13999938964844,76.18000030517578,139235,0.0,0.0
2024-07-12 10:40:00-04:00,76.16999816894531,76.18000030517578,76.08000183105469,76.11900329589844,97832,0.0,0.0
2024-07-12 10:45:00-04:00,76.0999984741211,76.26000213623047,76.08999633789062,76.20999908447266,112002,0.0,0.0
2024-07-12 10:50:00-04:00,76.19999694824219,76.37999725341797,76.19999694824219,76.30000305175781,65847,0.0,0.0
2024-07-12 10:55:00-04:00,76.30999755859375,76.36000061035156,76.29499816894531,76.33000183105469,84067,0.0,0.0
2024-07-12 11:00:00-04:00,76.29000091552734,76.30000305175781,76.22000122070312,76.2300033569336,91476,0.0,0.0
2024-07-12 11:05:00-04:00,76.2300033569336,76.3550033569336,76.16999816894531,76.30000305175781,61584,0.0,0.0
2024-07-12 11:10:00-04:00,76.30000305175781,76.43499755859375,76.2699966430664,76.41999816894531,78801,0.0,0.0
2024-07-12 11:15:00-04:00,76.42500305175781,76.47750091552734,76.36000061035156,76.45999908447266,108068,0.0,0.0
2024-07-12 11:20:00-04:00,76.46499633789062,76.52989959716797,76.44000244140625,76.46900177001953,96390,0.0,0.0
2024-07-12 11:25:00-04:00,76.47000122070312,76.57499694824219,76.44999694824219,76.54000091552734,101100,0.0,0.0
2024-07-12 11:30:00-04:00,76.54000091552734,76.66899871826172,76.52999877929688,76.62000274658203,84806,0.0,0.0
2024-07-12 11:35:00-04:00,76.62000274658203,76.63500213623047,76.31999969482422,76.41799926757812,141661,0.0,0.0
2024-07-12 11:40:00-04:00,76.42500305175781,76.51499938964844,76.36000061035156,76.44999694824219,57338,0.0,0.0
2024-07-12 11:45:00-04:00,76.46499633789062,76.58000183105469,76.45999908447266,76.56500244140625,64348,0.0,0.0
2024-07-12 11:50:00-04:00,76.56500244140625,76.69989776611328,76.55999755859375,76.67500305175781,74986,0.0,0.0
2024-07-12 11:55:00-04:00,76.67990112304688,76.68499755859375,76.58719635009766,76.61000061035156,87873,0.0,0.0
2024-07-12 12:00:00-04:00,76.61000061035156,76.625,76.4800033569336,76.48999786376953,79766,0.0,0.0
2024-07-12 12:05:00-04:00,76.48999786376953,76.57499694824219,76.44010162353516,76.56500244140625,37877,0.0,0.0
2024-07-12 12:10:00-04:00,76.56500244140625,76.57499694824219,76.43499755859375,76.5,151645,0.0,0.0
2024-07-12 12:15:00-04:00,76.5,76.52989959716797,76.4800033569336,76.48999786376953,57201,0.0,0.0
2024-07-12 12:20:00-04:00,76.48999786376953,76.49700164794922,76.38999938964844,76.4800033569336,74843,0.0,0.0
2024-07-12 12:25:00-04:00,76.48500061035156,76.59500122070312,76.45570373535156,76.56500244140625,74413,0.0,0.0
2024-07-12 12:30:00-04:00,76.56500244140625,76.66000366210938,76.51000213623047,76.63999938964844,103456,0.0,0.0
2024-07-12 12:35:00-04:00,76.6449966430664,76.6500015258789,76.58499908447266,76.61499786376953,56175,0.0,0.0
2024-07-12 12:40:00-04:00,76.61000061035156,76.69999694824219,76.61000061035156,76.66999816894531,96463,0.0,0.0
2024-07-12 12:45:00-04:00,76.66400146484375,76.66400146484375,76.58999633789062,76.58999633789062,285355,0.0,0.0
2024-07-12 12:50:00-04:00,76.58999633789062,76.5979995727539,76.52999877929688,76.55000305175781,242669,0.0,0.0
2024-07-12 12:55:00-04:00,76.54000091552734,76.55500030517578,76.4800033569336,76.51499938964844,177874,0.0,0.0
2024-07-12 13:00:00-04:00,76.51499938964844,76.5199966430664,76.41000366210938,76.44000244140625,99528,0.0,0.0
2024-07-12 13:05:00-04:00,76.44599914550781,76.44999694824219,76.31999969482422,76.31999969482422,56907,0.0,0.0
2024-07-12 13:10:00-04:00,76.32499694824219,76.44000244140625,76.31999969482422,76.43000030517578,91195,0.0,0.0
2024-07-12 13:15:00-04:00,76.43000030517578,76.58000183105469,76.38999938964844,76.58000183105469,127443,0.0,0.0
2024-07-12 13:20:00-04:00,76.58999633789062,76.62999725341797,76.56999969482422,76.56999969482422,59315,0.0,0.0
2024-07-12 13:25:00-04:00,76.56999969482422,76.56999969482422,76.43000030517578,76.4800033569336,71354,0.0,0.0
2024-07-12 13:30:00-04:00,76.47000122070312,76.51000213623047,76.38999938964844,76.4749984741211,46342,0.0,0.0
2024-07-12 13:35:00-04:00,76.47000122070312,76.47000122070312,76.41000366210938,76.44000244140625,55276,0.0,0.0
2024-07-12 13:40:00-04:00,76.44000244140625,76.44850158691406,76.38999938964844,76.42500305175781,210463,0.0,0.0
2024-07-12 13:45:00-04:00,76.42500305175781,76.5199966430664,76.42500305175781,76.49500274658203,109018,0.0,0.0
2024-07-12 13:50:00-04:00,76.49500274658203,76.49500274658203,76.43000030517578,76.44000244140625,123698,0.0,0.0
2024-07-12 13:55:00-04:00,76.44499969482422,76.45999908447266,76.38999938964844,76.38999938964844,66832,0.0,0.0
2024-07-12 14:00:00-04:00,76.38999938964844,76.44000244140625,76.37000274658203,76.44000244140625,50410,0.0,0.0
2024-07-12 14:05:00-04:00,76.43499755859375,76.5,76.43000030517578,76.48999786376953,119396,0.0,0.0
2024-07-12 14:10:00-04:00,76.48500061035156,76.55000305175781,76.41999816894531,76.47000122070312,77080,0.0,0.0
2024-07-12 14:15:00-04:00,76.45999908447266,76.55999755859375,76.45999908447266,76.50499725341797,69931,0.0,0.0
2024-07-12 14:20:00-04:00,76.51000213623047,76.51000213623047,76.38999938964844,76.4218978881836,49659,0.0,0.0
2024-07-12 14:25:00-04:00,76.42500305175781,76.47000122070312,76.42160034179688,76.46499633789062,50499,0.0,0.0
2024-07-12 14:30:00-04:00,76.46499633789062,76.4749984741211,76.44000244140625,76.45500183105469,54583,0.0,0.0
2024-07-12 14:35:00-04:00,76.45500183105469,76.48999786376953,76.44000244140625,76.44000244140625,164671,0.0,0.0
2024-07-12 14:40:00-04:00,76.44000244140625,76.48999786376953,76.44000244140625,76.48500061035156,53601,0.0,0.0
2024-07-12 14:45:00-04:00,76.48999786376953,76.51000213623047,76.44000244140625,76.45500183105469,59949,0.0,0.0
2024-07-12 14:50:00-04:00,76.45500183105469,76.45999908447266,76.43499755859375,76.45500183105469,64646,0.0,0.0
2024-07-12 14:55:00-04:00,76.45500183105469,76.47000122070312,76.43499755859375,76.44999694824219,79501,0.0,0.0
2024-07-12 15:00:00-04:00,76.44999694824219,76.45500183105469,76.37999725341797,76.37999725341797,51878,0.0,0.0
2024-07-12 15:05:00-04:00,76.37999725341797,76.44999694824219,76.36000061035156,76.37000274658203,69569,0.0,0.0
2024-07-12 15:10:00-04:00,76.36499786376953,76.44000244140625,76.33999633789062,76.3949966430664,92941,0.0,0.0
2024-07-12 15:15:00-04:00,76.3949966430664,76.43609619140625,76.38500213623047,76.43499755859375,59423,0.0,0.0
2024-07-12 15:20:00-04:00,76.43000030517578,76.45500183105469,76.37049865722656,76.37999725341797,114015,0.0,0.0
2024-07-12 15:25:00-04:00,76.375,76.3949966430664,76.37000274658203,76.375,56404,0.0,0.0
2024-07-12 15:30:00-04:00,76.375,76.44999694824219,76.37000274658203,76.42500305175781,137628,0.0,0.0
2024-07-12 15:35:00-04:00,76.41999816894531,76.41999816894531,76.31500244140625,76.34500122070312,138737,0.0,0.0
2024-07-12 15:40:00-04:00,76.34500122070312,76.38999938964844,76.2791976928711,76.31999969482422,129188,0.0,0.0
2024-07-12 15:45:00-04:00,76.32499694824219,76.36000061035156,76.27999877929688,76.28500366210938,139263,0.0,0.0
2024-07-12 15:50:00-04:00,76.28500366210938,76.4000015258789,76.2300033569336,76.23519897460938,286856,0.0,0.0
2024-07-12 15:55:00-04:00,76.23999786376953,76.23999786376953,75.95999908447266,76.01499938964844,771756,0.0,0.0
2024-07-15 09:30:00-04:00,74.16999816894531,74.4000015258789,73.25,73.4800033569336,1029751,0.0,0.0
2024-07-15 09:35:00-04:00,73.4000015258789,73.52999877929688,73.12999725341797,73.40499877929688,511527,0.0,0.0
2024-07-15 09:40:00-04:00,73.45999908447266,73.7699966430664,73.12000274658203,73.20999908447266,380162,0.0,0.0
2024-07-15 09:45:00-04:00,73.11000061035156,73.19999694824219,72.51000213623047,72.6449966430664,505607,0.0,0.0
2024-07-15 09:50:00-04:00,72.6449966430664,72.68000030517578,72.16000366210938,72.43000030517578,432214,0.0,0.0
2024-07-15 09:55:00-04:00,72.41999816894531,72.43000030517578,72.1449966430664,72.25499725341797,226822,0.0,0.0
2024-07-15 10:00:00-04:00,72.25499725341797,72.72000122070312,72.16999816894531,72.41000366210938,286848,0.0,0.0
2024-07-15 10:05:00-04:00,72.41010284423828,72.41010284423828,71.95999908447266,72.0,290140,0.0,0.0
2024-07-15 10:10:00-04:00,72.0,72.30000305175781,71.94499969482422,72.2699966430664,289547,0.0,0.0
2024-07-15 10:15:00-04:00,72.29000091552734,72.44999694824219,72.06999969482422,72.33999633789062,172831,0.0,0.0
2024-07-15 10:20:00-04:00,72.33999633789062,72.37000274658203,72.06999969482422,72.21499633789062,182468,0.0,0.0
2024-07-15 10:25:00-04:00,72.22000122070312,72.26000213623047,71.9800033569336,72.05999755859375,240584,0.0,0.0
2024-07-15 10:30:00-04:00,72.06999969482422,72.20999908447266,71.97470092773438,72.125,169438,0.0,0.0
2024-07-15 10:35:00-04:00,72.12000274658203,72.16999816894531,71.87999725341797,71.88999938964844,169447,0.0,0.0
2024-07-15 10:40:00-04:00,71.90499877929688,72.13999938964844,71.90499877929688,72.08100128173828,154217,0.0,0.0
2024-07-15 10:45:00-04:00,72.08999633789062,72.37999725341797,72.08499908447266,72.37999725341797,108614,0.0,0.0
2024-07-15 10:50:00-04:00,72.37999725341797,72.5999984741211,72.25,72.41000366210938,169118,0.0,0.0
2024-07-15 10:55:00-04:00,72.41000366210938,72.78500366210938,72.37999725341797,72.7699966430664,122354,0.0,0.0
2024-07-15 11:00:00-04:00,72.7699966430664,72.81999969482422,72.55500030517578,72.62000274658203,203508,0.0,0.0
2024-07-15 11:05:00-04:00,72.62999725341797,72.66999816894531,72.41000366210938,72.41000366210938,89323,0.0,0.0
2024-07-15 11:10:00-04:00,72.41999816894531,72.54000091552734,72.36000061035156,72.37999725341797,64931,0.0,0.0
2024-07-15 11:15:00-04:00,72.30000305175781,72.33999633789062,72.2300033569336,72.33000183105469,151054,0.0,0.0
2024-07-15 11:20:00-04:00,72.34249877929688,72.41000366210938,72.26000213623047,72.4000015258789,164553,0.0,0.0
2024-07-15 11:25:00-04:00,72.41999816894531,72.43000030517578,72.29000091552734,72.41999816894531,189071,0.0,0.0
2024-07-15 11:30:00-04:00,72.44000244140625,72.48999786376953,72.25,72.32009887695312,118420,0.0,0.0
2024-07-15 11:35:00-04:00,72.32499694824219,72.50499725341797,72.30000305175781,72.33999633789062,173882,0.0,0.0
2024-07-15 11:40:00-04:00,72.3499984741211,72.37989807128906,72.2300033569336,72.25,84579,0.0,0.0
2024-07-15 11:45:00-04:00,72.25,72.25,72.0199966430664,72.12999725341797,144553,0.0,0.0
2024-07-15 11:50:00-04:00,72.125,72.22000122070312,72.08999633789062,72.13500213623047,72394,0.0,0.0
2024-07-15 11:55:00-04:00,72.13990020751953,72.18499755859375,72.11000061035156,72.1759033203125,86785,0.0,0.0
2024-07-15 12:00:00-04:00,72.16999816894531,72.30999755859375,72.16999816894531,72.23999786376953,84606,0.0,0.0
2024-07-15 12:05:00-04:00,72.23999786376953,72.33999633789062,72.22000122070312,72.33999633789062,79530,0.0,0.0
2024-07-15 12:10:00-04:00,72.3499984741211,72.55000305175781,72.3499984741211,72.5199966430664,131540,0.0,0.0
2024-07-15 12:15:00-04:00,72.5199966430664,72.66999816894531,72.38999938964844,72.61699676513672,86793,0.0,0.0
2024-07-15 12:20:00-04:00,72.62000274658203,72.66000366210938,72.48500061035156,72.51000213623047,131226,0.0,0.0
2024-07-15 12:25:00-04:00,72.50499725341797,72.54000091552734,72.3499984741211,72.43000030517578,177951,0.0,0.0
2024-07-15 12:30:00-04:00,72.41999816894531,72.5199966430664,72.36000061035156,72.45999908447266,92169,0.0,0.0
2024-07-15 12:35:00-04:00,72.45999908447266,72.55000305175781,72.4000015258789,72.4000015258789,122799,0.0,0.0
2024-07-15 12:40:00-04:00,72.40499877929688,72.5250015258789,72.33000183105469,72.44000244140625,121217,0.0,0.0
2024-07-15 12:45:00-04:00,72.44000244140625,72.47000122070312,72.30000305175781,72.44000244140625,122866,0.0,0.0
2024-07-15 12:50:00-04:00,72.44999694824219,72.45249938964844,72.29499816894531,72.37999725341797,135282,0.0,0.0
2024-07-15 12:55:00-04:00,72.37000274658203,72.37999725341797,72.25499725341797,72.26000213623047,110352,0.0,0.0
2024-07-15 13:00:00-04:00,72.26029968261719,72.3949966430664,72.2300033569336,72.30999755859375,128786,0.0,0.0
2024-07-15 13:05:00-04:00,72.30500030517578,72.4800033569336,72.2300033569336,72.44999694824219,109793,0.0,0.0
2024-07-15 13:10:00-04:00,72.45999908447266,72.45999908447266,72.33000183105469,72.34130096435547,119709,0.0,0.0
2024-07-15 13:15:00-04:00,72.3499984741211,72.40499877929688,72.33000183105469,72.33999633789062,140902,0.0,0.0
2024-07-15 13:20:00-04:00,72.31999969482422,72.40499877929688,72.23500061035156,72.33999633789062,158902,0.0,0.0
2024-07-15 13:25:00-04:00,72.33000183105469,72.33999633789062,72.18000030517578,72.19999694824219,134030,0.0,0.0
2024-07-15 13:30:00-04:00,72.19000244140625,72.19999694824219,71.99099731445312,71.99469757080078,149018,0.0,0.0
2024-07-15 13:35:00-04:00,71.99500274658203,72.11000061035156,71.99500274658203,72.05999755859375,251542,0.0,0.0
2024-07-15 13:40:00-04:00,72.05999755859375,72.19000244140625,71.98200225830078,72.08999633789062,162614,0.0,0.0
2024-07-15 13:45:00-04:00,72.0999984741211,72.1500015258789,72.0199966430664,72.0999984741211,136395,0.0,0.0
2024-07-15 13:50:00-04:00,72.09500122070312,72.25,72.0,72.24500274658203,171520,0.0,0.0
2024-07-15 13:55:00-04:00,72.24700164794922,72.27999877929688,72.16999816894531,72.2300033569336,125599,0.0,0.0
2024-07-15 14:00:00-04:00,72.23500061035156,72.23500061035156,71.91000366210938,72.0,194902,0.0,0.0
2024-07-15 14:05:00-04:00,71.98999786376953,71.98999786376953,71.76000213623047,71.77999877929688,121146,0.0,0.0
2024-07-15 14:10:00-04:00,71.77880096435547,71.83000183105469,71.66999816894531,71.69000244140625,200507,0.0,0.0
2024-07-15 14:15:00-04:00,71.69000244140625,71.73999786376953,71.58000183105469,71.65499877929688,145368,0.0,0.0
2024-07-15 14:20:00-04:00,71.66000366210938,71.72509765625,71.56999969482422,71.72509765625,264408,0.0,0.0
2024-07-15 14:25:00-04:00,71.7249984741211,71.9000015258789,71.7249984741211,71.83499908447266,153926,0.0,0.0
2024-07-15 14:30:00-04:00,71.83499908447266,71.87999725341797,71.68499755859375,71.69000244140625,152603,0.0,0.0
2024-07-15 14:35:00-04:00,71.68499755859375,71.69000244140625,71.37000274658203,71.41999816894531,340541,0.0,0.0
2024-07-15 14:40:00-04:00,71.42500305175781,71.45999908447266,71.26499938964844,71.37000274658203,266582,0.0,0.0
2024-07-15 14:45:00-04:00,71.375,71.45999908447266,71.30500030517578,71.3290023803711,275419,0.0,0.0
2024-07-15 14:50:00-04:00,71.32499694824219,71.42500305175781,71.30000305175781,71.38099670410156,106477,0.0,0.0
2024-07-15 14:55:00-04:00,71.37999725341797,71.45500183105469,71.33000183105469,71.37999725341797,208772,0.0,0.0
2024-07-15 15:00:00-04:00,71.37999725341797,71.41000366210938,71.30000305175781,71.33000183105469,241485,0.0,0.0
2024-07-15 15:05:00-04:00,71.32499694824219,71.37999725341797,71.19999694824219,71.33999633789062,238369,0.0,0.0
2024-07-15 15:10:00-04:00,71.34500122070312,71.5,71.29000091552734,71.44999694824219,328072,0.0,0.0
2024-07-15 15:15:00-04:00,71.44999694824219,71.50499725341797,71.44499969482422,71.49500274658203,136263,0.0,0.0
2024-07-15 15:20:00-04:00,71.49500274658203,71.50499725341797,71.29000091552734,71.30999755859375,301521,0.0,0.0
2024-07-15 15:25:00-04:00,71.30500030517578,71.37999725341797,71.16500091552734,71.24030303955078,245181,0.0,0.0
2024-07-15 15:30:00-04:00,71.24500274658203,71.32499694824219,71.16999816894531,71.17500305175781,386156,0.0,0.0
2024-07-15 15:35:00-04:00,71.18000030517578,71.21499633789062,71.13999938964844,71.16000366210938,247053,0.0,0.0
2024-07-15 15:40:00-04:00,71.13999938964844,71.19999694824219,71.02999877929688,71.04000091552734,322083,0.0,0.0
2024-07-15 15:45:00-04:00,71.03500366210938,71.04000091552734,70.76000213623047,70.78500366210938,491821,0.0,0.0
2024-07-15 15:50:00-04:00,70.79000091552734,71.00499725341797,70.77999877929688,70.99659729003906,569451,0.0,0.0
2024-07-15 15:55:00-04:00,70.99500274658203,71.01000213623047,70.8499984741211,71.0,1208619,0.0,0.0
2024-07-16 09:30:00-04:00,71.54000091552734,71.98999786376953,71.37000274658203,71.62000274658203,435776,0.0,0.0
2024-07-16 09:35:00-04:00,71.62000274658203,71.83000183105469,71.50499725341797,71.5999984741211,201619,0.0,0.0
2024-07-16 09:40:00-04:00,71.6050033569336,71.79000091552734,71.51000213623047,71.69499969482422,345414,0.0,0.0
2024-07-16 09:45:00-04:00,71.69000244140625,71.83999633789062,71.63999938964844,71.73999786376953,251121,0.0,0.0
2024-07-16 09:50:00-04:00,71.73500061035156,72.1500015258789,71.7300033569336,72.06410217285156,258972,0.0,0.0
2024-07-16 09:55:00-04:00,72.05999755859375,72.2300033569336,72.05000305175781,72.15850067138672,89950,0.0,0.0
2024-07-16 10:00:00-04:00,72.15499877929688,72.27999877929688,71.83999633789062,71.88999938964844,188254,0.0,0.0
2024-07-16 10:05:00-04:00,71.8998031616211,72.05999755859375,71.8998031616211,72.0,110988,0.0,0.0
2024-07-16 10:10:00-04:00,72.0,72.08999633789062,71.7300033569336,71.7300033569336,101836,0.0,0.0
2024-07-16 10:15:00-04:00,71.73999786376953,71.85130310058594,71.68000030517578,71.77999877929688,192453,0.0,0.0
2024-07-16 10:20:00-04:00,71.75499725341797,71.75499725341797,71.59500122070312,71.63500213623047,93946,0.0,0.0
2024-07-16 10:25:00-04:00,71.63999938964844,71.83000183105469,71.61000061035156,71.75,169947,0.0,0.0
2024-07-16 10:30:00-04:00,71.75499725341797,71.78780364990234,71.59500122070312,71.78780364990234,93313,0.0,0.0
2024-07-16 10:35:00-04:00,71.79000091552734,71.88999938964844,71.7249984741211,71.7300033569336,179634,0.0,0.0
2024-07-16 10:40:00-04:00,71.7300033569336,71.76499938964844,71.36000061035156,71.41500091552734,128280,0.0,0.0
2024-07-16 10:45:00-04:00,71.4000015258789,71.47000122070312,71.33499908447266,71.47000122070312,79861,0.0,0.0
2024-07-16 10:50:00-04:00,71.47000122070312,71.4989013671875,71.41000366210938,71.44499969482422,56017,0.0,0.0
2024-07-16 10:55:00-04:00,71.42500305175781,71.45999908447266,71.41000366210938,71.42160034179688,44800,0.0,0.0
2024-07-16 11:00:00-04:00,71.42500305175781,71.49500274658203,71.38999938964844,71.48999786376953,67546,0.0,0.0
2024-07-16 11:05:00-04:00,71.49629974365234,71.56500244140625,71.43000030517578,71.46499633789062,133704,0.0,0.0
2024-07-16 11:10:00-04:00,71.47000122070312,71.55000305175781,71.41500091552734,71.48500061035156,79455,0.0,0.0
2024-07-16 11:15:00-04:00,71.48999786376953,71.48999786376953,71.30500030517578,71.30500030517578,227418,0.0,0.0
2024-07-16 11:20:00-04:00,71.30000305175781,71.3499984741211,70.8499984741211,70.95500183105469,506574,0.0,0.0
2024-07-16 11:25:00-04:00,70.94129943847656,71.22000122070312,70.94129943847656,71.19999694824219,100576,0.0,0.0
2024-07-16 11:30:00-04:00,71.19000244140625,71.2300033569336,71.1050033569336,71.22380065917969,118879,0.0,0.0
2024-07-16 11:35:00-04:00,71.2249984741211,71.24500274658203,71.16999816894531,71.23410034179688,90062,0.0,0.0
2024-07-16 11:40:00-04:00,71.23500061035156,71.43000030517578,71.20999908447266,71.43000030517578,104928,0.0,0.0
2024-07-16 11:45:00-04:00,71.44999694824219,71.53500366210938,71.43499755859375,71.5,91445,0.0,0.0
2024-07-16 11:50:00-04:00,71.50990295410156,71.66500091552734,71.44999694824219,71.6500015258789,75743,0.0,0.0
2024-07-16 11:55:00-04:00,71.65499877929688,71.73999786376953,71.55999755859375,71.55999755859375,76292,0.0,0.0
2024-07-16 12:00:00-04:00,71.55999755859375,71.80999755859375,71.53500366210938,71.79499816894531,77697,0.0,0.0
2024-07-16 12:05:00-04:00,71.79000091552734,71.98999786376953,71.77999877929688,71.88500213623047,158391,0.0,0.0
2024-07-16 12:10:00-04:00,71.88999938964844,71.96499633789062,71.80500030517578,71.83999633789062,81628,0.0,0.0
2024-07-16 12:15:00-04:00,71.8499984741211,71.9000015258789,71.80480194091797,71.8198013305664,58219,0.0,0.0
2024-07-16 12:20:00-04:00,71.81500244140625,71.9000015258789,71.79499816894531,71.86499786376953,91320,0.0,0.0
2024-07-16 12:25:00-04:00,71.8499984741211,71.8499984741211,71.68000030517578,71.7300033569336,70788,0.0,0.0
2024-07-16 12:30:00-04:00,71.7354965209961,71.8949966430664,71.70999908447266,71.86000061035156,74735,0.0,0.0
2024-07-16 12:35:00-04:00,71.87000274658203,71.88999938964844,71.80000305175781,71.81500244140625,67805,0.0,0.0
2024-07-16 12:40:00-04:00,71.80999755859375,71.82119750976562,71.75499725341797,71.80999755859375,85024,0.0,0.0
2024-07-16 12:45:00-04:00,71.81999969482422,71.86000061035156,71.80999755859375,71.83000183105469,66199,0.0,0.0
2024-07-16 12:50:00-04:00,71.83000183105469,71.93000030517578,71.79499816894531,71.88500213623047,60841,0.0,0.0
2024-07-16 12:55:00-04:00,71.88500213623047,71.88999938964844,71.81999969482422,71.8499984741211,60825,0.0,0.0
2024-07-16 13:00:00-04:00,71.8499984741211,71.9000015258789,71.83000183105469,71.86000061035156,58825,0.0,0.0
2024-07-16 13:05:00-04:00,71.8550033569336,71.87999725341797,71.80999755859375,71.82499694824219,51852,0.0,0.0
2024-07-16 13:10:00-04:00,71.82099914550781,71.83000183105469,71.58999633789062,71.66000366210938,121347,0.0,0.0
2024-07-16 13:15:00-04:00,71.63999938964844,71.66999816894531,71.56999969482422,71.63999938964844,77256,0.0,0.0
2024-07-16 13:20:00-04:00,71.63500213623047,71.72000122070312,71.62999725341797,71.67960357666016,52549,0.0,0.0
2024-07-16 13:25:00-04:00,71.66999816894531,71.88500213623047,71.66999816894531,71.88500213623047,87932,0.0,0.0
2024-07-16 13:30:00-04:00,71.88459777832031,71.9800033569336,71.87999725341797,71.9749984741211,53349,0.0,0.0
2024-07-16 13:35:00-04:00,71.9749984741211,72.0790023803711,71.97000122070312,72.05809783935547,72251,0.0,0.0
2024-07-16 13:40:00-04:00,72.05999755859375,72.16000366210938,72.05500030517578,72.1500015258789,83190,0.0,0.0
2024-07-16 13:45:00-04:00,72.14990234375,72.16999816894531,72.06999969482422,72.08999633789062,70722,0.0,0.0
2024-07-16 13:50:00-04:00,72.08499908447266,72.18830108642578,72.08000183105469,72.18499755859375,55843,0.0,0.0
2024-07-16 13:55:00-04:00,72.19000244140625,72.19999694824219,72.13999938964844,72.1449966430664,64292,0.0,0.0
2024-07-16 14:00:00-04:00,72.13999938964844,72.29000091552734,72.12110137939453,72.26599884033203,75949,0.0,0.0
2024-07-16 14:05:00-04:00,72.2750015258789,72.2750015258789,72.15499877929688,72.16000366210938,56287,0.0,0.0
2024-07-16 14:10:00-04:00,72.1697006225586,72.25,72.1500015258789,72.1500015258789,63867,0.0,0.0
2024-07-16 14:15:00-04:00,72.1500015258789,72.15350341796875,72.08999633789062,72.09809875488281,59621,0.0,0.0
2024-07-16 14:20:00-04:00,72.08999633789062,72.19000244140625,72.04000091552734,72.1050033569336,58481,0.0,0.0
2024-07-16 14:25:00-04:00,72.1050033569336,72.16999816894531,72.05000305175781,72.05000305175781,45511,0.0,0.0
2024-07-16 14:30:00-04:00,72.05500030517578,72.12000274658203,72.05010223388672,72.11499786376953,86325,0.0,0.0
2024-07-16 14:35:00-04:00,72.11000061035156,72.26000213623047,72.08499908447266,72.26000213623047,97060,0.0,0.0
2024-07-16 14:40:00-04:00,72.25499725341797,72.2699966430664,72.20999908447266,72.26499938964844,67979,0.0,0.0
2024-07-16 14:45:00-04:00,72.26499938964844,72.26809692382812,72.19999694824219,72.23999786376953,71851,0.0,0.0
2024-07-16 14:50:00-04:00,72.23999786376953,72.28500366210938,72.20010375976562,72.20130157470703,60527,0.0,0.0
2024-07-16 14:55:00-04:00,72.19999694824219,72.2300033569336,72.1500015258789,72.1500015258789,57967,0.0,0.0
2024-07-16 15:00:00-04:00,72.1500015258789,72.17530059814453,72.0999984741211,72.12999725341797,65312,0.0,0.0
2024-07-16 15:05:00-04:00,72.13500213623047,72.18000030517578,72.11299896240234,72.125,77689,0.0,0.0
2024-07-16 15:10:00-04:00,72.12000274658203,72.12000274658203,71.94499969482422,71.94499969482422,127513,0.0,0.0
2024-07-16 15:15:00-04:00,71.94499969482422,71.95500183105469,71.90499877929688,71.93499755859375,70159,0.0,0.0
2024-07-16 15:20:00-04:00,71.93499755859375,72.08999633789062,71.93499755859375,72.07499694824219,74111,0.0,0.0
2024-07-16 15:25:00-04:00,72.07499694824219,72.16000366210938,72.05000305175781,72.13500213623047,93734,0.0,0.0
2024-07-16 15:30:00-04:00,72.12999725341797,72.20500183105469,72.12000274658203,72.12000274658203,85710,0.0,0.0
2024-07-16 15:35:00-04:00,72.12000274658203,72.17500305175781,72.02999877929688,72.07499694824219,146530,0.0,0.0
2024-07-16 15:40:00-04:00,72.08000183105469,72.08000183105469,72.01000213623047,72.05500030517578,74322,0.0,0.0
2024-07-16 15:45:00-04:00,72.05000305175781,72.12999725341797,72.02100372314453,72.07499694824219,189540,0.0,0.0
2024-07-16 15:50:00-04:00,72.06999969482422,72.15499877929688,71.9800033569336,71.9800033569336,234536,0.0,0.0
2024-07-16 15:55:00-04:00,71.98500061035156,72.03500366210938,71.87000274658203,71.88999938964844,669750,0.0,0.0
2024-07-17 09:30:00-04:00,71.75,71.75,71.29000091552734,71.46060180664062,294209,0.0,0.0
2024-07-17 09:35:00-04:00,71.52999877929688,71.93000030517578,71.5,71.8499984741211,110916,0.0,0.0
2024-07-17 09:40:00-04:00,71.86000061035156,71.94999694824219,71.69000244140625,71.79499816894531,113251,0.0,0.0
2024-07-17 09:45:00-04:00,71.80000305175781,71.91000366210938,71.71499633789062,71.86000061035156,185356,0.0,0.0
2024-07-17 09:50:00-04:00,71.86000061035156,71.94999694824219,71.73999786376953,71.91500091552734,211480,0.0,0.0
2024-07-17 09:55:00-04:00,71.93000030517578,71.94100189208984,71.75,71.82099914550781,111980,0.0,0.0
2024-07-17 10:00:00-04:00,71.83499908447266,71.83499908447266,71.69000244140625,71.79499816894531,110175,0.0,0.0
2024-07-17 10:05:00-04:00,71.79499816894531,71.80000305175781,71.6500015258789,71.73999786376953,144446,0.0,0.0
2024-07-17 10:10:00-04:00,71.73999786376953,72.16000366210938,71.73999786376953,72.04000091552734,254596,0.0,0.0
2024-07-17 10:15:00-04:00,72.04000091552734,72.25,71.9800033569336,72.19000244140625,136348,0.0,0.0
2024-07-17 10:20:00-04:00,72.19000244140625,72.19000244140625,71.8550033569336,71.91999816894531,90193,0.0,0.0
2024-07-17 10:25:00-04:00,71.93000030517578,71.9301986694336,71.70999908447266,71.7300033569336,199051,0.0,0.0
2024-07-17 10:30:00-04:00,71.7300033569336,71.75,71.58999633789062,71.5999984741211,84802,0.0,0.0
2024-07-17 10:35:00-04:00,71.58000183105469,71.62999725341797,71.3499984741211,71.36000061035156,170938,0.0,0.0
2024-07-17 10:40:00-04:00,71.3499984741211,71.55000305175781,71.30000305175781,71.47000122070312,153560,0.0,0.0
2024-07-17 10:45:00-04:00,71.45999908447266,71.51000213623047,71.36000061035156,71.48999786376953,59539,0.0,0.0
2024-07-17 10:50:00-04:00,71.58000183105469,71.62999725341797,71.46499633789062,71.6050033569336,129854,0.0,0.0
2024-07-17 10:55:00-04:00,71.6050033569336,71.6500015258789,71.5,71.58000183105469,179420,0.0,0.0
2024-07-17 11:00:00-04:00,71.55999755859375,71.55999755859375,71.44000244140625,71.47000122070312,58828,0.0,0.0
2024-07-17 11:05:00-04:00,71.4800033569336,71.57610321044922,71.4800033569336,71.54000091552734,51736,0.0,0.0
2024-07-17 11:10:00-04:00,71.52999877929688,71.52999877929688,71.34500122070312,71.36000061035156,75467,0.0,0.0
2024-07-17 11:15:00-04:00,71.37000274658203,71.47000122070312,71.29499816894531,71.33999633789062,59581,0.0,0.0
2024-07-17 11:20:00-04:00,71.3385009765625,71.44000244140625,71.30999755859375,71.38999938964844,46148,0.0,0.0
2024-07-17 11:25:00-04:00,71.38999938964844,71.51499938964844,71.37000274658203,71.51000213623047,43292,0.0,0.0
2024-07-17 11:30:00-04:00,71.51499938964844,71.6500015258789,71.48999786376953,71.54499816894531,252293,0.0,0.0
2024-07-17 11:35:00-04:00,71.55000305175781,71.5999984741211,71.46499633789062,71.48999786376953,75284,0.0,0.0
2024-07-17 11:40:00-04:00,71.48999786376953,71.55000305175781,71.42500305175781,71.55000305175781,65330,0.0,0.0
2024-07-17 11:45:00-04:00,71.55999755859375,71.59500122070312,71.5199966430664,71.58499908447266,52086,0.0,0.0
2024-07-17 11:50:00-04:00,71.58499908447266,71.58499908447266,71.43000030517578,71.44999694824219,73601,0.0,0.0
2024-07-17 11:55:00-04:00,71.44999694824219,71.51499938964844,71.4000015258789,71.4800033569336,59185,0.0,0.0
2024-07-17 12:00:00-04:00,71.48999786376953,71.54989624023438,71.38500213623047,71.39230346679688,45733,0.0,0.0
2024-07-17 12:05:00-04:00,71.37999725341797,71.4000015258789,71.2750015258789,71.32499694824219,100411,0.0,0.0
2024-07-17 12:10:00-04:00,71.33000183105469,71.38999938964844,71.31999969482422,71.32499694824219,42833,0.0,0.0
2024-07-17 12:15:00-04:00,71.31999969482422,71.4000015258789,71.31500244140625,71.38999938964844,46415,0.0,0.0
2024-07-17 12:20:00-04:00,71.38999938964844,71.5999984741211,71.38999938964844,71.56220245361328,58130,0.0,0.0
2024-07-17 12:25:00-04:00,71.56500244140625,71.5999984741211,71.4800033569336,71.52100372314453,71513,0.0,0.0
2024-07-17 12:30:00-04:00,71.5199966430664,71.5999984741211,71.45999908447266,71.46219635009766,69327,0.0,0.0
2024-07-17 12:35:00-04:00,71.46499633789062,71.5,71.41100311279297,71.41999816894531,190762,0.0,0.0
2024-07-17 12:40:00-04:00,71.41999816894531,71.41999816894531,71.13999938964844,71.19000244140625,106166,0.0,0.0
2024-07-17 12:45:00-04:00,71.19999694824219,71.33999633789062,71.18000030517578,71.23999786376953,89951,0.0,0.0
2024-07-17 12:50:00-04:00,71.23999786376953,71.26000213623047,71.08499908447266,71.1500015258789,60391,0.0,0.0
2024-07-17 12:55:00-04:00,71.1500015258789,71.16000366210938,71.06999969482422,71.13999938964844,74907,0.0,0.0
2024-07-17 13:00:00-04:00,71.12000274658203,71.19000244140625,71.08000183105469,71.125,57139,0.0,0.0
2024-07-17 13:05:00-04:00,71.10099792480469,71.23999786376953,71.05999755859375,71.19999694824219,130959,0.0,0.0
2024-07-17 13:10:00-04:00,71.19000244140625,71.19999694824219,71.13500213623047,71.16999816894531,100785,0.0,0.0
2024-07-17 13:15:00-04:00,71.16999816894531,71.27570343017578,71.11000061035156,71.22000122070312,111239,0.0,0.0
2024-07-17 13:20:00-04:00,71.21499633789062,71.29000091552734,71.1449966430664,71.1500015258789,76262,0.0,0.0
2024-07-17 13:25:00-04:00,71.1500015258789,71.2300033569336,71.13999938964844,71.1500015258789,52043,0.0,0.0
2024-07-17 13:30:00-04:00,71.1500015258789,71.21499633789062,71.08000183105469,71.08000183105469,65213,0.0,0.0
2024-07-17 13:35:00-04:00,71.08000183105469,71.16999816894531,71.04000091552734,71.16999816894531,48287,0.0,0.0
2024-07-17 13:40:00-04:00,71.16500091552734,71.22000122070312,71.11000061035156,71.19000244140625,48321,0.0,0.0
2024-07-17 13:45:00-04:00,71.19999694824219,71.23999786376953,71.0999984741211,71.18000030517578,93319,0.0,0.0
2024-07-17 13:50:00-04:00,71.18499755859375,71.28500366210938,71.16000366210938,71.16999816894531,94432,0.0,0.0
2024-07-17 13:55:00-04:00,71.16999816894531,71.18499755859375,71.08000183105469,71.18000030517578,96852,0.0,0.0
2024-07-17 14:00:00-04:00,71.18000030517578,71.22000122070312,70.93000030517578,70.93499755859375,180602,0.0,0.0
2024-07-17 14:05:00-04:00,70.91999816894531,71.05500030517578,70.87000274658203,70.91020202636719,94336,0.0,0.0
2024-07-17 14:10:00-04:00,70.91500091552734,70.98999786376953,70.8499984741211,70.98999786376953,123717,0.0,0.0
2024-07-17 14:15:00-04:00,70.98999786376953,71.01000213623047,70.92500305175781,70.93000030517578,137996,0.0,0.0
2024-07-17 14:20:00-04:00,70.93000030517578,70.97000122070312,70.9000015258789,70.91500091552734,87606,0.0,0.0
2024-07-17 14:25:00-04:00,70.91999816894531,70.94000244140625,70.86000061035156,70.94000244140625,129465,0.0,0.0
2024-07-17 14:30:00-04:00,70.93499755859375,71.01000213623047,70.92500305175781,70.9800033569336,198821,0.0,0.0
2024-07-17 14:35:00-04:00,70.9800033569336,71.01000213623047,70.80999755859375,70.93000030517578,315526,0.0,0.0
2024-07-17 14:40:00-04:00,70.93000030517578,70.97660064697266,70.88999938964844,70.91000366210938,145325,0.0,0.0
2024-07-17 14:45:00-04:00,70.91500091552734,70.94999694824219,70.80999755859375,70.93499755859375,146852,0.0,0.0
2024-07-17 14:50:00-04:00,70.94000244140625,70.94999694824219,70.8550033569336,70.8949966430664,146231,0.0,0.0
2024-07-17 14:55:00-04:00,70.9000015258789,70.90650177001953,70.68499755859375,70.69000244140625,110050,0.0,0.0
2024-07-17 15:00:00-04:00,70.68000030517578,70.76000213623047,70.62000274658203,70.62000274658203,130506,0.0,0.0
2024-07-17 15:05:00-04:00,70.61499786376953,70.63999938964844,70.5199966430664,70.55999755859375,126156,0.0,0.0
2024-07-17 15:10:00-04:00,70.55999755859375,70.68000030517578,70.54000091552734,70.61150360107422,100214,0.0,0.0
2024-07-17 15:15:00-04:00,70.61000061035156,70.68499755859375,70.56500244140625,70.625,88566,0.0,0.0
2024-07-17 15:20:00-04:00,70.62999725341797,70.68499755859375,70.55999755859375,70.58499908447266,97289,0.0,0.0
2024-07-17 15:25:00-04:00,70.58999633789062,70.63670349121094,70.4800033569336,70.59500122070312,416257,0.0,0.0
2024-07-17 15:30:00-04:00,70.59500122070312,70.70999908447266,70.54199981689453,70.6050033569336,138481,0.0,0.0
2024-07-17 15:35:00-04:00,70.6050033569336,70.67500305175781,70.52999877929688,70.5374984741211,180647,0.0,0.0
2024-07-17 15:40:00-04:00,70.53500366210938,70.6500015258789,70.51000213623047,70.6500015258789,140257,0.0,0.0
2024-07-17 15:45:00-04:00,70.6449966430664,70.69999694824219,70.54000091552734,70.625,205821,0.0,0.0
2024-07-17 15:50:00-04:00,70.62999725341797,70.83000183105469,70.625,70.72000122070312,321214,0.0,0.0
2024-07-17 15:55:00-04:00,70.7249984741211,70.93000030517578,70.67500305175781,70.9000015258789,959489,0.0,0.0
2024-07-18 09:30:00-04:00,71.0,71.12000274658203,70.81999969482422,70.94999694824219,926673,0.0,0.0
2024-07-18 09:35:00-04:00,70.93000030517578,71.22000122070312,70.87000274658203,71.16999816894531,61860,0.0,0.0
2024-07-18 09:40:00-04:00,71.1500015258789,71.38999938964844,71.11000061035156,71.37000274658203,78829,0.0,0.0
2024-07-18 09:45:00-04:00,71.36499786376953,71.52999877929688,71.26000213623047,71.52999877929688,99094,0.0,0.0
2024-07-18 09:50:00-04:00,71.52999877929688,71.72000122070312,71.51000213623047,71.72000122070312,65713,0.0,0.0
2024-07-18 09:55:00-04:00,71.70999908447266,72.12999725341797,71.68000030517578,72.08000183105469,128705,0.0,0.0
2024-07-18 10:00:00-04:00,72.08999633789062,72.11000061035156,71.97000122070312,72.05000305175781,99257,0.0,0.0
2024-07-18 10:05:00-04:00,72.05999755859375,72.0615005493164,71.80000305175781,71.81999969482422,107314,0.0,0.0
2024-07-18 10:10:00-04:00,71.80999755859375,71.80999755859375,71.6500015258789,71.72000122070312,77182,0.0,0.0
2024-07-18 10:15:00-04:00,71.71499633789062,71.77999877929688,71.51000213623047,71.64869689941406,99560,0.0,0.0
2024-07-18 10:20:00-04:00,71.63500213623047,71.68000030517578,71.5250015258789,71.53500366210938,64302,0.0,0.0
2024-07-18 10:25:00-04:00,71.5250015258789,71.52999877929688,71.47000122070312,71.52999877929688,38535,0.0,0.0
2024-07-18 10:30:00-04:00,71.51000213623047,71.68000030517578,71.51000213623047,71.58999633789062,49274,0.0,0.0
2024-07-18 10:35:00-04:00,71.58000183105469,71.6500015258789,71.5,71.58830261230469,54639,0.0,0.0
2024-07-18 10:40:00-04:00,71.58499908447266,71.80500030517578,71.54000091552734,71.80000305175781,54605,0.0,0.0
2024-07-18 10:45:00-04:00,71.80999755859375,71.92500305175781,71.7750015258789,71.91999816894531,60764,0.0,0.0
2024-07-18 10:50:00-04:00,71.93000030517578,72.05999755859375,71.87000274658203,72.0,168637,0.0,0.0
2024-07-18 10:55:00-04:00,72.01000213623047,72.06999969482422,71.95999908447266,71.9800033569336,108806,0.0,0.0
2024-07-18 11:00:00-04:00,71.98999786376953,72.16999816894531,71.9800033569336,72.05999755859375,120705,0.0,0.0
2024-07-18 11:05:00-04:00,72.06999969482422,72.1500015258789,71.96289825439453,72.07499694824219,115230,0.0,0.0
2024-07-18 11:10:00-04:00,72.06999969482422,72.11979675292969,72.02999877929688,72.11979675292969,50395,0.0,0.0
2024-07-18 11:15:00-04:00,72.12000274658203,72.19499969482422,72.11000061035156,72.16999816894531,79692,0.0,0.0
2024-07-18 11:20:00-04:00,72.19000244140625,72.36000061035156,72.16999816894531,72.27999877929688,101165,0.0,0.0
2024-07-18 11:25:00-04:00,72.29000091552734,72.30000305175781,72.13999938964844,72.19999694824219,162347,0.0,0.0
2024-07-18 11:30:00-04:00,72.19999694824219,72.2249984741211,72.0999984741211,72.12999725341797,144070,0.0,0.0
2024-07-18 11:35:00-04:00,72.11000061035156,72.16000366210938,71.9800033569336,71.9800033569336,166543,0.0,0.0
2024-07-18 11:40:00-04:00,71.9800033569336,72.01000213623047,71.83999633789062,71.86499786376953,103201,0.0,0.0
2024-07-18 11:45:00-04:00,71.85009765625,71.9000015258789,71.77999877929688,71.78500366210938,126543,0.0,0.0
2024-07-18 11:50:00-04:00,71.78500366210938,71.8499984741211,71.72000122070312,71.80500030517578,102349,0.0,0.0
2024-07-18 11:55:00-04:00,71.80000305175781,71.8499984741211,71.70500183105469,71.74500274658203,163778,0.0,0.0
2024-07-18 12:00:00-04:00,71.74500274658203,71.74500274658203,71.5199966430664,71.52999877929688,77712,0.0,0.0
2024-07-18 12:05:00-04:00,71.52999877929688,71.52999877929688,71.32150268554688,71.4800033569336,189071,0.0,0.0
2024-07-18 12:10:00-04:00,71.48500061035156,71.58000183105469,71.41999816894531,71.48999786376953,129468,0.0,0.0
2024-07-18 12:15:00-04:00,71.4800033569336,71.51000213623047,71.3949966430664,71.4000015258789,79330,0.0,0.0
2024-07-18 12:20:00-04:00,71.40499877929688,71.40899658203125,71.20999908447266,71.30999755859375,114350,0.0,0.0
2024-07-18 12:25:00-04:00,71.31999969482422,71.31999969482422,71.15499877929688,71.2249984741211,185747,0.0,0.0
2024-07-18 12:30:00-04:00,71.2300033569336,71.37000274658203,71.2300033569336,71.30999755859375,103586,0.0,0.0
2024-07-18 12:35:00-04:00,71.31999969482422,71.37000274658203,71.25,71.36000061035156,100420,0.0,0.0
2024-07-18 12:40:00-04:00,71.37000274658203,71.5,71.36499786376953,71.47000122070312,109674,0.0,0.0
2024-07-18 12:45:00-04:00,71.4800033569336,71.5999984741211,71.41999816894531,71.55500030517578,75938,0.0,0.0
2024-07-18 12:50:00-04:00,71.55999755859375,71.56500244140625,71.5,71.50499725341797,46803,0.0,0.0
2024-07-18 12:55:00-04:00,71.51000213623047,71.58499908447266,71.48500061035156,71.56500244140625,58449,0.0,0.0
2024-07-18 13:00:00-04:00,71.56500244140625,71.66000366210938,71.55999755859375,71.62000274658203,71478,0.0,0.0
2024-07-18 13:05:00-04:00,71.61499786376953,71.62999725341797,71.5250015258789,71.5250015258789,53995,0.0,0.0
2024-07-18 13:10:00-04:00,71.52999877929688,71.7249984741211,71.50499725341797,71.69999694824219,102078,0.0,0.0
2024-07-18 13:15:00-04:00,71.70500183105469,71.7699966430664,71.63999938964844,71.7699966430664,50084,0.0,0.0
2024-07-18 13:20:00-04:00,71.7699966430664,71.80000305175781,71.67500305175781,71.68000030517578,53187,0.0,0.0
2024-07-18 13:25:00-04:00,71.68000030517578,71.73639678955078,71.63999938964844,71.72000122070312,73804,0.0,0.0
2024-07-18 13:30:00-04:00,71.72000122070312,71.7249984741211,71.62999725341797,71.63500213623047,101966,0.0,0.0
2024-07-18 13:35:00-04:00,71.63500213623047,71.66000366210938,71.5999984741211,71.6050033569336,143143,0.0,0.0
2024-07-18 13:40:00-04:00,71.5999984741211,71.6500015258789,71.59500122070312,71.6449966430664,54098,0.0,0.0
2024-07-18 13:45:00-04:00,71.63999938964844,71.68000030517578,71.63999938964844,71.6500015258789,60873,0.0,0.0
2024-07-18 13:50:00-04:00,71.65499877929688,71.66000366210938,71.59500122070312,71.63999938964844,45631,0.0,0.0
2024-07-18 13:55:00-04:00,71.63500213623047,71.6500015258789,71.58999633789062,71.63999938964844,58515,0.0,0.0
2024-07-18 14:00:00-04:00,71.63999938964844,71.66000366210938,71.61000061035156,71.63500213623047,43087,0.0,0.0
2024-07-18 14:05:00-04:00,71.62999725341797,71.65010070800781,71.56500244140625,71.57499694824219,65327,0.0,0.0
2024-07-18 14:10:00-04:00,71.58000183105469,71.77870178222656,71.57240295410156,71.77870178222656,73784,0.0,0.0
2024-07-18 14:15:00-04:00,71.7750015258789,71.83999633789062,71.70999908447266,71.8301010131836,66951,0.0,0.0
2024-07-18 14:20:00-04:00,71.83399963378906,71.88999938964844,71.79000091552734,71.8550033569336,39644,0.0,0.0
2024-07-18 14:25:00-04:00,71.86000061035156,71.9000015258789,71.85009765625,71.87190246582031,35575,0.0,0.0
2024-07-18 14:30:00-04:00,71.86209869384766,71.90499877929688,71.80999755859375,71.81680297851562,69004,0.0,0.0
2024-07-18 14:35:00-04:00,71.81500244140625,71.83499908447266,71.7844009399414,71.7844009399414,54374,0.0,0.0
2024-07-18 14:40:00-04:00,71.79000091552734,71.94999694824219,71.79000091552734,71.91999816894531,62655,0.0,0.0
2024-07-18 14:45:00-04:00,71.91500091552734,71.94999694824219,71.83999633789062,71.8499984741211,102414,0.0,0.0
2024-07-18 14:50:00-04:00,71.85990142822266,71.87999725341797,71.79299926757812,71.83769989013672,65023,0.0,0.0
2024-07-18 14:55:00-04:00,71.84500122070312,71.90499877929688,71.7300033569336,71.74500274658203,83913,0.0,0.0
2024-07-18 15:00:00-04:00,71.73999786376953,71.80000305175781,71.6449966430664,71.78500366210938,87682,0.0,0.0
2024-07-18 15:05:00-04:00,71.78500366210938,71.86000061035156,71.73999786376953,71.84500122070312,99872,0.0,0.0
2024-07-18 15:10:00-04:00,71.8499984741211,71.92500305175781,71.81500244140625,71.88999938964844,81828,0.0,0.0
2024-07-18 15:15:00-04:00,71.9000015258789,71.97000122070312,71.87000274658203,71.94000244140625,125747,0.0,0.0
2024-07-18 15:20:00-04:00,71.94499969482422,71.94999694824219,71.82499694824219,71.82499694824219,87480,0.0,0.0
2024-07-18 15:25:00-04:00,71.82499694824219,71.94000244140625,71.82499694824219,71.92500305175781,116469,0.0,0.0
2024-07-18 15:30:00-04:00,71.93000030517578,72.04000091552734,71.92500305175781,72.02999877929688,198427,0.0,0.0
2024-07-18 15:35:00-04:00,72.04000091552734,72.04000091552734,71.72000122070312,71.7300033569336,248690,0.0,0.0
2024-07-18 15:40:00-04:00,71.73500061035156,71.75,71.62999725341797,71.63999938964844,139592,0.0,0.0
2024-07-18 15:45:00-04:00,71.6449966430664,71.79499816894531,71.58000183105469,71.79499816894531,218128,0.0,0.0
2024-07-18 15:50:00-04:00,71.79000091552734,71.8550033569336,71.70999908447266,71.71499633789062,155672,0.0,0.0
2024-07-18 15:55:00-04:00,71.70999908447266,71.71499633789062,71.63999938964844,71.68000030517578,519393,0.0,0.0
2024-07-19 09:30:00-04:00,71.91999816894531,72.0,71.51000213623047,71.55999755859375,548564,0.0,0.0
2024-07-19 09:35:00-04:00,71.54000091552734,72.0999984741211,71.5199966430664,72.06999969482422,57469,0.0,0.0
2024-07-19 09:40:00-04:00,72.07499694824219,72.08999633789062,71.79000091552734,71.79000091552734,73948,0.0,0.0
2024-07-19 09:45:00-04:00,71.79000091552734,71.94999694824219,71.79000091552734,71.87000274658203,54166,0.0,0.0
2024-07-19 09:50:00-04:00,71.94000244140625,72.05000305175781,71.88999938964844,71.91000366210938,50155,0.0,0.0
2024-07-19 09:55:00-04:00,71.9000015258789,72.1050033569336,71.83000183105469,72.08999633789062,53785,0.0,0.0
2024-07-19 10:00:00-04:00,72.08499908447266,72.36000061035156,72.06500244140625,72.31999969482422,82723,0.0,0.0
2024-07-19 10:05:00-04:00,72.30000305175781,72.3499984741211,71.9000015258789,71.95999908447266,74746,0.0,0.0
2024-07-19 10:10:00-04:00,71.94499969482422,72.19999694824219,71.93499755859375,72.12000274658203,39846,0.0,0.0
2024-07-19 10:15:00-04:00,72.11000061035156,72.1500015258789,71.87999725341797,71.91500091552734,33163,0.0,0.0
2024-07-19 10:20:00-04:00,71.9000015258789,71.91000366210938,71.62000274658203,71.63999938964844,60440,0.0,0.0
2024-07-19 10:25:00-04:00,71.6500015258789,71.7300033569336,71.54000091552734,71.71499633789062,136627,0.0,0.0
2024-07-19 10:30:00-04:00,71.70999908447266,71.7750015258789,71.65499877929688,71.68000030517578,83850,0.0,0.0
2024-07-19 10:35:00-04:00,71.69139862060547,71.79499816894531,71.66000366210938,71.72000122070312,76337,0.0,0.0
2024-07-19 10:40:00-04:00,71.72000122070312,71.75,71.66000366210938,71.72000122070312,148300,0.0,0.0
2024-07-19 10:45:00-04:00,71.72160339355469,71.80500030517578,71.70999908447266,71.73999786376953,57195,0.0,0.0
2024-07-19 10:50:00-04:00,71.73999786376953,71.80999755859375,71.69999694824219,71.76850128173828,70069,0.0,0.0
2024-07-19 10:55:00-04:00,71.7750015258789,71.7750015258789,71.5199966430664,71.56999969482422,51925,0.0,0.0
2024-07-19 11:00:00-04:00,71.56999969482422,71.66000366210938,71.44000244140625,71.55989837646484,75474,0.0,0.0
2024-07-19 11:05:00-04:00,71.55000305175781,71.66100311279297,71.51499938964844,71.63999938964844,44332,0.0,0.0
2024-07-19 11:10:00-04:00,71.62999725341797,71.73999786376953,71.62000274658203,71.63999938964844,51630,0.0,0.0
2024-07-19 11:15:00-04:00,71.63999938964844,71.70500183105469,71.625,71.68000030517578,50742,0.0,0.0
2024-07-19 11:20:00-04:00,71.69000244140625,71.87999725341797,71.66999816894531,71.83000183105469,35126,0.0,0.0
2024-07-19 11:25:00-04:00,71.83999633789062,71.84500122070312,71.75,71.75,30080,0.0,0.0
2024-07-19 11:30:00-04:00,71.76000213623047,71.77999877929688,71.68499755859375,71.73999786376953,39958,0.0,0.0
2024-07-19 11:35:00-04:00,71.75,71.81500244140625,71.73999786376953,71.80999755859375,42025,0.0,0.0
2024-07-19 11:40:00-04:00,71.81999969482422,71.86000061035156,71.80500030517578,71.81500244140625,31106,0.0,0.0
2024-07-19 11:45:00-04:00,71.81500244140625,71.81999969482422,71.73500061035156,71.77999877929688,78179,0.0,0.0
2024-07-19 11:50:00-04:00,71.78500366210938,71.94000244140625,71.78500366210938,71.91999816894531,48759,0.0,0.0
2024-07-19 11:55:00-04:00,71.91999816894531,71.91999816894531,71.78500366210938,71.88999938964844,49802,0.0,0.0
2024-07-19 12:00:00-04:00,71.88999938964844,71.97000122070312,71.875,71.90499877929688,28731,0.0,0.0
2024-07-19 12:05:00-04:00,71.9000015258789,71.97000122070312,71.84500122070312,71.93000030517578,44903,0.0,0.0
2024-07-19 12:10:00-04:00,71.92500305175781,71.94999694824219,71.79000091552734,71.87000274658203,147552,0.0,0.0
2024-07-19 12:15:00-04:00,71.87999725341797,71.95500183105469,71.8499984741211,71.8550033569336,30272,0.0,0.0
2024-07-19 12:20:00-04:00,71.86000061035156,71.88500213623047,71.6500015258789,71.65499877929688,31869,0.0,0.0
2024-07-19 12:25:00-04:00,71.66000366210938,71.68000030517578,71.56500244140625,71.57499694824219,45738,0.0,0.0
2024-07-19 12:30:00-04:00,71.56999969482422,71.58499908447266,71.53500366210938,71.56999969482422,35360,0.0,0.0
2024-07-19 12:35:00-04:00,71.56999969482422,71.63999938964844,71.56500244140625,71.58999633789062,35522,0.0,0.0
2024-07-19 12:40:00-04:00,71.59500122070312,71.63999938964844,71.55999755859375,71.57499694824219,45527,0.0,0.0
2024-07-19 12:45:00-04:00,71.57499694824219,71.57499694824219,71.53500366210938,71.57499694824219,23543,0.0,0.0
2024-07-19 12:50:00-04:00,71.56999969482422,71.5999984741211,71.5199966430664,71.5999984741211,39420,0.0,0.0
2024-07-19 12:55:00-04:00,71.597900390625,71.62999725341797,71.56999969482422,71.57499694824219,23919,0.0,0.0
2024-07-19 13:00:00-04:00,71.57250213623047,71.58999633789062,71.44999694824219,71.44999694824219,70736,0.0,0.0
2024-07-19 13:05:00-04:00,71.45999908447266,71.51000213623047,71.44000244140625,71.5,31860,0.0,0.0
2024-07-19 13:10:00-04:00,71.51000213623047,71.58999633789062,71.5,71.55000305175781,35223,0.0,0.0
2024-07-19 13:15:00-04:00,71.54499816894531,71.58499908447266,71.54000091552734,71.57499694824219,23438,0.0,0.0
2024-07-19 13:20:00-04:00,71.58000183105469,71.63999938964844,71.55999755859375,71.63500213623047,27422,0.0,0.0
2024-07-19 13:25:00-04:00,71.63500213623047,71.72000122070312,71.62999725341797,71.62999725341797,52453,0.0,0.0
2024-07-19 13:30:00-04:00,71.62999725341797,71.7300033569336,71.62999725341797,71.63999938964844,103722,0.0,0.0
2024-07-19 13:35:00-04:00,71.6500015258789,71.74500274658203,71.6500015258789,71.72000122070312,24452,0.0,0.0
2024-07-19 13:40:00-04:00,71.7249984741211,71.76000213623047,71.68000030517578,71.69999694824219,35818,0.0,0.0
2024-07-19 13:45:00-04:00,71.70999908447266,71.87999725341797,71.70500183105469,71.875,37797,0.0,0.0
2024-07-19 13:50:00-04:00,71.875,71.93499755859375,71.86499786376953,71.90499877929688,45069,0.0,0.0
2024-07-19 13:55:00-04:00,71.91000366210938,71.91000366210938,71.76000213623047,71.76000213623047,36452,0.0,0.0
2024-07-19 14:00:00-04:00,71.75499725341797,71.77999877929688,71.75,71.7750015258789,32179,0.0,0.0
2024-07-19 14:05:00-04:00,71.7750015258789,71.87999725341797,71.77200317382812,71.83999633789062,35132,0.0,0.0
2024-07-19 14:10:00-04:00,71.83000183105469,71.83000183105469,71.73500061035156,71.76740264892578,44254,0.0,0.0
2024-07-19 14:15:00-04:00,71.76000213623047,71.77999877929688,71.75,71.75,41776,0.0,0.0
2024-07-19 14:20:00-04:00,71.75849914550781,71.7699966430664,71.69999694824219,71.69999694824219,45583,0.0,0.0
2024-07-19 14:25:00-04:00,71.70500183105469,71.72000122070312,71.62999725341797,71.66500091552734,50057,0.0,0.0
2024-07-19 14:30:00-04:00,71.66500091552734,71.72000122070312,71.66000366210938,71.71499633789062,36913,0.0,0.0
2024-07-19 14:35:00-04:00,71.72000122070312,71.82499694824219,71.69000244140625,71.80000305175781,48237,0.0,0.0
2024-07-19 14:40:00-04:00,71.80500030517578,71.91000366210938,71.70500183105469,71.70500183105469,67498,0.0,0.0
2024-07-19 14:45:00-04:00,71.69999694824219,71.7300033569336,71.66999816894531,71.69000244140625,51723,0.0,0.0
2024-07-19 14:50:00-04:00,71.68000030517578,71.69000244140625,71.62999725341797,71.66000366210938,90442,0.0,0.0
2024-07-19 14:55:00-04:00,71.66999816894531,71.69509887695312,71.62999725341797,71.6675033569336,71955,0.0,0.0
2024-07-19 15:00:00-04:00,71.66000366210938,71.74500274658203,71.66000366210938,71.73999786376953,87839,0.0,0.0
2024-07-19 15:05:00-04:00,71.73500061035156,71.90499877929688,71.73259735107422,71.86000061035156,59954,0.0,0.0
2024-07-19 15:10:00-04:00,71.86009979248047,72.00499725341797,71.86009979248047,71.9749984741211,67199,0.0,0.0
2024-07-19 15:15:00-04:00,71.9749984741211,72.02999877929688,71.9749984741211,72.02649688720703,57731,0.0,0.0
2024-07-19 15:20:00-04:00,72.0199966430664,72.04000091552734,71.8499984741211,71.8499984741211,92038,0.0,0.0
2024-07-19 15:25:00-04:00,71.8499984741211,71.87999725341797,71.80999755859375,71.80999755859375,116871,0.0,0.0
2024-07-19 15:30:00-04:00,71.81500244140625,71.87989807128906,71.78500366210938,71.80999755859375,108044,0.0,0.0
2024-07-19 15:35:00-04:00,71.81500244140625,71.88999938964844,71.76499938964844,71.79499816894531,100275,0.0,0.0
2024-07-19 15:40:00-04:00,71.80000305175781,71.93000030517578,71.80000305175781,71.90499877929688,96192,0.0,0.0
2024-07-19 15:45:00-04:00,71.91500091552734,72.02999877929688,71.91500091552734,72.00499725341797,98391,0.0,0.0
2024-07-19 15:50:00-04:00,72.00499725341797,72.12000274658203,71.94999694824219,71.95999908447266,163144,0.0,0.0
2024-07-19 15:55:00-04:00,71.95999908447266,72.04000091552734,71.94000244140625,72.01000213623047,636873,0.0,0.0
