Datetime,Open,High,Low,Close,Volume,Dividends,Stock Splits
2024-06-20 09:30:00-04:00,1.649999976158142,1.6699999570846558,1.649999976158142,1.6699999570846558,17833,0.0,0.0
2024-06-20 09:35:00-04:00,1.680400013923645,1.690000057220459,1.659999966621399,1.659999966621399,25163,0.0,0.0
2024-06-20 09:40:00-04:00,1.649999976158142,1.6699999570846558,1.649999976158142,1.6699999570846558,13448,0.0,0.0
2024-06-20 09:45:00-04:00,1.6699999570846558,1.6699999570846558,1.659999966621399,1.6699999570846558,17671,0.0,0.0
2024-06-20 09:50:00-04:00,1.6699999570846558,1.6699999570846558,1.6649999618530273,1.6649999618530273,9877,0.0,0.0
2024-06-20 09:55:00-04:00,1.6649999618530273,1.6699999570846558,1.659999966621399,1.659999966621399,11175,0.0,0.0
2024-06-20 10:00:00-04:00,1.6649999618530273,1.6749999523162842,1.659999966621399,1.6649999618530273,21489,0.0,0.0
2024-06-20 10:05:00-04:00,1.6699999570846558,1.6799999475479126,1.659999966621399,1.659999966621399,18768,0.0,0.0
2024-06-20 10:10:00-04:00,1.659999966621399,1.6699999570846558,1.6549999713897705,1.6699999570846558,12611,0.0,0.0
2024-06-20 10:15:00-04:00,1.6649999618530273,1.6699999570846558,1.6649999618530273,1.6649999618530273,11008,0.0,0.0
2024-06-20 10:20:00-04:00,1.659999966621399,1.659999966621399,1.6549999713897705,1.6549999713897705,5887,0.0,0.0
2024-06-20 10:25:00-04:00,1.6549999713897705,1.6598999500274658,1.6549999713897705,1.6549999713897705,10509,0.0,0.0
2024-06-20 10:30:00-04:00,1.6549999713897705,1.659999966621399,1.649999976158142,1.6549999713897705,17630,0.0,0.0
2024-06-20 10:35:00-04:00,1.649999976158142,1.659999966621399,1.649999976158142,1.6549999713897705,18699,0.0,0.0
2024-06-20 10:40:00-04:00,1.649999976158142,1.659999966621399,1.649999976158142,1.6549999713897705,9042,0.0,0.0
2024-06-20 10:45:00-04:00,1.6549999713897705,1.6699999570846558,1.6549999713897705,1.6649999618530273,14978,0.0,0.0
2024-06-20 10:50:00-04:00,1.6649999618530273,1.6699999570846558,1.659999966621399,1.6649999618530273,10157,0.0,0.0
2024-06-20 10:55:00-04:00,1.6649999618530273,1.6649999618530273,1.6649999618530273,1.6649999618530273,8158,0.0,0.0
2024-06-20 11:00:00-04:00,1.659999966621399,1.6699999570846558,1.659999966621399,1.6649999618530273,4106,0.0,0.0
2024-06-20 11:05:00-04:00,1.6649999618530273,1.6699999570846558,1.659999966621399,1.6649999618530273,29550,0.0,0.0
2024-06-20 11:10:00-04:00,1.6649999618530273,1.6799999475479126,1.6649999618530273,1.6749999523162842,21632,0.0,0.0
2024-06-20 11:15:00-04:00,1.6749999523162842,1.6799999475479126,1.6699999570846558,1.6699999570846558,12979,0.0,0.0
2024-06-20 11:20:00-04:00,1.6799999475479126,1.6799999475479126,1.6699999570846558,1.6699999570846558,8643,0.0,0.0
2024-06-20 11:25:00-04:00,1.6749999523162842,1.6799999475479126,1.6749999523162842,1.6749999523162842,6764,0.0,0.0
2024-06-20 11:30:00-04:00,1.6749999523162842,1.6799999475479126,1.6699999570846558,1.6749999523162842,10205,0.0,0.0
2024-06-20 11:35:00-04:00,1.6749999523162842,1.6799999475479126,1.6699999570846558,1.6749999523162842,13984,0.0,0.0
2024-06-20 11:40:00-04:00,1.6699999570846558,1.6749999523162842,1.659999966621399,1.659999966621399,20232,0.0,0.0
2024-06-20 11:45:00-04:00,1.659999966621399,1.6699999570846558,1.6549999713897705,1.6549999713897705,15449,0.0,0.0
2024-06-20 11:50:00-04:00,1.649999976158142,1.6699999570846558,1.649999976158142,1.6649999618530273,30378,0.0,0.0
2024-06-20 11:55:00-04:00,1.6699999570846558,1.690000057220459,1.6649999618530273,1.690000057220459,79034,0.0,0.0
2024-06-20 12:00:00-04:00,1.684999942779541,1.690000057220459,1.6799999475479126,1.6799999475479126,2289,0.0,0.0
2024-06-20 12:05:00-04:00,1.684999942779541,1.690000057220459,1.6799999475479126,1.684999942779541,5366,0.0,0.0
2024-06-20 12:10:00-04:00,1.684999942779541,1.690000057220459,1.684999942779541,1.684999942779541,12349,0.0,0.0
2024-06-20 12:15:00-04:00,1.684999942779541,1.690000057220459,1.659999966621399,1.659999966621399,23205,0.0,0.0
2024-06-20 12:20:00-04:00,1.6649999618530273,1.6749999523162842,1.659999966621399,1.6649999618530273,48812,0.0,0.0
2024-06-20 12:25:00-04:00,1.6649999618530273,1.6699999570846558,1.6649999618530273,1.6649999618530273,3602,0.0,0.0
2024-06-20 12:30:00-04:00,1.6649999618530273,1.6699999570846558,1.659999966621399,1.6699999570846558,7873,0.0,0.0
2024-06-20 12:35:00-04:00,1.6649999618530273,1.6699999570846558,1.659999966621399,1.6649999618530273,11790,0.0,0.0
2024-06-20 12:40:00-04:00,1.659999966621399,1.659999966621399,1.6500999927520752,1.6549999713897705,33351,0.0,0.0
2024-06-20 12:45:00-04:00,1.6549999713897705,1.659999966621399,1.649999976158142,1.6549999713897705,7317,0.0,0.0
2024-06-20 12:50:00-04:00,1.649999976158142,1.659999966621399,1.649999976158142,1.6549999713897705,6432,0.0,0.0
2024-06-20 12:55:00-04:00,1.6549999713897705,1.659999966621399,1.649999976158142,1.659999966621399,8095,0.0,0.0
2024-06-20 13:00:00-04:00,1.6549999713897705,1.659999966621399,1.649999976158142,1.659999966621399,17388,0.0,0.0
2024-06-20 13:05:00-04:00,1.649999976158142,1.659999966621399,1.649999976158142,1.649999976158142,9490,0.0,0.0
2024-06-20 13:10:00-04:00,1.649999976158142,1.659999966621399,1.649999976158142,1.6549999713897705,8041,0.0,0.0
2024-06-20 13:15:00-04:00,1.6549999713897705,1.659999966621399,1.649999976158142,1.6549999713897705,19175,0.0,0.0
2024-06-20 13:20:00-04:00,1.659999966621399,1.659999966621399,1.649999976158142,1.6549999713897705,10229,0.0,0.0
2024-06-20 13:25:00-04:00,1.6549999713897705,1.659999966621399,1.6549999713897705,1.6549999713897705,9138,0.0,0.0
2024-06-20 13:30:00-04:00,1.6549999713897705,1.659999966621399,1.649999976158142,1.6549999713897705,13864,0.0,0.0
2024-06-20 13:35:00-04:00,1.659999966621399,1.659999966621399,1.649999976158142,1.649999976158142,10102,0.0,0.0
2024-06-20 13:40:00-04:00,1.659999966621399,1.659999966621399,1.649999976158142,1.6549999713897705,13304,0.0,0.0
2024-06-20 13:45:00-04:00,1.6549999713897705,1.659999966621399,1.649999976158142,1.6549999713897705,13457,0.0,0.0
2024-06-20 13:50:00-04:00,1.6549999713897705,1.6699999570846558,1.6549999713897705,1.6699999570846558,13757,0.0,0.0
2024-06-20 13:55:00-04:00,1.6649999618530273,1.6699999570846558,1.6649999618530273,1.6656999588012695,8099,0.0,0.0
2024-06-20 14:00:00-04:00,1.6649999618530273,1.6749999523162842,1.659999966621399,1.6699999570846558,52177,0.0,0.0
2024-06-20 14:05:00-04:00,1.6749999523162842,1.6799999475479126,1.659999966621399,1.6649999618530273,13041,0.0,0.0
2024-06-20 14:10:00-04:00,1.659999966621399,1.659999966621399,1.649999976158142,1.6549999713897705,16345,0.0,0.0
2024-06-20 14:15:00-04:00,1.649999976158142,1.659999966621399,1.649999976158142,1.649999976158142,20275,0.0,0.0
2024-06-20 14:20:00-04:00,1.6549999713897705,1.659999966621399,1.649999976158142,1.6549999713897705,15446,0.0,0.0
2024-06-20 14:25:00-04:00,1.6549999713897705,1.659999966621399,1.649999976158142,1.6549999713897705,10603,0.0,0.0
2024-06-20 14:30:00-04:00,1.649999976158142,1.659999966621399,1.649999976158142,1.649999976158142,11077,0.0,0.0
2024-06-20 14:35:00-04:00,1.6549999713897705,1.659999966621399,1.649999976158142,1.6549999713897705,7180,0.0,0.0
2024-06-20 14:40:00-04:00,1.6549999713897705,1.659999966621399,1.649999976158142,1.649999976158142,12724,0.0,0.0
2024-06-20 14:45:00-04:00,1.659999966621399,1.659999966621399,1.649999976158142,1.649999976158142,8621,0.0,0.0
2024-06-20 14:50:00-04:00,1.649999976158142,1.659999966621399,1.649999976158142,1.6549999713897705,10867,0.0,0.0
2024-06-20 14:55:00-04:00,1.6549999713897705,1.659999966621399,1.649999976158142,1.6549999713897705,7828,0.0,0.0
2024-06-20 15:00:00-04:00,1.659999966621399,1.659999966621399,1.649999976158142,1.6549999713897705,25489,0.0,0.0
2024-06-20 15:05:00-04:00,1.6549999713897705,1.659999966621399,1.649999976158142,1.659999966621399,8044,0.0,0.0
2024-06-20 15:10:00-04:00,1.649999976158142,1.659999966621399,1.649999976158142,1.649999976158142,7307,0.0,0.0
2024-06-20 15:15:00-04:00,1.649999976158142,1.659999966621399,1.649999976158142,1.649999976158142,31322,0.0,0.0
2024-06-20 15:20:00-04:00,1.649999976158142,1.659999966621399,1.649999976158142,1.649999976158142,8451,0.0,0.0
2024-06-20 15:25:00-04:00,1.649999976158142,1.659999966621399,1.649999976158142,1.6549999713897705,18006,0.0,0.0
2024-06-20 15:30:00-04:00,1.6549999713897705,1.659999966621399,1.649999976158142,1.6549999713897705,9007,0.0,0.0
2024-06-20 15:35:00-04:00,1.6549999713897705,1.659999966621399,1.649999976158142,1.659999966621399,35652,0.0,0.0
2024-06-20 15:40:00-04:00,1.6549999713897705,1.659999966621399,1.649999976158142,1.659999966621399,16565,0.0,0.0
2024-06-20 15:45:00-04:00,1.6583000421524048,1.659999966621399,1.6449999809265137,1.6449999809265137,59402,0.0,0.0
2024-06-20 15:50:00-04:00,1.649999976158142,1.6649999618530273,1.649999976158142,1.6549999713897705,126216,0.0,0.0
2024-06-20 15:55:00-04:00,1.659999966621399,1.659999966621399,1.649999976158142,1.659999966621399,126721,0.0,0.0
2024-06-21 09:30:00-04:00,1.649999976158142,1.6698999404907227,1.6338000297546387,1.6698999404907227,19674,0.0,0.0
2024-06-21 09:35:00-04:00,1.649999976158142,1.6699999570846558,1.649999976158142,1.649999976158142,8177,0.0,0.0
2024-06-21 09:40:00-04:00,1.659999966621399,1.659999966621399,1.6549999713897705,1.659999966621399,9781,0.0,0.0
2024-06-21 09:45:00-04:00,1.659999966621399,1.659999966621399,1.649999976158142,1.649999976158142,10155,0.0,0.0
2024-06-21 09:50:00-04:00,1.6549999713897705,1.659999966621399,1.649999976158142,1.6549999713897705,3885,0.0,0.0
2024-06-21 09:55:00-04:00,1.649999976158142,1.6549999713897705,1.649999976158142,1.649999976158142,6192,0.0,0.0
2024-06-21 10:00:00-04:00,1.649999976158142,1.6699999570846558,1.649999976158142,1.6649999618530273,7281,0.0,0.0
2024-06-21 10:05:00-04:00,1.6649999618530273,1.6699999570846558,1.6649999618530273,1.6649999618530273,2231,0.0,0.0
2024-06-21 10:10:00-04:00,1.6649999618530273,1.6649999618530273,1.649999976158142,1.649999976158142,5246,0.0,0.0
2024-06-21 10:15:00-04:00,1.6549999713897705,1.6549999713897705,1.649999976158142,1.649999976158142,7235,0.0,0.0
2024-06-21 10:20:00-04:00,1.649999976158142,1.6549999713897705,1.649999976158142,1.649999976158142,3430,0.0,0.0
2024-06-21 10:25:00-04:00,1.649999976158142,1.6649999618530273,1.649999976158142,1.6649999618530273,6021,0.0,0.0
2024-06-21 10:30:00-04:00,1.6649999618530273,1.6649999618530273,1.6640000343322754,1.6649999618530273,2416,0.0,0.0
2024-06-21 10:35:00-04:00,1.6649999618530273,1.6649999618530273,1.659999966621399,1.6649999618530273,2898,0.0,0.0
2024-06-21 10:40:00-04:00,1.659999966621399,1.6649999618530273,1.659999966621399,1.659999966621399,2567,0.0,0.0
2024-06-21 10:45:00-04:00,1.659999966621399,1.6649999618530273,1.659999966621399,1.6649999618530273,9052,0.0,0.0
2024-06-21 10:50:00-04:00,1.6649999618530273,1.6649999618530273,1.659999966621399,1.6649999618530273,5958,0.0,0.0
2024-06-21 10:55:00-04:00,1.6649999618530273,1.6699999570846558,1.649999976158142,1.6549999713897705,8864,0.0,0.0
2024-06-21 11:00:00-04:00,1.649999976158142,1.6588000059127808,1.649999976158142,1.649999976158142,4634,0.0,0.0
2024-06-21 11:05:00-04:00,1.649999976158142,1.6549999713897705,1.649999976158142,1.6549999713897705,2643,0.0,0.0
2024-06-21 11:10:00-04:00,1.649999976158142,1.6589000225067139,1.649999976158142,1.6549999713897705,7596,0.0,0.0
2024-06-21 11:15:00-04:00,1.6549999713897705,1.6549999713897705,1.6399999856948853,1.6399999856948853,29427,0.0,0.0
2024-06-21 11:20:00-04:00,1.6399999856948853,1.659999966621399,1.6399999856948853,1.6549999713897705,26350,0.0,0.0
2024-06-21 11:25:00-04:00,1.6549999713897705,1.659999966621399,1.6549999713897705,1.659999966621399,3270,0.0,0.0
2024-06-21 11:30:00-04:00,1.659999966621399,1.659999966621399,1.6549999713897705,1.6549999713897705,4996,0.0,0.0
2024-06-21 11:35:00-04:00,1.6549999713897705,1.6549999713897705,1.649999976158142,1.649999976158142,2867,0.0,0.0
2024-06-21 11:40:00-04:00,1.649999976158142,1.659999966621399,1.649999976158142,1.649999976158142,4773,0.0,0.0
2024-06-21 11:45:00-04:00,1.6549999713897705,1.6549999713897705,1.649999976158142,1.649999976158142,6694,0.0,0.0
2024-06-21 11:50:00-04:00,1.649999976158142,1.6549999713897705,1.649999976158142,1.649999976158142,26081,0.0,0.0
2024-06-21 11:55:00-04:00,1.6549999713897705,1.6549999713897705,1.649999976158142,1.649999976158142,4821,0.0,0.0
2024-06-21 12:00:00-04:00,1.649999976158142,1.659999966621399,1.649999976158142,1.6549999713897705,4994,0.0,0.0
2024-06-21 12:05:00-04:00,1.649999976158142,1.659999966621399,1.649999976158142,1.659999966621399,28671,0.0,0.0
2024-06-21 12:10:00-04:00,1.6649999618530273,1.6699999570846558,1.6649999618530273,1.6699999570846558,6649,0.0,0.0
2024-06-21 12:15:00-04:00,1.6649999618530273,1.6649999618530273,1.649999976158142,1.649999976158142,9690,0.0,0.0
2024-06-21 12:20:00-04:00,1.6549999713897705,1.6549999713897705,1.649999976158142,1.649999976158142,4139,0.0,0.0
2024-06-21 12:25:00-04:00,1.6549999713897705,1.659999966621399,1.649999976158142,1.659999966621399,29599,0.0,0.0
2024-06-21 12:30:00-04:00,1.659999966621399,1.6649999618530273,1.659999966621399,1.6649999618530273,9896,0.0,0.0
2024-06-21 12:35:00-04:00,1.6649999618530273,1.6699999570846558,1.6649999618530273,1.6699999570846558,3423,0.0,0.0
2024-06-21 12:40:00-04:00,1.6649999618530273,1.6699999570846558,1.659999966621399,1.659999966621399,3279,0.0,0.0
2024-06-21 12:45:00-04:00,1.6649999618530273,1.6693999767303467,1.659999966621399,1.6693999767303467,5011,0.0,0.0
2024-06-21 12:50:00-04:00,1.659999966621399,1.6649999618530273,1.659999966621399,1.6649999618530273,5433,0.0,0.0
2024-06-21 12:55:00-04:00,1.659999966621399,1.6699999570846558,1.659999966621399,1.6649999618530273,18147,0.0,0.0
2024-06-21 13:00:00-04:00,1.6649999618530273,1.6699999570846558,1.659999966621399,1.659999966621399,9691,0.0,0.0
2024-06-21 13:05:00-04:00,1.6649999618530273,1.6699999570846558,1.659999966621399,1.6699999570846558,7663,0.0,0.0
2024-06-21 13:10:00-04:00,1.6649999618530273,1.6699999570846558,1.659999966621399,1.6649999618530273,8474,0.0,0.0
2024-06-21 13:15:00-04:00,1.659999966621399,1.6699999570846558,1.659999966621399,1.659999966621399,7330,0.0,0.0
2024-06-21 13:20:00-04:00,1.659999966621399,1.6649999618530273,1.659999966621399,1.659999966621399,8678,0.0,0.0
2024-06-21 13:25:00-04:00,1.6649999618530273,1.6649999618530273,1.649999976158142,1.649999976158142,23303,0.0,0.0
2024-06-21 13:30:00-04:00,1.649999976158142,1.6598999500274658,1.649999976158142,1.6549999713897705,18452,0.0,0.0
2024-06-21 13:35:00-04:00,1.649999976158142,1.659999966621399,1.649999976158142,1.659999966621399,33562,0.0,0.0
2024-06-21 13:40:00-04:00,1.659999966621399,1.659999966621399,1.6549999713897705,1.6598999500274658,6847,0.0,0.0
2024-06-21 13:45:00-04:00,1.6549999713897705,1.659999966621399,1.6549999713897705,1.6549999713897705,5037,0.0,0.0
2024-06-21 13:50:00-04:00,1.6513999700546265,1.659999966621399,1.649999976158142,1.649999976158142,5040,0.0,0.0
2024-06-21 13:55:00-04:00,1.659999966621399,1.659999966621399,1.649999976158142,1.6549999713897705,7295,0.0,0.0
2024-06-21 14:00:00-04:00,1.649999976158142,1.659999966621399,1.649999976158142,1.649999976158142,7516,0.0,0.0
2024-06-21 14:05:00-04:00,1.649999976158142,1.659999966621399,1.649999976158142,1.6549999713897705,9649,0.0,0.0
2024-06-21 14:10:00-04:00,1.649999976158142,1.6549999713897705,1.649999976158142,1.6549999713897705,7148,0.0,0.0
2024-06-21 14:15:00-04:00,1.649999976158142,1.659999966621399,1.649999976158142,1.6549999713897705,17216,0.0,0.0
2024-06-21 14:20:00-04:00,1.649999976158142,1.6597000360488892,1.649999976158142,1.6549999713897705,10237,0.0,0.0
2024-06-21 14:25:00-04:00,1.649999976158142,1.659999966621399,1.649999976158142,1.6549999713897705,7968,0.0,0.0
2024-06-21 14:30:00-04:00,1.649999976158142,1.659999966621399,1.649999976158142,1.6549999713897705,8130,0.0,0.0
2024-06-21 14:35:00-04:00,1.6549999713897705,1.659999966621399,1.649999976158142,1.6549999713897705,11202,0.0,0.0
2024-06-21 14:40:00-04:00,1.6549999713897705,1.659999966621399,1.649999976158142,1.6549999713897705,7945,0.0,0.0
2024-06-21 14:45:00-04:00,1.649999976158142,1.6549999713897705,1.649999976158142,1.649999976158142,5446,0.0,0.0
2024-06-21 14:50:00-04:00,1.6557999849319458,1.659999966621399,1.649999976158142,1.6549999713897705,13964,0.0,0.0
2024-06-21 14:55:00-04:00,1.6549999713897705,1.659999966621399,1.649999976158142,1.6549999713897705,12581,0.0,0.0
2024-06-21 15:00:00-04:00,1.6549999713897705,1.6699999570846558,1.649999976158142,1.6649999618530273,49662,0.0,0.0
2024-06-21 15:05:00-04:00,1.6699999570846558,1.690000057220459,1.6649999618530273,1.690000057220459,26362,0.0,0.0
2024-06-21 15:10:00-04:00,1.684999942779541,1.7000000476837158,1.684999942779541,1.6950000524520874,26419,0.0,0.0
2024-06-21 15:15:00-04:00,1.6950000524520874,1.7050000429153442,1.6950000524520874,1.7050000429153442,23353,0.0,0.0
2024-06-21 15:20:00-04:00,1.7050000429153442,1.7100000381469727,1.7000000476837158,1.7050000429153442,69753,0.0,0.0
2024-06-21 15:25:00-04:00,1.7050000429153442,1.7200000286102295,1.7000000476837158,1.715000033378601,32377,0.0,0.0
2024-06-21 15:30:00-04:00,1.715000033378601,1.7400000095367432,1.715000033378601,1.7350000143051147,41026,0.0,0.0
2024-06-21 15:35:00-04:00,1.7350000143051147,1.7400000095367432,1.725000023841858,1.725000023841858,85435,0.0,0.0
2024-06-21 15:40:00-04:00,1.725000023841858,1.7300000190734863,1.7200000286102295,1.725000023841858,69628,0.0,0.0
2024-06-21 15:45:00-04:00,1.725000023841858,1.7350000143051147,1.7200000286102295,1.7350000143051147,109325,0.0,0.0
2024-06-21 15:50:00-04:00,1.7350000143051147,1.7699999809265137,1.7350000143051147,1.7649999856948853,290453,0.0,0.0
2024-06-21 15:55:00-04:00,1.7649999856948853,1.7649999856948853,1.7200000286102295,1.75,572763,0.0,0.0
2024-06-24 09:30:00-04:00,1.7300000190734863,1.7300000190734863,1.6649999618530273,1.6705000400543213,45652,0.0,0.0
2024-06-24 09:35:00-04:00,1.679800033569336,1.690000057220459,1.6699999570846558,1.690000057220459,18252,0.0,0.0
2024-06-24 09:40:00-04:00,1.6799999475479126,1.690000057220459,1.6699999570846558,1.6699999570846558,17160,0.0,0.0
2024-06-24 09:45:00-04:00,1.6699999570846558,1.6699999570846558,1.649999976158142,1.6649999618530273,551444,0.0,0.0
2024-06-24 09:50:00-04:00,1.6799999475479126,1.7000000476837158,1.6799999475479126,1.6950000524520874,5544,0.0,0.0
2024-06-24 09:55:00-04:00,1.6950000524520874,1.7100000381469727,1.6950000524520874,1.7050000429153442,4889,0.0,0.0
2024-06-24 10:00:00-04:00,1.7050000429153442,1.7100000381469727,1.7000000476837158,1.7050000429153442,3773,0.0,0.0
2024-06-24 10:05:00-04:00,1.7000000476837158,1.7000000476837158,1.6800999641418457,1.6950000524520874,9762,0.0,0.0
2024-06-24 10:10:00-04:00,1.6950000524520874,1.6950000524520874,1.6950000524520874,1.6950000524520874,1680,0.0,0.0
2024-06-24 10:15:00-04:00,1.6950000524520874,1.7000000476837158,1.6950000524520874,1.6950000524520874,4590,0.0,0.0
2024-06-24 10:20:00-04:00,1.7000000476837158,1.715000033378601,1.6950000524520874,1.715000033378601,8506,0.0,0.0
2024-06-24 10:25:00-04:00,1.7100000381469727,1.7100000381469727,1.7050000429153442,1.7050000429153442,8962,0.0,0.0
2024-06-24 10:30:00-04:00,1.7050000429153442,1.7100000381469727,1.7039999961853027,1.7094000577926636,4699,0.0,0.0
2024-06-24 10:35:00-04:00,1.7050000429153442,1.7050000429153442,1.6950000524520874,1.7000000476837158,24749,0.0,0.0
2024-06-24 10:40:00-04:00,1.7000000476837158,1.7100000381469727,1.6950000524520874,1.7100000381469727,6927,0.0,0.0
2024-06-24 10:45:00-04:00,1.7050000429153442,1.7050000429153442,1.7050000429153442,1.7050000429153442,2048,0.0,0.0
2024-06-24 10:50:00-04:00,1.7050000429153442,1.7050000429153442,1.7050000429153442,1.7050000429153442,7810,0.0,0.0
2024-06-24 10:55:00-04:00,1.7100000381469727,1.7100000381469727,1.7050000429153442,1.7050000429153442,10866,0.0,0.0
2024-06-24 11:00:00-04:00,1.7050000429153442,1.7050000429153442,1.7050000429153442,1.7050000429153442,4006,0.0,0.0
2024-06-24 11:05:00-04:00,1.7050000429153442,1.7100000381469727,1.7050000429153442,1.7100000381469727,7627,0.0,0.0
2024-06-24 11:10:00-04:00,1.7050000429153442,1.7050000429153442,1.7000000476837158,1.7000000476837158,5881,0.0,0.0
2024-06-24 11:15:00-04:00,1.7000000476837158,1.7050000429153442,1.6950000524520874,1.6950000524520874,15785,0.0,0.0
2024-06-24 11:20:00-04:00,1.6950000524520874,1.6950000524520874,1.6950000524520874,1.6950000524520874,2555,0.0,0.0
2024-06-24 11:25:00-04:00,1.6912000179290771,1.6912000179290771,1.6912000179290771,1.6912000179290771,874,0.0,0.0
2024-06-24 11:30:00-04:00,1.690000057220459,1.690000057220459,1.6799999475479126,1.684999942779541,10749,0.0,0.0
2024-06-24 11:35:00-04:00,1.6799999475479126,1.6799999475479126,1.6699999570846558,1.6699999570846558,10034,0.0,0.0
2024-06-24 11:40:00-04:00,1.6749999523162842,1.6749999523162842,1.6699999570846558,1.6699999570846558,3023,0.0,0.0
2024-06-24 11:45:00-04:00,1.6699999570846558,1.6749999523162842,1.659999966621399,1.659999966621399,10475,0.0,0.0
2024-06-24 11:50:00-04:00,1.659999966621399,1.6649999618530273,1.659999966621399,1.6649999618530273,1099,0.0,0.0
2024-06-24 11:55:00-04:00,1.659999966621399,1.659999966621399,1.649999976158142,1.649999976158142,7025,0.0,0.0
2024-06-24 12:00:00-04:00,1.649999976158142,1.659999966621399,1.649999976158142,1.6549999713897705,8511,0.0,0.0
2024-06-24 12:05:00-04:00,1.6549999713897705,1.659999966621399,1.6549999713897705,1.6549999713897705,13917,0.0,0.0
2024-06-24 12:10:00-04:00,1.659999966621399,1.6699999570846558,1.6549999713897705,1.6649999618530273,23816,0.0,0.0
2024-06-24 12:15:00-04:00,1.6649999618530273,1.6649999618530273,1.649999976158142,1.649999976158142,11815,0.0,0.0
2024-06-24 12:20:00-04:00,1.649999976158142,1.659999966621399,1.649999976158142,1.6549999713897705,5762,0.0,0.0
2024-06-24 12:25:00-04:00,1.6549999713897705,1.6699999570846558,1.649999976158142,1.6549999713897705,40902,0.0,0.0
2024-06-24 12:30:00-04:00,1.659999966621399,1.659999966621399,1.649999976158142,1.649999976158142,1393,0.0,0.0
2024-06-24 12:35:00-04:00,1.6549999713897705,1.6549999713897705,1.649999976158142,1.6549999713897705,4594,0.0,0.0
2024-06-24 12:40:00-04:00,1.6549999713897705,1.659999966621399,1.649999976158142,1.6549999713897705,17051,0.0,0.0
2024-06-24 12:45:00-04:00,1.6549999713897705,1.6549999713897705,1.649999976158142,1.649999976158142,3118,0.0,0.0
2024-06-24 12:50:00-04:00,1.649999976158142,1.6549999713897705,1.6299999952316284,1.6349999904632568,34678,0.0,0.0
2024-06-24 12:55:00-04:00,1.6299999952316284,1.6375999450683594,1.625,1.625,10633,0.0,0.0
2024-06-24 13:00:00-04:00,1.625,1.6299999952316284,1.6200000047683716,1.625,10691,0.0,0.0
2024-06-24 13:05:00-04:00,1.6200000047683716,1.625,1.6200000047683716,1.6200000047683716,3949,0.0,0.0
2024-06-24 13:10:00-04:00,1.6200000047683716,1.625,1.6200000047683716,1.625,7467,0.0,0.0
2024-06-24 13:15:00-04:00,1.625,1.625,1.6200000047683716,1.625,13516,0.0,0.0
2024-06-24 13:20:00-04:00,1.6200000047683716,1.625,1.6200000047683716,1.6200000047683716,6201,0.0,0.0
2024-06-24 13:25:00-04:00,1.625,1.625,1.6200000047683716,1.625,35294,0.0,0.0
2024-06-24 13:30:00-04:00,1.625,1.6299999952316284,1.6200000047683716,1.6297999620437622,8078,0.0,0.0
2024-06-24 13:35:00-04:00,1.625,1.6299999952316284,1.625,1.625,4710,0.0,0.0
2024-06-24 13:40:00-04:00,1.625,1.6299999952316284,1.625,1.6299999952316284,3107,0.0,0.0
2024-06-24 13:45:00-04:00,1.6200000047683716,1.625,1.6200000047683716,1.625,2787,0.0,0.0
2024-06-24 13:50:00-04:00,1.625,1.625,1.6200000047683716,1.6200000047683716,6825,0.0,0.0
2024-06-24 13:55:00-04:00,1.6200000047683716,1.625,1.6200000047683716,1.6200000047683716,8478,0.0,0.0
2024-06-24 14:00:00-04:00,1.6200000047683716,1.625,1.6200000047683716,1.625,14971,0.0,0.0
2024-06-24 14:05:00-04:00,1.6200000047683716,1.625,1.6200000047683716,1.625,12007,0.0,0.0
2024-06-24 14:10:00-04:00,1.625,1.6299999952316284,1.6200000047683716,1.625,20515,0.0,0.0
2024-06-24 14:15:00-04:00,1.625,1.625,1.6150000095367432,1.6150000095367432,49336,0.0,0.0
2024-06-24 14:20:00-04:00,1.6150000095367432,1.6200000047683716,1.6101000308990479,1.6200000047683716,30413,0.0,0.0
2024-06-24 14:25:00-04:00,1.6146999597549438,1.6299999952316284,1.6146999597549438,1.625,47929,0.0,0.0
2024-06-24 14:30:00-04:00,1.625,1.6299999952316284,1.6200000047683716,1.625,34475,0.0,0.0
2024-06-24 14:35:00-04:00,1.625,1.6297999620437622,1.6200000047683716,1.625,13797,0.0,0.0
2024-06-24 14:40:00-04:00,1.625,1.625,1.6200000047683716,1.625,15898,0.0,0.0
2024-06-24 14:45:00-04:00,1.625,1.6299999952316284,1.6200000047683716,1.625,18305,0.0,0.0
2024-06-24 14:50:00-04:00,1.6200000047683716,1.6299999952316284,1.6200000047683716,1.625,17732,0.0,0.0
2024-06-24 14:55:00-04:00,1.6299999952316284,1.6299999952316284,1.6200000047683716,1.625,9440,0.0,0.0
2024-06-24 15:00:00-04:00,1.625,1.6299999952316284,1.6200000047683716,1.625,14244,0.0,0.0
2024-06-24 15:05:00-04:00,1.6200000047683716,1.6299999952316284,1.6200000047683716,1.625,11250,0.0,0.0
2024-06-24 15:10:00-04:00,1.625,1.6299999952316284,1.6200000047683716,1.625,9509,0.0,0.0
2024-06-24 15:15:00-04:00,1.625,1.649999976158142,1.625,1.6449999809265137,30401,0.0,0.0
2024-06-24 15:20:00-04:00,1.6449999809265137,1.649999976158142,1.6440000534057617,1.649999976158142,8215,0.0,0.0
2024-06-24 15:25:00-04:00,1.6399999856948853,1.649999976158142,1.6399999856948853,1.6449999809265137,14618,0.0,0.0
2024-06-24 15:30:00-04:00,1.6449999809265137,1.649999976158142,1.6449999809265137,1.6449999809265137,7126,0.0,0.0
2024-06-24 15:35:00-04:00,1.6449999809265137,1.649999976158142,1.6399999856948853,1.6449999809265137,14910,0.0,0.0
2024-06-24 15:40:00-04:00,1.6399999856948853,1.649999976158142,1.6399999856948853,1.6449999809265137,7889,0.0,0.0
2024-06-24 15:45:00-04:00,1.6482000350952148,1.649999976158142,1.6200000047683716,1.6299999952316284,67827,0.0,0.0
2024-06-24 15:50:00-04:00,1.625,1.6299999952316284,1.6200000047683716,1.625,45678,0.0,0.0
2024-06-24 15:55:00-04:00,1.625,1.6299999952316284,1.6200000047683716,1.6299999952316284,139812,0.0,0.0
2024-06-25 09:30:00-04:00,1.600000023841858,1.625,1.600000023841858,1.6176999807357788,48489,0.0,0.0
2024-06-25 09:35:00-04:00,1.6150000095367432,1.6299999952316284,1.6150000095367432,1.6200000047683716,6778,0.0,0.0
2024-06-25 09:40:00-04:00,1.6200000047683716,1.6200000047683716,1.6100000143051147,1.6100000143051147,7536,0.0,0.0
2024-06-25 09:45:00-04:00,1.6100000143051147,1.6100000143051147,1.6050000190734863,1.6050000190734863,7370,0.0,0.0
2024-06-25 09:50:00-04:00,1.6050000190734863,1.6050000190734863,1.600000023841858,1.6050000190734863,2730,0.0,0.0
2024-06-25 09:55:00-04:00,1.6050000190734863,1.6100000143051147,1.6050000190734863,1.6050000190734863,2144,0.0,0.0
2024-06-25 10:00:00-04:00,1.6050000190734863,1.6100000143051147,1.6050000190734863,1.6050000190734863,2641,0.0,0.0
2024-06-25 10:05:00-04:00,1.6050000190734863,1.6100000143051147,1.6024999618530273,1.6050000190734863,7710,0.0,0.0
2024-06-25 10:10:00-04:00,1.6050000190734863,1.6299999952316284,1.6050000190734863,1.6299999952316284,21737,0.0,0.0
2024-06-25 10:15:00-04:00,1.627500057220459,1.6299999952316284,1.6200000047683716,1.625,14569,0.0,0.0
2024-06-25 10:20:00-04:00,1.625,1.627500057220459,1.6050000190734863,1.6050000190734863,19703,0.0,0.0
2024-06-25 10:25:00-04:00,1.600000023841858,1.6100000143051147,1.600000023841858,1.600000023841858,17279,0.0,0.0
2024-06-25 10:30:00-04:00,1.6050000190734863,1.6100000143051147,1.600000023841858,1.6050000190734863,301282,0.0,0.0
2024-06-25 10:35:00-04:00,1.6050000190734863,1.6100000143051147,1.600000023841858,1.6050000190734863,12901,0.0,0.0
2024-06-25 10:40:00-04:00,1.6050000190734863,1.6200000047683716,1.600000023841858,1.6150000095367432,34457,0.0,0.0
2024-06-25 10:45:00-04:00,1.6150000095367432,1.6200000047683716,1.600000023841858,1.6050000190734863,216133,0.0,0.0
2024-06-25 10:50:00-04:00,1.6100000143051147,1.6100000143051147,1.600000023841858,1.600000023841858,8476,0.0,0.0
2024-06-25 10:55:00-04:00,1.6050000190734863,1.6050000190734863,1.600000023841858,1.600000023841858,2210,0.0,0.0
2024-06-25 11:00:00-04:00,1.600000023841858,1.6050000190734863,1.5950000286102295,1.600000023841858,250419,0.0,0.0
2024-06-25 11:05:00-04:00,1.6050000190734863,1.625,1.6050000190734863,1.625,68004,0.0,0.0
2024-06-25 11:10:00-04:00,1.6299999952316284,1.6299999952316284,1.625,1.625,7880,0.0,0.0
2024-06-25 11:15:00-04:00,1.625,1.625,1.625,1.625,3527,0.0,0.0
2024-06-25 11:20:00-04:00,1.625,1.625,1.6200000047683716,1.6200000047683716,5469,0.0,0.0
2024-06-25 11:25:00-04:00,1.625,1.6349999904632568,1.625,1.6349999904632568,21559,0.0,0.0
2024-06-25 11:30:00-04:00,1.6349999904632568,1.6449999809265137,1.6349999904632568,1.6449999809265137,16705,0.0,0.0
2024-06-25 11:35:00-04:00,1.6449999809265137,1.6449999809265137,1.6399999856948853,1.6399999856948853,10605,0.0,0.0
2024-06-25 11:40:00-04:00,1.6349999904632568,1.649999976158142,1.6325000524520874,1.6449999809265137,14879,0.0,0.0
2024-06-25 11:45:00-04:00,1.6449999809265137,1.6449999809265137,1.641800045967102,1.641800045967102,2686,0.0,0.0
2024-06-25 11:50:00-04:00,1.6449999809265137,1.6449999809265137,1.6449999809265137,1.6449999809265137,7256,0.0,0.0
2024-06-25 11:55:00-04:00,1.6399999856948853,1.6449999809265137,1.6299999952316284,1.6299999952316284,10326,0.0,0.0
2024-06-25 12:00:00-04:00,1.6349999904632568,1.6349999904632568,1.6299999952316284,1.6299999952316284,4736,0.0,0.0
2024-06-25 12:05:00-04:00,1.6299999952316284,1.6349999904632568,1.6299999952316284,1.6299999952316284,7013,0.0,0.0
2024-06-25 12:10:00-04:00,1.6299999952316284,1.6399999856948853,1.6200000047683716,1.6200000047683716,31458,0.0,0.0
2024-06-25 12:15:00-04:00,1.625,1.6349999904632568,1.6200000047683716,1.6349999904632568,42698,0.0,0.0
2024-06-25 12:20:00-04:00,1.6349999904632568,1.6399999856948853,1.6349999904632568,1.6399999856948853,4364,0.0,0.0
2024-06-25 12:25:00-04:00,1.6349999904632568,1.6349999904632568,1.6349999904632568,1.6349999904632568,513,0.0,0.0
2024-06-25 12:30:00-04:00,1.6349999904632568,1.6349999904632568,1.6200000047683716,1.6200000047683716,21881,0.0,0.0
2024-06-25 12:35:00-04:00,1.6200000047683716,1.625,1.6100000143051147,1.6100000143051147,16435,0.0,0.0
2024-06-25 12:40:00-04:00,1.6150000095367432,1.6150000095367432,1.6100000143051147,1.6150000095367432,6405,0.0,0.0
2024-06-25 12:45:00-04:00,1.6150000095367432,1.6150000095367432,1.6100000143051147,1.6150000095367432,7896,0.0,0.0
2024-06-25 12:50:00-04:00,1.6150000095367432,1.6150000095367432,1.6100000143051147,1.6150000095367432,16371,0.0,0.0
2024-06-25 12:55:00-04:00,1.6100000143051147,1.6150000095367432,1.6100000143051147,1.6100000143051147,0,0.0,0.0
2024-06-25 13:00:00-04:00,1.6150000095367432,1.6150000095367432,1.6050000190734863,1.6100000143051147,15583,0.0,0.0
2024-06-25 13:05:00-04:00,1.6100000143051147,1.6200000047683716,1.6100000143051147,1.6150000095367432,13947,0.0,0.0
2024-06-25 13:10:00-04:00,1.6198999881744385,1.6198999881744385,1.6100000143051147,1.6150000095367432,3863,0.0,0.0
2024-06-25 13:15:00-04:00,1.6150000095367432,1.6150000095367432,1.6100000143051147,1.6150000095367432,4259,0.0,0.0
2024-06-25 13:20:00-04:00,1.6150000095367432,1.6150000095367432,1.6100000143051147,1.6100000143051147,1438,0.0,0.0
2024-06-25 13:25:00-04:00,1.6100000143051147,1.6150000095367432,1.6100000143051147,1.6150000095367432,7146,0.0,0.0
2024-06-25 13:30:00-04:00,1.6100000143051147,1.6200000047683716,1.6100000143051147,1.6100000143051147,9966,0.0,0.0
2024-06-25 13:35:00-04:00,1.6150000095367432,1.6200000047683716,1.6100000143051147,1.6150000095367432,9301,0.0,0.0
2024-06-25 13:40:00-04:00,1.6200000047683716,1.6200000047683716,1.6100000143051147,1.6150000095367432,8175,0.0,0.0
2024-06-25 13:45:00-04:00,1.6150000095367432,1.6200000047683716,1.6100000143051147,1.6200000047683716,8455,0.0,0.0
2024-06-25 13:50:00-04:00,1.6150000095367432,1.6200000047683716,1.6100000143051147,1.6150000095367432,6832,0.0,0.0
2024-06-25 13:55:00-04:00,1.6150000095367432,1.6200000047683716,1.6100000143051147,1.6150000095367432,5073,0.0,0.0
2024-06-25 14:00:00-04:00,1.6150000095367432,1.6150000095367432,1.6150000095367432,1.6150000095367432,5985,0.0,0.0
2024-06-25 14:05:00-04:00,1.6150000095367432,1.6150000095367432,1.6100000143051147,1.6150000095367432,8491,0.0,0.0
2024-06-25 14:10:00-04:00,1.6100000143051147,1.6150000095367432,1.6100000143051147,1.6150000095367432,5958,0.0,0.0
2024-06-25 14:15:00-04:00,1.6100000143051147,1.6150000095367432,1.6100000143051147,1.6100000143051147,4150,0.0,0.0
2024-06-25 14:20:00-04:00,1.6100000143051147,1.6200000047683716,1.6100000143051147,1.6150000095367432,8151,0.0,0.0
2024-06-25 14:25:00-04:00,1.6100000143051147,1.6150000095367432,1.6100000143051147,1.6100000143051147,5200,0.0,0.0
2024-06-25 14:30:00-04:00,1.6150000095367432,1.6200000047683716,1.6100000143051147,1.6100000143051147,24781,0.0,0.0
2024-06-25 14:35:00-04:00,1.6100000143051147,1.6200000047683716,1.6050000190734863,1.6150000095367432,44161,0.0,0.0
2024-06-25 14:40:00-04:00,1.6100000143051147,1.6150000095367432,1.600000023841858,1.6050000190734863,21911,0.0,0.0
2024-06-25 14:45:00-04:00,1.6050000190734863,1.6050000190734863,1.600000023841858,1.600000023841858,9500,0.0,0.0
2024-06-25 14:50:00-04:00,1.600000023841858,1.6100000143051147,1.600000023841858,1.600000023841858,12087,0.0,0.0
2024-06-25 14:55:00-04:00,1.600000023841858,1.6050000190734863,1.600000023841858,1.600000023841858,13862,0.0,0.0
2024-06-25 15:00:00-04:00,1.600000023841858,1.6050000190734863,1.600000023841858,1.600000023841858,10692,0.0,0.0
2024-06-25 15:05:00-04:00,1.6100000143051147,1.6200000047683716,1.6050000190734863,1.6200000047683716,98660,0.0,0.0
2024-06-25 15:10:00-04:00,1.6150000095367432,1.6200000047683716,1.6150000095367432,1.6150000095367432,12596,0.0,0.0
2024-06-25 15:15:00-04:00,1.6150000095367432,1.6200000047683716,1.6100000143051147,1.6150000095367432,9240,0.0,0.0
2024-06-25 15:20:00-04:00,1.6100000143051147,1.6200000047683716,1.6100000143051147,1.6150000095367432,10524,0.0,0.0
2024-06-25 15:25:00-04:00,1.6100000143051147,1.6200000047683716,1.6100000143051147,1.6100000143051147,19021,0.0,0.0
2024-06-25 15:30:00-04:00,1.6100000143051147,1.6200000047683716,1.6100000143051147,1.6100000143051147,29803,0.0,0.0
2024-06-25 15:35:00-04:00,1.6100000143051147,1.6100000143051147,1.600000023841858,1.6050000190734863,55974,0.0,0.0
2024-06-25 15:40:00-04:00,1.600000023841858,1.6100000143051147,1.590000033378601,1.6050000190734863,106264,0.0,0.0
2024-06-25 15:45:00-04:00,1.6050000190734863,1.6050000190734863,1.590000033378601,1.590000033378601,30846,0.0,0.0
2024-06-25 15:50:00-04:00,1.590000033378601,1.600000023841858,1.5800000429153442,1.590000033378601,58306,0.0,0.0
2024-06-25 15:55:00-04:00,1.5850000381469727,1.600000023841858,1.5800000429153442,1.590000033378601,203986,0.0,0.0
2024-06-26 09:30:00-04:00,1.5700000524520874,1.5794999599456787,1.5499999523162842,1.5700000524520874,22413,0.0,0.0
2024-06-26 09:35:00-04:00,1.5800000429153442,1.5800000429153442,1.565000057220459,1.565000057220459,4406,0.0,0.0
2024-06-26 09:40:00-04:00,1.565000057220459,1.5750000476837158,1.565000057220459,1.5750000476837158,26815,0.0,0.0
2024-06-26 09:45:00-04:00,1.5750000476837158,1.5750000476837158,1.5499999523162842,1.5499999523162842,8404,0.0,0.0
2024-06-26 09:50:00-04:00,1.5549999475479126,1.565000057220459,1.5549999475479126,1.565000057220459,24038,0.0,0.0
2024-06-26 09:55:00-04:00,1.565000057220459,1.5750000476837158,1.565000057220459,1.565000057220459,10693,0.0,0.0
2024-06-26 10:00:00-04:00,1.565000057220459,1.5700000524520874,1.559999942779541,1.559999942779541,3415,0.0,0.0
2024-06-26 10:05:00-04:00,1.565000057220459,1.5700000524520874,1.559999942779541,1.5667999982833862,1919,0.0,0.0
2024-06-26 10:10:00-04:00,1.565000057220459,1.5700000524520874,1.5549999475479126,1.5549999475479126,28491,0.0,0.0
2024-06-26 10:15:00-04:00,1.5549999475479126,1.559999942779541,1.5399999618530273,1.5475000143051147,22256,0.0,0.0
2024-06-26 10:20:00-04:00,1.5499999523162842,1.559999942779541,1.5449999570846558,1.559999942779541,24837,0.0,0.0
2024-06-26 10:25:00-04:00,1.559999942779541,1.5800000429153442,1.559999942779541,1.5750000476837158,32556,0.0,0.0
2024-06-26 10:30:00-04:00,1.576300024986267,1.5800000429153442,1.5700000524520874,1.5800000429153442,7880,0.0,0.0
2024-06-26 10:35:00-04:00,1.5800000429153442,1.5800000429153442,1.565000057220459,1.5800000429153442,19766,0.0,0.0
2024-06-26 10:40:00-04:00,1.5700000524520874,1.5800000429153442,1.5700000524520874,1.5750000476837158,5078,0.0,0.0
2024-06-26 10:45:00-04:00,1.5750000476837158,1.600000023841858,1.5700000524520874,1.590000033378601,26867,0.0,0.0
2024-06-26 10:50:00-04:00,1.590000033378601,1.590000033378601,1.5850000381469727,1.590000033378601,7318,0.0,0.0
2024-06-26 10:55:00-04:00,1.5800000429153442,1.590000033378601,1.5700000524520874,1.5700000524520874,7008,0.0,0.0
2024-06-26 11:00:00-04:00,1.5700000524520874,1.590000033378601,1.5700000524520874,1.590000033378601,9236,0.0,0.0
2024-06-26 11:05:00-04:00,1.590000033378601,1.590000033378601,1.5800000429153442,1.587499976158142,2417,0.0,0.0
2024-06-26 11:10:00-04:00,1.5800000429153442,1.587499976158142,1.5700000524520874,1.5700000524520874,15175,0.0,0.0
2024-06-26 11:15:00-04:00,1.5800000429153442,1.5800000429153442,1.5700000524520874,1.5700000524520874,4145,0.0,0.0
2024-06-26 11:20:00-04:00,1.5700000524520874,1.5850000381469727,1.5700000524520874,1.5800000429153442,16679,0.0,0.0
2024-06-26 11:25:00-04:00,1.5800000429153442,1.5800000429153442,1.5700000524520874,1.5750000476837158,8764,0.0,0.0
2024-06-26 11:30:00-04:00,1.5700000524520874,1.5800000429153442,1.5700000524520874,1.5750000476837158,8204,0.0,0.0
2024-06-26 11:35:00-04:00,1.5750000476837158,1.590000033378601,1.5700000524520874,1.590000033378601,17500,0.0,0.0
2024-06-26 11:40:00-04:00,1.590000033378601,1.590000033378601,1.5850000381469727,1.5850000381469727,9934,0.0,0.0
2024-06-26 11:45:00-04:00,1.5850000381469727,1.590000033378601,1.5800000429153442,1.590000033378601,7311,0.0,0.0
2024-06-26 11:50:00-04:00,1.590000033378601,1.600000023841858,1.5800000429153442,1.600000023841858,27836,0.0,0.0
2024-06-26 11:55:00-04:00,1.5950000286102295,1.600000023841858,1.590000033378601,1.5950000286102295,6474,0.0,0.0
2024-06-26 12:00:00-04:00,1.5950000286102295,1.600000023841858,1.590000033378601,1.5950000286102295,6678,0.0,0.0
2024-06-26 12:05:00-04:00,1.590000033378601,1.600000023841858,1.5800000429153442,1.5950000286102295,26326,0.0,0.0
2024-06-26 12:10:00-04:00,1.590000033378601,1.590000033378601,1.5850000381469727,1.5850000381469727,6326,0.0,0.0
2024-06-26 12:15:00-04:00,1.5850000381469727,1.5850000381469727,1.5800000429153442,1.5800000429153442,7281,0.0,0.0
2024-06-26 12:20:00-04:00,1.5801000595092773,1.5850000381469727,1.5750000476837158,1.5800000429153442,25074,0.0,0.0
2024-06-26 12:25:00-04:00,1.5800000429153442,1.5800000429153442,1.5700000524520874,1.5750000476837158,21310,0.0,0.0
2024-06-26 12:30:00-04:00,1.5800000429153442,1.5800000429153442,1.5700000524520874,1.5800000429153442,28255,0.0,0.0
2024-06-26 12:35:00-04:00,1.5750000476837158,1.590000033378601,1.5700000524520874,1.590000033378601,31671,0.0,0.0
2024-06-26 12:40:00-04:00,1.5850000381469727,1.600000023841858,1.5850000381469727,1.5950000286102295,69737,0.0,0.0
2024-06-26 12:45:00-04:00,1.5950000286102295,1.6100000143051147,1.5950000286102295,1.6050000190734863,39517,0.0,0.0
2024-06-26 12:50:00-04:00,1.6050000190734863,1.6074999570846558,1.600000023841858,1.6050000190734863,11721,0.0,0.0
2024-06-26 12:55:00-04:00,1.6074999570846558,1.6100000143051147,1.600000023841858,1.6050000190734863,8904,0.0,0.0
2024-06-26 13:00:00-04:00,1.6050000190734863,1.6100000143051147,1.600000023841858,1.6050000190734863,4159,0.0,0.0
2024-06-26 13:05:00-04:00,1.6100000143051147,1.6100000143051147,1.600000023841858,1.6100000143051147,8021,0.0,0.0
2024-06-26 13:10:00-04:00,1.6050000190734863,1.6100000143051147,1.600000023841858,1.6100000143051147,8202,0.0,0.0
2024-06-26 13:15:00-04:00,1.6050000190734863,1.6100000143051147,1.600000023841858,1.600000023841858,10065,0.0,0.0
2024-06-26 13:20:00-04:00,1.6050000190734863,1.6100000143051147,1.600000023841858,1.6050000190734863,12427,0.0,0.0
2024-06-26 13:25:00-04:00,1.6050000190734863,1.6100000143051147,1.600000023841858,1.6050000190734863,7114,0.0,0.0
2024-06-26 13:30:00-04:00,1.600000023841858,1.6200000047683716,1.600000023841858,1.6050000190734863,29696,0.0,0.0
2024-06-26 13:35:00-04:00,1.6100000143051147,1.6100000143051147,1.6050000190734863,1.6050000190734863,18400,0.0,0.0
2024-06-26 13:40:00-04:00,1.6100000143051147,1.6100000143051147,1.6050000190734863,1.6050000190734863,9352,0.0,0.0
2024-06-26 13:45:00-04:00,1.6050000190734863,1.6200000047683716,1.600000023841858,1.6150000095367432,60358,0.0,0.0
2024-06-26 13:50:00-04:00,1.6150000095367432,1.6150000095367432,1.600600004196167,1.6050000190734863,10869,0.0,0.0
2024-06-26 13:55:00-04:00,1.6050000190734863,1.6200000047683716,1.600000023841858,1.6150000095367432,53757,0.0,0.0
2024-06-26 14:00:00-04:00,1.6150000095367432,1.6200000047683716,1.6100000143051147,1.6100000143051147,17597,0.0,0.0
2024-06-26 14:05:00-04:00,1.6100000143051147,1.6150000095367432,1.600000023841858,1.600000023841858,13741,0.0,0.0
2024-06-26 14:10:00-04:00,1.6050000190734863,1.6100000143051147,1.600000023841858,1.6050000190734863,7707,0.0,0.0
2024-06-26 14:15:00-04:00,1.6050000190734863,1.6100000143051147,1.5950000286102295,1.6050000190734863,33872,0.0,0.0
2024-06-26 14:20:00-04:00,1.600000023841858,1.6100000143051147,1.600000023841858,1.6050000190734863,15347,0.0,0.0
2024-06-26 14:25:00-04:00,1.6050000190734863,1.6100000143051147,1.6050000190734863,1.6050000190734863,18197,0.0,0.0
2024-06-26 14:30:00-04:00,1.6050000190734863,1.6100000143051147,1.600000023841858,1.6050000190734863,9056,0.0,0.0
2024-06-26 14:35:00-04:00,1.6050000190734863,1.6100000143051147,1.600000023841858,1.604599952697754,18794,0.0,0.0
2024-06-26 14:40:00-04:00,1.6050000190734863,1.6100000143051147,1.600000023841858,1.600000023841858,12036,0.0,0.0
2024-06-26 14:45:00-04:00,1.6050000190734863,1.6050000190734863,1.600000023841858,1.600000023841858,7485,0.0,0.0
2024-06-26 14:50:00-04:00,1.6050000190734863,1.6100000143051147,1.600000023841858,1.6050000190734863,12874,0.0,0.0
2024-06-26 14:55:00-04:00,1.6050000190734863,1.6100000143051147,1.600000023841858,1.6050000190734863,26606,0.0,0.0
2024-06-26 15:00:00-04:00,1.6050000190734863,1.6100000143051147,1.600000023841858,1.600000023841858,40110,0.0,0.0
2024-06-26 15:05:00-04:00,1.6100000143051147,1.6100000143051147,1.600000023841858,1.6050000190734863,11732,0.0,0.0
2024-06-26 15:10:00-04:00,1.6050000190734863,1.6100000143051147,1.5950000286102295,1.5950000286102295,34933,0.0,0.0
2024-06-26 15:15:00-04:00,1.5950000286102295,1.6100000143051147,1.590000033378601,1.6100000143051147,33965,0.0,0.0
2024-06-26 15:20:00-04:00,1.6100000143051147,1.6100000143051147,1.5800000429153442,1.5850000381469727,132334,0.0,0.0
2024-06-26 15:25:00-04:00,1.590000033378601,1.600000023841858,1.5850000381469727,1.600000023841858,67388,0.0,0.0
2024-06-26 15:30:00-04:00,1.5937000513076782,1.600000023841858,1.5937000513076782,1.600000023841858,15886,0.0,0.0
2024-06-26 15:35:00-04:00,1.600000023841858,1.600000023841858,1.5950000286102295,1.600000023841858,25565,0.0,0.0
2024-06-26 15:40:00-04:00,1.600000023841858,1.600000023841858,1.5800000429153442,1.5850000381469727,52481,0.0,0.0
2024-06-26 15:45:00-04:00,1.5850000381469727,1.5850000381469727,1.5800000429153442,1.5850000381469727,35408,0.0,0.0
2024-06-26 15:50:00-04:00,1.5800000429153442,1.600000023841858,1.5800000429153442,1.600000023841858,176443,0.0,0.0
2024-06-26 15:55:00-04:00,1.5950000286102295,1.600000023841858,1.590000033378601,1.600000023841858,174021,0.0,0.0
2024-06-27 09:30:00-04:00,1.590000033378601,1.5950000286102295,1.5700000524520874,1.5700000524520874,6347,0.0,0.0
2024-06-27 09:35:00-04:00,1.5779999494552612,1.590000033378601,1.5750000476837158,1.5750000476837158,10657,0.0,0.0
2024-06-27 09:40:00-04:00,1.5799000263214111,1.5850000381469727,1.5799000263214111,1.5850000381469727,5277,0.0,0.0
2024-06-27 09:45:00-04:00,1.590000033378601,1.600000023841858,1.589900016784668,1.600000023841858,3270,0.0,0.0
2024-06-27 09:50:00-04:00,1.5950000286102295,1.6100000143051147,1.590000033378601,1.6050000190734863,11872,0.0,0.0
2024-06-27 09:55:00-04:00,1.6100000143051147,1.6100000143051147,1.600000023841858,1.600000023841858,3350,0.0,0.0
2024-06-27 10:00:00-04:00,1.6050000190734863,1.6100000143051147,1.6050000190734863,1.6050000190734863,1949,0.0,0.0
2024-06-27 10:05:00-04:00,1.6088000535964966,1.6100000143051147,1.600000023841858,1.6100000143051147,3916,0.0,0.0
2024-06-27 10:10:00-04:00,1.6050000190734863,1.6050000190734863,1.6050000190734863,1.6050000190734863,1898,0.0,0.0
2024-06-27 10:15:00-04:00,1.6050000190734863,1.6050000190734863,1.600100040435791,1.6050000190734863,2834,0.0,0.0
2024-06-27 10:20:00-04:00,1.6050000190734863,1.6050000190734863,1.590000033378601,1.600100040435791,13549,0.0,0.0
2024-06-27 10:25:00-04:00,1.6014000177383423,1.6100000143051147,1.6014000177383423,1.6050000190734863,4554,0.0,0.0
2024-06-27 10:30:00-04:00,1.6050000190734863,1.6150000095367432,1.6039999723434448,1.6150000095367432,5442,0.0,0.0
2024-06-27 10:35:00-04:00,1.6150000095367432,1.6150000095367432,1.6150000095367432,1.6150000095367432,7873,0.0,0.0
2024-06-27 10:40:00-04:00,1.6150000095367432,1.6200000047683716,1.6150000095367432,1.6150000095367432,2309,0.0,0.0
2024-06-27 10:45:00-04:00,1.6150000095367432,1.6150000095367432,1.6150000095367432,1.6150000095367432,2004,0.0,0.0
2024-06-27 10:50:00-04:00,1.6150000095367432,1.6150000095367432,1.6150000095367432,1.6150000095367432,2837,0.0,0.0
2024-06-27 10:55:00-04:00,1.6150000095367432,1.6150000095367432,1.6150000095367432,1.6150000095367432,2465,0.0,0.0
2024-06-27 11:00:00-04:00,1.6100000143051147,1.6200000047683716,1.6100000143051147,1.6200000047683716,6775,0.0,0.0
2024-06-27 11:05:00-04:00,1.6150000095367432,1.6150000095367432,1.6100000143051147,1.6100000143051147,9432,0.0,0.0
2024-06-27 11:10:00-04:00,1.6050000190734863,1.6050000190734863,1.5950000286102295,1.600000023841858,22358,0.0,0.0
2024-06-27 11:15:00-04:00,1.5950000286102295,1.600000023841858,1.5950000286102295,1.5950000286102295,3634,0.0,0.0
2024-06-27 11:20:00-04:00,1.5950000286102295,1.5950000286102295,1.590000033378601,1.590000033378601,6509,0.0,0.0
2024-06-27 11:25:00-04:00,1.5800000429153442,1.5850000381469727,1.5800000429153442,1.5800000429153442,4399,0.0,0.0
2024-06-27 11:30:00-04:00,1.5700000524520874,1.5700000524520874,1.559999942779541,1.559999942779541,31733,0.0,0.0
2024-06-27 11:35:00-04:00,1.565000057220459,1.5700000524520874,1.559999942779541,1.5700000524520874,8048,0.0,0.0
2024-06-27 11:40:00-04:00,1.559999942779541,1.5800000429153442,1.559999942779541,1.5750000476837158,20890,0.0,0.0
2024-06-27 11:45:00-04:00,1.5750000476837158,1.5750000476837158,1.565000057220459,1.5700000524520874,32766,0.0,0.0
2024-06-27 11:50:00-04:00,1.5700000524520874,1.5799000263214111,1.5700000524520874,1.5700000524520874,6649,0.0,0.0
2024-06-27 11:55:00-04:00,1.5750000476837158,1.5774999856948853,1.5700000524520874,1.5700000524520874,3915,0.0,0.0
2024-06-27 12:00:00-04:00,1.5750000476837158,1.5750000476837158,1.5700000524520874,1.5700000524520874,2998,0.0,0.0
2024-06-27 12:05:00-04:00,1.5700000524520874,1.5850000381469727,1.559999942779541,1.5850000381469727,74568,0.0,0.0
2024-06-27 12:10:00-04:00,1.5800000429153442,1.590000033378601,1.5800000429153442,1.5850000381469727,11322,0.0,0.0
2024-06-27 12:15:00-04:00,1.5850000381469727,1.5950000286102295,1.5800000429153442,1.5950000286102295,14278,0.0,0.0
2024-06-27 12:20:00-04:00,1.5950000286102295,1.600000023841858,1.590000033378601,1.590000033378601,5697,0.0,0.0
2024-06-27 12:25:00-04:00,1.5950000286102295,1.600000023841858,1.590000033378601,1.5950000286102295,6605,0.0,0.0
2024-06-27 12:30:00-04:00,1.5950000286102295,1.5980000495910645,1.590000033378601,1.5950000286102295,18314,0.0,0.0
2024-06-27 12:35:00-04:00,1.5901000499725342,1.5950000286102295,1.5800000429153442,1.5800000429153442,13642,0.0,0.0
2024-06-27 12:40:00-04:00,1.5850000381469727,1.5850000381469727,1.5800000429153442,1.5850000381469727,3777,0.0,0.0
2024-06-27 12:45:00-04:00,1.5800000429153442,1.5856000185012817,1.5800000429153442,1.5800000429153442,17930,0.0,0.0
2024-06-27 12:50:00-04:00,1.5800000429153442,1.5846999883651733,1.5700000524520874,1.5750000476837158,13461,0.0,0.0
2024-06-27 12:55:00-04:00,1.5700000524520874,1.5750000476837158,1.5700000524520874,1.5700000524520874,8142,0.0,0.0
2024-06-27 13:00:00-04:00,1.5700000524520874,1.5800000429153442,1.5700000524520874,1.5700000524520874,8555,0.0,0.0
2024-06-27 13:05:00-04:00,1.5700000524520874,1.5750000476837158,1.5700000524520874,1.5700000524520874,12954,0.0,0.0
2024-06-27 13:10:00-04:00,1.5700000524520874,1.5774999856948853,1.559999942779541,1.565000057220459,43240,0.0,0.0
2024-06-27 13:15:00-04:00,1.565000057220459,1.565000057220459,1.559999942779541,1.565000057220459,12208,0.0,0.0
2024-06-27 13:20:00-04:00,1.565000057220459,1.565000057220459,1.565000057220459,1.565000057220459,6665,0.0,0.0
2024-06-27 13:25:00-04:00,1.565000057220459,1.5750000476837158,1.565000057220459,1.5750000476837158,33325,0.0,0.0
2024-06-27 13:30:00-04:00,1.5700000524520874,1.5750000476837158,1.5700000524520874,1.5750000476837158,5150,0.0,0.0
2024-06-27 13:35:00-04:00,1.5700000524520874,1.5750000476837158,1.5700000524520874,1.5750000476837158,14547,0.0,0.0
2024-06-27 13:40:00-04:00,1.5750000476837158,1.5750000476837158,1.565000057220459,1.5700000524520874,33622,0.0,0.0
2024-06-27 13:45:00-04:00,1.565000057220459,1.590000033378601,1.559999942779541,1.590000033378601,34931,0.0,0.0
2024-06-27 13:50:00-04:00,1.590000033378601,1.590000033378601,1.5850000381469727,1.590000033378601,6185,0.0,0.0
2024-06-27 13:55:00-04:00,1.589900016784668,1.590000033378601,1.5750000476837158,1.5850000381469727,30806,0.0,0.0
2024-06-27 14:00:00-04:00,1.5850000381469727,1.590000033378601,1.5800000429153442,1.5850000381469727,8830,0.0,0.0
2024-06-27 14:05:00-04:00,1.5850000381469727,1.5850000381469727,1.5800000429153442,1.5850000381469727,10103,0.0,0.0
2024-06-27 14:10:00-04:00,1.5800000429153442,1.5800000429153442,1.5750000476837158,1.5750000476837158,14546,0.0,0.0
2024-06-27 14:15:00-04:00,1.5720000267028809,1.5750000476837158,1.5700000524520874,1.5750000476837158,7403,0.0,0.0
2024-06-27 14:20:00-04:00,1.5700000524520874,1.5750000476837158,1.5700000524520874,1.5700000524520874,6165,0.0,0.0
2024-06-27 14:25:00-04:00,1.5750000476837158,1.5800000429153442,1.5700000524520874,1.5750000476837158,9233,0.0,0.0
2024-06-27 14:30:00-04:00,1.5750000476837158,1.5751999616622925,1.5700000524520874,1.5700000524520874,7319,0.0,0.0
2024-06-27 14:35:00-04:00,1.5750000476837158,1.5800000429153442,1.5700000524520874,1.5750000476837158,9781,0.0,0.0
2024-06-27 14:40:00-04:00,1.5750000476837158,1.5800000429153442,1.5700000524520874,1.5750000476837158,28667,0.0,0.0
2024-06-27 14:45:00-04:00,1.5750000476837158,1.5750000476837158,1.5750000476837158,1.5750000476837158,12616,0.0,0.0
2024-06-27 14:50:00-04:00,1.5750000476837158,1.5800000429153442,1.5750000476837158,1.5750000476837158,10530,0.0,0.0
2024-06-27 14:55:00-04:00,1.5750000476837158,1.5800000429153442,1.5700000524520874,1.5750000476837158,39173,0.0,0.0
2024-06-27 15:00:00-04:00,1.5750000476837158,1.5800000429153442,1.5700000524520874,1.5750000476837158,17318,0.0,0.0
2024-06-27 15:05:00-04:00,1.5750000476837158,1.5800000429153442,1.5700000524520874,1.5700000524520874,6989,0.0,0.0
2024-06-27 15:10:00-04:00,1.5750000476837158,1.5800000429153442,1.5700000524520874,1.5750000476837158,6797,0.0,0.0
2024-06-27 15:15:00-04:00,1.5700000524520874,1.5750000476837158,1.5700000524520874,1.5750000476837158,30566,0.0,0.0
2024-06-27 15:20:00-04:00,1.5750000476837158,1.5800000429153442,1.5700000524520874,1.5700000524520874,9922,0.0,0.0
2024-06-27 15:25:00-04:00,1.5750000476837158,1.5800000429153442,1.5700000524520874,1.5750000476837158,15615,0.0,0.0
2024-06-27 15:30:00-04:00,1.5750000476837158,1.590000033378601,1.5700000524520874,1.5850000381469727,26306,0.0,0.0
2024-06-27 15:35:00-04:00,1.5850000381469727,1.590000033378601,1.5800000429153442,1.5800000429153442,31621,0.0,0.0
2024-06-27 15:40:00-04:00,1.5850000381469727,1.5850000381469727,1.5700000524520874,1.5750000476837158,24740,0.0,0.0
2024-06-27 15:45:00-04:00,1.5717999935150146,1.5800000429153442,1.5700000524520874,1.5750000476837158,31923,0.0,0.0
2024-06-27 15:50:00-04:00,1.5750000476837158,1.5800000429153442,1.5700000524520874,1.5750000476837158,107476,0.0,0.0
2024-06-27 15:55:00-04:00,1.5750000476837158,1.5800000429153442,1.5700000524520874,1.5700000524520874,163370,0.0,0.0
2024-06-28 09:30:00-04:00,1.5700000524520874,1.5700000524520874,1.5700000524520874,1.5700000524520874,31446,0.0,0.0
2024-06-28 09:35:00-04:00,1.5850000381469727,1.5850000381469727,1.569000005722046,1.5700000524520874,6801,0.0,0.0
2024-06-28 09:40:00-04:00,1.565000057220459,1.565000057220459,1.5549999475479126,1.559999942779541,14988,0.0,0.0
2024-06-28 09:45:00-04:00,1.559999942779541,1.5700000524520874,1.5575000047683716,1.565000057220459,119507,0.0,0.0
2024-06-28 09:50:00-04:00,1.565000057220459,1.565000057220459,1.5549999475479126,1.5549999475479126,14568,0.0,0.0
2024-06-28 09:55:00-04:00,1.5549999475479126,1.5599000453948975,1.5399999618530273,1.5399999618530273,19653,0.0,0.0
2024-06-28 10:00:00-04:00,1.5399999618530273,1.5700000524520874,1.5399999618530273,1.565000057220459,33210,0.0,0.0
2024-06-28 10:05:00-04:00,1.5700000524520874,1.5700000524520874,1.5618000030517578,1.5618000030517578,6448,0.0,0.0
2024-06-28 10:10:00-04:00,1.565000057220459,1.5700000524520874,1.5499999523162842,1.5499999523162842,377975,0.0,0.0
2024-06-28 10:15:00-04:00,1.5549999475479126,1.5750000476837158,1.5549999475479126,1.5750000476837158,34765,0.0,0.0
2024-06-28 10:20:00-04:00,1.5750000476837158,1.5800000429153442,1.5700000524520874,1.5700000524520874,14759,0.0,0.0
2024-06-28 10:25:00-04:00,1.5700000524520874,1.590000033378601,1.5700000524520874,1.5850000381469727,41779,0.0,0.0
2024-06-28 10:30:00-04:00,1.5850000381469727,1.590000033378601,1.5800000429153442,1.5850000381469727,6686,0.0,0.0
2024-06-28 10:35:00-04:00,1.5850000381469727,1.590000033378601,1.5800000429153442,1.590000033378601,4304,0.0,0.0
2024-06-28 10:40:00-04:00,1.5850000381469727,1.590000033378601,1.5800000429153442,1.5800000429153442,13719,0.0,0.0
2024-06-28 10:45:00-04:00,1.5850000381469727,1.6050000190734863,1.5800000429153442,1.6050000190734863,50547,0.0,0.0
2024-06-28 10:50:00-04:00,1.600000023841858,1.6100000143051147,1.600000023841858,1.6100000143051147,18077,0.0,0.0
2024-06-28 10:55:00-04:00,1.6050000190734863,1.6100000143051147,1.600600004196167,1.6050000190734863,28089,0.0,0.0
2024-06-28 11:00:00-04:00,1.6050000190734863,1.6100000143051147,1.6050000190734863,1.6100000143051147,21876,0.0,0.0
2024-06-28 11:05:00-04:00,1.6100000143051147,1.6100000143051147,1.5800000429153442,1.590000033378601,92239,0.0,0.0
2024-06-28 11:10:00-04:00,1.590000033378601,1.590000033378601,1.5839999914169312,1.5850000381469727,13918,0.0,0.0
2024-06-28 11:15:00-04:00,1.5850000381469727,1.590000033378601,1.5850000381469727,1.5850000381469727,8022,0.0,0.0
2024-06-28 11:20:00-04:00,1.5850000381469727,1.590000033378601,1.5850000381469727,1.5850000381469727,5648,0.0,0.0
2024-06-28 11:25:00-04:00,1.5800000429153442,1.590000033378601,1.5700000524520874,1.5750000476837158,36201,0.0,0.0
2024-06-28 11:30:00-04:00,1.5700000524520874,1.5750000476837158,1.5700000524520874,1.5700000524520874,2816,0.0,0.0
2024-06-28 11:35:00-04:00,1.5700000524520874,1.5750000476837158,1.5700000524520874,1.5750000476837158,4499,0.0,0.0
2024-06-28 11:40:00-04:00,1.5800000429153442,1.5800000429153442,1.5700000524520874,1.5700000524520874,3620,0.0,0.0
2024-06-28 11:45:00-04:00,1.5700000524520874,1.5800000429153442,1.559999942779541,1.565000057220459,22348,0.0,0.0
2024-06-28 11:50:00-04:00,1.565000057220459,1.565000057220459,1.559999942779541,1.565000057220459,3905,0.0,0.0
2024-06-28 11:55:00-04:00,1.559999942779541,1.565000057220459,1.559999942779541,1.559999942779541,6759,0.0,0.0
2024-06-28 12:00:00-04:00,1.559999942779541,1.5700000524520874,1.559999942779541,1.559999942779541,6737,0.0,0.0
2024-06-28 12:05:00-04:00,1.559999942779541,1.559999942779541,1.5499999523162842,1.5499999523162842,6325,0.0,0.0
2024-06-28 12:10:00-04:00,1.5499999523162842,1.559999942779541,1.5499999523162842,1.5549999475479126,30509,0.0,0.0
2024-06-28 12:15:00-04:00,1.559999942779541,1.559999942779541,1.5549999475479126,1.5549999475479126,7959,0.0,0.0
2024-06-28 12:20:00-04:00,1.5499999523162842,1.565000057220459,1.5499999523162842,1.559999942779541,21242,0.0,0.0
2024-06-28 12:25:00-04:00,1.565000057220459,1.5700000524520874,1.559999942779541,1.565000057220459,4043,0.0,0.0
2024-06-28 12:30:00-04:00,1.565000057220459,1.5700000524520874,1.559999942779541,1.565000057220459,22327,0.0,0.0
2024-06-28 12:35:00-04:00,1.565000057220459,1.5700000524520874,1.559999942779541,1.559999942779541,5026,0.0,0.0
2024-06-28 12:40:00-04:00,1.559999942779541,1.565000057220459,1.5549999475479126,1.559999942779541,34401,0.0,0.0
2024-06-28 12:45:00-04:00,1.565000057220459,1.5700000524520874,1.559999942779541,1.5700000524520874,15877,0.0,0.0
2024-06-28 12:50:00-04:00,1.565000057220459,1.5700000524520874,1.559999942779541,1.565000057220459,6679,0.0,0.0
2024-06-28 12:55:00-04:00,1.565000057220459,1.5700000524520874,1.559999942779541,1.565000057220459,7757,0.0,0.0
2024-06-28 13:00:00-04:00,1.565000057220459,1.565000057220459,1.559999942779541,1.565000057220459,6937,0.0,0.0
2024-06-28 13:05:00-04:00,1.5700000524520874,1.5700000524520874,1.565000057220459,1.565000057220459,7823,0.0,0.0
2024-06-28 13:10:00-04:00,1.565000057220459,1.565000057220459,1.565000057220459,1.565000057220459,6959,0.0,0.0
2024-06-28 13:15:00-04:00,1.565000057220459,1.565000057220459,1.565000057220459,1.565000057220459,6013,0.0,0.0
2024-06-28 13:20:00-04:00,1.565000057220459,1.565500020980835,1.559999942779541,1.565000057220459,6711,0.0,0.0
2024-06-28 13:25:00-04:00,1.565000057220459,1.5700000524520874,1.565000057220459,1.565000057220459,8217,0.0,0.0
2024-06-28 13:30:00-04:00,1.565000057220459,1.565000057220459,1.5499999523162842,1.5499999523162842,27879,0.0,0.0
2024-06-28 13:35:00-04:00,1.5499999523162842,1.559999942779541,1.5499999523162842,1.5549999475479126,7608,0.0,0.0
2024-06-28 13:40:00-04:00,1.5549999475479126,1.559999942779541,1.5449999570846558,1.559999942779541,26326,0.0,0.0
2024-06-28 13:45:00-04:00,1.5549999475479126,1.559999942779541,1.5499999523162842,1.5549999475479126,13781,0.0,0.0
2024-06-28 13:50:00-04:00,1.5499999523162842,1.559999942779541,1.5399999618530273,1.5449999570846558,8632,0.0,0.0
2024-06-28 13:55:00-04:00,1.5449999570846558,1.5499999523162842,1.5399999618530273,1.5449999570846558,7503,0.0,0.0
2024-06-28 14:00:00-04:00,1.5449999570846558,1.559999942779541,1.5399999618530273,1.5549999475479126,28572,0.0,0.0
2024-06-28 14:05:00-04:00,1.5549999475479126,1.5549999475479126,1.5499999523162842,1.5499999523162842,12321,0.0,0.0
2024-06-28 14:10:00-04:00,1.5499999523162842,1.5549999475479126,1.5499999523162842,1.5499999523162842,6707,0.0,0.0
2024-06-28 14:15:00-04:00,1.5549999475479126,1.5599000453948975,1.5499999523162842,1.5549999475479126,13880,0.0,0.0
2024-06-28 14:20:00-04:00,1.5499999523162842,1.5549999475479126,1.5449999570846558,1.5499999523162842,40015,0.0,0.0
2024-06-28 14:25:00-04:00,1.5499999523162842,1.5549999475479126,1.5499999523162842,1.5499999523162842,5666,0.0,0.0
2024-06-28 14:30:00-04:00,1.5499999523162842,1.5549999475479126,1.5499999523162842,1.5499999523162842,7063,0.0,0.0
2024-06-28 14:35:00-04:00,1.5499999523162842,1.5549999475479126,1.5449999570846558,1.5499999523162842,42783,0.0,0.0
2024-06-28 14:40:00-04:00,1.5499999523162842,1.5599000453948975,1.5449999570846558,1.5499999523162842,32553,0.0,0.0
2024-06-28 14:45:00-04:00,1.5549999475479126,1.559999942779541,1.5499999523162842,1.5499999523162842,11818,0.0,0.0
2024-06-28 14:50:00-04:00,1.5549999475479126,1.559999942779541,1.5499999523162842,1.5549999475479126,12146,0.0,0.0
2024-06-28 14:55:00-04:00,1.5549999475479126,1.559999942779541,1.5499999523162842,1.5540000200271606,8161,0.0,0.0
2024-06-28 15:00:00-04:00,1.5549999475479126,1.559999942779541,1.5499999523162842,1.5549999475479126,16380,0.0,0.0
2024-06-28 15:05:00-04:00,1.5499999523162842,1.559999942779541,1.5499999523162842,1.5549999475479126,25350,0.0,0.0
2024-06-28 15:10:00-04:00,1.5549999475479126,1.5549999475479126,1.5399999618530273,1.5449999570846558,35464,0.0,0.0
2024-06-28 15:15:00-04:00,1.5399999618530273,1.5449999570846558,1.5299999713897705,1.534999966621399,35741,0.0,0.0
2024-06-28 15:20:00-04:00,1.534999966621399,1.5449999570846558,1.5299999713897705,1.5449999570846558,38926,0.0,0.0
2024-06-28 15:25:00-04:00,1.5449999570846558,1.549399971961975,1.5399999618530273,1.5399999618530273,7939,0.0,0.0
2024-06-28 15:30:00-04:00,1.5399999618530273,1.5449999570846558,1.5399999618530273,1.5449999570846558,13294,0.0,0.0
2024-06-28 15:35:00-04:00,1.5449999570846558,1.5499999523162842,1.5399999618530273,1.5449999570846558,17740,0.0,0.0
2024-06-28 15:40:00-04:00,1.5399999618530273,1.5499999523162842,1.5299999713897705,1.534999966621399,119188,0.0,0.0
2024-06-28 15:45:00-04:00,1.5299999713897705,1.534999966621399,1.5199999809265137,1.524999976158142,138442,0.0,0.0
2024-06-28 15:50:00-04:00,1.5299999713897705,1.5850000381469727,1.524999976158142,1.5800000429153442,518803,0.0,0.0
2024-06-28 15:55:00-04:00,1.5750000476837158,1.5750000476837158,1.5449999570846558,1.5549999475479126,347231,0.0,0.0
2024-07-01 09:30:00-04:00,1.5499999523162842,1.565000057220459,1.5449999570846558,1.5499999523162842,260729,0.0,0.0
2024-07-01 09:35:00-04:00,1.5499999523162842,1.5499999523162842,1.5399999618530273,1.5499999523162842,5245,0.0,0.0
2024-07-01 09:40:00-04:00,1.5549999475479126,1.559999942779541,1.5549999475479126,1.5549999475479126,3266,0.0,0.0
2024-07-01 09:45:00-04:00,1.5549999475479126,1.565000057220459,1.5549999475479126,1.5600999593734741,8251,0.0,0.0
2024-07-01 09:50:00-04:00,1.565000057220459,1.5800000429153442,1.5499999523162842,1.5540000200271606,46052,0.0,0.0
2024-07-01 09:55:00-04:00,1.5549999475479126,1.5800000429153442,1.5549999475479126,1.5750000476837158,31856,0.0,0.0
2024-07-01 10:00:00-04:00,1.5750000476837158,1.5750000476837158,1.565000057220459,1.565000057220459,12795,0.0,0.0
2024-07-01 10:05:00-04:00,1.559999942779541,1.565000057220459,1.559999942779541,1.559999942779541,5535,0.0,0.0
2024-07-01 10:10:00-04:00,1.559999942779541,1.565000057220459,1.5549999475479126,1.565000057220459,25705,0.0,0.0
2024-07-01 10:15:00-04:00,1.565000057220459,1.565000057220459,1.559999942779541,1.565000057220459,3856,0.0,0.0
2024-07-01 10:20:00-04:00,1.559999942779541,1.565000057220459,1.5499999523162842,1.5499999523162842,42530,0.0,0.0
2024-07-01 10:25:00-04:00,1.5549999475479126,1.5700000524520874,1.5499999523162842,1.565000057220459,32612,0.0,0.0
2024-07-01 10:30:00-04:00,1.559999942779541,1.5700000524520874,1.559999942779541,1.565000057220459,4492,0.0,0.0
2024-07-01 10:35:00-04:00,1.565000057220459,1.5700000524520874,1.565000057220459,1.5700000524520874,5286,0.0,0.0
2024-07-01 10:40:00-04:00,1.5700000524520874,1.5800000429153442,1.559999942779541,1.5700000524520874,12432,0.0,0.0
2024-07-01 10:45:00-04:00,1.5800000429153442,1.5800000429153442,1.559999942779541,1.559999942779541,41212,0.0,0.0
2024-07-01 10:50:00-04:00,1.559999942779541,1.5693999528884888,1.5499999523162842,1.5499999523162842,15137,0.0,0.0
2024-07-01 10:55:00-04:00,1.5499999523162842,1.5549999475479126,1.5499999523162842,1.5549999475479126,4991,0.0,0.0
2024-07-01 11:00:00-04:00,1.5549999475479126,1.559999942779541,1.5499999523162842,1.559999942779541,6686,0.0,0.0
2024-07-01 11:05:00-04:00,1.5499999523162842,1.559999942779541,1.5499999523162842,1.559999942779541,3403,0.0,0.0
2024-07-01 11:10:00-04:00,1.559999942779541,1.559999942779541,1.5499999523162842,1.5499999523162842,6905,0.0,0.0
2024-07-01 11:15:00-04:00,1.5549999475479126,1.559999942779541,1.5499999523162842,1.5549999475479126,6057,0.0,0.0
2024-07-01 11:20:00-04:00,1.5549999475479126,1.559999942779541,1.5499999523162842,1.5549999475479126,9706,0.0,0.0
2024-07-01 11:25:00-04:00,1.559999942779541,1.559999942779541,1.5499999523162842,1.559999942779541,3035,0.0,0.0
2024-07-01 11:30:00-04:00,1.559999942779541,1.559999942779541,1.5549999475479126,1.559999942779541,5553,0.0,0.0
2024-07-01 11:35:00-04:00,1.559999942779541,1.559999942779541,1.5499999523162842,1.559999942779541,5723,0.0,0.0
2024-07-01 11:40:00-04:00,1.559999942779541,1.559999942779541,1.5499999523162842,1.5549999475479126,8385,0.0,0.0
2024-07-01 11:45:00-04:00,1.5549999475479126,1.559999942779541,1.5499999523162842,1.5549999475479126,5433,0.0,0.0
2024-07-01 11:50:00-04:00,1.559999942779541,1.559999942779541,1.5499999523162842,1.5549999475479126,11614,0.0,0.0
2024-07-01 11:55:00-04:00,1.5549999475479126,1.559999942779541,1.5399999618530273,1.5399999618530273,47481,0.0,0.0
2024-07-01 12:00:00-04:00,1.5399999618530273,1.5449999570846558,1.5399999618530273,1.5449999570846558,18731,0.0,0.0
2024-07-01 12:05:00-04:00,1.5399999618530273,1.5499999523162842,1.5399999618530273,1.5399999618530273,9761,0.0,0.0
2024-07-01 12:10:00-04:00,1.5399999618530273,1.5449999570846558,1.5299999713897705,1.5299999713897705,19606,0.0,0.0
2024-07-01 12:15:00-04:00,1.534999966621399,1.534999966621399,1.5299999713897705,1.5299999713897705,10115,0.0,0.0
2024-07-01 12:20:00-04:00,1.5299999713897705,1.534999966621399,1.5299999713897705,1.5300999879837036,6880,0.0,0.0
2024-07-01 12:25:00-04:00,1.534999966621399,1.5377000570297241,1.5299999713897705,1.5299999713897705,15899,0.0,0.0
2024-07-01 12:30:00-04:00,1.534999966621399,1.534999966621399,1.5299999713897705,1.534999966621399,10684,0.0,0.0
2024-07-01 12:35:00-04:00,1.534999966621399,1.534999966621399,1.5299999713897705,1.534999966621399,5621,0.0,0.0
2024-07-01 12:40:00-04:00,1.534999966621399,1.5399999618530273,1.534999966621399,1.5399999618530273,3828,0.0,0.0
2024-07-01 12:45:00-04:00,1.5399999618530273,1.5399999618530273,1.5299999713897705,1.5299999713897705,4155,0.0,0.0
2024-07-01 12:50:00-04:00,1.534999966621399,1.5399999618530273,1.524999976158142,1.524999976158142,27622,0.0,0.0
2024-07-01 12:55:00-04:00,1.5199999809265137,1.524999976158142,1.5199999809265137,1.524999976158142,11333,0.0,0.0
2024-07-01 13:00:00-04:00,1.5199999809265137,1.5299999713897705,1.5199999809265137,1.5299999713897705,5601,0.0,0.0
2024-07-01 13:05:00-04:00,1.524999976158142,1.5299999713897705,1.5199999809265137,1.5199999809265137,7177,0.0,0.0
2024-07-01 13:10:00-04:00,1.5199999809265137,1.524999976158142,1.5199999809265137,1.524999976158142,4811,0.0,0.0
2024-07-01 13:15:00-04:00,1.527899980545044,1.527899980545044,1.5199999809265137,1.5199999809265137,18806,0.0,0.0
2024-07-01 13:20:00-04:00,1.5199999809265137,1.5299999713897705,1.5199999809265137,1.5199999809265137,21324,0.0,0.0
2024-07-01 13:25:00-04:00,1.5199999809265137,1.5299999713897705,1.5199999809265137,1.5199999809265137,6878,0.0,0.0
2024-07-01 13:30:00-04:00,1.5199999809265137,1.5299999713897705,1.5199999809265137,1.5299999713897705,11243,0.0,0.0
2024-07-01 13:35:00-04:00,1.5199999809265137,1.5299999713897705,1.5199999809265137,1.5199999809265137,20496,0.0,0.0
2024-07-01 13:40:00-04:00,1.524999976158142,1.5299999713897705,1.5199999809265137,1.5199999809265137,43526,0.0,0.0
2024-07-01 13:45:00-04:00,1.5199999809265137,1.524999976158142,1.5199999809265137,1.524999976158142,16373,0.0,0.0
2024-07-01 13:50:00-04:00,1.5199999809265137,1.524999976158142,1.5199999809265137,1.5199999809265137,11306,0.0,0.0
2024-07-01 13:55:00-04:00,1.524999976158142,1.5298999547958374,1.5199999809265137,1.5199999809265137,14410,0.0,0.0
2024-07-01 14:00:00-04:00,1.5199999809265137,1.524999976158142,1.5199999809265137,1.5199999809265137,16460,0.0,0.0
2024-07-01 14:05:00-04:00,1.5199999809265137,1.527500033378601,1.5199999809265137,1.524999976158142,19715,0.0,0.0
2024-07-01 14:10:00-04:00,1.524999976158142,1.5260000228881836,1.5199999809265137,1.5199999809265137,18785,0.0,0.0
2024-07-01 14:15:00-04:00,1.524999976158142,1.524999976158142,1.5199999809265137,1.524999976158142,17920,0.0,0.0
2024-07-01 14:20:00-04:00,1.5199999809265137,1.5253000259399414,1.5199999809265137,1.524999976158142,23886,0.0,0.0
2024-07-01 14:25:00-04:00,1.524999976158142,1.5299999713897705,1.5199999809265137,1.5199999809265137,23247,0.0,0.0
2024-07-01 14:30:00-04:00,1.5199999809265137,1.524999976158142,1.5199999809265137,1.524999976158142,13643,0.0,0.0
2024-07-01 14:35:00-04:00,1.524999976158142,1.524999976158142,1.5199999809265137,1.524999976158142,14723,0.0,0.0
2024-07-01 14:40:00-04:00,1.5199999809265137,1.5399999618530273,1.5199999809265137,1.534999966621399,106315,0.0,0.0
2024-07-01 14:45:00-04:00,1.534999966621399,1.534999966621399,1.534999966621399,1.534999966621399,22009,0.0,0.0
2024-07-01 14:50:00-04:00,1.5299999713897705,1.534999966621399,1.5299999713897705,1.534999966621399,25986,0.0,0.0
2024-07-01 14:55:00-04:00,1.5299999713897705,1.5399999618530273,1.5299999713897705,1.534999966621399,12959,0.0,0.0
2024-07-01 15:00:00-04:00,1.534999966621399,1.537500023841858,1.5299999713897705,1.5299999713897705,20175,0.0,0.0
2024-07-01 15:05:00-04:00,1.534999966621399,1.534999966621399,1.5299999713897705,1.534999966621399,17426,0.0,0.0
2024-07-01 15:10:00-04:00,1.5299999713897705,1.5399999618530273,1.5199999809265137,1.534999966621399,91385,0.0,0.0
2024-07-01 15:15:00-04:00,1.534999966621399,1.5399999618530273,1.5299999713897705,1.534999966621399,13909,0.0,0.0
2024-07-01 15:20:00-04:00,1.5299999713897705,1.5399999618530273,1.5299999713897705,1.534999966621399,28443,0.0,0.0
2024-07-01 15:25:00-04:00,1.5299999713897705,1.5399999618530273,1.5299999713897705,1.5299999713897705,16001,0.0,0.0
2024-07-01 15:30:00-04:00,1.534999966621399,1.5399999618530273,1.524999976158142,1.524999976158142,144370,0.0,0.0
2024-07-01 15:35:00-04:00,1.5299999713897705,1.5399999618530273,1.524999976158142,1.534999966621399,79362,0.0,0.0
2024-07-01 15:40:00-04:00,1.534999966621399,1.534999966621399,1.5299999713897705,1.5299999713897705,22225,0.0,0.0
2024-07-01 15:45:00-04:00,1.534999966621399,1.5399999618530273,1.5299999713897705,1.534999966621399,34632,0.0,0.0
2024-07-01 15:50:00-04:00,1.534999966621399,1.5399999618530273,1.5299999713897705,1.534999966621399,61001,0.0,0.0
2024-07-01 15:55:00-04:00,1.5399999618530273,1.5399999618530273,1.5299999713897705,1.5299999713897705,287400,0.0,0.0
2024-07-02 09:30:00-04:00,1.5499999523162842,1.559999942779541,1.5399999618530273,1.5399999618530273,34909,0.0,0.0
2024-07-02 09:35:00-04:00,1.5499999523162842,1.559999942779541,1.5449999570846558,1.559999942779541,3529,0.0,0.0
2024-07-02 09:40:00-04:00,1.559999942779541,1.565000057220459,1.5549999475479126,1.558899998664856,8906,0.0,0.0
2024-07-02 09:45:00-04:00,1.5549999475479126,1.559999942779541,1.5506000518798828,1.5549999475479126,4594,0.0,0.0
2024-07-02 09:50:00-04:00,1.5499999523162842,1.5499999523162842,1.5299999713897705,1.534999966621399,13182,0.0,0.0
2024-07-02 09:55:00-04:00,1.534999966621399,1.5549999475479126,1.534999966621399,1.5549999475479126,8920,0.0,0.0
2024-07-02 10:00:00-04:00,1.5549999475479126,1.5549999475479126,1.5399999618530273,1.541200041770935,6737,0.0,0.0
2024-07-02 10:05:00-04:00,1.5449999570846558,1.5449999570846558,1.5449999570846558,1.5449999570846558,2555,0.0,0.0
2024-07-02 10:10:00-04:00,1.5399999618530273,1.5499000549316406,1.5399999618530273,1.5449999570846558,8737,0.0,0.0
2024-07-02 10:15:00-04:00,1.5399999618530273,1.5399999618530273,1.5299999713897705,1.5299999713897705,7061,0.0,0.0
2024-07-02 10:20:00-04:00,1.534999966621399,1.5499999523162842,1.5299999713897705,1.5449999570846558,20823,0.0,0.0
2024-07-02 10:25:00-04:00,1.5449999570846558,1.5449999570846558,1.5299999713897705,1.534999966621399,11192,0.0,0.0
2024-07-02 10:30:00-04:00,1.534999966621399,1.5360000133514404,1.5299999713897705,1.534999966621399,3472,0.0,0.0
2024-07-02 10:35:00-04:00,1.5299999713897705,1.534999966621399,1.5199999809265137,1.5199999809265137,17626,0.0,0.0
2024-07-02 10:40:00-04:00,1.5199999809265137,1.524999976158142,1.5199999809265137,1.524999976158142,6856,0.0,0.0
2024-07-02 10:45:00-04:00,1.5299999713897705,1.5299999713897705,1.524999976158142,1.524999976158142,34382,0.0,0.0
2024-07-02 10:50:00-04:00,1.524999976158142,1.534999966621399,1.5199999809265137,1.534999966621399,18709,0.0,0.0
2024-07-02 10:55:00-04:00,1.5299999713897705,1.5499999523162842,1.5299999713897705,1.534999966621399,21878,0.0,0.0
2024-07-02 11:00:00-04:00,1.534999966621399,1.534999966621399,1.5299999713897705,1.5299999713897705,4568,0.0,0.0
2024-07-02 11:05:00-04:00,1.5299999713897705,1.5399999618530273,1.5299999713897705,1.534999966621399,2431,0.0,0.0
2024-07-02 11:10:00-04:00,1.5299999713897705,1.5399999618530273,1.5299999713897705,1.5299999713897705,4255,0.0,0.0
2024-07-02 11:15:00-04:00,1.534999966621399,1.5399999618530273,1.5299999713897705,1.5399999618530273,10200,0.0,0.0
2024-07-02 11:20:00-04:00,1.534999966621399,1.5399999618530273,1.5299999713897705,1.534999966621399,3412,0.0,0.0
2024-07-02 11:25:00-04:00,1.5299999713897705,1.5399999618530273,1.5299999713897705,1.534999966621399,7202,0.0,0.0
2024-07-02 11:30:00-04:00,1.5299999713897705,1.5399999618530273,1.5299999713897705,1.5299999713897705,3650,0.0,0.0
2024-07-02 11:35:00-04:00,1.5299999713897705,1.5399999618530273,1.5299999713897705,1.534999966621399,4931,0.0,0.0
2024-07-02 11:40:00-04:00,1.5398999452590942,1.5399999618530273,1.5299999713897705,1.534999966621399,7254,0.0,0.0
2024-07-02 11:45:00-04:00,1.5299999713897705,1.5399999618530273,1.5299999713897705,1.534999966621399,4786,0.0,0.0
2024-07-02 11:50:00-04:00,1.5299999713897705,1.5499999523162842,1.5299999713897705,1.5499999523162842,30376,0.0,0.0
2024-07-02 11:55:00-04:00,1.5399999618530273,1.5475000143051147,1.5399999618530273,1.5475000143051147,5758,0.0,0.0
2024-07-02 12:00:00-04:00,1.5399999618530273,1.5449999570846558,1.5399999618530273,1.5449999570846558,51884,0.0,0.0
2024-07-02 12:05:00-04:00,1.5449999570846558,1.5449999570846558,1.5399999618530273,1.5449999570846558,3679,0.0,0.0
2024-07-02 12:10:00-04:00,1.5449999570846558,1.5499999523162842,1.5399999618530273,1.5449999570846558,10082,0.0,0.0
2024-07-02 12:15:00-04:00,1.5449999570846558,1.5449999570846558,1.5399999618530273,1.5399999618530273,3841,0.0,0.0
2024-07-02 12:20:00-04:00,1.5449999570846558,1.5499999523162842,1.5399999618530273,1.5449999570846558,5212,0.0,0.0
2024-07-02 12:25:00-04:00,1.5399999618530273,1.5499999523162842,1.5399999618530273,1.5399999618530273,13293,0.0,0.0
2024-07-02 12:30:00-04:00,1.5449999570846558,1.5499999523162842,1.5399999618530273,1.5449999570846558,10253,0.0,0.0
2024-07-02 12:35:00-04:00,1.5399999618530273,1.5475000143051147,1.5399999618530273,1.5449999570846558,4670,0.0,0.0
2024-07-02 12:40:00-04:00,1.5475000143051147,1.5499999523162842,1.5399999618530273,1.5475000143051147,7024,0.0,0.0
2024-07-02 12:45:00-04:00,1.5399999618530273,1.5499999523162842,1.5399999618530273,1.5475000143051147,8704,0.0,0.0
2024-07-02 12:50:00-04:00,1.5399999618530273,1.5499999523162842,1.5399999618530273,1.5449999570846558,5148,0.0,0.0
2024-07-02 12:55:00-04:00,1.5499999523162842,1.5499999523162842,1.5399999618530273,1.5449999570846558,6200,0.0,0.0
2024-07-02 13:00:00-04:00,1.5475000143051147,1.5499999523162842,1.5399999618530273,1.5399999618530273,5152,0.0,0.0
2024-07-02 13:05:00-04:00,1.5499999523162842,1.5499999523162842,1.5399999618530273,1.5475000143051147,6567,0.0,0.0
2024-07-02 13:10:00-04:00,1.5399999618530273,1.5475000143051147,1.5399999618530273,1.5475000143051147,5361,0.0,0.0
2024-07-02 13:15:00-04:00,1.5475000143051147,1.5475000143051147,1.5399999618530273,1.5449999570846558,3447,0.0,0.0
2024-07-02 13:20:00-04:00,1.5399999618530273,1.5475000143051147,1.5399999618530273,1.5449999570846558,6586,0.0,0.0
2024-07-02 13:25:00-04:00,1.5399999618530273,1.5499999523162842,1.5399999618530273,1.5399999618530273,8266,0.0,0.0
2024-07-02 13:30:00-04:00,1.5475000143051147,1.5499999523162842,1.5399999618530273,1.5399999618530273,16460,0.0,0.0
2024-07-02 13:35:00-04:00,1.5399999618530273,1.5499999523162842,1.5399999618530273,1.5449999570846558,10326,0.0,0.0
2024-07-02 13:40:00-04:00,1.5449999570846558,1.5499999523162842,1.5434999465942383,1.5475000143051147,5497,0.0,0.0
2024-07-02 13:45:00-04:00,1.5449999570846558,1.5499999523162842,1.5399999618530273,1.5449999570846558,8680,0.0,0.0
2024-07-02 13:50:00-04:00,1.5475000143051147,1.5499999523162842,1.5399999618530273,1.5449999570846558,11685,0.0,0.0
2024-07-02 13:55:00-04:00,1.5449999570846558,1.5499999523162842,1.5399999618530273,1.5449999570846558,13695,0.0,0.0
2024-07-02 14:00:00-04:00,1.5449999570846558,1.5499999523162842,1.5399999618530273,1.5449999570846558,41202,0.0,0.0
2024-07-02 14:05:00-04:00,1.5499999523162842,1.5499999523162842,1.5399999618530273,1.5449999570846558,8409,0.0,0.0
2024-07-02 14:10:00-04:00,1.5449999570846558,1.5499999523162842,1.5399999618530273,1.5449999570846558,7211,0.0,0.0
2024-07-02 14:15:00-04:00,1.5449999570846558,1.5499999523162842,1.5399999618530273,1.5449999570846558,13761,0.0,0.0
2024-07-02 14:20:00-04:00,1.5449999570846558,1.5499999523162842,1.5399999618530273,1.5499999523162842,20832,0.0,0.0
2024-07-02 14:25:00-04:00,1.5449999570846558,1.5499999523162842,1.5399999618530273,1.5499999523162842,9991,0.0,0.0
2024-07-02 14:30:00-04:00,1.5449999570846558,1.5499999523162842,1.5399999618530273,1.5449999570846558,5491,0.0,0.0
2024-07-02 14:35:00-04:00,1.5499999523162842,1.5499999523162842,1.5399999618530273,1.5449999570846558,15600,0.0,0.0
2024-07-02 14:40:00-04:00,1.5399999618530273,1.5499999523162842,1.5399999618530273,1.5449999570846558,14309,0.0,0.0
2024-07-02 14:45:00-04:00,1.5449999570846558,1.5499999523162842,1.5399999618530273,1.5413000583648682,12510,0.0,0.0
2024-07-02 14:50:00-04:00,1.5449999570846558,1.559999942779541,1.5449999570846558,1.5549999475479126,36647,0.0,0.0
2024-07-02 14:55:00-04:00,1.5549999475479126,1.559999942779541,1.5549999475479126,1.5549999475479126,7156,0.0,0.0
2024-07-02 15:00:00-04:00,1.5549999475479126,1.559999942779541,1.5499999523162842,1.5499999523162842,8752,0.0,0.0
2024-07-02 15:05:00-04:00,1.5499999523162842,1.559999942779541,1.5499999523162842,1.5549999475479126,8278,0.0,0.0
2024-07-02 15:10:00-04:00,1.5549999475479126,1.559999942779541,1.5499999523162842,1.559999942779541,7878,0.0,0.0
2024-07-02 15:15:00-04:00,1.559999942779541,1.559999942779541,1.5499999523162842,1.559999942779541,17704,0.0,0.0
2024-07-02 15:20:00-04:00,1.5549999475479126,1.5700000524520874,1.5499999523162842,1.565000057220459,43655,0.0,0.0
2024-07-02 15:25:00-04:00,1.565000057220459,1.5700000524520874,1.559999942779541,1.565000057220459,9233,0.0,0.0
2024-07-02 15:30:00-04:00,1.565000057220459,1.565000057220459,1.559999942779541,1.559999942779541,12933,0.0,0.0
2024-07-02 15:35:00-04:00,1.565000057220459,1.5700000524520874,1.559999942779541,1.5700000524520874,17809,0.0,0.0
2024-07-02 15:40:00-04:00,1.559999942779541,1.5700000524520874,1.559999942779541,1.565000057220459,18453,0.0,0.0
2024-07-02 15:45:00-04:00,1.565000057220459,1.5700000524520874,1.559999942779541,1.559999942779541,23850,0.0,0.0
2024-07-02 15:50:00-04:00,1.5700000524520874,1.5700000524520874,1.559999942779541,1.565000057220459,84082,0.0,0.0
2024-07-02 15:55:00-04:00,1.559999942779541,1.559999942779541,1.5499999523162842,1.5549999475479126,106346,0.0,0.0
2024-07-03 09:30:00-04:00,1.5700000524520874,1.5700000524520874,1.5499999523162842,1.5549999475479126,8389,0.0,0.0
2024-07-03 09:35:00-04:00,1.5499999523162842,1.5799000263214111,1.5499999523162842,1.5750000476837158,7596,0.0,0.0
2024-07-03 09:40:00-04:00,1.5750000476837158,1.5782999992370605,1.5600999593734741,1.565000057220459,8145,0.0,0.0
2024-07-03 09:45:00-04:00,1.565000057220459,1.565000057220459,1.5499999523162842,1.5499999523162842,19559,0.0,0.0
2024-07-03 09:50:00-04:00,1.5499999523162842,1.5549999475479126,1.5399999618530273,1.5399999618530273,11840,0.0,0.0
2024-07-03 09:55:00-04:00,1.5399999618530273,1.5449999570846558,1.5199999809265137,1.524999976158142,106787,0.0,0.0
2024-07-03 10:00:00-04:00,1.5299999713897705,1.5299999713897705,1.5199999809265137,1.524999976158142,20282,0.0,0.0
2024-07-03 10:05:00-04:00,1.524999976158142,1.524999976158142,1.5199999809265137,1.524999976158142,8556,0.0,0.0
2024-07-03 10:10:00-04:00,1.524999976158142,1.5299999713897705,1.5199999809265137,1.524999976158142,76193,0.0,0.0
2024-07-03 10:15:00-04:00,1.524999976158142,1.5449999570846558,1.524999976158142,1.5449999570846558,40602,0.0,0.0
2024-07-03 10:20:00-04:00,1.5449999570846558,1.5449999570846558,1.5299999713897705,1.534999966621399,24192,0.0,0.0
2024-07-03 10:25:00-04:00,1.534999966621399,1.5393999814987183,1.5299999713897705,1.534999966621399,18838,0.0,0.0
2024-07-03 10:30:00-04:00,1.534999966621399,1.534999966621399,1.524999976158142,1.524999976158142,24988,0.0,0.0
2024-07-03 10:35:00-04:00,1.524999976158142,1.534999966621399,1.524999976158142,1.534999966621399,23439,0.0,0.0
2024-07-03 10:40:00-04:00,1.5299999713897705,1.534999966621399,1.5299999713897705,1.5299999713897705,2985,0.0,0.0
2024-07-03 10:45:00-04:00,1.5299999713897705,1.534999966621399,1.524999976158142,1.534999966621399,20997,0.0,0.0
2024-07-03 10:50:00-04:00,1.534999966621399,1.559999942779541,1.534999966621399,1.5549999475479126,27597,0.0,0.0
2024-07-03 10:55:00-04:00,1.5549999475479126,1.5549999475479126,1.5199999809265137,1.5299999713897705,163540,0.0,0.0
2024-07-03 11:00:00-04:00,1.5299999713897705,1.5299999713897705,1.5199999809265137,1.5199999809265137,21444,0.0,0.0
2024-07-03 11:05:00-04:00,1.5199999809265137,1.524999976158142,1.5199999809265137,1.524999976158142,7734,0.0,0.0
2024-07-03 11:10:00-04:00,1.5199999809265137,1.524999976158142,1.5199999809265137,1.5199999809265137,5473,0.0,0.0
2024-07-03 11:15:00-04:00,1.524999976158142,1.524999976158142,1.5199999809265137,1.5199999809265137,6005,0.0,0.0
2024-07-03 11:20:00-04:00,1.5199999809265137,1.524999976158142,1.5199999809265137,1.524999976158142,9650,0.0,0.0
2024-07-03 11:25:00-04:00,1.5199999809265137,1.524999976158142,1.5099999904632568,1.5199999809265137,39017,0.0,0.0
2024-07-03 11:30:00-04:00,1.5149999856948853,1.5149999856948853,1.502500057220459,1.502500057220459,18843,0.0,0.0
2024-07-03 11:35:00-04:00,1.5049999952316284,1.5149999856948853,1.5,1.5149999856948853,38310,0.0,0.0
2024-07-03 11:40:00-04:00,1.5149999856948853,1.5149999856948853,1.5099999904632568,1.5099999904632568,9498,0.0,0.0
2024-07-03 11:45:00-04:00,1.5149999856948853,1.5149999856948853,1.5099999904632568,1.5099999904632568,14896,0.0,0.0
2024-07-03 11:50:00-04:00,1.5099999904632568,1.5149999856948853,1.5099999904632568,1.5099999904632568,12853,0.0,0.0
2024-07-03 11:55:00-04:00,1.5099999904632568,1.5149999856948853,1.5099999904632568,1.5099999904632568,11847,0.0,0.0
2024-07-03 12:00:00-04:00,1.5099999904632568,1.5199999809265137,1.5099999904632568,1.5149999856948853,27319,0.0,0.0
2024-07-03 12:05:00-04:00,1.5149999856948853,1.5199999809265137,1.5099999904632568,1.5099999904632568,39256,0.0,0.0
2024-07-03 12:10:00-04:00,1.5099999904632568,1.524999976158142,1.5099999904632568,1.5149999856948853,70028,0.0,0.0
2024-07-03 12:15:00-04:00,1.5149999856948853,1.5149999856948853,1.502500057220459,1.502500057220459,50421,0.0,0.0
2024-07-03 12:20:00-04:00,1.5049999952316284,1.5195000171661377,1.5049999952316284,1.5099999904632568,28778,0.0,0.0
2024-07-03 12:25:00-04:00,1.5149999856948853,1.5149999856948853,1.5099999904632568,1.5099999904632568,11966,0.0,0.0
2024-07-03 12:30:00-04:00,1.5099999904632568,1.5149999856948853,1.5099999904632568,1.5099999904632568,37251,0.0,0.0
2024-07-03 12:35:00-04:00,1.5099999904632568,1.5149999856948853,1.5099999904632568,1.5099999904632568,18394,0.0,0.0
2024-07-03 12:40:00-04:00,1.5149999856948853,1.5199999809265137,1.5,1.5049999952316284,58756,0.0,0.0
2024-07-03 12:45:00-04:00,1.5,1.5049999952316284,1.4900000095367432,1.4950000047683716,48067,0.0,0.0
2024-07-03 12:50:00-04:00,1.4950000047683716,1.5098999738693237,1.4950000047683716,1.5,113848,0.0,0.0
2024-07-03 12:55:00-04:00,1.5049999952316284,1.5049999952316284,1.4900000095367432,1.5,64241,0.0,0.0
2024-07-05 09:30:00-04:00,1.5199999809265137,1.5290000438690186,1.5149999856948853,1.5199999809265137,15789,0.0,0.0
2024-07-05 09:35:00-04:00,1.5200999975204468,1.5299999713897705,1.5199999809265137,1.5299999713897705,15716,0.0,0.0
2024-07-05 09:40:00-04:00,1.524999976158142,1.524999976158142,1.5202000141143799,1.524999976158142,2954,0.0,0.0
2024-07-05 09:45:00-04:00,1.524999976158142,1.524999976158142,1.5049999952316284,1.5049999952316284,33051,0.0,0.0
2024-07-05 09:50:00-04:00,1.5,1.5049999952316284,1.5,1.5049999952316284,3939,0.0,0.0
2024-07-05 09:55:00-04:00,1.5049999952316284,1.5049999952316284,1.5049999952316284,1.5049999952316284,1155,0.0,0.0
2024-07-05 10:00:00-04:00,1.5049999952316284,1.5099999904632568,1.5049999952316284,1.5099999904632568,3192,0.0,0.0
2024-07-05 10:05:00-04:00,1.5099999904632568,1.5099999904632568,1.5,1.5099999904632568,4229,0.0,0.0
2024-07-05 10:10:00-04:00,1.5099999904632568,1.5099999904632568,1.5049999952316284,1.5099999904632568,4143,0.0,0.0
2024-07-05 10:15:00-04:00,1.5049999952316284,1.5099999904632568,1.4700000286102295,1.475000023841858,71762,0.0,0.0
2024-07-05 10:20:00-04:00,1.4700000286102295,1.475000023841858,1.4700000286102295,1.4700000286102295,8478,0.0,0.0
2024-07-05 10:25:00-04:00,1.475000023841858,1.4800000190734863,1.4700000286102295,1.475000023841858,9203,0.0,0.0
2024-07-05 10:30:00-04:00,1.4700000286102295,1.4800000190734863,1.4700000286102295,1.475000023841858,17326,0.0,0.0
2024-07-05 10:35:00-04:00,1.4800000190734863,1.4800000190734863,1.4700000286102295,1.475000023841858,8629,0.0,0.0
2024-07-05 10:40:00-04:00,1.475000023841858,1.4800000190734863,1.4700000286102295,1.4800000190734863,3607,0.0,0.0
2024-07-05 10:45:00-04:00,1.475000023841858,1.4800000190734863,1.4700000286102295,1.475000023841858,11566,0.0,0.0
2024-07-05 10:50:00-04:00,1.4800000190734863,1.4850000143051147,1.4701000452041626,1.4850000143051147,24379,0.0,0.0
2024-07-05 10:55:00-04:00,1.4800000190734863,1.4900000095367432,1.4700000286102295,1.4700000286102295,14435,0.0,0.0
2024-07-05 11:00:00-04:00,1.475000023841858,1.4795000553131104,1.4700000286102295,1.4795000553131104,18119,0.0,0.0
2024-07-05 11:05:00-04:00,1.4700000286102295,1.475000023841858,1.4700000286102295,1.4700000286102295,5796,0.0,0.0
2024-07-05 11:10:00-04:00,1.475000023841858,1.4800000190734863,1.4700000286102295,1.475000023841858,4334,0.0,0.0
2024-07-05 11:15:00-04:00,1.4800000190734863,1.4800000190734863,1.475000023841858,1.475000023841858,4370,0.0,0.0
2024-07-05 11:20:00-04:00,1.475000023841858,1.4800000190734863,1.4700000286102295,1.4700000286102295,5877,0.0,0.0
2024-07-05 11:25:00-04:00,1.4700000286102295,1.4800000190734863,1.4700000286102295,1.4800000190734863,14093,0.0,0.0
2024-07-05 11:30:00-04:00,1.4700000286102295,1.4800000190734863,1.4700000286102295,1.4704999923706055,11458,0.0,0.0
2024-07-05 11:35:00-04:00,1.4797999858856201,1.4800000190734863,1.4700000286102295,1.4800000190734863,15850,0.0,0.0
2024-07-05 11:40:00-04:00,1.4799000024795532,1.4800000190734863,1.4700000286102295,1.4800000190734863,13621,0.0,0.0
2024-07-05 11:45:00-04:00,1.475000023841858,1.4800000190734863,1.4700000286102295,1.4800000190734863,7858,0.0,0.0
2024-07-05 11:50:00-04:00,1.4700000286102295,1.4800000190734863,1.4700000286102295,1.475000023841858,3128,0.0,0.0
2024-07-05 11:55:00-04:00,1.475000023841858,1.4800000190734863,1.4700000286102295,1.4799000024795532,2593,0.0,0.0
2024-07-05 12:00:00-04:00,1.4700000286102295,1.4800000190734863,1.4600000381469727,1.4600000381469727,31784,0.0,0.0
2024-07-05 12:05:00-04:00,1.4600000381469727,1.465000033378601,1.4500000476837158,1.4500000476837158,30503,0.0,0.0
2024-07-05 12:10:00-04:00,1.4500000476837158,1.4550000429153442,1.4500000476837158,1.4500000476837158,10684,0.0,0.0
2024-07-05 12:15:00-04:00,1.4550000429153442,1.4600000381469727,1.4500000476837158,1.4550000429153442,14593,0.0,0.0
2024-07-05 12:20:00-04:00,1.4550000429153442,1.4600000381469727,1.4500000476837158,1.4500000476837158,4667,0.0,0.0
2024-07-05 12:25:00-04:00,1.4550000429153442,1.4599000215530396,1.4500000476837158,1.4550000429153442,9754,0.0,0.0
2024-07-05 12:30:00-04:00,1.4500000476837158,1.4500000476837158,1.440000057220459,1.440000057220459,39817,0.0,0.0
2024-07-05 12:35:00-04:00,1.440000057220459,1.4500000476837158,1.440000057220459,1.440000057220459,11619,0.0,0.0
2024-07-05 12:40:00-04:00,1.4450000524520874,1.4450000524520874,1.4299999475479126,1.4299999475479126,18560,0.0,0.0
2024-07-05 12:45:00-04:00,1.434999942779541,1.434999942779541,1.4249999523162842,1.4249999523162842,35301,0.0,0.0
2024-07-05 12:50:00-04:00,1.4249999523162842,1.4294999837875366,1.4199999570846558,1.4249999523162842,7002,0.0,0.0
2024-07-05 12:55:00-04:00,1.4199999570846558,1.4299999475479126,1.4199999570846558,1.4249999523162842,6195,0.0,0.0
2024-07-05 13:00:00-04:00,1.4249999523162842,1.4249999523162842,1.4249999523162842,1.4249999523162842,4819,0.0,0.0
2024-07-05 13:05:00-04:00,1.4249999523162842,1.4249999523162842,1.4199999570846558,1.4199999570846558,2840,0.0,0.0
2024-07-05 13:10:00-04:00,1.4249999523162842,1.4299999475479126,1.4199999570846558,1.4249999523162842,45656,0.0,0.0
2024-07-05 13:15:00-04:00,1.4249999523162842,1.4299999475479126,1.4199999570846558,1.4249999523162842,9712,0.0,0.0
2024-07-05 13:20:00-04:00,1.4249999523162842,1.4299999475479126,1.4199999570846558,1.4199999570846558,6260,0.0,0.0
2024-07-05 13:25:00-04:00,1.4249999523162842,1.4249999523162842,1.4199999570846558,1.4249999523162842,2275,0.0,0.0
2024-07-05 13:30:00-04:00,1.4249999523162842,1.4249999523162842,1.4199999570846558,1.4249999523162842,9716,0.0,0.0
2024-07-05 13:35:00-04:00,1.4199999570846558,1.4199999570846558,1.409999966621399,1.4198999404907227,13443,0.0,0.0
2024-07-05 13:40:00-04:00,1.409999966621399,1.4199999570846558,1.409999966621399,1.4149999618530273,59328,0.0,0.0
2024-07-05 13:45:00-04:00,1.4149999618530273,1.4199999570846558,1.4149999618530273,1.4149999618530273,6230,0.0,0.0
2024-07-05 13:50:00-04:00,1.4149999618530273,1.4199999570846558,1.4149999618530273,1.4149999618530273,5882,0.0,0.0
2024-07-05 13:55:00-04:00,1.4149999618530273,1.4249999523162842,1.409999966621399,1.4249999523162842,28717,0.0,0.0
2024-07-05 14:00:00-04:00,1.4299999475479126,1.4299999475479126,1.4249999523162842,1.4249999523162842,4220,0.0,0.0
2024-07-05 14:05:00-04:00,1.4249999523162842,1.4299999475479126,1.4199999570846558,1.4249999523162842,8707,0.0,0.0
2024-07-05 14:10:00-04:00,1.4199999570846558,1.4299999475479126,1.4199999570846558,1.4299999475479126,15324,0.0,0.0
2024-07-05 14:15:00-04:00,1.4299999475479126,1.4299999475479126,1.4199999570846558,1.4249999523162842,9120,0.0,0.0
2024-07-05 14:20:00-04:00,1.4249999523162842,1.4299999475479126,1.399999976158142,1.399999976158142,42066,0.0,0.0
2024-07-05 14:25:00-04:00,1.4049999713897705,1.4098000526428223,1.399999976158142,1.4049999713897705,9218,0.0,0.0
2024-07-05 14:30:00-04:00,1.4049999713897705,1.4068000316619873,1.399999976158142,1.4049999713897705,8112,0.0,0.0
2024-07-05 14:35:00-04:00,1.399999976158142,1.409999966621399,1.399999976158142,1.409999966621399,3869,0.0,0.0
2024-07-05 14:40:00-04:00,1.399999976158142,1.409999966621399,1.399999976158142,1.4049999713897705,22736,0.0,0.0
2024-07-05 14:45:00-04:00,1.409999966621399,1.409999966621399,1.4041999578475952,1.4049999713897705,10956,0.0,0.0
2024-07-05 14:50:00-04:00,1.4049999713897705,1.409999966621399,1.399999976158142,1.409999966621399,22078,0.0,0.0
2024-07-05 14:55:00-04:00,1.4049999713897705,1.4149999618530273,1.399999976158142,1.4049999713897705,85639,0.0,0.0
2024-07-05 15:00:00-04:00,1.4049999713897705,1.4049999713897705,1.3849999904632568,1.3899999856948853,106832,0.0,0.0
2024-07-05 15:05:00-04:00,1.3949999809265137,1.399899959564209,1.3899999856948853,1.3949999809265137,24718,0.0,0.0
2024-07-05 15:10:00-04:00,1.3980000019073486,1.399899959564209,1.3899999856948853,1.3949999809265137,8555,0.0,0.0
2024-07-05 15:15:00-04:00,1.3949999809265137,1.399999976158142,1.3899999856948853,1.3949999809265137,14642,0.0,0.0
2024-07-05 15:20:00-04:00,1.3899999856948853,1.3984999656677246,1.3899999856948853,1.3949999809265137,14030,0.0,0.0
2024-07-05 15:25:00-04:00,1.3899999856948853,1.3949999809265137,1.3899999856948853,1.3949999809265137,5677,0.0,0.0
2024-07-05 15:30:00-04:00,1.3899999856948853,1.399999976158142,1.3899999856948853,1.3899999856948853,15778,0.0,0.0
2024-07-05 15:35:00-04:00,1.3899999856948853,1.399999976158142,1.3899999856948853,1.3949999809265137,31261,0.0,0.0
2024-07-05 15:40:00-04:00,1.3899999856948853,1.399999976158142,1.3899999856948853,1.3899999856948853,34960,0.0,0.0
2024-07-05 15:45:00-04:00,1.3899999856948853,1.3949999809265137,1.3849999904632568,1.3949999809265137,60571,0.0,0.0
2024-07-05 15:50:00-04:00,1.399999976158142,1.399999976158142,1.3949999809265137,1.3949999809265137,93723,0.0,0.0
2024-07-05 15:55:00-04:00,1.3949999809265137,1.4049999713897705,1.3899999856948853,1.3949999809265137,166780,0.0,0.0
2024-07-08 09:30:00-04:00,1.3899999856948853,1.409999966621399,1.3849999904632568,1.409999966621399,23101,0.0,0.0
2024-07-08 09:35:00-04:00,1.4049999713897705,1.440000057220459,1.4049999713897705,1.440000057220459,38339,0.0,0.0
2024-07-08 09:40:00-04:00,1.440000057220459,1.4500000476837158,1.4299999475479126,1.4352999925613403,32783,0.0,0.0
2024-07-08 09:45:00-04:00,1.440000057220459,1.440000057220459,1.4300999641418457,1.434999942779541,14944,0.0,0.0
2024-07-08 09:50:00-04:00,1.4249999523162842,1.4249999523162842,1.4199999570846558,1.4249999523162842,4847,0.0,0.0
2024-07-08 09:55:00-04:00,1.4249999523162842,1.4299999475479126,1.4199999570846558,1.4299999475479126,5143,0.0,0.0
2024-07-08 10:00:00-04:00,1.4249999523162842,1.4299999475479126,1.4199999570846558,1.4299999475479126,2308,0.0,0.0
2024-07-08 10:05:00-04:00,1.4299999475479126,1.4550000429153442,1.423200011253357,1.4550000429153442,101909,0.0,0.0
2024-07-08 10:10:00-04:00,1.4550000429153442,1.4550000429153442,1.440000057220459,1.4500000476837158,141597,0.0,0.0
2024-07-08 10:15:00-04:00,1.4550000429153442,1.4550000429153442,1.4500000476837158,1.4550000429153442,2731,0.0,0.0
2024-07-08 10:20:00-04:00,1.4500000476837158,1.4500000476837158,1.440000057220459,1.4450000524520874,16277,0.0,0.0
2024-07-08 10:25:00-04:00,1.4450000524520874,1.4500000476837158,1.4450000524520874,1.4450000524520874,26142,0.0,0.0
2024-07-08 10:30:00-04:00,1.4450000524520874,1.4600000381469727,1.4450000524520874,1.4550000429153442,29247,0.0,0.0
2024-07-08 10:35:00-04:00,1.4550000429153442,1.4600000381469727,1.4500000476837158,1.4550000429153442,12440,0.0,0.0
2024-07-08 10:40:00-04:00,1.4600000381469727,1.4700000286102295,1.4500000476837158,1.465000033378601,17303,0.0,0.0
2024-07-08 10:45:00-04:00,1.465000033378601,1.4700000286102295,1.465000033378601,1.4700000286102295,18086,0.0,0.0
2024-07-08 10:50:00-04:00,1.465000033378601,1.475000023841858,1.465000033378601,1.475000023841858,24466,0.0,0.0
2024-07-08 10:55:00-04:00,1.475000023841858,1.4800000190734863,1.475000023841858,1.475000023841858,4492,0.0,0.0
2024-07-08 11:00:00-04:00,1.475000023841858,1.4800000190734863,1.4700000286102295,1.475000023841858,11372,0.0,0.0
2024-07-08 11:05:00-04:00,1.475000023841858,1.475000023841858,1.465000033378601,1.465000033378601,17942,0.0,0.0
2024-07-08 11:10:00-04:00,1.465000033378601,1.4700000286102295,1.465000033378601,1.465000033378601,5930,0.0,0.0
2024-07-08 11:15:00-04:00,1.465000033378601,1.465000033378601,1.4600000381469727,1.465000033378601,2536,0.0,0.0
2024-07-08 11:20:00-04:00,1.465000033378601,1.465000033378601,1.4600000381469727,1.465000033378601,9710,0.0,0.0
2024-07-08 11:25:00-04:00,1.465000033378601,1.465000033378601,1.4550000429153442,1.4550000429153442,30905,0.0,0.0
2024-07-08 11:30:00-04:00,1.4550000429153442,1.4600000381469727,1.4500000476837158,1.4600000381469727,13368,0.0,0.0
2024-07-08 11:35:00-04:00,1.4550000429153442,1.4550000429153442,1.4505000114440918,1.4550000429153442,5471,0.0,0.0
2024-07-08 11:40:00-04:00,1.4550000429153442,1.4600000381469727,1.4550000429153442,1.4550000429153442,3390,0.0,0.0
2024-07-08 11:45:00-04:00,1.4550000429153442,1.4600000381469727,1.4550000429153442,1.4550000429153442,4346,0.0,0.0
2024-07-08 11:50:00-04:00,1.4600000381469727,1.4600000381469727,1.4550000429153442,1.4550000429153442,5864,0.0,0.0
2024-07-08 11:55:00-04:00,1.4550000429153442,1.4600000381469727,1.4500000476837158,1.4550000429153442,21312,0.0,0.0
2024-07-08 12:00:00-04:00,1.4550000429153442,1.4600000381469727,1.4500000476837158,1.4550000429153442,14602,0.0,0.0
2024-07-08 12:05:00-04:00,1.4550000429153442,1.4600000381469727,1.440000057220459,1.440000057220459,14539,0.0,0.0
2024-07-08 12:10:00-04:00,1.440000057220459,1.4450000524520874,1.440000057220459,1.440000057220459,7945,0.0,0.0
2024-07-08 12:15:00-04:00,1.440000057220459,1.4450000524520874,1.440000057220459,1.4450000524520874,6030,0.0,0.0
2024-07-08 12:20:00-04:00,1.440000057220459,1.4459999799728394,1.440000057220459,1.4450000524520874,5345,0.0,0.0
2024-07-08 12:25:00-04:00,1.440000057220459,1.4500000476837158,1.440000057220459,1.4450000524520874,12183,0.0,0.0
2024-07-08 12:30:00-04:00,1.4450000524520874,1.4500000476837158,1.440000057220459,1.4500000476837158,72683,0.0,0.0
2024-07-08 12:35:00-04:00,1.4500000476837158,1.465000033378601,1.4500000476837158,1.4600000381469727,80058,0.0,0.0
2024-07-08 12:40:00-04:00,1.4550000429153442,1.4550000429153442,1.4500000476837158,1.4500000476837158,11015,0.0,0.0
2024-07-08 12:45:00-04:00,1.4550000429153442,1.4600000381469727,1.4500000476837158,1.4600000381469727,13862,0.0,0.0
2024-07-08 12:50:00-04:00,1.4600000381469727,1.4600000381469727,1.4550000429153442,1.4550000429153442,2387,0.0,0.0
2024-07-08 12:55:00-04:00,1.4550000429153442,1.455299973487854,1.4550000429153442,1.4550000429153442,3660,0.0,0.0
2024-07-08 13:00:00-04:00,1.4550000429153442,1.4550000429153442,1.4500000476837158,1.4550000429153442,8722,0.0,0.0
2024-07-08 13:05:00-04:00,1.4550000429153442,1.4550000429153442,1.4550000429153442,1.4550000429153442,2069,0.0,0.0
2024-07-08 13:10:00-04:00,1.4550000429153442,1.4550000429153442,1.4500000476837158,1.4550000429153442,5992,0.0,0.0
2024-07-08 13:15:00-04:00,1.4539999961853027,1.4550000429153442,1.4500000476837158,1.4550000429153442,2849,0.0,0.0
2024-07-08 13:20:00-04:00,1.4550000429153442,1.4600000381469727,1.4550000429153442,1.4550000429153442,12168,0.0,0.0
2024-07-08 13:25:00-04:00,1.4550000429153442,1.4600000381469727,1.4500000476837158,1.4550000429153442,15831,0.0,0.0
2024-07-08 13:30:00-04:00,1.4550000429153442,1.4550000429153442,1.4550000429153442,1.4550000429153442,3794,0.0,0.0
2024-07-08 13:35:00-04:00,1.4550000429153442,1.4600000381469727,1.4550000429153442,1.4600000381469727,11805,0.0,0.0
2024-07-08 13:40:00-04:00,1.4600000381469727,1.4600000381469727,1.4550000429153442,1.4550000429153442,8804,0.0,0.0
2024-07-08 13:45:00-04:00,1.4550000429153442,1.4699000120162964,1.4550000429153442,1.465000033378601,36873,0.0,0.0
2024-07-08 13:50:00-04:00,1.465000033378601,1.4700000286102295,1.4601000547409058,1.4671000242233276,5516,0.0,0.0
2024-07-08 13:55:00-04:00,1.465000033378601,1.465000033378601,1.4600000381469727,1.465000033378601,48614,0.0,0.0
2024-07-08 14:00:00-04:00,1.4600000381469727,1.465000033378601,1.4600000381469727,1.465000033378601,8418,0.0,0.0
2024-07-08 14:05:00-04:00,1.465000033378601,1.465000033378601,1.4500000476837158,1.4500000476837158,23675,0.0,0.0
2024-07-08 14:10:00-04:00,1.4550000429153442,1.4599000215530396,1.4500000476837158,1.4500000476837158,5666,0.0,0.0
2024-07-08 14:15:00-04:00,1.4550000429153442,1.4550000429153442,1.4500000476837158,1.4550000429153442,2882,0.0,0.0
2024-07-08 14:20:00-04:00,1.4500000476837158,1.4599000215530396,1.4500000476837158,1.4550000429153442,7004,0.0,0.0
2024-07-08 14:25:00-04:00,1.4550000429153442,1.4550000429153442,1.4500000476837158,1.4550000429153442,5422,0.0,0.0
2024-07-08 14:30:00-04:00,1.4550000429153442,1.4550000429153442,1.4550000429153442,1.4550000429153442,4399,0.0,0.0
2024-07-08 14:35:00-04:00,1.4550000429153442,1.4550000429153442,1.4500000476837158,1.4550000429153442,6706,0.0,0.0
2024-07-08 14:40:00-04:00,1.4550000429153442,1.4600000381469727,1.4550000429153442,1.4550000429153442,17046,0.0,0.0
2024-07-08 14:45:00-04:00,1.4550000429153442,1.4550000429153442,1.4500000476837158,1.4550000429153442,6776,0.0,0.0
2024-07-08 14:50:00-04:00,1.4550000429153442,1.4600000381469727,1.4550000429153442,1.4550000429153442,5957,0.0,0.0
2024-07-08 14:55:00-04:00,1.4500000476837158,1.4600000381469727,1.4500000476837158,1.4600000381469727,8479,0.0,0.0
2024-07-08 15:00:00-04:00,1.4600000381469727,1.4600000381469727,1.4550000429153442,1.4550000429153442,9103,0.0,0.0
2024-07-08 15:05:00-04:00,1.4550000429153442,1.4600000381469727,1.4550000429153442,1.4550000429153442,8008,0.0,0.0
2024-07-08 15:10:00-04:00,1.4600000381469727,1.4600000381469727,1.4500999450683594,1.4600000381469727,15031,0.0,0.0
2024-07-08 15:15:00-04:00,1.4600000381469727,1.465000033378601,1.454800009727478,1.4550000429153442,28087,0.0,0.0
2024-07-08 15:20:00-04:00,1.4550000429153442,1.4700000286102295,1.4550000429153442,1.4700000286102295,78345,0.0,0.0
2024-07-08 15:25:00-04:00,1.465000033378601,1.4700000286102295,1.4600000381469727,1.465000033378601,22368,0.0,0.0
2024-07-08 15:30:00-04:00,1.465000033378601,1.4700000286102295,1.465000033378601,1.465000033378601,21895,0.0,0.0
2024-07-08 15:35:00-04:00,1.465000033378601,1.4800000190734863,1.4637999534606934,1.4800000190734863,29666,0.0,0.0
2024-07-08 15:40:00-04:00,1.475000023841858,1.4800000190734863,1.4700000286102295,1.4800000190734863,30981,0.0,0.0
2024-07-08 15:45:00-04:00,1.475000023841858,1.4800000190734863,1.475000023841858,1.4800000190734863,46693,0.0,0.0
2024-07-08 15:50:00-04:00,1.475000023841858,1.4900000095367432,1.4700000286102295,1.475000023841858,146669,0.0,0.0
2024-07-08 15:55:00-04:00,1.475000023841858,1.4800000190734863,1.465000033378601,1.4700000286102295,260442,0.0,0.0
2024-07-09 09:30:00-04:00,1.4900000095367432,1.4900000095367432,1.4600000381469727,1.4900000095367432,45283,0.0,0.0
2024-07-09 09:35:00-04:00,1.4900000095367432,1.5,1.4900000095367432,1.4989999532699585,7247,0.0,0.0
2024-07-09 09:40:00-04:00,1.5,1.5099999904632568,1.4900000095367432,1.5,60553,0.0,0.0
2024-07-09 09:45:00-04:00,1.4950000047683716,1.5,1.4950000047683716,1.5,677,0.0,0.0
2024-07-09 09:50:00-04:00,1.5,1.5,1.4800000190734863,1.4800000190734863,21841,0.0,0.0
2024-07-09 09:55:00-04:00,1.4800000190734863,1.4900000095367432,1.4800000190734863,1.4850000143051147,1259,0.0,0.0
2024-07-09 10:00:00-04:00,1.465000033378601,1.465000033378601,1.4600000381469727,1.4600000381469727,19526,0.0,0.0
2024-07-09 10:05:00-04:00,1.4600000381469727,1.465000033378601,1.4600000381469727,1.465000033378601,9407,0.0,0.0
2024-07-09 10:10:00-04:00,1.4687000513076782,1.4687000513076782,1.4600000381469727,1.4600000381469727,7144,0.0,0.0
2024-07-09 10:15:00-04:00,1.4600000381469727,1.4600000381469727,1.4550000429153442,1.4550000429153442,7313,0.0,0.0
2024-07-09 10:20:00-04:00,1.4596999883651733,1.4600000381469727,1.4550000429153442,1.4550000429153442,24776,0.0,0.0
2024-07-09 10:25:00-04:00,1.4550000429153442,1.4600000381469727,1.4500000476837158,1.4500000476837158,2981,0.0,0.0
2024-07-09 10:30:00-04:00,1.4500000476837158,1.4600000381469727,1.4500000476837158,1.4600000381469727,980,0.0,0.0
2024-07-09 10:35:00-04:00,1.4550000429153442,1.4700000286102295,1.4500000476837158,1.4639999866485596,13951,0.0,0.0
2024-07-09 10:40:00-04:00,1.4700000286102295,1.4700000286102295,1.4700000286102295,1.4700000286102295,200,0.0,0.0
2024-07-09 10:45:00-04:00,1.4600000381469727,1.465000033378601,1.4600000381469727,1.4600000381469727,31593,0.0,0.0
2024-07-09 10:50:00-04:00,1.465000033378601,1.4700000286102295,1.4600000381469727,1.465000033378601,24270,0.0,0.0
2024-07-09 10:55:00-04:00,1.465000033378601,1.465000033378601,1.465000033378601,1.465000033378601,5451,0.0,0.0
2024-07-09 11:00:00-04:00,1.465000033378601,1.4700000286102295,1.4600000381469727,1.4600000381469727,3972,0.0,0.0
2024-07-09 11:05:00-04:00,1.4605000019073486,1.4800000190734863,1.4600000381469727,1.475000023841858,35694,0.0,0.0
2024-07-09 11:10:00-04:00,1.4800000190734863,1.4800000190734863,1.4800000190734863,1.4800000190734863,300,0.0,0.0
2024-07-09 11:15:00-04:00,1.4800000190734863,1.4800000190734863,1.4700000286102295,1.4700000286102295,18366,0.0,0.0
2024-07-09 11:20:00-04:00,1.4700000286102295,1.4800000190734863,1.4700000286102295,1.4753999710083008,6724,0.0,0.0
2024-07-09 11:25:00-04:00,1.4800000190734863,1.5,1.475000023841858,1.5,32002,0.0,0.0
2024-07-09 11:30:00-04:00,1.5,1.5,1.4900000095367432,1.5,1709,0.0,0.0
2024-07-09 11:35:00-04:00,1.4950000047683716,1.5099999904632568,1.4950000047683716,1.5099999904632568,19341,0.0,0.0
2024-07-09 11:40:00-04:00,1.5049999952316284,1.5099999904632568,1.5,1.5049999952316284,34633,0.0,0.0
2024-07-09 11:45:00-04:00,1.5049999952316284,1.5049999952316284,1.5,1.5049999952316284,6051,0.0,0.0
2024-07-09 11:50:00-04:00,1.5049999952316284,1.5199999809265137,1.5,1.5149999856948853,40417,0.0,0.0
2024-07-09 11:55:00-04:00,1.5149999856948853,1.5199999809265137,1.5115000009536743,1.5199999809265137,10702,0.0,0.0
2024-07-09 12:00:00-04:00,1.5199999809265137,1.5199999809265137,1.5149999856948853,1.5199999809265137,4682,0.0,0.0
2024-07-09 12:05:00-04:00,1.5099999904632568,1.5299999713897705,1.5099999904632568,1.524999976158142,82048,0.0,0.0
2024-07-09 12:10:00-04:00,1.5299999713897705,1.5399999618530273,1.524999976158142,1.5399999618530273,48329,0.0,0.0
2024-07-09 12:15:00-04:00,1.534999966621399,1.5399999618530273,1.534999966621399,1.5399999618530273,9706,0.0,0.0
2024-07-09 12:20:00-04:00,1.534999966621399,1.5499999523162842,1.534999966621399,1.5400999784469604,36699,0.0,0.0
2024-07-09 12:25:00-04:00,1.5499999523162842,1.565000057220459,1.5449999570846558,1.5549999475479126,34490,0.0,0.0
2024-07-09 12:30:00-04:00,1.5549999475479126,1.559999942779541,1.5299999713897705,1.5299999713897705,46668,0.0,0.0
2024-07-09 12:35:00-04:00,1.5299999713897705,1.5299999713897705,1.5199999809265137,1.5199999809265137,18311,0.0,0.0
2024-07-09 12:40:00-04:00,1.5199999809265137,1.524999976158142,1.5199999809265137,1.524999976158142,6938,0.0,0.0
2024-07-09 12:45:00-04:00,1.5199999809265137,1.524999976158142,1.5199999809265137,1.5199999809265137,5926,0.0,0.0
2024-07-09 12:50:00-04:00,1.5199999809265137,1.524999976158142,1.5199999809265137,1.5199999809265137,2921,0.0,0.0
2024-07-09 12:55:00-04:00,1.524999976158142,1.524999976158142,1.5199999809265137,1.524999976158142,6384,0.0,0.0
2024-07-09 13:00:00-04:00,1.524999976158142,1.524999976158142,1.5199999809265137,1.524999976158142,8167,0.0,0.0
2024-07-09 13:05:00-04:00,1.5299999713897705,1.5299999713897705,1.5199999809265137,1.524999976158142,3903,0.0,0.0
2024-07-09 13:10:00-04:00,1.524999976158142,1.5299999713897705,1.524999976158142,1.524999976158142,10750,0.0,0.0
2024-07-09 13:15:00-04:00,1.524999976158142,1.5299999713897705,1.5199999809265137,1.524999976158142,39747,0.0,0.0
2024-07-09 13:20:00-04:00,1.524999976158142,1.5299999713897705,1.5199999809265137,1.5199999809265137,4052,0.0,0.0
2024-07-09 13:25:00-04:00,1.524999976158142,1.524999976158142,1.5199999809265137,1.524999976158142,8513,0.0,0.0
2024-07-09 13:30:00-04:00,1.5199999809265137,1.5299999713897705,1.5199999809265137,1.5199999809265137,8930,0.0,0.0
2024-07-09 13:35:00-04:00,1.5199999809265137,1.534999966621399,1.5199999809265137,1.534999966621399,31854,0.0,0.0
2024-07-09 13:40:00-04:00,1.534999966621399,1.534999966621399,1.534999966621399,1.534999966621399,1870,0.0,0.0
2024-07-09 13:45:00-04:00,1.534999966621399,1.5399999618530273,1.534999966621399,1.5399999618530273,19775,0.0,0.0
2024-07-09 13:50:00-04:00,1.5449999570846558,1.5499999523162842,1.5449999570846558,1.5499999523162842,9800,0.0,0.0
2024-07-09 13:55:00-04:00,1.5499999523162842,1.559999942779541,1.5463000535964966,1.5549999475479126,27542,0.0,0.0
2024-07-09 14:00:00-04:00,1.5549999475479126,1.559999942779541,1.5499999523162842,1.5549999475479126,37936,0.0,0.0
2024-07-09 14:05:00-04:00,1.5499999523162842,1.559999942779541,1.5499999523162842,1.5549999475479126,4880,0.0,0.0
2024-07-09 14:10:00-04:00,1.5499999523162842,1.559999942779541,1.5499999523162842,1.559999942779541,5282,0.0,0.0
2024-07-09 14:15:00-04:00,1.559999942779541,1.559999942779541,1.5499999523162842,1.5549999475479126,8185,0.0,0.0
2024-07-09 14:20:00-04:00,1.5499999523162842,1.559999942779541,1.5499999523162842,1.5499999523162842,4857,0.0,0.0
2024-07-09 14:25:00-04:00,1.5499999523162842,1.559999942779541,1.5499999523162842,1.5549999475479126,6554,0.0,0.0
2024-07-09 14:30:00-04:00,1.5499999523162842,1.559999942779541,1.5499999523162842,1.5549999475479126,6441,0.0,0.0
2024-07-09 14:35:00-04:00,1.5549999475479126,1.559999942779541,1.5499999523162842,1.559999942779541,5348,0.0,0.0
2024-07-09 14:40:00-04:00,1.5549999475479126,1.559999942779541,1.5500999689102173,1.5549999475479126,10467,0.0,0.0
2024-07-09 14:45:00-04:00,1.5549999475479126,1.559999942779541,1.5499999523162842,1.5499999523162842,6146,0.0,0.0
2024-07-09 14:50:00-04:00,1.5499999523162842,1.559999942779541,1.5499999523162842,1.559999942779541,3381,0.0,0.0
2024-07-09 14:55:00-04:00,1.5549999475479126,1.559999942779541,1.5499999523162842,1.559999942779541,7339,0.0,0.0
2024-07-09 15:00:00-04:00,1.5549999475479126,1.559999942779541,1.5499999523162842,1.5549999475479126,8504,0.0,0.0
2024-07-09 15:05:00-04:00,1.5506000518798828,1.559999942779541,1.5506000518798828,1.551800012588501,15243,0.0,0.0
2024-07-09 15:10:00-04:00,1.5549999475479126,1.559999942779541,1.5499999523162842,1.5556999444961548,6112,0.0,0.0
2024-07-09 15:15:00-04:00,1.5499999523162842,1.5800000429153442,1.5499999523162842,1.5750000476837158,88847,0.0,0.0
2024-07-09 15:20:00-04:00,1.5800000429153442,1.5800000429153442,1.573099970817566,1.5750000476837158,14242,0.0,0.0
2024-07-09 15:25:00-04:00,1.5750000476837158,1.5800000429153442,1.5700000524520874,1.5700000524520874,13758,0.0,0.0
2024-07-09 15:30:00-04:00,1.5750000476837158,1.590000033378601,1.5700000524520874,1.589400053024292,60726,0.0,0.0
2024-07-09 15:35:00-04:00,1.5850000381469727,1.590000033378601,1.5800000429153442,1.5850000381469727,12880,0.0,0.0
2024-07-09 15:40:00-04:00,1.5800000429153442,1.590000033378601,1.5800000429153442,1.5850000381469727,30001,0.0,0.0
2024-07-09 15:45:00-04:00,1.5850000381469727,1.600000023841858,1.5850000381469727,1.590000033378601,82907,0.0,0.0
2024-07-09 15:50:00-04:00,1.5950000286102295,1.6100000143051147,1.5950000286102295,1.6050000190734863,115433,0.0,0.0
2024-07-09 15:55:00-04:00,1.600000023841858,1.6200000047683716,1.590000033378601,1.600000023841858,331534,0.0,0.0
2024-07-10 09:30:00-04:00,1.590000033378601,1.659999966621399,1.590000033378601,1.659999966621399,70594,0.0,0.0
2024-07-10 09:35:00-04:00,1.6649999618530273,1.6649999618530273,1.5950000286102295,1.5950000286102295,70346,0.0,0.0
2024-07-10 09:40:00-04:00,1.5950000286102295,1.5950000286102295,1.559999942779541,1.5850000381469727,33269,0.0,0.0
2024-07-10 09:45:00-04:00,1.5800000429153442,1.590000033378601,1.5700000524520874,1.5850000381469727,25820,0.0,0.0
2024-07-10 09:50:00-04:00,1.5850000381469727,1.590000033378601,1.5700000524520874,1.5750000476837158,9170,0.0,0.0
2024-07-10 09:55:00-04:00,1.5750000476837158,1.5950000286102295,1.5750000476837158,1.590000033378601,17510,0.0,0.0
2024-07-10 10:00:00-04:00,1.5850000381469727,1.5850000381469727,1.570099949836731,1.570099949836731,10562,0.0,0.0
2024-07-10 10:05:00-04:00,1.5750000476837158,1.5750000476837158,1.5750000476837158,1.5750000476837158,5963,0.0,0.0
2024-07-10 10:10:00-04:00,1.5750000476837158,1.5750000476837158,1.5700000524520874,1.5750000476837158,10417,0.0,0.0
2024-07-10 10:15:00-04:00,1.5700000524520874,1.5700000524520874,1.5399999618530273,1.5549999475479126,72680,0.0,0.0
2024-07-10 10:20:00-04:00,1.558899998664856,1.558899998664856,1.5549999475479126,1.5549999475479126,9370,0.0,0.0
2024-07-10 10:25:00-04:00,1.5549999475479126,1.5549999475479126,1.5549999475479126,1.5549999475479126,2001,0.0,0.0
2024-07-10 10:30:00-04:00,1.5549999475479126,1.5549999475479126,1.5399999618530273,1.549399971961975,14533,0.0,0.0
2024-07-10 10:35:00-04:00,1.5407999753952026,1.5449999570846558,1.5299999713897705,1.532099962234497,16826,0.0,0.0
2024-07-10 10:40:00-04:00,1.5313999652862549,1.534999966621399,1.5299999713897705,1.534999966621399,3789,0.0,0.0
2024-07-10 10:45:00-04:00,1.5393999814987183,1.5399999618530273,1.5307999849319458,1.534999966621399,8685,0.0,0.0
2024-07-10 10:50:00-04:00,1.534999966621399,1.534999966621399,1.5202000141143799,1.5299999713897705,27449,0.0,0.0
2024-07-10 10:55:00-04:00,1.534999966621399,1.534999966621399,1.5149999856948853,1.5149999856948853,22775,0.0,0.0
2024-07-10 11:00:00-04:00,1.5149999856948853,1.5499999523162842,1.5099999904632568,1.5499999523162842,51689,0.0,0.0
2024-07-10 11:05:00-04:00,1.5499999523162842,1.559999942779541,1.5399999618530273,1.5399999618530273,62042,0.0,0.0
2024-07-10 11:10:00-04:00,1.5399999618530273,1.5399999618530273,1.534999966621399,1.534999966621399,2596,0.0,0.0
2024-07-10 11:15:00-04:00,1.5299999713897705,1.534999966621399,1.5299999713897705,1.5299999713897705,7526,0.0,0.0
2024-07-10 11:20:00-04:00,1.5299999713897705,1.534999966621399,1.5199999809265137,1.524999976158142,15618,0.0,0.0
2024-07-10 11:25:00-04:00,1.524999976158142,1.524999976158142,1.5099999904632568,1.5099999904632568,11199,0.0,0.0
2024-07-10 11:30:00-04:00,1.5199999809265137,1.524999976158142,1.5149999856948853,1.5199999809265137,38186,0.0,0.0
2024-07-10 11:35:00-04:00,1.5099999904632568,1.5149999856948853,1.5099999904632568,1.5099999904632568,6125,0.0,0.0
2024-07-10 11:40:00-04:00,1.5099999904632568,1.5149999856948853,1.5099999904632568,1.5099999904632568,6062,0.0,0.0
2024-07-10 11:45:00-04:00,1.5099999904632568,1.5149999856948853,1.5099999904632568,1.5099999904632568,6164,0.0,0.0
2024-07-10 11:50:00-04:00,1.5149999856948853,1.5198999643325806,1.5099999904632568,1.5149999856948853,4342,0.0,0.0
2024-07-10 11:55:00-04:00,1.5149999856948853,1.5199999809265137,1.5099999904632568,1.5149999856948853,15117,0.0,0.0
2024-07-10 12:00:00-04:00,1.5149999856948853,1.5149999856948853,1.5149999856948853,1.5149999856948853,2103,0.0,0.0
2024-07-10 12:05:00-04:00,1.5149999856948853,1.5149999856948853,1.5099999904632568,1.5149999856948853,3456,0.0,0.0
2024-07-10 12:10:00-04:00,1.5149999856948853,1.5149999856948853,1.5099999904632568,1.5149999856948853,2585,0.0,0.0
2024-07-10 12:15:00-04:00,1.5149999856948853,1.5299999713897705,1.5149999856948853,1.524999976158142,34190,0.0,0.0
2024-07-10 12:20:00-04:00,1.5199999809265137,1.5199999809265137,1.5149999856948853,1.5149999856948853,15539,0.0,0.0
2024-07-10 12:25:00-04:00,1.5149999856948853,1.5198999643325806,1.4950000047683716,1.5,25540,0.0,0.0
2024-07-10 12:30:00-04:00,1.4950000047683716,1.5049999952316284,1.4900000095367432,1.4950000047683716,65773,0.0,0.0
2024-07-10 12:35:00-04:00,1.4950000047683716,1.5,1.4900000095367432,1.4950000047683716,24028,0.0,0.0
2024-07-10 12:40:00-04:00,1.5,1.5049999952316284,1.4900000095367432,1.4900000095367432,28348,0.0,0.0
2024-07-10 12:45:00-04:00,1.4950000047683716,1.4988000392913818,1.4914000034332275,1.4974000453948975,3734,0.0,0.0
2024-07-10 12:50:00-04:00,1.4919999837875366,1.5,1.4900000095367432,1.4900000095367432,40447,0.0,0.0
2024-07-10 12:55:00-04:00,1.4900000095367432,1.4950000047683716,1.4850000143051147,1.4900000095367432,19801,0.0,0.0
2024-07-10 13:00:00-04:00,1.4850000143051147,1.499899983406067,1.4850000143051147,1.4950000047683716,27702,0.0,0.0
2024-07-10 13:05:00-04:00,1.5,1.5099999904632568,1.4950000047683716,1.5049999952316284,37231,0.0,0.0
2024-07-10 13:10:00-04:00,1.5099999904632568,1.5099999904632568,1.5049999952316284,1.5049999952316284,1784,0.0,0.0
2024-07-10 13:15:00-04:00,1.5049999952316284,1.5049999952316284,1.5,1.5,7410,0.0,0.0
2024-07-10 13:20:00-04:00,1.4900000095367432,1.4950000047683716,1.4800000190734863,1.4800000190734863,12942,0.0,0.0
2024-07-10 13:25:00-04:00,1.480299949645996,1.4900000095367432,1.4800000190734863,1.4800000190734863,4201,0.0,0.0
2024-07-10 13:30:00-04:00,1.4800000190734863,1.4800000190734863,1.4800000190734863,1.4800000190734863,2877,0.0,0.0
2024-07-10 13:35:00-04:00,1.4800000190734863,1.4900000095367432,1.4800000190734863,1.4850000143051147,20255,0.0,0.0
2024-07-10 13:40:00-04:00,1.4850000143051147,1.4900000095367432,1.4800000190734863,1.4800000190734863,3041,0.0,0.0
2024-07-10 13:45:00-04:00,1.4800000190734863,1.4800000190734863,1.4800000190734863,1.4800000190734863,1135,0.0,0.0
2024-07-10 13:50:00-04:00,1.4800000190734863,1.4850000143051147,1.4800000190734863,1.4850000143051147,1533,0.0,0.0
2024-07-10 13:55:00-04:00,1.4800000190734863,1.5099999904632568,1.4800000190734863,1.5,75352,0.0,0.0
2024-07-10 14:00:00-04:00,1.4950000047683716,1.5049999952316284,1.4900000095367432,1.4950000047683716,48184,0.0,0.0
2024-07-10 14:05:00-04:00,1.4950000047683716,1.5,1.4900000095367432,1.4900000095367432,20211,0.0,0.0
2024-07-10 14:10:00-04:00,1.4900000095367432,1.5049999952316284,1.4900000095367432,1.503000020980835,25959,0.0,0.0
2024-07-10 14:15:00-04:00,1.5,1.5049999952316284,1.5,1.5049999952316284,533,0.0,0.0
2024-07-10 14:20:00-04:00,1.5049999952316284,1.5049999952316284,1.4900000095367432,1.4950000047683716,14048,0.0,0.0
2024-07-10 14:25:00-04:00,1.4900000095367432,1.4950000047683716,1.4900000095367432,1.4900000095367432,1752,0.0,0.0
2024-07-10 14:30:00-04:00,1.4900000095367432,1.5,1.4900000095367432,1.4950000047683716,12342,0.0,0.0
2024-07-10 14:35:00-04:00,1.4950000047683716,1.5,1.4900000095367432,1.4950000047683716,7022,0.0,0.0
2024-07-10 14:40:00-04:00,1.4950000047683716,1.4950000047683716,1.4950000047683716,1.4950000047683716,1172,0.0,0.0
2024-07-10 14:45:00-04:00,1.4950000047683716,1.4950000047683716,1.4900000095367432,1.4900000095367432,1987,0.0,0.0
2024-07-10 14:50:00-04:00,1.4900000095367432,1.4900000095367432,1.4900000095367432,1.4900000095367432,2688,0.0,0.0
2024-07-10 14:55:00-04:00,1.4900000095367432,1.4900000095367432,1.4900000095367432,1.4900000095367432,3818,0.0,0.0
2024-07-10 15:00:00-04:00,1.4900000095367432,1.4950000047683716,1.4850000143051147,1.4850000143051147,8301,0.0,0.0
2024-07-10 15:05:00-04:00,1.4850000143051147,1.4950000047683716,1.4850000143051147,1.4900000095367432,20396,0.0,0.0
2024-07-10 15:10:00-04:00,1.4900000095367432,1.4900000095367432,1.4800000190734863,1.4800000190734863,10514,0.0,0.0
2024-07-10 15:15:00-04:00,1.4800000190734863,1.4850000143051147,1.4800000190734863,1.4800000190734863,2654,0.0,0.0
2024-07-10 15:20:00-04:00,1.4800000190734863,1.4850000143051147,1.4700000286102295,1.4800000190734863,23051,0.0,0.0
2024-07-10 15:25:00-04:00,1.4800000190734863,1.48989999294281,1.4799000024795532,1.4850000143051147,63085,0.0,0.0
2024-07-10 15:30:00-04:00,1.4800000190734863,1.48989999294281,1.4800000190734863,1.4850000143051147,34969,0.0,0.0
2024-07-10 15:35:00-04:00,1.4850000143051147,1.489300012588501,1.4800000190734863,1.4800000190734863,26738,0.0,0.0
2024-07-10 15:40:00-04:00,1.4800000190734863,1.4900000095367432,1.4800000190734863,1.4850000143051147,22400,0.0,0.0
2024-07-10 15:45:00-04:00,1.4850000143051147,1.4850000143051147,1.4800000190734863,1.4800000190734863,17506,0.0,0.0
2024-07-10 15:50:00-04:00,1.4800000190734863,1.4800000190734863,1.4700000286102295,1.4700000286102295,31452,0.0,0.0
2024-07-10 15:55:00-04:00,1.4700000286102295,1.475000023841858,1.4600000381469727,1.4700000286102295,179646,0.0,0.0
2024-07-11 09:30:00-04:00,1.5399999618530273,1.5449999570846558,1.5099999904632568,1.5149999856948853,18538,0.0,0.0
2024-07-11 09:35:00-04:00,1.5149999856948853,1.524999976158142,1.5099999904632568,1.524999976158142,9515,0.0,0.0
2024-07-11 09:40:00-04:00,1.524999976158142,1.5499999523162842,1.524999976158142,1.534999966621399,28846,0.0,0.0
2024-07-11 09:45:00-04:00,1.5362999439239502,1.537500023841858,1.5049999952316284,1.5149999856948853,38212,0.0,0.0
2024-07-11 09:50:00-04:00,1.5199999809265137,1.5549999475479126,1.5149999856948853,1.5500999689102173,38105,0.0,0.0
2024-07-11 09:55:00-04:00,1.5499999523162842,1.5549999475479126,1.5399999618530273,1.5549999475479126,15858,0.0,0.0
2024-07-11 10:00:00-04:00,1.5549999475479126,1.5700000524520874,1.5549999475479126,1.565000057220459,13329,0.0,0.0
2024-07-11 10:05:00-04:00,1.565000057220459,1.5800000429153442,1.565000057220459,1.5750000476837158,22757,0.0,0.0
2024-07-11 10:10:00-04:00,1.5750000476837158,1.5950000286102295,1.5750000476837158,1.5850000381469727,0,0.0,0.0
2024-07-11 10:15:00-04:00,1.5850000381469727,1.590000033378601,1.565000057220459,1.5800000429153442,320840,0.0,0.0
2024-07-11 10:20:00-04:00,1.5800000429153442,1.600000023841858,1.5750000476837158,1.5950000286102295,52832,0.0,0.0
2024-07-11 10:25:00-04:00,1.590000033378601,1.5951000452041626,1.5750000476837158,1.590000033378601,29066,0.0,0.0
2024-07-11 10:30:00-04:00,1.590000033378601,1.600000023841858,1.5850000381469727,1.5994000434875488,17556,0.0,0.0
2024-07-11 10:35:00-04:00,1.590000033378601,1.5951000452041626,1.590000033378601,1.5950000286102295,30824,0.0,0.0
2024-07-11 10:40:00-04:00,1.5950000286102295,1.6200000047683716,1.5901000499725342,1.6150000095367432,42926,0.0,0.0
2024-07-11 10:45:00-04:00,1.6150000095367432,1.6194000244140625,1.600600004196167,1.6050000190734863,28009,0.0,0.0
2024-07-11 10:50:00-04:00,1.6098999977111816,1.6100000143051147,1.6050000190734863,1.6050000190734863,16675,0.0,0.0
2024-07-11 10:55:00-04:00,1.6050000190734863,1.6073999404907227,1.6050000190734863,1.6050000190734863,8738,0.0,0.0
2024-07-11 11:00:00-04:00,1.6050000190734863,1.6180000305175781,1.6050000190734863,1.6050000190734863,18821,0.0,0.0
2024-07-11 11:05:00-04:00,1.6050000190734863,1.6200000047683716,1.600000023841858,1.6200000047683716,16726,0.0,0.0
2024-07-11 11:10:00-04:00,1.6150000095367432,1.6150000095367432,1.6100000143051147,1.6150000095367432,3822,0.0,0.0
2024-07-11 11:15:00-04:00,1.6150000095367432,1.6150000095367432,1.6050000190734863,1.6050000190734863,7081,0.0,0.0
2024-07-11 11:20:00-04:00,1.600600004196167,1.6150000095367432,1.600000023841858,1.6150000095367432,19670,0.0,0.0
2024-07-11 11:25:00-04:00,1.6150000095367432,1.6200000047683716,1.6100000143051147,1.6150000095367432,24550,0.0,0.0
2024-07-11 11:30:00-04:00,1.6200000047683716,1.6299999952316284,1.6200000047683716,1.6200000047683716,22208,0.0,0.0
2024-07-11 11:35:00-04:00,1.625,1.6299999952316284,1.6200000047683716,1.6299999952316284,7393,0.0,0.0
2024-07-11 11:40:00-04:00,1.6200000047683716,1.6200000047683716,1.6150000095367432,1.6150000095367432,24211,0.0,0.0
2024-07-11 11:45:00-04:00,1.6150000095367432,1.6200000047683716,1.6101000308990479,1.6150000095367432,8502,0.0,0.0
2024-07-11 11:50:00-04:00,1.6150000095367432,1.6150000095367432,1.6100000143051147,1.6100000143051147,6757,0.0,0.0
2024-07-11 11:55:00-04:00,1.6100000143051147,1.6150000095367432,1.6050000190734863,1.6150000095367432,23563,0.0,0.0
2024-07-11 12:00:00-04:00,1.6150000095367432,1.6150000095367432,1.6050000190734863,1.6050000190734863,20373,0.0,0.0
2024-07-11 12:05:00-04:00,1.6050000190734863,1.6150000095367432,1.6050000190734863,1.6150000095367432,25711,0.0,0.0
2024-07-11 12:10:00-04:00,1.6150000095367432,1.6200000047683716,1.6100000143051147,1.6150000095367432,13122,0.0,0.0
2024-07-11 12:15:00-04:00,1.6150000095367432,1.6181999444961548,1.6114000082015991,1.6150000095367432,6028,0.0,0.0
2024-07-11 12:20:00-04:00,1.6150000095367432,1.6200000047683716,1.6100000143051147,1.6150000095367432,19364,0.0,0.0
2024-07-11 12:25:00-04:00,1.6150000095367432,1.6200000047683716,1.6100000143051147,1.6150000095367432,12439,0.0,0.0
2024-07-11 12:30:00-04:00,1.6150000095367432,1.6200000047683716,1.6150000095367432,1.6150000095367432,11708,0.0,0.0
2024-07-11 12:35:00-04:00,1.6150000095367432,1.6399999856948853,1.611299991607666,1.6349999904632568,92634,0.0,0.0
2024-07-11 12:40:00-04:00,1.6299999952316284,1.6394000053405762,1.6200000047683716,1.625,23277,0.0,0.0
2024-07-11 12:45:00-04:00,1.6200000047683716,1.6267999410629272,1.6150000095367432,1.6150000095367432,26947,0.0,0.0
2024-07-11 12:50:00-04:00,1.6150000095367432,1.6150000095367432,1.6150000095367432,1.6150000095367432,5773,0.0,0.0
2024-07-11 12:55:00-04:00,1.6150000095367432,1.6200000047683716,1.6150000095367432,1.6150000095367432,10601,0.0,0.0
2024-07-11 13:00:00-04:00,1.6150000095367432,1.6200000047683716,1.6150000095367432,1.6150000095367432,16001,0.0,0.0
2024-07-11 13:05:00-04:00,1.6150000095367432,1.6299999952316284,1.6150000095367432,1.625,27522,0.0,0.0
2024-07-11 13:10:00-04:00,1.625,1.625,1.6200000047683716,1.625,7981,0.0,0.0
2024-07-11 13:15:00-04:00,1.625,1.625,1.6150000095367432,1.6150000095367432,55692,0.0,0.0
2024-07-11 13:20:00-04:00,1.6150000095367432,1.6150000095367432,1.6100000143051147,1.6150000095367432,12447,0.0,0.0
2024-07-11 13:25:00-04:00,1.6200000047683716,1.6200000047683716,1.6100000143051147,1.6100000143051147,8218,0.0,0.0
2024-07-11 13:30:00-04:00,1.6150000095367432,1.6150000095367432,1.6100000143051147,1.6150000095367432,3160,0.0,0.0
2024-07-11 13:35:00-04:00,1.6150000095367432,1.6150000095367432,1.6050000190734863,1.6050000190734863,35896,0.0,0.0
2024-07-11 13:40:00-04:00,1.6050000190734863,1.6200000047683716,1.6050000190734863,1.6150000095367432,47297,0.0,0.0
2024-07-11 13:45:00-04:00,1.6198999881744385,1.6200000047683716,1.6114000082015991,1.6150000095367432,8887,0.0,0.0
2024-07-11 13:50:00-04:00,1.6150000095367432,1.6150000095367432,1.6150000095367432,1.6150000095367432,10717,0.0,0.0
2024-07-11 13:55:00-04:00,1.6150000095367432,1.6200000047683716,1.6150000095367432,1.6150000095367432,9645,0.0,0.0
2024-07-11 14:00:00-04:00,1.6200000047683716,1.6299999952316284,1.6150000095367432,1.625,39667,0.0,0.0
2024-07-11 14:05:00-04:00,1.625,1.6399999856948853,1.6200000047683716,1.625,34071,0.0,0.0
2024-07-11 14:10:00-04:00,1.625,1.6299999952316284,1.625,1.625,18942,0.0,0.0
2024-07-11 14:15:00-04:00,1.625,1.6399999856948853,1.625,1.6349999904632568,21329,0.0,0.0
2024-07-11 14:20:00-04:00,1.6349999904632568,1.6399999856948853,1.625,1.6375000476837158,57018,0.0,0.0
2024-07-11 14:25:00-04:00,1.6399999856948853,1.6399999856948853,1.6349999904632568,1.6375000476837158,9065,0.0,0.0
2024-07-11 14:30:00-04:00,1.6349999904632568,1.6549999713897705,1.6349999904632568,1.6549999713897705,88119,0.0,0.0
2024-07-11 14:35:00-04:00,1.6549999713897705,1.659999966621399,1.6449999809265137,1.649999976158142,61304,0.0,0.0
2024-07-11 14:40:00-04:00,1.6449999809265137,1.6449999809265137,1.6349999904632568,1.6349999904632568,11511,0.0,0.0
2024-07-11 14:45:00-04:00,1.6349999904632568,1.6399999856948853,1.6349999904632568,1.6349999904632568,22760,0.0,0.0
2024-07-11 14:50:00-04:00,1.6349999904632568,1.6399999856948853,1.6349999904632568,1.6349999904632568,13427,0.0,0.0
2024-07-11 14:55:00-04:00,1.6349999904632568,1.6349999904632568,1.6349999904632568,1.6349999904632568,10275,0.0,0.0
2024-07-11 15:00:00-04:00,1.6349999904632568,1.6399999856948853,1.6349999904632568,1.6349999904632568,16727,0.0,0.0
2024-07-11 15:05:00-04:00,1.6349999904632568,1.6399999856948853,1.6349999904632568,1.6349999904632568,20830,0.0,0.0
2024-07-11 15:10:00-04:00,1.6349999904632568,1.6399999856948853,1.6339999437332153,1.6349999904632568,16311,0.0,0.0
2024-07-11 15:15:00-04:00,1.631100058555603,1.6399999856948853,1.6299999952316284,1.6349999904632568,23033,0.0,0.0
2024-07-11 15:20:00-04:00,1.6349999904632568,1.6399999856948853,1.6349999904632568,1.6349999904632568,18761,0.0,0.0
2024-07-11 15:25:00-04:00,1.6349999904632568,1.6399999856948853,1.6299999952316284,1.6349999904632568,21837,0.0,0.0
2024-07-11 15:30:00-04:00,1.6349999904632568,1.659999966621399,1.6349999904632568,1.6500999927520752,58025,0.0,0.0
2024-07-11 15:35:00-04:00,1.6549999713897705,1.659999966621399,1.649999976158142,1.649999976158142,32903,0.0,0.0
2024-07-11 15:40:00-04:00,1.6549999713897705,1.6549999713897705,1.6449999809265137,1.6549999713897705,50450,0.0,0.0
2024-07-11 15:45:00-04:00,1.6549999713897705,1.6549999713897705,1.6449999809265137,1.649999976158142,49909,0.0,0.0
2024-07-11 15:50:00-04:00,1.6449999809265137,1.6449999809265137,1.6399999856948853,1.6399999856948853,58922,0.0,0.0
2024-07-11 15:55:00-04:00,1.6449999809265137,1.649999976158142,1.6399999856948853,1.649999976158142,189709,0.0,0.0
2024-07-12 09:30:00-04:00,1.6799999475479126,1.7000000476837158,1.6699999570846558,1.6799999475479126,47233,0.0,0.0
2024-07-12 09:35:00-04:00,1.684999942779541,1.690000057220459,1.6699999570846558,1.6799999475479126,16527,0.0,0.0
2024-07-12 09:40:00-04:00,1.684999942779541,1.7200000286102295,1.684999942779541,1.7100000381469727,32299,0.0,0.0
2024-07-12 09:45:00-04:00,1.7197999954223633,1.7197999954223633,1.7050000429153442,1.7085000276565552,27843,0.0,0.0
2024-07-12 09:50:00-04:00,1.7000000476837158,1.7106000185012817,1.6950000524520874,1.7050000429153442,35637,0.0,0.0
2024-07-12 09:55:00-04:00,1.7050000429153442,1.7100000381469727,1.7050000429153442,1.7100000381469727,5077,0.0,0.0
2024-07-12 10:00:00-04:00,1.7000000476837158,1.7000000476837158,1.7000000476837158,1.7000000476837158,19696,0.0,0.0
2024-07-12 10:05:00-04:00,1.7100000381469727,1.715000033378601,1.7000000476837158,1.7050000429153442,38680,0.0,0.0
2024-07-12 10:10:00-04:00,1.7050000429153442,1.7100000381469727,1.6901999711990356,1.7050000429153442,127234,0.0,0.0
2024-07-12 10:15:00-04:00,1.7000000476837158,1.7050000429153442,1.7000000476837158,1.7000000476837158,16658,0.0,0.0
2024-07-12 10:20:00-04:00,1.7050000429153442,1.7100000381469727,1.7000000476837158,1.7000000476837158,8711,0.0,0.0
2024-07-12 10:25:00-04:00,1.7000000476837158,1.715000033378601,1.7000000476837158,1.715000033378601,29342,0.0,0.0
2024-07-12 10:30:00-04:00,1.7100000381469727,1.7200000286102295,1.7000000476837158,1.7000000476837158,22621,0.0,0.0
2024-07-12 10:35:00-04:00,1.7000000476837158,1.7000000476837158,1.7000000476837158,1.7000000476837158,1558,0.0,0.0
2024-07-12 10:40:00-04:00,1.7050000429153442,1.7050000429153442,1.6950000524520874,1.7000000476837158,28910,0.0,0.0
2024-07-12 10:45:00-04:00,1.7000000476837158,1.7059999704360962,1.6950000524520874,1.6950000524520874,24204,0.0,0.0
2024-07-12 10:50:00-04:00,1.6950000524520874,1.6970000267028809,1.6950000524520874,1.6950000524520874,2617,0.0,0.0
2024-07-12 10:55:00-04:00,1.6950000524520874,1.6950000524520874,1.6950000524520874,1.6950000524520874,5112,0.0,0.0
2024-07-12 11:00:00-04:00,1.6950000524520874,1.7050000429153442,1.6950000524520874,1.7000000476837158,21150,0.0,0.0
2024-07-12 11:05:00-04:00,1.7000000476837158,1.7050000429153442,1.7000000476837158,1.7000000476837158,22151,0.0,0.0
2024-07-12 11:10:00-04:00,1.7000000476837158,1.7050000429153442,1.7000000476837158,1.7000000476837158,2788,0.0,0.0
2024-07-12 11:15:00-04:00,1.7050000429153442,1.7050000429153442,1.7000000476837158,1.7000000476837158,2342,0.0,0.0
2024-07-12 11:20:00-04:00,1.7000000476837158,1.7050000429153442,1.7000000476837158,1.7050000429153442,7931,0.0,0.0
2024-07-12 11:25:00-04:00,1.7000000476837158,1.7100000381469727,1.7000000476837158,1.7100000381469727,6577,0.0,0.0
2024-07-12 11:30:00-04:00,1.7100000381469727,1.7100000381469727,1.7000000476837158,1.7100000381469727,3915,0.0,0.0
2024-07-12 11:35:00-04:00,1.7050000429153442,1.7100000381469727,1.7000000476837158,1.7100000381469727,10928,0.0,0.0
2024-07-12 11:40:00-04:00,1.7050000429153442,1.7100000381469727,1.7000000476837158,1.7100000381469727,4468,0.0,0.0
2024-07-12 11:45:00-04:00,1.7100000381469727,1.7100000381469727,1.7050000429153442,1.7100000381469727,6333,0.0,0.0
2024-07-12 11:50:00-04:00,1.7100000381469727,1.7100000381469727,1.7000000476837158,1.7050000429153442,6618,0.0,0.0
2024-07-12 11:55:00-04:00,1.7000000476837158,1.7050000429153442,1.6950000524520874,1.6950000524520874,29527,0.0,0.0
2024-07-12 12:00:00-04:00,1.6950000524520874,1.6950000524520874,1.6950000524520874,1.6950000524520874,3584,0.0,0.0
2024-07-12 12:05:00-04:00,1.6950000524520874,1.6950000524520874,1.6950000524520874,1.6950000524520874,5561,0.0,0.0
2024-07-12 12:10:00-04:00,1.6950000524520874,1.6950000524520874,1.6950000524520874,1.6950000524520874,8062,0.0,0.0
2024-07-12 12:15:00-04:00,1.6950000524520874,1.6950000524520874,1.6950000524520874,1.6950000524520874,5910,0.0,0.0
2024-07-12 12:20:00-04:00,1.6950000524520874,1.7000000476837158,1.690000057220459,1.6950000524520874,20660,0.0,0.0
2024-07-12 12:25:00-04:00,1.6950000524520874,1.6964999437332153,1.6950000524520874,1.6950000524520874,9957,0.0,0.0
2024-07-12 12:30:00-04:00,1.6950000524520874,1.7000000476837158,1.690000057220459,1.6950000524520874,19917,0.0,0.0
2024-07-12 12:35:00-04:00,1.6950000524520874,1.7000000476837158,1.6950000524520874,1.6950000524520874,10479,0.0,0.0
2024-07-12 12:40:00-04:00,1.7000000476837158,1.7000000476837158,1.6950000524520874,1.6950000524520874,3917,0.0,0.0
2024-07-12 12:45:00-04:00,1.6950000524520874,1.6950000524520874,1.690600037574768,1.6950000524520874,16322,0.0,0.0
2024-07-12 12:50:00-04:00,1.6950000524520874,1.7000000476837158,1.6950000524520874,1.6950000524520874,11676,0.0,0.0
2024-07-12 12:55:00-04:00,1.6950000524520874,1.7000000476837158,1.6950000524520874,1.6950000524520874,12457,0.0,0.0
2024-07-12 13:00:00-04:00,1.6950000524520874,1.7000000476837158,1.6950000524520874,1.6950000524520874,9225,0.0,0.0
2024-07-12 13:05:00-04:00,1.6950000524520874,1.7000000476837158,1.6950000524520874,1.6950000524520874,4367,0.0,0.0
2024-07-12 13:10:00-04:00,1.6950000524520874,1.7000000476837158,1.690000057220459,1.6950000524520874,15667,0.0,0.0
2024-07-12 13:15:00-04:00,1.6950000524520874,1.6967999935150146,1.690000057220459,1.6950000524520874,15990,0.0,0.0
2024-07-12 13:20:00-04:00,1.6950000524520874,1.7000000476837158,1.6399999856948853,1.6399999856948853,123175,0.0,0.0
2024-07-12 13:25:00-04:00,1.6399999856948853,1.649899959564209,1.6399999856948853,1.6399999856948853,16703,0.0,0.0
2024-07-12 13:30:00-04:00,1.6399999856948853,1.6449999809265137,1.6399999856948853,1.6399999856948853,10779,0.0,0.0
2024-07-12 13:35:00-04:00,1.6399999856948853,1.6449999809265137,1.6349999904632568,1.6399999856948853,27141,0.0,0.0
2024-07-12 13:40:00-04:00,1.6449999809265137,1.659999966621399,1.6449999809265137,1.659999966621399,25847,0.0,0.0
2024-07-12 13:45:00-04:00,1.6549999713897705,1.6549999713897705,1.649999976158142,1.649999976158142,18288,0.0,0.0
2024-07-12 13:50:00-04:00,1.649999976158142,1.649999976158142,1.6399999856948853,1.6399999856948853,10757,0.0,0.0
2024-07-12 13:55:00-04:00,1.649999976158142,1.649999976158142,1.6399999856948853,1.6449999809265137,4331,0.0,0.0
2024-07-12 14:00:00-04:00,1.6399999856948853,1.6449999809265137,1.6399999856948853,1.6449999809265137,11979,0.0,0.0
2024-07-12 14:05:00-04:00,1.6449999809265137,1.649999976158142,1.6399999856948853,1.6449999809265137,7434,0.0,0.0
2024-07-12 14:10:00-04:00,1.6449999809265137,1.659999966621399,1.6399999856948853,1.6549999713897705,19199,0.0,0.0
2024-07-12 14:15:00-04:00,1.6549999713897705,1.6549999713897705,1.6549999713897705,1.6549999713897705,5026,0.0,0.0
2024-07-12 14:20:00-04:00,1.6549999713897705,1.6549999713897705,1.649999976158142,1.6549999713897705,7019,0.0,0.0
2024-07-12 14:25:00-04:00,1.6549999713897705,1.6549999713897705,1.6449999809265137,1.6449999809265137,20600,0.0,0.0
2024-07-12 14:30:00-04:00,1.6399999856948853,1.649999976158142,1.6399999856948853,1.6449999809265137,13390,0.0,0.0
2024-07-12 14:35:00-04:00,1.6399999856948853,1.6449999809265137,1.6399999856948853,1.6449999809265137,9765,0.0,0.0
2024-07-12 14:40:00-04:00,1.649999976158142,1.6649999618530273,1.6449999809265137,1.6549999713897705,56987,0.0,0.0
2024-07-12 14:45:00-04:00,1.6549999713897705,1.6649999618530273,1.649999976158142,1.6649999618530273,30829,0.0,0.0
2024-07-12 14:50:00-04:00,1.6649999618530273,1.6699999570846558,1.659999966621399,1.6649999618530273,6214,0.0,0.0
2024-07-12 14:55:00-04:00,1.6649999618530273,1.6699999570846558,1.6649999618530273,1.6649999618530273,11740,0.0,0.0
2024-07-12 15:00:00-04:00,1.659999966621399,1.6649999618530273,1.659999966621399,1.6649999618530273,6642,0.0,0.0
2024-07-12 15:05:00-04:00,1.6699999570846558,1.6699999570846558,1.6649999618530273,1.6649999618530273,9078,0.0,0.0
2024-07-12 15:10:00-04:00,1.6683000326156616,1.6683000326156616,1.659999966621399,1.6649999618530273,7542,0.0,0.0
2024-07-12 15:15:00-04:00,1.6649999618530273,1.6799999475479126,1.659999966621399,1.6749999523162842,20446,0.0,0.0
2024-07-12 15:20:00-04:00,1.6799999475479126,1.6799999475479126,1.6699999570846558,1.6749999523162842,9724,0.0,0.0
2024-07-12 15:25:00-04:00,1.6799999475479126,1.6799999475479126,1.6749999523162842,1.6749999523162842,9706,0.0,0.0
2024-07-12 15:30:00-04:00,1.6799999475479126,1.6799999475479126,1.6699999570846558,1.6699999570846558,21136,0.0,0.0
2024-07-12 15:35:00-04:00,1.6749999523162842,1.6799999475479126,1.6699999570846558,1.6749999523162842,30432,0.0,0.0
2024-07-12 15:40:00-04:00,1.6749999523162842,1.6749999523162842,1.659999966621399,1.659999966621399,30763,0.0,0.0
2024-07-12 15:45:00-04:00,1.6649999618530273,1.6649999618530273,1.6399999856948853,1.6399999856948853,62152,0.0,0.0
2024-07-12 15:50:00-04:00,1.6399999856948853,1.649999976158142,1.6399999856948853,1.6399999856948853,139769,0.0,0.0
2024-07-12 15:55:00-04:00,1.6399999856948853,1.659999966621399,1.6349999904632568,1.649999976158142,270090,0.0,0.0
2024-07-15 09:30:00-04:00,1.649999976158142,1.649999976158142,1.590000033378601,1.5950000286102295,37699,0.0,0.0
2024-07-15 09:35:00-04:00,1.5999000072479248,1.600000023841858,1.5750000476837158,1.5950000286102295,74557,0.0,0.0
2024-07-15 09:40:00-04:00,1.597000002861023,1.600000023841858,1.5850000381469727,1.5950000286102295,42214,0.0,0.0
2024-07-15 09:45:00-04:00,1.590000033378601,1.5950000286102295,1.590000033378601,1.5950000286102295,19618,0.0,0.0
2024-07-15 09:50:00-04:00,1.590000033378601,1.5950000286102295,1.5800000429153442,1.5850000381469727,27629,0.0,0.0
2024-07-15 09:55:00-04:00,1.5850000381469727,1.5888999700546265,1.5800000429153442,1.5850000381469727,9806,0.0,0.0
2024-07-15 10:00:00-04:00,1.5850000381469727,1.5895999670028687,1.5850000381469727,1.5850000381469727,11557,0.0,0.0
2024-07-15 10:05:00-04:00,1.5850000381469727,1.590000033378601,1.5750000476837158,1.5750000476837158,12322,0.0,0.0
2024-07-15 10:10:00-04:00,1.570099949836731,1.579699993133545,1.570099949836731,1.5750000476837158,11754,0.0,0.0
2024-07-15 10:15:00-04:00,1.5750000476837158,1.5856000185012817,1.5750000476837158,1.5850000381469727,6695,0.0,0.0
2024-07-15 10:20:00-04:00,1.5850000381469727,1.590000033378601,1.5850000381469727,1.5850000381469727,8999,0.0,0.0
2024-07-15 10:25:00-04:00,1.5850000381469727,1.600000023841858,1.5850000381469727,1.5950000286102295,21344,0.0,0.0
2024-07-15 10:30:00-04:00,1.590000033378601,1.5950000286102295,1.5850000381469727,1.5950000286102295,21236,0.0,0.0
2024-07-15 10:35:00-04:00,1.5950000286102295,1.5994000434875488,1.590000033378601,1.590000033378601,10425,0.0,0.0
2024-07-15 10:40:00-04:00,1.590000033378601,1.590000033378601,1.590000033378601,1.590000033378601,5939,0.0,0.0
2024-07-15 10:45:00-04:00,1.590000033378601,1.5950000286102295,1.590000033378601,1.5950000286102295,3770,0.0,0.0
2024-07-15 10:50:00-04:00,1.5950000286102295,1.5950000286102295,1.590000033378601,1.590000033378601,7960,0.0,0.0
2024-07-15 10:55:00-04:00,1.5950000286102295,1.5950000286102295,1.590000033378601,1.5950000286102295,11347,0.0,0.0
2024-07-15 11:00:00-04:00,1.590000033378601,1.590000033378601,1.5850000381469727,1.5850000381469727,20210,0.0,0.0
2024-07-15 11:05:00-04:00,1.5850000381469727,1.5850000381469727,1.5850000381469727,1.5850000381469727,6208,0.0,0.0
2024-07-15 11:10:00-04:00,1.5850000381469727,1.5950000286102295,1.5850000381469727,1.5950000286102295,10233,0.0,0.0
2024-07-15 11:15:00-04:00,1.5950000286102295,1.5950000286102295,1.590000033378601,1.5950000286102295,6135,0.0,0.0
2024-07-15 11:20:00-04:00,1.5950000286102295,1.5994000434875488,1.590000033378601,1.5950000286102295,15457,0.0,0.0
2024-07-15 11:25:00-04:00,1.5950000286102295,1.6050000190734863,1.5950000286102295,1.6050000190734863,41541,0.0,0.0
2024-07-15 11:30:00-04:00,1.600000023841858,1.6053999662399292,1.590000033378601,1.6053999662399292,73400,0.0,0.0
2024-07-15 11:35:00-04:00,1.6050000190734863,1.6050000190734863,1.6050000190734863,1.6050000190734863,4604,0.0,0.0
2024-07-15 11:40:00-04:00,1.6050000190734863,1.6299999952316284,1.6050000190734863,1.6299999952316284,19420,0.0,0.0
2024-07-15 11:45:00-04:00,1.625,1.6394000053405762,1.625,1.6394000053405762,12184,0.0,0.0
2024-07-15 11:50:00-04:00,1.6349999904632568,1.6349999904632568,1.6299999952316284,1.6349999904632568,11137,0.0,0.0
2024-07-15 11:55:00-04:00,1.6349999904632568,1.648300051689148,1.6305999755859375,1.6399999856948853,12824,0.0,0.0
2024-07-15 12:00:00-04:00,1.6399999856948853,1.6399999856948853,1.6200000047683716,1.6200000047683716,30920,0.0,0.0
2024-07-15 12:05:00-04:00,1.6200000047683716,1.6200000047683716,1.6150000095367432,1.6150000095367432,13963,0.0,0.0
2024-07-15 12:10:00-04:00,1.6150000095367432,1.6150000095367432,1.6150000095367432,1.6150000095367432,5106,0.0,0.0
2024-07-15 12:15:00-04:00,1.6150000095367432,1.61899995803833,1.6100000143051147,1.6150000095367432,10709,0.0,0.0
2024-07-15 12:20:00-04:00,1.6150000095367432,1.6200000047683716,1.6150000095367432,1.6150000095367432,3781,0.0,0.0
2024-07-15 12:25:00-04:00,1.6150000095367432,1.6200000047683716,1.6150000095367432,1.6150000095367432,7984,0.0,0.0
2024-07-15 12:30:00-04:00,1.6150000095367432,1.6150000095367432,1.6150000095367432,1.6150000095367432,3277,0.0,0.0
2024-07-15 12:35:00-04:00,1.6150000095367432,1.6150000095367432,1.6150000095367432,1.6150000095367432,4539,0.0,0.0
2024-07-15 12:40:00-04:00,1.6150000095367432,1.6200000047683716,1.6150000095367432,1.6150000095367432,5755,0.0,0.0
2024-07-15 12:45:00-04:00,1.6150000095367432,1.6150000095367432,1.6150000095367432,1.6150000095367432,9271,0.0,0.0
2024-07-15 12:50:00-04:00,1.6150000095367432,1.6150000095367432,1.6101000308990479,1.6150000095367432,9742,0.0,0.0
2024-07-15 12:55:00-04:00,1.6150000095367432,1.6200000047683716,1.6101000308990479,1.6200000047683716,7778,0.0,0.0
2024-07-15 13:00:00-04:00,1.6150000095367432,1.6150000095367432,1.6050000190734863,1.6050000190734863,31845,0.0,0.0
2024-07-15 13:05:00-04:00,1.6050000190734863,1.6100000143051147,1.6050000190734863,1.6050000190734863,6413,0.0,0.0
2024-07-15 13:10:00-04:00,1.6050000190734863,1.6150000095367432,1.6050000190734863,1.6050000190734863,23422,0.0,0.0
2024-07-15 13:15:00-04:00,1.6050000190734863,1.6096999645233154,1.6050000190734863,1.6050000190734863,9394,0.0,0.0
2024-07-15 13:20:00-04:00,1.6050000190734863,1.6050000190734863,1.6050000190734863,1.6050000190734863,12853,0.0,0.0
2024-07-15 13:25:00-04:00,1.6050000190734863,1.6100000143051147,1.6050000190734863,1.6050000190734863,9617,0.0,0.0
2024-07-15 13:30:00-04:00,1.6050000190734863,1.6050000190734863,1.6050000190734863,1.6050000190734863,10411,0.0,0.0
2024-07-15 13:35:00-04:00,1.6050000190734863,1.6097999811172485,1.6017999649047852,1.6050000190734863,8830,0.0,0.0
2024-07-15 13:40:00-04:00,1.6050000190734863,1.6100000143051147,1.6007000207901,1.6050000190734863,16232,0.0,0.0
2024-07-15 13:45:00-04:00,1.6050000190734863,1.6050000190734863,1.6050000190734863,1.6050000190734863,15592,0.0,0.0
2024-07-15 13:50:00-04:00,1.600000023841858,1.6050000190734863,1.600000023841858,1.6050000190734863,3396,0.0,0.0
2024-07-15 13:55:00-04:00,1.6050000190734863,1.6050000190734863,1.6039999723434448,1.6050000190734863,11694,0.0,0.0
2024-07-15 14:00:00-04:00,1.6050000190734863,1.6200000047683716,1.6050000190734863,1.6150000095367432,15169,0.0,0.0
2024-07-15 14:05:00-04:00,1.6150000095367432,1.6200000047683716,1.6150000095367432,1.6200000047683716,3635,0.0,0.0
2024-07-15 14:10:00-04:00,1.6150000095367432,1.6200000047683716,1.6101000308990479,1.6150000095367432,19573,0.0,0.0
2024-07-15 14:15:00-04:00,1.6150000095367432,1.6150000095367432,1.6146999597549438,1.6150000095367432,7359,0.0,0.0
2024-07-15 14:20:00-04:00,1.6150000095367432,1.6200000047683716,1.6115000247955322,1.6150000095367432,18686,0.0,0.0
2024-07-15 14:25:00-04:00,1.6200000047683716,1.6200000047683716,1.600000023841858,1.6050000190734863,25817,0.0,0.0
2024-07-15 14:30:00-04:00,1.6050000190734863,1.6100000143051147,1.6050000190734863,1.6050000190734863,6282,0.0,0.0
2024-07-15 14:35:00-04:00,1.6050000190734863,1.6050000190734863,1.6050000190734863,1.6050000190734863,12272,0.0,0.0
2024-07-15 14:40:00-04:00,1.6050000190734863,1.6050000190734863,1.6050000190734863,1.6050000190734863,13279,0.0,0.0
2024-07-15 14:45:00-04:00,1.6050000190734863,1.6100000143051147,1.6050000190734863,1.6050000190734863,11094,0.0,0.0
2024-07-15 14:50:00-04:00,1.6050000190734863,1.6100000143051147,1.6050000190734863,1.6050000190734863,8993,0.0,0.0
2024-07-15 14:55:00-04:00,1.6050000190734863,1.6095000505447388,1.6050000190734863,1.6050000190734863,18022,0.0,0.0
2024-07-15 15:00:00-04:00,1.6050000190734863,1.6150000095367432,1.6050000190734863,1.6050000190734863,27056,0.0,0.0
2024-07-15 15:05:00-04:00,1.6100000143051147,1.6150000095367432,1.6050000190734863,1.6100000143051147,19696,0.0,0.0
2024-07-15 15:10:00-04:00,1.6198999881744385,1.6198999881744385,1.611799955368042,1.6150000095367432,10862,0.0,0.0
2024-07-15 15:15:00-04:00,1.6150000095367432,1.6200000047683716,1.6101000308990479,1.6150000095367432,10885,0.0,0.0
2024-07-15 15:20:00-04:00,1.6150000095367432,1.6200000047683716,1.6150000095367432,1.6150000095367432,13500,0.0,0.0
2024-07-15 15:25:00-04:00,1.6150000095367432,1.6150000095367432,1.6150000095367432,1.6150000095367432,12216,0.0,0.0
2024-07-15 15:30:00-04:00,1.6150000095367432,1.6150000095367432,1.6150000095367432,1.6150000095367432,8128,0.0,0.0
2024-07-15 15:35:00-04:00,1.6150000095367432,1.6150000095367432,1.6100000143051147,1.6100000143051147,15069,0.0,0.0
2024-07-15 15:40:00-04:00,1.6100000143051147,1.6150000095367432,1.6100000143051147,1.6100000143051147,30143,0.0,0.0
2024-07-15 15:45:00-04:00,1.6150000095367432,1.6150000095367432,1.6100000143051147,1.6150000095367432,25416,0.0,0.0
2024-07-15 15:50:00-04:00,1.6150000095367432,1.6200000047683716,1.6100000143051147,1.6200000047683716,46357,0.0,0.0
2024-07-15 15:55:00-04:00,1.6150000095367432,1.6150000095367432,1.6100000143051147,1.6100000143051147,100065,0.0,0.0
2024-07-16 09:30:00-04:00,1.649999976158142,1.649999976158142,1.6299999952316284,1.6399999856948853,20002,0.0,0.0
2024-07-16 09:35:00-04:00,1.6449999809265137,1.6549999713897705,1.6399999856948853,1.6449999809265137,13413,0.0,0.0
2024-07-16 09:40:00-04:00,1.6449999809265137,1.6592999696731567,1.6449999809265137,1.649999976158142,5802,0.0,0.0
2024-07-16 09:45:00-04:00,1.649999976158142,1.659999966621399,1.649999976158142,1.659999966621399,2786,0.0,0.0
2024-07-16 09:50:00-04:00,1.6549999713897705,1.659999966621399,1.649999976158142,1.6549999713897705,13986,0.0,0.0
2024-07-16 09:55:00-04:00,1.659999966621399,1.6699999570846558,1.659999966621399,1.6699999570846558,4353,0.0,0.0
2024-07-16 10:00:00-04:00,1.659999966621399,1.690000057220459,1.659999966621399,1.690000057220459,47102,0.0,0.0
2024-07-16 10:05:00-04:00,1.690000057220459,1.6950000524520874,1.6799999475479126,1.690000057220459,37794,0.0,0.0
2024-07-16 10:10:00-04:00,1.684999942779541,1.690000057220459,1.684999942779541,1.690000057220459,8683,0.0,0.0
2024-07-16 10:15:00-04:00,1.690000057220459,1.7000000476837158,1.690000057220459,1.6950000524520874,23574,0.0,0.0
2024-07-16 10:20:00-04:00,1.6950000524520874,1.7100000381469727,1.690500020980835,1.6950000524520874,18257,0.0,0.0
2024-07-16 10:25:00-04:00,1.7000000476837158,1.7000000476837158,1.6950000524520874,1.6950000524520874,2921,0.0,0.0
2024-07-16 10:30:00-04:00,1.7000000476837158,1.7000000476837158,1.6950000524520874,1.7000000476837158,3205,0.0,0.0
2024-07-16 10:35:00-04:00,1.690600037574768,1.7100000381469727,1.690600037574768,1.7050000429153442,6010,0.0,0.0
2024-07-16 10:40:00-04:00,1.7050000429153442,1.7100000381469727,1.7000000476837158,1.7050000429153442,31313,0.0,0.0
2024-07-16 10:45:00-04:00,1.7050000429153442,1.7100000381469727,1.7050000429153442,1.7050000429153442,2399,0.0,0.0
2024-07-16 10:50:00-04:00,1.7100000381469727,1.715000033378601,1.7050000429153442,1.715000033378601,28233,0.0,0.0
2024-07-16 10:55:00-04:00,1.7199000120162964,1.7200000286102295,1.7100000381469727,1.7100000381469727,7848,0.0,0.0
2024-07-16 11:00:00-04:00,1.7200000286102295,1.7200000286102295,1.715000033378601,1.7200000286102295,1534,0.0,0.0
2024-07-16 11:05:00-04:00,1.7200000286102295,1.725000023841858,1.7200000286102295,1.725000023841858,15583,0.0,0.0
2024-07-16 11:10:00-04:00,1.725000023841858,1.7300000190734863,1.725000023841858,1.7300000190734863,5269,0.0,0.0
2024-07-16 11:15:00-04:00,1.725000023841858,1.725000023841858,1.7101000547409058,1.7200000286102295,49639,0.0,0.0
2024-07-16 11:20:00-04:00,1.7200000286102295,1.7300000190734863,1.7100000381469727,1.715000033378601,88937,0.0,0.0
2024-07-16 11:25:00-04:00,1.7200000286102295,1.7300000190734863,1.715000033378601,1.7300000190734863,72493,0.0,0.0
2024-07-16 11:30:00-04:00,1.725000023841858,1.7300000190734863,1.725000023841858,1.725000023841858,4235,0.0,0.0
2024-07-16 11:35:00-04:00,1.7300000190734863,1.7300000190734863,1.725000023841858,1.7300000190734863,4627,0.0,0.0
2024-07-16 11:40:00-04:00,1.7300000190734863,1.7300000190734863,1.715000033378601,1.715000033378601,20556,0.0,0.0
2024-07-16 11:45:00-04:00,1.715000033378601,1.7200000286102295,1.7100000381469727,1.715000033378601,4462,0.0,0.0
2024-07-16 11:50:00-04:00,1.7100000381469727,1.7100000381469727,1.7000999450683594,1.7050000429153442,18360,0.0,0.0
2024-07-16 11:55:00-04:00,1.7050000429153442,1.7100000381469727,1.7000000476837158,1.7050000429153442,6853,0.0,0.0
2024-07-16 12:00:00-04:00,1.7050000429153442,1.7100000381469727,1.7000000476837158,1.7050000429153442,2526,0.0,0.0
2024-07-16 12:05:00-04:00,1.7050000429153442,1.7100000381469727,1.7000000476837158,1.7050000429153442,4599,0.0,0.0
2024-07-16 12:10:00-04:00,1.7100000381469727,1.7100000381469727,1.7000000476837158,1.7050000429153442,3112,0.0,0.0
2024-07-16 12:15:00-04:00,1.7100000381469727,1.7100000381469727,1.7000999450683594,1.7050000429153442,5080,0.0,0.0
2024-07-16 12:20:00-04:00,1.7100000381469727,1.715000033378601,1.7050000429153442,1.7050000429153442,19532,0.0,0.0
2024-07-16 12:25:00-04:00,1.7050000429153442,1.7050000429153442,1.7050000429153442,1.7050000429153442,2760,0.0,0.0
2024-07-16 12:30:00-04:00,1.7050000429153442,1.707800030708313,1.7000000476837158,1.7074999809265137,2467,0.0,0.0
2024-07-16 12:35:00-04:00,1.7074999809265137,1.7100000381469727,1.7050000429153442,1.7050000429153442,3475,0.0,0.0
2024-07-16 12:40:00-04:00,1.7050000429153442,1.7100000381469727,1.7050000429153442,1.7050000429153442,6004,0.0,0.0
2024-07-16 12:45:00-04:00,1.7050000429153442,1.7100000381469727,1.7050000429153442,1.7100000381469727,2773,0.0,0.0
2024-07-16 12:50:00-04:00,1.7050000429153442,1.7100000381469727,1.7050000429153442,1.7100000381469727,2132,0.0,0.0
2024-07-16 12:55:00-04:00,1.7050000429153442,1.7100000381469727,1.7050000429153442,1.7100000381469727,2608,0.0,0.0
2024-07-16 13:00:00-04:00,1.7100000381469727,1.7100000381469727,1.7050000429153442,1.7050000429153442,2037,0.0,0.0
2024-07-16 13:05:00-04:00,1.7100000381469727,1.7100000381469727,1.7050000429153442,1.7100000381469727,1230,0.0,0.0
2024-07-16 13:10:00-04:00,1.7100000381469727,1.7100000381469727,1.7024999856948853,1.7050000429153442,2312,0.0,0.0
2024-07-16 13:15:00-04:00,1.7050000429153442,1.7100000381469727,1.7050000429153442,1.7050000429153442,6972,0.0,0.0
2024-07-16 13:20:00-04:00,1.7100000381469727,1.7100000381469727,1.7050000429153442,1.7050000429153442,1553,0.0,0.0
2024-07-16 13:25:00-04:00,1.7100000381469727,1.7100000381469727,1.7050000429153442,1.7050000429153442,3944,0.0,0.0
2024-07-16 13:30:00-04:00,1.7000000476837158,1.7200000286102295,1.7000000476837158,1.7199000120162964,17621,0.0,0.0
2024-07-16 13:35:00-04:00,1.7200000286102295,1.725000023841858,1.7200000286102295,1.7200000286102295,61811,0.0,0.0
2024-07-16 13:40:00-04:00,1.7299000024795532,1.7300000190734863,1.725000023841858,1.7300000190734863,2186,0.0,0.0
2024-07-16 13:45:00-04:00,1.725000023841858,1.7400000095367432,1.725000023841858,1.7350000143051147,19776,0.0,0.0
2024-07-16 13:50:00-04:00,1.7400000095367432,1.7400000095367432,1.7350000143051147,1.7400000095367432,12250,0.0,0.0
2024-07-16 13:55:00-04:00,1.7400000095367432,1.7400000095367432,1.7350000143051147,1.7400000095367432,1861,0.0,0.0
2024-07-16 14:00:00-04:00,1.7350000143051147,1.7350000143051147,1.725000023841858,1.7300000190734863,30732,0.0,0.0
2024-07-16 14:05:00-04:00,1.7299000024795532,1.7400000095367432,1.7299000024795532,1.7350000143051147,13663,0.0,0.0
2024-07-16 14:10:00-04:00,1.7400000095367432,1.7400000095367432,1.7350000143051147,1.7350000143051147,3717,0.0,0.0
2024-07-16 14:15:00-04:00,1.7350000143051147,1.7400000095367432,1.7350000143051147,1.7400000095367432,4444,0.0,0.0
2024-07-16 14:20:00-04:00,1.7350000143051147,1.7400000095367432,1.7350000143051147,1.7350000143051147,6462,0.0,0.0
2024-07-16 14:25:00-04:00,1.7350000143051147,1.7400000095367432,1.7350000143051147,1.7350000143051147,4490,0.0,0.0
2024-07-16 14:30:00-04:00,1.7350000143051147,1.75,1.7350000143051147,1.7450000047683716,44793,0.0,0.0
2024-07-16 14:35:00-04:00,1.75,1.75,1.7400000095367432,1.7400000095367432,15671,0.0,0.0
2024-07-16 14:40:00-04:00,1.7403000593185425,1.75,1.7400000095367432,1.7450000047683716,18042,0.0,0.0
2024-07-16 14:45:00-04:00,1.7450000047683716,1.75,1.7350000143051147,1.7450000047683716,73712,0.0,0.0
2024-07-16 14:50:00-04:00,1.75,1.7599999904632568,1.7450000047683716,1.7599999904632568,42327,0.0,0.0
2024-07-16 14:55:00-04:00,1.7599999904632568,1.7599999904632568,1.75,1.7599999904632568,4930,0.0,0.0
2024-07-16 15:00:00-04:00,1.7599999904632568,1.7599999904632568,1.75,1.7549999952316284,5674,0.0,0.0
2024-07-16 15:05:00-04:00,1.7599999904632568,1.7699999809265137,1.75,1.7690000534057617,28842,0.0,0.0
2024-07-16 15:10:00-04:00,1.7699999809265137,1.7699999809265137,1.7599999904632568,1.7699999809265137,8831,0.0,0.0
2024-07-16 15:15:00-04:00,1.7699999809265137,1.7699999809265137,1.7599999904632568,1.7699999809265137,21367,0.0,0.0
2024-07-16 15:20:00-04:00,1.7799999713897705,1.7799999713897705,1.7699999809265137,1.774999976158142,43756,0.0,0.0
2024-07-16 15:25:00-04:00,1.7799999713897705,1.784999966621399,1.7699999809265137,1.784999966621399,16559,0.0,0.0
2024-07-16 15:30:00-04:00,1.7899999618530273,1.7899999618530273,1.7799999713897705,1.784999966621399,13148,0.0,0.0
2024-07-16 15:35:00-04:00,1.784999966621399,1.7999999523162842,1.7799999713897705,1.7949999570846558,31344,0.0,0.0
2024-07-16 15:40:00-04:00,1.7949999570846558,1.7999999523162842,1.7949999570846558,1.7949999570846558,12970,0.0,0.0
2024-07-16 15:45:00-04:00,1.7999999523162842,1.7999999523162842,1.7899999618530273,1.7999999523162842,11975,0.0,0.0
2024-07-16 15:50:00-04:00,1.7990000247955322,1.809999942779541,1.7899999618530273,1.7949999570846558,148125,0.0,0.0
2024-07-16 15:55:00-04:00,1.7949999570846558,1.7999999523162842,1.7899999618530273,1.7999999523162842,197493,0.0,0.0
2024-07-17 09:30:00-04:00,1.7899999618530273,1.809999942779541,1.7899999618530273,1.809999942779541,15778,0.0,0.0
2024-07-17 09:35:00-04:00,1.815000057220459,1.815000057220459,1.7999999523162842,1.8049999475479126,11097,0.0,0.0
2024-07-17 09:40:00-04:00,1.7999999523162842,1.815000057220459,1.7999999523162842,1.7999999523162842,9030,0.0,0.0
2024-07-17 09:45:00-04:00,1.7999999523162842,1.815000057220459,1.7999999523162842,1.815000057220459,10117,0.0,0.0
2024-07-17 09:50:00-04:00,1.815000057220459,1.8450000286102295,1.815000057220459,1.8450000286102295,51472,0.0,0.0
2024-07-17 09:55:00-04:00,1.8450000286102295,1.8450000286102295,1.8300000429153442,1.836300015449524,21161,0.0,0.0
2024-07-17 10:00:00-04:00,1.8350000381469727,1.8600000143051147,1.8350000381469727,1.850000023841858,38088,0.0,0.0
2024-07-17 10:05:00-04:00,1.8450000286102295,1.8450000286102295,1.8200000524520874,1.8350000381469727,56987,0.0,0.0
2024-07-17 10:10:00-04:00,1.8350000381469727,1.840000033378601,1.8350000381469727,1.8350000381469727,7383,0.0,0.0
2024-07-17 10:15:00-04:00,1.839900016784668,1.8450000286102295,1.8350000381469727,1.840000033378601,20761,0.0,0.0
2024-07-17 10:20:00-04:00,1.8350000381469727,1.8350000381469727,1.8350000381469727,1.8350000381469727,1941,0.0,0.0
2024-07-17 10:25:00-04:00,1.8350000381469727,1.840000033378601,1.8300000429153442,1.8350000381469727,8102,0.0,0.0
2024-07-17 10:30:00-04:00,1.8350000381469727,1.8450000286102295,1.8312000036239624,1.840000033378601,22644,0.0,0.0
2024-07-17 10:35:00-04:00,1.840000033378601,1.8450000286102295,1.8350000381469727,1.840000033378601,16331,0.0,0.0
2024-07-17 10:40:00-04:00,1.8350000381469727,1.840000033378601,1.8350000381469727,1.8350000381469727,6423,0.0,0.0
2024-07-17 10:45:00-04:00,1.8350000381469727,1.840000033378601,1.8250000476837158,1.8350000381469727,83777,0.0,0.0
2024-07-17 10:50:00-04:00,1.8300000429153442,1.8350000381469727,1.8250000476837158,1.8300000429153442,32628,0.0,0.0
2024-07-17 10:55:00-04:00,1.8350000381469727,1.8350000381469727,1.8300000429153442,1.8300000429153442,6272,0.0,0.0
2024-07-17 11:00:00-04:00,1.8300000429153442,1.8350000381469727,1.8250000476837158,1.8300000429153442,23482,0.0,0.0
2024-07-17 11:05:00-04:00,1.8300000429153442,1.8350000381469727,1.8300000429153442,1.8300000429153442,5762,0.0,0.0
2024-07-17 11:10:00-04:00,1.8300000429153442,1.840000033378601,1.8250000476837158,1.8350000381469727,40190,0.0,0.0
2024-07-17 11:15:00-04:00,1.8350000381469727,1.8350000381469727,1.8300000429153442,1.8300000429153442,16365,0.0,0.0
2024-07-17 11:20:00-04:00,1.8300000429153442,1.8350000381469727,1.8250000476837158,1.8300000429153442,124322,0.0,0.0
2024-07-17 11:25:00-04:00,1.8300000429153442,1.840000033378601,1.8250000476837158,1.8300000429153442,19895,0.0,0.0
2024-07-17 11:30:00-04:00,1.8300000429153442,1.8350000381469727,1.8300000429153442,1.8350000381469727,6339,0.0,0.0
2024-07-17 11:35:00-04:00,1.8350000381469727,1.8350000381469727,1.8300000429153442,1.8350000381469727,9532,0.0,0.0
2024-07-17 11:40:00-04:00,1.8350000381469727,1.8350000381469727,1.8300000429153442,1.8350000381469727,3753,0.0,0.0
2024-07-17 11:45:00-04:00,1.8350000381469727,1.8350000381469727,1.8300000429153442,1.8350000381469727,3405,0.0,0.0
2024-07-17 11:50:00-04:00,1.8300000429153442,1.8350000381469727,1.8300000429153442,1.8300000429153442,3305,0.0,0.0
2024-07-17 11:55:00-04:00,1.8350000381469727,1.8350000381469727,1.8300000429153442,1.8300000429153442,5443,0.0,0.0
2024-07-17 12:00:00-04:00,1.8350000381469727,1.8450000286102295,1.8350000381469727,1.840000033378601,33498,0.0,0.0
2024-07-17 12:05:00-04:00,1.840000033378601,1.840000033378601,1.8339999914169312,1.8350000381469727,10175,0.0,0.0
2024-07-17 12:10:00-04:00,1.8350000381469727,1.8350000381469727,1.8350000381469727,1.8350000381469727,4567,0.0,0.0
2024-07-17 12:15:00-04:00,1.8300000429153442,1.8320000171661377,1.784999966621399,1.7899999618530273,240512,0.0,0.0
2024-07-17 12:20:00-04:00,1.7899999618530273,1.7899999618530273,1.7450000047683716,1.75,115727,0.0,0.0
2024-07-17 12:25:00-04:00,1.7549999952316284,1.7592999935150146,1.7400000095367432,1.7549999952316284,105940,0.0,0.0
2024-07-17 12:30:00-04:00,1.75,1.7587000131607056,1.7450000047683716,1.7549999952316284,32376,0.0,0.0
2024-07-17 12:35:00-04:00,1.75,1.7549999952316284,1.75,1.75,17329,0.0,0.0
2024-07-17 12:40:00-04:00,1.75,1.7549999952316284,1.7400000095367432,1.7450000047683716,19508,0.0,0.0
2024-07-17 12:45:00-04:00,1.7424999475479126,1.7549999952316284,1.7400000095367432,1.7450000047683716,21101,0.0,0.0
2024-07-17 12:50:00-04:00,1.7450000047683716,1.75,1.7400000095367432,1.75,20611,0.0,0.0
2024-07-17 12:55:00-04:00,1.75,1.7599999904632568,1.7300000190734863,1.7300000190734863,63133,0.0,0.0
2024-07-17 13:00:00-04:00,1.7300000190734863,1.7400000095367432,1.725000023841858,1.7300000190734863,34905,0.0,0.0
2024-07-17 13:05:00-04:00,1.725000023841858,1.7400000095367432,1.7200000286102295,1.7300000190734863,27338,0.0,0.0
2024-07-17 13:10:00-04:00,1.7300000190734863,1.73989999294281,1.725000023841858,1.7300000190734863,16709,0.0,0.0
2024-07-17 13:15:00-04:00,1.7300000190734863,1.7300000190734863,1.7200000286102295,1.7280000448226929,20235,0.0,0.0
2024-07-17 13:20:00-04:00,1.725000023841858,1.7350000143051147,1.725000023841858,1.7350000143051147,24473,0.0,0.0
2024-07-17 13:25:00-04:00,1.7346999645233154,1.7346999645233154,1.725000023841858,1.725000023841858,25005,0.0,0.0
2024-07-17 13:30:00-04:00,1.7300000190734863,1.7300000190734863,1.7200000286102295,1.7300000190734863,26070,0.0,0.0
2024-07-17 13:35:00-04:00,1.7350000143051147,1.7350000143051147,1.722499966621399,1.722499966621399,27377,0.0,0.0
2024-07-17 13:40:00-04:00,1.7300000190734863,1.7400000095367432,1.7300000190734863,1.7300000190734863,19126,0.0,0.0
2024-07-17 13:45:00-04:00,1.7300000190734863,1.7350000143051147,1.725000023841858,1.7350000143051147,17695,0.0,0.0
2024-07-17 13:50:00-04:00,1.7350000143051147,1.7350000143051147,1.7300000190734863,1.7300000190734863,12148,0.0,0.0
2024-07-17 13:55:00-04:00,1.7300000190734863,1.7359000444412231,1.7239999771118164,1.7300000190734863,27125,0.0,0.0
2024-07-17 14:00:00-04:00,1.7350000143051147,1.7450000047683716,1.7300000190734863,1.7350000143051147,30557,0.0,0.0
2024-07-17 14:05:00-04:00,1.7300000190734863,1.75,1.7300000190734863,1.75,26386,0.0,0.0
2024-07-17 14:10:00-04:00,1.7549999952316284,1.7585999965667725,1.75,1.75,19155,0.0,0.0
2024-07-17 14:15:00-04:00,1.75,1.7599999904632568,1.75,1.75,17457,0.0,0.0
2024-07-17 14:20:00-04:00,1.7549999952316284,1.7599999904632568,1.75,1.75,13874,0.0,0.0
2024-07-17 14:25:00-04:00,1.7549999952316284,1.7599999904632568,1.75,1.7549999952316284,22523,0.0,0.0
2024-07-17 14:30:00-04:00,1.7599999904632568,1.7599999904632568,1.75,1.7549999952316284,15564,0.0,0.0
2024-07-17 14:35:00-04:00,1.7549999952316284,1.7599999904632568,1.75,1.75,16470,0.0,0.0
2024-07-17 14:40:00-04:00,1.7549999952316284,1.7599999904632568,1.75,1.75,9506,0.0,0.0
2024-07-17 14:45:00-04:00,1.7549999952316284,1.7599999904632568,1.75,1.7549999952316284,14077,0.0,0.0
2024-07-17 14:50:00-04:00,1.7549999952316284,1.7699999809265137,1.7549999952316284,1.7649999856948853,19227,0.0,0.0
2024-07-17 14:55:00-04:00,1.7649999856948853,1.7699999809265137,1.7649999856948853,1.7699999809265137,9657,0.0,0.0
2024-07-17 15:00:00-04:00,1.7649999856948853,1.7699999809265137,1.7599999904632568,1.7649999856948853,20131,0.0,0.0
2024-07-17 15:05:00-04:00,1.7649999856948853,1.7699999809265137,1.7599999904632568,1.7649999856948853,16931,0.0,0.0
2024-07-17 15:10:00-04:00,1.7649999856948853,1.7699999809265137,1.7599999904632568,1.7599999904632568,15269,0.0,0.0
2024-07-17 15:15:00-04:00,1.7599999904632568,1.7699999809265137,1.7599999904632568,1.7599999904632568,28694,0.0,0.0
2024-07-17 15:20:00-04:00,1.7649999856948853,1.7699999809265137,1.7599999904632568,1.7649999856948853,33435,0.0,0.0
2024-07-17 15:25:00-04:00,1.7649999856948853,1.7699999809265137,1.7549999952316284,1.7699999809265137,27379,0.0,0.0
2024-07-17 15:30:00-04:00,1.7599999904632568,1.7699999809265137,1.7599999904632568,1.7649999856948853,35745,0.0,0.0
2024-07-17 15:35:00-04:00,1.7599999904632568,1.774999976158142,1.7599999904632568,1.774999976158142,56286,0.0,0.0
2024-07-17 15:40:00-04:00,1.774999976158142,1.774999976158142,1.7599999904632568,1.7699999809265137,53456,0.0,0.0
2024-07-17 15:45:00-04:00,1.7649999856948853,1.7699999809265137,1.7599999904632568,1.7599999904632568,53539,0.0,0.0
2024-07-17 15:50:00-04:00,1.7649999856948853,1.7699999809265137,1.75,1.7549999952316284,91954,0.0,0.0
2024-07-17 15:55:00-04:00,1.7549999952316284,1.7699999809265137,1.75,1.7699999809265137,312246,0.0,0.0
2024-07-18 09:30:00-04:00,1.7699999809265137,1.7825000286102295,1.7699999809265137,1.7825000286102295,6597,0.0,0.0
2024-07-18 09:35:00-04:00,1.7799999713897705,1.781000018119812,1.7599999904632568,1.7799999713897705,13852,0.0,0.0
2024-07-18 09:40:00-04:00,1.7799999713897705,1.7999999523162842,1.7799999713897705,1.7949999570846558,8545,0.0,0.0
2024-07-18 09:45:00-04:00,1.7949999570846558,1.7949999570846558,1.7699999809265137,1.774999976158142,8948,0.0,0.0
2024-07-18 09:50:00-04:00,1.7799999713897705,1.784999966621399,1.774999976158142,1.784999966621399,3632,0.0,0.0
2024-07-18 09:55:00-04:00,1.7799999713897705,1.7999999523162842,1.774999976158142,1.7999999523162842,14828,0.0,0.0
2024-07-18 10:00:00-04:00,1.8049999475479126,1.8049999475479126,1.7899999618530273,1.7991000413894653,11777,0.0,0.0
2024-07-18 10:05:00-04:00,1.7999999523162842,1.7999999523162842,1.784999966621399,1.784999966621399,6067,0.0,0.0
2024-07-18 10:10:00-04:00,1.7949999570846558,1.7999999523162842,1.7949999570846558,1.7999999523162842,7834,0.0,0.0
2024-07-18 10:15:00-04:00,1.7999999523162842,1.809999942779541,1.7999999523162842,1.809999942779541,1128,0.0,0.0
2024-07-18 10:20:00-04:00,1.8049999475479126,1.809999942779541,1.8049999475479126,1.8049999475479126,3228,0.0,0.0
2024-07-18 10:25:00-04:00,1.8049999475479126,1.8200000524520874,1.8049999475479126,1.8049999475479126,30723,0.0,0.0
2024-07-18 10:30:00-04:00,1.8049999475479126,1.8049999475479126,1.7949999570846558,1.7949999570846558,4273,0.0,0.0
2024-07-18 10:35:00-04:00,1.7949999570846558,1.7949999570846558,1.7899999618530273,1.7949999570846558,3175,0.0,0.0
2024-07-18 10:40:00-04:00,1.7985999584197998,1.799399971961975,1.784999966621399,1.7949999570846558,15628,0.0,0.0
2024-07-18 10:45:00-04:00,1.7949999570846558,1.7999999523162842,1.7825000286102295,1.7825000286102295,13564,0.0,0.0
2024-07-18 10:50:00-04:00,1.784999966621399,1.7999999523162842,1.7825000286102295,1.7999999523162842,7355,0.0,0.0
2024-07-18 10:55:00-04:00,1.7949999570846558,1.7949999570846558,1.7899999618530273,1.7899999618530273,21331,0.0,0.0
2024-07-18 11:00:00-04:00,1.7899999618530273,1.7949999570846558,1.7899999618530273,1.7949999570846558,3434,0.0,0.0
2024-07-18 11:05:00-04:00,1.7999999523162842,1.7999999523162842,1.7899999618530273,1.7949999570846558,877,0.0,0.0
2024-07-18 11:10:00-04:00,1.7949999570846558,1.7999000549316406,1.7899999618530273,1.7899999618530273,13762,0.0,0.0
2024-07-18 11:15:00-04:00,1.7949999570846558,1.7949999570846558,1.7899999618530273,1.7899999618530273,1448,0.0,0.0
2024-07-18 11:20:00-04:00,1.7949999570846558,1.7949999570846558,1.784999966621399,1.784999966621399,14294,0.0,0.0
2024-07-18 11:25:00-04:00,1.784999966621399,1.7899999618530273,1.784999966621399,1.7899999618530273,1802,0.0,0.0
2024-07-18 11:30:00-04:00,1.784999966621399,1.7899999618530273,1.784999966621399,1.784999966621399,3251,0.0,0.0
2024-07-18 11:35:00-04:00,1.784999966621399,1.7899999618530273,1.784999966621399,1.7899999618530273,2064,0.0,0.0
2024-07-18 11:40:00-04:00,1.784999966621399,1.7899999618530273,1.784999966621399,1.7899999618530273,7606,0.0,0.0
2024-07-18 11:45:00-04:00,1.7899999618530273,1.7899999618530273,1.784999966621399,1.784999966621399,13511,0.0,0.0
2024-07-18 11:50:00-04:00,1.784999966621399,1.7899999618530273,1.7799999713897705,1.7799999713897705,65810,0.0,0.0
2024-07-18 11:55:00-04:00,1.774999976158142,1.7799999713897705,1.774999976158142,1.774999976158142,7835,0.0,0.0
2024-07-18 12:00:00-04:00,1.774999976158142,1.7799999713897705,1.774999976158142,1.774999976158142,4713,0.0,0.0
2024-07-18 12:05:00-04:00,1.7799999713897705,1.7799999713897705,1.7700999975204468,1.7799999713897705,9586,0.0,0.0
2024-07-18 12:10:00-04:00,1.774999976158142,1.7799999713897705,1.774999976158142,1.774999976158142,2287,0.0,0.0
2024-07-18 12:15:00-04:00,1.774999976158142,1.7799999713897705,1.7699999809265137,1.7799999713897705,10552,0.0,0.0
2024-07-18 12:20:00-04:00,1.774999976158142,1.7799999713897705,1.774999976158142,1.7799999713897705,4361,0.0,0.0
2024-07-18 12:25:00-04:00,1.7799999713897705,1.7899999618530273,1.774999976158142,1.784999966621399,15217,0.0,0.0
2024-07-18 12:30:00-04:00,1.7899999618530273,1.7999999523162842,1.784999966621399,1.784999966621399,28163,0.0,0.0
2024-07-18 12:35:00-04:00,1.784999966621399,1.784999966621399,1.784999966621399,1.784999966621399,4720,0.0,0.0
2024-07-18 12:40:00-04:00,1.784999966621399,1.784999966621399,1.784999966621399,1.784999966621399,8465,0.0,0.0
2024-07-18 12:45:00-04:00,1.7899999618530273,1.7949999570846558,1.7899999618530273,1.7949999570846558,8859,0.0,0.0
2024-07-18 12:50:00-04:00,1.7949999570846558,1.7949999570846558,1.784999966621399,1.784999966621399,17061,0.0,0.0
2024-07-18 12:55:00-04:00,1.784999966621399,1.7879999876022339,1.784999966621399,1.784999966621399,1504,0.0,0.0
2024-07-18 13:00:00-04:00,1.7825000286102295,1.7899999618530273,1.7825000286102295,1.784999966621399,4116,0.0,0.0
2024-07-18 13:05:00-04:00,1.784999966621399,1.7899999618530273,1.7799999713897705,1.7899999618530273,3454,0.0,0.0
2024-07-18 13:10:00-04:00,1.7899999618530273,1.7899999618530273,1.7799999713897705,1.7899999618530273,118784,0.0,0.0
2024-07-18 13:15:00-04:00,1.7825000286102295,1.784999966621399,1.7825000286102295,1.7825000286102295,4784,0.0,0.0
2024-07-18 13:20:00-04:00,1.784999966621399,1.7898999452590942,1.7799999713897705,1.784999966621399,4077,0.0,0.0
2024-07-18 13:25:00-04:00,1.7825000286102295,1.7899999618530273,1.7825000286102295,1.784999966621399,3714,0.0,0.0
2024-07-18 13:30:00-04:00,1.7825000286102295,1.7899999618530273,1.7825000286102295,1.784999966621399,4787,0.0,0.0
2024-07-18 13:35:00-04:00,1.784999966621399,1.7899999618530273,1.784999966621399,1.784999966621399,5600,0.0,0.0
2024-07-18 13:40:00-04:00,1.784999966621399,1.7899999618530273,1.784999966621399,1.784999966621399,4438,0.0,0.0
2024-07-18 13:45:00-04:00,1.784999966621399,1.7899999618530273,1.784999966621399,1.784999966621399,3563,0.0,0.0
2024-07-18 13:50:00-04:00,1.784999966621399,1.784999966621399,1.774999976158142,1.774999976158142,19004,0.0,0.0
2024-07-18 13:55:00-04:00,1.774999976158142,1.7799999713897705,1.7400000095367432,1.7400000095367432,44482,0.0,0.0
2024-07-18 14:00:00-04:00,1.7450000047683716,1.7450000047683716,1.725000023841858,1.725000023841858,9387,0.0,0.0
2024-07-18 14:05:00-04:00,1.725000023841858,1.7253999710083008,1.7200000286102295,1.725000023841858,11831,0.0,0.0
2024-07-18 14:10:00-04:00,1.725000023841858,1.7350000143051147,1.725000023841858,1.7350000143051147,20659,0.0,0.0
2024-07-18 14:15:00-04:00,1.7350000143051147,1.7350000143051147,1.725000023841858,1.725000023841858,9347,0.0,0.0
2024-07-18 14:20:00-04:00,1.725000023841858,1.7300000190734863,1.725000023841858,1.725000023841858,4367,0.0,0.0
2024-07-18 14:25:00-04:00,1.725000023841858,1.7300000190734863,1.725000023841858,1.725000023841858,5702,0.0,0.0
2024-07-18 14:30:00-04:00,1.7300000190734863,1.7300000190734863,1.722000002861023,1.725000023841858,3573,0.0,0.0
2024-07-18 14:35:00-04:00,1.725000023841858,1.7300000190734863,1.725000023841858,1.725000023841858,4640,0.0,0.0
2024-07-18 14:40:00-04:00,1.725000023841858,1.7300000190734863,1.725000023841858,1.725000023841858,7778,0.0,0.0
2024-07-18 14:45:00-04:00,1.725000023841858,1.7350000143051147,1.725000023841858,1.725000023841858,17684,0.0,0.0
2024-07-18 14:50:00-04:00,1.725000023841858,1.7300000190734863,1.7207000255584717,1.725000023841858,14735,0.0,0.0
2024-07-18 14:55:00-04:00,1.725000023841858,1.7300000190734863,1.725000023841858,1.7300000190734863,4792,0.0,0.0
2024-07-18 15:00:00-04:00,1.725000023841858,1.7300000190734863,1.7200000286102295,1.725000023841858,30628,0.0,0.0
2024-07-18 15:05:00-04:00,1.725000023841858,1.725000023841858,1.7100000381469727,1.715000033378601,130773,0.0,0.0
2024-07-18 15:10:00-04:00,1.7100000381469727,1.715000033378601,1.690000057220459,1.6950000524520874,77548,0.0,0.0
2024-07-18 15:15:00-04:00,1.6950000524520874,1.7050000429153442,1.690000057220459,1.6950000524520874,54933,0.0,0.0
2024-07-18 15:20:00-04:00,1.6950000524520874,1.6950000524520874,1.690000057220459,1.6950000524520874,61019,0.0,0.0
2024-07-18 15:25:00-04:00,1.6950000524520874,1.6950000524520874,1.690000057220459,1.6950000524520874,51327,0.0,0.0
2024-07-18 15:30:00-04:00,1.6950000524520874,1.7000000476837158,1.690000057220459,1.7000000476837158,73732,0.0,0.0
2024-07-18 15:35:00-04:00,1.6950000524520874,1.7100000381469727,1.6950000524520874,1.7098000049591064,23104,0.0,0.0
2024-07-18 15:40:00-04:00,1.7100000381469727,1.7100000381469727,1.7050000429153442,1.7100000381469727,12154,0.0,0.0
2024-07-18 15:45:00-04:00,1.7050000429153442,1.715000033378601,1.7050000429153442,1.715000033378601,32172,0.0,0.0
2024-07-18 15:50:00-04:00,1.7199000120162964,1.7350000143051147,1.7100000381469727,1.7350000143051147,88485,0.0,0.0
2024-07-18 15:55:00-04:00,1.7300000190734863,1.7599999904632568,1.7300000190734863,1.75,238744,0.0,0.0
2024-07-19 09:30:00-04:00,1.7599999904632568,1.7599999904632568,1.690000057220459,1.7100000381469727,82128,0.0,0.0
2024-07-19 09:35:00-04:00,1.7100000381469727,1.7200000286102295,1.7100000381469727,1.715000033378601,7060,0.0,0.0
2024-07-19 09:40:00-04:00,1.7100000381469727,1.7200000286102295,1.7050000429153442,1.7100000381469727,36272,0.0,0.0
2024-07-19 09:45:00-04:00,1.715000033378601,1.715000033378601,1.7000000476837158,1.7000000476837158,18021,0.0,0.0
2024-07-19 09:50:00-04:00,1.7050000429153442,1.7100000381469727,1.7000000476837158,1.7050000429153442,5676,0.0,0.0
2024-07-19 09:55:00-04:00,1.7050000429153442,1.7099000215530396,1.7000000476837158,1.7050000429153442,8576,0.0,0.0
2024-07-19 10:00:00-04:00,1.7000000476837158,1.7100000381469727,1.7000000476837158,1.7000000476837158,5290,0.0,0.0
2024-07-19 10:05:00-04:00,1.7000000476837158,1.7100000381469727,1.7000000476837158,1.7050000429153442,8995,0.0,0.0
2024-07-19 10:10:00-04:00,1.7000000476837158,1.7100000381469727,1.7000000476837158,1.7050000429153442,17712,0.0,0.0
2024-07-19 10:15:00-04:00,1.7100000381469727,1.725000023841858,1.7000000476837158,1.715000033378601,51992,0.0,0.0
2024-07-19 10:20:00-04:00,1.715000033378601,1.715000033378601,1.7100000381469727,1.7100000381469727,4249,0.0,0.0
2024-07-19 10:25:00-04:00,1.7100000381469727,1.7100000381469727,1.7000000476837158,1.7000000476837158,7086,0.0,0.0
2024-07-19 10:30:00-04:00,1.7050000429153442,1.7300000190734863,1.7050000429153442,1.7300000190734863,42052,0.0,0.0
2024-07-19 10:35:00-04:00,1.7300000190734863,1.7400000095367432,1.725000023841858,1.7400000095367432,32187,0.0,0.0
2024-07-19 10:40:00-04:00,1.7400000095367432,1.7400000095367432,1.7300000190734863,1.7400000095367432,14235,0.0,0.0
2024-07-19 10:45:00-04:00,1.7350000143051147,1.7400000095367432,1.7300000190734863,1.7400000095367432,11437,0.0,0.0
2024-07-19 10:50:00-04:00,1.7400000095367432,1.7400000095367432,1.7300000190734863,1.7350000143051147,3808,0.0,0.0
2024-07-19 10:55:00-04:00,1.7300000190734863,1.75,1.7300000190734863,1.75,11325,0.0,0.0
2024-07-19 11:00:00-04:00,1.7450000047683716,1.75,1.7450000047683716,1.7450000047683716,16271,0.0,0.0
2024-07-19 11:05:00-04:00,1.7400000095367432,1.7400000095367432,1.7206000089645386,1.7206000089645386,21418,0.0,0.0
2024-07-19 11:10:00-04:00,1.725000023841858,1.7300000190734863,1.7200000286102295,1.7200000286102295,2761,0.0,0.0
2024-07-19 11:15:00-04:00,1.725000023841858,1.725000023841858,1.725000023841858,1.725000023841858,3528,0.0,0.0
2024-07-19 11:20:00-04:00,1.7300000190734863,1.7400000095367432,1.7300000190734863,1.7350000143051147,32107,0.0,0.0
2024-07-19 11:25:00-04:00,1.7400000095367432,1.7400000095367432,1.725000023841858,1.725000023841858,12099,0.0,0.0
2024-07-19 11:30:00-04:00,1.725000023841858,1.7300000190734863,1.7200000286102295,1.7300000190734863,18532,0.0,0.0
2024-07-19 11:35:00-04:00,1.725000023841858,1.7300000190734863,1.725000023841858,1.7300000190734863,1295,0.0,0.0
2024-07-19 11:40:00-04:00,1.725000023841858,1.7300000190734863,1.725000023841858,1.725000023841858,1756,0.0,0.0
2024-07-19 11:45:00-04:00,1.7299000024795532,1.7799999713897705,1.725000023841858,1.7799999713897705,190313,0.0,0.0
2024-07-19 11:50:00-04:00,1.7799999713897705,1.7799999713897705,1.774999976158142,1.774999976158142,4250,0.0,0.0
2024-07-19 11:55:00-04:00,1.7699999809265137,1.774999976158142,1.7599999904632568,1.7649999856948853,15274,0.0,0.0
2024-07-19 12:00:00-04:00,1.7649999856948853,1.7699999809265137,1.7599999904632568,1.7649999856948853,6742,0.0,0.0
2024-07-19 12:05:00-04:00,1.7649999856948853,1.7799999713897705,1.7599999904632568,1.774999976158142,30287,0.0,0.0
2024-07-19 12:10:00-04:00,1.774999976158142,1.7799999713897705,1.7549999952316284,1.7649999856948853,42329,0.0,0.0
2024-07-19 12:15:00-04:00,1.7649999856948853,1.7649999856948853,1.7599999904632568,1.7599999904632568,2535,0.0,0.0
2024-07-19 12:20:00-04:00,1.7599999904632568,1.7649999856948853,1.7549999952316284,1.7599999904632568,26512,0.0,0.0
2024-07-19 12:25:00-04:00,1.7649999856948853,1.7699999809265137,1.7599999904632568,1.7649999856948853,2383,0.0,0.0
2024-07-19 12:30:00-04:00,1.7699999809265137,1.7699999809265137,1.7599999904632568,1.7599999904632568,14352,0.0,0.0
2024-07-19 12:35:00-04:00,1.7649999856948853,1.7699999809265137,1.7649999856948853,1.7699999809265137,8205,0.0,0.0
2024-07-19 12:40:00-04:00,1.7599999904632568,1.7699999809265137,1.7599999904632568,1.7649999856948853,6353,0.0,0.0
2024-07-19 12:45:00-04:00,1.7649999856948853,1.7649999856948853,1.7599999904632568,1.7649999856948853,22840,0.0,0.0
2024-07-19 12:50:00-04:00,1.7649999856948853,1.7649999856948853,1.7549999952316284,1.7595000267028809,13076,0.0,0.0
2024-07-19 12:55:00-04:00,1.7549999952316284,1.7549999952316284,1.7549999952316284,1.7549999952316284,1102,0.0,0.0
2024-07-19 13:00:00-04:00,1.75,1.7599999904632568,1.75,1.7599999904632568,2455,0.0,0.0
2024-07-19 13:05:00-04:00,1.7549999952316284,1.7599999904632568,1.750100016593933,1.7549999952316284,12982,0.0,0.0
2024-07-19 13:10:00-04:00,1.7599999904632568,1.7649999856948853,1.7599999904632568,1.7649999856948853,18562,0.0,0.0
2024-07-19 13:15:00-04:00,1.7649999856948853,1.7694000005722046,1.7649999856948853,1.7694000005722046,9259,0.0,0.0
2024-07-19 13:20:00-04:00,1.7649999856948853,1.7649999856948853,1.7549999952316284,1.7549999952316284,16901,0.0,0.0
2024-07-19 13:25:00-04:00,1.750599980354309,1.7549999952316284,1.75,1.7549999952316284,1065,0.0,0.0
2024-07-19 13:30:00-04:00,1.7549999952316284,1.7549999952316284,1.75,1.7549999952316284,7756,0.0,0.0
2024-07-19 13:35:00-04:00,1.7549999952316284,1.7599999904632568,1.75,1.75,6778,0.0,0.0
2024-07-19 13:40:00-04:00,1.7549999952316284,1.7549999952316284,1.7400000095367432,1.7450000047683716,11484,0.0,0.0
2024-07-19 13:45:00-04:00,1.75,1.75,1.7400000095367432,1.7450000047683716,1046,0.0,0.0
2024-07-19 13:50:00-04:00,1.7400000095367432,1.7450000047683716,1.7400000095367432,1.7450000047683716,3620,0.0,0.0
2024-07-19 13:55:00-04:00,1.75,1.75,1.7450000047683716,1.7450000047683716,2469,0.0,0.0
2024-07-19 14:00:00-04:00,1.7450000047683716,1.7450000047683716,1.7450000047683716,1.7450000047683716,3101,0.0,0.0
2024-07-19 14:05:00-04:00,1.7400000095367432,1.75,1.7400000095367432,1.7450000047683716,1705,0.0,0.0
2024-07-19 14:10:00-04:00,1.7450000047683716,1.75,1.7400000095367432,1.7400000095367432,6676,0.0,0.0
2024-07-19 14:15:00-04:00,1.74399995803833,1.7450000047683716,1.7400000095367432,1.7450000047683716,8008,0.0,0.0
2024-07-19 14:20:00-04:00,1.7400000095367432,1.75,1.7400000095367432,1.7400000095367432,2498,0.0,0.0
2024-07-19 14:25:00-04:00,1.7450000047683716,1.7450000047683716,1.7400000095367432,1.7450000047683716,3254,0.0,0.0
2024-07-19 14:30:00-04:00,1.75,1.75,1.7400000095367432,1.7450000047683716,2419,0.0,0.0
2024-07-19 14:35:00-04:00,1.7450000047683716,1.7450000047683716,1.7400000095367432,1.7400000095367432,7233,0.0,0.0
2024-07-19 14:40:00-04:00,1.7450000047683716,1.75,1.7450000047683716,1.7450000047683716,3657,0.0,0.0
2024-07-19 14:45:00-04:00,1.7450000047683716,1.75,1.7400000095367432,1.746999979019165,10380,0.0,0.0
2024-07-19 14:50:00-04:00,1.7450000047683716,1.75,1.7400000095367432,1.7450000047683716,6392,0.0,0.0
2024-07-19 14:55:00-04:00,1.7400000095367432,1.7450000047683716,1.7400000095367432,1.7450000047683716,6297,0.0,0.0
2024-07-19 15:00:00-04:00,1.7400000095367432,1.75,1.7400000095367432,1.7450000047683716,3238,0.0,0.0
2024-07-19 15:05:00-04:00,1.7450000047683716,1.75,1.7400000095367432,1.7450000047683716,3448,0.0,0.0
2024-07-19 15:10:00-04:00,1.7450000047683716,1.75,1.7400000095367432,1.7450000047683716,7752,0.0,0.0
2024-07-19 15:15:00-04:00,1.7400000095367432,1.75,1.7400000095367432,1.75,12253,0.0,0.0
2024-07-19 15:20:00-04:00,1.7450000047683716,1.75,1.7450000047683716,1.7450000047683716,5970,0.0,0.0
2024-07-19 15:25:00-04:00,1.7450000047683716,1.75,1.7450000047683716,1.7450000047683716,4203,0.0,0.0
2024-07-19 15:30:00-04:00,1.7450000047683716,1.75,1.7400000095367432,1.7450000047683716,5452,0.0,0.0
2024-07-19 15:35:00-04:00,1.7450000047683716,1.75,1.7400000095367432,1.7450000047683716,7054,0.0,0.0
2024-07-19 15:40:00-04:00,1.7450000047683716,1.75,1.7400000095367432,1.7450000047683716,19351,0.0,0.0
2024-07-19 15:45:00-04:00,1.7450000047683716,1.75,1.7400000095367432,1.7450000047683716,11949,0.0,0.0
2024-07-19 15:50:00-04:00,1.7400000095367432,1.7481000423431396,1.7400000095367432,1.7450000047683716,53800,0.0,0.0
2024-07-19 15:55:00-04:00,1.7450000047683716,1.7450000047683716,1.7300000190734863,1.7400000095367432,113385,0.0,0.0
