Datetime,Open,High,Low,Close,Volume,Dividends,Stock Splits
2024-06-20 09:30:00-04:00,7.360000133514404,7.370800018310547,7.329999923706055,7.349999904632568,6267,0.0,0.0
2024-06-20 09:35:00-04:00,7.349999904632568,7.375,7.349999904632568,7.360000133514404,2688,0.0,0.0
2024-06-20 09:40:00-04:00,7.380000114440918,7.394999980926514,7.380000114440918,7.394999980926514,1041,0.0,0.0
2024-06-20 09:45:00-04:00,7.400000095367432,7.409999847412109,7.400000095367432,7.409999847412109,550,0.0,0.0
2024-06-20 09:50:00-04:00,7.400199890136719,7.400199890136719,7.389999866485596,7.400000095367432,2655,0.0,0.0
2024-06-20 09:55:00-04:00,7.38040018081665,7.389999866485596,7.320000171661377,7.320000171661377,26116,0.0,0.0
2024-06-20 10:00:00-04:00,7.304999828338623,7.329999923706055,7.304999828338623,7.320000171661377,2873,0.0,0.0
2024-06-20 10:05:00-04:00,7.320000171661377,7.320000171661377,7.284999847412109,7.289999961853027,6242,0.0,0.0
2024-06-20 10:10:00-04:00,7.284999847412109,7.284999847412109,7.275000095367432,7.28000020980835,3924,0.0,0.0
2024-06-20 10:15:00-04:00,7.275000095367432,7.284999847412109,7.275000095367432,7.275000095367432,2924,0.0,0.0
2024-06-20 10:20:00-04:00,7.284999847412109,7.300000190734863,7.284999847412109,7.284999847412109,3093,0.0,0.0
2024-06-20 10:25:00-04:00,7.284999847412109,7.34499979019165,7.284999847412109,7.34499979019165,7999,0.0,0.0
2024-06-20 10:30:00-04:00,7.349999904632568,7.360000133514404,7.335000038146973,7.335000038146973,3487,0.0,0.0
2024-06-20 10:35:00-04:00,7.334499835968018,7.340000152587891,7.334499835968018,7.335000038146973,2160,0.0,0.0
2024-06-20 10:40:00-04:00,7.335000038146973,7.360000133514404,7.329999923706055,7.335000038146973,14566,0.0,0.0
2024-06-20 10:45:00-04:00,7.340000152587891,7.355000019073486,7.329999923706055,7.34499979019165,8655,0.0,0.0
2024-06-20 10:50:00-04:00,7.349999904632568,7.349999904632568,7.34499979019165,7.34499979019165,1039,0.0,0.0
2024-06-20 10:55:00-04:00,7.34499979019165,7.34499979019165,7.34499979019165,7.34499979019165,1347,0.0,0.0
2024-06-20 11:00:00-04:00,7.340000152587891,7.340000152587891,7.315000057220459,7.315000057220459,5932,0.0,0.0
2024-06-20 11:05:00-04:00,7.315000057220459,7.315000057220459,7.289999961853027,7.295000076293945,18599,0.0,0.0
2024-06-20 11:10:00-04:00,7.295000076293945,7.304999828338623,7.295000076293945,7.304999828338623,3631,0.0,0.0
2024-06-20 11:15:00-04:00,7.304999828338623,7.309999942779541,7.304999828338623,7.304999828338623,2255,0.0,0.0
2024-06-20 11:20:00-04:00,7.304999828338623,7.315000057220459,7.284999847412109,7.300000190734863,23088,0.0,0.0
2024-06-20 11:25:00-04:00,7.304999828338623,7.304999828338623,7.295000076293945,7.295000076293945,4442,0.0,0.0
2024-06-20 11:30:00-04:00,7.295000076293945,7.304999828338623,7.295000076293945,7.304999828338623,6549,0.0,0.0
2024-06-20 11:35:00-04:00,7.304999828338623,7.309999942779541,7.304999828338623,7.304999828338623,2029,0.0,0.0
2024-06-20 11:40:00-04:00,7.304999828338623,7.309999942779541,7.295000076293945,7.309999942779541,5252,0.0,0.0
2024-06-20 11:45:00-04:00,7.304999828338623,7.309999942779541,7.304999828338623,7.304999828338623,1973,0.0,0.0
2024-06-20 11:50:00-04:00,7.309999942779541,7.315000057220459,7.304999828338623,7.315000057220459,6058,0.0,0.0
2024-06-20 11:55:00-04:00,7.320000171661377,7.324999809265137,7.309999942779541,7.315000057220459,5711,0.0,0.0
2024-06-20 12:00:00-04:00,7.315000057220459,7.324999809265137,7.315000057220459,7.324999809265137,2723,0.0,0.0
2024-06-20 12:05:00-04:00,7.329999923706055,7.340000152587891,7.329999923706055,7.340000152587891,1886,0.0,0.0
2024-06-20 12:10:00-04:00,7.340000152587891,7.34499979019165,7.335000038146973,7.335000038146973,4374,0.0,0.0
2024-06-20 12:15:00-04:00,7.335000038146973,7.335000038146973,7.335000038146973,7.335000038146973,1277,0.0,0.0
2024-06-20 12:20:00-04:00,7.335000038146973,7.335000038146973,7.309999942779541,7.315000057220459,13639,0.0,0.0
2024-06-20 12:25:00-04:00,7.320000171661377,7.320000171661377,7.28000020980835,7.295000076293945,52015,0.0,0.0
2024-06-20 12:30:00-04:00,7.295000076293945,7.315000057220459,7.295000076293945,7.315000057220459,7137,0.0,0.0
2024-06-20 12:35:00-04:00,7.320000171661377,7.324999809265137,7.320000171661377,7.320000171661377,820,0.0,0.0
2024-06-20 12:40:00-04:00,7.324999809265137,7.335000038146973,7.324999809265137,7.335000038146973,1435,0.0,0.0
2024-06-20 12:45:00-04:00,7.334700107574463,7.340000152587891,7.289999961853027,7.300000190734863,33614,0.0,0.0
2024-06-20 12:50:00-04:00,7.300000190734863,7.309999942779541,7.295000076293945,7.295000076293945,8294,0.0,0.0
2024-06-20 12:55:00-04:00,7.295000076293945,7.300000190734863,7.289999961853027,7.289999961853027,4858,0.0,0.0
2024-06-20 13:00:00-04:00,7.289999961853027,7.295000076293945,7.28000020980835,7.284999847412109,4515,0.0,0.0
2024-06-20 13:05:00-04:00,7.28000020980835,7.284999847412109,7.275000095367432,7.275000095367432,6312,0.0,0.0
2024-06-20 13:10:00-04:00,7.275000095367432,7.28000020980835,7.269999980926514,7.275000095367432,9472,0.0,0.0
2024-06-20 13:15:00-04:00,7.275000095367432,7.275000095367432,7.264999866485596,7.264999866485596,10734,0.0,0.0
2024-06-20 13:20:00-04:00,7.264999866485596,7.28000020980835,7.264999866485596,7.28000020980835,5599,0.0,0.0
2024-06-20 13:25:00-04:00,7.28000020980835,7.28000020980835,7.25,7.255000114440918,19345,0.0,0.0
2024-06-20 13:30:00-04:00,7.255000114440918,7.269999980926514,7.255000114440918,7.264999866485596,4226,0.0,0.0
2024-06-20 13:35:00-04:00,7.260000228881836,7.260000228881836,7.255000114440918,7.260000228881836,6033,0.0,0.0
2024-06-20 13:40:00-04:00,7.260000228881836,7.264999866485596,7.255000114440918,7.264999866485596,2976,0.0,0.0
2024-06-20 13:45:00-04:00,7.269999980926514,7.2891998291015625,7.269999980926514,7.284999847412109,5035,0.0,0.0
2024-06-20 13:50:00-04:00,7.284999847412109,7.289999961853027,7.28000020980835,7.284999847412109,1907,0.0,0.0
2024-06-20 13:55:00-04:00,7.284999847412109,7.289999961853027,7.284999847412109,7.284999847412109,2868,0.0,0.0
2024-06-20 14:00:00-04:00,7.289999961853027,7.289999961853027,7.284999847412109,7.284999847412109,1041,0.0,0.0
2024-06-20 14:05:00-04:00,7.284999847412109,7.284999847412109,7.284999847412109,7.284999847412109,2585,0.0,0.0
2024-06-20 14:10:00-04:00,7.284999847412109,7.289999961853027,7.284999847412109,7.284999847412109,4303,0.0,0.0
2024-06-20 14:15:00-04:00,7.284999847412109,7.289999961853027,7.28000020980835,7.284999847412109,17159,0.0,0.0
2024-06-20 14:20:00-04:00,7.284999847412109,7.335000038146973,7.28000020980835,7.335000038146973,66613,0.0,0.0
2024-06-20 14:25:00-04:00,7.335000038146973,7.340000152587891,7.335000038146973,7.340000152587891,1869,0.0,0.0
2024-06-20 14:30:00-04:00,7.335000038146973,7.340000152587891,7.329999923706055,7.335000038146973,5451,0.0,0.0
2024-06-20 14:35:00-04:00,7.335000038146973,7.335000038146973,7.317500114440918,7.324999809265137,12716,0.0,0.0
2024-06-20 14:40:00-04:00,7.324999809265137,7.325300216674805,7.309999942779541,7.309999942779541,10473,0.0,0.0
2024-06-20 14:45:00-04:00,7.304999828338623,7.309999942779541,7.300000190734863,7.304999828338623,9507,0.0,0.0
2024-06-20 14:50:00-04:00,7.304999828338623,7.309999942779541,7.303299903869629,7.304999828338623,3490,0.0,0.0
2024-06-20 14:55:00-04:00,7.304999828338623,7.315000057220459,7.304999828338623,7.315000057220459,12373,0.0,0.0
2024-06-20 15:00:00-04:00,7.315000057220459,7.315000057220459,7.304999828338623,7.304999828338623,4140,0.0,0.0
2024-06-20 15:05:00-04:00,7.304999828338623,7.304999828338623,7.30109977722168,7.304999828338623,4493,0.0,0.0
2024-06-20 15:10:00-04:00,7.304999828338623,7.304999828338623,7.239999771118164,7.244999885559082,32757,0.0,0.0
2024-06-20 15:15:00-04:00,7.244999885559082,7.260000228881836,7.239999771118164,7.239999771118164,22932,0.0,0.0
2024-06-20 15:20:00-04:00,7.244999885559082,7.260000228881836,7.244999885559082,7.255000114440918,15707,0.0,0.0
2024-06-20 15:25:00-04:00,7.255000114440918,7.264999866485596,7.25,7.255000114440918,14817,0.0,0.0
2024-06-20 15:30:00-04:00,7.25,7.264999866485596,7.244999885559082,7.264999866485596,21317,0.0,0.0
2024-06-20 15:35:00-04:00,7.264999866485596,7.264999866485596,7.255000114440918,7.264999866485596,13250,0.0,0.0
2024-06-20 15:40:00-04:00,7.260000228881836,7.264999866485596,7.255000114440918,7.264999866485596,17757,0.0,0.0
2024-06-20 15:45:00-04:00,7.264999866485596,7.269999980926514,7.260000228881836,7.264999866485596,11239,0.0,0.0
2024-06-20 15:50:00-04:00,7.264999866485596,7.275000095367432,7.25,7.255000114440918,45306,0.0,0.0
2024-06-20 15:55:00-04:00,7.260000228881836,7.289999961853027,7.25,7.28000020980835,126784,0.0,0.0
2024-06-21 09:30:00-04:00,7.289999961853027,7.300000190734863,7.269999980926514,7.269999980926514,197676,0.0,0.0
2024-06-21 09:35:00-04:00,7.28000020980835,7.28000020980835,7.279799938201904,7.279799938201904,289,0.0,0.0
2024-06-21 09:40:00-04:00,7.289999961853027,7.300000190734863,7.289999961853027,7.289999961853027,7443,0.0,0.0
2024-06-21 09:45:00-04:00,7.28000020980835,7.309999942779541,7.260000228881836,7.309999942779541,6699,0.0,0.0
2024-06-21 09:50:00-04:00,7.309999942779541,7.315000057220459,7.300000190734863,7.315000057220459,1968,0.0,0.0
2024-06-21 09:55:00-04:00,7.309999942779541,7.324999809265137,7.300000190734863,7.304999828338623,9223,0.0,0.0
2024-06-21 10:00:00-04:00,7.304999828338623,7.355000019073486,7.300000190734863,7.355000019073486,19344,0.0,0.0
2024-06-21 10:05:00-04:00,7.349999904632568,7.349999904632568,7.315000057220459,7.315000057220459,3580,0.0,0.0
2024-06-21 10:10:00-04:00,7.300000190734863,7.300000190734863,7.264999866485596,7.275000095367432,2757,0.0,0.0
2024-06-21 10:15:00-04:00,7.264999866485596,7.28000020980835,7.260000228881836,7.28000020980835,5178,0.0,0.0
2024-06-21 10:20:00-04:00,7.284999847412109,7.295000076293945,7.275000095367432,7.289999961853027,5850,0.0,0.0
2024-06-21 10:25:00-04:00,7.284999847412109,7.284999847412109,7.28000020980835,7.284999847412109,1012,0.0,0.0
2024-06-21 10:30:00-04:00,7.28000020980835,7.28000020980835,7.269999980926514,7.269999980926514,1147,0.0,0.0
2024-06-21 10:35:00-04:00,7.275000095367432,7.275000095367432,7.264999866485596,7.264999866485596,3697,0.0,0.0
2024-06-21 10:40:00-04:00,7.269999980926514,7.275000095367432,7.264999866485596,7.264999866485596,2750,0.0,0.0
2024-06-21 10:45:00-04:00,7.264999866485596,7.269999980926514,7.264999866485596,7.269999980926514,3532,0.0,0.0
2024-06-21 10:50:00-04:00,7.269999980926514,7.28000020980835,7.269999980926514,7.28000020980835,1339,0.0,0.0
2024-06-21 10:55:00-04:00,7.28000020980835,7.28000020980835,7.255000114440918,7.255000114440918,3256,0.0,0.0
2024-06-21 11:05:00-04:00,7.260000228881836,7.269999980926514,7.260000228881836,7.269999980926514,2676,0.0,0.0
2024-06-21 11:10:00-04:00,7.275000095367432,7.284999847412109,7.275000095367432,7.284999847412109,2687,0.0,0.0
2024-06-21 11:15:00-04:00,7.28000020980835,7.28000020980835,7.28000020980835,7.28000020980835,1373,0.0,0.0
2024-06-21 11:20:00-04:00,7.275000095367432,7.275000095367432,7.264999866485596,7.264999866485596,2787,0.0,0.0
2024-06-21 11:25:00-04:00,7.260000228881836,7.28000020980835,7.255000114440918,7.269999980926514,11601,0.0,0.0
2024-06-21 11:30:00-04:00,7.275000095367432,7.295000076293945,7.275000095367432,7.295000076293945,2615,0.0,0.0
2024-06-21 11:35:00-04:00,7.295000076293945,7.300000190734863,7.295000076293945,7.300000190734863,1077,0.0,0.0
2024-06-21 11:40:00-04:00,7.300000190734863,7.300000190734863,7.289999961853027,7.289999961853027,4431,0.0,0.0
2024-06-21 11:45:00-04:00,7.284999847412109,7.289999961853027,7.284999847412109,7.289999961853027,1100,0.0,0.0
2024-06-21 11:50:00-04:00,7.289999961853027,7.289999961853027,7.269999980926514,7.275000095367432,7310,0.0,0.0
2024-06-21 11:55:00-04:00,7.275000095367432,7.275000095367432,7.269999980926514,7.269999980926514,1709,0.0,0.0
2024-06-21 12:00:00-04:00,7.260000228881836,7.260000228881836,7.25,7.255000114440918,5981,0.0,0.0
2024-06-21 12:10:00-04:00,7.260000228881836,7.269999980926514,7.260000228881836,7.269999980926514,5820,0.0,0.0
2024-06-21 12:15:00-04:00,7.275000095367432,7.275000095367432,7.264999866485596,7.264999866485596,4078,0.0,0.0
2024-06-21 12:20:00-04:00,7.264999866485596,7.269999980926514,7.264999866485596,7.264999866485596,930,0.0,0.0
2024-06-21 12:25:00-04:00,7.264999866485596,7.264999866485596,7.264999866485596,7.264999866485596,970,0.0,0.0
2024-06-21 12:30:00-04:00,7.269999980926514,7.269999980926514,7.264999866485596,7.264999866485596,1388,0.0,0.0
2024-06-21 12:35:00-04:00,7.264999866485596,7.269999980926514,7.264999866485596,7.264999866485596,1195,0.0,0.0
2024-06-21 12:40:00-04:00,7.264999866485596,7.264999866485596,7.260000228881836,7.264999866485596,1829,0.0,0.0
2024-06-21 12:45:00-04:00,7.260000228881836,7.264999866485596,7.260000228881836,7.264999866485596,1697,0.0,0.0
2024-06-21 12:50:00-04:00,7.266300201416016,7.266300201416016,7.260000228881836,7.264999866485596,3089,0.0,0.0
2024-06-21 12:55:00-04:00,7.264999866485596,7.269999980926514,7.260000228881836,7.264999866485596,3189,0.0,0.0
2024-06-21 13:00:00-04:00,7.264999866485596,7.269999980926514,7.264999866485596,7.264999866485596,1431,0.0,0.0
2024-06-21 13:05:00-04:00,7.264999866485596,7.275000095367432,7.260000228881836,7.264999866485596,8852,0.0,0.0
2024-06-21 13:10:00-04:00,7.269999980926514,7.269999980926514,7.230000019073486,7.230000019073486,15301,0.0,0.0
2024-06-21 13:15:00-04:00,7.230000019073486,7.244999885559082,7.21999979019165,7.239999771118164,8292,0.0,0.0
2024-06-21 13:20:00-04:00,7.239999771118164,7.239999771118164,7.230000019073486,7.239999771118164,3997,0.0,0.0
2024-06-21 13:25:00-04:00,7.244999885559082,7.25540018081665,7.239999771118164,7.244999885559082,11144,0.0,0.0
2024-06-21 13:30:00-04:00,7.25,7.260000228881836,7.2428998947143555,7.260000228881836,7636,0.0,0.0
2024-06-21 13:35:00-04:00,7.269999980926514,7.315000057220459,7.269999980926514,7.309000015258789,17365,0.0,0.0
2024-06-21 13:40:00-04:00,7.300000190734863,7.324999809265137,7.300000190734863,7.320000171661377,19136,0.0,0.0
2024-06-21 13:45:00-04:00,7.324999809265137,7.349999904632568,7.324999809265137,7.349999904632568,29765,0.0,0.0
2024-06-21 13:50:00-04:00,7.349999904632568,7.360000133514404,7.34499979019165,7.349999904632568,17631,0.0,0.0
2024-06-21 13:55:00-04:00,7.349999904632568,7.349999904632568,7.329999923706055,7.329999923706055,23282,0.0,0.0
2024-06-21 14:00:00-04:00,7.329999923706055,7.349999904632568,7.320000171661377,7.340000152587891,17121,0.0,0.0
2024-06-21 14:05:00-04:00,7.340000152587891,7.358799934387207,7.340000152587891,7.358799934387207,19599,0.0,0.0
2024-06-21 14:10:00-04:00,7.360000133514404,7.389999866485596,7.355000019073486,7.385000228881836,25629,0.0,0.0
2024-06-21 14:15:00-04:00,7.380000114440918,7.389999866485596,7.360000133514404,7.380000114440918,26235,0.0,0.0
2024-06-21 14:20:00-04:00,7.380000114440918,7.400000095367432,7.369999885559082,7.380000114440918,21761,0.0,0.0
2024-06-21 14:25:00-04:00,7.385000228881836,7.40500020980835,7.385000228881836,7.400000095367432,25022,0.0,0.0
2024-06-21 14:30:00-04:00,7.389999866485596,7.389999866485596,7.364999771118164,7.364999771118164,22104,0.0,0.0
2024-06-21 14:35:00-04:00,7.369999885559082,7.369999885559082,7.340000152587891,7.349999904632568,28886,0.0,0.0
2024-06-21 14:40:00-04:00,7.34499979019165,7.349999904632568,7.335000038146973,7.349999904632568,18826,0.0,0.0
2024-06-21 14:45:00-04:00,7.349999904632568,7.385000228881836,7.349999904632568,7.375,20802,0.0,0.0
2024-06-21 14:50:00-04:00,7.380000114440918,7.380000114440918,7.324999809265137,7.329999923706055,9871,0.0,0.0
2024-06-21 14:55:00-04:00,7.320000171661377,7.324999809265137,7.309999942779541,7.309999942779541,4041,0.0,0.0
2024-06-21 15:00:00-04:00,7.309999942779541,7.315000057220459,7.300000190734863,7.300000190734863,4375,0.0,0.0
2024-06-21 15:05:00-04:00,7.304999828338623,7.315000057220459,7.300000190734863,7.304999828338623,8704,0.0,0.0
2024-06-21 15:10:00-04:00,7.304999828338623,7.304999828338623,7.28000020980835,7.28000020980835,8291,0.0,0.0
2024-06-21 15:15:00-04:00,7.275000095367432,7.300000190734863,7.275000095367432,7.28000020980835,13212,0.0,0.0
2024-06-21 15:20:00-04:00,7.284999847412109,7.289999961853027,7.284999847412109,7.289999961853027,6850,0.0,0.0
2024-06-21 15:25:00-04:00,7.295000076293945,7.295000076293945,7.284999847412109,7.284999847412109,4173,0.0,0.0
2024-06-21 15:30:00-04:00,7.284999847412109,7.284999847412109,7.260000228881836,7.269999980926514,17454,0.0,0.0
2024-06-21 15:35:00-04:00,7.269999980926514,7.300000190734863,7.264999866485596,7.295000076293945,14420,0.0,0.0
2024-06-21 15:40:00-04:00,7.289999961853027,7.289999961853027,7.26039981842041,7.264999866485596,14610,0.0,0.0
2024-06-21 15:45:00-04:00,7.264999866485596,7.269999980926514,7.239999771118164,7.25,40769,0.0,0.0
2024-06-21 15:50:00-04:00,7.25,7.269999980926514,7.239999771118164,7.255000114440918,49552,0.0,0.0
2024-06-21 15:55:00-04:00,7.255000114440918,7.258900165557861,7.210000038146973,7.210000038146973,244493,0.0,0.0
2024-06-24 09:30:00-04:00,7.269999980926514,7.309999942779541,7.254499912261963,7.300000190734863,6397,0.0,0.0
2024-06-24 09:35:00-04:00,7.260000228881836,7.300000190734863,7.260000228881836,7.289999961853027,1766,0.0,0.0
2024-06-24 09:40:00-04:00,7.300000190734863,7.309999942779541,7.28000020980835,7.28000020980835,1944,0.0,0.0
2024-06-24 09:45:00-04:00,7.28000020980835,7.340000152587891,7.28000020980835,7.340000152587891,4077,0.0,0.0
2024-06-24 09:50:00-04:00,7.360000133514404,7.380000114440918,7.349999904632568,7.369999885559082,3026,0.0,0.0
2024-06-24 09:55:00-04:00,7.360000133514404,7.369999885559082,7.349999904632568,7.369999885559082,1027,0.0,0.0
2024-06-24 10:00:00-04:00,7.360000133514404,7.369999885559082,7.309999942779541,7.315000057220459,7158,0.0,0.0
2024-06-24 10:05:00-04:00,7.315000057220459,7.335000038146973,7.315000057220459,7.335000038146973,2234,0.0,0.0
2024-06-24 10:10:00-04:00,7.324999809265137,7.329999923706055,7.315000057220459,7.324999809265137,4771,0.0,0.0
2024-06-24 10:15:00-04:00,7.320000171661377,7.320000171661377,7.300000190734863,7.300000190734863,3087,0.0,0.0
2024-06-24 10:20:00-04:00,7.295000076293945,7.300000190734863,7.289999961853027,7.300000190734863,2155,0.0,0.0
2024-06-24 10:25:00-04:00,7.289999961853027,7.289999961853027,7.28000020980835,7.28000020980835,2196,0.0,0.0
2024-06-24 10:30:00-04:00,7.275000095367432,7.284999847412109,7.269999980926514,7.284999847412109,3481,0.0,0.0
2024-06-24 10:35:00-04:00,7.284999847412109,7.289999961853027,7.28000020980835,7.289999961853027,2689,0.0,0.0
2024-06-24 10:40:00-04:00,7.289999961853027,7.295000076293945,7.28000020980835,7.284999847412109,2345,0.0,0.0
2024-06-24 10:45:00-04:00,7.28000020980835,7.300000190734863,7.28000020980835,7.28000020980835,7674,0.0,0.0
2024-06-24 10:50:00-04:00,7.28000020980835,7.28000020980835,7.239999771118164,7.25,6979,0.0,0.0
2024-06-24 10:55:00-04:00,7.239999771118164,7.244999885559082,7.230000019073486,7.230000019073486,3452,0.0,0.0
2024-06-24 11:00:00-04:00,7.230000019073486,7.269999980926514,7.230000019073486,7.269999980926514,5875,0.0,0.0
2024-06-24 11:05:00-04:00,7.264999866485596,7.269999980926514,7.239999771118164,7.239999771118164,6657,0.0,0.0
2024-06-24 11:10:00-04:00,7.239999771118164,7.264999866485596,7.239999771118164,7.264999866485596,3026,0.0,0.0
2024-06-24 11:15:00-04:00,7.261899948120117,7.264999866485596,7.25,7.25,9667,0.0,0.0
2024-06-24 11:20:00-04:00,7.25,7.255000114440918,7.230000019073486,7.239999771118164,10525,0.0,0.0
2024-06-24 11:25:00-04:00,7.239999771118164,7.239999771118164,7.230000019073486,7.230000019073486,3722,0.0,0.0
2024-06-24 11:30:00-04:00,7.230000019073486,7.235000133514404,7.210000038146973,7.215000152587891,9415,0.0,0.0
2024-06-24 11:35:00-04:00,7.210000038146973,7.215000152587891,7.199999809265137,7.199999809265137,5368,0.0,0.0
2024-06-24 11:40:00-04:00,7.199999809265137,7.199999809265137,7.179999828338623,7.190000057220459,9518,0.0,0.0
2024-06-24 11:45:00-04:00,7.199999809265137,7.204999923706055,7.190000057220459,7.190000057220459,6467,0.0,0.0
2024-06-24 11:50:00-04:00,7.195000171661377,7.215000152587891,7.195000171661377,7.215000152587891,3645,0.0,0.0
2024-06-24 11:55:00-04:00,7.21999979019165,7.224999904632568,7.210000038146973,7.224999904632568,2594,0.0,0.0
2024-06-24 12:00:00-04:00,7.230000019073486,7.230000019073486,7.210000038146973,7.215000152587891,1825,0.0,0.0
2024-06-24 12:05:00-04:00,7.21999979019165,7.21999979019165,7.210000038146973,7.21999979019165,1403,0.0,0.0
2024-06-24 12:10:00-04:00,7.210000038146973,7.215000152587891,7.210000038146973,7.210000038146973,498,0.0,0.0
2024-06-24 12:15:00-04:00,7.215000152587891,7.21999979019165,7.199999809265137,7.204999923706055,5098,0.0,0.0
2024-06-24 12:20:00-04:00,7.210000038146973,7.21999979019165,7.204999923706055,7.215000152587891,3498,0.0,0.0
2024-06-24 12:25:00-04:00,7.215000152587891,7.230000019073486,7.215000152587891,7.21999979019165,6115,0.0,0.0
2024-06-24 12:30:00-04:00,7.21999979019165,7.21999979019165,7.210000038146973,7.215000152587891,2953,0.0,0.0
2024-06-24 12:35:00-04:00,7.215000152587891,7.224999904632568,7.215000152587891,7.21999979019165,2132,0.0,0.0
2024-06-24 12:40:00-04:00,7.224999904632568,7.230000019073486,7.210000038146973,7.210000038146973,3000,0.0,0.0
2024-06-24 12:45:00-04:00,7.210000038146973,7.215000152587891,7.210000038146973,7.210000038146973,748,0.0,0.0
2024-06-24 12:50:00-04:00,7.210000038146973,7.210000038146973,7.199999809265137,7.210000038146973,5513,0.0,0.0
2024-06-24 12:55:00-04:00,7.215000152587891,7.215000152587891,7.199999809265137,7.199999809265137,1588,0.0,0.0
2024-06-24 13:00:00-04:00,7.199999809265137,7.204999923706055,7.199999809265137,7.199999809265137,1447,0.0,0.0
2024-06-24 13:05:00-04:00,7.199999809265137,7.199999809265137,7.190000057220459,7.199999809265137,2884,0.0,0.0
2024-06-24 13:10:00-04:00,7.190000057220459,7.195000171661377,7.179999828338623,7.179999828338623,3016,0.0,0.0
2024-06-24 13:15:00-04:00,7.179999828338623,7.184999942779541,7.179999828338623,7.184999942779541,1489,0.0,0.0
2024-06-24 13:20:00-04:00,7.179999828338623,7.190000057220459,7.179999828338623,7.184999942779541,2659,0.0,0.0
2024-06-24 13:25:00-04:00,7.179999828338623,7.190000057220459,7.179999828338623,7.179999828338623,4998,0.0,0.0
2024-06-24 13:30:00-04:00,7.179999828338623,7.184999942779541,7.159999847412109,7.159999847412109,5526,0.0,0.0
2024-06-24 13:35:00-04:00,7.164999961853027,7.184999942779541,7.159999847412109,7.184999942779541,3888,0.0,0.0
2024-06-24 13:40:00-04:00,7.184999942779541,7.184999942779541,7.170000076293945,7.170000076293945,2298,0.0,0.0
2024-06-24 13:45:00-04:00,7.170000076293945,7.175000190734863,7.159999847412109,7.159999847412109,2655,0.0,0.0
2024-06-24 13:50:00-04:00,7.159999847412109,7.175000190734863,7.159999847412109,7.170000076293945,2200,0.0,0.0
2024-06-24 13:55:00-04:00,7.175000190734863,7.175000190734863,7.164999961853027,7.164999961853027,3230,0.0,0.0
2024-06-24 14:00:00-04:00,7.159999847412109,7.175000190734863,7.159999847412109,7.170000076293945,2661,0.0,0.0
2024-06-24 14:05:00-04:00,7.175000190734863,7.175000190734863,7.170000076293945,7.170000076293945,893,0.0,0.0
2024-06-24 14:10:00-04:00,7.175000190734863,7.175000190734863,7.159999847412109,7.164999961853027,3443,0.0,0.0
2024-06-24 14:15:00-04:00,7.170000076293945,7.179999828338623,7.159999847412109,7.170000076293945,9300,0.0,0.0
2024-06-24 14:20:00-04:00,7.170000076293945,7.184999942779541,7.159999847412109,7.184999942779541,16050,0.0,0.0
2024-06-24 14:25:00-04:00,7.184999942779541,7.204999923706055,7.184999942779541,7.199999809265137,7650,0.0,0.0
2024-06-24 14:30:00-04:00,7.204999923706055,7.210000038146973,7.199999809265137,7.199999809265137,928,0.0,0.0
2024-06-24 14:35:00-04:00,7.199999809265137,7.204999923706055,7.179999828338623,7.184999942779541,8100,0.0,0.0
2024-06-24 14:40:00-04:00,7.179999828338623,7.190000057220459,7.179999828338623,7.179999828338623,5796,0.0,0.0
2024-06-24 14:45:00-04:00,7.184999942779541,7.190000057220459,7.179999828338623,7.184999942779541,2655,0.0,0.0
2024-06-24 14:50:00-04:00,7.184999942779541,7.199999809265137,7.184999942779541,7.195000171661377,4419,0.0,0.0
2024-06-24 14:55:00-04:00,7.195000171661377,7.195000171661377,7.179999828338623,7.179999828338623,4207,0.0,0.0
2024-06-24 15:00:00-04:00,7.184999942779541,7.184999942779541,7.179999828338623,7.179999828338623,6217,0.0,0.0
2024-06-24 15:05:00-04:00,7.179999828338623,7.195000171661377,7.179999828338623,7.195000171661377,7300,0.0,0.0
2024-06-24 15:10:00-04:00,7.195000171661377,7.195000171661377,7.195000171661377,7.195000171661377,2064,0.0,0.0
2024-06-24 15:15:00-04:00,7.190000057220459,7.199999809265137,7.190000057220459,7.190000057220459,4642,0.0,0.0
2024-06-24 15:20:00-04:00,7.195000171661377,7.199999809265137,7.190000057220459,7.195000171661377,5193,0.0,0.0
2024-06-24 15:25:00-04:00,7.195000171661377,7.199999809265137,7.190000057220459,7.195000171661377,4608,0.0,0.0
2024-06-24 15:30:00-04:00,7.195000171661377,7.210000038146973,7.179999828338623,7.179999828338623,21229,0.0,0.0
2024-06-24 15:35:00-04:00,7.179999828338623,7.200300216674805,7.179999828338623,7.195000171661377,41567,0.0,0.0
2024-06-24 15:40:00-04:00,7.190000057220459,7.215000152587891,7.190000057220459,7.215000152587891,16612,0.0,0.0
2024-06-24 15:45:00-04:00,7.215000152587891,7.21999979019165,7.215000152587891,7.215000152587891,4564,0.0,0.0
2024-06-24 15:50:00-04:00,7.210000038146973,7.216599941253662,7.199999809265137,7.204999923706055,14425,0.0,0.0
2024-06-24 15:55:00-04:00,7.199999809265137,7.210000038146973,7.179999828338623,7.195000171661377,43660,0.0,0.0
2024-06-25 09:30:00-04:00,7.190000057220459,7.199999809265137,7.090000152587891,7.130000114440918,10344,0.0,0.0
2024-06-25 09:35:00-04:00,7.159999847412109,7.170000076293945,7.159999847412109,7.159999847412109,1770,0.0,0.0
2024-06-25 09:40:00-04:00,7.159999847412109,7.159999847412109,7.130000114440918,7.130000114440918,1781,0.0,0.0
2024-06-25 09:45:00-04:00,7.144999980926514,7.159999847412109,7.144999980926514,7.150000095367432,6471,0.0,0.0
2024-06-25 09:50:00-04:00,7.150000095367432,7.159999847412109,7.150000095367432,7.159999847412109,1170,0.0,0.0
2024-06-25 09:55:00-04:00,7.159999847412109,7.159999847412109,7.139999866485596,7.139999866485596,1599,0.0,0.0
2024-06-25 10:00:00-04:00,7.130000114440918,7.144999980926514,7.119999885559082,7.139999866485596,2483,0.0,0.0
2024-06-25 10:05:00-04:00,7.130000114440918,7.130000114440918,7.119999885559082,7.119999885559082,836,0.0,0.0
2024-06-25 10:10:00-04:00,7.130000114440918,7.130000114440918,7.119999885559082,7.119999885559082,2189,0.0,0.0
2024-06-25 10:15:00-04:00,7.119999885559082,7.119999885559082,7.099999904632568,7.105000019073486,5587,0.0,0.0
2024-06-25 10:20:00-04:00,7.105000019073486,7.105000019073486,7.074999809265137,7.079999923706055,14225,0.0,0.0
2024-06-25 10:25:00-04:00,7.074999809265137,7.074999809265137,7.059999942779541,7.065000057220459,9156,0.0,0.0
2024-06-25 10:30:00-04:00,7.070000171661377,7.074999809265137,7.070000171661377,7.074999809265137,3371,0.0,0.0
2024-06-25 10:35:00-04:00,7.070000171661377,7.074999809265137,7.065000057220459,7.065000057220459,4237,0.0,0.0
2024-06-25 10:40:00-04:00,7.059999942779541,7.065000057220459,7.059999942779541,7.060100078582764,779,0.0,0.0
2024-06-25 10:45:00-04:00,7.065000057220459,7.065000057220459,7.050000190734863,7.050000190734863,1739,0.0,0.0
2024-06-25 10:50:00-04:00,7.050000190734863,7.059899806976318,7.045000076293945,7.054999828338623,3184,0.0,0.0
2024-06-25 10:55:00-04:00,7.054999828338623,7.054999828338623,7.019999980926514,7.034999847412109,31985,0.0,0.0
2024-06-25 11:00:00-04:00,7.03000020980835,7.03000020980835,7.019999980926514,7.025000095367432,1640,0.0,0.0
2024-06-25 11:05:00-04:00,7.019999980926514,7.019999980926514,7.005000114440918,7.010000228881836,10077,0.0,0.0
2024-06-25 11:10:00-04:00,7.014999866485596,7.019999980926514,7.014999866485596,7.019400119781494,5248,0.0,0.0
2024-06-25 11:15:00-04:00,7.010000228881836,7.014999866485596,7.005000114440918,7.014999866485596,3549,0.0,0.0
2024-06-25 11:20:00-04:00,7.014999866485596,7.014999866485596,7.010000228881836,7.010000228881836,2184,0.0,0.0
2024-06-25 11:25:00-04:00,7.014999866485596,7.014999866485596,7.010000228881836,7.010000228881836,1908,0.0,0.0
2024-06-25 11:30:00-04:00,7.010000228881836,7.014999866485596,6.994999885559082,6.994999885559082,3245,0.0,0.0
2024-06-25 11:35:00-04:00,6.994999885559082,7.010000228881836,6.989999771118164,7.005000114440918,126933,0.0,0.0
2024-06-25 11:40:00-04:00,7.0,7.0,6.98199987411499,6.989999771118164,15993,0.0,0.0
2024-06-25 11:45:00-04:00,6.994999885559082,6.994999885559082,6.989999771118164,6.989999771118164,4748,0.0,0.0
2024-06-25 11:50:00-04:00,6.989999771118164,7.005000114440918,6.989999771118164,7.005000114440918,6730,0.0,0.0
2024-06-25 11:55:00-04:00,7.0,7.0,6.974999904632568,6.974999904632568,4066,0.0,0.0
2024-06-25 12:00:00-04:00,6.96999979019165,6.974999904632568,6.960000038146973,6.965000152587891,4117,0.0,0.0
2024-06-25 12:05:00-04:00,6.965000152587891,6.980000019073486,6.960000038146973,6.965000152587891,10000,0.0,0.0
2024-06-25 12:10:00-04:00,6.965000152587891,7.0,6.960000038146973,6.994999885559082,6020,0.0,0.0
2024-06-25 12:15:00-04:00,7.0,7.0,6.989999771118164,6.994999885559082,1533,0.0,0.0
2024-06-25 12:20:00-04:00,6.994999885559082,6.994999885559082,6.989999771118164,6.989999771118164,5130,0.0,0.0
2024-06-25 12:25:00-04:00,6.994999885559082,6.994999885559082,6.989999771118164,6.994999885559082,2495,0.0,0.0
2024-06-25 12:30:00-04:00,6.989999771118164,6.989999771118164,6.96999979019165,6.974999904632568,6696,0.0,0.0
2024-06-25 12:35:00-04:00,6.96999979019165,6.985000133514404,6.96999979019165,6.980000019073486,7971,0.0,0.0
2024-06-25 12:40:00-04:00,6.985000133514404,6.985000133514404,6.96999979019165,6.980000019073486,6345,0.0,0.0
2024-06-25 12:45:00-04:00,6.985000133514404,6.985000133514404,6.983399868011475,6.985000133514404,2219,0.0,0.0
2024-06-25 12:50:00-04:00,6.985000133514404,7.005000114440918,6.985000133514404,6.994999885559082,5507,0.0,0.0
2024-06-25 12:55:00-04:00,6.994999885559082,7.0,6.989999771118164,6.994999885559082,4509,0.0,0.0
2024-06-25 13:00:00-04:00,6.994999885559082,7.0,6.989999771118164,6.994999885559082,3302,0.0,0.0
2024-06-25 13:05:00-04:00,6.994999885559082,7.010000228881836,6.989999771118164,6.994999885559082,6391,0.0,0.0
2024-06-25 13:10:00-04:00,6.994999885559082,6.994999885559082,6.989999771118164,6.994999885559082,4422,0.0,0.0
2024-06-25 13:15:00-04:00,6.994999885559082,6.994999885559082,6.980000019073486,6.994999885559082,15573,0.0,0.0
2024-06-25 13:20:00-04:00,6.994999885559082,6.994999885559082,6.985000133514404,6.994999885559082,6367,0.0,0.0
2024-06-25 13:25:00-04:00,6.994999885559082,7.010000228881836,6.994999885559082,6.994999885559082,7636,0.0,0.0
2024-06-25 13:30:00-04:00,6.994999885559082,6.994999885559082,6.985000133514404,6.985000133514404,5536,0.0,0.0
2024-06-25 13:35:00-04:00,6.985000133514404,6.994999885559082,6.980000019073486,6.980000019073486,4536,0.0,0.0
2024-06-25 13:40:00-04:00,6.980000019073486,6.985000133514404,6.980000019073486,6.980000019073486,2420,0.0,0.0
2024-06-25 13:45:00-04:00,6.985000133514404,6.994999885559082,6.980000019073486,6.994999885559082,5616,0.0,0.0
2024-06-25 13:50:00-04:00,6.994999885559082,7.005000114440918,6.989999771118164,7.005000114440918,4841,0.0,0.0
2024-06-25 13:55:00-04:00,7.010000228881836,7.010000228881836,6.994999885559082,6.994999885559082,5984,0.0,0.0
2024-06-25 14:00:00-04:00,6.989999771118164,6.994999885559082,6.985000133514404,6.994999885559082,8805,0.0,0.0
2024-06-25 14:05:00-04:00,6.989999771118164,6.994999885559082,6.989999771118164,6.989999771118164,3197,0.0,0.0
2024-06-25 14:10:00-04:00,6.994999885559082,7.005000114440918,6.994999885559082,7.005000114440918,5994,0.0,0.0
2024-06-25 14:15:00-04:00,7.005000114440918,7.014999866485596,7.0,7.014999866485596,4368,0.0,0.0
2024-06-25 14:20:00-04:00,7.010000228881836,7.019999980926514,7.0,7.005000114440918,11232,0.0,0.0
2024-06-25 14:25:00-04:00,7.010000228881836,7.014999866485596,7.005000114440918,7.010000228881836,4295,0.0,0.0
2024-06-25 14:30:00-04:00,7.010000228881836,7.010000228881836,7.0,7.0,6832,0.0,0.0
2024-06-25 14:35:00-04:00,7.005000114440918,7.005000114440918,7.0,7.005000114440918,4903,0.0,0.0
2024-06-25 14:40:00-04:00,7.005000114440918,7.019999980926514,7.005000114440918,7.005000114440918,17190,0.0,0.0
2024-06-25 14:45:00-04:00,7.005000114440918,7.005000114440918,7.0,7.005000114440918,3844,0.0,0.0
2024-06-25 14:50:00-04:00,7.005000114440918,7.010000228881836,7.0,7.005000114440918,3919,0.0,0.0
2024-06-25 14:55:00-04:00,7.005000114440918,7.010000228881836,7.0,7.005000114440918,5521,0.0,0.0
2024-06-25 15:00:00-04:00,7.005000114440918,7.005000114440918,7.0,7.005000114440918,7826,0.0,0.0
2024-06-25 15:05:00-04:00,7.005000114440918,7.010000228881836,6.989999771118164,6.994999885559082,6150,0.0,0.0
2024-06-25 15:10:00-04:00,6.989999771118164,7.005000114440918,6.989999771118164,7.0,7982,0.0,0.0
2024-06-25 15:15:00-04:00,7.005000114440918,7.010000228881836,7.0,7.0,4173,0.0,0.0
2024-06-25 15:20:00-04:00,7.0,7.010000228881836,6.989999771118164,6.994999885559082,14082,0.0,0.0
2024-06-25 15:25:00-04:00,6.994999885559082,7.005000114440918,6.994999885559082,7.0,5599,0.0,0.0
2024-06-25 15:30:00-04:00,7.0,7.005000114440918,6.994999885559082,7.005000114440918,11868,0.0,0.0
2024-06-25 15:35:00-04:00,7.005000114440918,7.005000114440918,6.994999885559082,6.994999885559082,8189,0.0,0.0
2024-06-25 15:40:00-04:00,6.994999885559082,7.010000228881836,6.989999771118164,6.989999771118164,22050,0.0,0.0
2024-06-25 15:45:00-04:00,6.994999885559082,7.005000114440918,6.994999885559082,7.005000114440918,18669,0.0,0.0
2024-06-25 15:50:00-04:00,7.005000114440918,7.019999980926514,7.0,7.014999866485596,16564,0.0,0.0
2024-06-25 15:55:00-04:00,7.019999980926514,7.050000190734863,7.014999866485596,7.050000190734863,82342,0.0,0.0
2024-06-26 09:30:00-04:00,6.96999979019165,7.0,6.96999979019165,7.0,9552,0.0,0.0
2024-06-26 09:35:00-04:00,6.985000133514404,6.985000133514404,6.985000133514404,6.985000133514404,410,0.0,0.0
2024-06-26 09:40:00-04:00,6.985000133514404,7.010000228881836,6.96999979019165,6.96999979019165,1399,0.0,0.0
2024-06-26 09:45:00-04:00,6.96999979019165,6.96999979019165,6.940000057220459,6.949999809265137,1824,0.0,0.0
2024-06-26 09:50:00-04:00,6.960000038146973,6.96999979019165,6.960000038146973,6.960000038146973,664,0.0,0.0
2024-06-26 09:55:00-04:00,6.9679999351501465,6.96999979019165,6.949999809265137,6.96999979019165,3892,0.0,0.0
2024-06-26 10:00:00-04:00,6.96999979019165,6.96999979019165,6.889999866485596,6.909999847412109,19980,0.0,0.0
2024-06-26 10:05:00-04:00,6.909999847412109,6.909999847412109,6.889999866485596,6.889999866485596,6035,0.0,0.0
2024-06-26 10:10:00-04:00,6.889999866485596,6.900000095367432,6.880000114440918,6.894999980926514,11427,0.0,0.0
2024-06-26 10:15:00-04:00,6.894999980926514,6.90500020980835,6.889999866485596,6.894999980926514,19768,0.0,0.0
2024-06-26 10:20:00-04:00,6.900000095367432,6.909999847412109,6.889999866485596,6.909999847412109,11409,0.0,0.0
2024-06-26 10:25:00-04:00,6.909999847412109,6.914999961853027,6.894999980926514,6.909999847412109,11177,0.0,0.0
2024-06-26 10:30:00-04:00,6.900000095367432,6.90500020980835,6.900000095367432,6.90500020980835,4450,0.0,0.0
2024-06-26 10:35:00-04:00,6.90500020980835,6.909999847412109,6.889999866485596,6.90500020980835,18118,0.0,0.0
2024-06-26 10:40:00-04:00,6.90500020980835,6.90500020980835,6.90500020980835,6.90500020980835,4230,0.0,0.0
2024-06-26 10:45:00-04:00,6.90500020980835,6.90749979019165,6.894999980926514,6.894999980926514,13191,0.0,0.0
2024-06-26 10:50:00-04:00,6.894999980926514,6.909999847412109,6.894999980926514,6.894999980926514,11551,0.0,0.0
2024-06-26 10:55:00-04:00,6.894999980926514,6.909999847412109,6.894999980926514,6.894999980926514,11437,0.0,0.0
2024-06-26 11:00:00-04:00,6.900000095367432,6.900000095367432,6.894999980926514,6.894999980926514,5190,0.0,0.0
2024-06-26 11:05:00-04:00,6.894999980926514,6.900000095367432,6.880000114440918,6.885000228881836,15484,0.0,0.0
2024-06-26 11:10:00-04:00,6.885000228881836,6.894999980926514,6.885000228881836,6.894999980926514,9316,0.0,0.0
2024-06-26 11:15:00-04:00,6.894999980926514,6.920000076293945,6.894999980926514,6.914999961853027,7800,0.0,0.0
2024-06-26 11:20:00-04:00,6.914999961853027,6.914999961853027,6.900000095367432,6.900000095367432,5620,0.0,0.0
2024-06-26 11:25:00-04:00,6.90500020980835,6.90500020980835,6.900000095367432,6.90500020980835,8009,0.0,0.0
2024-06-26 11:30:00-04:00,6.900000095367432,6.909999847412109,6.900000095367432,6.909999847412109,6537,0.0,0.0
2024-06-26 11:35:00-04:00,6.90500020980835,6.914999961853027,6.900000095367432,6.900000095367432,15016,0.0,0.0
2024-06-26 11:40:00-04:00,6.900000095367432,6.900000095367432,6.889999866485596,6.889999866485596,6654,0.0,0.0
2024-06-26 11:45:00-04:00,6.890500068664551,6.890500068664551,6.860000133514404,6.860000133514404,12991,0.0,0.0
2024-06-26 11:50:00-04:00,6.860000133514404,6.885000228881836,6.849999904632568,6.885000228881836,21049,0.0,0.0
2024-06-26 11:55:00-04:00,6.885000228881836,6.885000228881836,6.869999885559082,6.875,7362,0.0,0.0
2024-06-26 12:00:00-04:00,6.875,6.889999866485596,6.875,6.885000228881836,10987,0.0,0.0
2024-06-26 12:05:00-04:00,6.880000114440918,6.889999866485596,6.875,6.885000228881836,12627,0.0,0.0
2024-06-26 12:10:00-04:00,6.880000114440918,6.885000228881836,6.875,6.880099773406982,11003,0.0,0.0
2024-06-26 12:15:00-04:00,6.885000228881836,6.940000057220459,6.885000228881836,6.940000057220459,10403,0.0,0.0
2024-06-26 12:20:00-04:00,6.940000057220459,6.940000057220459,6.929999828338623,6.934999942779541,5622,0.0,0.0
2024-06-26 12:25:00-04:00,6.934999942779541,6.934999942779541,6.900000095367432,6.90500020980835,160023,0.0,0.0
2024-06-26 12:30:00-04:00,6.90500020980835,6.914999961853027,6.880000114440918,6.885000228881836,26012,0.0,0.0
2024-06-26 12:35:00-04:00,6.885000228881836,6.889999866485596,6.875,6.885000228881836,11776,0.0,0.0
2024-06-26 12:40:00-04:00,6.880000114440918,6.894999980926514,6.880000114440918,6.880000114440918,18386,0.0,0.0
2024-06-26 12:45:00-04:00,6.885000228881836,6.90500020980835,6.885000228881836,6.894999980926514,71489,0.0,0.0
2024-06-26 12:50:00-04:00,6.894999980926514,6.934999942779541,6.894999980926514,6.909999847412109,72475,0.0,0.0
2024-06-26 12:55:00-04:00,6.914999961853027,6.929999828338623,6.894999980926514,6.90500020980835,101313,0.0,0.0
2024-06-26 13:00:00-04:00,6.90500020980835,6.965000152587891,6.900000095367432,6.925000190734863,568046,0.0,0.0
2024-06-26 13:05:00-04:00,6.929999828338623,6.940000057220459,6.909999847412109,6.914999961853027,31042,0.0,0.0
2024-06-26 13:10:00-04:00,6.914999961853027,6.940000057220459,6.914999961853027,6.934999942779541,20198,0.0,0.0
2024-06-26 13:15:00-04:00,6.929999828338623,6.949999809265137,6.929999828338623,6.940000057220459,4915,0.0,0.0
2024-06-26 13:20:00-04:00,6.940000057220459,6.940000057220459,6.925000190734863,6.934999942779541,13131,0.0,0.0
2024-06-26 13:25:00-04:00,6.929999828338623,6.929999828338623,6.920000076293945,6.920000076293945,3853,0.0,0.0
2024-06-26 13:30:00-04:00,6.925000190734863,6.929999828338623,6.914999961853027,6.914999961853027,8013,0.0,0.0
2024-06-26 13:35:00-04:00,6.914999961853027,6.920000076293945,6.909999847412109,6.914999961853027,9159,0.0,0.0
2024-06-26 13:40:00-04:00,6.914999961853027,6.929999828338623,6.914999961853027,6.929999828338623,9790,0.0,0.0
2024-06-26 13:45:00-04:00,6.934999942779541,6.949999809265137,6.934999942779541,6.949999809265137,10616,0.0,0.0
2024-06-26 13:50:00-04:00,6.945000171661377,6.965000152587891,6.945000171661377,6.954999923706055,700047,0.0,0.0
2024-06-26 13:55:00-04:00,6.954999923706055,6.954999923706055,6.934999942779541,6.954999923706055,20779,0.0,0.0
2024-06-26 14:00:00-04:00,6.949999809265137,6.960000038146973,6.945000171661377,6.960000038146973,9722,0.0,0.0
2024-06-26 14:05:00-04:00,6.965000152587891,6.96999979019165,6.965000152587891,6.96999979019165,902,0.0,0.0
2024-06-26 14:10:00-04:00,6.960000038146973,6.960000038146973,6.949999809265137,6.954999923706055,290549,0.0,0.0
2024-06-26 14:15:00-04:00,6.954999923706055,6.954999923706055,6.929999828338623,6.949999809265137,62293,0.0,0.0
2024-06-26 14:20:00-04:00,6.949999809265137,6.960000038146973,6.940000057220459,6.945000171661377,8737,0.0,0.0
2024-06-26 14:25:00-04:00,6.94890022277832,6.949999809265137,6.945000171661377,6.945000171661377,4924,0.0,0.0
2024-06-26 14:30:00-04:00,6.945000171661377,6.949999809265137,6.921199798583984,6.921199798583984,10674,0.0,0.0
2024-06-26 14:35:00-04:00,6.920499801635742,6.920499801635742,6.90500020980835,6.90500020980835,10945,0.0,0.0
2024-06-26 14:40:00-04:00,6.90500020980835,6.934999942779541,6.9039998054504395,6.934999942779541,18127,0.0,0.0
2024-06-26 14:45:00-04:00,6.934999942779541,6.949999809265137,6.934999942779541,6.949999809265137,6378,0.0,0.0
2024-06-26 14:50:00-04:00,6.949999809265137,6.949999809265137,6.945000171661377,6.949999809265137,6400,0.0,0.0
2024-06-26 14:55:00-04:00,6.945000171661377,6.949999809265137,6.940000057220459,6.945000171661377,6847,0.0,0.0
2024-06-26 15:00:00-04:00,6.945000171661377,6.949999809265137,6.934999942779541,6.934999942779541,11023,0.0,0.0
2024-06-26 15:05:00-04:00,6.934999942779541,6.934999942779541,6.914999961853027,6.925000190734863,18235,0.0,0.0
2024-06-26 15:10:00-04:00,6.920000076293945,6.940000057220459,6.920000076293945,6.934999942779541,10879,0.0,0.0
2024-06-26 15:15:00-04:00,6.934999942779541,6.940000057220459,6.920000076293945,6.940000057220459,18984,0.0,0.0
2024-06-26 15:20:00-04:00,6.934999942779541,6.940000057220459,6.934999942779541,6.934999942779541,2239,0.0,0.0
2024-06-26 15:25:00-04:00,6.940000057220459,6.949999809265137,6.934999942779541,6.949999809265137,20663,0.0,0.0
2024-06-26 15:30:00-04:00,6.949999809265137,6.960000038146973,6.945000171661377,6.945000171661377,12217,0.0,0.0
2024-06-26 15:35:00-04:00,6.945000171661377,6.960000038146973,6.945000171661377,6.954999923706055,17318,0.0,0.0
2024-06-26 15:40:00-04:00,6.954999923706055,6.96999979019165,6.949999809265137,6.960000038146973,17137,0.0,0.0
2024-06-26 15:45:00-04:00,6.965000152587891,6.965000152587891,6.954999923706055,6.965000152587891,34323,0.0,0.0
2024-06-26 15:50:00-04:00,6.960000038146973,6.96750020980835,6.940000057220459,6.954999923706055,60209,0.0,0.0
2024-06-26 15:55:00-04:00,6.954999923706055,7.0,6.940000057220459,7.0,144395,0.0,0.0
2024-06-27 09:30:00-04:00,7.0,7.039999961853027,6.960000038146973,6.960000038146973,10681,0.0,0.0
2024-06-27 09:35:00-04:00,6.958000183105469,7.03000020980835,6.958000183105469,7.03000020980835,4198,0.0,0.0
2024-06-27 09:40:00-04:00,7.03000020980835,7.059999942779541,7.03000020980835,7.059999942779541,2481,0.0,0.0
2024-06-27 09:45:00-04:00,7.059999942779541,7.074699878692627,7.059999942779541,7.065000057220459,3354,0.0,0.0
2024-06-27 09:50:00-04:00,7.059999942779541,7.059999942779541,7.040999889373779,7.050000190734863,2542,0.0,0.0
2024-06-27 09:55:00-04:00,7.039999961853027,7.059999942779541,7.039999961853027,7.059999942779541,1836,0.0,0.0
2024-06-27 10:00:00-04:00,7.059999942779541,7.065000057220459,7.03000020980835,7.039999961853027,6354,0.0,0.0
2024-06-27 10:05:00-04:00,7.03000020980835,7.039999961853027,7.03000020980835,7.039999961853027,865,0.0,0.0
2024-06-27 10:10:00-04:00,7.045000076293945,7.059999942779541,7.045000076293945,7.050000190734863,5342,0.0,0.0
2024-06-27 10:15:00-04:00,7.039999961853027,7.045000076293945,7.039999961853027,7.045000076293945,923,0.0,0.0
2024-06-27 10:20:00-04:00,7.039999961853027,7.045000076293945,7.039999961853027,7.045000076293945,792,0.0,0.0
2024-06-27 10:25:00-04:00,7.039999961853027,7.039999961853027,7.03000020980835,7.034999847412109,2422,0.0,0.0
2024-06-27 10:30:00-04:00,7.03000020980835,7.034999847412109,7.03000020980835,7.034999847412109,656,0.0,0.0
2024-06-27 10:35:00-04:00,7.039999961853027,7.039999961853027,7.03000020980835,7.03000020980835,2796,0.0,0.0
2024-06-27 10:40:00-04:00,7.03000020980835,7.039999961853027,7.03000020980835,7.034999847412109,8029,0.0,0.0
2024-06-27 10:45:00-04:00,7.039999961853027,7.039999961853027,7.034999847412109,7.034999847412109,1794,0.0,0.0
2024-06-27 10:50:00-04:00,7.03000020980835,7.03000020980835,7.010000228881836,7.014999866485596,4279,0.0,0.0
2024-06-27 10:55:00-04:00,7.010000228881836,7.010000228881836,7.0,7.010000228881836,1988,0.0,0.0
2024-06-27 11:00:00-04:00,7.0,7.0,6.989999771118164,6.994999885559082,1074,0.0,0.0
2024-06-27 11:05:00-04:00,6.989999771118164,6.989999771118164,6.96999979019165,6.980000019073486,12666,0.0,0.0
2024-06-27 11:10:00-04:00,6.985000133514404,6.985000133514404,6.985000133514404,6.985000133514404,1126,0.0,0.0
2024-06-27 11:15:00-04:00,6.985000133514404,6.985000133514404,6.985000133514404,6.985000133514404,1245,0.0,0.0
2024-06-27 11:20:00-04:00,6.980000019073486,7.010000228881836,6.980000019073486,7.0,19022,0.0,0.0
2024-06-27 11:25:00-04:00,7.005000114440918,7.005000114440918,6.989999771118164,6.994999885559082,2093,0.0,0.0
2024-06-27 11:30:00-04:00,6.989999771118164,6.994999885559082,6.974999904632568,6.974999904632568,6399,0.0,0.0
2024-06-27 11:35:00-04:00,6.980000019073486,7.0,6.980000019073486,7.0,3636,0.0,0.0
2024-06-27 11:40:00-04:00,6.989999771118164,7.0,6.989999771118164,6.989999771118164,2963,0.0,0.0
2024-06-27 11:45:00-04:00,6.989999771118164,7.0,6.980000019073486,7.0,4319,0.0,0.0
2024-06-27 11:50:00-04:00,7.0,7.0,6.994999885559082,6.994999885559082,2662,0.0,0.0
2024-06-27 11:55:00-04:00,6.999100208282471,7.0,6.994999885559082,7.0,1800,0.0,0.0
2024-06-27 12:00:00-04:00,7.0,7.0,6.994999885559082,6.994999885559082,2496,0.0,0.0
2024-06-27 12:05:00-04:00,6.994999885559082,7.0,6.965000152587891,6.96999979019165,7287,0.0,0.0
2024-06-27 12:10:00-04:00,6.965000152587891,6.965000152587891,6.965000152587891,6.965000152587891,2375,0.0,0.0
2024-06-27 12:15:00-04:00,6.965000152587891,6.96999979019165,6.965000152587891,6.96999979019165,5461,0.0,0.0
2024-06-27 12:20:00-04:00,6.974999904632568,6.974999904632568,6.96999979019165,6.96999979019165,1436,0.0,0.0
2024-06-27 12:25:00-04:00,6.96999979019165,6.980000019073486,6.965000152587891,6.965000152587891,7300,0.0,0.0
2024-06-27 12:30:00-04:00,6.960000038146973,6.960000038146973,6.945000171661377,6.949999809265137,8593,0.0,0.0
2024-06-27 12:35:00-04:00,6.95989990234375,6.960000038146973,6.949999809265137,6.949999809265137,1864,0.0,0.0
2024-06-27 12:40:00-04:00,6.949999809265137,6.949999809265137,6.945000171661377,6.945000171661377,2661,0.0,0.0
2024-06-27 12:45:00-04:00,6.945000171661377,6.949999809265137,6.945000171661377,6.945000171661377,958,0.0,0.0
2024-06-27 12:50:00-04:00,6.945000171661377,6.960000038146973,6.945000171661377,6.954999923706055,3883,0.0,0.0
2024-06-27 12:55:00-04:00,6.954999923706055,6.954999923706055,6.940000057220459,6.945000171661377,7961,0.0,0.0
2024-06-27 13:00:00-04:00,6.945000171661377,6.954999923706055,6.945000171661377,6.949999809265137,2307,0.0,0.0
2024-06-27 13:05:00-04:00,6.949999809265137,6.960000038146973,6.949999809265137,6.949999809265137,2033,0.0,0.0
2024-06-27 13:10:00-04:00,6.949999809265137,6.954999923706055,6.949999809265137,6.954999923706055,610,0.0,0.0
2024-06-27 13:15:00-04:00,6.949999809265137,6.952499866485596,6.949999809265137,6.949999809265137,2745,0.0,0.0
2024-06-27 13:20:00-04:00,6.954999923706055,6.965000152587891,6.954999923706055,6.960000038146973,6659,0.0,0.0
2024-06-27 13:25:00-04:00,6.954999923706055,6.960000038146973,6.954999923706055,6.954999923706055,1241,0.0,0.0
2024-06-27 13:30:00-04:00,6.954999923706055,6.960000038146973,6.949999809265137,6.954999923706055,1519,0.0,0.0
2024-06-27 13:35:00-04:00,6.954999923706055,6.960000038146973,6.949999809265137,6.949999809265137,1723,0.0,0.0
2024-06-27 13:40:00-04:00,6.954999923706055,6.960000038146973,6.940000057220459,6.954999923706055,5192,0.0,0.0
2024-06-27 13:45:00-04:00,6.954999923706055,6.960000038146973,6.949999809265137,6.960000038146973,2701,0.0,0.0
2024-06-27 13:50:00-04:00,6.954999923706055,6.980000019073486,6.954999923706055,6.974999904632568,10101,0.0,0.0
2024-06-27 13:55:00-04:00,6.974999904632568,6.980000019073486,6.96999979019165,6.974999904632568,6973,0.0,0.0
2024-06-27 14:00:00-04:00,6.974999904632568,6.980000019073486,6.965000152587891,6.965000152587891,9998,0.0,0.0
2024-06-27 14:05:00-04:00,6.965000152587891,6.96999979019165,6.960000038146973,6.96999979019165,4057,0.0,0.0
2024-06-27 14:10:00-04:00,6.965000152587891,6.96999979019165,6.96120023727417,6.96999979019165,5836,0.0,0.0
2024-06-27 14:15:00-04:00,6.965000152587891,6.96999979019165,6.965000152587891,6.965000152587891,6930,0.0,0.0
2024-06-27 14:20:00-04:00,6.965000152587891,6.96999979019165,6.954999923706055,6.960000038146973,16849,0.0,0.0
2024-06-27 14:25:00-04:00,6.954999923706055,6.960000038146973,6.954999923706055,6.954999923706055,5538,0.0,0.0
2024-06-27 14:30:00-04:00,6.954999923706055,6.960000038146973,6.954999923706055,6.954999923706055,4364,0.0,0.0
2024-06-27 14:35:00-04:00,6.949999809265137,6.960000038146973,6.945000171661377,6.954999923706055,31150,0.0,0.0
2024-06-27 14:40:00-04:00,6.954999923706055,6.960000038146973,6.954999923706055,6.960000038146973,3075,0.0,0.0
2024-06-27 14:45:00-04:00,6.960000038146973,6.96999979019165,6.954999923706055,6.965000152587891,6213,0.0,0.0
2024-06-27 14:50:00-04:00,6.965000152587891,6.980000019073486,6.965000152587891,6.96999979019165,8955,0.0,0.0
2024-06-27 14:55:00-04:00,6.965000152587891,6.96750020980835,6.960000038146973,6.96750020980835,3142,0.0,0.0
2024-06-27 15:00:00-04:00,6.965000152587891,6.96999979019165,6.965000152587891,6.96999979019165,4584,0.0,0.0
2024-06-27 15:05:00-04:00,6.960000038146973,6.96999979019165,6.960000038146973,6.96999979019165,3704,0.0,0.0
2024-06-27 15:10:00-04:00,6.960000038146973,6.96999979019165,6.960000038146973,6.960000038146973,3300,0.0,0.0
2024-06-27 15:15:00-04:00,6.960000038146973,6.964700222015381,6.929999828338623,6.945000171661377,24650,0.0,0.0
2024-06-27 15:20:00-04:00,6.949999809265137,6.960000038146973,6.945000171661377,6.945000171661377,9133,0.0,0.0
2024-06-27 15:25:00-04:00,6.945000171661377,6.960000038146973,6.945000171661377,6.954999923706055,8042,0.0,0.0
2024-06-27 15:30:00-04:00,6.954999923706055,6.960000038146973,6.954999923706055,6.960000038146973,9895,0.0,0.0
2024-06-27 15:35:00-04:00,6.960000038146973,6.96999979019165,6.960000038146973,6.965000152587891,8421,0.0,0.0
2024-06-27 15:40:00-04:00,6.965000152587891,7.0,6.965000152587891,6.994999885559082,17736,0.0,0.0
2024-06-27 15:45:00-04:00,6.994999885559082,7.010000228881836,6.994999885559082,7.005000114440918,21108,0.0,0.0
2024-06-27 15:50:00-04:00,7.005000114440918,7.014999866485596,7.0,7.005000114440918,35108,0.0,0.0
2024-06-27 15:55:00-04:00,7.005000114440918,7.039999961853027,7.005000114440918,7.039999961853027,77685,0.0,0.0
2024-06-28 09:30:00-04:00,7.139999866485596,7.139999866485596,7.114999771118164,7.114999771118164,6843,0.0,0.0
2024-06-28 09:35:00-04:00,7.150000095367432,7.179999828338623,7.099999904632568,7.099999904632568,6178,0.0,0.0
2024-06-28 09:40:00-04:00,7.114999771118164,7.114999771118164,7.114999771118164,7.114999771118164,613,0.0,0.0
2024-06-28 09:45:00-04:00,7.099999904632568,7.099999904632568,7.071000099182129,7.074999809265137,4074,0.0,0.0
2024-06-28 09:50:00-04:00,7.079999923706055,7.079999923706055,7.059999942779541,7.070000171661377,3527,0.0,0.0
2024-06-28 09:55:00-04:00,7.085000038146973,7.085000038146973,7.079999923706055,7.079999923706055,977,0.0,0.0
2024-06-28 10:00:00-04:00,7.090000152587891,7.110000133514404,7.070000171661377,7.110000133514404,7875,0.0,0.0
2024-06-28 10:05:00-04:00,7.110000133514404,7.139999866485596,7.110000133514404,7.139999866485596,12937,0.0,0.0
2024-06-28 10:10:00-04:00,7.135000228881836,7.150000095367432,7.130000114440918,7.139999866485596,16291,0.0,0.0
2024-06-28 10:15:00-04:00,7.139999866485596,7.150000095367432,7.139999866485596,7.150000095367432,6705,0.0,0.0
2024-06-28 10:20:00-04:00,7.150000095367432,7.170000076293945,7.150000095367432,7.170000076293945,2526,0.0,0.0
2024-06-28 10:25:00-04:00,7.170000076293945,7.190000057220459,7.170000076293945,7.190000057220459,1301,0.0,0.0
2024-06-28 10:30:00-04:00,7.190000057220459,7.199999809265137,7.190000057220459,7.199999809265137,6817,0.0,0.0
2024-06-28 10:35:00-04:00,7.195000171661377,7.199999809265137,7.190000057220459,7.190000057220459,15039,0.0,0.0
2024-06-28 10:40:00-04:00,7.184999942779541,7.199999809265137,7.184999942779541,7.199999809265137,4863,0.0,0.0
2024-06-28 10:45:00-04:00,7.199999809265137,7.210000038146973,7.199999809265137,7.210000038146973,1337,0.0,0.0
2024-06-28 10:50:00-04:00,7.210000038146973,7.210000038146973,7.209000110626221,7.209000110626221,1142,0.0,0.0
2024-06-28 10:55:00-04:00,7.210000038146973,7.210000038146973,7.184999942779541,7.184999942779541,8949,0.0,0.0
2024-06-28 11:00:00-04:00,7.190000057220459,7.190000057220459,7.164999961853027,7.164999961853027,9925,0.0,0.0
2024-06-28 11:05:00-04:00,7.170000076293945,7.170000076293945,7.170000076293945,7.170000076293945,689,0.0,0.0
2024-06-28 11:10:00-04:00,7.175000190734863,7.179999828338623,7.170000076293945,7.175000190734863,1829,0.0,0.0
2024-06-28 11:15:00-04:00,7.170000076293945,7.179999828338623,7.170000076293945,7.170000076293945,4546,0.0,0.0
2024-06-28 11:20:00-04:00,7.164999961853027,7.175000190734863,7.159999847412109,7.170000076293945,4381,0.0,0.0
2024-06-28 11:25:00-04:00,7.164999961853027,7.170000076293945,7.164999961853027,7.164999961853027,1746,0.0,0.0
2024-06-28 11:30:00-04:00,7.164999961853027,7.170000076293945,7.160099983215332,7.170000076293945,1243,0.0,0.0
2024-06-28 11:35:00-04:00,7.164999961853027,7.170000076293945,7.164999961853027,7.164999961853027,3064,0.0,0.0
2024-06-28 11:40:00-04:00,7.170000076293945,7.170000076293945,7.144999980926514,7.144999980926514,5672,0.0,0.0
2024-06-28 11:45:00-04:00,7.147500038146973,7.147500038146973,7.144999980926514,7.144999980926514,699,0.0,0.0
2024-06-28 11:50:00-04:00,7.144999980926514,7.144999980926514,7.144999980926514,7.144999980926514,613,0.0,0.0
2024-06-28 11:55:00-04:00,7.139999866485596,7.150000095367432,7.130000114440918,7.135000228881836,3595,0.0,0.0
2024-06-28 12:00:00-04:00,7.130000114440918,7.139999866485596,7.110000133514404,7.110000133514404,7233,0.0,0.0
2024-06-28 12:05:00-04:00,7.110000133514404,7.114999771118164,7.105000019073486,7.105000019073486,4085,0.0,0.0
2024-06-28 12:10:00-04:00,7.105000019073486,7.114999771118164,7.099999904632568,7.114999771118164,4249,0.0,0.0
2024-06-28 12:15:00-04:00,7.114999771118164,7.116000175476074,7.114999771118164,7.116000175476074,1132,0.0,0.0
2024-06-28 12:20:00-04:00,7.119999885559082,7.125,7.119999885559082,7.125,1096,0.0,0.0
2024-06-28 12:25:00-04:00,7.125,7.130000114440918,7.119999885559082,7.130000114440918,623,0.0,0.0
2024-06-28 12:30:00-04:00,7.1244001388549805,7.125,7.1244001388549805,7.125,506,0.0,0.0
2024-06-28 12:35:00-04:00,7.119999885559082,7.125,7.119999885559082,7.119999885559082,5657,0.0,0.0
2024-06-28 12:40:00-04:00,7.119999885559082,7.125,7.119999885559082,7.125,493,0.0,0.0
2024-06-28 12:45:00-04:00,7.125,7.139999866485596,7.125,7.135000228881836,5599,0.0,0.0
2024-06-28 12:50:00-04:00,7.135900020599365,7.135900020599365,7.135000228881836,7.135000228881836,505,0.0,0.0
2024-06-28 12:55:00-04:00,7.135000228881836,7.135000228881836,7.135000228881836,7.135000228881836,482,0.0,0.0
2024-06-28 13:00:00-04:00,7.130000114440918,7.130000114440918,7.125,7.125,2415,0.0,0.0
2024-06-28 13:05:00-04:00,7.125,7.130000114440918,7.125,7.130000114440918,422,0.0,0.0
2024-06-28 13:10:00-04:00,7.125,7.125,7.125,7.125,576,0.0,0.0
2024-06-28 13:15:00-04:00,7.125999927520752,7.150000095367432,7.125,7.150000095367432,8071,0.0,0.0
2024-06-28 13:20:00-04:00,7.150000095367432,7.150000095367432,7.139999866485596,7.139999866485596,5367,0.0,0.0
2024-06-28 13:25:00-04:00,7.130000114440918,7.130000114440918,7.114999771118164,7.114999771118164,4773,0.0,0.0
2024-06-28 13:30:00-04:00,7.119999885559082,7.119999885559082,7.110000133514404,7.110000133514404,2280,0.0,0.0
2024-06-28 13:35:00-04:00,7.099999904632568,7.125,7.09499979019165,7.125,15743,0.0,0.0
2024-06-28 13:40:00-04:00,7.125,7.130000114440918,7.119999885559082,7.130000114440918,2411,0.0,0.0
2024-06-28 13:45:00-04:00,7.119999885559082,7.119999885559082,7.114999771118164,7.114999771118164,1662,0.0,0.0
2024-06-28 13:50:00-04:00,7.114999771118164,7.119999885559082,7.114999771118164,7.119999885559082,784,0.0,0.0
2024-06-28 13:55:00-04:00,7.110000133514404,7.119999885559082,7.110000133514404,7.117499828338623,4973,0.0,0.0
2024-06-28 14:00:00-04:00,7.114999771118164,7.130000114440918,7.110000133514404,7.130000114440918,3508,0.0,0.0
2024-06-28 14:05:00-04:00,7.135000228881836,7.139999866485596,7.130000114440918,7.135000228881836,857,0.0,0.0
2024-06-28 14:10:00-04:00,7.135000228881836,7.139999866485596,7.135000228881836,7.135000228881836,524,0.0,0.0
2024-06-28 14:15:00-04:00,7.139999866485596,7.150000095367432,7.135000228881836,7.144999980926514,3545,0.0,0.0
2024-06-28 14:20:00-04:00,7.139999866485596,7.150000095367432,7.135000228881836,7.150000095367432,4254,0.0,0.0
2024-06-28 14:25:00-04:00,7.150000095367432,7.150000095367432,7.135000228881836,7.144999980926514,4305,0.0,0.0
2024-06-28 14:30:00-04:00,7.144999980926514,7.150000095367432,7.139999866485596,7.144999980926514,1934,0.0,0.0
2024-06-28 14:35:00-04:00,7.144999980926514,7.170000076293945,7.144999980926514,7.164999961853027,6171,0.0,0.0
2024-06-28 14:40:00-04:00,7.164999961853027,7.170000076293945,7.159999847412109,7.170000076293945,4063,0.0,0.0
2024-06-28 14:45:00-04:00,7.164999961853027,7.177499771118164,7.159999847412109,7.177499771118164,5014,0.0,0.0
2024-06-28 14:50:00-04:00,7.179999828338623,7.179999828338623,7.175000190734863,7.179999828338623,1903,0.0,0.0
2024-06-28 14:55:00-04:00,7.179999828338623,7.179999828338623,7.175000190734863,7.179999828338623,6159,0.0,0.0
2024-06-28 15:00:00-04:00,7.175000190734863,7.179999828338623,7.159999847412109,7.179999828338623,10343,0.0,0.0
2024-06-28 15:05:00-04:00,7.179999828338623,7.179999828338623,7.175000190734863,7.175000190734863,1771,0.0,0.0
2024-06-28 15:10:00-04:00,7.179999828338623,7.179999828338623,7.164999961853027,7.164999961853027,6896,0.0,0.0
2024-06-28 15:15:00-04:00,7.170000076293945,7.179999828338623,7.159999847412109,7.175000190734863,10283,0.0,0.0
2024-06-28 15:20:00-04:00,7.175000190734863,7.179999828338623,7.170000076293945,7.179999828338623,3401,0.0,0.0
2024-06-28 15:25:00-04:00,7.175000190734863,7.190000057220459,7.170000076293945,7.190000057220459,9895,0.0,0.0
2024-06-28 15:30:00-04:00,7.184999942779541,7.190000057220459,7.170000076293945,7.175000190734863,5677,0.0,0.0
2024-06-28 15:35:00-04:00,7.175000190734863,7.190000057220459,7.170000076293945,7.184999942779541,9293,0.0,0.0
2024-06-28 15:40:00-04:00,7.184999942779541,7.199999809265137,7.175000190734863,7.195000171661377,11684,0.0,0.0
2024-06-28 15:45:00-04:00,7.195000171661377,7.224999904632568,7.190000057220459,7.21999979019165,20802,0.0,0.0
2024-06-28 15:50:00-04:00,7.215000152587891,7.238999843597412,7.215000152587891,7.230000019073486,24826,0.0,0.0
2024-06-28 15:55:00-04:00,7.235000133514404,7.25,7.210000038146973,7.25,92637,0.0,0.0
2024-07-01 09:30:00-04:00,7.21999979019165,7.269999980926514,7.190000057220459,7.210000038146973,25223,0.0,0.0
2024-07-01 09:35:00-04:00,7.230000019073486,7.230000019073486,7.170000076293945,7.199999809265137,2357,0.0,0.0
2024-07-01 09:40:00-04:00,7.199999809265137,7.21999979019165,7.190000057220459,7.190000057220459,2088,0.0,0.0
2024-07-01 09:45:00-04:00,7.159999847412109,7.195000171661377,7.150000095367432,7.195000171661377,1493,0.0,0.0
2024-07-01 09:50:00-04:00,7.190000057220459,7.21999979019165,7.190000057220459,7.21999979019165,1559,0.0,0.0
2024-07-01 09:55:00-04:00,7.210000038146973,7.210000038146973,7.199999809265137,7.210000038146973,1836,0.0,0.0
2024-07-01 10:00:00-04:00,7.197500228881836,7.21999979019165,7.197500228881836,7.20989990234375,2153,0.0,0.0
2024-07-01 10:05:00-04:00,7.210000038146973,7.210000038146973,7.190000057220459,7.190000057220459,1089,0.0,0.0
2024-07-01 10:10:00-04:00,7.175000190734863,7.179999828338623,7.130000114440918,7.130000114440918,2611,0.0,0.0
2024-07-01 10:15:00-04:00,7.139999866485596,7.139999866485596,7.119999885559082,7.119999885559082,3776,0.0,0.0
2024-07-01 10:20:00-04:00,7.119999885559082,7.150000095367432,7.099999904632568,7.150000095367432,10835,0.0,0.0
2024-07-01 10:25:00-04:00,7.144999980926514,7.144999980926514,7.139999866485596,7.139999866485596,1206,0.0,0.0
2024-07-01 10:30:00-04:00,7.139999866485596,7.139999866485596,7.110000133514404,7.110000133514404,5966,0.0,0.0
2024-07-01 10:35:00-04:00,7.114999771118164,7.125,7.110000133514404,7.125,2613,0.0,0.0
2024-07-01 10:40:00-04:00,7.125,7.144999980926514,7.125,7.139999866485596,4605,0.0,0.0
2024-07-01 10:45:00-04:00,7.130000114440918,7.130000114440918,7.119999885559082,7.119999885559082,1120,0.0,0.0
2024-07-01 10:50:00-04:00,7.119999885559082,7.125,7.119999885559082,7.125,1016,0.0,0.0
2024-07-01 10:55:00-04:00,7.119999885559082,7.129300117492676,7.114999771118164,7.129300117492676,1474,0.0,0.0
2024-07-01 11:00:00-04:00,7.110000133514404,7.110000133514404,7.09499979019165,7.099999904632568,3268,0.0,0.0
2024-07-01 11:05:00-04:00,7.110000133514404,7.114999771118164,7.110000133514404,7.110000133514404,3834,0.0,0.0
2024-07-01 11:10:00-04:00,7.110000133514404,7.119999885559082,7.110000133514404,7.118800163269043,4697,0.0,0.0
2024-07-01 11:15:00-04:00,7.114999771118164,7.114999771118164,7.09499979019165,7.099999904632568,6806,0.0,0.0
2024-07-01 11:20:00-04:00,7.099999904632568,7.099999904632568,7.090000152587891,7.09499979019165,1461,0.0,0.0
2024-07-01 11:25:00-04:00,7.09499979019165,7.099999904632568,7.09499979019165,7.099999904632568,3019,0.0,0.0
2024-07-01 11:30:00-04:00,7.099999904632568,7.105000019073486,7.099999904632568,7.099999904632568,3504,0.0,0.0
2024-07-01 11:35:00-04:00,7.090000152587891,7.090000152587891,7.085000038146973,7.085000038146973,2002,0.0,0.0
2024-07-01 11:40:00-04:00,7.090000152587891,7.090000152587891,7.070000171661377,7.090000152587891,4445,0.0,0.0
2024-07-01 11:45:00-04:00,7.079999923706055,7.085000038146973,7.074999809265137,7.085000038146973,1699,0.0,0.0
2024-07-01 11:50:00-04:00,7.090000152587891,7.105000019073486,7.090000152587891,7.099999904632568,2902,0.0,0.0
2024-07-01 11:55:00-04:00,7.09499979019165,7.099999904632568,7.090000152587891,7.097499847412109,3014,0.0,0.0
2024-07-01 12:00:00-04:00,7.085000038146973,7.085000038146973,7.085000038146973,7.085000038146973,382,0.0,0.0
2024-07-01 12:05:00-04:00,7.090000152587891,7.099999904632568,7.090000152587891,7.09499979019165,1637,0.0,0.0
2024-07-01 12:10:00-04:00,7.090000152587891,7.099999904632568,7.074999809265137,7.074999809265137,7837,0.0,0.0
2024-07-01 12:15:00-04:00,7.070000171661377,7.079999923706055,7.070000171661377,7.074999809265137,2009,0.0,0.0
2024-07-01 12:20:00-04:00,7.074999809265137,7.090000152587891,7.074999809265137,7.090000152587891,3671,0.0,0.0
2024-07-01 12:25:00-04:00,7.090000152587891,7.110000133514404,7.090000152587891,7.09499979019165,8759,0.0,0.0
2024-07-01 12:30:00-04:00,7.090000152587891,7.090000152587891,7.079999923706055,7.079999923706055,3203,0.0,0.0
2024-07-01 12:35:00-04:00,7.079999923706055,7.079999923706055,7.079999923706055,7.079999923706055,2585,0.0,0.0
2024-07-01 12:40:00-04:00,7.074999809265137,7.079999923706055,7.070000171661377,7.079999923706055,2381,0.0,0.0
2024-07-01 12:45:00-04:00,7.074999809265137,7.074999809265137,7.045000076293945,7.045000076293945,13592,0.0,0.0
2024-07-01 12:50:00-04:00,7.045000076293945,7.065000057220459,7.045000076293945,7.050000190734863,13449,0.0,0.0
2024-07-01 12:55:00-04:00,7.050000190734863,7.050000190734863,7.045000076293945,7.045000076293945,3021,0.0,0.0
2024-07-01 13:00:00-04:00,7.049900054931641,7.050000190734863,7.045000076293945,7.045000076293945,671,0.0,0.0
2024-07-01 13:05:00-04:00,7.045000076293945,7.045000076293945,7.039999961853027,7.045000076293945,1328,0.0,0.0
2024-07-01 13:10:00-04:00,7.045000076293945,7.050000190734863,7.045000076293945,7.050000190734863,2237,0.0,0.0
2024-07-01 13:15:00-04:00,7.050000190734863,7.050000190734863,7.045000076293945,7.045000076293945,1324,0.0,0.0
2024-07-01 13:20:00-04:00,7.045000076293945,7.045000076293945,7.045000076293945,7.045000076293945,248,0.0,0.0
2024-07-01 13:25:00-04:00,7.050000190734863,7.070000171661377,7.050000190734863,7.065000057220459,5234,0.0,0.0
2024-07-01 13:30:00-04:00,7.065000057220459,7.070000171661377,7.059999942779541,7.059999942779541,3031,0.0,0.0
2024-07-01 13:35:00-04:00,7.059999942779541,7.079999923706055,7.059999942779541,7.079999923706055,9018,0.0,0.0
2024-07-01 13:40:00-04:00,7.074999809265137,7.074999809265137,7.074999809265137,7.074999809265137,534,0.0,0.0
2024-07-01 13:45:00-04:00,7.078999996185303,7.079999923706055,7.070000171661377,7.074999809265137,1365,0.0,0.0
2024-07-01 13:50:00-04:00,7.079999923706055,7.090000152587891,7.079999923706055,7.090000152587891,2794,0.0,0.0
2024-07-01 13:55:00-04:00,7.079999923706055,7.079999923706055,7.074999809265137,7.079999923706055,2712,0.0,0.0
2024-07-01 14:00:00-04:00,7.079999923706055,7.085000038146973,7.074999809265137,7.085000038146973,1813,0.0,0.0
2024-07-01 14:05:00-04:00,7.079999923706055,7.085000038146973,7.079999923706055,7.085000038146973,1376,0.0,0.0
2024-07-01 14:10:00-04:00,7.085000038146973,7.085000038146973,7.085000038146973,7.085000038146973,710,0.0,0.0
2024-07-01 14:15:00-04:00,7.085000038146973,7.085000038146973,7.085000038146973,7.085000038146973,448,0.0,0.0
2024-07-01 14:20:00-04:00,7.090000152587891,7.099999904632568,7.090000152587891,7.09499979019165,2256,0.0,0.0
2024-07-01 14:25:00-04:00,7.090000152587891,7.090000152587891,7.074999809265137,7.085000038146973,10818,0.0,0.0
2024-07-01 14:30:00-04:00,7.085000038146973,7.090000152587891,7.085000038146973,7.085000038146973,823,0.0,0.0
2024-07-01 14:35:00-04:00,7.085000038146973,7.090000152587891,7.085000038146973,7.085000038146973,1172,0.0,0.0
2024-07-01 14:40:00-04:00,7.085000038146973,7.099999904632568,7.085000038146973,7.09499979019165,3645,0.0,0.0
2024-07-01 14:45:00-04:00,7.09499979019165,7.099999904632568,7.090000152587891,7.09499979019165,1167,0.0,0.0
2024-07-01 14:50:00-04:00,7.09499979019165,7.09499979019165,7.09499979019165,7.09499979019165,1034,0.0,0.0
2024-07-01 14:55:00-04:00,7.09499979019165,7.09499979019165,7.090000152587891,7.090000152587891,930,0.0,0.0
2024-07-01 15:00:00-04:00,7.09499979019165,7.099999904632568,7.090000152587891,7.09499979019165,1096,0.0,0.0
2024-07-01 15:05:00-04:00,7.099999904632568,7.119999885559082,7.099999904632568,7.119999885559082,3559,0.0,0.0
2024-07-01 15:10:00-04:00,7.110000133514404,7.119999885559082,7.110000133514404,7.119999885559082,3990,0.0,0.0
2024-07-01 15:15:00-04:00,7.116499900817871,7.116499900817871,7.110000133514404,7.110000133514404,3631,0.0,0.0
2024-07-01 15:20:00-04:00,7.114999771118164,7.114999771118164,7.099999904632568,7.099999904632568,3436,0.0,0.0
2024-07-01 15:25:00-04:00,7.099999904632568,7.099999904632568,7.085000038146973,7.085000038146973,4750,0.0,0.0
2024-07-01 15:30:00-04:00,7.090000152587891,7.09499979019165,7.090000152587891,7.09499979019165,4676,0.0,0.0
2024-07-01 15:35:00-04:00,7.09499979019165,7.099999904632568,7.090000152587891,7.09499979019165,7495,0.0,0.0
2024-07-01 15:40:00-04:00,7.097499847412109,7.119999885559082,7.09499979019165,7.119999885559082,15205,0.0,0.0
2024-07-01 15:45:00-04:00,7.119999885559082,7.119999885559082,7.110000133514404,7.114999771118164,18961,0.0,0.0
2024-07-01 15:50:00-04:00,7.110000133514404,7.119999885559082,7.110000133514404,7.114999771118164,15625,0.0,0.0
2024-07-01 15:55:00-04:00,7.114999771118164,7.130000114440918,7.110000133514404,7.130000114440918,57422,0.0,0.0
2024-07-02 09:30:00-04:00,7.170000076293945,7.170000076293945,7.090000152587891,7.15500020980835,5381,0.0,0.0
2024-07-02 09:35:00-04:00,7.119999885559082,7.119999885559082,7.119999885559082,7.119999885559082,281,0.0,0.0
2024-07-02 09:40:00-04:00,7.139999866485596,7.144999980926514,7.119999885559082,7.119999885559082,1642,0.0,0.0
2024-07-02 09:45:00-04:00,7.130000114440918,7.159999847412109,7.130000114440918,7.159999847412109,2510,0.0,0.0
2024-07-02 09:50:00-04:00,7.179999828338623,7.179999828338623,7.179999828338623,7.179999828338623,292,0.0,0.0
2024-07-02 09:55:00-04:00,7.170000076293945,7.175000190734863,7.170000076293945,7.170000076293945,1560,0.0,0.0
2024-07-02 10:00:00-04:00,7.179999828338623,7.199999809265137,7.179999828338623,7.184999942779541,4975,0.0,0.0
2024-07-02 10:05:00-04:00,7.195000171661377,7.210000038146973,7.184999942779541,7.210000038146973,8529,0.0,0.0
2024-07-02 10:10:00-04:00,7.204999923706055,7.204999923706055,7.175000190734863,7.175000190734863,1828,0.0,0.0
2024-07-02 10:15:00-04:00,7.176499843597412,7.199999809265137,7.176499843597412,7.199999809265137,2139,0.0,0.0
2024-07-02 10:20:00-04:00,7.195000171661377,7.195000171661377,7.195000171661377,7.195000171661377,461,0.0,0.0
2024-07-02 10:25:00-04:00,7.199999809265137,7.199999809265137,7.195000171661377,7.199999809265137,9836,0.0,0.0
2024-07-02 10:30:00-04:00,7.195000171661377,7.21999979019165,7.195000171661377,7.21999979019165,3010,0.0,0.0
2024-07-02 10:35:00-04:00,7.224999904632568,7.230000019073486,7.21999979019165,7.230000019073486,821,0.0,0.0
2024-07-02 10:40:00-04:00,7.224999904632568,7.224999904632568,7.210000038146973,7.210000038146973,1635,0.0,0.0
2024-07-02 10:45:00-04:00,7.204999923706055,7.204999923706055,7.204999923706055,7.204999923706055,311,0.0,0.0
2024-07-02 10:50:00-04:00,7.204999923706055,7.204999923706055,7.190000057220459,7.190000057220459,1869,0.0,0.0
2024-07-02 10:55:00-04:00,7.190000057220459,7.195000171661377,7.179999828338623,7.190000057220459,4571,0.0,0.0
2024-07-02 11:00:00-04:00,7.180099964141846,7.190000057220459,7.180099964141846,7.184999942779541,1648,0.0,0.0
2024-07-02 11:05:00-04:00,7.184999942779541,7.184999942779541,7.179999828338623,7.184999942779541,508,0.0,0.0
2024-07-02 11:10:00-04:00,7.184999942779541,7.195000171661377,7.184999942779541,7.195000171661377,2360,0.0,0.0
2024-07-02 11:15:00-04:00,7.195000171661377,7.195000171661377,7.195000171661377,7.195000171661377,893,0.0,0.0
2024-07-02 11:20:00-04:00,7.195000171661377,7.199999809265137,7.195000171661377,7.199999809265137,1125,0.0,0.0
2024-07-02 11:25:00-04:00,7.199999809265137,7.204999923706055,7.199999809265137,7.204999923706055,737,0.0,0.0
2024-07-02 11:30:00-04:00,7.2058000564575195,7.2058000564575195,7.204999923706055,7.204999923706055,900,0.0,0.0
2024-07-02 11:35:00-04:00,7.210000038146973,7.215000152587891,7.210000038146973,7.215000152587891,2892,0.0,0.0
2024-07-02 11:40:00-04:00,7.215000152587891,7.215000152587891,7.210000038146973,7.210000038146973,3738,0.0,0.0
2024-07-02 11:45:00-04:00,7.204999923706055,7.204999923706055,7.204999923706055,7.204999923706055,134,0.0,0.0
2024-07-02 11:50:00-04:00,7.210000038146973,7.210000038146973,7.2052998542785645,7.2052998542785645,611,0.0,0.0
2024-07-02 11:55:00-04:00,7.204999923706055,7.204999923706055,7.195000171661377,7.195000171661377,2798,0.0,0.0
2024-07-02 12:00:00-04:00,7.195000171661377,7.195000171661377,7.195000171661377,7.195000171661377,404,0.0,0.0
2024-07-02 12:05:00-04:00,7.195000171661377,7.195000171661377,7.195000171661377,7.195000171661377,417,0.0,0.0
2024-07-02 12:10:00-04:00,7.195000171661377,7.195000171661377,7.190000057220459,7.190000057220459,3328,0.0,0.0
2024-07-02 12:15:00-04:00,7.195000171661377,7.195000171661377,7.195000171661377,7.195000171661377,1645,0.0,0.0
2024-07-02 12:20:00-04:00,7.195000171661377,7.199999809265137,7.195000171661377,7.199999809265137,1394,0.0,0.0
2024-07-02 12:25:00-04:00,7.195000171661377,7.195000171661377,7.195000171661377,7.195000171661377,849,0.0,0.0
2024-07-02 12:30:00-04:00,7.190000057220459,7.190000057220459,7.179999828338623,7.184999942779541,6018,0.0,0.0
2024-07-02 12:35:00-04:00,7.184999942779541,7.184999942779541,7.184999942779541,7.184999942779541,656,0.0,0.0
2024-07-02 12:40:00-04:00,7.184999942779541,7.190000057220459,7.179999828338623,7.184999942779541,2288,0.0,0.0
2024-07-02 12:45:00-04:00,7.184999942779541,7.195000171661377,7.184999942779541,7.195000171661377,8021,0.0,0.0
2024-07-02 12:50:00-04:00,7.195000171661377,7.195000171661377,7.184999942779541,7.184999942779541,1989,0.0,0.0
2024-07-02 12:55:00-04:00,7.184999942779541,7.184999942779541,7.175000190734863,7.175000190734863,4479,0.0,0.0
2024-07-02 13:00:00-04:00,7.175000190734863,7.175000190734863,7.164999961853027,7.175000190734863,8263,0.0,0.0
2024-07-02 13:05:00-04:00,7.175000190734863,7.184999942779541,7.175000190734863,7.184999942779541,4800,0.0,0.0
2024-07-02 13:10:00-04:00,7.184999942779541,7.190000057220459,7.184999942779541,7.184999942779541,1117,0.0,0.0
2024-07-02 13:15:00-04:00,7.184999942779541,7.190000057220459,7.184999942779541,7.184999942779541,1096,0.0,0.0
2024-07-02 13:20:00-04:00,7.184999942779541,7.184999942779541,7.184999942779541,7.184999942779541,107,0.0,0.0
2024-07-02 13:25:00-04:00,7.189899921417236,7.189899921417236,7.184999942779541,7.184999942779541,625,0.0,0.0
2024-07-02 13:30:00-04:00,7.184999942779541,7.184999942779541,7.175000190734863,7.175000190734863,12351,0.0,0.0
2024-07-02 13:35:00-04:00,7.175000190734863,7.179999828338623,7.175000190734863,7.179999828338623,7568,0.0,0.0
2024-07-02 13:40:00-04:00,7.175000190734863,7.175099849700928,7.175000190734863,7.175099849700928,212,0.0,0.0
2024-07-02 13:45:00-04:00,7.175000190734863,7.179999828338623,7.170000076293945,7.175000190734863,2145,0.0,0.0
2024-07-02 13:50:00-04:00,7.175000190734863,7.175000190734863,7.159999847412109,7.164999961853027,5363,0.0,0.0
2024-07-02 13:55:00-04:00,7.164999961853027,7.164999961853027,7.164999961853027,7.164999961853027,632,0.0,0.0
2024-07-02 14:00:00-04:00,7.164999961853027,7.164999961853027,7.164999961853027,7.164999961853027,473,0.0,0.0
2024-07-02 14:05:00-04:00,7.164999961853027,7.175000190734863,7.164999961853027,7.175000190734863,3680,0.0,0.0
2024-07-02 14:10:00-04:00,7.175000190734863,7.175000190734863,7.175000190734863,7.175000190734863,417,0.0,0.0
2024-07-02 14:15:00-04:00,7.179999828338623,7.179999828338623,7.179999828338623,7.179999828338623,399,0.0,0.0
2024-07-02 14:20:00-04:00,7.175000190734863,7.179999828338623,7.175000190734863,7.175000190734863,1117,0.0,0.0
2024-07-02 14:25:00-04:00,7.170100212097168,7.190000057220459,7.170100212097168,7.184999942779541,20533,0.0,0.0
2024-07-02 14:30:00-04:00,7.184999942779541,7.184999942779541,7.179999828338623,7.184999942779541,3486,0.0,0.0
2024-07-02 14:35:00-04:00,7.184999942779541,7.190000057220459,7.179999828338623,7.184999942779541,2275,0.0,0.0
2024-07-02 14:40:00-04:00,7.184999942779541,7.184999942779541,7.184999942779541,7.184999942779541,1147,0.0,0.0
2024-07-02 14:45:00-04:00,7.184999942779541,7.190000057220459,7.184999942779541,7.190000057220459,2200,0.0,0.0
2024-07-02 14:50:00-04:00,7.184999942779541,7.186299800872803,7.179999828338623,7.184999942779541,11768,0.0,0.0
2024-07-02 14:55:00-04:00,7.184999942779541,7.190000057220459,7.184999942779541,7.184999942779541,2115,0.0,0.0
2024-07-02 15:00:00-04:00,7.184999942779541,7.184999942779541,7.184999942779541,7.184999942779541,959,0.0,0.0
2024-07-02 15:05:00-04:00,7.184999942779541,7.199999809265137,7.184999942779541,7.195000171661377,3757,0.0,0.0
2024-07-02 15:10:00-04:00,7.195000171661377,7.210000038146973,7.190000057220459,7.210000038146973,8968,0.0,0.0
2024-07-02 15:15:00-04:00,7.204999923706055,7.210000038146973,7.204999923706055,7.204999923706055,1536,0.0,0.0
2024-07-02 15:20:00-04:00,7.204999923706055,7.21999979019165,7.204999923706055,7.215000152587891,5164,0.0,0.0
2024-07-02 15:25:00-04:00,7.215000152587891,7.230000019073486,7.210000038146973,7.230000019073486,19192,0.0,0.0
2024-07-02 15:30:00-04:00,7.230000019073486,7.230000019073486,7.21999979019165,7.21999979019165,3604,0.0,0.0
2024-07-02 15:35:00-04:00,7.210000038146973,7.215000152587891,7.204999923706055,7.204999923706055,5065,0.0,0.0
2024-07-02 15:40:00-04:00,7.210000038146973,7.215000152587891,7.204999923706055,7.210000038146973,8530,0.0,0.0
2024-07-02 15:45:00-04:00,7.210000038146973,7.21999979019165,7.210000038146973,7.215000152587891,3914,0.0,0.0
2024-07-02 15:50:00-04:00,7.215000152587891,7.230000019073486,7.215000152587891,7.230000019073486,22573,0.0,0.0
2024-07-02 15:55:00-04:00,7.230000019073486,7.239999771118164,7.224999904632568,7.224999904632568,50347,0.0,0.0
2024-07-03 09:30:00-04:00,7.260000228881836,7.260000228881836,7.21999979019165,7.21999979019165,2590,0.0,0.0
2024-07-03 09:35:00-04:00,7.21999979019165,7.21999979019165,7.21999979019165,7.21999979019165,825,0.0,0.0
2024-07-03 09:40:00-04:00,7.235000133514404,7.269999980926514,7.235000133514404,7.269999980926514,994,0.0,0.0
2024-07-03 09:45:00-04:00,7.269999980926514,7.28000020980835,7.260000228881836,7.28000020980835,8833,0.0,0.0
2024-07-03 09:50:00-04:00,7.28000020980835,7.304999828338623,7.28000020980835,7.300000190734863,9860,0.0,0.0
2024-07-03 09:55:00-04:00,7.300000190734863,7.340000152587891,7.300000190734863,7.340000152587891,2577,0.0,0.0
2024-07-03 10:00:00-04:00,7.340000152587891,7.40500020980835,7.340000152587891,7.394999980926514,46507,0.0,0.0
2024-07-03 10:05:00-04:00,7.400000095367432,7.400000095367432,7.351500034332275,7.380000114440918,4655,0.0,0.0
2024-07-03 10:10:00-04:00,7.389999866485596,7.39709997177124,7.385000228881836,7.39709997177124,3650,0.0,0.0
2024-07-03 10:15:00-04:00,7.394999980926514,7.40500020980835,7.369999885559082,7.369999885559082,20019,0.0,0.0
2024-07-03 10:20:00-04:00,7.369999885559082,7.369999885559082,7.360000133514404,7.360000133514404,698,0.0,0.0
2024-07-03 10:25:00-04:00,7.369999885559082,7.375,7.369999885559082,7.375,2954,0.0,0.0
2024-07-03 10:30:00-04:00,7.375,7.380000114440918,7.375,7.380000114440918,1063,0.0,0.0
2024-07-03 10:35:00-04:00,7.385000228881836,7.385000228881836,7.369999885559082,7.369999885559082,3358,0.0,0.0
2024-07-03 10:40:00-04:00,7.360000133514404,7.364999771118164,7.360000133514404,7.360000133514404,4724,0.0,0.0
2024-07-03 10:45:00-04:00,7.364999771118164,7.364999771118164,7.364999771118164,7.364999771118164,674,0.0,0.0
2024-07-03 10:50:00-04:00,7.364999771118164,7.364999771118164,7.360000133514404,7.360000133514404,2390,0.0,0.0
2024-07-03 10:55:00-04:00,7.364999771118164,7.364999771118164,7.353499889373779,7.364999771118164,7783,0.0,0.0
2024-07-03 11:00:00-04:00,7.360000133514404,7.360000133514404,7.355000019073486,7.360000133514404,3092,0.0,0.0
2024-07-03 11:05:00-04:00,7.360000133514404,7.360000133514404,7.34499979019165,7.34499979019165,6310,0.0,0.0
2024-07-03 11:10:00-04:00,7.340000152587891,7.360000133514404,7.340000152587891,7.360000133514404,1165,0.0,0.0
2024-07-03 11:15:00-04:00,7.349999904632568,7.355000019073486,7.349999904632568,7.355000019073486,1200,0.0,0.0
2024-07-03 11:20:00-04:00,7.364999771118164,7.364999771118164,7.360000133514404,7.364999771118164,1125,0.0,0.0
2024-07-03 11:25:00-04:00,7.360000133514404,7.364999771118164,7.355000019073486,7.364999771118164,3530,0.0,0.0
2024-07-03 11:30:00-04:00,7.360000133514404,7.364999771118164,7.355000019073486,7.355000019073486,6662,0.0,0.0
2024-07-03 11:35:00-04:00,7.355000019073486,7.355000019073486,7.355000019073486,7.355000019073486,1350,0.0,0.0
2024-07-03 11:40:00-04:00,7.355000019073486,7.355000019073486,7.320000171661377,7.320000171661377,17265,0.0,0.0
2024-07-03 11:45:00-04:00,7.324999809265137,7.335000038146973,7.324999809265137,7.335000038146973,1973,0.0,0.0
2024-07-03 11:50:00-04:00,7.340000152587891,7.349999904632568,7.335000038146973,7.349999904632568,3291,0.0,0.0
2024-07-03 11:55:00-04:00,7.349999904632568,7.355000019073486,7.349999904632568,7.349999904632568,1827,0.0,0.0
2024-07-03 12:00:00-04:00,7.34499979019165,7.369999885559082,7.340000152587891,7.369999885559082,16964,0.0,0.0
2024-07-03 12:05:00-04:00,7.369999885559082,7.385000228881836,7.369999885559082,7.385000228881836,3725,0.0,0.0
2024-07-03 12:10:00-04:00,7.385000228881836,7.389999866485596,7.380000114440918,7.385000228881836,20342,0.0,0.0
2024-07-03 12:15:00-04:00,7.385000228881836,7.385000228881836,7.349999904632568,7.349999904632568,9463,0.0,0.0
2024-07-03 12:20:00-04:00,7.349999904632568,7.355000019073486,7.340000152587891,7.355000019073486,12671,0.0,0.0
2024-07-03 12:25:00-04:00,7.360000133514404,7.364999771118164,7.360000133514404,7.360000133514404,8048,0.0,0.0
2024-07-03 12:30:00-04:00,7.360000133514404,7.364999771118164,7.349999904632568,7.364999771118164,8295,0.0,0.0
2024-07-03 12:35:00-04:00,7.364999771118164,7.369999885559082,7.355000019073486,7.360000133514404,5077,0.0,0.0
2024-07-03 12:40:00-04:00,7.360000133514404,7.369999885559082,7.360000133514404,7.360000133514404,6489,0.0,0.0
2024-07-03 12:45:00-04:00,7.364999771118164,7.369999885559082,7.355000019073486,7.355000019073486,8727,0.0,0.0
2024-07-05 09:30:00-04:00,7.340000152587891,7.340000152587891,7.300000190734863,7.329999923706055,7410,0.0,0.0
2024-07-05 09:35:00-04:00,7.34499979019165,7.34499979019165,7.309999942779541,7.324999809265137,3605,0.0,0.0
2024-07-05 09:40:00-04:00,7.329999923706055,7.369999885559082,7.329999923706055,7.369999885559082,1290,0.0,0.0
2024-07-05 09:45:00-04:00,7.349999904632568,7.369999885559082,7.340000152587891,7.349999904632568,11885,0.0,0.0
2024-07-05 09:50:00-04:00,7.349999904632568,7.355000019073486,7.349999904632568,7.355000019073486,2157,0.0,0.0
2024-07-05 09:55:00-04:00,7.355000019073486,7.360000133514404,7.349999904632568,7.35699987411499,8015,0.0,0.0
2024-07-05 10:00:00-04:00,7.340000152587891,7.375,7.340000152587891,7.369999885559082,9929,0.0,0.0
2024-07-05 10:05:00-04:00,7.375,7.380000114440918,7.369999885559082,7.380000114440918,5504,0.0,0.0
2024-07-05 10:10:00-04:00,7.375,7.389999866485596,7.355000019073486,7.369999885559082,31727,0.0,0.0
2024-07-05 10:15:00-04:00,7.375,7.375,7.360000133514404,7.360000133514404,2030,0.0,0.0
2024-07-05 10:20:00-04:00,7.369999885559082,7.385000228881836,7.364999771118164,7.369999885559082,25704,0.0,0.0
2024-07-05 10:25:00-04:00,7.369999885559082,7.369999885559082,7.355000019073486,7.355000019073486,1975,0.0,0.0
2024-07-05 10:30:00-04:00,7.360000133514404,7.389999866485596,7.360000133514404,7.380000114440918,3171,0.0,0.0
2024-07-05 10:35:00-04:00,7.389999866485596,7.394999980926514,7.385000228881836,7.385000228881836,2593,0.0,0.0
2024-07-05 10:40:00-04:00,7.389999866485596,7.389999866485596,7.389999866485596,7.389999866485596,456,0.0,0.0
2024-07-05 10:45:00-04:00,7.394999980926514,7.40500020980835,7.385000228881836,7.40500020980835,10171,0.0,0.0
2024-07-05 10:50:00-04:00,7.409999847412109,7.409999847412109,7.40500020980835,7.409999847412109,4970,0.0,0.0
2024-07-05 10:55:00-04:00,7.409999847412109,7.409999847412109,7.389999866485596,7.40500020980835,4232,0.0,0.0
2024-07-05 11:00:00-04:00,7.400000095367432,7.400000095367432,7.389999866485596,7.400000095367432,1669,0.0,0.0
2024-07-05 11:05:00-04:00,7.400000095367432,7.400000095367432,7.400000095367432,7.400000095367432,209,0.0,0.0
2024-07-05 11:10:00-04:00,7.409999847412109,7.413599967956543,7.394999980926514,7.394999980926514,1983,0.0,0.0
2024-07-05 11:15:00-04:00,7.394999980926514,7.394999980926514,7.394999980926514,7.394999980926514,386,0.0,0.0
2024-07-05 11:20:00-04:00,7.394999980926514,7.394999980926514,7.380000114440918,7.385000228881836,5837,0.0,0.0
2024-07-05 11:25:00-04:00,7.385000228881836,7.385000228881836,7.380000114440918,7.380000114440918,486,0.0,0.0
2024-07-05 11:30:00-04:00,7.369999885559082,7.369999885559082,7.355000019073486,7.355000019073486,3463,0.0,0.0
2024-07-05 11:35:00-04:00,7.355000019073486,7.360000133514404,7.355000019073486,7.355000019073486,1164,0.0,0.0
2024-07-05 11:40:00-04:00,7.364999771118164,7.364999771118164,7.355000019073486,7.355000019073486,1157,0.0,0.0
2024-07-05 11:45:00-04:00,7.355000019073486,7.360000133514404,7.355000019073486,7.360000133514404,649,0.0,0.0
2024-07-05 11:50:00-04:00,7.360000133514404,7.409999847412109,7.360000133514404,7.409999847412109,15600,0.0,0.0
2024-07-05 11:55:00-04:00,7.400000095367432,7.414999961853027,7.400000095367432,7.40500020980835,10525,0.0,0.0
2024-07-05 12:00:00-04:00,7.400000095367432,7.40500020980835,7.400000095367432,7.40500020980835,6943,0.0,0.0
2024-07-05 12:05:00-04:00,7.405799865722656,7.409999847412109,7.389999866485596,7.394999980926514,3468,0.0,0.0
2024-07-05 12:10:00-04:00,7.39900016784668,7.39900016784668,7.394999980926514,7.394999980926514,349,0.0,0.0
2024-07-05 12:15:00-04:00,7.389999866485596,7.389999866485596,7.380000114440918,7.380000114440918,1939,0.0,0.0
2024-07-05 12:20:00-04:00,7.369999885559082,7.375,7.360000133514404,7.375,1512,0.0,0.0
2024-07-05 12:25:00-04:00,7.375,7.375,7.375,7.375,1103,0.0,0.0
2024-07-05 12:30:00-04:00,7.369999885559082,7.369999885559082,7.364999771118164,7.364999771118164,2006,0.0,0.0
2024-07-05 12:35:00-04:00,7.364999771118164,7.366600036621094,7.355000019073486,7.355000019073486,2758,0.0,0.0
2024-07-05 12:40:00-04:00,7.355000019073486,7.355000019073486,7.355000019073486,7.355000019073486,1387,0.0,0.0
2024-07-05 12:45:00-04:00,7.355000019073486,7.355000019073486,7.355000019073486,7.355000019073486,199,0.0,0.0
2024-07-05 12:50:00-04:00,7.360000133514404,7.369999885559082,7.360000133514404,7.369999885559082,1141,0.0,0.0
2024-07-05 12:55:00-04:00,7.369999885559082,7.369999885559082,7.364999771118164,7.369999885559082,1370,0.0,0.0
2024-07-05 13:00:00-04:00,7.369999885559082,7.369999885559082,7.364999771118164,7.364999771118164,442,0.0,0.0
2024-07-05 13:05:00-04:00,7.364999771118164,7.364999771118164,7.364999771118164,7.364999771118164,326,0.0,0.0
2024-07-05 13:10:00-04:00,7.364999771118164,7.364999771118164,7.335000038146973,7.335000038146973,3520,0.0,0.0
2024-07-05 13:15:00-04:00,7.340000152587891,7.340000152587891,7.340000152587891,7.340000152587891,603,0.0,0.0
2024-07-05 13:20:00-04:00,7.33650016784668,7.340000152587891,7.335000038146973,7.340000152587891,623,0.0,0.0
2024-07-05 13:25:00-04:00,7.335000038146973,7.340000152587891,7.320000171661377,7.329999923706055,2809,0.0,0.0
2024-07-05 13:30:00-04:00,7.315000057220459,7.324999809265137,7.315000057220459,7.324999809265137,1694,0.0,0.0
2024-07-05 13:35:00-04:00,7.320000171661377,7.324999809265137,7.320000171661377,7.324999809265137,964,0.0,0.0
2024-07-05 13:40:00-04:00,7.324999809265137,7.335000038146973,7.324999809265137,7.335000038146973,1485,0.0,0.0
2024-07-05 13:45:00-04:00,7.340000152587891,7.340000152587891,7.329999923706055,7.329999923706055,1911,0.0,0.0
2024-07-05 13:50:00-04:00,7.329999923706055,7.329999923706055,7.324999809265137,7.324999809265137,584,0.0,0.0
2024-07-05 13:55:00-04:00,7.329999923706055,7.335000038146973,7.329999923706055,7.335000038146973,1908,0.0,0.0
2024-07-05 14:00:00-04:00,7.335000038146973,7.335000038146973,7.320499897003174,7.320499897003174,2442,0.0,0.0
2024-07-05 14:05:00-04:00,7.324999809265137,7.324999809265137,7.304999828338623,7.304999828338623,4197,0.0,0.0
2024-07-05 14:10:00-04:00,7.300000190734863,7.300000190734863,7.289999961853027,7.300000190734863,1634,0.0,0.0
2024-07-05 14:15:00-04:00,7.300000190734863,7.300000190734863,7.295000076293945,7.300000190734863,882,0.0,0.0
2024-07-05 14:20:00-04:00,7.296899795532227,7.300000190734863,7.289999961853027,7.295000076293945,3898,0.0,0.0
2024-07-05 14:25:00-04:00,7.300000190734863,7.309999942779541,7.300000190734863,7.300000190734863,4981,0.0,0.0
2024-07-05 14:30:00-04:00,7.295000076293945,7.304999828338623,7.295000076293945,7.304999828338623,9298,0.0,0.0
2024-07-05 14:35:00-04:00,7.300000190734863,7.304999828338623,7.289999961853027,7.289999961853027,2954,0.0,0.0
2024-07-05 14:40:00-04:00,7.295000076293945,7.295000076293945,7.295000076293945,7.295000076293945,728,0.0,0.0
2024-07-05 14:45:00-04:00,7.294300079345703,7.295000076293945,7.294300079345703,7.295000076293945,1739,0.0,0.0
2024-07-05 14:50:00-04:00,7.295000076293945,7.304999828338623,7.295000076293945,7.304999828338623,3841,0.0,0.0
2024-07-05 14:55:00-04:00,7.309999942779541,7.309999942779541,7.309999942779541,7.309999942779541,1073,0.0,0.0
2024-07-05 15:00:00-04:00,7.309999942779541,7.309999942779541,7.300000190734863,7.304999828338623,1418,0.0,0.0
2024-07-05 15:05:00-04:00,7.304999828338623,7.304999828338623,7.289999961853027,7.295000076293945,5081,0.0,0.0
2024-07-05 15:10:00-04:00,7.295000076293945,7.295000076293945,7.295000076293945,7.295000076293945,855,0.0,0.0
2024-07-05 15:15:00-04:00,7.29010009765625,7.300000190734863,7.289999961853027,7.300000190734863,2828,0.0,0.0
2024-07-05 15:20:00-04:00,7.295000076293945,7.295000076293945,7.284999847412109,7.289999961853027,9039,0.0,0.0
2024-07-05 15:25:00-04:00,7.28000020980835,7.28000020980835,7.275000095367432,7.275000095367432,3236,0.0,0.0
2024-07-05 15:30:00-04:00,7.275000095367432,7.275000095367432,7.264999866485596,7.264999866485596,5097,0.0,0.0
2024-07-05 15:35:00-04:00,7.264999866485596,7.275000095367432,7.264999866485596,7.264999866485596,8017,0.0,0.0
2024-07-05 15:40:00-04:00,7.260000228881836,7.264999866485596,7.260000228881836,7.264999866485596,1757,0.0,0.0
2024-07-05 15:45:00-04:00,7.264999866485596,7.275000095367432,7.25,7.255000114440918,16715,0.0,0.0
2024-07-05 15:50:00-04:00,7.260000228881836,7.284999847412109,7.255000114440918,7.284999847412109,17294,0.0,0.0
2024-07-05 15:55:00-04:00,7.284999847412109,7.288300037384033,7.239999771118164,7.255000114440918,37709,0.0,0.0
2024-07-08 09:30:00-04:00,7.360000133514404,7.380000114440918,7.335000038146973,7.380000114440918,24379,0.0,0.0
2024-07-08 09:35:00-04:00,7.400000095367432,7.400000095367432,7.389999866485596,7.389999866485596,3285,0.0,0.0
2024-07-08 09:40:00-04:00,7.389999866485596,7.389999866485596,7.369999885559082,7.380000114440918,546,0.0,0.0
2024-07-08 09:45:00-04:00,7.369999885559082,7.400000095367432,7.369999885559082,7.389999866485596,3247,0.0,0.0
2024-07-08 09:50:00-04:00,7.389999866485596,7.389999866485596,7.375,7.375,1043,0.0,0.0
2024-07-08 09:55:00-04:00,7.380000114440918,7.380000114440918,7.361199855804443,7.369999885559082,1946,0.0,0.0
2024-07-08 10:00:00-04:00,7.369999885559082,7.389999866485596,7.369999885559082,7.380000114440918,3735,0.0,0.0
2024-07-08 10:05:00-04:00,7.385000228881836,7.389999866485596,7.369999885559082,7.369999885559082,8852,0.0,0.0
2024-07-08 10:10:00-04:00,7.369999885559082,7.375,7.364999771118164,7.375,3804,0.0,0.0
2024-07-08 10:15:00-04:00,7.369999885559082,7.369999885559082,7.355000019073486,7.369999885559082,4846,0.0,0.0
2024-07-08 10:20:00-04:00,7.369999885559082,7.380000114440918,7.369999885559082,7.380000114440918,3057,0.0,0.0
2024-07-08 10:25:00-04:00,7.380000114440918,7.380000114440918,7.369999885559082,7.369999885559082,1156,0.0,0.0
2024-07-08 10:30:00-04:00,7.364999771118164,7.369999885559082,7.364999771118164,7.369999885559082,1134,0.0,0.0
2024-07-08 10:35:00-04:00,7.369999885559082,7.369999885559082,7.369999885559082,7.369999885559082,604,0.0,0.0
2024-07-08 10:40:00-04:00,7.370500087738037,7.385000228881836,7.369999885559082,7.380000114440918,3391,0.0,0.0
2024-07-08 10:45:00-04:00,7.380000114440918,7.385000228881836,7.380000114440918,7.385000228881836,608,0.0,0.0
2024-07-08 10:55:00-04:00,7.385000228881836,7.385000228881836,7.385000228881836,7.385000228881836,424,0.0,0.0
2024-07-08 11:00:00-04:00,7.385000228881836,7.385000228881836,7.364999771118164,7.369999885559082,2329,0.0,0.0
2024-07-08 11:05:00-04:00,7.369999885559082,7.369999885559082,7.369999885559082,7.369999885559082,750,0.0,0.0
2024-07-08 11:10:00-04:00,7.364999771118164,7.369999885559082,7.364999771118164,7.364999771118164,1467,0.0,0.0
2024-07-08 11:15:00-04:00,7.369999885559082,7.369999885559082,7.355000019073486,7.355000019073486,24670,0.0,0.0
2024-07-08 11:20:00-04:00,7.355000019073486,7.355000019073486,7.329999923706055,7.355000019073486,128527,0.0,0.0
2024-07-08 11:25:00-04:00,7.349999904632568,7.360000133514404,7.349999904632568,7.360000133514404,4351,0.0,0.0
2024-07-08 11:30:00-04:00,7.355000019073486,7.360000133514404,7.355000019073486,7.360000133514404,3603,0.0,0.0
2024-07-08 11:35:00-04:00,7.349999904632568,7.360000133514404,7.349999904632568,7.360000133514404,10474,0.0,0.0
2024-07-08 11:40:00-04:00,7.355000019073486,7.360000133514404,7.349999904632568,7.349999904632568,8593,0.0,0.0
2024-07-08 11:45:00-04:00,7.340000152587891,7.340000152587891,7.329999923706055,7.329999923706055,1829,0.0,0.0
2024-07-08 11:50:00-04:00,7.320000171661377,7.320000171661377,7.300000190734863,7.309999942779541,2482,0.0,0.0
2024-07-08 11:55:00-04:00,7.309999942779541,7.309999942779541,7.304999828338623,7.309000015258789,1558,0.0,0.0
2024-07-08 12:00:00-04:00,7.300000190734863,7.300000190734863,7.289999961853027,7.289999961853027,4315,0.0,0.0
2024-07-08 12:05:00-04:00,7.289999961853027,7.295000076293945,7.289999961853027,7.289999961853027,2977,0.0,0.0
2024-07-08 12:10:00-04:00,7.289999961853027,7.289999961853027,7.289999961853027,7.289999961853027,1247,0.0,0.0
2024-07-08 12:15:00-04:00,7.295000076293945,7.309999942779541,7.295000076293945,7.309999942779541,3284,0.0,0.0
2024-07-08 12:25:00-04:00,7.315000057220459,7.315000057220459,7.309999942779541,7.309999942779541,5546,0.0,0.0
2024-07-08 12:30:00-04:00,7.315000057220459,7.315000057220459,7.309999942779541,7.309999942779541,2362,0.0,0.0
2024-07-08 12:35:00-04:00,7.315000057220459,7.329999923706055,7.315000057220459,7.322500228881836,2397,0.0,0.0
2024-07-08 12:40:00-04:00,7.320000171661377,7.320000171661377,7.300000190734863,7.300000190734863,4558,0.0,0.0
2024-07-08 12:45:00-04:00,7.300000190734863,7.300000190734863,7.289999961853027,7.300000190734863,4000,0.0,0.0
2024-07-08 12:50:00-04:00,7.309999942779541,7.320000171661377,7.309999942779541,7.320000171661377,2494,0.0,0.0
2024-07-08 12:55:00-04:00,7.320000171661377,7.329999923706055,7.320000171661377,7.324999809265137,1183,0.0,0.0
2024-07-08 13:00:00-04:00,7.320000171661377,7.320000171661377,7.309999942779541,7.309999942779541,1652,0.0,0.0
2024-07-08 13:05:00-04:00,7.300000190734863,7.300000190734863,7.300000190734863,7.300000190734863,1197,0.0,0.0
2024-07-08 13:10:00-04:00,7.284999847412109,7.284999847412109,7.284999847412109,7.284999847412109,595,0.0,0.0
2024-07-08 13:20:00-04:00,7.284999847412109,7.284999847412109,7.284999847412109,7.284999847412109,978,0.0,0.0
2024-07-08 13:25:00-04:00,7.284999847412109,7.284999847412109,7.275000095367432,7.275000095367432,2379,0.0,0.0
2024-07-08 13:30:00-04:00,7.275000095367432,7.28000020980835,7.269999980926514,7.28000020980835,3430,0.0,0.0
2024-07-08 13:35:00-04:00,7.275000095367432,7.300000190734863,7.275000095367432,7.300000190734863,4810,0.0,0.0
2024-07-08 13:40:00-04:00,7.295000076293945,7.329999923706055,7.295000076293945,7.329999923706055,5405,0.0,0.0
2024-07-08 13:45:00-04:00,7.329999923706055,7.349999904632568,7.329999923706055,7.34499979019165,6892,0.0,0.0
2024-07-08 13:50:00-04:00,7.349999904632568,7.349999904632568,7.329999923706055,7.335000038146973,4287,0.0,0.0
2024-07-08 13:55:00-04:00,7.329999923706055,7.335000038146973,7.329999923706055,7.329999923706055,2972,0.0,0.0
2024-07-08 14:00:00-04:00,7.324999809265137,7.335000038146973,7.324999809265137,7.335000038146973,2871,0.0,0.0
2024-07-08 14:05:00-04:00,7.335000038146973,7.340000152587891,7.322000026702881,7.322000026702881,13866,0.0,0.0
2024-07-08 14:10:00-04:00,7.329999923706055,7.329999923706055,7.324999809265137,7.329999923706055,1196,0.0,0.0
2024-07-08 14:15:00-04:00,7.320099830627441,7.329999923706055,7.320099830627441,7.329999923706055,4001,0.0,0.0
2024-07-08 14:20:00-04:00,7.335000038146973,7.349999904632568,7.335000038146973,7.349999904632568,6676,0.0,0.0
2024-07-08 14:25:00-04:00,7.349999904632568,7.349999904632568,7.34499979019165,7.349999904632568,1515,0.0,0.0
2024-07-08 14:30:00-04:00,7.34499979019165,7.360000133514404,7.34499979019165,7.360000133514404,3402,0.0,0.0
2024-07-08 14:35:00-04:00,7.355000019073486,7.360000133514404,7.355000019073486,7.360000133514404,1527,0.0,0.0
2024-07-08 14:40:00-04:00,7.360000133514404,7.360000133514404,7.349999904632568,7.360000133514404,3683,0.0,0.0
2024-07-08 14:45:00-04:00,7.360000133514404,7.360000133514404,7.349999904632568,7.355000019073486,2366,0.0,0.0
2024-07-08 14:50:00-04:00,7.349999904632568,7.360000133514404,7.349999904632568,7.360000133514404,2990,0.0,0.0
2024-07-08 14:55:00-04:00,7.360000133514404,7.369999885559082,7.360000133514404,7.369999885559082,5064,0.0,0.0
2024-07-08 15:00:00-04:00,7.369999885559082,7.369999885559082,7.364999771118164,7.364999771118164,902,0.0,0.0
2024-07-08 15:05:00-04:00,7.364999771118164,7.394999980926514,7.364999771118164,7.380000114440918,14285,0.0,0.0
2024-07-08 15:10:00-04:00,7.385000228881836,7.400000095367432,7.385000228881836,7.391300201416016,9341,0.0,0.0
2024-07-08 15:15:00-04:00,7.394999980926514,7.400000095367432,7.394999980926514,7.400000095367432,1073,0.0,0.0
2024-07-08 15:20:00-04:00,7.400000095367432,7.400000095367432,7.394999980926514,7.394999980926514,1328,0.0,0.0
2024-07-08 15:25:00-04:00,7.394999980926514,7.394999980926514,7.369999885559082,7.385000228881836,10606,0.0,0.0
2024-07-08 15:30:00-04:00,7.380000114440918,7.385000228881836,7.380000114440918,7.385000228881836,3429,0.0,0.0
2024-07-08 15:35:00-04:00,7.385000228881836,7.400000095367432,7.385000228881836,7.394999980926514,13182,0.0,0.0
2024-07-08 15:40:00-04:00,7.394999980926514,7.400000095367432,7.394999980926514,7.400000095367432,2338,0.0,0.0
2024-07-08 15:45:00-04:00,7.394999980926514,7.40500020980835,7.389999866485596,7.40500020980835,4773,0.0,0.0
2024-07-08 15:50:00-04:00,7.400000095367432,7.414999961853027,7.394999980926514,7.40500020980835,18022,0.0,0.0
2024-07-08 15:55:00-04:00,7.40500020980835,7.409999847412109,7.375,7.409999847412109,83554,0.0,0.0
2024-07-09 09:30:00-04:00,7.409999847412109,7.409999847412109,7.320000171661377,7.329999923706055,30088,0.0,0.0
2024-07-09 09:35:00-04:00,7.340000152587891,7.360000133514404,7.320000171661377,7.349999904632568,5270,0.0,0.0
2024-07-09 09:40:00-04:00,7.349999904632568,7.389999866485596,7.349999904632568,7.389999866485596,4988,0.0,0.0
2024-07-09 09:45:00-04:00,7.400000095367432,7.409999847412109,7.394999980926514,7.409999847412109,4612,0.0,0.0
2024-07-09 09:50:00-04:00,7.409999847412109,7.420000076293945,7.409999847412109,7.420000076293945,1615,0.0,0.0
2024-07-09 09:55:00-04:00,7.429999828338623,7.449999809265137,7.425000190734863,7.440000057220459,9608,0.0,0.0
2024-07-09 10:00:00-04:00,7.440000057220459,7.440000057220459,7.429999828338623,7.440000057220459,5545,0.0,0.0
2024-07-09 10:05:00-04:00,7.429999828338623,7.429999828338623,7.385000228881836,7.394999980926514,6411,0.0,0.0
2024-07-09 10:10:00-04:00,7.394999980926514,7.400000095367432,7.385000228881836,7.389999866485596,4692,0.0,0.0
2024-07-09 10:15:00-04:00,7.385000228881836,7.389999866485596,7.355000019073486,7.360000133514404,5766,0.0,0.0
2024-07-09 10:20:00-04:00,7.360000133514404,7.380000114440918,7.355000019073486,7.380000114440918,6524,0.0,0.0
2024-07-09 10:25:00-04:00,7.380000114440918,7.380000114440918,7.309999942779541,7.320000171661377,9846,0.0,0.0
2024-07-09 10:30:00-04:00,7.309999942779541,7.329999923706055,7.307400226593018,7.329999923706055,9722,0.0,0.0
2024-07-09 10:35:00-04:00,7.340000152587891,7.340000152587891,7.329999923706055,7.340000152587891,2647,0.0,0.0
2024-07-09 10:40:00-04:00,7.340000152587891,7.349999904632568,7.340000152587891,7.34499979019165,8443,0.0,0.0
2024-07-09 10:45:00-04:00,7.34499979019165,7.369999885559082,7.34499979019165,7.369999885559082,2235,0.0,0.0
2024-07-09 10:50:00-04:00,7.369999885559082,7.394999980926514,7.360099792480469,7.369999885559082,20171,0.0,0.0
2024-07-09 10:55:00-04:00,7.364999771118164,7.364999771118164,7.340000152587891,7.355000019073486,5168,0.0,0.0
2024-07-09 11:00:00-04:00,7.349999904632568,7.369999885559082,7.349999904632568,7.369999885559082,1362,0.0,0.0
2024-07-09 11:05:00-04:00,7.360000133514404,7.360000133514404,7.355000019073486,7.360000133514404,7351,0.0,0.0
2024-07-09 11:10:00-04:00,7.364999771118164,7.364999771118164,7.364999771118164,7.364999771118164,302,0.0,0.0
2024-07-09 11:15:00-04:00,7.360000133514404,7.360000133514404,7.355000019073486,7.355000019073486,4035,0.0,0.0
2024-07-09 11:20:00-04:00,7.349999904632568,7.375,7.340000152587891,7.369999885559082,9262,0.0,0.0
2024-07-09 11:25:00-04:00,7.360000133514404,7.369999885559082,7.360000133514404,7.369999885559082,2579,0.0,0.0
2024-07-09 11:30:00-04:00,7.369999885559082,7.380000114440918,7.369999885559082,7.375,5040,0.0,0.0
2024-07-09 11:35:00-04:00,7.375,7.380000114440918,7.375,7.380000114440918,399,0.0,0.0
2024-07-09 11:40:00-04:00,7.375,7.380000114440918,7.369999885559082,7.375,3267,0.0,0.0
2024-07-09 11:45:00-04:00,7.375,7.385000228881836,7.369999885559082,7.385000228881836,10702,0.0,0.0
2024-07-09 11:50:00-04:00,7.385000228881836,7.394999980926514,7.375,7.375,3166,0.0,0.0
2024-07-09 11:55:00-04:00,7.380000114440918,7.385000228881836,7.380000114440918,7.385000228881836,3588,0.0,0.0
2024-07-09 12:00:00-04:00,7.389999866485596,7.40500020980835,7.389999866485596,7.40500020980835,1775,0.0,0.0
2024-07-09 12:05:00-04:00,7.400000095367432,7.400000095367432,7.389999866485596,7.389999866485596,4736,0.0,0.0
2024-07-09 12:15:00-04:00,7.394999980926514,7.400000095367432,7.394999980926514,7.400000095367432,1011,0.0,0.0
2024-07-09 12:20:00-04:00,7.389999866485596,7.394400119781494,7.385000228881836,7.394400119781494,6166,0.0,0.0
2024-07-09 12:25:00-04:00,7.400000095367432,7.40500020980835,7.400000095367432,7.40500020980835,914,0.0,0.0
2024-07-09 12:30:00-04:00,7.400000095367432,7.400000095367432,7.400000095367432,7.400000095367432,792,0.0,0.0
2024-07-09 12:35:00-04:00,7.400000095367432,7.400000095367432,7.385000228881836,7.389999866485596,5517,0.0,0.0
2024-07-09 12:40:00-04:00,7.400000095367432,7.40500020980835,7.400000095367432,7.40500020980835,661,0.0,0.0
2024-07-09 12:45:00-04:00,7.40500020980835,7.40500020980835,7.40500020980835,7.40500020980835,624,0.0,0.0
2024-07-09 12:50:00-04:00,7.400000095367432,7.400000095367432,7.389999866485596,7.389999866485596,5194,0.0,0.0
2024-07-09 12:55:00-04:00,7.389999866485596,7.429999828338623,7.389999866485596,7.429999828338623,6576,0.0,0.0
2024-07-09 13:00:00-04:00,7.429999828338623,7.46999979019165,7.429999828338623,7.465000152587891,16975,0.0,0.0
2024-07-09 13:05:00-04:00,7.465000152587891,7.480000019073486,7.460000038146973,7.46999979019165,10673,0.0,0.0
2024-07-09 13:10:00-04:00,7.46999979019165,7.480000019073486,7.46999979019165,7.480000019073486,25506,0.0,0.0
2024-07-09 13:15:00-04:00,7.474999904632568,7.480000019073486,7.460000038146973,7.465000152587891,10546,0.0,0.0
2024-07-09 13:20:00-04:00,7.46999979019165,7.480000019073486,7.46999979019165,7.480000019073486,7540,0.0,0.0
2024-07-09 13:25:00-04:00,7.480000019073486,7.480000019073486,7.445000171661377,7.449999809265137,16213,0.0,0.0
2024-07-09 13:30:00-04:00,7.440000057220459,7.454999923706055,7.440000057220459,7.452899932861328,6019,0.0,0.0
2024-07-09 13:35:00-04:00,7.449999809265137,7.449999809265137,7.425000190734863,7.445000171661377,10527,0.0,0.0
2024-07-09 13:40:00-04:00,7.445000171661377,7.445000171661377,7.434999942779541,7.440000057220459,7220,0.0,0.0
2024-07-09 13:45:00-04:00,7.440000057220459,7.440000057220459,7.420000076293945,7.420000076293945,3911,0.0,0.0
2024-07-09 13:50:00-04:00,7.425000190734863,7.425000190734863,7.414999961853027,7.420000076293945,5574,0.0,0.0
2024-07-09 13:55:00-04:00,7.420000076293945,7.420000076293945,7.409999847412109,7.409999847412109,7617,0.0,0.0
2024-07-09 14:00:00-04:00,7.409999847412109,7.409999847412109,7.400000095367432,7.40500020980835,2356,0.0,0.0
2024-07-09 14:05:00-04:00,7.40500020980835,7.445000171661377,7.40500020980835,7.445000171661377,11287,0.0,0.0
2024-07-09 14:10:00-04:00,7.440000057220459,7.440000057220459,7.434999942779541,7.434999942779541,4613,0.0,0.0
2024-07-09 14:15:00-04:00,7.440000057220459,7.454999923706055,7.440000057220459,7.454999923706055,5505,0.0,0.0
2024-07-09 14:20:00-04:00,7.454999923706055,7.454999923706055,7.449999809265137,7.454999923706055,1090,0.0,0.0
2024-07-09 14:25:00-04:00,7.449999809265137,7.460000038146973,7.449999809265137,7.449999809265137,4796,0.0,0.0
2024-07-09 14:30:00-04:00,7.449999809265137,7.454999923706055,7.440000057220459,7.440000057220459,3639,0.0,0.0
2024-07-09 14:35:00-04:00,7.440000057220459,7.445000171661377,7.440000057220459,7.445000171661377,3970,0.0,0.0
2024-07-09 14:40:00-04:00,7.440000057220459,7.454999923706055,7.440000057220459,7.445000171661377,12053,0.0,0.0
2024-07-09 14:45:00-04:00,7.454999923706055,7.454999923706055,7.454999923706055,7.454999923706055,783,0.0,0.0
2024-07-09 14:50:00-04:00,7.460000038146973,7.46999979019165,7.453100204467773,7.46999979019165,15212,0.0,0.0
2024-07-09 14:55:00-04:00,7.46999979019165,7.474999904632568,7.460000038146973,7.474999904632568,39154,0.0,0.0
2024-07-09 15:00:00-04:00,7.46999979019165,7.479899883270264,7.46999979019165,7.471399784088135,12011,0.0,0.0
2024-07-09 15:05:00-04:00,7.480000019073486,7.489999771118164,7.480000019073486,7.485000133514404,5694,0.0,0.0
2024-07-09 15:10:00-04:00,7.489999771118164,7.5,7.489999771118164,7.489999771118164,11493,0.0,0.0
2024-07-09 15:15:00-04:00,7.480000019073486,7.492800235748291,7.474999904632568,7.492800235748291,9732,0.0,0.0
2024-07-09 15:20:00-04:00,7.489999771118164,7.489999771118164,7.480000019073486,7.485000133514404,4805,0.0,0.0
2024-07-09 15:25:00-04:00,7.485000133514404,7.485000133514404,7.474999904632568,7.485000133514404,9399,0.0,0.0
2024-07-09 15:30:00-04:00,7.485000133514404,7.489999771118164,7.474999904632568,7.485000133514404,8599,0.0,0.0
2024-07-09 15:35:00-04:00,7.485000133514404,7.5,7.485000133514404,7.5,27840,0.0,0.0
2024-07-09 15:40:00-04:00,7.505000114440918,7.510000228881836,7.489999771118164,7.505000114440918,18739,0.0,0.0
2024-07-09 15:45:00-04:00,7.505000114440918,7.510000228881836,7.5,7.510000228881836,48205,0.0,0.0
2024-07-09 15:50:00-04:00,7.505000114440918,7.550000190734863,7.5,7.53000020980835,77879,0.0,0.0
2024-07-09 15:55:00-04:00,7.539999961853027,7.539999961853027,7.510000228881836,7.514999866485596,151138,0.0,0.0
2024-07-10 09:30:00-04:00,7.550000190734863,7.630000114440918,7.550000190734863,7.619999885559082,18285,0.0,0.0
2024-07-10 09:35:00-04:00,7.610000133514404,7.610000133514404,7.570000171661377,7.570000171661377,6533,0.0,0.0
2024-07-10 09:40:00-04:00,7.559999942779541,7.559999942779541,7.53000020980835,7.53000020980835,969,0.0,0.0
2024-07-10 09:45:00-04:00,7.559999942779541,7.559999942779541,7.519999980926514,7.519999980926514,1448,0.0,0.0
2024-07-10 09:50:00-04:00,7.539999961853027,7.539999961853027,7.539999961853027,7.539999961853027,454,0.0,0.0
2024-07-10 09:55:00-04:00,7.539999961853027,7.539999961853027,7.539999961853027,7.539999961853027,709,0.0,0.0
2024-07-10 10:00:00-04:00,7.539999961853027,7.545000076293945,7.539999961853027,7.539999961853027,682,0.0,0.0
2024-07-10 10:05:00-04:00,7.53000020980835,7.550000190734863,7.53000020980835,7.533899784088135,1559,0.0,0.0
2024-07-10 10:10:00-04:00,7.534999847412109,7.534999847412109,7.510000228881836,7.510000228881836,20617,0.0,0.0
2024-07-10 10:15:00-04:00,7.5,7.519999980926514,7.489999771118164,7.519999980926514,5876,0.0,0.0
2024-07-10 10:20:00-04:00,7.525000095367432,7.53000020980835,7.510000228881836,7.53000020980835,5100,0.0,0.0
2024-07-10 10:25:00-04:00,7.53000020980835,7.53000020980835,7.525000095367432,7.53000020980835,866,0.0,0.0
2024-07-10 10:30:00-04:00,7.53000020980835,7.534999847412109,7.53000020980835,7.534999847412109,2912,0.0,0.0
2024-07-10 10:35:00-04:00,7.534999847412109,7.559999942779541,7.534999847412109,7.550000190734863,2507,0.0,0.0
2024-07-10 10:40:00-04:00,7.545000076293945,7.554999828338623,7.545000076293945,7.554999828338623,1040,0.0,0.0
2024-07-10 10:45:00-04:00,7.554999828338623,7.569900035858154,7.554999828338623,7.559999942779541,3828,0.0,0.0
2024-07-10 10:55:00-04:00,7.565000057220459,7.565000057220459,7.565000057220459,7.565000057220459,1121,0.0,0.0
2024-07-10 11:00:00-04:00,7.559999942779541,7.559999942779541,7.525000095367432,7.525000095367432,3061,0.0,0.0
2024-07-10 11:05:00-04:00,7.53000020980835,7.539999961853027,7.519999980926514,7.539999961853027,12357,0.0,0.0
2024-07-10 11:10:00-04:00,7.53000020980835,7.53000020980835,7.53000020980835,7.53000020980835,1611,0.0,0.0
2024-07-10 11:15:00-04:00,7.525000095367432,7.534999847412109,7.525000095367432,7.53000020980835,5546,0.0,0.0
2024-07-10 11:20:00-04:00,7.53000020980835,7.534999847412109,7.519999980926514,7.519999980926514,4951,0.0,0.0
2024-07-10 11:25:00-04:00,7.514999866485596,7.514999866485596,7.510000228881836,7.510000228881836,664,0.0,0.0
2024-07-10 11:30:00-04:00,7.514999866485596,7.514999866485596,7.5,7.5,5422,0.0,0.0
2024-07-10 11:35:00-04:00,7.494999885559082,7.5,7.494999885559082,7.494999885559082,1041,0.0,0.0
2024-07-10 11:40:00-04:00,7.494999885559082,7.525000095367432,7.494999885559082,7.525000095367432,62497,0.0,0.0
2024-07-10 11:45:00-04:00,7.519999980926514,7.545000076293945,7.5,7.534999847412109,84918,0.0,0.0
2024-07-10 11:50:00-04:00,7.520100116729736,7.534999847412109,7.510000228881836,7.534999847412109,20416,0.0,0.0
2024-07-10 11:55:00-04:00,7.539999961853027,7.550000190734863,7.539999961853027,7.545000076293945,3271,0.0,0.0
2024-07-10 12:00:00-04:00,7.550000190734863,7.554999828338623,7.539999961853027,7.539999961853027,5087,0.0,0.0
2024-07-10 12:05:00-04:00,7.550000190734863,7.550000190734863,7.534999847412109,7.534999847412109,1992,0.0,0.0
2024-07-10 12:10:00-04:00,7.534999847412109,7.545000076293945,7.534999847412109,7.545000076293945,2846,0.0,0.0
2024-07-10 12:15:00-04:00,7.550000190734863,7.559999942779541,7.539999961853027,7.539999961853027,5152,0.0,0.0
2024-07-10 12:20:00-04:00,7.545000076293945,7.565000057220459,7.545000076293945,7.565000057220459,7476,0.0,0.0
2024-07-10 12:25:00-04:00,7.565000057220459,7.565000057220459,7.559999942779541,7.565000057220459,1080,0.0,0.0
2024-07-10 12:30:00-04:00,7.565000057220459,7.565000057220459,7.559999942779541,7.559999942779541,1039,0.0,0.0
2024-07-10 12:35:00-04:00,7.559999942779541,7.570000171661377,7.559999942779541,7.565000057220459,3214,0.0,0.0
2024-07-10 12:40:00-04:00,7.570000171661377,7.590000152587891,7.570000171661377,7.590000152587891,5528,0.0,0.0
2024-07-10 12:45:00-04:00,7.599999904632568,7.619999885559082,7.599999904632568,7.614999771118164,2385,0.0,0.0
2024-07-10 12:50:00-04:00,7.610000133514404,7.610000133514404,7.6057000160217285,7.610000133514404,2088,0.0,0.0
2024-07-10 12:55:00-04:00,7.614999771118164,7.619999885559082,7.610000133514404,7.610000133514404,1745,0.0,0.0
2024-07-10 13:00:00-04:00,7.619999885559082,7.630000114440918,7.609899997711182,7.609899997711182,4976,0.0,0.0
2024-07-10 13:05:00-04:00,7.605000019073486,7.605000019073486,7.559999942779541,7.559999942779541,4927,0.0,0.0
2024-07-10 13:10:00-04:00,7.570000171661377,7.579999923706055,7.570000171661377,7.579999923706055,6232,0.0,0.0
2024-07-10 13:15:00-04:00,7.579999923706055,7.579999923706055,7.570000171661377,7.570000171661377,1410,0.0,0.0
2024-07-10 13:20:00-04:00,7.570000171661377,7.570000171661377,7.559999942779541,7.559999942779541,1508,0.0,0.0
2024-07-10 13:25:00-04:00,7.550000190734863,7.570000171661377,7.550000190734863,7.570000171661377,2347,0.0,0.0
2024-07-10 13:30:00-04:00,7.565000057220459,7.570000171661377,7.559999942779541,7.559999942779541,4351,0.0,0.0
2024-07-10 13:35:00-04:00,7.559999942779541,7.565000057220459,7.559999942779541,7.565000057220459,608,0.0,0.0
2024-07-10 13:40:00-04:00,7.559999942779541,7.559999942779541,7.559999942779541,7.559999942779541,544,0.0,0.0
2024-07-10 13:45:00-04:00,7.565000057220459,7.565000057220459,7.559999942779541,7.559999942779541,1275,0.0,0.0
2024-07-10 13:50:00-04:00,7.559999942779541,7.579999923706055,7.559999942779541,7.579999923706055,3062,0.0,0.0
2024-07-10 13:55:00-04:00,7.574999809265137,7.579999923706055,7.570000171661377,7.579999923706055,3423,0.0,0.0
2024-07-10 14:00:00-04:00,7.579999923706055,7.579999923706055,7.570000171661377,7.570000171661377,1111,0.0,0.0
2024-07-10 14:05:00-04:00,7.570000171661377,7.570000171661377,7.565000057220459,7.565000057220459,1646,0.0,0.0
2024-07-10 14:10:00-04:00,7.565000057220459,7.574999809265137,7.565000057220459,7.570000171661377,2892,0.0,0.0
2024-07-10 14:15:00-04:00,7.574999809265137,7.590000152587891,7.574999809265137,7.579999923706055,4598,0.0,0.0
2024-07-10 14:20:00-04:00,7.585000038146973,7.585000038146973,7.585000038146973,7.585000038146973,1470,0.0,0.0
2024-07-10 14:25:00-04:00,7.590000152587891,7.590000152587891,7.574999809265137,7.579999923706055,3048,0.0,0.0
2024-07-10 14:30:00-04:00,7.570000171661377,7.570000171661377,7.5644001960754395,7.570000171661377,5595,0.0,0.0
2024-07-10 14:35:00-04:00,7.570000171661377,7.579899787902832,7.570000171661377,7.579899787902832,2852,0.0,0.0
2024-07-10 14:40:00-04:00,7.574999809265137,7.579999923706055,7.574999809265137,7.579999923706055,1392,0.0,0.0
2024-07-10 14:45:00-04:00,7.579999923706055,7.579999923706055,7.574999809265137,7.574999809265137,2992,0.0,0.0
2024-07-10 14:50:00-04:00,7.579999923706055,7.579999923706055,7.574999809265137,7.574999809265137,1491,0.0,0.0
2024-07-10 14:55:00-04:00,7.574999809265137,7.585000038146973,7.574999809265137,7.579999923706055,6953,0.0,0.0
2024-07-10 15:00:00-04:00,7.574999809265137,7.574999809265137,7.559999942779541,7.570000171661377,7760,0.0,0.0
2024-07-10 15:05:00-04:00,7.574999809265137,7.579999923706055,7.574999809265137,7.574999809265137,842,0.0,0.0
2024-07-10 15:10:00-04:00,7.574999809265137,7.585000038146973,7.574999809265137,7.585000038146973,8691,0.0,0.0
2024-07-10 15:15:00-04:00,7.585000038146973,7.585000038146973,7.574999809265137,7.574999809265137,3713,0.0,0.0
2024-07-10 15:20:00-04:00,7.570000171661377,7.574999809265137,7.570000171661377,7.570000171661377,2276,0.0,0.0
2024-07-10 15:25:00-04:00,7.570000171661377,7.570000171661377,7.559999942779541,7.565000057220459,3909,0.0,0.0
2024-07-10 15:30:00-04:00,7.559999942779541,7.570000171661377,7.559999942779541,7.559999942779541,7517,0.0,0.0
2024-07-10 15:35:00-04:00,7.559999942779541,7.559999942779541,7.545000076293945,7.554999828338623,10992,0.0,0.0
2024-07-10 15:40:00-04:00,7.559999942779541,7.559999942779541,7.545000076293945,7.545000076293945,6264,0.0,0.0
2024-07-10 15:45:00-04:00,7.545000076293945,7.559999942779541,7.539999961853027,7.550000190734863,12657,0.0,0.0
2024-07-10 15:50:00-04:00,7.554999828338623,7.570000171661377,7.514999866485596,7.514999866485596,63659,0.0,0.0
2024-07-10 15:55:00-04:00,7.519999980926514,7.519999980926514,7.46999979019165,7.46999979019165,152128,0.0,0.0
2024-07-11 09:30:00-04:00,7.710000038146973,7.789999961853027,7.684999942779541,7.750999927520752,40395,0.0,0.0
2024-07-11 09:35:00-04:00,7.739999771118164,7.739999771118164,7.718299865722656,7.720300197601318,1750,0.0,0.0
2024-07-11 09:40:00-04:00,7.739999771118164,7.739999771118164,7.699999809265137,7.730000019073486,3584,0.0,0.0
2024-07-11 09:45:00-04:00,7.730000019073486,7.735000133514404,7.71999979019165,7.730000019073486,2800,0.0,0.0
2024-07-11 09:50:00-04:00,7.730000019073486,7.7403998374938965,7.724999904632568,7.739999771118164,4642,0.0,0.0
2024-07-11 09:55:00-04:00,7.739999771118164,7.760000228881836,7.730000019073486,7.760000228881836,4845,0.0,0.0
2024-07-11 10:00:00-04:00,7.764999866485596,7.809999942779541,7.764999866485596,7.804999828338623,15134,0.0,0.0
2024-07-11 10:05:00-04:00,7.804999828338623,7.820000171661377,7.800000190734863,7.820000171661377,7146,0.0,0.0
2024-07-11 10:10:00-04:00,7.829999923706055,7.860000133514404,7.829999923706055,7.860000133514404,17064,0.0,0.0
2024-07-11 10:15:00-04:00,7.855000019073486,7.869999885559082,7.824999809265137,7.829999923706055,10264,0.0,0.0
2024-07-11 10:20:00-04:00,7.820000171661377,7.849999904632568,7.820000171661377,7.849999904632568,3809,0.0,0.0
2024-07-11 10:25:00-04:00,7.840000152587891,7.855000019073486,7.829999923706055,7.829999923706055,4443,0.0,0.0
2024-07-11 10:30:00-04:00,7.835000038146973,7.860000133514404,7.829999923706055,7.840000152587891,6848,0.0,0.0
2024-07-11 10:35:00-04:00,7.829999923706055,7.840000152587891,7.820000171661377,7.829999923706055,2798,0.0,0.0
2024-07-11 10:40:00-04:00,7.829999923706055,7.835000038146973,7.820000171661377,7.820000171661377,3709,0.0,0.0
2024-07-11 10:45:00-04:00,7.820000171661377,7.840000152587891,7.820000171661377,7.840000152587891,2236,0.0,0.0
2024-07-11 10:50:00-04:00,7.840000152587891,7.880000114440918,7.840000152587891,7.860000133514404,13584,0.0,0.0
2024-07-11 10:55:00-04:00,7.864999771118164,7.90500020980835,7.864999771118164,7.90500020980835,17494,0.0,0.0
2024-07-11 11:00:00-04:00,7.909999847412109,7.934999942779541,7.900000095367432,7.929999828338623,15938,0.0,0.0
2024-07-11 11:05:00-04:00,7.929999828338623,7.969099998474121,7.929999828338623,7.969099998474121,8059,0.0,0.0
2024-07-11 11:10:00-04:00,7.96999979019165,7.985000133514404,7.96999979019165,7.96999979019165,9849,0.0,0.0
2024-07-11 11:15:00-04:00,7.96999979019165,7.96999979019165,7.929999828338623,7.929999828338623,5195,0.0,0.0
2024-07-11 11:20:00-04:00,7.929999828338623,7.934999942779541,7.929999828338623,7.929999828338623,2994,0.0,0.0
2024-07-11 11:25:00-04:00,7.940000057220459,7.9532999992370605,7.934999942779541,7.940000057220459,12700,0.0,0.0
2024-07-11 11:30:00-04:00,7.934999942779541,7.934999942779541,7.929999828338623,7.934999942779541,4434,0.0,0.0
2024-07-11 11:35:00-04:00,7.935999870300293,7.949999809265137,7.929999828338623,7.945000171661377,3817,0.0,0.0
2024-07-11 11:40:00-04:00,7.949999809265137,7.965000152587891,7.945000171661377,7.949999809265137,6990,0.0,0.0
2024-07-11 11:45:00-04:00,7.960000038146973,7.965000152587891,7.940000057220459,7.940000057220459,12925,0.0,0.0
2024-07-11 11:50:00-04:00,7.940000057220459,7.940000057220459,7.929999828338623,7.929999828338623,4019,0.0,0.0
2024-07-11 11:55:00-04:00,7.929999828338623,7.930099964141846,7.929999828338623,7.930099964141846,575,0.0,0.0
2024-07-11 12:00:00-04:00,7.934999942779541,7.940000057220459,7.920000076293945,7.940000057220459,10460,0.0,0.0
2024-07-11 12:05:00-04:00,7.940000057220459,7.940000057220459,7.938799858093262,7.940000057220459,6871,0.0,0.0
2024-07-11 12:10:00-04:00,7.949999809265137,7.949999809265137,7.940000057220459,7.940000057220459,4072,0.0,0.0
2024-07-11 12:15:00-04:00,7.929999828338623,7.945000171661377,7.929999828338623,7.929999828338623,10877,0.0,0.0
2024-07-11 12:20:00-04:00,7.925000190734863,7.926300048828125,7.920000076293945,7.924200057983398,2906,0.0,0.0
2024-07-11 12:25:00-04:00,7.925000190734863,7.940000057220459,7.925000190734863,7.940000057220459,3006,0.0,0.0
2024-07-11 12:30:00-04:00,7.940000057220459,7.960000038146973,7.940000057220459,7.960000038146973,7561,0.0,0.0
2024-07-11 12:35:00-04:00,7.954999923706055,7.954999923706055,7.949999809265137,7.949999809265137,6203,0.0,0.0
2024-07-11 12:40:00-04:00,7.945000171661377,7.945000171661377,7.934999942779541,7.934999942779541,2588,0.0,0.0
2024-07-11 12:45:00-04:00,7.934999942779541,7.934999942779541,7.925000190734863,7.925000190734863,2221,0.0,0.0
2024-07-11 12:50:00-04:00,7.925000190734863,7.945000171661377,7.925000190734863,7.940000057220459,5507,0.0,0.0
2024-07-11 12:55:00-04:00,7.949999809265137,7.960000038146973,7.945000171661377,7.95989990234375,8048,0.0,0.0
2024-07-11 13:00:00-04:00,7.949999809265137,7.954999923706055,7.945000171661377,7.949999809265137,4503,0.0,0.0
2024-07-11 13:05:00-04:00,7.940000057220459,7.960000038146973,7.940000057220459,7.960000038146973,5636,0.0,0.0
2024-07-11 13:10:00-04:00,7.960000038146973,7.965000152587891,7.960000038146973,7.960000038146973,1242,0.0,0.0
2024-07-11 13:15:00-04:00,7.965000152587891,7.974999904632568,7.960000038146973,7.960000038146973,12683,0.0,0.0
2024-07-11 13:20:00-04:00,7.96999979019165,7.96999979019165,7.965000152587891,7.965000152587891,1262,0.0,0.0
2024-07-11 13:25:00-04:00,7.96999979019165,7.994999885559082,7.96999979019165,7.985000133514404,6189,0.0,0.0
2024-07-11 13:30:00-04:00,7.980000019073486,7.985000133514404,7.96999979019165,7.974999904632568,4954,0.0,0.0
2024-07-11 13:35:00-04:00,7.974999904632568,7.985000133514404,7.974999904632568,7.980000019073486,5175,0.0,0.0
2024-07-11 13:40:00-04:00,7.989999771118164,7.994999885559082,7.989999771118164,7.994999885559082,1813,0.0,0.0
2024-07-11 13:45:00-04:00,7.9944000244140625,7.994999885559082,7.985000133514404,7.989999771118164,5185,0.0,0.0
2024-07-11 13:50:00-04:00,8.0,8.0,7.989999771118164,7.994999885559082,2889,0.0,0.0
2024-07-11 13:55:00-04:00,8.0,8.010000228881836,7.994999885559082,8.005000114440918,14717,0.0,0.0
2024-07-11 14:00:00-04:00,8.0,8.0,7.989999771118164,7.989999771118164,7333,0.0,0.0
2024-07-11 14:05:00-04:00,7.994999885559082,8.010000228881836,7.994999885559082,8.010000228881836,5647,0.0,0.0
2024-07-11 14:10:00-04:00,8.0,8.010000228881836,7.954999923706055,7.960000038146973,14602,0.0,0.0
2024-07-11 14:15:00-04:00,7.960000038146973,7.960000038146973,7.956099987030029,7.956099987030029,1667,0.0,0.0
2024-07-11 14:20:00-04:00,7.954999923706055,7.960000038146973,7.940000057220459,7.960000038146973,9524,0.0,0.0
2024-07-11 14:25:00-04:00,7.960000038146973,7.960000038146973,7.940000057220459,7.949999809265137,5224,0.0,0.0
2024-07-11 14:30:00-04:00,7.949999809265137,7.965000152587891,7.949999809265137,7.958700180053711,4070,0.0,0.0
2024-07-11 14:35:00-04:00,7.954999923706055,7.954999923706055,7.945000171661377,7.949999809265137,4324,0.0,0.0
2024-07-11 14:40:00-04:00,7.949999809265137,7.960000038146973,7.945000171661377,7.954999923706055,2334,0.0,0.0
2024-07-11 14:45:00-04:00,7.954999923706055,7.960000038146973,7.949999809265137,7.954999923706055,2839,0.0,0.0
2024-07-11 14:50:00-04:00,7.954999923706055,7.965000152587891,7.949999809265137,7.954999923706055,13581,0.0,0.0
2024-07-11 14:55:00-04:00,7.960000038146973,7.96999979019165,7.960000038146973,7.96999979019165,7382,0.0,0.0
2024-07-11 15:00:00-04:00,7.960000038146973,7.989999771118164,7.960000038146973,7.989999771118164,7092,0.0,0.0
2024-07-11 15:05:00-04:00,7.989999771118164,7.994999885559082,7.985000133514404,7.985000133514404,4984,0.0,0.0
2024-07-11 15:10:00-04:00,7.980000019073486,7.989999771118164,7.96999979019165,7.974999904632568,11576,0.0,0.0
2024-07-11 15:15:00-04:00,7.970900058746338,8.0,7.970900058746338,7.994999885559082,4500,0.0,0.0
2024-07-11 15:20:00-04:00,7.989999771118164,7.994999885559082,7.980000019073486,7.985000133514404,15412,0.0,0.0
2024-07-11 15:25:00-04:00,7.985000133514404,7.989999771118164,7.980000019073486,7.985000133514404,3152,0.0,0.0
2024-07-11 15:30:00-04:00,7.985000133514404,8.010000228881836,7.978899955749512,8.005000114440918,13061,0.0,0.0
2024-07-11 15:35:00-04:00,8.010000228881836,8.050000190734863,8.010000228881836,8.045000076293945,21041,0.0,0.0
2024-07-11 15:40:00-04:00,8.050000190734863,8.055000305175781,8.039999961853027,8.045000076293945,26059,0.0,0.0
2024-07-11 15:45:00-04:00,8.045000076293945,8.0600004196167,8.039999961853027,8.0600004196167,20817,0.0,0.0
2024-07-11 15:50:00-04:00,8.0600004196167,8.069999694824219,8.055000305175781,8.055000305175781,26859,0.0,0.0
2024-07-11 15:55:00-04:00,8.055000305175781,8.0600004196167,8.029999732971191,8.03499984741211,89962,0.0,0.0
2024-07-12 09:30:00-04:00,8.140000343322754,8.180000305175781,8.100000381469727,8.170000076293945,14747,0.0,0.0
2024-07-12 09:35:00-04:00,8.154999732971191,8.182000160217285,8.152000427246094,8.152000427246094,10819,0.0,0.0
2024-07-12 09:40:00-04:00,8.170000076293945,8.170000076293945,8.09000015258789,8.109999656677246,7036,0.0,0.0
2024-07-12 09:45:00-04:00,8.109999656677246,8.119999885559082,8.109999656677246,8.119999885559082,1884,0.0,0.0
2024-07-12 09:50:00-04:00,8.119999885559082,8.130000114440918,8.109999656677246,8.119999885559082,2252,0.0,0.0
2024-07-12 09:55:00-04:00,8.119999885559082,8.135000228881836,8.119999885559082,8.125,2370,0.0,0.0
2024-07-12 10:00:00-04:00,8.119999885559082,8.164999961853027,8.119999885559082,8.164999961853027,6749,0.0,0.0
2024-07-12 10:05:00-04:00,8.164999961853027,8.1899995803833,8.154999732971191,8.15999984741211,9356,0.0,0.0
2024-07-12 10:10:00-04:00,8.149999618530273,8.180000305175781,8.149999618530273,8.175000190734863,5199,0.0,0.0
2024-07-12 10:15:00-04:00,8.180000305175781,8.220000267028809,8.180000305175781,8.21500015258789,5563,0.0,0.0
2024-07-12 10:20:00-04:00,8.21500015258789,8.220000267028809,8.1899995803833,8.1899995803833,7762,0.0,0.0
2024-07-12 10:25:00-04:00,8.194999694824219,8.199999809265137,8.175000190734863,8.1899995803833,12722,0.0,0.0
2024-07-12 10:30:00-04:00,8.1899995803833,8.199999809265137,8.154999732971191,8.154999732971191,5500,0.0,0.0
2024-07-12 10:35:00-04:00,8.149999618530273,8.170000076293945,8.140000343322754,8.140000343322754,4470,0.0,0.0
2024-07-12 10:40:00-04:00,8.140000343322754,8.140000343322754,8.114999771118164,8.130000114440918,5998,0.0,0.0
2024-07-12 10:45:00-04:00,8.119999885559082,8.119999885559082,8.079999923706055,8.091099739074707,8895,0.0,0.0
2024-07-12 10:50:00-04:00,8.095000267028809,8.100000381469727,8.085000038146973,8.100000381469727,7631,0.0,0.0
2024-07-12 10:55:00-04:00,8.104999542236328,8.125,8.104999542236328,8.109999656677246,4981,0.0,0.0
2024-07-12 11:00:00-04:00,8.109999656677246,8.130000114440918,8.109999656677246,8.125,4326,0.0,0.0
2024-07-12 11:05:00-04:00,8.125,8.125,8.109999656677246,8.119999885559082,3114,0.0,0.0
2024-07-12 11:10:00-04:00,8.119999885559082,8.125,8.109999656677246,8.123800277709961,5522,0.0,0.0
2024-07-12 11:15:00-04:00,8.130000114440918,8.130000114440918,8.112799644470215,8.112799644470215,2895,0.0,0.0
2024-07-12 11:20:00-04:00,8.109999656677246,8.109999656677246,8.10099983215332,8.10099983215332,5171,0.0,0.0
2024-07-12 11:25:00-04:00,8.109999656677246,8.109999656677246,8.095000267028809,8.104999542236328,3476,0.0,0.0
2024-07-12 11:30:00-04:00,8.104999542236328,8.104999542236328,8.100000381469727,8.100000381469727,1795,0.0,0.0
2024-07-12 11:35:00-04:00,8.09000015258789,8.095000267028809,8.09000015258789,8.095000267028809,622,0.0,0.0
2024-07-12 11:40:00-04:00,8.100000381469727,8.104999542236328,8.095000267028809,8.100000381469727,3672,0.0,0.0
2024-07-12 11:45:00-04:00,8.100000381469727,8.109999656677246,8.095000267028809,8.104999542236328,7000,0.0,0.0
2024-07-12 11:50:00-04:00,8.104999542236328,8.109999656677246,8.100000381469727,8.104999542236328,4399,0.0,0.0
2024-07-12 11:55:00-04:00,8.104999542236328,8.104999542236328,8.100000381469727,8.100000381469727,477,0.0,0.0
2024-07-12 12:00:00-04:00,8.100000381469727,8.100000381469727,8.09000015258789,8.095000267028809,3795,0.0,0.0
2024-07-12 12:05:00-04:00,8.100000381469727,8.114999771118164,8.100000381469727,8.100000381469727,4742,0.0,0.0
2024-07-12 12:10:00-04:00,8.104999542236328,8.104999542236328,8.079999923706055,8.079999923706055,4069,0.0,0.0
2024-07-12 12:15:00-04:00,8.09000015258789,8.104999542236328,8.09000015258789,8.104999542236328,6301,0.0,0.0
2024-07-12 12:20:00-04:00,8.104999542236328,8.104999542236328,8.100000381469727,8.100000381469727,1487,0.0,0.0
2024-07-12 12:25:00-04:00,8.095000267028809,8.104999542236328,8.095000267028809,8.101900100708008,3985,0.0,0.0
2024-07-12 12:30:00-04:00,8.100000381469727,8.100000381469727,8.085000038146973,8.09000015258789,5183,0.0,0.0
2024-07-12 12:35:00-04:00,8.09000015258789,8.09000015258789,8.0802001953125,8.085000038146973,1539,0.0,0.0
2024-07-12 12:40:00-04:00,8.09000015258789,8.095000267028809,8.09000015258789,8.09000015258789,4245,0.0,0.0
2024-07-12 12:45:00-04:00,8.095000267028809,8.109999656677246,8.095000267028809,8.100000381469727,6532,0.0,0.0
2024-07-12 12:50:00-04:00,8.104999542236328,8.130000114440918,8.101300239562988,8.130000114440918,6379,0.0,0.0
2024-07-12 12:55:00-04:00,8.130000114440918,8.140000343322754,8.130000114440918,8.135000228881836,4989,0.0,0.0
2024-07-12 13:00:00-04:00,8.140000343322754,8.140000343322754,8.135000228881836,8.140000343322754,965,0.0,0.0
2024-07-12 13:05:00-04:00,8.130000114440918,8.145000457763672,8.130000114440918,8.145000457763672,10094,0.0,0.0
2024-07-12 13:10:00-04:00,8.140999794006348,8.149999618530273,8.135000228881836,8.135000228881836,8036,0.0,0.0
2024-07-12 13:15:00-04:00,8.135000228881836,8.140000343322754,8.130000114440918,8.140000343322754,4907,0.0,0.0
2024-07-12 13:20:00-04:00,8.149999618530273,8.15999984741211,8.140000343322754,8.154999732971191,31683,0.0,0.0
2024-07-12 13:25:00-04:00,8.154999732971191,8.154999732971191,8.145000457763672,8.145000457763672,3568,0.0,0.0
2024-07-12 13:30:00-04:00,8.145000457763672,8.15999984741211,8.145000457763672,8.145000457763672,59021,0.0,0.0
2024-07-12 13:35:00-04:00,8.149999618530273,8.180000305175781,8.145000457763672,8.180000305175781,5938,0.0,0.0
2024-07-12 13:40:00-04:00,8.180000305175781,8.180000305175781,8.130000114440918,8.130000114440918,13865,0.0,0.0
2024-07-12 13:45:00-04:00,8.130000114440918,8.130000114440918,8.125,8.130000114440918,1097,0.0,0.0
2024-07-12 13:50:00-04:00,8.125,8.130000114440918,8.125,8.125,1871,0.0,0.0
2024-07-12 13:55:00-04:00,8.119999885559082,8.135000228881836,8.114999771118164,8.114999771118164,5555,0.0,0.0
2024-07-12 14:00:00-04:00,8.114999771118164,8.130000114440918,8.114999771118164,8.125,6734,0.0,0.0
2024-07-12 14:05:00-04:00,8.130000114440918,8.140000343322754,8.130000114440918,8.140000343322754,1085,0.0,0.0
2024-07-12 14:10:00-04:00,8.145000457763672,8.145000457763672,8.140000343322754,8.145000457763672,1494,0.0,0.0
2024-07-12 14:15:00-04:00,8.145000457763672,8.154999732971191,8.145000457763672,8.149999618530273,4865,0.0,0.0
2024-07-12 14:20:00-04:00,8.145000457763672,8.149999618530273,8.141300201416016,8.145000457763672,1683,0.0,0.0
2024-07-12 14:25:00-04:00,8.145000457763672,8.175000190734863,8.141500473022461,8.175000190734863,54754,0.0,0.0
2024-07-12 14:30:00-04:00,8.175000190734863,8.175000190734863,8.149999618530273,8.154999732971191,10237,0.0,0.0
2024-07-12 14:35:00-04:00,8.154999732971191,8.15999984741211,8.145000457763672,8.145000457763672,10040,0.0,0.0
2024-07-12 14:40:00-04:00,8.145000457763672,8.154999732971191,8.143600463867188,8.154999732971191,7446,0.0,0.0
2024-07-12 14:45:00-04:00,8.15999984741211,8.15999984741211,8.145000457763672,8.149999618530273,1854,0.0,0.0
2024-07-12 14:50:00-04:00,8.140000343322754,8.149999618530273,8.140000343322754,8.149999618530273,1414,0.0,0.0
2024-07-12 14:55:00-04:00,8.145000457763672,8.15999984741211,8.145000457763672,8.145000457763672,5101,0.0,0.0
2024-07-12 15:00:00-04:00,8.149999618530273,8.164999961853027,8.145000457763672,8.15999984741211,26383,0.0,0.0
2024-07-12 15:05:00-04:00,8.15999984741211,8.15999984741211,8.140000343322754,8.140000343322754,3852,0.0,0.0
2024-07-12 15:10:00-04:00,8.140000343322754,8.149999618530273,8.135000228881836,8.145000457763672,11515,0.0,0.0
2024-07-12 15:15:00-04:00,8.149999618530273,8.154999732971191,8.130000114440918,8.130000114440918,19239,0.0,0.0
2024-07-12 15:20:00-04:00,8.135000228881836,8.140000343322754,8.129899978637695,8.130000114440918,7039,0.0,0.0
2024-07-12 15:25:00-04:00,8.125,8.125,8.114999771118164,8.114999771118164,4784,0.0,0.0
2024-07-12 15:30:00-04:00,8.119999885559082,8.119999885559082,8.095000267028809,8.114999771118164,17443,0.0,0.0
2024-07-12 15:35:00-04:00,8.109999656677246,8.109999656677246,8.095000267028809,8.100000381469727,9063,0.0,0.0
2024-07-12 15:40:00-04:00,8.095000267028809,8.100000381469727,8.079999923706055,8.079999923706055,7256,0.0,0.0
2024-07-12 15:45:00-04:00,8.085000038146973,8.09000015258789,8.069999694824219,8.069999694824219,12800,0.0,0.0
2024-07-12 15:50:00-04:00,8.069999694824219,8.069999694824219,8.039999961853027,8.039999961853027,35481,0.0,0.0
2024-07-12 15:55:00-04:00,8.039999961853027,8.039999961853027,8.010000228881836,8.029999732971191,78465,0.0,0.0
2024-07-15 09:30:00-04:00,8.149999618530273,8.220000267028809,8.120100021362305,8.130000114440918,20679,0.0,0.0
2024-07-15 09:35:00-04:00,8.109999656677246,8.149999618530273,8.100000381469727,8.119999885559082,10051,0.0,0.0
2024-07-15 09:40:00-04:00,8.095499992370605,8.114999771118164,8.069999694824219,8.109999656677246,4270,0.0,0.0
2024-07-15 09:45:00-04:00,8.104999542236328,8.119999885559082,8.100000381469727,8.119999885559082,3436,0.0,0.0
2024-07-15 09:50:00-04:00,8.125,8.125,8.100000381469727,8.125,4026,0.0,0.0
2024-07-15 09:55:00-04:00,8.125,8.149999618530273,8.119999885559082,8.149999618530273,1731,0.0,0.0
2024-07-15 10:00:00-04:00,8.149999618530273,8.170000076293945,8.140000343322754,8.149999618530273,4665,0.0,0.0
2024-07-15 10:05:00-04:00,8.149999618530273,8.170000076293945,8.135000228881836,8.15999984741211,5003,0.0,0.0
2024-07-15 10:10:00-04:00,8.15999984741211,8.15999984741211,8.140000343322754,8.149999618530273,4874,0.0,0.0
2024-07-15 10:15:00-04:00,8.149999618530273,8.15999984741211,8.135000228881836,8.15999984741211,2350,0.0,0.0
2024-07-15 10:20:00-04:00,8.15999984741211,8.170000076293945,8.15999984741211,8.170000076293945,1189,0.0,0.0
2024-07-15 10:25:00-04:00,8.175000190734863,8.180000305175781,8.175000190734863,8.180000305175781,3995,0.0,0.0
2024-07-15 10:30:00-04:00,8.1899995803833,8.199999809265137,8.170000076293945,8.199999809265137,4691,0.0,0.0
2024-07-15 10:35:00-04:00,8.194999694824219,8.194999694824219,8.170000076293945,8.180000305175781,2895,0.0,0.0
2024-07-15 10:40:00-04:00,8.1899995803833,8.1899995803833,8.175000190734863,8.180000305175781,2495,0.0,0.0
2024-07-15 10:45:00-04:00,8.175000190734863,8.1899995803833,8.175000190734863,8.1899995803833,3565,0.0,0.0
2024-07-15 10:50:00-04:00,8.1850004196167,8.194999694824219,8.1850004196167,8.194999694824219,4443,0.0,0.0
2024-07-15 10:55:00-04:00,8.1899995803833,8.1899995803833,8.175000190734863,8.1899995803833,3631,0.0,0.0
2024-07-15 11:00:00-04:00,8.1899995803833,8.204999923706055,8.1899995803833,8.204999923706055,1753,0.0,0.0
2024-07-15 11:05:00-04:00,8.210000038146973,8.220000267028809,8.204999923706055,8.21500015258789,3758,0.0,0.0
2024-07-15 11:10:00-04:00,8.21500015258789,8.225000381469727,8.21500015258789,8.225000381469727,4310,0.0,0.0
2024-07-15 11:15:00-04:00,8.225000381469727,8.229999542236328,8.225000381469727,8.229999542236328,3294,0.0,0.0
2024-07-15 11:20:00-04:00,8.234999656677246,8.260000228881836,8.234999656677246,8.260000228881836,5575,0.0,0.0
2024-07-15 11:25:00-04:00,8.265000343322754,8.265000343322754,8.244999885559082,8.244999885559082,2447,0.0,0.0
2024-07-15 11:30:00-04:00,8.239999771118164,8.239999771118164,8.21500015258789,8.21500015258789,4834,0.0,0.0
2024-07-15 11:35:00-04:00,8.21500015258789,8.239999771118164,8.21500015258789,8.239999771118164,3082,0.0,0.0
2024-07-15 11:40:00-04:00,8.234999656677246,8.239999771118164,8.225000381469727,8.234999656677246,4280,0.0,0.0
2024-07-15 11:45:00-04:00,8.229999542236328,8.230199813842773,8.225000381469727,8.225000381469727,3189,0.0,0.0
2024-07-15 11:50:00-04:00,8.225000381469727,8.234999656677246,8.225000381469727,8.234999656677246,1615,0.0,0.0
2024-07-15 11:55:00-04:00,8.234999656677246,8.25,8.234999656677246,8.25,2745,0.0,0.0
2024-07-15 12:00:00-04:00,8.239999771118164,8.239999771118164,8.225000381469727,8.229999542236328,2940,0.0,0.0
2024-07-15 12:05:00-04:00,8.210000038146973,8.210000038146973,8.194999694824219,8.199999809265137,3429,0.0,0.0
2024-07-15 12:10:00-04:00,8.199999809265137,8.199999809265137,8.170000076293945,8.175000190734863,2129,0.0,0.0
2024-07-15 12:15:00-04:00,8.175000190734863,8.180000305175781,8.175000190734863,8.175000190734863,3070,0.0,0.0
2024-07-15 12:20:00-04:00,8.175000190734863,8.180000305175781,8.164999961853027,8.180000305175781,2141,0.0,0.0
2024-07-15 12:25:00-04:00,8.180000305175781,8.1850004196167,8.164999961853027,8.164999961853027,11769,0.0,0.0
2024-07-15 12:30:00-04:00,8.15999984741211,8.164999961853027,8.154999732971191,8.15999984741211,2179,0.0,0.0
2024-07-15 12:35:00-04:00,8.154999732971191,8.164999961853027,8.154999732971191,8.164999961853027,1739,0.0,0.0
2024-07-15 12:40:00-04:00,8.15999984741211,8.170000076293945,8.154999732971191,8.154999732971191,6463,0.0,0.0
2024-07-15 12:45:00-04:00,8.149999618530273,8.149999618530273,8.130000114440918,8.140000343322754,2588,0.0,0.0
2024-07-15 12:50:00-04:00,8.145000457763672,8.145000457763672,8.125,8.130000114440918,2482,0.0,0.0
2024-07-15 12:55:00-04:00,8.140000343322754,8.140000343322754,8.135000228881836,8.135000228881836,2116,0.0,0.0
2024-07-15 13:00:00-04:00,8.135000228881836,8.135000228881836,8.114999771118164,8.114999771118164,2161,0.0,0.0
2024-07-15 13:05:00-04:00,8.114999771118164,8.135000228881836,8.114999771118164,8.135000228881836,1947,0.0,0.0
2024-07-15 13:10:00-04:00,8.130000114440918,8.130000114440918,8.119999885559082,8.119999885559082,1159,0.0,0.0
2024-07-15 13:15:00-04:00,8.130000114440918,8.149999618530273,8.130000114440918,8.149999618530273,5455,0.0,0.0
2024-07-15 13:20:00-04:00,8.145000457763672,8.149999618530273,8.135000228881836,8.149999618530273,3640,0.0,0.0
2024-07-15 13:25:00-04:00,8.154999732971191,8.154999732971191,8.140000343322754,8.140000343322754,2891,0.0,0.0
2024-07-15 13:30:00-04:00,8.140000343322754,8.140000343322754,8.125,8.130000114440918,2025,0.0,0.0
2024-07-15 13:35:00-04:00,8.135000228881836,8.149999618530273,8.135000228881836,8.149999618530273,1649,0.0,0.0
2024-07-15 13:40:00-04:00,8.154999732971191,8.175000190734863,8.154999732971191,8.175000190734863,934,0.0,0.0
2024-07-15 13:45:00-04:00,8.175000190734863,8.180000305175781,8.154999732971191,8.154999732971191,5346,0.0,0.0
2024-07-15 13:50:00-04:00,8.149999618530273,8.170000076293945,8.149999618530273,8.170000076293945,3937,0.0,0.0
2024-07-15 13:55:00-04:00,8.175000190734863,8.180000305175781,8.164999961853027,8.164999961853027,3284,0.0,0.0
2024-07-15 14:00:00-04:00,8.15999984741211,8.1899995803833,8.15999984741211,8.1850004196167,2522,0.0,0.0
2024-07-15 14:05:00-04:00,8.1850004196167,8.1899995803833,8.175000190734863,8.180000305175781,6588,0.0,0.0
2024-07-15 14:10:00-04:00,8.1899995803833,8.1899995803833,8.175000190734863,8.175000190734863,1967,0.0,0.0
2024-07-15 14:15:00-04:00,8.180000305175781,8.180000305175781,8.180000305175781,8.180000305175781,1721,0.0,0.0
2024-07-15 14:20:00-04:00,8.1899995803833,8.204999923706055,8.1850004196167,8.204999923706055,2956,0.0,0.0
2024-07-15 14:25:00-04:00,8.210000038146973,8.21500015258789,8.194999694824219,8.194999694824219,4570,0.0,0.0
2024-07-15 14:30:00-04:00,8.1899995803833,8.21500015258789,8.1899995803833,8.1899995803833,5790,0.0,0.0
2024-07-15 14:35:00-04:00,8.1850004196167,8.194999694824219,8.1850004196167,8.194999694824219,1901,0.0,0.0
2024-07-15 14:40:00-04:00,8.194999694824219,8.199999809265137,8.194999694824219,8.194999694824219,1852,0.0,0.0
2024-07-15 14:45:00-04:00,8.199999809265137,8.199999809265137,8.180100440979004,8.1850004196167,2836,0.0,0.0
2024-07-15 14:50:00-04:00,8.180000305175781,8.234999656677246,8.175000190734863,8.225000381469727,27105,0.0,0.0
2024-07-15 14:55:00-04:00,8.225000381469727,8.265000343322754,8.225000381469727,8.265000343322754,8629,0.0,0.0
2024-07-15 15:00:00-04:00,8.270000457763672,8.270000457763672,8.260000228881836,8.260000228881836,11086,0.0,0.0
2024-07-15 15:05:00-04:00,8.265000343322754,8.265000343322754,8.225000381469727,8.234999656677246,19353,0.0,0.0
2024-07-15 15:10:00-04:00,8.229999542236328,8.239999771118164,8.215200424194336,8.229999542236328,7899,0.0,0.0
2024-07-15 15:15:00-04:00,8.234999656677246,8.239999771118164,8.204999923706055,8.225000381469727,13860,0.0,0.0
2024-07-15 15:20:00-04:00,8.225000381469727,8.225799560546875,8.210000038146973,8.225000381469727,11875,0.0,0.0
2024-07-15 15:25:00-04:00,8.220000267028809,8.220000267028809,8.199999809265137,8.21500015258789,11008,0.0,0.0
2024-07-15 15:30:00-04:00,8.21500015258789,8.220000267028809,8.194999694824219,8.21500015258789,14860,0.0,0.0
2024-07-15 15:35:00-04:00,8.220000267028809,8.239999771118164,8.210000038146973,8.225000381469727,11158,0.0,0.0
2024-07-15 15:40:00-04:00,8.220000267028809,8.225000381469727,8.199999809265137,8.20199966430664,12556,0.0,0.0
2024-07-15 15:45:00-04:00,8.199999809265137,8.210000038146973,8.175000190734863,8.180000305175781,20858,0.0,0.0
2024-07-15 15:50:00-04:00,8.1850004196167,8.210000038146973,8.180000305175781,8.204999923706055,31144,0.0,0.0
2024-07-15 15:55:00-04:00,8.204999923706055,8.210000038146973,8.1899995803833,8.210000038146973,76158,0.0,0.0
2024-07-16 09:30:00-04:00,8.220000267028809,8.25,8.170000076293945,8.25,37471,0.0,0.0
2024-07-16 09:35:00-04:00,8.270000457763672,8.300000190734863,8.260000228881836,8.270000457763672,6366,0.0,0.0
2024-07-16 09:40:00-04:00,8.274999618530273,8.279999732971191,8.25,8.260000228881836,5088,0.0,0.0
2024-07-16 09:45:00-04:00,8.260000228881836,8.300000190734863,8.25,8.289999961853027,7360,0.0,0.0
2024-07-16 09:50:00-04:00,8.279999732971191,8.300000190734863,8.279999732971191,8.289999961853027,1512,0.0,0.0
2024-07-16 09:55:00-04:00,8.289999961853027,8.359999656677246,8.289999961853027,8.359999656677246,5831,0.0,0.0
2024-07-16 10:00:00-04:00,8.359999656677246,8.380000114440918,8.350000381469727,8.359999656677246,9402,0.0,0.0
2024-07-16 10:05:00-04:00,8.359999656677246,8.359999656677246,8.329899787902832,8.354999542236328,5977,0.0,0.0
2024-07-16 10:10:00-04:00,8.354999542236328,8.369999885559082,8.345000267028809,8.369999885559082,5670,0.0,0.0
2024-07-16 10:15:00-04:00,8.364999771118164,8.364999771118164,8.329999923706055,8.34000015258789,8147,0.0,0.0
2024-07-16 10:20:00-04:00,8.34000015258789,8.350000381469727,8.329700469970703,8.329999923706055,6617,0.0,0.0
2024-07-16 10:25:00-04:00,8.329999923706055,8.369999885559082,8.329999923706055,8.359999656677246,3782,0.0,0.0
2024-07-16 10:30:00-04:00,8.350000381469727,8.350000381469727,8.305000305175781,8.3149995803833,2538,0.0,0.0
2024-07-16 10:35:00-04:00,8.3149995803833,8.34000015258789,8.3100004196167,8.34000015258789,11699,0.0,0.0
2024-07-16 10:40:00-04:00,8.34000015258789,8.34000015258789,8.3100004196167,8.329999923706055,3241,0.0,0.0
2024-07-16 10:45:00-04:00,8.319999694824219,8.329999923706055,8.3149995803833,8.329999923706055,2651,0.0,0.0
2024-07-16 10:50:00-04:00,8.329999923706055,8.34000015258789,8.324999809265137,8.329999923706055,3715,0.0,0.0
2024-07-16 10:55:00-04:00,8.335000038146973,8.345000267028809,8.335000038146973,8.345000267028809,2210,0.0,0.0
2024-07-16 11:00:00-04:00,8.34000015258789,8.369999885559082,8.335000038146973,8.369999885559082,7482,0.0,0.0
2024-07-16 11:05:00-04:00,8.364999771118164,8.369999885559082,8.352800369262695,8.369999885559082,14810,0.0,0.0
2024-07-16 11:10:00-04:00,8.359999656677246,8.369999885559082,8.354999542236328,8.354999542236328,5433,0.0,0.0
2024-07-16 11:15:00-04:00,8.354999542236328,8.359999656677246,8.335000038146973,8.359999656677246,3989,0.0,0.0
2024-07-16 11:20:00-04:00,8.350000381469727,8.364999771118164,8.345000267028809,8.359999656677246,7213,0.0,0.0
2024-07-16 11:25:00-04:00,8.359999656677246,8.369999885559082,8.354999542236328,8.369999885559082,1535,0.0,0.0
2024-07-16 11:30:00-04:00,8.359999656677246,8.369999885559082,8.345000267028809,8.350000381469727,6610,0.0,0.0
2024-07-16 11:35:00-04:00,8.34000015258789,8.364999771118164,8.34000015258789,8.364999771118164,2829,0.0,0.0
2024-07-16 11:40:00-04:00,8.364999771118164,8.369999885559082,8.335000038146973,8.34000015258789,2452,0.0,0.0
2024-07-16 11:45:00-04:00,8.329999923706055,8.329999923706055,8.324999809265137,8.324999809265137,1569,0.0,0.0
2024-07-16 11:50:00-04:00,8.319999694824219,8.329999923706055,8.319999694824219,8.324999809265137,6251,0.0,0.0
2024-07-16 11:55:00-04:00,8.324999809265137,8.329999923706055,8.3100004196167,8.3149995803833,3334,0.0,0.0
2024-07-16 12:00:00-04:00,8.319999694824219,8.329999923706055,8.3149995803833,8.324999809265137,2355,0.0,0.0
2024-07-16 12:05:00-04:00,8.324999809265137,8.34000015258789,8.324999809265137,8.34000015258789,2027,0.0,0.0
2024-07-16 12:10:00-04:00,8.335000038146973,8.350000381469727,8.335000038146973,8.345000267028809,3113,0.0,0.0
2024-07-16 12:15:00-04:00,8.350000381469727,8.350000381469727,8.295000076293945,8.305000305175781,8053,0.0,0.0
2024-07-16 12:20:00-04:00,8.305000305175781,8.319999694824219,8.305000305175781,8.3100004196167,3294,0.0,0.0
2024-07-16 12:25:00-04:00,8.3100004196167,8.3100004196167,8.295000076293945,8.305000305175781,3978,0.0,0.0
2024-07-16 12:30:00-04:00,8.300000190734863,8.305000305175781,8.289999961853027,8.305000305175781,2978,0.0,0.0
2024-07-16 12:35:00-04:00,8.3100004196167,8.3149995803833,8.3100004196167,8.3149995803833,1785,0.0,0.0
2024-07-16 12:40:00-04:00,8.3149995803833,8.3149995803833,8.289999961853027,8.289999961853027,4547,0.0,0.0
2024-07-16 12:45:00-04:00,8.289999961853027,8.289999961853027,8.265000343322754,8.270000457763672,4377,0.0,0.0
2024-07-16 12:50:00-04:00,8.265000343322754,8.270000457763672,8.265000343322754,8.270000457763672,815,0.0,0.0
2024-07-16 12:55:00-04:00,8.265000343322754,8.270000457763672,8.260000228881836,8.260000228881836,2821,0.0,0.0
2024-07-16 13:00:00-04:00,8.260000228881836,8.270000457763672,8.25,8.265000343322754,3141,0.0,0.0
2024-07-16 13:05:00-04:00,8.270000457763672,8.289999961853027,8.270000457763672,8.28499984741211,6476,0.0,0.0
2024-07-16 13:10:00-04:00,8.28499984741211,8.289999961853027,8.274999618530273,8.274999618530273,3192,0.0,0.0
2024-07-16 13:15:00-04:00,8.274999618530273,8.274999618530273,8.265000343322754,8.270000457763672,4683,0.0,0.0
2024-07-16 13:20:00-04:00,8.270000457763672,8.28499984741211,8.270000457763672,8.270000457763672,4500,0.0,0.0
2024-07-16 13:25:00-04:00,8.265000343322754,8.270000457763672,8.255000114440918,8.255000114440918,2560,0.0,0.0
2024-07-16 13:30:00-04:00,8.255000114440918,8.279999732971191,8.255000114440918,8.274999618530273,3205,0.0,0.0
2024-07-16 13:35:00-04:00,8.279999732971191,8.300000190734863,8.279999732971191,8.289999961853027,3063,0.0,0.0
2024-07-16 13:40:00-04:00,8.289899826049805,8.319999694824219,8.28499984741211,8.319999694824219,4115,0.0,0.0
2024-07-16 13:45:00-04:00,8.3149995803833,8.3149995803833,8.303999900817871,8.3100004196167,2527,0.0,0.0
2024-07-16 13:50:00-04:00,8.305000305175781,8.3100004196167,8.295000076293945,8.3100004196167,4278,0.0,0.0
2024-07-16 13:55:00-04:00,8.3100004196167,8.319999694824219,8.305000305175781,8.305000305175781,2230,0.0,0.0
2024-07-16 14:00:00-04:00,8.300000190734863,8.319999694824219,8.300000190734863,8.3149995803833,3729,0.0,0.0
2024-07-16 14:05:00-04:00,8.319999694824219,8.34000015258789,8.3149995803833,8.34000015258789,2849,0.0,0.0
2024-07-16 14:10:00-04:00,8.335000038146973,8.350000381469727,8.329999923706055,8.329999923706055,6069,0.0,0.0
2024-07-16 14:15:00-04:00,8.324999809265137,8.335000038146973,8.319999694824219,8.329999923706055,4361,0.0,0.0
2024-07-16 14:20:00-04:00,8.319999694824219,8.324999809265137,8.3149995803833,8.324999809265137,3129,0.0,0.0
2024-07-16 14:25:00-04:00,8.319999694824219,8.335000038146973,8.3149995803833,8.335000038146973,4809,0.0,0.0
2024-07-16 14:30:00-04:00,8.335000038146973,8.345000267028809,8.335000038146973,8.335000038146973,4048,0.0,0.0
2024-07-16 14:35:00-04:00,8.329999923706055,8.335000038146973,8.329999923706055,8.329999923706055,5505,0.0,0.0
2024-07-16 14:40:00-04:00,8.34000015258789,8.34000015258789,8.324999809265137,8.329999923706055,3244,0.0,0.0
2024-07-16 14:45:00-04:00,8.319999694824219,8.324999809265137,8.3149995803833,8.324999809265137,4474,0.0,0.0
2024-07-16 14:50:00-04:00,8.324999809265137,8.324999809265137,8.3149995803833,8.324999809265137,4664,0.0,0.0
2024-07-16 14:55:00-04:00,8.324999809265137,8.335000038146973,8.324999809265137,8.324999809265137,8116,0.0,0.0
2024-07-16 15:00:00-04:00,8.329999923706055,8.335000038146973,8.319999694824219,8.335000038146973,6984,0.0,0.0
2024-07-16 15:05:00-04:00,8.329999923706055,8.335000038146973,8.319999694824219,8.335000038146973,5495,0.0,0.0
2024-07-16 15:10:00-04:00,8.335000038146973,8.369999885559082,8.335000038146973,8.354999542236328,9853,0.0,0.0
2024-07-16 15:15:00-04:00,8.350000381469727,8.350000381469727,8.335000038146973,8.345000267028809,5139,0.0,0.0
2024-07-16 15:20:00-04:00,8.34000015258789,8.34000015258789,8.324999809265137,8.324999809265137,3924,0.0,0.0
2024-07-16 15:25:00-04:00,8.324999809265137,8.345000267028809,8.324999809265137,8.345000267028809,6604,0.0,0.0
2024-07-16 15:30:00-04:00,8.350000381469727,8.369999885559082,8.350000381469727,8.354999542236328,11536,0.0,0.0
2024-07-16 15:35:00-04:00,8.359999656677246,8.390000343322754,8.359999656677246,8.385000228881836,6404,0.0,0.0
2024-07-16 15:40:00-04:00,8.390000343322754,8.399999618530273,8.385000228881836,8.390000343322754,20913,0.0,0.0
2024-07-16 15:45:00-04:00,8.385000228881836,8.390000343322754,8.350000381469727,8.375,49294,0.0,0.0
2024-07-16 15:50:00-04:00,8.375,8.399999618530273,8.364999771118164,8.390000343322754,28297,0.0,0.0
2024-07-16 15:55:00-04:00,8.390000343322754,8.40999984741211,8.369999885559082,8.369999885559082,101621,0.0,0.0
2024-07-17 09:30:00-04:00,8.300000190734863,8.4399995803833,8.300000190734863,8.4399995803833,18076,0.0,0.0
2024-07-17 09:35:00-04:00,8.420000076293945,8.479999542236328,8.420000076293945,8.470000267028809,4246,0.0,0.0
2024-07-17 09:40:00-04:00,8.460000038146973,8.470000267028809,8.444999694824219,8.470000267028809,3879,0.0,0.0
2024-07-17 09:45:00-04:00,8.489999771118164,8.59000015258789,8.489999771118164,8.59000015258789,42807,0.0,0.0
2024-07-17 09:50:00-04:00,8.59000015258789,8.649999618530273,8.59000015258789,8.640000343322754,22742,0.0,0.0
2024-07-17 09:55:00-04:00,8.645000457763672,8.645000457763672,8.630000114440918,8.638999938964844,3162,0.0,0.0
2024-07-17 10:00:00-04:00,8.630000114440918,8.640000343322754,8.576600074768066,8.585000038146973,29100,0.0,0.0
2024-07-17 10:05:00-04:00,8.585000038146973,8.600000381469727,8.569999694824219,8.574999809265137,6283,0.0,0.0
2024-07-17 10:10:00-04:00,8.600000381469727,8.609999656677246,8.539999961853027,8.555000305175781,12696,0.0,0.0
2024-07-17 10:15:00-04:00,8.550000190734863,8.569999694824219,8.545000076293945,8.5600004196167,8450,0.0,0.0
2024-07-17 10:20:00-04:00,8.5600004196167,8.569999694824219,8.550000190734863,8.550000190734863,7482,0.0,0.0
2024-07-17 10:25:00-04:00,8.555000305175781,8.59000015258789,8.555000305175781,8.59000015258789,8051,0.0,0.0
2024-07-17 10:30:00-04:00,8.579999923706055,8.640000343322754,8.579999923706055,8.609999656677246,88157,0.0,0.0
2024-07-17 10:35:00-04:00,8.609999656677246,8.619999885559082,8.5649995803833,8.569999694824219,15373,0.0,0.0
2024-07-17 10:40:00-04:00,8.5600004196167,8.59000015258789,8.5600004196167,8.59000015258789,2285,0.0,0.0
2024-07-17 10:45:00-04:00,8.59000015258789,8.625,8.59000015258789,8.609999656677246,11284,0.0,0.0
2024-07-17 10:50:00-04:00,8.600000381469727,8.630000114440918,8.600000381469727,8.630000114440918,3494,0.0,0.0
2024-07-17 10:55:00-04:00,8.625,8.640000343322754,8.600000381469727,8.609999656677246,11904,0.0,0.0
2024-07-17 11:00:00-04:00,8.579999923706055,8.609999656677246,8.569999694824219,8.600000381469727,9456,0.0,0.0
2024-07-17 11:05:00-04:00,8.609999656677246,8.630000114440918,8.602399826049805,8.630000114440918,5094,0.0,0.0
2024-07-17 11:10:00-04:00,8.635000228881836,8.635000228881836,8.609999656677246,8.619999885559082,4630,0.0,0.0
2024-07-17 11:15:00-04:00,8.619999885559082,8.649999618530273,8.600000381469727,8.649999618530273,10669,0.0,0.0
2024-07-17 11:20:00-04:00,8.645000457763672,8.645000457763672,8.600000381469727,8.600000381469727,9280,0.0,0.0
2024-07-17 11:25:00-04:00,8.604999542236328,8.619999885559082,8.604999542236328,8.614999771118164,5199,0.0,0.0
2024-07-17 11:30:00-04:00,8.609999656677246,8.619999885559082,8.609999656677246,8.614999771118164,3044,0.0,0.0
2024-07-17 11:35:00-04:00,8.614999771118164,8.625,8.59000015258789,8.625,16582,0.0,0.0
2024-07-17 11:40:00-04:00,8.625,8.625,8.604999542236328,8.609999656677246,6612,0.0,0.0
2024-07-17 11:45:00-04:00,8.609999656677246,8.619999885559082,8.600000381469727,8.619999885559082,8660,0.0,0.0
2024-07-17 11:50:00-04:00,8.619999885559082,8.625,8.604999542236328,8.604999542236328,6740,0.0,0.0
2024-07-17 11:55:00-04:00,8.609999656677246,8.635000228881836,8.609999656677246,8.635000228881836,13872,0.0,0.0
2024-07-17 12:00:00-04:00,8.630000114440918,8.630000114440918,8.600000381469727,8.604999542236328,12270,0.0,0.0
2024-07-17 12:05:00-04:00,8.604999542236328,8.607199668884277,8.59000015258789,8.59000015258789,7178,0.0,0.0
2024-07-17 12:10:00-04:00,8.579999923706055,8.585000038146973,8.5600004196167,8.5649995803833,4447,0.0,0.0
2024-07-17 12:15:00-04:00,8.569999694824219,8.574999809265137,8.550000190734863,8.5600004196167,13292,0.0,0.0
2024-07-17 12:20:00-04:00,8.5600004196167,8.5649995803833,8.5600004196167,8.5649995803833,2760,0.0,0.0
2024-07-17 12:25:00-04:00,8.5649995803833,8.585000038146973,8.5600004196167,8.5649995803833,63173,0.0,0.0
2024-07-17 12:30:00-04:00,8.5649995803833,8.5649995803833,8.5600004196167,8.5649995803833,7045,0.0,0.0
2024-07-17 12:35:00-04:00,8.569999694824219,8.595000267028809,8.569999694824219,8.569999694824219,13012,0.0,0.0
2024-07-17 12:40:00-04:00,8.5600004196167,8.569999694824219,8.5600004196167,8.5600004196167,4894,0.0,0.0
2024-07-17 12:45:00-04:00,8.5649995803833,8.5649995803833,8.550000190734863,8.555000305175781,10820,0.0,0.0
2024-07-17 12:50:00-04:00,8.555000305175781,8.555000305175781,8.524999618530273,8.545000076293945,17980,0.0,0.0
2024-07-17 12:55:00-04:00,8.550000190734863,8.5649995803833,8.550000190734863,8.555000305175781,12955,0.0,0.0
2024-07-17 13:00:00-04:00,8.555000305175781,8.555000305175781,8.524999618530273,8.529999732971191,5760,0.0,0.0
2024-07-17 13:05:00-04:00,8.53499984741211,8.539999961853027,8.5,8.539999961853027,3801,0.0,0.0
2024-07-17 13:10:00-04:00,8.529999732971191,8.53499984741211,8.489999771118164,8.494999885559082,216079,0.0,0.0
2024-07-17 13:15:00-04:00,8.494999885559082,8.494999885559082,8.470000267028809,8.479999542236328,9776,0.0,0.0
2024-07-17 13:20:00-04:00,8.470000267028809,8.5,8.46310043334961,8.479999542236328,13569,0.0,0.0
2024-07-17 13:25:00-04:00,8.475000381469727,8.489999771118164,8.470000267028809,8.489999771118164,4264,0.0,0.0
2024-07-17 13:30:00-04:00,8.489999771118164,8.510000228881836,8.470000267028809,8.470000267028809,12988,0.0,0.0
2024-07-17 13:35:00-04:00,8.470000267028809,8.5,8.460000038146973,8.5,6796,0.0,0.0
2024-07-17 13:40:00-04:00,8.5,8.520000457763672,8.479999542236328,8.520000457763672,15206,0.0,0.0
2024-07-17 13:45:00-04:00,8.515000343322754,8.520000457763672,8.484999656677246,8.484999656677246,14227,0.0,0.0
2024-07-17 13:50:00-04:00,8.484999656677246,8.489999771118164,8.460000038146973,8.46500015258789,15147,0.0,0.0
2024-07-17 13:55:00-04:00,8.460000038146973,8.479999542236328,8.460000038146973,8.460000038146973,8188,0.0,0.0
2024-07-17 14:00:00-04:00,8.460000038146973,8.46500015258789,8.444999694824219,8.444999694824219,19007,0.0,0.0
2024-07-17 14:05:00-04:00,8.444999694824219,8.460000038146973,8.444999694824219,8.454999923706055,10581,0.0,0.0
2024-07-17 14:10:00-04:00,8.454999923706055,8.460000038146973,8.4399995803833,8.4399995803833,18201,0.0,0.0
2024-07-17 14:15:00-04:00,8.444999694824219,8.479999542236328,8.4399995803833,8.479999542236328,310161,0.0,0.0
2024-07-17 14:20:00-04:00,8.479999542236328,8.494999885559082,8.460000038146973,8.460000038146973,16706,0.0,0.0
2024-07-17 14:25:00-04:00,8.460000038146973,8.5,8.460000038146973,8.4975004196167,7618,0.0,0.0
2024-07-17 14:30:00-04:00,8.489999771118164,8.489999771118164,8.449999809265137,8.449999809265137,16801,0.0,0.0
2024-07-17 14:35:00-04:00,8.454999923706055,8.460000038146973,8.449999809265137,8.449999809265137,2342,0.0,0.0
2024-07-17 14:40:00-04:00,8.449999809265137,8.489999771118164,8.449999809265137,8.484999656677246,9645,0.0,0.0
2024-07-17 14:45:00-04:00,8.484999656677246,8.5,8.470000267028809,8.489999771118164,15259,0.0,0.0
2024-07-17 14:50:00-04:00,8.489999771118164,8.4975004196167,8.479999542236328,8.489999771118164,7928,0.0,0.0
2024-07-17 14:55:00-04:00,8.484999656677246,8.484999656677246,8.420000076293945,8.439900398254395,20109,0.0,0.0
2024-07-17 15:00:00-04:00,8.430000305175781,8.454999923706055,8.430000305175781,8.444999694824219,7412,0.0,0.0
2024-07-17 15:05:00-04:00,8.444999694824219,8.479999542236328,8.444999694824219,8.470000267028809,100693,0.0,0.0
2024-07-17 15:10:00-04:00,8.46500015258789,8.484999656677246,8.46500015258789,8.475000381469727,7378,0.0,0.0
2024-07-17 15:15:00-04:00,8.475000381469727,8.484999656677246,8.454999923706055,8.460000038146973,20321,0.0,0.0
2024-07-17 15:20:00-04:00,8.46500015258789,8.46500015258789,8.449999809265137,8.460000038146973,12778,0.0,0.0
2024-07-17 15:25:00-04:00,8.449999809265137,8.475000381469727,8.4399995803833,8.470000267028809,14985,0.0,0.0
2024-07-17 15:30:00-04:00,8.46500015258789,8.470000267028809,8.4399995803833,8.4399995803833,22773,0.0,0.0
2024-07-17 15:35:00-04:00,8.449999809265137,8.454999923706055,8.4399995803833,8.454999923706055,11156,0.0,0.0
2024-07-17 15:40:00-04:00,8.454999923706055,8.454999923706055,8.430000305175781,8.4350004196167,26751,0.0,0.0
2024-07-17 15:45:00-04:00,8.4350004196167,8.454999923706055,8.414999961853027,8.420000076293945,41889,0.0,0.0
2024-07-17 15:50:00-04:00,8.414999961853027,8.420000076293945,8.354999542236328,8.369999885559082,90026,0.0,0.0
2024-07-17 15:55:00-04:00,8.369999885559082,8.390000343322754,8.354999542236328,8.390000343322754,164159,0.0,0.0
2024-07-18 09:30:00-04:00,8.300000190734863,8.380000114440918,8.100000381469727,8.369999885559082,15657,0.0,0.0
2024-07-18 09:35:00-04:00,8.34000015258789,8.420000076293945,8.34000015258789,8.40999984741211,3003,0.0,0.0
2024-07-18 09:40:00-04:00,8.399999618530273,8.40999984741211,8.380000114440918,8.390000343322754,4407,0.0,0.0
2024-07-18 09:45:00-04:00,8.380000114440918,8.40999984741211,8.380000114440918,8.40999984741211,4213,0.0,0.0
2024-07-18 09:50:00-04:00,8.420000076293945,8.4399995803833,8.420000076293945,8.4399995803833,2105,0.0,0.0
2024-07-18 09:55:00-04:00,8.430000305175781,8.449999809265137,8.430000305175781,8.449999809265137,2255,0.0,0.0
2024-07-18 10:00:00-04:00,8.449999809265137,8.515000343322754,8.449999809265137,8.489999771118164,270713,0.0,0.0
2024-07-18 10:05:00-04:00,8.5,8.529999732971191,8.5,8.505000114440918,5253,0.0,0.0
2024-07-18 10:10:00-04:00,8.5,8.50510025024414,8.479999542236328,8.489999771118164,3970,0.0,0.0
2024-07-18 10:15:00-04:00,8.5,8.520000457763672,8.460000038146973,8.460000038146973,9886,0.0,0.0
2024-07-18 10:20:00-04:00,8.460000038146973,8.460000038146973,8.444999694824219,8.460000038146973,2505,0.0,0.0
2024-07-18 10:25:00-04:00,8.470000267028809,8.470000267028809,8.449999809265137,8.454999923706055,2330,0.0,0.0
2024-07-18 10:30:00-04:00,8.449999809265137,8.449999809265137,8.430000305175781,8.430000305175781,5017,0.0,0.0
2024-07-18 10:35:00-04:00,8.425000190734863,8.430000305175781,8.40999984741211,8.430000305175781,2693,0.0,0.0
2024-07-18 10:40:00-04:00,8.40999984741211,8.40999984741211,8.380000114440918,8.390000343322754,2343,0.0,0.0
2024-07-18 10:45:00-04:00,8.380999565124512,8.380999565124512,8.34000015258789,8.345000267028809,4484,0.0,0.0
2024-07-18 10:50:00-04:00,8.329999923706055,8.375,8.329999923706055,8.375,3493,0.0,0.0
2024-07-18 10:55:00-04:00,8.380000114440918,8.380000114440918,8.359999656677246,8.359999656677246,3482,0.0,0.0
2024-07-18 11:00:00-04:00,8.359999656677246,8.380000114440918,8.359999656677246,8.380000114440918,1558,0.0,0.0
2024-07-18 11:05:00-04:00,8.369999885559082,8.380000114440918,8.359999656677246,8.359999656677246,3074,0.0,0.0
2024-07-18 11:10:00-04:00,8.350000381469727,8.354999542236328,8.345000267028809,8.354999542236328,1596,0.0,0.0
2024-07-18 11:15:00-04:00,8.359999656677246,8.359999656677246,8.345000267028809,8.350000381469727,1740,0.0,0.0
2024-07-18 11:20:00-04:00,8.350000381469727,8.359999656677246,8.350000381469727,8.350000381469727,953,0.0,0.0
2024-07-18 11:25:00-04:00,8.34000015258789,8.34000015258789,8.34000015258789,8.34000015258789,769,0.0,0.0
2024-07-18 11:30:00-04:00,8.329999923706055,8.34000015258789,8.324999809265137,8.34000015258789,3322,0.0,0.0
2024-07-18 11:35:00-04:00,8.329999923706055,8.350000381469727,8.329999923706055,8.34000015258789,2656,0.0,0.0
2024-07-18 11:40:00-04:00,8.34000015258789,8.345000267028809,8.305000305175781,8.3149995803833,8329,0.0,0.0
2024-07-18 11:45:00-04:00,8.3149995803833,8.324999809265137,8.3100004196167,8.3100004196167,2738,0.0,0.0
2024-07-18 11:50:00-04:00,8.3100004196167,8.319999694824219,8.295000076293945,8.295000076293945,3505,0.0,0.0
2024-07-18 11:55:00-04:00,8.289999961853027,8.289999961853027,8.279999732971191,8.289999961853027,2565,0.0,0.0
2024-07-18 12:00:00-04:00,8.289999961853027,8.295000076293945,8.28499984741211,8.295000076293945,1681,0.0,0.0
2024-07-18 12:05:00-04:00,8.289999961853027,8.305000305175781,8.279999732971191,8.300000190734863,3853,0.0,0.0
2024-07-18 12:10:00-04:00,8.300000190734863,8.300000190734863,8.270000457763672,8.279999732971191,6091,0.0,0.0
2024-07-18 12:15:00-04:00,8.279999732971191,8.279999732971191,8.255000114440918,8.255000114440918,2538,0.0,0.0
2024-07-18 12:20:00-04:00,8.259900093078613,8.260000228881836,8.229999542236328,8.229999542236328,5832,0.0,0.0
2024-07-18 12:25:00-04:00,8.220000267028809,8.225000381469727,8.210000038146973,8.225000381469727,3925,0.0,0.0
2024-07-18 12:30:00-04:00,8.220000267028809,8.25,8.220000267028809,8.25,4207,0.0,0.0
2024-07-18 12:35:00-04:00,8.239999771118164,8.244999885559082,8.229999542236328,8.239999771118164,2401,0.0,0.0
2024-07-18 12:40:00-04:00,8.244999885559082,8.244999885559082,8.234999656677246,8.234999656677246,2524,0.0,0.0
2024-07-18 12:45:00-04:00,8.234999656677246,8.270000457763672,8.234999656677246,8.270000457763672,4415,0.0,0.0
2024-07-18 12:50:00-04:00,8.265000343322754,8.270000457763672,8.255000114440918,8.255000114440918,1935,0.0,0.0
2024-07-18 12:55:00-04:00,8.255000114440918,8.260000228881836,8.255000114440918,8.260000228881836,3720,0.0,0.0
2024-07-18 13:00:00-04:00,8.260000228881836,8.260000228881836,8.244999885559082,8.25,3633,0.0,0.0
2024-07-18 13:05:00-04:00,8.25,8.260000228881836,8.25,8.260000228881836,2530,0.0,0.0
2024-07-18 13:10:00-04:00,8.265000343322754,8.270000457763672,8.265000343322754,8.265000343322754,991,0.0,0.0
2024-07-18 13:15:00-04:00,8.260000228881836,8.260000228881836,8.244999885559082,8.25,4743,0.0,0.0
2024-07-18 13:20:00-04:00,8.239999771118164,8.239999771118164,8.229999542236328,8.239999771118164,2366,0.0,0.0
2024-07-18 13:25:00-04:00,8.239999771118164,8.244999885559082,8.239999771118164,8.244999885559082,2504,0.0,0.0
2024-07-18 13:30:00-04:00,8.244999885559082,8.244999885559082,8.239999771118164,8.244999885559082,2882,0.0,0.0
2024-07-18 13:35:00-04:00,8.239999771118164,8.239999771118164,8.225000381469727,8.229999542236328,5892,0.0,0.0
2024-07-18 13:40:00-04:00,8.229999542236328,8.234999656677246,8.229999542236328,8.234999656677246,585,0.0,0.0
2024-07-18 13:45:00-04:00,8.229999542236328,8.234999656677246,8.194999694824219,8.194999694824219,21418,0.0,0.0
2024-07-18 13:50:00-04:00,8.199999809265137,8.206000328063965,8.1899995803833,8.1899995803833,3949,0.0,0.0
2024-07-18 13:55:00-04:00,8.180000305175781,8.180000305175781,8.154999732971191,8.154999732971191,12317,0.0,0.0
2024-07-18 14:00:00-04:00,8.154999732971191,8.15999984741211,8.149999618530273,8.15999984741211,4323,0.0,0.0
2024-07-18 14:05:00-04:00,8.164999961853027,8.164999961853027,8.135000228881836,8.140000343322754,4657,0.0,0.0
2024-07-18 14:10:00-04:00,8.140000343322754,8.140000343322754,8.130000114440918,8.130000114440918,3440,0.0,0.0
2024-07-18 14:15:00-04:00,8.135000228881836,8.164999961853027,8.119999885559082,8.119999885559082,20248,0.0,0.0
2024-07-18 14:20:00-04:00,8.130000114440918,8.130000114440918,8.119999885559082,8.130000114440918,3728,0.0,0.0
2024-07-18 14:25:00-04:00,8.135000228881836,8.140000343322754,8.109999656677246,8.109999656677246,3455,0.0,0.0
2024-07-18 14:30:00-04:00,8.104999542236328,8.109999656677246,8.095000267028809,8.109999656677246,6233,0.0,0.0
2024-07-18 14:35:00-04:00,8.109999656677246,8.114999771118164,8.09000015258789,8.09000015258789,7804,0.0,0.0
2024-07-18 14:40:00-04:00,8.09000015258789,8.100000381469727,8.079999923706055,8.079999923706055,3773,0.0,0.0
2024-07-18 14:45:00-04:00,8.079999923706055,8.079999923706055,8.069999694824219,8.069999694824219,3275,0.0,0.0
2024-07-18 14:50:00-04:00,8.0600004196167,8.069999694824219,8.039999961853027,8.069999694824219,16225,0.0,0.0
2024-07-18 14:55:00-04:00,8.069999694824219,8.085000038146973,8.069999694824219,8.074999809265137,4905,0.0,0.0
2024-07-18 15:00:00-04:00,8.069999694824219,8.109999656677246,8.069999694824219,8.104999542236328,5811,0.0,0.0
2024-07-18 15:05:00-04:00,8.104999542236328,8.104999542236328,8.09000015258789,8.09000015258789,2716,0.0,0.0
2024-07-18 15:10:00-04:00,8.09000015258789,8.09000015258789,8.0649995803833,8.079999923706055,7028,0.0,0.0
2024-07-18 15:15:00-04:00,8.079999923706055,8.079999923706055,8.0649995803833,8.069899559020996,3426,0.0,0.0
2024-07-18 15:20:00-04:00,8.0649995803833,8.085000038146973,8.0649995803833,8.079999923706055,10126,0.0,0.0
2024-07-18 15:25:00-04:00,8.074999809265137,8.09000015258789,8.045000076293945,8.045000076293945,11496,0.0,0.0
2024-07-18 15:30:00-04:00,8.045000076293945,8.074999809265137,8.039999961853027,8.055000305175781,25058,0.0,0.0
2024-07-18 15:35:00-04:00,8.0600004196167,8.0649995803833,8.024999618530273,8.039999961853027,52571,0.0,0.0
2024-07-18 15:40:00-04:00,8.050000190734863,8.0600004196167,8.029999732971191,8.03499984741211,45113,0.0,0.0
2024-07-18 15:45:00-04:00,8.03499984741211,8.045000076293945,8.015000343322754,8.029999732971191,54165,0.0,0.0
2024-07-18 15:50:00-04:00,8.039999961853027,8.055000305175781,8.03499984741211,8.039999961853027,90338,0.0,0.0
2024-07-18 15:55:00-04:00,8.03499984741211,8.079999923706055,8.029999732971191,8.079999923706055,128463,0.0,0.0
2024-07-19 09:30:00-04:00,8.069999694824219,8.079999923706055,8.0600004196167,8.062800407409668,24698,0.0,0.0
2024-07-19 09:35:00-04:00,8.085800170898438,8.09000015258789,8.0649995803833,8.069999694824219,2583,0.0,0.0
2024-07-19 09:40:00-04:00,8.100000381469727,8.109999656677246,8.050000190734863,8.0600004196167,3846,0.0,0.0
2024-07-19 09:45:00-04:00,8.050000190734863,8.069999694824219,8.050000190734863,8.069999694824219,2279,0.0,0.0
2024-07-19 09:50:00-04:00,8.074000358581543,8.09000015258789,8.069999694824219,8.079999923706055,2897,0.0,0.0
2024-07-19 09:55:00-04:00,8.09000015258789,8.110099792480469,8.079999923706055,8.109999656677246,10841,0.0,0.0
2024-07-19 10:00:00-04:00,8.100000381469727,8.100000381469727,8.085000038146973,8.09000015258789,3806,0.0,0.0
2024-07-19 10:05:00-04:00,8.095000267028809,8.095000267028809,8.055000305175781,8.079999923706055,4005,0.0,0.0
2024-07-19 10:10:00-04:00,8.079999923706055,8.079999923706055,8.069999694824219,8.069999694824219,2152,0.0,0.0
2024-07-19 10:15:00-04:00,8.074999809265137,8.074999809265137,8.0600004196167,8.0600004196167,3336,0.0,0.0
2024-07-19 10:20:00-04:00,8.069999694824219,8.069999694824219,8.03499984741211,8.03499984741211,2775,0.0,0.0
2024-07-19 10:25:00-04:00,8.039999961853027,8.050000190734863,8.010000228881836,8.045000076293945,6673,0.0,0.0
2024-07-19 10:30:00-04:00,8.050000190734863,8.050000190734863,8.03499984741211,8.039999961853027,2474,0.0,0.0
2024-07-19 10:35:00-04:00,8.039999961853027,8.055000305175781,8.029999732971191,8.050000190734863,5137,0.0,0.0
2024-07-19 10:40:00-04:00,8.039999961853027,8.039999961853027,8.020000457763672,8.020000457763672,2097,0.0,0.0
2024-07-19 10:45:00-04:00,8.020000457763672,8.020000457763672,7.980000019073486,8.010000228881836,13996,0.0,0.0
2024-07-19 10:50:00-04:00,8.0,8.0,7.96999979019165,7.96999979019165,2060,0.0,0.0
2024-07-19 10:55:00-04:00,7.974999904632568,8.005000114440918,7.96999979019165,8.0,5088,0.0,0.0
2024-07-19 11:00:00-04:00,7.989999771118164,7.989999771118164,7.974999904632568,7.985000133514404,13570,0.0,0.0
2024-07-19 11:05:00-04:00,7.96999979019165,7.989999771118164,7.96999979019165,7.985000133514404,2100,0.0,0.0
2024-07-19 11:10:00-04:00,8.0,8.0,8.0,8.0,3606,0.0,0.0
2024-07-19 11:15:00-04:00,8.0,8.005000114440918,7.994999885559082,8.0,5587,0.0,0.0
2024-07-19 11:20:00-04:00,7.994999885559082,8.0,7.989999771118164,7.989999771118164,2755,0.0,0.0
2024-07-19 11:25:00-04:00,7.980000019073486,7.989999771118164,7.974999904632568,7.980000019073486,10094,0.0,0.0
2024-07-19 11:30:00-04:00,7.985000133514404,8.0,7.985000133514404,7.994999885559082,5214,0.0,0.0
2024-07-19 11:35:00-04:00,8.0,8.005000114440918,8.0,8.0,1974,0.0,0.0
2024-07-19 11:40:00-04:00,8.0,8.010000228881836,8.0,8.005000114440918,2628,0.0,0.0
2024-07-19 11:45:00-04:00,8.005000114440918,8.010000228881836,8.0,8.005000114440918,6333,0.0,0.0
2024-07-19 11:50:00-04:00,8.010000228881836,8.015000343322754,8.0,8.0,1386,0.0,0.0
2024-07-19 11:55:00-04:00,8.0,8.005000114440918,8.0,8.005000114440918,1760,0.0,0.0
2024-07-19 12:00:00-04:00,8.010000228881836,8.015000343322754,8.005000114440918,8.010000228881836,3670,0.0,0.0
2024-07-19 12:05:00-04:00,8.017499923706055,8.050000190734863,8.015000343322754,8.039999961853027,2737,0.0,0.0
2024-07-19 12:10:00-04:00,8.03499984741211,8.045000076293945,8.029999732971191,8.029999732971191,2154,0.0,0.0
2024-07-19 12:15:00-04:00,8.039999961853027,8.045000076293945,8.03499984741211,8.045000076293945,2916,0.0,0.0
2024-07-19 12:20:00-04:00,8.039999961853027,8.039999961853027,8.024999618530273,8.029999732971191,1970,0.0,0.0
2024-07-19 12:25:00-04:00,8.024999618530273,8.024999618530273,8.020000457763672,8.020000457763672,1717,0.0,0.0
2024-07-19 12:30:00-04:00,8.015000343322754,8.024999618530273,8.015000343322754,8.024999618530273,2376,0.0,0.0
2024-07-19 12:35:00-04:00,8.029999732971191,8.039999961853027,8.024999618530273,8.029999732971191,3474,0.0,0.0
2024-07-19 12:40:00-04:00,8.03499984741211,8.03499984741211,8.03499984741211,8.03499984741211,387,0.0,0.0
2024-07-19 12:45:00-04:00,8.029999732971191,8.029999732971191,8.024999618530273,8.024999618530273,972,0.0,0.0
2024-07-19 12:50:00-04:00,8.024999618530273,8.024999618530273,8.020000457763672,8.020000457763672,1221,0.0,0.0
2024-07-19 12:55:00-04:00,8.024999618530273,8.029999732971191,8.024999618530273,8.024999618530273,1469,0.0,0.0
2024-07-19 13:00:00-04:00,8.024999618530273,8.024999618530273,8.015000343322754,8.015000343322754,3326,0.0,0.0
2024-07-19 13:05:00-04:00,8.019700050354004,8.020000457763672,8.015000343322754,8.015000343322754,1393,0.0,0.0
2024-07-19 13:10:00-04:00,8.020000457763672,8.055000305175781,8.020000457763672,8.055000305175781,55676,0.0,0.0
2024-07-19 13:15:00-04:00,8.050000190734863,8.050000190734863,8.039999961853027,8.039999961853027,3300,0.0,0.0
2024-07-19 13:20:00-04:00,8.045000076293945,8.045000076293945,8.029999732971191,8.03499984741211,3129,0.0,0.0
2024-07-19 13:25:00-04:00,8.03499984741211,8.0600004196167,8.03499984741211,8.03499984741211,94591,0.0,0.0
2024-07-19 13:30:00-04:00,8.03499984741211,8.050000190734863,8.024999618530273,8.050000190734863,6724,0.0,0.0
2024-07-19 13:35:00-04:00,8.050000190734863,8.074999809265137,8.050000190734863,8.074999809265137,3457,0.0,0.0
2024-07-19 13:40:00-04:00,8.079999923706055,8.085000038146973,8.069999694824219,8.085000038146973,3940,0.0,0.0
2024-07-19 13:45:00-04:00,8.09000015258789,8.100000381469727,8.09000015258789,8.100000381469727,6060,0.0,0.0
2024-07-19 13:50:00-04:00,8.100000381469727,8.104999542236328,8.095000267028809,8.104999542236328,2590,0.0,0.0
2024-07-19 13:55:00-04:00,8.109999656677246,8.109999656677246,8.109999656677246,8.109999656677246,4991,0.0,0.0
2024-07-19 14:00:00-04:00,8.114999771118164,8.114999771118164,8.09000015258789,8.09000015258789,8015,0.0,0.0
2024-07-19 14:05:00-04:00,8.09000015258789,8.100000381469727,8.09000015258789,8.095000267028809,7882,0.0,0.0
2024-07-19 14:10:00-04:00,8.09000015258789,8.095000267028809,8.085000038146973,8.085000038146973,2386,0.0,0.0
2024-07-19 14:15:00-04:00,8.079999923706055,8.09000015258789,8.079999923706055,8.085000038146973,1001,0.0,0.0
2024-07-19 14:20:00-04:00,8.085000038146973,8.085000038146973,8.0649995803833,8.0649995803833,8287,0.0,0.0
2024-07-19 14:25:00-04:00,8.0649995803833,8.068099975585938,8.055000305175781,8.055000305175781,2895,0.0,0.0
2024-07-19 14:30:00-04:00,8.055000305175781,8.069999694824219,8.055000305175781,8.069999694824219,6776,0.0,0.0
2024-07-19 14:35:00-04:00,8.074999809265137,8.074999809265137,8.074999809265137,8.074999809265137,585,0.0,0.0
2024-07-19 14:40:00-04:00,8.069999694824219,8.079999923706055,8.045000076293945,8.050000190734863,8063,0.0,0.0
2024-07-19 14:45:00-04:00,8.045000076293945,8.045000076293945,8.045000076293945,8.045000076293945,1583,0.0,0.0
2024-07-19 14:50:00-04:00,8.050000190734863,8.0600004196167,8.050000190734863,8.055000305175781,3390,0.0,0.0
2024-07-19 14:55:00-04:00,8.0600004196167,8.069999694824219,8.050000190734863,8.050000190734863,9085,0.0,0.0
2024-07-19 15:00:00-04:00,8.055000305175781,8.095000267028809,8.055000305175781,8.09000015258789,4830,0.0,0.0
2024-07-19 15:05:00-04:00,8.09000015258789,8.09000015258789,8.079999923706055,8.079999923706055,8351,0.0,0.0
2024-07-19 15:10:00-04:00,8.079999923706055,8.085000038146973,8.074999809265137,8.085000038146973,2819,0.0,0.0
2024-07-19 15:15:00-04:00,8.085000038146973,8.09000015258789,8.079999923706055,8.09000015258789,8162,0.0,0.0
2024-07-19 15:20:00-04:00,8.095000267028809,8.104999542236328,8.09000015258789,8.100000381469727,4837,0.0,0.0
2024-07-19 15:25:00-04:00,8.09000015258789,8.09000015258789,8.074999809265137,8.074999809265137,4768,0.0,0.0
2024-07-19 15:30:00-04:00,8.079999923706055,8.085000038146973,8.079999923706055,8.079999923706055,9637,0.0,0.0
2024-07-19 15:35:00-04:00,8.069999694824219,8.074999809265137,8.0649995803833,8.0649995803833,4341,0.0,0.0
2024-07-19 15:40:00-04:00,8.0649995803833,8.069999694824219,8.055000305175781,8.055000305175781,9754,0.0,0.0
2024-07-19 15:45:00-04:00,8.050000190734863,8.050000190734863,8.03499984741211,8.045000076293945,14468,0.0,0.0
2024-07-19 15:50:00-04:00,8.045000076293945,8.055000305175781,8.039999961853027,8.039999961853027,16479,0.0,0.0
2024-07-19 15:55:00-04:00,8.039999961853027,8.045000076293945,8.020000457763672,8.029999732971191,41859,0.0,0.0
