Datetime,Open,High,Low,Close,Volume,Dividends,Stock Splits
2024-06-20 09:30:00-04:00,2.3399999141693115,2.5350000858306885,2.3399999141693115,2.5350000858306885,0,0.0,0.0
2024-06-20 11:45:00-04:00,2.356800079345703,2.356800079345703,2.299999952316284,2.299999952316284,942,0.0,0.0
2024-06-20 11:50:00-04:00,2.259999990463257,2.3399999141693115,2.259999990463257,2.2699999809265137,1577,0.0,0.0
2024-06-20 12:50:00-04:00,2.240000009536743,2.240000009536743,2.240000009536743,2.240000009536743,447,0.0,0.0
2024-06-20 13:15:00-04:00,2.130000114440918,2.130000114440918,2.130000114440918,2.130000114440918,723,0.0,0.0
2024-06-20 13:30:00-04:00,2.0799999237060547,2.0999999046325684,2.0799999237060547,2.0999999046325684,1556,0.0,0.0
2024-06-20 13:45:00-04:00,2.0899999141693115,2.0899999141693115,2.0899999141693115,2.0899999141693115,232,0.0,0.0
2024-06-20 13:50:00-04:00,2.0899999141693115,2.0899999141693115,2.0899999141693115,2.0899999141693115,584,0.0,0.0
2024-06-20 14:00:00-04:00,2.0999999046325684,2.0999999046325684,2.0999999046325684,2.0999999046325684,411,0.0,0.0
2024-06-20 14:05:00-04:00,2.0899999141693115,2.0899999141693115,2.0899999141693115,2.0899999141693115,272,0.0,0.0
2024-06-20 14:10:00-04:00,2.140000104904175,2.140000104904175,2.0999999046325684,2.0999999046325684,792,0.0,0.0
2024-06-20 14:15:00-04:00,2.135999917984009,2.1700000762939453,2.134999990463257,2.1700000762939453,1577,0.0,0.0
2024-06-20 14:20:00-04:00,2.1700000762939453,2.450000047683716,2.1700000762939453,2.390000104904175,1778,0.0,0.0
2024-06-20 14:25:00-04:00,2.2899999618530273,2.2899999618530273,2.2899999618530273,2.2899999618530273,537,0.0,0.0
2024-06-20 14:30:00-04:00,2.3499999046325684,2.350100040435791,2.3450000286102295,2.3450000286102295,914,0.0,0.0
2024-06-20 14:35:00-04:00,2.2100000381469727,2.2100000381469727,2.2100000381469727,2.2100000381469727,308,0.0,0.0
2024-06-20 14:40:00-04:00,2.2899999618530273,2.2899999618530273,2.2899999618530273,2.2899999618530273,518,0.0,0.0
2024-06-20 15:00:00-04:00,2.200000047683716,2.200000047683716,2.200000047683716,2.200000047683716,334,0.0,0.0
2024-06-20 15:05:00-04:00,2.200000047683716,2.200000047683716,2.200000047683716,2.200000047683716,674,0.0,0.0
2024-06-20 15:10:00-04:00,2.200000047683716,2.200000047683716,2.200000047683716,2.200000047683716,200,0.0,0.0
2024-06-20 15:15:00-04:00,2.259999990463257,2.3399999141693115,2.259999990463257,2.3350000381469727,3776,0.0,0.0
2024-06-20 15:20:00-04:00,2.2699999809265137,2.2699999809265137,2.2699999809265137,2.2699999809265137,475,0.0,0.0
2024-06-20 15:40:00-04:00,2.271399974822998,2.271399974822998,2.271399974822998,2.271399974822998,3273,0.0,0.0
2024-06-20 15:55:00-04:00,2.2699999809265137,2.2699999809265137,2.200000047683716,2.200000047683716,2551,0.0,0.0
2024-06-21 09:35:00-04:00,2.4649999141693115,2.4649999141693115,2.180000066757202,2.180000066757202,3437,0.0,0.0
2024-06-21 13:40:00-04:00,1.940000057220459,2.0423998832702637,1.7799999713897705,1.8899999856948853,5750,0.0,0.0
2024-06-21 13:45:00-04:00,1.8899999856948853,1.8899999856948853,1.8899999856948853,1.8899999856948853,625,0.0,0.0
2024-06-21 13:50:00-04:00,1.9320000410079956,1.9320000410079956,1.9320000410079956,1.9320000410079956,339,0.0,0.0
2024-06-21 13:55:00-04:00,1.7999999523162842,1.8899999856948853,1.7999999523162842,1.850000023841858,3718,0.0,0.0
2024-06-21 14:05:00-04:00,1.899999976158142,1.9700000286102295,1.899999976158142,1.9699000120162964,12444,0.0,0.0
2024-06-21 14:20:00-04:00,2.059999942779541,2.059999942779541,2.049999952316284,2.049999952316284,6268,0.0,0.0
2024-06-21 14:50:00-04:00,1.7999999523162842,1.7999999523162842,1.7999999523162842,1.7999999523162842,4945,0.0,0.0
2024-06-21 15:10:00-04:00,1.7999999523162842,1.7999999523162842,1.7999999523162842,1.7999999523162842,2861,0.0,0.0
2024-06-21 15:25:00-04:00,1.7300000190734863,1.7300000190734863,1.7300000190734863,1.7300000190734863,694,0.0,0.0
2024-06-21 15:30:00-04:00,1.8072999715805054,1.8077000379562378,1.7599999904632568,1.8072999715805054,2075,0.0,0.0
2024-06-21 15:35:00-04:00,1.81659996509552,1.81659996509552,1.81659996509552,1.81659996509552,4280,0.0,0.0
2024-06-21 15:45:00-04:00,1.7661000490188599,1.7661000490188599,1.7400000095367432,1.7400000095367432,1835,0.0,0.0
2024-06-21 15:50:00-04:00,1.7200000286102295,1.7200000286102295,1.7100000381469727,1.7164000272750854,4667,0.0,0.0
2024-06-21 15:55:00-04:00,1.6649999618530273,1.6649999618530273,1.559999942779541,1.559999942779541,4606,0.0,0.0
2024-06-24 09:30:00-04:00,1.7799999713897705,1.9500000476837158,1.7799999713897705,1.8708000183105469,3508441,0.0,0.0
2024-06-24 09:35:00-04:00,1.8701000213623047,1.9700000286102295,1.8701000213623047,1.9290000200271606,141068,0.0,0.0
2024-06-24 09:40:00-04:00,1.9200999736785889,1.9299999475479126,1.8200000524520874,1.8601000308990479,108330,0.0,0.0
2024-06-24 09:45:00-04:00,1.8701000213623047,1.8907999992370605,1.8600000143051147,1.8700000047683716,28232,0.0,0.0
2024-06-24 09:50:00-04:00,1.8650000095367432,1.9500000476837158,1.8300000429153442,1.8901000022888184,60831,0.0,0.0
2024-06-24 09:55:00-04:00,1.8904000520706177,1.9490000009536743,1.8799999952316284,1.899999976158142,57867,0.0,0.0
2024-06-24 10:00:00-04:00,1.8899999856948853,1.8901000022888184,1.850000023841858,1.8600000143051147,29912,0.0,0.0
2024-06-24 10:05:00-04:00,1.8600000143051147,1.8901000022888184,1.8600000143051147,1.8799999952316284,14322,0.0,0.0
2024-06-24 10:10:00-04:00,1.8799999952316284,1.899899959564209,1.8700000047683716,1.8899999856948853,27402,0.0,0.0
2024-06-24 10:15:00-04:00,1.891800045967102,1.899999976158142,1.8799999952316284,1.8812999725341797,21624,0.0,0.0
2024-06-24 10:20:00-04:00,1.8799999952316284,2.0,1.8799999952316284,1.9600000381469727,138758,0.0,0.0
2024-06-24 10:25:00-04:00,1.9775999784469604,1.9891999959945679,1.8799999952316284,1.899399995803833,63057,0.0,0.0
2024-06-24 10:30:00-04:00,1.8983999490737915,1.9199999570846558,1.8899999856948853,1.9199999570846558,22445,0.0,0.0
2024-06-24 10:35:00-04:00,1.9299999475479126,1.9299999475479126,1.909999966621399,1.9198999404907227,9993,0.0,0.0
2024-06-24 10:40:00-04:00,1.9179999828338623,1.9179999828338623,1.8899999856948853,1.9002000093460083,13982,0.0,0.0
2024-06-24 10:45:00-04:00,1.9006999731063843,1.909999966621399,1.8799999952316284,1.8880000114440918,25471,0.0,0.0
2024-06-24 10:50:00-04:00,1.8849999904632568,1.9199999570846558,1.8799999952316284,1.9191999435424805,14016,0.0,0.0
2024-06-24 10:55:00-04:00,1.919100046157837,1.9700000286102295,1.909999966621399,1.9299999475479126,25991,0.0,0.0
2024-06-24 11:00:00-04:00,1.940000057220459,1.9800000190734863,1.940000057220459,1.9557000398635864,31742,0.0,0.0
2024-06-24 11:05:00-04:00,1.9450000524520874,1.9600000381469727,1.9199999570846558,1.9300999641418457,15325,0.0,0.0
2024-06-24 11:10:00-04:00,1.940000057220459,1.943600058555603,1.9299999475479126,1.930799961090088,7945,0.0,0.0
2024-06-24 11:15:00-04:00,1.934999942779541,1.940000057220459,1.9299999475479126,1.9299999475479126,7276,0.0,0.0
2024-06-24 11:20:00-04:00,1.9399000406265259,1.940000057220459,1.9199999570846558,1.9312000274658203,6184,0.0,0.0
2024-06-24 11:25:00-04:00,1.934999942779541,1.934999942779541,1.9299999475479126,1.9300999641418457,2904,0.0,0.0
2024-06-24 11:30:00-04:00,1.9299999475479126,1.9299999475479126,1.8700000047683716,1.8700000047683716,60258,0.0,0.0
2024-06-24 11:35:00-04:00,1.8700000047683716,1.8700000047683716,1.840000033378601,1.850000023841858,19142,0.0,0.0
2024-06-24 11:40:00-04:00,1.840000033378601,1.84089994430542,1.8200000524520874,1.8200000524520874,13603,0.0,0.0
2024-06-24 11:45:00-04:00,1.8300000429153442,1.839900016784668,1.820099949836731,1.820099949836731,8942,0.0,0.0
2024-06-24 11:50:00-04:00,1.840000033378601,1.9299999475479126,1.840000033378601,1.8538000583648682,32727,0.0,0.0
2024-06-24 11:55:00-04:00,1.850000023841858,1.850000023841858,1.8300000429153442,1.850000023841858,9447,0.0,0.0
2024-06-24 12:00:00-04:00,1.843000054359436,1.899999976158142,1.843000054359436,1.863800048828125,12078,0.0,0.0
2024-06-24 12:05:00-04:00,1.8651000261306763,1.8899999856948853,1.8651000261306763,1.8799999952316284,2908,0.0,0.0
2024-06-24 12:10:00-04:00,1.8701000213623047,1.8799999952316284,1.8701000213623047,1.8799999952316284,1452,0.0,0.0
2024-06-24 12:15:00-04:00,1.8717999458312988,1.8799999952316284,1.8700000047683716,1.875,2702,0.0,0.0
2024-06-24 12:20:00-04:00,1.875,1.875,1.8701000213623047,1.871000051498413,4106,0.0,0.0
2024-06-24 12:25:00-04:00,1.8701000213623047,1.8701000213623047,1.8300000429153442,1.8301000595092773,6490,0.0,0.0
2024-06-24 12:30:00-04:00,1.8309999704360962,1.8417999744415283,1.8309999704360962,1.8417999744415283,1586,0.0,0.0
2024-06-24 12:35:00-04:00,1.8502000570297241,1.8799999952316284,1.8502000570297241,1.8794000148773193,4149,0.0,0.0
2024-06-24 12:45:00-04:00,1.870300054550171,1.870300054550171,1.870300054550171,1.870300054550171,1199,0.0,0.0
2024-06-24 12:50:00-04:00,1.8680000305175781,1.899999976158142,1.8680000305175781,1.8984999656677246,7199,0.0,0.0
2024-06-24 12:55:00-04:00,1.8899999856948853,1.8899999856948853,1.875,1.875,2578,0.0,0.0
2024-06-24 13:00:00-04:00,1.8700000047683716,1.8700000047683716,1.840000033378601,1.8600000143051147,2379,0.0,0.0
2024-06-24 13:05:00-04:00,1.8654999732971191,1.8654999732971191,1.8600000143051147,1.8600000143051147,1487,0.0,0.0
2024-06-24 13:10:00-04:00,1.8609000444412231,1.8609000444412231,1.8609000444412231,1.8609000444412231,931,0.0,0.0
2024-06-24 13:15:00-04:00,1.850000023841858,1.8898999691009521,1.840000033378601,1.8860000371932983,28140,0.0,0.0
2024-06-24 13:20:00-04:00,1.8899999856948853,1.9800000190734863,1.8899999856948853,1.9700000286102295,83501,0.0,0.0
2024-06-24 13:25:00-04:00,1.9800000190734863,1.9800000190734863,1.899999976158142,1.899999976158142,57962,0.0,0.0
2024-06-24 13:30:00-04:00,1.940000057220459,1.9800000190734863,1.9199999570846558,1.9599000215530396,17709,0.0,0.0
2024-06-24 13:35:00-04:00,1.9315999746322632,1.9492000341415405,1.9299999475479126,1.9437999725341797,3556,0.0,0.0
2024-06-24 13:40:00-04:00,1.9500000476837158,1.9500000476837158,1.9205000400543213,1.9205000400543213,2959,0.0,0.0
2024-06-24 13:45:00-04:00,1.8899999856948853,1.909999966621399,1.8899999856948853,1.9097000360488892,5691,0.0,0.0
2024-06-24 13:50:00-04:00,1.8818000555038452,1.909999966621399,1.8799999952316284,1.8799999952316284,2175,0.0,0.0
2024-06-24 13:55:00-04:00,1.9149999618530273,1.9246000051498413,1.9040000438690186,1.9246000051498413,1212,0.0,0.0
2024-06-24 14:00:00-04:00,1.909999966621399,1.940000057220459,1.9000999927520752,1.940000057220459,12429,0.0,0.0
2024-06-24 14:05:00-04:00,1.940000057220459,1.9800000190734863,1.940000057220459,1.9600000381469727,27787,0.0,0.0
2024-06-24 14:10:00-04:00,1.9600000381469727,1.9800000190734863,1.9599000215530396,1.9706000089645386,14955,0.0,0.0
2024-06-24 14:15:00-04:00,1.9717999696731567,2.1500000953674316,1.9717999696731567,2.0299999713897705,172605,0.0,0.0
2024-06-24 14:20:00-04:00,2.0299999713897705,2.0899999141693115,2.0,2.027400016784668,51586,0.0,0.0
2024-06-24 14:25:00-04:00,2.046799898147583,2.059999942779541,1.930999994277954,1.9700000286102295,43934,0.0,0.0
2024-06-24 14:30:00-04:00,2.0,2.015000104904175,1.9901000261306763,1.9901000261306763,8739,0.0,0.0
2024-06-24 14:35:00-04:00,2.005000114440918,2.009999990463257,1.9900000095367432,1.9900000095367432,8062,0.0,0.0
2024-06-24 14:40:00-04:00,2.000999927520752,2.0399999618530273,2.0,2.009999990463257,21615,0.0,0.0
2024-06-24 14:45:00-04:00,2.0000998973846436,2.0199999809265137,2.0,2.0199999809265137,12795,0.0,0.0
2024-06-24 14:50:00-04:00,2.0120999813079834,2.015000104904175,2.0000998973846436,2.0000998973846436,2847,0.0,0.0
2024-06-24 14:55:00-04:00,2.0000998973846436,2.0799999237060547,2.0000998973846436,2.049999952316284,18327,0.0,0.0
2024-06-24 15:00:00-04:00,2.065000057220459,2.130000114440918,2.009999990463257,2.009999990463257,45830,0.0,0.0
2024-06-24 15:05:00-04:00,2.059999942779541,2.075000047683716,2.009999990463257,2.0129001140594482,11443,0.0,0.0
2024-06-24 15:10:00-04:00,2.0100998878479004,2.0250000953674316,1.9900000095367432,2.0,16759,0.0,0.0
2024-06-24 15:15:00-04:00,2.049999952316284,2.049999952316284,2.003499984741211,2.009999990463257,6539,0.0,0.0
2024-06-24 15:20:00-04:00,1.9900000095367432,2.0399999618530273,1.9701000452041626,2.0299999713897705,11910,0.0,0.0
2024-06-24 15:25:00-04:00,2.0250000953674316,2.099900007247925,2.0250000953674316,2.049999952316284,12866,0.0,0.0
2024-06-24 15:30:00-04:00,2.069999933242798,2.069999933242798,2.0308001041412354,2.059999942779541,8757,0.0,0.0
2024-06-24 15:35:00-04:00,2.059999942779541,2.0899999141693115,2.059999942779541,2.069999933242798,24723,0.0,0.0
2024-06-24 15:40:00-04:00,2.069999933242798,2.0799999237060547,2.049999952316284,2.065000057220459,13121,0.0,0.0
2024-06-24 15:45:00-04:00,2.0613999366760254,2.0999999046325684,2.059999942779541,2.0799999237060547,32010,0.0,0.0
2024-06-24 15:50:00-04:00,2.115000009536743,2.25,2.0899999141693115,2.2399001121520996,120371,0.0,0.0
2024-06-24 15:55:00-04:00,2.2200000286102295,2.3399999141693115,2.0999999046325684,2.17930006980896,183693,0.0,0.0
2024-06-25 09:30:00-04:00,2.069999933242798,2.0999999046325684,2.049999952316284,2.0999999046325684,125748,0.0,0.0
2024-06-25 09:35:00-04:00,2.0501999855041504,2.065000057220459,1.9199999570846558,1.9600000381469727,13371,0.0,0.0
2024-06-25 09:40:00-04:00,1.9600000381469727,2.069999933242798,1.9199999570846558,2.0696001052856445,28863,0.0,0.0
2024-06-25 09:45:00-04:00,2.065999984741211,2.0999999046325684,2.051800012588501,2.0999999046325684,10253,0.0,0.0
2024-06-25 09:50:00-04:00,2.0601000785827637,2.0999999046325684,2.0601000785827637,2.0792999267578125,2957,0.0,0.0
2024-06-25 09:55:00-04:00,2.069999933242798,2.0899999141693115,2.060699939727783,2.0899999141693115,3072,0.0,0.0
2024-06-25 10:00:00-04:00,2.075000047683716,2.075000047683716,2.02020001411438,2.0399999618530273,10169,0.0,0.0
2024-06-25 10:05:00-04:00,2.0199999809265137,2.0199999809265137,1.9823999404907227,2.0,4709,0.0,0.0
2024-06-25 10:10:00-04:00,1.9800000190734863,2.0,1.9800000190734863,2.0,3055,0.0,0.0
2024-06-25 10:15:00-04:00,2.0,2.009999990463257,1.9801000356674194,2.0099000930786133,4088,0.0,0.0
2024-06-25 10:20:00-04:00,1.9950000047683716,2.0,1.9950000047683716,2.0,1295,0.0,0.0
2024-06-25 10:25:00-04:00,1.9801000356674194,1.9801000356674194,1.9800000190734863,1.9800000190734863,3315,0.0,0.0
2024-06-25 10:30:00-04:00,1.9600000381469727,1.9800000190734863,1.9600000381469727,1.9600000381469727,671,0.0,0.0
2024-06-25 10:35:00-04:00,1.9600000381469727,1.9800000190734863,1.9600000381469727,1.9800000190734863,9926,0.0,0.0
2024-06-25 10:50:00-04:00,2.0007998943328857,2.000999927520752,2.0,2.0,6465,0.0,0.0
2024-06-25 10:55:00-04:00,2.0,2.0399999618530273,2.0,2.0,7201,0.0,0.0
2024-06-25 11:00:00-04:00,2.009999990463257,2.0199999809265137,1.9800000190734863,1.9800000190734863,12961,0.0,0.0
2024-06-25 11:05:00-04:00,2.009999990463257,2.0201001167297363,2.009999990463257,2.0199999809265137,2693,0.0,0.0
2024-06-25 11:10:00-04:00,2.059999942779541,2.059999942779541,2.059999942779541,2.059999942779541,1027,0.0,0.0
2024-06-25 11:15:00-04:00,2.009999990463257,2.009999990463257,2.009999990463257,2.009999990463257,495,0.0,0.0
2024-06-25 11:25:00-04:00,2.059999942779541,2.059999942779541,2.059999942779541,2.059999942779541,1720,0.0,0.0
2024-06-25 11:30:00-04:00,2.0339999198913574,2.0339999198913574,2.0199999809265137,2.0199999809265137,1382,0.0,0.0
2024-06-25 11:40:00-04:00,2.0201001167297363,2.0201001167297363,2.0199999809265137,2.0199999809265137,3726,0.0,0.0
2024-06-25 12:00:00-04:00,2.0,2.0399999618530273,2.0,2.0399999618530273,720,0.0,0.0
2024-06-25 12:05:00-04:00,2.0,2.0,2.0,2.0,11152,0.0,0.0
2024-06-25 12:15:00-04:00,1.9802000522613525,2.0,1.9802000522613525,2.0,726,0.0,0.0
2024-06-25 12:20:00-04:00,1.9800000190734863,1.9800000190734863,1.9800000190734863,1.9800000190734863,765,0.0,0.0
2024-06-25 12:25:00-04:00,1.9988000392913818,1.9988000392913818,1.9988000392913818,1.9988000392913818,4000,0.0,0.0
2024-06-25 12:30:00-04:00,1.9753999710083008,1.9800000190734863,1.9753999710083008,1.9800000190734863,338,0.0,0.0
2024-06-25 12:35:00-04:00,1.9914000034332275,1.9950000047683716,1.9914000034332275,1.9950000047683716,1378,0.0,0.0
2024-06-25 12:40:00-04:00,1.9900000095367432,2.0299999713897705,1.9815000295639038,2.0299999713897705,6308,0.0,0.0
2024-06-25 12:50:00-04:00,2.0299999713897705,2.0299999713897705,2.0299999713897705,2.0299999713897705,295,0.0,0.0
2024-06-25 12:55:00-04:00,2.0199999809265137,2.0199999809265137,2.0199999809265137,2.0199999809265137,698,0.0,0.0
2024-06-25 13:05:00-04:00,2.0009000301361084,2.0009000301361084,2.0000998973846436,2.0000998973846436,837,0.0,0.0
2024-06-25 13:10:00-04:00,2.0192999839782715,2.0192999839782715,2.0192999839782715,2.0192999839782715,548,0.0,0.0
2024-06-25 13:20:00-04:00,2.0199999809265137,2.0199999809265137,2.0199999809265137,2.0199999809265137,115,0.0,0.0
2024-06-25 13:25:00-04:00,2.009999990463257,2.0199999809265137,2.009999990463257,2.0199999809265137,8430,0.0,0.0
2024-06-25 13:35:00-04:00,2.0,2.059999942779541,2.0,2.0299999713897705,3668,0.0,0.0
2024-06-25 13:45:00-04:00,2.059999942779541,2.180000066757202,2.055000066757202,2.1798999309539795,23537,0.0,0.0
2024-06-25 13:50:00-04:00,2.190000057220459,2.2300000190734863,2.110100030899048,2.110100030899048,8371,0.0,0.0
2024-06-25 13:55:00-04:00,2.200000047683716,2.200000047683716,2.119999885559082,2.1598000526428223,2618,0.0,0.0
2024-06-25 14:00:00-04:00,2.1500000953674316,2.1500000953674316,2.1500000953674316,2.1500000953674316,1695,0.0,0.0
2024-06-25 14:10:00-04:00,2.109999895095825,2.109999895095825,2.069999933242798,2.069999933242798,718,0.0,0.0
2024-06-25 14:15:00-04:00,2.075000047683716,2.119999885559082,2.075000047683716,2.119999885559082,621,0.0,0.0
2024-06-25 14:20:00-04:00,2.119999885559082,2.119999885559082,2.119999885559082,2.119999885559082,107,0.0,0.0
2024-06-25 14:25:00-04:00,2.0999999046325684,2.130000114440918,2.0399999618530273,2.1050000190734863,3151,0.0,0.0
2024-06-25 14:35:00-04:00,2.119999885559082,2.119999885559082,2.119999885559082,2.119999885559082,163,0.0,0.0
2024-06-25 14:40:00-04:00,2.1500000953674316,2.1500000953674316,2.1500000953674316,2.1500000953674316,215,0.0,0.0
2024-06-25 14:45:00-04:00,2.0100998878479004,2.140000104904175,2.0100998878479004,2.140000104904175,674,0.0,0.0
2024-06-25 14:50:00-04:00,2.140000104904175,2.140000104904175,2.049999952316284,2.0899999141693115,4182,0.0,0.0
2024-06-25 15:15:00-04:00,2.119999885559082,2.119999885559082,2.0899999141693115,2.096100091934204,1999,0.0,0.0
2024-06-25 15:20:00-04:00,2.0913000106811523,2.119999885559082,2.091099977493286,2.115000009536743,2140,0.0,0.0
2024-06-25 15:25:00-04:00,2.0899999141693115,2.0899999141693115,2.0899999141693115,2.0899999141693115,914,0.0,0.0
2024-06-25 15:30:00-04:00,2.0899999141693115,2.109999895095825,2.0899999141693115,2.1048998832702637,1296,0.0,0.0
2024-06-25 15:35:00-04:00,2.0999999046325684,2.0999999046325684,2.0999999046325684,2.0999999046325684,1995,0.0,0.0
2024-06-25 15:40:00-04:00,2.0999999046325684,2.0999999046325684,2.0799999237060547,2.0799999237060547,6277,0.0,0.0
2024-06-25 15:45:00-04:00,2.0799999237060547,2.0950000286102295,2.0799999237060547,2.0950000286102295,2024,0.0,0.0
2024-06-25 15:55:00-04:00,2.078900098800659,2.0799999237060547,2.009999990463257,2.009999990463257,12347,0.0,0.0
2024-06-26 09:30:00-04:00,1.8799999952316284,1.9124000072479248,1.8758000135421753,1.9010000228881836,34151,0.0,0.0
2024-06-26 09:35:00-04:00,1.940000057220459,1.940000057220459,1.9101999998092651,1.9256999492645264,2978,0.0,0.0
2024-06-26 09:40:00-04:00,1.9402999877929688,1.9408999681472778,1.940000057220459,1.940000057220459,1568,0.0,0.0
2024-06-26 09:45:00-04:00,1.899999976158142,1.899999976158142,1.899999976158142,1.899999976158142,2492,0.0,0.0
2024-06-26 09:50:00-04:00,1.9002000093460083,1.9149999618530273,1.850000023841858,1.850000023841858,12918,0.0,0.0
2024-06-26 09:55:00-04:00,1.8107000589370728,1.8107000589370728,1.7300000190734863,1.75,13004,0.0,0.0
2024-06-26 10:00:00-04:00,1.7649999856948853,1.8600000143051147,1.7649999856948853,1.8600000143051147,12177,0.0,0.0
2024-06-26 10:05:00-04:00,1.8875999450683594,1.8906999826431274,1.850000023841858,1.850000023841858,3207,0.0,0.0
2024-06-26 10:10:00-04:00,1.850000023841858,1.850000023841858,1.850000023841858,1.850000023841858,293,0.0,0.0
2024-06-26 10:15:00-04:00,1.8600000143051147,1.8600000143051147,1.8600000143051147,1.8600000143051147,1364,0.0,0.0
2024-06-26 10:25:00-04:00,1.850000023841858,1.8799999952316284,1.850000023841858,1.8700000047683716,3986,0.0,0.0
2024-06-26 10:35:00-04:00,1.850000023841858,1.850000023841858,1.850000023841858,1.850000023841858,368,0.0,0.0
2024-06-26 10:40:00-04:00,1.8550000190734863,1.8600000143051147,1.8550000190734863,1.8550000190734863,2130,0.0,0.0
2024-06-26 10:45:00-04:00,1.8600000143051147,1.8600000143051147,1.850000023841858,1.8600000143051147,7741,0.0,0.0
2024-06-26 10:50:00-04:00,1.8600000143051147,1.8600000143051147,1.8600000143051147,1.8600000143051147,248,0.0,0.0
2024-06-26 10:55:00-04:00,1.8600000143051147,1.8600000143051147,1.8575999736785889,1.8575999736785889,922,0.0,0.0
2024-06-26 11:05:00-04:00,1.8550000190734863,1.8609999418258667,1.8550000190734863,1.8609999418258667,3728,0.0,0.0
2024-06-26 11:10:00-04:00,1.8650000095367432,1.867300033569336,1.8650000095367432,1.867300033569336,1031,0.0,0.0
2024-06-26 11:15:00-04:00,1.8650000095367432,1.8700000047683716,1.8650000095367432,1.8700000047683716,2002,0.0,0.0
2024-06-26 11:20:00-04:00,1.8701000213623047,1.8701000213623047,1.8701000213623047,1.8701000213623047,537,0.0,0.0
2024-06-26 11:30:00-04:00,1.8865000009536743,1.8865000009536743,1.886299967765808,1.886299967765808,554,0.0,0.0
2024-06-26 11:45:00-04:00,1.8849999904632568,1.8849999904632568,1.881100058555603,1.881100058555603,3829,0.0,0.0
2024-06-26 12:00:00-04:00,1.8799999952316284,1.8799999952316284,1.8799999952316284,1.8799999952316284,177,0.0,0.0
2024-06-26 12:05:00-04:00,1.8801000118255615,1.8899999856948853,1.8801000118255615,1.8899999856948853,813,0.0,0.0
2024-06-26 12:20:00-04:00,1.8849999904632568,1.8849999904632568,1.8849999904632568,1.8849999904632568,1266,0.0,0.0
2024-06-26 12:25:00-04:00,1.888200044631958,1.888200044631958,1.8801000118255615,1.8849999904632568,1349,0.0,0.0
2024-06-26 12:30:00-04:00,1.8799999952316284,1.8899999856948853,1.8799999952316284,1.8799999952316284,778,0.0,0.0
2024-06-26 12:35:00-04:00,1.8849999904632568,1.940000057220459,1.8799999952316284,1.940000057220459,11311,0.0,0.0
2024-06-26 12:40:00-04:00,1.9700000286102295,1.9700000286102295,1.940000057220459,1.940000057220459,2663,0.0,0.0
2024-06-26 13:00:00-04:00,1.940000057220459,1.940000057220459,1.940000057220459,1.940000057220459,315,0.0,0.0
2024-06-26 13:05:00-04:00,1.9700000286102295,2.0299999713897705,1.9319000244140625,1.9700000286102295,13140,0.0,0.0
2024-06-26 13:10:00-04:00,1.9800000190734863,1.9800000190734863,1.9700000286102295,1.9700000286102295,1254,0.0,0.0
2024-06-26 13:15:00-04:00,1.9800000190734863,1.9800000190734863,1.9800000190734863,1.9800000190734863,519,0.0,0.0
2024-06-26 13:30:00-04:00,1.9900000095367432,1.9900000095367432,1.9199999570846558,1.9199999570846558,11163,0.0,0.0
2024-06-26 13:40:00-04:00,1.934999942779541,1.9700000286102295,1.934999942779541,1.9600000381469727,2147,0.0,0.0
2024-06-26 13:45:00-04:00,1.9700000286102295,1.9700000286102295,1.9700000286102295,1.9700000286102295,266,0.0,0.0
2024-06-26 13:50:00-04:00,1.9800000190734863,2.0299999713897705,1.9800000190734863,2.0,1455,0.0,0.0
2024-06-26 13:55:00-04:00,2.0299999713897705,2.0299999713897705,2.0,2.0,861,0.0,0.0
2024-06-26 14:00:00-04:00,2.0,2.0799999237060547,2.0,2.0799999237060547,5505,0.0,0.0
2024-06-26 14:05:00-04:00,2.0799999237060547,2.0999999046325684,2.0799999237060547,2.0950000286102295,6739,0.0,0.0
2024-06-26 14:15:00-04:00,2.0999999046325684,2.119999885559082,2.0950000286102295,2.0950000286102295,4628,0.0,0.0
2024-06-26 14:20:00-04:00,2.119999885559082,2.119999885559082,2.0906999111175537,2.0906999111175537,1847,0.0,0.0
2024-06-26 14:25:00-04:00,2.109999895095825,2.1530001163482666,2.0999999046325684,2.119999885559082,12173,0.0,0.0
2024-06-26 14:35:00-04:00,2.1500000953674316,2.1500000953674316,2.140000104904175,2.140000104904175,2752,0.0,0.0
2024-06-26 14:40:00-04:00,2.1500000953674316,2.1500000953674316,2.1500000953674316,2.1500000953674316,386,0.0,0.0
2024-06-26 14:45:00-04:00,2.125,2.1700000762939453,2.125,2.1700000762939453,1896,0.0,0.0
2024-06-26 14:50:00-04:00,2.1700000762939453,2.200000047683716,2.1700000762939453,2.1933000087738037,2211,0.0,0.0
2024-06-26 14:55:00-04:00,2.190000057220459,2.2300000190734863,2.190000057220459,2.190000057220459,20279,0.0,0.0
2024-06-26 15:00:00-04:00,2.200000047683716,2.200000047683716,2.200000047683716,2.200000047683716,842,0.0,0.0
2024-06-26 15:05:00-04:00,2.2249999046325684,2.2300000190734863,2.1500000953674316,2.1500000953674316,13128,0.0,0.0
2024-06-26 15:10:00-04:00,2.1700000762939453,2.1700000762939453,2.1700000762939453,2.1700000762939453,680,0.0,0.0
2024-06-26 15:15:00-04:00,2.1600000858306885,2.1600000858306885,2.119999885559082,2.119999885559082,5005,0.0,0.0
2024-06-26 15:20:00-04:00,2.1449999809265137,2.1600000858306885,2.1449999809265137,2.1600000858306885,828,0.0,0.0
2024-06-26 15:25:00-04:00,2.1679999828338623,2.1679999828338623,2.160099983215332,2.160099983215332,943,0.0,0.0
2024-06-26 15:30:00-04:00,2.1600000858306885,2.1649999618530273,2.1600000858306885,2.1649999618530273,1800,0.0,0.0
2024-06-26 15:35:00-04:00,2.1449999809265137,2.174999952316284,2.1449999809265137,2.1600000858306885,1814,0.0,0.0
2024-06-26 15:40:00-04:00,2.1600000858306885,2.174499988555908,2.1500000953674316,2.1500000953674316,2768,0.0,0.0
2024-06-26 15:45:00-04:00,2.150099992752075,2.150099992752075,2.1500000953674316,2.1500000953674316,2873,0.0,0.0
2024-06-26 15:50:00-04:00,2.1500000953674316,2.1700000762939453,2.1500000953674316,2.166800022125244,3708,0.0,0.0
2024-06-26 15:55:00-04:00,2.1700000762939453,2.200000047683716,2.109999895095825,2.1649999618530273,13177,0.0,0.0
2024-06-27 09:30:00-04:00,2.049999952316284,2.109499931335449,2.0350000858306885,2.109499931335449,8149,0.0,0.0
2024-06-27 09:35:00-04:00,2.0899999141693115,2.0899999141693115,2.0899999141693115,2.0899999141693115,1009,0.0,0.0
2024-06-27 09:40:00-04:00,2.0899999141693115,2.1500000953674316,2.0899999141693115,2.1500000953674316,449,0.0,0.0
2024-06-27 09:45:00-04:00,2.1500000953674316,2.1500000953674316,2.119999885559082,2.125,4337,0.0,0.0
2024-06-27 09:50:00-04:00,2.1500000953674316,2.1500000953674316,2.113600015640259,2.113600015640259,1402,0.0,0.0
2024-06-27 09:55:00-04:00,2.1500000953674316,2.1500000953674316,2.1500000953674316,2.1500000953674316,234,0.0,0.0
2024-06-27 10:00:00-04:00,2.1500000953674316,2.2058000564575195,2.1500000953674316,2.190000057220459,9636,0.0,0.0
2024-06-27 10:05:00-04:00,2.1874001026153564,2.1874001026153564,2.1874001026153564,2.1874001026153564,375,0.0,0.0
2024-06-27 10:10:00-04:00,2.194999933242798,2.2200000286102295,2.180000066757202,2.180000066757202,7640,0.0,0.0
2024-06-27 10:15:00-04:00,2.1846001148223877,2.1846001148223877,2.1846001148223877,2.1846001148223877,371,0.0,0.0
2024-06-27 10:20:00-04:00,2.1802000999450684,2.242300033569336,2.1802000999450684,2.242300033569336,3447,0.0,0.0
2024-06-27 10:25:00-04:00,2.240000009536743,2.2699999809265137,2.240000009536743,2.2699999809265137,3187,0.0,0.0
2024-06-27 10:30:00-04:00,2.2799999713897705,2.2799999713897705,2.2799999713897705,2.2799999713897705,2445,0.0,0.0
2024-06-27 10:35:00-04:00,2.299999952316284,2.3011999130249023,2.2699999809265137,2.2699999809265137,8715,0.0,0.0
2024-06-27 10:40:00-04:00,2.2699999809265137,2.315700054168701,2.25,2.264899969100952,26799,0.0,0.0
2024-06-27 10:50:00-04:00,2.2850000858306885,2.309999942779541,2.2850000858306885,2.309999942779541,2354,0.0,0.0
2024-06-27 10:55:00-04:00,2.319999933242798,2.3499999046325684,2.309999942779541,2.3499999046325684,11648,0.0,0.0
2024-06-27 11:00:00-04:00,2.359999895095825,2.369999885559082,2.319999933242798,2.369999885559082,11938,0.0,0.0
2024-06-27 11:05:00-04:00,2.369999885559082,2.369999885559082,2.3299999237060547,2.369999885559082,6881,0.0,0.0
2024-06-27 11:10:00-04:00,2.390000104904175,2.4040000438690186,2.309999942779541,2.4040000438690186,2773,0.0,0.0
2024-06-27 11:15:00-04:00,2.4000000953674316,2.4000000953674316,2.4000000953674316,2.4000000953674316,528,0.0,0.0
2024-06-27 11:20:00-04:00,2.3499999046325684,2.359999895095825,2.309999942779541,2.3299999237060547,4842,0.0,0.0
2024-06-27 11:25:00-04:00,2.259999990463257,2.3299999237060547,2.259999990463257,2.3299999237060547,646,0.0,0.0
2024-06-27 11:30:00-04:00,2.3025999069213867,2.3025999069213867,2.24399995803833,2.255000114440918,1388,0.0,0.0
2024-06-27 11:45:00-04:00,2.180000066757202,2.180000066757202,2.1700000762939453,2.1700000762939453,4036,0.0,0.0
2024-06-27 11:50:00-04:00,2.1907999515533447,2.1907999515533447,2.1907999515533447,2.1907999515533447,222,0.0,0.0
2024-06-27 11:55:00-04:00,2.25,2.25,2.2100000381469727,2.2100000381469727,2031,0.0,0.0
2024-06-27 12:10:00-04:00,2.219899892807007,2.219899892807007,2.2100000381469727,2.2100000381469727,866,0.0,0.0
2024-06-27 12:15:00-04:00,2.234999895095825,2.2492001056671143,2.234999895095825,2.2492001056671143,866,0.0,0.0
2024-06-27 12:30:00-04:00,2.25,2.25,2.25,2.25,112,0.0,0.0
2024-06-27 12:35:00-04:00,2.2499001026153564,2.2499001026153564,2.2202999591827393,2.2300000190734863,1505,0.0,0.0
2024-06-27 12:40:00-04:00,2.2100000381469727,2.2100000381469727,2.2100000381469727,2.2100000381469727,755,0.0,0.0
2024-06-27 12:45:00-04:00,2.190000057220459,2.200000047683716,2.130000114440918,2.130000114440918,4797,0.0,0.0
2024-06-27 12:50:00-04:00,2.130000114440918,2.130000114440918,2.130000114440918,2.130000114440918,778,0.0,0.0
2024-06-27 12:55:00-04:00,2.0799999237060547,2.119999885559082,2.0799999237060547,2.0899999141693115,6327,0.0,0.0
2024-06-27 13:00:00-04:00,2.119999885559082,2.2100000381469727,2.119999885559082,2.2100000381469727,4464,0.0,0.0
2024-06-27 13:15:00-04:00,2.1449999809265137,2.1449999809265137,2.1449999809265137,2.1449999809265137,408,0.0,0.0
2024-06-27 13:20:00-04:00,2.088599920272827,2.0899999141693115,2.0799999237060547,2.0899999141693115,3522,0.0,0.0
2024-06-27 13:25:00-04:00,2.0799999237060547,2.0799999237060547,2.0799999237060547,2.0799999237060547,969,0.0,0.0
2024-06-27 13:30:00-04:00,2.117300033569336,2.117300033569336,2.117300033569336,2.117300033569336,866,0.0,0.0
2024-06-27 13:35:00-04:00,2.0999999046325684,2.1500000953674316,2.0799999237060547,2.125,6010,0.0,0.0
2024-06-27 13:45:00-04:00,2.130000114440918,2.130000114440918,2.130000114440918,2.130000114440918,780,0.0,0.0
2024-06-27 13:50:00-04:00,2.1019999980926514,2.1019999980926514,2.1019999980926514,2.1019999980926514,1321,0.0,0.0
2024-06-27 13:55:00-04:00,2.125,2.1600000858306885,2.125,2.1600000858306885,1029,0.0,0.0
2024-06-27 14:00:00-04:00,2.0999999046325684,2.0999999046325684,2.0999999046325684,2.0999999046325684,257,0.0,0.0
2024-06-27 14:05:00-04:00,2.0899999141693115,2.0899999141693115,2.0899999141693115,2.0899999141693115,1245,0.0,0.0
2024-06-27 14:15:00-04:00,2.1500000953674316,2.1500000953674316,2.0799999237060547,2.0950000286102295,4023,0.0,0.0
2024-06-27 14:20:00-04:00,2.075000047683716,2.1050000190734863,2.0199999809265137,2.0299999713897705,1965,0.0,0.0
2024-06-27 14:25:00-04:00,2.065999984741211,2.065999984741211,2.0399999618530273,2.0399999618530273,1655,0.0,0.0
2024-06-27 14:30:00-04:00,2.0399999618530273,2.0399999618530273,2.0399999618530273,2.0399999618530273,398,0.0,0.0
2024-06-27 14:35:00-04:00,2.0399999618530273,2.0450000762939453,2.0399999618530273,2.0450000762939453,529,0.0,0.0
2024-06-27 14:40:00-04:00,2.0450000762939453,2.0450000762939453,2.0450000762939453,2.0450000762939453,1319,0.0,0.0
2024-06-27 14:45:00-04:00,2.0799999237060547,2.0799999237060547,2.0450000762939453,2.049999952316284,2237,0.0,0.0
2024-06-27 14:50:00-04:00,2.0450000762939453,2.059999942779541,2.0350000858306885,2.0350000858306885,962,0.0,0.0
2024-06-27 14:55:00-04:00,2.0350000858306885,2.0350000858306885,2.0350000858306885,2.0350000858306885,576,0.0,0.0
2024-06-27 15:00:00-04:00,2.0350000858306885,2.109999895095825,2.0350000858306885,2.075000047683716,5275,0.0,0.0
2024-06-27 15:05:00-04:00,2.065000057220459,2.1500000953674316,2.065000057220459,2.1500000953674316,4359,0.0,0.0
2024-06-27 15:15:00-04:00,2.1600000858306885,2.1600000858306885,2.1600000858306885,2.1600000858306885,1340,0.0,0.0
2024-06-27 15:20:00-04:00,2.190000057220459,2.200000047683716,2.190000057220459,2.200000047683716,1050,0.0,0.0
2024-06-27 15:25:00-04:00,2.180000066757202,2.180000066757202,2.130000114440918,2.140000104904175,5755,0.0,0.0
2024-06-27 15:30:00-04:00,2.109999895095825,2.109999895095825,2.109999895095825,2.109999895095825,827,0.0,0.0
2024-06-27 15:35:00-04:00,2.0399999618530273,2.0399999618530273,2.009999990463257,2.009999990463257,587,0.0,0.0
2024-06-27 15:40:00-04:00,1.9900000095367432,2.0399999618530273,1.9800000190734863,1.9900000095367432,5057,0.0,0.0
2024-06-27 15:45:00-04:00,1.9900000095367432,2.0199999809265137,1.9900000095367432,2.0,8483,0.0,0.0
2024-06-27 15:50:00-04:00,1.9600000381469727,2.0199999809265137,1.9457000494003296,2.0199999809265137,12069,0.0,0.0
2024-06-27 15:55:00-04:00,1.9900000095367432,2.0299999713897705,1.9900000095367432,2.0,3130,0.0,0.0
2024-06-28 09:30:00-04:00,2.049999952316284,2.049999952316284,2.049999952316284,2.049999952316284,9164,0.0,0.0
2024-06-28 09:40:00-04:00,2.059999942779541,2.059999942779541,2.059999942779541,2.059999942779541,105,0.0,0.0
2024-06-28 09:45:00-04:00,2.072000026702881,2.0969998836517334,2.072000026702881,2.0964999198913574,795,0.0,0.0
2024-06-28 09:50:00-04:00,2.0831000804901123,2.0831000804901123,2.049999952316284,2.049999952316284,1009,0.0,0.0
2024-06-28 09:55:00-04:00,2.009999990463257,2.009999990463257,2.009999990463257,2.009999990463257,203,0.0,0.0
2024-06-28 10:00:00-04:00,2.012200117111206,2.012200117111206,2.012200117111206,2.012200117111206,421,0.0,0.0
2024-06-28 10:05:00-04:00,2.020699977874756,2.020699977874756,2.020699977874756,2.020699977874756,464,0.0,0.0
2024-06-28 10:10:00-04:00,2.009999990463257,2.009999990463257,2.009999990463257,2.009999990463257,244,0.0,0.0
2024-06-28 10:15:00-04:00,1.9700000286102295,1.9850000143051147,1.9700000286102295,1.9850000143051147,589,0.0,0.0
2024-06-28 10:20:00-04:00,1.9900000095367432,2.0199999809265137,1.9700000286102295,2.009999990463257,19027,0.0,0.0
2024-06-28 10:25:00-04:00,2.034600019454956,2.034600019454956,2.0299999713897705,2.030100107192993,1224,0.0,0.0
2024-06-28 10:30:00-04:00,2.0399999618530273,2.0399999618530273,1.9800000190734863,1.9800000190734863,1231,0.0,0.0
2024-06-28 10:35:00-04:00,2.0199999809265137,2.0199999809265137,2.0199999809265137,2.0199999809265137,270,0.0,0.0
2024-06-28 10:40:00-04:00,2.0350000858306885,2.0899999141693115,2.0350000858306885,2.065000057220459,2111,0.0,0.0
2024-06-28 10:45:00-04:00,2.0299999713897705,2.0299999713897705,2.0299999713897705,2.0299999713897705,379,0.0,0.0
2024-06-28 10:50:00-04:00,2.059999942779541,2.059999942779541,2.0299999713897705,2.0299999713897705,383,0.0,0.0
2024-06-28 10:55:00-04:00,2.0299999713897705,2.0299999713897705,2.0299999713897705,2.0299999713897705,386,0.0,0.0
2024-06-28 11:00:00-04:00,2.0548999309539795,2.0899999141693115,2.0399999618530273,2.069999933242798,2517,0.0,0.0
2024-06-28 11:05:00-04:00,2.049999952316284,2.049999952316284,2.049999952316284,2.049999952316284,292,0.0,0.0
2024-06-28 11:10:00-04:00,2.049999952316284,2.0999999046325684,2.049999952316284,2.0999999046325684,2091,0.0,0.0
2024-06-28 11:15:00-04:00,2.111799955368042,2.111799955368042,2.109999895095825,2.109999895095825,1140,0.0,0.0
2024-06-28 11:25:00-04:00,2.1500000953674316,2.1500000953674316,2.140000104904175,2.140000104904175,1191,0.0,0.0
2024-06-28 11:30:00-04:00,2.1700000762939453,2.1700000762939453,2.150099992752075,2.150099992752075,2039,0.0,0.0
2024-06-28 11:35:00-04:00,2.1647000312805176,2.1647000312805176,2.1647000312805176,2.1647000312805176,854,0.0,0.0
2024-06-28 11:40:00-04:00,2.140000104904175,2.1700000762939453,2.140000104904175,2.1700000762939453,1070,0.0,0.0
2024-06-28 11:45:00-04:00,2.1700000762939453,2.259999990463257,2.1700000762939453,2.2500998973846436,19379,0.0,0.0
2024-06-28 11:50:00-04:00,2.2532999515533447,2.2532999515533447,2.2000999450683594,2.2000999450683594,6974,0.0,0.0
2024-06-28 11:55:00-04:00,2.200000047683716,2.2239999771118164,2.1900999546051025,2.2200000286102295,5271,0.0,0.0
2024-06-28 12:00:00-04:00,2.180000066757202,2.1800999641418457,2.180000066757202,2.1800999641418457,1623,0.0,0.0
2024-06-28 12:05:00-04:00,2.190000057220459,2.190000057220459,2.190000057220459,2.190000057220459,305,0.0,0.0
2024-06-28 12:10:00-04:00,2.190000057220459,2.2149999141693115,2.190000057220459,2.2149999141693115,547,0.0,0.0
2024-06-28 12:15:00-04:00,2.25,2.25,2.180000066757202,2.25,1385,0.0,0.0
2024-06-28 12:20:00-04:00,2.25,2.25,2.190000057220459,2.200000047683716,2047,0.0,0.0
2024-06-28 12:25:00-04:00,2.1951000690460205,2.259999990463257,2.1951000690460205,2.2200000286102295,1913,0.0,0.0
2024-06-28 12:30:00-04:00,2.240000009536743,2.240000009536743,2.2200000286102295,2.2200000286102295,411,0.0,0.0
2024-06-28 12:35:00-04:00,2.223299980163574,2.223299980163574,2.223299980163574,2.223299980163574,1922,0.0,0.0
2024-06-28 12:40:00-04:00,2.240000009536743,2.246000051498413,2.190000057220459,2.190000057220459,4648,0.0,0.0
2024-06-28 12:45:00-04:00,2.190200090408325,2.2249999046325684,2.190000057220459,2.195499897003174,3172,0.0,0.0
2024-06-28 12:50:00-04:00,2.200000047683716,2.200000047683716,2.190000057220459,2.190000057220459,450,0.0,0.0
2024-06-28 12:55:00-04:00,2.190000057220459,2.1981000900268555,2.190000057220459,2.195499897003174,1596,0.0,0.0
2024-06-28 13:00:00-04:00,2.2249999046325684,2.2249999046325684,2.1800999641418457,2.2067999839782715,7218,0.0,0.0
2024-06-28 13:05:00-04:00,2.180000066757202,2.180000066757202,2.180000066757202,2.180000066757202,1856,0.0,0.0
2024-06-28 13:15:00-04:00,2.240000009536743,2.240000009536743,2.190000057220459,2.190000057220459,2758,0.0,0.0
2024-06-28 13:20:00-04:00,2.2249999046325684,2.259999990463257,2.190000057220459,2.190000057220459,1084,0.0,0.0
2024-06-28 13:25:00-04:00,2.190000057220459,2.190000057220459,2.190000057220459,2.190000057220459,362,0.0,0.0
2024-06-28 13:30:00-04:00,2.200000047683716,2.2249999046325684,2.190000057220459,2.200000047683716,792,0.0,0.0
2024-06-28 13:35:00-04:00,2.200000047683716,2.200000047683716,2.180000066757202,2.190000057220459,795,0.0,0.0
2024-06-28 13:40:00-04:00,2.1800999641418457,2.2249999046325684,2.180000066757202,2.2249999046325684,948,0.0,0.0
2024-06-28 13:45:00-04:00,2.190000057220459,2.190000057220459,2.180000066757202,2.180000066757202,453,0.0,0.0
2024-06-28 13:50:00-04:00,2.2300000190734863,2.26990008354187,2.180000066757202,2.234999895095825,13072,0.0,0.0
2024-06-28 13:55:00-04:00,2.234999895095825,2.2699999809265137,2.180000066757202,2.2699999809265137,1351,0.0,0.0
2024-06-28 14:00:00-04:00,2.2899999618530273,2.3299999237060547,2.2899999618530273,2.299999952316284,1939,0.0,0.0
2024-06-28 14:05:00-04:00,2.299999952316284,2.300100088119507,2.27239990234375,2.299999952316284,5850,0.0,0.0
2024-06-28 14:10:00-04:00,2.3399999141693115,2.3499999046325684,2.2699999809265137,2.309999942779541,3549,0.0,0.0
2024-06-28 14:15:00-04:00,2.3450000286102295,2.3450000286102295,2.3299999237060547,2.3299999237060547,1866,0.0,0.0
2024-06-28 14:20:00-04:00,2.3299999237060547,2.3399999141693115,2.2899999618530273,2.3299999237060547,5243,0.0,0.0
2024-06-28 14:25:00-04:00,2.3299999237060547,2.369999885559082,2.3299999237060547,2.369999885559082,4495,0.0,0.0
2024-06-28 14:35:00-04:00,2.3499999046325684,2.359999895095825,2.319999933242798,2.3499999046325684,8619,0.0,0.0
2024-06-28 14:40:00-04:00,2.2799999713897705,2.299999952316284,2.2699999809265137,2.2850000858306885,1960,0.0,0.0
2024-06-28 14:45:00-04:00,2.240000009536743,2.240000009536743,2.2300000190734863,2.240000009536743,1501,0.0,0.0
2024-06-28 14:50:00-04:00,2.299999952316284,2.299999952316284,2.240000009536743,2.240000009536743,743,0.0,0.0
2024-06-28 14:55:00-04:00,2.2400999069213867,2.2699999809265137,2.240000009536743,2.2699999809265137,738,0.0,0.0
2024-06-28 15:00:00-04:00,2.299999952316284,2.299999952316284,2.2400999069213867,2.244999885559082,1957,0.0,0.0
2024-06-28 15:05:00-04:00,2.2100000381469727,2.2100000381469727,2.2100000381469727,2.2100000381469727,261,0.0,0.0
2024-06-28 15:10:00-04:00,2.2100000381469727,2.244999885559082,2.2100000381469727,2.2200000286102295,1539,0.0,0.0
2024-06-28 15:15:00-04:00,2.2790000438690186,2.2790000438690186,2.0999999046325684,2.109999895095825,15396,0.0,0.0
2024-06-28 15:20:00-04:00,2.140000104904175,2.140000104904175,2.140000104904175,2.140000104904175,1197,0.0,0.0
2024-06-28 15:30:00-04:00,2.140000104904175,2.194000005722046,2.140000104904175,2.194000005722046,823,0.0,0.0
2024-06-28 15:35:00-04:00,2.200000047683716,2.200000047683716,2.150099992752075,2.1700000762939453,1537,0.0,0.0
2024-06-28 15:40:00-04:00,2.1500000953674316,2.190000057220459,2.140000104904175,2.1649999618530273,1170,0.0,0.0
2024-06-28 15:45:00-04:00,2.1649999618530273,2.190000057220459,2.1500000953674316,2.1552999019622803,3022,0.0,0.0
2024-06-28 15:50:00-04:00,2.180000066757202,2.2850000858306885,2.1633999347686768,2.1649999618530273,25212,0.0,0.0
2024-06-28 15:55:00-04:00,2.200000047683716,2.2620999813079834,2.119999885559082,2.1600000858306885,128721,0.0,0.0
2024-07-01 09:30:00-04:00,2.130000114440918,2.130000114440918,2.0999999046325684,2.115000009536743,4252,0.0,0.0
2024-07-01 09:35:00-04:00,2.0754001140594482,2.0799999237060547,2.0250000953674316,2.069999933242798,3457,0.0,0.0
2024-07-01 09:40:00-04:00,2.065000057220459,2.065000057220459,2.059999942779541,2.059999942779541,207,0.0,0.0
2024-07-01 09:45:00-04:00,2.0899999141693115,2.098299980163574,2.069999933242798,2.069999933242798,873,0.0,0.0
2024-07-01 09:50:00-04:00,2.069999933242798,2.0999999046325684,2.0404999256134033,2.0799999237060547,4653,0.0,0.0
2024-07-01 10:05:00-04:00,2.0850000381469727,2.0850000381469727,2.059999942779541,2.0850000381469727,3133,0.0,0.0
2024-07-01 10:10:00-04:00,2.109999895095825,2.109999895095825,2.109999895095825,2.109999895095825,495,0.0,0.0
2024-07-01 10:20:00-04:00,2.059999942779541,2.119999885559082,2.059999942779541,2.0850000381469727,4538,0.0,0.0
2024-07-01 10:30:00-04:00,2.049999952316284,2.049999952316284,2.049999952316284,2.049999952316284,194,0.0,0.0
2024-07-01 10:35:00-04:00,2.0599000453948975,2.0850000381469727,2.0599000453948975,2.0850000381469727,661,0.0,0.0
2024-07-01 10:40:00-04:00,2.0850000381469727,2.0999999046325684,2.0850000381469727,2.0999999046325684,1666,0.0,0.0
2024-07-01 10:45:00-04:00,2.0950000286102295,2.109999895095825,2.049999952316284,2.0899999141693115,7550,0.0,0.0
2024-07-01 10:50:00-04:00,2.009999990463257,2.0399999618530273,1.940000057220459,1.975000023841858,6954,0.0,0.0
2024-07-01 10:55:00-04:00,1.9299999475479126,1.9299999475479126,1.7699999809265137,1.7999999523162842,33457,0.0,0.0
2024-07-01 11:00:00-04:00,1.8200000524520874,1.840000033378601,1.7200000286102295,1.7200000286102295,24707,0.0,0.0
2024-07-01 11:05:00-04:00,1.7390999794006348,1.7898000478744507,1.7200000286102295,1.774999976158142,16879,0.0,0.0
2024-07-01 11:10:00-04:00,1.7599999904632568,1.7685999870300293,1.7300000190734863,1.7400000095367432,12361,0.0,0.0
2024-07-01 11:15:00-04:00,1.7400000095367432,1.7400000095367432,1.7200000286102295,1.7200000286102295,6783,0.0,0.0
2024-07-01 11:20:00-04:00,1.7200000286102295,1.75,1.6699999570846558,1.67739999294281,16900,0.0,0.0
2024-07-01 11:25:00-04:00,1.7000000476837158,1.7299000024795532,1.690000057220459,1.7000000476837158,5000,0.0,0.0
2024-07-01 11:30:00-04:00,1.7049000263214111,1.75,1.7049000263214111,1.7100000381469727,12413,0.0,0.0
2024-07-01 11:35:00-04:00,1.7350000143051147,1.749899983406067,1.6699999570846558,1.690000057220459,10185,0.0,0.0
2024-07-01 11:40:00-04:00,1.7023999691009521,1.7269999980926514,1.7000000476837158,1.7000000476837158,785,0.0,0.0
2024-07-01 11:45:00-04:00,1.7028000354766846,1.7269999980926514,1.7028000354766846,1.722599983215332,1954,0.0,0.0
2024-07-01 11:55:00-04:00,1.6950000524520874,1.6950000524520874,1.6699999570846558,1.6699999570846558,4119,0.0,0.0
2024-07-01 12:05:00-04:00,1.7100000381469727,1.7100000381469727,1.6799999475479126,1.6799999475479126,2060,0.0,0.0
2024-07-01 12:10:00-04:00,1.7037999629974365,1.7037999629974365,1.7037999629974365,1.7037999629974365,1257,0.0,0.0
2024-07-01 12:15:00-04:00,1.7100000381469727,1.7300000190734863,1.7100000381469727,1.7100000381469727,3062,0.0,0.0
2024-07-01 12:20:00-04:00,1.7300000190734863,1.7300000190734863,1.6799999475479126,1.6799999475479126,7870,0.0,0.0
2024-07-01 12:25:00-04:00,1.6842000484466553,1.6842000484466553,1.6842000484466553,1.6842000484466553,146,0.0,0.0
2024-07-01 12:30:00-04:00,1.6899000406265259,1.690600037574768,1.6799999475479126,1.690600037574768,3481,0.0,0.0
2024-07-01 12:35:00-04:00,1.6920000314712524,1.6920000314712524,1.6920000314712524,1.6920000314712524,460,0.0,0.0
2024-07-01 12:40:00-04:00,1.6993999481201172,1.6993999481201172,1.690000057220459,1.690000057220459,896,0.0,0.0
2024-07-01 12:45:00-04:00,1.6950000524520874,1.6999000310897827,1.6799999475479126,1.6799999475479126,7295,0.0,0.0
2024-07-01 12:50:00-04:00,1.6893999576568604,1.6899000406265259,1.6799999475479126,1.6799999475479126,1372,0.0,0.0
2024-07-01 12:55:00-04:00,1.6883000135421753,1.6883000135421753,1.6883000135421753,1.6883000135421753,287,0.0,0.0
2024-07-01 13:00:00-04:00,1.684999942779541,1.690000057220459,1.6799999475479126,1.6799999475479126,2162,0.0,0.0
2024-07-01 13:05:00-04:00,1.690000057220459,1.690000057220459,1.6799999475479126,1.6897000074386597,2695,0.0,0.0
2024-07-01 13:10:00-04:00,1.6799999475479126,1.6800999641418457,1.6677000522613525,1.6677000522613525,14954,0.0,0.0
2024-07-01 13:15:00-04:00,1.6677000522613525,1.669700026512146,1.5499999523162842,1.6299999952316284,19003,0.0,0.0
2024-07-01 13:20:00-04:00,1.6399999856948853,1.659999966621399,1.6299999952316284,1.6556999683380127,14834,0.0,0.0
2024-07-01 13:25:00-04:00,1.649999976158142,1.7100000381469727,1.590000033378601,1.7100000381469727,64009,0.0,0.0
2024-07-01 13:30:00-04:00,1.6799999475479126,1.690000057220459,1.659999966621399,1.690000057220459,0,0.0,0.0
2024-07-01 13:35:00-04:00,1.690000057220459,1.7096999883651733,1.6799999475479126,1.6799999475479126,6220,0.0,0.0
2024-07-01 13:40:00-04:00,1.7038999795913696,1.7038999795913696,1.7038999795913696,1.7038999795913696,594,0.0,0.0
2024-07-01 13:45:00-04:00,1.7000000476837158,1.7000000476837158,1.7000000476837158,1.7000000476837158,683,0.0,0.0
2024-07-01 13:50:00-04:00,1.6649999618530273,1.6649999618530273,1.6649999618530273,1.6649999618530273,200,0.0,0.0
2024-07-01 13:55:00-04:00,1.6694999933242798,1.6694999933242798,1.6416000127792358,1.649999976158142,6978,0.0,0.0
2024-07-01 14:00:00-04:00,1.6449999809265137,1.649999976158142,1.6449999809265137,1.649999976158142,5276,0.0,0.0
2024-07-01 14:05:00-04:00,1.6549999713897705,1.6549999713897705,1.6232999563217163,1.6232999563217163,3267,0.0,0.0
2024-07-01 14:10:00-04:00,1.6399999856948853,1.649999976158142,1.6299999952316284,1.6369999647140503,11766,0.0,0.0
2024-07-01 14:15:00-04:00,1.6201000213623047,1.6201000213623047,1.6201000213623047,1.6201000213623047,474,0.0,0.0
2024-07-01 14:20:00-04:00,1.6301000118255615,1.6301000118255615,1.6301000118255615,1.6301000118255615,484,0.0,0.0
2024-07-01 14:25:00-04:00,1.63100004196167,1.63100004196167,1.625,1.6291999816894531,8931,0.0,0.0
2024-07-01 14:30:00-04:00,1.6297999620437622,1.6297999620437622,1.6297999620437622,1.6297999620437622,558,0.0,0.0
2024-07-01 14:35:00-04:00,1.6299999952316284,1.6299999952316284,1.6205999851226807,1.6205999851226807,6705,0.0,0.0
2024-07-01 14:40:00-04:00,1.6100000143051147,1.6100000143051147,1.5994000434875488,1.5997999906539917,2528,0.0,0.0
2024-07-01 14:45:00-04:00,1.5750000476837158,1.5870000123977661,1.5750000476837158,1.5870000123977661,1102,0.0,0.0
2024-07-01 14:50:00-04:00,1.6167999505996704,1.6197999715805054,1.5800000429153442,1.600000023841858,3339,0.0,0.0
2024-07-01 15:00:00-04:00,1.5950000286102295,1.6098999977111816,1.5950000286102295,1.600000023841858,2945,0.0,0.0
2024-07-01 15:05:00-04:00,1.6105999946594238,1.6200000047683716,1.6105999946594238,1.6200000047683716,2702,0.0,0.0
2024-07-01 15:10:00-04:00,1.628000020980835,1.6398999691009521,1.628000020980835,1.6398999691009521,1378,0.0,0.0
2024-07-01 15:15:00-04:00,1.659999966621399,1.659999966621399,1.6410000324249268,1.649999976158142,5486,0.0,0.0
2024-07-01 15:20:00-04:00,1.6301000118255615,1.6301000118255615,1.6301000118255615,1.6301000118255615,973,0.0,0.0
2024-07-01 15:25:00-04:00,1.6404999494552612,1.6435999870300293,1.6404999494552612,1.6430000066757202,666,0.0,0.0
2024-07-01 15:30:00-04:00,1.649399995803833,1.649399995803833,1.6449999809265137,1.6449999809265137,1406,0.0,0.0
2024-07-01 15:35:00-04:00,1.6449999809265137,1.6449999809265137,1.6399999856948853,1.6399999856948853,628,0.0,0.0
2024-07-01 15:40:00-04:00,1.649899959564209,1.6699999570846558,1.6497000455856323,1.6497000455856323,9372,0.0,0.0
2024-07-01 15:45:00-04:00,1.6449999809265137,1.649999976158142,1.6401000022888184,1.649999976158142,4379,0.0,0.0
2024-07-01 15:50:00-04:00,1.6461999416351318,1.6491999626159668,1.6399999856948853,1.6491999626159668,1124,0.0,0.0
2024-07-01 15:55:00-04:00,1.6309000253677368,1.659999966621399,1.6200000047683716,1.6200000047683716,25016,0.0,0.0
2024-07-02 09:30:00-04:00,2.390000104904175,2.4000000953674316,2.1600000858306885,2.170099973678589,7336183,0.0,0.0
2024-07-02 09:35:00-04:00,2.174999952316284,2.299999952316284,2.0999999046325684,2.2500998973846436,801301,0.0,0.0
2024-07-02 09:40:00-04:00,2.2500998973846436,2.4700000286102295,2.2100000381469727,2.4600000381469727,783411,0.0,0.0
2024-07-02 09:45:00-04:00,2.4549999237060547,2.890000104904175,2.380000114440918,2.819999933242798,5683879,0.0,0.0
2024-07-02 09:50:00-04:00,2.8208000659942627,3.1898999214172363,2.6710000038146973,3.025700092315674,7897408,0.0,0.0
2024-07-02 09:55:00-04:00,3.0250000953674316,3.3099000453948975,2.9200000762939453,3.1700000762939453,8292599,0.0,0.0
2024-07-02 10:00:00-04:00,3.160099983215332,3.240000009536743,2.880000114440918,3.0450000762939453,5865745,0.0,0.0
2024-07-02 10:05:00-04:00,3.0450000762939453,3.25,3.0199999809265137,3.0559000968933105,6762509,0.0,0.0
2024-07-02 10:10:00-04:00,3.0589001178741455,3.2300000190734863,3.0299999713897705,3.0975000858306885,4611550,0.0,0.0
2024-07-02 10:15:00-04:00,3.09879994392395,3.1500000953674316,2.9700000286102295,3.0546998977661133,4291504,0.0,0.0
2024-07-02 10:20:00-04:00,3.055000066757202,3.0999999046325684,2.98009991645813,3.0797998905181885,3442821,0.0,0.0
2024-07-02 10:25:00-04:00,3.0799999237060547,3.25,2.809999942779541,2.8450000286102295,7527672,0.0,0.0
2024-07-02 10:30:00-04:00,2.8499999046325684,2.9200000762939453,2.740000009536743,2.7699999809265137,2775003,0.0,0.0
2024-07-02 10:35:00-04:00,2.7699999809265137,2.880000114440918,2.700000047683716,2.8201000690460205,1626919,0.0,0.0
2024-07-02 10:40:00-04:00,2.8201000690460205,2.859999895095825,2.809999942779541,2.8310000896453857,642778,0.0,0.0
2024-07-02 10:45:00-04:00,2.8301000595092773,2.9200000762939453,2.819999933242798,2.8450000286102295,1225855,0.0,0.0
2024-07-02 10:50:00-04:00,2.8450000286102295,2.84879994392395,2.7699999809265137,2.820199966430664,787434,0.0,0.0
2024-07-02 10:55:00-04:00,2.8299999237060547,2.8399999141693115,2.7300000190734863,2.755000114440918,658101,0.0,0.0
2024-07-02 11:00:00-04:00,2.75,2.9000000953674316,2.740000009536743,2.88100004196167,793719,0.0,0.0
2024-07-02 11:05:00-04:00,2.880199909210205,2.9000000953674316,2.7799999713897705,2.799999952316284,938763,0.0,0.0
2024-07-02 11:10:00-04:00,2.805000066757202,2.8299999237060547,2.7699999809265137,2.815000057220459,393555,0.0,0.0
2024-07-02 11:15:00-04:00,2.815000057220459,2.940000057220459,2.7899999618530273,2.9100000858306885,1538953,0.0,0.0
2024-07-02 11:20:00-04:00,2.9198999404907227,3.0899999141693115,2.869999885559082,3.039400100708008,2913132,0.0,0.0
2024-07-02 11:25:00-04:00,3.0350000858306885,3.0799999237060547,2.9649999141693115,3.0100998878479004,2081878,0.0,0.0
2024-07-02 11:30:00-04:00,3.01990008354187,3.049999952316284,2.950000047683716,2.9800000190734863,1627714,0.0,0.0
2024-07-02 11:35:00-04:00,2.970099925994873,3.069999933242798,2.7300000190734863,2.8099000453948975,2911189,0.0,0.0
2024-07-02 11:40:00-04:00,2.800100088119507,2.8299999237060547,2.7799999713897705,2.7950000762939453,665029,0.0,0.0
2024-07-02 11:45:00-04:00,2.7950000762939453,2.829900026321411,2.7799999713897705,2.799999952316284,415008,0.0,0.0
2024-07-02 11:50:00-04:00,2.805000066757202,2.869999885559082,2.805000066757202,2.8108999729156494,536437,0.0,0.0
2024-07-02 11:55:00-04:00,2.815000057220459,2.8499999046325684,2.809999942779541,2.829900026321411,268974,0.0,0.0
2024-07-02 12:00:00-04:00,2.825000047683716,2.8290998935699463,2.7899999618530273,2.7988998889923096,302942,0.0,0.0
2024-07-02 12:05:00-04:00,2.7920000553131104,2.8032000064849854,2.7699999809265137,2.7950000762939453,311596,0.0,0.0
2024-07-02 12:10:00-04:00,2.79010009765625,2.8499999046325684,2.79010009765625,2.815000057220459,340545,0.0,0.0
2024-07-02 12:15:00-04:00,2.811800003051758,2.8299999237060547,2.7899999618530273,2.7904000282287598,142594,0.0,0.0
2024-07-02 12:20:00-04:00,2.7901999950408936,2.819999933242798,2.79010009765625,2.799999952316284,165838,0.0,0.0
2024-07-02 12:25:00-04:00,2.805000066757202,2.815000057220459,2.7799999713897705,2.7809998989105225,205419,0.0,0.0
2024-07-02 12:30:00-04:00,2.780100107192993,2.8399999141693115,2.759999990463257,2.8299999237060547,372247,0.0,0.0
2024-07-02 12:35:00-04:00,2.819999933242798,3.049999952316284,2.819999933242798,2.9700000286102295,1727186,0.0,0.0
2024-07-02 12:40:00-04:00,2.9684998989105225,3.0299999713897705,2.9000000953674316,3.0,1148972,0.0,0.0
2024-07-02 12:45:00-04:00,3.0044000148773193,3.0044000148773193,2.869999885559082,2.9000000953674316,732010,0.0,0.0
2024-07-02 12:50:00-04:00,2.9000000953674316,2.9700000286102295,2.8889999389648438,2.958899974822998,534122,0.0,0.0
2024-07-02 12:55:00-04:00,2.9600000381469727,2.9800000190734863,2.9000000953674316,2.930000066757202,413210,0.0,0.0
2024-07-02 13:00:00-04:00,2.9310998916625977,2.9899001121520996,2.890000104904175,2.940000057220459,571408,0.0,0.0
2024-07-02 13:05:00-04:00,2.934999942779541,3.1798999309539795,2.799999952316284,2.881200075149536,1051733,0.0,0.0
2024-07-02 13:10:00-04:00,2.8801000118255615,3.01990008354187,2.8399999141693115,2.867500066757202,228260,0.0,0.0
2024-07-02 13:15:00-04:00,2.869999885559082,2.869999885559082,2.819999933242798,2.8550000190734863,149395,0.0,0.0
2024-07-02 13:20:00-04:00,2.859999895095825,2.859999895095825,2.799999952316284,2.8499999046325684,187072,0.0,0.0
2024-07-02 13:25:00-04:00,2.8550000190734863,2.859999895095825,2.809999942779541,2.8410000801086426,103503,0.0,0.0
2024-07-02 13:30:00-04:00,2.8450000286102295,2.859999895095825,2.819999933242798,2.8201000690460205,127365,0.0,0.0
2024-07-02 13:35:00-04:00,2.821000099182129,2.890000104904175,2.819999933242798,2.884999990463257,203534,0.0,0.0
2024-07-02 13:40:00-04:00,2.884999990463257,2.930000066757202,2.819999933242798,2.930000066757202,386933,0.0,0.0
2024-07-02 13:45:00-04:00,2.924999952316284,2.9800000190734863,2.9000000953674316,2.940000057220459,549839,0.0,0.0
2024-07-02 13:50:00-04:00,2.9498000144958496,2.9700000286102295,2.859999895095825,2.950000047683716,374208,0.0,0.0
2024-07-02 13:55:00-04:00,2.949899911880493,3.0199999809265137,2.9400999546051025,2.9798998832702637,553788,0.0,0.0
2024-07-02 14:00:00-04:00,2.9737000465393066,3.009999990463257,2.9000000953674316,2.9391000270843506,313225,0.0,0.0
2024-07-02 14:05:00-04:00,2.934999942779541,2.95989990234375,2.8949999809265137,2.9149999618530273,167633,0.0,0.0
2024-07-02 14:10:00-04:00,2.910099983215332,3.0199999809265137,2.9100000858306885,2.9700000286102295,447982,0.0,0.0
2024-07-02 14:15:00-04:00,2.970099925994873,3.1500000953674316,2.9200000762939453,3.109999895095825,1157959,0.0,0.0
2024-07-02 14:20:00-04:00,3.119999885559082,3.140000104904175,2.8499999046325684,2.865000009536743,1370068,0.0,0.0
2024-07-02 14:25:00-04:00,2.860100030899048,2.875,2.759999990463257,2.805000066757202,743012,0.0,0.0
2024-07-02 14:30:00-04:00,2.809999942779541,2.859999895095825,2.799999952316284,2.859999895095825,231776,0.0,0.0
2024-07-02 14:35:00-04:00,2.8529999256134033,2.8529999256134033,2.700000047683716,2.7109999656677246,719089,0.0,0.0
2024-07-02 14:40:00-04:00,2.7200000286102295,2.7699999809265137,2.7200000286102295,2.7339999675750732,188197,0.0,0.0
2024-07-02 14:45:00-04:00,2.7309000492095947,2.7899999618530273,2.7009999752044678,2.778599977493286,256545,0.0,0.0
2024-07-02 14:50:00-04:00,2.7750000953674316,2.799999952316284,2.7300000190734863,2.757999897003174,185466,0.0,0.0
2024-07-02 14:55:00-04:00,2.7534000873565674,2.759999990463257,2.740000009536743,2.7500998973846436,38962,0.0,0.0
2024-07-02 15:00:00-04:00,2.755000114440918,2.8499999046325684,2.7500998973846436,2.8399999141693115,427570,0.0,0.0
2024-07-02 15:05:00-04:00,2.8399999141693115,2.869999885559082,2.7906999588012695,2.8104000091552734,311442,0.0,0.0
2024-07-02 15:10:00-04:00,2.815000057220459,2.819999933242798,2.7699999809265137,2.780100107192993,117731,0.0,0.0
2024-07-02 15:15:00-04:00,2.7899999618530273,2.8299999237060547,2.789900064468384,2.819999933242798,135223,0.0,0.0
2024-07-02 15:20:00-04:00,2.819999933242798,2.8299999237060547,2.7899999618530273,2.7899999618530273,75569,0.0,0.0
2024-07-02 15:25:00-04:00,2.7899999618530273,2.799999952316284,2.759999990463257,2.759999990463257,143807,0.0,0.0
2024-07-02 15:30:00-04:00,2.7674999237060547,2.809999942779541,2.759999990463257,2.7899999618530273,130303,0.0,0.0
2024-07-02 15:35:00-04:00,2.780100107192993,2.819999933242798,2.759999990463257,2.76990008354187,130419,0.0,0.0
2024-07-02 15:40:00-04:00,2.759999990463257,2.8299999237060547,2.759999990463257,2.8289999961853027,173860,0.0,0.0
2024-07-02 15:45:00-04:00,2.811000108718872,3.0199999809265137,2.8101000785827637,2.930799961090088,1294476,0.0,0.0
2024-07-02 15:50:00-04:00,2.930000066757202,2.9600000381469727,2.819999933242798,2.869999885559082,495144,0.0,0.0
2024-07-02 15:55:00-04:00,2.869999885559082,2.950000047683716,2.865000009536743,2.940000057220459,605477,0.0,0.0
2024-07-03 09:30:00-04:00,2.9700000286102295,3.0999999046325684,2.940000057220459,2.9999001026153564,738710,0.0,0.0
2024-07-03 09:35:00-04:00,2.999500036239624,3.0199999809265137,2.809999942779541,2.8798999786376953,193752,0.0,0.0
2024-07-03 09:40:00-04:00,2.8798999786376953,2.890000104904175,2.8389999866485596,2.8399999141693115,78472,0.0,0.0
2024-07-03 09:45:00-04:00,2.8499999046325684,2.8499999046325684,2.6600000858306885,2.73009991645813,247867,0.0,0.0
2024-07-03 09:50:00-04:00,2.7300000190734863,2.869999885559082,2.700000047683716,2.7899999618530273,117583,0.0,0.0
2024-07-03 09:55:00-04:00,2.7899999618530273,2.819999933242798,2.7200000286102295,2.7400999069213867,90509,0.0,0.0
2024-07-03 10:00:00-04:00,2.759999990463257,2.7699999809265137,2.740000009536743,2.75,35359,0.0,0.0
2024-07-03 10:05:00-04:00,2.75,2.7899999618530273,2.744999885559082,2.7799999713897705,50750,0.0,0.0
2024-07-03 10:10:00-04:00,2.799999952316284,2.9800000190734863,2.790299892425537,2.8701000213623047,118681,0.0,0.0
2024-07-03 10:15:00-04:00,2.880000114440918,2.9200000762939453,2.869999885559082,2.890000104904175,29750,0.0,0.0
2024-07-03 10:20:00-04:00,2.8984999656677246,2.9000000953674316,2.819999933242798,2.8303000926971436,47743,0.0,0.0
2024-07-03 10:25:00-04:00,2.8299999237060547,2.869999885559082,2.7699999809265137,2.859999895095825,47307,0.0,0.0
2024-07-03 10:30:00-04:00,2.8499999046325684,2.859999895095825,2.799999952316284,2.809999942779541,41682,0.0,0.0
2024-07-03 10:35:00-04:00,2.828900098800659,2.8299999237060547,2.799999952316284,2.8232998847961426,11405,0.0,0.0
2024-07-03 10:40:00-04:00,2.8297998905181885,2.8499999046325684,2.819999933242798,2.8499999046325684,16155,0.0,0.0
2024-07-03 10:45:00-04:00,2.8499999046325684,2.8499999046325684,2.809999942779541,2.823899984359741,26192,0.0,0.0
2024-07-03 10:50:00-04:00,2.8396999835968018,2.8399999141693115,2.759999990463257,2.8299999237060547,49566,0.0,0.0
2024-07-03 10:55:00-04:00,2.799999952316284,2.8299999237060547,2.759999990463257,2.809999942779541,26467,0.0,0.0
2024-07-03 11:00:00-04:00,2.799999952316284,2.8399999141693115,2.7899999618530273,2.8099000453948975,27428,0.0,0.0
2024-07-03 11:05:00-04:00,2.809999942779541,2.809999942779541,2.740000009536743,2.7899999618530273,49425,0.0,0.0
2024-07-03 11:10:00-04:00,2.7750000953674316,2.7899999618530273,2.740000009536743,2.740999937057495,18468,0.0,0.0
2024-07-03 11:15:00-04:00,2.74399995803833,2.759999990463257,2.7200000286102295,2.720099925994873,30751,0.0,0.0
2024-07-03 11:20:00-04:00,2.734999895095825,2.75,2.6500000953674316,2.670099973678589,90762,0.0,0.0
2024-07-03 11:25:00-04:00,2.6689999103546143,2.690000057220459,2.6600000858306885,2.6600000858306885,41398,0.0,0.0
2024-07-03 11:30:00-04:00,2.6700000762939453,2.740000009536743,2.6700000762939453,2.7149999141693115,36889,0.0,0.0
2024-07-03 11:35:00-04:00,2.7100000381469727,2.7100000381469727,2.680000066757202,2.690000057220459,15915,0.0,0.0
2024-07-03 11:40:00-04:00,2.684999942779541,2.700000047683716,2.6549999713897705,2.680000066757202,31607,0.0,0.0
2024-07-03 11:45:00-04:00,2.6989998817443848,2.75,2.6700000762939453,2.7286999225616455,38182,0.0,0.0
2024-07-03 11:50:00-04:00,2.7200000286102295,2.75,2.7200000286102295,2.744999885559082,15128,0.0,0.0
2024-07-03 11:55:00-04:00,2.75,2.7699999809265137,2.740999937057495,2.75,24251,0.0,0.0
2024-07-03 12:00:00-04:00,2.750999927520752,2.7699999809265137,2.7200000286102295,2.7200000286102295,29006,0.0,0.0
2024-07-03 12:05:00-04:00,2.7200000286102295,2.740000009536743,2.7100000381469727,2.7100000381469727,30854,0.0,0.0
2024-07-03 12:10:00-04:00,2.7200000286102295,2.740000009536743,2.700000047683716,2.700000047683716,12319,0.0,0.0
2024-07-03 12:15:00-04:00,2.690000057220459,2.7179999351501465,2.690000057220459,2.7100000381469727,29319,0.0,0.0
2024-07-03 12:20:00-04:00,2.7100000381469727,2.7200000286102295,2.6800999641418457,2.6986000537872314,35112,0.0,0.0
2024-07-03 12:25:00-04:00,2.700000047683716,2.75,2.690200090408325,2.7300000190734863,34372,0.0,0.0
2024-07-03 12:30:00-04:00,2.7149999141693115,2.7699999809265137,2.710099935531616,2.7699999809265137,35013,0.0,0.0
2024-07-03 12:35:00-04:00,2.765000104904175,2.7699999809265137,2.7300000190734863,2.734999895095825,15350,0.0,0.0
2024-07-03 12:40:00-04:00,2.740000009536743,2.7799999713897705,2.740000009536743,2.740799903869629,18015,0.0,0.0
2024-07-03 12:45:00-04:00,2.740299940109253,2.759999990463257,2.740299940109253,2.759999990463257,10458,0.0,0.0
2024-07-03 12:50:00-04:00,2.759999990463257,2.7799999713897705,2.755000114440918,2.7701001167297363,13134,0.0,0.0
2024-07-03 12:55:00-04:00,2.7750000953674316,2.799999952316284,2.7600998878479004,2.7999000549316406,49112,0.0,0.0
2024-07-05 09:30:00-04:00,2.7200000286102295,2.75,2.680000066757202,2.6900999546051025,123673,0.0,0.0
2024-07-05 09:35:00-04:00,2.690000057220459,2.7149999141693115,2.690000057220459,2.690000057220459,24856,0.0,0.0
2024-07-05 09:40:00-04:00,2.683500051498413,2.690000057220459,2.680000066757202,2.690000057220459,28197,0.0,0.0
2024-07-05 09:45:00-04:00,2.684999942779541,2.68969988822937,2.680000066757202,2.6800999641418457,11741,0.0,0.0
2024-07-05 09:50:00-04:00,2.6800999641418457,2.6800999641418457,2.609999895095825,2.610100030899048,38556,0.0,0.0
2024-07-05 09:55:00-04:00,2.610300064086914,2.619999885559082,2.4800000190734863,2.5399999618530273,63719,0.0,0.0
2024-07-05 10:00:00-04:00,2.5250000953674316,2.549999952316284,2.5199999809265137,2.5299999713897705,24212,0.0,0.0
2024-07-05 10:05:00-04:00,2.509999990463257,2.5299999713897705,2.490000009536743,2.509999990463257,43316,0.0,0.0
2024-07-05 10:10:00-04:00,2.520900011062622,2.569999933242798,2.520900011062622,2.5699000358581543,8680,0.0,0.0
2024-07-05 10:15:00-04:00,2.5999999046325684,2.5999999046325684,2.5601000785827637,2.575000047683716,5041,0.0,0.0
2024-07-05 10:20:00-04:00,2.5701000690460205,2.619999885559082,2.5701000690460205,2.609999895095825,8726,0.0,0.0
2024-07-05 10:25:00-04:00,2.600100040435791,2.680000066757202,2.600100040435791,2.6500000953674316,43912,0.0,0.0
2024-07-05 10:30:00-04:00,2.6700000762939453,2.6700000762939453,2.630000114440918,2.6700000762939453,24417,0.0,0.0
2024-07-05 10:35:00-04:00,2.6649999618530273,2.6649999618530273,2.6600000858306885,2.6600000858306885,8913,0.0,0.0
2024-07-05 10:40:00-04:00,2.6700000762939453,2.6700000762939453,2.6549999713897705,2.6549999713897705,5292,0.0,0.0
2024-07-05 10:45:00-04:00,2.6500000953674316,2.6500000953674316,2.5999999046325684,2.619999885559082,20452,0.0,0.0
2024-07-05 10:50:00-04:00,2.609999895095825,2.626699924468994,2.5999999046325684,2.626699924468994,7486,0.0,0.0
2024-07-05 10:55:00-04:00,2.628999948501587,2.6298999786376953,2.6201000213623047,2.625,5926,0.0,0.0
2024-07-05 11:00:00-04:00,2.625,2.625,2.625,2.625,2121,0.0,0.0
2024-07-05 11:05:00-04:00,2.6008999347686768,2.6600000858306885,2.5999999046325684,2.619999885559082,17961,0.0,0.0
2024-07-05 11:10:00-04:00,2.6184000968933105,2.630000114440918,2.61080002784729,2.630000114440918,3328,0.0,0.0
2024-07-05 11:15:00-04:00,2.6589999198913574,2.6600000858306885,2.6500000953674316,2.6600000858306885,3327,0.0,0.0
2024-07-05 11:20:00-04:00,2.6500000953674316,2.6700000762939453,2.6500000953674316,2.6698999404907227,4269,0.0,0.0
2024-07-05 11:25:00-04:00,2.6500000953674316,2.659899950027466,2.649199962615967,2.649199962615967,5277,0.0,0.0
2024-07-05 11:30:00-04:00,2.6700000762939453,2.700000047683716,2.650099992752075,2.674999952316284,15439,0.0,0.0
2024-07-05 11:35:00-04:00,2.690000057220459,2.700000047683716,2.6579999923706055,2.6600000858306885,2764,0.0,0.0
2024-07-05 11:40:00-04:00,2.680000066757202,2.690000057220459,2.680000066757202,2.690000057220459,2808,0.0,0.0
2024-07-05 11:45:00-04:00,2.690000057220459,2.690000057220459,2.690000057220459,2.690000057220459,1353,0.0,0.0
2024-07-05 11:50:00-04:00,2.699899911880493,2.700000047683716,2.690000057220459,2.6900999546051025,4060,0.0,0.0
2024-07-05 11:55:00-04:00,2.6900999546051025,2.699700117111206,2.690000057220459,2.690000057220459,3832,0.0,0.0
2024-07-05 12:00:00-04:00,2.694999933242798,2.740000009536743,2.694999933242798,2.7300000190734863,19614,0.0,0.0
2024-07-05 12:05:00-04:00,2.740000009536743,2.740000009536743,2.7200000286102295,2.740000009536743,4246,0.0,0.0
2024-07-05 12:10:00-04:00,2.740999937057495,2.75,2.7300000190734863,2.7300000190734863,21490,0.0,0.0
2024-07-05 12:15:00-04:00,2.740000009536743,2.740000009536743,2.7100000381469727,2.7149999141693115,7314,0.0,0.0
2024-07-05 12:20:00-04:00,2.7149999141693115,2.7149999141693115,2.700000047683716,2.700000047683716,2864,0.0,0.0
2024-07-05 12:25:00-04:00,2.7200000286102295,2.7298998832702637,2.700000047683716,2.7298998832702637,3874,0.0,0.0
2024-07-05 12:30:00-04:00,2.700900077819824,2.700900077819824,2.700900077819824,2.700900077819824,1456,0.0,0.0
2024-07-05 12:35:00-04:00,2.7000999450683594,2.700700044631958,2.7000999450683594,2.700700044631958,945,0.0,0.0
2024-07-05 12:40:00-04:00,2.7279000282287598,2.734999895095825,2.7100000381469727,2.7100000381469727,7518,0.0,0.0
2024-07-05 12:45:00-04:00,2.7100000381469727,2.7100000381469727,2.6600000858306885,2.6600000858306885,19803,0.0,0.0
2024-07-05 12:50:00-04:00,2.6600000858306885,2.6700000762939453,2.6600000858306885,2.6700000762939453,1308,0.0,0.0
2024-07-05 12:55:00-04:00,2.690000057220459,2.690000057220459,2.670099973678589,2.670099973678589,3474,0.0,0.0
2024-07-05 13:00:00-04:00,2.699899911880493,2.699899911880493,2.680000066757202,2.680000066757202,4905,0.0,0.0
2024-07-05 13:10:00-04:00,2.6617000102996826,2.6617000102996826,2.6600000858306885,2.6600000858306885,917,0.0,0.0
2024-07-05 13:15:00-04:00,2.6951000690460205,2.6982998847961426,2.6951000690460205,2.6982998847961426,1854,0.0,0.0
2024-07-05 13:20:00-04:00,2.6909000873565674,2.6909000873565674,2.6909000873565674,2.6909000873565674,2193,0.0,0.0
2024-07-05 13:25:00-04:00,2.680000066757202,2.680000066757202,2.6600000858306885,2.6600000858306885,6212,0.0,0.0
2024-07-05 13:30:00-04:00,2.661799907684326,2.661799907684326,2.6610000133514404,2.6610000133514404,0,0.0,0.0
2024-07-05 13:35:00-04:00,2.6649999618530273,2.6649999618530273,2.6649999618530273,2.6649999618530273,2818,0.0,0.0
2024-07-05 13:40:00-04:00,2.660099983215332,2.660099983215332,2.660099983215332,2.660099983215332,3469,0.0,0.0
2024-07-05 13:45:00-04:00,2.6700000762939453,2.6798999309539795,2.6700000762939453,2.6798999309539795,1086,0.0,0.0
2024-07-05 13:50:00-04:00,2.680000066757202,2.7149999141693115,2.680000066757202,2.700000047683716,6166,0.0,0.0
2024-07-05 13:55:00-04:00,2.7200000286102295,2.7200000286102295,2.700000047683716,2.700000047683716,4336,0.0,0.0
2024-07-05 14:05:00-04:00,2.7200000286102295,2.7300000190734863,2.684499979019165,2.7300000190734863,2488,0.0,0.0
2024-07-05 14:10:00-04:00,2.6800999641418457,2.7300000190734863,2.6800999641418457,2.7200000286102295,7599,0.0,0.0
2024-07-05 14:15:00-04:00,2.7200000286102295,2.7200000286102295,2.7200000286102295,2.7200000286102295,716,0.0,0.0
2024-07-05 14:20:00-04:00,2.700000047683716,2.7100000381469727,2.700000047683716,2.7100000381469727,3399,0.0,0.0
2024-07-05 14:25:00-04:00,2.700000047683716,2.700000047683716,2.691999912261963,2.699899911880493,2709,0.0,0.0
2024-07-05 14:30:00-04:00,2.683000087738037,2.683000087738037,2.683000087738037,2.683000087738037,2350,0.0,0.0
2024-07-05 14:35:00-04:00,2.6800999641418457,2.690000057220459,2.6800999641418457,2.690000057220459,3398,0.0,0.0
2024-07-05 14:40:00-04:00,2.694999933242798,2.694999933242798,2.694999933242798,2.694999933242798,1367,0.0,0.0
2024-07-05 14:45:00-04:00,2.700000047683716,2.7149999141693115,2.700000047683716,2.700000047683716,5428,0.0,0.0
2024-07-05 14:50:00-04:00,2.7005999088287354,2.723299980163574,2.700000047683716,2.7049999237060547,2173,0.0,0.0
2024-07-05 14:55:00-04:00,2.7049999237060547,2.716099977493286,2.700000047683716,2.716099977493286,2421,0.0,0.0
2024-07-05 15:00:00-04:00,2.690000057220459,2.690000057220459,2.6500000953674316,2.6500000953674316,12940,0.0,0.0
2024-07-05 15:05:00-04:00,2.640000104904175,2.640000104904175,2.640000104904175,2.640000104904175,580,0.0,0.0
2024-07-05 15:10:00-04:00,2.6391000747680664,2.640000104904175,2.619999885559082,2.640000104904175,17791,0.0,0.0
2024-07-05 15:15:00-04:00,2.640000104904175,2.640000104904175,2.640000104904175,2.640000104904175,7631,0.0,0.0
2024-07-05 15:20:00-04:00,2.640000104904175,2.640000104904175,2.640000104904175,2.640000104904175,289,0.0,0.0
2024-07-05 15:25:00-04:00,2.630000114440918,2.630000114440918,2.5701000690460205,2.600100040435791,33601,0.0,0.0
2024-07-05 15:30:00-04:00,2.615000009536743,2.630000114440918,2.615000009536743,2.630000114440918,4278,0.0,0.0
2024-07-05 15:35:00-04:00,2.6187000274658203,2.619999885559082,2.6187000274658203,2.619999885559082,775,0.0,0.0
2024-07-05 15:40:00-04:00,2.619999885559082,2.6252999305725098,2.619999885559082,2.625,9739,0.0,0.0
2024-07-05 15:45:00-04:00,2.625,2.7100000381469727,2.625,2.7100000381469727,20695,0.0,0.0
2024-07-05 15:50:00-04:00,2.7149999141693115,2.759999990463257,2.6700000762939453,2.755000114440918,21146,0.0,0.0
2024-07-05 15:55:00-04:00,2.759999990463257,2.799999952316284,2.75,2.7899999618530273,84483,0.0,0.0
2024-07-08 09:30:00-04:00,2.7300000190734863,2.740000009536743,2.700000047683716,2.7128000259399414,47503,0.0,0.0
2024-07-08 09:35:00-04:00,2.714900016784668,2.7200000286102295,2.650700092315674,2.680000066757202,22006,0.0,0.0
2024-07-08 09:40:00-04:00,2.680000066757202,2.692699909210205,2.680000066757202,2.6902999877929688,6115,0.0,0.0
2024-07-08 09:45:00-04:00,2.7049999237060547,2.7056000232696533,2.6598000526428223,2.6598000526428223,22606,0.0,0.0
2024-07-08 09:50:00-04:00,2.6610000133514404,2.6610000133514404,2.6600000858306885,2.6600000858306885,4414,0.0,0.0
2024-07-08 09:55:00-04:00,2.6600000858306885,2.6700000762939453,2.6500000953674316,2.6600000858306885,20431,0.0,0.0
2024-07-08 10:00:00-04:00,2.6600000858306885,2.6700000762939453,2.6600000858306885,2.6700000762939453,5732,0.0,0.0
2024-07-08 10:05:00-04:00,2.6700000762939453,2.6700000762939453,2.6700000762939453,2.6700000762939453,2737,0.0,0.0
2024-07-08 10:10:00-04:00,2.680000066757202,2.702399969100952,2.680000066757202,2.700000047683716,15195,0.0,0.0
2024-07-08 10:15:00-04:00,2.700000047683716,2.700000047683716,2.680000066757202,2.680000066757202,10250,0.0,0.0
2024-07-08 10:20:00-04:00,2.6600000858306885,2.680000066757202,2.6600000858306885,2.6700000762939453,7908,0.0,0.0
2024-07-08 10:25:00-04:00,2.6774001121520996,2.6802000999450684,2.6774001121520996,2.680000066757202,1256,0.0,0.0
2024-07-08 10:30:00-04:00,2.677000045776367,2.700000047683716,2.677000045776367,2.697000026702881,14208,0.0,0.0
2024-07-08 10:35:00-04:00,2.6967999935150146,2.700000047683716,2.680000066757202,2.680799961090088,5082,0.0,0.0
2024-07-08 10:40:00-04:00,2.680799961090088,2.690000057220459,2.680799961090088,2.690000057220459,1641,0.0,0.0
2024-07-08 10:45:00-04:00,2.700000047683716,2.725100040435791,2.700000047683716,2.7200000286102295,17581,0.0,0.0
2024-07-08 10:50:00-04:00,2.7200000286102295,2.7300000190734863,2.7100000381469727,2.7100000381469727,10952,0.0,0.0
2024-07-08 10:55:00-04:00,2.700000047683716,2.7200000286102295,2.690000057220459,2.690000057220459,10354,0.0,0.0
2024-07-08 11:00:00-04:00,2.690000057220459,2.697499990463257,2.690000057220459,2.697499990463257,323,0.0,0.0
2024-07-08 11:05:00-04:00,2.690000057220459,2.690000057220459,2.690000057220459,2.690000057220459,373,0.0,0.0
2024-07-08 11:10:00-04:00,2.6903998851776123,2.6903998851776123,2.6700000762939453,2.6700000762939453,21952,0.0,0.0
2024-07-08 11:15:00-04:00,2.662600040435791,2.662600040435791,2.5999999046325684,2.609999895095825,21377,0.0,0.0
2024-07-08 11:20:00-04:00,2.609999895095825,2.6124000549316406,2.6019999980926514,2.6124000549316406,7329,0.0,0.0
2024-07-08 11:25:00-04:00,2.6152000427246094,2.6152000427246094,2.549999952316284,2.6050000190734863,5482,0.0,0.0
2024-07-08 11:30:00-04:00,2.627700090408325,2.630000114440918,2.6175999641418457,2.630000114440918,2206,0.0,0.0
2024-07-08 11:35:00-04:00,2.619999885559082,2.619999885559082,2.609999895095825,2.609999895095825,2167,0.0,0.0
2024-07-08 11:40:00-04:00,2.628200054168701,2.659899950027466,2.628200054168701,2.659899950027466,654,0.0,0.0
2024-07-08 11:45:00-04:00,2.609999895095825,2.619999885559082,2.609999895095825,2.619999885559082,1977,0.0,0.0
2024-07-08 11:50:00-04:00,2.635200023651123,2.635200023651123,2.630000114440918,2.630000114440918,2647,0.0,0.0
2024-07-08 11:55:00-04:00,2.655900001525879,2.655900001525879,2.655900001525879,2.655900001525879,726,0.0,0.0
2024-07-08 12:00:00-04:00,2.659899950027466,2.659899950027466,2.659899950027466,2.659899950027466,200,0.0,0.0
2024-07-08 12:05:00-04:00,2.630000114440918,2.635999917984009,2.619999885559082,2.6326000690460205,5967,0.0,0.0
2024-07-08 12:10:00-04:00,2.612600088119507,2.612600088119507,2.612600088119507,2.612600088119507,248,0.0,0.0
2024-07-08 12:15:00-04:00,2.5999999046325684,2.5999999046325684,2.5999999046325684,2.5999999046325684,1069,0.0,0.0
2024-07-08 12:20:00-04:00,2.5899999141693115,2.5899999141693115,2.5899999141693115,2.5899999141693115,1454,0.0,0.0
2024-07-08 12:25:00-04:00,2.608299970626831,2.608299970626831,2.5899999141693115,2.5899999141693115,1819,0.0,0.0
2024-07-08 12:30:00-04:00,2.5899999141693115,2.5899999141693115,2.5899999141693115,2.5899999141693115,1505,0.0,0.0
2024-07-08 12:35:00-04:00,2.5999999046325684,2.619999885559082,2.5999999046325684,2.619999885559082,4768,0.0,0.0
2024-07-08 12:40:00-04:00,2.61080002784729,2.61080002784729,2.610100030899048,2.610100030899048,2199,0.0,0.0
2024-07-08 12:45:00-04:00,2.609999895095825,2.609999895095825,2.609999895095825,2.609999895095825,931,0.0,0.0
2024-07-08 12:55:00-04:00,2.609999895095825,2.609999895095825,2.5999999046325684,2.5999999046325684,2778,0.0,0.0
2024-07-08 13:00:00-04:00,2.6080000400543213,2.6080000400543213,2.5901999473571777,2.5901999473571777,6612,0.0,0.0
2024-07-08 13:05:00-04:00,2.5899999141693115,2.5899999141693115,2.5799999237060547,2.5799999237060547,23579,0.0,0.0
2024-07-08 13:10:00-04:00,2.5789999961853027,2.5799999237060547,2.5608999729156494,2.5608999729156494,1975,0.0,0.0
2024-07-08 13:15:00-04:00,2.5759999752044678,2.5799999237060547,2.5662999153137207,2.5662999153137207,3360,0.0,0.0
2024-07-08 13:20:00-04:00,2.549999952316284,2.5799999237060547,2.549999952316284,2.569999933242798,5013,0.0,0.0
2024-07-08 13:25:00-04:00,2.5889999866485596,2.589600086212158,2.5799999237060547,2.5799999237060547,2398,0.0,0.0
2024-07-08 13:30:00-04:00,2.5799999237060547,2.5799999237060547,2.5799999237060547,2.5799999237060547,581,0.0,0.0
2024-07-08 13:35:00-04:00,2.5899999141693115,2.5899999141693115,2.5899999141693115,2.5899999141693115,668,0.0,0.0
2024-07-08 13:40:00-04:00,2.615000009536743,2.615000009536743,2.5899999141693115,2.590399980545044,2591,0.0,0.0
2024-07-08 13:50:00-04:00,2.619999885559082,2.619999885559082,2.619999885559082,2.619999885559082,239,0.0,0.0
2024-07-08 13:55:00-04:00,2.5999999046325684,2.5999999046325684,2.5999999046325684,2.5999999046325684,459,0.0,0.0
2024-07-08 14:00:00-04:00,2.610300064086914,2.619999885559082,2.610300064086914,2.619999885559082,1991,0.0,0.0
2024-07-08 14:05:00-04:00,2.609999895095825,2.614500045776367,2.609999895095825,2.614500045776367,1794,0.0,0.0
2024-07-08 14:15:00-04:00,2.5999999046325684,2.5999999046325684,2.569999933242798,2.572999954223633,3475,0.0,0.0
2024-07-08 14:20:00-04:00,2.569999933242798,2.569999933242798,2.559999942779541,2.569999933242798,7652,0.0,0.0
2024-07-08 14:25:00-04:00,2.549999952316284,2.549999952316284,2.549999952316284,2.549999952316284,3883,0.0,0.0
2024-07-08 14:30:00-04:00,2.549999952316284,2.559999942779541,2.549999952316284,2.559999942779541,2028,0.0,0.0
2024-07-08 14:35:00-04:00,2.559999942779541,2.569999933242798,2.509999990463257,2.509999990463257,83273,0.0,0.0
2024-07-08 14:40:00-04:00,2.5213000774383545,2.5829999446868896,2.390000104904175,2.424999952316284,35284,0.0,0.0
2024-07-08 14:45:00-04:00,2.4800000190734863,2.5350000858306885,2.450000047683716,2.5350000858306885,1862,0.0,0.0
2024-07-08 14:50:00-04:00,2.5399999618530273,2.5694000720977783,2.490000009536743,2.509999990463257,1925,0.0,0.0
2024-07-08 14:55:00-04:00,2.509999990463257,2.52239990234375,2.509999990463257,2.509999990463257,1942,0.0,0.0
2024-07-08 15:00:00-04:00,2.52239990234375,2.52239990234375,2.5199999809265137,2.5199999809265137,953,0.0,0.0
2024-07-08 15:05:00-04:00,2.5480000972747803,2.5497000217437744,2.5199999809265137,2.5497000217437744,2839,0.0,0.0
2024-07-08 15:10:00-04:00,2.52020001411438,2.5202999114990234,2.509999990463257,2.5199999809265137,6657,0.0,0.0
2024-07-08 15:15:00-04:00,2.539900064468384,2.539900064468384,2.5199999809265137,2.5199999809265137,761,0.0,0.0
2024-07-08 15:20:00-04:00,2.5199999809265137,2.529900074005127,2.5199999809265137,2.5199999809265137,6537,0.0,0.0
2024-07-08 15:25:00-04:00,2.5199999809265137,2.520900011062622,2.5199999809265137,2.520900011062622,1853,0.0,0.0
2024-07-08 15:30:00-04:00,2.5199999809265137,2.539099931716919,2.5199999809265137,2.5350000858306885,4813,0.0,0.0
2024-07-08 15:35:00-04:00,2.539099931716919,2.539099931716919,2.5299999713897705,2.5299999713897705,4088,0.0,0.0
2024-07-08 15:40:00-04:00,2.5399999618530273,2.5399999618530273,2.5299999713897705,2.5299999713897705,2115,0.0,0.0
2024-07-08 15:45:00-04:00,2.5299999713897705,2.5690999031066895,2.5299999713897705,2.559999942779541,6515,0.0,0.0
2024-07-08 15:50:00-04:00,2.559999942779541,2.559999942779541,2.5309998989105225,2.5599000453948975,5327,0.0,0.0
2024-07-08 15:55:00-04:00,2.5199999809265137,2.555500030517578,2.509999990463257,2.509999990463257,6690,0.0,0.0
2024-07-09 09:30:00-04:00,2.5399999618530273,2.5450000762939453,2.4702000617980957,2.509999990463257,60872,0.0,0.0
2024-07-09 09:35:00-04:00,2.509999990463257,2.5199999809265137,2.509999990463257,2.509999990463257,4388,0.0,0.0
2024-07-09 09:40:00-04:00,2.494999885559082,2.509999990463257,2.4900999069213867,2.509999990463257,2555,0.0,0.0
2024-07-09 09:45:00-04:00,2.509999990463257,2.5280001163482666,2.509999990463257,2.5280001163482666,2498,0.0,0.0
2024-07-09 09:50:00-04:00,2.5299999713897705,2.5299999713897705,2.5,2.509999990463257,5069,0.0,0.0
2024-07-09 09:55:00-04:00,2.509999990463257,2.509999990463257,2.509999990463257,2.509999990463257,2343,0.0,0.0
2024-07-09 10:00:00-04:00,2.5250000953674316,2.569999933242798,2.5250000953674316,2.5408999919891357,10757,0.0,0.0
2024-07-09 10:05:00-04:00,2.5399999618530273,2.559999942779541,2.5399999618530273,2.559999942779541,4504,0.0,0.0
2024-07-09 10:10:00-04:00,2.5299999713897705,2.537400007247925,2.5299999713897705,2.537400007247925,1043,0.0,0.0
2024-07-09 10:15:00-04:00,2.5399999618530273,2.5399999618530273,2.5399999618530273,2.5399999618530273,5649,0.0,0.0
2024-07-09 10:20:00-04:00,2.530600070953369,2.530600070953369,2.5,2.505000114440918,3300,0.0,0.0
2024-07-09 10:25:00-04:00,2.4800000190734863,2.4800000190734863,2.450000047683716,2.472599983215332,7452,0.0,0.0
2024-07-09 10:30:00-04:00,2.4800000190734863,2.4800000190734863,2.4800000190734863,2.4800000190734863,1235,0.0,0.0
2024-07-09 10:35:00-04:00,2.4800000190734863,2.509999990463257,2.4800000190734863,2.4990999698638916,2555,0.0,0.0
2024-07-09 10:40:00-04:00,2.5099000930786133,2.5099000930786133,2.503000020980835,2.503000020980835,2214,0.0,0.0
2024-07-09 10:45:00-04:00,2.514899969100952,2.514899969100952,2.514899969100952,2.514899969100952,0,0.0,0.0
2024-07-09 10:50:00-04:00,2.5199999809265137,2.5199999809265137,2.4700000286102295,2.505000114440918,9168,0.0,0.0
2024-07-09 10:55:00-04:00,2.48009991645813,2.494999885559082,2.469099998474121,2.469099998474121,1401,0.0,0.0
2024-07-09 11:00:00-04:00,2.450900077819824,2.490000009536743,2.440000057220459,2.450200080871582,5080,0.0,0.0
2024-07-09 11:05:00-04:00,2.430999994277954,2.452500104904175,2.430000066757202,2.450000047683716,4196,0.0,0.0
2024-07-09 11:10:00-04:00,2.434999942779541,2.440000057220459,2.418800115585327,2.440000057220459,2938,0.0,0.0
2024-07-09 11:15:00-04:00,2.440000057220459,2.440000057220459,2.440000057220459,2.440000057220459,1614,0.0,0.0
2024-07-09 11:25:00-04:00,2.452399969100952,2.4600000381469727,2.450000047683716,2.45989990234375,1315,0.0,0.0
2024-07-09 11:30:00-04:00,2.4700000286102295,2.4700000286102295,2.4700000286102295,2.4700000286102295,575,0.0,0.0
2024-07-09 11:35:00-04:00,2.4600000381469727,2.4600000381469727,2.4600000381469727,2.4600000381469727,1050,0.0,0.0
2024-07-09 11:40:00-04:00,2.450000047683716,2.4600000381469727,2.450000047683716,2.4507999420166016,4470,0.0,0.0
2024-07-09 11:45:00-04:00,2.4600000381469727,2.4600000381469727,2.4600000381469727,2.4600000381469727,2717,0.0,0.0
2024-07-09 11:50:00-04:00,2.460900068283081,2.460900068283081,2.4607999324798584,2.4607999324798584,2464,0.0,0.0
2024-07-09 11:55:00-04:00,2.4749999046325684,2.4800000190734863,2.4749999046325684,2.4800000190734863,0,0.0,0.0
2024-07-09 12:00:00-04:00,2.4802000522613525,2.4802000522613525,2.4600000381469727,2.4600000381469727,13274,0.0,0.0
2024-07-09 12:05:00-04:00,2.4409000873565674,2.4493000507354736,2.4100000858306885,2.4203999042510986,10946,0.0,0.0
2024-07-09 12:10:00-04:00,2.4000000953674316,2.4000000953674316,2.4000000953674316,2.4000000953674316,1557,0.0,0.0
2024-07-09 12:15:00-04:00,2.4200000762939453,2.4200000762939453,2.4200000762939453,2.4200000762939453,1557,0.0,0.0
2024-07-09 12:20:00-04:00,2.446500062942505,2.446500062942505,2.4309000968933105,2.4309000968933105,1366,0.0,0.0
2024-07-09 12:25:00-04:00,2.430000066757202,2.430000066757202,2.4200000762939453,2.4200000762939453,11916,0.0,0.0
2024-07-09 12:30:00-04:00,2.419100046157837,2.4200000762939453,2.3708999156951904,2.3708999156951904,29009,0.0,0.0
2024-07-09 12:35:00-04:00,2.373199939727783,2.3801000118255615,2.369999885559082,2.3801000118255615,11985,0.0,0.0
2024-07-09 12:40:00-04:00,2.390000104904175,2.4000000953674316,2.369999885559082,2.4000000953674316,4443,0.0,0.0
2024-07-09 12:45:00-04:00,2.3849000930786133,2.3849000930786133,2.3691000938415527,2.3691000938415527,5997,0.0,0.0
2024-07-09 12:50:00-04:00,2.3691000938415527,2.3691000938415527,2.365000009536743,2.3691000938415527,2642,0.0,0.0
2024-07-09 12:55:00-04:00,2.3499999046325684,2.390000104904175,2.3499999046325684,2.369999885559082,8374,0.0,0.0
2024-07-09 13:00:00-04:00,2.3859000205993652,2.3859000205993652,2.380000114440918,2.380000114440918,9383,0.0,0.0
2024-07-09 13:05:00-04:00,2.373199939727783,2.390000104904175,2.373199939727783,2.390000104904175,1760,0.0,0.0
2024-07-09 13:10:00-04:00,2.380000114440918,2.380000114440918,2.380000114440918,2.380000114440918,1224,0.0,0.0
2024-07-09 13:15:00-04:00,2.359999895095825,2.359999895095825,2.2799999713897705,2.2904000282287598,56432,0.0,0.0
2024-07-09 13:20:00-04:00,2.290800094604492,2.290800094604492,2.109999895095825,2.1798999309539795,98051,0.0,0.0
2024-07-09 13:25:00-04:00,2.1791999340057373,2.2000999450683594,2.1700000762939453,2.2000999450683594,13047,0.0,0.0
2024-07-09 13:30:00-04:00,2.2425999641418457,2.2499001026153564,2.200000047683716,2.200000047683716,11558,0.0,0.0
2024-07-09 13:35:00-04:00,2.200000047683716,2.2495999336242676,2.200000047683716,2.2374000549316406,2054,0.0,0.0
2024-07-09 13:40:00-04:00,2.240000009536743,2.2899999618530273,2.2300000190734863,2.2899999618530273,106018,0.0,0.0
2024-07-09 13:45:00-04:00,2.2964000701904297,2.299499988555908,2.2699999809265137,2.2699999809265137,2161,0.0,0.0
2024-07-09 13:50:00-04:00,2.240000009536743,2.2499001026153564,2.2200000286102295,2.2499001026153564,21405,0.0,0.0
2024-07-09 13:55:00-04:00,2.240000009536743,2.240000009536743,2.2100000381469727,2.2100000381469727,3580,0.0,0.0
2024-07-09 14:00:00-04:00,2.2367000579833984,2.25,2.2100000381469727,2.25,13436,0.0,0.0
2024-07-09 14:05:00-04:00,2.25,2.25,2.244999885559082,2.2497000694274902,1861,0.0,0.0
2024-07-09 14:10:00-04:00,2.240499973297119,2.25,2.2392001152038574,2.2392001152038574,1566,0.0,0.0
2024-07-09 14:15:00-04:00,2.2392001152038574,2.2392001152038574,2.227400064468384,2.227400064468384,2960,0.0,0.0
2024-07-09 14:20:00-04:00,2.2300000190734863,2.231600046157837,2.2300000190734863,2.231600046157837,7252,0.0,0.0
2024-07-09 14:25:00-04:00,2.2300000190734863,2.2300000190734863,2.2300000190734863,2.2300000190734863,1038,0.0,0.0
2024-07-09 14:30:00-04:00,2.2200000286102295,2.2200000286102295,2.2200000286102295,2.2200000286102295,318,0.0,0.0
2024-07-09 14:35:00-04:00,2.2253000736236572,2.2291998863220215,2.2253000736236572,2.2291998863220215,844,0.0,0.0
2024-07-09 14:40:00-04:00,2.2149999141693115,2.2149999141693115,2.190000057220459,2.200000047683716,28473,0.0,0.0
2024-07-09 14:45:00-04:00,2.200000047683716,2.200000047683716,2.180000066757202,2.190000057220459,11869,0.0,0.0
2024-07-09 14:50:00-04:00,2.180000066757202,2.180000066757202,2.180000066757202,2.180000066757202,4024,0.0,0.0
2024-07-09 14:55:00-04:00,2.160799980163574,2.160799980163574,2.1003000736236572,2.1003000736236572,20717,0.0,0.0
2024-07-09 15:00:00-04:00,2.0999999046325684,2.140000104904175,2.0999999046325684,2.0999999046325684,10402,0.0,0.0
2024-07-09 15:05:00-04:00,2.130000114440918,2.130000114440918,2.119999885559082,2.1298999786376953,6791,0.0,0.0
2024-07-09 15:10:00-04:00,2.130000114440918,2.159899950027466,2.119999885559082,2.159899950027466,5673,0.0,0.0
2024-07-09 15:15:00-04:00,2.1298000812530518,2.1298000812530518,2.1298000812530518,2.1298000812530518,110,0.0,0.0
2024-07-09 15:20:00-04:00,2.140000104904175,2.140000104904175,2.109999895095825,2.1191999912261963,24859,0.0,0.0
2024-07-09 15:25:00-04:00,2.125,2.130000114440918,2.119999885559082,2.119999885559082,1807,0.0,0.0
2024-07-09 15:30:00-04:00,2.130000114440918,2.1600000858306885,2.1201000213623047,2.15910005569458,8463,0.0,0.0
2024-07-09 15:35:00-04:00,2.1591999530792236,2.1600000858306885,2.1591999530792236,2.1591999530792236,2359,0.0,0.0
2024-07-09 15:40:00-04:00,2.1591999530792236,2.180000066757202,2.1591999530792236,2.1700000762939453,2847,0.0,0.0
2024-07-09 15:45:00-04:00,2.1700000762939453,2.1700000762939453,2.150099992752075,2.1501998901367188,7468,0.0,0.0
2024-07-09 15:50:00-04:00,2.1549999713897705,2.1549999713897705,2.1549999713897705,2.1549999713897705,398,0.0,0.0
2024-07-09 15:55:00-04:00,2.1510000228881836,2.1700000762939453,2.1500000953674316,2.1600000858306885,13539,0.0,0.0
2024-07-10 09:30:00-04:00,2.1600000858306885,2.200000047683716,2.140000104904175,2.14739990234375,31885,0.0,0.0
2024-07-10 09:35:00-04:00,2.119999885559082,2.119999885559082,2.0799999237060547,2.089200019836426,33285,0.0,0.0
2024-07-10 09:40:00-04:00,2.0850000381469727,2.0899999141693115,2.049999952316284,2.0599000453948975,13635,0.0,0.0
2024-07-10 09:45:00-04:00,2.059999942779541,2.0699000358581543,2.0399999618530273,2.049999952316284,18608,0.0,0.0
2024-07-10 09:50:00-04:00,2.0399999618530273,2.0399999618530273,1.9199999570846558,1.9600000381469727,94705,0.0,0.0
2024-07-10 09:55:00-04:00,1.965000033378601,1.9900000095367432,1.965000033378601,1.9900000095367432,26127,0.0,0.0
2024-07-10 10:00:00-04:00,2.0,2.0,1.9950000047683716,1.9993000030517578,2645,0.0,0.0
2024-07-10 10:05:00-04:00,2.0000998973846436,2.009999990463257,2.0000998973846436,2.009999990463257,1858,0.0,0.0
2024-07-10 10:10:00-04:00,2.01990008354187,2.049999952316284,2.01990008354187,2.034600019454956,26174,0.0,0.0
2024-07-10 10:15:00-04:00,2.0211000442504883,2.039799928665161,2.009999990463257,2.0220000743865967,5703,0.0,0.0
2024-07-10 10:20:00-04:00,2.0199999809265137,2.0299999713897705,2.015000104904175,2.0299999713897705,4984,0.0,0.0
2024-07-10 10:25:00-04:00,2.0299999713897705,2.0899999141693115,2.0299999713897705,2.0899999141693115,11597,0.0,0.0
2024-07-10 10:30:00-04:00,2.0506999492645264,2.0799999237060547,2.0506999492645264,2.0692999362945557,3026,0.0,0.0
2024-07-10 10:35:00-04:00,2.0299999713897705,2.049999952316284,2.020699977874756,2.049999952316284,13727,0.0,0.0
2024-07-10 10:40:00-04:00,2.0506999492645264,2.059999942779541,2.0506999492645264,2.059999942779541,7144,0.0,0.0
2024-07-10 10:50:00-04:00,2.059999942779541,2.059999942779541,2.059999942779541,2.059999942779541,471,0.0,0.0
2024-07-10 10:55:00-04:00,2.089900016784668,2.089900016784668,2.089900016784668,2.089900016784668,2840,0.0,0.0
2024-07-10 11:00:00-04:00,2.059299945831299,2.059299945831299,2.059299945831299,2.059299945831299,320,0.0,0.0
2024-07-10 11:05:00-04:00,2.055000066757202,2.0599000453948975,2.055000066757202,2.0599000453948975,3225,0.0,0.0
2024-07-10 11:10:00-04:00,2.0399999618530273,2.058799982070923,2.0399999618530273,2.049999952316284,4035,0.0,0.0
2024-07-10 11:15:00-04:00,2.059299945831299,2.059299945831299,2.059299945831299,2.059299945831299,5831,0.0,0.0
2024-07-10 11:20:00-04:00,2.059999942779541,2.069999933242798,2.059999942779541,2.069999933242798,6070,0.0,0.0
2024-07-10 11:25:00-04:00,2.0692999362945557,2.0692999362945557,2.0692999362945557,2.0692999362945557,1334,0.0,0.0
2024-07-10 11:30:00-04:00,2.059999942779541,2.059999942779541,2.059999942779541,2.059999942779541,2477,0.0,0.0
2024-07-10 11:45:00-04:00,2.0522000789642334,2.055000066757202,2.0199999809265137,2.050299882888794,16254,0.0,0.0
2024-07-10 11:50:00-04:00,2.0506999492645264,2.0506999492645264,2.0506999492645264,2.0506999492645264,1069,0.0,0.0
2024-07-10 11:55:00-04:00,2.049999952316284,2.049999952316284,2.049999952316284,2.049999952316284,109,0.0,0.0
2024-07-10 12:00:00-04:00,2.0506999492645264,2.065000057220459,2.0399999618530273,2.060699939727783,12501,0.0,0.0
2024-07-10 12:05:00-04:00,2.061500072479248,2.065000057220459,2.061500072479248,2.065000057220459,2950,0.0,0.0
2024-07-10 12:10:00-04:00,2.065000057220459,2.065000057220459,2.059999942779541,2.059999942779541,5883,0.0,0.0
2024-07-10 12:15:00-04:00,2.059999942779541,2.059999942779541,2.0399999618530273,2.049999952316284,3040,0.0,0.0
2024-07-10 12:20:00-04:00,2.0625998973846436,2.0625998973846436,2.0625998973846436,2.0625998973846436,477,0.0,0.0
2024-07-10 12:25:00-04:00,2.0450000762939453,2.0450000762939453,2.04010009765625,2.04010009765625,5963,0.0,0.0
2024-07-10 12:35:00-04:00,2.0401999950408936,2.0450000762939453,2.0401999950408936,2.0450000762939453,1697,0.0,0.0
2024-07-10 12:40:00-04:00,2.0201001167297363,2.0201001167297363,2.0201001167297363,2.0201001167297363,6246,0.0,0.0
2024-07-10 12:45:00-04:00,2.049999952316284,2.069999933242798,2.0199999809265137,2.069999933242798,3860,0.0,0.0
2024-07-10 12:50:00-04:00,2.055000066757202,2.069999933242798,2.055000066757202,2.069999933242798,4515,0.0,0.0
2024-07-10 12:55:00-04:00,2.069999933242798,2.069999933242798,2.0699000358581543,2.069999933242798,2868,0.0,0.0
2024-07-10 13:00:00-04:00,2.0692999362945557,2.0692999362945557,2.0406999588012695,2.055000066757202,1878,0.0,0.0
2024-07-10 13:10:00-04:00,2.059299945831299,2.059299945831299,2.059299945831299,2.059299945831299,958,0.0,0.0
2024-07-10 13:15:00-04:00,2.0450000762939453,2.0450000762939453,2.0450000762939453,2.0450000762939453,525,0.0,0.0
2024-07-10 13:25:00-04:00,2.04010009765625,2.0481998920440674,2.04010009765625,2.0481998920440674,1489,0.0,0.0
2024-07-10 13:30:00-04:00,2.049299955368042,2.049299955368042,2.0406999588012695,2.0406999588012695,800,0.0,0.0
2024-07-10 13:35:00-04:00,2.0450000762939453,2.0450000762939453,2.0450000762939453,2.0450000762939453,1173,0.0,0.0
2024-07-10 13:40:00-04:00,2.049299955368042,2.049799919128418,2.0450000762939453,2.049799919128418,1885,0.0,0.0
2024-07-10 13:45:00-04:00,2.059999942779541,2.069999933242798,2.059999942779541,2.069999933242798,1978,0.0,0.0
2024-07-10 13:50:00-04:00,2.083699941635132,2.0999999046325684,2.059999942779541,2.0999999046325684,2475,0.0,0.0
2024-07-10 13:55:00-04:00,2.059999942779541,2.0799999237060547,2.059999942779541,2.069999933242798,7200,0.0,0.0
2024-07-10 14:00:00-04:00,2.069999933242798,2.109999895095825,2.052500009536743,2.0799999237060547,11532,0.0,0.0
2024-07-10 14:10:00-04:00,2.0799999237060547,2.109999895095825,2.0799999237060547,2.0799999237060547,573,0.0,0.0
2024-07-10 14:15:00-04:00,2.109999895095825,2.109999895095825,2.0950000286102295,2.0950000286102295,260,0.0,0.0
2024-07-10 14:20:00-04:00,2.109999895095825,2.109999895095825,2.109299898147583,2.109299898147583,1020,0.0,0.0
2024-07-10 14:25:00-04:00,2.10260009765625,2.109999895095825,2.0950000286102295,2.0950000286102295,2224,0.0,0.0
2024-07-10 14:30:00-04:00,2.0999999046325684,2.109999895095825,2.0799999237060547,2.109999895095825,341,0.0,0.0
2024-07-10 14:35:00-04:00,2.109999895095825,2.109999895095825,2.109999895095825,2.109999895095825,989,0.0,0.0
2024-07-10 14:40:00-04:00,2.0799999237060547,2.119999885559082,2.0799999237060547,2.119999885559082,11101,0.0,0.0
2024-07-10 14:45:00-04:00,2.1191999912261963,2.119999885559082,2.0999999046325684,2.0999999046325684,4467,0.0,0.0
2024-07-10 14:50:00-04:00,2.1005001068115234,2.109999895095825,2.0999999046325684,2.109999895095825,1373,0.0,0.0
2024-07-10 14:55:00-04:00,2.109999895095825,2.140000104904175,2.109999895095825,2.130000114440918,3329,0.0,0.0
2024-07-10 15:00:00-04:00,2.0950000286102295,2.109999895095825,2.0950000286102295,2.0999999046325684,5140,0.0,0.0
2024-07-10 15:05:00-04:00,2.0999999046325684,2.0999999046325684,2.0950000286102295,2.0999999046325684,2696,0.0,0.0
2024-07-10 15:15:00-04:00,2.109999895095825,2.109999895095825,2.0799999237060547,2.0799999237060547,17052,0.0,0.0
2024-07-10 15:20:00-04:00,2.0899999141693115,2.0999999046325684,2.0899999141693115,2.0999999046325684,5449,0.0,0.0
2024-07-10 15:25:00-04:00,2.0801000595092773,2.0801000595092773,2.069999933242798,2.0799999237060547,6766,0.0,0.0
2024-07-10 15:30:00-04:00,2.0799999237060547,2.0799999237060547,2.0799999237060547,2.0799999237060547,847,0.0,0.0
2024-07-10 15:40:00-04:00,2.0799999237060547,2.0799999237060547,2.0799999237060547,2.0799999237060547,1670,0.0,0.0
2024-07-10 15:45:00-04:00,2.0799999237060547,2.0850000381469727,2.0799999237060547,2.0850000381469727,2597,0.0,0.0
2024-07-10 15:50:00-04:00,2.0799999237060547,2.0799999237060547,2.0799999237060547,2.0799999237060547,12404,0.0,0.0
2024-07-10 15:55:00-04:00,2.0801000595092773,2.109999895095825,2.069999933242798,2.069999933242798,2862,0.0,0.0
2024-07-11 09:30:00-04:00,2.049999952316284,2.0899999141693115,2.0406999588012695,2.053800106048584,64267,0.0,0.0
2024-07-11 09:35:00-04:00,2.0999999046325684,2.0999999046325684,2.0999999046325684,2.0999999046325684,623,0.0,0.0
2024-07-11 09:40:00-04:00,2.0799999237060547,2.0892999172210693,2.0799999237060547,2.0892999172210693,2996,0.0,0.0
2024-07-11 09:45:00-04:00,2.089200019836426,2.089200019836426,2.089200019836426,2.089200019836426,632,0.0,0.0
2024-07-11 09:50:00-04:00,2.089200019836426,2.0899999141693115,2.0799999237060547,2.0899999141693115,2836,0.0,0.0
2024-07-11 09:55:00-04:00,2.0999999046325684,2.0999999046325684,2.090100049972534,2.0908000469207764,1850,0.0,0.0
2024-07-11 10:00:00-04:00,2.0908000469207764,2.0999999046325684,2.0903000831604004,2.0906999111175537,5443,0.0,0.0
2024-07-11 10:05:00-04:00,2.0999999046325684,2.100100040435791,2.0999999046325684,2.100100040435791,0,0.0,0.0
2024-07-11 10:10:00-04:00,2.1296000480651855,2.1296000480651855,2.1296000480651855,2.1296000480651855,9155,0.0,0.0
2024-07-11 10:15:00-04:00,2.1273000240325928,2.1273000240325928,2.0799999237060547,2.0801000595092773,10659,0.0,0.0
2024-07-11 10:20:00-04:00,2.0999999046325684,2.0999999046325684,2.0999999046325684,2.0999999046325684,2200,0.0,0.0
2024-07-11 10:25:00-04:00,2.130000114440918,2.130000114440918,2.1092000007629395,2.1092000007629395,2410,0.0,0.0
2024-07-11 10:30:00-04:00,2.1092000007629395,2.130000114440918,2.1092000007629395,2.119999885559082,10065,0.0,0.0
2024-07-11 10:35:00-04:00,2.149899959564209,2.149899959564209,2.149899959564209,2.149899959564209,2301,0.0,0.0
2024-07-11 10:40:00-04:00,2.142899990081787,2.142899990081787,2.119999885559082,2.119999885559082,3135,0.0,0.0
2024-07-11 10:45:00-04:00,2.110100030899048,2.1600000858306885,2.110100030899048,2.1324000358581543,30037,0.0,0.0
2024-07-11 10:50:00-04:00,2.1308000087738037,2.1500000953674316,2.1308000087738037,2.1500000953674316,2118,0.0,0.0
2024-07-11 10:55:00-04:00,2.140000104904175,2.1500000953674316,2.140000104904175,2.1500000953674316,852,0.0,0.0
2024-07-11 11:00:00-04:00,2.1500000953674316,2.1549999713897705,2.1498000621795654,2.1549999713897705,4524,0.0,0.0
2024-07-11 11:05:00-04:00,2.1500000953674316,2.1500000953674316,2.130500078201294,2.130500078201294,2825,0.0,0.0
2024-07-11 11:10:00-04:00,2.1308000087738037,2.1308000087738037,2.130500078201294,2.130500078201294,982,0.0,0.0
2024-07-11 11:15:00-04:00,2.149199962615967,2.149199962615967,2.130000114440918,2.1401000022888184,4253,0.0,0.0
2024-07-11 11:20:00-04:00,2.1403000354766846,2.1403000354766846,2.130000114440918,2.130000114440918,4247,0.0,0.0
2024-07-11 11:25:00-04:00,2.119999885559082,2.119999885559082,2.119999885559082,2.119999885559082,602,0.0,0.0
2024-07-11 11:30:00-04:00,2.139899969100952,2.139899969100952,2.1250998973846436,2.1250998973846436,3828,0.0,0.0
2024-07-11 11:40:00-04:00,2.119999885559082,2.119999885559082,2.0999999046325684,2.0999999046325684,1413,0.0,0.0
2024-07-11 11:45:00-04:00,2.0999999046325684,2.109999895095825,2.0999999046325684,2.109999895095825,778,0.0,0.0
2024-07-11 12:00:00-04:00,2.100399971008301,2.100399971008301,2.100399971008301,2.100399971008301,821,0.0,0.0
2024-07-11 12:05:00-04:00,2.1073999404907227,2.1073999404907227,2.0999999046325684,2.0999999046325684,882,0.0,0.0
2024-07-11 12:15:00-04:00,2.11929988861084,2.11929988861084,2.115000009536743,2.115000009536743,787,0.0,0.0
2024-07-11 12:20:00-04:00,2.100100040435791,2.100100040435791,2.100100040435791,2.100100040435791,278,0.0,0.0
2024-07-11 12:25:00-04:00,2.109999895095825,2.109999895095825,2.109999895095825,2.109999895095825,214,0.0,0.0
2024-07-11 12:35:00-04:00,2.0999999046325684,2.109999895095825,2.0999999046325684,2.1050000190734863,4414,0.0,0.0
2024-07-11 12:45:00-04:00,2.1003000736236572,2.1003000736236572,2.0999999046325684,2.0999999046325684,4540,0.0,0.0
2024-07-11 12:55:00-04:00,2.0999999046325684,2.109999895095825,2.0999999046325684,2.109999895095825,5719,0.0,0.0
2024-07-11 13:00:00-04:00,2.0999999046325684,2.0999999046325684,2.0999999046325684,2.0999999046325684,2710,0.0,0.0
2024-07-11 13:45:00-04:00,2.130000114440918,2.130000114440918,2.130000114440918,2.130000114440918,1091,0.0,0.0
2024-07-11 14:00:00-04:00,2.136899948120117,2.136899948120117,2.0999999046325684,2.102299928665161,5748,0.0,0.0
2024-07-11 14:05:00-04:00,2.107599973678589,2.107599973678589,2.107599973678589,2.107599973678589,118,0.0,0.0
2024-07-11 14:20:00-04:00,2.140000104904175,2.140000104904175,2.140000104904175,2.140000104904175,404,0.0,0.0
2024-07-11 14:30:00-04:00,2.119999885559082,2.119999885559082,2.119999885559082,2.119999885559082,410,0.0,0.0
2024-07-11 14:40:00-04:00,2.140000104904175,2.140500068664551,2.130000114440918,2.140500068664551,1527,0.0,0.0
2024-07-11 14:45:00-04:00,2.1500000953674316,2.1500000953674316,2.1401000022888184,2.1466000080108643,4825,0.0,0.0
2024-07-11 15:00:00-04:00,2.1600000858306885,2.1700000762939453,2.1600000858306885,2.1700000762939453,271,0.0,0.0
2024-07-11 15:05:00-04:00,2.1600000858306885,2.1600000858306885,2.1500000953674316,2.1500000953674316,2577,0.0,0.0
2024-07-11 15:25:00-04:00,2.1700000762939453,2.1700000762939453,2.1700000762939453,2.1700000762939453,399,0.0,0.0
2024-07-11 15:30:00-04:00,2.1700000762939453,2.1700000762939453,2.1700000762939453,2.1700000762939453,2615,0.0,0.0
2024-07-11 15:35:00-04:00,2.1700000762939453,2.1700000762939453,2.1500000953674316,2.1500000953674316,1928,0.0,0.0
2024-07-11 15:40:00-04:00,2.150099992752075,2.150099992752075,2.1500000953674316,2.1500000953674316,873,0.0,0.0
2024-07-11 15:45:00-04:00,2.1500000953674316,2.1500000953674316,2.119999885559082,2.140000104904175,1018,0.0,0.0
2024-07-11 15:50:00-04:00,2.1649999618530273,2.1649999618530273,2.130000114440918,2.130000114440918,1469,0.0,0.0
2024-07-11 15:55:00-04:00,2.1633999347686768,2.1633999347686768,2.119999885559082,2.140000104904175,13155,0.0,0.0
2024-07-12 09:30:00-04:00,2.109999895095825,2.1305999755859375,2.109999895095825,2.1305999755859375,6690,0.0,0.0
2024-07-12 09:35:00-04:00,2.13070011138916,2.1500000953674316,2.13070011138916,2.1500000953674316,2709,0.0,0.0
2024-07-12 09:40:00-04:00,2.1500000953674316,2.1500000953674316,2.140000104904175,2.140000104904175,3130,0.0,0.0
2024-07-12 09:45:00-04:00,2.1407999992370605,2.1407999992370605,2.140000104904175,2.140000104904175,1545,0.0,0.0
2024-07-12 09:50:00-04:00,2.140000104904175,2.1500000953674316,2.130000114440918,2.1407999992370605,5587,0.0,0.0
2024-07-12 09:55:00-04:00,2.1407999992370605,2.1407999992370605,2.130000114440918,2.131999969482422,1364,0.0,0.0
2024-07-12 10:00:00-04:00,2.130000114440918,2.130000114440918,2.119999885559082,2.119999885559082,5765,0.0,0.0
2024-07-12 10:05:00-04:00,2.119999885559082,2.130000114440918,2.119999885559082,2.130000114440918,4361,0.0,0.0
2024-07-12 10:10:00-04:00,2.109999895095825,2.130000114440918,2.109999895095825,2.119999885559082,6155,0.0,0.0
2024-07-12 10:15:00-04:00,2.1447999477386475,2.1447999477386475,2.1273999214172363,2.1273999214172363,1158,0.0,0.0
2024-07-12 10:30:00-04:00,2.119999885559082,2.1384999752044678,2.119999885559082,2.130000114440918,2100,0.0,0.0
2024-07-12 10:35:00-04:00,2.1308999061584473,2.1308999061584473,2.119999885559082,2.119999885559082,2162,0.0,0.0
2024-07-12 10:40:00-04:00,2.140000104904175,2.140000104904175,2.140000104904175,2.140000104904175,480,0.0,0.0
2024-07-12 10:45:00-04:00,2.140000104904175,2.140000104904175,2.140000104904175,2.140000104904175,1550,0.0,0.0
2024-07-12 10:50:00-04:00,2.140000104904175,2.1475000381469727,2.130000114440918,2.140000104904175,4286,0.0,0.0
2024-07-12 10:55:00-04:00,2.1500000953674316,2.200000047683716,2.1500000953674316,2.170599937438965,17620,0.0,0.0
2024-07-12 11:00:00-04:00,2.1714999675750732,2.1714999675750732,2.1649999618530273,2.1700000762939453,639,0.0,0.0
2024-07-12 11:05:00-04:00,2.1700000762939453,2.1700000762939453,2.1700000762939453,2.1700000762939453,8776,0.0,0.0
2024-07-12 11:10:00-04:00,2.180000066757202,2.180000066757202,2.180000066757202,2.180000066757202,572,0.0,0.0
2024-07-12 11:15:00-04:00,2.180000066757202,2.180000066757202,2.180000066757202,2.180000066757202,207,0.0,0.0
2024-07-12 11:20:00-04:00,2.180000066757202,2.180000066757202,2.170099973678589,2.174999952316284,4886,0.0,0.0
2024-07-12 11:35:00-04:00,2.177000045776367,2.177000045776367,2.177000045776367,2.177000045776367,322,0.0,0.0
2024-07-12 11:40:00-04:00,2.1700000762939453,2.1700000762939453,2.1700000762939453,2.1700000762939453,5319,0.0,0.0
2024-07-12 11:50:00-04:00,2.1500000953674316,2.1500000953674316,2.130000114440918,2.140000104904175,5039,0.0,0.0
2024-07-12 12:00:00-04:00,2.1500000953674316,2.1500000953674316,2.1500000953674316,2.1500000953674316,937,0.0,0.0
2024-07-12 12:05:00-04:00,2.119999885559082,2.120300054550171,2.119999885559082,2.120300054550171,1018,0.0,0.0
2024-07-12 12:15:00-04:00,2.130000114440918,2.140000104904175,2.130000114440918,2.140000104904175,4303,0.0,0.0
2024-07-12 12:20:00-04:00,2.1201000213623047,2.1201000213623047,2.119999885559082,2.119999885559082,2454,0.0,0.0
2024-07-12 12:25:00-04:00,2.140000104904175,2.140000104904175,2.140000104904175,2.140000104904175,785,0.0,0.0
2024-07-12 12:30:00-04:00,2.120300054550171,2.130000114440918,2.119999885559082,2.130000114440918,1945,0.0,0.0
2024-07-12 12:35:00-04:00,2.119999885559082,2.119999885559082,2.109999895095825,2.109999895095825,4623,0.0,0.0
2024-07-12 12:40:00-04:00,2.1101999282836914,2.1101999282836914,2.1101999282836914,2.1101999282836914,1233,0.0,0.0
2024-07-12 12:45:00-04:00,2.109999895095825,2.109999895095825,2.109999895095825,2.109999895095825,1433,0.0,0.0
2024-07-12 12:55:00-04:00,2.109999895095825,2.109999895095825,2.109999895095825,2.109999895095825,2270,0.0,0.0
2024-07-12 13:00:00-04:00,2.130000114440918,2.130000114440918,2.130000114440918,2.130000114440918,1349,0.0,0.0
2024-07-12 13:05:00-04:00,2.119999885559082,2.119999885559082,2.0399999618530273,2.049999952316284,57005,0.0,0.0
2024-07-12 13:10:00-04:00,2.061000108718872,2.061000108718872,1.9500000476837158,1.9800000190734863,42458,0.0,0.0
2024-07-12 13:15:00-04:00,1.9800000190734863,1.9900000095367432,1.940000057220459,1.9500000476837158,14928,0.0,0.0
2024-07-12 13:20:00-04:00,1.9800000190734863,1.9900000095367432,1.9600000381469727,1.9600000381469727,3863,0.0,0.0
2024-07-12 13:25:00-04:00,1.9500999450683594,1.9800000190734863,1.9500999450683594,1.9800000190734863,1641,0.0,0.0
2024-07-12 13:30:00-04:00,1.9700000286102295,1.9700000286102295,1.9605000019073486,1.9605000019073486,3017,0.0,0.0
2024-07-12 13:35:00-04:00,1.9800000190734863,1.9800000190734863,1.930899977684021,1.930899977684021,12672,0.0,0.0
2024-07-12 13:40:00-04:00,1.9306999444961548,1.9306999444961548,1.9306999444961548,1.9306999444961548,491,0.0,0.0
2024-07-12 13:45:00-04:00,1.9407000541687012,1.9407000541687012,1.9407000541687012,1.9407000541687012,3433,0.0,0.0
2024-07-12 13:55:00-04:00,1.9700000286102295,1.9800000190734863,1.9700000286102295,1.9800000190734863,3655,0.0,0.0
2024-07-12 14:00:00-04:00,1.9700000286102295,1.9707000255584717,1.9700000286102295,1.9707000255584717,5020,0.0,0.0
2024-07-12 14:05:00-04:00,1.9700000286102295,1.983199954032898,1.9700000286102295,1.983199954032898,464,0.0,0.0
2024-07-12 14:10:00-04:00,1.9950000047683716,2.009999990463257,1.9900000095367432,1.9900000095367432,11392,0.0,0.0
2024-07-12 14:15:00-04:00,1.9800000190734863,1.9800000190734863,1.9800000190734863,1.9800000190734863,21875,0.0,0.0
2024-07-12 14:40:00-04:00,1.9801000356674194,1.9801000356674194,1.9801000356674194,1.9801000356674194,752,0.0,0.0
2024-07-12 14:45:00-04:00,1.9800000190734863,1.9800000190734863,1.9800000190734863,1.9800000190734863,0,0.0,0.0
2024-07-12 14:50:00-04:00,1.9845000505447388,1.9845000505447388,1.975000023841858,1.9780000448226929,3008,0.0,0.0
2024-07-12 14:55:00-04:00,1.9793000221252441,1.9793000221252441,1.9793000221252441,1.9793000221252441,1284,0.0,0.0
2024-07-12 15:00:00-04:00,1.9800000190734863,2.0,1.9800000190734863,2.0,5186,0.0,0.0
2024-07-12 15:05:00-04:00,2.0,2.0099000930786133,2.0,2.0099000930786133,787,0.0,0.0
2024-07-12 15:10:00-04:00,2.0264999866485596,2.0264999866485596,2.0199999809265137,2.0199999809265137,2413,0.0,0.0
2024-07-12 15:20:00-04:00,2.01990008354187,2.059999942779541,2.01990008354187,2.059999942779541,4322,0.0,0.0
2024-07-12 15:25:00-04:00,2.059999942779541,2.069999933242798,2.055000066757202,2.069999933242798,4014,0.0,0.0
2024-07-12 15:30:00-04:00,2.07669997215271,2.0999999046325684,2.07669997215271,2.0999999046325684,4052,0.0,0.0
2024-07-12 15:35:00-04:00,2.0999999046325684,2.0999999046325684,2.099299907684326,2.0999999046325684,2417,0.0,0.0
2024-07-12 15:40:00-04:00,2.0999999046325684,2.109999895095825,2.0899999141693115,2.1050000190734863,9351,0.0,0.0
2024-07-12 15:45:00-04:00,2.1050000190734863,2.109999895095825,2.0899999141693115,2.109999895095825,4342,0.0,0.0
2024-07-12 15:50:00-04:00,2.109999895095825,2.109999895095825,2.0999999046325684,2.1050000190734863,27629,0.0,0.0
2024-07-12 15:55:00-04:00,2.119999885559082,2.1600000858306885,2.1105000972747803,2.1449999809265137,26956,0.0,0.0
2024-07-15 09:30:00-04:00,2.069999933242798,2.069999933242798,2.049999952316284,2.049999952316284,14643,0.0,0.0
2024-07-15 09:35:00-04:00,2.0504000186920166,2.099400043487549,2.0504000186920166,2.099400043487549,3932,0.0,0.0
2024-07-15 09:40:00-04:00,2.050600051879883,2.050600051879883,2.049999952316284,2.049999952316284,0,0.0,0.0
2024-07-15 09:45:00-04:00,2.069999933242798,2.069999933242798,2.069999933242798,2.069999933242798,2000,0.0,0.0
2024-07-15 09:50:00-04:00,2.069999933242798,2.0745999813079834,2.069999933242798,2.0745999813079834,0,0.0,0.0
2024-07-15 09:55:00-04:00,2.059999942779541,2.069999933242798,2.059999942779541,2.069999933242798,1245,0.0,0.0
2024-07-15 10:00:00-04:00,2.0826001167297363,2.0826001167297363,2.075000047683716,2.075000047683716,1306,0.0,0.0
2024-07-15 10:05:00-04:00,2.069999933242798,2.069999933242798,2.059999942779541,2.059999942779541,632,0.0,0.0
2024-07-15 10:10:00-04:00,2.069999933242798,2.0776000022888184,2.059999942779541,2.059999942779541,2043,0.0,0.0
2024-07-15 10:15:00-04:00,2.060699939727783,2.0899999141693115,2.060499906539917,2.0899999141693115,2272,0.0,0.0
2024-07-15 10:25:00-04:00,2.0899999141693115,2.0999999046325684,2.0899999141693115,2.0999999046325684,3488,0.0,0.0
2024-07-15 10:30:00-04:00,2.0999999046325684,2.0999999046325684,2.0999999046325684,2.0999999046325684,554,0.0,0.0
2024-07-15 10:35:00-04:00,2.130000114440918,2.130000114440918,2.130000114440918,2.130000114440918,700,0.0,0.0
2024-07-15 10:40:00-04:00,2.109999895095825,2.109999895095825,2.0899999141693115,2.0899999141693115,701,0.0,0.0
2024-07-15 10:50:00-04:00,2.069999933242798,2.069999933242798,2.069999933242798,2.069999933242798,401,0.0,0.0
2024-07-15 10:55:00-04:00,2.069999933242798,2.069999933242798,2.069999933242798,2.069999933242798,371,0.0,0.0
2024-07-15 11:00:00-04:00,2.069999933242798,2.0999999046325684,2.069999933242798,2.069999933242798,5649,0.0,0.0
2024-07-15 11:05:00-04:00,2.0826001167297363,2.0826001167297363,2.0826001167297363,2.0826001167297363,500,0.0,0.0
2024-07-15 11:10:00-04:00,2.0999999046325684,2.0999999046325684,2.0999999046325684,2.0999999046325684,1175,0.0,0.0
2024-07-15 11:20:00-04:00,2.119999885559082,2.119999885559082,2.109999895095825,2.109999895095825,1205,0.0,0.0
2024-07-15 11:30:00-04:00,2.0999999046325684,2.0999999046325684,2.0999999046325684,2.0999999046325684,107,0.0,0.0
2024-07-15 11:35:00-04:00,2.1001999378204346,2.1003000736236572,2.0799999237060547,2.0799999237060547,3913,0.0,0.0
2024-07-15 11:50:00-04:00,2.0899999141693115,2.0899999141693115,2.0899999141693115,2.0899999141693115,409,0.0,0.0
2024-07-15 11:55:00-04:00,2.0710999965667725,2.0710999965667725,2.0710999965667725,2.0710999965667725,675,0.0,0.0
2024-07-15 12:10:00-04:00,2.0708999633789062,2.0710999965667725,2.0708999633789062,2.0710999965667725,398,0.0,0.0
2024-07-15 12:15:00-04:00,2.0799999237060547,2.0799999237060547,2.0799999237060547,2.0799999237060547,1518,0.0,0.0
2024-07-15 12:20:00-04:00,2.0899999141693115,2.0899999141693115,2.0899999141693115,2.0899999141693115,837,0.0,0.0
2024-07-15 12:35:00-04:00,2.0999999046325684,2.0999999046325684,2.0999999046325684,2.0999999046325684,1500,0.0,0.0
2024-07-15 12:40:00-04:00,2.109999895095825,2.110100030899048,2.109999895095825,2.110100030899048,1383,0.0,0.0
2024-07-15 12:45:00-04:00,2.0954999923706055,2.0954999923706055,2.0954999923706055,2.0954999923706055,341,0.0,0.0
2024-07-15 12:50:00-04:00,2.0910000801086426,2.0910000801086426,2.0910000801086426,2.0910000801086426,401,0.0,0.0
2024-07-15 12:55:00-04:00,2.0899999141693115,2.1050000190734863,2.0899999141693115,2.090100049972534,5111,0.0,0.0
2024-07-15 13:00:00-04:00,2.0899999141693115,2.0899999141693115,2.0899999141693115,2.0899999141693115,5321,0.0,0.0
2024-07-15 13:05:00-04:00,2.0701000690460205,2.0701000690460205,2.0701000690460205,2.0701000690460205,378,0.0,0.0
2024-07-15 13:10:00-04:00,2.07669997215271,2.07669997215271,2.07669997215271,2.07669997215271,1567,0.0,0.0
2024-07-15 13:30:00-04:00,2.0999999046325684,2.0999999046325684,2.0999999046325684,2.0999999046325684,167,0.0,0.0
2024-07-15 13:50:00-04:00,2.0999999046325684,2.0999999046325684,2.0999999046325684,2.0999999046325684,1497,0.0,0.0
2024-07-15 14:00:00-04:00,2.1101999282836914,2.1101999282836914,2.1101999282836914,2.1101999282836914,1204,0.0,0.0
2024-07-15 14:10:00-04:00,2.109999895095825,2.1500000953674316,2.109999895095825,2.149899959564209,4200,0.0,0.0
2024-07-15 14:15:00-04:00,2.123699903488159,2.1500000953674316,2.123699903488159,2.1500000953674316,3358,0.0,0.0
2024-07-15 14:40:00-04:00,2.1301000118255615,2.1301000118255615,2.1301000118255615,2.1301000118255615,9987,0.0,0.0
2024-07-15 14:50:00-04:00,2.180000066757202,2.180000066757202,2.180000066757202,2.180000066757202,1096,0.0,0.0
2024-07-15 14:55:00-04:00,2.1700000762939453,2.1700000762939453,2.1600000858306885,2.1600000858306885,1517,0.0,0.0
2024-07-15 15:05:00-04:00,2.1700000762939453,2.1700000762939453,2.1700000762939453,2.1700000762939453,931,0.0,0.0
2024-07-15 15:15:00-04:00,2.1700000762939453,2.1700000762939453,2.1700000762939453,2.1700000762939453,725,0.0,0.0
2024-07-15 15:35:00-04:00,2.180000066757202,2.180000066757202,2.1600000858306885,2.1700000762939453,3130,0.0,0.0
2024-07-15 15:40:00-04:00,2.165800094604492,2.1798999309539795,2.165800094604492,2.1798999309539795,873,0.0,0.0
2024-07-15 15:50:00-04:00,2.1798999309539795,2.1798999309539795,2.1798999309539795,2.1798999309539795,357,0.0,0.0
2024-07-15 15:55:00-04:00,2.1698999404907227,2.359999895095825,2.1649999618530273,2.3399999141693115,74253,0.0,0.0
2024-07-16 09:30:00-04:00,2.369999885559082,2.369999885559082,2.319999933242798,2.319999933242798,19845,0.0,0.0
2024-07-16 09:35:00-04:00,2.299999952316284,2.299999952316284,2.2899999618530273,2.2899999618530273,1392,0.0,0.0
2024-07-16 09:40:00-04:00,2.2946999073028564,2.2950000762939453,2.2946999073028564,2.2950000762939453,583,0.0,0.0
2024-07-16 09:45:00-04:00,2.2950000762939453,2.3399999141693115,2.2950000762939453,2.3399999141693115,2613,0.0,0.0
2024-07-16 09:50:00-04:00,2.3208000659942627,2.3399999141693115,2.319999933242798,2.319999933242798,707,0.0,0.0
2024-07-16 09:55:00-04:00,2.319999933242798,2.319999933242798,2.299999952316284,2.299999952316284,7680,0.0,0.0
2024-07-16 10:00:00-04:00,2.309999942779541,2.309999942779541,2.299999952316284,2.299999952316284,10738,0.0,0.0
2024-07-16 10:10:00-04:00,2.2869999408721924,2.2869999408721924,2.2869999408721924,2.2869999408721924,0,0.0,0.0
2024-07-16 10:15:00-04:00,2.2899999618530273,2.297300100326538,2.272200107574463,2.272200107574463,1517,0.0,0.0
2024-07-16 10:20:00-04:00,2.2708001136779785,2.302999973297119,2.2708001136779785,2.2899999618530273,7657,0.0,0.0
2024-07-16 10:25:00-04:00,2.2899999618530273,2.3301000595092773,2.2699999809265137,2.2699999809265137,4554,0.0,0.0
2024-07-16 10:30:00-04:00,2.2899999618530273,2.2899999618530273,2.2799999713897705,2.2799999713897705,1214,0.0,0.0
2024-07-16 10:35:00-04:00,2.259999990463257,2.273400068283081,2.259999990463257,2.273400068283081,872,0.0,0.0
2024-07-16 10:40:00-04:00,2.259200096130371,2.299999952316284,2.25,2.2750000953674316,11770,0.0,0.0
2024-07-16 10:45:00-04:00,2.2899999618530273,2.309999942779541,2.2899999618530273,2.309999942779541,5811,0.0,0.0
2024-07-16 10:50:00-04:00,2.309999942779541,2.309999942779541,2.309999942779541,2.309999942779541,1624,0.0,0.0
2024-07-16 11:05:00-04:00,2.2899999618530273,2.309999942779541,2.2899999618530273,2.309999942779541,1201,0.0,0.0
2024-07-16 11:10:00-04:00,2.315000057220459,2.315000057220459,2.315000057220459,2.315000057220459,438,0.0,0.0
2024-07-16 11:15:00-04:00,2.319200038909912,2.319200038909912,2.319200038909912,2.319200038909912,419,0.0,0.0
2024-07-16 11:25:00-04:00,2.2899999618530273,2.2909998893737793,2.265000104904175,2.265000104904175,2960,0.0,0.0
2024-07-16 11:30:00-04:00,2.259999990463257,2.2799999713897705,2.259999990463257,2.2799999713897705,389,0.0,0.0
2024-07-16 11:35:00-04:00,2.2899999618530273,2.2899999618530273,2.2899999618530273,2.2899999618530273,1847,0.0,0.0
2024-07-16 11:40:00-04:00,2.2908999919891357,2.299999952316284,2.2899999618530273,2.2950000762939453,4258,0.0,0.0
2024-07-16 11:45:00-04:00,2.2950000762939453,2.2950000762939453,2.2950000762939453,2.2950000762939453,247,0.0,0.0
2024-07-16 12:00:00-04:00,2.2950000762939453,2.2950000762939453,2.2950000762939453,2.2950000762939453,1930,0.0,0.0
2024-07-16 12:10:00-04:00,2.2899999618530273,2.2899999618530273,2.2899999618530273,2.2899999618530273,576,0.0,0.0
2024-07-16 12:15:00-04:00,2.2899999618530273,2.2899999618530273,2.2899999618530273,2.2899999618530273,4871,0.0,0.0
2024-07-16 12:20:00-04:00,2.2899999618530273,2.2899999618530273,2.2899999618530273,2.2899999618530273,167,0.0,0.0
2024-07-16 12:30:00-04:00,2.2899999618530273,2.305000066757202,2.2899999618530273,2.305000066757202,2286,0.0,0.0
2024-07-16 12:35:00-04:00,2.309999942779541,2.3299999237060547,2.309999942779541,2.3299999237060547,6662,0.0,0.0
2024-07-16 12:45:00-04:00,2.319999933242798,2.319999933242798,2.319999933242798,2.319999933242798,156,0.0,0.0
2024-07-16 12:50:00-04:00,2.319999933242798,2.319999933242798,2.319999933242798,2.319999933242798,296,0.0,0.0
2024-07-16 12:55:00-04:00,2.319999933242798,2.329900026321411,2.319999933242798,2.329900026321411,1452,0.0,0.0
2024-07-16 13:00:00-04:00,2.3264999389648438,2.3264999389648438,2.3264999389648438,2.3264999389648438,127,0.0,0.0
2024-07-16 13:05:00-04:00,2.319999933242798,2.319999933242798,2.319999933242798,2.319999933242798,1659,0.0,0.0
2024-07-16 13:10:00-04:00,2.3299999237060547,2.3299999237060547,2.319999933242798,2.3278000354766846,1551,0.0,0.0
2024-07-16 13:25:00-04:00,2.32069993019104,2.3350000381469727,2.32069993019104,2.3350000381469727,4436,0.0,0.0
2024-07-16 13:45:00-04:00,2.3322999477386475,2.339900016784668,2.3299999237060547,2.33240008354187,4639,0.0,0.0
2024-07-16 14:00:00-04:00,2.3252999782562256,2.3252999782562256,2.3252999782562256,2.3252999782562256,146,0.0,0.0
2024-07-16 14:05:00-04:00,2.319999933242798,2.319999933242798,2.319999933242798,2.319999933242798,338,0.0,0.0
2024-07-16 14:10:00-04:00,2.3278000354766846,2.3278000354766846,2.3278000354766846,2.3278000354766846,1951,0.0,0.0
2024-07-16 14:15:00-04:00,2.3499999046325684,2.350100040435791,2.3350000381469727,2.3350000381469727,18893,0.0,0.0
2024-07-16 14:20:00-04:00,2.3399999141693115,2.3399999141693115,2.3399999141693115,2.3399999141693115,133,0.0,0.0
2024-07-16 14:25:00-04:00,2.3399999141693115,2.3399999141693115,2.3399999141693115,2.3399999141693115,838,0.0,0.0
2024-07-16 14:30:00-04:00,2.3499999046325684,2.3499999046325684,2.3499999046325684,2.3499999046325684,5061,0.0,0.0
2024-07-16 14:35:00-04:00,2.390000104904175,2.390000104904175,2.380000114440918,2.380000114440918,6702,0.0,0.0
2024-07-16 14:40:00-04:00,2.380000114440918,2.380000114440918,2.380000114440918,2.380000114440918,2557,0.0,0.0
2024-07-16 14:45:00-04:00,2.390000104904175,2.390000104904175,2.3886001110076904,2.390000104904175,15033,0.0,0.0
2024-07-16 14:55:00-04:00,2.4049999713897705,2.4200000762939453,2.390000104904175,2.390000104904175,15115,0.0,0.0
2024-07-16 15:05:00-04:00,2.3801000118255615,2.4000000953674316,2.375,2.38070011138916,9827,0.0,0.0
2024-07-16 15:30:00-04:00,2.380000114440918,2.390000104904175,2.380000114440918,2.390000104904175,2718,0.0,0.0
2024-07-16 15:35:00-04:00,2.4093000888824463,2.4093000888824463,2.4000000953674316,2.4001998901367188,3714,0.0,0.0
2024-07-16 15:40:00-04:00,2.390000104904175,2.390000104904175,2.380000114440918,2.3817999362945557,951,0.0,0.0
2024-07-16 15:45:00-04:00,2.380000114440918,2.380000114440918,2.369999885559082,2.369999885559082,703,0.0,0.0
2024-07-16 15:50:00-04:00,2.369999885559082,2.4000000953674316,2.369999885559082,2.390000104904175,11694,0.0,0.0
2024-07-16 15:55:00-04:00,2.380000114440918,2.4000000953674316,2.380000114440918,2.384999990463257,8716,0.0,0.0
2024-07-17 09:30:00-04:00,2.309999942779541,2.309999942779541,2.254199981689453,2.259999990463257,10228,0.0,0.0
2024-07-17 09:35:00-04:00,2.259999990463257,2.259999990463257,2.259999990463257,2.259999990463257,505,0.0,0.0
2024-07-17 09:55:00-04:00,2.299999952316284,2.299999952316284,2.299999952316284,2.299999952316284,2206,0.0,0.0
2024-07-17 10:05:00-04:00,2.3073999881744385,2.3073999881744385,2.3073999881744385,2.3073999881744385,930,0.0,0.0
2024-07-17 10:25:00-04:00,2.319999933242798,2.319999933242798,2.319999933242798,2.319999933242798,401,0.0,0.0
2024-07-17 10:30:00-04:00,2.319999933242798,2.319999933242798,2.319999933242798,2.319999933242798,792,0.0,0.0
2024-07-17 10:35:00-04:00,2.3489999771118164,2.3489999771118164,2.3489999771118164,2.3489999771118164,1708,0.0,0.0
2024-07-17 11:10:00-04:00,2.3503000736236572,2.3503000736236572,2.3503000736236572,2.3503000736236572,1328,0.0,0.0
2024-07-17 11:15:00-04:00,2.390000104904175,2.390000104904175,2.390000104904175,2.390000104904175,1095,0.0,0.0
2024-07-17 11:25:00-04:00,2.377000093460083,2.377000093460083,2.377000093460083,2.377000093460083,572,0.0,0.0
2024-07-17 11:30:00-04:00,2.369999885559082,2.369999885559082,2.359999895095825,2.359999895095825,1878,0.0,0.0
2024-07-17 11:35:00-04:00,2.350399971008301,2.350399971008301,2.319999933242798,2.319999933242798,6607,0.0,0.0
2024-07-17 11:45:00-04:00,2.33240008354187,2.33240008354187,2.2899999618530273,2.319999933242798,4913,0.0,0.0
2024-07-17 11:50:00-04:00,2.3208000659942627,2.3208000659942627,2.3208000659942627,2.3208000659942627,793,0.0,0.0
2024-07-17 11:55:00-04:00,2.319999933242798,2.319999933242798,2.319999933242798,2.319999933242798,1462,0.0,0.0
2024-07-17 12:15:00-04:00,2.2899999618530273,2.2899999618530273,2.2899999618530273,2.2899999618530273,740,0.0,0.0
2024-07-17 12:25:00-04:00,2.302000045776367,2.302000045776367,2.302000045776367,2.302000045776367,2676,0.0,0.0
2024-07-17 12:40:00-04:00,2.2699999809265137,2.2699999809265137,2.2699999809265137,2.2699999809265137,1056,0.0,0.0
2024-07-17 13:05:00-04:00,2.2600998878479004,2.2850000858306885,2.2600998878479004,2.2850000858306885,5357,0.0,0.0
2024-07-17 13:10:00-04:00,2.2699999809265137,2.2699999809265137,2.2699999809265137,2.2699999809265137,320,0.0,0.0
2024-07-17 13:15:00-04:00,2.2750000953674316,2.2750000953674316,2.2750000953674316,2.2750000953674316,186,0.0,0.0
2024-07-17 13:25:00-04:00,2.259999990463257,2.259999990463257,2.25,2.25,5383,0.0,0.0
2024-07-17 13:30:00-04:00,2.259999990463257,2.259999990463257,2.25,2.257499933242798,3530,0.0,0.0
2024-07-17 13:35:00-04:00,2.25,2.25,2.25,2.25,918,0.0,0.0
2024-07-17 14:00:00-04:00,2.25,2.25,2.25,2.25,424,0.0,0.0
2024-07-17 14:05:00-04:00,2.25,2.25,2.25,2.25,379,0.0,0.0
2024-07-17 14:10:00-04:00,2.25,2.25,2.25,2.25,743,0.0,0.0
2024-07-17 14:15:00-04:00,2.255000114440918,2.255000114440918,2.25,2.25,1235,0.0,0.0
2024-07-17 14:20:00-04:00,2.25,2.25,2.240000009536743,2.240000009536743,3543,0.0,0.0
2024-07-17 14:25:00-04:00,2.2200000286102295,2.2200000286102295,2.1600000858306885,2.2049999237060547,12624,0.0,0.0
2024-07-17 14:30:00-04:00,2.180000066757202,2.180000066757202,2.180000066757202,2.180000066757202,982,0.0,0.0
2024-07-17 15:00:00-04:00,2.2019999027252197,2.2019999027252197,2.2019999027252197,2.2019999027252197,694,0.0,0.0
2024-07-17 15:05:00-04:00,2.2049999237060547,2.2100000381469727,2.2049999237060547,2.2049999237060547,1187,0.0,0.0
2024-07-17 15:10:00-04:00,2.2300000190734863,2.255000114440918,2.2300000190734863,2.255000114440918,524,0.0,0.0
2024-07-17 15:20:00-04:00,2.2692999839782715,2.2692999839782715,2.265000104904175,2.265000104904175,1379,0.0,0.0
2024-07-17 15:25:00-04:00,2.2799999713897705,2.299999952316284,2.2699999809265137,2.299999952316284,778,0.0,0.0
2024-07-17 15:30:00-04:00,2.2899999618530273,2.299999952316284,2.2899999618530273,2.299999952316284,1575,0.0,0.0
2024-07-17 15:40:00-04:00,2.303299903869629,2.303299903869629,2.303299903869629,2.303299903869629,1587,0.0,0.0
2024-07-17 15:45:00-04:00,2.319999933242798,2.319999933242798,2.299999952316284,2.299999952316284,4381,0.0,0.0
2024-07-17 15:50:00-04:00,2.299999952316284,2.299999952316284,2.2699999809265137,2.2699999809265137,1988,0.0,0.0
2024-07-17 15:55:00-04:00,2.2699999809265137,2.2899999618530273,2.259999990463257,2.2799999713897705,6584,0.0,0.0
2024-07-18 09:30:00-04:00,2.276099920272827,2.276099920272827,2.259999990463257,2.259999990463257,8770,0.0,0.0
2024-07-18 09:35:00-04:00,2.259999990463257,2.259999990463257,2.259999990463257,2.259999990463257,732,0.0,0.0
2024-07-18 09:40:00-04:00,2.25,2.25,2.25,2.25,100,0.0,0.0
2024-07-18 09:45:00-04:00,2.25,2.25,2.25,2.25,146,0.0,0.0
2024-07-18 09:50:00-04:00,2.25,2.255000114440918,2.25,2.255000114440918,959,0.0,0.0
2024-07-18 09:55:00-04:00,2.2300000190734863,2.2300000190734863,2.2300000190734863,2.2300000190734863,1288,0.0,0.0
2024-07-18 10:00:00-04:00,2.2200000286102295,2.227400064468384,2.2200000286102295,2.227400064468384,452,0.0,0.0
2024-07-18 10:10:00-04:00,2.2100000381469727,2.2100000381469727,2.190000057220459,2.190000057220459,4355,0.0,0.0
2024-07-18 10:15:00-04:00,2.180000066757202,2.180000066757202,2.1700000762939453,2.1700000762939453,686,0.0,0.0
2024-07-18 10:20:00-04:00,2.174999952316284,2.180000066757202,2.174999952316284,2.180000066757202,2128,0.0,0.0
2024-07-18 10:25:00-04:00,2.172600030899048,2.172600030899048,2.172600030899048,2.172600030899048,301,0.0,0.0
2024-07-18 10:30:00-04:00,2.1649999618530273,2.1649999618530273,2.1649999618530273,2.1649999618530273,662,0.0,0.0
2024-07-18 10:35:00-04:00,2.1700000762939453,2.1700000762939453,2.1700000762939453,2.1700000762939453,1501,0.0,0.0
2024-07-18 10:45:00-04:00,2.140000104904175,2.140000104904175,2.0999999046325684,2.0999999046325684,5930,0.0,0.0
2024-07-18 10:50:00-04:00,2.1500000953674316,2.1500000953674316,2.130000114440918,2.130000114440918,1147,0.0,0.0
2024-07-18 11:05:00-04:00,2.119999885559082,2.119999885559082,2.119999885559082,2.119999885559082,210,0.0,0.0
2024-07-18 11:10:00-04:00,2.140000104904175,2.140000104904175,2.140000104904175,2.140000104904175,1832,0.0,0.0
2024-07-18 11:20:00-04:00,2.119999885559082,2.1600000858306885,2.0999999046325684,2.109999895095825,9492,0.0,0.0
2024-07-18 11:25:00-04:00,2.125,2.130000114440918,2.125,2.130000114440918,3521,0.0,0.0
2024-07-18 11:30:00-04:00,2.119999885559082,2.119999885559082,2.0799999237060547,2.0899999141693115,1661,0.0,0.0
2024-07-18 11:35:00-04:00,2.1050000190734863,2.109999895095825,2.1050000190734863,2.1050000190734863,933,0.0,0.0
2024-07-18 11:45:00-04:00,2.0999999046325684,2.0999999046325684,2.0794999599456787,2.0794999599456787,8054,0.0,0.0
2024-07-18 11:50:00-04:00,2.0799999237060547,2.0799999237060547,2.075000047683716,2.075000047683716,0,0.0,0.0
2024-07-18 11:55:00-04:00,2.0792999267578125,2.0799999237060547,2.0636000633239746,2.0799999237060547,1704,0.0,0.0
2024-07-18 12:00:00-04:00,2.060699939727783,2.060699939727783,2.0450000762939453,2.049999952316284,4161,0.0,0.0
2024-07-18 12:05:00-04:00,2.066999912261963,2.066999912261963,2.0641000270843506,2.0641000270843506,506,0.0,0.0
2024-07-18 12:10:00-04:00,2.0399999618530273,2.0399999618530273,2.039299964904785,2.0399999618530273,2720,0.0,0.0
2024-07-18 12:15:00-04:00,2.0457000732421875,2.049999952316284,2.0299999713897705,2.0299999713897705,1332,0.0,0.0
2024-07-18 12:20:00-04:00,2.0429999828338623,2.0429999828338623,2.0429999828338623,2.0429999828338623,215,0.0,0.0
2024-07-18 12:25:00-04:00,2.0406999588012695,2.0406999588012695,2.0406999588012695,2.0406999588012695,200,0.0,0.0
2024-07-18 12:30:00-04:00,2.0599000453948975,2.069999933242798,2.0420000553131104,2.069999933242798,2973,0.0,0.0
2024-07-18 12:35:00-04:00,2.049999952316284,2.049999952316284,2.049999952316284,2.049999952316284,315,0.0,0.0
2024-07-18 12:40:00-04:00,2.069700002670288,2.069700002670288,2.049999952316284,2.049999952316284,361,0.0,0.0
2024-07-18 12:45:00-04:00,2.059999942779541,2.060699939727783,2.052999973297119,2.052999973297119,3344,0.0,0.0
2024-07-18 12:55:00-04:00,2.069999933242798,2.069999933242798,2.069999933242798,2.069999933242798,743,0.0,0.0
2024-07-18 13:00:00-04:00,2.0601000785827637,2.0601000785827637,2.0601000785827637,2.0601000785827637,4811,0.0,0.0
2024-07-18 13:10:00-04:00,2.0450000762939453,2.0450000762939453,2.037400007247925,2.037400007247925,379,0.0,0.0
2024-07-18 13:15:00-04:00,2.0329999923706055,2.0399999618530273,2.0329999923706055,2.0399999618530273,407,0.0,0.0
2024-07-18 13:20:00-04:00,2.0409998893737793,2.059999942779541,2.0409998893737793,2.059999942779541,1803,0.0,0.0
2024-07-18 13:30:00-04:00,2.049999952316284,2.049999952316284,2.0429999828338623,2.0429999828338623,387,0.0,0.0
2024-07-18 13:35:00-04:00,2.059999942779541,2.059999942779541,2.055000066757202,2.055000066757202,924,0.0,0.0
2024-07-18 13:40:00-04:00,2.0597000122070312,2.0597000122070312,2.0597000122070312,2.0597000122070312,144,0.0,0.0
2024-07-18 13:45:00-04:00,2.049999952316284,2.049999952316284,2.0201001167297363,2.0350000858306885,4199,0.0,0.0
2024-07-18 13:50:00-04:00,2.0199999809265137,2.0250000953674316,2.0000998973846436,2.0199999809265137,7025,0.0,0.0
2024-07-18 14:00:00-04:00,2.0292999744415283,2.0299999713897705,2.0250000953674316,2.0299999713897705,2494,0.0,0.0
2024-07-18 14:10:00-04:00,2.0250000953674316,2.0250000953674316,2.0199999809265137,2.0199999809265137,1783,0.0,0.0
2024-07-18 14:15:00-04:00,2.015000104904175,2.015000104904175,2.015000104904175,2.015000104904175,200,0.0,0.0
2024-07-18 14:20:00-04:00,2.0269999504089355,2.0269999504089355,2.0000998973846436,2.0000998973846436,572,0.0,0.0
2024-07-18 14:30:00-04:00,2.0,2.0,1.9900000095367432,2.0,4840,0.0,0.0
2024-07-18 14:35:00-04:00,1.9943000078201294,1.9943000078201294,1.9943000078201294,1.9943000078201294,642,0.0,0.0
2024-07-18 14:40:00-04:00,1.9901000261306763,1.9901000261306763,1.9901000261306763,1.9901000261306763,59,0.0,0.0
2024-07-18 14:45:00-04:00,1.9993000030517578,2.0,1.9993000030517578,2.0,1284,0.0,0.0
2024-07-18 14:50:00-04:00,1.9997999668121338,2.015000104904175,1.9996999502182007,2.015000104904175,2421,0.0,0.0
2024-07-18 15:00:00-04:00,2.0199999809265137,2.0199999809265137,2.002000093460083,2.002000093460083,1412,0.0,0.0
2024-07-18 15:05:00-04:00,2.0,2.0,1.9900000095367432,1.9900000095367432,2636,0.0,0.0
2024-07-18 15:10:00-04:00,1.9900000095367432,1.9900000095367432,1.9900000095367432,1.9900000095367432,323,0.0,0.0
2024-07-18 15:20:00-04:00,2.0,2.0,2.0,2.0,1103,0.0,0.0
2024-07-18 15:25:00-04:00,2.0,2.0,2.0,2.0,1383,0.0,0.0
2024-07-18 15:30:00-04:00,1.9972000122070312,2.0,1.9888999462127686,2.0,3237,0.0,0.0
2024-07-18 15:35:00-04:00,2.009999990463257,2.0199999809265137,2.009999990463257,2.009999990463257,674,0.0,0.0
2024-07-18 15:40:00-04:00,2.0199999809265137,2.0199999809265137,2.0144999027252197,2.0144999027252197,2080,0.0,0.0
2024-07-18 15:45:00-04:00,2.0299999713897705,2.0299999713897705,2.0299999713897705,2.0299999713897705,804,0.0,0.0
2024-07-18 15:50:00-04:00,2.0250000953674316,2.0399999618530273,2.0250000953674316,2.0399999618530273,10883,0.0,0.0
2024-07-18 15:55:00-04:00,2.0350000858306885,2.0350000858306885,2.0299999713897705,2.030100107192993,20317,0.0,0.0
2024-07-19 09:30:00-04:00,2.0799999237060547,2.0899999141693115,2.046999931335449,2.069999933242798,19316,0.0,0.0
2024-07-19 09:35:00-04:00,2.0350000858306885,2.0350000858306885,2.0350000858306885,2.0350000858306885,150,0.0,0.0
2024-07-19 09:40:00-04:00,2.0404999256134033,2.055000066757202,2.0201001167297363,2.0201001167297363,7261,0.0,0.0
2024-07-19 09:45:00-04:00,2.0,2.0,1.9609999656677246,1.9609999656677246,11308,0.0,0.0
2024-07-19 09:50:00-04:00,1.9800000190734863,1.9800000190734863,1.975100040435791,1.9800000190734863,4349,0.0,0.0
2024-07-19 09:55:00-04:00,1.9800000190734863,2.0000998973846436,1.9800000190734863,2.0000998973846436,643,0.0,0.0
2024-07-19 10:00:00-04:00,1.9702999591827393,2.0000998973846436,1.9702999591827393,2.0000998973846436,595,0.0,0.0
2024-07-19 10:05:00-04:00,1.9700000286102295,1.9700000286102295,1.9392999410629272,1.9392999410629272,9105,0.0,0.0
2024-07-19 10:10:00-04:00,1.929900050163269,1.941100001335144,1.9249999523162842,1.941100001335144,7813,0.0,0.0
2024-07-19 10:15:00-04:00,1.9392999410629272,1.9392999410629272,1.9306999444961548,1.9392999410629272,1394,0.0,0.0
2024-07-19 10:20:00-04:00,1.9394999742507935,1.9394999742507935,1.9394999742507935,1.9394999742507935,209,0.0,0.0
2024-07-19 10:25:00-04:00,1.9392999410629272,1.9392999410629272,1.9300999641418457,1.9300999641418457,1275,0.0,0.0
2024-07-19 10:30:00-04:00,1.9390000104904175,1.9500000476837158,1.9390000104904175,1.9500000476837158,1697,0.0,0.0
2024-07-19 10:35:00-04:00,1.9550000429153442,1.9550000429153442,1.9550000429153442,1.9550000429153442,2014,0.0,0.0
2024-07-19 10:45:00-04:00,1.9450000524520874,1.9493000507354736,1.9450000524520874,1.9493000507354736,2821,0.0,0.0
2024-07-19 10:50:00-04:00,1.9500000476837158,1.9500000476837158,1.9299999475479126,1.9299999475479126,4777,0.0,0.0
2024-07-19 10:55:00-04:00,1.934999942779541,1.940000057220459,1.934999942779541,1.934999942779541,1158,0.0,0.0
2024-07-19 11:05:00-04:00,1.9249999523162842,1.9249999523162842,1.9013999700546265,1.9013999700546265,4490,0.0,0.0
2024-07-19 11:10:00-04:00,1.899999976158142,1.899999976158142,1.8899999856948853,1.8899999856948853,2943,0.0,0.0
2024-07-19 11:15:00-04:00,1.8792999982833862,1.8799999952316284,1.8792999982833862,1.8799999952316284,934,0.0,0.0
2024-07-19 11:20:00-04:00,1.8725999593734741,1.8792999982833862,1.8725999593734741,1.8792999982833862,800,0.0,0.0
2024-07-19 11:25:00-04:00,1.8700000047683716,1.8799999952316284,1.8700000047683716,1.8799999952316284,2595,0.0,0.0
2024-07-19 11:30:00-04:00,1.8600000143051147,1.8600000143051147,1.8600000143051147,1.8600000143051147,153,0.0,0.0
2024-07-19 11:35:00-04:00,1.843999981880188,1.8600000143051147,1.840000033378601,1.8600000143051147,2501,0.0,0.0
2024-07-19 11:40:00-04:00,1.8600000143051147,1.8700000047683716,1.8600000143051147,1.8600000143051147,2071,0.0,0.0
2024-07-19 11:45:00-04:00,1.8700000047683716,1.8700000047683716,1.8700000047683716,1.8700000047683716,4290,0.0,0.0
2024-07-19 12:00:00-04:00,1.8799999952316284,1.8899999856948853,1.8799999952316284,1.8899999856948853,3661,0.0,0.0
2024-07-19 12:05:00-04:00,1.8849999904632568,1.8899999856948853,1.8849999904632568,1.8849999904632568,728,0.0,0.0
2024-07-19 12:10:00-04:00,1.8899999856948853,1.8899999856948853,1.889299988746643,1.889299988746643,1824,0.0,0.0
2024-07-19 12:15:00-04:00,1.8949999809265137,1.8949999809265137,1.8949999809265137,1.8949999809265137,5151,0.0,0.0
2024-07-19 12:20:00-04:00,1.8899999856948853,1.8899999856948853,1.8899999856948853,1.8899999856948853,119,0.0,0.0
2024-07-19 12:25:00-04:00,1.8849999904632568,1.8849999904632568,1.8849999904632568,1.8849999904632568,1149,0.0,0.0
2024-07-19 12:35:00-04:00,1.8625999689102173,1.8625999689102173,1.8625999689102173,1.8625999689102173,270,0.0,0.0
2024-07-19 12:40:00-04:00,1.8595000505447388,1.8600000143051147,1.8595000505447388,1.8600000143051147,6370,0.0,0.0
2024-07-19 12:50:00-04:00,1.8650000095367432,1.8650000095367432,1.8650000095367432,1.8650000095367432,839,0.0,0.0
2024-07-19 12:55:00-04:00,1.8899999856948853,1.8899999856948853,1.8899999856948853,1.8899999856948853,500,0.0,0.0
2024-07-19 13:00:00-04:00,1.8707000017166138,1.8707000017166138,1.8707000017166138,1.8707000017166138,1459,0.0,0.0
2024-07-19 13:25:00-04:00,1.8899999856948853,1.8899999856948853,1.8700000047683716,1.8700000047683716,1553,0.0,0.0
2024-07-19 13:40:00-04:00,1.8550000190734863,1.8550000190734863,1.8550000190734863,1.8550000190734863,2887,0.0,0.0
2024-07-19 13:45:00-04:00,1.8593000173568726,1.8600000143051147,1.8593000173568726,1.8600000143051147,740,0.0,0.0
2024-07-19 13:50:00-04:00,1.8595000505447388,1.8600000143051147,1.8508000373840332,1.8600000143051147,535,0.0,0.0
2024-07-19 13:55:00-04:00,1.8550000190734863,1.8598999977111816,1.8550000190734863,1.8598999977111816,859,0.0,0.0
2024-07-19 14:00:00-04:00,1.8407000303268433,1.8407000303268433,1.8407000303268433,1.8407000303268433,1006,0.0,0.0
2024-07-19 14:05:00-04:00,1.8499000072479248,1.8499000072479248,1.8499000072479248,1.8499000072479248,1147,0.0,0.0
2024-07-19 14:10:00-04:00,1.850000023841858,1.850000023841858,1.850000023841858,1.850000023841858,812,0.0,0.0
2024-07-19 14:15:00-04:00,1.850000023841858,1.8573999404907227,1.8463000059127808,1.8573999404907227,1320,0.0,0.0
2024-07-19 14:20:00-04:00,1.8502000570297241,1.8502000570297241,1.8300000429153442,1.8300000429153442,2770,0.0,0.0
2024-07-19 14:25:00-04:00,1.8396999835968018,1.8396999835968018,1.809999942779541,1.8300000429153442,16530,0.0,0.0
2024-07-19 14:45:00-04:00,1.8300000429153442,1.8300000429153442,1.8300000429153442,1.8300000429153442,889,0.0,0.0
2024-07-19 15:00:00-04:00,1.8300000429153442,1.8300000429153442,1.8300000429153442,1.8300000429153442,206,0.0,0.0
2024-07-19 15:05:00-04:00,1.8250000476837158,1.8250000476837158,1.8250000476837158,1.8250000476837158,3075,0.0,0.0
2024-07-19 15:15:00-04:00,1.8250000476837158,1.8250000476837158,1.8250000476837158,1.8250000476837158,369,0.0,0.0
2024-07-19 15:20:00-04:00,1.8200000524520874,1.820099949836731,1.8200000524520874,1.820099949836731,3207,0.0,0.0
2024-07-19 15:30:00-04:00,1.8207000494003296,1.8250000476837158,1.8207000494003296,1.8250000476837158,638,0.0,0.0
2024-07-19 15:35:00-04:00,1.8299000263214111,1.8300000429153442,1.8250000476837158,1.8300000429153442,1053,0.0,0.0
2024-07-19 15:40:00-04:00,1.8200000524520874,1.8200000524520874,1.8200000524520874,1.8200000524520874,1330,0.0,0.0
2024-07-19 15:45:00-04:00,1.809999942779541,1.809999942779541,1.809999942779541,1.809999942779541,2613,0.0,0.0
2024-07-19 15:50:00-04:00,1.809999942779541,1.809999942779541,1.809999942779541,1.809999942779541,286,0.0,0.0
2024-07-19 15:55:00-04:00,1.8200000524520874,1.8200000524520874,1.809999942779541,1.809999942779541,13937,0.0,0.0
