Datetime,Open,High,Low,Close,Volume,Dividends,Stock Splits
2022-08-18 09:00:00+09:00,3595.0,3950.0,3570.0,3845.0,0,0.0,0.0
2022-08-18 10:00:00+09:00,3855.0,3875.0,3685.0,3735.0,1808331,0.0,0.0
2022-08-18 11:00:00+09:00,3730.0,3740.0,3695.0,3705.0,393912,0.0,0.0
2022-08-18 12:00:00+09:00,3705.0,3720.0,3645.0,3665.0,319795,0.0,0.0
2022-08-18 13:00:00+09:00,3660.0,3725.0,3650.0,3710.0,248759,0.0,0.0
2022-08-18 14:00:00+09:00,3710.0,3745.0,3695.0,3730.0,199473,0.0,0.0
2022-08-19 09:00:00+09:00,3680.0,3720.0,3670.0,3685.0,0,0.0,0.0
2022-08-19 10:00:00+09:00,3685.0,3700.0,3665.0,3690.0,96949,0.0,0.0
2022-08-19 11:00:00+09:00,3690.0,3700.0,3675.0,3685.0,41794,0.0,0.0
2022-08-19 12:00:00+09:00,3685.0,3690.0,3675.0,3675.0,26563,0.0,0.0
2022-08-19 13:00:00+09:00,3675.0,3680.0,3620.0,3630.0,162845,0.0,0.0
2022-08-19 14:00:00+09:00,3625.0,3635.0,3600.0,3620.0,102670,0.0,0.0
2022-08-22 09:00:00+09:00,3615.0,3615.0,3490.0,3515.0,0,0.0,0.0
2022-08-22 10:00:00+09:00,3515.0,3565.0,3510.0,3535.0,47491,0.0,0.0
2022-08-22 11:00:00+09:00,3535.0,3550.0,3535.0,3540.0,10710,0.0,0.0
2022-08-22 12:00:00+09:00,3540.0,3540.0,3525.0,3525.0,31435,0.0,0.0
2022-08-22 13:00:00+09:00,3525.0,3530.0,3505.0,3510.0,45409,0.0,0.0
2022-08-22 14:00:00+09:00,3510.0,3520.0,3500.0,3500.0,73099,0.0,0.0
2022-08-23 09:00:00+09:00,3435.0,3555.0,3430.0,3525.0,0,0.0,0.0
2022-08-23 10:00:00+09:00,3520.0,3560.0,3515.0,3520.0,50679,0.0,0.0
2022-08-23 11:00:00+09:00,3520.0,3545.0,3520.0,3525.0,17786,0.0,0.0
2022-08-23 12:00:00+09:00,3525.0,3530.0,3510.0,3510.0,20131,0.0,0.0
2022-08-23 13:00:00+09:00,3510.0,3535.0,3475.0,3480.0,56961,0.0,0.0
2022-08-23 14:00:00+09:00,3480.0,3570.0,3455.0,3505.0,132439,0.0,0.0
2022-08-24 09:00:00+09:00,3510.0,3545.0,3475.0,3485.0,0,0.0,0.0
2022-08-24 10:00:00+09:00,3485.0,3485.0,3440.0,3445.0,64647,0.0,0.0
2022-08-24 11:00:00+09:00,3450.0,3465.0,3440.0,3445.0,16425,0.0,0.0
2022-08-24 12:00:00+09:00,3445.0,3460.0,3440.0,3445.0,15139,0.0,0.0
2022-08-24 13:00:00+09:00,3455.0,3520.0,3455.0,3505.0,25087,0.0,0.0
2022-08-24 14:00:00+09:00,3505.0,3525.0,3490.0,3510.0,35339,0.0,0.0
2022-08-25 09:00:00+09:00,3500.0,3575.0,3490.0,3570.0,0,0.0,0.0
2022-08-25 10:00:00+09:00,3570.0,3580.0,3555.0,3575.0,62156,0.0,0.0
2022-08-25 11:00:00+09:00,3575.0,3575.0,3560.0,3570.0,23768,0.0,0.0
2022-08-25 12:00:00+09:00,3565.0,3570.0,3555.0,3565.0,21525,0.0,0.0
2022-08-25 13:00:00+09:00,3560.0,3565.0,3550.0,3560.0,26649,0.0,0.0
2022-08-25 14:00:00+09:00,3560.0,3620.0,3545.0,3590.0,220361,0.0,0.0
2022-08-26 09:00:00+09:00,3595.0,3625.0,3585.0,3615.0,0,0.0,0.0
2022-08-26 10:00:00+09:00,3615.0,3640.0,3590.0,3600.0,74837,0.0,0.0
2022-08-26 11:00:00+09:00,3590.0,3610.0,3585.0,3590.0,16143,0.0,0.0
2022-08-26 12:00:00+09:00,3590.0,3610.0,3575.0,3600.0,41771,0.0,0.0
2022-08-26 13:00:00+09:00,3595.0,3600.0,3560.0,3565.0,45694,0.0,0.0
2022-08-26 14:00:00+09:00,3560.0,3595.0,3555.0,3565.0,33151,0.0,0.0
2022-08-29 09:00:00+09:00,3485.0,3515.0,3460.0,3480.0,0,0.0,0.0
2022-08-29 10:00:00+09:00,3485.0,3500.0,3450.0,3450.0,70311,0.0,0.0
2022-08-29 11:00:00+09:00,3450.0,3480.0,3450.0,3470.0,51721,0.0,0.0
2022-08-29 12:00:00+09:00,3470.0,3470.0,3435.0,3445.0,37334,0.0,0.0
2022-08-29 13:00:00+09:00,3445.0,3465.0,3440.0,3450.0,10189,0.0,0.0
2022-08-29 14:00:00+09:00,3450.0,3455.0,3400.0,3410.0,121119,0.0,0.0
2022-08-30 09:00:00+09:00,3410.0,3580.0,3410.0,3545.0,0,0.0,0.0
2022-08-30 10:00:00+09:00,3545.0,3605.0,3535.0,3545.0,371063,0.0,0.0
2022-08-30 11:00:00+09:00,3550.0,3570.0,3540.0,3560.0,73208,0.0,0.0
2022-08-30 12:00:00+09:00,3560.0,3585.0,3560.0,3575.0,39133,0.0,0.0
2022-08-30 13:00:00+09:00,3575.0,3590.0,3570.0,3575.0,45935,0.0,0.0
2022-08-30 14:00:00+09:00,3570.0,3580.0,3555.0,3560.0,49670,0.0,0.0
2022-08-31 09:00:00+09:00,3530.0,3580.0,3490.0,3575.0,0,0.0,0.0
2022-08-31 10:00:00+09:00,3575.0,3595.0,3560.0,3565.0,52779,0.0,0.0
2022-08-31 11:00:00+09:00,3565.0,3585.0,3565.0,3575.0,26313,0.0,0.0
2022-08-31 12:00:00+09:00,3575.0,3600.0,3570.0,3600.0,26500,0.0,0.0
2022-08-31 13:00:00+09:00,3595.0,3610.0,3585.0,3605.0,96518,0.0,0.0
2022-08-31 14:00:00+09:00,3605.0,3610.0,3575.0,3605.0,109468,0.0,0.0
2022-09-01 09:00:00+09:00,3585.0,3590.0,3505.0,3525.0,0,0.0,0.0
2022-09-01 10:00:00+09:00,3525.0,3540.0,3505.0,3520.0,22953,0.0,0.0
2022-09-01 11:00:00+09:00,3520.0,3540.0,3510.0,3515.0,16664,0.0,0.0
2022-09-01 12:00:00+09:00,3525.0,3525.0,3500.0,3505.0,22160,0.0,0.0
2022-09-01 13:00:00+09:00,3505.0,3505.0,3470.0,3490.0,78852,0.0,0.0
2022-09-01 14:00:00+09:00,3490.0,3495.0,3455.0,3465.0,44609,0.0,0.0
2022-09-02 09:00:00+09:00,3455.0,3550.0,3455.0,3505.0,0,0.0,0.0
2022-09-02 10:00:00+09:00,3500.0,3505.0,3475.0,3485.0,11410,0.0,0.0
2022-09-02 11:00:00+09:00,3500.0,3500.0,3460.0,3470.0,24234,0.0,0.0
2022-09-02 12:00:00+09:00,3460.0,3485.0,3450.0,3460.0,18447,0.0,0.0
2022-09-02 13:00:00+09:00,3460.0,3495.0,3455.0,3490.0,0,0.0,0.0
2022-09-02 14:00:00+09:00,3490.0,3495.0,3465.0,3480.0,145268,0.0,0.0
2022-09-05 09:00:00+09:00,3420.0,3485.0,3420.0,3475.0,0,0.0,0.0
2022-09-05 10:00:00+09:00,3475.0,3480.0,3395.0,3405.0,39678,0.0,0.0
2022-09-05 11:00:00+09:00,3415.0,3425.0,3390.0,3415.0,20626,0.0,0.0
2022-09-05 12:00:00+09:00,3405.0,3410.0,3370.0,3370.0,28126,0.0,0.0
2022-09-05 13:00:00+09:00,3370.0,3390.0,3350.0,3380.0,36312,0.0,0.0
2022-09-05 14:00:00+09:00,3375.0,3380.0,3345.0,3360.0,37276,0.0,0.0
2022-09-06 09:00:00+09:00,3335.0,3430.0,3335.0,3420.0,0,0.0,0.0
2022-09-06 10:00:00+09:00,3420.0,3435.0,3395.0,3410.0,29012,0.0,0.0
2022-09-06 11:00:00+09:00,3400.0,3450.0,3395.0,3435.0,25785,0.0,0.0
2022-09-06 12:00:00+09:00,3430.0,3445.0,3410.0,3425.0,18747,0.0,0.0
2022-09-06 13:00:00+09:00,3420.0,3445.0,3410.0,3445.0,17463,0.0,0.0
2022-09-06 14:00:00+09:00,3430.0,3445.0,3425.0,3435.0,13782,0.0,0.0
2022-09-07 09:00:00+09:00,3420.0,3430.0,3335.0,3365.0,0,0.0,0.0
2022-09-07 10:00:00+09:00,3360.0,3390.0,3330.0,3370.0,39387,0.0,0.0
2022-09-07 11:00:00+09:00,3380.0,3380.0,3345.0,3355.0,16988,0.0,0.0
2022-09-07 12:00:00+09:00,3355.0,3370.0,3350.0,3365.0,4172,0.0,0.0
2022-09-07 13:00:00+09:00,3360.0,3365.0,3320.0,3345.0,54138,0.0,0.0
2022-09-07 14:00:00+09:00,3340.0,3350.0,3320.0,3335.0,18848,0.0,0.0
2022-09-08 09:00:00+09:00,3400.0,3465.0,3390.0,3430.0,0,0.0,0.0
2022-09-08 10:00:00+09:00,3430.0,3455.0,3415.0,3430.0,21194,0.0,0.0
2022-09-08 11:00:00+09:00,3430.0,3440.0,3410.0,3420.0,20079,0.0,0.0
2022-09-08 12:00:00+09:00,3420.0,3440.0,3415.0,3440.0,7348,0.0,0.0
2022-09-08 13:00:00+09:00,3440.0,3565.0,3435.0,3470.0,374229,0.0,0.0
2022-09-08 14:00:00+09:00,3470.0,3470.0,3450.0,3465.0,45546,0.0,0.0
2022-09-13 09:00:00+09:00,3500.0,3545.0,3480.0,3520.0,0,0.0,0.0
2022-09-13 10:00:00+09:00,3515.0,3595.0,3505.0,3560.0,107778,0.0,0.0
2022-09-13 11:00:00+09:00,3560.0,3615.0,3560.0,3610.0,240453,0.0,0.0
2022-09-13 12:00:00+09:00,3610.0,3625.0,3570.0,3575.0,302740,0.0,0.0
2022-09-13 13:00:00+09:00,3575.0,3585.0,3550.0,3580.0,55115,0.0,0.0
2022-09-13 14:00:00+09:00,3580.0,3590.0,3575.0,3580.0,40822,0.0,0.0
2022-09-14 09:00:00+09:00,3430.0,3545.0,3405.0,3530.0,0,0.0,0.0
2022-09-14 10:00:00+09:00,3525.0,3570.0,3520.0,3555.0,24371,0.0,0.0
2022-09-14 11:00:00+09:00,3550.0,3580.0,3535.0,3550.0,29684,0.0,0.0
2022-09-14 12:00:00+09:00,3550.0,3565.0,3540.0,3555.0,32367,0.0,0.0
2022-09-14 13:00:00+09:00,3550.0,3580.0,3510.0,3570.0,82191,0.0,0.0
2022-09-14 14:00:00+09:00,3570.0,3600.0,3565.0,3595.0,41312,0.0,0.0
2022-09-15 09:00:00+09:00,3715.0,3730.0,3580.0,3580.0,94472,0.0,0.0
2022-09-15 10:00:00+09:00,3580.0,3600.0,3570.0,3595.0,69918,0.0,0.0
2022-09-15 11:00:00+09:00,3595.0,3610.0,3580.0,3580.0,24993,0.0,0.0
2022-09-15 12:00:00+09:00,3580.0,3595.0,3540.0,3545.0,62906,0.0,0.0
2022-09-15 13:00:00+09:00,3550.0,3575.0,3530.0,3540.0,35764,0.0,0.0
2022-09-15 14:00:00+09:00,3545.0,3555.0,3530.0,3550.0,34117,0.0,0.0
2022-09-16 09:00:00+09:00,3495.0,3580.0,3490.0,3570.0,0,0.0,0.0
2022-09-16 10:00:00+09:00,3565.0,3585.0,3555.0,3560.0,27710,0.0,0.0
2022-09-16 11:00:00+09:00,3565.0,3595.0,3560.0,3580.0,44860,0.0,0.0
2022-09-16 12:00:00+09:00,3580.0,3585.0,3540.0,3555.0,53569,0.0,0.0
2022-09-16 13:00:00+09:00,3555.0,3575.0,3535.0,3575.0,46107,0.0,0.0
2022-09-16 14:00:00+09:00,3570.0,3685.0,3570.0,3640.0,399627,0.0,0.0
2022-09-19 09:00:00+09:00,3595.0,3595.0,3520.0,3560.0,0,0.0,0.0
2022-09-19 10:00:00+09:00,3560.0,3570.0,3535.0,3560.0,45939,0.0,0.0
2022-09-19 11:00:00+09:00,3560.0,3565.0,3500.0,3505.0,65234,0.0,0.0
2022-09-19 12:00:00+09:00,3510.0,3525.0,3505.0,3505.0,29048,0.0,0.0
2022-09-19 13:00:00+09:00,3505.0,3565.0,3490.0,3500.0,118446,0.0,0.0
2022-09-19 14:00:00+09:00,3500.0,3515.0,3435.0,3460.0,83117,0.0,0.0
2022-09-20 09:00:00+09:00,3750.0,3980.0,3745.0,3790.0,7174190,0.0,0.0
2022-09-20 10:00:00+09:00,3790.0,3805.0,3610.0,3620.0,1258457,0.0,0.0
2022-09-20 11:00:00+09:00,3615.0,3645.0,3580.0,3590.0,394916,0.0,0.0
2022-09-20 12:00:00+09:00,3590.0,3605.0,3540.0,3570.0,336656,0.0,0.0
2022-09-20 13:00:00+09:00,3570.0,3575.0,3520.0,3525.0,333426,0.0,0.0
2022-09-20 14:00:00+09:00,3525.0,3550.0,3505.0,3520.0,248125,0.0,0.0
2022-09-21 09:00:00+09:00,3660.0,3940.0,3605.0,3895.0,0,0.0,0.0
2022-09-21 10:00:00+09:00,3890.0,4065.0,3815.0,3980.0,6650574,0.0,0.0
2022-09-21 11:00:00+09:00,3990.0,4045.0,3835.0,3875.0,4111521,0.0,0.0
2022-09-21 12:00:00+09:00,3880.0,4000.0,3860.0,3965.0,2444745,0.0,0.0
2022-09-21 13:00:00+09:00,3970.0,4095.0,3905.0,3940.0,4041552,0.0,0.0
2022-09-21 14:00:00+09:00,3935.0,4195.0,3925.0,4135.0,10190378,0.0,0.0
2022-09-22 09:00:00+09:00,4015.0,4060.0,3955.0,3985.0,0,0.0,0.0
2022-09-22 10:00:00+09:00,3990.0,4050.0,3955.0,3960.0,1114956,0.0,0.0
2022-09-22 11:00:00+09:00,3960.0,4020.0,3955.0,4010.0,255400,0.0,0.0
2022-09-22 12:00:00+09:00,4010.0,4060.0,3990.0,4030.0,645066,0.0,0.0
2022-09-22 13:00:00+09:00,4030.0,4045.0,4000.0,4035.0,339856,0.0,0.0
2022-09-22 14:00:00+09:00,4035.0,4095.0,4025.0,4090.0,785485,0.0,0.0
2022-09-23 09:00:00+09:00,4075.0,4105.0,3975.0,3990.0,0,0.0,0.0
2022-09-23 10:00:00+09:00,3990.0,4010.0,3925.0,4005.0,517785,0.0,0.0
2022-09-23 11:00:00+09:00,4005.0,4010.0,3975.0,3995.0,201695,0.0,0.0
2022-09-23 12:00:00+09:00,3990.0,4015.0,3980.0,4000.0,195016,0.0,0.0
2022-09-23 13:00:00+09:00,4000.0,4035.0,3985.0,4005.0,335556,0.0,0.0
2022-09-23 14:00:00+09:00,4000.0,4025.0,3955.0,3975.0,303142,0.0,0.0
2022-09-26 09:00:00+09:00,3930.0,3930.0,3775.0,3810.0,0,0.0,0.0
2022-09-26 10:00:00+09:00,3810.0,3840.0,3760.0,3795.0,279009,0.0,0.0
2022-09-26 11:00:00+09:00,3795.0,3855.0,3770.0,3770.0,141483,0.0,0.0
2022-09-26 12:00:00+09:00,3770.0,3785.0,3645.0,3650.0,398752,0.0,0.0
2022-09-26 13:00:00+09:00,3655.0,3690.0,3630.0,3655.0,284337,0.0,0.0
2022-09-26 14:00:00+09:00,3655.0,3680.0,3605.0,3665.0,252261,0.0,0.0
2022-09-27 09:00:00+09:00,3980.0,3985.0,3740.0,3815.0,710656,0.0,0.0
2022-09-27 10:00:00+09:00,3810.0,3820.0,3760.0,3785.0,292248,0.0,0.0
2022-09-27 11:00:00+09:00,3785.0,3785.0,3680.0,3695.0,337808,0.0,0.0
2022-09-27 12:00:00+09:00,3695.0,3790.0,3630.0,3740.0,518202,0.0,0.0
2022-09-27 13:00:00+09:00,3740.0,3780.0,3715.0,3730.0,144896,0.0,0.0
2022-09-27 14:00:00+09:00,3725.0,3780.0,3655.0,3765.0,262949,0.0,0.0
2022-09-28 09:00:00+09:00,3700.0,3810.0,3665.0,3755.0,0,0.0,0.0
2022-09-28 10:00:00+09:00,3760.0,3855.0,3675.0,3695.0,520343,0.0,0.0
2022-09-28 11:00:00+09:00,3695.0,3710.0,3640.0,3670.0,204608,0.0,0.0
2022-09-28 12:00:00+09:00,3670.0,3735.0,3660.0,3730.0,133183,0.0,0.0
2022-09-28 13:00:00+09:00,3730.0,3755.0,3705.0,3725.0,165876,0.0,0.0
2022-09-28 14:00:00+09:00,3720.0,3815.0,3690.0,3805.0,276179,0.0,0.0
2022-09-29 09:00:00+09:00,3820.0,3945.0,3775.0,3895.0,0,0.0,0.0
2022-09-29 10:00:00+09:00,3895.0,3915.0,3850.0,3880.0,416480,0.0,0.0
2022-09-29 11:00:00+09:00,3880.0,3885.0,3720.0,3755.0,408569,0.0,0.0
2022-09-29 12:00:00+09:00,3755.0,3840.0,3755.0,3815.0,151373,0.0,0.0
2022-09-29 13:00:00+09:00,3815.0,3865.0,3815.0,3820.0,123794,0.0,0.0
2022-09-29 14:00:00+09:00,3825.0,3830.0,3685.0,3685.0,261753,0.0,0.0
2022-09-30 09:00:00+09:00,3600.0,3635.0,3530.0,3580.0,0,0.0,0.0
2022-09-30 10:00:00+09:00,3575.0,3615.0,3535.0,3585.0,136547,0.0,0.0
2022-09-30 11:00:00+09:00,3585.0,3600.0,3550.0,3600.0,120045,0.0,0.0
2022-09-30 12:00:00+09:00,3600.0,3620.0,3560.0,3580.0,151853,0.0,0.0
2022-09-30 13:00:00+09:00,3580.0,3585.0,3560.0,3575.0,69432,0.0,0.0
2022-09-30 14:00:00+09:00,3575.0,3595.0,3560.0,3565.0,83413,0.0,0.0
2022-10-04 09:00:00+09:00,3780.0,4125.0,3745.0,4000.0,8608035,0.0,0.0
2022-10-04 10:00:00+09:00,3995.0,4050.0,3970.0,4010.0,1210816,0.0,0.0
2022-10-04 11:00:00+09:00,4015.0,4015.0,3900.0,3935.0,972451,0.0,0.0
2022-10-04 12:00:00+09:00,3935.0,3945.0,3910.0,3925.0,247186,0.0,0.0
2022-10-04 13:00:00+09:00,3925.0,3945.0,3900.0,3940.0,299852,0.0,0.0
2022-10-04 14:00:00+09:00,3935.0,3980.0,3925.0,3950.0,506432,0.0,0.0
2022-10-05 09:00:00+09:00,4020.0,4070.0,3975.0,4050.0,0,0.0,0.0
2022-10-05 10:00:00+09:00,4045.0,4050.0,3995.0,4000.0,411566,0.0,0.0
2022-10-05 11:00:00+09:00,4000.0,4015.0,3950.0,3975.0,322356,0.0,0.0
2022-10-05 12:00:00+09:00,3970.0,4010.0,3965.0,4005.0,174562,0.0,0.0
2022-10-05 13:00:00+09:00,4005.0,4040.0,3905.0,3940.0,610502,0.0,0.0
2022-10-05 14:00:00+09:00,3940.0,3975.0,3930.0,3955.0,153738,0.0,0.0
2022-10-06 09:00:00+09:00,3930.0,3960.0,3845.0,3910.0,0,0.0,0.0
2022-10-06 10:00:00+09:00,3910.0,3940.0,3885.0,3935.0,184947,0.0,0.0
2022-10-06 11:00:00+09:00,3940.0,3960.0,3910.0,3925.0,177633,0.0,0.0
2022-10-06 12:00:00+09:00,3925.0,3940.0,3915.0,3920.0,70071,0.0,0.0
2022-10-06 13:00:00+09:00,3915.0,3970.0,3915.0,3950.0,224135,0.0,0.0
2022-10-06 14:00:00+09:00,3950.0,3950.0,3915.0,3940.0,170655,0.0,0.0
2022-10-07 09:00:00+09:00,3895.0,3970.0,3875.0,3905.0,0,0.0,0.0
2022-10-07 10:00:00+09:00,3905.0,3910.0,3805.0,3830.0,288558,0.0,0.0
2022-10-07 11:00:00+09:00,3830.0,3875.0,3825.0,3870.0,72796,0.0,0.0
2022-10-07 12:00:00+09:00,3870.0,3880.0,3810.0,3835.0,126317,0.0,0.0
2022-10-07 13:00:00+09:00,3830.0,3835.0,3770.0,3780.0,203400,0.0,0.0
2022-10-07 14:00:00+09:00,3780.0,3790.0,3740.0,3775.0,175422,0.0,0.0
2022-10-11 09:00:00+09:00,3630.0,3650.0,3480.0,3505.0,0,0.0,0.0
2022-10-11 10:00:00+09:00,3505.0,3510.0,3420.0,3455.0,287522,0.0,0.0
2022-10-11 11:00:00+09:00,3435.0,3470.0,3405.0,3405.0,222403,0.0,0.0
2022-10-11 12:00:00+09:00,3405.0,3435.0,3390.0,3415.0,112962,0.0,0.0
2022-10-11 13:00:00+09:00,3410.0,3420.0,3370.0,3390.0,139867,0.0,0.0
2022-10-11 14:00:00+09:00,3390.0,3430.0,3380.0,3390.0,88753,0.0,0.0
2022-10-12 09:00:00+09:00,3360.0,3415.0,3285.0,3415.0,0,0.0,0.0
2022-10-12 10:00:00+09:00,3410.0,3445.0,3365.0,3385.0,198986,0.0,0.0
2022-10-12 11:00:00+09:00,3385.0,3400.0,3370.0,3395.0,69012,0.0,0.0
2022-10-12 12:00:00+09:00,3400.0,3430.0,3380.0,3425.0,93005,0.0,0.0
2022-10-12 13:00:00+09:00,3425.0,3460.0,3420.0,3425.0,166756,0.0,0.0
2022-10-12 14:00:00+09:00,3425.0,3435.0,3375.0,3395.0,105762,0.0,0.0
2022-10-13 09:00:00+09:00,3440.0,3445.0,3285.0,3305.0,0,0.0,0.0
2022-10-13 10:00:00+09:00,3300.0,3305.0,3195.0,3210.0,214788,0.0,0.0
2022-10-13 11:00:00+09:00,3210.0,3220.0,3190.0,3220.0,53066,0.0,0.0
2022-10-13 12:00:00+09:00,3215.0,3230.0,3210.0,3225.0,25282,0.0,0.0
2022-10-13 13:00:00+09:00,3225.0,3240.0,3185.0,3185.0,88231,0.0,0.0
2022-10-13 14:00:00+09:00,3190.0,3235.0,3120.0,3155.0,187783,0.0,0.0
2022-10-14 09:00:00+09:00,3250.0,3265.0,3200.0,3225.0,0,0.0,0.0
2022-10-14 10:00:00+09:00,3225.0,3280.0,3220.0,3265.0,87366,0.0,0.0
2022-10-14 11:00:00+09:00,3265.0,3265.0,3235.0,3250.0,80211,0.0,0.0
2022-10-14 12:00:00+09:00,3250.0,3255.0,3245.0,3250.0,25484,0.0,0.0
2022-10-14 13:00:00+09:00,3255.0,3260.0,3220.0,3225.0,55809,0.0,0.0
2022-10-14 14:00:00+09:00,3225.0,3230.0,3190.0,3210.0,97715,0.0,0.0
2022-10-17 09:00:00+09:00,3105.0,3200.0,3100.0,3190.0,0,0.0,0.0
2022-10-17 10:00:00+09:00,3190.0,3215.0,3175.0,3205.0,59073,0.0,0.0
2022-10-17 11:00:00+09:00,3210.0,3230.0,3205.0,3230.0,31805,0.0,0.0
2022-10-17 12:00:00+09:00,3230.0,3230.0,3210.0,3220.0,23874,0.0,0.0
2022-10-17 13:00:00+09:00,3215.0,3230.0,3190.0,3225.0,37621,0.0,0.0
2022-10-17 14:00:00+09:00,3225.0,3265.0,3215.0,3260.0,64979,0.0,0.0
2022-10-18 09:00:00+09:00,3330.0,3335.0,3255.0,3280.0,0,0.0,0.0
2022-10-18 10:00:00+09:00,3290.0,3290.0,3260.0,3260.0,41619,0.0,0.0
2022-10-18 11:00:00+09:00,3270.0,3275.0,3240.0,3275.0,62111,0.0,0.0
2022-10-18 12:00:00+09:00,3275.0,3315.0,3255.0,3310.0,47933,0.0,0.0
2022-10-18 13:00:00+09:00,3315.0,3330.0,3305.0,3310.0,46665,0.0,0.0
2022-10-18 14:00:00+09:00,3315.0,3370.0,3295.0,3350.0,144660,0.0,0.0
2022-10-19 09:00:00+09:00,3465.0,3465.0,3385.0,3400.0,0,0.0,0.0
2022-10-19 10:00:00+09:00,3400.0,3500.0,3385.0,3480.0,295262,0.0,0.0
2022-10-19 11:00:00+09:00,3485.0,3485.0,3435.0,3445.0,88516,0.0,0.0
2022-10-19 12:00:00+09:00,3445.0,3445.0,3410.0,3430.0,86206,0.0,0.0
2022-10-19 13:00:00+09:00,3430.0,3430.0,3390.0,3425.0,60954,0.0,0.0
2022-10-19 14:00:00+09:00,3425.0,3425.0,3375.0,3375.0,107782,0.0,0.0
2022-10-20 09:00:00+09:00,3365.0,3405.0,3300.0,3355.0,0,0.0,0.0
2022-10-20 10:00:00+09:00,3355.0,3355.0,3285.0,3320.0,107495,0.0,0.0
2022-10-20 11:00:00+09:00,3320.0,3320.0,3310.0,3320.0,17701,0.0,0.0
2022-10-20 12:00:00+09:00,3325.0,3330.0,3290.0,3310.0,38237,0.0,0.0
2022-10-20 13:00:00+09:00,3310.0,3335.0,3275.0,3310.0,41002,0.0,0.0
2022-10-20 14:00:00+09:00,3315.0,3350.0,3300.0,3320.0,26083,0.0,0.0
2022-10-21 09:00:00+09:00,3300.0,3320.0,3255.0,3280.0,0,0.0,0.0
2022-10-21 10:00:00+09:00,3285.0,3285.0,3235.0,3240.0,60519,0.0,0.0
2022-10-21 11:00:00+09:00,3240.0,3260.0,3240.0,3255.0,18511,0.0,0.0
2022-10-21 12:00:00+09:00,3260.0,3290.0,3255.0,3265.0,11589,0.0,0.0
2022-10-21 13:00:00+09:00,3265.0,3275.0,3245.0,3260.0,25167,0.0,0.0
2022-10-21 14:00:00+09:00,3260.0,3265.0,3240.0,3245.0,26806,0.0,0.0
2022-10-24 09:00:00+09:00,3280.0,3345.0,3280.0,3330.0,0,0.0,0.0
2022-10-24 10:00:00+09:00,3325.0,3340.0,3295.0,3325.0,50696,0.0,0.0
2022-10-24 11:00:00+09:00,3325.0,3330.0,3310.0,3320.0,9178,0.0,0.0
2022-10-24 12:00:00+09:00,3325.0,3465.0,3315.0,3315.0,339521,0.0,0.0
2022-10-24 13:00:00+09:00,3330.0,3335.0,3305.0,3330.0,33458,0.0,0.0
2022-10-24 14:00:00+09:00,3330.0,3330.0,3300.0,3310.0,47069,0.0,0.0
2022-10-25 09:00:00+09:00,3365.0,3410.0,3330.0,3380.0,0,0.0,0.0
2022-10-25 10:00:00+09:00,3380.0,3390.0,3340.0,3380.0,54817,0.0,0.0
2022-10-25 11:00:00+09:00,3380.0,3425.0,3360.0,3415.0,84657,0.0,0.0
2022-10-25 12:00:00+09:00,3415.0,3425.0,3395.0,3415.0,79050,0.0,0.0
2022-10-25 13:00:00+09:00,3420.0,3445.0,3420.0,3425.0,120153,0.0,0.0
2022-10-25 14:00:00+09:00,3430.0,3430.0,3395.0,3405.0,57939,0.0,0.0
2022-10-26 09:00:00+09:00,3475.0,3475.0,3390.0,3420.0,0,0.0,0.0
2022-10-26 10:00:00+09:00,3425.0,3455.0,3415.0,3440.0,78700,0.0,0.0
2022-10-26 11:00:00+09:00,3440.0,3470.0,3435.0,3435.0,66227,0.0,0.0
2022-10-26 12:00:00+09:00,3440.0,3445.0,3415.0,3425.0,37271,0.0,0.0
2022-10-26 13:00:00+09:00,3420.0,3430.0,3415.0,3430.0,29295,0.0,0.0
2022-10-26 14:00:00+09:00,3425.0,3430.0,3400.0,3405.0,67823,0.0,0.0
2022-10-27 09:00:00+09:00,3575.0,3575.0,3390.0,3395.0,228519,0.0,0.0
2022-10-27 10:00:00+09:00,3390.0,3415.0,3385.0,3410.0,63257,0.0,0.0
2022-10-27 11:00:00+09:00,3410.0,3420.0,3405.0,3410.0,31604,0.0,0.0
2022-10-27 12:00:00+09:00,3415.0,3415.0,3400.0,3410.0,30343,0.0,0.0
2022-10-27 13:00:00+09:00,3410.0,3425.0,3405.0,3420.0,50735,0.0,0.0
2022-10-27 14:00:00+09:00,3425.0,3440.0,3400.0,3405.0,46723,0.0,0.0
2022-10-28 09:00:00+09:00,3400.0,3400.0,3370.0,3385.0,91034,0.0,0.0
2022-10-28 10:00:00+09:00,3375.0,3440.0,3375.0,3415.0,49662,0.0,0.0
2022-10-28 11:00:00+09:00,3415.0,3425.0,3405.0,3425.0,18652,0.0,0.0
2022-10-28 12:00:00+09:00,3425.0,3425.0,3395.0,3395.0,19691,0.0,0.0
2022-10-28 13:00:00+09:00,3400.0,3400.0,3340.0,3345.0,67353,0.0,0.0
2022-10-28 14:00:00+09:00,3345.0,3350.0,3320.0,3325.0,65785,0.0,0.0
2022-10-31 09:00:00+09:00,3380.0,3380.0,3300.0,3300.0,0,0.0,0.0
2022-10-31 10:00:00+09:00,3305.0,3330.0,3300.0,3325.0,39641,0.0,0.0
2022-10-31 11:00:00+09:00,3325.0,3350.0,3325.0,3325.0,21761,0.0,0.0
2022-10-31 12:00:00+09:00,3330.0,3345.0,3320.0,3330.0,12574,0.0,0.0
2022-10-31 13:00:00+09:00,3335.0,3340.0,3325.0,3340.0,9505,0.0,0.0
2022-10-31 14:00:00+09:00,3335.0,3345.0,3315.0,3320.0,25182,0.0,0.0
2022-11-01 09:00:00+09:00,3295.0,3420.0,3290.0,3370.0,0,0.0,0.0
2022-11-01 10:00:00+09:00,3380.0,3385.0,3345.0,3345.0,64115,0.0,0.0
2022-11-01 11:00:00+09:00,3350.0,3390.0,3340.0,3375.0,56049,0.0,0.0
2022-11-01 12:00:00+09:00,3375.0,3410.0,3365.0,3410.0,50234,0.0,0.0
2022-11-01 13:00:00+09:00,3410.0,3410.0,3375.0,3385.0,31928,0.0,0.0
2022-11-01 14:00:00+09:00,3385.0,3390.0,3370.0,3385.0,27512,0.0,0.0
2022-11-02 09:00:00+09:00,3355.0,3405.0,3355.0,3400.0,0,0.0,0.0
2022-11-02 10:00:00+09:00,3400.0,3410.0,3385.0,3390.0,41861,0.0,0.0
2022-11-02 11:00:00+09:00,3390.0,3400.0,3360.0,3385.0,31082,0.0,0.0
2022-11-02 12:00:00+09:00,3380.0,3385.0,3350.0,3375.0,25093,0.0,0.0
2022-11-02 13:00:00+09:00,3370.0,3370.0,3300.0,3330.0,36251,0.0,0.0
2022-11-02 14:00:00+09:00,3330.0,3365.0,3330.0,3360.0,19093,0.0,0.0
2022-11-03 09:00:00+09:00,3295.0,3325.0,3275.0,3320.0,0,0.0,0.0
2022-11-03 10:00:00+09:00,3320.0,3365.0,3320.0,3360.0,16255,0.0,0.0
2022-11-03 11:00:00+09:00,3350.0,3385.0,3350.0,3360.0,19080,0.0,0.0
2022-11-03 12:00:00+09:00,3360.0,3360.0,3320.0,3320.0,19155,0.0,0.0
2022-11-03 13:00:00+09:00,3330.0,3355.0,3325.0,3335.0,18651,0.0,0.0
2022-11-03 14:00:00+09:00,3345.0,3365.0,3335.0,3345.0,25928,0.0,0.0
2022-11-04 09:00:00+09:00,3385.0,3500.0,3305.0,3405.0,729611,0.0,0.0
2022-11-04 10:00:00+09:00,3405.0,3430.0,3380.0,3420.0,80866,0.0,0.0
2022-11-04 11:00:00+09:00,3420.0,3435.0,3395.0,3400.0,53023,0.0,0.0
2022-11-04 12:00:00+09:00,3405.0,3420.0,3395.0,3405.0,19346,0.0,0.0
2022-11-04 13:00:00+09:00,3405.0,3460.0,3395.0,3445.0,123798,0.0,0.0
2022-11-04 14:00:00+09:00,3445.0,3455.0,3400.0,3415.0,80475,0.0,0.0
2022-11-07 09:00:00+09:00,3410.0,3480.0,3405.0,3420.0,0,0.0,0.0
2022-11-07 10:00:00+09:00,3420.0,3430.0,3405.0,3420.0,33031,0.0,0.0
2022-11-07 11:00:00+09:00,3425.0,3435.0,3420.0,3425.0,20039,0.0,0.0
2022-11-07 12:00:00+09:00,3420.0,3425.0,3410.0,3415.0,27804,0.0,0.0
2022-11-07 13:00:00+09:00,3420.0,3430.0,3405.0,3415.0,38269,0.0,0.0
2022-11-07 14:00:00+09:00,3415.0,3420.0,3400.0,3410.0,35458,0.0,0.0
2022-11-08 09:00:00+09:00,3420.0,3465.0,3410.0,3420.0,0,0.0,0.0
2022-11-08 10:00:00+09:00,3420.0,3455.0,3415.0,3445.0,78975,0.0,0.0
2022-11-08 11:00:00+09:00,3445.0,3445.0,3430.0,3445.0,22588,0.0,0.0
2022-11-08 12:00:00+09:00,3440.0,3450.0,3430.0,3435.0,25874,0.0,0.0
2022-11-08 13:00:00+09:00,3435.0,3440.0,3420.0,3440.0,44609,0.0,0.0
2022-11-08 14:00:00+09:00,3435.0,3440.0,3425.0,3425.0,26604,0.0,0.0
2022-11-09 09:00:00+09:00,3435.0,3465.0,3425.0,3455.0,0,0.0,0.0
2022-11-09 10:00:00+09:00,3455.0,3460.0,3440.0,3445.0,62302,0.0,0.0
2022-11-09 11:00:00+09:00,3445.0,3455.0,3430.0,3455.0,54192,0.0,0.0
2022-11-09 12:00:00+09:00,3450.0,3455.0,3435.0,3440.0,22775,0.0,0.0
2022-11-09 13:00:00+09:00,3435.0,3440.0,3425.0,3430.0,49543,0.0,0.0
2022-11-09 14:00:00+09:00,3430.0,3435.0,3420.0,3425.0,34970,0.0,0.0
2022-11-10 09:00:00+09:00,3395.0,3415.0,3355.0,3395.0,0,0.0,0.0
2022-11-10 10:00:00+09:00,3390.0,3425.0,3385.0,3420.0,26833,0.0,0.0
2022-11-10 11:00:00+09:00,3425.0,3425.0,3395.0,3400.0,24649,0.0,0.0
2022-11-10 12:00:00+09:00,3395.0,3420.0,3390.0,3420.0,19564,0.0,0.0
2022-11-10 13:00:00+09:00,3420.0,3430.0,3415.0,3420.0,26867,0.0,0.0
2022-11-10 14:00:00+09:00,3420.0,3465.0,3410.0,3415.0,104144,0.0,0.0
2022-11-11 09:00:00+09:00,3500.0,3510.0,3430.0,3435.0,0,0.0,0.0
2022-11-11 10:00:00+09:00,3440.0,3450.0,3425.0,3430.0,78482,0.0,0.0
2022-11-11 11:00:00+09:00,3430.0,3440.0,3420.0,3425.0,35175,0.0,0.0
2022-11-11 12:00:00+09:00,3425.0,3430.0,3415.0,3425.0,27696,0.0,0.0
2022-11-11 13:00:00+09:00,3430.0,3445.0,3420.0,3430.0,31258,0.0,0.0
2022-11-11 14:00:00+09:00,3430.0,3435.0,3415.0,3430.0,38719,0.0,0.0
2022-11-14 09:00:00+09:00,3425.0,3440.0,3395.0,3430.0,0,0.0,0.0
2022-11-14 10:00:00+09:00,3430.0,3460.0,3405.0,3440.0,75703,0.0,0.0
2022-11-14 11:00:00+09:00,3440.0,3455.0,3430.0,3450.0,58453,0.0,0.0
2022-11-14 12:00:00+09:00,3450.0,3470.0,3445.0,3470.0,72091,0.0,0.0
2022-11-14 13:00:00+09:00,3470.0,3470.0,3450.0,3455.0,31327,0.0,0.0
2022-11-14 14:00:00+09:00,3450.0,3460.0,3425.0,3440.0,47785,0.0,0.0
2022-11-15 09:00:00+09:00,3390.0,3440.0,3390.0,3400.0,0,0.0,0.0
2022-11-15 10:00:00+09:00,3400.0,3410.0,3385.0,3405.0,65772,0.0,0.0
2022-11-15 11:00:00+09:00,3405.0,3410.0,3400.0,3400.0,17243,0.0,0.0
2022-11-15 12:00:00+09:00,3405.0,3410.0,3395.0,3405.0,32759,0.0,0.0
2022-11-15 13:00:00+09:00,3410.0,3575.0,3405.0,3445.0,695319,0.0,0.0
2022-11-15 14:00:00+09:00,3440.0,3450.0,3430.0,3435.0,66868,0.0,0.0
2022-11-16 09:00:00+09:00,3445.0,3445.0,3390.0,3395.0,0,0.0,0.0
2022-11-16 10:00:00+09:00,3395.0,3420.0,3390.0,3415.0,56071,0.0,0.0
2022-11-16 11:00:00+09:00,3420.0,3435.0,3400.0,3410.0,16048,0.0,0.0
2022-11-16 12:00:00+09:00,3410.0,3435.0,3400.0,3420.0,20098,0.0,0.0
2022-11-16 13:00:00+09:00,3420.0,3435.0,3405.0,3405.0,21428,0.0,0.0
2022-11-16 14:00:00+09:00,3410.0,3425.0,3400.0,3420.0,28711,0.0,0.0
2022-11-17 10:00:00+09:00,3430.0,3430.0,3385.0,3400.0,79548,0.0,0.0
2022-11-17 11:00:00+09:00,3400.0,3415.0,3390.0,3405.0,33964,0.0,0.0
2022-11-17 12:00:00+09:00,3400.0,3405.0,3385.0,3395.0,36495,0.0,0.0
2022-11-17 13:00:00+09:00,3390.0,3400.0,3325.0,3385.0,100124,0.0,0.0
2022-11-17 14:00:00+09:00,3385.0,3390.0,3370.0,3375.0,32580,0.0,0.0
2022-11-18 09:00:00+09:00,3355.0,3385.0,3340.0,3355.0,0,0.0,0.0
2022-11-18 10:00:00+09:00,3345.0,3365.0,3345.0,3355.0,34316,0.0,0.0
2022-11-18 11:00:00+09:00,3355.0,3360.0,3350.0,3360.0,10251,0.0,0.0
2022-11-18 12:00:00+09:00,3360.0,3365.0,3350.0,3350.0,13476,0.0,0.0
2022-11-18 13:00:00+09:00,3350.0,3355.0,3340.0,3345.0,27446,0.0,0.0
2022-11-18 14:00:00+09:00,3350.0,3350.0,3310.0,3315.0,34593,0.0,0.0
2022-11-21 09:00:00+09:00,3285.0,3320.0,3210.0,3230.0,0,0.0,0.0
2022-11-21 10:00:00+09:00,3230.0,3245.0,3210.0,3225.0,37834,0.0,0.0
2022-11-21 11:00:00+09:00,3225.0,3225.0,3185.0,3200.0,52898,0.0,0.0
2022-11-21 12:00:00+09:00,3205.0,3205.0,3185.0,3195.0,37426,0.0,0.0
2022-11-21 13:00:00+09:00,3190.0,3215.0,3190.0,3200.0,19975,0.0,0.0
2022-11-21 14:00:00+09:00,3195.0,3200.0,3180.0,3185.0,32691,0.0,0.0
2022-11-22 09:00:00+09:00,3180.0,3235.0,3175.0,3180.0,0,0.0,0.0
2022-11-22 10:00:00+09:00,3195.0,3205.0,3185.0,3205.0,14269,0.0,0.0
2022-11-22 11:00:00+09:00,3205.0,3220.0,3195.0,3210.0,21393,0.0,0.0
2022-11-22 12:00:00+09:00,3215.0,3270.0,3200.0,3210.0,92339,0.0,0.0
2022-11-22 13:00:00+09:00,3210.0,3215.0,3180.0,3205.0,28185,0.0,0.0
2022-11-22 14:00:00+09:00,3205.0,3215.0,3175.0,3180.0,22912,0.0,0.0
2022-11-23 09:00:00+09:00,3185.0,3220.0,3185.0,3200.0,0,0.0,0.0
2022-11-23 10:00:00+09:00,3200.0,3210.0,3190.0,3210.0,19005,0.0,0.0
2022-11-23 11:00:00+09:00,3210.0,3215.0,3200.0,3215.0,12973,0.0,0.0
2022-11-23 12:00:00+09:00,3215.0,3235.0,3205.0,3225.0,24462,0.0,0.0
2022-11-23 13:00:00+09:00,3225.0,3225.0,3205.0,3215.0,8684,0.0,0.0
2022-11-23 14:00:00+09:00,3215.0,3220.0,3205.0,3215.0,17468,0.0,0.0
2022-11-24 09:00:00+09:00,3260.0,3285.0,3220.0,3260.0,0,0.0,0.0
2022-11-24 10:00:00+09:00,3260.0,3295.0,3255.0,3280.0,36659,0.0,0.0
2022-11-24 11:00:00+09:00,3280.0,3285.0,3255.0,3280.0,16532,0.0,0.0
2022-11-24 12:00:00+09:00,3270.0,3275.0,3255.0,3265.0,19394,0.0,0.0
2022-11-24 13:00:00+09:00,3265.0,3275.0,3255.0,3265.0,12983,0.0,0.0
2022-11-24 14:00:00+09:00,3265.0,3345.0,3255.0,3330.0,84192,0.0,0.0
2022-11-25 09:00:00+09:00,3405.0,3410.0,3330.0,3340.0,0,0.0,0.0
2022-11-25 10:00:00+09:00,3340.0,3360.0,3325.0,3330.0,46922,0.0,0.0
2022-11-25 11:00:00+09:00,3340.0,3350.0,3325.0,3340.0,13937,0.0,0.0
2022-11-25 12:00:00+09:00,3350.0,3355.0,3335.0,3340.0,10856,0.0,0.0
2022-11-25 13:00:00+09:00,3350.0,3350.0,3325.0,3345.0,14473,0.0,0.0
2022-11-25 14:00:00+09:00,3345.0,3350.0,3330.0,3335.0,19701,0.0,0.0
2022-11-28 09:00:00+09:00,3390.0,3395.0,3325.0,3335.0,0,0.0,0.0
2022-11-28 10:00:00+09:00,3335.0,3345.0,3300.0,3335.0,51142,0.0,0.0
2022-11-28 11:00:00+09:00,3335.0,3340.0,3305.0,3335.0,4565,0.0,0.0
2022-11-28 12:00:00+09:00,3335.0,3340.0,3310.0,3325.0,9844,0.0,0.0
2022-11-28 13:00:00+09:00,3325.0,3335.0,3315.0,3325.0,11407,0.0,0.0
2022-11-28 14:00:00+09:00,3330.0,3335.0,3290.0,3295.0,37357,0.0,0.0
2022-11-29 09:00:00+09:00,3275.0,3325.0,3265.0,3290.0,0,0.0,0.0
2022-11-29 10:00:00+09:00,3280.0,3300.0,3275.0,3290.0,14922,0.0,0.0
2022-11-29 11:00:00+09:00,3285.0,3295.0,3285.0,3285.0,5759,0.0,0.0
2022-11-29 12:00:00+09:00,3290.0,3290.0,3285.0,3290.0,10423,0.0,0.0
2022-11-29 13:00:00+09:00,3290.0,3305.0,3285.0,3295.0,15657,0.0,0.0
2022-11-29 14:00:00+09:00,3305.0,3310.0,3295.0,3305.0,18721,0.0,0.0
2022-11-30 09:00:00+09:00,3295.0,3305.0,3260.0,3305.0,0,0.0,0.0
2022-11-30 10:00:00+09:00,3300.0,3320.0,3290.0,3305.0,19689,0.0,0.0
2022-11-30 11:00:00+09:00,3305.0,3315.0,3285.0,3290.0,6912,0.0,0.0
2022-11-30 12:00:00+09:00,3305.0,3305.0,3290.0,3290.0,6204,0.0,0.0
2022-11-30 13:00:00+09:00,3295.0,3310.0,3285.0,3295.0,20462,0.0,0.0
2022-11-30 14:00:00+09:00,3295.0,3305.0,3285.0,3290.0,15975,0.0,0.0
2022-12-01 09:00:00+09:00,3340.0,3415.0,3310.0,3330.0,76431,0.0,0.0
2022-12-01 10:00:00+09:00,3335.0,3370.0,3325.0,3355.0,52460,0.0,0.0
2022-12-01 11:00:00+09:00,3355.0,3355.0,3335.0,3335.0,17399,0.0,0.0
2022-12-01 12:00:00+09:00,3340.0,3345.0,3330.0,3335.0,23726,0.0,0.0
2022-12-01 13:00:00+09:00,3330.0,3340.0,3325.0,3335.0,9670,0.0,0.0
2022-12-01 14:00:00+09:00,3335.0,3340.0,3320.0,3325.0,19659,0.0,0.0
2022-12-02 09:00:00+09:00,3330.0,3365.0,3320.0,3325.0,0,0.0,0.0
2022-12-02 10:00:00+09:00,3330.0,3340.0,3315.0,3315.0,40802,0.0,0.0
2022-12-02 11:00:00+09:00,3315.0,3320.0,3300.0,3320.0,26381,0.0,0.0
2022-12-02 12:00:00+09:00,3315.0,3320.0,3305.0,3305.0,16401,0.0,0.0
2022-12-02 13:00:00+09:00,3310.0,3310.0,3290.0,3300.0,34885,0.0,0.0
2022-12-02 14:00:00+09:00,3300.0,3310.0,3290.0,3290.0,12512,0.0,0.0
2022-12-05 09:00:00+09:00,3320.0,3325.0,3270.0,3290.0,0,0.0,0.0
2022-12-05 10:00:00+09:00,3285.0,3300.0,3275.0,3285.0,21594,0.0,0.0
2022-12-05 11:00:00+09:00,3290.0,3295.0,3270.0,3280.0,14097,0.0,0.0
2022-12-05 12:00:00+09:00,3280.0,3285.0,3275.0,3280.0,9670,0.0,0.0
2022-12-05 13:00:00+09:00,3280.0,3285.0,3265.0,3265.0,23930,0.0,0.0
2022-12-05 14:00:00+09:00,3265.0,3275.0,3255.0,3265.0,20081,0.0,0.0
2022-12-06 09:00:00+09:00,3190.0,3220.0,3160.0,3190.0,0,0.0,0.0
2022-12-06 10:00:00+09:00,3200.0,3215.0,3190.0,3205.0,15959,0.0,0.0
2022-12-06 11:00:00+09:00,3215.0,3230.0,3210.0,3220.0,11651,0.0,0.0
2022-12-06 12:00:00+09:00,3220.0,3235.0,3215.0,3215.0,22660,0.0,0.0
2022-12-06 13:00:00+09:00,3220.0,3225.0,3210.0,3220.0,0,0.0,0.0
2022-12-06 14:00:00+09:00,3220.0,3220.0,3200.0,3205.0,128992,0.0,0.0
2022-12-07 09:00:00+09:00,3120.0,3175.0,3100.0,3130.0,99796,0.0,0.0
2022-12-07 10:00:00+09:00,3130.0,3140.0,3110.0,3125.0,30062,0.0,0.0
2022-12-07 11:00:00+09:00,3130.0,3150.0,3130.0,3140.0,9607,0.0,0.0
2022-12-07 12:00:00+09:00,3135.0,3140.0,3120.0,3140.0,13867,0.0,0.0
2022-12-07 13:00:00+09:00,3140.0,3160.0,3135.0,3160.0,6210,0.0,0.0
2022-12-07 14:00:00+09:00,3155.0,3165.0,3145.0,3145.0,17198,0.0,0.0
2022-12-08 09:00:00+09:00,3105.0,3140.0,3090.0,3100.0,0,0.0,0.0
2022-12-08 10:00:00+09:00,3100.0,3105.0,3055.0,3070.0,43883,0.0,0.0
2022-12-08 11:00:00+09:00,3075.0,3125.0,3065.0,3125.0,27542,0.0,0.0
2022-12-08 12:00:00+09:00,3125.0,3150.0,3120.0,3140.0,24810,0.0,0.0
2022-12-08 13:00:00+09:00,3140.0,3140.0,3110.0,3130.0,9258,0.0,0.0
2022-12-08 14:00:00+09:00,3120.0,3130.0,3110.0,3110.0,11603,0.0,0.0
2022-12-09 09:00:00+09:00,3125.0,3185.0,3110.0,3110.0,0,0.0,0.0
2022-12-09 10:00:00+09:00,3105.0,3150.0,3100.0,3120.0,29602,0.0,0.0
2022-12-09 11:00:00+09:00,3130.0,3300.0,3130.0,3225.0,305980,0.0,0.0
2022-12-09 12:00:00+09:00,3225.0,3270.0,3220.0,3230.0,63507,0.0,0.0
2022-12-09 13:00:00+09:00,3230.0,3255.0,3210.0,3230.0,48035,0.0,0.0
2022-12-09 14:00:00+09:00,3230.0,3405.0,3210.0,3250.0,2160877,0.0,0.0
2022-12-12 09:00:00+09:00,3205.0,3220.0,3155.0,3175.0,0,0.0,0.0
2022-12-12 10:00:00+09:00,3170.0,3170.0,3160.0,3165.0,24899,0.0,0.0
2022-12-12 11:00:00+09:00,3170.0,3175.0,3160.0,3175.0,17271,0.0,0.0
2022-12-12 12:00:00+09:00,3170.0,3175.0,3145.0,3155.0,48161,0.0,0.0
2022-12-12 13:00:00+09:00,3150.0,3170.0,3135.0,3145.0,32444,0.0,0.0
2022-12-12 14:00:00+09:00,3150.0,3165.0,3140.0,3145.0,16324,0.0,0.0
2022-12-13 09:00:00+09:00,3150.0,3180.0,3145.0,3145.0,0,0.0,0.0
2022-12-13 10:00:00+09:00,3145.0,3150.0,3120.0,3135.0,43044,0.0,0.0
2022-12-13 11:00:00+09:00,3135.0,3160.0,3120.0,3150.0,31881,0.0,0.0
2022-12-13 12:00:00+09:00,3150.0,3160.0,3135.0,3145.0,9767,0.0,0.0
2022-12-13 13:00:00+09:00,3140.0,3150.0,3125.0,3145.0,11709,0.0,0.0
2022-12-13 14:00:00+09:00,3145.0,3145.0,3115.0,3130.0,23559,0.0,0.0
2022-12-14 09:00:00+09:00,3105.0,3150.0,3105.0,3140.0,0,0.0,0.0
2022-12-14 10:00:00+09:00,3140.0,3150.0,3135.0,3140.0,14201,0.0,0.0
2022-12-14 11:00:00+09:00,3140.0,3200.0,3140.0,3180.0,64903,0.0,0.0
2022-12-14 12:00:00+09:00,3175.0,3180.0,3155.0,3160.0,13872,0.0,0.0
2022-12-14 13:00:00+09:00,3165.0,3180.0,3155.0,3170.0,14361,0.0,0.0
2022-12-14 14:00:00+09:00,3170.0,3225.0,3150.0,3185.0,133420,0.0,0.0
2022-12-15 09:00:00+09:00,3200.0,3200.0,3145.0,3185.0,0,0.0,0.0
2022-12-15 10:00:00+09:00,3185.0,3195.0,3160.0,3170.0,35641,0.0,0.0
2022-12-15 11:00:00+09:00,3160.0,3170.0,3160.0,3165.0,5204,0.0,0.0
2022-12-15 12:00:00+09:00,3165.0,3165.0,3155.0,3165.0,8309,0.0,0.0
2022-12-15 13:00:00+09:00,3165.0,3170.0,3150.0,3165.0,18554,0.0,0.0
2022-12-15 14:00:00+09:00,3160.0,3170.0,3150.0,3160.0,21089,0.0,0.0
2022-12-16 09:00:00+09:00,3110.0,3130.0,3095.0,3120.0,0,0.0,0.0
2022-12-16 10:00:00+09:00,3120.0,3125.0,3110.0,3120.0,6048,0.0,0.0
2022-12-16 11:00:00+09:00,3130.0,3145.0,3120.0,3125.0,7844,0.0,0.0
2022-12-16 12:00:00+09:00,3140.0,3140.0,3115.0,3115.0,4842,0.0,0.0
2022-12-16 13:00:00+09:00,3115.0,3120.0,3085.0,3100.0,48812,0.0,0.0
2022-12-16 14:00:00+09:00,3100.0,3110.0,3085.0,3090.0,30094,0.0,0.0
2022-12-19 09:00:00+09:00,3070.0,3105.0,3060.0,3100.0,59754,0.0,0.0
2022-12-19 10:00:00+09:00,3105.0,3145.0,3100.0,3130.0,18556,0.0,0.0
2022-12-19 11:00:00+09:00,3125.0,3135.0,3115.0,3115.0,5189,0.0,0.0
2022-12-19 12:00:00+09:00,3115.0,3125.0,3100.0,3100.0,12514,0.0,0.0
2022-12-19 13:00:00+09:00,3100.0,3115.0,3090.0,3105.0,10490,0.0,0.0
2022-12-19 14:00:00+09:00,3100.0,3100.0,3070.0,3090.0,22699,0.0,0.0
2022-12-20 09:00:00+09:00,3070.0,3080.0,3025.0,3025.0,0,0.0,0.0
2022-12-20 10:00:00+09:00,3030.0,3065.0,3030.0,3065.0,4920,0.0,0.0
2022-12-20 11:00:00+09:00,3060.0,3060.0,3050.0,3050.0,7230,0.0,0.0
2022-12-20 12:00:00+09:00,3050.0,3050.0,3020.0,3030.0,25842,0.0,0.0
2022-12-20 13:00:00+09:00,3030.0,3030.0,2975.0,2990.0,71353,0.0,0.0
2022-12-20 14:00:00+09:00,2990.0,2990.0,2950.0,2960.0,77996,0.0,0.0
2022-12-21 09:00:00+09:00,2925.0,2970.0,2910.0,2925.0,0,0.0,0.0
2022-12-21 10:00:00+09:00,2925.0,2955.0,2920.0,2955.0,13171,0.0,0.0
2022-12-21 11:00:00+09:00,2955.0,2970.0,2955.0,2965.0,13172,0.0,0.0
2022-12-21 12:00:00+09:00,2970.0,2970.0,2935.0,2950.0,10893,0.0,0.0
2022-12-21 13:00:00+09:00,2950.0,2960.0,2935.0,2945.0,4091,0.0,0.0
2022-12-21 14:00:00+09:00,2940.0,2945.0,2910.0,2925.0,22051,0.0,0.0
2022-12-22 09:00:00+09:00,2925.0,2995.0,2925.0,2960.0,0,0.0,0.0
2022-12-22 10:00:00+09:00,2960.0,2995.0,2950.0,2970.0,42327,0.0,0.0
2022-12-22 11:00:00+09:00,2980.0,2985.0,2960.0,2975.0,6843,0.0,0.0
2022-12-22 12:00:00+09:00,2975.0,2975.0,2955.0,2965.0,11928,0.0,0.0
2022-12-22 13:00:00+09:00,2965.0,2965.0,2935.0,2950.0,19398,0.0,0.0
2022-12-22 14:00:00+09:00,2950.0,2955.0,2930.0,2945.0,26816,0.0,0.0
2022-12-23 09:00:00+09:00,2880.0,2900.0,2800.0,2815.0,88020,0.0,0.0
2022-12-23 10:00:00+09:00,2820.0,2860.0,2800.0,2830.0,55829,0.0,0.0
2022-12-23 11:00:00+09:00,2835.0,2835.0,2815.0,2830.0,19460,0.0,0.0
2022-12-23 12:00:00+09:00,2820.0,2835.0,2815.0,2825.0,22144,0.0,0.0
2022-12-23 13:00:00+09:00,2830.0,2840.0,2825.0,2840.0,14563,0.0,0.0
2022-12-23 14:00:00+09:00,2835.0,2835.0,2815.0,2820.0,33934,0.0,0.0
2022-12-26 09:00:00+09:00,2815.0,2825.0,2750.0,2765.0,0,0.0,0.0
2022-12-26 10:00:00+09:00,2765.0,2810.0,2760.0,2790.0,20515,0.0,0.0
2022-12-26 11:00:00+09:00,2795.0,2805.0,2790.0,2805.0,5621,0.0,0.0
2022-12-26 12:00:00+09:00,2805.0,2835.0,2790.0,2825.0,10641,0.0,0.0
2022-12-26 13:00:00+09:00,2825.0,2825.0,2780.0,2790.0,26579,0.0,0.0
2022-12-26 14:00:00+09:00,2790.0,2810.0,2775.0,2785.0,20262,0.0,0.0
2022-12-27 09:00:00+09:00,2730.0,2835.0,2730.0,2835.0,0,0.0,0.0
2022-12-27 10:00:00+09:00,2835.0,2860.0,2825.0,2825.0,21744,0.0,0.0
2022-12-27 11:00:00+09:00,2825.0,2845.0,2815.0,2840.0,15706,0.0,0.0
2022-12-27 12:00:00+09:00,2840.0,2840.0,2820.0,2825.0,8391,0.0,0.0
2022-12-27 13:00:00+09:00,2825.0,2830.0,2810.0,2820.0,19430,0.0,0.0
2022-12-27 14:00:00+09:00,2825.0,2830.0,2810.0,2820.0,11375,0.0,0.0
2022-12-28 09:00:00+09:00,2800.0,2820.0,2775.0,2815.0,0,0.0,0.0
2022-12-28 10:00:00+09:00,2815.0,2825.0,2800.0,2815.0,13310,0.0,0.0
2022-12-28 11:00:00+09:00,2810.0,2810.0,2790.0,2790.0,14019,0.0,0.0
2022-12-28 12:00:00+09:00,2790.0,2800.0,2785.0,2785.0,9387,0.0,0.0
2022-12-28 13:00:00+09:00,2790.0,2795.0,2775.0,2795.0,19289,0.0,0.0
2022-12-28 14:00:00+09:00,2785.0,2810.0,2780.0,2810.0,17970,0.0,0.0
2022-12-29 09:00:00+09:00,2795.0,2830.0,2775.0,2775.0,0,0.0,0.0
2022-12-29 10:00:00+09:00,2780.0,2805.0,2750.0,2755.0,25234,0.0,0.0
2022-12-29 11:00:00+09:00,2745.0,2745.0,2735.0,2740.0,19947,0.0,0.0
2022-12-29 12:00:00+09:00,2745.0,2755.0,2720.0,2735.0,32952,0.0,0.0
2022-12-29 13:00:00+09:00,2730.0,2780.0,2730.0,2765.0,30423,0.0,0.0
2022-12-29 14:00:00+09:00,2765.0,2785.0,2760.0,2770.0,10986,0.0,0.0
2023-01-02 10:00:00+09:00,2780.0,2850.0,2780.0,2805.0,39262,0.0,0.0
2023-01-02 11:00:00+09:00,2825.0,2825.0,2775.0,2790.0,11507,0.0,0.0
2023-01-02 12:00:00+09:00,2785.0,2785.0,2755.0,2770.0,24025,0.0,0.0
2023-01-02 13:00:00+09:00,2770.0,2780.0,2760.0,2760.0,9549,0.0,0.0
2023-01-02 14:00:00+09:00,2760.0,2775.0,2720.0,2725.0,46661,0.0,0.0
2023-01-03 09:00:00+09:00,2680.0,2720.0,2650.0,2655.0,0,0.0,0.0
2023-01-03 10:00:00+09:00,2655.0,2660.0,2610.0,2635.0,53089,0.0,0.0
2023-01-03 11:00:00+09:00,2635.0,2660.0,2615.0,2645.0,15607,0.0,0.0
2023-01-03 12:00:00+09:00,2650.0,2710.0,2645.0,2705.0,22011,0.0,0.0
2023-01-03 13:00:00+09:00,2705.0,2705.0,2670.0,2680.0,18525,0.0,0.0
2023-01-03 14:00:00+09:00,2675.0,2705.0,2675.0,2695.0,27308,0.0,0.0
2023-01-04 09:00:00+09:00,2645.0,2770.0,2645.0,2755.0,0,0.0,0.0
2023-01-04 10:00:00+09:00,2750.0,2795.0,2740.0,2785.0,0,0.0,0.0
2023-01-04 11:00:00+09:00,2780.0,2785.0,2765.0,2775.0,136461,0.0,0.0
2023-01-04 12:00:00+09:00,2775.0,2790.0,2765.0,2775.0,15994,0.0,0.0
2023-01-04 13:00:00+09:00,2780.0,2795.0,2780.0,2795.0,11108,0.0,0.0
2023-01-04 14:00:00+09:00,2795.0,2800.0,2775.0,2795.0,11326,0.0,0.0
2023-01-05 09:00:00+09:00,2805.0,2855.0,2800.0,2830.0,0,0.0,0.0
2023-01-05 10:00:00+09:00,2830.0,2845.0,2820.0,2840.0,11315,0.0,0.0
2023-01-05 11:00:00+09:00,2835.0,2840.0,2805.0,2810.0,23651,0.0,0.0
2023-01-05 12:00:00+09:00,2805.0,2820.0,2795.0,2805.0,22361,0.0,0.0
2023-01-05 13:00:00+09:00,2800.0,2805.0,2785.0,2800.0,17710,0.0,0.0
2023-01-05 14:00:00+09:00,2800.0,2830.0,2795.0,2825.0,23059,0.0,0.0
2023-01-06 09:00:00+09:00,2770.0,2905.0,2770.0,2895.0,0,0.0,0.0
2023-01-06 10:00:00+09:00,2895.0,2955.0,2895.0,2930.0,211088,0.0,0.0
2023-01-06 11:00:00+09:00,2935.0,2950.0,2920.0,2930.0,37634,0.0,0.0
2023-01-06 12:00:00+09:00,2925.0,2930.0,2915.0,2925.0,15933,0.0,0.0
2023-01-06 13:00:00+09:00,2925.0,2925.0,2900.0,2910.0,16061,0.0,0.0
2023-01-06 14:00:00+09:00,2905.0,2910.0,2860.0,2865.0,38749,0.0,0.0
2023-01-09 09:00:00+09:00,2875.0,2975.0,2875.0,2920.0,0,0.0,0.0
2023-01-09 10:00:00+09:00,2920.0,2920.0,2900.0,2915.0,20986,0.0,0.0
2023-01-09 11:00:00+09:00,2915.0,2920.0,2885.0,2895.0,18212,0.0,0.0
2023-01-09 12:00:00+09:00,2895.0,2910.0,2885.0,2905.0,14038,0.0,0.0
2023-01-09 13:00:00+09:00,2905.0,2910.0,2900.0,2910.0,8079,0.0,0.0
2023-01-09 14:00:00+09:00,2900.0,2955.0,2900.0,2950.0,39253,0.0,0.0
2023-01-10 09:00:00+09:00,2925.0,2940.0,2900.0,2920.0,0,0.0,0.0
2023-01-10 10:00:00+09:00,2920.0,2945.0,2905.0,2940.0,36395,0.0,0.0
2023-01-10 11:00:00+09:00,2940.0,2955.0,2915.0,2945.0,28610,0.0,0.0
2023-01-10 12:00:00+09:00,2930.0,2945.0,2920.0,2920.0,3062,0.0,0.0
2023-01-10 13:00:00+09:00,2925.0,2950.0,2910.0,2935.0,23360,0.0,0.0
2023-01-10 14:00:00+09:00,2920.0,2935.0,2905.0,2920.0,9694,0.0,0.0
2023-01-11 09:00:00+09:00,2930.0,2955.0,2925.0,2945.0,0,0.0,0.0
2023-01-11 10:00:00+09:00,2945.0,2945.0,2930.0,2945.0,12177,0.0,0.0
2023-01-11 11:00:00+09:00,2945.0,2950.0,2940.0,2945.0,4447,0.0,0.0
2023-01-11 12:00:00+09:00,2940.0,2945.0,2925.0,2940.0,21518,0.0,0.0
2023-01-11 13:00:00+09:00,2945.0,2960.0,2945.0,2960.0,31038,0.0,0.0
2023-01-11 14:00:00+09:00,2955.0,2960.0,2935.0,2940.0,9661,0.0,0.0
2023-01-12 09:00:00+09:00,2935.0,2970.0,2920.0,2955.0,0,0.0,0.0
2023-01-12 10:00:00+09:00,2955.0,2980.0,2945.0,2955.0,11509,0.0,0.0
2023-01-12 11:00:00+09:00,2960.0,2960.0,2935.0,2950.0,24295,0.0,0.0
2023-01-12 12:00:00+09:00,2955.0,2955.0,2935.0,2940.0,10655,0.0,0.0
2023-01-12 13:00:00+09:00,2940.0,2955.0,2935.0,2945.0,9277,0.0,0.0
2023-01-12 14:00:00+09:00,2945.0,3170.0,2935.0,2945.0,1318131,0.0,0.0
2023-01-13 09:00:00+09:00,2925.0,2975.0,2915.0,2945.0,0,0.0,0.0
2023-01-13 10:00:00+09:00,2950.0,2955.0,2940.0,2950.0,23902,0.0,0.0
2023-01-13 11:00:00+09:00,2950.0,2955.0,2935.0,2935.0,14540,0.0,0.0
2023-01-13 12:00:00+09:00,2935.0,2950.0,2935.0,2935.0,9996,0.0,0.0
2023-01-13 13:00:00+09:00,2940.0,2955.0,2940.0,2950.0,10815,0.0,0.0
2023-01-13 14:00:00+09:00,2950.0,2955.0,2925.0,2940.0,27655,0.0,0.0
2023-01-16 09:00:00+09:00,2955.0,2990.0,2930.0,2975.0,0,0.0,0.0
2023-01-16 10:00:00+09:00,2975.0,2995.0,2965.0,2970.0,29402,0.0,0.0
2023-01-16 11:00:00+09:00,2970.0,2985.0,2970.0,2975.0,22088,0.0,0.0
2023-01-16 12:00:00+09:00,2980.0,2980.0,2965.0,2970.0,16621,0.0,0.0
2023-01-16 13:00:00+09:00,2970.0,2980.0,2960.0,2965.0,15010,0.0,0.0
2023-01-16 14:00:00+09:00,2970.0,2980.0,2940.0,2945.0,28561,0.0,0.0
2023-01-17 09:00:00+09:00,2935.0,2975.0,2925.0,2940.0,0,0.0,0.0
2023-01-17 10:00:00+09:00,2930.0,2945.0,2915.0,2930.0,19656,0.0,0.0
2023-01-17 11:00:00+09:00,2925.0,2940.0,2920.0,2925.0,11270,0.0,0.0
2023-01-17 12:00:00+09:00,2925.0,2940.0,2915.0,2930.0,6325,0.0,0.0
2023-01-17 13:00:00+09:00,2930.0,2935.0,2910.0,2915.0,22081,0.0,0.0
2023-01-17 14:00:00+09:00,2915.0,2920.0,2890.0,2900.0,33919,0.0,0.0
2023-01-18 09:00:00+09:00,2890.0,2925.0,2865.0,2895.0,0,0.0,0.0
2023-01-18 10:00:00+09:00,2895.0,2900.0,2880.0,2900.0,16411,0.0,0.0
2023-01-18 11:00:00+09:00,2900.0,2920.0,2885.0,2920.0,8611,0.0,0.0
2023-01-18 12:00:00+09:00,2920.0,2975.0,2905.0,2975.0,69461,0.0,0.0
2023-01-18 13:00:00+09:00,2975.0,3075.0,2955.0,3075.0,765219,0.0,0.0
2023-01-18 14:00:00+09:00,3075.0,3125.0,3005.0,3040.0,1073251,0.0,0.0
2023-01-19 09:00:00+09:00,3025.0,3055.0,2890.0,2980.0,0,0.0,0.0
2023-01-19 10:00:00+09:00,2980.0,2995.0,2965.0,2970.0,64611,0.0,0.0
2023-01-19 11:00:00+09:00,2970.0,3000.0,2965.0,2980.0,14865,0.0,0.0
2023-01-19 12:00:00+09:00,2980.0,2995.0,2955.0,2980.0,24377,0.0,0.0
2023-01-19 13:00:00+09:00,2985.0,3035.0,2970.0,3030.0,68276,0.0,0.0
2023-01-19 14:00:00+09:00,3025.0,3075.0,3025.0,3060.0,106848,0.0,0.0
2023-01-20 09:00:00+09:00,3060.0,3060.0,2960.0,2995.0,0,0.0,0.0
2023-01-20 10:00:00+09:00,2995.0,2995.0,2970.0,2995.0,25278,0.0,0.0
2023-01-20 11:00:00+09:00,2990.0,2995.0,2980.0,2990.0,8089,0.0,0.0
2023-01-20 12:00:00+09:00,2990.0,2990.0,2975.0,2990.0,24601,0.0,0.0
2023-01-20 13:00:00+09:00,2995.0,3005.0,2990.0,3000.0,13193,0.0,0.0
2023-01-20 14:00:00+09:00,3000.0,3010.0,2990.0,2990.0,31737,0.0,0.0
2023-01-25 09:00:00+09:00,3045.0,3045.0,2990.0,3015.0,0,0.0,0.0
2023-01-25 10:00:00+09:00,3015.0,3020.0,3000.0,3005.0,9991,0.0,0.0
2023-01-25 11:00:00+09:00,3005.0,3055.0,3000.0,3040.0,44394,0.0,0.0
2023-01-25 12:00:00+09:00,3040.0,3070.0,3040.0,3040.0,52018,0.0,0.0
2023-01-25 13:00:00+09:00,3040.0,3085.0,3040.0,3060.0,45282,0.0,0.0
2023-01-25 14:00:00+09:00,3060.0,3075.0,3040.0,3050.0,28341,0.0,0.0
2023-01-26 09:00:00+09:00,3050.0,3055.0,3020.0,3040.0,29475,0.0,0.0
2023-01-26 10:00:00+09:00,3040.0,3050.0,3040.0,3040.0,11422,0.0,0.0
2023-01-26 11:00:00+09:00,3045.0,3060.0,3040.0,3060.0,18777,0.0,0.0
2023-01-26 12:00:00+09:00,3060.0,3065.0,3045.0,3065.0,12191,0.0,0.0
2023-01-26 13:00:00+09:00,3065.0,3065.0,3025.0,3025.0,38146,0.0,0.0
2023-01-26 14:00:00+09:00,3025.0,3040.0,3010.0,3025.0,32321,0.0,0.0
2023-01-27 09:00:00+09:00,3040.0,3085.0,3040.0,3060.0,44948,0.0,0.0
2023-01-27 10:00:00+09:00,3060.0,3080.0,3060.0,3070.0,31974,0.0,0.0
2023-01-27 11:00:00+09:00,3075.0,3080.0,3055.0,3060.0,18539,0.0,0.0
2023-01-27 12:00:00+09:00,3065.0,3080.0,3065.0,3070.0,28252,0.0,0.0
2023-01-27 13:00:00+09:00,3070.0,3070.0,3045.0,3065.0,35091,0.0,0.0
2023-01-27 14:00:00+09:00,3070.0,3070.0,3030.0,3040.0,24157,0.0,0.0
2023-01-30 09:00:00+09:00,3085.0,3190.0,3075.0,3150.0,0,0.0,0.0
2023-01-30 10:00:00+09:00,3150.0,3175.0,3100.0,3125.0,162797,0.0,0.0
2023-01-30 11:00:00+09:00,3120.0,3135.0,3115.0,3120.0,34712,0.0,0.0
2023-01-30 12:00:00+09:00,3120.0,3120.0,3110.0,3120.0,22522,0.0,0.0
2023-01-30 13:00:00+09:00,3115.0,3140.0,3100.0,3100.0,61047,0.0,0.0
2023-01-30 14:00:00+09:00,3105.0,3110.0,3095.0,3110.0,39926,0.0,0.0
2023-01-31 09:00:00+09:00,3080.0,3090.0,3015.0,3090.0,0,0.0,0.0
2023-01-31 10:00:00+09:00,3090.0,3095.0,3055.0,3080.0,35710,0.0,0.0
2023-01-31 11:00:00+09:00,3080.0,3090.0,3065.0,3075.0,15581,0.0,0.0
2023-01-31 12:00:00+09:00,3075.0,3090.0,3070.0,3080.0,10357,0.0,0.0
2023-01-31 13:00:00+09:00,3080.0,3085.0,3070.0,3085.0,18311,0.0,0.0
2023-01-31 14:00:00+09:00,3080.0,3085.0,3070.0,3070.0,32168,0.0,0.0
2023-02-01 09:00:00+09:00,3150.0,3195.0,3105.0,3175.0,0,0.0,0.0
2023-02-01 10:00:00+09:00,3175.0,3185.0,3140.0,3155.0,74992,0.0,0.0
2023-02-01 11:00:00+09:00,3150.0,3160.0,3120.0,3150.0,52190,0.0,0.0
2023-02-01 12:00:00+09:00,3150.0,3155.0,3130.0,3150.0,25965,0.0,0.0
2023-02-01 13:00:00+09:00,3150.0,3150.0,3135.0,3135.0,15854,0.0,0.0
2023-02-01 14:00:00+09:00,3135.0,3150.0,3115.0,3125.0,32391,0.0,0.0
2023-02-02 09:00:00+09:00,3155.0,3165.0,3125.0,3145.0,66798,0.0,0.0
2023-02-02 10:00:00+09:00,3145.0,3145.0,3125.0,3140.0,17314,0.0,0.0
2023-02-02 11:00:00+09:00,3135.0,3140.0,3115.0,3140.0,25353,0.0,0.0
2023-02-02 12:00:00+09:00,3135.0,3150.0,3130.0,3140.0,12198,0.0,0.0
2023-02-02 13:00:00+09:00,3145.0,3145.0,3135.0,3140.0,18202,0.0,0.0
2023-02-02 14:00:00+09:00,3140.0,3140.0,3130.0,3130.0,25802,0.0,0.0
2023-02-03 09:00:00+09:00,3130.0,3215.0,3130.0,3175.0,9573,0.0,0.0
2023-02-03 10:00:00+09:00,3175.0,3175.0,3155.0,3165.0,35885,0.0,0.0
2023-02-03 11:00:00+09:00,3165.0,3170.0,3150.0,3165.0,18110,0.0,0.0
2023-02-03 12:00:00+09:00,3160.0,3160.0,3140.0,3145.0,28023,0.0,0.0
2023-02-03 13:00:00+09:00,3145.0,3150.0,3125.0,3135.0,31696,0.0,0.0
2023-02-03 14:00:00+09:00,3135.0,3155.0,3135.0,3145.0,23939,0.0,0.0
2023-02-06 09:00:00+09:00,3110.0,3150.0,3100.0,3140.0,0,0.0,0.0
2023-02-06 10:00:00+09:00,3140.0,3145.0,3110.0,3145.0,17238,0.0,0.0
2023-02-06 11:00:00+09:00,3145.0,3155.0,3130.0,3140.0,16832,0.0,0.0
2023-02-06 12:00:00+09:00,3145.0,3160.0,3130.0,3140.0,16763,0.0,0.0
2023-02-06 13:00:00+09:00,3140.0,3145.0,3125.0,3125.0,18647,0.0,0.0
2023-02-06 14:00:00+09:00,3140.0,3140.0,3115.0,3130.0,17314,0.0,0.0
2023-02-07 09:00:00+09:00,3135.0,3155.0,3105.0,3130.0,0,0.0,0.0
2023-02-07 10:00:00+09:00,3135.0,3145.0,3130.0,3135.0,21047,0.0,0.0
2023-02-07 11:00:00+09:00,3135.0,3155.0,3130.0,3150.0,35023,0.0,0.0
2023-02-07 12:00:00+09:00,3150.0,3190.0,3145.0,3165.0,33949,0.0,0.0
2023-02-07 13:00:00+09:00,3160.0,3160.0,3135.0,3140.0,31289,0.0,0.0
2023-02-07 14:00:00+09:00,3140.0,3170.0,3140.0,3165.0,28229,0.0,0.0
2023-02-08 09:00:00+09:00,3175.0,3200.0,3145.0,3200.0,74587,0.0,0.0
2023-02-08 10:00:00+09:00,3200.0,3295.0,3195.0,3200.0,495773,0.0,0.0
2023-02-08 11:00:00+09:00,3200.0,3250.0,3165.0,3215.0,92952,0.0,0.0
2023-02-08 12:00:00+09:00,3215.0,3225.0,3200.0,3220.0,29774,0.0,0.0
2023-02-08 13:00:00+09:00,3210.0,3265.0,3205.0,3240.0,133684,0.0,0.0
2023-02-08 14:00:00+09:00,3240.0,3280.0,3235.0,3255.0,174733,0.0,0.0
2023-02-09 09:00:00+09:00,3265.0,3280.0,3225.0,3230.0,0,0.0,0.0
2023-02-09 10:00:00+09:00,3230.0,3250.0,3225.0,3225.0,29701,0.0,0.0
2023-02-09 11:00:00+09:00,3230.0,3255.0,3230.0,3240.0,18725,0.0,0.0
2023-02-09 12:00:00+09:00,3240.0,3250.0,3230.0,3245.0,22328,0.0,0.0
2023-02-09 13:00:00+09:00,3245.0,3255.0,3235.0,3240.0,31562,0.0,0.0
2023-02-09 14:00:00+09:00,3235.0,3255.0,3230.0,3250.0,15867,0.0,0.0
2023-02-10 09:00:00+09:00,3235.0,3335.0,3215.0,3270.0,391725,0.0,0.0
2023-02-10 10:00:00+09:00,3265.0,3310.0,3250.0,3285.0,110089,0.0,0.0
2023-02-10 11:00:00+09:00,3285.0,3285.0,3265.0,3270.0,31098,0.0,0.0
2023-02-10 12:00:00+09:00,3270.0,3275.0,3250.0,3250.0,39064,0.0,0.0
2023-02-10 13:00:00+09:00,3250.0,3260.0,3240.0,3240.0,34881,0.0,0.0
2023-02-10 14:00:00+09:00,3240.0,3250.0,3215.0,3220.0,66652,0.0,0.0
2023-02-13 09:00:00+09:00,3145.0,3190.0,3105.0,3150.0,0,0.0,0.0
2023-02-13 10:00:00+09:00,3150.0,3150.0,3095.0,3115.0,40626,0.0,0.0
2023-02-13 11:00:00+09:00,3115.0,3195.0,3110.0,3165.0,33559,0.0,0.0
2023-02-13 12:00:00+09:00,3165.0,3165.0,3115.0,3140.0,19755,0.0,0.0
2023-02-13 13:00:00+09:00,3140.0,3145.0,3130.0,3140.0,6800,0.0,0.0
2023-02-13 14:00:00+09:00,3140.0,3150.0,3135.0,3145.0,12378,0.0,0.0
2023-02-14 09:00:00+09:00,3145.0,3240.0,3125.0,3190.0,0,0.0,0.0
2023-02-14 10:00:00+09:00,3190.0,3205.0,3155.0,3155.0,60121,0.0,0.0
2023-02-14 11:00:00+09:00,3155.0,3165.0,3140.0,3155.0,26443,0.0,0.0
2023-02-14 12:00:00+09:00,3155.0,3165.0,3150.0,3155.0,13989,0.0,0.0
2023-02-14 13:00:00+09:00,3150.0,3190.0,3150.0,3170.0,28166,0.0,0.0
2023-02-14 14:00:00+09:00,3170.0,3175.0,3125.0,3160.0,47487,0.0,0.0
2023-02-15 09:00:00+09:00,3165.0,3235.0,3105.0,3105.0,102149,0.0,0.0
2023-02-15 10:00:00+09:00,3105.0,3120.0,3080.0,3080.0,51102,0.0,0.0
2023-02-15 11:00:00+09:00,3080.0,3090.0,3050.0,3060.0,41425,0.0,0.0
2023-02-15 12:00:00+09:00,3060.0,3070.0,3020.0,3030.0,58271,0.0,0.0
2023-02-15 13:00:00+09:00,3030.0,3040.0,3010.0,3025.0,47045,0.0,0.0
2023-02-15 14:00:00+09:00,3025.0,3035.0,3010.0,3015.0,30714,0.0,0.0
2023-02-16 09:00:00+09:00,3075.0,3090.0,3030.0,3065.0,43616,0.0,0.0
2023-02-16 10:00:00+09:00,3065.0,3085.0,3060.0,3080.0,11978,0.0,0.0
2023-02-16 11:00:00+09:00,3085.0,3085.0,3070.0,3075.0,11295,0.0,0.0
2023-02-16 12:00:00+09:00,3075.0,3085.0,3070.0,3075.0,9321,0.0,0.0
2023-02-16 13:00:00+09:00,3075.0,3080.0,3060.0,3065.0,9870,0.0,0.0
2023-02-16 14:00:00+09:00,3060.0,3075.0,3050.0,3055.0,18560,0.0,0.0
2023-02-17 09:00:00+09:00,3085.0,3110.0,3050.0,3075.0,47728,0.0,0.0
2023-02-17 10:00:00+09:00,3075.0,3095.0,3045.0,3070.0,46324,0.0,0.0
2023-02-17 11:00:00+09:00,3070.0,3075.0,3055.0,3075.0,2053,0.0,0.0
2023-02-17 12:00:00+09:00,3070.0,3075.0,3055.0,3060.0,28581,0.0,0.0
2023-02-17 13:00:00+09:00,3065.0,3070.0,3060.0,3060.0,9147,0.0,0.0
2023-02-17 14:00:00+09:00,3060.0,3070.0,3045.0,3045.0,13838,0.0,0.0
2023-02-20 09:00:00+09:00,3030.0,3050.0,2890.0,3040.0,0,0.0,0.0
2023-02-20 10:00:00+09:00,3040.0,3065.0,3040.0,3060.0,15491,0.0,0.0
2023-02-20 11:00:00+09:00,3055.0,3070.0,3055.0,3060.0,14739,0.0,0.0
2023-02-20 12:00:00+09:00,3060.0,3070.0,3055.0,3065.0,12573,0.0,0.0
2023-02-20 13:00:00+09:00,3060.0,3065.0,3025.0,3050.0,19151,0.0,0.0
2023-02-20 14:00:00+09:00,3050.0,3055.0,3030.0,3055.0,7119,0.0,0.0
2023-02-21 09:00:00+09:00,3020.0,3070.0,3020.0,3050.0,0,0.0,0.0
2023-02-21 10:00:00+09:00,3045.0,3065.0,3030.0,3055.0,14638,0.0,0.0
2023-02-21 11:00:00+09:00,3065.0,3070.0,3055.0,3060.0,8483,0.0,0.0
2023-02-21 12:00:00+09:00,3060.0,3065.0,3045.0,3060.0,13365,0.0,0.0
2023-02-21 13:00:00+09:00,3060.0,3120.0,3060.0,3090.0,60245,0.0,0.0
2023-02-21 14:00:00+09:00,3075.0,3230.0,3075.0,3115.0,405975,0.0,0.0
2023-02-22 09:00:00+09:00,3040.0,3115.0,3040.0,3110.0,0,0.0,0.0
2023-02-22 10:00:00+09:00,3110.0,3125.0,3055.0,3075.0,39697,0.0,0.0
2023-02-22 11:00:00+09:00,3070.0,3075.0,3050.0,3070.0,11975,0.0,0.0
2023-02-22 12:00:00+09:00,3065.0,3080.0,3060.0,3075.0,8282,0.0,0.0
2023-02-22 13:00:00+09:00,3080.0,3095.0,3075.0,3075.0,20350,0.0,0.0
2023-02-22 14:00:00+09:00,3090.0,3090.0,3020.0,3060.0,65118,0.0,0.0
2023-02-23 09:00:00+09:00,3040.0,3340.0,3040.0,3255.0,2129635,0.0,0.0
2023-02-23 10:00:00+09:00,3255.0,3310.0,3240.0,3265.0,381298,0.0,0.0
2023-02-23 11:00:00+09:00,3265.0,3280.0,3250.0,3280.0,118840,0.0,0.0
2023-02-23 12:00:00+09:00,3280.0,3285.0,3220.0,3225.0,133428,0.0,0.0
2023-02-23 13:00:00+09:00,3225.0,3270.0,3210.0,3265.0,115921,0.0,0.0
2023-02-23 14:00:00+09:00,3265.0,3290.0,3260.0,3270.0,130160,0.0,0.0
2023-02-24 09:00:00+09:00,3270.0,3385.0,3270.0,3285.0,0,0.0,0.0
2023-02-24 10:00:00+09:00,3285.0,3290.0,3250.0,3270.0,127673,0.0,0.0
2023-02-24 11:00:00+09:00,3265.0,3395.0,3250.0,3325.0,779309,0.0,0.0
2023-02-24 12:00:00+09:00,3325.0,3325.0,3285.0,3300.0,111119,0.0,0.0
2023-02-24 13:00:00+09:00,3300.0,3315.0,3265.0,3305.0,90576,0.0,0.0
2023-02-24 14:00:00+09:00,3285.0,3330.0,3275.0,3285.0,119639,0.0,0.0
2023-02-27 09:00:00+09:00,3260.0,3330.0,3210.0,3315.0,0,0.0,0.0
2023-02-27 10:00:00+09:00,3315.0,3345.0,3295.0,3305.0,137146,0.0,0.0
2023-02-27 11:00:00+09:00,3305.0,3320.0,3295.0,3295.0,41484,0.0,0.0
2023-02-27 12:00:00+09:00,3295.0,3325.0,3295.0,3310.0,39958,0.0,0.0
2023-02-27 13:00:00+09:00,3310.0,3335.0,3285.0,3325.0,73225,0.0,0.0
2023-02-27 14:00:00+09:00,3325.0,3330.0,3305.0,3320.0,54005,0.0,0.0
2023-02-28 09:00:00+09:00,3375.0,3380.0,3330.0,3335.0,201439,0.0,0.0
2023-02-28 10:00:00+09:00,3335.0,3360.0,3330.0,3340.0,66698,0.0,0.0
2023-02-28 11:00:00+09:00,3340.0,3350.0,3315.0,3315.0,90458,0.0,0.0
2023-02-28 12:00:00+09:00,3315.0,3350.0,3315.0,3330.0,61397,0.0,0.0
2023-02-28 13:00:00+09:00,3330.0,3345.0,3325.0,3340.0,31807,0.0,0.0
2023-02-28 14:00:00+09:00,3340.0,3340.0,3315.0,3325.0,53598,0.0,0.0
2023-03-02 09:00:00+09:00,3305.0,3320.0,3265.0,3295.0,0,0.0,0.0
2023-03-02 10:00:00+09:00,3290.0,3295.0,3215.0,3260.0,86978,0.0,0.0
2023-03-02 11:00:00+09:00,3260.0,3330.0,3255.0,3325.0,101156,0.0,0.0
2023-03-02 12:00:00+09:00,3325.0,3325.0,3310.0,3320.0,28095,0.0,0.0
2023-03-02 13:00:00+09:00,3320.0,3335.0,3320.0,3330.0,46287,0.0,0.0
2023-03-02 14:00:00+09:00,3325.0,3355.0,3325.0,3330.0,94036,0.0,0.0
2023-03-03 09:00:00+09:00,3460.0,3460.0,3355.0,3380.0,61134,0.0,0.0
2023-03-03 10:00:00+09:00,3385.0,3390.0,3350.0,3365.0,96012,0.0,0.0
2023-03-03 11:00:00+09:00,3360.0,3365.0,3345.0,3355.0,75224,0.0,0.0
2023-03-03 12:00:00+09:00,3350.0,3360.0,3345.0,3345.0,34658,0.0,0.0
2023-03-03 13:00:00+09:00,3350.0,3355.0,3340.0,3345.0,62769,0.0,0.0
2023-03-03 14:00:00+09:00,3340.0,3350.0,3340.0,3340.0,61386,0.0,0.0
2023-03-06 09:00:00+09:00,3330.0,3340.0,3240.0,3290.0,0,0.0,0.0
2023-03-06 10:00:00+09:00,3290.0,3310.0,3275.0,3300.0,40920,0.0,0.0
2023-03-06 11:00:00+09:00,3305.0,3350.0,3305.0,3340.0,66429,0.0,0.0
2023-03-06 12:00:00+09:00,3340.0,3370.0,3320.0,3365.0,66347,0.0,0.0
2023-03-06 13:00:00+09:00,3365.0,3370.0,3335.0,3345.0,45341,0.0,0.0
2023-03-06 14:00:00+09:00,3350.0,3355.0,3340.0,3350.0,25482,0.0,0.0
2023-03-07 09:00:00+09:00,3440.0,3440.0,3310.0,3345.0,0,0.0,0.0
2023-03-07 10:00:00+09:00,3345.0,3355.0,3335.0,3345.0,43029,0.0,0.0
2023-03-07 11:00:00+09:00,3345.0,3360.0,3340.0,3350.0,25808,0.0,0.0
2023-03-07 12:00:00+09:00,3345.0,3355.0,3340.0,3345.0,26009,0.0,0.0
2023-03-07 13:00:00+09:00,3340.0,3350.0,3335.0,3345.0,27920,0.0,0.0
2023-03-07 14:00:00+09:00,3345.0,3350.0,3340.0,3340.0,32864,0.0,0.0
2023-03-08 09:00:00+09:00,3300.0,3340.0,3270.0,3340.0,0,0.0,0.0
2023-03-08 10:00:00+09:00,3340.0,3390.0,3330.0,3365.0,146844,0.0,0.0
2023-03-08 11:00:00+09:00,3355.0,3365.0,3340.0,3350.0,75231,0.0,0.0
2023-03-08 12:00:00+09:00,3350.0,3350.0,3320.0,3340.0,34038,0.0,0.0
2023-03-08 13:00:00+09:00,3340.0,3365.0,3330.0,3350.0,51063,0.0,0.0
2023-03-08 14:00:00+09:00,3350.0,3355.0,3320.0,3330.0,32599,0.0,0.0
2023-03-09 09:00:00+09:00,3310.0,3345.0,3220.0,3235.0,0,0.0,0.0
2023-03-09 10:00:00+09:00,3235.0,3270.0,3205.0,3230.0,107565,0.0,0.0
2023-03-09 11:00:00+09:00,3240.0,3255.0,3230.0,3255.0,29914,0.0,0.0
2023-03-09 12:00:00+09:00,3255.0,3290.0,3230.0,3280.0,37506,0.0,0.0
2023-03-09 13:00:00+09:00,3280.0,3300.0,3250.0,3255.0,34282,0.0,0.0
2023-03-09 14:00:00+09:00,3255.0,3260.0,3240.0,3260.0,15618,0.0,0.0
2023-03-10 09:00:00+09:00,3220.0,3260.0,3205.0,3225.0,0,0.0,0.0
2023-03-10 10:00:00+09:00,3225.0,3295.0,3210.0,3275.0,98649,0.0,0.0
2023-03-10 11:00:00+09:00,3285.0,3295.0,3260.0,3280.0,27642,0.0,0.0
2023-03-10 12:00:00+09:00,3280.0,3325.0,3265.0,3300.0,72507,0.0,0.0
2023-03-10 13:00:00+09:00,3285.0,3315.0,3270.0,3275.0,26014,0.0,0.0
2023-03-10 14:00:00+09:00,3270.0,3280.0,3235.0,3245.0,54214,0.0,0.0
2023-03-13 09:00:00+09:00,3195.0,3240.0,3080.0,3115.0,0,0.0,0.0
2023-03-13 10:00:00+09:00,3110.0,3140.0,3095.0,3120.0,31393,0.0,0.0
2023-03-13 11:00:00+09:00,3125.0,3160.0,3115.0,3155.0,20431,0.0,0.0
2023-03-13 12:00:00+09:00,3155.0,3180.0,3145.0,3175.0,31466,0.0,0.0
2023-03-13 13:00:00+09:00,3175.0,3200.0,3160.0,3185.0,27282,0.0,0.0
2023-03-13 14:00:00+09:00,3185.0,3200.0,3165.0,3190.0,24538,0.0,0.0
2023-03-14 09:00:00+09:00,3130.0,3170.0,3020.0,3025.0,180776,0.0,0.0
2023-03-14 10:00:00+09:00,3025.0,3075.0,3015.0,3045.0,49454,0.0,0.0
2023-03-14 11:00:00+09:00,3045.0,3060.0,3030.0,3045.0,19486,0.0,0.0
2023-03-14 12:00:00+09:00,3045.0,3045.0,3020.0,3030.0,17539,0.0,0.0
2023-03-14 13:00:00+09:00,3025.0,3040.0,3005.0,3010.0,22110,0.0,0.0
2023-03-14 14:00:00+09:00,3010.0,3030.0,2985.0,3000.0,51907,0.0,0.0
2023-03-15 09:00:00+09:00,3050.0,3110.0,3040.0,3100.0,45267,0.0,0.0
2023-03-15 10:00:00+09:00,3100.0,3115.0,3085.0,3090.0,28060,0.0,0.0
2023-03-15 11:00:00+09:00,3090.0,3125.0,3085.0,3120.0,36011,0.0,0.0
2023-03-15 12:00:00+09:00,3120.0,3140.0,3105.0,3110.0,12967,0.0,0.0
2023-03-15 13:00:00+09:00,3110.0,3135.0,3105.0,3135.0,24616,0.0,0.0
2023-03-15 14:00:00+09:00,3135.0,3135.0,3065.0,3105.0,33960,0.0,0.0
2023-03-16 09:00:00+09:00,3045.0,3080.0,2950.0,3050.0,0,0.0,0.0
2023-03-16 10:00:00+09:00,3045.0,3105.0,3010.0,3090.0,36878,0.0,0.0
2023-03-16 11:00:00+09:00,3095.0,3100.0,3085.0,3095.0,10124,0.0,0.0
2023-03-16 12:00:00+09:00,3095.0,3095.0,3055.0,3070.0,13999,0.0,0.0
2023-03-16 13:00:00+09:00,3070.0,3070.0,3010.0,3040.0,24360,0.0,0.0
2023-03-16 14:00:00+09:00,3040.0,3045.0,3000.0,3025.0,51798,0.0,0.0
2023-03-17 09:00:00+09:00,3035.0,3145.0,3035.0,3145.0,100313,0.0,0.0
2023-03-17 10:00:00+09:00,3140.0,3155.0,3120.0,3150.0,42173,0.0,0.0
2023-03-17 11:00:00+09:00,3150.0,3165.0,3140.0,3150.0,26379,0.0,0.0
2023-03-17 12:00:00+09:00,3150.0,3155.0,3130.0,3140.0,20364,0.0,0.0
2023-03-17 13:00:00+09:00,3140.0,3160.0,3135.0,3155.0,29044,0.0,0.0
2023-03-17 14:00:00+09:00,3155.0,3155.0,3135.0,3145.0,17692,0.0,0.0
2023-03-20 09:00:00+09:00,3200.0,3210.0,3100.0,3170.0,0,0.0,0.0
2023-03-20 10:00:00+09:00,3180.0,3200.0,3170.0,3190.0,16713,0.0,0.0
2023-03-20 11:00:00+09:00,3195.0,3210.0,3175.0,3195.0,15285,0.0,0.0
2023-03-20 12:00:00+09:00,3195.0,3195.0,3160.0,3185.0,18563,0.0,0.0
2023-03-20 13:00:00+09:00,3180.0,3190.0,3175.0,3175.0,13124,0.0,0.0
2023-03-20 14:00:00+09:00,3175.0,3180.0,3165.0,3165.0,12260,0.0,0.0
2023-03-21 09:00:00+09:00,3165.0,3205.0,3165.0,3185.0,41360,0.0,0.0
2023-03-21 10:00:00+09:00,3185.0,3185.0,3125.0,3160.0,34357,0.0,0.0
2023-03-21 11:00:00+09:00,3160.0,3175.0,3145.0,3145.0,16730,0.0,0.0
2023-03-21 12:00:00+09:00,3145.0,3220.0,3140.0,3215.0,69055,0.0,0.0
2023-03-21 13:00:00+09:00,3210.0,3215.0,3170.0,3170.0,60704,0.0,0.0
2023-03-21 14:00:00+09:00,3185.0,3190.0,3165.0,3180.0,27029,0.0,0.0
2023-03-22 09:00:00+09:00,3275.0,3325.0,3245.0,3265.0,155571,0.0,0.0
2023-03-22 10:00:00+09:00,3265.0,3275.0,3250.0,3265.0,61629,0.0,0.0
2023-03-22 11:00:00+09:00,3260.0,3265.0,3235.0,3240.0,43901,0.0,0.0
2023-03-22 12:00:00+09:00,3240.0,3250.0,3220.0,3220.0,47648,0.0,0.0
2023-03-22 13:00:00+09:00,3225.0,3325.0,3220.0,3300.0,174756,0.0,0.0
2023-03-22 14:00:00+09:00,3295.0,3310.0,3275.0,3300.0,95741,0.0,0.0
2023-03-23 09:00:00+09:00,3310.0,3610.0,3295.0,3585.0,3551070,0.0,0.0
2023-03-23 10:00:00+09:00,3585.0,3630.0,3470.0,3525.0,2850151,0.0,0.0
2023-03-23 11:00:00+09:00,3535.0,3555.0,3470.0,3550.0,841012,0.0,0.0
2023-03-23 12:00:00+09:00,3545.0,3600.0,3525.0,3570.0,964030,0.0,0.0
2023-03-23 13:00:00+09:00,3565.0,3590.0,3435.0,3445.0,1045578,0.0,0.0
2023-03-23 14:00:00+09:00,3450.0,3480.0,3405.0,3430.0,582813,0.0,0.0
2023-03-24 09:00:00+09:00,3450.0,3455.0,3350.0,3360.0,0,0.0,0.0
2023-03-24 10:00:00+09:00,3355.0,3360.0,3315.0,3340.0,136838,0.0,0.0
2023-03-24 11:00:00+09:00,3345.0,3385.0,3340.0,3365.0,61977,0.0,0.0
2023-03-24 12:00:00+09:00,3365.0,3365.0,3330.0,3355.0,68368,0.0,0.0
2023-03-24 13:00:00+09:00,3355.0,3355.0,3320.0,3350.0,91284,0.0,0.0
2023-03-24 14:00:00+09:00,3355.0,3370.0,3345.0,3345.0,72882,0.0,0.0
2023-03-27 09:00:00+09:00,3380.0,3380.0,3255.0,3270.0,0,0.0,0.0
2023-03-27 10:00:00+09:00,3270.0,3290.0,3245.0,3245.0,97753,0.0,0.0
2023-03-27 11:00:00+09:00,3260.0,3285.0,3245.0,3275.0,34883,0.0,0.0
2023-03-27 12:00:00+09:00,3275.0,3310.0,3260.0,3290.0,36085,0.0,0.0
2023-03-27 13:00:00+09:00,3290.0,3310.0,3290.0,3300.0,26981,0.0,0.0
2023-03-27 14:00:00+09:00,3300.0,3335.0,3290.0,3325.0,63170,0.0,0.0
2023-03-28 09:00:00+09:00,3360.0,3430.0,3330.0,3410.0,312510,0.0,0.0
2023-03-28 10:00:00+09:00,3415.0,3430.0,3375.0,3395.0,145349,0.0,0.0
2023-03-28 11:00:00+09:00,3395.0,3410.0,3375.0,3385.0,51200,0.0,0.0
2023-03-28 12:00:00+09:00,3385.0,3405.0,3380.0,3395.0,32313,0.0,0.0
2023-03-28 13:00:00+09:00,3395.0,3395.0,3350.0,3355.0,63195,0.0,0.0
2023-03-28 14:00:00+09:00,3365.0,3380.0,3320.0,3365.0,120402,0.0,0.0
2023-03-29 09:00:00+09:00,3345.0,3400.0,3345.0,3380.0,160001,0.0,0.0
2023-03-29 10:00:00+09:00,3380.0,3415.0,3350.0,3390.0,81429,0.0,0.0
2023-03-29 11:00:00+09:00,3390.0,3390.0,3340.0,3370.0,82408,0.0,0.0
2023-03-29 12:00:00+09:00,3370.0,3380.0,3350.0,3370.0,35564,0.0,0.0
2023-03-29 13:00:00+09:00,3375.0,3405.0,3370.0,3395.0,57853,0.0,0.0
2023-03-29 14:00:00+09:00,3395.0,3405.0,3380.0,3390.0,39651,0.0,0.0
2023-03-30 09:00:00+09:00,3430.0,3430.0,3300.0,3325.0,291772,0.0,0.0
2023-03-30 10:00:00+09:00,3330.0,3360.0,3305.0,3315.0,130836,0.0,0.0
2023-03-30 11:00:00+09:00,3315.0,3335.0,3300.0,3315.0,87399,0.0,0.0
2023-03-30 12:00:00+09:00,3315.0,3355.0,3305.0,3350.0,81045,0.0,0.0
2023-03-30 13:00:00+09:00,3350.0,3365.0,3325.0,3345.0,73418,0.0,0.0
2023-03-30 14:00:00+09:00,3345.0,3365.0,3335.0,3365.0,42737,0.0,0.0
2023-03-31 09:00:00+09:00,3480.0,3480.0,3380.0,3390.0,571861,0.0,0.0
2023-03-31 10:00:00+09:00,3395.0,3400.0,3370.0,3385.0,83754,0.0,0.0
2023-03-31 11:00:00+09:00,3390.0,3395.0,3365.0,3375.0,69042,0.0,0.0
2023-03-31 12:00:00+09:00,3370.0,3410.0,3370.0,3385.0,78216,0.0,0.0
2023-03-31 13:00:00+09:00,3390.0,3425.0,3375.0,3375.0,108313,0.0,0.0
2023-03-31 14:00:00+09:00,3375.0,3385.0,3365.0,3380.0,70918,0.0,0.0
2023-04-03 09:00:00+09:00,3390.0,3410.0,3330.0,3360.0,0,0.0,0.0
2023-04-03 10:00:00+09:00,3360.0,3360.0,3330.0,3350.0,37372,0.0,0.0
2023-04-03 11:00:00+09:00,3350.0,3360.0,3335.0,3345.0,19105,0.0,0.0
2023-04-03 12:00:00+09:00,3345.0,3370.0,3345.0,3355.0,36863,0.0,0.0
2023-04-03 13:00:00+09:00,3360.0,3360.0,3345.0,3345.0,33969,0.0,0.0
2023-04-03 14:00:00+09:00,3350.0,3370.0,3345.0,3365.0,55035,0.0,0.0
2023-04-04 09:00:00+09:00,3350.0,3425.0,3350.0,3410.0,204217,0.0,0.0
2023-04-04 10:00:00+09:00,3410.0,3410.0,3370.0,3370.0,41026,0.0,0.0
2023-04-04 11:00:00+09:00,3370.0,3380.0,3350.0,3360.0,35418,0.0,0.0
2023-04-04 12:00:00+09:00,3355.0,3370.0,3345.0,3355.0,45659,0.0,0.0
2023-04-04 13:00:00+09:00,3355.0,3390.0,3350.0,3385.0,46239,0.0,0.0
2023-04-04 14:00:00+09:00,3385.0,3385.0,3345.0,3355.0,39066,0.0,0.0
2023-04-05 09:00:00+09:00,3330.0,3340.0,3285.0,3300.0,0,0.0,0.0
2023-04-05 10:00:00+09:00,3300.0,3345.0,3295.0,3320.0,61931,0.0,0.0
2023-04-05 11:00:00+09:00,3320.0,3325.0,3290.0,3320.0,33520,0.0,0.0
2023-04-05 12:00:00+09:00,3320.0,3320.0,3300.0,3310.0,24671,0.0,0.0
2023-04-05 13:00:00+09:00,3310.0,3315.0,3295.0,3295.0,33460,0.0,0.0
2023-04-05 14:00:00+09:00,3295.0,3315.0,3290.0,3295.0,84471,0.0,0.0
2023-04-06 09:00:00+09:00,3395.0,3430.0,3350.0,3365.0,2634,0.0,0.0
2023-04-06 10:00:00+09:00,3365.0,3365.0,3325.0,3355.0,66051,0.0,0.0
2023-04-06 11:00:00+09:00,3350.0,3350.0,3330.0,3335.0,30892,0.0,0.0
2023-04-06 12:00:00+09:00,3335.0,3345.0,3315.0,3315.0,37723,0.0,0.0
2023-04-06 13:00:00+09:00,3320.0,3325.0,3290.0,3290.0,101377,0.0,0.0
2023-04-06 14:00:00+09:00,3290.0,3320.0,3270.0,3300.0,69474,0.0,0.0
2023-04-07 09:00:00+09:00,3315.0,3365.0,3310.0,3360.0,125613,0.0,0.0
2023-04-07 10:00:00+09:00,3360.0,3415.0,3350.0,3400.0,224778,0.0,0.0
2023-04-07 11:00:00+09:00,3395.0,3400.0,3370.0,3380.0,34912,0.0,0.0
2023-04-07 12:00:00+09:00,3375.0,3385.0,3365.0,3375.0,20562,0.0,0.0
2023-04-07 13:00:00+09:00,3370.0,3375.0,3350.0,3350.0,35631,0.0,0.0
2023-04-07 14:00:00+09:00,3355.0,3415.0,3350.0,3410.0,82535,0.0,0.0
2023-04-10 09:00:00+09:00,3420.0,3420.0,3350.0,3375.0,0,0.0,0.0
2023-04-10 10:00:00+09:00,3370.0,3410.0,3350.0,3365.0,200291,0.0,0.0
2023-04-10 11:00:00+09:00,3365.0,3375.0,3320.0,3340.0,89781,0.0,0.0
2023-04-10 12:00:00+09:00,3345.0,3350.0,3275.0,3300.0,126342,0.0,0.0
2023-04-10 13:00:00+09:00,3300.0,3305.0,3195.0,3225.0,270046,0.0,0.0
2023-04-10 14:00:00+09:00,3220.0,3260.0,3205.0,3245.0,100408,0.0,0.0
2023-04-11 09:00:00+09:00,3200.0,3220.0,3120.0,3130.0,217977,0.0,0.0
2023-04-11 10:00:00+09:00,3150.0,3215.0,3135.0,3215.0,82942,0.0,0.0
2023-04-11 11:00:00+09:00,3215.0,3235.0,3215.0,3215.0,43282,0.0,0.0
2023-04-11 12:00:00+09:00,3225.0,3255.0,3200.0,3245.0,71156,0.0,0.0
2023-04-11 13:00:00+09:00,3245.0,3260.0,3230.0,3250.0,50720,0.0,0.0
2023-04-11 14:00:00+09:00,3250.0,3275.0,3240.0,3255.0,57751,0.0,0.0
2023-04-12 09:00:00+09:00,3300.0,3520.0,3300.0,3495.0,1113225,0.0,0.0
2023-04-12 10:00:00+09:00,3495.0,3530.0,3440.0,3480.0,641700,0.0,0.0
2023-04-12 11:00:00+09:00,3475.0,3500.0,3455.0,3485.0,170046,0.0,0.0
2023-04-12 12:00:00+09:00,3485.0,3505.0,3470.0,3500.0,165911,0.0,0.0
2023-04-12 13:00:00+09:00,3505.0,3515.0,3450.0,3465.0,158042,0.0,0.0
2023-04-12 14:00:00+09:00,3465.0,3475.0,3440.0,3460.0,136681,0.0,0.0
2023-04-13 09:00:00+09:00,3465.0,3465.0,3365.0,3435.0,349552,0.0,0.0
2023-04-13 10:00:00+09:00,3430.0,3460.0,3420.0,3455.0,133538,0.0,0.0
2023-04-13 11:00:00+09:00,3455.0,3465.0,3435.0,3450.0,68998,0.0,0.0
2023-04-13 12:00:00+09:00,3445.0,3460.0,3440.0,3445.0,62848,0.0,0.0
2023-04-13 13:00:00+09:00,3445.0,3495.0,3440.0,3475.0,132551,0.0,0.0
2023-04-13 14:00:00+09:00,3475.0,3530.0,3450.0,3490.0,297674,0.0,0.0
2023-04-14 09:00:00+09:00,3520.0,3530.0,3410.0,3415.0,301473,0.0,0.0
2023-04-14 10:00:00+09:00,3415.0,3440.0,3410.0,3425.0,82174,0.0,0.0
2023-04-14 11:00:00+09:00,3425.0,3445.0,3420.0,3430.0,42583,0.0,0.0
2023-04-14 12:00:00+09:00,3425.0,3445.0,3415.0,3420.0,88221,0.0,0.0
2023-04-14 13:00:00+09:00,3425.0,3440.0,3420.0,3430.0,64423,0.0,0.0
2023-04-14 14:00:00+09:00,3430.0,3490.0,3430.0,3445.0,141444,0.0,0.0
2023-04-17 09:00:00+09:00,3530.0,3585.0,3430.0,3435.0,81767,0.0,0.0
2023-04-17 10:00:00+09:00,3435.0,3445.0,3420.0,3425.0,85081,0.0,0.0
2023-04-17 11:00:00+09:00,3425.0,3440.0,3410.0,3435.0,56320,0.0,0.0
2023-04-17 12:00:00+09:00,3440.0,3445.0,3415.0,3425.0,28128,0.0,0.0
2023-04-17 13:00:00+09:00,3425.0,3430.0,3400.0,3420.0,59219,0.0,0.0
2023-04-17 14:00:00+09:00,3415.0,3420.0,3400.0,3410.0,70747,0.0,0.0
2023-04-18 09:00:00+09:00,3380.0,3410.0,3305.0,3305.0,209535,0.0,0.0
2023-04-18 10:00:00+09:00,3315.0,3340.0,3300.0,3325.0,35593,0.0,0.0
2023-04-18 11:00:00+09:00,3335.0,3390.0,3310.0,3380.0,80990,0.0,0.0
2023-04-18 12:00:00+09:00,3380.0,3400.0,3370.0,3390.0,40173,0.0,0.0
2023-04-18 13:00:00+09:00,3390.0,3390.0,3360.0,3370.0,37800,0.0,0.0
2023-04-18 14:00:00+09:00,3370.0,3375.0,3345.0,3365.0,39597,0.0,0.0
2023-04-19 09:00:00+09:00,3385.0,3395.0,3320.0,3345.0,0,0.0,0.0
2023-04-19 10:00:00+09:00,3360.0,3405.0,3350.0,3385.0,69571,0.0,0.0
2023-04-19 11:00:00+09:00,3385.0,3385.0,3350.0,3350.0,25720,0.0,0.0
2023-04-19 12:00:00+09:00,3350.0,3370.0,3350.0,3360.0,25982,0.0,0.0
2023-04-19 13:00:00+09:00,3365.0,3370.0,3355.0,3365.0,14740,0.0,0.0
2023-04-19 14:00:00+09:00,3365.0,3375.0,3330.0,3340.0,49094,0.0,0.0
2023-04-20 09:00:00+09:00,3340.0,3345.0,3270.0,3305.0,0,0.0,0.0
2023-04-20 10:00:00+09:00,3305.0,3305.0,3260.0,3260.0,68865,0.0,0.0
2023-04-20 11:00:00+09:00,3260.0,3295.0,3250.0,3265.0,66076,0.0,0.0
2023-04-20 12:00:00+09:00,3270.0,3280.0,3245.0,3250.0,47488,0.0,0.0
2023-04-20 13:00:00+09:00,3250.0,3270.0,3245.0,3265.0,27622,0.0,0.0
2023-04-20 14:00:00+09:00,3260.0,3265.0,3240.0,3245.0,118557,0.0,0.0
2023-04-21 09:00:00+09:00,3240.0,3295.0,3180.0,3235.0,306602,0.0,0.0
2023-04-21 10:00:00+09:00,3230.0,3260.0,3195.0,3225.0,204865,0.0,0.0
2023-04-21 11:00:00+09:00,3230.0,3260.0,3215.0,3245.0,31967,0.0,0.0
2023-04-21 12:00:00+09:00,3250.0,3255.0,3220.0,3225.0,20650,0.0,0.0
2023-04-21 13:00:00+09:00,3230.0,3240.0,3205.0,3210.0,16245,0.0,0.0
2023-04-21 14:00:00+09:00,3210.0,3215.0,3165.0,3170.0,90040,0.0,0.0
2023-04-24 09:00:00+09:00,3160.0,3175.0,3090.0,3105.0,0,0.0,0.0
2023-04-24 10:00:00+09:00,3110.0,3125.0,3065.0,3075.0,67109,0.0,0.0
2023-04-24 11:00:00+09:00,3075.0,3115.0,3065.0,3100.0,52595,0.0,0.0
2023-04-24 12:00:00+09:00,3100.0,3120.0,3095.0,3100.0,17533,0.0,0.0
2023-04-24 13:00:00+09:00,3100.0,3135.0,3100.0,3120.0,24091,0.0,0.0
2023-04-24 14:00:00+09:00,3115.0,3125.0,3075.0,3100.0,103285,0.0,0.0
2023-04-25 09:00:00+09:00,3075.0,3110.0,3055.0,3080.0,53225,0.0,0.0
2023-04-25 10:00:00+09:00,3085.0,3100.0,3030.0,3040.0,31459,0.0,0.0
2023-04-25 11:00:00+09:00,3040.0,3050.0,3000.0,3015.0,36633,0.0,0.0
2023-04-25 12:00:00+09:00,3015.0,3020.0,2990.0,3000.0,40170,0.0,0.0
2023-04-25 13:00:00+09:00,3000.0,3005.0,2980.0,2995.0,41262,0.0,0.0
2023-04-25 14:00:00+09:00,2995.0,3010.0,2995.0,3010.0,31741,0.0,0.0
2023-04-26 09:00:00+09:00,3070.0,3175.0,3045.0,3135.0,164132,0.0,0.0
2023-04-26 10:00:00+09:00,3135.0,3145.0,3110.0,3145.0,43358,0.0,0.0
2023-04-26 11:00:00+09:00,3135.0,3145.0,3095.0,3100.0,36023,0.0,0.0
2023-04-26 12:00:00+09:00,3100.0,3100.0,3080.0,3100.0,17092,0.0,0.0
2023-04-26 13:00:00+09:00,3100.0,3115.0,3085.0,3085.0,22155,0.0,0.0
2023-04-26 14:00:00+09:00,3080.0,3105.0,3070.0,3095.0,19482,0.0,0.0
2023-04-27 09:00:00+09:00,3090.0,3090.0,3000.0,3025.0,44719,0.0,0.0
2023-04-27 10:00:00+09:00,3025.0,3040.0,3000.0,3030.0,18880,0.0,0.0
2023-04-27 11:00:00+09:00,3025.0,3040.0,3015.0,3020.0,21122,0.0,0.0
2023-04-27 12:00:00+09:00,3020.0,3040.0,3015.0,3030.0,15518,0.0,0.0
2023-04-27 13:00:00+09:00,3040.0,3045.0,3020.0,3045.0,6933,0.0,0.0
2023-04-27 14:00:00+09:00,3045.0,3065.0,3040.0,3050.0,17350,0.0,0.0
2023-04-28 09:00:00+09:00,3070.0,3090.0,3050.0,3070.0,37827,0.0,0.0
2023-04-28 10:00:00+09:00,3070.0,3080.0,3045.0,3050.0,15559,0.0,0.0
2023-04-28 11:00:00+09:00,3050.0,3070.0,3040.0,3050.0,30245,0.0,0.0
2023-04-28 12:00:00+09:00,3050.0,3050.0,3005.0,3020.0,31802,0.0,0.0
2023-04-28 13:00:00+09:00,3020.0,3030.0,3005.0,3005.0,17245,0.0,0.0
2023-04-28 14:00:00+09:00,3010.0,3050.0,3000.0,3025.0,33025,0.0,0.0
2023-05-02 09:00:00+09:00,3050.0,3065.0,3020.0,3045.0,0,0.0,0.0
2023-05-02 10:00:00+09:00,3065.0,3075.0,3055.0,3060.0,22995,0.0,0.0
2023-05-02 11:00:00+09:00,3060.0,3065.0,3050.0,3060.0,10622,0.0,0.0
2023-05-02 12:00:00+09:00,3060.0,3070.0,3055.0,3065.0,14320,0.0,0.0
2023-05-02 13:00:00+09:00,3065.0,3065.0,3050.0,3060.0,16576,0.0,0.0
2023-05-02 14:00:00+09:00,3060.0,3075.0,3050.0,3070.0,23974,0.0,0.0
2023-05-03 09:00:00+09:00,3060.0,3060.0,3020.0,3060.0,23527,0.0,0.0
2023-05-03 10:00:00+09:00,3060.0,3065.0,3050.0,3060.0,23563,0.0,0.0
2023-05-03 11:00:00+09:00,3060.0,3070.0,3050.0,3055.0,7000,0.0,0.0
2023-05-03 12:00:00+09:00,3060.0,3080.0,3060.0,3080.0,16721,0.0,0.0
2023-05-03 13:00:00+09:00,3080.0,3090.0,3060.0,3060.0,29803,0.0,0.0
2023-05-03 14:00:00+09:00,3060.0,3065.0,3035.0,3040.0,18086,0.0,0.0
2023-05-04 09:00:00+09:00,3035.0,3060.0,3010.0,3045.0,0,0.0,0.0
2023-05-04 10:00:00+09:00,3040.0,3040.0,3020.0,3020.0,26471,0.0,0.0
2023-05-04 11:00:00+09:00,3020.0,3035.0,3020.0,3030.0,8127,0.0,0.0
2023-05-04 12:00:00+09:00,3035.0,3040.0,3025.0,3030.0,11278,0.0,0.0
2023-05-04 13:00:00+09:00,3030.0,3040.0,3030.0,3035.0,13917,0.0,0.0
2023-05-04 14:00:00+09:00,3035.0,3060.0,3030.0,3060.0,14539,0.0,0.0
2023-05-08 09:00:00+09:00,3140.0,3185.0,3100.0,3105.0,3771,0.0,0.0
2023-05-08 10:00:00+09:00,3110.0,3155.0,3110.0,3145.0,74374,0.0,0.0
2023-05-08 11:00:00+09:00,3150.0,3150.0,3120.0,3130.0,10937,0.0,0.0
2023-05-08 12:00:00+09:00,3135.0,3135.0,3100.0,3105.0,26565,0.0,0.0
2023-05-08 13:00:00+09:00,3110.0,3165.0,3110.0,3145.0,59578,0.0,0.0
2023-05-08 14:00:00+09:00,3140.0,3145.0,3115.0,3145.0,13523,0.0,0.0
2023-05-09 09:00:00+09:00,3205.0,3245.0,3160.0,3195.0,191193,0.0,0.0
2023-05-09 10:00:00+09:00,3195.0,3205.0,3175.0,3205.0,29035,0.0,0.0
2023-05-09 11:00:00+09:00,3210.0,3210.0,3180.0,3185.0,16779,0.0,0.0
2023-05-09 12:00:00+09:00,3190.0,3190.0,3165.0,3175.0,23889,0.0,0.0
2023-05-09 13:00:00+09:00,3180.0,3500.0,3180.0,3475.0,2194580,0.0,0.0
2023-05-09 14:00:00+09:00,3480.0,3485.0,3200.0,3270.0,1509302,0.0,0.0
2023-05-10 09:00:00+09:00,3270.0,3350.0,3260.0,3320.0,435327,0.0,0.0
2023-05-10 10:00:00+09:00,3320.0,3405.0,3305.0,3335.0,427612,0.0,0.0
2023-05-10 11:00:00+09:00,3335.0,3340.0,3305.0,3325.0,54434,0.0,0.0
2023-05-10 12:00:00+09:00,3330.0,3360.0,3325.0,3340.0,37495,0.0,0.0
2023-05-10 13:00:00+09:00,3340.0,3340.0,3305.0,3310.0,64083,0.0,0.0
2023-05-10 14:00:00+09:00,3310.0,3335.0,3285.0,3285.0,135414,0.0,0.0
2023-05-11 09:00:00+09:00,3350.0,3350.0,3270.0,3310.0,0,0.0,0.0
2023-05-11 10:00:00+09:00,3310.0,3320.0,3280.0,3285.0,88701,0.0,0.0
2023-05-11 11:00:00+09:00,3285.0,3315.0,3285.0,3305.0,26792,0.0,0.0
2023-05-11 12:00:00+09:00,3305.0,3320.0,3295.0,3305.0,24886,0.0,0.0
2023-05-11 13:00:00+09:00,3295.0,3305.0,3285.0,3300.0,45503,0.0,0.0
2023-05-11 14:00:00+09:00,3300.0,3325.0,3275.0,3280.0,125257,0.0,0.0
2023-05-12 09:00:00+09:00,3360.0,3375.0,3305.0,3335.0,335912,0.0,0.0
2023-05-12 10:00:00+09:00,3335.0,3335.0,3305.0,3320.0,61151,0.0,0.0
2023-05-12 11:00:00+09:00,3320.0,3320.0,3265.0,3265.0,51317,0.0,0.0
2023-05-12 12:00:00+09:00,3270.0,3280.0,3240.0,3240.0,68022,0.0,0.0
2023-05-12 13:00:00+09:00,3240.0,3325.0,3240.0,3275.0,70387,0.0,0.0
2023-05-12 14:00:00+09:00,3275.0,3300.0,3250.0,3260.0,39037,0.0,0.0
2023-05-15 09:00:00+09:00,3285.0,3300.0,3215.0,3235.0,0,0.0,0.0
2023-05-15 10:00:00+09:00,3235.0,3250.0,3215.0,3245.0,74720,0.0,0.0
2023-05-15 11:00:00+09:00,3240.0,3240.0,3210.0,3220.0,36892,0.0,0.0
2023-05-15 12:00:00+09:00,3215.0,3225.0,3205.0,3215.0,28234,0.0,0.0
2023-05-15 13:00:00+09:00,3215.0,3220.0,3175.0,3175.0,44239,0.0,0.0
2023-05-15 14:00:00+09:00,3175.0,3205.0,3170.0,3190.0,29874,0.0,0.0
2023-05-16 09:00:00+09:00,3140.0,3200.0,3110.0,3115.0,0,0.0,0.0
2023-05-16 10:00:00+09:00,3120.0,3120.0,3090.0,3110.0,40722,0.0,0.0
2023-05-16 11:00:00+09:00,3110.0,3115.0,3080.0,3095.0,43010,0.0,0.0
2023-05-16 12:00:00+09:00,3090.0,3105.0,3070.0,3075.0,32133,0.0,0.0
2023-05-16 13:00:00+09:00,3075.0,3085.0,3055.0,3070.0,36098,0.0,0.0
2023-05-16 14:00:00+09:00,3075.0,3085.0,3060.0,3060.0,38462,0.0,0.0
2023-05-17 09:00:00+09:00,3055.0,3135.0,3045.0,3120.0,43479,0.0,0.0
2023-05-17 10:00:00+09:00,3110.0,3120.0,3090.0,3095.0,21955,0.0,0.0
2023-05-17 11:00:00+09:00,3095.0,3115.0,3095.0,3110.0,13325,0.0,0.0
2023-05-17 12:00:00+09:00,3105.0,3130.0,3105.0,3125.0,33973,0.0,0.0
2023-05-17 13:00:00+09:00,3125.0,3145.0,3120.0,3130.0,22757,0.0,0.0
2023-05-17 14:00:00+09:00,3125.0,3130.0,3120.0,3125.0,19883,0.0,0.0
2023-05-18 09:00:00+09:00,3150.0,3190.0,3130.0,3175.0,85372,0.0,0.0
2023-05-18 10:00:00+09:00,3175.0,3190.0,3165.0,3175.0,32436,0.0,0.0
2023-05-18 11:00:00+09:00,3180.0,3215.0,3180.0,3195.0,42944,0.0,0.0
2023-05-18 12:00:00+09:00,3195.0,3220.0,3195.0,3205.0,21547,0.0,0.0
2023-05-18 13:00:00+09:00,3205.0,3215.0,3170.0,3210.0,22451,0.0,0.0
2023-05-18 14:00:00+09:00,3205.0,3205.0,3170.0,3190.0,19260,0.0,0.0
2023-05-19 09:00:00+09:00,3285.0,3300.0,3245.0,3255.0,0,0.0,0.0
2023-05-19 10:00:00+09:00,3255.0,3300.0,3250.0,3285.0,84649,0.0,0.0
2023-05-19 11:00:00+09:00,3285.0,3285.0,3235.0,3240.0,27344,0.0,0.0
2023-05-19 12:00:00+09:00,3250.0,3250.0,3215.0,3230.0,51198,0.0,0.0
2023-05-19 13:00:00+09:00,3220.0,3230.0,3220.0,3225.0,6981,0.0,0.0
2023-05-19 14:00:00+09:00,3225.0,3245.0,3220.0,3235.0,21401,0.0,0.0
2023-05-22 09:00:00+09:00,3265.0,3305.0,3250.0,3270.0,0,0.0,0.0
2023-05-22 10:00:00+09:00,3270.0,3280.0,3255.0,3255.0,12237,0.0,0.0
2023-05-22 11:00:00+09:00,3255.0,3270.0,3245.0,3265.0,7819,0.0,0.0
2023-05-22 12:00:00+09:00,3265.0,3270.0,3260.0,3270.0,10764,0.0,0.0
2023-05-22 13:00:00+09:00,3270.0,3280.0,3255.0,3255.0,23993,0.0,0.0
2023-05-22 14:00:00+09:00,3275.0,3285.0,3265.0,3280.0,20117,0.0,0.0
2023-05-23 09:00:00+09:00,3310.0,3360.0,3305.0,3340.0,3201,0.0,0.0
2023-05-23 10:00:00+09:00,3335.0,3360.0,3325.0,3345.0,135072,0.0,0.0
2023-05-23 11:00:00+09:00,3345.0,3355.0,3325.0,3330.0,48647,0.0,0.0
2023-05-23 12:00:00+09:00,3330.0,3335.0,3295.0,3315.0,108598,0.0,0.0
2023-05-23 13:00:00+09:00,3315.0,3325.0,3300.0,3320.0,27628,0.0,0.0
2023-05-23 14:00:00+09:00,3315.0,3330.0,3300.0,3315.0,41970,0.0,0.0
2023-05-24 09:00:00+09:00,3275.0,3320.0,3230.0,3300.0,95141,0.0,0.0
2023-05-24 10:00:00+09:00,3300.0,3300.0,3275.0,3295.0,21336,0.0,0.0
2023-05-24 11:00:00+09:00,3300.0,3300.0,3280.0,3285.0,12365,0.0,0.0
2023-05-24 12:00:00+09:00,3285.0,3290.0,3265.0,3275.0,25119,0.0,0.0
2023-05-24 13:00:00+09:00,3265.0,3290.0,3260.0,3280.0,10981,0.0,0.0
2023-05-24 14:00:00+09:00,3275.0,3300.0,3275.0,3290.0,18501,0.0,0.0
2023-05-25 09:00:00+09:00,3265.0,3315.0,3245.0,3295.0,84094,0.0,0.0
2023-05-25 10:00:00+09:00,3300.0,3305.0,3265.0,3270.0,36429,0.0,0.0
2023-05-25 11:00:00+09:00,3270.0,3280.0,3240.0,3240.0,28987,0.0,0.0
2023-05-25 12:00:00+09:00,3245.0,3260.0,3230.0,3240.0,15604,0.0,0.0
2023-05-25 13:00:00+09:00,3240.0,3245.0,3215.0,3220.0,26185,0.0,0.0
2023-05-25 14:00:00+09:00,3225.0,3235.0,3205.0,3220.0,22580,0.0,0.0
2023-05-26 09:00:00+09:00,3225.0,3300.0,3210.0,3295.0,0,0.0,0.0
2023-05-26 10:00:00+09:00,3295.0,3305.0,3240.0,3260.0,67945,0.0,0.0
2023-05-26 11:00:00+09:00,3260.0,3290.0,3260.0,3280.0,24189,0.0,0.0
2023-05-26 12:00:00+09:00,3280.0,3290.0,3250.0,3285.0,41584,0.0,0.0
2023-05-26 13:00:00+09:00,3285.0,3285.0,3260.0,3270.0,26526,0.0,0.0
2023-05-26 14:00:00+09:00,3270.0,3270.0,3235.0,3240.0,42566,0.0,0.0
2023-05-30 09:00:00+09:00,3255.0,3325.0,3255.0,3325.0,0,0.0,0.0
2023-05-30 10:00:00+09:00,3325.0,3330.0,3290.0,3305.0,63605,0.0,0.0
2023-05-30 11:00:00+09:00,3305.0,3315.0,3285.0,3300.0,49025,0.0,0.0
2023-05-30 12:00:00+09:00,3295.0,3310.0,3285.0,3310.0,28138,0.0,0.0
2023-05-30 13:00:00+09:00,3310.0,3380.0,3305.0,3335.0,364715,0.0,0.0
2023-05-30 14:00:00+09:00,3330.0,3340.0,3315.0,3315.0,45989,0.0,0.0
2023-05-31 09:00:00+09:00,3360.0,3375.0,3310.0,3325.0,88046,0.0,0.0
2023-05-31 10:00:00+09:00,3325.0,3345.0,3325.0,3330.0,40269,0.0,0.0
2023-05-31 11:00:00+09:00,3325.0,3325.0,3300.0,3305.0,37422,0.0,0.0
2023-05-31 12:00:00+09:00,3310.0,3315.0,3295.0,3305.0,24897,0.0,0.0
2023-05-31 13:00:00+09:00,3305.0,3310.0,3285.0,3295.0,41058,0.0,0.0
2023-05-31 14:00:00+09:00,3310.0,3310.0,3280.0,3295.0,47514,0.0,0.0
2023-06-01 09:00:00+09:00,3345.0,3370.0,3310.0,3315.0,0,0.0,0.0
2023-06-01 10:00:00+09:00,3315.0,3330.0,3280.0,3295.0,80213,0.0,0.0
2023-06-01 11:00:00+09:00,3295.0,3325.0,3275.0,3300.0,64544,0.0,0.0
2023-06-01 12:00:00+09:00,3300.0,3300.0,3275.0,3280.0,20362,0.0,0.0
2023-06-01 13:00:00+09:00,3280.0,3290.0,3270.0,3280.0,31816,0.0,0.0
2023-06-01 14:00:00+09:00,3280.0,3305.0,3275.0,3290.0,42132,0.0,0.0
2023-06-02 09:00:00+09:00,3325.0,3335.0,3285.0,3300.0,125355,0.0,0.0
2023-06-02 10:00:00+09:00,3295.0,3305.0,3270.0,3275.0,44607,0.0,0.0
2023-06-02 11:00:00+09:00,3275.0,3285.0,3265.0,3265.0,28397,0.0,0.0
2023-06-02 12:00:00+09:00,3275.0,3275.0,3265.0,3275.0,14003,0.0,0.0
2023-06-02 13:00:00+09:00,3275.0,3275.0,3265.0,3265.0,21460,0.0,0.0
2023-06-02 14:00:00+09:00,3270.0,3270.0,3260.0,3265.0,36375,0.0,0.0
2023-06-05 09:00:00+09:00,3270.0,3290.0,3240.0,3245.0,0,0.0,0.0
2023-06-05 10:00:00+09:00,3245.0,3265.0,3240.0,3250.0,22326,0.0,0.0
2023-06-05 11:00:00+09:00,3255.0,3265.0,3250.0,3250.0,7928,0.0,0.0
2023-06-05 12:00:00+09:00,3250.0,3260.0,3250.0,3250.0,5991,0.0,0.0
2023-06-05 13:00:00+09:00,3255.0,3260.0,3245.0,3250.0,31516,0.0,0.0
2023-06-05 14:00:00+09:00,3245.0,3260.0,3245.0,3260.0,17267,0.0,0.0
2023-06-07 09:00:00+09:00,3260.0,3260.0,3220.0,3235.0,0,0.0,0.0
2023-06-07 10:00:00+09:00,3240.0,3245.0,3210.0,3215.0,47484,0.0,0.0
2023-06-07 11:00:00+09:00,3215.0,3225.0,3210.0,3220.0,20518,0.0,0.0
2023-06-07 12:00:00+09:00,3220.0,3225.0,3210.0,3220.0,20592,0.0,0.0
2023-06-07 13:00:00+09:00,3220.0,3225.0,3140.0,3170.0,152324,0.0,0.0
2023-06-07 14:00:00+09:00,3170.0,3190.0,3165.0,3190.0,25428,0.0,0.0
2023-06-08 09:00:00+09:00,3165.0,3190.0,3150.0,3170.0,0,0.0,0.0
2023-06-08 10:00:00+09:00,3165.0,3170.0,3155.0,3165.0,11777,0.0,0.0
2023-06-08 11:00:00+09:00,3165.0,3180.0,3155.0,3170.0,15380,0.0,0.0
2023-06-08 12:00:00+09:00,3165.0,3185.0,3160.0,3170.0,17364,0.0,0.0
2023-06-08 13:00:00+09:00,3175.0,3175.0,3150.0,3155.0,39800,0.0,0.0
2023-06-08 14:00:00+09:00,3165.0,3170.0,3150.0,3165.0,15161,0.0,0.0
2023-06-09 09:00:00+09:00,3150.0,3190.0,3140.0,3180.0,0,0.0,0.0
2023-06-09 10:00:00+09:00,3175.0,3185.0,3170.0,3180.0,15201,0.0,0.0
2023-06-09 11:00:00+09:00,3175.0,3180.0,3170.0,3170.0,11612,0.0,0.0
2023-06-09 12:00:00+09:00,3170.0,3180.0,3160.0,3160.0,25685,0.0,0.0
2023-06-09 13:00:00+09:00,3160.0,3165.0,3130.0,3135.0,44551,0.0,0.0
2023-06-09 14:00:00+09:00,3135.0,3150.0,3120.0,3150.0,45095,0.0,0.0
2023-06-12 09:00:00+09:00,3130.0,3145.0,3110.0,3125.0,0,0.0,0.0
2023-06-12 10:00:00+09:00,3125.0,3155.0,3125.0,3150.0,18385,0.0,0.0
2023-06-12 11:00:00+09:00,3140.0,3150.0,3120.0,3120.0,21583,0.0,0.0
2023-06-12 12:00:00+09:00,3125.0,3165.0,3110.0,3150.0,54133,0.0,0.0
2023-06-12 13:00:00+09:00,3155.0,3185.0,3150.0,3155.0,40599,0.0,0.0
2023-06-12 14:00:00+09:00,3160.0,3170.0,3150.0,3155.0,16666,0.0,0.0
2023-06-13 09:00:00+09:00,3200.0,3200.0,3150.0,3190.0,0,0.0,0.0
2023-06-13 10:00:00+09:00,3190.0,3195.0,3165.0,3165.0,24558,0.0,0.0
2023-06-13 11:00:00+09:00,3170.0,3170.0,3145.0,3160.0,27177,0.0,0.0
2023-06-13 12:00:00+09:00,3155.0,3165.0,3145.0,3160.0,31453,0.0,0.0
2023-06-13 13:00:00+09:00,3155.0,3185.0,3150.0,3170.0,25063,0.0,0.0
2023-06-13 14:00:00+09:00,3180.0,3180.0,3160.0,3165.0,38295,0.0,0.0
2023-06-14 09:00:00+09:00,3170.0,3185.0,3110.0,3120.0,0,0.0,0.0
2023-06-14 10:00:00+09:00,3120.0,3135.0,3115.0,3120.0,30252,0.0,0.0
2023-06-14 11:00:00+09:00,3120.0,3125.0,3075.0,3095.0,104297,0.0,0.0
2023-06-14 12:00:00+09:00,3095.0,3095.0,3070.0,3075.0,43208,0.0,0.0
2023-06-14 13:00:00+09:00,3075.0,3110.0,3060.0,3075.0,80452,0.0,0.0
2023-06-14 14:00:00+09:00,3070.0,3100.0,3060.0,3075.0,42047,0.0,0.0
2023-06-15 09:00:00+09:00,3110.0,3120.0,3090.0,3095.0,0,0.0,0.0
2023-06-15 10:00:00+09:00,3095.0,3095.0,3060.0,3060.0,49060,0.0,0.0
2023-06-15 11:00:00+09:00,3060.0,3070.0,3045.0,3065.0,26662,0.0,0.0
2023-06-15 12:00:00+09:00,3065.0,3070.0,3055.0,3070.0,11073,0.0,0.0
2023-06-15 13:00:00+09:00,3070.0,3075.0,3055.0,3060.0,10924,0.0,0.0
2023-06-15 14:00:00+09:00,3060.0,3060.0,3035.0,3045.0,45308,0.0,0.0
2023-06-16 09:00:00+09:00,3065.0,3090.0,3045.0,3070.0,0,0.0,0.0
2023-06-16 10:00:00+09:00,3070.0,3075.0,3050.0,3065.0,19749,0.0,0.0
2023-06-16 11:00:00+09:00,3065.0,3070.0,3050.0,3065.0,14791,0.0,0.0
2023-06-16 12:00:00+09:00,3060.0,3070.0,3055.0,3065.0,9177,0.0,0.0
2023-06-16 13:00:00+09:00,3065.0,3070.0,3060.0,3060.0,7682,0.0,0.0
2023-06-16 14:00:00+09:00,3060.0,3065.0,3050.0,3055.0,17944,0.0,0.0
2023-06-19 09:00:00+09:00,3050.0,3055.0,3020.0,3055.0,0,0.0,0.0
2023-06-19 10:00:00+09:00,3055.0,3065.0,3045.0,3050.0,18729,0.0,0.0
2023-06-19 11:00:00+09:00,3045.0,3055.0,3045.0,3055.0,9007,0.0,0.0
2023-06-19 12:00:00+09:00,3050.0,3055.0,3045.0,3045.0,22055,0.0,0.0
2023-06-19 13:00:00+09:00,3050.0,3055.0,3045.0,3045.0,2168,0.0,0.0
2023-06-19 14:00:00+09:00,3045.0,3065.0,3045.0,3050.0,27647,0.0,0.0
2023-06-20 09:00:00+09:00,3035.0,3060.0,3035.0,3055.0,0,0.0,0.0
2023-06-20 10:00:00+09:00,3055.0,3060.0,3050.0,3050.0,18153,0.0,0.0
2023-06-20 11:00:00+09:00,3050.0,3075.0,3045.0,3065.0,19219,0.0,0.0
2023-06-20 12:00:00+09:00,3065.0,3070.0,3045.0,3065.0,9126,0.0,0.0
2023-06-20 13:00:00+09:00,3060.0,3070.0,3055.0,3065.0,2096,0.0,0.0
2023-06-20 14:00:00+09:00,3060.0,3065.0,3050.0,3055.0,10143,0.0,0.0
2023-06-21 09:00:00+09:00,3030.0,3065.0,3030.0,3035.0,0,0.0,0.0
2023-06-21 10:00:00+09:00,3040.0,3040.0,3020.0,3025.0,28503,0.0,0.0
2023-06-21 11:00:00+09:00,3035.0,3055.0,3015.0,3045.0,38004,0.0,0.0
2023-06-21 12:00:00+09:00,3050.0,3050.0,3015.0,3040.0,17818,0.0,0.0
2023-06-21 13:00:00+09:00,3040.0,3055.0,3030.0,3035.0,15939,0.0,0.0
2023-06-21 14:00:00+09:00,3035.0,3330.0,3030.0,3105.0,1201520,0.0,0.0
2023-06-22 09:00:00+09:00,3050.0,3085.0,3010.0,3065.0,0,0.0,0.0
2023-06-22 10:00:00+09:00,3065.0,3090.0,3055.0,3060.0,33110,0.0,0.0
2023-06-22 11:00:00+09:00,3075.0,3075.0,3060.0,3070.0,11157,0.0,0.0
2023-06-22 12:00:00+09:00,3070.0,3070.0,3050.0,3050.0,31227,0.0,0.0
2023-06-22 13:00:00+09:00,3055.0,3060.0,3050.0,3055.0,11285,0.0,0.0
2023-06-22 14:00:00+09:00,3055.0,3065.0,3030.0,3040.0,34440,0.0,0.0
2023-06-23 09:00:00+09:00,3020.0,3070.0,3020.0,3020.0,0,0.0,0.0
2023-06-23 10:00:00+09:00,3030.0,3050.0,3020.0,3030.0,34756,0.0,0.0
2023-06-23 11:00:00+09:00,3030.0,3035.0,3025.0,3035.0,16317,0.0,0.0
2023-06-23 12:00:00+09:00,3035.0,3065.0,3030.0,3030.0,18475,0.0,0.0
2023-06-23 13:00:00+09:00,3035.0,3050.0,3025.0,3035.0,25926,0.0,0.0
2023-06-23 14:00:00+09:00,3040.0,3040.0,3025.0,3035.0,23585,0.0,0.0
2023-06-26 09:00:00+09:00,3015.0,3040.0,2995.0,3015.0,0,0.0,0.0
2023-06-26 10:00:00+09:00,3030.0,3030.0,3010.0,3030.0,6941,0.0,0.0
2023-06-26 11:00:00+09:00,3030.0,3040.0,3020.0,3020.0,19067,0.0,0.0
2023-06-26 12:00:00+09:00,3020.0,3040.0,3020.0,3030.0,1099,0.0,0.0
2023-06-26 13:00:00+09:00,3025.0,3035.0,3020.0,3025.0,1562,0.0,0.0
2023-06-26 14:00:00+09:00,3025.0,3030.0,3020.0,3030.0,8085,0.0,0.0
2023-06-27 09:00:00+09:00,3010.0,3040.0,3005.0,3025.0,0,0.0,0.0
2023-06-27 10:00:00+09:00,3025.0,3035.0,3020.0,3025.0,21118,0.0,0.0
2023-06-27 11:00:00+09:00,3025.0,3035.0,3025.0,3030.0,5679,0.0,0.0
2023-06-27 12:00:00+09:00,3025.0,3030.0,3015.0,3020.0,11667,0.0,0.0
2023-06-27 13:00:00+09:00,3025.0,3030.0,3020.0,3025.0,6436,0.0,0.0
2023-06-27 14:00:00+09:00,3025.0,3025.0,3015.0,3020.0,19715,0.0,0.0
2023-06-28 09:00:00+09:00,3030.0,3055.0,3025.0,3045.0,19940,0.0,0.0
2023-06-28 10:00:00+09:00,3045.0,3065.0,3040.0,3055.0,19636,0.0,0.0
2023-06-28 11:00:00+09:00,3055.0,3055.0,3040.0,3050.0,21784,0.0,0.0
2023-06-28 12:00:00+09:00,3045.0,3060.0,3040.0,3055.0,34711,0.0,0.0
2023-06-28 13:00:00+09:00,3055.0,3055.0,3045.0,3050.0,6620,0.0,0.0
2023-06-28 14:00:00+09:00,3050.0,3060.0,3045.0,3050.0,26193,0.0,0.0
2023-06-29 09:00:00+09:00,3060.0,3085.0,3035.0,3080.0,0,0.0,0.0
2023-06-29 10:00:00+09:00,3080.0,3080.0,3050.0,3055.0,32700,0.0,0.0
2023-06-29 11:00:00+09:00,3055.0,3055.0,3035.0,3045.0,25372,0.0,0.0
2023-06-29 12:00:00+09:00,3045.0,3050.0,3035.0,3040.0,16539,0.0,0.0
2023-06-29 13:00:00+09:00,3040.0,3050.0,3035.0,3040.0,6287,0.0,0.0
2023-06-29 14:00:00+09:00,3035.0,3045.0,3030.0,3040.0,13719,0.0,0.0
2023-06-30 09:00:00+09:00,3060.0,3065.0,3045.0,3050.0,0,0.0,0.0
2023-06-30 10:00:00+09:00,3055.0,3055.0,3040.0,3055.0,16612,0.0,0.0
2023-06-30 11:00:00+09:00,3050.0,3065.0,3045.0,3060.0,8697,0.0,0.0
2023-06-30 12:00:00+09:00,3060.0,3060.0,3040.0,3055.0,10298,0.0,0.0
2023-06-30 13:00:00+09:00,3055.0,3065.0,3045.0,3060.0,23165,0.0,0.0
2023-06-30 14:00:00+09:00,3060.0,3070.0,3050.0,3060.0,19774,0.0,0.0
2023-07-03 09:00:00+09:00,3060.0,3090.0,3060.0,3085.0,0,0.0,0.0
2023-07-03 10:00:00+09:00,3090.0,3095.0,3075.0,3080.0,17416,0.0,0.0
2023-07-03 11:00:00+09:00,3080.0,3085.0,3075.0,3085.0,20035,0.0,0.0
2023-07-03 12:00:00+09:00,3085.0,3095.0,3080.0,3090.0,13288,0.0,0.0
2023-07-03 13:00:00+09:00,3085.0,3090.0,3070.0,3075.0,19030,0.0,0.0
2023-07-03 14:00:00+09:00,3070.0,3080.0,3070.0,3075.0,11403,0.0,0.0
2023-07-04 09:00:00+09:00,3070.0,3085.0,3065.0,3065.0,21536,0.0,0.0
2023-07-04 10:00:00+09:00,3070.0,3075.0,3050.0,3070.0,21084,0.0,0.0
2023-07-04 11:00:00+09:00,3065.0,3070.0,3055.0,3070.0,9356,0.0,0.0
2023-07-04 12:00:00+09:00,3070.0,3070.0,3055.0,3060.0,7415,0.0,0.0
2023-07-04 13:00:00+09:00,3065.0,3070.0,3060.0,3065.0,9441,0.0,0.0
2023-07-04 14:00:00+09:00,3065.0,3070.0,3055.0,3070.0,10140,0.0,0.0
2023-07-05 09:00:00+09:00,3060.0,3085.0,3060.0,3075.0,26758,0.0,0.0
2023-07-05 10:00:00+09:00,3080.0,3080.0,3065.0,3070.0,19988,0.0,0.0
2023-07-05 11:00:00+09:00,3070.0,3070.0,3055.0,3055.0,32252,0.0,0.0
2023-07-05 12:00:00+09:00,3060.0,3065.0,3025.0,3045.0,41402,0.0,0.0
2023-07-05 13:00:00+09:00,3040.0,3045.0,3010.0,3025.0,59393,0.0,0.0
2023-07-05 14:00:00+09:00,3020.0,3045.0,3015.0,3030.0,21464,0.0,0.0
2023-07-06 09:00:00+09:00,3010.0,3020.0,2945.0,2960.0,101235,0.0,0.0
2023-07-06 10:00:00+09:00,2955.0,2965.0,2940.0,2965.0,56405,0.0,0.0
2023-07-06 11:00:00+09:00,2960.0,2965.0,2945.0,2950.0,35076,0.0,0.0
2023-07-06 12:00:00+09:00,2950.0,2955.0,2900.0,2910.0,68063,0.0,0.0
2023-07-06 13:00:00+09:00,2910.0,2920.0,2895.0,2910.0,47878,0.0,0.0
2023-07-06 14:00:00+09:00,2910.0,2925.0,2900.0,2905.0,24532,0.0,0.0
2023-07-07 09:00:00+09:00,2915.0,2915.0,2860.0,2895.0,41329,0.0,0.0
2023-07-07 10:00:00+09:00,2895.0,2900.0,2865.0,2875.0,14293,0.0,0.0
2023-07-07 11:00:00+09:00,2875.0,2890.0,2850.0,2865.0,38725,0.0,0.0
2023-07-07 12:00:00+09:00,2860.0,2875.0,2860.0,2860.0,18342,0.0,0.0
2023-07-07 13:00:00+09:00,2860.0,2870.0,2855.0,2855.0,13564,0.0,0.0
2023-07-07 14:00:00+09:00,2855.0,2870.0,2855.0,2855.0,17128,0.0,0.0
2023-07-10 09:00:00+09:00,2830.0,2850.0,2775.0,2830.0,0,0.0,0.0
2023-07-10 10:00:00+09:00,2825.0,2860.0,2820.0,2825.0,22157,0.0,0.0
2023-07-10 11:00:00+09:00,2830.0,2855.0,2825.0,2855.0,2951,0.0,0.0
2023-07-10 12:00:00+09:00,2855.0,2855.0,2840.0,2840.0,9350,0.0,0.0
2023-07-10 13:00:00+09:00,2840.0,2860.0,2840.0,2855.0,3785,0.0,0.0
2023-07-10 14:00:00+09:00,2860.0,2875.0,2855.0,2860.0,21325,0.0,0.0
2023-07-11 09:00:00+09:00,2840.0,2885.0,2840.0,2875.0,0,0.0,0.0
2023-07-11 10:00:00+09:00,2875.0,2880.0,2870.0,2875.0,13462,0.0,0.0
2023-07-11 11:00:00+09:00,2875.0,2890.0,2870.0,2890.0,11176,0.0,0.0
2023-07-11 12:00:00+09:00,2885.0,2890.0,2865.0,2885.0,10564,0.0,0.0
2023-07-11 13:00:00+09:00,2885.0,2895.0,2885.0,2890.0,6650,0.0,0.0
2023-07-11 14:00:00+09:00,2890.0,2895.0,2885.0,2895.0,8347,0.0,0.0
2023-07-12 09:00:00+09:00,2885.0,2950.0,2885.0,2940.0,0,0.0,0.0
2023-07-12 10:00:00+09:00,2940.0,2945.0,2915.0,2930.0,19444,0.0,0.0
2023-07-12 11:00:00+09:00,2935.0,2955.0,2925.0,2950.0,10958,0.0,0.0
2023-07-12 12:00:00+09:00,2950.0,2965.0,2945.0,2955.0,8772,0.0,0.0
2023-07-12 13:00:00+09:00,2960.0,2985.0,2945.0,2945.0,26119,0.0,0.0
2023-07-12 14:00:00+09:00,2950.0,2950.0,2930.0,2935.0,48019,0.0,0.0
2023-07-13 09:00:00+09:00,2945.0,2975.0,2945.0,2970.0,0,0.0,0.0
2023-07-13 10:00:00+09:00,2970.0,3000.0,2970.0,2995.0,17336,0.0,0.0
2023-07-13 11:00:00+09:00,2995.0,3010.0,2990.0,2990.0,28770,0.0,0.0
2023-07-13 12:00:00+09:00,2995.0,3000.0,2975.0,2990.0,41514,0.0,0.0
2023-07-13 13:00:00+09:00,2985.0,3000.0,2980.0,2990.0,16588,0.0,0.0
2023-07-13 14:00:00+09:00,2995.0,3000.0,2985.0,3000.0,30030,0.0,0.0
2023-07-14 09:00:00+09:00,3045.0,3045.0,2985.0,2995.0,0,0.0,0.0
2023-07-14 10:00:00+09:00,3005.0,3005.0,2980.0,3000.0,29306,0.0,0.0
2023-07-14 11:00:00+09:00,3000.0,3005.0,2990.0,3000.0,17082,0.0,0.0
2023-07-14 12:00:00+09:00,3000.0,3010.0,2990.0,3000.0,4371,0.0,0.0
2023-07-14 13:00:00+09:00,3000.0,3005.0,2995.0,2995.0,6637,0.0,0.0
2023-07-14 14:00:00+09:00,2995.0,3005.0,2950.0,2990.0,34363,0.0,0.0
2023-07-17 09:00:00+09:00,2995.0,3025.0,2990.0,2995.0,0,0.0,0.0
2023-07-17 10:00:00+09:00,2995.0,3000.0,2990.0,2990.0,12963,0.0,0.0
2023-07-17 11:00:00+09:00,2995.0,3000.0,2985.0,2995.0,9338,0.0,0.0
2023-07-17 12:00:00+09:00,2990.0,2995.0,2980.0,2990.0,6048,0.0,0.0
2023-07-17 13:00:00+09:00,2985.0,2990.0,2980.0,2985.0,6169,0.0,0.0
2023-07-17 14:00:00+09:00,2985.0,2985.0,2965.0,2975.0,21999,0.0,0.0
2023-07-18 09:00:00+09:00,2950.0,2970.0,2910.0,2915.0,35639,0.0,0.0
2023-07-18 10:00:00+09:00,2915.0,2915.0,2860.0,2865.0,32909,0.0,0.0
2023-07-18 11:00:00+09:00,2860.0,2875.0,2850.0,2870.0,13368,0.0,0.0
2023-07-18 12:00:00+09:00,2870.0,2875.0,2860.0,2860.0,15656,0.0,0.0
2023-07-18 13:00:00+09:00,2865.0,2905.0,2860.0,2895.0,34752,0.0,0.0
2023-07-18 14:00:00+09:00,2890.0,2895.0,2860.0,2880.0,14201,0.0,0.0
2023-07-19 09:00:00+09:00,2880.0,2915.0,2855.0,2875.0,29380,0.0,0.0
2023-07-19 10:00:00+09:00,2875.0,2895.0,2865.0,2895.0,12639,0.0,0.0
2023-07-19 11:00:00+09:00,2895.0,2895.0,2875.0,2880.0,8228,0.0,0.0
2023-07-19 12:00:00+09:00,2880.0,2895.0,2880.0,2895.0,4986,0.0,0.0
2023-07-19 13:00:00+09:00,2895.0,2910.0,2880.0,2905.0,27328,0.0,0.0
2023-07-19 14:00:00+09:00,2900.0,2900.0,2885.0,2885.0,5133,0.0,0.0
2023-07-20 09:00:00+09:00,2875.0,2895.0,2870.0,2890.0,21679,0.0,0.0
2023-07-20 10:00:00+09:00,2880.0,2890.0,2870.0,2885.0,15206,0.0,0.0
2023-07-20 11:00:00+09:00,2885.0,2895.0,2875.0,2880.0,9972,0.0,0.0
2023-07-20 12:00:00+09:00,2880.0,2890.0,2875.0,2885.0,6467,0.0,0.0
2023-07-20 13:00:00+09:00,2885.0,2895.0,2880.0,2890.0,7835,0.0,0.0
2023-07-20 14:00:00+09:00,2895.0,2905.0,2885.0,2900.0,16225,0.0,0.0
2023-07-21 09:00:00+09:00,2875.0,2890.0,2850.0,2860.0,23936,0.0,0.0
2023-07-21 10:00:00+09:00,2860.0,2870.0,2855.0,2870.0,14170,0.0,0.0
2023-07-21 11:00:00+09:00,2870.0,2880.0,2860.0,2860.0,19255,0.0,0.0
2023-07-21 12:00:00+09:00,2865.0,2880.0,2850.0,2870.0,19440,0.0,0.0
2023-07-21 13:00:00+09:00,2860.0,2870.0,2850.0,2855.0,17234,0.0,0.0
2023-07-21 14:00:00+09:00,2865.0,2870.0,2845.0,2850.0,39579,0.0,0.0
2023-07-24 09:00:00+09:00,2835.0,2845.0,2740.0,2745.0,0,0.0,0.0
2023-07-24 10:00:00+09:00,2750.0,2750.0,2710.0,2715.0,83996,0.0,0.0
2023-07-24 11:00:00+09:00,2715.0,2720.0,2690.0,2695.0,49806,0.0,0.0
2023-07-24 12:00:00+09:00,2695.0,2705.0,2690.0,2705.0,21319,0.0,0.0
2023-07-24 13:00:00+09:00,2705.0,2720.0,2690.0,2715.0,37298,0.0,0.0
2023-07-24 14:00:00+09:00,2710.0,2715.0,2695.0,2700.0,29645,0.0,0.0
2023-07-25 09:00:00+09:00,2725.0,2725.0,2645.0,2655.0,49148,0.0,0.0
2023-07-25 10:00:00+09:00,2655.0,2660.0,2635.0,2635.0,31138,0.0,0.0
2023-07-25 11:00:00+09:00,2635.0,2635.0,2620.0,2630.0,42143,0.0,0.0
2023-07-25 12:00:00+09:00,2630.0,2635.0,2615.0,2620.0,53985,0.0,0.0
2023-07-25 13:00:00+09:00,2620.0,2630.0,2615.0,2620.0,34236,0.0,0.0
2023-07-25 14:00:00+09:00,2620.0,2620.0,2610.0,2615.0,24179,0.0,0.0
2023-07-26 09:00:00+09:00,2550.0,2580.0,2430.0,2455.0,206049,0.0,0.0
2023-07-26 10:00:00+09:00,2455.0,2460.0,2395.0,2440.0,105369,0.0,0.0
2023-07-26 11:00:00+09:00,2430.0,2445.0,2410.0,2440.0,27830,0.0,0.0
2023-07-26 12:00:00+09:00,2430.0,2445.0,2385.0,2400.0,60608,0.0,0.0
2023-07-26 13:00:00+09:00,2400.0,2435.0,2370.0,2390.0,44134,0.0,0.0
2023-07-26 14:00:00+09:00,2395.0,2425.0,2385.0,2425.0,37160,0.0,0.0
2023-07-27 09:00:00+09:00,2375.0,2540.0,2375.0,2515.0,200597,0.0,0.0
2023-07-27 10:00:00+09:00,2515.0,2565.0,2515.0,2555.0,47037,0.0,0.0
2023-07-27 11:00:00+09:00,2555.0,2570.0,2535.0,2550.0,19659,0.0,0.0
2023-07-27 12:00:00+09:00,2540.0,2550.0,2515.0,2540.0,12296,0.0,0.0
2023-07-27 13:00:00+09:00,2535.0,2535.0,2510.0,2525.0,29715,0.0,0.0
2023-07-27 14:00:00+09:00,2520.0,2525.0,2505.0,2520.0,8314,0.0,0.0
2023-07-28 09:00:00+09:00,2500.0,2545.0,2500.0,2545.0,44098,0.0,0.0
2023-07-28 10:00:00+09:00,2540.0,2565.0,2535.0,2555.0,15869,0.0,0.0
2023-07-28 11:00:00+09:00,2550.0,2580.0,2550.0,2570.0,12249,0.0,0.0
2023-07-28 12:00:00+09:00,2570.0,2590.0,2565.0,2575.0,13128,0.0,0.0
2023-07-28 13:00:00+09:00,2580.0,2595.0,2575.0,2595.0,10426,0.0,0.0
2023-07-28 14:00:00+09:00,2595.0,2610.0,2590.0,2605.0,16475,0.0,0.0
2023-07-31 09:00:00+09:00,2595.0,2635.0,2585.0,2630.0,0,0.0,0.0
2023-07-31 10:00:00+09:00,2625.0,2670.0,2625.0,2640.0,24718,0.0,0.0
2023-07-31 11:00:00+09:00,2640.0,2660.0,2640.0,2645.0,7554,0.0,0.0
2023-07-31 12:00:00+09:00,2645.0,2645.0,2630.0,2630.0,6113,0.0,0.0
2023-07-31 13:00:00+09:00,2635.0,2640.0,2625.0,2635.0,4542,0.0,0.0
2023-07-31 14:00:00+09:00,2635.0,2640.0,2585.0,2620.0,19647,0.0,0.0
2023-08-01 09:00:00+09:00,2585.0,2660.0,2585.0,2650.0,18165,0.0,0.0
2023-08-01 10:00:00+09:00,2650.0,2655.0,2635.0,2645.0,14004,0.0,0.0
2023-08-01 11:00:00+09:00,2645.0,2645.0,2620.0,2630.0,11152,0.0,0.0
2023-08-01 12:00:00+09:00,2630.0,2645.0,2630.0,2635.0,13469,0.0,0.0
2023-08-01 13:00:00+09:00,2640.0,2640.0,2615.0,2635.0,14774,0.0,0.0
2023-08-01 14:00:00+09:00,2625.0,2635.0,2620.0,2620.0,7501,0.0,0.0
2023-08-02 09:00:00+09:00,2590.0,2640.0,2580.0,2635.0,11830,0.0,0.0
2023-08-02 10:00:00+09:00,2635.0,2635.0,2610.0,2615.0,8222,0.0,0.0
2023-08-02 11:00:00+09:00,2610.0,2615.0,2590.0,2590.0,14837,0.0,0.0
2023-08-02 12:00:00+09:00,2590.0,2600.0,2585.0,2585.0,6814,0.0,0.0
2023-08-02 13:00:00+09:00,2590.0,2590.0,2555.0,2565.0,24703,0.0,0.0
2023-08-02 14:00:00+09:00,2565.0,2580.0,2540.0,2580.0,26592,0.0,0.0
2023-08-03 09:00:00+09:00,2555.0,2555.0,2500.0,2530.0,51640,0.0,0.0
2023-08-03 10:00:00+09:00,2535.0,2540.0,2495.0,2495.0,34640,0.0,0.0
2023-08-03 11:00:00+09:00,2500.0,2525.0,2500.0,2515.0,17901,0.0,0.0
2023-08-03 12:00:00+09:00,2515.0,2540.0,2505.0,2525.0,11819,0.0,0.0
2023-08-03 13:00:00+09:00,2530.0,2535.0,2520.0,2535.0,6024,0.0,0.0
2023-08-03 14:00:00+09:00,2530.0,2540.0,2520.0,2525.0,8028,0.0,0.0
2023-08-04 09:00:00+09:00,2515.0,2560.0,2500.0,2530.0,20083,0.0,0.0
2023-08-04 10:00:00+09:00,2525.0,2565.0,2525.0,2545.0,15403,0.0,0.0
2023-08-04 11:00:00+09:00,2545.0,2550.0,2525.0,2530.0,12168,0.0,0.0
2023-08-04 12:00:00+09:00,2540.0,2540.0,2525.0,2540.0,8227,0.0,0.0
2023-08-04 13:00:00+09:00,2540.0,2545.0,2530.0,2540.0,12125,0.0,0.0
2023-08-04 14:00:00+09:00,2540.0,2575.0,2540.0,2565.0,17336,0.0,0.0
2023-08-07 09:00:00+09:00,2560.0,2560.0,2485.0,2520.0,0,0.0,0.0
2023-08-07 10:00:00+09:00,2525.0,2535.0,2500.0,2530.0,8346,0.0,0.0
2023-08-07 11:00:00+09:00,2530.0,2540.0,2520.0,2540.0,6188,0.0,0.0
2023-08-07 12:00:00+09:00,2540.0,2555.0,2500.0,2535.0,26486,0.0,0.0
2023-08-07 13:00:00+09:00,2530.0,2540.0,2510.0,2530.0,19344,0.0,0.0
2023-08-07 14:00:00+09:00,2525.0,2550.0,2525.0,2535.0,31957,0.0,0.0
2023-08-08 09:00:00+09:00,2535.0,2540.0,2505.0,2535.0,12247,0.0,0.0
2023-08-08 10:00:00+09:00,2535.0,2535.0,2500.0,2500.0,18258,0.0,0.0
2023-08-08 11:00:00+09:00,2505.0,2520.0,2500.0,2510.0,13193,0.0,0.0
2023-08-08 12:00:00+09:00,2510.0,2520.0,2495.0,2500.0,18111,0.0,0.0
2023-08-08 13:00:00+09:00,2500.0,2505.0,2495.0,2505.0,7217,0.0,0.0
2023-08-08 14:00:00+09:00,2500.0,2505.0,2480.0,2485.0,23910,0.0,0.0
2023-08-09 09:00:00+09:00,2535.0,2540.0,2500.0,2525.0,18453,0.0,0.0
2023-08-09 10:00:00+09:00,2525.0,2560.0,2525.0,2540.0,24583,0.0,0.0
2023-08-09 11:00:00+09:00,2540.0,2545.0,2530.0,2535.0,4913,0.0,0.0
2023-08-09 12:00:00+09:00,2535.0,2540.0,2535.0,2540.0,3291,0.0,0.0
2023-08-09 13:00:00+09:00,2540.0,2550.0,2535.0,2540.0,9667,0.0,0.0
2023-08-09 14:00:00+09:00,2545.0,2550.0,2530.0,2540.0,8403,0.0,0.0
2023-08-10 09:00:00+09:00,2525.0,2535.0,2505.0,2525.0,9969,0.0,0.0
2023-08-10 10:00:00+09:00,2530.0,2560.0,2520.0,2550.0,49000,0.0,0.0
2023-08-10 11:00:00+09:00,2550.0,2585.0,2550.0,2585.0,24431,0.0,0.0
2023-08-10 12:00:00+09:00,2575.0,2590.0,2575.0,2575.0,16353,0.0,0.0
2023-08-10 13:00:00+09:00,2580.0,2590.0,2570.0,2585.0,11023,0.0,0.0
2023-08-10 14:00:00+09:00,2585.0,2585.0,2575.0,2580.0,22831,0.0,0.0
2023-08-11 09:00:00+09:00,2585.0,2630.0,2575.0,2620.0,49615,0.0,0.0
2023-08-11 10:00:00+09:00,2620.0,2630.0,2610.0,2630.0,5059,0.0,0.0
2023-08-11 11:00:00+09:00,2620.0,2630.0,2605.0,2610.0,11660,0.0,0.0
2023-08-11 12:00:00+09:00,2620.0,2630.0,2605.0,2630.0,9666,0.0,0.0
2023-08-11 13:00:00+09:00,2625.0,2635.0,2620.0,2620.0,15360,0.0,0.0
2023-08-11 14:00:00+09:00,2620.0,2635.0,2610.0,2625.0,5194,0.0,0.0
2023-08-14 09:00:00+09:00,2600.0,2600.0,2565.0,2590.0,0,0.0,0.0
2023-08-14 10:00:00+09:00,2570.0,2595.0,2565.0,2575.0,7667,0.0,0.0
2023-08-14 11:00:00+09:00,2575.0,2575.0,2550.0,2555.0,21109,0.0,0.0
2023-08-14 12:00:00+09:00,2550.0,2560.0,2545.0,2550.0,4834,0.0,0.0
2023-08-14 13:00:00+09:00,2550.0,2555.0,2530.0,2530.0,18899,0.0,0.0
2023-08-14 14:00:00+09:00,2530.0,2560.0,2530.0,2550.0,13165,0.0,0.0
2023-08-16 09:00:00+09:00,2515.0,2560.0,2430.0,2440.0,0,0.0,0.0
2023-08-16 10:00:00+09:00,2440.0,2460.0,2435.0,2450.0,17271,0.0,0.0
2023-08-16 11:00:00+09:00,2450.0,2465.0,2440.0,2450.0,17019,0.0,0.0
2023-08-16 12:00:00+09:00,2445.0,2460.0,2445.0,2455.0,6439,0.0,0.0
2023-08-16 13:00:00+09:00,2450.0,2465.0,2440.0,2455.0,22973,0.0,0.0
2023-08-16 14:00:00+09:00,2460.0,2465.0,2450.0,2455.0,8481,0.0,0.0
2023-08-17 09:00:00+09:00,2410.0,2450.0,2380.0,2405.0,55332,0.0,0.0
2023-08-17 10:00:00+09:00,2405.0,2420.0,2405.0,2415.0,14327,0.0,0.0
2023-08-17 11:00:00+09:00,2415.0,2430.0,2410.0,2425.0,9130,0.0,0.0
2023-08-17 12:00:00+09:00,2425.0,2450.0,2410.0,2430.0,16060,0.0,0.0
2023-08-17 13:00:00+09:00,2445.0,2465.0,2435.0,2460.0,13572,0.0,0.0
2023-08-17 14:00:00+09:00,2455.0,2460.0,2415.0,2455.0,34435,0.0,0.0
2023-08-18 09:00:00+09:00,2400.0,2425.0,2400.0,2405.0,16371,0.0,0.0
2023-08-18 10:00:00+09:00,2405.0,2420.0,2400.0,2420.0,11975,0.0,0.0
2023-08-18 11:00:00+09:00,2420.0,2435.0,2410.0,2415.0,8402,0.0,0.0
2023-08-18 12:00:00+09:00,2420.0,2425.0,2405.0,2415.0,15565,0.0,0.0
2023-08-18 13:00:00+09:00,2415.0,2420.0,2410.0,2415.0,7106,0.0,0.0
2023-08-18 14:00:00+09:00,2415.0,2425.0,2410.0,2425.0,16666,0.0,0.0
2023-08-21 09:00:00+09:00,2415.0,2450.0,2415.0,2440.0,0,0.0,0.0
2023-08-21 10:00:00+09:00,2440.0,2445.0,2430.0,2435.0,11596,0.0,0.0
2023-08-21 11:00:00+09:00,2430.0,2435.0,2425.0,2430.0,743,0.0,0.0
2023-08-21 12:00:00+09:00,2430.0,2435.0,2430.0,2430.0,2169,0.0,0.0
2023-08-21 13:00:00+09:00,2430.0,2435.0,2425.0,2425.0,4791,0.0,0.0
2023-08-21 14:00:00+09:00,2425.0,2430.0,2410.0,2415.0,13447,0.0,0.0
2023-08-22 09:00:00+09:00,2410.0,2425.0,2390.0,2400.0,32208,0.0,0.0
2023-08-22 10:00:00+09:00,2395.0,2410.0,2390.0,2400.0,17124,0.0,0.0
2023-08-22 11:00:00+09:00,2395.0,2405.0,2395.0,2400.0,5755,0.0,0.0
2023-08-22 12:00:00+09:00,2400.0,2410.0,2395.0,2400.0,10818,0.0,0.0
2023-08-22 13:00:00+09:00,2395.0,2395.0,2380.0,2385.0,24776,0.0,0.0
2023-08-22 14:00:00+09:00,2385.0,2400.0,2380.0,2385.0,11502,0.0,0.0
2023-08-23 09:00:00+09:00,2390.0,2410.0,2380.0,2410.0,0,0.0,0.0
2023-08-23 10:00:00+09:00,2410.0,2420.0,2390.0,2415.0,11637,0.0,0.0
2023-08-23 11:00:00+09:00,2415.0,2420.0,2385.0,2415.0,19428,0.0,0.0
2023-08-23 12:00:00+09:00,2410.0,2430.0,2400.0,2415.0,11248,0.0,0.0
2023-08-23 13:00:00+09:00,2415.0,2415.0,2390.0,2405.0,9933,0.0,0.0
2023-08-23 14:00:00+09:00,2405.0,2415.0,2390.0,2400.0,8018,0.0,0.0
2023-08-24 09:00:00+09:00,2400.0,2430.0,2400.0,2420.0,9368,0.0,0.0
2023-08-24 10:00:00+09:00,2415.0,2425.0,2410.0,2425.0,17686,0.0,0.0
2023-08-24 11:00:00+09:00,2425.0,2435.0,2420.0,2435.0,7889,0.0,0.0
2023-08-24 12:00:00+09:00,2430.0,2445.0,2415.0,2445.0,41037,0.0,0.0
2023-08-24 13:00:00+09:00,2445.0,2445.0,2435.0,2440.0,6107,0.0,0.0
2023-08-24 14:00:00+09:00,2440.0,2440.0,2435.0,2435.0,3656,0.0,0.0
2023-08-25 09:00:00+09:00,2440.0,2440.0,2425.0,2435.0,9760,0.0,0.0
2023-08-25 10:00:00+09:00,2435.0,2440.0,2425.0,2430.0,5746,0.0,0.0
2023-08-25 11:00:00+09:00,2430.0,2435.0,2425.0,2425.0,2117,0.0,0.0
2023-08-25 12:00:00+09:00,2425.0,2425.0,2415.0,2425.0,8033,0.0,0.0
2023-08-25 13:00:00+09:00,2420.0,2430.0,2415.0,2425.0,1459,0.0,0.0
2023-08-25 14:00:00+09:00,2420.0,2425.0,2415.0,2415.0,4137,0.0,0.0
2023-08-28 09:00:00+09:00,2410.0,2450.0,2410.0,2430.0,0,0.0,0.0
2023-08-28 10:00:00+09:00,2425.0,2450.0,2425.0,2445.0,18502,0.0,0.0
2023-08-28 11:00:00+09:00,2445.0,2460.0,2440.0,2455.0,5208,0.0,0.0
2023-08-28 12:00:00+09:00,2460.0,2480.0,2455.0,2470.0,8026,0.0,0.0
2023-08-28 13:00:00+09:00,2470.0,2480.0,2460.0,2480.0,12459,0.0,0.0
2023-08-28 14:00:00+09:00,2475.0,2485.0,2465.0,2480.0,47760,0.0,0.0
2023-08-29 09:00:00+09:00,2465.0,2530.0,2460.0,2520.0,34502,0.0,0.0
2023-08-29 10:00:00+09:00,2525.0,2525.0,2505.0,2510.0,4737,0.0,0.0
2023-08-29 11:00:00+09:00,2515.0,2520.0,2500.0,2500.0,4877,0.0,0.0
2023-08-29 12:00:00+09:00,2500.0,2505.0,2490.0,2495.0,4266,0.0,0.0
2023-08-29 13:00:00+09:00,2510.0,2690.0,2460.0,2505.0,416553,0.0,0.0
2023-08-29 14:00:00+09:00,2505.0,2530.0,2485.0,2505.0,25588,0.0,0.0
2023-08-30 09:00:00+09:00,2590.0,3220.0,2550.0,3220.0,6300867,0.0,0.0
2023-08-30 10:00:00+09:00,3220.0,3220.0,3220.0,3220.0,176190,0.0,0.0
2023-08-30 11:00:00+09:00,3220.0,3220.0,3220.0,3220.0,25842,0.0,0.0
2023-08-30 12:00:00+09:00,3220.0,3220.0,3220.0,3220.0,17503,0.0,0.0
2023-08-30 13:00:00+09:00,3220.0,3220.0,3220.0,3220.0,10524,0.0,0.0
2023-08-30 14:00:00+09:00,3220.0,3220.0,3220.0,3220.0,22093,0.0,0.0
2023-08-31 09:00:00+09:00,3515.0,3540.0,3290.0,3330.0,8335336,0.0,0.0
2023-08-31 10:00:00+09:00,3325.0,3340.0,3205.0,3220.0,1904499,0.0,0.0
2023-08-31 11:00:00+09:00,3220.0,3255.0,3105.0,3140.0,1371005,0.0,0.0
2023-08-31 12:00:00+09:00,3140.0,3170.0,3115.0,3150.0,371010,0.0,0.0
2023-08-31 13:00:00+09:00,3150.0,3180.0,3050.0,3085.0,705896,0.0,0.0
2023-08-31 14:00:00+09:00,3085.0,3095.0,3040.0,3050.0,495637,0.0,0.0
2023-09-01 09:00:00+09:00,3070.0,3105.0,3015.0,3020.0,1022111,0.0,0.0
2023-09-01 10:00:00+09:00,3020.0,3030.0,2955.0,2970.0,358880,0.0,0.0
2023-09-01 11:00:00+09:00,2965.0,3070.0,2950.0,3000.0,315758,0.0,0.0
2023-09-01 12:00:00+09:00,3000.0,3055.0,2995.0,3010.0,201090,0.0,0.0
2023-09-01 13:00:00+09:00,3010.0,3060.0,2980.0,3000.0,286470,0.0,0.0
2023-09-01 14:00:00+09:00,2995.0,3040.0,2975.0,3015.0,139215,0.0,0.0
2023-09-04 09:00:00+09:00,2905.0,2945.0,2815.0,2870.0,0,0.0,0.0
2023-09-04 10:00:00+09:00,2870.0,2895.0,2820.0,2845.0,152824,0.0,0.0
2023-09-04 11:00:00+09:00,2840.0,2860.0,2830.0,2845.0,55623,0.0,0.0
2023-09-04 12:00:00+09:00,2840.0,2875.0,2830.0,2865.0,80243,0.0,0.0
2023-09-04 13:00:00+09:00,2860.0,2890.0,2850.0,2875.0,58332,0.0,0.0
2023-09-04 14:00:00+09:00,2875.0,2930.0,2835.0,2920.0,280338,0.0,0.0
2023-09-05 09:00:00+09:00,2980.0,3025.0,2895.0,2910.0,803858,0.0,0.0
2023-09-05 10:00:00+09:00,2910.0,2940.0,2900.0,2910.0,130986,0.0,0.0
2023-09-05 11:00:00+09:00,2905.0,2930.0,2900.0,2910.0,64702,0.0,0.0
2023-09-05 12:00:00+09:00,2910.0,2920.0,2900.0,2905.0,65580,0.0,0.0
2023-09-05 13:00:00+09:00,2905.0,2955.0,2900.0,2920.0,100558,0.0,0.0
2023-09-05 14:00:00+09:00,2925.0,2945.0,2915.0,2915.0,73245,0.0,0.0
2023-09-06 09:00:00+09:00,2875.0,2970.0,2855.0,2925.0,333325,0.0,0.0
2023-09-06 10:00:00+09:00,2930.0,2950.0,2900.0,2930.0,92406,0.0,0.0
2023-09-06 11:00:00+09:00,2930.0,2940.0,2910.0,2920.0,26549,0.0,0.0
2023-09-06 12:00:00+09:00,2920.0,2930.0,2915.0,2920.0,48773,0.0,0.0
2023-09-06 13:00:00+09:00,2925.0,2925.0,2905.0,2915.0,45830,0.0,0.0
2023-09-06 14:00:00+09:00,2910.0,2970.0,2910.0,2925.0,137639,0.0,0.0
2023-09-07 09:00:00+09:00,2915.0,2940.0,2870.0,2885.0,202448,0.0,0.0
2023-09-07 10:00:00+09:00,2885.0,2905.0,2835.0,2860.0,112400,0.0,0.0
2023-09-07 11:00:00+09:00,2860.0,2885.0,2840.0,2880.0,83513,0.0,0.0
2023-09-07 12:00:00+09:00,2875.0,2880.0,2845.0,2860.0,36463,0.0,0.0
2023-09-07 13:00:00+09:00,2860.0,2920.0,2850.0,2865.0,86019,0.0,0.0
2023-09-07 14:00:00+09:00,2865.0,2890.0,2860.0,2875.0,33373,0.0,0.0
2023-09-08 09:00:00+09:00,2845.0,2870.0,2800.0,2820.0,114343,0.0,0.0
2023-09-08 10:00:00+09:00,2820.0,2835.0,2805.0,2830.0,36977,0.0,0.0
2023-09-08 11:00:00+09:00,2830.0,2830.0,2805.0,2820.0,26967,0.0,0.0
2023-09-08 12:00:00+09:00,2820.0,2850.0,2815.0,2840.0,43994,0.0,0.0
2023-09-08 13:00:00+09:00,2830.0,2840.0,2810.0,2820.0,22036,0.0,0.0
2023-09-08 14:00:00+09:00,2820.0,2820.0,2800.0,2820.0,80144,0.0,0.0
2023-09-11 09:00:00+09:00,2820.0,2870.0,2805.0,2865.0,0,0.0,0.0
2023-09-11 10:00:00+09:00,2865.0,2885.0,2850.0,2865.0,55190,0.0,0.0
2023-09-11 11:00:00+09:00,2860.0,2880.0,2860.0,2875.0,27193,0.0,0.0
2023-09-11 12:00:00+09:00,2875.0,2890.0,2870.0,2875.0,79397,0.0,0.0
2023-09-11 13:00:00+09:00,2875.0,3005.0,2865.0,2900.0,536951,0.0,0.0
2023-09-11 14:00:00+09:00,2905.0,2930.0,2855.0,2895.0,161041,0.0,0.0
2023-09-12 09:00:00+09:00,3590.0,3650.0,3280.0,3425.0,11269807,0.0,0.0
2023-09-12 10:00:00+09:00,3425.0,3430.0,3250.0,3250.0,1689528,0.0,0.0
2023-09-12 11:00:00+09:00,3255.0,3315.0,3235.0,3250.0,673397,0.0,0.0
2023-09-12 12:00:00+09:00,3255.0,3320.0,3235.0,3270.0,563305,0.0,0.0
2023-09-12 13:00:00+09:00,3270.0,3275.0,3045.0,3050.0,1172679,0.0,0.0
2023-09-12 14:00:00+09:00,3050.0,3120.0,3030.0,3040.0,946199,0.0,0.0
2023-09-13 09:00:00+09:00,2920.0,3470.0,2920.0,3400.0,8417360,0.0,0.0
2023-09-13 10:00:00+09:00,3395.0,3405.0,3110.0,3205.0,4337560,0.0,0.0
2023-09-13 11:00:00+09:00,3210.0,3255.0,3155.0,3240.0,672040,0.0,0.0
2023-09-13 12:00:00+09:00,3245.0,3335.0,3145.0,3165.0,1751364,0.0,0.0
2023-09-13 13:00:00+09:00,3160.0,3190.0,3110.0,3165.0,518711,0.0,0.0
2023-09-13 14:00:00+09:00,3165.0,3165.0,3105.0,3110.0,370900,0.0,0.0
2023-09-14 09:00:00+09:00,3075.0,3135.0,3015.0,3050.0,682448,0.0,0.0
2023-09-14 10:00:00+09:00,3055.0,3085.0,3030.0,3080.0,181894,0.0,0.0
2023-09-14 11:00:00+09:00,3080.0,3085.0,3035.0,3065.0,71138,0.0,0.0
2023-09-14 12:00:00+09:00,3065.0,3100.0,3045.0,3095.0,101053,0.0,0.0
2023-09-14 13:00:00+09:00,3095.0,3130.0,3065.0,3100.0,151781,0.0,0.0
2023-09-14 14:00:00+09:00,3105.0,3175.0,3095.0,3155.0,213639,0.0,0.0
2023-09-15 09:00:00+09:00,3120.0,3165.0,3090.0,3125.0,266437,0.0,0.0
2023-09-15 10:00:00+09:00,3125.0,3170.0,3110.0,3135.0,142129,0.0,0.0
2023-09-15 11:00:00+09:00,3135.0,3150.0,3110.0,3115.0,76902,0.0,0.0
2023-09-15 12:00:00+09:00,3115.0,3125.0,3055.0,3115.0,308591,0.0,0.0
2023-09-15 13:00:00+09:00,3095.0,3105.0,3030.0,3080.0,110804,0.0,0.0
2023-09-15 14:00:00+09:00,3085.0,3085.0,3055.0,3075.0,77306,0.0,0.0
2023-09-18 09:00:00+09:00,3015.0,3105.0,3015.0,3060.0,0,0.0,0.0
2023-09-18 10:00:00+09:00,3055.0,3125.0,3050.0,3100.0,123053,0.0,0.0
2023-09-18 11:00:00+09:00,3095.0,3095.0,3045.0,3075.0,75873,0.0,0.0
2023-09-18 12:00:00+09:00,3075.0,3075.0,3040.0,3065.0,29139,0.0,0.0
2023-09-18 13:00:00+09:00,3065.0,3070.0,3030.0,3030.0,43089,0.0,0.0
2023-09-18 14:00:00+09:00,3035.0,3070.0,3035.0,3045.0,44333,0.0,0.0
2023-09-19 09:00:00+09:00,3075.0,3085.0,2950.0,2960.0,278661,0.0,0.0
2023-09-19 10:00:00+09:00,2960.0,3050.0,2960.0,2975.0,69884,0.0,0.0
2023-09-19 11:00:00+09:00,2975.0,2985.0,2950.0,2975.0,62477,0.0,0.0
2023-09-19 12:00:00+09:00,2970.0,2980.0,2950.0,2970.0,33738,0.0,0.0
2023-09-19 13:00:00+09:00,2960.0,2975.0,2935.0,2960.0,32992,0.0,0.0
2023-09-19 14:00:00+09:00,2960.0,2965.0,2940.0,2940.0,38927,0.0,0.0
2023-09-20 09:00:00+09:00,2995.0,3365.0,2985.0,3200.0,5903495,0.0,0.0
2023-09-20 10:00:00+09:00,3195.0,3310.0,3180.0,3210.0,1187045,0.0,0.0
2023-09-20 11:00:00+09:00,3210.0,3310.0,3195.0,3230.0,692214,0.0,0.0
2023-09-20 12:00:00+09:00,3230.0,3290.0,3105.0,3130.0,669658,0.0,0.0
2023-09-20 13:00:00+09:00,3130.0,3310.0,3025.0,3235.0,1728586,0.0,0.0
2023-09-20 14:00:00+09:00,3235.0,3270.0,3110.0,3230.0,869539,0.0,0.0
2023-09-21 09:00:00+09:00,3280.0,3325.0,3125.0,3170.0,1222964,0.0,0.0
2023-09-21 10:00:00+09:00,3165.0,3220.0,3110.0,3175.0,415868,0.0,0.0
2023-09-21 11:00:00+09:00,3175.0,3195.0,3150.0,3170.0,83189,0.0,0.0
2023-09-21 12:00:00+09:00,3170.0,3180.0,3130.0,3140.0,92885,0.0,0.0
2023-09-21 13:00:00+09:00,3140.0,3225.0,3130.0,3195.0,147501,0.0,0.0
2023-09-21 14:00:00+09:00,3195.0,3205.0,3150.0,3155.0,137337,0.0,0.0
2023-09-22 09:00:00+09:00,3080.0,3150.0,3030.0,3100.0,413372,0.0,0.0
2023-09-22 10:00:00+09:00,3100.0,3185.0,3100.0,3120.0,152104,0.0,0.0
2023-09-22 11:00:00+09:00,3120.0,3140.0,3095.0,3095.0,55145,0.0,0.0
2023-09-22 12:00:00+09:00,3095.0,3125.0,3060.0,3095.0,122824,0.0,0.0
2023-09-22 13:00:00+09:00,3085.0,3100.0,3045.0,3080.0,91053,0.0,0.0
2023-09-22 14:00:00+09:00,3080.0,3095.0,3035.0,3045.0,149118,0.0,0.0
2023-09-25 09:00:00+09:00,3005.0,3065.0,2930.0,2970.0,0,0.0,0.0
2023-09-25 10:00:00+09:00,2970.0,3010.0,2960.0,2995.0,77989,0.0,0.0
2023-09-25 11:00:00+09:00,2990.0,2990.0,2955.0,2970.0,47939,0.0,0.0
2023-09-25 12:00:00+09:00,2970.0,2985.0,2955.0,2960.0,36378,0.0,0.0
2023-09-25 13:00:00+09:00,2955.0,2975.0,2945.0,2955.0,60117,0.0,0.0
2023-09-25 14:00:00+09:00,2960.0,2970.0,2870.0,2890.0,193655,0.0,0.0
2023-09-26 09:00:00+09:00,2855.0,2970.0,2840.0,2855.0,217185,0.0,0.0
2023-09-26 10:00:00+09:00,2855.0,2910.0,2845.0,2865.0,66789,0.0,0.0
2023-09-26 11:00:00+09:00,2865.0,2870.0,2815.0,2820.0,56750,0.0,0.0
2023-09-26 12:00:00+09:00,2820.0,2855.0,2810.0,2815.0,49802,0.0,0.0
2023-09-26 13:00:00+09:00,2815.0,2835.0,2785.0,2830.0,120178,0.0,0.0
2023-09-26 14:00:00+09:00,2830.0,2900.0,2820.0,2870.0,76163,0.0,0.0
2023-09-27 09:00:00+09:00,2805.0,2925.0,2805.0,2925.0,134344,0.0,0.0
2023-09-27 10:00:00+09:00,2905.0,3045.0,2905.0,3005.0,309243,0.0,0.0
2023-09-27 11:00:00+09:00,3005.0,3020.0,2905.0,2940.0,198012,0.0,0.0
2023-09-27 12:00:00+09:00,2940.0,2970.0,2920.0,2960.0,34977,0.0,0.0
2023-09-27 13:00:00+09:00,2960.0,2965.0,2945.0,2960.0,18087,0.0,0.0
2023-09-27 14:00:00+09:00,2960.0,3025.0,2955.0,3000.0,112791,0.0,0.0
2023-10-04 09:00:00+09:00,2935.0,3140.0,2915.0,3020.0,0,0.0,0.0
2023-10-04 10:00:00+09:00,3030.0,3065.0,3000.0,3060.0,116909,0.0,0.0
2023-10-04 11:00:00+09:00,3050.0,3100.0,3045.0,3065.0,106684,0.0,0.0
2023-10-04 12:00:00+09:00,3065.0,3410.0,3065.0,3300.0,5701882,0.0,0.0
2023-10-04 13:00:00+09:00,3300.0,3375.0,3135.0,3305.0,3514434,0.0,0.0
2023-10-04 14:00:00+09:00,3300.0,3390.0,3220.0,3280.0,2973189,0.0,0.0
2023-10-05 09:00:00+09:00,3240.0,3540.0,3190.0,3265.0,4455332,0.0,0.0
2023-10-05 10:00:00+09:00,3270.0,3270.0,3145.0,3190.0,628174,0.0,0.0
2023-10-05 11:00:00+09:00,3190.0,3230.0,3185.0,3205.0,164839,0.0,0.0
2023-10-05 12:00:00+09:00,3205.0,3215.0,3180.0,3200.0,121149,0.0,0.0
2023-10-05 13:00:00+09:00,3205.0,3250.0,3195.0,3225.0,219493,0.0,0.0
2023-10-05 14:00:00+09:00,3225.0,3235.0,3110.0,3145.0,367547,0.0,0.0
2023-10-06 09:00:00+09:00,3215.0,3515.0,3195.0,3450.0,5871253,0.0,0.0
2023-10-06 10:00:00+09:00,3450.0,3490.0,3335.0,3345.0,1951873,0.0,0.0
2023-10-06 11:00:00+09:00,3345.0,3385.0,3300.0,3330.0,597954,0.0,0.0
2023-10-06 12:00:00+09:00,3330.0,3360.0,3325.0,3335.0,240067,0.0,0.0
2023-10-06 13:00:00+09:00,3330.0,3525.0,3320.0,3435.0,3840725,0.0,0.0
2023-10-06 14:00:00+09:00,3440.0,3445.0,3355.0,3370.0,995330,0.0,0.0
2023-10-10 09:00:00+09:00,3380.0,3385.0,3250.0,3335.0,0,0.0,0.0
2023-10-10 10:00:00+09:00,3335.0,3360.0,3300.0,3355.0,145205,0.0,0.0
2023-10-10 11:00:00+09:00,3350.0,3375.0,3305.0,3340.0,161983,0.0,0.0
2023-10-10 12:00:00+09:00,3340.0,3350.0,3255.0,3280.0,174731,0.0,0.0
2023-10-10 13:00:00+09:00,3270.0,3275.0,3195.0,3255.0,319355,0.0,0.0
2023-10-10 14:00:00+09:00,3260.0,3270.0,3175.0,3185.0,253610,0.0,0.0
2023-10-11 09:00:00+09:00,3235.0,3315.0,3235.0,3305.0,751392,0.0,0.0
2023-10-11 10:00:00+09:00,3310.0,3360.0,3285.0,3305.0,504352,0.0,0.0
2023-10-11 11:00:00+09:00,3305.0,3320.0,3270.0,3270.0,116904,0.0,0.0
2023-10-11 12:00:00+09:00,3275.0,3320.0,3275.0,3315.0,85346,0.0,0.0
2023-10-11 13:00:00+09:00,3315.0,3330.0,3270.0,3280.0,160754,0.0,0.0
2023-10-11 14:00:00+09:00,3280.0,3290.0,3200.0,3225.0,229741,0.0,0.0
2023-10-12 09:00:00+09:00,3210.0,3520.0,3210.0,3395.0,3674759,0.0,0.0
2023-10-12 10:00:00+09:00,3400.0,3660.0,3335.0,3580.0,7482605,0.0,0.0
2023-10-12 11:00:00+09:00,3570.0,3650.0,3440.0,3530.0,4671469,0.0,0.0
2023-10-12 12:00:00+09:00,3535.0,3555.0,3460.0,3505.0,893673,0.0,0.0
2023-10-12 13:00:00+09:00,3500.0,3590.0,3480.0,3500.0,1534799,0.0,0.0
2023-10-12 14:00:00+09:00,3510.0,3600.0,3485.0,3545.0,1015491,0.0,0.0
2023-10-13 09:00:00+09:00,3475.0,3510.0,3370.0,3390.0,1643229,0.0,0.0
2023-10-13 10:00:00+09:00,3385.0,3410.0,3345.0,3365.0,457452,0.0,0.0
2023-10-13 11:00:00+09:00,3365.0,3375.0,3325.0,3335.0,256107,0.0,0.0
2023-10-13 12:00:00+09:00,3335.0,3355.0,3270.0,3280.0,374693,0.0,0.0
2023-10-13 13:00:00+09:00,3275.0,3310.0,3250.0,3295.0,247979,0.0,0.0
2023-10-13 14:00:00+09:00,3295.0,3325.0,3285.0,3320.0,195986,0.0,0.0
2023-10-16 09:00:00+09:00,3335.0,3395.0,3250.0,3360.0,0,0.0,0.0
2023-10-16 10:00:00+09:00,3360.0,3420.0,3350.0,3355.0,420017,0.0,0.0
2023-10-16 11:00:00+09:00,3360.0,3410.0,3340.0,3350.0,227782,0.0,0.0
2023-10-16 12:00:00+09:00,3350.0,3465.0,3300.0,3325.0,908728,0.0,0.0
2023-10-16 13:00:00+09:00,3330.0,3375.0,3330.0,3360.0,161209,0.0,0.0
2023-10-16 14:00:00+09:00,3360.0,3360.0,3290.0,3335.0,221377,0.0,0.0
2023-10-17 09:00:00+09:00,3420.0,3880.0,3420.0,3690.0,16574116,0.0,0.0
2023-10-17 10:00:00+09:00,3695.0,3805.0,3660.0,3735.0,4291954,0.0,0.0
2023-10-17 11:00:00+09:00,3735.0,3780.0,3660.0,3685.0,1311659,0.0,0.0
2023-10-17 12:00:00+09:00,3685.0,3760.0,3670.0,3705.0,869027,0.0,0.0
2023-10-17 13:00:00+09:00,3700.0,3780.0,3515.0,3545.0,2874177,0.0,0.0
2023-10-17 14:00:00+09:00,3545.0,3590.0,3500.0,3575.0,924991,0.0,0.0
2023-10-18 09:00:00+09:00,3605.0,3660.0,3505.0,3630.0,1770006,0.0,0.0
2023-10-18 10:00:00+09:00,3630.0,3730.0,3570.0,3615.0,2025550,0.0,0.0
2023-10-18 11:00:00+09:00,3610.0,3690.0,3550.0,3590.0,480170,0.0,0.0
2023-10-18 12:00:00+09:00,3590.0,3655.0,3580.0,3650.0,191485,0.0,0.0
2023-10-18 13:00:00+09:00,3655.0,3675.0,3625.0,3650.0,312780,0.0,0.0
2023-10-18 14:00:00+09:00,3650.0,3745.0,3595.0,3725.0,1500247,0.0,0.0
2023-10-19 09:00:00+09:00,3470.0,3520.0,3320.0,3465.0,1526688,0.0,0.0
2023-10-19 10:00:00+09:00,3465.0,3525.0,3390.0,3405.0,441844,0.0,0.0
2023-10-19 11:00:00+09:00,3415.0,3420.0,3355.0,3385.0,249580,0.0,0.0
2023-10-19 12:00:00+09:00,3385.0,3435.0,3365.0,3430.0,188504,0.0,0.0
2023-10-19 13:00:00+09:00,3425.0,3430.0,3385.0,3425.0,102310,0.0,0.0
2023-10-19 14:00:00+09:00,3420.0,3435.0,3385.0,3430.0,202948,0.0,0.0
2023-10-20 09:00:00+09:00,3270.0,3350.0,3220.0,3300.0,643998,0.0,0.0
2023-10-20 10:00:00+09:00,3300.0,3355.0,3265.0,3275.0,189837,0.0,0.0
2023-10-20 11:00:00+09:00,3275.0,3290.0,3135.0,3265.0,417117,0.0,0.0
2023-10-20 12:00:00+09:00,3270.0,3280.0,3230.0,3270.0,120299,0.0,0.0
2023-10-20 13:00:00+09:00,3270.0,3420.0,3250.0,3395.0,350580,0.0,0.0
2023-10-20 14:00:00+09:00,3390.0,3390.0,3240.0,3270.0,229158,0.0,0.0
2023-10-23 09:00:00+09:00,3270.0,3375.0,3210.0,3260.0,0,0.0,0.0
2023-10-23 10:00:00+09:00,3260.0,3265.0,3215.0,3260.0,91763,0.0,0.0
2023-10-23 11:00:00+09:00,3260.0,3265.0,3145.0,3150.0,183286,0.0,0.0
2023-10-23 12:00:00+09:00,3170.0,3190.0,3150.0,3190.0,57891,0.0,0.0
2023-10-23 13:00:00+09:00,3185.0,3190.0,3135.0,3140.0,142711,0.0,0.0
2023-10-23 14:00:00+09:00,3150.0,3165.0,3085.0,3100.0,252898,0.0,0.0
2023-10-24 09:00:00+09:00,3075.0,3150.0,3025.0,3050.0,314660,0.0,0.0
2023-10-24 10:00:00+09:00,3050.0,3065.0,3000.0,3025.0,208870,0.0,0.0
2023-10-24 11:00:00+09:00,3030.0,3100.0,3015.0,3070.0,131250,0.0,0.0
2023-10-24 12:00:00+09:00,3070.0,3125.0,3055.0,3120.0,74695,0.0,0.0
2023-10-24 13:00:00+09:00,3120.0,3150.0,3100.0,3135.0,88361,0.0,0.0
2023-10-24 14:00:00+09:00,3140.0,3185.0,3140.0,3170.0,119022,0.0,0.0
2023-10-25 09:00:00+09:00,3220.0,3240.0,3170.0,3180.0,296527,0.0,0.0
2023-10-25 10:00:00+09:00,3180.0,3220.0,3160.0,3195.0,71765,0.0,0.0
2023-10-25 11:00:00+09:00,3190.0,3255.0,3180.0,3235.0,120939,0.0,0.0
2023-10-25 12:00:00+09:00,3235.0,3250.0,3170.0,3170.0,72254,0.0,0.0
2023-10-25 13:00:00+09:00,3175.0,3205.0,3160.0,3170.0,57185,0.0,0.0
2023-10-25 14:00:00+09:00,3170.0,3195.0,3165.0,3175.0,71912,0.0,0.0
2023-10-26 09:00:00+09:00,3035.0,3100.0,3015.0,3015.0,305153,0.0,0.0
2023-10-26 10:00:00+09:00,3035.0,3060.0,3020.0,3025.0,104548,0.0,0.0
2023-10-26 11:00:00+09:00,3025.0,3030.0,2985.0,3000.0,200542,0.0,0.0
2023-10-26 12:00:00+09:00,3000.0,3040.0,2995.0,3015.0,57221,0.0,0.0
2023-10-26 13:00:00+09:00,3015.0,3040.0,2980.0,2985.0,90658,0.0,0.0
2023-10-26 14:00:00+09:00,2990.0,3025.0,2960.0,3020.0,80411,0.0,0.0
2023-10-27 09:00:00+09:00,2980.0,3065.0,2880.0,2915.0,302897,0.0,0.0
2023-10-27 10:00:00+09:00,2915.0,3015.0,2910.0,3010.0,95083,0.0,0.0
2023-10-27 11:00:00+09:00,3005.0,3015.0,2975.0,2990.0,54245,0.0,0.0
2023-10-27 12:00:00+09:00,2990.0,2995.0,2930.0,2935.0,43451,0.0,0.0
2023-10-27 13:00:00+09:00,2940.0,2940.0,2840.0,2925.0,147267,0.0,0.0
2023-10-27 14:00:00+09:00,2930.0,2930.0,2880.0,2910.0,56381,0.0,0.0
2023-10-30 09:00:00+09:00,2880.0,2930.0,2845.0,2900.0,0,0.0,0.0
2023-10-30 10:00:00+09:00,2900.0,2960.0,2895.0,2960.0,63638,0.0,0.0
2023-10-30 11:00:00+09:00,2960.0,2960.0,2915.0,2935.0,38461,0.0,0.0
2023-10-30 12:00:00+09:00,2930.0,2970.0,2925.0,2955.0,33027,0.0,0.0
2023-10-30 13:00:00+09:00,2960.0,2975.0,2930.0,2950.0,39872,0.0,0.0
2023-10-30 14:00:00+09:00,2940.0,2940.0,2915.0,2940.0,26034,0.0,0.0
2023-10-31 09:00:00+09:00,2965.0,3045.0,2835.0,2840.0,220610,0.0,0.0
2023-10-31 10:00:00+09:00,2850.0,2900.0,2820.0,2830.0,90206,0.0,0.0
2023-10-31 11:00:00+09:00,2830.0,2850.0,2760.0,2770.0,158977,0.0,0.0
2023-10-31 12:00:00+09:00,2770.0,2800.0,2715.0,2740.0,134349,0.0,0.0
2023-10-31 13:00:00+09:00,2740.0,2795.0,2710.0,2735.0,67644,0.0,0.0
2023-10-31 14:00:00+09:00,2735.0,2775.0,2730.0,2735.0,59062,0.0,0.0
2023-11-01 09:00:00+09:00,2760.0,2915.0,2760.0,2880.0,377631,0.0,0.0
2023-11-01 10:00:00+09:00,2885.0,2920.0,2825.0,2835.0,134586,0.0,0.0
2023-11-01 11:00:00+09:00,2835.0,2885.0,2830.0,2855.0,38961,0.0,0.0
2023-11-01 12:00:00+09:00,2855.0,2905.0,2855.0,2885.0,38541,0.0,0.0
2023-11-01 13:00:00+09:00,2880.0,2890.0,2855.0,2865.0,39016,0.0,0.0
2023-11-01 14:00:00+09:00,2865.0,2890.0,2840.0,2865.0,53323,0.0,0.0
2023-11-02 09:00:00+09:00,2880.0,2965.0,2880.0,2950.0,444736,0.0,0.0
2023-11-02 10:00:00+09:00,2955.0,2975.0,2935.0,2940.0,82958,0.0,0.0
2023-11-02 11:00:00+09:00,2945.0,3000.0,2940.0,2970.0,102158,0.0,0.0
2023-11-02 12:00:00+09:00,2970.0,3005.0,2965.0,2990.0,58849,0.0,0.0
2023-11-02 13:00:00+09:00,2995.0,2995.0,2965.0,2995.0,54475,0.0,0.0
2023-11-02 14:00:00+09:00,2985.0,2995.0,2980.0,2985.0,54647,0.0,0.0
2023-11-03 09:00:00+09:00,3100.0,3110.0,2960.0,3025.0,206471,0.0,0.0
2023-11-03 10:00:00+09:00,3020.0,3060.0,3010.0,3050.0,63643,0.0,0.0
2023-11-03 11:00:00+09:00,3050.0,3070.0,3040.0,3045.0,25082,0.0,0.0
2023-11-03 12:00:00+09:00,3045.0,3055.0,3025.0,3025.0,39486,0.0,0.0
2023-11-03 13:00:00+09:00,3030.0,3040.0,3010.0,3025.0,31301,0.0,0.0
2023-11-03 14:00:00+09:00,3035.0,3065.0,3005.0,3055.0,50379,0.0,0.0
2023-11-06 09:00:00+09:00,3065.0,3100.0,3000.0,3065.0,0,0.0,0.0
2023-11-06 10:00:00+09:00,3070.0,3095.0,3045.0,3070.0,77046,0.0,0.0
2023-11-06 11:00:00+09:00,3075.0,3100.0,3060.0,3090.0,49954,0.0,0.0
2023-11-06 12:00:00+09:00,3090.0,3115.0,3070.0,3095.0,68533,0.0,0.0
2023-11-06 13:00:00+09:00,3095.0,3105.0,3080.0,3100.0,30102,0.0,0.0
2023-11-06 14:00:00+09:00,3095.0,3110.0,3080.0,3090.0,101406,0.0,0.0
2023-11-07 09:00:00+09:00,3075.0,3130.0,3060.0,3085.0,128098,0.0,0.0
2023-11-07 10:00:00+09:00,3095.0,3110.0,3070.0,3105.0,58964,0.0,0.0
2023-11-07 11:00:00+09:00,3105.0,3105.0,3030.0,3040.0,98305,0.0,0.0
2023-11-07 12:00:00+09:00,3040.0,3080.0,3025.0,3070.0,46015,0.0,0.0
2023-11-07 13:00:00+09:00,3070.0,3105.0,3065.0,3090.0,34884,0.0,0.0
2023-11-07 14:00:00+09:00,3090.0,3100.0,3070.0,3075.0,29253,0.0,0.0
2023-11-08 09:00:00+09:00,3075.0,3145.0,3075.0,3105.0,101219,0.0,0.0
2023-11-08 10:00:00+09:00,3115.0,3120.0,3080.0,3100.0,54360,0.0,0.0
2023-11-08 11:00:00+09:00,3105.0,3115.0,3080.0,3085.0,0,0.0,0.0
2023-11-08 12:00:00+09:00,3085.0,3090.0,3045.0,3050.0,225758,0.0,0.0
2023-11-08 13:00:00+09:00,3045.0,3075.0,3025.0,3055.0,35456,0.0,0.0
2023-11-08 14:00:00+09:00,3055.0,3065.0,3030.0,3040.0,35248,0.0,0.0
2023-11-09 09:00:00+09:00,3030.0,3055.0,2960.0,2970.0,100849,0.0,0.0
2023-11-09 10:00:00+09:00,2965.0,3035.0,2945.0,3005.0,38706,0.0,0.0
2023-11-09 11:00:00+09:00,3010.0,3035.0,3005.0,3035.0,7765,0.0,0.0
2023-11-09 12:00:00+09:00,3035.0,3035.0,2985.0,3000.0,20764,0.0,0.0
2023-11-09 13:00:00+09:00,2995.0,3010.0,2960.0,2965.0,35445,0.0,0.0
2023-11-09 14:00:00+09:00,2965.0,3005.0,2960.0,2995.0,20861,0.0,0.0
2023-11-10 09:00:00+09:00,2935.0,3000.0,2855.0,2915.0,135744,0.0,0.0
2023-11-10 10:00:00+09:00,2915.0,2935.0,2895.0,2930.0,22045,0.0,0.0
2023-11-10 11:00:00+09:00,2930.0,2930.0,2895.0,2905.0,14483,0.0,0.0
2023-11-10 12:00:00+09:00,2900.0,2920.0,2875.0,2900.0,19552,0.0,0.0
2023-11-10 13:00:00+09:00,2895.0,2920.0,2890.0,2915.0,16585,0.0,0.0
2023-11-10 14:00:00+09:00,2915.0,2925.0,2885.0,2895.0,8635,0.0,0.0
2023-11-13 09:00:00+09:00,2935.0,2960.0,2800.0,2855.0,0,0.0,0.0
2023-11-13 10:00:00+09:00,2855.0,2865.0,2830.0,2855.0,47869,0.0,0.0
2023-11-13 11:00:00+09:00,2860.0,2865.0,2815.0,2825.0,96080,0.0,0.0
2023-11-13 12:00:00+09:00,2820.0,2830.0,2805.0,2820.0,34760,0.0,0.0
2023-11-13 13:00:00+09:00,2830.0,2840.0,2810.0,2815.0,40372,0.0,0.0
2023-11-13 14:00:00+09:00,2810.0,2820.0,2805.0,2810.0,37480,0.0,0.0
2023-11-14 09:00:00+09:00,2800.0,2885.0,2800.0,2880.0,76201,0.0,0.0
2023-11-14 10:00:00+09:00,2880.0,2900.0,2870.0,2890.0,31020,0.0,0.0
2023-11-14 11:00:00+09:00,2890.0,2905.0,2880.0,2895.0,20919,0.0,0.0
2023-11-14 12:00:00+09:00,2900.0,2940.0,2885.0,2925.0,29430,0.0,0.0
2023-11-14 13:00:00+09:00,2925.0,2935.0,2900.0,2910.0,23057,0.0,0.0
2023-11-14 14:00:00+09:00,2910.0,2920.0,2890.0,2910.0,20627,0.0,0.0
2023-11-15 09:00:00+09:00,2965.0,3010.0,2935.0,2990.0,119487,0.0,0.0
2023-11-15 10:00:00+09:00,2990.0,3000.0,2945.0,2975.0,65338,0.0,0.0
2023-11-15 11:00:00+09:00,2970.0,2985.0,2965.0,2970.0,20784,0.0,0.0
2023-11-15 12:00:00+09:00,2975.0,2995.0,2965.0,2995.0,28134,0.0,0.0
2023-11-15 13:00:00+09:00,2985.0,3000.0,2960.0,2970.0,20077,0.0,0.0
2023-11-15 14:00:00+09:00,2980.0,2985.0,2960.0,2970.0,12834,0.0,0.0
2023-11-16 10:00:00+09:00,3040.0,3155.0,2985.0,3070.0,604957,0.0,0.0
2023-11-16 11:00:00+09:00,3080.0,3095.0,3040.0,3045.0,115211,0.0,0.0
2023-11-16 12:00:00+09:00,3050.0,3070.0,3040.0,3055.0,24950,0.0,0.0
2023-11-16 13:00:00+09:00,3055.0,3080.0,3050.0,3055.0,39403,0.0,0.0
2023-11-16 14:00:00+09:00,3060.0,3060.0,3025.0,3050.0,39345,0.0,0.0
2023-11-17 09:00:00+09:00,3050.0,3065.0,2955.0,2985.0,160325,0.0,0.0
2023-11-17 10:00:00+09:00,2985.0,3000.0,2960.0,2970.0,45446,0.0,0.0
2023-11-17 11:00:00+09:00,2970.0,2985.0,2960.0,2975.0,18597,0.0,0.0
2023-11-17 12:00:00+09:00,2985.0,2995.0,2970.0,2970.0,25702,0.0,0.0
2023-11-17 13:00:00+09:00,2980.0,2985.0,2965.0,2975.0,19543,0.0,0.0
2023-11-17 14:00:00+09:00,2985.0,2985.0,2955.0,2980.0,47392,0.0,0.0
2023-11-20 09:00:00+09:00,2955.0,2990.0,2910.0,2975.0,0,0.0,0.0
2023-11-20 10:00:00+09:00,2975.0,2980.0,2945.0,2980.0,20605,0.0,0.0
2023-11-20 11:00:00+09:00,2980.0,3010.0,2960.0,3005.0,29244,0.0,0.0
2023-11-20 12:00:00+09:00,3005.0,3010.0,2995.0,3005.0,14662,0.0,0.0
2023-11-20 13:00:00+09:00,3000.0,3005.0,2990.0,3005.0,15747,0.0,0.0
2023-11-20 14:00:00+09:00,3000.0,3015.0,2985.0,3005.0,31382,0.0,0.0
2023-11-21 09:00:00+09:00,3000.0,3070.0,2975.0,3035.0,142098,0.0,0.0
2023-11-21 10:00:00+09:00,3040.0,3080.0,3035.0,3065.0,99685,0.0,0.0
2023-11-21 11:00:00+09:00,3065.0,3065.0,3050.0,3050.0,23367,0.0,0.0
2023-11-21 12:00:00+09:00,3060.0,3060.0,3040.0,3050.0,24293,0.0,0.0
2023-11-21 13:00:00+09:00,3050.0,3060.0,3040.0,3055.0,47940,0.0,0.0
2023-11-21 14:00:00+09:00,3055.0,3105.0,3050.0,3065.0,157916,0.0,0.0
2023-11-22 09:00:00+09:00,3045.0,3080.0,3015.0,3025.0,129208,0.0,0.0
2023-11-22 10:00:00+09:00,3035.0,3040.0,3015.0,3030.0,48897,0.0,0.0
2023-11-22 11:00:00+09:00,3035.0,3050.0,3025.0,3050.0,14492,0.0,0.0
2023-11-22 12:00:00+09:00,3050.0,3055.0,3030.0,3035.0,22129,0.0,0.0
2023-11-22 13:00:00+09:00,3035.0,3065.0,3035.0,3055.0,10006,0.0,0.0
2023-11-22 14:00:00+09:00,3055.0,3070.0,3045.0,3060.0,36762,0.0,0.0
2023-11-23 09:00:00+09:00,3055.0,3060.0,3000.0,3035.0,84976,0.0,0.0
2023-11-23 10:00:00+09:00,3035.0,3040.0,3015.0,3020.0,49128,0.0,0.0
2023-11-23 11:00:00+09:00,3025.0,3030.0,2995.0,3020.0,68873,0.0,0.0
2023-11-23 12:00:00+09:00,3015.0,3025.0,3000.0,3005.0,33016,0.0,0.0
2023-11-23 13:00:00+09:00,3005.0,3010.0,2995.0,3010.0,47338,0.0,0.0
2023-11-23 14:00:00+09:00,3010.0,3010.0,2985.0,2995.0,46631,0.0,0.0
2023-11-24 09:00:00+09:00,3015.0,3090.0,2995.0,3050.0,281112,0.0,0.0
2023-11-24 10:00:00+09:00,3055.0,3060.0,3025.0,3025.0,50175,0.0,0.0
2023-11-24 11:00:00+09:00,3030.0,3040.0,3015.0,3015.0,36758,0.0,0.0
2023-11-24 12:00:00+09:00,3015.0,3020.0,3000.0,3010.0,62360,0.0,0.0
2023-11-24 13:00:00+09:00,3005.0,3010.0,2990.0,2990.0,38798,0.0,0.0
2023-11-24 14:00:00+09:00,2990.0,3050.0,2990.0,3040.0,111922,0.0,0.0
2023-11-27 09:00:00+09:00,3085.0,3085.0,2950.0,2985.0,0,0.0,0.0
2023-11-27 10:00:00+09:00,2995.0,3000.0,2975.0,2985.0,37525,0.0,0.0
2023-11-27 11:00:00+09:00,2985.0,2995.0,2970.0,2985.0,44472,0.0,0.0
2023-11-27 12:00:00+09:00,2985.0,2985.0,2965.0,2970.0,40235,0.0,0.0
2023-11-27 13:00:00+09:00,2975.0,2975.0,2965.0,2975.0,28574,0.0,0.0
2023-11-27 14:00:00+09:00,2965.0,2975.0,2955.0,2960.0,42510,0.0,0.0
2023-11-28 09:00:00+09:00,3070.0,3170.0,3015.0,3085.0,1301410,0.0,0.0
2023-11-28 10:00:00+09:00,3085.0,3090.0,3050.0,3050.0,136587,0.0,0.0
2023-11-28 11:00:00+09:00,3045.0,3100.0,3040.0,3060.0,137253,0.0,0.0
2023-11-28 12:00:00+09:00,3065.0,3075.0,3035.0,3045.0,61705,0.0,0.0
2023-11-28 13:00:00+09:00,3040.0,3050.0,3030.0,3050.0,59605,0.0,0.0
2023-11-28 14:00:00+09:00,3045.0,3060.0,3030.0,3030.0,65248,0.0,0.0
2023-11-29 09:00:00+09:00,3050.0,3080.0,2990.0,3025.0,135211,0.0,0.0
2023-11-29 10:00:00+09:00,3025.0,3055.0,3025.0,3025.0,37079,0.0,0.0
2023-11-29 11:00:00+09:00,3035.0,3045.0,3025.0,3035.0,27733,0.0,0.0
2023-11-29 12:00:00+09:00,3030.0,3035.0,3015.0,3015.0,29466,0.0,0.0
2023-11-29 13:00:00+09:00,3030.0,3040.0,3015.0,3025.0,19204,0.0,0.0
2023-11-29 14:00:00+09:00,3025.0,3030.0,2965.0,2975.0,118870,0.0,0.0
2023-11-30 09:00:00+09:00,2970.0,3000.0,2915.0,2960.0,141955,0.0,0.0
2023-11-30 10:00:00+09:00,2955.0,2970.0,2940.0,2960.0,28409,0.0,0.0
2023-11-30 11:00:00+09:00,2955.0,2965.0,2950.0,2965.0,12724,0.0,0.0
2023-11-30 12:00:00+09:00,2960.0,2965.0,2945.0,2960.0,23723,0.0,0.0
2023-11-30 13:00:00+09:00,2955.0,2960.0,2945.0,2960.0,21191,0.0,0.0
2023-11-30 14:00:00+09:00,2955.0,2960.0,2940.0,2945.0,57668,0.0,0.0
2023-12-01 09:00:00+09:00,2945.0,2955.0,2910.0,2920.0,111664,0.0,0.0
2023-12-01 10:00:00+09:00,2920.0,2940.0,2910.0,2930.0,30252,0.0,0.0
2023-12-01 11:00:00+09:00,2925.0,2935.0,2910.0,2920.0,46263,0.0,0.0
2023-12-01 12:00:00+09:00,2920.0,2920.0,2905.0,2915.0,54046,0.0,0.0
2023-12-01 13:00:00+09:00,2910.0,2920.0,2905.0,2915.0,24392,0.0,0.0
2023-12-01 14:00:00+09:00,2910.0,2920.0,2900.0,2910.0,54835,0.0,0.0
2023-12-04 09:00:00+09:00,2920.0,2940.0,2860.0,2875.0,0,0.0,0.0
2023-12-04 10:00:00+09:00,2880.0,2885.0,2860.0,2880.0,50902,0.0,0.0
2023-12-04 11:00:00+09:00,2880.0,2890.0,2865.0,2875.0,17739,0.0,0.0
2023-12-04 12:00:00+09:00,2875.0,2890.0,2860.0,2880.0,34862,0.0,0.0
2023-12-04 13:00:00+09:00,2875.0,2885.0,2875.0,2880.0,12448,0.0,0.0
2023-12-04 14:00:00+09:00,2875.0,2885.0,2875.0,2875.0,15719,0.0,0.0
2023-12-05 09:00:00+09:00,2850.0,2905.0,2850.0,2880.0,60609,0.0,0.0
2023-12-05 10:00:00+09:00,2880.0,2890.0,2860.0,2890.0,33882,0.0,0.0
2023-12-05 11:00:00+09:00,2890.0,2890.0,2860.0,2860.0,14993,0.0,0.0
2023-12-05 12:00:00+09:00,2865.0,2875.0,2850.0,2855.0,32654,0.0,0.0
2023-12-05 13:00:00+09:00,2855.0,2870.0,2830.0,2830.0,51409,0.0,0.0
2023-12-05 14:00:00+09:00,2835.0,2845.0,2815.0,2830.0,68509,0.0,0.0
2023-12-06 09:00:00+09:00,2810.0,2845.0,2790.0,2805.0,83762,0.0,0.0
2023-12-06 10:00:00+09:00,2805.0,2840.0,2805.0,2840.0,19070,0.0,0.0
2023-12-06 11:00:00+09:00,2840.0,2855.0,2830.0,2835.0,13162,0.0,0.0
2023-12-06 12:00:00+09:00,2835.0,2840.0,2820.0,2835.0,14475,0.0,0.0
2023-12-06 13:00:00+09:00,2830.0,2835.0,2825.0,2830.0,9378,0.0,0.0
2023-12-06 14:00:00+09:00,2835.0,2835.0,2810.0,2825.0,34167,0.0,0.0
2023-12-07 09:00:00+09:00,2800.0,2820.0,2780.0,2790.0,73605,0.0,0.0
2023-12-07 10:00:00+09:00,2790.0,2790.0,2760.0,2780.0,69004,0.0,0.0
2023-12-07 11:00:00+09:00,2775.0,2785.0,2765.0,2775.0,16787,0.0,0.0
2023-12-07 12:00:00+09:00,2775.0,2780.0,2765.0,2775.0,22752,0.0,0.0
2023-12-07 13:00:00+09:00,2775.0,2785.0,2765.0,2770.0,18644,0.0,0.0
2023-12-07 14:00:00+09:00,2770.0,2790.0,2750.0,2775.0,84081,0.0,0.0
2023-12-08 09:00:00+09:00,2765.0,2805.0,2755.0,2800.0,33171,0.0,0.0
2023-12-08 10:00:00+09:00,2800.0,2800.0,2780.0,2790.0,15592,0.0,0.0
2023-12-08 11:00:00+09:00,2790.0,2805.0,2780.0,2795.0,14997,0.0,0.0
2023-12-08 12:00:00+09:00,2790.0,2795.0,2775.0,2785.0,13692,0.0,0.0
2023-12-08 13:00:00+09:00,2785.0,2790.0,2765.0,2790.0,25241,0.0,0.0
2023-12-08 14:00:00+09:00,2790.0,2810.0,2770.0,2805.0,31223,0.0,0.0
2023-12-11 09:00:00+09:00,2815.0,2855.0,2800.0,2845.0,0,0.0,0.0
2023-12-11 10:00:00+09:00,2840.0,2845.0,2820.0,2830.0,18318,0.0,0.0
2023-12-11 11:00:00+09:00,2830.0,2840.0,2810.0,2820.0,22689,0.0,0.0
2023-12-11 12:00:00+09:00,2820.0,2825.0,2805.0,2820.0,17555,0.0,0.0
2023-12-11 13:00:00+09:00,2820.0,2825.0,2810.0,2815.0,11056,0.0,0.0
2023-12-11 14:00:00+09:00,2815.0,2830.0,2805.0,2805.0,19981,0.0,0.0
2023-12-12 09:00:00+09:00,2785.0,2850.0,2785.0,2795.0,64680,0.0,0.0
2023-12-12 10:00:00+09:00,2810.0,2810.0,2795.0,2800.0,24160,0.0,0.0
2023-12-12 11:00:00+09:00,2795.0,2800.0,2790.0,2795.0,22077,0.0,0.0
2023-12-12 12:00:00+09:00,2790.0,2815.0,2785.0,2805.0,27715,0.0,0.0
2023-12-12 13:00:00+09:00,2815.0,2820.0,2805.0,2820.0,17659,0.0,0.0
2023-12-12 14:00:00+09:00,2815.0,2825.0,2805.0,2815.0,16840,0.0,0.0
2023-12-13 09:00:00+09:00,2815.0,2820.0,2775.0,2785.0,51667,0.0,0.0
2023-12-13 10:00:00+09:00,2785.0,2800.0,2775.0,2785.0,25364,0.0,0.0
2023-12-13 11:00:00+09:00,2790.0,2795.0,2770.0,2785.0,46541,0.0,0.0
2023-12-13 12:00:00+09:00,2785.0,2790.0,2780.0,2785.0,5707,0.0,0.0
2023-12-13 13:00:00+09:00,2780.0,2795.0,2775.0,2790.0,31311,0.0,0.0
2023-12-13 14:00:00+09:00,2790.0,2790.0,2780.0,2785.0,12395,0.0,0.0
2023-12-14 09:00:00+09:00,2815.0,2830.0,2795.0,2795.0,34384,0.0,0.0
2023-12-14 10:00:00+09:00,2800.0,2805.0,2775.0,2785.0,56762,0.0,0.0
2023-12-14 11:00:00+09:00,2780.0,2785.0,2760.0,2765.0,28216,0.0,0.0
2023-12-14 12:00:00+09:00,2765.0,2775.0,2760.0,2775.0,23601,0.0,0.0
2023-12-14 13:00:00+09:00,2775.0,2780.0,2770.0,2770.0,9861,0.0,0.0
2023-12-14 14:00:00+09:00,2770.0,2780.0,2770.0,2770.0,18589,0.0,0.0
2023-12-15 09:00:00+09:00,2765.0,2830.0,2765.0,2820.0,41387,0.0,0.0
2023-12-15 10:00:00+09:00,2825.0,2830.0,2795.0,2815.0,24382,0.0,0.0
2023-12-15 11:00:00+09:00,2800.0,2815.0,2790.0,2800.0,14840,0.0,0.0
2023-12-15 12:00:00+09:00,2800.0,2810.0,2785.0,2805.0,12408,0.0,0.0
2023-12-15 13:00:00+09:00,2805.0,2825.0,2800.0,2800.0,29865,0.0,0.0
2023-12-15 14:00:00+09:00,2800.0,2815.0,2790.0,2795.0,7404,0.0,0.0
2023-12-18 09:00:00+09:00,2805.0,2820.0,2775.0,2805.0,0,0.0,0.0
2023-12-18 10:00:00+09:00,2810.0,2835.0,2805.0,2830.0,16898,0.0,0.0
2023-12-18 11:00:00+09:00,2825.0,2830.0,2815.0,2820.0,14533,0.0,0.0
2023-12-18 12:00:00+09:00,2825.0,2825.0,2810.0,2825.0,17003,0.0,0.0
2023-12-18 13:00:00+09:00,2820.0,2820.0,2805.0,2815.0,11098,0.0,0.0
2023-12-18 14:00:00+09:00,2815.0,2835.0,2810.0,2830.0,27181,0.0,0.0
2023-12-19 09:00:00+09:00,2845.0,2855.0,2800.0,2825.0,34317,0.0,0.0
2023-12-19 10:00:00+09:00,2825.0,2830.0,2805.0,2820.0,33843,0.0,0.0
2023-12-19 11:00:00+09:00,2825.0,2825.0,2815.0,2820.0,16083,0.0,0.0
2023-12-19 12:00:00+09:00,2820.0,2825.0,2810.0,2820.0,6132,0.0,0.0
2023-12-19 13:00:00+09:00,2815.0,2855.0,2815.0,2825.0,64546,0.0,0.0
2023-12-19 14:00:00+09:00,2825.0,2840.0,2815.0,2830.0,10972,0.0,0.0
2023-12-20 09:00:00+09:00,2815.0,2840.0,2815.0,2835.0,27616,0.0,0.0
2023-12-20 10:00:00+09:00,2835.0,2875.0,2835.0,2860.0,67219,0.0,0.0
2023-12-20 11:00:00+09:00,2860.0,2865.0,2850.0,2860.0,10599,0.0,0.0
2023-12-20 12:00:00+09:00,2855.0,2865.0,2845.0,2860.0,17522,0.0,0.0
2023-12-20 13:00:00+09:00,2860.0,2870.0,2855.0,2865.0,25392,0.0,0.0
2023-12-20 14:00:00+09:00,2865.0,2900.0,2855.0,2890.0,67448,0.0,0.0
2023-12-21 09:00:00+09:00,2860.0,2890.0,2825.0,2870.0,61951,0.0,0.0
2023-12-21 10:00:00+09:00,2875.0,2875.0,2800.0,2815.0,60333,0.0,0.0
2023-12-21 11:00:00+09:00,2815.0,2855.0,2810.0,2835.0,16270,0.0,0.0
2023-12-21 12:00:00+09:00,2830.0,2840.0,2820.0,2820.0,25312,0.0,0.0
2023-12-21 13:00:00+09:00,2815.0,2835.0,2800.0,2810.0,17513,0.0,0.0
2023-12-21 14:00:00+09:00,2820.0,2835.0,2810.0,2820.0,16472,0.0,0.0
2023-12-22 09:00:00+09:00,2830.0,2860.0,2825.0,2855.0,47115,0.0,0.0
2023-12-22 10:00:00+09:00,2855.0,2880.0,2855.0,2870.0,38407,0.0,0.0
2023-12-22 11:00:00+09:00,2865.0,2900.0,2865.0,2875.0,46326,0.0,0.0
2023-12-22 12:00:00+09:00,2880.0,2880.0,2865.0,2865.0,14009,0.0,0.0
2023-12-22 13:00:00+09:00,2870.0,2870.0,2850.0,2855.0,13045,0.0,0.0
2023-12-22 14:00:00+09:00,2860.0,2865.0,2840.0,2850.0,16973,0.0,0.0
2023-12-26 09:00:00+09:00,2860.0,2875.0,2810.0,2815.0,0,0.0,0.0
2023-12-26 10:00:00+09:00,2815.0,2825.0,2810.0,2815.0,23580,0.0,0.0
2023-12-26 11:00:00+09:00,2815.0,2835.0,2790.0,2810.0,47940,0.0,0.0
2023-12-26 12:00:00+09:00,2815.0,2825.0,2800.0,2805.0,8385,0.0,0.0
2023-12-26 13:00:00+09:00,2805.0,2810.0,2790.0,2800.0,13749,0.0,0.0
2023-12-26 14:00:00+09:00,2800.0,2805.0,2795.0,2800.0,9791,0.0,0.0
2023-12-27 09:00:00+09:00,2795.0,2825.0,2790.0,2795.0,28808,0.0,0.0
2023-12-27 10:00:00+09:00,2795.0,2825.0,2790.0,2825.0,15275,0.0,0.0
2023-12-27 11:00:00+09:00,2825.0,2830.0,2805.0,2825.0,14475,0.0,0.0
2023-12-27 12:00:00+09:00,2825.0,2830.0,2805.0,2830.0,13560,0.0,0.0
2023-12-27 13:00:00+09:00,2830.0,2860.0,2810.0,2835.0,19144,0.0,0.0
2023-12-27 14:00:00+09:00,2840.0,2840.0,2815.0,2835.0,9645,0.0,0.0
2023-12-28 09:00:00+09:00,2805.0,2885.0,2805.0,2870.0,64167,0.0,0.0
2023-12-28 10:00:00+09:00,2865.0,2865.0,2850.0,2860.0,17025,0.0,0.0
2023-12-28 11:00:00+09:00,2860.0,2875.0,2850.0,2865.0,32906,0.0,0.0
2023-12-28 12:00:00+09:00,2865.0,2870.0,2855.0,2865.0,9974,0.0,0.0
2023-12-28 13:00:00+09:00,2870.0,2870.0,2860.0,2860.0,6894,0.0,0.0
2023-12-28 14:00:00+09:00,2860.0,2875.0,2860.0,2875.0,20146,0.0,0.0
2024-01-02 10:00:00+09:00,2860.0,2900.0,2855.0,2875.0,55843,0.0,0.0
2024-01-02 11:00:00+09:00,2875.0,2900.0,2860.0,2890.0,41258,0.0,0.0
2024-01-02 12:00:00+09:00,2890.0,2920.0,2890.0,2915.0,62284,0.0,0.0
2024-01-02 13:00:00+09:00,2920.0,2930.0,2895.0,2915.0,41906,0.0,0.0
2024-01-02 14:00:00+09:00,2915.0,2920.0,2905.0,2910.0,25305,0.0,0.0
2024-01-03 09:00:00+09:00,2870.0,2930.0,2860.0,2910.0,62737,0.0,0.0
2024-01-03 10:00:00+09:00,2910.0,2920.0,2895.0,2910.0,20776,0.0,0.0
2024-01-03 11:00:00+09:00,2910.0,2930.0,2905.0,2925.0,26292,0.0,0.0
2024-01-03 12:00:00+09:00,2925.0,2930.0,2915.0,2920.0,14349,0.0,0.0
2024-01-03 13:00:00+09:00,2920.0,2925.0,2905.0,2905.0,13263,0.0,0.0
2024-01-03 14:00:00+09:00,2905.0,2925.0,2905.0,2925.0,17416,0.0,0.0
2024-01-04 09:00:00+09:00,2935.0,2940.0,2885.0,2910.0,56424,0.0,0.0
2024-01-04 10:00:00+09:00,2900.0,2905.0,2855.0,2865.0,53317,0.0,0.0
2024-01-04 11:00:00+09:00,2860.0,2875.0,2850.0,2865.0,44490,0.0,0.0
2024-01-04 12:00:00+09:00,2865.0,2885.0,2865.0,2880.0,9064,0.0,0.0
2024-01-04 13:00:00+09:00,2885.0,2885.0,2870.0,2875.0,12192,0.0,0.0
2024-01-04 14:00:00+09:00,2875.0,2880.0,2865.0,2875.0,15073,0.0,0.0
2024-01-05 09:00:00+09:00,2880.0,2885.0,2860.0,2875.0,29943,0.0,0.0
2024-01-05 10:00:00+09:00,2875.0,2895.0,2865.0,2890.0,18399,0.0,0.0
2024-01-05 11:00:00+09:00,2885.0,2895.0,2880.0,2890.0,10823,0.0,0.0
2024-01-05 12:00:00+09:00,2890.0,2935.0,2890.0,2910.0,50750,0.0,0.0
2024-01-05 13:00:00+09:00,2915.0,2915.0,2890.0,2905.0,23907,0.0,0.0
2024-01-05 14:00:00+09:00,2905.0,2925.0,2890.0,2910.0,40816,0.0,0.0
2024-01-08 09:00:00+09:00,2925.0,2930.0,2880.0,2910.0,0,0.0,0.0
2024-01-08 10:00:00+09:00,2910.0,2935.0,2910.0,2935.0,27909,0.0,0.0
2024-01-08 11:00:00+09:00,2935.0,2950.0,2920.0,2930.0,64325,0.0,0.0
2024-01-08 12:00:00+09:00,2930.0,2945.0,2920.0,2935.0,15583,0.0,0.0
2024-01-08 13:00:00+09:00,2935.0,2945.0,2930.0,2930.0,21139,0.0,0.0
2024-01-08 14:00:00+09:00,2930.0,2940.0,2925.0,2930.0,16817,0.0,0.0
2024-01-09 09:00:00+09:00,2945.0,2950.0,2915.0,2935.0,59896,0.0,0.0
2024-01-09 10:00:00+09:00,2935.0,2950.0,2930.0,2940.0,31878,0.0,0.0
2024-01-09 11:00:00+09:00,2945.0,2950.0,2930.0,2935.0,40758,0.0,0.0
2024-01-09 12:00:00+09:00,2935.0,2945.0,2930.0,2945.0,13339,0.0,0.0
2024-01-09 13:00:00+09:00,2945.0,2945.0,2930.0,2940.0,30876,0.0,0.0
2024-01-09 14:00:00+09:00,2935.0,2965.0,2930.0,2955.0,56228,0.0,0.0
2024-01-10 09:00:00+09:00,2965.0,2965.0,2915.0,2935.0,49670,0.0,0.0
2024-01-10 10:00:00+09:00,2925.0,2935.0,2910.0,2930.0,22453,0.0,0.0
2024-01-10 11:00:00+09:00,2935.0,2935.0,2915.0,2920.0,8659,0.0,0.0
2024-01-10 12:00:00+09:00,2920.0,2930.0,2905.0,2915.0,14869,0.0,0.0
2024-01-10 13:00:00+09:00,2915.0,2915.0,2905.0,2905.0,14120,0.0,0.0
2024-01-10 14:00:00+09:00,2905.0,2915.0,2895.0,2905.0,31900,0.0,0.0
2024-01-11 09:00:00+09:00,2905.0,2990.0,2905.0,2945.0,114606,0.0,0.0
2024-01-11 10:00:00+09:00,2945.0,2985.0,2945.0,2970.0,84461,0.0,0.0
2024-01-11 11:00:00+09:00,2970.0,3040.0,2970.0,3020.0,208715,0.0,0.0
2024-01-11 12:00:00+09:00,3010.0,3020.0,2985.0,2990.0,71270,0.0,0.0
2024-01-11 13:00:00+09:00,2990.0,3005.0,2980.0,2995.0,33904,0.0,0.0
2024-01-11 14:00:00+09:00,2995.0,3020.0,2990.0,2990.0,97575,0.0,0.0
2024-01-12 09:00:00+09:00,2995.0,3000.0,2910.0,2910.0,152566,0.0,0.0
2024-01-12 10:00:00+09:00,2915.0,2945.0,2910.0,2925.0,24653,0.0,0.0
2024-01-12 11:00:00+09:00,2935.0,2945.0,2930.0,2945.0,15437,0.0,0.0
2024-01-12 12:00:00+09:00,2945.0,2950.0,2930.0,2935.0,24283,0.0,0.0
2024-01-12 13:00:00+09:00,2940.0,2940.0,2905.0,2915.0,42679,0.0,0.0
2024-01-12 14:00:00+09:00,2910.0,2915.0,2885.0,2900.0,68105,0.0,0.0
2024-01-15 09:00:00+09:00,2905.0,2905.0,2855.0,2885.0,0,0.0,0.0
2024-01-15 10:00:00+09:00,2880.0,2905.0,2865.0,2870.0,50816,0.0,0.0
2024-01-15 11:00:00+09:00,2865.0,2890.0,2860.0,2890.0,15938,0.0,0.0
2024-01-15 12:00:00+09:00,2890.0,2895.0,2870.0,2875.0,15050,0.0,0.0
2024-01-15 13:00:00+09:00,2875.0,2890.0,2865.0,2870.0,10830,0.0,0.0
2024-01-15 14:00:00+09:00,2870.0,2880.0,2855.0,2860.0,28312,0.0,0.0
2024-01-16 09:00:00+09:00,2830.0,2900.0,2825.0,2865.0,50798,0.0,0.0
2024-01-16 10:00:00+09:00,2860.0,2860.0,2795.0,2860.0,55693,0.0,0.0
2024-01-16 11:00:00+09:00,2855.0,2860.0,2825.0,2855.0,12099,0.0,0.0
2024-01-16 12:00:00+09:00,2855.0,2865.0,2845.0,2865.0,6801,0.0,0.0
2024-01-16 13:00:00+09:00,2860.0,2860.0,2825.0,2845.0,12863,0.0,0.0
2024-01-16 14:00:00+09:00,2840.0,2860.0,2830.0,2855.0,12640,0.0,0.0
2024-01-17 09:00:00+09:00,2870.0,2885.0,2770.0,2785.0,136043,0.0,0.0
2024-01-17 10:00:00+09:00,2775.0,2800.0,2765.0,2790.0,51747,0.0,0.0
2024-01-17 11:00:00+09:00,2790.0,2790.0,2770.0,2775.0,14923,0.0,0.0
2024-01-17 12:00:00+09:00,2780.0,2785.0,2760.0,2775.0,40978,0.0,0.0
2024-01-17 13:00:00+09:00,2765.0,2775.0,2760.0,2770.0,31667,0.0,0.0
2024-01-17 14:00:00+09:00,2770.0,2785.0,2760.0,2770.0,29877,0.0,0.0
2024-01-18 09:00:00+09:00,2725.0,2800.0,2720.0,2800.0,45858,0.0,0.0
2024-01-18 10:00:00+09:00,2800.0,2825.0,2790.0,2815.0,10031,0.0,0.0
2024-01-18 11:00:00+09:00,2805.0,2815.0,2790.0,2790.0,10045,0.0,0.0
2024-01-18 12:00:00+09:00,2800.0,2805.0,2785.0,2785.0,4961,0.0,0.0
2024-01-18 13:00:00+09:00,2785.0,2800.0,2735.0,2765.0,32311,0.0,0.0
2024-01-18 14:00:00+09:00,2760.0,2775.0,2755.0,2775.0,8027,0.0,0.0
2024-01-19 09:00:00+09:00,2785.0,2860.0,2785.0,2855.0,52616,0.0,0.0
2024-01-19 10:00:00+09:00,2855.0,2855.0,2820.0,2820.0,15229,0.0,0.0
2024-01-19 11:00:00+09:00,2820.0,2825.0,2800.0,2815.0,18270,0.0,0.0
2024-01-19 12:00:00+09:00,2810.0,2820.0,2740.0,2810.0,52236,0.0,0.0
2024-01-19 13:00:00+09:00,2815.0,2815.0,2785.0,2785.0,11520,0.0,0.0
2024-01-19 14:00:00+09:00,2785.0,2805.0,2785.0,2795.0,10793,0.0,0.0
2024-01-22 09:00:00+09:00,2825.0,2830.0,2775.0,2800.0,0,0.0,0.0
2024-01-22 10:00:00+09:00,2800.0,2805.0,2780.0,2780.0,9627,0.0,0.0
2024-01-22 11:00:00+09:00,2780.0,2790.0,2770.0,2785.0,13434,0.0,0.0
2024-01-22 12:00:00+09:00,2780.0,2785.0,2765.0,2775.0,24354,0.0,0.0
2024-01-22 13:00:00+09:00,2775.0,2780.0,2755.0,2780.0,32066,0.0,0.0
2024-01-22 14:00:00+09:00,2775.0,2780.0,2750.0,2755.0,34349,0.0,0.0
2024-01-23 09:00:00+09:00,2755.0,2770.0,2710.0,2735.0,138131,0.0,0.0
2024-01-23 10:00:00+09:00,2740.0,2745.0,2725.0,2735.0,13750,0.0,0.0
2024-01-23 11:00:00+09:00,2735.0,2745.0,2735.0,2745.0,5622,0.0,0.0
2024-01-23 12:00:00+09:00,2740.0,2745.0,2735.0,2740.0,15273,0.0,0.0
2024-01-23 13:00:00+09:00,2735.0,2740.0,2725.0,2725.0,13485,0.0,0.0
2024-01-23 14:00:00+09:00,2730.0,2740.0,2725.0,2730.0,17131,0.0,0.0
2024-01-24 09:00:00+09:00,2725.0,2745.0,2690.0,2695.0,52901,0.0,0.0
2024-01-24 10:00:00+09:00,2695.0,2720.0,2685.0,2715.0,23423,0.0,0.0
2024-01-24 11:00:00+09:00,2710.0,2710.0,2685.0,2695.0,17669,0.0,0.0
2024-01-24 12:00:00+09:00,2695.0,2700.0,2690.0,2700.0,6910,0.0,0.0
2024-01-24 13:00:00+09:00,2695.0,2705.0,2690.0,2695.0,9382,0.0,0.0
2024-01-24 14:00:00+09:00,2695.0,2705.0,2690.0,2695.0,7245,0.0,0.0
2024-01-25 09:00:00+09:00,2680.0,2700.0,2655.0,2655.0,83160,0.0,0.0
2024-01-25 10:00:00+09:00,2655.0,2670.0,2600.0,2625.0,141682,0.0,0.0
2024-01-25 11:00:00+09:00,2625.0,2650.0,2600.0,2635.0,26312,0.0,0.0
2024-01-25 12:00:00+09:00,2635.0,2655.0,2630.0,2635.0,8290,0.0,0.0
2024-01-25 13:00:00+09:00,2645.0,2685.0,2645.0,2680.0,12996,0.0,0.0
2024-01-25 14:00:00+09:00,2680.0,2685.0,2650.0,2675.0,14676,0.0,0.0
2024-01-26 09:00:00+09:00,2685.0,2685.0,2650.0,2660.0,36950,0.0,0.0
2024-01-26 10:00:00+09:00,2660.0,2695.0,2660.0,2690.0,14272,0.0,0.0
2024-01-26 11:00:00+09:00,2690.0,2700.0,2680.0,2700.0,18704,0.0,0.0
2024-01-26 12:00:00+09:00,2695.0,2705.0,2685.0,2690.0,21698,0.0,0.0
2024-01-26 13:00:00+09:00,2690.0,2695.0,2675.0,2675.0,8034,0.0,0.0
2024-01-26 14:00:00+09:00,2675.0,2685.0,2670.0,2670.0,8212,0.0,0.0
2024-01-29 09:00:00+09:00,2690.0,2695.0,2645.0,2655.0,0,0.0,0.0
2024-01-29 10:00:00+09:00,2660.0,2695.0,2655.0,2695.0,14473,0.0,0.0
2024-01-29 11:00:00+09:00,2690.0,2695.0,2670.0,2675.0,12579,0.0,0.0
2024-01-29 12:00:00+09:00,2675.0,2680.0,2655.0,2670.0,14375,0.0,0.0
2024-01-29 13:00:00+09:00,2670.0,2670.0,2650.0,2655.0,10799,0.0,0.0
2024-01-29 14:00:00+09:00,2660.0,2660.0,2620.0,2640.0,40073,0.0,0.0
2024-01-30 09:00:00+09:00,2635.0,2670.0,2635.0,2655.0,22607,0.0,0.0
2024-01-30 10:00:00+09:00,2650.0,2655.0,2635.0,2650.0,14685,0.0,0.0
2024-01-30 11:00:00+09:00,2645.0,2650.0,2620.0,2625.0,18926,0.0,0.0
2024-01-30 12:00:00+09:00,2625.0,2630.0,2615.0,2615.0,8103,0.0,0.0
2024-01-30 13:00:00+09:00,2615.0,2630.0,2615.0,2625.0,1534,0.0,0.0
2024-01-30 14:00:00+09:00,2620.0,2630.0,2610.0,2620.0,17228,0.0,0.0
2024-01-31 09:00:00+09:00,2620.0,2640.0,2605.0,2640.0,0,0.0,0.0
2024-01-31 10:00:00+09:00,2635.0,2635.0,2605.0,2620.0,36088,0.0,0.0
2024-01-31 11:00:00+09:00,2615.0,2620.0,2610.0,2610.0,10267,0.0,0.0
2024-01-31 12:00:00+09:00,2610.0,2620.0,2610.0,2620.0,2818,0.0,0.0
2024-01-31 13:00:00+09:00,2620.0,2630.0,2610.0,2625.0,3940,0.0,0.0
2024-01-31 14:00:00+09:00,2630.0,2650.0,2625.0,2625.0,22195,0.0,0.0
2024-02-01 09:00:00+09:00,2635.0,2650.0,2630.0,2630.0,11963,0.0,0.0
2024-02-01 10:00:00+09:00,2630.0,2640.0,2610.0,2625.0,13611,0.0,0.0
2024-02-01 11:00:00+09:00,2630.0,2640.0,2625.0,2640.0,2252,0.0,0.0
2024-02-01 12:00:00+09:00,2640.0,2660.0,2630.0,2650.0,7728,0.0,0.0
2024-02-01 13:00:00+09:00,2650.0,2655.0,2640.0,2645.0,8621,0.0,0.0
2024-02-01 14:00:00+09:00,2645.0,2660.0,2635.0,2660.0,13463,0.0,0.0
2024-02-02 09:00:00+09:00,2650.0,2705.0,2650.0,2690.0,38144,0.0,0.0
2024-02-02 10:00:00+09:00,2690.0,2720.0,2685.0,2705.0,32776,0.0,0.0
2024-02-02 11:00:00+09:00,2700.0,2715.0,2695.0,2710.0,24943,0.0,0.0
2024-02-02 12:00:00+09:00,2715.0,2715.0,2700.0,2710.0,9545,0.0,0.0
2024-02-02 13:00:00+09:00,2700.0,2705.0,2685.0,2690.0,5970,0.0,0.0
2024-02-02 14:00:00+09:00,2695.0,2700.0,2685.0,2700.0,13148,0.0,0.0
2024-02-05 09:00:00+09:00,2700.0,2705.0,2680.0,2685.0,0,0.0,0.0
2024-02-05 10:00:00+09:00,2685.0,2695.0,2680.0,2690.0,7959,0.0,0.0
2024-02-05 11:00:00+09:00,2690.0,2690.0,2680.0,2685.0,5087,0.0,0.0
2024-02-05 12:00:00+09:00,2680.0,2690.0,2675.0,2680.0,6535,0.0,0.0
2024-02-05 13:00:00+09:00,2680.0,2695.0,2675.0,2690.0,2442,0.0,0.0
2024-02-05 14:00:00+09:00,2690.0,2690.0,2675.0,2675.0,17689,0.0,0.0
2024-02-06 09:00:00+09:00,2665.0,2680.0,2640.0,2645.0,0,0.0,0.0
2024-02-06 10:00:00+09:00,2640.0,2710.0,2635.0,2695.0,61714,0.0,0.0
2024-02-06 11:00:00+09:00,2695.0,2700.0,2680.0,2690.0,3273,0.0,0.0
2024-02-06 12:00:00+09:00,2690.0,2690.0,2675.0,2675.0,1895,0.0,0.0
2024-02-06 13:00:00+09:00,2680.0,2680.0,2665.0,2670.0,2854,0.0,0.0
2024-02-06 14:00:00+09:00,2670.0,2700.0,2665.0,2685.0,18120,0.0,0.0
2024-02-07 09:00:00+09:00,2730.0,2730.0,2690.0,2695.0,13107,0.0,0.0
2024-02-07 10:00:00+09:00,2695.0,2715.0,2680.0,2710.0,3214,0.0,0.0
2024-02-07 11:00:00+09:00,2700.0,2710.0,2685.0,2700.0,8668,0.0,0.0
2024-02-07 12:00:00+09:00,2695.0,2705.0,2670.0,2690.0,7634,0.0,0.0
2024-02-07 13:00:00+09:00,2690.0,2695.0,2675.0,2690.0,6240,0.0,0.0
2024-02-07 14:00:00+09:00,2680.0,2685.0,2665.0,2680.0,15098,0.0,0.0
2024-02-08 09:00:00+09:00,2705.0,2710.0,2680.0,2705.0,18395,0.0,0.0
2024-02-08 10:00:00+09:00,2705.0,2715.0,2690.0,2710.0,14363,0.0,0.0
2024-02-08 11:00:00+09:00,2710.0,2710.0,2680.0,2680.0,8223,0.0,0.0
2024-02-08 12:00:00+09:00,2685.0,2700.0,2675.0,2675.0,7231,0.0,0.0
2024-02-08 13:00:00+09:00,2700.0,2700.0,2660.0,2685.0,18328,0.0,0.0
2024-02-08 14:00:00+09:00,2680.0,2685.0,2665.0,2680.0,5445,0.0,0.0
2024-02-13 09:00:00+09:00,2690.0,2710.0,2665.0,2705.0,0,0.0,0.0
2024-02-13 10:00:00+09:00,2705.0,2715.0,2690.0,2705.0,14227,0.0,0.0
2024-02-13 11:00:00+09:00,2705.0,2720.0,2680.0,2710.0,15136,0.0,0.0
2024-02-13 12:00:00+09:00,2715.0,2715.0,2690.0,2710.0,11100,0.0,0.0
2024-02-13 13:00:00+09:00,2710.0,2715.0,2695.0,2710.0,8674,0.0,0.0
2024-02-13 14:00:00+09:00,2705.0,2710.0,2690.0,2700.0,21813,0.0,0.0
2024-02-14 09:00:00+09:00,2665.0,2700.0,2655.0,2695.0,24363,0.0,0.0
2024-02-14 10:00:00+09:00,2695.0,2705.0,2685.0,2700.0,6597,0.0,0.0
2024-02-14 11:00:00+09:00,2700.0,2710.0,2690.0,2695.0,26759,0.0,0.0
2024-02-14 12:00:00+09:00,2695.0,2705.0,2690.0,2705.0,7550,0.0,0.0
2024-02-14 13:00:00+09:00,2705.0,2715.0,2700.0,2700.0,10512,0.0,0.0
2024-02-14 14:00:00+09:00,2710.0,2715.0,2700.0,2710.0,11376,0.0,0.0
2024-02-15 09:00:00+09:00,2715.0,2730.0,2675.0,2695.0,60692,0.0,0.0
2024-02-15 10:00:00+09:00,2690.0,2720.0,2685.0,2705.0,15497,0.0,0.0
2024-02-15 11:00:00+09:00,2705.0,2720.0,2700.0,2710.0,8524,0.0,0.0
2024-02-15 12:00:00+09:00,2710.0,2730.0,2705.0,2720.0,22778,0.0,0.0
2024-02-15 13:00:00+09:00,2720.0,2720.0,2710.0,2720.0,10970,0.0,0.0
2024-02-15 14:00:00+09:00,2720.0,2720.0,2710.0,2720.0,8946,0.0,0.0
2024-02-16 09:00:00+09:00,2720.0,2730.0,2700.0,2725.0,42349,0.0,0.0
2024-02-16 10:00:00+09:00,2725.0,2730.0,2715.0,2720.0,9588,0.0,0.0
2024-02-16 11:00:00+09:00,2725.0,2750.0,2720.0,2725.0,17629,0.0,0.0
2024-02-16 12:00:00+09:00,2725.0,2745.0,2725.0,2735.0,20154,0.0,0.0
2024-02-16 13:00:00+09:00,2730.0,2735.0,2730.0,2730.0,1921,0.0,0.0
2024-02-16 14:00:00+09:00,2730.0,2740.0,2725.0,2735.0,15036,0.0,0.0
2024-02-19 09:00:00+09:00,2755.0,2765.0,2700.0,2725.0,0,0.0,0.0
2024-02-19 10:00:00+09:00,2715.0,2730.0,2675.0,2710.0,30989,0.0,0.0
2024-02-19 11:00:00+09:00,2700.0,2710.0,2690.0,2700.0,17780,0.0,0.0
2024-02-19 12:00:00+09:00,2705.0,2710.0,2695.0,2705.0,808,0.0,0.0
2024-02-19 13:00:00+09:00,2705.0,2710.0,2695.0,2695.0,12562,0.0,0.0
2024-02-19 14:00:00+09:00,2695.0,2710.0,2690.0,2705.0,10298,0.0,0.0
2024-02-20 09:00:00+09:00,2690.0,2705.0,2670.0,2690.0,23508,0.0,0.0
2024-02-20 10:00:00+09:00,2695.0,2720.0,2695.0,2710.0,13742,0.0,0.0
2024-02-20 11:00:00+09:00,2710.0,2710.0,2690.0,2700.0,10374,0.0,0.0
2024-02-20 12:00:00+09:00,2700.0,2700.0,2690.0,2695.0,12341,0.0,0.0
2024-02-20 13:00:00+09:00,2690.0,2700.0,2680.0,2695.0,14368,0.0,0.0
2024-02-20 14:00:00+09:00,2690.0,2695.0,2670.0,2680.0,33094,0.0,0.0
2024-02-21 09:00:00+09:00,2665.0,2690.0,2655.0,2675.0,23588,0.0,0.0
2024-02-21 10:00:00+09:00,2680.0,2680.0,2670.0,2675.0,8698,0.0,0.0
2024-02-21 11:00:00+09:00,2675.0,2685.0,2665.0,2665.0,15071,0.0,0.0
2024-02-21 12:00:00+09:00,2670.0,2680.0,2660.0,2670.0,8645,0.0,0.0
2024-02-21 13:00:00+09:00,2665.0,2675.0,2650.0,2665.0,48984,0.0,0.0
2024-02-21 14:00:00+09:00,2660.0,2660.0,2635.0,2640.0,32064,0.0,0.0
2024-02-22 09:00:00+09:00,2695.0,2695.0,2645.0,2650.0,23221,0.0,0.0
2024-02-22 10:00:00+09:00,2650.0,2655.0,2635.0,2640.0,18724,0.0,0.0
2024-02-22 11:00:00+09:00,2640.0,2640.0,2625.0,2635.0,15800,0.0,0.0
2024-02-22 12:00:00+09:00,2640.0,2640.0,2600.0,2625.0,66925,0.0,0.0
2024-02-22 13:00:00+09:00,2625.0,2630.0,2610.0,2620.0,12842,0.0,0.0
2024-02-22 14:00:00+09:00,2615.0,2625.0,2590.0,2605.0,64366,0.0,0.0
2024-02-23 09:00:00+09:00,2605.0,2625.0,2550.0,2565.0,63049,0.0,0.0
2024-02-23 10:00:00+09:00,2565.0,2590.0,2560.0,2580.0,15692,0.0,0.0
2024-02-23 11:00:00+09:00,2575.0,2580.0,2560.0,2560.0,12209,0.0,0.0
2024-02-23 12:00:00+09:00,2565.0,2565.0,2550.0,2555.0,22872,0.0,0.0
2024-02-23 13:00:00+09:00,2555.0,2570.0,2550.0,2570.0,4692,0.0,0.0
2024-02-23 14:00:00+09:00,2570.0,2570.0,2540.0,2550.0,54736,0.0,0.0
2024-02-26 09:00:00+09:00,2540.0,2565.0,2505.0,2530.0,0,0.0,0.0
2024-02-26 10:00:00+09:00,2535.0,2535.0,2510.0,2525.0,12061,0.0,0.0
2024-02-26 11:00:00+09:00,2525.0,2525.0,2510.0,2520.0,8854,0.0,0.0
2024-02-26 12:00:00+09:00,2520.0,2525.0,2520.0,2525.0,4773,0.0,0.0
2024-02-26 13:00:00+09:00,2530.0,2530.0,2515.0,2520.0,9329,0.0,0.0
2024-02-26 14:00:00+09:00,2515.0,2530.0,2510.0,2515.0,18690,0.0,0.0
2024-02-27 09:00:00+09:00,2500.0,2515.0,2460.0,2490.0,43207,0.0,0.0
2024-02-27 10:00:00+09:00,2490.0,2495.0,2460.0,2485.0,11230,0.0,0.0
2024-02-27 11:00:00+09:00,2485.0,2485.0,2465.0,2480.0,0,0.0,0.0
2024-02-27 12:00:00+09:00,2475.0,2490.0,2470.0,2485.0,74147,0.0,0.0
2024-02-27 13:00:00+09:00,2490.0,2495.0,2465.0,2465.0,11290,0.0,0.0
2024-02-27 14:00:00+09:00,2485.0,2490.0,2465.0,2480.0,3028,0.0,0.0
2024-02-28 09:00:00+09:00,2480.0,2500.0,2480.0,2485.0,14123,0.0,0.0
2024-02-28 10:00:00+09:00,2485.0,2490.0,2480.0,2480.0,4968,0.0,0.0
2024-02-28 11:00:00+09:00,2480.0,2495.0,2480.0,2485.0,11607,0.0,0.0
2024-02-28 12:00:00+09:00,2485.0,2495.0,2470.0,2470.0,17182,0.0,0.0
2024-02-28 13:00:00+09:00,2470.0,2475.0,2465.0,2465.0,8529,0.0,0.0
2024-02-28 14:00:00+09:00,2470.0,2470.0,2455.0,2465.0,23058,0.0,0.0
2024-02-29 09:00:00+09:00,2440.0,2460.0,2400.0,2420.0,51221,0.0,0.0
2024-02-29 10:00:00+09:00,2435.0,2445.0,2420.0,2435.0,11915,0.0,0.0
2024-02-29 11:00:00+09:00,2435.0,2460.0,2425.0,2445.0,12480,0.0,0.0
2024-02-29 12:00:00+09:00,2435.0,2450.0,2420.0,2440.0,5737,0.0,0.0
2024-02-29 13:00:00+09:00,2435.0,2440.0,2415.0,2415.0,11732,0.0,0.0
2024-02-29 14:00:00+09:00,2425.0,2430.0,2405.0,2420.0,12170,0.0,0.0
2024-03-04 09:00:00+09:00,2395.0,2475.0,2395.0,2470.0,0,0.0,0.0
2024-03-04 10:00:00+09:00,2470.0,2470.0,2460.0,2465.0,14282,0.0,0.0
2024-03-04 11:00:00+09:00,2460.0,2480.0,2460.0,2470.0,19754,0.0,0.0
2024-03-04 12:00:00+09:00,2480.0,2485.0,2465.0,2465.0,14775,0.0,0.0
2024-03-04 13:00:00+09:00,2460.0,2465.0,2450.0,2460.0,22855,0.0,0.0
2024-03-04 14:00:00+09:00,2460.0,2460.0,2430.0,2440.0,11871,0.0,0.0
2024-03-05 09:00:00+09:00,2465.0,2470.0,2415.0,2430.0,14043,0.0,0.0
2024-03-05 10:00:00+09:00,2435.0,2450.0,2415.0,2415.0,11060,0.0,0.0
2024-03-05 11:00:00+09:00,2425.0,2430.0,2405.0,2405.0,23271,0.0,0.0
2024-03-05 12:00:00+09:00,2405.0,2405.0,2400.0,2400.0,13686,0.0,0.0
2024-03-05 13:00:00+09:00,2400.0,2415.0,2400.0,2405.0,17977,0.0,0.0
2024-03-05 14:00:00+09:00,2410.0,2415.0,2400.0,2400.0,32267,0.0,0.0
2024-03-06 09:00:00+09:00,2405.0,2435.0,2380.0,2420.0,39265,0.0,0.0
2024-03-06 10:00:00+09:00,2430.0,2435.0,2390.0,2405.0,27414,0.0,0.0
2024-03-06 11:00:00+09:00,2400.0,2410.0,2400.0,2405.0,1921,0.0,0.0
2024-03-06 12:00:00+09:00,2405.0,2420.0,2405.0,2410.0,8030,0.0,0.0
2024-03-06 13:00:00+09:00,2405.0,2420.0,2400.0,2405.0,10040,0.0,0.0
2024-03-06 14:00:00+09:00,2410.0,2410.0,2390.0,2405.0,28808,0.0,0.0
2024-03-07 09:00:00+09:00,2465.0,2465.0,2350.0,2360.0,54539,0.0,0.0
2024-03-07 10:00:00+09:00,2360.0,2370.0,2320.0,2355.0,119623,0.0,0.0
2024-03-07 11:00:00+09:00,2350.0,2355.0,2315.0,2325.0,31326,0.0,0.0
2024-03-07 12:00:00+09:00,2320.0,2345.0,2315.0,2340.0,32170,0.0,0.0
2024-03-07 13:00:00+09:00,2330.0,2345.0,2325.0,2325.0,8113,0.0,0.0
2024-03-07 14:00:00+09:00,2325.0,2345.0,2325.0,2335.0,15594,0.0,0.0
2024-03-08 09:00:00+09:00,2340.0,2370.0,2330.0,2370.0,25811,0.0,0.0
2024-03-08 10:00:00+09:00,2370.0,2370.0,2345.0,2350.0,18326,0.0,0.0
2024-03-08 11:00:00+09:00,2345.0,2360.0,2340.0,2345.0,15065,0.0,0.0
2024-03-08 12:00:00+09:00,2350.0,2355.0,2335.0,2340.0,7732,0.0,0.0
2024-03-08 13:00:00+09:00,2350.0,2350.0,2315.0,2335.0,40018,0.0,0.0
2024-03-08 14:00:00+09:00,2330.0,2350.0,2310.0,2350.0,21537,0.0,0.0
2024-03-11 09:00:00+09:00,2360.0,2380.0,2325.0,2365.0,0,0.0,0.0
2024-03-11 10:00:00+09:00,2360.0,2390.0,2330.0,2380.0,23480,0.0,0.0
2024-03-11 11:00:00+09:00,2375.0,2390.0,2370.0,2380.0,5906,0.0,0.0
2024-03-11 12:00:00+09:00,2380.0,2385.0,2365.0,2385.0,10451,0.0,0.0
2024-03-11 13:00:00+09:00,2385.0,2385.0,2365.0,2375.0,5635,0.0,0.0
2024-03-11 14:00:00+09:00,2375.0,2375.0,2360.0,2375.0,9096,0.0,0.0
2024-03-12 09:00:00+09:00,2350.0,2390.0,2350.0,2375.0,27507,0.0,0.0
2024-03-12 10:00:00+09:00,2375.0,2395.0,2365.0,2395.0,10861,0.0,0.0
2024-03-12 11:00:00+09:00,2385.0,2395.0,2365.0,2375.0,6231,0.0,0.0
2024-03-12 12:00:00+09:00,2375.0,2380.0,2360.0,2375.0,8846,0.0,0.0
2024-03-12 13:00:00+09:00,2370.0,2380.0,2360.0,2380.0,12312,0.0,0.0
2024-03-12 14:00:00+09:00,2375.0,2395.0,2365.0,2385.0,17972,0.0,0.0
2024-03-13 09:00:00+09:00,2380.0,2390.0,2350.0,2355.0,23638,0.0,0.0
2024-03-13 10:00:00+09:00,2365.0,2375.0,2355.0,2360.0,6085,0.0,0.0
2024-03-13 11:00:00+09:00,2370.0,2375.0,2365.0,2375.0,4039,0.0,0.0
2024-03-13 12:00:00+09:00,2370.0,2375.0,2360.0,2370.0,2974,0.0,0.0
2024-03-13 13:00:00+09:00,2365.0,2370.0,2355.0,2360.0,9162,0.0,0.0
2024-03-13 14:00:00+09:00,2360.0,2370.0,2360.0,2370.0,5270,0.0,0.0
2024-03-14 09:00:00+09:00,2350.0,2380.0,2330.0,2360.0,40951,0.0,0.0
2024-03-14 10:00:00+09:00,2360.0,2360.0,2340.0,2345.0,18553,0.0,0.0
2024-03-14 11:00:00+09:00,2345.0,2360.0,2340.0,2355.0,9655,0.0,0.0
2024-03-14 12:00:00+09:00,2360.0,2365.0,2350.0,2355.0,13904,0.0,0.0
2024-03-14 13:00:00+09:00,2355.0,2375.0,2355.0,2370.0,3844,0.0,0.0
2024-03-14 14:00:00+09:00,2370.0,2380.0,2355.0,2380.0,10554,0.0,0.0
2024-03-15 09:00:00+09:00,2375.0,2385.0,2350.0,2370.0,13378,0.0,0.0
2024-03-15 10:00:00+09:00,2370.0,2380.0,2355.0,2370.0,17344,0.0,0.0
2024-03-15 11:00:00+09:00,2375.0,2385.0,2365.0,2375.0,8067,0.0,0.0
2024-03-15 12:00:00+09:00,2380.0,2385.0,2365.0,2365.0,17428,0.0,0.0
2024-03-15 13:00:00+09:00,2380.0,2385.0,2365.0,2370.0,12750,0.0,0.0
2024-03-15 14:00:00+09:00,2370.0,2370.0,2365.0,2365.0,5359,0.0,0.0
2024-03-18 09:00:00+09:00,2365.0,2390.0,2365.0,2370.0,0,0.0,0.0
2024-03-18 10:00:00+09:00,2375.0,2375.0,2345.0,2355.0,9648,0.0,0.0
2024-03-18 11:00:00+09:00,2355.0,2360.0,2350.0,2355.0,2950,0.0,0.0
2024-03-18 12:00:00+09:00,2360.0,2360.0,2330.0,2335.0,22398,0.0,0.0
2024-03-18 13:00:00+09:00,2330.0,2335.0,2310.0,2325.0,19548,0.0,0.0
2024-03-18 14:00:00+09:00,2330.0,2340.0,2300.0,2320.0,47923,0.0,0.0
2024-03-19 09:00:00+09:00,2315.0,2315.0,2290.0,2315.0,36036,0.0,0.0
2024-03-19 10:00:00+09:00,2315.0,2320.0,2300.0,2310.0,15285,0.0,0.0
2024-03-19 11:00:00+09:00,2310.0,2315.0,2295.0,2295.0,16503,0.0,0.0
2024-03-19 12:00:00+09:00,2300.0,2310.0,2255.0,2275.0,46125,0.0,0.0
2024-03-19 13:00:00+09:00,2275.0,2280.0,2250.0,2250.0,24100,0.0,0.0
2024-03-19 14:00:00+09:00,2260.0,2260.0,2250.0,2260.0,53752,0.0,0.0
2024-03-20 09:00:00+09:00,2315.0,2395.0,2305.0,2330.0,91140,0.0,0.0
2024-03-20 10:00:00+09:00,2330.0,2335.0,2315.0,2315.0,12261,0.0,0.0
2024-03-20 11:00:00+09:00,2315.0,2315.0,2295.0,2305.0,22649,0.0,0.0
2024-03-20 12:00:00+09:00,2305.0,2305.0,2300.0,2305.0,8793,0.0,0.0
2024-03-20 13:00:00+09:00,2305.0,2330.0,2305.0,2315.0,5391,0.0,0.0
2024-03-20 14:00:00+09:00,2315.0,2315.0,2305.0,2305.0,5749,0.0,0.0
2024-03-21 09:00:00+09:00,2335.0,2365.0,2335.0,2350.0,26103,0.0,0.0
2024-03-21 10:00:00+09:00,2355.0,2355.0,2330.0,2335.0,26788,0.0,0.0
2024-03-21 11:00:00+09:00,2335.0,2340.0,2320.0,2325.0,21603,0.0,0.0
2024-03-21 12:00:00+09:00,2330.0,2340.0,2325.0,2340.0,4888,0.0,0.0
2024-03-21 13:00:00+09:00,2335.0,2340.0,2335.0,2335.0,7637,0.0,0.0
2024-03-21 14:00:00+09:00,2345.0,2345.0,2330.0,2340.0,16200,0.0,0.0
2024-03-22 09:00:00+09:00,2335.0,2355.0,2290.0,2315.0,62524,0.0,0.0
2024-03-22 10:00:00+09:00,2305.0,2320.0,2295.0,2310.0,37455,0.0,0.0
2024-03-22 11:00:00+09:00,2310.0,2325.0,2305.0,2320.0,9957,0.0,0.0
2024-03-22 12:00:00+09:00,2320.0,2345.0,2315.0,2330.0,16245,0.0,0.0
2024-03-22 13:00:00+09:00,2330.0,2340.0,2320.0,2330.0,37302,0.0,0.0
2024-03-22 14:00:00+09:00,2335.0,2335.0,2320.0,2335.0,32610,0.0,0.0
2024-03-25 09:00:00+09:00,2315.0,2335.0,2300.0,2310.0,0,0.0,0.0
2024-03-25 10:00:00+09:00,2300.0,2310.0,2295.0,2295.0,21161,0.0,0.0
2024-03-25 11:00:00+09:00,2300.0,2305.0,2290.0,2295.0,25074,0.0,0.0
2024-03-25 12:00:00+09:00,2295.0,2295.0,2280.0,2295.0,18560,0.0,0.0
2024-03-25 13:00:00+09:00,2290.0,2300.0,2260.0,2260.0,51909,0.0,0.0
2024-03-25 14:00:00+09:00,2270.0,2285.0,2265.0,2285.0,10887,0.0,0.0
2024-03-26 09:00:00+09:00,2295.0,2305.0,2275.0,2300.0,24931,0.0,0.0
2024-03-26 10:00:00+09:00,2300.0,2305.0,2285.0,2295.0,13481,0.0,0.0
2024-03-26 11:00:00+09:00,2295.0,2310.0,2290.0,2295.0,15966,0.0,0.0
2024-03-26 12:00:00+09:00,2295.0,2305.0,2290.0,2295.0,10495,0.0,0.0
2024-03-26 13:00:00+09:00,2300.0,2300.0,2280.0,2290.0,11374,0.0,0.0
2024-03-26 14:00:00+09:00,2290.0,2300.0,2285.0,2290.0,5097,0.0,0.0
2024-03-27 09:00:00+09:00,2360.0,2690.0,2360.0,2430.0,3941417,0.0,0.0
2024-03-27 10:00:00+09:00,2430.0,2465.0,2420.0,2430.0,283544,0.0,0.0
2024-03-27 11:00:00+09:00,2435.0,2465.0,2430.0,2455.0,142598,0.0,0.0
2024-03-27 12:00:00+09:00,2450.0,2465.0,2360.0,2380.0,292713,0.0,0.0
2024-03-27 13:00:00+09:00,2385.0,2390.0,2365.0,2380.0,118198,0.0,0.0
2024-03-27 14:00:00+09:00,2375.0,2390.0,2365.0,2380.0,116186,0.0,0.0
2024-03-28 09:00:00+09:00,2335.0,2400.0,2320.0,2345.0,183840,0.0,0.0
2024-03-28 10:00:00+09:00,2340.0,2385.0,2335.0,2380.0,52131,0.0,0.0
2024-03-28 11:00:00+09:00,2380.0,2395.0,2375.0,2380.0,60391,0.0,0.0
2024-03-28 12:00:00+09:00,2375.0,2390.0,2360.0,2380.0,25002,0.0,0.0
2024-03-28 13:00:00+09:00,2370.0,2380.0,2335.0,2350.0,25630,0.0,0.0
2024-03-28 14:00:00+09:00,2350.0,2360.0,2330.0,2350.0,36722,0.0,0.0
2024-03-29 09:00:00+09:00,2370.0,2390.0,2330.0,2350.0,107787,0.0,0.0
2024-03-29 10:00:00+09:00,2350.0,2415.0,2340.0,2405.0,100577,0.0,0.0
2024-03-29 11:00:00+09:00,2395.0,2430.0,2385.0,2400.0,77807,0.0,0.0
2024-03-29 12:00:00+09:00,2400.0,2405.0,2370.0,2390.0,22549,0.0,0.0
2024-03-29 13:00:00+09:00,2390.0,2390.0,2375.0,2390.0,12664,0.0,0.0
2024-03-29 14:00:00+09:00,2390.0,2395.0,2360.0,2370.0,38154,0.0,0.0
2024-04-01 09:00:00+09:00,2370.0,2410.0,2355.0,2405.0,0,0.0,0.0
2024-04-01 10:00:00+09:00,2405.0,2410.0,2390.0,2395.0,16522,0.0,0.0
2024-04-01 11:00:00+09:00,2395.0,2415.0,2395.0,2400.0,25587,0.0,0.0
2024-04-01 12:00:00+09:00,2405.0,2410.0,2375.0,2380.0,22802,0.0,0.0
2024-04-01 13:00:00+09:00,2390.0,2400.0,2385.0,2395.0,13119,0.0,0.0
2024-04-01 14:00:00+09:00,2395.0,2405.0,2390.0,2395.0,20037,0.0,0.0
2024-04-02 09:00:00+09:00,2390.0,2400.0,2350.0,2375.0,68294,0.0,0.0
2024-04-02 10:00:00+09:00,2380.0,2390.0,2360.0,2375.0,33053,0.0,0.0
2024-04-02 11:00:00+09:00,2370.0,2380.0,2365.0,2380.0,11651,0.0,0.0
2024-04-02 12:00:00+09:00,2380.0,2380.0,2360.0,2360.0,8988,0.0,0.0
2024-04-02 13:00:00+09:00,2365.0,2370.0,2355.0,2365.0,29636,0.0,0.0
2024-04-02 14:00:00+09:00,2360.0,2365.0,2320.0,2335.0,57054,0.0,0.0
2024-04-03 09:00:00+09:00,2320.0,2335.0,2285.0,2300.0,74875,0.0,0.0
2024-04-03 10:00:00+09:00,2310.0,2315.0,2300.0,2305.0,21447,0.0,0.0
2024-04-03 11:00:00+09:00,2300.0,2315.0,2290.0,2295.0,36874,0.0,0.0
2024-04-03 12:00:00+09:00,2300.0,2305.0,2265.0,2280.0,64203,0.0,0.0
2024-04-03 13:00:00+09:00,2280.0,2295.0,2275.0,2290.0,20127,0.0,0.0
2024-04-03 14:00:00+09:00,2290.0,2290.0,2265.0,2265.0,62635,0.0,0.0
2024-04-04 09:00:00+09:00,2270.0,2295.0,2270.0,2290.0,18268,0.0,0.0
2024-04-04 10:00:00+09:00,2285.0,2290.0,2270.0,2280.0,29407,0.0,0.0
2024-04-04 11:00:00+09:00,2280.0,2295.0,2250.0,2265.0,30637,0.0,0.0
2024-04-04 12:00:00+09:00,2270.0,2275.0,2250.0,2270.0,39177,0.0,0.0
2024-04-04 13:00:00+09:00,2260.0,2270.0,2255.0,2260.0,20654,0.0,0.0
2024-04-04 14:00:00+09:00,2270.0,2270.0,2260.0,2270.0,21710,0.0,0.0
2024-04-05 09:00:00+09:00,2250.0,2270.0,2225.0,2250.0,62374,0.0,0.0
2024-04-05 10:00:00+09:00,2245.0,2250.0,2205.0,2205.0,77556,0.0,0.0
2024-04-05 11:00:00+09:00,2205.0,2215.0,2200.0,2215.0,47065,0.0,0.0
2024-04-05 12:00:00+09:00,2210.0,2220.0,2210.0,2215.0,6980,0.0,0.0
2024-04-05 13:00:00+09:00,2215.0,2235.0,2210.0,2220.0,20195,0.0,0.0
2024-04-05 14:00:00+09:00,2230.0,2230.0,2205.0,2220.0,31499,0.0,0.0
2024-04-08 09:00:00+09:00,2380.0,2775.0,2375.0,2685.0,9889672,0.0,0.0
2024-04-08 10:00:00+09:00,2680.0,2685.0,2610.0,2680.0,1335769,0.0,0.0
2024-04-08 11:00:00+09:00,2680.0,2680.0,2625.0,2640.0,652571,0.0,0.0
2024-04-08 12:00:00+09:00,2640.0,2640.0,2475.0,2520.0,1098308,0.0,0.0
2024-04-08 13:00:00+09:00,2520.0,2580.0,2490.0,2555.0,582795,0.0,0.0
2024-04-08 14:00:00+09:00,2555.0,2575.0,2485.0,2560.0,643635,0.0,0.0
2024-04-09 09:00:00+09:00,2600.0,2730.0,2530.0,2620.0,2232467,0.0,0.0
2024-04-09 10:00:00+09:00,2615.0,2655.0,2590.0,2605.0,344478,0.0,0.0
2024-04-09 11:00:00+09:00,2610.0,2660.0,2585.0,2595.0,217020,0.0,0.0
2024-04-09 12:00:00+09:00,2595.0,2630.0,2590.0,2610.0,72533,0.0,0.0
2024-04-09 13:00:00+09:00,2610.0,2660.0,2600.0,2640.0,285433,0.0,0.0
2024-04-09 14:00:00+09:00,2635.0,2645.0,2610.0,2625.0,209727,0.0,0.0
2024-04-11 09:00:00+09:00,2525.0,2555.0,2480.0,2545.0,0,0.0,0.0
2024-04-11 10:00:00+09:00,2545.0,2565.0,2525.0,2555.0,79533,0.0,0.0
2024-04-11 11:00:00+09:00,2555.0,2590.0,2545.0,2580.0,96773,0.0,0.0
2024-04-11 12:00:00+09:00,2575.0,2660.0,2575.0,2640.0,303594,0.0,0.0
2024-04-11 13:00:00+09:00,2640.0,2650.0,2630.0,2645.0,247946,0.0,0.0
2024-04-11 14:00:00+09:00,2645.0,2650.0,2630.0,2635.0,131676,0.0,0.0
2024-04-12 09:00:00+09:00,2655.0,2665.0,2585.0,2585.0,433560,0.0,0.0
2024-04-12 10:00:00+09:00,2590.0,2590.0,2565.0,2580.0,80066,0.0,0.0
2024-04-12 11:00:00+09:00,2585.0,2585.0,2560.0,2570.0,63186,0.0,0.0
2024-04-12 12:00:00+09:00,2570.0,2580.0,2540.0,2550.0,83369,0.0,0.0
2024-04-12 13:00:00+09:00,2555.0,2565.0,2540.0,2540.0,65986,0.0,0.0
2024-04-12 14:00:00+09:00,2555.0,2555.0,2515.0,2525.0,128370,0.0,0.0
2024-04-15 09:00:00+09:00,2520.0,2520.0,2440.0,2485.0,0,0.0,0.0
2024-04-15 10:00:00+09:00,2485.0,2485.0,2460.0,2470.0,40456,0.0,0.0
2024-04-15 11:00:00+09:00,2475.0,2475.0,2450.0,2460.0,22291,0.0,0.0
2024-04-15 12:00:00+09:00,2460.0,2480.0,2450.0,2480.0,28119,0.0,0.0
2024-04-15 13:00:00+09:00,2480.0,2520.0,2480.0,2505.0,71517,0.0,0.0
2024-04-15 14:00:00+09:00,2505.0,2515.0,2480.0,2490.0,35240,0.0,0.0
2024-04-16 09:00:00+09:00,2925.0,3285.0,2910.0,3220.0,25937890,0.0,0.0
2024-04-16 10:00:00+09:00,3220.0,3245.0,2980.0,3030.0,5447448,0.0,0.0
2024-04-16 11:00:00+09:00,3030.0,3165.0,2960.0,3110.0,3846899,0.0,0.0
2024-04-16 12:00:00+09:00,3115.0,3115.0,2960.0,3005.0,2211999,0.0,0.0
2024-04-16 13:00:00+09:00,3005.0,3005.0,2810.0,2810.0,2283425,0.0,0.0
2024-04-16 14:00:00+09:00,2815.0,2870.0,2780.0,2845.0,1296181,0.0,0.0
2024-04-17 09:00:00+09:00,2690.0,2785.0,2665.0,2730.0,1610946,0.0,0.0
2024-04-17 10:00:00+09:00,2730.0,2735.0,2680.0,2695.0,480787,0.0,0.0
2024-04-17 11:00:00+09:00,2690.0,2730.0,2680.0,2720.0,315799,0.0,0.0
2024-04-17 12:00:00+09:00,2720.0,2720.0,2685.0,2700.0,159900,0.0,0.0
2024-04-17 13:00:00+09:00,2695.0,2705.0,2680.0,2700.0,131089,0.0,0.0
2024-04-17 14:00:00+09:00,2695.0,2700.0,2620.0,2630.0,386472,0.0,0.0
2024-04-18 09:00:00+09:00,2710.0,2720.0,2600.0,2640.0,1123857,0.0,0.0
2024-04-18 10:00:00+09:00,2645.0,2645.0,2610.0,2615.0,213623,0.0,0.0
2024-04-18 11:00:00+09:00,2620.0,2630.0,2580.0,2600.0,184196,0.0,0.0
2024-04-18 12:00:00+09:00,2600.0,2625.0,2585.0,2615.0,109190,0.0,0.0
2024-04-18 13:00:00+09:00,2620.0,2640.0,2605.0,2635.0,128639,0.0,0.0
2024-04-18 14:00:00+09:00,2630.0,2635.0,2600.0,2610.0,213684,0.0,0.0
2024-04-19 09:00:00+09:00,2585.0,2650.0,2515.0,2530.0,576780,0.0,0.0
2024-04-19 10:00:00+09:00,2530.0,2530.0,2455.0,2465.0,376471,0.0,0.0
2024-04-19 11:00:00+09:00,2460.0,2465.0,2350.0,2395.0,443525,0.0,0.0
2024-04-19 12:00:00+09:00,2395.0,2435.0,2390.0,2415.0,128655,0.0,0.0
2024-04-19 13:00:00+09:00,2420.0,2440.0,2415.0,2440.0,72454,0.0,0.0
2024-04-19 14:00:00+09:00,2440.0,2460.0,2425.0,2440.0,100684,0.0,0.0
2024-04-22 09:00:00+09:00,2430.0,2470.0,2425.0,2440.0,0,0.0,0.0
2024-04-22 10:00:00+09:00,2445.0,2600.0,2435.0,2535.0,1338974,0.0,0.0
2024-04-22 11:00:00+09:00,2535.0,2670.0,2510.0,2595.0,2267114,0.0,0.0
2024-04-22 12:00:00+09:00,2590.0,2720.0,2560.0,2630.0,2715174,0.0,0.0
2024-04-22 13:00:00+09:00,2630.0,2845.0,2585.0,2665.0,6182121,0.0,0.0
2024-04-22 14:00:00+09:00,2670.0,2700.0,2600.0,2610.0,839954,0.0,0.0
2024-04-23 09:00:00+09:00,2585.0,2665.0,2575.0,2625.0,1016376,0.0,0.0
2024-04-23 10:00:00+09:00,2620.0,2630.0,2540.0,2555.0,381797,0.0,0.0
2024-04-23 11:00:00+09:00,2570.0,2585.0,2540.0,2560.0,129541,0.0,0.0
2024-04-23 12:00:00+09:00,2560.0,2580.0,2550.0,2555.0,78987,0.0,0.0
2024-04-23 13:00:00+09:00,2555.0,2565.0,2545.0,2555.0,95114,0.0,0.0
2024-04-23 14:00:00+09:00,2555.0,2570.0,2530.0,2560.0,138978,0.0,0.0
2024-04-24 09:00:00+09:00,2715.0,3095.0,2700.0,3045.0,18869518,0.0,0.0
2024-04-24 10:00:00+09:00,3045.0,3130.0,3000.0,3020.0,6712303,0.0,0.0
2024-04-24 11:00:00+09:00,3020.0,3070.0,2925.0,2955.0,2685440,0.0,0.0
2024-04-24 12:00:00+09:00,2955.0,2955.0,2855.0,2865.0,1962632,0.0,0.0
2024-04-24 13:00:00+09:00,2865.0,2920.0,2860.0,2890.0,1101081,0.0,0.0
2024-04-24 14:00:00+09:00,2890.0,2895.0,2840.0,2880.0,673652,0.0,0.0
2024-04-25 09:00:00+09:00,2865.0,2945.0,2850.0,2880.0,1788474,0.0,0.0
2024-04-25 10:00:00+09:00,2880.0,2885.0,2815.0,2850.0,496074,0.0,0.0
2024-04-25 11:00:00+09:00,2850.0,2870.0,2825.0,2835.0,148087,0.0,0.0
2024-04-25 12:00:00+09:00,2845.0,2860.0,2830.0,2840.0,69566,0.0,0.0
2024-04-25 13:00:00+09:00,2840.0,2855.0,2830.0,2830.0,135199,0.0,0.0
2024-04-25 14:00:00+09:00,2835.0,2840.0,2815.0,2815.0,140061,0.0,0.0
2024-04-26 09:00:00+09:00,2795.0,2820.0,2760.0,2760.0,397566,0.0,0.0
2024-04-26 10:00:00+09:00,2765.0,2825.0,2740.0,2765.0,327907,0.0,0.0
2024-04-26 11:00:00+09:00,2765.0,2815.0,2755.0,2805.0,172624,0.0,0.0
2024-04-26 12:00:00+09:00,2805.0,2860.0,2795.0,2845.0,341465,0.0,0.0
2024-04-26 13:00:00+09:00,2840.0,2850.0,2810.0,2830.0,167033,0.0,0.0
2024-04-26 14:00:00+09:00,2830.0,2845.0,2805.0,2830.0,194457,0.0,0.0
2024-04-29 09:00:00+09:00,2970.0,2975.0,2820.0,2830.0,38986,0.0,0.0
2024-04-29 10:00:00+09:00,2830.0,2865.0,2810.0,2815.0,220049,0.0,0.0
2024-04-29 11:00:00+09:00,2815.0,2835.0,2815.0,2825.0,89052,0.0,0.0
2024-04-29 12:00:00+09:00,2825.0,2845.0,2815.0,2820.0,49113,0.0,0.0
2024-04-29 13:00:00+09:00,2820.0,2840.0,2820.0,2820.0,75228,0.0,0.0
2024-04-29 14:00:00+09:00,2830.0,2835.0,2810.0,2820.0,162326,0.0,0.0
2024-04-30 09:00:00+09:00,3355.0,3485.0,3170.0,3210.0,13898834,0.0,0.0
2024-04-30 10:00:00+09:00,3210.0,3215.0,3140.0,3155.0,1792866,0.0,0.0
2024-04-30 11:00:00+09:00,3155.0,3180.0,3135.0,3160.0,498775,0.0,0.0
2024-04-30 12:00:00+09:00,3155.0,3175.0,3120.0,3150.0,480947,0.0,0.0
2024-04-30 13:00:00+09:00,3150.0,3205.0,3060.0,3070.0,1266755,0.0,0.0
2024-04-30 14:00:00+09:00,3070.0,3080.0,3010.0,3015.0,1129508,0.0,0.0
2024-05-02 09:00:00+09:00,3020.0,3025.0,2920.0,2980.0,0,0.0,0.0
2024-05-02 10:00:00+09:00,2980.0,3015.0,2970.0,2975.0,131915,0.0,0.0
2024-05-02 11:00:00+09:00,2970.0,3030.0,2970.0,2990.0,129416,0.0,0.0
2024-05-02 12:00:00+09:00,2990.0,3035.0,2985.0,3020.0,114398,0.0,0.0
2024-05-02 13:00:00+09:00,3015.0,3065.0,3010.0,3040.0,354701,0.0,0.0
2024-05-02 14:00:00+09:00,3035.0,3045.0,3000.0,3035.0,222476,0.0,0.0
2024-05-03 09:00:00+09:00,3000.0,3035.0,2985.0,3005.0,363198,0.0,0.0
2024-05-03 10:00:00+09:00,3005.0,3020.0,2970.0,2975.0,221385,0.0,0.0
2024-05-03 11:00:00+09:00,2975.0,2990.0,2940.0,2970.0,173866,0.0,0.0
2024-05-03 12:00:00+09:00,2970.0,3020.0,2970.0,3020.0,111901,0.0,0.0
2024-05-03 13:00:00+09:00,3020.0,3035.0,2995.0,3000.0,89005,0.0,0.0
2024-05-03 14:00:00+09:00,3000.0,3005.0,2970.0,2990.0,110493,0.0,0.0
2024-05-07 09:00:00+09:00,3090.0,3320.0,3070.0,3095.0,3991901,0.0,0.0
2024-05-07 10:00:00+09:00,3105.0,3135.0,3045.0,3055.0,616292,0.0,0.0
2024-05-07 11:00:00+09:00,3050.0,3100.0,3050.0,3085.0,324439,0.0,0.0
2024-05-07 12:00:00+09:00,3090.0,3105.0,3045.0,3065.0,243730,0.0,0.0
2024-05-07 13:00:00+09:00,3065.0,3080.0,3050.0,3070.0,93865,0.0,0.0
2024-05-07 14:00:00+09:00,3070.0,3075.0,3020.0,3050.0,225721,0.0,0.0
2024-05-08 09:00:00+09:00,3005.0,3035.0,2955.0,2970.0,408434,0.0,0.0
2024-05-08 10:00:00+09:00,2970.0,3100.0,2940.0,3025.0,647306,0.0,0.0
2024-05-08 11:00:00+09:00,3025.0,3055.0,3000.0,3000.0,128452,0.0,0.0
2024-05-08 12:00:00+09:00,3005.0,3025.0,2985.0,2995.0,93078,0.0,0.0
2024-05-08 13:00:00+09:00,2995.0,3150.0,2985.0,3050.0,1762901,0.0,0.0
2024-05-08 14:00:00+09:00,3050.0,3170.0,3050.0,3085.0,1208860,0.0,0.0
2024-05-09 09:00:00+09:00,3020.0,3035.0,2960.0,3010.0,388713,0.0,0.0
2024-05-09 10:00:00+09:00,3005.0,3010.0,2975.0,2990.0,115007,0.0,0.0
2024-05-09 11:00:00+09:00,2990.0,2995.0,2980.0,2990.0,49963,0.0,0.0
2024-05-09 12:00:00+09:00,2990.0,2990.0,2955.0,2965.0,181492,0.0,0.0
2024-05-09 13:00:00+09:00,2960.0,2970.0,2955.0,2960.0,75109,0.0,0.0
2024-05-09 14:00:00+09:00,2955.0,2965.0,2905.0,2940.0,196334,0.0,0.0
2024-05-10 09:00:00+09:00,2845.0,2890.0,2810.0,2840.0,387129,0.0,0.0
2024-05-10 10:00:00+09:00,2840.0,2850.0,2805.0,2805.0,158474,0.0,0.0
2024-05-10 11:00:00+09:00,2810.0,2825.0,2805.0,2815.0,45965,0.0,0.0
2024-05-10 12:00:00+09:00,2815.0,2825.0,2810.0,2815.0,37432,0.0,0.0
2024-05-10 13:00:00+09:00,2815.0,2825.0,2815.0,2815.0,26429,0.0,0.0
2024-05-10 14:00:00+09:00,2820.0,2825.0,2810.0,2820.0,52722,0.0,0.0
2024-05-13 09:00:00+09:00,2805.0,2825.0,2740.0,2815.0,0,0.0,0.0
2024-05-13 10:00:00+09:00,2815.0,2855.0,2775.0,2815.0,247631,0.0,0.0
2024-05-13 11:00:00+09:00,2815.0,2815.0,2795.0,2810.0,27124,0.0,0.0
2024-05-13 12:00:00+09:00,2805.0,2820.0,2800.0,2810.0,33508,0.0,0.0
2024-05-13 13:00:00+09:00,2810.0,2835.0,2800.0,2835.0,46659,0.0,0.0
2024-05-13 14:00:00+09:00,2830.0,2840.0,2800.0,2810.0,86724,0.0,0.0
2024-05-14 09:00:00+09:00,2790.0,2855.0,2790.0,2820.0,108571,0.0,0.0
2024-05-14 10:00:00+09:00,2820.0,2835.0,2795.0,2805.0,81343,0.0,0.0
2024-05-14 11:00:00+09:00,2800.0,2820.0,2795.0,2805.0,0,0.0,0.0
2024-05-14 12:00:00+09:00,2820.0,2820.0,2800.0,2805.0,235560,0.0,0.0
2024-05-14 13:00:00+09:00,2805.0,2815.0,2805.0,2810.0,24084,0.0,0.0
2024-05-14 14:00:00+09:00,2810.0,2815.0,2790.0,2795.0,76485,0.0,0.0
2024-05-16 09:00:00+09:00,2825.0,2835.0,2765.0,2800.0,0,0.0,0.0
2024-05-16 10:00:00+09:00,2795.0,2805.0,2780.0,2795.0,76045,0.0,0.0
2024-05-16 11:00:00+09:00,2800.0,2825.0,2790.0,2825.0,72979,0.0,0.0
2024-05-16 12:00:00+09:00,2825.0,2825.0,2810.0,2810.0,16611,0.0,0.0
2024-05-16 13:00:00+09:00,2810.0,2820.0,2805.0,2820.0,19746,0.0,0.0
2024-05-16 14:00:00+09:00,2815.0,2825.0,2800.0,2810.0,48670,0.0,0.0
2024-05-17 09:00:00+09:00,2790.0,2875.0,2710.0,2850.0,512477,0.0,0.0
2024-05-17 10:00:00+09:00,2850.0,2900.0,2835.0,2845.0,306285,0.0,0.0
2024-05-17 11:00:00+09:00,2845.0,2860.0,2785.0,2795.0,70983,0.0,0.0
2024-05-17 12:00:00+09:00,2795.0,2820.0,2795.0,2805.0,26513,0.0,0.0
2024-05-17 13:00:00+09:00,2805.0,2820.0,2785.0,2810.0,43707,0.0,0.0
2024-05-17 14:00:00+09:00,2805.0,2815.0,2800.0,2805.0,24687,0.0,0.0
2024-05-20 09:00:00+09:00,2815.0,2860.0,2790.0,2835.0,0,0.0,0.0
2024-05-20 10:00:00+09:00,2830.0,2840.0,2780.0,2800.0,155715,0.0,0.0
2024-05-20 11:00:00+09:00,2805.0,2830.0,2795.0,2810.0,0,0.0,0.0
2024-05-20 12:00:00+09:00,2805.0,2810.0,2790.0,2810.0,412445,0.0,0.0
2024-05-20 13:00:00+09:00,2805.0,2820.0,2780.0,2795.0,68188,0.0,0.0
2024-05-20 14:00:00+09:00,2795.0,2810.0,2785.0,2805.0,33304,0.0,0.0
2024-05-21 09:00:00+09:00,2780.0,3040.0,2750.0,3025.0,796820,0.0,0.0
2024-05-21 10:00:00+09:00,3020.0,3055.0,2830.0,2830.0,1360275,0.0,0.0
2024-05-21 11:00:00+09:00,2835.0,2860.0,2830.0,2850.0,92713,0.0,0.0
2024-05-21 12:00:00+09:00,2850.0,2865.0,2845.0,2860.0,36547,0.0,0.0
2024-05-21 13:00:00+09:00,2860.0,2875.0,2835.0,2850.0,80121,0.0,0.0
2024-05-21 14:00:00+09:00,2850.0,2890.0,2835.0,2855.0,137872,0.0,0.0
2024-05-22 09:00:00+09:00,2935.0,2990.0,2880.0,2990.0,961450,0.0,0.0
2024-05-22 10:00:00+09:00,2990.0,2990.0,2930.0,2940.0,241134,0.0,0.0
2024-05-22 11:00:00+09:00,2940.0,2945.0,2905.0,2920.0,115949,0.0,0.0
2024-05-22 12:00:00+09:00,2915.0,2925.0,2910.0,2915.0,69211,0.0,0.0
2024-05-22 13:00:00+09:00,2910.0,2945.0,2885.0,2885.0,120628,0.0,0.0
2024-05-22 14:00:00+09:00,2885.0,2900.0,2875.0,2880.0,68593,0.0,0.0
2024-05-23 09:00:00+09:00,2905.0,2930.0,2845.0,2870.0,185582,0.0,0.0
2024-05-23 10:00:00+09:00,2870.0,2950.0,2860.0,2950.0,139741,0.0,0.0
2024-05-23 11:00:00+09:00,2950.0,2950.0,2880.0,2895.0,113475,0.0,0.0
2024-05-23 12:00:00+09:00,2890.0,2915.0,2890.0,2900.0,17577,0.0,0.0
2024-05-23 13:00:00+09:00,2900.0,2940.0,2900.0,2935.0,64856,0.0,0.0
2024-05-23 14:00:00+09:00,2935.0,2935.0,2900.0,2900.0,68276,0.0,0.0
2024-05-24 09:00:00+09:00,2820.0,2840.0,2785.0,2830.0,180949,0.0,0.0
2024-05-24 10:00:00+09:00,2830.0,2860.0,2825.0,2840.0,36744,0.0,0.0
2024-05-24 11:00:00+09:00,2840.0,2870.0,2825.0,2870.0,29742,0.0,0.0
2024-05-24 12:00:00+09:00,2865.0,2875.0,2850.0,2855.0,31090,0.0,0.0
2024-05-24 13:00:00+09:00,2855.0,2875.0,2850.0,2860.0,27004,0.0,0.0
2024-05-24 14:00:00+09:00,2855.0,2865.0,2830.0,2830.0,43636,0.0,0.0
2024-05-27 09:00:00+09:00,2835.0,2855.0,2810.0,2830.0,0,0.0,0.0
2024-05-27 10:00:00+09:00,2830.0,2835.0,2815.0,2830.0,52626,0.0,0.0
2024-05-27 11:00:00+09:00,2830.0,2855.0,2800.0,2800.0,76814,0.0,0.0
2024-05-27 12:00:00+09:00,2805.0,2815.0,2795.0,2810.0,49645,0.0,0.0
2024-05-27 13:00:00+09:00,2810.0,2830.0,2800.0,2820.0,28419,0.0,0.0
2024-05-27 14:00:00+09:00,2820.0,2835.0,2805.0,2830.0,41417,0.0,0.0
2024-05-28 09:00:00+09:00,3165.0,3195.0,2950.0,2955.0,3827300,0.0,0.0
2024-05-28 10:00:00+09:00,2955.0,2975.0,2950.0,2960.0,203274,0.0,0.0
2024-05-28 11:00:00+09:00,2955.0,2990.0,2955.0,2990.0,120871,0.0,0.0
2024-05-28 12:00:00+09:00,2990.0,2990.0,2955.0,2965.0,133625,0.0,0.0
2024-05-28 13:00:00+09:00,2960.0,2985.0,2940.0,2940.0,162696,0.0,0.0
2024-05-28 14:00:00+09:00,2935.0,2940.0,2910.0,2930.0,199631,0.0,0.0
2024-05-29 09:00:00+09:00,2910.0,2920.0,2845.0,2860.0,255924,0.0,0.0
2024-05-29 10:00:00+09:00,2860.0,2930.0,2855.0,2900.0,132115,0.0,0.0
2024-05-29 11:00:00+09:00,2915.0,2920.0,2890.0,2900.0,53823,0.0,0.0
2024-05-29 12:00:00+09:00,2900.0,2920.0,2895.0,2895.0,42896,0.0,0.0
2024-05-29 13:00:00+09:00,2910.0,2915.0,2890.0,2910.0,52868,0.0,0.0
2024-05-29 14:00:00+09:00,2905.0,2910.0,2890.0,2900.0,49131,0.0,0.0
2024-05-30 09:00:00+09:00,2905.0,2910.0,2845.0,2855.0,174475,0.0,0.0
2024-05-30 10:00:00+09:00,2860.0,2895.0,2845.0,2875.0,57075,0.0,0.0
2024-05-30 11:00:00+09:00,2875.0,2875.0,2845.0,2850.0,43857,0.0,0.0
2024-05-30 12:00:00+09:00,2840.0,2860.0,2825.0,2860.0,65460,0.0,0.0
2024-05-30 13:00:00+09:00,2850.0,2855.0,2825.0,2835.0,49922,0.0,0.0
2024-05-30 14:00:00+09:00,2835.0,2840.0,2820.0,2830.0,76340,0.0,0.0
2024-05-31 09:00:00+09:00,2850.0,2990.0,2845.0,2915.0,1386624,0.0,0.0
2024-05-31 10:00:00+09:00,2915.0,2925.0,2885.0,2890.0,140774,0.0,0.0
2024-05-31 11:00:00+09:00,2895.0,2905.0,2885.0,2905.0,30946,0.0,0.0
2024-05-31 12:00:00+09:00,2905.0,2905.0,2880.0,2895.0,59395,0.0,0.0
2024-05-31 13:00:00+09:00,2885.0,2895.0,2875.0,2885.0,43037,0.0,0.0
2024-05-31 14:00:00+09:00,2885.0,2910.0,2850.0,2855.0,214229,0.0,0.0
2024-06-03 09:00:00+09:00,2830.0,2860.0,2805.0,2845.0,0,0.0,0.0
2024-06-03 10:00:00+09:00,2845.0,2855.0,2820.0,2835.0,84504,0.0,0.0
2024-06-03 11:00:00+09:00,2835.0,2845.0,2825.0,2835.0,31649,0.0,0.0
2024-06-03 12:00:00+09:00,2840.0,2840.0,2815.0,2840.0,46321,0.0,0.0
2024-06-03 13:00:00+09:00,2840.0,2860.0,2835.0,2850.0,19800,0.0,0.0
2024-06-03 14:00:00+09:00,2845.0,2855.0,2840.0,2845.0,21369,0.0,0.0
2024-06-04 09:00:00+09:00,2815.0,2845.0,2765.0,2775.0,223913,0.0,0.0
2024-06-04 10:00:00+09:00,2775.0,2780.0,2760.0,2775.0,64407,0.0,0.0
2024-06-04 11:00:00+09:00,2775.0,2775.0,2760.0,2775.0,20443,0.0,0.0
2024-06-04 12:00:00+09:00,2770.0,2775.0,2760.0,2760.0,44324,0.0,0.0
2024-06-04 13:00:00+09:00,2760.0,2770.0,2750.0,2755.0,48002,0.0,0.0
2024-06-04 14:00:00+09:00,2755.0,2765.0,2750.0,2755.0,57374,0.0,0.0
2024-06-05 09:00:00+09:00,2755.0,2775.0,2705.0,2740.0,142049,0.0,0.0
2024-06-05 10:00:00+09:00,2725.0,2755.0,2715.0,2750.0,33222,0.0,0.0
2024-06-05 11:00:00+09:00,2750.0,2755.0,2730.0,2745.0,11351,0.0,0.0
2024-06-05 12:00:00+09:00,2750.0,2750.0,2715.0,2730.0,31210,0.0,0.0
2024-06-05 13:00:00+09:00,2730.0,2735.0,2710.0,2730.0,59814,0.0,0.0
2024-06-05 14:00:00+09:00,2720.0,2735.0,2710.0,2715.0,22819,0.0,0.0
2024-06-07 09:00:00+09:00,2710.0,2750.0,2710.0,2730.0,0,0.0,0.0
2024-06-07 10:00:00+09:00,2730.0,2740.0,2720.0,2725.0,14513,0.0,0.0
2024-06-07 11:00:00+09:00,2725.0,2735.0,2715.0,2730.0,18554,0.0,0.0
2024-06-07 12:00:00+09:00,2730.0,2735.0,2725.0,2735.0,10731,0.0,0.0
2024-06-07 13:00:00+09:00,2735.0,2735.0,2720.0,2725.0,13865,0.0,0.0
2024-06-07 14:00:00+09:00,2720.0,2730.0,2710.0,2710.0,18409,0.0,0.0
2024-06-10 09:00:00+09:00,2715.0,2730.0,2690.0,2710.0,0,0.0,0.0
2024-06-10 10:00:00+09:00,2715.0,2740.0,2710.0,2735.0,16327,0.0,0.0
2024-06-10 11:00:00+09:00,2740.0,2740.0,2700.0,2725.0,22103,0.0,0.0
2024-06-10 12:00:00+09:00,2725.0,2730.0,2710.0,2730.0,6253,0.0,0.0
2024-06-10 13:00:00+09:00,2730.0,2735.0,2715.0,2735.0,23805,0.0,0.0
2024-06-10 14:00:00+09:00,2735.0,2740.0,2710.0,2725.0,42170,0.0,0.0
2024-06-11 09:00:00+09:00,2715.0,2740.0,2700.0,2730.0,44271,0.0,0.0
2024-06-11 10:00:00+09:00,2720.0,2755.0,2720.0,2740.0,51829,0.0,0.0
2024-06-11 11:00:00+09:00,2740.0,2760.0,2735.0,2750.0,42678,0.0,0.0
2024-06-11 12:00:00+09:00,2750.0,2750.0,2720.0,2735.0,22634,0.0,0.0
2024-06-11 13:00:00+09:00,2740.0,2745.0,2715.0,2720.0,36481,0.0,0.0
2024-06-11 14:00:00+09:00,2715.0,2735.0,2700.0,2720.0,34522,0.0,0.0
2024-06-12 09:00:00+09:00,2720.0,2755.0,2700.0,2730.0,85956,0.0,0.0
2024-06-12 10:00:00+09:00,2730.0,2785.0,2725.0,2765.0,104590,0.0,0.0
2024-06-12 11:00:00+09:00,2765.0,2945.0,2745.0,2755.0,1286810,0.0,0.0
2024-06-12 12:00:00+09:00,2765.0,2770.0,2745.0,2765.0,57022,0.0,0.0
2024-06-12 13:00:00+09:00,2760.0,2940.0,2745.0,2785.0,2540433,0.0,0.0
2024-06-12 14:00:00+09:00,2785.0,3155.0,2780.0,2905.0,13469486,0.0,0.0
2024-06-13 09:00:00+09:00,2815.0,2890.0,2800.0,2835.0,1050416,0.0,0.0
2024-06-13 10:00:00+09:00,2835.0,2845.0,2815.0,2830.0,140840,0.0,0.0
2024-06-13 11:00:00+09:00,2830.0,2840.0,2815.0,2825.0,121752,0.0,0.0
2024-06-13 12:00:00+09:00,2825.0,2900.0,2815.0,2840.0,499159,0.0,0.0
2024-06-13 13:00:00+09:00,2840.0,2850.0,2825.0,2840.0,107300,0.0,0.0
2024-06-13 14:00:00+09:00,2835.0,2865.0,2835.0,2855.0,90801,0.0,0.0
2024-06-14 09:00:00+09:00,2850.0,2870.0,2805.0,2810.0,366326,0.0,0.0
2024-06-14 10:00:00+09:00,2805.0,2825.0,2780.0,2810.0,191475,0.0,0.0
2024-06-14 11:00:00+09:00,2805.0,2900.0,2800.0,2860.0,280246,0.0,0.0
2024-06-14 12:00:00+09:00,2860.0,2900.0,2860.0,2865.0,244524,0.0,0.0
2024-06-14 13:00:00+09:00,2875.0,2885.0,2860.0,2880.0,137063,0.0,0.0
2024-06-14 14:00:00+09:00,2880.0,2910.0,2870.0,2900.0,223352,0.0,0.0
2024-06-17 09:00:00+09:00,2860.0,2900.0,2820.0,2860.0,0,0.0,0.0
2024-06-17 10:00:00+09:00,2860.0,2885.0,2850.0,2875.0,56830,0.0,0.0
2024-06-17 11:00:00+09:00,2875.0,2885.0,2840.0,2855.0,58774,0.0,0.0
2024-06-17 12:00:00+09:00,2860.0,2885.0,2850.0,2875.0,28350,0.0,0.0
2024-06-17 13:00:00+09:00,2870.0,2895.0,2860.0,2885.0,63966,0.0,0.0
2024-06-17 14:00:00+09:00,2885.0,2890.0,2870.0,2880.0,54969,0.0,0.0
2024-06-18 09:00:00+09:00,3150.0,3330.0,3000.0,3090.0,22565545,0.0,0.0
2024-06-18 10:00:00+09:00,3085.0,3135.0,3035.0,3080.0,1954185,0.0,0.0
2024-06-18 11:00:00+09:00,3080.0,3120.0,3035.0,3070.0,696743,0.0,0.0
2024-06-18 12:00:00+09:00,3070.0,3085.0,3030.0,3065.0,366684,0.0,0.0
2024-06-18 13:00:00+09:00,3060.0,3070.0,2965.0,2980.0,805564,0.0,0.0
2024-06-18 14:00:00+09:00,2980.0,3045.0,2955.0,3000.0,730565,0.0,0.0
2024-06-19 09:00:00+09:00,2935.0,2975.0,2920.0,2960.0,676386,0.0,0.0
2024-06-19 10:00:00+09:00,2965.0,2980.0,2920.0,2945.0,242437,0.0,0.0
2024-06-19 11:00:00+09:00,2945.0,2960.0,2940.0,2945.0,73428,0.0,0.0
2024-06-19 12:00:00+09:00,2945.0,2945.0,2920.0,2930.0,125894,0.0,0.0
2024-06-19 13:00:00+09:00,2930.0,2935.0,2920.0,2935.0,133657,0.0,0.0
2024-06-19 14:00:00+09:00,2935.0,2935.0,2915.0,2920.0,103566,0.0,0.0
2024-06-20 09:00:00+09:00,2915.0,2935.0,2895.0,2925.0,269955,0.0,0.0
2024-06-20 10:00:00+09:00,2925.0,2965.0,2920.0,2930.0,136276,0.0,0.0
2024-06-20 11:00:00+09:00,2925.0,2930.0,2900.0,2900.0,58594,0.0,0.0
2024-06-20 12:00:00+09:00,2900.0,2915.0,2880.0,2890.0,114004,0.0,0.0
2024-06-20 13:00:00+09:00,2890.0,2900.0,2870.0,2895.0,118052,0.0,0.0
2024-06-20 14:00:00+09:00,2895.0,2895.0,2870.0,2890.0,92210,0.0,0.0
2024-06-21 09:00:00+09:00,2850.0,2880.0,2835.0,2850.0,127904,0.0,0.0
2024-06-21 10:00:00+09:00,2855.0,2880.0,2845.0,2870.0,66350,0.0,0.0
2024-06-21 11:00:00+09:00,2865.0,2945.0,2850.0,2850.0,350749,0.0,0.0
2024-06-21 12:00:00+09:00,2850.0,2870.0,2845.0,2870.0,27360,0.0,0.0
2024-06-21 13:00:00+09:00,2870.0,2870.0,2835.0,2860.0,57564,0.0,0.0
2024-06-21 14:00:00+09:00,2860.0,2860.0,2840.0,2855.0,38106,0.0,0.0
2024-06-24 09:00:00+09:00,2845.0,2885.0,2830.0,2880.0,0,0.0,0.0
2024-06-24 10:00:00+09:00,2885.0,2885.0,2865.0,2865.0,52756,0.0,0.0
2024-06-24 11:00:00+09:00,2870.0,2875.0,2865.0,2870.0,24114,0.0,0.0
2024-06-24 12:00:00+09:00,2875.0,2925.0,2855.0,2860.0,193919,0.0,0.0
2024-06-24 13:00:00+09:00,2860.0,2865.0,2830.0,2855.0,76598,0.0,0.0
2024-06-24 14:00:00+09:00,2850.0,2855.0,2835.0,2845.0,30999,0.0,0.0
2024-06-25 09:00:00+09:00,2835.0,2870.0,2830.0,2840.0,137384,0.0,0.0
2024-06-25 10:00:00+09:00,2840.0,2850.0,2810.0,2835.0,96745,0.0,0.0
2024-06-25 11:00:00+09:00,2840.0,2855.0,2835.0,2850.0,25471,0.0,0.0
2024-06-25 12:00:00+09:00,2845.0,2870.0,2845.0,2855.0,41753,0.0,0.0
2024-06-25 13:00:00+09:00,2860.0,2865.0,2845.0,2850.0,30699,0.0,0.0
2024-06-25 14:00:00+09:00,2855.0,2865.0,2850.0,2860.0,59261,0.0,0.0
2024-06-26 09:00:00+09:00,2870.0,2895.0,2860.0,2895.0,146255,0.0,0.0
2024-06-26 10:00:00+09:00,2895.0,2895.0,2865.0,2880.0,47752,0.0,0.0
2024-06-26 11:00:00+09:00,2875.0,2880.0,2855.0,2855.0,33872,0.0,0.0
2024-06-26 12:00:00+09:00,2865.0,2925.0,2830.0,2910.0,626087,0.0,0.0
2024-06-26 13:00:00+09:00,2910.0,2970.0,2840.0,2905.0,838553,0.0,0.0
2024-06-26 14:00:00+09:00,2905.0,2980.0,2885.0,2920.0,1004425,0.0,0.0
2024-06-27 09:00:00+09:00,2975.0,2985.0,2865.0,2880.0,474610,0.0,0.0
2024-06-27 10:00:00+09:00,2870.0,2895.0,2865.0,2875.0,67276,0.0,0.0
2024-06-27 11:00:00+09:00,2880.0,2880.0,2850.0,2850.0,61675,0.0,0.0
2024-06-27 12:00:00+09:00,2860.0,2860.0,2840.0,2850.0,51817,0.0,0.0
2024-06-27 13:00:00+09:00,2850.0,2855.0,2835.0,2855.0,43244,0.0,0.0
2024-06-27 14:00:00+09:00,2855.0,2860.0,2830.0,2840.0,79142,0.0,0.0
2024-06-28 09:00:00+09:00,2845.0,2845.0,2815.0,2825.0,62499,0.0,0.0
2024-06-28 10:00:00+09:00,2820.0,2840.0,2815.0,2835.0,42062,0.0,0.0
2024-06-28 11:00:00+09:00,2835.0,2840.0,2820.0,2825.0,26747,0.0,0.0
2024-06-28 12:00:00+09:00,2825.0,2830.0,2820.0,2825.0,18575,0.0,0.0
2024-06-28 13:00:00+09:00,2825.0,2830.0,2815.0,2830.0,39623,0.0,0.0
2024-06-28 14:00:00+09:00,2825.0,2830.0,2805.0,2810.0,73635,0.0,0.0
2024-07-01 09:00:00+09:00,2795.0,2830.0,2790.0,2825.0,0,0.0,0.0
2024-07-01 10:00:00+09:00,2825.0,2860.0,2810.0,2850.0,101710,0.0,0.0
2024-07-01 11:00:00+09:00,2850.0,2865.0,2835.0,2855.0,88747,0.0,0.0
2024-07-01 12:00:00+09:00,2855.0,2860.0,2840.0,2845.0,24126,0.0,0.0
2024-07-01 13:00:00+09:00,2845.0,2850.0,2830.0,2845.0,23970,0.0,0.0
2024-07-01 14:00:00+09:00,2850.0,2865.0,2835.0,2860.0,80506,0.0,0.0
2024-07-02 09:00:00+09:00,2925.0,2945.0,2870.0,2890.0,248700,0.0,0.0
2024-07-02 10:00:00+09:00,2890.0,2920.0,2870.0,2900.0,74448,0.0,0.0
2024-07-02 11:00:00+09:00,2900.0,2935.0,2895.0,2905.0,66310,0.0,0.0
2024-07-02 12:00:00+09:00,2900.0,2915.0,2895.0,2905.0,38784,0.0,0.0
2024-07-02 13:00:00+09:00,2900.0,2965.0,2880.0,2900.0,234021,0.0,0.0
2024-07-02 14:00:00+09:00,2900.0,2905.0,2880.0,2880.0,65083,0.0,0.0
2024-07-03 09:00:00+09:00,2990.0,3145.0,2975.0,3080.0,6452343,0.0,0.0
2024-07-03 10:00:00+09:00,3065.0,3080.0,2900.0,2920.0,1464102,0.0,0.0
2024-07-03 11:00:00+09:00,2920.0,2945.0,2890.0,2905.0,274254,0.0,0.0
2024-07-03 12:00:00+09:00,2900.0,2910.0,2880.0,2895.0,202681,0.0,0.0
2024-07-03 13:00:00+09:00,2890.0,2890.0,2855.0,2860.0,208839,0.0,0.0
2024-07-03 14:00:00+09:00,2860.0,2875.0,2850.0,2860.0,138404,0.0,0.0
2024-07-04 09:00:00+09:00,2870.0,2930.0,2845.0,2890.0,388774,0.0,0.0
2024-07-04 10:00:00+09:00,2880.0,2935.0,2880.0,2900.0,205452,0.0,0.0
2024-07-04 11:00:00+09:00,2905.0,2910.0,2880.0,2895.0,57069,0.0,0.0
2024-07-04 12:00:00+09:00,2890.0,2910.0,2875.0,2885.0,68119,0.0,0.0
2024-07-04 13:00:00+09:00,2880.0,2895.0,2865.0,2865.0,65010,0.0,0.0
2024-07-04 14:00:00+09:00,2865.0,2895.0,2855.0,2875.0,90300,0.0,0.0
2024-07-05 09:00:00+09:00,2900.0,2940.0,2875.0,2915.0,269634,0.0,0.0
2024-07-05 10:00:00+09:00,2920.0,2950.0,2915.0,2930.0,144337,0.0,0.0
2024-07-05 11:00:00+09:00,2935.0,2965.0,2920.0,2935.0,111782,0.0,0.0
2024-07-05 12:00:00+09:00,2940.0,2950.0,2920.0,2925.0,44971,0.0,0.0
2024-07-05 13:00:00+09:00,2925.0,2945.0,2920.0,2920.0,64040,0.0,0.0
2024-07-05 14:00:00+09:00,2920.0,2925.0,2865.0,2880.0,119317,0.0,0.0
2024-07-08 09:00:00+09:00,2865.0,3080.0,2865.0,3010.0,729548,0.0,0.0
2024-07-08 10:00:00+09:00,3020.0,3035.0,2985.0,3030.0,294453,0.0,0.0
2024-07-08 11:00:00+09:00,3030.0,3040.0,3005.0,3025.0,115557,0.0,0.0
2024-07-08 12:00:00+09:00,3020.0,3030.0,3000.0,3015.0,85956,0.0,0.0
2024-07-08 13:00:00+09:00,3010.0,3030.0,3000.0,3020.0,149130,0.0,0.0
2024-07-08 14:00:00+09:00,3020.0,3025.0,3005.0,3015.0,109832,0.0,0.0
2024-07-09 09:00:00+09:00,3070.0,3100.0,3020.0,3090.0,629371,0.0,0.0
2024-07-09 10:00:00+09:00,3090.0,3095.0,3045.0,3085.0,207444,0.0,0.0
2024-07-09 11:00:00+09:00,3085.0,3115.0,3060.0,3100.0,364431,0.0,0.0
2024-07-09 12:00:00+09:00,3095.0,3110.0,3060.0,3085.0,122564,0.0,0.0
2024-07-09 13:00:00+09:00,3085.0,3085.0,3050.0,3080.0,113062,0.0,0.0
2024-07-09 14:00:00+09:00,3075.0,3095.0,3050.0,3085.0,114151,0.0,0.0
2024-07-10 09:00:00+09:00,3080.0,3145.0,3060.0,3130.0,630943,0.0,0.0
2024-07-10 10:00:00+09:00,3130.0,3135.0,3085.0,3110.0,228300,0.0,0.0
2024-07-10 11:00:00+09:00,3110.0,3115.0,3090.0,3095.0,63557,0.0,0.0
2024-07-10 12:00:00+09:00,3100.0,3115.0,3090.0,3110.0,95045,0.0,0.0
2024-07-10 13:00:00+09:00,3110.0,3140.0,3090.0,3120.0,182218,0.0,0.0
2024-07-10 14:00:00+09:00,3120.0,3145.0,3095.0,3135.0,137506,0.0,0.0
2024-07-11 09:00:00+09:00,3185.0,3205.0,3080.0,3085.0,967270,0.0,0.0
2024-07-11 10:00:00+09:00,3085.0,3100.0,3065.0,3070.0,153165,0.0,0.0
2024-07-11 11:00:00+09:00,3070.0,3075.0,3030.0,3055.0,199541,0.0,0.0
2024-07-11 12:00:00+09:00,3050.0,3065.0,3045.0,3045.0,49778,0.0,0.0
2024-07-11 13:00:00+09:00,3050.0,3055.0,3025.0,3030.0,190740,0.0,0.0
2024-07-11 14:00:00+09:00,3035.0,3045.0,3020.0,3030.0,91054,0.0,0.0
2024-07-12 09:00:00+09:00,2875.0,2895.0,2820.0,2850.0,909520,0.0,0.0
2024-07-12 10:00:00+09:00,2850.0,2870.0,2845.0,2860.0,111608,0.0,0.0
2024-07-12 11:00:00+09:00,2855.0,2870.0,2850.0,2855.0,39732,0.0,0.0
2024-07-12 12:00:00+09:00,2850.0,2865.0,2850.0,2860.0,33479,0.0,0.0
2024-07-12 13:00:00+09:00,2865.0,2865.0,2850.0,2860.0,37305,0.0,0.0
2024-07-12 14:00:00+09:00,2860.0,2865.0,2850.0,2860.0,53250,0.0,0.0
2024-07-15 09:00:00+09:00,2890.0,2985.0,2875.0,2945.0,0,0.0,0.0
2024-07-15 10:00:00+09:00,2955.0,2965.0,2930.0,2960.0,96250,0.0,0.0
2024-07-15 11:00:00+09:00,2970.0,2980.0,2955.0,2970.0,60563,0.0,0.0
2024-07-15 12:00:00+09:00,2970.0,2980.0,2960.0,2975.0,42456,0.0,0.0
2024-07-15 13:00:00+09:00,2975.0,2985.0,2945.0,2960.0,63152,0.0,0.0
2024-07-15 14:00:00+09:00,2960.0,2960.0,2930.0,2940.0,55993,0.0,0.0
2024-07-16 09:00:00+09:00,2930.0,2985.0,2865.0,2875.0,220536,0.0,0.0
2024-07-16 10:00:00+09:00,2875.0,2885.0,2850.0,2870.0,100057,0.0,0.0
2024-07-16 11:00:00+09:00,2870.0,2880.0,2855.0,2855.0,82643,0.0,0.0
2024-07-16 12:00:00+09:00,2865.0,2865.0,2855.0,2865.0,22551,0.0,0.0
2024-07-16 13:00:00+09:00,2865.0,2890.0,2855.0,2885.0,72907,0.0,0.0
2024-07-16 14:00:00+09:00,2885.0,2890.0,2865.0,2885.0,37781,0.0,0.0
2024-07-17 09:00:00+09:00,2880.0,2905.0,2840.0,2850.0,176268,0.0,0.0
2024-07-17 10:00:00+09:00,2855.0,2860.0,2830.0,2850.0,92949,0.0,0.0
2024-07-17 11:00:00+09:00,2860.0,2860.0,2845.0,2860.0,26489,0.0,0.0
2024-07-17 12:00:00+09:00,2855.0,2855.0,2835.0,2845.0,33620,0.0,0.0
2024-07-17 13:00:00+09:00,2840.0,2845.0,2835.0,2835.0,33041,0.0,0.0
2024-07-17 14:00:00+09:00,2840.0,2840.0,2770.0,2785.0,220456,0.0,0.0
2024-07-18 09:00:00+09:00,2700.0,2750.0,2650.0,2735.0,186408,0.0,0.0
2024-07-18 10:00:00+09:00,2735.0,2740.0,2715.0,2715.0,31330,0.0,0.0
2024-07-18 11:00:00+09:00,2720.0,2725.0,2710.0,2715.0,12725,0.0,0.0
2024-07-18 12:00:00+09:00,2710.0,2735.0,2710.0,2720.0,27582,0.0,0.0
2024-07-18 13:00:00+09:00,2720.0,2725.0,2685.0,2700.0,65463,0.0,0.0
2024-07-18 14:00:00+09:00,2700.0,2705.0,2680.0,2690.0,42533,0.0,0.0
2024-07-19 09:00:00+09:00,2655.0,2710.0,2655.0,2705.0,86270,0.0,0.0
2024-07-19 10:00:00+09:00,2705.0,2715.0,2685.0,2690.0,35951,0.0,0.0
2024-07-19 11:00:00+09:00,2690.0,2720.0,2690.0,2705.0,18157,0.0,0.0
2024-07-19 12:00:00+09:00,2705.0,2715.0,2685.0,2695.0,19649,0.0,0.0
2024-07-19 13:00:00+09:00,2695.0,2710.0,2690.0,2710.0,23202,0.0,0.0
2024-07-19 14:00:00+09:00,2695.0,2715.0,2690.0,2700.0,33353,0.0,0.0
2024-07-22 09:00:00+09:00,2700.0,2700.0,2525.0,2565.0,21730,0.0,0.0
2024-07-22 10:00:00+09:00,2565.0,2600.0,2550.0,2575.0,56482,0.0,0.0
2024-07-22 11:00:00+09:00,2575.0,2600.0,2565.0,2590.0,25693,0.0,0.0
2024-07-22 12:00:00+09:00,2590.0,2600.0,2565.0,2595.0,26806,0.0,0.0
2024-07-22 13:00:00+09:00,2590.0,2600.0,2570.0,2590.0,19519,0.0,0.0
2024-07-22 14:00:00+09:00,2590.0,2595.0,2570.0,2595.0,27120,0.0,0.0
2024-07-23 09:00:00+09:00,2590.0,2655.0,2590.0,2610.0,95956,0.0,0.0
2024-07-23 10:00:00+09:00,2605.0,2645.0,2590.0,2610.0,38461,0.0,0.0
2024-07-23 11:00:00+09:00,2615.0,2630.0,2605.0,2625.0,10261,0.0,0.0
2024-07-23 12:00:00+09:00,2625.0,2625.0,2600.0,2610.0,25022,0.0,0.0
2024-07-23 13:00:00+09:00,2600.0,2625.0,2595.0,2600.0,17040,0.0,0.0
2024-07-23 14:00:00+09:00,2595.0,2615.0,2590.0,2595.0,22975,0.0,0.0
2024-07-24 09:00:00+09:00,2560.0,2685.0,2535.0,2625.0,129706,0.0,0.0
2024-07-24 10:00:00+09:00,2625.0,2625.0,2585.0,2585.0,20849,0.0,0.0
2024-07-24 11:00:00+09:00,2590.0,2600.0,2585.0,2590.0,11588,0.0,0.0
2024-07-24 12:00:00+09:00,2590.0,2590.0,2560.0,2560.0,38079,0.0,0.0
2024-07-24 13:00:00+09:00,2565.0,2585.0,2555.0,2580.0,22989,0.0,0.0
2024-07-24 14:00:00+09:00,2580.0,2645.0,2565.0,2575.0,93411,0.0,0.0
2024-07-25 09:00:00+09:00,2460.0,2520.0,2440.0,2480.0,215427,0.0,0.0
2024-07-25 10:00:00+09:00,2480.0,2490.0,2450.0,2455.0,38617,0.0,0.0
2024-07-25 11:00:00+09:00,2460.0,2500.0,2460.0,2470.0,34603,0.0,0.0
2024-07-25 12:00:00+09:00,2475.0,2510.0,2475.0,2500.0,15761,0.0,0.0
2024-07-25 13:00:00+09:00,2500.0,2515.0,2495.0,2515.0,13764,0.0,0.0
2024-07-25 14:00:00+09:00,2510.0,2535.0,2495.0,2495.0,16309,0.0,0.0
2024-07-26 09:00:00+09:00,2510.0,2530.0,2480.0,2505.0,41194,0.0,0.0
2024-07-26 10:00:00+09:00,2505.0,2520.0,2490.0,2500.0,34276,0.0,0.0
2024-07-26 11:00:00+09:00,2505.0,2535.0,2500.0,2535.0,80680,0.0,0.0
2024-07-26 12:00:00+09:00,2535.0,2535.0,2505.0,2505.0,8843,0.0,0.0
2024-07-26 13:00:00+09:00,2510.0,2520.0,2500.0,2515.0,28435,0.0,0.0
2024-07-26 14:00:00+09:00,2515.0,2525.0,2505.0,2520.0,26523,0.0,0.0
2024-07-29 09:00:00+09:00,2515.0,2545.0,2460.0,2525.0,0,0.0,0.0
2024-07-29 10:00:00+09:00,2525.0,2550.0,2515.0,2520.0,24921,0.0,0.0
2024-07-29 11:00:00+09:00,2525.0,2530.0,2515.0,2525.0,4982,0.0,0.0
2024-07-29 12:00:00+09:00,2520.0,2535.0,2520.0,2535.0,12850,0.0,0.0
2024-07-29 13:00:00+09:00,2535.0,2545.0,2535.0,2540.0,17064,0.0,0.0
2024-07-29 14:00:00+09:00,2535.0,2545.0,2520.0,2520.0,31777,0.0,0.0
2024-07-30 09:00:00+09:00,2575.0,2575.0,2465.0,2495.0,62070,0.0,0.0
2024-07-30 10:00:00+09:00,2495.0,2500.0,2470.0,2480.0,16735,0.0,0.0
2024-07-30 11:00:00+09:00,2475.0,2490.0,2475.0,2480.0,10082,0.0,0.0
2024-07-30 12:00:00+09:00,2480.0,2485.0,2470.0,2480.0,9783,0.0,0.0
2024-07-30 13:00:00+09:00,2475.0,2480.0,2465.0,2465.0,14528,0.0,0.0
2024-07-30 14:00:00+09:00,2465.0,2475.0,2465.0,2475.0,14353,0.0,0.0
2024-07-31 09:00:00+09:00,2455.0,2475.0,2435.0,2455.0,50723,0.0,0.0
2024-07-31 10:00:00+09:00,2450.0,2460.0,2430.0,2435.0,24517,0.0,0.0
2024-07-31 11:00:00+09:00,2435.0,2440.0,2420.0,2440.0,17902,0.0,0.0
2024-07-31 12:00:00+09:00,2440.0,2455.0,2430.0,2455.0,11784,0.0,0.0
2024-07-31 13:00:00+09:00,2450.0,2455.0,2445.0,2445.0,7912,0.0,0.0
2024-07-31 14:00:00+09:00,2445.0,2480.0,2430.0,2480.0,28594,0.0,0.0
2024-08-01 09:00:00+09:00,2480.0,2565.0,2480.0,2550.0,81504,0.0,0.0
2024-08-01 10:00:00+09:00,2550.0,2550.0,2525.0,2535.0,17045,0.0,0.0
2024-08-01 11:00:00+09:00,2535.0,2535.0,2530.0,2535.0,12107,0.0,0.0
2024-08-01 12:00:00+09:00,2535.0,2545.0,2535.0,2535.0,14621,0.0,0.0
2024-08-01 13:00:00+09:00,2540.0,2550.0,2530.0,2540.0,11398,0.0,0.0
2024-08-01 14:00:00+09:00,2540.0,2550.0,2530.0,2540.0,6852,0.0,0.0
2024-08-02 09:00:00+09:00,2505.0,2515.0,2425.0,2435.0,71222,0.0,0.0
2024-08-02 10:00:00+09:00,2435.0,2450.0,2425.0,2435.0,20651,0.0,0.0
2024-08-02 11:00:00+09:00,2430.0,2435.0,2380.0,2410.0,59953,0.0,0.0
2024-08-02 12:00:00+09:00,2410.0,2415.0,2350.0,2400.0,63887,0.0,0.0
2024-08-02 13:00:00+09:00,2395.0,2410.0,2380.0,2395.0,21021,0.0,0.0
2024-08-02 14:00:00+09:00,2405.0,2405.0,2375.0,2390.0,32940,0.0,0.0
2024-08-05 09:00:00+09:00,2305.0,2310.0,2230.0,2235.0,0,0.0,0.0
2024-08-05 10:00:00+09:00,2240.0,2250.0,2210.0,2220.0,44905,0.0,0.0
2024-08-05 11:00:00+09:00,2220.0,2230.0,2165.0,2165.0,107963,0.0,0.0
2024-08-05 12:00:00+09:00,2185.0,2190.0,2145.0,2160.0,50021,0.0,0.0
2024-08-05 13:00:00+09:00,2150.0,2160.0,2080.0,2090.0,82866,0.0,0.0
2024-08-05 14:00:00+09:00,2080.0,2090.0,1919.0,1997.0,194516,0.0,0.0
2024-08-06 09:00:00+09:00,1999.0,2165.0,1976.0,2150.0,282158,0.0,0.0
2024-08-06 10:00:00+09:00,2155.0,2155.0,2040.0,2085.0,92314,0.0,0.0
2024-08-06 11:00:00+09:00,2070.0,2090.0,2050.0,2090.0,19379,0.0,0.0
2024-08-06 12:00:00+09:00,2080.0,2115.0,2080.0,2095.0,12038,0.0,0.0
2024-08-06 13:00:00+09:00,2095.0,2115.0,2080.0,2100.0,0,0.0,0.0
2024-08-06 14:00:00+09:00,2095.0,2120.0,2085.0,2120.0,450713,0.0,0.0
2024-08-07 09:00:00+09:00,2060.0,2170.0,2060.0,2155.0,100414,0.0,0.0
2024-08-07 10:00:00+09:00,2140.0,2180.0,2135.0,2180.0,20677,0.0,0.0
2024-08-07 11:00:00+09:00,2185.0,2195.0,2155.0,2185.0,44303,0.0,0.0
2024-08-07 12:00:00+09:00,2180.0,2190.0,2165.0,2180.0,11067,0.0,0.0
2024-08-07 13:00:00+09:00,2170.0,2190.0,2165.0,2185.0,39746,0.0,0.0
2024-08-07 14:00:00+09:00,2185.0,2190.0,2160.0,2170.0,9139,0.0,0.0
2024-08-08 09:00:00+09:00,2105.0,2150.0,2080.0,2110.0,46061,0.0,0.0
2024-08-08 10:00:00+09:00,2110.0,2125.0,2100.0,2110.0,35524,0.0,0.0
2024-08-08 11:00:00+09:00,2110.0,2140.0,2100.0,2140.0,18678,0.0,0.0
2024-08-08 12:00:00+09:00,2140.0,2165.0,2135.0,2155.0,16987,0.0,0.0
2024-08-08 13:00:00+09:00,2150.0,2155.0,2130.0,2140.0,29770,0.0,0.0
2024-08-08 14:00:00+09:00,2140.0,2155.0,2115.0,2125.0,32217,0.0,0.0
2024-08-09 09:00:00+09:00,2145.0,2220.0,2145.0,2200.0,156276,0.0,0.0
2024-08-09 10:00:00+09:00,2200.0,2205.0,2165.0,2190.0,24101,0.0,0.0
2024-08-09 11:00:00+09:00,2190.0,2195.0,2165.0,2190.0,14153,0.0,0.0
2024-08-09 12:00:00+09:00,2185.0,2205.0,2180.0,2200.0,14294,0.0,0.0
2024-08-09 13:00:00+09:00,2185.0,2195.0,2165.0,2180.0,13239,0.0,0.0
2024-08-09 14:00:00+09:00,2180.0,2190.0,2165.0,2185.0,9504,0.0,0.0
2024-08-12 09:00:00+09:00,2185.0,2240.0,2185.0,2210.0,0,0.0,0.0
2024-08-12 10:00:00+09:00,2205.0,2215.0,2195.0,2205.0,21115,0.0,0.0
2024-08-12 11:00:00+09:00,2200.0,2215.0,2195.0,2215.0,13333,0.0,0.0
2024-08-12 12:00:00+09:00,2205.0,2215.0,2205.0,2215.0,7748,0.0,0.0
2024-08-12 13:00:00+09:00,2210.0,2230.0,2210.0,2225.0,14709,0.0,0.0
2024-08-12 14:00:00+09:00,2220.0,2225.0,2215.0,2220.0,9627,0.0,0.0
2024-08-13 09:00:00+09:00,2210.0,2260.0,2160.0,2190.0,46444,0.0,0.0
2024-08-13 10:00:00+09:00,2190.0,2210.0,2180.0,2200.0,14789,0.0,0.0
2024-08-13 11:00:00+09:00,2200.0,2200.0,2175.0,2195.0,11139,0.0,0.0
2024-08-13 12:00:00+09:00,2180.0,2195.0,2175.0,2190.0,7098,0.0,0.0
2024-08-13 13:00:00+09:00,2190.0,2195.0,2160.0,2165.0,47119,0.0,0.0
2024-08-13 14:00:00+09:00,2175.0,2185.0,2165.0,2180.0,23474,0.0,0.0
2024-08-14 09:00:00+09:00,2210.0,2245.0,2205.0,2230.0,69173,0.0,0.0
2024-08-14 10:00:00+09:00,2230.0,2240.0,2225.0,2240.0,28167,0.0,0.0
2024-08-14 11:00:00+09:00,2240.0,2255.0,2230.0,2255.0,22286,0.0,0.0
2024-08-14 12:00:00+09:00,2255.0,2255.0,2230.0,2240.0,10026,0.0,0.0
2024-08-14 13:00:00+09:00,2235.0,2240.0,2215.0,2225.0,14433,0.0,0.0
2024-08-14 14:00:00+09:00,2225.0,2235.0,2215.0,2230.0,6839,0.0,0.0
2024-08-16 09:00:00+09:00,2250.0,2285.0,2235.0,2240.0,0,0.0,0.0
2024-08-16 10:00:00+09:00,2250.0,2260.0,2235.0,2240.0,26977,0.0,0.0
2024-08-16 11:00:00+09:00,2240.0,2245.0,2235.0,2240.0,10647,0.0,0.0
2024-08-16 12:00:00+09:00,2240.0,2245.0,2230.0,2230.0,24435,0.0,0.0
2024-08-16 13:00:00+09:00,2245.0,2250.0,2240.0,2250.0,10488,0.0,0.0
2024-08-16 14:00:00+09:00,2250.0,2270.0,2245.0,2255.0,17088,0.0,0.0
