Datetime,Open,High,Low,Close,Volume,Dividends,Stock Splits
2022-08-22 09:00:00+09:00,13000.0,14950.0,13000.0,13950.0,0,0.0,0.0
2022-08-22 10:00:00+09:00,13950.0,14450.0,13950.0,14450.0,1415554,0.0,0.0
2022-08-22 11:00:00+09:00,14450.0,14450.0,14450.0,14450.0,1254167,0.0,0.0
2022-08-22 12:00:00+09:00,14450.0,14450.0,14450.0,14450.0,183003,0.0,0.0
2022-08-22 13:00:00+09:00,14450.0,14450.0,14450.0,14450.0,1094569,0.0,0.0
2022-08-22 14:00:00+09:00,14450.0,14450.0,14450.0,14450.0,357893,0.0,0.0
2022-08-23 09:00:00+09:00,14600.0,15900.0,14200.0,14550.0,0,0.0,0.0
2022-08-23 10:00:00+09:00,14550.0,14850.0,14450.0,14600.0,513066,0.0,0.0
2022-08-23 11:00:00+09:00,14600.0,14700.0,14550.0,14650.0,163013,0.0,0.0
2022-08-23 12:00:00+09:00,14600.0,15000.0,14600.0,14900.0,520716,0.0,0.0
2022-08-23 13:00:00+09:00,14950.0,14950.0,14550.0,14700.0,377714,0.0,0.0
2022-08-23 14:00:00+09:00,14700.0,14850.0,14550.0,14750.0,366643,0.0,0.0
2022-08-24 09:00:00+09:00,14950.0,15100.0,14050.0,14250.0,0,0.0,0.0
2022-08-24 10:00:00+09:00,14250.0,14250.0,14000.0,14100.0,269521,0.0,0.0
2022-08-24 11:00:00+09:00,14100.0,14400.0,14100.0,14200.0,183131,0.0,0.0
2022-08-24 12:00:00+09:00,14200.0,14400.0,14150.0,14300.0,141462,0.0,0.0
2022-08-24 13:00:00+09:00,14300.0,14650.0,14250.0,14450.0,285414,0.0,0.0
2022-08-24 14:00:00+09:00,14450.0,14900.0,14400.0,14800.0,413870,0.0,0.0
2022-08-25 09:00:00+09:00,16200.0,16550.0,15150.0,15350.0,153067,0.0,0.0
2022-08-25 10:00:00+09:00,15350.0,15350.0,14950.0,15150.0,446049,0.0,0.0
2022-08-25 11:00:00+09:00,15150.0,15350.0,15100.0,15300.0,125653,0.0,0.0
2022-08-25 12:00:00+09:00,15250.0,15300.0,15150.0,15150.0,81502,0.0,0.0
2022-08-25 13:00:00+09:00,15150.0,15250.0,15100.0,15150.0,109723,0.0,0.0
2022-08-25 14:00:00+09:00,15100.0,15200.0,14650.0,14750.0,347378,0.0,0.0
2022-08-26 09:00:00+09:00,14750.0,15100.0,14500.0,14850.0,0,0.0,0.0
2022-08-26 10:00:00+09:00,14850.0,14900.0,14550.0,14650.0,225504,0.0,0.0
2022-08-26 11:00:00+09:00,14650.0,14700.0,14600.0,14700.0,64332,0.0,0.0
2022-08-26 12:00:00+09:00,14650.0,14750.0,14600.0,14700.0,43198,0.0,0.0
2022-08-26 13:00:00+09:00,14700.0,14800.0,14600.0,14750.0,50991,0.0,0.0
2022-08-26 14:00:00+09:00,14750.0,14750.0,14450.0,14500.0,145320,0.0,0.0
2022-08-29 09:00:00+09:00,13750.0,13950.0,13400.0,13850.0,0,0.0,0.0
2022-08-29 10:00:00+09:00,13850.0,13850.0,13600.0,13650.0,85398,0.0,0.0
2022-08-29 11:00:00+09:00,13700.0,13800.0,13150.0,13350.0,318641,0.0,0.0
2022-08-29 12:00:00+09:00,13400.0,13450.0,13300.0,13400.0,83302,0.0,0.0
2022-08-29 13:00:00+09:00,13400.0,13500.0,13350.0,13400.0,83613,0.0,0.0
2022-08-29 14:00:00+09:00,13400.0,13450.0,13200.0,13350.0,122030,0.0,0.0
2022-08-30 09:00:00+09:00,13450.0,13700.0,13300.0,13500.0,0,0.0,0.0
2022-08-30 10:00:00+09:00,13500.0,14400.0,13350.0,14050.0,914143,0.0,0.0
2022-08-30 11:00:00+09:00,14050.0,14750.0,13900.0,14350.0,1390000,0.0,0.0
2022-08-30 12:00:00+09:00,14350.0,15300.0,14200.0,15000.0,1846482,0.0,0.0
2022-08-30 13:00:00+09:00,15000.0,15150.0,14600.0,15100.0,836119,0.0,0.0
2022-08-30 14:00:00+09:00,15100.0,15100.0,14250.0,14500.0,703445,0.0,0.0
2022-08-31 09:00:00+09:00,14500.0,14750.0,14200.0,14350.0,0,0.0,0.0
2022-08-31 10:00:00+09:00,14350.0,14400.0,13800.0,13900.0,368912,0.0,0.0
2022-08-31 11:00:00+09:00,13900.0,14050.0,13850.0,14050.0,122157,0.0,0.0
2022-08-31 12:00:00+09:00,14000.0,14200.0,13950.0,14100.0,103523,0.0,0.0
2022-08-31 13:00:00+09:00,14100.0,14200.0,13950.0,14000.0,87340,0.0,0.0
2022-08-31 14:00:00+09:00,13950.0,14150.0,13950.0,14000.0,107928,0.0,0.0
2022-09-01 09:00:00+09:00,13900.0,14050.0,13650.0,13800.0,0,0.0,0.0
2022-09-01 10:00:00+09:00,13800.0,14550.0,13750.0,14450.0,765631,0.0,0.0
2022-09-01 11:00:00+09:00,14450.0,14500.0,14000.0,14100.0,177642,0.0,0.0
2022-09-01 12:00:00+09:00,14100.0,14150.0,14000.0,14050.0,65773,0.0,0.0
2022-09-01 13:00:00+09:00,14050.0,14050.0,13850.0,14000.0,90498,0.0,0.0
2022-09-01 14:00:00+09:00,14000.0,14350.0,13950.0,14150.0,208970,0.0,0.0
2022-09-02 09:00:00+09:00,13900.0,14350.0,13800.0,14000.0,0,0.0,0.0
2022-09-02 10:00:00+09:00,14000.0,14300.0,13950.0,14150.0,144532,0.0,0.0
2022-09-02 11:00:00+09:00,14100.0,14200.0,13950.0,14000.0,60931,0.0,0.0
2022-09-02 12:00:00+09:00,13950.0,14050.0,13850.0,13900.0,69111,0.0,0.0
2022-09-02 13:00:00+09:00,14000.0,14050.0,13850.0,13950.0,46441,0.0,0.0
2022-09-02 14:00:00+09:00,13950.0,13950.0,13550.0,13650.0,136299,0.0,0.0
2022-09-05 09:00:00+09:00,13550.0,14100.0,13500.0,13900.0,0,0.0,0.0
2022-09-05 10:00:00+09:00,13950.0,13950.0,13400.0,13450.0,157007,0.0,0.0
2022-09-05 11:00:00+09:00,13450.0,13500.0,13250.0,13350.0,74344,0.0,0.0
2022-09-05 12:00:00+09:00,13350.0,13350.0,13000.0,13200.0,160025,0.0,0.0
2022-09-05 13:00:00+09:00,13150.0,13250.0,13050.0,13150.0,63156,0.0,0.0
2022-09-05 14:00:00+09:00,13150.0,13600.0,13100.0,13450.0,251162,0.0,0.0
2022-09-06 09:00:00+09:00,14150.0,14250.0,13700.0,13800.0,0,0.0,0.0
2022-09-06 10:00:00+09:00,13800.0,13900.0,13550.0,13700.0,197183,0.0,0.0
2022-09-06 11:00:00+09:00,13650.0,13800.0,13600.0,13700.0,118309,0.0,0.0
2022-09-06 12:00:00+09:00,13650.0,13700.0,13600.0,13650.0,44753,0.0,0.0
2022-09-06 13:00:00+09:00,13600.0,13700.0,13600.0,13650.0,33904,0.0,0.0
2022-09-06 14:00:00+09:00,13650.0,13800.0,13600.0,13800.0,56624,0.0,0.0
2022-09-07 09:00:00+09:00,13600.0,13650.0,13100.0,13200.0,0,0.0,0.0
2022-09-07 10:00:00+09:00,13200.0,13250.0,13050.0,13150.0,115814,0.0,0.0
2022-09-07 11:00:00+09:00,13150.0,13200.0,13100.0,13150.0,67682,0.0,0.0
2022-09-07 12:00:00+09:00,13200.0,13300.0,13150.0,13200.0,77662,0.0,0.0
2022-09-07 13:00:00+09:00,13200.0,13250.0,13150.0,13150.0,45830,0.0,0.0
2022-09-07 14:00:00+09:00,13150.0,13250.0,13150.0,13200.0,41847,0.0,0.0
2022-09-08 09:00:00+09:00,13500.0,13700.0,13200.0,13250.0,51501,0.0,0.0
2022-09-08 10:00:00+09:00,13250.0,13400.0,13200.0,13200.0,65601,0.0,0.0
2022-09-08 11:00:00+09:00,13200.0,13300.0,13100.0,13200.0,42481,0.0,0.0
2022-09-08 12:00:00+09:00,13200.0,13250.0,13150.0,13200.0,38803,0.0,0.0
2022-09-08 13:00:00+09:00,13200.0,13250.0,13050.0,13050.0,82789,0.0,0.0
2022-09-08 14:00:00+09:00,13050.0,13200.0,13000.0,13100.0,78598,0.0,0.0
2022-09-13 09:00:00+09:00,12950.0,12950.0,12000.0,12200.0,0,0.0,0.0
2022-09-13 10:00:00+09:00,12150.0,12250.0,12050.0,12200.0,84553,0.0,0.0
2022-09-13 11:00:00+09:00,12150.0,12250.0,12100.0,12100.0,65794,0.0,0.0
2022-09-13 12:00:00+09:00,12150.0,12350.0,12100.0,12250.0,92112,0.0,0.0
2022-09-13 13:00:00+09:00,12250.0,12300.0,12200.0,12250.0,34723,0.0,0.0
2022-09-13 14:00:00+09:00,12250.0,12250.0,12150.0,12200.0,46112,0.0,0.0
2022-09-14 09:00:00+09:00,11450.0,11550.0,11200.0,11400.0,0,0.0,0.0
2022-09-14 10:00:00+09:00,11400.0,11500.0,11300.0,11400.0,105847,0.0,0.0
2022-09-14 11:00:00+09:00,11400.0,11550.0,11300.0,11400.0,94691,0.0,0.0
2022-09-14 12:00:00+09:00,11400.0,11500.0,11300.0,11350.0,47357,0.0,0.0
2022-09-14 13:00:00+09:00,11350.0,11400.0,11200.0,11350.0,89893,0.0,0.0
2022-09-14 14:00:00+09:00,11350.0,11350.0,11200.0,11250.0,57448,0.0,0.0
2022-09-15 09:00:00+09:00,11550.0,12700.0,11400.0,12650.0,284573,0.0,0.0
2022-09-15 10:00:00+09:00,12650.0,13950.0,12650.0,13000.0,1778897,0.0,0.0
2022-09-15 11:00:00+09:00,13000.0,13050.0,12650.0,12900.0,317278,0.0,0.0
2022-09-15 12:00:00+09:00,12950.0,14500.0,12900.0,13950.0,2078832,0.0,0.0
2022-09-15 13:00:00+09:00,13950.0,14250.0,13750.0,14000.0,735119,0.0,0.0
2022-09-15 14:00:00+09:00,14050.0,14350.0,13500.0,13500.0,864720,0.0,0.0
2022-09-16 09:00:00+09:00,14000.0,14200.0,13600.0,13700.0,0,0.0,0.0
2022-09-16 10:00:00+09:00,13700.0,14850.0,13650.0,14150.0,1630696,0.0,0.0
2022-09-16 11:00:00+09:00,14150.0,14400.0,14000.0,14050.0,217400,0.0,0.0
2022-09-16 12:00:00+09:00,14050.0,14050.0,13800.0,13850.0,114961,0.0,0.0
2022-09-16 13:00:00+09:00,13850.0,13950.0,13650.0,13800.0,126773,0.0,0.0
2022-09-16 14:00:00+09:00,13800.0,13900.0,13650.0,13800.0,108671,0.0,0.0
2022-09-19 09:00:00+09:00,13750.0,14000.0,12200.0,12300.0,0,0.0,0.0
2022-09-19 10:00:00+09:00,12300.0,12600.0,12250.0,12500.0,155850,0.0,0.0
2022-09-19 11:00:00+09:00,12500.0,12550.0,12050.0,12250.0,187916,0.0,0.0
2022-09-19 12:00:00+09:00,12250.0,12350.0,12000.0,12150.0,55766,0.0,0.0
2022-09-19 13:00:00+09:00,12150.0,12150.0,11900.0,12000.0,112881,0.0,0.0
2022-09-19 14:00:00+09:00,12000.0,12050.0,11500.0,11550.0,231283,0.0,0.0
2022-09-20 09:00:00+09:00,11750.0,12500.0,11750.0,12300.0,0,0.0,0.0
2022-09-20 10:00:00+09:00,12300.0,12900.0,12200.0,12300.0,830774,0.0,0.0
2022-09-20 11:00:00+09:00,12350.0,12750.0,12250.0,12350.0,269510,0.0,0.0
2022-09-20 12:00:00+09:00,12350.0,12650.0,12300.0,12550.0,99707,0.0,0.0
2022-09-20 13:00:00+09:00,12600.0,12600.0,12200.0,12350.0,105576,0.0,0.0
2022-09-20 14:00:00+09:00,12350.0,12450.0,12050.0,12100.0,110470,0.0,0.0
2022-09-21 09:00:00+09:00,12400.0,13100.0,12300.0,13050.0,0,0.0,0.0
2022-09-21 10:00:00+09:00,13050.0,13050.0,12400.0,12450.0,303847,0.0,0.0
2022-09-21 11:00:00+09:00,12400.0,12450.0,12200.0,12250.0,108635,0.0,0.0
2022-09-21 12:00:00+09:00,12300.0,12350.0,12050.0,12050.0,89009,0.0,0.0
2022-09-21 13:00:00+09:00,12050.0,12100.0,11800.0,11850.0,80370,0.0,0.0
2022-09-21 14:00:00+09:00,11850.0,12150.0,11850.0,12050.0,80194,0.0,0.0
2022-09-22 09:00:00+09:00,11550.0,12200.0,11500.0,11850.0,0,0.0,0.0
2022-09-22 10:00:00+09:00,11850.0,12000.0,11600.0,11900.0,130300,0.0,0.0
2022-09-22 11:00:00+09:00,11850.0,11950.0,11750.0,11800.0,36112,0.0,0.0
2022-09-22 12:00:00+09:00,11850.0,11900.0,11800.0,11900.0,33899,0.0,0.0
2022-09-22 13:00:00+09:00,11900.0,11900.0,11750.0,11900.0,62102,0.0,0.0
2022-09-22 14:00:00+09:00,11850.0,12050.0,11800.0,12000.0,68209,0.0,0.0
2022-09-23 09:00:00+09:00,12000.0,12350.0,11850.0,12200.0,0,0.0,0.0
2022-09-23 10:00:00+09:00,12200.0,12250.0,11900.0,12000.0,96155,0.0,0.0
2022-09-23 11:00:00+09:00,12050.0,12050.0,11900.0,11950.0,32817,0.0,0.0
2022-09-23 12:00:00+09:00,12000.0,12000.0,11900.0,11950.0,30375,0.0,0.0
2022-09-23 13:00:00+09:00,11950.0,11950.0,11700.0,11800.0,93605,0.0,0.0
2022-09-23 14:00:00+09:00,11800.0,11950.0,11750.0,11850.0,56316,0.0,0.0
2022-09-26 09:00:00+09:00,11700.0,12050.0,11500.0,11750.0,0,0.0,0.0
2022-09-26 10:00:00+09:00,11700.0,11800.0,11500.0,11550.0,85552,0.0,0.0
2022-09-26 11:00:00+09:00,11600.0,11700.0,11550.0,11550.0,28252,0.0,0.0
2022-09-26 12:00:00+09:00,11550.0,11650.0,11450.0,11500.0,65681,0.0,0.0
2022-09-26 13:00:00+09:00,11450.0,11550.0,11350.0,11400.0,68201,0.0,0.0
2022-09-26 14:00:00+09:00,11400.0,11400.0,11200.0,11350.0,47885,0.0,0.0
2022-09-27 09:00:00+09:00,11200.0,11500.0,11050.0,11250.0,0,0.0,0.0
2022-09-27 10:00:00+09:00,11250.0,11350.0,11100.0,11100.0,61400,0.0,0.0
2022-09-27 11:00:00+09:00,11100.0,11100.0,10950.0,11000.0,43448,0.0,0.0
2022-09-27 12:00:00+09:00,11000.0,11050.0,10500.0,10600.0,127242,0.0,0.0
2022-09-27 13:00:00+09:00,10600.0,10850.0,10550.0,10750.0,43215,0.0,0.0
2022-09-27 14:00:00+09:00,10800.0,10900.0,10650.0,10900.0,43325,0.0,0.0
2022-09-28 09:00:00+09:00,10900.0,11000.0,10400.0,10600.0,0,0.0,0.0
2022-09-28 10:00:00+09:00,10600.0,10650.0,10450.0,10550.0,149293,0.0,0.0
2022-09-28 11:00:00+09:00,10500.0,10550.0,10250.0,10300.0,126222,0.0,0.0
2022-09-28 12:00:00+09:00,10300.0,10450.0,10250.0,10350.0,53167,0.0,0.0
2022-09-28 13:00:00+09:00,10350.0,10350.0,10250.0,10300.0,47585,0.0,0.0
2022-09-28 14:00:00+09:00,10300.0,10450.0,10250.0,10400.0,50259,0.0,0.0
2022-09-29 09:00:00+09:00,10850.0,11300.0,10700.0,10900.0,733796,0.0,0.0
2022-09-29 10:00:00+09:00,10850.0,10950.0,10500.0,10600.0,357705,0.0,0.0
2022-09-29 11:00:00+09:00,10600.0,10600.0,10250.0,10350.0,146517,0.0,0.0
2022-09-29 12:00:00+09:00,10350.0,10450.0,10250.0,10450.0,42603,0.0,0.0
2022-09-29 13:00:00+09:00,10400.0,10450.0,10350.0,10400.0,25673,0.0,0.0
2022-09-29 14:00:00+09:00,10400.0,10400.0,10250.0,10250.0,57357,0.0,0.0
2022-09-30 09:00:00+09:00,9800.0,9800.0,9160.0,9280.0,0,0.0,0.0
2022-09-30 10:00:00+09:00,9280.0,9330.0,9100.0,9270.0,130554,0.0,0.0
2022-09-30 11:00:00+09:00,9270.0,9300.0,9080.0,9210.0,96062,0.0,0.0
2022-09-30 12:00:00+09:00,9210.0,9260.0,9160.0,9170.0,77544,0.0,0.0
2022-09-30 13:00:00+09:00,9180.0,9210.0,9080.0,9180.0,79100,0.0,0.0
2022-09-30 14:00:00+09:00,9180.0,9210.0,9100.0,9140.0,55743,0.0,0.0
2022-10-04 09:00:00+09:00,9340.0,9430.0,9180.0,9370.0,0,0.0,0.0
2022-10-04 10:00:00+09:00,9370.0,9450.0,9330.0,9420.0,83415,0.0,0.0
2022-10-04 11:00:00+09:00,9430.0,9460.0,9270.0,9430.0,56585,0.0,0.0
2022-10-04 12:00:00+09:00,9410.0,10350.0,9410.0,9830.0,782326,0.0,0.0
2022-10-04 13:00:00+09:00,9830.0,9930.0,9750.0,9800.0,129417,0.0,0.0
2022-10-04 14:00:00+09:00,9800.0,9850.0,9700.0,9740.0,99021,0.0,0.0
2022-10-05 09:00:00+09:00,9900.0,10100.0,9610.0,9680.0,0,0.0,0.0
2022-10-05 10:00:00+09:00,9680.0,9840.0,9490.0,9490.0,96586,0.0,0.0
2022-10-05 11:00:00+09:00,9490.0,9570.0,9260.0,9270.0,107077,0.0,0.0
2022-10-05 12:00:00+09:00,9270.0,9360.0,9250.0,9310.0,64001,0.0,0.0
2022-10-05 13:00:00+09:00,9300.0,9310.0,9120.0,9190.0,118472,0.0,0.0
2022-10-05 14:00:00+09:00,9190.0,9300.0,9180.0,9230.0,43921,0.0,0.0
2022-10-06 09:00:00+09:00,9330.0,9410.0,9210.0,9350.0,0,0.0,0.0
2022-10-06 10:00:00+09:00,9340.0,9470.0,9310.0,9440.0,73729,0.0,0.0
2022-10-06 11:00:00+09:00,9440.0,9570.0,9390.0,9530.0,76879,0.0,0.0
2022-10-06 12:00:00+09:00,9530.0,9600.0,9490.0,9520.0,54207,0.0,0.0
2022-10-06 13:00:00+09:00,9520.0,9620.0,9480.0,9620.0,29241,0.0,0.0
2022-10-06 14:00:00+09:00,9620.0,9710.0,9560.0,9600.0,91740,0.0,0.0
2022-10-07 09:00:00+09:00,9480.0,9680.0,9390.0,9530.0,0,0.0,0.0
2022-10-07 10:00:00+09:00,9530.0,9530.0,9330.0,9400.0,76518,0.0,0.0
2022-10-07 11:00:00+09:00,9390.0,9480.0,9350.0,9450.0,39364,0.0,0.0
2022-10-07 12:00:00+09:00,9440.0,9470.0,9360.0,9380.0,35132,0.0,0.0
2022-10-07 13:00:00+09:00,9380.0,9400.0,9220.0,9250.0,75086,0.0,0.0
2022-10-07 14:00:00+09:00,9240.0,9270.0,9140.0,9220.0,72495,0.0,0.0
2022-10-11 09:00:00+09:00,9000.0,9030.0,8540.0,8570.0,0,0.0,0.0
2022-10-11 10:00:00+09:00,8570.0,8570.0,8500.0,8510.0,73182,0.0,0.0
2022-10-11 11:00:00+09:00,8510.0,8520.0,8390.0,8400.0,45511,0.0,0.0
2022-10-11 12:00:00+09:00,8410.0,8520.0,8410.0,8460.0,27371,0.0,0.0
2022-10-11 13:00:00+09:00,8460.0,8480.0,8370.0,8450.0,26864,0.0,0.0
2022-10-11 14:00:00+09:00,8470.0,8590.0,8450.0,8500.0,36203,0.0,0.0
2022-10-12 09:00:00+09:00,8320.0,8420.0,8080.0,8250.0,0,0.0,0.0
2022-10-12 10:00:00+09:00,8250.0,8330.0,8080.0,8100.0,54461,0.0,0.0
2022-10-12 11:00:00+09:00,8110.0,8170.0,8080.0,8110.0,25147,0.0,0.0
2022-10-12 12:00:00+09:00,8110.0,8180.0,8090.0,8140.0,30496,0.0,0.0
2022-10-12 13:00:00+09:00,8140.0,8330.0,8130.0,8170.0,68425,0.0,0.0
2022-10-12 14:00:00+09:00,8170.0,8210.0,8140.0,8160.0,39653,0.0,0.0
2022-10-13 09:00:00+09:00,8110.0,8200.0,7780.0,7840.0,0,0.0,0.0
2022-10-13 10:00:00+09:00,7830.0,7840.0,7600.0,7760.0,84325,0.0,0.0
2022-10-13 11:00:00+09:00,7760.0,7810.0,7660.0,7720.0,30291,0.0,0.0
2022-10-13 12:00:00+09:00,7720.0,7890.0,7700.0,7820.0,27854,0.0,0.0
2022-10-13 13:00:00+09:00,7850.0,7890.0,7760.0,7760.0,13382,0.0,0.0
2022-10-13 14:00:00+09:00,7810.0,7900.0,7660.0,7750.0,35211,0.0,0.0
2022-10-14 09:00:00+09:00,8160.0,8440.0,8110.0,8380.0,0,0.0,0.0
2022-10-14 10:00:00+09:00,8380.0,8730.0,8310.0,8690.0,228039,0.0,0.0
2022-10-14 11:00:00+09:00,8730.0,8830.0,8610.0,8700.0,175467,0.0,0.0
2022-10-14 12:00:00+09:00,8700.0,8970.0,8500.0,8930.0,312262,0.0,0.0
2022-10-14 13:00:00+09:00,8930.0,9580.0,8920.0,9210.0,1867553,0.0,0.0
2022-10-14 14:00:00+09:00,9210.0,9480.0,9040.0,9260.0,560643,0.0,0.0
2022-10-17 09:00:00+09:00,8840.0,9220.0,8710.0,9130.0,0,0.0,0.0
2022-10-17 10:00:00+09:00,9140.0,9400.0,9130.0,9250.0,231125,0.0,0.0
2022-10-17 11:00:00+09:00,9250.0,9290.0,9160.0,9210.0,57431,0.0,0.0
2022-10-17 12:00:00+09:00,9200.0,9210.0,9070.0,9140.0,52016,0.0,0.0
2022-10-17 13:00:00+09:00,9140.0,9200.0,9020.0,9160.0,50893,0.0,0.0
2022-10-17 14:00:00+09:00,9160.0,9370.0,9160.0,9360.0,121517,0.0,0.0
2022-10-18 09:00:00+09:00,9540.0,9680.0,9320.0,9440.0,0,0.0,0.0
2022-10-18 10:00:00+09:00,9450.0,9460.0,9290.0,9350.0,94285,0.0,0.0
2022-10-18 11:00:00+09:00,9340.0,9350.0,9280.0,9290.0,34873,0.0,0.0
2022-10-18 12:00:00+09:00,9290.0,9390.0,9280.0,9370.0,24056,0.0,0.0
2022-10-18 13:00:00+09:00,9370.0,9380.0,9320.0,9340.0,25969,0.0,0.0
2022-10-18 14:00:00+09:00,9340.0,9340.0,9180.0,9250.0,51835,0.0,0.0
2022-10-19 09:00:00+09:00,9260.0,9310.0,9070.0,9250.0,0,0.0,0.0
2022-10-19 10:00:00+09:00,9250.0,9280.0,9220.0,9240.0,32741,0.0,0.0
2022-10-19 11:00:00+09:00,9240.0,9240.0,9100.0,9100.0,38059,0.0,0.0
2022-10-19 12:00:00+09:00,9100.0,9120.0,9020.0,9090.0,49196,0.0,0.0
2022-10-19 13:00:00+09:00,9100.0,9100.0,8960.0,8990.0,60685,0.0,0.0
2022-10-19 14:00:00+09:00,8990.0,9100.0,8920.0,8930.0,58800,0.0,0.0
2022-10-20 09:00:00+09:00,8800.0,9010.0,8740.0,8820.0,0,0.0,0.0
2022-10-20 10:00:00+09:00,8790.0,8820.0,8660.0,8680.0,38305,0.0,0.0
2022-10-20 11:00:00+09:00,8670.0,8730.0,8620.0,8670.0,22621,0.0,0.0
2022-10-20 12:00:00+09:00,8680.0,8680.0,8540.0,8610.0,32295,0.0,0.0
2022-10-20 13:00:00+09:00,8610.0,8730.0,8520.0,8670.0,18193,0.0,0.0
2022-10-20 14:00:00+09:00,8660.0,8720.0,8580.0,8580.0,24238,0.0,0.0
2022-10-21 09:00:00+09:00,8530.0,8800.0,8490.0,8620.0,0,0.0,0.0
2022-10-21 10:00:00+09:00,8620.0,8620.0,8350.0,8390.0,57332,0.0,0.0
2022-10-21 11:00:00+09:00,8390.0,8450.0,8370.0,8430.0,11849,0.0,0.0
2022-10-21 12:00:00+09:00,8430.0,8430.0,8360.0,8390.0,11695,0.0,0.0
2022-10-21 13:00:00+09:00,8390.0,8390.0,8240.0,8260.0,53256,0.0,0.0
2022-10-21 14:00:00+09:00,8270.0,8310.0,8200.0,8280.0,35501,0.0,0.0
2022-10-24 09:00:00+09:00,8390.0,9000.0,8380.0,8950.0,0,0.0,0.0
2022-10-24 10:00:00+09:00,8940.0,9180.0,8680.0,8720.0,299250,0.0,0.0
2022-10-24 11:00:00+09:00,8720.0,8800.0,8550.0,8680.0,58341,0.0,0.0
2022-10-24 12:00:00+09:00,8680.0,8690.0,8600.0,8650.0,22079,0.0,0.0
2022-10-24 13:00:00+09:00,8650.0,8700.0,8580.0,8650.0,18737,0.0,0.0
2022-10-24 14:00:00+09:00,8640.0,8640.0,8570.0,8600.0,18010,0.0,0.0
2022-10-25 09:00:00+09:00,8610.0,8750.0,8560.0,8680.0,0,0.0,0.0
2022-10-25 10:00:00+09:00,8660.0,8870.0,8660.0,8840.0,56737,0.0,0.0
2022-10-25 11:00:00+09:00,8840.0,8960.0,8740.0,8950.0,66283,0.0,0.0
2022-10-25 12:00:00+09:00,8950.0,9180.0,8920.0,9100.0,191590,0.0,0.0
2022-10-25 13:00:00+09:00,9090.0,9130.0,8950.0,9020.0,89649,0.0,0.0
2022-10-25 14:00:00+09:00,9030.0,9050.0,8900.0,8940.0,41812,0.0,0.0
2022-10-26 09:00:00+09:00,8970.0,9290.0,8730.0,8820.0,0,0.0,0.0
2022-10-26 10:00:00+09:00,8800.0,8970.0,8750.0,8880.0,30681,0.0,0.0
2022-10-26 11:00:00+09:00,8900.0,8920.0,8800.0,8870.0,22168,0.0,0.0
2022-10-26 12:00:00+09:00,8870.0,8870.0,8800.0,8810.0,10514,0.0,0.0
2022-10-26 13:00:00+09:00,8810.0,8810.0,8510.0,8670.0,48749,0.0,0.0
2022-10-26 14:00:00+09:00,8660.0,8680.0,8500.0,8540.0,31283,0.0,0.0
2022-10-27 09:00:00+09:00,8400.0,8670.0,8400.0,8550.0,0,0.0,0.0
2022-10-27 10:00:00+09:00,8540.0,8790.0,8520.0,8730.0,39908,0.0,0.0
2022-10-27 11:00:00+09:00,8740.0,8940.0,8730.0,8870.0,66735,0.0,0.0
2022-10-27 12:00:00+09:00,8870.0,9200.0,8830.0,8920.0,302941,0.0,0.0
2022-10-27 13:00:00+09:00,8930.0,9090.0,8910.0,9030.0,70264,0.0,0.0
2022-10-27 14:00:00+09:00,9020.0,9110.0,8970.0,9040.0,74160,0.0,0.0
2022-10-28 09:00:00+09:00,9110.0,9500.0,9050.0,9110.0,565114,0.0,0.0
2022-10-28 10:00:00+09:00,9110.0,9150.0,8770.0,8820.0,176050,0.0,0.0
2022-10-28 11:00:00+09:00,8830.0,8900.0,8770.0,8830.0,66094,0.0,0.0
2022-10-28 12:00:00+09:00,8810.0,8880.0,8800.0,8820.0,22570,0.0,0.0
2022-10-28 13:00:00+09:00,8820.0,8840.0,8730.0,8750.0,52070,0.0,0.0
2022-10-28 14:00:00+09:00,8740.0,8790.0,8680.0,8730.0,43362,0.0,0.0
2022-10-31 09:00:00+09:00,8970.0,10100.0,8930.0,9520.0,1784809,0.0,0.0
2022-10-31 10:00:00+09:00,9510.0,9530.0,9200.0,9300.0,472986,0.0,0.0
2022-10-31 11:00:00+09:00,9300.0,9320.0,9210.0,9280.0,123444,0.0,0.0
2022-10-31 12:00:00+09:00,9280.0,9370.0,9260.0,9310.0,63755,0.0,0.0
2022-10-31 13:00:00+09:00,9310.0,9560.0,9300.0,9410.0,263832,0.0,0.0
2022-10-31 14:00:00+09:00,9410.0,9520.0,9350.0,9450.0,96525,0.0,0.0
2022-11-01 09:00:00+09:00,9500.0,9580.0,9290.0,9460.0,0,0.0,0.0
2022-11-01 10:00:00+09:00,9490.0,9500.0,9400.0,9400.0,63286,0.0,0.0
2022-11-01 11:00:00+09:00,9400.0,9530.0,9390.0,9430.0,57745,0.0,0.0
2022-11-01 12:00:00+09:00,9420.0,9460.0,9400.0,9430.0,25179,0.0,0.0
2022-11-01 13:00:00+09:00,9430.0,9530.0,9410.0,9510.0,27238,0.0,0.0
2022-11-01 14:00:00+09:00,9520.0,9610.0,9500.0,9560.0,146643,0.0,0.0
2022-11-02 09:00:00+09:00,9590.0,9590.0,9230.0,9430.0,0,0.0,0.0
2022-11-02 10:00:00+09:00,9430.0,9430.0,9340.0,9370.0,49658,0.0,0.0
2022-11-02 11:00:00+09:00,9370.0,9430.0,9270.0,9370.0,42985,0.0,0.0
2022-11-02 12:00:00+09:00,9380.0,9390.0,9330.0,9360.0,16537,0.0,0.0
2022-11-02 13:00:00+09:00,9370.0,9480.0,9290.0,9340.0,93694,0.0,0.0
2022-11-02 14:00:00+09:00,9340.0,9370.0,9270.0,9280.0,35750,0.0,0.0
2022-11-03 09:00:00+09:00,8910.0,9140.0,8830.0,9040.0,0,0.0,0.0
2022-11-03 10:00:00+09:00,9040.0,9230.0,9020.0,9140.0,39200,0.0,0.0
2022-11-03 11:00:00+09:00,9140.0,9170.0,9080.0,9110.0,25226,0.0,0.0
2022-11-03 12:00:00+09:00,9090.0,9120.0,9010.0,9040.0,30685,0.0,0.0
2022-11-03 13:00:00+09:00,9050.0,9180.0,9020.0,9150.0,19549,0.0,0.0
2022-11-03 14:00:00+09:00,9160.0,9220.0,9130.0,9200.0,39679,0.0,0.0
2022-11-04 09:00:00+09:00,9160.0,9160.0,8950.0,9060.0,0,0.0,0.0
2022-11-04 10:00:00+09:00,9060.0,9110.0,8980.0,9110.0,33421,0.0,0.0
2022-11-04 11:00:00+09:00,9110.0,9190.0,9070.0,9120.0,21480,0.0,0.0
2022-11-04 12:00:00+09:00,9110.0,9160.0,9040.0,9070.0,13977,0.0,0.0
2022-11-04 13:00:00+09:00,9050.0,9090.0,9010.0,9040.0,17937,0.0,0.0
2022-11-04 14:00:00+09:00,9030.0,9110.0,9030.0,9060.0,27105,0.0,0.0
2022-11-07 09:00:00+09:00,9200.0,9200.0,9100.0,9120.0,0,0.0,0.0
2022-11-07 10:00:00+09:00,9120.0,9230.0,9100.0,9170.0,41359,0.0,0.0
2022-11-07 11:00:00+09:00,9190.0,9190.0,9110.0,9140.0,18702,0.0,0.0
2022-11-07 12:00:00+09:00,9140.0,9160.0,9110.0,9130.0,13764,0.0,0.0
2022-11-07 13:00:00+09:00,9130.0,9130.0,9030.0,9050.0,37628,0.0,0.0
2022-11-07 14:00:00+09:00,9050.0,9060.0,8950.0,9000.0,52417,0.0,0.0
2022-11-08 09:00:00+09:00,9000.0,9370.0,9000.0,9260.0,0,0.0,0.0
2022-11-08 10:00:00+09:00,9260.0,9270.0,9180.0,9210.0,40097,0.0,0.0
2022-11-08 11:00:00+09:00,9210.0,9240.0,9200.0,9240.0,14728,0.0,0.0
2022-11-08 12:00:00+09:00,9240.0,9260.0,9150.0,9210.0,31181,0.0,0.0
2022-11-08 13:00:00+09:00,9200.0,9220.0,9140.0,9180.0,30456,0.0,0.0
2022-11-08 14:00:00+09:00,9170.0,9220.0,9140.0,9210.0,16024,0.0,0.0
2022-11-09 09:00:00+09:00,9260.0,9370.0,9130.0,9350.0,0,0.0,0.0
2022-11-09 10:00:00+09:00,9340.0,9340.0,9220.0,9290.0,33174,0.0,0.0
2022-11-09 11:00:00+09:00,9290.0,9360.0,9270.0,9340.0,28907,0.0,0.0
2022-11-09 12:00:00+09:00,9340.0,9400.0,9250.0,9260.0,45370,0.0,0.0
2022-11-09 13:00:00+09:00,9260.0,9260.0,9170.0,9220.0,35212,0.0,0.0
2022-11-09 14:00:00+09:00,9210.0,9260.0,9200.0,9260.0,17965,0.0,0.0
2022-11-10 09:00:00+09:00,9100.0,9230.0,9080.0,9190.0,0,0.0,0.0
2022-11-10 10:00:00+09:00,9180.0,9190.0,9020.0,9090.0,71569,0.0,0.0
2022-11-10 11:00:00+09:00,9050.0,9090.0,8970.0,9040.0,51778,0.0,0.0
2022-11-10 12:00:00+09:00,9030.0,9030.0,8980.0,9000.0,22373,0.0,0.0
2022-11-10 13:00:00+09:00,9000.0,9010.0,8900.0,8910.0,62074,0.0,0.0
2022-11-10 14:00:00+09:00,8920.0,9000.0,8890.0,8900.0,47175,0.0,0.0
2022-11-11 09:00:00+09:00,9210.0,9390.0,9100.0,9200.0,0,0.0,0.0
2022-11-11 10:00:00+09:00,9200.0,9220.0,9110.0,9170.0,51333,0.0,0.0
2022-11-11 11:00:00+09:00,9160.0,9200.0,9130.0,9180.0,25998,0.0,0.0
2022-11-11 12:00:00+09:00,9180.0,9190.0,9090.0,9110.0,29171,0.0,0.0
2022-11-11 13:00:00+09:00,9110.0,9150.0,9100.0,9130.0,18230,0.0,0.0
2022-11-11 14:00:00+09:00,9130.0,9180.0,9110.0,9140.0,21938,0.0,0.0
2022-11-14 09:00:00+09:00,9230.0,9250.0,9100.0,9110.0,0,0.0,0.0
2022-11-14 10:00:00+09:00,9140.0,9220.0,9110.0,9120.0,38400,0.0,0.0
2022-11-14 11:00:00+09:00,9120.0,9210.0,9120.0,9150.0,20765,0.0,0.0
2022-11-14 12:00:00+09:00,9150.0,9160.0,9110.0,9140.0,23637,0.0,0.0
2022-11-14 13:00:00+09:00,9140.0,9180.0,9130.0,9170.0,15055,0.0,0.0
2022-11-14 14:00:00+09:00,9160.0,9210.0,9120.0,9120.0,23091,0.0,0.0
2022-11-15 09:00:00+09:00,9070.0,9170.0,8900.0,8910.0,0,0.0,0.0
2022-11-15 10:00:00+09:00,8900.0,8980.0,8880.0,8970.0,35549,0.0,0.0
2022-11-15 11:00:00+09:00,8960.0,8990.0,8930.0,8960.0,11234,0.0,0.0
2022-11-15 12:00:00+09:00,8960.0,9020.0,8930.0,9010.0,19304,0.0,0.0
2022-11-15 13:00:00+09:00,9000.0,9010.0,8940.0,8970.0,22347,0.0,0.0
2022-11-15 14:00:00+09:00,8970.0,9000.0,8940.0,8960.0,23465,0.0,0.0
2022-11-16 09:00:00+09:00,9020.0,9150.0,8960.0,9040.0,0,0.0,0.0
2022-11-16 10:00:00+09:00,9040.0,9190.0,9020.0,9120.0,43763,0.0,0.0
2022-11-16 11:00:00+09:00,9120.0,9220.0,9100.0,9170.0,40277,0.0,0.0
2022-11-16 12:00:00+09:00,9170.0,9180.0,9120.0,9130.0,10289,0.0,0.0
2022-11-16 13:00:00+09:00,9130.0,9150.0,9080.0,9100.0,20941,0.0,0.0
2022-11-16 14:00:00+09:00,9100.0,9120.0,9080.0,9090.0,12746,0.0,0.0
2022-11-17 10:00:00+09:00,9200.0,9230.0,8950.0,8950.0,81582,0.0,0.0
2022-11-17 11:00:00+09:00,8960.0,9010.0,8950.0,8990.0,20108,0.0,0.0
2022-11-17 12:00:00+09:00,8990.0,9000.0,8960.0,8970.0,15574,0.0,0.0
2022-11-17 13:00:00+09:00,8980.0,9050.0,8970.0,9000.0,15423,0.0,0.0
2022-11-17 14:00:00+09:00,8990.0,9060.0,8970.0,9010.0,14294,0.0,0.0
2022-11-18 09:00:00+09:00,9040.0,9070.0,8990.0,9060.0,0,0.0,0.0
2022-11-18 10:00:00+09:00,9070.0,9160.0,9040.0,9090.0,42396,0.0,0.0
2022-11-18 11:00:00+09:00,9090.0,9270.0,9090.0,9270.0,70343,0.0,0.0
2022-11-18 12:00:00+09:00,9240.0,9260.0,9140.0,9190.0,25440,0.0,0.0
2022-11-18 13:00:00+09:00,9180.0,9180.0,9060.0,9080.0,25786,0.0,0.0
2022-11-18 14:00:00+09:00,9090.0,9110.0,9020.0,9030.0,24119,0.0,0.0
2022-11-21 09:00:00+09:00,8970.0,8980.0,8310.0,8470.0,0,0.0,0.0
2022-11-21 10:00:00+09:00,8460.0,8580.0,8420.0,8490.0,34471,0.0,0.0
2022-11-21 11:00:00+09:00,8490.0,8540.0,8480.0,8510.0,12440,0.0,0.0
2022-11-21 12:00:00+09:00,8510.0,8510.0,8460.0,8480.0,16884,0.0,0.0
2022-11-21 13:00:00+09:00,8480.0,8520.0,8460.0,8460.0,12397,0.0,0.0
2022-11-21 14:00:00+09:00,8460.0,8480.0,8420.0,8460.0,28288,0.0,0.0
2022-11-22 09:00:00+09:00,8350.0,8450.0,8250.0,8340.0,0,0.0,0.0
2022-11-22 10:00:00+09:00,8340.0,8470.0,8340.0,8420.0,13889,0.0,0.0
2022-11-22 11:00:00+09:00,8420.0,8550.0,8390.0,8500.0,14622,0.0,0.0
2022-11-22 12:00:00+09:00,8490.0,8510.0,8400.0,8400.0,10256,0.0,0.0
2022-11-22 13:00:00+09:00,8410.0,8440.0,8370.0,8410.0,10256,0.0,0.0
2022-11-22 14:00:00+09:00,8410.0,8410.0,8320.0,8330.0,24141,0.0,0.0
2022-11-23 09:00:00+09:00,8380.0,8420.0,8280.0,8340.0,0,0.0,0.0
2022-11-23 10:00:00+09:00,8320.0,8350.0,8290.0,8340.0,18925,0.0,0.0
2022-11-23 11:00:00+09:00,8330.0,8430.0,8330.0,8370.0,15686,0.0,0.0
2022-11-23 12:00:00+09:00,8380.0,8440.0,8350.0,8400.0,12932,0.0,0.0
2022-11-23 13:00:00+09:00,8420.0,8450.0,8400.0,8420.0,13964,0.0,0.0
2022-11-23 14:00:00+09:00,8410.0,8420.0,8350.0,8350.0,10548,0.0,0.0
2022-11-24 09:00:00+09:00,8350.0,8500.0,8350.0,8460.0,0,0.0,0.0
2022-11-24 10:00:00+09:00,8460.0,8550.0,8450.0,8550.0,24528,0.0,0.0
2022-11-24 11:00:00+09:00,8550.0,8550.0,8460.0,8510.0,10529,0.0,0.0
2022-11-24 12:00:00+09:00,8510.0,8590.0,8490.0,8580.0,14889,0.0,0.0
2022-11-24 13:00:00+09:00,8580.0,8580.0,8410.0,8460.0,15090,0.0,0.0
2022-11-24 14:00:00+09:00,8460.0,8510.0,8420.0,8490.0,8767,0.0,0.0
2022-11-25 09:00:00+09:00,8590.0,8640.0,8480.0,8550.0,0,0.0,0.0
2022-11-25 10:00:00+09:00,8550.0,8620.0,8550.0,8560.0,13070,0.0,0.0
2022-11-25 11:00:00+09:00,8550.0,8560.0,8520.0,8520.0,5878,0.0,0.0
2022-11-25 12:00:00+09:00,8520.0,8540.0,8480.0,8490.0,14561,0.0,0.0
2022-11-25 13:00:00+09:00,8500.0,8520.0,8470.0,8490.0,7374,0.0,0.0
2022-11-25 14:00:00+09:00,8520.0,8520.0,8410.0,8430.0,16511,0.0,0.0
2022-11-28 09:00:00+09:00,8440.0,8440.0,8000.0,8120.0,0,0.0,0.0
2022-11-28 10:00:00+09:00,8110.0,8140.0,8090.0,8140.0,21379,0.0,0.0
2022-11-28 11:00:00+09:00,8140.0,8140.0,8100.0,8120.0,8204,0.0,0.0
2022-11-28 12:00:00+09:00,8120.0,8140.0,8110.0,8130.0,6878,0.0,0.0
2022-11-28 13:00:00+09:00,8120.0,8130.0,8100.0,8110.0,13893,0.0,0.0
2022-11-28 14:00:00+09:00,8110.0,8120.0,8090.0,8090.0,13204,0.0,0.0
2022-11-29 09:00:00+09:00,8070.0,8230.0,8070.0,8180.0,0,0.0,0.0
2022-11-29 10:00:00+09:00,8190.0,8840.0,8180.0,8260.0,300864,0.0,0.0
2022-11-29 11:00:00+09:00,8290.0,8320.0,8250.0,8290.0,15586,0.0,0.0
2022-11-29 12:00:00+09:00,8290.0,8350.0,8280.0,8320.0,10881,0.0,0.0
2022-11-29 13:00:00+09:00,8320.0,8330.0,8270.0,8280.0,17184,0.0,0.0
2022-11-29 14:00:00+09:00,8270.0,8310.0,8260.0,8300.0,15091,0.0,0.0
2022-11-30 09:00:00+09:00,8170.0,8330.0,8170.0,8240.0,0,0.0,0.0
2022-11-30 10:00:00+09:00,8250.0,8450.0,8210.0,8370.0,29131,0.0,0.0
2022-11-30 11:00:00+09:00,8370.0,8430.0,8310.0,8400.0,31244,0.0,0.0
2022-11-30 12:00:00+09:00,8400.0,8490.0,8390.0,8490.0,30549,0.0,0.0
2022-11-30 13:00:00+09:00,8490.0,9950.0,8470.0,9500.0,2682510,0.0,0.0
2022-11-30 14:00:00+09:00,9500.0,10700.0,9110.0,10600.0,6717458,0.0,0.0
2022-12-01 09:00:00+09:00,11300.0,11650.0,10750.0,10800.0,0,0.0,0.0
2022-12-01 10:00:00+09:00,10800.0,10900.0,10750.0,10900.0,495407,0.0,0.0
2022-12-01 11:00:00+09:00,10850.0,10900.0,10750.0,10750.0,222095,0.0,0.0
2022-12-01 12:00:00+09:00,10750.0,11050.0,10750.0,10950.0,349966,0.0,0.0
2022-12-01 13:00:00+09:00,10950.0,11100.0,10850.0,11000.0,513069,0.0,0.0
2022-12-01 14:00:00+09:00,10950.0,11100.0,10900.0,11050.0,367785,0.0,0.0
2022-12-02 09:00:00+09:00,11200.0,11450.0,11000.0,11100.0,0,0.0,0.0
2022-12-02 10:00:00+09:00,11150.0,11450.0,11100.0,11150.0,683825,0.0,0.0
2022-12-02 11:00:00+09:00,11100.0,11400.0,11050.0,11250.0,331987,0.0,0.0
2022-12-02 12:00:00+09:00,11250.0,11400.0,11100.0,11250.0,374507,0.0,0.0
2022-12-02 13:00:00+09:00,11250.0,11350.0,11100.0,11300.0,239063,0.0,0.0
2022-12-02 14:00:00+09:00,11250.0,11350.0,11150.0,11250.0,249546,0.0,0.0
2022-12-05 09:00:00+09:00,11850.0,12100.0,10800.0,10850.0,0,0.0,0.0
2022-12-05 10:00:00+09:00,10850.0,11050.0,10850.0,10900.0,194390,0.0,0.0
2022-12-05 11:00:00+09:00,10900.0,11000.0,10800.0,10850.0,148883,0.0,0.0
2022-12-05 12:00:00+09:00,10850.0,10950.0,10750.0,10900.0,134218,0.0,0.0
2022-12-05 13:00:00+09:00,10900.0,10900.0,10500.0,10650.0,295472,0.0,0.0
2022-12-05 14:00:00+09:00,10650.0,10650.0,10350.0,10500.0,355509,0.0,0.0
2022-12-06 09:00:00+09:00,10300.0,10850.0,10250.0,10650.0,0,0.0,0.0
2022-12-06 10:00:00+09:00,10650.0,10700.0,10400.0,10450.0,180978,0.0,0.0
2022-12-06 11:00:00+09:00,10400.0,10450.0,10300.0,10400.0,143235,0.0,0.0
2022-12-06 12:00:00+09:00,10350.0,10450.0,10300.0,10300.0,54149,0.0,0.0
2022-12-06 13:00:00+09:00,10350.0,10400.0,10200.0,10300.0,99491,0.0,0.0
2022-12-06 14:00:00+09:00,10300.0,10500.0,10150.0,10450.0,197394,0.0,0.0
2022-12-07 09:00:00+09:00,10400.0,10500.0,10200.0,10500.0,287558,0.0,0.0
2022-12-07 10:00:00+09:00,10500.0,10550.0,10350.0,10400.0,98220,0.0,0.0
2022-12-07 11:00:00+09:00,10400.0,10600.0,10350.0,10500.0,105940,0.0,0.0
2022-12-07 12:00:00+09:00,10500.0,10500.0,10350.0,10350.0,54207,0.0,0.0
2022-12-07 13:00:00+09:00,10350.0,10500.0,10350.0,10500.0,50707,0.0,0.0
2022-12-07 14:00:00+09:00,10500.0,10700.0,10450.0,10650.0,330503,0.0,0.0
2022-12-08 09:00:00+09:00,10600.0,10700.0,10400.0,10550.0,0,0.0,0.0
2022-12-08 10:00:00+09:00,10500.0,10550.0,10250.0,10400.0,161751,0.0,0.0
2022-12-08 11:00:00+09:00,10400.0,10400.0,10250.0,10350.0,56286,0.0,0.0
2022-12-08 12:00:00+09:00,10350.0,10350.0,10250.0,10300.0,32042,0.0,0.0
2022-12-08 13:00:00+09:00,10300.0,10350.0,10200.0,10250.0,69896,0.0,0.0
2022-12-08 14:00:00+09:00,10200.0,10300.0,10100.0,10150.0,166133,0.0,0.0
2022-12-09 09:00:00+09:00,10350.0,10600.0,10100.0,10200.0,0,0.0,0.0
2022-12-09 10:00:00+09:00,10200.0,10350.0,10100.0,10350.0,96533,0.0,0.0
2022-12-09 11:00:00+09:00,10350.0,10350.0,10200.0,10200.0,55833,0.0,0.0
2022-12-09 12:00:00+09:00,10250.0,10250.0,10150.0,10200.0,49431,0.0,0.0
2022-12-09 13:00:00+09:00,10200.0,10250.0,10150.0,10150.0,37201,0.0,0.0
2022-12-09 14:00:00+09:00,10200.0,10200.0,9940.0,10000.0,199074,0.0,0.0
2022-12-12 09:00:00+09:00,9850.0,10050.0,9810.0,9860.0,0,0.0,0.0
2022-12-12 10:00:00+09:00,9860.0,9880.0,9670.0,9760.0,166009,0.0,0.0
2022-12-12 11:00:00+09:00,9760.0,9810.0,9680.0,9710.0,62726,0.0,0.0
2022-12-12 12:00:00+09:00,9710.0,9730.0,9680.0,9690.0,29160,0.0,0.0
2022-12-12 13:00:00+09:00,9690.0,9720.0,9680.0,9690.0,28198,0.0,0.0
2022-12-12 14:00:00+09:00,9690.0,9740.0,9650.0,9670.0,58038,0.0,0.0
2022-12-13 09:00:00+09:00,9630.0,9800.0,9560.0,9730.0,0,0.0,0.0
2022-12-13 10:00:00+09:00,9730.0,9790.0,9670.0,9780.0,58123,0.0,0.0
2022-12-13 11:00:00+09:00,9780.0,9850.0,9760.0,9790.0,70205,0.0,0.0
2022-12-13 12:00:00+09:00,9790.0,9800.0,9710.0,9770.0,24444,0.0,0.0
2022-12-13 13:00:00+09:00,9770.0,9820.0,9740.0,9750.0,38945,0.0,0.0
2022-12-13 14:00:00+09:00,9750.0,9950.0,9730.0,9910.0,180932,0.0,0.0
2022-12-14 09:00:00+09:00,9920.0,10200.0,9900.0,10000.0,0,0.0,0.0
2022-12-14 10:00:00+09:00,9990.0,10100.0,9990.0,10050.0,54892,0.0,0.0
2022-12-14 11:00:00+09:00,10050.0,10100.0,10000.0,10000.0,32079,0.0,0.0
2022-12-14 12:00:00+09:00,10000.0,10050.0,9990.0,10000.0,30500,0.0,0.0
2022-12-14 13:00:00+09:00,10000.0,10050.0,9990.0,10000.0,27166,0.0,0.0
2022-12-14 14:00:00+09:00,10000.0,10050.0,9980.0,9990.0,57538,0.0,0.0
2022-12-15 09:00:00+09:00,9940.0,10050.0,9860.0,9950.0,0,0.0,0.0
2022-12-15 10:00:00+09:00,9950.0,9960.0,9750.0,9810.0,90649,0.0,0.0
2022-12-15 11:00:00+09:00,9810.0,9820.0,9640.0,9720.0,71176,0.0,0.0
2022-12-15 12:00:00+09:00,9730.0,9770.0,9650.0,9700.0,31256,0.0,0.0
2022-12-15 13:00:00+09:00,9700.0,9720.0,9650.0,9660.0,28552,0.0,0.0
2022-12-15 14:00:00+09:00,9660.0,9730.0,9640.0,9700.0,29724,0.0,0.0
2022-12-16 09:00:00+09:00,9340.0,9400.0,9220.0,9240.0,0,0.0,0.0
2022-12-16 10:00:00+09:00,9250.0,9340.0,9220.0,9330.0,42087,0.0,0.0
2022-12-16 11:00:00+09:00,9320.0,9370.0,9290.0,9330.0,24891,0.0,0.0
2022-12-16 12:00:00+09:00,9340.0,9380.0,9320.0,9360.0,22498,0.0,0.0
2022-12-16 13:00:00+09:00,9360.0,9360.0,9280.0,9300.0,27559,0.0,0.0
2022-12-16 14:00:00+09:00,9290.0,9300.0,9200.0,9220.0,79497,0.0,0.0
2022-12-19 09:00:00+09:00,9240.0,9300.0,9000.0,9140.0,78902,0.0,0.0
2022-12-19 10:00:00+09:00,9140.0,9260.0,9140.0,9200.0,49269,0.0,0.0
2022-12-19 11:00:00+09:00,9190.0,9200.0,9090.0,9120.0,27619,0.0,0.0
2022-12-19 12:00:00+09:00,9110.0,9150.0,9100.0,9110.0,14140,0.0,0.0
2022-12-19 13:00:00+09:00,9130.0,9130.0,8990.0,9020.0,50597,0.0,0.0
2022-12-19 14:00:00+09:00,9030.0,9120.0,9020.0,9050.0,32464,0.0,0.0
2022-12-20 09:00:00+09:00,9120.0,9200.0,9010.0,9150.0,0,0.0,0.0
2022-12-20 10:00:00+09:00,9150.0,9320.0,9100.0,9200.0,112349,0.0,0.0
2022-12-20 11:00:00+09:00,9200.0,9360.0,9180.0,9200.0,102626,0.0,0.0
2022-12-20 12:00:00+09:00,9200.0,9210.0,9060.0,9100.0,34125,0.0,0.0
2022-12-20 13:00:00+09:00,9100.0,9100.0,8820.0,8870.0,84888,0.0,0.0
2022-12-20 14:00:00+09:00,8860.0,8870.0,8710.0,8750.0,95693,0.0,0.0
2022-12-21 09:00:00+09:00,8820.0,8940.0,8650.0,8850.0,0,0.0,0.0
2022-12-21 10:00:00+09:00,8850.0,9000.0,8840.0,8880.0,39340,0.0,0.0
2022-12-21 11:00:00+09:00,8880.0,8940.0,8840.0,8930.0,14581,0.0,0.0
2022-12-21 12:00:00+09:00,8930.0,8950.0,8860.0,8870.0,12315,0.0,0.0
2022-12-21 13:00:00+09:00,8870.0,8890.0,8790.0,8810.0,10672,0.0,0.0
2022-12-21 14:00:00+09:00,8810.0,8880.0,8810.0,8860.0,14134,0.0,0.0
2022-12-22 09:00:00+09:00,8860.0,9020.0,8860.0,9010.0,0,0.0,0.0
2022-12-22 10:00:00+09:00,9010.0,9090.0,8970.0,8990.0,56532,0.0,0.0
2022-12-22 11:00:00+09:00,8990.0,9030.0,8940.0,8950.0,14883,0.0,0.0
2022-12-22 12:00:00+09:00,8940.0,8980.0,8920.0,8970.0,14679,0.0,0.0
2022-12-22 13:00:00+09:00,8970.0,9000.0,8910.0,8930.0,16430,0.0,0.0
2022-12-22 14:00:00+09:00,8910.0,8930.0,8820.0,8830.0,35488,0.0,0.0
2022-12-23 09:00:00+09:00,8710.0,8710.0,8490.0,8490.0,0,0.0,0.0
2022-12-23 10:00:00+09:00,8490.0,8520.0,8400.0,8520.0,49355,0.0,0.0
2022-12-23 11:00:00+09:00,8520.0,8520.0,8440.0,8460.0,19713,0.0,0.0
2022-12-23 12:00:00+09:00,8460.0,8480.0,8430.0,8460.0,11954,0.0,0.0
2022-12-23 13:00:00+09:00,8460.0,8490.0,8430.0,8440.0,14980,0.0,0.0
2022-12-23 14:00:00+09:00,8430.0,8480.0,8400.0,8410.0,31956,0.0,0.0
2022-12-26 09:00:00+09:00,8320.0,8430.0,8200.0,8250.0,0,0.0,0.0
2022-12-26 10:00:00+09:00,8250.0,8350.0,8250.0,8310.0,13451,0.0,0.0
2022-12-26 11:00:00+09:00,8300.0,8490.0,8280.0,8440.0,15163,0.0,0.0
2022-12-26 12:00:00+09:00,8440.0,8520.0,8400.0,8520.0,10513,0.0,0.0
2022-12-26 13:00:00+09:00,8520.0,8560.0,8390.0,8440.0,13074,0.0,0.0
2022-12-26 14:00:00+09:00,8440.0,8510.0,8310.0,8390.0,22355,0.0,0.0
2022-12-27 09:00:00+09:00,8340.0,8490.0,8340.0,8480.0,0,0.0,0.0
2022-12-27 10:00:00+09:00,8470.0,8520.0,8430.0,8470.0,22918,0.0,0.0
2022-12-27 11:00:00+09:00,8470.0,8480.0,8400.0,8470.0,17680,0.0,0.0
2022-12-27 12:00:00+09:00,8470.0,8480.0,8410.0,8420.0,9953,0.0,0.0
2022-12-27 13:00:00+09:00,8420.0,8490.0,8390.0,8410.0,20266,0.0,0.0
2022-12-27 14:00:00+09:00,8420.0,8420.0,8380.0,8420.0,16002,0.0,0.0
2022-12-28 09:00:00+09:00,8490.0,9650.0,8490.0,8870.0,2312701,0.0,0.0
2022-12-28 10:00:00+09:00,8880.0,9030.0,8840.0,8910.0,192543,0.0,0.0
2022-12-28 11:00:00+09:00,8910.0,8940.0,8820.0,8840.0,60377,0.0,0.0
2022-12-28 12:00:00+09:00,8840.0,8900.0,8800.0,8880.0,35075,0.0,0.0
2022-12-28 13:00:00+09:00,8880.0,8900.0,8800.0,8810.0,49642,0.0,0.0
2022-12-28 14:00:00+09:00,8830.0,8880.0,8810.0,8820.0,66723,0.0,0.0
2022-12-29 09:00:00+09:00,8770.0,8830.0,8560.0,8610.0,0,0.0,0.0
2022-12-29 10:00:00+09:00,8620.0,8630.0,8470.0,8490.0,54248,0.0,0.0
2022-12-29 11:00:00+09:00,8480.0,8580.0,8480.0,8540.0,25542,0.0,0.0
2022-12-29 12:00:00+09:00,8520.0,8580.0,8470.0,8500.0,27666,0.0,0.0
2022-12-29 13:00:00+09:00,8500.0,8550.0,8450.0,8480.0,27267,0.0,0.0
2022-12-29 14:00:00+09:00,8490.0,8510.0,8400.0,8440.0,57764,0.0,0.0
2023-01-02 10:00:00+09:00,8450.0,8940.0,8450.0,8740.0,337375,0.0,0.0
2023-01-02 11:00:00+09:00,8720.0,8780.0,8640.0,8650.0,54392,0.0,0.0
2023-01-02 12:00:00+09:00,8650.0,8730.0,8600.0,8600.0,31371,0.0,0.0
2023-01-02 13:00:00+09:00,8600.0,8720.0,8570.0,8620.0,22659,0.0,0.0
2023-01-02 14:00:00+09:00,8630.0,8640.0,8450.0,8530.0,43887,0.0,0.0
2023-01-03 09:00:00+09:00,8350.0,8470.0,8200.0,8210.0,0,0.0,0.0
2023-01-03 10:00:00+09:00,8210.0,8230.0,8020.0,8140.0,86107,0.0,0.0
2023-01-03 11:00:00+09:00,8130.0,8200.0,8110.0,8190.0,22331,0.0,0.0
2023-01-03 12:00:00+09:00,8190.0,8260.0,8150.0,8250.0,17856,0.0,0.0
2023-01-03 13:00:00+09:00,8250.0,8260.0,8180.0,8260.0,18768,0.0,0.0
2023-01-03 14:00:00+09:00,8260.0,8360.0,8240.0,8280.0,33729,0.0,0.0
2023-01-04 09:00:00+09:00,8080.0,8250.0,8050.0,8220.0,0,0.0,0.0
2023-01-04 10:00:00+09:00,8180.0,8370.0,8180.0,8320.0,32082,0.0,0.0
2023-01-04 11:00:00+09:00,8340.0,8340.0,8270.0,8310.0,16344,0.0,0.0
2023-01-04 12:00:00+09:00,8320.0,8380.0,8280.0,8320.0,12152,0.0,0.0
2023-01-04 13:00:00+09:00,8310.0,8380.0,8280.0,8360.0,18278,0.0,0.0
2023-01-04 14:00:00+09:00,8360.0,8400.0,8320.0,8350.0,14659,0.0,0.0
2023-01-05 09:00:00+09:00,8380.0,8450.0,8240.0,8320.0,0,0.0,0.0
2023-01-05 10:00:00+09:00,8300.0,8350.0,8260.0,8270.0,27797,0.0,0.0
2023-01-05 11:00:00+09:00,8260.0,8270.0,8180.0,8260.0,38757,0.0,0.0
2023-01-05 12:00:00+09:00,8260.0,8260.0,8200.0,8210.0,21662,0.0,0.0
2023-01-05 13:00:00+09:00,8220.0,8240.0,8170.0,8230.0,11749,0.0,0.0
2023-01-05 14:00:00+09:00,8230.0,8240.0,8160.0,8170.0,28417,0.0,0.0
2023-01-06 09:00:00+09:00,8160.0,8280.0,8050.0,8270.0,0,0.0,0.0
2023-01-06 10:00:00+09:00,8270.0,8430.0,8250.0,8350.0,124768,0.0,0.0
2023-01-06 11:00:00+09:00,8340.0,8380.0,8310.0,8340.0,17843,0.0,0.0
2023-01-06 12:00:00+09:00,8340.0,8370.0,8310.0,8330.0,13697,0.0,0.0
2023-01-06 13:00:00+09:00,8320.0,8360.0,8300.0,8320.0,18766,0.0,0.0
2023-01-06 14:00:00+09:00,8330.0,8360.0,8300.0,8300.0,20880,0.0,0.0
2023-01-09 09:00:00+09:00,8360.0,8640.0,8360.0,8530.0,0,0.0,0.0
2023-01-09 10:00:00+09:00,8510.0,8530.0,8480.0,8510.0,31264,0.0,0.0
2023-01-09 11:00:00+09:00,8500.0,8520.0,8470.0,8480.0,13822,0.0,0.0
2023-01-09 12:00:00+09:00,8480.0,8500.0,8470.0,8490.0,6816,0.0,0.0
2023-01-09 13:00:00+09:00,8480.0,8550.0,8470.0,8510.0,17514,0.0,0.0
2023-01-09 14:00:00+09:00,8510.0,8630.0,8510.0,8540.0,38845,0.0,0.0
2023-01-10 09:00:00+09:00,8850.0,9200.0,8840.0,9090.0,98099,0.0,0.0
2023-01-10 10:00:00+09:00,9070.0,9170.0,8960.0,9030.0,250239,0.0,0.0
2023-01-10 11:00:00+09:00,9040.0,9070.0,8990.0,9010.0,45762,0.0,0.0
2023-01-10 12:00:00+09:00,9010.0,9010.0,8930.0,8930.0,38603,0.0,0.0
2023-01-10 13:00:00+09:00,8930.0,9000.0,8810.0,8850.0,64673,0.0,0.0
2023-01-10 14:00:00+09:00,8860.0,8970.0,8820.0,8890.0,39311,0.0,0.0
2023-01-11 09:00:00+09:00,9170.0,9380.0,9120.0,9160.0,0,0.0,0.0
2023-01-11 10:00:00+09:00,9150.0,9300.0,9140.0,9180.0,86351,0.0,0.0
2023-01-11 11:00:00+09:00,9180.0,9190.0,9150.0,9170.0,26238,0.0,0.0
2023-01-11 12:00:00+09:00,9170.0,9180.0,9150.0,9160.0,17229,0.0,0.0
2023-01-11 13:00:00+09:00,9160.0,9280.0,9150.0,9270.0,66780,0.0,0.0
2023-01-11 14:00:00+09:00,9280.0,9530.0,9200.0,9360.0,317692,0.0,0.0
2023-01-12 09:00:00+09:00,9470.0,9470.0,9240.0,9260.0,0,0.0,0.0
2023-01-12 10:00:00+09:00,9260.0,9400.0,9230.0,9310.0,59343,0.0,0.0
2023-01-12 11:00:00+09:00,9310.0,9320.0,9240.0,9280.0,37172,0.0,0.0
2023-01-12 12:00:00+09:00,9290.0,9290.0,9180.0,9230.0,61167,0.0,0.0
2023-01-12 13:00:00+09:00,9230.0,9270.0,9190.0,9250.0,34451,0.0,0.0
2023-01-12 14:00:00+09:00,9250.0,9250.0,9180.0,9190.0,42458,0.0,0.0
2023-01-13 09:00:00+09:00,9240.0,9360.0,9210.0,9310.0,0,0.0,0.0
2023-01-13 10:00:00+09:00,9310.0,9420.0,9310.0,9390.0,98638,0.0,0.0
2023-01-13 11:00:00+09:00,9380.0,9380.0,9320.0,9320.0,28075,0.0,0.0
2023-01-13 12:00:00+09:00,9320.0,9330.0,9290.0,9300.0,18721,0.0,0.0
2023-01-13 13:00:00+09:00,9300.0,9320.0,9260.0,9290.0,28154,0.0,0.0
2023-01-13 14:00:00+09:00,9290.0,9350.0,9280.0,9310.0,36860,0.0,0.0
2023-01-16 09:00:00+09:00,9450.0,9550.0,9360.0,9400.0,0,0.0,0.0
2023-01-16 10:00:00+09:00,9400.0,9450.0,9340.0,9350.0,55370,0.0,0.0
2023-01-16 11:00:00+09:00,9350.0,9410.0,9320.0,9380.0,18994,0.0,0.0
2023-01-16 12:00:00+09:00,9370.0,9390.0,9350.0,9350.0,11317,0.0,0.0
2023-01-16 13:00:00+09:00,9350.0,9390.0,9350.0,9360.0,12495,0.0,0.0
2023-01-16 14:00:00+09:00,9360.0,9390.0,9350.0,9360.0,27686,0.0,0.0
2023-01-17 09:00:00+09:00,9360.0,9430.0,9210.0,9300.0,0,0.0,0.0
2023-01-17 10:00:00+09:00,9300.0,9340.0,9220.0,9220.0,56409,0.0,0.0
2023-01-17 11:00:00+09:00,9220.0,9270.0,9150.0,9190.0,44988,0.0,0.0
2023-01-17 12:00:00+09:00,9190.0,9320.0,9190.0,9280.0,20266,0.0,0.0
2023-01-17 13:00:00+09:00,9270.0,9280.0,9230.0,9230.0,7742,0.0,0.0
2023-01-17 14:00:00+09:00,9230.0,9250.0,9170.0,9200.0,28556,0.0,0.0
2023-01-18 09:00:00+09:00,9180.0,9180.0,8980.0,9010.0,0,0.0,0.0
2023-01-18 10:00:00+09:00,9010.0,9030.0,8860.0,8950.0,65240,0.0,0.0
2023-01-18 11:00:00+09:00,8950.0,8990.0,8890.0,8960.0,25539,0.0,0.0
2023-01-18 12:00:00+09:00,8960.0,8990.0,8890.0,8890.0,16919,0.0,0.0
2023-01-18 13:00:00+09:00,8900.0,8920.0,8870.0,8900.0,21229,0.0,0.0
2023-01-18 14:00:00+09:00,8900.0,8940.0,8890.0,8900.0,17547,0.0,0.0
2023-01-19 09:00:00+09:00,8780.0,8970.0,8750.0,8890.0,0,0.0,0.0
2023-01-19 10:00:00+09:00,8910.0,9030.0,8880.0,8890.0,34455,0.0,0.0
2023-01-19 11:00:00+09:00,8910.0,8970.0,8850.0,8950.0,17658,0.0,0.0
2023-01-19 12:00:00+09:00,8940.0,8950.0,8870.0,8920.0,11116,0.0,0.0
2023-01-19 13:00:00+09:00,8910.0,8920.0,8860.0,8890.0,13602,0.0,0.0
2023-01-19 14:00:00+09:00,8900.0,9030.0,8890.0,8980.0,39332,0.0,0.0
2023-01-20 09:00:00+09:00,9040.0,9090.0,8920.0,8930.0,0,0.0,0.0
2023-01-20 10:00:00+09:00,8930.0,8980.0,8880.0,8940.0,48054,0.0,0.0
2023-01-20 11:00:00+09:00,8940.0,9080.0,8940.0,9020.0,0,0.0,0.0
2023-01-20 12:00:00+09:00,9040.0,9130.0,9020.0,9090.0,176880,0.0,0.0
2023-01-20 13:00:00+09:00,9100.0,9110.0,9020.0,9030.0,27855,0.0,0.0
2023-01-20 14:00:00+09:00,9020.0,9090.0,9000.0,9050.0,24722,0.0,0.0
2023-01-25 09:00:00+09:00,9110.0,9290.0,9070.0,9200.0,0,0.0,0.0
2023-01-25 10:00:00+09:00,9200.0,9210.0,9100.0,9150.0,41259,0.0,0.0
2023-01-25 11:00:00+09:00,9160.0,9230.0,9130.0,9210.0,16842,0.0,0.0
2023-01-25 12:00:00+09:00,9210.0,9210.0,9090.0,9130.0,21931,0.0,0.0
2023-01-25 13:00:00+09:00,9100.0,9110.0,9040.0,9090.0,44219,0.0,0.0
2023-01-25 14:00:00+09:00,9090.0,9090.0,9030.0,9060.0,42870,0.0,0.0
2023-01-26 09:00:00+09:00,9070.0,9170.0,9050.0,9060.0,0,0.0,0.0
2023-01-26 10:00:00+09:00,9080.0,9090.0,9040.0,9060.0,19610,0.0,0.0
2023-01-26 11:00:00+09:00,9060.0,9650.0,9050.0,9650.0,255076,0.0,0.0
2023-01-26 12:00:00+09:00,9640.0,9640.0,9370.0,9480.0,244461,0.0,0.0
2023-01-26 13:00:00+09:00,9480.0,9650.0,9370.0,9380.0,188090,0.0,0.0
2023-01-26 14:00:00+09:00,9380.0,9720.0,9380.0,9670.0,274061,0.0,0.0
2023-01-27 09:00:00+09:00,9900.0,10090.0,9750.0,9960.0,0,0.0,0.0
2023-01-27 10:00:00+09:00,9960.0,9980.0,9850.0,9940.0,127528,0.0,0.0
2023-01-27 11:00:00+09:00,9940.0,9960.0,9880.0,9890.0,65194,0.0,0.0
2023-01-27 12:00:00+09:00,9890.0,9910.0,9830.0,9880.0,68654,0.0,0.0
2023-01-27 13:00:00+09:00,9880.0,9970.0,9800.0,9960.0,102576,0.0,0.0
2023-01-27 14:00:00+09:00,9960.0,10050.0,9880.0,9960.0,280539,0.0,0.0
2023-01-30 09:00:00+09:00,10210.0,10250.0,9920.0,10060.0,0,0.0,0.0
2023-01-30 10:00:00+09:00,10060.0,10150.0,9990.0,10030.0,90197,0.0,0.0
2023-01-30 11:00:00+09:00,10030.0,10030.0,9920.0,9980.0,63070,0.0,0.0
2023-01-30 12:00:00+09:00,9980.0,10070.0,9930.0,9960.0,35165,0.0,0.0
2023-01-30 13:00:00+09:00,9950.0,10110.0,9950.0,10060.0,75058,0.0,0.0
2023-01-30 14:00:00+09:00,10050.0,10050.0,9900.0,9910.0,84819,0.0,0.0
2023-01-31 09:00:00+09:00,9710.0,10680.0,9640.0,10480.0,1161703,0.0,0.0
2023-01-31 10:00:00+09:00,10480.0,10620.0,10400.0,10550.0,373186,0.0,0.0
2023-01-31 11:00:00+09:00,10550.0,10570.0,10410.0,10430.0,144700,0.0,0.0
2023-01-31 12:00:00+09:00,10420.0,10450.0,10270.0,10340.0,114353,0.0,0.0
2023-01-31 13:00:00+09:00,10330.0,10370.0,10220.0,10280.0,99575,0.0,0.0
2023-01-31 14:00:00+09:00,10270.0,10320.0,10200.0,10210.0,89969,0.0,0.0
2023-02-01 09:00:00+09:00,10350.0,10390.0,10060.0,10270.0,208291,0.0,0.0
2023-02-01 10:00:00+09:00,10260.0,10410.0,10220.0,10320.0,137419,0.0,0.0
2023-02-01 11:00:00+09:00,10320.0,10450.0,10270.0,10410.0,94113,0.0,0.0
2023-02-01 12:00:00+09:00,10420.0,10600.0,10410.0,10520.0,183715,0.0,0.0
2023-02-01 13:00:00+09:00,10520.0,10530.0,10310.0,10330.0,74736,0.0,0.0
2023-02-01 14:00:00+09:00,10330.0,10390.0,10240.0,10270.0,69418,0.0,0.0
2023-02-02 09:00:00+09:00,10450.0,10490.0,10150.0,10250.0,272497,0.0,0.0
2023-02-02 10:00:00+09:00,10250.0,10330.0,10200.0,10220.0,74713,0.0,0.0
2023-02-02 11:00:00+09:00,10210.0,10250.0,10150.0,10200.0,67803,0.0,0.0
2023-02-02 12:00:00+09:00,10200.0,10240.0,10190.0,10200.0,24520,0.0,0.0
2023-02-02 13:00:00+09:00,10200.0,10290.0,10170.0,10190.0,55190,0.0,0.0
2023-02-02 14:00:00+09:00,10190.0,10290.0,10190.0,10270.0,38976,0.0,0.0
2023-02-03 09:00:00+09:00,10240.0,10250.0,9890.0,10000.0,267396,0.0,0.0
2023-02-03 10:00:00+09:00,10000.0,10050.0,9900.0,9950.0,145413,0.0,0.0
2023-02-03 11:00:00+09:00,9930.0,9950.0,9810.0,9840.0,105442,0.0,0.0
2023-02-03 12:00:00+09:00,9830.0,9950.0,9830.0,9900.0,40454,0.0,0.0
2023-02-03 13:00:00+09:00,9900.0,9910.0,9780.0,9840.0,105220,0.0,0.0
2023-02-03 14:00:00+09:00,9840.0,9920.0,9810.0,9870.0,47581,0.0,0.0
2023-02-06 09:00:00+09:00,9760.0,9830.0,9620.0,9760.0,0,0.0,0.0
2023-02-06 10:00:00+09:00,9760.0,9900.0,9710.0,9900.0,42684,0.0,0.0
2023-02-06 11:00:00+09:00,9900.0,9930.0,9780.0,9800.0,46782,0.0,0.0
2023-02-06 12:00:00+09:00,9800.0,9810.0,9750.0,9770.0,19124,0.0,0.0
2023-02-06 13:00:00+09:00,9770.0,9770.0,9700.0,9710.0,42769,0.0,0.0
2023-02-06 14:00:00+09:00,9710.0,9740.0,9670.0,9740.0,46634,0.0,0.0
2023-02-07 09:00:00+09:00,9800.0,9950.0,9760.0,9780.0,67841,0.0,0.0
2023-02-07 10:00:00+09:00,9790.0,9840.0,9710.0,9800.0,48446,0.0,0.0
2023-02-07 11:00:00+09:00,9780.0,9820.0,9750.0,9810.0,22010,0.0,0.0
2023-02-07 12:00:00+09:00,9810.0,9870.0,9810.0,9820.0,23972,0.0,0.0
2023-02-07 13:00:00+09:00,9820.0,9870.0,9810.0,9850.0,23446,0.0,0.0
2023-02-07 14:00:00+09:00,9840.0,9850.0,9790.0,9810.0,37690,0.0,0.0
2023-02-08 09:00:00+09:00,9970.0,10020.0,9740.0,9780.0,207063,0.0,0.0
2023-02-08 10:00:00+09:00,9770.0,9800.0,9690.0,9750.0,139653,0.0,0.0
2023-02-08 11:00:00+09:00,9750.0,9790.0,9730.0,9740.0,24830,0.0,0.0
2023-02-08 12:00:00+09:00,9760.0,9760.0,9710.0,9740.0,32481,0.0,0.0
2023-02-08 13:00:00+09:00,9730.0,9770.0,9730.0,9750.0,25231,0.0,0.0
2023-02-08 14:00:00+09:00,9740.0,9810.0,9720.0,9780.0,45333,0.0,0.0
2023-02-09 09:00:00+09:00,9720.0,9900.0,9700.0,9750.0,116538,0.0,0.0
2023-02-09 10:00:00+09:00,9750.0,9810.0,9710.0,9730.0,35634,0.0,0.0
2023-02-09 11:00:00+09:00,9730.0,9750.0,9700.0,9750.0,44642,0.0,0.0
2023-02-09 12:00:00+09:00,9750.0,9760.0,9720.0,9740.0,17854,0.0,0.0
2023-02-09 13:00:00+09:00,9740.0,9770.0,9720.0,9730.0,28102,0.0,0.0
2023-02-09 14:00:00+09:00,9730.0,9780.0,9720.0,9770.0,45486,0.0,0.0
2023-02-10 09:00:00+09:00,9910.0,10040.0,9790.0,9790.0,412971,0.0,0.0
2023-02-10 10:00:00+09:00,9790.0,9870.0,9780.0,9860.0,44488,0.0,0.0
2023-02-10 11:00:00+09:00,9870.0,9940.0,9850.0,9900.0,82949,0.0,0.0
2023-02-10 12:00:00+09:00,9900.0,10030.0,9880.0,10020.0,176571,0.0,0.0
2023-02-10 13:00:00+09:00,10020.0,10020.0,9910.0,9920.0,57896,0.0,0.0
2023-02-10 14:00:00+09:00,9930.0,9970.0,9810.0,9850.0,111315,0.0,0.0
2023-02-13 09:00:00+09:00,9750.0,9750.0,9370.0,9480.0,0,0.0,0.0
2023-02-13 10:00:00+09:00,9480.0,9540.0,9370.0,9540.0,61702,0.0,0.0
2023-02-13 11:00:00+09:00,9530.0,9600.0,9460.0,9520.0,52766,0.0,0.0
2023-02-13 12:00:00+09:00,9500.0,9540.0,9440.0,9490.0,25773,0.0,0.0
2023-02-13 13:00:00+09:00,9490.0,9510.0,9450.0,9480.0,40682,0.0,0.0
2023-02-13 14:00:00+09:00,9480.0,9490.0,9410.0,9440.0,61072,0.0,0.0
2023-02-14 09:00:00+09:00,9500.0,9560.0,9420.0,9440.0,0,0.0,0.0
2023-02-14 10:00:00+09:00,9450.0,9470.0,9330.0,9460.0,55175,0.0,0.0
2023-02-14 11:00:00+09:00,9460.0,9470.0,9400.0,9430.0,18371,0.0,0.0
2023-02-14 12:00:00+09:00,9430.0,9460.0,9410.0,9440.0,9127,0.0,0.0
2023-02-14 13:00:00+09:00,9440.0,9450.0,9380.0,9410.0,23206,0.0,0.0
2023-02-14 14:00:00+09:00,9400.0,9440.0,9350.0,9410.0,33966,0.0,0.0
2023-02-15 09:00:00+09:00,9670.0,9790.0,9590.0,9610.0,183553,0.0,0.0
2023-02-15 10:00:00+09:00,9620.0,9680.0,9570.0,9610.0,43390,0.0,0.0
2023-02-15 11:00:00+09:00,9610.0,9620.0,9500.0,9500.0,44159,0.0,0.0
2023-02-15 12:00:00+09:00,9500.0,9520.0,9430.0,9500.0,24979,0.0,0.0
2023-02-15 13:00:00+09:00,9500.0,9560.0,9450.0,9530.0,20734,0.0,0.0
2023-02-15 14:00:00+09:00,9540.0,9540.0,9300.0,9340.0,42780,0.0,0.0
2023-02-16 09:00:00+09:00,9500.0,9620.0,9460.0,9540.0,0,0.0,0.0
2023-02-16 10:00:00+09:00,9540.0,9610.0,9510.0,9580.0,37785,0.0,0.0
2023-02-16 11:00:00+09:00,9580.0,9680.0,9580.0,9620.0,41374,0.0,0.0
2023-02-16 12:00:00+09:00,9620.0,9650.0,9600.0,9620.0,18133,0.0,0.0
2023-02-16 13:00:00+09:00,9620.0,9800.0,9590.0,9790.0,101424,0.0,0.0
2023-02-16 14:00:00+09:00,9780.0,9870.0,9700.0,9720.0,103658,0.0,0.0
2023-02-17 09:00:00+09:00,9670.0,9690.0,9590.0,9620.0,0,0.0,0.0
2023-02-17 10:00:00+09:00,9630.0,9640.0,9510.0,9530.0,63305,0.0,0.0
2023-02-17 11:00:00+09:00,9540.0,9600.0,9520.0,9540.0,16879,0.0,0.0
2023-02-17 12:00:00+09:00,9540.0,9570.0,9510.0,9550.0,23344,0.0,0.0
2023-02-17 13:00:00+09:00,9550.0,9580.0,9500.0,9570.0,23000,0.0,0.0
2023-02-17 14:00:00+09:00,9570.0,9600.0,9520.0,9550.0,37395,0.0,0.0
2023-02-20 09:00:00+09:00,9530.0,9570.0,9140.0,9200.0,0,0.0,0.0
2023-02-20 10:00:00+09:00,9210.0,9370.0,9200.0,9340.0,40346,0.0,0.0
2023-02-20 11:00:00+09:00,9340.0,9370.0,9300.0,9330.0,12480,0.0,0.0
2023-02-20 12:00:00+09:00,9330.0,9380.0,9290.0,9300.0,23752,0.0,0.0
2023-02-20 13:00:00+09:00,9300.0,9450.0,9300.0,9380.0,38652,0.0,0.0
2023-02-20 14:00:00+09:00,9370.0,9380.0,9290.0,9330.0,26601,0.0,0.0
2023-02-21 09:00:00+09:00,9340.0,9440.0,9270.0,9290.0,64901,0.0,0.0
2023-02-21 10:00:00+09:00,9290.0,9330.0,9190.0,9280.0,60718,0.0,0.0
2023-02-21 11:00:00+09:00,9280.0,9340.0,9250.0,9320.0,27665,0.0,0.0
2023-02-21 12:00:00+09:00,9320.0,9340.0,9280.0,9310.0,15419,0.0,0.0
2023-02-21 13:00:00+09:00,9290.0,9320.0,9290.0,9300.0,10295,0.0,0.0
2023-02-21 14:00:00+09:00,9290.0,9380.0,9290.0,9330.0,29182,0.0,0.0
2023-02-22 09:00:00+09:00,9200.0,9250.0,9110.0,9200.0,47757,0.0,0.0
2023-02-22 10:00:00+09:00,9200.0,9200.0,9090.0,9140.0,65141,0.0,0.0
2023-02-22 11:00:00+09:00,9140.0,9150.0,9090.0,9130.0,37920,0.0,0.0
2023-02-22 12:00:00+09:00,9130.0,9130.0,9090.0,9120.0,17790,0.0,0.0
2023-02-22 13:00:00+09:00,9130.0,9160.0,9080.0,9120.0,40723,0.0,0.0
2023-02-22 14:00:00+09:00,9120.0,9140.0,9060.0,9080.0,46475,0.0,0.0
2023-02-23 09:00:00+09:00,9180.0,9180.0,9070.0,9080.0,0,0.0,0.0
2023-02-23 10:00:00+09:00,9100.0,9140.0,9050.0,9130.0,23778,0.0,0.0
2023-02-23 11:00:00+09:00,9120.0,9280.0,9120.0,9240.0,48634,0.0,0.0
2023-02-23 12:00:00+09:00,9240.0,9250.0,9140.0,9160.0,21887,0.0,0.0
2023-02-23 13:00:00+09:00,9150.0,9170.0,9100.0,9110.0,14784,0.0,0.0
2023-02-23 14:00:00+09:00,9120.0,9140.0,9080.0,9090.0,21617,0.0,0.0
2023-02-24 09:00:00+09:00,9120.0,9150.0,9010.0,9100.0,42579,0.0,0.0
2023-02-24 10:00:00+09:00,9100.0,9220.0,9010.0,9090.0,41084,0.0,0.0
2023-02-24 11:00:00+09:00,9090.0,9110.0,9050.0,9050.0,12997,0.0,0.0
2023-02-24 12:00:00+09:00,9070.0,9100.0,9050.0,9080.0,6769,0.0,0.0
2023-02-24 13:00:00+09:00,9070.0,9090.0,9000.0,9020.0,28306,0.0,0.0
2023-02-24 14:00:00+09:00,9030.0,9140.0,9030.0,9130.0,17259,0.0,0.0
2023-02-27 09:00:00+09:00,9050.0,9090.0,8950.0,9000.0,0,0.0,0.0
2023-02-27 10:00:00+09:00,9000.0,9050.0,8970.0,9040.0,20958,0.0,0.0
2023-02-27 11:00:00+09:00,9040.0,9130.0,9020.0,9100.0,15801,0.0,0.0
2023-02-27 12:00:00+09:00,9100.0,9120.0,9050.0,9080.0,13007,0.0,0.0
2023-02-27 13:00:00+09:00,9090.0,9090.0,9010.0,9040.0,8339,0.0,0.0
2023-02-27 14:00:00+09:00,9030.0,9060.0,8980.0,9020.0,19129,0.0,0.0
2023-02-28 09:00:00+09:00,9010.0,9250.0,9010.0,9150.0,51822,0.0,0.0
2023-02-28 10:00:00+09:00,9150.0,9160.0,9090.0,9160.0,15846,0.0,0.0
2023-02-28 11:00:00+09:00,9160.0,9160.0,9100.0,9120.0,12558,0.0,0.0
2023-02-28 12:00:00+09:00,9120.0,9150.0,9110.0,9120.0,7996,0.0,0.0
2023-02-28 13:00:00+09:00,9120.0,9120.0,8950.0,9060.0,55556,0.0,0.0
2023-02-28 14:00:00+09:00,9060.0,9080.0,9020.0,9060.0,10667,0.0,0.0
2023-03-02 09:00:00+09:00,9140.0,9350.0,9100.0,9330.0,0,0.0,0.0
2023-03-02 10:00:00+09:00,9340.0,9490.0,9270.0,9420.0,169282,0.0,0.0
2023-03-02 11:00:00+09:00,9430.0,9680.0,9410.0,9560.0,211637,0.0,0.0
2023-03-02 12:00:00+09:00,9560.0,9580.0,9480.0,9500.0,35611,0.0,0.0
2023-03-02 13:00:00+09:00,9530.0,9590.0,9430.0,9480.0,33814,0.0,0.0
2023-03-02 14:00:00+09:00,9450.0,9480.0,9380.0,9420.0,52937,0.0,0.0
2023-03-03 09:00:00+09:00,9550.0,9560.0,9360.0,9390.0,82391,0.0,0.0
2023-03-03 10:00:00+09:00,9390.0,9420.0,9350.0,9380.0,43502,0.0,0.0
2023-03-03 11:00:00+09:00,9380.0,9590.0,9370.0,9480.0,76821,0.0,0.0
2023-03-03 12:00:00+09:00,9480.0,9500.0,9420.0,9430.0,41505,0.0,0.0
2023-03-03 13:00:00+09:00,9430.0,9490.0,9400.0,9440.0,25320,0.0,0.0
2023-03-03 14:00:00+09:00,9440.0,9490.0,9420.0,9470.0,23308,0.0,0.0
2023-03-06 09:00:00+09:00,9630.0,10180.0,9520.0,10170.0,334672,0.0,0.0
2023-03-06 10:00:00+09:00,10170.0,10190.0,9960.0,10050.0,524293,0.0,0.0
2023-03-06 11:00:00+09:00,10040.0,10050.0,9890.0,9900.0,139203,0.0,0.0
2023-03-06 12:00:00+09:00,9910.0,9950.0,9810.0,9910.0,106771,0.0,0.0
2023-03-06 13:00:00+09:00,9930.0,9930.0,9820.0,9820.0,82048,0.0,0.0
2023-03-06 14:00:00+09:00,9830.0,9850.0,9690.0,9740.0,174083,0.0,0.0
2023-03-07 09:00:00+09:00,9690.0,9860.0,9570.0,9690.0,192806,0.0,0.0
2023-03-07 10:00:00+09:00,9690.0,9720.0,9630.0,9710.0,33643,0.0,0.0
2023-03-07 11:00:00+09:00,9710.0,9810.0,9670.0,9810.0,46002,0.0,0.0
2023-03-07 12:00:00+09:00,9810.0,9810.0,9730.0,9800.0,31804,0.0,0.0
2023-03-07 13:00:00+09:00,9790.0,9830.0,9740.0,9770.0,54173,0.0,0.0
2023-03-07 14:00:00+09:00,9770.0,9820.0,9740.0,9770.0,44566,0.0,0.0
2023-03-08 09:00:00+09:00,9790.0,9890.0,9700.0,9730.0,0,0.0,0.0
2023-03-08 10:00:00+09:00,9730.0,9840.0,9730.0,9760.0,37888,0.0,0.0
2023-03-08 11:00:00+09:00,9760.0,9770.0,9610.0,9630.0,72923,0.0,0.0
2023-03-08 12:00:00+09:00,9640.0,9650.0,9550.0,9630.0,57972,0.0,0.0
2023-03-08 13:00:00+09:00,9620.0,9660.0,9590.0,9650.0,21696,0.0,0.0
2023-03-08 14:00:00+09:00,9630.0,9690.0,9600.0,9630.0,27262,0.0,0.0
2023-03-09 09:00:00+09:00,9650.0,9780.0,9450.0,9490.0,85019,0.0,0.0
2023-03-09 10:00:00+09:00,9500.0,9500.0,9320.0,9380.0,71703,0.0,0.0
2023-03-09 11:00:00+09:00,9360.0,9470.0,9330.0,9400.0,38653,0.0,0.0
2023-03-09 12:00:00+09:00,9440.0,9450.0,9370.0,9400.0,19596,0.0,0.0
2023-03-09 13:00:00+09:00,9400.0,9520.0,9400.0,9460.0,19993,0.0,0.0
2023-03-09 14:00:00+09:00,9470.0,9490.0,9410.0,9450.0,20013,0.0,0.0
2023-03-10 09:00:00+09:00,9230.0,9340.0,9120.0,9210.0,73624,0.0,0.0
2023-03-10 10:00:00+09:00,9200.0,9360.0,9180.0,9210.0,24951,0.0,0.0
2023-03-10 11:00:00+09:00,9230.0,9270.0,9140.0,9140.0,53559,0.0,0.0
2023-03-10 12:00:00+09:00,9140.0,9170.0,9120.0,9160.0,23244,0.0,0.0
2023-03-10 13:00:00+09:00,9160.0,9160.0,9050.0,9100.0,41143,0.0,0.0
2023-03-10 14:00:00+09:00,9110.0,9120.0,9010.0,9050.0,42347,0.0,0.0
2023-03-13 09:00:00+09:00,8900.0,9040.0,8760.0,8960.0,0,0.0,0.0
2023-03-13 10:00:00+09:00,8970.0,8970.0,8710.0,8860.0,48026,0.0,0.0
2023-03-13 11:00:00+09:00,8870.0,8980.0,8810.0,8970.0,22475,0.0,0.0
2023-03-13 12:00:00+09:00,8970.0,9130.0,8950.0,9040.0,26235,0.0,0.0
2023-03-13 13:00:00+09:00,9030.0,9120.0,9000.0,9120.0,14363,0.0,0.0
2023-03-13 14:00:00+09:00,9120.0,9190.0,9100.0,9170.0,39510,0.0,0.0
2023-03-14 09:00:00+09:00,9090.0,9180.0,8680.0,8690.0,0,0.0,0.0
2023-03-14 10:00:00+09:00,8680.0,8780.0,8660.0,8710.0,40638,0.0,0.0
2023-03-14 11:00:00+09:00,8710.0,8780.0,8670.0,8690.0,37556,0.0,0.0
2023-03-14 12:00:00+09:00,8690.0,8700.0,8610.0,8620.0,41575,0.0,0.0
2023-03-14 13:00:00+09:00,8620.0,8650.0,8490.0,8500.0,58796,0.0,0.0
2023-03-14 14:00:00+09:00,8500.0,8520.0,8400.0,8400.0,61771,0.0,0.0
2023-03-15 09:00:00+09:00,8680.0,8680.0,8500.0,8580.0,0,0.0,0.0
2023-03-15 10:00:00+09:00,8580.0,8630.0,8550.0,8570.0,36010,0.0,0.0
2023-03-15 11:00:00+09:00,8570.0,8610.0,8550.0,8600.0,11868,0.0,0.0
2023-03-15 12:00:00+09:00,8600.0,8620.0,8580.0,8590.0,12330,0.0,0.0
2023-03-15 13:00:00+09:00,8590.0,8620.0,8570.0,8610.0,21024,0.0,0.0
2023-03-15 14:00:00+09:00,8610.0,8620.0,8400.0,8470.0,29272,0.0,0.0
2023-03-16 09:00:00+09:00,8370.0,8570.0,8170.0,8570.0,0,0.0,0.0
2023-03-16 10:00:00+09:00,8530.0,8570.0,8420.0,8460.0,30540,0.0,0.0
2023-03-16 11:00:00+09:00,8460.0,8540.0,8430.0,8480.0,11053,0.0,0.0
2023-03-16 12:00:00+09:00,8480.0,8500.0,8340.0,8340.0,18814,0.0,0.0
2023-03-16 13:00:00+09:00,8340.0,8360.0,8300.0,8330.0,16908,0.0,0.0
2023-03-16 14:00:00+09:00,8330.0,8360.0,8290.0,8310.0,18951,0.0,0.0
2023-03-17 09:00:00+09:00,8450.0,8530.0,8390.0,8470.0,0,0.0,0.0
2023-03-17 10:00:00+09:00,8470.0,8720.0,8470.0,8650.0,54475,0.0,0.0
2023-03-17 11:00:00+09:00,8640.0,8670.0,8600.0,8640.0,18779,0.0,0.0
2023-03-17 12:00:00+09:00,8640.0,8850.0,8630.0,8690.0,46689,0.0,0.0
2023-03-17 13:00:00+09:00,8690.0,8870.0,8690.0,8730.0,31273,0.0,0.0
2023-03-17 14:00:00+09:00,8730.0,8770.0,8690.0,8740.0,18734,0.0,0.0
2023-03-20 09:00:00+09:00,8740.0,8890.0,8620.0,8880.0,0,0.0,0.0
2023-03-20 10:00:00+09:00,8880.0,8890.0,8780.0,8840.0,15915,0.0,0.0
2023-03-20 11:00:00+09:00,8830.0,8850.0,8760.0,8780.0,8777,0.0,0.0
2023-03-20 12:00:00+09:00,8780.0,8810.0,8740.0,8760.0,23008,0.0,0.0
2023-03-20 13:00:00+09:00,8760.0,8780.0,8710.0,8720.0,24114,0.0,0.0
2023-03-20 14:00:00+09:00,8720.0,8790.0,8720.0,8770.0,11940,0.0,0.0
2023-03-21 09:00:00+09:00,8890.0,9740.0,8870.0,9550.0,393634,0.0,0.0
2023-03-21 10:00:00+09:00,9570.0,9700.0,9490.0,9530.0,339371,0.0,0.0
2023-03-21 11:00:00+09:00,9530.0,9640.0,9490.0,9550.0,101509,0.0,0.0
2023-03-21 12:00:00+09:00,9550.0,10220.0,9530.0,10050.0,1513030,0.0,0.0
2023-03-21 13:00:00+09:00,10050.0,10080.0,9750.0,10000.0,903740,0.0,0.0
2023-03-21 14:00:00+09:00,10000.0,10330.0,9930.0,10110.0,934956,0.0,0.0
2023-03-22 09:00:00+09:00,10290.0,10860.0,10150.0,10740.0,0,0.0,0.0
2023-03-22 10:00:00+09:00,10740.0,10780.0,10390.0,10540.0,411022,0.0,0.0
2023-03-22 11:00:00+09:00,10540.0,10560.0,10370.0,10410.0,171242,0.0,0.0
2023-03-22 12:00:00+09:00,10430.0,10460.0,10340.0,10420.0,96120,0.0,0.0
2023-03-22 13:00:00+09:00,10420.0,10500.0,10400.0,10460.0,106913,0.0,0.0
2023-03-22 14:00:00+09:00,10450.0,10490.0,10410.0,10460.0,134358,0.0,0.0
2023-03-23 09:00:00+09:00,10360.0,10680.0,10130.0,10600.0,419167,0.0,0.0
2023-03-23 10:00:00+09:00,10600.0,10600.0,10380.0,10540.0,117579,0.0,0.0
2023-03-23 11:00:00+09:00,10540.0,10960.0,10520.0,10830.0,444403,0.0,0.0
2023-03-23 12:00:00+09:00,10830.0,10840.0,10670.0,10680.0,130834,0.0,0.0
2023-03-23 13:00:00+09:00,10680.0,10910.0,10680.0,10900.0,150064,0.0,0.0
2023-03-23 14:00:00+09:00,10900.0,10960.0,10670.0,10670.0,186784,0.0,0.0
2023-03-24 09:00:00+09:00,10970.0,11340.0,10810.0,10950.0,0,0.0,0.0
2023-03-24 10:00:00+09:00,10960.0,11430.0,10850.0,11320.0,449494,0.0,0.0
2023-03-24 11:00:00+09:00,11320.0,11320.0,11070.0,11150.0,123919,0.0,0.0
2023-03-24 12:00:00+09:00,11150.0,11150.0,10950.0,10980.0,53827,0.0,0.0
2023-03-24 13:00:00+09:00,11000.0,11110.0,10860.0,10980.0,87523,0.0,0.0
2023-03-24 14:00:00+09:00,10990.0,11050.0,10810.0,10840.0,84024,0.0,0.0
2023-03-27 09:00:00+09:00,10910.0,11150.0,10590.0,10760.0,0,0.0,0.0
2023-03-27 10:00:00+09:00,10760.0,10920.0,10610.0,10840.0,100674,0.0,0.0
2023-03-27 11:00:00+09:00,10840.0,10900.0,10700.0,10800.0,79233,0.0,0.0
2023-03-27 12:00:00+09:00,10790.0,10830.0,10600.0,10780.0,89873,0.0,0.0
2023-03-27 13:00:00+09:00,10780.0,11030.0,10760.0,11030.0,133537,0.0,0.0
2023-03-27 14:00:00+09:00,11030.0,11410.0,10990.0,11100.0,413529,0.0,0.0
2023-03-28 09:00:00+09:00,11220.0,11230.0,10740.0,10790.0,0,0.0,0.0
2023-03-28 10:00:00+09:00,10790.0,10800.0,10610.0,10650.0,128426,0.0,0.0
2023-03-28 11:00:00+09:00,10650.0,10760.0,10590.0,10710.0,77801,0.0,0.0
2023-03-28 12:00:00+09:00,10710.0,10750.0,10650.0,10740.0,28678,0.0,0.0
2023-03-28 13:00:00+09:00,10740.0,10910.0,10700.0,10910.0,85401,0.0,0.0
2023-03-28 14:00:00+09:00,10910.0,10990.0,10790.0,10820.0,66162,0.0,0.0
2023-03-29 09:00:00+09:00,10830.0,11900.0,10790.0,11680.0,331894,0.0,0.0
2023-03-29 10:00:00+09:00,11680.0,12040.0,11600.0,11900.0,809366,0.0,0.0
2023-03-29 11:00:00+09:00,11880.0,11900.0,11580.0,11670.0,211551,0.0,0.0
2023-03-29 12:00:00+09:00,11660.0,11850.0,11630.0,11700.0,111456,0.0,0.0
2023-03-29 13:00:00+09:00,11690.0,11810.0,11600.0,11660.0,104613,0.0,0.0
2023-03-29 14:00:00+09:00,11640.0,11660.0,11430.0,11490.0,140781,0.0,0.0
2023-03-30 09:00:00+09:00,11960.0,11990.0,11350.0,11460.0,0,0.0,0.0
2023-03-30 10:00:00+09:00,11460.0,11730.0,11450.0,11590.0,131541,0.0,0.0
2023-03-30 11:00:00+09:00,11590.0,11610.0,11460.0,11500.0,107593,0.0,0.0
2023-03-30 12:00:00+09:00,11510.0,11620.0,11510.0,11550.0,42601,0.0,0.0
2023-03-30 13:00:00+09:00,11550.0,11570.0,11460.0,11480.0,49378,0.0,0.0
2023-03-30 14:00:00+09:00,11480.0,11500.0,11290.0,11430.0,108329,0.0,0.0
2023-03-31 09:00:00+09:00,11360.0,11400.0,11030.0,11230.0,0,0.0,0.0
2023-03-31 10:00:00+09:00,11230.0,11450.0,11180.0,11210.0,76069,0.0,0.0
2023-03-31 11:00:00+09:00,11200.0,11230.0,11100.0,11100.0,45280,0.0,0.0
2023-03-31 12:00:00+09:00,11120.0,11230.0,11070.0,11210.0,18562,0.0,0.0
2023-03-31 13:00:00+09:00,11220.0,11270.0,11160.0,11190.0,26898,0.0,0.0
2023-03-31 14:00:00+09:00,11190.0,11200.0,10920.0,10990.0,139080,0.0,0.0
2023-04-03 09:00:00+09:00,11000.0,11110.0,10700.0,11060.0,0,0.0,0.0
2023-04-03 10:00:00+09:00,11090.0,11250.0,11050.0,11130.0,54414,0.0,0.0
2023-04-03 11:00:00+09:00,11130.0,11500.0,11130.0,11400.0,81954,0.0,0.0
2023-04-03 12:00:00+09:00,11400.0,11450.0,11350.0,11390.0,24826,0.0,0.0
2023-04-03 13:00:00+09:00,11390.0,11570.0,11380.0,11500.0,99659,0.0,0.0
2023-04-03 14:00:00+09:00,11500.0,11560.0,11440.0,11540.0,73137,0.0,0.0
2023-04-04 09:00:00+09:00,11660.0,11820.0,11430.0,11710.0,215862,0.0,0.0
2023-04-04 10:00:00+09:00,11710.0,11710.0,11380.0,11500.0,71437,0.0,0.0
2023-04-04 11:00:00+09:00,11500.0,11540.0,11290.0,11360.0,50515,0.0,0.0
2023-04-04 12:00:00+09:00,11360.0,11450.0,11280.0,11410.0,34193,0.0,0.0
2023-04-04 13:00:00+09:00,11410.0,11470.0,11350.0,11390.0,22390,0.0,0.0
2023-04-04 14:00:00+09:00,11400.0,11420.0,11160.0,11250.0,101475,0.0,0.0
2023-04-05 09:00:00+09:00,11330.0,11580.0,11240.0,11280.0,0,0.0,0.0
2023-04-05 10:00:00+09:00,11280.0,11530.0,11220.0,11530.0,79022,0.0,0.0
2023-04-05 11:00:00+09:00,11520.0,11600.0,11400.0,11460.0,53862,0.0,0.0
2023-04-05 12:00:00+09:00,11470.0,11490.0,11350.0,11390.0,24671,0.0,0.0
2023-04-05 13:00:00+09:00,11390.0,11430.0,11250.0,11270.0,50698,0.0,0.0
2023-04-05 14:00:00+09:00,11270.0,11330.0,11190.0,11240.0,66768,0.0,0.0
2023-04-06 09:00:00+09:00,11300.0,11320.0,10520.0,10610.0,0,0.0,0.0
2023-04-06 10:00:00+09:00,10600.0,10760.0,10600.0,10690.0,91483,0.0,0.0
2023-04-06 11:00:00+09:00,10690.0,10720.0,10450.0,10480.0,98168,0.0,0.0
2023-04-06 12:00:00+09:00,10470.0,10610.0,10440.0,10560.0,57308,0.0,0.0
2023-04-06 13:00:00+09:00,10560.0,10610.0,10460.0,10500.0,57461,0.0,0.0
2023-04-06 14:00:00+09:00,10510.0,10570.0,10460.0,10550.0,43040,0.0,0.0
2023-04-07 09:00:00+09:00,10520.0,10640.0,10270.0,10520.0,0,0.0,0.0
2023-04-07 10:00:00+09:00,10540.0,10650.0,10510.0,10650.0,64222,0.0,0.0
2023-04-07 11:00:00+09:00,10640.0,10670.0,10570.0,10610.0,61373,0.0,0.0
2023-04-07 12:00:00+09:00,10610.0,10640.0,10430.0,10480.0,57516,0.0,0.0
2023-04-07 13:00:00+09:00,10480.0,10520.0,10420.0,10460.0,23548,0.0,0.0
2023-04-07 14:00:00+09:00,10460.0,10480.0,10370.0,10430.0,58308,0.0,0.0
2023-04-10 09:00:00+09:00,10650.0,10650.0,10300.0,10360.0,0,0.0,0.0
2023-04-10 10:00:00+09:00,10360.0,10660.0,10340.0,10610.0,97765,0.0,0.0
2023-04-10 11:00:00+09:00,10590.0,10650.0,10420.0,10420.0,57883,0.0,0.0
2023-04-10 12:00:00+09:00,10470.0,10470.0,10310.0,10320.0,45749,0.0,0.0
2023-04-10 13:00:00+09:00,10330.0,10360.0,10130.0,10220.0,101368,0.0,0.0
2023-04-10 14:00:00+09:00,10220.0,10240.0,10120.0,10150.0,61182,0.0,0.0
2023-04-11 09:00:00+09:00,10230.0,10480.0,10100.0,10430.0,0,0.0,0.0
2023-04-11 10:00:00+09:00,10420.0,10420.0,10250.0,10400.0,71593,0.0,0.0
2023-04-11 11:00:00+09:00,10400.0,10660.0,10390.0,10560.0,130565,0.0,0.0
2023-04-11 12:00:00+09:00,10570.0,10630.0,10420.0,10530.0,32940,0.0,0.0
2023-04-11 13:00:00+09:00,10530.0,10760.0,10470.0,10660.0,131981,0.0,0.0
2023-04-11 14:00:00+09:00,10670.0,10830.0,10670.0,10820.0,121293,0.0,0.0
2023-04-12 09:00:00+09:00,11330.0,11410.0,10900.0,11350.0,1156618,0.0,0.0
2023-04-12 10:00:00+09:00,11350.0,11530.0,11010.0,11180.0,559209,0.0,0.0
2023-04-12 11:00:00+09:00,11180.0,12800.0,11140.0,12320.0,4186688,0.0,0.0
2023-04-12 12:00:00+09:00,12320.0,14020.0,12250.0,14020.0,5342547,0.0,0.0
2023-04-12 13:00:00+09:00,14020.0,14020.0,13660.0,13920.0,2635398,0.0,0.0
2023-04-12 14:00:00+09:00,13910.0,14020.0,13040.0,13330.0,2976964,0.0,0.0
2023-04-13 09:00:00+09:00,13640.0,13900.0,12800.0,13190.0,1833311,0.0,0.0
2023-04-13 10:00:00+09:00,13190.0,13290.0,13080.0,13220.0,409488,0.0,0.0
2023-04-13 11:00:00+09:00,13230.0,13270.0,13120.0,13220.0,181454,0.0,0.0
2023-04-13 12:00:00+09:00,13220.0,13420.0,13170.0,13190.0,335743,0.0,0.0
2023-04-13 13:00:00+09:00,13190.0,13230.0,13040.0,13220.0,178233,0.0,0.0
2023-04-13 14:00:00+09:00,13220.0,13280.0,13100.0,13140.0,191325,0.0,0.0
2023-04-14 09:00:00+09:00,13830.0,14040.0,13270.0,13300.0,2109277,0.0,0.0
2023-04-14 10:00:00+09:00,13300.0,13470.0,13220.0,13310.0,306542,0.0,0.0
2023-04-14 11:00:00+09:00,13320.0,13390.0,13260.0,13350.0,125443,0.0,0.0
2023-04-14 12:00:00+09:00,13360.0,13400.0,13190.0,13230.0,216394,0.0,0.0
2023-04-14 13:00:00+09:00,13240.0,13330.0,13210.0,13280.0,151807,0.0,0.0
2023-04-14 14:00:00+09:00,13280.0,13310.0,13170.0,13220.0,178587,0.0,0.0
2023-04-17 09:00:00+09:00,13360.0,13670.0,13160.0,13620.0,0,0.0,0.0
2023-04-17 10:00:00+09:00,13620.0,13620.0,13250.0,13300.0,301949,0.0,0.0
2023-04-17 11:00:00+09:00,13300.0,13300.0,13200.0,13240.0,146962,0.0,0.0
2023-04-17 12:00:00+09:00,13210.0,13240.0,13070.0,13150.0,182733,0.0,0.0
2023-04-17 13:00:00+09:00,13150.0,13150.0,12940.0,13010.0,183480,0.0,0.0
2023-04-17 14:00:00+09:00,13000.0,13230.0,12990.0,13190.0,117120,0.0,0.0
2023-04-18 09:00:00+09:00,13200.0,13220.0,12620.0,12700.0,0,0.0,0.0
2023-04-18 10:00:00+09:00,12720.0,12790.0,12630.0,12650.0,144491,0.0,0.0
2023-04-18 11:00:00+09:00,12660.0,12740.0,12560.0,12570.0,149983,0.0,0.0
2023-04-18 12:00:00+09:00,12560.0,12630.0,12480.0,12490.0,151477,0.0,0.0
2023-04-18 13:00:00+09:00,12490.0,12570.0,12470.0,12520.0,86227,0.0,0.0
2023-04-18 14:00:00+09:00,12510.0,12660.0,12500.0,12580.0,105265,0.0,0.0
2023-04-19 09:00:00+09:00,12690.0,12800.0,12520.0,12760.0,281675,0.0,0.0
2023-04-19 10:00:00+09:00,12760.0,12860.0,12650.0,12830.0,177756,0.0,0.0
2023-04-19 11:00:00+09:00,12830.0,12920.0,12760.0,12800.0,89828,0.0,0.0
2023-04-19 12:00:00+09:00,12800.0,12800.0,12670.0,12690.0,64871,0.0,0.0
2023-04-19 13:00:00+09:00,12700.0,12800.0,12690.0,12750.0,48701,0.0,0.0
2023-04-19 14:00:00+09:00,12750.0,12760.0,12460.0,12550.0,173336,0.0,0.0
2023-04-20 09:00:00+09:00,13050.0,13500.0,12900.0,13160.0,869021,0.0,0.0
2023-04-20 10:00:00+09:00,13160.0,14500.0,12900.0,14070.0,5503029,0.0,0.0
2023-04-20 11:00:00+09:00,14070.0,15700.0,13850.0,15170.0,8664514,0.0,0.0
2023-04-20 12:00:00+09:00,15170.0,15170.0,14140.0,14480.0,2749958,0.0,0.0
2023-04-20 13:00:00+09:00,14480.0,14770.0,13630.0,13750.0,2648994,0.0,0.0
2023-04-20 14:00:00+09:00,13750.0,13750.0,13000.0,13190.0,1415144,0.0,0.0
2023-04-21 09:00:00+09:00,12930.0,13000.0,12330.0,12450.0,939892,0.0,0.0
2023-04-21 10:00:00+09:00,12450.0,12750.0,12390.0,12720.0,180588,0.0,0.0
2023-04-21 11:00:00+09:00,12730.0,12820.0,12630.0,12650.0,125164,0.0,0.0
2023-04-21 12:00:00+09:00,12650.0,12690.0,12500.0,12660.0,79213,0.0,0.0
2023-04-21 13:00:00+09:00,12660.0,12670.0,12510.0,12590.0,76499,0.0,0.0
2023-04-21 14:00:00+09:00,12600.0,12750.0,12540.0,12640.0,130473,0.0,0.0
2023-04-24 09:00:00+09:00,12670.0,12740.0,12180.0,12550.0,0,0.0,0.0
2023-04-24 10:00:00+09:00,12560.0,12690.0,12190.0,12190.0,180552,0.0,0.0
2023-04-24 11:00:00+09:00,12200.0,12250.0,12050.0,12060.0,148783,0.0,0.0
2023-04-24 12:00:00+09:00,12060.0,12090.0,11920.0,12050.0,108877,0.0,0.0
2023-04-24 13:00:00+09:00,12060.0,12180.0,11950.0,12050.0,72409,0.0,0.0
2023-04-24 14:00:00+09:00,12050.0,12110.0,11950.0,11980.0,90384,0.0,0.0
2023-04-25 09:00:00+09:00,11850.0,12100.0,11750.0,11920.0,0,0.0,0.0
2023-04-25 10:00:00+09:00,11920.0,11990.0,11330.0,11370.0,235265,0.0,0.0
2023-04-25 11:00:00+09:00,11370.0,11600.0,11340.0,11360.0,93293,0.0,0.0
2023-04-25 12:00:00+09:00,11360.0,11430.0,11280.0,11300.0,79447,0.0,0.0
2023-04-25 13:00:00+09:00,11290.0,11350.0,11180.0,11300.0,102338,0.0,0.0
2023-04-25 14:00:00+09:00,11330.0,11420.0,11280.0,11400.0,52853,0.0,0.0
2023-04-26 09:00:00+09:00,11380.0,11500.0,11180.0,11340.0,0,0.0,0.0
2023-04-26 10:00:00+09:00,11340.0,11700.0,11340.0,11470.0,110775,0.0,0.0
2023-04-26 11:00:00+09:00,11520.0,11520.0,11280.0,11320.0,60487,0.0,0.0
2023-04-26 12:00:00+09:00,11300.0,11400.0,11250.0,11360.0,27718,0.0,0.0
2023-04-26 13:00:00+09:00,11360.0,11400.0,11150.0,11200.0,75199,0.0,0.0
2023-04-26 14:00:00+09:00,11200.0,11330.0,11180.0,11200.0,61804,0.0,0.0
2023-04-27 09:00:00+09:00,10990.0,11240.0,10860.0,11170.0,0,0.0,0.0
2023-04-27 10:00:00+09:00,11180.0,11260.0,11070.0,11220.0,59221,0.0,0.0
2023-04-27 11:00:00+09:00,11220.0,11270.0,11150.0,11200.0,43463,0.0,0.0
2023-04-27 12:00:00+09:00,11210.0,11220.0,11120.0,11150.0,31525,0.0,0.0
2023-04-27 13:00:00+09:00,11160.0,11320.0,11130.0,11260.0,52811,0.0,0.0
2023-04-27 14:00:00+09:00,11260.0,11440.0,11250.0,11350.0,98081,0.0,0.0
2023-04-28 09:00:00+09:00,11500.0,11640.0,11150.0,11290.0,0,0.0,0.0
2023-04-28 10:00:00+09:00,11290.0,11310.0,11160.0,11200.0,46624,0.0,0.0
2023-04-28 11:00:00+09:00,11210.0,11230.0,11050.0,11060.0,79983,0.0,0.0
2023-04-28 12:00:00+09:00,11060.0,11130.0,10920.0,11070.0,66190,0.0,0.0
2023-04-28 13:00:00+09:00,11070.0,11070.0,10950.0,10970.0,29242,0.0,0.0
2023-04-28 14:00:00+09:00,10970.0,11000.0,10910.0,11000.0,45947,0.0,0.0
2023-05-02 09:00:00+09:00,10830.0,11100.0,10810.0,11050.0,0,0.0,0.0
2023-05-02 10:00:00+09:00,11050.0,11090.0,10960.0,10990.0,34445,0.0,0.0
2023-05-02 11:00:00+09:00,11000.0,11030.0,10900.0,10920.0,43517,0.0,0.0
2023-05-02 12:00:00+09:00,10910.0,11000.0,10900.0,10990.0,26543,0.0,0.0
2023-05-02 13:00:00+09:00,10990.0,11030.0,10870.0,10920.0,37053,0.0,0.0
2023-05-02 14:00:00+09:00,10920.0,10960.0,10860.0,10920.0,47185,0.0,0.0
2023-05-03 09:00:00+09:00,10800.0,10870.0,10620.0,10800.0,106165,0.0,0.0
2023-05-03 10:00:00+09:00,10800.0,10890.0,10770.0,10800.0,30990,0.0,0.0
2023-05-03 11:00:00+09:00,10810.0,10840.0,10740.0,10770.0,27625,0.0,0.0
2023-05-03 12:00:00+09:00,10780.0,10830.0,10730.0,10730.0,34436,0.0,0.0
2023-05-03 13:00:00+09:00,10750.0,10800.0,10610.0,10630.0,68040,0.0,0.0
2023-05-03 14:00:00+09:00,10650.0,10700.0,10600.0,10690.0,51357,0.0,0.0
2023-05-04 09:00:00+09:00,10600.0,10840.0,10580.0,10630.0,0,0.0,0.0
2023-05-04 10:00:00+09:00,10630.0,10690.0,10500.0,10520.0,49721,0.0,0.0
2023-05-04 11:00:00+09:00,10520.0,10700.0,10520.0,10650.0,18157,0.0,0.0
2023-05-04 12:00:00+09:00,10670.0,10720.0,10540.0,10540.0,37238,0.0,0.0
2023-05-04 13:00:00+09:00,10540.0,10630.0,10490.0,10600.0,25873,0.0,0.0
2023-05-04 14:00:00+09:00,10610.0,10650.0,10590.0,10600.0,29687,0.0,0.0
2023-05-08 09:00:00+09:00,10720.0,10850.0,10600.0,10840.0,0,0.0,0.0
2023-05-08 10:00:00+09:00,10840.0,11000.0,10820.0,10910.0,48964,0.0,0.0
2023-05-08 11:00:00+09:00,10910.0,10910.0,10790.0,10830.0,26194,0.0,0.0
2023-05-08 12:00:00+09:00,10830.0,10840.0,10780.0,10810.0,10192,0.0,0.0
2023-05-08 13:00:00+09:00,10810.0,10880.0,10780.0,10830.0,10821,0.0,0.0
2023-05-08 14:00:00+09:00,10850.0,10850.0,10720.0,10740.0,25242,0.0,0.0
2023-05-09 09:00:00+09:00,10780.0,10790.0,10280.0,10310.0,0,0.0,0.0
2023-05-09 10:00:00+09:00,10340.0,10390.0,10280.0,10340.0,23178,0.0,0.0
2023-05-09 11:00:00+09:00,10340.0,10390.0,10310.0,10320.0,15072,0.0,0.0
2023-05-09 12:00:00+09:00,10320.0,10340.0,10270.0,10270.0,28569,0.0,0.0
2023-05-09 13:00:00+09:00,10280.0,10380.0,10270.0,10300.0,24116,0.0,0.0
2023-05-09 14:00:00+09:00,10310.0,10350.0,10270.0,10320.0,28820,0.0,0.0
2023-05-10 09:00:00+09:00,10280.0,10430.0,10270.0,10270.0,0,0.0,0.0
2023-05-10 10:00:00+09:00,10280.0,10470.0,10230.0,10470.0,42807,0.0,0.0
2023-05-10 11:00:00+09:00,10470.0,10470.0,10260.0,10260.0,24619,0.0,0.0
2023-05-10 12:00:00+09:00,10250.0,10330.0,10210.0,10210.0,32342,0.0,0.0
2023-05-10 13:00:00+09:00,10220.0,10290.0,10210.0,10220.0,15808,0.0,0.0
2023-05-10 14:00:00+09:00,10230.0,10250.0,10110.0,10130.0,48295,0.0,0.0
2023-05-11 09:00:00+09:00,10210.0,10300.0,10180.0,10250.0,0,0.0,0.0
2023-05-11 10:00:00+09:00,10240.0,10320.0,10210.0,10220.0,27702,0.0,0.0
2023-05-11 11:00:00+09:00,10220.0,10270.0,10200.0,10250.0,9907,0.0,0.0
2023-05-11 12:00:00+09:00,10250.0,10270.0,10190.0,10250.0,8283,0.0,0.0
2023-05-11 13:00:00+09:00,10260.0,10310.0,10250.0,10260.0,11598,0.0,0.0
2023-05-11 14:00:00+09:00,10260.0,10270.0,10100.0,10100.0,30056,0.0,0.0
2023-05-12 09:00:00+09:00,10160.0,10170.0,9940.0,10160.0,60395,0.0,0.0
2023-05-12 10:00:00+09:00,10170.0,10180.0,10040.0,10090.0,16331,0.0,0.0
2023-05-12 11:00:00+09:00,10110.0,10110.0,9950.0,10010.0,20726,0.0,0.0
2023-05-12 12:00:00+09:00,10020.0,10060.0,9990.0,10030.0,10916,0.0,0.0
2023-05-12 13:00:00+09:00,10030.0,10050.0,9980.0,10000.0,27903,0.0,0.0
2023-05-12 14:00:00+09:00,9990.0,10010.0,9890.0,9910.0,72221,0.0,0.0
2023-05-15 09:00:00+09:00,9900.0,9900.0,9570.0,9690.0,0,0.0,0.0
2023-05-15 10:00:00+09:00,9680.0,9730.0,9630.0,9660.0,25348,0.0,0.0
2023-05-15 11:00:00+09:00,9670.0,9700.0,9560.0,9600.0,32141,0.0,0.0
2023-05-15 12:00:00+09:00,9600.0,9690.0,9550.0,9660.0,20676,0.0,0.0
2023-05-15 13:00:00+09:00,9690.0,9720.0,9620.0,9620.0,17374,0.0,0.0
2023-05-15 14:00:00+09:00,9620.0,9710.0,9610.0,9700.0,22004,0.0,0.0
2023-05-16 09:00:00+09:00,9800.0,9830.0,9690.0,9710.0,43863,0.0,0.0
2023-05-16 10:00:00+09:00,9710.0,9760.0,9600.0,9690.0,40271,0.0,0.0
2023-05-16 11:00:00+09:00,9750.0,9760.0,9660.0,9690.0,12546,0.0,0.0
2023-05-16 12:00:00+09:00,9730.0,9730.0,9650.0,9680.0,8431,0.0,0.0
2023-05-16 13:00:00+09:00,9680.0,9690.0,9580.0,9620.0,19302,0.0,0.0
2023-05-16 14:00:00+09:00,9620.0,9650.0,9590.0,9610.0,12062,0.0,0.0
2023-05-17 09:00:00+09:00,9500.0,9760.0,9450.0,9700.0,0,0.0,0.0
2023-05-17 10:00:00+09:00,9710.0,10020.0,9710.0,10020.0,181286,0.0,0.0
2023-05-17 11:00:00+09:00,10020.0,10050.0,9850.0,9920.0,69628,0.0,0.0
2023-05-17 12:00:00+09:00,9930.0,10070.0,9920.0,10010.0,39783,0.0,0.0
2023-05-17 13:00:00+09:00,10010.0,10080.0,9980.0,10000.0,43505,0.0,0.0
2023-05-17 14:00:00+09:00,10000.0,10020.0,9930.0,10000.0,27165,0.0,0.0
2023-05-18 09:00:00+09:00,10000.0,10180.0,10000.0,10130.0,87410,0.0,0.0
2023-05-18 10:00:00+09:00,10170.0,10300.0,10060.0,10220.0,174750,0.0,0.0
2023-05-18 11:00:00+09:00,10220.0,10250.0,10140.0,10200.0,29337,0.0,0.0
2023-05-18 12:00:00+09:00,10200.0,10200.0,10090.0,10120.0,10973,0.0,0.0
2023-05-18 13:00:00+09:00,10120.0,10160.0,10100.0,10130.0,9406,0.0,0.0
2023-05-18 14:00:00+09:00,10130.0,10150.0,10080.0,10130.0,15894,0.0,0.0
2023-05-19 09:00:00+09:00,10150.0,10260.0,10120.0,10170.0,0,0.0,0.0
2023-05-19 10:00:00+09:00,10160.0,10350.0,10130.0,10210.0,61384,0.0,0.0
2023-05-19 11:00:00+09:00,10230.0,10270.0,10200.0,10240.0,15763,0.0,0.0
2023-05-19 12:00:00+09:00,10240.0,10310.0,10230.0,10310.0,14817,0.0,0.0
2023-05-19 13:00:00+09:00,10300.0,10300.0,10250.0,10270.0,17643,0.0,0.0
2023-05-19 14:00:00+09:00,10260.0,10300.0,10230.0,10290.0,21317,0.0,0.0
2023-05-22 09:00:00+09:00,10300.0,10410.0,10190.0,10410.0,0,0.0,0.0
2023-05-22 10:00:00+09:00,10400.0,10430.0,10300.0,10360.0,15429,0.0,0.0
2023-05-22 11:00:00+09:00,10360.0,10370.0,10300.0,10370.0,14250,0.0,0.0
2023-05-22 12:00:00+09:00,10360.0,10400.0,10340.0,10370.0,6384,0.0,0.0
2023-05-22 13:00:00+09:00,10380.0,10380.0,10300.0,10320.0,11441,0.0,0.0
2023-05-22 14:00:00+09:00,10310.0,10350.0,10300.0,10320.0,10878,0.0,0.0
2023-05-23 09:00:00+09:00,10380.0,10540.0,10330.0,10460.0,0,0.0,0.0
2023-05-23 10:00:00+09:00,10480.0,10540.0,10410.0,10510.0,34708,0.0,0.0
2023-05-23 11:00:00+09:00,10510.0,10560.0,10430.0,10440.0,33065,0.0,0.0
2023-05-23 12:00:00+09:00,10440.0,10460.0,10360.0,10370.0,21846,0.0,0.0
2023-05-23 13:00:00+09:00,10370.0,10420.0,10350.0,10390.0,7293,0.0,0.0
2023-05-23 14:00:00+09:00,10390.0,10400.0,10310.0,10320.0,19035,0.0,0.0
2023-05-24 09:00:00+09:00,10160.0,10300.0,10090.0,10210.0,0,0.0,0.0
2023-05-24 10:00:00+09:00,10240.0,10330.0,10200.0,10240.0,13741,0.0,0.0
2023-05-24 11:00:00+09:00,10250.0,10270.0,10170.0,10260.0,17381,0.0,0.0
2023-05-24 12:00:00+09:00,10210.0,10260.0,10190.0,10210.0,5204,0.0,0.0
2023-05-24 13:00:00+09:00,10210.0,10210.0,10110.0,10160.0,22840,0.0,0.0
2023-05-24 14:00:00+09:00,10160.0,10220.0,10150.0,10210.0,9786,0.0,0.0
2023-05-25 09:00:00+09:00,10200.0,10430.0,10130.0,10310.0,0,0.0,0.0
2023-05-25 10:00:00+09:00,10310.0,10330.0,10150.0,10190.0,31909,0.0,0.0
2023-05-25 11:00:00+09:00,10200.0,10230.0,10150.0,10160.0,8754,0.0,0.0
2023-05-25 12:00:00+09:00,10170.0,10190.0,10130.0,10140.0,11386,0.0,0.0
2023-05-25 13:00:00+09:00,10140.0,10180.0,10100.0,10110.0,19399,0.0,0.0
2023-05-25 14:00:00+09:00,10110.0,10140.0,10100.0,10110.0,14238,0.0,0.0
2023-05-26 09:00:00+09:00,10140.0,10200.0,10000.0,10070.0,0,0.0,0.0
2023-05-26 10:00:00+09:00,10080.0,10130.0,10000.0,10020.0,25824,0.0,0.0
2023-05-26 11:00:00+09:00,10010.0,10040.0,10000.0,10010.0,11294,0.0,0.0
2023-05-26 12:00:00+09:00,10010.0,10020.0,10000.0,10020.0,13423,0.0,0.0
2023-05-26 13:00:00+09:00,10030.0,10030.0,9950.0,9980.0,36003,0.0,0.0
2023-05-26 14:00:00+09:00,9980.0,10010.0,9950.0,9970.0,14764,0.0,0.0
2023-05-30 09:00:00+09:00,9960.0,10050.0,9910.0,9920.0,0,0.0,0.0
2023-05-30 10:00:00+09:00,9930.0,9970.0,9750.0,9790.0,44762,0.0,0.0
2023-05-30 11:00:00+09:00,9790.0,9820.0,9710.0,9790.0,23774,0.0,0.0
2023-05-30 12:00:00+09:00,9790.0,9820.0,9750.0,9800.0,20558,0.0,0.0
2023-05-30 13:00:00+09:00,9800.0,9900.0,9770.0,9880.0,13944,0.0,0.0
2023-05-30 14:00:00+09:00,9880.0,9890.0,9800.0,9860.0,15158,0.0,0.0
2023-05-31 09:00:00+09:00,9850.0,10000.0,9790.0,9920.0,0,0.0,0.0
2023-05-31 10:00:00+09:00,9920.0,9970.0,9880.0,9900.0,13568,0.0,0.0
2023-05-31 11:00:00+09:00,9910.0,9920.0,9790.0,9790.0,23063,0.0,0.0
2023-05-31 12:00:00+09:00,9790.0,9800.0,9700.0,9710.0,29580,0.0,0.0
2023-05-31 13:00:00+09:00,9710.0,9760.0,9700.0,9720.0,13992,0.0,0.0
2023-05-31 14:00:00+09:00,9720.0,9760.0,9700.0,9740.0,22625,0.0,0.0
2023-06-01 09:00:00+09:00,9700.0,9900.0,9700.0,9860.0,41541,0.0,0.0
2023-06-01 10:00:00+09:00,9860.0,9910.0,9840.0,9880.0,14526,0.0,0.0
2023-06-01 11:00:00+09:00,9880.0,9890.0,9840.0,9860.0,5227,0.0,0.0
2023-06-01 12:00:00+09:00,9860.0,9870.0,9800.0,9860.0,8425,0.0,0.0
2023-06-01 13:00:00+09:00,9860.0,9870.0,9830.0,9830.0,5394,0.0,0.0
2023-06-01 14:00:00+09:00,9830.0,9850.0,9800.0,9850.0,10438,0.0,0.0
2023-06-02 09:00:00+09:00,9850.0,9910.0,9740.0,9880.0,25070,0.0,0.0
2023-06-02 10:00:00+09:00,9890.0,9910.0,9820.0,9860.0,13000,0.0,0.0
2023-06-02 11:00:00+09:00,9860.0,9900.0,9820.0,9850.0,13723,0.0,0.0
2023-06-02 12:00:00+09:00,9830.0,9870.0,9810.0,9850.0,7229,0.0,0.0
2023-06-02 13:00:00+09:00,9850.0,9870.0,9830.0,9860.0,4033,0.0,0.0
2023-06-02 14:00:00+09:00,9860.0,9930.0,9860.0,9900.0,16306,0.0,0.0
2023-06-05 09:00:00+09:00,9970.0,10100.0,9910.0,10070.0,0,0.0,0.0
2023-06-05 10:00:00+09:00,10080.0,10120.0,10060.0,10090.0,17916,0.0,0.0
2023-06-05 11:00:00+09:00,10080.0,10140.0,10060.0,10120.0,14584,0.0,0.0
2023-06-05 12:00:00+09:00,10130.0,10150.0,10110.0,10140.0,9087,0.0,0.0
2023-06-05 13:00:00+09:00,10150.0,10250.0,10150.0,10210.0,25154,0.0,0.0
2023-06-05 14:00:00+09:00,10210.0,10320.0,10190.0,10200.0,40206,0.0,0.0
2023-06-07 09:00:00+09:00,10250.0,10290.0,10090.0,10120.0,0,0.0,0.0
2023-06-07 10:00:00+09:00,10120.0,10190.0,10110.0,10160.0,13139,0.0,0.0
2023-06-07 11:00:00+09:00,10150.0,10250.0,10120.0,10220.0,22406,0.0,0.0
2023-06-07 12:00:00+09:00,10220.0,10220.0,10180.0,10190.0,7550,0.0,0.0
2023-06-07 13:00:00+09:00,10200.0,10250.0,10160.0,10200.0,9297,0.0,0.0
2023-06-07 14:00:00+09:00,10200.0,10230.0,10170.0,10200.0,9631,0.0,0.0
2023-06-08 09:00:00+09:00,10220.0,10220.0,10070.0,10100.0,0,0.0,0.0
2023-06-08 10:00:00+09:00,10130.0,10160.0,10090.0,10150.0,8254,0.0,0.0
2023-06-08 11:00:00+09:00,10140.0,10150.0,10050.0,10060.0,16911,0.0,0.0
2023-06-08 12:00:00+09:00,10060.0,10070.0,10050.0,10070.0,6203,0.0,0.0
2023-06-08 13:00:00+09:00,10060.0,10070.0,9980.0,10000.0,30558,0.0,0.0
2023-06-08 14:00:00+09:00,9980.0,10020.0,9970.0,10010.0,6526,0.0,0.0
2023-06-09 09:00:00+09:00,9990.0,10150.0,9950.0,10130.0,0,0.0,0.0
2023-06-09 10:00:00+09:00,10130.0,10160.0,10110.0,10120.0,8894,0.0,0.0
2023-06-09 11:00:00+09:00,10120.0,10130.0,10070.0,10080.0,6156,0.0,0.0
2023-06-09 12:00:00+09:00,10080.0,10090.0,10020.0,10070.0,8525,0.0,0.0
2023-06-09 13:00:00+09:00,10060.0,10250.0,10050.0,10180.0,32719,0.0,0.0
2023-06-09 14:00:00+09:00,10180.0,10210.0,10100.0,10160.0,21862,0.0,0.0
2023-06-12 09:00:00+09:00,10200.0,10240.0,10080.0,10130.0,0,0.0,0.0
2023-06-12 10:00:00+09:00,10130.0,10230.0,10090.0,10130.0,20967,0.0,0.0
2023-06-12 11:00:00+09:00,10140.0,10160.0,10070.0,10080.0,16655,0.0,0.0
2023-06-12 12:00:00+09:00,10080.0,10100.0,10060.0,10090.0,7702,0.0,0.0
2023-06-12 13:00:00+09:00,10090.0,10110.0,10060.0,10060.0,6322,0.0,0.0
2023-06-12 14:00:00+09:00,10060.0,10080.0,10000.0,10010.0,28084,0.0,0.0
2023-06-13 09:00:00+09:00,10040.0,10190.0,10040.0,10100.0,0,0.0,0.0
2023-06-13 10:00:00+09:00,10090.0,10180.0,10080.0,10140.0,28488,0.0,0.0
2023-06-13 11:00:00+09:00,10140.0,10160.0,10100.0,10120.0,11402,0.0,0.0
2023-06-13 12:00:00+09:00,10120.0,10150.0,10070.0,10110.0,16384,0.0,0.0
2023-06-13 13:00:00+09:00,10110.0,10130.0,10060.0,10060.0,16726,0.0,0.0
2023-06-13 14:00:00+09:00,10060.0,10100.0,10040.0,10040.0,17782,0.0,0.0
2023-06-14 09:00:00+09:00,10330.0,10390.0,10130.0,10140.0,146095,0.0,0.0
2023-06-14 10:00:00+09:00,10140.0,10420.0,10140.0,10420.0,105395,0.0,0.0
2023-06-14 11:00:00+09:00,10410.0,10460.0,10280.0,10330.0,64971,0.0,0.0
2023-06-14 12:00:00+09:00,10300.0,10320.0,10140.0,10170.0,39090,0.0,0.0
2023-06-14 13:00:00+09:00,10180.0,10200.0,10000.0,10050.0,69281,0.0,0.0
2023-06-14 14:00:00+09:00,10050.0,10100.0,9980.0,10030.0,42223,0.0,0.0
2023-06-15 09:00:00+09:00,10150.0,10270.0,10050.0,10150.0,88185,0.0,0.0
2023-06-15 10:00:00+09:00,10150.0,10170.0,10060.0,10100.0,46230,0.0,0.0
2023-06-15 11:00:00+09:00,10100.0,10160.0,10060.0,10110.0,20466,0.0,0.0
2023-06-15 12:00:00+09:00,10110.0,10160.0,10100.0,10160.0,15896,0.0,0.0
2023-06-15 13:00:00+09:00,10160.0,10180.0,10120.0,10150.0,19676,0.0,0.0
2023-06-15 14:00:00+09:00,10140.0,10190.0,10140.0,10170.0,19089,0.0,0.0
2023-06-16 09:00:00+09:00,10370.0,10390.0,10270.0,10320.0,0,0.0,0.0
2023-06-16 10:00:00+09:00,10320.0,10380.0,10310.0,10370.0,49486,0.0,0.0
2023-06-16 11:00:00+09:00,10380.0,10400.0,10360.0,10380.0,17489,0.0,0.0
2023-06-16 12:00:00+09:00,10370.0,10410.0,10360.0,10390.0,25036,0.0,0.0
2023-06-16 13:00:00+09:00,10380.0,10440.0,10340.0,10360.0,40416,0.0,0.0
2023-06-16 14:00:00+09:00,10360.0,10390.0,10270.0,10300.0,26120,0.0,0.0
2023-06-19 09:00:00+09:00,10250.0,10340.0,10170.0,10180.0,0,0.0,0.0
2023-06-19 10:00:00+09:00,10170.0,10250.0,10170.0,10220.0,16333,0.0,0.0
2023-06-19 11:00:00+09:00,10220.0,10250.0,10210.0,10210.0,18893,0.0,0.0
2023-06-19 12:00:00+09:00,10210.0,10220.0,10180.0,10180.0,8917,0.0,0.0
2023-06-19 13:00:00+09:00,10180.0,10210.0,10170.0,10180.0,12500,0.0,0.0
2023-06-19 14:00:00+09:00,10180.0,10320.0,10180.0,10320.0,17904,0.0,0.0
2023-06-20 09:00:00+09:00,10200.0,10240.0,9890.0,9970.0,0,0.0,0.0
2023-06-20 10:00:00+09:00,9970.0,10020.0,9940.0,9970.0,32569,0.0,0.0
2023-06-20 11:00:00+09:00,9970.0,10000.0,9930.0,9950.0,32854,0.0,0.0
2023-06-20 12:00:00+09:00,9950.0,10010.0,9930.0,9990.0,29382,0.0,0.0
2023-06-20 13:00:00+09:00,9990.0,10000.0,9970.0,9980.0,11228,0.0,0.0
2023-06-20 14:00:00+09:00,9970.0,9980.0,9930.0,9940.0,24284,0.0,0.0
2023-06-21 09:00:00+09:00,9980.0,10040.0,9880.0,9940.0,25899,0.0,0.0
2023-06-21 10:00:00+09:00,9940.0,9950.0,9590.0,9590.0,112537,0.0,0.0
2023-06-21 11:00:00+09:00,9590.0,9730.0,9590.0,9660.0,23314,0.0,0.0
2023-06-21 12:00:00+09:00,9690.0,9690.0,9570.0,9590.0,41224,0.0,0.0
2023-06-21 13:00:00+09:00,9580.0,9610.0,9560.0,9590.0,28233,0.0,0.0
2023-06-21 14:00:00+09:00,9610.0,9640.0,9050.0,9450.0,78038,0.0,0.0
2023-06-22 09:00:00+09:00,9380.0,9470.0,9240.0,9380.0,47223,0.0,0.0
2023-06-22 10:00:00+09:00,9380.0,9430.0,9230.0,9290.0,25364,0.0,0.0
2023-06-22 11:00:00+09:00,9290.0,9360.0,9260.0,9330.0,23758,0.0,0.0
2023-06-22 12:00:00+09:00,9330.0,9380.0,9310.0,9380.0,6496,0.0,0.0
2023-06-22 13:00:00+09:00,9370.0,9370.0,9300.0,9330.0,17534,0.0,0.0
2023-06-22 14:00:00+09:00,9340.0,9360.0,9300.0,9310.0,10817,0.0,0.0
2023-06-23 09:00:00+09:00,9400.0,9450.0,9350.0,9390.0,14781,0.0,0.0
2023-06-23 10:00:00+09:00,9390.0,9390.0,9230.0,9260.0,17227,0.0,0.0
2023-06-23 11:00:00+09:00,9250.0,9260.0,9150.0,9220.0,25174,0.0,0.0
2023-06-23 12:00:00+09:00,9210.0,9260.0,9180.0,9260.0,7486,0.0,0.0
2023-06-23 13:00:00+09:00,9260.0,9260.0,9180.0,9230.0,14505,0.0,0.0
2023-06-23 14:00:00+09:00,9240.0,9270.0,9230.0,9270.0,6064,0.0,0.0
2023-06-26 09:00:00+09:00,9280.0,9280.0,9050.0,9250.0,0,0.0,0.0
2023-06-26 10:00:00+09:00,9250.0,9320.0,9190.0,9280.0,11667,0.0,0.0
2023-06-26 11:00:00+09:00,9280.0,9320.0,9260.0,9280.0,4851,0.0,0.0
2023-06-26 12:00:00+09:00,9290.0,9290.0,9210.0,9270.0,3725,0.0,0.0
2023-06-26 13:00:00+09:00,9260.0,9270.0,9220.0,9260.0,3159,0.0,0.0
2023-06-26 14:00:00+09:00,9250.0,9270.0,9200.0,9240.0,14101,0.0,0.0
2023-06-27 09:00:00+09:00,9080.0,9410.0,9080.0,9340.0,0,0.0,0.0
2023-06-27 10:00:00+09:00,9340.0,9400.0,9220.0,9400.0,15402,0.0,0.0
2023-06-27 11:00:00+09:00,9400.0,9510.0,9400.0,9420.0,16827,0.0,0.0
2023-06-27 12:00:00+09:00,9420.0,9430.0,9310.0,9330.0,6579,0.0,0.0
2023-06-27 13:00:00+09:00,9330.0,9370.0,9310.0,9340.0,3107,0.0,0.0
2023-06-27 14:00:00+09:00,9330.0,9390.0,9300.0,9390.0,9194,0.0,0.0
2023-06-28 09:00:00+09:00,9490.0,9490.0,9340.0,9380.0,12398,0.0,0.0
2023-06-28 10:00:00+09:00,9380.0,9400.0,9340.0,9390.0,9176,0.0,0.0
2023-06-28 11:00:00+09:00,9400.0,9400.0,9340.0,9340.0,5405,0.0,0.0
2023-06-28 12:00:00+09:00,9340.0,9360.0,9300.0,9330.0,12927,0.0,0.0
2023-06-28 13:00:00+09:00,9320.0,9340.0,9220.0,9250.0,11806,0.0,0.0
2023-06-28 14:00:00+09:00,9250.0,9290.0,9200.0,9200.0,0,0.0,0.0
2023-06-29 09:00:00+09:00,9200.0,10230.0,9200.0,9790.0,633667,0.0,0.0
2023-06-29 10:00:00+09:00,9790.0,9910.0,9750.0,9850.0,83334,0.0,0.0
2023-06-29 11:00:00+09:00,9850.0,9900.0,9600.0,9600.0,61339,0.0,0.0
2023-06-29 12:00:00+09:00,9600.0,9730.0,9550.0,9680.0,27313,0.0,0.0
2023-06-29 13:00:00+09:00,9690.0,9760.0,9610.0,9710.0,29309,0.0,0.0
2023-06-29 14:00:00+09:00,9720.0,9780.0,9710.0,9720.0,30855,0.0,0.0
2023-06-30 09:00:00+09:00,9720.0,9720.0,9450.0,9490.0,58812,0.0,0.0
2023-06-30 10:00:00+09:00,9490.0,9550.0,9470.0,9500.0,13804,0.0,0.0
2023-06-30 11:00:00+09:00,9500.0,9520.0,9460.0,9480.0,11307,0.0,0.0
2023-06-30 12:00:00+09:00,9480.0,9500.0,9460.0,9490.0,19135,0.0,0.0
2023-06-30 13:00:00+09:00,9490.0,9500.0,9480.0,9480.0,10803,0.0,0.0
2023-06-30 14:00:00+09:00,9480.0,9530.0,9480.0,9500.0,27743,0.0,0.0
2023-07-03 09:00:00+09:00,9650.0,9890.0,9580.0,9780.0,0,0.0,0.0
2023-07-03 10:00:00+09:00,9790.0,9840.0,9710.0,9720.0,25011,0.0,0.0
2023-07-03 11:00:00+09:00,9730.0,9770.0,9710.0,9740.0,5963,0.0,0.0
2023-07-03 12:00:00+09:00,9750.0,9780.0,9700.0,9730.0,16237,0.0,0.0
2023-07-03 13:00:00+09:00,9720.0,9770.0,9700.0,9720.0,13407,0.0,0.0
2023-07-03 14:00:00+09:00,9700.0,9750.0,9680.0,9720.0,12461,0.0,0.0
2023-07-04 09:00:00+09:00,9770.0,9790.0,9570.0,9590.0,0,0.0,0.0
2023-07-04 10:00:00+09:00,9630.0,9680.0,9580.0,9670.0,18875,0.0,0.0
2023-07-04 11:00:00+09:00,9670.0,9700.0,9620.0,9680.0,9586,0.0,0.0
2023-07-04 12:00:00+09:00,9680.0,9770.0,9670.0,9740.0,14706,0.0,0.0
2023-07-04 13:00:00+09:00,9740.0,9980.0,9710.0,9920.0,46834,0.0,0.0
2023-07-04 14:00:00+09:00,9920.0,10080.0,9880.0,10080.0,81816,0.0,0.0
2023-07-05 09:00:00+09:00,10050.0,10050.0,9900.0,9980.0,0,0.0,0.0
2023-07-05 10:00:00+09:00,9970.0,9990.0,9870.0,9940.0,26148,0.0,0.0
2023-07-05 11:00:00+09:00,9900.0,9950.0,9890.0,9890.0,12998,0.0,0.0
2023-07-05 12:00:00+09:00,9930.0,9930.0,9890.0,9910.0,6084,0.0,0.0
2023-07-05 13:00:00+09:00,9910.0,9940.0,9890.0,9890.0,8483,0.0,0.0
2023-07-05 14:00:00+09:00,9890.0,9920.0,9880.0,9910.0,14215,0.0,0.0
2023-07-06 09:00:00+09:00,9820.0,9880.0,9640.0,9720.0,0,0.0,0.0
2023-07-06 10:00:00+09:00,9720.0,9800.0,9670.0,9790.0,7177,0.0,0.0
2023-07-06 11:00:00+09:00,9760.0,9790.0,9700.0,9700.0,9437,0.0,0.0
2023-07-06 12:00:00+09:00,9720.0,9780.0,9640.0,9660.0,15329,0.0,0.0
2023-07-06 13:00:00+09:00,9660.0,9660.0,9550.0,9580.0,17510,0.0,0.0
2023-07-06 14:00:00+09:00,9580.0,9650.0,9560.0,9560.0,10487,0.0,0.0
2023-07-07 09:00:00+09:00,9510.0,9690.0,9430.0,9570.0,0,0.0,0.0
2023-07-07 10:00:00+09:00,9560.0,9690.0,9490.0,9520.0,18871,0.0,0.0
2023-07-07 11:00:00+09:00,9570.0,9600.0,9450.0,9510.0,11028,0.0,0.0
2023-07-07 12:00:00+09:00,9510.0,9550.0,9480.0,9500.0,5358,0.0,0.0
2023-07-07 13:00:00+09:00,9500.0,9550.0,9470.0,9500.0,6422,0.0,0.0
2023-07-07 14:00:00+09:00,9500.0,9530.0,9440.0,9470.0,12781,0.0,0.0
2023-07-10 09:00:00+09:00,9470.0,9550.0,9320.0,9410.0,0,0.0,0.0
2023-07-10 10:00:00+09:00,9410.0,9650.0,9370.0,9490.0,9003,0.0,0.0
2023-07-10 11:00:00+09:00,9490.0,9560.0,9450.0,9510.0,2817,0.0,0.0
2023-07-10 12:00:00+09:00,9510.0,9560.0,9510.0,9530.0,3712,0.0,0.0
2023-07-10 13:00:00+09:00,9530.0,9630.0,9500.0,9600.0,9944,0.0,0.0
2023-07-10 14:00:00+09:00,9590.0,9610.0,9510.0,9520.0,9746,0.0,0.0
2023-07-11 09:00:00+09:00,9510.0,9720.0,9510.0,9700.0,0,0.0,0.0
2023-07-11 10:00:00+09:00,9700.0,9730.0,9520.0,9520.0,20040,0.0,0.0
2023-07-11 11:00:00+09:00,9520.0,9630.0,9520.0,9620.0,3997,0.0,0.0
2023-07-11 12:00:00+09:00,9620.0,9690.0,9600.0,9650.0,6053,0.0,0.0
2023-07-11 13:00:00+09:00,9630.0,9650.0,9580.0,9620.0,11300,0.0,0.0
2023-07-11 14:00:00+09:00,9590.0,9640.0,9580.0,9640.0,7666,0.0,0.0
2023-07-12 09:00:00+09:00,9630.0,9770.0,9630.0,9690.0,19959,0.0,0.0
2023-07-12 10:00:00+09:00,9690.0,9730.0,9650.0,9670.0,9440,0.0,0.0
2023-07-12 11:00:00+09:00,9690.0,9690.0,9590.0,9680.0,11732,0.0,0.0
2023-07-12 12:00:00+09:00,9680.0,9740.0,9630.0,9660.0,5485,0.0,0.0
2023-07-12 13:00:00+09:00,9660.0,9660.0,9590.0,9660.0,6628,0.0,0.0
2023-07-12 14:00:00+09:00,9650.0,9680.0,9610.0,9610.0,9717,0.0,0.0
2023-07-13 09:00:00+09:00,9620.0,9730.0,9600.0,9700.0,0,0.0,0.0
2023-07-13 10:00:00+09:00,9700.0,9780.0,9700.0,9730.0,22417,0.0,0.0
2023-07-13 11:00:00+09:00,9730.0,9730.0,9670.0,9700.0,4265,0.0,0.0
2023-07-13 12:00:00+09:00,9700.0,9700.0,9550.0,9600.0,36003,0.0,0.0
2023-07-13 13:00:00+09:00,9600.0,9640.0,9550.0,9560.0,9224,0.0,0.0
2023-07-13 14:00:00+09:00,9610.0,9610.0,9560.0,9580.0,12542,0.0,0.0
2023-07-14 09:00:00+09:00,9520.0,9610.0,9050.0,9120.0,0,0.0,0.0
2023-07-14 10:00:00+09:00,9130.0,9200.0,9090.0,9130.0,50293,0.0,0.0
2023-07-14 11:00:00+09:00,9130.0,9240.0,9090.0,9220.0,24602,0.0,0.0
2023-07-14 12:00:00+09:00,9230.0,9280.0,9200.0,9240.0,4719,0.0,0.0
2023-07-14 13:00:00+09:00,9250.0,9270.0,9200.0,9230.0,7123,0.0,0.0
2023-07-14 14:00:00+09:00,9240.0,9280.0,9200.0,9270.0,13967,0.0,0.0
2023-07-17 09:00:00+09:00,9270.0,9300.0,9000.0,9300.0,0,0.0,0.0
2023-07-17 10:00:00+09:00,9270.0,9410.0,9250.0,9340.0,22185,0.0,0.0
2023-07-17 11:00:00+09:00,9300.0,9330.0,9240.0,9280.0,10148,0.0,0.0
2023-07-17 12:00:00+09:00,9310.0,9380.0,9280.0,9350.0,8609,0.0,0.0
2023-07-17 13:00:00+09:00,9350.0,9390.0,9320.0,9370.0,9135,0.0,0.0
2023-07-17 14:00:00+09:00,9380.0,9430.0,9360.0,9410.0,25769,0.0,0.0
2023-07-18 09:00:00+09:00,9430.0,9520.0,9420.0,9490.0,34580,0.0,0.0
2023-07-18 10:00:00+09:00,9480.0,9550.0,9430.0,9450.0,30760,0.0,0.0
2023-07-18 11:00:00+09:00,9440.0,9450.0,9280.0,9280.0,29989,0.0,0.0
2023-07-18 12:00:00+09:00,9280.0,9320.0,9240.0,9250.0,27095,0.0,0.0
2023-07-18 13:00:00+09:00,9260.0,9310.0,9250.0,9250.0,15155,0.0,0.0
2023-07-18 14:00:00+09:00,9260.0,9360.0,9250.0,9350.0,12001,0.0,0.0
2023-07-19 09:00:00+09:00,9330.0,9340.0,9190.0,9240.0,33140,0.0,0.0
2023-07-19 10:00:00+09:00,9240.0,9290.0,9160.0,9200.0,23748,0.0,0.0
2023-07-19 11:00:00+09:00,9200.0,9240.0,9170.0,9190.0,15196,0.0,0.0
2023-07-19 12:00:00+09:00,9190.0,9220.0,9100.0,9130.0,26044,0.0,0.0
2023-07-19 13:00:00+09:00,9130.0,9160.0,9110.0,9160.0,11316,0.0,0.0
2023-07-19 14:00:00+09:00,9150.0,9190.0,9110.0,9130.0,15747,0.0,0.0
2023-07-20 09:00:00+09:00,9350.0,9350.0,9100.0,9180.0,22659,0.0,0.0
2023-07-20 10:00:00+09:00,9170.0,9220.0,9160.0,9210.0,8381,0.0,0.0
2023-07-20 11:00:00+09:00,9200.0,9230.0,9170.0,9180.0,10596,0.0,0.0
2023-07-20 12:00:00+09:00,9180.0,9290.0,9180.0,9260.0,11763,0.0,0.0
2023-07-20 13:00:00+09:00,9290.0,9290.0,9240.0,9260.0,7948,0.0,0.0
2023-07-20 14:00:00+09:00,9260.0,9380.0,9250.0,9360.0,23689,0.0,0.0
2023-07-21 09:00:00+09:00,9250.0,9370.0,9240.0,9310.0,15724,0.0,0.0
2023-07-21 10:00:00+09:00,9310.0,9310.0,9250.0,9300.0,10848,0.0,0.0
2023-07-21 11:00:00+09:00,9260.0,9310.0,9260.0,9260.0,5564,0.0,0.0
2023-07-21 12:00:00+09:00,9260.0,9280.0,9240.0,9250.0,13237,0.0,0.0
2023-07-21 13:00:00+09:00,9250.0,9270.0,9190.0,9210.0,33865,0.0,0.0
2023-07-21 14:00:00+09:00,9210.0,9230.0,9180.0,9210.0,12509,0.0,0.0
2023-07-24 09:00:00+09:00,9280.0,9280.0,9080.0,9090.0,0,0.0,0.0
2023-07-24 10:00:00+09:00,9100.0,9140.0,8990.0,8990.0,50837,0.0,0.0
2023-07-24 11:00:00+09:00,8990.0,9000.0,8910.0,8920.0,28316,0.0,0.0
2023-07-24 12:00:00+09:00,8920.0,8970.0,8900.0,8920.0,40323,0.0,0.0
2023-07-24 13:00:00+09:00,8920.0,8990.0,8900.0,8990.0,14705,0.0,0.0
2023-07-24 14:00:00+09:00,9000.0,9030.0,8950.0,9030.0,12830,0.0,0.0
2023-07-25 09:00:00+09:00,8940.0,9030.0,8740.0,8760.0,43853,0.0,0.0
2023-07-25 10:00:00+09:00,8770.0,8800.0,8720.0,8750.0,35893,0.0,0.0
2023-07-25 11:00:00+09:00,8740.0,8780.0,8660.0,8680.0,34757,0.0,0.0
2023-07-25 12:00:00+09:00,8690.0,8780.0,8660.0,8710.0,13831,0.0,0.0
2023-07-25 13:00:00+09:00,8720.0,8750.0,8660.0,8670.0,31741,0.0,0.0
2023-07-25 14:00:00+09:00,8690.0,8700.0,8650.0,8670.0,25492,0.0,0.0
2023-07-26 09:00:00+09:00,8600.0,8600.0,8250.0,8260.0,91385,0.0,0.0
2023-07-26 10:00:00+09:00,8260.0,8270.0,8080.0,8200.0,78225,0.0,0.0
2023-07-26 11:00:00+09:00,8200.0,8260.0,8170.0,8220.0,19947,0.0,0.0
2023-07-26 12:00:00+09:00,8220.0,8230.0,8080.0,8130.0,32036,0.0,0.0
2023-07-26 13:00:00+09:00,8130.0,8190.0,8080.0,8080.0,63170,0.0,0.0
2023-07-26 14:00:00+09:00,8080.0,8210.0,8070.0,8180.0,47918,0.0,0.0
2023-07-27 09:00:00+09:00,8080.0,8540.0,8080.0,8400.0,37936,0.0,0.0
2023-07-27 10:00:00+09:00,8420.0,8540.0,8420.0,8500.0,9596,0.0,0.0
2023-07-27 11:00:00+09:00,8490.0,8490.0,8410.0,8460.0,2158,0.0,0.0
2023-07-27 12:00:00+09:00,8450.0,8460.0,8320.0,8360.0,8301,0.0,0.0
2023-07-27 13:00:00+09:00,8360.0,8400.0,8340.0,8340.0,5260,0.0,0.0
2023-07-27 14:00:00+09:00,8370.0,8400.0,8290.0,8340.0,13092,0.0,0.0
2023-07-28 09:00:00+09:00,8340.0,8460.0,8330.0,8410.0,17597,0.0,0.0
2023-07-28 10:00:00+09:00,8390.0,8530.0,8380.0,8500.0,11757,0.0,0.0
2023-07-28 11:00:00+09:00,8510.0,8570.0,8480.0,8550.0,11817,0.0,0.0
2023-07-28 12:00:00+09:00,8540.0,8590.0,8530.0,8530.0,10828,0.0,0.0
2023-07-28 13:00:00+09:00,8530.0,8540.0,8420.0,8480.0,18432,0.0,0.0
2023-07-28 14:00:00+09:00,8480.0,8500.0,8380.0,8460.0,21280,0.0,0.0
2023-07-31 09:00:00+09:00,8380.0,8570.0,8380.0,8540.0,0,0.0,0.0
2023-07-31 10:00:00+09:00,8560.0,8640.0,8560.0,8630.0,22987,0.0,0.0
2023-07-31 11:00:00+09:00,8630.0,8690.0,8610.0,8680.0,8310,0.0,0.0
2023-07-31 12:00:00+09:00,8680.0,8680.0,8610.0,8630.0,4850,0.0,0.0
2023-07-31 13:00:00+09:00,8640.0,8640.0,8610.0,8620.0,3840,0.0,0.0
2023-07-31 14:00:00+09:00,8630.0,8640.0,8570.0,8600.0,11763,0.0,0.0
2023-08-01 09:00:00+09:00,8720.0,8720.0,8560.0,8670.0,12912,0.0,0.0
2023-08-01 10:00:00+09:00,8690.0,8710.0,8660.0,8660.0,8232,0.0,0.0
2023-08-01 11:00:00+09:00,8690.0,8700.0,8590.0,8610.0,12385,0.0,0.0
2023-08-01 12:00:00+09:00,8600.0,8650.0,8570.0,8570.0,13949,0.0,0.0
2023-08-01 13:00:00+09:00,8580.0,8600.0,8540.0,8570.0,25513,0.0,0.0
2023-08-01 14:00:00+09:00,8570.0,8650.0,8570.0,8630.0,0,0.0,0.0
2023-08-02 09:00:00+09:00,8600.0,8740.0,8510.0,8720.0,25763,0.0,0.0
2023-08-02 10:00:00+09:00,8720.0,8740.0,8660.0,8660.0,23331,0.0,0.0
2023-08-02 11:00:00+09:00,8680.0,8710.0,8550.0,8630.0,26502,0.0,0.0
2023-08-02 12:00:00+09:00,8680.0,8700.0,8570.0,8580.0,2116,0.0,0.0
2023-08-02 13:00:00+09:00,8580.0,8700.0,8520.0,8590.0,8229,0.0,0.0
2023-08-02 14:00:00+09:00,8550.0,8590.0,8510.0,8560.0,7824,0.0,0.0
2023-08-03 09:00:00+09:00,8500.0,8560.0,8310.0,8370.0,21655,0.0,0.0
2023-08-03 10:00:00+09:00,8370.0,8370.0,8270.0,8270.0,22509,0.0,0.0
2023-08-03 11:00:00+09:00,8270.0,8400.0,8270.0,8310.0,8557,0.0,0.0
2023-08-03 12:00:00+09:00,8310.0,8360.0,8290.0,8340.0,2630,0.0,0.0
2023-08-03 13:00:00+09:00,8360.0,8380.0,8330.0,8350.0,4063,0.0,0.0
2023-08-03 14:00:00+09:00,8360.0,8370.0,8320.0,8370.0,7052,0.0,0.0
2023-08-04 09:00:00+09:00,8400.0,8400.0,8270.0,8340.0,18150,0.0,0.0
2023-08-04 10:00:00+09:00,8320.0,8380.0,8300.0,8340.0,6291,0.0,0.0
2023-08-04 11:00:00+09:00,8340.0,8340.0,8200.0,8270.0,13268,0.0,0.0
2023-08-04 12:00:00+09:00,8300.0,8300.0,8220.0,8260.0,4915,0.0,0.0
2023-08-04 13:00:00+09:00,8250.0,8310.0,8240.0,8280.0,15554,0.0,0.0
2023-08-04 14:00:00+09:00,8270.0,8400.0,8270.0,8390.0,17707,0.0,0.0
2023-08-07 09:00:00+09:00,8450.0,8470.0,8170.0,8180.0,0,0.0,0.0
2023-08-07 10:00:00+09:00,8170.0,8280.0,8160.0,8190.0,16307,0.0,0.0
2023-08-07 11:00:00+09:00,8200.0,8230.0,8160.0,8210.0,8994,0.0,0.0
2023-08-07 12:00:00+09:00,8220.0,8230.0,8210.0,8230.0,1922,0.0,0.0
2023-08-07 13:00:00+09:00,8230.0,8270.0,8220.0,8240.0,5307,0.0,0.0
2023-08-07 14:00:00+09:00,8240.0,8250.0,8220.0,8240.0,7748,0.0,0.0
2023-08-08 09:00:00+09:00,8230.0,8330.0,8190.0,8300.0,14748,0.0,0.0
2023-08-08 10:00:00+09:00,8280.0,8310.0,8200.0,8200.0,9586,0.0,0.0
2023-08-08 11:00:00+09:00,8190.0,8250.0,8190.0,8230.0,4730,0.0,0.0
2023-08-08 12:00:00+09:00,8230.0,8250.0,8190.0,8210.0,6876,0.0,0.0
2023-08-08 13:00:00+09:00,8200.0,8240.0,8190.0,8230.0,6090,0.0,0.0
2023-08-08 14:00:00+09:00,8230.0,8240.0,8190.0,8190.0,9654,0.0,0.0
2023-08-09 09:00:00+09:00,8150.0,8250.0,8090.0,8240.0,8116,0.0,0.0
2023-08-09 10:00:00+09:00,8220.0,8230.0,8150.0,8190.0,6830,0.0,0.0
2023-08-09 11:00:00+09:00,8200.0,8240.0,8180.0,8240.0,15569,0.0,0.0
2023-08-09 12:00:00+09:00,8210.0,8280.0,8200.0,8270.0,10518,0.0,0.0
2023-08-09 13:00:00+09:00,8260.0,8280.0,8260.0,8260.0,4756,0.0,0.0
2023-08-09 14:00:00+09:00,8260.0,8270.0,8180.0,8230.0,12122,0.0,0.0
2023-08-10 09:00:00+09:00,8260.0,8340.0,8170.0,8230.0,18537,0.0,0.0
2023-08-10 10:00:00+09:00,8230.0,8250.0,8160.0,8210.0,8246,0.0,0.0
2023-08-10 11:00:00+09:00,8220.0,8270.0,8200.0,8260.0,3798,0.0,0.0
2023-08-10 12:00:00+09:00,8250.0,8280.0,8240.0,8270.0,5983,0.0,0.0
2023-08-10 13:00:00+09:00,8270.0,8320.0,8220.0,8290.0,10944,0.0,0.0
2023-08-10 14:00:00+09:00,8290.0,8310.0,8260.0,8260.0,3259,0.0,0.0
2023-08-11 09:00:00+09:00,8310.0,8390.0,8260.0,8350.0,26603,0.0,0.0
2023-08-11 10:00:00+09:00,8350.0,8430.0,8350.0,8390.0,11544,0.0,0.0
2023-08-11 11:00:00+09:00,8390.0,8430.0,8360.0,8390.0,6541,0.0,0.0
2023-08-11 12:00:00+09:00,8390.0,8410.0,8370.0,8400.0,6674,0.0,0.0
2023-08-11 13:00:00+09:00,8390.0,8410.0,8360.0,8400.0,4604,0.0,0.0
2023-08-11 14:00:00+09:00,8390.0,8410.0,8350.0,8400.0,10532,0.0,0.0
2023-08-14 09:00:00+09:00,8330.0,8440.0,8300.0,8400.0,0,0.0,0.0
2023-08-14 10:00:00+09:00,8400.0,8440.0,8380.0,8420.0,8361,0.0,0.0
2023-08-14 11:00:00+09:00,8420.0,8430.0,8290.0,8330.0,15576,0.0,0.0
2023-08-14 12:00:00+09:00,8320.0,8350.0,8310.0,8340.0,2100,0.0,0.0
2023-08-14 13:00:00+09:00,8340.0,8350.0,8280.0,8290.0,24103,0.0,0.0
2023-08-14 14:00:00+09:00,8290.0,8320.0,8290.0,8320.0,21465,0.0,0.0
2023-08-16 09:00:00+09:00,8390.0,8390.0,8060.0,8080.0,0,0.0,0.0
2023-08-16 10:00:00+09:00,8080.0,8120.0,8060.0,8110.0,7602,0.0,0.0
2023-08-16 11:00:00+09:00,8100.0,8130.0,8080.0,8080.0,8388,0.0,0.0
2023-08-16 12:00:00+09:00,8080.0,8120.0,8080.0,8110.0,3677,0.0,0.0
2023-08-16 13:00:00+09:00,8110.0,8120.0,8070.0,8090.0,14503,0.0,0.0
2023-08-16 14:00:00+09:00,8090.0,8120.0,8070.0,8080.0,14290,0.0,0.0
2023-08-17 09:00:00+09:00,8010.0,8050.0,7790.0,7850.0,33216,0.0,0.0
2023-08-17 10:00:00+09:00,7850.0,7950.0,7800.0,7910.0,13402,0.0,0.0
2023-08-17 11:00:00+09:00,7870.0,7950.0,7870.0,7920.0,3279,0.0,0.0
2023-08-17 12:00:00+09:00,7920.0,7970.0,7910.0,7970.0,3807,0.0,0.0
2023-08-17 13:00:00+09:00,7970.0,8020.0,7930.0,8000.0,9268,0.0,0.0
2023-08-17 14:00:00+09:00,8000.0,8070.0,7990.0,8050.0,9446,0.0,0.0
2023-08-18 09:00:00+09:00,8000.0,8090.0,7860.0,8020.0,11964,0.0,0.0
2023-08-18 10:00:00+09:00,8030.0,8110.0,7970.0,8100.0,4808,0.0,0.0
2023-08-18 11:00:00+09:00,8100.0,8130.0,7970.0,8110.0,64894,0.0,0.0
2023-08-18 12:00:00+09:00,8110.0,8140.0,8090.0,8110.0,3277,0.0,0.0
2023-08-18 13:00:00+09:00,8110.0,8110.0,8070.0,8090.0,1792,0.0,0.0
2023-08-18 14:00:00+09:00,8080.0,8090.0,8040.0,8070.0,6589,0.0,0.0
2023-08-21 09:00:00+09:00,7980.0,8080.0,7980.0,8060.0,0,0.0,0.0
2023-08-21 10:00:00+09:00,8060.0,8100.0,8040.0,8100.0,7581,0.0,0.0
2023-08-21 11:00:00+09:00,8090.0,8120.0,8070.0,8080.0,7750,0.0,0.0
2023-08-21 12:00:00+09:00,8100.0,8100.0,8050.0,8060.0,3275,0.0,0.0
2023-08-21 13:00:00+09:00,8060.0,8100.0,8040.0,8090.0,4382,0.0,0.0
2023-08-21 14:00:00+09:00,8080.0,8080.0,8010.0,8030.0,9645,0.0,0.0
2023-08-22 09:00:00+09:00,8000.0,8050.0,7900.0,7920.0,19419,0.0,0.0
2023-08-22 10:00:00+09:00,7920.0,7930.0,7840.0,7870.0,20359,0.0,0.0
2023-08-22 11:00:00+09:00,7870.0,7900.0,7830.0,7850.0,13107,0.0,0.0
2023-08-22 12:00:00+09:00,7850.0,7880.0,7830.0,7870.0,11707,0.0,0.0
2023-08-22 13:00:00+09:00,7860.0,7880.0,7770.0,7780.0,32240,0.0,0.0
2023-08-22 14:00:00+09:00,7780.0,7800.0,7770.0,7780.0,17347,0.0,0.0
2023-08-23 09:00:00+09:00,7750.0,7850.0,7700.0,7830.0,0,0.0,0.0
2023-08-23 10:00:00+09:00,7830.0,7860.0,7820.0,7820.0,4349,0.0,0.0
2023-08-23 11:00:00+09:00,7820.0,7820.0,7750.0,7800.0,7459,0.0,0.0
2023-08-23 12:00:00+09:00,7800.0,7830.0,7760.0,7780.0,8448,0.0,0.0
2023-08-23 13:00:00+09:00,7790.0,7800.0,7750.0,7760.0,4416,0.0,0.0
2023-08-23 14:00:00+09:00,7760.0,7800.0,7720.0,7730.0,13449,0.0,0.0
2023-08-24 09:00:00+09:00,7790.0,7910.0,7790.0,7880.0,14198,0.0,0.0
2023-08-24 10:00:00+09:00,7880.0,7960.0,7870.0,7930.0,20380,0.0,0.0
2023-08-24 11:00:00+09:00,7930.0,7940.0,7880.0,7880.0,3145,0.0,0.0
2023-08-24 12:00:00+09:00,7880.0,7920.0,7880.0,7900.0,3523,0.0,0.0
2023-08-24 13:00:00+09:00,7910.0,7970.0,7890.0,7960.0,12842,0.0,0.0
2023-08-24 14:00:00+09:00,7960.0,7970.0,7920.0,7960.0,9115,0.0,0.0
2023-08-25 09:00:00+09:00,7950.0,7970.0,7850.0,7920.0,12357,0.0,0.0
2023-08-25 10:00:00+09:00,7920.0,7960.0,7900.0,7940.0,5516,0.0,0.0
2023-08-25 11:00:00+09:00,7940.0,7940.0,7850.0,7910.0,16445,0.0,0.0
2023-08-25 12:00:00+09:00,7900.0,7910.0,7860.0,7870.0,7182,0.0,0.0
2023-08-25 13:00:00+09:00,7890.0,7910.0,7860.0,7880.0,6342,0.0,0.0
2023-08-25 14:00:00+09:00,7900.0,7900.0,7850.0,7860.0,5195,0.0,0.0
2023-08-28 09:00:00+09:00,7970.0,7990.0,7860.0,7960.0,0,0.0,0.0
2023-08-28 10:00:00+09:00,7960.0,8050.0,7860.0,8040.0,20866,0.0,0.0
2023-08-28 11:00:00+09:00,8040.0,8060.0,8000.0,8050.0,5733,0.0,0.0
2023-08-28 12:00:00+09:00,8050.0,8070.0,8000.0,8060.0,8816,0.0,0.0
2023-08-28 13:00:00+09:00,8060.0,8110.0,8020.0,8050.0,13644,0.0,0.0
2023-08-28 14:00:00+09:00,8060.0,8100.0,8050.0,8100.0,6660,0.0,0.0
2023-08-29 09:00:00+09:00,8130.0,8180.0,8060.0,8160.0,24790,0.0,0.0
2023-08-29 10:00:00+09:00,8160.0,8190.0,8110.0,8140.0,7858,0.0,0.0
2023-08-29 11:00:00+09:00,8140.0,8160.0,8130.0,8160.0,4274,0.0,0.0
2023-08-29 12:00:00+09:00,8150.0,8160.0,8090.0,8090.0,23428,0.0,0.0
2023-08-29 13:00:00+09:00,8110.0,8140.0,8090.0,8110.0,9661,0.0,0.0
2023-08-29 14:00:00+09:00,8110.0,8120.0,8090.0,8090.0,5730,0.0,0.0
2023-08-30 09:00:00+09:00,8100.0,8170.0,8020.0,8130.0,25609,0.0,0.0
2023-08-30 10:00:00+09:00,8130.0,8150.0,8110.0,8140.0,16406,0.0,0.0
2023-08-30 11:00:00+09:00,8140.0,8150.0,8130.0,8130.0,8210,0.0,0.0
2023-08-30 12:00:00+09:00,8140.0,8160.0,8080.0,8150.0,10982,0.0,0.0
2023-08-30 13:00:00+09:00,8150.0,8150.0,8120.0,8140.0,4928,0.0,0.0
2023-08-30 14:00:00+09:00,8140.0,8150.0,8120.0,8130.0,7767,0.0,0.0
2023-08-31 09:00:00+09:00,8190.0,8220.0,8150.0,8190.0,18615,0.0,0.0
2023-08-31 10:00:00+09:00,8190.0,8240.0,8190.0,8210.0,20370,0.0,0.0
2023-08-31 11:00:00+09:00,8210.0,8240.0,8190.0,8240.0,4312,0.0,0.0
2023-08-31 12:00:00+09:00,8240.0,8240.0,8200.0,8220.0,5459,0.0,0.0
2023-08-31 13:00:00+09:00,8220.0,8220.0,8190.0,8190.0,16792,0.0,0.0
2023-08-31 14:00:00+09:00,8190.0,8210.0,8170.0,8170.0,5271,0.0,0.0
2023-09-01 09:00:00+09:00,8230.0,8230.0,8120.0,8150.0,7565,0.0,0.0
2023-09-01 10:00:00+09:00,8140.0,8140.0,8090.0,8100.0,8154,0.0,0.0
2023-09-01 11:00:00+09:00,8100.0,8130.0,8060.0,8090.0,6649,0.0,0.0
2023-09-01 12:00:00+09:00,8090.0,8110.0,8060.0,8110.0,8860,0.0,0.0
2023-09-01 13:00:00+09:00,8110.0,8110.0,8070.0,8090.0,3802,0.0,0.0
2023-09-01 14:00:00+09:00,8090.0,8090.0,8050.0,8050.0,7595,0.0,0.0
2023-09-04 09:00:00+09:00,8090.0,8090.0,7850.0,8000.0,0,0.0,0.0
2023-09-04 10:00:00+09:00,8000.0,8070.0,7960.0,8010.0,6025,0.0,0.0
2023-09-04 11:00:00+09:00,8010.0,8040.0,8000.0,8020.0,956,0.0,0.0
2023-09-04 12:00:00+09:00,8020.0,8040.0,8010.0,8030.0,1238,0.0,0.0
2023-09-04 13:00:00+09:00,8030.0,8060.0,8010.0,8050.0,1916,0.0,0.0
2023-09-04 14:00:00+09:00,8050.0,8050.0,7990.0,8030.0,4696,0.0,0.0
2023-09-05 09:00:00+09:00,8060.0,8090.0,8010.0,8030.0,4421,0.0,0.0
2023-09-05 10:00:00+09:00,8050.0,8120.0,8050.0,8090.0,9233,0.0,0.0
2023-09-05 11:00:00+09:00,8100.0,8100.0,8040.0,8050.0,3537,0.0,0.0
2023-09-05 12:00:00+09:00,8050.0,8100.0,8050.0,8070.0,2235,0.0,0.0
2023-09-05 13:00:00+09:00,8070.0,8080.0,8050.0,8060.0,2370,0.0,0.0
2023-09-05 14:00:00+09:00,8050.0,8070.0,8020.0,8040.0,6757,0.0,0.0
2023-09-06 09:00:00+09:00,8070.0,8090.0,8020.0,8040.0,10295,0.0,0.0
2023-09-06 10:00:00+09:00,8080.0,8100.0,8040.0,8060.0,7257,0.0,0.0
2023-09-06 11:00:00+09:00,8080.0,8090.0,8010.0,8070.0,14078,0.0,0.0
2023-09-06 12:00:00+09:00,8070.0,8080.0,8040.0,8060.0,1553,0.0,0.0
2023-09-06 13:00:00+09:00,8070.0,8080.0,7990.0,7990.0,16306,0.0,0.0
2023-09-06 14:00:00+09:00,8030.0,8060.0,7990.0,8030.0,7095,0.0,0.0
2023-09-07 09:00:00+09:00,8020.0,8030.0,7850.0,7860.0,14482,0.0,0.0
2023-09-07 10:00:00+09:00,7860.0,7880.0,7800.0,7830.0,22896,0.0,0.0
2023-09-07 11:00:00+09:00,7830.0,7850.0,7800.0,7800.0,8874,0.0,0.0
2023-09-07 12:00:00+09:00,7800.0,7840.0,7790.0,7840.0,2932,0.0,0.0
2023-09-07 13:00:00+09:00,7810.0,7840.0,7800.0,7810.0,12650,0.0,0.0
2023-09-07 14:00:00+09:00,7810.0,7840.0,7790.0,7800.0,15866,0.0,0.0
2023-09-08 09:00:00+09:00,7800.0,7840.0,7700.0,7760.0,14072,0.0,0.0
2023-09-08 10:00:00+09:00,7760.0,7760.0,7700.0,7740.0,9397,0.0,0.0
2023-09-08 11:00:00+09:00,7760.0,7760.0,7710.0,7720.0,4645,0.0,0.0
2023-09-08 12:00:00+09:00,7740.0,7780.0,7710.0,7730.0,5794,0.0,0.0
2023-09-08 13:00:00+09:00,7730.0,7800.0,7710.0,7760.0,6921,0.0,0.0
2023-09-08 14:00:00+09:00,7760.0,7810.0,7750.0,7800.0,4375,0.0,0.0
2023-09-11 09:00:00+09:00,7780.0,7860.0,7770.0,7790.0,0,0.0,0.0
2023-09-11 10:00:00+09:00,7840.0,7850.0,7780.0,7830.0,11475,0.0,0.0
2023-09-11 11:00:00+09:00,7830.0,7930.0,7790.0,7880.0,19583,0.0,0.0
2023-09-11 12:00:00+09:00,7870.0,7920.0,7860.0,7900.0,16787,0.0,0.0
2023-09-11 13:00:00+09:00,7900.0,8020.0,7870.0,8000.0,36218,0.0,0.0
2023-09-11 14:00:00+09:00,8000.0,8050.0,7910.0,7930.0,22153,0.0,0.0
2023-09-12 09:00:00+09:00,8020.0,8020.0,7850.0,7930.0,17558,0.0,0.0
2023-09-12 10:00:00+09:00,7930.0,7950.0,7790.0,7820.0,13158,0.0,0.0
2023-09-12 11:00:00+09:00,7800.0,7850.0,7750.0,7810.0,21663,0.0,0.0
2023-09-12 12:00:00+09:00,7810.0,7810.0,7760.0,7800.0,4813,0.0,0.0
2023-09-12 13:00:00+09:00,7800.0,7800.0,7740.0,7760.0,16260,0.0,0.0
2023-09-12 14:00:00+09:00,7760.0,7790.0,7730.0,7770.0,11002,0.0,0.0
2023-09-13 09:00:00+09:00,7730.0,7750.0,7680.0,7750.0,7224,0.0,0.0
2023-09-13 10:00:00+09:00,7750.0,7750.0,7670.0,7670.0,9873,0.0,0.0
2023-09-13 11:00:00+09:00,7700.0,7700.0,7590.0,7650.0,16229,0.0,0.0
2023-09-13 12:00:00+09:00,7610.0,7700.0,7580.0,7590.0,7678,0.0,0.0
2023-09-13 13:00:00+09:00,7630.0,7630.0,7560.0,7620.0,6480,0.0,0.0
2023-09-13 14:00:00+09:00,7620.0,7630.0,7580.0,7600.0,8497,0.0,0.0
2023-09-14 09:00:00+09:00,7550.0,7700.0,7550.0,7650.0,17737,0.0,0.0
2023-09-14 10:00:00+09:00,7650.0,7650.0,7600.0,7610.0,5367,0.0,0.0
2023-09-14 11:00:00+09:00,7610.0,7670.0,7600.0,7610.0,5721,0.0,0.0
2023-09-14 12:00:00+09:00,7620.0,7640.0,7600.0,7620.0,4053,0.0,0.0
2023-09-14 13:00:00+09:00,7620.0,7650.0,7610.0,7630.0,2405,0.0,0.0
2023-09-14 14:00:00+09:00,7630.0,7650.0,7610.0,7640.0,4839,0.0,0.0
2023-09-15 09:00:00+09:00,7620.0,7780.0,7620.0,7730.0,0,0.0,0.0
2023-09-15 10:00:00+09:00,7730.0,7750.0,7690.0,7710.0,17603,0.0,0.0
2023-09-15 11:00:00+09:00,7710.0,7720.0,7690.0,7700.0,1803,0.0,0.0
2023-09-15 12:00:00+09:00,7690.0,7800.0,7670.0,7750.0,10718,0.0,0.0
2023-09-15 13:00:00+09:00,7750.0,7750.0,7640.0,7700.0,5981,0.0,0.0
2023-09-15 14:00:00+09:00,7700.0,7710.0,7660.0,7700.0,8271,0.0,0.0
2023-09-18 09:00:00+09:00,7700.0,7730.0,7610.0,7610.0,0,0.0,0.0
2023-09-18 10:00:00+09:00,7610.0,7660.0,7610.0,7640.0,4492,0.0,0.0
2023-09-18 11:00:00+09:00,7640.0,7660.0,7630.0,7660.0,2206,0.0,0.0
2023-09-18 12:00:00+09:00,7660.0,7660.0,7630.0,7630.0,3344,0.0,0.0
2023-09-18 13:00:00+09:00,7630.0,7640.0,7620.0,7630.0,0,0.0,0.0
2023-09-18 14:00:00+09:00,7630.0,7630.0,7600.0,7620.0,34915,0.0,0.0
2023-09-19 09:00:00+09:00,7550.0,7660.0,7550.0,7600.0,7058,0.0,0.0
2023-09-19 10:00:00+09:00,7600.0,7620.0,7580.0,7610.0,3713,0.0,0.0
2023-09-19 11:00:00+09:00,7610.0,7620.0,7570.0,7580.0,11315,0.0,0.0
2023-09-19 12:00:00+09:00,7580.0,7610.0,7540.0,7580.0,16969,0.0,0.0
2023-09-19 13:00:00+09:00,7580.0,7580.0,7550.0,7560.0,8171,0.0,0.0
2023-09-19 14:00:00+09:00,7550.0,7590.0,7540.0,7570.0,8346,0.0,0.0
2023-09-20 09:00:00+09:00,7600.0,7700.0,7530.0,7550.0,8519,0.0,0.0
2023-09-20 10:00:00+09:00,7540.0,7550.0,7440.0,7480.0,23171,0.0,0.0
2023-09-20 11:00:00+09:00,7480.0,7490.0,7440.0,7460.0,9097,0.0,0.0
2023-09-20 12:00:00+09:00,7460.0,7470.0,7440.0,7440.0,3240,0.0,0.0
2023-09-20 13:00:00+09:00,7440.0,7460.0,7390.0,7400.0,17168,0.0,0.0
2023-09-20 14:00:00+09:00,7400.0,7440.0,7390.0,7400.0,4995,0.0,0.0
2023-09-21 09:00:00+09:00,7640.0,7640.0,7470.0,7500.0,10990,0.0,0.0
2023-09-21 10:00:00+09:00,7500.0,7520.0,7450.0,7480.0,8067,0.0,0.0
2023-09-21 11:00:00+09:00,7490.0,7490.0,7360.0,7370.0,12137,0.0,0.0
2023-09-21 12:00:00+09:00,7390.0,7410.0,7370.0,7380.0,5000,0.0,0.0
2023-09-21 13:00:00+09:00,7380.0,7410.0,7370.0,7410.0,3377,0.0,0.0
2023-09-21 14:00:00+09:00,7400.0,7420.0,7380.0,7400.0,9637,0.0,0.0
2023-09-22 09:00:00+09:00,7270.0,7300.0,7190.0,7280.0,21033,0.0,0.0
2023-09-22 10:00:00+09:00,7270.0,7300.0,7220.0,7300.0,3641,0.0,0.0
2023-09-22 11:00:00+09:00,7300.0,7310.0,7250.0,7270.0,3587,0.0,0.0
2023-09-22 12:00:00+09:00,7270.0,7300.0,7240.0,7280.0,2239,0.0,0.0
2023-09-22 13:00:00+09:00,7280.0,7290.0,7240.0,7250.0,3015,0.0,0.0
2023-09-22 14:00:00+09:00,7250.0,7250.0,7070.0,7090.0,32626,0.0,0.0
2023-09-25 09:00:00+09:00,7020.0,7170.0,7020.0,7060.0,0,0.0,0.0
2023-09-25 10:00:00+09:00,7050.0,7060.0,7000.0,7000.0,9209,0.0,0.0
2023-09-25 11:00:00+09:00,7000.0,7030.0,6990.0,6990.0,6782,0.0,0.0
2023-09-25 12:00:00+09:00,7000.0,7030.0,6950.0,6980.0,4423,0.0,0.0
2023-09-25 13:00:00+09:00,6980.0,7030.0,6950.0,7030.0,11610,0.0,0.0
2023-09-25 14:00:00+09:00,7000.0,7100.0,6960.0,7100.0,9629,0.0,0.0
2023-09-26 09:00:00+09:00,7120.0,7200.0,7030.0,7050.0,5918,0.0,0.0
2023-09-26 10:00:00+09:00,7030.0,7050.0,6990.0,7040.0,10610,0.0,0.0
2023-09-26 11:00:00+09:00,7040.0,7040.0,6980.0,7000.0,2532,0.0,0.0
2023-09-26 12:00:00+09:00,6980.0,7040.0,6950.0,7000.0,10123,0.0,0.0
2023-09-26 13:00:00+09:00,7030.0,7030.0,6940.0,6960.0,31951,0.0,0.0
2023-09-26 14:00:00+09:00,6980.0,7000.0,6940.0,6970.0,3929,0.0,0.0
2023-09-27 09:00:00+09:00,6900.0,7030.0,6900.0,6950.0,0,0.0,0.0
2023-09-27 10:00:00+09:00,6940.0,7000.0,6930.0,6990.0,16962,0.0,0.0
2023-09-27 11:00:00+09:00,6990.0,7000.0,6980.0,6980.0,1520,0.0,0.0
2023-09-27 12:00:00+09:00,6980.0,7000.0,6960.0,6980.0,2701,0.0,0.0
2023-09-27 13:00:00+09:00,7000.0,7080.0,7000.0,7070.0,2491,0.0,0.0
2023-09-27 14:00:00+09:00,7070.0,7100.0,7030.0,7100.0,4737,0.0,0.0
2023-10-04 09:00:00+09:00,6950.0,7000.0,6870.0,6900.0,0,0.0,0.0
2023-10-04 10:00:00+09:00,6900.0,6910.0,6850.0,6900.0,8665,0.0,0.0
2023-10-04 11:00:00+09:00,6880.0,6900.0,6830.0,6900.0,4139,0.0,0.0
2023-10-04 12:00:00+09:00,6850.0,6910.0,6850.0,6880.0,10261,0.0,0.0
2023-10-04 13:00:00+09:00,6880.0,6900.0,6850.0,6900.0,4719,0.0,0.0
2023-10-04 14:00:00+09:00,6900.0,6900.0,6820.0,6820.0,8522,0.0,0.0
2023-10-05 09:00:00+09:00,6820.0,6870.0,6740.0,6770.0,8529,0.0,0.0
2023-10-05 10:00:00+09:00,6760.0,6840.0,6760.0,6840.0,3658,0.0,0.0
2023-10-05 11:00:00+09:00,6820.0,6840.0,6760.0,6820.0,2072,0.0,0.0
2023-10-05 12:00:00+09:00,6820.0,6820.0,6770.0,6770.0,1693,0.0,0.0
2023-10-05 13:00:00+09:00,6780.0,6810.0,6780.0,6790.0,2745,0.0,0.0
2023-10-05 14:00:00+09:00,6780.0,6800.0,6730.0,6750.0,9866,0.0,0.0
2023-10-06 09:00:00+09:00,6630.0,6810.0,6630.0,6790.0,10673,0.0,0.0
2023-10-06 10:00:00+09:00,6800.0,6840.0,6600.0,6810.0,7744,0.0,0.0
2023-10-06 11:00:00+09:00,6810.0,6840.0,6790.0,6820.0,1754,0.0,0.0
2023-10-06 12:00:00+09:00,6820.0,6890.0,6820.0,6890.0,6059,0.0,0.0
2023-10-06 13:00:00+09:00,6890.0,6900.0,6780.0,6780.0,3679,0.0,0.0
2023-10-06 14:00:00+09:00,6790.0,6840.0,6770.0,6790.0,1255,0.0,0.0
2023-10-10 09:00:00+09:00,6770.0,6900.0,6770.0,6890.0,0,0.0,0.0
2023-10-10 10:00:00+09:00,6870.0,8080.0,6870.0,7940.0,484111,0.0,0.0
2023-10-10 11:00:00+09:00,7940.0,8100.0,7790.0,7910.0,226970,0.0,0.0
2023-10-10 12:00:00+09:00,7900.0,8470.0,7840.0,8100.0,508498,0.0,0.0
2023-10-10 13:00:00+09:00,8110.0,8870.0,8100.0,8500.0,2935601,0.0,0.0
2023-10-10 14:00:00+09:00,8500.0,8870.0,8320.0,8870.0,2403273,0.0,0.0
2023-10-11 09:00:00+09:00,8910.0,9180.0,8700.0,8890.0,2343355,0.0,0.0
2023-10-11 10:00:00+09:00,8890.0,9310.0,8790.0,9280.0,939464,0.0,0.0
2023-10-11 11:00:00+09:00,9280.0,9450.0,8950.0,9120.0,1786549,0.0,0.0
2023-10-11 12:00:00+09:00,9110.0,9380.0,9010.0,9150.0,955079,0.0,0.0
2023-10-11 13:00:00+09:00,9150.0,9230.0,9050.0,9120.0,298071,0.0,0.0
2023-10-11 14:00:00+09:00,9130.0,9330.0,9060.0,9200.0,578670,0.0,0.0
2023-10-12 09:00:00+09:00,9980.0,10790.0,9490.0,9570.0,5378856,0.0,0.0
2023-10-12 10:00:00+09:00,9560.0,9680.0,9410.0,9560.0,343613,0.0,0.0
2023-10-12 11:00:00+09:00,9540.0,9630.0,9450.0,9580.0,113452,0.0,0.0
2023-10-12 12:00:00+09:00,9580.0,9620.0,9510.0,9580.0,70226,0.0,0.0
2023-10-12 13:00:00+09:00,9580.0,9600.0,9470.0,9520.0,132803,0.0,0.0
2023-10-12 14:00:00+09:00,9520.0,9620.0,9430.0,9560.0,193192,0.0,0.0
2023-10-13 09:00:00+09:00,9690.0,10170.0,9660.0,9860.0,2199234,0.0,0.0
2023-10-13 10:00:00+09:00,9860.0,9910.0,9540.0,9540.0,442157,0.0,0.0
2023-10-13 11:00:00+09:00,9540.0,9900.0,9370.0,9820.0,505215,0.0,0.0
2023-10-13 12:00:00+09:00,9820.0,10300.0,9750.0,9930.0,2581422,0.0,0.0
2023-10-13 13:00:00+09:00,9930.0,10550.0,9840.0,10250.0,1997548,0.0,0.0
2023-10-13 14:00:00+09:00,10250.0,10360.0,9930.0,10060.0,877627,0.0,0.0
2023-10-16 09:00:00+09:00,10330.0,10500.0,9960.0,10000.0,0,0.0,0.0
2023-10-16 10:00:00+09:00,10000.0,10000.0,9700.0,9900.0,397278,0.0,0.0
2023-10-16 11:00:00+09:00,9890.0,10240.0,9870.0,10130.0,383717,0.0,0.0
2023-10-16 12:00:00+09:00,10160.0,10360.0,9900.0,9940.0,664860,0.0,0.0
2023-10-16 13:00:00+09:00,9940.0,10200.0,9630.0,9930.0,680870,0.0,0.0
2023-10-16 14:00:00+09:00,9960.0,10040.0,8310.0,8510.0,844926,0.0,0.0
2023-10-17 09:00:00+09:00,9090.0,9420.0,8930.0,9200.0,920717,0.0,0.0
2023-10-17 10:00:00+09:00,9060.0,9370.0,9020.0,9180.0,299343,0.0,0.0
2023-10-17 11:00:00+09:00,9180.0,9300.0,9100.0,9150.0,128276,0.0,0.0
2023-10-17 12:00:00+09:00,9150.0,9190.0,9080.0,9140.0,60694,0.0,0.0
2023-10-17 13:00:00+09:00,9140.0,9150.0,8950.0,8990.0,107524,0.0,0.0
2023-10-17 14:00:00+09:00,8990.0,9230.0,8760.0,8870.0,240585,0.0,0.0
2023-10-18 09:00:00+09:00,9020.0,9250.0,8590.0,8920.0,791733,0.0,0.0
2023-10-18 10:00:00+09:00,8920.0,8950.0,8670.0,8750.0,200608,0.0,0.0
2023-10-18 11:00:00+09:00,8750.0,8840.0,8450.0,8470.0,174953,0.0,0.0
2023-10-18 12:00:00+09:00,8480.0,8580.0,8370.0,8510.0,112356,0.0,0.0
2023-10-18 13:00:00+09:00,8510.0,9030.0,8500.0,8660.0,378655,0.0,0.0
2023-10-18 14:00:00+09:00,8670.0,9130.0,8610.0,8830.0,666562,0.0,0.0
2023-10-19 09:00:00+09:00,8780.0,9390.0,8510.0,9200.0,1831840,0.0,0.0
2023-10-19 10:00:00+09:00,9200.0,10090.0,8850.0,9910.0,4319847,0.0,0.0
2023-10-19 11:00:00+09:00,9910.0,10280.0,9560.0,9890.0,3640705,0.0,0.0
2023-10-19 12:00:00+09:00,9890.0,10000.0,9440.0,9590.0,1057231,0.0,0.0
2023-10-19 13:00:00+09:00,9600.0,9800.0,9410.0,9690.0,779452,0.0,0.0
2023-10-19 14:00:00+09:00,9690.0,9740.0,9220.0,9240.0,539259,0.0,0.0
2023-10-20 09:00:00+09:00,9770.0,9780.0,8910.0,9090.0,1075637,0.0,0.0
2023-10-20 10:00:00+09:00,9040.0,9220.0,8840.0,8930.0,333351,0.0,0.0
2023-10-20 11:00:00+09:00,8920.0,9060.0,8810.0,8820.0,197353,0.0,0.0
2023-10-20 12:00:00+09:00,8840.0,8840.0,8420.0,8590.0,316614,0.0,0.0
2023-10-20 13:00:00+09:00,8570.0,8610.0,8380.0,8390.0,308601,0.0,0.0
2023-10-20 14:00:00+09:00,8390.0,8410.0,8210.0,8350.0,208141,0.0,0.0
2023-10-23 09:00:00+09:00,8320.0,8530.0,8050.0,8170.0,0,0.0,0.0
2023-10-23 10:00:00+09:00,8160.0,8230.0,8020.0,8100.0,142921,0.0,0.0
2023-10-23 11:00:00+09:00,8110.0,8140.0,7880.0,7960.0,112029,0.0,0.0
2023-10-23 12:00:00+09:00,7960.0,7980.0,7830.0,7850.0,103860,0.0,0.0
2023-10-23 13:00:00+09:00,7850.0,7870.0,7560.0,7700.0,261274,0.0,0.0
2023-10-23 14:00:00+09:00,7710.0,7970.0,7600.0,7840.0,280463,0.0,0.0
2023-10-24 09:00:00+09:00,7530.0,7620.0,6910.0,6920.0,450674,0.0,0.0
2023-10-24 10:00:00+09:00,6910.0,6980.0,6790.0,6840.0,227527,0.0,0.0
2023-10-24 11:00:00+09:00,6850.0,6930.0,6800.0,6800.0,102106,0.0,0.0
2023-10-24 12:00:00+09:00,6810.0,6890.0,6800.0,6860.0,70621,0.0,0.0
2023-10-24 13:00:00+09:00,6860.0,7030.0,6860.0,7020.0,69679,0.0,0.0
2023-10-24 14:00:00+09:00,7020.0,7280.0,7000.0,7190.0,168958,0.0,0.0
2023-10-25 09:00:00+09:00,7030.0,7440.0,7030.0,7320.0,244240,0.0,0.0
2023-10-25 10:00:00+09:00,7320.0,7440.0,7260.0,7410.0,109983,0.0,0.0
2023-10-25 11:00:00+09:00,7410.0,7710.0,7410.0,7520.0,282532,0.0,0.0
2023-10-25 12:00:00+09:00,7520.0,7660.0,7420.0,7420.0,76354,0.0,0.0
2023-10-25 13:00:00+09:00,7420.0,7490.0,7390.0,7470.0,39929,0.0,0.0
2023-10-25 14:00:00+09:00,7460.0,7500.0,7320.0,7330.0,75527,0.0,0.0
2023-10-26 09:00:00+09:00,7220.0,7380.0,6700.0,6750.0,300290,0.0,0.0
2023-10-26 10:00:00+09:00,6750.0,6950.0,6750.0,6880.0,53577,0.0,0.0
2023-10-26 11:00:00+09:00,6880.0,6900.0,6750.0,6780.0,62080,0.0,0.0
2023-10-26 12:00:00+09:00,6750.0,6840.0,6740.0,6760.0,35766,0.0,0.0
2023-10-26 13:00:00+09:00,6760.0,6990.0,6720.0,6900.0,99505,0.0,0.0
2023-10-26 14:00:00+09:00,6900.0,7060.0,6830.0,6880.0,137285,0.0,0.0
2023-10-27 09:00:00+09:00,6790.0,6840.0,6590.0,6600.0,156555,0.0,0.0
2023-10-27 10:00:00+09:00,6600.0,6760.0,6570.0,6740.0,39884,0.0,0.0
2023-10-27 11:00:00+09:00,6720.0,6880.0,6720.0,6840.0,45946,0.0,0.0
2023-10-27 12:00:00+09:00,6840.0,6840.0,6660.0,6660.0,44879,0.0,0.0
2023-10-27 13:00:00+09:00,6660.0,6790.0,6620.0,6720.0,25518,0.0,0.0
2023-10-27 14:00:00+09:00,6720.0,6950.0,6630.0,6820.0,81012,0.0,0.0
2023-10-30 09:00:00+09:00,6780.0,6930.0,6670.0,6880.0,0,0.0,0.0
2023-10-30 10:00:00+09:00,6890.0,7110.0,6880.0,7060.0,141451,0.0,0.0
2023-10-30 11:00:00+09:00,7050.0,7310.0,7040.0,7310.0,140725,0.0,0.0
2023-10-30 12:00:00+09:00,7320.0,7330.0,7040.0,7060.0,83620,0.0,0.0
2023-10-30 13:00:00+09:00,7070.0,7150.0,7040.0,7120.0,40410,0.0,0.0
2023-10-30 14:00:00+09:00,7120.0,7230.0,7100.0,7130.0,52700,0.0,0.0
2023-10-31 09:00:00+09:00,7030.0,7210.0,6940.0,7050.0,159446,0.0,0.0
2023-10-31 10:00:00+09:00,7050.0,7170.0,6980.0,7000.0,106707,0.0,0.0
2023-10-31 11:00:00+09:00,7010.0,7840.0,7000.0,7460.0,1807946,0.0,0.0
2023-10-31 12:00:00+09:00,7460.0,7480.0,6900.0,7050.0,406577,0.0,0.0
2023-10-31 13:00:00+09:00,7060.0,7070.0,6960.0,7020.0,58220,0.0,0.0
2023-10-31 14:00:00+09:00,7000.0,7020.0,6860.0,6860.0,122218,0.0,0.0
2023-11-01 09:00:00+09:00,6970.0,7220.0,6970.0,7140.0,212972,0.0,0.0
2023-11-01 10:00:00+09:00,7110.0,7140.0,6990.0,7010.0,48030,0.0,0.0
2023-11-01 11:00:00+09:00,7010.0,7120.0,7010.0,7070.0,18847,0.0,0.0
2023-11-01 12:00:00+09:00,7100.0,7110.0,7050.0,7090.0,17254,0.0,0.0
2023-11-01 13:00:00+09:00,7090.0,7090.0,7010.0,7030.0,24462,0.0,0.0
2023-11-01 14:00:00+09:00,7040.0,7040.0,6850.0,6860.0,78939,0.0,0.0
2023-11-02 09:00:00+09:00,6900.0,7040.0,6900.0,7020.0,87433,0.0,0.0
2023-11-02 10:00:00+09:00,7000.0,7060.0,6980.0,7050.0,29077,0.0,0.0
2023-11-02 11:00:00+09:00,7050.0,7120.0,6960.0,6990.0,106272,0.0,0.0
2023-11-02 12:00:00+09:00,6990.0,7020.0,6960.0,7010.0,22262,0.0,0.0
2023-11-02 13:00:00+09:00,7010.0,7040.0,6980.0,7010.0,21817,0.0,0.0
2023-11-02 14:00:00+09:00,7010.0,7030.0,6890.0,7010.0,70749,0.0,0.0
2023-11-03 09:00:00+09:00,7040.0,7110.0,6960.0,7000.0,102100,0.0,0.0
2023-11-03 10:00:00+09:00,7000.0,7070.0,6990.0,7050.0,32336,0.0,0.0
2023-11-03 11:00:00+09:00,7060.0,7140.0,7060.0,7130.0,47575,0.0,0.0
2023-11-03 12:00:00+09:00,7130.0,7160.0,7090.0,7130.0,18266,0.0,0.0
2023-11-03 13:00:00+09:00,7130.0,7160.0,7050.0,7120.0,42319,0.0,0.0
2023-11-03 14:00:00+09:00,7120.0,7140.0,7080.0,7100.0,17368,0.0,0.0
2023-11-06 09:00:00+09:00,7130.0,7200.0,6870.0,7140.0,0,0.0,0.0
2023-11-06 10:00:00+09:00,7100.0,7220.0,7070.0,7140.0,78356,0.0,0.0
2023-11-06 11:00:00+09:00,7140.0,7200.0,7030.0,7180.0,59899,0.0,0.0
2023-11-06 12:00:00+09:00,7180.0,7180.0,7100.0,7120.0,21047,0.0,0.0
2023-11-06 13:00:00+09:00,7120.0,7180.0,7110.0,7150.0,26724,0.0,0.0
2023-11-06 14:00:00+09:00,7150.0,7190.0,7130.0,7160.0,25486,0.0,0.0
2023-11-07 09:00:00+09:00,7220.0,7220.0,6960.0,7000.0,130060,0.0,0.0
2023-11-07 10:00:00+09:00,7000.0,7000.0,6910.0,6930.0,48703,0.0,0.0
2023-11-07 11:00:00+09:00,6930.0,6950.0,6850.0,6880.0,79415,0.0,0.0
2023-11-07 12:00:00+09:00,6880.0,6880.0,6770.0,6870.0,52494,0.0,0.0
2023-11-07 13:00:00+09:00,6870.0,6870.0,6830.0,6870.0,21532,0.0,0.0
2023-11-07 14:00:00+09:00,6870.0,6900.0,6810.0,6850.0,35785,0.0,0.0
2023-11-08 09:00:00+09:00,6890.0,6920.0,6810.0,6810.0,56063,0.0,0.0
2023-11-08 10:00:00+09:00,6810.0,6840.0,6770.0,6840.0,30433,0.0,0.0
2023-11-08 11:00:00+09:00,6840.0,6850.0,6790.0,6790.0,11643,0.0,0.0
2023-11-08 12:00:00+09:00,6790.0,6820.0,6750.0,6790.0,34667,0.0,0.0
2023-11-08 13:00:00+09:00,6780.0,6830.0,6760.0,6800.0,11595,0.0,0.0
2023-11-08 14:00:00+09:00,6800.0,6830.0,6740.0,6740.0,47019,0.0,0.0
2023-11-09 09:00:00+09:00,6780.0,6800.0,6670.0,6690.0,57657,0.0,0.0
2023-11-09 10:00:00+09:00,6690.0,6730.0,6650.0,6700.0,30150,0.0,0.0
2023-11-09 11:00:00+09:00,6700.0,6720.0,6670.0,6700.0,13339,0.0,0.0
2023-11-09 12:00:00+09:00,6690.0,6720.0,6680.0,6710.0,11925,0.0,0.0
2023-11-09 13:00:00+09:00,6710.0,6740.0,6650.0,6660.0,24039,0.0,0.0
2023-11-09 14:00:00+09:00,6650.0,6760.0,6650.0,6740.0,14299,0.0,0.0
2023-11-10 09:00:00+09:00,6750.0,6760.0,6600.0,6660.0,39223,0.0,0.0
2023-11-10 10:00:00+09:00,6660.0,6680.0,6620.0,6640.0,13040,0.0,0.0
2023-11-10 11:00:00+09:00,6650.0,6660.0,6620.0,6620.0,13699,0.0,0.0
2023-11-10 12:00:00+09:00,6610.0,6650.0,6600.0,6630.0,17314,0.0,0.0
2023-11-10 13:00:00+09:00,6630.0,6650.0,6600.0,6600.0,17213,0.0,0.0
2023-11-10 14:00:00+09:00,6610.0,6630.0,6600.0,6610.0,10341,0.0,0.0
2023-11-13 09:00:00+09:00,6620.0,6660.0,6400.0,6510.0,0,0.0,0.0
2023-11-13 10:00:00+09:00,6500.0,6570.0,6460.0,6470.0,29460,0.0,0.0
2023-11-13 11:00:00+09:00,6470.0,6520.0,6450.0,6470.0,23603,0.0,0.0
2023-11-13 12:00:00+09:00,6490.0,6490.0,6400.0,6440.0,21584,0.0,0.0
2023-11-13 13:00:00+09:00,6440.0,6440.0,6370.0,6380.0,44473,0.0,0.0
2023-11-13 14:00:00+09:00,6380.0,6430.0,6330.0,6340.0,43417,0.0,0.0
2023-11-14 09:00:00+09:00,6420.0,6480.0,6380.0,6460.0,33304,0.0,0.0
2023-11-14 10:00:00+09:00,6460.0,6510.0,6460.0,6490.0,25476,0.0,0.0
2023-11-14 11:00:00+09:00,6500.0,6500.0,6420.0,6450.0,10990,0.0,0.0
2023-11-14 12:00:00+09:00,6450.0,6510.0,6420.0,6500.0,16325,0.0,0.0
2023-11-14 13:00:00+09:00,6460.0,6490.0,6430.0,6450.0,6482,0.0,0.0
2023-11-14 14:00:00+09:00,6450.0,6510.0,6440.0,6500.0,11037,0.0,0.0
2023-11-15 09:00:00+09:00,6580.0,6660.0,6510.0,6630.0,43056,0.0,0.0
2023-11-15 10:00:00+09:00,6640.0,6670.0,6620.0,6650.0,15539,0.0,0.0
2023-11-15 11:00:00+09:00,6630.0,6690.0,6630.0,6670.0,21114,0.0,0.0
2023-11-15 12:00:00+09:00,6680.0,6720.0,6660.0,6660.0,20036,0.0,0.0
2023-11-15 13:00:00+09:00,6660.0,6710.0,6660.0,6680.0,6308,0.0,0.0
2023-11-15 14:00:00+09:00,6670.0,6690.0,6600.0,6620.0,32955,0.0,0.0
2023-11-16 10:00:00+09:00,6710.0,6760.0,6640.0,6640.0,42835,0.0,0.0
2023-11-16 11:00:00+09:00,6640.0,6680.0,6620.0,6660.0,16020,0.0,0.0
2023-11-16 12:00:00+09:00,6660.0,6680.0,6630.0,6640.0,6464,0.0,0.0
2023-11-16 13:00:00+09:00,6640.0,6680.0,6630.0,6650.0,10504,0.0,0.0
2023-11-16 14:00:00+09:00,6640.0,6670.0,6630.0,6660.0,8426,0.0,0.0
2023-11-17 09:00:00+09:00,6600.0,6660.0,6360.0,6390.0,78736,0.0,0.0
2023-11-17 10:00:00+09:00,6390.0,6400.0,6350.0,6370.0,25832,0.0,0.0
2023-11-17 11:00:00+09:00,6370.0,6390.0,6210.0,6260.0,119328,0.0,0.0
2023-11-17 12:00:00+09:00,6270.0,6320.0,6230.0,6300.0,28208,0.0,0.0
2023-11-17 13:00:00+09:00,6300.0,6320.0,6260.0,6290.0,22821,0.0,0.0
2023-11-17 14:00:00+09:00,6290.0,6310.0,6260.0,6280.0,19591,0.0,0.0
2023-11-20 09:00:00+09:00,6280.0,6410.0,6270.0,6370.0,0,0.0,0.0
2023-11-20 10:00:00+09:00,6370.0,6390.0,6340.0,6370.0,5351,0.0,0.0
2023-11-20 11:00:00+09:00,6350.0,6370.0,6310.0,6370.0,8579,0.0,0.0
2023-11-20 12:00:00+09:00,6370.0,6420.0,6330.0,6400.0,13421,0.0,0.0
2023-11-20 13:00:00+09:00,6400.0,6400.0,6370.0,6390.0,6876,0.0,0.0
2023-11-20 14:00:00+09:00,6390.0,6400.0,6370.0,6390.0,4968,0.0,0.0
2023-11-21 09:00:00+09:00,6400.0,6420.0,6330.0,6370.0,17725,0.0,0.0
2023-11-21 10:00:00+09:00,6390.0,6450.0,6390.0,6450.0,24652,0.0,0.0
2023-11-21 11:00:00+09:00,6430.0,6460.0,6410.0,6440.0,6004,0.0,0.0
2023-11-21 12:00:00+09:00,6410.0,6450.0,6410.0,6440.0,6207,0.0,0.0
2023-11-21 13:00:00+09:00,6440.0,6460.0,6410.0,6440.0,12223,0.0,0.0
2023-11-21 14:00:00+09:00,6440.0,6440.0,6400.0,6430.0,10677,0.0,0.0
2023-11-22 09:00:00+09:00,6410.0,6460.0,6350.0,6370.0,30813,0.0,0.0
2023-11-22 10:00:00+09:00,6370.0,6400.0,6360.0,6370.0,8798,0.0,0.0
2023-11-22 11:00:00+09:00,6370.0,6390.0,6340.0,6360.0,14076,0.0,0.0
2023-11-22 12:00:00+09:00,6360.0,6380.0,6360.0,6380.0,5633,0.0,0.0
2023-11-22 13:00:00+09:00,6380.0,6390.0,6350.0,6360.0,8116,0.0,0.0
2023-11-22 14:00:00+09:00,6380.0,6380.0,6350.0,6380.0,9922,0.0,0.0
2023-11-23 09:00:00+09:00,6330.0,6400.0,6320.0,6370.0,16875,0.0,0.0
2023-11-23 10:00:00+09:00,6370.0,6380.0,6350.0,6360.0,14499,0.0,0.0
2023-11-23 11:00:00+09:00,6350.0,6390.0,6340.0,6360.0,14368,0.0,0.0
2023-11-23 12:00:00+09:00,6360.0,6380.0,6330.0,6350.0,9508,0.0,0.0
2023-11-23 13:00:00+09:00,6350.0,6360.0,6310.0,6340.0,16291,0.0,0.0
2023-11-23 14:00:00+09:00,6340.0,6350.0,6320.0,6340.0,14830,0.0,0.0
2023-11-24 09:00:00+09:00,6420.0,6420.0,6320.0,6380.0,21582,0.0,0.0
2023-11-24 10:00:00+09:00,6370.0,6390.0,6340.0,6390.0,7882,0.0,0.0
2023-11-24 11:00:00+09:00,6390.0,6460.0,6370.0,6430.0,33028,0.0,0.0
2023-11-24 12:00:00+09:00,6440.0,6570.0,6420.0,6510.0,53821,0.0,0.0
2023-11-24 13:00:00+09:00,6510.0,6550.0,6480.0,6500.0,26936,0.0,0.0
2023-11-24 14:00:00+09:00,6500.0,6500.0,6450.0,6480.0,17710,0.0,0.0
2023-11-27 09:00:00+09:00,6510.0,6510.0,6430.0,6440.0,0,0.0,0.0
2023-11-27 10:00:00+09:00,6430.0,6480.0,6410.0,6430.0,13994,0.0,0.0
2023-11-27 11:00:00+09:00,6430.0,6440.0,6410.0,6410.0,7816,0.0,0.0
2023-11-27 12:00:00+09:00,6440.0,6440.0,6350.0,6360.0,22488,0.0,0.0
2023-11-27 13:00:00+09:00,6370.0,6420.0,6360.0,6380.0,6123,0.0,0.0
2023-11-27 14:00:00+09:00,6380.0,6410.0,6360.0,6380.0,6984,0.0,0.0
2023-11-28 09:00:00+09:00,6450.0,6450.0,6320.0,6380.0,10147,0.0,0.0
2023-11-28 10:00:00+09:00,6390.0,6390.0,6300.0,6350.0,26572,0.0,0.0
2023-11-28 11:00:00+09:00,6340.0,6350.0,6300.0,6330.0,16905,0.0,0.0
2023-11-28 12:00:00+09:00,6330.0,6350.0,6290.0,6310.0,18966,0.0,0.0
2023-11-28 13:00:00+09:00,6310.0,6310.0,6280.0,6300.0,30997,0.0,0.0
2023-11-28 14:00:00+09:00,6300.0,6320.0,6280.0,6310.0,18978,0.0,0.0
2023-11-29 09:00:00+09:00,6310.0,6380.0,6270.0,6310.0,20858,0.0,0.0
2023-11-29 10:00:00+09:00,6290.0,6390.0,6280.0,6360.0,20781,0.0,0.0
2023-11-29 11:00:00+09:00,6370.0,6370.0,6310.0,6330.0,5257,0.0,0.0
2023-11-29 12:00:00+09:00,6330.0,6340.0,6310.0,6340.0,2994,0.0,0.0
2023-11-29 13:00:00+09:00,6340.0,6700.0,6310.0,6370.0,137435,0.0,0.0
2023-11-29 14:00:00+09:00,6380.0,6400.0,6320.0,6400.0,63922,0.0,0.0
2023-11-30 09:00:00+09:00,6350.0,6470.0,6350.0,6430.0,36083,0.0,0.0
2023-11-30 10:00:00+09:00,6440.0,6520.0,6430.0,6450.0,19406,0.0,0.0
2023-11-30 11:00:00+09:00,6460.0,6500.0,6430.0,6440.0,12582,0.0,0.0
2023-11-30 12:00:00+09:00,6460.0,6470.0,6430.0,6460.0,14671,0.0,0.0
2023-11-30 13:00:00+09:00,6450.0,6480.0,6450.0,6460.0,2760,0.0,0.0
2023-11-30 14:00:00+09:00,6460.0,6470.0,6430.0,6440.0,11898,0.0,0.0
2023-12-01 09:00:00+09:00,6490.0,6490.0,6390.0,6420.0,18961,0.0,0.0
2023-12-01 10:00:00+09:00,6420.0,6440.0,6400.0,6440.0,3814,0.0,0.0
2023-12-01 11:00:00+09:00,6410.0,6450.0,6400.0,6450.0,3788,0.0,0.0
2023-12-01 12:00:00+09:00,6450.0,6450.0,6400.0,6410.0,16397,0.0,0.0
2023-12-01 13:00:00+09:00,6410.0,6440.0,6360.0,6370.0,14016,0.0,0.0
2023-12-01 14:00:00+09:00,6380.0,6500.0,6350.0,6390.0,32614,0.0,0.0
2023-12-04 09:00:00+09:00,6430.0,6430.0,6320.0,6350.0,0,0.0,0.0
2023-12-04 10:00:00+09:00,6350.0,6370.0,6320.0,6330.0,13140,0.0,0.0
2023-12-04 11:00:00+09:00,6330.0,6360.0,6320.0,6340.0,8584,0.0,0.0
2023-12-04 12:00:00+09:00,6350.0,6370.0,6330.0,6330.0,11488,0.0,0.0
2023-12-04 13:00:00+09:00,6350.0,6360.0,6330.0,6360.0,4597,0.0,0.0
2023-12-04 14:00:00+09:00,6360.0,6370.0,6330.0,6340.0,18489,0.0,0.0
2023-12-05 09:00:00+09:00,6250.0,6310.0,6150.0,6160.0,51093,0.0,0.0
2023-12-05 10:00:00+09:00,6160.0,6210.0,6150.0,6180.0,25898,0.0,0.0
2023-12-05 11:00:00+09:00,6180.0,6200.0,6170.0,6200.0,10816,0.0,0.0
2023-12-05 12:00:00+09:00,6210.0,6220.0,6170.0,6180.0,11428,0.0,0.0
2023-12-05 13:00:00+09:00,6210.0,6270.0,6160.0,6180.0,14789,0.0,0.0
2023-12-05 14:00:00+09:00,6180.0,6200.0,6150.0,6150.0,28936,0.0,0.0
2023-12-06 09:00:00+09:00,6140.0,6190.0,6140.0,6180.0,16351,0.0,0.0
2023-12-06 10:00:00+09:00,6180.0,6250.0,6180.0,6220.0,18833,0.0,0.0
2023-12-06 11:00:00+09:00,6220.0,6360.0,6190.0,6360.0,35301,0.0,0.0
2023-12-06 12:00:00+09:00,6360.0,6430.0,6330.0,6400.0,34911,0.0,0.0
2023-12-06 13:00:00+09:00,6390.0,6520.0,6380.0,6500.0,90538,0.0,0.0
2023-12-06 14:00:00+09:00,6500.0,6550.0,6490.0,6500.0,32836,0.0,0.0
2023-12-07 09:00:00+09:00,6530.0,6530.0,6420.0,6430.0,27714,0.0,0.0
2023-12-07 10:00:00+09:00,6440.0,6440.0,6320.0,6400.0,21275,0.0,0.0
2023-12-07 11:00:00+09:00,6390.0,6390.0,6350.0,6360.0,4721,0.0,0.0
2023-12-07 12:00:00+09:00,6360.0,6380.0,6330.0,6380.0,10761,0.0,0.0
2023-12-07 13:00:00+09:00,6380.0,6390.0,6360.0,6370.0,1826,0.0,0.0
2023-12-07 14:00:00+09:00,6380.0,6410.0,6350.0,6360.0,9874,0.0,0.0
2023-12-08 09:00:00+09:00,6430.0,6430.0,6300.0,6400.0,5068,0.0,0.0
2023-12-08 10:00:00+09:00,6400.0,6410.0,6330.0,6330.0,4300,0.0,0.0
2023-12-08 11:00:00+09:00,6330.0,6370.0,6320.0,6340.0,3820,0.0,0.0
2023-12-08 12:00:00+09:00,6330.0,6370.0,6310.0,6370.0,5303,0.0,0.0
2023-12-08 13:00:00+09:00,6370.0,6400.0,6340.0,6390.0,7031,0.0,0.0
2023-12-08 14:00:00+09:00,6390.0,6400.0,6340.0,6390.0,18102,0.0,0.0
2023-12-11 09:00:00+09:00,6360.0,6550.0,6360.0,6480.0,0,0.0,0.0
2023-12-11 10:00:00+09:00,6480.0,6700.0,6480.0,6600.0,103826,0.0,0.0
2023-12-11 11:00:00+09:00,6610.0,6690.0,6600.0,6650.0,22516,0.0,0.0
2023-12-11 12:00:00+09:00,6650.0,6650.0,6580.0,6620.0,19893,0.0,0.0
2023-12-11 13:00:00+09:00,6610.0,6690.0,6610.0,6670.0,20094,0.0,0.0
2023-12-11 14:00:00+09:00,6670.0,6670.0,6630.0,6630.0,18867,0.0,0.0
2023-12-12 09:00:00+09:00,6700.0,6870.0,6600.0,6800.0,96445,0.0,0.0
2023-12-12 10:00:00+09:00,6800.0,6920.0,6770.0,6850.0,69516,0.0,0.0
2023-12-12 11:00:00+09:00,6840.0,6850.0,6800.0,6810.0,17819,0.0,0.0
2023-12-12 12:00:00+09:00,6810.0,6890.0,6780.0,6880.0,45122,0.0,0.0
2023-12-12 13:00:00+09:00,6880.0,6900.0,6800.0,6820.0,20209,0.0,0.0
2023-12-12 14:00:00+09:00,6820.0,6850.0,6810.0,6820.0,9311,0.0,0.0
2023-12-13 09:00:00+09:00,6880.0,6950.0,6750.0,6750.0,70838,0.0,0.0
2023-12-13 10:00:00+09:00,6750.0,6830.0,6750.0,6830.0,15534,0.0,0.0
2023-12-13 11:00:00+09:00,6830.0,6850.0,6800.0,6820.0,10370,0.0,0.0
2023-12-13 12:00:00+09:00,6820.0,6820.0,6760.0,6770.0,11672,0.0,0.0
2023-12-13 13:00:00+09:00,6770.0,6770.0,6690.0,6710.0,23530,0.0,0.0
2023-12-13 14:00:00+09:00,6700.0,6740.0,6650.0,6690.0,15892,0.0,0.0
2023-12-14 09:00:00+09:00,6770.0,6800.0,6720.0,6760.0,35156,0.0,0.0
2023-12-14 10:00:00+09:00,6750.0,6770.0,6660.0,6680.0,24507,0.0,0.0
2023-12-14 11:00:00+09:00,6680.0,6720.0,6670.0,6680.0,6605,0.0,0.0
2023-12-14 12:00:00+09:00,6680.0,6700.0,6650.0,6700.0,8645,0.0,0.0
2023-12-14 13:00:00+09:00,6680.0,6690.0,6650.0,6660.0,5831,0.0,0.0
2023-12-14 14:00:00+09:00,6660.0,6670.0,6600.0,6600.0,15979,0.0,0.0
2023-12-15 09:00:00+09:00,6700.0,6880.0,6670.0,6780.0,61529,0.0,0.0
2023-12-15 10:00:00+09:00,6780.0,6780.0,6700.0,6710.0,11728,0.0,0.0
2023-12-15 11:00:00+09:00,6710.0,6750.0,6690.0,6720.0,14404,0.0,0.0
2023-12-15 12:00:00+09:00,6750.0,6770.0,6700.0,6730.0,10728,0.0,0.0
2023-12-15 13:00:00+09:00,6730.0,6750.0,6700.0,6720.0,14078,0.0,0.0
2023-12-15 14:00:00+09:00,6730.0,6730.0,6650.0,6700.0,22941,0.0,0.0
2023-12-18 09:00:00+09:00,6730.0,6780.0,6670.0,6770.0,0,0.0,0.0
2023-12-18 10:00:00+09:00,6770.0,6780.0,6650.0,6770.0,25836,0.0,0.0
2023-12-18 11:00:00+09:00,6780.0,6820.0,6770.0,6810.0,18164,0.0,0.0
2023-12-18 12:00:00+09:00,6810.0,6820.0,6750.0,6770.0,18547,0.0,0.0
2023-12-18 13:00:00+09:00,6770.0,6810.0,6730.0,6800.0,13147,0.0,0.0
2023-12-18 14:00:00+09:00,6800.0,6810.0,6770.0,6770.0,12551,0.0,0.0
2023-12-19 09:00:00+09:00,6760.0,6820.0,6580.0,6640.0,57956,0.0,0.0
2023-12-19 10:00:00+09:00,6640.0,6670.0,6620.0,6630.0,6439,0.0,0.0
2023-12-19 11:00:00+09:00,6650.0,6760.0,6640.0,6670.0,22549,0.0,0.0
2023-12-19 12:00:00+09:00,6670.0,6700.0,6620.0,6680.0,9231,0.0,0.0
2023-12-19 13:00:00+09:00,6640.0,6680.0,6630.0,6640.0,14895,0.0,0.0
2023-12-19 14:00:00+09:00,6650.0,6670.0,6620.0,6670.0,5452,0.0,0.0
2023-12-20 09:00:00+09:00,6700.0,6770.0,6650.0,6700.0,37950,0.0,0.0
2023-12-20 10:00:00+09:00,6700.0,6730.0,6670.0,6680.0,9114,0.0,0.0
2023-12-20 11:00:00+09:00,6680.0,6730.0,6670.0,6670.0,9274,0.0,0.0
2023-12-20 12:00:00+09:00,6670.0,6680.0,6650.0,6650.0,13533,0.0,0.0
2023-12-20 13:00:00+09:00,6650.0,6670.0,6630.0,6650.0,9962,0.0,0.0
2023-12-20 14:00:00+09:00,6650.0,6660.0,6580.0,6590.0,33706,0.0,0.0
2023-12-21 09:00:00+09:00,6580.0,6580.0,6420.0,6440.0,65579,0.0,0.0
2023-12-21 10:00:00+09:00,6440.0,6450.0,6370.0,6370.0,43334,0.0,0.0
2023-12-21 11:00:00+09:00,6370.0,6450.0,6370.0,6400.0,9091,0.0,0.0
2023-12-21 12:00:00+09:00,6400.0,6450.0,6390.0,6410.0,13826,0.0,0.0
2023-12-21 13:00:00+09:00,6410.0,6460.0,6400.0,6420.0,12598,0.0,0.0
2023-12-21 14:00:00+09:00,6420.0,6450.0,6390.0,6440.0,25913,0.0,0.0
2023-12-22 09:00:00+09:00,6440.0,6510.0,6420.0,6420.0,18317,0.0,0.0
2023-12-22 10:00:00+09:00,6420.0,6470.0,6410.0,6470.0,2842,0.0,0.0
2023-12-22 11:00:00+09:00,6470.0,6480.0,6450.0,6470.0,7639,0.0,0.0
2023-12-22 12:00:00+09:00,6480.0,6490.0,6460.0,6470.0,4862,0.0,0.0
2023-12-22 13:00:00+09:00,6460.0,6500.0,6460.0,6470.0,6264,0.0,0.0
2023-12-22 14:00:00+09:00,6480.0,6490.0,6460.0,6470.0,6927,0.0,0.0
2023-12-26 09:00:00+09:00,6400.0,6450.0,6380.0,6420.0,0,0.0,0.0
2023-12-26 10:00:00+09:00,6400.0,6460.0,6400.0,6430.0,7728,0.0,0.0
2023-12-26 11:00:00+09:00,6430.0,6450.0,6420.0,6420.0,858,0.0,0.0
2023-12-26 12:00:00+09:00,6420.0,6450.0,6420.0,6420.0,3250,0.0,0.0
2023-12-26 13:00:00+09:00,6440.0,6440.0,6340.0,6380.0,37038,0.0,0.0
2023-12-26 14:00:00+09:00,6360.0,6380.0,6330.0,6370.0,7674,0.0,0.0
2023-12-27 09:00:00+09:00,6390.0,6450.0,6360.0,6410.0,18995,0.0,0.0
2023-12-27 10:00:00+09:00,6430.0,6430.0,6390.0,6430.0,3696,0.0,0.0
2023-12-27 11:00:00+09:00,6430.0,6440.0,6400.0,6400.0,4339,0.0,0.0
2023-12-27 12:00:00+09:00,6420.0,6450.0,6400.0,6450.0,4466,0.0,0.0
2023-12-27 13:00:00+09:00,6430.0,6490.0,6420.0,6460.0,6513,0.0,0.0
2023-12-27 14:00:00+09:00,6460.0,6480.0,6440.0,6460.0,2319,0.0,0.0
2023-12-28 09:00:00+09:00,6440.0,6520.0,6400.0,6480.0,10549,0.0,0.0
2023-12-28 10:00:00+09:00,6480.0,6490.0,6450.0,6480.0,5766,0.0,0.0
2023-12-28 11:00:00+09:00,6470.0,6520.0,6470.0,6510.0,5573,0.0,0.0
2023-12-28 12:00:00+09:00,6510.0,6520.0,6480.0,6510.0,7538,0.0,0.0
2023-12-28 13:00:00+09:00,6490.0,6500.0,6470.0,6470.0,1932,0.0,0.0
2023-12-28 14:00:00+09:00,6470.0,6500.0,6450.0,6490.0,7935,0.0,0.0
2024-01-02 10:00:00+09:00,6510.0,6550.0,6490.0,6500.0,11450,0.0,0.0
2024-01-02 11:00:00+09:00,6490.0,6550.0,6480.0,6490.0,11964,0.0,0.0
2024-01-02 12:00:00+09:00,6490.0,6540.0,6480.0,6500.0,7060,0.0,0.0
2024-01-02 13:00:00+09:00,6500.0,6540.0,6490.0,6500.0,3900,0.0,0.0
2024-01-02 14:00:00+09:00,6500.0,6540.0,6500.0,6530.0,11953,0.0,0.0
2024-01-03 09:00:00+09:00,6550.0,6550.0,6440.0,6450.0,17840,0.0,0.0
2024-01-03 10:00:00+09:00,6440.0,6440.0,6380.0,6430.0,17569,0.0,0.0
2024-01-03 11:00:00+09:00,6440.0,6500.0,6440.0,6450.0,4479,0.0,0.0
2024-01-03 12:00:00+09:00,6450.0,6470.0,6410.0,6460.0,8231,0.0,0.0
2024-01-03 13:00:00+09:00,6460.0,6470.0,6430.0,6430.0,2481,0.0,0.0
2024-01-03 14:00:00+09:00,6430.0,6450.0,6420.0,6420.0,6434,0.0,0.0
2024-01-04 09:00:00+09:00,6430.0,6650.0,6430.0,6480.0,45362,0.0,0.0
2024-01-04 10:00:00+09:00,6480.0,6580.0,6470.0,6480.0,23533,0.0,0.0
2024-01-04 11:00:00+09:00,6490.0,6560.0,6470.0,6510.0,13660,0.0,0.0
2024-01-04 12:00:00+09:00,6510.0,6680.0,6490.0,6550.0,60093,0.0,0.0
2024-01-04 13:00:00+09:00,6550.0,6580.0,6510.0,6510.0,15334,0.0,0.0
2024-01-04 14:00:00+09:00,6510.0,6540.0,6470.0,6490.0,17716,0.0,0.0
2024-01-05 09:00:00+09:00,6490.0,6490.0,6360.0,6470.0,34572,0.0,0.0
2024-01-05 10:00:00+09:00,6470.0,6520.0,6430.0,6510.0,14609,0.0,0.0
2024-01-05 11:00:00+09:00,6500.0,6540.0,6480.0,6500.0,9681,0.0,0.0
2024-01-05 12:00:00+09:00,6500.0,6550.0,6490.0,6550.0,17409,0.0,0.0
2024-01-05 13:00:00+09:00,6540.0,6610.0,6490.0,6520.0,41683,0.0,0.0
2024-01-05 14:00:00+09:00,6510.0,6530.0,6440.0,6500.0,22129,0.0,0.0
2024-01-08 09:00:00+09:00,6500.0,6500.0,6400.0,6450.0,0,0.0,0.0
2024-01-08 10:00:00+09:00,6450.0,6490.0,6440.0,6450.0,5514,0.0,0.0
2024-01-08 11:00:00+09:00,6450.0,6490.0,6430.0,6480.0,14793,0.0,0.0
2024-01-08 12:00:00+09:00,6480.0,6520.0,6470.0,6470.0,12054,0.0,0.0
2024-01-08 13:00:00+09:00,6480.0,6500.0,6460.0,6470.0,2258,0.0,0.0
2024-01-08 14:00:00+09:00,6470.0,6480.0,6460.0,6470.0,5384,0.0,0.0
2024-01-09 09:00:00+09:00,6490.0,6530.0,6480.0,6520.0,9409,0.0,0.0
2024-01-09 10:00:00+09:00,6510.0,6540.0,6500.0,6540.0,13503,0.0,0.0
2024-01-09 11:00:00+09:00,6530.0,6570.0,6510.0,6520.0,18250,0.0,0.0
2024-01-09 12:00:00+09:00,6520.0,6570.0,6520.0,6570.0,6857,0.0,0.0
2024-01-09 13:00:00+09:00,6570.0,6630.0,6530.0,6560.0,30411,0.0,0.0
2024-01-09 14:00:00+09:00,6560.0,6560.0,6530.0,6530.0,10228,0.0,0.0
2024-01-10 09:00:00+09:00,6530.0,6600.0,6420.0,6430.0,40663,0.0,0.0
2024-01-10 10:00:00+09:00,6430.0,6480.0,6420.0,6460.0,10929,0.0,0.0
2024-01-10 11:00:00+09:00,6460.0,6480.0,6430.0,6450.0,8899,0.0,0.0
2024-01-10 12:00:00+09:00,6430.0,6450.0,6420.0,6440.0,4403,0.0,0.0
2024-01-10 13:00:00+09:00,6440.0,6450.0,6420.0,6440.0,7276,0.0,0.0
2024-01-10 14:00:00+09:00,6420.0,6440.0,6400.0,6420.0,29367,0.0,0.0
2024-01-11 09:00:00+09:00,6440.0,6540.0,6410.0,6500.0,25543,0.0,0.0
2024-01-11 10:00:00+09:00,6490.0,6500.0,6450.0,6480.0,4570,0.0,0.0
2024-01-11 11:00:00+09:00,6480.0,6530.0,6480.0,6530.0,9527,0.0,0.0
2024-01-11 12:00:00+09:00,6530.0,6540.0,6500.0,6530.0,4320,0.0,0.0
2024-01-11 13:00:00+09:00,6530.0,6540.0,6490.0,6510.0,8008,0.0,0.0
2024-01-11 14:00:00+09:00,6510.0,6530.0,6490.0,6510.0,4088,0.0,0.0
2024-01-12 09:00:00+09:00,6550.0,6690.0,6500.0,6540.0,73984,0.0,0.0
2024-01-12 10:00:00+09:00,6530.0,6550.0,6500.0,6550.0,10171,0.0,0.0
2024-01-12 11:00:00+09:00,6550.0,6570.0,6520.0,6550.0,7370,0.0,0.0
2024-01-12 12:00:00+09:00,6550.0,6550.0,6510.0,6540.0,7189,0.0,0.0
2024-01-12 13:00:00+09:00,6540.0,6550.0,6470.0,6480.0,14795,0.0,0.0
2024-01-12 14:00:00+09:00,6480.0,6480.0,6450.0,6470.0,11119,0.0,0.0
2024-01-15 09:00:00+09:00,6550.0,6550.0,6410.0,6460.0,0,0.0,0.0
2024-01-15 10:00:00+09:00,6460.0,6520.0,6450.0,6480.0,6721,0.0,0.0
2024-01-15 11:00:00+09:00,6460.0,6500.0,6450.0,6470.0,5483,0.0,0.0
2024-01-15 12:00:00+09:00,6470.0,6510.0,6460.0,6500.0,5356,0.0,0.0
2024-01-15 13:00:00+09:00,6490.0,6490.0,6440.0,6480.0,10405,0.0,0.0
2024-01-15 14:00:00+09:00,6460.0,6480.0,6420.0,6450.0,13183,0.0,0.0
2024-01-16 09:00:00+09:00,6480.0,6570.0,6450.0,6510.0,45367,0.0,0.0
2024-01-16 10:00:00+09:00,6500.0,7030.0,6490.0,6750.0,702180,0.0,0.0
2024-01-16 11:00:00+09:00,6750.0,6760.0,6660.0,6720.0,57490,0.0,0.0
2024-01-16 12:00:00+09:00,6710.0,6790.0,6700.0,6780.0,34272,0.0,0.0
2024-01-16 13:00:00+09:00,6770.0,6790.0,6640.0,6650.0,51650,0.0,0.0
2024-01-16 14:00:00+09:00,6650.0,6710.0,6630.0,6680.0,27911,0.0,0.0
2024-01-17 09:00:00+09:00,6730.0,6820.0,6630.0,6640.0,86427,0.0,0.0
2024-01-17 10:00:00+09:00,6630.0,6820.0,6600.0,6810.0,92298,0.0,0.0
2024-01-17 11:00:00+09:00,6790.0,6860.0,6740.0,6810.0,61253,0.0,0.0
2024-01-17 12:00:00+09:00,6800.0,6930.0,6790.0,6860.0,149221,0.0,0.0
2024-01-17 13:00:00+09:00,6870.0,7000.0,6780.0,6840.0,157652,0.0,0.0
2024-01-17 14:00:00+09:00,6830.0,7080.0,6820.0,7000.0,361649,0.0,0.0
2024-01-18 09:00:00+09:00,6940.0,7010.0,6710.0,6740.0,251771,0.0,0.0
2024-01-18 10:00:00+09:00,6750.0,6820.0,6740.0,6760.0,26538,0.0,0.0
2024-01-18 11:00:00+09:00,6780.0,6800.0,6730.0,6740.0,37491,0.0,0.0
2024-01-18 12:00:00+09:00,6740.0,6740.0,6710.0,6720.0,26415,0.0,0.0
2024-01-18 13:00:00+09:00,6720.0,6870.0,6710.0,6760.0,41387,0.0,0.0
2024-01-18 14:00:00+09:00,6760.0,6920.0,6750.0,6820.0,64795,0.0,0.0
2024-01-19 09:00:00+09:00,6810.0,6940.0,6750.0,6850.0,55480,0.0,0.0
2024-01-19 10:00:00+09:00,6850.0,6900.0,6800.0,6830.0,32150,0.0,0.0
2024-01-19 11:00:00+09:00,6830.0,6870.0,6810.0,6810.0,24638,0.0,0.0
2024-01-19 12:00:00+09:00,6820.0,6870.0,6800.0,6860.0,25583,0.0,0.0
2024-01-19 13:00:00+09:00,6850.0,6850.0,6760.0,6770.0,26869,0.0,0.0
2024-01-19 14:00:00+09:00,6760.0,6790.0,6620.0,6670.0,58164,0.0,0.0
2024-01-22 09:00:00+09:00,6660.0,6690.0,6490.0,6580.0,0,0.0,0.0
2024-01-22 10:00:00+09:00,6610.0,6610.0,6540.0,6590.0,9279,0.0,0.0
2024-01-22 11:00:00+09:00,6590.0,6640.0,6580.0,6630.0,10400,0.0,0.0
2024-01-22 12:00:00+09:00,6620.0,6630.0,6590.0,6630.0,2662,0.0,0.0
2024-01-22 13:00:00+09:00,6630.0,6630.0,6570.0,6620.0,12490,0.0,0.0
2024-01-22 14:00:00+09:00,6620.0,6630.0,6550.0,6570.0,13365,0.0,0.0
2024-01-23 09:00:00+09:00,6530.0,6620.0,6500.0,6560.0,28163,0.0,0.0
2024-01-23 10:00:00+09:00,6550.0,6610.0,6540.0,6590.0,15385,0.0,0.0
2024-01-23 11:00:00+09:00,6600.0,6650.0,6580.0,6630.0,11581,0.0,0.0
2024-01-23 12:00:00+09:00,6610.0,6620.0,6590.0,6590.0,6427,0.0,0.0
2024-01-23 13:00:00+09:00,6580.0,6630.0,6520.0,6550.0,26097,0.0,0.0
2024-01-23 14:00:00+09:00,6550.0,6600.0,6540.0,6590.0,11338,0.0,0.0
2024-01-24 09:00:00+09:00,6550.0,6580.0,6490.0,6500.0,20123,0.0,0.0
2024-01-24 10:00:00+09:00,6490.0,6520.0,6480.0,6490.0,16342,0.0,0.0
2024-01-24 11:00:00+09:00,6490.0,6510.0,6480.0,6500.0,8353,0.0,0.0
2024-01-24 12:00:00+09:00,6490.0,6510.0,6470.0,6490.0,7246,0.0,0.0
2024-01-24 13:00:00+09:00,6480.0,6500.0,6470.0,6500.0,5896,0.0,0.0
2024-01-24 14:00:00+09:00,6500.0,6510.0,6460.0,6490.0,10884,0.0,0.0
2024-01-25 09:00:00+09:00,6470.0,6470.0,6270.0,6360.0,66874,0.0,0.0
2024-01-25 10:00:00+09:00,6360.0,6360.0,6270.0,6270.0,16043,0.0,0.0
2024-01-25 11:00:00+09:00,6280.0,6310.0,6250.0,6290.0,17005,0.0,0.0
2024-01-25 12:00:00+09:00,6300.0,6340.0,6260.0,6340.0,4115,0.0,0.0
2024-01-25 13:00:00+09:00,6330.0,6350.0,6300.0,6350.0,11268,0.0,0.0
2024-01-25 14:00:00+09:00,6360.0,6370.0,6320.0,6330.0,2079,0.0,0.0
2024-01-26 09:00:00+09:00,6270.0,6420.0,6270.0,6360.0,18490,0.0,0.0
2024-01-26 10:00:00+09:00,6360.0,6400.0,6340.0,6390.0,7924,0.0,0.0
2024-01-26 11:00:00+09:00,6390.0,6400.0,6360.0,6360.0,3190,0.0,0.0
2024-01-26 12:00:00+09:00,6390.0,6420.0,6370.0,6380.0,3618,0.0,0.0
2024-01-26 13:00:00+09:00,6370.0,6380.0,6360.0,6380.0,2340,0.0,0.0
2024-01-26 14:00:00+09:00,6370.0,6400.0,6360.0,6390.0,2013,0.0,0.0
2024-01-29 09:00:00+09:00,6460.0,6460.0,6380.0,6420.0,0,0.0,0.0
2024-01-29 10:00:00+09:00,6420.0,6530.0,6410.0,6490.0,17838,0.0,0.0
2024-01-29 11:00:00+09:00,6500.0,6510.0,6470.0,6500.0,4618,0.0,0.0
2024-01-29 12:00:00+09:00,6500.0,6500.0,6420.0,6490.0,5125,0.0,0.0
2024-01-29 13:00:00+09:00,6490.0,6520.0,6430.0,6430.0,17807,0.0,0.0
2024-01-29 14:00:00+09:00,6430.0,6460.0,6420.0,6440.0,7067,0.0,0.0
2024-01-30 09:00:00+09:00,6410.0,6500.0,6410.0,6450.0,8853,0.0,0.0
2024-01-30 10:00:00+09:00,6450.0,6470.0,6400.0,6420.0,7945,0.0,0.0
2024-01-30 11:00:00+09:00,6430.0,6440.0,6310.0,6310.0,22918,0.0,0.0
2024-01-30 12:00:00+09:00,6310.0,6420.0,6310.0,6410.0,6790,0.0,0.0
2024-01-30 13:00:00+09:00,6370.0,6400.0,6330.0,6330.0,6631,0.0,0.0
2024-01-30 14:00:00+09:00,6340.0,6350.0,6320.0,6340.0,7197,0.0,0.0
2024-01-31 09:00:00+09:00,6360.0,6360.0,6270.0,6320.0,0,0.0,0.0
2024-01-31 10:00:00+09:00,6300.0,6320.0,6260.0,6300.0,19806,0.0,0.0
2024-01-31 11:00:00+09:00,6280.0,6310.0,6260.0,6270.0,3255,0.0,0.0
2024-01-31 12:00:00+09:00,6270.0,6300.0,6250.0,6250.0,11081,0.0,0.0
2024-01-31 13:00:00+09:00,6250.0,6280.0,6240.0,6260.0,7793,0.0,0.0
2024-01-31 14:00:00+09:00,6260.0,6280.0,6250.0,6260.0,10732,0.0,0.0
2024-02-01 09:00:00+09:00,6240.0,6300.0,6210.0,6250.0,12112,0.0,0.0
2024-02-01 10:00:00+09:00,6250.0,6300.0,6230.0,6240.0,2430,0.0,0.0
2024-02-01 11:00:00+09:00,6240.0,6280.0,6220.0,6260.0,8524,0.0,0.0
2024-02-01 12:00:00+09:00,6250.0,6300.0,6250.0,6290.0,2964,0.0,0.0
2024-02-01 13:00:00+09:00,6300.0,6300.0,6260.0,6300.0,5740,0.0,0.0
2024-02-01 14:00:00+09:00,6300.0,6300.0,6260.0,6270.0,2534,0.0,0.0
2024-02-02 09:00:00+09:00,6400.0,6400.0,6260.0,6290.0,12553,0.0,0.0
2024-02-02 10:00:00+09:00,6290.0,6320.0,6280.0,6310.0,6278,0.0,0.0
2024-02-02 11:00:00+09:00,6310.0,6310.0,6250.0,6290.0,14060,0.0,0.0
2024-02-02 12:00:00+09:00,6270.0,6320.0,6270.0,6300.0,3910,0.0,0.0
2024-02-02 13:00:00+09:00,6310.0,6310.0,6260.0,6270.0,8266,0.0,0.0
2024-02-02 14:00:00+09:00,6270.0,6300.0,6260.0,6300.0,6592,0.0,0.0
2024-02-05 09:00:00+09:00,6320.0,6400.0,6270.0,6320.0,0,0.0,0.0
2024-02-05 10:00:00+09:00,6320.0,6330.0,6290.0,6300.0,5170,0.0,0.0
2024-02-05 11:00:00+09:00,6300.0,6330.0,6290.0,6300.0,2583,0.0,0.0
2024-02-05 12:00:00+09:00,6300.0,6320.0,6290.0,6310.0,2448,0.0,0.0
2024-02-05 13:00:00+09:00,6310.0,6330.0,6290.0,6330.0,5534,0.0,0.0
2024-02-05 14:00:00+09:00,6320.0,6320.0,6270.0,6280.0,3369,0.0,0.0
2024-02-06 09:00:00+09:00,6310.0,6350.0,6230.0,6240.0,0,0.0,0.0
2024-02-06 10:00:00+09:00,6240.0,6280.0,6240.0,6240.0,13261,0.0,0.0
2024-02-06 11:00:00+09:00,6280.0,6280.0,6250.0,6280.0,842,0.0,0.0
2024-02-06 12:00:00+09:00,6270.0,6320.0,6260.0,6310.0,1227,0.0,0.0
2024-02-06 13:00:00+09:00,6300.0,6310.0,6250.0,6300.0,3012,0.0,0.0
2024-02-06 14:00:00+09:00,6280.0,6300.0,6260.0,6290.0,2602,0.0,0.0
2024-02-07 09:00:00+09:00,6280.0,6350.0,6280.0,6310.0,9957,0.0,0.0
2024-02-07 10:00:00+09:00,6310.0,6340.0,6290.0,6340.0,6072,0.0,0.0
2024-02-07 11:00:00+09:00,6330.0,6350.0,6300.0,6340.0,4974,0.0,0.0
2024-02-07 12:00:00+09:00,6340.0,6340.0,6300.0,6300.0,4070,0.0,0.0
2024-02-07 13:00:00+09:00,6300.0,6310.0,6280.0,6290.0,4941,0.0,0.0
2024-02-07 14:00:00+09:00,6290.0,6310.0,6280.0,6310.0,11119,0.0,0.0
2024-02-08 09:00:00+09:00,6300.0,6370.0,6270.0,6300.0,16218,0.0,0.0
2024-02-08 10:00:00+09:00,6290.0,6320.0,6270.0,6300.0,4740,0.0,0.0
2024-02-08 11:00:00+09:00,6300.0,6330.0,6300.0,6310.0,4003,0.0,0.0
2024-02-08 12:00:00+09:00,6320.0,6350.0,6310.0,6340.0,5998,0.0,0.0
2024-02-08 13:00:00+09:00,6350.0,6360.0,6320.0,6320.0,3779,0.0,0.0
2024-02-08 14:00:00+09:00,6330.0,6340.0,6300.0,6320.0,3901,0.0,0.0
2024-02-13 09:00:00+09:00,6310.0,6400.0,6310.0,6400.0,0,0.0,0.0
2024-02-13 10:00:00+09:00,6390.0,6430.0,6370.0,6400.0,18123,0.0,0.0
2024-02-13 11:00:00+09:00,6400.0,6430.0,6390.0,6410.0,4436,0.0,0.0
2024-02-13 12:00:00+09:00,6410.0,6440.0,6400.0,6430.0,7161,0.0,0.0
2024-02-13 13:00:00+09:00,6420.0,6430.0,6400.0,6420.0,1272,0.0,0.0
2024-02-13 14:00:00+09:00,6410.0,6430.0,6380.0,6400.0,6904,0.0,0.0
2024-02-14 09:00:00+09:00,6340.0,6410.0,6320.0,6400.0,18342,0.0,0.0
2024-02-14 10:00:00+09:00,6400.0,6410.0,6370.0,6400.0,3468,0.0,0.0
2024-02-14 11:00:00+09:00,6400.0,6420.0,6400.0,6400.0,4059,0.0,0.0
2024-02-14 12:00:00+09:00,6400.0,6440.0,6380.0,6410.0,7630,0.0,0.0
2024-02-14 13:00:00+09:00,6440.0,6460.0,6420.0,6450.0,7001,0.0,0.0
2024-02-14 14:00:00+09:00,6460.0,6460.0,6420.0,6440.0,2396,0.0,0.0
2024-02-15 09:00:00+09:00,6450.0,6520.0,6450.0,6470.0,15399,0.0,0.0
2024-02-15 10:00:00+09:00,6470.0,6470.0,6400.0,6400.0,13179,0.0,0.0
2024-02-15 11:00:00+09:00,6410.0,6430.0,6400.0,6420.0,2712,0.0,0.0
2024-02-15 12:00:00+09:00,6420.0,6450.0,6400.0,6450.0,3380,0.0,0.0
2024-02-15 13:00:00+09:00,6450.0,6450.0,6400.0,6430.0,6383,0.0,0.0
2024-02-15 14:00:00+09:00,6430.0,6430.0,6400.0,6410.0,6408,0.0,0.0
2024-02-16 09:00:00+09:00,6420.0,6490.0,6400.0,6440.0,18670,0.0,0.0
2024-02-16 10:00:00+09:00,6440.0,6440.0,6400.0,6430.0,3618,0.0,0.0
2024-02-16 11:00:00+09:00,6430.0,6430.0,6400.0,6410.0,2726,0.0,0.0
2024-02-16 12:00:00+09:00,6410.0,6420.0,6380.0,6400.0,4876,0.0,0.0
2024-02-16 13:00:00+09:00,6400.0,6430.0,6390.0,6430.0,3475,0.0,0.0
2024-02-16 14:00:00+09:00,6420.0,6430.0,6400.0,6420.0,3525,0.0,0.0
2024-02-19 09:00:00+09:00,6410.0,6470.0,6370.0,6430.0,0,0.0,0.0
2024-02-19 10:00:00+09:00,6450.0,6490.0,6420.0,6460.0,9061,0.0,0.0
2024-02-19 11:00:00+09:00,6490.0,6490.0,6430.0,6460.0,4503,0.0,0.0
2024-02-19 12:00:00+09:00,6450.0,6510.0,6450.0,6490.0,10584,0.0,0.0
2024-02-19 13:00:00+09:00,6490.0,6500.0,6470.0,6480.0,2387,0.0,0.0
2024-02-19 14:00:00+09:00,6480.0,6490.0,6440.0,6440.0,5306,0.0,0.0
2024-02-20 09:00:00+09:00,6430.0,6540.0,6430.0,6470.0,5875,0.0,0.0
2024-02-20 10:00:00+09:00,6440.0,6500.0,6440.0,6480.0,12442,0.0,0.0
2024-02-20 11:00:00+09:00,6450.0,6460.0,6430.0,6460.0,2682,0.0,0.0
2024-02-20 12:00:00+09:00,6460.0,6470.0,6450.0,6460.0,1393,0.0,0.0
2024-02-20 13:00:00+09:00,6460.0,6470.0,6450.0,6460.0,818,0.0,0.0
2024-02-20 14:00:00+09:00,6460.0,6470.0,6440.0,6440.0,4905,0.0,0.0
2024-02-21 09:00:00+09:00,6410.0,6520.0,6410.0,6430.0,13073,0.0,0.0
2024-02-21 10:00:00+09:00,6440.0,6480.0,6430.0,6450.0,5991,0.0,0.0
2024-02-21 11:00:00+09:00,6450.0,6470.0,6440.0,6460.0,1128,0.0,0.0
2024-02-21 12:00:00+09:00,6460.0,6470.0,6390.0,6400.0,16391,0.0,0.0
2024-02-21 13:00:00+09:00,6400.0,6420.0,6370.0,6400.0,10050,0.0,0.0
2024-02-21 14:00:00+09:00,6400.0,6400.0,6360.0,6380.0,7958,0.0,0.0
2024-02-22 09:00:00+09:00,6350.0,6380.0,6300.0,6360.0,26428,0.0,0.0
2024-02-22 10:00:00+09:00,6360.0,6380.0,6350.0,6350.0,5504,0.0,0.0
2024-02-22 11:00:00+09:00,6350.0,6360.0,6320.0,6320.0,6566,0.0,0.0
2024-02-22 12:00:00+09:00,6320.0,6360.0,6310.0,6340.0,4688,0.0,0.0
2024-02-22 13:00:00+09:00,6340.0,6370.0,6340.0,6340.0,3510,0.0,0.0
2024-02-22 14:00:00+09:00,6340.0,6360.0,6330.0,6330.0,7900,0.0,0.0
2024-02-23 09:00:00+09:00,6330.0,6370.0,6180.0,6230.0,40404,0.0,0.0
2024-02-23 10:00:00+09:00,6230.0,6270.0,6190.0,6230.0,9480,0.0,0.0
2024-02-23 11:00:00+09:00,6230.0,6240.0,6200.0,6210.0,9257,0.0,0.0
2024-02-23 12:00:00+09:00,6210.0,6210.0,6170.0,6180.0,19190,0.0,0.0
2024-02-23 13:00:00+09:00,6180.0,6200.0,6170.0,6190.0,9393,0.0,0.0
2024-02-23 14:00:00+09:00,6180.0,6200.0,6160.0,6170.0,17789,0.0,0.0
2024-02-26 09:00:00+09:00,6190.0,6260.0,6170.0,6220.0,0,0.0,0.0
2024-02-26 10:00:00+09:00,6220.0,6250.0,6200.0,6220.0,6517,0.0,0.0
2024-02-26 11:00:00+09:00,6220.0,6250.0,6210.0,6250.0,4697,0.0,0.0
2024-02-26 12:00:00+09:00,6250.0,6270.0,6220.0,6260.0,2870,0.0,0.0
2024-02-26 13:00:00+09:00,6250.0,6270.0,6220.0,6220.0,2824,0.0,0.0
2024-02-26 14:00:00+09:00,6220.0,6240.0,6210.0,6230.0,897,0.0,0.0
2024-02-27 09:00:00+09:00,6180.0,6220.0,6100.0,6130.0,33850,0.0,0.0
2024-02-27 10:00:00+09:00,6130.0,6160.0,6120.0,6120.0,8462,0.0,0.0
2024-02-27 11:00:00+09:00,6120.0,6150.0,6110.0,6120.0,7439,0.0,0.0
2024-02-27 12:00:00+09:00,6110.0,6110.0,5970.0,5990.0,38585,0.0,0.0
2024-02-27 13:00:00+09:00,5990.0,6140.0,5930.0,6000.0,47356,0.0,0.0
2024-02-27 14:00:00+09:00,6000.0,6050.0,6000.0,6030.0,13393,0.0,0.0
2024-02-28 09:00:00+09:00,6080.0,6190.0,6080.0,6150.0,2723,0.0,0.0
2024-02-28 10:00:00+09:00,6130.0,6130.0,6070.0,6100.0,7056,0.0,0.0
2024-02-28 11:00:00+09:00,6080.0,6100.0,6070.0,6100.0,2267,0.0,0.0
2024-02-28 12:00:00+09:00,6070.0,6090.0,6060.0,6090.0,2218,0.0,0.0
2024-02-28 13:00:00+09:00,6080.0,6100.0,6080.0,6090.0,3403,0.0,0.0
2024-02-28 14:00:00+09:00,6090.0,6100.0,6070.0,6080.0,5644,0.0,0.0
2024-02-29 09:00:00+09:00,6160.0,6160.0,6030.0,6070.0,10968,0.0,0.0
2024-02-29 10:00:00+09:00,6080.0,6130.0,6060.0,6070.0,3907,0.0,0.0
2024-02-29 11:00:00+09:00,6080.0,6120.0,6070.0,6080.0,1417,0.0,0.0
2024-02-29 12:00:00+09:00,6090.0,6100.0,6070.0,6100.0,1743,0.0,0.0
2024-02-29 13:00:00+09:00,6090.0,6100.0,6070.0,6080.0,2946,0.0,0.0
2024-02-29 14:00:00+09:00,6080.0,6080.0,6040.0,6060.0,5907,0.0,0.0
2024-03-04 09:00:00+09:00,6010.0,6080.0,6010.0,6060.0,0,0.0,0.0
2024-03-04 10:00:00+09:00,6050.0,6050.0,6000.0,6040.0,10782,0.0,0.0
2024-03-04 11:00:00+09:00,6000.0,6040.0,6000.0,6010.0,1095,0.0,0.0
2024-03-04 12:00:00+09:00,6010.0,6040.0,6010.0,6020.0,2912,0.0,0.0
2024-03-04 13:00:00+09:00,6010.0,6040.0,6010.0,6040.0,1279,0.0,0.0
2024-03-04 14:00:00+09:00,6040.0,6040.0,6000.0,6030.0,7159,0.0,0.0
2024-03-05 09:00:00+09:00,6050.0,6060.0,5900.0,5940.0,25295,0.0,0.0
2024-03-05 10:00:00+09:00,5940.0,5950.0,5820.0,5850.0,44735,0.0,0.0
2024-03-05 11:00:00+09:00,5850.0,5890.0,5840.0,5860.0,7962,0.0,0.0
2024-03-05 12:00:00+09:00,5860.0,5940.0,5860.0,5920.0,11587,0.0,0.0
2024-03-05 13:00:00+09:00,5920.0,5930.0,5870.0,5890.0,3676,0.0,0.0
2024-03-05 14:00:00+09:00,5890.0,5890.0,5860.0,5860.0,14057,0.0,0.0
2024-03-06 09:00:00+09:00,5820.0,5900.0,5800.0,5890.0,3866,0.0,0.0
2024-03-06 10:00:00+09:00,5890.0,5900.0,5840.0,5870.0,7151,0.0,0.0
2024-03-06 11:00:00+09:00,5870.0,5870.0,5800.0,5820.0,10954,0.0,0.0
2024-03-06 12:00:00+09:00,5820.0,5850.0,5810.0,5830.0,2939,0.0,0.0
2024-03-06 13:00:00+09:00,5840.0,5840.0,5810.0,5820.0,6031,0.0,0.0
2024-03-06 14:00:00+09:00,5830.0,5840.0,5810.0,5820.0,2712,0.0,0.0
2024-03-07 09:00:00+09:00,5830.0,5900.0,5780.0,5810.0,12400,0.0,0.0
2024-03-07 10:00:00+09:00,5820.0,5880.0,5800.0,5850.0,8675,0.0,0.0
2024-03-07 11:00:00+09:00,5840.0,5880.0,5820.0,5840.0,2330,0.0,0.0
2024-03-07 12:00:00+09:00,5860.0,5860.0,5810.0,5820.0,9252,0.0,0.0
2024-03-07 13:00:00+09:00,5820.0,5860.0,5800.0,5840.0,7422,0.0,0.0
2024-03-07 14:00:00+09:00,5840.0,5870.0,5840.0,5850.0,2335,0.0,0.0
2024-03-08 09:00:00+09:00,5860.0,5950.0,5810.0,5880.0,7520,0.0,0.0
2024-03-08 10:00:00+09:00,5880.0,5890.0,5860.0,5880.0,1935,0.0,0.0
2024-03-08 11:00:00+09:00,5880.0,5890.0,5830.0,5880.0,6612,0.0,0.0
2024-03-08 12:00:00+09:00,5860.0,5870.0,5830.0,5830.0,2837,0.0,0.0
2024-03-08 13:00:00+09:00,5830.0,5840.0,5820.0,5830.0,4338,0.0,0.0
2024-03-08 14:00:00+09:00,5830.0,5840.0,5820.0,5820.0,5744,0.0,0.0
2024-03-11 09:00:00+09:00,5790.0,5800.0,5570.0,5790.0,19189,0.0,0.0
2024-03-11 10:00:00+09:00,5790.0,5840.0,5750.0,5800.0,11954,0.0,0.0
2024-03-11 11:00:00+09:00,5800.0,5850.0,5780.0,5830.0,8867,0.0,0.0
2024-03-11 12:00:00+09:00,5840.0,5880.0,5830.0,5860.0,5894,0.0,0.0
2024-03-11 13:00:00+09:00,5860.0,5860.0,5780.0,5810.0,5643,0.0,0.0
2024-03-11 14:00:00+09:00,5810.0,5840.0,5750.0,5780.0,3619,0.0,0.0
2024-03-12 09:00:00+09:00,5800.0,5830.0,5730.0,5760.0,10535,0.0,0.0
2024-03-12 10:00:00+09:00,5760.0,5780.0,5750.0,5770.0,4303,0.0,0.0
2024-03-12 11:00:00+09:00,5780.0,5780.0,5750.0,5770.0,9150,0.0,0.0
2024-03-12 12:00:00+09:00,5770.0,5880.0,5760.0,5860.0,11149,0.0,0.0
2024-03-12 13:00:00+09:00,5830.0,5850.0,5810.0,5850.0,4067,0.0,0.0
2024-03-12 14:00:00+09:00,5840.0,5850.0,5820.0,5820.0,2251,0.0,0.0
2024-03-13 09:00:00+09:00,5870.0,5870.0,5750.0,5800.0,8337,0.0,0.0
2024-03-13 10:00:00+09:00,5790.0,5790.0,5760.0,5790.0,3560,0.0,0.0
2024-03-13 11:00:00+09:00,5780.0,5790.0,5770.0,5790.0,4592,0.0,0.0
2024-03-13 12:00:00+09:00,5790.0,5830.0,5780.0,5800.0,4607,0.0,0.0
2024-03-13 13:00:00+09:00,5800.0,5820.0,5600.0,5740.0,30308,0.0,0.0
2024-03-13 14:00:00+09:00,5760.0,5800.0,5740.0,5780.0,1845,0.0,0.0
2024-03-14 09:00:00+09:00,5790.0,5800.0,5720.0,5750.0,6345,0.0,0.0
2024-03-14 10:00:00+09:00,5710.0,5730.0,5640.0,5680.0,9772,0.0,0.0
2024-03-14 11:00:00+09:00,5690.0,5710.0,5670.0,5700.0,6306,0.0,0.0
2024-03-14 12:00:00+09:00,5690.0,5700.0,5650.0,5670.0,11374,0.0,0.0
2024-03-14 13:00:00+09:00,5660.0,5710.0,5660.0,5680.0,5621,0.0,0.0
2024-03-14 14:00:00+09:00,5680.0,5720.0,5680.0,5720.0,1981,0.0,0.0
2024-03-15 09:00:00+09:00,5650.0,5700.0,5590.0,5640.0,13666,0.0,0.0
2024-03-15 10:00:00+09:00,5640.0,5640.0,5600.0,5640.0,1717,0.0,0.0
2024-03-15 11:00:00+09:00,5630.0,5650.0,5610.0,5640.0,1999,0.0,0.0
2024-03-15 12:00:00+09:00,5640.0,5650.0,5590.0,5600.0,6735,0.0,0.0
2024-03-15 13:00:00+09:00,5600.0,5630.0,5580.0,5610.0,2471,0.0,0.0
2024-03-15 14:00:00+09:00,5600.0,5630.0,5600.0,5620.0,6474,0.0,0.0
2024-03-18 09:00:00+09:00,5620.0,5750.0,5610.0,5650.0,0,0.0,0.0
2024-03-18 10:00:00+09:00,5680.0,5690.0,5650.0,5690.0,1296,0.0,0.0
2024-03-18 11:00:00+09:00,5690.0,5690.0,5650.0,5680.0,324,0.0,0.0
2024-03-18 12:00:00+09:00,5660.0,5690.0,5640.0,5670.0,6628,0.0,0.0
2024-03-18 13:00:00+09:00,5690.0,6170.0,5660.0,5820.0,94998,0.0,0.0
2024-03-18 14:00:00+09:00,5820.0,5900.0,5800.0,5850.0,20373,0.0,0.0
2024-03-19 09:00:00+09:00,5890.0,5910.0,5740.0,5860.0,22584,0.0,0.0
2024-03-19 10:00:00+09:00,5850.0,5850.0,5780.0,5780.0,3377,0.0,0.0
2024-03-19 11:00:00+09:00,5780.0,5840.0,5780.0,5820.0,1262,0.0,0.0
2024-03-19 12:00:00+09:00,5820.0,5820.0,5760.0,5780.0,3388,0.0,0.0
2024-03-19 13:00:00+09:00,5760.0,5820.0,5760.0,5810.0,4566,0.0,0.0
2024-03-19 14:00:00+09:00,5800.0,5800.0,5750.0,5790.0,7345,0.0,0.0
2024-03-20 09:00:00+09:00,5810.0,5850.0,5740.0,5840.0,4428,0.0,0.0
2024-03-20 10:00:00+09:00,5830.0,5850.0,5790.0,5810.0,4428,0.0,0.0
2024-03-20 11:00:00+09:00,5830.0,5830.0,5760.0,5790.0,3745,0.0,0.0
2024-03-20 12:00:00+09:00,5770.0,5800.0,5750.0,5770.0,2299,0.0,0.0
2024-03-20 13:00:00+09:00,5770.0,5800.0,5750.0,5750.0,2715,0.0,0.0
2024-03-20 14:00:00+09:00,5750.0,5780.0,5750.0,5760.0,4911,0.0,0.0
2024-03-21 09:00:00+09:00,5770.0,5880.0,5750.0,5840.0,9430,0.0,0.0
2024-03-21 10:00:00+09:00,5840.0,5920.0,5810.0,5850.0,20868,0.0,0.0
2024-03-21 11:00:00+09:00,5870.0,5920.0,5850.0,5860.0,2814,0.0,0.0
2024-03-21 12:00:00+09:00,5860.0,5870.0,5820.0,5830.0,4699,0.0,0.0
2024-03-21 13:00:00+09:00,5830.0,5860.0,5830.0,5830.0,2769,0.0,0.0
2024-03-21 14:00:00+09:00,5830.0,5850.0,5810.0,5850.0,5129,0.0,0.0
2024-03-22 09:00:00+09:00,5870.0,5900.0,5830.0,5900.0,3207,0.0,0.0
2024-03-22 10:00:00+09:00,5860.0,5900.0,5800.0,5840.0,11412,0.0,0.0
2024-03-22 11:00:00+09:00,5830.0,5850.0,5790.0,5830.0,3008,0.0,0.0
2024-03-22 12:00:00+09:00,5830.0,5850.0,5800.0,5820.0,1383,0.0,0.0
2024-03-22 13:00:00+09:00,5850.0,5850.0,5800.0,5800.0,4762,0.0,0.0
2024-03-22 14:00:00+09:00,5820.0,5860.0,5800.0,5830.0,1055,0.0,0.0
2024-03-25 09:00:00+09:00,5800.0,5830.0,5740.0,5740.0,0,0.0,0.0
2024-03-25 10:00:00+09:00,5760.0,5820.0,5750.0,5820.0,6669,0.0,0.0
2024-03-25 11:00:00+09:00,5830.0,5840.0,5790.0,5790.0,4344,0.0,0.0
2024-03-25 12:00:00+09:00,5800.0,5800.0,5780.0,5800.0,2339,0.0,0.0
2024-03-25 13:00:00+09:00,5780.0,5780.0,5750.0,5760.0,3646,0.0,0.0
2024-03-25 14:00:00+09:00,5760.0,5840.0,5740.0,5790.0,7547,0.0,0.0
2024-03-26 09:00:00+09:00,5820.0,5850.0,5770.0,5810.0,5219,0.0,0.0
2024-03-26 10:00:00+09:00,5850.0,5850.0,5810.0,5810.0,35,0.0,0.0
2024-03-26 11:00:00+09:00,5810.0,5840.0,5790.0,5810.0,2831,0.0,0.0
2024-03-26 12:00:00+09:00,5810.0,5810.0,5760.0,5760.0,5582,0.0,0.0
2024-03-26 13:00:00+09:00,5760.0,5770.0,5750.0,5750.0,4366,0.0,0.0
2024-03-26 14:00:00+09:00,5770.0,5800.0,5750.0,5800.0,4179,0.0,0.0
2024-03-27 09:00:00+09:00,5800.0,5870.0,5780.0,5800.0,5722,0.0,0.0
2024-03-27 10:00:00+09:00,5800.0,5820.0,5780.0,5810.0,1871,0.0,0.0
2024-03-27 11:00:00+09:00,5790.0,5900.0,5760.0,5850.0,21368,0.0,0.0
2024-03-27 12:00:00+09:00,5840.0,5840.0,5750.0,5800.0,9978,0.0,0.0
2024-03-27 13:00:00+09:00,5790.0,5800.0,5770.0,5800.0,2134,0.0,0.0
2024-03-27 14:00:00+09:00,5780.0,5800.0,5760.0,5800.0,1984,0.0,0.0
2024-03-28 09:00:00+09:00,5810.0,5830.0,5780.0,5800.0,3824,0.0,0.0
2024-03-28 10:00:00+09:00,5800.0,5800.0,5750.0,5750.0,9235,0.0,0.0
2024-03-28 11:00:00+09:00,5760.0,5760.0,5690.0,5700.0,5285,0.0,0.0
2024-03-28 12:00:00+09:00,5700.0,5740.0,5690.0,5700.0,5274,0.0,0.0
2024-03-28 13:00:00+09:00,5700.0,5720.0,5600.0,5710.0,38505,0.0,0.0
2024-03-28 14:00:00+09:00,5680.0,5710.0,5630.0,5640.0,5077,0.0,0.0
2024-03-29 09:00:00+09:00,5630.0,5710.0,5600.0,5680.0,5165,0.0,0.0
2024-03-29 10:00:00+09:00,5680.0,5680.0,5590.0,5630.0,7820,0.0,0.0
2024-03-29 11:00:00+09:00,5600.0,5610.0,5450.0,5490.0,37628,0.0,0.0
2024-03-29 12:00:00+09:00,5460.0,5490.0,5450.0,5460.0,10755,0.0,0.0
2024-03-29 13:00:00+09:00,5490.0,5520.0,5470.0,5510.0,4265,0.0,0.0
2024-03-29 14:00:00+09:00,5510.0,5510.0,5470.0,5470.0,11501,0.0,0.0
2024-04-01 09:00:00+09:00,5500.0,5570.0,5450.0,5550.0,0,0.0,0.0
2024-04-01 10:00:00+09:00,5540.0,5600.0,5530.0,5580.0,6405,0.0,0.0
2024-04-01 11:00:00+09:00,5580.0,5580.0,5550.0,5560.0,4065,0.0,0.0
2024-04-01 12:00:00+09:00,5560.0,5620.0,5540.0,5600.0,10220,0.0,0.0
2024-04-01 13:00:00+09:00,5590.0,5600.0,5580.0,5600.0,4435,0.0,0.0
2024-04-01 14:00:00+09:00,5600.0,5640.0,5590.0,5620.0,8630,0.0,0.0
2024-04-02 09:00:00+09:00,5640.0,5640.0,5490.0,5500.0,14616,0.0,0.0
2024-04-02 10:00:00+09:00,5490.0,5520.0,5480.0,5500.0,6943,0.0,0.0
2024-04-02 11:00:00+09:00,5500.0,5530.0,5480.0,5530.0,4169,0.0,0.0
2024-04-02 12:00:00+09:00,5530.0,5540.0,5510.0,5540.0,3242,0.0,0.0
2024-04-02 13:00:00+09:00,5520.0,5560.0,5510.0,5560.0,4627,0.0,0.0
2024-04-02 14:00:00+09:00,5540.0,5560.0,5500.0,5560.0,5907,0.0,0.0
2024-04-03 09:00:00+09:00,5660.0,5980.0,5450.0,5570.0,112191,0.0,0.0
2024-04-03 10:00:00+09:00,5580.0,5580.0,5540.0,5550.0,6317,0.0,0.0
2024-04-03 11:00:00+09:00,5550.0,5560.0,5520.0,5550.0,4416,0.0,0.0
2024-04-03 12:00:00+09:00,5550.0,5570.0,5470.0,5570.0,15906,0.0,0.0
2024-04-03 13:00:00+09:00,5570.0,5600.0,5510.0,5560.0,2456,0.0,0.0
2024-04-03 14:00:00+09:00,5580.0,5580.0,5540.0,5550.0,3965,0.0,0.0
2024-04-04 09:00:00+09:00,5570.0,5610.0,5530.0,5550.0,6745,0.0,0.0
2024-04-04 10:00:00+09:00,5560.0,5600.0,5520.0,5570.0,7696,0.0,0.0
2024-04-04 11:00:00+09:00,5530.0,5570.0,5510.0,5510.0,5913,0.0,0.0
2024-04-04 12:00:00+09:00,5520.0,5540.0,5500.0,5510.0,3534,0.0,0.0
2024-04-04 13:00:00+09:00,5510.0,5540.0,5510.0,5520.0,4826,0.0,0.0
2024-04-04 14:00:00+09:00,5530.0,5560.0,5500.0,5520.0,5359,0.0,0.0
2024-04-05 09:00:00+09:00,5600.0,5700.0,5570.0,5570.0,27841,0.0,0.0
2024-04-05 10:00:00+09:00,5570.0,5600.0,5490.0,5490.0,14766,0.0,0.0
2024-04-05 11:00:00+09:00,5480.0,5510.0,5480.0,5510.0,2731,0.0,0.0
2024-04-05 12:00:00+09:00,5510.0,5540.0,5490.0,5490.0,1607,0.0,0.0
2024-04-05 13:00:00+09:00,5490.0,5530.0,5470.0,5490.0,5113,0.0,0.0
2024-04-05 14:00:00+09:00,5490.0,5520.0,5460.0,5500.0,5572,0.0,0.0
2024-04-08 09:00:00+09:00,5470.0,5550.0,5470.0,5520.0,0,0.0,0.0
2024-04-08 10:00:00+09:00,5520.0,5520.0,5470.0,5520.0,11575,0.0,0.0
2024-04-08 11:00:00+09:00,5490.0,5520.0,5480.0,5480.0,3145,0.0,0.0
2024-04-08 12:00:00+09:00,5480.0,5540.0,5420.0,5440.0,14528,0.0,0.0
2024-04-08 13:00:00+09:00,5440.0,5460.0,5350.0,5400.0,22669,0.0,0.0
2024-04-08 14:00:00+09:00,5380.0,5400.0,5350.0,5390.0,9045,0.0,0.0
2024-04-09 09:00:00+09:00,5350.0,5400.0,5350.0,5380.0,7058,0.0,0.0
2024-04-09 10:00:00+09:00,5380.0,5390.0,5350.0,5350.0,10905,0.0,0.0
2024-04-09 11:00:00+09:00,5360.0,5390.0,5330.0,5380.0,6158,0.0,0.0
2024-04-09 12:00:00+09:00,5370.0,5380.0,5350.0,5370.0,1378,0.0,0.0
2024-04-09 13:00:00+09:00,5370.0,5390.0,5360.0,5390.0,6511,0.0,0.0
2024-04-09 14:00:00+09:00,5400.0,5400.0,5360.0,5360.0,3415,0.0,0.0
2024-04-11 09:00:00+09:00,5260.0,5400.0,5250.0,5280.0,0,0.0,0.0
2024-04-11 10:00:00+09:00,5290.0,5290.0,5250.0,5280.0,3027,0.0,0.0
2024-04-11 11:00:00+09:00,5280.0,5280.0,5240.0,5250.0,7286,0.0,0.0
2024-04-11 12:00:00+09:00,5250.0,5270.0,5130.0,5150.0,24001,0.0,0.0
2024-04-11 13:00:00+09:00,5150.0,5330.0,5150.0,5270.0,4219,0.0,0.0
2024-04-11 14:00:00+09:00,5240.0,5300.0,5230.0,5270.0,1260,0.0,0.0
2024-04-12 09:00:00+09:00,5160.0,5460.0,5160.0,5270.0,20844,0.0,0.0
2024-04-12 10:00:00+09:00,5270.0,5280.0,5220.0,5240.0,2233,0.0,0.0
2024-04-12 11:00:00+09:00,5240.0,5370.0,5210.0,5260.0,6836,0.0,0.0
2024-04-12 12:00:00+09:00,5250.0,5310.0,5220.0,5250.0,1764,0.0,0.0
2024-04-12 13:00:00+09:00,5250.0,5250.0,5200.0,5220.0,8248,0.0,0.0
2024-04-12 14:00:00+09:00,5210.0,5220.0,5140.0,5200.0,14360,0.0,0.0
2024-04-15 09:00:00+09:00,5500.0,5750.0,5350.0,5480.0,139247,0.0,0.0
2024-04-15 10:00:00+09:00,5480.0,5490.0,5370.0,5430.0,24062,0.0,0.0
2024-04-15 11:00:00+09:00,5430.0,5500.0,5380.0,5390.0,19363,0.0,0.0
2024-04-15 12:00:00+09:00,5390.0,5500.0,5390.0,5490.0,7616,0.0,0.0
2024-04-15 13:00:00+09:00,5490.0,5490.0,5320.0,5420.0,20624,0.0,0.0
2024-04-15 14:00:00+09:00,5410.0,5460.0,5310.0,5340.0,10588,0.0,0.0
2024-04-16 09:00:00+09:00,5360.0,5360.0,5220.0,5240.0,24900,0.0,0.0
2024-04-16 10:00:00+09:00,5250.0,6340.0,5210.0,5690.0,479668,0.0,0.0
2024-04-16 11:00:00+09:00,5690.0,6730.0,5690.0,6120.0,3049594,0.0,0.0
2024-04-16 12:00:00+09:00,6130.0,6370.0,5990.0,6050.0,1107216,0.0,0.0
2024-04-16 13:00:00+09:00,6060.0,6270.0,5700.0,6020.0,1009357,0.0,0.0
2024-04-16 14:00:00+09:00,6020.0,6530.0,5910.0,6010.0,2179926,0.0,0.0
2024-04-17 09:00:00+09:00,5770.0,5950.0,5640.0,5770.0,335839,0.0,0.0
2024-04-17 10:00:00+09:00,5770.0,6020.0,5700.0,5760.0,179407,0.0,0.0
2024-04-17 11:00:00+09:00,5740.0,5790.0,5610.0,5630.0,74441,0.0,0.0
2024-04-17 12:00:00+09:00,5640.0,5710.0,5620.0,5700.0,37077,0.0,0.0
2024-04-17 13:00:00+09:00,5700.0,5750.0,5650.0,5730.0,32817,0.0,0.0
2024-04-17 14:00:00+09:00,5730.0,5920.0,5690.0,5900.0,107731,0.0,0.0
2024-04-18 09:00:00+09:00,5630.0,5680.0,5550.0,5600.0,149425,0.0,0.0
2024-04-18 10:00:00+09:00,5610.0,5620.0,5560.0,5590.0,48303,0.0,0.0
2024-04-18 11:00:00+09:00,5580.0,5610.0,5560.0,5590.0,32349,0.0,0.0
2024-04-18 12:00:00+09:00,5590.0,5650.0,5580.0,5630.0,31294,0.0,0.0
2024-04-18 13:00:00+09:00,5640.0,5660.0,5600.0,5600.0,25961,0.0,0.0
2024-04-18 14:00:00+09:00,5640.0,5640.0,5570.0,5610.0,49763,0.0,0.0
2024-04-19 09:00:00+09:00,5500.0,5790.0,5480.0,5690.0,152371,0.0,0.0
2024-04-19 10:00:00+09:00,5690.0,6650.0,5610.0,6540.0,2376440,0.0,0.0
2024-04-19 11:00:00+09:00,6520.0,6890.0,6380.0,6530.0,2850328,0.0,0.0
2024-04-19 12:00:00+09:00,6530.0,6530.0,5850.0,6010.0,947344,0.0,0.0
2024-04-19 13:00:00+09:00,6010.0,6030.0,5810.0,5930.0,240321,0.0,0.0
2024-04-19 14:00:00+09:00,5930.0,6090.0,5900.0,5970.0,184667,0.0,0.0
2024-04-22 09:00:00+09:00,5780.0,5840.0,5590.0,5720.0,0,0.0,0.0
2024-04-22 10:00:00+09:00,5720.0,5790.0,5700.0,5720.0,50630,0.0,0.0
2024-04-22 11:00:00+09:00,5720.0,5750.0,5610.0,5630.0,96469,0.0,0.0
2024-04-22 12:00:00+09:00,5640.0,5650.0,5630.0,5650.0,19547,0.0,0.0
2024-04-22 13:00:00+09:00,5650.0,5740.0,5640.0,5710.0,30878,0.0,0.0
2024-04-22 14:00:00+09:00,5710.0,5740.0,5660.0,5680.0,25898,0.0,0.0
2024-04-23 09:00:00+09:00,5610.0,5710.0,5520.0,5660.0,96753,0.0,0.0
2024-04-23 10:00:00+09:00,5660.0,5740.0,5610.0,5740.0,35796,0.0,0.0
2024-04-23 11:00:00+09:00,5730.0,5730.0,5500.0,5510.0,90385,0.0,0.0
2024-04-23 12:00:00+09:00,5520.0,5540.0,5450.0,5480.0,64770,0.0,0.0
2024-04-23 13:00:00+09:00,5460.0,5480.0,5380.0,5410.0,62449,0.0,0.0
2024-04-23 14:00:00+09:00,5390.0,5540.0,5330.0,5350.0,63752,0.0,0.0
2024-04-24 09:00:00+09:00,5360.0,5410.0,5310.0,5370.0,46945,0.0,0.0
2024-04-24 10:00:00+09:00,5370.0,5400.0,5340.0,5370.0,32000,0.0,0.0
2024-04-24 11:00:00+09:00,5370.0,5380.0,5350.0,5360.0,4455,0.0,0.0
2024-04-24 12:00:00+09:00,5360.0,5420.0,5350.0,5370.0,19192,0.0,0.0
2024-04-24 13:00:00+09:00,5370.0,5420.0,5370.0,5420.0,15562,0.0,0.0
2024-04-24 14:00:00+09:00,5400.0,5440.0,5380.0,5420.0,22282,0.0,0.0
2024-04-25 09:00:00+09:00,5440.0,5550.0,5420.0,5450.0,42090,0.0,0.0
2024-04-25 10:00:00+09:00,5470.0,5530.0,5440.0,5440.0,27007,0.0,0.0
2024-04-25 11:00:00+09:00,5440.0,5450.0,5380.0,5400.0,23161,0.0,0.0
2024-04-25 12:00:00+09:00,5380.0,5410.0,5340.0,5360.0,21448,0.0,0.0
2024-04-25 13:00:00+09:00,5360.0,5380.0,5320.0,5360.0,27884,0.0,0.0
2024-04-25 14:00:00+09:00,5360.0,5400.0,5320.0,5370.0,31201,0.0,0.0
2024-04-26 09:00:00+09:00,5340.0,5370.0,5270.0,5270.0,36844,0.0,0.0
2024-04-26 10:00:00+09:00,5270.0,5290.0,5220.0,5240.0,39248,0.0,0.0
2024-04-26 11:00:00+09:00,5240.0,5290.0,5220.0,5240.0,19802,0.0,0.0
2024-04-26 12:00:00+09:00,5240.0,5260.0,5230.0,5260.0,13982,0.0,0.0
2024-04-26 13:00:00+09:00,5250.0,5260.0,5220.0,5230.0,17113,0.0,0.0
2024-04-26 14:00:00+09:00,5230.0,5240.0,5220.0,5240.0,10364,0.0,0.0
2024-04-29 09:00:00+09:00,5220.0,5360.0,5100.0,5250.0,0,0.0,0.0
2024-04-29 10:00:00+09:00,5280.0,5300.0,5220.0,5270.0,27214,0.0,0.0
2024-04-29 11:00:00+09:00,5280.0,5310.0,5260.0,5310.0,18174,0.0,0.0
2024-04-29 12:00:00+09:00,5310.0,5340.0,5290.0,5310.0,19284,0.0,0.0
2024-04-29 13:00:00+09:00,5310.0,5370.0,5300.0,5340.0,27785,0.0,0.0
2024-04-29 14:00:00+09:00,5340.0,5370.0,5340.0,5360.0,15408,0.0,0.0
2024-04-30 09:00:00+09:00,5360.0,5420.0,5300.0,5390.0,34937,0.0,0.0
2024-04-30 10:00:00+09:00,5380.0,5400.0,5340.0,5350.0,16380,0.0,0.0
2024-04-30 11:00:00+09:00,5350.0,5380.0,5300.0,5330.0,11315,0.0,0.0
2024-04-30 12:00:00+09:00,5320.0,5390.0,5310.0,5370.0,12497,0.0,0.0
2024-04-30 13:00:00+09:00,5370.0,5370.0,5310.0,5350.0,27896,0.0,0.0
2024-04-30 14:00:00+09:00,5340.0,5350.0,5230.0,5280.0,73605,0.0,0.0
2024-05-02 09:00:00+09:00,5260.0,5310.0,5230.0,5240.0,0,0.0,0.0
2024-05-02 10:00:00+09:00,5250.0,5270.0,5230.0,5230.0,20101,0.0,0.0
2024-05-02 11:00:00+09:00,5240.0,5280.0,5230.0,5230.0,3772,0.0,0.0
2024-05-02 12:00:00+09:00,5260.0,5270.0,5230.0,5260.0,3854,0.0,0.0
2024-05-02 13:00:00+09:00,5260.0,5350.0,5260.0,5320.0,18183,0.0,0.0
2024-05-02 14:00:00+09:00,5300.0,5310.0,5270.0,5280.0,7781,0.0,0.0
2024-05-03 09:00:00+09:00,5310.0,5490.0,5310.0,5420.0,81446,0.0,0.0
2024-05-03 10:00:00+09:00,5410.0,5450.0,5350.0,5370.0,24151,0.0,0.0
2024-05-03 11:00:00+09:00,5370.0,5400.0,5340.0,5350.0,10056,0.0,0.0
2024-05-03 12:00:00+09:00,5350.0,5360.0,5330.0,5350.0,12118,0.0,0.0
2024-05-03 13:00:00+09:00,5340.0,5360.0,5330.0,5350.0,10924,0.0,0.0
2024-05-03 14:00:00+09:00,5340.0,5360.0,5330.0,5350.0,7905,0.0,0.0
2024-05-07 09:00:00+09:00,5350.0,5350.0,5310.0,5330.0,0,0.0,0.0
2024-05-07 10:00:00+09:00,5330.0,5330.0,5290.0,5310.0,16062,0.0,0.0
2024-05-07 11:00:00+09:00,5310.0,5330.0,5290.0,5330.0,9277,0.0,0.0
2024-05-07 12:00:00+09:00,5330.0,5330.0,5310.0,5330.0,5117,0.0,0.0
2024-05-07 13:00:00+09:00,5330.0,5340.0,5310.0,5330.0,6343,0.0,0.0
2024-05-07 14:00:00+09:00,5330.0,5360.0,5330.0,5350.0,16587,0.0,0.0
2024-05-08 09:00:00+09:00,5380.0,5420.0,5310.0,5370.0,19063,0.0,0.0
2024-05-08 10:00:00+09:00,5370.0,5370.0,5330.0,5330.0,3451,0.0,0.0
2024-05-08 11:00:00+09:00,5330.0,5380.0,5320.0,5350.0,4951,0.0,0.0
2024-05-08 12:00:00+09:00,5350.0,5350.0,5300.0,5320.0,12523,0.0,0.0
2024-05-08 13:00:00+09:00,5310.0,5310.0,5250.0,5280.0,17903,0.0,0.0
2024-05-08 14:00:00+09:00,5270.0,5320.0,5270.0,5310.0,7578,0.0,0.0
2024-05-09 09:00:00+09:00,5320.0,5320.0,5280.0,5300.0,9784,0.0,0.0
2024-05-09 10:00:00+09:00,5290.0,5300.0,5280.0,5300.0,20067,0.0,0.0
2024-05-09 11:00:00+09:00,5300.0,5300.0,5250.0,5270.0,13418,0.0,0.0
2024-05-09 12:00:00+09:00,5270.0,5300.0,5240.0,5270.0,7379,0.0,0.0
2024-05-09 13:00:00+09:00,5270.0,5290.0,5240.0,5280.0,6993,0.0,0.0
2024-05-09 14:00:00+09:00,5290.0,5290.0,5200.0,5210.0,37084,0.0,0.0
2024-05-10 09:00:00+09:00,5220.0,5280.0,5210.0,5260.0,13779,0.0,0.0
2024-05-10 10:00:00+09:00,5260.0,5270.0,5230.0,5250.0,8412,0.0,0.0
2024-05-10 11:00:00+09:00,5260.0,5260.0,5230.0,5250.0,2292,0.0,0.0
2024-05-10 12:00:00+09:00,5250.0,5270.0,5250.0,5260.0,3845,0.0,0.0
2024-05-10 13:00:00+09:00,5260.0,5270.0,5210.0,5210.0,13104,0.0,0.0
2024-05-10 14:00:00+09:00,5220.0,5290.0,5210.0,5220.0,15877,0.0,0.0
2024-05-13 09:00:00+09:00,5240.0,5270.0,5200.0,5250.0,0,0.0,0.0
2024-05-13 10:00:00+09:00,5250.0,5250.0,5220.0,5230.0,3262,0.0,0.0
2024-05-13 11:00:00+09:00,5230.0,5230.0,5200.0,5200.0,8167,0.0,0.0
2024-05-13 12:00:00+09:00,5200.0,5240.0,5200.0,5200.0,17065,0.0,0.0
2024-05-13 13:00:00+09:00,5190.0,5210.0,5180.0,5200.0,17429,0.0,0.0
2024-05-13 14:00:00+09:00,5200.0,5210.0,5180.0,5190.0,11572,0.0,0.0
2024-05-14 09:00:00+09:00,5220.0,5240.0,5200.0,5220.0,5589,0.0,0.0
2024-05-14 10:00:00+09:00,5210.0,5230.0,5200.0,5220.0,5823,0.0,0.0
2024-05-14 11:00:00+09:00,5220.0,5240.0,5210.0,5220.0,1414,0.0,0.0
2024-05-14 12:00:00+09:00,5240.0,5240.0,5210.0,5210.0,2811,0.0,0.0
2024-05-14 13:00:00+09:00,5220.0,5230.0,5200.0,5230.0,4430,0.0,0.0
2024-05-14 14:00:00+09:00,5220.0,5230.0,5210.0,5210.0,3540,0.0,0.0
2024-05-16 09:00:00+09:00,5220.0,5280.0,5210.0,5250.0,0,0.0,0.0
2024-05-16 10:00:00+09:00,5260.0,5300.0,5250.0,5290.0,16331,0.0,0.0
2024-05-16 11:00:00+09:00,5280.0,5290.0,5260.0,5260.0,8400,0.0,0.0
2024-05-16 12:00:00+09:00,5270.0,5280.0,5230.0,5270.0,9929,0.0,0.0
2024-05-16 13:00:00+09:00,5260.0,5270.0,5230.0,5270.0,4645,0.0,0.0
2024-05-16 14:00:00+09:00,5260.0,5270.0,5230.0,5240.0,9231,0.0,0.0
2024-05-17 09:00:00+09:00,5250.0,5250.0,5200.0,5230.0,20639,0.0,0.0
2024-05-17 10:00:00+09:00,5220.0,5230.0,5190.0,5200.0,7985,0.0,0.0
2024-05-17 11:00:00+09:00,5210.0,5220.0,5200.0,5200.0,6249,0.0,0.0
2024-05-17 12:00:00+09:00,5190.0,5210.0,5190.0,5200.0,5413,0.0,0.0
2024-05-17 13:00:00+09:00,5200.0,5210.0,5190.0,5190.0,5667,0.0,0.0
2024-05-17 14:00:00+09:00,5190.0,5230.0,5190.0,5210.0,5768,0.0,0.0
2024-05-20 09:00:00+09:00,5240.0,5240.0,5180.0,5190.0,0,0.0,0.0
2024-05-20 10:00:00+09:00,5190.0,5220.0,5180.0,5200.0,4360,0.0,0.0
2024-05-20 11:00:00+09:00,5210.0,5220.0,5190.0,5200.0,3370,0.0,0.0
2024-05-20 12:00:00+09:00,5200.0,5220.0,5190.0,5210.0,4233,0.0,0.0
2024-05-20 13:00:00+09:00,5200.0,5210.0,5130.0,5140.0,25335,0.0,0.0
2024-05-20 14:00:00+09:00,5130.0,5160.0,5110.0,5150.0,20462,0.0,0.0
2024-05-21 09:00:00+09:00,5140.0,5180.0,5130.0,5140.0,3271,0.0,0.0
2024-05-21 10:00:00+09:00,5140.0,5150.0,5120.0,5150.0,6702,0.0,0.0
2024-05-21 11:00:00+09:00,5150.0,5150.0,5080.0,5100.0,25734,0.0,0.0
2024-05-21 12:00:00+09:00,5090.0,5130.0,5080.0,5110.0,5033,0.0,0.0
2024-05-21 13:00:00+09:00,5110.0,5110.0,5070.0,5080.0,11232,0.0,0.0
2024-05-21 14:00:00+09:00,5080.0,5090.0,5030.0,5050.0,20377,0.0,0.0
2024-05-22 09:00:00+09:00,5100.0,5100.0,5000.0,5000.0,15088,0.0,0.0
2024-05-22 10:00:00+09:00,5000.0,5040.0,4985.0,5000.0,26944,0.0,0.0
2024-05-22 11:00:00+09:00,4985.0,4985.0,4970.0,4980.0,12425,0.0,0.0
2024-05-22 12:00:00+09:00,4985.0,4990.0,4970.0,4975.0,11695,0.0,0.0
2024-05-22 13:00:00+09:00,4980.0,4980.0,4960.0,4970.0,16382,0.0,0.0
2024-05-22 14:00:00+09:00,4965.0,4970.0,4940.0,4945.0,27040,0.0,0.0
2024-05-23 09:00:00+09:00,4930.0,4975.0,4890.0,4940.0,12837,0.0,0.0
2024-05-23 10:00:00+09:00,4940.0,4970.0,4930.0,4970.0,14717,0.0,0.0
2024-05-23 11:00:00+09:00,4970.0,4970.0,4925.0,4940.0,2873,0.0,0.0
2024-05-23 12:00:00+09:00,4950.0,4950.0,4900.0,4945.0,8488,0.0,0.0
2024-05-23 13:00:00+09:00,4945.0,4990.0,4945.0,4985.0,10436,0.0,0.0
2024-05-23 14:00:00+09:00,4975.0,5030.0,4960.0,4990.0,11889,0.0,0.0
2024-05-24 09:00:00+09:00,5000.0,5010.0,4960.0,5000.0,13994,0.0,0.0
2024-05-24 10:00:00+09:00,5000.0,5000.0,4985.0,4995.0,3003,0.0,0.0
2024-05-24 11:00:00+09:00,4995.0,5010.0,4985.0,4995.0,5583,0.0,0.0
2024-05-24 12:00:00+09:00,4985.0,5000.0,4965.0,4980.0,4397,0.0,0.0
2024-05-24 13:00:00+09:00,4980.0,4995.0,4965.0,4965.0,3674,0.0,0.0
2024-05-24 14:00:00+09:00,4965.0,4970.0,4945.0,4955.0,6838,0.0,0.0
2024-05-27 09:00:00+09:00,4910.0,4945.0,4910.0,4930.0,0,0.0,0.0
2024-05-27 10:00:00+09:00,4930.0,4930.0,4885.0,4885.0,8919,0.0,0.0
2024-05-27 11:00:00+09:00,4885.0,4900.0,4830.0,4865.0,17377,0.0,0.0
2024-05-27 12:00:00+09:00,4865.0,4870.0,4835.0,4840.0,4995,0.0,0.0
2024-05-27 13:00:00+09:00,4840.0,4860.0,4830.0,4860.0,8567,0.0,0.0
2024-05-27 14:00:00+09:00,4860.0,4930.0,4840.0,4920.0,13729,0.0,0.0
2024-05-28 09:00:00+09:00,4875.0,4950.0,4875.0,4925.0,3380,0.0,0.0
2024-05-28 10:00:00+09:00,4920.0,4950.0,4915.0,4945.0,1528,0.0,0.0
2024-05-28 11:00:00+09:00,4950.0,4970.0,4945.0,4950.0,3638,0.0,0.0
2024-05-28 12:00:00+09:00,4950.0,4965.0,4950.0,4955.0,2404,0.0,0.0
2024-05-28 13:00:00+09:00,4955.0,4995.0,4950.0,4990.0,11723,0.0,0.0
2024-05-28 14:00:00+09:00,4990.0,5020.0,4950.0,5000.0,7088,0.0,0.0
2024-05-29 09:00:00+09:00,5020.0,5030.0,4945.0,4970.0,7532,0.0,0.0
2024-05-29 10:00:00+09:00,4965.0,4970.0,4955.0,4970.0,2620,0.0,0.0
2024-05-29 11:00:00+09:00,4970.0,4970.0,4940.0,4940.0,4140,0.0,0.0
2024-05-29 12:00:00+09:00,4945.0,4965.0,4940.0,4960.0,3472,0.0,0.0
2024-05-29 13:00:00+09:00,4960.0,4965.0,4950.0,4960.0,850,0.0,0.0
2024-05-29 14:00:00+09:00,4965.0,4965.0,4925.0,4930.0,7131,0.0,0.0
2024-05-30 09:00:00+09:00,4930.0,4950.0,4845.0,4870.0,5714,0.0,0.0
2024-05-30 10:00:00+09:00,4870.0,4870.0,4815.0,4855.0,10052,0.0,0.0
2024-05-30 11:00:00+09:00,4850.0,4850.0,4810.0,4825.0,5896,0.0,0.0
2024-05-30 12:00:00+09:00,4825.0,4830.0,4790.0,4795.0,15399,0.0,0.0
2024-05-30 13:00:00+09:00,4790.0,4830.0,4785.0,4800.0,4614,0.0,0.0
2024-05-30 14:00:00+09:00,4800.0,4820.0,4780.0,4820.0,11804,0.0,0.0
2024-05-31 09:00:00+09:00,4780.0,4810.0,4770.0,4770.0,5583,0.0,0.0
2024-05-31 10:00:00+09:00,4800.0,4800.0,4770.0,4785.0,2231,0.0,0.0
2024-05-31 11:00:00+09:00,4785.0,4785.0,4775.0,4780.0,1910,0.0,0.0
2024-05-31 12:00:00+09:00,4780.0,4800.0,4780.0,4780.0,6012,0.0,0.0
2024-05-31 13:00:00+09:00,4780.0,4795.0,4770.0,4770.0,5764,0.0,0.0
2024-05-31 14:00:00+09:00,4770.0,4785.0,4735.0,4750.0,13418,0.0,0.0
2024-06-03 09:00:00+09:00,4780.0,4850.0,4780.0,4845.0,0,0.0,0.0
2024-06-03 10:00:00+09:00,4840.0,4920.0,4835.0,4890.0,11333,0.0,0.0
2024-06-03 11:00:00+09:00,4900.0,4910.0,4880.0,4880.0,1840,0.0,0.0
2024-06-03 12:00:00+09:00,4880.0,4910.0,4880.0,4900.0,2178,0.0,0.0
2024-06-03 13:00:00+09:00,4895.0,4965.0,4865.0,4955.0,16973,0.0,0.0
2024-06-03 14:00:00+09:00,4930.0,5020.0,4930.0,4950.0,19190,0.0,0.0
2024-06-04 09:00:00+09:00,4945.0,4965.0,4900.0,4945.0,6962,0.0,0.0
2024-06-04 10:00:00+09:00,4910.0,4985.0,4890.0,4965.0,7366,0.0,0.0
2024-06-04 11:00:00+09:00,4965.0,4970.0,4940.0,4955.0,558,0.0,0.0
2024-06-04 12:00:00+09:00,4955.0,4955.0,4925.0,4950.0,488,0.0,0.0
2024-06-04 13:00:00+09:00,4945.0,4945.0,4865.0,4930.0,8489,0.0,0.0
2024-06-04 14:00:00+09:00,4930.0,4940.0,4875.0,4875.0,3048,0.0,0.0
2024-06-05 09:00:00+09:00,4890.0,4915.0,4855.0,4895.0,7897,0.0,0.0
2024-06-05 10:00:00+09:00,4870.0,4895.0,4865.0,4890.0,1136,0.0,0.0
2024-06-05 11:00:00+09:00,4890.0,4895.0,4860.0,4880.0,2423,0.0,0.0
2024-06-05 12:00:00+09:00,4875.0,4875.0,4850.0,4875.0,5797,0.0,0.0
2024-06-05 13:00:00+09:00,4860.0,4875.0,4860.0,4875.0,1492,0.0,0.0
2024-06-05 14:00:00+09:00,4880.0,4900.0,4865.0,4865.0,2562,0.0,0.0
2024-06-07 09:00:00+09:00,4900.0,4925.0,4875.0,4905.0,0,0.0,0.0
2024-06-07 10:00:00+09:00,4905.0,4950.0,4890.0,4950.0,10645,0.0,0.0
2024-06-07 11:00:00+09:00,4915.0,4920.0,4900.0,4900.0,708,0.0,0.0
2024-06-07 12:00:00+09:00,4920.0,4920.0,4900.0,4920.0,430,0.0,0.0
2024-06-07 13:00:00+09:00,4900.0,4910.0,4890.0,4900.0,874,0.0,0.0
2024-06-07 14:00:00+09:00,4895.0,4900.0,4855.0,4900.0,8065,0.0,0.0
2024-06-10 09:00:00+09:00,4900.0,4940.0,4860.0,4895.0,0,0.0,0.0
2024-06-10 10:00:00+09:00,4865.0,4895.0,4860.0,4860.0,1227,0.0,0.0
2024-06-10 11:00:00+09:00,4860.0,4890.0,4800.0,4810.0,20474,0.0,0.0
2024-06-10 12:00:00+09:00,4810.0,4835.0,4810.0,4815.0,1919,0.0,0.0
2024-06-10 13:00:00+09:00,4815.0,4835.0,4810.0,4835.0,2468,0.0,0.0
2024-06-10 14:00:00+09:00,4835.0,4845.0,4800.0,4845.0,7579,0.0,0.0
2024-06-11 09:00:00+09:00,4865.0,4910.0,4835.0,4895.0,6899,0.0,0.0
2024-06-11 10:00:00+09:00,4905.0,4905.0,4845.0,4890.0,3954,0.0,0.0
2024-06-11 11:00:00+09:00,4890.0,4895.0,4845.0,4885.0,990,0.0,0.0
2024-06-11 12:00:00+09:00,4880.0,4880.0,4850.0,4880.0,319,0.0,0.0
2024-06-11 13:00:00+09:00,4880.0,4880.0,4840.0,4845.0,1411,0.0,0.0
2024-06-11 14:00:00+09:00,4845.0,4875.0,4835.0,4860.0,5387,0.0,0.0
2024-06-12 09:00:00+09:00,4820.0,4885.0,4820.0,4885.0,4374,0.0,0.0
2024-06-12 10:00:00+09:00,4885.0,4885.0,4830.0,4855.0,2382,0.0,0.0
2024-06-12 11:00:00+09:00,4840.0,4855.0,4820.0,4855.0,5299,0.0,0.0
2024-06-12 12:00:00+09:00,4855.0,4855.0,4815.0,4820.0,3470,0.0,0.0
2024-06-12 13:00:00+09:00,4815.0,4830.0,4805.0,4820.0,7199,0.0,0.0
2024-06-12 14:00:00+09:00,4820.0,4865.0,4790.0,4855.0,9486,0.0,0.0
2024-06-13 09:00:00+09:00,4840.0,4840.0,4800.0,4830.0,3448,0.0,0.0
2024-06-13 10:00:00+09:00,4825.0,4825.0,4790.0,4800.0,3275,0.0,0.0
2024-06-13 11:00:00+09:00,4795.0,4810.0,4795.0,4805.0,5675,0.0,0.0
2024-06-13 12:00:00+09:00,4805.0,4810.0,4775.0,4785.0,10558,0.0,0.0
2024-06-13 13:00:00+09:00,4780.0,4785.0,4775.0,4780.0,5759,0.0,0.0
2024-06-13 14:00:00+09:00,4780.0,4790.0,4765.0,4775.0,6052,0.0,0.0
2024-06-14 09:00:00+09:00,4750.0,4785.0,4720.0,4735.0,5897,0.0,0.0
2024-06-14 10:00:00+09:00,4735.0,4735.0,4710.0,4730.0,9256,0.0,0.0
2024-06-14 11:00:00+09:00,4720.0,4770.0,4720.0,4770.0,1933,0.0,0.0
2024-06-14 12:00:00+09:00,4755.0,4770.0,4755.0,4765.0,2241,0.0,0.0
2024-06-14 13:00:00+09:00,4765.0,4785.0,4760.0,4780.0,2008,0.0,0.0
2024-06-14 14:00:00+09:00,4770.0,4780.0,4725.0,4725.0,5393,0.0,0.0
2024-06-17 09:00:00+09:00,4700.0,4760.0,4650.0,4735.0,0,0.0,0.0
2024-06-17 10:00:00+09:00,4735.0,4740.0,4710.0,4725.0,2270,0.0,0.0
2024-06-17 11:00:00+09:00,4725.0,4740.0,4680.0,4715.0,1661,0.0,0.0
2024-06-17 12:00:00+09:00,4710.0,4715.0,4680.0,4690.0,1217,0.0,0.0
2024-06-17 13:00:00+09:00,4700.0,4715.0,4700.0,4715.0,0,0.0,0.0
2024-06-17 14:00:00+09:00,4715.0,4735.0,4690.0,4695.0,3305,0.0,0.0
2024-06-18 09:00:00+09:00,4655.0,4720.0,4655.0,4695.0,9711,0.0,0.0
2024-06-18 10:00:00+09:00,4695.0,4700.0,4655.0,4660.0,5009,0.0,0.0
2024-06-18 11:00:00+09:00,4660.0,4700.0,4650.0,4660.0,5719,0.0,0.0
2024-06-18 12:00:00+09:00,4650.0,4660.0,4620.0,4620.0,12793,0.0,0.0
2024-06-18 13:00:00+09:00,4620.0,4640.0,4615.0,4620.0,2231,0.0,0.0
2024-06-18 14:00:00+09:00,4620.0,4640.0,4615.0,4635.0,5047,0.0,0.0
2024-06-19 09:00:00+09:00,4630.0,4635.0,4565.0,4590.0,6782,0.0,0.0
2024-06-19 10:00:00+09:00,4580.0,4590.0,4515.0,4515.0,24458,0.0,0.0
2024-06-19 11:00:00+09:00,4520.0,4540.0,4510.0,4520.0,5418,0.0,0.0
2024-06-19 12:00:00+09:00,4530.0,4540.0,4525.0,4540.0,3810,0.0,0.0
2024-06-19 13:00:00+09:00,4545.0,4590.0,4535.0,4590.0,6673,0.0,0.0
2024-06-19 14:00:00+09:00,4590.0,4600.0,4580.0,4595.0,1470,0.0,0.0
2024-06-20 09:00:00+09:00,4620.0,4805.0,4590.0,4785.0,32261,0.0,0.0
2024-06-20 10:00:00+09:00,4785.0,4820.0,4750.0,4800.0,22556,0.0,0.0
2024-06-20 11:00:00+09:00,4800.0,4800.0,4725.0,4780.0,7488,0.0,0.0
2024-06-20 12:00:00+09:00,4780.0,4785.0,4745.0,4745.0,4269,0.0,0.0
2024-06-20 13:00:00+09:00,4765.0,4780.0,4740.0,4770.0,3466,0.0,0.0
2024-06-20 14:00:00+09:00,4765.0,4770.0,4700.0,4730.0,6372,0.0,0.0
2024-06-21 09:00:00+09:00,4770.0,4915.0,4770.0,4835.0,32058,0.0,0.0
2024-06-21 10:00:00+09:00,4810.0,4830.0,4795.0,4810.0,5189,0.0,0.0
2024-06-21 11:00:00+09:00,4800.0,4810.0,4770.0,4795.0,8407,0.0,0.0
2024-06-21 12:00:00+09:00,4795.0,4800.0,4760.0,4760.0,7842,0.0,0.0
2024-06-21 13:00:00+09:00,4790.0,4790.0,4730.0,4750.0,4382,0.0,0.0
2024-06-21 14:00:00+09:00,4735.0,4770.0,4705.0,4720.0,5346,0.0,0.0
2024-06-24 09:00:00+09:00,4715.0,4790.0,4680.0,4680.0,0,0.0,0.0
2024-06-24 10:00:00+09:00,4700.0,4700.0,4635.0,4635.0,4391,0.0,0.0
2024-06-24 11:00:00+09:00,4635.0,4655.0,4620.0,4630.0,2677,0.0,0.0
2024-06-24 12:00:00+09:00,4630.0,4630.0,4600.0,4600.0,1267,0.0,0.0
2024-06-24 13:00:00+09:00,4600.0,4610.0,4580.0,4610.0,1436,0.0,0.0
2024-06-24 14:00:00+09:00,4610.0,4610.0,4595.0,4600.0,5098,0.0,0.0
2024-06-25 09:00:00+09:00,4520.0,4590.0,4520.0,4585.0,6290,0.0,0.0
2024-06-25 10:00:00+09:00,4585.0,4585.0,4560.0,4580.0,517,0.0,0.0
2024-06-25 11:00:00+09:00,4575.0,4575.0,4535.0,4535.0,3231,0.0,0.0
2024-06-25 12:00:00+09:00,4535.0,4585.0,4530.0,4575.0,1526,0.0,0.0
2024-06-25 13:00:00+09:00,4575.0,4575.0,4540.0,4555.0,1180,0.0,0.0
2024-06-25 14:00:00+09:00,4560.0,4710.0,4510.0,4650.0,14354,0.0,0.0
2024-06-26 09:00:00+09:00,4595.0,4700.0,4595.0,4640.0,1070,0.0,0.0
2024-06-26 10:00:00+09:00,4640.0,4640.0,4600.0,4610.0,935,0.0,0.0
2024-06-26 11:00:00+09:00,4610.0,4610.0,4600.0,4600.0,1746,0.0,0.0
2024-06-26 12:00:00+09:00,4605.0,4605.0,4595.0,4600.0,1211,0.0,0.0
2024-06-26 13:00:00+09:00,4600.0,4645.0,4600.0,4630.0,2073,0.0,0.0
2024-06-26 14:00:00+09:00,4620.0,4745.0,4605.0,4605.0,4412,0.0,0.0
2024-06-27 09:00:00+09:00,4550.0,4650.0,4550.0,4635.0,2603,0.0,0.0
2024-06-27 10:00:00+09:00,4640.0,4640.0,4620.0,4630.0,361,0.0,0.0
2024-06-27 11:00:00+09:00,4630.0,4630.0,4600.0,4630.0,483,0.0,0.0
2024-06-27 12:00:00+09:00,4630.0,4650.0,4620.0,4640.0,576,0.0,0.0
2024-06-27 13:00:00+09:00,4640.0,4640.0,4600.0,4605.0,4717,0.0,0.0
2024-06-27 14:00:00+09:00,4605.0,4630.0,4590.0,4610.0,7066,0.0,0.0
2024-06-28 09:00:00+09:00,4590.0,4720.0,4590.0,4655.0,2733,0.0,0.0
2024-06-28 10:00:00+09:00,4605.0,4745.0,4590.0,4715.0,7261,0.0,0.0
2024-06-28 11:00:00+09:00,4705.0,4705.0,4675.0,4675.0,1600,0.0,0.0
2024-06-28 12:00:00+09:00,4675.0,4765.0,4675.0,4740.0,12050,0.0,0.0
2024-06-28 13:00:00+09:00,4720.0,4735.0,4700.0,4715.0,537,0.0,0.0
2024-06-28 14:00:00+09:00,4715.0,4755.0,4690.0,4750.0,9409,0.0,0.0
2024-07-01 09:00:00+09:00,4785.0,4785.0,4675.0,4750.0,0,0.0,0.0
2024-07-01 10:00:00+09:00,4750.0,4760.0,4730.0,4755.0,1730,0.0,0.0
2024-07-01 11:00:00+09:00,4755.0,4755.0,4740.0,4750.0,68,0.0,0.0
2024-07-01 12:00:00+09:00,4755.0,4755.0,4730.0,4750.0,357,0.0,0.0
2024-07-01 13:00:00+09:00,4750.0,4765.0,4740.0,4740.0,3924,0.0,0.0
2024-07-01 14:00:00+09:00,4740.0,4760.0,4720.0,4720.0,2298,0.0,0.0
2024-07-02 09:00:00+09:00,4715.0,4790.0,4705.0,4790.0,3754,0.0,0.0
2024-07-02 10:00:00+09:00,4785.0,4815.0,4750.0,4755.0,5165,0.0,0.0
2024-07-02 11:00:00+09:00,4755.0,4775.0,4755.0,4755.0,180,0.0,0.0
2024-07-02 12:00:00+09:00,4755.0,4780.0,4750.0,4780.0,2585,0.0,0.0
2024-07-02 13:00:00+09:00,4770.0,4780.0,4760.0,4770.0,1228,0.0,0.0
2024-07-02 14:00:00+09:00,4760.0,4820.0,4760.0,4820.0,15959,0.0,0.0
2024-07-03 09:00:00+09:00,4825.0,4850.0,4755.0,4790.0,2718,0.0,0.0
2024-07-03 10:00:00+09:00,4780.0,4780.0,4685.0,4690.0,8613,0.0,0.0
2024-07-03 11:00:00+09:00,4690.0,4735.0,4610.0,4665.0,8210,0.0,0.0
2024-07-03 12:00:00+09:00,4670.0,4670.0,4630.0,4650.0,2625,0.0,0.0
2024-07-03 13:00:00+09:00,4640.0,4660.0,4620.0,4625.0,5461,0.0,0.0
2024-07-03 14:00:00+09:00,4635.0,4645.0,4630.0,4635.0,3532,0.0,0.0
2024-07-04 09:00:00+09:00,4540.0,4600.0,4450.0,4495.0,29754,0.0,0.0
2024-07-04 10:00:00+09:00,4495.0,4525.0,4470.0,4480.0,2094,0.0,0.0
2024-07-04 11:00:00+09:00,4480.0,4485.0,4465.0,4480.0,3395,0.0,0.0
2024-07-04 12:00:00+09:00,4480.0,4480.0,4470.0,4475.0,1505,0.0,0.0
2024-07-04 13:00:00+09:00,4475.0,4540.0,4455.0,4520.0,6931,0.0,0.0
2024-07-04 14:00:00+09:00,4520.0,4540.0,4460.0,4510.0,6999,0.0,0.0
2024-07-05 09:00:00+09:00,4450.0,4510.0,4450.0,4505.0,7989,0.0,0.0
2024-07-05 10:00:00+09:00,4510.0,4510.0,4460.0,4460.0,1579,0.0,0.0
2024-07-05 11:00:00+09:00,4460.0,4510.0,4460.0,4510.0,1548,0.0,0.0
2024-07-05 12:00:00+09:00,4500.0,4520.0,4490.0,4495.0,1385,0.0,0.0
2024-07-05 13:00:00+09:00,4500.0,4545.0,4485.0,4525.0,6499,0.0,0.0
2024-07-05 14:00:00+09:00,4525.0,4535.0,4520.0,4535.0,5426,0.0,0.0
2024-07-08 09:00:00+09:00,4530.0,4550.0,4480.0,4550.0,0,0.0,0.0
2024-07-08 10:00:00+09:00,4550.0,4560.0,4520.0,4535.0,4354,0.0,0.0
2024-07-08 11:00:00+09:00,4530.0,4535.0,4500.0,4520.0,5580,0.0,0.0
2024-07-08 12:00:00+09:00,4525.0,4535.0,4500.0,4530.0,1416,0.0,0.0
2024-07-08 13:00:00+09:00,4530.0,4545.0,4510.0,4545.0,1058,0.0,0.0
2024-07-08 14:00:00+09:00,4535.0,4545.0,4495.0,4540.0,3810,0.0,0.0
2024-07-09 09:00:00+09:00,4525.0,4560.0,4525.0,4545.0,6602,0.0,0.0
2024-07-09 10:00:00+09:00,4540.0,4560.0,4520.0,4550.0,1552,0.0,0.0
2024-07-09 11:00:00+09:00,4540.0,4550.0,4535.0,4550.0,2278,0.0,0.0
2024-07-09 12:00:00+09:00,4545.0,4545.0,4525.0,4540.0,2985,0.0,0.0
2024-07-09 13:00:00+09:00,4530.0,4535.0,4490.0,4535.0,2060,0.0,0.0
2024-07-09 14:00:00+09:00,4535.0,4535.0,4475.0,4475.0,5935,0.0,0.0
2024-07-10 09:00:00+09:00,4505.0,4530.0,4450.0,4520.0,4711,0.0,0.0
2024-07-10 10:00:00+09:00,4520.0,4520.0,4470.0,4470.0,2990,0.0,0.0
2024-07-10 11:00:00+09:00,4480.0,4510.0,4465.0,4470.0,2676,0.0,0.0
2024-07-10 12:00:00+09:00,4470.0,4510.0,4470.0,4505.0,649,0.0,0.0
2024-07-10 13:00:00+09:00,4510.0,4510.0,4500.0,4500.0,771,0.0,0.0
2024-07-10 14:00:00+09:00,4500.0,4510.0,4470.0,4510.0,3585,0.0,0.0
2024-07-11 09:00:00+09:00,4490.0,4575.0,4490.0,4525.0,13996,0.0,0.0
2024-07-11 10:00:00+09:00,4525.0,4525.0,4510.0,4515.0,1977,0.0,0.0
2024-07-11 11:00:00+09:00,4530.0,4530.0,4500.0,4515.0,4210,0.0,0.0
2024-07-11 12:00:00+09:00,4510.0,4515.0,4495.0,4500.0,3444,0.0,0.0
2024-07-11 13:00:00+09:00,4510.0,4515.0,4480.0,4485.0,3604,0.0,0.0
2024-07-11 14:00:00+09:00,4485.0,4500.0,4480.0,4495.0,5143,0.0,0.0
2024-07-12 09:00:00+09:00,4490.0,4500.0,4460.0,4470.0,3115,0.0,0.0
2024-07-12 10:00:00+09:00,4470.0,4480.0,4455.0,4480.0,5749,0.0,0.0
2024-07-12 11:00:00+09:00,4455.0,4480.0,4445.0,4445.0,4390,0.0,0.0
2024-07-12 12:00:00+09:00,4445.0,4450.0,4435.0,4440.0,3263,0.0,0.0
2024-07-12 13:00:00+09:00,4440.0,4460.0,4420.0,4455.0,7435,0.0,0.0
2024-07-12 14:00:00+09:00,4455.0,4500.0,4430.0,4495.0,1495,0.0,0.0
2024-07-15 09:00:00+09:00,4495.0,4495.0,4450.0,4475.0,0,0.0,0.0
2024-07-15 10:00:00+09:00,4465.0,4510.0,4465.0,4500.0,1170,0.0,0.0
2024-07-15 11:00:00+09:00,4510.0,4545.0,4495.0,4545.0,7339,0.0,0.0
2024-07-15 12:00:00+09:00,4550.0,4560.0,4525.0,4525.0,2524,0.0,0.0
2024-07-15 13:00:00+09:00,4525.0,4530.0,4510.0,4510.0,2323,0.0,0.0
2024-07-15 14:00:00+09:00,4510.0,4530.0,4475.0,4530.0,9981,0.0,0.0
2024-07-16 09:00:00+09:00,4460.0,4560.0,4460.0,4540.0,20944,0.0,0.0
2024-07-16 10:00:00+09:00,4535.0,4535.0,4500.0,4500.0,6473,0.0,0.0
2024-07-16 11:00:00+09:00,4500.0,4515.0,4420.0,4465.0,14417,0.0,0.0
2024-07-16 12:00:00+09:00,4460.0,4505.0,4445.0,4505.0,8014,0.0,0.0
2024-07-16 13:00:00+09:00,4490.0,4495.0,4455.0,4475.0,0,0.0,0.0
2024-07-16 14:00:00+09:00,4470.0,4510.0,4440.0,4510.0,60316,0.0,0.0
2024-07-17 09:00:00+09:00,4510.0,4530.0,4430.0,4450.0,6805,0.0,0.0
2024-07-17 10:00:00+09:00,4460.0,4460.0,4390.0,4395.0,23821,0.0,0.0
2024-07-17 11:00:00+09:00,4395.0,4395.0,4305.0,4320.0,23335,0.0,0.0
2024-07-17 12:00:00+09:00,4320.0,4375.0,4310.0,4350.0,7104,0.0,0.0
2024-07-17 13:00:00+09:00,4350.0,4360.0,4305.0,4315.0,24405,0.0,0.0
2024-07-17 14:00:00+09:00,4315.0,4335.0,4310.0,4320.0,6630,0.0,0.0
2024-07-18 09:00:00+09:00,4290.0,4310.0,4055.0,4210.0,17511,0.0,0.0
2024-07-18 10:00:00+09:00,4220.0,4220.0,4165.0,4200.0,6593,0.0,0.0
2024-07-18 11:00:00+09:00,4200.0,4215.0,4175.0,4215.0,4237,0.0,0.0
2024-07-18 12:00:00+09:00,4210.0,4250.0,4205.0,4240.0,7059,0.0,0.0
2024-07-18 13:00:00+09:00,4240.0,4250.0,4225.0,4235.0,4236,0.0,0.0
2024-07-18 14:00:00+09:00,4240.0,4240.0,4195.0,4230.0,8597,0.0,0.0
2024-07-19 09:00:00+09:00,4315.0,4320.0,4225.0,4275.0,8771,0.0,0.0
2024-07-19 10:00:00+09:00,4275.0,4275.0,4230.0,4230.0,3437,0.0,0.0
2024-07-19 11:00:00+09:00,4230.0,4250.0,4220.0,4240.0,7005,0.0,0.0
2024-07-19 12:00:00+09:00,4230.0,4230.0,4205.0,4225.0,6384,0.0,0.0
2024-07-19 13:00:00+09:00,4220.0,4225.0,4200.0,4210.0,5658,0.0,0.0
2024-07-19 14:00:00+09:00,4210.0,4240.0,4210.0,4240.0,9036,0.0,0.0
2024-07-22 09:00:00+09:00,4200.0,4230.0,4135.0,4135.0,0,0.0,0.0
2024-07-22 10:00:00+09:00,4135.0,4180.0,4120.0,4150.0,4365,0.0,0.0
2024-07-22 11:00:00+09:00,4145.0,4145.0,4085.0,4125.0,11908,0.0,0.0
2024-07-22 12:00:00+09:00,4125.0,4125.0,4085.0,4125.0,9686,0.0,0.0
2024-07-22 13:00:00+09:00,4125.0,4140.0,4105.0,4115.0,3354,0.0,0.0
2024-07-22 14:00:00+09:00,4110.0,4130.0,4095.0,4130.0,5013,0.0,0.0
2024-07-23 09:00:00+09:00,4085.0,4195.0,4085.0,4160.0,4117,0.0,0.0
2024-07-23 10:00:00+09:00,4160.0,4165.0,4115.0,4115.0,3790,0.0,0.0
2024-07-23 11:00:00+09:00,4120.0,4125.0,4110.0,4110.0,0,0.0,0.0
2024-07-23 12:00:00+09:00,4110.0,4110.0,4090.0,4090.0,1269,0.0,0.0
2024-07-23 13:00:00+09:00,4090.0,4105.0,4075.0,4105.0,4672,0.0,0.0
2024-07-23 14:00:00+09:00,4100.0,4100.0,4050.0,4065.0,9352,0.0,0.0
2024-07-24 09:00:00+09:00,4110.0,4120.0,3910.0,4050.0,11672,0.0,0.0
2024-07-24 10:00:00+09:00,4050.0,4100.0,4035.0,4060.0,2812,0.0,0.0
2024-07-24 11:00:00+09:00,4060.0,4100.0,4040.0,4055.0,5588,0.0,0.0
2024-07-24 12:00:00+09:00,4055.0,4055.0,4020.0,4020.0,2375,0.0,0.0
2024-07-24 13:00:00+09:00,4020.0,4055.0,4010.0,4025.0,5473,0.0,0.0
2024-07-24 14:00:00+09:00,4025.0,4025.0,3990.0,4000.0,7524,0.0,0.0
2024-07-25 09:00:00+09:00,3885.0,4010.0,3880.0,3910.0,18807,0.0,0.0
2024-07-25 10:00:00+09:00,3930.0,3960.0,3915.0,3930.0,5759,0.0,0.0
2024-07-25 11:00:00+09:00,3950.0,3955.0,3930.0,3955.0,319,0.0,0.0
2024-07-25 12:00:00+09:00,3955.0,3955.0,3935.0,3950.0,168,0.0,0.0
2024-07-25 13:00:00+09:00,3945.0,3990.0,3940.0,3990.0,7150,0.0,0.0
2024-07-25 14:00:00+09:00,3980.0,3985.0,3965.0,3975.0,5329,0.0,0.0
2024-07-26 09:00:00+09:00,3950.0,3985.0,3930.0,3950.0,5626,0.0,0.0
2024-07-26 10:00:00+09:00,3960.0,3985.0,3935.0,3980.0,1778,0.0,0.0
2024-07-26 11:00:00+09:00,3965.0,3975.0,3945.0,3975.0,1107,0.0,0.0
2024-07-26 12:00:00+09:00,3975.0,3975.0,3960.0,3970.0,583,0.0,0.0
2024-07-26 13:00:00+09:00,3975.0,4020.0,3960.0,4010.0,3771,0.0,0.0
2024-07-26 14:00:00+09:00,4005.0,4010.0,3880.0,3925.0,29767,0.0,0.0
2024-07-29 09:00:00+09:00,3930.0,3985.0,3930.0,3985.0,0,0.0,0.0
2024-07-29 10:00:00+09:00,3980.0,4250.0,3980.0,4140.0,44631,0.0,0.0
2024-07-29 11:00:00+09:00,4120.0,4120.0,4050.0,4070.0,6325,0.0,0.0
2024-07-29 12:00:00+09:00,4080.0,4130.0,4040.0,4120.0,5220,0.0,0.0
2024-07-29 13:00:00+09:00,4110.0,4110.0,4090.0,4095.0,2546,0.0,0.0
2024-07-29 14:00:00+09:00,4100.0,4140.0,4080.0,4135.0,2942,0.0,0.0
2024-07-30 09:00:00+09:00,4105.0,4160.0,4020.0,4025.0,4925,0.0,0.0
2024-07-30 10:00:00+09:00,4025.0,4070.0,4025.0,4030.0,515,0.0,0.0
2024-07-30 11:00:00+09:00,4025.0,4070.0,4025.0,4060.0,657,0.0,0.0
2024-07-30 12:00:00+09:00,4045.0,4055.0,4025.0,4030.0,778,0.0,0.0
2024-07-30 13:00:00+09:00,4030.0,4030.0,4010.0,4015.0,3546,0.0,0.0
2024-07-30 14:00:00+09:00,4020.0,4020.0,4010.0,4010.0,1650,0.0,0.0
2024-07-31 09:00:00+09:00,3960.0,4020.0,3960.0,3990.0,1219,0.0,0.0
2024-07-31 10:00:00+09:00,3990.0,4015.0,3985.0,4015.0,103,0.0,0.0
2024-07-31 11:00:00+09:00,4010.0,4010.0,3980.0,3980.0,1410,0.0,0.0
2024-07-31 12:00:00+09:00,3995.0,4160.0,3990.0,4080.0,15718,0.0,0.0
2024-07-31 13:00:00+09:00,4075.0,4175.0,4020.0,4170.0,23646,0.0,0.0
2024-07-31 14:00:00+09:00,4160.0,4265.0,4130.0,4180.0,35645,0.0,0.0
2024-08-01 09:00:00+09:00,4110.0,4185.0,4110.0,4170.0,5490,0.0,0.0
2024-08-01 10:00:00+09:00,4160.0,4165.0,4130.0,4140.0,3835,0.0,0.0
2024-08-01 11:00:00+09:00,4130.0,4150.0,4110.0,4110.0,2322,0.0,0.0
2024-08-01 12:00:00+09:00,4110.0,4125.0,4100.0,4110.0,1400,0.0,0.0
2024-08-01 13:00:00+09:00,4110.0,4125.0,4110.0,4120.0,1027,0.0,0.0
2024-08-01 14:00:00+09:00,4115.0,4125.0,4100.0,4120.0,9892,0.0,0.0
2024-08-02 09:00:00+09:00,4150.0,5040.0,4140.0,4840.0,1910218,0.0,0.0
2024-08-02 10:00:00+09:00,4845.0,5200.0,4800.0,5050.0,1428717,0.0,0.0
2024-08-02 11:00:00+09:00,5040.0,5120.0,4960.0,5070.0,458755,0.0,0.0
2024-08-02 12:00:00+09:00,5070.0,5390.0,5040.0,5390.0,1462830,0.0,0.0
2024-08-02 13:00:00+09:00,5390.0,5390.0,5390.0,5390.0,30395,0.0,0.0
2024-08-02 14:00:00+09:00,5390.0,5390.0,5390.0,5390.0,35815,0.0,0.0
2024-08-05 09:00:00+09:00,6200.0,6260.0,5630.0,5930.0,0,0.0,0.0
2024-08-05 10:00:00+09:00,5910.0,6090.0,5810.0,5880.0,1494485,0.0,0.0
2024-08-05 11:00:00+09:00,5890.0,5980.0,5680.0,5780.0,643754,0.0,0.0
2024-08-05 12:00:00+09:00,5770.0,5960.0,5680.0,5940.0,504637,0.0,0.0
2024-08-05 13:00:00+09:00,5920.0,6250.0,5780.0,6150.0,1237796,0.0,0.0
2024-08-05 14:00:00+09:00,6090.0,6090.0,5000.0,5440.0,1405139,0.0,0.0
2024-08-06 09:00:00+09:00,5510.0,5920.0,5410.0,5790.0,1511431,0.0,0.0
2024-08-06 10:00:00+09:00,5780.0,6170.0,5680.0,5770.0,2236445,0.0,0.0
2024-08-06 11:00:00+09:00,5770.0,5990.0,5720.0,5870.0,492462,0.0,0.0
2024-08-06 12:00:00+09:00,5870.0,6050.0,5770.0,5820.0,371466,0.0,0.0
2024-08-06 13:00:00+09:00,5800.0,5860.0,5690.0,5720.0,260107,0.0,0.0
2024-08-06 14:00:00+09:00,5720.0,5940.0,5710.0,5940.0,345411,0.0,0.0
2024-08-07 09:00:00+09:00,5980.0,6020.0,5760.0,5810.0,661739,0.0,0.0
2024-08-07 10:00:00+09:00,5820.0,5940.0,5760.0,5820.0,184412,0.0,0.0
2024-08-07 11:00:00+09:00,5820.0,5960.0,5790.0,5910.0,235780,0.0,0.0
2024-08-07 12:00:00+09:00,5940.0,5940.0,5840.0,5880.0,76833,0.0,0.0
2024-08-07 13:00:00+09:00,5880.0,5920.0,5830.0,5910.0,76850,0.0,0.0
2024-08-07 14:00:00+09:00,5900.0,6570.0,5850.0,6260.0,2881882,0.0,0.0
2024-08-08 09:00:00+09:00,6070.0,6200.0,5950.0,6100.0,692992,0.0,0.0
2024-08-08 10:00:00+09:00,6090.0,6220.0,6040.0,6080.0,288623,0.0,0.0
2024-08-08 11:00:00+09:00,6070.0,6160.0,5790.0,6070.0,395733,0.0,0.0
2024-08-08 12:00:00+09:00,6070.0,6130.0,6020.0,6080.0,104781,0.0,0.0
2024-08-08 13:00:00+09:00,6090.0,6180.0,6040.0,6140.0,154555,0.0,0.0
2024-08-08 14:00:00+09:00,6140.0,6890.0,6060.0,6180.0,4302246,0.0,0.0
2024-08-09 09:00:00+09:00,5800.0,5940.0,5770.0,5820.0,613633,0.0,0.0
2024-08-09 10:00:00+09:00,5820.0,5970.0,5810.0,5880.0,223119,0.0,0.0
2024-08-09 11:00:00+09:00,5880.0,5900.0,5810.0,5840.0,84478,0.0,0.0
2024-08-09 12:00:00+09:00,5840.0,5890.0,5830.0,5880.0,63483,0.0,0.0
2024-08-09 13:00:00+09:00,5880.0,6050.0,5850.0,6040.0,197406,0.0,0.0
2024-08-09 14:00:00+09:00,6040.0,6040.0,5880.0,5950.0,215251,0.0,0.0
2024-08-12 09:00:00+09:00,5760.0,5830.0,5630.0,5690.0,0,0.0,0.0
2024-08-12 10:00:00+09:00,5690.0,5720.0,5640.0,5670.0,67940,0.0,0.0
2024-08-12 11:00:00+09:00,5670.0,5670.0,5520.0,5640.0,166342,0.0,0.0
2024-08-12 12:00:00+09:00,5640.0,5770.0,5610.0,5720.0,122917,0.0,0.0
2024-08-12 13:00:00+09:00,5720.0,5750.0,5650.0,5690.0,50510,0.0,0.0
2024-08-12 14:00:00+09:00,5690.0,5760.0,5640.0,5720.0,95506,0.0,0.0
2024-08-13 09:00:00+09:00,5910.0,6160.0,5730.0,5950.0,1423008,0.0,0.0
2024-08-13 10:00:00+09:00,5950.0,5990.0,5750.0,5800.0,303110,0.0,0.0
2024-08-13 11:00:00+09:00,5800.0,5820.0,5440.0,5470.0,293162,0.0,0.0
2024-08-13 12:00:00+09:00,5470.0,5630.0,5360.0,5630.0,118308,0.0,0.0
2024-08-13 13:00:00+09:00,5630.0,5640.0,5450.0,5520.0,87152,0.0,0.0
2024-08-13 14:00:00+09:00,5520.0,5550.0,5410.0,5450.0,76496,0.0,0.0
2024-08-14 09:00:00+09:00,5190.0,5390.0,5020.0,5350.0,325469,0.0,0.0
2024-08-14 10:00:00+09:00,5340.0,5430.0,5270.0,5340.0,68390,0.0,0.0
2024-08-14 11:00:00+09:00,5310.0,5430.0,5300.0,5360.0,64526,0.0,0.0
2024-08-14 12:00:00+09:00,5360.0,5360.0,5250.0,5280.0,67151,0.0,0.0
2024-08-14 13:00:00+09:00,5280.0,5370.0,5240.0,5370.0,44922,0.0,0.0
2024-08-14 14:00:00+09:00,5370.0,5500.0,5350.0,5350.0,79932,0.0,0.0
2024-08-16 09:00:00+09:00,5210.0,5210.0,4940.0,4975.0,0,0.0,0.0
2024-08-16 10:00:00+09:00,4990.0,5030.0,4950.0,5010.0,80790,0.0,0.0
2024-08-16 11:00:00+09:00,5020.0,5020.0,4950.0,4960.0,45564,0.0,0.0
2024-08-16 12:00:00+09:00,4960.0,4975.0,4945.0,4965.0,37101,0.0,0.0
2024-08-16 13:00:00+09:00,4965.0,5000.0,4950.0,4955.0,36763,0.0,0.0
2024-08-16 14:00:00+09:00,4955.0,5130.0,4900.0,5000.0,114285,0.0,0.0
