Datetime,Open,High,Low,Close,Volume,Dividends,Stock Splits
2022-08-18 09:00:00+09:00,12400.0,12450.0,12250.0,12300.0,0,0.0,0.0
2022-08-18 10:00:00+09:00,12300.0,12350.0,12200.0,12350.0,1161,0.0,0.0
2022-08-18 11:00:00+09:00,12300.0,12350.0,12300.0,12350.0,56,0.0,0.0
2022-08-18 12:00:00+09:00,12300.0,12300.0,12250.0,12250.0,1054,0.0,0.0
2022-08-18 13:00:00+09:00,12300.0,12400.0,12300.0,12400.0,1075,0.0,0.0
2022-08-18 14:00:00+09:00,12400.0,12550.0,12400.0,12450.0,2952,0.0,0.0
2022-08-19 09:00:00+09:00,12550.0,12650.0,12350.0,12550.0,0,0.0,0.0
2022-08-19 10:00:00+09:00,12550.0,12550.0,12350.0,12450.0,654,0.0,0.0
2022-08-19 11:00:00+09:00,12450.0,12600.0,12400.0,12600.0,960,0.0,0.0
2022-08-19 12:00:00+09:00,12600.0,12700.0,12550.0,12600.0,971,0.0,0.0
2022-08-19 13:00:00+09:00,12500.0,12550.0,12500.0,12550.0,660,0.0,0.0
2022-08-19 14:00:00+09:00,12550.0,12550.0,12500.0,12550.0,101,0.0,0.0
2022-08-22 09:00:00+09:00,12500.0,12500.0,12050.0,12200.0,0,0.0,0.0
2022-08-22 10:00:00+09:00,12150.0,12200.0,12150.0,12200.0,159,0.0,0.0
2022-08-22 11:00:00+09:00,12100.0,12150.0,12000.0,12100.0,2885,0.0,0.0
2022-08-22 12:00:00+09:00,12050.0,12100.0,12000.0,12100.0,761,0.0,0.0
2022-08-22 13:00:00+09:00,12050.0,12150.0,12000.0,12150.0,0,0.0,0.0
2022-08-22 14:00:00+09:00,12100.0,12100.0,11800.0,11800.0,10549,0.0,0.0
2022-08-23 09:00:00+09:00,12100.0,12100.0,11900.0,12050.0,0,0.0,0.0
2022-08-23 10:00:00+09:00,12050.0,12150.0,12000.0,12000.0,1487,0.0,0.0
2022-08-23 11:00:00+09:00,12050.0,12200.0,12000.0,12100.0,869,0.0,0.0
2022-08-23 12:00:00+09:00,12100.0,12150.0,12000.0,12150.0,431,0.0,0.0
2022-08-23 13:00:00+09:00,12150.0,12150.0,12000.0,12000.0,148,0.0,0.0
2022-08-23 14:00:00+09:00,11950.0,12200.0,11900.0,12200.0,1513,0.0,0.0
2022-08-24 09:00:00+09:00,12200.0,12200.0,12050.0,12150.0,0,0.0,0.0
2022-08-24 10:00:00+09:00,12200.0,12200.0,11950.0,12050.0,2505,0.0,0.0
2022-08-24 11:00:00+09:00,12050.0,12100.0,12000.0,12100.0,374,0.0,0.0
2022-08-24 12:00:00+09:00,12100.0,12200.0,12100.0,12100.0,836,0.0,0.0
2022-08-24 13:00:00+09:00,12150.0,12200.0,12100.0,12100.0,352,0.0,0.0
2022-08-24 14:00:00+09:00,12150.0,12200.0,12150.0,12150.0,634,0.0,0.0
2022-08-25 09:00:00+09:00,12050.0,12350.0,12050.0,12250.0,0,0.0,0.0
2022-08-25 10:00:00+09:00,12200.0,12300.0,12200.0,12300.0,807,0.0,0.0
2022-08-25 11:00:00+09:00,12300.0,12300.0,12200.0,12300.0,355,0.0,0.0
2022-08-25 12:00:00+09:00,12250.0,12300.0,12150.0,12300.0,210,0.0,0.0
2022-08-25 13:00:00+09:00,12200.0,12300.0,12150.0,12200.0,828,0.0,0.0
2022-08-25 14:00:00+09:00,12150.0,12450.0,12150.0,12250.0,3420,0.0,0.0
2022-08-26 09:00:00+09:00,12250.0,12600.0,12250.0,12400.0,0,0.0,0.0
2022-08-26 10:00:00+09:00,12350.0,12700.0,12350.0,12600.0,3527,0.0,0.0
2022-08-26 11:00:00+09:00,12550.0,12900.0,12550.0,12850.0,6396,0.0,0.0
2022-08-26 12:00:00+09:00,12850.0,13100.0,12850.0,13000.0,7831,0.0,0.0
2022-08-26 13:00:00+09:00,12950.0,13000.0,12700.0,12900.0,2581,0.0,0.0
2022-08-26 14:00:00+09:00,12850.0,13000.0,12600.0,12750.0,4965,0.0,0.0
2022-08-29 09:00:00+09:00,12500.0,12600.0,12000.0,12400.0,0,0.0,0.0
2022-08-29 10:00:00+09:00,12300.0,12350.0,12000.0,12250.0,12035,0.0,0.0
2022-08-29 11:00:00+09:00,12250.0,12250.0,12200.0,12250.0,260,0.0,0.0
2022-08-29 12:00:00+09:00,12250.0,12250.0,12150.0,12150.0,351,0.0,0.0
2022-08-29 13:00:00+09:00,12250.0,12250.0,12000.0,12150.0,2402,0.0,0.0
2022-08-29 14:00:00+09:00,12100.0,12100.0,11950.0,11950.0,5660,0.0,0.0
2022-08-30 09:00:00+09:00,11850.0,12000.0,11750.0,11850.0,0,0.0,0.0
2022-08-30 10:00:00+09:00,11850.0,11950.0,11700.0,11750.0,6535,0.0,0.0
2022-08-30 11:00:00+09:00,11700.0,11800.0,11700.0,11700.0,3081,0.0,0.0
2022-08-30 12:00:00+09:00,11700.0,11800.0,11700.0,11800.0,1888,0.0,0.0
2022-08-30 13:00:00+09:00,11750.0,11800.0,11650.0,11750.0,2805,0.0,0.0
2022-08-30 14:00:00+09:00,11700.0,11750.0,11700.0,11750.0,1570,0.0,0.0
2022-08-31 09:00:00+09:00,11550.0,11800.0,11500.0,11700.0,0,0.0,0.0
2022-08-31 10:00:00+09:00,11750.0,11750.0,11650.0,11650.0,1215,0.0,0.0
2022-08-31 11:00:00+09:00,11650.0,11700.0,11650.0,11700.0,76,0.0,0.0
2022-08-31 12:00:00+09:00,11700.0,11700.0,11600.0,11700.0,605,0.0,0.0
2022-08-31 13:00:00+09:00,11650.0,11700.0,11650.0,11700.0,478,0.0,0.0
2022-08-31 14:00:00+09:00,11700.0,11700.0,11650.0,11700.0,849,0.0,0.0
2022-09-01 09:00:00+09:00,11700.0,11700.0,11500.0,11500.0,0,0.0,0.0
2022-09-01 10:00:00+09:00,11550.0,11600.0,11500.0,11600.0,726,0.0,0.0
2022-09-01 11:00:00+09:00,11600.0,11650.0,11600.0,11600.0,286,0.0,0.0
2022-09-01 12:00:00+09:00,11600.0,11650.0,11500.0,11500.0,796,0.0,0.0
2022-09-01 13:00:00+09:00,11550.0,11550.0,11450.0,11550.0,2044,0.0,0.0
2022-09-01 14:00:00+09:00,11500.0,11550.0,11500.0,11550.0,246,0.0,0.0
2022-09-02 09:00:00+09:00,11600.0,11900.0,11600.0,11800.0,0,0.0,0.0
2022-09-02 10:00:00+09:00,11800.0,11900.0,11600.0,11900.0,1954,0.0,0.0
2022-09-02 11:00:00+09:00,11850.0,11900.0,11700.0,11850.0,261,0.0,0.0
2022-09-02 12:00:00+09:00,11700.0,11850.0,11700.0,11850.0,185,0.0,0.0
2022-09-02 13:00:00+09:00,11850.0,11850.0,11750.0,11750.0,0,0.0,0.0
2022-09-02 14:00:00+09:00,11750.0,11800.0,11700.0,11800.0,5766,0.0,0.0
2022-09-05 09:00:00+09:00,11550.0,11800.0,11500.0,11600.0,0,0.0,0.0
2022-09-05 10:00:00+09:00,11600.0,11700.0,11450.0,11550.0,748,0.0,0.0
2022-09-05 11:00:00+09:00,11550.0,11550.0,11400.0,11400.0,1310,0.0,0.0
2022-09-05 12:00:00+09:00,11400.0,11500.0,11350.0,11500.0,669,0.0,0.0
2022-09-05 13:00:00+09:00,11450.0,11500.0,11350.0,11450.0,76,0.0,0.0
2022-09-05 14:00:00+09:00,11450.0,11450.0,11350.0,11450.0,585,0.0,0.0
2022-09-06 09:00:00+09:00,11450.0,11750.0,11450.0,11650.0,0,0.0,0.0
2022-09-06 10:00:00+09:00,11600.0,11750.0,11600.0,11650.0,660,0.0,0.0
2022-09-06 11:00:00+09:00,11550.0,11600.0,11450.0,11550.0,824,0.0,0.0
2022-09-06 12:00:00+09:00,11500.0,11550.0,11400.0,11550.0,327,0.0,0.0
2022-09-06 13:00:00+09:00,11500.0,11500.0,11350.0,11400.0,224,0.0,0.0
2022-09-06 14:00:00+09:00,11400.0,11500.0,11300.0,11500.0,1149,0.0,0.0
2022-09-07 09:00:00+09:00,11300.0,11500.0,11200.0,11400.0,0,0.0,0.0
2022-09-07 10:00:00+09:00,11400.0,11500.0,11400.0,11500.0,584,0.0,0.0
2022-09-07 11:00:00+09:00,11500.0,11500.0,11350.0,11450.0,565,0.0,0.0
2022-09-07 12:00:00+09:00,11400.0,11450.0,11350.0,11350.0,608,0.0,0.0
2022-09-07 13:00:00+09:00,11400.0,11450.0,11250.0,11350.0,713,0.0,0.0
2022-09-07 14:00:00+09:00,11350.0,11400.0,11200.0,11400.0,352,0.0,0.0
2022-09-08 09:00:00+09:00,11450.0,11600.0,11250.0,11550.0,0,0.0,0.0
2022-09-08 10:00:00+09:00,11500.0,11500.0,11450.0,11500.0,1628,0.0,0.0
2022-09-08 11:00:00+09:00,11500.0,11500.0,11500.0,11500.0,1,0.0,0.0
2022-09-08 12:00:00+09:00,11450.0,11500.0,11400.0,11500.0,357,0.0,0.0
2022-09-08 13:00:00+09:00,11500.0,11500.0,11450.0,11450.0,201,0.0,0.0
2022-09-08 14:00:00+09:00,11450.0,11450.0,11350.0,11400.0,271,0.0,0.0
2022-09-13 09:00:00+09:00,11550.0,11550.0,11400.0,11550.0,0,0.0,0.0
2022-09-13 10:00:00+09:00,11550.0,11550.0,11450.0,11550.0,1423,0.0,0.0
2022-09-13 11:00:00+09:00,11500.0,11550.0,11450.0,11550.0,517,0.0,0.0
2022-09-13 12:00:00+09:00,11550.0,11550.0,11400.0,11500.0,1308,0.0,0.0
2022-09-13 13:00:00+09:00,11500.0,11550.0,11400.0,11550.0,3673,0.0,0.0
2022-09-13 14:00:00+09:00,11500.0,11600.0,11500.0,11600.0,1351,0.0,0.0
2022-09-14 09:00:00+09:00,11150.0,11400.0,11150.0,11300.0,0,0.0,0.0
2022-09-14 10:00:00+09:00,11250.0,11350.0,11200.0,11300.0,1585,0.0,0.0
2022-09-14 11:00:00+09:00,11350.0,11450.0,11350.0,11400.0,647,0.0,0.0
2022-09-14 12:00:00+09:00,11450.0,11450.0,11400.0,11450.0,380,0.0,0.0
2022-09-14 13:00:00+09:00,11400.0,11450.0,11350.0,11400.0,704,0.0,0.0
2022-09-14 14:00:00+09:00,11350.0,11450.0,11300.0,11400.0,1741,0.0,0.0
2022-09-15 09:00:00+09:00,11400.0,11550.0,11250.0,11400.0,0,0.0,0.0
2022-09-15 10:00:00+09:00,11350.0,11650.0,11300.0,11550.0,2278,0.0,0.0
2022-09-15 11:00:00+09:00,11550.0,11550.0,11400.0,11550.0,185,0.0,0.0
2022-09-15 12:00:00+09:00,11450.0,11550.0,11400.0,11500.0,433,0.0,0.0
2022-09-15 13:00:00+09:00,11400.0,11500.0,11350.0,11500.0,140,0.0,0.0
2022-09-15 14:00:00+09:00,11350.0,11450.0,11250.0,11350.0,908,0.0,0.0
2022-09-16 09:00:00+09:00,11300.0,11500.0,11200.0,11200.0,0,0.0,0.0
2022-09-16 10:00:00+09:00,11250.0,11250.0,11200.0,11200.0,325,0.0,0.0
2022-09-16 11:00:00+09:00,11250.0,11300.0,11200.0,11200.0,377,0.0,0.0
2022-09-16 12:00:00+09:00,11200.0,11250.0,11150.0,11150.0,340,0.0,0.0
2022-09-16 13:00:00+09:00,11150.0,11450.0,11150.0,11300.0,2590,0.0,0.0
2022-09-16 14:00:00+09:00,11300.0,11450.0,11200.0,11450.0,2333,0.0,0.0
2022-09-19 09:00:00+09:00,11500.0,11550.0,11200.0,11350.0,0,0.0,0.0
2022-09-19 10:00:00+09:00,11300.0,11450.0,11250.0,11350.0,692,0.0,0.0
2022-09-19 11:00:00+09:00,11250.0,11350.0,11150.0,11350.0,1019,0.0,0.0
2022-09-19 12:00:00+09:00,11300.0,11350.0,11150.0,11300.0,216,0.0,0.0
2022-09-19 13:00:00+09:00,11250.0,11300.0,11150.0,11250.0,299,0.0,0.0
2022-09-19 14:00:00+09:00,11200.0,11250.0,11100.0,11250.0,800,0.0,0.0
2022-09-20 09:00:00+09:00,11200.0,11350.0,11200.0,11300.0,0,0.0,0.0
2022-09-20 10:00:00+09:00,11300.0,11300.0,11050.0,11200.0,2142,0.0,0.0
2022-09-20 11:00:00+09:00,11150.0,11200.0,11150.0,11200.0,7,0.0,0.0
2022-09-20 12:00:00+09:00,11150.0,11200.0,11050.0,11200.0,739,0.0,0.0
2022-09-20 13:00:00+09:00,11250.0,11350.0,11250.0,11300.0,1040,0.0,0.0
2022-09-20 14:00:00+09:00,11300.0,11300.0,11250.0,11300.0,340,0.0,0.0
2022-09-21 09:00:00+09:00,11300.0,11500.0,11100.0,11350.0,0,0.0,0.0
2022-09-21 10:00:00+09:00,11400.0,11450.0,11250.0,11400.0,932,0.0,0.0
2022-09-21 11:00:00+09:00,11350.0,11400.0,11300.0,11400.0,19,0.0,0.0
2022-09-21 12:00:00+09:00,11300.0,11400.0,11250.0,11400.0,578,0.0,0.0
2022-09-21 13:00:00+09:00,11350.0,11350.0,11250.0,11350.0,129,0.0,0.0
2022-09-21 14:00:00+09:00,11300.0,11350.0,11200.0,11250.0,585,0.0,0.0
2022-09-22 09:00:00+09:00,11000.0,11200.0,10800.0,10900.0,0,0.0,0.0
2022-09-22 10:00:00+09:00,10900.0,11100.0,10600.0,11050.0,17521,0.0,0.0
2022-09-22 11:00:00+09:00,11050.0,11050.0,10900.0,10900.0,2399,0.0,0.0
2022-09-22 12:00:00+09:00,10900.0,10950.0,10900.0,10950.0,209,0.0,0.0
2022-09-22 13:00:00+09:00,10900.0,10950.0,10850.0,10850.0,160,0.0,0.0
2022-09-22 14:00:00+09:00,10850.0,11000.0,10850.0,10950.0,363,0.0,0.0
2022-09-23 09:00:00+09:00,10950.0,11000.0,10800.0,10900.0,0,0.0,0.0
2022-09-23 10:00:00+09:00,10900.0,10900.0,10700.0,10750.0,241,0.0,0.0
2022-09-23 11:00:00+09:00,10900.0,10900.0,10600.0,10650.0,1045,0.0,0.0
2022-09-23 12:00:00+09:00,10650.0,10750.0,10350.0,10700.0,5707,0.0,0.0
2022-09-23 13:00:00+09:00,10700.0,10750.0,10450.0,10650.0,1307,0.0,0.0
2022-09-23 14:00:00+09:00,10550.0,10650.0,10300.0,10300.0,2216,0.0,0.0
2022-09-26 09:00:00+09:00,10000.0,10000.0,9830.0,9860.0,6789,0.0,0.0
2022-09-26 10:00:00+09:00,9860.0,9880.0,9810.0,9830.0,10470,0.0,0.0
2022-09-26 11:00:00+09:00,9830.0,9860.0,9830.0,9830.0,2254,0.0,0.0
2022-09-26 12:00:00+09:00,9850.0,9850.0,9810.0,9830.0,1350,0.0,0.0
2022-09-26 13:00:00+09:00,9830.0,9830.0,9710.0,9710.0,12904,0.0,0.0
2022-09-26 14:00:00+09:00,9750.0,9780.0,9600.0,9670.0,8286,0.0,0.0
2022-09-27 09:00:00+09:00,9400.0,9590.0,9400.0,9520.0,0,0.0,0.0
2022-09-27 10:00:00+09:00,9540.0,9590.0,9480.0,9540.0,5223,0.0,0.0
2022-09-27 11:00:00+09:00,9500.0,9520.0,9450.0,9480.0,1365,0.0,0.0
2022-09-27 12:00:00+09:00,9470.0,9480.0,9360.0,9360.0,6110,0.0,0.0
2022-09-27 13:00:00+09:00,9360.0,9480.0,9330.0,9480.0,2563,0.0,0.0
2022-09-27 14:00:00+09:00,9460.0,9490.0,9410.0,9480.0,1725,0.0,0.0
2022-09-28 09:00:00+09:00,9390.0,9680.0,9390.0,9670.0,0,0.0,0.0
2022-09-28 10:00:00+09:00,9670.0,9680.0,9420.0,9420.0,514,0.0,0.0
2022-09-28 11:00:00+09:00,9500.0,9560.0,9300.0,9460.0,1084,0.0,0.0
2022-09-28 12:00:00+09:00,9330.0,9380.0,9120.0,9300.0,1260,0.0,0.0
2022-09-28 13:00:00+09:00,9150.0,9290.0,9140.0,9140.0,682,0.0,0.0
2022-09-28 14:00:00+09:00,9140.0,9230.0,8920.0,9200.0,4002,0.0,0.0
2022-09-29 09:00:00+09:00,9240.0,9500.0,9240.0,9460.0,0,0.0,0.0
2022-09-29 10:00:00+09:00,9460.0,9510.0,9420.0,9490.0,2330,0.0,0.0
2022-09-29 11:00:00+09:00,9490.0,9490.0,9340.0,9440.0,964,0.0,0.0
2022-09-29 12:00:00+09:00,9430.0,9480.0,9430.0,9480.0,302,0.0,0.0
2022-09-29 13:00:00+09:00,9480.0,9500.0,9470.0,9470.0,729,0.0,0.0
2022-09-29 14:00:00+09:00,9470.0,9470.0,9220.0,9300.0,1991,0.0,0.0
2022-09-30 09:00:00+09:00,8800.0,9110.0,8800.0,8940.0,0,0.0,0.0
2022-09-30 10:00:00+09:00,8930.0,8970.0,8820.0,8960.0,2120,0.0,0.0
2022-09-30 11:00:00+09:00,8950.0,8960.0,8900.0,8910.0,1171,0.0,0.0
2022-09-30 12:00:00+09:00,8920.0,8970.0,8920.0,8960.0,961,0.0,0.0
2022-09-30 13:00:00+09:00,8960.0,8970.0,8900.0,8960.0,316,0.0,0.0
2022-09-30 14:00:00+09:00,8960.0,8970.0,8920.0,8970.0,2432,0.0,0.0
2022-10-04 09:00:00+09:00,9010.0,9170.0,9010.0,9150.0,0,0.0,0.0
2022-10-04 10:00:00+09:00,9120.0,9270.0,9120.0,9270.0,1618,0.0,0.0
2022-10-04 11:00:00+09:00,9270.0,9280.0,9220.0,9280.0,669,0.0,0.0
2022-10-04 12:00:00+09:00,9270.0,9280.0,9180.0,9270.0,571,0.0,0.0
2022-10-04 13:00:00+09:00,9260.0,9260.0,9250.0,9260.0,593,0.0,0.0
2022-10-04 14:00:00+09:00,9260.0,9340.0,9260.0,9340.0,2272,0.0,0.0
2022-10-05 09:00:00+09:00,9350.0,9450.0,9330.0,9380.0,0,0.0,0.0
2022-10-05 10:00:00+09:00,9380.0,9400.0,9290.0,9360.0,1259,0.0,0.0
2022-10-05 11:00:00+09:00,9310.0,9350.0,9270.0,9330.0,1994,0.0,0.0
2022-10-05 12:00:00+09:00,9310.0,9330.0,9290.0,9300.0,160,0.0,0.0
2022-10-05 13:00:00+09:00,9290.0,9300.0,9250.0,9280.0,856,0.0,0.0
2022-10-05 14:00:00+09:00,9270.0,9300.0,9230.0,9250.0,845,0.0,0.0
2022-10-06 09:00:00+09:00,9330.0,9420.0,9310.0,9420.0,0,0.0,0.0
2022-10-06 10:00:00+09:00,9400.0,9400.0,9330.0,9390.0,208,0.0,0.0
2022-10-06 11:00:00+09:00,9390.0,9390.0,9340.0,9380.0,323,0.0,0.0
2022-10-06 12:00:00+09:00,9350.0,9450.0,9330.0,9450.0,1221,0.0,0.0
2022-10-06 13:00:00+09:00,9440.0,9440.0,9430.0,9430.0,49,0.0,0.0
2022-10-06 14:00:00+09:00,9410.0,9440.0,9410.0,9430.0,985,0.0,0.0
2022-10-07 09:00:00+09:00,9420.0,9490.0,9360.0,9480.0,0,0.0,0.0
2022-10-07 10:00:00+09:00,9470.0,9480.0,9440.0,9460.0,33,0.0,0.0
2022-10-07 11:00:00+09:00,9460.0,9530.0,9460.0,9530.0,985,0.0,0.0
2022-10-07 12:00:00+09:00,9520.0,9550.0,9520.0,9550.0,377,0.0,0.0
2022-10-07 13:00:00+09:00,9540.0,9590.0,9530.0,9570.0,144,0.0,0.0
2022-10-07 14:00:00+09:00,9530.0,9540.0,9510.0,9530.0,63,0.0,0.0
2022-10-11 09:00:00+09:00,9450.0,9450.0,9100.0,9160.0,0,0.0,0.0
2022-10-11 10:00:00+09:00,9170.0,9240.0,9160.0,9160.0,398,0.0,0.0
2022-10-11 11:00:00+09:00,9190.0,9240.0,9150.0,9220.0,154,0.0,0.0
2022-10-11 12:00:00+09:00,9150.0,9220.0,9110.0,9200.0,393,0.0,0.0
2022-10-11 13:00:00+09:00,9180.0,9190.0,9130.0,9150.0,292,0.0,0.0
2022-10-11 14:00:00+09:00,9150.0,9150.0,9080.0,9140.0,756,0.0,0.0
2022-10-12 09:00:00+09:00,9080.0,9300.0,9080.0,9200.0,0,0.0,0.0
2022-10-12 10:00:00+09:00,9160.0,9190.0,9090.0,9090.0,404,0.0,0.0
2022-10-12 11:00:00+09:00,9080.0,9100.0,9010.0,9090.0,2363,0.0,0.0
2022-10-12 12:00:00+09:00,9030.0,9270.0,9020.0,9250.0,1170,0.0,0.0
2022-10-12 13:00:00+09:00,9200.0,9410.0,9200.0,9410.0,1455,0.0,0.0
2022-10-12 14:00:00+09:00,9400.0,9400.0,9230.0,9340.0,1063,0.0,0.0
2022-10-13 09:00:00+09:00,9370.0,9370.0,9020.0,9040.0,0,0.0,0.0
2022-10-13 10:00:00+09:00,9030.0,9060.0,9000.0,9010.0,1126,0.0,0.0
2022-10-13 11:00:00+09:00,9010.0,9040.0,8990.0,9030.0,673,0.0,0.0
2022-10-13 12:00:00+09:00,9000.0,9040.0,8970.0,9040.0,504,0.0,0.0
2022-10-13 13:00:00+09:00,9040.0,9170.0,9000.0,9000.0,388,0.0,0.0
2022-10-13 14:00:00+09:00,9020.0,9110.0,8980.0,9080.0,1073,0.0,0.0
2022-10-14 09:00:00+09:00,9130.0,9350.0,9110.0,9160.0,0,0.0,0.0
2022-10-14 10:00:00+09:00,9150.0,9300.0,9150.0,9250.0,1087,0.0,0.0
2022-10-14 11:00:00+09:00,9250.0,9300.0,9230.0,9300.0,925,0.0,0.0
2022-10-14 12:00:00+09:00,9280.0,9280.0,9180.0,9270.0,1001,0.0,0.0
2022-10-14 13:00:00+09:00,9200.0,9280.0,9190.0,9280.0,1718,0.0,0.0
2022-10-14 14:00:00+09:00,9260.0,9280.0,9250.0,9270.0,322,0.0,0.0
2022-10-17 09:00:00+09:00,9160.0,9250.0,9000.0,9250.0,0,0.0,0.0
2022-10-17 10:00:00+09:00,9210.0,9250.0,9210.0,9230.0,448,0.0,0.0
2022-10-17 11:00:00+09:00,9230.0,9240.0,9230.0,9240.0,482,0.0,0.0
2022-10-17 12:00:00+09:00,9210.0,9260.0,9200.0,9250.0,286,0.0,0.0
2022-10-17 13:00:00+09:00,9260.0,9300.0,9210.0,9270.0,984,0.0,0.0
2022-10-17 14:00:00+09:00,9270.0,9290.0,9230.0,9280.0,192,0.0,0.0
2022-10-18 09:00:00+09:00,9300.0,9440.0,9300.0,9420.0,0,0.0,0.0
2022-10-18 10:00:00+09:00,9410.0,9420.0,9300.0,9400.0,1624,0.0,0.0
2022-10-18 11:00:00+09:00,9370.0,9370.0,9290.0,9360.0,242,0.0,0.0
2022-10-18 12:00:00+09:00,9350.0,9350.0,9350.0,9350.0,132,0.0,0.0
2022-10-18 13:00:00+09:00,9340.0,9360.0,9200.0,9350.0,1708,0.0,0.0
2022-10-18 14:00:00+09:00,9350.0,9380.0,9330.0,9330.0,1472,0.0,0.0
2022-10-19 09:00:00+09:00,9430.0,9480.0,9380.0,9480.0,0,0.0,0.0
2022-10-19 10:00:00+09:00,9470.0,9480.0,9380.0,9450.0,376,0.0,0.0
2022-10-19 11:00:00+09:00,9450.0,9480.0,9450.0,9480.0,783,0.0,0.0
2022-10-19 12:00:00+09:00,9470.0,9470.0,9450.0,9470.0,69,0.0,0.0
2022-10-19 13:00:00+09:00,9450.0,9470.0,9400.0,9470.0,1648,0.0,0.0
2022-10-19 14:00:00+09:00,9400.0,9450.0,9360.0,9450.0,1662,0.0,0.0
2022-10-20 09:00:00+09:00,9480.0,9490.0,9300.0,9440.0,0,0.0,0.0
2022-10-20 10:00:00+09:00,9450.0,9460.0,9300.0,9430.0,1069,0.0,0.0
2022-10-20 11:00:00+09:00,9420.0,9430.0,9320.0,9430.0,126,0.0,0.0
2022-10-20 13:00:00+09:00,9420.0,9420.0,9320.0,9390.0,265,0.0,0.0
2022-10-20 14:00:00+09:00,9390.0,9610.0,9380.0,9600.0,4410,0.0,0.0
2022-10-21 09:00:00+09:00,9530.0,9850.0,9510.0,9790.0,0,0.0,0.0
2022-10-21 10:00:00+09:00,9770.0,9800.0,9720.0,9780.0,1933,0.0,0.0
2022-10-21 11:00:00+09:00,9770.0,9830.0,9750.0,9800.0,3362,0.0,0.0
2022-10-21 12:00:00+09:00,9800.0,10150.0,9670.0,9760.0,12046,0.0,0.0
2022-10-21 13:00:00+09:00,9760.0,9760.0,9640.0,9730.0,1582,0.0,0.0
2022-10-21 14:00:00+09:00,9760.0,9770.0,9650.0,9670.0,2395,0.0,0.0
2022-10-24 09:00:00+09:00,9760.0,9950.0,9670.0,9860.0,0,0.0,0.0
2022-10-24 10:00:00+09:00,9850.0,9860.0,9700.0,9770.0,1642,0.0,0.0
2022-10-24 11:00:00+09:00,9770.0,9770.0,9730.0,9730.0,731,0.0,0.0
2022-10-24 12:00:00+09:00,9720.0,9840.0,9720.0,9770.0,583,0.0,0.0
2022-10-24 13:00:00+09:00,9750.0,9780.0,9750.0,9770.0,24,0.0,0.0
2022-10-24 14:00:00+09:00,9760.0,9760.0,9730.0,9760.0,0,0.0,0.0
2022-10-25 09:00:00+09:00,9770.0,9940.0,9650.0,9810.0,0,0.0,0.0
2022-10-25 10:00:00+09:00,9800.0,9800.0,9670.0,9760.0,164,0.0,0.0
2022-10-25 11:00:00+09:00,9670.0,9770.0,9450.0,9690.0,1358,0.0,0.0
2022-10-25 12:00:00+09:00,9690.0,9690.0,9530.0,9620.0,339,0.0,0.0
2022-10-25 13:00:00+09:00,9620.0,9760.0,9620.0,9760.0,1576,0.0,0.0
2022-10-25 14:00:00+09:00,9750.0,9760.0,9720.0,9760.0,1851,0.0,0.0
2022-10-26 09:00:00+09:00,9720.0,9870.0,9700.0,9750.0,0,0.0,0.0
2022-10-26 10:00:00+09:00,9750.0,9790.0,9620.0,9780.0,1417,0.0,0.0
2022-10-26 11:00:00+09:00,9760.0,9780.0,9750.0,9780.0,10,0.0,0.0
2022-10-26 12:00:00+09:00,9780.0,9810.0,9770.0,9770.0,547,0.0,0.0
2022-10-26 13:00:00+09:00,9760.0,9770.0,9620.0,9770.0,347,0.0,0.0
2022-10-26 14:00:00+09:00,9780.0,9810.0,9690.0,9690.0,544,0.0,0.0
2022-10-27 09:00:00+09:00,9630.0,9780.0,9630.0,9780.0,0,0.0,0.0
2022-10-27 10:00:00+09:00,9700.0,9770.0,9670.0,9740.0,390,0.0,0.0
2022-10-27 11:00:00+09:00,9680.0,9750.0,9660.0,9680.0,325,0.0,0.0
2022-10-27 12:00:00+09:00,9660.0,9660.0,9550.0,9650.0,1711,0.0,0.0
2022-10-27 13:00:00+09:00,9650.0,9650.0,9570.0,9650.0,429,0.0,0.0
2022-10-27 14:00:00+09:00,9680.0,9740.0,9550.0,9680.0,2716,0.0,0.0
2022-10-28 09:00:00+09:00,9630.0,9680.0,9550.0,9680.0,458,0.0,0.0
2022-10-28 10:00:00+09:00,9680.0,9690.0,9520.0,9530.0,963,0.0,0.0
2022-10-28 11:00:00+09:00,9590.0,9590.0,9500.0,9580.0,1597,0.0,0.0
2022-10-28 12:00:00+09:00,9570.0,9570.0,9510.0,9560.0,309,0.0,0.0
2022-10-28 13:00:00+09:00,9560.0,9560.0,9500.0,9540.0,711,0.0,0.0
2022-10-28 14:00:00+09:00,9530.0,9540.0,9490.0,9520.0,535,0.0,0.0
2022-10-31 09:00:00+09:00,9680.0,9680.0,9550.0,9630.0,0,0.0,0.0
2022-10-31 10:00:00+09:00,9560.0,9670.0,9550.0,9670.0,366,0.0,0.0
2022-10-31 11:00:00+09:00,9560.0,9650.0,9520.0,9650.0,684,0.0,0.0
2022-10-31 13:00:00+09:00,9530.0,9630.0,9450.0,9480.0,961,0.0,0.0
2022-10-31 14:00:00+09:00,9480.0,9620.0,9480.0,9620.0,500,0.0,0.0
2022-11-01 09:00:00+09:00,9640.0,9780.0,9550.0,9690.0,0,0.0,0.0
2022-11-01 10:00:00+09:00,9610.0,9690.0,9610.0,9680.0,221,0.0,0.0
2022-11-01 11:00:00+09:00,9620.0,9680.0,9540.0,9650.0,1084,0.0,0.0
2022-11-01 12:00:00+09:00,9650.0,9680.0,9600.0,9670.0,466,0.0,0.0
2022-11-01 13:00:00+09:00,9670.0,9680.0,9580.0,9670.0,2462,0.0,0.0
2022-11-01 14:00:00+09:00,9620.0,9670.0,9600.0,9660.0,782,0.0,0.0
2022-11-02 09:00:00+09:00,9740.0,9740.0,9620.0,9670.0,0,0.0,0.0
2022-11-02 10:00:00+09:00,9660.0,9680.0,9620.0,9680.0,439,0.0,0.0
2022-11-02 11:00:00+09:00,9670.0,9670.0,9640.0,9670.0,16,0.0,0.0
2022-11-02 12:00:00+09:00,9670.0,9690.0,9620.0,9680.0,1644,0.0,0.0
2022-11-02 13:00:00+09:00,9680.0,9740.0,9620.0,9730.0,1912,0.0,0.0
2022-11-02 14:00:00+09:00,9670.0,9710.0,9660.0,9700.0,625,0.0,0.0
2022-11-03 09:00:00+09:00,9600.0,9630.0,9410.0,9500.0,0,0.0,0.0
2022-11-03 10:00:00+09:00,9500.0,9600.0,9430.0,9430.0,2104,0.0,0.0
2022-11-03 11:00:00+09:00,9430.0,9530.0,9400.0,9530.0,1880,0.0,0.0
2022-11-03 12:00:00+09:00,9500.0,9540.0,9460.0,9460.0,456,0.0,0.0
2022-11-03 13:00:00+09:00,9510.0,9510.0,9500.0,9500.0,60,0.0,0.0
2022-11-03 14:00:00+09:00,9490.0,9510.0,9410.0,9500.0,1859,0.0,0.0
2022-11-04 09:00:00+09:00,9520.0,9560.0,9210.0,9330.0,0,0.0,0.0
2022-11-04 10:00:00+09:00,9210.0,9290.0,9140.0,9280.0,3463,0.0,0.0
2022-11-04 11:00:00+09:00,9280.0,9340.0,9240.0,9250.0,1246,0.0,0.0
2022-11-04 12:00:00+09:00,9250.0,9260.0,9240.0,9240.0,603,0.0,0.0
2022-11-04 13:00:00+09:00,9240.0,9260.0,9100.0,9240.0,8826,0.0,0.0
2022-11-04 14:00:00+09:00,9240.0,9240.0,9180.0,9180.0,1668,0.0,0.0
2022-11-07 09:00:00+09:00,9360.0,9360.0,9110.0,9300.0,0,0.0,0.0
2022-11-07 10:00:00+09:00,9300.0,9320.0,9250.0,9300.0,1111,0.0,0.0
2022-11-07 11:00:00+09:00,9300.0,9300.0,9280.0,9280.0,224,0.0,0.0
2022-11-07 12:00:00+09:00,9280.0,9290.0,9270.0,9290.0,386,0.0,0.0
2022-11-07 13:00:00+09:00,9300.0,9320.0,9270.0,9310.0,1827,0.0,0.0
2022-11-07 14:00:00+09:00,9320.0,9320.0,9290.0,9320.0,713,0.0,0.0
2022-11-08 09:00:00+09:00,9320.0,9380.0,9300.0,9320.0,0,0.0,0.0
2022-11-08 10:00:00+09:00,9320.0,9450.0,9280.0,9440.0,8089,0.0,0.0
2022-11-08 11:00:00+09:00,9440.0,9470.0,9420.0,9430.0,1396,0.0,0.0
2022-11-08 12:00:00+09:00,9430.0,9430.0,9370.0,9410.0,556,0.0,0.0
2022-11-08 13:00:00+09:00,9410.0,9410.0,9320.0,9350.0,230,0.0,0.0
2022-11-08 14:00:00+09:00,9330.0,9400.0,9280.0,9400.0,3012,0.0,0.0
2022-11-09 09:00:00+09:00,9520.0,9530.0,9440.0,9490.0,0,0.0,0.0
2022-11-09 10:00:00+09:00,9490.0,9490.0,9490.0,9490.0,18,0.0,0.0
2022-11-09 11:00:00+09:00,9480.0,9490.0,9440.0,9490.0,589,0.0,0.0
2022-11-09 12:00:00+09:00,9490.0,9490.0,9430.0,9470.0,1081,0.0,0.0
2022-11-09 13:00:00+09:00,9470.0,9520.0,9470.0,9510.0,2713,0.0,0.0
2022-11-09 14:00:00+09:00,9510.0,9520.0,9490.0,9510.0,836,0.0,0.0
2022-11-10 09:00:00+09:00,9560.0,9560.0,9480.0,9520.0,0,0.0,0.0
2022-11-10 10:00:00+09:00,9520.0,9530.0,9470.0,9520.0,1071,0.0,0.0
2022-11-10 11:00:00+09:00,9520.0,9540.0,9300.0,9540.0,7931,0.0,0.0
2022-11-10 12:00:00+09:00,9510.0,9570.0,9510.0,9570.0,919,0.0,0.0
2022-11-10 13:00:00+09:00,9580.0,9690.0,9580.0,9640.0,7487,0.0,0.0
2022-11-10 14:00:00+09:00,9640.0,9690.0,9640.0,9640.0,2114,0.0,0.0
2022-11-11 09:00:00+09:00,9850.0,9880.0,9760.0,9820.0,0,0.0,0.0
2022-11-11 10:00:00+09:00,9820.0,9830.0,9760.0,9760.0,1161,0.0,0.0
2022-11-11 11:00:00+09:00,9760.0,9780.0,9740.0,9770.0,683,0.0,0.0
2022-11-11 12:00:00+09:00,9770.0,9780.0,9760.0,9770.0,188,0.0,0.0
2022-11-11 13:00:00+09:00,9770.0,9810.0,9770.0,9810.0,580,0.0,0.0
2022-11-11 14:00:00+09:00,9800.0,9800.0,9750.0,9760.0,899,0.0,0.0
2022-11-14 09:00:00+09:00,9750.0,9800.0,9750.0,9800.0,0,0.0,0.0
2022-11-14 10:00:00+09:00,9790.0,9800.0,9780.0,9800.0,681,0.0,0.0
2022-11-14 11:00:00+09:00,9790.0,9840.0,9760.0,9840.0,1240,0.0,0.0
2022-11-14 12:00:00+09:00,9830.0,9840.0,9820.0,9840.0,1841,0.0,0.0
2022-11-14 13:00:00+09:00,9850.0,9870.0,9740.0,9790.0,3603,0.0,0.0
2022-11-14 14:00:00+09:00,9790.0,9880.0,9790.0,9860.0,4485,0.0,0.0
2022-11-15 09:00:00+09:00,9720.0,9840.0,9720.0,9790.0,0,0.0,0.0
2022-11-15 10:00:00+09:00,9770.0,9890.0,9750.0,9880.0,2855,0.0,0.0
2022-11-15 11:00:00+09:00,9880.0,10050.0,9870.0,9990.0,7079,0.0,0.0
2022-11-15 12:00:00+09:00,10050.0,10100.0,9990.0,10100.0,1909,0.0,0.0
2022-11-15 13:00:00+09:00,10100.0,10100.0,10000.0,10050.0,0,0.0,0.0
2022-11-15 14:00:00+09:00,10000.0,10100.0,10000.0,10050.0,18118,0.0,0.0
2022-11-16 09:00:00+09:00,10000.0,10200.0,9930.0,10050.0,0,0.0,0.0
2022-11-16 10:00:00+09:00,9980.0,10100.0,9970.0,9970.0,737,0.0,0.0
2022-11-16 11:00:00+09:00,9980.0,10100.0,9980.0,10100.0,342,0.0,0.0
2022-11-16 12:00:00+09:00,10100.0,10150.0,10100.0,10150.0,303,0.0,0.0
2022-11-16 13:00:00+09:00,10150.0,10150.0,10000.0,10000.0,464,0.0,0.0
2022-11-16 14:00:00+09:00,10050.0,10050.0,9960.0,9960.0,937,0.0,0.0
2022-11-17 10:00:00+09:00,9850.0,10150.0,9810.0,10050.0,4509,0.0,0.0
2022-11-17 11:00:00+09:00,10000.0,10100.0,9970.0,10000.0,357,0.0,0.0
2022-11-17 12:00:00+09:00,10000.0,10050.0,9990.0,10000.0,92,0.0,0.0
2022-11-17 13:00:00+09:00,10000.0,10050.0,9980.0,9980.0,0,0.0,0.0
2022-11-17 14:00:00+09:00,9980.0,10100.0,9940.0,10050.0,6895,0.0,0.0
2022-11-18 09:00:00+09:00,9950.0,10100.0,9950.0,10100.0,0,0.0,0.0
2022-11-18 10:00:00+09:00,10100.0,10150.0,10050.0,10150.0,407,0.0,0.0
2022-11-18 11:00:00+09:00,10150.0,10150.0,10100.0,10150.0,257,0.0,0.0
2022-11-18 12:00:00+09:00,10150.0,10600.0,10100.0,10350.0,7350,0.0,0.0
2022-11-18 13:00:00+09:00,10400.0,10750.0,10200.0,10200.0,12923,0.0,0.0
2022-11-18 14:00:00+09:00,10250.0,10550.0,10000.0,10300.0,8390,0.0,0.0
2022-11-21 09:00:00+09:00,10700.0,10700.0,10300.0,10450.0,0,0.0,0.0
2022-11-21 10:00:00+09:00,10400.0,10500.0,10300.0,10350.0,575,0.0,0.0
2022-11-21 11:00:00+09:00,10400.0,10400.0,10150.0,10300.0,1970,0.0,0.0
2022-11-21 12:00:00+09:00,10250.0,10250.0,10100.0,10200.0,490,0.0,0.0
2022-11-21 13:00:00+09:00,10150.0,10200.0,10050.0,10150.0,1898,0.0,0.0
2022-11-21 14:00:00+09:00,10200.0,10200.0,10150.0,10200.0,118,0.0,0.0
2022-11-22 09:00:00+09:00,10000.0,10050.0,9940.0,10050.0,0,0.0,0.0
2022-11-22 10:00:00+09:00,10000.0,10050.0,9970.0,10000.0,174,0.0,0.0
2022-11-22 11:00:00+09:00,10000.0,10050.0,10000.0,10050.0,40,0.0,0.0
2022-11-22 12:00:00+09:00,10000.0,10050.0,10000.0,10050.0,187,0.0,0.0
2022-11-22 13:00:00+09:00,10000.0,10150.0,9990.0,10150.0,415,0.0,0.0
2022-11-22 14:00:00+09:00,10100.0,10300.0,10050.0,10100.0,880,0.0,0.0
2022-11-23 09:00:00+09:00,10300.0,10300.0,10050.0,10150.0,0,0.0,0.0
2022-11-23 10:00:00+09:00,10150.0,10250.0,10150.0,10250.0,639,0.0,0.0
2022-11-23 11:00:00+09:00,10250.0,10300.0,10100.0,10150.0,1256,0.0,0.0
2022-11-23 12:00:00+09:00,10150.0,10200.0,10150.0,10200.0,120,0.0,0.0
2022-11-23 13:00:00+09:00,10150.0,10200.0,10050.0,10150.0,1392,0.0,0.0
2022-11-23 14:00:00+09:00,10100.0,10150.0,10050.0,10150.0,164,0.0,0.0
2022-11-24 09:00:00+09:00,10300.0,10300.0,10150.0,10300.0,0,0.0,0.0
2022-11-24 10:00:00+09:00,10300.0,10500.0,10300.0,10450.0,2373,0.0,0.0
2022-11-24 11:00:00+09:00,10450.0,10450.0,10300.0,10300.0,866,0.0,0.0
2022-11-24 12:00:00+09:00,10400.0,10400.0,10400.0,10400.0,43,0.0,0.0
2022-11-24 13:00:00+09:00,10350.0,10400.0,10250.0,10400.0,1091,0.0,0.0
2022-11-24 14:00:00+09:00,10300.0,10500.0,10300.0,10400.0,2608,0.0,0.0
2022-11-25 09:00:00+09:00,10300.0,10500.0,10300.0,10450.0,0,0.0,0.0
2022-11-25 10:00:00+09:00,10400.0,10450.0,10350.0,10400.0,302,0.0,0.0
2022-11-25 11:00:00+09:00,10400.0,10400.0,10300.0,10400.0,756,0.0,0.0
2022-11-25 12:00:00+09:00,10350.0,10450.0,10350.0,10450.0,962,0.0,0.0
2022-11-25 13:00:00+09:00,10450.0,10650.0,10450.0,10450.0,3267,0.0,0.0
2022-11-25 14:00:00+09:00,10450.0,10500.0,10400.0,10450.0,1538,0.0,0.0
2022-11-28 09:00:00+09:00,10550.0,10550.0,10350.0,10500.0,0,0.0,0.0
2022-11-28 10:00:00+09:00,10450.0,10500.0,10300.0,10300.0,850,0.0,0.0
2022-11-28 11:00:00+09:00,10350.0,10400.0,10300.0,10400.0,161,0.0,0.0
2022-11-28 12:00:00+09:00,10350.0,10400.0,10300.0,10300.0,1571,0.0,0.0
2022-11-28 13:00:00+09:00,10400.0,10400.0,10300.0,10350.0,802,0.0,0.0
2022-11-28 14:00:00+09:00,10350.0,10350.0,10250.0,10250.0,508,0.0,0.0
2022-11-29 09:00:00+09:00,10300.0,10350.0,10150.0,10350.0,0,0.0,0.0
2022-11-29 10:00:00+09:00,10250.0,10350.0,10250.0,10250.0,82,0.0,0.0
2022-11-29 11:00:00+09:00,10250.0,10350.0,10200.0,10350.0,552,0.0,0.0
2022-11-29 12:00:00+09:00,10350.0,10350.0,10350.0,10350.0,2,0.0,0.0
2022-11-29 13:00:00+09:00,10300.0,10300.0,10200.0,10200.0,574,0.0,0.0
2022-11-29 14:00:00+09:00,10300.0,10400.0,10250.0,10400.0,2250,0.0,0.0
2022-11-30 09:00:00+09:00,10200.0,10550.0,10150.0,10500.0,0,0.0,0.0
2022-11-30 10:00:00+09:00,10550.0,10700.0,10500.0,10500.0,3200,0.0,0.0
2022-11-30 11:00:00+09:00,10500.0,10600.0,10450.0,10450.0,600,0.0,0.0
2022-11-30 12:00:00+09:00,10450.0,10550.0,10450.0,10450.0,699,0.0,0.0
2022-11-30 13:00:00+09:00,10550.0,10550.0,10450.0,10500.0,290,0.0,0.0
2022-11-30 14:00:00+09:00,10500.0,10550.0,10500.0,10500.0,238,0.0,0.0
2022-12-01 09:00:00+09:00,10700.0,10700.0,10600.0,10700.0,0,0.0,0.0
2022-12-01 10:00:00+09:00,10650.0,10700.0,10600.0,10650.0,1187,0.0,0.0
2022-12-01 11:00:00+09:00,10650.0,10700.0,10650.0,10650.0,253,0.0,0.0
2022-12-01 12:00:00+09:00,10650.0,10700.0,10600.0,10650.0,2241,0.0,0.0
2022-12-01 13:00:00+09:00,10600.0,10700.0,10600.0,10650.0,947,0.0,0.0
2022-12-01 14:00:00+09:00,10650.0,10750.0,10600.0,10700.0,581,0.0,0.0
2022-12-02 09:00:00+09:00,10650.0,10700.0,10500.0,10700.0,0,0.0,0.0
2022-12-02 10:00:00+09:00,10700.0,10800.0,10600.0,10600.0,279,0.0,0.0
2022-12-02 11:00:00+09:00,10700.0,10850.0,10500.0,10600.0,523,0.0,0.0
2022-12-02 12:00:00+09:00,10650.0,10650.0,10500.0,10650.0,336,0.0,0.0
2022-12-02 13:00:00+09:00,10650.0,10700.0,10650.0,10700.0,271,0.0,0.0
2022-12-02 14:00:00+09:00,10650.0,10650.0,10600.0,10600.0,35,0.0,0.0
2022-12-05 09:00:00+09:00,10700.0,10700.0,10500.0,10700.0,0,0.0,0.0
2022-12-05 10:00:00+09:00,10550.0,10650.0,10500.0,10650.0,297,0.0,0.0
2022-12-05 11:00:00+09:00,10650.0,10650.0,10500.0,10650.0,49,0.0,0.0
2022-12-05 12:00:00+09:00,10600.0,10600.0,10400.0,10550.0,1976,0.0,0.0
2022-12-05 13:00:00+09:00,10500.0,10500.0,10250.0,10400.0,4628,0.0,0.0
2022-12-05 14:00:00+09:00,10400.0,10400.0,10300.0,10400.0,484,0.0,0.0
2022-12-06 09:00:00+09:00,10600.0,10600.0,10300.0,10400.0,0,0.0,0.0
2022-12-06 10:00:00+09:00,10400.0,10400.0,10300.0,10300.0,256,0.0,0.0
2022-12-06 11:00:00+09:00,10400.0,10400.0,10300.0,10300.0,326,0.0,0.0
2022-12-06 12:00:00+09:00,10400.0,10400.0,10300.0,10400.0,64,0.0,0.0
2022-12-06 13:00:00+09:00,10400.0,10400.0,10300.0,10350.0,0,0.0,0.0
2022-12-06 14:00:00+09:00,10350.0,10350.0,10250.0,10300.0,1729,0.0,0.0
2022-12-07 09:00:00+09:00,10300.0,10350.0,10050.0,10250.0,564,0.0,0.0
2022-12-07 10:00:00+09:00,10250.0,10250.0,10050.0,10150.0,1048,0.0,0.0
2022-12-07 11:00:00+09:00,10250.0,10250.0,10050.0,10050.0,777,0.0,0.0
2022-12-07 12:00:00+09:00,10050.0,10200.0,10050.0,10200.0,171,0.0,0.0
2022-12-07 13:00:00+09:00,10200.0,10250.0,10100.0,10250.0,347,0.0,0.0
2022-12-07 14:00:00+09:00,10250.0,10300.0,10250.0,10250.0,58,0.0,0.0
2022-12-08 09:00:00+09:00,10000.0,10200.0,9990.0,9990.0,866,0.0,0.0
2022-12-08 10:00:00+09:00,9990.0,9990.0,9900.0,9940.0,4463,0.0,0.0
2022-12-08 11:00:00+09:00,9940.0,9970.0,9900.0,9970.0,1145,0.0,0.0
2022-12-08 12:00:00+09:00,9970.0,9990.0,9890.0,9990.0,1225,0.0,0.0
2022-12-08 13:00:00+09:00,9980.0,9990.0,9870.0,9870.0,1079,0.0,0.0
2022-12-08 14:00:00+09:00,9960.0,9960.0,9860.0,9940.0,1490,0.0,0.0
2022-12-09 09:00:00+09:00,10000.0,10000.0,9940.0,9970.0,0,0.0,0.0
2022-12-09 10:00:00+09:00,9970.0,10050.0,9960.0,10050.0,1433,0.0,0.0
2022-12-09 11:00:00+09:00,10050.0,10050.0,10000.0,10000.0,44,0.0,0.0
2022-12-09 12:00:00+09:00,10000.0,10050.0,9980.0,10050.0,678,0.0,0.0
2022-12-09 13:00:00+09:00,10050.0,10050.0,9980.0,9990.0,237,0.0,0.0
2022-12-09 14:00:00+09:00,9990.0,9990.0,9970.0,9980.0,212,0.0,0.0
2022-12-12 09:00:00+09:00,9990.0,9990.0,9920.0,9980.0,0,0.0,0.0
2022-12-12 10:00:00+09:00,9980.0,9980.0,9870.0,9970.0,1643,0.0,0.0
2022-12-12 11:00:00+09:00,9910.0,9940.0,9850.0,9940.0,1743,0.0,0.0
2022-12-12 12:00:00+09:00,9940.0,9940.0,9940.0,9940.0,45,0.0,0.0
2022-12-12 13:00:00+09:00,9940.0,9960.0,9940.0,9960.0,275,0.0,0.0
2022-12-12 14:00:00+09:00,9970.0,9970.0,9860.0,9920.0,1222,0.0,0.0
2022-12-13 09:00:00+09:00,10200.0,10350.0,10000.0,10050.0,0,0.0,0.0
2022-12-13 10:00:00+09:00,10100.0,10100.0,10050.0,10100.0,293,0.0,0.0
2022-12-13 11:00:00+09:00,10100.0,10100.0,10000.0,10100.0,699,0.0,0.0
2022-12-13 12:00:00+09:00,10050.0,10050.0,10000.0,10000.0,672,0.0,0.0
2022-12-13 13:00:00+09:00,10000.0,10050.0,9990.0,10050.0,0,0.0,0.0
2022-12-13 14:00:00+09:00,10000.0,10000.0,9970.0,9990.0,8402,0.0,0.0
2022-12-14 09:00:00+09:00,9970.0,10050.0,9920.0,10050.0,0,0.0,0.0
2022-12-14 10:00:00+09:00,10000.0,10050.0,9990.0,9990.0,306,0.0,0.0
2022-12-14 11:00:00+09:00,10050.0,10050.0,10000.0,10000.0,61,0.0,0.0
2022-12-14 12:00:00+09:00,10000.0,10050.0,10000.0,10050.0,31,0.0,0.0
2022-12-14 13:00:00+09:00,10050.0,10100.0,10050.0,10100.0,0,0.0,0.0
2022-12-14 14:00:00+09:00,10050.0,10150.0,10000.0,10100.0,3407,0.0,0.0
2022-12-15 09:00:00+09:00,9970.0,10100.0,9970.0,10100.0,0,0.0,0.0
2022-12-15 10:00:00+09:00,10100.0,10100.0,10000.0,10100.0,1079,0.0,0.0
2022-12-15 11:00:00+09:00,10100.0,10100.0,10100.0,10100.0,14,0.0,0.0
2022-12-15 12:00:00+09:00,10100.0,10100.0,10000.0,10050.0,560,0.0,0.0
2022-12-15 13:00:00+09:00,10050.0,10050.0,10000.0,10050.0,303,0.0,0.0
2022-12-15 14:00:00+09:00,10050.0,10100.0,10050.0,10100.0,18,0.0,0.0
2022-12-16 09:00:00+09:00,9970.0,10100.0,9950.0,9950.0,0,0.0,0.0
2022-12-16 10:00:00+09:00,9960.0,10050.0,9950.0,10050.0,1171,0.0,0.0
2022-12-16 11:00:00+09:00,10050.0,10050.0,10000.0,10050.0,13,0.0,0.0
2022-12-16 12:00:00+09:00,10000.0,10050.0,10000.0,10000.0,154,0.0,0.0
2022-12-16 13:00:00+09:00,10000.0,10050.0,10000.0,10000.0,456,0.0,0.0
2022-12-16 14:00:00+09:00,10050.0,10100.0,10000.0,10100.0,780,0.0,0.0
2022-12-19 09:00:00+09:00,9950.0,10150.0,9950.0,9950.0,925,0.0,0.0
2022-12-19 10:00:00+09:00,9960.0,10000.0,9960.0,9970.0,259,0.0,0.0
2022-12-19 11:00:00+09:00,10000.0,10000.0,10000.0,10000.0,1,0.0,0.0
2022-12-19 12:00:00+09:00,9990.0,10100.0,9990.0,10050.0,532,0.0,0.0
2022-12-19 13:00:00+09:00,10000.0,10250.0,9990.0,10000.0,1138,0.0,0.0
2022-12-19 14:00:00+09:00,10100.0,10150.0,9970.0,10050.0,490,0.0,0.0
2022-12-20 09:00:00+09:00,9990.0,10050.0,9960.0,10050.0,0,0.0,0.0
2022-12-20 10:00:00+09:00,9990.0,9990.0,9950.0,9980.0,142,0.0,0.0
2022-12-20 11:00:00+09:00,9980.0,9980.0,9960.0,9960.0,81,0.0,0.0
2022-12-20 12:00:00+09:00,9960.0,9970.0,9950.0,9950.0,243,0.0,0.0
2022-12-20 13:00:00+09:00,9950.0,9950.0,9870.0,9870.0,1242,0.0,0.0
2022-12-20 14:00:00+09:00,9920.0,9970.0,9880.0,9940.0,252,0.0,0.0
2022-12-21 09:00:00+09:00,9870.0,10000.0,9860.0,9860.0,0,0.0,0.0
2022-12-21 10:00:00+09:00,9880.0,9920.0,9880.0,9920.0,122,0.0,0.0
2022-12-21 11:00:00+09:00,9920.0,9920.0,9920.0,9920.0,91,0.0,0.0
2022-12-21 12:00:00+09:00,9920.0,9920.0,9900.0,9900.0,311,0.0,0.0
2022-12-21 13:00:00+09:00,9920.0,10000.0,9900.0,9900.0,666,0.0,0.0
2022-12-21 14:00:00+09:00,9900.0,9980.0,9900.0,9980.0,48,0.0,0.0
2022-12-22 09:00:00+09:00,9910.0,10000.0,9910.0,10000.0,0,0.0,0.0
2022-12-22 10:00:00+09:00,9990.0,10000.0,9940.0,9990.0,667,0.0,0.0
2022-12-22 11:00:00+09:00,9990.0,9990.0,9970.0,9970.0,55,0.0,0.0
2022-12-22 12:00:00+09:00,9990.0,9990.0,9990.0,9990.0,19,0.0,0.0
2022-12-22 13:00:00+09:00,9990.0,9990.0,9940.0,9980.0,131,0.0,0.0
2022-12-22 14:00:00+09:00,9950.0,9970.0,9950.0,9970.0,61,0.0,0.0
2022-12-23 09:00:00+09:00,9950.0,9950.0,9800.0,9870.0,0,0.0,0.0
2022-12-23 10:00:00+09:00,9890.0,9890.0,9790.0,9800.0,2345,0.0,0.0
2022-12-23 11:00:00+09:00,9790.0,9910.0,9780.0,9870.0,634,0.0,0.0
2022-12-23 12:00:00+09:00,9870.0,9870.0,9750.0,9750.0,598,0.0,0.0
2022-12-23 13:00:00+09:00,9760.0,9780.0,9710.0,9720.0,1237,0.0,0.0
2022-12-23 14:00:00+09:00,9720.0,9780.0,9700.0,9780.0,2554,0.0,0.0
2022-12-26 09:00:00+09:00,9810.0,9810.0,9650.0,9660.0,0,0.0,0.0
2022-12-26 10:00:00+09:00,9660.0,9670.0,9660.0,9660.0,269,0.0,0.0
2022-12-26 11:00:00+09:00,9670.0,9750.0,9660.0,9750.0,375,0.0,0.0
2022-12-26 12:00:00+09:00,9740.0,9770.0,9740.0,9740.0,122,0.0,0.0
2022-12-26 13:00:00+09:00,9720.0,9770.0,9710.0,9760.0,79,0.0,0.0
2022-12-26 14:00:00+09:00,9770.0,9770.0,9670.0,9700.0,1626,0.0,0.0
2022-12-27 09:00:00+09:00,9570.0,9800.0,9570.0,9800.0,0,0.0,0.0
2022-12-27 10:00:00+09:00,9800.0,9830.0,9700.0,9810.0,2307,0.0,0.0
2022-12-27 11:00:00+09:00,9740.0,9800.0,9740.0,9800.0,2,0.0,0.0
2022-12-27 12:00:00+09:00,9800.0,9810.0,9800.0,9810.0,7,0.0,0.0
2022-12-27 13:00:00+09:00,9790.0,9790.0,9710.0,9750.0,67,0.0,0.0
2022-12-27 14:00:00+09:00,9730.0,9730.0,9720.0,9730.0,490,0.0,0.0
2022-12-28 09:00:00+09:00,9880.0,9880.0,9700.0,9840.0,0,0.0,0.0
2022-12-28 10:00:00+09:00,9760.0,9800.0,9720.0,9720.0,184,0.0,0.0
2022-12-28 11:00:00+09:00,9780.0,9800.0,9720.0,9720.0,268,0.0,0.0
2022-12-28 12:00:00+09:00,9770.0,9780.0,9670.0,9700.0,618,0.0,0.0
2022-12-28 13:00:00+09:00,9700.0,9780.0,9680.0,9680.0,134,0.0,0.0
2022-12-28 14:00:00+09:00,9670.0,9670.0,9650.0,9650.0,849,0.0,0.0
2022-12-29 09:00:00+09:00,9550.0,9760.0,9490.0,9540.0,0,0.0,0.0
2022-12-29 10:00:00+09:00,9540.0,9540.0,9510.0,9510.0,216,0.0,0.0
2022-12-29 11:00:00+09:00,9510.0,9540.0,9490.0,9490.0,425,0.0,0.0
2022-12-29 12:00:00+09:00,9510.0,9510.0,9470.0,9470.0,716,0.0,0.0
2022-12-29 13:00:00+09:00,9470.0,9500.0,9470.0,9490.0,157,0.0,0.0
2022-12-29 14:00:00+09:00,9470.0,9500.0,9470.0,9500.0,358,0.0,0.0
2023-01-02 10:00:00+09:00,9470.0,9550.0,9400.0,9420.0,904,0.0,0.0
2023-01-02 11:00:00+09:00,9410.0,9460.0,9350.0,9360.0,1309,0.0,0.0
2023-01-02 12:00:00+09:00,9370.0,9370.0,9250.0,9290.0,1851,0.0,0.0
2023-01-02 13:00:00+09:00,9230.0,9250.0,9200.0,9250.0,1929,0.0,0.0
2023-01-02 14:00:00+09:00,9200.0,9230.0,9180.0,9190.0,776,0.0,0.0
2023-01-03 09:00:00+09:00,9100.0,9210.0,9020.0,9020.0,0,0.0,0.0
2023-01-03 10:00:00+09:00,9010.0,9040.0,8980.0,8980.0,2442,0.0,0.0
2023-01-03 11:00:00+09:00,8990.0,9040.0,8950.0,8970.0,769,0.0,0.0
2023-01-03 12:00:00+09:00,8970.0,9020.0,8960.0,9010.0,955,0.0,0.0
2023-01-03 13:00:00+09:00,9020.0,9110.0,9000.0,9110.0,1189,0.0,0.0
2023-01-03 14:00:00+09:00,9100.0,9100.0,9010.0,9010.0,186,0.0,0.0
2023-01-04 09:00:00+09:00,8850.0,9160.0,8850.0,9050.0,0,0.0,0.0
2023-01-04 10:00:00+09:00,9050.0,9050.0,9000.0,9050.0,64,0.0,0.0
2023-01-04 11:00:00+09:00,9010.0,9160.0,9000.0,9080.0,735,0.0,0.0
2023-01-04 12:00:00+09:00,9080.0,9150.0,9080.0,9080.0,168,0.0,0.0
2023-01-04 13:00:00+09:00,9070.0,9150.0,9070.0,9150.0,152,0.0,0.0
2023-01-04 14:00:00+09:00,9150.0,9150.0,9100.0,9100.0,102,0.0,0.0
2023-01-05 09:00:00+09:00,9210.0,9390.0,9110.0,9170.0,0,0.0,0.0
2023-01-05 10:00:00+09:00,9160.0,9200.0,9120.0,9200.0,116,0.0,0.0
2023-01-05 11:00:00+09:00,9200.0,9200.0,9120.0,9140.0,457,0.0,0.0
2023-01-05 12:00:00+09:00,9140.0,9140.0,9080.0,9130.0,580,0.0,0.0
2023-01-05 13:00:00+09:00,9080.0,9130.0,9070.0,9130.0,204,0.0,0.0
2023-01-05 14:00:00+09:00,9180.0,9230.0,9170.0,9230.0,261,0.0,0.0
2023-01-06 09:00:00+09:00,9220.0,9290.0,9220.0,9280.0,0,0.0,0.0
2023-01-06 10:00:00+09:00,9280.0,9280.0,9280.0,9280.0,574,0.0,0.0
2023-01-06 11:00:00+09:00,9280.0,9300.0,9280.0,9300.0,425,0.0,0.0
2023-01-06 12:00:00+09:00,9300.0,9310.0,9280.0,9290.0,634,0.0,0.0
2023-01-06 13:00:00+09:00,9280.0,9310.0,9280.0,9310.0,360,0.0,0.0
2023-01-06 14:00:00+09:00,9310.0,9370.0,9310.0,9350.0,819,0.0,0.0
2023-01-09 09:00:00+09:00,9510.0,9510.0,9350.0,9410.0,0,0.0,0.0
2023-01-09 10:00:00+09:00,9460.0,9460.0,9390.0,9450.0,424,0.0,0.0
2023-01-09 11:00:00+09:00,9420.0,9450.0,9400.0,9420.0,1363,0.0,0.0
2023-01-09 12:00:00+09:00,9450.0,9460.0,9410.0,9410.0,760,0.0,0.0
2023-01-09 13:00:00+09:00,9470.0,9470.0,9400.0,9460.0,783,0.0,0.0
2023-01-09 14:00:00+09:00,9410.0,9450.0,9410.0,9450.0,17,0.0,0.0
2023-01-10 09:00:00+09:00,9430.0,9430.0,9320.0,9420.0,0,0.0,0.0
2023-01-10 10:00:00+09:00,9420.0,9420.0,9410.0,9410.0,94,0.0,0.0
2023-01-10 11:00:00+09:00,9420.0,9420.0,9400.0,9410.0,180,0.0,0.0
2023-01-10 12:00:00+09:00,9410.0,9420.0,9350.0,9350.0,1947,0.0,0.0
2023-01-10 13:00:00+09:00,9400.0,9400.0,9370.0,9370.0,0,0.0,0.0
2023-01-10 14:00:00+09:00,9370.0,9490.0,9350.0,9480.0,4988,0.0,0.0
2023-01-11 09:00:00+09:00,9490.0,9530.0,9410.0,9490.0,0,0.0,0.0
2023-01-11 10:00:00+09:00,9490.0,9490.0,9450.0,9460.0,458,0.0,0.0
2023-01-11 11:00:00+09:00,9460.0,9470.0,9460.0,9470.0,84,0.0,0.0
2023-01-11 12:00:00+09:00,9470.0,9480.0,9460.0,9480.0,289,0.0,0.0
2023-01-11 13:00:00+09:00,9480.0,9530.0,9470.0,9520.0,1874,0.0,0.0
2023-01-11 14:00:00+09:00,9520.0,9530.0,9520.0,9520.0,1394,0.0,0.0
2023-01-12 09:00:00+09:00,9520.0,9660.0,9520.0,9650.0,0,0.0,0.0
2023-01-12 10:00:00+09:00,9640.0,9650.0,9630.0,9630.0,308,0.0,0.0
2023-01-12 11:00:00+09:00,9630.0,9630.0,9630.0,9630.0,33,0.0,0.0
2023-01-12 12:00:00+09:00,9620.0,9630.0,9620.0,9630.0,73,0.0,0.0
2023-01-12 13:00:00+09:00,9630.0,9630.0,9630.0,9630.0,6,0.0,0.0
2023-01-12 14:00:00+09:00,9630.0,9630.0,9620.0,9620.0,21,0.0,0.0
2023-01-13 09:00:00+09:00,9590.0,9670.0,9590.0,9630.0,0,0.0,0.0
2023-01-13 10:00:00+09:00,9630.0,9650.0,9620.0,9650.0,441,0.0,0.0
2023-01-13 11:00:00+09:00,9650.0,9650.0,9620.0,9640.0,556,0.0,0.0
2023-01-13 12:00:00+09:00,9640.0,9640.0,9620.0,9620.0,44,0.0,0.0
2023-01-13 13:00:00+09:00,9630.0,9640.0,9630.0,9630.0,631,0.0,0.0
2023-01-13 14:00:00+09:00,9630.0,9640.0,9630.0,9640.0,87,0.0,0.0
2023-01-16 09:00:00+09:00,9620.0,9720.0,9620.0,9680.0,0,0.0,0.0
2023-01-16 10:00:00+09:00,9680.0,9680.0,9620.0,9680.0,1231,0.0,0.0
2023-01-16 11:00:00+09:00,9640.0,9690.0,9620.0,9690.0,485,0.0,0.0
2023-01-16 12:00:00+09:00,9670.0,9690.0,9660.0,9690.0,141,0.0,0.0
2023-01-16 13:00:00+09:00,9670.0,9710.0,9660.0,9710.0,510,0.0,0.0
2023-01-16 14:00:00+09:00,9720.0,9720.0,9710.0,9710.0,21,0.0,0.0
2023-01-17 09:00:00+09:00,9100.0,9760.0,9100.0,9700.0,0,0.0,0.0
2023-01-17 10:00:00+09:00,9710.0,9750.0,9700.0,9700.0,1443,0.0,0.0
2023-01-17 11:00:00+09:00,9700.0,9700.0,9690.0,9690.0,813,0.0,0.0
2023-01-17 12:00:00+09:00,9680.0,9700.0,9670.0,9700.0,114,0.0,0.0
2023-01-17 13:00:00+09:00,9700.0,9700.0,9660.0,9680.0,342,0.0,0.0
2023-01-17 14:00:00+09:00,9680.0,9690.0,9670.0,9680.0,522,0.0,0.0
2023-01-18 09:00:00+09:00,9700.0,9860.0,9700.0,9840.0,0,0.0,0.0
2023-01-18 10:00:00+09:00,9830.0,10050.0,9750.0,9900.0,3348,0.0,0.0
2023-01-18 11:00:00+09:00,9890.0,9970.0,9830.0,9940.0,1209,0.0,0.0
2023-01-18 12:00:00+09:00,9860.0,9860.0,9760.0,9760.0,2495,0.0,0.0
2023-01-18 13:00:00+09:00,9840.0,9840.0,9760.0,9790.0,159,0.0,0.0
2023-01-18 14:00:00+09:00,9800.0,9840.0,9800.0,9830.0,77,0.0,0.0
2023-01-19 09:00:00+09:00,9850.0,9930.0,9730.0,9930.0,0,0.0,0.0
2023-01-19 10:00:00+09:00,9940.0,9940.0,9850.0,9860.0,3098,0.0,0.0
2023-01-19 11:00:00+09:00,9910.0,9930.0,9900.0,9920.0,46,0.0,0.0
2023-01-19 12:00:00+09:00,9900.0,9920.0,9810.0,9900.0,340,0.0,0.0
2023-01-19 13:00:00+09:00,9890.0,9890.0,9880.0,9890.0,619,0.0,0.0
2023-01-19 14:00:00+09:00,9890.0,9890.0,9840.0,9860.0,505,0.0,0.0
2023-01-20 09:00:00+09:00,9830.0,9890.0,9830.0,9890.0,0,0.0,0.0
2023-01-20 10:00:00+09:00,9880.0,9890.0,9870.0,9880.0,0,0.0,0.0
2023-01-20 11:00:00+09:00,9880.0,9880.0,9870.0,9880.0,623,0.0,0.0
2023-01-20 12:00:00+09:00,9880.0,9880.0,9860.0,9870.0,262,0.0,0.0
2023-01-20 13:00:00+09:00,9870.0,9890.0,9860.0,9890.0,659,0.0,0.0
2023-01-20 14:00:00+09:00,9890.0,9950.0,9880.0,9930.0,1510,0.0,0.0
2023-01-25 09:00:00+09:00,10000.0,10000.0,9900.0,9900.0,0,0.0,0.0
2023-01-25 10:00:00+09:00,9900.0,9900.0,9530.0,9800.0,3241,0.0,0.0
2023-01-25 11:00:00+09:00,9820.0,9900.0,9820.0,9870.0,543,0.0,0.0
2023-01-25 12:00:00+09:00,9870.0,9900.0,9860.0,9900.0,319,0.0,0.0
2023-01-25 13:00:00+09:00,9900.0,9950.0,9860.0,9870.0,2687,0.0,0.0
2023-01-25 14:00:00+09:00,9870.0,9940.0,9870.0,9930.0,435,0.0,0.0
2023-01-26 09:00:00+09:00,9920.0,9990.0,9880.0,9960.0,2548,0.0,0.0
2023-01-26 10:00:00+09:00,9960.0,10030.0,9960.0,10000.0,2124,0.0,0.0
2023-01-26 11:00:00+09:00,10010.0,10110.0,10010.0,10050.0,2388,0.0,0.0
2023-01-26 12:00:00+09:00,10050.0,10080.0,10020.0,10030.0,875,0.0,0.0
2023-01-26 13:00:00+09:00,10000.0,10030.0,9910.0,9990.0,841,0.0,0.0
2023-01-26 14:00:00+09:00,9930.0,9990.0,9930.0,9990.0,613,0.0,0.0
2023-01-27 09:00:00+09:00,10140.0,10150.0,10000.0,10100.0,1072,0.0,0.0
2023-01-27 10:00:00+09:00,10100.0,10130.0,10000.0,10120.0,454,0.0,0.0
2023-01-27 11:00:00+09:00,10080.0,10100.0,10000.0,10080.0,222,0.0,0.0
2023-01-27 12:00:00+09:00,10080.0,10080.0,9810.0,9950.0,4086,0.0,0.0
2023-01-27 13:00:00+09:00,9970.0,9990.0,9900.0,9930.0,650,0.0,0.0
2023-01-27 14:00:00+09:00,9990.0,9990.0,9950.0,9980.0,134,0.0,0.0
2023-01-30 09:00:00+09:00,10050.0,10050.0,9850.0,9850.0,0,0.0,0.0
2023-01-30 10:00:00+09:00,9970.0,9970.0,9860.0,9970.0,304,0.0,0.0
2023-01-30 11:00:00+09:00,9970.0,9970.0,9900.0,9950.0,54,0.0,0.0
2023-01-30 12:00:00+09:00,9950.0,9950.0,9900.0,9940.0,177,0.0,0.0
2023-01-30 13:00:00+09:00,9940.0,9940.0,9900.0,9920.0,99,0.0,0.0
2023-01-30 14:00:00+09:00,9920.0,9930.0,9860.0,9930.0,830,0.0,0.0
2023-01-31 09:00:00+09:00,9860.0,9950.0,9850.0,9910.0,0,0.0,0.0
2023-01-31 10:00:00+09:00,9930.0,9950.0,9850.0,9950.0,1028,0.0,0.0
2023-01-31 11:00:00+09:00,9950.0,9950.0,9910.0,9930.0,241,0.0,0.0
2023-01-31 12:00:00+09:00,9930.0,9930.0,9900.0,9920.0,701,0.0,0.0
2023-01-31 13:00:00+09:00,9920.0,9920.0,9870.0,9870.0,601,0.0,0.0
2023-01-31 14:00:00+09:00,9890.0,9900.0,9840.0,9890.0,2123,0.0,0.0
2023-02-01 09:00:00+09:00,9900.0,10000.0,9870.0,9990.0,0,0.0,0.0
2023-02-01 10:00:00+09:00,9950.0,10000.0,9950.0,10000.0,555,0.0,0.0
2023-02-01 11:00:00+09:00,10000.0,10000.0,9930.0,9990.0,584,0.0,0.0
2023-02-01 12:00:00+09:00,9970.0,10000.0,9970.0,9990.0,1719,0.0,0.0
2023-02-01 13:00:00+09:00,10000.0,10000.0,9970.0,9970.0,155,0.0,0.0
2023-02-01 14:00:00+09:00,9990.0,10000.0,9950.0,9950.0,2124,0.0,0.0
2023-02-02 09:00:00+09:00,10000.0,10130.0,10000.0,10130.0,0,0.0,0.0
2023-02-02 10:00:00+09:00,10110.0,10130.0,9900.0,10010.0,6981,0.0,0.0
2023-02-02 11:00:00+09:00,10010.0,10010.0,9900.0,10010.0,3801,0.0,0.0
2023-02-02 12:00:00+09:00,10010.0,10010.0,9900.0,10000.0,1035,0.0,0.0
2023-02-02 13:00:00+09:00,10000.0,10000.0,9830.0,9920.0,8591,0.0,0.0
2023-02-02 14:00:00+09:00,9920.0,9950.0,9860.0,9950.0,3046,0.0,0.0
2023-02-03 09:00:00+09:00,9910.0,10150.0,9910.0,10150.0,0,0.0,0.0
2023-02-03 10:00:00+09:00,10150.0,10150.0,9990.0,10000.0,2029,0.0,0.0
2023-02-03 11:00:00+09:00,10000.0,10000.0,9990.0,10000.0,273,0.0,0.0
2023-02-03 12:00:00+09:00,10000.0,10080.0,9980.0,10080.0,1322,0.0,0.0
2023-02-03 13:00:00+09:00,10080.0,10090.0,9970.0,9980.0,1445,0.0,0.0
2023-02-03 14:00:00+09:00,10050.0,10050.0,10010.0,10010.0,306,0.0,0.0
2023-02-06 09:00:00+09:00,10060.0,10060.0,9910.0,9930.0,0,0.0,0.0
2023-02-06 10:00:00+09:00,9950.0,9990.0,9910.0,9970.0,1129,0.0,0.0
2023-02-06 11:00:00+09:00,9960.0,10010.0,9910.0,10010.0,2111,0.0,0.0
2023-02-06 12:00:00+09:00,10010.0,10010.0,9970.0,9980.0,81,0.0,0.0
2023-02-06 13:00:00+09:00,10000.0,10000.0,9970.0,9970.0,295,0.0,0.0
2023-02-06 14:00:00+09:00,9980.0,9980.0,9940.0,9970.0,1034,0.0,0.0
2023-02-07 09:00:00+09:00,9940.0,10000.0,9920.0,9970.0,0,0.0,0.0
2023-02-07 10:00:00+09:00,9970.0,10000.0,9900.0,9990.0,2085,0.0,0.0
2023-02-07 11:00:00+09:00,9960.0,9990.0,9960.0,9980.0,850,0.0,0.0
2023-02-07 12:00:00+09:00,9990.0,9990.0,9960.0,9980.0,303,0.0,0.0
2023-02-07 13:00:00+09:00,9960.0,9990.0,9960.0,9970.0,657,0.0,0.0
2023-02-07 14:00:00+09:00,9970.0,10070.0,9960.0,10040.0,4028,0.0,0.0
2023-02-08 09:00:00+09:00,10050.0,10170.0,10010.0,10010.0,1414,0.0,0.0
2023-02-08 10:00:00+09:00,10020.0,10050.0,10010.0,10050.0,570,0.0,0.0
2023-02-08 11:00:00+09:00,10050.0,10080.0,10020.0,10070.0,1392,0.0,0.0
2023-02-08 12:00:00+09:00,10030.0,10140.0,10020.0,10130.0,1815,0.0,0.0
2023-02-08 13:00:00+09:00,10130.0,10130.0,10000.0,10070.0,2762,0.0,0.0
2023-02-08 14:00:00+09:00,10040.0,10040.0,10010.0,10040.0,1413,0.0,0.0
2023-02-09 09:00:00+09:00,10090.0,10090.0,10010.0,10010.0,0,0.0,0.0
2023-02-09 10:00:00+09:00,10020.0,10050.0,10020.0,10030.0,313,0.0,0.0
2023-02-09 11:00:00+09:00,10030.0,10100.0,10010.0,10100.0,895,0.0,0.0
2023-02-09 12:00:00+09:00,10050.0,10110.0,10040.0,10100.0,1275,0.0,0.0
2023-02-09 13:00:00+09:00,10100.0,10110.0,10040.0,10100.0,729,0.0,0.0
2023-02-09 14:00:00+09:00,10030.0,10100.0,9990.0,10070.0,3504,0.0,0.0
2023-02-10 09:00:00+09:00,10060.0,10120.0,9900.0,9960.0,2521,0.0,0.0
2023-02-10 10:00:00+09:00,9980.0,10000.0,9950.0,10000.0,3073,0.0,0.0
2023-02-10 11:00:00+09:00,9990.0,10030.0,9960.0,10030.0,365,0.0,0.0
2023-02-10 12:00:00+09:00,9980.0,10040.0,9960.0,10030.0,225,0.0,0.0
2023-02-10 13:00:00+09:00,9970.0,9970.0,9930.0,9940.0,1110,0.0,0.0
2023-02-10 14:00:00+09:00,9940.0,10020.0,9890.0,9970.0,2980,0.0,0.0
2023-02-13 09:00:00+09:00,10000.0,10000.0,9710.0,9940.0,0,0.0,0.0
2023-02-13 10:00:00+09:00,9940.0,9940.0,9860.0,9860.0,973,0.0,0.0
2023-02-13 11:00:00+09:00,9870.0,9870.0,9800.0,9860.0,1539,0.0,0.0
2023-02-13 12:00:00+09:00,9870.0,9940.0,9820.0,9880.0,788,0.0,0.0
2023-02-13 13:00:00+09:00,9930.0,9940.0,9860.0,9930.0,854,0.0,0.0
2023-02-13 14:00:00+09:00,9930.0,9930.0,9850.0,9880.0,1106,0.0,0.0
2023-02-14 09:00:00+09:00,9790.0,9990.0,9790.0,9850.0,0,0.0,0.0
2023-02-14 10:00:00+09:00,9910.0,9910.0,9840.0,9890.0,588,0.0,0.0
2023-02-14 11:00:00+09:00,9880.0,9920.0,9860.0,9920.0,2640,0.0,0.0
2023-02-14 12:00:00+09:00,9920.0,9920.0,9700.0,9830.0,11727,0.0,0.0
2023-02-14 13:00:00+09:00,9830.0,9850.0,9720.0,9840.0,1750,0.0,0.0
2023-02-14 14:00:00+09:00,9780.0,9900.0,9730.0,9760.0,2974,0.0,0.0
2023-02-15 09:00:00+09:00,9840.0,9850.0,9700.0,9700.0,0,0.0,0.0
2023-02-15 10:00:00+09:00,9760.0,9810.0,9710.0,9750.0,1252,0.0,0.0
2023-02-15 11:00:00+09:00,9740.0,9790.0,9710.0,9740.0,305,0.0,0.0
2023-02-15 12:00:00+09:00,9730.0,9730.0,9670.0,9710.0,2511,0.0,0.0
2023-02-15 13:00:00+09:00,9710.0,9720.0,9670.0,9700.0,764,0.0,0.0
2023-02-15 14:00:00+09:00,9660.0,9680.0,9570.0,9570.0,3040,0.0,0.0
2023-02-16 09:00:00+09:00,9520.0,9670.0,9520.0,9630.0,0,0.0,0.0
2023-02-16 10:00:00+09:00,9660.0,9700.0,9530.0,9600.0,2459,0.0,0.0
2023-02-16 11:00:00+09:00,9600.0,9850.0,9600.0,9640.0,2417,0.0,0.0
2023-02-16 12:00:00+09:00,9650.0,9690.0,9620.0,9620.0,377,0.0,0.0
2023-02-16 13:00:00+09:00,9620.0,9670.0,9590.0,9640.0,962,0.0,0.0
2023-02-16 14:00:00+09:00,9640.0,9650.0,9620.0,9650.0,677,0.0,0.0
2023-02-17 09:00:00+09:00,9720.0,9720.0,9590.0,9680.0,0,0.0,0.0
2023-02-17 10:00:00+09:00,9690.0,9690.0,9620.0,9620.0,601,0.0,0.0
2023-02-17 11:00:00+09:00,9620.0,9640.0,9610.0,9640.0,209,0.0,0.0
2023-02-17 12:00:00+09:00,9640.0,9640.0,9500.0,9560.0,4041,0.0,0.0
2023-02-17 13:00:00+09:00,9560.0,9610.0,9560.0,9610.0,86,0.0,0.0
2023-02-17 14:00:00+09:00,9610.0,9610.0,9520.0,9530.0,1339,0.0,0.0
2023-02-20 09:00:00+09:00,9500.0,9600.0,9450.0,9520.0,0,0.0,0.0
2023-02-20 10:00:00+09:00,9520.0,9620.0,9520.0,9620.0,1311,0.0,0.0
2023-02-20 11:00:00+09:00,9620.0,9620.0,9600.0,9600.0,554,0.0,0.0
2023-02-20 12:00:00+09:00,9600.0,9610.0,9600.0,9600.0,421,0.0,0.0
2023-02-20 13:00:00+09:00,9600.0,9600.0,9530.0,9560.0,1540,0.0,0.0
2023-02-20 14:00:00+09:00,9570.0,9580.0,9550.0,9550.0,539,0.0,0.0
2023-02-21 09:00:00+09:00,9670.0,9670.0,9540.0,9570.0,0,0.0,0.0
2023-02-21 10:00:00+09:00,9570.0,9640.0,9560.0,9630.0,103,0.0,0.0
2023-02-21 11:00:00+09:00,9630.0,9630.0,9630.0,9630.0,502,0.0,0.0
2023-02-21 12:00:00+09:00,9630.0,9630.0,9630.0,9630.0,2,0.0,0.0
2023-02-21 13:00:00+09:00,9590.0,9630.0,9560.0,9560.0,1130,0.0,0.0
2023-02-21 14:00:00+09:00,9560.0,9600.0,9550.0,9590.0,695,0.0,0.0
2023-02-22 09:00:00+09:00,9550.0,9570.0,9470.0,9470.0,0,0.0,0.0
2023-02-22 10:00:00+09:00,9530.0,9530.0,9390.0,9450.0,2891,0.0,0.0
2023-02-22 11:00:00+09:00,9450.0,9450.0,9400.0,9400.0,1475,0.0,0.0
2023-02-22 12:00:00+09:00,9400.0,9410.0,9380.0,9380.0,2532,0.0,0.0
2023-02-22 13:00:00+09:00,9380.0,9420.0,9360.0,9360.0,1320,0.0,0.0
2023-02-22 14:00:00+09:00,9370.0,9410.0,9310.0,9410.0,3717,0.0,0.0
2023-02-23 09:00:00+09:00,9390.0,9450.0,9350.0,9350.0,0,0.0,0.0
2023-02-23 10:00:00+09:00,9360.0,9370.0,9350.0,9370.0,2087,0.0,0.0
2023-02-23 11:00:00+09:00,9370.0,9400.0,9310.0,9400.0,2233,0.0,0.0
2023-02-23 12:00:00+09:00,9400.0,9510.0,9400.0,9500.0,2405,0.0,0.0
2023-02-23 13:00:00+09:00,9490.0,9490.0,9370.0,9370.0,1377,0.0,0.0
2023-02-23 14:00:00+09:00,9380.0,9450.0,9380.0,9430.0,303,0.0,0.0
2023-02-24 09:00:00+09:00,9510.0,9510.0,9390.0,9420.0,0,0.0,0.0
2023-02-24 10:00:00+09:00,9400.0,9420.0,9310.0,9370.0,1150,0.0,0.0
2023-02-24 11:00:00+09:00,9350.0,9370.0,9340.0,9340.0,63,0.0,0.0
2023-02-24 12:00:00+09:00,9350.0,9350.0,9340.0,9350.0,75,0.0,0.0
2023-02-24 13:00:00+09:00,9350.0,9380.0,9310.0,9330.0,914,0.0,0.0
2023-02-24 14:00:00+09:00,9330.0,9410.0,9310.0,9410.0,1439,0.0,0.0
2023-02-27 09:00:00+09:00,9310.0,9310.0,9190.0,9240.0,0,0.0,0.0
2023-02-27 10:00:00+09:00,9200.0,9250.0,9110.0,9220.0,4298,0.0,0.0
2023-02-27 11:00:00+09:00,9210.0,9240.0,9200.0,9240.0,501,0.0,0.0
2023-02-27 12:00:00+09:00,9240.0,9240.0,9220.0,9220.0,1912,0.0,0.0
2023-02-27 13:00:00+09:00,9260.0,9260.0,9200.0,9200.0,155,0.0,0.0
2023-02-27 14:00:00+09:00,9200.0,9280.0,9190.0,9280.0,438,0.0,0.0
2023-02-28 09:00:00+09:00,9120.0,9290.0,9120.0,9230.0,0,0.0,0.0
2023-02-28 10:00:00+09:00,9240.0,9240.0,9230.0,9230.0,117,0.0,0.0
2023-02-28 11:00:00+09:00,9230.0,9230.0,9220.0,9220.0,95,0.0,0.0
2023-02-28 12:00:00+09:00,9220.0,9240.0,9220.0,9240.0,1452,0.0,0.0
2023-02-28 13:00:00+09:00,9250.0,9300.0,9240.0,9260.0,611,0.0,0.0
2023-02-28 14:00:00+09:00,9240.0,9270.0,9190.0,9240.0,1014,0.0,0.0
2023-03-02 09:00:00+09:00,9240.0,9270.0,9120.0,9250.0,0,0.0,0.0
2023-03-02 10:00:00+09:00,9240.0,9250.0,9220.0,9220.0,639,0.0,0.0
2023-03-02 11:00:00+09:00,9220.0,9240.0,9210.0,9220.0,504,0.0,0.0
2023-03-02 12:00:00+09:00,9220.0,9240.0,9180.0,9240.0,387,0.0,0.0
2023-03-02 13:00:00+09:00,9190.0,9230.0,9190.0,9200.0,302,0.0,0.0
2023-03-02 14:00:00+09:00,9200.0,9220.0,9150.0,9220.0,2922,0.0,0.0
2023-03-03 09:00:00+09:00,9170.0,9290.0,9130.0,9270.0,0,0.0,0.0
2023-03-03 10:00:00+09:00,9260.0,9260.0,9180.0,9240.0,1227,0.0,0.0
2023-03-03 11:00:00+09:00,9230.0,9230.0,9220.0,9220.0,372,0.0,0.0
2023-03-03 12:00:00+09:00,9230.0,9230.0,9110.0,9210.0,4194,0.0,0.0
2023-03-03 13:00:00+09:00,9210.0,9220.0,9180.0,9210.0,0,0.0,0.0
2023-03-03 14:00:00+09:00,9210.0,9230.0,9210.0,9220.0,9714,0.0,0.0
2023-03-06 09:00:00+09:00,9500.0,9500.0,9130.0,9140.0,0,0.0,0.0
2023-03-06 10:00:00+09:00,9200.0,11780.0,9200.0,11160.0,713905,0.0,0.0
2023-03-06 11:00:00+09:00,11160.0,11390.0,10800.0,10920.0,524921,0.0,0.0
2023-03-06 12:00:00+09:00,10930.0,11280.0,10720.0,11100.0,233602,0.0,0.0
2023-03-06 13:00:00+09:00,11100.0,11280.0,10720.0,11210.0,146132,0.0,0.0
2023-03-06 14:00:00+09:00,11190.0,11980.0,11040.0,11850.0,1251356,0.0,0.0
2023-03-07 09:00:00+09:00,11440.0,12310.0,11260.0,11590.0,0,0.0,0.0
2023-03-07 10:00:00+09:00,11590.0,11680.0,11510.0,11580.0,29799,0.0,0.0
2023-03-07 11:00:00+09:00,11580.0,11720.0,11540.0,11560.0,22811,0.0,0.0
2023-03-07 12:00:00+09:00,11560.0,11640.0,11470.0,11550.0,31202,0.0,0.0
2023-03-07 13:00:00+09:00,11550.0,11610.0,11500.0,11590.0,25127,0.0,0.0
2023-03-07 14:00:00+09:00,11590.0,12000.0,11560.0,11830.0,204442,0.0,0.0
2023-03-08 09:00:00+09:00,11720.0,11960.0,11530.0,11620.0,0,0.0,0.0
2023-03-08 10:00:00+09:00,11620.0,11700.0,11580.0,11650.0,16352,0.0,0.0
2023-03-08 11:00:00+09:00,11650.0,11650.0,11590.0,11610.0,11670,0.0,0.0
2023-03-08 12:00:00+09:00,11610.0,11620.0,11520.0,11530.0,19002,0.0,0.0
2023-03-08 13:00:00+09:00,11530.0,11560.0,11480.0,11550.0,24137,0.0,0.0
2023-03-08 14:00:00+09:00,11560.0,11750.0,11530.0,11600.0,14272,0.0,0.0
2023-03-09 09:00:00+09:00,11550.0,11710.0,11310.0,11470.0,0,0.0,0.0
2023-03-09 10:00:00+09:00,11480.0,11730.0,11470.0,11540.0,16140,0.0,0.0
2023-03-09 11:00:00+09:00,11540.0,11670.0,11530.0,11560.0,11603,0.0,0.0
2023-03-09 12:00:00+09:00,11570.0,12040.0,11550.0,11770.0,57617,0.0,0.0
2023-03-09 13:00:00+09:00,11770.0,11850.0,11680.0,11790.0,17728,0.0,0.0
2023-03-09 14:00:00+09:00,11790.0,11910.0,11700.0,11770.0,24348,0.0,0.0
2023-03-10 09:00:00+09:00,11340.0,11900.0,11010.0,11500.0,0,0.0,0.0
2023-03-10 10:00:00+09:00,11510.0,11510.0,11240.0,11360.0,23074,0.0,0.0
2023-03-10 11:00:00+09:00,11360.0,11600.0,11330.0,11560.0,7598,0.0,0.0
2023-03-10 12:00:00+09:00,11540.0,11550.0,11310.0,11400.0,11113,0.0,0.0
2023-03-10 13:00:00+09:00,11340.0,11340.0,11160.0,11220.0,13091,0.0,0.0
2023-03-10 14:00:00+09:00,11190.0,11400.0,11190.0,11280.0,9444,0.0,0.0
2023-03-13 09:00:00+09:00,11220.0,11330.0,10640.0,10810.0,0,0.0,0.0
2023-03-13 10:00:00+09:00,10810.0,10830.0,10630.0,10800.0,14678,0.0,0.0
2023-03-13 11:00:00+09:00,10800.0,10870.0,10710.0,10850.0,5503,0.0,0.0
2023-03-13 12:00:00+09:00,10850.0,10920.0,10840.0,10890.0,8859,0.0,0.0
2023-03-13 13:00:00+09:00,10860.0,10880.0,10800.0,10840.0,3061,0.0,0.0
2023-03-13 14:00:00+09:00,10870.0,10890.0,10830.0,10890.0,2367,0.0,0.0
2023-03-14 09:00:00+09:00,10660.0,10850.0,10600.0,10670.0,0,0.0,0.0
2023-03-14 10:00:00+09:00,10670.0,11720.0,10610.0,10880.0,242473,0.0,0.0
2023-03-14 11:00:00+09:00,10850.0,10970.0,10820.0,10900.0,12729,0.0,0.0
2023-03-14 12:00:00+09:00,10900.0,11090.0,10770.0,10800.0,82429,0.0,0.0
2023-03-14 13:00:00+09:00,10810.0,10850.0,10720.0,10810.0,15431,0.0,0.0
2023-03-14 14:00:00+09:00,10820.0,10820.0,10750.0,10800.0,12900,0.0,0.0
2023-03-15 09:00:00+09:00,10910.0,11390.0,10870.0,11130.0,0,0.0,0.0
2023-03-15 10:00:00+09:00,11150.0,11150.0,10710.0,10810.0,76131,0.0,0.0
2023-03-15 11:00:00+09:00,10820.0,10840.0,10750.0,10800.0,11918,0.0,0.0
2023-03-15 12:00:00+09:00,10800.0,10840.0,10770.0,10780.0,5739,0.0,0.0
2023-03-15 13:00:00+09:00,10780.0,10820.0,10740.0,10790.0,5760,0.0,0.0
2023-03-15 14:00:00+09:00,10790.0,10790.0,10550.0,10700.0,31291,0.0,0.0
2023-03-16 09:00:00+09:00,10700.0,10700.0,10250.0,10460.0,0,0.0,0.0
2023-03-16 10:00:00+09:00,10410.0,10650.0,10360.0,10640.0,9245,0.0,0.0
2023-03-16 11:00:00+09:00,10630.0,10850.0,10630.0,10730.0,25150,0.0,0.0
2023-03-16 12:00:00+09:00,10760.0,10760.0,10640.0,10650.0,7187,0.0,0.0
2023-03-16 13:00:00+09:00,10680.0,10800.0,10670.0,10790.0,9659,0.0,0.0
2023-03-16 14:00:00+09:00,10790.0,10850.0,10720.0,10800.0,10561,0.0,0.0
2023-03-17 09:00:00+09:00,10900.0,11040.0,10780.0,10980.0,0,0.0,0.0
2023-03-17 10:00:00+09:00,10970.0,10970.0,10860.0,10940.0,11743,0.0,0.0
2023-03-17 11:00:00+09:00,10960.0,10960.0,10870.0,10890.0,9333,0.0,0.0
2023-03-17 12:00:00+09:00,10890.0,10940.0,10850.0,10900.0,8702,0.0,0.0
2023-03-17 13:00:00+09:00,10930.0,11040.0,10880.0,10880.0,23539,0.0,0.0
2023-03-17 14:00:00+09:00,10900.0,10910.0,10790.0,10840.0,19643,0.0,0.0
2023-03-20 09:00:00+09:00,10730.0,11140.0,10730.0,11070.0,0,0.0,0.0
2023-03-20 10:00:00+09:00,11070.0,11150.0,10990.0,11050.0,21154,0.0,0.0
2023-03-20 11:00:00+09:00,11050.0,11110.0,11030.0,11080.0,8460,0.0,0.0
2023-03-20 12:00:00+09:00,11080.0,11180.0,11060.0,11150.0,18342,0.0,0.0
2023-03-20 13:00:00+09:00,11150.0,11220.0,11040.0,11040.0,17797,0.0,0.0
2023-03-20 14:00:00+09:00,11040.0,11190.0,10960.0,11000.0,17934,0.0,0.0
2023-03-21 09:00:00+09:00,11200.0,11280.0,11020.0,11110.0,0,0.0,0.0
2023-03-21 10:00:00+09:00,11090.0,11140.0,11000.0,11070.0,18119,0.0,0.0
2023-03-21 11:00:00+09:00,11070.0,11100.0,11030.0,11040.0,3135,0.0,0.0
2023-03-21 12:00:00+09:00,11000.0,11070.0,11000.0,11000.0,8171,0.0,0.0
2023-03-21 13:00:00+09:00,11000.0,11030.0,10960.0,11000.0,8220,0.0,0.0
2023-03-21 14:00:00+09:00,11000.0,11020.0,10940.0,11000.0,7570,0.0,0.0
2023-03-22 09:00:00+09:00,11080.0,11250.0,11000.0,11210.0,0,0.0,0.0
2023-03-22 10:00:00+09:00,11210.0,11210.0,11120.0,11180.0,15316,0.0,0.0
2023-03-22 11:00:00+09:00,11170.0,11190.0,11130.0,11160.0,6162,0.0,0.0
2023-03-22 12:00:00+09:00,11160.0,11190.0,11100.0,11180.0,8844,0.0,0.0
2023-03-22 13:00:00+09:00,11180.0,11190.0,11060.0,11100.0,7644,0.0,0.0
2023-03-22 14:00:00+09:00,11070.0,11140.0,11000.0,11110.0,11193,0.0,0.0
2023-03-23 09:00:00+09:00,11110.0,11110.0,10870.0,10880.0,0,0.0,0.0
2023-03-23 10:00:00+09:00,10880.0,10930.0,10840.0,10880.0,8249,0.0,0.0
2023-03-23 11:00:00+09:00,10900.0,11000.0,10890.0,11000.0,4524,0.0,0.0
2023-03-23 12:00:00+09:00,10990.0,10990.0,10910.0,10930.0,5050,0.0,0.0
2023-03-23 13:00:00+09:00,10940.0,10980.0,10920.0,10930.0,4477,0.0,0.0
2023-03-23 14:00:00+09:00,10930.0,10980.0,10910.0,10910.0,9509,0.0,0.0
2023-03-24 09:00:00+09:00,11190.0,11190.0,10850.0,10950.0,0,0.0,0.0
2023-03-24 10:00:00+09:00,10970.0,11020.0,10940.0,11020.0,3514,0.0,0.0
2023-03-24 11:00:00+09:00,11020.0,11020.0,10990.0,11020.0,1120,0.0,0.0
2023-03-24 12:00:00+09:00,11010.0,11060.0,11000.0,11030.0,2644,0.0,0.0
2023-03-24 13:00:00+09:00,11030.0,11060.0,10970.0,11030.0,8071,0.0,0.0
2023-03-24 14:00:00+09:00,11030.0,11150.0,11020.0,11150.0,10219,0.0,0.0
2023-03-27 09:00:00+09:00,11240.0,11240.0,10850.0,10940.0,0,0.0,0.0
2023-03-27 10:00:00+09:00,10980.0,10990.0,10900.0,10940.0,7483,0.0,0.0
2023-03-27 11:00:00+09:00,10940.0,11090.0,10930.0,11070.0,6869,0.0,0.0
2023-03-27 12:00:00+09:00,11060.0,11100.0,11000.0,11100.0,5784,0.0,0.0
2023-03-27 13:00:00+09:00,11070.0,11100.0,11040.0,11080.0,2923,0.0,0.0
2023-03-27 14:00:00+09:00,11060.0,11060.0,11000.0,11020.0,3388,0.0,0.0
2023-03-28 09:00:00+09:00,11040.0,11290.0,11030.0,11240.0,0,0.0,0.0
2023-03-28 10:00:00+09:00,11230.0,11300.0,11110.0,11200.0,15560,0.0,0.0
2023-03-28 11:00:00+09:00,11190.0,11220.0,11150.0,11200.0,6393,0.0,0.0
2023-03-28 12:00:00+09:00,11190.0,11230.0,11180.0,11210.0,2849,0.0,0.0
2023-03-28 13:00:00+09:00,11210.0,11250.0,11210.0,11240.0,6103,0.0,0.0
2023-03-28 14:00:00+09:00,11250.0,11260.0,11120.0,11210.0,12342,0.0,0.0
2023-03-29 09:00:00+09:00,11250.0,11250.0,11000.0,11070.0,0,0.0,0.0
2023-03-29 10:00:00+09:00,11070.0,11190.0,11010.0,11140.0,7995,0.0,0.0
2023-03-29 11:00:00+09:00,11140.0,11140.0,11080.0,11140.0,3952,0.0,0.0
2023-03-29 12:00:00+09:00,11130.0,11230.0,11100.0,11200.0,2530,0.0,0.0
2023-03-29 13:00:00+09:00,11200.0,11210.0,11100.0,11150.0,10279,0.0,0.0
2023-03-29 14:00:00+09:00,11170.0,11190.0,11120.0,11160.0,7140,0.0,0.0
2023-03-30 09:00:00+09:00,11200.0,11490.0,11200.0,11440.0,0,0.0,0.0
2023-03-30 10:00:00+09:00,11440.0,11530.0,11320.0,11320.0,25679,0.0,0.0
2023-03-30 11:00:00+09:00,11320.0,11360.0,11270.0,11340.0,4879,0.0,0.0
2023-03-30 12:00:00+09:00,11310.0,11390.0,11300.0,11390.0,5444,0.0,0.0
2023-03-30 13:00:00+09:00,11390.0,11400.0,11310.0,11370.0,4524,0.0,0.0
2023-03-30 14:00:00+09:00,11350.0,11390.0,11330.0,11390.0,6105,0.0,0.0
2023-03-31 09:00:00+09:00,11510.0,11510.0,11330.0,11370.0,0,0.0,0.0
2023-03-31 10:00:00+09:00,11370.0,11400.0,11290.0,11330.0,12343,0.0,0.0
2023-03-31 11:00:00+09:00,11320.0,11370.0,11280.0,11280.0,4803,0.0,0.0
2023-03-31 12:00:00+09:00,11280.0,11320.0,11260.0,11260.0,5211,0.0,0.0
2023-03-31 13:00:00+09:00,11300.0,11360.0,11170.0,11190.0,17224,0.0,0.0
2023-03-31 14:00:00+09:00,11170.0,11170.0,10970.0,11060.0,19680,0.0,0.0
2023-04-03 09:00:00+09:00,10930.0,11020.0,10580.0,10740.0,0,0.0,0.0
2023-04-03 10:00:00+09:00,10740.0,10790.0,10620.0,10660.0,7481,0.0,0.0
2023-04-03 11:00:00+09:00,10700.0,10740.0,10660.0,10680.0,2770,0.0,0.0
2023-04-03 12:00:00+09:00,10670.0,10700.0,10650.0,10660.0,5362,0.0,0.0
2023-04-03 13:00:00+09:00,10690.0,10740.0,10650.0,10660.0,7410,0.0,0.0
2023-04-03 14:00:00+09:00,10710.0,10710.0,10640.0,10680.0,7359,0.0,0.0
2023-04-04 09:00:00+09:00,10530.0,10770.0,10530.0,10650.0,0,0.0,0.0
2023-04-04 10:00:00+09:00,10660.0,10850.0,10650.0,10800.0,9226,0.0,0.0
2023-04-04 11:00:00+09:00,10800.0,10930.0,10770.0,10860.0,6724,0.0,0.0
2023-04-04 12:00:00+09:00,10860.0,10920.0,10850.0,10900.0,3638,0.0,0.0
2023-04-04 13:00:00+09:00,10920.0,10920.0,10880.0,10920.0,2841,0.0,0.0
2023-04-04 14:00:00+09:00,10920.0,10920.0,10800.0,10870.0,4377,0.0,0.0
2023-04-05 09:00:00+09:00,10900.0,10930.0,10700.0,10780.0,0,0.0,0.0
2023-04-05 10:00:00+09:00,10790.0,10870.0,10710.0,10810.0,4699,0.0,0.0
2023-04-05 11:00:00+09:00,10810.0,10830.0,10780.0,10830.0,1895,0.0,0.0
2023-04-05 12:00:00+09:00,10830.0,10910.0,10820.0,10880.0,2296,0.0,0.0
2023-04-05 13:00:00+09:00,10890.0,10960.0,10870.0,10890.0,7620,0.0,0.0
2023-04-05 14:00:00+09:00,10890.0,10890.0,10830.0,10850.0,2738,0.0,0.0
2023-04-06 09:00:00+09:00,10750.0,10850.0,10610.0,10680.0,0,0.0,0.0
2023-04-06 10:00:00+09:00,10680.0,10800.0,10610.0,10760.0,2739,0.0,0.0
2023-04-06 11:00:00+09:00,10760.0,10760.0,10630.0,10640.0,3753,0.0,0.0
2023-04-06 12:00:00+09:00,10650.0,10680.0,10640.0,10660.0,1876,0.0,0.0
2023-04-06 13:00:00+09:00,10660.0,10680.0,10620.0,10670.0,7518,0.0,0.0
2023-04-06 14:00:00+09:00,10640.0,10670.0,10600.0,10650.0,6702,0.0,0.0
2023-04-07 09:00:00+09:00,10750.0,10840.0,10560.0,10680.0,0,0.0,0.0
2023-04-07 10:00:00+09:00,10690.0,10810.0,10690.0,10800.0,3802,0.0,0.0
2023-04-07 11:00:00+09:00,10800.0,10800.0,10720.0,10740.0,3708,0.0,0.0
2023-04-07 12:00:00+09:00,10740.0,10770.0,10710.0,10740.0,1371,0.0,0.0
2023-04-07 13:00:00+09:00,10750.0,10760.0,10680.0,10680.0,2952,0.0,0.0
2023-04-07 14:00:00+09:00,10670.0,10730.0,10640.0,10720.0,2358,0.0,0.0
2023-04-10 09:00:00+09:00,10650.0,10680.0,10520.0,10530.0,0,0.0,0.0
2023-04-10 10:00:00+09:00,10530.0,10610.0,10500.0,10600.0,6533,0.0,0.0
2023-04-10 11:00:00+09:00,10600.0,10600.0,10510.0,10520.0,4702,0.0,0.0
2023-04-10 12:00:00+09:00,10520.0,10590.0,10510.0,10510.0,2774,0.0,0.0
2023-04-10 13:00:00+09:00,10510.0,10720.0,10500.0,10550.0,7967,0.0,0.0
2023-04-10 14:00:00+09:00,10590.0,10700.0,10580.0,10600.0,2973,0.0,0.0
2023-04-11 09:00:00+09:00,10600.0,10890.0,10510.0,10800.0,0,0.0,0.0
2023-04-11 10:00:00+09:00,10820.0,10860.0,10730.0,10790.0,9100,0.0,0.0
2023-04-11 11:00:00+09:00,10790.0,10860.0,10790.0,10830.0,5975,0.0,0.0
2023-04-11 12:00:00+09:00,10820.0,10820.0,10760.0,10790.0,2001,0.0,0.0
2023-04-11 13:00:00+09:00,10790.0,10980.0,10780.0,10910.0,10936,0.0,0.0
2023-04-11 14:00:00+09:00,10910.0,10990.0,10870.0,10960.0,9804,0.0,0.0
2023-04-12 09:00:00+09:00,11200.0,11250.0,11030.0,11190.0,0,0.0,0.0
2023-04-12 10:00:00+09:00,11160.0,11510.0,11140.0,11260.0,72219,0.0,0.0
2023-04-12 11:00:00+09:00,11300.0,11490.0,11280.0,11360.0,22284,0.0,0.0
2023-04-12 12:00:00+09:00,11370.0,11390.0,11310.0,11390.0,10738,0.0,0.0
2023-04-12 13:00:00+09:00,11400.0,11420.0,11340.0,11360.0,6658,0.0,0.0
2023-04-12 14:00:00+09:00,11360.0,11360.0,11190.0,11270.0,15028,0.0,0.0
2023-04-13 09:00:00+09:00,11700.0,11720.0,11400.0,11500.0,0,0.0,0.0
2023-04-13 10:00:00+09:00,11500.0,11500.0,11280.0,11330.0,17896,0.0,0.0
2023-04-13 11:00:00+09:00,11330.0,11450.0,11330.0,11450.0,8426,0.0,0.0
2023-04-13 12:00:00+09:00,11450.0,11530.0,11420.0,11430.0,7232,0.0,0.0
2023-04-13 13:00:00+09:00,11450.0,11500.0,11400.0,11490.0,5082,0.0,0.0
2023-04-13 14:00:00+09:00,11480.0,11500.0,11400.0,11410.0,5562,0.0,0.0
2023-04-14 09:00:00+09:00,11450.0,11450.0,11160.0,11300.0,0,0.0,0.0
2023-04-14 10:00:00+09:00,11290.0,11500.0,11290.0,11450.0,17214,0.0,0.0
2023-04-14 11:00:00+09:00,11440.0,11460.0,11380.0,11390.0,5585,0.0,0.0
2023-04-14 12:00:00+09:00,11440.0,11490.0,11380.0,11490.0,7461,0.0,0.0
2023-04-14 13:00:00+09:00,11490.0,11610.0,11470.0,11600.0,23058,0.0,0.0
2023-04-14 14:00:00+09:00,11560.0,12150.0,11550.0,11910.0,163875,0.0,0.0
2023-04-17 09:00:00+09:00,12020.0,12040.0,11600.0,11630.0,0,0.0,0.0
2023-04-17 10:00:00+09:00,11610.0,11820.0,11590.0,11700.0,26011,0.0,0.0
2023-04-17 11:00:00+09:00,11700.0,11810.0,11700.0,11790.0,5243,0.0,0.0
2023-04-17 12:00:00+09:00,11790.0,11790.0,11700.0,11710.0,5841,0.0,0.0
2023-04-17 13:00:00+09:00,11710.0,11770.0,11710.0,11740.0,2726,0.0,0.0
2023-04-17 14:00:00+09:00,11730.0,11770.0,11650.0,11680.0,14931,0.0,0.0
2023-04-18 09:00:00+09:00,11860.0,11860.0,11270.0,11320.0,0,0.0,0.0
2023-04-18 10:00:00+09:00,11320.0,11500.0,11300.0,11500.0,8543,0.0,0.0
2023-04-18 11:00:00+09:00,11480.0,11490.0,11320.0,11320.0,6977,0.0,0.0
2023-04-18 12:00:00+09:00,11330.0,11410.0,11220.0,11260.0,18259,0.0,0.0
2023-04-18 13:00:00+09:00,11260.0,11410.0,11240.0,11330.0,6913,0.0,0.0
2023-04-18 14:00:00+09:00,11330.0,11400.0,11320.0,11330.0,4498,0.0,0.0
2023-04-19 09:00:00+09:00,11400.0,11820.0,11360.0,11800.0,0,0.0,0.0
2023-04-19 10:00:00+09:00,11790.0,11800.0,11670.0,11800.0,21215,0.0,0.0
2023-04-19 11:00:00+09:00,11800.0,12210.0,11800.0,12000.0,69239,0.0,0.0
2023-04-19 12:00:00+09:00,11980.0,12050.0,11850.0,11850.0,14055,0.0,0.0
2023-04-19 13:00:00+09:00,11850.0,11950.0,11800.0,11910.0,6505,0.0,0.0
2023-04-19 14:00:00+09:00,11900.0,11910.0,11720.0,11800.0,13252,0.0,0.0
2023-04-20 09:00:00+09:00,12220.0,12220.0,11800.0,11850.0,0,0.0,0.0
2023-04-20 10:00:00+09:00,11850.0,11850.0,11550.0,11580.0,22591,0.0,0.0
2023-04-20 11:00:00+09:00,11590.0,11650.0,11550.0,11620.0,5584,0.0,0.0
2023-04-20 12:00:00+09:00,11620.0,11710.0,11590.0,11630.0,3749,0.0,0.0
2023-04-20 13:00:00+09:00,11640.0,11640.0,11570.0,11570.0,6283,0.0,0.0
2023-04-20 14:00:00+09:00,11570.0,11580.0,11430.0,11500.0,21889,0.0,0.0
2023-04-21 09:00:00+09:00,11450.0,11570.0,11080.0,11100.0,0,0.0,0.0
2023-04-21 10:00:00+09:00,11160.0,11220.0,11050.0,11120.0,10337,0.0,0.0
2023-04-21 11:00:00+09:00,11120.0,11160.0,11100.0,11100.0,3970,0.0,0.0
2023-04-21 12:00:00+09:00,11090.0,11140.0,11050.0,11110.0,5237,0.0,0.0
2023-04-21 13:00:00+09:00,11120.0,11120.0,10990.0,11060.0,7419,0.0,0.0
2023-04-21 14:00:00+09:00,11060.0,11120.0,11010.0,11050.0,5479,0.0,0.0
2023-04-24 09:00:00+09:00,11000.0,11150.0,10800.0,11050.0,0,0.0,0.0
2023-04-24 10:00:00+09:00,11050.0,11070.0,10740.0,10790.0,8625,0.0,0.0
2023-04-24 11:00:00+09:00,10740.0,10830.0,10720.0,10830.0,2405,0.0,0.0
2023-04-24 12:00:00+09:00,10830.0,10870.0,10750.0,10780.0,2818,0.0,0.0
2023-04-24 13:00:00+09:00,10800.0,10870.0,10760.0,10850.0,1639,0.0,0.0
2023-04-24 14:00:00+09:00,10850.0,10860.0,10740.0,10840.0,3231,0.0,0.0
2023-04-25 09:00:00+09:00,10900.0,10900.0,10740.0,10850.0,0,0.0,0.0
2023-04-25 10:00:00+09:00,10850.0,10870.0,10590.0,10590.0,10712,0.0,0.0
2023-04-25 11:00:00+09:00,10600.0,10860.0,10590.0,10790.0,3692,0.0,0.0
2023-04-25 12:00:00+09:00,10740.0,10900.0,10740.0,10850.0,1868,0.0,0.0
2023-04-25 13:00:00+09:00,10800.0,11040.0,10800.0,11000.0,9956,0.0,0.0
2023-04-25 14:00:00+09:00,10990.0,11130.0,10950.0,11050.0,6876,0.0,0.0
2023-04-26 09:00:00+09:00,11000.0,11000.0,10760.0,10900.0,0,0.0,0.0
2023-04-26 10:00:00+09:00,10900.0,11080.0,10900.0,11040.0,1137,0.0,0.0
2023-04-26 11:00:00+09:00,11040.0,11040.0,10890.0,10900.0,2109,0.0,0.0
2023-04-26 12:00:00+09:00,10890.0,10950.0,10850.0,10880.0,802,0.0,0.0
2023-04-26 13:00:00+09:00,10880.0,10950.0,10870.0,10890.0,1245,0.0,0.0
2023-04-26 14:00:00+09:00,10880.0,10900.0,10820.0,10890.0,2285,0.0,0.0
2023-04-27 09:00:00+09:00,10730.0,10930.0,10690.0,10810.0,0,0.0,0.0
2023-04-27 10:00:00+09:00,10770.0,10920.0,10770.0,10920.0,1996,0.0,0.0
2023-04-27 11:00:00+09:00,10920.0,10930.0,10800.0,10920.0,2110,0.0,0.0
2023-04-27 12:00:00+09:00,10890.0,10940.0,10830.0,10830.0,1074,0.0,0.0
2023-04-27 13:00:00+09:00,10830.0,10870.0,10750.0,10870.0,2256,0.0,0.0
2023-04-27 14:00:00+09:00,10900.0,11150.0,10890.0,11130.0,6145,0.0,0.0
2023-04-28 09:00:00+09:00,11180.0,11180.0,10900.0,10990.0,0,0.0,0.0
2023-04-28 10:00:00+09:00,10990.0,11030.0,10940.0,11000.0,1702,0.0,0.0
2023-04-28 11:00:00+09:00,11000.0,11040.0,10930.0,10930.0,2431,0.0,0.0
2023-04-28 12:00:00+09:00,11000.0,11000.0,10830.0,10910.0,7050,0.0,0.0
2023-04-28 13:00:00+09:00,10880.0,10950.0,10850.0,10870.0,1364,0.0,0.0
2023-04-28 14:00:00+09:00,10870.0,10910.0,10830.0,10860.0,3683,0.0,0.0
2023-05-02 09:00:00+09:00,11010.0,11200.0,10830.0,11140.0,0,0.0,0.0
2023-05-02 10:00:00+09:00,11190.0,11290.0,11180.0,11240.0,8644,0.0,0.0
2023-05-02 11:00:00+09:00,11240.0,11360.0,11220.0,11270.0,6458,0.0,0.0
2023-05-02 12:00:00+09:00,11300.0,11320.0,11200.0,11230.0,1883,0.0,0.0
2023-05-02 13:00:00+09:00,11240.0,11290.0,11200.0,11250.0,2048,0.0,0.0
2023-05-02 14:00:00+09:00,11210.0,11260.0,11210.0,11260.0,2014,0.0,0.0
2023-05-03 09:00:00+09:00,11270.0,11500.0,11000.0,11410.0,0,0.0,0.0
2023-05-03 10:00:00+09:00,11410.0,11410.0,11350.0,11380.0,838,0.0,0.0
2023-05-03 11:00:00+09:00,11370.0,11450.0,11360.0,11430.0,1828,0.0,0.0
2023-05-03 12:00:00+09:00,11430.0,11430.0,11350.0,11400.0,1873,0.0,0.0
2023-05-03 13:00:00+09:00,11370.0,11370.0,11270.0,11270.0,5133,0.0,0.0
2023-05-03 14:00:00+09:00,11260.0,11340.0,11220.0,11290.0,5192,0.0,0.0
2023-05-04 09:00:00+09:00,11300.0,11420.0,11200.0,11220.0,0,0.0,0.0
2023-05-04 10:00:00+09:00,11250.0,11280.0,11170.0,11170.0,5815,0.0,0.0
2023-05-04 11:00:00+09:00,11210.0,11260.0,11150.0,11190.0,1388,0.0,0.0
2023-05-04 12:00:00+09:00,11200.0,11240.0,11190.0,11210.0,904,0.0,0.0
2023-05-04 13:00:00+09:00,11200.0,11340.0,11190.0,11230.0,4251,0.0,0.0
2023-05-04 14:00:00+09:00,11240.0,11350.0,11210.0,11260.0,1180,0.0,0.0
2023-05-08 09:00:00+09:00,11400.0,11510.0,11320.0,11400.0,0,0.0,0.0
2023-05-08 10:00:00+09:00,11400.0,11450.0,11370.0,11370.0,1782,0.0,0.0
2023-05-08 11:00:00+09:00,11370.0,11380.0,11320.0,11320.0,2093,0.0,0.0
2023-05-08 12:00:00+09:00,11330.0,11330.0,11260.0,11260.0,3365,0.0,0.0
2023-05-08 13:00:00+09:00,11300.0,11310.0,11180.0,11200.0,2093,0.0,0.0
2023-05-08 14:00:00+09:00,11230.0,11270.0,11190.0,11210.0,2473,0.0,0.0
2023-05-09 09:00:00+09:00,11120.0,11460.0,11030.0,11050.0,0,0.0,0.0
2023-05-09 10:00:00+09:00,11030.0,11100.0,10960.0,11030.0,4619,0.0,0.0
2023-05-09 11:00:00+09:00,11030.0,11120.0,11030.0,11050.0,2477,0.0,0.0
2023-05-09 12:00:00+09:00,11110.0,11110.0,10970.0,11000.0,2007,0.0,0.0
2023-05-09 13:00:00+09:00,11000.0,11040.0,10980.0,10990.0,907,0.0,0.0
2023-05-09 14:00:00+09:00,11030.0,11050.0,10990.0,11050.0,876,0.0,0.0
2023-05-10 09:00:00+09:00,11000.0,11140.0,10940.0,11030.0,0,0.0,0.0
2023-05-10 10:00:00+09:00,11060.0,11130.0,11040.0,11080.0,1546,0.0,0.0
2023-05-10 11:00:00+09:00,11100.0,11210.0,11080.0,11200.0,4043,0.0,0.0
2023-05-10 12:00:00+09:00,11160.0,11160.0,11120.0,11130.0,1135,0.0,0.0
2023-05-10 13:00:00+09:00,11130.0,11150.0,11050.0,11130.0,1041,0.0,0.0
2023-05-10 14:00:00+09:00,11110.0,11140.0,11050.0,11130.0,1219,0.0,0.0
2023-05-11 09:00:00+09:00,11130.0,11340.0,11130.0,11320.0,0,0.0,0.0
2023-05-11 10:00:00+09:00,11330.0,11330.0,11250.0,11290.0,0,0.0,0.0
2023-05-11 11:00:00+09:00,11270.0,11310.0,11220.0,11310.0,10692,0.0,0.0
2023-05-11 12:00:00+09:00,11300.0,11300.0,11260.0,11280.0,355,0.0,0.0
2023-05-11 13:00:00+09:00,11250.0,11290.0,11240.0,11270.0,729,0.0,0.0
2023-05-11 14:00:00+09:00,11270.0,11280.0,11160.0,11160.0,3694,0.0,0.0
2023-05-12 09:00:00+09:00,11150.0,11150.0,11000.0,11070.0,0,0.0,0.0
2023-05-12 10:00:00+09:00,11070.0,11110.0,11020.0,11080.0,2516,0.0,0.0
2023-05-12 11:00:00+09:00,11080.0,11110.0,11040.0,11040.0,716,0.0,0.0
2023-05-12 12:00:00+09:00,11040.0,11120.0,11030.0,11090.0,1380,0.0,0.0
2023-05-12 13:00:00+09:00,11090.0,11200.0,11060.0,11080.0,1899,0.0,0.0
2023-05-12 14:00:00+09:00,11080.0,11080.0,11010.0,11040.0,4011,0.0,0.0
2023-05-15 09:00:00+09:00,11030.0,11030.0,10840.0,10850.0,0,0.0,0.0
2023-05-15 10:00:00+09:00,10850.0,10950.0,10850.0,10950.0,3274,0.0,0.0
2023-05-15 11:00:00+09:00,10900.0,10900.0,10850.0,10850.0,1539,0.0,0.0
2023-05-15 12:00:00+09:00,10860.0,10860.0,10840.0,10840.0,2417,0.0,0.0
2023-05-15 13:00:00+09:00,10840.0,10870.0,10840.0,10840.0,1296,0.0,0.0
2023-05-15 14:00:00+09:00,10870.0,10950.0,10850.0,10950.0,677,0.0,0.0
2023-05-16 09:00:00+09:00,11000.0,11430.0,11000.0,11360.0,8732,0.0,0.0
2023-05-16 10:00:00+09:00,11350.0,11480.0,11280.0,11390.0,15543,0.0,0.0
2023-05-16 11:00:00+09:00,11370.0,11420.0,11250.0,11300.0,6611,0.0,0.0
2023-05-16 12:00:00+09:00,11300.0,11330.0,11250.0,11290.0,1615,0.0,0.0
2023-05-16 13:00:00+09:00,11290.0,11290.0,11150.0,11250.0,4124,0.0,0.0
2023-05-16 14:00:00+09:00,11200.0,11260.0,11150.0,11230.0,2930,0.0,0.0
2023-05-17 09:00:00+09:00,11230.0,11360.0,11150.0,11310.0,7220,0.0,0.0
2023-05-17 10:00:00+09:00,11260.0,11490.0,11160.0,11490.0,13624,0.0,0.0
2023-05-17 11:00:00+09:00,11490.0,11500.0,11420.0,11450.0,1405,0.0,0.0
2023-05-17 12:00:00+09:00,11450.0,11540.0,11450.0,11480.0,8879,0.0,0.0
2023-05-17 13:00:00+09:00,11450.0,11480.0,11370.0,11420.0,6883,0.0,0.0
2023-05-17 14:00:00+09:00,11410.0,11480.0,11350.0,11480.0,4684,0.0,0.0
2023-05-18 09:00:00+09:00,11540.0,11540.0,11340.0,11450.0,0,0.0,0.0
2023-05-18 10:00:00+09:00,11450.0,11460.0,11370.0,11390.0,709,0.0,0.0
2023-05-18 11:00:00+09:00,11400.0,11440.0,11390.0,11440.0,545,0.0,0.0
2023-05-18 12:00:00+09:00,11430.0,11440.0,11400.0,11440.0,2997,0.0,0.0
2023-05-18 13:00:00+09:00,11440.0,11460.0,11370.0,11460.0,3377,0.0,0.0
2023-05-18 14:00:00+09:00,11460.0,11470.0,11380.0,11440.0,2556,0.0,0.0
2023-05-19 09:00:00+09:00,11500.0,11570.0,11420.0,11500.0,0,0.0,0.0
2023-05-19 10:00:00+09:00,11490.0,11510.0,11450.0,11470.0,16184,0.0,0.0
2023-05-19 11:00:00+09:00,11470.0,11520.0,11440.0,11500.0,2307,0.0,0.0
2023-05-19 12:00:00+09:00,11440.0,11500.0,11420.0,11500.0,3307,0.0,0.0
2023-05-19 13:00:00+09:00,11500.0,11500.0,11420.0,11440.0,749,0.0,0.0
2023-05-19 14:00:00+09:00,11490.0,11490.0,11380.0,11430.0,6002,0.0,0.0
2023-05-22 09:00:00+09:00,11500.0,11540.0,11250.0,11470.0,0,0.0,0.0
2023-05-22 10:00:00+09:00,11490.0,11550.0,11460.0,11480.0,3428,0.0,0.0
2023-05-22 11:00:00+09:00,11480.0,11500.0,11470.0,11500.0,1848,0.0,0.0
2023-05-22 12:00:00+09:00,11490.0,11500.0,11460.0,11500.0,574,0.0,0.0
2023-05-22 13:00:00+09:00,11490.0,11540.0,11490.0,11510.0,4831,0.0,0.0
2023-05-22 14:00:00+09:00,11510.0,11510.0,11460.0,11500.0,3556,0.0,0.0
2023-05-23 09:00:00+09:00,11540.0,11870.0,11510.0,11630.0,42520,0.0,0.0
2023-05-23 10:00:00+09:00,11630.0,11710.0,11620.0,11690.0,4139,0.0,0.0
2023-05-23 11:00:00+09:00,11670.0,11700.0,11640.0,11680.0,4553,0.0,0.0
2023-05-23 12:00:00+09:00,11700.0,11710.0,11610.0,11630.0,4065,0.0,0.0
2023-05-23 13:00:00+09:00,11630.0,11660.0,11550.0,11550.0,5891,0.0,0.0
2023-05-23 14:00:00+09:00,11550.0,11640.0,11510.0,11510.0,5360,0.0,0.0
2023-05-24 09:00:00+09:00,11650.0,11700.0,11410.0,11500.0,0,0.0,0.0
2023-05-24 10:00:00+09:00,11500.0,11570.0,11480.0,11540.0,3123,0.0,0.0
2023-05-24 11:00:00+09:00,11510.0,11510.0,11470.0,11500.0,2667,0.0,0.0
2023-05-24 12:00:00+09:00,11500.0,11550.0,11480.0,11550.0,1467,0.0,0.0
2023-05-24 13:00:00+09:00,11550.0,11610.0,11490.0,11610.0,3859,0.0,0.0
2023-05-24 14:00:00+09:00,11610.0,11610.0,11510.0,11580.0,2248,0.0,0.0
2023-05-25 09:00:00+09:00,11700.0,11700.0,11420.0,11500.0,6552,0.0,0.0
2023-05-25 10:00:00+09:00,11490.0,11630.0,11390.0,11450.0,3106,0.0,0.0
2023-05-25 11:00:00+09:00,11460.0,11500.0,11410.0,11500.0,1402,0.0,0.0
2023-05-25 12:00:00+09:00,11480.0,11580.0,11370.0,11480.0,3948,0.0,0.0
2023-05-25 13:00:00+09:00,11470.0,11500.0,11350.0,11350.0,3930,0.0,0.0
2023-05-25 14:00:00+09:00,11350.0,11430.0,11350.0,11360.0,1679,0.0,0.0
2023-05-26 09:00:00+09:00,11520.0,11520.0,11370.0,11400.0,0,0.0,0.0
2023-05-26 10:00:00+09:00,11390.0,11460.0,11360.0,11380.0,2284,0.0,0.0
2023-05-26 11:00:00+09:00,11360.0,11430.0,11220.0,11270.0,5467,0.0,0.0
2023-05-26 12:00:00+09:00,11270.0,11280.0,11230.0,11260.0,2937,0.0,0.0
2023-05-26 13:00:00+09:00,11270.0,11380.0,11220.0,11360.0,8360,0.0,0.0
2023-05-26 14:00:00+09:00,11270.0,11330.0,11240.0,11250.0,1694,0.0,0.0
2023-05-30 09:00:00+09:00,11370.0,11530.0,11300.0,11300.0,0,0.0,0.0
2023-05-30 10:00:00+09:00,11300.0,11450.0,11270.0,11450.0,5595,0.0,0.0
2023-05-30 11:00:00+09:00,11440.0,11460.0,11380.0,11420.0,3759,0.0,0.0
2023-05-30 12:00:00+09:00,11420.0,11450.0,11370.0,11380.0,869,0.0,0.0
2023-05-30 13:00:00+09:00,11430.0,11530.0,11370.0,11450.0,3658,0.0,0.0
2023-05-30 14:00:00+09:00,11450.0,11510.0,11450.0,11490.0,873,0.0,0.0
2023-05-31 09:00:00+09:00,11510.0,11670.0,11440.0,11530.0,0,0.0,0.0
2023-05-31 10:00:00+09:00,11520.0,11520.0,11450.0,11450.0,1380,0.0,0.0
2023-05-31 11:00:00+09:00,11510.0,11510.0,11380.0,11480.0,1605,0.0,0.0
2023-05-31 12:00:00+09:00,11420.0,11490.0,11420.0,11420.0,985,0.0,0.0
2023-05-31 13:00:00+09:00,11420.0,11460.0,11370.0,11460.0,1081,0.0,0.0
2023-05-31 14:00:00+09:00,11400.0,11460.0,11400.0,11450.0,1306,0.0,0.0
2023-06-01 09:00:00+09:00,11390.0,11460.0,11170.0,11330.0,0,0.0,0.0
2023-06-01 10:00:00+09:00,11330.0,11370.0,11300.0,11340.0,1194,0.0,0.0
2023-06-01 11:00:00+09:00,11310.0,11370.0,11250.0,11320.0,1281,0.0,0.0
2023-06-01 12:00:00+09:00,11320.0,11320.0,11240.0,11250.0,1290,0.0,0.0
2023-06-01 13:00:00+09:00,11290.0,11320.0,11260.0,11280.0,1235,0.0,0.0
2023-06-01 14:00:00+09:00,11280.0,11330.0,11240.0,11330.0,4810,0.0,0.0
2023-06-02 09:00:00+09:00,11500.0,11530.0,11350.0,11480.0,0,0.0,0.0
2023-06-02 10:00:00+09:00,11450.0,11450.0,11300.0,11370.0,6073,0.0,0.0
2023-06-02 11:00:00+09:00,11380.0,11400.0,11310.0,11380.0,1099,0.0,0.0
2023-06-02 12:00:00+09:00,11380.0,11420.0,11360.0,11410.0,1034,0.0,0.0
2023-06-02 13:00:00+09:00,11410.0,11550.0,11400.0,11460.0,4016,0.0,0.0
2023-06-02 14:00:00+09:00,11510.0,11510.0,11450.0,11450.0,2499,0.0,0.0
2023-06-05 09:00:00+09:00,11600.0,11600.0,11370.0,11420.0,0,0.0,0.0
2023-06-05 10:00:00+09:00,11420.0,11520.0,11420.0,11490.0,3803,0.0,0.0
2023-06-05 11:00:00+09:00,11470.0,11520.0,11420.0,11500.0,3085,0.0,0.0
2023-06-05 12:00:00+09:00,11490.0,11540.0,11440.0,11510.0,3721,0.0,0.0
2023-06-05 13:00:00+09:00,11520.0,11550.0,11520.0,11550.0,1681,0.0,0.0
2023-06-05 14:00:00+09:00,11540.0,11540.0,11490.0,11500.0,2462,0.0,0.0
2023-06-07 09:00:00+09:00,11550.0,11650.0,11490.0,11490.0,0,0.0,0.0
2023-06-07 10:00:00+09:00,11490.0,11570.0,11480.0,11540.0,1900,0.0,0.0
2023-06-07 11:00:00+09:00,11540.0,11540.0,11480.0,11540.0,2805,0.0,0.0
2023-06-07 12:00:00+09:00,11550.0,11560.0,11510.0,11530.0,1083,0.0,0.0
2023-06-07 13:00:00+09:00,11540.0,11550.0,11520.0,11520.0,726,0.0,0.0
2023-06-07 14:00:00+09:00,11510.0,11550.0,11500.0,11500.0,1886,0.0,0.0
2023-06-08 09:00:00+09:00,11430.0,11540.0,11350.0,11380.0,0,0.0,0.0
2023-06-08 10:00:00+09:00,11380.0,11500.0,11370.0,11480.0,1428,0.0,0.0
2023-06-08 11:00:00+09:00,11480.0,11480.0,11380.0,11450.0,527,0.0,0.0
2023-06-08 12:00:00+09:00,11450.0,11460.0,11450.0,11450.0,1093,0.0,0.0
2023-06-08 13:00:00+09:00,11450.0,11470.0,11380.0,11390.0,547,0.0,0.0
2023-06-08 14:00:00+09:00,11380.0,11430.0,11310.0,11390.0,5981,0.0,0.0
2023-06-09 09:00:00+09:00,11370.0,11430.0,11300.0,11350.0,0,0.0,0.0
2023-06-09 10:00:00+09:00,11350.0,11390.0,11320.0,11380.0,1339,0.0,0.0
2023-06-09 11:00:00+09:00,11380.0,11400.0,11360.0,11400.0,1741,0.0,0.0
2023-06-09 12:00:00+09:00,11400.0,11420.0,11360.0,11370.0,1329,0.0,0.0
2023-06-09 13:00:00+09:00,11390.0,11390.0,11330.0,11360.0,2437,0.0,0.0
2023-06-09 14:00:00+09:00,11360.0,11360.0,11310.0,11360.0,2092,0.0,0.0
2023-06-12 09:00:00+09:00,11320.0,11320.0,11100.0,11300.0,1491,0.0,0.0
2023-06-12 10:00:00+09:00,11280.0,11310.0,11190.0,11280.0,1802,0.0,0.0
2023-06-12 11:00:00+09:00,11270.0,11270.0,11220.0,11250.0,1029,0.0,0.0
2023-06-12 12:00:00+09:00,11250.0,11250.0,11130.0,11170.0,2511,0.0,0.0
2023-06-12 13:00:00+09:00,11210.0,11260.0,11200.0,11230.0,568,0.0,0.0
2023-06-12 14:00:00+09:00,11240.0,11320.0,11190.0,11280.0,1059,0.0,0.0
2023-06-13 09:00:00+09:00,11290.0,11350.0,11050.0,11210.0,5912,0.0,0.0
2023-06-13 10:00:00+09:00,11260.0,11380.0,11250.0,11350.0,2271,0.0,0.0
2023-06-13 11:00:00+09:00,11260.0,11350.0,11170.0,11300.0,816,0.0,0.0
2023-06-13 12:00:00+09:00,11300.0,11310.0,11250.0,11260.0,1409,0.0,0.0
2023-06-13 13:00:00+09:00,11260.0,11320.0,11250.0,11290.0,2342,0.0,0.0
2023-06-13 14:00:00+09:00,11290.0,11320.0,11280.0,11310.0,754,0.0,0.0
2023-06-14 09:00:00+09:00,11230.0,11280.0,11130.0,11160.0,0,0.0,0.0
2023-06-14 10:00:00+09:00,11150.0,11190.0,11090.0,11190.0,4909,0.0,0.0
2023-06-14 11:00:00+09:00,11170.0,11180.0,11040.0,11040.0,6004,0.0,0.0
2023-06-14 12:00:00+09:00,11050.0,11090.0,10950.0,10990.0,8625,0.0,0.0
2023-06-14 13:00:00+09:00,11000.0,11080.0,10890.0,10930.0,10893,0.0,0.0
2023-06-14 14:00:00+09:00,10940.0,10960.0,10870.0,10950.0,3785,0.0,0.0
2023-06-15 09:00:00+09:00,10920.0,11050.0,10840.0,11010.0,5748,0.0,0.0
2023-06-15 10:00:00+09:00,11010.0,11010.0,10750.0,10780.0,6148,0.0,0.0
2023-06-15 11:00:00+09:00,10850.0,10870.0,10740.0,10770.0,4114,0.0,0.0
2023-06-15 12:00:00+09:00,10820.0,10850.0,10800.0,10850.0,137,0.0,0.0
2023-06-15 13:00:00+09:00,10850.0,10880.0,10800.0,10860.0,1035,0.0,0.0
2023-06-15 14:00:00+09:00,10860.0,10950.0,10850.0,10920.0,1521,0.0,0.0
2023-06-16 09:00:00+09:00,10980.0,10980.0,10860.0,10980.0,0,0.0,0.0
2023-06-16 10:00:00+09:00,10960.0,11040.0,10900.0,11040.0,4212,0.0,0.0
2023-06-16 11:00:00+09:00,11040.0,11090.0,10900.0,11060.0,4911,0.0,0.0
2023-06-16 12:00:00+09:00,11030.0,11170.0,11030.0,11130.0,3776,0.0,0.0
2023-06-16 13:00:00+09:00,11130.0,11130.0,11030.0,11100.0,610,0.0,0.0
2023-06-16 14:00:00+09:00,11080.0,11080.0,11010.0,11040.0,1509,0.0,0.0
2023-06-19 09:00:00+09:00,11200.0,11250.0,11040.0,11100.0,0,0.0,0.0
2023-06-19 10:00:00+09:00,11100.0,11290.0,11030.0,11260.0,7568,0.0,0.0
2023-06-19 11:00:00+09:00,11210.0,11250.0,11200.0,11240.0,1617,0.0,0.0
2023-06-19 12:00:00+09:00,11240.0,11240.0,11200.0,11200.0,1194,0.0,0.0
2023-06-19 13:00:00+09:00,11210.0,11240.0,11180.0,11180.0,2188,0.0,0.0
2023-06-19 14:00:00+09:00,11180.0,11180.0,11160.0,11170.0,881,0.0,0.0
2023-06-20 09:00:00+09:00,11250.0,11250.0,11150.0,11240.0,0,0.0,0.0
2023-06-20 10:00:00+09:00,11230.0,11230.0,11110.0,11150.0,1198,0.0,0.0
2023-06-20 11:00:00+09:00,11130.0,11140.0,11060.0,11070.0,2150,0.0,0.0
2023-06-20 12:00:00+09:00,11070.0,11130.0,11020.0,11020.0,1139,0.0,0.0
2023-06-20 13:00:00+09:00,11030.0,11080.0,11010.0,11060.0,2445,0.0,0.0
2023-06-20 14:00:00+09:00,11020.0,11040.0,11000.0,11030.0,2142,0.0,0.0
2023-06-21 09:00:00+09:00,11090.0,11090.0,10910.0,10970.0,2384,0.0,0.0
2023-06-21 10:00:00+09:00,10970.0,10970.0,10890.0,10950.0,2786,0.0,0.0
2023-06-21 11:00:00+09:00,10950.0,10960.0,10850.0,10900.0,7337,0.0,0.0
2023-06-21 12:00:00+09:00,10900.0,10960.0,10840.0,10960.0,4092,0.0,0.0
2023-06-21 13:00:00+09:00,10920.0,10970.0,10900.0,10940.0,1456,0.0,0.0
2023-06-21 14:00:00+09:00,10930.0,10970.0,10860.0,10970.0,4681,0.0,0.0
2023-06-22 09:00:00+09:00,11200.0,11580.0,11200.0,11400.0,58136,0.0,0.0
2023-06-22 10:00:00+09:00,11380.0,11460.0,11270.0,11290.0,11211,0.0,0.0
2023-06-22 11:00:00+09:00,11290.0,11300.0,11210.0,11300.0,10911,0.0,0.0
2023-06-22 12:00:00+09:00,11300.0,11320.0,11260.0,11310.0,3394,0.0,0.0
2023-06-22 13:00:00+09:00,11330.0,11420.0,11300.0,11360.0,6881,0.0,0.0
2023-06-22 14:00:00+09:00,11320.0,11350.0,11220.0,11250.0,4155,0.0,0.0
2023-06-23 09:00:00+09:00,11370.0,11720.0,11340.0,11470.0,40715,0.0,0.0
2023-06-23 10:00:00+09:00,11470.0,11580.0,11470.0,11500.0,5481,0.0,0.0
2023-06-23 11:00:00+09:00,11500.0,11500.0,11380.0,11460.0,5757,0.0,0.0
2023-06-23 12:00:00+09:00,11460.0,11560.0,11460.0,11550.0,4715,0.0,0.0
2023-06-23 13:00:00+09:00,11550.0,11560.0,11460.0,11520.0,4005,0.0,0.0
2023-06-23 14:00:00+09:00,11510.0,11510.0,11400.0,11440.0,3841,0.0,0.0
2023-06-26 09:00:00+09:00,11450.0,11490.0,11290.0,11490.0,0,0.0,0.0
2023-06-26 10:00:00+09:00,11490.0,11640.0,11360.0,11550.0,6608,0.0,0.0
2023-06-26 11:00:00+09:00,11590.0,11680.0,11550.0,11610.0,7716,0.0,0.0
2023-06-26 12:00:00+09:00,11610.0,11610.0,11550.0,11600.0,2529,0.0,0.0
2023-06-26 13:00:00+09:00,11600.0,11640.0,11580.0,11620.0,6576,0.0,0.0
2023-06-26 14:00:00+09:00,11620.0,11690.0,11620.0,11620.0,7432,0.0,0.0
2023-06-27 09:00:00+09:00,11630.0,11760.0,11450.0,11520.0,0,0.0,0.0
2023-06-27 10:00:00+09:00,11520.0,11530.0,11450.0,11490.0,3031,0.0,0.0
2023-06-27 11:00:00+09:00,11500.0,11570.0,11480.0,11500.0,1651,0.0,0.0
2023-06-27 12:00:00+09:00,11510.0,11510.0,11450.0,11480.0,2197,0.0,0.0
2023-06-27 13:00:00+09:00,11470.0,11500.0,11450.0,11500.0,1797,0.0,0.0
2023-06-27 14:00:00+09:00,11500.0,11520.0,11450.0,11490.0,1543,0.0,0.0
2023-06-28 09:00:00+09:00,11550.0,11800.0,11550.0,11780.0,26168,0.0,0.0
2023-06-28 10:00:00+09:00,11780.0,12000.0,11770.0,11800.0,51554,0.0,0.0
2023-06-28 11:00:00+09:00,11790.0,11950.0,11770.0,11900.0,10283,0.0,0.0
2023-06-28 12:00:00+09:00,11920.0,11930.0,11840.0,11850.0,5739,0.0,0.0
2023-06-28 13:00:00+09:00,11850.0,11860.0,11750.0,11800.0,4452,0.0,0.0
2023-06-28 14:00:00+09:00,11780.0,11830.0,11730.0,11820.0,5615,0.0,0.0
2023-06-29 09:00:00+09:00,11790.0,11860.0,11450.0,11560.0,0,0.0,0.0
2023-06-29 10:00:00+09:00,11570.0,11650.0,11520.0,11590.0,4893,0.0,0.0
2023-06-29 11:00:00+09:00,11590.0,11590.0,11440.0,11490.0,7052,0.0,0.0
2023-06-29 12:00:00+09:00,11530.0,13750.0,11420.0,13610.0,849858,0.0,0.0
2023-06-29 13:00:00+09:00,13620.0,15320.0,13500.0,15000.0,4714973,0.0,0.0
2023-06-29 14:00:00+09:00,15080.0,15180.0,13310.0,13380.0,2133912,0.0,0.0
2023-06-30 09:00:00+09:00,13570.0,14230.0,13500.0,13670.0,0,0.0,0.0
2023-06-30 10:00:00+09:00,13680.0,15010.0,13540.0,14310.0,2686375,0.0,0.0
2023-06-30 11:00:00+09:00,14310.0,14420.0,13680.0,13750.0,475219,0.0,0.0
2023-06-30 12:00:00+09:00,13750.0,13940.0,13690.0,13700.0,117638,0.0,0.0
2023-06-30 13:00:00+09:00,13700.0,13750.0,13280.0,13490.0,241125,0.0,0.0
2023-06-30 14:00:00+09:00,13530.0,13790.0,13530.0,13720.0,165401,0.0,0.0
2023-07-03 09:00:00+09:00,14020.0,14290.0,13850.0,13990.0,0,0.0,0.0
2023-07-03 10:00:00+09:00,14000.0,14130.0,13800.0,13900.0,102694,0.0,0.0
2023-07-03 11:00:00+09:00,13900.0,13920.0,13800.0,13910.0,47200,0.0,0.0
2023-07-03 12:00:00+09:00,13900.0,13920.0,13750.0,13790.0,34444,0.0,0.0
2023-07-03 13:00:00+09:00,13790.0,13850.0,13700.0,13830.0,43702,0.0,0.0
2023-07-03 14:00:00+09:00,13820.0,14180.0,13770.0,14010.0,71548,0.0,0.0
2023-07-04 09:00:00+09:00,14270.0,14270.0,13800.0,13900.0,0,0.0,0.0
2023-07-04 10:00:00+09:00,13910.0,14950.0,13890.0,13980.0,815991,0.0,0.0
2023-07-04 11:00:00+09:00,13990.0,14410.0,13950.0,14330.0,122807,0.0,0.0
2023-07-04 12:00:00+09:00,14300.0,16830.0,14300.0,15540.0,4834754,0.0,0.0
2023-07-04 13:00:00+09:00,15550.0,15660.0,14630.0,15030.0,980828,0.0,0.0
2023-07-04 14:00:00+09:00,15030.0,15070.0,14700.0,14970.0,241953,0.0,0.0
2023-07-05 09:00:00+09:00,15160.0,15440.0,14960.0,14980.0,0,0.0,0.0
2023-07-05 10:00:00+09:00,14970.0,15200.0,14810.0,15070.0,110095,0.0,0.0
2023-07-05 11:00:00+09:00,15050.0,15110.0,14650.0,14680.0,77851,0.0,0.0
2023-07-05 12:00:00+09:00,14670.0,15080.0,14650.0,14940.0,35904,0.0,0.0
2023-07-05 13:00:00+09:00,14970.0,15060.0,14830.0,14900.0,32596,0.0,0.0
2023-07-05 14:00:00+09:00,14900.0,14910.0,14590.0,14750.0,54606,0.0,0.0
2023-07-06 09:00:00+09:00,14800.0,14830.0,13890.0,13970.0,0,0.0,0.0
2023-07-06 10:00:00+09:00,13970.0,14130.0,13850.0,13990.0,59586,0.0,0.0
2023-07-06 11:00:00+09:00,13980.0,14100.0,13900.0,13980.0,37625,0.0,0.0
2023-07-06 12:00:00+09:00,13960.0,14020.0,13800.0,13850.0,57562,0.0,0.0
2023-07-06 13:00:00+09:00,13850.0,13980.0,13720.0,13910.0,51633,0.0,0.0
2023-07-06 14:00:00+09:00,13910.0,13950.0,13570.0,13700.0,104100,0.0,0.0
2023-07-07 09:00:00+09:00,13770.0,14060.0,13580.0,13870.0,0,0.0,0.0
2023-07-07 10:00:00+09:00,13860.0,14180.0,13800.0,14030.0,85820,0.0,0.0
2023-07-07 11:00:00+09:00,14020.0,14070.0,13750.0,13810.0,37888,0.0,0.0
2023-07-07 12:00:00+09:00,13830.0,13900.0,13750.0,13750.0,19559,0.0,0.0
2023-07-07 13:00:00+09:00,13770.0,13820.0,13560.0,13720.0,32348,0.0,0.0
2023-07-07 14:00:00+09:00,13720.0,13870.0,13600.0,13810.0,28104,0.0,0.0
2023-07-10 09:00:00+09:00,13820.0,14270.0,13760.0,14120.0,0,0.0,0.0
2023-07-10 10:00:00+09:00,14100.0,14450.0,14060.0,14140.0,122437,0.0,0.0
2023-07-10 11:00:00+09:00,14190.0,14260.0,14070.0,14230.0,25532,0.0,0.0
2023-07-10 12:00:00+09:00,14230.0,14660.0,14200.0,14260.0,195481,0.0,0.0
2023-07-10 13:00:00+09:00,14260.0,14370.0,14230.0,14320.0,32908,0.0,0.0
2023-07-10 14:00:00+09:00,14320.0,14430.0,14170.0,14170.0,43665,0.0,0.0
2023-07-11 09:00:00+09:00,14220.0,14630.0,14070.0,14220.0,0,0.0,0.0
2023-07-11 10:00:00+09:00,14240.0,14440.0,14170.0,14330.0,35694,0.0,0.0
2023-07-11 11:00:00+09:00,14330.0,14530.0,14310.0,14420.0,37837,0.0,0.0
2023-07-11 12:00:00+09:00,14460.0,14460.0,14230.0,14300.0,27978,0.0,0.0
2023-07-11 13:00:00+09:00,14320.0,14330.0,14210.0,14300.0,18873,0.0,0.0
2023-07-11 14:00:00+09:00,14300.0,14390.0,14250.0,14310.0,19702,0.0,0.0
2023-07-12 09:00:00+09:00,14460.0,14750.0,14140.0,14350.0,0,0.0,0.0
2023-07-12 10:00:00+09:00,14400.0,14570.0,14330.0,14460.0,35566,0.0,0.0
2023-07-12 11:00:00+09:00,14450.0,14450.0,14220.0,14270.0,26512,0.0,0.0
2023-07-12 12:00:00+09:00,14260.0,14340.0,14200.0,14270.0,17064,0.0,0.0
2023-07-12 13:00:00+09:00,14230.0,14290.0,14220.0,14290.0,14249,0.0,0.0
2023-07-12 14:00:00+09:00,14270.0,14270.0,13850.0,14020.0,61483,0.0,0.0
2023-07-13 09:00:00+09:00,14160.0,14520.0,14060.0,14390.0,99602,0.0,0.0
2023-07-13 10:00:00+09:00,14380.0,14510.0,14300.0,14360.0,45261,0.0,0.0
2023-07-13 11:00:00+09:00,14360.0,14380.0,14160.0,14370.0,37086,0.0,0.0
2023-07-13 12:00:00+09:00,14370.0,14460.0,14330.0,14330.0,25926,0.0,0.0
2023-07-13 13:00:00+09:00,14330.0,14360.0,14130.0,14180.0,26351,0.0,0.0
2023-07-13 14:00:00+09:00,14200.0,14200.0,14050.0,14110.0,27676,0.0,0.0
2023-07-14 09:00:00+09:00,14110.0,14260.0,13450.0,13600.0,130928,0.0,0.0
2023-07-14 10:00:00+09:00,13610.0,13640.0,13470.0,13470.0,38659,0.0,0.0
2023-07-14 11:00:00+09:00,13470.0,13600.0,13440.0,13450.0,42517,0.0,0.0
2023-07-14 12:00:00+09:00,13440.0,13500.0,13430.0,13450.0,15945,0.0,0.0
2023-07-14 13:00:00+09:00,13460.0,13560.0,13430.0,13480.0,22269,0.0,0.0
2023-07-14 14:00:00+09:00,13480.0,13530.0,13400.0,13470.0,30000,0.0,0.0
2023-07-17 09:00:00+09:00,13470.0,13710.0,13200.0,13690.0,0,0.0,0.0
2023-07-17 10:00:00+09:00,13680.0,13840.0,13520.0,13740.0,30482,0.0,0.0
2023-07-17 11:00:00+09:00,13740.0,13850.0,13730.0,13830.0,14179,0.0,0.0
2023-07-17 12:00:00+09:00,13850.0,13890.0,13810.0,13870.0,8689,0.0,0.0
2023-07-17 13:00:00+09:00,13830.0,13870.0,13730.0,13750.0,9449,0.0,0.0
2023-07-17 14:00:00+09:00,13780.0,13850.0,13750.0,13840.0,13249,0.0,0.0
2023-07-18 09:00:00+09:00,14040.0,14040.0,13560.0,13650.0,39440,0.0,0.0
2023-07-18 10:00:00+09:00,13650.0,13670.0,13550.0,13610.0,13845,0.0,0.0
2023-07-18 11:00:00+09:00,13600.0,13670.0,13550.0,13590.0,8453,0.0,0.0
2023-07-18 12:00:00+09:00,13600.0,13600.0,13520.0,13580.0,8869,0.0,0.0
2023-07-18 13:00:00+09:00,13570.0,13600.0,13530.0,13560.0,6614,0.0,0.0
2023-07-18 14:00:00+09:00,13580.0,13580.0,13450.0,13530.0,17010,0.0,0.0
2023-07-19 09:00:00+09:00,13420.0,13860.0,13420.0,13860.0,46532,0.0,0.0
2023-07-19 10:00:00+09:00,13850.0,14010.0,13600.0,13600.0,35424,0.0,0.0
2023-07-19 11:00:00+09:00,13600.0,13600.0,13480.0,13480.0,16358,0.0,0.0
2023-07-19 12:00:00+09:00,13490.0,13530.0,13440.0,13470.0,6950,0.0,0.0
2023-07-19 13:00:00+09:00,13460.0,13470.0,13200.0,13290.0,25825,0.0,0.0
2023-07-19 14:00:00+09:00,13280.0,13290.0,12910.0,13100.0,37777,0.0,0.0
2023-07-20 09:00:00+09:00,13030.0,13180.0,12990.0,13070.0,25091,0.0,0.0
2023-07-20 10:00:00+09:00,13000.0,13120.0,12910.0,13110.0,23720,0.0,0.0
2023-07-20 11:00:00+09:00,13070.0,13240.0,13070.0,13160.0,9822,0.0,0.0
2023-07-20 12:00:00+09:00,13160.0,13190.0,13050.0,13150.0,5279,0.0,0.0
2023-07-20 13:00:00+09:00,13140.0,13150.0,13000.0,13040.0,6050,0.0,0.0
2023-07-20 14:00:00+09:00,13040.0,13100.0,12980.0,13080.0,5186,0.0,0.0
2023-07-21 09:00:00+09:00,13070.0,13080.0,12690.0,12790.0,46832,0.0,0.0
2023-07-21 10:00:00+09:00,12760.0,12800.0,12660.0,12780.0,12191,0.0,0.0
2023-07-21 11:00:00+09:00,12730.0,12790.0,12700.0,12740.0,11636,0.0,0.0
2023-07-21 12:00:00+09:00,12710.0,12740.0,12590.0,12630.0,24029,0.0,0.0
2023-07-21 13:00:00+09:00,12640.0,12740.0,12640.0,12670.0,5592,0.0,0.0
2023-07-21 14:00:00+09:00,12670.0,12730.0,12640.0,12680.0,11049,0.0,0.0
2023-07-24 09:00:00+09:00,12580.0,12720.0,12400.0,12700.0,0,0.0,0.0
2023-07-24 10:00:00+09:00,12700.0,12710.0,12450.0,12450.0,9197,0.0,0.0
2023-07-24 11:00:00+09:00,12520.0,12520.0,12300.0,12330.0,17893,0.0,0.0
2023-07-24 12:00:00+09:00,12410.0,12450.0,12340.0,12420.0,6684,0.0,0.0
2023-07-24 13:00:00+09:00,12420.0,12630.0,12410.0,12460.0,3880,0.0,0.0
2023-07-24 14:00:00+09:00,12490.0,12600.0,12450.0,12570.0,6701,0.0,0.0
2023-07-25 09:00:00+09:00,12710.0,12710.0,12370.0,12560.0,19890,0.0,0.0
2023-07-25 10:00:00+09:00,12560.0,12680.0,12490.0,12500.0,9562,0.0,0.0
2023-07-25 11:00:00+09:00,12510.0,12730.0,12490.0,12590.0,14544,0.0,0.0
2023-07-25 12:00:00+09:00,12590.0,12650.0,12550.0,12560.0,4919,0.0,0.0
2023-07-25 13:00:00+09:00,12550.0,12550.0,12410.0,12430.0,14950,0.0,0.0
2023-07-25 14:00:00+09:00,12420.0,12450.0,12380.0,12440.0,10916,0.0,0.0
2023-07-26 09:00:00+09:00,12440.0,12440.0,12070.0,12160.0,45486,0.0,0.0
2023-07-26 10:00:00+09:00,12100.0,12150.0,11860.0,12070.0,46907,0.0,0.0
2023-07-26 11:00:00+09:00,12060.0,12170.0,12010.0,12060.0,9040,0.0,0.0
2023-07-26 12:00:00+09:00,12060.0,12060.0,11850.0,12010.0,16477,0.0,0.0
2023-07-26 13:00:00+09:00,11960.0,12030.0,11720.0,11750.0,23528,0.0,0.0
2023-07-26 14:00:00+09:00,11750.0,12050.0,11720.0,12010.0,19111,0.0,0.0
2023-07-27 09:00:00+09:00,11710.0,12200.0,11710.0,12130.0,27498,0.0,0.0
2023-07-27 10:00:00+09:00,12130.0,12180.0,11940.0,12180.0,13300,0.0,0.0
2023-07-27 11:00:00+09:00,12160.0,12250.0,12000.0,12110.0,0,0.0,0.0
2023-07-27 12:00:00+09:00,12070.0,12100.0,11960.0,12080.0,55821,0.0,0.0
2023-07-27 13:00:00+09:00,12010.0,12080.0,11950.0,12080.0,4385,0.0,0.0
2023-07-27 14:00:00+09:00,12070.0,12100.0,11970.0,12020.0,4909,0.0,0.0
2023-07-28 09:00:00+09:00,11890.0,12080.0,11610.0,12000.0,16798,0.0,0.0
2023-07-28 10:00:00+09:00,12000.0,12260.0,11980.0,12240.0,9671,0.0,0.0
2023-07-28 11:00:00+09:00,12240.0,12240.0,12190.0,12220.0,3329,0.0,0.0
2023-07-28 12:00:00+09:00,12200.0,12220.0,12130.0,12210.0,4166,0.0,0.0
2023-07-28 13:00:00+09:00,12170.0,12250.0,12160.0,12250.0,0,0.0,0.0
2023-07-28 14:00:00+09:00,12230.0,12240.0,12170.0,12210.0,42312,0.0,0.0
2023-07-31 09:00:00+09:00,12280.0,12450.0,12180.0,12450.0,0,0.0,0.0
2023-07-31 10:00:00+09:00,12450.0,12510.0,12400.0,12460.0,10181,0.0,0.0
2023-07-31 11:00:00+09:00,12490.0,12500.0,12440.0,12460.0,6235,0.0,0.0
2023-07-31 12:00:00+09:00,12460.0,12470.0,12390.0,12450.0,3863,0.0,0.0
2023-07-31 13:00:00+09:00,12440.0,12450.0,12300.0,12310.0,4239,0.0,0.0
2023-07-31 14:00:00+09:00,12320.0,12380.0,12300.0,12320.0,5735,0.0,0.0
2023-08-01 09:00:00+09:00,12550.0,12550.0,12280.0,12420.0,15863,0.0,0.0
2023-08-01 10:00:00+09:00,12450.0,12460.0,12370.0,12440.0,2825,0.0,0.0
2023-08-01 11:00:00+09:00,12440.0,12450.0,12410.0,12440.0,3733,0.0,0.0
2023-08-01 12:00:00+09:00,12440.0,12450.0,12370.0,12430.0,4028,0.0,0.0
2023-08-01 13:00:00+09:00,12420.0,12440.0,12330.0,12400.0,7339,0.0,0.0
2023-08-01 14:00:00+09:00,12410.0,12450.0,12370.0,12450.0,2437,0.0,0.0
2023-08-02 09:00:00+09:00,12320.0,12800.0,12320.0,12700.0,36893,0.0,0.0
2023-08-02 10:00:00+09:00,12700.0,12760.0,12580.0,12580.0,19603,0.0,0.0
2023-08-02 11:00:00+09:00,12620.0,12670.0,12440.0,12580.0,12517,0.0,0.0
2023-08-02 12:00:00+09:00,12500.0,12520.0,12420.0,12490.0,5478,0.0,0.0
2023-08-02 13:00:00+09:00,12470.0,12530.0,12320.0,12430.0,8855,0.0,0.0
2023-08-02 14:00:00+09:00,12450.0,12610.0,12360.0,12520.0,5921,0.0,0.0
2023-08-03 09:00:00+09:00,12650.0,12820.0,12140.0,12390.0,22217,0.0,0.0
2023-08-03 10:00:00+09:00,12390.0,12390.0,12150.0,12200.0,25857,0.0,0.0
2023-08-03 11:00:00+09:00,12200.0,12240.0,12190.0,12230.0,5227,0.0,0.0
2023-08-03 12:00:00+09:00,12230.0,12340.0,12200.0,12200.0,11717,0.0,0.0
2023-08-03 13:00:00+09:00,12200.0,12280.0,12190.0,12230.0,8349,0.0,0.0
2023-08-03 14:00:00+09:00,12230.0,12300.0,12210.0,12300.0,1435,0.0,0.0
2023-08-04 09:00:00+09:00,12250.0,12370.0,12120.0,12280.0,9502,0.0,0.0
2023-08-04 10:00:00+09:00,12300.0,12380.0,12270.0,12330.0,2922,0.0,0.0
2023-08-04 11:00:00+09:00,12320.0,12420.0,12310.0,12330.0,6424,0.0,0.0
2023-08-04 12:00:00+09:00,12340.0,12420.0,12310.0,12360.0,2327,0.0,0.0
2023-08-04 13:00:00+09:00,12320.0,12450.0,12280.0,12450.0,6126,0.0,0.0
2023-08-04 14:00:00+09:00,12440.0,12450.0,12360.0,12430.0,2552,0.0,0.0
2023-08-07 09:00:00+09:00,12630.0,12630.0,12200.0,12340.0,0,0.0,0.0
2023-08-07 10:00:00+09:00,12340.0,12420.0,12300.0,12370.0,4423,0.0,0.0
2023-08-07 11:00:00+09:00,12370.0,12470.0,12300.0,12450.0,3907,0.0,0.0
2023-08-07 12:00:00+09:00,12450.0,12450.0,12400.0,12420.0,1044,0.0,0.0
2023-08-07 13:00:00+09:00,12400.0,12450.0,12350.0,12440.0,4662,0.0,0.0
2023-08-07 14:00:00+09:00,12390.0,12860.0,12390.0,12610.0,24638,0.0,0.0
2023-08-08 09:00:00+09:00,12600.0,12600.0,12300.0,12370.0,7537,0.0,0.0
2023-08-08 10:00:00+09:00,12380.0,12410.0,12250.0,12250.0,13538,0.0,0.0
2023-08-08 11:00:00+09:00,12260.0,12320.0,12240.0,12240.0,4974,0.0,0.0
2023-08-08 12:00:00+09:00,12240.0,12280.0,12160.0,12200.0,9760,0.0,0.0
2023-08-08 13:00:00+09:00,12210.0,12270.0,12170.0,12250.0,3208,0.0,0.0
2023-08-08 14:00:00+09:00,12240.0,12240.0,12020.0,12080.0,13371,0.0,0.0
2023-08-09 09:00:00+09:00,11980.0,12390.0,11830.0,12300.0,10825,0.0,0.0
2023-08-09 10:00:00+09:00,12280.0,12430.0,12280.0,12300.0,7717,0.0,0.0
2023-08-09 11:00:00+09:00,12350.0,12460.0,12300.0,12440.0,6441,0.0,0.0
2023-08-09 12:00:00+09:00,12390.0,12450.0,12320.0,12360.0,2160,0.0,0.0
2023-08-09 13:00:00+09:00,12360.0,12420.0,12330.0,12340.0,2040,0.0,0.0
2023-08-09 14:00:00+09:00,12340.0,12350.0,12280.0,12330.0,1655,0.0,0.0
2023-08-10 09:00:00+09:00,12360.0,12370.0,12150.0,12200.0,7318,0.0,0.0
2023-08-10 10:00:00+09:00,12200.0,12200.0,12140.0,12190.0,4197,0.0,0.0
2023-08-10 11:00:00+09:00,12190.0,12190.0,12120.0,12140.0,6984,0.0,0.0
2023-08-10 12:00:00+09:00,12140.0,12180.0,12130.0,12150.0,1852,0.0,0.0
2023-08-10 13:00:00+09:00,12140.0,12250.0,12130.0,12240.0,5624,0.0,0.0
2023-08-10 14:00:00+09:00,12240.0,12250.0,12120.0,12220.0,8952,0.0,0.0
2023-08-11 09:00:00+09:00,12060.0,12400.0,12060.0,12340.0,5012,0.0,0.0
2023-08-11 10:00:00+09:00,12340.0,12510.0,12300.0,12500.0,15707,0.0,0.0
2023-08-11 11:00:00+09:00,12500.0,12530.0,12410.0,12490.0,2569,0.0,0.0
2023-08-11 12:00:00+09:00,12490.0,12490.0,12440.0,12480.0,1147,0.0,0.0
2023-08-11 13:00:00+09:00,12450.0,12590.0,12450.0,12590.0,11437,0.0,0.0
2023-08-11 14:00:00+09:00,12590.0,12610.0,12510.0,12540.0,5736,0.0,0.0
2023-08-14 09:00:00+09:00,12830.0,12830.0,12380.0,12540.0,0,0.0,0.0
2023-08-14 10:00:00+09:00,12530.0,12660.0,12440.0,12570.0,31292,0.0,0.0
2023-08-14 11:00:00+09:00,12610.0,12610.0,12450.0,12510.0,2897,0.0,0.0
2023-08-14 12:00:00+09:00,12510.0,12600.0,12450.0,12450.0,2215,0.0,0.0
2023-08-14 13:00:00+09:00,12450.0,12520.0,12420.0,12420.0,3062,0.0,0.0
2023-08-14 14:00:00+09:00,12410.0,12480.0,12410.0,12460.0,1120,0.0,0.0
2023-08-16 09:00:00+09:00,12400.0,12400.0,12040.0,12040.0,0,0.0,0.0
2023-08-16 10:00:00+09:00,12050.0,12190.0,12050.0,12160.0,3686,0.0,0.0
2023-08-16 11:00:00+09:00,12180.0,12230.0,12090.0,12230.0,3405,0.0,0.0
2023-08-16 12:00:00+09:00,12220.0,12230.0,12070.0,12070.0,1187,0.0,0.0
2023-08-16 13:00:00+09:00,12120.0,12160.0,11440.0,11940.0,15922,0.0,0.0
2023-08-16 14:00:00+09:00,11970.0,12070.0,11860.0,11930.0,8823,0.0,0.0
2023-08-17 09:00:00+09:00,12060.0,12060.0,11540.0,11630.0,27224,0.0,0.0
2023-08-17 10:00:00+09:00,11630.0,11750.0,11530.0,11730.0,11752,0.0,0.0
2023-08-17 11:00:00+09:00,11730.0,11780.0,11670.0,11780.0,2152,0.0,0.0
2023-08-17 12:00:00+09:00,11780.0,11840.0,11740.0,11770.0,1491,0.0,0.0
2023-08-17 13:00:00+09:00,11780.0,11960.0,11770.0,11900.0,1954,0.0,0.0
2023-08-17 14:00:00+09:00,11960.0,11970.0,11850.0,11890.0,1801,0.0,0.0
2023-08-18 09:00:00+09:00,11710.0,11870.0,11510.0,11520.0,9933,0.0,0.0
2023-08-18 10:00:00+09:00,11510.0,11850.0,11510.0,11850.0,8154,0.0,0.0
2023-08-18 11:00:00+09:00,11870.0,11880.0,11720.0,11730.0,3901,0.0,0.0
2023-08-18 12:00:00+09:00,11750.0,11810.0,11720.0,11800.0,1398,0.0,0.0
2023-08-18 13:00:00+09:00,11790.0,11790.0,11720.0,11770.0,4917,0.0,0.0
2023-08-18 14:00:00+09:00,11740.0,11780.0,11670.0,11740.0,3885,0.0,0.0
2023-08-21 09:00:00+09:00,11710.0,11900.0,11640.0,11790.0,0,0.0,0.0
2023-08-21 10:00:00+09:00,11810.0,12020.0,11800.0,12010.0,9428,0.0,0.0
2023-08-21 11:00:00+09:00,12020.0,12090.0,11890.0,11890.0,2202,0.0,0.0
2023-08-21 12:00:00+09:00,11890.0,11970.0,11720.0,11890.0,24516,0.0,0.0
2023-08-21 13:00:00+09:00,11900.0,11980.0,11880.0,11910.0,1759,0.0,0.0
2023-08-21 14:00:00+09:00,11910.0,11940.0,11840.0,11920.0,2934,0.0,0.0
2023-08-22 09:00:00+09:00,12040.0,12040.0,11810.0,11840.0,10121,0.0,0.0
2023-08-22 10:00:00+09:00,11890.0,11890.0,11760.0,11760.0,5130,0.0,0.0
2023-08-22 11:00:00+09:00,11760.0,11890.0,11740.0,11870.0,3692,0.0,0.0
2023-08-22 12:00:00+09:00,11870.0,11870.0,11790.0,11870.0,1180,0.0,0.0
2023-08-22 13:00:00+09:00,11830.0,11870.0,11800.0,11820.0,1919,0.0,0.0
2023-08-22 14:00:00+09:00,11820.0,11860.0,11810.0,11860.0,1457,0.0,0.0
2023-08-23 09:00:00+09:00,11790.0,12010.0,11790.0,11860.0,0,0.0,0.0
2023-08-23 10:00:00+09:00,11950.0,12150.0,11910.0,11990.0,6177,0.0,0.0
2023-08-23 11:00:00+09:00,11990.0,12090.0,11970.0,12070.0,2818,0.0,0.0
2023-08-23 12:00:00+09:00,12060.0,12070.0,11950.0,11970.0,513,0.0,0.0
2023-08-23 13:00:00+09:00,11970.0,11980.0,11920.0,11950.0,1093,0.0,0.0
2023-08-23 14:00:00+09:00,11950.0,11950.0,11840.0,11850.0,5649,0.0,0.0
2023-08-24 09:00:00+09:00,11930.0,12040.0,11850.0,11950.0,5015,0.0,0.0
2023-08-24 10:00:00+09:00,11950.0,12010.0,11860.0,11900.0,2324,0.0,0.0
2023-08-24 11:00:00+09:00,11910.0,11960.0,11900.0,11940.0,941,0.0,0.0
2023-08-24 12:00:00+09:00,11940.0,12050.0,11900.0,11990.0,6272,0.0,0.0
2023-08-24 13:00:00+09:00,11990.0,12030.0,11920.0,11980.0,2345,0.0,0.0
2023-08-24 14:00:00+09:00,11990.0,12020.0,11940.0,12010.0,1372,0.0,0.0
2023-08-25 09:00:00+09:00,12000.0,12000.0,11810.0,11870.0,6851,0.0,0.0
2023-08-25 10:00:00+09:00,11830.0,11870.0,11800.0,11840.0,2766,0.0,0.0
2023-08-25 11:00:00+09:00,11820.0,11850.0,11810.0,11850.0,833,0.0,0.0
2023-08-25 12:00:00+09:00,11800.0,11840.0,11790.0,11810.0,2989,0.0,0.0
2023-08-25 13:00:00+09:00,11840.0,11850.0,11800.0,11830.0,1398,0.0,0.0
2023-08-25 14:00:00+09:00,11810.0,11830.0,11750.0,11770.0,5075,0.0,0.0
2023-08-28 09:00:00+09:00,11850.0,11940.0,11700.0,11900.0,0,0.0,0.0
2023-08-28 10:00:00+09:00,11900.0,11910.0,11810.0,11870.0,11867,0.0,0.0
2023-08-28 11:00:00+09:00,11850.0,12300.0,11810.0,12060.0,11397,0.0,0.0
2023-08-28 12:00:00+09:00,12110.0,12160.0,12060.0,12130.0,2939,0.0,0.0
2023-08-28 13:00:00+09:00,12130.0,12160.0,12070.0,12080.0,3923,0.0,0.0
2023-08-28 14:00:00+09:00,12080.0,12150.0,12070.0,12070.0,3437,0.0,0.0
2023-08-29 09:00:00+09:00,12040.0,12180.0,12020.0,12170.0,5460,0.0,0.0
2023-08-29 10:00:00+09:00,12170.0,12170.0,12090.0,12140.0,1093,0.0,0.0
2023-08-29 11:00:00+09:00,12130.0,12180.0,12090.0,12160.0,5048,0.0,0.0
2023-08-29 12:00:00+09:00,12160.0,12160.0,12120.0,12130.0,607,0.0,0.0
2023-08-29 13:00:00+09:00,12120.0,12210.0,12110.0,12190.0,5504,0.0,0.0
2023-08-29 14:00:00+09:00,12190.0,12240.0,12170.0,12210.0,4369,0.0,0.0
2023-08-30 09:00:00+09:00,12480.0,12500.0,12200.0,12290.0,10851,0.0,0.0
2023-08-30 10:00:00+09:00,12320.0,12370.0,12260.0,12280.0,4414,0.0,0.0
2023-08-30 11:00:00+09:00,12280.0,12320.0,12250.0,12250.0,1872,0.0,0.0
2023-08-30 12:00:00+09:00,12250.0,12320.0,12250.0,12280.0,4312,0.0,0.0
2023-08-30 13:00:00+09:00,12280.0,12320.0,12270.0,12290.0,2528,0.0,0.0
2023-08-30 14:00:00+09:00,12290.0,12300.0,12250.0,12250.0,3106,0.0,0.0
2023-08-31 09:00:00+09:00,12270.0,12450.0,12120.0,12120.0,5173,0.0,0.0
2023-08-31 10:00:00+09:00,12170.0,12170.0,12040.0,12070.0,5769,0.0,0.0
2023-08-31 11:00:00+09:00,12060.0,12130.0,12040.0,12100.0,1413,0.0,0.0
2023-08-31 12:00:00+09:00,12080.0,12100.0,12020.0,12090.0,2439,0.0,0.0
2023-08-31 13:00:00+09:00,12090.0,12090.0,12040.0,12080.0,2831,0.0,0.0
2023-08-31 14:00:00+09:00,12080.0,12080.0,12010.0,12020.0,3069,0.0,0.0
2023-09-01 09:00:00+09:00,11930.0,12140.0,11930.0,11960.0,3315,0.0,0.0
2023-09-01 10:00:00+09:00,11970.0,12060.0,11950.0,12040.0,3691,0.0,0.0
2023-09-01 11:00:00+09:00,12010.0,12050.0,11960.0,11980.0,3067,0.0,0.0
2023-09-01 12:00:00+09:00,11980.0,12050.0,11970.0,12010.0,569,0.0,0.0
2023-09-01 13:00:00+09:00,11990.0,12010.0,11940.0,12000.0,6433,0.0,0.0
2023-09-01 14:00:00+09:00,12000.0,12000.0,11920.0,11920.0,6294,0.0,0.0
2023-09-04 09:00:00+09:00,11920.0,12050.0,11890.0,12000.0,0,0.0,0.0
2023-09-04 10:00:00+09:00,11980.0,11980.0,11910.0,11960.0,5828,0.0,0.0
2023-09-04 11:00:00+09:00,11960.0,12220.0,11960.0,12210.0,8939,0.0,0.0
2023-09-04 12:00:00+09:00,12200.0,12210.0,12010.0,12090.0,3339,0.0,0.0
2023-09-04 13:00:00+09:00,12070.0,12120.0,12010.0,12040.0,2024,0.0,0.0
2023-09-04 14:00:00+09:00,12020.0,12080.0,12010.0,12070.0,3202,0.0,0.0
2023-09-05 09:00:00+09:00,12070.0,12250.0,12070.0,12070.0,7299,0.0,0.0
2023-09-05 10:00:00+09:00,12060.0,12110.0,12020.0,12030.0,2201,0.0,0.0
2023-09-05 11:00:00+09:00,12030.0,12050.0,12010.0,12050.0,2924,0.0,0.0
2023-09-05 12:00:00+09:00,12050.0,12050.0,12010.0,12010.0,2151,0.0,0.0
2023-09-05 13:00:00+09:00,12050.0,12080.0,12030.0,12080.0,656,0.0,0.0
2023-09-05 14:00:00+09:00,12080.0,12080.0,12000.0,12050.0,1721,0.0,0.0
2023-09-06 09:00:00+09:00,12040.0,12090.0,11930.0,12040.0,5015,0.0,0.0
2023-09-06 10:00:00+09:00,12040.0,12040.0,11900.0,11950.0,4081,0.0,0.0
2023-09-06 11:00:00+09:00,12000.0,12000.0,11960.0,11960.0,497,0.0,0.0
2023-09-06 12:00:00+09:00,12000.0,12040.0,11960.0,11980.0,2098,0.0,0.0
2023-09-06 13:00:00+09:00,11990.0,12060.0,11950.0,12050.0,2967,0.0,0.0
2023-09-06 14:00:00+09:00,12060.0,12100.0,11950.0,12000.0,7851,0.0,0.0
2023-09-07 09:00:00+09:00,12000.0,12120.0,11910.0,11990.0,5358,0.0,0.0
2023-09-07 10:00:00+09:00,11990.0,12050.0,11890.0,12000.0,7036,0.0,0.0
2023-09-07 11:00:00+09:00,11920.0,11980.0,11900.0,11940.0,3387,0.0,0.0
2023-09-07 12:00:00+09:00,11930.0,11930.0,11860.0,11910.0,4000,0.0,0.0
2023-09-07 13:00:00+09:00,11910.0,11920.0,11860.0,11900.0,4076,0.0,0.0
2023-09-07 14:00:00+09:00,11900.0,11900.0,11830.0,11850.0,3347,0.0,0.0
2023-09-08 09:00:00+09:00,11740.0,11860.0,11730.0,11750.0,0,0.0,0.0
2023-09-08 10:00:00+09:00,11750.0,11810.0,11690.0,11720.0,6778,0.0,0.0
2023-09-08 11:00:00+09:00,11720.0,11790.0,11670.0,11790.0,1278,0.0,0.0
2023-09-08 12:00:00+09:00,11730.0,11820.0,11670.0,11680.0,1897,0.0,0.0
2023-09-08 13:00:00+09:00,11690.0,11810.0,11640.0,11640.0,2663,0.0,0.0
2023-09-08 14:00:00+09:00,11640.0,11640.0,11400.0,11520.0,21182,0.0,0.0
2023-09-11 09:00:00+09:00,11600.0,12000.0,11480.0,11670.0,0,0.0,0.0
2023-09-11 10:00:00+09:00,11600.0,11770.0,11550.0,11760.0,6752,0.0,0.0
2023-09-11 11:00:00+09:00,11760.0,11760.0,11700.0,11700.0,890,0.0,0.0
2023-09-11 12:00:00+09:00,11680.0,11690.0,11590.0,11610.0,942,0.0,0.0
2023-09-11 13:00:00+09:00,11650.0,11680.0,11600.0,11660.0,593,0.0,0.0
2023-09-11 14:00:00+09:00,11670.0,11680.0,11540.0,11550.0,2632,0.0,0.0
2023-09-12 09:00:00+09:00,11600.0,11690.0,11520.0,11570.0,5025,0.0,0.0
2023-09-12 10:00:00+09:00,11570.0,11610.0,11460.0,11500.0,7808,0.0,0.0
2023-09-12 11:00:00+09:00,11500.0,11500.0,11390.0,11400.0,12271,0.0,0.0
2023-09-12 12:00:00+09:00,11400.0,11410.0,11350.0,11380.0,4048,0.0,0.0
2023-09-12 13:00:00+09:00,11380.0,11400.0,11320.0,11320.0,10575,0.0,0.0
2023-09-12 14:00:00+09:00,11310.0,11380.0,11310.0,11340.0,2618,0.0,0.0
2023-09-13 09:00:00+09:00,11220.0,11300.0,11170.0,11290.0,4043,0.0,0.0
2023-09-13 10:00:00+09:00,11250.0,11290.0,11050.0,11100.0,9560,0.0,0.0
2023-09-13 11:00:00+09:00,11100.0,11120.0,11040.0,11040.0,2198,0.0,0.0
2023-09-13 12:00:00+09:00,11030.0,11080.0,11030.0,11080.0,1662,0.0,0.0
2023-09-13 13:00:00+09:00,11080.0,11080.0,11020.0,11050.0,1474,0.0,0.0
2023-09-13 14:00:00+09:00,11060.0,11070.0,11000.0,11000.0,6006,0.0,0.0
2023-09-14 09:00:00+09:00,11050.0,11210.0,11050.0,11210.0,2487,0.0,0.0
2023-09-14 10:00:00+09:00,11210.0,11210.0,11100.0,11160.0,2008,0.0,0.0
2023-09-14 11:00:00+09:00,11150.0,11150.0,11080.0,11140.0,1357,0.0,0.0
2023-09-14 12:00:00+09:00,11090.0,11150.0,11090.0,11100.0,495,0.0,0.0
2023-09-14 13:00:00+09:00,11140.0,11140.0,11110.0,11140.0,245,0.0,0.0
2023-09-14 14:00:00+09:00,11140.0,11160.0,11120.0,11140.0,1440,0.0,0.0
2023-09-15 09:00:00+09:00,11070.0,11410.0,11070.0,11360.0,7964,0.0,0.0
2023-09-15 10:00:00+09:00,11360.0,11400.0,11300.0,11370.0,2092,0.0,0.0
2023-09-15 11:00:00+09:00,11370.0,11380.0,11340.0,11340.0,290,0.0,0.0
2023-09-15 12:00:00+09:00,11340.0,11370.0,11320.0,11320.0,998,0.0,0.0
2023-09-15 13:00:00+09:00,11320.0,11370.0,11310.0,11340.0,831,0.0,0.0
2023-09-15 14:00:00+09:00,11340.0,11340.0,11250.0,11260.0,2256,0.0,0.0
2023-09-18 09:00:00+09:00,11340.0,11340.0,11120.0,11120.0,0,0.0,0.0
2023-09-18 10:00:00+09:00,11140.0,11140.0,11070.0,11080.0,5977,0.0,0.0
2023-09-18 11:00:00+09:00,11110.0,11180.0,11100.0,11180.0,974,0.0,0.0
2023-09-18 12:00:00+09:00,11180.0,11220.0,11100.0,11210.0,1705,0.0,0.0
2023-09-18 13:00:00+09:00,11200.0,11200.0,11130.0,11170.0,254,0.0,0.0
2023-09-18 14:00:00+09:00,11190.0,11190.0,11100.0,11120.0,1614,0.0,0.0
2023-09-19 09:00:00+09:00,11290.0,11300.0,11100.0,11150.0,5305,0.0,0.0
2023-09-19 10:00:00+09:00,11140.0,11150.0,11080.0,11140.0,3017,0.0,0.0
2023-09-19 11:00:00+09:00,11150.0,11250.0,11090.0,11090.0,3097,0.0,0.0
2023-09-19 12:00:00+09:00,11110.0,11170.0,11050.0,11100.0,4069,0.0,0.0
2023-09-19 13:00:00+09:00,11050.0,11090.0,11040.0,11080.0,869,0.0,0.0
2023-09-19 14:00:00+09:00,11090.0,11090.0,11060.0,11090.0,3283,0.0,0.0
2023-09-20 09:00:00+09:00,11300.0,11300.0,11050.0,11070.0,3292,0.0,0.0
2023-09-20 10:00:00+09:00,11060.0,11120.0,11020.0,11090.0,1887,0.0,0.0
2023-09-20 11:00:00+09:00,11100.0,11120.0,11030.0,11120.0,5304,0.0,0.0
2023-09-20 12:00:00+09:00,11120.0,11120.0,10990.0,11000.0,3190,0.0,0.0
2023-09-20 13:00:00+09:00,11000.0,11120.0,11000.0,11120.0,2469,0.0,0.0
2023-09-20 14:00:00+09:00,11120.0,11130.0,11030.0,11100.0,420,0.0,0.0
2023-09-21 09:00:00+09:00,11240.0,11240.0,10990.0,11060.0,3168,0.0,0.0
2023-09-21 10:00:00+09:00,11040.0,11040.0,10980.0,10980.0,3558,0.0,0.0
2023-09-21 11:00:00+09:00,10990.0,10990.0,10940.0,10940.0,2580,0.0,0.0
2023-09-21 12:00:00+09:00,10940.0,10940.0,10880.0,10900.0,2387,0.0,0.0
2023-09-21 13:00:00+09:00,10890.0,10890.0,10840.0,10850.0,2631,0.0,0.0
2023-09-21 14:00:00+09:00,10840.0,10860.0,10800.0,10860.0,3131,0.0,0.0
2023-09-22 09:00:00+09:00,10680.0,10950.0,10530.0,10660.0,8072,0.0,0.0
2023-09-22 10:00:00+09:00,10660.0,10840.0,10660.0,10750.0,2092,0.0,0.0
2023-09-22 11:00:00+09:00,10760.0,10810.0,10700.0,10700.0,145,0.0,0.0
2023-09-22 12:00:00+09:00,10760.0,10810.0,10720.0,10720.0,840,0.0,0.0
2023-09-22 13:00:00+09:00,10720.0,10780.0,10720.0,10770.0,735,0.0,0.0
2023-09-22 14:00:00+09:00,10730.0,10760.0,10630.0,10630.0,4588,0.0,0.0
2023-09-25 09:00:00+09:00,10560.0,10800.0,10500.0,10580.0,0,0.0,0.0
2023-09-25 10:00:00+09:00,10580.0,10660.0,10500.0,10510.0,1948,0.0,0.0
2023-09-25 11:00:00+09:00,10510.0,10590.0,10500.0,10520.0,2350,0.0,0.0
2023-09-25 12:00:00+09:00,10530.0,10580.0,10510.0,10510.0,709,0.0,0.0
2023-09-25 13:00:00+09:00,10540.0,10570.0,10500.0,10500.0,3477,0.0,0.0
2023-09-25 14:00:00+09:00,10500.0,10550.0,10490.0,10500.0,3718,0.0,0.0
2023-09-26 09:00:00+09:00,10610.0,10630.0,10420.0,10420.0,2776,0.0,0.0
2023-09-26 10:00:00+09:00,10430.0,10480.0,10350.0,10390.0,4475,0.0,0.0
2023-09-26 11:00:00+09:00,10380.0,10440.0,10340.0,10400.0,1476,0.0,0.0
2023-09-26 12:00:00+09:00,10400.0,10400.0,10340.0,10350.0,1245,0.0,0.0
2023-09-26 13:00:00+09:00,10350.0,10380.0,10320.0,10320.0,4607,0.0,0.0
2023-09-26 14:00:00+09:00,10320.0,10400.0,10300.0,10330.0,2610,0.0,0.0
2023-09-27 09:00:00+09:00,10200.0,10370.0,10200.0,10260.0,1937,0.0,0.0
2023-09-27 10:00:00+09:00,10260.0,10320.0,10210.0,10320.0,3994,0.0,0.0
2023-09-27 11:00:00+09:00,10320.0,10370.0,10270.0,10370.0,563,0.0,0.0
2023-09-27 12:00:00+09:00,10370.0,10400.0,10250.0,10380.0,563,0.0,0.0
2023-09-27 13:00:00+09:00,10380.0,10400.0,10290.0,10340.0,568,0.0,0.0
2023-09-27 14:00:00+09:00,10340.0,10490.0,10330.0,10450.0,690,0.0,0.0
2023-10-04 09:00:00+09:00,10490.0,10490.0,10100.0,10300.0,0,0.0,0.0
2023-10-04 10:00:00+09:00,10300.0,10300.0,10060.0,10150.0,5532,0.0,0.0
2023-10-04 11:00:00+09:00,10140.0,10140.0,10000.0,10050.0,2904,0.0,0.0
2023-10-04 12:00:00+09:00,10050.0,10120.0,9980.0,10000.0,3733,0.0,0.0
2023-10-04 13:00:00+09:00,9980.0,10050.0,9980.0,10050.0,2904,0.0,0.0
2023-10-04 14:00:00+09:00,10050.0,10050.0,9970.0,9980.0,3005,0.0,0.0
2023-10-05 09:00:00+09:00,10000.0,10200.0,9950.0,9960.0,10908,0.0,0.0
2023-10-05 10:00:00+09:00,9970.0,10100.0,9970.0,10010.0,1044,0.0,0.0
2023-10-05 11:00:00+09:00,10030.0,10190.0,10030.0,10180.0,1011,0.0,0.0
2023-10-05 12:00:00+09:00,10160.0,10180.0,10140.0,10170.0,551,0.0,0.0
2023-10-05 13:00:00+09:00,10160.0,10240.0,10130.0,10150.0,1072,0.0,0.0
2023-10-05 14:00:00+09:00,10150.0,10160.0,9960.0,9960.0,7547,0.0,0.0
2023-10-06 09:00:00+09:00,9860.0,10170.0,9860.0,10170.0,6581,0.0,0.0
2023-10-06 10:00:00+09:00,10170.0,10230.0,10150.0,10230.0,2535,0.0,0.0
2023-10-06 11:00:00+09:00,10220.0,10220.0,10170.0,10210.0,82,0.0,0.0
2023-10-06 12:00:00+09:00,10200.0,10200.0,10170.0,10170.0,265,0.0,0.0
2023-10-06 13:00:00+09:00,10170.0,10190.0,10170.0,10190.0,259,0.0,0.0
2023-10-06 14:00:00+09:00,10170.0,10170.0,10070.0,10150.0,1439,0.0,0.0
2023-10-10 09:00:00+09:00,10160.0,10270.0,10070.0,10200.0,0,0.0,0.0
2023-10-10 10:00:00+09:00,10200.0,10250.0,10160.0,10250.0,667,0.0,0.0
2023-10-10 11:00:00+09:00,10240.0,10250.0,10160.0,10220.0,400,0.0,0.0
2023-10-10 12:00:00+09:00,10200.0,10220.0,10040.0,10040.0,3563,0.0,0.0
2023-10-10 13:00:00+09:00,10030.0,10060.0,9910.0,9990.0,1108,0.0,0.0
2023-10-10 14:00:00+09:00,10000.0,10030.0,9900.0,9930.0,1211,0.0,0.0
2023-10-11 09:00:00+09:00,9960.0,10190.0,9960.0,10180.0,2577,0.0,0.0
2023-10-11 10:00:00+09:00,10170.0,10200.0,10120.0,10130.0,1351,0.0,0.0
2023-10-11 11:00:00+09:00,10200.0,10370.0,10170.0,10180.0,2592,0.0,0.0
2023-10-11 12:00:00+09:00,10190.0,10200.0,10180.0,10200.0,547,0.0,0.0
2023-10-11 13:00:00+09:00,10200.0,10200.0,10180.0,10190.0,639,0.0,0.0
2023-10-11 14:00:00+09:00,10190.0,10190.0,10170.0,10190.0,296,0.0,0.0
2023-10-12 09:00:00+09:00,10120.0,10360.0,10120.0,10300.0,3044,0.0,0.0
2023-10-12 10:00:00+09:00,10300.0,10330.0,10250.0,10280.0,1476,0.0,0.0
2023-10-12 11:00:00+09:00,10280.0,10330.0,10280.0,10320.0,1370,0.0,0.0
2023-10-12 12:00:00+09:00,10320.0,10380.0,10310.0,10360.0,1765,0.0,0.0
2023-10-12 13:00:00+09:00,10360.0,10370.0,10300.0,10300.0,831,0.0,0.0
2023-10-12 14:00:00+09:00,10360.0,10370.0,10290.0,10360.0,1475,0.0,0.0
2023-10-13 09:00:00+09:00,10380.0,10380.0,10100.0,10200.0,1580,0.0,0.0
2023-10-13 10:00:00+09:00,10230.0,10330.0,10220.0,10220.0,935,0.0,0.0
2023-10-13 11:00:00+09:00,10280.0,10280.0,10190.0,10190.0,977,0.0,0.0
2023-10-13 12:00:00+09:00,10220.0,10220.0,10110.0,10190.0,958,0.0,0.0
2023-10-13 13:00:00+09:00,10140.0,10180.0,10130.0,10130.0,351,0.0,0.0
2023-10-13 14:00:00+09:00,10130.0,10190.0,10100.0,10120.0,1749,0.0,0.0
2023-10-16 09:00:00+09:00,10000.0,10230.0,9920.0,9950.0,0,0.0,0.0
2023-10-16 10:00:00+09:00,9970.0,9970.0,9900.0,9900.0,2351,0.0,0.0
2023-10-16 11:00:00+09:00,9900.0,9970.0,9810.0,9810.0,0,0.0,0.0
2023-10-16 12:00:00+09:00,9810.0,9910.0,9750.0,9830.0,12126,0.0,0.0
2023-10-16 13:00:00+09:00,9850.0,9890.0,9810.0,9810.0,0,0.0,0.0
2023-10-16 14:00:00+09:00,9810.0,9860.0,9750.0,9750.0,15175,0.0,0.0
2023-10-17 09:00:00+09:00,9810.0,10020.0,9810.0,9980.0,4345,0.0,0.0
2023-10-17 10:00:00+09:00,10010.0,10080.0,9940.0,10010.0,2178,0.0,0.0
2023-10-17 11:00:00+09:00,10010.0,10040.0,9980.0,10020.0,2370,0.0,0.0
2023-10-17 12:00:00+09:00,10020.0,10030.0,9980.0,10030.0,19,0.0,0.0
2023-10-17 13:00:00+09:00,10030.0,10040.0,10000.0,10000.0,988,0.0,0.0
2023-10-17 14:00:00+09:00,9990.0,10080.0,9970.0,10050.0,1836,0.0,0.0
2023-10-18 09:00:00+09:00,9930.0,10100.0,9880.0,10000.0,6526,0.0,0.0
2023-10-18 10:00:00+09:00,10000.0,10030.0,9900.0,9980.0,494,0.0,0.0
2023-10-18 11:00:00+09:00,9990.0,9990.0,9940.0,9980.0,452,0.0,0.0
2023-10-18 12:00:00+09:00,9990.0,9990.0,9890.0,9890.0,228,0.0,0.0
2023-10-18 13:00:00+09:00,9950.0,9970.0,9870.0,9920.0,2188,0.0,0.0
2023-10-18 14:00:00+09:00,9940.0,9950.0,9910.0,9950.0,298,0.0,0.0
2023-10-19 09:00:00+09:00,10000.0,10000.0,9590.0,9790.0,6121,0.0,0.0
2023-10-19 10:00:00+09:00,9750.0,9790.0,9660.0,9750.0,3871,0.0,0.0
2023-10-19 11:00:00+09:00,9660.0,9700.0,9520.0,9550.0,6510,0.0,0.0
2023-10-19 12:00:00+09:00,9560.0,9630.0,9540.0,9630.0,1799,0.0,0.0
2023-10-19 13:00:00+09:00,9620.0,9620.0,9540.0,9560.0,810,0.0,0.0
2023-10-19 14:00:00+09:00,9570.0,9630.0,9510.0,9580.0,6751,0.0,0.0
2023-10-20 09:00:00+09:00,9560.0,9560.0,9200.0,9230.0,9986,0.0,0.0
2023-10-20 10:00:00+09:00,9230.0,9310.0,9130.0,9290.0,7656,0.0,0.0
2023-10-20 11:00:00+09:00,9280.0,9290.0,9160.0,9290.0,7444,0.0,0.0
2023-10-20 12:00:00+09:00,9290.0,9370.0,9290.0,9370.0,1949,0.0,0.0
2023-10-20 13:00:00+09:00,9380.0,9550.0,9360.0,9470.0,2215,0.0,0.0
2023-10-20 14:00:00+09:00,9470.0,9510.0,9310.0,9400.0,2890,0.0,0.0
2023-10-23 09:00:00+09:00,9350.0,9530.0,9120.0,9530.0,0,0.0,0.0
2023-10-23 10:00:00+09:00,9540.0,9570.0,9420.0,9530.0,3224,0.0,0.0
2023-10-23 11:00:00+09:00,9530.0,9530.0,9460.0,9460.0,539,0.0,0.0
2023-10-23 12:00:00+09:00,9460.0,9470.0,9430.0,9430.0,1794,0.0,0.0
2023-10-23 13:00:00+09:00,9430.0,9430.0,9360.0,9390.0,1427,0.0,0.0
2023-10-23 14:00:00+09:00,9360.0,9360.0,9330.0,9350.0,1184,0.0,0.0
2023-10-24 09:00:00+09:00,9270.0,9520.0,9130.0,9130.0,6524,0.0,0.0
2023-10-24 10:00:00+09:00,9140.0,9260.0,9110.0,9190.0,2573,0.0,0.0
2023-10-24 11:00:00+09:00,9200.0,9300.0,9200.0,9270.0,89,0.0,0.0
2023-10-24 12:00:00+09:00,9270.0,9350.0,9140.0,9350.0,2364,0.0,0.0
2023-10-24 13:00:00+09:00,9290.0,9390.0,9290.0,9390.0,1860,0.0,0.0
2023-10-24 14:00:00+09:00,9380.0,9600.0,9370.0,9520.0,4612,0.0,0.0
2023-10-25 09:00:00+09:00,9400.0,9670.0,9400.0,9510.0,2896,0.0,0.0
2023-10-25 10:00:00+09:00,9510.0,9570.0,9500.0,9560.0,177,0.0,0.0
2023-10-25 11:00:00+09:00,9560.0,9560.0,9510.0,9560.0,325,0.0,0.0
2023-10-25 12:00:00+09:00,9530.0,9560.0,9470.0,9530.0,804,0.0,0.0
2023-10-25 13:00:00+09:00,9520.0,9520.0,9470.0,9520.0,243,0.0,0.0
2023-10-25 14:00:00+09:00,9490.0,9520.0,9440.0,9520.0,1073,0.0,0.0
2023-10-26 09:00:00+09:00,9450.0,9450.0,9180.0,9230.0,4805,0.0,0.0
2023-10-26 10:00:00+09:00,9230.0,9320.0,9220.0,9260.0,299,0.0,0.0
2023-10-26 11:00:00+09:00,9260.0,9260.0,9120.0,9170.0,4782,0.0,0.0
2023-10-26 12:00:00+09:00,9160.0,9180.0,9110.0,9160.0,2610,0.0,0.0
2023-10-26 13:00:00+09:00,9180.0,9180.0,9100.0,9130.0,3156,0.0,0.0
2023-10-26 14:00:00+09:00,9120.0,9170.0,9080.0,9170.0,5345,0.0,0.0
2023-10-27 09:00:00+09:00,9200.0,9200.0,9040.0,9100.0,2560,0.0,0.0
2023-10-27 10:00:00+09:00,9100.0,9270.0,9100.0,9210.0,2039,0.0,0.0
2023-10-27 11:00:00+09:00,9210.0,10290.0,9210.0,9680.0,74465,0.0,0.0
2023-10-27 12:00:00+09:00,9670.0,9730.0,9340.0,9400.0,10227,0.0,0.0
2023-10-27 13:00:00+09:00,9400.0,9440.0,9330.0,9430.0,6123,0.0,0.0
2023-10-27 14:00:00+09:00,9440.0,9500.0,9330.0,9440.0,2126,0.0,0.0
2023-10-30 09:00:00+09:00,9570.0,9570.0,9240.0,9350.0,0,0.0,0.0
2023-10-30 10:00:00+09:00,9420.0,9460.0,9340.0,9440.0,440,0.0,0.0
2023-10-30 11:00:00+09:00,9410.0,9450.0,9380.0,9420.0,255,0.0,0.0
2023-10-30 12:00:00+09:00,9440.0,9500.0,9410.0,9500.0,761,0.0,0.0
2023-10-30 13:00:00+09:00,9480.0,9490.0,9380.0,9430.0,767,0.0,0.0
2023-10-30 14:00:00+09:00,9420.0,9460.0,9360.0,9460.0,398,0.0,0.0
2023-10-31 09:00:00+09:00,9310.0,9700.0,9250.0,9280.0,10238,0.0,0.0
2023-10-31 10:00:00+09:00,9250.0,9280.0,9180.0,9220.0,3083,0.0,0.0
2023-10-31 11:00:00+09:00,9240.0,9260.0,9120.0,9120.0,7605,0.0,0.0
2023-10-31 12:00:00+09:00,9150.0,9150.0,9090.0,9120.0,2014,0.0,0.0
2023-10-31 13:00:00+09:00,9120.0,9140.0,9090.0,9110.0,1789,0.0,0.0
2023-10-31 14:00:00+09:00,9090.0,9120.0,8980.0,9120.0,8879,0.0,0.0
2023-11-01 09:00:00+09:00,9050.0,9430.0,9050.0,9360.0,15870,0.0,0.0
2023-11-01 10:00:00+09:00,9360.0,9370.0,9280.0,9280.0,1489,0.0,0.0
2023-11-01 11:00:00+09:00,9260.0,9300.0,9250.0,9280.0,620,0.0,0.0
2023-11-01 12:00:00+09:00,9290.0,9300.0,9290.0,9290.0,159,0.0,0.0
2023-11-01 13:00:00+09:00,9280.0,9280.0,9230.0,9280.0,122,0.0,0.0
2023-11-01 14:00:00+09:00,9240.0,9250.0,9220.0,9220.0,478,0.0,0.0
2023-11-02 09:00:00+09:00,9340.0,9510.0,9340.0,9460.0,989,0.0,0.0
2023-11-02 10:00:00+09:00,9440.0,9510.0,9440.0,9460.0,1758,0.0,0.0
2023-11-02 11:00:00+09:00,9510.0,9510.0,9450.0,9470.0,1886,0.0,0.0
2023-11-02 12:00:00+09:00,9460.0,9480.0,9460.0,9470.0,951,0.0,0.0
2023-11-02 13:00:00+09:00,9480.0,9500.0,9480.0,9500.0,374,0.0,0.0
2023-11-02 14:00:00+09:00,9490.0,9500.0,9440.0,9440.0,1716,0.0,0.0
2023-11-03 09:00:00+09:00,9410.0,9490.0,9310.0,9370.0,1917,0.0,0.0
2023-11-03 10:00:00+09:00,9380.0,9480.0,9370.0,9430.0,710,0.0,0.0
2023-11-03 11:00:00+09:00,9460.0,9530.0,9460.0,9520.0,0,0.0,0.0
2023-11-03 12:00:00+09:00,9520.0,9570.0,9520.0,9570.0,4628,0.0,0.0
2023-11-03 13:00:00+09:00,9570.0,9580.0,9510.0,9570.0,344,0.0,0.0
2023-11-03 14:00:00+09:00,9570.0,9600.0,9530.0,9580.0,339,0.0,0.0
2023-11-06 09:00:00+09:00,9740.0,9740.0,9520.0,9700.0,0,0.0,0.0
2023-11-06 10:00:00+09:00,9730.0,9740.0,9650.0,9700.0,2099,0.0,0.0
2023-11-06 11:00:00+09:00,9700.0,9730.0,9660.0,9730.0,467,0.0,0.0
2023-11-06 12:00:00+09:00,9740.0,9770.0,9720.0,9760.0,366,0.0,0.0
2023-11-06 13:00:00+09:00,9760.0,9820.0,9760.0,9780.0,1706,0.0,0.0
2023-11-06 14:00:00+09:00,9790.0,9800.0,9710.0,9790.0,3069,0.0,0.0
2023-11-07 09:00:00+09:00,9980.0,9980.0,9580.0,9840.0,4753,0.0,0.0
2023-11-07 10:00:00+09:00,9750.0,9880.0,9730.0,9820.0,777,0.0,0.0
2023-11-07 11:00:00+09:00,9760.0,9770.0,9640.0,9640.0,4210,0.0,0.0
2023-11-07 12:00:00+09:00,9630.0,9660.0,9540.0,9610.0,1757,0.0,0.0
2023-11-07 13:00:00+09:00,9610.0,9730.0,9560.0,9730.0,1004,0.0,0.0
2023-11-07 14:00:00+09:00,9680.0,9700.0,9630.0,9700.0,147,0.0,0.0
2023-11-08 09:00:00+09:00,9840.0,9850.0,9700.0,9730.0,992,0.0,0.0
2023-11-08 10:00:00+09:00,9730.0,9770.0,9670.0,9770.0,2905,0.0,0.0
2023-11-08 11:00:00+09:00,9740.0,9790.0,9720.0,9780.0,149,0.0,0.0
2023-11-08 12:00:00+09:00,9790.0,9810.0,9770.0,9810.0,428,0.0,0.0
2023-11-08 13:00:00+09:00,9800.0,9810.0,9760.0,9760.0,583,0.0,0.0
2023-11-08 14:00:00+09:00,9800.0,9800.0,9740.0,9740.0,489,0.0,0.0
2023-11-09 09:00:00+09:00,9790.0,9880.0,9650.0,9650.0,1917,0.0,0.0
2023-11-09 10:00:00+09:00,9650.0,9760.0,9640.0,9750.0,616,0.0,0.0
2023-11-09 11:00:00+09:00,9750.0,9750.0,9720.0,9720.0,57,0.0,0.0
2023-11-09 12:00:00+09:00,9730.0,9780.0,9730.0,9730.0,536,0.0,0.0
2023-11-09 13:00:00+09:00,9770.0,9770.0,9740.0,9770.0,552,0.0,0.0
2023-11-09 14:00:00+09:00,9730.0,9760.0,9680.0,9710.0,667,0.0,0.0
2023-11-10 09:00:00+09:00,9680.0,9680.0,9450.0,9600.0,1843,0.0,0.0
2023-11-10 10:00:00+09:00,9580.0,9600.0,9510.0,9510.0,321,0.0,0.0
2023-11-10 11:00:00+09:00,9510.0,9540.0,9500.0,9540.0,252,0.0,0.0
2023-11-10 12:00:00+09:00,9550.0,9580.0,9530.0,9570.0,442,0.0,0.0
2023-11-10 13:00:00+09:00,9570.0,9580.0,9530.0,9570.0,206,0.0,0.0
2023-11-10 14:00:00+09:00,9550.0,9550.0,9510.0,9510.0,356,0.0,0.0
2023-11-13 09:00:00+09:00,9560.0,9690.0,9560.0,9600.0,0,0.0,0.0
2023-11-13 10:00:00+09:00,9600.0,9650.0,9550.0,9620.0,804,0.0,0.0
2023-11-13 11:00:00+09:00,9550.0,9610.0,9520.0,9520.0,1462,0.0,0.0
2023-11-13 12:00:00+09:00,9550.0,9570.0,9510.0,9570.0,322,0.0,0.0
2023-11-13 13:00:00+09:00,9530.0,9530.0,9480.0,9490.0,2066,0.0,0.0
2023-11-13 14:00:00+09:00,9510.0,9590.0,9360.0,9390.0,3903,0.0,0.0
2023-11-14 09:00:00+09:00,9560.0,9660.0,9560.0,9660.0,1097,0.0,0.0
2023-11-14 10:00:00+09:00,9650.0,9770.0,9610.0,9750.0,2348,0.0,0.0
2023-11-14 11:00:00+09:00,9670.0,9720.0,9640.0,9710.0,338,0.0,0.0
2023-11-14 12:00:00+09:00,9640.0,9700.0,9610.0,9640.0,83,0.0,0.0
2023-11-14 13:00:00+09:00,9690.0,9710.0,9620.0,9710.0,427,0.0,0.0
2023-11-14 14:00:00+09:00,9710.0,9710.0,9630.0,9710.0,259,0.0,0.0
2023-11-15 09:00:00+09:00,9800.0,9890.0,9710.0,9870.0,3664,0.0,0.0
2023-11-15 10:00:00+09:00,9830.0,9880.0,9830.0,9870.0,548,0.0,0.0
2023-11-15 11:00:00+09:00,9860.0,9880.0,9830.0,9880.0,763,0.0,0.0
2023-11-15 12:00:00+09:00,9870.0,9870.0,9830.0,9870.0,512,0.0,0.0
2023-11-15 13:00:00+09:00,9860.0,9870.0,9840.0,9860.0,1043,0.0,0.0
2023-11-15 14:00:00+09:00,9840.0,9870.0,9840.0,9860.0,1474,0.0,0.0
2023-11-16 10:00:00+09:00,9900.0,9960.0,9870.0,9900.0,1182,0.0,0.0
2023-11-16 11:00:00+09:00,9900.0,9920.0,9870.0,9900.0,1663,0.0,0.0
2023-11-16 12:00:00+09:00,9900.0,9900.0,9880.0,9900.0,317,0.0,0.0
2023-11-16 13:00:00+09:00,9900.0,9900.0,9870.0,9880.0,475,0.0,0.0
2023-11-16 14:00:00+09:00,9890.0,9900.0,9870.0,9900.0,106,0.0,0.0
2023-11-17 09:00:00+09:00,9950.0,9950.0,9810.0,9870.0,1254,0.0,0.0
2023-11-17 10:00:00+09:00,9870.0,9980.0,9870.0,9900.0,1393,0.0,0.0
2023-11-17 11:00:00+09:00,9920.0,9950.0,9870.0,9950.0,1021,0.0,0.0
2023-11-17 12:00:00+09:00,9950.0,9950.0,9920.0,9920.0,51,0.0,0.0
2023-11-17 13:00:00+09:00,9920.0,9930.0,9910.0,9910.0,411,0.0,0.0
2023-11-17 14:00:00+09:00,9920.0,9930.0,9900.0,9920.0,1234,0.0,0.0
2023-11-20 09:00:00+09:00,9920.0,9980.0,9850.0,9940.0,0,0.0,0.0
2023-11-20 10:00:00+09:00,9940.0,9990.0,9940.0,9980.0,715,0.0,0.0
2023-11-20 11:00:00+09:00,9980.0,9980.0,9950.0,9980.0,297,0.0,0.0
2023-11-20 12:00:00+09:00,9980.0,9990.0,9960.0,9990.0,715,0.0,0.0
2023-11-20 13:00:00+09:00,9990.0,10000.0,9950.0,9990.0,1456,0.0,0.0
2023-11-20 14:00:00+09:00,9960.0,9990.0,9950.0,9960.0,608,0.0,0.0
2023-11-21 09:00:00+09:00,10020.0,10020.0,9920.0,10000.0,544,0.0,0.0
2023-11-21 10:00:00+09:00,9960.0,10000.0,9940.0,10000.0,729,0.0,0.0
2023-11-21 11:00:00+09:00,9970.0,10010.0,9970.0,9970.0,1051,0.0,0.0
2023-11-21 12:00:00+09:00,10000.0,10000.0,9970.0,10000.0,0,0.0,0.0
2023-11-21 13:00:00+09:00,9990.0,10000.0,9980.0,9980.0,821,0.0,0.0
2023-11-21 14:00:00+09:00,9970.0,10000.0,9950.0,9970.0,1060,0.0,0.0
2023-11-22 09:00:00+09:00,10000.0,10000.0,9900.0,9960.0,602,0.0,0.0
2023-11-22 10:00:00+09:00,9950.0,9970.0,9900.0,9970.0,447,0.0,0.0
2023-11-22 11:00:00+09:00,9970.0,9970.0,9900.0,9900.0,342,0.0,0.0
2023-11-22 12:00:00+09:00,9970.0,9970.0,9880.0,9950.0,280,0.0,0.0
2023-11-22 13:00:00+09:00,9910.0,9950.0,9890.0,9940.0,187,0.0,0.0
2023-11-22 14:00:00+09:00,9940.0,9940.0,9880.0,9880.0,866,0.0,0.0
2023-11-23 09:00:00+09:00,9950.0,10000.0,9880.0,9990.0,1714,0.0,0.0
2023-11-23 10:00:00+09:00,9980.0,10090.0,9910.0,10060.0,3443,0.0,0.0
2023-11-23 11:00:00+09:00,10080.0,10100.0,10050.0,10060.0,1448,0.0,0.0
2023-11-23 12:00:00+09:00,10070.0,10100.0,10050.0,10050.0,2157,0.0,0.0
2023-11-23 13:00:00+09:00,10050.0,10070.0,10020.0,10030.0,1476,0.0,0.0
2023-11-23 14:00:00+09:00,10040.0,10070.0,10030.0,10030.0,756,0.0,0.0
2023-11-24 09:00:00+09:00,10060.0,10390.0,10060.0,10380.0,18401,0.0,0.0
2023-11-24 10:00:00+09:00,10390.0,10410.0,10300.0,10340.0,4962,0.0,0.0
2023-11-24 11:00:00+09:00,10340.0,10450.0,10300.0,10300.0,6716,0.0,0.0
2023-11-24 12:00:00+09:00,10300.0,10350.0,10250.0,10270.0,1784,0.0,0.0
2023-11-24 13:00:00+09:00,10310.0,10380.0,10270.0,10300.0,1959,0.0,0.0
2023-11-24 14:00:00+09:00,10300.0,10300.0,10250.0,10270.0,1730,0.0,0.0
2023-11-27 09:00:00+09:00,10190.0,10470.0,10170.0,10420.0,0,0.0,0.0
2023-11-27 10:00:00+09:00,10410.0,10440.0,10390.0,10430.0,1703,0.0,0.0
2023-11-27 11:00:00+09:00,10430.0,10440.0,10360.0,10380.0,2755,0.0,0.0
2023-11-27 12:00:00+09:00,10370.0,10430.0,10370.0,10400.0,1066,0.0,0.0
2023-11-27 13:00:00+09:00,10400.0,10420.0,10390.0,10420.0,931,0.0,0.0
2023-11-27 14:00:00+09:00,10430.0,10490.0,10430.0,10470.0,4199,0.0,0.0
2023-11-28 09:00:00+09:00,10500.0,10550.0,10300.0,10300.0,8990,0.0,0.0
2023-11-28 10:00:00+09:00,10280.0,10390.0,10250.0,10390.0,6153,0.0,0.0
2023-11-28 11:00:00+09:00,10390.0,10460.0,10310.0,10370.0,443,0.0,0.0
2023-11-28 12:00:00+09:00,10370.0,10390.0,10300.0,10370.0,388,0.0,0.0
2023-11-28 13:00:00+09:00,10370.0,10440.0,10320.0,10320.0,3751,0.0,0.0
2023-11-28 14:00:00+09:00,10370.0,10380.0,10290.0,10340.0,1796,0.0,0.0
2023-11-29 09:00:00+09:00,10340.0,10450.0,10310.0,10320.0,2612,0.0,0.0
2023-11-29 10:00:00+09:00,10320.0,10380.0,10290.0,10290.0,497,0.0,0.0
2023-11-29 11:00:00+09:00,10290.0,10340.0,10280.0,10300.0,721,0.0,0.0
2023-11-29 12:00:00+09:00,10310.0,10350.0,10290.0,10290.0,240,0.0,0.0
2023-11-29 13:00:00+09:00,10300.0,10310.0,10260.0,10270.0,2425,0.0,0.0
2023-11-29 14:00:00+09:00,10270.0,10300.0,10200.0,10240.0,3675,0.0,0.0
2023-11-30 09:00:00+09:00,10320.0,10480.0,10240.0,10440.0,1524,0.0,0.0
2023-11-30 10:00:00+09:00,10430.0,10430.0,10250.0,10330.0,3138,0.0,0.0
2023-11-30 11:00:00+09:00,10330.0,10330.0,10260.0,10290.0,1212,0.0,0.0
2023-11-30 12:00:00+09:00,10290.0,10300.0,10240.0,10240.0,2047,0.0,0.0
2023-11-30 13:00:00+09:00,10240.0,10250.0,10230.0,10240.0,201,0.0,0.0
2023-11-30 14:00:00+09:00,10240.0,10260.0,10220.0,10260.0,367,0.0,0.0
2023-12-01 09:00:00+09:00,10340.0,10340.0,10210.0,10240.0,591,0.0,0.0
2023-12-01 10:00:00+09:00,10240.0,10330.0,10240.0,10320.0,182,0.0,0.0
2023-12-01 11:00:00+09:00,10300.0,10300.0,10230.0,10270.0,969,0.0,0.0
2023-12-01 12:00:00+09:00,10270.0,10270.0,10220.0,10240.0,880,0.0,0.0
2023-12-01 13:00:00+09:00,10230.0,10260.0,10210.0,10220.0,1146,0.0,0.0
2023-12-01 14:00:00+09:00,10220.0,10230.0,10170.0,10180.0,1818,0.0,0.0
2023-12-04 09:00:00+09:00,10150.0,10340.0,10080.0,10120.0,0,0.0,0.0
2023-12-04 10:00:00+09:00,10160.0,10180.0,10100.0,10170.0,136,0.0,0.0
2023-12-04 11:00:00+09:00,10140.0,10160.0,10110.0,10110.0,190,0.0,0.0
2023-12-04 12:00:00+09:00,10160.0,10160.0,10110.0,10160.0,27,0.0,0.0
2023-12-04 13:00:00+09:00,10120.0,10150.0,10090.0,10110.0,1534,0.0,0.0
2023-12-04 14:00:00+09:00,10100.0,10120.0,10090.0,10110.0,762,0.0,0.0
2023-12-05 09:00:00+09:00,10030.0,10150.0,10030.0,10150.0,1600,0.0,0.0
2023-12-05 10:00:00+09:00,10130.0,10150.0,10070.0,10150.0,909,0.0,0.0
2023-12-05 11:00:00+09:00,10150.0,10320.0,10140.0,10280.0,3000,0.0,0.0
2023-12-05 12:00:00+09:00,10270.0,10270.0,10180.0,10200.0,135,0.0,0.0
2023-12-05 13:00:00+09:00,10210.0,10300.0,10190.0,10190.0,139,0.0,0.0
2023-12-05 14:00:00+09:00,10180.0,10200.0,10100.0,10140.0,1592,0.0,0.0
2023-12-06 09:00:00+09:00,10660.0,10660.0,10380.0,10420.0,23065,0.0,0.0
2023-12-06 10:00:00+09:00,10420.0,10420.0,10270.0,10300.0,6898,0.0,0.0
2023-12-06 11:00:00+09:00,10360.0,10360.0,10280.0,10300.0,284,0.0,0.0
2023-12-06 12:00:00+09:00,10310.0,10410.0,10310.0,10390.0,1306,0.0,0.0
2023-12-06 13:00:00+09:00,10400.0,10450.0,10340.0,10340.0,1345,0.0,0.0
2023-12-06 14:00:00+09:00,10340.0,10340.0,10310.0,10320.0,1240,0.0,0.0
2023-12-07 09:00:00+09:00,10260.0,10450.0,10230.0,10250.0,1974,0.0,0.0
2023-12-07 10:00:00+09:00,10270.0,10270.0,10200.0,10250.0,741,0.0,0.0
2023-12-07 11:00:00+09:00,10250.0,10250.0,10210.0,10210.0,859,0.0,0.0
2023-12-07 12:00:00+09:00,10210.0,10240.0,10210.0,10220.0,461,0.0,0.0
2023-12-07 13:00:00+09:00,10230.0,10240.0,10200.0,10240.0,367,0.0,0.0
2023-12-07 14:00:00+09:00,10240.0,10240.0,10200.0,10210.0,691,0.0,0.0
2023-12-08 09:00:00+09:00,10100.0,10270.0,10100.0,10160.0,1634,0.0,0.0
2023-12-08 10:00:00+09:00,10170.0,10210.0,10150.0,10200.0,969,0.0,0.0
2023-12-08 11:00:00+09:00,10200.0,10240.0,10160.0,10230.0,437,0.0,0.0
2023-12-08 12:00:00+09:00,10220.0,10220.0,10150.0,10150.0,1297,0.0,0.0
2023-12-08 13:00:00+09:00,10160.0,10200.0,10150.0,10160.0,494,0.0,0.0
2023-12-08 14:00:00+09:00,10160.0,10200.0,10140.0,10180.0,965,0.0,0.0
2023-12-11 09:00:00+09:00,10290.0,10300.0,10110.0,10260.0,0,0.0,0.0
2023-12-11 10:00:00+09:00,10240.0,10260.0,10230.0,10240.0,544,0.0,0.0
2023-12-11 11:00:00+09:00,10240.0,10240.0,10190.0,10200.0,500,0.0,0.0
2023-12-11 12:00:00+09:00,10210.0,10230.0,10150.0,10220.0,389,0.0,0.0
2023-12-11 13:00:00+09:00,10220.0,10220.0,10220.0,10220.0,194,0.0,0.0
2023-12-11 14:00:00+09:00,10210.0,10220.0,10140.0,10170.0,908,0.0,0.0
2023-12-12 09:00:00+09:00,10290.0,10330.0,10130.0,10200.0,2894,0.0,0.0
2023-12-12 10:00:00+09:00,10180.0,10200.0,10150.0,10200.0,752,0.0,0.0
2023-12-12 11:00:00+09:00,10200.0,10200.0,10170.0,10200.0,557,0.0,0.0
2023-12-12 12:00:00+09:00,10200.0,10200.0,10160.0,10170.0,1163,0.0,0.0
2023-12-12 13:00:00+09:00,10180.0,10200.0,10170.0,10200.0,185,0.0,0.0
2023-12-12 14:00:00+09:00,10200.0,10200.0,10180.0,10180.0,714,0.0,0.0
2023-12-13 09:00:00+09:00,10320.0,10320.0,10180.0,10180.0,0,0.0,0.0
2023-12-13 10:00:00+09:00,10180.0,10220.0,10170.0,10200.0,2768,0.0,0.0
2023-12-13 11:00:00+09:00,10190.0,10190.0,10170.0,10170.0,872,0.0,0.0
2023-12-13 12:00:00+09:00,10190.0,10190.0,10170.0,10170.0,1586,0.0,0.0
2023-12-13 13:00:00+09:00,10180.0,10220.0,10160.0,10220.0,0,0.0,0.0
2023-12-13 14:00:00+09:00,10190.0,10220.0,10160.0,10160.0,963,0.0,0.0
2023-12-14 09:00:00+09:00,10280.0,10280.0,10200.0,10240.0,2137,0.0,0.0
2023-12-14 10:00:00+09:00,10240.0,10260.0,10220.0,10260.0,1352,0.0,0.0
2023-12-14 11:00:00+09:00,10260.0,10260.0,10230.0,10230.0,564,0.0,0.0
2023-12-14 12:00:00+09:00,10230.0,10260.0,10210.0,10210.0,962,0.0,0.0
2023-12-14 13:00:00+09:00,10250.0,10250.0,10250.0,10250.0,300,0.0,0.0
2023-12-14 14:00:00+09:00,10240.0,10240.0,10220.0,10240.0,627,0.0,0.0
2023-12-15 09:00:00+09:00,10370.0,10370.0,10180.0,10230.0,1579,0.0,0.0
2023-12-15 10:00:00+09:00,10230.0,10230.0,10150.0,10180.0,2107,0.0,0.0
2023-12-15 11:00:00+09:00,10220.0,10220.0,10150.0,10210.0,1589,0.0,0.0
2023-12-15 12:00:00+09:00,10170.0,10210.0,10170.0,10200.0,386,0.0,0.0
2023-12-15 13:00:00+09:00,10200.0,10200.0,10170.0,10200.0,448,0.0,0.0
2023-12-15 14:00:00+09:00,10170.0,10190.0,10150.0,10160.0,2098,0.0,0.0
2023-12-18 09:00:00+09:00,10210.0,10210.0,10050.0,10080.0,0,0.0,0.0
2023-12-18 10:00:00+09:00,10100.0,10150.0,10090.0,10150.0,22,0.0,0.0
2023-12-18 11:00:00+09:00,10140.0,10150.0,10120.0,10140.0,498,0.0,0.0
2023-12-18 12:00:00+09:00,10120.0,10140.0,10110.0,10110.0,441,0.0,0.0
2023-12-18 13:00:00+09:00,10130.0,10140.0,10090.0,10090.0,1814,0.0,0.0
2023-12-18 14:00:00+09:00,10090.0,10120.0,10080.0,10110.0,1426,0.0,0.0
2023-12-19 09:00:00+09:00,10210.0,10210.0,10120.0,10190.0,0,0.0,0.0
2023-12-19 10:00:00+09:00,10130.0,10190.0,10080.0,10180.0,3512,0.0,0.0
2023-12-19 11:00:00+09:00,10120.0,10180.0,10100.0,10180.0,821,0.0,0.0
2023-12-19 12:00:00+09:00,10140.0,10180.0,10110.0,10160.0,229,0.0,0.0
2023-12-19 13:00:00+09:00,10160.0,10160.0,10110.0,10120.0,190,0.0,0.0
2023-12-19 14:00:00+09:00,10160.0,10170.0,10110.0,10150.0,926,0.0,0.0
2023-12-20 09:00:00+09:00,10210.0,10270.0,10150.0,10270.0,403,0.0,0.0
2023-12-20 10:00:00+09:00,10250.0,10250.0,10130.0,10170.0,1798,0.0,0.0
2023-12-20 11:00:00+09:00,10170.0,10170.0,10160.0,10170.0,664,0.0,0.0
2023-12-20 12:00:00+09:00,10160.0,10170.0,10140.0,10150.0,682,0.0,0.0
2023-12-20 13:00:00+09:00,10160.0,10170.0,10160.0,10170.0,1338,0.0,0.0
2023-12-20 14:00:00+09:00,10180.0,10200.0,10180.0,10190.0,606,0.0,0.0
2023-12-21 09:00:00+09:00,10200.0,10200.0,10100.0,10180.0,2825,0.0,0.0
2023-12-21 10:00:00+09:00,10180.0,10180.0,10090.0,10090.0,3771,0.0,0.0
2023-12-21 11:00:00+09:00,10100.0,10140.0,10050.0,10120.0,3449,0.0,0.0
2023-12-21 12:00:00+09:00,10060.0,10120.0,10040.0,10120.0,7134,0.0,0.0
2023-12-21 13:00:00+09:00,10100.0,10100.0,10060.0,10100.0,74,0.0,0.0
2023-12-21 14:00:00+09:00,10100.0,10120.0,10060.0,10090.0,322,0.0,0.0
2023-12-22 09:00:00+09:00,10070.0,10140.0,10050.0,10090.0,1753,0.0,0.0
2023-12-22 10:00:00+09:00,10090.0,10100.0,10000.0,10080.0,4784,0.0,0.0
2023-12-22 11:00:00+09:00,10080.0,10080.0,10070.0,10080.0,233,0.0,0.0
2023-12-22 12:00:00+09:00,10080.0,10100.0,10040.0,10100.0,671,0.0,0.0
2023-12-22 13:00:00+09:00,10100.0,10100.0,10030.0,10040.0,1979,0.0,0.0
2023-12-22 14:00:00+09:00,10090.0,10090.0,10050.0,10060.0,172,0.0,0.0
2023-12-26 09:00:00+09:00,10060.0,10100.0,9990.0,10010.0,0,0.0,0.0
2023-12-26 10:00:00+09:00,10030.0,10030.0,9980.0,10010.0,2288,0.0,0.0
2023-12-26 11:00:00+09:00,10000.0,10040.0,10000.0,10040.0,1301,0.0,0.0
2023-12-26 12:00:00+09:00,10010.0,10040.0,10000.0,10040.0,369,0.0,0.0
2023-12-26 13:00:00+09:00,10030.0,10030.0,9980.0,10010.0,3479,0.0,0.0
2023-12-26 14:00:00+09:00,10010.0,10010.0,9960.0,9970.0,1017,0.0,0.0
2023-12-27 09:00:00+09:00,10070.0,10070.0,9940.0,9950.0,5888,0.0,0.0
2023-12-27 10:00:00+09:00,9950.0,9990.0,9950.0,9990.0,1147,0.0,0.0
2023-12-27 11:00:00+09:00,9990.0,9990.0,9930.0,9940.0,5331,0.0,0.0
2023-12-27 12:00:00+09:00,9970.0,10010.0,9960.0,9970.0,1655,0.0,0.0
2023-12-27 13:00:00+09:00,9970.0,10010.0,9970.0,10000.0,191,0.0,0.0
2023-12-27 14:00:00+09:00,10000.0,10000.0,9960.0,9960.0,1576,0.0,0.0
2023-12-28 09:00:00+09:00,10040.0,10040.0,9940.0,9960.0,622,0.0,0.0
2023-12-28 10:00:00+09:00,9990.0,10080.0,9950.0,10040.0,2809,0.0,0.0
2023-12-28 11:00:00+09:00,9990.0,10070.0,9970.0,10060.0,1880,0.0,0.0
2023-12-28 12:00:00+09:00,9990.0,10070.0,9980.0,10060.0,944,0.0,0.0
2023-12-28 13:00:00+09:00,10040.0,10040.0,9980.0,9990.0,205,0.0,0.0
2023-12-28 14:00:00+09:00,9990.0,10040.0,9970.0,10020.0,77,0.0,0.0
2024-01-02 10:00:00+09:00,9960.0,10020.0,9900.0,9960.0,2756,0.0,0.0
2024-01-02 11:00:00+09:00,9960.0,9990.0,9950.0,9990.0,711,0.0,0.0
2024-01-02 12:00:00+09:00,9990.0,10000.0,9980.0,10000.0,973,0.0,0.0
2024-01-02 13:00:00+09:00,10000.0,10010.0,10000.0,10000.0,850,0.0,0.0
2024-01-02 14:00:00+09:00,10020.0,10020.0,9980.0,9980.0,1489,0.0,0.0
2024-01-03 09:00:00+09:00,9870.0,9980.0,9870.0,9910.0,5654,0.0,0.0
2024-01-03 10:00:00+09:00,9930.0,9930.0,9860.0,9900.0,5568,0.0,0.0
2024-01-03 11:00:00+09:00,9900.0,9910.0,9870.0,9910.0,935,0.0,0.0
2024-01-03 12:00:00+09:00,9910.0,9910.0,9890.0,9890.0,189,0.0,0.0
2024-01-03 13:00:00+09:00,9900.0,9900.0,9870.0,9880.0,1948,0.0,0.0
2024-01-03 14:00:00+09:00,9880.0,9890.0,9860.0,9870.0,2039,0.0,0.0
2024-01-04 09:00:00+09:00,9820.0,9930.0,9820.0,9850.0,2998,0.0,0.0
2024-01-04 10:00:00+09:00,9830.0,9870.0,9830.0,9840.0,2001,0.0,0.0
2024-01-04 11:00:00+09:00,9830.0,9830.0,9810.0,9820.0,2320,0.0,0.0
2024-01-04 12:00:00+09:00,9820.0,9870.0,9820.0,9850.0,703,0.0,0.0
2024-01-04 13:00:00+09:00,9850.0,9850.0,9830.0,9830.0,204,0.0,0.0
2024-01-04 14:00:00+09:00,9840.0,9840.0,9800.0,9830.0,1591,0.0,0.0
2024-01-05 09:00:00+09:00,9850.0,9940.0,9760.0,9900.0,2492,0.0,0.0
2024-01-05 10:00:00+09:00,9900.0,9910.0,9860.0,9860.0,526,0.0,0.0
2024-01-05 11:00:00+09:00,9860.0,9860.0,9700.0,9740.0,5478,0.0,0.0
2024-01-05 12:00:00+09:00,9780.0,9780.0,9740.0,9780.0,1309,0.0,0.0
2024-01-05 13:00:00+09:00,9780.0,9780.0,9740.0,9750.0,1053,0.0,0.0
2024-01-05 14:00:00+09:00,9740.0,9770.0,9730.0,9770.0,1447,0.0,0.0
2024-01-08 09:00:00+09:00,9800.0,9860.0,9680.0,9740.0,0,0.0,0.0
2024-01-08 10:00:00+09:00,9740.0,9750.0,9670.0,9700.0,5707,0.0,0.0
2024-01-08 11:00:00+09:00,9700.0,9740.0,9680.0,9720.0,1226,0.0,0.0
2024-01-08 12:00:00+09:00,9720.0,9740.0,9720.0,9740.0,424,0.0,0.0
2024-01-08 13:00:00+09:00,9750.0,9760.0,9660.0,9710.0,2938,0.0,0.0
2024-01-08 14:00:00+09:00,9720.0,9760.0,9700.0,9760.0,4000,0.0,0.0
2024-01-09 09:00:00+09:00,9770.0,9870.0,9770.0,9870.0,2226,0.0,0.0
2024-01-09 10:00:00+09:00,9860.0,9870.0,9810.0,9860.0,3592,0.0,0.0
2024-01-09 11:00:00+09:00,9870.0,9930.0,9870.0,9910.0,2104,0.0,0.0
2024-01-09 12:00:00+09:00,9910.0,9920.0,9900.0,9900.0,698,0.0,0.0
2024-01-09 13:00:00+09:00,9900.0,9910.0,9870.0,9900.0,507,0.0,0.0
2024-01-09 14:00:00+09:00,9890.0,9910.0,9880.0,9900.0,1614,0.0,0.0
2024-01-10 09:00:00+09:00,9970.0,9970.0,9860.0,9940.0,803,0.0,0.0
2024-01-10 10:00:00+09:00,9940.0,9940.0,9870.0,9890.0,1050,0.0,0.0
2024-01-10 11:00:00+09:00,9890.0,9920.0,9860.0,9920.0,2209,0.0,0.0
2024-01-10 12:00:00+09:00,9920.0,9920.0,9870.0,9880.0,475,0.0,0.0
2024-01-10 13:00:00+09:00,9880.0,9880.0,9860.0,9870.0,846,0.0,0.0
2024-01-10 14:00:00+09:00,9870.0,9890.0,9860.0,9890.0,537,0.0,0.0
2024-01-11 09:00:00+09:00,9830.0,9930.0,9810.0,9840.0,3251,0.0,0.0
2024-01-11 10:00:00+09:00,9840.0,9920.0,9840.0,9880.0,0,0.0,0.0
2024-01-11 11:00:00+09:00,9880.0,9910.0,9840.0,9910.0,1355,0.0,0.0
2024-01-11 12:00:00+09:00,9910.0,9910.0,9870.0,9870.0,422,0.0,0.0
2024-01-11 13:00:00+09:00,9870.0,9870.0,9840.0,9840.0,1046,0.0,0.0
2024-01-11 14:00:00+09:00,9860.0,9890.0,9840.0,9860.0,480,0.0,0.0
2024-01-12 09:00:00+09:00,9940.0,9940.0,9850.0,9860.0,1493,0.0,0.0
2024-01-12 10:00:00+09:00,9850.0,9850.0,9830.0,9830.0,1259,0.0,0.0
2024-01-12 11:00:00+09:00,9840.0,9850.0,9820.0,9830.0,566,0.0,0.0
2024-01-12 12:00:00+09:00,9830.0,9830.0,9810.0,9810.0,713,0.0,0.0
2024-01-12 13:00:00+09:00,9810.0,9810.0,9760.0,9780.0,1771,0.0,0.0
2024-01-12 14:00:00+09:00,9780.0,9790.0,9770.0,9780.0,292,0.0,0.0
2024-01-15 09:00:00+09:00,9750.0,9830.0,9750.0,9800.0,0,0.0,0.0
2024-01-15 10:00:00+09:00,9830.0,9850.0,9750.0,9790.0,3534,0.0,0.0
2024-01-15 11:00:00+09:00,9790.0,9790.0,9730.0,9750.0,1134,0.0,0.0
2024-01-15 12:00:00+09:00,9750.0,9810.0,9750.0,9810.0,219,0.0,0.0
2024-01-15 13:00:00+09:00,9810.0,9810.0,9780.0,9780.0,215,0.0,0.0
2024-01-15 14:00:00+09:00,9780.0,9780.0,9770.0,9780.0,544,0.0,0.0
2024-01-16 09:00:00+09:00,9800.0,9900.0,9720.0,9790.0,1495,0.0,0.0
2024-01-16 10:00:00+09:00,9790.0,9790.0,9720.0,9720.0,1852,0.0,0.0
2024-01-16 11:00:00+09:00,9720.0,9770.0,9720.0,9770.0,105,0.0,0.0
2024-01-16 12:00:00+09:00,9770.0,9790.0,9730.0,9740.0,268,0.0,0.0
2024-01-16 13:00:00+09:00,9740.0,9790.0,9710.0,9710.0,1217,0.0,0.0
2024-01-16 14:00:00+09:00,9710.0,9770.0,9700.0,9740.0,1263,0.0,0.0
2024-01-17 09:00:00+09:00,9750.0,9760.0,9450.0,9450.0,7696,0.0,0.0
2024-01-17 10:00:00+09:00,9440.0,9440.0,9370.0,9440.0,2934,0.0,0.0
2024-01-17 11:00:00+09:00,9440.0,9550.0,9400.0,9400.0,4083,0.0,0.0
2024-01-17 12:00:00+09:00,9440.0,9490.0,9400.0,9450.0,1501,0.0,0.0
2024-01-17 13:00:00+09:00,9460.0,9520.0,9430.0,9510.0,551,0.0,0.0
2024-01-17 14:00:00+09:00,9490.0,9500.0,9400.0,9400.0,2706,0.0,0.0
2024-01-18 09:00:00+09:00,9450.0,9480.0,9320.0,9450.0,3260,0.0,0.0
2024-01-18 10:00:00+09:00,9450.0,9500.0,9430.0,9490.0,1495,0.0,0.0
2024-01-18 11:00:00+09:00,9490.0,9510.0,9490.0,9500.0,625,0.0,0.0
2024-01-18 12:00:00+09:00,9500.0,9500.0,9490.0,9500.0,0,0.0,0.0
2024-01-18 13:00:00+09:00,9480.0,9500.0,9390.0,9390.0,2200,0.0,0.0
2024-01-18 14:00:00+09:00,9410.0,9420.0,9400.0,9400.0,735,0.0,0.0
2024-01-19 09:00:00+09:00,9480.0,9650.0,9480.0,9590.0,1369,0.0,0.0
2024-01-19 10:00:00+09:00,9580.0,9590.0,9520.0,9550.0,1394,0.0,0.0
2024-01-19 11:00:00+09:00,9530.0,9540.0,9520.0,9540.0,291,0.0,0.0
2024-01-19 12:00:00+09:00,9540.0,9580.0,9510.0,9550.0,881,0.0,0.0
2024-01-19 13:00:00+09:00,9550.0,9550.0,9510.0,9510.0,802,0.0,0.0
2024-01-19 14:00:00+09:00,9510.0,9540.0,9500.0,9530.0,502,0.0,0.0
2024-01-22 09:00:00+09:00,9450.0,9590.0,9440.0,9450.0,0,0.0,0.0
2024-01-22 10:00:00+09:00,9470.0,9490.0,9430.0,9430.0,3087,0.0,0.0
2024-01-22 11:00:00+09:00,9420.0,9430.0,9400.0,9430.0,1549,0.0,0.0
2024-01-22 12:00:00+09:00,9430.0,9430.0,9420.0,9430.0,441,0.0,0.0
2024-01-22 13:00:00+09:00,9430.0,9460.0,9420.0,9460.0,628,0.0,0.0
2024-01-22 14:00:00+09:00,9460.0,9460.0,9400.0,9450.0,1807,0.0,0.0
2024-01-23 09:00:00+09:00,9590.0,9590.0,9430.0,9500.0,2546,0.0,0.0
2024-01-23 10:00:00+09:00,9500.0,9540.0,9470.0,9500.0,795,0.0,0.0
2024-01-23 11:00:00+09:00,9500.0,9500.0,9440.0,9470.0,1451,0.0,0.0
2024-01-23 12:00:00+09:00,9480.0,9480.0,9460.0,9470.0,2676,0.0,0.0
2024-01-23 13:00:00+09:00,9460.0,9470.0,9400.0,9450.0,2732,0.0,0.0
2024-01-23 14:00:00+09:00,9450.0,9470.0,9440.0,9460.0,685,0.0,0.0
2024-01-24 09:00:00+09:00,9500.0,9590.0,9360.0,9380.0,3034,0.0,0.0
2024-01-24 10:00:00+09:00,9360.0,9430.0,9350.0,9400.0,2991,0.0,0.0
2024-01-24 11:00:00+09:00,9430.0,9450.0,9430.0,9450.0,1309,0.0,0.0
2024-01-24 12:00:00+09:00,9500.0,9500.0,9430.0,9440.0,673,0.0,0.0
2024-01-24 13:00:00+09:00,9440.0,9500.0,9440.0,9460.0,1072,0.0,0.0
2024-01-24 14:00:00+09:00,9460.0,9460.0,9430.0,9460.0,108,0.0,0.0
2024-01-25 09:00:00+09:00,9430.0,9430.0,9270.0,9270.0,4162,0.0,0.0
2024-01-25 10:00:00+09:00,9270.0,9320.0,9200.0,9260.0,5837,0.0,0.0
2024-01-25 11:00:00+09:00,9270.0,9280.0,9240.0,9260.0,2604,0.0,0.0
2024-01-25 12:00:00+09:00,9270.0,9300.0,9260.0,9300.0,427,0.0,0.0
2024-01-25 13:00:00+09:00,9290.0,9300.0,9270.0,9300.0,1060,0.0,0.0
2024-01-25 14:00:00+09:00,9300.0,9300.0,9280.0,9290.0,1654,0.0,0.0
2024-01-26 09:00:00+09:00,9250.0,9330.0,9240.0,9310.0,2305,0.0,0.0
2024-01-26 10:00:00+09:00,9320.0,9400.0,9300.0,9350.0,3197,0.0,0.0
2024-01-26 11:00:00+09:00,9350.0,9360.0,9340.0,9360.0,567,0.0,0.0
2024-01-26 12:00:00+09:00,9360.0,9390.0,9340.0,9380.0,1552,0.0,0.0
2024-01-26 13:00:00+09:00,9390.0,9410.0,9370.0,9370.0,963,0.0,0.0
2024-01-26 14:00:00+09:00,9370.0,9380.0,9360.0,9360.0,611,0.0,0.0
2024-01-29 09:00:00+09:00,9500.0,9500.0,9340.0,9390.0,0,0.0,0.0
2024-01-29 10:00:00+09:00,9360.0,9380.0,9310.0,9380.0,3420,0.0,0.0
2024-01-29 11:00:00+09:00,9350.0,9370.0,9340.0,9350.0,309,0.0,0.0
2024-01-29 12:00:00+09:00,9360.0,9360.0,9350.0,9360.0,722,0.0,0.0
2024-01-29 13:00:00+09:00,9370.0,9370.0,9350.0,9360.0,830,0.0,0.0
2024-01-29 14:00:00+09:00,9330.0,9350.0,9300.0,9350.0,3700,0.0,0.0
2024-01-30 09:00:00+09:00,9390.0,9490.0,9390.0,9490.0,654,0.0,0.0
2024-01-30 10:00:00+09:00,9480.0,9490.0,9450.0,9470.0,2421,0.0,0.0
2024-01-30 11:00:00+09:00,9490.0,9490.0,9460.0,9460.0,924,0.0,0.0
2024-01-30 12:00:00+09:00,9450.0,9450.0,9400.0,9410.0,2393,0.0,0.0
2024-01-30 13:00:00+09:00,9410.0,9420.0,9400.0,9400.0,1718,0.0,0.0
2024-01-30 14:00:00+09:00,9400.0,9430.0,9370.0,9390.0,1673,0.0,0.0
2024-01-31 09:00:00+09:00,9350.0,9440.0,9330.0,9350.0,2293,0.0,0.0
2024-01-31 10:00:00+09:00,9350.0,9370.0,9350.0,9350.0,462,0.0,0.0
2024-01-31 11:00:00+09:00,9370.0,9410.0,9350.0,9360.0,2133,0.0,0.0
2024-01-31 12:00:00+09:00,9390.0,9390.0,9360.0,9360.0,279,0.0,0.0
2024-01-31 13:00:00+09:00,9360.0,9380.0,9340.0,9370.0,663,0.0,0.0
2024-01-31 14:00:00+09:00,9370.0,9390.0,9370.0,9390.0,1251,0.0,0.0
2024-02-01 09:00:00+09:00,9380.0,9410.0,9320.0,9380.0,1080,0.0,0.0
2024-02-01 10:00:00+09:00,9340.0,9410.0,9340.0,9410.0,785,0.0,0.0
2024-02-01 11:00:00+09:00,9420.0,9460.0,9400.0,9410.0,1082,0.0,0.0
2024-02-01 12:00:00+09:00,9430.0,9510.0,9430.0,9490.0,1030,0.0,0.0
2024-02-01 13:00:00+09:00,9490.0,9510.0,9430.0,9430.0,3270,0.0,0.0
2024-02-01 14:00:00+09:00,9470.0,9490.0,9460.0,9470.0,2305,0.0,0.0
2024-02-02 09:00:00+09:00,9520.0,9530.0,9480.0,9490.0,1333,0.0,0.0
2024-02-02 10:00:00+09:00,9480.0,9520.0,9440.0,9490.0,1703,0.0,0.0
2024-02-02 11:00:00+09:00,9490.0,9670.0,9490.0,9520.0,4194,0.0,0.0
2024-02-02 12:00:00+09:00,9520.0,9560.0,9520.0,9550.0,783,0.0,0.0
2024-02-02 13:00:00+09:00,9540.0,9590.0,9490.0,9500.0,3173,0.0,0.0
2024-02-02 14:00:00+09:00,9500.0,9560.0,9480.0,9490.0,3637,0.0,0.0
2024-02-05 09:00:00+09:00,9600.0,9600.0,9510.0,9550.0,0,0.0,0.0
2024-02-05 10:00:00+09:00,9580.0,9590.0,9520.0,9560.0,375,0.0,0.0
2024-02-05 11:00:00+09:00,9550.0,9550.0,9510.0,9540.0,1492,0.0,0.0
2024-02-05 12:00:00+09:00,9540.0,9550.0,9490.0,9550.0,1098,0.0,0.0
2024-02-05 13:00:00+09:00,9540.0,9540.0,9500.0,9520.0,1899,0.0,0.0
2024-02-05 14:00:00+09:00,9520.0,9540.0,9490.0,9490.0,3649,0.0,0.0
2024-02-06 09:00:00+09:00,9500.0,9500.0,9330.0,9370.0,5513,0.0,0.0
2024-02-06 10:00:00+09:00,9370.0,9450.0,9360.0,9450.0,376,0.0,0.0
2024-02-06 11:00:00+09:00,9450.0,9450.0,9380.0,9450.0,2888,0.0,0.0
2024-02-06 12:00:00+09:00,9450.0,9450.0,9450.0,9450.0,902,0.0,0.0
2024-02-06 13:00:00+09:00,9430.0,9490.0,9400.0,9490.0,1513,0.0,0.0
2024-02-06 14:00:00+09:00,9480.0,9490.0,9410.0,9450.0,210,0.0,0.0
2024-02-07 09:00:00+09:00,9380.0,9470.0,9340.0,9410.0,3718,0.0,0.0
2024-02-07 10:00:00+09:00,9400.0,9410.0,9390.0,9400.0,596,0.0,0.0
2024-02-07 11:00:00+09:00,9390.0,9400.0,9390.0,9400.0,2706,0.0,0.0
2024-02-07 12:00:00+09:00,9400.0,9410.0,9390.0,9390.0,507,0.0,0.0
2024-02-07 13:00:00+09:00,9380.0,9410.0,9380.0,9410.0,358,0.0,0.0
2024-02-07 14:00:00+09:00,9410.0,9410.0,9390.0,9390.0,735,0.0,0.0
2024-02-08 09:00:00+09:00,9450.0,9510.0,9400.0,9500.0,1907,0.0,0.0
2024-02-08 10:00:00+09:00,9500.0,9520.0,9450.0,9490.0,715,0.0,0.0
2024-02-08 11:00:00+09:00,9490.0,9510.0,9480.0,9500.0,748,0.0,0.0
2024-02-08 12:00:00+09:00,9500.0,9500.0,9480.0,9500.0,362,0.0,0.0
2024-02-08 13:00:00+09:00,9490.0,9500.0,9470.0,9500.0,231,0.0,0.0
2024-02-08 14:00:00+09:00,9490.0,9490.0,9420.0,9460.0,2910,0.0,0.0
2024-02-13 09:00:00+09:00,9550.0,9550.0,9450.0,9500.0,0,0.0,0.0
2024-02-13 10:00:00+09:00,9500.0,9520.0,9500.0,9520.0,1322,0.0,0.0
2024-02-13 11:00:00+09:00,9510.0,9530.0,9480.0,9530.0,2047,0.0,0.0
2024-02-13 12:00:00+09:00,9520.0,9520.0,9500.0,9510.0,670,0.0,0.0
2024-02-13 13:00:00+09:00,9500.0,9530.0,9490.0,9510.0,1137,0.0,0.0
2024-02-13 14:00:00+09:00,9510.0,9520.0,9490.0,9510.0,804,0.0,0.0
2024-02-14 09:00:00+09:00,9340.0,9560.0,9340.0,9530.0,2326,0.0,0.0
2024-02-14 10:00:00+09:00,9520.0,9520.0,9460.0,9460.0,951,0.0,0.0
2024-02-14 11:00:00+09:00,9500.0,9500.0,9500.0,9500.0,41,0.0,0.0
2024-02-14 12:00:00+09:00,9480.0,9520.0,9480.0,9520.0,216,0.0,0.0
2024-02-14 13:00:00+09:00,9520.0,9650.0,9520.0,9590.0,3109,0.0,0.0
2024-02-14 14:00:00+09:00,9580.0,9660.0,9560.0,9640.0,3761,0.0,0.0
2024-02-15 09:00:00+09:00,9660.0,9670.0,9540.0,9600.0,1431,0.0,0.0
2024-02-15 10:00:00+09:00,9590.0,9600.0,9590.0,9590.0,666,0.0,0.0
2024-02-15 11:00:00+09:00,9590.0,9650.0,9580.0,9630.0,780,0.0,0.0
2024-02-15 12:00:00+09:00,9620.0,9620.0,9580.0,9580.0,1240,0.0,0.0
2024-02-15 13:00:00+09:00,9580.0,9640.0,9580.0,9640.0,1114,0.0,0.0
2024-02-15 14:00:00+09:00,9640.0,9640.0,9560.0,9630.0,3436,0.0,0.0
2024-02-16 09:00:00+09:00,9670.0,9670.0,9520.0,9570.0,1169,0.0,0.0
2024-02-16 10:00:00+09:00,9570.0,9670.0,9570.0,9670.0,2997,0.0,0.0
2024-02-16 11:00:00+09:00,9670.0,9730.0,9670.0,9680.0,3754,0.0,0.0
2024-02-16 12:00:00+09:00,9690.0,9690.0,9650.0,9650.0,2907,0.0,0.0
2024-02-16 13:00:00+09:00,9660.0,9720.0,9650.0,9700.0,2433,0.0,0.0
2024-02-16 14:00:00+09:00,9720.0,9770.0,9710.0,9710.0,2272,0.0,0.0
2024-02-19 09:00:00+09:00,9740.0,9830.0,9740.0,9750.0,0,0.0,0.0
2024-02-19 10:00:00+09:00,9750.0,9750.0,9660.0,9710.0,2383,0.0,0.0
2024-02-19 11:00:00+09:00,9710.0,9710.0,9660.0,9710.0,1920,0.0,0.0
2024-02-19 12:00:00+09:00,9710.0,9710.0,9690.0,9700.0,218,0.0,0.0
2024-02-19 13:00:00+09:00,9710.0,9750.0,9700.0,9740.0,693,0.0,0.0
2024-02-19 14:00:00+09:00,9720.0,9720.0,9650.0,9720.0,2051,0.0,0.0
2024-02-20 09:00:00+09:00,9650.0,9750.0,9640.0,9670.0,620,0.0,0.0
2024-02-20 10:00:00+09:00,9670.0,9720.0,9650.0,9660.0,1075,0.0,0.0
2024-02-20 11:00:00+09:00,9660.0,9730.0,9660.0,9710.0,875,0.0,0.0
2024-02-20 12:00:00+09:00,9710.0,9720.0,9660.0,9700.0,699,0.0,0.0
2024-02-20 13:00:00+09:00,9670.0,9700.0,9670.0,9680.0,313,0.0,0.0
2024-02-20 14:00:00+09:00,9680.0,9700.0,9650.0,9690.0,2257,0.0,0.0
2024-02-21 09:00:00+09:00,9710.0,9720.0,9590.0,9630.0,1277,0.0,0.0
2024-02-21 10:00:00+09:00,9620.0,9690.0,9620.0,9670.0,1149,0.0,0.0
2024-02-21 11:00:00+09:00,9670.0,9680.0,9630.0,9640.0,1255,0.0,0.0
2024-02-21 12:00:00+09:00,9640.0,9640.0,9590.0,9640.0,2223,0.0,0.0
2024-02-21 13:00:00+09:00,9640.0,9680.0,9640.0,9650.0,943,0.0,0.0
2024-02-21 14:00:00+09:00,9650.0,9660.0,9610.0,9610.0,233,0.0,0.0
2024-02-22 09:00:00+09:00,9600.0,9660.0,9540.0,9610.0,1464,0.0,0.0
2024-02-22 10:00:00+09:00,9570.0,9610.0,9540.0,9550.0,831,0.0,0.0
2024-02-22 11:00:00+09:00,9560.0,9560.0,9530.0,9540.0,2420,0.0,0.0
2024-02-22 12:00:00+09:00,9550.0,9560.0,9530.0,9560.0,913,0.0,0.0
2024-02-22 13:00:00+09:00,9550.0,9600.0,9550.0,9600.0,1069,0.0,0.0
2024-02-22 14:00:00+09:00,9600.0,9610.0,9550.0,9560.0,638,0.0,0.0
2024-02-23 09:00:00+09:00,9740.0,9760.0,9570.0,9600.0,1938,0.0,0.0
2024-02-23 10:00:00+09:00,9590.0,9620.0,9570.0,9600.0,763,0.0,0.0
2024-02-23 11:00:00+09:00,9600.0,9710.0,9600.0,9660.0,1324,0.0,0.0
2024-02-23 12:00:00+09:00,9660.0,9660.0,9620.0,9630.0,372,0.0,0.0
2024-02-23 13:00:00+09:00,9630.0,9630.0,9600.0,9600.0,512,0.0,0.0
2024-02-23 14:00:00+09:00,9600.0,9750.0,9600.0,9730.0,3805,0.0,0.0
2024-02-26 09:00:00+09:00,9680.0,9680.0,9500.0,9540.0,0,0.0,0.0
2024-02-26 10:00:00+09:00,9550.0,9580.0,9520.0,9570.0,1860,0.0,0.0
2024-02-26 11:00:00+09:00,9580.0,9610.0,9560.0,9590.0,1324,0.0,0.0
2024-02-26 12:00:00+09:00,9630.0,9630.0,9560.0,9600.0,525,0.0,0.0
2024-02-26 13:00:00+09:00,9610.0,9620.0,9580.0,9580.0,243,0.0,0.0
2024-02-26 14:00:00+09:00,9580.0,9610.0,9560.0,9590.0,485,0.0,0.0
2024-02-27 09:00:00+09:00,9660.0,9660.0,9510.0,9530.0,2084,0.0,0.0
2024-02-27 10:00:00+09:00,9530.0,9530.0,9510.0,9530.0,1267,0.0,0.0
2024-02-27 11:00:00+09:00,9530.0,9530.0,9500.0,9500.0,1520,0.0,0.0
2024-02-27 12:00:00+09:00,9500.0,9510.0,9450.0,9470.0,3099,0.0,0.0
2024-02-27 13:00:00+09:00,9460.0,9510.0,9450.0,9480.0,642,0.0,0.0
2024-02-27 14:00:00+09:00,9490.0,9500.0,9450.0,9460.0,931,0.0,0.0
2024-02-28 09:00:00+09:00,9400.0,9470.0,9400.0,9450.0,908,0.0,0.0
2024-02-28 10:00:00+09:00,9440.0,9550.0,9440.0,9510.0,2347,0.0,0.0
2024-02-28 11:00:00+09:00,9510.0,9510.0,9470.0,9470.0,258,0.0,0.0
2024-02-28 12:00:00+09:00,9470.0,9500.0,9470.0,9480.0,265,0.0,0.0
2024-02-28 13:00:00+09:00,9480.0,9500.0,9480.0,9500.0,306,0.0,0.0
2024-02-28 14:00:00+09:00,9500.0,9500.0,9480.0,9480.0,692,0.0,0.0
2024-02-29 09:00:00+09:00,9570.0,9590.0,9380.0,9480.0,4823,0.0,0.0
2024-02-29 10:00:00+09:00,9480.0,9520.0,9480.0,9500.0,288,0.0,0.0
2024-02-29 11:00:00+09:00,9490.0,9570.0,9470.0,9570.0,831,0.0,0.0
2024-02-29 12:00:00+09:00,9550.0,9570.0,9510.0,9530.0,555,0.0,0.0
2024-02-29 13:00:00+09:00,9570.0,9590.0,9530.0,9580.0,1072,0.0,0.0
2024-02-29 14:00:00+09:00,9570.0,9640.0,9500.0,9520.0,1491,0.0,0.0
2024-03-04 09:00:00+09:00,9530.0,9670.0,9530.0,9620.0,0,0.0,0.0
2024-03-04 10:00:00+09:00,9630.0,9700.0,9610.0,9650.0,4074,0.0,0.0
2024-03-04 11:00:00+09:00,9660.0,9660.0,9610.0,9610.0,958,0.0,0.0
2024-03-04 12:00:00+09:00,9600.0,9680.0,9600.0,9640.0,1407,0.0,0.0
2024-03-04 13:00:00+09:00,9640.0,9660.0,9610.0,9620.0,381,0.0,0.0
2024-03-04 14:00:00+09:00,9600.0,9620.0,9560.0,9620.0,708,0.0,0.0
2024-03-05 09:00:00+09:00,9620.0,9720.0,9510.0,9540.0,1728,0.0,0.0
2024-03-05 10:00:00+09:00,9540.0,9550.0,9510.0,9520.0,1169,0.0,0.0
2024-03-05 11:00:00+09:00,9540.0,9550.0,9520.0,9530.0,146,0.0,0.0
2024-03-05 12:00:00+09:00,9550.0,9610.0,9530.0,9610.0,985,0.0,0.0
2024-03-05 13:00:00+09:00,9600.0,9600.0,9560.0,9560.0,726,0.0,0.0
2024-03-05 14:00:00+09:00,9570.0,9570.0,9550.0,9550.0,185,0.0,0.0
2024-03-06 09:00:00+09:00,9440.0,9640.0,9370.0,9530.0,0,0.0,0.0
2024-03-06 10:00:00+09:00,9550.0,9550.0,9450.0,9490.0,10413,0.0,0.0
2024-03-06 11:00:00+09:00,9500.0,9500.0,9440.0,9460.0,833,0.0,0.0
2024-03-06 12:00:00+09:00,9460.0,9490.0,9420.0,9460.0,1625,0.0,0.0
2024-03-06 13:00:00+09:00,9460.0,9520.0,9450.0,9470.0,3407,0.0,0.0
2024-03-06 14:00:00+09:00,9470.0,9500.0,9450.0,9450.0,1352,0.0,0.0
2024-03-07 09:00:00+09:00,9390.0,9430.0,9350.0,9380.0,2511,0.0,0.0
2024-03-07 10:00:00+09:00,9400.0,9410.0,9350.0,9370.0,1534,0.0,0.0
2024-03-07 11:00:00+09:00,9370.0,9410.0,9340.0,9350.0,3427,0.0,0.0
2024-03-07 12:00:00+09:00,9350.0,9380.0,9350.0,9360.0,1204,0.0,0.0
2024-03-07 13:00:00+09:00,9360.0,9380.0,9350.0,9350.0,3126,0.0,0.0
2024-03-07 14:00:00+09:00,9350.0,9370.0,9330.0,9330.0,155,0.0,0.0
2024-03-08 09:00:00+09:00,9440.0,9450.0,9340.0,9450.0,2496,0.0,0.0
2024-03-08 10:00:00+09:00,9440.0,9440.0,9400.0,9400.0,3638,0.0,0.0
2024-03-08 11:00:00+09:00,9440.0,9530.0,9420.0,9530.0,2811,0.0,0.0
2024-03-08 12:00:00+09:00,9530.0,9530.0,9460.0,9470.0,1196,0.0,0.0
2024-03-08 13:00:00+09:00,9470.0,9520.0,9470.0,9520.0,186,0.0,0.0
2024-03-08 14:00:00+09:00,9520.0,9530.0,9480.0,9490.0,970,0.0,0.0
2024-03-11 09:00:00+09:00,9490.0,9530.0,9400.0,9420.0,0,0.0,0.0
2024-03-11 10:00:00+09:00,9480.0,9540.0,9480.0,9520.0,600,0.0,0.0
2024-03-11 11:00:00+09:00,9520.0,9530.0,9520.0,9530.0,751,0.0,0.0
2024-03-11 12:00:00+09:00,9510.0,9530.0,9490.0,9490.0,112,0.0,0.0
2024-03-11 13:00:00+09:00,9530.0,9530.0,9490.0,9500.0,206,0.0,0.0
2024-03-11 14:00:00+09:00,9500.0,9500.0,9470.0,9470.0,659,0.0,0.0
2024-03-12 09:00:00+09:00,9520.0,9580.0,9450.0,9550.0,2851,0.0,0.0
2024-03-12 10:00:00+09:00,9530.0,9540.0,9450.0,9540.0,1350,0.0,0.0
2024-03-12 11:00:00+09:00,9520.0,9540.0,9490.0,9510.0,1392,0.0,0.0
2024-03-12 12:00:00+09:00,9510.0,9530.0,9480.0,9500.0,1685,0.0,0.0
2024-03-12 13:00:00+09:00,9540.0,9540.0,9500.0,9510.0,580,0.0,0.0
2024-03-12 14:00:00+09:00,9510.0,9570.0,9480.0,9550.0,3002,0.0,0.0
2024-03-13 09:00:00+09:00,9640.0,9640.0,9410.0,9580.0,2039,0.0,0.0
2024-03-13 10:00:00+09:00,9580.0,9600.0,9560.0,9590.0,293,0.0,0.0
2024-03-13 11:00:00+09:00,9580.0,9590.0,9550.0,9580.0,254,0.0,0.0
2024-03-13 12:00:00+09:00,9550.0,9570.0,9510.0,9570.0,1940,0.0,0.0
2024-03-13 13:00:00+09:00,9570.0,9570.0,9510.0,9560.0,772,0.0,0.0
2024-03-13 14:00:00+09:00,9560.0,9750.0,9530.0,9750.0,7178,0.0,0.0
2024-03-14 09:00:00+09:00,9870.0,10040.0,9870.0,9970.0,17735,0.0,0.0
2024-03-14 10:00:00+09:00,9970.0,10070.0,9930.0,10070.0,14300,0.0,0.0
2024-03-14 11:00:00+09:00,10070.0,10200.0,10060.0,10130.0,21897,0.0,0.0
2024-03-14 12:00:00+09:00,10130.0,10270.0,10120.0,10180.0,18501,0.0,0.0
2024-03-14 13:00:00+09:00,10180.0,10220.0,10060.0,10070.0,11138,0.0,0.0
2024-03-14 14:00:00+09:00,10060.0,10070.0,9980.0,10010.0,9262,0.0,0.0
2024-03-15 09:00:00+09:00,9880.0,10050.0,9850.0,10010.0,11267,0.0,0.0
2024-03-15 10:00:00+09:00,10030.0,10130.0,10000.0,10050.0,7536,0.0,0.0
2024-03-15 11:00:00+09:00,10050.0,10080.0,10000.0,10080.0,1160,0.0,0.0
2024-03-15 12:00:00+09:00,10070.0,10080.0,10000.0,10020.0,2775,0.0,0.0
2024-03-15 13:00:00+09:00,10020.0,10080.0,9990.0,10040.0,2312,0.0,0.0
2024-03-15 14:00:00+09:00,10040.0,10090.0,10030.0,10070.0,3474,0.0,0.0
2024-03-18 09:00:00+09:00,10100.0,10250.0,9970.0,10210.0,0,0.0,0.0
2024-03-18 10:00:00+09:00,10230.0,10230.0,10110.0,10140.0,3118,0.0,0.0
2024-03-18 11:00:00+09:00,10130.0,10220.0,10100.0,10140.0,2184,0.0,0.0
2024-03-18 12:00:00+09:00,10140.0,10160.0,10130.0,10140.0,1732,0.0,0.0
2024-03-18 13:00:00+09:00,10140.0,10170.0,10090.0,10130.0,8301,0.0,0.0
2024-03-18 14:00:00+09:00,10110.0,10120.0,10080.0,10080.0,1257,0.0,0.0
2024-03-19 09:00:00+09:00,10090.0,10230.0,10080.0,10130.0,6576,0.0,0.0
2024-03-19 10:00:00+09:00,10160.0,10190.0,10080.0,10100.0,3219,0.0,0.0
2024-03-19 11:00:00+09:00,10100.0,10110.0,10060.0,10100.0,2767,0.0,0.0
2024-03-19 12:00:00+09:00,10060.0,10100.0,10030.0,10060.0,2851,0.0,0.0
2024-03-19 13:00:00+09:00,10060.0,10070.0,10000.0,10050.0,2765,0.0,0.0
2024-03-19 14:00:00+09:00,10030.0,10260.0,10010.0,10260.0,8689,0.0,0.0
2024-03-20 09:00:00+09:00,10370.0,11090.0,10310.0,10790.0,329212,0.0,0.0
2024-03-20 10:00:00+09:00,10780.0,10800.0,10410.0,10430.0,64524,0.0,0.0
2024-03-20 11:00:00+09:00,10440.0,10480.0,10100.0,10310.0,45244,0.0,0.0
2024-03-20 12:00:00+09:00,10300.0,10340.0,10180.0,10260.0,10602,0.0,0.0
2024-03-20 13:00:00+09:00,10230.0,10330.0,10200.0,10270.0,5888,0.0,0.0
2024-03-20 14:00:00+09:00,10270.0,10270.0,10200.0,10210.0,3822,0.0,0.0
2024-03-21 09:00:00+09:00,10360.0,10360.0,10180.0,10230.0,20134,0.0,0.0
2024-03-21 10:00:00+09:00,10230.0,10230.0,10110.0,10150.0,5316,0.0,0.0
2024-03-21 11:00:00+09:00,10140.0,10140.0,10050.0,10140.0,7958,0.0,0.0
2024-03-21 12:00:00+09:00,10140.0,10200.0,10090.0,10200.0,2786,0.0,0.0
2024-03-21 13:00:00+09:00,10180.0,10180.0,10080.0,10090.0,3080,0.0,0.0
2024-03-21 14:00:00+09:00,10080.0,10150.0,10040.0,10150.0,7157,0.0,0.0
2024-03-22 09:00:00+09:00,9990.0,10150.0,9990.0,10010.0,7013,0.0,0.0
2024-03-22 10:00:00+09:00,10040.0,10040.0,9960.0,9970.0,8403,0.0,0.0
2024-03-22 11:00:00+09:00,10000.0,10050.0,9980.0,10040.0,2918,0.0,0.0
2024-03-22 12:00:00+09:00,10010.0,10010.0,9970.0,10010.0,2028,0.0,0.0
2024-03-22 13:00:00+09:00,10010.0,10040.0,10010.0,10010.0,1760,0.0,0.0
2024-03-22 14:00:00+09:00,10010.0,10060.0,10010.0,10060.0,2377,0.0,0.0
2024-03-25 09:00:00+09:00,10050.0,10090.0,9990.0,10010.0,0,0.0,0.0
2024-03-25 10:00:00+09:00,10010.0,10050.0,9950.0,9980.0,8669,0.0,0.0
2024-03-25 11:00:00+09:00,10010.0,10010.0,9970.0,9970.0,807,0.0,0.0
2024-03-25 12:00:00+09:00,9970.0,10000.0,9950.0,9980.0,2060,0.0,0.0
2024-03-25 13:00:00+09:00,9980.0,9980.0,9950.0,9980.0,1556,0.0,0.0
2024-03-25 14:00:00+09:00,9950.0,9980.0,9900.0,9940.0,5346,0.0,0.0
2024-03-26 09:00:00+09:00,9970.0,9970.0,9860.0,9890.0,6861,0.0,0.0
2024-03-26 10:00:00+09:00,9890.0,9890.0,9840.0,9880.0,6185,0.0,0.0
2024-03-26 11:00:00+09:00,9870.0,9880.0,9840.0,9850.0,3179,0.0,0.0
2024-03-26 12:00:00+09:00,9870.0,9870.0,9830.0,9860.0,2243,0.0,0.0
2024-03-26 13:00:00+09:00,9860.0,9860.0,9820.0,9820.0,3971,0.0,0.0
2024-03-26 14:00:00+09:00,9850.0,9860.0,9830.0,9860.0,1786,0.0,0.0
2024-03-27 09:00:00+09:00,9870.0,9950.0,9860.0,9880.0,2602,0.0,0.0
2024-03-27 10:00:00+09:00,9890.0,9940.0,9850.0,9850.0,2293,0.0,0.0
2024-03-27 11:00:00+09:00,9860.0,9860.0,9820.0,9840.0,1412,0.0,0.0
2024-03-27 12:00:00+09:00,9850.0,9880.0,9820.0,9830.0,1765,0.0,0.0
2024-03-27 13:00:00+09:00,9830.0,9860.0,9800.0,9810.0,2123,0.0,0.0
2024-03-27 14:00:00+09:00,9810.0,9860.0,9810.0,9830.0,1196,0.0,0.0
2024-03-28 09:00:00+09:00,9910.0,9910.0,9820.0,9850.0,4446,0.0,0.0
2024-03-28 10:00:00+09:00,9840.0,9890.0,9760.0,9880.0,3907,0.0,0.0
2024-03-28 11:00:00+09:00,9850.0,9870.0,9830.0,9830.0,1689,0.0,0.0
2024-03-28 12:00:00+09:00,9830.0,9870.0,9820.0,9820.0,1694,0.0,0.0
2024-03-28 13:00:00+09:00,9830.0,9840.0,9800.0,9840.0,4776,0.0,0.0
2024-03-28 14:00:00+09:00,9830.0,9890.0,9820.0,9880.0,2105,0.0,0.0
2024-03-29 09:00:00+09:00,9830.0,10070.0,9830.0,9970.0,5732,0.0,0.0
2024-03-29 10:00:00+09:00,10000.0,10050.0,9970.0,10000.0,1597,0.0,0.0
2024-03-29 11:00:00+09:00,10000.0,10020.0,9960.0,10020.0,2987,0.0,0.0
2024-03-29 12:00:00+09:00,10020.0,10020.0,9980.0,9990.0,2086,0.0,0.0
2024-03-29 13:00:00+09:00,9990.0,10030.0,9980.0,10000.0,1826,0.0,0.0
2024-03-29 14:00:00+09:00,9990.0,10040.0,9960.0,10000.0,6713,0.0,0.0
2024-04-01 09:00:00+09:00,10020.0,10110.0,10000.0,10100.0,0,0.0,0.0
2024-04-01 10:00:00+09:00,10100.0,10160.0,10080.0,10150.0,8868,0.0,0.0
2024-04-01 11:00:00+09:00,10150.0,10160.0,10120.0,10130.0,2271,0.0,0.0
2024-04-01 12:00:00+09:00,10120.0,10180.0,10110.0,10150.0,4449,0.0,0.0
2024-04-01 13:00:00+09:00,10130.0,10170.0,10090.0,10140.0,3791,0.0,0.0
2024-04-01 14:00:00+09:00,10150.0,10160.0,10080.0,10120.0,5072,0.0,0.0
2024-04-02 09:00:00+09:00,10010.0,10160.0,9970.0,10000.0,13751,0.0,0.0
2024-04-02 10:00:00+09:00,10000.0,10000.0,9890.0,9960.0,9167,0.0,0.0
2024-04-02 11:00:00+09:00,9930.0,9950.0,9880.0,9930.0,1877,0.0,0.0
2024-04-02 12:00:00+09:00,9920.0,9930.0,9920.0,9930.0,342,0.0,0.0
2024-04-02 13:00:00+09:00,9930.0,9940.0,9910.0,9920.0,1303,0.0,0.0
2024-04-02 14:00:00+09:00,9910.0,9910.0,9870.0,9900.0,6210,0.0,0.0
2024-04-03 09:00:00+09:00,9870.0,9930.0,9840.0,9920.0,7029,0.0,0.0
2024-04-03 10:00:00+09:00,9920.0,9930.0,9840.0,9850.0,1401,0.0,0.0
2024-04-03 11:00:00+09:00,9850.0,9930.0,9850.0,9920.0,935,0.0,0.0
2024-04-03 12:00:00+09:00,9880.0,9900.0,9870.0,9900.0,401,0.0,0.0
2024-04-03 13:00:00+09:00,9900.0,9900.0,9860.0,9890.0,410,0.0,0.0
2024-04-03 14:00:00+09:00,9890.0,9890.0,9830.0,9840.0,2250,0.0,0.0
2024-04-04 09:00:00+09:00,9870.0,10050.0,9850.0,10000.0,6859,0.0,0.0
2024-04-04 10:00:00+09:00,10000.0,10120.0,9990.0,10020.0,7053,0.0,0.0
2024-04-04 11:00:00+09:00,10020.0,10040.0,10000.0,10010.0,2378,0.0,0.0
2024-04-04 12:00:00+09:00,10010.0,10030.0,9990.0,10030.0,2009,0.0,0.0
2024-04-04 13:00:00+09:00,10010.0,10030.0,9970.0,10000.0,2277,0.0,0.0
2024-04-04 14:00:00+09:00,10000.0,10020.0,9980.0,10010.0,869,0.0,0.0
2024-04-05 09:00:00+09:00,10070.0,10240.0,9980.0,10230.0,14273,0.0,0.0
2024-04-05 10:00:00+09:00,10230.0,10880.0,10230.0,10510.0,148264,0.0,0.0
2024-04-05 11:00:00+09:00,10490.0,10530.0,10340.0,10360.0,25363,0.0,0.0
2024-04-05 12:00:00+09:00,10360.0,10410.0,10270.0,10410.0,11162,0.0,0.0
2024-04-05 13:00:00+09:00,10410.0,10550.0,10360.0,10370.0,13269,0.0,0.0
2024-04-05 14:00:00+09:00,10380.0,10450.0,10340.0,10390.0,7212,0.0,0.0
2024-04-08 09:00:00+09:00,10400.0,10500.0,10190.0,10240.0,0,0.0,0.0
2024-04-08 10:00:00+09:00,10260.0,10770.0,10260.0,10730.0,48090,0.0,0.0
2024-04-08 11:00:00+09:00,10720.0,12090.0,10600.0,11620.0,868115,0.0,0.0
2024-04-08 12:00:00+09:00,11630.0,13500.0,11620.0,13140.0,2775983,0.0,0.0
2024-04-08 13:00:00+09:00,13170.0,13240.0,12720.0,13020.0,838372,0.0,0.0
2024-04-08 14:00:00+09:00,13000.0,13490.0,12920.0,13280.0,836379,0.0,0.0
2024-04-09 09:00:00+09:00,13110.0,14600.0,12630.0,12830.0,4221564,0.0,0.0
2024-04-09 10:00:00+09:00,12840.0,12980.0,12250.0,12360.0,559800,0.0,0.0
2024-04-09 11:00:00+09:00,12360.0,12510.0,11910.0,12080.0,205745,0.0,0.0
2024-04-09 12:00:00+09:00,12060.0,12220.0,11880.0,12140.0,129027,0.0,0.0
2024-04-09 13:00:00+09:00,12130.0,12230.0,12020.0,12090.0,61564,0.0,0.0
2024-04-09 14:00:00+09:00,12090.0,12260.0,11970.0,12120.0,110670,0.0,0.0
2024-04-11 09:00:00+09:00,11970.0,12540.0,11870.0,12240.0,0,0.0,0.0
2024-04-11 10:00:00+09:00,12240.0,12300.0,12000.0,12030.0,78857,0.0,0.0
2024-04-11 11:00:00+09:00,12030.0,12730.0,12000.0,12420.0,636500,0.0,0.0
2024-04-11 12:00:00+09:00,12420.0,12720.0,12280.0,12340.0,365291,0.0,0.0
2024-04-11 13:00:00+09:00,12330.0,12680.0,12320.0,12390.0,207319,0.0,0.0
2024-04-11 14:00:00+09:00,12390.0,12430.0,12170.0,12190.0,74954,0.0,0.0
2024-04-12 09:00:00+09:00,11990.0,13270.0,11990.0,12550.0,1823430,0.0,0.0
2024-04-12 10:00:00+09:00,12550.0,12720.0,12320.0,12680.0,287347,0.0,0.0
2024-04-12 11:00:00+09:00,12680.0,13200.0,12630.0,12870.0,797129,0.0,0.0
2024-04-12 12:00:00+09:00,12880.0,13420.0,12380.0,12520.0,910651,0.0,0.0
2024-04-12 13:00:00+09:00,12530.0,12660.0,12150.0,12260.0,231972,0.0,0.0
2024-04-12 14:00:00+09:00,12260.0,12290.0,11680.0,11680.0,189560,0.0,0.0
2024-04-15 09:00:00+09:00,12490.0,13000.0,12370.0,12910.0,0,0.0,0.0
2024-04-15 10:00:00+09:00,12910.0,13190.0,12710.0,12860.0,307947,0.0,0.0
2024-04-15 11:00:00+09:00,12860.0,12960.0,12730.0,12870.0,76974,0.0,0.0
2024-04-15 12:00:00+09:00,12840.0,12970.0,12650.0,12860.0,111012,0.0,0.0
2024-04-15 13:00:00+09:00,12860.0,12880.0,12720.0,12730.0,53169,0.0,0.0
2024-04-15 14:00:00+09:00,12730.0,12840.0,12650.0,12670.0,75021,0.0,0.0
2024-04-16 09:00:00+09:00,13000.0,13590.0,12360.0,12530.0,458133,0.0,0.0
2024-04-16 10:00:00+09:00,12550.0,12580.0,12050.0,12160.0,129649,0.0,0.0
2024-04-16 11:00:00+09:00,12140.0,12370.0,12100.0,12370.0,41926,0.0,0.0
2024-04-16 12:00:00+09:00,12360.0,12390.0,12140.0,12360.0,31904,0.0,0.0
2024-04-16 13:00:00+09:00,12360.0,12380.0,12160.0,12220.0,23654,0.0,0.0
2024-04-16 14:00:00+09:00,12220.0,12320.0,12110.0,12300.0,35565,0.0,0.0
2024-04-17 09:00:00+09:00,12300.0,12830.0,12260.0,12600.0,154205,0.0,0.0
2024-04-17 10:00:00+09:00,12600.0,12630.0,12220.0,12320.0,79302,0.0,0.0
2024-04-17 11:00:00+09:00,12350.0,12350.0,12140.0,12320.0,34180,0.0,0.0
2024-04-17 12:00:00+09:00,12330.0,12590.0,12300.0,12470.0,33744,0.0,0.0
2024-04-17 13:00:00+09:00,12490.0,12640.0,12350.0,12570.0,49710,0.0,0.0
2024-04-17 14:00:00+09:00,12570.0,12600.0,12370.0,12390.0,22969,0.0,0.0
2024-04-18 09:00:00+09:00,12550.0,12730.0,12370.0,12600.0,156507,0.0,0.0
2024-04-18 10:00:00+09:00,12580.0,12710.0,12470.0,12600.0,53664,0.0,0.0
2024-04-18 11:00:00+09:00,12610.0,12880.0,12510.0,12750.0,116970,0.0,0.0
2024-04-18 12:00:00+09:00,12750.0,14950.0,12690.0,14410.0,3022119,0.0,0.0
2024-04-18 13:00:00+09:00,14410.0,15920.0,14250.0,15610.0,4326133,0.0,0.0
2024-04-18 14:00:00+09:00,15610.0,15880.0,15160.0,15850.0,1637882,0.0,0.0
2024-04-19 09:00:00+09:00,15630.0,16720.0,15420.0,15910.0,4253306,0.0,0.0
2024-04-19 10:00:00+09:00,15910.0,16420.0,15310.0,15320.0,1079741,0.0,0.0
2024-04-19 11:00:00+09:00,15320.0,15450.0,14410.0,14700.0,547449,0.0,0.0
2024-04-19 12:00:00+09:00,14700.0,15470.0,14700.0,15160.0,454454,0.0,0.0
2024-04-19 13:00:00+09:00,15170.0,15560.0,15020.0,15290.0,215674,0.0,0.0
2024-04-19 14:00:00+09:00,15320.0,15440.0,15040.0,15350.0,180372,0.0,0.0
2024-04-22 09:00:00+09:00,15400.0,15780.0,15070.0,15100.0,0,0.0,0.0
2024-04-22 10:00:00+09:00,15080.0,15330.0,15040.0,15140.0,97585,0.0,0.0
2024-04-22 11:00:00+09:00,15150.0,15200.0,14870.0,14900.0,86814,0.0,0.0
2024-04-22 12:00:00+09:00,14910.0,15030.0,14840.0,14840.0,49380,0.0,0.0
2024-04-22 13:00:00+09:00,14840.0,14910.0,14700.0,14880.0,80278,0.0,0.0
2024-04-22 14:00:00+09:00,14880.0,15100.0,14720.0,15020.0,104893,0.0,0.0
2024-04-23 09:00:00+09:00,15290.0,15650.0,15140.0,15470.0,494870,0.0,0.0
2024-04-23 10:00:00+09:00,15470.0,15470.0,14900.0,14930.0,148769,0.0,0.0
2024-04-23 11:00:00+09:00,14930.0,16420.0,14910.0,15290.0,1992077,0.0,0.0
2024-04-23 12:00:00+09:00,15290.0,15490.0,15000.0,15400.0,397775,0.0,0.0
2024-04-23 13:00:00+09:00,15410.0,15500.0,15070.0,15220.0,332784,0.0,0.0
2024-04-23 14:00:00+09:00,15220.0,15430.0,15170.0,15400.0,188591,0.0,0.0
2024-04-24 09:00:00+09:00,15600.0,15900.0,15380.0,15530.0,479865,0.0,0.0
2024-04-24 10:00:00+09:00,15530.0,15780.0,15480.0,15590.0,243083,0.0,0.0
2024-04-24 11:00:00+09:00,15590.0,15790.0,15560.0,15610.0,95315,0.0,0.0
2024-04-24 12:00:00+09:00,15610.0,15690.0,15600.0,15640.0,48061,0.0,0.0
2024-04-24 13:00:00+09:00,15640.0,15650.0,15510.0,15560.0,60176,0.0,0.0
2024-04-24 14:00:00+09:00,15550.0,16070.0,15520.0,15830.0,637280,0.0,0.0
2024-04-25 09:00:00+09:00,15760.0,15860.0,15400.0,15690.0,319970,0.0,0.0
2024-04-25 10:00:00+09:00,15700.0,15750.0,15080.0,15280.0,210581,0.0,0.0
2024-04-25 11:00:00+09:00,15280.0,15410.0,15160.0,15350.0,47712,0.0,0.0
2024-04-25 12:00:00+09:00,15330.0,15420.0,15310.0,15390.0,26417,0.0,0.0
2024-04-25 13:00:00+09:00,15380.0,15390.0,15250.0,15290.0,32211,0.0,0.0
2024-04-25 14:00:00+09:00,15310.0,15430.0,15160.0,15180.0,57409,0.0,0.0
2024-04-26 09:00:00+09:00,15090.0,15660.0,15040.0,15260.0,320184,0.0,0.0
2024-04-26 10:00:00+09:00,15270.0,16590.0,15200.0,16590.0,1986460,0.0,0.0
2024-04-26 11:00:00+09:00,16870.0,18420.0,16610.0,18020.0,5128290,0.0,0.0
2024-04-26 12:00:00+09:00,18030.0,18200.0,17500.0,17720.0,1167069,0.0,0.0
2024-04-26 13:00:00+09:00,17720.0,17860.0,17050.0,17600.0,1381424,0.0,0.0
2024-04-26 14:00:00+09:00,17600.0,17800.0,16690.0,16800.0,967975,0.0,0.0
2024-04-29 09:00:00+09:00,16450.0,17360.0,16240.0,17180.0,0,0.0,0.0
2024-04-29 10:00:00+09:00,17170.0,17600.0,16510.0,16730.0,1004689,0.0,0.0
2024-04-29 11:00:00+09:00,16730.0,16910.0,16610.0,16820.0,113577,0.0,0.0
2024-04-29 12:00:00+09:00,16820.0,16820.0,16610.0,16670.0,65195,0.0,0.0
2024-04-29 13:00:00+09:00,16670.0,16880.0,16300.0,16410.0,146357,0.0,0.0
2024-04-29 14:00:00+09:00,16410.0,16530.0,16300.0,16370.0,79407,0.0,0.0
2024-04-30 09:00:00+09:00,16500.0,16870.0,16160.0,16440.0,441671,0.0,0.0
2024-04-30 10:00:00+09:00,16440.0,16490.0,16230.0,16320.0,110545,0.0,0.0
2024-04-30 11:00:00+09:00,16330.0,16380.0,16220.0,16280.0,53160,0.0,0.0
2024-04-30 12:00:00+09:00,16290.0,16720.0,16250.0,16650.0,80768,0.0,0.0
2024-04-30 13:00:00+09:00,16640.0,16660.0,16330.0,16330.0,86936,0.0,0.0
2024-04-30 14:00:00+09:00,16330.0,16460.0,16260.0,16320.0,68043,0.0,0.0
2024-05-02 09:00:00+09:00,16140.0,19120.0,15950.0,18980.0,2770875,0.0,0.0
2024-05-02 10:00:00+09:00,18980.0,19310.0,18030.0,19240.0,2213267,0.0,0.0
2024-05-02 11:00:00+09:00,19250.0,19610.0,18880.0,18990.0,2569759,0.0,0.0
2024-05-02 12:00:00+09:00,19020.0,19220.0,18460.0,18790.0,1076886,0.0,0.0
2024-05-02 13:00:00+09:00,18760.0,20300.0,18600.0,20000.0,3106668,0.0,0.0
2024-05-02 14:00:00+09:00,20100.0,20350.0,18700.0,18810.0,1910729,0.0,0.0
2024-05-03 09:00:00+09:00,19080.0,19190.0,18050.0,18120.0,798426,0.0,0.0
2024-05-03 10:00:00+09:00,18120.0,18720.0,18100.0,18370.0,361146,0.0,0.0
2024-05-03 11:00:00+09:00,18370.0,18560.0,18190.0,18440.0,99973,0.0,0.0
2024-05-03 12:00:00+09:00,18440.0,18610.0,18330.0,18350.0,70167,0.0,0.0
2024-05-03 13:00:00+09:00,18340.0,18350.0,18200.0,18230.0,78041,0.0,0.0
2024-05-03 14:00:00+09:00,18210.0,18260.0,17930.0,18020.0,157884,0.0,0.0
2024-05-07 09:00:00+09:00,18230.0,18600.0,18050.0,18470.0,0,0.0,0.0
2024-05-07 10:00:00+09:00,18440.0,20100.0,18360.0,20000.0,2168010,0.0,0.0
2024-05-07 11:00:00+09:00,20000.0,23300.0,19810.0,23050.0,1460595,0.0,0.0
2024-05-07 12:00:00+09:00,23050.0,23400.0,22750.0,23400.0,1068756,0.0,0.0
2024-05-07 13:00:00+09:00,23350.0,23400.0,23250.0,23350.0,273725,0.0,0.0
2024-05-07 14:00:00+09:00,23350.0,23400.0,23200.0,23400.0,248406,0.0,0.0
2024-05-08 09:00:00+09:00,23250.0,27750.0,23100.0,23900.0,4673989,0.0,0.0
2024-05-08 10:00:00+09:00,23900.0,24100.0,23400.0,23600.0,515882,0.0,0.0
2024-05-08 11:00:00+09:00,23600.0,23800.0,23450.0,23550.0,201496,0.0,0.0
2024-05-08 12:00:00+09:00,23600.0,23750.0,23150.0,23500.0,379164,0.0,0.0
2024-05-08 13:00:00+09:00,23450.0,23500.0,23150.0,23250.0,162653,0.0,0.0
2024-05-08 14:00:00+09:00,23250.0,23800.0,23250.0,23700.0,236899,0.0,0.0
2024-05-09 09:00:00+09:00,23950.0,24000.0,22300.0,22400.0,741428,0.0,0.0
2024-05-09 10:00:00+09:00,22400.0,23050.0,22200.0,23000.0,194468,0.0,0.0
2024-05-09 11:00:00+09:00,23000.0,23350.0,22850.0,23050.0,115590,0.0,0.0
2024-05-09 12:00:00+09:00,23050.0,23450.0,22900.0,23000.0,86159,0.0,0.0
2024-05-09 13:00:00+09:00,23000.0,23200.0,22850.0,23050.0,60114,0.0,0.0
2024-05-09 14:00:00+09:00,23000.0,23200.0,22700.0,23100.0,108557,0.0,0.0
2024-05-10 09:00:00+09:00,23350.0,24650.0,22500.0,24300.0,1157904,0.0,0.0
2024-05-10 10:00:00+09:00,24300.0,24400.0,22600.0,23250.0,571880,0.0,0.0
2024-05-10 11:00:00+09:00,23250.0,23600.0,23050.0,23300.0,98514,0.0,0.0
2024-05-10 12:00:00+09:00,23300.0,23450.0,23100.0,23150.0,68674,0.0,0.0
2024-05-10 13:00:00+09:00,23100.0,23900.0,23100.0,23700.0,202017,0.0,0.0
2024-05-10 14:00:00+09:00,23700.0,24100.0,23250.0,23400.0,209885,0.0,0.0
2024-05-13 09:00:00+09:00,23700.0,25450.0,23600.0,24450.0,0,0.0,0.0
2024-05-13 10:00:00+09:00,24400.0,25100.0,24200.0,25000.0,564957,0.0,0.0
2024-05-13 11:00:00+09:00,24950.0,25100.0,24150.0,24200.0,241191,0.0,0.0
2024-05-13 12:00:00+09:00,24200.0,25000.0,23900.0,23950.0,450144,0.0,0.0
2024-05-13 13:00:00+09:00,23950.0,24200.0,22400.0,22950.0,415486,0.0,0.0
2024-05-13 14:00:00+09:00,22900.0,23150.0,22400.0,23100.0,130846,0.0,0.0
2024-05-14 09:00:00+09:00,23700.0,23750.0,21550.0,21850.0,446121,0.0,0.0
2024-05-14 10:00:00+09:00,21850.0,22300.0,21600.0,21950.0,125466,0.0,0.0
2024-05-14 11:00:00+09:00,21950.0,22050.0,21650.0,22000.0,53491,0.0,0.0
2024-05-14 12:00:00+09:00,22000.0,22350.0,21950.0,22150.0,64616,0.0,0.0
2024-05-14 13:00:00+09:00,22150.0,22300.0,21850.0,22000.0,48424,0.0,0.0
2024-05-14 14:00:00+09:00,22000.0,22300.0,21950.0,22150.0,64801,0.0,0.0
2024-05-16 09:00:00+09:00,22400.0,22500.0,21750.0,22050.0,0,0.0,0.0
2024-05-16 10:00:00+09:00,22050.0,22600.0,21900.0,22450.0,152903,0.0,0.0
2024-05-16 11:00:00+09:00,22450.0,24100.0,22350.0,23650.0,589927,0.0,0.0
2024-05-16 12:00:00+09:00,23650.0,25300.0,23550.0,24700.0,1692305,0.0,0.0
2024-05-16 13:00:00+09:00,24650.0,24750.0,23900.0,24050.0,443275,0.0,0.0
2024-05-16 14:00:00+09:00,24050.0,26400.0,23950.0,26300.0,694077,0.0,0.0
2024-05-17 09:00:00+09:00,25900.0,26700.0,25000.0,25850.0,819751,0.0,0.0
2024-05-17 10:00:00+09:00,25800.0,26150.0,25450.0,25450.0,138666,0.0,0.0
2024-05-17 11:00:00+09:00,25450.0,25600.0,25100.0,25550.0,121683,0.0,0.0
2024-05-17 12:00:00+09:00,25550.0,26250.0,25500.0,26200.0,154911,0.0,0.0
2024-05-17 13:00:00+09:00,26150.0,26400.0,25750.0,25750.0,133298,0.0,0.0
2024-05-17 14:00:00+09:00,25750.0,26100.0,25500.0,25600.0,109884,0.0,0.0
2024-05-20 09:00:00+09:00,25450.0,26000.0,24550.0,25450.0,0,0.0,0.0
2024-05-20 10:00:00+09:00,25400.0,25750.0,24900.0,24950.0,140050,0.0,0.0
2024-05-20 11:00:00+09:00,24950.0,25500.0,24950.0,25200.0,79237,0.0,0.0
2024-05-20 12:00:00+09:00,25150.0,25350.0,24900.0,25150.0,78619,0.0,0.0
2024-05-20 13:00:00+09:00,25150.0,25450.0,25150.0,25250.0,79532,0.0,0.0
2024-05-20 14:00:00+09:00,25350.0,25750.0,22700.0,23600.0,724525,0.0,0.0
2024-05-21 09:00:00+09:00,13910.0,15000.0,13170.0,13180.0,1954719,0.0,0.0
2024-05-21 10:00:00+09:00,13180.0,14370.0,12810.0,14170.0,1023102,0.0,0.0
2024-05-21 11:00:00+09:00,14180.0,14540.0,13400.0,13760.0,929398,0.0,0.0
2024-05-21 12:00:00+09:00,13770.0,14000.0,13540.0,13560.0,264724,0.0,0.0
2024-05-21 13:00:00+09:00,13570.0,13710.0,12970.0,13070.0,294910,0.0,0.0
2024-05-21 14:00:00+09:00,13050.0,13380.0,12840.0,12880.0,289887,0.0,0.0
2024-05-22 09:00:00+09:00,12330.0,13380.0,12250.0,12460.0,618372,0.0,0.0
2024-05-22 10:00:00+09:00,12460.0,12470.0,12100.0,12190.0,173715,0.0,0.0
2024-05-22 11:00:00+09:00,12190.0,12320.0,12100.0,12180.0,70649,0.0,0.0
2024-05-22 12:00:00+09:00,12180.0,12260.0,12100.0,12100.0,57141,0.0,0.0
2024-05-22 13:00:00+09:00,12110.0,12150.0,11950.0,12010.0,91941,0.0,0.0
2024-05-22 14:00:00+09:00,12000.0,12000.0,11810.0,11820.0,102092,0.0,0.0
2024-05-23 09:00:00+09:00,11560.0,11650.0,10760.0,11040.0,325781,0.0,0.0
2024-05-23 10:00:00+09:00,11080.0,11250.0,10990.0,11100.0,59249,0.0,0.0
2024-05-23 11:00:00+09:00,11100.0,11200.0,10980.0,11010.0,69789,0.0,0.0
2024-05-23 12:00:00+09:00,11000.0,11280.0,11000.0,11100.0,60110,0.0,0.0
2024-05-23 13:00:00+09:00,11110.0,11200.0,10880.0,10980.0,77176,0.0,0.0
2024-05-23 14:00:00+09:00,10970.0,11200.0,10970.0,11050.0,92034,0.0,0.0
2024-05-24 09:00:00+09:00,10610.0,10870.0,10530.0,10780.0,274767,0.0,0.0
2024-05-24 10:00:00+09:00,10800.0,11140.0,10610.0,10850.0,179989,0.0,0.0
2024-05-24 11:00:00+09:00,10850.0,11150.0,10750.0,11040.0,155748,0.0,0.0
2024-05-24 12:00:00+09:00,11030.0,13650.0,10910.0,13180.0,2521254,0.0,0.0
2024-05-24 13:00:00+09:00,13180.0,14200.0,12460.0,13910.0,3989337,0.0,0.0
2024-05-24 14:00:00+09:00,13880.0,14120.0,13180.0,13530.0,2059511,0.0,0.0
2024-05-27 09:00:00+09:00,12590.0,15390.0,12420.0,14920.0,0,0.0,0.0
2024-05-27 10:00:00+09:00,14920.0,15020.0,14130.0,14450.0,1749761,0.0,0.0
2024-05-27 11:00:00+09:00,14420.0,14470.0,13600.0,13740.0,574121,0.0,0.0
2024-05-27 12:00:00+09:00,13730.0,14650.0,13620.0,14270.0,1192975,0.0,0.0
2024-05-27 13:00:00+09:00,14280.0,14290.0,13840.0,14000.0,326356,0.0,0.0
2024-05-27 14:00:00+09:00,14000.0,14050.0,13480.0,13480.0,301745,0.0,0.0
2024-05-28 09:00:00+09:00,13600.0,15450.0,13390.0,14480.0,3899521,0.0,0.0
2024-05-28 10:00:00+09:00,14490.0,14960.0,14170.0,14260.0,1125305,0.0,0.0
2024-05-28 11:00:00+09:00,14260.0,14460.0,14000.0,14000.0,320348,0.0,0.0
2024-05-28 12:00:00+09:00,14000.0,14120.0,13750.0,13820.0,270498,0.0,0.0
2024-05-28 13:00:00+09:00,13820.0,14120.0,13680.0,13840.0,181298,0.0,0.0
2024-05-28 14:00:00+09:00,13840.0,14100.0,13800.0,13890.0,170048,0.0,0.0
2024-05-29 09:00:00+09:00,14100.0,14480.0,13860.0,14020.0,522348,0.0,0.0
2024-05-29 10:00:00+09:00,14040.0,14040.0,13730.0,13790.0,125132,0.0,0.0
2024-05-29 11:00:00+09:00,13790.0,13900.0,13430.0,13490.0,97640,0.0,0.0
2024-05-29 12:00:00+09:00,13490.0,13520.0,13400.0,13470.0,48304,0.0,0.0
2024-05-29 13:00:00+09:00,13480.0,13600.0,13260.0,13590.0,83118,0.0,0.0
2024-05-29 14:00:00+09:00,13590.0,13780.0,13400.0,13540.0,87181,0.0,0.0
2024-05-30 09:00:00+09:00,13280.0,13610.0,12820.0,12830.0,176721,0.0,0.0
2024-05-30 10:00:00+09:00,12830.0,13120.0,12830.0,12980.0,46324,0.0,0.0
2024-05-30 11:00:00+09:00,12980.0,13390.0,12930.0,13000.0,63600,0.0,0.0
2024-05-30 12:00:00+09:00,13000.0,13170.0,12860.0,12960.0,34266,0.0,0.0
2024-05-30 13:00:00+09:00,12950.0,13000.0,12770.0,12830.0,52877,0.0,0.0
2024-05-30 14:00:00+09:00,12830.0,12880.0,12730.0,12860.0,63548,0.0,0.0
2024-05-31 09:00:00+09:00,12480.0,12810.0,12180.0,12260.0,237990,0.0,0.0
2024-05-31 10:00:00+09:00,12290.0,12320.0,12080.0,12150.0,62993,0.0,0.0
2024-05-31 11:00:00+09:00,12150.0,12320.0,12090.0,12310.0,50310,0.0,0.0
2024-05-31 12:00:00+09:00,12290.0,12530.0,12240.0,12440.0,38480,0.0,0.0
2024-05-31 13:00:00+09:00,12440.0,14400.0,12320.0,13550.0,2539963,0.0,0.0
2024-05-31 14:00:00+09:00,13540.0,13960.0,12780.0,13050.0,720829,0.0,0.0
2024-06-03 09:00:00+09:00,12820.0,13360.0,12650.0,13010.0,0,0.0,0.0
2024-06-03 10:00:00+09:00,13010.0,13140.0,12700.0,12850.0,114290,0.0,0.0
2024-06-03 11:00:00+09:00,12830.0,13140.0,12640.0,12920.0,101966,0.0,0.0
2024-06-03 12:00:00+09:00,12920.0,13130.0,12870.0,12920.0,41334,0.0,0.0
2024-06-03 13:00:00+09:00,12900.0,13360.0,12820.0,12930.0,160150,0.0,0.0
2024-06-03 14:00:00+09:00,12940.0,13160.0,12920.0,12940.0,89613,0.0,0.0
2024-06-04 09:00:00+09:00,12700.0,12740.0,11900.0,12190.0,234321,0.0,0.0
2024-06-04 10:00:00+09:00,12190.0,12420.0,12160.0,12300.0,53061,0.0,0.0
2024-06-04 11:00:00+09:00,12290.0,12350.0,12110.0,12120.0,40633,0.0,0.0
2024-06-04 12:00:00+09:00,12120.0,12190.0,12050.0,12120.0,30591,0.0,0.0
2024-06-04 13:00:00+09:00,12120.0,12450.0,12050.0,12190.0,73136,0.0,0.0
2024-06-04 14:00:00+09:00,12190.0,12190.0,12000.0,12000.0,74102,0.0,0.0
2024-06-05 09:00:00+09:00,11770.0,11800.0,11000.0,11190.0,236526,0.0,0.0
2024-06-05 10:00:00+09:00,11190.0,11490.0,11180.0,11240.0,76884,0.0,0.0
2024-06-05 11:00:00+09:00,11250.0,11460.0,11200.0,11350.0,43842,0.0,0.0
2024-06-05 12:00:00+09:00,11340.0,11400.0,11200.0,11200.0,29234,0.0,0.0
2024-06-05 13:00:00+09:00,11220.0,11300.0,11110.0,11260.0,29994,0.0,0.0
2024-06-05 14:00:00+09:00,11250.0,11260.0,11100.0,11130.0,33343,0.0,0.0
2024-06-07 09:00:00+09:00,10350.0,11070.0,10350.0,10620.0,0,0.0,0.0
2024-06-07 10:00:00+09:00,10630.0,10880.0,10500.0,10870.0,105296,0.0,0.0
2024-06-07 11:00:00+09:00,10870.0,10870.0,10570.0,10600.0,46407,0.0,0.0
2024-06-07 12:00:00+09:00,10610.0,10740.0,10570.0,10730.0,37962,0.0,0.0
2024-06-07 13:00:00+09:00,10730.0,10840.0,10610.0,10690.0,50805,0.0,0.0
2024-06-07 14:00:00+09:00,10690.0,10770.0,10550.0,10640.0,49371,0.0,0.0
2024-06-10 09:00:00+09:00,10380.0,11040.0,10110.0,10800.0,0,0.0,0.0
2024-06-10 10:00:00+09:00,10800.0,10820.0,10230.0,10250.0,98525,0.0,0.0
2024-06-10 11:00:00+09:00,10260.0,10490.0,10250.0,10260.0,43708,0.0,0.0
2024-06-10 12:00:00+09:00,10270.0,10300.0,10210.0,10260.0,43292,0.0,0.0
2024-06-10 13:00:00+09:00,10260.0,12000.0,10200.0,11600.0,2024562,0.0,0.0
2024-06-10 14:00:00+09:00,11630.0,13060.0,11510.0,12600.0,4145589,0.0,0.0
2024-06-11 09:00:00+09:00,11500.0,11630.0,10860.0,10920.0,1250631,0.0,0.0
2024-06-11 10:00:00+09:00,10910.0,11460.0,10910.0,11170.0,700799,0.0,0.0
2024-06-11 11:00:00+09:00,11160.0,11260.0,11000.0,11050.0,178022,0.0,0.0
2024-06-11 12:00:00+09:00,11050.0,11090.0,10970.0,11090.0,123876,0.0,0.0
2024-06-11 13:00:00+09:00,11100.0,11100.0,10700.0,10750.0,220386,0.0,0.0
2024-06-11 14:00:00+09:00,10750.0,10790.0,10540.0,10650.0,262707,0.0,0.0
2024-06-12 09:00:00+09:00,10630.0,10810.0,10250.0,10580.0,444548,0.0,0.0
2024-06-12 10:00:00+09:00,10560.0,10620.0,10310.0,10550.0,272714,0.0,0.0
2024-06-12 11:00:00+09:00,10520.0,10560.0,10290.0,10320.0,161152,0.0,0.0
2024-06-12 12:00:00+09:00,10360.0,10370.0,10110.0,10250.0,169438,0.0,0.0
2024-06-12 13:00:00+09:00,10250.0,10430.0,10200.0,10290.0,97362,0.0,0.0
2024-06-12 14:00:00+09:00,10290.0,10360.0,10230.0,10250.0,108964,0.0,0.0
2024-06-13 09:00:00+09:00,10250.0,10700.0,10250.0,10370.0,626294,0.0,0.0
2024-06-13 10:00:00+09:00,10370.0,10510.0,10350.0,10420.0,147384,0.0,0.0
2024-06-13 11:00:00+09:00,10410.0,10650.0,10370.0,10450.0,126912,0.0,0.0
2024-06-13 12:00:00+09:00,10450.0,10450.0,10260.0,10280.0,241716,0.0,0.0
2024-06-13 13:00:00+09:00,10280.0,10310.0,9910.0,9920.0,258969,0.0,0.0
2024-06-13 14:00:00+09:00,9920.0,10070.0,9900.0,9980.0,192545,0.0,0.0
2024-06-14 09:00:00+09:00,9990.0,10060.0,9410.0,9410.0,520554,0.0,0.0
2024-06-14 10:00:00+09:00,9420.0,9640.0,9310.0,9560.0,239905,0.0,0.0
2024-06-14 11:00:00+09:00,9580.0,9740.0,9570.0,9730.0,75510,0.0,0.0
2024-06-14 12:00:00+09:00,9730.0,9830.0,9640.0,9640.0,105468,0.0,0.0
2024-06-14 13:00:00+09:00,9640.0,9670.0,9570.0,9620.0,55506,0.0,0.0
2024-06-14 14:00:00+09:00,9610.0,9630.0,9390.0,9400.0,183419,0.0,0.0
2024-06-17 09:00:00+09:00,9580.0,9600.0,9240.0,9460.0,0,0.0,0.0
2024-06-17 10:00:00+09:00,9460.0,9460.0,9260.0,9320.0,68358,0.0,0.0
2024-06-17 11:00:00+09:00,9320.0,9570.0,9270.0,9390.0,94482,0.0,0.0
2024-06-17 12:00:00+09:00,9390.0,9430.0,9260.0,9380.0,50227,0.0,0.0
2024-06-17 13:00:00+09:00,9390.0,10160.0,9380.0,9390.0,638392,0.0,0.0
2024-06-17 14:00:00+09:00,9410.0,9480.0,9240.0,9310.0,123200,0.0,0.0
2024-06-18 09:00:00+09:00,9250.0,9460.0,9180.0,9230.0,182685,0.0,0.0
2024-06-18 10:00:00+09:00,9250.0,9340.0,9200.0,9240.0,63753,0.0,0.0
2024-06-18 11:00:00+09:00,9240.0,9300.0,9220.0,9260.0,29738,0.0,0.0
2024-06-18 12:00:00+09:00,9260.0,9370.0,9180.0,9360.0,97809,0.0,0.0
2024-06-18 13:00:00+09:00,9350.0,9380.0,9040.0,9130.0,114556,0.0,0.0
2024-06-18 14:00:00+09:00,9140.0,9190.0,9080.0,9180.0,68346,0.0,0.0
2024-06-19 09:00:00+09:00,9660.0,9800.0,9300.0,9390.0,685547,0.0,0.0
2024-06-19 10:00:00+09:00,9390.0,9390.0,9260.0,9270.0,98987,0.0,0.0
2024-06-19 11:00:00+09:00,9270.0,9280.0,9190.0,9200.0,75385,0.0,0.0
2024-06-19 12:00:00+09:00,9200.0,9210.0,9140.0,9170.0,55172,0.0,0.0
2024-06-19 13:00:00+09:00,9170.0,9290.0,9160.0,9250.0,37412,0.0,0.0
2024-06-19 14:00:00+09:00,9250.0,9260.0,9140.0,9170.0,62107,0.0,0.0
2024-06-20 09:00:00+09:00,9040.0,9170.0,9000.0,9060.0,192845,0.0,0.0
2024-06-20 10:00:00+09:00,9060.0,9370.0,9000.0,9220.0,161806,0.0,0.0
2024-06-20 11:00:00+09:00,9250.0,9250.0,9060.0,9090.0,56906,0.0,0.0
2024-06-20 12:00:00+09:00,9100.0,9160.0,9030.0,9120.0,41681,0.0,0.0
2024-06-20 13:00:00+09:00,9120.0,9150.0,9060.0,9080.0,26643,0.0,0.0
2024-06-20 14:00:00+09:00,9070.0,9170.0,9050.0,9150.0,61218,0.0,0.0
2024-06-21 09:00:00+09:00,9220.0,9760.0,9060.0,9320.0,942684,0.0,0.0
2024-06-21 10:00:00+09:00,9320.0,9950.0,9290.0,9680.0,854108,0.0,0.0
2024-06-21 11:00:00+09:00,9680.0,9750.0,9510.0,9600.0,235675,0.0,0.0
2024-06-21 12:00:00+09:00,9590.0,9840.0,9580.0,9670.0,255991,0.0,0.0
2024-06-21 13:00:00+09:00,9670.0,9690.0,9540.0,9650.0,137985,0.0,0.0
2024-06-21 14:00:00+09:00,9640.0,9660.0,9500.0,9620.0,131122,0.0,0.0
2024-06-24 09:00:00+09:00,9640.0,9920.0,9370.0,9490.0,0,0.0,0.0
2024-06-24 10:00:00+09:00,9490.0,9500.0,9280.0,9280.0,108515,0.0,0.0
2024-06-24 11:00:00+09:00,9320.0,9330.0,9230.0,9280.0,41973,0.0,0.0
2024-06-24 12:00:00+09:00,9280.0,9340.0,9250.0,9270.0,35875,0.0,0.0
2024-06-24 13:00:00+09:00,9260.0,9290.0,9070.0,9200.0,77081,0.0,0.0
2024-06-24 14:00:00+09:00,9220.0,9240.0,9080.0,9100.0,62607,0.0,0.0
2024-06-25 09:00:00+09:00,8840.0,9100.0,8500.0,8580.0,286050,0.0,0.0
2024-06-25 10:00:00+09:00,8560.0,8940.0,8460.0,8600.0,183443,0.0,0.0
2024-06-25 11:00:00+09:00,8600.0,8700.0,8530.0,8540.0,53124,0.0,0.0
2024-06-25 12:00:00+09:00,8530.0,8680.0,8530.0,8650.0,36685,0.0,0.0
2024-06-25 13:00:00+09:00,8650.0,8660.0,8550.0,8600.0,24842,0.0,0.0
2024-06-25 14:00:00+09:00,8610.0,8920.0,8580.0,8650.0,134046,0.0,0.0
2024-06-26 09:00:00+09:00,8680.0,9140.0,8600.0,8820.0,495485,0.0,0.0
2024-06-26 10:00:00+09:00,8800.0,8860.0,8650.0,8720.0,91570,0.0,0.0
2024-06-26 11:00:00+09:00,8720.0,8830.0,8690.0,8760.0,41766,0.0,0.0
2024-06-26 12:00:00+09:00,8740.0,8800.0,8690.0,8770.0,21788,0.0,0.0
2024-06-26 13:00:00+09:00,8750.0,8850.0,8700.0,8700.0,44829,0.0,0.0
2024-06-26 14:00:00+09:00,8700.0,8780.0,8690.0,8710.0,39296,0.0,0.0
2024-06-27 09:00:00+09:00,8740.0,9070.0,8510.0,9010.0,259756,0.0,0.0
2024-06-27 10:00:00+09:00,9000.0,9880.0,9000.0,9540.0,2983778,0.0,0.0
2024-06-27 11:00:00+09:00,9540.0,9860.0,9400.0,9630.0,935599,0.0,0.0
2024-06-27 12:00:00+09:00,9630.0,9630.0,9410.0,9550.0,260331,0.0,0.0
2024-06-27 13:00:00+09:00,9540.0,9720.0,9430.0,9510.0,267806,0.0,0.0
2024-06-27 14:00:00+09:00,9510.0,9520.0,9330.0,9390.0,220626,0.0,0.0
2024-06-28 09:00:00+09:00,9400.0,10720.0,9350.0,10210.0,4921284,0.0,0.0
2024-06-28 10:00:00+09:00,10210.0,10520.0,10090.0,10460.0,1101955,0.0,0.0
2024-06-28 11:00:00+09:00,10460.0,10520.0,9830.0,10020.0,815232,0.0,0.0
2024-06-28 12:00:00+09:00,10020.0,10080.0,9940.0,10020.0,176229,0.0,0.0
2024-06-28 13:00:00+09:00,10020.0,10840.0,10010.0,10390.0,3859062,0.0,0.0
2024-06-28 14:00:00+09:00,10380.0,10380.0,10020.0,10080.0,621357,0.0,0.0
2024-07-01 09:00:00+09:00,10250.0,10460.0,9740.0,9850.0,0,0.0,0.0
2024-07-01 10:00:00+09:00,9850.0,9960.0,9640.0,9690.0,200515,0.0,0.0
2024-07-01 11:00:00+09:00,9690.0,9710.0,9550.0,9700.0,130197,0.0,0.0
2024-07-01 12:00:00+09:00,9710.0,9780.0,9580.0,9650.0,67149,0.0,0.0
2024-07-01 13:00:00+09:00,9660.0,9820.0,9630.0,9690.0,90371,0.0,0.0
2024-07-01 14:00:00+09:00,9690.0,9700.0,9550.0,9580.0,99060,0.0,0.0
2024-07-02 09:00:00+09:00,9180.0,9270.0,8960.0,9030.0,445487,0.0,0.0
2024-07-02 10:00:00+09:00,9040.0,9760.0,8930.0,9500.0,699694,0.0,0.0
2024-07-02 11:00:00+09:00,9500.0,9630.0,9440.0,9470.0,142917,0.0,0.0
2024-07-02 12:00:00+09:00,9480.0,9480.0,9190.0,9190.0,95933,0.0,0.0
2024-07-02 13:00:00+09:00,9200.0,9310.0,9110.0,9180.0,58660,0.0,0.0
2024-07-02 14:00:00+09:00,9180.0,9560.0,9160.0,9440.0,120853,0.0,0.0
2024-07-03 09:00:00+09:00,9660.0,9700.0,8960.0,9080.0,322930,0.0,0.0
2024-07-03 10:00:00+09:00,9080.0,9200.0,8940.0,9050.0,126991,0.0,0.0
2024-07-03 11:00:00+09:00,9050.0,9240.0,9020.0,9130.0,130313,0.0,0.0
2024-07-03 12:00:00+09:00,9130.0,9140.0,9040.0,9090.0,41905,0.0,0.0
2024-07-03 13:00:00+09:00,9080.0,9120.0,9010.0,9030.0,62357,0.0,0.0
2024-07-03 14:00:00+09:00,9030.0,9060.0,8970.0,9010.0,80581,0.0,0.0
2024-07-04 09:00:00+09:00,8940.0,9010.0,8580.0,8750.0,315579,0.0,0.0
2024-07-04 10:00:00+09:00,8760.0,8760.0,8640.0,8670.0,91349,0.0,0.0
2024-07-04 11:00:00+09:00,8670.0,8670.0,8550.0,8620.0,104729,0.0,0.0
2024-07-04 12:00:00+09:00,8620.0,8640.0,8570.0,8580.0,52301,0.0,0.0
2024-07-04 13:00:00+09:00,8580.0,8670.0,8570.0,8600.0,41445,0.0,0.0
2024-07-04 14:00:00+09:00,8600.0,8620.0,8570.0,8590.0,78166,0.0,0.0
2024-07-05 09:00:00+09:00,8590.0,8600.0,8430.0,8510.0,157629,0.0,0.0
2024-07-05 10:00:00+09:00,8510.0,8530.0,8310.0,8380.0,125365,0.0,0.0
2024-07-05 11:00:00+09:00,8390.0,8510.0,8340.0,8360.0,67115,0.0,0.0
2024-07-05 12:00:00+09:00,8360.0,8360.0,8280.0,8330.0,61229,0.0,0.0
2024-07-05 13:00:00+09:00,8320.0,8320.0,8210.0,8280.0,80122,0.0,0.0
2024-07-05 14:00:00+09:00,8280.0,8330.0,8220.0,8260.0,66991,0.0,0.0
2024-07-08 09:00:00+09:00,8160.0,8550.0,8120.0,8360.0,0,0.0,0.0
2024-07-08 10:00:00+09:00,8360.0,8410.0,8310.0,8350.0,83753,0.0,0.0
2024-07-08 11:00:00+09:00,8350.0,8390.0,8310.0,8310.0,25072,0.0,0.0
2024-07-08 12:00:00+09:00,8310.0,8360.0,8300.0,8360.0,22823,0.0,0.0
2024-07-08 13:00:00+09:00,8360.0,8400.0,8320.0,8320.0,26807,0.0,0.0
2024-07-08 14:00:00+09:00,8320.0,8350.0,8250.0,8300.0,54745,0.0,0.0
2024-07-09 09:00:00+09:00,8360.0,8630.0,8360.0,8620.0,258073,0.0,0.0
2024-07-09 10:00:00+09:00,8620.0,8920.0,8580.0,8730.0,417531,0.0,0.0
2024-07-09 11:00:00+09:00,8720.0,8740.0,8610.0,8640.0,106684,0.0,0.0
2024-07-09 12:00:00+09:00,8660.0,8840.0,8620.0,8820.0,75345,0.0,0.0
2024-07-09 13:00:00+09:00,8820.0,8900.0,8690.0,8750.0,106220,0.0,0.0
2024-07-09 14:00:00+09:00,8760.0,8820.0,8700.0,8800.0,76226,0.0,0.0
2024-07-10 09:00:00+09:00,8940.0,9650.0,8880.0,9220.0,1571563,0.0,0.0
2024-07-10 10:00:00+09:00,9220.0,9370.0,9170.0,9250.0,206411,0.0,0.0
2024-07-10 11:00:00+09:00,9250.0,9340.0,9160.0,9230.0,142455,0.0,0.0
2024-07-10 12:00:00+09:00,9240.0,9280.0,9160.0,9200.0,79942,0.0,0.0
2024-07-10 13:00:00+09:00,9210.0,9260.0,9110.0,9200.0,119115,0.0,0.0
2024-07-10 14:00:00+09:00,9200.0,9320.0,9190.0,9220.0,151449,0.0,0.0
2024-07-11 09:00:00+09:00,9100.0,9560.0,9090.0,9540.0,565512,0.0,0.0
2024-07-11 10:00:00+09:00,9540.0,9600.0,9310.0,9360.0,374649,0.0,0.0
2024-07-11 11:00:00+09:00,9380.0,9500.0,9360.0,9370.0,111752,0.0,0.0
2024-07-11 12:00:00+09:00,9370.0,9450.0,9320.0,9350.0,64718,0.0,0.0
2024-07-11 13:00:00+09:00,9350.0,9360.0,9230.0,9290.0,91570,0.0,0.0
2024-07-11 14:00:00+09:00,9280.0,9350.0,9260.0,9310.0,58918,0.0,0.0
2024-07-12 09:00:00+09:00,9470.0,9480.0,8970.0,9010.0,284777,0.0,0.0
2024-07-12 10:00:00+09:00,9020.0,9150.0,8960.0,9100.0,62050,0.0,0.0
2024-07-12 11:00:00+09:00,9100.0,9250.0,9100.0,9160.0,48018,0.0,0.0
2024-07-12 12:00:00+09:00,9150.0,9230.0,9130.0,9160.0,24490,0.0,0.0
2024-07-12 13:00:00+09:00,9160.0,9190.0,9000.0,9040.0,51037,0.0,0.0
2024-07-12 14:00:00+09:00,9030.0,9120.0,9010.0,9040.0,42815,0.0,0.0
2024-07-15 09:00:00+09:00,8800.0,9240.0,8680.0,9130.0,0,0.0,0.0
2024-07-15 10:00:00+09:00,9140.0,9140.0,8980.0,9110.0,51960,0.0,0.0
2024-07-15 11:00:00+09:00,9110.0,9150.0,9050.0,9070.0,36446,0.0,0.0
2024-07-15 12:00:00+09:00,9080.0,9150.0,9040.0,9140.0,31210,0.0,0.0
2024-07-15 13:00:00+09:00,9140.0,9140.0,8970.0,8970.0,32729,0.0,0.0
2024-07-15 14:00:00+09:00,8970.0,9000.0,8900.0,8930.0,32386,0.0,0.0
2024-07-16 09:00:00+09:00,8820.0,8870.0,8410.0,8480.0,213066,0.0,0.0
2024-07-16 10:00:00+09:00,8470.0,8610.0,8410.0,8600.0,66641,0.0,0.0
2024-07-16 11:00:00+09:00,8590.0,8600.0,8520.0,8560.0,22067,0.0,0.0
2024-07-16 12:00:00+09:00,8570.0,8600.0,8530.0,8560.0,16519,0.0,0.0
2024-07-16 13:00:00+09:00,8560.0,8630.0,8530.0,8530.0,18749,0.0,0.0
2024-07-16 14:00:00+09:00,8540.0,8630.0,8520.0,8550.0,32485,0.0,0.0
2024-07-17 09:00:00+09:00,8640.0,8640.0,8410.0,8500.0,58696,0.0,0.0
2024-07-17 10:00:00+09:00,8510.0,8520.0,8360.0,8420.0,49855,0.0,0.0
2024-07-17 11:00:00+09:00,8420.0,8470.0,8360.0,8390.0,31888,0.0,0.0
2024-07-17 12:00:00+09:00,8390.0,8420.0,8300.0,8400.0,40365,0.0,0.0
2024-07-17 13:00:00+09:00,8400.0,8410.0,8290.0,8330.0,55584,0.0,0.0
2024-07-17 14:00:00+09:00,8330.0,8350.0,8290.0,8310.0,38123,0.0,0.0
2024-07-18 09:00:00+09:00,8220.0,8300.0,8030.0,8080.0,127668,0.0,0.0
2024-07-18 10:00:00+09:00,8070.0,8120.0,8020.0,8030.0,50905,0.0,0.0
2024-07-18 11:00:00+09:00,8030.0,8070.0,8000.0,8050.0,30056,0.0,0.0
2024-07-18 12:00:00+09:00,8050.0,8170.0,8030.0,8090.0,24241,0.0,0.0
2024-07-18 13:00:00+09:00,8090.0,8090.0,8030.0,8060.0,16538,0.0,0.0
2024-07-18 14:00:00+09:00,8070.0,8080.0,8030.0,8060.0,21570,0.0,0.0
2024-07-19 09:00:00+09:00,8060.0,8250.0,7900.0,8200.0,83055,0.0,0.0
2024-07-19 10:00:00+09:00,8200.0,8260.0,8080.0,8140.0,47823,0.0,0.0
2024-07-19 11:00:00+09:00,8140.0,8510.0,8110.0,8300.0,140902,0.0,0.0
2024-07-19 12:00:00+09:00,8300.0,8450.0,8150.0,8160.0,73052,0.0,0.0
2024-07-19 13:00:00+09:00,8160.0,8350.0,8130.0,8330.0,45842,0.0,0.0
2024-07-19 14:00:00+09:00,8310.0,8400.0,8200.0,8290.0,64878,0.0,0.0
2024-07-22 09:00:00+09:00,8230.0,8230.0,7910.0,7990.0,0,0.0,0.0
2024-07-22 10:00:00+09:00,7990.0,8280.0,7950.0,8160.0,74795,0.0,0.0
2024-07-22 11:00:00+09:00,8160.0,8200.0,8070.0,8110.0,24222,0.0,0.0
2024-07-22 12:00:00+09:00,8110.0,8150.0,8070.0,8130.0,15405,0.0,0.0
2024-07-22 13:00:00+09:00,8140.0,9240.0,8130.0,8430.0,1630899,0.0,0.0
2024-07-22 14:00:00+09:00,8440.0,8470.0,8130.0,8240.0,478879,0.0,0.0
2024-07-23 09:00:00+09:00,8160.0,8300.0,8020.0,8070.0,249704,0.0,0.0
2024-07-23 10:00:00+09:00,8070.0,8200.0,8050.0,8120.0,62618,0.0,0.0
2024-07-23 11:00:00+09:00,8120.0,8120.0,8020.0,8050.0,33438,0.0,0.0
2024-07-23 12:00:00+09:00,8040.0,8120.0,8020.0,8070.0,42516,0.0,0.0
2024-07-23 13:00:00+09:00,8080.0,8730.0,8050.0,8680.0,721009,0.0,0.0
2024-07-23 14:00:00+09:00,8670.0,8680.0,8300.0,8350.0,334870,0.0,0.0
2024-07-24 09:00:00+09:00,8260.0,8540.0,8180.0,8380.0,244054,0.0,0.0
2024-07-24 10:00:00+09:00,8390.0,8390.0,8140.0,8160.0,88433,0.0,0.0
2024-07-24 11:00:00+09:00,8160.0,8210.0,8130.0,8140.0,39909,0.0,0.0
2024-07-24 12:00:00+09:00,8140.0,8190.0,8130.0,8170.0,24640,0.0,0.0
2024-07-24 13:00:00+09:00,8180.0,8260.0,8140.0,8240.0,29933,0.0,0.0
2024-07-24 14:00:00+09:00,8240.0,8240.0,8140.0,8160.0,31268,0.0,0.0
2024-07-25 09:00:00+09:00,7910.0,8030.0,7680.0,7710.0,215687,0.0,0.0
2024-07-25 10:00:00+09:00,7710.0,7800.0,7680.0,7760.0,64392,0.0,0.0
2024-07-25 11:00:00+09:00,7760.0,7830.0,7700.0,7800.0,41715,0.0,0.0
2024-07-25 12:00:00+09:00,7800.0,7850.0,7750.0,7790.0,24589,0.0,0.0
2024-07-25 13:00:00+09:00,7780.0,7820.0,7770.0,7780.0,18024,0.0,0.0
2024-07-25 14:00:00+09:00,7780.0,7790.0,7730.0,7750.0,36371,0.0,0.0
2024-07-26 09:00:00+09:00,7650.0,7790.0,7590.0,7670.0,100718,0.0,0.0
2024-07-26 10:00:00+09:00,7670.0,7760.0,7620.0,7750.0,35958,0.0,0.0
2024-07-26 11:00:00+09:00,7750.0,7810.0,7710.0,7750.0,27331,0.0,0.0
2024-07-26 12:00:00+09:00,7770.0,7770.0,7700.0,7700.0,12550,0.0,0.0
2024-07-26 13:00:00+09:00,7700.0,7710.0,7620.0,7640.0,24887,0.0,0.0
2024-07-26 14:00:00+09:00,7640.0,7690.0,7600.0,7630.0,29447,0.0,0.0
2024-07-29 09:00:00+09:00,7630.0,7790.0,7600.0,7700.0,0,0.0,0.0
2024-07-29 10:00:00+09:00,7710.0,7780.0,7650.0,7670.0,29380,0.0,0.0
2024-07-29 11:00:00+09:00,7670.0,7710.0,7650.0,7700.0,18596,0.0,0.0
2024-07-29 12:00:00+09:00,7710.0,7730.0,7690.0,7720.0,8704,0.0,0.0
2024-07-29 13:00:00+09:00,7720.0,7790.0,7700.0,7750.0,24235,0.0,0.0
2024-07-29 14:00:00+09:00,7750.0,7760.0,7710.0,7730.0,17498,0.0,0.0
2024-07-30 09:00:00+09:00,7750.0,7820.0,7410.0,7450.0,101295,0.0,0.0
2024-07-30 10:00:00+09:00,7450.0,7510.0,7410.0,7450.0,32690,0.0,0.0
2024-07-30 11:00:00+09:00,7450.0,7470.0,7390.0,7400.0,25666,0.0,0.0
2024-07-30 12:00:00+09:00,7410.0,7440.0,7390.0,7400.0,15902,0.0,0.0
2024-07-30 13:00:00+09:00,7410.0,7460.0,7400.0,7430.0,10891,0.0,0.0
2024-07-30 14:00:00+09:00,7430.0,7500.0,7410.0,7450.0,25296,0.0,0.0
2024-07-31 09:00:00+09:00,7400.0,7500.0,7340.0,7440.0,46382,0.0,0.0
2024-07-31 10:00:00+09:00,7440.0,7440.0,7340.0,7350.0,17149,0.0,0.0
2024-07-31 11:00:00+09:00,7350.0,7450.0,7340.0,7420.0,21128,0.0,0.0
2024-07-31 12:00:00+09:00,7440.0,7490.0,7420.0,7470.0,11014,0.0,0.0
2024-07-31 13:00:00+09:00,7490.0,7510.0,7430.0,7450.0,18028,0.0,0.0
2024-07-31 14:00:00+09:00,7450.0,7560.0,7440.0,7550.0,35465,0.0,0.0
2024-08-01 09:00:00+09:00,7800.0,8090.0,7730.0,8000.0,419250,0.0,0.0
2024-08-01 10:00:00+09:00,7990.0,8000.0,7710.0,7810.0,82531,0.0,0.0
2024-08-01 11:00:00+09:00,7800.0,7910.0,7780.0,7890.0,26146,0.0,0.0
2024-08-01 12:00:00+09:00,7890.0,7910.0,7810.0,7840.0,23338,0.0,0.0
2024-08-01 13:00:00+09:00,7840.0,7920.0,7830.0,7850.0,12627,0.0,0.0
2024-08-01 14:00:00+09:00,7850.0,7850.0,7750.0,7770.0,24166,0.0,0.0
2024-08-02 09:00:00+09:00,7470.0,7580.0,7240.0,7250.0,140883,0.0,0.0
2024-08-02 10:00:00+09:00,7250.0,7330.0,7190.0,7210.0,50914,0.0,0.0
2024-08-02 11:00:00+09:00,7200.0,7250.0,7120.0,7200.0,37340,0.0,0.0
2024-08-02 12:00:00+09:00,7200.0,7230.0,7130.0,7160.0,29910,0.0,0.0
2024-08-02 13:00:00+09:00,7150.0,7200.0,7130.0,7150.0,29306,0.0,0.0
2024-08-02 14:00:00+09:00,7150.0,7160.0,7080.0,7090.0,53652,0.0,0.0
2024-08-05 09:00:00+09:00,6710.0,6960.0,6660.0,6750.0,0,0.0,0.0
2024-08-05 10:00:00+09:00,6730.0,6730.0,6620.0,6680.0,54449,0.0,0.0
2024-08-05 11:00:00+09:00,6680.0,6740.0,6610.0,6630.0,38537,0.0,0.0
2024-08-05 12:00:00+09:00,6630.0,6690.0,6360.0,6520.0,64413,0.0,0.0
2024-08-05 13:00:00+09:00,6530.0,6580.0,6070.0,6410.0,60362,0.0,0.0
2024-08-05 14:00:00+09:00,6270.0,6300.0,5700.0,5850.0,177982,0.0,0.0
2024-08-06 09:00:00+09:00,6010.0,6640.0,6010.0,6600.0,250426,0.0,0.0
2024-08-06 10:00:00+09:00,6620.0,6630.0,6310.0,6460.0,60469,0.0,0.0
2024-08-06 11:00:00+09:00,6450.0,6510.0,6330.0,6490.0,13295,0.0,0.0
2024-08-06 12:00:00+09:00,6490.0,6590.0,6450.0,6540.0,13182,0.0,0.0
2024-08-06 13:00:00+09:00,6530.0,6590.0,6500.0,6520.0,14325,0.0,0.0
2024-08-06 14:00:00+09:00,6520.0,6610.0,6490.0,6600.0,19305,0.0,0.0
2024-08-07 09:00:00+09:00,6500.0,6740.0,6500.0,6610.0,53250,0.0,0.0
2024-08-07 10:00:00+09:00,6610.0,6710.0,6540.0,6680.0,28122,0.0,0.0
2024-08-07 11:00:00+09:00,6680.0,6830.0,6640.0,6760.0,86485,0.0,0.0
2024-08-07 12:00:00+09:00,6760.0,6800.0,6740.0,6740.0,24316,0.0,0.0
2024-08-07 13:00:00+09:00,6730.0,6810.0,6720.0,6770.0,23880,0.0,0.0
2024-08-07 14:00:00+09:00,6740.0,6780.0,6640.0,6690.0,23580,0.0,0.0
2024-08-08 09:00:00+09:00,6520.0,6640.0,6320.0,6480.0,49257,0.0,0.0
2024-08-08 10:00:00+09:00,6490.0,6550.0,6400.0,6470.0,27485,0.0,0.0
2024-08-08 11:00:00+09:00,6490.0,6600.0,6490.0,6590.0,13846,0.0,0.0
2024-08-08 12:00:00+09:00,6590.0,6640.0,6550.0,6560.0,18171,0.0,0.0
2024-08-08 13:00:00+09:00,6560.0,6610.0,6520.0,6550.0,8134,0.0,0.0
2024-08-08 14:00:00+09:00,6560.0,6600.0,6510.0,6520.0,9873,0.0,0.0
2024-08-09 09:00:00+09:00,6700.0,6920.0,6660.0,6780.0,77188,0.0,0.0
2024-08-09 10:00:00+09:00,6760.0,6840.0,6690.0,6710.0,57081,0.0,0.0
2024-08-09 11:00:00+09:00,6710.0,6810.0,6700.0,6780.0,32335,0.0,0.0
2024-08-09 12:00:00+09:00,6790.0,6800.0,6720.0,6720.0,12845,0.0,0.0
2024-08-09 13:00:00+09:00,6730.0,6790.0,6680.0,6710.0,26889,0.0,0.0
2024-08-09 14:00:00+09:00,6710.0,6790.0,6680.0,6740.0,19197,0.0,0.0
2024-08-12 09:00:00+09:00,6750.0,6870.0,6700.0,6830.0,0,0.0,0.0
2024-08-12 10:00:00+09:00,6830.0,6880.0,6700.0,6780.0,44479,0.0,0.0
2024-08-12 11:00:00+09:00,6780.0,6850.0,6770.0,6830.0,7853,0.0,0.0
2024-08-12 12:00:00+09:00,6830.0,6890.0,6830.0,6850.0,14408,0.0,0.0
2024-08-12 13:00:00+09:00,6870.0,6870.0,6800.0,6860.0,6855,0.0,0.0
2024-08-12 14:00:00+09:00,6850.0,6900.0,6810.0,6810.0,15492,0.0,0.0
2024-08-13 09:00:00+09:00,6770.0,6900.0,6630.0,6710.0,52133,0.0,0.0
2024-08-13 10:00:00+09:00,6700.0,6840.0,6620.0,6780.0,30060,0.0,0.0
2024-08-13 11:00:00+09:00,6780.0,6820.0,6640.0,6780.0,21153,0.0,0.0
2024-08-13 12:00:00+09:00,6750.0,6790.0,6700.0,6720.0,10861,0.0,0.0
2024-08-13 13:00:00+09:00,6720.0,6730.0,6620.0,6730.0,24519,0.0,0.0
2024-08-13 14:00:00+09:00,6710.0,6800.0,6700.0,6730.0,15765,0.0,0.0
2024-08-14 09:00:00+09:00,6910.0,7080.0,6850.0,7010.0,134322,0.0,0.0
2024-08-14 10:00:00+09:00,7010.0,7050.0,6910.0,7020.0,30827,0.0,0.0
2024-08-14 11:00:00+09:00,7010.0,7010.0,6930.0,6960.0,11860,0.0,0.0
2024-08-14 12:00:00+09:00,6960.0,6980.0,6920.0,6930.0,12362,0.0,0.0
2024-08-14 13:00:00+09:00,6920.0,6940.0,6840.0,6870.0,34336,0.0,0.0
2024-08-14 14:00:00+09:00,6870.0,6950.0,6850.0,6950.0,14118,0.0,0.0
2024-08-16 09:00:00+09:00,7010.0,7120.0,6880.0,6960.0,0,0.0,0.0
2024-08-16 10:00:00+09:00,6960.0,6970.0,6910.0,6930.0,20498,0.0,0.0
2024-08-16 11:00:00+09:00,6930.0,6940.0,6750.0,6800.0,44612,0.0,0.0
2024-08-16 12:00:00+09:00,6800.0,6900.0,6760.0,6830.0,27872,0.0,0.0
2024-08-16 13:00:00+09:00,6820.0,6900.0,6820.0,6850.0,13374,0.0,0.0
2024-08-16 14:00:00+09:00,6850.0,6910.0,6820.0,6910.0,29998,0.0,0.0
