Datetime,Open,High,Low,Close,Volume,Dividends,Stock Splits
2024-09-09 09:03:00+09:00,1246.0,1271.0,1245.0,1255.0,0,0.0,0.0
2024-09-09 09:04:00+09:00,1258.0,1269.0,1258.0,1268.0,16100,0.0,0.0
2024-09-09 09:05:00+09:00,1267.0,1268.0,1259.0,1259.0,13900,0.0,0.0
2024-09-09 09:06:00+09:00,1259.0,1262.0,1255.0,1260.0,12000,0.0,0.0
2024-09-09 09:07:00+09:00,1261.0,1263.0,1259.0,1263.0,4700,0.0,0.0
2024-09-09 09:08:00+09:00,1264.0,1270.0,1262.0,1270.0,10900,0.0,0.0
2024-09-09 09:09:00+09:00,1271.0,1272.0,1265.0,1266.0,7200,0.0,0.0
2024-09-09 09:10:00+09:00,1267.0,1269.0,1263.0,1269.0,7900,0.0,0.0
2024-09-09 09:11:00+09:00,1269.0,1274.0,1269.0,1274.0,7200,0.0,0.0
2024-09-09 09:12:00+09:00,1274.0,1274.0,1270.0,1271.0,4900,0.0,0.0
2024-09-09 09:13:00+09:00,1273.0,1275.0,1272.0,1274.0,5400,0.0,0.0
2024-09-09 09:14:00+09:00,1274.0,1276.0,1271.0,1273.0,13900,0.0,0.0
2024-09-09 09:15:00+09:00,1272.0,1275.0,1272.0,1275.0,4200,0.0,0.0
2024-09-09 09:16:00+09:00,1275.0,1278.0,1273.0,1278.0,5200,0.0,0.0
2024-09-09 09:17:00+09:00,1277.0,1280.0,1277.0,1280.0,12200,0.0,0.0
2024-09-09 09:18:00+09:00,1280.0,1282.0,1279.0,1282.0,15400,0.0,0.0
2024-09-09 09:19:00+09:00,1281.0,1286.0,1281.0,1286.0,11400,0.0,0.0
2024-09-09 09:20:00+09:00,1286.0,1287.0,1282.0,1284.0,10300,0.0,0.0
2024-09-09 09:21:00+09:00,1285.0,1288.0,1285.0,1288.0,10600,0.0,0.0
2024-09-09 09:22:00+09:00,1287.0,1289.0,1281.0,1281.0,42000,0.0,0.0
2024-09-09 09:23:00+09:00,1280.0,1283.0,1279.0,1283.0,11200,0.0,0.0
2024-09-09 09:24:00+09:00,1284.0,1288.0,1284.0,1286.0,4600,0.0,0.0
2024-09-09 09:25:00+09:00,1286.0,1288.0,1286.0,1288.0,2800,0.0,0.0
2024-09-09 09:26:00+09:00,1289.0,1289.0,1288.0,1288.0,6000,0.0,0.0
2024-09-09 09:27:00+09:00,1288.0,1290.0,1288.0,1289.0,3900,0.0,0.0
2024-09-09 09:28:00+09:00,1289.0,1289.0,1287.0,1289.0,6200,0.0,0.0
2024-09-09 09:29:00+09:00,1290.0,1294.0,1290.0,1293.0,9500,0.0,0.0
2024-09-09 09:30:00+09:00,1293.0,1293.0,1292.0,1292.0,4100,0.0,0.0
2024-09-09 09:31:00+09:00,1292.0,1292.0,1289.0,1289.0,3200,0.0,0.0
2024-09-09 09:32:00+09:00,1288.0,1292.0,1287.0,1290.0,18200,0.0,0.0
2024-09-09 09:33:00+09:00,1289.0,1290.0,1286.0,1287.0,4900,0.0,0.0
2024-09-09 09:34:00+09:00,1287.0,1288.0,1286.0,1286.0,5400,0.0,0.0
2024-09-09 09:35:00+09:00,1287.0,1287.0,1286.0,1287.0,2700,0.0,0.0
2024-09-09 09:36:00+09:00,1288.0,1289.0,1288.0,1289.0,3800,0.0,0.0
2024-09-09 09:37:00+09:00,1290.0,1290.0,1286.0,1289.0,5400,0.0,0.0
2024-09-09 09:38:00+09:00,1289.0,1291.0,1288.0,1291.0,6400,0.0,0.0
2024-09-09 09:39:00+09:00,1291.0,1291.0,1290.0,1291.0,1200,0.0,0.0
2024-09-09 09:40:00+09:00,1291.0,1291.0,1289.0,1289.0,3500,0.0,0.0
2024-09-09 09:41:00+09:00,1288.0,1288.0,1287.0,1288.0,2300,0.0,0.0
2024-09-09 09:42:00+09:00,1288.0,1290.0,1288.0,1289.0,5900,0.0,0.0
2024-09-09 09:43:00+09:00,1288.0,1288.0,1287.0,1287.0,3000,0.0,0.0
2024-09-09 09:44:00+09:00,1286.0,1286.0,1282.0,1284.0,20300,0.0,0.0
2024-09-09 09:45:00+09:00,1283.0,1283.0,1280.0,1281.0,14200,0.0,0.0
2024-09-09 09:46:00+09:00,1281.0,1281.0,1278.0,1278.0,5300,0.0,0.0
2024-09-09 09:47:00+09:00,1277.0,1278.0,1274.0,1276.0,18900,0.0,0.0
2024-09-09 09:48:00+09:00,1275.0,1275.0,1267.0,1268.0,11700,0.0,0.0
2024-09-09 09:49:00+09:00,1267.0,1267.0,1265.0,1265.0,6300,0.0,0.0
2024-09-09 09:50:00+09:00,1266.0,1269.0,1265.0,1269.0,15400,0.0,0.0
2024-09-09 09:51:00+09:00,1269.0,1269.0,1269.0,1269.0,1700,0.0,0.0
2024-09-09 09:52:00+09:00,1270.0,1270.0,1269.0,1269.0,1500,0.0,0.0
2024-09-09 09:53:00+09:00,1269.0,1270.0,1263.0,1265.0,20300,0.0,0.0
2024-09-09 09:54:00+09:00,1265.0,1268.0,1264.0,1264.0,15500,0.0,0.0
2024-09-09 09:55:00+09:00,1263.0,1263.0,1258.0,1262.0,15900,0.0,0.0
2024-09-09 09:56:00+09:00,1262.0,1263.0,1262.0,1263.0,7100,0.0,0.0
2024-09-09 09:57:00+09:00,1264.0,1266.0,1262.0,1262.0,8100,0.0,0.0
2024-09-09 09:58:00+09:00,1263.0,1263.0,1263.0,1263.0,900,0.0,0.0
2024-09-09 09:59:00+09:00,1263.0,1265.0,1259.0,1259.0,7700,0.0,0.0
2024-09-09 10:00:00+09:00,1259.0,1263.0,1258.0,1263.0,7800,0.0,0.0
2024-09-09 10:01:00+09:00,1263.0,1266.0,1260.0,1266.0,12400,0.0,0.0
2024-09-09 10:02:00+09:00,1266.0,1266.0,1266.0,1266.0,1900,0.0,0.0
2024-09-09 10:03:00+09:00,1266.0,1268.0,1266.0,1268.0,3800,0.0,0.0
2024-09-09 10:04:00+09:00,1268.0,1271.0,1268.0,1270.0,7500,0.0,0.0
2024-09-09 10:05:00+09:00,1270.0,1271.0,1270.0,1271.0,1800,0.0,0.0
2024-09-09 10:06:00+09:00,1271.0,1271.0,1269.0,1270.0,7900,0.0,0.0
2024-09-09 10:07:00+09:00,1271.0,1273.0,1271.0,1271.0,3600,0.0,0.0
2024-09-09 10:08:00+09:00,1272.0,1272.0,1267.0,1268.0,7600,0.0,0.0
2024-09-09 10:09:00+09:00,1268.0,1268.0,1266.0,1266.0,2000,0.0,0.0
2024-09-09 10:10:00+09:00,1265.0,1267.0,1264.0,1266.0,1300,0.0,0.0
2024-09-09 10:11:00+09:00,1267.0,1269.0,1267.0,1269.0,2800,0.0,0.0
2024-09-09 10:12:00+09:00,1267.0,1268.0,1267.0,1268.0,800,0.0,0.0
2024-09-09 10:13:00+09:00,1268.0,1268.0,1268.0,1268.0,500,0.0,0.0
2024-09-09 10:14:00+09:00,1268.0,1268.0,1266.0,1266.0,800,0.0,0.0
2024-09-09 10:15:00+09:00,1267.0,1267.0,1267.0,1267.0,1200,0.0,0.0
2024-09-09 10:16:00+09:00,1268.0,1269.0,1266.0,1266.0,7300,0.0,0.0
2024-09-09 10:17:00+09:00,1266.0,1267.0,1266.0,1267.0,2300,0.0,0.0
2024-09-09 10:18:00+09:00,1267.0,1267.0,1266.0,1266.0,600,0.0,0.0
2024-09-09 10:19:00+09:00,1265.0,1266.0,1265.0,1266.0,1700,0.0,0.0
2024-09-09 10:20:00+09:00,1266.0,1266.0,1266.0,1266.0,200,0.0,0.0
2024-09-09 10:21:00+09:00,1266.0,1266.0,1264.0,1264.0,3600,0.0,0.0
2024-09-09 10:22:00+09:00,1264.0,1265.0,1264.0,1265.0,4300,0.0,0.0
2024-09-09 10:23:00+09:00,1265.0,1265.0,1264.0,1264.0,3600,0.0,0.0
2024-09-09 10:24:00+09:00,1264.0,1264.0,1262.0,1262.0,3000,0.0,0.0
2024-09-09 10:25:00+09:00,1263.0,1265.0,1263.0,1265.0,2800,0.0,0.0
2024-09-09 10:26:00+09:00,1266.0,1266.0,1266.0,1266.0,1500,0.0,0.0
2024-09-09 10:27:00+09:00,1266.0,1266.0,1265.0,1265.0,2200,0.0,0.0
2024-09-09 10:29:00+09:00,1266.0,1266.0,1264.0,1264.0,2300,0.0,0.0
2024-09-09 10:30:00+09:00,1265.0,1266.0,1265.0,1266.0,2300,0.0,0.0
2024-09-09 10:31:00+09:00,1266.0,1268.0,1266.0,1268.0,6700,0.0,0.0
2024-09-09 10:32:00+09:00,1268.0,1268.0,1266.0,1266.0,3200,0.0,0.0
2024-09-09 10:33:00+09:00,1267.0,1268.0,1267.0,1268.0,4000,0.0,0.0
2024-09-09 10:34:00+09:00,1267.0,1268.0,1265.0,1265.0,3200,0.0,0.0
2024-09-09 10:35:00+09:00,1265.0,1265.0,1264.0,1265.0,600,0.0,0.0
2024-09-09 10:36:00+09:00,1265.0,1266.0,1265.0,1266.0,2700,0.0,0.0
2024-09-09 10:37:00+09:00,1266.0,1266.0,1264.0,1264.0,1200,0.0,0.0
2024-09-09 10:38:00+09:00,1263.0,1263.0,1261.0,1263.0,7600,0.0,0.0
2024-09-09 10:39:00+09:00,1262.0,1262.0,1262.0,1262.0,1400,0.0,0.0
2024-09-09 10:40:00+09:00,1262.0,1265.0,1262.0,1265.0,2800,0.0,0.0
2024-09-09 10:41:00+09:00,1264.0,1265.0,1264.0,1265.0,1100,0.0,0.0
2024-09-09 10:42:00+09:00,1265.0,1266.0,1264.0,1264.0,2100,0.0,0.0
2024-09-09 10:43:00+09:00,1264.0,1264.0,1264.0,1264.0,4400,0.0,0.0
2024-09-09 10:44:00+09:00,1264.0,1266.0,1264.0,1266.0,4700,0.0,0.0
2024-09-09 10:45:00+09:00,1266.0,1268.0,1266.0,1266.0,3900,0.0,0.0
2024-09-09 10:46:00+09:00,1266.0,1267.0,1266.0,1267.0,4400,0.0,0.0
2024-09-09 10:47:00+09:00,1268.0,1273.0,1268.0,1273.0,7900,0.0,0.0
2024-09-09 10:48:00+09:00,1271.0,1272.0,1270.0,1271.0,2700,0.0,0.0
2024-09-09 10:49:00+09:00,1271.0,1273.0,1271.0,1272.0,2100,0.0,0.0
2024-09-09 10:50:00+09:00,1272.0,1275.0,1271.0,1275.0,4300,0.0,0.0
2024-09-09 10:51:00+09:00,1276.0,1277.0,1276.0,1276.0,3500,0.0,0.0
2024-09-09 10:52:00+09:00,1276.0,1277.0,1273.0,1274.0,4300,0.0,0.0
2024-09-09 10:53:00+09:00,1273.0,1273.0,1271.0,1271.0,3100,0.0,0.0
2024-09-09 10:54:00+09:00,1271.0,1272.0,1271.0,1272.0,1700,0.0,0.0
2024-09-09 10:55:00+09:00,1272.0,1272.0,1271.0,1271.0,900,0.0,0.0
2024-09-09 10:56:00+09:00,1271.0,1271.0,1270.0,1271.0,2700,0.0,0.0
2024-09-09 10:58:00+09:00,1271.0,1271.0,1271.0,1271.0,1400,0.0,0.0
2024-09-09 10:59:00+09:00,1271.0,1271.0,1271.0,1271.0,1100,0.0,0.0
2024-09-09 11:00:00+09:00,1271.0,1273.0,1271.0,1272.0,9400,0.0,0.0
2024-09-09 11:01:00+09:00,1272.0,1273.0,1272.0,1273.0,1100,0.0,0.0
2024-09-09 11:02:00+09:00,1273.0,1273.0,1270.0,1270.0,6200,0.0,0.0
2024-09-09 11:03:00+09:00,1269.0,1269.0,1269.0,1269.0,700,0.0,0.0
2024-09-09 11:04:00+09:00,1269.0,1269.0,1266.0,1268.0,3400,0.0,0.0
2024-09-09 11:05:00+09:00,1268.0,1270.0,1268.0,1270.0,7800,0.0,0.0
2024-09-09 11:06:00+09:00,1271.0,1273.0,1271.0,1273.0,6000,0.0,0.0
2024-09-09 11:07:00+09:00,1273.0,1273.0,1272.0,1273.0,3100,0.0,0.0
2024-09-09 11:08:00+09:00,1273.0,1275.0,1273.0,1275.0,2000,0.0,0.0
2024-09-09 11:09:00+09:00,1275.0,1276.0,1275.0,1276.0,3900,0.0,0.0
2024-09-09 11:10:00+09:00,1277.0,1279.0,1277.0,1278.0,4600,0.0,0.0
2024-09-09 11:11:00+09:00,1278.0,1278.0,1276.0,1277.0,5600,0.0,0.0
2024-09-09 11:12:00+09:00,1278.0,1278.0,1278.0,1278.0,900,0.0,0.0
2024-09-09 11:13:00+09:00,1277.0,1277.0,1276.0,1276.0,2400,0.0,0.0
2024-09-09 11:14:00+09:00,1276.0,1276.0,1276.0,1276.0,200,0.0,0.0
2024-09-09 11:15:00+09:00,1276.0,1277.0,1276.0,1277.0,400,0.0,0.0
2024-09-09 11:16:00+09:00,1276.0,1277.0,1276.0,1276.0,1500,0.0,0.0
2024-09-09 11:17:00+09:00,1276.0,1276.0,1276.0,1276.0,1000,0.0,0.0
2024-09-09 11:18:00+09:00,1276.0,1276.0,1276.0,1276.0,1400,0.0,0.0
2024-09-09 11:19:00+09:00,1276.0,1276.0,1275.0,1275.0,1500,0.0,0.0
2024-09-09 11:20:00+09:00,1275.0,1275.0,1274.0,1275.0,6000,0.0,0.0
2024-09-09 11:21:00+09:00,1275.0,1275.0,1275.0,1275.0,1900,0.0,0.0
2024-09-09 11:22:00+09:00,1275.0,1275.0,1274.0,1275.0,500,0.0,0.0
2024-09-09 11:23:00+09:00,1275.0,1276.0,1275.0,1276.0,200,0.0,0.0
2024-09-09 11:24:00+09:00,1276.0,1276.0,1276.0,1276.0,1600,0.0,0.0
2024-09-09 11:26:00+09:00,1276.0,1277.0,1276.0,1277.0,2400,0.0,0.0
2024-09-09 11:27:00+09:00,1277.0,1278.0,1276.0,1276.0,2600,0.0,0.0
2024-09-09 11:28:00+09:00,1276.0,1277.0,1276.0,1277.0,1200,0.0,0.0
2024-09-09 11:29:00+09:00,1276.0,1277.0,1276.0,1277.0,700,0.0,0.0
2024-09-09 11:30:00+09:00,1276.0,1276.0,1276.0,1276.0,2000,0.0,0.0
2024-09-09 11:35:00+09:00,1276.0,1276.0,1276.0,1276.0,0,0.0,0.0
2024-09-09 12:30:00+09:00,1279.0,1283.0,1278.0,1282.0,977300,0.0,0.0
2024-09-09 12:31:00+09:00,1282.0,1282.0,1280.0,1281.0,5500,0.0,0.0
2024-09-09 12:32:00+09:00,1281.0,1282.0,1281.0,1282.0,1300,0.0,0.0
2024-09-09 12:33:00+09:00,1282.0,1284.0,1282.0,1283.0,4100,0.0,0.0
2024-09-09 12:34:00+09:00,1283.0,1283.0,1282.0,1282.0,4100,0.0,0.0
2024-09-09 12:35:00+09:00,1283.0,1283.0,1283.0,1283.0,1300,0.0,0.0
2024-09-09 12:36:00+09:00,1283.0,1284.0,1283.0,1284.0,6200,0.0,0.0
2024-09-09 12:37:00+09:00,1281.0,1281.0,1281.0,1281.0,7200,0.0,0.0
2024-09-09 12:38:00+09:00,1280.0,1280.0,1278.0,1279.0,2500,0.0,0.0
2024-09-09 12:39:00+09:00,1278.0,1278.0,1278.0,1278.0,700,0.0,0.0
2024-09-09 12:41:00+09:00,1277.0,1277.0,1277.0,1277.0,5400,0.0,0.0
2024-09-09 12:42:00+09:00,1277.0,1280.0,1277.0,1278.0,26300,0.0,0.0
2024-09-09 12:43:00+09:00,1279.0,1279.0,1274.0,1276.0,10900,0.0,0.0
2024-09-09 12:44:00+09:00,1276.0,1276.0,1274.0,1274.0,5300,0.0,0.0
2024-09-09 12:45:00+09:00,1274.0,1276.0,1273.0,1276.0,5500,0.0,0.0
2024-09-09 12:46:00+09:00,1276.0,1277.0,1276.0,1276.0,2700,0.0,0.0
2024-09-09 12:47:00+09:00,1276.0,1276.0,1276.0,1276.0,200,0.0,0.0
2024-09-09 12:48:00+09:00,1276.0,1276.0,1275.0,1275.0,5400,0.0,0.0
2024-09-09 12:49:00+09:00,1274.0,1274.0,1273.0,1273.0,700,0.0,0.0
2024-09-09 12:50:00+09:00,1273.0,1273.0,1271.0,1271.0,13700,0.0,0.0
2024-09-09 12:51:00+09:00,1270.0,1271.0,1269.0,1271.0,7300,0.0,0.0
2024-09-09 12:52:00+09:00,1272.0,1274.0,1272.0,1274.0,4100,0.0,0.0
2024-09-09 12:53:00+09:00,1274.0,1274.0,1274.0,1274.0,2000,0.0,0.0
2024-09-09 12:54:00+09:00,1273.0,1275.0,1273.0,1275.0,2300,0.0,0.0
2024-09-09 12:55:00+09:00,1274.0,1274.0,1274.0,1274.0,5100,0.0,0.0
2024-09-09 12:57:00+09:00,1274.0,1274.0,1274.0,1274.0,5100,0.0,0.0
2024-09-09 12:58:00+09:00,1275.0,1275.0,1275.0,1275.0,1900,0.0,0.0
2024-09-09 12:59:00+09:00,1275.0,1275.0,1275.0,1275.0,1500,0.0,0.0
2024-09-09 13:00:00+09:00,1275.0,1275.0,1275.0,1275.0,700,0.0,0.0
2024-09-09 13:01:00+09:00,1274.0,1274.0,1269.0,1270.0,7200,0.0,0.0
2024-09-09 13:02:00+09:00,1269.0,1269.0,1269.0,1269.0,200,0.0,0.0
2024-09-09 13:03:00+09:00,1270.0,1270.0,1269.0,1269.0,3400,0.0,0.0
2024-09-09 13:04:00+09:00,1268.0,1268.0,1267.0,1267.0,3800,0.0,0.0
2024-09-09 13:05:00+09:00,1266.0,1266.0,1264.0,1266.0,8800,0.0,0.0
2024-09-09 13:06:00+09:00,1267.0,1269.0,1267.0,1269.0,5000,0.0,0.0
2024-09-09 13:07:00+09:00,1269.0,1269.0,1269.0,1269.0,900,0.0,0.0
2024-09-09 13:08:00+09:00,1268.0,1269.0,1268.0,1269.0,1800,0.0,0.0
2024-09-09 13:09:00+09:00,1269.0,1270.0,1269.0,1270.0,1900,0.0,0.0
2024-09-09 13:10:00+09:00,1271.0,1273.0,1271.0,1273.0,4600,0.0,0.0
2024-09-09 13:11:00+09:00,1273.0,1273.0,1273.0,1273.0,900,0.0,0.0
2024-09-09 13:12:00+09:00,1274.0,1274.0,1274.0,1274.0,800,0.0,0.0
2024-09-09 13:13:00+09:00,1275.0,1277.0,1275.0,1276.0,4400,0.0,0.0
2024-09-09 13:14:00+09:00,1276.0,1276.0,1275.0,1276.0,16100,0.0,0.0
2024-09-09 13:15:00+09:00,1276.0,1276.0,1275.0,1275.0,1100,0.0,0.0
2024-09-09 13:16:00+09:00,1274.0,1274.0,1273.0,1273.0,1400,0.0,0.0
2024-09-09 13:17:00+09:00,1273.0,1273.0,1272.0,1272.0,200,0.0,0.0
2024-09-09 13:18:00+09:00,1272.0,1272.0,1272.0,1272.0,100,0.0,0.0
2024-09-09 13:19:00+09:00,1272.0,1272.0,1269.0,1270.0,8600,0.0,0.0
2024-09-09 13:20:00+09:00,1271.0,1272.0,1270.0,1272.0,3100,0.0,0.0
2024-09-09 13:21:00+09:00,1273.0,1277.0,1273.0,1277.0,7000,0.0,0.0
2024-09-09 13:22:00+09:00,1276.0,1276.0,1275.0,1275.0,2000,0.0,0.0
2024-09-09 13:23:00+09:00,1274.0,1274.0,1271.0,1271.0,2600,0.0,0.0
2024-09-09 13:24:00+09:00,1272.0,1272.0,1272.0,1272.0,1200,0.0,0.0
2024-09-09 13:25:00+09:00,1272.0,1272.0,1272.0,1272.0,1000,0.0,0.0
2024-09-09 13:26:00+09:00,1272.0,1275.0,1272.0,1275.0,6900,0.0,0.0
2024-09-09 13:27:00+09:00,1275.0,1276.0,1274.0,1274.0,2000,0.0,0.0
2024-09-09 13:28:00+09:00,1274.0,1275.0,1274.0,1275.0,1100,0.0,0.0
2024-09-09 13:29:00+09:00,1275.0,1275.0,1273.0,1273.0,2800,0.0,0.0
2024-09-09 13:30:00+09:00,1274.0,1274.0,1273.0,1273.0,1700,0.0,0.0
2024-09-09 13:31:00+09:00,1272.0,1272.0,1272.0,1272.0,100,0.0,0.0
2024-09-09 13:32:00+09:00,1273.0,1273.0,1273.0,1273.0,2000,0.0,0.0
2024-09-09 13:33:00+09:00,1273.0,1274.0,1273.0,1274.0,2300,0.0,0.0
2024-09-09 13:34:00+09:00,1273.0,1275.0,1273.0,1275.0,1700,0.0,0.0
2024-09-09 13:35:00+09:00,1275.0,1275.0,1273.0,1274.0,6000,0.0,0.0
2024-09-09 13:36:00+09:00,1273.0,1274.0,1273.0,1274.0,2500,0.0,0.0
2024-09-09 13:37:00+09:00,1274.0,1274.0,1274.0,1274.0,1000,0.0,0.0
2024-09-09 13:38:00+09:00,1273.0,1274.0,1273.0,1274.0,2000,0.0,0.0
2024-09-09 13:39:00+09:00,1275.0,1276.0,1275.0,1275.0,10500,0.0,0.0
2024-09-09 13:40:00+09:00,1276.0,1276.0,1276.0,1276.0,300,0.0,0.0
2024-09-09 13:41:00+09:00,1276.0,1276.0,1276.0,1276.0,0,0.0,0.0
2024-09-09 13:42:00+09:00,1276.0,1276.0,1276.0,1276.0,1248200,0.0,0.0
2024-09-09 13:43:00+09:00,1276.0,1276.0,1276.0,1276.0,100,0.0,0.0
2024-09-09 13:44:00+09:00,1276.0,1277.0,1276.0,1277.0,3700,0.0,0.0
2024-09-09 13:45:00+09:00,1277.0,1279.0,1277.0,1279.0,3700,0.0,0.0
2024-09-09 13:46:00+09:00,1279.0,1280.0,1279.0,1280.0,700,0.0,0.0
2024-09-09 13:47:00+09:00,1280.0,1281.0,1280.0,1281.0,7700,0.0,0.0
2024-09-09 13:48:00+09:00,1282.0,1282.0,1281.0,1281.0,2200,0.0,0.0
2024-09-09 13:49:00+09:00,1281.0,1282.0,1281.0,1281.0,1000,0.0,0.0
2024-09-09 13:50:00+09:00,1282.0,1282.0,1282.0,1282.0,500,0.0,0.0
2024-09-09 13:51:00+09:00,1281.0,1283.0,1281.0,1283.0,7300,0.0,0.0
2024-09-09 13:52:00+09:00,1284.0,1284.0,1284.0,1284.0,6500,0.0,0.0
2024-09-09 13:53:00+09:00,1284.0,1284.0,1280.0,1280.0,16600,0.0,0.0
2024-09-09 13:54:00+09:00,1279.0,1279.0,1278.0,1278.0,2800,0.0,0.0
2024-09-09 13:55:00+09:00,1277.0,1277.0,1276.0,1276.0,1900,0.0,0.0
2024-09-09 13:57:00+09:00,1276.0,1276.0,1276.0,1276.0,400,0.0,0.0
2024-09-09 13:58:00+09:00,1276.0,1277.0,1276.0,1277.0,3200,0.0,0.0
2024-09-09 13:59:00+09:00,1277.0,1277.0,1277.0,1277.0,400,0.0,0.0
2024-09-09 14:00:00+09:00,1278.0,1278.0,1277.0,1278.0,2200,0.0,0.0
2024-09-09 14:01:00+09:00,1278.0,1279.0,1278.0,1279.0,1800,0.0,0.0
2024-09-09 14:02:00+09:00,1279.0,1279.0,1277.0,1277.0,10600,0.0,0.0
2024-09-09 14:03:00+09:00,1277.0,1277.0,1276.0,1276.0,1400,0.0,0.0
2024-09-09 14:04:00+09:00,1275.0,1276.0,1275.0,1276.0,4800,0.0,0.0
2024-09-09 14:05:00+09:00,1276.0,1278.0,1276.0,1278.0,1400,0.0,0.0
2024-09-09 14:06:00+09:00,1277.0,1277.0,1277.0,1277.0,1600,0.0,0.0
2024-09-09 14:07:00+09:00,1277.0,1277.0,1277.0,1277.0,100,0.0,0.0
2024-09-09 14:08:00+09:00,1277.0,1278.0,1277.0,1278.0,1200,0.0,0.0
2024-09-09 14:09:00+09:00,1278.0,1278.0,1278.0,1278.0,12300,0.0,0.0
2024-09-09 14:10:00+09:00,1279.0,1280.0,1279.0,1280.0,1900,0.0,0.0
2024-09-09 14:11:00+09:00,1280.0,1281.0,1280.0,1281.0,5700,0.0,0.0
2024-09-09 14:12:00+09:00,1281.0,1282.0,1281.0,1281.0,1200,0.0,0.0
2024-09-09 14:13:00+09:00,1281.0,1281.0,1281.0,1281.0,400,0.0,0.0
2024-09-09 14:14:00+09:00,1282.0,1282.0,1281.0,1281.0,1300,0.0,0.0
2024-09-09 14:15:00+09:00,1282.0,1283.0,1282.0,1283.0,1400,0.0,0.0
2024-09-09 14:16:00+09:00,1282.0,1282.0,1280.0,1280.0,2100,0.0,0.0
2024-09-09 14:17:00+09:00,1281.0,1281.0,1281.0,1281.0,1100,0.0,0.0
2024-09-09 14:18:00+09:00,1281.0,1281.0,1281.0,1281.0,700,0.0,0.0
2024-09-09 14:19:00+09:00,1281.0,1281.0,1281.0,1281.0,700,0.0,0.0
2024-09-09 14:20:00+09:00,1281.0,1281.0,1280.0,1280.0,4700,0.0,0.0
2024-09-09 14:21:00+09:00,1280.0,1280.0,1278.0,1279.0,3800,0.0,0.0
2024-09-09 14:22:00+09:00,1278.0,1278.0,1276.0,1276.0,3800,0.0,0.0
2024-09-09 14:23:00+09:00,1276.0,1276.0,1276.0,1276.0,700,0.0,0.0
2024-09-09 14:24:00+09:00,1276.0,1278.0,1276.0,1278.0,6600,0.0,0.0
2024-09-09 14:25:00+09:00,1278.0,1278.0,1278.0,1278.0,2000,0.0,0.0
2024-09-09 14:26:00+09:00,1278.0,1279.0,1278.0,1279.0,3800,0.0,0.0
2024-09-09 14:27:00+09:00,1279.0,1279.0,1279.0,1279.0,2100,0.0,0.0
2024-09-09 14:28:00+09:00,1278.0,1279.0,1278.0,1279.0,700,0.0,0.0
2024-09-09 14:29:00+09:00,1278.0,1279.0,1278.0,1279.0,6800,0.0,0.0
2024-09-09 14:30:00+09:00,1279.0,1279.0,1278.0,1279.0,1300,0.0,0.0
2024-09-09 14:31:00+09:00,1279.0,1280.0,1279.0,1280.0,3900,0.0,0.0
2024-09-09 14:32:00+09:00,1280.0,1281.0,1280.0,1281.0,200,0.0,0.0
2024-09-09 14:33:00+09:00,1281.0,1281.0,1280.0,1280.0,2400,0.0,0.0
2024-09-09 14:34:00+09:00,1280.0,1280.0,1280.0,1280.0,200,0.0,0.0
2024-09-09 14:35:00+09:00,1281.0,1281.0,1280.0,1280.0,8500,0.0,0.0
2024-09-09 14:36:00+09:00,1281.0,1281.0,1280.0,1281.0,4300,0.0,0.0
2024-09-09 14:37:00+09:00,1281.0,1281.0,1280.0,1280.0,3200,0.0,0.0
2024-09-09 14:38:00+09:00,1281.0,1281.0,1281.0,1281.0,1300,0.0,0.0
2024-09-09 14:39:00+09:00,1281.0,1281.0,1281.0,1281.0,1300,0.0,0.0
2024-09-09 14:40:00+09:00,1282.0,1284.0,1282.0,1284.0,9400,0.0,0.0
2024-09-09 14:41:00+09:00,1284.0,1285.0,1284.0,1284.0,4300,0.0,0.0
2024-09-09 14:42:00+09:00,1284.0,1284.0,1284.0,1284.0,3000,0.0,0.0
2024-09-09 14:43:00+09:00,1284.0,1284.0,1283.0,1284.0,8900,0.0,0.0
2024-09-09 14:44:00+09:00,1284.0,1284.0,1280.0,1280.0,5400,0.0,0.0
2024-09-09 14:45:00+09:00,1281.0,1282.0,1280.0,1281.0,8300,0.0,0.0
2024-09-09 14:46:00+09:00,1281.0,1281.0,1281.0,1281.0,1500,0.0,0.0
2024-09-09 14:47:00+09:00,1280.0,1280.0,1280.0,1280.0,5000,0.0,0.0
2024-09-09 14:48:00+09:00,1280.0,1281.0,1280.0,1281.0,5100,0.0,0.0
2024-09-09 14:49:00+09:00,1281.0,1281.0,1281.0,1281.0,600,0.0,0.0
2024-09-09 14:50:00+09:00,1281.0,1281.0,1281.0,1281.0,3000,0.0,0.0
2024-09-09 14:51:00+09:00,1282.0,1283.0,1282.0,1282.0,17000,0.0,0.0
2024-09-09 14:52:00+09:00,1282.0,1282.0,1281.0,1281.0,7500,0.0,0.0
2024-09-09 14:54:00+09:00,1282.0,1282.0,1282.0,1282.0,4100,0.0,0.0
2024-09-09 14:55:00+09:00,1282.0,1284.0,1282.0,1282.0,9000,0.0,0.0
2024-09-09 14:56:00+09:00,1283.0,1284.0,1283.0,1283.0,6000,0.0,0.0
2024-09-09 14:57:00+09:00,1284.0,1284.0,1283.0,1283.0,13000,0.0,0.0
2024-09-09 14:58:00+09:00,1283.0,1285.0,1283.0,1283.0,6400,0.0,0.0
2024-09-09 14:59:00+09:00,1283.0,1285.0,1283.0,1284.0,5900,0.0,0.0
2024-09-10 09:00:00+09:00,1295.0,1307.0,1290.0,1304.0,97600,0.0,0.0
2024-09-10 09:01:00+09:00,1306.0,1312.0,1303.0,1310.0,27400,0.0,0.0
2024-09-10 09:02:00+09:00,1309.0,1312.0,1307.0,1307.0,10100,0.0,0.0
2024-09-10 09:03:00+09:00,1308.0,1313.0,1308.0,1311.0,9500,0.0,0.0
2024-09-10 09:04:00+09:00,1311.0,1311.0,1305.0,1308.0,16000,0.0,0.0
2024-09-10 09:05:00+09:00,1307.0,1307.0,1304.0,1307.0,5400,0.0,0.0
2024-09-10 09:06:00+09:00,1305.0,1305.0,1304.0,1304.0,4200,0.0,0.0
2024-09-10 09:07:00+09:00,1304.0,1304.0,1302.0,1304.0,6300,0.0,0.0
2024-09-10 09:08:00+09:00,1303.0,1304.0,1303.0,1304.0,5800,0.0,0.0
2024-09-10 09:09:00+09:00,1305.0,1308.0,1305.0,1308.0,7200,0.0,0.0
2024-09-10 09:10:00+09:00,1309.0,1311.0,1308.0,1308.0,8700,0.0,0.0
2024-09-10 09:11:00+09:00,1310.0,1311.0,1308.0,1308.0,3900,0.0,0.0
2024-09-10 09:12:00+09:00,1308.0,1314.0,1308.0,1312.0,8900,0.0,0.0
2024-09-10 09:13:00+09:00,1312.0,1315.0,1312.0,1315.0,7000,0.0,0.0
2024-09-10 09:14:00+09:00,1314.0,1315.0,1312.0,1314.0,12900,0.0,0.0
2024-09-10 09:15:00+09:00,1313.0,1313.0,1310.0,1310.0,3700,0.0,0.0
2024-09-10 09:16:00+09:00,1309.0,1309.0,1307.0,1307.0,6600,0.0,0.0
2024-09-10 09:17:00+09:00,1307.0,1312.0,1307.0,1311.0,7200,0.0,0.0
2024-09-10 09:18:00+09:00,1312.0,1312.0,1311.0,1311.0,3500,0.0,0.0
2024-09-10 09:19:00+09:00,1311.0,1312.0,1311.0,1311.0,2300,0.0,0.0
2024-09-10 09:20:00+09:00,1312.0,1312.0,1311.0,1311.0,4200,0.0,0.0
2024-09-10 09:21:00+09:00,1311.0,1313.0,1311.0,1312.0,8300,0.0,0.0
2024-09-10 09:22:00+09:00,1311.0,1311.0,1310.0,1311.0,3300,0.0,0.0
2024-09-10 09:23:00+09:00,1311.0,1312.0,1311.0,1312.0,1800,0.0,0.0
2024-09-10 09:24:00+09:00,1313.0,1322.0,1313.0,1319.0,101300,0.0,0.0
2024-09-10 09:25:00+09:00,1321.0,1321.0,1320.0,1320.0,6800,0.0,0.0
2024-09-10 09:26:00+09:00,1319.0,1319.0,1317.0,1319.0,3600,0.0,0.0
2024-09-10 09:27:00+09:00,1319.0,1319.0,1317.0,1318.0,3100,0.0,0.0
2024-09-10 09:28:00+09:00,1318.0,1324.0,1318.0,1322.0,34200,0.0,0.0
2024-09-10 09:29:00+09:00,1322.0,1323.0,1321.0,1322.0,14200,0.0,0.0
2024-09-10 09:30:00+09:00,1321.0,1321.0,1317.0,1318.0,9200,0.0,0.0
2024-09-10 09:31:00+09:00,1318.0,1321.0,1318.0,1321.0,6600,0.0,0.0
2024-09-10 09:32:00+09:00,1321.0,1322.0,1321.0,1321.0,5000,0.0,0.0
2024-09-10 09:33:00+09:00,1320.0,1321.0,1319.0,1321.0,3200,0.0,0.0
2024-09-10 09:34:00+09:00,1320.0,1323.0,1320.0,1323.0,7000,0.0,0.0
2024-09-10 09:35:00+09:00,1321.0,1321.0,1320.0,1320.0,2500,0.0,0.0
2024-09-10 09:36:00+09:00,1320.0,1321.0,1320.0,1321.0,1400,0.0,0.0
2024-09-10 09:37:00+09:00,1320.0,1321.0,1320.0,1320.0,8600,0.0,0.0
2024-09-10 09:38:00+09:00,1320.0,1320.0,1317.0,1317.0,4600,0.0,0.0
2024-09-10 09:39:00+09:00,1318.0,1319.0,1318.0,1319.0,2200,0.0,0.0
2024-09-10 09:40:00+09:00,1319.0,1323.0,1319.0,1323.0,6400,0.0,0.0
2024-09-10 09:41:00+09:00,1324.0,1325.0,1324.0,1325.0,13200,0.0,0.0
2024-09-10 09:42:00+09:00,1325.0,1326.0,1324.0,1326.0,12200,0.0,0.0
2024-09-10 09:43:00+09:00,1326.0,1326.0,1326.0,1326.0,5400,0.0,0.0
2024-09-10 09:44:00+09:00,1326.0,1326.0,1322.0,1324.0,22300,0.0,0.0
2024-09-10 09:45:00+09:00,1323.0,1335.0,1323.0,1335.0,99800,0.0,0.0
2024-09-10 09:46:00+09:00,1334.0,1335.0,1332.0,1332.0,9600,0.0,0.0
2024-09-10 09:47:00+09:00,1332.0,1332.0,1326.0,1327.0,16100,0.0,0.0
2024-09-10 09:48:00+09:00,1328.0,1331.0,1328.0,1329.0,12200,0.0,0.0
2024-09-10 09:49:00+09:00,1329.0,1329.0,1327.0,1327.0,2600,0.0,0.0
2024-09-10 09:50:00+09:00,1328.0,1329.0,1328.0,1329.0,2400,0.0,0.0
2024-09-10 09:51:00+09:00,1328.0,1328.0,1326.0,1327.0,3700,0.0,0.0
2024-09-10 09:52:00+09:00,1326.0,1329.0,1325.0,1329.0,7200,0.0,0.0
2024-09-10 09:53:00+09:00,1328.0,1329.0,1328.0,1328.0,1600,0.0,0.0
2024-09-10 09:54:00+09:00,1327.0,1328.0,1327.0,1328.0,4100,0.0,0.0
2024-09-10 09:55:00+09:00,1328.0,1328.0,1325.0,1325.0,5000,0.0,0.0
2024-09-10 09:56:00+09:00,1325.0,1326.0,1324.0,1326.0,4400,0.0,0.0
2024-09-10 09:57:00+09:00,1327.0,1327.0,1326.0,1326.0,1700,0.0,0.0
2024-09-10 09:58:00+09:00,1329.0,1329.0,1327.0,1327.0,22800,0.0,0.0
2024-09-10 09:59:00+09:00,1327.0,1327.0,1327.0,1327.0,2200,0.0,0.0
2024-09-10 10:00:00+09:00,1327.0,1327.0,1326.0,1326.0,3100,0.0,0.0
2024-09-10 10:01:00+09:00,1325.0,1325.0,1322.0,1322.0,5100,0.0,0.0
2024-09-10 10:02:00+09:00,1321.0,1325.0,1320.0,1325.0,9400,0.0,0.0
2024-09-10 10:03:00+09:00,1325.0,1325.0,1325.0,1325.0,1100,0.0,0.0
2024-09-10 10:04:00+09:00,1325.0,1325.0,1325.0,1325.0,3800,0.0,0.0
2024-09-10 10:05:00+09:00,1324.0,1324.0,1324.0,1324.0,2300,0.0,0.0
2024-09-10 10:06:00+09:00,1325.0,1327.0,1324.0,1326.0,10400,0.0,0.0
2024-09-10 10:07:00+09:00,1327.0,1328.0,1327.0,1328.0,7600,0.0,0.0
2024-09-10 10:08:00+09:00,1328.0,1329.0,1328.0,1329.0,1000,0.0,0.0
2024-09-10 10:09:00+09:00,1329.0,1329.0,1326.0,1326.0,6600,0.0,0.0
2024-09-10 10:10:00+09:00,1326.0,1326.0,1325.0,1325.0,5100,0.0,0.0
2024-09-10 10:11:00+09:00,1325.0,1325.0,1324.0,1324.0,600,0.0,0.0
2024-09-10 10:12:00+09:00,1325.0,1325.0,1324.0,1324.0,2000,0.0,0.0
2024-09-10 10:13:00+09:00,1324.0,1324.0,1324.0,1324.0,2600,0.0,0.0
2024-09-10 10:14:00+09:00,1324.0,1326.0,1322.0,1322.0,14500,0.0,0.0
2024-09-10 10:15:00+09:00,1322.0,1322.0,1322.0,1322.0,1500,0.0,0.0
2024-09-10 10:16:00+09:00,1321.0,1321.0,1321.0,1321.0,1200,0.0,0.0
2024-09-10 10:17:00+09:00,1321.0,1323.0,1321.0,1323.0,5800,0.0,0.0
2024-09-10 10:18:00+09:00,1323.0,1323.0,1323.0,1323.0,200,0.0,0.0
2024-09-10 10:19:00+09:00,1323.0,1325.0,1323.0,1325.0,7300,0.0,0.0
2024-09-10 10:20:00+09:00,1325.0,1326.0,1325.0,1326.0,900,0.0,0.0
2024-09-10 10:21:00+09:00,1325.0,1325.0,1324.0,1325.0,2500,0.0,0.0
2024-09-10 10:22:00+09:00,1325.0,1327.0,1325.0,1327.0,3000,0.0,0.0
2024-09-10 10:23:00+09:00,1328.0,1329.0,1328.0,1328.0,4500,0.0,0.0
2024-09-10 10:24:00+09:00,1327.0,1327.0,1327.0,1327.0,200,0.0,0.0
2024-09-10 10:25:00+09:00,1328.0,1329.0,1328.0,1329.0,7600,0.0,0.0
2024-09-10 10:26:00+09:00,1329.0,1329.0,1329.0,1329.0,2700,0.0,0.0
2024-09-10 10:27:00+09:00,1329.0,1329.0,1329.0,1329.0,400,0.0,0.0
2024-09-10 10:28:00+09:00,1328.0,1329.0,1328.0,1328.0,4600,0.0,0.0
2024-09-10 10:29:00+09:00,1328.0,1329.0,1328.0,1328.0,5000,0.0,0.0
2024-09-10 10:30:00+09:00,1328.0,1328.0,1328.0,1328.0,1800,0.0,0.0
2024-09-10 10:31:00+09:00,1328.0,1330.0,1327.0,1327.0,15300,0.0,0.0
2024-09-10 10:32:00+09:00,1328.0,1328.0,1328.0,1328.0,1100,0.0,0.0
2024-09-10 10:33:00+09:00,1328.0,1328.0,1328.0,1328.0,1400,0.0,0.0
2024-09-10 10:34:00+09:00,1328.0,1329.0,1328.0,1329.0,4000,0.0,0.0
2024-09-10 10:35:00+09:00,1329.0,1329.0,1329.0,1329.0,1900,0.0,0.0
2024-09-10 10:36:00+09:00,1329.0,1329.0,1329.0,1329.0,2900,0.0,0.0
2024-09-10 10:37:00+09:00,1329.0,1329.0,1328.0,1328.0,300,0.0,0.0
2024-09-10 10:38:00+09:00,1329.0,1329.0,1328.0,1328.0,1400,0.0,0.0
2024-09-10 10:39:00+09:00,1328.0,1328.0,1328.0,1328.0,200,0.0,0.0
2024-09-10 10:40:00+09:00,1329.0,1330.0,1327.0,1327.0,32000,0.0,0.0
2024-09-10 10:41:00+09:00,1327.0,1328.0,1327.0,1328.0,1700,0.0,0.0
2024-09-10 10:42:00+09:00,1328.0,1328.0,1328.0,1328.0,1600,0.0,0.0
2024-09-10 10:43:00+09:00,1328.0,1328.0,1324.0,1325.0,10300,0.0,0.0
2024-09-10 10:45:00+09:00,1325.0,1328.0,1325.0,1328.0,5100,0.0,0.0
2024-09-10 10:46:00+09:00,1328.0,1328.0,1328.0,1328.0,200,0.0,0.0
2024-09-10 10:47:00+09:00,1328.0,1328.0,1324.0,1324.0,6400,0.0,0.0
2024-09-10 10:48:00+09:00,1323.0,1324.0,1323.0,1324.0,5800,0.0,0.0
2024-09-10 10:49:00+09:00,1323.0,1324.0,1323.0,1324.0,200,0.0,0.0
2024-09-10 10:50:00+09:00,1323.0,1324.0,1323.0,1324.0,1800,0.0,0.0
2024-09-10 10:51:00+09:00,1325.0,1325.0,1324.0,1324.0,1000,0.0,0.0
2024-09-10 10:52:00+09:00,1324.0,1324.0,1324.0,1324.0,8100,0.0,0.0
2024-09-10 10:53:00+09:00,1325.0,1325.0,1325.0,1325.0,1800,0.0,0.0
2024-09-10 10:54:00+09:00,1326.0,1326.0,1325.0,1325.0,900,0.0,0.0
2024-09-10 10:55:00+09:00,1325.0,1325.0,1325.0,1325.0,1100,0.0,0.0
2024-09-10 10:56:00+09:00,1325.0,1326.0,1325.0,1325.0,3900,0.0,0.0
2024-09-10 10:57:00+09:00,1325.0,1325.0,1324.0,1325.0,800,0.0,0.0
2024-09-10 10:59:00+09:00,1326.0,1327.0,1326.0,1327.0,1000,0.0,0.0
2024-09-10 11:00:00+09:00,1327.0,1327.0,1324.0,1324.0,3000,0.0,0.0
2024-09-10 11:01:00+09:00,1324.0,1324.0,1324.0,1324.0,2000,0.0,0.0
2024-09-10 11:02:00+09:00,1323.0,1324.0,1322.0,1324.0,4700,0.0,0.0
2024-09-10 11:03:00+09:00,1324.0,1324.0,1323.0,1323.0,1300,0.0,0.0
2024-09-10 11:04:00+09:00,1322.0,1322.0,1322.0,1322.0,2400,0.0,0.0
2024-09-10 11:05:00+09:00,1322.0,1322.0,1319.0,1319.0,8700,0.0,0.0
2024-09-10 11:06:00+09:00,1319.0,1320.0,1319.0,1320.0,1500,0.0,0.0
2024-09-10 11:07:00+09:00,1321.0,1321.0,1321.0,1321.0,1000,0.0,0.0
2024-09-10 11:08:00+09:00,1322.0,1322.0,1321.0,1321.0,600,0.0,0.0
2024-09-10 11:10:00+09:00,1322.0,1322.0,1322.0,1322.0,2100,0.0,0.0
2024-09-10 11:11:00+09:00,1323.0,1323.0,1323.0,1323.0,100,0.0,0.0
2024-09-10 11:12:00+09:00,1323.0,1323.0,1322.0,1322.0,300,0.0,0.0
2024-09-10 11:13:00+09:00,1322.0,1325.0,1320.0,1321.0,14300,0.0,0.0
2024-09-10 11:14:00+09:00,1320.0,1321.0,1320.0,1321.0,1600,0.0,0.0
2024-09-10 11:15:00+09:00,1321.0,1321.0,1321.0,1321.0,600,0.0,0.0
2024-09-10 11:16:00+09:00,1321.0,1322.0,1321.0,1322.0,2000,0.0,0.0
2024-09-10 11:17:00+09:00,1323.0,1323.0,1323.0,1323.0,100,0.0,0.0
2024-09-10 11:18:00+09:00,1323.0,1323.0,1323.0,1323.0,3500,0.0,0.0
2024-09-10 11:19:00+09:00,1323.0,1323.0,1323.0,1323.0,200,0.0,0.0
2024-09-10 11:20:00+09:00,1323.0,1324.0,1323.0,1323.0,2600,0.0,0.0
2024-09-10 11:21:00+09:00,1323.0,1323.0,1323.0,1323.0,200,0.0,0.0
2024-09-10 11:22:00+09:00,1323.0,1323.0,1323.0,1323.0,300,0.0,0.0
2024-09-10 11:23:00+09:00,1324.0,1324.0,1323.0,1323.0,300,0.0,0.0
2024-09-10 11:24:00+09:00,1323.0,1323.0,1322.0,1322.0,1500,0.0,0.0
2024-09-10 11:25:00+09:00,1322.0,1328.0,1322.0,1328.0,18600,0.0,0.0
2024-09-10 11:26:00+09:00,1328.0,1329.0,1327.0,1327.0,20600,0.0,0.0
2024-09-10 11:27:00+09:00,1328.0,1329.0,1328.0,1329.0,2600,0.0,0.0
2024-09-10 11:28:00+09:00,1329.0,1340.0,1329.0,1338.0,53200,0.0,0.0
2024-09-10 11:29:00+09:00,1338.0,1339.0,1335.0,1338.0,17700,0.0,0.0
2024-09-10 11:30:00+09:00,1336.0,1336.0,1336.0,1336.0,2500,0.0,0.0
2024-09-10 11:35:00+09:00,1336.0,1336.0,1336.0,1336.0,0,0.0,0.0
2024-09-10 12:30:00+09:00,1336.0,1336.0,1329.0,1332.0,1200200,0.0,0.0
2024-09-10 12:31:00+09:00,1332.0,1333.0,1332.0,1333.0,3100,0.0,0.0
2024-09-10 12:32:00+09:00,1333.0,1334.0,1329.0,1329.0,10800,0.0,0.0
2024-09-10 12:33:00+09:00,1329.0,1329.0,1327.0,1327.0,3700,0.0,0.0
2024-09-10 12:34:00+09:00,1327.0,1328.0,1327.0,1328.0,4900,0.0,0.0
2024-09-10 12:35:00+09:00,1328.0,1328.0,1328.0,1328.0,2300,0.0,0.0
2024-09-10 12:36:00+09:00,1329.0,1330.0,1328.0,1328.0,8700,0.0,0.0
2024-09-10 12:37:00+09:00,1327.0,1327.0,1323.0,1325.0,17000,0.0,0.0
2024-09-10 12:38:00+09:00,1324.0,1324.0,1323.0,1324.0,2300,0.0,0.0
2024-09-10 12:39:00+09:00,1323.0,1324.0,1323.0,1323.0,3800,0.0,0.0
2024-09-10 12:40:00+09:00,1324.0,1326.0,1324.0,1324.0,7000,0.0,0.0
2024-09-10 12:41:00+09:00,1324.0,1324.0,1322.0,1322.0,7000,0.0,0.0
2024-09-10 12:42:00+09:00,1322.0,1322.0,1321.0,1322.0,2200,0.0,0.0
2024-09-10 12:43:00+09:00,1321.0,1322.0,1321.0,1321.0,3800,0.0,0.0
2024-09-10 12:44:00+09:00,1321.0,1322.0,1321.0,1321.0,4300,0.0,0.0
2024-09-10 12:45:00+09:00,1321.0,1324.0,1321.0,1324.0,7100,0.0,0.0
2024-09-10 12:46:00+09:00,1324.0,1326.0,1324.0,1326.0,4900,0.0,0.0
2024-09-10 12:47:00+09:00,1326.0,1327.0,1325.0,1327.0,10900,0.0,0.0
2024-09-10 12:48:00+09:00,1328.0,1328.0,1325.0,1326.0,5400,0.0,0.0
2024-09-10 12:49:00+09:00,1327.0,1327.0,1326.0,1326.0,4500,0.0,0.0
2024-09-10 12:50:00+09:00,1326.0,1326.0,1326.0,1326.0,1200,0.0,0.0
2024-09-10 12:51:00+09:00,1327.0,1327.0,1325.0,1326.0,2100,0.0,0.0
2024-09-10 12:52:00+09:00,1327.0,1327.0,1327.0,1327.0,2300,0.0,0.0
2024-09-10 12:53:00+09:00,1327.0,1327.0,1325.0,1327.0,4700,0.0,0.0
2024-09-10 12:54:00+09:00,1328.0,1329.0,1325.0,1325.0,11600,0.0,0.0
2024-09-10 12:55:00+09:00,1326.0,1328.0,1326.0,1327.0,3700,0.0,0.0
2024-09-10 12:56:00+09:00,1327.0,1327.0,1326.0,1327.0,2100,0.0,0.0
2024-09-10 12:57:00+09:00,1325.0,1326.0,1325.0,1325.0,1700,0.0,0.0
2024-09-10 12:58:00+09:00,1326.0,1327.0,1326.0,1327.0,2900,0.0,0.0
2024-09-10 12:59:00+09:00,1327.0,1327.0,1327.0,1327.0,500,0.0,0.0
2024-09-10 13:00:00+09:00,1327.0,1327.0,1327.0,1327.0,400,0.0,0.0
2024-09-10 13:01:00+09:00,1328.0,1329.0,1328.0,1329.0,6300,0.0,0.0
2024-09-10 13:02:00+09:00,1329.0,1329.0,1328.0,1328.0,1000,0.0,0.0
2024-09-10 13:03:00+09:00,1328.0,1330.0,1328.0,1329.0,6800,0.0,0.0
2024-09-10 13:04:00+09:00,1328.0,1328.0,1327.0,1328.0,3800,0.0,0.0
2024-09-10 13:05:00+09:00,1327.0,1328.0,1327.0,1327.0,5300,0.0,0.0
2024-09-10 13:06:00+09:00,1327.0,1327.0,1314.0,1317.0,50100,0.0,0.0
2024-09-10 13:07:00+09:00,1317.0,1317.0,1313.0,1316.0,16000,0.0,0.0
2024-09-10 13:08:00+09:00,1316.0,1317.0,1316.0,1316.0,4800,0.0,0.0
2024-09-10 13:09:00+09:00,1317.0,1317.0,1315.0,1316.0,2400,0.0,0.0
2024-09-10 13:10:00+09:00,1316.0,1317.0,1316.0,1317.0,8900,0.0,0.0
2024-09-10 13:11:00+09:00,1316.0,1317.0,1316.0,1317.0,2600,0.0,0.0
2024-09-10 13:12:00+09:00,1316.0,1316.0,1313.0,1313.0,9900,0.0,0.0
2024-09-10 13:13:00+09:00,1314.0,1316.0,1314.0,1316.0,8700,0.0,0.0
2024-09-10 13:14:00+09:00,1315.0,1315.0,1312.0,1314.0,15300,0.0,0.0
2024-09-10 13:15:00+09:00,1314.0,1315.0,1313.0,1314.0,9300,0.0,0.0
2024-09-10 13:16:00+09:00,1314.0,1314.0,1313.0,1313.0,3600,0.0,0.0
2024-09-10 13:17:00+09:00,1313.0,1313.0,1312.0,1312.0,2300,0.0,0.0
2024-09-10 13:18:00+09:00,1312.0,1312.0,1311.0,1311.0,1700,0.0,0.0
2024-09-10 13:19:00+09:00,1311.0,1311.0,1310.0,1311.0,6600,0.0,0.0
2024-09-10 13:20:00+09:00,1311.0,1313.0,1311.0,1311.0,16100,0.0,0.0
2024-09-10 13:21:00+09:00,1311.0,1312.0,1311.0,1312.0,2200,0.0,0.0
2024-09-10 13:22:00+09:00,1313.0,1313.0,1313.0,1313.0,4000,0.0,0.0
2024-09-10 13:23:00+09:00,1313.0,1313.0,1313.0,1313.0,6300,0.0,0.0
2024-09-10 13:24:00+09:00,1313.0,1314.0,1313.0,1314.0,1900,0.0,0.0
2024-09-10 13:25:00+09:00,1314.0,1314.0,1313.0,1314.0,2100,0.0,0.0
2024-09-10 13:26:00+09:00,1314.0,1314.0,1314.0,1314.0,900,0.0,0.0
2024-09-10 13:27:00+09:00,1314.0,1315.0,1314.0,1315.0,500,0.0,0.0
2024-09-10 13:28:00+09:00,1315.0,1315.0,1313.0,1313.0,12000,0.0,0.0
2024-09-10 13:29:00+09:00,1313.0,1314.0,1313.0,1313.0,7000,0.0,0.0
2024-09-10 13:30:00+09:00,1313.0,1313.0,1312.0,1312.0,2500,0.0,0.0
2024-09-10 13:31:00+09:00,1312.0,1313.0,1312.0,1312.0,5600,0.0,0.0
2024-09-10 13:32:00+09:00,1312.0,1312.0,1303.0,1307.0,77100,0.0,0.0
2024-09-10 13:33:00+09:00,1306.0,1309.0,1304.0,1307.0,15500,0.0,0.0
2024-09-10 13:34:00+09:00,1308.0,1308.0,1308.0,1308.0,400,0.0,0.0
2024-09-10 13:35:00+09:00,1308.0,1311.0,1308.0,1309.0,11600,0.0,0.0
2024-09-10 13:36:00+09:00,1308.0,1308.0,1307.0,1307.0,4400,0.0,0.0
2024-09-10 13:37:00+09:00,1307.0,1307.0,1307.0,1307.0,100,0.0,0.0
2024-09-10 13:38:00+09:00,1308.0,1309.0,1308.0,1309.0,2100,0.0,0.0
2024-09-10 13:39:00+09:00,1309.0,1309.0,1305.0,1307.0,12300,0.0,0.0
2024-09-10 13:40:00+09:00,1307.0,1308.0,1307.0,1308.0,1300,0.0,0.0
2024-09-10 13:41:00+09:00,1308.0,1310.0,1308.0,1308.0,9500,0.0,0.0
2024-09-10 13:42:00+09:00,1309.0,1309.0,1309.0,1309.0,2700,0.0,0.0
2024-09-10 13:43:00+09:00,1309.0,1309.0,1308.0,1308.0,5300,0.0,0.0
2024-09-10 13:44:00+09:00,1308.0,1309.0,1308.0,1309.0,1200,0.0,0.0
2024-09-10 13:45:00+09:00,1308.0,1309.0,1307.0,1308.0,4000,0.0,0.0
2024-09-10 13:46:00+09:00,1309.0,1309.0,1308.0,1309.0,400,0.0,0.0
2024-09-10 13:47:00+09:00,1309.0,1309.0,1308.0,1309.0,400,0.0,0.0
2024-09-10 13:48:00+09:00,1309.0,1309.0,1309.0,1309.0,800,0.0,0.0
2024-09-10 13:49:00+09:00,1309.0,1310.0,1308.0,1308.0,13600,0.0,0.0
2024-09-10 13:50:00+09:00,1308.0,1308.0,1307.0,1308.0,1000,0.0,0.0
2024-09-10 13:51:00+09:00,1308.0,1310.0,1308.0,1310.0,4500,0.0,0.0
2024-09-10 13:52:00+09:00,1311.0,1311.0,1310.0,1310.0,5100,0.0,0.0
2024-09-10 13:53:00+09:00,1310.0,1310.0,1310.0,1310.0,300,0.0,0.0
2024-09-10 13:54:00+09:00,1310.0,1310.0,1309.0,1309.0,4100,0.0,0.0
2024-09-10 13:55:00+09:00,1308.0,1308.0,1308.0,1308.0,200,0.0,0.0
2024-09-10 13:56:00+09:00,1308.0,1308.0,1308.0,1308.0,4800,0.0,0.0
2024-09-10 13:57:00+09:00,1308.0,1308.0,1307.0,1308.0,3900,0.0,0.0
2024-09-10 13:58:00+09:00,1308.0,1308.0,1308.0,1308.0,200,0.0,0.0
2024-09-10 13:59:00+09:00,1308.0,1308.0,1307.0,1308.0,900,0.0,0.0
2024-09-10 14:00:00+09:00,1308.0,1308.0,1307.0,1308.0,1900,0.0,0.0
2024-09-10 14:01:00+09:00,1308.0,1309.0,1308.0,1309.0,5500,0.0,0.0
2024-09-10 14:02:00+09:00,1309.0,1310.0,1309.0,1310.0,5200,0.0,0.0
2024-09-10 14:03:00+09:00,1310.0,1312.0,1310.0,1312.0,2800,0.0,0.0
2024-09-10 14:04:00+09:00,1312.0,1312.0,1312.0,1312.0,500,0.0,0.0
2024-09-10 14:05:00+09:00,1313.0,1314.0,1313.0,1314.0,3900,0.0,0.0
2024-09-10 14:06:00+09:00,1314.0,1314.0,1314.0,1314.0,1200,0.0,0.0
2024-09-10 14:07:00+09:00,1315.0,1315.0,1314.0,1315.0,3100,0.0,0.0
2024-09-10 14:08:00+09:00,1315.0,1316.0,1315.0,1315.0,3800,0.0,0.0
2024-09-10 14:09:00+09:00,1315.0,1315.0,1312.0,1313.0,9400,0.0,0.0
2024-09-10 14:10:00+09:00,1313.0,1314.0,1313.0,1314.0,1400,0.0,0.0
2024-09-10 14:11:00+09:00,1315.0,1315.0,1315.0,1315.0,500,0.0,0.0
2024-09-10 14:12:00+09:00,1315.0,1315.0,1314.0,1314.0,500,0.0,0.0
2024-09-10 14:13:00+09:00,1315.0,1315.0,1314.0,1314.0,1000,0.0,0.0
2024-09-10 14:14:00+09:00,1314.0,1314.0,1314.0,1314.0,5900,0.0,0.0
2024-09-10 14:15:00+09:00,1314.0,1314.0,1314.0,1314.0,2100,0.0,0.0
2024-09-10 14:16:00+09:00,1314.0,1314.0,1314.0,1314.0,2000,0.0,0.0
2024-09-10 14:17:00+09:00,1315.0,1316.0,1314.0,1315.0,6000,0.0,0.0
2024-09-10 14:19:00+09:00,1315.0,1315.0,1315.0,1315.0,800,0.0,0.0
2024-09-10 14:20:00+09:00,1314.0,1314.0,1314.0,1314.0,5200,0.0,0.0
2024-09-10 14:21:00+09:00,1314.0,1314.0,1314.0,1314.0,500,0.0,0.0
2024-09-10 14:22:00+09:00,1314.0,1315.0,1314.0,1315.0,5600,0.0,0.0
2024-09-10 14:23:00+09:00,1314.0,1314.0,1314.0,1314.0,4200,0.0,0.0
2024-09-10 14:24:00+09:00,1314.0,1314.0,1314.0,1314.0,200,0.0,0.0
2024-09-10 14:25:00+09:00,1313.0,1313.0,1313.0,1313.0,5600,0.0,0.0
2024-09-10 14:26:00+09:00,1313.0,1313.0,1311.0,1311.0,8300,0.0,0.0
2024-09-10 14:28:00+09:00,1313.0,1314.0,1313.0,1314.0,2800,0.0,0.0
2024-09-10 14:29:00+09:00,1314.0,1314.0,1314.0,1314.0,500,0.0,0.0
2024-09-10 14:30:00+09:00,1314.0,1315.0,1314.0,1315.0,1900,0.0,0.0
2024-09-10 14:31:00+09:00,1314.0,1314.0,1314.0,1314.0,3600,0.0,0.0
2024-09-10 14:32:00+09:00,1314.0,1314.0,1313.0,1314.0,8000,0.0,0.0
2024-09-10 14:33:00+09:00,1313.0,1314.0,1313.0,1313.0,2000,0.0,0.0
2024-09-10 14:34:00+09:00,1313.0,1313.0,1312.0,1312.0,900,0.0,0.0
2024-09-10 14:35:00+09:00,1313.0,1314.0,1312.0,1314.0,5600,0.0,0.0
2024-09-10 14:36:00+09:00,1315.0,1315.0,1315.0,1315.0,400,0.0,0.0
2024-09-10 14:37:00+09:00,1315.0,1315.0,1314.0,1314.0,4300,0.0,0.0
2024-09-10 14:38:00+09:00,1314.0,1314.0,1311.0,1311.0,8900,0.0,0.0
2024-09-10 14:39:00+09:00,1311.0,1312.0,1310.0,1312.0,5900,0.0,0.0
2024-09-10 14:40:00+09:00,1312.0,1312.0,1311.0,1312.0,1900,0.0,0.0
2024-09-10 14:41:00+09:00,1312.0,1313.0,1312.0,1313.0,5200,0.0,0.0
2024-09-10 14:42:00+09:00,1313.0,1314.0,1312.0,1314.0,4500,0.0,0.0
2024-09-10 14:43:00+09:00,1313.0,1313.0,1312.0,1313.0,1800,0.0,0.0
2024-09-10 14:44:00+09:00,1313.0,1314.0,1313.0,1314.0,1500,0.0,0.0
2024-09-10 14:45:00+09:00,1313.0,1313.0,1312.0,1312.0,5000,0.0,0.0
2024-09-10 14:46:00+09:00,1312.0,1312.0,1309.0,1310.0,21200,0.0,0.0
2024-09-10 14:47:00+09:00,1309.0,1309.0,1309.0,1309.0,3500,0.0,0.0
2024-09-10 14:48:00+09:00,1309.0,1309.0,1308.0,1309.0,16600,0.0,0.0
2024-09-10 14:49:00+09:00,1308.0,1308.0,1308.0,1308.0,800,0.0,0.0
2024-09-10 14:50:00+09:00,1307.0,1308.0,1306.0,1308.0,6600,0.0,0.0
2024-09-10 14:51:00+09:00,1308.0,1308.0,1307.0,1307.0,11000,0.0,0.0
2024-09-10 14:52:00+09:00,1306.0,1307.0,1305.0,1306.0,3200,0.0,0.0
2024-09-10 14:53:00+09:00,1305.0,1306.0,1305.0,1306.0,1800,0.0,0.0
2024-09-10 14:54:00+09:00,1306.0,1308.0,1306.0,1307.0,11500,0.0,0.0
2024-09-10 14:55:00+09:00,1307.0,1308.0,1306.0,1306.0,16200,0.0,0.0
2024-09-10 14:56:00+09:00,1305.0,1306.0,1304.0,1306.0,6800,0.0,0.0
2024-09-10 14:57:00+09:00,1306.0,1307.0,1304.0,1305.0,6600,0.0,0.0
2024-09-10 14:58:00+09:00,1305.0,1306.0,1304.0,1305.0,7800,0.0,0.0
2024-09-10 14:59:00+09:00,1305.0,1310.0,1305.0,1310.0,41500,0.0,0.0
2024-09-11 09:00:00+09:00,1314.0,1320.0,1310.0,1319.0,56700,0.0,0.0
2024-09-11 09:01:00+09:00,1316.0,1319.0,1312.0,1317.0,9500,0.0,0.0
2024-09-11 09:02:00+09:00,1318.0,1320.0,1314.0,1314.0,7300,0.0,0.0
2024-09-11 09:03:00+09:00,1313.0,1317.0,1313.0,1316.0,6700,0.0,0.0
2024-09-11 09:04:00+09:00,1315.0,1315.0,1311.0,1311.0,13000,0.0,0.0
2024-09-11 09:05:00+09:00,1311.0,1311.0,1308.0,1308.0,13900,0.0,0.0
2024-09-11 09:06:00+09:00,1307.0,1308.0,1303.0,1304.0,7600,0.0,0.0
2024-09-11 09:07:00+09:00,1303.0,1306.0,1302.0,1303.0,8500,0.0,0.0
2024-09-11 09:08:00+09:00,1303.0,1306.0,1303.0,1306.0,3300,0.0,0.0
2024-09-11 09:09:00+09:00,1307.0,1309.0,1307.0,1308.0,5700,0.0,0.0
2024-09-11 09:10:00+09:00,1308.0,1311.0,1308.0,1309.0,8500,0.0,0.0
2024-09-11 09:11:00+09:00,1309.0,1310.0,1308.0,1309.0,2900,0.0,0.0
2024-09-11 09:12:00+09:00,1309.0,1309.0,1307.0,1307.0,7700,0.0,0.0
2024-09-11 09:13:00+09:00,1306.0,1308.0,1305.0,1307.0,10600,0.0,0.0
2024-09-11 09:14:00+09:00,1307.0,1308.0,1307.0,1308.0,4500,0.0,0.0
2024-09-11 09:15:00+09:00,1308.0,1308.0,1307.0,1307.0,3300,0.0,0.0
2024-09-11 09:16:00+09:00,1307.0,1308.0,1307.0,1308.0,3100,0.0,0.0
2024-09-11 09:17:00+09:00,1308.0,1309.0,1308.0,1309.0,5700,0.0,0.0
2024-09-11 09:18:00+09:00,1309.0,1310.0,1309.0,1310.0,1800,0.0,0.0
2024-09-11 09:19:00+09:00,1310.0,1310.0,1309.0,1309.0,600,0.0,0.0
2024-09-11 09:20:00+09:00,1310.0,1310.0,1310.0,1310.0,5200,0.0,0.0
2024-09-11 09:21:00+09:00,1311.0,1311.0,1309.0,1310.0,6000,0.0,0.0
2024-09-11 09:22:00+09:00,1310.0,1311.0,1310.0,1310.0,1900,0.0,0.0
2024-09-11 09:23:00+09:00,1309.0,1309.0,1306.0,1306.0,12300,0.0,0.0
2024-09-11 09:24:00+09:00,1305.0,1307.0,1305.0,1307.0,2500,0.0,0.0
2024-09-11 09:25:00+09:00,1307.0,1308.0,1307.0,1308.0,6800,0.0,0.0
2024-09-11 09:26:00+09:00,1307.0,1307.0,1307.0,1307.0,600,0.0,0.0
2024-09-11 09:27:00+09:00,1306.0,1306.0,1305.0,1305.0,6500,0.0,0.0
2024-09-11 09:28:00+09:00,1304.0,1305.0,1304.0,1305.0,900,0.0,0.0
2024-09-11 09:29:00+09:00,1305.0,1307.0,1305.0,1307.0,2100,0.0,0.0
2024-09-11 09:30:00+09:00,1306.0,1307.0,1305.0,1307.0,3000,0.0,0.0
2024-09-11 09:31:00+09:00,1307.0,1307.0,1306.0,1307.0,2900,0.0,0.0
2024-09-11 09:32:00+09:00,1307.0,1308.0,1307.0,1308.0,5700,0.0,0.0
2024-09-11 09:33:00+09:00,1308.0,1308.0,1306.0,1306.0,3200,0.0,0.0
2024-09-11 09:34:00+09:00,1305.0,1305.0,1304.0,1305.0,1500,0.0,0.0
2024-09-11 09:35:00+09:00,1305.0,1305.0,1305.0,1305.0,1700,0.0,0.0
2024-09-11 09:36:00+09:00,1305.0,1305.0,1303.0,1303.0,4800,0.0,0.0
2024-09-11 09:37:00+09:00,1303.0,1303.0,1303.0,1303.0,2700,0.0,0.0
2024-09-11 09:38:00+09:00,1303.0,1304.0,1303.0,1304.0,4000,0.0,0.0
2024-09-11 09:39:00+09:00,1304.0,1304.0,1304.0,1304.0,500,0.0,0.0
2024-09-11 09:40:00+09:00,1304.0,1304.0,1304.0,1304.0,2700,0.0,0.0
2024-09-11 09:41:00+09:00,1304.0,1304.0,1304.0,1304.0,600,0.0,0.0
2024-09-11 09:42:00+09:00,1305.0,1307.0,1305.0,1306.0,12500,0.0,0.0
2024-09-11 09:44:00+09:00,1305.0,1305.0,1305.0,1305.0,2300,0.0,0.0
2024-09-11 09:45:00+09:00,1305.0,1305.0,1304.0,1304.0,5500,0.0,0.0
2024-09-11 09:46:00+09:00,1305.0,1305.0,1305.0,1305.0,1900,0.0,0.0
2024-09-11 09:47:00+09:00,1305.0,1305.0,1305.0,1305.0,800,0.0,0.0
2024-09-11 09:48:00+09:00,1304.0,1304.0,1302.0,1303.0,6400,0.0,0.0
2024-09-11 09:49:00+09:00,1304.0,1304.0,1304.0,1304.0,3100,0.0,0.0
2024-09-11 09:50:00+09:00,1304.0,1305.0,1303.0,1305.0,2200,0.0,0.0
2024-09-11 09:51:00+09:00,1306.0,1306.0,1305.0,1305.0,700,0.0,0.0
2024-09-11 09:52:00+09:00,1306.0,1306.0,1306.0,1306.0,100,0.0,0.0
2024-09-11 09:53:00+09:00,1305.0,1305.0,1304.0,1305.0,3300,0.0,0.0
2024-09-11 09:54:00+09:00,1305.0,1307.0,1304.0,1304.0,16000,0.0,0.0
2024-09-11 09:55:00+09:00,1304.0,1304.0,1303.0,1304.0,800,0.0,0.0
2024-09-11 09:56:00+09:00,1304.0,1304.0,1303.0,1303.0,1400,0.0,0.0
2024-09-11 09:57:00+09:00,1304.0,1304.0,1304.0,1304.0,300,0.0,0.0
2024-09-11 09:58:00+09:00,1304.0,1304.0,1304.0,1304.0,500,0.0,0.0
2024-09-11 09:59:00+09:00,1303.0,1303.0,1303.0,1303.0,1700,0.0,0.0
2024-09-11 10:00:00+09:00,1302.0,1302.0,1301.0,1301.0,5900,0.0,0.0
2024-09-11 10:01:00+09:00,1302.0,1302.0,1298.0,1301.0,18700,0.0,0.0
2024-09-11 10:02:00+09:00,1301.0,1302.0,1301.0,1302.0,3800,0.0,0.0
2024-09-11 10:03:00+09:00,1303.0,1304.0,1303.0,1304.0,5000,0.0,0.0
2024-09-11 10:04:00+09:00,1304.0,1304.0,1302.0,1302.0,3600,0.0,0.0
2024-09-11 10:05:00+09:00,1303.0,1303.0,1303.0,1303.0,1200,0.0,0.0
2024-09-11 10:06:00+09:00,1304.0,1305.0,1304.0,1305.0,900,0.0,0.0
2024-09-11 10:07:00+09:00,1305.0,1307.0,1305.0,1306.0,7700,0.0,0.0
2024-09-11 10:08:00+09:00,1305.0,1305.0,1304.0,1304.0,2700,0.0,0.0
2024-09-11 10:09:00+09:00,1303.0,1303.0,1301.0,1301.0,3400,0.0,0.0
2024-09-11 10:10:00+09:00,1301.0,1301.0,1301.0,1301.0,700,0.0,0.0
2024-09-11 10:11:00+09:00,1301.0,1301.0,1301.0,1301.0,300,0.0,0.0
2024-09-11 10:12:00+09:00,1301.0,1301.0,1301.0,1301.0,300,0.0,0.0
2024-09-11 10:14:00+09:00,1301.0,1301.0,1300.0,1300.0,900,0.0,0.0
2024-09-11 10:15:00+09:00,1301.0,1301.0,1300.0,1300.0,600,0.0,0.0
2024-09-11 10:16:00+09:00,1301.0,1301.0,1299.0,1299.0,4600,0.0,0.0
2024-09-11 10:17:00+09:00,1299.0,1299.0,1299.0,1299.0,200,0.0,0.0
2024-09-11 10:18:00+09:00,1298.0,1298.0,1298.0,1298.0,200,0.0,0.0
2024-09-11 10:19:00+09:00,1299.0,1300.0,1299.0,1300.0,5000,0.0,0.0
2024-09-11 10:21:00+09:00,1300.0,1300.0,1299.0,1300.0,1600,0.0,0.0
2024-09-11 10:22:00+09:00,1299.0,1299.0,1299.0,1299.0,300,0.0,0.0
2024-09-11 10:24:00+09:00,1299.0,1300.0,1299.0,1300.0,2200,0.0,0.0
2024-09-11 10:25:00+09:00,1300.0,1300.0,1295.0,1295.0,11100,0.0,0.0
2024-09-11 10:26:00+09:00,1295.0,1295.0,1293.0,1293.0,4400,0.0,0.0
2024-09-11 10:27:00+09:00,1293.0,1294.0,1293.0,1293.0,2100,0.0,0.0
2024-09-11 10:28:00+09:00,1293.0,1294.0,1291.0,1293.0,5400,0.0,0.0
2024-09-11 10:29:00+09:00,1291.0,1293.0,1291.0,1293.0,3600,0.0,0.0
2024-09-11 10:30:00+09:00,1294.0,1296.0,1294.0,1296.0,4200,0.0,0.0
2024-09-11 10:31:00+09:00,1295.0,1296.0,1294.0,1296.0,5700,0.0,0.0
2024-09-11 10:32:00+09:00,1296.0,1296.0,1295.0,1295.0,800,0.0,0.0
2024-09-11 10:33:00+09:00,1295.0,1295.0,1293.0,1293.0,3600,0.0,0.0
2024-09-11 10:34:00+09:00,1292.0,1292.0,1289.0,1290.0,20500,0.0,0.0
2024-09-11 10:35:00+09:00,1290.0,1290.0,1287.0,1289.0,8000,0.0,0.0
2024-09-11 10:36:00+09:00,1289.0,1289.0,1288.0,1288.0,2400,0.0,0.0
2024-09-11 10:37:00+09:00,1287.0,1288.0,1285.0,1285.0,10400,0.0,0.0
2024-09-11 10:38:00+09:00,1285.0,1285.0,1284.0,1284.0,2400,0.0,0.0
2024-09-11 10:39:00+09:00,1284.0,1285.0,1284.0,1284.0,3200,0.0,0.0
2024-09-11 10:40:00+09:00,1285.0,1285.0,1285.0,1285.0,1100,0.0,0.0
2024-09-11 10:41:00+09:00,1285.0,1290.0,1285.0,1288.0,12500,0.0,0.0
2024-09-11 10:42:00+09:00,1289.0,1291.0,1289.0,1290.0,4600,0.0,0.0
2024-09-11 10:43:00+09:00,1291.0,1291.0,1291.0,1291.0,1700,0.0,0.0
2024-09-11 10:44:00+09:00,1290.0,1290.0,1290.0,1290.0,4200,0.0,0.0
2024-09-11 10:45:00+09:00,1291.0,1292.0,1291.0,1291.0,2900,0.0,0.0
2024-09-11 10:46:00+09:00,1291.0,1291.0,1290.0,1290.0,4800,0.0,0.0
2024-09-11 10:47:00+09:00,1291.0,1291.0,1291.0,1291.0,600,0.0,0.0
2024-09-11 10:48:00+09:00,1291.0,1291.0,1291.0,1291.0,200,0.0,0.0
2024-09-11 10:49:00+09:00,1291.0,1293.0,1291.0,1293.0,5500,0.0,0.0
2024-09-11 10:50:00+09:00,1292.0,1292.0,1292.0,1292.0,2900,0.0,0.0
2024-09-11 10:51:00+09:00,1292.0,1293.0,1292.0,1293.0,2800,0.0,0.0
2024-09-11 10:53:00+09:00,1292.0,1292.0,1290.0,1292.0,7500,0.0,0.0
2024-09-11 10:54:00+09:00,1292.0,1293.0,1292.0,1293.0,5900,0.0,0.0
2024-09-11 10:55:00+09:00,1293.0,1294.0,1293.0,1293.0,2800,0.0,0.0
2024-09-11 10:57:00+09:00,1294.0,1295.0,1294.0,1295.0,2100,0.0,0.0
2024-09-11 10:59:00+09:00,1295.0,1295.0,1294.0,1295.0,1600,0.0,0.0
2024-09-11 11:00:00+09:00,1295.0,1296.0,1294.0,1294.0,4200,0.0,0.0
2024-09-11 11:01:00+09:00,1295.0,1295.0,1293.0,1293.0,3500,0.0,0.0
2024-09-11 11:02:00+09:00,1293.0,1293.0,1292.0,1292.0,5200,0.0,0.0
2024-09-11 11:03:00+09:00,1293.0,1294.0,1293.0,1294.0,800,0.0,0.0
2024-09-11 11:04:00+09:00,1295.0,1295.0,1295.0,1295.0,500,0.0,0.0
2024-09-11 11:06:00+09:00,1296.0,1297.0,1296.0,1297.0,2000,0.0,0.0
2024-09-11 11:07:00+09:00,1297.0,1297.0,1297.0,1297.0,1700,0.0,0.0
2024-09-11 11:08:00+09:00,1296.0,1296.0,1296.0,1296.0,2700,0.0,0.0
2024-09-11 11:10:00+09:00,1296.0,1296.0,1296.0,1296.0,900,0.0,0.0
2024-09-11 11:11:00+09:00,1296.0,1296.0,1292.0,1292.0,2600,0.0,0.0
2024-09-11 11:12:00+09:00,1292.0,1292.0,1292.0,1292.0,100,0.0,0.0
2024-09-11 11:13:00+09:00,1292.0,1292.0,1292.0,1292.0,300,0.0,0.0
2024-09-11 11:14:00+09:00,1293.0,1293.0,1292.0,1293.0,1100,0.0,0.0
2024-09-11 11:15:00+09:00,1293.0,1295.0,1292.0,1294.0,19500,0.0,0.0
2024-09-11 11:17:00+09:00,1293.0,1293.0,1292.0,1293.0,1800,0.0,0.0
2024-09-11 11:18:00+09:00,1293.0,1293.0,1293.0,1293.0,700,0.0,0.0
2024-09-11 11:19:00+09:00,1293.0,1294.0,1293.0,1294.0,2500,0.0,0.0
2024-09-11 11:20:00+09:00,1293.0,1295.0,1293.0,1295.0,900,0.0,0.0
2024-09-11 11:21:00+09:00,1295.0,1295.0,1295.0,1295.0,500,0.0,0.0
2024-09-11 11:22:00+09:00,1295.0,1295.0,1295.0,1295.0,200,0.0,0.0
2024-09-11 11:23:00+09:00,1296.0,1297.0,1296.0,1296.0,4000,0.0,0.0
2024-09-11 11:24:00+09:00,1297.0,1297.0,1297.0,1297.0,1000,0.0,0.0
2024-09-11 11:25:00+09:00,1297.0,1298.0,1297.0,1298.0,2200,0.0,0.0
2024-09-11 11:26:00+09:00,1298.0,1298.0,1298.0,1298.0,100,0.0,0.0
2024-09-11 11:27:00+09:00,1298.0,1298.0,1297.0,1297.0,1400,0.0,0.0
2024-09-11 11:28:00+09:00,1297.0,1297.0,1297.0,1297.0,1600,0.0,0.0
2024-09-11 11:29:00+09:00,1297.0,1297.0,1296.0,1296.0,1400,0.0,0.0
2024-09-11 11:30:00+09:00,1297.0,1297.0,1297.0,1297.0,300,0.0,0.0
2024-09-11 11:35:00+09:00,1297.0,1297.0,1297.0,1297.0,0,0.0,0.0
2024-09-11 12:30:00+09:00,1296.0,1302.0,1295.0,1300.0,627900,0.0,0.0
2024-09-11 12:31:00+09:00,1300.0,1300.0,1298.0,1298.0,6800,0.0,0.0
2024-09-11 12:32:00+09:00,1299.0,1299.0,1297.0,1297.0,2900,0.0,0.0
2024-09-11 12:33:00+09:00,1297.0,1297.0,1293.0,1293.0,9000,0.0,0.0
2024-09-11 12:34:00+09:00,1293.0,1293.0,1292.0,1292.0,3200,0.0,0.0
2024-09-11 12:35:00+09:00,1293.0,1293.0,1292.0,1293.0,1400,0.0,0.0
2024-09-11 12:36:00+09:00,1292.0,1292.0,1291.0,1292.0,1300,0.0,0.0
2024-09-11 12:37:00+09:00,1292.0,1292.0,1292.0,1292.0,700,0.0,0.0
2024-09-11 12:38:00+09:00,1291.0,1292.0,1291.0,1292.0,2900,0.0,0.0
2024-09-11 12:39:00+09:00,1292.0,1292.0,1291.0,1291.0,1300,0.0,0.0
2024-09-11 12:40:00+09:00,1290.0,1291.0,1290.0,1291.0,6200,0.0,0.0
2024-09-11 12:41:00+09:00,1290.0,1291.0,1288.0,1288.0,8200,0.0,0.0
2024-09-11 12:42:00+09:00,1289.0,1289.0,1289.0,1289.0,1700,0.0,0.0
2024-09-11 12:43:00+09:00,1289.0,1290.0,1288.0,1289.0,2800,0.0,0.0
2024-09-11 12:44:00+09:00,1289.0,1290.0,1289.0,1289.0,1700,0.0,0.0
2024-09-11 12:45:00+09:00,1289.0,1291.0,1289.0,1290.0,4800,0.0,0.0
2024-09-11 12:46:00+09:00,1290.0,1290.0,1290.0,1290.0,500,0.0,0.0
2024-09-11 12:47:00+09:00,1290.0,1292.0,1290.0,1291.0,2800,0.0,0.0
2024-09-11 12:48:00+09:00,1291.0,1292.0,1291.0,1292.0,600,0.0,0.0
2024-09-11 12:50:00+09:00,1292.0,1293.0,1291.0,1291.0,3400,0.0,0.0
2024-09-11 12:51:00+09:00,1292.0,1292.0,1292.0,1292.0,700,0.0,0.0
2024-09-11 12:52:00+09:00,1292.0,1292.0,1292.0,1292.0,600,0.0,0.0
2024-09-11 12:53:00+09:00,1293.0,1293.0,1293.0,1293.0,600,0.0,0.0
2024-09-11 12:54:00+09:00,1293.0,1293.0,1293.0,1293.0,1100,0.0,0.0
2024-09-11 12:55:00+09:00,1293.0,1294.0,1293.0,1294.0,900,0.0,0.0
2024-09-11 12:56:00+09:00,1293.0,1293.0,1292.0,1292.0,3700,0.0,0.0
2024-09-11 12:57:00+09:00,1292.0,1292.0,1290.0,1290.0,1500,0.0,0.0
2024-09-11 12:58:00+09:00,1290.0,1290.0,1289.0,1289.0,1400,0.0,0.0
2024-09-11 12:59:00+09:00,1288.0,1288.0,1288.0,1288.0,1900,0.0,0.0
2024-09-11 13:00:00+09:00,1288.0,1288.0,1288.0,1288.0,2600,0.0,0.0
2024-09-11 13:01:00+09:00,1288.0,1288.0,1287.0,1288.0,800,0.0,0.0
2024-09-11 13:02:00+09:00,1287.0,1287.0,1287.0,1287.0,3000,0.0,0.0
2024-09-11 13:03:00+09:00,1287.0,1289.0,1287.0,1288.0,6500,0.0,0.0
2024-09-11 13:04:00+09:00,1288.0,1288.0,1288.0,1288.0,2900,0.0,0.0
2024-09-11 13:05:00+09:00,1288.0,1289.0,1288.0,1289.0,1700,0.0,0.0
2024-09-11 13:06:00+09:00,1288.0,1288.0,1285.0,1285.0,8700,0.0,0.0
2024-09-11 13:07:00+09:00,1285.0,1285.0,1285.0,1285.0,100,0.0,0.0
2024-09-11 13:08:00+09:00,1285.0,1285.0,1284.0,1284.0,3100,0.0,0.0
2024-09-11 13:09:00+09:00,1284.0,1284.0,1281.0,1281.0,9200,0.0,0.0
2024-09-11 13:10:00+09:00,1281.0,1282.0,1280.0,1281.0,8200,0.0,0.0
2024-09-11 13:11:00+09:00,1281.0,1281.0,1281.0,1281.0,3300,0.0,0.0
2024-09-11 13:12:00+09:00,1281.0,1281.0,1281.0,1281.0,100,0.0,0.0
2024-09-11 13:13:00+09:00,1281.0,1281.0,1281.0,1281.0,1700,0.0,0.0
2024-09-11 13:14:00+09:00,1281.0,1284.0,1281.0,1283.0,4900,0.0,0.0
2024-09-11 13:15:00+09:00,1284.0,1285.0,1284.0,1284.0,3200,0.0,0.0
2024-09-11 13:16:00+09:00,1285.0,1285.0,1285.0,1285.0,1200,0.0,0.0
2024-09-11 13:17:00+09:00,1285.0,1285.0,1285.0,1285.0,1400,0.0,0.0
2024-09-11 13:18:00+09:00,1284.0,1284.0,1283.0,1284.0,3300,0.0,0.0
2024-09-11 13:19:00+09:00,1285.0,1285.0,1285.0,1285.0,1400,0.0,0.0
2024-09-11 13:20:00+09:00,1285.0,1285.0,1284.0,1284.0,1200,0.0,0.0
2024-09-11 13:21:00+09:00,1284.0,1284.0,1282.0,1282.0,2200,0.0,0.0
2024-09-11 13:22:00+09:00,1282.0,1283.0,1280.0,1280.0,2300,0.0,0.0
2024-09-11 13:23:00+09:00,1281.0,1282.0,1281.0,1281.0,1700,0.0,0.0
2024-09-11 13:24:00+09:00,1282.0,1283.0,1281.0,1283.0,2300,0.0,0.0
2024-09-11 13:25:00+09:00,1283.0,1285.0,1283.0,1284.0,1600,0.0,0.0
2024-09-11 13:26:00+09:00,1284.0,1286.0,1284.0,1286.0,2800,0.0,0.0
2024-09-11 13:27:00+09:00,1285.0,1285.0,1285.0,1285.0,100,0.0,0.0
2024-09-11 13:28:00+09:00,1286.0,1287.0,1285.0,1285.0,7300,0.0,0.0
2024-09-11 13:29:00+09:00,1285.0,1286.0,1285.0,1285.0,4400,0.0,0.0
2024-09-11 13:30:00+09:00,1285.0,1285.0,1284.0,1285.0,3100,0.0,0.0
2024-09-11 13:31:00+09:00,1285.0,1285.0,1285.0,1285.0,1200,0.0,0.0
2024-09-11 13:32:00+09:00,1285.0,1285.0,1285.0,1285.0,600,0.0,0.0
2024-09-11 13:33:00+09:00,1285.0,1285.0,1284.0,1285.0,5500,0.0,0.0
2024-09-11 13:34:00+09:00,1286.0,1286.0,1285.0,1285.0,2000,0.0,0.0
2024-09-11 13:35:00+09:00,1285.0,1285.0,1284.0,1284.0,1700,0.0,0.0
2024-09-11 13:37:00+09:00,1283.0,1283.0,1283.0,1283.0,300,0.0,0.0
2024-09-11 13:38:00+09:00,1283.0,1283.0,1283.0,1283.0,300,0.0,0.0
2024-09-11 13:39:00+09:00,1283.0,1284.0,1282.0,1284.0,4400,0.0,0.0
2024-09-11 13:41:00+09:00,1284.0,1284.0,1284.0,1284.0,1900,0.0,0.0
2024-09-11 13:42:00+09:00,1287.0,1287.0,1286.0,1286.0,3500,0.0,0.0
2024-09-11 13:43:00+09:00,1286.0,1286.0,1285.0,1285.0,1100,0.0,0.0
2024-09-11 13:44:00+09:00,1286.0,1286.0,1286.0,1286.0,1800,0.0,0.0
2024-09-11 13:45:00+09:00,1286.0,1286.0,1285.0,1286.0,5900,0.0,0.0
2024-09-11 13:46:00+09:00,1285.0,1285.0,1285.0,1285.0,1400,0.0,0.0
2024-09-11 13:47:00+09:00,1284.0,1284.0,1284.0,1284.0,300,0.0,0.0
2024-09-11 13:48:00+09:00,1284.0,1284.0,1283.0,1283.0,3500,0.0,0.0
2024-09-11 13:49:00+09:00,1284.0,1284.0,1284.0,1284.0,600,0.0,0.0
2024-09-11 13:50:00+09:00,1284.0,1284.0,1284.0,1284.0,100,0.0,0.0
2024-09-11 13:51:00+09:00,1284.0,1284.0,1283.0,1283.0,2200,0.0,0.0
2024-09-11 13:53:00+09:00,1282.0,1284.0,1282.0,1283.0,2600,0.0,0.0
2024-09-11 13:54:00+09:00,1284.0,1284.0,1284.0,1284.0,500,0.0,0.0
2024-09-11 13:55:00+09:00,1284.0,1284.0,1284.0,1284.0,800,0.0,0.0
2024-09-11 13:56:00+09:00,1284.0,1284.0,1284.0,1284.0,600,0.0,0.0
2024-09-11 13:58:00+09:00,1283.0,1283.0,1283.0,1283.0,2300,0.0,0.0
2024-09-11 13:59:00+09:00,1283.0,1285.0,1283.0,1285.0,1000,0.0,0.0
2024-09-11 14:00:00+09:00,1284.0,1285.0,1284.0,1284.0,1900,0.0,0.0
2024-09-11 14:01:00+09:00,1284.0,1284.0,1282.0,1282.0,2000,0.0,0.0
2024-09-11 14:02:00+09:00,1282.0,1282.0,1281.0,1281.0,4500,0.0,0.0
2024-09-11 14:03:00+09:00,1281.0,1281.0,1281.0,1281.0,1000,0.0,0.0
2024-09-11 14:04:00+09:00,1280.0,1282.0,1280.0,1282.0,3900,0.0,0.0
2024-09-11 14:05:00+09:00,1282.0,1282.0,1281.0,1281.0,2200,0.0,0.0
2024-09-11 14:06:00+09:00,1281.0,1283.0,1281.0,1283.0,2600,0.0,0.0
2024-09-11 14:07:00+09:00,1282.0,1282.0,1281.0,1282.0,3200,0.0,0.0
2024-09-11 14:08:00+09:00,1281.0,1281.0,1281.0,1281.0,1600,0.0,0.0
2024-09-11 14:09:00+09:00,1282.0,1282.0,1282.0,1282.0,700,0.0,0.0
2024-09-11 14:10:00+09:00,1282.0,1283.0,1282.0,1283.0,1900,0.0,0.0
2024-09-11 14:11:00+09:00,1283.0,1283.0,1283.0,1283.0,3300,0.0,0.0
2024-09-11 14:12:00+09:00,1283.0,1283.0,1282.0,1282.0,200,0.0,0.0
2024-09-11 14:13:00+09:00,1282.0,1282.0,1282.0,1282.0,100,0.0,0.0
2024-09-11 14:14:00+09:00,1282.0,1282.0,1280.0,1280.0,7400,0.0,0.0
2024-09-11 14:15:00+09:00,1280.0,1281.0,1280.0,1281.0,900,0.0,0.0
2024-09-11 14:16:00+09:00,1280.0,1281.0,1280.0,1281.0,700,0.0,0.0
2024-09-11 14:17:00+09:00,1280.0,1280.0,1279.0,1279.0,15600,0.0,0.0
2024-09-11 14:18:00+09:00,1279.0,1279.0,1278.0,1278.0,2000,0.0,0.0
2024-09-11 14:19:00+09:00,1278.0,1278.0,1277.0,1277.0,2800,0.0,0.0
2024-09-11 14:20:00+09:00,1277.0,1277.0,1277.0,1277.0,300,0.0,0.0
2024-09-11 14:21:00+09:00,1278.0,1278.0,1278.0,1278.0,3100,0.0,0.0
2024-09-11 14:22:00+09:00,1278.0,1278.0,1277.0,1277.0,5600,0.0,0.0
2024-09-11 14:23:00+09:00,1277.0,1277.0,1276.0,1276.0,5100,0.0,0.0
2024-09-11 14:24:00+09:00,1275.0,1275.0,1275.0,1275.0,6900,0.0,0.0
2024-09-11 14:25:00+09:00,1275.0,1275.0,1275.0,1275.0,100,0.0,0.0
2024-09-11 14:26:00+09:00,1275.0,1275.0,1274.0,1274.0,8300,0.0,0.0
2024-09-11 14:27:00+09:00,1275.0,1275.0,1274.0,1274.0,3200,0.0,0.0
2024-09-11 14:28:00+09:00,1273.0,1273.0,1273.0,1273.0,200,0.0,0.0
2024-09-11 14:29:00+09:00,1273.0,1273.0,1272.0,1272.0,5300,0.0,0.0
2024-09-11 14:30:00+09:00,1272.0,1273.0,1272.0,1273.0,3200,0.0,0.0
2024-09-11 14:31:00+09:00,1273.0,1274.0,1273.0,1274.0,3700,0.0,0.0
2024-09-11 14:32:00+09:00,1275.0,1279.0,1275.0,1279.0,6000,0.0,0.0
2024-09-11 14:33:00+09:00,1279.0,1281.0,1279.0,1281.0,4600,0.0,0.0
2024-09-11 14:34:00+09:00,1281.0,1283.0,1279.0,1283.0,3700,0.0,0.0
2024-09-11 14:35:00+09:00,1282.0,1283.0,1280.0,1280.0,3300,0.0,0.0
2024-09-11 14:36:00+09:00,1280.0,1281.0,1280.0,1280.0,3100,0.0,0.0
2024-09-11 14:37:00+09:00,1280.0,1282.0,1280.0,1282.0,4500,0.0,0.0
2024-09-11 14:38:00+09:00,1282.0,1282.0,1281.0,1282.0,1800,0.0,0.0
2024-09-11 14:39:00+09:00,1282.0,1282.0,1279.0,1280.0,9100,0.0,0.0
2024-09-11 14:40:00+09:00,1281.0,1282.0,1280.0,1282.0,2500,0.0,0.0
2024-09-11 14:41:00+09:00,1283.0,1284.0,1282.0,1283.0,4800,0.0,0.0
2024-09-11 14:42:00+09:00,1283.0,1283.0,1281.0,1283.0,3100,0.0,0.0
2024-09-11 14:43:00+09:00,1283.0,1284.0,1281.0,1283.0,5200,0.0,0.0
2024-09-11 14:44:00+09:00,1284.0,1284.0,1281.0,1282.0,7300,0.0,0.0
2024-09-11 14:45:00+09:00,1282.0,1284.0,1282.0,1284.0,4600,0.0,0.0
2024-09-11 14:46:00+09:00,1284.0,1284.0,1284.0,1284.0,1300,0.0,0.0
2024-09-11 14:47:00+09:00,1284.0,1284.0,1283.0,1284.0,3900,0.0,0.0
2024-09-11 14:48:00+09:00,1284.0,1285.0,1284.0,1284.0,3000,0.0,0.0
2024-09-11 14:49:00+09:00,1285.0,1285.0,1284.0,1285.0,7700,0.0,0.0
2024-09-11 14:50:00+09:00,1285.0,1286.0,1284.0,1284.0,9800,0.0,0.0
2024-09-11 14:51:00+09:00,1284.0,1285.0,1282.0,1285.0,5900,0.0,0.0
2024-09-11 14:52:00+09:00,1286.0,1287.0,1286.0,1286.0,5600,0.0,0.0
2024-09-11 14:53:00+09:00,1286.0,1286.0,1284.0,1284.0,6300,0.0,0.0
2024-09-11 14:54:00+09:00,1284.0,1284.0,1283.0,1284.0,2100,0.0,0.0
2024-09-11 14:55:00+09:00,1284.0,1285.0,1284.0,1285.0,6500,0.0,0.0
2024-09-11 14:56:00+09:00,1286.0,1286.0,1285.0,1286.0,5200,0.0,0.0
2024-09-11 14:57:00+09:00,1285.0,1285.0,1283.0,1284.0,10900,0.0,0.0
2024-09-11 14:58:00+09:00,1284.0,1284.0,1282.0,1283.0,8700,0.0,0.0
2024-09-11 14:59:00+09:00,1283.0,1284.0,1279.0,1279.0,21500,0.0,0.0
2024-09-12 09:00:00+09:00,1305.0,1318.0,1305.0,1318.0,55200,0.0,0.0
2024-09-12 09:01:00+09:00,1318.0,1325.0,1316.0,1318.0,44600,0.0,0.0
2024-09-12 09:02:00+09:00,1319.0,1321.0,1318.0,1319.0,5500,0.0,0.0
2024-09-12 09:03:00+09:00,1320.0,1320.0,1316.0,1319.0,12900,0.0,0.0
2024-09-12 09:04:00+09:00,1318.0,1321.0,1318.0,1320.0,14100,0.0,0.0
2024-09-12 09:05:00+09:00,1321.0,1323.0,1321.0,1323.0,5200,0.0,0.0
2024-09-12 09:06:00+09:00,1324.0,1325.0,1322.0,1325.0,11700,0.0,0.0
2024-09-12 09:07:00+09:00,1325.0,1329.0,1325.0,1328.0,11700,0.0,0.0
2024-09-12 09:08:00+09:00,1328.0,1329.0,1323.0,1323.0,4900,0.0,0.0
2024-09-12 09:09:00+09:00,1325.0,1326.0,1325.0,1326.0,1600,0.0,0.0
2024-09-12 09:10:00+09:00,1326.0,1326.0,1323.0,1325.0,4600,0.0,0.0
2024-09-12 09:11:00+09:00,1325.0,1331.0,1324.0,1331.0,32200,0.0,0.0
2024-09-12 09:12:00+09:00,1332.0,1332.0,1328.0,1328.0,5700,0.0,0.0
2024-09-12 09:13:00+09:00,1328.0,1330.0,1328.0,1329.0,1000,0.0,0.0
2024-09-12 09:14:00+09:00,1329.0,1333.0,1329.0,1332.0,14500,0.0,0.0
2024-09-12 09:15:00+09:00,1333.0,1333.0,1331.0,1333.0,3000,0.0,0.0
2024-09-12 09:16:00+09:00,1333.0,1334.0,1333.0,1334.0,6400,0.0,0.0
2024-09-12 09:17:00+09:00,1334.0,1337.0,1331.0,1337.0,21200,0.0,0.0
2024-09-12 09:18:00+09:00,1337.0,1337.0,1336.0,1336.0,1500,0.0,0.0
2024-09-12 09:19:00+09:00,1336.0,1339.0,1336.0,1339.0,32100,0.0,0.0
2024-09-12 09:20:00+09:00,1340.0,1340.0,1337.0,1338.0,7000,0.0,0.0
2024-09-12 09:21:00+09:00,1337.0,1337.0,1337.0,1337.0,900,0.0,0.0
2024-09-12 09:22:00+09:00,1337.0,1338.0,1337.0,1337.0,6600,0.0,0.0
2024-09-12 09:23:00+09:00,1337.0,1337.0,1336.0,1337.0,3400,0.0,0.0
2024-09-12 09:24:00+09:00,1338.0,1339.0,1338.0,1338.0,4400,0.0,0.0
2024-09-12 09:25:00+09:00,1338.0,1339.0,1338.0,1339.0,18400,0.0,0.0
2024-09-12 09:26:00+09:00,1339.0,1342.0,1338.0,1342.0,27600,0.0,0.0
2024-09-12 09:27:00+09:00,1342.0,1342.0,1341.0,1341.0,2700,0.0,0.0
2024-09-12 09:28:00+09:00,1341.0,1341.0,1338.0,1341.0,8300,0.0,0.0
2024-09-12 09:29:00+09:00,1341.0,1342.0,1341.0,1342.0,7100,0.0,0.0
2024-09-12 09:30:00+09:00,1341.0,1341.0,1341.0,1341.0,4900,0.0,0.0
2024-09-12 09:31:00+09:00,1342.0,1342.0,1341.0,1342.0,1400,0.0,0.0
2024-09-12 09:32:00+09:00,1342.0,1344.0,1342.0,1344.0,4100,0.0,0.0
2024-09-12 09:33:00+09:00,1344.0,1344.0,1340.0,1343.0,8100,0.0,0.0
2024-09-12 09:34:00+09:00,1343.0,1344.0,1343.0,1343.0,10900,0.0,0.0
2024-09-12 09:35:00+09:00,1342.0,1342.0,1340.0,1342.0,11000,0.0,0.0
2024-09-12 09:36:00+09:00,1341.0,1341.0,1341.0,1341.0,4000,0.0,0.0
2024-09-12 09:37:00+09:00,1341.0,1341.0,1336.0,1338.0,16800,0.0,0.0
2024-09-12 09:38:00+09:00,1338.0,1339.0,1338.0,1339.0,6200,0.0,0.0
2024-09-12 09:39:00+09:00,1340.0,1341.0,1338.0,1338.0,4800,0.0,0.0
2024-09-12 09:40:00+09:00,1337.0,1337.0,1337.0,1337.0,6800,0.0,0.0
2024-09-12 09:41:00+09:00,1338.0,1338.0,1336.0,1336.0,17800,0.0,0.0
2024-09-12 09:42:00+09:00,1336.0,1336.0,1335.0,1336.0,2900,0.0,0.0
2024-09-12 09:44:00+09:00,1336.0,1336.0,1331.0,1332.0,14500,0.0,0.0
2024-09-12 09:45:00+09:00,1332.0,1334.0,1332.0,1334.0,5200,0.0,0.0
2024-09-12 09:46:00+09:00,1335.0,1336.0,1335.0,1336.0,3200,0.0,0.0
2024-09-12 09:47:00+09:00,1335.0,1335.0,1331.0,1332.0,11200,0.0,0.0
2024-09-12 09:48:00+09:00,1331.0,1332.0,1331.0,1332.0,400,0.0,0.0
2024-09-12 09:49:00+09:00,1331.0,1331.0,1331.0,1331.0,3600,0.0,0.0
2024-09-12 09:50:00+09:00,1331.0,1332.0,1331.0,1332.0,9700,0.0,0.0
2024-09-12 09:51:00+09:00,1332.0,1332.0,1332.0,1332.0,3200,0.0,0.0
2024-09-12 09:52:00+09:00,1331.0,1332.0,1331.0,1332.0,6800,0.0,0.0
2024-09-12 09:53:00+09:00,1332.0,1335.0,1332.0,1332.0,6600,0.0,0.0
2024-09-12 09:54:00+09:00,1332.0,1332.0,1329.0,1329.0,8100,0.0,0.0
2024-09-12 09:55:00+09:00,1329.0,1329.0,1328.0,1328.0,6800,0.0,0.0
2024-09-12 09:56:00+09:00,1327.0,1329.0,1327.0,1328.0,11600,0.0,0.0
2024-09-12 09:57:00+09:00,1328.0,1329.0,1327.0,1328.0,8700,0.0,0.0
2024-09-12 09:58:00+09:00,1328.0,1328.0,1328.0,1328.0,4900,0.0,0.0
2024-09-12 09:59:00+09:00,1328.0,1328.0,1327.0,1328.0,2800,0.0,0.0
2024-09-12 10:00:00+09:00,1328.0,1328.0,1327.0,1327.0,1600,0.0,0.0
2024-09-12 10:01:00+09:00,1328.0,1328.0,1326.0,1326.0,9200,0.0,0.0
2024-09-12 10:02:00+09:00,1326.0,1326.0,1322.0,1322.0,12000,0.0,0.0
2024-09-12 10:03:00+09:00,1322.0,1325.0,1322.0,1325.0,9600,0.0,0.0
2024-09-12 10:04:00+09:00,1326.0,1328.0,1326.0,1328.0,3000,0.0,0.0
2024-09-12 10:05:00+09:00,1328.0,1328.0,1327.0,1327.0,3900,0.0,0.0
2024-09-12 10:06:00+09:00,1327.0,1327.0,1324.0,1324.0,6000,0.0,0.0
2024-09-12 10:07:00+09:00,1324.0,1324.0,1323.0,1323.0,4900,0.0,0.0
2024-09-12 10:08:00+09:00,1324.0,1325.0,1324.0,1324.0,3600,0.0,0.0
2024-09-12 10:09:00+09:00,1325.0,1325.0,1323.0,1323.0,4900,0.0,0.0
2024-09-12 10:10:00+09:00,1323.0,1323.0,1321.0,1321.0,3500,0.0,0.0
2024-09-12 10:11:00+09:00,1321.0,1322.0,1319.0,1319.0,14700,0.0,0.0
2024-09-12 10:12:00+09:00,1319.0,1319.0,1318.0,1319.0,5600,0.0,0.0
2024-09-12 10:13:00+09:00,1319.0,1322.0,1319.0,1322.0,3000,0.0,0.0
2024-09-12 10:14:00+09:00,1321.0,1321.0,1319.0,1319.0,2000,0.0,0.0
2024-09-12 10:15:00+09:00,1319.0,1323.0,1319.0,1323.0,3600,0.0,0.0
2024-09-12 10:16:00+09:00,1324.0,1325.0,1324.0,1325.0,2600,0.0,0.0
2024-09-12 10:17:00+09:00,1325.0,1326.0,1325.0,1326.0,1300,0.0,0.0
2024-09-12 10:18:00+09:00,1326.0,1326.0,1324.0,1324.0,1500,0.0,0.0
2024-09-12 10:19:00+09:00,1323.0,1325.0,1323.0,1325.0,1000,0.0,0.0
2024-09-12 10:20:00+09:00,1326.0,1326.0,1325.0,1325.0,1300,0.0,0.0
2024-09-12 10:21:00+09:00,1325.0,1326.0,1325.0,1326.0,700,0.0,0.0
2024-09-12 10:22:00+09:00,1326.0,1326.0,1326.0,1326.0,200,0.0,0.0
2024-09-12 10:23:00+09:00,1325.0,1325.0,1324.0,1324.0,4300,0.0,0.0
2024-09-12 10:24:00+09:00,1323.0,1323.0,1322.0,1322.0,400,0.0,0.0
2024-09-12 10:25:00+09:00,1322.0,1322.0,1321.0,1321.0,2500,0.0,0.0
2024-09-12 10:26:00+09:00,1321.0,1322.0,1321.0,1322.0,1500,0.0,0.0
2024-09-12 10:27:00+09:00,1322.0,1322.0,1322.0,1322.0,700,0.0,0.0
2024-09-12 10:28:00+09:00,1322.0,1322.0,1322.0,1322.0,1800,0.0,0.0
2024-09-12 10:29:00+09:00,1322.0,1322.0,1322.0,1322.0,500,0.0,0.0
2024-09-12 10:30:00+09:00,1322.0,1323.0,1322.0,1323.0,5600,0.0,0.0
2024-09-12 10:31:00+09:00,1323.0,1324.0,1323.0,1324.0,1100,0.0,0.0
2024-09-12 10:32:00+09:00,1323.0,1324.0,1323.0,1324.0,2300,0.0,0.0
2024-09-12 10:33:00+09:00,1325.0,1325.0,1325.0,1325.0,3300,0.0,0.0
2024-09-12 10:34:00+09:00,1325.0,1325.0,1325.0,1325.0,300,0.0,0.0
2024-09-12 10:35:00+09:00,1326.0,1326.0,1324.0,1325.0,6400,0.0,0.0
2024-09-12 10:36:00+09:00,1324.0,1324.0,1324.0,1324.0,1200,0.0,0.0
2024-09-12 10:37:00+09:00,1324.0,1325.0,1324.0,1325.0,2100,0.0,0.0
2024-09-12 10:38:00+09:00,1324.0,1324.0,1324.0,1324.0,700,0.0,0.0
2024-09-12 10:39:00+09:00,1324.0,1324.0,1323.0,1324.0,1600,0.0,0.0
2024-09-12 10:41:00+09:00,1323.0,1323.0,1320.0,1320.0,8600,0.0,0.0
2024-09-12 10:42:00+09:00,1319.0,1319.0,1319.0,1319.0,400,0.0,0.0
2024-09-12 10:43:00+09:00,1319.0,1320.0,1319.0,1320.0,1300,0.0,0.0
2024-09-12 10:44:00+09:00,1321.0,1321.0,1321.0,1321.0,1300,0.0,0.0
2024-09-12 10:45:00+09:00,1321.0,1322.0,1321.0,1322.0,1100,0.0,0.0
2024-09-12 10:46:00+09:00,1321.0,1321.0,1321.0,1321.0,100,0.0,0.0
2024-09-12 10:47:00+09:00,1321.0,1321.0,1319.0,1319.0,4900,0.0,0.0
2024-09-12 10:48:00+09:00,1319.0,1319.0,1318.0,1318.0,900,0.0,0.0
2024-09-12 10:49:00+09:00,1319.0,1320.0,1319.0,1320.0,4800,0.0,0.0
2024-09-12 10:50:00+09:00,1320.0,1320.0,1320.0,1320.0,400,0.0,0.0
2024-09-12 10:51:00+09:00,1320.0,1320.0,1320.0,1320.0,200,0.0,0.0
2024-09-12 10:52:00+09:00,1320.0,1320.0,1320.0,1320.0,4800,0.0,0.0
2024-09-12 10:53:00+09:00,1320.0,1320.0,1320.0,1320.0,500,0.0,0.0
2024-09-12 10:54:00+09:00,1321.0,1321.0,1321.0,1321.0,1800,0.0,0.0
2024-09-12 10:55:00+09:00,1320.0,1320.0,1320.0,1320.0,700,0.0,0.0
2024-09-12 10:56:00+09:00,1320.0,1320.0,1320.0,1320.0,100,0.0,0.0
2024-09-12 10:57:00+09:00,1321.0,1321.0,1321.0,1321.0,900,0.0,0.0
2024-09-12 10:58:00+09:00,1320.0,1320.0,1320.0,1320.0,800,0.0,0.0
2024-09-12 10:59:00+09:00,1320.0,1320.0,1320.0,1320.0,100,0.0,0.0
2024-09-12 11:00:00+09:00,1320.0,1320.0,1319.0,1319.0,4700,0.0,0.0
2024-09-12 11:01:00+09:00,1319.0,1319.0,1319.0,1319.0,500,0.0,0.0
2024-09-12 11:02:00+09:00,1319.0,1319.0,1319.0,1319.0,200,0.0,0.0
2024-09-12 11:03:00+09:00,1318.0,1318.0,1315.0,1317.0,7100,0.0,0.0
2024-09-12 11:04:00+09:00,1317.0,1317.0,1317.0,1317.0,400,0.0,0.0
2024-09-12 11:05:00+09:00,1316.0,1316.0,1316.0,1316.0,1100,0.0,0.0
2024-09-12 11:06:00+09:00,1316.0,1316.0,1315.0,1315.0,2100,0.0,0.0
2024-09-12 11:07:00+09:00,1315.0,1316.0,1315.0,1315.0,3800,0.0,0.0
2024-09-12 11:08:00+09:00,1315.0,1315.0,1315.0,1315.0,600,0.0,0.0
2024-09-12 11:09:00+09:00,1316.0,1316.0,1316.0,1316.0,1500,0.0,0.0
2024-09-12 11:10:00+09:00,1316.0,1316.0,1315.0,1315.0,2200,0.0,0.0
2024-09-12 11:11:00+09:00,1315.0,1315.0,1314.0,1315.0,5200,0.0,0.0
2024-09-12 11:12:00+09:00,1315.0,1316.0,1315.0,1316.0,2300,0.0,0.0
2024-09-12 11:13:00+09:00,1316.0,1316.0,1316.0,1316.0,1900,0.0,0.0
2024-09-12 11:14:00+09:00,1316.0,1316.0,1316.0,1316.0,300,0.0,0.0
2024-09-12 11:15:00+09:00,1315.0,1315.0,1315.0,1315.0,2200,0.0,0.0
2024-09-12 11:16:00+09:00,1314.0,1314.0,1314.0,1314.0,1100,0.0,0.0
2024-09-12 11:17:00+09:00,1314.0,1314.0,1314.0,1314.0,2400,0.0,0.0
2024-09-12 11:18:00+09:00,1314.0,1314.0,1314.0,1314.0,1500,0.0,0.0
2024-09-12 11:19:00+09:00,1314.0,1314.0,1313.0,1313.0,400,0.0,0.0
2024-09-12 11:20:00+09:00,1314.0,1314.0,1313.0,1314.0,1500,0.0,0.0
2024-09-12 11:21:00+09:00,1314.0,1314.0,1314.0,1314.0,1200,0.0,0.0
2024-09-12 11:22:00+09:00,1315.0,1315.0,1315.0,1315.0,1100,0.0,0.0
2024-09-12 11:23:00+09:00,1315.0,1316.0,1315.0,1315.0,2000,0.0,0.0
2024-09-12 11:24:00+09:00,1315.0,1315.0,1315.0,1315.0,1000,0.0,0.0
2024-09-12 11:25:00+09:00,1315.0,1316.0,1315.0,1316.0,1700,0.0,0.0
2024-09-12 11:26:00+09:00,1317.0,1317.0,1315.0,1315.0,700,0.0,0.0
2024-09-12 11:27:00+09:00,1316.0,1317.0,1316.0,1317.0,1100,0.0,0.0
2024-09-12 11:28:00+09:00,1317.0,1317.0,1317.0,1317.0,3000,0.0,0.0
2024-09-12 11:29:00+09:00,1318.0,1319.0,1318.0,1319.0,1700,0.0,0.0
2024-09-12 11:30:00+09:00,1319.0,1319.0,1319.0,1319.0,200,0.0,0.0
2024-09-12 11:35:00+09:00,1319.0,1319.0,1319.0,1319.0,0,0.0,0.0
2024-09-12 12:30:00+09:00,1319.0,1319.0,1315.0,1316.0,826500,0.0,0.0
2024-09-12 12:31:00+09:00,1316.0,1316.0,1315.0,1315.0,1700,0.0,0.0
2024-09-12 12:32:00+09:00,1315.0,1316.0,1310.0,1310.0,19200,0.0,0.0
2024-09-12 12:33:00+09:00,1310.0,1313.0,1310.0,1311.0,6700,0.0,0.0
2024-09-12 12:34:00+09:00,1311.0,1312.0,1310.0,1312.0,3500,0.0,0.0
2024-09-12 12:35:00+09:00,1312.0,1312.0,1311.0,1312.0,1200,0.0,0.0
2024-09-12 12:36:00+09:00,1311.0,1312.0,1311.0,1312.0,2700,0.0,0.0
2024-09-12 12:37:00+09:00,1311.0,1312.0,1311.0,1312.0,900,0.0,0.0
2024-09-12 12:38:00+09:00,1312.0,1313.0,1312.0,1312.0,6100,0.0,0.0
2024-09-12 12:39:00+09:00,1313.0,1313.0,1313.0,1313.0,900,0.0,0.0
2024-09-12 12:40:00+09:00,1313.0,1314.0,1313.0,1314.0,2900,0.0,0.0
2024-09-12 12:41:00+09:00,1314.0,1314.0,1312.0,1312.0,4600,0.0,0.0
2024-09-12 12:43:00+09:00,1312.0,1313.0,1312.0,1312.0,800,0.0,0.0
2024-09-12 12:45:00+09:00,1312.0,1312.0,1312.0,1312.0,300,0.0,0.0
2024-09-12 12:46:00+09:00,1312.0,1312.0,1312.0,1312.0,2000,0.0,0.0
2024-09-12 12:47:00+09:00,1312.0,1312.0,1310.0,1311.0,2800,0.0,0.0
2024-09-12 12:48:00+09:00,1310.0,1310.0,1310.0,1310.0,3200,0.0,0.0
2024-09-12 12:49:00+09:00,1311.0,1311.0,1311.0,1311.0,1000,0.0,0.0
2024-09-12 12:50:00+09:00,1311.0,1311.0,1311.0,1311.0,100,0.0,0.0
2024-09-12 12:53:00+09:00,1311.0,1312.0,1311.0,1312.0,5400,0.0,0.0
2024-09-12 12:54:00+09:00,1313.0,1313.0,1313.0,1313.0,3300,0.0,0.0
2024-09-12 12:55:00+09:00,1314.0,1314.0,1313.0,1313.0,2900,0.0,0.0
2024-09-12 12:56:00+09:00,1313.0,1313.0,1313.0,1313.0,200,0.0,0.0
2024-09-12 12:57:00+09:00,1313.0,1313.0,1313.0,1313.0,200,0.0,0.0
2024-09-12 12:58:00+09:00,1313.0,1313.0,1313.0,1313.0,200,0.0,0.0
2024-09-12 12:59:00+09:00,1313.0,1313.0,1313.0,1313.0,200,0.0,0.0
2024-09-12 13:00:00+09:00,1312.0,1312.0,1312.0,1312.0,1700,0.0,0.0
2024-09-12 13:01:00+09:00,1312.0,1312.0,1311.0,1312.0,1200,0.0,0.0
2024-09-12 13:03:00+09:00,1311.0,1311.0,1311.0,1311.0,300,0.0,0.0
2024-09-12 13:04:00+09:00,1312.0,1313.0,1312.0,1312.0,5500,0.0,0.0
2024-09-12 13:06:00+09:00,1313.0,1313.0,1313.0,1313.0,100,0.0,0.0
2024-09-12 13:07:00+09:00,1313.0,1313.0,1312.0,1312.0,1700,0.0,0.0
2024-09-12 13:08:00+09:00,1311.0,1311.0,1310.0,1311.0,1900,0.0,0.0
2024-09-12 13:09:00+09:00,1310.0,1311.0,1310.0,1311.0,600,0.0,0.0
2024-09-12 13:10:00+09:00,1311.0,1311.0,1308.0,1310.0,8500,0.0,0.0
2024-09-12 13:11:00+09:00,1310.0,1310.0,1310.0,1310.0,2500,0.0,0.0
2024-09-12 13:12:00+09:00,1311.0,1311.0,1311.0,1311.0,4100,0.0,0.0
2024-09-12 13:13:00+09:00,1312.0,1313.0,1311.0,1313.0,4100,0.0,0.0
2024-09-12 13:14:00+09:00,1313.0,1313.0,1313.0,1313.0,400,0.0,0.0
2024-09-12 13:15:00+09:00,1313.0,1316.0,1313.0,1313.0,13300,0.0,0.0
2024-09-12 13:16:00+09:00,1314.0,1314.0,1314.0,1314.0,800,0.0,0.0
2024-09-12 13:17:00+09:00,1314.0,1314.0,1314.0,1314.0,200,0.0,0.0
2024-09-12 13:18:00+09:00,1314.0,1314.0,1313.0,1313.0,1100,0.0,0.0
2024-09-12 13:19:00+09:00,1312.0,1312.0,1312.0,1312.0,200,0.0,0.0
2024-09-12 13:20:00+09:00,1312.0,1312.0,1310.0,1311.0,3300,0.0,0.0
2024-09-12 13:21:00+09:00,1311.0,1311.0,1311.0,1311.0,100,0.0,0.0
2024-09-12 13:23:00+09:00,1310.0,1311.0,1310.0,1311.0,1900,0.0,0.0
2024-09-12 13:24:00+09:00,1311.0,1311.0,1311.0,1311.0,300,0.0,0.0
2024-09-12 13:25:00+09:00,1311.0,1311.0,1311.0,1311.0,1200,0.0,0.0
2024-09-12 13:26:00+09:00,1311.0,1311.0,1311.0,1311.0,400,0.0,0.0
2024-09-12 13:27:00+09:00,1311.0,1311.0,1311.0,1311.0,1100,0.0,0.0
2024-09-12 13:28:00+09:00,1312.0,1312.0,1312.0,1312.0,300,0.0,0.0
2024-09-12 13:29:00+09:00,1312.0,1312.0,1312.0,1312.0,1900,0.0,0.0
2024-09-12 13:30:00+09:00,1313.0,1313.0,1313.0,1313.0,3400,0.0,0.0
2024-09-12 13:31:00+09:00,1312.0,1313.0,1312.0,1313.0,900,0.0,0.0
2024-09-12 13:32:00+09:00,1313.0,1313.0,1313.0,1313.0,800,0.0,0.0
2024-09-12 13:33:00+09:00,1313.0,1313.0,1313.0,1313.0,900,0.0,0.0
2024-09-12 13:34:00+09:00,1313.0,1313.0,1312.0,1313.0,4000,0.0,0.0
2024-09-12 13:35:00+09:00,1314.0,1315.0,1314.0,1315.0,5100,0.0,0.0
2024-09-12 13:36:00+09:00,1315.0,1315.0,1315.0,1315.0,400,0.0,0.0
2024-09-12 13:37:00+09:00,1315.0,1316.0,1315.0,1316.0,5600,0.0,0.0
2024-09-12 13:39:00+09:00,1316.0,1316.0,1316.0,1316.0,100,0.0,0.0
2024-09-12 13:40:00+09:00,1316.0,1317.0,1316.0,1317.0,600,0.0,0.0
2024-09-12 13:41:00+09:00,1317.0,1317.0,1317.0,1317.0,500,0.0,0.0
2024-09-12 13:42:00+09:00,1317.0,1317.0,1317.0,1317.0,200,0.0,0.0
2024-09-12 13:43:00+09:00,1317.0,1317.0,1316.0,1316.0,2900,0.0,0.0
2024-09-12 13:44:00+09:00,1316.0,1316.0,1316.0,1316.0,700,0.0,0.0
2024-09-12 13:45:00+09:00,1317.0,1317.0,1316.0,1316.0,2900,0.0,0.0
2024-09-12 13:46:00+09:00,1316.0,1316.0,1315.0,1315.0,1100,0.0,0.0
2024-09-12 13:47:00+09:00,1315.0,1315.0,1315.0,1315.0,300,0.0,0.0
2024-09-12 13:48:00+09:00,1315.0,1316.0,1315.0,1316.0,4900,0.0,0.0
2024-09-12 13:49:00+09:00,1316.0,1316.0,1316.0,1316.0,500,0.0,0.0
2024-09-12 13:50:00+09:00,1316.0,1317.0,1316.0,1317.0,6500,0.0,0.0
2024-09-12 13:51:00+09:00,1318.0,1318.0,1317.0,1317.0,1200,0.0,0.0
2024-09-12 13:52:00+09:00,1316.0,1316.0,1316.0,1316.0,500,0.0,0.0
2024-09-12 13:53:00+09:00,1315.0,1315.0,1315.0,1315.0,700,0.0,0.0
2024-09-12 13:54:00+09:00,1315.0,1315.0,1315.0,1315.0,2300,0.0,0.0
2024-09-12 13:55:00+09:00,1315.0,1315.0,1315.0,1315.0,300,0.0,0.0
2024-09-12 13:56:00+09:00,1315.0,1315.0,1315.0,1315.0,100,0.0,0.0
2024-09-12 13:58:00+09:00,1314.0,1314.0,1314.0,1314.0,1300,0.0,0.0
2024-09-12 13:59:00+09:00,1314.0,1314.0,1313.0,1313.0,1400,0.0,0.0
2024-09-12 14:00:00+09:00,1315.0,1315.0,1315.0,1315.0,2200,0.0,0.0
2024-09-12 14:01:00+09:00,1315.0,1315.0,1315.0,1315.0,100,0.0,0.0
2024-09-12 14:02:00+09:00,1315.0,1315.0,1315.0,1315.0,500,0.0,0.0
2024-09-12 14:03:00+09:00,1314.0,1314.0,1314.0,1314.0,200,0.0,0.0
2024-09-12 14:04:00+09:00,1314.0,1314.0,1314.0,1314.0,400,0.0,0.0
2024-09-12 14:05:00+09:00,1314.0,1314.0,1313.0,1313.0,3300,0.0,0.0
2024-09-12 14:06:00+09:00,1312.0,1312.0,1310.0,1312.0,9600,0.0,0.0
2024-09-12 14:07:00+09:00,1312.0,1312.0,1312.0,1312.0,200,0.0,0.0
2024-09-12 14:08:00+09:00,1312.0,1312.0,1312.0,1312.0,400,0.0,0.0
2024-09-12 14:10:00+09:00,1312.0,1312.0,1311.0,1311.0,1700,0.0,0.0
2024-09-12 14:11:00+09:00,1311.0,1311.0,1310.0,1311.0,1400,0.0,0.0
2024-09-12 14:12:00+09:00,1311.0,1311.0,1311.0,1311.0,400,0.0,0.0
2024-09-12 14:13:00+09:00,1311.0,1311.0,1310.0,1310.0,1800,0.0,0.0
2024-09-12 14:14:00+09:00,1311.0,1312.0,1311.0,1312.0,4000,0.0,0.0
2024-09-12 14:15:00+09:00,1312.0,1313.0,1310.0,1310.0,19700,0.0,0.0
2024-09-12 14:17:00+09:00,1311.0,1311.0,1310.0,1310.0,1400,0.0,0.0
2024-09-12 14:18:00+09:00,1311.0,1311.0,1311.0,1311.0,1900,0.0,0.0
2024-09-12 14:19:00+09:00,1312.0,1313.0,1312.0,1313.0,5000,0.0,0.0
2024-09-12 14:20:00+09:00,1313.0,1314.0,1313.0,1314.0,300,0.0,0.0
2024-09-12 14:21:00+09:00,1314.0,1316.0,1313.0,1315.0,13400,0.0,0.0
2024-09-12 14:22:00+09:00,1315.0,1315.0,1314.0,1314.0,2100,0.0,0.0
2024-09-12 14:23:00+09:00,1314.0,1314.0,1314.0,1314.0,1900,0.0,0.0
2024-09-12 14:24:00+09:00,1314.0,1314.0,1314.0,1314.0,600,0.0,0.0
2024-09-12 14:25:00+09:00,1315.0,1316.0,1315.0,1316.0,1100,0.0,0.0
2024-09-12 14:26:00+09:00,1316.0,1316.0,1316.0,1316.0,400,0.0,0.0
2024-09-12 14:27:00+09:00,1316.0,1316.0,1316.0,1316.0,4500,0.0,0.0
2024-09-12 14:28:00+09:00,1317.0,1317.0,1316.0,1316.0,3400,0.0,0.0
2024-09-12 14:29:00+09:00,1317.0,1318.0,1317.0,1318.0,300,0.0,0.0
2024-09-12 14:30:00+09:00,1318.0,1318.0,1317.0,1318.0,5500,0.0,0.0
2024-09-12 14:31:00+09:00,1318.0,1318.0,1317.0,1317.0,1700,0.0,0.0
2024-09-12 14:32:00+09:00,1317.0,1317.0,1317.0,1317.0,100,0.0,0.0
2024-09-12 14:33:00+09:00,1316.0,1316.0,1315.0,1316.0,3900,0.0,0.0
2024-09-12 14:35:00+09:00,1316.0,1317.0,1316.0,1317.0,300,0.0,0.0
2024-09-12 14:36:00+09:00,1316.0,1316.0,1313.0,1313.0,8500,0.0,0.0
2024-09-12 14:37:00+09:00,1314.0,1315.0,1313.0,1314.0,1800,0.0,0.0
2024-09-12 14:38:00+09:00,1314.0,1314.0,1313.0,1313.0,1200,0.0,0.0
2024-09-12 14:39:00+09:00,1313.0,1314.0,1313.0,1314.0,2600,0.0,0.0
2024-09-12 14:40:00+09:00,1314.0,1315.0,1314.0,1315.0,5200,0.0,0.0
2024-09-12 14:41:00+09:00,1315.0,1316.0,1315.0,1316.0,4400,0.0,0.0
2024-09-12 14:42:00+09:00,1316.0,1317.0,1316.0,1316.0,1500,0.0,0.0
2024-09-12 14:43:00+09:00,1317.0,1317.0,1315.0,1317.0,6700,0.0,0.0
2024-09-12 14:44:00+09:00,1317.0,1318.0,1317.0,1318.0,2500,0.0,0.0
2024-09-12 14:45:00+09:00,1317.0,1318.0,1317.0,1318.0,6800,0.0,0.0
2024-09-12 14:46:00+09:00,1318.0,1318.0,1316.0,1316.0,5500,0.0,0.0
2024-09-12 14:47:00+09:00,1316.0,1316.0,1316.0,1316.0,1200,0.0,0.0
2024-09-12 14:48:00+09:00,1316.0,1316.0,1316.0,1316.0,400,0.0,0.0
2024-09-12 14:49:00+09:00,1316.0,1317.0,1316.0,1317.0,3800,0.0,0.0
2024-09-12 14:50:00+09:00,1318.0,1318.0,1318.0,1318.0,2500,0.0,0.0
2024-09-12 14:51:00+09:00,1319.0,1319.0,1318.0,1319.0,1600,0.0,0.0
2024-09-12 14:52:00+09:00,1319.0,1319.0,1318.0,1319.0,5000,0.0,0.0
2024-09-12 14:53:00+09:00,1318.0,1319.0,1317.0,1319.0,2900,0.0,0.0
2024-09-12 14:54:00+09:00,1319.0,1320.0,1319.0,1319.0,2800,0.0,0.0
2024-09-12 14:55:00+09:00,1319.0,1319.0,1319.0,1319.0,6800,0.0,0.0
2024-09-12 14:56:00+09:00,1320.0,1321.0,1319.0,1320.0,23100,0.0,0.0
2024-09-12 14:57:00+09:00,1320.0,1320.0,1317.0,1318.0,7800,0.0,0.0
2024-09-12 14:58:00+09:00,1318.0,1320.0,1317.0,1319.0,15200,0.0,0.0
2024-09-12 14:59:00+09:00,1320.0,1320.0,1316.0,1317.0,10800,0.0,0.0
2024-09-13 09:00:00+09:00,1320.0,1320.0,1307.0,1310.0,150600,0.0,0.0
2024-09-13 09:01:00+09:00,1311.0,1311.0,1300.0,1302.0,24800,0.0,0.0
2024-09-13 09:02:00+09:00,1302.0,1303.0,1301.0,1303.0,4000,0.0,0.0
2024-09-13 09:03:00+09:00,1302.0,1302.0,1299.0,1301.0,10900,0.0,0.0
2024-09-13 09:04:00+09:00,1300.0,1301.0,1297.0,1298.0,9300,0.0,0.0
2024-09-13 09:05:00+09:00,1299.0,1303.0,1299.0,1301.0,4500,0.0,0.0
2024-09-13 09:06:00+09:00,1302.0,1303.0,1302.0,1303.0,700,0.0,0.0
2024-09-13 09:07:00+09:00,1303.0,1305.0,1303.0,1305.0,2000,0.0,0.0
2024-09-13 09:08:00+09:00,1304.0,1308.0,1303.0,1306.0,7600,0.0,0.0
2024-09-13 09:09:00+09:00,1305.0,1310.0,1305.0,1310.0,4600,0.0,0.0
2024-09-13 09:10:00+09:00,1308.0,1309.0,1308.0,1309.0,800,0.0,0.0
2024-09-13 09:11:00+09:00,1309.0,1309.0,1304.0,1306.0,6500,0.0,0.0
2024-09-13 09:12:00+09:00,1307.0,1307.0,1302.0,1302.0,4900,0.0,0.0
2024-09-13 09:13:00+09:00,1302.0,1302.0,1297.0,1297.0,13400,0.0,0.0
2024-09-13 09:14:00+09:00,1296.0,1298.0,1296.0,1298.0,9700,0.0,0.0
2024-09-13 09:15:00+09:00,1299.0,1299.0,1297.0,1299.0,2100,0.0,0.0
2024-09-13 09:16:00+09:00,1298.0,1299.0,1297.0,1299.0,1500,0.0,0.0
2024-09-13 09:17:00+09:00,1299.0,1300.0,1299.0,1299.0,800,0.0,0.0
2024-09-13 09:18:00+09:00,1299.0,1299.0,1293.0,1293.0,14800,0.0,0.0
2024-09-13 09:19:00+09:00,1293.0,1293.0,1292.0,1292.0,1900,0.0,0.0
2024-09-13 09:20:00+09:00,1293.0,1296.0,1293.0,1296.0,8400,0.0,0.0
2024-09-13 09:21:00+09:00,1296.0,1296.0,1295.0,1295.0,500,0.0,0.0
2024-09-13 09:22:00+09:00,1294.0,1295.0,1292.0,1292.0,4300,0.0,0.0
2024-09-13 09:23:00+09:00,1291.0,1294.0,1291.0,1294.0,4600,0.0,0.0
2024-09-13 09:24:00+09:00,1295.0,1297.0,1295.0,1297.0,2700,0.0,0.0
2024-09-13 09:25:00+09:00,1297.0,1297.0,1297.0,1297.0,800,0.0,0.0
2024-09-13 09:26:00+09:00,1298.0,1298.0,1298.0,1298.0,2200,0.0,0.0
2024-09-13 09:27:00+09:00,1299.0,1301.0,1295.0,1296.0,15700,0.0,0.0
2024-09-13 09:28:00+09:00,1297.0,1297.0,1297.0,1297.0,600,0.0,0.0
2024-09-13 09:29:00+09:00,1298.0,1298.0,1295.0,1295.0,1600,0.0,0.0
2024-09-13 09:30:00+09:00,1296.0,1297.0,1296.0,1297.0,1500,0.0,0.0
2024-09-13 09:31:00+09:00,1297.0,1297.0,1297.0,1297.0,100,0.0,0.0
2024-09-13 09:32:00+09:00,1297.0,1298.0,1296.0,1296.0,4500,0.0,0.0
2024-09-13 09:33:00+09:00,1297.0,1298.0,1297.0,1298.0,1100,0.0,0.0
2024-09-13 09:34:00+09:00,1298.0,1298.0,1298.0,1298.0,1100,0.0,0.0
2024-09-13 09:35:00+09:00,1298.0,1298.0,1297.0,1297.0,2900,0.0,0.0
2024-09-13 09:36:00+09:00,1298.0,1298.0,1298.0,1298.0,1200,0.0,0.0
2024-09-13 09:37:00+09:00,1299.0,1299.0,1299.0,1299.0,5400,0.0,0.0
2024-09-13 09:38:00+09:00,1300.0,1300.0,1299.0,1299.0,1900,0.0,0.0
2024-09-13 09:39:00+09:00,1299.0,1299.0,1299.0,1299.0,900,0.0,0.0
2024-09-13 09:40:00+09:00,1298.0,1299.0,1296.0,1299.0,8500,0.0,0.0
2024-09-13 09:41:00+09:00,1298.0,1298.0,1298.0,1298.0,3300,0.0,0.0
2024-09-13 09:42:00+09:00,1299.0,1299.0,1299.0,1299.0,700,0.0,0.0
2024-09-13 09:43:00+09:00,1300.0,1301.0,1300.0,1301.0,2200,0.0,0.0
2024-09-13 09:45:00+09:00,1302.0,1305.0,1302.0,1305.0,9800,0.0,0.0
2024-09-13 09:46:00+09:00,1306.0,1306.0,1303.0,1303.0,5200,0.0,0.0
2024-09-13 09:47:00+09:00,1302.0,1303.0,1302.0,1302.0,1400,0.0,0.0
2024-09-13 09:48:00+09:00,1303.0,1305.0,1303.0,1305.0,1600,0.0,0.0
2024-09-13 09:49:00+09:00,1304.0,1306.0,1304.0,1306.0,2500,0.0,0.0
2024-09-13 09:50:00+09:00,1306.0,1309.0,1306.0,1309.0,9300,0.0,0.0
2024-09-13 09:51:00+09:00,1309.0,1309.0,1304.0,1306.0,9700,0.0,0.0
2024-09-13 09:52:00+09:00,1306.0,1306.0,1305.0,1305.0,600,0.0,0.0
2024-09-13 09:53:00+09:00,1305.0,1305.0,1304.0,1304.0,900,0.0,0.0
2024-09-13 09:54:00+09:00,1303.0,1304.0,1302.0,1304.0,7200,0.0,0.0
2024-09-13 09:55:00+09:00,1303.0,1304.0,1303.0,1304.0,500,0.0,0.0
2024-09-13 09:56:00+09:00,1304.0,1306.0,1304.0,1305.0,3200,0.0,0.0
2024-09-13 09:57:00+09:00,1305.0,1306.0,1305.0,1306.0,1000,0.0,0.0
2024-09-13 09:58:00+09:00,1306.0,1306.0,1306.0,1306.0,800,0.0,0.0
2024-09-13 09:59:00+09:00,1306.0,1306.0,1306.0,1306.0,200,0.0,0.0
2024-09-13 10:00:00+09:00,1306.0,1306.0,1306.0,1306.0,407000,0.0,0.0
2024-09-13 10:01:00+09:00,1307.0,1307.0,1307.0,1307.0,100,0.0,0.0
2024-09-13 10:02:00+09:00,1307.0,1307.0,1307.0,1307.0,400,0.0,0.0
2024-09-13 10:03:00+09:00,1306.0,1306.0,1304.0,1305.0,6400,0.0,0.0
2024-09-13 10:04:00+09:00,1305.0,1305.0,1305.0,1305.0,200,0.0,0.0
2024-09-13 10:05:00+09:00,1306.0,1306.0,1306.0,1306.0,1000,0.0,0.0
2024-09-13 10:08:00+09:00,1307.0,1307.0,1307.0,1307.0,3500,0.0,0.0
2024-09-13 10:09:00+09:00,1307.0,1308.0,1307.0,1308.0,400,0.0,0.0
2024-09-13 10:10:00+09:00,1307.0,1308.0,1307.0,1308.0,200,0.0,0.0
2024-09-13 10:11:00+09:00,1308.0,1308.0,1307.0,1307.0,3800,0.0,0.0
2024-09-13 10:12:00+09:00,1307.0,1307.0,1307.0,1307.0,400,0.0,0.0
2024-09-13 10:13:00+09:00,1307.0,1308.0,1307.0,1307.0,1400,0.0,0.0
2024-09-13 10:14:00+09:00,1307.0,1307.0,1306.0,1307.0,2200,0.0,0.0
2024-09-13 10:15:00+09:00,1307.0,1307.0,1307.0,1307.0,1500,0.0,0.0
2024-09-13 10:16:00+09:00,1307.0,1307.0,1307.0,1307.0,400,0.0,0.0
2024-09-13 10:17:00+09:00,1307.0,1307.0,1307.0,1307.0,2200,0.0,0.0
2024-09-13 10:19:00+09:00,1307.0,1309.0,1307.0,1309.0,2400,0.0,0.0
2024-09-13 10:21:00+09:00,1308.0,1308.0,1308.0,1308.0,3200,0.0,0.0
2024-09-13 10:22:00+09:00,1307.0,1307.0,1307.0,1307.0,2200,0.0,0.0
2024-09-13 10:23:00+09:00,1307.0,1307.0,1307.0,1307.0,1800,0.0,0.0
2024-09-13 10:25:00+09:00,1307.0,1307.0,1307.0,1307.0,100,0.0,0.0
2024-09-13 10:26:00+09:00,1308.0,1308.0,1308.0,1308.0,2300,0.0,0.0
2024-09-13 10:27:00+09:00,1309.0,1310.0,1309.0,1310.0,5400,0.0,0.0
2024-09-13 10:29:00+09:00,1309.0,1309.0,1309.0,1309.0,1800,0.0,0.0
2024-09-13 10:30:00+09:00,1309.0,1309.0,1309.0,1309.0,1100,0.0,0.0
2024-09-13 10:31:00+09:00,1309.0,1309.0,1309.0,1309.0,1800,0.0,0.0
2024-09-13 10:32:00+09:00,1309.0,1309.0,1308.0,1308.0,3700,0.0,0.0
2024-09-13 10:33:00+09:00,1308.0,1308.0,1308.0,1308.0,1200,0.0,0.0
2024-09-13 10:34:00+09:00,1308.0,1309.0,1308.0,1309.0,700,0.0,0.0
2024-09-13 10:35:00+09:00,1308.0,1308.0,1307.0,1307.0,4900,0.0,0.0
2024-09-13 10:36:00+09:00,1307.0,1307.0,1307.0,1307.0,300,0.0,0.0
2024-09-13 10:37:00+09:00,1307.0,1307.0,1307.0,1307.0,500,0.0,0.0
2024-09-13 10:38:00+09:00,1308.0,1308.0,1307.0,1307.0,2300,0.0,0.0
2024-09-13 10:39:00+09:00,1307.0,1307.0,1307.0,1307.0,1000,0.0,0.0
2024-09-13 10:40:00+09:00,1306.0,1306.0,1306.0,1306.0,1100,0.0,0.0
2024-09-13 10:41:00+09:00,1306.0,1306.0,1306.0,1306.0,100,0.0,0.0
2024-09-13 10:42:00+09:00,1305.0,1305.0,1303.0,1304.0,8500,0.0,0.0
2024-09-13 10:43:00+09:00,1304.0,1304.0,1300.0,1300.0,6900,0.0,0.0
2024-09-13 10:44:00+09:00,1301.0,1301.0,1301.0,1301.0,900,0.0,0.0
2024-09-13 10:46:00+09:00,1302.0,1302.0,1302.0,1302.0,1100,0.0,0.0
2024-09-13 10:47:00+09:00,1302.0,1303.0,1302.0,1303.0,200,0.0,0.0
2024-09-13 10:48:00+09:00,1302.0,1303.0,1302.0,1303.0,1800,0.0,0.0
2024-09-13 10:49:00+09:00,1303.0,1303.0,1303.0,1303.0,800,0.0,0.0
2024-09-13 10:51:00+09:00,1302.0,1302.0,1301.0,1302.0,3300,0.0,0.0
2024-09-13 10:52:00+09:00,1302.0,1302.0,1302.0,1302.0,200,0.0,0.0
2024-09-13 10:53:00+09:00,1302.0,1302.0,1302.0,1302.0,100,0.0,0.0
2024-09-13 10:54:00+09:00,1303.0,1303.0,1302.0,1302.0,2400,0.0,0.0
2024-09-13 10:55:00+09:00,1301.0,1301.0,1300.0,1300.0,1300,0.0,0.0
2024-09-13 10:57:00+09:00,1300.0,1300.0,1299.0,1299.0,1500,0.0,0.0
2024-09-13 10:58:00+09:00,1299.0,1299.0,1299.0,1299.0,5000,0.0,0.0
2024-09-13 11:00:00+09:00,1299.0,1299.0,1299.0,1299.0,2400,0.0,0.0
2024-09-13 11:01:00+09:00,1299.0,1299.0,1299.0,1299.0,2300,0.0,0.0
2024-09-13 11:03:00+09:00,1298.0,1299.0,1296.0,1298.0,15900,0.0,0.0
2024-09-13 11:04:00+09:00,1299.0,1299.0,1299.0,1299.0,400,0.0,0.0
2024-09-13 11:05:00+09:00,1299.0,1299.0,1299.0,1299.0,400,0.0,0.0
2024-09-13 11:06:00+09:00,1299.0,1299.0,1299.0,1299.0,100,0.0,0.0
2024-09-13 11:08:00+09:00,1299.0,1301.0,1299.0,1300.0,5300,0.0,0.0
2024-09-13 11:09:00+09:00,1300.0,1300.0,1300.0,1300.0,200,0.0,0.0
2024-09-13 11:10:00+09:00,1300.0,1301.0,1300.0,1301.0,3300,0.0,0.0
2024-09-13 11:12:00+09:00,1301.0,1302.0,1301.0,1302.0,1700,0.0,0.0
2024-09-13 11:13:00+09:00,1302.0,1302.0,1302.0,1302.0,100,0.0,0.0
2024-09-13 11:14:00+09:00,1302.0,1302.0,1302.0,1302.0,100,0.0,0.0
2024-09-13 11:15:00+09:00,1303.0,1303.0,1303.0,1303.0,400,0.0,0.0
2024-09-13 11:16:00+09:00,1302.0,1302.0,1301.0,1301.0,3900,0.0,0.0
2024-09-13 11:17:00+09:00,1300.0,1300.0,1300.0,1300.0,600,0.0,0.0
2024-09-13 11:18:00+09:00,1300.0,1300.0,1299.0,1300.0,400,0.0,0.0
2024-09-13 11:19:00+09:00,1300.0,1300.0,1300.0,1300.0,700,0.0,0.0
2024-09-13 11:20:00+09:00,1300.0,1300.0,1300.0,1300.0,100,0.0,0.0
2024-09-13 11:22:00+09:00,1300.0,1300.0,1300.0,1300.0,300,0.0,0.0
2024-09-13 11:23:00+09:00,1300.0,1300.0,1300.0,1300.0,1600,0.0,0.0
2024-09-13 11:24:00+09:00,1300.0,1300.0,1300.0,1300.0,1000,0.0,0.0
2024-09-13 11:25:00+09:00,1299.0,1299.0,1299.0,1299.0,2900,0.0,0.0
2024-09-13 11:26:00+09:00,1298.0,1298.0,1298.0,1298.0,100,0.0,0.0
2024-09-13 11:27:00+09:00,1298.0,1298.0,1298.0,1298.0,1500,0.0,0.0
2024-09-13 11:28:00+09:00,1298.0,1298.0,1298.0,1298.0,300,0.0,0.0
2024-09-13 11:29:00+09:00,1298.0,1298.0,1298.0,1298.0,100,0.0,0.0
2024-09-13 11:30:00+09:00,1299.0,1299.0,1299.0,1299.0,900,0.0,0.0
2024-09-13 11:35:00+09:00,1299.0,1299.0,1299.0,1299.0,0,0.0,0.0
2024-09-13 12:30:00+09:00,1295.0,1301.0,1295.0,1301.0,573800,0.0,0.0
2024-09-13 12:31:00+09:00,1300.0,1300.0,1296.0,1296.0,5600,0.0,0.0
2024-09-13 12:32:00+09:00,1295.0,1296.0,1295.0,1296.0,1800,0.0,0.0
2024-09-13 12:35:00+09:00,1296.0,1299.0,1296.0,1299.0,13900,0.0,0.0
2024-09-13 12:36:00+09:00,1299.0,1299.0,1299.0,1299.0,2600,0.0,0.0
2024-09-13 12:37:00+09:00,1299.0,1299.0,1299.0,1299.0,1400,0.0,0.0
2024-09-13 12:38:00+09:00,1300.0,1300.0,1300.0,1300.0,100,0.0,0.0
2024-09-13 12:39:00+09:00,1300.0,1300.0,1300.0,1300.0,1900,0.0,0.0
2024-09-13 12:40:00+09:00,1301.0,1302.0,1301.0,1301.0,3800,0.0,0.0
2024-09-13 12:41:00+09:00,1302.0,1303.0,1302.0,1303.0,4800,0.0,0.0
2024-09-13 12:42:00+09:00,1303.0,1306.0,1303.0,1306.0,6300,0.0,0.0
2024-09-13 12:43:00+09:00,1306.0,1306.0,1305.0,1306.0,1800,0.0,0.0
2024-09-13 12:44:00+09:00,1306.0,1306.0,1305.0,1305.0,1300,0.0,0.0
2024-09-13 12:45:00+09:00,1305.0,1307.0,1305.0,1306.0,7500,0.0,0.0
2024-09-13 12:46:00+09:00,1306.0,1306.0,1306.0,1306.0,1500,0.0,0.0
2024-09-13 12:47:00+09:00,1306.0,1306.0,1304.0,1304.0,4300,0.0,0.0
2024-09-13 12:48:00+09:00,1303.0,1303.0,1303.0,1303.0,800,0.0,0.0
2024-09-13 12:49:00+09:00,1303.0,1303.0,1303.0,1303.0,600,0.0,0.0
2024-09-13 12:51:00+09:00,1303.0,1303.0,1303.0,1303.0,1100,0.0,0.0
2024-09-13 12:53:00+09:00,1302.0,1302.0,1302.0,1302.0,1600,0.0,0.0
2024-09-13 12:54:00+09:00,1301.0,1301.0,1301.0,1301.0,600,0.0,0.0
2024-09-13 12:55:00+09:00,1302.0,1305.0,1302.0,1305.0,5000,0.0,0.0
2024-09-13 12:56:00+09:00,1305.0,1305.0,1305.0,1305.0,1500,0.0,0.0
2024-09-13 12:57:00+09:00,1305.0,1305.0,1305.0,1305.0,100,0.0,0.0
2024-09-13 12:59:00+09:00,1305.0,1305.0,1305.0,1305.0,100,0.0,0.0
2024-09-13 13:00:00+09:00,1305.0,1305.0,1305.0,1305.0,1600,0.0,0.0
2024-09-13 13:01:00+09:00,1305.0,1305.0,1304.0,1304.0,2700,0.0,0.0
2024-09-13 13:04:00+09:00,1304.0,1304.0,1304.0,1304.0,400,0.0,0.0
2024-09-13 13:05:00+09:00,1304.0,1304.0,1304.0,1304.0,300,0.0,0.0
2024-09-13 13:06:00+09:00,1304.0,1304.0,1304.0,1304.0,900,0.0,0.0
2024-09-13 13:08:00+09:00,1303.0,1303.0,1302.0,1302.0,2800,0.0,0.0
2024-09-13 13:10:00+09:00,1302.0,1302.0,1302.0,1302.0,600,0.0,0.0
2024-09-13 13:11:00+09:00,1303.0,1303.0,1303.0,1303.0,3200,0.0,0.0
2024-09-13 13:12:00+09:00,1303.0,1303.0,1303.0,1303.0,300,0.0,0.0
2024-09-13 13:13:00+09:00,1303.0,1303.0,1303.0,1303.0,200,0.0,0.0
2024-09-13 13:14:00+09:00,1303.0,1303.0,1303.0,1303.0,500,0.0,0.0
2024-09-13 13:15:00+09:00,1303.0,1303.0,1303.0,1303.0,1400,0.0,0.0
2024-09-13 13:16:00+09:00,1303.0,1303.0,1303.0,1303.0,100,0.0,0.0
2024-09-13 13:17:00+09:00,1303.0,1303.0,1303.0,1303.0,500,0.0,0.0
2024-09-13 13:18:00+09:00,1303.0,1303.0,1303.0,1303.0,1500,0.0,0.0
2024-09-13 13:19:00+09:00,1304.0,1304.0,1304.0,1304.0,100,0.0,0.0
2024-09-13 13:21:00+09:00,1303.0,1303.0,1303.0,1303.0,300,0.0,0.0
2024-09-13 13:22:00+09:00,1303.0,1303.0,1303.0,1303.0,1400,0.0,0.0
2024-09-13 13:23:00+09:00,1303.0,1303.0,1303.0,1303.0,100,0.0,0.0
2024-09-13 13:25:00+09:00,1303.0,1303.0,1303.0,1303.0,200,0.0,0.0
2024-09-13 13:26:00+09:00,1303.0,1303.0,1303.0,1303.0,1300,0.0,0.0
2024-09-13 13:27:00+09:00,1302.0,1303.0,1302.0,1303.0,1000,0.0,0.0
2024-09-13 13:28:00+09:00,1303.0,1303.0,1303.0,1303.0,1200,0.0,0.0
2024-09-13 13:29:00+09:00,1303.0,1305.0,1303.0,1305.0,4000,0.0,0.0
2024-09-13 13:30:00+09:00,1304.0,1304.0,1304.0,1304.0,1300,0.0,0.0
2024-09-13 13:31:00+09:00,1304.0,1304.0,1304.0,1304.0,100,0.0,0.0
2024-09-13 13:33:00+09:00,1303.0,1303.0,1299.0,1299.0,18700,0.0,0.0
2024-09-13 13:35:00+09:00,1299.0,1299.0,1297.0,1297.0,2200,0.0,0.0
2024-09-13 13:36:00+09:00,1297.0,1297.0,1297.0,1297.0,1400,0.0,0.0
2024-09-13 13:39:00+09:00,1297.0,1297.0,1297.0,1297.0,100,0.0,0.0
2024-09-13 13:40:00+09:00,1297.0,1298.0,1297.0,1298.0,300,0.0,0.0
2024-09-13 13:42:00+09:00,1298.0,1298.0,1298.0,1298.0,3100,0.0,0.0
2024-09-13 13:43:00+09:00,1299.0,1299.0,1298.0,1299.0,5000,0.0,0.0
2024-09-13 13:44:00+09:00,1299.0,1300.0,1299.0,1299.0,2200,0.0,0.0
2024-09-13 13:45:00+09:00,1300.0,1300.0,1300.0,1300.0,300,0.0,0.0
2024-09-13 13:46:00+09:00,1300.0,1301.0,1300.0,1301.0,2500,0.0,0.0
2024-09-13 13:47:00+09:00,1301.0,1301.0,1301.0,1301.0,300,0.0,0.0
2024-09-13 13:48:00+09:00,1301.0,1301.0,1301.0,1301.0,1100,0.0,0.0
2024-09-13 13:49:00+09:00,1300.0,1300.0,1299.0,1299.0,3700,0.0,0.0
2024-09-13 13:50:00+09:00,1299.0,1300.0,1299.0,1300.0,1200,0.0,0.0
2024-09-13 13:51:00+09:00,1301.0,1301.0,1301.0,1301.0,700,0.0,0.0
2024-09-13 13:52:00+09:00,1301.0,1301.0,1301.0,1301.0,300,0.0,0.0
2024-09-13 13:53:00+09:00,1301.0,1301.0,1301.0,1301.0,400,0.0,0.0
2024-09-13 13:54:00+09:00,1301.0,1301.0,1301.0,1301.0,200,0.0,0.0
2024-09-13 13:55:00+09:00,1300.0,1300.0,1300.0,1300.0,100,0.0,0.0
2024-09-13 13:57:00+09:00,1300.0,1300.0,1300.0,1300.0,3000,0.0,0.0
2024-09-13 13:58:00+09:00,1300.0,1300.0,1299.0,1300.0,1400,0.0,0.0
2024-09-13 13:59:00+09:00,1300.0,1300.0,1300.0,1300.0,700,0.0,0.0
2024-09-13 14:00:00+09:00,1300.0,1300.0,1300.0,1300.0,200,0.0,0.0
2024-09-13 14:02:00+09:00,1301.0,1301.0,1301.0,1301.0,2100,0.0,0.0
2024-09-13 14:03:00+09:00,1302.0,1302.0,1302.0,1302.0,4800,0.0,0.0
2024-09-13 14:05:00+09:00,1302.0,1303.0,1302.0,1302.0,2400,0.0,0.0
2024-09-13 14:06:00+09:00,1302.0,1302.0,1301.0,1301.0,3000,0.0,0.0
2024-09-13 14:07:00+09:00,1301.0,1301.0,1300.0,1301.0,600,0.0,0.0
2024-09-13 14:08:00+09:00,1302.0,1302.0,1302.0,1302.0,1300,0.0,0.0
2024-09-13 14:09:00+09:00,1303.0,1303.0,1302.0,1302.0,1900,0.0,0.0
2024-09-13 14:10:00+09:00,1302.0,1302.0,1301.0,1301.0,2900,0.0,0.0
2024-09-13 14:11:00+09:00,1301.0,1301.0,1301.0,1301.0,1300,0.0,0.0
2024-09-13 14:12:00+09:00,1301.0,1302.0,1301.0,1302.0,3600,0.0,0.0
2024-09-13 14:14:00+09:00,1302.0,1302.0,1302.0,1302.0,1300,0.0,0.0
2024-09-13 14:15:00+09:00,1302.0,1302.0,1302.0,1302.0,100,0.0,0.0
2024-09-13 14:17:00+09:00,1302.0,1302.0,1302.0,1302.0,1900,0.0,0.0
2024-09-13 14:18:00+09:00,1302.0,1302.0,1302.0,1302.0,200,0.0,0.0
2024-09-13 14:19:00+09:00,1302.0,1302.0,1302.0,1302.0,100,0.0,0.0
2024-09-13 14:20:00+09:00,1303.0,1304.0,1303.0,1304.0,7300,0.0,0.0
2024-09-13 14:23:00+09:00,1303.0,1303.0,1302.0,1302.0,5100,0.0,0.0
2024-09-13 14:25:00+09:00,1301.0,1301.0,1301.0,1301.0,1800,0.0,0.0
2024-09-13 14:26:00+09:00,1300.0,1300.0,1300.0,1300.0,100,0.0,0.0
2024-09-13 14:27:00+09:00,1300.0,1300.0,1299.0,1299.0,13200,0.0,0.0
2024-09-13 14:28:00+09:00,1300.0,1300.0,1300.0,1300.0,100,0.0,0.0
2024-09-13 14:29:00+09:00,1300.0,1300.0,1300.0,1300.0,300,0.0,0.0
2024-09-13 14:30:00+09:00,1300.0,1300.0,1300.0,1300.0,100,0.0,0.0
2024-09-13 14:31:00+09:00,1299.0,1300.0,1299.0,1299.0,4100,0.0,0.0
2024-09-13 14:32:00+09:00,1300.0,1300.0,1300.0,1300.0,100,0.0,0.0
2024-09-13 14:34:00+09:00,1299.0,1299.0,1299.0,1299.0,300,0.0,0.0
2024-09-13 14:35:00+09:00,1299.0,1299.0,1299.0,1299.0,100,0.0,0.0
2024-09-13 14:36:00+09:00,1299.0,1299.0,1299.0,1299.0,4200,0.0,0.0
2024-09-13 14:37:00+09:00,1298.0,1298.0,1298.0,1298.0,100,0.0,0.0
2024-09-13 14:38:00+09:00,1298.0,1299.0,1298.0,1298.0,1500,0.0,0.0
2024-09-13 14:39:00+09:00,1299.0,1299.0,1299.0,1299.0,400,0.0,0.0
2024-09-13 14:40:00+09:00,1299.0,1299.0,1299.0,1299.0,4000,0.0,0.0
2024-09-13 14:41:00+09:00,1299.0,1299.0,1299.0,1299.0,200,0.0,0.0
2024-09-13 14:42:00+09:00,1299.0,1299.0,1298.0,1298.0,8900,0.0,0.0
2024-09-13 14:43:00+09:00,1298.0,1298.0,1296.0,1297.0,4600,0.0,0.0
2024-09-13 14:44:00+09:00,1296.0,1296.0,1296.0,1296.0,300,0.0,0.0
2024-09-13 14:45:00+09:00,1297.0,1297.0,1297.0,1297.0,3800,0.0,0.0
2024-09-13 14:46:00+09:00,1297.0,1298.0,1297.0,1298.0,4700,0.0,0.0
2024-09-13 14:47:00+09:00,1298.0,1299.0,1298.0,1298.0,1000,0.0,0.0
2024-09-13 14:48:00+09:00,1298.0,1299.0,1298.0,1298.0,900,0.0,0.0
2024-09-13 14:49:00+09:00,1298.0,1298.0,1298.0,1298.0,900,0.0,0.0
2024-09-13 14:50:00+09:00,1299.0,1299.0,1297.0,1297.0,10800,0.0,0.0
2024-09-13 14:51:00+09:00,1296.0,1296.0,1296.0,1296.0,200,0.0,0.0
2024-09-13 14:52:00+09:00,1296.0,1297.0,1296.0,1296.0,7700,0.0,0.0
2024-09-13 14:53:00+09:00,1296.0,1296.0,1296.0,1296.0,2600,0.0,0.0
2024-09-13 14:55:00+09:00,1296.0,1296.0,1296.0,1296.0,1300,0.0,0.0
2024-09-13 14:56:00+09:00,1296.0,1296.0,1296.0,1296.0,200,0.0,0.0
2024-09-13 14:57:00+09:00,1296.0,1296.0,1296.0,1296.0,1100,0.0,0.0
2024-09-13 14:58:00+09:00,1296.0,1296.0,1295.0,1295.0,11300,0.0,0.0
2024-09-13 14:59:00+09:00,1295.0,1295.0,1293.0,1293.0,15300,0.0,0.0
