Datetime,Open,High,Low,Close,Volume,Dividends,Stock Splits
2022-10-13 09:30:00-04:00,32.04999923706055,33.1349983215332,31.90999984741211,32.869998931884766,33217,0.0,0.0
2022-10-13 10:30:00-04:00,32.72999954223633,33.79999923706055,32.560001373291016,33.739601135253906,34211,0.0,0.0
2022-10-13 11:30:00-04:00,33.810001373291016,34.07889938354492,33.72999954223633,33.7599983215332,27951,0.0,0.0
2022-10-13 12:30:00-04:00,33.7599983215332,34.380001068115234,33.7599983215332,34.29999923706055,24480,0.0,0.0
2022-10-13 13:30:00-04:00,34.380001068115234,34.459999084472656,34.22999954223633,34.2400016784668,28418,0.0,0.0
2022-10-13 14:30:00-04:00,34.2599983215332,34.63999938964844,34.2599983215332,34.46500015258789,29061,0.0,0.0
2022-10-13 15:30:00-04:00,34.415000915527344,34.65999984741211,34.349998474121094,34.560001373291016,40149,0.0,0.0
2022-10-14 09:30:00-04:00,34.61000061035156,34.849998474121094,33.529998779296875,33.654998779296875,20755,0.0,0.0
2022-10-14 10:30:00-04:00,33.720001220703125,33.880001068115234,33.560001373291016,33.68000030517578,13852,0.0,0.0
2022-10-14 11:30:00-04:00,33.66999816894531,33.73789978027344,33.38999938964844,33.43000030517578,23531,0.0,0.0
2022-10-14 12:30:00-04:00,33.459999084472656,33.5,33.244998931884766,33.400001525878906,15644,0.0,0.0
2022-10-14 13:30:00-04:00,33.38999938964844,33.45000076293945,33.20000076293945,33.27000045776367,15766,0.0,0.0
2022-10-14 14:30:00-04:00,33.2400016784668,33.2400016784668,32.970001220703125,33.119998931884766,20754,0.0,0.0
2022-10-14 15:30:00-04:00,33.06999969482422,33.31999969482422,32.935001373291016,33.27000045776367,65960,0.0,0.0
2022-10-17 09:30:00-04:00,33.9900016784668,34.36000061035156,33.81999969482422,34.33000183105469,12739,0.0,0.0
2022-10-17 10:30:00-04:00,34.33000183105469,34.415000915527344,33.560001373291016,34.16999816894531,21520,0.0,0.0
2022-10-17 11:30:00-04:00,34.08000183105469,34.29999923706055,34.08000183105469,34.17499923706055,6000,0.0,0.0
2022-10-17 12:30:00-04:00,34.13999938964844,34.16859817504883,33.939998626708984,34.119998931884766,6460,0.0,0.0
2022-10-17 13:30:00-04:00,34.11000061035156,34.18000030517578,33.900001525878906,33.95000076293945,12368,0.0,0.0
2022-10-17 14:30:00-04:00,33.970001220703125,34.06999969482422,33.9640007019043,33.98500061035156,17350,0.0,0.0
2022-10-17 15:30:00-04:00,34.0,34.095001220703125,33.939998626708984,34.02000045776367,30714,0.0,0.0
2022-10-18 09:30:00-04:00,34.470001220703125,34.64500045776367,34.224998474121094,34.224998474121094,17288,0.0,0.0
2022-10-18 10:30:00-04:00,34.20500183105469,34.209999084472656,33.84000015258789,33.84000015258789,8886,0.0,0.0
2022-10-18 11:30:00-04:00,33.810001373291016,33.810001373291016,33.42499923706055,33.599998474121094,22557,0.0,0.0
2022-10-18 12:30:00-04:00,33.70000076293945,33.970001220703125,33.68000030517578,33.970001220703125,15806,0.0,0.0
2022-10-18 13:30:00-04:00,34.01499938964844,34.05500030517578,33.95000076293945,34.029998779296875,13099,0.0,0.0
2022-10-18 14:30:00-04:00,34.02000045776367,34.02000045776367,33.790000915527344,33.83000183105469,20025,0.0,0.0
2022-10-18 15:30:00-04:00,33.810001373291016,33.900001525878906,33.77000045776367,33.83000183105469,25148,0.0,0.0
2022-10-19 09:30:00-04:00,33.63999938964844,33.970001220703125,33.56050109863281,33.78499984741211,16197,0.0,0.0
2022-10-19 10:30:00-04:00,33.86000061035156,34.040000915527344,33.72999954223633,33.939998626708984,7069,0.0,0.0
2022-10-19 11:30:00-04:00,33.93000030517578,34.130001068115234,33.91999816894531,34.0099983215332,7595,0.0,0.0
2022-10-19 12:30:00-04:00,34.0,34.0,33.739498138427734,33.88999938964844,11096,0.0,0.0
2022-10-19 13:30:00-04:00,33.9286003112793,34.19499969482422,33.91999816894531,34.119998931884766,11194,0.0,0.0
2022-10-19 14:30:00-04:00,34.08000183105469,34.18000030517578,34.060001373291016,34.060001373291016,10907,0.0,0.0
2022-10-19 15:30:00-04:00,34.029998779296875,34.209999084472656,34.02000045776367,34.16999816894531,20431,0.0,0.0
2022-10-20 09:30:00-04:00,34.20000076293945,34.63999938964844,34.09000015258789,34.40999984741211,10588,0.0,0.0
2022-10-20 10:30:00-04:00,34.38999938964844,34.38999938964844,34.08000183105469,34.2599983215332,15852,0.0,0.0
2022-10-20 11:30:00-04:00,34.38999938964844,34.4900016784668,33.939998626708984,34.0,10687,0.0,0.0
2022-10-20 12:30:00-04:00,34.04999923706055,34.08000183105469,33.900001525878906,33.97999954223633,9236,0.0,0.0
2022-10-20 13:30:00-04:00,34.0099983215332,34.040000915527344,33.755001068115234,33.880001068115234,12261,0.0,0.0
2022-10-20 14:30:00-04:00,33.88999938964844,34.209999084472656,33.83000183105469,34.0099983215332,28228,0.0,0.0
2022-10-20 15:30:00-04:00,34.08000183105469,34.11000061035156,33.93000030517578,34.0099983215332,23980,0.0,0.0
2022-10-21 09:30:00-04:00,34.279998779296875,34.63990020751953,34.20000076293945,34.40999984741211,17537,0.0,0.0
2022-10-21 10:30:00-04:00,34.3650016784668,34.4900016784668,34.029998779296875,34.4900016784668,11866,0.0,0.0
2022-10-21 11:30:00-04:00,34.52000045776367,34.727901458740234,34.400001525878906,34.5099983215332,11855,0.0,0.0
2022-10-21 12:30:00-04:00,34.630001068115234,34.939998626708984,34.54880142211914,34.83000183105469,18117,0.0,0.0
2022-10-21 13:30:00-04:00,34.779998779296875,34.91999816894531,34.72999954223633,34.83369827270508,17735,0.0,0.0
2022-10-21 14:30:00-04:00,34.86000061035156,35.060001373291016,34.7599983215332,35.029998779296875,17589,0.0,0.0
2022-10-21 15:30:00-04:00,35.025001525878906,35.29999923706055,35.025001525878906,35.29999923706055,70491,0.0,0.0
2022-10-24 09:30:00-04:00,35.529998779296875,35.70000076293945,34.709999084472656,34.86000061035156,20675,0.0,0.0
2022-10-24 10:30:00-04:00,35.0099983215332,35.13999938964844,34.78499984741211,34.79999923706055,12060,0.0,0.0
2022-10-24 11:30:00-04:00,34.85499954223633,35.25,34.85499954223633,35.099998474121094,12663,0.0,0.0
2022-10-24 12:30:00-04:00,35.1349983215332,35.224998474121094,35.029998779296875,35.029998779296875,12116,0.0,0.0
2022-10-24 13:30:00-04:00,35.029998779296875,35.22999954223633,35.029998779296875,35.20759963989258,8491,0.0,0.0
2022-10-24 14:30:00-04:00,35.189998626708984,35.34000015258789,35.17499923706055,35.32500076293945,16732,0.0,0.0
2022-10-24 15:30:00-04:00,35.290000915527344,35.41999816894531,35.06999969482422,35.099998474121094,42086,0.0,0.0
2022-10-25 09:30:00-04:00,34.970001220703125,35.47999954223633,34.709999084472656,35.47999954223633,7276,0.0,0.0
2022-10-25 10:30:00-04:00,35.4900016784668,35.630001068115234,35.380001068115234,35.54499816894531,8348,0.0,0.0
2022-10-25 11:30:00-04:00,35.59000015258789,35.619998931884766,35.42499923706055,35.540000915527344,11892,0.0,0.0
2022-10-25 12:30:00-04:00,35.56999969482422,35.56999969482422,35.349998474121094,35.430999755859375,10474,0.0,0.0
2022-10-25 13:30:00-04:00,35.459999084472656,35.529998779296875,35.38999938964844,35.529998779296875,17831,0.0,0.0
2022-10-25 14:30:00-04:00,35.53499984741211,35.650001525878906,35.26599884033203,35.619998931884766,29107,0.0,0.0
2022-10-25 15:30:00-04:00,35.650001525878906,35.72999954223633,35.61000061035156,35.72999954223633,32770,0.0,0.0
2022-10-26 09:30:00-04:00,36.0,36.61000061035156,35.630001068115234,36.13999938964844,26063,0.0,0.0
2022-10-26 10:30:00-04:00,36.130001068115234,36.39500045776367,36.042598724365234,36.33000183105469,12057,0.0,0.0
2022-10-26 11:30:00-04:00,36.31999969482422,36.630001068115234,36.31999969482422,36.60499954223633,12386,0.0,0.0
2022-10-26 12:30:00-04:00,36.63999938964844,36.650001525878906,36.13999938964844,36.439998626708984,16880,0.0,0.0
2022-10-26 13:30:00-04:00,36.43000030517578,36.52389907836914,36.279998779296875,36.32500076293945,16416,0.0,0.0
2022-10-26 14:30:00-04:00,36.310001373291016,36.310001373291016,35.93000030517578,36.029998779296875,50254,0.0,0.0
2022-10-26 15:30:00-04:00,36.005001068115234,36.150001525878906,35.77000045776367,35.810001373291016,82333,0.0,0.0
2022-10-27 09:30:00-04:00,36.060001373291016,36.119998931884766,35.08000183105469,35.650001525878906,45110,0.0,0.0
2022-10-27 10:30:00-04:00,35.58000183105469,35.69499969482422,35.165000915527344,35.599998474121094,33092,0.0,0.0
2022-10-27 11:30:00-04:00,35.56999969482422,35.744998931884766,35.150001525878906,35.209999084472656,26806,0.0,0.0
2022-10-27 12:30:00-04:00,35.22999954223633,35.63410186767578,35.22999954223633,35.45000076293945,16187,0.0,0.0
2022-10-27 13:30:00-04:00,35.45000076293945,35.61349868774414,35.25,35.2599983215332,21974,0.0,0.0
2022-10-27 14:30:00-04:00,35.2599983215332,35.279998779296875,34.779998779296875,34.92499923706055,31740,0.0,0.0
2022-10-27 15:30:00-04:00,34.974998474121094,35.029998779296875,34.5,34.52000045776367,65365,0.0,0.0
2022-10-28 09:30:00-04:00,34.59000015258789,34.79999923706055,33.86000061035156,34.16999816894531,60363,0.0,0.0
2022-10-28 10:30:00-04:00,34.08000183105469,34.43000030517578,34.060001373291016,34.3849983215332,30129,0.0,0.0
2022-10-28 11:30:00-04:00,34.38999938964844,34.994998931884766,34.38999938964844,34.92499923706055,25441,0.0,0.0
2022-10-28 12:30:00-04:00,34.959999084472656,35.06999969482422,34.845001220703125,34.935001373291016,18153,0.0,0.0
2022-10-28 13:30:00-04:00,34.95000076293945,34.98500061035156,34.84000015258789,34.849998474121094,30252,0.0,0.0
2022-10-28 14:30:00-04:00,34.880001068115234,35.27000045776367,34.84000015258789,34.84000015258789,34994,0.0,0.0
2022-10-28 15:30:00-04:00,34.869998931884766,35.07500076293945,34.82500076293945,34.95000076293945,65518,0.0,0.0
2022-10-31 09:30:00-04:00,35.04999923706055,35.400001525878906,34.790000915527344,35.24300003051758,61559,0.0,0.0
2022-10-31 10:30:00-04:00,35.119998931884766,35.595001220703125,34.97999954223633,35.47880172729492,36870,0.0,0.0
2022-10-31 11:30:00-04:00,35.474998474121094,35.474998474121094,35.15999984741211,35.18000030517578,19062,0.0,0.0
2022-10-31 12:30:00-04:00,35.15999984741211,35.34000015258789,35.0,35.34000015258789,10641,0.0,0.0
2022-10-31 13:30:00-04:00,35.380001068115234,35.529998779296875,35.33000183105469,35.36000061035156,18812,0.0,0.0
2022-10-31 14:30:00-04:00,35.400001525878906,35.439998626708984,35.25,35.314998626708984,21741,0.0,0.0
2022-10-31 15:30:00-04:00,35.33000183105469,35.380001068115234,35.15999984741211,35.290000915527344,32497,0.0,0.0
2022-11-01 09:30:00-04:00,35.79999923706055,35.79999923706055,35.0099983215332,35.529998779296875,16241,0.0,0.0
2022-11-01 10:30:00-04:00,35.562599182128906,35.77000045776367,35.33000183105469,35.75,8589,0.0,0.0
2022-11-01 11:30:00-04:00,35.79499816894531,35.94499969482422,35.55759811401367,35.93339920043945,15010,0.0,0.0
2022-11-01 12:30:00-04:00,35.935001373291016,36.05500030517578,35.90999984741211,35.90999984741211,12523,0.0,0.0
2022-11-01 13:30:00-04:00,35.935001373291016,35.95000076293945,35.810001373291016,35.82500076293945,24206,0.0,0.0
2022-11-01 14:30:00-04:00,35.810001373291016,35.810001373291016,35.33000183105469,35.33000183105469,25219,0.0,0.0
2022-11-01 15:30:00-04:00,35.349998474121094,35.349998474121094,35.09000015258789,35.09000015258789,70822,0.0,0.0
2022-11-02 09:30:00-04:00,35.58000183105469,37.08000183105469,35.16999816894531,36.72999954223633,101941,0.0,0.0
2022-11-02 10:30:00-04:00,36.79890060424805,37.29999923706055,36.580101013183594,36.994998931884766,50054,0.0,0.0
2022-11-02 11:30:00-04:00,36.92499923706055,37.13999938964844,36.525299072265625,36.81999969482422,27797,0.0,0.0
2022-11-02 12:30:00-04:00,36.822601318359375,37.02989959716797,36.720001220703125,36.86000061035156,27636,0.0,0.0
2022-11-02 13:30:00-04:00,36.84000015258789,37.4900016784668,36.77000045776367,37.439998626708984,42768,0.0,0.0
2022-11-02 14:30:00-04:00,37.477500915527344,37.477500915527344,36.220001220703125,36.31399917602539,84064,0.0,0.0
2022-11-02 15:30:00-04:00,36.26860046386719,36.810001373291016,36.255001068115234,36.52000045776367,91589,0.0,0.0
2022-11-03 09:30:00-04:00,36.0099983215332,36.849998474121094,36.0099983215332,36.25,31103,0.0,0.0
2022-11-03 10:30:00-04:00,36.220001220703125,36.79499816894531,36.209999084472656,36.27000045776367,18996,0.0,0.0
2022-11-03 11:30:00-04:00,36.310001373291016,36.7400016784668,36.2400016784668,36.7400016784668,18642,0.0,0.0
2022-11-03 12:30:00-04:00,36.70500183105469,36.88999938964844,36.564998626708984,36.65999984741211,20453,0.0,0.0
2022-11-03 13:30:00-04:00,36.560001373291016,36.560001373291016,36.209999084472656,36.43050003051758,16744,0.0,0.0
2022-11-03 14:30:00-04:00,36.459999084472656,36.7599983215332,36.439998626708984,36.630001068115234,38129,0.0,0.0
2022-11-03 15:30:00-04:00,36.58000183105469,36.779998779296875,36.5099983215332,36.68000030517578,50565,0.0,0.0
2022-11-04 09:30:00-04:00,36.810001373291016,37.84000015258789,36.810001373291016,37.782901763916016,27288,0.0,0.0
2022-11-04 10:30:00-04:00,37.84000015258789,38.0,37.38999938964844,37.54999923706055,25352,0.0,0.0
2022-11-04 11:30:00-04:00,37.5099983215332,37.529998779296875,36.88999938964844,36.88999938964844,19527,0.0,0.0
2022-11-04 12:30:00-04:00,36.856998443603516,36.91999816894531,36.66999816894531,36.849998474121094,19301,0.0,0.0
2022-11-04 13:30:00-04:00,36.939998626708984,37.099998474121094,36.849998474121094,36.970001220703125,14958,0.0,0.0
2022-11-04 14:30:00-04:00,36.97999954223633,37.15999984741211,36.93000030517578,37.13999938964844,25817,0.0,0.0
2022-11-04 15:30:00-04:00,37.11000061035156,37.435001373291016,37.099998474121094,37.400001525878906,56480,0.0,0.0
2022-11-07 09:30:00-05:00,37.41999816894531,38.09000015258789,37.41999816894531,37.91999816894531,22739,0.0,0.0
2022-11-07 10:30:00-05:00,37.875,38.279998779296875,37.630001068115234,38.279998779296875,25836,0.0,0.0
2022-11-07 11:30:00-05:00,38.31999969482422,38.459999084472656,38.099998474121094,38.369998931884766,17236,0.0,0.0
2022-11-07 12:30:00-05:00,38.40999984741211,38.43000030517578,38.060001373291016,38.209999084472656,12270,0.0,0.0
2022-11-07 13:30:00-05:00,38.22999954223633,38.22999954223633,38.0,38.18000030517578,13647,0.0,0.0
2022-11-07 14:30:00-05:00,38.220001220703125,38.33000183105469,38.16999816894531,38.290000915527344,23209,0.0,0.0
2022-11-07 15:30:00-05:00,38.31999969482422,38.41999816894531,38.2599983215332,38.29999923706055,47156,0.0,0.0
2022-11-08 09:30:00-05:00,38.45000076293945,38.650001525878906,38.04999923706055,38.564998626708984,15414,0.0,0.0
2022-11-08 10:30:00-05:00,38.525001525878906,38.689998626708984,38.470001220703125,38.61000061035156,12540,0.0,0.0
2022-11-08 11:30:00-05:00,38.560001373291016,38.65999984741211,38.459999084472656,38.5,11955,0.0,0.0
2022-11-08 12:30:00-05:00,38.45000076293945,38.494998931884766,37.970001220703125,37.970001220703125,12868,0.0,0.0
2022-11-08 13:30:00-05:00,37.95000076293945,38.029998779296875,37.54999923706055,37.54999923706055,17479,0.0,0.0
2022-11-08 14:30:00-05:00,37.52000045776367,37.834999084472656,37.52000045776367,37.81999969482422,22585,0.0,0.0
2022-11-08 15:30:00-05:00,37.79999923706055,37.97999954223633,37.75,37.83000183105469,32826,0.0,0.0
2022-11-09 09:30:00-05:00,37.40999984741211,37.40999984741211,36.810001373291016,36.869998931884766,14252,0.0,0.0
2022-11-09 10:30:00-05:00,36.939998626708984,36.970001220703125,36.25,36.3650016784668,18181,0.0,0.0
2022-11-09 11:30:00-05:00,36.26499938964844,36.61000061035156,36.2599983215332,36.33000183105469,10514,0.0,0.0
2022-11-09 12:30:00-05:00,36.27000045776367,36.33000183105469,35.91999816894531,35.94499969482422,17252,0.0,0.0
2022-11-09 13:30:00-05:00,35.810001373291016,35.810001373291016,35.349998474121094,35.349998474121094,17756,0.0,0.0
2022-11-09 14:30:00-05:00,35.290000915527344,35.29999923706055,35.029998779296875,35.08000183105469,30234,0.0,0.0
2022-11-09 15:30:00-05:00,35.04999923706055,35.470001220703125,35.029998779296875,35.38999938964844,55177,0.0,0.0
2022-11-10 09:30:00-05:00,36.369998931884766,37.599998474121094,36.22999954223633,37.459999084472656,24768,0.0,0.0
2022-11-10 10:30:00-05:00,37.400001525878906,37.71500015258789,37.27939987182617,37.58000183105469,15860,0.0,0.0
2022-11-10 11:30:00-05:00,37.60499954223633,37.685001373291016,36.95500183105469,36.959999084472656,18688,0.0,0.0
2022-11-10 12:30:00-05:00,36.845001220703125,36.845001220703125,36.435001373291016,36.779998779296875,23831,0.0,0.0
2022-11-10 13:30:00-05:00,36.75,36.9286003112793,36.70000076293945,36.9286003112793,26069,0.0,0.0
2022-11-10 14:30:00-05:00,36.88999938964844,36.97999954223633,36.7599983215332,36.95000076293945,31561,0.0,0.0
2022-11-10 15:30:00-05:00,36.974998474121094,37.0,36.86000061035156,36.95000076293945,34360,0.0,0.0
2022-11-11 09:30:00-05:00,37.349998474121094,37.4900016784668,37.220001220703125,37.400001525878906,14150,0.0,0.0
2022-11-11 10:30:00-05:00,37.290000915527344,37.290000915527344,36.66999816894531,36.73500061035156,10783,0.0,0.0
2022-11-11 11:30:00-05:00,36.68000030517578,36.875,36.56999969482422,36.77000045776367,10049,0.0,0.0
2022-11-11 12:30:00-05:00,36.810001373291016,37.06999969482422,36.790000915527344,36.97999954223633,21245,0.0,0.0
2022-11-11 13:30:00-05:00,36.95000076293945,37.310001373291016,36.94499969482422,37.29999923706055,18441,0.0,0.0
2022-11-11 14:30:00-05:00,37.29499816894531,37.439998626708984,37.20500183105469,37.39500045776367,26889,0.0,0.0
2022-11-11 15:30:00-05:00,37.439998626708984,37.45500183105469,37.189998626708984,37.310001373291016,32544,0.0,0.0
2022-11-14 09:30:00-05:00,36.79999923706055,37.7400016784668,36.79999923706055,37.70000076293945,19133,0.0,0.0
2022-11-14 10:30:00-05:00,37.720001220703125,37.93000030517578,37.400001525878906,37.52000045776367,17722,0.0,0.0
2022-11-14 11:30:00-05:00,37.599998474121094,37.869998931884766,37.599998474121094,37.8650016784668,7706,0.0,0.0
2022-11-14 12:30:00-05:00,37.904998779296875,38.220001220703125,37.88520050048828,38.220001220703125,13052,0.0,0.0
2022-11-14 13:30:00-05:00,38.29999923706055,38.369998931884766,38.150001525878906,38.154998779296875,14993,0.0,0.0
2022-11-14 14:30:00-05:00,38.130001068115234,38.130001068115234,37.73500061035156,37.869998931884766,13956,0.0,0.0
2022-11-14 15:30:00-05:00,37.845001220703125,37.88999938964844,37.38999938964844,37.40999984741211,31494,0.0,0.0
2022-11-15 09:30:00-05:00,37.880001068115234,37.93000030517578,37.11000061035156,37.83000183105469,23501,0.0,0.0
2022-11-15 10:30:00-05:00,37.810001373291016,37.915000915527344,37.599998474121094,37.849998474121094,16272,0.0,0.0
2022-11-15 11:30:00-05:00,37.7400016784668,37.91999816894531,37.720001220703125,37.86000061035156,9977,0.0,0.0
2022-11-15 12:30:00-05:00,37.86000061035156,37.93000030517578,37.640098571777344,37.76499938964844,27644,0.0,0.0
2022-11-15 13:30:00-05:00,37.65999984741211,38.150001525878906,37.584999084472656,38.09000015258789,27915,0.0,0.0
2022-11-15 14:30:00-05:00,38.06999969482422,38.290000915527344,37.88999938964844,38.290000915527344,18815,0.0,0.0
2022-11-15 15:30:00-05:00,38.244998931884766,38.31999969482422,37.97999954223633,38.150001525878906,51268,0.0,0.0
2022-11-16 09:30:00-05:00,37.779998779296875,37.849998474121094,37.11000061035156,37.310001373291016,14578,0.0,0.0
2022-11-16 10:30:00-05:00,37.290000915527344,37.290000915527344,36.900001525878906,36.98699951171875,12316,0.0,0.0
2022-11-16 11:30:00-05:00,37.06999969482422,37.41999816894531,36.940101623535156,37.23500061035156,10977,0.0,0.0
2022-11-16 12:30:00-05:00,37.23780059814453,37.41999816894531,37.18000030517578,37.18000030517578,11996,0.0,0.0
2022-11-16 13:30:00-05:00,37.15999984741211,37.209999084472656,37.06010055541992,37.130001068115234,6542,0.0,0.0
2022-11-16 14:30:00-05:00,37.029998779296875,37.119998931884766,36.959999084472656,37.064998626708984,9863,0.0,0.0
2022-11-16 15:30:00-05:00,37.060001373291016,37.2400016784668,37.029998779296875,37.20000076293945,40494,0.0,0.0
2022-11-17 09:30:00-05:00,36.689998626708984,37.6349983215332,36.209999084472656,37.6349983215332,18120,0.0,0.0
2022-11-17 10:30:00-05:00,37.540000915527344,37.654998779296875,37.07500076293945,37.18000030517578,17222,0.0,0.0
2022-11-17 11:30:00-05:00,37.16999816894531,37.56999969482422,37.16999816894531,37.43000030517578,20400,0.0,0.0
2022-11-17 12:30:00-05:00,37.40999984741211,37.41999816894531,37.345001220703125,37.369998931884766,9823,0.0,0.0
2022-11-17 13:30:00-05:00,37.34000015258789,37.34000015258789,37.209999084472656,37.33000183105469,9499,0.0,0.0
2022-11-17 14:30:00-05:00,37.380001068115234,37.63999938964844,37.33000183105469,37.459999084472656,17369,0.0,0.0
2022-11-17 15:30:00-05:00,37.45009994506836,37.630001068115234,37.33000183105469,37.59000015258789,33129,0.0,0.0
2022-11-18 09:30:00-05:00,38.09000015258789,38.09000015258789,37.31999969482422,37.31999969482422,29126,0.0,0.0
2022-11-18 10:30:00-05:00,37.459999084472656,37.5099983215332,37.0,37.02000045776367,11914,0.0,0.0
2022-11-18 11:30:00-05:00,37.02000045776367,37.040000915527344,36.65999984741211,36.79999923706055,14383,0.0,0.0
2022-11-18 12:30:00-05:00,36.7400016784668,36.88999938964844,36.61000061035156,36.88999938964844,10866,0.0,0.0
2022-11-18 13:30:00-05:00,36.875,36.875,36.560001373291016,36.70500183105469,15516,0.0,0.0
2022-11-18 14:30:00-05:00,36.61000061035156,36.79499816894531,36.59000015258789,36.72999954223633,13360,0.0,0.0
2022-11-18 15:30:00-05:00,36.709999084472656,36.814998626708984,36.650001525878906,36.779998779296875,31551,0.0,0.0
2022-11-21 09:30:00-05:00,36.599998474121094,36.81999969482422,36.529998779296875,36.68000030517578,8004,0.0,0.0
2022-11-21 10:30:00-05:00,36.69499969482422,36.81999969482422,36.599998474121094,36.81999969482422,4952,0.0,0.0
2022-11-21 11:30:00-05:00,36.849998474121094,37.19499969482422,36.849998474121094,37.19499969482422,13107,0.0,0.0
2022-11-21 12:30:00-05:00,37.2400016784668,37.48500061035156,37.22999954223633,37.439998626708984,9648,0.0,0.0
2022-11-21 13:30:00-05:00,37.40999984741211,37.494998931884766,37.40999984741211,37.45000076293945,5471,0.0,0.0
2022-11-21 14:30:00-05:00,37.47999954223633,37.47999954223633,37.279998779296875,37.36000061035156,13248,0.0,0.0
2022-11-21 15:30:00-05:00,37.369998931884766,37.540000915527344,37.36349868774414,37.5099983215332,25471,0.0,0.0
2022-11-22 09:30:00-05:00,37.5,37.869998931884766,37.5,37.8650016784668,14113,0.0,0.0
2022-11-22 10:30:00-05:00,37.880001068115234,37.880001068115234,37.52000045776367,37.52000045776367,12943,0.0,0.0
2022-11-22 11:30:00-05:00,37.56010055541992,37.70500183105469,37.529998779296875,37.650001525878906,7005,0.0,0.0
2022-11-22 12:30:00-05:00,37.630001068115234,37.88999938964844,37.630001068115234,37.88999938964844,8463,0.0,0.0
2022-11-22 13:30:00-05:00,37.88999938964844,37.959999084472656,37.849998474121094,37.88999938964844,6330,0.0,0.0
2022-11-22 14:30:00-05:00,37.900001525878906,37.959999084472656,37.880001068115234,37.91999816894531,9939,0.0,0.0
2022-11-22 15:30:00-05:00,37.93000030517578,38.150001525878906,37.93000030517578,38.119998931884766,23590,0.0,0.0
2022-11-23 09:30:00-05:00,38.099998474121094,38.36000061035156,37.959999084472656,38.04999923706055,11020,0.0,0.0
2022-11-23 10:30:00-05:00,38.08000183105469,38.20000076293945,38.060001373291016,38.09000015258789,6145,0.0,0.0
2022-11-23 11:30:00-05:00,38.06999969482422,38.06999969482422,37.85499954223633,37.8650016784668,3595,0.0,0.0
2022-11-23 12:30:00-05:00,37.81999969482422,37.90999984741211,37.619998931884766,37.852901458740234,6105,0.0,0.0
2022-11-23 13:30:00-05:00,37.869998931884766,38.099998474121094,37.81039810180664,38.09000015258789,8629,0.0,0.0
2022-11-23 14:30:00-05:00,38.02000045776367,38.040000915527344,37.88999938964844,38.0099983215332,6068,0.0,0.0
2022-11-23 15:30:00-05:00,37.994998931884766,38.11000061035156,37.91999816894531,37.95600128173828,18393,0.0,0.0
2022-11-25 09:30:00-05:00,37.65999984741211,38.06999969482422,37.59000015258789,37.73500061035156,18344,0.0,0.0
2022-11-25 10:30:00-05:00,37.709999084472656,37.709999084472656,37.47999954223633,37.66999816894531,22855,0.0,0.0
2022-11-25 11:30:00-05:00,37.630001068115234,37.75,37.59000015258789,37.689998626708984,18864,0.0,0.0
2022-11-28 09:30:00-05:00,36.9900016784668,37.560001373291016,36.9900016784668,37.279998779296875,12158,0.0,0.0
2022-11-28 10:30:00-05:00,37.400001525878906,37.44499969482422,37.27000045776367,37.439998626708984,18052,0.0,0.0
2022-11-28 11:30:00-05:00,37.47999954223633,37.93000030517578,37.47999954223633,37.869998931884766,18243,0.0,0.0
2022-11-28 12:30:00-05:00,37.84000015258789,37.92150115966797,37.41999816894531,37.41999816894531,12126,0.0,0.0
2022-11-28 13:30:00-05:00,37.47999954223633,37.70000076293945,37.349998474121094,37.470001220703125,21247,0.0,0.0
2022-11-28 14:30:00-05:00,37.459999084472656,37.5099983215332,37.189998626708984,37.22999954223633,21034,0.0,0.0
2022-11-28 15:30:00-05:00,37.19499969482422,37.40999984741211,37.150001525878906,37.36000061035156,41389,0.0,0.0
2022-11-29 09:30:00-05:00,37.689998626708984,38.02000045776367,37.6150016784668,37.720001220703125,7347,0.0,0.0
2022-11-29 10:30:00-05:00,37.7400016784668,38.04999923706055,37.650001525878906,37.689998626708984,18870,0.0,0.0
2022-11-29 11:30:00-05:00,37.689998626708984,37.75,37.560001373291016,37.61000061035156,14075,0.0,0.0
2022-11-29 12:30:00-05:00,37.63999938964844,37.779998779296875,37.61000061035156,37.65999984741211,13674,0.0,0.0
2022-11-29 13:30:00-05:00,37.650001525878906,37.72999954223633,37.630001068115234,37.630001068115234,14243,0.0,0.0
2022-11-29 14:30:00-05:00,37.630001068115234,37.68000030517578,37.525001525878906,37.599998474121094,17791,0.0,0.0
2022-11-29 15:30:00-05:00,37.595001220703125,37.65999984741211,37.36000061035156,37.650001525878906,36123,0.0,0.0
2022-11-30 09:30:00-05:00,37.939998626708984,37.939998626708984,36.849998474121094,36.86000061035156,24805,0.0,0.0
2022-11-30 10:30:00-05:00,36.82440185546875,37.459999084472656,36.790000915527344,37.41999816894531,10680,0.0,0.0
2022-11-30 11:30:00-05:00,37.41999816894531,37.459999084472656,37.125,37.220001220703125,10069,0.0,0.0
2022-11-30 12:30:00-05:00,37.279998779296875,37.44499969482422,37.13999938964844,37.310001373291016,10436,0.0,0.0
2022-11-30 13:30:00-05:00,37.290000915527344,38.255001068115234,37.27000045776367,38.255001068115234,27233,0.0,0.0
2022-11-30 14:30:00-05:00,38.22999954223633,38.400001525878906,38.22999954223633,38.32500076293945,24345,0.0,0.0
2022-11-30 15:30:00-05:00,38.32600021362305,38.599998474121094,38.32600021362305,38.47999954223633,34858,0.0,0.0
2022-12-01 09:30:00-05:00,38.619998931884766,38.689998626708984,37.709999084472656,37.790000915527344,29322,0.0,0.0
2022-12-01 10:30:00-05:00,37.7599983215332,37.970001220703125,37.58000183105469,37.66830062866211,16701,0.0,0.0
2022-12-01 11:30:00-05:00,37.68000030517578,37.959999084472656,37.54999923706055,37.709999084472656,13272,0.0,0.0
2022-12-01 12:30:00-05:00,37.83000183105469,37.834999084472656,37.65999984741211,37.720001220703125,8418,0.0,0.0
2022-12-01 13:30:00-05:00,37.68000030517578,37.849998474121094,37.68000030517578,37.7400016784668,8657,0.0,0.0
2022-12-01 14:30:00-05:00,37.78499984741211,37.83000183105469,37.255001068115234,37.255001068115234,28674,0.0,0.0
2022-12-01 15:30:00-05:00,37.244998931884766,37.34000015258789,37.060001373291016,37.06999969482422,72099,0.0,0.0
2022-12-02 09:30:00-05:00,36.689998626708984,37.20000076293945,36.27000045776367,37.20000076293945,10994,0.0,0.0
2022-12-02 10:30:00-05:00,37.16999816894531,37.16999816894531,36.810001373291016,36.810001373291016,5572,0.0,0.0
2022-12-02 11:30:00-05:00,36.76350021362305,37.0099983215332,36.69499969482422,36.86000061035156,12534,0.0,0.0
2022-12-02 12:30:00-05:00,36.88999938964844,36.88999938964844,36.54999923706055,36.63999938964844,7193,0.0,0.0
2022-12-02 13:30:00-05:00,36.61000061035156,36.69499969482422,36.560001373291016,36.630001068115234,9658,0.0,0.0
2022-12-02 14:30:00-05:00,36.61000061035156,36.83000183105469,36.435001373291016,36.66999816894531,28903,0.0,0.0
2022-12-02 15:30:00-05:00,36.66999816894531,36.66999816894531,36.380001068115234,36.400001525878906,43307,0.0,0.0
2022-12-05 09:30:00-05:00,36.34000015258789,36.40999984741211,35.130001068115234,35.15999984741211,26606,0.0,0.0
2022-12-05 10:30:00-05:00,35.150001525878906,35.40999984741211,35.11000061035156,35.11000061035156,18964,0.0,0.0
2022-12-05 11:30:00-05:00,35.16999816894531,35.2599983215332,34.95000076293945,35.20500183105469,12049,0.0,0.0
2022-12-05 12:30:00-05:00,35.21989822387695,35.21989822387695,35.005001068115234,35.09000015258789,12060,0.0,0.0
2022-12-05 13:30:00-05:00,35.095001220703125,35.11000061035156,34.79999923706055,34.810001373291016,8871,0.0,0.0
2022-12-05 14:30:00-05:00,34.849998474121094,35.04999923706055,34.804100036621094,35.02000045776367,17453,0.0,0.0
2022-12-05 15:30:00-05:00,35.08000183105469,35.15999984741211,35.0,35.04999923706055,33147,0.0,0.0
2022-12-06 09:30:00-05:00,35.0099983215332,35.47999954223633,34.93000030517578,35.09000015258789,29274,0.0,0.0
2022-12-06 10:30:00-05:00,34.959999084472656,35.17190170288086,34.86000061035156,35.109798431396484,17853,0.0,0.0
2022-12-06 11:30:00-05:00,35.06999969482422,35.459999084472656,35.0,35.0,16052,0.0,0.0
2022-12-06 12:30:00-05:00,35.03219985961914,35.25,35.02000045776367,35.03499984741211,10204,0.0,0.0
2022-12-06 13:30:00-05:00,35.04629898071289,35.25,35.04629898071289,35.130001068115234,15275,0.0,0.0
2022-12-06 14:30:00-05:00,35.11000061035156,35.29859924316406,35.11000061035156,35.20000076293945,17951,0.0,0.0
2022-12-06 15:30:00-05:00,35.18000030517578,35.5,35.18000030517578,35.470001220703125,30317,0.0,0.0
2022-12-07 09:30:00-05:00,35.54999923706055,35.939998626708984,35.34000015258789,35.939998626708984,15047,0.0,0.0
2022-12-07 10:30:00-05:00,36.0,36.11000061035156,35.709999084472656,35.7400016784668,10699,0.0,0.0
2022-12-07 11:30:00-05:00,35.709999084472656,35.939998626708984,35.709999084472656,35.7599983215332,13486,0.0,0.0
2022-12-07 12:30:00-05:00,35.7400016784668,35.79999923706055,35.55500030517578,35.55500030517578,12158,0.0,0.0
2022-12-07 13:30:00-05:00,35.5,35.599998474121094,35.4900016784668,35.59000015258789,10995,0.0,0.0
2022-12-07 14:30:00-05:00,35.540000915527344,35.68000030517578,35.44499969482422,35.529998779296875,16814,0.0,0.0
2022-12-07 15:30:00-05:00,35.54999923706055,35.559898376464844,35.2599983215332,35.31999969482422,45462,0.0,0.0
2022-12-08 09:30:00-05:00,35.65999984741211,35.77000045776367,35.09000015258789,35.53499984741211,10791,0.0,0.0
2022-12-08 10:30:00-05:00,35.63999938964844,35.900001525878906,35.54999923706055,35.86000061035156,23093,0.0,0.0
2022-12-08 11:30:00-05:00,35.810001373291016,36.150001525878906,35.79499816894531,36.0,25064,0.0,0.0
2022-12-08 12:30:00-05:00,36.0,36.20000076293945,35.9900016784668,36.130001068115234,8163,0.0,0.0
2022-12-08 13:30:00-05:00,36.119998931884766,36.150001525878906,35.415000915527344,35.415000915527344,14037,0.0,0.0
2022-12-08 14:30:00-05:00,35.34000015258789,35.630001068115234,35.29999923706055,35.54499816894531,15871,0.0,0.0
2022-12-08 15:30:00-05:00,35.599998474121094,35.60499954223633,35.33000183105469,35.41999816894531,36449,0.0,0.0
2022-12-09 09:30:00-05:00,35.279998779296875,35.279998779296875,34.9900016784668,35.130001068115234,13814,0.0,0.0
2022-12-09 10:30:00-05:00,35.21500015258789,35.52000045776367,35.09000015258789,35.459999084472656,14260,0.0,0.0
2022-12-09 11:30:00-05:00,35.43000030517578,35.7599983215332,35.43000030517578,35.4900016784668,10672,0.0,0.0
2022-12-09 12:30:00-05:00,35.52000045776367,35.58000183105469,35.369998931884766,35.380001068115234,10321,0.0,0.0
2022-12-09 13:30:00-05:00,35.459999084472656,35.459999084472656,35.31999969482422,35.43000030517578,12953,0.0,0.0
2022-12-09 14:30:00-05:00,35.4900016784668,35.68000030517578,35.4900016784668,35.560001373291016,16563,0.0,0.0
2022-12-09 15:30:00-05:00,35.529998779296875,35.56999969482422,35.279998779296875,35.29999923706055,30330,0.0,0.0
2022-12-12 09:30:00-05:00,35.380001068115234,35.380001068115234,34.6349983215332,34.900001525878906,24865,0.0,0.0
2022-12-12 10:30:00-05:00,34.959999084472656,35.29999923706055,34.81999969482422,35.29999923706055,19062,0.0,0.0
2022-12-12 11:30:00-05:00,35.2599983215332,35.36000061035156,35.0,35.29999923706055,17430,0.0,0.0
2022-12-12 12:30:00-05:00,35.34000015258789,35.349998474121094,35.18000030517578,35.27000045776367,13388,0.0,0.0
2022-12-12 13:30:00-05:00,35.29999923706055,35.36000061035156,35.130001068115234,35.17499923706055,34873,0.0,0.0
2022-12-12 14:30:00-05:00,35.16999816894531,35.415000915527344,35.15999984741211,35.31999969482422,46249,0.0,0.0
2022-12-12 15:30:00-05:00,35.310001373291016,35.439998626708984,35.20000076293945,35.439998626708984,65934,0.0,0.0
2022-12-13 09:30:00-05:00,35.779998779296875,36.38999938964844,35.529998779296875,35.68000030517578,26904,0.0,0.0
2022-12-13 10:30:00-05:00,35.68000030517578,35.880001068115234,35.52000045776367,35.685001373291016,21799,0.0,0.0
2022-12-13 11:30:00-05:00,35.63999938964844,35.75,35.20000076293945,35.2400016784668,24944,0.0,0.0
2022-12-13 12:30:00-05:00,35.33000183105469,35.380001068115234,35.119998931884766,35.31999969482422,13898,0.0,0.0
2022-12-13 13:30:00-05:00,35.38999938964844,35.595001220703125,35.369998931884766,35.5099983215332,15218,0.0,0.0
2022-12-13 14:30:00-05:00,35.5099983215332,35.52000045776367,35.0099983215332,35.25,23007,0.0,0.0
2022-12-13 15:30:00-05:00,35.2599983215332,35.31999969482422,35.0,35.040000915527344,67993,0.0,0.0
2022-12-14 09:30:00-05:00,34.68000030517578,35.224998474121094,34.68000030517578,35.07500076293945,44403,0.0,0.0
2022-12-14 10:30:00-05:00,35.07500076293945,35.220001220703125,35.0,35.08000183105469,46853,0.0,0.0
2022-12-14 11:30:00-05:00,35.040000915527344,35.13999938964844,34.970001220703125,35.13999938964844,16094,0.0,0.0
2022-12-14 12:30:00-05:00,35.08000183105469,35.15999984741211,35.040000915527344,35.09000015258789,29992,0.0,0.0
2022-12-14 13:30:00-05:00,35.11000061035156,35.5099983215332,34.7400016784668,35.04999923706055,41968,0.0,0.0
2022-12-14 14:30:00-05:00,35.02000045776367,35.310001373291016,34.619998931884766,34.790000915527344,77366,0.0,0.0
2022-12-14 15:30:00-05:00,34.72999954223633,34.779998779296875,34.599998474121094,34.619998931884766,48207,0.0,0.0
2022-12-15 09:30:00-05:00,34.22999954223633,34.4900016784668,34.04999923706055,34.100101470947266,22177,0.0,0.0
2022-12-15 10:30:00-05:00,34.13999938964844,34.439998626708984,34.119998931884766,34.120201110839844,27632,0.0,0.0
2022-12-15 11:30:00-05:00,34.04999923706055,34.27000045776367,33.9900016784668,34.20500183105469,15434,0.0,0.0
2022-12-15 12:30:00-05:00,34.25,34.25,33.9900016784668,34.04999923706055,35644,0.0,0.0
2022-12-15 13:30:00-05:00,33.9900016784668,34.10100173950195,33.95000076293945,34.005001068115234,27080,0.0,0.0
2022-12-15 14:30:00-05:00,34.04999923706055,34.28499984741211,33.9900016784668,34.20000076293945,24803,0.0,0.0
2022-12-15 15:30:00-05:00,34.16999816894531,34.189998626708984,33.90999984741211,33.959999084472656,50904,0.0,0.0
2022-12-16 09:30:00-05:00,33.599998474121094,33.88999938964844,33.20000076293945,33.790000915527344,126613,0.0,0.0
2022-12-16 10:30:00-05:00,33.779998779296875,34.040000915527344,33.59000015258789,33.83000183105469,102580,0.0,0.0
2022-12-16 11:30:00-05:00,33.84000015258789,33.84000015258789,33.54999923706055,33.63999938964844,17993,0.0,0.0
2022-12-16 12:30:00-05:00,33.61000061035156,33.70000076293945,33.45000076293945,33.6349983215332,22015,0.0,0.0
2022-12-16 13:30:00-05:00,33.654998779296875,34.20930099487305,33.650001525878906,34.18000030517578,21604,0.0,0.0
2022-12-16 14:30:00-05:00,34.16999816894531,34.70000076293945,34.130001068115234,34.380001068115234,55977,0.0,0.0
2022-12-16 15:30:00-05:00,34.40999984741211,34.479000091552734,33.869998931884766,33.95000076293945,210545,0.0,0.0
2022-12-19 09:30:00-05:00,34.060001373291016,34.849998474121094,34.040000915527344,34.40999984741211,16943,0.0,0.0
2022-12-19 10:30:00-05:00,34.380001068115234,34.939998626708984,34.279998779296875,34.79999923706055,18191,0.0,0.0
2022-12-19 11:30:00-05:00,34.834999084472656,34.900001525878906,34.66999816894531,34.744998931884766,16779,0.0,0.0
2022-12-19 12:30:00-05:00,34.779998779296875,34.9900016784668,34.779998779296875,34.88999938964844,16919,0.0,0.0
2022-12-19 13:30:00-05:00,34.849998474121094,35.02000045776367,34.79999923706055,34.939998626708984,23314,0.0,0.0
2022-12-19 14:30:00-05:00,34.880001068115234,34.959999084472656,34.744998931884766,34.939998626708984,28937,0.0,0.0
2022-12-19 15:30:00-05:00,34.97999954223633,35.220001220703125,34.974998474121094,35.099998474121094,53858,0.0,0.0
2022-12-20 09:30:00-05:00,35.20000076293945,35.52000045776367,34.9900016784668,35.4900016784668,20897,0.0,0.0
2022-12-20 10:30:00-05:00,35.52000045776367,35.70000076293945,35.435001373291016,35.47999954223633,12933,0.0,0.0
2022-12-20 11:30:00-05:00,35.439998626708984,35.4900016784668,35.27000045776367,35.439998626708984,10597,0.0,0.0
2022-12-20 12:30:00-05:00,35.369998931884766,35.53499984741211,35.335201263427734,35.380001068115234,12141,0.0,0.0
2022-12-20 13:30:00-05:00,35.45000076293945,35.61000061035156,35.390098571777344,35.390098571777344,11000,0.0,0.0
2022-12-20 14:30:00-05:00,35.415000915527344,35.58000183105469,35.36000061035156,35.459999084472656,18331,0.0,0.0
2022-12-20 15:30:00-05:00,35.52000045776367,35.58000183105469,35.34000015258789,35.36000061035156,31036,0.0,0.0
2022-12-21 09:30:00-05:00,35.65999984741211,35.689998626708984,35.099998474121094,35.64500045776367,20402,0.0,0.0
2022-12-21 10:30:00-05:00,35.68000030517578,35.775001525878906,35.459999084472656,35.53499984741211,14319,0.0,0.0
2022-12-21 11:30:00-05:00,35.470001220703125,35.584999084472656,35.3849983215332,35.40999984741211,10848,0.0,0.0
2022-12-21 12:30:00-05:00,35.459999084472656,35.61000061035156,35.459999084472656,35.52000045776367,8679,0.0,0.0
2022-12-21 13:30:00-05:00,35.5099983215332,35.77000045776367,35.43000030517578,35.75,14992,0.0,0.0
2022-12-21 14:30:00-05:00,35.75,35.93000030517578,35.70500183105469,35.8650016784668,36003,0.0,0.0
2022-12-21 15:30:00-05:00,35.875,36.029998779296875,35.810001373291016,36.029998779296875,53135,0.0,0.0
2022-12-22 09:30:00-05:00,35.779998779296875,35.900001525878906,35.369998931884766,35.54499816894531,22413,0.0,0.0
2022-12-22 10:30:00-05:00,35.54999923706055,35.81999969482422,35.52000045776367,35.77000045776367,14718,0.0,0.0
2022-12-22 11:30:00-05:00,35.79999923706055,35.935001373291016,35.54999923706055,35.54999923706055,18791,0.0,0.0
2022-12-22 12:30:00-05:00,35.54999923706055,35.59000015258789,35.380001068115234,35.44839859008789,46783,0.0,0.0
2022-12-22 13:30:00-05:00,35.459999084472656,35.459999084472656,34.97999954223633,35.03580093383789,36644,0.0,0.0
2022-12-22 14:30:00-05:00,35.08000183105469,35.720001220703125,35.08000183105469,35.720001220703125,13323,0.0,0.0
2022-12-22 15:30:00-05:00,35.70000076293945,35.72999954223633,35.470001220703125,35.54999923706055,40342,0.0,0.0
2022-12-23 09:30:00-05:00,35.529998779296875,35.9900016784668,35.38999938964844,35.86000061035156,12780,0.0,0.0
2022-12-23 10:30:00-05:00,35.76559829711914,35.849998474121094,35.60499954223633,35.63999938964844,6805,0.0,0.0
2022-12-23 11:30:00-05:00,35.66999816894531,35.970001220703125,35.66999816894531,35.91999816894531,7112,0.0,0.0
2022-12-23 12:30:00-05:00,35.959999084472656,36.0,35.724998474121094,35.81999969482422,8953,0.0,0.0
2022-12-23 13:30:00-05:00,35.904998779296875,35.970001220703125,35.84000015258789,35.95500183105469,8160,0.0,0.0
2022-12-23 14:30:00-05:00,36.0,36.03499984741211,35.93000030517578,35.970001220703125,10628,0.0,0.0
2022-12-23 15:30:00-05:00,35.9900016784668,36.08000183105469,35.93000030517578,36.03499984741211,32125,0.0,0.0
2022-12-27 09:30:00-05:00,36.290000915527344,36.45000076293945,36.05500030517578,36.2599983215332,8272,0.0,0.0
2022-12-27 10:30:00-05:00,36.195899963378906,36.345001220703125,36.150001525878906,36.220001220703125,17410,0.0,0.0
2022-12-27 11:30:00-05:00,36.17530059814453,36.31999969482422,36.16999816894531,36.220001220703125,6541,0.0,0.0
2022-12-27 12:30:00-05:00,36.33000183105469,36.33000183105469,36.224998474121094,36.279998779296875,4526,0.0,0.0
2022-12-27 13:30:00-05:00,36.2599983215332,36.314998626708984,36.154998779296875,36.154998779296875,10962,0.0,0.0
2022-12-27 14:30:00-05:00,36.130001068115234,36.45000076293945,36.119998931884766,36.41999816894531,38628,0.0,0.0
2022-12-27 15:30:00-05:00,36.44499969482422,36.63999938964844,36.44499969482422,36.63999938964844,35959,0.0,0.0
2022-12-28 09:30:00-05:00,36.630001068115234,36.83000183105469,36.209999084472656,36.209999084472656,10600,0.0,0.0
2022-12-28 10:30:00-05:00,36.209999084472656,36.22999954223633,35.59000015258789,35.72999954223633,19850,0.0,0.0
2022-12-28 11:30:00-05:00,35.689998626708984,35.689998626708984,35.369998931884766,35.40999984741211,14209,0.0,0.0
2022-12-28 12:30:00-05:00,35.459999084472656,35.880001068115234,35.459999084472656,35.63999938964844,13064,0.0,0.0
2022-12-28 13:30:00-05:00,35.61000061035156,35.619998931884766,35.380001068115234,35.52000045776367,8561,0.0,0.0
2022-12-28 14:30:00-05:00,35.499900817871094,35.59000015258789,35.2599983215332,35.2599983215332,15843,0.0,0.0
2022-12-28 15:30:00-05:00,35.2400016784668,35.310001373291016,35.060001373291016,35.060001373291016,38762,0.0,0.0
2022-12-29 09:30:00-05:00,35.11000061035156,35.54499816894531,35.11000061035156,35.400001525878906,9192,0.0,0.0
2022-12-29 10:30:00-05:00,35.47999954223633,35.75,35.47999954223633,35.59000015258789,13106,0.0,0.0
2022-12-29 11:30:00-05:00,35.595001220703125,35.80500030517578,35.595001220703125,35.77000045776367,10664,0.0,0.0
2022-12-29 12:30:00-05:00,35.77000045776367,35.91999816894531,35.77000045776367,35.88999938964844,9386,0.0,0.0
2022-12-29 13:30:00-05:00,35.849998474121094,35.869998931884766,35.77000045776367,35.77000045776367,12066,0.0,0.0
2022-12-29 14:30:00-05:00,35.790000915527344,35.790000915527344,35.43000030517578,35.43000030517578,16099,0.0,0.0
2022-12-29 15:30:00-05:00,35.40999984741211,35.529998779296875,35.380001068115234,35.45000076293945,30421,0.0,0.0
2022-12-30 09:30:00-05:00,35.08000183105469,35.5,34.625701904296875,35.3224983215332,19748,0.0,0.0
2022-12-30 10:30:00-05:00,35.404998779296875,35.46770095825195,35.09000015258789,35.09000015258789,10979,0.0,0.0
2022-12-30 11:30:00-05:00,35.060001373291016,35.2599983215332,35.060001373291016,35.16999816894531,7226,0.0,0.0
2022-12-30 12:30:00-05:00,35.16999816894531,35.29999923706055,34.994998931884766,35.04999923706055,11499,0.0,0.0
2022-12-30 13:30:00-05:00,35.130001068115234,35.13999938964844,35.01729965209961,35.11000061035156,9991,0.0,0.0
2022-12-30 14:30:00-05:00,35.099998474121094,35.1150016784668,34.959999084472656,34.9900016784668,11487,0.0,0.0
2022-12-30 15:30:00-05:00,35.040000915527344,35.18000030517578,34.970001220703125,34.9900016784668,25216,0.0,0.0
2023-01-03 09:30:00-05:00,35.2599983215332,35.290000915527344,34.93000030517578,34.970001220703125,10808,0.0,0.0
2023-01-03 10:30:00-05:00,34.97999954223633,35.119998931884766,34.790000915527344,34.810001373291016,14030,0.0,0.0
2023-01-03 11:30:00-05:00,34.75,34.75,34.33000183105469,34.400001525878906,10914,0.0,0.0
2023-01-03 12:30:00-05:00,34.400001525878906,34.529998779296875,34.20000076293945,34.439998626708984,13764,0.0,0.0
2023-01-03 13:30:00-05:00,34.400001525878906,34.400001525878906,34.0,34.029998779296875,15381,0.0,0.0
2023-01-03 14:30:00-05:00,34.0,34.34000015258789,34.0,34.04999923706055,31303,0.0,0.0
2023-01-03 15:30:00-05:00,34.11000061035156,34.13999938964844,33.93000030517578,33.959999084472656,33574,0.0,0.0
2023-01-04 09:30:00-05:00,33.95000076293945,34.099998474121094,33.58000183105469,33.7400016784668,15335,0.0,0.0
2023-01-04 10:30:00-05:00,33.80500030517578,34.2599983215332,33.80500030517578,34.119998931884766,13966,0.0,0.0
2023-01-04 11:30:00-05:00,34.16999816894531,34.369998931884766,34.13999938964844,34.13999938964844,7751,0.0,0.0
2023-01-04 12:30:00-05:00,34.14590072631836,34.189998626708984,34.0,34.125,9809,0.0,0.0
2023-01-04 13:30:00-05:00,34.13999938964844,34.15999984741211,33.959999084472656,33.959999084472656,24164,0.0,0.0
2023-01-04 14:30:00-05:00,33.93000030517578,34.154998779296875,33.8849983215332,34.0,25261,0.0,0.0
2023-01-04 15:30:00-05:00,33.97999954223633,34.099998474121094,33.95000076293945,33.959999084472656,30752,0.0,0.0
2023-01-05 09:30:00-05:00,33.849998474121094,34.040000915527344,33.47999954223633,33.92610168457031,13846,0.0,0.0
2023-01-05 10:30:00-05:00,33.849998474121094,33.95000076293945,33.59000015258789,33.59000015258789,14084,0.0,0.0
2023-01-05 11:30:00-05:00,33.630001068115234,33.630001068115234,33.46500015258789,33.61000061035156,14553,0.0,0.0
2023-01-05 12:30:00-05:00,33.595001220703125,33.77000045776367,33.54999923706055,33.7599983215332,13228,0.0,0.0
2023-01-05 13:30:00-05:00,33.7400016784668,33.790000915527344,33.66999816894531,33.75,12234,0.0,0.0
2023-01-05 14:30:00-05:00,33.810001373291016,33.900001525878906,33.66999816894531,33.68000030517578,17902,0.0,0.0
2023-01-05 15:30:00-05:00,33.63100051879883,33.70000076293945,33.439998626708984,33.470001220703125,33031,0.0,0.0
2023-01-06 09:30:00-05:00,33.91999816894531,34.41999816894531,33.91999816894531,34.41999816894531,8060,0.0,0.0
2023-01-06 10:30:00-05:00,34.369998931884766,34.72999954223633,34.349998474121094,34.369998931884766,10128,0.0,0.0
2023-01-06 11:30:00-05:00,34.41999816894531,34.58000183105469,34.369998931884766,34.42499923706055,9496,0.0,0.0
2023-01-06 12:30:00-05:00,34.34000015258789,34.36000061035156,34.2400016784668,34.27909851074219,4670,0.0,0.0
2023-01-06 13:30:00-05:00,34.279998779296875,34.63999938964844,34.099998474121094,34.58000183105469,59725,0.0,0.0
2023-01-06 14:30:00-05:00,34.619998931884766,34.75,34.51599884033203,34.59000015258789,22319,0.0,0.0
2023-01-06 15:30:00-05:00,34.599998474121094,34.60499954223633,34.470001220703125,34.52000045776367,30554,0.0,0.0
2023-01-09 09:30:00-05:00,34.650001525878906,34.650001525878906,34.07709884643555,34.07709884643555,19182,0.0,0.0
2023-01-09 10:30:00-05:00,34.040000915527344,34.209999084472656,33.959999084472656,34.07149887084961,18878,0.0,0.0
2023-01-09 11:30:00-05:00,34.04999923706055,34.08000183105469,33.939998626708984,34.0,14530,0.0,0.0
2023-01-09 12:30:00-05:00,34.01499938964844,34.220001220703125,33.9900016784668,34.06999969482422,13347,0.0,0.0
2023-01-09 13:30:00-05:00,34.099998474121094,34.27000045776367,34.02000045776367,34.220001220703125,11396,0.0,0.0
2023-01-09 14:30:00-05:00,34.209999084472656,34.30500030517578,34.08620071411133,34.09000015258789,16042,0.0,0.0
2023-01-09 15:30:00-05:00,34.06999969482422,34.09000015258789,33.9900016784668,34.04999923706055,26465,0.0,0.0
2023-01-10 09:30:00-05:00,34.2400016784668,34.349998474121094,34.06999969482422,34.20000076293945,8940,0.0,0.0
2023-01-10 10:30:00-05:00,34.16999816894531,34.47880172729492,34.0,34.38999938964844,10766,0.0,0.0
2023-01-10 11:30:00-05:00,34.400001525878906,34.400001525878906,34.18000030517578,34.33000183105469,6457,0.0,0.0
2023-01-10 12:30:00-05:00,34.35499954223633,34.45000076293945,34.34000015258789,34.37049865722656,8987,0.0,0.0
2023-01-10 13:30:00-05:00,34.369998931884766,34.439998626708984,34.130001068115234,34.13999938964844,29280,0.0,0.0
2023-01-10 14:30:00-05:00,34.13999938964844,34.220001220703125,34.07740020751953,34.220001220703125,13756,0.0,0.0
2023-01-10 15:30:00-05:00,34.224998474121094,34.34000015258789,34.223201751708984,34.27000045776367,29920,0.0,0.0
2023-01-11 09:30:00-05:00,34.45000076293945,34.97999954223633,34.45000076293945,34.849998474121094,23739,0.0,0.0
2023-01-11 10:30:00-05:00,34.869998931884766,35.2400016784668,34.869998931884766,35.029998779296875,14046,0.0,0.0
2023-01-11 11:30:00-05:00,35.029998779296875,35.13999938964844,35.029998779296875,35.064998626708984,6459,0.0,0.0
2023-01-11 12:30:00-05:00,35.04999923706055,35.04999923706055,34.56999969482422,34.56999969482422,15433,0.0,0.0
2023-01-11 13:30:00-05:00,34.650001525878906,34.77000045776367,34.630001068115234,34.77000045776367,6755,0.0,0.0
2023-01-11 14:30:00-05:00,34.81999969482422,34.86000061035156,34.75,34.81999969482422,13181,0.0,0.0
2023-01-11 15:30:00-05:00,34.81999969482422,34.83000183105469,34.72999954223633,34.83000183105469,20049,0.0,0.0
2023-01-12 09:30:00-05:00,34.95000076293945,35.18000030517578,34.685001373291016,35.040000915527344,6151,0.0,0.0
2023-01-12 10:30:00-05:00,35.09000015258789,35.19499969482422,34.90999984741211,35.19499969482422,7928,0.0,0.0
2023-01-12 11:30:00-05:00,35.185001373291016,35.38999938964844,35.119998931884766,35.38999938964844,10556,0.0,0.0
2023-01-12 12:30:00-05:00,35.38999938964844,35.560001373291016,35.310001373291016,35.310001373291016,12104,0.0,0.0
2023-01-12 13:30:00-05:00,35.279998779296875,35.5,35.27000045776367,35.459999084472656,9082,0.0,0.0
2023-01-12 14:30:00-05:00,35.43000030517578,35.540000915527344,35.3849983215332,35.404998779296875,12085,0.0,0.0
2023-01-12 15:30:00-05:00,35.41999816894531,35.470001220703125,35.27000045776367,35.375,19236,0.0,0.0
2023-01-13 09:30:00-05:00,35.349998474121094,35.630001068115234,35.25090026855469,35.55009841918945,11902,0.0,0.0
2023-01-13 10:30:00-05:00,35.66999816894531,35.849998474121094,35.63999938964844,35.7400016784668,10461,0.0,0.0
2023-01-13 11:30:00-05:00,35.62009811401367,35.810001373291016,35.60969924926758,35.810001373291016,6467,0.0,0.0
2023-01-13 12:30:00-05:00,35.790000915527344,35.869998931884766,35.72999954223633,35.78499984741211,8409,0.0,0.0
2023-01-13 13:30:00-05:00,35.81999969482422,36.149898529052734,35.81999969482422,36.029998779296875,12237,0.0,0.0
2023-01-13 14:30:00-05:00,35.970001220703125,36.0099983215332,35.90999984741211,35.994998931884766,9405,0.0,0.0
2023-01-13 15:30:00-05:00,35.994998931884766,36.20000076293945,35.9900016784668,36.06999969482422,22642,0.0,0.0
2023-01-17 09:30:00-05:00,35.95000076293945,36.56999969482422,35.7599983215332,36.16999816894531,33145,0.0,0.0
2023-01-17 10:30:00-05:00,36.09000015258789,36.52000045776367,36.05500030517578,36.52000045776367,17261,0.0,0.0
2023-01-17 11:30:00-05:00,36.55500030517578,36.779998779296875,36.40999984741211,36.63999938964844,13718,0.0,0.0
2023-01-17 12:30:00-05:00,36.630001068115234,36.720001220703125,36.54999923706055,36.619998931884766,9483,0.0,0.0
2023-01-17 13:30:00-05:00,36.689998626708984,36.810001373291016,36.56999969482422,36.68000030517578,9528,0.0,0.0
2023-01-17 14:30:00-05:00,36.682498931884766,36.744998931884766,36.5099983215332,36.630001068115234,11236,0.0,0.0
2023-01-17 15:30:00-05:00,36.650001525878906,36.70000076293945,36.560001373291016,36.63999938964844,21615,0.0,0.0
2023-01-18 09:30:00-05:00,36.68000030517578,37.15999984741211,36.68000030517578,37.04999923706055,15196,0.0,0.0
2023-01-18 10:30:00-05:00,36.98500061035156,36.98500061035156,36.650001525878906,36.779998779296875,17401,0.0,0.0
2023-01-18 11:30:00-05:00,36.77000045776367,36.83000183105469,36.380001068115234,36.42499923706055,7915,0.0,0.0
2023-01-18 12:30:00-05:00,36.41999816894531,36.41999816894531,36.150001525878906,36.2599983215332,12334,0.0,0.0
2023-01-18 13:30:00-05:00,36.380001068115234,36.560001373291016,36.07500076293945,36.150001525878906,10300,0.0,0.0
2023-01-18 14:30:00-05:00,36.154998779296875,36.2599983215332,36.02000045776367,36.02000045776367,12244,0.0,0.0
2023-01-18 15:30:00-05:00,35.970001220703125,35.98500061035156,35.75,35.75,25284,0.0,0.0
2023-01-19 09:30:00-05:00,35.72999954223633,36.08000183105469,35.5,35.720001220703125,9738,0.0,0.0
2023-01-19 10:30:00-05:00,35.650001525878906,35.93000030517578,35.58000183105469,35.7400016784668,10275,0.0,0.0
2023-01-19 11:30:00-05:00,35.77000045776367,36.09000015258789,35.77000045776367,36.04999923706055,7799,0.0,0.0
2023-01-19 12:30:00-05:00,36.029998779296875,36.18000030517578,35.90999984741211,35.93000030517578,10286,0.0,0.0
2023-01-19 13:30:00-05:00,35.970001220703125,36.16999816894531,35.95000076293945,36.04999923706055,9492,0.0,0.0
2023-01-19 14:30:00-05:00,35.97999954223633,36.11000061035156,35.781898498535156,35.81999969482422,14671,0.0,0.0
2023-01-19 15:30:00-05:00,35.790000915527344,35.790000915527344,35.63999938964844,35.689998626708984,19512,0.0,0.0
2023-01-20 09:30:00-05:00,36.08000183105469,36.220001220703125,35.380001068115234,35.74850082397461,23158,0.0,0.0
2023-01-20 10:30:00-05:00,35.74319839477539,36.029998779296875,35.74319839477539,35.84000015258789,9306,0.0,0.0
2023-01-20 11:30:00-05:00,35.86389923095703,35.86389923095703,35.220001220703125,35.220001220703125,15406,0.0,0.0
2023-01-20 12:30:00-05:00,35.224998474121094,35.625,35.224998474121094,35.625,10189,0.0,0.0
2023-01-20 13:30:00-05:00,35.70000076293945,35.86000061035156,35.689998626708984,35.689998626708984,9275,0.0,0.0
2023-01-20 14:30:00-05:00,35.720001220703125,35.81999969482422,35.6150016784668,35.665000915527344,11748,0.0,0.0
2023-01-20 15:30:00-05:00,35.68000030517578,35.79999923706055,35.619998931884766,35.790000915527344,21640,0.0,0.0
2023-01-23 09:30:00-05:00,35.81999969482422,35.88779830932617,35.57899856567383,35.87799835205078,8097,0.0,0.0
2023-01-23 10:30:00-05:00,35.92499923706055,36.12990188598633,35.902099609375,36.04999923706055,12110,0.0,0.0
2023-01-23 11:30:00-05:00,36.08000183105469,36.16999816894531,36.029998779296875,36.13999938964844,8844,0.0,0.0
2023-01-23 12:30:00-05:00,36.189998626708984,36.27000045776367,36.189998626708984,36.22999954223633,6484,0.0,0.0
2023-01-23 13:30:00-05:00,36.22200012207031,36.34000015258789,35.95000076293945,35.95000076293945,8786,0.0,0.0
2023-01-23 14:30:00-05:00,35.97999954223633,36.02000045776367,35.65999984741211,35.84000015258789,11707,0.0,0.0
2023-01-23 15:30:00-05:00,35.81999969482422,35.939998626708984,35.79999923706055,35.849998474121094,15704,0.0,0.0
2023-01-24 09:30:00-05:00,35.709999084472656,35.88999938964844,35.560001373291016,35.88999938964844,6678,0.0,0.0
2023-01-24 10:30:00-05:00,35.79999923706055,36.0,35.79999923706055,35.84000015258789,11344,0.0,0.0
2023-01-24 11:30:00-05:00,35.84000015258789,36.185001373291016,35.77000045776367,36.06999969482422,8208,0.0,0.0
2023-01-24 12:30:00-05:00,36.11000061035156,36.15999984741211,35.994998931884766,36.060001373291016,4945,0.0,0.0
2023-01-24 13:30:00-05:00,36.047000885009766,36.047000885009766,35.84000015258789,35.86000061035156,5812,0.0,0.0
2023-01-24 14:30:00-05:00,35.83000183105469,35.939998626708984,35.709999084472656,35.900001525878906,10158,0.0,0.0
2023-01-24 15:30:00-05:00,35.88999938964844,35.88999938964844,35.7599983215332,35.84000015258789,16215,0.0,0.0
2023-01-25 09:30:00-05:00,35.939998626708984,35.939998626708984,35.66999816894531,35.7400016784668,6583,0.0,0.0
2023-01-25 10:30:00-05:00,35.7599983215332,35.79999923706055,35.66310119628906,35.70069885253906,8030,0.0,0.0
2023-01-25 11:30:00-05:00,35.70000076293945,35.70000076293945,35.459999084472656,35.5099983215332,7385,0.0,0.0
2023-01-25 12:30:00-05:00,35.459999084472656,35.900001525878906,35.459999084472656,35.880001068115234,16263,0.0,0.0
2023-01-25 13:30:00-05:00,35.880001068115234,36.01499938964844,35.70000076293945,35.77000045776367,13752,0.0,0.0
2023-01-25 14:30:00-05:00,35.77000045776367,36.040000915527344,35.77000045776367,36.040000915527344,32508,0.0,0.0
2023-01-25 15:30:00-05:00,36.11000061035156,36.4900016784668,36.11000061035156,36.47999954223633,43864,0.0,0.0
2023-01-26 09:30:00-05:00,36.58000183105469,36.58000183105469,35.95000076293945,36.220001220703125,20497,0.0,0.0
2023-01-26 10:30:00-05:00,36.349998474121094,36.43000030517578,36.0,36.060001373291016,8077,0.0,0.0
2023-01-26 11:30:00-05:00,36.09000015258789,36.7599983215332,36.060001373291016,36.70000076293945,14141,0.0,0.0
2023-01-26 12:30:00-05:00,36.709999084472656,36.77000045776367,36.54999923706055,36.650001525878906,9378,0.0,0.0
2023-01-26 13:30:00-05:00,36.70000076293945,36.7599983215332,36.58000183105469,36.599998474121094,8623,0.0,0.0
2023-01-26 14:30:00-05:00,36.650001525878906,36.900001525878906,36.650001525878906,36.875,10670,0.0,0.0
2023-01-26 15:30:00-05:00,36.86000061035156,36.970001220703125,36.849998474121094,36.95000076293945,16913,0.0,0.0
2023-01-27 09:30:00-05:00,36.84000015258789,37.095001220703125,36.64500045776367,36.665000915527344,9602,0.0,0.0
2023-01-27 10:30:00-05:00,36.64870071411133,36.68000030517578,36.08440017700195,36.27000045776367,16971,0.0,0.0
2023-01-27 11:30:00-05:00,36.244998931884766,36.52000045776367,36.244998931884766,36.400001525878906,8930,0.0,0.0
2023-01-27 12:30:00-05:00,36.40010070800781,36.48210144042969,36.380001068115234,36.400001525878906,5234,0.0,0.0
2023-01-27 13:30:00-05:00,36.400001525878906,36.400001525878906,36.25,36.375,6110,0.0,0.0
2023-01-27 14:30:00-05:00,36.3849983215332,36.459999084472656,36.34000015258789,36.43000030517578,10247,0.0,0.0
2023-01-27 15:30:00-05:00,36.459999084472656,36.47999954223633,36.099998474121094,36.099998474121094,27559,0.0,0.0
2023-01-30 09:30:00-05:00,36.11000061035156,36.369998931884766,35.70500183105469,36.064998626708984,26382,0.0,0.0
2023-01-30 10:30:00-05:00,36.064998626708984,36.11000061035156,35.689998626708984,35.689998626708984,12382,0.0,0.0
2023-01-30 11:30:00-05:00,35.685001373291016,35.88999938964844,35.625,35.869998931884766,9970,0.0,0.0
2023-01-30 12:30:00-05:00,35.83000183105469,35.85499954223633,35.75,35.82500076293945,7768,0.0,0.0
2023-01-30 13:30:00-05:00,35.81999969482422,35.81999969482422,35.70000076293945,35.7400016784668,8004,0.0,0.0
2023-01-30 14:30:00-05:00,35.77000045776367,35.77000045776367,35.560001373291016,35.560001373291016,16400,0.0,0.0
2023-01-30 15:30:00-05:00,35.560001373291016,35.7400016784668,35.560001373291016,35.7400016784668,25701,0.0,0.0
2023-01-31 09:30:00-05:00,35.88999938964844,36.529998779296875,35.849998474121094,36.529998779296875,14925,0.0,0.0
2023-01-31 10:30:00-05:00,36.599998474121094,36.779998779296875,36.505001068115234,36.56999969482422,11298,0.0,0.0
2023-01-31 11:30:00-05:00,36.63999938964844,36.83000183105469,36.56079864501953,36.720001220703125,11177,0.0,0.0
2023-01-31 12:30:00-05:00,36.63999938964844,36.84000015258789,36.599998474121094,36.775001525878906,11531,0.0,0.0
2023-01-31 13:30:00-05:00,36.81999969482422,37.0,36.81999969482422,36.88999938964844,11128,0.0,0.0
2023-01-31 14:30:00-05:00,36.935001373291016,36.95000076293945,36.70000076293945,36.70000076293945,13351,0.0,0.0
2023-01-31 15:30:00-05:00,36.689998626708984,36.91999816894531,36.63999938964844,36.7599983215332,38622,0.0,0.0
2023-02-01 09:30:00-05:00,36.61000061035156,37.16999816894531,36.61000061035156,36.79499816894531,9834,0.0,0.0
2023-02-01 10:30:00-05:00,36.709999084472656,36.7599983215332,36.435001373291016,36.75,12373,0.0,0.0
2023-02-01 11:30:00-05:00,36.72999954223633,36.7400016784668,36.52000045776367,36.650001525878906,12176,0.0,0.0
2023-02-01 12:30:00-05:00,36.70000076293945,36.890201568603516,36.650001525878906,36.890201568603516,12427,0.0,0.0
2023-02-01 13:30:00-05:00,36.95000076293945,37.08000183105469,36.7599983215332,36.880001068115234,12685,0.0,0.0
2023-02-01 14:30:00-05:00,36.88999938964844,37.380001068115234,36.598201751708984,37.310001373291016,38248,0.0,0.0
2023-02-01 15:30:00-05:00,37.33000183105469,37.52000045776367,37.08000183105469,37.25,34846,0.0,0.0
2023-02-02 09:30:00-05:00,37.150001525878906,37.415000915527344,36.854698181152344,37.11000061035156,8367,0.0,0.0
2023-02-02 10:30:00-05:00,37.095001220703125,37.650001525878906,37.095001220703125,37.630001068115234,12644,0.0,0.0
2023-02-02 11:30:00-05:00,37.599998474121094,37.7400016784668,37.439998626708984,37.52000045776367,12298,0.0,0.0
2023-02-02 12:30:00-05:00,37.529998779296875,37.599998474121094,37.470001220703125,37.560001373291016,6347,0.0,0.0
2023-02-02 13:30:00-05:00,37.5,37.68000030517578,37.415000915527344,37.41999816894531,12759,0.0,0.0
2023-02-02 14:30:00-05:00,37.439998626708984,37.65999984741211,37.38999938964844,37.59000015258789,15319,0.0,0.0
2023-02-02 15:30:00-05:00,37.599998474121094,37.68000030517578,37.5099983215332,37.65999984741211,31067,0.0,0.0
2023-02-03 09:30:00-05:00,37.63999938964844,37.900001525878906,37.310001373291016,37.900001525878906,21872,0.0,0.0
2023-02-03 10:30:00-05:00,37.88999938964844,37.9900016784668,37.810001373291016,37.880001068115234,12368,0.0,0.0
2023-02-03 11:30:00-05:00,37.91999816894531,37.970001220703125,37.709999084472656,37.814998626708984,11943,0.0,0.0
2023-02-03 12:30:00-05:00,37.79999923706055,38.04999923706055,37.75,37.84000015258789,18525,0.0,0.0
2023-02-03 13:30:00-05:00,37.86000061035156,38.09000015258789,37.845001220703125,38.02000045776367,12986,0.0,0.0
2023-02-03 14:30:00-05:00,38.005001068115234,38.20000076293945,37.95000076293945,38.119998931884766,16151,0.0,0.0
2023-02-03 15:30:00-05:00,38.150001525878906,38.150001525878906,37.83000183105469,37.849998474121094,34217,0.0,0.0
2023-02-06 09:30:00-05:00,37.83000183105469,38.18000030517578,37.82500076293945,38.060001373291016,18275,0.0,0.0
2023-02-06 10:30:00-05:00,38.04090118408203,38.33000183105469,38.0,38.209999084472656,21058,0.0,0.0
2023-02-06 11:30:00-05:00,38.18000030517578,38.23569869995117,38.119998931884766,38.18000030517578,17816,0.0,0.0
2023-02-06 12:30:00-05:00,38.209999084472656,38.369998931884766,38.15999984741211,38.369998931884766,11465,0.0,0.0
2023-02-06 13:30:00-05:00,38.38999938964844,38.5,38.369998931884766,38.40999984741211,14209,0.0,0.0
2023-02-06 14:30:00-05:00,38.41999816894531,38.5099983215332,38.36000061035156,38.439998626708984,19633,0.0,0.0
2023-02-06 15:30:00-05:00,38.41999816894531,38.65999984741211,38.41999816894531,38.65999984741211,23945,0.0,0.0
2023-02-07 09:30:00-05:00,38.369998931884766,38.369998931884766,38.064998626708984,38.18000030517578,10064,0.0,0.0
2023-02-07 10:30:00-05:00,38.16999816894531,38.33000183105469,38.130001068115234,38.31999969482422,12880,0.0,0.0
2023-02-07 11:30:00-05:00,38.380001068115234,38.42499923706055,38.18000030517578,38.2599983215332,10958,0.0,0.0
2023-02-07 12:30:00-05:00,38.2599983215332,38.70000076293945,38.18000030517578,38.29999923706055,15216,0.0,0.0
2023-02-07 13:30:00-05:00,38.27000045776367,38.540000915527344,38.130001068115234,38.38999938964844,16012,0.0,0.0
2023-02-07 14:30:00-05:00,38.439998626708984,38.619998931884766,38.2400016784668,38.369998931884766,15943,0.0,0.0
2023-02-07 15:30:00-05:00,38.31999969482422,38.630001068115234,38.31999969482422,38.47999954223633,21853,0.0,0.0
2023-02-08 09:30:00-05:00,38.220001220703125,38.44499969482422,38.0,38.0,8447,0.0,0.0
2023-02-08 10:30:00-05:00,37.9900016784668,38.279998779296875,37.849998474121094,38.23500061035156,13341,0.0,0.0
2023-02-08 11:30:00-05:00,38.29999923706055,38.31999969482422,38.04499816894531,38.18000030517578,11821,0.0,0.0
2023-02-08 12:30:00-05:00,38.182498931884766,38.25,38.09000015258789,38.20500183105469,5060,0.0,0.0
2023-02-08 13:30:00-05:00,38.13999938964844,38.189998626708984,37.90999984741211,37.97999954223633,14504,0.0,0.0
2023-02-08 14:30:00-05:00,38.0,38.06999969482422,37.88999938964844,38.0099983215332,18312,0.0,0.0
2023-02-08 15:30:00-05:00,38.040000915527344,38.15999984741211,37.849998474121094,37.95000076293945,37975,0.0,0.0
2023-02-09 09:30:00-05:00,38.16999816894531,38.5099983215332,38.16999816894531,38.29999923706055,10212,0.0,0.0
2023-02-09 10:30:00-05:00,38.31999969482422,38.34000015258789,37.709999084472656,37.88999938964844,9309,0.0,0.0
2023-02-09 11:30:00-05:00,37.970001220703125,38.1349983215332,37.95000076293945,37.970001220703125,10992,0.0,0.0
2023-02-09 12:30:00-05:00,37.90999984741211,37.90999984741211,37.720001220703125,37.77000045776367,10616,0.0,0.0
2023-02-09 13:30:00-05:00,37.7599983215332,37.790000915527344,37.279998779296875,37.310001373291016,14822,0.0,0.0
2023-02-09 14:30:00-05:00,37.334999084472656,37.36000061035156,37.159000396728516,37.20500183105469,21328,0.0,0.0
2023-02-09 15:30:00-05:00,37.185001373291016,37.314998626708984,37.13999938964844,37.22999954223633,31419,0.0,0.0
2023-02-10 09:30:00-05:00,37.349998474121094,37.959999084472656,37.31999969482422,37.959999084472656,8509,0.0,0.0
2023-02-10 10:30:00-05:00,37.900001525878906,37.959999084472656,37.76499938964844,37.89500045776367,7871,0.0,0.0
2023-02-10 11:30:00-05:00,37.904998779296875,37.904998779296875,37.709999084472656,37.810001373291016,6809,0.0,0.0
2023-02-10 12:30:00-05:00,37.84000015258789,38.15999984741211,37.84000015258789,38.119998931884766,9074,0.0,0.0
2023-02-10 13:30:00-05:00,38.13999938964844,38.18000030517578,37.93000030517578,38.07500076293945,8028,0.0,0.0
2023-02-10 14:30:00-05:00,38.08000183105469,38.1150016784668,38.0099983215332,38.06999969482422,12709,0.0,0.0
2023-02-10 15:30:00-05:00,38.07500076293945,38.099998474121094,38.02000045776367,38.099998474121094,19081,0.0,0.0
2023-02-13 09:30:00-05:00,38.189998626708984,38.290000915527344,37.79999923706055,38.01499938964844,15479,0.0,0.0
2023-02-13 10:30:00-05:00,37.98500061035156,38.13999938964844,37.97999954223633,38.04499816894531,13424,0.0,0.0
2023-02-13 11:30:00-05:00,38.029998779296875,38.13999938964844,37.939998626708984,38.08000183105469,7885,0.0,0.0
2023-02-13 12:30:00-05:00,38.099998474121094,38.18000030517578,38.06999969482422,38.08000183105469,9340,0.0,0.0
2023-02-13 13:30:00-05:00,38.099998474121094,38.28179931640625,38.06999969482422,38.15999984741211,8316,0.0,0.0
2023-02-13 14:30:00-05:00,38.244998931884766,38.369998931884766,38.119998931884766,38.27000045776367,13027,0.0,0.0
2023-02-13 15:30:00-05:00,38.279998779296875,38.380001068115234,38.20000076293945,38.33000183105469,32774,0.0,0.0
2023-02-14 09:30:00-05:00,38.31999969482422,38.649898529052734,38.0099983215332,38.20000076293945,14218,0.0,0.0
2023-02-14 10:30:00-05:00,38.16999816894531,38.19499969482422,37.68000030517578,37.814998626708984,17057,0.0,0.0
2023-02-14 11:30:00-05:00,37.7599983215332,37.93000030517578,37.599998474121094,37.875,14317,0.0,0.0
2023-02-14 12:30:00-05:00,37.900001525878906,38.279701232910156,37.810001373291016,38.2400016784668,12922,0.0,0.0
2023-02-14 13:30:00-05:00,38.21099853515625,38.269901275634766,38.14500045776367,38.20100021362305,11504,0.0,0.0
2023-02-14 14:30:00-05:00,38.15999984741211,38.249900817871094,38.06999969482422,38.084999084472656,18230,0.0,0.0
2023-02-14 15:30:00-05:00,38.060001373291016,38.119998931884766,37.86000061035156,37.900001525878906,37811,0.0,0.0
2023-02-15 09:30:00-05:00,39.16999816894531,41.65999984741211,38.89540100097656,41.13570022583008,132597,0.0,0.0
2023-02-15 10:30:00-05:00,41.209999084472656,42.38999938964844,41.15840148925781,42.04999923706055,78697,0.0,0.0
2023-02-15 11:30:00-05:00,42.05500030517578,42.27000045776367,41.189998626708984,42.20000076293945,49538,0.0,0.0
2023-02-15 12:30:00-05:00,42.2599983215332,43.0099983215332,42.15999984741211,42.8849983215332,52984,0.0,0.0
2023-02-15 13:30:00-05:00,42.93000030517578,43.70000076293945,42.869998931884766,43.4900016784668,37431,0.0,0.0
2023-02-15 14:30:00-05:00,43.58000183105469,43.880001068115234,43.40999984741211,43.599998474121094,57138,0.0,0.0
2023-02-15 15:30:00-05:00,43.619998931884766,43.709999084472656,43.209999084472656,43.56999969482422,77423,0.0,0.0
2023-02-16 09:30:00-05:00,43.47999954223633,45.560001373291016,42.75,45.560001373291016,125774,0.0,0.0
2023-02-16 10:30:00-05:00,45.4900016784668,45.720001220703125,44.95000076293945,45.5099983215332,62039,0.0,0.0
2023-02-16 11:30:00-05:00,45.5099983215332,45.58000183105469,44.59000015258789,45.18000030517578,56304,0.0,0.0
2023-02-16 12:30:00-05:00,45.130001068115234,45.20000076293945,44.5,44.90999984741211,52569,0.0,0.0
2023-02-16 13:30:00-05:00,44.90999984741211,45.060001373291016,44.2400016784668,44.36000061035156,47659,0.0,0.0
2023-02-16 14:30:00-05:00,44.5,45.08000183105469,44.369998931884766,44.58000183105469,49244,0.0,0.0
2023-02-16 15:30:00-05:00,44.584999084472656,45.0,44.52000045776367,44.70000076293945,68099,0.0,0.0
2023-02-17 09:30:00-05:00,44.779998779296875,45.099998474121094,44.0099983215332,45.099998474121094,44877,0.0,0.0
2023-02-17 10:30:00-05:00,45.03120040893555,45.25,44.7599983215332,44.790000915527344,27344,0.0,0.0
2023-02-17 11:30:00-05:00,44.79999923706055,45.150001525878906,44.79499816894531,45.150001525878906,12812,0.0,0.0
2023-02-17 12:30:00-05:00,45.130001068115234,45.2400016784668,45.04499816894531,45.04499816894531,17211,0.0,0.0
2023-02-17 13:30:00-05:00,45.084999084472656,45.130001068115234,44.98529815673828,45.08000183105469,22298,0.0,0.0
2023-02-17 14:30:00-05:00,45.09000015258789,45.13999938964844,44.89500045776367,45.029998779296875,25975,0.0,0.0
2023-02-17 15:30:00-05:00,45.060001373291016,45.22999954223633,45.029998779296875,45.220001220703125,46843,0.0,0.0
2023-02-21 09:30:00-05:00,44.779998779296875,44.92499923706055,44.130001068115234,44.130001068115234,34135,0.0,0.0
2023-02-21 10:30:00-05:00,44.08000183105469,44.30390167236328,43.93000030517578,44.025001525878906,16362,0.0,0.0
2023-02-21 11:30:00-05:00,44.0,44.08000183105469,43.880001068115234,43.96500015258789,16052,0.0,0.0
2023-02-21 12:30:00-05:00,43.981300354003906,44.529998779296875,43.95000076293945,44.25,44134,0.0,0.0
2023-02-21 13:30:00-05:00,44.26499938964844,44.45000076293945,44.2400016784668,44.45000076293945,15006,0.0,0.0
2023-02-21 14:30:00-05:00,44.4900016784668,44.599998474121094,44.33000183105469,44.52000045776367,27139,0.0,0.0
2023-02-21 15:30:00-05:00,44.560001373291016,44.7400016784668,44.40999984741211,44.41999816894531,48905,0.0,0.0
2023-02-22 09:30:00-05:00,44.709999084472656,44.900001525878906,44.33000183105469,44.5,46845,0.0,0.0
2023-02-22 10:30:00-05:00,44.47999954223633,44.54999923706055,44.15999984741211,44.38999938964844,22366,0.0,0.0
2023-02-22 11:30:00-05:00,44.33000183105469,44.380001068115234,44.22999954223633,44.369998931884766,15743,0.0,0.0
2023-02-22 12:30:00-05:00,44.36000061035156,44.5,44.29999923706055,44.369998931884766,23233,0.0,0.0
2023-02-22 13:30:00-05:00,44.380001068115234,44.38999938964844,44.189998626708984,44.310001373291016,20421,0.0,0.0
2023-02-22 14:30:00-05:00,44.310001373291016,44.31999969482422,43.86000061035156,43.915000915527344,24646,0.0,0.0
2023-02-22 15:30:00-05:00,43.90999984741211,44.22999954223633,43.90999984741211,44.13999938964844,38792,0.0,0.0
2023-02-23 09:30:00-05:00,44.27000045776367,45.040000915527344,44.27000045776367,44.52000045776367,35085,0.0,0.0
2023-02-23 10:30:00-05:00,44.5099983215332,44.5885009765625,44.210601806640625,44.470001220703125,48028,0.0,0.0
2023-02-23 11:30:00-05:00,44.459999084472656,44.459999084472656,44.0,44.08000183105469,13397,0.0,0.0
2023-02-23 12:30:00-05:00,44.09000015258789,44.20000076293945,43.83000183105469,43.83000183105469,19056,0.0,0.0
2023-02-23 13:30:00-05:00,43.875,44.209999084472656,43.84000015258789,44.20000076293945,16300,0.0,0.0
2023-02-23 14:30:00-05:00,44.20000076293945,44.34000015258789,44.15999984741211,44.20000076293945,29818,0.0,0.0
2023-02-23 15:30:00-05:00,44.189998626708984,44.369998931884766,44.15999984741211,44.15999984741211,54262,0.0,0.0
2023-02-24 09:30:00-05:00,44.040000915527344,44.52000045776367,43.689998626708984,44.220001220703125,24934,0.0,0.0
2023-02-24 10:30:00-05:00,44.369998931884766,44.40999984741211,44.15999984741211,44.25,16680,0.0,0.0
2023-02-24 11:30:00-05:00,44.209999084472656,44.56999969482422,44.130001068115234,44.56999969482422,30959,0.0,0.0
2023-02-24 12:30:00-05:00,44.54999923706055,44.86000061035156,44.54999923706055,44.86000061035156,21590,0.0,0.0
2023-02-24 13:30:00-05:00,44.83000183105469,45.20000076293945,44.68000030517578,45.04499816894531,29300,0.0,0.0
2023-02-24 14:30:00-05:00,45.0099983215332,45.380001068115234,44.97999954223633,45.165000915527344,36027,0.0,0.0
2023-02-24 15:30:00-05:00,45.130001068115234,45.45000076293945,45.07109832763672,45.43000030517578,45196,0.0,0.0
2023-02-27 09:30:00-05:00,45.619998931884766,45.9900016784668,45.224998474121094,45.224998474121094,31383,0.0,0.0
2023-02-27 10:30:00-05:00,45.08000183105469,45.439998626708984,44.755001068115234,45.209999084472656,24495,0.0,0.0
2023-02-27 11:30:00-05:00,45.189998626708984,45.20000076293945,44.939998626708984,45.099998474121094,9307,0.0,0.0
2023-02-27 12:30:00-05:00,45.16999816894531,45.2400016784668,45.060001373291016,45.18000030517578,6398,0.0,0.0
2023-02-27 13:30:00-05:00,45.20000076293945,45.540000915527344,45.130001068115234,45.38999938964844,16406,0.0,0.0
2023-02-27 14:30:00-05:00,45.400001525878906,45.459999084472656,44.95000076293945,45.040000915527344,19794,0.0,0.0
2023-02-27 15:30:00-05:00,45.060001373291016,45.290000915527344,45.02000045776367,45.279998779296875,37886,0.0,0.0
2023-02-28 09:30:00-05:00,45.2599983215332,45.900001525878906,44.974998474121094,45.84000015258789,44164,0.0,0.0
2023-02-28 10:30:00-05:00,45.81999969482422,46.130001068115234,45.81999969482422,46.029998779296875,46607,0.0,0.0
2023-02-28 11:30:00-05:00,46.03839874267578,46.03839874267578,45.46220016479492,45.62990188598633,25626,0.0,0.0
2023-02-28 12:30:00-05:00,45.650001525878906,45.779998779296875,45.529998779296875,45.665000915527344,19676,0.0,0.0
2023-02-28 13:30:00-05:00,45.65999984741211,45.7599983215332,45.54999923706055,45.755001068115234,23637,0.0,0.0
2023-02-28 14:30:00-05:00,45.77000045776367,45.86000061035156,45.52000045776367,45.52000045776367,38129,0.0,0.0
2023-02-28 15:30:00-05:00,45.48500061035156,45.81999969482422,45.380001068115234,45.630001068115234,55865,0.0,0.0
2023-03-01 09:30:00-05:00,45.630001068115234,45.939998626708984,45.36000061035156,45.93000030517578,14760,0.0,0.0
2023-03-01 10:30:00-05:00,45.90999984741211,45.970001220703125,45.529998779296875,45.558799743652344,15604,0.0,0.0
2023-03-01 11:30:00-05:00,45.54999923706055,45.77000045776367,45.5099983215332,45.68000030517578,23806,0.0,0.0
2023-03-01 12:30:00-05:00,45.689998626708984,45.73500061035156,45.55500030517578,45.61000061035156,13741,0.0,0.0
2023-03-01 13:30:00-05:00,45.58000183105469,45.779998779296875,45.529998779296875,45.689998626708984,17420,0.0,0.0
2023-03-01 14:30:00-05:00,45.65999984741211,45.970001220703125,45.560001373291016,45.939998626708984,25271,0.0,0.0
2023-03-01 15:30:00-05:00,45.93000030517578,46.060001373291016,45.83000183105469,46.0099983215332,37901,0.0,0.0
2023-03-02 09:30:00-05:00,45.75,46.20000076293945,45.500099182128906,46.060001373291016,20400,0.0,0.0
2023-03-02 10:30:00-05:00,46.08000183105469,46.27000045776367,45.849998474121094,45.970001220703125,33695,0.0,0.0
2023-03-02 11:30:00-05:00,46.0,46.2400016784668,45.91999816894531,46.2400016784668,25384,0.0,0.0
2023-03-02 12:30:00-05:00,46.2400016784668,46.310001373291016,45.78889846801758,46.09939956665039,43779,0.0,0.0
2023-03-02 13:30:00-05:00,46.099998474121094,46.47999954223633,46.0099983215332,46.279998779296875,54234,0.0,0.0
2023-03-02 14:30:00-05:00,46.279998779296875,46.279998779296875,46.029998779296875,46.064998626708984,36185,0.0,0.0
2023-03-02 15:30:00-05:00,46.09000015258789,46.41999816894531,46.09000015258789,46.38999938964844,57237,0.0,0.0
2023-03-03 09:30:00-05:00,46.310001373291016,46.310001373291016,45.733299255371094,46.0099983215332,31537,0.0,0.0
2023-03-03 10:30:00-05:00,45.994998931884766,46.16999816894531,45.994998931884766,46.13999938964844,23996,0.0,0.0
2023-03-03 11:30:00-05:00,46.130001068115234,46.310001373291016,46.064998626708984,46.22999954223633,29680,0.0,0.0
2023-03-03 12:30:00-05:00,46.23500061035156,46.43000030517578,46.23500061035156,46.33000183105469,21374,0.0,0.0
2023-03-03 13:30:00-05:00,46.349998474121094,46.380001068115234,46.20100021362305,46.31999969482422,23318,0.0,0.0
2023-03-03 14:30:00-05:00,46.32500076293945,46.47999954223633,46.28340148925781,46.40999984741211,33500,0.0,0.0
2023-03-03 15:30:00-05:00,46.41999816894531,46.435001373291016,46.23500061035156,46.31999969482422,44213,0.0,0.0
2023-03-06 09:30:00-05:00,45.81999969482422,45.88999938964844,45.099998474121094,45.279998779296875,33046,0.0,0.0
2023-03-06 10:30:00-05:00,45.290000915527344,45.36000061035156,44.84000015258789,44.86000061035156,28626,0.0,0.0
2023-03-06 11:30:00-05:00,44.85499954223633,44.900001525878906,44.209999084472656,44.34000015258789,37454,0.0,0.0
2023-03-06 12:30:00-05:00,44.375,44.529998779296875,44.2400016784668,44.5,22063,0.0,0.0
2023-03-06 13:30:00-05:00,44.48500061035156,44.48500061035156,44.130001068115234,44.27000045776367,22419,0.0,0.0
2023-03-06 14:30:00-05:00,44.27000045776367,44.349998474121094,44.185001373291016,44.25,26176,0.0,0.0
2023-03-06 15:30:00-05:00,44.22999954223633,44.40999984741211,44.22999954223633,44.33000183105469,45045,0.0,0.0
2023-03-07 09:30:00-05:00,44.47999954223633,44.47999954223633,43.47999954223633,43.720001220703125,26324,0.0,0.0
2023-03-07 10:30:00-05:00,43.65999984741211,44.13999938964844,43.650001525878906,43.93000030517578,20340,0.0,0.0
2023-03-07 11:30:00-05:00,43.9900016784668,44.119998931884766,43.81999969482422,43.81999969482422,21276,0.0,0.0
2023-03-07 12:30:00-05:00,43.79999923706055,43.83000183105469,43.5099983215332,43.57500076293945,14730,0.0,0.0
2023-03-07 13:30:00-05:00,43.599998474121094,43.63999938964844,43.34000015258789,43.57500076293945,20809,0.0,0.0
2023-03-07 14:30:00-05:00,43.57500076293945,43.790000915527344,43.45000076293945,43.76499938964844,21869,0.0,0.0
2023-03-07 15:30:00-05:00,43.75,44.0099983215332,43.75,43.939998626708984,58716,0.0,0.0
2023-03-08 09:30:00-05:00,44.0,44.13370132446289,43.5099983215332,44.03499984741211,17994,0.0,0.0
2023-03-08 10:30:00-05:00,44.02000045776367,44.33000183105469,44.0099983215332,44.06999969482422,20047,0.0,0.0
2023-03-08 11:30:00-05:00,44.119998931884766,44.334999084472656,44.040000915527344,44.099998474121094,27937,0.0,0.0
2023-03-08 12:30:00-05:00,44.040000915527344,44.18000030517578,44.0,44.1150016784668,11108,0.0,0.0
2023-03-08 13:30:00-05:00,44.099998474121094,44.220001220703125,43.93000030517578,44.13999938964844,19936,0.0,0.0
2023-03-08 14:30:00-05:00,44.130001068115234,44.19499969482422,44.040000915527344,44.144798278808594,16034,0.0,0.0
2023-03-08 15:30:00-05:00,44.150001525878906,44.4900016784668,44.150001525878906,44.45000076293945,39275,0.0,0.0
2023-03-09 09:30:00-05:00,44.470001220703125,44.560001373291016,43.7401008605957,43.89500045776367,13336,0.0,0.0
2023-03-09 10:30:00-05:00,43.89500045776367,44.349998474121094,43.89500045776367,44.099998474121094,17681,0.0,0.0
2023-03-09 11:30:00-05:00,44.16999816894531,44.189998626708984,43.959999084472656,44.13999938964844,11117,0.0,0.0
2023-03-09 12:30:00-05:00,44.099998474121094,44.189998626708984,43.939998626708984,43.97999954223633,11859,0.0,0.0
2023-03-09 13:30:00-05:00,43.994998931884766,44.09000015258789,43.90999984741211,44.01499938964844,13051,0.0,0.0
2023-03-09 14:30:00-05:00,43.9900016784668,44.04999923706055,43.34000015258789,43.54999923706055,36597,0.0,0.0
2023-03-09 15:30:00-05:00,43.5099983215332,43.61000061035156,43.36000061035156,43.380001068115234,33193,0.0,0.0
2023-03-10 09:30:00-05:00,43.20000076293945,43.255001068115234,42.5,42.638099670410156,21497,0.0,0.0
2023-03-10 10:30:00-05:00,42.57320022583008,42.869998931884766,42.45000076293945,42.560001373291016,18039,0.0,0.0
2023-03-10 11:30:00-05:00,42.584999084472656,42.68000030517578,42.189998626708984,42.189998626708984,14162,0.0,0.0
2023-03-10 12:30:00-05:00,42.27000045776367,42.38999938964844,41.970001220703125,42.06999969482422,17559,0.0,0.0
2023-03-10 13:30:00-05:00,42.02000045776367,42.04999923706055,41.68080139160156,41.74100112915039,18891,0.0,0.0
2023-03-10 14:30:00-05:00,41.8120002746582,41.86000061035156,41.31610107421875,41.415000915527344,25613,0.0,0.0
2023-03-10 15:30:00-05:00,41.45000076293945,41.7400016784668,41.34000015258789,41.709999084472656,61048,0.0,0.0
2023-03-13 09:30:00-04:00,41.04999923706055,41.04999923706055,40.040000915527344,40.439998626708984,43428,0.0,0.0
2023-03-13 10:30:00-04:00,40.48500061035156,41.33000183105469,40.48500061035156,41.06999969482422,37853,0.0,0.0
2023-03-13 11:30:00-04:00,40.970001220703125,40.9900016784668,40.400001525878906,40.505001068115234,27242,0.0,0.0
2023-03-13 12:30:00-04:00,40.5,40.58000183105469,39.95000076293945,40.220001220703125,27492,0.0,0.0
2023-03-13 13:30:00-04:00,40.209999084472656,40.349998474121094,40.06999969482422,40.111000061035156,25365,0.0,0.0
2023-03-13 14:30:00-04:00,40.13999938964844,40.31800079345703,39.7400016784668,39.790000915527344,30031,0.0,0.0
2023-03-13 15:30:00-04:00,39.88999938964844,40.11000061035156,39.8849983215332,39.959999084472656,49424,0.0,0.0
2023-03-14 09:30:00-04:00,41.060001373291016,42.0,41.060001373291016,41.814998626708984,27993,0.0,0.0
2023-03-14 10:30:00-04:00,41.72999954223633,41.86000061035156,41.59000015258789,41.720001220703125,12940,0.0,0.0
2023-03-14 11:30:00-04:00,41.70000076293945,41.70000076293945,41.33000183105469,41.34000015258789,14777,0.0,0.0
2023-03-14 12:30:00-04:00,41.38999938964844,41.43000030517578,40.560001373291016,40.68000030517578,22019,0.0,0.0
2023-03-14 13:30:00-04:00,40.654998779296875,40.904998779296875,40.564998626708984,40.67499923706055,41550,0.0,0.0
2023-03-14 14:30:00-04:00,40.689998626708984,40.89500045776367,40.33000183105469,40.689998626708984,27546,0.0,0.0
2023-03-14 15:30:00-04:00,40.66999816894531,41.060001373291016,40.630001068115234,41.04999923706055,43756,0.0,0.0
2023-03-15 09:30:00-04:00,39.959999084472656,40.439998626708984,38.630001068115234,38.73500061035156,50629,0.0,0.0
2023-03-15 10:30:00-04:00,38.79999923706055,39.06999969482422,38.52000045776367,38.790000915527344,29593,0.0,0.0
2023-03-15 11:30:00-04:00,38.790000915527344,39.11000061035156,38.709999084472656,38.81999969482422,30024,0.0,0.0
2023-03-15 12:30:00-04:00,38.86000061035156,39.09989929199219,38.630001068115234,38.98979949951172,25129,0.0,0.0
2023-03-15 13:30:00-04:00,39.040000915527344,39.68000030517578,38.83000183105469,39.52000045776367,30796,0.0,0.0
2023-03-15 14:30:00-04:00,39.540000915527344,39.619998931884766,39.34000015258789,39.5,29809,0.0,0.0
2023-03-15 15:30:00-04:00,39.494998931884766,39.61000061035156,39.22999954223633,39.54999923706055,53032,0.0,0.0
2023-03-16 09:30:00-04:00,38.91999816894531,39.029998779296875,38.040000915527344,38.439998626708984,31837,0.0,0.0
2023-03-16 10:30:00-04:00,38.584999084472656,39.27000045776367,38.52000045776367,39.27000045776367,27433,0.0,0.0
2023-03-16 11:30:00-04:00,39.310001373291016,39.36000061035156,39.000701904296875,39.34000015258789,17519,0.0,0.0
2023-03-16 12:30:00-04:00,39.290000915527344,39.720001220703125,39.209999084472656,39.540000915527344,24587,0.0,0.0
2023-03-16 13:30:00-04:00,39.560001373291016,39.66999816894531,39.2400016784668,39.34000015258789,21614,0.0,0.0
2023-03-16 14:30:00-04:00,39.38999938964844,39.63999938964844,39.279998779296875,39.61000061035156,23689,0.0,0.0
2023-03-16 15:30:00-04:00,39.59000015258789,39.72999954223633,39.540000915527344,39.68000030517578,34788,0.0,0.0
2023-03-17 09:30:00-04:00,39.36000061035156,39.540000915527344,38.619998931884766,38.619998931884766,82183,0.0,0.0
2023-03-17 10:30:00-04:00,38.72999954223633,38.76499938964844,38.439998626708984,38.619998931884766,16981,0.0,0.0
2023-03-17 11:30:00-04:00,38.5099983215332,38.689998626708984,38.34000015258789,38.650001525878906,17296,0.0,0.0
2023-03-17 12:30:00-04:00,38.68000030517578,38.68000030517578,38.209999084472656,38.21009826660156,25367,0.0,0.0
2023-03-17 13:30:00-04:00,38.22999954223633,38.34000015258789,37.970001220703125,38.25,34165,0.0,0.0
2023-03-17 14:30:00-04:00,38.220001220703125,38.220001220703125,37.61000061035156,37.7400016784668,42323,0.0,0.0
2023-03-17 15:30:00-04:00,37.724998474121094,38.29999923706055,37.439998626708984,38.13999938964844,120954,0.0,0.0
2023-03-20 09:30:00-04:00,38.5,39.36000061035156,38.02000045776367,39.34000015258789,25829,0.0,0.0
2023-03-20 10:30:00-04:00,39.345001220703125,39.93000030517578,39.345001220703125,39.93000030517578,27468,0.0,0.0
2023-03-20 11:30:00-04:00,39.970001220703125,39.970001220703125,39.290000915527344,39.439998626708984,38224,0.0,0.0
2023-03-20 12:30:00-04:00,39.470001220703125,39.79999923706055,39.38999938964844,39.65999984741211,16648,0.0,0.0
2023-03-20 13:30:00-04:00,39.709999084472656,39.709999084472656,39.380001068115234,39.459999084472656,27020,0.0,0.0
2023-03-20 14:30:00-04:00,39.43000030517578,39.560001373291016,39.29499816894531,39.404998779296875,66271,0.0,0.0
2023-03-20 15:30:00-04:00,39.41999816894531,39.44499969482422,39.150001525878906,39.15999984741211,52015,0.0,0.0
2023-03-21 09:30:00-04:00,40.02000045776367,40.279998779296875,39.5,39.5,27784,0.0,0.0
2023-03-21 10:30:00-04:00,39.540000915527344,39.709999084472656,39.4900016784668,39.70000076293945,30622,0.0,0.0
2023-03-21 11:30:00-04:00,39.69499969482422,39.90999984741211,39.560001373291016,39.71659851074219,15360,0.0,0.0
2023-03-21 12:30:00-04:00,39.714900970458984,39.7400016784668,39.540000915527344,39.66999816894531,16736,0.0,0.0
2023-03-21 13:30:00-04:00,39.63999938964844,39.84000015258789,39.619998931884766,39.79999923706055,19792,0.0,0.0
2023-03-21 14:30:00-04:00,39.849998474121094,40.130001068115234,39.849998474121094,40.09600067138672,24417,0.0,0.0
2023-03-21 15:30:00-04:00,40.09000015258789,40.36000061035156,40.060001373291016,40.27000045776367,56978,0.0,0.0
2023-03-22 09:30:00-04:00,40.279998779296875,40.4900016784668,39.95000076293945,40.31999969482422,8882,0.0,0.0
2023-03-22 10:30:00-04:00,40.29999923706055,40.82600021362305,40.29999923706055,40.54999923706055,16365,0.0,0.0
2023-03-22 11:30:00-04:00,40.52399826049805,40.78499984741211,40.4900016784668,40.6349983215332,18174,0.0,0.0
2023-03-22 12:30:00-04:00,40.60710144042969,40.77000045776367,40.529998779296875,40.625,14231,0.0,0.0
2023-03-22 13:30:00-04:00,40.630001068115234,40.724998474121094,40.29999923706055,40.40999984741211,31293,0.0,0.0
2023-03-22 14:30:00-04:00,40.400001525878906,40.599998474121094,39.900001525878906,40.20000076293945,35851,0.0,0.0
2023-03-22 15:30:00-04:00,40.13999938964844,40.14500045776367,39.58000183105469,39.599998474121094,55293,0.0,0.0
2023-03-23 09:30:00-04:00,39.79999923706055,40.130001068115234,39.7599983215332,40.130001068115234,15246,0.0,0.0
2023-03-23 10:30:00-04:00,40.060001373291016,40.41999816894531,40.060001373291016,40.31999969482422,10573,0.0,0.0
2023-03-23 11:30:00-04:00,40.33000183105469,40.45000076293945,40.04999923706055,40.08000183105469,9369,0.0,0.0
2023-03-23 12:30:00-04:00,40.064998626708984,40.064998626708984,39.63999938964844,39.7400016784668,12710,0.0,0.0
2023-03-23 13:30:00-04:00,39.720001220703125,39.720001220703125,39.2599983215332,39.2599983215332,10444,0.0,0.0
2023-03-23 14:30:00-04:00,39.20500183105469,39.38999938964844,38.869998931884766,39.150001525878906,31477,0.0,0.0
2023-03-23 15:30:00-04:00,39.099998474121094,39.400001525878906,39.0099983215332,39.189998626708984,34889,0.0,0.0
2023-03-24 09:30:00-04:00,38.599998474121094,38.90999984741211,38.5,38.75,12489,0.0,0.0
2023-03-24 10:30:00-04:00,39.16999816894531,39.16999816894531,38.7599983215332,39.11000061035156,8395,0.0,0.0
2023-03-24 11:30:00-04:00,39.18000030517578,39.560001373291016,39.1349983215332,39.4900016784668,10452,0.0,0.0
2023-03-24 12:30:00-04:00,39.529998779296875,39.709999084472656,39.52000045776367,39.65999984741211,11140,0.0,0.0
2023-03-24 13:30:00-04:00,39.68000030517578,39.77000045776367,39.599998474121094,39.65999984741211,13302,0.0,0.0
2023-03-24 14:30:00-04:00,39.6510009765625,39.970001220703125,39.6510009765625,39.970001220703125,16581,0.0,0.0
2023-03-24 15:30:00-04:00,39.95000076293945,40.01499938964844,39.849998474121094,40.0099983215332,35182,0.0,0.0
2023-03-27 09:30:00-04:00,40.58000183105469,40.72999954223633,40.279998779296875,40.34199905395508,13797,0.0,0.0
2023-03-27 10:30:00-04:00,40.279998779296875,40.29999923706055,40.1150016784668,40.275001525878906,16886,0.0,0.0
2023-03-27 11:30:00-04:00,40.29999923706055,40.779998779296875,40.29999923706055,40.709999084472656,12203,0.0,0.0
2023-03-27 12:30:00-04:00,40.67100143432617,40.900001525878906,40.650001525878906,40.869998931884766,9013,0.0,0.0
2023-03-27 13:30:00-04:00,40.900001525878906,40.93000030517578,40.83000183105469,40.91999816894531,11208,0.0,0.0
2023-03-27 14:30:00-04:00,40.88999938964844,40.95000076293945,40.75,40.810001373291016,14491,0.0,0.0
2023-03-27 15:30:00-04:00,40.845001220703125,40.939998626708984,40.75,40.75,30091,0.0,0.0
2023-03-28 09:30:00-04:00,40.66999816894531,41.810001373291016,40.529998779296875,41.60499954223633,16759,0.0,0.0
2023-03-28 10:30:00-04:00,41.56999969482422,42.0099983215332,41.560001373291016,41.90999984741211,21248,0.0,0.0
2023-03-28 11:30:00-04:00,41.90999984741211,42.130001068115234,41.90999984741211,42.029998779296875,14269,0.0,0.0
2023-03-28 12:30:00-04:00,42.029998779296875,42.209999084472656,41.7400016784668,41.77000045776367,16532,0.0,0.0
2023-03-28 13:30:00-04:00,41.689998626708984,41.689998626708984,41.41999816894531,41.599998474121094,16224,0.0,0.0
2023-03-28 14:30:00-04:00,41.66999816894531,41.66999816894531,41.400001525878906,41.400001525878906,14039,0.0,0.0
2023-03-28 15:30:00-04:00,41.41999816894531,41.66999816894531,41.41999816894531,41.59000015258789,31979,0.0,0.0
2023-03-29 09:30:00-04:00,42.06999969482422,42.06999969482422,41.47999954223633,41.790000915527344,15705,0.0,0.0
2023-03-29 10:30:00-04:00,41.790000915527344,41.82500076293945,41.47999954223633,41.65999984741211,10779,0.0,0.0
2023-03-29 11:30:00-04:00,41.68000030517578,41.70000076293945,41.619998931884766,41.67499923706055,10476,0.0,0.0
2023-03-29 12:30:00-04:00,41.709999084472656,41.80500030517578,41.619998931884766,41.720001220703125,14094,0.0,0.0
2023-03-29 13:30:00-04:00,41.75,41.7599983215332,41.369998931884766,41.43000030517578,14829,0.0,0.0
2023-03-29 14:30:00-04:00,41.41999816894531,41.470001220703125,41.310001373291016,41.459999084472656,20174,0.0,0.0
2023-03-29 15:30:00-04:00,41.459999084472656,41.59000015258789,41.404998779296875,41.59000015258789,30864,0.0,0.0
2023-03-30 09:30:00-04:00,41.849998474121094,42.019901275634766,41.72999954223633,41.91999816894531,7376,0.0,0.0
2023-03-30 10:30:00-04:00,41.90999984741211,41.90999984741211,41.540000915527344,41.540000915527344,5861,0.0,0.0
2023-03-30 11:30:00-04:00,41.47999954223633,41.560001373291016,41.290000915527344,41.310001373291016,9360,0.0,0.0
2023-03-30 12:30:00-04:00,41.290000915527344,41.290000915527344,40.849998474121094,40.849998474121094,15572,0.0,0.0
2023-03-30 13:30:00-04:00,40.81999969482422,40.86000061035156,40.70000076293945,40.810001373291016,18089,0.0,0.0
2023-03-30 14:30:00-04:00,40.779998779296875,40.79999923706055,40.529998779296875,40.63999938964844,23745,0.0,0.0
2023-03-30 15:30:00-04:00,40.630001068115234,40.880001068115234,40.619998931884766,40.84000015258789,29673,0.0,0.0
2023-03-31 09:30:00-04:00,40.97999954223633,41.63999938964844,40.90999984741211,41.17499923706055,20962,0.0,0.0
2023-03-31 10:30:00-04:00,41.209999084472656,41.45000076293945,41.08000183105469,41.400001525878906,20697,0.0,0.0
2023-03-31 11:30:00-04:00,41.380001068115234,41.380001068115234,41.029998779296875,41.029998779296875,5502,0.0,0.0
2023-03-31 12:30:00-04:00,41.02000045776367,41.08000183105469,40.8849983215332,40.97999954223633,7584,0.0,0.0
2023-03-31 13:30:00-04:00,40.93000030517578,41.119998931884766,40.90999984741211,40.91999816894531,17235,0.0,0.0
2023-03-31 14:30:00-04:00,40.875,40.97159957885742,40.75,40.95500183105469,13921,0.0,0.0
2023-03-31 15:30:00-04:00,40.97999954223633,41.560001373291016,40.84000015258789,41.31999969482422,80944,0.0,0.0
2023-04-03 09:30:00-04:00,41.560001373291016,41.880001068115234,41.560001373291016,41.880001068115234,17155,0.0,0.0
2023-04-03 10:30:00-04:00,41.849998474121094,41.85499954223633,41.34000015258789,41.459999084472656,20389,0.0,0.0
2023-04-03 11:30:00-04:00,41.4900016784668,41.744998931884766,41.290000915527344,41.61000061035156,63475,0.0,0.0
2023-04-03 12:30:00-04:00,41.66999816894531,41.66999816894531,41.40999984741211,41.45750045776367,23829,0.0,0.0
2023-04-03 13:30:00-04:00,41.46500015258789,41.4900016784668,41.29499816894531,41.3849983215332,29722,0.0,0.0
2023-04-03 14:30:00-04:00,41.41999816894531,42.0,41.3849983215332,41.915000915527344,66017,0.0,0.0
2023-04-03 15:30:00-04:00,41.94499969482422,41.95000076293945,41.70000076293945,41.709999084472656,37328,0.0,0.0
2023-04-04 09:30:00-04:00,41.66999816894531,41.86000061035156,40.83000183105469,40.83000183105469,15525,0.0,0.0
2023-04-04 10:30:00-04:00,40.90999984741211,40.93000030517578,40.43000030517578,40.650001525878906,21175,0.0,0.0
2023-04-04 11:30:00-04:00,40.66999816894531,40.68000030517578,40.2599983215332,40.369998931884766,14481,0.0,0.0
2023-04-04 12:30:00-04:00,40.42499923706055,40.70000076293945,40.36000061035156,40.47999954223633,11119,0.0,0.0
2023-04-04 13:30:00-04:00,40.5,40.61000061035156,40.20000076293945,40.20000076293945,14181,0.0,0.0
2023-04-04 14:30:00-04:00,40.189998626708984,40.34000015258789,40.150001525878906,40.220001220703125,25352,0.0,0.0
2023-04-04 15:30:00-04:00,40.20500183105469,40.66999816894531,40.189998626708984,40.56999969482422,47996,0.0,0.0
2023-04-05 09:30:00-04:00,40.47999954223633,40.7400016784668,39.939998626708984,40.0,19038,0.0,0.0
2023-04-05 10:30:00-04:00,40.02000045776367,40.06999969482422,39.689998626708984,39.689998626708984,13809,0.0,0.0
2023-04-05 11:30:00-04:00,39.68000030517578,39.7400016784668,39.279998779296875,39.31999969482422,52622,0.0,0.0
2023-04-05 12:30:00-04:00,39.345001220703125,39.411800384521484,39.18000030517578,39.38999938964844,7873,0.0,0.0
2023-04-05 13:30:00-04:00,39.380001068115234,39.380001068115234,39.130001068115234,39.290000915527344,11299,0.0,0.0
2023-04-05 14:30:00-04:00,39.255001068115234,39.61000061035156,39.244998931884766,39.599998474121094,14899,0.0,0.0
2023-04-05 15:30:00-04:00,39.630001068115234,39.720001220703125,39.5099983215332,39.54999923706055,26527,0.0,0.0
2023-04-06 09:30:00-04:00,39.66999816894531,39.66999816894531,39.16999816894531,39.31999969482422,10831,0.0,0.0
2023-04-06 10:30:00-04:00,39.375,39.439998626708984,39.11000061035156,39.130001068115234,19708,0.0,0.0
2023-04-06 11:30:00-04:00,39.13999938964844,39.3650016784668,39.04999923706055,39.349998474121094,9392,0.0,0.0
2023-04-06 12:30:00-04:00,39.349998474121094,39.494998931884766,39.29999923706055,39.41999816894531,12160,0.0,0.0
2023-04-06 13:30:00-04:00,39.41999816894531,39.41999816894531,39.20000076293945,39.27000045776367,12432,0.0,0.0
2023-04-06 14:30:00-04:00,39.290000915527344,39.31999969482422,39.18000030517578,39.20000076293945,17791,0.0,0.0
2023-04-06 15:30:00-04:00,39.20399856567383,39.380001068115234,39.19499969482422,39.32500076293945,27002,0.0,0.0
2023-04-10 09:30:00-04:00,39.470001220703125,40.18000030517578,39.36000061035156,39.779998779296875,12671,0.0,0.0
2023-04-10 10:30:00-04:00,39.85499954223633,40.11000061035156,39.85499954223633,40.060001373291016,11280,0.0,0.0
2023-04-10 11:30:00-04:00,40.099998474121094,40.099998474121094,39.7599983215332,39.779998779296875,9296,0.0,0.0
2023-04-10 12:30:00-04:00,39.78499984741211,39.92430114746094,39.7599983215332,39.900001525878906,7786,0.0,0.0
2023-04-10 13:30:00-04:00,39.92499923706055,39.970001220703125,39.869998931884766,39.970001220703125,10206,0.0,0.0
2023-04-10 14:30:00-04:00,39.9900016784668,40.119998931884766,39.9900016784668,40.0099983215332,12049,0.0,0.0
2023-04-10 15:30:00-04:00,40.0,40.20000076293945,39.95500183105469,40.119998931884766,31759,0.0,0.0
2023-04-11 09:30:00-04:00,40.2599983215332,40.86000061035156,40.099998474121094,40.5718994140625,9681,0.0,0.0
2023-04-11 10:30:00-04:00,40.54079818725586,40.81999969482422,40.529998779296875,40.779998779296875,12900,0.0,0.0
2023-04-11 11:30:00-04:00,40.7599983215332,41.18000030517578,40.75,41.13999938964844,8887,0.0,0.0
2023-04-11 12:30:00-04:00,41.189998626708984,41.220001220703125,41.06999969482422,41.15999984741211,11527,0.0,0.0
2023-04-11 13:30:00-04:00,41.15999984741211,41.22999954223633,41.029998779296875,41.029998779296875,10607,0.0,0.0
2023-04-11 14:30:00-04:00,41.08000183105469,41.08000183105469,40.88999938964844,40.96099853515625,13527,0.0,0.0
2023-04-11 15:30:00-04:00,40.97999954223633,41.0099983215332,40.779998779296875,40.79999923706055,21200,0.0,0.0
2023-04-12 09:30:00-04:00,41.029998779296875,41.20500183105469,40.63999938964844,41.029998779296875,10123,0.0,0.0
2023-04-12 10:30:00-04:00,41.029998779296875,41.029998779296875,40.640098571777344,40.91999816894531,9610,0.0,0.0
2023-04-12 11:30:00-04:00,40.8849983215332,41.04999923706055,40.8849983215332,41.01499938964844,5525,0.0,0.0
2023-04-12 12:30:00-04:00,41.01499938964844,41.290000915527344,41.005001068115234,41.2599983215332,9015,0.0,0.0
2023-04-12 13:30:00-04:00,41.2400016784668,41.5099983215332,41.220001220703125,41.27000045776367,9795,0.0,0.0
2023-04-12 14:30:00-04:00,41.13999938964844,41.2599983215332,40.99300003051758,41.02000045776367,11204,0.0,0.0
2023-04-12 15:30:00-04:00,41.02000045776367,41.220001220703125,41.00210189819336,41.150001525878906,26720,0.0,0.0
2023-04-13 09:30:00-04:00,41.22999954223633,41.22999954223633,40.744998931884766,40.869998931884766,14453,0.0,0.0
2023-04-13 10:30:00-04:00,40.95249938964844,41.029998779296875,40.83000183105469,40.880001068115234,7334,0.0,0.0
2023-04-13 11:30:00-04:00,40.91999816894531,41.154998779296875,40.91999816894531,41.150001525878906,7218,0.0,0.0
2023-04-13 12:30:00-04:00,41.16999816894531,41.220001220703125,41.130001068115234,41.18000030517578,7802,0.0,0.0
2023-04-13 13:30:00-04:00,41.130001068115234,41.22999954223633,41.130001068115234,41.20000076293945,8532,0.0,0.0
2023-04-13 14:30:00-04:00,41.209999084472656,41.23500061035156,41.08000183105469,41.11000061035156,13583,0.0,0.0
2023-04-13 15:30:00-04:00,41.099998474121094,41.25,41.0099983215332,41.220001220703125,33940,0.0,0.0
2023-04-14 09:30:00-04:00,41.29999923706055,41.599998474121094,41.119998931884766,41.25,8414,0.0,0.0
2023-04-14 10:30:00-04:00,41.2599983215332,41.349998474121094,41.185001373291016,41.26499938964844,14159,0.0,0.0
2023-04-14 11:30:00-04:00,41.244998931884766,41.29999923706055,41.20000076293945,41.27000045776367,6575,0.0,0.0
2023-04-14 12:30:00-04:00,41.22999954223633,41.349998474121094,41.15999984741211,41.31999969482422,8566,0.0,0.0
2023-04-14 13:30:00-04:00,41.29999923706055,41.38999938964844,41.20500183105469,41.310001373291016,9332,0.0,0.0
2023-04-14 14:30:00-04:00,41.33000183105469,41.4099006652832,41.22999954223633,41.400001525878906,16645,0.0,0.0
2023-04-14 15:30:00-04:00,41.375,41.59000015258789,41.375,41.5,17492,0.0,0.0
2023-04-17 09:30:00-04:00,41.439998626708984,41.75,41.290000915527344,41.60309982299805,26398,0.0,0.0
2023-04-17 10:30:00-04:00,41.540000915527344,41.7599983215332,41.45000076293945,41.7599983215332,12075,0.0,0.0
2023-04-17 11:30:00-04:00,41.72999954223633,41.84000015258789,41.72999954223633,41.7599983215332,7276,0.0,0.0
2023-04-17 12:30:00-04:00,41.76499938964844,41.88999938964844,41.689998626708984,41.86000061035156,11084,0.0,0.0
2023-04-17 13:30:00-04:00,41.88999938964844,41.970001220703125,41.81999969482422,41.83000183105469,10696,0.0,0.0
2023-04-17 14:30:00-04:00,41.849998474121094,42.04999923706055,41.83000183105469,42.04999923706055,17094,0.0,0.0
2023-04-17 15:30:00-04:00,42.029998779296875,42.13999938964844,41.97999954223633,42.11000061035156,18437,0.0,0.0
2023-04-18 09:30:00-04:00,42.130001068115234,42.720001220703125,42.130001068115234,42.349998474121094,17500,0.0,0.0
2023-04-18 10:30:00-04:00,42.400001525878906,42.42499923706055,42.22999954223633,42.38999938964844,13184,0.0,0.0
2023-04-18 11:30:00-04:00,42.404998779296875,42.58000183105469,42.34000015258789,42.579898834228516,19294,0.0,0.0
2023-04-18 12:30:00-04:00,42.56999969482422,42.63800048828125,42.54999923706055,42.61000061035156,9684,0.0,0.0
2023-04-18 13:30:00-04:00,42.59000015258789,42.90999984741211,42.59000015258789,42.900001525878906,17296,0.0,0.0
2023-04-18 14:30:00-04:00,42.93299865722656,43.220001220703125,42.93299865722656,43.09000015258789,23336,0.0,0.0
2023-04-18 15:30:00-04:00,43.06999969482422,43.2599983215332,43.064998626708984,43.2400016784668,17956,0.0,0.0
2023-04-19 09:30:00-04:00,43.2599983215332,43.310001373291016,42.72999954223633,43.209999084472656,13825,0.0,0.0
2023-04-19 10:30:00-04:00,43.20000076293945,43.552799224853516,43.16999816894531,43.47999954223633,39811,0.0,0.0
2023-04-19 11:30:00-04:00,43.4900016784668,43.54499816894531,43.400001525878906,43.5099983215332,31450,0.0,0.0
2023-04-19 12:30:00-04:00,43.54999923706055,43.849998474121094,43.54999923706055,43.66999816894531,21322,0.0,0.0
2023-04-19 13:30:00-04:00,43.68000030517578,43.720001220703125,43.47999954223633,43.537498474121094,18313,0.0,0.0
2023-04-19 14:30:00-04:00,43.560001373291016,43.68000030517578,43.54499816894531,43.68000030517578,18569,0.0,0.0
2023-04-19 15:30:00-04:00,43.689998626708984,43.970001220703125,43.689998626708984,43.959999084472656,59189,0.0,0.0
2023-04-20 09:30:00-04:00,43.7400016784668,43.81999969482422,43.30500030517578,43.58000183105469,22254,0.0,0.0
2023-04-20 10:30:00-04:00,43.625,43.88999938964844,43.529998779296875,43.7599983215332,12784,0.0,0.0
2023-04-20 11:30:00-04:00,43.77000045776367,43.90999984741211,43.7599983215332,43.8650016784668,19784,0.0,0.0
2023-04-20 12:30:00-04:00,43.88999938964844,43.939998626708984,43.84000015258789,43.93000030517578,7991,0.0,0.0
2023-04-20 13:30:00-04:00,43.9109992980957,43.95000076293945,43.880001068115234,43.900001525878906,12202,0.0,0.0
2023-04-20 14:30:00-04:00,43.900001525878906,43.91999816894531,43.59000015258789,43.68000030517578,31304,0.0,0.0
2023-04-20 15:30:00-04:00,43.70000076293945,43.91999816894531,43.630001068115234,43.81999969482422,50410,0.0,0.0
2023-04-21 09:30:00-04:00,43.84000015258789,44.04999923706055,43.66999816894531,43.994998931884766,33914,0.0,0.0
2023-04-21 10:30:00-04:00,43.959999084472656,44.15999984741211,43.78499984741211,44.099998474121094,13308,0.0,0.0
2023-04-21 11:30:00-04:00,44.11000061035156,44.279998779296875,44.084999084472656,44.13999938964844,8794,0.0,0.0
2023-04-21 12:30:00-04:00,44.06999969482422,44.20000076293945,44.04999923706055,44.18000030517578,9719,0.0,0.0
2023-04-21 13:30:00-04:00,44.20000076293945,44.22999954223633,44.15010070800781,44.20000076293945,9289,0.0,0.0
2023-04-21 14:30:00-04:00,44.18000030517578,44.41999816894531,44.16999816894531,44.290000915527344,20208,0.0,0.0
2023-04-21 15:30:00-04:00,44.31999969482422,44.400001525878906,44.18000030517578,44.209999084472656,49069,0.0,0.0
2023-04-24 09:30:00-04:00,43.66999816894531,44.125,43.52000045776367,44.11000061035156,21820,0.0,0.0
2023-04-24 10:30:00-04:00,44.1349983215332,44.29999923706055,43.81999969482422,44.27000045776367,21067,0.0,0.0
2023-04-24 11:30:00-04:00,44.279998779296875,44.29499816894531,44.029998779296875,44.04999923706055,7788,0.0,0.0
2023-04-24 12:30:00-04:00,44.060001373291016,44.5,44.040000915527344,44.470001220703125,12513,0.0,0.0
2023-04-24 13:30:00-04:00,44.459999084472656,44.459999084472656,44.11000061035156,44.13999938964844,15468,0.0,0.0
2023-04-24 14:30:00-04:00,44.06999969482422,44.099998474121094,43.95000076293945,44.04999923706055,26113,0.0,0.0
2023-04-24 15:30:00-04:00,44.04999923706055,44.099998474121094,43.970001220703125,44.04999923706055,35917,0.0,0.0
2023-04-25 09:30:00-04:00,43.599998474121094,43.98500061035156,43.29999923706055,43.314998626708984,33553,0.0,0.0
2023-04-25 10:30:00-04:00,43.314998626708984,43.75,43.220001220703125,43.689998626708984,12034,0.0,0.0
2023-04-25 11:30:00-04:00,43.599998474121094,43.63999938964844,43.27000045776367,43.41999816894531,81248,0.0,0.0
2023-04-25 12:30:00-04:00,43.43000030517578,43.5099983215332,42.869998931884766,42.869998931884766,25882,0.0,0.0
2023-04-25 13:30:00-04:00,42.88999938964844,43.2400016784668,42.7599983215332,43.2400016784668,18139,0.0,0.0
2023-04-25 14:30:00-04:00,43.25,43.40999984741211,43.18000030517578,43.34000015258789,32161,0.0,0.0
2023-04-25 15:30:00-04:00,43.34000015258789,43.5099983215332,43.34000015258789,43.47999954223633,50884,0.0,0.0
2023-04-26 09:30:00-04:00,43.16999816894531,43.65999984741211,43.16999816894531,43.5099983215332,20193,0.0,0.0
2023-04-26 10:30:00-04:00,43.654998779296875,43.970001220703125,43.48500061035156,43.869998931884766,20597,0.0,0.0
2023-04-26 11:30:00-04:00,43.869998931884766,43.959999084472656,43.810001373291016,43.875,19077,0.0,0.0
2023-04-26 12:30:00-04:00,43.880001068115234,44.119998931884766,43.849998474121094,44.10499954223633,19159,0.0,0.0
2023-04-26 13:30:00-04:00,44.13999938964844,44.279998779296875,44.125,44.25,43041,0.0,0.0
2023-04-26 14:30:00-04:00,44.25,44.25,43.90250015258789,44.09000015258789,47540,0.0,0.0
2023-04-26 15:30:00-04:00,44.099998474121094,44.099998474121094,43.939998626708984,44.02000045776367,34774,0.0,0.0
2023-04-27 09:30:00-04:00,44.25,44.84000015258789,43.720001220703125,44.189998626708984,24634,0.0,0.0
2023-04-27 10:30:00-04:00,44.20000076293945,44.31999969482422,44.04999923706055,44.224998474121094,32391,0.0,0.0
2023-04-27 11:30:00-04:00,44.22999954223633,44.39500045776367,44.150001525878906,44.220001220703125,11317,0.0,0.0
2023-04-27 12:30:00-04:00,44.220001220703125,44.27000045776367,44.150001525878906,44.18000030517578,11274,0.0,0.0
2023-04-27 13:30:00-04:00,44.20500183105469,44.415000915527344,44.20500183105469,44.34000015258789,13236,0.0,0.0
2023-04-27 14:30:00-04:00,44.345001220703125,44.5,44.02000045776367,44.02000045776367,32569,0.0,0.0
2023-04-27 15:30:00-04:00,44.02000045776367,44.15999984741211,43.97999954223633,44.099998474121094,87197,0.0,0.0
2023-04-28 09:30:00-04:00,43.88999938964844,44.310001373291016,43.88999938964844,44.16999816894531,32322,0.0,0.0
2023-04-28 10:30:00-04:00,44.04999923706055,44.38999938964844,43.939998626708984,44.33000183105469,27457,0.0,0.0
2023-04-28 11:30:00-04:00,44.2599983215332,44.29999923706055,44.20000076293945,44.20000076293945,5260,0.0,0.0
2023-04-28 12:30:00-04:00,44.279998779296875,44.279998779296875,44.025001525878906,44.157501220703125,75412,0.0,0.0
2023-04-28 13:30:00-04:00,44.165000915527344,44.43000030517578,44.119998931884766,44.43000030517578,14832,0.0,0.0
2023-04-28 14:30:00-04:00,44.40999984741211,44.70000076293945,44.38999938964844,44.65999984741211,21768,0.0,0.0
2023-04-28 15:30:00-04:00,44.66999816894531,44.81999969482422,44.65999984741211,44.72999954223633,39893,0.0,0.0
2023-05-01 09:30:00-04:00,44.70000076293945,45.29999923706055,44.52000045776367,45.0099983215332,19799,0.0,0.0
2023-05-01 10:30:00-04:00,44.970001220703125,45.4900016784668,44.90999984741211,45.29999923706055,21059,0.0,0.0
2023-05-01 11:30:00-04:00,45.334999084472656,45.349998474121094,45.119998931884766,45.285701751708984,14571,0.0,0.0
2023-05-01 12:30:00-04:00,45.275001525878906,45.47999954223633,45.25,45.400001525878906,24156,0.0,0.0
2023-05-01 13:30:00-04:00,45.38999938964844,45.47999954223633,45.22999954223633,45.380001068115234,22813,0.0,0.0
2023-05-01 14:30:00-04:00,45.369998931884766,45.369998931884766,44.775001525878906,44.775001525878906,18179,0.0,0.0
2023-05-01 15:30:00-04:00,44.79999923706055,44.91999816894531,44.619998931884766,44.7599983215332,39445,0.0,0.0
2023-05-02 09:30:00-04:00,44.34000015258789,44.34000015258789,43.58000183105469,44.03499984741211,25624,0.0,0.0
2023-05-02 10:30:00-04:00,43.95000076293945,44.154998779296875,43.369998931884766,43.439998626708984,31051,0.0,0.0
2023-05-02 11:30:00-04:00,43.41999816894531,43.68000030517578,43.307498931884766,43.65520095825195,15911,0.0,0.0
2023-05-02 12:30:00-04:00,43.630001068115234,43.880001068115234,43.599998474121094,43.869998931884766,13334,0.0,0.0
2023-05-02 13:30:00-04:00,43.81999969482422,44.119998931884766,43.77000045776367,43.880001068115234,14690,0.0,0.0
2023-05-02 14:30:00-04:00,43.899898529052734,44.04499816894531,43.7599983215332,44.02000045776367,26335,0.0,0.0
2023-05-02 15:30:00-04:00,44.0,44.119998931884766,43.88999938964844,43.970001220703125,43628,0.0,0.0
2023-05-03 09:30:00-04:00,39.560001373291016,40.88999938964844,36.54999923706055,37.75,183239,0.0,0.0
2023-05-03 10:30:00-04:00,37.869998931884766,38.310001373291016,37.099998474121094,38.040000915527344,74006,0.0,0.0
2023-05-03 11:30:00-04:00,37.959999084472656,39.22999954223633,37.959999084472656,38.970001220703125,41974,0.0,0.0
2023-05-03 12:30:00-04:00,38.939998626708984,39.380001068115234,38.810001373291016,39.16999816894531,27318,0.0,0.0
2023-05-03 13:30:00-04:00,39.2400016784668,39.90999984741211,39.150001525878906,39.880001068115234,42889,0.0,0.0
2023-05-03 14:30:00-04:00,39.84000015258789,40.07109832763672,39.310001373291016,39.40999984741211,77253,0.0,0.0
2023-05-03 15:30:00-04:00,39.45000076293945,39.86000061035156,39.380001068115234,39.85499954223633,131089,0.0,0.0
2023-05-04 09:30:00-04:00,39.7599983215332,39.81999969482422,37.22999954223633,37.65999984741211,104914,0.0,0.0
2023-05-04 10:30:00-04:00,37.654998779296875,38.02000045776367,37.29999923706055,37.29999923706055,49733,0.0,0.0
2023-05-04 11:30:00-04:00,37.2400016784668,37.64500045776367,36.630001068115234,37.290000915527344,63964,0.0,0.0
2023-05-04 12:30:00-04:00,37.36000061035156,37.369998931884766,36.88999938964844,37.040000915527344,51740,0.0,0.0
2023-05-04 13:30:00-04:00,36.97999954223633,37.0099983215332,36.77000045776367,36.77000045776367,37501,0.0,0.0
2023-05-04 14:30:00-04:00,36.77000045776367,36.939998626708984,36.5099983215332,36.724998474121094,57139,0.0,0.0
2023-05-04 15:30:00-04:00,36.709999084472656,36.84000015258789,36.630001068115234,36.720001220703125,91994,0.0,0.0
2023-05-05 09:30:00-04:00,37.279998779296875,37.689998626708984,37.150001525878906,37.47999954223633,38351,0.0,0.0
2023-05-05 10:30:00-04:00,37.52000045776367,37.66999816894531,37.40999984741211,37.51499938964844,37252,0.0,0.0
2023-05-05 11:30:00-04:00,37.5,37.58000183105469,37.40999984741211,37.459999084472656,30861,0.0,0.0
2023-05-05 12:30:00-04:00,37.46500015258789,37.529998779296875,37.40999984741211,37.41999816894531,29196,0.0,0.0
2023-05-05 13:30:00-04:00,37.42499923706055,37.7400016784668,37.40999984741211,37.7400016784668,35267,0.0,0.0
2023-05-05 14:30:00-04:00,37.7400016784668,37.76499938964844,37.45000076293945,37.45000076293945,39323,0.0,0.0
2023-05-05 15:30:00-04:00,37.470001220703125,37.59000015258789,37.40999984741211,37.470001220703125,53905,0.0,0.0
2023-05-08 09:30:00-04:00,37.65999984741211,38.029998779296875,37.41999816894531,37.61000061035156,19428,0.0,0.0
2023-05-08 10:30:00-04:00,37.650001525878906,37.778099060058594,37.349998474121094,37.4900016784668,17474,0.0,0.0
2023-05-08 11:30:00-04:00,37.48569869995117,37.48569869995117,37.16999816894531,37.400001525878906,17421,0.0,0.0
2023-05-08 12:30:00-04:00,37.417999267578125,37.689998626708984,37.369998931884766,37.599998474121094,17324,0.0,0.0
2023-05-08 13:30:00-04:00,37.584999084472656,37.630001068115234,37.28499984741211,37.459999084472656,19036,0.0,0.0
2023-05-08 14:30:00-04:00,37.4900016784668,37.560001373291016,37.209999084472656,37.209999084472656,24382,0.0,0.0
2023-05-08 15:30:00-04:00,37.23500061035156,37.290000915527344,37.04999923706055,37.130001068115234,55266,0.0,0.0
2023-05-09 09:30:00-04:00,36.86000061035156,36.86000061035156,36.2599983215332,36.5,29009,0.0,0.0
2023-05-09 10:30:00-04:00,36.5099983215332,36.720001220703125,36.45000076293945,36.52000045776367,19459,0.0,0.0
2023-05-09 11:30:00-04:00,36.54650115966797,36.66999816894531,36.43000030517578,36.584999084472656,16281,0.0,0.0
2023-05-09 12:30:00-04:00,36.61000061035156,36.849998474121094,36.56999969482422,36.75,21720,0.0,0.0
2023-05-09 13:30:00-04:00,36.81999969482422,37.0,36.79999923706055,36.924800872802734,15131,0.0,0.0
2023-05-09 14:30:00-04:00,36.900001525878906,36.95500183105469,36.72999954223633,36.790000915527344,20809,0.0,0.0
2023-05-09 15:30:00-04:00,36.779998779296875,36.79899978637695,36.54999923706055,36.56999969482422,32607,0.0,0.0
2023-05-10 09:30:00-04:00,37.0,37.0,36.060001373291016,36.2599983215332,20311,0.0,0.0
2023-05-10 10:30:00-04:00,36.2400016784668,36.61000061035156,36.15999984741211,36.56999969482422,19168,0.0,0.0
2023-05-10 11:30:00-04:00,36.5442008972168,36.5442008972168,36.290000915527344,36.39500045776367,15860,0.0,0.0
2023-05-10 12:30:00-04:00,36.3650016784668,36.3650016784668,36.000099182128906,36.04999923706055,24796,0.0,0.0
2023-05-10 13:30:00-04:00,36.02000045776367,36.084999084472656,35.970001220703125,36.040000915527344,18156,0.0,0.0
2023-05-10 14:30:00-04:00,36.10499954223633,36.349998474121094,36.10499954223633,36.33000183105469,20480,0.0,0.0
2023-05-10 15:30:00-04:00,36.33000183105469,36.400001525878906,36.20000076293945,36.20000076293945,46502,0.0,0.0
2023-05-11 09:30:00-04:00,35.689998626708984,36.19499969482422,35.689998626708984,36.040000915527344,27252,0.0,0.0
2023-05-11 10:30:00-04:00,36.06999969482422,36.650001525878906,35.9900016784668,36.584999084472656,24186,0.0,0.0
2023-05-11 11:30:00-04:00,36.64500045776367,36.97999954223633,36.64500045776367,36.915000915527344,21087,0.0,0.0
2023-05-11 12:30:00-04:00,36.959999084472656,37.11000061035156,36.88999938964844,36.95000076293945,18078,0.0,0.0
2023-05-11 13:30:00-04:00,36.935001373291016,37.18000030517578,36.900001525878906,37.13999938964844,27859,0.0,0.0
2023-05-11 14:30:00-04:00,37.13999938964844,37.439998626708984,37.13999938964844,37.439998626708984,32931,0.0,0.0
2023-05-11 15:30:00-04:00,37.41999816894531,37.41999816894531,37.16999816894531,37.310001373291016,58386,0.0,0.0
2023-05-12 09:30:00-04:00,37.36000061035156,37.88999938964844,37.0619010925293,37.349998474121094,30030,0.0,0.0
2023-05-12 10:30:00-04:00,37.33000183105469,37.56990051269531,37.29999923706055,37.40999984741211,21030,0.0,0.0
2023-05-12 11:30:00-04:00,37.380001068115234,37.429298400878906,37.310001373291016,37.3650016784668,18611,0.0,0.0
2023-05-12 12:30:00-04:00,37.38999938964844,37.459999084472656,37.34000015258789,37.44499969482422,18261,0.0,0.0
2023-05-12 13:30:00-04:00,37.45000076293945,37.5,37.349998474121094,37.5,19081,0.0,0.0
2023-05-12 14:30:00-04:00,37.45000076293945,37.54999923706055,37.43000030517578,37.529998779296875,20009,0.0,0.0
2023-05-12 15:30:00-04:00,37.56999969482422,37.65999984741211,37.5099983215332,37.61000061035156,40046,0.0,0.0
2023-05-15 09:30:00-04:00,37.77000045776367,37.84090042114258,37.415000915527344,37.84090042114258,10763,0.0,0.0
2023-05-15 10:30:00-04:00,37.7599983215332,38.165000915527344,37.7400016784668,38.13999938964844,12975,0.0,0.0
2023-05-15 11:30:00-04:00,38.18000030517578,38.279998779296875,38.084999084472656,38.279998779296875,14675,0.0,0.0
2023-05-15 12:30:00-04:00,38.279998779296875,38.310001373291016,38.08000183105469,38.08000183105469,27375,0.0,0.0
2023-05-15 13:30:00-04:00,38.040000915527344,38.040000915527344,37.689998626708984,37.7599983215332,16114,0.0,0.0
2023-05-15 14:30:00-04:00,37.7599983215332,37.84000015258789,37.63999938964844,37.73400115966797,31051,0.0,0.0
2023-05-15 15:30:00-04:00,37.72999954223633,38.02000045776367,37.72999954223633,37.9900016784668,38712,0.0,0.0
2023-05-16 09:30:00-04:00,37.810001373291016,38.130001068115234,37.52000045776367,37.86000061035156,23598,0.0,0.0
2023-05-16 10:30:00-04:00,37.900001525878906,37.904998779296875,37.54999923706055,37.689998626708984,17961,0.0,0.0
2023-05-16 11:30:00-04:00,37.720001220703125,37.84000015258789,37.63999938964844,37.709999084472656,14296,0.0,0.0
2023-05-16 12:30:00-04:00,37.660099029541016,37.79499816894531,37.660099029541016,37.70000076293945,19172,0.0,0.0
2023-05-16 13:30:00-04:00,37.619998931884766,37.619998931884766,37.11000061035156,37.16999816894531,20014,0.0,0.0
2023-05-16 14:30:00-04:00,37.150001525878906,37.4900016784668,37.130001068115234,37.4900016784668,22932,0.0,0.0
2023-05-16 15:30:00-04:00,37.470001220703125,37.470001220703125,37.189998626708984,37.189998626708984,38928,0.0,0.0
2023-05-17 09:30:00-04:00,37.400001525878906,37.51499938964844,37.08000183105469,37.41999816894531,14162,0.0,0.0
2023-05-17 10:30:00-04:00,37.470001220703125,37.65999984741211,37.209999084472656,37.65999984741211,28727,0.0,0.0
2023-05-17 11:30:00-04:00,37.625,37.75,37.400001525878906,37.5,27623,0.0,0.0
2023-05-17 12:30:00-04:00,37.529998779296875,37.95500183105469,37.380001068115234,37.939998626708984,37411,0.0,0.0
2023-05-17 13:30:00-04:00,37.95000076293945,38.06999969482422,37.84000015258789,38.0,23521,0.0,0.0
2023-05-17 14:30:00-04:00,38.005001068115234,38.08000183105469,37.79999923706055,37.86000061035156,33953,0.0,0.0
2023-05-17 15:30:00-04:00,37.888999938964844,38.029998779296875,37.775001525878906,37.90999984741211,74755,0.0,0.0
2023-05-18 09:30:00-04:00,37.790000915527344,38.060001373291016,37.4900016784668,38.060001373291016,16917,0.0,0.0
2023-05-18 10:30:00-04:00,38.06999969482422,38.349998474121094,38.06999969482422,38.33000183105469,17475,0.0,0.0
2023-05-18 11:30:00-04:00,38.32500076293945,38.40999984741211,38.01499938964844,38.01499938964844,13953,0.0,0.0
2023-05-18 12:30:00-04:00,38.02000045776367,38.20000076293945,37.939998626708984,38.09000015258789,9881,0.0,0.0
2023-05-18 13:30:00-04:00,38.05500030517578,38.2599983215332,38.05500030517578,38.22999954223633,12516,0.0,0.0
2023-05-18 14:30:00-04:00,38.2400016784668,38.40999984741211,38.2400016784668,38.29999923706055,28299,0.0,0.0
2023-05-18 15:30:00-04:00,38.25,38.439998626708984,38.23500061035156,38.369998931884766,40637,0.0,0.0
2023-05-19 09:30:00-04:00,38.900001525878906,38.900001525878906,38.15999984741211,38.69929885864258,47521,0.0,0.0
2023-05-19 10:30:00-04:00,38.71500015258789,38.8650016784668,38.41999816894531,38.41999816894531,22775,0.0,0.0
2023-05-19 11:30:00-04:00,38.459999084472656,38.880001068115234,38.36000061035156,38.68000030517578,32414,0.0,0.0
2023-05-19 12:30:00-04:00,38.68000030517578,39.43000030517578,38.61000061035156,39.27000045776367,100287,0.0,0.0
2023-05-19 13:30:00-04:00,39.21500015258789,39.817501068115234,39.209999084472656,39.67499923706055,35362,0.0,0.0
2023-05-19 14:30:00-04:00,39.65999984741211,39.939998626708984,39.63999938964844,39.814998626708984,32229,0.0,0.0
2023-05-19 15:30:00-04:00,39.814998626708984,39.959999084472656,39.7599983215332,39.900001525878906,51498,0.0,0.0
2023-05-22 09:30:00-04:00,40.0,40.130001068115234,39.59000015258789,40.09000015258789,29125,0.0,0.0
2023-05-22 10:30:00-04:00,40.099998474121094,40.560001373291016,40.08000183105469,40.560001373291016,35172,0.0,0.0
2023-05-22 11:30:00-04:00,40.560001373291016,41.189998626708984,40.560001373291016,41.185001373291016,53135,0.0,0.0
2023-05-22 12:30:00-04:00,41.21500015258789,41.38999938964844,41.18000030517578,41.290000915527344,36670,0.0,0.0
2023-05-22 13:30:00-04:00,41.2599983215332,41.35900115966797,41.176998138427734,41.176998138427734,28380,0.0,0.0
2023-05-22 14:30:00-04:00,41.209999084472656,41.209999084472656,40.93000030517578,40.9900016784668,32093,0.0,0.0
2023-05-22 15:30:00-04:00,40.96500015258789,41.0099983215332,40.720001220703125,40.7400016784668,43094,0.0,0.0
2023-05-23 09:30:00-04:00,40.599998474121094,41.31999969482422,40.380001068115234,41.31999969482422,19885,0.0,0.0
2023-05-23 10:30:00-04:00,41.38999938964844,41.77000045776367,41.38999938964844,41.689998626708984,23583,0.0,0.0
2023-05-23 11:30:00-04:00,41.63999938964844,41.939998626708984,41.51499938964844,41.51499938964844,18515,0.0,0.0
2023-05-23 12:30:00-04:00,41.500999450683594,41.720001220703125,41.349998474121094,41.68000030517578,23923,0.0,0.0
2023-05-23 13:30:00-04:00,41.59000015258789,41.709999084472656,41.209999084472656,41.33000183105469,21246,0.0,0.0
2023-05-23 14:30:00-04:00,41.27000045776367,41.349998474121094,41.18000030517578,41.29999923706055,34418,0.0,0.0
2023-05-23 15:30:00-04:00,41.33000183105469,41.380001068115234,41.2400016784668,41.27000045776367,50739,0.0,0.0
2023-05-24 09:30:00-04:00,41.189998626708984,41.349998474121094,40.380001068115234,40.7599983215332,14834,0.0,0.0
2023-05-24 10:30:00-04:00,40.75,40.900001525878906,40.65999984741211,40.83000183105469,13649,0.0,0.0
2023-05-24 11:30:00-04:00,40.869998931884766,40.869998931884766,40.55500030517578,40.57500076293945,8168,0.0,0.0
2023-05-24 12:30:00-04:00,40.540000915527344,40.650001525878906,40.45000076293945,40.551300048828125,11332,0.0,0.0
2023-05-24 13:30:00-04:00,40.5099983215332,40.67499923706055,40.505001068115234,40.564998626708984,12250,0.0,0.0
2023-05-24 14:30:00-04:00,40.55500030517578,40.97650146484375,40.505001068115234,40.91999816894531,35105,0.0,0.0
2023-05-24 15:30:00-04:00,40.939998626708984,41.02000045776367,40.724998474121094,40.790000915527344,30580,0.0,0.0
2023-05-25 09:30:00-04:00,40.5,40.59000015258789,40.22999954223633,40.22999954223633,10408,0.0,0.0
2023-05-25 10:30:00-04:00,40.18000030517578,40.18000030517578,39.710899353027344,39.810001373291016,11834,0.0,0.0
2023-05-25 11:30:00-04:00,39.72999954223633,39.810001373291016,39.61000061035156,39.630001068115234,10948,0.0,0.0
2023-05-25 12:30:00-04:00,39.650001525878906,40.34000015258789,39.459999084472656,40.27000045776367,31605,0.0,0.0
2023-05-25 13:30:00-04:00,40.27000045776367,40.4900016784668,40.2599983215332,40.2599983215332,19448,0.0,0.0
2023-05-25 14:30:00-04:00,40.22999954223633,40.380001068115234,40.11000061035156,40.3650016784668,18027,0.0,0.0
2023-05-25 15:30:00-04:00,40.31999969482422,40.650001525878906,40.31999969482422,40.560001373291016,37782,0.0,0.0
2023-05-26 09:30:00-04:00,40.56999969482422,41.0,40.130001068115234,40.9900016784668,14169,0.0,0.0
2023-05-26 10:30:00-04:00,41.130001068115234,41.21200180053711,40.54499816894531,40.689998626708984,18321,0.0,0.0
2023-05-26 11:30:00-04:00,40.670101165771484,40.935001373291016,40.56999969482422,40.88999938964844,11952,0.0,0.0
2023-05-26 12:30:00-04:00,40.880001068115234,40.91999816894531,40.79999923706055,40.880001068115234,9259,0.0,0.0
2023-05-26 13:30:00-04:00,40.900001525878906,40.9900016784668,40.77000045776367,40.970001220703125,12978,0.0,0.0
2023-05-26 14:30:00-04:00,41.00320053100586,41.10499954223633,40.95000076293945,40.95000076293945,12651,0.0,0.0
2023-05-26 15:30:00-04:00,40.90999984741211,41.130001068115234,40.90999984741211,41.06999969482422,26851,0.0,0.0
2023-05-30 09:30:00-04:00,40.36000061035156,41.189998626708984,40.36000061035156,40.724998474121094,16251,0.0,0.0
2023-05-30 10:30:00-04:00,40.599998474121094,40.800498962402344,40.599998474121094,40.685001373291016,6270,0.0,0.0
2023-05-30 11:30:00-04:00,40.689998626708984,40.69599914550781,40.349998474121094,40.38999938964844,10518,0.0,0.0
2023-05-30 12:30:00-04:00,40.404998779296875,40.560001373291016,40.380001068115234,40.47999954223633,9713,0.0,0.0
2023-05-30 13:30:00-04:00,40.470001220703125,40.53499984741211,40.439998626708984,40.529998779296875,9181,0.0,0.0
2023-05-30 14:30:00-04:00,40.54999923706055,40.63999938964844,40.5,40.54999923706055,12180,0.0,0.0
2023-05-30 15:30:00-04:00,40.58000183105469,40.619998931884766,40.439998626708984,40.58000183105469,26110,0.0,0.0
2023-05-31 09:30:00-04:00,40.31999969482422,40.599998474121094,39.720001220703125,39.79999923706055,13408,0.0,0.0
2023-05-31 10:30:00-04:00,39.724998474121094,39.97999954223633,39.43000030517578,39.529998779296875,24250,0.0,0.0
2023-05-31 11:30:00-04:00,39.43000030517578,39.47999954223633,38.97999954223633,39.02000045776367,14412,0.0,0.0
2023-05-31 12:30:00-04:00,39.0,39.25,38.97999954223633,39.08000183105469,13434,0.0,0.0
2023-05-31 13:30:00-04:00,39.130001068115234,39.189998626708984,38.900001525878906,38.959999084472656,12153,0.0,0.0
2023-05-31 14:30:00-04:00,38.95000076293945,39.029998779296875,38.88999938964844,38.970001220703125,19106,0.0,0.0
2023-05-31 15:30:00-04:00,38.970001220703125,39.22999954223633,38.970001220703125,39.0,38995,0.0,0.0
2023-06-01 09:30:00-04:00,38.9900016784668,39.11000061035156,38.529998779296875,38.900001525878906,49719,0.0,0.0
2023-06-01 10:30:00-04:00,39.08000183105469,39.6349983215332,39.08000183105469,39.6349983215332,22246,0.0,0.0
2023-06-01 11:30:00-04:00,39.7400016784668,39.76499938964844,39.349998474121094,39.40999984741211,9412,0.0,0.0
2023-06-01 12:30:00-04:00,39.44499969482422,39.459999084472656,39.25,39.27000045776367,8832,0.0,0.0
2023-06-01 13:30:00-04:00,39.2599983215332,39.625,39.2599983215332,39.560001373291016,30408,0.0,0.0
2023-06-01 14:30:00-04:00,39.52000045776367,39.560001373291016,39.38999938964844,39.38999938964844,20969,0.0,0.0
2023-06-01 15:30:00-04:00,39.38999938964844,39.38999938964844,39.27000045776367,39.310001373291016,24259,0.0,0.0
2023-06-02 09:30:00-04:00,39.81999969482422,40.88999938964844,39.81999969482422,40.88999938964844,25598,0.0,0.0
2023-06-02 10:30:00-04:00,40.83000183105469,41.099998474121094,40.470001220703125,41.02000045776367,54130,0.0,0.0
2023-06-02 11:30:00-04:00,41.08000183105469,41.16999816894531,40.720001220703125,41.1349983215332,20631,0.0,0.0
2023-06-02 12:30:00-04:00,41.099998474121094,41.1349983215332,41.0099983215332,41.050201416015625,16061,0.0,0.0
2023-06-02 13:30:00-04:00,41.09000015258789,41.22999954223633,40.95000076293945,40.97999954223633,25665,0.0,0.0
2023-06-02 14:30:00-04:00,41.0099983215332,41.150001525878906,40.93000030517578,41.099998474121094,33141,0.0,0.0
2023-06-02 15:30:00-04:00,41.119998931884766,41.439998626708984,41.09000015258789,41.310001373291016,59910,0.0,0.0
2023-06-05 09:30:00-04:00,41.029998779296875,41.04499816894531,40.400001525878906,40.584999084472656,33024,0.0,0.0
2023-06-05 10:30:00-04:00,40.650001525878906,41.189998626708984,40.650001525878906,41.119998931884766,31013,0.0,0.0
2023-06-05 11:30:00-04:00,41.16999816894531,41.5,41.119998931884766,41.48500061035156,27127,0.0,0.0
2023-06-05 12:30:00-04:00,41.4900016784668,41.5099983215332,41.20000076293945,41.290000915527344,22347,0.0,0.0
2023-06-05 13:30:00-04:00,41.220001220703125,41.29999923706055,41.04999923706055,41.2400016784668,22065,0.0,0.0
2023-06-05 14:30:00-04:00,41.25,41.25,40.81999969482422,40.8849983215332,33407,0.0,0.0
2023-06-05 15:30:00-04:00,40.900001525878906,41.06999969482422,40.86000061035156,40.97999954223633,42704,0.0,0.0
2023-06-06 09:30:00-04:00,40.97999954223633,41.900001525878906,40.904998779296875,41.900001525878906,28689,0.0,0.0
2023-06-06 10:30:00-04:00,41.900001525878906,42.369998931884766,41.900001525878906,42.310001373291016,66839,0.0,0.0
2023-06-06 11:30:00-04:00,42.27000045776367,42.310001373291016,42.04999923706055,42.04999923706055,21952,0.0,0.0
2023-06-06 12:30:00-04:00,42.06999969482422,42.08000183105469,41.75,41.75,43313,0.0,0.0
2023-06-06 13:30:00-04:00,41.75,41.790000915527344,41.5,41.680301666259766,26073,0.0,0.0
2023-06-06 14:30:00-04:00,41.685001373291016,41.939998626708984,41.685001373291016,41.79999923706055,41833,0.0,0.0
2023-06-06 15:30:00-04:00,41.83000183105469,42.2400016784668,41.73500061035156,42.21500015258789,62459,0.0,0.0
2023-06-07 09:30:00-04:00,42.56999969482422,42.939998626708984,42.15999984741211,42.935001373291016,27649,0.0,0.0
2023-06-07 10:30:00-04:00,42.959999084472656,43.334999084472656,42.790000915527344,43.334999084472656,29281,0.0,0.0
2023-06-07 11:30:00-04:00,43.380001068115234,43.540000915527344,43.22999954223633,43.47359848022461,17983,0.0,0.0
2023-06-07 12:30:00-04:00,43.470001220703125,43.54999923706055,43.25,43.529998779296875,17546,0.0,0.0
2023-06-07 13:30:00-04:00,43.40999984741211,43.720001220703125,43.18000030517578,43.689998626708984,22602,0.0,0.0
2023-06-07 14:30:00-04:00,43.720001220703125,43.82500076293945,43.54999923706055,43.76499938964844,35715,0.0,0.0
2023-06-07 15:30:00-04:00,43.75,43.75,43.349998474121094,43.41999816894531,61589,0.0,0.0
2023-06-08 09:30:00-04:00,43.27000045776367,43.619998931884766,42.75,43.459999084472656,30206,0.0,0.0
2023-06-08 10:30:00-04:00,43.45000076293945,43.560001373291016,43.04499816894531,43.35499954223633,24061,0.0,0.0
2023-06-08 11:30:00-04:00,43.34000015258789,43.68000030517578,43.189998626708984,43.63999938964844,65809,0.0,0.0
2023-06-08 12:30:00-04:00,43.630001068115234,43.66999816894531,43.26499938964844,43.650001525878906,22574,0.0,0.0
2023-06-08 13:30:00-04:00,43.66999816894531,43.720001220703125,43.58000183105469,43.61000061035156,14727,0.0,0.0
2023-06-08 14:30:00-04:00,43.65999984741211,43.880001068115234,43.65999984741211,43.70500183105469,33679,0.0,0.0
2023-06-08 15:30:00-04:00,43.709999084472656,43.88999938964844,43.66999816894531,43.8650016784668,43721,0.0,0.0
2023-06-09 09:30:00-04:00,43.849998474121094,44.33000183105469,43.349998474121094,44.33000183105469,15364,0.0,0.0
2023-06-09 10:30:00-04:00,44.380001068115234,44.380001068115234,43.869998931884766,43.91999816894531,17712,0.0,0.0
2023-06-09 11:30:00-04:00,43.90999984741211,44.08000183105469,43.810001373291016,43.875,12889,0.0,0.0
2023-06-09 12:30:00-04:00,43.88999938964844,43.93000030517578,43.83000183105469,43.849998474121094,9709,0.0,0.0
2023-06-09 13:30:00-04:00,43.869998931884766,44.029998779296875,43.75,43.959999084472656,24429,0.0,0.0
2023-06-09 14:30:00-04:00,43.95500183105469,44.290000915527344,43.95500183105469,44.290000915527344,45508,0.0,0.0
2023-06-09 15:30:00-04:00,44.290000915527344,44.59000015258789,44.22999954223633,44.56999969482422,69248,0.0,0.0
2023-06-12 09:30:00-04:00,43.61000061035156,44.58000183105469,43.61000061035156,44.14500045776367,38897,0.0,0.0
2023-06-12 10:30:00-04:00,44.2400016784668,44.380001068115234,43.88999938964844,44.2400016784668,18887,0.0,0.0
2023-06-12 11:30:00-04:00,44.20500183105469,44.279998779296875,43.935001373291016,44.22999954223633,22708,0.0,0.0
2023-06-12 12:30:00-04:00,44.279998779296875,44.46900177001953,44.220001220703125,44.46900177001953,15678,0.0,0.0
2023-06-12 13:30:00-04:00,44.459999084472656,45.2599983215332,44.41999816894531,45.2599983215332,34294,0.0,0.0
2023-06-12 14:30:00-04:00,45.23749923706055,45.28089904785156,44.95000076293945,45.189998626708984,47310,0.0,0.0
2023-06-12 15:30:00-04:00,45.189998626708984,45.349998474121094,44.95000076293945,45.060001373291016,63060,0.0,0.0
2023-06-13 09:30:00-04:00,45.0,45.47999954223633,44.91999816894531,45.32500076293945,41451,0.0,0.0
2023-06-13 10:30:00-04:00,45.29999923706055,45.60499954223633,45.05500030517578,45.60499954223633,20176,0.0,0.0
2023-06-13 11:30:00-04:00,45.564998626708984,45.7400016784668,45.43000030517578,45.66999816894531,17880,0.0,0.0
2023-06-13 12:30:00-04:00,45.65999984741211,45.808998107910156,45.63999938964844,45.67649841308594,19780,0.0,0.0
2023-06-13 13:30:00-04:00,45.7400016784668,45.75,45.400001525878906,45.400001525878906,16849,0.0,0.0
2023-06-13 14:30:00-04:00,45.369998931884766,45.5,45.15999984741211,45.46500015258789,23780,0.0,0.0
2023-06-13 15:30:00-04:00,45.47999954223633,45.66999816894531,45.22999954223633,45.29999923706055,60263,0.0,0.0
2023-06-14 09:30:00-04:00,45.58000183105469,45.70000076293945,45.029998779296875,45.51499938964844,26157,0.0,0.0
2023-06-14 10:30:00-04:00,45.63999938964844,45.63999938964844,45.099998474121094,45.349998474121094,32670,0.0,0.0
2023-06-14 11:30:00-04:00,45.34000015258789,45.34000015258789,44.75,44.75,93280,0.0,0.0
2023-06-14 12:30:00-04:00,44.70000076293945,44.84000015258789,44.61000061035156,44.790000915527344,26028,0.0,0.0
2023-06-14 13:30:00-04:00,44.79999923706055,45.0099983215332,44.46500015258789,44.61000061035156,34790,0.0,0.0
2023-06-14 14:30:00-04:00,44.540000915527344,44.81999969482422,44.5,44.630001068115234,31118,0.0,0.0
2023-06-14 15:30:00-04:00,44.560001373291016,44.630001068115234,44.150001525878906,44.540000915527344,73304,0.0,0.0
2023-06-15 09:30:00-04:00,44.34000015258789,44.7599983215332,44.099998474121094,44.5099983215332,24455,0.0,0.0
2023-06-15 10:30:00-04:00,44.529998779296875,44.7599983215332,44.20500183105469,44.709999084472656,23832,0.0,0.0
2023-06-15 11:30:00-04:00,44.689998626708984,44.83000183105469,44.47999954223633,44.540000915527344,19591,0.0,0.0
2023-06-15 12:30:00-04:00,44.540000915527344,44.560001373291016,44.43000030517578,44.47999954223633,18435,0.0,0.0
2023-06-15 13:30:00-04:00,44.5099983215332,44.63999938964844,44.439998626708984,44.564998626708984,19835,0.0,0.0
2023-06-15 14:30:00-04:00,44.59000015258789,44.6349983215332,44.45000076293945,44.474998474121094,29602,0.0,0.0
2023-06-15 15:30:00-04:00,44.47999954223633,44.4900016784668,44.209999084472656,44.31999969482422,67650,0.0,0.0
2023-06-16 09:30:00-04:00,44.58000183105469,44.93000030517578,44.16999816894531,44.69499969482422,82364,0.0,0.0
2023-06-16 10:30:00-04:00,44.709999084472656,44.790000915527344,43.81999969482422,44.060001373291016,36923,0.0,0.0
2023-06-16 11:30:00-04:00,44.06999969482422,45.0,44.06999969482422,44.91999816894531,32444,0.0,0.0
2023-06-16 12:30:00-04:00,44.91999816894531,45.165000915527344,44.71500015258789,44.7599983215332,32238,0.0,0.0
2023-06-16 13:30:00-04:00,44.77000045776367,44.81999969482422,44.40999984741211,44.5099983215332,33701,0.0,0.0
2023-06-16 14:30:00-04:00,44.505001068115234,44.650001525878906,44.16999816894531,44.224998474121094,53393,0.0,0.0
2023-06-16 15:30:00-04:00,44.220001220703125,45.72999954223633,44.060001373291016,44.959999084472656,401291,0.0,0.0
2023-06-20 09:30:00-04:00,44.95000076293945,45.08000183105469,43.939998626708984,44.150001525878906,36021,0.0,0.0
2023-06-20 10:30:00-04:00,44.1349983215332,44.584999084472656,44.09000015258789,44.36000061035156,27314,0.0,0.0
2023-06-20 11:30:00-04:00,44.34000015258789,44.810001373291016,44.31999969482422,44.77000045776367,26654,0.0,0.0
2023-06-20 12:30:00-04:00,44.720001220703125,44.9900016784668,44.68000030517578,44.88100051879883,20022,0.0,0.0
2023-06-20 13:30:00-04:00,44.84000015258789,44.88999938964844,44.720001220703125,44.75,18137,0.0,0.0
2023-06-20 14:30:00-04:00,44.775001525878906,45.189998626708984,44.720001220703125,45.125,45869,0.0,0.0
2023-06-20 15:30:00-04:00,45.13999938964844,45.18000030517578,44.720001220703125,44.75,51198,0.0,0.0
2023-06-21 09:30:00-04:00,44.70000076293945,44.91999816894531,44.31999969482422,44.904998779296875,15931,0.0,0.0
2023-06-21 10:30:00-04:00,44.959999084472656,45.15999984741211,44.70000076293945,44.939998626708984,19501,0.0,0.0
2023-06-21 11:30:00-04:00,44.93000030517578,45.099998474121094,44.8849983215332,44.98500061035156,20612,0.0,0.0
2023-06-21 12:30:00-04:00,45.0099983215332,45.04999923706055,44.72999954223633,44.83000183105469,21710,0.0,0.0
2023-06-21 13:30:00-04:00,44.849998474121094,44.994998931884766,44.849998474121094,44.959999084472656,15543,0.0,0.0
2023-06-21 14:30:00-04:00,44.970001220703125,45.09000015258789,44.900001525878906,45.09000015258789,27358,0.0,0.0
2023-06-21 15:30:00-04:00,45.119998931884766,45.150001525878906,44.91999816894531,44.93000030517578,32458,0.0,0.0
2023-06-22 09:30:00-04:00,45.599998474121094,45.599998474121094,44.56999969482422,44.85499954223633,27176,0.0,0.0
2023-06-22 10:30:00-04:00,44.89500045776367,44.89500045776367,44.40999984741211,44.41999816894531,14794,0.0,0.0
2023-06-22 11:30:00-04:00,44.4900016784668,44.939998626708984,44.4900016784668,44.88999938964844,12614,0.0,0.0
2023-06-22 12:30:00-04:00,44.970001220703125,45.06999969482422,44.83000183105469,45.060001373291016,10876,0.0,0.0
2023-06-22 13:30:00-04:00,45.04999923706055,45.290000915527344,45.040000915527344,45.27000045776367,13760,0.0,0.0
2023-06-22 14:30:00-04:00,45.258201599121094,45.258201599121094,44.93410110473633,44.93410110473633,19137,0.0,0.0
2023-06-22 15:30:00-04:00,44.91999816894531,45.150001525878906,44.900001525878906,44.93000030517578,45614,0.0,0.0
2023-06-23 09:30:00-04:00,44.439998626708984,44.98500061035156,44.05500030517578,44.7400016784668,16085,0.0,0.0
2023-06-23 10:30:00-04:00,44.7400016784668,45.0,44.720001220703125,44.78499984741211,11564,0.0,0.0
2023-06-23 11:30:00-04:00,44.849998474121094,44.93000030517578,44.66999816894531,44.91999816894531,9440,0.0,0.0
2023-06-23 12:30:00-04:00,44.91999816894531,44.959999084472656,44.77000045776367,44.959999084472656,9549,0.0,0.0
2023-06-23 13:30:00-04:00,44.970001220703125,45.08000183105469,44.900001525878906,45.08000183105469,15708,0.0,0.0
2023-06-23 14:30:00-04:00,45.025001525878906,45.119998931884766,44.97999954223633,45.02000045776367,29980,0.0,0.0
2023-06-23 15:30:00-04:00,45.04999923706055,45.400001525878906,44.93000030517578,45.2400016784668,70410,0.0,0.0
2023-06-26 09:30:00-04:00,45.18000030517578,45.540000915527344,42.95000076293945,44.869998931884766,38827,0.0,0.0
2023-06-26 10:30:00-04:00,44.79999923706055,44.970001220703125,44.36000061035156,44.53340148925781,29838,0.0,0.0
2023-06-26 11:30:00-04:00,44.56999969482422,44.65999984741211,44.32500076293945,44.380001068115234,25285,0.0,0.0
2023-06-26 12:30:00-04:00,44.400001525878906,44.68000030517578,44.23500061035156,44.6150016784668,24860,0.0,0.0
2023-06-26 13:30:00-04:00,44.630001068115234,44.75,44.540000915527344,44.720001220703125,23392,0.0,0.0
2023-06-26 14:30:00-04:00,44.68000030517578,44.84000015258789,44.59000015258789,44.70000076293945,29715,0.0,0.0
2023-06-26 15:30:00-04:00,44.665000915527344,44.689998626708984,44.439998626708984,44.45000076293945,36499,0.0,0.0
2023-06-27 09:30:00-04:00,44.2599983215332,45.11000061035156,44.23500061035156,45.11000061035156,12743,0.0,0.0
2023-06-27 10:30:00-04:00,45.16999816894531,45.224998474121094,44.93000030517578,45.0,13067,0.0,0.0
2023-06-27 11:30:00-04:00,45.03499984741211,45.099998474121094,44.90999984741211,45.029998779296875,6422,0.0,0.0
2023-06-27 12:30:00-04:00,45.04669952392578,45.2400016784668,45.03089904785156,45.22999954223633,7847,0.0,0.0
2023-06-27 13:30:00-04:00,45.2400016784668,45.279998779296875,45.165000915527344,45.189998626708984,7566,0.0,0.0
2023-06-27 14:30:00-04:00,45.18000030517578,45.189998626708984,45.02000045776367,45.09000015258789,12436,0.0,0.0
2023-06-27 15:30:00-04:00,45.0890007019043,45.2400016784668,45.06999969482422,45.22999954223633,25230,0.0,0.0
2023-06-28 09:30:00-04:00,45.150001525878906,45.150001525878906,44.630001068115234,44.88999938964844,10887,0.0,0.0
2023-06-28 10:30:00-04:00,44.88999938964844,45.2400016784668,44.775001525878906,45.2400016784668,15695,0.0,0.0
2023-06-28 11:30:00-04:00,45.279998779296875,45.380001068115234,45.279998779296875,45.36000061035156,5795,0.0,0.0
2023-06-28 12:30:00-04:00,45.31999969482422,45.3650016784668,45.125,45.3650016784668,9355,0.0,0.0
2023-06-28 13:30:00-04:00,45.369998931884766,45.459999084472656,45.27000045776367,45.459999084472656,9953,0.0,0.0
2023-06-28 14:30:00-04:00,45.45500183105469,45.689998626708984,45.38999938964844,45.560001373291016,20096,0.0,0.0
2023-06-28 15:30:00-04:00,45.56999969482422,45.599998474121094,45.45000076293945,45.4900016784668,32291,0.0,0.0
2023-06-29 09:30:00-04:00,45.619998931884766,46.77640151977539,45.40999984741211,46.5,28277,0.0,0.0
2023-06-29 10:30:00-04:00,46.779998779296875,46.779998779296875,46.345001220703125,46.345001220703125,11831,0.0,0.0
2023-06-29 11:30:00-04:00,46.34000015258789,46.34000015258789,46.02000045776367,46.24480056762695,8819,0.0,0.0
2023-06-29 12:30:00-04:00,46.242698669433594,46.242698669433594,46.06999969482422,46.06999969482422,6079,0.0,0.0
2023-06-29 13:30:00-04:00,46.11000061035156,46.130001068115234,45.881900787353516,45.881900787353516,11869,0.0,0.0
2023-06-29 14:30:00-04:00,45.86000061035156,45.95000076293945,45.790000915527344,45.849998474121094,21158,0.0,0.0
2023-06-29 15:30:00-04:00,45.86000061035156,45.86000061035156,45.66999816894531,45.70000076293945,45515,0.0,0.0
2023-06-30 09:30:00-04:00,45.75,45.810001373291016,45.4900016784668,45.75,20303,0.0,0.0
2023-06-30 10:30:00-04:00,45.755001068115234,46.029998779296875,45.689998626708984,45.81999969482422,23597,0.0,0.0
2023-06-30 11:30:00-04:00,45.88999938964844,46.29999923706055,45.849998474121094,46.209999084472656,10771,0.0,0.0
2023-06-30 12:30:00-04:00,46.20000076293945,46.459999084472656,46.189998626708984,46.43000030517578,10815,0.0,0.0
2023-06-30 13:30:00-04:00,46.43000030517578,46.560001373291016,46.310001373291016,46.560001373291016,10946,0.0,0.0
2023-06-30 14:30:00-04:00,46.560001373291016,46.630001068115234,46.43000030517578,46.459999084472656,10801,0.0,0.0
2023-06-30 15:30:00-04:00,46.43000030517578,46.45000076293945,46.130001068115234,46.130001068115234,39372,0.0,0.0
2023-07-03 09:30:00-04:00,46.349998474121094,47.45000076293945,45.88999938964844,47.45000076293945,55189,0.0,0.0
2023-07-03 10:30:00-04:00,47.470001220703125,47.584999084472656,47.33000183105469,47.584999084472656,25955,0.0,0.0
2023-07-03 11:30:00-04:00,47.59000015258789,47.79499816894531,47.5458984375,47.5458984375,15744,0.0,0.0
2023-07-05 09:30:00-04:00,47.869998931884766,48.0,46.96500015258789,47.334999084472656,29296,0.0,0.0
2023-07-05 10:30:00-04:00,47.40999984741211,47.61000061035156,47.29999923706055,47.4900016784668,20951,0.0,0.0
2023-07-05 11:30:00-04:00,47.47999954223633,47.540000915527344,47.130001068115234,47.459999084472656,38766,0.0,0.0
2023-07-05 12:30:00-04:00,47.46500015258789,47.775001525878906,47.185001373291016,47.650001525878906,46805,0.0,0.0
2023-07-05 13:30:00-04:00,47.7400016784668,47.79999923706055,47.630001068115234,47.630001068115234,17043,0.0,0.0
2023-07-05 14:30:00-04:00,47.630001068115234,47.80500030517578,47.619998931884766,47.72999954223633,20863,0.0,0.0
2023-07-05 15:30:00-04:00,47.66999816894531,47.66999816894531,47.4900016784668,47.5099983215332,39816,0.0,0.0
2023-07-06 09:30:00-04:00,47.08000183105469,47.71200180053711,46.560001373291016,46.560001373291016,49827,0.0,0.0
2023-07-06 10:30:00-04:00,46.560001373291016,46.560001373291016,45.7599983215332,45.81999969482422,28588,0.0,0.0
2023-07-06 11:30:00-04:00,45.849998474121094,46.0099983215332,45.34000015258789,45.36000061035156,19873,0.0,0.0
2023-07-06 12:30:00-04:00,45.41999816894531,45.7599983215332,45.41999816894531,45.43000030517578,27016,0.0,0.0
2023-07-06 13:30:00-04:00,45.439998626708984,45.5,45.11000061035156,45.11000061035156,22376,0.0,0.0
2023-07-06 14:30:00-04:00,45.06999969482422,45.439998626708984,44.849998474121094,45.369998931884766,58643,0.0,0.0
2023-07-06 15:30:00-04:00,45.29999923706055,45.61000061035156,45.290000915527344,45.599998474121094,59266,0.0,0.0
2023-07-07 09:30:00-04:00,45.86000061035156,46.19499969482422,45.80500030517578,46.08000183105469,10369,0.0,0.0
2023-07-07 10:30:00-04:00,46.16999816894531,46.72999954223633,46.16999816894531,46.72999954223633,13130,0.0,0.0
2023-07-07 11:30:00-04:00,46.790000915527344,47.04999923706055,46.70000076293945,46.9900016784668,15454,0.0,0.0
2023-07-07 12:30:00-04:00,47.02000045776367,47.2599983215332,47.02000045776367,47.20500183105469,13213,0.0,0.0
2023-07-07 13:30:00-04:00,47.18000030517578,47.220001220703125,46.88999938964844,47.04499816894531,16795,0.0,0.0
2023-07-07 14:30:00-04:00,47.0099983215332,47.04499816894531,46.88999938964844,47.0099983215332,14487,0.0,0.0
2023-07-07 15:30:00-04:00,46.9900016784668,47.04999923706055,46.560001373291016,46.689998626708984,33472,0.0,0.0
2023-07-10 09:30:00-04:00,46.4900016784668,47.380001068115234,46.02000045776367,46.71849822998047,30057,0.0,0.0
2023-07-10 10:30:00-04:00,46.630001068115234,46.79999923706055,46.369998931884766,46.470001220703125,19605,0.0,0.0
2023-07-10 11:30:00-04:00,46.4900016784668,46.720001220703125,46.4900016784668,46.65999984741211,8564,0.0,0.0
2023-07-10 12:30:00-04:00,46.650001525878906,46.65999984741211,46.459999084472656,46.5099983215332,6900,0.0,0.0
2023-07-10 13:30:00-04:00,46.540000915527344,46.63999938964844,46.40999984741211,46.540000915527344,10586,0.0,0.0
2023-07-10 14:30:00-04:00,46.584999084472656,46.59000015258789,46.290000915527344,46.290000915527344,16856,0.0,0.0
2023-07-10 15:30:00-04:00,46.290000915527344,46.540000915527344,46.22999954223633,46.540000915527344,33588,0.0,0.0
2023-07-11 09:30:00-04:00,46.90999984741211,47.61000061035156,46.619998931884766,47.0099983215332,12347,0.0,0.0
2023-07-11 10:30:00-04:00,46.959999084472656,47.09000015258789,46.7599983215332,46.880001068115234,12924,0.0,0.0
2023-07-11 11:30:00-04:00,46.849998474121094,46.880001068115234,46.529998779296875,46.779998779296875,6982,0.0,0.0
2023-07-11 12:30:00-04:00,46.7400016784668,46.77000045776367,46.66999816894531,46.7599983215332,6713,0.0,0.0
2023-07-11 13:30:00-04:00,46.856998443603516,46.96500015258789,46.849998474121094,46.96500015258789,7612,0.0,0.0
2023-07-11 14:30:00-04:00,46.939998626708984,46.94499969482422,46.84000015258789,46.900001525878906,7800,0.0,0.0
2023-07-11 15:30:00-04:00,46.869998931884766,47.04999923706055,46.869998931884766,47.04999923706055,16176,0.0,0.0
2023-07-12 09:30:00-04:00,47.70000076293945,47.70000076293945,47.25,47.619998931884766,15623,0.0,0.0
2023-07-12 10:30:00-04:00,47.689998626708984,48.0,47.66999816894531,47.849998474121094,29556,0.0,0.0
2023-07-12 11:30:00-04:00,47.93000030517578,47.95500183105469,47.52000045776367,47.560001373291016,10370,0.0,0.0
2023-07-12 12:30:00-04:00,47.560001373291016,47.599998474121094,47.439998626708984,47.439998626708984,9352,0.0,0.0
2023-07-12 13:30:00-04:00,47.38999938964844,47.43000030517578,47.18000030517578,47.310001373291016,12934,0.0,0.0
2023-07-12 14:30:00-04:00,47.310001373291016,47.380001068115234,47.029998779296875,47.029998779296875,12118,0.0,0.0
2023-07-12 15:30:00-04:00,47.02000045776367,47.060001373291016,46.790000915527344,46.95000076293945,30849,0.0,0.0
2023-07-13 09:30:00-04:00,46.959999084472656,47.2599983215332,46.525001525878906,46.93000030517578,14597,0.0,0.0
2023-07-13 10:30:00-04:00,47.029998779296875,47.130001068115234,46.7599983215332,47.040000915527344,8954,0.0,0.0
2023-07-13 11:30:00-04:00,47.02000045776367,47.16999816894531,46.939998626708984,47.1682014465332,6685,0.0,0.0
2023-07-13 12:30:00-04:00,47.099998474121094,47.220001220703125,46.9900016784668,47.040000915527344,13666,0.0,0.0
2023-07-13 13:30:00-04:00,47.060001373291016,47.18000030517578,47.0099983215332,47.18000030517578,8947,0.0,0.0
2023-07-13 14:30:00-04:00,47.20000076293945,47.36000061035156,47.17539978027344,47.31999969482422,15727,0.0,0.0
2023-07-13 15:30:00-04:00,47.34000015258789,47.45500183105469,47.27000045776367,47.400001525878906,19551,0.0,0.0
2023-07-14 09:30:00-04:00,47.45000076293945,47.45000076293945,46.65999984741211,46.71500015258789,10547,0.0,0.0
2023-07-14 10:30:00-04:00,46.7400016784668,46.77000045776367,46.330299377441406,46.720001220703125,16044,0.0,0.0
2023-07-14 11:30:00-04:00,46.7400016784668,46.83000183105469,46.5099983215332,46.689998626708984,9317,0.0,0.0
2023-07-14 12:30:00-04:00,46.63999938964844,46.7400016784668,46.46500015258789,46.46500015258789,11165,0.0,0.0
2023-07-14 13:30:00-04:00,46.5099983215332,46.65999984741211,46.470001220703125,46.5099983215332,8765,0.0,0.0
2023-07-14 14:30:00-04:00,46.5099983215332,46.619998931884766,46.43000030517578,46.619998931884766,9508,0.0,0.0
2023-07-14 15:30:00-04:00,46.630001068115234,46.65999984741211,46.470001220703125,46.63999938964844,19298,0.0,0.0
2023-07-17 09:30:00-04:00,46.77000045776367,47.11000061035156,46.61000061035156,47.0,10441,0.0,0.0
2023-07-17 10:30:00-04:00,47.09000015258789,47.38999938964844,47.029998779296875,47.279998779296875,18061,0.0,0.0
2023-07-17 11:30:00-04:00,47.34000015258789,47.630001068115234,47.34000015258789,47.630001068115234,8530,0.0,0.0
2023-07-17 12:30:00-04:00,47.619998931884766,47.83000183105469,47.59000015258789,47.83000183105469,9220,0.0,0.0
2023-07-17 13:30:00-04:00,47.790000915527344,47.92499923706055,47.77000045776367,47.790000915527344,18164,0.0,0.0
2023-07-17 14:30:00-04:00,47.72999954223633,48.09000015258789,47.72999954223633,48.029998779296875,36055,0.0,0.0
2023-07-17 15:30:00-04:00,48.02000045776367,48.02000045776367,47.7400016784668,47.814998626708984,27393,0.0,0.0
2023-07-18 09:30:00-04:00,47.79999923706055,48.84000015258789,47.79999923706055,48.41490173339844,24233,0.0,0.0
2023-07-18 10:30:00-04:00,48.314998626708984,48.314998626708984,47.81999969482422,48.165000915527344,14414,0.0,0.0
2023-07-18 11:30:00-04:00,48.15999984741211,48.189998626708984,47.93000030517578,48.040000915527344,7214,0.0,0.0
2023-07-18 12:30:00-04:00,48.040000915527344,48.040000915527344,47.77000045776367,47.869998931884766,11581,0.0,0.0
2023-07-18 13:30:00-04:00,47.869998931884766,48.19499969482422,47.83000183105469,48.18000030517578,16873,0.0,0.0
2023-07-18 14:30:00-04:00,48.244998931884766,48.34000015258789,48.119998931884766,48.29999923706055,15388,0.0,0.0
2023-07-18 15:30:00-04:00,48.349998474121094,48.529998779296875,48.349998474121094,48.36000061035156,39216,0.0,0.0
2023-07-19 09:30:00-04:00,48.58000183105469,48.630001068115234,47.939998626708984,47.970001220703125,17569,0.0,0.0
2023-07-19 10:30:00-04:00,47.90999984741211,48.529998779296875,47.709999084472656,48.52000045776367,21981,0.0,0.0
2023-07-19 11:30:00-04:00,48.4900016784668,48.58000183105469,48.22999954223633,48.375,23823,0.0,0.0
2023-07-19 12:30:00-04:00,48.380001068115234,48.41999816894531,48.25,48.31999969482422,13582,0.0,0.0
2023-07-19 13:30:00-04:00,48.32500076293945,48.349998474121094,48.05099868774414,48.130001068115234,10196,0.0,0.0
2023-07-19 14:30:00-04:00,48.15999984741211,48.25,48.060001373291016,48.18000030517578,16999,0.0,0.0
2023-07-19 15:30:00-04:00,48.185001373291016,48.3650016784668,48.16999816894531,48.16999816894531,36195,0.0,0.0
2023-07-20 09:30:00-04:00,48.470001220703125,48.7400016784668,47.84000015258789,47.84000015258789,17496,0.0,0.0
2023-07-20 10:30:00-04:00,47.959999084472656,48.275001525878906,47.849998474121094,48.18000030517578,10213,0.0,0.0
2023-07-20 11:30:00-04:00,48.189998626708984,48.29499816894531,48.0099983215332,48.040000915527344,7188,0.0,0.0
2023-07-20 12:30:00-04:00,48.02000045776367,48.119998931884766,47.849998474121094,47.849998474121094,10283,0.0,0.0
2023-07-20 13:30:00-04:00,47.82500076293945,48.154998779296875,47.82500076293945,48.02000045776367,19172,0.0,0.0
2023-07-20 14:30:00-04:00,48.06999969482422,48.279998779296875,48.02000045776367,48.18000030517578,24850,0.0,0.0
2023-07-20 15:30:00-04:00,48.189998626708984,48.400001525878906,48.16999816894531,48.279998779296875,41201,0.0,0.0
2023-07-21 09:30:00-04:00,48.75,48.75,48.029998779296875,48.2400016784668,30160,0.0,0.0
2023-07-21 10:30:00-04:00,48.2400016784668,48.310001373291016,47.81999969482422,47.81999969482422,21609,0.0,0.0
2023-07-21 11:30:00-04:00,47.8849983215332,48.0,47.84000015258789,47.93000030517578,9046,0.0,0.0
2023-07-21 12:30:00-04:00,47.939998626708984,47.939998626708984,47.78499984741211,47.81999969482422,8714,0.0,0.0
2023-07-21 13:30:00-04:00,47.82500076293945,47.91999816894531,47.79999923706055,47.84000015258789,9751,0.0,0.0
2023-07-21 14:30:00-04:00,47.889400482177734,48.0099983215332,47.52000045776367,47.65999984741211,25744,0.0,0.0
2023-07-21 15:30:00-04:00,47.65999984741211,47.790000915527344,47.54999923706055,47.7400016784668,43465,0.0,0.0
2023-07-24 09:30:00-04:00,47.650001525878906,48.75,47.57500076293945,48.65999984741211,18791,0.0,0.0
2023-07-24 10:30:00-04:00,48.630001068115234,48.630001068115234,48.25,48.540000915527344,21150,0.0,0.0
2023-07-24 11:30:00-04:00,48.599998474121094,48.77000045776367,48.459999084472656,48.459999084472656,20302,0.0,0.0
2023-07-24 12:30:00-04:00,48.46500015258789,48.6349983215332,48.349998474121094,48.59000015258789,19244,0.0,0.0
2023-07-24 13:30:00-04:00,48.61000061035156,48.9900016784668,48.459999084472656,48.459999084472656,31492,0.0,0.0
2023-07-24 14:30:00-04:00,48.459999084472656,48.459999084472656,48.224998474121094,48.25,17790,0.0,0.0
2023-07-24 15:30:00-04:00,48.20000076293945,48.404998779296875,48.20000076293945,48.33000183105469,38498,0.0,0.0
2023-07-25 09:30:00-04:00,48.36000061035156,48.81999969482422,48.2599983215332,48.77000045776367,15505,0.0,0.0
2023-07-25 10:30:00-04:00,48.782501220703125,48.900001525878906,48.5,48.68000030517578,10067,0.0,0.0
2023-07-25 11:30:00-04:00,48.689998626708984,48.7400016784668,48.470001220703125,48.7400016784668,10723,0.0,0.0
2023-07-25 12:30:00-04:00,48.72999954223633,48.834999084472656,48.625,48.78499984741211,9300,0.0,0.0
2023-07-25 13:30:00-04:00,48.810001373291016,48.941898345947266,48.79999923706055,48.86000061035156,12705,0.0,0.0
2023-07-25 14:30:00-04:00,48.869998931884766,48.900001525878906,48.540000915527344,48.77000045776367,14350,0.0,0.0
2023-07-25 15:30:00-04:00,48.75,48.779998779296875,48.650001525878906,48.65999984741211,24370,0.0,0.0
2023-07-26 09:30:00-04:00,48.66999816894531,48.93000030517578,48.63999938964844,48.886600494384766,10372,0.0,0.0
2023-07-26 10:30:00-04:00,48.75,48.869998931884766,48.630001068115234,48.79999923706055,10490,0.0,0.0
2023-07-26 11:30:00-04:00,48.81679916381836,48.904998779296875,48.69969940185547,48.834999084472656,7202,0.0,0.0
2023-07-26 12:30:00-04:00,48.79999923706055,48.875,48.689998626708984,48.689998626708984,10178,0.0,0.0
2023-07-26 13:30:00-04:00,48.689998626708984,48.7400016784668,48.4900016784668,48.70000076293945,10547,0.0,0.0
2023-07-26 14:30:00-04:00,48.779998779296875,48.915000915527344,48.56999969482422,48.68000030517578,19345,0.0,0.0
2023-07-26 15:30:00-04:00,48.72760009765625,48.900001525878906,48.709999084472656,48.869998931884766,26610,0.0,0.0
2023-07-27 09:30:00-04:00,49.0,49.192501068115234,48.720001220703125,49.154998779296875,27212,0.0,0.0
2023-07-27 10:30:00-04:00,49.209999084472656,49.51499938964844,49.08449935913086,49.14590072631836,20106,0.0,0.0
2023-07-27 11:30:00-04:00,49.189998626708984,49.45000076293945,49.11000061035156,49.369998931884766,5806,0.0,0.0
2023-07-27 12:30:00-04:00,49.470001220703125,49.474998474121094,49.16999816894531,49.16999816894531,11218,0.0,0.0
2023-07-27 13:30:00-04:00,49.150001525878906,49.290000915527344,49.11000061035156,49.26499938964844,13751,0.0,0.0
2023-07-27 14:30:00-04:00,49.220001220703125,49.23500061035156,48.959999084472656,49.04999923706055,14536,0.0,0.0
2023-07-27 15:30:00-04:00,49.04999923706055,49.29999923706055,49.04999923706055,49.220001220703125,28992,0.0,0.0
2023-07-28 09:30:00-04:00,49.7400016784668,49.970001220703125,49.439998626708984,49.709999084472656,18225,0.0,0.0
2023-07-28 10:30:00-04:00,49.7599983215332,49.94499969482422,49.619998931884766,49.79999923706055,24034,0.0,0.0
2023-07-28 11:30:00-04:00,49.7599983215332,49.86000061035156,49.63999938964844,49.86000061035156,8515,0.0,0.0
2023-07-28 12:30:00-04:00,49.84000015258789,49.880001068115234,49.59000015258789,49.59000015258789,10769,0.0,0.0
2023-07-28 13:30:00-04:00,49.560001373291016,49.67839813232422,49.43000030517578,49.67839813232422,7112,0.0,0.0
2023-07-28 14:30:00-04:00,49.65999984741211,49.65999984741211,49.40999984741211,49.52000045776367,15087,0.0,0.0
2023-07-28 15:30:00-04:00,49.4900016784668,49.597999572753906,49.47999954223633,49.47999954223633,19841,0.0,0.0
2023-07-31 09:30:00-04:00,49.790000915527344,49.880001068115234,49.279998779296875,49.279998779296875,14565,0.0,0.0
2023-07-31 10:30:00-04:00,49.31999969482422,49.47999954223633,49.16999816894531,49.32600021362305,14089,0.0,0.0
2023-07-31 11:30:00-04:00,49.2400016784668,49.31999969482422,49.084999084472656,49.084999084472656,12278,0.0,0.0
2023-07-31 12:30:00-04:00,49.04999923706055,49.04999923706055,48.79999923706055,48.845001220703125,25167,0.0,0.0
2023-07-31 13:30:00-04:00,48.849998474121094,49.099998474121094,48.845001220703125,48.88999938964844,15796,0.0,0.0
2023-07-31 14:30:00-04:00,48.91999816894531,48.93000030517578,48.810001373291016,48.810001373291016,14647,0.0,0.0
2023-07-31 15:30:00-04:00,48.810001373291016,48.878501892089844,48.68000030517578,48.80500030517578,57253,0.0,0.0
2023-08-01 09:30:00-04:00,48.599998474121094,49.209999084472656,47.98059844970703,48.53499984741211,28727,0.0,0.0
2023-08-01 10:30:00-04:00,48.53499984741211,49.599998474121094,48.53499984741211,49.279998779296875,39596,0.0,0.0
2023-08-01 11:30:00-04:00,49.33000183105469,49.33000183105469,48.880001068115234,48.9900016784668,20449,0.0,0.0
2023-08-01 12:30:00-04:00,49.119998931884766,49.540000915527344,49.11000061035156,49.5099983215332,10929,0.0,0.0
2023-08-01 13:30:00-04:00,49.689998626708984,49.78499984741211,49.525001525878906,49.564998626708984,15743,0.0,0.0
2023-08-01 14:30:00-04:00,49.625,49.72999954223633,49.58000183105469,49.68000030517578,17769,0.0,0.0
2023-08-01 15:30:00-04:00,49.68000030517578,49.869998931884766,49.63999938964844,49.70000076293945,45695,0.0,0.0
2023-08-02 09:30:00-04:00,49.970001220703125,51.869998931884766,46.97999954223633,51.650001525878906,105674,0.0,0.0
2023-08-02 10:30:00-04:00,51.685001373291016,52.029998779296875,50.130001068115234,50.275001525878906,34362,0.0,0.0
2023-08-02 11:30:00-04:00,50.40999984741211,50.619998931884766,49.72999954223633,50.43000030517578,38538,0.0,0.0
2023-08-02 12:30:00-04:00,50.42499923706055,50.724998474121094,50.02000045776367,50.08000183105469,28571,0.0,0.0
2023-08-02 13:30:00-04:00,50.04999923706055,50.43000030517578,50.029998779296875,50.185001373291016,30862,0.0,0.0
2023-08-02 14:30:00-04:00,50.20000076293945,50.290000915527344,49.650001525878906,49.720001220703125,42359,0.0,0.0
2023-08-02 15:30:00-04:00,49.720001220703125,50.02000045776367,49.720001220703125,49.849998474121094,80158,0.0,0.0
2023-08-03 09:30:00-04:00,50.79999923706055,51.43000030517578,50.060001373291016,50.744998931884766,37272,0.0,0.0
2023-08-03 10:30:00-04:00,50.810001373291016,51.83000183105469,50.810001373291016,51.540000915527344,46982,0.0,0.0
2023-08-03 11:30:00-04:00,51.5099983215332,51.91999816894531,51.47999954223633,51.91999816894531,36502,0.0,0.0
2023-08-03 12:30:00-04:00,52.0,52.39500045776367,51.851200103759766,52.3224983215332,28317,0.0,0.0
2023-08-03 13:30:00-04:00,52.18000030517578,52.619998931884766,51.97999954223633,52.375,37879,0.0,0.0
2023-08-03 14:30:00-04:00,52.43899917602539,52.56999969482422,52.10749816894531,52.5099983215332,32545,0.0,0.0
2023-08-03 15:30:00-04:00,52.4900016784668,52.79999923706055,52.435001373291016,52.7599983215332,63651,0.0,0.0
2023-08-04 09:30:00-04:00,52.709999084472656,53.2400016784668,52.5,53.029998779296875,32736,0.0,0.0
2023-08-04 10:30:00-04:00,53.029998779296875,53.06589889526367,52.099998474121094,52.529998779296875,44737,0.0,0.0
2023-08-04 11:30:00-04:00,52.560001373291016,52.849998474121094,52.470001220703125,52.79999923706055,34155,0.0,0.0
2023-08-04 12:30:00-04:00,52.849998474121094,53.369998931884766,52.65999984741211,53.310001373291016,35851,0.0,0.0
2023-08-04 13:30:00-04:00,53.27000045776367,53.369998931884766,52.72999954223633,52.7599983215332,20398,0.0,0.0
2023-08-04 14:30:00-04:00,52.755001068115234,53.09000015258789,52.59000015258789,52.73500061035156,34581,0.0,0.0
2023-08-04 15:30:00-04:00,52.7400016784668,53.06999969482422,52.63999938964844,53.0099983215332,84216,0.0,0.0
2023-08-07 09:30:00-04:00,52.619998931884766,53.08000183105469,51.95000076293945,52.560001373291016,26911,0.0,0.0
2023-08-07 10:30:00-04:00,52.665000915527344,53.11000061035156,52.540000915527344,53.11000061035156,36376,0.0,0.0
2023-08-07 11:30:00-04:00,53.107398986816406,53.45000076293945,53.05500030517578,53.34000015258789,18465,0.0,0.0
2023-08-07 12:30:00-04:00,53.349998474121094,53.44499969482422,52.97999954223633,52.97999954223633,18580,0.0,0.0
2023-08-07 13:30:00-04:00,52.97999954223633,53.17499923706055,52.6150016784668,52.6150016784668,20841,0.0,0.0
2023-08-07 14:30:00-04:00,52.595001220703125,52.66999816894531,52.0,52.220001220703125,52937,0.0,0.0
2023-08-07 15:30:00-04:00,52.209999084472656,52.404998779296875,52.06999969482422,52.11000061035156,74271,0.0,0.0
2023-08-08 09:30:00-04:00,51.66999816894531,51.810001373291016,50.66999816894531,51.08000183105469,37609,0.0,0.0
2023-08-08 10:30:00-04:00,51.125,51.470001220703125,50.814998626708984,51.45000076293945,26468,0.0,0.0
2023-08-08 11:30:00-04:00,51.33000183105469,51.619998931884766,51.310001373291016,51.56999969482422,15974,0.0,0.0
2023-08-08 12:30:00-04:00,51.540000915527344,51.779998779296875,51.439998626708984,51.505001068115234,22653,0.0,0.0
2023-08-08 13:30:00-04:00,51.52000045776367,51.86249923706055,51.47999954223633,51.845001220703125,14192,0.0,0.0
2023-08-08 14:30:00-04:00,51.845001220703125,52.099998474121094,51.69499969482422,52.040000915527344,25999,0.0,0.0
2023-08-08 15:30:00-04:00,52.02000045776367,52.290000915527344,52.0099983215332,52.209999084472656,47689,0.0,0.0
2023-08-09 09:30:00-04:00,52.43000030517578,52.560001373291016,51.869998931884766,52.369998931884766,27139,0.0,0.0
2023-08-09 10:30:00-04:00,52.404998779296875,52.470001220703125,51.88999938964844,52.09000015258789,36383,0.0,0.0
2023-08-09 11:30:00-04:00,52.15999984741211,52.375,52.060001373291016,52.20500183105469,21894,0.0,0.0
2023-08-09 12:30:00-04:00,52.21500015258789,52.494998931884766,52.21500015258789,52.43000030517578,15065,0.0,0.0
2023-08-09 13:30:00-04:00,52.459999084472656,52.75,52.38999938964844,52.56999969482422,30290,0.0,0.0
2023-08-09 14:30:00-04:00,52.584999084472656,52.584999084472656,52.279998779296875,52.459999084472656,22936,0.0,0.0
2023-08-09 15:30:00-04:00,52.4900016784668,52.63999938964844,52.43000030517578,52.4900016784668,56568,0.0,0.0
2023-08-10 09:30:00-04:00,52.650001525878906,53.06999969482422,52.349998474121094,52.869998931884766,58052,0.0,0.0
2023-08-10 10:30:00-04:00,52.88999938964844,53.2400016784668,52.68000030517578,52.77000045776367,40442,0.0,0.0
2023-08-10 11:30:00-04:00,52.777198791503906,52.777198791503906,51.970001220703125,52.040000915527344,38563,0.0,0.0
2023-08-10 12:30:00-04:00,52.04499816894531,52.27539825439453,51.63999938964844,51.81999969482422,28395,0.0,0.0
2023-08-10 13:30:00-04:00,51.75,52.119998931884766,51.65999984741211,52.01499938964844,23936,0.0,0.0
2023-08-10 14:30:00-04:00,52.029998779296875,52.470001220703125,52.0099983215332,52.34000015258789,40387,0.0,0.0
2023-08-10 15:30:00-04:00,52.279998779296875,52.595001220703125,52.2599983215332,52.40999984741211,57951,0.0,0.0
2023-08-11 09:30:00-04:00,52.43000030517578,52.60499954223633,52.010101318359375,52.29999923706055,16452,0.0,0.0
2023-08-11 10:30:00-04:00,52.310298919677734,52.37950134277344,51.869998931884766,52.01499938964844,26345,0.0,0.0
2023-08-11 11:30:00-04:00,51.9900016784668,52.369998931884766,51.970001220703125,52.220001220703125,16022,0.0,0.0
2023-08-11 12:30:00-04:00,52.28200149536133,52.28200149536133,51.96500015258789,52.08000183105469,17145,0.0,0.0
2023-08-11 13:30:00-04:00,52.07500076293945,52.2599983215332,51.95000076293945,52.2599983215332,17073,0.0,0.0
2023-08-11 14:30:00-04:00,52.244998931884766,52.41999816894531,52.18000030517578,52.26499938964844,23192,0.0,0.0
2023-08-11 15:30:00-04:00,52.279998779296875,52.349998474121094,52.189998626708984,52.279998779296875,37489,0.0,0.0
2023-08-14 09:30:00-04:00,52.15999984741211,52.15999984741211,51.20000076293945,51.61000061035156,12702,0.0,0.0
2023-08-14 10:30:00-04:00,51.619998931884766,51.66999816894531,51.36000061035156,51.64500045776367,14310,0.0,0.0
2023-08-14 11:30:00-04:00,51.64500045776367,51.66210174560547,51.5,51.5,19229,0.0,0.0
2023-08-14 12:30:00-04:00,51.43000030517578,51.6349983215332,51.279998779296875,51.6349983215332,14768,0.0,0.0
2023-08-14 13:30:00-04:00,51.650001525878906,51.654998779296875,51.290000915527344,51.345001220703125,29407,0.0,0.0
2023-08-14 14:30:00-04:00,51.290000915527344,51.5,51.25,51.400001525878906,28280,0.0,0.0
2023-08-14 15:30:00-04:00,51.369998931884766,51.42499923706055,51.31999969482422,51.400001525878906,72752,0.0,0.0
2023-08-15 09:30:00-04:00,51.0099983215332,51.150001525878906,50.15999984741211,50.25,36998,0.0,0.0
2023-08-15 10:30:00-04:00,50.23500061035156,50.310001373291016,50.13999938964844,50.275001525878906,34624,0.0,0.0
2023-08-15 11:30:00-04:00,50.220001220703125,50.220001220703125,49.75,49.959999084472656,32437,0.0,0.0
2023-08-15 12:30:00-04:00,49.93000030517578,50.09000015258789,49.7599983215332,49.970001220703125,19606,0.0,0.0
2023-08-15 13:30:00-04:00,49.900001525878906,49.9818000793457,49.84000015258789,49.959999084472656,15261,0.0,0.0
2023-08-15 14:30:00-04:00,49.970001220703125,50.002498626708984,49.790000915527344,49.849998474121094,29743,0.0,0.0
2023-08-15 15:30:00-04:00,49.834999084472656,49.97999954223633,49.810001373291016,49.880001068115234,63340,0.0,0.0
2023-08-16 09:30:00-04:00,50.040000915527344,50.459999084472656,49.564998626708984,49.56999969482422,20993,0.0,0.0
2023-08-16 10:30:00-04:00,49.58000183105469,49.66999816894531,49.220001220703125,49.66999816894531,20186,0.0,0.0
2023-08-16 11:30:00-04:00,49.79999923706055,49.79999923706055,49.400001525878906,49.599998474121094,25524,0.0,0.0
2023-08-16 12:30:00-04:00,49.72999954223633,49.7599983215332,49.52000045776367,49.60499954223633,20860,0.0,0.0
2023-08-16 13:30:00-04:00,49.61000061035156,49.88999938964844,49.59000015258789,49.59000015258789,24639,0.0,0.0
2023-08-16 14:30:00-04:00,49.647499084472656,49.71500015258789,49.43000030517578,49.54999923706055,38954,0.0,0.0
2023-08-16 15:30:00-04:00,49.540000915527344,49.70000076293945,49.470001220703125,49.58000183105469,111145,0.0,0.0
2023-08-17 09:30:00-04:00,49.83000183105469,51.11000061035156,49.75,50.810001373291016,62716,0.0,0.0
2023-08-17 10:30:00-04:00,50.900001525878906,51.08000183105469,50.15999984741211,50.220001220703125,31059,0.0,0.0
2023-08-17 11:30:00-04:00,50.06999969482422,50.150001525878906,49.70000076293945,49.70000076293945,42880,0.0,0.0
2023-08-17 12:30:00-04:00,49.790000915527344,49.955299377441406,49.56999969482422,49.78499984741211,27235,0.0,0.0
2023-08-17 13:30:00-04:00,49.814998626708984,49.93000030517578,49.529998779296875,49.595001220703125,28671,0.0,0.0
2023-08-17 14:30:00-04:00,49.58000183105469,50.02000045776367,49.540000915527344,49.95500183105469,30176,0.0,0.0
2023-08-17 15:30:00-04:00,49.970001220703125,50.290000915527344,49.93000030517578,50.27000045776367,81819,0.0,0.0
2023-08-18 09:30:00-04:00,49.810001373291016,50.810001373291016,49.810001373291016,50.70500183105469,16636,0.0,0.0
2023-08-18 10:30:00-04:00,50.7599983215332,51.06999969482422,50.37009811401367,51.040000915527344,13728,0.0,0.0
2023-08-18 11:30:00-04:00,50.95000076293945,51.18000030517578,50.779998779296875,51.09000015258789,12680,0.0,0.0
2023-08-18 12:30:00-04:00,51.13999938964844,51.34000015258789,51.13999938964844,51.29999923706055,11041,0.0,0.0
2023-08-18 13:30:00-04:00,51.380001068115234,51.47999954223633,51.27000045776367,51.43000030517578,17964,0.0,0.0
2023-08-18 14:30:00-04:00,51.439998626708984,51.630001068115234,51.35499954223633,51.630001068115234,24634,0.0,0.0
2023-08-18 15:30:00-04:00,51.6150016784668,51.790000915527344,51.474998474121094,51.689998626708984,62116,0.0,0.0
2023-08-21 09:30:00-04:00,51.95000076293945,52.18000030517578,51.31999969482422,51.630001068115234,13916,0.0,0.0
2023-08-21 10:30:00-04:00,51.59000015258789,51.75,51.2400016784668,51.35850143432617,16995,0.0,0.0
2023-08-21 11:30:00-04:00,51.34000015258789,51.47999954223633,50.630001068115234,50.7400016784668,30758,0.0,0.0
2023-08-21 12:30:00-04:00,50.7599983215332,50.81999969482422,50.58000183105469,50.81999969482422,9045,0.0,0.0
2023-08-21 13:30:00-04:00,50.849998474121094,50.849998474121094,50.599998474121094,50.720001220703125,14389,0.0,0.0
2023-08-21 14:30:00-04:00,50.7599983215332,51.0099983215332,50.75,50.93000030517578,26071,0.0,0.0
2023-08-21 15:30:00-04:00,50.93000030517578,51.02000045776367,50.86000061035156,50.90999984741211,48266,0.0,0.0
2023-08-22 09:30:00-04:00,51.0,51.369998931884766,50.400001525878906,50.40999984741211,14065,0.0,0.0
2023-08-22 10:30:00-04:00,50.40999984741211,50.5,50.119998931884766,50.22999954223633,10877,0.0,0.0
2023-08-22 11:30:00-04:00,50.25,50.48500061035156,50.209999084472656,50.48500061035156,7755,0.0,0.0
2023-08-22 12:30:00-04:00,50.459999084472656,50.54999923706055,50.400001525878906,50.46979904174805,7489,0.0,0.0
2023-08-22 13:30:00-04:00,50.470001220703125,50.474998474121094,50.209999084472656,50.400001525878906,10724,0.0,0.0
2023-08-22 14:30:00-04:00,50.474998474121094,50.810001373291016,50.45000076293945,50.70000076293945,29871,0.0,0.0
2023-08-22 15:30:00-04:00,50.70500183105469,50.82500076293945,50.47999954223633,50.72999954223633,65965,0.0,0.0
2023-08-23 09:30:00-04:00,50.560001373291016,50.7599983215332,50.099998474121094,50.599998474121094,13059,0.0,0.0
2023-08-23 10:30:00-04:00,50.61000061035156,51.11000061035156,50.54999923706055,51.04999923706055,13874,0.0,0.0
2023-08-23 11:30:00-04:00,51.05500030517578,51.119998931884766,50.91999816894531,51.10499954223633,12788,0.0,0.0
2023-08-23 12:30:00-04:00,51.13999938964844,51.40999984741211,51.095001220703125,51.255001068115234,12707,0.0,0.0
2023-08-23 13:30:00-04:00,51.27000045776367,51.275001525878906,51.12699890136719,51.13999938964844,10791,0.0,0.0
2023-08-23 14:30:00-04:00,51.15999984741211,51.40999984741211,51.11000061035156,51.40999984741211,18906,0.0,0.0
2023-08-23 15:30:00-04:00,51.369998931884766,51.51499938964844,51.32099914550781,51.41999816894531,50841,0.0,0.0
2023-08-24 09:30:00-04:00,51.43000030517578,51.50899887084961,51.0,51.220001220703125,14188,0.0,0.0
2023-08-24 10:30:00-04:00,51.189998626708984,51.36000061035156,51.06010055541992,51.13999938964844,11482,0.0,0.0
2023-08-24 11:30:00-04:00,51.08000183105469,51.099998474121094,50.880001068115234,50.97999954223633,9054,0.0,0.0
2023-08-24 12:30:00-04:00,50.96500015258789,51.060001373291016,50.81999969482422,50.970001220703125,15725,0.0,0.0
2023-08-24 13:30:00-04:00,51.02000045776367,51.380001068115234,51.02000045776367,51.32500076293945,9318,0.0,0.0
2023-08-24 14:30:00-04:00,51.349998474121094,51.5099983215332,51.2599983215332,51.45000076293945,17911,0.0,0.0
2023-08-24 15:30:00-04:00,51.470001220703125,51.595001220703125,51.290000915527344,51.32500076293945,32763,0.0,0.0
2023-08-25 09:30:00-04:00,51.2599983215332,51.400001525878906,50.779998779296875,50.779998779296875,16415,0.0,0.0
2023-08-25 10:30:00-04:00,50.70000076293945,50.779998779296875,50.34000015258789,50.540000915527344,10401,0.0,0.0
2023-08-25 11:30:00-04:00,50.64500045776367,51.04999923706055,50.64500045776367,51.04999923706055,5026,0.0,0.0
2023-08-25 12:30:00-04:00,51.119998931884766,51.125,50.689998626708984,50.75,7150,0.0,0.0
2023-08-25 13:30:00-04:00,50.70000076293945,51.06999969482422,50.70000076293945,51.0099983215332,7993,0.0,0.0
2023-08-25 14:30:00-04:00,50.97999954223633,51.22850036621094,50.7599983215332,51.22850036621094,31522,0.0,0.0
2023-08-25 15:30:00-04:00,51.25,51.33000183105469,50.97999954223633,51.310001373291016,45417,0.0,0.0
2023-08-28 09:30:00-04:00,51.5099983215332,52.040000915527344,51.5099983215332,51.96580123901367,23052,0.0,0.0
2023-08-28 10:30:00-04:00,52.02000045776367,52.119998931884766,51.94499969482422,52.06999969482422,10998,0.0,0.0
2023-08-28 11:30:00-04:00,52.09000015258789,52.09000015258789,51.900001525878906,51.92499923706055,6610,0.0,0.0
2023-08-28 12:30:00-04:00,51.994998931884766,52.2400016784668,51.994998931884766,52.154998779296875,9848,0.0,0.0
2023-08-28 13:30:00-04:00,52.16469955444336,52.16469955444336,51.810001373291016,51.86000061035156,7366,0.0,0.0
2023-08-28 14:30:00-04:00,51.88999938964844,51.95000076293945,51.798301696777344,51.90999984741211,12388,0.0,0.0
2023-08-28 15:30:00-04:00,51.84000015258789,52.08000183105469,51.84000015258789,51.95000076293945,26987,0.0,0.0
2023-08-29 09:30:00-04:00,51.95000076293945,51.95000076293945,51.20000076293945,51.63999938964844,13345,0.0,0.0
2023-08-29 10:30:00-04:00,51.60499954223633,51.650001525878906,51.380001068115234,51.57149887084961,11539,0.0,0.0
2023-08-29 11:30:00-04:00,51.56019973754883,51.83000183105469,51.540000915527344,51.619998931884766,8153,0.0,0.0
2023-08-29 12:30:00-04:00,51.619998931884766,51.81999969482422,51.5,51.810001373291016,10248,0.0,0.0
2023-08-29 13:30:00-04:00,51.7599983215332,52.09000015258789,51.75,52.029998779296875,16052,0.0,0.0
2023-08-29 14:30:00-04:00,52.029998779296875,52.25,52.029998779296875,52.150001525878906,15867,0.0,0.0
2023-08-29 15:30:00-04:00,52.20500183105469,52.38999938964844,52.15999984741211,52.349998474121094,33045,0.0,0.0
2023-08-30 09:30:00-04:00,52.29999923706055,52.689998626708984,51.974998474121094,52.18000030517578,22612,0.0,0.0
2023-08-30 10:30:00-04:00,52.189998626708984,52.43000030517578,51.9900016784668,52.064998626708984,10873,0.0,0.0
2023-08-30 11:30:00-04:00,52.084999084472656,52.2400016784668,51.93000030517578,52.2400016784668,11650,0.0,0.0
2023-08-30 12:30:00-04:00,52.189998626708984,52.349998474121094,52.0099983215332,52.0099983215332,13470,0.0,0.0
2023-08-30 13:30:00-04:00,52.01959991455078,52.01959991455078,51.79999923706055,51.84000015258789,8509,0.0,0.0
2023-08-30 14:30:00-04:00,51.900001525878906,52.079898834228516,51.880001068115234,52.04499816894531,12594,0.0,0.0
2023-08-30 15:30:00-04:00,52.04499816894531,52.04499816894531,51.86000061035156,51.880001068115234,30306,0.0,0.0
2023-08-31 09:30:00-04:00,51.880001068115234,51.880001068115234,51.54999923706055,51.86000061035156,8510,0.0,0.0
2023-08-31 10:30:00-04:00,51.84000015258789,52.02000045776367,51.709999084472656,52.02000045776367,9512,0.0,0.0
2023-08-31 11:30:00-04:00,51.97999954223633,51.97999954223633,51.689998626708984,51.86000061035156,6589,0.0,0.0
2023-08-31 12:30:00-04:00,51.74140167236328,51.775001525878906,51.439998626708984,51.709999084472656,9974,0.0,0.0
2023-08-31 13:30:00-04:00,51.72999954223633,51.775001525878906,51.630001068115234,51.665000915527344,9763,0.0,0.0
2023-08-31 14:30:00-04:00,51.65999984741211,51.65999984741211,51.48500061035156,51.56999969482422,11173,0.0,0.0
2023-08-31 15:30:00-04:00,51.599998474121094,51.630001068115234,51.290000915527344,51.290000915527344,36151,0.0,0.0
2023-09-01 09:30:00-04:00,51.58000183105469,52.33000183105469,51.58000183105469,52.209999084472656,18687,0.0,0.0
2023-09-01 10:30:00-04:00,52.20000076293945,52.75,52.20000076293945,52.649898529052734,25495,0.0,0.0
2023-09-01 11:30:00-04:00,52.672401428222656,52.672401428222656,51.9900016784668,52.2400016784668,23599,0.0,0.0
2023-09-01 12:30:00-04:00,52.26689910888672,52.33000183105469,51.88999938964844,52.08000183105469,16499,0.0,0.0
2023-09-01 13:30:00-04:00,52.06999969482422,52.119998931884766,51.97999954223633,51.97999954223633,12578,0.0,0.0
2023-09-01 14:30:00-04:00,52.0099983215332,52.349998474121094,52.0,52.29999923706055,16691,0.0,0.0
2023-09-01 15:30:00-04:00,52.29999923706055,52.3025016784668,52.03499984741211,52.04999923706055,34984,0.0,0.0
2023-09-05 09:30:00-04:00,51.689998626708984,52.0099983215332,50.064998626708984,50.27000045776367,43161,0.0,0.0
2023-09-05 10:30:00-04:00,50.19499969482422,50.720001220703125,50.189998626708984,50.54999923706055,16238,0.0,0.0
2023-09-05 11:30:00-04:00,50.470001220703125,50.630001068115234,50.400001525878906,50.630001068115234,9513,0.0,0.0
2023-09-05 12:30:00-04:00,50.709999084472656,50.81999969482422,50.362098693847656,50.43000030517578,20275,0.0,0.0
2023-09-05 13:30:00-04:00,50.45000076293945,50.45000076293945,50.189998626708984,50.25,17356,0.0,0.0
2023-09-05 14:30:00-04:00,50.25,50.290000915527344,50.02000045776367,50.290000915527344,20264,0.0,0.0
2023-09-05 15:30:00-04:00,50.263999938964844,50.34000015258789,50.05500030517578,50.20000076293945,48344,0.0,0.0
2023-09-06 09:30:00-04:00,50.27000045776367,50.78609848022461,50.0,50.279998779296875,24383,0.0,0.0
2023-09-06 10:30:00-04:00,50.275001525878906,50.279998779296875,49.86000061035156,50.08000183105469,19577,0.0,0.0
2023-09-06 11:30:00-04:00,50.08000183105469,50.08000183105469,49.88999938964844,49.88999938964844,9597,0.0,0.0
2023-09-06 12:30:00-04:00,49.91999816894531,50.13999938964844,49.91999816894531,50.095001220703125,10738,0.0,0.0
2023-09-06 13:30:00-04:00,50.099998474121094,50.41999816894531,50.099998474121094,50.22999954223633,18665,0.0,0.0
2023-09-06 14:30:00-04:00,50.2400016784668,50.53499984741211,50.2400016784668,50.51499938964844,24296,0.0,0.0
2023-09-06 15:30:00-04:00,50.47999954223633,50.5718994140625,50.369998931884766,50.400001525878906,41120,0.0,0.0
2023-09-07 09:30:00-04:00,50.599998474121094,50.779998779296875,50.04499816894531,50.26499938964844,23615,0.0,0.0
2023-09-07 10:30:00-04:00,50.150001525878906,50.2599983215332,49.849998474121094,49.9900016784668,17120,0.0,0.0
2023-09-07 11:30:00-04:00,50.040000915527344,50.2599983215332,50.040000915527344,50.2599983215332,9324,0.0,0.0
2023-09-07 12:30:00-04:00,50.22060012817383,50.415000915527344,49.970001220703125,50.38999938964844,13837,0.0,0.0
2023-09-07 13:30:00-04:00,50.2599983215332,50.310001373291016,50.15999984741211,50.275001525878906,9283,0.0,0.0
2023-09-07 14:30:00-04:00,50.275001525878906,50.369998931884766,50.189998626708984,50.369998931884766,10701,0.0,0.0
2023-09-07 15:30:00-04:00,50.36000061035156,50.56999969482422,50.36000061035156,50.5099983215332,33165,0.0,0.0
2023-09-08 09:30:00-04:00,50.439998626708984,50.72999954223633,50.20000076293945,50.62260055541992,12362,0.0,0.0
2023-09-08 10:30:00-04:00,50.560001373291016,50.654998779296875,50.32500076293945,50.35499954223633,11952,0.0,0.0
2023-09-08 11:30:00-04:00,50.36000061035156,50.560001373291016,50.185001373291016,50.439998626708984,11346,0.0,0.0
2023-09-08 12:30:00-04:00,50.5099983215332,50.599998474121094,50.220001220703125,50.275001525878906,9692,0.0,0.0
2023-09-08 13:30:00-04:00,50.310001373291016,50.459999084472656,50.310001373291016,50.38999938964844,9424,0.0,0.0
2023-09-08 14:30:00-04:00,50.400001525878906,50.400001525878906,50.20000076293945,50.290000915527344,12865,0.0,0.0
2023-09-08 15:30:00-04:00,50.27000045776367,50.369998931884766,50.15999984741211,50.369998931884766,25448,0.0,0.0
2023-09-11 09:30:00-04:00,50.45000076293945,50.939998626708984,50.16999816894531,50.42570114135742,18447,0.0,0.0
2023-09-11 10:30:00-04:00,50.369998931884766,50.470001220703125,49.73899841308594,49.773799896240234,13444,0.0,0.0
2023-09-11 11:30:00-04:00,49.849998474121094,50.380001068115234,49.81999969482422,50.189998626708984,13321,0.0,0.0
2023-09-11 12:30:00-04:00,50.150001525878906,50.209999084472656,49.93000030517578,50.209999084472656,13353,0.0,0.0
2023-09-11 13:30:00-04:00,50.209999084472656,50.369998931884766,50.04999923706055,50.130001068115234,8986,0.0,0.0
2023-09-11 14:30:00-04:00,50.064998626708984,50.252498626708984,50.060001373291016,50.220001220703125,17959,0.0,0.0
2023-09-11 15:30:00-04:00,50.17720031738281,50.189998626708984,49.930198669433594,50.02000045776367,39087,0.0,0.0
2023-09-12 09:30:00-04:00,50.060001373291016,50.44499969482422,49.869998931884766,50.060001373291016,9126,0.0,0.0
2023-09-12 10:30:00-04:00,50.11249923706055,50.15999984741211,49.779998779296875,49.79999923706055,10334,0.0,0.0
2023-09-12 11:30:00-04:00,49.849998474121094,50.13999938964844,49.81999969482422,50.11000061035156,11430,0.0,0.0
2023-09-12 12:30:00-04:00,50.060001373291016,50.29999923706055,50.060001373291016,50.16999816894531,9792,0.0,0.0
2023-09-12 13:30:00-04:00,50.119998931884766,50.119998931884766,49.90999984741211,49.95199966430664,7871,0.0,0.0
2023-09-12 14:30:00-04:00,49.92499923706055,49.97999954223633,49.84000015258789,49.91999816894531,18065,0.0,0.0
2023-09-12 15:30:00-04:00,49.92499923706055,49.92499923706055,49.75,49.83000183105469,25153,0.0,0.0
2023-09-13 09:30:00-04:00,49.84000015258789,49.84000015258789,49.15999984741211,49.36000061035156,11094,0.0,0.0
2023-09-13 10:30:00-04:00,49.349998474121094,49.48500061035156,49.130001068115234,49.189998626708984,10468,0.0,0.0
2023-09-13 11:30:00-04:00,49.040000915527344,49.13999938964844,48.79499816894531,48.880001068115234,15542,0.0,0.0
2023-09-13 12:30:00-04:00,48.91999816894531,49.06999969482422,48.72999954223633,48.935001373291016,7791,0.0,0.0
2023-09-13 13:30:00-04:00,48.974998474121094,49.029998779296875,48.81999969482422,48.873600006103516,9688,0.0,0.0
2023-09-13 14:30:00-04:00,48.880001068115234,48.900001525878906,48.5,48.720001220703125,18285,0.0,0.0
2023-09-13 15:30:00-04:00,48.76599884033203,49.060001373291016,48.76599884033203,49.060001373291016,31300,0.0,0.0
2023-09-14 09:30:00-04:00,49.56999969482422,50.09000015258789,49.56999969482422,50.02000045776367,20153,0.0,0.0
2023-09-14 10:30:00-04:00,49.959999084472656,50.61249923706055,49.959999084472656,50.290000915527344,17471,0.0,0.0
2023-09-14 11:30:00-04:00,50.310001373291016,50.564998626708984,50.224998474121094,50.53010177612305,8917,0.0,0.0
2023-09-14 12:30:00-04:00,50.599998474121094,50.637001037597656,50.34000015258789,50.34000015258789,7915,0.0,0.0
2023-09-14 13:30:00-04:00,50.40999984741211,50.560001373291016,50.34000015258789,50.36000061035156,9107,0.0,0.0
2023-09-14 14:30:00-04:00,50.439998626708984,50.59000015258789,50.349998474121094,50.41999816894531,15816,0.0,0.0
2023-09-14 15:30:00-04:00,50.400001525878906,50.41999816894531,50.220001220703125,50.369998931884766,25932,0.0,0.0
2023-09-15 09:30:00-04:00,50.20000076293945,50.34000015258789,49.709999084472656,49.77000045776367,48191,0.0,0.0
2023-09-15 10:30:00-04:00,49.790000915527344,49.904998779296875,49.689998626708984,49.810001373291016,14848,0.0,0.0
2023-09-15 11:30:00-04:00,49.685001373291016,49.779998779296875,49.5099983215332,49.52000045776367,17150,0.0,0.0
2023-09-15 12:30:00-04:00,49.525001525878906,49.7400016784668,49.415000915527344,49.72999954223633,18764,0.0,0.0
2023-09-15 13:30:00-04:00,49.59000015258789,49.95009994506836,49.560001373291016,49.93000030517578,15973,0.0,0.0
2023-09-15 14:30:00-04:00,49.91999816894531,50.27000045776367,49.91999816894531,50.22999954223633,21331,0.0,0.0
2023-09-15 15:30:00-04:00,50.290000915527344,50.54999923706055,50.08000183105469,50.54899978637695,49568,0.0,0.0
2023-09-18 09:30:00-04:00,50.54999923706055,51.18989944458008,50.40999984741211,50.7599983215332,24818,0.0,0.0
2023-09-18 10:30:00-04:00,50.832000732421875,50.94449996948242,50.619998931884766,50.619998931884766,5716,0.0,0.0
2023-09-18 11:30:00-04:00,50.63999938964844,50.84000015258789,50.619998931884766,50.68000030517578,5231,0.0,0.0
2023-09-18 12:30:00-04:00,50.779998779296875,50.779998779296875,50.474998474121094,50.70000076293945,9981,0.0,0.0
2023-09-18 13:30:00-04:00,50.720001220703125,50.839900970458984,50.630001068115234,50.790000915527344,8814,0.0,0.0
2023-09-18 14:30:00-04:00,50.79999923706055,50.9900016784668,50.77000045776367,50.81999969482422,22008,0.0,0.0
2023-09-18 15:30:00-04:00,50.83000183105469,50.900001525878906,50.58000183105469,50.58000183105469,27750,0.0,0.0
2023-09-19 09:30:00-04:00,50.779998779296875,50.779998779296875,50.310001373291016,50.310001373291016,7256,0.0,0.0
2023-09-19 10:30:00-04:00,50.380001068115234,50.849998474121094,50.310001373291016,50.72999954223633,9593,0.0,0.0
2023-09-19 11:30:00-04:00,50.65999984741211,50.959999084472656,50.56999969482422,50.790000915527344,7405,0.0,0.0
2023-09-19 12:30:00-04:00,50.72999954223633,51.06999969482422,50.72999954223633,51.029998779296875,16765,0.0,0.0
2023-09-19 13:30:00-04:00,51.060001373291016,51.209999084472656,51.04999923706055,51.20000076293945,12527,0.0,0.0
2023-09-19 14:30:00-04:00,51.220001220703125,51.41999816894531,51.185001373291016,51.275001525878906,14977,0.0,0.0
2023-09-19 15:30:00-04:00,51.27000045776367,51.310001373291016,50.93000030517578,50.9900016784668,49748,0.0,0.0
2023-09-20 09:30:00-04:00,51.2400016784668,51.66999816894531,51.18899917602539,51.34000015258789,14472,0.0,0.0
2023-09-20 10:30:00-04:00,51.334999084472656,51.334999084472656,50.9900016784668,51.22999954223633,10673,0.0,0.0
2023-09-20 11:30:00-04:00,51.22999954223633,51.310001373291016,51.08000183105469,51.310001373291016,10175,0.0,0.0
2023-09-20 12:30:00-04:00,51.29999923706055,51.52199935913086,51.279998779296875,51.399898529052734,12084,0.0,0.0
2023-09-20 13:30:00-04:00,51.22529983520508,51.5099983215332,51.150001525878906,51.470001220703125,13481,0.0,0.0
2023-09-20 14:30:00-04:00,51.459999084472656,51.68000030517578,51.25,51.31999969482422,26100,0.0,0.0
2023-09-20 15:30:00-04:00,51.25,51.290000915527344,51.130001068115234,51.130001068115234,27346,0.0,0.0
2023-09-21 09:30:00-04:00,51.11000061035156,51.630001068115234,50.81999969482422,51.43000030517578,16909,0.0,0.0
2023-09-21 10:30:00-04:00,51.435001373291016,51.650001525878906,51.400001525878906,51.54499816894531,11934,0.0,0.0
2023-09-21 11:30:00-04:00,51.560001373291016,51.90999984741211,51.560001373291016,51.630001068115234,17319,0.0,0.0
2023-09-21 12:30:00-04:00,51.619998931884766,51.97999954223633,51.560001373291016,51.849998474121094,10119,0.0,0.0
2023-09-21 13:30:00-04:00,51.84000015258789,52.11989974975586,51.7599983215332,51.95000076293945,13884,0.0,0.0
2023-09-21 14:30:00-04:00,51.900001525878906,52.0099983215332,51.849998474121094,51.880001068115234,18433,0.0,0.0
2023-09-21 15:30:00-04:00,51.88600158691406,52.099998474121094,51.88600158691406,52.02000045776367,36403,0.0,0.0
2023-09-22 09:30:00-04:00,52.04999923706055,52.529998779296875,51.7400016784668,51.900001525878906,16469,0.0,0.0
2023-09-22 10:30:00-04:00,51.8650016784668,52.0,51.27009963989258,51.27009963989258,19277,0.0,0.0
2023-09-22 11:30:00-04:00,51.369998931884766,51.619998931884766,51.279998779296875,51.53499984741211,19356,0.0,0.0
2023-09-22 12:30:00-04:00,51.65999984741211,51.77000045776367,51.630001068115234,51.75,9732,0.0,0.0
2023-09-22 13:30:00-04:00,51.7400016784668,51.880001068115234,51.560001373291016,51.65999984741211,15540,0.0,0.0
2023-09-22 14:30:00-04:00,51.709999084472656,51.95249938964844,51.4900016784668,51.81999969482422,16560,0.0,0.0
2023-09-22 15:30:00-04:00,51.82500076293945,51.83000183105469,51.290000915527344,51.290000915527344,29664,0.0,0.0
2023-09-25 09:30:00-04:00,51.349998474121094,51.474998474121094,50.966800689697266,51.27330017089844,17214,0.0,0.0
2023-09-25 10:30:00-04:00,51.26499938964844,51.66680145263672,51.25,51.66680145263672,8956,0.0,0.0
2023-09-25 11:30:00-04:00,51.71500015258789,51.849998474121094,51.66999816894531,51.71269989013672,9740,0.0,0.0
2023-09-25 12:30:00-04:00,51.75,51.779998779296875,51.630001068115234,51.709999084472656,7704,0.0,0.0
2023-09-25 13:30:00-04:00,51.59000015258789,51.63999938964844,51.540000915527344,51.540000915527344,18290,0.0,0.0
2023-09-25 14:30:00-04:00,51.579898834228516,51.579898834228516,51.20500183105469,51.459999084472656,28588,0.0,0.0
2023-09-25 15:30:00-04:00,51.53499984741211,51.53499984741211,51.09000015258789,51.20000076293945,64752,0.0,0.0
2023-09-26 09:30:00-04:00,51.0,51.23500061035156,50.41999816894531,50.630001068115234,12527,0.0,0.0
2023-09-26 10:30:00-04:00,50.619998931884766,50.849998474121094,50.61000061035156,50.65999984741211,9706,0.0,0.0
2023-09-26 11:30:00-04:00,50.689998626708984,50.749900817871094,50.54999923706055,50.69499969482422,5877,0.0,0.0
2023-09-26 12:30:00-04:00,50.744998931884766,50.845001220703125,50.685001373291016,50.685001373291016,9101,0.0,0.0
2023-09-26 13:30:00-04:00,50.689998626708984,50.7599983215332,50.400001525878906,50.650001525878906,12256,0.0,0.0
2023-09-26 14:30:00-04:00,50.63999938964844,50.790000915527344,50.5099983215332,50.790000915527344,17207,0.0,0.0
2023-09-26 15:30:00-04:00,50.834999084472656,50.88999938964844,50.56999969482422,50.709999084472656,35749,0.0,0.0
2023-09-27 09:30:00-04:00,50.970001220703125,52.130001068115234,50.970001220703125,51.939998626708984,19246,0.0,0.0
2023-09-27 10:30:00-04:00,51.869998931884766,52.04800033569336,51.64500045776367,51.83000183105469,9121,0.0,0.0
2023-09-27 11:30:00-04:00,51.775001525878906,51.849998474121094,51.5099983215332,51.540000915527344,7341,0.0,0.0
2023-09-27 12:30:00-04:00,51.58000183105469,51.66999816894531,51.439998626708984,51.439998626708984,6470,0.0,0.0
2023-09-27 13:30:00-04:00,51.29999923706055,51.70000076293945,51.290000915527344,51.70000076293945,9271,0.0,0.0
2023-09-27 14:30:00-04:00,51.810001373291016,52.17300033569336,51.75,52.11000061035156,15915,0.0,0.0
2023-09-27 15:30:00-04:00,52.11000061035156,52.119998931884766,51.90999984741211,51.97999954223633,20061,0.0,0.0
2023-09-28 09:30:00-04:00,52.130001068115234,52.900001525878906,52.130001068115234,52.54999923706055,22856,0.0,0.0
2023-09-28 10:30:00-04:00,52.41999816894531,52.6349983215332,52.310001373291016,52.58000183105469,5981,0.0,0.0
2023-09-28 11:30:00-04:00,52.650001525878906,52.88999938964844,52.650001525878906,52.724998474121094,6587,0.0,0.0
2023-09-28 12:30:00-04:00,52.64500045776367,52.68000030517578,52.34000015258789,52.34000015258789,7321,0.0,0.0
2023-09-28 13:30:00-04:00,52.310001373291016,52.63999938964844,52.290000915527344,52.52000045776367,9739,0.0,0.0
2023-09-28 14:30:00-04:00,52.4900016784668,52.52000045776367,52.26599884033203,52.28499984741211,16538,0.0,0.0
2023-09-28 15:30:00-04:00,52.310001373291016,52.57500076293945,52.2599983215332,52.459999084472656,34183,0.0,0.0
2023-09-29 09:30:00-04:00,52.5,52.5,51.56520080566406,51.650001525878906,13269,0.0,0.0
2023-09-29 10:30:00-04:00,51.599998474121094,51.755001068115234,51.408599853515625,51.6150016784668,7827,0.0,0.0
2023-09-29 11:30:00-04:00,51.59000015258789,51.65999984741211,51.349998474121094,51.4900016784668,9712,0.0,0.0
2023-09-29 12:30:00-04:00,51.540000915527344,51.540000915527344,50.70000076293945,50.790000915527344,15024,0.0,0.0
2023-09-29 13:30:00-04:00,50.810001373291016,51.224998474121094,50.779998779296875,51.224998474121094,11993,0.0,0.0
2023-09-29 14:30:00-04:00,51.16999816894531,51.56999969482422,51.150001525878906,51.540000915527344,14166,0.0,0.0
2023-09-29 15:30:00-04:00,51.5099983215332,51.599998474121094,51.41999816894531,51.5099983215332,30226,0.0,0.0
2023-10-02 09:30:00-04:00,51.58000183105469,51.58000183105469,49.65999984741211,50.75,55234,0.0,0.0
2023-10-02 10:30:00-04:00,50.86000061035156,51.13999938964844,50.619998931884766,50.70000076293945,16411,0.0,0.0
2023-10-02 11:30:00-04:00,50.69599914550781,50.779998779296875,50.130001068115234,50.279998779296875,31247,0.0,0.0
2023-10-02 12:30:00-04:00,50.29499816894531,50.470001220703125,49.72999954223633,50.470001220703125,29574,0.0,0.0
2023-10-02 13:30:00-04:00,50.44499969482422,50.52000045776367,50.119998931884766,50.279998779296875,28582,0.0,0.0
2023-10-02 14:30:00-04:00,50.18000030517578,50.529998779296875,50.029998779296875,50.31999969482422,25862,0.0,0.0
2023-10-02 15:30:00-04:00,50.29999923706055,50.709999084472656,50.2400016784668,50.709999084472656,37298,0.0,0.0
2023-10-03 09:30:00-04:00,50.439998626708984,50.95989990234375,50.10540008544922,50.10540008544922,12173,0.0,0.0
2023-10-03 10:30:00-04:00,50.029998779296875,50.21500015258789,49.810001373291016,49.974998474121094,12719,0.0,0.0
2023-10-03 11:30:00-04:00,50.150001525878906,50.380001068115234,50.0099983215332,50.380001068115234,7421,0.0,0.0
2023-10-03 12:30:00-04:00,50.40999984741211,50.5099983215332,50.13999938964844,50.380001068115234,18742,0.0,0.0
2023-10-03 13:30:00-04:00,50.29010009765625,50.380001068115234,50.060001373291016,50.209999084472656,12206,0.0,0.0
2023-10-03 14:30:00-04:00,50.15999984741211,50.209999084472656,49.90999984741211,50.08000183105469,20553,0.0,0.0
2023-10-03 15:30:00-04:00,50.11000061035156,50.150001525878906,49.81999969482422,49.95000076293945,36469,0.0,0.0
2023-10-04 09:30:00-04:00,49.880001068115234,50.04999923706055,49.119998931884766,49.17679977416992,17265,0.0,0.0
2023-10-04 10:30:00-04:00,49.11000061035156,49.849998474121094,49.040000915527344,49.779998779296875,27034,0.0,0.0
2023-10-04 11:30:00-04:00,50.0,50.61000061035156,50.0,50.61000061035156,14667,0.0,0.0
2023-10-04 12:30:00-04:00,50.59000015258789,50.66999816894531,50.439998626708984,50.63999938964844,12687,0.0,0.0
2023-10-04 13:30:00-04:00,50.584999084472656,50.720001220703125,50.279998779296875,50.314998626708984,14477,0.0,0.0
2023-10-04 14:30:00-04:00,50.34000015258789,50.5,50.16999816894531,50.255001068115234,31594,0.0,0.0
2023-10-04 15:30:00-04:00,50.23500061035156,50.59000015258789,50.23500061035156,50.52000045776367,36647,0.0,0.0
2023-10-05 09:30:00-04:00,50.33000183105469,50.68000030517578,49.70000076293945,50.63999938964844,12447,0.0,0.0
2023-10-05 10:30:00-04:00,50.630001068115234,50.630001068115234,50.209999084472656,50.310001373291016,6415,0.0,0.0
2023-10-05 11:30:00-04:00,50.20500183105469,50.36869812011719,50.07500076293945,50.16999816894531,4966,0.0,0.0
2023-10-05 12:30:00-04:00,49.9900016784668,50.04999923706055,49.88999938964844,49.96500015258789,3798,0.0,0.0
2023-10-05 13:30:00-04:00,50.029998779296875,50.52000045776367,50.029998779296875,50.29999923706055,11636,0.0,0.0
2023-10-05 14:30:00-04:00,50.314998626708984,50.40999984741211,50.189998626708984,50.19499969482422,11376,0.0,0.0
2023-10-05 15:30:00-04:00,50.18000030517578,50.459999084472656,50.11000061035156,50.11000061035156,25895,0.0,0.0
2023-10-06 09:30:00-04:00,49.90999984741211,50.290000915527344,49.279998779296875,49.3849983215332,7290,0.0,0.0
2023-10-06 10:30:00-04:00,49.380001068115234,49.5,49.2599983215332,49.38010025024414,10164,0.0,0.0
2023-10-06 11:30:00-04:00,49.72549819946289,50.31999969482422,49.72549819946289,49.90999984741211,9134,0.0,0.0
2023-10-06 12:30:00-04:00,49.86000061035156,49.869998931884766,49.66999816894531,49.755001068115234,7002,0.0,0.0
2023-10-06 13:30:00-04:00,49.869998931884766,50.21500015258789,49.869998931884766,50.21500015258789,11346,0.0,0.0
2023-10-06 14:30:00-04:00,50.220001220703125,50.220001220703125,49.80500030517578,49.95000076293945,11119,0.0,0.0
2023-10-06 15:30:00-04:00,49.9900016784668,50.06480026245117,49.72999954223633,49.83000183105469,23799,0.0,0.0
2023-10-09 09:30:00-04:00,49.869998931884766,51.13999938964844,49.869998931884766,51.130001068115234,20534,0.0,0.0
2023-10-09 10:30:00-04:00,51.18000030517578,51.56999969482422,51.04800033569336,51.540000915527344,12429,0.0,0.0
2023-10-09 11:30:00-04:00,51.540000915527344,51.650001525878906,51.260101318359375,51.400001525878906,5897,0.0,0.0
2023-10-09 12:30:00-04:00,51.32500076293945,51.32500076293945,51.095001220703125,51.25,3694,0.0,0.0
2023-10-09 13:30:00-04:00,51.25,51.7598991394043,51.23500061035156,51.7588996887207,9581,0.0,0.0
2023-10-09 14:30:00-04:00,51.70000076293945,51.70000076293945,51.400001525878906,51.494998931884766,12695,0.0,0.0
2023-10-09 15:30:00-04:00,51.470001220703125,51.618900299072266,51.290000915527344,51.43000030517578,20209,0.0,0.0
2023-10-10 09:30:00-04:00,51.650001525878906,52.27000045776367,51.650001525878906,51.9900016784668,12832,0.0,0.0
2023-10-10 10:30:00-04:00,51.97999954223633,52.0099983215332,51.63999938964844,51.76499938964844,12412,0.0,0.0
2023-10-10 11:30:00-04:00,51.849998474121094,52.02000045776367,51.810001373291016,52.0,5322,0.0,0.0
2023-10-10 12:30:00-04:00,52.025001525878906,52.099998474121094,51.79010009765625,51.810001373291016,12028,0.0,0.0
2023-10-10 13:30:00-04:00,51.880001068115234,52.22999954223633,51.834999084472656,52.220001220703125,9461,0.0,0.0
2023-10-10 14:30:00-04:00,52.220001220703125,52.279998779296875,51.849998474121094,51.849998474121094,11633,0.0,0.0
2023-10-10 15:30:00-04:00,51.90999984741211,52.0099983215332,51.709999084472656,51.77000045776367,21856,0.0,0.0
2023-10-11 09:30:00-04:00,51.93000030517578,51.93000030517578,51.5099983215332,51.5099983215332,11583,0.0,0.0
2023-10-11 10:30:00-04:00,51.529998779296875,51.54999923706055,51.470001220703125,51.5099983215332,3857,0.0,0.0
2023-10-11 11:30:00-04:00,51.53799819946289,51.779998779296875,51.40010070800781,51.44499969482422,4980,0.0,0.0
2023-10-11 12:30:00-04:00,51.540000915527344,51.54499816894531,51.400001525878906,51.40999984741211,2473,0.0,0.0
2023-10-11 13:30:00-04:00,51.45000076293945,51.57500076293945,51.36000061035156,51.57500076293945,7958,0.0,0.0
2023-10-11 14:30:00-04:00,51.560001373291016,51.560001373291016,51.349998474121094,51.494998931884766,7020,0.0,0.0
2023-10-11 15:30:00-04:00,51.48249816894531,51.88999938964844,51.470001220703125,51.810001373291016,20956,0.0,0.0
2023-10-12 09:30:00-04:00,51.900001525878906,51.900001525878906,51.0,51.34000015258789,8544,0.0,0.0
2023-10-12 10:30:00-04:00,51.060001373291016,51.09299850463867,50.650001525878906,50.79999923706055,7865,0.0,0.0
2023-10-12 11:30:00-04:00,50.560001373291016,50.81999969482422,50.310001373291016,50.81999969482422,10123,0.0,0.0
2023-10-12 12:30:00-04:00,50.79999923706055,50.84000015258789,50.369998931884766,50.369998931884766,5071,0.0,0.0
2023-10-12 13:30:00-04:00,50.209999084472656,50.290000915527344,49.95000076293945,50.17499923706055,10146,0.0,0.0
2023-10-12 14:30:00-04:00,50.2400016784668,50.439998626708984,50.10499954223633,50.43000030517578,12705,0.0,0.0
2023-10-12 15:30:00-04:00,50.50429916381836,50.869998931884766,50.5,50.67499923706055,22266,0.0,0.0
2023-10-13 09:30:00-04:00,51.02000045776367,51.029998779296875,50.560001373291016,50.64440155029297,5667,0.0,0.0
2023-10-13 10:30:00-04:00,50.70000076293945,50.749000549316406,50.459999084472656,50.560001373291016,5979,0.0,0.0
2023-10-13 11:30:00-04:00,50.43000030517578,50.459999084472656,50.189998626708984,50.45000076293945,7642,0.0,0.0
2023-10-13 12:30:00-04:00,50.41999816894531,50.6349983215332,50.2599983215332,50.27000045776367,6557,0.0,0.0
2023-10-13 13:30:00-04:00,50.209999084472656,50.4911994934082,50.16999816894531,50.45000076293945,4818,0.0,0.0
2023-10-13 14:30:00-04:00,50.43000030517578,50.554298400878906,50.22999954223633,50.494998931884766,8415,0.0,0.0
2023-10-13 15:30:00-04:00,50.47999954223633,50.560001373291016,50.40999984741211,50.5099983215332,21068,0.0,0.0
2023-10-16 09:30:00-04:00,50.9900016784668,51.439998626708984,50.9900016784668,51.30500030517578,6875,0.0,0.0
2023-10-16 10:30:00-04:00,51.439998626708984,51.869998931884766,51.38999938964844,51.584999084472656,6178,0.0,0.0
2023-10-16 11:30:00-04:00,51.45000076293945,51.619998931884766,51.29999923706055,51.337501525878906,5287,0.0,0.0
2023-10-16 12:30:00-04:00,51.380001068115234,51.499900817871094,51.099998474121094,51.35499954223633,9866,0.0,0.0
2023-10-16 13:30:00-04:00,51.220001220703125,51.369998931884766,51.16999816894531,51.290000915527344,5723,0.0,0.0
2023-10-16 14:30:00-04:00,51.29999923706055,51.63999938964844,51.25,51.36000061035156,15118,0.0,0.0
2023-10-16 15:30:00-04:00,51.35499954223633,51.51499938964844,51.33000183105469,51.45000076293945,16034,0.0,0.0
2023-10-17 09:30:00-04:00,51.47999954223633,52.36000061035156,51.47999954223633,52.18000030517578,18039,0.0,0.0
2023-10-17 10:30:00-04:00,52.16999816894531,52.7400016784668,52.16999816894531,52.709999084472656,7784,0.0,0.0
2023-10-17 11:30:00-04:00,52.77000045776367,53.08000183105469,52.70500183105469,53.040000915527344,10702,0.0,0.0
2023-10-17 12:30:00-04:00,52.970001220703125,52.970001220703125,52.7400016784668,52.7400016784668,11155,0.0,0.0
2023-10-17 13:30:00-04:00,52.689998626708984,52.76499938964844,52.54999923706055,52.68000030517578,12274,0.0,0.0
2023-10-17 14:30:00-04:00,52.68000030517578,52.81999969482422,52.581600189208984,52.7400016784668,34637,0.0,0.0
2023-10-17 15:30:00-04:00,52.70500183105469,52.75,52.38999938964844,52.45000076293945,25937,0.0,0.0
2023-10-18 09:30:00-04:00,52.25,52.63990020751953,52.01250076293945,52.400001525878906,11393,0.0,0.0
2023-10-18 10:30:00-04:00,52.5,52.5,52.20000076293945,52.41999816894531,11599,0.0,0.0
2023-10-18 11:30:00-04:00,52.400001525878906,52.5,52.26959991455078,52.26959991455078,5944,0.0,0.0
2023-10-18 12:30:00-04:00,52.400001525878906,52.564998626708984,52.400001525878906,52.564998626708984,3654,0.0,0.0
2023-10-18 13:30:00-04:00,52.4900016784668,52.54999923706055,52.27000045776367,52.27000045776367,12306,0.0,0.0
2023-10-18 14:30:00-04:00,52.27000045776367,52.380001068115234,52.05799865722656,52.2400016784668,8717,0.0,0.0
2023-10-18 15:30:00-04:00,52.29999923706055,52.349998474121094,52.0525016784668,52.18000030517578,25424,0.0,0.0
2023-10-19 09:30:00-04:00,52.18000030517578,52.5,51.81999969482422,51.83000183105469,13883,0.0,0.0
2023-10-19 10:30:00-04:00,51.84000015258789,52.029998779296875,51.529998779296875,52.029998779296875,12318,0.0,0.0
2023-10-19 11:30:00-04:00,51.97840118408203,52.36000061035156,51.849998474121094,52.20000076293945,14961,0.0,0.0
2023-10-19 12:30:00-04:00,52.150001525878906,52.290000915527344,51.88999938964844,52.1775016784668,22868,0.0,0.0
2023-10-19 13:30:00-04:00,52.0099983215332,52.0099983215332,51.650001525878906,51.959999084472656,11079,0.0,0.0
2023-10-19 14:30:00-04:00,51.86000061035156,51.875,51.40999984741211,51.40999984741211,25962,0.0,0.0
2023-10-19 15:30:00-04:00,51.560001373291016,51.61000061035156,51.369998931884766,51.52000045776367,36103,0.0,0.0
2023-10-20 09:30:00-04:00,51.31999969482422,51.31999969482422,49.47999954223633,49.82400131225586,50717,0.0,0.0
2023-10-20 10:30:00-04:00,49.622798919677734,50.49660110473633,49.622798919677734,50.099998474121094,13399,0.0,0.0
2023-10-20 11:30:00-04:00,49.97999954223633,50.38999938964844,49.90999984741211,49.98099899291992,10211,0.0,0.0
2023-10-20 12:30:00-04:00,50.06999969482422,50.119998931884766,49.790000915527344,49.92660140991211,15704,0.0,0.0
2023-10-20 13:30:00-04:00,49.86000061035156,49.89799880981445,49.54999923706055,49.599998474121094,20226,0.0,0.0
2023-10-20 14:30:00-04:00,49.564998626708984,49.7599983215332,49.349998474121094,49.349998474121094,15278,0.0,0.0
2023-10-20 15:30:00-04:00,49.47999954223633,49.540000915527344,49.18000030517578,49.27000045776367,34896,0.0,0.0
2023-10-23 09:30:00-04:00,49.09000015258789,49.40999984741211,48.560001373291016,49.189998626708984,26556,0.0,0.0
2023-10-23 10:30:00-04:00,49.08000183105469,49.43000030517578,48.90999984741211,49.27000045776367,8605,0.0,0.0
2023-10-23 11:30:00-04:00,49.290000915527344,49.5099983215332,49.16999816894531,49.5099983215332,9193,0.0,0.0
2023-10-23 12:30:00-04:00,49.45000076293945,49.689998626708984,49.04999923706055,49.06999969482422,29961,0.0,0.0
2023-10-23 13:30:00-04:00,49.029998779296875,49.2599983215332,48.869998931884766,49.07500076293945,21059,0.0,0.0
2023-10-23 14:30:00-04:00,49.099998474121094,49.31999969482422,48.709999084472656,48.79999923706055,20864,0.0,0.0
2023-10-23 15:30:00-04:00,48.790000915527344,48.959999084472656,48.75,48.810001373291016,34827,0.0,0.0
2023-10-24 09:30:00-04:00,48.790000915527344,49.119998931884766,48.540000915527344,48.70000076293945,12865,0.0,0.0
2023-10-24 10:30:00-04:00,48.70500183105469,48.7599983215332,48.5,48.599998474121094,13153,0.0,0.0
2023-10-24 11:30:00-04:00,48.5,48.6505012512207,48.2599983215332,48.35449981689453,13451,0.0,0.0
2023-10-24 12:30:00-04:00,48.36000061035156,48.459999084472656,48.27009963989258,48.43000030517578,7987,0.0,0.0
2023-10-24 13:30:00-04:00,48.459999084472656,48.88999938964844,48.439998626708984,48.85449981689453,37631,0.0,0.0
2023-10-24 14:30:00-04:00,48.84000015258789,48.93000030517578,48.689998626708984,48.84000015258789,20294,0.0,0.0
2023-10-24 15:30:00-04:00,48.79999923706055,49.20000076293945,48.779998779296875,49.060001373291016,60913,0.0,0.0
2023-10-25 09:30:00-04:00,48.75,48.85499954223633,48.47999954223633,48.689998626708984,10548,0.0,0.0
2023-10-25 10:30:00-04:00,48.66999816894531,48.93000030517578,48.650001525878906,48.7400016784668,10053,0.0,0.0
2023-10-25 11:30:00-04:00,48.560001373291016,49.060001373291016,48.540000915527344,48.95000076293945,19247,0.0,0.0
2023-10-25 12:30:00-04:00,49.09000015258789,49.189998626708984,48.64720153808594,48.86000061035156,9280,0.0,0.0
2023-10-25 13:30:00-04:00,48.83000183105469,49.040000915527344,48.64500045776367,48.88999938964844,10416,0.0,0.0
2023-10-25 14:30:00-04:00,48.9900016784668,49.130001068115234,48.869998931884766,49.130001068115234,15608,0.0,0.0
2023-10-25 15:30:00-04:00,49.119998931884766,49.349998474121094,49.040000915527344,49.189998626708984,39454,0.0,0.0
2023-10-26 09:30:00-04:00,49.45000076293945,50.06999969482422,49.31999969482422,49.959999084472656,25487,0.0,0.0
2023-10-26 10:30:00-04:00,49.90999984741211,50.04999923706055,49.689998626708984,49.71500015258789,7302,0.0,0.0
2023-10-26 11:30:00-04:00,49.88999938964844,49.88999938964844,49.43000030517578,49.43000030517578,5167,0.0,0.0
2023-10-26 12:30:00-04:00,49.42499923706055,49.48509979248047,49.22999954223633,49.22999954223633,5585,0.0,0.0
2023-10-26 13:30:00-04:00,49.22999954223633,49.5,49.05500030517578,49.5,10198,0.0,0.0
2023-10-26 14:30:00-04:00,49.51499938964844,49.869998931884766,49.45000076293945,49.45000076293945,13147,0.0,0.0
2023-10-26 15:30:00-04:00,49.54499816894531,49.599998474121094,49.349998474121094,49.43000030517578,21631,0.0,0.0
2023-10-27 09:30:00-04:00,49.34000015258789,49.400001525878906,48.70000076293945,49.20669937133789,12249,0.0,0.0
2023-10-27 10:30:00-04:00,49.25,49.5,49.20009994506836,49.42850112915039,3713,0.0,0.0
2023-10-27 11:30:00-04:00,49.29999923706055,49.529998779296875,49.255001068115234,49.334999084472656,6609,0.0,0.0
2023-10-27 12:30:00-04:00,49.279998779296875,49.279998779296875,48.95000076293945,48.95000076293945,5679,0.0,0.0
2023-10-27 13:30:00-04:00,48.95000076293945,49.2400016784668,48.95000076293945,49.2400016784668,7822,0.0,0.0
2023-10-27 14:30:00-04:00,49.244998931884766,49.34000015258789,49.22999954223633,49.27000045776367,6941,0.0,0.0
2023-10-27 15:30:00-04:00,49.31999969482422,49.369998931884766,49.095001220703125,49.369998931884766,22660,0.0,0.0
2023-10-30 09:30:00-04:00,49.790000915527344,50.02000045776367,49.19499969482422,49.56999969482422,17130,0.0,0.0
2023-10-30 10:30:00-04:00,49.31999969482422,49.849998474121094,49.31999969482422,49.70750045776367,4071,0.0,0.0
2023-10-30 11:30:00-04:00,49.79999923706055,49.95000076293945,49.75,49.790000915527344,5090,0.0,0.0
2023-10-30 12:30:00-04:00,49.77000045776367,49.81999969482422,49.63999938964844,49.81999969482422,6651,0.0,0.0
2023-10-30 13:30:00-04:00,49.95000076293945,50.0099983215332,49.720001220703125,49.83000183105469,16432,0.0,0.0
2023-10-30 14:30:00-04:00,49.81999969482422,50.0,49.70000076293945,49.7400016784668,31866,0.0,0.0
2023-10-30 15:30:00-04:00,49.744998931884766,49.814998626708984,49.58000183105469,49.61000061035156,18128,0.0,0.0
2023-10-31 09:30:00-04:00,49.7400016784668,49.83509826660156,49.52000045776367,49.70000076293945,18611,0.0,0.0
2023-10-31 10:30:00-04:00,49.630001068115234,49.88999938964844,49.505001068115234,49.81999969482422,9330,0.0,0.0
2023-10-31 11:30:00-04:00,49.900001525878906,49.92620086669922,49.685001373291016,49.78499984741211,10149,0.0,0.0
2023-10-31 12:30:00-04:00,49.782501220703125,50.06999969482422,49.782501220703125,49.970001220703125,7133,0.0,0.0
2023-10-31 13:30:00-04:00,49.95500183105469,50.060001373291016,49.86000061035156,50.02000045776367,5484,0.0,0.0
2023-10-31 14:30:00-04:00,50.025001525878906,50.16999816894531,49.939998626708984,50.16999816894531,11703,0.0,0.0
2023-10-31 15:30:00-04:00,50.14500045776367,50.29999923706055,50.050899505615234,50.06999969482422,16607,0.0,0.0
2023-11-01 09:30:00-04:00,50.0,50.290000915527344,49.540000915527344,50.209999084472656,8553,0.0,0.0
2023-11-01 10:30:00-04:00,50.41999816894531,50.459999084472656,50.279998779296875,50.40999984741211,4736,0.0,0.0
2023-11-01 11:30:00-04:00,50.310001373291016,50.519901275634766,50.310001373291016,50.349998474121094,7754,0.0,0.0
2023-11-01 12:30:00-04:00,50.349998474121094,50.349998474121094,50.06999969482422,50.119998931884766,10535,0.0,0.0
2023-11-01 13:30:00-04:00,50.21500015258789,50.4900016784668,50.1968994140625,50.47999954223633,8127,0.0,0.0
2023-11-01 14:30:00-04:00,50.47999954223633,50.899898529052734,50.15999984741211,50.899898529052734,23153,0.0,0.0
2023-11-01 15:30:00-04:00,50.790000915527344,50.88999938964844,50.720001220703125,50.77000045776367,20339,0.0,0.0
2023-11-02 09:30:00-04:00,51.25,51.5,50.95009994506836,51.439998626708984,16776,0.0,0.0
2023-11-02 10:30:00-04:00,51.45000076293945,51.71500015258789,51.43000030517578,51.56999969482422,7145,0.0,0.0
2023-11-02 11:30:00-04:00,51.540000915527344,51.689998626708984,51.51750183105469,51.669898986816406,11509,0.0,0.0
2023-11-02 12:30:00-04:00,51.630001068115234,52.060001373291016,51.630001068115234,52.0099983215332,13894,0.0,0.0
2023-11-02 13:30:00-04:00,52.02000045776367,52.130001068115234,51.95000076293945,51.97999954223633,9249,0.0,0.0
2023-11-02 14:30:00-04:00,51.959999084472656,52.150001525878906,51.95000076293945,52.06999969482422,14067,0.0,0.0
2023-11-02 15:30:00-04:00,52.13999938964844,52.220001220703125,51.91999816894531,52.0099983215332,29321,0.0,0.0
2023-11-03 09:30:00-04:00,52.59000015258789,53.20000076293945,52.310001373291016,52.959999084472656,40621,0.0,0.0
2023-11-03 10:30:00-04:00,52.90999984741211,52.970001220703125,52.709999084472656,52.814998626708984,18869,0.0,0.0
2023-11-03 11:30:00-04:00,52.7400016784668,53.20000076293945,52.5,52.900001525878906,17063,0.0,0.0
2023-11-03 12:30:00-04:00,52.959999084472656,53.119998931884766,52.93000030517578,52.970001220703125,10896,0.0,0.0
2023-11-03 13:30:00-04:00,52.95750045776367,53.14500045776367,52.93000030517578,53.09000015258789,14762,0.0,0.0
2023-11-03 14:30:00-04:00,53.08369827270508,53.290000915527344,52.97999954223633,52.985599517822266,20176,0.0,0.0
2023-11-03 15:30:00-04:00,52.880001068115234,53.01499938964844,52.71699905395508,52.84000015258789,42898,0.0,0.0
2023-11-06 09:30:00-05:00,52.709999084472656,52.90999984741211,52.54999923706055,52.8650016784668,14926,0.0,0.0
2023-11-06 10:30:00-05:00,52.84000015258789,53.2599983215332,52.84000015258789,53.150001525878906,20280,0.0,0.0
2023-11-06 11:30:00-05:00,53.150001525878906,53.36000061035156,53.099998474121094,53.279998779296875,11334,0.0,0.0
2023-11-06 12:30:00-05:00,53.30500030517578,53.30500030517578,52.939998626708984,53.08000183105469,12523,0.0,0.0
2023-11-06 13:30:00-05:00,53.09000015258789,53.25,53.06999969482422,53.16999816894531,18267,0.0,0.0
2023-11-06 14:30:00-05:00,53.16999816894531,53.31999969482422,53.13999938964844,53.2307014465332,19456,0.0,0.0
2023-11-06 15:30:00-05:00,53.2599983215332,53.47999954223633,53.17599868774414,53.47999954223633,33777,0.0,0.0
2023-11-07 09:30:00-05:00,53.220001220703125,53.220001220703125,52.75,52.810001373291016,9769,0.0,0.0
2023-11-07 10:30:00-05:00,52.58000183105469,52.970001220703125,52.400001525878906,52.834999084472656,19953,0.0,0.0
2023-11-07 11:30:00-05:00,52.849998474121094,53.11989974975586,52.77000045776367,53.02000045776367,7918,0.0,0.0
2023-11-07 12:30:00-05:00,52.97999954223633,52.97999954223633,52.349998474121094,52.584999084472656,19099,0.0,0.0
2023-11-07 13:30:00-05:00,52.52000045776367,52.57500076293945,52.14099884033203,52.23210144042969,12034,0.0,0.0
2023-11-07 14:30:00-05:00,52.22999954223633,52.349998474121094,51.970001220703125,52.04010009765625,23500,0.0,0.0
2023-11-07 15:30:00-05:00,52.04069900512695,52.278900146484375,51.93000030517578,52.02000045776367,53712,0.0,0.0
2023-11-08 09:30:00-05:00,50.0099983215332,50.0099983215332,45.20000076293945,45.209999084472656,81990,0.0,0.0
2023-11-08 10:30:00-05:00,45.20009994506836,46.709999084472656,45.06999969482422,45.779998779296875,30984,0.0,0.0
2023-11-08 11:30:00-05:00,46.099998474121094,46.404998779296875,45.63999938964844,45.7400016784668,22448,0.0,0.0
2023-11-08 12:30:00-05:00,45.630001068115234,45.63990020751953,45.11000061035156,45.56999969482422,18030,0.0,0.0
2023-11-08 13:30:00-05:00,45.56999969482422,45.834800720214844,45.5099983215332,45.53499984741211,22921,0.0,0.0
2023-11-08 14:30:00-05:00,45.505001068115234,45.86000061035156,45.099998474121094,45.849998474121094,44722,0.0,0.0
2023-11-08 15:30:00-05:00,45.83000183105469,46.244998931884766,45.79999923706055,46.220001220703125,61742,0.0,0.0
2023-11-09 09:30:00-05:00,46.63999938964844,47.8568000793457,46.22090148925781,47.3734016418457,54177,0.0,0.0
2023-11-09 10:30:00-05:00,47.435001373291016,47.435001373291016,46.97999954223633,47.11000061035156,18673,0.0,0.0
2023-11-09 11:30:00-05:00,47.20000076293945,47.84349822998047,47.20000076293945,47.494998931884766,17652,0.0,0.0
2023-11-09 12:30:00-05:00,47.54999923706055,47.68000030517578,46.8849983215332,47.220001220703125,15558,0.0,0.0
2023-11-09 13:30:00-05:00,47.220001220703125,47.279998779296875,46.91999816894531,47.150001525878906,21450,0.0,0.0
2023-11-09 14:30:00-05:00,47.18000030517578,47.5,47.11000061035156,47.19499969482422,24749,0.0,0.0
2023-11-09 15:30:00-05:00,47.189998626708984,47.650001525878906,47.185001373291016,47.650001525878906,48592,0.0,0.0
2023-11-10 09:30:00-05:00,48.2400016784668,49.0,47.70000076293945,49.0,30778,0.0,0.0
2023-11-10 10:30:00-05:00,48.85300064086914,49.01369857788086,48.53990173339844,48.81999969482422,14165,0.0,0.0
2023-11-10 11:30:00-05:00,48.85499954223633,49.41999816894531,48.85499954223633,49.08000183105469,13312,0.0,0.0
2023-11-10 12:30:00-05:00,49.09000015258789,49.91999816894531,49.09000015258789,49.720001220703125,17010,0.0,0.0
2023-11-10 13:30:00-05:00,49.80500030517578,50.0,49.31999969482422,49.43000030517578,15939,0.0,0.0
2023-11-10 14:30:00-05:00,49.33000183105469,49.76129913330078,49.33000183105469,49.5015983581543,34117,0.0,0.0
2023-11-10 15:30:00-05:00,49.58000183105469,49.58000183105469,49.06999969482422,49.149898529052734,31649,0.0,0.0
2023-11-13 09:30:00-05:00,49.150001525878906,49.57160186767578,48.90999984741211,49.57160186767578,12463,0.0,0.0
2023-11-13 10:30:00-05:00,49.47999954223633,50.09000015258789,49.2400016784668,50.0,21466,0.0,0.0
2023-11-13 11:30:00-05:00,49.97999954223633,50.21950149536133,49.81010055541992,50.028099060058594,13053,0.0,0.0
2023-11-13 12:30:00-05:00,50.0099983215332,50.15999984741211,49.900001525878906,50.130001068115234,7736,0.0,0.0
2023-11-13 13:30:00-05:00,50.130001068115234,50.33000183105469,49.900001525878906,49.900001525878906,10624,0.0,0.0
2023-11-13 14:30:00-05:00,49.93000030517578,50.189998626708984,49.79999923706055,49.9900016784668,17002,0.0,0.0
2023-11-13 15:30:00-05:00,49.959999084472656,50.040000915527344,49.790000915527344,49.939998626708984,29307,0.0,0.0
2023-11-14 09:30:00-05:00,50.97999954223633,51.489898681640625,50.7400016784668,51.41999816894531,19847,0.0,0.0
2023-11-14 10:30:00-05:00,51.37300109863281,52.0,51.37300109863281,51.970001220703125,19577,0.0,0.0
2023-11-14 11:30:00-05:00,52.0,52.08000183105469,51.41999816894531,51.54990005493164,14610,0.0,0.0
2023-11-14 12:30:00-05:00,51.400001525878906,51.849998474121094,51.400001525878906,51.84000015258789,13842,0.0,0.0
2023-11-14 13:30:00-05:00,51.84000015258789,52.095001220703125,51.711700439453125,52.073699951171875,15311,0.0,0.0
2023-11-14 14:30:00-05:00,52.15999984741211,52.63999938964844,52.13999938964844,52.59000015258789,30896,0.0,0.0
2023-11-14 15:30:00-05:00,52.52009963989258,52.650001525878906,52.325401306152344,52.650001525878906,53929,0.0,0.0
2023-11-15 09:30:00-05:00,52.29999923706055,53.290000915527344,52.220001220703125,53.279998779296875,13767,0.0,0.0
2023-11-15 10:30:00-05:00,53.29999923706055,53.599998474121094,53.2400016784668,53.2599983215332,22771,0.0,0.0
2023-11-15 11:30:00-05:00,53.2599983215332,53.2599983215332,52.85499954223633,53.09000015258789,12259,0.0,0.0
2023-11-15 12:30:00-05:00,53.06999969482422,53.18000030517578,52.720001220703125,52.779998779296875,7895,0.0,0.0
2023-11-15 13:30:00-05:00,52.779998779296875,53.04990005493164,52.41999816894531,52.529998779296875,16854,0.0,0.0
2023-11-15 14:30:00-05:00,52.560001373291016,52.560001373291016,51.540000915527344,51.73500061035156,38508,0.0,0.0
2023-11-15 15:30:00-05:00,51.79999923706055,52.220001220703125,51.779998779296875,52.16999816894531,41365,0.0,0.0
2023-11-16 09:30:00-05:00,51.630001068115234,51.630001068115234,51.02000045776367,51.18000030517578,11370,0.0,0.0
2023-11-16 10:30:00-05:00,51.18199920654297,51.244998931884766,50.45000076293945,50.599998474121094,8660,0.0,0.0
2023-11-16 11:30:00-05:00,50.709999084472656,50.8120002746582,50.11000061035156,50.540000915527344,10133,0.0,0.0
2023-11-16 12:30:00-05:00,50.540000915527344,50.77000045776367,50.36000061035156,50.63999938964844,11190,0.0,0.0
2023-11-16 13:30:00-05:00,50.529998779296875,51.04999923706055,50.529998779296875,50.84000015258789,15732,0.0,0.0
2023-11-16 14:30:00-05:00,50.779998779296875,51.279998779296875,50.64500045776367,51.11000061035156,25478,0.0,0.0
2023-11-16 15:30:00-05:00,51.1150016784668,51.154998779296875,50.68000030517578,50.849998474121094,51557,0.0,0.0
2023-11-17 09:30:00-05:00,51.33000183105469,51.43000030517578,50.963401794433594,51.2952995300293,27449,0.0,0.0
2023-11-17 10:30:00-05:00,51.29499816894531,51.560001373291016,50.81999969482422,50.81999969482422,11988,0.0,0.0
2023-11-17 11:30:00-05:00,50.60499954223633,50.869998931884766,50.60499954223633,50.849998474121094,8438,0.0,0.0
2023-11-17 12:30:00-05:00,50.88999938964844,51.08000183105469,50.88999938964844,50.935001373291016,5208,0.0,0.0
2023-11-17 13:30:00-05:00,51.08000183105469,51.119998931884766,50.630001068115234,50.71500015258789,15822,0.0,0.0
2023-11-17 14:30:00-05:00,50.654998779296875,51.119998931884766,50.59000015258789,51.04499816894531,16195,0.0,0.0
2023-11-17 15:30:00-05:00,50.97999954223633,50.99300003051758,50.84000015258789,50.939998626708984,31951,0.0,0.0
2023-11-20 09:30:00-05:00,51.0099983215332,51.0099983215332,50.09000015258789,50.95000076293945,15126,0.0,0.0
2023-11-20 10:30:00-05:00,50.83000183105469,51.310001373291016,50.83000183105469,51.150001525878906,8869,0.0,0.0
2023-11-20 11:30:00-05:00,51.322200775146484,51.70989990234375,51.21099853515625,51.33000183105469,13292,0.0,0.0
2023-11-20 12:30:00-05:00,51.36000061035156,51.43000030517578,51.20500183105469,51.3650016784668,5653,0.0,0.0
2023-11-20 13:30:00-05:00,51.209999084472656,51.31999969482422,50.9901008605957,51.040000915527344,10345,0.0,0.0
2023-11-20 14:30:00-05:00,51.060001373291016,51.15999984741211,50.86180114746094,50.9900016784668,11184,0.0,0.0
2023-11-20 15:30:00-05:00,51.040000915527344,51.529998779296875,51.040000915527344,51.52000045776367,53173,0.0,0.0
2023-11-21 09:30:00-05:00,51.41999816894531,51.41999816894531,50.849998474121094,51.30500030517578,5831,0.0,0.0
2023-11-21 10:30:00-05:00,51.263999938964844,51.62099838256836,51.263999938964844,51.62099838256836,10035,0.0,0.0
2023-11-21 11:30:00-05:00,51.60499954223633,51.61000061035156,51.349998474121094,51.349998474121094,5432,0.0,0.0
2023-11-21 12:30:00-05:00,51.540000915527344,51.57500076293945,51.38999938964844,51.5359001159668,9096,0.0,0.0
2023-11-21 13:30:00-05:00,51.54010009765625,51.9109992980957,51.4900016784668,51.9109992980957,17816,0.0,0.0
2023-11-21 14:30:00-05:00,51.91999816894531,52.209999084472656,51.65999984741211,52.150001525878906,34952,0.0,0.0
2023-11-21 15:30:00-05:00,52.13999938964844,52.290000915527344,51.93000030517578,51.95000076293945,60924,0.0,0.0
2023-11-22 09:30:00-05:00,52.18000030517578,52.29999923706055,51.45000076293945,51.599998474121094,21485,0.0,0.0
2023-11-22 10:30:00-05:00,51.66999816894531,51.900001525878906,51.65800094604492,51.79499816894531,6696,0.0,0.0
2023-11-22 11:30:00-05:00,51.775001525878906,51.9900016784668,51.70000076293945,51.70000076293945,12396,0.0,0.0
2023-11-22 12:30:00-05:00,51.66999816894531,51.720001220703125,51.45000076293945,51.720001220703125,12343,0.0,0.0
2023-11-22 13:30:00-05:00,51.80500030517578,51.900001525878906,51.68000030517578,51.900001525878906,13330,0.0,0.0
2023-11-22 14:30:00-05:00,51.849998474121094,52.0,51.760101318359375,51.900001525878906,24645,0.0,0.0
2023-11-22 15:30:00-05:00,51.8026008605957,51.869998931884766,51.70000076293945,51.779998779296875,23080,0.0,0.0
2023-11-24 09:30:00-05:00,51.68000030517578,52.31999969482422,51.5099983215332,51.56999969482422,18147,0.0,0.0
2023-11-24 10:30:00-05:00,51.61000061035156,51.66999816894531,51.400001525878906,51.540000915527344,8571,0.0,0.0
2023-11-24 11:30:00-05:00,51.470001220703125,51.480098724365234,51.31999969482422,51.43000030517578,7503,0.0,0.0
2023-11-27 09:30:00-05:00,50.959999084472656,50.96630096435547,50.63999938964844,50.720001220703125,10953,0.0,0.0
2023-11-27 10:30:00-05:00,50.72999954223633,50.72999954223633,50.30500030517578,50.380001068115234,8337,0.0,0.0
2023-11-27 11:30:00-05:00,50.540000915527344,50.665000915527344,50.220001220703125,50.310001373291016,6372,0.0,0.0
2023-11-27 12:30:00-05:00,50.2400016784668,50.685001373291016,50.2400016784668,50.685001373291016,6049,0.0,0.0
2023-11-27 13:30:00-05:00,50.68000030517578,50.689998626708984,50.529998779296875,50.58000183105469,7442,0.0,0.0
2023-11-27 14:30:00-05:00,50.720001220703125,50.779998779296875,50.47999954223633,50.54999923706055,22480,0.0,0.0
2023-11-27 15:30:00-05:00,50.52000045776367,50.61000061035156,50.310001373291016,50.38999938964844,23840,0.0,0.0
2023-11-28 09:30:00-05:00,50.61000061035156,50.63999938964844,50.0,50.54999923706055,12416,0.0,0.0
2023-11-28 10:30:00-05:00,50.45000076293945,50.599998474121094,50.41999816894531,50.41999816894531,8768,0.0,0.0
2023-11-28 11:30:00-05:00,50.47999954223633,50.69110107421875,50.349998474121094,50.400001525878906,15910,0.0,0.0
2023-11-28 12:30:00-05:00,50.369998931884766,50.369998931884766,49.939998626708984,49.939998626708984,4547,0.0,0.0
2023-11-28 13:30:00-05:00,49.9900016784668,50.150001525878906,49.87120056152344,49.97999954223633,8164,0.0,0.0
2023-11-28 14:30:00-05:00,49.970001220703125,50.23630142211914,49.970001220703125,50.095001220703125,7931,0.0,0.0
2023-11-28 15:30:00-05:00,50.09000015258789,50.09000015258789,49.7400016784668,49.77000045776367,40477,0.0,0.0
2023-11-29 09:30:00-05:00,49.900001525878906,50.019901275634766,49.279998779296875,49.279998779296875,15453,0.0,0.0
2023-11-29 10:30:00-05:00,49.24800109863281,49.38850021362305,48.900001525878906,48.974998474121094,10064,0.0,0.0
2023-11-29 11:30:00-05:00,48.96500015258789,49.130001068115234,48.900001525878906,49.130001068115234,10304,0.0,0.0
2023-11-29 12:30:00-05:00,49.130001068115234,49.209999084472656,48.880001068115234,48.935001373291016,12470,0.0,0.0
2023-11-29 13:30:00-05:00,48.935001373291016,49.0099983215332,48.86000061035156,48.86000061035156,12379,0.0,0.0
2023-11-29 14:30:00-05:00,48.665000915527344,48.959999084472656,48.560001373291016,48.94499969482422,14667,0.0,0.0
2023-11-29 15:30:00-05:00,48.94499969482422,49.43000030517578,48.902000427246094,49.334999084472656,41805,0.0,0.0
2023-11-30 09:30:00-05:00,49.66999816894531,49.789798736572266,49.150001525878906,49.56999969482422,10962,0.0,0.0
2023-11-30 10:30:00-05:00,49.599998474121094,49.72999954223633,49.404998779296875,49.630001068115234,9759,0.0,0.0
2023-11-30 11:30:00-05:00,49.56999969482422,49.599998474121094,49.40999984741211,49.40999984741211,5529,0.0,0.0
2023-11-30 12:30:00-05:00,49.27000045776367,49.369998931884766,49.13999938964844,49.314998626708984,5082,0.0,0.0
2023-11-30 13:30:00-05:00,49.31999969482422,49.540000915527344,49.2599983215332,49.540000915527344,8301,0.0,0.0
2023-11-30 14:30:00-05:00,49.654998779296875,49.72999954223633,49.540000915527344,49.540000915527344,16372,0.0,0.0
2023-11-30 15:30:00-05:00,49.599998474121094,49.91999816894531,49.58000183105469,49.90999984741211,26341,0.0,0.0
2023-12-01 09:30:00-05:00,49.97999954223633,50.279998779296875,49.67219924926758,50.11000061035156,14811,0.0,0.0
2023-12-01 10:30:00-05:00,49.9900016784668,50.209999084472656,49.79999923706055,50.20000076293945,18946,0.0,0.0
2023-12-01 11:30:00-05:00,50.42499923706055,50.9900016784668,50.13560104370117,50.9900016784668,26250,0.0,0.0
2023-12-01 12:30:00-05:00,50.84000015258789,50.9900016784668,50.63999938964844,50.75920104980469,9721,0.0,0.0
2023-12-01 13:30:00-05:00,50.65999984741211,50.834999084472656,50.595001220703125,50.599998474121094,8752,0.0,0.0
2023-12-01 14:30:00-05:00,50.665000915527344,50.79999923706055,50.529998779296875,50.70500183105469,12414,0.0,0.0
2023-12-01 15:30:00-05:00,50.81999969482422,51.03900146484375,50.77000045776367,50.790000915527344,45087,0.0,0.0
2023-12-04 09:30:00-05:00,50.689998626708984,51.22999954223633,50.689998626708984,50.79999923706055,9429,0.0,0.0
2023-12-04 10:30:00-05:00,50.816001892089844,50.90999984741211,50.630001068115234,50.75,6857,0.0,0.0
2023-12-04 11:30:00-05:00,50.810001373291016,51.36000061035156,50.5,51.36000061035156,34710,0.0,0.0
2023-12-04 12:30:00-05:00,51.5,51.5,51.31999969482422,51.3849983215332,6829,0.0,0.0
2023-12-04 13:30:00-05:00,51.384498596191406,51.685001373291016,51.34000015258789,51.63750076293945,17003,0.0,0.0
2023-12-04 14:30:00-05:00,51.70500183105469,52.13999938964844,51.66999816894531,51.849998474121094,36762,0.0,0.0
2023-12-04 15:30:00-05:00,51.72999954223633,52.20000076293945,51.65999984741211,52.15999984741211,29226,0.0,0.0
2023-12-05 09:30:00-05:00,52.040000915527344,52.31999969482422,51.60499954223633,52.255001068115234,13247,0.0,0.0
2023-12-05 10:30:00-05:00,52.32500076293945,52.38999938964844,52.09000015258789,52.380001068115234,14108,0.0,0.0
2023-12-05 11:30:00-05:00,52.40999984741211,52.92499923706055,52.220001220703125,52.70500183105469,17391,0.0,0.0
2023-12-05 12:30:00-05:00,52.70000076293945,52.95000076293945,52.570098876953125,52.880001068115234,10253,0.0,0.0
2023-12-05 13:30:00-05:00,52.84000015258789,53.08000183105469,52.689998626708984,52.720001220703125,14187,0.0,0.0
2023-12-05 14:30:00-05:00,52.790000915527344,53.119998931884766,52.790000915527344,52.9900016784668,23699,0.0,0.0
2023-12-05 15:30:00-05:00,52.970001220703125,53.0099983215332,52.525001525878906,52.630001068115234,40563,0.0,0.0
2023-12-06 09:30:00-05:00,52.61000061035156,53.060001373291016,52.290000915527344,52.40999984741211,18768,0.0,0.0
2023-12-06 10:30:00-05:00,52.34000015258789,52.380001068115234,51.654998779296875,51.709999084472656,7066,0.0,0.0
2023-12-06 11:30:00-05:00,51.61000061035156,51.611000061035156,51.255001068115234,51.3650016784668,13294,0.0,0.0
2023-12-06 12:30:00-05:00,51.38999938964844,51.619998931884766,51.38999938964844,51.54999923706055,9413,0.0,0.0
2023-12-06 13:30:00-05:00,51.54999923706055,51.599998474121094,51.04999923706055,51.060001373291016,12047,0.0,0.0
2023-12-06 14:30:00-05:00,51.0099983215332,51.13999938964844,50.61000061035156,50.61000061035156,14367,0.0,0.0
2023-12-06 15:30:00-05:00,50.625,51.27000045776367,50.625,51.20000076293945,35469,0.0,0.0
2023-12-07 09:30:00-05:00,51.41999816894531,51.79999923706055,50.3400993347168,51.77000045776367,19056,0.0,0.0
2023-12-07 10:30:00-05:00,51.599998474121094,51.81999969482422,51.13999938964844,51.709999084472656,9070,0.0,0.0
2023-12-07 11:30:00-05:00,51.720001220703125,51.775001525878906,51.56999969482422,51.720001220703125,5634,0.0,0.0
2023-12-07 12:30:00-05:00,51.77000045776367,52.02000045776367,51.630001068115234,51.95000076293945,12887,0.0,0.0
2023-12-07 13:30:00-05:00,52.060001373291016,52.12070083618164,51.86000061035156,51.939998626708984,17100,0.0,0.0
2023-12-07 14:30:00-05:00,52.05289840698242,52.08060073852539,51.689998626708984,51.80500030517578,16160,0.0,0.0
2023-12-07 15:30:00-05:00,51.79499816894531,52.06999969482422,51.58110046386719,52.06999969482422,52347,0.0,0.0
2023-12-08 09:30:00-05:00,51.900001525878906,52.90999984741211,51.28950119018555,52.7400016784668,15577,0.0,0.0
2023-12-08 10:30:00-05:00,52.599998474121094,52.720001220703125,52.349998474121094,52.45000076293945,12343,0.0,0.0
2023-12-08 11:30:00-05:00,52.47999954223633,52.880001068115234,52.47999954223633,52.70000076293945,11226,0.0,0.0
2023-12-08 12:30:00-05:00,52.685001373291016,52.9900016784668,52.63999938964844,52.845001220703125,31976,0.0,0.0
2023-12-08 13:30:00-05:00,52.78120040893555,52.95000076293945,52.63999938964844,52.73500061035156,16163,0.0,0.0
2023-12-08 14:30:00-05:00,52.640098571777344,52.82500076293945,52.48500061035156,52.7599983215332,20976,0.0,0.0
2023-12-08 15:30:00-05:00,52.7599983215332,53.040000915527344,52.75,53.029998779296875,32828,0.0,0.0
2023-12-11 09:30:00-05:00,52.84000015258789,53.349998474121094,52.279998779296875,52.564998626708984,25911,0.0,0.0
2023-12-11 10:30:00-05:00,52.630001068115234,53.2400016784668,52.61899948120117,52.82339859008789,21923,0.0,0.0
2023-12-11 11:30:00-05:00,52.869998931884766,53.25,52.779998779296875,53.02299880981445,11419,0.0,0.0
2023-12-11 12:30:00-05:00,52.9900016784668,53.34000015258789,52.9900016784668,53.31999969482422,19318,0.0,0.0
2023-12-11 13:30:00-05:00,53.22840118408203,53.310001373291016,53.0,53.060001373291016,11534,0.0,0.0
2023-12-11 14:30:00-05:00,53.088600158691406,53.224098205566406,53.060001373291016,53.13999938964844,18782,0.0,0.0
2023-12-11 15:30:00-05:00,53.10499954223633,53.31999969482422,52.970001220703125,53.08000183105469,54083,0.0,0.0
2023-12-12 09:30:00-05:00,52.88999938964844,52.88999938964844,52.20000076293945,52.5099983215332,10135,0.0,0.0
2023-12-12 10:30:00-05:00,52.70000076293945,52.95000076293945,52.49599838256836,52.790000915527344,21969,0.0,0.0
2023-12-12 11:30:00-05:00,52.84000015258789,52.880001068115234,52.54999923706055,52.709999084472656,11747,0.0,0.0
2023-12-12 12:30:00-05:00,52.66999816894531,52.880001068115234,52.599998474121094,52.80500030517578,9764,0.0,0.0
2023-12-12 13:30:00-05:00,52.83000183105469,53.0,52.75,52.939998626708984,13177,0.0,0.0
2023-12-12 14:30:00-05:00,52.932701110839844,53.22999954223633,52.93000030517578,53.16999816894531,25011,0.0,0.0
2023-12-12 15:30:00-05:00,53.20899963378906,53.20899963378906,52.729000091552734,52.900001525878906,34221,0.0,0.0
2023-12-13 09:30:00-05:00,52.849998474121094,52.849998474121094,51.90999984741211,52.709999084472656,17595,0.0,0.0
2023-12-13 10:30:00-05:00,52.65999984741211,52.75,52.25,52.75,16669,0.0,0.0
2023-12-13 11:30:00-05:00,52.72999954223633,52.790000915527344,52.58000183105469,52.650001525878906,7089,0.0,0.0
2023-12-13 12:30:00-05:00,52.599998474121094,52.611900329589844,52.45000076293945,52.45000076293945,5577,0.0,0.0
2023-12-13 13:30:00-05:00,52.400001525878906,53.29999923706055,52.255001068115234,53.189998626708984,17620,0.0,0.0
2023-12-13 14:30:00-05:00,53.310001373291016,54.06999969482422,53.2599983215332,53.505001068115234,38574,0.0,0.0
2023-12-13 15:30:00-05:00,53.58000183105469,54.22999954223633,53.5099983215332,54.22999954223633,49315,0.0,0.0
2023-12-14 09:30:00-05:00,54.61000061035156,55.220001220703125,53.5,53.900001525878906,55900,0.0,0.0
2023-12-14 10:30:00-05:00,54.15999984741211,54.310001373291016,53.68000030517578,54.310001373291016,29250,0.0,0.0
2023-12-14 11:30:00-05:00,54.41999816894531,54.84000015258789,54.349998474121094,54.65999984741211,28432,0.0,0.0
2023-12-14 12:30:00-05:00,54.53499984741211,54.630001068115234,54.23500061035156,54.31999969482422,9948,0.0,0.0
2023-12-14 13:30:00-05:00,54.22999954223633,54.459999084472656,54.064998626708984,54.459999084472656,6904,0.0,0.0
2023-12-14 14:30:00-05:00,54.35499954223633,54.70000076293945,54.290000915527344,54.63999938964844,16773,0.0,0.0
2023-12-14 15:30:00-05:00,54.66999816894531,54.720001220703125,54.34000015258789,54.38999938964844,21337,0.0,0.0
2023-12-15 09:30:00-05:00,54.75,54.9900016784668,53.88999938964844,54.90999984741211,76447,0.0,0.0
2023-12-15 10:30:00-05:00,54.97999954223633,55.2400016784668,54.4900016784668,54.4900016784668,25916,0.0,0.0
2023-12-15 11:30:00-05:00,54.4900016784668,54.689998626708984,54.314998626708984,54.5099983215332,10916,0.0,0.0
2023-12-15 12:30:00-05:00,54.450801849365234,54.709999084472656,54.22999954223633,54.709999084472656,16292,0.0,0.0
2023-12-15 13:30:00-05:00,54.630001068115234,54.709999084472656,54.345001220703125,54.53499984741211,12452,0.0,0.0
2023-12-15 14:30:00-05:00,54.4900016784668,55.084999084472656,54.4900016784668,54.959999084472656,22286,0.0,0.0
2023-12-15 15:30:00-05:00,54.9900016784668,55.209999084472656,54.7400016784668,54.7400016784668,80549,0.0,0.0
2023-12-18 09:30:00-05:00,55.0099983215332,55.130001068115234,54.33509826660156,54.90999984741211,17872,0.0,0.0
2023-12-18 10:30:00-05:00,54.96500015258789,55.380001068115234,54.849998474121094,55.314998626708984,13324,0.0,0.0
2023-12-18 11:30:00-05:00,55.2599983215332,55.38999938964844,55.189998626708984,55.34000015258789,10538,0.0,0.0
2023-12-18 12:30:00-05:00,55.349998474121094,55.369998931884766,54.744998931884766,54.8849983215332,16130,0.0,0.0
2023-12-18 13:30:00-05:00,54.779998779296875,54.779998779296875,54.42499923706055,54.529998779296875,8969,0.0,0.0
2023-12-18 14:30:00-05:00,54.540000915527344,54.915000915527344,54.47999954223633,54.915000915527344,27541,0.0,0.0
2023-12-18 15:30:00-05:00,54.849998474121094,55.029998779296875,54.7599983215332,54.97999954223633,33457,0.0,0.0
2023-12-19 09:30:00-05:00,55.09000015258789,55.880001068115234,55.04999923706055,55.880001068115234,22239,0.0,0.0
2023-12-19 10:30:00-05:00,55.7599983215332,56.040000915527344,55.6349983215332,55.88999938964844,11631,0.0,0.0
2023-12-19 11:30:00-05:00,55.75,55.91999816894531,55.63999938964844,55.84000015258789,7273,0.0,0.0
2023-12-19 12:30:00-05:00,55.849998474121094,56.099998474121094,55.849998474121094,56.08000183105469,14136,0.0,0.0
2023-12-19 13:30:00-05:00,56.11000061035156,56.459999084472656,56.025001525878906,56.20500183105469,18610,0.0,0.0
2023-12-19 14:30:00-05:00,56.244998931884766,56.380001068115234,56.099998474121094,56.2599983215332,24741,0.0,0.0
2023-12-19 15:30:00-05:00,56.279998779296875,56.459999084472656,55.90999984741211,56.2599983215332,72564,0.0,0.0
2023-12-20 09:30:00-05:00,55.95000076293945,56.16999816894531,55.43000030517578,56.040000915527344,17316,0.0,0.0
2023-12-20 10:30:00-05:00,56.220001220703125,56.43000030517578,56.04999923706055,56.36000061035156,13415,0.0,0.0
2023-12-20 11:30:00-05:00,56.290000915527344,56.650001525878906,56.290000915527344,56.45000076293945,9039,0.0,0.0
2023-12-20 12:30:00-05:00,56.380001068115234,56.65999984741211,56.2400016784668,56.3849983215332,16934,0.0,0.0
2023-12-20 13:30:00-05:00,56.470001220703125,56.77000045776367,56.470001220703125,56.62009811401367,17329,0.0,0.0
2023-12-20 14:30:00-05:00,56.59000015258789,56.66999816894531,55.400001525878906,55.400001525878906,22793,0.0,0.0
2023-12-20 15:30:00-05:00,55.38999938964844,55.59000015258789,55.06999969482422,55.150001525878906,34445,0.0,0.0
2023-12-21 09:30:00-05:00,55.45000076293945,55.75,55.15999984741211,55.665000915527344,9919,0.0,0.0
2023-12-21 10:30:00-05:00,55.79999923706055,56.09260177612305,55.619998931884766,56.09260177612305,9097,0.0,0.0
2023-12-21 11:30:00-05:00,55.869998931884766,55.869998931884766,55.33000183105469,55.33000183105469,8662,0.0,0.0
2023-12-21 12:30:00-05:00,55.334999084472656,55.599998474121094,55.2400016784668,55.439998626708984,7271,0.0,0.0
2023-12-21 13:30:00-05:00,55.45000076293945,55.45000076293945,55.209999084472656,55.41999816894531,7479,0.0,0.0
2023-12-21 14:30:00-05:00,55.400001525878906,55.619998931884766,55.36000061035156,55.619998931884766,12556,0.0,0.0
2023-12-21 15:30:00-05:00,55.689998626708984,55.83000183105469,55.59000015258789,55.7599983215332,37413,0.0,0.0
2023-12-22 09:30:00-05:00,56.08000183105469,56.70000076293945,56.08000183105469,56.6150016784668,19463,0.0,0.0
2023-12-22 10:30:00-05:00,56.560001373291016,56.56999969482422,55.943599700927734,56.18000030517578,13180,0.0,0.0
2023-12-22 11:30:00-05:00,56.119998931884766,56.439998626708984,56.00809860229492,56.439998626708984,7030,0.0,0.0
2023-12-22 12:30:00-05:00,56.4900016784668,56.665000915527344,56.470001220703125,56.595001220703125,6303,0.0,0.0
2023-12-22 13:30:00-05:00,56.540000915527344,56.720001220703125,56.18000030517578,56.18000030517578,10685,0.0,0.0
2023-12-22 14:30:00-05:00,56.2599983215332,56.70000076293945,56.2599983215332,56.560001373291016,18131,0.0,0.0
2023-12-22 15:30:00-05:00,56.59000015258789,56.630001068115234,56.41999816894531,56.5,34812,0.0,0.0
2023-12-26 09:30:00-05:00,56.90999984741211,57.2400016784668,56.57600021362305,56.93000030517578,9957,0.0,0.0
2023-12-26 10:30:00-05:00,56.88999938964844,57.349998474121094,56.86000061035156,57.2599983215332,8711,0.0,0.0
2023-12-26 11:30:00-05:00,57.31999969482422,57.54999923706055,57.189998626708984,57.4900016784668,13016,0.0,0.0
2023-12-26 12:30:00-05:00,57.41999816894531,58.0,57.41999816894531,57.98500061035156,18124,0.0,0.0
2023-12-26 13:30:00-05:00,58.040000915527344,58.099998474121094,57.77000045776367,57.86000061035156,9656,0.0,0.0
2023-12-26 14:30:00-05:00,57.869998931884766,57.9900016784668,57.83000183105469,57.83000183105469,17543,0.0,0.0
2023-12-26 15:30:00-05:00,57.810001373291016,58.040000915527344,57.72999954223633,58.0099983215332,36173,0.0,0.0
2023-12-27 09:30:00-05:00,58.040000915527344,58.84000015258789,57.59000015258789,58.790000915527344,20285,0.0,0.0
2023-12-27 10:30:00-05:00,58.64500045776367,58.77000045776367,58.1349983215332,58.209999084472656,8719,0.0,0.0
2023-12-27 11:30:00-05:00,58.08729934692383,58.4900016784668,58.08729934692383,58.275001525878906,6390,0.0,0.0
2023-12-27 12:30:00-05:00,58.21500015258789,58.540000915527344,57.939998626708984,58.39500045776367,12545,0.0,0.0
2023-12-27 13:30:00-05:00,58.220001220703125,58.400001525878906,58.09000015258789,58.380001068115234,8911,0.0,0.0
2023-12-27 14:30:00-05:00,58.26499938964844,58.40999984741211,58.165000915527344,58.369998931884766,20703,0.0,0.0
2023-12-27 15:30:00-05:00,58.349998474121094,58.630001068115234,58.34000015258789,58.56999969482422,34086,0.0,0.0
2023-12-28 09:30:00-05:00,58.150001525878906,58.70000076293945,58.029998779296875,58.290000915527344,31918,0.0,0.0
2023-12-28 10:30:00-05:00,58.459999084472656,58.58000183105469,58.130001068115234,58.1349983215332,28007,0.0,0.0
2023-12-28 11:30:00-05:00,58.040000915527344,58.529998779296875,58.029998779296875,58.18000030517578,22603,0.0,0.0
2023-12-28 12:30:00-05:00,58.337799072265625,58.34000015258789,57.869998931884766,57.959999084472656,8351,0.0,0.0
2023-12-28 13:30:00-05:00,58.02000045776367,58.22999954223633,57.93000030517578,58.189998626708984,19264,0.0,0.0
2023-12-28 14:30:00-05:00,58.220001220703125,58.470001220703125,58.04999923706055,58.349998474121094,20733,0.0,0.0
2023-12-28 15:30:00-05:00,58.369998931884766,58.52000045776367,58.31999969482422,58.41999816894531,28478,0.0,0.0
2023-12-29 09:30:00-05:00,58.209999084472656,58.58000183105469,57.86000061035156,57.86000061035156,9395,0.0,0.0
2023-12-29 10:30:00-05:00,57.83000183105469,57.869998931884766,57.36000061035156,57.36000061035156,8575,0.0,0.0
2023-12-29 11:30:00-05:00,57.349998474121094,57.52000045776367,57.209999084472656,57.52000045776367,6235,0.0,0.0
2023-12-29 12:30:00-05:00,57.52000045776367,57.540000915527344,57.22999954223633,57.22999954223633,9100,0.0,0.0
2023-12-29 13:30:00-05:00,57.29999923706055,57.40999984741211,57.220001220703125,57.2400016784668,7007,0.0,0.0
2023-12-29 14:30:00-05:00,57.29999923706055,57.63999938964844,57.2400016784668,57.595001220703125,11803,0.0,0.0
2023-12-29 15:30:00-05:00,57.650001525878906,57.72999954223633,57.47999954223633,57.59000015258789,27907,0.0,0.0
2024-01-02 09:30:00-05:00,57.04999923706055,57.880001068115234,56.591800689697266,56.93000030517578,83722,0.0,0.0
2024-01-02 10:30:00-05:00,56.779998779296875,57.130001068115234,56.599998474121094,56.845001220703125,24820,0.0,0.0
2024-01-02 11:30:00-05:00,56.65999984741211,57.20000076293945,56.47010040283203,57.005001068115234,21708,0.0,0.0
2024-01-02 12:30:00-05:00,56.99359893798828,57.13999938964844,56.66999816894531,56.70000076293945,12571,0.0,0.0
2024-01-02 13:30:00-05:00,56.70500183105469,58.0,56.689998626708984,57.93000030517578,35311,0.0,0.0
2024-01-02 14:30:00-05:00,57.875,58.349998474121094,57.560001373291016,57.81999969482422,54941,0.0,0.0
2024-01-02 15:30:00-05:00,57.75,57.92649841308594,57.380001068115234,57.56999969482422,96499,0.0,0.0
2024-01-03 09:30:00-05:00,57.599998474121094,57.599998474121094,56.54999923706055,57.439998626708984,22304,0.0,0.0
2024-01-03 10:30:00-05:00,57.27000045776367,57.70000076293945,57.1349983215332,57.70000076293945,10539,0.0,0.0
2024-01-03 11:30:00-05:00,57.75,57.75,57.150001525878906,57.27000045776367,22534,0.0,0.0
2024-01-03 12:30:00-05:00,57.33000183105469,57.380001068115234,57.08000183105469,57.10499954223633,11244,0.0,0.0
2024-01-03 13:30:00-05:00,57.029998779296875,57.13999938964844,56.5,56.779998779296875,57980,0.0,0.0
2024-01-03 14:30:00-05:00,56.779998779296875,56.834999084472656,55.599998474121094,55.755001068115234,72297,0.0,0.0
2024-01-03 15:30:00-05:00,55.77000045776367,56.470001220703125,55.77000045776367,56.380001068115234,62024,0.0,0.0
2024-01-04 09:30:00-05:00,56.599998474121094,56.599998474121094,55.819400787353516,56.27000045776367,19360,0.0,0.0
2024-01-04 10:30:00-05:00,56.2599983215332,56.39500045776367,56.0099983215332,56.185001373291016,6559,0.0,0.0
2024-01-04 11:30:00-05:00,56.119998931884766,56.28499984741211,56.0,56.18000030517578,12585,0.0,0.0
2024-01-04 12:30:00-05:00,56.20500183105469,56.407501220703125,56.040000915527344,56.407501220703125,7787,0.0,0.0
2024-01-04 13:30:00-05:00,56.40999984741211,56.54750061035156,56.2599983215332,56.31999969482422,8617,0.0,0.0
2024-01-04 14:30:00-05:00,56.279998779296875,56.349998474121094,56.10499954223633,56.18000030517578,13649,0.0,0.0
2024-01-04 15:30:00-05:00,56.18000030517578,56.310001373291016,56.02000045776367,56.130001068115234,32938,0.0,0.0
2024-01-05 09:30:00-05:00,56.09000015258789,56.470001220703125,56.0,56.17499923706055,10344,0.0,0.0
2024-01-05 10:30:00-05:00,56.29999923706055,56.32500076293945,56.029998779296875,56.19380187988281,9143,0.0,0.0
2024-01-05 11:30:00-05:00,56.060001373291016,56.25,55.83000183105469,55.915000915527344,7043,0.0,0.0
2024-01-05 12:30:00-05:00,55.84000015258789,55.91999816894531,55.54999923706055,55.72249984741211,5866,0.0,0.0
2024-01-05 13:30:00-05:00,55.75,55.849998474121094,55.345001220703125,55.404998779296875,12334,0.0,0.0
2024-01-05 14:30:00-05:00,55.369998931884766,55.599998474121094,54.720001220703125,55.11000061035156,59490,0.0,0.0
2024-01-05 15:30:00-05:00,55.150001525878906,55.209999084472656,54.869998931884766,54.900001525878906,53595,0.0,0.0
2024-01-08 09:30:00-05:00,55.189998626708984,55.189998626708984,54.369998931884766,54.7400016784668,11283,0.0,0.0
2024-01-08 10:30:00-05:00,54.83000183105469,54.90999984741211,54.61000061035156,54.61000061035156,13226,0.0,0.0
2024-01-08 11:30:00-05:00,54.60499954223633,54.68000030517578,54.16999816894531,54.16999816894531,8507,0.0,0.0
2024-01-08 12:30:00-05:00,54.2599983215332,54.400001525878906,54.220001220703125,54.31629943847656,6800,0.0,0.0
2024-01-08 13:30:00-05:00,54.279998779296875,54.79499816894531,54.279998779296875,54.72999954223633,23985,0.0,0.0
2024-01-08 14:30:00-05:00,54.78499984741211,54.81999969482422,54.5099983215332,54.75,24895,0.0,0.0
2024-01-08 15:30:00-05:00,54.720001220703125,55.16999816894531,54.720001220703125,55.130001068115234,28154,0.0,0.0
2024-01-09 09:30:00-05:00,54.47999954223633,54.47999954223633,52.54999923706055,52.630001068115234,29438,0.0,0.0
2024-01-09 10:30:00-05:00,52.7317008972168,52.939998626708984,52.22999954223633,52.39500045776367,17885,0.0,0.0
2024-01-09 11:30:00-05:00,52.404998779296875,53.099998474121094,52.404998779296875,53.099998474121094,16717,0.0,0.0
2024-01-09 12:30:00-05:00,53.04999923706055,53.130001068115234,52.65999984741211,52.65999984741211,18318,0.0,0.0
2024-01-09 13:30:00-05:00,52.630001068115234,52.849998474121094,52.540000915527344,52.540000915527344,9539,0.0,0.0
2024-01-09 14:30:00-05:00,52.689998626708984,53.150001525878906,52.52000045776367,53.150001525878906,19633,0.0,0.0
2024-01-09 15:30:00-05:00,53.060001373291016,53.52000045776367,53.005001068115234,53.38999938964844,35924,0.0,0.0
2024-01-10 09:30:00-05:00,53.380001068115234,53.965999603271484,52.75,53.33000183105469,14557,0.0,0.0
2024-01-10 10:30:00-05:00,53.349998474121094,53.45000076293945,52.90999984741211,52.915000915527344,9167,0.0,0.0
2024-01-10 11:30:00-05:00,52.84000015258789,53.400001525878906,52.84000015258789,53.36000061035156,12586,0.0,0.0
2024-01-10 12:30:00-05:00,53.38999938964844,53.38999938964844,52.93000030517578,53.20000076293945,9466,0.0,0.0
2024-01-10 13:30:00-05:00,53.25,53.40999984741211,53.08000183105469,53.310001373291016,9237,0.0,0.0
2024-01-10 14:30:00-05:00,53.29999923706055,53.68000030517578,53.29999923706055,53.45000076293945,19307,0.0,0.0
2024-01-10 15:30:00-05:00,53.380001068115234,53.790000915527344,53.31999969482422,53.68000030517578,37296,0.0,0.0
2024-01-11 09:30:00-05:00,53.650001525878906,53.69300079345703,52.4900016784668,52.5099983215332,28570,0.0,0.0
2024-01-11 10:30:00-05:00,52.599998474121094,52.86000061035156,52.494998931884766,52.6150016784668,17035,0.0,0.0
2024-01-11 11:30:00-05:00,52.47999954223633,52.51110076904297,52.15999984741211,52.209999084472656,33608,0.0,0.0
2024-01-11 12:30:00-05:00,52.150001525878906,52.560001373291016,52.150001525878906,52.560001373291016,18893,0.0,0.0
2024-01-11 13:30:00-05:00,52.3650016784668,52.42499923706055,52.185001373291016,52.279998779296875,16600,0.0,0.0
2024-01-11 14:30:00-05:00,52.30500030517578,52.54499816894531,52.14500045776367,52.45000076293945,25209,0.0,0.0
2024-01-11 15:30:00-05:00,52.400001525878906,52.689998626708984,52.38999938964844,52.47999954223633,66315,0.0,0.0
2024-01-12 09:30:00-05:00,53.25,53.25,52.29999923706055,52.525001525878906,16856,0.0,0.0
2024-01-12 10:30:00-05:00,52.494998931884766,52.505001068115234,52.209999084472656,52.209999084472656,11587,0.0,0.0
2024-01-12 11:30:00-05:00,52.25,52.25,52.025001525878906,52.130001068115234,10448,0.0,0.0
2024-01-12 12:30:00-05:00,52.13999938964844,52.27000045776367,52.11000061035156,52.2599983215332,10590,0.0,0.0
2024-01-12 13:30:00-05:00,52.31999969482422,52.57619857788086,52.255001068115234,52.57619857788086,40906,0.0,0.0
2024-01-12 14:30:00-05:00,52.560001373291016,52.760101318359375,52.16999816894531,52.185001373291016,18923,0.0,0.0
2024-01-12 15:30:00-05:00,52.20000076293945,52.5099983215332,52.20000076293945,52.4900016784668,43536,0.0,0.0
2024-01-16 09:30:00-05:00,52.41999816894531,52.81999969482422,52.26499938964844,52.45000076293945,24127,0.0,0.0
2024-01-16 10:30:00-05:00,52.65999984741211,52.65999984741211,52.0,52.43000030517578,39776,0.0,0.0
2024-01-16 11:30:00-05:00,52.474998474121094,52.6349983215332,52.369998931884766,52.369998931884766,9840,0.0,0.0
2024-01-16 12:30:00-05:00,52.34469985961914,52.559898376464844,52.250099182128906,52.250099182128906,8247,0.0,0.0
2024-01-16 13:30:00-05:00,52.380001068115234,52.380001068115234,51.7400016784668,51.849998474121094,15893,0.0,0.0
2024-01-16 14:30:00-05:00,51.85499954223633,52.060001373291016,51.810001373291016,51.90999984741211,29128,0.0,0.0
2024-01-16 15:30:00-05:00,51.95000076293945,52.04999923706055,51.849998474121094,52.040000915527344,35627,0.0,0.0
2024-01-17 09:30:00-05:00,51.47999954223633,52.369998931884766,51.310001373291016,51.744998931884766,16851,0.0,0.0
2024-01-17 10:30:00-05:00,51.709999084472656,51.880001068115234,51.5099983215332,51.755001068115234,23973,0.0,0.0
2024-01-17 11:30:00-05:00,51.72999954223633,51.900001525878906,51.45000076293945,51.45000076293945,14685,0.0,0.0
2024-01-17 12:30:00-05:00,51.380001068115234,51.650001525878906,51.29999923706055,51.6349983215332,8788,0.0,0.0
2024-01-17 13:30:00-05:00,51.4900016784668,51.56999969482422,51.36000061035156,51.5,14041,0.0,0.0
2024-01-17 14:30:00-05:00,51.5099983215332,51.619998931884766,51.45000076293945,51.58000183105469,13070,0.0,0.0
2024-01-17 15:30:00-05:00,51.599998474121094,51.7599983215332,51.47999954223633,51.66999816894531,45956,0.0,0.0
2024-01-18 09:30:00-05:00,51.79999923706055,52.026100158691406,51.48469924926758,51.77000045776367,10530,0.0,0.0
2024-01-18 10:30:00-05:00,51.869998931884766,51.869998931884766,51.540000915527344,51.72999954223633,10461,0.0,0.0
2024-01-18 11:30:00-05:00,51.709999084472656,51.709999084472656,51.35499954223633,51.540000915527344,8259,0.0,0.0
2024-01-18 12:30:00-05:00,51.66999816894531,51.66999816894531,51.380001068115234,51.46200180053711,12542,0.0,0.0
2024-01-18 13:30:00-05:00,51.47999954223633,51.7400016784668,51.43000030517578,51.7400016784668,15793,0.0,0.0
2024-01-18 14:30:00-05:00,51.75,51.77000045776367,51.540000915527344,51.7599983215332,20454,0.0,0.0
2024-01-18 15:30:00-05:00,51.79999923706055,52.0099983215332,51.66999816894531,52.0,43242,0.0,0.0
2024-01-19 09:30:00-05:00,52.22999954223633,52.5,51.310001373291016,51.400001525878906,22325,0.0,0.0
2024-01-19 10:30:00-05:00,51.46500015258789,51.91999816894531,51.410099029541016,51.85499954223633,9864,0.0,0.0
2024-01-19 11:30:00-05:00,51.755001068115234,51.755001068115234,51.310001373291016,51.369998931884766,7460,0.0,0.0
2024-01-19 12:30:00-05:00,51.40999984741211,51.8650016784668,51.40999984741211,51.790000915527344,13012,0.0,0.0
2024-01-19 13:30:00-05:00,51.79999923706055,52.47999954223633,51.779998779296875,52.47999954223633,25963,0.0,0.0
2024-01-19 14:30:00-05:00,52.33000183105469,52.630001068115234,52.27539825439453,52.59000015258789,16588,0.0,0.0
2024-01-19 15:30:00-05:00,52.52000045776367,53.02000045776367,52.5,52.7400016784668,45049,0.0,0.0
2024-01-22 09:30:00-05:00,52.56999969482422,53.4900016784668,52.43000030517578,53.4900016784668,38907,0.0,0.0
2024-01-22 10:30:00-05:00,53.45000076293945,53.47999954223633,53.02009963989258,53.36000061035156,16684,0.0,0.0
2024-01-22 11:30:00-05:00,53.439998626708984,53.59000015258789,53.040000915527344,53.0900993347168,15048,0.0,0.0
2024-01-22 12:30:00-05:00,53.154998779296875,53.209999084472656,52.7400016784668,52.744998931884766,17636,0.0,0.0
2024-01-22 13:30:00-05:00,52.70000076293945,52.880001068115234,52.38999938964844,52.400001525878906,17351,0.0,0.0
2024-01-22 14:30:00-05:00,52.45500183105469,52.45500183105469,52.16999816894531,52.31999969482422,27764,0.0,0.0
2024-01-22 15:30:00-05:00,52.36000061035156,52.55400085449219,52.29499816894531,52.470001220703125,37621,0.0,0.0
2024-01-23 09:30:00-05:00,53.15999984741211,53.599998474121094,52.95000076293945,53.08000183105469,27553,0.0,0.0
2024-01-23 10:30:00-05:00,53.09000015258789,53.31999969482422,52.130001068115234,52.130001068115234,13833,0.0,0.0
2024-01-23 11:30:00-05:00,52.130001068115234,52.29999923706055,51.950199127197266,52.040000915527344,8706,0.0,0.0
2024-01-23 12:30:00-05:00,52.14500045776367,52.2599983215332,52.13999938964844,52.14500045776367,4572,0.0,0.0
2024-01-23 13:30:00-05:00,52.16999816894531,52.290000915527344,52.099998474121094,52.119998931884766,8295,0.0,0.0
2024-01-23 14:30:00-05:00,52.18000030517578,52.310001373291016,51.790000915527344,51.83000183105469,26583,0.0,0.0
2024-01-23 15:30:00-05:00,51.84000015258789,52.13999938964844,51.790000915527344,52.06999969482422,39360,0.0,0.0
2024-01-24 09:30:00-05:00,52.61000061035156,52.94499969482422,51.849998474121094,52.11000061035156,9727,0.0,0.0
2024-01-24 10:30:00-05:00,52.13999938964844,52.34000015258789,51.97999954223633,52.08000183105469,7151,0.0,0.0
2024-01-24 11:30:00-05:00,52.029998779296875,52.20000076293945,51.98500061035156,52.06999969482422,6070,0.0,0.0
2024-01-24 12:30:00-05:00,52.040000915527344,52.11000061035156,51.6349983215332,51.6349983215332,8015,0.0,0.0
2024-01-24 13:30:00-05:00,51.70930099487305,51.72999954223633,51.459999084472656,51.459999084472656,12638,0.0,0.0
2024-01-24 14:30:00-05:00,51.4900016784668,51.709999084472656,51.40999984741211,51.46500015258789,16191,0.0,0.0
2024-01-24 15:30:00-05:00,51.474998474121094,51.869998931884766,51.474998474121094,51.78499984741211,20598,0.0,0.0
2024-01-25 09:30:00-05:00,52.47999954223633,52.71989822387695,51.810001373291016,52.09000015258789,14927,0.0,0.0
2024-01-25 10:30:00-05:00,51.779998779296875,51.83000183105469,51.35499954223633,51.43000030517578,17495,0.0,0.0
2024-01-25 11:30:00-05:00,51.400001525878906,51.400001525878906,51.060001373291016,51.15999984741211,11825,0.0,0.0
2024-01-25 12:30:00-05:00,51.125,51.46260070800781,51.029998779296875,51.290000915527344,11152,0.0,0.0
2024-01-25 13:30:00-05:00,51.2400016784668,51.59000015258789,51.150001525878906,51.459999084472656,10587,0.0,0.0
2024-01-25 14:30:00-05:00,51.470001220703125,51.65999984741211,51.255001068115234,51.65999984741211,14872,0.0,0.0
2024-01-25 15:30:00-05:00,51.65950012207031,52.06999969482422,51.65950012207031,52.06999969482422,31255,0.0,0.0
2024-01-26 09:30:00-05:00,52.47999954223633,52.93000030517578,52.0,52.20000076293945,14203,0.0,0.0
2024-01-26 10:30:00-05:00,52.189998626708984,52.2599983215332,51.779998779296875,51.845001220703125,5885,0.0,0.0
2024-01-26 11:30:00-05:00,51.83000183105469,52.220001220703125,51.71500015258789,52.209999084472656,20673,0.0,0.0
2024-01-26 12:30:00-05:00,52.11000061035156,52.11000061035156,51.90999984741211,52.0,6149,0.0,0.0
2024-01-26 13:30:00-05:00,51.92499923706055,52.130001068115234,51.900001525878906,52.130001068115234,6233,0.0,0.0
2024-01-26 14:30:00-05:00,52.099998474121094,52.29499816894531,52.03499984741211,52.119998931884766,11304,0.0,0.0
2024-01-26 15:30:00-05:00,52.09000015258789,52.560001373291016,52.02000045776367,52.560001373291016,19301,0.0,0.0
2024-01-29 09:30:00-05:00,52.709999084472656,52.709999084472656,51.91999816894531,51.91999816894531,8306,0.0,0.0
2024-01-29 10:30:00-05:00,52.040000915527344,52.439998626708984,52.02000045776367,52.369998931884766,5502,0.0,0.0
2024-01-29 11:30:00-05:00,52.4900016784668,52.54499816894531,52.43000030517578,52.4900016784668,4342,0.0,0.0
2024-01-29 12:30:00-05:00,52.56999969482422,52.56999969482422,52.21900177001953,52.435001373291016,3852,0.0,0.0
2024-01-29 13:30:00-05:00,52.38999938964844,52.59000015258789,52.279998779296875,52.59000015258789,6923,0.0,0.0
2024-01-29 14:30:00-05:00,52.619998931884766,52.900001525878906,52.61000061035156,52.72999954223633,22212,0.0,0.0
2024-01-29 15:30:00-05:00,52.75,52.7599983215332,52.5099983215332,52.70000076293945,27857,0.0,0.0
2024-01-30 09:30:00-05:00,52.619998931884766,53.029998779296875,52.439998626708984,52.7599983215332,17546,0.0,0.0
2024-01-30 10:30:00-05:00,52.880001068115234,53.36000061035156,52.880001068115234,53.34000015258789,12411,0.0,0.0
2024-01-30 11:30:00-05:00,53.349998474121094,53.83000183105469,53.349998474121094,53.71500015258789,20217,0.0,0.0
2024-01-30 12:30:00-05:00,53.66999816894531,53.790000915527344,53.4900016784668,53.775001525878906,11367,0.0,0.0
2024-01-30 13:30:00-05:00,53.650001525878906,53.96500015258789,53.630001068115234,53.96500015258789,9706,0.0,0.0
2024-01-30 14:30:00-05:00,53.915000915527344,54.349998474121094,53.79999923706055,54.29999923706055,16228,0.0,0.0
2024-01-30 15:30:00-05:00,54.334999084472656,54.40999984741211,54.25,54.290000915527344,26364,0.0,0.0
2024-01-31 09:30:00-05:00,54.22999954223633,54.349998474121094,53.3650016784668,53.779998779296875,19791,0.0,0.0
2024-01-31 10:30:00-05:00,53.980499267578125,54.040000915527344,53.709999084472656,54.040000915527344,12126,0.0,0.0
2024-01-31 11:30:00-05:00,53.994998931884766,54.25,53.790000915527344,54.13999938964844,14510,0.0,0.0
2024-01-31 12:30:00-05:00,54.0099983215332,54.185001373291016,53.84000015258789,53.880001068115234,12146,0.0,0.0
2024-01-31 13:30:00-05:00,53.79999923706055,54.130001068115234,53.58580017089844,53.59000015258789,7369,0.0,0.0
2024-01-31 14:30:00-05:00,53.67499923706055,54.150001525878906,52.900001525878906,53.19499969482422,23190,0.0,0.0
2024-01-31 15:30:00-05:00,53.189998626708984,53.189998626708984,52.625,52.720001220703125,33837,0.0,0.0
2024-02-01 09:30:00-05:00,53.040000915527344,53.540000915527344,52.525001525878906,53.189998626708984,29436,0.0,0.0
2024-02-01 10:30:00-05:00,53.08000183105469,53.08000183105469,52.02000045776367,52.09000015258789,13737,0.0,0.0
2024-02-01 11:30:00-05:00,52.16999816894531,52.654998779296875,52.06999969482422,52.54999923706055,20819,0.0,0.0
2024-02-01 12:30:00-05:00,52.50979995727539,52.625,52.36000061035156,52.4900016784668,6094,0.0,0.0
2024-02-01 13:30:00-05:00,52.720001220703125,53.20000076293945,52.619998931884766,53.0099983215332,4982,0.0,0.0
2024-02-01 14:30:00-05:00,52.92499923706055,53.0099983215332,52.540000915527344,52.724998474121094,13877,0.0,0.0
2024-02-01 15:30:00-05:00,52.79999923706055,53.06999969482422,52.75,52.970001220703125,26836,0.0,0.0
2024-02-02 09:30:00-05:00,52.810001373291016,52.810001373291016,52.18000030517578,52.5099983215332,15995,0.0,0.0
2024-02-02 10:30:00-05:00,52.939998626708984,53.09000015258789,52.84000015258789,52.915000915527344,8687,0.0,0.0
2024-02-02 11:30:00-05:00,52.84000015258789,52.900001525878906,52.33000183105469,52.72999954223633,10885,0.0,0.0
2024-02-02 12:30:00-05:00,52.66999816894531,52.790000915527344,52.41999816894531,52.7599983215332,8395,0.0,0.0
2024-02-02 13:30:00-05:00,52.779998779296875,53.02000045776367,52.689998626708984,52.744998931884766,10316,0.0,0.0
2024-02-02 14:30:00-05:00,52.84000015258789,52.970001220703125,52.73030090332031,52.790000915527344,17704,0.0,0.0
2024-02-02 15:30:00-05:00,52.79999923706055,52.83620071411133,52.2599983215332,52.2599983215332,30982,0.0,0.0
2024-02-05 09:30:00-05:00,51.77000045776367,51.9900016784668,50.81999969482422,51.08000183105469,22006,0.0,0.0
2024-02-05 10:30:00-05:00,51.08000183105469,51.33000183105469,50.95009994506836,51.33000183105469,6404,0.0,0.0
2024-02-05 11:30:00-05:00,51.33000183105469,51.45479965209961,51.13999938964844,51.439998626708984,11649,0.0,0.0
2024-02-05 12:30:00-05:00,51.415000915527344,51.584999084472656,51.060001373291016,51.099998474121094,9543,0.0,0.0
2024-02-05 13:30:00-05:00,51.220001220703125,51.345001220703125,51.13999938964844,51.279998779296875,9637,0.0,0.0
2024-02-05 14:30:00-05:00,51.279998779296875,51.52000045776367,51.27000045776367,51.47999954223633,11631,0.0,0.0
2024-02-05 15:30:00-05:00,51.45000076293945,51.619998931884766,51.22999954223633,51.2599983215332,27349,0.0,0.0
2024-02-06 09:30:00-05:00,50.900001525878906,51.45000076293945,50.85179901123047,51.29999923706055,7714,0.0,0.0
2024-02-06 10:30:00-05:00,51.529998779296875,51.54999923706055,51.2599983215332,51.439998626708984,9428,0.0,0.0
2024-02-06 11:30:00-05:00,51.540000915527344,51.669898986816406,51.22999954223633,51.314998626708984,9838,0.0,0.0
2024-02-06 12:30:00-05:00,51.29999923706055,51.310001373291016,51.11000061035156,51.28110122680664,9055,0.0,0.0
2024-02-06 13:30:00-05:00,51.27000045776367,51.527099609375,51.08000183105469,51.13999938964844,9210,0.0,0.0
2024-02-06 14:30:00-05:00,51.11000061035156,51.290000915527344,51.0099983215332,51.150001525878906,14436,0.0,0.0
2024-02-06 15:30:00-05:00,51.09000015258789,51.400001525878906,51.04999923706055,51.400001525878906,38840,0.0,0.0
2024-02-07 09:30:00-05:00,51.36000061035156,51.47159957885742,50.900001525878906,51.310001373291016,21374,0.0,0.0
2024-02-07 10:30:00-05:00,51.459999084472656,51.939998626708984,51.439998626708984,51.66999816894531,14665,0.0,0.0
2024-02-07 11:30:00-05:00,51.72999954223633,51.775001525878906,51.47999954223633,51.630001068115234,11820,0.0,0.0
2024-02-07 12:30:00-05:00,51.720001220703125,51.939998626708984,51.59000015258789,51.939998626708984,13622,0.0,0.0
2024-02-07 13:30:00-05:00,51.880001068115234,51.880001068115234,51.47999954223633,51.47999954223633,9933,0.0,0.0
2024-02-07 14:30:00-05:00,51.44499969482422,51.625,51.380001068115234,51.619998931884766,22561,0.0,0.0
2024-02-07 15:30:00-05:00,51.584999084472656,51.72999954223633,51.380001068115234,51.61000061035156,26016,0.0,0.0
2024-02-08 09:30:00-05:00,51.40999984741211,51.70000076293945,51.13999938964844,51.477901458740234,10707,0.0,0.0
2024-02-08 10:30:00-05:00,51.46500015258789,51.68000030517578,51.435001373291016,51.59000015258789,11884,0.0,0.0
2024-02-08 11:30:00-05:00,51.6150016784668,51.790000915527344,51.47269821166992,51.529998779296875,14500,0.0,0.0
2024-02-08 12:30:00-05:00,51.47999954223633,51.5099983215332,51.380001068115234,51.41999816894531,5918,0.0,0.0
2024-02-08 13:30:00-05:00,51.439998626708984,51.630001068115234,51.400001525878906,51.52000045776367,12703,0.0,0.0
2024-02-08 14:30:00-05:00,51.4900016784668,51.939998626708984,51.435001373291016,51.939998626708984,15243,0.0,0.0
2024-02-08 15:30:00-05:00,51.939998626708984,52.41999816894531,51.91999816894531,52.380001068115234,38215,0.0,0.0
2024-02-09 09:30:00-05:00,52.209999084472656,52.400001525878906,51.54999923706055,51.93000030517578,21011,0.0,0.0
2024-02-09 10:30:00-05:00,51.959999084472656,52.209999084472656,51.47999954223633,51.599998474121094,15004,0.0,0.0
2024-02-09 11:30:00-05:00,51.65999984741211,51.88999938964844,51.55500030517578,51.86000061035156,10001,0.0,0.0
2024-02-09 12:30:00-05:00,51.900001525878906,52.494998931884766,51.88999938964844,52.459999084472656,11749,0.0,0.0
2024-02-09 13:30:00-05:00,52.45500183105469,52.5,52.25,52.369998931884766,10006,0.0,0.0
2024-02-09 14:30:00-05:00,52.33000183105469,52.34000015258789,51.845001220703125,52.2400016784668,16176,0.0,0.0
2024-02-09 15:30:00-05:00,52.20000076293945,52.310001373291016,52.13999938964844,52.310001373291016,29666,0.0,0.0
2024-02-12 09:30:00-05:00,52.209999084472656,52.75,52.189998626708984,52.52000045776367,10480,0.0,0.0
2024-02-12 10:30:00-05:00,52.665000915527344,53.20000076293945,52.650001525878906,53.20000076293945,7392,0.0,0.0
2024-02-12 11:30:00-05:00,53.279998779296875,53.5099983215332,53.279998779296875,53.34000015258789,5925,0.0,0.0
2024-02-12 12:30:00-05:00,53.209999084472656,53.84000015258789,53.209999084472656,53.77000045776367,9551,0.0,0.0
2024-02-12 13:30:00-05:00,53.81999969482422,54.130001068115234,53.810001373291016,54.130001068115234,14394,0.0,0.0
2024-02-12 14:30:00-05:00,54.119998931884766,54.27000045776367,53.9900016784668,54.050498962402344,18336,0.0,0.0
2024-02-12 15:30:00-05:00,54.060001373291016,54.39500045776367,53.939998626708984,54.029998779296875,51027,0.0,0.0
2024-02-13 09:30:00-05:00,52.70000076293945,53.084999084472656,51.349998474121094,52.32500076293945,19073,0.0,0.0
2024-02-13 10:30:00-05:00,52.310001373291016,52.939998626708984,52.13999938964844,52.75,30236,0.0,0.0
2024-02-13 11:30:00-05:00,52.779998779296875,52.89500045776367,52.08000183105469,52.27000045776367,9368,0.0,0.0
2024-02-13 12:30:00-05:00,52.13999938964844,52.279998779296875,52.0,52.150001525878906,7589,0.0,0.0
2024-02-13 13:30:00-05:00,52.02000045776367,52.09000015258789,51.7599983215332,51.79999923706055,19432,0.0,0.0
2024-02-13 14:30:00-05:00,51.779998779296875,51.95000076293945,51.18000030517578,51.37779998779297,33184,0.0,0.0
2024-02-13 15:30:00-05:00,51.41999816894531,51.63999938964844,51.31999969482422,51.59000015258789,54228,0.0,0.0
2024-02-14 09:30:00-05:00,52.279998779296875,52.279998779296875,51.65999984741211,51.939998626708984,10131,0.0,0.0
2024-02-14 10:30:00-05:00,51.875,51.959999084472656,51.41999816894531,51.8650016784668,8261,0.0,0.0
2024-02-14 11:30:00-05:00,51.959999084472656,51.959999084472656,51.470001220703125,51.7666015625,15900,0.0,0.0
2024-02-14 12:30:00-05:00,51.77000045776367,51.98740005493164,51.75,51.8849983215332,12035,0.0,0.0
2024-02-14 13:30:00-05:00,51.9900016784668,52.43000030517578,51.9900016784668,52.43000030517578,8795,0.0,0.0
2024-02-14 14:30:00-05:00,52.380001068115234,52.7599983215332,52.279998779296875,52.73500061035156,12813,0.0,0.0
2024-02-14 15:30:00-05:00,52.68899917602539,52.834999084472656,52.64500045776367,52.709999084472656,25483,0.0,0.0
2024-02-15 09:30:00-05:00,52.84000015258789,54.47999954223633,52.77000045776367,53.279998779296875,16218,0.0,0.0
2024-02-15 10:30:00-05:00,53.15999984741211,53.33000183105469,52.940101623535156,53.16999816894531,10826,0.0,0.0
2024-02-15 11:30:00-05:00,53.119998931884766,53.459999084472656,53.0,53.36000061035156,7037,0.0,0.0
2024-02-15 12:30:00-05:00,53.41999816894531,53.6349983215332,53.349998474121094,53.6349983215332,10952,0.0,0.0
2024-02-15 13:30:00-05:00,53.689998626708984,54.40999984741211,53.685001373291016,54.40999984741211,16149,0.0,0.0
2024-02-15 14:30:00-05:00,54.41999816894531,54.560001373291016,54.279998779296875,54.54999923706055,26639,0.0,0.0
2024-02-15 15:30:00-05:00,54.58000183105469,54.70000076293945,54.4901008605957,54.59000015258789,36416,0.0,0.0
2024-02-16 09:30:00-05:00,54.599998474121094,54.70000076293945,53.709999084472656,54.529998779296875,26060,0.0,0.0
2024-02-16 10:30:00-05:00,54.43000030517578,54.55500030517578,54.029998779296875,54.435001373291016,16622,0.0,0.0
2024-02-16 11:30:00-05:00,54.470001220703125,54.540000915527344,54.18000030517578,54.51499938964844,6896,0.0,0.0
2024-02-16 12:30:00-05:00,54.51499938964844,54.52000045776367,54.165000915527344,54.34000015258789,11314,0.0,0.0
2024-02-16 13:30:00-05:00,54.290000915527344,54.65999984741211,54.290000915527344,54.650001525878906,11877,0.0,0.0
2024-02-16 14:30:00-05:00,54.6150016784668,54.619998931884766,54.19499969482422,54.369998931884766,14698,0.0,0.0
2024-02-16 15:30:00-05:00,54.279998779296875,54.349998474121094,54.150001525878906,54.16999816894531,32059,0.0,0.0
2024-02-20 09:30:00-05:00,53.41999816894531,54.43000030517578,53.15999984741211,54.28499984741211,20869,0.0,0.0
2024-02-20 10:30:00-05:00,54.310001373291016,54.47999954223633,53.959999084472656,54.04499816894531,21536,0.0,0.0
2024-02-20 11:30:00-05:00,54.08000183105469,54.224998474121094,53.88999938964844,54.119998931884766,13565,0.0,0.0
2024-02-20 12:30:00-05:00,54.000099182128906,54.096099853515625,53.46500015258789,53.60499954223633,14497,0.0,0.0
2024-02-20 13:30:00-05:00,53.58000183105469,53.76499938964844,53.4900016784668,53.5099983215332,11594,0.0,0.0
2024-02-20 14:30:00-05:00,53.43000030517578,53.755001068115234,53.349998474121094,53.459999084472656,19167,0.0,0.0
2024-02-20 15:30:00-05:00,53.41999816894531,53.439998626708984,53.130001068115234,53.33810043334961,47579,0.0,0.0
2024-02-21 09:30:00-05:00,54.4900016784668,56.56999969482422,50.45000076293945,55.40999984741211,39618,0.0,0.0
2024-02-21 10:30:00-05:00,55.16999816894531,55.59000015258789,55.138999938964844,55.20000076293945,28184,0.0,0.0
2024-02-21 11:30:00-05:00,55.244998931884766,55.70000076293945,54.875,55.599998474121094,27002,0.0,0.0
2024-02-21 12:30:00-05:00,55.70000076293945,56.150001525878906,55.525001525878906,55.880001068115234,20747,0.0,0.0
2024-02-21 13:30:00-05:00,55.880001068115234,55.880001068115234,55.25,55.40999984741211,21730,0.0,0.0
2024-02-21 14:30:00-05:00,55.40999984741211,55.63999938964844,55.189998626708984,55.58000183105469,30384,0.0,0.0
2024-02-21 15:30:00-05:00,55.5099983215332,56.29999923706055,55.5099983215332,56.220001220703125,44747,0.0,0.0
2024-02-22 09:30:00-05:00,56.04999923706055,56.27000045776367,52.37110137939453,52.5,36702,0.0,0.0
2024-02-22 10:30:00-05:00,52.29999923706055,52.29999923706055,51.29999923706055,51.661399841308594,26923,0.0,0.0
2024-02-22 11:30:00-05:00,51.650001525878906,52.59000015258789,51.380001068115234,52.345001220703125,50392,0.0,0.0
2024-02-22 12:30:00-05:00,52.40999984741211,52.61000061035156,52.15999984741211,52.2599983215332,19931,0.0,0.0
2024-02-22 13:30:00-05:00,52.310001373291016,52.459999084472656,52.060001373291016,52.13999938964844,22122,0.0,0.0
2024-02-22 14:30:00-05:00,52.17499923706055,52.17499923706055,51.33000183105469,51.709999084472656,34995,0.0,0.0
2024-02-22 15:30:00-05:00,51.599998474121094,52.33000183105469,51.599998474121094,52.040000915527344,68072,0.0,0.0
2024-02-23 09:30:00-05:00,52.5,52.5,51.84000015258789,51.849998474121094,19044,0.0,0.0
2024-02-23 10:30:00-05:00,51.900001525878906,52.79999923706055,51.880001068115234,52.79999923706055,20801,0.0,0.0
2024-02-23 11:30:00-05:00,52.70000076293945,53.28499984741211,52.599998474121094,53.022098541259766,18727,0.0,0.0
2024-02-23 12:30:00-05:00,52.880001068115234,53.27000045776367,52.810001373291016,53.22999954223633,16328,0.0,0.0
2024-02-23 13:30:00-05:00,53.244998931884766,53.400001525878906,52.845001220703125,52.845001220703125,15367,0.0,0.0
2024-02-23 14:30:00-05:00,52.939998626708984,53.095001220703125,52.83000183105469,53.095001220703125,17704,0.0,0.0
2024-02-23 15:30:00-05:00,53.0989990234375,53.0989990234375,52.400001525878906,52.77000045776367,59165,0.0,0.0
2024-02-26 09:30:00-05:00,52.34000015258789,52.7599983215332,52.258201599121094,52.400001525878906,11475,0.0,0.0
2024-02-26 10:30:00-05:00,52.380001068115234,52.7400016784668,52.380001068115234,52.720001220703125,6785,0.0,0.0
2024-02-26 11:30:00-05:00,52.720001220703125,52.73500061035156,52.560001373291016,52.61000061035156,12119,0.0,0.0
2024-02-26 12:30:00-05:00,52.56999969482422,52.595001220703125,52.400001525878906,52.4900016784668,9212,0.0,0.0
2024-02-26 13:30:00-05:00,52.26499938964844,52.47999954223633,52.04999923706055,52.47999954223633,12884,0.0,0.0
2024-02-26 14:30:00-05:00,52.47999954223633,52.869998931884766,52.41999816894531,52.849998474121094,22202,0.0,0.0
2024-02-26 15:30:00-05:00,52.81999969482422,52.97999954223633,52.650001525878906,52.869998931884766,51834,0.0,0.0
2024-02-27 09:30:00-05:00,53.290000915527344,53.400001525878906,52.84000015258789,53.290000915527344,12131,0.0,0.0
2024-02-27 10:30:00-05:00,53.349998474121094,53.84000015258789,53.31999969482422,53.72999954223633,23509,0.0,0.0
2024-02-27 11:30:00-05:00,53.650001525878906,53.79999923706055,53.470001220703125,53.63999938964844,10185,0.0,0.0
2024-02-27 12:30:00-05:00,53.73500061035156,53.900001525878906,53.73500061035156,53.83000183105469,16545,0.0,0.0
2024-02-27 13:30:00-05:00,53.880001068115234,53.95000076293945,53.75,53.779998779296875,9180,0.0,0.0
2024-02-27 14:30:00-05:00,53.779998779296875,53.779998779296875,53.525001525878906,53.6349983215332,19306,0.0,0.0
2024-02-27 15:30:00-05:00,53.63999938964844,54.220001220703125,53.63399887084961,54.20000076293945,55968,0.0,0.0
2024-02-28 09:30:00-05:00,53.9900016784668,54.56999969482422,53.78260040283203,54.369998931884766,12220,0.0,0.0
2024-02-28 10:30:00-05:00,54.27000045776367,54.49250030517578,53.970001220703125,54.099998474121094,13165,0.0,0.0
2024-02-28 11:30:00-05:00,54.17890167236328,54.32500076293945,54.04499816894531,54.32500076293945,9747,0.0,0.0
2024-02-28 12:30:00-05:00,54.33000183105469,54.85499954223633,54.279998779296875,54.84000015258789,12318,0.0,0.0
2024-02-28 13:30:00-05:00,54.9900016784668,55.04999923706055,54.630001068115234,54.79499816894531,12170,0.0,0.0
2024-02-28 14:30:00-05:00,54.66999816894531,54.84260177612305,54.59000015258789,54.84260177612305,22914,0.0,0.0
2024-02-28 15:30:00-05:00,54.84000015258789,54.84000015258789,54.5,54.650001525878906,40493,0.0,0.0
2024-02-29 09:30:00-05:00,55.150001525878906,55.56999969482422,54.9900016784668,55.279998779296875,14122,0.0,0.0
2024-02-29 10:30:00-05:00,55.41999816894531,55.439998626708984,55.13999938964844,55.27000045776367,9034,0.0,0.0
2024-02-29 11:30:00-05:00,55.13999938964844,55.33000183105469,54.94499969482422,55.11000061035156,8569,0.0,0.0
2024-02-29 12:30:00-05:00,55.04249954223633,55.189998626708984,54.87009811401367,54.900001525878906,7530,0.0,0.0
2024-02-29 13:30:00-05:00,54.91999816894531,55.13999938964844,54.779998779296875,55.0,12948,0.0,0.0
2024-02-29 14:30:00-05:00,55.02750015258789,55.02750015258789,54.65999984741211,54.720001220703125,15741,0.0,0.0
2024-02-29 15:30:00-05:00,54.75,55.45000076293945,54.75,55.2400016784668,32748,0.0,0.0
2024-03-01 09:30:00-05:00,54.95000076293945,55.2599983215332,54.31999969482422,55.2599983215332,6101,0.0,0.0
2024-03-01 10:30:00-05:00,55.19499969482422,55.959999084472656,55.19499969482422,55.72999954223633,22185,0.0,0.0
2024-03-01 11:30:00-05:00,55.61000061035156,55.61000061035156,55.310001373291016,55.3849983215332,6273,0.0,0.0
2024-03-01 12:30:00-05:00,55.39500045776367,55.4900016784668,55.27000045776367,55.46500015258789,13192,0.0,0.0
2024-03-01 13:30:00-05:00,55.4900016784668,55.93000030517578,55.349998474121094,55.40999984741211,28658,0.0,0.0
2024-03-01 14:30:00-05:00,55.5,55.65999984741211,54.93000030517578,55.130001068115234,15561,0.0,0.0
2024-03-01 15:30:00-05:00,55.2599983215332,55.5,55.119998931884766,55.5,34327,0.0,0.0
2024-03-04 09:30:00-05:00,55.31999969482422,55.540000915527344,54.380001068115234,54.61000061035156,22649,0.0,0.0
2024-03-04 10:30:00-05:00,54.47999954223633,54.47999954223633,54.09000015258789,54.09000015258789,6570,0.0,0.0
2024-03-04 11:30:00-05:00,54.119998931884766,54.580299377441406,53.994998931884766,54.349998474121094,8682,0.0,0.0
2024-03-04 12:30:00-05:00,54.33000183105469,54.45000076293945,54.04999923706055,54.41999816894531,8869,0.0,0.0
2024-03-04 13:30:00-05:00,54.43000030517578,54.45500183105469,54.02000045776367,54.40999984741211,7664,0.0,0.0
2024-03-04 14:30:00-05:00,54.45000076293945,54.540000915527344,54.099998474121094,54.099998474121094,10714,0.0,0.0
2024-03-04 15:30:00-05:00,54.11000061035156,54.68000030517578,54.11000061035156,54.58000183105469,56853,0.0,0.0
2024-03-05 09:30:00-05:00,54.720001220703125,55.02000045776367,54.239898681640625,54.68000030517578,9029,0.0,0.0
2024-03-05 10:30:00-05:00,54.65999984741211,54.779998779296875,54.36000061035156,54.36000061035156,13297,0.0,0.0
2024-03-05 11:30:00-05:00,54.36000061035156,54.38999938964844,53.90999984741211,54.20000076293945,4875,0.0,0.0
2024-03-05 12:30:00-05:00,54.23500061035156,54.310001373291016,54.040000915527344,54.26499938964844,5459,0.0,0.0
2024-03-05 13:30:00-05:00,54.22999954223633,54.30500030517578,54.025001525878906,54.04999923706055,8493,0.0,0.0
2024-03-05 14:30:00-05:00,53.9900016784668,53.9900016784668,53.40999984741211,53.42499923706055,14880,0.0,0.0
2024-03-05 15:30:00-05:00,53.369998931884766,53.494998931884766,53.34000015258789,53.36000061035156,54702,0.0,0.0
2024-03-06 09:30:00-05:00,54.22999954223633,54.22999954223633,53.2400016784668,53.31999969482422,14368,0.0,0.0
2024-03-06 10:30:00-05:00,53.2599983215332,53.54999923706055,53.165000915527344,53.310001373291016,6940,0.0,0.0
2024-03-06 11:30:00-05:00,53.33000183105469,53.33000183105469,52.66999816894531,53.040000915527344,16031,0.0,0.0
2024-03-06 12:30:00-05:00,52.970001220703125,53.0,52.7599983215332,52.91999816894531,6993,0.0,0.0
2024-03-06 13:30:00-05:00,52.95000076293945,53.35499954223633,52.83000183105469,53.35499954223633,18384,0.0,0.0
2024-03-06 14:30:00-05:00,53.38999938964844,53.38999938964844,52.88999938964844,53.20500183105469,10428,0.0,0.0
2024-03-06 15:30:00-05:00,53.209999084472656,53.22999954223633,52.97999954223633,53.119998931884766,60112,0.0,0.0
2024-03-07 09:30:00-05:00,53.540000915527344,54.720001220703125,53.20439910888672,54.209999084472656,15483,0.0,0.0
2024-03-07 10:30:00-05:00,54.15999984741211,54.314998626708984,53.86000061035156,53.915000915527344,12213,0.0,0.0
2024-03-07 11:30:00-05:00,53.900001525878906,54.09000015258789,53.79999923706055,53.869998931884766,9923,0.0,0.0
2024-03-07 12:30:00-05:00,53.79999923706055,54.34000015258789,53.77000045776367,54.2400016784668,15884,0.0,0.0
2024-03-07 13:30:00-05:00,54.275001525878906,54.45000076293945,54.220001220703125,54.2599983215332,14159,0.0,0.0
2024-03-07 14:30:00-05:00,54.2400016784668,54.345001220703125,54.04999923706055,54.04999923706055,13647,0.0,0.0
2024-03-07 15:30:00-05:00,54.02000045776367,54.130001068115234,53.76900100708008,53.9900016784668,44462,0.0,0.0
2024-03-08 09:30:00-05:00,54.959999084472656,55.67499923706055,54.75,55.13999938964844,43982,0.0,0.0
2024-03-08 10:30:00-05:00,55.11000061035156,55.369998931884766,55.0,55.209999084472656,20196,0.0,0.0
2024-03-08 11:30:00-05:00,55.21500015258789,55.4900016784668,55.0,55.2400016784668,24041,0.0,0.0
2024-03-08 12:30:00-05:00,55.27000045776367,55.36000061035156,54.59000015258789,54.71390151977539,17928,0.0,0.0
2024-03-08 13:30:00-05:00,54.709999084472656,54.970001220703125,54.5,54.970001220703125,15322,0.0,0.0
2024-03-08 14:30:00-05:00,54.95000076293945,55.029998779296875,54.79999923706055,54.79999923706055,18680,0.0,0.0
2024-03-08 15:30:00-05:00,54.82500076293945,54.95000076293945,54.75,54.869998931884766,34490,0.0,0.0
2024-03-11 09:30:00-04:00,54.5,54.709999084472656,53.75,53.77000045776367,16209,0.0,0.0
2024-03-11 10:30:00-04:00,53.95000076293945,54.0099983215332,53.52000045776367,53.630001068115234,13675,0.0,0.0
2024-03-11 11:30:00-04:00,53.650001525878906,53.89929962158203,53.650001525878906,53.77000045776367,18884,0.0,0.0
2024-03-11 12:30:00-04:00,53.790000915527344,53.845001220703125,53.61000061035156,53.66999816894531,13456,0.0,0.0
2024-03-11 13:30:00-04:00,53.65999984741211,53.83000183105469,53.599998474121094,53.81999969482422,17129,0.0,0.0
2024-03-11 14:30:00-04:00,53.83000183105469,54.40999984741211,53.83000183105469,54.220001220703125,22747,0.0,0.0
2024-03-11 15:30:00-04:00,54.279998779296875,54.419898986816406,54.04499816894531,54.2400016784668,42262,0.0,0.0
2024-03-12 09:30:00-04:00,54.33000183105469,54.33000183105469,53.790000915527344,53.86000061035156,9931,0.0,0.0
2024-03-12 10:30:00-04:00,53.935001373291016,54.5,53.90999984741211,54.29999923706055,15328,0.0,0.0
2024-03-12 11:30:00-04:00,54.22999954223633,54.22999954223633,53.9900016784668,54.130001068115234,10133,0.0,0.0
2024-03-12 12:30:00-04:00,54.09000015258789,54.150001525878906,53.959999084472656,54.08000183105469,9388,0.0,0.0
2024-03-12 13:30:00-04:00,54.040000915527344,54.345001220703125,53.939998626708984,54.31999969482422,11322,0.0,0.0
2024-03-12 14:30:00-04:00,54.334999084472656,54.404998779296875,54.119998931884766,54.38999938964844,14380,0.0,0.0
2024-03-12 15:30:00-04:00,54.415000915527344,54.415000915527344,53.97999954223633,54.06999969482422,34421,0.0,0.0
2024-03-13 09:30:00-04:00,53.959999084472656,54.45000076293945,53.470001220703125,54.13159942626953,25143,0.0,0.0
2024-03-13 10:30:00-04:00,54.11000061035156,54.33000183105469,53.97999954223633,54.10499954223633,17507,0.0,0.0
2024-03-13 11:30:00-04:00,54.11000061035156,54.318599700927734,53.880001068115234,54.2400016784668,20539,0.0,0.0
2024-03-13 12:30:00-04:00,54.29999923706055,54.7400016784668,54.22999954223633,54.7400016784668,16323,0.0,0.0
2024-03-13 13:30:00-04:00,54.66999816894531,54.66999816894531,54.33530044555664,54.54999923706055,13920,0.0,0.0
2024-03-13 14:30:00-04:00,54.529998779296875,54.56999969482422,54.27000045776367,54.33000183105469,16775,0.0,0.0
2024-03-13 15:30:00-04:00,54.36000061035156,54.47999954223633,54.29999923706055,54.47999954223633,33578,0.0,0.0
2024-03-14 09:30:00-04:00,54.61000061035156,54.61000061035156,53.33000183105469,53.570701599121094,10558,0.0,0.0
2024-03-14 10:30:00-04:00,53.47999954223633,53.755001068115234,53.220001220703125,53.220001220703125,11923,0.0,0.0
2024-03-14 11:30:00-04:00,53.25,53.880001068115234,53.25,53.84000015258789,11589,0.0,0.0
2024-03-14 12:30:00-04:00,53.84000015258789,54.04999923706055,53.599998474121094,53.599998474121094,9275,0.0,0.0
2024-03-14 13:30:00-04:00,53.665000915527344,53.880001068115234,53.494998931884766,53.59000015258789,14409,0.0,0.0
2024-03-14 14:30:00-04:00,53.51499938964844,53.59049987792969,52.959999084472656,52.970001220703125,18798,0.0,0.0
2024-03-14 15:30:00-04:00,53.02000045776367,53.349998474121094,52.96500015258789,53.349998474121094,40659,0.0,0.0
2024-03-15 09:30:00-04:00,52.9900016784668,53.930999755859375,52.9900016784668,53.56999969482422,59694,0.0,0.0
2024-03-15 10:30:00-04:00,53.557498931884766,53.65999984741211,53.279998779296875,53.41999816894531,14214,0.0,0.0
2024-03-15 11:30:00-04:00,53.470001220703125,53.63999938964844,53.38999938964844,53.47999954223633,8936,0.0,0.0
2024-03-15 12:30:00-04:00,53.5099983215332,53.665000915527344,53.34000015258789,53.47999954223633,10537,0.0,0.0
2024-03-15 13:30:00-04:00,53.505001068115234,53.630001068115234,53.290000915527344,53.400001525878906,14197,0.0,0.0
2024-03-15 14:30:00-04:00,53.45000076293945,53.54499816894531,53.22999954223633,53.40999984741211,16892,0.0,0.0
2024-03-15 15:30:00-04:00,53.369998931884766,53.63999938964844,53.22999954223633,53.439998626708984,33779,0.0,0.0
2024-03-18 09:30:00-04:00,53.22999954223633,53.290000915527344,52.72999954223633,52.82500076293945,19575,0.0,0.0
2024-03-18 10:30:00-04:00,52.91999816894531,53.619998931884766,52.91999816894531,53.5713996887207,12710,0.0,0.0
2024-03-18 11:30:00-04:00,53.57500076293945,53.58000183105469,53.31999969482422,53.58000183105469,20621,0.0,0.0
2024-03-18 12:30:00-04:00,53.65999984741211,53.689998626708984,53.5,53.638999938964844,11190,0.0,0.0
2024-03-18 13:30:00-04:00,53.6349983215332,53.63999938964844,53.369998931884766,53.5099983215332,12759,0.0,0.0
2024-03-18 14:30:00-04:00,53.47999954223633,53.5099983215332,53.27000045776367,53.5099983215332,27625,0.0,0.0
2024-03-18 15:30:00-04:00,53.45000076293945,53.5,53.04999923706055,53.209999084472656,49408,0.0,0.0
2024-03-19 09:30:00-04:00,53.20000076293945,53.90999984741211,53.20000076293945,53.845001220703125,11110,0.0,0.0
2024-03-19 10:30:00-04:00,53.808998107910156,54.275001525878906,53.807498931884766,54.27000045776367,10429,0.0,0.0
2024-03-19 11:30:00-04:00,54.275001525878906,54.349998474121094,54.18000030517578,54.25,12717,0.0,0.0
2024-03-19 12:30:00-04:00,54.22999954223633,54.5099983215332,54.20000076293945,54.439998626708984,14136,0.0,0.0
2024-03-19 13:30:00-04:00,54.529998779296875,54.61000061035156,54.52000045776367,54.599998474121094,9335,0.0,0.0
2024-03-19 14:30:00-04:00,54.630001068115234,54.92499923706055,54.630001068115234,54.849998474121094,16056,0.0,0.0
2024-03-19 15:30:00-04:00,54.82500076293945,55.2400016784668,54.810001373291016,54.97999954223633,50692,0.0,0.0
2024-03-20 09:30:00-04:00,54.88999938964844,54.997501373291016,54.38930130004883,54.38930130004883,8950,0.0,0.0
2024-03-20 10:30:00-04:00,54.44900131225586,54.81060028076172,54.439998626708984,54.709999084472656,6699,0.0,0.0
2024-03-20 11:30:00-04:00,54.70000076293945,54.75,54.61000061035156,54.73500061035156,4948,0.0,0.0
2024-03-20 12:30:00-04:00,54.91999816894531,55.02000045776367,54.91999816894531,54.939998626708984,3159,0.0,0.0
2024-03-20 13:30:00-04:00,54.77000045776367,55.43000030517578,54.69110107421875,55.20000076293945,18998,0.0,0.0
2024-03-20 14:30:00-04:00,55.310001373291016,55.970001220703125,54.939998626708984,55.880001068115234,20457,0.0,0.0
2024-03-20 15:30:00-04:00,55.93000030517578,56.18000030517578,55.70000076293945,55.959999084472656,29628,0.0,0.0
2024-03-21 09:30:00-04:00,56.25,56.499900817871094,55.694801330566406,56.36000061035156,17763,0.0,0.0
2024-03-21 10:30:00-04:00,56.36000061035156,56.68000030517578,56.310001373291016,56.459999084472656,17338,0.0,0.0
2024-03-21 11:30:00-04:00,56.40999984741211,56.71500015258789,56.310001373291016,56.32500076293945,7907,0.0,0.0
2024-03-21 12:30:00-04:00,56.29999923706055,56.310001373291016,56.119998931884766,56.19990158081055,10658,0.0,0.0
2024-03-21 13:30:00-04:00,56.13999938964844,56.45000076293945,56.13999938964844,56.36000061035156,10178,0.0,0.0
2024-03-21 14:30:00-04:00,56.310001373291016,56.529998779296875,56.255001068115234,56.459999084472656,15818,0.0,0.0
2024-03-21 15:30:00-04:00,56.369998931884766,56.45000076293945,56.17499923706055,56.400001525878906,30700,0.0,0.0
2024-03-22 09:30:00-04:00,56.349998474121094,56.349998474121094,55.95000076293945,56.09000015258789,4958,0.0,0.0
2024-03-22 10:30:00-04:00,56.11800003051758,56.11800003051758,55.810001373291016,55.97999954223633,6405,0.0,0.0
2024-03-22 11:30:00-04:00,55.93000030517578,56.150001525878906,55.880001068115234,56.119998931884766,5787,0.0,0.0
2024-03-22 12:30:00-04:00,56.125,56.220001220703125,56.119998931884766,56.189998626708984,5749,0.0,0.0
2024-03-22 13:30:00-04:00,56.099998474121094,56.34000015258789,56.0,56.34000015258789,6585,0.0,0.0
2024-03-22 14:30:00-04:00,56.31999969482422,56.34000015258789,55.95500183105469,56.10499954223633,7641,0.0,0.0
2024-03-22 15:30:00-04:00,56.099998474121094,56.20000076293945,55.98500061035156,55.9900016784668,19817,0.0,0.0
2024-03-25 09:30:00-04:00,56.369998931884766,56.900001525878906,55.05059814453125,56.4900016784668,8923,0.0,0.0
2024-03-25 10:30:00-04:00,56.369998931884766,56.709999084472656,56.310001373291016,56.66999816894531,8022,0.0,0.0
2024-03-25 11:30:00-04:00,56.619998931884766,56.685001373291016,56.56999969482422,56.685001373291016,5472,0.0,0.0
2024-03-25 12:30:00-04:00,56.630001068115234,56.970001220703125,56.630001068115234,56.84000015258789,9038,0.0,0.0
2024-03-25 13:30:00-04:00,56.81639862060547,56.98500061035156,56.790000915527344,56.98500061035156,7091,0.0,0.0
2024-03-25 14:30:00-04:00,57.04999923706055,57.08000183105469,56.83000183105469,56.83000183105469,8110,0.0,0.0
2024-03-25 15:30:00-04:00,56.810001373291016,56.88999938964844,56.58000183105469,56.61000061035156,24883,0.0,0.0
2024-03-26 09:30:00-04:00,57.119998931884766,57.119998931884766,56.51060104370117,56.51060104370117,7932,0.0,0.0
2024-03-26 10:30:00-04:00,56.470001220703125,56.58000183105469,56.209999084472656,56.36000061035156,7435,0.0,0.0
2024-03-26 11:30:00-04:00,56.25,56.439998626708984,56.13999938964844,56.439998626708984,4424,0.0,0.0
2024-03-26 12:30:00-04:00,56.5099983215332,56.95500183105469,56.5099983215332,56.91999816894531,8847,0.0,0.0
2024-03-26 13:30:00-04:00,56.81999969482422,57.0,56.81999969482422,57.0,7984,0.0,0.0
2024-03-26 14:30:00-04:00,57.01350021362305,57.04999923706055,56.849998474121094,56.880001068115234,14997,0.0,0.0
2024-03-26 15:30:00-04:00,56.91999816894531,56.959999084472656,56.5099983215332,56.540000915527344,31374,0.0,0.0
2024-03-27 09:30:00-04:00,57.130001068115234,57.30500030517578,57.119998931884766,57.189998626708984,8277,0.0,0.0
2024-03-27 10:30:00-04:00,57.369998931884766,57.61000061035156,57.290000915527344,57.59000015258789,10141,0.0,0.0
2024-03-27 11:30:00-04:00,57.58000183105469,57.58000183105469,57.165000915527344,57.165000915527344,7045,0.0,0.0
2024-03-27 12:30:00-04:00,57.099998474121094,57.19990158081055,57.0099983215332,57.025001525878906,7250,0.0,0.0
2024-03-27 13:30:00-04:00,57.150001525878906,57.41999816894531,57.130001068115234,57.27000045776367,8209,0.0,0.0
2024-03-27 14:30:00-04:00,57.349998474121094,57.42390060424805,57.209999084472656,57.310001373291016,11734,0.0,0.0
2024-03-27 15:30:00-04:00,57.369998931884766,57.380001068115234,57.244998931884766,57.33000183105469,27343,0.0,0.0
2024-03-28 09:30:00-04:00,57.4900016784668,57.4900016784668,57.040000915527344,57.040000915527344,8614,0.0,0.0
2024-03-28 10:30:00-04:00,57.275001525878906,57.630001068115234,57.275001525878906,57.630001068115234,11054,0.0,0.0
2024-03-28 11:30:00-04:00,57.7599983215332,57.79999923706055,57.70000076293945,57.70000076293945,6408,0.0,0.0
2024-03-28 12:30:00-04:00,57.650001525878906,57.70500183105469,57.6150016784668,57.70500183105469,5989,0.0,0.0
2024-03-28 13:30:00-04:00,57.39500045776367,57.41999816894531,57.1150016784668,57.1150016784668,4971,0.0,0.0
2024-03-28 14:30:00-04:00,57.06999969482422,57.33980178833008,57.025001525878906,57.2599983215332,15482,0.0,0.0
2024-03-28 15:30:00-04:00,57.290000915527344,57.4900016784668,57.2599983215332,57.40999984741211,19755,0.0,0.0
2024-04-01 09:30:00-04:00,57.33000183105469,57.33000183105469,56.52470016479492,56.849998474121094,24832,0.0,0.0
2024-04-01 10:30:00-04:00,56.79999923706055,56.959999084472656,56.56999969482422,56.56999969482422,3883,0.0,0.0
2024-04-01 11:30:00-04:00,56.5099983215332,56.6598014831543,56.185001373291016,56.56999969482422,9389,0.0,0.0
2024-04-01 12:30:00-04:00,56.459999084472656,56.459999084472656,56.25,56.459999084472656,8268,0.0,0.0
2024-04-01 13:30:00-04:00,56.56999969482422,56.56999969482422,56.38999938964844,56.400001525878906,6137,0.0,0.0
2024-04-01 14:30:00-04:00,56.400001525878906,56.4900016784668,56.16999816894531,56.4900016784668,11154,0.0,0.0
2024-04-01 15:30:00-04:00,56.4900016784668,56.654998779296875,56.200199127197266,56.41999816894531,39523,0.0,0.0
2024-04-02 09:30:00-04:00,56.11000061035156,56.40999984741211,55.779998779296875,55.959999084472656,13245,0.0,0.0
2024-04-02 10:30:00-04:00,55.88999938964844,56.0525016784668,55.71500015258789,55.71500015258789,7188,0.0,0.0
2024-04-02 11:30:00-04:00,55.720001220703125,55.849998474121094,55.560001373291016,55.849998474121094,10015,0.0,0.0
2024-04-02 12:30:00-04:00,55.83000183105469,55.85499954223633,55.665000915527344,55.755001068115234,7502,0.0,0.0
2024-04-02 13:30:00-04:00,55.709999084472656,56.11000061035156,55.55500030517578,56.07500076293945,16037,0.0,0.0
2024-04-02 14:30:00-04:00,56.04999923706055,56.13999938964844,55.95000076293945,55.97999954223633,11351,0.0,0.0
2024-04-02 15:30:00-04:00,55.939998626708984,56.29999923706055,55.939998626708984,56.150001525878906,31021,0.0,0.0
2024-04-03 09:30:00-04:00,56.16999816894531,56.25090026855469,55.689998626708984,55.779998779296875,9376,0.0,0.0
2024-04-03 10:30:00-04:00,55.849998474121094,56.2400016784668,55.810001373291016,56.09000015258789,9172,0.0,0.0
2024-04-03 11:30:00-04:00,56.0099983215332,56.0099983215332,55.65999984741211,55.77000045776367,8160,0.0,0.0
2024-04-03 12:30:00-04:00,55.849998474121094,55.849998474121094,55.7400016784668,55.83000183105469,7025,0.0,0.0
2024-04-03 13:30:00-04:00,55.720001220703125,55.84000015258789,55.557701110839844,55.84000015258789,10139,0.0,0.0
2024-04-03 14:30:00-04:00,55.96500015258789,55.96500015258789,55.58150100708008,55.58150100708008,12540,0.0,0.0
2024-04-03 15:30:00-04:00,55.689998626708984,56.13999938964844,55.68000030517578,56.13999938964844,19276,0.0,0.0
2024-04-04 09:30:00-04:00,56.77000045776367,56.86000061035156,56.03499984741211,56.86000061035156,5719,0.0,0.0
2024-04-04 10:30:00-04:00,56.869998931884766,57.380001068115234,56.79999923706055,57.380001068115234,9564,0.0,0.0
2024-04-04 11:30:00-04:00,57.29499816894531,58.09000015258789,57.29499816894531,57.83000183105469,10357,0.0,0.0
2024-04-04 12:30:00-04:00,57.82500076293945,57.97999954223633,57.779998779296875,57.81999969482422,5069,0.0,0.0
2024-04-04 13:30:00-04:00,57.779998779296875,57.779998779296875,56.970001220703125,56.970001220703125,17339,0.0,0.0
2024-04-04 14:30:00-04:00,56.790000915527344,56.849998474121094,56.28120040893555,56.28120040893555,12414,0.0,0.0
2024-04-04 15:30:00-04:00,56.349998474121094,57.13999938964844,56.18000030517578,57.060001373291016,63776,0.0,0.0
2024-04-05 09:30:00-04:00,57.189998626708984,57.380001068115234,56.630001068115234,56.75,8386,0.0,0.0
2024-04-05 10:30:00-04:00,56.720001220703125,56.84000015258789,56.39039993286133,56.70589828491211,10055,0.0,0.0
2024-04-05 11:30:00-04:00,56.720001220703125,57.165000915527344,56.720001220703125,57.099998474121094,8117,0.0,0.0
2024-04-05 12:30:00-04:00,57.19499969482422,57.290000915527344,56.900001525878906,57.290000915527344,6099,0.0,0.0
2024-04-05 13:30:00-04:00,57.21500015258789,57.21500015258789,56.81999969482422,57.029998779296875,8957,0.0,0.0
2024-04-05 14:30:00-04:00,56.92499923706055,57.18000030517578,56.91999816894531,57.18000030517578,12048,0.0,0.0
2024-04-05 15:30:00-04:00,57.119998931884766,57.5099983215332,57.119998931884766,57.439998626708984,21369,0.0,0.0
2024-04-08 09:30:00-04:00,57.720001220703125,57.73500061035156,57.279998779296875,57.43000030517578,9948,0.0,0.0
2024-04-08 10:30:00-04:00,57.448001861572266,57.90999984741211,57.448001861572266,57.81999969482422,6409,0.0,0.0
2024-04-08 11:30:00-04:00,57.790000915527344,57.959999084472656,57.790000915527344,57.959999084472656,4729,0.0,0.0
2024-04-08 12:30:00-04:00,58.040000915527344,58.08000183105469,57.779998779296875,57.95000076293945,9927,0.0,0.0
2024-04-08 13:30:00-04:00,58.095001220703125,58.11000061035156,57.9900016784668,58.11000061035156,4687,0.0,0.0
2024-04-08 14:30:00-04:00,58.060001373291016,58.209999084472656,57.9900016784668,58.209999084472656,9805,0.0,0.0
2024-04-08 15:30:00-04:00,58.209999084472656,58.25,57.95000076293945,58.119998931884766,21804,0.0,0.0
2024-04-09 09:30:00-04:00,58.369998931884766,58.60499954223633,57.849998474121094,58.0099983215332,12708,0.0,0.0
2024-04-09 10:30:00-04:00,57.959999084472656,57.959999084472656,57.22999954223633,57.22999954223633,9498,0.0,0.0
2024-04-09 11:30:00-04:00,57.20500183105469,57.255001068115234,56.970001220703125,57.255001068115234,4467,0.0,0.0
2024-04-09 12:30:00-04:00,57.349998474121094,57.43000030517578,57.08000183105469,57.29999923706055,8829,0.0,0.0
2024-04-09 13:30:00-04:00,57.29999923706055,57.43000030517578,57.2599983215332,57.334999084472656,8286,0.0,0.0
2024-04-09 14:30:00-04:00,57.25,57.27000045776367,57.040000915527344,57.2599983215332,10657,0.0,0.0
2024-04-09 15:30:00-04:00,57.36000061035156,57.40999984741211,57.165000915527344,57.33000183105469,25484,0.0,0.0
2024-04-10 09:30:00-04:00,56.45000076293945,56.76539993286133,56.060001373291016,56.70000076293945,13321,0.0,0.0
2024-04-10 10:30:00-04:00,56.720001220703125,56.95000076293945,56.31999969482422,56.31999969482422,15896,0.0,0.0
2024-04-10 11:30:00-04:00,56.310001373291016,56.400001525878906,55.93000030517578,56.400001525878906,11983,0.0,0.0
2024-04-10 12:30:00-04:00,56.349998474121094,56.560001373291016,56.290000915527344,56.51499938964844,19612,0.0,0.0
2024-04-10 13:30:00-04:00,56.36000061035156,56.77000045776367,56.34000015258789,56.4900016784668,10735,0.0,0.0
2024-04-10 14:30:00-04:00,56.439998626708984,57.34000015258789,56.43000030517578,56.83000183105469,14783,0.0,0.0
2024-04-10 15:30:00-04:00,56.7599983215332,57.310001373291016,56.63999938964844,57.29999923706055,42713,0.0,0.0
2024-04-11 09:30:00-04:00,57.70000076293945,57.880001068115234,57.269901275634766,57.349998474121094,22766,0.0,0.0
2024-04-11 10:30:00-04:00,57.369998931884766,57.41999816894531,56.96009826660156,56.97439956665039,17111,0.0,0.0
2024-04-11 11:30:00-04:00,57.029998779296875,57.563201904296875,57.02000045776367,57.442100524902344,7956,0.0,0.0
2024-04-11 12:30:00-04:00,57.34000015258789,57.779998779296875,57.34000015258789,57.75,9396,0.0,0.0
2024-04-11 13:30:00-04:00,57.77000045776367,57.96500015258789,57.685001373291016,57.75,15957,0.0,0.0
2024-04-11 14:30:00-04:00,57.79999923706055,57.95500183105469,57.68000030517578,57.810001373291016,11460,0.0,0.0
2024-04-11 15:30:00-04:00,57.75,58.4900016784668,57.689998626708984,58.45000076293945,47087,0.0,0.0
2024-04-12 09:30:00-04:00,58.459999084472656,58.75680160522461,57.66999816894531,57.915000915527344,25905,0.0,0.0
2024-04-12 10:30:00-04:00,57.68000030517578,57.82500076293945,57.599998474121094,57.689998626708984,8574,0.0,0.0
2024-04-12 11:30:00-04:00,57.720001220703125,57.7400016784668,57.22999954223633,57.404998779296875,10542,0.0,0.0
2024-04-12 12:30:00-04:00,57.279998779296875,57.279998779296875,56.959999084472656,57.09000015258789,10099,0.0,0.0
2024-04-12 13:30:00-04:00,57.04999923706055,57.2400016784668,56.869998931884766,57.15999984741211,12287,0.0,0.0
2024-04-12 14:30:00-04:00,57.1150016784668,57.209999084472656,56.790000915527344,56.79819869995117,19755,0.0,0.0
2024-04-12 15:30:00-04:00,56.849998474121094,57.59000015258789,56.77619934082031,57.59000015258789,66140,0.0,0.0
2024-04-15 09:30:00-04:00,57.86000061035156,58.16999816894531,57.599998474121094,57.755001068115234,12915,0.0,0.0
2024-04-15 10:30:00-04:00,57.75,57.79999923706055,57.25,57.25,8376,0.0,0.0
2024-04-15 11:30:00-04:00,57.36000061035156,57.709999084472656,57.2400016784668,57.2400016784668,10113,0.0,0.0
2024-04-15 12:30:00-04:00,57.09000015258789,57.09000015258789,56.619998931884766,56.88999938964844,14176,0.0,0.0
2024-04-15 13:30:00-04:00,56.845001220703125,56.93000030517578,56.72999954223633,56.72999954223633,13545,0.0,0.0
2024-04-15 14:30:00-04:00,56.709999084472656,56.84000015258789,56.5,56.75,15430,0.0,0.0
2024-04-15 15:30:00-04:00,56.83060073852539,57.40999984741211,56.83060073852539,57.400001525878906,44413,0.0,0.0
2024-04-16 09:30:00-04:00,57.150001525878906,57.150001525878906,56.31999969482422,56.525001525878906,12216,0.0,0.0
2024-04-16 10:30:00-04:00,56.470001220703125,56.90999984741211,56.41999816894531,56.78499984741211,10016,0.0,0.0
2024-04-16 11:30:00-04:00,56.78499984741211,56.869998931884766,56.720001220703125,56.79999923706055,5193,0.0,0.0
2024-04-16 12:30:00-04:00,56.76499938964844,57.040000915527344,56.76499938964844,57.040000915527344,6293,0.0,0.0
2024-04-16 13:30:00-04:00,56.83000183105469,56.95000076293945,56.560001373291016,56.65999984741211,11024,0.0,0.0
2024-04-16 14:30:00-04:00,56.67499923706055,57.05500030517578,56.67499923706055,57.05500030517578,9653,0.0,0.0
2024-04-16 15:30:00-04:00,57.0,57.290000915527344,56.83000183105469,57.290000915527344,34419,0.0,0.0
2024-04-17 09:30:00-04:00,57.43000030517578,57.8650016784668,57.369998931884766,57.77000045776367,13124,0.0,0.0
2024-04-17 10:30:00-04:00,57.75,57.81999969482422,57.560001373291016,57.65999984741211,9058,0.0,0.0
2024-04-17 11:30:00-04:00,57.5099983215332,57.630001068115234,56.997501373291016,57.0,14334,0.0,0.0
2024-04-17 12:30:00-04:00,56.9900016784668,57.31999969482422,56.900001525878906,57.31999969482422,9775,0.0,0.0
2024-04-17 13:30:00-04:00,57.2400016784668,57.2400016784668,56.84000015258789,56.84000015258789,10759,0.0,0.0
2024-04-17 14:30:00-04:00,56.91999816894531,57.22999954223633,56.685001373291016,56.685001373291016,16829,0.0,0.0
2024-04-17 15:30:00-04:00,56.77000045776367,56.849998474121094,56.6150016784668,56.75,34043,0.0,0.0
2024-04-18 09:30:00-04:00,56.720001220703125,57.35350036621094,56.560001373291016,57.16999816894531,14643,0.0,0.0
2024-04-18 10:30:00-04:00,57.380001068115234,57.5,57.28499984741211,57.4900016784668,11486,0.0,0.0
2024-04-18 11:30:00-04:00,57.47999954223633,57.505001068115234,56.915000915527344,57.04999923706055,8490,0.0,0.0
2024-04-18 12:30:00-04:00,57.029998779296875,57.029998779296875,56.189998626708984,56.41999816894531,13075,0.0,0.0
2024-04-18 13:30:00-04:00,56.34000015258789,56.36000061035156,56.25,56.34000015258789,7533,0.0,0.0
2024-04-18 14:30:00-04:00,56.279998779296875,56.709999084472656,56.27000045776367,56.63999938964844,15411,0.0,0.0
2024-04-18 15:30:00-04:00,56.68000030517578,56.81999969482422,56.34000015258789,56.43000030517578,23286,0.0,0.0
2024-04-19 09:30:00-04:00,56.11000061035156,57.30440139770508,56.11000061035156,57.03499984741211,15183,0.0,0.0
2024-04-19 10:30:00-04:00,56.995399475097656,57.540000915527344,56.995399475097656,57.439998626708984,14291,0.0,0.0
2024-04-19 11:30:00-04:00,57.41999816894531,57.76499938964844,57.41999816894531,57.42499923706055,9702,0.0,0.0
2024-04-19 12:30:00-04:00,57.48500061035156,58.0,57.45000076293945,57.75,12764,0.0,0.0
2024-04-19 13:30:00-04:00,57.67179870605469,57.93000030517578,57.67179870605469,57.79249954223633,11028,0.0,0.0
2024-04-19 14:30:00-04:00,57.81999969482422,58.32500076293945,57.72999954223633,58.01499938964844,21725,0.0,0.0
2024-04-19 15:30:00-04:00,58.0,58.349998474121094,57.81010055541992,58.27000045776367,33820,0.0,0.0
2024-04-22 09:30:00-04:00,58.5,58.9900016784668,58.06399917602539,58.9900016784668,18596,0.0,0.0
2024-04-22 10:30:00-04:00,58.92499923706055,59.38999938964844,58.22999954223633,59.369998931884766,34496,0.0,0.0
2024-04-22 11:30:00-04:00,59.189998626708984,59.70000076293945,58.9900016784668,59.650001525878906,23159,0.0,0.0
2024-04-22 12:30:00-04:00,59.650001525878906,59.98500061035156,59.627498626708984,59.869998931884766,21747,0.0,0.0
2024-04-22 13:30:00-04:00,59.790000915527344,60.18000030517578,59.68000030517578,59.869998931884766,27426,0.0,0.0
2024-04-22 14:30:00-04:00,59.779998779296875,59.91999816894531,59.02000045776367,59.130001068115234,23673,0.0,0.0
2024-04-22 15:30:00-04:00,59.125,59.125,58.58000183105469,58.95000076293945,48407,0.0,0.0
2024-04-23 09:30:00-04:00,58.95000076293945,59.94900131225586,58.630001068115234,59.7400016784668,34244,0.0,0.0
2024-04-23 10:30:00-04:00,59.880001068115234,60.78990173339844,59.83000183105469,60.61000061035156,40999,0.0,0.0
2024-04-23 11:30:00-04:00,60.470001220703125,60.529998779296875,60.119998931884766,60.25,30049,0.0,0.0
2024-04-23 12:30:00-04:00,60.3567008972168,60.900001525878906,60.3567008972168,60.7400016784668,27999,0.0,0.0
2024-04-23 13:30:00-04:00,60.689998626708984,61.38420104980469,60.41999816894531,61.299400329589844,29959,0.0,0.0
2024-04-23 14:30:00-04:00,61.22999954223633,61.45000076293945,60.720001220703125,60.7599983215332,44189,0.0,0.0
2024-04-23 15:30:00-04:00,60.78499984741211,61.0,60.38999938964844,60.400001525878906,49371,0.0,0.0
2024-04-24 09:30:00-04:00,60.119998931884766,60.119998931884766,58.459999084472656,58.970001220703125,24996,0.0,0.0
2024-04-24 10:30:00-04:00,58.96500015258789,59.029998779296875,57.86000061035156,57.86000061035156,25697,0.0,0.0
2024-04-24 11:30:00-04:00,57.86000061035156,58.2848014831543,57.72999954223633,57.900001525878906,32536,0.0,0.0
2024-04-24 12:30:00-04:00,57.880001068115234,57.880001068115234,57.099998474121094,57.11000061035156,17901,0.0,0.0
2024-04-24 13:30:00-04:00,57.11000061035156,57.65999984741211,56.935001373291016,57.029998779296875,33355,0.0,0.0
2024-04-24 14:30:00-04:00,57.02000045776367,57.25,56.88999938964844,57.060001373291016,41030,0.0,0.0
2024-04-24 15:30:00-04:00,57.04999923706055,57.709999084472656,56.90999984741211,57.369998931884766,73550,0.0,0.0
2024-04-25 09:30:00-04:00,56.900001525878906,57.0,55.79999923706055,55.83000183105469,24471,0.0,0.0
2024-04-25 10:30:00-04:00,55.8849983215332,55.88999938964844,55.470001220703125,55.75,23379,0.0,0.0
2024-04-25 11:30:00-04:00,55.86000061035156,55.94499969482422,55.72999954223633,55.72999954223633,15147,0.0,0.0
2024-04-25 12:30:00-04:00,55.72999954223633,56.09000015258789,55.70500183105469,55.740501403808594,11260,0.0,0.0
2024-04-25 13:30:00-04:00,55.75,56.005001068115234,55.75,55.78499984741211,11956,0.0,0.0
2024-04-25 14:30:00-04:00,55.84000015258789,56.380001068115234,55.84000015258789,56.380001068115234,16468,0.0,0.0
2024-04-25 15:30:00-04:00,56.31999969482422,56.65999984741211,56.25,56.599998474121094,28278,0.0,0.0
2024-04-26 09:30:00-04:00,56.59000015258789,57.369998931884766,55.94810104370117,56.75,10431,0.0,0.0
2024-04-26 10:30:00-04:00,56.720001220703125,56.755001068115234,56.26250076293945,56.26499938964844,16631,0.0,0.0
2024-04-26 11:30:00-04:00,56.290000915527344,56.630001068115234,56.220001220703125,56.54999923706055,10263,0.0,0.0
2024-04-26 12:30:00-04:00,56.564998626708984,56.72999954223633,56.40010070800781,56.40010070800781,8227,0.0,0.0
2024-04-26 13:30:00-04:00,56.46500015258789,56.650001525878906,56.459999084472656,56.58000183105469,11727,0.0,0.0
2024-04-26 14:30:00-04:00,56.59000015258789,56.75,56.279998779296875,56.31999969482422,25098,0.0,0.0
2024-04-26 15:30:00-04:00,56.45000076293945,57.02000045776367,56.38999938964844,56.83000183105469,38385,0.0,0.0
2024-04-29 09:30:00-04:00,57.18000030517578,57.7599983215332,57.18000030517578,57.58000183105469,9043,0.0,0.0
2024-04-29 10:30:00-04:00,57.5,57.540000915527344,57.06999969482422,57.06999969482422,6202,0.0,0.0
2024-04-29 11:30:00-04:00,57.08000183105469,57.400001525878906,56.9900016784668,57.400001525878906,6587,0.0,0.0
2024-04-29 12:30:00-04:00,57.380001068115234,57.63999938964844,57.380001068115234,57.58000183105469,5641,0.0,0.0
2024-04-29 13:30:00-04:00,57.599998474121094,57.779998779296875,57.45000076293945,57.61989974975586,9644,0.0,0.0
2024-04-29 14:30:00-04:00,57.56999969482422,57.57500076293945,57.29999923706055,57.46500015258789,15008,0.0,0.0
2024-04-29 15:30:00-04:00,57.494998931884766,57.564998626708984,57.244998931884766,57.25,24530,0.0,0.0
2024-04-30 09:30:00-04:00,57.06999969482422,57.06999969482422,56.09000015258789,56.2400016784668,9365,0.0,0.0
2024-04-30 10:30:00-04:00,56.15999984741211,56.29999923706055,56.06159973144531,56.11000061035156,18806,0.0,0.0
2024-04-30 11:30:00-04:00,56.11000061035156,56.11000061035156,55.849998474121094,55.904998779296875,6423,0.0,0.0
2024-04-30 12:30:00-04:00,55.70000076293945,55.738800048828125,55.439998626708984,55.709999084472656,10939,0.0,0.0
2024-04-30 13:30:00-04:00,55.66999816894531,55.70000076293945,55.119998931884766,55.119998931884766,15137,0.0,0.0
2024-04-30 14:30:00-04:00,55.15999984741211,55.29999923706055,54.7599983215332,54.83000183105469,42542,0.0,0.0
2024-04-30 15:30:00-04:00,54.720001220703125,55.244998931884766,54.720001220703125,54.900001525878906,43641,0.0,0.0
2024-05-01 09:30:00-04:00,54.560001373291016,55.630001068115234,54.5,55.279998779296875,11369,0.0,0.0
2024-05-01 10:30:00-04:00,55.040000915527344,55.18000030517578,54.91999816894531,55.029998779296875,7941,0.0,0.0
2024-05-01 11:30:00-04:00,54.94499969482422,55.099998474121094,54.86000061035156,55.099998474121094,5511,0.0,0.0
2024-05-01 12:30:00-04:00,55.099998474121094,55.290000915527344,54.81999969482422,54.869998931884766,9453,0.0,0.0
2024-05-01 13:30:00-04:00,54.83000183105469,55.04999923706055,54.61000061035156,54.90999984741211,8740,0.0,0.0
2024-05-01 14:30:00-04:00,54.97999954223633,55.72999954223633,54.75,55.459999084472656,18935,0.0,0.0
2024-05-01 15:30:00-04:00,55.400001525878906,55.47999954223633,54.939998626708984,55.01750183105469,26529,0.0,0.0
2024-05-02 09:30:00-04:00,55.63999938964844,55.72999954223633,55.40999984741211,55.68000030517578,5781,0.0,0.0
2024-05-02 10:30:00-04:00,55.564998626708984,55.689998626708984,55.45000076293945,55.66999816894531,7614,0.0,0.0
2024-05-02 11:30:00-04:00,55.595001220703125,56.0099983215332,55.595001220703125,56.0099983215332,5797,0.0,0.0
2024-05-02 12:30:00-04:00,56.060001373291016,56.334999084472656,56.04999923706055,56.10499954223633,7904,0.0,0.0
2024-05-02 13:30:00-04:00,56.099998474121094,56.1875,56.0,56.09000015258789,9334,0.0,0.0
2024-05-02 14:30:00-04:00,56.099998474121094,56.23500061035156,56.06999969482422,56.13999938964844,11285,0.0,0.0
2024-05-02 15:30:00-04:00,56.130001068115234,56.130001068115234,55.939998626708984,56.099998474121094,24976,0.0,0.0
2024-05-03 09:30:00-04:00,56.5099983215332,56.5099983215332,55.93000030517578,56.02000045776367,9625,0.0,0.0
2024-05-03 10:30:00-04:00,56.02000045776367,56.07500076293945,55.89500045776367,55.92290115356445,9341,0.0,0.0
2024-05-03 11:30:00-04:00,56.04999923706055,56.099998474121094,55.709999084472656,56.03990173339844,11079,0.0,0.0
2024-05-03 12:30:00-04:00,56.06999969482422,56.2599983215332,56.0,56.25,5293,0.0,0.0
2024-05-03 13:30:00-04:00,56.15999984741211,56.4900016784668,56.15999984741211,56.439998626708984,7069,0.0,0.0
2024-05-03 14:30:00-04:00,56.52000045776367,56.709999084472656,56.32500076293945,56.32500076293945,15109,0.0,0.0
2024-05-03 15:30:00-04:00,56.38999938964844,56.58000183105469,56.38999938964844,56.560001373291016,26578,0.0,0.0
2024-05-06 09:30:00-04:00,57.0,57.39289855957031,56.50239944458008,56.91999816894531,7590,0.0,0.0
2024-05-06 10:30:00-04:00,56.81999969482422,56.935001373291016,56.43000030517578,56.43000030517578,8466,0.0,0.0
2024-05-06 11:30:00-04:00,56.470001220703125,56.900001525878906,56.400001525878906,56.900001525878906,7980,0.0,0.0
2024-05-06 12:30:00-04:00,56.88999938964844,56.98500061035156,56.810001373291016,56.939998626708984,9941,0.0,0.0
2024-05-06 13:30:00-04:00,56.939998626708984,57.10499954223633,56.88999938964844,56.95000076293945,9493,0.0,0.0
2024-05-06 14:30:00-04:00,56.97999954223633,57.0,56.63999938964844,56.755001068115234,13317,0.0,0.0
2024-05-06 15:30:00-04:00,56.7599983215332,56.7599983215332,56.33000183105469,56.619998931884766,39233,0.0,0.0
2024-05-07 09:30:00-04:00,56.45000076293945,57.0,56.45000076293945,56.75,9489,0.0,0.0
2024-05-07 10:30:00-04:00,56.869998931884766,57.02000045776367,56.79999923706055,57.02000045776367,10797,0.0,0.0
2024-05-07 11:30:00-04:00,57.029998779296875,57.060001373291016,56.560001373291016,56.65999984741211,17859,0.0,0.0
2024-05-07 12:30:00-04:00,56.665000915527344,56.790000915527344,56.43000030517578,56.56999969482422,11816,0.0,0.0
2024-05-07 13:30:00-04:00,56.529998779296875,56.93000030517578,56.529998779296875,56.736000061035156,13862,0.0,0.0
2024-05-07 14:30:00-04:00,56.814998626708984,57.150001525878906,56.459999084472656,56.52000045776367,25595,0.0,0.0
2024-05-07 15:30:00-04:00,56.59000015258789,56.68000030517578,56.06999969482422,56.13999938964844,55009,0.0,0.0
2024-05-08 09:30:00-04:00,52.0,54.095001220703125,48.54999923706055,53.439998626708984,69756,0.0,0.0
2024-05-08 10:30:00-04:00,53.279998779296875,53.88999938964844,52.31999969482422,52.64500045776367,31809,0.0,0.0
2024-05-08 11:30:00-04:00,52.529998779296875,52.70000076293945,51.5099983215332,51.95000076293945,33084,0.0,0.0
2024-05-08 12:30:00-04:00,51.86000061035156,51.915000915527344,51.13999938964844,51.13999938964844,25644,0.0,0.0
2024-05-08 13:30:00-04:00,50.92499923706055,51.040000915527344,50.36000061035156,50.91999816894531,32924,0.0,0.0
2024-05-08 14:30:00-04:00,51.029998779296875,51.029998779296875,50.31999969482422,50.70000076293945,53663,0.0,0.0
2024-05-08 15:30:00-04:00,50.68000030517578,51.595001220703125,50.54999923706055,51.41999816894531,85312,0.0,0.0
2024-05-09 09:30:00-04:00,51.18000030517578,52.73500061035156,51.18000030517578,52.404998779296875,24206,0.0,0.0
2024-05-09 10:30:00-04:00,52.42539978027344,53.22999954223633,52.20000076293945,53.22999954223633,21398,0.0,0.0
2024-05-09 11:30:00-04:00,53.130001068115234,53.64500045776367,53.02000045776367,53.32500076293945,15302,0.0,0.0
2024-05-09 12:30:00-04:00,53.08000183105469,53.31999969482422,52.88999938964844,52.88999938964844,18155,0.0,0.0
2024-05-09 13:30:00-04:00,52.935001373291016,53.25899887084961,52.529998779296875,53.25899887084961,21145,0.0,0.0
2024-05-09 14:30:00-04:00,53.15999984741211,53.5,52.959999084472656,53.130001068115234,31028,0.0,0.0
2024-05-09 15:30:00-04:00,53.15999984741211,53.28499984741211,52.849998474121094,52.90999984741211,67900,0.0,0.0
2024-05-10 09:30:00-04:00,52.72999954223633,53.529998779296875,52.54999923706055,53.10499954223633,24467,0.0,0.0
2024-05-10 10:30:00-04:00,53.04999923706055,53.43000030517578,53.04999923706055,53.2859992980957,20021,0.0,0.0
2024-05-10 11:30:00-04:00,53.31999969482422,53.31999969482422,52.709999084472656,52.709999084472656,17916,0.0,0.0
2024-05-10 12:30:00-04:00,52.73500061035156,53.15999984741211,52.73500061035156,53.040000915527344,19239,0.0,0.0
2024-05-10 13:30:00-04:00,53.06999969482422,53.15999984741211,52.52000045776367,52.77000045776367,38428,0.0,0.0
2024-05-10 14:30:00-04:00,52.77000045776367,52.86000061035156,52.47999954223633,52.86000061035156,19866,0.0,0.0
2024-05-10 15:30:00-04:00,52.81999969482422,53.40999984741211,52.81999969482422,53.40999984741211,54616,0.0,0.0
2024-05-13 09:30:00-04:00,53.720001220703125,53.900001525878906,53.529998779296875,53.790000915527344,10478,0.0,0.0
2024-05-13 10:30:00-04:00,53.79999923706055,53.95000076293945,53.72999954223633,53.810001373291016,21908,0.0,0.0
2024-05-13 11:30:00-04:00,53.80500030517578,53.80500030517578,52.75,52.75,19418,0.0,0.0
2024-05-13 12:30:00-04:00,52.869998931884766,52.900001525878906,52.72999954223633,52.810001373291016,15986,0.0,0.0
2024-05-13 13:30:00-04:00,52.56999969482422,52.70000076293945,52.52000045776367,52.70000076293945,7868,0.0,0.0
2024-05-13 14:30:00-04:00,52.720001220703125,52.720001220703125,52.38999938964844,52.45000076293945,17005,0.0,0.0
2024-05-13 15:30:00-04:00,52.345001220703125,52.36000061035156,51.9900016784668,52.029998779296875,35838,0.0,0.0
2024-05-14 09:30:00-04:00,52.33000183105469,52.774200439453125,51.90999984741211,51.90999984741211,10629,0.0,0.0
2024-05-14 10:30:00-04:00,51.810001373291016,52.165000915527344,51.810001373291016,52.16239929199219,6071,0.0,0.0
2024-05-14 11:30:00-04:00,52.15999984741211,52.349998474121094,51.91999816894531,52.31999969482422,15039,0.0,0.0
2024-05-14 12:30:00-04:00,52.310001373291016,52.36000061035156,52.27000045776367,52.33000183105469,8048,0.0,0.0
2024-05-14 13:30:00-04:00,52.38999938964844,52.404998779296875,52.2400016784668,52.27000045776367,9632,0.0,0.0
2024-05-14 14:30:00-04:00,52.150001525878906,52.43000030517578,52.09000015258789,52.400001525878906,13666,0.0,0.0
2024-05-14 15:30:00-04:00,52.41999816894531,52.5,52.16999816894531,52.39099884033203,29803,0.0,0.0
2024-05-15 09:30:00-04:00,52.900001525878906,52.900001525878906,51.59000015258789,51.654998779296875,12957,0.0,0.0
2024-05-15 10:30:00-04:00,51.849998474121094,52.08000183105469,51.849998474121094,52.04999923706055,11693,0.0,0.0
2024-05-15 11:30:00-04:00,52.060001373291016,52.08000183105469,51.685001373291016,51.91999816894531,7571,0.0,0.0
2024-05-15 12:30:00-04:00,51.959999084472656,52.22829818725586,51.820098876953125,52.06999969482422,13058,0.0,0.0
2024-05-15 13:30:00-04:00,52.02000045776367,52.060001373291016,51.7401008605957,52.02000045776367,10872,0.0,0.0
2024-05-15 14:30:00-04:00,51.970001220703125,51.970001220703125,51.81999969482422,51.900001525878906,14249,0.0,0.0
2024-05-15 15:30:00-04:00,51.880001068115234,52.209999084472656,51.880001068115234,52.150001525878906,28500,0.0,0.0
2024-05-16 09:30:00-04:00,51.76499938964844,51.959999084472656,51.630001068115234,51.959999084472656,5559,0.0,0.0
2024-05-16 10:30:00-04:00,51.95500183105469,51.97119903564453,51.6150016784668,51.95119857788086,7736,0.0,0.0
2024-05-16 11:30:00-04:00,51.81999969482422,51.81999969482422,51.595001220703125,51.66999816894531,10979,0.0,0.0
2024-05-16 12:30:00-04:00,51.70000076293945,51.790000915527344,51.68000030517578,51.68000030517578,7763,0.0,0.0
2024-05-16 13:30:00-04:00,51.720001220703125,52.02000045776367,51.720001220703125,52.02000045776367,9457,0.0,0.0
2024-05-16 14:30:00-04:00,52.15999984741211,52.400001525878906,52.15999984741211,52.20000076293945,17016,0.0,0.0
2024-05-16 15:30:00-04:00,52.22100067138672,52.560001373291016,52.15999984741211,52.40999984741211,32574,0.0,0.0
2024-05-17 09:30:00-04:00,52.66999816894531,52.790000915527344,52.140098571777344,52.25,12097,0.0,0.0
2024-05-17 10:30:00-04:00,52.27000045776367,52.27000045776367,51.619998931884766,51.619998931884766,10887,0.0,0.0
2024-05-17 11:30:00-04:00,51.560001373291016,51.62160110473633,51.290000915527344,51.290000915527344,9629,0.0,0.0
2024-05-17 12:30:00-04:00,51.130001068115234,51.470001220703125,51.130001068115234,51.470001220703125,6215,0.0,0.0
2024-05-17 13:30:00-04:00,51.529998779296875,51.56999969482422,51.380001068115234,51.380001068115234,9704,0.0,0.0
2024-05-17 14:30:00-04:00,51.45000076293945,51.47999954223633,51.31999969482422,51.31999969482422,10697,0.0,0.0
2024-05-17 15:30:00-04:00,51.38999938964844,51.5,51.24100112915039,51.45000076293945,24730,0.0,0.0
2024-05-20 09:30:00-04:00,51.220001220703125,51.689998626708984,51.03010177612305,51.59000015258789,16286,0.0,0.0
2024-05-20 10:30:00-04:00,51.53010177612305,52.07109832763672,51.53010177612305,51.72999954223633,11754,0.0,0.0
2024-05-20 11:30:00-04:00,51.68000030517578,51.7599983215332,51.45000076293945,51.744998931884766,7686,0.0,0.0
2024-05-20 12:30:00-04:00,51.75,52.03499984741211,51.75,51.970001220703125,11202,0.0,0.0
2024-05-20 13:30:00-04:00,51.88999938964844,52.0,51.68000030517578,51.79999923706055,10525,0.0,0.0
2024-05-20 14:30:00-04:00,51.810001373291016,51.849998474121094,51.2599983215332,51.349998474121094,18741,0.0,0.0
2024-05-20 15:30:00-04:00,51.349998474121094,51.439998626708984,50.95000076293945,51.06999969482422,44052,0.0,0.0
2024-05-21 09:30:00-04:00,51.22999954223633,51.334999084472656,50.86669921875,51.19900131225586,11141,0.0,0.0
2024-05-21 10:30:00-04:00,51.14500045776367,51.540000915527344,50.979000091552734,51.5099983215332,8631,0.0,0.0
2024-05-21 11:30:00-04:00,51.474998474121094,51.474998474121094,51.138999938964844,51.310001373291016,6280,0.0,0.0
2024-05-21 12:30:00-04:00,51.29499816894531,51.29999923706055,50.90999984741211,50.90999984741211,15291,0.0,0.0
2024-05-21 13:30:00-04:00,50.97999954223633,51.599998474121094,50.97999954223633,51.400001525878906,15305,0.0,0.0
2024-05-21 14:30:00-04:00,51.369998931884766,51.63999938964844,51.369998931884766,51.54750061035156,10594,0.0,0.0
2024-05-21 15:30:00-04:00,51.57500076293945,51.619998931884766,51.32500076293945,51.560001373291016,38422,0.0,0.0
2024-05-22 09:30:00-04:00,51.25,51.290000915527344,51.06999969482422,51.27000045776367,10255,0.0,0.0
2024-05-22 10:30:00-04:00,51.04999923706055,51.369998931884766,50.95500183105469,51.349998474121094,10837,0.0,0.0
2024-05-22 11:30:00-04:00,51.38999938964844,51.70000076293945,51.38999938964844,51.70000076293945,7048,0.0,0.0
2024-05-22 12:30:00-04:00,51.77000045776367,51.77000045776367,51.47999954223633,51.720001220703125,8978,0.0,0.0
2024-05-22 13:30:00-04:00,51.630001068115234,51.75,51.2599983215332,51.2599983215332,14039,0.0,0.0
2024-05-22 14:30:00-04:00,51.2400016784668,51.53499984741211,51.23500061035156,51.532501220703125,16514,0.0,0.0
2024-05-22 15:30:00-04:00,51.5,51.7599983215332,51.45000076293945,51.7599983215332,30970,0.0,0.0
2024-05-23 09:30:00-04:00,51.900001525878906,51.900001525878906,51.15999984741211,51.220001220703125,7205,0.0,0.0
2024-05-23 10:30:00-04:00,51.13010025024414,51.79499816894531,51.13010025024414,51.20000076293945,17027,0.0,0.0
2024-05-23 11:30:00-04:00,51.154998779296875,51.224998474121094,50.93000030517578,51.005001068115234,13765,0.0,0.0
2024-05-23 12:30:00-04:00,51.11000061035156,51.28110122680664,50.93000030517578,50.95000076293945,13400,0.0,0.0
2024-05-23 13:30:00-04:00,51.029998779296875,51.029998779296875,50.709999084472656,50.814998626708984,15833,0.0,0.0
2024-05-23 14:30:00-04:00,50.80500030517578,51.2599983215332,50.73400115966797,51.2599983215332,19140,0.0,0.0
2024-05-23 15:30:00-04:00,51.27000045776367,51.56999969482422,51.26499938964844,51.4900016784668,47433,0.0,0.0
2024-05-24 09:30:00-04:00,51.97999954223633,51.97999954223633,51.32389831542969,51.45500183105469,13768,0.0,0.0
2024-05-24 10:30:00-04:00,51.36000061035156,51.70989990234375,51.150001525878906,51.41999816894531,13037,0.0,0.0
2024-05-24 11:30:00-04:00,51.380001068115234,51.68000030517578,51.279998779296875,51.61000061035156,12486,0.0,0.0
2024-05-24 12:30:00-04:00,51.54999923706055,51.91999816894531,51.5099983215332,51.90999984741211,10012,0.0,0.0
2024-05-24 13:30:00-04:00,51.84000015258789,52.060001373291016,51.650001525878906,51.689998626708984,10871,0.0,0.0
2024-05-24 14:30:00-04:00,51.7599983215332,52.0,51.70000076293945,51.95000076293945,16808,0.0,0.0
2024-05-24 15:30:00-04:00,51.91999816894531,52.13999938964844,51.86000061035156,51.970001220703125,30716,0.0,0.0
2024-05-28 09:30:00-04:00,51.970001220703125,51.970001220703125,51.1416015625,51.34000015258789,9860,0.0,0.0
2024-05-28 10:30:00-04:00,51.34000015258789,52.09000015258789,51.09000015258789,52.09000015258789,7611,0.0,0.0
2024-05-28 11:30:00-04:00,52.00339889526367,52.54999923706055,52.0,52.54999923706055,12891,0.0,0.0
2024-05-28 12:30:00-04:00,52.59000015258789,52.7599983215332,52.345001220703125,52.5,12608,0.0,0.0
2024-05-28 13:30:00-04:00,52.540000915527344,52.540000915527344,52.2599983215332,52.345001220703125,11185,0.0,0.0
2024-05-28 14:30:00-04:00,52.2599983215332,52.53499984741211,52.10749816894531,52.529998779296875,18871,0.0,0.0
2024-05-28 15:30:00-04:00,52.529998779296875,52.720001220703125,52.40999984741211,52.66999816894531,23230,0.0,0.0
2024-05-29 09:30:00-04:00,51.900001525878906,52.2400016784668,51.720001220703125,51.72999954223633,8818,0.0,0.0
2024-05-29 10:30:00-04:00,51.599998474121094,52.06999969482422,51.599998474121094,51.880001068115234,6985,0.0,0.0
2024-05-29 11:30:00-04:00,51.869998931884766,52.119998931884766,51.80009841918945,52.02000045776367,9400,0.0,0.0
2024-05-29 12:30:00-04:00,51.959999084472656,51.959999084472656,51.630001068115234,51.869998931884766,12605,0.0,0.0
2024-05-29 13:30:00-04:00,51.79999923706055,51.95000076293945,51.72999954223633,51.75,7142,0.0,0.0
2024-05-29 14:30:00-04:00,51.810001373291016,52.11000061035156,51.75,52.11000061035156,12921,0.0,0.0
2024-05-29 15:30:00-04:00,52.06999969482422,52.130001068115234,51.880001068115234,51.880001068115234,29104,0.0,0.0
2024-05-30 09:30:00-04:00,52.13999938964844,52.13999938964844,51.45500183105469,51.76499938964844,8120,0.0,0.0
2024-05-30 10:30:00-04:00,51.729000091552734,52.099998474121094,51.729000091552734,52.08319854736328,6249,0.0,0.0
2024-05-30 11:30:00-04:00,51.95009994506836,52.040000915527344,51.81999969482422,52.040000915527344,6598,0.0,0.0
2024-05-30 12:30:00-04:00,52.04999923706055,52.189998626708984,51.849998474121094,51.880001068115234,7898,0.0,0.0
2024-05-30 13:30:00-04:00,51.91999816894531,52.0,51.85499954223633,51.95000076293945,3370,0.0,0.0
2024-05-30 14:30:00-04:00,51.959999084472656,51.959999084472656,51.709999084472656,51.875,10154,0.0,0.0
2024-05-30 15:30:00-04:00,51.939998626708984,52.1150016784668,51.70000076293945,51.7400016784668,22414,0.0,0.0
2024-05-31 09:30:00-04:00,51.470001220703125,51.58000183105469,50.849998474121094,51.46500015258789,43842,0.0,0.0
2024-05-31 10:30:00-04:00,51.43000030517578,52.505001068115234,51.350101470947266,52.29499816894531,29233,0.0,0.0
2024-05-31 11:30:00-04:00,52.25,52.279998779296875,51.79999923706055,51.79999923706055,12391,0.0,0.0
2024-05-31 12:30:00-04:00,51.7400016784668,52.01499938964844,51.540000915527344,51.540000915527344,16731,0.0,0.0
2024-05-31 13:30:00-04:00,51.540000915527344,51.56999969482422,51.20000076293945,51.459999084472656,22016,0.0,0.0
2024-05-31 14:30:00-04:00,51.369998931884766,52.169898986816406,51.36000061035156,52.102500915527344,14732,0.0,0.0
2024-05-31 15:30:00-04:00,52.11000061035156,52.63999938964844,52.09000015258789,52.29999923706055,26968,0.0,0.0
2024-06-03 09:30:00-04:00,52.439998626708984,52.61249923706055,51.630001068115234,51.630001068115234,9854,0.0,0.0
2024-06-03 10:30:00-04:00,51.70000076293945,51.70000076293945,51.06999969482422,51.11000061035156,6690,0.0,0.0
2024-06-03 11:30:00-04:00,51.2599983215332,51.310001373291016,50.67499923706055,50.810001373291016,12551,0.0,0.0
2024-06-03 12:30:00-04:00,50.779998779296875,50.97999954223633,50.470001220703125,50.5,15661,0.0,0.0
2024-06-03 13:30:00-04:00,50.54999923706055,50.91999816894531,50.54999923706055,50.76499938964844,14493,0.0,0.0
2024-06-03 14:30:00-04:00,50.86000061035156,51.18000030517578,50.80189895629883,50.83700180053711,18212,0.0,0.0
2024-06-03 15:30:00-04:00,50.90999984741211,51.43000030517578,50.81999969482422,51.349998474121094,35253,0.0,0.0
2024-06-04 09:30:00-04:00,51.02000045776367,51.02000045776367,50.599998474121094,50.599998474121094,5481,0.0,0.0
2024-06-04 10:30:00-04:00,50.810001373291016,50.83000183105469,50.34000015258789,50.55500030517578,7156,0.0,0.0
2024-06-04 11:30:00-04:00,50.459999084472656,50.5099983215332,50.33000183105469,50.33000183105469,6068,0.0,0.0
2024-06-04 12:30:00-04:00,50.2400016784668,50.279998779296875,50.13999938964844,50.154998779296875,5708,0.0,0.0
2024-06-04 13:30:00-04:00,50.21500015258789,50.34000015258789,50.119998931884766,50.189998626708984,6257,0.0,0.0
2024-06-04 14:30:00-04:00,50.119998931884766,50.18000030517578,49.810001373291016,49.84379959106445,12675,0.0,0.0
2024-06-04 15:30:00-04:00,49.779998779296875,50.36000061035156,49.779998779296875,50.3390007019043,43178,0.0,0.0
2024-06-05 09:30:00-04:00,50.70000076293945,50.70000076293945,50.130001068115234,50.27000045776367,8580,0.0,0.0
2024-06-05 10:30:00-04:00,50.060001373291016,50.474998474121094,49.991798400878906,50.43000030517578,9156,0.0,0.0
2024-06-05 11:30:00-04:00,50.40999984741211,50.59000015258789,50.3650016784668,50.39500045776367,5721,0.0,0.0
2024-06-05 12:30:00-04:00,50.3650016784668,50.51499938964844,50.345001220703125,50.435001373291016,5875,0.0,0.0
2024-06-05 13:30:00-04:00,50.41999816894531,50.41999816894531,50.15999984741211,50.20000076293945,9789,0.0,0.0
2024-06-05 14:30:00-04:00,50.22999954223633,50.290000915527344,49.959999084472656,49.970001220703125,13114,0.0,0.0
2024-06-05 15:30:00-04:00,49.970001220703125,50.16999816894531,49.810001373291016,49.810001373291016,65181,0.0,0.0
2024-06-06 09:30:00-04:00,49.630001068115234,50.150001525878906,49.630001068115234,50.150001525878906,8149,0.0,0.0
2024-06-06 10:30:00-04:00,50.119998931884766,50.54999923706055,50.119998931884766,50.525001525878906,9578,0.0,0.0
2024-06-06 11:30:00-04:00,50.54999923706055,50.65999984741211,50.470001220703125,50.619998931884766,8084,0.0,0.0
2024-06-06 12:30:00-04:00,50.75,50.90999984741211,50.66999816894531,50.90999984741211,8545,0.0,0.0
2024-06-06 13:30:00-04:00,50.86000061035156,50.970001220703125,50.66999816894531,50.790000915527344,10283,0.0,0.0
2024-06-06 14:30:00-04:00,50.72999954223633,51.06999969482422,50.72999954223633,50.970001220703125,18405,0.0,0.0
2024-06-06 15:30:00-04:00,51.0,51.08000183105469,50.560001373291016,50.560001373291016,24359,0.0,0.0
2024-06-07 09:30:00-04:00,50.40999984741211,50.69599914550781,50.095001220703125,50.46009826660156,5932,0.0,0.0
2024-06-07 10:30:00-04:00,50.58000183105469,50.66999816894531,50.02000045776367,50.02000045776367,8918,0.0,0.0
2024-06-07 11:30:00-04:00,50.029998779296875,50.18000030517578,49.95500183105469,50.18000030517578,8500,0.0,0.0
2024-06-07 12:30:00-04:00,50.154998779296875,50.154998779296875,49.70000076293945,49.85499954223633,11163,0.0,0.0
2024-06-07 13:30:00-04:00,49.810001373291016,50.095001220703125,49.75,49.75,18887,0.0,0.0
2024-06-07 14:30:00-04:00,49.73500061035156,50.04999923706055,49.73500061035156,50.005001068115234,13479,0.0,0.0
2024-06-07 15:30:00-04:00,49.974998474121094,50.209999084472656,49.974998474121094,50.005001068115234,24941,0.0,0.0
2024-06-10 09:30:00-04:00,49.63999938964844,50.04999923706055,49.11000061035156,49.619998931884766,18013,0.0,0.0
2024-06-10 10:30:00-04:00,49.4370002746582,49.53499984741211,49.34170150756836,49.40010070800781,8811,0.0,0.0
2024-06-10 11:30:00-04:00,49.52000045776367,49.619998931884766,49.45000076293945,49.45000076293945,10022,0.0,0.0
2024-06-10 12:30:00-04:00,49.4900016784668,49.4900016784668,49.11000061035156,49.400001525878906,16083,0.0,0.0
2024-06-10 13:30:00-04:00,49.33000183105469,49.76499938964844,49.33000183105469,49.58000183105469,17280,0.0,0.0
2024-06-10 14:30:00-04:00,49.47999954223633,49.72999954223633,49.439998626708984,49.625,16705,0.0,0.0
2024-06-10 15:30:00-04:00,49.709999084472656,49.72999954223633,49.41999816894531,49.529998779296875,31233,0.0,0.0
2024-06-11 09:30:00-04:00,49.20000076293945,49.55500030517578,48.5099983215332,49.310001373291016,25368,0.0,0.0
2024-06-11 10:30:00-04:00,49.16999816894531,49.4989013671875,49.130001068115234,49.279998779296875,4219,0.0,0.0
2024-06-11 11:30:00-04:00,49.349998474121094,49.44499969482422,49.282901763916016,49.34000015258789,6783,0.0,0.0
2024-06-11 12:30:00-04:00,49.31999969482422,49.619998931884766,49.31999969482422,49.459999084472656,6137,0.0,0.0
2024-06-11 13:30:00-04:00,49.52000045776367,49.6974983215332,49.41999816894531,49.470001220703125,8604,0.0,0.0
2024-06-11 14:30:00-04:00,49.470401763916016,49.66999816894531,49.255001068115234,49.630001068115234,10771,0.0,0.0
2024-06-11 15:30:00-04:00,49.619998931884766,49.619998931884766,49.34000015258789,49.34000015258789,30698,0.0,0.0
2024-06-12 09:30:00-04:00,50.459999084472656,50.939998626708984,49.92100143432617,50.85850143432617,12056,0.0,0.0
2024-06-12 10:30:00-04:00,50.7599983215332,50.92499923706055,50.349998474121094,50.470001220703125,10866,0.0,0.0
2024-06-12 11:30:00-04:00,50.45500183105469,50.45500183105469,49.98500061035156,50.38999938964844,21561,0.0,0.0
2024-06-12 12:30:00-04:00,50.41999816894531,50.61000061035156,50.415000915527344,50.560001373291016,13037,0.0,0.0
2024-06-12 13:30:00-04:00,50.470001220703125,50.529998779296875,49.95000076293945,50.255001068115234,9234,0.0,0.0
2024-06-12 14:30:00-04:00,50.31999969482422,50.31999969482422,49.59000015258789,49.61000061035156,14355,0.0,0.0
2024-06-12 15:30:00-04:00,49.599998474121094,49.81999969482422,49.599998474121094,49.709999084472656,22492,0.0,0.0
2024-06-13 09:30:00-04:00,49.560001373291016,49.839900970458984,49.040000915527344,49.07500076293945,5270,0.0,0.0
2024-06-13 10:30:00-04:00,49.04999923706055,49.04999923706055,48.67499923706055,48.869998931884766,5805,0.0,0.0
2024-06-13 11:30:00-04:00,49.07899856567383,49.189998626708984,48.72999954223633,48.81999969482422,5969,0.0,0.0
2024-06-13 12:30:00-04:00,48.790000915527344,49.19499969482422,48.790000915527344,49.09000015258789,5620,0.0,0.0
2024-06-13 13:30:00-04:00,49.150001525878906,49.22999954223633,48.9900016784668,49.02259826660156,14247,0.0,0.0
2024-06-13 14:30:00-04:00,48.97999954223633,49.09000015258789,48.83000183105469,48.970001220703125,12270,0.0,0.0
2024-06-13 15:30:00-04:00,48.97999954223633,49.209999084472656,48.91999816894531,48.959999084472656,25303,0.0,0.0
2024-06-14 09:30:00-04:00,48.619998931884766,48.91849899291992,48.06999969482422,48.25,13460,0.0,0.0
2024-06-14 10:30:00-04:00,48.189998626708984,48.5099983215332,48.119998931884766,48.5099983215332,5083,0.0,0.0
2024-06-14 11:30:00-04:00,48.41999816894531,48.4900016784668,48.119998931884766,48.130001068115234,5462,0.0,0.0
2024-06-14 12:30:00-04:00,48.290000915527344,48.369998931884766,48.224998474121094,48.2400016784668,8709,0.0,0.0
2024-06-14 13:30:00-04:00,48.22999954223633,48.31999969482422,47.91999816894531,48.18000030517578,10488,0.0,0.0
2024-06-14 14:30:00-04:00,48.185001373291016,48.459999084472656,48.18000030517578,48.459999084472656,11610,0.0,0.0
2024-06-14 15:30:00-04:00,48.400001525878906,48.400001525878906,48.150001525878906,48.220001220703125,24274,0.0,0.0
2024-06-17 09:30:00-04:00,48.130001068115234,48.27000045776367,47.939998626708984,48.20000076293945,14059,0.0,0.0
2024-06-17 10:30:00-04:00,48.130001068115234,48.57500076293945,48.09000015258789,48.5099983215332,15136,0.0,0.0
2024-06-17 11:30:00-04:00,48.4900016784668,48.59000015258789,48.380001068115234,48.59000015258789,10955,0.0,0.0
2024-06-17 12:30:00-04:00,48.599998474121094,48.900001525878906,48.55500030517578,48.790000915527344,23985,0.0,0.0
2024-06-17 13:30:00-04:00,48.779998779296875,49.060001373291016,48.61000061035156,48.849998474121094,21160,0.0,0.0
2024-06-17 14:30:00-04:00,48.83060073852539,48.970001220703125,48.709999084472656,48.84000015258789,18250,0.0,0.0
2024-06-17 15:30:00-04:00,48.849998474121094,48.91640090942383,48.63999938964844,48.84000015258789,29220,0.0,0.0
2024-06-18 09:30:00-04:00,49.02000045776367,49.310001373291016,48.7599983215332,48.82500076293945,7767,0.0,0.0
2024-06-18 10:30:00-04:00,48.959999084472656,48.9900016784668,48.7400016784668,48.869998931884766,9282,0.0,0.0
2024-06-18 11:30:00-04:00,48.92499923706055,49.04249954223633,48.849998474121094,48.904998779296875,7296,0.0,0.0
2024-06-18 12:30:00-04:00,48.88999938964844,48.970001220703125,48.79999923706055,48.900001525878906,8648,0.0,0.0
2024-06-18 13:30:00-04:00,48.90999984741211,49.0099983215332,48.85499954223633,48.85499954223633,11578,0.0,0.0
2024-06-18 14:30:00-04:00,48.90999984741211,48.939998626708984,48.61000061035156,48.625,17224,0.0,0.0
2024-06-18 15:30:00-04:00,48.65999984741211,48.70000076293945,48.52000045776367,48.529998779296875,27023,0.0,0.0
2024-06-20 09:30:00-04:00,48.22999954223633,49.65999984741211,48.092201232910156,49.559898376464844,16564,0.0,0.0
2024-06-20 10:30:00-04:00,49.42599868774414,49.959999084472656,49.369998931884766,49.720001220703125,18063,0.0,0.0
2024-06-20 11:30:00-04:00,49.79999923706055,49.83000183105469,49.48550033569336,49.48550033569336,9152,0.0,0.0
2024-06-20 12:30:00-04:00,49.439998626708984,49.4900016784668,49.31999969482422,49.31999969482422,6446,0.0,0.0
2024-06-20 13:30:00-04:00,49.349998474121094,49.349998474121094,48.900001525878906,49.02069854736328,12232,0.0,0.0
2024-06-20 14:30:00-04:00,49.0099983215332,49.106998443603516,48.93000030517578,49.02000045776367,13394,0.0,0.0
2024-06-20 15:30:00-04:00,48.970001220703125,48.97999954223633,48.69499969482422,48.7599983215332,34712,0.0,0.0
2024-06-21 09:30:00-04:00,48.959999084472656,49.252201080322266,48.834999084472656,49.20000076293945,54375,0.0,0.0
2024-06-21 10:30:00-04:00,49.30500030517578,49.5,49.02000045776367,49.220001220703125,12834,0.0,0.0
2024-06-21 11:30:00-04:00,49.130001068115234,49.31999969482422,49.064998626708984,49.27000045776367,4943,0.0,0.0
2024-06-21 12:30:00-04:00,49.220001220703125,49.2599983215332,49.099998474121094,49.18000030517578,13042,0.0,0.0
2024-06-21 13:30:00-04:00,49.099998474121094,49.419898986816406,49.06999969482422,49.419898986816406,12481,0.0,0.0
2024-06-21 14:30:00-04:00,49.470001220703125,49.540000915527344,49.189998626708984,49.404998779296875,19608,0.0,0.0
2024-06-21 15:30:00-04:00,49.40999984741211,49.90999984741211,49.209999084472656,49.77000045776367,80367,0.0,0.0
2024-06-24 09:30:00-04:00,49.560001373291016,50.095001220703125,49.505001068115234,49.7599983215332,12691,0.0,0.0
2024-06-24 10:30:00-04:00,49.72200012207031,50.58000183105469,49.72200012207031,50.58000183105469,8965,0.0,0.0
2024-06-24 11:30:00-04:00,50.5,50.5,50.16999816894531,50.25,11774,0.0,0.0
2024-06-24 12:30:00-04:00,50.08000183105469,50.08000183105469,49.8025016784668,49.81999969482422,8463,0.0,0.0
2024-06-24 13:30:00-04:00,49.84000015258789,49.93000030517578,49.744998931884766,49.8650016784668,23961,0.0,0.0
2024-06-24 14:30:00-04:00,49.91999816894531,49.91999816894531,49.500999450683594,49.500999450683594,22407,0.0,0.0
2024-06-24 15:30:00-04:00,49.470001220703125,49.849998474121094,49.470001220703125,49.72999954223633,35879,0.0,0.0
2024-06-25 09:30:00-04:00,49.65999984741211,49.65999984741211,48.810001373291016,49.040000915527344,10945,0.0,0.0
2024-06-25 10:30:00-04:00,49.040000915527344,49.040000915527344,48.8120002746582,49.03139877319336,6712,0.0,0.0
2024-06-25 11:30:00-04:00,48.95009994506836,49.189998626708984,48.849998474121094,49.189998626708984,9906,0.0,0.0
2024-06-25 12:30:00-04:00,49.29999923706055,49.29999923706055,49.16999816894531,49.290000915527344,4821,0.0,0.0
2024-06-25 13:30:00-04:00,49.33000183105469,49.34000015258789,49.301998138427734,49.33000183105469,5391,0.0,0.0
2024-06-25 14:30:00-04:00,49.33000183105469,49.35499954223633,49.16999816894531,49.349998474121094,14394,0.0,0.0
2024-06-25 15:30:00-04:00,49.29999923706055,49.689998626708984,49.16999816894531,49.38999938964844,37290,0.0,0.0
2024-06-26 09:30:00-04:00,49.25,49.33000183105469,49.11000061035156,49.147701263427734,7767,0.0,0.0
2024-06-26 10:30:00-04:00,49.209999084472656,49.439998626708984,48.97999954223633,49.439998626708984,6671,0.0,0.0
2024-06-26 11:30:00-04:00,49.540000915527344,49.71500015258789,49.540000915527344,49.70000076293945,6393,0.0,0.0
2024-06-26 12:30:00-04:00,49.66999816894531,49.849998474121094,49.650001525878906,49.834999084472656,9619,0.0,0.0
2024-06-26 13:30:00-04:00,49.79999923706055,49.79999923706055,49.599998474121094,49.689998626708984,10092,0.0,0.0
2024-06-26 14:30:00-04:00,49.599998474121094,49.70500183105469,49.43000030517578,49.56999969482422,19662,0.0,0.0
2024-06-26 15:30:00-04:00,49.599998474121094,49.959999084472656,49.599998474121094,49.709999084472656,37165,0.0,0.0
2024-06-27 09:30:00-04:00,49.880001068115234,50.145198822021484,49.53710174560547,49.6150016784668,7451,0.0,0.0
2024-06-27 10:30:00-04:00,49.77199935913086,49.779998779296875,49.52000045776367,49.52000045776367,4587,0.0,0.0
2024-06-27 11:30:00-04:00,49.527198791503906,49.880001068115234,49.527198791503906,49.880001068115234,4901,0.0,0.0
2024-06-27 12:30:00-04:00,49.750099182128906,49.88999938964844,49.72600173950195,49.86000061035156,8401,0.0,0.0
2024-06-27 13:30:00-04:00,49.790000915527344,49.790000915527344,49.599998474121094,49.599998474121094,8325,0.0,0.0
2024-06-27 14:30:00-04:00,49.599998474121094,49.709999084472656,49.4900016784668,49.52000045776367,12866,0.0,0.0
2024-06-27 15:30:00-04:00,49.54499816894531,49.869998931884766,49.5099983215332,49.85499954223633,32394,0.0,0.0
2024-06-28 09:30:00-04:00,50.18000030517578,50.2598991394043,49.709999084472656,50.099998474121094,12911,0.0,0.0
2024-06-28 10:30:00-04:00,50.13999938964844,50.25,49.72999954223633,49.84000015258789,7048,0.0,0.0
2024-06-28 11:30:00-04:00,49.83000183105469,50.060001373291016,49.54499816894531,50.025001525878906,10620,0.0,0.0
2024-06-28 12:30:00-04:00,49.900001525878906,50.0,49.58000183105469,49.58000183105469,11388,0.0,0.0
2024-06-28 13:30:00-04:00,49.51499938964844,49.81999969482422,49.400001525878906,49.760101318359375,11917,0.0,0.0
2024-06-28 14:30:00-04:00,49.72999954223633,49.810001373291016,49.560001373291016,49.650001525878906,16905,0.0,0.0
2024-06-28 15:30:00-04:00,49.654998779296875,49.73160171508789,49.349998474121094,49.61000061035156,84166,0.0,0.0
2024-07-01 09:30:00-04:00,49.599998474121094,50.064998626708984,48.939998626708984,49.119998931884766,13777,0.0,0.0
2024-07-01 10:30:00-04:00,48.959999084472656,49.05500030517578,48.68000030517578,48.68000030517578,14060,0.0,0.0
2024-07-01 11:30:00-04:00,48.65999984741211,49.0,48.53499984741211,48.91999816894531,9545,0.0,0.0
2024-07-01 12:30:00-04:00,48.94499969482422,48.94499969482422,48.772701263427734,48.88999938964844,5395,0.0,0.0
2024-07-01 13:30:00-04:00,48.880001068115234,48.88999938964844,48.58000183105469,48.61690139770508,10529,0.0,0.0
2024-07-01 14:30:00-04:00,48.599998474121094,48.599998474121094,48.369998931884766,48.5,15899,0.0,0.0
2024-07-01 15:30:00-04:00,48.439998626708984,48.720001220703125,48.29999923706055,48.4900016784668,39113,0.0,0.0
2024-07-02 09:30:00-04:00,48.650001525878906,49.349998474121094,48.650001525878906,49.349998474121094,7424,0.0,0.0
2024-07-02 10:30:00-04:00,49.220001220703125,49.349998474121094,49.119998931884766,49.34000015258789,7510,0.0,0.0
2024-07-02 11:30:00-04:00,49.369998931884766,49.40999984741211,49.13999938964844,49.13999938964844,5358,0.0,0.0
2024-07-02 12:30:00-04:00,49.224998474121094,49.279998779296875,48.84000015258789,48.84000015258789,8605,0.0,0.0
2024-07-02 13:30:00-04:00,48.84000015258789,49.060001373291016,48.84000015258789,48.939998626708984,7659,0.0,0.0
2024-07-02 14:30:00-04:00,48.95000076293945,49.029998779296875,48.834999084472656,48.974998474121094,8186,0.0,0.0
2024-07-02 15:30:00-04:00,48.96500015258789,49.119998931884766,48.88999938964844,48.88999938964844,37640,0.0,0.0
2024-07-03 09:30:00-04:00,49.11000061035156,49.279998779296875,48.970001220703125,49.2400016784668,9916,0.0,0.0
2024-07-03 10:30:00-04:00,49.0099983215332,49.0099983215332,48.63999938964844,49.0,8358,0.0,0.0
2024-07-03 11:30:00-04:00,48.91999816894531,48.962398529052734,48.78179931640625,48.84000015258789,6565,0.0,0.0
2024-07-05 09:30:00-04:00,48.5099983215332,48.5099983215332,47.97999954223633,47.97999954223633,9637,0.0,0.0
2024-07-05 10:30:00-04:00,47.95000076293945,48.20000076293945,47.900001525878906,47.95000076293945,10845,0.0,0.0
2024-07-05 11:30:00-04:00,48.0,48.15409851074219,47.82749938964844,47.91999816894531,6192,0.0,0.0
2024-07-05 12:30:00-04:00,47.88999938964844,47.91999816894531,47.72999954223633,47.72999954223633,4590,0.0,0.0
2024-07-05 13:30:00-04:00,47.709999084472656,47.755001068115234,47.619998931884766,47.65999984741211,6072,0.0,0.0
2024-07-05 14:30:00-04:00,47.63999938964844,47.7400016784668,47.47999954223633,47.4900016784668,8661,0.0,0.0
2024-07-05 15:30:00-04:00,47.48500061035156,47.75,47.470001220703125,47.58000183105469,21766,0.0,0.0
2024-07-08 09:30:00-04:00,48.0099983215332,48.92499923706055,48.0099983215332,48.88420104980469,19277,0.0,0.0
2024-07-08 10:30:00-04:00,48.790000915527344,49.0,48.599998474121094,48.71500015258789,21876,0.0,0.0
2024-07-08 11:30:00-04:00,48.59000015258789,48.80500030517578,48.540000915527344,48.766700744628906,16489,0.0,0.0
2024-07-08 12:30:00-04:00,48.79999923706055,48.849998474121094,48.66999816894531,48.78499984741211,17117,0.0,0.0
2024-07-08 13:30:00-04:00,48.76499938964844,48.80500030517578,48.564998626708984,48.63999938964844,16135,0.0,0.0
2024-07-08 14:30:00-04:00,48.599998474121094,48.650001525878906,48.529998779296875,48.529998779296875,18137,0.0,0.0
2024-07-08 15:30:00-04:00,48.5,48.59000015258789,48.16999816894531,48.16999816894531,32909,0.0,0.0
2024-07-09 09:30:00-04:00,47.939998626708984,48.15340042114258,47.58000183105469,47.65999984741211,23944,0.0,0.0
2024-07-09 10:30:00-04:00,47.65700149536133,47.7400016784668,47.290000915527344,47.31999969482422,15361,0.0,0.0
2024-07-09 11:30:00-04:00,47.400001525878906,47.5,47.27000045776367,47.29499816894531,9708,0.0,0.0
2024-07-09 12:30:00-04:00,47.25,47.513999938964844,47.02000045776367,47.334999084472656,18668,0.0,0.0
2024-07-09 13:30:00-04:00,47.33000183105469,47.51499938964844,47.23500061035156,47.23500061035156,12200,0.0,0.0
2024-07-09 14:30:00-04:00,47.279998779296875,47.290000915527344,46.95000076293945,46.959999084472656,15036,0.0,0.0
2024-07-09 15:30:00-04:00,46.97999954223633,47.02000045776367,46.4900016784668,46.630001068115234,53043,0.0,0.0
2024-07-10 09:30:00-04:00,46.5,46.91999816894531,46.5,46.84000015258789,14617,0.0,0.0
2024-07-10 10:30:00-04:00,46.814998626708984,46.959999084472656,46.665000915527344,46.755001068115234,18809,0.0,0.0
2024-07-10 11:30:00-04:00,46.755001068115234,46.79999923706055,46.619998931884766,46.72999954223633,16520,0.0,0.0
2024-07-10 12:30:00-04:00,46.70000076293945,46.744998931884766,46.6150016784668,46.6150016784668,12018,0.0,0.0
2024-07-10 13:30:00-04:00,46.61000061035156,46.61000061035156,46.40999984741211,46.40999984741211,11394,0.0,0.0
2024-07-10 14:30:00-04:00,46.40999984741211,46.584999084472656,46.380001068115234,46.4900016784668,17167,0.0,0.0
2024-07-10 15:30:00-04:00,46.689998626708984,46.72999954223633,46.540000915527344,46.61000061035156,34645,0.0,0.0
2024-07-11 09:30:00-04:00,47.54999923706055,48.0,47.151100158691406,47.904998779296875,25701,0.0,0.0
2024-07-11 10:30:00-04:00,47.88999938964844,48.65999984741211,47.88999938964844,48.63999938964844,12639,0.0,0.0
2024-07-11 11:30:00-04:00,48.63999938964844,48.790000915527344,48.02000045776367,48.130001068115234,16614,0.0,0.0
2024-07-11 12:30:00-04:00,48.14889907836914,48.68000030517578,48.02000045776367,48.47999954223633,17178,0.0,0.0
2024-07-11 13:30:00-04:00,48.58000183105469,48.709999084472656,48.45000076293945,48.709999084472656,12274,0.0,0.0
2024-07-11 14:30:00-04:00,48.7400016784668,48.814998626708984,48.439998626708984,48.5099983215332,19328,0.0,0.0
2024-07-11 15:30:00-04:00,48.599998474121094,48.599998474121094,48.13999938964844,48.209999084472656,35972,0.0,0.0
2024-07-12 09:30:00-04:00,48.849998474121094,49.05820083618164,48.25,48.9900016784668,15044,0.0,0.0
2024-07-12 10:30:00-04:00,48.90999984741211,49.147098541259766,48.7338981628418,48.9900016784668,16363,0.0,0.0
2024-07-12 11:30:00-04:00,49.072601318359375,49.072601318359375,48.56999969482422,48.59000015258789,6340,0.0,0.0
2024-07-12 12:30:00-04:00,48.47999954223633,48.66999816894531,48.41999816894531,48.619998931884766,6345,0.0,0.0
2024-07-12 13:30:00-04:00,48.630001068115234,48.84989929199219,48.36000061035156,48.5099983215332,15303,0.0,0.0
2024-07-12 14:30:00-04:00,48.5,48.63999938964844,48.5,48.5099983215332,11590,0.0,0.0
2024-07-12 15:30:00-04:00,48.560001373291016,48.70500183105469,48.529998779296875,48.529998779296875,20695,0.0,0.0
2024-07-15 09:30:00-04:00,48.86000061035156,49.18000030517578,48.15010070800781,49.06999969482422,17805,0.0,0.0
2024-07-15 10:30:00-04:00,49.185001373291016,49.361000061035156,49.06999969482422,49.290000915527344,8648,0.0,0.0
2024-07-15 11:30:00-04:00,49.2400016784668,49.6150016784668,49.04499816894531,49.04999923706055,10890,0.0,0.0
2024-07-15 12:30:00-04:00,49.06999969482422,49.06999969482422,48.86000061035156,49.0099983215332,8571,0.0,0.0
2024-07-15 13:30:00-04:00,48.970001220703125,49.290000915527344,48.88999938964844,49.16999816894531,8125,0.0,0.0
2024-07-15 14:30:00-04:00,49.130001068115234,49.209999084472656,48.880001068115234,49.07500076293945,30481,0.0,0.0
2024-07-15 15:30:00-04:00,48.87710189819336,48.97999954223633,48.5,48.81999969482422,41497,0.0,0.0
2024-07-16 09:30:00-04:00,49.189998626708984,50.029998779296875,49.189998626708984,49.47999954223633,12383,0.0,0.0
2024-07-16 10:30:00-04:00,49.30720138549805,50.345001220703125,49.30720138549805,50.290000915527344,12420,0.0,0.0
2024-07-16 11:30:00-04:00,50.18000030517578,50.59000015258789,50.06999969482422,50.32500076293945,19714,0.0,0.0
2024-07-16 12:30:00-04:00,50.290000915527344,50.290000915527344,49.94499969482422,50.04999923706055,15715,0.0,0.0
2024-07-16 13:30:00-04:00,50.1150016784668,50.220001220703125,50.0099983215332,50.025001525878906,20836,0.0,0.0
2024-07-16 14:30:00-04:00,50.06999969482422,50.255001068115234,50.04999923706055,50.16999816894531,35274,0.0,0.0
2024-07-16 15:30:00-04:00,50.16999816894531,50.2400016784668,50.0,50.119998931884766,57678,0.0,0.0
2024-07-17 09:30:00-04:00,50.029998779296875,51.7400016784668,49.52000045776367,51.282501220703125,21616,0.0,0.0
2024-07-17 10:30:00-04:00,51.33000183105469,51.5099983215332,51.0,51.36000061035156,14031,0.0,0.0
2024-07-17 11:30:00-04:00,51.3650016784668,51.86000061035156,51.349998474121094,51.599998474121094,17427,0.0,0.0
2024-07-17 12:30:00-04:00,51.59000015258789,51.65999984741211,51.400001525878906,51.47999954223633,16340,0.0,0.0
2024-07-17 13:30:00-04:00,51.58000183105469,51.78499984741211,51.459999084472656,51.72999954223633,16675,0.0,0.0
2024-07-17 14:30:00-04:00,51.83340072631836,52.25,51.720001220703125,52.25,24403,0.0,0.0
2024-07-17 15:30:00-04:00,52.2599983215332,52.40999984741211,52.09000015258789,52.18000030517578,54659,0.0,0.0
2024-07-18 09:30:00-04:00,52.2400016784668,52.86410140991211,52.2400016784668,52.77000045776367,14595,0.0,0.0
2024-07-18 10:30:00-04:00,52.79499816894531,52.79499816894531,52.25,52.380001068115234,11095,0.0,0.0
2024-07-18 11:30:00-04:00,52.375,52.40999984741211,52.189998626708984,52.189998626708984,9098,0.0,0.0
2024-07-18 12:30:00-04:00,52.08000183105469,52.4900016784668,51.970001220703125,52.09000015258789,8499,0.0,0.0
2024-07-18 13:30:00-04:00,52.18000030517578,52.20000076293945,51.790000915527344,51.790000915527344,9736,0.0,0.0
2024-07-18 14:30:00-04:00,51.77000045776367,52.0,51.58000183105469,51.77000045776367,14455,0.0,0.0
2024-07-18 15:30:00-04:00,51.77000045776367,52.0,51.70000076293945,51.7599983215332,26103,0.0,0.0
2024-07-19 09:30:00-04:00,51.66999816894531,51.86000061035156,51.279998779296875,51.48500061035156,12537,0.0,0.0
2024-07-19 10:30:00-04:00,51.47999954223633,51.4900016784668,51.14500045776367,51.189998626708984,5934,0.0,0.0
2024-07-19 11:30:00-04:00,51.119998931884766,51.46500015258789,51.09000015258789,51.45000076293945,7467,0.0,0.0
2024-07-19 12:30:00-04:00,51.22999954223633,51.54499816894531,51.22999954223633,51.54499816894531,5465,0.0,0.0
2024-07-19 13:30:00-04:00,51.470001220703125,51.71500015258789,51.470001220703125,51.60499954223633,6375,0.0,0.0
2024-07-19 14:30:00-04:00,51.4900016784668,51.61000061035156,51.459999084472656,51.54999923706055,10456,0.0,0.0
2024-07-19 15:30:00-04:00,51.56999969482422,51.56999969482422,51.279998779296875,51.4900016784668,16606,0.0,0.0
2024-07-22 09:30:00-04:00,51.810001373291016,51.970001220703125,51.119998931884766,51.119998931884766,12742,0.0,0.0
2024-07-22 10:30:00-04:00,51.08000183105469,51.810001373291016,51.08000183105469,51.75,9942,0.0,0.0
2024-07-22 11:30:00-04:00,51.720001220703125,51.810001373291016,51.459999084472656,51.48040008544922,4512,0.0,0.0
2024-07-22 12:30:00-04:00,51.36000061035156,51.70000076293945,51.34000015258789,51.689998626708984,7754,0.0,0.0
2024-07-22 13:30:00-04:00,51.7400016784668,51.84000015258789,51.665000915527344,51.810001373291016,9341,0.0,0.0
2024-07-22 14:30:00-04:00,51.85499954223633,52.2599983215332,51.83000183105469,52.209999084472656,12081,0.0,0.0
2024-07-22 15:30:00-04:00,52.185001373291016,52.20500183105469,52.0099983215332,52.040000915527344,21962,0.0,0.0
2024-07-23 09:30:00-04:00,52.04999923706055,52.63999938964844,51.54499816894531,52.630001068115234,13635,0.0,0.0
2024-07-23 10:30:00-04:00,52.64500045776367,53.13999938964844,52.55500030517578,52.70000076293945,16736,0.0,0.0
2024-07-23 11:30:00-04:00,52.790000915527344,53.040000915527344,52.619998931884766,52.64500045776367,11004,0.0,0.0
2024-07-23 12:30:00-04:00,52.63999938964844,52.709999084472656,52.51499938964844,52.685001373291016,8067,0.0,0.0
2024-07-23 13:30:00-04:00,52.599998474121094,53.11000061035156,52.59000015258789,53.11000061035156,10190,0.0,0.0
2024-07-23 14:30:00-04:00,53.220001220703125,53.2400016784668,52.95180130004883,52.95180130004883,16331,0.0,0.0
2024-07-23 15:30:00-04:00,52.88999938964844,52.88999938964844,52.439998626708984,52.5099983215332,24004,0.0,0.0
2024-07-24 09:30:00-04:00,52.220001220703125,52.810001373291016,52.209999084472656,52.790000915527344,14498,0.0,0.0
2024-07-24 10:30:00-04:00,52.88999938964844,52.88999938964844,52.470001220703125,52.619998931884766,12060,0.0,0.0
2024-07-24 11:30:00-04:00,52.720001220703125,52.86000061035156,52.5,52.619998931884766,12188,0.0,0.0
2024-07-24 12:30:00-04:00,52.61000061035156,52.650001525878906,52.380001068115234,52.619998931884766,7154,0.0,0.0
2024-07-24 13:30:00-04:00,52.47999954223633,52.709999084472656,52.400001525878906,52.43000030517578,9758,0.0,0.0
2024-07-24 14:30:00-04:00,52.38999938964844,52.439998626708984,52.04499816894531,52.314998626708984,15942,0.0,0.0
2024-07-24 15:30:00-04:00,52.349998474121094,52.349998474121094,52.06999969482422,52.22999954223633,17430,0.0,0.0
2024-07-25 09:30:00-04:00,52.56999969482422,53.83000183105469,52.56999969482422,53.83000183105469,15891,0.0,0.0
2024-07-25 10:30:00-04:00,53.73500061035156,53.88999938964844,53.334999084472656,53.88999938964844,8001,0.0,0.0
2024-07-25 11:30:00-04:00,53.81999969482422,54.06999969482422,53.5099983215332,54.060001373291016,12598,0.0,0.0
2024-07-25 12:30:00-04:00,53.970001220703125,54.189998626708984,53.880001068115234,54.095001220703125,8056,0.0,0.0
2024-07-25 13:30:00-04:00,54.11000061035156,54.209999084472656,53.980098724365234,54.060001373291016,9974,0.0,0.0
2024-07-25 14:30:00-04:00,54.13990020751953,54.28499984741211,53.95000076293945,54.28499984741211,16025,0.0,0.0
2024-07-25 15:30:00-04:00,54.33000183105469,54.4900016784668,54.150001525878906,54.22999954223633,41603,0.0,0.0
2024-07-26 09:30:00-04:00,54.68000030517578,54.68000030517578,54.22999954223633,54.36000061035156,10157,0.0,0.0
2024-07-26 10:30:00-04:00,54.27000045776367,54.505001068115234,53.689998626708984,53.849998474121094,8290,0.0,0.0
2024-07-26 11:30:00-04:00,53.91999816894531,54.43000030517578,53.900001525878906,54.349998474121094,10389,0.0,0.0
2024-07-26 12:30:00-04:00,54.369998931884766,54.63999938964844,54.31999969482422,54.529998779296875,16608,0.0,0.0
2024-07-26 13:30:00-04:00,54.4900016784668,54.849998474121094,54.38999938964844,54.7599983215332,15728,0.0,0.0
2024-07-26 14:30:00-04:00,54.65999984741211,54.869998931884766,54.51499938964844,54.83000183105469,14841,0.0,0.0
2024-07-26 15:30:00-04:00,54.779998779296875,55.029998779296875,54.55500030517578,55.0099983215332,36954,0.0,0.0
2024-07-29 09:30:00-04:00,54.79999923706055,55.00600051879883,54.255001068115234,54.255001068115234,12428,0.0,0.0
2024-07-29 10:30:00-04:00,53.880001068115234,54.06999969482422,53.400001525878906,53.88999938964844,11625,0.0,0.0
2024-07-29 11:30:00-04:00,53.72999954223633,53.88999938964844,53.654998779296875,53.88999938964844,9814,0.0,0.0
2024-07-29 12:30:00-04:00,53.814998626708984,53.814998626708984,53.380001068115234,53.65370178222656,12050,0.0,0.0
2024-07-29 13:30:00-04:00,53.47999954223633,53.869998931884766,53.34000015258789,53.845001220703125,11891,0.0,0.0
2024-07-29 14:30:00-04:00,53.845001220703125,54.04999923706055,53.77000045776367,54.04999923706055,19619,0.0,0.0
2024-07-29 15:30:00-04:00,54.099998474121094,54.349998474121094,54.02000045776367,54.16999816894531,47165,0.0,0.0
2024-07-30 09:30:00-04:00,54.310001373291016,54.665000915527344,53.46009826660156,54.47999954223633,15664,0.0,0.0
2024-07-30 10:30:00-04:00,54.935001373291016,55.42399978637695,54.83000183105469,55.380001068115234,14154,0.0,0.0
2024-07-30 11:30:00-04:00,55.40999984741211,55.52000045776367,54.86000061035156,55.130001068115234,6136,0.0,0.0
2024-07-30 12:30:00-04:00,55.11000061035156,55.43000030517578,55.0099983215332,55.08000183105469,10958,0.0,0.0
2024-07-30 13:30:00-04:00,55.0099983215332,55.2400016784668,54.97999954223633,55.029998779296875,6579,0.0,0.0
2024-07-30 14:30:00-04:00,55.13999938964844,55.29999923706055,55.119998931884766,55.119998931884766,18459,0.0,0.0
2024-07-30 15:30:00-04:00,55.099998474121094,55.25,54.720001220703125,54.72999954223633,60050,0.0,0.0
2024-07-31 09:30:00-04:00,54.91999816894531,55.19129943847656,54.2400016784668,54.2400016784668,5209,0.0,0.0
2024-07-31 10:30:00-04:00,54.39500045776367,54.650001525878906,53.939998626708984,53.939998626708984,10702,0.0,0.0
2024-07-31 11:30:00-04:00,53.91320037841797,54.619998931884766,53.869998931884766,54.619998931884766,21715,0.0,0.0
2024-07-31 12:30:00-04:00,54.810001373291016,54.810001373291016,54.43000030517578,54.54999923706055,7172,0.0,0.0
2024-07-31 13:30:00-04:00,54.59000015258789,54.68000030517578,54.30500030517578,54.310001373291016,9075,0.0,0.0
2024-07-31 14:30:00-04:00,54.40999984741211,55.369998931884766,54.40999984741211,54.779998779296875,27308,0.0,0.0
2024-07-31 15:30:00-04:00,54.84000015258789,54.98500061035156,54.47999954223633,54.560001373291016,40634,0.0,0.0
2024-08-01 09:30:00-04:00,54.619998931884766,54.619998931884766,53.959999084472656,53.959999084472656,11057,0.0,0.0
2024-08-01 10:30:00-04:00,54.099998474121094,54.099998474121094,52.954200744628906,53.15999984741211,10469,0.0,0.0
2024-08-01 11:30:00-04:00,53.25,53.380001068115234,53.04999923706055,53.314998626708984,8145,0.0,0.0
2024-08-01 12:30:00-04:00,53.38999938964844,53.5099983215332,53.150001525878906,53.23500061035156,13638,0.0,0.0
2024-08-01 13:30:00-04:00,53.25,53.459999084472656,53.150001525878906,53.3849983215332,13554,0.0,0.0
2024-08-01 14:30:00-04:00,53.31999969482422,53.44499969482422,53.119998931884766,53.33000183105469,16211,0.0,0.0
2024-08-01 15:30:00-04:00,53.369998931884766,53.68000030517578,53.040000915527344,53.20000076293945,46722,0.0,0.0
2024-08-02 09:30:00-04:00,51.95000076293945,52.29999923706055,51.0,51.59000015258789,14636,0.0,0.0
2024-08-02 10:30:00-04:00,51.58000183105469,51.64699935913086,51.22999954223633,51.30500030517578,7282,0.0,0.0
2024-08-02 11:30:00-04:00,51.34000015258789,51.529998779296875,51.27000045776367,51.38999938964844,9004,0.0,0.0
2024-08-02 12:30:00-04:00,51.45000076293945,51.56999969482422,51.310001373291016,51.40999984741211,9619,0.0,0.0
2024-08-02 13:30:00-04:00,51.400001525878906,51.400001525878906,50.9900016784668,51.130001068115234,11235,0.0,0.0
2024-08-02 14:30:00-04:00,51.11000061035156,51.349998474121094,51.040000915527344,51.116798400878906,16176,0.0,0.0
2024-08-02 15:30:00-04:00,51.220001220703125,51.2599983215332,50.98500061035156,50.9900016784668,35012,0.0,0.0
2024-08-05 09:30:00-04:00,48.15999984741211,48.970001220703125,47.595001220703125,48.46900177001953,22088,0.0,0.0
2024-08-05 10:30:00-04:00,48.040000915527344,48.040000915527344,47.55009841918945,47.959999084472656,14105,0.0,0.0
2024-08-05 11:30:00-04:00,48.130001068115234,48.130001068115234,47.790000915527344,48.07500076293945,12100,0.0,0.0
2024-08-05 12:30:00-04:00,48.11000061035156,48.2599983215332,47.4900016784668,47.689998626708984,16739,0.0,0.0
2024-08-05 13:30:00-04:00,47.724998474121094,47.724998474121094,47.43000030517578,47.560001373291016,17762,0.0,0.0
2024-08-05 14:30:00-04:00,47.560001373291016,47.63999938964844,47.31999969482422,47.54999923706055,24751,0.0,0.0
2024-08-05 15:30:00-04:00,47.58000183105469,47.5989990234375,47.25,47.349998474121094,51189,0.0,0.0
2024-08-06 09:30:00-04:00,47.15999984741211,47.45000076293945,46.900001525878906,47.02000045776367,20821,0.0,0.0
2024-08-06 10:30:00-04:00,46.96500015258789,47.369998931884766,46.36000061035156,46.36000061035156,27060,0.0,0.0
2024-08-06 11:30:00-04:00,46.369998931884766,46.749900817871094,46.2400016784668,46.749900817871094,15481,0.0,0.0
2024-08-06 12:30:00-04:00,46.661399841308594,46.689998626708984,46.459999084472656,46.525001525878906,13024,0.0,0.0
2024-08-06 13:30:00-04:00,46.61000061035156,46.9900016784668,46.61000061035156,46.9900016784668,13231,0.0,0.0
2024-08-06 14:30:00-04:00,47.0099983215332,47.595001220703125,47.0099983215332,47.2599983215332,49620,0.0,0.0
2024-08-06 15:30:00-04:00,47.26499938964844,47.959999084472656,47.26499938964844,47.72999954223633,89412,0.0,0.0
2024-08-07 09:30:00-04:00,47.439998626708984,48.540000915527344,45.54999923706055,46.720001220703125,33398,0.0,0.0
2024-08-07 10:30:00-04:00,46.63999938964844,47.41999816894531,46.45500183105469,47.27000045776367,26939,0.0,0.0
2024-08-07 11:30:00-04:00,47.3849983215332,47.5099983215332,46.599998474121094,47.189998626708984,24235,0.0,0.0
2024-08-07 12:30:00-04:00,47.2400016784668,47.45500183105469,46.63999938964844,46.86000061035156,22127,0.0,0.0
2024-08-07 13:30:00-04:00,46.93000030517578,47.5099983215332,46.88999938964844,47.369998931884766,43292,0.0,0.0
2024-08-07 14:30:00-04:00,47.36000061035156,47.6349983215332,47.13999938964844,47.58000183105469,51556,0.0,0.0
2024-08-07 15:30:00-04:00,47.59000015258789,47.72999954223633,47.150001525878906,47.209999084472656,73010,0.0,0.0
2024-08-08 09:30:00-04:00,47.95000076293945,48.7599983215332,47.65999984741211,48.650001525878906,16568,0.0,0.0
2024-08-08 10:30:00-04:00,48.6609992980957,48.810001373291016,48.279998779296875,48.61000061035156,12890,0.0,0.0
2024-08-08 11:30:00-04:00,48.52000045776367,48.56999969482422,48.07500076293945,48.150001525878906,9661,0.0,0.0
2024-08-08 12:30:00-04:00,48.150001525878906,48.459999084472656,47.9900016784668,48.459999084472656,10003,0.0,0.0
2024-08-08 13:30:00-04:00,48.5,48.540000915527344,48.244998931884766,48.279998779296875,13874,0.0,0.0
2024-08-08 14:30:00-04:00,48.290000915527344,48.369998931884766,48.0,48.09000015258789,16775,0.0,0.0
2024-08-08 15:30:00-04:00,48.02000045776367,48.13999938964844,47.810001373291016,48.13999938964844,46868,0.0,0.0
2024-08-09 09:30:00-04:00,48.060001373291016,48.060001373291016,46.95500183105469,47.29999923706055,16885,0.0,0.0
2024-08-09 10:30:00-04:00,47.13999938964844,47.25,47.029998779296875,47.150001525878906,10829,0.0,0.0
2024-08-09 11:30:00-04:00,47.13869857788086,47.20000076293945,46.630001068115234,46.689998626708984,10054,0.0,0.0
2024-08-09 12:30:00-04:00,46.810001373291016,47.209999084472656,46.79999923706055,47.209999084472656,5940,0.0,0.0
2024-08-09 13:30:00-04:00,47.38999938964844,47.41999816894531,47.150001525878906,47.165000915527344,7541,0.0,0.0
2024-08-09 14:30:00-04:00,47.165000915527344,47.380001068115234,47.06999969482422,47.380001068115234,10196,0.0,0.0
2024-08-09 15:30:00-04:00,47.36000061035156,47.38999938964844,47.040000915527344,47.119998931884766,25646,0.0,0.0
2024-08-12 09:30:00-04:00,47.41999816894531,47.970001220703125,46.72999954223633,46.72999954223633,4627,0.0,0.0
2024-08-12 10:30:00-04:00,46.96310043334961,47.13999938964844,46.880001068115234,46.880001068115234,8501,0.0,0.0
2024-08-12 11:30:00-04:00,46.88999938964844,46.90999984741211,46.724998474121094,46.80500030517578,6502,0.0,0.0
2024-08-12 12:30:00-04:00,46.75,46.79499816894531,46.619998931884766,46.71009826660156,5921,0.0,0.0
2024-08-12 13:30:00-04:00,46.818599700927734,46.974998474121094,46.779998779296875,46.81999969482422,13632,0.0,0.0
2024-08-12 14:30:00-04:00,46.790000915527344,46.88999938964844,46.70000076293945,46.845001220703125,10880,0.0,0.0
2024-08-12 15:30:00-04:00,46.83000183105469,46.83000183105469,46.54999923706055,46.65999984741211,27277,0.0,0.0
2024-08-13 09:30:00-04:00,47.11000061035156,47.11000061035156,46.09000015258789,46.31999969482422,15379,0.0,0.0
2024-08-13 10:30:00-04:00,46.310001373291016,46.70000076293945,46.29999923706055,46.61000061035156,8902,0.0,0.0
2024-08-13 11:30:00-04:00,46.6515998840332,47.0099983215332,46.58000183105469,47.0,7790,0.0,0.0
2024-08-13 12:30:00-04:00,47.02000045776367,47.34000015258789,46.8650016784668,47.26499938964844,11849,0.0,0.0
2024-08-13 13:30:00-04:00,47.2599983215332,47.525001525878906,47.2599983215332,47.47999954223633,12489,0.0,0.0
2024-08-13 14:30:00-04:00,47.40999984741211,47.6349983215332,47.40999984741211,47.58000183105469,15694,0.0,0.0
2024-08-13 15:30:00-04:00,47.57500076293945,48.10499954223633,47.56999969482422,47.959999084472656,43166,0.0,0.0
2024-08-14 09:30:00-04:00,48.130001068115234,48.334999084472656,47.34000015258789,47.79999923706055,20118,0.0,0.0
2024-08-14 10:30:00-04:00,47.86000061035156,47.86000061035156,47.665000915527344,47.68000030517578,5619,0.0,0.0
2024-08-14 11:30:00-04:00,47.77000045776367,47.90999984741211,47.54999923706055,47.608699798583984,6775,0.0,0.0
2024-08-14 12:30:00-04:00,47.57500076293945,47.720001220703125,47.57500076293945,47.630001068115234,4935,0.0,0.0
2024-08-14 13:30:00-04:00,47.529998779296875,47.63999938964844,47.369998931884766,47.47719955444336,7928,0.0,0.0
2024-08-14 14:30:00-04:00,47.47999954223633,47.94499969482422,47.47999954223633,47.94499969482422,14616,0.0,0.0
2024-08-14 15:30:00-04:00,47.95000076293945,48.02000045776367,47.84000015258789,47.93000030517578,21357,0.0,0.0
2024-08-15 09:30:00-04:00,49.130001068115234,49.130001068115234,48.439998626708984,48.59000015258789,7467,0.0,0.0
2024-08-15 10:30:00-04:00,48.63999938964844,49.095001220703125,48.63999938964844,49.060001373291016,10697,0.0,0.0
2024-08-15 11:30:00-04:00,48.92839813232422,49.1349983215332,48.880001068115234,49.1349983215332,5961,0.0,0.0
2024-08-15 12:30:00-04:00,49.189998626708984,49.45000076293945,49.12009811401367,49.2599983215332,9959,0.0,0.0
2024-08-15 13:30:00-04:00,49.25,49.25,48.96500015258789,49.019901275634766,7474,0.0,0.0
2024-08-15 14:30:00-04:00,48.939998626708984,49.18000030517578,48.849998474121094,48.98500061035156,16623,0.0,0.0
2024-08-15 15:30:00-04:00,48.93000030517578,48.98500061035156,48.650001525878906,48.82500076293945,23966,0.0,0.0
2024-08-16 09:30:00-04:00,49.689998626708984,50.625,49.33000183105469,50.189998626708984,22428,0.0,0.0
2024-08-16 10:30:00-04:00,50.119998931884766,50.165000915527344,49.7400016784668,49.86000061035156,10070,0.0,0.0
2024-08-16 11:30:00-04:00,49.84000015258789,50.08000183105469,49.75,50.064998626708984,6367,0.0,0.0
2024-08-16 12:30:00-04:00,50.0,50.2599983215332,50.0,50.18000030517578,7466,0.0,0.0
2024-08-16 13:30:00-04:00,50.150001525878906,50.404998779296875,50.09000015258789,50.125,12283,0.0,0.0
2024-08-16 14:30:00-04:00,50.095001220703125,50.34000015258789,50.064998626708984,50.064998626708984,17302,0.0,0.0
2024-08-16 15:30:00-04:00,50.07500076293945,50.279998779296875,50.029998779296875,50.22999954223633,48256,0.0,0.0
2024-08-19 09:30:00-04:00,49.650001525878906,50.02000045776367,49.30500030517578,49.560001373291016,20994,0.0,0.0
2024-08-19 10:30:00-04:00,49.6150016784668,50.125,49.6150016784668,50.08000183105469,8452,0.0,0.0
2024-08-19 11:30:00-04:00,50.08000183105469,50.19499969482422,49.82619857788086,49.88999938964844,7323,0.0,0.0
2024-08-19 12:30:00-04:00,49.88999938964844,49.939998626708984,49.779998779296875,49.93000030517578,7702,0.0,0.0
2024-08-19 13:30:00-04:00,49.880001068115234,49.900001525878906,49.790000915527344,49.869998931884766,8594,0.0,0.0
2024-08-19 14:30:00-04:00,49.872501373291016,49.91999816894531,49.72999954223633,49.72999954223633,12135,0.0,0.0
2024-08-19 15:30:00-04:00,49.71329879760742,49.78499984741211,49.5099983215332,49.77000045776367,30349,0.0,0.0
2024-08-20 09:30:00-04:00,49.86000061035156,49.86000061035156,49.150001525878906,49.1786003112793,4009,0.0,0.0
2024-08-20 10:30:00-04:00,49.13999938964844,49.22999954223633,48.724998474121094,48.83000183105469,14030,0.0,0.0
2024-08-20 11:30:00-04:00,48.915000915527344,48.970001220703125,48.830101013183594,48.85499954223633,8349,0.0,0.0
2024-08-20 12:30:00-04:00,48.84000015258789,49.07500076293945,48.7599983215332,48.9900016784668,6661,0.0,0.0
2024-08-20 13:30:00-04:00,48.9900016784668,49.060001373291016,48.86000061035156,48.970001220703125,9994,0.0,0.0
2024-08-20 14:30:00-04:00,49.002498626708984,49.095001220703125,48.970001220703125,49.0,13407,0.0,0.0
2024-08-20 15:30:00-04:00,49.04999923706055,49.06999969482422,48.7400016784668,48.810001373291016,27796,0.0,0.0
2024-08-21 09:30:00-04:00,49.310001373291016,49.310001373291016,48.619998931884766,48.75,8445,0.0,0.0
2024-08-21 10:30:00-04:00,48.849998474121094,49.0348014831543,48.77000045776367,48.959999084472656,7189,0.0,0.0
2024-08-21 11:30:00-04:00,49.0099983215332,49.099998474121094,48.92499923706055,49.064998626708984,5777,0.0,0.0
2024-08-21 12:30:00-04:00,48.95000076293945,48.95000076293945,48.83000183105469,48.904998779296875,11174,0.0,0.0
2024-08-21 13:30:00-04:00,48.875,48.95000076293945,48.849998474121094,48.880001068115234,6427,0.0,0.0
2024-08-21 14:30:00-04:00,48.81999969482422,49.18000030517578,48.81999969482422,49.18000030517578,13513,0.0,0.0
2024-08-21 15:30:00-04:00,49.130001068115234,49.279998779296875,48.834999084472656,48.93000030517578,29908,0.0,0.0
2024-08-22 09:30:00-04:00,48.7599983215332,49.790000915527344,48.2400016784668,48.625,14688,0.0,0.0
2024-08-22 10:30:00-04:00,48.6349983215332,48.654998779296875,48.4900016784668,48.5099983215332,9936,0.0,0.0
2024-08-22 11:30:00-04:00,48.59000015258789,48.900001525878906,48.59000015258789,48.810001373291016,8019,0.0,0.0
2024-08-22 12:30:00-04:00,48.720001220703125,48.84000015258789,48.60900115966797,48.70000076293945,8268,0.0,0.0
2024-08-22 13:30:00-04:00,48.68000030517578,48.72999954223633,48.54999923706055,48.70000076293945,8483,0.0,0.0
2024-08-22 14:30:00-04:00,48.880001068115234,48.880001068115234,48.75,48.7599983215332,16637,0.0,0.0
2024-08-22 15:30:00-04:00,48.7400016784668,48.86000061035156,48.650001525878906,48.810001373291016,29813,0.0,0.0
2024-08-23 09:30:00-04:00,49.04999923706055,49.529998779296875,48.9900016784668,49.310001373291016,9554,0.0,0.0
2024-08-23 10:30:00-04:00,49.939998626708984,50.49589920043945,49.880001068115234,50.435001373291016,10811,0.0,0.0
2024-08-23 11:30:00-04:00,50.584999084472656,50.584999084472656,50.310001373291016,50.369998931884766,13731,0.0,0.0
2024-08-23 12:30:00-04:00,50.400001525878906,50.400001525878906,50.099998474121094,50.17499923706055,11347,0.0,0.0
2024-08-23 13:30:00-04:00,50.20000076293945,50.27000045776367,50.060001373291016,50.15999984741211,16215,0.0,0.0
2024-08-23 14:30:00-04:00,50.13999938964844,50.150001525878906,49.93000030517578,50.130001068115234,17402,0.0,0.0
2024-08-23 15:30:00-04:00,50.08000183105469,50.150001525878906,49.900001525878906,49.97999954223633,30472,0.0,0.0
2024-08-26 09:30:00-04:00,50.060001373291016,50.97999954223633,50.060001373291016,50.86000061035156,15744,0.0,0.0
2024-08-26 10:30:00-04:00,51.0,51.08000183105469,50.584999084472656,50.584999084472656,4565,0.0,0.0
2024-08-26 11:30:00-04:00,50.630001068115234,50.790000915527344,50.59000015258789,50.68000030517578,6732,0.0,0.0
2024-08-26 12:30:00-04:00,50.81999969482422,51.08000183105469,50.81999969482422,50.90999984741211,7885,0.0,0.0
2024-08-26 13:30:00-04:00,50.869998931884766,50.93000030517578,50.720001220703125,50.88999938964844,8832,0.0,0.0
2024-08-26 14:30:00-04:00,50.91999816894531,50.95000076293945,50.31999969482422,50.31999969482422,19623,0.0,0.0
2024-08-26 15:30:00-04:00,50.345001220703125,50.59000015258789,50.27000045776367,50.59000015258789,58225,0.0,0.0
2024-08-27 09:30:00-04:00,50.400001525878906,50.400001525878906,49.7599983215332,50.16999816894531,11760,0.0,0.0
2024-08-27 10:30:00-04:00,50.268001556396484,50.5,50.060001373291016,50.060001373291016,14635,0.0,0.0
2024-08-27 11:30:00-04:00,50.10499954223633,50.16749954223633,50.060001373291016,50.10499954223633,6774,0.0,0.0
2024-08-27 12:30:00-04:00,50.02000045776367,50.33000183105469,49.935001373291016,50.33000183105469,5973,0.0,0.0
2024-08-27 13:30:00-04:00,50.34000015258789,50.415000915527344,50.26499938964844,50.26499938964844,6160,0.0,0.0
2024-08-27 14:30:00-04:00,50.310001373291016,50.63999938964844,50.310001373291016,50.4900016784668,13238,0.0,0.0
2024-08-27 15:30:00-04:00,50.540000915527344,50.540000915527344,50.09000015258789,50.09700012207031,25813,0.0,0.0
2024-08-28 09:30:00-04:00,50.08000183105469,50.27000045776367,49.849998474121094,50.16999816894531,6058,0.0,0.0
2024-08-28 10:30:00-04:00,50.40399932861328,50.72999954223633,50.380001068115234,50.47999954223633,7312,0.0,0.0
2024-08-28 11:30:00-04:00,50.52799987792969,50.52799987792969,50.209999084472656,50.209999084472656,3978,0.0,0.0
2024-08-28 12:30:00-04:00,50.31999969482422,50.400001525878906,50.25,50.25,3803,0.0,0.0
2024-08-28 13:30:00-04:00,50.23400115966797,50.26499938964844,49.970001220703125,49.9900016784668,17261,0.0,0.0
2024-08-28 14:30:00-04:00,49.96500015258789,50.279998779296875,49.96500015258789,50.255001068115234,8960,0.0,0.0
2024-08-28 15:30:00-04:00,50.28300094604492,50.38999938964844,50.10499954223633,50.119998931884766,32375,0.0,0.0
2024-08-29 09:30:00-04:00,50.630001068115234,50.630001068115234,49.9900016784668,50.57500076293945,8646,0.0,0.0
2024-08-29 10:30:00-04:00,50.45000076293945,50.45000076293945,49.97999954223633,50.376800537109375,5515,0.0,0.0
2024-08-29 11:30:00-04:00,50.439998626708984,50.625,50.38999938964844,50.5525016784668,5943,0.0,0.0
2024-08-29 12:30:00-04:00,50.505001068115234,50.630001068115234,50.45009994506836,50.584999084472656,8087,0.0,0.0
2024-08-29 13:30:00-04:00,50.63999938964844,50.90999984741211,50.525001525878906,50.525001525878906,8655,0.0,0.0
2024-08-29 14:30:00-04:00,50.57500076293945,50.685001373291016,50.34000015258789,50.685001373291016,8803,0.0,0.0
2024-08-29 15:30:00-04:00,50.7400016784668,50.7400016784668,50.25,50.470001220703125,26223,0.0,0.0
2024-08-30 09:30:00-04:00,50.66999816894531,50.78499984741211,50.529998779296875,50.78499984741211,7134,0.0,0.0
2024-08-30 10:30:00-04:00,50.869998931884766,50.970001220703125,50.540000915527344,50.625,8376,0.0,0.0
2024-08-30 11:30:00-04:00,50.5099983215332,50.5099983215332,50.33000183105469,50.415000915527344,3858,0.0,0.0
2024-08-30 12:30:00-04:00,50.31999969482422,50.540000915527344,50.31999969482422,50.459999084472656,4986,0.0,0.0
2024-08-30 13:30:00-04:00,50.470001220703125,50.63990020751953,50.470001220703125,50.57500076293945,8173,0.0,0.0
2024-08-30 14:30:00-04:00,50.52000045776367,50.595001220703125,50.40999984741211,50.5099983215332,7686,0.0,0.0
2024-08-30 15:30:00-04:00,50.560001373291016,51.06999969482422,50.520999908447266,50.970001220703125,39959,0.0,0.0
2024-09-03 09:30:00-04:00,50.41999816894531,50.710201263427734,50.33000183105469,50.3849983215332,7406,0.0,0.0
2024-09-03 10:30:00-04:00,50.375,50.375,49.91999816894531,50.29999923706055,6620,0.0,0.0
2024-09-03 11:30:00-04:00,50.21500015258789,50.25,49.900001525878906,49.900001525878906,7235,0.0,0.0
2024-09-03 12:30:00-04:00,49.77000045776367,49.82500076293945,49.584999084472656,49.76499938964844,9602,0.0,0.0
2024-09-03 13:30:00-04:00,49.720001220703125,49.720001220703125,49.459999084472656,49.459999084472656,4619,0.0,0.0
2024-09-03 14:30:00-04:00,49.439998626708984,49.439998626708984,49.22999954223633,49.33000183105469,14180,0.0,0.0
2024-09-03 15:30:00-04:00,49.375,49.380001068115234,49.119998931884766,49.20000076293945,29028,0.0,0.0
2024-09-04 09:30:00-04:00,49.18000030517578,49.18000030517578,48.77000045776367,48.97999954223633,8896,0.0,0.0
2024-09-04 10:30:00-04:00,48.95000076293945,49.349998474121094,48.77000045776367,48.77000045776367,11697,0.0,0.0
2024-09-04 11:30:00-04:00,48.72999954223633,49.1349983215332,48.630001068115234,49.1349983215332,15456,0.0,0.0
2024-09-04 12:30:00-04:00,49.18000030517578,49.18000030517578,48.91999816894531,48.91999816894531,5840,0.0,0.0
2024-09-04 13:30:00-04:00,48.86000061035156,48.91999816894531,48.75,48.790000915527344,6755,0.0,0.0
2024-09-04 14:30:00-04:00,48.83000183105469,48.83000183105469,48.61000061035156,48.75,9730,0.0,0.0
2024-09-04 15:30:00-04:00,48.70000076293945,48.7400016784668,48.52000045776367,48.58000183105469,18648,0.0,0.0
2024-09-05 09:30:00-04:00,48.58000183105469,49.20500183105469,48.529998779296875,49.20500183105469,7452,0.0,0.0
2024-09-05 10:30:00-04:00,49.220001220703125,49.220001220703125,48.28779983520508,48.66999816894531,25140,0.0,0.0
2024-09-05 11:30:00-04:00,48.589698791503906,48.834999084472656,48.529998779296875,48.78499984741211,5193,0.0,0.0
2024-09-05 12:30:00-04:00,48.689998626708984,48.935001373291016,48.689998626708984,48.8849983215332,8018,0.0,0.0
2024-09-05 13:30:00-04:00,48.834999084472656,49.084999084472656,48.779998779296875,49.0,10096,0.0,0.0
2024-09-05 14:30:00-04:00,48.970001220703125,49.1349983215332,48.91999816894531,49.029998779296875,15708,0.0,0.0
2024-09-05 15:30:00-04:00,49.06999969482422,49.119998931884766,48.959999084472656,49.119998931884766,30587,0.0,0.0
2024-09-06 09:30:00-04:00,48.9900016784668,49.314998626708984,48.369998931884766,48.369998931884766,8229,0.0,0.0
2024-09-06 10:30:00-04:00,48.470001220703125,48.470001220703125,47.720001220703125,47.720001220703125,25430,0.0,0.0
2024-09-06 11:30:00-04:00,47.81999969482422,47.81999969482422,47.65999984741211,47.72999954223633,4134,0.0,0.0
2024-09-06 12:30:00-04:00,47.67499923706055,48.119998931884766,47.67499923706055,48.060001373291016,6226,0.0,0.0
2024-09-06 13:30:00-04:00,48.040000915527344,48.04999923706055,47.75,47.75,5916,0.0,0.0
2024-09-06 14:30:00-04:00,47.78010177612305,47.86000061035156,47.49700164794922,47.845001220703125,9308,0.0,0.0
2024-09-06 15:30:00-04:00,47.810001373291016,47.86000061035156,47.676998138427734,47.849998474121094,23315,0.0,0.0
2024-09-09 09:30:00-04:00,47.72999954223633,48.02799987792969,47.209999084472656,47.709999084472656,16850,0.0,0.0
2024-09-09 10:30:00-04:00,47.56999969482422,47.810001373291016,47.459999084472656,47.599998474121094,9052,0.0,0.0
2024-09-09 11:30:00-04:00,47.599998474121094,47.7400016784668,47.560001373291016,47.58000183105469,6544,0.0,0.0
2024-09-09 12:30:00-04:00,47.58000183105469,47.689998626708984,47.45000076293945,47.46500015258789,7801,0.0,0.0
2024-09-09 13:30:00-04:00,47.40999984741211,47.40999984741211,47.13010025024414,47.279998779296875,10754,0.0,0.0
2024-09-09 14:30:00-04:00,47.20000076293945,47.220001220703125,47.06999969482422,47.14500045776367,13200,0.0,0.0
2024-09-09 15:30:00-04:00,47.040000915527344,47.06999969482422,46.709999084472656,46.810001373291016,28993,0.0,0.0
2024-09-10 09:30:00-04:00,46.709999084472656,48.04999923706055,46.290000915527344,46.56999969482422,10774,0.0,0.0
2024-09-10 10:30:00-04:00,46.487998962402344,46.7400016784668,46.33000183105469,46.689998626708984,9152,0.0,0.0
2024-09-10 11:30:00-04:00,46.71500015258789,46.71500015258789,46.16999816894531,46.189998626708984,12022,0.0,0.0
2024-09-10 12:30:00-04:00,46.15999984741211,46.40999984741211,46.119998931884766,46.119998931884766,16615,0.0,0.0
2024-09-10 13:30:00-04:00,45.95500183105469,46.189998626708984,45.95500183105469,46.189998626708984,14535,0.0,0.0
2024-09-10 14:30:00-04:00,46.13999938964844,46.154998779296875,45.88999938964844,46.02000045776367,20561,0.0,0.0
2024-09-10 15:30:00-04:00,45.939998626708984,46.189998626708984,45.83000183105469,46.08000183105469,35144,0.0,0.0
2024-09-11 09:30:00-04:00,45.75,45.75,44.650001525878906,44.887001037597656,17789,0.0,0.0
2024-09-11 10:30:00-04:00,44.875,45.11000061035156,44.68000030517578,45.040000915527344,14377,0.0,0.0
2024-09-11 11:30:00-04:00,44.994998931884766,45.279998779296875,44.994998931884766,45.279998779296875,15271,0.0,0.0
2024-09-11 12:30:00-04:00,45.310001373291016,45.599998474121094,45.310001373291016,45.5,10594,0.0,0.0
2024-09-11 13:30:00-04:00,45.48749923706055,45.529998779296875,45.349998474121094,45.4099006652832,11949,0.0,0.0
2024-09-11 14:30:00-04:00,45.400001525878906,45.630001068115234,45.369998931884766,45.619998931884766,20722,0.0,0.0
2024-09-11 15:30:00-04:00,45.59000015258789,45.849998474121094,45.560001373291016,45.65999984741211,45212,0.0,0.0
2024-09-12 09:30:00-04:00,46.13999938964844,46.42499923706055,45.89500045776367,46.25,5679,0.0,0.0
2024-09-12 10:30:00-04:00,46.38999938964844,46.779998779296875,46.38999938964844,46.73500061035156,13772,0.0,0.0
2024-09-12 11:30:00-04:00,46.779998779296875,46.849998474121094,46.459999084472656,46.459999084472656,14060,0.0,0.0
2024-09-12 12:30:00-04:00,46.42499923706055,46.85540008544922,46.369998931884766,46.64500045776367,11718,0.0,0.0
2024-09-12 13:30:00-04:00,46.689998626708984,47.0088005065918,46.599998474121094,46.599998474121094,10921,0.0,0.0
2024-09-12 14:30:00-04:00,46.60499954223633,46.68000030517578,46.375,46.599998474121094,13993,0.0,0.0
2024-09-12 15:30:00-04:00,46.52000045776367,46.52000045776367,46.34299850463867,46.36000061035156,32092,0.0,0.0
2024-09-13 09:30:00-04:00,46.935001373291016,47.630001068115234,46.85100173950195,47.564998626708984,11708,0.0,0.0
2024-09-13 10:30:00-04:00,47.630001068115234,47.69309997558594,47.30500030517578,47.459999084472656,7869,0.0,0.0
2024-09-13 11:30:00-04:00,47.57500076293945,48.04999923706055,47.57500076293945,47.91999816894531,11750,0.0,0.0
2024-09-13 12:30:00-04:00,47.970001220703125,48.04999923706055,47.810001373291016,48.0,15104,0.0,0.0
2024-09-13 13:30:00-04:00,48.040000915527344,48.130001068115234,47.68000030517578,47.8650016784668,13741,0.0,0.0
2024-09-13 14:30:00-04:00,47.845001220703125,47.994998931884766,47.6349983215332,47.8650016784668,21583,0.0,0.0
2024-09-13 15:30:00-04:00,47.939998626708984,47.97999954223633,47.7400016784668,47.93000030517578,34059,0.0,0.0
2024-09-16 09:30:00-04:00,48.27000045776367,48.5,47.72999954223633,48.310001373291016,11442,0.0,0.0
2024-09-16 10:30:00-04:00,48.25,48.31999969482422,48.02000045776367,48.17499923706055,13124,0.0,0.0
2024-09-16 11:30:00-04:00,48.060001373291016,48.220001220703125,48.01499938964844,48.14500045776367,12244,0.0,0.0
2024-09-16 12:30:00-04:00,48.26559829711914,48.26559829711914,47.9900016784668,47.9900016784668,9244,0.0,0.0
2024-09-16 13:30:00-04:00,47.939998626708984,48.13999938964844,47.939998626708984,48.119998931884766,11188,0.0,0.0
2024-09-16 14:30:00-04:00,48.14250183105469,48.30500030517578,48.02000045776367,48.11000061035156,20092,0.0,0.0
2024-09-16 15:30:00-04:00,48.18000030517578,48.34000015258789,48.09600067138672,48.27000045776367,30214,0.0,0.0
2024-09-17 09:30:00-04:00,48.650001525878906,49.20869827270508,48.470001220703125,49.125,16727,0.0,0.0
2024-09-17 10:30:00-04:00,49.12300109863281,49.58000183105469,49.12300109863281,49.525001525878906,13596,0.0,0.0
2024-09-17 11:30:00-04:00,49.53499984741211,49.689998626708984,49.334999084472656,49.3650016784668,11290,0.0,0.0
2024-09-17 12:30:00-04:00,49.36000061035156,49.36000061035156,48.81999969482422,49.040000915527344,8972,0.0,0.0
2024-09-17 13:30:00-04:00,49.040000915527344,49.1349983215332,48.94499969482422,49.0099983215332,9410,0.0,0.0
2024-09-17 14:30:00-04:00,49.0,49.125,48.95000076293945,48.9900016784668,16742,0.0,0.0
2024-09-17 15:30:00-04:00,48.970001220703125,49.130001068115234,48.869998931884766,49.099998474121094,26204,0.0,0.0
2024-09-18 09:30:00-04:00,49.02000045776367,49.4099006652832,48.849998474121094,49.11000061035156,9680,0.0,0.0
2024-09-18 10:30:00-04:00,49.0099983215332,49.119998931884766,48.81999969482422,48.81999969482422,7919,0.0,0.0
2024-09-18 11:30:00-04:00,48.82500076293945,48.82500076293945,48.61000061035156,48.689998626708984,3809,0.0,0.0
2024-09-18 12:30:00-04:00,48.6349983215332,48.88999938964844,48.58000183105469,48.83000183105469,11430,0.0,0.0
2024-09-18 13:30:00-04:00,48.8650016784668,50.349998474121094,48.8650016784668,50.23500061035156,24823,0.0,0.0
2024-09-18 14:30:00-04:00,50.439998626708984,50.63999938964844,49.474998474121094,49.83000183105469,23367,0.0,0.0
2024-09-18 15:30:00-04:00,49.630001068115234,49.63999938964844,48.970001220703125,49.11000061035156,19990,0.0,0.0
2024-09-19 09:30:00-04:00,49.84000015258789,49.84000015258789,48.99769973754883,49.665000915527344,23680,0.0,0.0
2024-09-19 10:30:00-04:00,49.82500076293945,49.82500076293945,49.59000015258789,49.79999923706055,6927,0.0,0.0
2024-09-19 11:30:00-04:00,49.80500030517578,50.239898681640625,49.65999984741211,50.099998474121094,12568,0.0,0.0
2024-09-19 12:30:00-04:00,50.1150016784668,50.36000061035156,50.1150016784668,50.33000183105469,9033,0.0,0.0
2024-09-19 13:30:00-04:00,50.25,50.380001068115234,50.09000015258789,50.12310028076172,11296,0.0,0.0
2024-09-19 14:30:00-04:00,50.23500061035156,50.290000915527344,49.97999954223633,50.09000015258789,12718,0.0,0.0
2024-09-19 15:30:00-04:00,50.11000061035156,50.220001220703125,49.939998626708984,50.08000183105469,30409,0.0,0.0
2024-09-20 09:30:00-04:00,49.91999816894531,49.939998626708984,49.09379959106445,49.81999969482422,75625,0.0,0.0
2024-09-20 10:30:00-04:00,49.7599983215332,49.7599983215332,49.36000061035156,49.380001068115234,6292,0.0,0.0
2024-09-20 11:30:00-04:00,49.32500076293945,49.720001220703125,49.099998474121094,49.720001220703125,10210,0.0,0.0
2024-09-20 12:30:00-04:00,49.66999816894531,49.97999954223633,49.619998931884766,49.91999816894531,8201,0.0,0.0
2024-09-20 13:30:00-04:00,49.93000030517578,49.93000030517578,49.55500030517578,49.55500030517578,12653,0.0,0.0
2024-09-20 14:30:00-04:00,49.56999969482422,49.7599983215332,49.45000076293945,49.7599983215332,19079,0.0,0.0
2024-09-20 15:30:00-04:00,49.70000076293945,50.084999084472656,49.63999938964844,49.91999816894531,57613,0.0,0.0
2024-09-23 09:30:00-04:00,49.869998931884766,50.33330154418945,49.869998931884766,49.872501373291016,8931,0.0,0.0
2024-09-23 10:30:00-04:00,50.09000015258789,50.09000015258789,49.4901008605957,49.779998779296875,7811,0.0,0.0
2024-09-23 11:30:00-04:00,49.779998779296875,49.869998931884766,49.619998931884766,49.689998626708984,3510,0.0,0.0
2024-09-23 12:30:00-04:00,49.56999969482422,49.709999084472656,49.4900016784668,49.660099029541016,8631,0.0,0.0
2024-09-23 13:30:00-04:00,49.75,49.83000183105469,49.68000030517578,49.75,6723,0.0,0.0
2024-09-23 14:30:00-04:00,49.79999923706055,49.869998931884766,49.68000030517578,49.83000183105469,8881,0.0,0.0
2024-09-23 15:30:00-04:00,49.775001525878906,49.939998626708984,49.709999084472656,49.77000045776367,33400,0.0,0.0
2024-09-24 09:30:00-04:00,49.720001220703125,50.22999954223633,49.043800354003906,50.13999938964844,6763,0.0,0.0
2024-09-24 10:30:00-04:00,50.16999816894531,50.619998931884766,50.165000915527344,50.60499954223633,10528,0.0,0.0
2024-09-24 11:30:00-04:00,50.57500076293945,50.67499923706055,50.47999954223633,50.529998779296875,22051,0.0,0.0
2024-09-24 12:30:00-04:00,50.540000915527344,50.54499816894531,50.459999084472656,50.505001068115234,6182,0.0,0.0
2024-09-24 13:30:00-04:00,50.47999954223633,50.7400016784668,50.470001220703125,50.689998626708984,9720,0.0,0.0
2024-09-24 14:30:00-04:00,50.70000076293945,50.88999938964844,50.6349983215332,50.810001373291016,16776,0.0,0.0
2024-09-24 15:30:00-04:00,50.72999954223633,50.755001068115234,50.150001525878906,50.220001220703125,42692,0.0,0.0
2024-09-25 09:30:00-04:00,50.36000061035156,50.36000061035156,49.36000061035156,49.4900016784668,7034,0.0,0.0
2024-09-25 10:30:00-04:00,49.369998931884766,49.720001220703125,49.345001220703125,49.61249923706055,8555,0.0,0.0
2024-09-25 11:30:00-04:00,49.5099983215332,49.71500015258789,49.5099983215332,49.584999084472656,9482,0.0,0.0
2024-09-25 12:30:00-04:00,49.560001373291016,49.560001373291016,49.09000015258789,49.17499923706055,9871,0.0,0.0
2024-09-25 13:30:00-04:00,49.11000061035156,49.18000030517578,49.084999084472656,49.1150016784668,7004,0.0,0.0
2024-09-25 14:30:00-04:00,49.119998931884766,49.380001068115234,49.084999084472656,49.279998779296875,13829,0.0,0.0
2024-09-25 15:30:00-04:00,49.279998779296875,49.279998779296875,48.810001373291016,48.810001373291016,38198,0.0,0.0
2024-09-26 09:30:00-04:00,49.36000061035156,49.619998931884766,49.07500076293945,49.34000015258789,9982,0.0,0.0
2024-09-26 10:30:00-04:00,49.4900016784668,50.05500030517578,49.4900016784668,50.025001525878906,12036,0.0,0.0
2024-09-26 11:30:00-04:00,50.04999923706055,50.165000915527344,49.86000061035156,50.029998779296875,10245,0.0,0.0
2024-09-26 12:30:00-04:00,50.029998779296875,50.34000015258789,50.029998779296875,50.33000183105469,23020,0.0,0.0
2024-09-26 13:30:00-04:00,50.459999084472656,50.529998779296875,50.310001373291016,50.345001220703125,9780,0.0,0.0
2024-09-26 14:30:00-04:00,50.345001220703125,50.345001220703125,50.02000045776367,50.02000045776367,14885,0.0,0.0
2024-09-26 15:30:00-04:00,50.0099983215332,50.130001068115234,49.77000045776367,50.060001373291016,35960,0.0,0.0
2024-09-27 09:30:00-04:00,50.43000030517578,50.75,50.21500015258789,50.71500015258789,6041,0.0,0.0
2024-09-27 10:30:00-04:00,50.79999923706055,50.83000183105469,50.56999969482422,50.83000183105469,5854,0.0,0.0
2024-09-27 11:30:00-04:00,50.84000015258789,51.150001525878906,50.20000076293945,50.224998474121094,12472,0.0,0.0
2024-09-27 12:30:00-04:00,50.22999954223633,50.22999954223633,49.959999084472656,50.09000015258789,11019,0.0,0.0
2024-09-27 13:30:00-04:00,50.04499816894531,50.15999984741211,49.880001068115234,49.880001068115234,8162,0.0,0.0
2024-09-27 14:30:00-04:00,49.875,50.09000015258789,49.79999923706055,49.79999923706055,9164,0.0,0.0
2024-09-27 15:30:00-04:00,49.869998931884766,50.15999984741211,49.869998931884766,50.060001373291016,12482,0.0,0.0
2024-09-30 09:30:00-04:00,50.119998931884766,50.4900016784668,49.82350158691406,50.400001525878906,7441,0.0,0.0
2024-09-30 10:30:00-04:00,50.41999816894531,50.470001220703125,50.20500183105469,50.470001220703125,3303,0.0,0.0
2024-09-30 11:30:00-04:00,50.20000076293945,50.25429916381836,50.064998626708984,50.25429916381836,2673,0.0,0.0
2024-09-30 12:30:00-04:00,50.279998779296875,50.345001220703125,50.209999084472656,50.314998626708984,4752,0.0,0.0
2024-09-30 13:30:00-04:00,50.060001373291016,50.189998626708984,49.54999923706055,49.654998779296875,12456,0.0,0.0
2024-09-30 14:30:00-04:00,49.735801696777344,49.91999816894531,49.64500045776367,49.900001525878906,8707,0.0,0.0
2024-09-30 15:30:00-04:00,49.93000030517578,50.27000045776367,49.900001525878906,50.13999938964844,30861,0.0,0.0
2024-10-01 09:30:00-04:00,49.810001373291016,49.85499954223633,48.959999084472656,49.20000076293945,14245,0.0,0.0
2024-10-01 10:30:00-04:00,49.32500076293945,49.529998779296875,49.04999923706055,49.5,11307,0.0,0.0
2024-10-01 11:30:00-04:00,49.564998626708984,49.849998474121094,49.564998626708984,49.63999938964844,10660,0.0,0.0
2024-10-01 12:30:00-04:00,49.650001525878906,49.709999084472656,49.5099983215332,49.65999984741211,9521,0.0,0.0
2024-10-01 13:30:00-04:00,49.66999816894531,49.95000076293945,49.66999816894531,49.939998626708984,5445,0.0,0.0
2024-10-01 14:30:00-04:00,50.06999969482422,50.13999938964844,49.93000030517578,50.05500030517578,10461,0.0,0.0
2024-10-01 15:30:00-04:00,50.02000045776367,50.04999923706055,49.810001373291016,49.939998626708984,25642,0.0,0.0
2024-10-02 09:30:00-04:00,49.900001525878906,50.34000015258789,49.779998779296875,50.209999084472656,9482,0.0,0.0
2024-10-02 10:30:00-04:00,50.220001220703125,50.220001220703125,49.529998779296875,49.625,5389,0.0,0.0
2024-10-02 11:30:00-04:00,49.56999969482422,49.70000076293945,49.20000076293945,49.2599983215332,4835,0.0,0.0
2024-10-02 12:30:00-04:00,49.16999816894531,49.22999954223633,49.099998474121094,49.099998474121094,5629,0.0,0.0
2024-10-02 13:30:00-04:00,49.060001373291016,49.15999984741211,48.75,48.75,9070,0.0,0.0
2024-10-02 14:30:00-04:00,48.790000915527344,48.97669982910156,48.7599983215332,48.97600173950195,15219,0.0,0.0
2024-10-02 15:30:00-04:00,48.970001220703125,49.25,48.970001220703125,49.220001220703125,23741,0.0,0.0
2024-10-03 09:30:00-04:00,49.150001525878906,49.150001525878906,48.48500061035156,48.84000015258789,6357,0.0,0.0
2024-10-03 10:30:00-04:00,48.92499923706055,48.997798919677734,48.790000915527344,48.997798919677734,7239,0.0,0.0
2024-10-03 11:30:00-04:00,49.03499984741211,49.2599983215332,49.0099983215332,49.06999969482422,6151,0.0,0.0
2024-10-03 12:30:00-04:00,49.0,49.04999923706055,48.61000061035156,48.650001525878906,9278,0.0,0.0
2024-10-03 13:30:00-04:00,48.6349983215332,48.709999084472656,48.540000915527344,48.709999084472656,6544,0.0,0.0
2024-10-03 14:30:00-04:00,48.66999816894531,48.66999816894531,48.47999954223633,48.4900016784668,10189,0.0,0.0
2024-10-03 15:30:00-04:00,48.474998474121094,48.540000915527344,48.349998474121094,48.459999084472656,19934,0.0,0.0
2024-10-04 09:30:00-04:00,49.29999923706055,49.654998779296875,49.189998626708984,49.279998779296875,8195,0.0,0.0
2024-10-04 10:30:00-04:00,49.35499954223633,49.689998626708984,49.25,49.439998626708984,6780,0.0,0.0
2024-10-04 11:30:00-04:00,49.42499923706055,49.65999984741211,49.369998931884766,49.56999969482422,6869,0.0,0.0
2024-10-04 12:30:00-04:00,49.510101318359375,49.810001373291016,49.510101318359375,49.7599983215332,9650,0.0,0.0
2024-10-04 13:30:00-04:00,49.69499969482422,49.69499969482422,49.529998779296875,49.61000061035156,9134,0.0,0.0
2024-10-04 14:30:00-04:00,49.60499954223633,49.68000030517578,49.5,49.6150016784668,10616,0.0,0.0
2024-10-04 15:30:00-04:00,49.61000061035156,49.880001068115234,49.61000061035156,49.810001373291016,20824,0.0,0.0
2024-10-07 09:30:00-04:00,49.560001373291016,49.67380142211914,49.15999984741211,49.56660079956055,6308,0.0,0.0
2024-10-07 10:30:00-04:00,49.64500045776367,50.30500030517578,49.64500045776367,50.04999923706055,13673,0.0,0.0
2024-10-07 11:30:00-04:00,50.064998626708984,50.064998626708984,49.619998931884766,49.68000030517578,9834,0.0,0.0
2024-10-07 12:30:00-04:00,49.744998931884766,49.869998931884766,49.744998931884766,49.845001220703125,3561,0.0,0.0
2024-10-07 13:30:00-04:00,49.75,49.75,49.59000015258789,49.59000015258789,6771,0.0,0.0
2024-10-07 14:30:00-04:00,49.5099983215332,49.689998626708984,49.43000030517578,49.61000061035156,7509,0.0,0.0
2024-10-07 15:30:00-04:00,49.650001525878906,50.099998474121094,49.650001525878906,50.0099983215332,15870,0.0,0.0
2024-10-08 09:30:00-04:00,49.869998931884766,49.869998931884766,48.95000076293945,49.16999816894531,11170,0.0,0.0
2024-10-08 10:30:00-04:00,49.15999984741211,49.369998931884766,49.13999938964844,49.18000030517578,5250,0.0,0.0
2024-10-08 11:30:00-04:00,49.21500015258789,49.29499816894531,49.099998474121094,49.244998931884766,5904,0.0,0.0
2024-10-08 12:30:00-04:00,49.310001373291016,49.310001373291016,49.029998779296875,49.2400016784668,4155,0.0,0.0
2024-10-08 13:30:00-04:00,49.22999954223633,49.22999954223633,48.95000076293945,49.119998931884766,8359,0.0,0.0
2024-10-08 14:30:00-04:00,49.20000076293945,49.279998779296875,49.119998931884766,49.20000076293945,12002,0.0,0.0
2024-10-08 15:30:00-04:00,49.198299407958984,49.529998779296875,49.19499969482422,49.439998626708984,14952,0.0,0.0
2024-10-09 09:30:00-04:00,49.36000061035156,50.040000915527344,49.36000061035156,49.42499923706055,11938,0.0,0.0
2024-10-09 10:30:00-04:00,49.54999923706055,49.98500061035156,49.54999923706055,49.970001220703125,10256,0.0,0.0
2024-10-09 11:30:00-04:00,50.06999969482422,50.08000183105469,49.900001525878906,50.02000045776367,3396,0.0,0.0
2024-10-09 12:30:00-04:00,49.869998931884766,49.904998779296875,49.77000045776367,49.77000045776367,6266,0.0,0.0
2024-10-09 13:30:00-04:00,49.70500183105469,49.70500183105469,49.40999984741211,49.45000076293945,7675,0.0,0.0
2024-10-09 14:30:00-04:00,49.459999084472656,49.459999084472656,49.224998474121094,49.30500030517578,12153,0.0,0.0
2024-10-09 15:30:00-04:00,49.36000061035156,49.41999816894531,49.220001220703125,49.29999923706055,24768,0.0,0.0
2024-10-10 09:30:00-04:00,48.75,48.95650100708008,48.099998474121094,48.65999984741211,16708,0.0,0.0
2024-10-10 10:30:00-04:00,48.619998931884766,48.619998931884766,48.38999938964844,48.47999954223633,13476,0.0,0.0
2024-10-10 11:30:00-04:00,48.470001220703125,48.470001220703125,48.15999984741211,48.27000045776367,10003,0.0,0.0
2024-10-10 12:30:00-04:00,48.40999984741211,48.40999984741211,48.040000915527344,48.09000015258789,10708,0.0,0.0
2024-10-10 13:30:00-04:00,48.290000915527344,48.46500015258789,48.290000915527344,48.439998626708984,8030,0.0,0.0
2024-10-10 14:30:00-04:00,48.40999984741211,48.56999969482422,48.369998931884766,48.56999969482422,8856,0.0,0.0
2024-10-10 15:30:00-04:00,48.56999969482422,48.72999954223633,48.470001220703125,48.66999816894531,18118,0.0,0.0
2024-10-11 09:30:00-04:00,48.7599983215332,49.154998779296875,48.55500030517578,49.06999969482422,16143,0.0,0.0
2024-10-11 10:30:00-04:00,48.9900016784668,49.31999969482422,48.939998626708984,49.31999969482422,5451,0.0,0.0
2024-10-11 11:30:00-04:00,49.369998931884766,49.419898986816406,49.25,49.3650016784668,2707,0.0,0.0
2024-10-11 12:30:00-04:00,49.380001068115234,49.380001068115234,49.15999984741211,49.20500183105469,7518,0.0,0.0
2024-10-11 13:30:00-04:00,49.150001525878906,49.33000183105469,49.150001525878906,49.33000183105469,5241,0.0,0.0
2024-10-11 14:30:00-04:00,49.31999969482422,49.31999969482422,49.040000915527344,49.220001220703125,11080,0.0,0.0
2024-10-11 15:30:00-04:00,49.15999984741211,49.16999816894531,48.95000076293945,48.959999084472656,20864,0.0,0.0
