Datetime,Open,High,Low,Close,Volume,Dividends,Stock Splits
2022-10-13 09:30:00-04:00,62.029998779296875,62.52000045776367,61.59000015258789,62.02000045776367,0,0.0,0.0
2022-10-13 10:30:00-04:00,61.93000030517578,63.68000030517578,61.93000030517578,63.13999938964844,32403,0.0,0.0
2022-10-13 11:30:00-04:00,63.22999954223633,64.13999938964844,63.22999954223633,63.90999984741211,22250,0.0,0.0
2022-10-13 12:30:00-04:00,63.95000076293945,64.79000091552734,63.880001068115234,64.79000091552734,18434,0.0,0.0
2022-10-13 13:30:00-04:00,64.79000091552734,65.20999908447266,64.47000122070312,64.48999786376953,37118,0.0,0.0
2022-10-13 14:30:00-04:00,64.48999786376953,65.37000274658203,64.48999786376953,65.11000061035156,42915,0.0,0.0
2022-10-13 15:30:00-04:00,65.11000061035156,65.38999938964844,64.9000015258789,65.16000366210938,40022,0.0,0.0
2022-10-14 09:30:00-04:00,65.55999755859375,66.55999755859375,65.38999938964844,65.61000061035156,25200,0.0,0.0
2022-10-14 10:30:00-04:00,65.66999816894531,66.03739929199219,65.3499984741211,65.69999694824219,14287,0.0,0.0
2022-10-14 11:30:00-04:00,65.625,65.625,64.80999755859375,64.93000030517578,11181,0.0,0.0
2022-10-14 12:30:00-04:00,64.98999786376953,65.23999786376953,64.91999816894531,65.02999877929688,9531,0.0,0.0
2022-10-14 13:30:00-04:00,65.09500122070312,65.26000213623047,64.98500061035156,65.05500030517578,8510,0.0,0.0
2022-10-14 14:30:00-04:00,64.87999725341797,65.06999969482422,64.6395034790039,65.06999969482422,16715,0.0,0.0
2022-10-14 15:30:00-04:00,64.9749984741211,65.18000030517578,64.8499984741211,64.94999694824219,41656,0.0,0.0
2022-10-17 09:30:00-04:00,66.05000305175781,66.83999633789062,66.05000305175781,66.61000061035156,19765,0.0,0.0
2022-10-17 10:30:00-04:00,66.48999786376953,66.63999938964844,66.07499694824219,66.51499938964844,18885,0.0,0.0
2022-10-17 11:30:00-04:00,66.45999908447266,66.58999633789062,66.08000183105469,66.19999694824219,12084,0.0,0.0
2022-10-17 12:30:00-04:00,66.16999816894531,66.33000183105469,65.81999969482422,66.33000183105469,29279,0.0,0.0
2022-10-17 13:30:00-04:00,66.4000015258789,66.4000015258789,66.07499694824219,66.24500274658203,18914,0.0,0.0
2022-10-17 14:30:00-04:00,66.29000091552734,66.66999816894531,66.25,66.54000091552734,24551,0.0,0.0
2022-10-17 15:30:00-04:00,66.57499694824219,67.04499816894531,66.54000091552734,66.83000183105469,39275,0.0,0.0
2022-10-18 09:30:00-04:00,67.44999694824219,68.0,67.19999694824219,67.61499786376953,13548,0.0,0.0
2022-10-18 10:30:00-04:00,67.52999877929688,67.58999633789062,66.79499816894531,66.80500030517578,13805,0.0,0.0
2022-10-18 11:30:00-04:00,66.79499816894531,67.05500030517578,66.62999725341797,66.77999877929688,13611,0.0,0.0
2022-10-18 12:30:00-04:00,66.86000061035156,67.33000183105469,66.7300033569336,67.33000183105469,11209,0.0,0.0
2022-10-18 13:30:00-04:00,67.3499984741211,67.66000366210938,67.3499984741211,67.54000091552734,14990,0.0,0.0
2022-10-18 14:30:00-04:00,67.51000213623047,67.6500015258789,67.0,67.30999755859375,17873,0.0,0.0
2022-10-18 15:30:00-04:00,67.30500030517578,67.80000305175781,67.2699966430664,67.5250015258789,51729,0.0,0.0
2022-10-19 09:30:00-04:00,66.7300033569336,67.9800033569336,66.52999877929688,67.83999633789062,15890,0.0,0.0
2022-10-19 10:30:00-04:00,67.75,68.16000366210938,67.44999694824219,67.94999694824219,33505,0.0,0.0
2022-10-19 11:30:00-04:00,67.88999938964844,68.04000091552734,67.1050033569336,67.1050033569336,10459,0.0,0.0
2022-10-19 12:30:00-04:00,67.20999908447266,67.27999877929688,66.80000305175781,66.9800033569336,29849,0.0,0.0
2022-10-19 13:30:00-04:00,66.99500274658203,67.04000091552734,66.2750015258789,66.72000122070312,28118,0.0,0.0
2022-10-19 14:30:00-04:00,66.7699966430664,67.33000183105469,66.69000244140625,67.1050033569336,20712,0.0,0.0
2022-10-19 15:30:00-04:00,67.06999969482422,67.80999755859375,67.06999969482422,67.62000274658203,55899,0.0,0.0
2022-10-20 09:30:00-04:00,67.61000061035156,69.61000061035156,67.61000061035156,69.61000061035156,24272,0.0,0.0
2022-10-20 10:30:00-04:00,69.49500274658203,69.66999816894531,69.0,69.66000366210938,19182,0.0,0.0
2022-10-20 11:30:00-04:00,69.58000183105469,69.58000183105469,68.26909637451172,68.43000030517578,15029,0.0,0.0
2022-10-20 12:30:00-04:00,68.33000183105469,68.33000183105469,67.2300033569336,67.23999786376953,23111,0.0,0.0
2022-10-20 13:30:00-04:00,67.2300033569336,67.67500305175781,67.00499725341797,67.0999984741211,29171,0.0,0.0
2022-10-20 14:30:00-04:00,67.1449966430664,67.63999938964844,66.94000244140625,67.0199966430664,50813,0.0,0.0
2022-10-20 15:30:00-04:00,67.05000305175781,67.77999877929688,66.8499984741211,67.27999877929688,80700,0.0,0.0
2022-10-21 09:30:00-04:00,66.55999755859375,67.25,64.41500091552734,64.7249984741211,52112,0.0,0.0
2022-10-21 10:30:00-04:00,64.58999633789062,64.7300033569336,63.970001220703125,64.6449966430664,31836,0.0,0.0
2022-10-21 11:30:00-04:00,64.72000122070312,65.65499877929688,64.61000061035156,65.45999908447266,44653,0.0,0.0
2022-10-21 12:30:00-04:00,65.50499725341797,66.62999725341797,65.44999694824219,65.98999786376953,52903,0.0,0.0
2022-10-21 13:30:00-04:00,65.98999786376953,67.00499725341797,65.95999908447266,66.5199966430664,28159,0.0,0.0
2022-10-21 14:30:00-04:00,66.55000305175781,66.5999984741211,66.1500015258789,66.53250122070312,60026,0.0,0.0
2022-10-21 15:30:00-04:00,66.52999877929688,66.66000366210938,66.25,66.2699966430664,132917,0.0,0.0
2022-10-24 09:30:00-04:00,66.97000122070312,68.29000091552734,66.87580108642578,67.88999938964844,22164,0.0,0.0
2022-10-24 10:30:00-04:00,68.1500015258789,68.31999969482422,67.5999984741211,67.62670135498047,11687,0.0,0.0
2022-10-24 11:30:00-04:00,67.72000122070312,67.92500305175781,67.58999633789062,67.75,14723,0.0,0.0
2022-10-24 12:30:00-04:00,67.70999908447266,67.80000305175781,67.29000091552734,67.44999694824219,10699,0.0,0.0
2022-10-24 13:30:00-04:00,67.33000183105469,67.58999633789062,67.26509857177734,67.58999633789062,8565,0.0,0.0
2022-10-24 14:30:00-04:00,67.58000183105469,67.7699966430664,67.51000213623047,67.5199966430664,14469,0.0,0.0
2022-10-24 15:30:00-04:00,67.73500061035156,67.80999755859375,67.55000305175781,67.72000122070312,32574,0.0,0.0
2022-10-25 09:30:00-04:00,67.69000244140625,68.5999984741211,67.69000244140625,68.5999984741211,8476,0.0,0.0
2022-10-25 10:30:00-04:00,68.6500015258789,69.0999984741211,68.38999938964844,68.87000274658203,12251,0.0,0.0
2022-10-25 11:30:00-04:00,68.86900329589844,69.0999984741211,68.76499938964844,68.88999938964844,7490,0.0,0.0
2022-10-25 12:30:00-04:00,68.88999938964844,68.91000366210938,68.37000274658203,68.37000274658203,5206,0.0,0.0
2022-10-25 13:30:00-04:00,68.5,68.51000213623047,68.2699966430664,68.2699966430664,6644,0.0,0.0
2022-10-25 14:30:00-04:00,68.37000274658203,68.69000244140625,68.33999633789062,68.6500015258789,12395,0.0,0.0
2022-10-25 15:30:00-04:00,68.69000244140625,68.95999908447266,68.66999816894531,68.77999877929688,59165,0.0,0.0
2022-10-26 09:30:00-04:00,69.30999755859375,69.30999755859375,68.73999786376953,69.2300033569336,16519,0.0,0.0
2022-10-26 10:30:00-04:00,69.13999938964844,69.4021987915039,68.8499984741211,69.33999633789062,13601,0.0,0.0
2022-10-26 11:30:00-04:00,69.54000091552734,69.91999816894531,69.27999877929688,69.875,10747,0.0,0.0
2022-10-26 12:30:00-04:00,69.81999969482422,70.0,69.52999877929688,69.875,11476,0.0,0.0
2022-10-26 13:30:00-04:00,69.91999816894531,70.43000030517578,69.80999755859375,70.2699966430664,29315,0.0,0.0
2022-10-26 14:30:00-04:00,70.2750015258789,70.47000122070312,70.20999908447266,70.4000015258789,29000,0.0,0.0
2022-10-26 15:30:00-04:00,70.4000015258789,70.5,70.05000305175781,70.2699966430664,46466,0.0,0.0
2022-10-27 09:30:00-04:00,70.41000366210938,71.88999938964844,70.2699966430664,71.47000122070312,0,0.0,0.0
2022-10-27 10:30:00-04:00,71.54499816894531,71.75,71.11000061035156,71.75,22743,0.0,0.0
2022-10-27 11:30:00-04:00,71.79000091552734,72.12000274658203,71.62000274658203,71.91999816894531,13903,0.0,0.0
2022-10-27 12:30:00-04:00,71.87999725341797,72.20999908447266,71.62999725341797,71.99500274658203,16912,0.0,0.0
2022-10-27 13:30:00-04:00,71.91000366210938,72.12999725341797,71.84210205078125,71.88999938964844,10945,0.0,0.0
2022-10-27 14:30:00-04:00,71.7699966430664,71.83999633789062,71.55999755859375,71.55999755859375,18064,0.0,0.0
2022-10-27 15:30:00-04:00,71.55999755859375,71.82379913330078,71.45999908447266,71.61000061035156,55047,0.0,0.0
2022-10-28 09:30:00-04:00,71.18000030517578,72.77999877929688,70.44999694824219,72.125,18319,0.0,0.0
2022-10-28 10:30:00-04:00,71.91999816894531,72.88999938964844,71.91999816894531,72.16000366210938,9135,0.0,0.0
2022-10-28 11:30:00-04:00,72.2699966430664,73.08000183105469,72.22000122070312,73.04000091552734,11934,0.0,0.0
2022-10-28 12:30:00-04:00,73.05999755859375,73.26000213623047,72.97000122070312,73.0999984741211,9574,0.0,0.0
2022-10-28 13:30:00-04:00,73.08499908447266,73.33000183105469,72.9917984008789,73.0999984741211,9547,0.0,0.0
2022-10-28 14:30:00-04:00,73.0999984741211,73.80999755859375,73.0999984741211,73.73999786376953,19799,0.0,0.0
2022-10-28 15:30:00-04:00,73.68000030517578,73.95500183105469,73.61000061035156,73.81999969482422,27099,0.0,0.0
2022-10-31 09:30:00-04:00,73.25,74.1500015258789,72.91999816894531,73.99500274658203,5471,0.0,0.0
2022-10-31 10:30:00-04:00,73.97000122070312,74.28990173339844,73.87999725341797,74.28990173339844,10830,0.0,0.0
2022-10-31 11:30:00-04:00,73.99500274658203,74.30999755859375,73.8823013305664,73.98999786376953,11675,0.0,0.0
2022-10-31 12:30:00-04:00,73.88009643554688,74.42500305175781,73.81510162353516,74.42500305175781,18862,0.0,0.0
2022-10-31 13:30:00-04:00,74.5,75.05999755859375,74.48999786376953,75.05000305175781,20443,0.0,0.0
2022-10-31 14:30:00-04:00,74.94999694824219,75.08999633789062,74.69000244140625,74.98500061035156,31559,0.0,0.0
2022-10-31 15:30:00-04:00,75.0,75.06999969482422,74.69000244140625,74.79000091552734,38374,0.0,0.0
2022-11-01 09:30:00-04:00,75.11000061035156,75.72000122070312,74.04000091552734,74.7699966430664,12325,0.0,0.0
2022-11-01 10:30:00-04:00,74.69999694824219,74.88500213623047,74.29010009765625,74.75,15564,0.0,0.0
2022-11-01 11:30:00-04:00,74.66999816894531,74.87999725341797,74.3550033569336,74.75499725341797,12285,0.0,0.0
2022-11-01 12:30:00-04:00,74.80000305175781,75.0199966430664,74.61000061035156,74.73999786376953,16814,0.0,0.0
2022-11-01 13:30:00-04:00,74.7300033569336,74.9000015258789,74.44999694824219,74.52999877929688,19254,0.0,0.0
2022-11-01 14:30:00-04:00,74.5,74.5,73.91999816894531,73.93000030517578,16627,0.0,0.0
2022-11-01 15:30:00-04:00,73.87999725341797,74.02999877929688,73.80999755859375,73.87000274658203,36037,0.0,0.0
2022-11-02 09:30:00-04:00,73.33000183105469,73.9000015258789,72.94999694824219,72.94999694824219,0,0.0,0.0
2022-11-02 10:30:00-04:00,73.04000091552734,73.25,72.9000015258789,72.96499633789062,8272,0.0,0.0
2022-11-02 11:30:00-04:00,72.80000305175781,72.83999633789062,72.19999694824219,72.33999633789062,10024,0.0,0.0
2022-11-02 12:30:00-04:00,72.3499984741211,72.56430053710938,72.26000213623047,72.30000305175781,9659,0.0,0.0
2022-11-02 13:30:00-04:00,72.36499786376953,73.70999908447266,72.31999969482422,73.65499877929688,23922,0.0,0.0
2022-11-02 14:30:00-04:00,73.6500015258789,73.6500015258789,71.9749984741211,72.33000183105469,61603,0.0,0.0
2022-11-02 15:30:00-04:00,72.27999877929688,72.48999786376953,72.01499938964844,72.12999725341797,45678,0.0,0.0
2022-11-03 09:30:00-04:00,71.56999969482422,71.56999969482422,70.29000091552734,70.5999984741211,21433,0.0,0.0
2022-11-03 10:30:00-04:00,70.55999755859375,71.05999755859375,70.41000366210938,70.9800033569336,9121,0.0,0.0
2022-11-03 11:30:00-04:00,71.0199966430664,71.41000366210938,70.94000244140625,71.24500274658203,14386,0.0,0.0
2022-11-03 12:30:00-04:00,71.31999969482422,71.7300033569336,71.26499938964844,71.5999984741211,12442,0.0,0.0
2022-11-03 13:30:00-04:00,71.48999786376953,71.5,71.16999816894531,71.30999755859375,19223,0.0,0.0
2022-11-03 14:30:00-04:00,71.30000305175781,71.51000213623047,71.11000061035156,71.32499694824219,27235,0.0,0.0
2022-11-03 15:30:00-04:00,71.36000061035156,71.45999908447266,70.95999908447266,70.97000122070312,43963,0.0,0.0
2022-11-04 09:30:00-04:00,71.83000183105469,72.29499816894531,71.3499984741211,72.13749694824219,0,0.0,0.0
2022-11-04 10:30:00-04:00,72.16999816894531,72.18000030517578,71.375,71.375,18034,0.0,0.0
2022-11-04 11:30:00-04:00,71.33000183105469,71.5,70.72000122070312,71.11000061035156,16388,0.0,0.0
2022-11-04 12:30:00-04:00,71.17500305175781,71.5199966430664,70.8499984741211,71.43000030517578,10083,0.0,0.0
2022-11-04 13:30:00-04:00,71.36000061035156,71.54000091552734,71.05000305175781,71.54000091552734,22455,0.0,0.0
2022-11-04 14:30:00-04:00,71.55500030517578,72.06999969482422,71.47000122070312,71.86759948730469,8225,0.0,0.0
2022-11-04 15:30:00-04:00,71.88500213623047,72.44000244140625,71.82499694824219,72.3550033569336,33111,0.0,0.0
2022-11-07 09:30:00-05:00,73.19999694824219,73.87000274658203,72.76000213623047,73.0199966430664,26459,0.0,0.0
2022-11-07 10:30:00-05:00,73.01000213623047,73.05000305175781,72.6500015258789,72.7300033569336,6663,0.0,0.0
2022-11-07 11:30:00-05:00,72.79000091552734,72.79000091552734,72.48999786376953,72.59500122070312,5831,0.0,0.0
2022-11-07 12:30:00-05:00,72.48999786376953,72.48999786376953,72.0999984741211,72.33999633789062,8479,0.0,0.0
2022-11-07 13:30:00-05:00,72.30500030517578,72.59500122070312,72.20999908447266,72.59500122070312,9989,0.0,0.0
2022-11-07 14:30:00-05:00,72.70500183105469,72.93000030517578,72.56500244140625,72.61000061035156,16036,0.0,0.0
2022-11-07 15:30:00-05:00,72.56159973144531,72.68000030517578,72.41500091552734,72.61000061035156,25629,0.0,0.0
2022-11-08 09:30:00-05:00,72.56999969482422,73.04090118408203,71.70999908447266,71.86499786376953,0,0.0,0.0
2022-11-08 10:30:00-05:00,72.29060363769531,72.62000274658203,72.29060363769531,72.4800033569336,5195,0.0,0.0
2022-11-08 11:30:00-05:00,72.6259994506836,72.6259994506836,71.97000122070312,71.97000122070312,14834,0.0,0.0
2022-11-08 12:30:00-05:00,71.80999755859375,71.93000030517578,71.01000213623047,71.01000213623047,13234,0.0,0.0
2022-11-08 13:30:00-05:00,70.94999694824219,71.11000061035156,70.69000244140625,70.69999694824219,12807,0.0,0.0
2022-11-08 14:30:00-05:00,70.6500015258789,71.23999786376953,70.62000274658203,71.23999786376953,18001,0.0,0.0
2022-11-08 15:30:00-05:00,71.30000305175781,71.55999755859375,70.95999908447266,70.95999908447266,32998,0.0,0.0
2022-11-09 09:30:00-05:00,70.95999908447266,71.27999877929688,70.31500244140625,70.73999786376953,0,0.0,0.0
2022-11-09 10:30:00-05:00,70.88500213623047,70.88500213623047,70.41000366210938,70.75499725341797,8123,0.0,0.0
2022-11-09 11:30:00-05:00,70.62999725341797,70.90499877929688,70.5,70.5,13678,0.0,0.0
2022-11-09 12:30:00-05:00,70.55500030517578,70.69000244140625,70.44000244140625,70.4800033569336,14433,0.0,0.0
2022-11-09 13:30:00-05:00,70.33000183105469,70.5,70.2249984741211,70.30999755859375,12264,0.0,0.0
2022-11-09 14:30:00-05:00,70.30999755859375,70.30999755859375,69.86000061035156,69.94999694824219,22568,0.0,0.0
2022-11-09 15:30:00-05:00,69.91000366210938,70.01000213623047,69.66999816894531,69.96499633789062,44966,0.0,0.0
2022-11-10 09:30:00-05:00,71.37999725341797,72.26000213623047,71.37999725341797,72.04000091552734,25942,0.0,0.0
2022-11-10 10:30:00-05:00,72.08999633789062,72.79499816894531,71.88999938964844,72.48999786376953,10908,0.0,0.0
2022-11-10 11:30:00-05:00,72.19999694824219,72.41999816894531,72.0199966430664,72.16999816894531,17087,0.0,0.0
2022-11-10 12:30:00-05:00,72.0250015258789,72.33000183105469,71.94999694824219,72.2300033569336,10321,0.0,0.0
2022-11-10 13:30:00-05:00,72.181396484375,72.33000183105469,72.10870361328125,72.2300033569336,13237,0.0,0.0
2022-11-10 14:30:00-05:00,72.2300033569336,72.23500061035156,71.9800033569336,72.22000122070312,15819,0.0,0.0
2022-11-10 15:30:00-05:00,72.16000366210938,72.18000030517578,71.87000274658203,72.0,40597,0.0,0.0
2022-11-11 09:30:00-05:00,72.12999725341797,72.81999969482422,71.91999816894531,72.25,10345,0.0,0.0
2022-11-11 10:30:00-05:00,72.02999877929688,72.02999877929688,70.55000305175781,70.55000305175781,5532,0.0,0.0
2022-11-11 11:30:00-05:00,70.55999755859375,71.13999938964844,70.55999755859375,71.13999938964844,7347,0.0,0.0
2022-11-11 12:30:00-05:00,71.02999877929688,71.1449966430664,70.86499786376953,71.05999755859375,26713,0.0,0.0
2022-11-11 13:30:00-05:00,70.9800033569336,71.16000366210938,70.72010040283203,70.9800033569336,20936,0.0,0.0
2022-11-11 14:30:00-05:00,71.05000305175781,71.23999786376953,70.66000366210938,70.73999786376953,8723,0.0,0.0
2022-11-11 15:30:00-05:00,70.73500061035156,70.81999969482422,70.54000091552734,70.62000274658203,25910,0.0,0.0
2022-11-14 09:30:00-05:00,69.4800033569336,70.41000366210938,69.06999969482422,69.68000030517578,0,0.0,0.0
2022-11-14 10:30:00-05:00,69.69000244140625,69.7699966430664,69.26499938964844,69.36000061035156,15198,0.0,0.0
2022-11-14 11:30:00-05:00,69.43499755859375,69.70999908447266,69.4000015258789,69.68499755859375,6167,0.0,0.0
2022-11-14 12:30:00-05:00,69.7699966430664,70.2699966430664,69.7699966430664,70.2699966430664,5547,0.0,0.0
2022-11-14 13:30:00-05:00,70.20999908447266,70.69499969482422,70.19999694824219,70.31999969482422,9614,0.0,0.0
2022-11-14 14:30:00-05:00,70.26000213623047,70.33000183105469,70.0,70.19499969482422,8487,0.0,0.0
2022-11-14 15:30:00-05:00,70.19999694824219,70.26000213623047,69.54000091552734,69.55000305175781,40418,0.0,0.0
2022-11-15 09:30:00-05:00,70.19999694824219,70.56999969482422,69.90499877929688,70.19000244140625,10546,0.0,0.0
2022-11-15 10:30:00-05:00,70.41000366210938,70.5199966430664,70.04000091552734,70.05000305175781,9535,0.0,0.0
2022-11-15 11:30:00-05:00,70.0,70.24500274658203,69.91999816894531,70.16999816894531,15496,0.0,0.0
2022-11-15 12:30:00-05:00,70.12000274658203,70.34500122070312,69.47000122070312,69.47000122070312,22977,0.0,0.0
2022-11-15 13:30:00-05:00,69.45999908447266,69.7300033569336,69.0999984741211,69.5999984741211,17969,0.0,0.0
2022-11-15 14:30:00-05:00,69.61000061035156,69.77999877929688,69.44000244140625,69.5,16844,0.0,0.0
2022-11-15 15:30:00-05:00,69.48999786376953,69.86000061035156,69.40499877929688,69.86000061035156,28001,0.0,0.0
2022-11-16 09:30:00-05:00,69.7699966430664,69.7699966430664,69.12999725341797,69.2699966430664,6389,0.0,0.0
2022-11-16 10:30:00-05:00,69.1500015258789,69.51000213623047,69.12999725341797,69.18000030517578,4555,0.0,0.0
2022-11-16 11:30:00-05:00,69.29000091552734,69.5999984741211,69.29000091552734,69.44999694824219,9950,0.0,0.0
2022-11-16 12:30:00-05:00,69.5199966430664,69.75,69.31500244140625,69.31500244140625,5961,0.0,0.0
2022-11-16 13:30:00-05:00,69.22000122070312,69.3499984741211,69.12999725341797,69.29000091552734,6220,0.0,0.0
2022-11-16 14:30:00-05:00,69.32499694824219,69.46499633789062,69.16999816894531,69.23999786376953,11360,0.0,0.0
2022-11-16 15:30:00-05:00,69.2699966430664,69.41000366210938,69.05000305175781,69.19000244140625,27498,0.0,0.0
2022-11-17 09:30:00-05:00,68.75,68.80000305175781,68.33000183105469,68.37999725341797,17422,0.0,0.0
2022-11-17 10:30:00-05:00,68.48999786376953,68.54499816894531,68.31999969482422,68.41000366210938,4895,0.0,0.0
2022-11-17 11:30:00-05:00,68.40499877929688,68.56500244140625,68.36000061035156,68.56500244140625,4291,0.0,0.0
2022-11-17 12:30:00-05:00,68.55500030517578,68.93000030517578,68.5199966430664,68.8499984741211,13381,0.0,0.0
2022-11-17 13:30:00-05:00,68.83000183105469,68.83999633789062,68.33000183105469,68.33000183105469,7269,0.0,0.0
2022-11-17 14:30:00-05:00,68.4000015258789,68.47000122070312,68.0999984741211,68.15499877929688,10730,0.0,0.0
2022-11-17 15:30:00-05:00,68.23999786376953,68.76000213623047,68.2300033569336,68.73999786376953,21279,0.0,0.0
2022-11-18 09:30:00-05:00,69.93000030517578,70.44999694824219,68.86000061035156,69.63999938964844,28046,0.0,0.0
2022-11-18 10:30:00-05:00,69.61000061035156,69.72000122070312,69.19999694824219,69.66999816894531,38894,0.0,0.0
2022-11-18 11:30:00-05:00,69.61000061035156,69.61000061035156,68.8949966430664,69.31500244140625,17312,0.0,0.0
2022-11-18 12:30:00-05:00,69.44999694824219,69.69999694824219,69.33999633789062,69.69999694824219,9043,0.0,0.0
2022-11-18 13:30:00-05:00,69.76000213623047,69.77999877929688,69.47000122070312,69.73999786376953,6007,0.0,0.0
2022-11-18 14:30:00-05:00,69.76499938964844,69.83999633789062,69.62999725341797,69.76000213623047,12182,0.0,0.0
2022-11-18 15:30:00-05:00,69.7300033569336,69.77899932861328,69.4800033569336,69.72000122070312,28421,0.0,0.0
2022-11-21 09:30:00-05:00,69.30999755859375,70.04000091552734,69.30999755859375,69.76000213623047,5744,0.0,0.0
2022-11-21 10:30:00-05:00,69.7699966430664,70.197998046875,69.7699966430664,69.80000305175781,8553,0.0,0.0
2022-11-21 11:30:00-05:00,69.76499938964844,69.93000030517578,69.7300033569336,69.87000274658203,7961,0.0,0.0
2022-11-21 12:30:00-05:00,69.8499984741211,70.03500366210938,69.75,69.75,8999,0.0,0.0
2022-11-21 13:30:00-05:00,69.76000213623047,69.81999969482422,69.58000183105469,69.66000366210938,6681,0.0,0.0
2022-11-21 14:30:00-05:00,69.65499877929688,69.77999877929688,69.55999755859375,69.69999694824219,13015,0.0,0.0
2022-11-21 15:30:00-05:00,69.69499969482422,69.95999908447266,69.58499908447266,69.91999816894531,39228,0.0,0.0
2022-11-22 09:30:00-05:00,70.20999908447266,70.56999969482422,70.20999908447266,70.41999816894531,4874,0.0,0.0
2022-11-22 10:30:00-05:00,70.33999633789062,70.33999633789062,70.02999877929688,70.125,7632,0.0,0.0
2022-11-22 11:30:00-05:00,70.01000213623047,70.12000274658203,69.98999786376953,70.04499816894531,3180,0.0,0.0
2022-11-22 12:30:00-05:00,70.16000366210938,70.2300033569336,70.04000091552734,70.1500015258789,6318,0.0,0.0
2022-11-22 13:30:00-05:00,70.12999725341797,70.55000305175781,70.12999725341797,70.51000213623047,21082,0.0,0.0
2022-11-22 14:30:00-05:00,70.41999816894531,70.6050033569336,70.33499908447266,70.45999908447266,9423,0.0,0.0
2022-11-22 15:30:00-05:00,70.52999877929688,70.69999694824219,70.3499984741211,70.50499725341797,35255,0.0,0.0
2022-11-23 09:30:00-05:00,70.30000305175781,70.4000015258789,69.70999908447266,70.38999938964844,0,0.0,0.0
2022-11-23 10:30:00-05:00,70.38999938964844,70.70339965820312,70.38999938964844,70.51239776611328,7085,0.0,0.0
2022-11-23 11:30:00-05:00,70.5199966430664,70.62999725341797,70.3499984741211,70.62999725341797,7706,0.0,0.0
2022-11-23 12:30:00-05:00,70.5199966430664,70.5199966430664,70.29000091552734,70.47000122070312,7599,0.0,0.0
2022-11-23 13:30:00-05:00,70.55000305175781,70.62999725341797,70.29000091552734,70.62000274658203,9372,0.0,0.0
2022-11-23 14:30:00-05:00,70.55000305175781,70.61000061035156,70.26000213623047,70.2699966430664,11821,0.0,0.0
2022-11-23 15:30:00-05:00,70.27999877929688,70.5199966430664,70.25,70.37999725341797,22139,0.0,0.0
2022-11-25 09:30:00-05:00,70.69000244140625,71.20269775390625,70.69000244140625,71.01000213623047,0,0.0,0.0
2022-11-25 10:30:00-05:00,71.02999877929688,71.26000213623047,71.02999877929688,71.05999755859375,8246,0.0,0.0
2022-11-25 11:30:00-05:00,71.06999969482422,71.36000061035156,71.06999969482422,71.27999877929688,12650,0.0,0.0
2022-11-28 09:30:00-05:00,71.2699966430664,71.45999908447266,70.06999969482422,70.69999694824219,12679,0.0,0.0
2022-11-28 10:30:00-05:00,70.80000305175781,70.97000122070312,70.19000244140625,70.30000305175781,12860,0.0,0.0
2022-11-28 11:30:00-05:00,70.27999877929688,70.52999877929688,70.1449966430664,70.1449966430664,19003,0.0,0.0
2022-11-28 12:30:00-05:00,70.1500015258789,70.3499984741211,69.97000122070312,70.12000274658203,11273,0.0,0.0
2022-11-28 13:30:00-05:00,70.06999969482422,70.0999984741211,69.58000183105469,69.63009643554688,10322,0.0,0.0
2022-11-28 14:30:00-05:00,69.67500305175781,69.67500305175781,69.16999816894531,69.18000030517578,14739,0.0,0.0
2022-11-28 15:30:00-05:00,69.18000030517578,69.46499633789062,69.06999969482422,69.31999969482422,39608,0.0,0.0
2022-11-29 09:30:00-05:00,69.27999877929688,70.08499908447266,68.86000061035156,69.91999816894531,11523,0.0,0.0
2022-11-29 10:30:00-05:00,69.91999816894531,70.05999755859375,69.54000091552734,69.54000091552734,6198,0.0,0.0
2022-11-29 11:30:00-05:00,69.5999984741211,69.81999969482422,69.4749984741211,69.5999984741211,15424,0.0,0.0
2022-11-29 12:30:00-05:00,69.625,69.69000244140625,69.5199966430664,69.55000305175781,15501,0.0,0.0
2022-11-29 13:30:00-05:00,69.54000091552734,69.7249984741211,69.37999725341797,69.38999938964844,26705,0.0,0.0
2022-11-29 14:30:00-05:00,69.36000061035156,69.5,69.30000305175781,69.38500213623047,12170,0.0,0.0
2022-11-29 15:30:00-05:00,69.44000244140625,69.50499725341797,69.27999877929688,69.3550033569336,23202,0.0,0.0
2022-11-30 09:30:00-05:00,69.36000061035156,69.9000015258789,68.05999755859375,68.31999969482422,9062,0.0,0.0
2022-11-30 10:30:00-05:00,68.33000183105469,68.9000015258789,68.33000183105469,68.80999755859375,7343,0.0,0.0
2022-11-30 11:30:00-05:00,68.81999969482422,68.875,68.61000061035156,68.61000061035156,5202,0.0,0.0
2022-11-30 12:30:00-05:00,68.48999786376953,68.76000213623047,68.27999877929688,68.58000183105469,8246,0.0,0.0
2022-11-30 13:30:00-05:00,68.55999755859375,70.33000183105469,68.5,70.18000030517578,16434,0.0,0.0
2022-11-30 14:30:00-05:00,70.12999725341797,70.41000366210938,70.01000213623047,70.01000213623047,15485,0.0,0.0
2022-11-30 15:30:00-05:00,69.98999786376953,70.91000366210938,69.97000122070312,70.62000274658203,52444,0.0,0.0
2022-12-01 09:30:00-05:00,70.70999908447266,70.91000366210938,69.68000030517578,69.77999877929688,7248,0.0,0.0
2022-12-01 10:30:00-05:00,69.8499984741211,70.77999877929688,69.8499984741211,70.66000366210938,8743,0.0,0.0
2022-12-01 11:30:00-05:00,70.7052993774414,71.1500015258789,70.7052993774414,70.77999877929688,12569,0.0,0.0
2022-12-01 12:30:00-05:00,70.80000305175781,70.80000305175781,70.58000183105469,70.66999816894531,9794,0.0,0.0
2022-12-01 13:30:00-05:00,70.62999725341797,70.66500091552734,70.25,70.62000274658203,15707,0.0,0.0
2022-12-01 14:30:00-05:00,70.55999755859375,70.69000244140625,70.55999755859375,70.66000366210938,11300,0.0,0.0
2022-12-01 15:30:00-05:00,70.66000366210938,70.69999694824219,70.51499938964844,70.55000305175781,25197,0.0,0.0
2022-12-02 09:30:00-05:00,69.9800033569336,70.18000030517578,69.65499877929688,69.9800033569336,6443,0.0,0.0
2022-12-02 10:30:00-05:00,69.97000122070312,70.47000122070312,69.97000122070312,70.16999816894531,8505,0.0,0.0
2022-12-02 11:30:00-05:00,70.19000244140625,70.41000366210938,70.06999969482422,70.06999969482422,5552,0.0,0.0
2022-12-02 12:30:00-05:00,70.12000274658203,70.19999694824219,69.98999786376953,69.98999786376953,11228,0.0,0.0
2022-12-02 13:30:00-05:00,70.05000305175781,70.54499816894531,70.05000305175781,70.47000122070312,14232,0.0,0.0
2022-12-02 14:30:00-05:00,70.56999969482422,70.91999816894531,70.48999786376953,70.74500274658203,11190,0.0,0.0
2022-12-02 15:30:00-05:00,70.83000183105469,70.83000183105469,70.4800033569336,70.66000366210938,20963,0.0,0.0
2022-12-05 09:30:00-05:00,70.1500015258789,70.19999694824219,67.94999694824219,67.99500274658203,19640,0.0,0.0
2022-12-05 10:30:00-05:00,67.91220092773438,68.04499816894531,67.2300033569336,67.2300033569336,15755,0.0,0.0
2022-12-05 11:30:00-05:00,66.97000122070312,66.97000122070312,66.08000183105469,66.91999816894531,21602,0.0,0.0
2022-12-05 12:30:00-05:00,66.93000030517578,67.23999786376953,66.87000274658203,66.91339874267578,13038,0.0,0.0
2022-12-05 13:30:00-05:00,66.88919830322266,66.89289855957031,66.44999694824219,66.44999694824219,12872,0.0,0.0
2022-12-05 14:30:00-05:00,66.43000030517578,66.43000030517578,66.08000183105469,66.08000183105469,17018,0.0,0.0
2022-12-05 15:30:00-05:00,66.06999969482422,66.54000091552734,66.05000305175781,66.54000091552734,24385,0.0,0.0
2022-12-06 09:30:00-05:00,66.48999786376953,66.66999816894531,65.77999877929688,65.94499969482422,12839,0.0,0.0
2022-12-06 10:30:00-05:00,65.87000274658203,66.12000274658203,65.69999694824219,66.05000305175781,9045,0.0,0.0
2022-12-06 11:30:00-05:00,65.94499969482422,66.13999938964844,65.8499984741211,65.94000244140625,10520,0.0,0.0
2022-12-06 12:30:00-05:00,65.91000366210938,66.08999633789062,65.83499908447266,65.94999694824219,8163,0.0,0.0
2022-12-06 13:30:00-05:00,65.98999786376953,66.07499694824219,65.91000366210938,66.0199966430664,9114,0.0,0.0
2022-12-06 14:30:00-05:00,65.93000030517578,66.12000274658203,65.79499816894531,65.79499816894531,19307,0.0,0.0
2022-12-06 15:30:00-05:00,65.8550033569336,66.0999984741211,65.8550033569336,65.91999816894531,42944,0.0,0.0
2022-12-07 09:30:00-05:00,65.87000274658203,66.25,65.66999816894531,66.25,10219,0.0,0.0
2022-12-07 10:30:00-05:00,66.61000061035156,66.73999786376953,66.30000305175781,66.5199966430664,16639,0.0,0.0
2022-12-07 11:30:00-05:00,66.27999877929688,66.45999908447266,66.11000061035156,66.16000366210938,8279,0.0,0.0
2022-12-07 12:30:00-05:00,66.0999984741211,66.23999786376953,65.91999816894531,65.97000122070312,6666,0.0,0.0
2022-12-07 13:30:00-05:00,65.95999908447266,66.05999755859375,65.86000061035156,65.9749984741211,14708,0.0,0.0
2022-12-07 14:30:00-05:00,66.04000091552734,66.16899871826172,65.9800033569336,66.16899871826172,12759,0.0,0.0
2022-12-07 15:30:00-05:00,66.12000274658203,66.1500015258789,65.86000061035156,65.94000244140625,23059,0.0,0.0
2022-12-08 09:30:00-05:00,66.19999694824219,66.69999694824219,65.52999877929688,66.69999694824219,0,0.0,0.0
2022-12-08 10:30:00-05:00,66.7300033569336,66.7300033569336,66.13999938964844,66.26000213623047,4877,0.0,0.0
2022-12-08 11:30:00-05:00,66.29000091552734,66.30999755859375,65.93000030517578,66.0199966430664,3704,0.0,0.0
2022-12-08 12:30:00-05:00,65.72000122070312,65.9000015258789,65.72000122070312,65.83000183105469,6167,0.0,0.0
2022-12-08 13:30:00-05:00,65.91999816894531,66.03500366210938,65.45999908447266,65.61000061035156,8319,0.0,0.0
2022-12-08 14:30:00-05:00,65.6500015258789,65.90499877929688,65.62999725341797,65.75,11957,0.0,0.0
2022-12-08 15:30:00-05:00,65.69999694824219,65.98500061035156,65.69999694824219,65.97000122070312,18500,0.0,0.0
2022-12-09 09:30:00-05:00,65.70999908447266,66.55000305175781,65.57499694824219,66.04000091552734,0,0.0,0.0
2022-12-09 10:30:00-05:00,66.04000091552734,66.04000091552734,65.5999984741211,65.7249984741211,6214,0.0,0.0
2022-12-09 11:30:00-05:00,65.68499755859375,65.97000122070312,65.68499755859375,65.80000305175781,4049,0.0,0.0
2022-12-09 12:30:00-05:00,65.97000122070312,66.18000030517578,65.91500091552734,65.97000122070312,3687,0.0,0.0
2022-12-09 13:30:00-05:00,66.02999877929688,66.06999969482422,65.83999633789062,66.04499816894531,7646,0.0,0.0
2022-12-09 14:30:00-05:00,66.0199966430664,66.16439819335938,65.99500274658203,65.99500274658203,6551,0.0,0.0
2022-12-09 15:30:00-05:00,66.01000213623047,66.22000122070312,65.97000122070312,66.20999908447266,30371,0.0,0.0
2022-12-12 09:30:00-05:00,66.19000244140625,66.19000244140625,65.5,65.8499984741211,16399,0.0,0.0
2022-12-12 10:30:00-05:00,65.91999816894531,66.25,65.91999816894531,66.25,9027,0.0,0.0
2022-12-12 11:30:00-05:00,66.33499908447266,66.41000366210938,66.20999908447266,66.25,6126,0.0,0.0
2022-12-12 12:30:00-05:00,66.18000030517578,66.38500213623047,66.16999816894531,66.20999908447266,6354,0.0,0.0
2022-12-12 13:30:00-05:00,66.22000122070312,66.5,66.16000366210938,66.16000366210938,7772,0.0,0.0
2022-12-12 14:30:00-05:00,66.16999816894531,66.44999694824219,66.11000061035156,66.41000366210938,10194,0.0,0.0
2022-12-12 15:30:00-05:00,66.37999725341797,66.37999725341797,65.97000122070312,66.08000183105469,21198,0.0,0.0
2022-12-13 09:30:00-05:00,67.04000091552734,67.4800033569336,65.83999633789062,65.94999694824219,15256,0.0,0.0
2022-12-13 10:30:00-05:00,66.01000213623047,66.27999877929688,65.80000305175781,65.80500030517578,9406,0.0,0.0
2022-12-13 11:30:00-05:00,65.9000015258789,65.9800033569336,65.5199966430664,65.55000305175781,26551,0.0,0.0
2022-12-13 12:30:00-05:00,65.55000305175781,65.94000244140625,65.5,65.80999755859375,14255,0.0,0.0
2022-12-13 13:30:00-05:00,65.87000274658203,65.9749984741211,65.58999633789062,65.76000213623047,9898,0.0,0.0
2022-12-13 14:30:00-05:00,65.7300033569336,65.86360168457031,65.37000274658203,65.7699966430664,15672,0.0,0.0
2022-12-13 15:30:00-05:00,65.78500366210938,66.04000091552734,65.69999694824219,65.79000091552734,32439,0.0,0.0
2022-12-14 09:30:00-05:00,65.7699966430664,66.25499725341797,65.44999694824219,65.77999877929688,14563,0.0,0.0
2022-12-14 10:30:00-05:00,65.80999755859375,66.04000091552734,65.63999938964844,66.00499725341797,11796,0.0,0.0
2022-12-14 11:30:00-05:00,65.87999725341797,65.87999725341797,65.44000244140625,65.44999694824219,31118,0.0,0.0
2022-12-14 12:30:00-05:00,65.5,65.66000366210938,65.3499984741211,65.52999877929688,9059,0.0,0.0
2022-12-14 13:30:00-05:00,65.5,65.55000305175781,64.7925033569336,64.93000030517578,12448,0.0,0.0
2022-12-14 14:30:00-05:00,64.87999725341797,65.06999969482422,64.08999633789062,64.08999633789062,22565,0.0,0.0
2022-12-14 15:30:00-05:00,64.0,64.19999694824219,63.66999816894531,63.84000015258789,33159,0.0,0.0
2022-12-15 09:30:00-05:00,63.38999938964844,63.724998474121094,62.5,62.88999938964844,30896,0.0,0.0
2022-12-15 10:30:00-05:00,62.810001373291016,63.0099983215332,62.38999938964844,62.439998626708984,26325,0.0,0.0
2022-12-15 11:30:00-05:00,62.474998474121094,62.72999954223633,62.380001068115234,62.529998779296875,18943,0.0,0.0
2022-12-15 12:30:00-05:00,62.58000183105469,62.69499969482422,62.15999984741211,62.15999984741211,16940,0.0,0.0
2022-12-15 13:30:00-05:00,62.20000076293945,62.380001068115234,62.0099983215332,62.20000076293945,25101,0.0,0.0
2022-12-15 14:30:00-05:00,62.310001373291016,62.959999084472656,62.310001373291016,62.959999084472656,28861,0.0,0.0
2022-12-15 15:30:00-05:00,62.91999816894531,62.98500061035156,62.349998474121094,62.459999084472656,52378,0.0,0.0
2022-12-16 09:30:00-05:00,62.2599983215332,62.900001525878906,61.56999969482422,61.86000061035156,74614,0.0,0.0
2022-12-16 10:30:00-05:00,61.970001220703125,62.15999984741211,61.790000915527344,61.90999984741211,13178,0.0,0.0
2022-12-16 11:30:00-05:00,61.81999969482422,61.90999984741211,61.560001373291016,61.59000015258789,13504,0.0,0.0
2022-12-16 12:30:00-05:00,61.65999984741211,61.69499969482422,61.34000015258789,61.459999084472656,16781,0.0,0.0
2022-12-16 13:30:00-05:00,61.52000045776367,61.86000061035156,61.52000045776367,61.685001373291016,14830,0.0,0.0
2022-12-16 14:30:00-05:00,61.53499984741211,61.880001068115234,61.375,61.7599983215332,27460,0.0,0.0
2022-12-16 15:30:00-05:00,61.775001525878906,61.91999816894531,61.20000076293945,61.54999923706055,75463,0.0,0.0
2022-12-19 09:30:00-05:00,61.84000015258789,62.650001525878906,61.709999084472656,62.38999938964844,48660,0.0,0.0
2022-12-19 10:30:00-05:00,62.47999954223633,62.58000183105469,62.25,62.560001373291016,14825,0.0,0.0
2022-12-19 11:30:00-05:00,62.59000015258789,62.720001220703125,62.43000030517578,62.720001220703125,15408,0.0,0.0
2022-12-19 12:30:00-05:00,62.62099838256836,62.62099838256836,62.33000183105469,62.349998474121094,51102,0.0,0.0
2022-12-19 13:30:00-05:00,62.279998779296875,62.279998779296875,61.82500076293945,61.82500076293945,28292,0.0,0.0
2022-12-19 14:30:00-05:00,61.8567008972168,62.14500045776367,61.845001220703125,61.86000061035156,26166,0.0,0.0
2022-12-19 15:30:00-05:00,61.95000076293945,62.34000015258789,61.86000061035156,62.150001525878906,43630,0.0,0.0
2022-12-20 09:30:00-05:00,62.34000015258789,62.470001220703125,62.08000183105469,62.36000061035156,15626,0.0,0.0
2022-12-20 10:30:00-05:00,62.52000045776367,62.54499816894531,62.18000030517578,62.25,17820,0.0,0.0
2022-12-20 11:30:00-05:00,62.20000076293945,62.2400016784668,62.02000045776367,62.15999984741211,8955,0.0,0.0
2022-12-20 12:30:00-05:00,62.150001525878906,62.40999984741211,62.0099983215332,62.29999923706055,16634,0.0,0.0
2022-12-20 13:30:00-05:00,62.33000183105469,62.439998626708984,62.2599983215332,62.279998779296875,43793,0.0,0.0
2022-12-20 14:30:00-05:00,62.25,62.34000015258789,62.04999923706055,62.11000061035156,27684,0.0,0.0
2022-12-20 15:30:00-05:00,62.10499954223633,62.31999969482422,61.97999954223633,62.0,37934,0.0,0.0
2022-12-21 09:30:00-05:00,62.77000045776367,63.099998474121094,62.33000183105469,62.93000030517578,0,0.0,0.0
2022-12-21 10:30:00-05:00,62.96500015258789,63.220001220703125,62.95000076293945,63.0099983215332,33811,0.0,0.0
2022-12-21 11:30:00-05:00,62.97999954223633,62.9900016784668,62.72999954223633,62.88999938964844,17636,0.0,0.0
2022-12-21 12:30:00-05:00,62.95000076293945,62.959999084472656,62.619998931884766,62.65999984741211,18468,0.0,0.0
2022-12-21 13:30:00-05:00,62.619998931884766,62.819000244140625,62.400001525878906,62.41999816894531,21561,0.0,0.0
2022-12-21 14:30:00-05:00,62.439998626708984,62.529998779296875,62.08000183105469,62.529998779296875,52269,0.0,0.0
2022-12-21 15:30:00-05:00,62.525001525878906,62.82500076293945,62.47999954223633,62.7599983215332,46597,0.0,0.0
2022-12-22 09:30:00-05:00,62.70000076293945,62.70000076293945,61.66999816894531,61.880001068115234,7884,0.0,0.0
2022-12-22 10:30:00-05:00,61.77000045776367,62.02000045776367,61.7400016784668,61.7400016784668,9550,0.0,0.0
2022-12-22 11:30:00-05:00,61.7400016784668,61.790000915527344,61.540000915527344,61.75,13508,0.0,0.0
2022-12-22 12:30:00-05:00,61.75,61.75,61.439998626708984,61.54999923706055,5667,0.0,0.0
2022-12-22 13:30:00-05:00,61.540000915527344,61.869998931884766,61.47999954223633,61.720001220703125,9380,0.0,0.0
2022-12-22 14:30:00-05:00,61.7400016784668,62.27000045776367,61.7400016784668,62.20000076293945,9493,0.0,0.0
2022-12-22 15:30:00-05:00,62.27000045776367,62.41999816894531,62.185001373291016,62.41999816894531,22008,0.0,0.0
2022-12-23 09:30:00-05:00,62.41999816894531,62.720001220703125,62.25,62.650001525878906,9878,0.0,0.0
2022-12-23 10:30:00-05:00,62.86000061035156,62.86000061035156,62.470001220703125,62.4900016784668,5098,0.0,0.0
2022-12-23 11:30:00-05:00,62.5,63.15999984741211,62.5,62.94499969482422,16924,0.0,0.0
2022-12-23 12:30:00-05:00,63.099998474121094,63.099998474121094,62.88999938964844,62.93000030517578,4121,0.0,0.0
2022-12-23 13:30:00-05:00,63.060001373291016,63.189998626708984,62.900001525878906,63.13999938964844,6550,0.0,0.0
2022-12-23 14:30:00-05:00,63.15999984741211,63.220001220703125,63.040000915527344,63.040000915527344,10085,0.0,0.0
2022-12-23 15:30:00-05:00,63.074501037597656,63.074501037597656,62.88999938964844,62.95000076293945,15254,0.0,0.0
2022-12-27 09:30:00-05:00,63.20000076293945,63.26499938964844,62.47999954223633,63.150001525878906,7525,0.0,0.0
2022-12-27 10:30:00-05:00,63.2599983215332,63.45000076293945,63.04999923706055,63.16999816894531,6634,0.0,0.0
2022-12-27 11:30:00-05:00,63.20000076293945,63.5890007019043,63.20000076293945,63.47999954223633,7161,0.0,0.0
2022-12-27 12:30:00-05:00,63.54899978637695,64.19000244140625,63.369998931884766,64.03500366210938,16495,0.0,0.0
2022-12-27 13:30:00-05:00,63.959999084472656,63.959999084472656,63.47999954223633,63.47999954223633,6214,0.0,0.0
2022-12-27 14:30:00-05:00,63.5099983215332,63.720001220703125,63.459999084472656,63.689998626708984,10203,0.0,0.0
2022-12-27 15:30:00-05:00,63.689998626708984,63.779998779296875,63.529998779296875,63.560001373291016,27567,0.0,0.0
2022-12-28 09:30:00-05:00,63.5099983215332,64.08000183105469,63.310001373291016,63.439998626708984,8448,0.0,0.0
2022-12-28 10:30:00-05:00,63.36000061035156,63.36000061035156,63.0099983215332,63.130001068115234,12063,0.0,0.0
2022-12-28 11:30:00-05:00,63.13999938964844,63.220001220703125,62.750099182128906,62.9900016784668,5468,0.0,0.0
2022-12-28 12:30:00-05:00,62.9900016784668,63.380001068115234,62.9900016784668,63.2400016784668,5951,0.0,0.0
2022-12-28 13:30:00-05:00,63.189998626708984,63.189998626708984,62.88999938964844,62.88999938964844,5648,0.0,0.0
2022-12-28 14:30:00-05:00,63.029998779296875,63.189998626708984,62.7218017578125,62.89500045776367,7156,0.0,0.0
2022-12-28 15:30:00-05:00,62.959999084472656,62.959999084472656,62.720001220703125,62.75,14520,0.0,0.0
2022-12-29 09:30:00-05:00,62.599998474121094,63.23500061035156,62.599998474121094,63.189998626708984,12231,0.0,0.0
2022-12-29 10:30:00-05:00,63.27000045776367,63.369998931884766,63.029998779296875,63.25,6361,0.0,0.0
2022-12-29 11:30:00-05:00,63.20000076293945,63.810001373291016,63.20000076293945,63.59000015258789,5768,0.0,0.0
2022-12-29 12:30:00-05:00,63.709999084472656,63.849998474121094,63.599998474121094,63.66999816894531,4801,0.0,0.0
2022-12-29 13:30:00-05:00,63.68000030517578,63.69499969482422,63.529998779296875,63.54999923706055,7131,0.0,0.0
2022-12-29 14:30:00-05:00,63.630001068115234,63.65999984741211,63.47999954223633,63.5099983215332,7364,0.0,0.0
2022-12-29 15:30:00-05:00,63.540000915527344,63.7599983215332,63.5,63.61000061035156,17439,0.0,0.0
2022-12-30 09:30:00-05:00,63.369998931884766,63.54999923706055,62.39500045776367,63.27000045776367,10127,0.0,0.0
2022-12-30 10:30:00-05:00,63.5,63.619998931884766,63.25,63.25,10186,0.0,0.0
2022-12-30 11:30:00-05:00,63.5099983215332,63.5099983215332,63.42499923706055,63.42499923706055,374,0.0,0.0
2022-12-30 12:30:00-05:00,63.40999984741211,63.40999984741211,62.93000030517578,63.09000015258789,11985,0.0,0.0
2022-12-30 13:30:00-05:00,63.11000061035156,63.209999084472656,62.93000030517578,62.95000076293945,10422,0.0,0.0
2022-12-30 14:30:00-05:00,62.95000076293945,63.0099983215332,62.685001373291016,62.85499954223633,14342,0.0,0.0
2022-12-30 15:30:00-05:00,62.84000015258789,63.459999084472656,62.84000015258789,63.189998626708984,32321,0.0,0.0
2023-01-03 09:30:00-05:00,63.38999938964844,63.38999938964844,62.22999954223633,62.619998931884766,12278,0.0,0.0
2023-01-03 10:30:00-05:00,62.66999816894531,63.224998474121094,62.654998779296875,62.70500183105469,6496,0.0,0.0
2023-01-03 11:30:00-05:00,62.69499969482422,62.77000045776367,62.380001068115234,62.60499954223633,9183,0.0,0.0
2023-01-03 12:30:00-05:00,62.54999923706055,62.83000183105469,62.45000076293945,62.83000183105469,15486,0.0,0.0
2023-01-03 13:30:00-05:00,62.869998931884766,62.900001525878906,62.52000045776367,62.56999969482422,12447,0.0,0.0
2023-01-03 14:30:00-05:00,62.52000045776367,62.95000076293945,62.474998474121094,62.689998626708984,22746,0.0,0.0
2023-01-03 15:30:00-05:00,62.709999084472656,63.119998931884766,62.630001068115234,62.93000030517578,24822,0.0,0.0
2023-01-04 09:30:00-05:00,63.09000015258789,63.724998474121094,62.880001068115234,63.275001525878906,7051,0.0,0.0
2023-01-04 10:30:00-05:00,63.380001068115234,63.814998626708984,63.380001068115234,63.790000915527344,10801,0.0,0.0
2023-01-04 11:30:00-05:00,63.880001068115234,64.06999969482422,63.33000183105469,63.380001068115234,14621,0.0,0.0
2023-01-04 12:30:00-05:00,63.39500045776367,63.540000915527344,63.064998626708984,63.20000076293945,10858,0.0,0.0
2023-01-04 13:30:00-05:00,63.08000183105469,63.22999954223633,62.5,62.58000183105469,13428,0.0,0.0
2023-01-04 14:30:00-05:00,62.630001068115234,62.72999954223633,62.4900016784668,62.61000061035156,17881,0.0,0.0
2023-01-04 15:30:00-05:00,62.53499984741211,62.68000030517578,62.369998931884766,62.619998931884766,32878,0.0,0.0
2023-01-05 09:30:00-05:00,62.38999938964844,62.38999938964844,61.189998626708984,61.869998931884766,154065,0.0,0.0
2023-01-05 10:30:00-05:00,61.7599983215332,62.255001068115234,61.34000015258789,61.40999984741211,12150,0.0,0.0
2023-01-05 11:30:00-05:00,61.4900016784668,61.72999954223633,61.45000076293945,61.59000015258789,12038,0.0,0.0
2023-01-05 12:30:00-05:00,61.61000061035156,61.9900016784668,61.560001373291016,61.9900016784668,9918,0.0,0.0
2023-01-05 13:30:00-05:00,61.959999084472656,62.13999938964844,61.81999969482422,61.880001068115234,10935,0.0,0.0
2023-01-05 14:30:00-05:00,61.94499969482422,62.209999084472656,61.915000915527344,61.95500183105469,18758,0.0,0.0
2023-01-05 15:30:00-05:00,61.970001220703125,62.27000045776367,61.96500015258789,62.220001220703125,32615,0.0,0.0
2023-01-06 09:30:00-05:00,62.77000045776367,63.34000015258789,62.119998931884766,63.34000015258789,7106,0.0,0.0
2023-01-06 10:30:00-05:00,63.25,63.779998779296875,63.25,63.529998779296875,11015,0.0,0.0
2023-01-06 11:30:00-05:00,63.560001373291016,63.7400016784668,63.52000045776367,63.52000045776367,4755,0.0,0.0
2023-01-06 12:30:00-05:00,63.43000030517578,63.529998779296875,63.320098876953125,63.529998779296875,5624,0.0,0.0
2023-01-06 13:30:00-05:00,63.5192985534668,63.720001220703125,63.5099983215332,63.720001220703125,6566,0.0,0.0
2023-01-06 14:30:00-05:00,63.689998626708984,63.9651985168457,63.689998626708984,63.79999923706055,9154,0.0,0.0
2023-01-06 15:30:00-05:00,63.81999969482422,63.86000061035156,63.59000015258789,63.650001525878906,17816,0.0,0.0
2023-01-09 09:30:00-05:00,63.9900016784668,63.9900016784668,63.13999938964844,63.13999938964844,6481,0.0,0.0
2023-01-09 10:30:00-05:00,63.22999954223633,63.439998626708984,63.21500015258789,63.29999923706055,6345,0.0,0.0
2023-01-09 11:30:00-05:00,63.220001220703125,63.494998931884766,63.130001068115234,63.298099517822266,5588,0.0,0.0
2023-01-09 12:30:00-05:00,63.334999084472656,63.334999084472656,62.94499969482422,63.0099983215332,5927,0.0,0.0
2023-01-09 13:30:00-05:00,62.9900016784668,62.994998931884766,62.426998138427734,62.52000045776367,13817,0.0,0.0
2023-01-09 14:30:00-05:00,62.36000061035156,62.53499984741211,62.2401008605957,62.43000030517578,11780,0.0,0.0
2023-01-09 15:30:00-05:00,62.43000030517578,62.630001068115234,62.31999969482422,62.58000183105469,23642,0.0,0.0
2023-01-10 09:30:00-05:00,62.529998779296875,63.04499816894531,62.02000045776367,62.709999084472656,9403,0.0,0.0
2023-01-10 10:30:00-05:00,62.70500183105469,63.4900016784668,62.33000183105469,63.41999816894531,20966,0.0,0.0
2023-01-10 11:30:00-05:00,63.43000030517578,63.43000030517578,63.02000045776367,63.20000076293945,7885,0.0,0.0
2023-01-10 12:30:00-05:00,63.22999954223633,63.439998626708984,63.22999954223633,63.36000061035156,8237,0.0,0.0
2023-01-10 13:30:00-05:00,63.36000061035156,63.41999816894531,63.11000061035156,63.209999084472656,9341,0.0,0.0
2023-01-10 14:30:00-05:00,63.20000076293945,63.209999084472656,62.939998626708984,63.0099983215332,10772,0.0,0.0
2023-01-10 15:30:00-05:00,63.040000915527344,63.33000183105469,63.02000045776367,63.33000183105469,20461,0.0,0.0
2023-01-11 09:30:00-05:00,63.43000030517578,63.56999969482422,63.060001373291016,63.060001373291016,4948,0.0,0.0
2023-01-11 10:30:00-05:00,63.040000915527344,63.040000915527344,62.73419952392578,62.970001220703125,6375,0.0,0.0
2023-01-11 11:30:00-05:00,63.04999923706055,63.209999084472656,63.04999923706055,63.13999938964844,5603,0.0,0.0
2023-01-11 12:30:00-05:00,63.08000183105469,63.23500061035156,63.08000183105469,63.13999938964844,2407,0.0,0.0
2023-01-11 13:30:00-05:00,63.119998931884766,63.20500183105469,62.86819839477539,63.20500183105469,4692,0.0,0.0
2023-01-11 14:30:00-05:00,63.26499938964844,63.5,63.20500183105469,63.5,14885,0.0,0.0
2023-01-11 15:30:00-05:00,63.45000076293945,63.5,63.349998474121094,63.4900016784668,26175,0.0,0.0
2023-01-12 09:30:00-05:00,63.84000015258789,64.51000213623047,63.68000030517578,64.47000122070312,4512,0.0,0.0
2023-01-12 10:30:00-05:00,64.47000122070312,64.69999694824219,64.36000061035156,64.61000061035156,6934,0.0,0.0
2023-01-12 11:30:00-05:00,64.52999877929688,64.93000030517578,64.48999786376953,64.93000030517578,6899,0.0,0.0
2023-01-12 12:30:00-05:00,64.9800033569336,65.125,64.72000122070312,64.9800033569336,7061,0.0,0.0
2023-01-12 13:30:00-05:00,64.76000213623047,64.88500213623047,64.66000366210938,64.70999908447266,6277,0.0,0.0
2023-01-12 14:30:00-05:00,64.6449966430664,64.77999877929688,64.51000213623047,64.61000061035156,8693,0.0,0.0
2023-01-12 15:30:00-05:00,64.61000061035156,64.7300033569336,64.32499694824219,64.69000244140625,22180,0.0,0.0
2023-01-13 09:30:00-05:00,64.0,64.4800033569336,63.619998931884766,63.81999969482422,8860,0.0,0.0
2023-01-13 10:30:00-05:00,63.75,64.25,63.75,64.19999694824219,6031,0.0,0.0
2023-01-13 11:30:00-05:00,64.0,64.48999786376953,64.0,64.4800033569336,6238,0.0,0.0
2023-01-13 12:30:00-05:00,64.4800033569336,64.51000213623047,64.11000061035156,64.30000305175781,11251,0.0,0.0
2023-01-13 13:30:00-05:00,64.25,64.52999877929688,64.25,64.42500305175781,8902,0.0,0.0
2023-01-13 14:30:00-05:00,64.33999633789062,64.56999969482422,64.23999786376953,64.55000305175781,14918,0.0,0.0
2023-01-13 15:30:00-05:00,64.58000183105469,64.66999816894531,64.47000122070312,64.47000122070312,19317,0.0,0.0
2023-01-17 09:30:00-05:00,64.55999755859375,64.66999816894531,63.9900016784668,64.05000305175781,10453,0.0,0.0
2023-01-17 10:30:00-05:00,64.01499938964844,64.04000091552734,63.70000076293945,63.70000076293945,13207,0.0,0.0
2023-01-17 11:30:00-05:00,63.8650016784668,63.95000076293945,63.70500183105469,63.72999954223633,15692,0.0,0.0
2023-01-17 12:30:00-05:00,63.79999923706055,64.01000213623047,63.79499816894531,63.810001373291016,7428,0.0,0.0
2023-01-17 13:30:00-05:00,63.834999084472656,63.94499969482422,63.560001373291016,63.599998474121094,9395,0.0,0.0
2023-01-17 14:30:00-05:00,63.630001068115234,63.7400016784668,63.58000183105469,63.7400016784668,9810,0.0,0.0
2023-01-17 15:30:00-05:00,63.689998626708984,63.7400016784668,63.5099983215332,63.720001220703125,22798,0.0,0.0
2023-01-18 09:30:00-05:00,63.20000076293945,63.439998626708984,62.369998931884766,63.22999954223633,9995,0.0,0.0
2023-01-18 10:30:00-05:00,63.18000030517578,63.18000030517578,62.52000045776367,62.779998779296875,12538,0.0,0.0
2023-01-18 11:30:00-05:00,62.68000030517578,62.86000061035156,62.474998474121094,62.72999954223633,16015,0.0,0.0
2023-01-18 12:30:00-05:00,62.66999816894531,62.66999816894531,62.060001373291016,62.19499969482422,15377,0.0,0.0
2023-01-18 13:30:00-05:00,62.2400016784668,62.36000061035156,61.72999954223633,61.75,23166,0.0,0.0
2023-01-18 14:30:00-05:00,61.80390167236328,61.810001373291016,61.400001525878906,61.459999084472656,19634,0.0,0.0
2023-01-18 15:30:00-05:00,61.459999084472656,61.459999084472656,61.099998474121094,61.29999923706055,32813,0.0,0.0
2023-01-19 09:30:00-05:00,61.11000061035156,61.25,60.54999923706055,61.07500076293945,10205,0.0,0.0
2023-01-19 10:30:00-05:00,60.95000076293945,60.95000076293945,60.33000183105469,60.540000915527344,8188,0.0,0.0
2023-01-19 11:30:00-05:00,60.47999954223633,60.849998474121094,60.47999954223633,60.849998474121094,7436,0.0,0.0
2023-01-19 12:30:00-05:00,60.65999984741211,60.880001068115234,60.54999923706055,60.8650016784668,7567,0.0,0.0
2023-01-19 13:30:00-05:00,60.959999084472656,61.33000183105469,60.959999084472656,61.064998626708984,11021,0.0,0.0
2023-01-19 14:30:00-05:00,61.11000061035156,61.185001373291016,60.91999816894531,61.150001525878906,19916,0.0,0.0
2023-01-19 15:30:00-05:00,61.099998474121094,61.38999938964844,61.08000183105469,61.31999969482422,39149,0.0,0.0
2023-01-20 09:30:00-05:00,63.56999969482422,64.66999816894531,61.869998931884766,64.66999816894531,37432,0.0,0.0
2023-01-20 10:30:00-05:00,64.30999755859375,64.6449966430664,63.56999969482422,63.970001220703125,25892,0.0,0.0
2023-01-20 11:30:00-05:00,64.0,64.125,63.599998474121094,63.599998474121094,14699,0.0,0.0
2023-01-20 12:30:00-05:00,63.599998474121094,63.650001525878906,63.0,63.06999969482422,19526,0.0,0.0
2023-01-20 13:30:00-05:00,63.099998474121094,63.34000015258789,63.0,63.07500076293945,15572,0.0,0.0
2023-01-20 14:30:00-05:00,63.10499954223633,63.970001220703125,63.10499954223633,63.935001373291016,40512,0.0,0.0
2023-01-20 15:30:00-05:00,63.849998474121094,64.70999908447266,63.849998474121094,64.5,61415,0.0,0.0
2023-01-23 09:30:00-05:00,64.27999877929688,64.27999877929688,63.4900016784668,63.540000915527344,0,0.0,0.0
2023-01-23 10:30:00-05:00,63.564998626708984,63.83000183105469,63.47999954223633,63.47999954223633,12005,0.0,0.0
2023-01-23 11:30:00-05:00,63.529998779296875,63.91999816894531,63.18000030517578,63.91999816894531,13330,0.0,0.0
2023-01-23 12:30:00-05:00,63.95000076293945,64.08999633789062,63.560001373291016,64.0165023803711,21814,0.0,0.0
2023-01-23 13:30:00-05:00,64.0999984741211,64.16999816894531,63.65999984741211,63.65999984741211,11744,0.0,0.0
2023-01-23 14:30:00-05:00,63.720001220703125,63.720001220703125,63.005001068115234,63.20000076293945,18948,0.0,0.0
2023-01-23 15:30:00-05:00,63.20000076293945,63.459999084472656,63.06999969482422,63.2599983215332,38113,0.0,0.0
2023-01-24 09:30:00-05:00,63.41999816894531,63.77750015258789,62.83000183105469,63.130001068115234,25445,0.0,0.0
2023-01-24 10:30:00-05:00,63.20000076293945,63.7400016784668,63.20000076293945,63.459999084472656,14340,0.0,0.0
2023-01-24 11:30:00-05:00,63.38999938964844,63.38999938964844,63.040000915527344,63.095001220703125,9129,0.0,0.0
2023-01-24 12:30:00-05:00,63.10499954223633,63.40999984741211,63.040000915527344,63.314998626708984,11163,0.0,0.0
2023-01-24 13:30:00-05:00,63.31999969482422,63.560001373291016,63.209999084472656,63.224998474121094,8583,0.0,0.0
2023-01-24 14:30:00-05:00,63.27000045776367,63.43000030517578,63.18000030517578,63.34000015258789,18137,0.0,0.0
2023-01-24 15:30:00-05:00,63.31999969482422,63.5099983215332,63.29999923706055,63.369998931884766,30624,0.0,0.0
2023-01-25 09:30:00-05:00,63.11000061035156,63.11000061035156,62.529998779296875,62.720001220703125,7300,0.0,0.0
2023-01-25 10:30:00-05:00,62.41999816894531,62.41999816894531,62.08000183105469,62.33000183105469,4186,0.0,0.0
2023-01-25 11:30:00-05:00,62.4900016784668,62.68000030517578,62.369998931884766,62.369998931884766,9587,0.0,0.0
2023-01-25 12:30:00-05:00,62.349998474121094,62.52000045776367,62.29999923706055,62.52000045776367,6262,0.0,0.0
2023-01-25 13:30:00-05:00,62.560001373291016,63.18000030517578,62.560001373291016,63.040000915527344,14175,0.0,0.0
2023-01-25 14:30:00-05:00,62.95000076293945,63.189998626708984,62.814998626708984,63.02000045776367,14111,0.0,0.0
2023-01-25 15:30:00-05:00,63.02000045776367,63.11000061035156,62.47999954223633,62.5,55855,0.0,0.0
2023-01-26 09:30:00-05:00,62.97999954223633,63.130001068115234,62.08000183105469,62.279998779296875,0,0.0,0.0
2023-01-26 10:30:00-05:00,62.31999969482422,62.31999969482422,61.81999969482422,62.0,16570,0.0,0.0
2023-01-26 11:30:00-05:00,62.11000061035156,62.439998626708984,62.11000061035156,62.439998626708984,10635,0.0,0.0
2023-01-26 12:30:00-05:00,62.40999984741211,62.459999084472656,62.14500045776367,62.2599983215332,14214,0.0,0.0
2023-01-26 13:30:00-05:00,62.29499816894531,62.31999969482422,62.0,62.04999923706055,7757,0.0,0.0
2023-01-26 14:30:00-05:00,62.08000183105469,62.34000015258789,62.08000183105469,62.290000915527344,12301,0.0,0.0
2023-01-26 15:30:00-05:00,62.28499984741211,62.9900016784668,62.2599983215332,62.95500183105469,51224,0.0,0.0
2023-01-27 09:30:00-05:00,62.84000015258789,63.27000045776367,62.53499984741211,63.09000015258789,7940,0.0,0.0
2023-01-27 10:30:00-05:00,63.0099983215332,63.22999954223633,62.83000183105469,62.959999084472656,8997,0.0,0.0
2023-01-27 11:30:00-05:00,63.150001525878906,63.25,62.9900016784668,63.1150016784668,6150,0.0,0.0
2023-01-27 12:30:00-05:00,63.11000061035156,63.2599983215332,63.095001220703125,63.095001220703125,6347,0.0,0.0
2023-01-27 13:30:00-05:00,63.029998779296875,63.18000030517578,62.938201904296875,63.09000015258789,11695,0.0,0.0
2023-01-27 14:30:00-05:00,63.060001373291016,63.15999984741211,62.959999084472656,63.15999984741211,12006,0.0,0.0
2023-01-27 15:30:00-05:00,63.189998626708984,63.189998626708984,62.689998626708984,62.72999954223633,31085,0.0,0.0
2023-01-30 09:30:00-05:00,62.68000030517578,63.540000915527344,62.41999816894531,63.5099983215332,10812,0.0,0.0
2023-01-30 10:30:00-05:00,63.40999984741211,63.474998474121094,62.939998626708984,63.0,7941,0.0,0.0
2023-01-30 11:30:00-05:00,63.02000045776367,63.11000061035156,62.77000045776367,63.11000061035156,8892,0.0,0.0
2023-01-30 12:30:00-05:00,63.0,63.14500045776367,62.779998779296875,63.14500045776367,8820,0.0,0.0
2023-01-30 13:30:00-05:00,63.060001373291016,63.255001068115234,62.93000030517578,62.9900016784668,8527,0.0,0.0
2023-01-30 14:30:00-05:00,62.970001220703125,63.07500076293945,62.81999969482422,62.81999969482422,9267,0.0,0.0
2023-01-30 15:30:00-05:00,62.86000061035156,62.93000030517578,62.720001220703125,62.869998931884766,21073,0.0,0.0
2023-01-31 09:30:00-05:00,63.040000915527344,63.55500030517578,63.040000915527344,63.32500076293945,11996,0.0,0.0
2023-01-31 10:30:00-05:00,63.505001068115234,64.33000183105469,63.40999984741211,64.2699966430664,18887,0.0,0.0
2023-01-31 11:30:00-05:00,64.30999755859375,64.66999816894531,64.27999877929688,64.58999633789062,15201,0.0,0.0
2023-01-31 12:30:00-05:00,64.62999725341797,64.7750015258789,64.4800033569336,64.61000061035156,12112,0.0,0.0
2023-01-31 13:30:00-05:00,64.58000183105469,64.6500015258789,64.4800033569336,64.5250015258789,10479,0.0,0.0
2023-01-31 14:30:00-05:00,64.55999755859375,64.62000274658203,64.4000015258789,64.45999908447266,15169,0.0,0.0
2023-01-31 15:30:00-05:00,64.45999908447266,64.98999786376953,64.37000274658203,64.87999725341797,29957,0.0,0.0
2023-02-01 09:30:00-05:00,64.2300033569336,64.52999877929688,63.185001373291016,64.3499984741211,14688,0.0,0.0
2023-02-01 10:30:00-05:00,64.44300079345703,65.0,64.30999755859375,65.0,23738,0.0,0.0
2023-02-01 11:30:00-05:00,65.0250015258789,65.05999755859375,64.77999877929688,64.9000015258789,13893,0.0,0.0
2023-02-01 12:30:00-05:00,64.8550033569336,65.01000213623047,64.76499938964844,64.78500366210938,9046,0.0,0.0
2023-02-01 13:30:00-05:00,64.81999969482422,65.20999908447266,64.55000305175781,64.76000213623047,14092,0.0,0.0
2023-02-01 14:30:00-05:00,64.87999725341797,65.76000213623047,64.48999786376953,65.43000030517578,28785,0.0,0.0
2023-02-01 15:30:00-05:00,65.43000030517578,65.90499877929688,64.93000030517578,65.12000274658203,37332,0.0,0.0
2023-02-02 09:30:00-05:00,65.26000213623047,65.68000030517578,64.74500274658203,65.36000061035156,13960,0.0,0.0
2023-02-02 10:30:00-05:00,65.46499633789062,66.29499816894531,65.46499633789062,66.29499816894531,22140,0.0,0.0
2023-02-02 11:30:00-05:00,66.23999786376953,66.23999786376953,65.31999969482422,65.54000091552734,14090,0.0,0.0
2023-02-02 12:30:00-05:00,65.54000091552734,65.60870361328125,65.19999694824219,65.29000091552734,21102,0.0,0.0
2023-02-02 13:30:00-05:00,65.25,65.37000274658203,64.86000061035156,64.94000244140625,18187,0.0,0.0
2023-02-02 14:30:00-05:00,64.9000015258789,65.43499755859375,64.83000183105469,65.38500213623047,35614,0.0,0.0
2023-02-02 15:30:00-05:00,65.54000091552734,66.04000091552734,65.49500274658203,66.04000091552734,31093,0.0,0.0
2023-02-03 09:30:00-05:00,65.69999694824219,66.48999786376953,64.9800033569336,66.17500305175781,12437,0.0,0.0
2023-02-03 10:30:00-05:00,66.1500015258789,66.69999694824219,66.1500015258789,66.69999694824219,10682,0.0,0.0
2023-02-03 11:30:00-05:00,66.73999786376953,67.0,66.69000244140625,67.0,12273,0.0,0.0
2023-02-03 12:30:00-05:00,66.98999786376953,67.30000305175781,66.2300033569336,66.2300033569336,11787,0.0,0.0
2023-02-03 13:30:00-05:00,66.2300033569336,66.47000122070312,65.9000015258789,66.05999755859375,21331,0.0,0.0
2023-02-03 14:30:00-05:00,65.9800033569336,66.26499938964844,65.87999725341797,66.19999694824219,31330,0.0,0.0
2023-02-03 15:30:00-05:00,66.21499633789062,66.48999786376953,66.04000091552734,66.44000244140625,54246,0.0,0.0
2023-02-06 09:30:00-05:00,65.9800033569336,66.2699966430664,65.41000366210938,65.62000274658203,6191,0.0,0.0
2023-02-06 10:30:00-05:00,65.49500274658203,65.86499786376953,65.45999908447266,65.54000091552734,8886,0.0,0.0
2023-02-06 11:30:00-05:00,65.39859771728516,65.44999694824219,65.22000122070312,65.4000015258789,4265,0.0,0.0
2023-02-06 12:30:00-05:00,65.38999938964844,65.41999816894531,65.13999938964844,65.20999908447266,5813,0.0,0.0
2023-02-06 13:30:00-05:00,65.19000244140625,65.3499984741211,65.05999755859375,65.2300033569336,10008,0.0,0.0
2023-02-06 14:30:00-05:00,65.2300033569336,65.2300033569336,64.9800033569336,64.99500274658203,11198,0.0,0.0
2023-02-06 15:30:00-05:00,64.97000122070312,65.33999633789062,64.94000244140625,65.12999725341797,34602,0.0,0.0
2023-02-07 09:30:00-05:00,64.91000366210938,65.08999633789062,64.5,64.62000274658203,12357,0.0,0.0
2023-02-07 10:30:00-05:00,64.74500274658203,64.9000015258789,64.62000274658203,64.7699966430664,8148,0.0,0.0
2023-02-07 11:30:00-05:00,64.87999725341797,64.94999694824219,64.70999908447266,64.83999633789062,13313,0.0,0.0
2023-02-07 12:30:00-05:00,64.86000061035156,65.45500183105469,64.86000061035156,65.0199966430664,13198,0.0,0.0
2023-02-07 13:30:00-05:00,64.73999786376953,65.2699966430664,64.52999877929688,65.13999938964844,14575,0.0,0.0
2023-02-07 14:30:00-05:00,65.20999908447266,65.45999908447266,65.08000183105469,65.30999755859375,12318,0.0,0.0
2023-02-07 15:30:00-05:00,65.41000366210938,65.69999694824219,65.25,65.44999694824219,23260,0.0,0.0
2023-02-08 09:30:00-05:00,64.58999633789062,65.37000274658203,55.849998474121094,65.25,12986,0.0,0.0
2023-02-08 10:30:00-05:00,65.19999694824219,65.36000061035156,65.12999725341797,65.16000366210938,12725,0.0,0.0
2023-02-08 11:30:00-05:00,64.86499786376953,65.0199966430664,64.66999816894531,65.0199966430664,12659,0.0,0.0
2023-02-08 12:30:00-05:00,65.12999725341797,65.21499633789062,64.9749984741211,65.12999725341797,5099,0.0,0.0
2023-02-08 13:30:00-05:00,65.08000183105469,65.18000030517578,64.93000030517578,64.93499755859375,11110,0.0,0.0
2023-02-08 14:30:00-05:00,64.94999694824219,65.13999938964844,64.87000274658203,65.0999984741211,15064,0.0,0.0
2023-02-08 15:30:00-05:00,65.12999725341797,65.18000030517578,64.95099639892578,65.06999969482422,27545,0.0,0.0
2023-02-09 09:30:00-05:00,65.23999786376953,65.45189666748047,65.02999877929688,65.02999877929688,13214,0.0,0.0
2023-02-09 10:30:00-05:00,65.12000274658203,65.12000274658203,64.48999786376953,64.54000091552734,13133,0.0,0.0
2023-02-09 11:30:00-05:00,64.55500030517578,64.6500015258789,64.43499755859375,64.61000061035156,9593,0.0,0.0
2023-02-09 12:30:00-05:00,64.61000061035156,64.61000061035156,64.12000274658203,64.12000274658203,9984,0.0,0.0
2023-02-09 13:30:00-05:00,64.12000274658203,64.36000061035156,63.85499954223633,64.0199966430664,9631,0.0,0.0
2023-02-09 14:30:00-05:00,63.88999938964844,64.11000061035156,63.65999984741211,63.70500183105469,8970,0.0,0.0
2023-02-09 15:30:00-05:00,63.650001525878906,63.95000076293945,63.619998931884766,63.790000915527344,24241,0.0,0.0
2023-02-10 09:30:00-05:00,63.709999084472656,63.880001068115234,63.30500030517578,63.459999084472656,9586,0.0,0.0
2023-02-10 10:30:00-05:00,63.58000183105469,63.599998474121094,63.29999923706055,63.369998931884766,9670,0.0,0.0
2023-02-10 11:30:00-05:00,63.20000076293945,63.45000076293945,63.119998931884766,63.33000183105469,8908,0.0,0.0
2023-02-10 12:30:00-05:00,63.23500061035156,63.5099983215332,63.23500061035156,63.41999816894531,10710,0.0,0.0
2023-02-10 13:30:00-05:00,63.369998931884766,63.45000076293945,63.22999954223633,63.34000015258789,12549,0.0,0.0
2023-02-10 14:30:00-05:00,63.369998931884766,63.625,63.279998779296875,63.58000183105469,15315,0.0,0.0
2023-02-10 15:30:00-05:00,63.58000183105469,63.71500015258789,63.5,63.65999984741211,26989,0.0,0.0
2023-02-13 09:30:00-05:00,63.709999084472656,64.25,63.33000183105469,63.97999954223633,9424,0.0,0.0
2023-02-13 10:30:00-05:00,63.97999954223633,64.08999633789062,63.654998779296875,63.654998779296875,10040,0.0,0.0
2023-02-13 11:30:00-05:00,63.689998626708984,63.80500030517578,63.529998779296875,63.529998779296875,7841,0.0,0.0
2023-02-13 12:30:00-05:00,63.41999816894531,63.54499816894531,63.33000183105469,63.40999984741211,8198,0.0,0.0
2023-02-13 13:30:00-05:00,63.51499938964844,63.61000061035156,63.36000061035156,63.400001525878906,11867,0.0,0.0
2023-02-13 14:30:00-05:00,63.33000183105469,63.529998779296875,63.27000045776367,63.43000030517578,14906,0.0,0.0
2023-02-13 15:30:00-05:00,63.47999954223633,63.7400016784668,63.45000076293945,63.7400016784668,26533,0.0,0.0
2023-02-14 09:30:00-05:00,63.66999816894531,63.95500183105469,62.7400016784668,63.61000061035156,8115,0.0,0.0
2023-02-14 10:30:00-05:00,63.099998474121094,63.56999969482422,63.099998474121094,63.2599983215332,17680,0.0,0.0
2023-02-14 11:30:00-05:00,63.22999954223633,63.59000015258789,63.029998779296875,63.4900016784668,10644,0.0,0.0
2023-02-14 12:30:00-05:00,63.5,63.82500076293945,63.36000061035156,63.65999984741211,17981,0.0,0.0
2023-02-14 13:30:00-05:00,63.665000915527344,63.79999923706055,63.52000045776367,63.619998931884766,9894,0.0,0.0
2023-02-14 14:30:00-05:00,63.68000030517578,63.77000045776367,63.349998474121094,63.349998474121094,9017,0.0,0.0
2023-02-14 15:30:00-05:00,63.34000015258789,63.560001373291016,63.31999969482422,63.47999954223633,24469,0.0,0.0
2023-02-15 09:30:00-05:00,63.15999984741211,63.4900016784668,62.91999816894531,63.25,14724,0.0,0.0
2023-02-15 10:30:00-05:00,63.459999084472656,63.7599983215332,63.459999084472656,63.75,6057,0.0,0.0
2023-02-15 11:30:00-05:00,63.630001068115234,63.810001373291016,63.369998931884766,63.43000030517578,8053,0.0,0.0
2023-02-15 12:30:00-05:00,63.45000076293945,63.72999954223633,63.400001525878906,63.64500045776367,8508,0.0,0.0
2023-02-15 13:30:00-05:00,63.68000030517578,64.05000305175781,63.650001525878906,64.0,11312,0.0,0.0
2023-02-15 14:30:00-05:00,64.08499908447266,64.18499755859375,64.0,64.11000061035156,13903,0.0,0.0
2023-02-15 15:30:00-05:00,64.08999633789062,64.08999633789062,63.88999938964844,63.91999816894531,27343,0.0,0.0
2023-02-16 09:30:00-05:00,63.400001525878906,63.709999084472656,63.34000015258789,63.47999954223633,19277,0.0,0.0
2023-02-16 10:30:00-05:00,63.34000015258789,63.459999084472656,63.25,63.33000183105469,6713,0.0,0.0
2023-02-16 11:30:00-05:00,63.29999923706055,63.4900016784668,63.290000915527344,63.4900016784668,5143,0.0,0.0
2023-02-16 12:30:00-05:00,63.43000030517578,63.630001068115234,63.404998779296875,63.43000030517578,6524,0.0,0.0
2023-02-16 13:30:00-05:00,63.47999954223633,63.70500183105469,63.36000061035156,63.70500183105469,14068,0.0,0.0
2023-02-16 14:30:00-05:00,63.7400016784668,63.7400016784668,63.23500061035156,63.25,15791,0.0,0.0
2023-02-16 15:30:00-05:00,63.150001525878906,63.349998474121094,63.150001525878906,63.22999954223633,27709,0.0,0.0
2023-02-17 09:30:00-05:00,63.5,64.18000030517578,62.970001220703125,64.06999969482422,22472,0.0,0.0
2023-02-17 10:30:00-05:00,64.08999633789062,64.08999633789062,63.900001525878906,63.97999954223633,10462,0.0,0.0
2023-02-17 11:30:00-05:00,63.900001525878906,64.25,63.900001525878906,64.19999694824219,7375,0.0,0.0
2023-02-17 12:30:00-05:00,64.22000122070312,64.26000213623047,63.900001525878906,64.0999984741211,7684,0.0,0.0
2023-02-17 13:30:00-05:00,64.26499938964844,64.5199966430664,64.22000122070312,64.5199966430664,3606,0.0,0.0
2023-02-17 14:30:00-05:00,64.4000015258789,64.41000366210938,64.20999908447266,64.22000122070312,8632,0.0,0.0
2023-02-17 15:30:00-05:00,64.25,64.41999816894531,64.20999908447266,64.25,18568,0.0,0.0
2023-02-21 09:30:00-05:00,63.689998626708984,64.23999786376953,63.15999984741211,63.369998931884766,7658,0.0,0.0
2023-02-21 10:30:00-05:00,63.43000030517578,63.43000030517578,62.970001220703125,63.0,7328,0.0,0.0
2023-02-21 11:30:00-05:00,63.06999969482422,63.099998474121094,62.9900016784668,63.04999923706055,6996,0.0,0.0
2023-02-21 12:30:00-05:00,63.040000915527344,63.209999084472656,63.02000045776367,63.04999923706055,5022,0.0,0.0
2023-02-21 13:30:00-05:00,62.97999954223633,63.029998779296875,62.939998626708984,63.029998779296875,4696,0.0,0.0
2023-02-21 14:30:00-05:00,63.095001220703125,63.22999954223633,63.095001220703125,63.20000076293945,9150,0.0,0.0
2023-02-21 15:30:00-05:00,63.36000061035156,63.400001525878906,63.06999969482422,63.18000030517578,14918,0.0,0.0
2023-02-22 09:30:00-05:00,63.09000015258789,63.529998779296875,62.72999954223633,62.79499816894531,9895,0.0,0.0
2023-02-22 10:30:00-05:00,62.70000076293945,63.15999984741211,62.54499816894531,63.040000915527344,8645,0.0,0.0
2023-02-22 11:30:00-05:00,62.97999954223633,63.2599983215332,62.970001220703125,63.16999816894531,5683,0.0,0.0
2023-02-22 12:30:00-05:00,63.11000061035156,63.2400016784668,63.029998779296875,63.2400016784668,6051,0.0,0.0
2023-02-22 13:30:00-05:00,63.119998931884766,63.209999084472656,62.79999923706055,62.91999816894531,17067,0.0,0.0
2023-02-22 14:30:00-05:00,62.83000183105469,62.880001068115234,62.4900016784668,62.650001525878906,12523,0.0,0.0
2023-02-22 15:30:00-05:00,62.630001068115234,63.16999816894531,62.59000015258789,63.16999816894531,47084,0.0,0.0
2023-02-23 09:30:00-05:00,63.34000015258789,63.95000076293945,63.22999954223633,63.31999969482422,11972,0.0,0.0
2023-02-23 10:30:00-05:00,63.18000030517578,63.439998626708984,62.96549987792969,63.189998626708984,11372,0.0,0.0
2023-02-23 11:30:00-05:00,63.220001220703125,63.220001220703125,62.77000045776367,62.81999969482422,8093,0.0,0.0
2023-02-23 12:30:00-05:00,62.900001525878906,63.209999084472656,62.880001068115234,63.20000076293945,8697,0.0,0.0
2023-02-23 13:30:00-05:00,63.150001525878906,63.540000915527344,63.150001525878906,63.525001525878906,10474,0.0,0.0
2023-02-23 14:30:00-05:00,63.5099983215332,63.75,63.5099983215332,63.650001525878906,12289,0.0,0.0
2023-02-23 15:30:00-05:00,63.630001068115234,63.685001373291016,63.540000915527344,63.599998474121094,25451,0.0,0.0
2023-02-24 09:30:00-05:00,63.310001373291016,64.125,62.880001068115234,63.25,17699,0.0,0.0
2023-02-24 10:30:00-05:00,63.279998779296875,63.709999084472656,63.060001373291016,63.709999084472656,12668,0.0,0.0
2023-02-24 11:30:00-05:00,63.59000015258789,63.63999938964844,63.43000030517578,63.540000915527344,8073,0.0,0.0
2023-02-24 12:30:00-05:00,63.56999969482422,63.56999969482422,63.27000045776367,63.27000045776367,9025,0.0,0.0
2023-02-24 13:30:00-05:00,63.380001068115234,63.61000061035156,63.29999923706055,63.56999969482422,8300,0.0,0.0
2023-02-24 14:30:00-05:00,63.564998626708984,63.63999938964844,63.400001525878906,63.52000045776367,15334,0.0,0.0
2023-02-24 15:30:00-05:00,63.505001068115234,63.880001068115234,63.439998626708984,63.83000183105469,32996,0.0,0.0
2023-02-27 09:30:00-05:00,64.20999908447266,64.67500305175781,64.06500244140625,64.58000183105469,7157,0.0,0.0
2023-02-27 10:30:00-05:00,64.44000244140625,64.52999877929688,64.25,64.4800033569336,19066,0.0,0.0
2023-02-27 11:30:00-05:00,64.44999694824219,64.45999908447266,63.93000030517578,63.93000030517578,8576,0.0,0.0
2023-02-27 12:30:00-05:00,64.00499725341797,64.00499725341797,63.70000076293945,63.78990173339844,5599,0.0,0.0
2023-02-27 13:30:00-05:00,63.779998779296875,63.83000183105469,63.560001373291016,63.56999969482422,6349,0.0,0.0
2023-02-27 14:30:00-05:00,63.599998474121094,63.630001068115234,63.220001220703125,63.2400016784668,10873,0.0,0.0
2023-02-27 15:30:00-05:00,63.220001220703125,63.2599983215332,63.06999969482422,63.20000076293945,21022,0.0,0.0
2023-02-28 09:30:00-05:00,63.43000030517578,63.88999938964844,63.2400016784668,63.529998779296875,10395,0.0,0.0
2023-02-28 10:30:00-05:00,63.619998931884766,63.95500183105469,63.59000015258789,63.810001373291016,21485,0.0,0.0
2023-02-28 11:30:00-05:00,63.779998779296875,63.779998779296875,63.40999984741211,63.56999969482422,6035,0.0,0.0
2023-02-28 12:30:00-05:00,63.58000183105469,63.599998474121094,63.41999816894531,63.56999969482422,10199,0.0,0.0
2023-02-28 13:30:00-05:00,63.560001373291016,63.67499923706055,63.525001525878906,63.61000061035156,15376,0.0,0.0
2023-02-28 14:30:00-05:00,63.560001373291016,63.68000030517578,63.52000045776367,63.599998474121094,11718,0.0,0.0
2023-02-28 15:30:00-05:00,63.52000045776367,63.54999923706055,62.9900016784668,63.04999923706055,24805,0.0,0.0
2023-03-01 09:30:00-05:00,62.779998779296875,63.0,62.58000183105469,63.0,8865,0.0,0.0
2023-03-01 10:30:00-05:00,62.92499923706055,63.33000183105469,62.72999954223633,62.779998779296875,10931,0.0,0.0
2023-03-01 11:30:00-05:00,62.869998931884766,63.119998931884766,62.86000061035156,63.119998931884766,6348,0.0,0.0
2023-03-01 12:30:00-05:00,63.150001525878906,63.31999969482422,63.08000183105469,63.08000183105469,8481,0.0,0.0
2023-03-01 13:30:00-05:00,63.04999923706055,63.04999923706055,62.88999938964844,62.970001220703125,9302,0.0,0.0
2023-03-01 14:30:00-05:00,63.0099983215332,63.11000061035156,62.869998931884766,63.09000015258789,17215,0.0,0.0
2023-03-01 15:30:00-05:00,63.13999938964844,63.209999084472656,63.060001373291016,63.119998931884766,25464,0.0,0.0
2023-03-02 09:30:00-05:00,62.779998779296875,63.45000076293945,62.2599983215332,62.77000045776367,16863,0.0,0.0
2023-03-02 10:30:00-05:00,62.880001068115234,62.970001220703125,62.77000045776367,62.77000045776367,7457,0.0,0.0
2023-03-02 11:30:00-05:00,62.72999954223633,62.72999954223633,62.529998779296875,62.619998931884766,7107,0.0,0.0
2023-03-02 12:30:00-05:00,62.61000061035156,62.70000076293945,62.5,62.630001068115234,10217,0.0,0.0
2023-03-02 13:30:00-05:00,62.560001373291016,62.849998474121094,62.5,62.81999969482422,12755,0.0,0.0
2023-03-02 14:30:00-05:00,62.810001373291016,62.95000076293945,62.70000076293945,62.869998931884766,20213,0.0,0.0
2023-03-02 15:30:00-05:00,62.849998474121094,63.16999816894531,62.810001373291016,62.810001373291016,35605,0.0,0.0
2023-03-03 09:30:00-05:00,63.0099983215332,63.0099983215332,62.400001525878906,62.66999816894531,8114,0.0,0.0
2023-03-03 10:30:00-05:00,62.619998931884766,62.619998931884766,62.470001220703125,62.525001525878906,2668,0.0,0.0
2023-03-03 11:30:00-05:00,62.58000183105469,62.7599983215332,62.45000076293945,62.7599983215332,7361,0.0,0.0
2023-03-03 12:30:00-05:00,62.7599983215332,63.0,62.68000030517578,62.86000061035156,9408,0.0,0.0
2023-03-03 13:30:00-05:00,62.939998626708984,63.220001220703125,62.869998931884766,63.11000061035156,6883,0.0,0.0
2023-03-03 14:30:00-05:00,63.130001068115234,63.470001220703125,63.08000183105469,63.470001220703125,11961,0.0,0.0
2023-03-03 15:30:00-05:00,63.439998626708984,63.439998626708984,63.13999938964844,63.20000076293945,28878,0.0,0.0
2023-03-06 09:30:00-05:00,63.029998779296875,63.59000015258789,63.029998779296875,63.59000015258789,19055,0.0,0.0
2023-03-06 10:30:00-05:00,63.564998626708984,63.564998626708984,63.04999923706055,63.04999923706055,11597,0.0,0.0
2023-03-06 11:30:00-05:00,63.029998779296875,63.029998779296875,62.75,62.75,6535,0.0,0.0
2023-03-06 12:30:00-05:00,62.720001220703125,62.720001220703125,62.220001220703125,62.2599983215332,15903,0.0,0.0
2023-03-06 13:30:00-05:00,62.27000045776367,62.369998931884766,62.06999969482422,62.31999969482422,12802,0.0,0.0
2023-03-06 14:30:00-05:00,62.36000061035156,62.47999954223633,62.20000076293945,62.290000915527344,20401,0.0,0.0
2023-03-06 15:30:00-05:00,62.279998779296875,62.83000183105469,62.25,62.83000183105469,29876,0.0,0.0
2023-03-07 09:30:00-05:00,62.79999923706055,62.79999923706055,62.2599983215332,62.45000076293945,25530,0.0,0.0
2023-03-07 10:30:00-05:00,62.47999954223633,62.52000045776367,61.79999923706055,61.810001373291016,13385,0.0,0.0
2023-03-07 11:30:00-05:00,61.709999084472656,61.9900016784668,61.650001525878906,61.91999816894531,9186,0.0,0.0
2023-03-07 12:30:00-05:00,61.90999984741211,61.91999816894531,61.59000015258789,61.61000061035156,9308,0.0,0.0
2023-03-07 13:30:00-05:00,61.58000183105469,61.619998931884766,61.45000076293945,61.4900016784668,11802,0.0,0.0
2023-03-07 14:30:00-05:00,61.57500076293945,61.57500076293945,61.349998474121094,61.54999923706055,14844,0.0,0.0
2023-03-07 15:30:00-05:00,61.54999923706055,61.720001220703125,61.209999084472656,61.209999084472656,32426,0.0,0.0
2023-03-08 09:30:00-05:00,61.40999984741211,61.59000015258789,60.97999954223633,61.5099983215332,6244,0.0,0.0
2023-03-08 10:30:00-05:00,61.45000076293945,61.540000915527344,61.040000915527344,61.09000015258789,8818,0.0,0.0
2023-03-08 11:30:00-05:00,60.9900016784668,61.375,60.97999954223633,60.97999954223633,6446,0.0,0.0
2023-03-08 12:30:00-05:00,60.959999084472656,61.03499984741211,60.7599983215332,60.900001525878906,8137,0.0,0.0
2023-03-08 13:30:00-05:00,60.880001068115234,60.95500183105469,60.65999984741211,60.8849983215332,7878,0.0,0.0
2023-03-08 14:30:00-05:00,60.93000030517578,60.9900016784668,60.7400016784668,60.9900016784668,11855,0.0,0.0
2023-03-08 15:30:00-05:00,61.02000045776367,61.25,61.0099983215332,61.13999938964844,28507,0.0,0.0
2023-03-09 09:30:00-05:00,60.5099983215332,61.25,59.2599983215332,59.375,22132,0.0,0.0
2023-03-09 10:30:00-05:00,59.369998931884766,59.560001373291016,58.279998779296875,58.5,15071,0.0,0.0
2023-03-09 11:30:00-05:00,58.380001068115234,58.380001068115234,58.150001525878906,58.25,9549,0.0,0.0
2023-03-09 12:30:00-05:00,58.18000030517578,58.18000030517578,57.15999984741211,57.38999938964844,16707,0.0,0.0
2023-03-09 13:30:00-05:00,57.369998931884766,58.02000045776367,57.189998626708984,57.900001525878906,35677,0.0,0.0
2023-03-09 14:30:00-05:00,57.790000915527344,57.84000015258789,56.560001373291016,56.720001220703125,36076,0.0,0.0
2023-03-09 15:30:00-05:00,56.689998626708984,57.25,56.68000030517578,56.849998474121094,71083,0.0,0.0
2023-03-10 09:30:00-05:00,56.0,56.0,53.119998931884766,55.27000045776367,62851,0.0,0.0
2023-03-10 10:30:00-05:00,55.22999954223633,56.81999969482422,54.95000076293945,56.817501068115234,48495,0.0,0.0
2023-03-10 11:30:00-05:00,56.96500015258789,57.25,55.470001220703125,55.56999969482422,64677,0.0,0.0
2023-03-10 12:30:00-05:00,55.58000183105469,55.939998626708984,55.279998779296875,55.43000030517578,21118,0.0,0.0
2023-03-10 13:30:00-05:00,55.34000015258789,55.599998474121094,54.61000061035156,55.599998474121094,35899,0.0,0.0
2023-03-10 14:30:00-05:00,55.599998474121094,56.22999954223633,55.56999969482422,56.05500030517578,51919,0.0,0.0
2023-03-10 15:30:00-05:00,56.06999969482422,56.56999969482422,55.91999816894531,56.540000915527344,76764,0.0,0.0
2023-03-13 09:30:00-04:00,53.970001220703125,54.630001068115234,49.279998779296875,49.459999084472656,107459,0.0,0.0
2023-03-13 10:30:00-04:00,49.52000045776367,53.9900016784668,49.38999938964844,53.869998931884766,189535,0.0,0.0
2023-03-13 11:30:00-04:00,53.93000030517578,54.29999923706055,53.17100143432617,53.61000061035156,50137,0.0,0.0
2023-03-13 12:30:00-04:00,53.70000076293945,54.150001525878906,52.935001373291016,53.2400016784668,57516,0.0,0.0
2023-03-13 13:30:00-04:00,52.97999954223633,54.040000915527344,52.630001068115234,53.470001220703125,49756,0.0,0.0
2023-03-13 14:30:00-04:00,53.459999084472656,54.08000183105469,52.709999084472656,53.09000015258789,59836,0.0,0.0
2023-03-13 15:30:00-04:00,53.099998474121094,53.099998474121094,51.59000015258789,51.88999938964844,108250,0.0,0.0
2023-03-14 09:30:00-04:00,55.849998474121094,56.459999084472656,54.93000030517578,55.959999084472656,51399,0.0,0.0
2023-03-14 10:30:00-04:00,55.810001373291016,56.97999954223633,55.68000030517578,56.380001068115234,46233,0.0,0.0
2023-03-14 11:30:00-04:00,56.30500030517578,56.369998931884766,55.415000915527344,55.88999938964844,24424,0.0,0.0
2023-03-14 12:30:00-04:00,55.81999969482422,55.91999816894531,54.02000045776367,54.61000061035156,35331,0.0,0.0
2023-03-14 13:30:00-04:00,54.540000915527344,55.66999816894531,54.459999084472656,55.369998931884766,51450,0.0,0.0
2023-03-14 14:30:00-04:00,55.349998474121094,55.39500045776367,53.83000183105469,54.02000045776367,59584,0.0,0.0
2023-03-14 15:30:00-04:00,54.0,54.2400016784668,53.470001220703125,54.189998626708984,99394,0.0,0.0
2023-03-15 09:30:00-04:00,51.970001220703125,53.150001525878906,50.5255012512207,53.040000915527344,36363,0.0,0.0
2023-03-15 10:30:00-04:00,53.04499816894531,54.47999954223633,52.869998931884766,54.060001373291016,41316,0.0,0.0
2023-03-15 11:30:00-04:00,53.95000076293945,54.33000183105469,52.850101470947266,52.850101470947266,22221,0.0,0.0
2023-03-15 12:30:00-04:00,52.73500061035156,53.66999816894531,52.709999084472656,53.45000076293945,23481,0.0,0.0
2023-03-15 13:30:00-04:00,53.369998931884766,54.45000076293945,53.025001525878906,54.09000015258789,23216,0.0,0.0
2023-03-15 14:30:00-04:00,54.099998474121094,54.459999084472656,53.650001525878906,54.34000015258789,28617,0.0,0.0
2023-03-15 15:30:00-04:00,54.25,54.33000183105469,53.869998931884766,54.220001220703125,50396,0.0,0.0
2023-03-16 09:30:00-04:00,53.58000183105469,53.81999969482422,52.619998931884766,52.86000061035156,16641,0.0,0.0
2023-03-16 10:30:00-04:00,52.86000061035156,55.34000015258789,52.7599983215332,54.619998931884766,36272,0.0,0.0
2023-03-16 11:30:00-04:00,54.599998474121094,56.11000061035156,54.3650016784668,56.11000061035156,40037,0.0,0.0
2023-03-16 12:30:00-04:00,55.880001068115234,58.150001525878906,55.45000076293945,57.689998626708984,44527,0.0,0.0
2023-03-16 13:30:00-04:00,57.4900016784668,57.939998626708984,57.04999923706055,57.224998474121094,44265,0.0,0.0
2023-03-16 14:30:00-04:00,57.130001068115234,57.470001220703125,56.619998931884766,57.310001373291016,26912,0.0,0.0
2023-03-16 15:30:00-04:00,57.279998779296875,57.54999923706055,57.04999923706055,57.31999969482422,48368,0.0,0.0
2023-03-17 09:30:00-04:00,55.81999969482422,56.209999084472656,53.84000015258789,54.040000915527344,71825,0.0,0.0
2023-03-17 10:30:00-04:00,54.11000061035156,54.83000183105469,54.02000045776367,54.02000045776367,28839,0.0,0.0
2023-03-17 11:30:00-04:00,54.11000061035156,54.47999954223633,53.8849983215332,54.22999954223633,25428,0.0,0.0
2023-03-17 12:30:00-04:00,54.31999969482422,54.52000045776367,53.7400016784668,53.7599983215332,17659,0.0,0.0
2023-03-17 13:30:00-04:00,53.63999938964844,53.880001068115234,52.939998626708984,52.939998626708984,23418,0.0,0.0
2023-03-17 14:30:00-04:00,53.02000045776367,53.189998626708984,52.78030014038086,53.189998626708984,37267,0.0,0.0
2023-03-17 15:30:00-04:00,53.11000061035156,53.709999084472656,52.81999969482422,53.599998474121094,71218,0.0,0.0
2023-03-20 09:30:00-04:00,54.529998779296875,56.349998474121094,54.529998779296875,56.11000061035156,24619,0.0,0.0
2023-03-20 10:30:00-04:00,56.130001068115234,56.36000061035156,55.0099983215332,55.404998779296875,25498,0.0,0.0
2023-03-20 11:30:00-04:00,55.279998779296875,55.34000015258789,53.779998779296875,54.19499969482422,24312,0.0,0.0
2023-03-20 12:30:00-04:00,54.19499969482422,54.900001525878906,54.19499969482422,54.42959976196289,26925,0.0,0.0
2023-03-20 13:30:00-04:00,54.380001068115234,54.41999816894531,53.77000045776367,54.220001220703125,25788,0.0,0.0
2023-03-20 14:30:00-04:00,54.029998779296875,54.150001525878906,53.665000915527344,53.939998626708984,23051,0.0,0.0
2023-03-20 15:30:00-04:00,53.959999084472656,54.060001373291016,53.5099983215332,53.619998931884766,57189,0.0,0.0
2023-03-21 09:30:00-04:00,55.380001068115234,57.79999923706055,55.380001068115234,55.90999984741211,82645,0.0,0.0
2023-03-21 10:30:00-04:00,55.935001373291016,56.349998474121094,55.56999969482422,56.0,64575,0.0,0.0
2023-03-21 11:30:00-04:00,56.04999923706055,56.08000183105469,55.61000061035156,55.97999954223633,15313,0.0,0.0
2023-03-21 12:30:00-04:00,56.18000030517578,56.47999954223633,56.0099983215332,56.36750030517578,15579,0.0,0.0
2023-03-21 13:30:00-04:00,56.404998779296875,56.52000045776367,55.625,55.9900016784668,41817,0.0,0.0
2023-03-21 14:30:00-04:00,56.02000045776367,56.34000015258789,55.95000076293945,56.17499923706055,26819,0.0,0.0
2023-03-21 15:30:00-04:00,56.209999084472656,56.529998779296875,56.04999923706055,56.17499923706055,46525,0.0,0.0
2023-03-22 09:30:00-04:00,56.11000061035156,56.649898529052734,55.810001373291016,56.41999816894531,9609,0.0,0.0
2023-03-22 10:30:00-04:00,56.404998779296875,56.86000061035156,55.72999954223633,55.72999954223633,9504,0.0,0.0
2023-03-22 11:30:00-04:00,55.720001220703125,55.810001373291016,55.40999984741211,55.75,11592,0.0,0.0
2023-03-22 12:30:00-04:00,55.720001220703125,55.720001220703125,55.310001373291016,55.40999984741211,11470,0.0,0.0
2023-03-22 13:30:00-04:00,55.459999084472656,55.875,54.95000076293945,55.040000915527344,24121,0.0,0.0
2023-03-22 14:30:00-04:00,55.150001525878906,55.58000183105469,53.91999816894531,54.45000076293945,39085,0.0,0.0
2023-03-22 15:30:00-04:00,54.349998474121094,54.349998474121094,53.244998931884766,53.380001068115234,68717,0.0,0.0
2023-03-23 09:30:00-04:00,54.02000045776367,54.5,53.029998779296875,53.77000045776367,20120,0.0,0.0
2023-03-23 10:30:00-04:00,53.7400016784668,54.029998779296875,53.279998779296875,53.279998779296875,38103,0.0,0.0
2023-03-23 11:30:00-04:00,53.349998474121094,53.65999984741211,52.75,53.189998626708984,49082,0.0,0.0
2023-03-23 12:30:00-04:00,53.18000030517578,53.18000030517578,52.849998474121094,52.88999938964844,25167,0.0,0.0
2023-03-23 13:30:00-04:00,52.95000076293945,52.959999084472656,52.459999084472656,52.459999084472656,44090,0.0,0.0
2023-03-23 14:30:00-04:00,52.4900016784668,53.290000915527344,52.212501525878906,52.720001220703125,75510,0.0,0.0
2023-03-23 15:30:00-04:00,52.619998931884766,53.09000015258789,52.619998931884766,52.970001220703125,100916,0.0,0.0
2023-03-24 09:30:00-04:00,52.52000045776367,53.439998626708984,52.290000915527344,53.439998626708984,0,0.0,0.0
2023-03-24 10:30:00-04:00,53.63999938964844,53.63999938964844,53.130001068115234,53.40999984741211,12866,0.0,0.0
2023-03-24 11:30:00-04:00,53.34000015258789,55.0099983215332,53.34000015258789,53.959999084472656,24485,0.0,0.0
2023-03-24 12:30:00-04:00,53.93000030517578,54.470001220703125,53.88999938964844,54.34000015258789,19565,0.0,0.0
2023-03-24 13:30:00-04:00,54.470001220703125,54.84000015258789,54.29999923706055,54.47999954223633,14167,0.0,0.0
2023-03-24 14:30:00-04:00,54.584999084472656,54.83000183105469,54.119998931884766,54.560001373291016,20969,0.0,0.0
2023-03-24 15:30:00-04:00,54.599998474121094,54.619998931884766,54.34000015258789,54.54999923706055,49081,0.0,0.0
2023-03-27 09:30:00-04:00,55.849998474121094,55.849998474121094,54.68000030517578,55.150001525878906,12799,0.0,0.0
2023-03-27 10:30:00-04:00,54.88999938964844,55.02000045776367,54.70000076293945,54.95000076293945,3461,0.0,0.0
2023-03-27 11:30:00-04:00,54.9900016784668,54.994998931884766,54.41999816894531,54.470001220703125,15271,0.0,0.0
2023-03-27 12:30:00-04:00,54.43000030517578,54.55929946899414,54.290000915527344,54.32500076293945,16422,0.0,0.0
2023-03-27 13:30:00-04:00,54.33000183105469,54.72999954223633,54.33000183105469,54.560001373291016,12122,0.0,0.0
2023-03-27 14:30:00-04:00,54.60499954223633,54.790000915527344,54.529998779296875,54.689998626708984,21429,0.0,0.0
2023-03-27 15:30:00-04:00,54.7599983215332,54.790000915527344,54.20000076293945,54.290000915527344,42027,0.0,0.0
2023-03-28 09:30:00-04:00,54.310001373291016,55.337501525878906,54.04999923706055,54.77000045776367,29687,0.0,0.0
2023-03-28 10:30:00-04:00,54.880001068115234,55.01499938964844,54.636199951171875,54.73500061035156,20701,0.0,0.0
2023-03-28 11:30:00-04:00,54.779998779296875,54.869998931884766,54.59000015258789,54.657901763916016,9914,0.0,0.0
2023-03-28 12:30:00-04:00,54.65140151977539,54.79999923706055,54.25,54.341400146484375,23638,0.0,0.0
2023-03-28 13:30:00-04:00,54.298500061035156,54.689998626708984,54.290000915527344,54.619998931884766,21551,0.0,0.0
2023-03-28 14:30:00-04:00,54.619998931884766,54.724998474121094,54.48500061035156,54.51499938964844,19125,0.0,0.0
2023-03-28 15:30:00-04:00,54.51499938964844,55.0,54.47999954223633,54.810001373291016,37033,0.0,0.0
2023-03-29 09:30:00-04:00,55.45000076293945,55.45000076293945,53.41999816894531,54.584999084472656,25031,0.0,0.0
2023-03-29 10:30:00-04:00,54.57500076293945,54.63999938964844,54.040000915527344,54.380001068115234,14266,0.0,0.0
2023-03-29 11:30:00-04:00,54.150001525878906,54.220001220703125,53.970001220703125,54.099998474121094,43880,0.0,0.0
2023-03-29 12:30:00-04:00,54.13999938964844,54.27000045776367,53.779998779296875,54.13999938964844,64700,0.0,0.0
2023-03-29 13:30:00-04:00,54.0,54.2400016784668,53.90999984741211,54.220001220703125,21341,0.0,0.0
2023-03-29 14:30:00-04:00,54.20920181274414,54.56999969482422,54.13999938964844,54.564998626708984,20380,0.0,0.0
2023-03-29 15:30:00-04:00,54.5,54.83000183105469,54.47999954223633,54.630001068115234,27168,0.0,0.0
2023-03-30 09:30:00-04:00,55.20000076293945,55.275001525878906,54.25,54.59000015258789,13071,0.0,0.0
2023-03-30 10:30:00-04:00,54.790000915527344,54.79999923706055,53.790000915527344,53.900001525878906,17316,0.0,0.0
2023-03-30 11:30:00-04:00,53.92499923706055,53.98740005493164,53.5,53.6349983215332,26207,0.0,0.0
2023-03-30 12:30:00-04:00,53.599998474121094,53.880001068115234,53.33000183105469,53.45000076293945,28817,0.0,0.0
2023-03-30 13:30:00-04:00,53.3849983215332,53.5,53.36000061035156,53.43000030517578,17182,0.0,0.0
2023-03-30 14:30:00-04:00,53.33000183105469,53.42499923706055,53.060001373291016,53.17499923706055,38596,0.0,0.0
2023-03-30 15:30:00-04:00,53.220001220703125,53.52000045776367,53.220001220703125,53.47999954223633,47798,0.0,0.0
2023-03-31 09:30:00-04:00,54.13999938964844,54.34000015258789,53.7400016784668,54.34000015258789,29965,0.0,0.0
2023-03-31 10:30:00-04:00,54.369998931884766,54.75,54.25,54.619998931884766,14376,0.0,0.0
2023-03-31 11:30:00-04:00,54.59000015258789,54.81999969482422,54.45000076293945,54.599998474121094,21508,0.0,0.0
2023-03-31 12:30:00-04:00,54.529998779296875,54.720001220703125,54.474998474121094,54.65999984741211,18904,0.0,0.0
2023-03-31 13:30:00-04:00,54.654998779296875,54.654998779296875,54.29999923706055,54.29999923706055,13617,0.0,0.0
2023-03-31 14:30:00-04:00,54.29999923706055,54.36000061035156,54.099998474121094,54.36000061035156,20760,0.0,0.0
2023-03-31 15:30:00-04:00,54.32500076293945,54.45000076293945,54.20000076293945,54.279998779296875,64435,0.0,0.0
2023-04-03 09:30:00-04:00,54.18000030517578,54.75,54.110801696777344,54.630001068115234,13154,0.0,0.0
2023-04-03 10:30:00-04:00,54.630001068115234,54.630001068115234,53.459999084472656,53.564998626708984,20923,0.0,0.0
2023-04-03 11:30:00-04:00,53.61000061035156,53.689998626708984,53.494998931884766,53.63999938964844,7996,0.0,0.0
2023-04-03 12:30:00-04:00,53.595001220703125,53.689998626708984,53.4900016784668,53.650001525878906,15453,0.0,0.0
2023-04-03 13:30:00-04:00,53.560001373291016,53.660099029541016,53.38999938964844,53.47999954223633,10612,0.0,0.0
2023-04-03 14:30:00-04:00,53.505001068115234,53.779998779296875,53.5,53.540000915527344,21050,0.0,0.0
2023-04-03 15:30:00-04:00,53.48500061035156,53.849998474121094,53.29999923706055,53.77000045776367,45957,0.0,0.0
2023-04-04 09:30:00-04:00,54.06999969482422,54.06999969482422,52.68000030517578,52.869998931884766,12353,0.0,0.0
2023-04-04 10:30:00-04:00,52.810001373291016,52.83000183105469,51.84000015258789,52.099998474121094,13632,0.0,0.0
2023-04-04 11:30:00-04:00,52.099998474121094,52.45000076293945,52.040000915527344,52.439998626708984,13087,0.0,0.0
2023-04-04 12:30:00-04:00,52.33000183105469,52.4900016784668,52.130001068115234,52.130001068115234,10373,0.0,0.0
2023-04-04 13:30:00-04:00,52.255001068115234,52.27000045776367,51.95000076293945,52.02000045776367,12132,0.0,0.0
2023-04-04 14:30:00-04:00,51.91999816894531,52.359798431396484,51.849998474121094,52.28499984741211,28484,0.0,0.0
2023-04-04 15:30:00-04:00,52.31999969482422,52.91999816894531,52.279998779296875,52.90999984741211,55370,0.0,0.0
2023-04-05 09:30:00-04:00,52.220001220703125,52.900001525878906,51.86000061035156,52.18000030517578,17759,0.0,0.0
2023-04-05 10:30:00-04:00,52.400001525878906,52.68000030517578,52.150001525878906,52.38999938964844,14278,0.0,0.0
2023-04-05 11:30:00-04:00,52.30500030517578,52.52000045776367,52.13999938964844,52.20000076293945,15204,0.0,0.0
2023-04-05 12:30:00-04:00,52.15999984741211,52.60499954223633,51.90999984741211,52.45000076293945,20436,0.0,0.0
2023-04-05 13:30:00-04:00,52.43000030517578,52.43000030517578,51.91999816894531,52.29999923706055,23110,0.0,0.0
2023-04-05 14:30:00-04:00,52.29999923706055,52.470001220703125,52.08000183105469,52.27000045776367,34994,0.0,0.0
2023-04-05 15:30:00-04:00,52.29999923706055,52.36000061035156,51.974998474121094,52.08000183105469,46714,0.0,0.0
2023-04-06 09:30:00-04:00,51.97999954223633,53.814998626708984,51.97999954223633,52.86000061035156,15060,0.0,0.0
2023-04-06 10:30:00-04:00,52.904998779296875,53.06999969482422,52.7599983215332,52.900001525878906,8303,0.0,0.0
2023-04-06 11:30:00-04:00,52.85499954223633,53.0,52.79999923706055,52.88010025024414,3990,0.0,0.0
2023-04-06 12:30:00-04:00,53.0,53.15999984741211,52.86000061035156,53.119998931884766,10052,0.0,0.0
2023-04-06 13:30:00-04:00,53.0,53.0,52.709999084472656,52.904998779296875,8522,0.0,0.0
2023-04-06 14:30:00-04:00,52.93000030517578,52.95500183105469,52.689998626708984,52.72999954223633,10350,0.0,0.0
2023-04-06 15:30:00-04:00,52.630001068115234,52.93000030517578,52.630001068115234,52.88999938964844,25196,0.0,0.0
2023-04-10 09:30:00-04:00,52.540000915527344,53.56999969482422,52.38999938964844,53.45000076293945,18714,0.0,0.0
2023-04-10 10:30:00-04:00,53.38999938964844,53.529998779296875,53.16999816894531,53.29999923706055,13818,0.0,0.0
2023-04-10 11:30:00-04:00,53.34000015258789,53.34000015258789,52.915000915527344,52.915000915527344,10887,0.0,0.0
2023-04-10 12:30:00-04:00,52.88999938964844,53.130001068115234,52.779998779296875,53.029998779296875,8181,0.0,0.0
2023-04-10 13:30:00-04:00,53.060001373291016,53.22999954223633,52.950199127197266,53.040000915527344,6733,0.0,0.0
2023-04-10 14:30:00-04:00,53.04999923706055,53.16999816894531,53.0099983215332,53.09000015258789,10041,0.0,0.0
2023-04-10 15:30:00-04:00,53.06999969482422,53.22999954223633,52.849998474121094,52.91999816894531,72069,0.0,0.0
2023-04-11 09:30:00-04:00,53.18000030517578,53.529998779296875,52.7400016784668,52.744998931884766,13876,0.0,0.0
2023-04-11 10:30:00-04:00,52.869998931884766,52.90999984741211,52.31999969482422,52.38999938964844,10764,0.0,0.0
2023-04-11 11:30:00-04:00,52.279998779296875,52.598201751708984,52.189998626708984,52.584999084472656,21812,0.0,0.0
2023-04-11 12:30:00-04:00,52.59000015258789,52.779998779296875,52.470001220703125,52.67499923706055,12284,0.0,0.0
2023-04-11 13:30:00-04:00,52.595001220703125,52.86000061035156,52.560001373291016,52.720001220703125,8194,0.0,0.0
2023-04-11 14:30:00-04:00,52.77000045776367,52.810001373291016,52.599998474121094,52.625,11329,0.0,0.0
2023-04-11 15:30:00-04:00,52.654998779296875,52.654998779296875,52.279998779296875,52.47999954223633,31729,0.0,0.0
2023-04-12 09:30:00-04:00,52.77000045776367,52.869998931884766,51.9900016784668,52.06999969482422,24109,0.0,0.0
2023-04-12 10:30:00-04:00,52.060001373291016,52.060001373291016,51.41999816894531,51.7599983215332,11054,0.0,0.0
2023-04-12 11:30:00-04:00,51.720001220703125,51.78499984741211,51.459999084472656,51.68000030517578,12096,0.0,0.0
2023-04-12 12:30:00-04:00,51.75,51.86000061035156,51.599998474121094,51.81999969482422,12210,0.0,0.0
2023-04-12 13:30:00-04:00,51.88999938964844,51.88999938964844,51.47999954223633,51.47999954223633,8963,0.0,0.0
2023-04-12 14:30:00-04:00,51.400001525878906,51.77000045776367,51.400001525878906,51.75,24323,0.0,0.0
2023-04-12 15:30:00-04:00,51.724998474121094,51.959999084472656,51.650001525878906,51.939998626708984,52428,0.0,0.0
2023-04-13 09:30:00-04:00,51.900001525878906,52.505001068115234,51.29999923706055,52.505001068115234,0,0.0,0.0
2023-04-13 10:30:00-04:00,52.15999984741211,52.56999969482422,52.15999984741211,52.540000915527344,6853,0.0,0.0
2023-04-13 11:30:00-04:00,52.540000915527344,52.66999816894531,52.36000061035156,52.38999938964844,10460,0.0,0.0
2023-04-13 12:30:00-04:00,52.380001068115234,52.66999816894531,52.31999969482422,52.61000061035156,6256,0.0,0.0
2023-04-13 13:30:00-04:00,52.595001220703125,52.720001220703125,52.38999938964844,52.400001525878906,7185,0.0,0.0
2023-04-13 14:30:00-04:00,52.400001525878906,53.0,52.400001525878906,52.650001525878906,14225,0.0,0.0
2023-04-13 15:30:00-04:00,52.58000183105469,52.619998931884766,52.369998931884766,52.47999954223633,33708,0.0,0.0
2023-04-14 09:30:00-04:00,53.0,53.369998931884766,52.189998626708984,52.189998626708984,13893,0.0,0.0
2023-04-14 10:30:00-04:00,52.0,52.09000015258789,51.02000045776367,51.07500076293945,22200,0.0,0.0
2023-04-14 11:30:00-04:00,51.07500076293945,51.20000076293945,50.900001525878906,51.165000915527344,14372,0.0,0.0
2023-04-14 12:30:00-04:00,51.04999923706055,51.369998931884766,50.9900016784668,51.19499969482422,9596,0.0,0.0
2023-04-14 13:30:00-04:00,51.189998626708984,51.2599983215332,50.970001220703125,51.25,7480,0.0,0.0
2023-04-14 14:30:00-04:00,51.35499954223633,51.54499816894531,51.290000915527344,51.459999084472656,19673,0.0,0.0
2023-04-14 15:30:00-04:00,51.435001373291016,51.56999969482422,51.189998626708984,51.54999923706055,28303,0.0,0.0
2023-04-17 09:30:00-04:00,51.40999984741211,51.40999984741211,50.70000076293945,51.06999969482422,18232,0.0,0.0
2023-04-17 10:30:00-04:00,51.130001068115234,51.40999984741211,50.849998474121094,51.40999984741211,22006,0.0,0.0
2023-04-17 11:30:00-04:00,51.41999816894531,51.79999923706055,51.369998931884766,51.709999084472656,9554,0.0,0.0
2023-04-17 12:30:00-04:00,51.849998474121094,52.060001373291016,51.69219970703125,51.95500183105469,15913,0.0,0.0
2023-04-17 13:30:00-04:00,51.869998931884766,52.429901123046875,51.81999969482422,52.345001220703125,20796,0.0,0.0
2023-04-17 14:30:00-04:00,52.400001525878906,52.86000061035156,52.33000183105469,52.810001373291016,18221,0.0,0.0
2023-04-17 15:30:00-04:00,52.779998779296875,52.970001220703125,52.67499923706055,52.939998626708984,33405,0.0,0.0
2023-04-18 09:30:00-04:00,52.91999816894531,53.27000045776367,51.75,52.04999923706055,11927,0.0,0.0
2023-04-18 10:30:00-04:00,52.040000915527344,52.150001525878906,51.7599983215332,51.84000015258789,13650,0.0,0.0
2023-04-18 11:30:00-04:00,51.869998931884766,51.93000030517578,51.470001220703125,51.650001525878906,10167,0.0,0.0
2023-04-18 12:30:00-04:00,51.56999969482422,51.86000061035156,51.560001373291016,51.75,14528,0.0,0.0
2023-04-18 13:30:00-04:00,51.709999084472656,51.95000076293945,51.709999084472656,51.880001068115234,13756,0.0,0.0
2023-04-18 14:30:00-04:00,51.84000015258789,51.900001525878906,51.67499923706055,51.790000915527344,18742,0.0,0.0
2023-04-18 15:30:00-04:00,51.86000061035156,52.029998779296875,51.7400016784668,51.90999984741211,23035,0.0,0.0
2023-04-19 09:30:00-04:00,51.779998779296875,52.43000030517578,51.779998779296875,52.189998626708984,7869,0.0,0.0
2023-04-19 10:30:00-04:00,52.189998626708984,52.189998626708984,51.91999816894531,51.91999816894531,3118,0.0,0.0
2023-04-19 11:30:00-04:00,51.72999954223633,51.91999816894531,51.72999954223633,51.7599983215332,4351,0.0,0.0
2023-04-19 12:30:00-04:00,51.93000030517578,52.2599983215332,51.93000030517578,52.150001525878906,7330,0.0,0.0
2023-04-19 13:30:00-04:00,52.111698150634766,53.13999938964844,52.111698150634766,53.13999938964844,15630,0.0,0.0
2023-04-19 14:30:00-04:00,53.14500045776367,53.14500045776367,52.60499954223633,52.90999984741211,12703,0.0,0.0
2023-04-19 15:30:00-04:00,52.93000030517578,52.97999954223633,52.5,52.599998474121094,24466,0.0,0.0
2023-04-20 09:30:00-04:00,52.75,52.7599983215332,52.040000915527344,52.040000915527344,3683,0.0,0.0
2023-04-20 10:30:00-04:00,51.8827018737793,52.40999984741211,51.68000030517578,51.72999954223633,11810,0.0,0.0
2023-04-20 11:30:00-04:00,51.619998931884766,51.72999954223633,51.25,51.55500030517578,16957,0.0,0.0
2023-04-20 12:30:00-04:00,51.459999084472656,51.94499969482422,51.33000183105469,51.720001220703125,15885,0.0,0.0
2023-04-20 13:30:00-04:00,51.71500015258789,52.14500045776367,51.630001068115234,52.099998474121094,14957,0.0,0.0
2023-04-20 14:30:00-04:00,52.099998474121094,52.119998931884766,51.66999816894531,51.68000030517578,26091,0.0,0.0
2023-04-20 15:30:00-04:00,51.77000045776367,51.77000045776367,51.400001525878906,51.4900016784668,42015,0.0,0.0
2023-04-21 09:30:00-04:00,51.20000076293945,51.90950012207031,50.458099365234375,50.599998474121094,21911,0.0,0.0
2023-04-21 10:30:00-04:00,50.625,50.744998931884766,50.20000076293945,50.459999084472656,17926,0.0,0.0
2023-04-21 11:30:00-04:00,50.66999816894531,50.875,50.45000076293945,50.45000076293945,13406,0.0,0.0
2023-04-21 12:30:00-04:00,50.45000076293945,50.525001525878906,50.150001525878906,50.150001525878906,13392,0.0,0.0
2023-04-21 13:30:00-04:00,50.15999984741211,50.279998779296875,50.02000045776367,50.279998779296875,15193,0.0,0.0
2023-04-21 14:30:00-04:00,50.2599983215332,50.380001068115234,50.000099182128906,50.018699645996094,17097,0.0,0.0
2023-04-21 15:30:00-04:00,50.040000915527344,50.470001220703125,50.01380157470703,50.459999084472656,25861,0.0,0.0
2023-04-24 09:30:00-04:00,50.029998779296875,50.54999923706055,50.0,50.5099983215332,13169,0.0,0.0
2023-04-24 10:30:00-04:00,50.619998931884766,50.630001068115234,49.779998779296875,49.779998779296875,11286,0.0,0.0
2023-04-24 11:30:00-04:00,49.82789993286133,49.9900016784668,49.56999969482422,49.66999816894531,8525,0.0,0.0
2023-04-24 12:30:00-04:00,49.750099182128906,49.750099182128906,49.56999969482422,49.63999938964844,4985,0.0,0.0
2023-04-24 13:30:00-04:00,49.709999084472656,49.77000045776367,49.529998779296875,49.665000915527344,14951,0.0,0.0
2023-04-24 14:30:00-04:00,49.70000076293945,49.86000061035156,49.529998779296875,49.744998931884766,14866,0.0,0.0
2023-04-24 15:30:00-04:00,49.73500061035156,49.77000045776367,49.400001525878906,49.56999969482422,61375,0.0,0.0
2023-04-25 09:30:00-04:00,49.04999923706055,49.2599983215332,48.56999969482422,48.83000183105469,23767,0.0,0.0
2023-04-25 10:30:00-04:00,48.834999084472656,48.93000030517578,48.369998931884766,48.380001068115234,12692,0.0,0.0
2023-04-25 11:30:00-04:00,48.45000076293945,48.808998107910156,48.40999984741211,48.627498626708984,12705,0.0,0.0
2023-04-25 12:30:00-04:00,48.560001373291016,48.65999984741211,48.0099983215332,48.18000030517578,22115,0.0,0.0
2023-04-25 13:30:00-04:00,48.099998474121094,48.619998931884766,48.0,48.56999969482422,20607,0.0,0.0
2023-04-25 14:30:00-04:00,48.595001220703125,48.595001220703125,48.189998626708984,48.224998474121094,30834,0.0,0.0
2023-04-25 15:30:00-04:00,48.16999816894531,48.400001525878906,47.939998626708984,48.22999954223633,38565,0.0,0.0
2023-04-26 09:30:00-04:00,48.369998931884766,48.900001525878906,48.060001373291016,48.11000061035156,16044,0.0,0.0
2023-04-26 10:30:00-04:00,48.22999954223633,48.97800064086914,48.11000061035156,48.73500061035156,19163,0.0,0.0
2023-04-26 11:30:00-04:00,48.79499816894531,49.2599983215332,48.79499816894531,48.86000061035156,13960,0.0,0.0
2023-04-26 12:30:00-04:00,48.869998931884766,49.02000045776367,48.540000915527344,48.6349983215332,9725,0.0,0.0
2023-04-26 13:30:00-04:00,48.70000076293945,48.81999969482422,48.375,48.56999969482422,16276,0.0,0.0
2023-04-26 14:30:00-04:00,48.59000015258789,48.630001068115234,48.130001068115234,48.400001525878906,31816,0.0,0.0
2023-04-26 15:30:00-04:00,48.5,48.970001220703125,48.41999816894531,48.88999938964844,31579,0.0,0.0
2023-04-27 09:30:00-04:00,49.17499923706055,49.779998779296875,49.17499923706055,49.345001220703125,18492,0.0,0.0
2023-04-27 10:30:00-04:00,49.459999084472656,49.619998931884766,49.04999923706055,49.619998931884766,17722,0.0,0.0
2023-04-27 11:30:00-04:00,49.66999816894531,50.22999954223633,49.599998474121094,49.880001068115234,15258,0.0,0.0
2023-04-27 12:30:00-04:00,49.85499954223633,50.130001068115234,49.790000915527344,50.025001525878906,17774,0.0,0.0
2023-04-27 13:30:00-04:00,50.09000015258789,50.27000045776367,49.97999954223633,50.189998626708984,15658,0.0,0.0
2023-04-27 14:30:00-04:00,50.18000030517578,50.19499969482422,50.02000045776367,50.119998931884766,12858,0.0,0.0
2023-04-27 15:30:00-04:00,50.11000061035156,50.119998931884766,49.93000030517578,50.04999923706055,28380,0.0,0.0
2023-04-28 09:30:00-04:00,49.970001220703125,50.665000915527344,49.970001220703125,50.61000061035156,5400,0.0,0.0
2023-04-28 10:30:00-04:00,50.47999954223633,50.90999984741211,50.06999969482422,50.790000915527344,24569,0.0,0.0
2023-04-28 11:30:00-04:00,50.84000015258789,51.0,50.65999984741211,50.79999923706055,8255,0.0,0.0
2023-04-28 12:30:00-04:00,50.650001525878906,50.650001525878906,50.45000076293945,50.560001373291016,11397,0.0,0.0
2023-04-28 13:30:00-04:00,50.470001220703125,50.56999969482422,50.16999816894531,50.22999954223633,15287,0.0,0.0
2023-04-28 14:30:00-04:00,50.21500015258789,50.349998474121094,50.0,50.060001373291016,18939,0.0,0.0
2023-04-28 15:30:00-04:00,50.01100158691406,50.040000915527344,49.81999969482422,49.91999816894531,45433,0.0,0.0
2023-05-01 09:30:00-04:00,49.41999816894531,49.75,49.15999984741211,49.5099983215332,8087,0.0,0.0
2023-05-01 10:30:00-04:00,49.70000076293945,49.72999954223633,48.90999984741211,48.94990158081055,6355,0.0,0.0
2023-05-01 11:30:00-04:00,48.810001373291016,49.29999923706055,48.61000061035156,49.08000183105469,7644,0.0,0.0
2023-05-01 12:30:00-04:00,49.279998779296875,49.279998779296875,48.77000045776367,48.77000045776367,6621,0.0,0.0
2023-05-01 13:30:00-04:00,48.689998626708984,48.869998931884766,48.5,48.66999816894531,8812,0.0,0.0
2023-05-01 14:30:00-04:00,48.560001373291016,48.65999984741211,48.29010009765625,48.41999816894531,15604,0.0,0.0
2023-05-01 15:30:00-04:00,48.5,48.709999084472656,48.31999969482422,48.58000183105469,27403,0.0,0.0
2023-05-02 09:30:00-04:00,48.27000045776367,48.27000045776367,46.400001525878906,46.54499816894531,19008,0.0,0.0
2023-05-02 10:30:00-04:00,46.375,46.45000076293945,45.540000915527344,45.75040054321289,14496,0.0,0.0
2023-05-02 11:30:00-04:00,45.720001220703125,46.16999816894531,45.709999084472656,46.04999923706055,9401,0.0,0.0
2023-05-02 12:30:00-04:00,45.89500045776367,46.029998779296875,45.599998474121094,45.63999938964844,17394,0.0,0.0
2023-05-02 13:30:00-04:00,45.709999084472656,46.22999954223633,45.619998931884766,45.7599983215332,20657,0.0,0.0
2023-05-02 14:30:00-04:00,45.63999938964844,45.959999084472656,45.6150016784668,45.89400100708008,18764,0.0,0.0
2023-05-02 15:30:00-04:00,45.900001525878906,45.939998626708984,45.500999450683594,45.81999969482422,47419,0.0,0.0
2023-05-03 09:30:00-04:00,45.970001220703125,46.9900016784668,45.970001220703125,46.810001373291016,26183,0.0,0.0
2023-05-03 10:30:00-04:00,46.849998474121094,46.95000076293945,45.72999954223633,45.91999816894531,9437,0.0,0.0
2023-05-03 11:30:00-04:00,45.880001068115234,46.64500045776367,45.75,46.404998779296875,23985,0.0,0.0
2023-05-03 12:30:00-04:00,46.65999984741211,46.88990020751953,46.36000061035156,46.689998626708984,14438,0.0,0.0
2023-05-03 13:30:00-04:00,46.79999923706055,47.119998931884766,46.439998626708984,46.60499954223633,28750,0.0,0.0
2023-05-03 14:30:00-04:00,46.58000183105469,47.02000045776367,45.75,45.75,31607,0.0,0.0
2023-05-03 15:30:00-04:00,45.779998779296875,45.869998931884766,45.18000030517578,45.29999923706055,44492,0.0,0.0
2023-05-04 09:30:00-04:00,44.29999923706055,44.810001373291016,42.5,42.5,30646,0.0,0.0
2023-05-04 10:30:00-04:00,42.45000076293945,44.220001220703125,42.27000045776367,43.5,30214,0.0,0.0
2023-05-04 11:30:00-04:00,43.4900016784668,43.86000061035156,42.93000030517578,43.630001068115234,20137,0.0,0.0
2023-05-04 12:30:00-04:00,43.779998779296875,43.900001525878906,43.06999969482422,43.55009841918945,23099,0.0,0.0
2023-05-04 13:30:00-04:00,43.560001373291016,43.959999084472656,43.560001373291016,43.70220184326172,32316,0.0,0.0
2023-05-04 14:30:00-04:00,43.540000915527344,43.70000076293945,43.31999969482422,43.529998779296875,44309,0.0,0.0
2023-05-04 15:30:00-04:00,43.43000030517578,43.83000183105469,43.12009811401367,43.599998474121094,71496,0.0,0.0
2023-05-05 09:30:00-04:00,44.900001525878906,45.59000015258789,43.63999938964844,43.65999984741211,35237,0.0,0.0
2023-05-05 10:30:00-04:00,43.70000076293945,44.36000061035156,43.31999969482422,44.04999923706055,34018,0.0,0.0
2023-05-05 11:30:00-04:00,44.2400016784668,44.349998474121094,43.90999984741211,44.060001373291016,20337,0.0,0.0
2023-05-05 12:30:00-04:00,44.060001373291016,44.13999938964844,43.66999816894531,43.97999954223633,24851,0.0,0.0
2023-05-05 13:30:00-04:00,44.029998779296875,44.150001525878906,43.79999923706055,44.13059997558594,21692,0.0,0.0
2023-05-05 14:30:00-04:00,44.150001525878906,44.70000076293945,44.09000015258789,44.56999969482422,31113,0.0,0.0
2023-05-05 15:30:00-04:00,44.59000015258789,45.27000045776367,44.584999084472656,45.11000061035156,110880,0.0,0.0
2023-05-08 09:30:00-04:00,45.77000045776367,46.58000183105469,44.279998779296875,44.279998779296875,21269,0.0,0.0
2023-05-08 10:30:00-04:00,44.59000015258789,45.005001068115234,44.22999954223633,44.38999938964844,11271,0.0,0.0
2023-05-08 11:30:00-04:00,44.3849983215332,44.709999084472656,44.290000915527344,44.400001525878906,36892,0.0,0.0
2023-05-08 12:30:00-04:00,44.400001525878906,44.400001525878906,43.83000183105469,44.060001373291016,21033,0.0,0.0
2023-05-08 13:30:00-04:00,44.16999816894531,45.04999923706055,44.1171989440918,44.970001220703125,20877,0.0,0.0
2023-05-08 14:30:00-04:00,44.994998931884766,44.995601654052734,44.45000076293945,44.45000076293945,11708,0.0,0.0
2023-05-08 15:30:00-04:00,44.525001525878906,44.93000030517578,44.38999938964844,44.43000030517578,29126,0.0,0.0
2023-05-09 09:30:00-04:00,44.27000045776367,44.65999984741211,43.060001373291016,43.689998626708984,33294,0.0,0.0
2023-05-09 10:30:00-04:00,43.54999923706055,44.11000061035156,43.54999923706055,43.77000045776367,12572,0.0,0.0
2023-05-09 11:30:00-04:00,43.70000076293945,43.77000045776367,43.369998931884766,43.42499923706055,7975,0.0,0.0
2023-05-09 12:30:00-04:00,43.5,43.70000076293945,43.310001373291016,43.5099983215332,15153,0.0,0.0
2023-05-09 13:30:00-04:00,43.529998779296875,44.22999954223633,43.529998779296875,44.14500045776367,7063,0.0,0.0
2023-05-09 14:30:00-04:00,44.04999923706055,44.15999984741211,43.790000915527344,43.86000061035156,15552,0.0,0.0
2023-05-09 15:30:00-04:00,43.79999923706055,43.84000015258789,43.36000061035156,43.470001220703125,33373,0.0,0.0
2023-05-10 09:30:00-04:00,44.40999984741211,44.600399017333984,43.11000061035156,43.11000061035156,23040,0.0,0.0
2023-05-10 10:30:00-04:00,43.15999984741211,43.71500015258789,42.81999969482422,43.71500015258789,33811,0.0,0.0
2023-05-10 11:30:00-04:00,43.54999923706055,43.54999923706055,43.15010070800781,43.36000061035156,8679,0.0,0.0
2023-05-10 12:30:00-04:00,43.34000015258789,43.34000015258789,42.900001525878906,42.97999954223633,7408,0.0,0.0
2023-05-10 13:30:00-04:00,43.15999984741211,43.31999969482422,42.90999984741211,43.16999816894531,8606,0.0,0.0
2023-05-10 14:30:00-04:00,43.314998626708984,43.43000030517578,43.13999938964844,43.349998474121094,6515,0.0,0.0
2023-05-10 15:30:00-04:00,43.334999084472656,43.4900016784668,43.099998474121094,43.17499923706055,45798,0.0,0.0
2023-05-11 09:30:00-04:00,42.5099983215332,43.595001220703125,42.16999816894531,42.369998931884766,18234,0.0,0.0
2023-05-11 10:30:00-04:00,42.400001525878906,42.52000045776367,42.0,42.41999816894531,24078,0.0,0.0
2023-05-11 11:30:00-04:00,42.5,42.959999084472656,42.47999954223633,42.67409896850586,22694,0.0,0.0
2023-05-11 12:30:00-04:00,42.599998474121094,42.650001525878906,42.439998626708984,42.63999938964844,10391,0.0,0.0
2023-05-11 13:30:00-04:00,42.529998779296875,42.58000183105469,42.310001373291016,42.4833984375,16009,0.0,0.0
2023-05-11 14:30:00-04:00,42.529998779296875,42.560001373291016,42.349998474121094,42.380001068115234,8886,0.0,0.0
2023-05-11 15:30:00-04:00,42.31999969482422,42.31999969482422,42.189998626708984,42.2400016784668,22034,0.0,0.0
2023-05-12 09:30:00-04:00,42.66999816894531,42.790000915527344,41.79999923706055,41.935001373291016,17488,0.0,0.0
2023-05-12 10:30:00-04:00,41.9900016784668,42.13999938964844,41.869998931884766,41.93600082397461,13838,0.0,0.0
2023-05-12 11:30:00-04:00,42.040000915527344,42.06100082397461,41.75,41.75,11549,0.0,0.0
2023-05-12 12:30:00-04:00,41.709999084472656,41.88999938964844,41.59000015258789,41.86000061035156,16565,0.0,0.0
2023-05-12 13:30:00-04:00,41.95500183105469,41.97999954223633,41.56999969482422,41.79499816894531,14803,0.0,0.0
2023-05-12 14:30:00-04:00,41.79999923706055,42.119998931884766,41.720001220703125,42.040000915527344,13812,0.0,0.0
2023-05-12 15:30:00-04:00,42.08000183105469,42.310001373291016,42.04999923706055,42.08000183105469,67824,0.0,0.0
2023-05-15 09:30:00-04:00,42.2400016784668,43.22999954223633,42.005001068115234,42.9900016784668,20817,0.0,0.0
2023-05-15 10:30:00-04:00,43.130001068115234,43.720001220703125,43.130001068115234,43.720001220703125,13545,0.0,0.0
2023-05-15 11:30:00-04:00,43.724998474121094,43.724998474121094,43.279998779296875,43.44499969482422,24756,0.0,0.0
2023-05-15 12:30:00-04:00,43.40999984741211,44.209999084472656,43.40999984741211,44.119998931884766,46183,0.0,0.0
2023-05-15 13:30:00-04:00,43.970001220703125,44.119998931884766,43.77000045776367,43.90999984741211,12910,0.0,0.0
2023-05-15 14:30:00-04:00,43.81999969482422,44.25,43.81999969482422,44.0099983215332,28856,0.0,0.0
2023-05-15 15:30:00-04:00,44.040000915527344,44.08000183105469,43.86000061035156,43.939998626708984,24779,0.0,0.0
2023-05-16 09:30:00-04:00,44.02000045776367,44.665000915527344,44.02000045776367,44.529998779296875,32956,0.0,0.0
2023-05-16 10:30:00-04:00,44.42499923706055,44.95000076293945,44.42499923706055,44.58000183105469,12844,0.0,0.0
2023-05-16 11:30:00-04:00,44.59000015258789,44.59000015258789,44.2401008605957,44.36000061035156,17531,0.0,0.0
2023-05-16 12:30:00-04:00,44.400001525878906,44.77000045776367,44.400001525878906,44.58000183105469,31163,0.0,0.0
2023-05-16 13:30:00-04:00,44.45000076293945,44.56999969482422,44.25,44.540000915527344,12457,0.0,0.0
2023-05-16 14:30:00-04:00,44.439998626708984,44.63999938964844,44.33000183105469,44.44499969482422,10285,0.0,0.0
2023-05-16 15:30:00-04:00,44.400001525878906,44.43000030517578,43.77000045776367,43.77000045776367,27032,0.0,0.0
2023-05-17 09:30:00-04:00,44.61000061035156,45.41999816894531,44.38999938964844,45.3650016784668,26707,0.0,0.0
2023-05-17 10:30:00-04:00,45.439998626708984,46.3849983215332,45.099998474121094,46.3849983215332,17194,0.0,0.0
2023-05-17 11:30:00-04:00,46.380001068115234,46.66999816894531,46.2599983215332,46.599998474121094,19630,0.0,0.0
2023-05-17 12:30:00-04:00,46.689998626708984,47.255001068115234,46.58000183105469,47.220001220703125,23834,0.0,0.0
2023-05-17 13:30:00-04:00,47.189998626708984,47.25,46.7400016784668,46.84000015258789,14519,0.0,0.0
2023-05-17 14:30:00-04:00,46.83000183105469,47.32500076293945,46.630001068115234,47.07500076293945,18006,0.0,0.0
2023-05-17 15:30:00-04:00,47.119998931884766,47.39500045776367,46.88999938964844,47.16999816894531,36592,0.0,0.0
2023-05-18 09:30:00-04:00,47.20000076293945,47.20000076293945,43.720001220703125,47.06999969482422,25854,0.0,0.0
2023-05-18 10:30:00-04:00,47.040000915527344,47.040000915527344,46.560001373291016,46.560001373291016,8651,0.0,0.0
2023-05-18 11:30:00-04:00,46.77000045776367,47.16999816894531,46.650001525878906,47.02000045776367,24901,0.0,0.0
2023-05-18 12:30:00-04:00,47.06800079345703,47.15999984741211,46.5,46.5,20700,0.0,0.0
2023-05-18 13:30:00-04:00,46.459999084472656,46.88999938964844,46.41999816894531,46.88999938964844,19174,0.0,0.0
2023-05-18 14:30:00-04:00,46.959999084472656,47.040000915527344,46.619998931884766,46.900001525878906,20541,0.0,0.0
2023-05-18 15:30:00-04:00,46.88999938964844,47.15999984741211,46.66999816894531,46.709999084472656,42943,0.0,0.0
2023-05-19 09:30:00-04:00,47.47999954223633,47.47999954223633,46.459999084472656,46.81999969482422,17931,0.0,0.0
2023-05-19 10:30:00-04:00,46.59000015258789,46.77000045776367,45.290000915527344,45.900001525878906,13217,0.0,0.0
2023-05-19 11:30:00-04:00,45.880001068115234,45.939998626708984,45.154998779296875,45.72999954223633,11334,0.0,0.0
2023-05-19 12:30:00-04:00,45.0,45.790000915527344,45.0,45.5099983215332,9803,0.0,0.0
2023-05-19 13:30:00-04:00,45.529998779296875,45.529998779296875,45.160099029541016,45.33000183105469,12182,0.0,0.0
2023-05-19 14:30:00-04:00,45.194801330566406,45.619998931884766,45.194801330566406,45.380001068115234,11208,0.0,0.0
2023-05-19 15:30:00-04:00,45.439998626708984,45.650001525878906,45.310001373291016,45.599998474121094,23713,0.0,0.0
2023-05-22 09:30:00-04:00,45.959999084472656,46.099998474121094,45.625,46.099998474121094,0,0.0,0.0
2023-05-22 10:30:00-04:00,46.202301025390625,46.36000061035156,45.900001525878906,46.36000061035156,6422,0.0,0.0
2023-05-22 11:30:00-04:00,46.400001525878906,47.0099983215332,46.400001525878906,47.0099983215332,12317,0.0,0.0
2023-05-22 12:30:00-04:00,46.970001220703125,47.04999923706055,46.66999816894531,46.79999923706055,10242,0.0,0.0
2023-05-22 13:30:00-04:00,46.80500030517578,47.150001525878906,46.80500030517578,47.130001068115234,10614,0.0,0.0
2023-05-22 14:30:00-04:00,47.13999938964844,47.290000915527344,46.90999984741211,47.0,10647,0.0,0.0
2023-05-22 15:30:00-04:00,46.97999954223633,46.994998931884766,46.83000183105469,46.970001220703125,23987,0.0,0.0
2023-05-23 09:30:00-04:00,46.849998474121094,47.959999084472656,46.849998474121094,47.7400016784668,14654,0.0,0.0
2023-05-23 10:30:00-04:00,47.84000015258789,48.72249984741211,47.84000015258789,48.72249984741211,17800,0.0,0.0
2023-05-23 11:30:00-04:00,48.4900016784668,48.970001220703125,48.279998779296875,48.349998474121094,8810,0.0,0.0
2023-05-23 12:30:00-04:00,48.15999984741211,48.439998626708984,47.9900016784668,48.224998474121094,6639,0.0,0.0
2023-05-23 13:30:00-04:00,48.051998138427734,48.209999084472656,47.65999984741211,47.720001220703125,5759,0.0,0.0
2023-05-23 14:30:00-04:00,47.84000015258789,48.0,47.67499923706055,47.9900016784668,33869,0.0,0.0
2023-05-23 15:30:00-04:00,47.9900016784668,48.0099983215332,47.54999923706055,47.56999969482422,40701,0.0,0.0
2023-05-24 09:30:00-04:00,47.27000045776367,47.459999084472656,46.25,46.61000061035156,20007,0.0,0.0
2023-05-24 10:30:00-04:00,46.880001068115234,46.88999938964844,46.540000915527344,46.849998474121094,3816,0.0,0.0
2023-05-24 11:30:00-04:00,46.720001220703125,46.73500061035156,46.619998931884766,46.619998931884766,2760,0.0,0.0
2023-05-24 12:30:00-04:00,46.644901275634766,46.87969970703125,46.53010177612305,46.56999969482422,6007,0.0,0.0
2023-05-24 13:30:00-04:00,46.65999984741211,46.70500183105469,46.400001525878906,46.41999816894531,3643,0.0,0.0
2023-05-24 14:30:00-04:00,46.58000183105469,46.68000030517578,46.369998931884766,46.470001220703125,8269,0.0,0.0
2023-05-24 15:30:00-04:00,46.540000915527344,46.61069869995117,46.279998779296875,46.310001373291016,23854,0.0,0.0
2023-05-25 09:30:00-04:00,45.869998931884766,48.0099983215332,45.84000015258789,46.095001220703125,11438,0.0,0.0
2023-05-25 10:30:00-04:00,46.029998779296875,46.09000015258789,45.369998931884766,45.369998931884766,11009,0.0,0.0
2023-05-25 11:30:00-04:00,45.310001373291016,45.459999084472656,44.970001220703125,45.290000915527344,8185,0.0,0.0
2023-05-25 12:30:00-04:00,45.38999938964844,45.54999923706055,45.06999969482422,45.529998779296875,7686,0.0,0.0
2023-05-25 13:30:00-04:00,45.54499816894531,45.54499816894531,45.2599983215332,45.48500061035156,5449,0.0,0.0
2023-05-25 14:30:00-04:00,45.349998474121094,45.52989959716797,45.119998931884766,45.439998626708984,9990,0.0,0.0
2023-05-25 15:30:00-04:00,45.45000076293945,45.45000076293945,45.209999084472656,45.27000045776367,19084,0.0,0.0
2023-05-26 09:30:00-04:00,45.22999954223633,45.47999954223633,44.5,45.13999938964844,8568,0.0,0.0
2023-05-26 10:30:00-04:00,45.380001068115234,45.40999984741211,45.20000076293945,45.33000183105469,6802,0.0,0.0
2023-05-26 11:30:00-04:00,45.40999984741211,45.92499923706055,45.40999984741211,45.92499923706055,6713,0.0,0.0
2023-05-26 12:30:00-04:00,45.91999816894531,45.91999816894531,45.5,45.58000183105469,8034,0.0,0.0
2023-05-26 13:30:00-04:00,45.650001525878906,45.65999984741211,45.5,45.54499816894531,6583,0.0,0.0
2023-05-26 14:30:00-04:00,45.66999816894531,45.72999954223633,45.560001373291016,45.560001373291016,7143,0.0,0.0
2023-05-26 15:30:00-04:00,45.63999938964844,45.83000183105469,45.59000015258789,45.7400016784668,16536,0.0,0.0
2023-05-30 09:30:00-04:00,45.959999084472656,46.0,45.0,45.0,12865,0.0,0.0
2023-05-30 10:30:00-04:00,45.0099983215332,45.060001373291016,44.540000915527344,44.66999816894531,8521,0.0,0.0
2023-05-30 11:30:00-04:00,44.59000015258789,44.939998626708984,44.59000015258789,44.91999816894531,5985,0.0,0.0
2023-05-30 12:30:00-04:00,44.939998626708984,44.95000076293945,44.77000045776367,44.849998474121094,8076,0.0,0.0
2023-05-30 13:30:00-04:00,44.70000076293945,45.310001373291016,44.70000076293945,45.310001373291016,7735,0.0,0.0
2023-05-30 14:30:00-04:00,45.27000045776367,45.30500030517578,44.93000030517578,45.04999923706055,10252,0.0,0.0
2023-05-30 15:30:00-04:00,45.06999969482422,45.220001220703125,44.95000076293945,45.20000076293945,28823,0.0,0.0
2023-05-31 09:30:00-04:00,44.91999816894531,45.68000030517578,44.150001525878906,44.150001525878906,6886,0.0,0.0
2023-05-31 10:30:00-04:00,44.04999923706055,44.04999923706055,43.349998474121094,43.439998626708984,13105,0.0,0.0
2023-05-31 11:30:00-04:00,43.400001525878906,43.58000183105469,43.189998626708984,43.36000061035156,11033,0.0,0.0
2023-05-31 12:30:00-04:00,43.459999084472656,43.459999084472656,43.25,43.435001373291016,7525,0.0,0.0
2023-05-31 13:30:00-04:00,43.470001220703125,43.689998626708984,43.290000915527344,43.689998626708984,10071,0.0,0.0
2023-05-31 14:30:00-04:00,43.560001373291016,43.68000030517578,43.27000045776367,43.34000015258789,20703,0.0,0.0
2023-05-31 15:30:00-04:00,43.34000015258789,43.42499923706055,43.18000030517578,43.220001220703125,39223,0.0,0.0
2023-06-01 09:30:00-04:00,43.630001068115234,44.25,43.119998931884766,44.25,10123,0.0,0.0
2023-06-01 10:30:00-04:00,44.15999984741211,44.88999938964844,44.08000183105469,44.5099983215332,23905,0.0,0.0
2023-06-01 11:30:00-04:00,44.525699615478516,45.189998626708984,44.52000045776367,45.06999969482422,14756,0.0,0.0
2023-06-01 12:30:00-04:00,44.970001220703125,45.08539962768555,44.75,44.84000015258789,10663,0.0,0.0
2023-06-01 13:30:00-04:00,44.900001525878906,45.07500076293945,44.720001220703125,44.97999954223633,12697,0.0,0.0
2023-06-01 14:30:00-04:00,44.95000076293945,45.189998626708984,44.849998474121094,45.189998626708984,16170,0.0,0.0
2023-06-01 15:30:00-04:00,45.150001525878906,45.15999984741211,44.720001220703125,44.810001373291016,35191,0.0,0.0
2023-06-02 09:30:00-04:00,45.45000076293945,46.279998779296875,45.16999816894531,46.279998779296875,10714,0.0,0.0
2023-06-02 10:30:00-04:00,46.525001525878906,47.060001373291016,46.525001525878906,46.91999816894531,18532,0.0,0.0
2023-06-02 11:30:00-04:00,46.849998474121094,46.959999084472656,46.36000061035156,46.54999923706055,15276,0.0,0.0
2023-06-02 12:30:00-04:00,46.54499816894531,47.13999938964844,46.52000045776367,47.0099983215332,27005,0.0,0.0
2023-06-02 13:30:00-04:00,47.0099983215332,47.42499923706055,47.0099983215332,47.349998474121094,21011,0.0,0.0
2023-06-02 14:30:00-04:00,47.43000030517578,47.810001373291016,47.33000183105469,47.7599983215332,18980,0.0,0.0
2023-06-02 15:30:00-04:00,47.689998626708984,48.02000045776367,47.689998626708984,47.869998931884766,38042,0.0,0.0
2023-06-05 09:30:00-04:00,47.790000915527344,47.790000915527344,45.27000045776367,45.79999923706055,27886,0.0,0.0
2023-06-05 10:30:00-04:00,45.76499938964844,46.9900016784668,45.76499938964844,46.32749938964844,21175,0.0,0.0
2023-06-05 11:30:00-04:00,46.32500076293945,46.459999084472656,46.0099983215332,46.43000030517578,18321,0.0,0.0
2023-06-05 12:30:00-04:00,46.380001068115234,46.439998626708984,46.060001373291016,46.060001373291016,8928,0.0,0.0
2023-06-05 13:30:00-04:00,46.0099983215332,46.154998779296875,45.849998474121094,45.970001220703125,20351,0.0,0.0
2023-06-05 14:30:00-04:00,45.88999938964844,46.0,45.66999816894531,45.77000045776367,11830,0.0,0.0
2023-06-05 15:30:00-04:00,45.72999954223633,46.130001068115234,45.599998474121094,45.75,40289,0.0,0.0
2023-06-06 09:30:00-04:00,45.599998474121094,47.41999816894531,45.599998474121094,47.310001373291016,27616,0.0,0.0
2023-06-06 10:30:00-04:00,47.46500015258789,48.65999984741211,47.220001220703125,48.0,47662,0.0,0.0
2023-06-06 11:30:00-04:00,48.029998779296875,48.34000015258789,47.84000015258789,47.869998931884766,32609,0.0,0.0
2023-06-06 12:30:00-04:00,47.82500076293945,47.849998474121094,46.720001220703125,47.54999923706055,15051,0.0,0.0
2023-06-06 13:30:00-04:00,47.66999816894531,47.790000915527344,47.400001525878906,47.7400016784668,9104,0.0,0.0
2023-06-06 14:30:00-04:00,47.744998931884766,47.81999969482422,47.560001373291016,47.709999084472656,23541,0.0,0.0
2023-06-06 15:30:00-04:00,47.71500015258789,47.880001068115234,47.560001373291016,47.70000076293945,52124,0.0,0.0
2023-06-07 09:30:00-04:00,48.310001373291016,48.525001525878906,47.41999816894531,48.099998474121094,102550,0.0,0.0
2023-06-07 10:30:00-04:00,48.099998474121094,48.439998626708984,47.83000183105469,48.439998626708984,82117,0.0,0.0
2023-06-07 11:30:00-04:00,48.43000030517578,48.654998779296875,47.7599983215332,48.08000183105469,30176,0.0,0.0
2023-06-07 12:30:00-04:00,48.0099983215332,48.20000076293945,47.81999969482422,47.91999816894531,54447,0.0,0.0
2023-06-07 13:30:00-04:00,47.880699157714844,48.310001373291016,47.75,48.2400016784668,70596,0.0,0.0
2023-06-07 14:30:00-04:00,48.310001373291016,48.310001373291016,48.0,48.06999969482422,161268,0.0,0.0
2023-06-07 15:30:00-04:00,48.060001373291016,48.380001068115234,47.96500015258789,48.060001373291016,102567,0.0,0.0
2023-06-08 09:30:00-04:00,48.08000183105469,48.08000183105469,46.83000183105469,47.189998626708984,26512,0.0,0.0
2023-06-08 10:30:00-04:00,47.25,47.2599983215332,46.54499816894531,46.779998779296875,16844,0.0,0.0
2023-06-08 11:30:00-04:00,46.849998474121094,47.08000183105469,46.75,47.0,49257,0.0,0.0
2023-06-08 12:30:00-04:00,46.9900016784668,47.20000076293945,46.86000061035156,47.20000076293945,64497,0.0,0.0
2023-06-08 13:30:00-04:00,47.2400016784668,47.45000076293945,47.06999969482422,47.25,74089,0.0,0.0
2023-06-08 14:30:00-04:00,47.26499938964844,47.380001068115234,46.95000076293945,47.079898834228516,31826,0.0,0.0
2023-06-08 15:30:00-04:00,47.08000183105469,47.09000015258789,46.900001525878906,46.939998626708984,43836,0.0,0.0
2023-06-09 09:30:00-04:00,47.11000061035156,47.22999954223633,46.310001373291016,46.595001220703125,59272,0.0,0.0
2023-06-09 10:30:00-04:00,46.7599983215332,46.849998474121094,46.36000061035156,46.5,37189,0.0,0.0
2023-06-09 11:30:00-04:00,46.459999084472656,46.53499984741211,46.25,46.369998931884766,24584,0.0,0.0
2023-06-09 12:30:00-04:00,46.31999969482422,46.5099983215332,46.11000061035156,46.16999816894531,20294,0.0,0.0
2023-06-09 13:30:00-04:00,46.20000076293945,46.380001068115234,46.06999969482422,46.220001220703125,66678,0.0,0.0
2023-06-09 14:30:00-04:00,46.2400016784668,46.2400016784668,45.95000076293945,45.97999954223633,22742,0.0,0.0
2023-06-09 15:30:00-04:00,45.95000076293945,46.41999816894531,45.650001525878906,46.41999816894531,96386,0.0,0.0
2023-06-12 09:30:00-04:00,46.5,47.22999954223633,46.119998931884766,46.42499923706055,49820,0.0,0.0
2023-06-12 10:30:00-04:00,46.40999984741211,46.95000076293945,46.029998779296875,46.25,20392,0.0,0.0
2023-06-12 11:30:00-04:00,46.20000076293945,46.279998779296875,45.86000061035156,46.03390121459961,22942,0.0,0.0
2023-06-12 12:30:00-04:00,45.959999084472656,46.15999984741211,45.880001068115234,46.0,23728,0.0,0.0
2023-06-12 13:30:00-04:00,45.9900016784668,46.23500061035156,45.869998931884766,46.23500061035156,49166,0.0,0.0
2023-06-12 14:30:00-04:00,46.25,46.380001068115234,45.97999954223633,46.2400016784668,32981,0.0,0.0
2023-06-12 15:30:00-04:00,46.28499984741211,46.290000915527344,45.630001068115234,45.81999969482422,60624,0.0,0.0
2023-06-13 09:30:00-04:00,46.040000915527344,46.92499923706055,45.68000030517578,46.689998626708984,37976,0.0,0.0
2023-06-13 10:30:00-04:00,46.709999084472656,46.79999923706055,46.040000915527344,46.45000076293945,30963,0.0,0.0
2023-06-13 11:30:00-04:00,46.28499984741211,46.939998626708984,46.22999954223633,46.880001068115234,16149,0.0,0.0
2023-06-13 12:30:00-04:00,46.810001373291016,46.95000076293945,46.470001220703125,46.540000915527344,45580,0.0,0.0
2023-06-13 13:30:00-04:00,46.4900016784668,46.52000045776367,46.15999984741211,46.25,53099,0.0,0.0
2023-06-13 14:30:00-04:00,46.25,46.77000045776367,46.20000076293945,46.630001068115234,118103,0.0,0.0
2023-06-13 15:30:00-04:00,46.65999984741211,46.665000915527344,46.279998779296875,46.36000061035156,155378,0.0,0.0
2023-06-14 09:30:00-04:00,46.529998779296875,47.314998626708984,46.380001068115234,46.7599983215332,28104,0.0,0.0
2023-06-14 10:30:00-04:00,46.84000015258789,47.0,46.529998779296875,46.9900016784668,60809,0.0,0.0
2023-06-14 11:30:00-04:00,46.939998626708984,46.939998626708984,46.5,46.619998931884766,57769,0.0,0.0
2023-06-14 12:30:00-04:00,46.630001068115234,46.86000061035156,46.599998474121094,46.7599983215332,17976,0.0,0.0
2023-06-14 13:30:00-04:00,46.86000061035156,47.07500076293945,45.650001525878906,45.7599983215332,27675,0.0,0.0
2023-06-14 14:30:00-04:00,45.939998626708984,46.5099983215332,45.939998626708984,46.060001373291016,45176,0.0,0.0
2023-06-14 15:30:00-04:00,45.959999084472656,46.20000076293945,45.52000045776367,45.66999816894531,103474,0.0,0.0
2023-06-15 09:30:00-04:00,45.36000061035156,46.4900016784668,45.36000061035156,46.09000015258789,19684,0.0,0.0
2023-06-15 10:30:00-04:00,45.970001220703125,46.20000076293945,45.810001373291016,46.189998626708984,19601,0.0,0.0
2023-06-15 11:30:00-04:00,46.255001068115234,46.279998779296875,45.900001525878906,45.974998474121094,13800,0.0,0.0
2023-06-15 12:30:00-04:00,45.91999816894531,46.27000045776367,45.91999816894531,46.06999969482422,15665,0.0,0.0
2023-06-15 13:30:00-04:00,46.08000183105469,46.81999969482422,46.06999969482422,46.72999954223633,36339,0.0,0.0
2023-06-15 14:30:00-04:00,46.7599983215332,47.130001068115234,46.720001220703125,46.9900016784668,23841,0.0,0.0
2023-06-15 15:30:00-04:00,47.040000915527344,47.400001525878906,46.9900016784668,47.220001220703125,43728,0.0,0.0
2023-06-16 09:30:00-04:00,47.70000076293945,47.70000076293945,46.36000061035156,46.75,64470,0.0,0.0
2023-06-16 10:30:00-04:00,46.68000030517578,46.6974983215332,46.22999954223633,46.58000183105469,19664,0.0,0.0
2023-06-16 11:30:00-04:00,46.779998779296875,46.779998779296875,46.26499938964844,46.26499938964844,18989,0.0,0.0
2023-06-16 12:30:00-04:00,46.275001525878906,46.38999938964844,46.13999938964844,46.2599983215332,9965,0.0,0.0
2023-06-16 13:30:00-04:00,46.19499969482422,46.19499969482422,45.904998779296875,45.97999954223633,21638,0.0,0.0
2023-06-16 14:30:00-04:00,45.98500061035156,46.04999923706055,45.814998626708984,45.93000030517578,37000,0.0,0.0
2023-06-16 15:30:00-04:00,45.939998626708984,46.619998931884766,45.85499954223633,46.40999984741211,83335,0.0,0.0
2023-06-20 09:30:00-04:00,46.15999984741211,46.15999984741211,45.48500061035156,45.782501220703125,22364,0.0,0.0
2023-06-20 10:30:00-04:00,45.4900016784668,46.150001525878906,45.4900016784668,46.08000183105469,19307,0.0,0.0
2023-06-20 11:30:00-04:00,46.06999969482422,46.18000030517578,45.650001525878906,45.79999923706055,18608,0.0,0.0
2023-06-20 12:30:00-04:00,45.845001220703125,45.959999084472656,45.75,45.790000915527344,12292,0.0,0.0
2023-06-20 13:30:00-04:00,45.75,45.814998626708984,45.619998931884766,45.63999938964844,14308,0.0,0.0
2023-06-20 14:30:00-04:00,45.599998474121094,45.810001373291016,45.525001525878906,45.790000915527344,13763,0.0,0.0
2023-06-20 15:30:00-04:00,45.849998474121094,45.90999984741211,45.75,45.849998474121094,26509,0.0,0.0
2023-06-21 09:30:00-04:00,45.56999969482422,45.95000076293945,45.08000183105469,45.29999923706055,19440,0.0,0.0
2023-06-21 10:30:00-04:00,45.310001373291016,45.579898834228516,45.16999816894531,45.44499969482422,12916,0.0,0.0
2023-06-21 11:30:00-04:00,45.505001068115234,45.505001068115234,45.33000183105469,45.380001068115234,15947,0.0,0.0
2023-06-21 12:30:00-04:00,45.41899871826172,45.5,45.029998779296875,45.150001525878906,15184,0.0,0.0
2023-06-21 13:30:00-04:00,45.15999984741211,45.849998474121094,45.15999984741211,45.779998779296875,19084,0.0,0.0
2023-06-21 14:30:00-04:00,45.790000915527344,45.810001373291016,45.43000030517578,45.45000076293945,15234,0.0,0.0
2023-06-21 15:30:00-04:00,45.43000030517578,45.525001525878906,45.220001220703125,45.279998779296875,33701,0.0,0.0
2023-06-22 09:30:00-04:00,45.08000183105469,45.20000076293945,44.2150993347168,44.557498931884766,19916,0.0,0.0
2023-06-22 10:30:00-04:00,44.6349983215332,44.6349983215332,43.63999938964844,43.810001373291016,15232,0.0,0.0
2023-06-22 11:30:00-04:00,44.08000183105469,44.27000045776367,43.920101165771484,44.130001068115234,17934,0.0,0.0
2023-06-22 12:30:00-04:00,44.2400016784668,44.29999923706055,44.11000061035156,44.2599983215332,10013,0.0,0.0
2023-06-22 13:30:00-04:00,44.165000915527344,44.31999969482422,44.040000915527344,44.31999969482422,11734,0.0,0.0
2023-06-22 14:30:00-04:00,44.43000030517578,44.59000015258789,44.29999923706055,44.36000061035156,17463,0.0,0.0
2023-06-22 15:30:00-04:00,44.279998779296875,44.30500030517578,44.119998931884766,44.290000915527344,34598,0.0,0.0
2023-06-23 09:30:00-04:00,43.70000076293945,44.38999938964844,43.70000076293945,43.84000015258789,21991,0.0,0.0
2023-06-23 10:30:00-04:00,43.90250015258789,44.0099983215332,43.66999816894531,43.79999923706055,10436,0.0,0.0
2023-06-23 11:30:00-04:00,43.79999923706055,43.900001525878906,43.64500045776367,43.849998474121094,9414,0.0,0.0
2023-06-23 12:30:00-04:00,43.90999984741211,43.939998626708984,43.685001373291016,43.7400016784668,6891,0.0,0.0
2023-06-23 13:30:00-04:00,43.849998474121094,43.94499969482422,43.540000915527344,43.540000915527344,9095,0.0,0.0
2023-06-23 14:30:00-04:00,43.4900016784668,43.4900016784668,43.060001373291016,43.189998626708984,18564,0.0,0.0
2023-06-23 15:30:00-04:00,43.220001220703125,43.77000045776367,43.099998474121094,43.689998626708984,58240,0.0,0.0
2023-06-26 09:30:00-04:00,43.970001220703125,44.66999816894531,43.6349983215332,43.689998626708984,17729,0.0,0.0
2023-06-26 10:30:00-04:00,43.720001220703125,43.810001373291016,43.34000015258789,43.76499938964844,15690,0.0,0.0
2023-06-26 11:30:00-04:00,43.7599983215332,44.1150016784668,43.709999084472656,43.970001220703125,18108,0.0,0.0
2023-06-26 12:30:00-04:00,43.90999984741211,44.02000045776367,43.75,43.93000030517578,11272,0.0,0.0
2023-06-26 13:30:00-04:00,43.974998474121094,44.06999969482422,43.8650016784668,43.970001220703125,9131,0.0,0.0
2023-06-26 14:30:00-04:00,43.9900016784668,44.0099983215332,43.93000030517578,43.9900016784668,13429,0.0,0.0
2023-06-26 15:30:00-04:00,43.95000076293945,43.9900016784668,43.55500030517578,43.650001525878906,30347,0.0,0.0
2023-06-27 09:30:00-04:00,43.790000915527344,44.529998779296875,43.310001373291016,44.18000030517578,13736,0.0,0.0
2023-06-27 10:30:00-04:00,44.224998474121094,44.619998931884766,44.209999084472656,44.32500076293945,18996,0.0,0.0
2023-06-27 11:30:00-04:00,44.27000045776367,44.43000030517578,44.209999084472656,44.380001068115234,10576,0.0,0.0
2023-06-27 12:30:00-04:00,44.279998779296875,44.7400016784668,44.279998779296875,44.709999084472656,9512,0.0,0.0
2023-06-27 13:30:00-04:00,44.779998779296875,44.779998779296875,44.47999954223633,44.540000915527344,6415,0.0,0.0
2023-06-27 14:30:00-04:00,44.470001220703125,44.474998474121094,44.18000030517578,44.27000045776367,10506,0.0,0.0
2023-06-27 15:30:00-04:00,44.290000915527344,44.369998931884766,44.000999450683594,44.16999816894531,26198,0.0,0.0
2023-06-28 09:30:00-04:00,44.04999923706055,44.404998779296875,43.34000015258789,43.59400177001953,13921,0.0,0.0
2023-06-28 10:30:00-04:00,43.81999969482422,43.81999969482422,43.380001068115234,43.720001220703125,12909,0.0,0.0
2023-06-28 11:30:00-04:00,43.75,43.81999969482422,43.709999084472656,43.779998779296875,7143,0.0,0.0
2023-06-28 12:30:00-04:00,43.724998474121094,43.810001373291016,43.369998931884766,43.47999954223633,11114,0.0,0.0
2023-06-28 13:30:00-04:00,43.54499816894531,43.6150016784668,43.5,43.56999969482422,9712,0.0,0.0
2023-06-28 14:30:00-04:00,43.56999969482422,43.7599983215332,43.5,43.7599983215332,18176,0.0,0.0
2023-06-28 15:30:00-04:00,43.77000045776367,43.97999954223633,43.7400016784668,43.95000076293945,34025,0.0,0.0
2023-06-29 09:30:00-04:00,44.36000061035156,45.18000030517578,44.10499954223633,45.0,14635,0.0,0.0
2023-06-29 10:30:00-04:00,44.97999954223633,44.97999954223633,44.529998779296875,44.59000015258789,10238,0.0,0.0
2023-06-29 11:30:00-04:00,44.52000045776367,44.79499816894531,44.52000045776367,44.779998779296875,8674,0.0,0.0
2023-06-29 12:30:00-04:00,44.849998474121094,44.869998931884766,44.529998779296875,44.779998779296875,6388,0.0,0.0
2023-06-29 13:30:00-04:00,44.79999923706055,44.900001525878906,44.4900016784668,44.650001525878906,5215,0.0,0.0
2023-06-29 14:30:00-04:00,44.689998626708984,44.75,44.560001373291016,44.665000915527344,7932,0.0,0.0
2023-06-29 15:30:00-04:00,44.66999816894531,44.70000076293945,44.560001373291016,44.63999938964844,14875,0.0,0.0
2023-06-30 09:30:00-04:00,44.939998626708984,44.939998626708984,44.33000183105469,44.75,18613,0.0,0.0
2023-06-30 10:30:00-04:00,44.65999984741211,44.665000915527344,44.10499954223633,44.2400016784668,7779,0.0,0.0
2023-06-30 11:30:00-04:00,44.189998626708984,44.369998931884766,44.13999938964844,44.20000076293945,6187,0.0,0.0
2023-06-30 12:30:00-04:00,44.189998626708984,44.33000183105469,44.040000915527344,44.06999969482422,11846,0.0,0.0
2023-06-30 13:30:00-04:00,44.08000183105469,44.16450119018555,44.060001373291016,44.1150016784668,8755,0.0,0.0
2023-06-30 14:30:00-04:00,44.099998474121094,44.150001525878906,43.88999938964844,44.0,9657,0.0,0.0
2023-06-30 15:30:00-04:00,44.0,44.04999923706055,43.630001068115234,43.630001068115234,31011,0.0,0.0
2023-07-03 09:30:00-04:00,43.66999816894531,44.939998626708984,43.66999816894531,44.59000015258789,15256,0.0,0.0
2023-07-03 10:30:00-04:00,44.59000015258789,44.689998626708984,44.352500915527344,44.63999938964844,24265,0.0,0.0
2023-07-03 11:30:00-04:00,44.68000030517578,44.92499923706055,44.529998779296875,44.529998779296875,17336,0.0,0.0
2023-07-05 09:30:00-04:00,44.290000915527344,44.45000076293945,43.84000015258789,44.31999969482422,29551,0.0,0.0
2023-07-05 10:30:00-04:00,44.36000061035156,44.689998626708984,44.22999954223633,44.689998626708984,11762,0.0,0.0
2023-07-05 11:30:00-04:00,44.75,44.92499923706055,44.75,44.880001068115234,6434,0.0,0.0
2023-07-05 12:30:00-04:00,44.86000061035156,44.95000076293945,44.83000183105469,44.89500045776367,12205,0.0,0.0
2023-07-05 13:30:00-04:00,44.90999984741211,45.04999923706055,44.880001068115234,44.9900016784668,9989,0.0,0.0
2023-07-05 14:30:00-04:00,45.020198822021484,45.095001220703125,44.779998779296875,44.83000183105469,14799,0.0,0.0
2023-07-05 15:30:00-04:00,44.79499816894531,44.79499816894531,44.290000915527344,44.290000915527344,32307,0.0,0.0
2023-07-06 09:30:00-04:00,43.70000076293945,44.16999816894531,42.994998931884766,43.09000015258789,33403,0.0,0.0
2023-07-06 10:30:00-04:00,43.0,43.220001220703125,42.970001220703125,43.11000061035156,17551,0.0,0.0
2023-07-06 11:30:00-04:00,43.119998931884766,43.470001220703125,43.11000061035156,43.310001373291016,12430,0.0,0.0
2023-07-06 12:30:00-04:00,43.310001373291016,43.650001525878906,43.310001373291016,43.63999938964844,11265,0.0,0.0
2023-07-06 13:30:00-04:00,43.628501892089844,43.75,43.560001373291016,43.689998626708984,11830,0.0,0.0
2023-07-06 14:30:00-04:00,43.75,43.88999938964844,43.68000030517578,43.724998474121094,14950,0.0,0.0
2023-07-06 15:30:00-04:00,43.75,43.845001220703125,43.560001373291016,43.775001525878906,31759,0.0,0.0
2023-07-07 09:30:00-04:00,43.83000183105469,44.720001220703125,43.83000183105469,44.619998931884766,31414,0.0,0.0
2023-07-07 10:30:00-04:00,44.560001373291016,44.970001220703125,44.5,44.962501525878906,13626,0.0,0.0
2023-07-07 11:30:00-04:00,45.02000045776367,45.06999969482422,44.7400016784668,44.834999084472656,6014,0.0,0.0
2023-07-07 12:30:00-04:00,44.779998779296875,45.0,44.779998779296875,44.95000076293945,7219,0.0,0.0
2023-07-07 13:30:00-04:00,44.900001525878906,44.90999984741211,44.720001220703125,44.880001068115234,10565,0.0,0.0
2023-07-07 14:30:00-04:00,44.900001525878906,44.900001525878906,44.724998474121094,44.7599983215332,11347,0.0,0.0
2023-07-07 15:30:00-04:00,44.77000045776367,44.790000915527344,44.5,44.560001373291016,19917,0.0,0.0
2023-07-10 09:30:00-04:00,44.290000915527344,45.56999969482422,43.970001220703125,45.2599983215332,18016,0.0,0.0
2023-07-10 10:30:00-04:00,45.2400016784668,45.58000183105469,45.040000915527344,45.209999084472656,12165,0.0,0.0
2023-07-10 11:30:00-04:00,45.13999938964844,45.2400016784668,45.040000915527344,45.1349983215332,7242,0.0,0.0
2023-07-10 12:30:00-04:00,45.099998474121094,45.150001525878906,44.79499816894531,44.79499816894531,20158,0.0,0.0
2023-07-10 13:30:00-04:00,44.79999923706055,44.91999816894531,44.70500183105469,44.79999923706055,9435,0.0,0.0
2023-07-10 14:30:00-04:00,44.77000045776367,44.77000045776367,44.47999954223633,44.47999954223633,14457,0.0,0.0
2023-07-10 15:30:00-04:00,44.41999816894531,44.720001220703125,44.409000396728516,44.689998626708984,26739,0.0,0.0
2023-07-11 09:30:00-04:00,44.91999816894531,45.5,44.150001525878906,45.47999954223633,13869,0.0,0.0
2023-07-11 10:30:00-04:00,45.412498474121094,45.470001220703125,45.0,45.150001525878906,15450,0.0,0.0
2023-07-11 11:30:00-04:00,45.15999984741211,45.31999969482422,45.029998779296875,45.22999954223633,10073,0.0,0.0
2023-07-11 12:30:00-04:00,45.220001220703125,45.29999923706055,45.10499954223633,45.14500045776367,8112,0.0,0.0
2023-07-11 13:30:00-04:00,45.099998474121094,45.189998626708984,45.0,45.150001525878906,8449,0.0,0.0
2023-07-11 14:30:00-04:00,45.21500015258789,45.275001525878906,45.0619010925293,45.249900817871094,12693,0.0,0.0
2023-07-11 15:30:00-04:00,45.244998931884766,45.349998474121094,45.189998626708984,45.189998626708984,23881,0.0,0.0
2023-07-12 09:30:00-04:00,46.099998474121094,46.65999984741211,45.83000183105469,46.060001373291016,35081,0.0,0.0
2023-07-12 10:30:00-04:00,46.2599983215332,46.75,46.2599983215332,46.540000915527344,12817,0.0,0.0
2023-07-12 11:30:00-04:00,46.51499938964844,46.522499084472656,46.31999969482422,46.31999969482422,6631,0.0,0.0
2023-07-12 12:30:00-04:00,46.3849983215332,46.540000915527344,46.334999084472656,46.334999084472656,6138,0.0,0.0
2023-07-12 13:30:00-04:00,46.3650016784668,46.56999969482422,46.25,46.56999969482422,14323,0.0,0.0
2023-07-12 14:30:00-04:00,46.595001220703125,46.790000915527344,46.46500015258789,46.474998474121094,13059,0.0,0.0
2023-07-12 15:30:00-04:00,46.474998474121094,46.66999816894531,46.470001220703125,46.56999969482422,33513,0.0,0.0
2023-07-13 09:30:00-04:00,46.91999816894531,47.53499984741211,46.45000076293945,47.220001220703125,11941,0.0,0.0
2023-07-13 10:30:00-04:00,47.58000183105469,47.69499969482422,47.130001068115234,47.130001068115234,6202,0.0,0.0
2023-07-13 11:30:00-04:00,47.040000915527344,47.099998474121094,46.974998474121094,47.06999969482422,3413,0.0,0.0
2023-07-13 12:30:00-04:00,46.959999084472656,46.970001220703125,46.790000915527344,46.790000915527344,4249,0.0,0.0
2023-07-13 13:30:00-04:00,46.849998474121094,47.2400016784668,46.78499984741211,47.150001525878906,15134,0.0,0.0
2023-07-13 14:30:00-04:00,47.11000061035156,47.220001220703125,47.060001373291016,47.10499954223633,13603,0.0,0.0
2023-07-13 15:30:00-04:00,47.15999984741211,47.310001373291016,47.119998931884766,47.27000045776367,17282,0.0,0.0
2023-07-14 09:30:00-04:00,47.72999954223633,47.72999954223633,46.43000030517578,46.67499923706055,18531,0.0,0.0
2023-07-14 10:30:00-04:00,46.52000045776367,46.56999969482422,46.16999816894531,46.55500030517578,15041,0.0,0.0
2023-07-14 11:30:00-04:00,46.5,46.869998931884766,46.45000076293945,46.72999954223633,12945,0.0,0.0
2023-07-14 12:30:00-04:00,46.720001220703125,46.90999984741211,46.720001220703125,46.83000183105469,8612,0.0,0.0
2023-07-14 13:30:00-04:00,46.900001525878906,46.900001525878906,46.77000045776367,46.77000045776367,5140,0.0,0.0
2023-07-14 14:30:00-04:00,46.83000183105469,46.85499954223633,46.630001068115234,46.70000076293945,12877,0.0,0.0
2023-07-14 15:30:00-04:00,46.619998931884766,46.68000030517578,46.45000076293945,46.56999969482422,18607,0.0,0.0
2023-07-17 09:30:00-04:00,46.290000915527344,47.060001373291016,46.15999984741211,46.7599983215332,16065,0.0,0.0
2023-07-17 10:30:00-04:00,46.76499938964844,47.290000915527344,46.75,47.099998474121094,10248,0.0,0.0
2023-07-17 11:30:00-04:00,47.1150016784668,47.45000076293945,47.1150016784668,47.29499816894531,8519,0.0,0.0
2023-07-17 12:30:00-04:00,47.31999969482422,47.400001525878906,47.20180130004883,47.36000061035156,8210,0.0,0.0
2023-07-17 13:30:00-04:00,47.369998931884766,47.61000061035156,47.25,47.540000915527344,25226,0.0,0.0
2023-07-17 14:30:00-04:00,47.5099983215332,47.52000045776367,47.20000076293945,47.224998474121094,12473,0.0,0.0
2023-07-17 15:30:00-04:00,47.150001525878906,47.25,47.04999923706055,47.08000183105469,42574,0.0,0.0
2023-07-18 09:30:00-04:00,47.25,48.654998779296875,47.25,48.13999938964844,16661,0.0,0.0
2023-07-18 10:30:00-04:00,48.06999969482422,48.33000183105469,47.83000183105469,48.33000183105469,12748,0.0,0.0
2023-07-18 11:30:00-04:00,48.310001373291016,48.349998474121094,48.0,48.34000015258789,11413,0.0,0.0
2023-07-18 12:30:00-04:00,48.310001373291016,48.317501068115234,48.04999923706055,48.1150016784668,17023,0.0,0.0
2023-07-18 13:30:00-04:00,48.09000015258789,48.23500061035156,48.04999923706055,48.22999954223633,10916,0.0,0.0
2023-07-18 14:30:00-04:00,48.220001220703125,48.52000045776367,48.130001068115234,48.5099983215332,16893,0.0,0.0
2023-07-18 15:30:00-04:00,48.47999954223633,48.60499954223633,48.439998626708984,48.47999954223633,27231,0.0,0.0
2023-07-19 09:30:00-04:00,48.810001373291016,49.560001373291016,48.459999084472656,49.54999923706055,12271,0.0,0.0
2023-07-19 10:30:00-04:00,49.54999923706055,49.56999969482422,48.9900016784668,49.08000183105469,6701,0.0,0.0
2023-07-19 11:30:00-04:00,49.18000030517578,49.5,49.09400177001953,49.439998626708984,8166,0.0,0.0
2023-07-19 12:30:00-04:00,49.380001068115234,49.689998626708984,49.119998931884766,49.65999984741211,8172,0.0,0.0
2023-07-19 13:30:00-04:00,49.67499923706055,49.75,49.47999954223633,49.569000244140625,12803,0.0,0.0
2023-07-19 14:30:00-04:00,49.61000061035156,49.7400016784668,49.402000427246094,49.58250045776367,33736,0.0,0.0
2023-07-19 15:30:00-04:00,49.540000915527344,49.59000015258789,49.33000183105469,49.400001525878906,70140,0.0,0.0
2023-07-20 09:30:00-04:00,46.7599983215332,47.369998931884766,45.130001068115234,45.63999938964844,60441,0.0,0.0
2023-07-20 10:30:00-04:00,45.84000015258789,46.040000915527344,45.599998474121094,45.67499923706055,31335,0.0,0.0
2023-07-20 11:30:00-04:00,45.63999938964844,46.32500076293945,45.599998474121094,45.69499969482422,38291,0.0,0.0
2023-07-20 12:30:00-04:00,45.650001525878906,45.70000076293945,45.2400016784668,45.2400016784668,24738,0.0,0.0
2023-07-20 13:30:00-04:00,45.25,46.029998779296875,45.22999954223633,46.029998779296875,59550,0.0,0.0
2023-07-20 14:30:00-04:00,46.04499816894531,46.09000015258789,45.665000915527344,45.720001220703125,129786,0.0,0.0
2023-07-20 15:30:00-04:00,45.7400016784668,45.779998779296875,45.529998779296875,45.75,151967,0.0,0.0
2023-07-21 09:30:00-04:00,45.619998931884766,46.06999969482422,43.31999969482422,44.18000030517578,58021,0.0,0.0
2023-07-21 10:30:00-04:00,44.15999984741211,44.400001525878906,43.869998931884766,44.099998474121094,25760,0.0,0.0
2023-07-21 11:30:00-04:00,44.15999984741211,44.63999938964844,44.099998474121094,44.60499954223633,74671,0.0,0.0
2023-07-21 12:30:00-04:00,44.560001373291016,44.6150016784668,44.06999969482422,44.48500061035156,26633,0.0,0.0
2023-07-21 13:30:00-04:00,44.48500061035156,44.51350021362305,44.31999969482422,44.4900016784668,24120,0.0,0.0
2023-07-21 14:30:00-04:00,44.505001068115234,44.5099983215332,44.21500015258789,44.36000061035156,42042,0.0,0.0
2023-07-21 15:30:00-04:00,44.400001525878906,44.54249954223633,44.34000015258789,44.470001220703125,102729,0.0,0.0
2023-07-24 09:30:00-04:00,44.5,45.29999923706055,44.369998931884766,44.599998474121094,101159,0.0,0.0
2023-07-24 10:30:00-04:00,44.45000076293945,44.9900016784668,44.38999938964844,44.88999938964844,29171,0.0,0.0
2023-07-24 11:30:00-04:00,44.939998626708984,45.04499816894531,44.630001068115234,45.040000915527344,30758,0.0,0.0
2023-07-24 12:30:00-04:00,45.04999923706055,45.212501525878906,44.970001220703125,45.16999816894531,45910,0.0,0.0
2023-07-24 13:30:00-04:00,45.220001220703125,45.29999923706055,44.900001525878906,44.959999084472656,29832,0.0,0.0
2023-07-24 14:30:00-04:00,44.939998626708984,45.040000915527344,44.779998779296875,44.95000076293945,20736,0.0,0.0
2023-07-24 15:30:00-04:00,44.95000076293945,45.119998931884766,44.95000076293945,45.05500030517578,34408,0.0,0.0
2023-07-25 09:30:00-04:00,45.290000915527344,45.54999923706055,44.27000045776367,45.290000915527344,40866,0.0,0.0
2023-07-25 10:30:00-04:00,45.25,45.4900016784668,44.974998474121094,45.13999938964844,24073,0.0,0.0
2023-07-25 11:30:00-04:00,45.20500183105469,45.25,44.810001373291016,44.939998626708984,18951,0.0,0.0
2023-07-25 12:30:00-04:00,44.900001525878906,45.2400016784668,44.900001525878906,45.11000061035156,20982,0.0,0.0
2023-07-25 13:30:00-04:00,45.165000915527344,45.36000061035156,45.165000915527344,45.209999084472656,15598,0.0,0.0
2023-07-25 14:30:00-04:00,45.27000045776367,45.31999969482422,44.369998931884766,44.650001525878906,35893,0.0,0.0
2023-07-25 15:30:00-04:00,44.650001525878906,44.650001525878906,44.36000061035156,44.471500396728516,44113,0.0,0.0
2023-07-26 09:30:00-04:00,45.130001068115234,46.099998474121094,45.130001068115234,45.86000061035156,22107,0.0,0.0
2023-07-26 10:30:00-04:00,45.814998626708984,46.459999084472656,45.63010025024414,46.2400016784668,19746,0.0,0.0
2023-07-26 11:30:00-04:00,46.268001556396484,46.7599983215332,46.268001556396484,46.7599983215332,10602,0.0,0.0
2023-07-26 12:30:00-04:00,46.85089874267578,46.91999816894531,46.7400016784668,46.7400016784668,30059,0.0,0.0
2023-07-26 13:30:00-04:00,46.709999084472656,46.81999969482422,46.63999938964844,46.81999969482422,14492,0.0,0.0
2023-07-26 14:30:00-04:00,46.790000915527344,47.48500061035156,46.689998626708984,47.36000061035156,39777,0.0,0.0
2023-07-26 15:30:00-04:00,47.349998474121094,47.56999969482422,47.15999984741211,47.529998779296875,46040,0.0,0.0
2023-07-27 09:30:00-04:00,47.95000076293945,48.209999084472656,47.5,48.18000030517578,20455,0.0,0.0
2023-07-27 10:30:00-04:00,48.20000076293945,48.529998779296875,47.720001220703125,47.720001220703125,19405,0.0,0.0
2023-07-27 11:30:00-04:00,47.79999923706055,47.79999923706055,47.02000045776367,47.244998931884766,6015,0.0,0.0
2023-07-27 12:30:00-04:00,47.26499938964844,47.41999816894531,46.95000076293945,47.099998474121094,8289,0.0,0.0
2023-07-27 13:30:00-04:00,46.86000061035156,47.0,46.619998931884766,46.9192008972168,13641,0.0,0.0
2023-07-27 14:30:00-04:00,46.81999969482422,46.97999954223633,46.619998931884766,46.619998931884766,11854,0.0,0.0
2023-07-27 15:30:00-04:00,46.61000061035156,47.03900146484375,46.59000015258789,46.900001525878906,34232,0.0,0.0
2023-07-28 09:30:00-04:00,47.38999938964844,47.689998626708984,46.790000915527344,47.470001220703125,18838,0.0,0.0
2023-07-28 10:30:00-04:00,47.29499816894531,47.73500061035156,47.29499816894531,47.68000030517578,6604,0.0,0.0
2023-07-28 11:30:00-04:00,47.630001068115234,47.81999969482422,47.47999954223633,47.81999969482422,6025,0.0,0.0
2023-07-28 12:30:00-04:00,47.75,47.814998626708984,47.529998779296875,47.529998779296875,5444,0.0,0.0
2023-07-28 13:30:00-04:00,47.470001220703125,47.54999923706055,47.25,47.5099983215332,11710,0.0,0.0
2023-07-28 14:30:00-04:00,47.470001220703125,47.650001525878906,47.470001220703125,47.540000915527344,9656,0.0,0.0
2023-07-28 15:30:00-04:00,47.54999923706055,47.689998626708984,47.54499816894531,47.560001373291016,14593,0.0,0.0
2023-07-31 09:30:00-04:00,47.04999923706055,47.72999954223633,47.0432014465332,47.47999954223633,12580,0.0,0.0
2023-07-31 10:30:00-04:00,47.38359832763672,47.619998931884766,47.220001220703125,47.52000045776367,16821,0.0,0.0
2023-07-31 11:30:00-04:00,47.52000045776367,47.54999923706055,47.334999084472656,47.4900016784668,16410,0.0,0.0
2023-07-31 12:30:00-04:00,47.47999954223633,47.650001525878906,47.29499816894531,47.38999938964844,21358,0.0,0.0
2023-07-31 13:30:00-04:00,47.34000015258789,47.52000045776367,47.29999923706055,47.415000915527344,20045,0.0,0.0
2023-07-31 14:30:00-04:00,47.439998626708984,47.5,47.3849983215332,47.41999816894531,19684,0.0,0.0
2023-07-31 15:30:00-04:00,47.41899871826172,47.650001525878906,47.290000915527344,47.630001068115234,53226,0.0,0.0
2023-08-01 09:30:00-04:00,47.25,47.25,46.290000915527344,46.314998626708984,21641,0.0,0.0
2023-08-01 10:30:00-04:00,46.314998626708984,46.720001220703125,46.279998779296875,46.61000061035156,15350,0.0,0.0
2023-08-01 11:30:00-04:00,46.689998626708984,46.95000076293945,46.689998626708984,46.939998626708984,9708,0.0,0.0
2023-08-01 12:30:00-04:00,46.9900016784668,47.130001068115234,46.869998931884766,47.02009963989258,15186,0.0,0.0
2023-08-01 13:30:00-04:00,47.11000061035156,47.310001373291016,47.05500030517578,47.25,14508,0.0,0.0
2023-08-01 14:30:00-04:00,47.279998779296875,47.470001220703125,47.19499969482422,47.290000915527344,16523,0.0,0.0
2023-08-01 15:30:00-04:00,47.31999969482422,47.61000061035156,47.29999923706055,47.560001373291016,25172,0.0,0.0
2023-08-02 09:30:00-04:00,46.650001525878906,47.28499984741211,46.4900016784668,47.22999954223633,15070,0.0,0.0
2023-08-02 10:30:00-04:00,47.3849983215332,47.470001220703125,46.70000076293945,47.14500045776367,16687,0.0,0.0
2023-08-02 11:30:00-04:00,47.15999984741211,47.470001220703125,47.06999969482422,47.45000076293945,12824,0.0,0.0
2023-08-02 12:30:00-04:00,47.54999923706055,47.59000015258789,47.130001068115234,47.16999816894531,13358,0.0,0.0
2023-08-02 13:30:00-04:00,47.154998779296875,47.334999084472656,47.11000061035156,47.334999084472656,18495,0.0,0.0
2023-08-02 14:30:00-04:00,47.2599983215332,47.41999816894531,47.20000076293945,47.20000076293945,18345,0.0,0.0
2023-08-02 15:30:00-04:00,47.09000015258789,47.3650016784668,47.060001373291016,47.279998779296875,29523,0.0,0.0
2023-08-03 09:30:00-04:00,47.2599983215332,47.2599983215332,46.68000030517578,46.939998626708984,5834,0.0,0.0
2023-08-03 10:30:00-04:00,46.900001525878906,47.779998779296875,46.900001525878906,47.779998779296875,12074,0.0,0.0
2023-08-03 11:30:00-04:00,47.83000183105469,48.130001068115234,47.81999969482422,48.11000061035156,10683,0.0,0.0
2023-08-03 12:30:00-04:00,48.154998779296875,48.400001525878906,48.154998779296875,48.369998931884766,13557,0.0,0.0
2023-08-03 13:30:00-04:00,48.35499954223633,48.38999938964844,48.15999984741211,48.27000045776367,16589,0.0,0.0
2023-08-03 14:30:00-04:00,48.2400016784668,48.310001373291016,48.0,48.03499984741211,19939,0.0,0.0
2023-08-03 15:30:00-04:00,48.03499984741211,48.11000061035156,47.880001068115234,47.88999938964844,38374,0.0,0.0
2023-08-04 09:30:00-04:00,47.81999969482422,48.50899887084961,47.50419998168945,48.119998931884766,15076,0.0,0.0
2023-08-04 10:30:00-04:00,48.20000076293945,48.2599983215332,48.040000915527344,48.099998474121094,9455,0.0,0.0
2023-08-04 11:30:00-04:00,48.099998474121094,48.20000076293945,47.94499969482422,48.119998931884766,11092,0.0,0.0
2023-08-04 12:30:00-04:00,48.099998474121094,48.279998779296875,48.04999923706055,48.060001373291016,11702,0.0,0.0
2023-08-04 13:30:00-04:00,48.09000015258789,48.15999984741211,47.8650016784668,47.959999084472656,16610,0.0,0.0
2023-08-04 14:30:00-04:00,47.91999816894531,48.029998779296875,47.79999923706055,48.029998779296875,24542,0.0,0.0
2023-08-04 15:30:00-04:00,48.04999923706055,48.189998626708984,47.97999954223633,48.060001373291016,34304,0.0,0.0
2023-08-07 09:30:00-04:00,48.04999923706055,48.400001525878906,47.73749923706055,48.30500030517578,8257,0.0,0.0
2023-08-07 10:30:00-04:00,48.25,48.65999984741211,48.220001220703125,48.6150016784668,12377,0.0,0.0
2023-08-07 11:30:00-04:00,48.60530090332031,48.70500183105469,48.529998779296875,48.68000030517578,6424,0.0,0.0
2023-08-07 12:30:00-04:00,48.709999084472656,48.849998474121094,48.709999084472656,48.7400016784668,5793,0.0,0.0
2023-08-07 13:30:00-04:00,48.779998779296875,48.880001068115234,48.7599983215332,48.7599983215332,7727,0.0,0.0
2023-08-07 14:30:00-04:00,48.75,48.94499969482422,48.7400016784668,48.8849983215332,19189,0.0,0.0
2023-08-07 15:30:00-04:00,48.90999984741211,48.90999984741211,48.560001373291016,48.59000015258789,53404,0.0,0.0
2023-08-08 09:30:00-04:00,47.59000015258789,47.63999938964844,46.65999984741211,46.866600036621094,17115,0.0,0.0
2023-08-08 10:30:00-04:00,46.88999938964844,47.21969985961914,46.619998931884766,47.21969985961914,11535,0.0,0.0
2023-08-08 11:30:00-04:00,47.26499938964844,47.290000915527344,47.08000183105469,47.16999816894531,6768,0.0,0.0
2023-08-08 12:30:00-04:00,47.148101806640625,47.4900016784668,47.148101806640625,47.4900016784668,8233,0.0,0.0
2023-08-08 13:30:00-04:00,47.43000030517578,47.599998474121094,47.43000030517578,47.564998626708984,8542,0.0,0.0
2023-08-08 14:30:00-04:00,47.56999969482422,47.77000045776367,47.5099983215332,47.75,9962,0.0,0.0
2023-08-08 15:30:00-04:00,47.7599983215332,47.83000183105469,47.61000061035156,47.630001068115234,21803,0.0,0.0
2023-08-09 09:30:00-04:00,47.470001220703125,47.470001220703125,46.75,47.18000030517578,10063,0.0,0.0
2023-08-09 10:30:00-04:00,47.275001525878906,47.33000183105469,46.93000030517578,47.029998779296875,10616,0.0,0.0
2023-08-09 11:30:00-04:00,47.099998474121094,47.150001525878906,46.93000030517578,46.97999954223633,13630,0.0,0.0
2023-08-09 12:30:00-04:00,46.95000076293945,47.31999969482422,46.810001373291016,47.31999969482422,11036,0.0,0.0
2023-08-09 13:30:00-04:00,47.279998779296875,47.459999084472656,47.13999938964844,47.345001220703125,31892,0.0,0.0
2023-08-09 14:30:00-04:00,47.439998626708984,47.439998626708984,47.25,47.369998931884766,12007,0.0,0.0
2023-08-09 15:30:00-04:00,47.33000183105469,47.36000061035156,47.09000015258789,47.15999984741211,20809,0.0,0.0
2023-08-10 09:30:00-04:00,47.369998931884766,48.060001373291016,47.189998626708984,47.540000915527344,16766,0.0,0.0
2023-08-10 10:30:00-04:00,47.220001220703125,47.43000030517578,46.974998474121094,47.342899322509766,9576,0.0,0.0
2023-08-10 11:30:00-04:00,47.209999084472656,47.29999923706055,46.83000183105469,46.900001525878906,7037,0.0,0.0
2023-08-10 12:30:00-04:00,46.900001525878906,47.040000915527344,46.74100112915039,46.74100112915039,8669,0.0,0.0
2023-08-10 13:30:00-04:00,46.7599983215332,46.880001068115234,46.70000076293945,46.79999923706055,7688,0.0,0.0
2023-08-10 14:30:00-04:00,46.75,47.18000030517578,46.63999938964844,47.060001373291016,17141,0.0,0.0
2023-08-10 15:30:00-04:00,47.08000183105469,47.08000183105469,46.93000030517578,46.959999084472656,25616,0.0,0.0
2023-08-11 09:30:00-04:00,46.7599983215332,47.70500183105469,46.7599983215332,47.05419921875,19105,0.0,0.0
2023-08-11 10:30:00-04:00,47.130001068115234,47.150001525878906,46.720001220703125,46.86000061035156,11344,0.0,0.0
2023-08-11 11:30:00-04:00,46.849998474121094,46.97999954223633,46.83000183105469,46.84000015258789,6598,0.0,0.0
2023-08-11 12:30:00-04:00,46.849998474121094,46.95500183105469,46.750999450683594,46.95500183105469,7985,0.0,0.0
2023-08-11 13:30:00-04:00,46.92499923706055,46.93000030517578,46.7400016784668,46.85499954223633,5787,0.0,0.0
2023-08-11 14:30:00-04:00,46.83000183105469,46.939998626708984,46.70000076293945,46.81999969482422,14950,0.0,0.0
2023-08-11 15:30:00-04:00,46.857398986816406,46.900001525878906,46.79999923706055,46.88999938964844,16336,0.0,0.0
2023-08-14 09:30:00-04:00,46.58000183105469,47.20000076293945,45.77000045776367,45.869998931884766,22580,0.0,0.0
2023-08-14 10:30:00-04:00,45.86000061035156,46.119998931884766,45.66999816894531,45.95000076293945,11120,0.0,0.0
2023-08-14 11:30:00-04:00,45.91999816894531,46.349998474121094,45.915000915527344,46.11000061035156,9883,0.0,0.0
2023-08-14 12:30:00-04:00,46.13999938964844,46.41999816894531,46.13999938964844,46.310001373291016,15835,0.0,0.0
2023-08-14 13:30:00-04:00,46.369998931884766,46.45000076293945,46.310001373291016,46.400001525878906,11814,0.0,0.0
2023-08-14 14:30:00-04:00,46.349998474121094,46.40999984741211,46.279998779296875,46.33000183105469,16883,0.0,0.0
2023-08-14 15:30:00-04:00,46.34000015258789,46.5099983215332,46.290000915527344,46.5099983215332,29676,0.0,0.0
2023-08-15 09:30:00-04:00,45.689998626708984,45.92499923706055,45.25,45.34000015258789,14757,0.0,0.0
2023-08-15 10:30:00-04:00,45.36000061035156,45.68000030517578,45.36000061035156,45.529998779296875,11028,0.0,0.0
2023-08-15 11:30:00-04:00,45.45000076293945,45.459999084472656,45.119998931884766,45.23500061035156,18427,0.0,0.0
2023-08-15 12:30:00-04:00,45.18000030517578,45.279998779296875,45.0,45.060001373291016,11327,0.0,0.0
2023-08-15 13:30:00-04:00,44.9900016784668,45.16999816894531,44.7400016784668,45.099998474121094,14678,0.0,0.0
2023-08-15 14:30:00-04:00,45.099998474121094,45.3849983215332,44.959999084472656,44.959999084472656,18818,0.0,0.0
2023-08-15 15:30:00-04:00,44.91999816894531,45.20000076293945,44.91999816894531,45.084999084472656,30489,0.0,0.0
2023-08-16 09:30:00-04:00,44.91999816894531,45.470001220703125,44.290000915527344,44.36000061035156,9896,0.0,0.0
2023-08-16 10:30:00-04:00,44.36000061035156,44.70500183105469,44.29999923706055,44.619998931884766,11739,0.0,0.0
2023-08-16 11:30:00-04:00,44.599998474121094,44.66999816894531,44.45000076293945,44.66999816894531,7713,0.0,0.0
2023-08-16 12:30:00-04:00,44.68000030517578,44.685001373291016,44.52000045776367,44.54999923706055,6927,0.0,0.0
2023-08-16 13:30:00-04:00,44.54999923706055,44.7599983215332,44.5,44.54999923706055,11630,0.0,0.0
2023-08-16 14:30:00-04:00,44.58000183105469,44.619998931884766,44.38999938964844,44.470001220703125,12883,0.0,0.0
2023-08-16 15:30:00-04:00,44.47999954223633,44.72999954223633,44.47999954223633,44.57500076293945,21907,0.0,0.0
2023-08-17 09:30:00-04:00,44.869998931884766,44.97999954223633,44.334999084472656,44.70000076293945,5563,0.0,0.0
2023-08-17 10:30:00-04:00,44.70000076293945,44.84000015258789,44.40999984741211,44.63999938964844,18416,0.0,0.0
2023-08-17 11:30:00-04:00,44.4900016784668,44.77000045776367,44.400001525878906,44.73500061035156,16927,0.0,0.0
2023-08-17 12:30:00-04:00,44.7400016784668,44.7400016784668,44.54499816894531,44.560001373291016,18196,0.0,0.0
2023-08-17 13:30:00-04:00,44.567501068115234,44.58000183105469,44.380001068115234,44.459999084472656,13398,0.0,0.0
2023-08-17 14:30:00-04:00,44.41999816894531,44.599998474121094,44.279998779296875,44.59000015258789,18032,0.0,0.0
2023-08-17 15:30:00-04:00,44.619998931884766,44.75,44.540000915527344,44.58000183105469,35885,0.0,0.0
2023-08-18 09:30:00-04:00,44.16999816894531,44.61000061035156,44.09000015258789,44.1349983215332,20243,0.0,0.0
2023-08-18 10:30:00-04:00,44.1349983215332,44.625,44.1349983215332,44.625,23616,0.0,0.0
2023-08-18 11:30:00-04:00,44.52000045776367,44.6349983215332,44.30500030517578,44.33000183105469,13291,0.0,0.0
2023-08-18 12:30:00-04:00,44.279998779296875,44.349998474121094,44.1150016784668,44.16999816894531,11876,0.0,0.0
2023-08-18 13:30:00-04:00,44.25,44.494998931884766,44.20000076293945,44.38999938964844,10969,0.0,0.0
2023-08-18 14:30:00-04:00,44.38999938964844,44.43000030517578,44.224998474121094,44.3650016784668,16031,0.0,0.0
2023-08-18 15:30:00-04:00,44.36000061035156,44.650001525878906,44.31999969482422,44.380001068115234,31782,0.0,0.0
2023-08-21 09:30:00-04:00,44.470001220703125,44.5,43.939998626708984,43.97999954223633,11087,0.0,0.0
2023-08-21 10:30:00-04:00,43.83000183105469,43.970001220703125,43.529998779296875,43.529998779296875,14714,0.0,0.0
2023-08-21 11:30:00-04:00,43.5,43.83000183105469,43.41999816894531,43.7400016784668,15167,0.0,0.0
2023-08-21 12:30:00-04:00,43.782501220703125,43.79999923706055,43.630001068115234,43.70000076293945,15669,0.0,0.0
2023-08-21 13:30:00-04:00,43.70500183105469,43.75,43.54999923706055,43.650001525878906,16261,0.0,0.0
2023-08-21 14:30:00-04:00,43.599998474121094,43.689998626708984,43.560001373291016,43.625,22680,0.0,0.0
2023-08-21 15:30:00-04:00,43.650001525878906,43.84000015258789,43.650001525878906,43.83000183105469,23667,0.0,0.0
2023-08-22 09:30:00-04:00,43.70000076293945,43.96500015258789,43.130001068115234,43.220001220703125,7436,0.0,0.0
2023-08-22 10:30:00-04:00,43.125,43.209999084472656,42.650001525878906,42.900001525878906,14728,0.0,0.0
2023-08-22 11:30:00-04:00,42.869998931884766,43.040000915527344,42.599998474121094,42.65999984741211,9439,0.0,0.0
2023-08-22 12:30:00-04:00,42.65999984741211,42.7599983215332,42.529998779296875,42.529998779296875,7104,0.0,0.0
2023-08-22 13:30:00-04:00,42.630001068115234,42.93000030517578,42.540000915527344,42.904998779296875,22303,0.0,0.0
2023-08-22 14:30:00-04:00,42.939998626708984,43.029998779296875,42.819801330566406,42.88999938964844,31431,0.0,0.0
2023-08-22 15:30:00-04:00,42.880001068115234,42.880001068115234,42.5099983215332,42.529998779296875,63550,0.0,0.0
2023-08-23 09:30:00-04:00,42.599998474121094,43.02000045776367,42.400001525878906,42.63999938964844,11702,0.0,0.0
2023-08-23 10:30:00-04:00,42.68000030517578,43.150001525878906,42.540000915527344,43.13999938964844,10374,0.0,0.0
2023-08-23 11:30:00-04:00,43.19499969482422,43.33000183105469,43.19499969482422,43.2599983215332,18107,0.0,0.0
2023-08-23 12:30:00-04:00,43.2599983215332,43.31999969482422,43.189998626708984,43.2599983215332,9049,0.0,0.0
2023-08-23 13:30:00-04:00,43.2599983215332,43.380001068115234,43.119998931884766,43.380001068115234,14955,0.0,0.0
2023-08-23 14:30:00-04:00,43.33000183105469,43.650001525878906,43.33000183105469,43.5099983215332,17033,0.0,0.0
2023-08-23 15:30:00-04:00,43.4900016784668,43.58000183105469,43.349998474121094,43.41999816894531,21575,0.0,0.0
2023-08-24 09:30:00-04:00,43.220001220703125,43.9900016784668,43.220001220703125,43.891998291015625,9419,0.0,0.0
2023-08-24 10:30:00-04:00,43.744998931884766,43.900001525878906,43.10499954223633,43.18000030517578,25607,0.0,0.0
2023-08-24 11:30:00-04:00,43.130001068115234,43.2400016784668,42.95000076293945,43.18000030517578,9689,0.0,0.0
2023-08-24 12:30:00-04:00,43.060001373291016,43.10499954223633,42.83000183105469,42.88999938964844,9438,0.0,0.0
2023-08-24 13:30:00-04:00,42.8849983215332,43.0,42.849998474121094,42.900001525878906,8452,0.0,0.0
2023-08-24 14:30:00-04:00,42.88999938964844,43.540000915527344,42.8849983215332,43.459999084472656,22649,0.0,0.0
2023-08-24 15:30:00-04:00,43.39500045776367,43.619998931884766,43.39500045776367,43.459999084472656,29052,0.0,0.0
2023-08-25 09:30:00-04:00,43.599998474121094,44.0,43.15999984741211,43.185001373291016,13536,0.0,0.0
2023-08-25 10:30:00-04:00,43.150001525878906,43.279998779296875,42.60499954223633,42.810001373291016,13329,0.0,0.0
2023-08-25 11:30:00-04:00,42.900001525878906,43.22999954223633,42.880001068115234,43.18000030517578,5065,0.0,0.0
2023-08-25 12:30:00-04:00,43.279998779296875,43.29499816894531,42.95000076293945,43.02000045776367,6722,0.0,0.0
2023-08-25 13:30:00-04:00,43.02000045776367,43.13999938964844,42.93000030517578,43.08000183105469,13647,0.0,0.0
2023-08-25 14:30:00-04:00,43.255001068115234,43.40999984741211,43.20000076293945,43.34000015258789,6929,0.0,0.0
2023-08-25 15:30:00-04:00,43.3760986328125,43.3760986328125,43.04499816894531,43.20000076293945,11193,0.0,0.0
2023-08-28 09:30:00-04:00,43.36000061035156,43.79999923706055,43.34000015258789,43.779998779296875,4211,0.0,0.0
2023-08-28 10:30:00-04:00,43.75,43.790000915527344,43.68000030517578,43.68000030517578,4866,0.0,0.0
2023-08-28 11:30:00-04:00,43.70000076293945,43.790000915527344,43.650001525878906,43.76499938964844,3061,0.0,0.0
2023-08-28 12:30:00-04:00,43.78499984741211,43.869998931884766,43.78499984741211,43.810001373291016,3729,0.0,0.0
2023-08-28 13:30:00-04:00,43.810001373291016,43.81999969482422,43.68000030517578,43.68000030517578,9270,0.0,0.0
2023-08-28 14:30:00-04:00,43.70000076293945,43.72999954223633,43.63999938964844,43.68000030517578,8646,0.0,0.0
2023-08-28 15:30:00-04:00,43.68000030517578,43.845001220703125,43.65999984741211,43.720001220703125,18543,0.0,0.0
2023-08-29 09:30:00-04:00,43.689998626708984,44.0099983215332,43.279998779296875,43.779998779296875,9909,0.0,0.0
2023-08-29 10:30:00-04:00,43.84000015258789,43.849998474121094,43.54999923706055,43.650001525878906,13950,0.0,0.0
2023-08-29 11:30:00-04:00,43.61000061035156,43.834999084472656,43.61000061035156,43.7599983215332,6287,0.0,0.0
2023-08-29 12:30:00-04:00,43.72999954223633,43.98500061035156,43.689998626708984,43.98500061035156,6962,0.0,0.0
2023-08-29 13:30:00-04:00,43.91999816894531,43.91999816894531,43.6349983215332,43.6349983215332,9926,0.0,0.0
2023-08-29 14:30:00-04:00,43.630001068115234,43.65999984741211,43.415000915527344,43.57500076293945,7617,0.0,0.0
2023-08-29 15:30:00-04:00,43.57500076293945,43.68000030517578,43.540000915527344,43.630001068115234,10653,0.0,0.0
2023-08-30 09:30:00-04:00,43.61000061035156,43.880001068115234,43.220001220703125,43.220001220703125,16671,0.0,0.0
2023-08-30 10:30:00-04:00,43.33000183105469,43.560001373291016,43.29999923706055,43.560001373291016,9614,0.0,0.0
2023-08-30 11:30:00-04:00,43.59000015258789,43.63999938964844,43.46500015258789,43.59000015258789,6106,0.0,0.0
2023-08-30 12:30:00-04:00,43.58000183105469,43.58000183105469,43.29999923706055,43.369998931884766,5356,0.0,0.0
2023-08-30 13:30:00-04:00,43.47999954223633,43.494998931884766,43.380001068115234,43.400001525878906,9050,0.0,0.0
2023-08-30 14:30:00-04:00,43.400001525878906,43.45000076293945,43.369998931884766,43.369998931884766,6914,0.0,0.0
2023-08-30 15:30:00-04:00,43.400001525878906,43.4900016784668,43.33000183105469,43.470001220703125,15750,0.0,0.0
2023-08-31 09:30:00-04:00,43.439998626708984,43.95000076293945,43.349998474121094,43.79999923706055,20218,0.0,0.0
2023-08-31 10:30:00-04:00,43.66999816894531,43.869998931884766,43.66999816894531,43.869998931884766,3776,0.0,0.0
2023-08-31 11:30:00-04:00,43.83000183105469,43.83000183105469,43.619998931884766,43.650001525878906,4444,0.0,0.0
2023-08-31 12:30:00-04:00,43.650001525878906,43.650001525878906,43.369998931884766,43.58000183105469,8084,0.0,0.0
2023-08-31 13:30:00-04:00,43.650001525878906,43.689998626708984,43.58000183105469,43.61000061035156,6976,0.0,0.0
2023-08-31 14:30:00-04:00,43.56999969482422,43.58000183105469,43.31800079345703,43.43000030517578,27110,0.0,0.0
2023-08-31 15:30:00-04:00,43.41999816894531,43.66999816894531,43.3650016784668,43.459999084472656,30062,0.0,0.0
2023-09-01 09:30:00-04:00,44.04999923706055,44.599998474121094,43.55500030517578,44.560001373291016,17796,0.0,0.0
2023-09-01 10:30:00-04:00,44.63999938964844,44.689998626708984,44.474998474121094,44.57500076293945,8313,0.0,0.0
2023-09-01 11:30:00-04:00,44.529998779296875,44.81999969482422,44.34000015258789,44.689998626708984,11095,0.0,0.0
2023-09-01 12:30:00-04:00,44.82500076293945,45.029998779296875,44.790000915527344,44.790000915527344,7646,0.0,0.0
2023-09-01 13:30:00-04:00,44.71009826660156,44.86000061035156,44.599998474121094,44.650001525878906,7177,0.0,0.0
2023-09-01 14:30:00-04:00,44.58000183105469,44.619998931884766,44.40999984741211,44.459999084472656,7123,0.0,0.0
2023-09-01 15:30:00-04:00,44.459999084472656,44.779998779296875,44.375,44.630001068115234,56711,0.0,0.0
2023-09-05 09:30:00-04:00,44.22999954223633,44.560001373291016,43.65999984741211,44.29999923706055,27454,0.0,0.0
2023-09-05 10:30:00-04:00,44.39500045776367,44.529998779296875,44.25,44.29999923706055,12301,0.0,0.0
2023-09-05 11:30:00-04:00,44.2599983215332,44.2599983215332,43.90999984741211,44.06999969482422,10221,0.0,0.0
2023-09-05 12:30:00-04:00,44.08000183105469,44.08000183105469,43.84000015258789,43.869998931884766,5900,0.0,0.0
2023-09-05 13:30:00-04:00,43.880001068115234,43.880001068115234,43.70000076293945,43.75,7448,0.0,0.0
2023-09-05 14:30:00-04:00,43.75,44.05500030517578,43.7400016784668,43.970001220703125,11977,0.0,0.0
2023-09-05 15:30:00-04:00,44.0,44.0,43.720001220703125,43.779998779296875,25808,0.0,0.0
2023-09-06 09:30:00-04:00,43.79999923706055,44.08000183105469,43.16999816894531,43.22999954223633,6689,0.0,0.0
2023-09-06 10:30:00-04:00,43.20000076293945,43.349998474121094,43.130001068115234,43.130001068115234,11114,0.0,0.0
2023-09-06 11:30:00-04:00,43.06999969482422,43.11000061035156,42.68000030517578,42.68000030517578,7783,0.0,0.0
2023-09-06 12:30:00-04:00,42.79999923706055,43.130001068115234,42.7599983215332,42.97999954223633,16970,0.0,0.0
2023-09-06 13:30:00-04:00,43.040000915527344,43.290000915527344,42.95000076293945,43.290000915527344,17235,0.0,0.0
2023-09-06 14:30:00-04:00,43.31999969482422,43.41999816894531,43.290000915527344,43.34000015258789,14346,0.0,0.0
2023-09-06 15:30:00-04:00,43.33000183105469,43.5,43.31999969482422,43.4900016784668,29963,0.0,0.0
2023-09-07 09:30:00-04:00,43.29999923706055,43.4900016784668,42.63010025024414,42.880001068115234,18567,0.0,0.0
2023-09-07 10:30:00-04:00,42.970001220703125,43.22999954223633,42.90999984741211,43.19499969482422,16217,0.0,0.0
2023-09-07 11:30:00-04:00,43.17499923706055,43.17499923706055,43.0099983215332,43.02000045776367,14699,0.0,0.0
2023-09-07 12:30:00-04:00,43.04999923706055,43.2400016784668,43.0,43.189998626708984,9926,0.0,0.0
2023-09-07 13:30:00-04:00,43.349998474121094,43.400001525878906,43.27000045776367,43.27000045776367,9679,0.0,0.0
2023-09-07 14:30:00-04:00,43.189998626708984,43.220001220703125,43.05739974975586,43.18000030517578,16607,0.0,0.0
2023-09-07 15:30:00-04:00,43.18000030517578,43.31999969482422,43.16999816894531,43.2400016784668,31809,0.0,0.0
2023-09-08 09:30:00-04:00,43.33000183105469,43.33000183105469,42.72999954223633,43.099998474121094,19244,0.0,0.0
2023-09-08 10:30:00-04:00,43.0099983215332,43.25,42.869998931884766,43.25,35684,0.0,0.0
2023-09-08 11:30:00-04:00,43.25,43.4900016784668,43.20000076293945,43.41999816894531,37378,0.0,0.0
2023-09-08 12:30:00-04:00,43.400001525878906,43.69499969482422,43.400001525878906,43.66999816894531,15889,0.0,0.0
2023-09-08 13:30:00-04:00,43.650001525878906,43.65999984741211,43.5099983215332,43.5099983215332,9504,0.0,0.0
2023-09-08 14:30:00-04:00,43.52000045776367,43.630001068115234,43.43050003051758,43.630001068115234,18359,0.0,0.0
2023-09-08 15:30:00-04:00,43.619998931884766,43.68000030517578,43.529998779296875,43.63999938964844,27514,0.0,0.0
2023-09-11 09:30:00-04:00,43.93000030517578,44.334999084472656,43.53499984741211,43.849998474121094,15108,0.0,0.0
2023-09-11 10:30:00-04:00,43.709999084472656,43.829898834228516,43.540000915527344,43.540000915527344,12140,0.0,0.0
2023-09-11 11:30:00-04:00,43.41999816894531,43.48500061035156,43.25,43.48500061035156,21773,0.0,0.0
2023-09-11 12:30:00-04:00,43.529998779296875,43.82500076293945,43.380001068115234,43.75,47249,0.0,0.0
2023-09-11 13:30:00-04:00,43.70000076293945,43.790000915527344,43.375,43.400001525878906,9423,0.0,0.0
2023-09-11 14:30:00-04:00,43.45000076293945,43.494998931884766,43.38999938964844,43.400001525878906,14158,0.0,0.0
2023-09-11 15:30:00-04:00,43.4375,43.47999954223633,43.38999938964844,43.459999084472656,16801,0.0,0.0
2023-09-12 09:30:00-04:00,43.5099983215332,43.900001525878906,43.40999984741211,43.439998626708984,11728,0.0,0.0
2023-09-12 10:30:00-04:00,43.439998626708984,43.5,43.32500076293945,43.46500015258789,21608,0.0,0.0
2023-09-12 11:30:00-04:00,43.415000915527344,43.79999923706055,43.415000915527344,43.75,11109,0.0,0.0
2023-09-12 12:30:00-04:00,43.70000076293945,43.900001525878906,43.689998626708984,43.869998931884766,6117,0.0,0.0
2023-09-12 13:30:00-04:00,43.900001525878906,43.970001220703125,43.79999923706055,43.91999816894531,9885,0.0,0.0
2023-09-12 14:30:00-04:00,43.86000061035156,43.97999954223633,43.69499969482422,43.70000076293945,20236,0.0,0.0
2023-09-12 15:30:00-04:00,43.630001068115234,43.7400016784668,43.59000015258789,43.650001525878906,19904,0.0,0.0
2023-09-13 09:30:00-04:00,43.56999969482422,43.56999969482422,42.59000015258789,43.34000015258789,20341,0.0,0.0
2023-09-13 10:30:00-04:00,43.255001068115234,43.45000076293945,43.255001068115234,43.279998779296875,8202,0.0,0.0
2023-09-13 11:30:00-04:00,43.165000915527344,43.279998779296875,43.165000915527344,43.20000076293945,5488,0.0,0.0
2023-09-13 12:30:00-04:00,43.20000076293945,43.349998474121094,43.20000076293945,43.244998931884766,8171,0.0,0.0
2023-09-13 13:30:00-04:00,43.29999923706055,43.29999923706055,43.189998626708984,43.25,10210,0.0,0.0
2023-09-13 14:30:00-04:00,43.22999954223633,43.22999954223633,43.040000915527344,43.18000030517578,22677,0.0,0.0
2023-09-13 15:30:00-04:00,43.189998626708984,43.290000915527344,43.189998626708984,43.290000915527344,31283,0.0,0.0
2023-09-14 09:30:00-04:00,43.68000030517578,43.95500183105469,43.40999984741211,43.40999984741211,25126,0.0,0.0
2023-09-14 10:30:00-04:00,43.532798767089844,43.779998779296875,43.470001220703125,43.59000015258789,18269,0.0,0.0
2023-09-14 11:30:00-04:00,43.564998626708984,43.72999954223633,43.564998626708984,43.61000061035156,5325,0.0,0.0
2023-09-14 12:30:00-04:00,43.540000915527344,43.63999938964844,43.45000076293945,43.619998931884766,6255,0.0,0.0
2023-09-14 13:30:00-04:00,43.61000061035156,43.630001068115234,43.5099983215332,43.59000015258789,7136,0.0,0.0
2023-09-14 14:30:00-04:00,43.61000061035156,43.66999816894531,43.529998779296875,43.54999923706055,10584,0.0,0.0
2023-09-14 15:30:00-04:00,43.540000915527344,43.77000045776367,43.52000045776367,43.72999954223633,21962,0.0,0.0
2023-09-15 09:30:00-04:00,43.4900016784668,43.79999923706055,43.20000076293945,43.66999816894531,53724,0.0,0.0
2023-09-15 10:30:00-04:00,43.459999084472656,43.61000061035156,43.290000915527344,43.38999938964844,9747,0.0,0.0
2023-09-15 11:30:00-04:00,43.400001525878906,43.415000915527344,43.15999984741211,43.15999984741211,12384,0.0,0.0
2023-09-15 12:30:00-04:00,43.14500045776367,43.279998779296875,43.084999084472656,43.209999084472656,18505,0.0,0.0
2023-09-15 13:30:00-04:00,43.209999084472656,43.279998779296875,43.19499969482422,43.279998779296875,7434,0.0,0.0
2023-09-15 14:30:00-04:00,43.310001373291016,43.470001220703125,43.310001373291016,43.459999084472656,15092,0.0,0.0
2023-09-15 15:30:00-04:00,43.45500183105469,43.5,43.2400016784668,43.369998931884766,37238,0.0,0.0
2023-09-18 09:30:00-04:00,43.290000915527344,43.5,42.540000915527344,43.119998931884766,22560,0.0,0.0
2023-09-18 10:30:00-04:00,43.189998626708984,43.2599983215332,43.08000183105469,43.20000076293945,5722,0.0,0.0
2023-09-18 11:30:00-04:00,43.20000076293945,43.2400016784668,43.099998474121094,43.099998474121094,5792,0.0,0.0
2023-09-18 12:30:00-04:00,43.13999938964844,43.19499969482422,43.029998779296875,43.150001525878906,10846,0.0,0.0
2023-09-18 13:30:00-04:00,43.150001525878906,43.23500061035156,43.13999938964844,43.16999816894531,7807,0.0,0.0
2023-09-18 14:30:00-04:00,43.20000076293945,43.31999969482422,43.11000061035156,43.290000915527344,11518,0.0,0.0
2023-09-18 15:30:00-04:00,43.290000915527344,43.380001068115234,43.22999954223633,43.2599983215332,23480,0.0,0.0
2023-09-19 09:30:00-04:00,43.380001068115234,43.58000183105469,43.13999938964844,43.150001525878906,14812,0.0,0.0
2023-09-19 10:30:00-04:00,43.099998474121094,43.11000061035156,42.709999084472656,42.720001220703125,10278,0.0,0.0
2023-09-19 11:30:00-04:00,42.83000183105469,43.029998779296875,42.83000183105469,43.0,15079,0.0,0.0
2023-09-19 12:30:00-04:00,42.9900016784668,43.11000061035156,42.9900016784668,43.0099983215332,7586,0.0,0.0
2023-09-19 13:30:00-04:00,43.029998779296875,43.150001525878906,43.029998779296875,43.029998779296875,6045,0.0,0.0
2023-09-19 14:30:00-04:00,43.040000915527344,43.17499923706055,42.94499969482422,42.95000076293945,32327,0.0,0.0
2023-09-19 15:30:00-04:00,42.869998931884766,42.91999816894531,42.65999984741211,42.75,42767,0.0,0.0
2023-09-20 09:30:00-04:00,42.88999938964844,43.33000183105469,42.650001525878906,42.8849983215332,0,0.0,0.0
2023-09-20 10:30:00-04:00,42.810001373291016,43.02000045776367,42.810001373291016,42.9900016784668,5007,0.0,0.0
2023-09-20 11:30:00-04:00,42.970001220703125,42.970001220703125,42.880001068115234,42.88999938964844,7890,0.0,0.0
2023-09-20 12:30:00-04:00,42.900001525878906,42.90999984741211,42.869998931884766,42.869998931884766,5782,0.0,0.0
2023-09-20 13:30:00-04:00,42.869998931884766,42.959999084472656,42.755001068115234,42.89500045776367,14108,0.0,0.0
2023-09-20 14:30:00-04:00,42.91999816894531,43.029998779296875,42.54999923706055,42.75,14231,0.0,0.0
2023-09-20 15:30:00-04:00,42.72999954223633,42.72999954223633,42.380001068115234,42.40999984741211,13101,0.0,0.0
2023-09-21 09:30:00-04:00,42.04999923706055,42.56999969482422,41.7400016784668,42.29100036621094,8504,0.0,0.0
2023-09-21 10:30:00-04:00,42.290000915527344,42.40999984741211,42.14500045776367,42.31999969482422,8346,0.0,0.0
2023-09-21 11:30:00-04:00,42.41999816894531,42.59239959716797,42.119998931884766,42.130001068115234,8029,0.0,0.0
2023-09-21 12:30:00-04:00,42.10499954223633,42.209999084472656,41.9900016784668,42.07500076293945,8491,0.0,0.0
2023-09-21 13:30:00-04:00,42.040000915527344,42.09000015258789,41.939998626708984,42.09000015258789,8993,0.0,0.0
2023-09-21 14:30:00-04:00,42.04499816894531,42.290000915527344,41.98500061035156,42.27000045776367,14871,0.0,0.0
2023-09-21 15:30:00-04:00,42.290000915527344,42.310001373291016,42.09000015258789,42.119998931884766,31552,0.0,0.0
2023-09-22 09:30:00-04:00,42.15999984741211,42.7599983215332,41.90999984741211,42.119998931884766,14704,0.0,0.0
2023-09-22 10:30:00-04:00,42.040000915527344,42.040000915527344,41.709999084472656,41.95000076293945,12378,0.0,0.0
2023-09-22 11:30:00-04:00,41.96500015258789,41.96500015258789,41.79999923706055,41.915000915527344,9440,0.0,0.0
2023-09-22 12:30:00-04:00,41.92499923706055,42.16999816894531,41.915000915527344,42.06999969482422,15932,0.0,0.0
2023-09-22 13:30:00-04:00,42.05500030517578,42.16999816894531,41.97999954223633,42.150001525878906,12039,0.0,0.0
2023-09-22 14:30:00-04:00,42.130001068115234,42.380001068115234,42.119998931884766,42.334999084472656,15248,0.0,0.0
2023-09-22 15:30:00-04:00,42.36000061035156,42.375,42.209999084472656,42.29999923706055,26562,0.0,0.0
2023-09-25 09:30:00-04:00,42.209999084472656,42.650001525878906,41.97999954223633,42.349998474121094,17332,0.0,0.0
2023-09-25 10:30:00-04:00,42.33000183105469,42.439998626708984,42.290000915527344,42.439998626708984,5495,0.0,0.0
2023-09-25 11:30:00-04:00,42.455299377441406,42.53499984741211,42.29999923706055,42.53499984741211,2957,0.0,0.0
2023-09-25 12:30:00-04:00,42.5,42.52000045776367,42.38999938964844,42.5099983215332,6910,0.0,0.0
2023-09-25 13:30:00-04:00,42.55500030517578,42.61000061035156,42.4900016784668,42.51499938964844,10365,0.0,0.0
2023-09-25 14:30:00-04:00,42.51499938964844,42.56999969482422,42.334999084472656,42.44499969482422,10694,0.0,0.0
2023-09-25 15:30:00-04:00,42.41999816894531,42.4900016784668,42.279998779296875,42.470001220703125,21556,0.0,0.0
2023-09-26 09:30:00-04:00,41.9900016784668,42.56999969482422,41.65999984741211,42.459999084472656,15232,0.0,0.0
2023-09-26 10:30:00-04:00,42.439998626708984,42.47999954223633,42.02000045776367,42.02000045776367,8313,0.0,0.0
2023-09-26 11:30:00-04:00,41.970001220703125,42.130001068115234,41.900001525878906,42.119998931884766,8347,0.0,0.0
2023-09-26 12:30:00-04:00,42.040000915527344,42.04499816894531,41.70000076293945,41.709999084472656,4721,0.0,0.0
2023-09-26 13:30:00-04:00,41.72999954223633,41.74300003051758,41.619998931884766,41.7400016784668,3813,0.0,0.0
2023-09-26 14:30:00-04:00,41.720001220703125,41.900001525878906,41.708499908447266,41.900001525878906,7226,0.0,0.0
2023-09-26 15:30:00-04:00,41.939998626708984,42.0,41.459999084472656,41.689998626708984,54007,0.0,0.0
2023-09-27 09:30:00-04:00,41.72999954223633,41.83000183105469,41.4900016784668,41.66999816894531,11762,0.0,0.0
2023-09-27 10:30:00-04:00,41.619998931884766,41.84000015258789,41.599998474121094,41.720001220703125,6030,0.0,0.0
2023-09-27 11:30:00-04:00,41.7400016784668,41.77000045776367,41.380001068115234,41.380001068115234,6051,0.0,0.0
2023-09-27 12:30:00-04:00,41.31999969482422,41.47999954223633,41.15999984741211,41.18000030517578,3970,0.0,0.0
2023-09-27 13:30:00-04:00,41.13999938964844,41.369998931884766,41.13999938964844,41.369998931884766,4447,0.0,0.0
2023-09-27 14:30:00-04:00,41.540000915527344,41.54499816894531,41.38999938964844,41.42499923706055,7432,0.0,0.0
2023-09-27 15:30:00-04:00,41.3849983215332,41.38999938964844,41.25,41.369998931884766,16148,0.0,0.0
2023-09-28 09:30:00-04:00,41.22999954223633,41.81999969482422,41.22999954223633,41.380001068115234,9277,0.0,0.0
2023-09-28 10:30:00-04:00,41.36000061035156,41.810001373291016,41.310001373291016,41.810001373291016,6893,0.0,0.0
2023-09-28 11:30:00-04:00,41.880001068115234,42.0625,41.79999923706055,41.79999923706055,5132,0.0,0.0
2023-09-28 12:30:00-04:00,41.810001373291016,41.81999969482422,41.63999938964844,41.685001373291016,5895,0.0,0.0
2023-09-28 13:30:00-04:00,41.689998626708984,41.93000030517578,41.650001525878906,41.85499954223633,8140,0.0,0.0
2023-09-28 14:30:00-04:00,41.83000183105469,41.880001068115234,41.709999084472656,41.79499816894531,8204,0.0,0.0
2023-09-28 15:30:00-04:00,41.7599983215332,41.7599983215332,41.52000045776367,41.52000045776367,26401,0.0,0.0
2023-09-29 09:30:00-04:00,41.779998779296875,42.560001373291016,41.720001220703125,42.08000183105469,9674,0.0,0.0
2023-09-29 10:30:00-04:00,42.20000076293945,42.51499938964844,42.095001220703125,42.310001373291016,8778,0.0,0.0
2023-09-29 11:30:00-04:00,42.369998931884766,42.63999938964844,42.20000076293945,42.6150016784668,10682,0.0,0.0
2023-09-29 12:30:00-04:00,42.6150016784668,42.64500045776367,42.290000915527344,42.5,15154,0.0,0.0
2023-09-29 13:30:00-04:00,42.54999923706055,42.54999923706055,41.9900016784668,42.0,12427,0.0,0.0
2023-09-29 14:30:00-04:00,42.0099983215332,42.209999084472656,41.97999954223633,42.09000015258789,12668,0.0,0.0
2023-09-29 15:30:00-04:00,42.029998779296875,42.40999984741211,42.02000045776367,42.400001525878906,67090,0.0,0.0
2023-10-02 09:30:00-04:00,42.349998474121094,42.72999954223633,41.92499923706055,41.97200012207031,12917,0.0,0.0
2023-10-02 10:30:00-04:00,41.974998474121094,42.0099983215332,41.6150016784668,41.88999938964844,41821,0.0,0.0
2023-10-02 11:30:00-04:00,41.93000030517578,42.0099983215332,41.369998931884766,41.619998931884766,16198,0.0,0.0
2023-10-02 12:30:00-04:00,41.61000061035156,41.630001068115234,41.400001525878906,41.560001373291016,19972,0.0,0.0
2023-10-02 13:30:00-04:00,41.560001373291016,41.83000183105469,41.470001220703125,41.56999969482422,49636,0.0,0.0
2023-10-02 14:30:00-04:00,41.58000183105469,41.59000015258789,41.2400016784668,41.279998779296875,35378,0.0,0.0
2023-10-02 15:30:00-04:00,41.279998779296875,41.63999938964844,41.20000076293945,41.630001068115234,49288,0.0,0.0
2023-10-03 09:30:00-04:00,41.380001068115234,42.78499984741211,40.779998779296875,41.13999938964844,28254,0.0,0.0
2023-10-03 10:30:00-04:00,41.029998779296875,41.25,40.70000076293945,40.849998474121094,53028,0.0,0.0
2023-10-03 11:30:00-04:00,40.970001220703125,41.3125,40.689998626708984,41.130001068115234,29686,0.0,0.0
2023-10-03 12:30:00-04:00,41.15999984741211,41.22999954223633,41.02000045776367,41.09000015258789,19199,0.0,0.0
2023-10-03 13:30:00-04:00,41.04999923706055,41.15999984741211,41.02000045776367,41.130001068115234,26363,0.0,0.0
2023-10-03 14:30:00-04:00,41.099998474121094,41.130001068115234,40.7599983215332,41.029998779296875,89471,0.0,0.0
2023-10-03 15:30:00-04:00,41.040000915527344,41.2599983215332,40.939998626708984,41.244998931884766,92541,0.0,0.0
2023-10-04 09:30:00-04:00,41.22999954223633,41.380001068115234,40.775001525878906,41.11000061035156,31465,0.0,0.0
2023-10-04 10:30:00-04:00,41.22999954223633,41.505001068115234,41.08000183105469,41.50490188598633,40658,0.0,0.0
2023-10-04 11:30:00-04:00,41.41999816894531,41.97999954223633,41.400001525878906,41.86000061035156,9078,0.0,0.0
2023-10-04 12:30:00-04:00,41.939998626708984,42.04499816894531,41.709999084472656,41.720001220703125,10269,0.0,0.0
2023-10-04 13:30:00-04:00,41.70500183105469,41.70500183105469,41.564998626708984,41.65999984741211,9925,0.0,0.0
2023-10-04 14:30:00-04:00,41.65999984741211,42.099998474121094,41.62699890136719,42.040000915527344,17805,0.0,0.0
2023-10-04 15:30:00-04:00,42.04999923706055,42.220001220703125,41.93000030517578,41.95000076293945,32204,0.0,0.0
2023-10-05 09:30:00-04:00,41.790000915527344,42.45000076293945,41.790000915527344,42.290000915527344,4728,0.0,0.0
2023-10-05 10:30:00-04:00,42.20500183105469,42.33000183105469,42.11000061035156,42.185001373291016,11305,0.0,0.0
2023-10-05 11:30:00-04:00,42.185001373291016,42.279998779296875,42.150001525878906,42.27000045776367,14837,0.0,0.0
2023-10-05 12:30:00-04:00,42.345001220703125,42.47999954223633,42.310001373291016,42.462501525878906,8556,0.0,0.0
2023-10-05 13:30:00-04:00,42.43000030517578,42.869998931884766,42.43000030517578,42.84000015258789,9597,0.0,0.0
2023-10-05 14:30:00-04:00,42.88999938964844,43.08000183105469,42.75,42.810001373291016,20556,0.0,0.0
2023-10-05 15:30:00-04:00,42.880001068115234,43.130001068115234,42.84000015258789,43.0,29476,0.0,0.0
2023-10-06 09:30:00-04:00,42.560001373291016,42.900001525878906,42.13840103149414,42.540000915527344,16162,0.0,0.0
2023-10-06 10:30:00-04:00,42.5,43.06999969482422,42.459999084472656,43.06999969482422,11590,0.0,0.0
2023-10-06 11:30:00-04:00,42.970001220703125,43.790000915527344,42.959999084472656,43.439998626708984,13571,0.0,0.0
2023-10-06 12:30:00-04:00,43.470001220703125,43.65999984741211,43.38999938964844,43.56999969482422,13427,0.0,0.0
2023-10-06 13:30:00-04:00,43.56999969482422,43.79999923706055,43.56999969482422,43.70000076293945,22357,0.0,0.0
2023-10-06 14:30:00-04:00,43.65999984741211,43.93000030517578,43.65999984741211,43.880001068115234,28879,0.0,0.0
2023-10-06 15:30:00-04:00,43.89500045776367,43.89500045776367,43.599998474121094,43.650001525878906,42717,0.0,0.0
2023-10-09 09:30:00-04:00,43.209999084472656,43.755001068115234,42.939998626708984,43.692501068115234,17092,0.0,0.0
2023-10-09 10:30:00-04:00,43.810001373291016,44.290000915527344,43.810001373291016,44.290000915527344,15630,0.0,0.0
2023-10-09 11:30:00-04:00,44.279998779296875,44.380001068115234,44.189998626708984,44.2599983215332,13801,0.0,0.0
2023-10-09 12:30:00-04:00,44.255001068115234,44.27000045776367,44.099998474121094,44.20000076293945,36743,0.0,0.0
2023-10-09 13:30:00-04:00,44.2400016784668,44.54999923706055,44.20000076293945,44.36000061035156,40184,0.0,0.0
2023-10-09 14:30:00-04:00,44.3849983215332,44.42499923706055,44.209999084472656,44.38999938964844,57440,0.0,0.0
2023-10-09 15:30:00-04:00,44.38999938964844,44.38999938964844,44.18000030517578,44.33000183105469,36108,0.0,0.0
2023-10-10 09:30:00-04:00,44.5,44.90999984741211,44.5,44.7599983215332,59636,0.0,0.0
2023-10-10 10:30:00-04:00,44.7400016784668,44.810001373291016,44.2599983215332,44.275001525878906,5719,0.0,0.0
2023-10-10 11:30:00-04:00,44.23249816894531,44.58000183105469,44.23249816894531,44.52000045776367,11472,0.0,0.0
2023-10-10 12:30:00-04:00,44.54999923706055,44.810001373291016,44.54999923706055,44.779998779296875,15407,0.0,0.0
2023-10-10 13:30:00-04:00,44.70000076293945,44.814998626708984,44.58000183105469,44.709999084472656,9107,0.0,0.0
2023-10-10 14:30:00-04:00,44.75,44.81999969482422,44.25,44.25,47051,0.0,0.0
2023-10-10 15:30:00-04:00,44.220001220703125,44.349998474121094,44.14500045776367,44.310001373291016,41427,0.0,0.0
2023-10-11 09:30:00-04:00,44.33000183105469,45.099998474121094,44.33000183105469,44.744998931884766,7069,0.0,0.0
2023-10-11 10:30:00-04:00,44.84000015258789,44.900001525878906,44.40999984741211,44.584999084472656,8110,0.0,0.0
2023-10-11 11:30:00-04:00,44.625,44.65999984741211,44.45000076293945,44.45000076293945,8847,0.0,0.0
2023-10-11 12:30:00-04:00,44.439998626708984,44.5099983215332,44.369998931884766,44.470001220703125,5754,0.0,0.0
2023-10-11 13:30:00-04:00,44.459999084472656,44.625,44.41999816894531,44.58000183105469,6745,0.0,0.0
2023-10-11 14:30:00-04:00,44.619998931884766,44.66999816894531,44.45500183105469,44.470001220703125,16732,0.0,0.0
2023-10-11 15:30:00-04:00,44.40999984741211,44.54999923706055,44.400001525878906,44.54999923706055,18699,0.0,0.0
2023-10-12 09:30:00-04:00,44.45000076293945,44.45000076293945,43.779998779296875,44.290000915527344,21217,0.0,0.0
2023-10-12 10:30:00-04:00,44.22249984741211,44.47999954223633,44.16999816894531,44.40999984741211,8311,0.0,0.0
2023-10-12 11:30:00-04:00,44.349998474121094,44.38999938964844,44.09000015258789,44.279998779296875,10778,0.0,0.0
2023-10-12 12:30:00-04:00,44.130001068115234,44.16999816894531,43.81999969482422,43.9900016784668,7206,0.0,0.0
2023-10-12 13:30:00-04:00,43.939998626708984,43.970001220703125,43.70000076293945,43.790000915527344,10185,0.0,0.0
2023-10-12 14:30:00-04:00,43.869998931884766,44.23500061035156,43.83000183105469,44.23500061035156,13563,0.0,0.0
2023-10-12 15:30:00-04:00,44.2400016784668,44.310001373291016,44.15999984741211,44.2400016784668,34292,0.0,0.0
2023-10-13 09:30:00-04:00,44.650001525878906,44.900001525878906,43.92290115356445,43.92290115356445,30742,0.0,0.0
2023-10-13 10:30:00-04:00,43.84000015258789,44.119998931884766,43.810001373291016,43.86000061035156,12743,0.0,0.0
2023-10-13 11:30:00-04:00,43.880001068115234,43.939998626708984,43.680301666259766,43.79999923706055,7175,0.0,0.0
2023-10-13 12:30:00-04:00,43.8650016784668,43.869998931884766,43.369998931884766,43.41999816894531,9559,0.0,0.0
2023-10-13 13:30:00-04:00,43.42499923706055,43.540000915527344,43.31999969482422,43.4900016784668,8395,0.0,0.0
2023-10-13 14:30:00-04:00,43.540000915527344,43.595001220703125,43.31999969482422,43.33000183105469,14327,0.0,0.0
2023-10-13 15:30:00-04:00,43.36000061035156,43.41999816894531,43.11000061035156,43.11000061035156,30883,0.0,0.0
2023-10-16 09:30:00-04:00,43.31999969482422,43.900001525878906,43.15999984741211,43.44499969482422,24248,0.0,0.0
2023-10-16 10:30:00-04:00,43.48500061035156,43.709999084472656,43.400001525878906,43.56999969482422,23386,0.0,0.0
2023-10-16 11:30:00-04:00,43.470001220703125,43.5099983215332,43.27000045776367,43.27000045776367,15194,0.0,0.0
2023-10-16 12:30:00-04:00,43.24250030517578,43.380001068115234,42.859500885009766,42.91999816894531,14897,0.0,0.0
2023-10-16 13:30:00-04:00,42.915000915527344,43.040000915527344,42.779998779296875,42.79999923706055,14757,0.0,0.0
2023-10-16 14:30:00-04:00,42.80500030517578,42.94499969482422,42.79999923706055,42.90999984741211,19932,0.0,0.0
2023-10-16 15:30:00-04:00,42.970001220703125,43.15999984741211,42.880001068115234,43.08000183105469,40208,0.0,0.0
2023-10-17 09:30:00-04:00,42.790000915527344,43.52000045776367,42.790000915527344,43.470001220703125,28875,0.0,0.0
2023-10-17 10:30:00-04:00,43.46500015258789,43.935001373291016,43.46500015258789,43.85499954223633,17722,0.0,0.0
2023-10-17 11:30:00-04:00,43.89500045776367,44.33000183105469,43.814998626708984,44.33000183105469,66386,0.0,0.0
2023-10-17 12:30:00-04:00,44.33000183105469,44.404998779296875,43.7400016784668,43.75,18862,0.0,0.0
2023-10-17 13:30:00-04:00,43.731998443603516,43.79999923706055,43.63999938964844,43.720001220703125,34074,0.0,0.0
2023-10-17 14:30:00-04:00,43.72999954223633,43.970001220703125,43.56999969482422,43.779998779296875,34931,0.0,0.0
2023-10-17 15:30:00-04:00,43.81999969482422,43.81999969482422,43.51499938964844,43.619998931884766,54055,0.0,0.0
2023-10-18 09:30:00-04:00,43.2599983215332,44.334999084472656,42.77000045776367,43.38999938964844,12686,0.0,0.0
2023-10-18 10:30:00-04:00,43.20000076293945,43.40999984741211,43.09000015258789,43.20000076293945,11054,0.0,0.0
2023-10-18 11:30:00-04:00,43.08000183105469,43.18000030517578,42.880001068115234,43.13999938964844,11324,0.0,0.0
2023-10-18 12:30:00-04:00,43.20000076293945,43.54999923706055,43.13999938964844,43.25,11168,0.0,0.0
2023-10-18 13:30:00-04:00,43.2599983215332,43.45000076293945,42.921199798583984,42.92879867553711,31701,0.0,0.0
2023-10-18 14:30:00-04:00,42.91999816894531,42.99399948120117,42.59000015258789,42.61000061035156,42783,0.0,0.0
2023-10-18 15:30:00-04:00,42.63999938964844,42.72999954223633,42.45000076293945,42.4900016784668,87897,0.0,0.0
2023-10-19 09:30:00-04:00,43.880001068115234,44.939998626708984,43.14899826049805,44.560001373291016,35529,0.0,0.0
2023-10-19 10:30:00-04:00,44.560001373291016,44.58000183105469,44.0,44.04999923706055,23032,0.0,0.0
2023-10-19 11:30:00-04:00,44.040000915527344,44.064998626708984,43.67499923706055,44.0,33630,0.0,0.0
2023-10-19 12:30:00-04:00,43.900001525878906,44.0099983215332,43.279998779296875,43.65999984741211,32784,0.0,0.0
2023-10-19 13:30:00-04:00,43.65999984741211,43.939998626708984,43.369998931884766,43.61000061035156,31407,0.0,0.0
2023-10-19 14:30:00-04:00,43.625,43.650001525878906,42.79999923706055,43.380001068115234,54042,0.0,0.0
2023-10-19 15:30:00-04:00,43.3849983215332,43.43000030517578,42.97999954223633,43.290000915527344,117314,0.0,0.0
2023-10-20 09:30:00-04:00,43.380001068115234,43.599998474121094,42.189998626708984,42.25,31633,0.0,0.0
2023-10-20 10:30:00-04:00,42.2047004699707,42.61000061035156,41.9900016784668,42.08000183105469,34360,0.0,0.0
2023-10-20 11:30:00-04:00,42.099998474121094,42.31999969482422,41.43000030517578,41.52000045776367,40887,0.0,0.0
2023-10-20 12:30:00-04:00,41.459999084472656,41.84000015258789,41.459999084472656,41.755001068115234,35990,0.0,0.0
2023-10-20 13:30:00-04:00,41.75,41.75,41.130001068115234,41.13999938964844,26483,0.0,0.0
2023-10-20 14:30:00-04:00,41.150001525878906,41.29999923706055,40.70000076293945,40.7400016784668,43740,0.0,0.0
2023-10-20 15:30:00-04:00,40.79999923706055,40.935001373291016,40.59000015258789,40.810001373291016,73643,0.0,0.0
2023-10-23 09:30:00-04:00,40.66999816894531,41.7400016784668,40.52000045776367,41.58000183105469,22702,0.0,0.0
2023-10-23 10:30:00-04:00,41.4900016784668,41.560001373291016,41.19499969482422,41.47999954223633,10289,0.0,0.0
2023-10-23 11:30:00-04:00,41.52000045776367,41.709999084472656,41.5099983215332,41.619998931884766,13939,0.0,0.0
2023-10-23 12:30:00-04:00,41.650001525878906,41.70000076293945,41.38999938964844,41.38999938964844,13196,0.0,0.0
2023-10-23 13:30:00-04:00,41.45000076293945,41.63999938964844,41.43000030517578,41.47999954223633,15202,0.0,0.0
2023-10-23 14:30:00-04:00,41.470001220703125,41.53499984741211,40.93000030517578,41.060001373291016,25318,0.0,0.0
2023-10-23 15:30:00-04:00,40.9900016784668,41.04999923706055,40.70000076293945,40.790000915527344,70353,0.0,0.0
2023-10-24 09:30:00-04:00,41.02000045776367,42.377498626708984,40.29499816894531,40.43000030517578,22865,0.0,0.0
2023-10-24 10:30:00-04:00,40.279998779296875,40.29499816894531,39.69139862060547,39.81999969482422,21785,0.0,0.0
2023-10-24 11:30:00-04:00,39.98500061035156,40.060001373291016,39.650001525878906,39.650001525878906,16088,0.0,0.0
2023-10-24 12:30:00-04:00,39.67499923706055,39.7400016784668,39.56999969482422,39.724998474121094,45049,0.0,0.0
2023-10-24 13:30:00-04:00,39.724998474121094,39.88999938964844,39.51499938964844,39.57500076293945,35313,0.0,0.0
2023-10-24 14:30:00-04:00,39.54999923706055,39.61000061035156,39.369998931884766,39.57500076293945,38170,0.0,0.0
2023-10-24 15:30:00-04:00,39.59000015258789,39.86000061035156,39.54999923706055,39.75,35326,0.0,0.0
2023-10-25 09:30:00-04:00,39.369998931884766,40.779998779296875,39.310001373291016,39.5099983215332,31286,0.0,0.0
2023-10-25 10:30:00-04:00,39.51499938964844,39.630001068115234,39.310001373291016,39.400001525878906,58294,0.0,0.0
2023-10-25 11:30:00-04:00,39.34000015258789,39.74620056152344,39.34000015258789,39.58000183105469,28453,0.0,0.0
2023-10-25 12:30:00-04:00,39.56999969482422,39.709999084472656,39.5,39.68000030517578,24538,0.0,0.0
2023-10-25 13:30:00-04:00,39.66999816894531,40.15999984741211,39.599998474121094,40.150001525878906,21296,0.0,0.0
2023-10-25 14:30:00-04:00,40.15999984741211,40.650001525878906,40.09989929199219,40.650001525878906,30813,0.0,0.0
2023-10-25 15:30:00-04:00,40.650001525878906,40.83000183105469,40.45000076293945,40.459999084472656,67413,0.0,0.0
2023-10-26 09:30:00-04:00,40.689998626708984,41.95000076293945,40.36000061035156,41.90999984741211,21127,0.0,0.0
2023-10-26 10:30:00-04:00,41.84000015258789,42.130001068115234,41.61000061035156,41.66999816894531,14610,0.0,0.0
2023-10-26 11:30:00-04:00,41.779998779296875,41.90999984741211,41.45000076293945,41.540000915527344,15451,0.0,0.0
2023-10-26 12:30:00-04:00,41.52000045776367,41.810001373291016,41.47999954223633,41.709999084472656,12489,0.0,0.0
2023-10-26 13:30:00-04:00,41.68000030517578,42.125,41.59000015258789,42.125,10179,0.0,0.0
2023-10-26 14:30:00-04:00,42.25,42.334999084472656,42.040000915527344,42.15999984741211,18832,0.0,0.0
2023-10-26 15:30:00-04:00,42.150001525878906,42.23400115966797,42.02000045776367,42.20000076293945,41537,0.0,0.0
2023-10-27 09:30:00-04:00,42.0,42.494998931884766,41.65999984741211,42.119998931884766,20777,0.0,0.0
2023-10-27 10:30:00-04:00,42.150001525878906,42.22999954223633,42.04999923706055,42.04999923706055,9474,0.0,0.0
2023-10-27 11:30:00-04:00,42.04999923706055,42.04999923706055,41.79999923706055,41.94499969482422,21743,0.0,0.0
2023-10-27 12:30:00-04:00,41.93000030517578,41.95000076293945,41.43000030517578,41.57500076293945,19110,0.0,0.0
2023-10-27 13:30:00-04:00,41.56999969482422,41.709999084472656,41.470001220703125,41.63999938964844,8758,0.0,0.0
2023-10-27 14:30:00-04:00,41.599998474121094,41.810001373291016,41.599998474121094,41.779998779296875,10854,0.0,0.0
2023-10-27 15:30:00-04:00,41.7599983215332,41.869998931884766,41.70000076293945,41.869998931884766,35613,0.0,0.0
2023-10-30 09:30:00-04:00,42.41999816894531,42.95500183105469,41.540000915527344,42.349998474121094,22172,0.0,0.0
2023-10-30 10:30:00-04:00,42.40999984741211,42.45000076293945,42.099998474121094,42.36000061035156,6631,0.0,0.0
2023-10-30 11:30:00-04:00,42.41999816894531,42.43000030517578,42.04999923706055,42.15999984741211,7202,0.0,0.0
2023-10-30 12:30:00-04:00,42.20000076293945,42.33000183105469,42.16999816894531,42.290000915527344,5784,0.0,0.0
2023-10-30 13:30:00-04:00,42.279998779296875,42.459999084472656,42.2599983215332,42.3849983215332,7387,0.0,0.0
2023-10-30 14:30:00-04:00,42.3317985534668,42.540000915527344,42.3317985534668,42.400001525878906,13294,0.0,0.0
2023-10-30 15:30:00-04:00,42.369998931884766,42.369998931884766,42.130001068115234,42.16999816894531,18247,0.0,0.0
2023-10-31 09:30:00-04:00,42.15999984741211,42.79999923706055,41.77000045776367,41.97999954223633,8943,0.0,0.0
2023-10-31 10:30:00-04:00,41.86000061035156,42.185001373291016,41.77000045776367,42.185001373291016,7188,0.0,0.0
2023-10-31 11:30:00-04:00,42.15999984741211,42.23500061035156,42.0,42.029998779296875,14384,0.0,0.0
2023-10-31 12:30:00-04:00,42.0099983215332,42.29999923706055,41.970001220703125,42.25,9508,0.0,0.0
2023-10-31 13:30:00-04:00,42.29999923706055,42.40999984741211,42.22999954223633,42.2599983215332,7386,0.0,0.0
2023-10-31 14:30:00-04:00,42.279998779296875,42.41999816894531,42.209999084472656,42.33000183105469,8835,0.0,0.0
2023-10-31 15:30:00-04:00,42.33000183105469,42.33000183105469,42.15999984741211,42.20000076293945,20661,0.0,0.0
2023-11-01 09:30:00-04:00,42.18000030517578,42.18000030517578,41.720001220703125,42.040000915527344,12431,0.0,0.0
2023-11-01 10:30:00-04:00,42.150001525878906,42.2400016784668,41.70000076293945,41.77000045776367,4407,0.0,0.0
2023-11-01 11:30:00-04:00,41.775001525878906,41.97999954223633,41.72100067138672,41.8849983215332,6759,0.0,0.0
2023-11-01 12:30:00-04:00,41.939998626708984,41.95000076293945,41.529998779296875,41.59000015258789,8308,0.0,0.0
2023-11-01 13:30:00-04:00,41.63999938964844,41.82709884643555,41.5099983215332,41.82709884643555,4796,0.0,0.0
2023-11-01 14:30:00-04:00,41.83000183105469,42.099998474121094,41.47999954223633,41.900001525878906,15346,0.0,0.0
2023-11-01 15:30:00-04:00,42.0099983215332,42.20000076293945,41.959999084472656,42.099998474121094,21601,0.0,0.0
2023-11-02 09:30:00-04:00,42.099998474121094,42.90999984741211,42.099998474121094,42.58000183105469,17875,0.0,0.0
2023-11-02 10:30:00-04:00,42.650001525878906,42.939998626708984,42.564998626708984,42.790000915527344,26842,0.0,0.0
2023-11-02 11:30:00-04:00,42.915000915527344,43.0099983215332,42.68000030517578,42.68000030517578,7217,0.0,0.0
2023-11-02 12:30:00-04:00,42.69499969482422,43.040000915527344,42.69499969482422,42.90999984741211,3396,0.0,0.0
2023-11-02 13:30:00-04:00,42.9900016784668,43.15999984741211,42.9900016784668,43.150001525878906,7987,0.0,0.0
2023-11-02 14:30:00-04:00,43.25,43.494998931884766,43.18000030517578,43.45500183105469,9907,0.0,0.0
2023-11-02 15:30:00-04:00,43.43000030517578,43.61000061035156,43.41999816894531,43.540000915527344,23231,0.0,0.0
2023-11-03 09:30:00-04:00,44.709999084472656,45.92499923706055,44.22999954223633,45.095001220703125,28569,0.0,0.0
2023-11-03 10:30:00-04:00,44.959999084472656,45.150001525878906,44.904998779296875,44.904998779296875,9102,0.0,0.0
2023-11-03 11:30:00-04:00,44.90999984741211,45.02000045776367,44.63999938964844,44.80500030517578,7289,0.0,0.0
2023-11-03 12:30:00-04:00,44.91999816894531,45.09000015258789,44.849998474121094,44.869998931884766,9543,0.0,0.0
2023-11-03 13:30:00-04:00,44.97999954223633,45.0,44.810001373291016,44.86000061035156,9413,0.0,0.0
2023-11-03 14:30:00-04:00,44.96500015258789,45.130001068115234,44.875,45.05500030517578,14197,0.0,0.0
2023-11-03 15:30:00-04:00,44.9900016784668,45.0,44.630001068115234,44.68000030517578,31979,0.0,0.0
2023-11-06 09:30:00-05:00,44.720001220703125,44.9900016784668,41.869998931884766,44.650001525878906,14549,0.0,0.0
2023-11-06 10:30:00-05:00,44.650001525878906,44.79999923706055,44.45930099487305,44.79999923706055,15038,0.0,0.0
2023-11-06 11:30:00-05:00,44.7599983215332,44.83000183105469,44.470001220703125,44.470001220703125,7046,0.0,0.0
2023-11-06 12:30:00-05:00,44.459999084472656,44.68000030517578,44.15999984741211,44.189998626708984,11156,0.0,0.0
2023-11-06 13:30:00-05:00,44.2599983215332,44.560001373291016,44.2599983215332,44.45500183105469,8623,0.0,0.0
2023-11-06 14:30:00-05:00,44.45500183105469,44.654998779296875,44.45500183105469,44.6349983215332,10822,0.0,0.0
2023-11-06 15:30:00-05:00,44.630001068115234,44.7400016784668,44.38999938964844,44.470001220703125,25216,0.0,0.0
2023-11-07 09:30:00-05:00,44.2599983215332,44.2599983215332,43.959999084472656,44.029998779296875,10619,0.0,0.0
2023-11-07 10:30:00-05:00,43.97999954223633,44.20000076293945,43.86000061035156,44.02000045776367,12700,0.0,0.0
2023-11-07 11:30:00-05:00,43.90999984741211,44.04499816894531,43.88999938964844,44.04499816894531,2435,0.0,0.0
2023-11-07 12:30:00-05:00,43.869998931884766,43.88999938964844,43.64500045776367,43.880001068115234,4681,0.0,0.0
2023-11-07 13:30:00-05:00,43.8297004699707,43.94499969482422,43.79999923706055,43.810001373291016,5061,0.0,0.0
2023-11-07 14:30:00-05:00,43.849998474121094,44.25,43.810001373291016,44.18000030517578,11226,0.0,0.0
2023-11-07 15:30:00-05:00,44.119998931884766,44.150001525878906,43.720001220703125,43.79999923706055,25408,0.0,0.0
2023-11-08 09:30:00-05:00,44.02000045776367,44.02000045776367,43.290000915527344,43.290000915527344,6633,0.0,0.0
2023-11-08 10:30:00-05:00,43.20000076293945,43.25,42.88999938964844,42.90999984741211,5778,0.0,0.0
2023-11-08 11:30:00-05:00,42.939998626708984,42.939998626708984,42.720001220703125,42.77000045776367,1677,0.0,0.0
2023-11-08 12:30:00-05:00,42.86000061035156,42.86000061035156,42.68000030517578,42.72999954223633,5331,0.0,0.0
2023-11-08 13:30:00-05:00,42.73500061035156,42.810001373291016,42.70000076293945,42.720001220703125,6184,0.0,0.0
2023-11-08 14:30:00-05:00,42.7400016784668,42.775001525878906,42.529998779296875,42.54999923706055,7324,0.0,0.0
2023-11-08 15:30:00-05:00,42.4900016784668,42.77000045776367,42.439998626708984,42.77000045776367,17150,0.0,0.0
2023-11-09 09:30:00-05:00,42.77000045776367,42.79059982299805,42.439998626708984,42.5,10823,0.0,0.0
2023-11-09 10:30:00-05:00,42.4900016784668,42.630001068115234,42.470001220703125,42.60499954223633,3487,0.0,0.0
2023-11-09 11:30:00-05:00,42.61000061035156,42.81999969482422,42.560001373291016,42.75,5791,0.0,0.0
2023-11-09 12:30:00-05:00,42.81999969482422,42.84000015258789,42.66999816894531,42.70000076293945,8556,0.0,0.0
2023-11-09 13:30:00-05:00,42.66999816894531,42.72999954223633,42.25,42.25,17663,0.0,0.0
2023-11-09 14:30:00-05:00,42.25,42.5,42.244998931884766,42.470001220703125,11975,0.0,0.0
2023-11-09 15:30:00-05:00,42.474998474121094,42.630001068115234,42.41999816894531,42.599998474121094,23874,0.0,0.0
2023-11-10 09:30:00-05:00,42.68000030517578,42.869998931884766,42.22999954223633,42.36000061035156,13889,0.0,0.0
2023-11-10 10:30:00-05:00,42.38999938964844,42.43000030517578,42.189998626708984,42.209999084472656,7480,0.0,0.0
2023-11-10 11:30:00-05:00,42.189998626708984,42.224998474121094,42.029998779296875,42.224998474121094,4731,0.0,0.0
2023-11-10 12:30:00-05:00,42.278499603271484,42.61000061035156,42.278499603271484,42.61000061035156,4768,0.0,0.0
2023-11-10 13:30:00-05:00,42.619998931884766,42.63999938964844,42.5099983215332,42.630001068115234,10763,0.0,0.0
2023-11-10 14:30:00-05:00,42.709999084472656,42.7400016784668,42.53499984741211,42.56999969482422,6291,0.0,0.0
2023-11-10 15:30:00-05:00,42.57500076293945,42.61000061035156,42.31999969482422,42.34000015258789,17132,0.0,0.0
2023-11-13 09:30:00-05:00,42.2400016784668,42.755001068115234,41.91999816894531,42.540000915527344,8468,0.0,0.0
2023-11-13 10:30:00-05:00,42.4375,42.529998779296875,42.16999816894531,42.400001525878906,6704,0.0,0.0
2023-11-13 11:30:00-05:00,42.44499969482422,42.75,42.439998626708984,42.650001525878906,4287,0.0,0.0
2023-11-13 12:30:00-05:00,42.560001373291016,42.599998474121094,42.43000030517578,42.43000030517578,3589,0.0,0.0
2023-11-13 13:30:00-05:00,42.459999084472656,42.56999969482422,42.459999084472656,42.4900016784668,3984,0.0,0.0
2023-11-13 14:30:00-05:00,42.4900016784668,42.61000061035156,42.4900016784668,42.54999923706055,3649,0.0,0.0
2023-11-13 15:30:00-05:00,42.54999923706055,42.63999938964844,42.45500183105469,42.4900016784668,23548,0.0,0.0
2023-11-14 09:30:00-05:00,43.79999923706055,45.79999923706055,43.79999923706055,45.79999923706055,17297,0.0,0.0
2023-11-14 10:30:00-05:00,45.64500045776367,46.310001373291016,45.52000045776367,46.2400016784668,17805,0.0,0.0
2023-11-14 11:30:00-05:00,46.29999923706055,46.310001373291016,45.900001525878906,46.06999969482422,13230,0.0,0.0
2023-11-14 12:30:00-05:00,46.13999938964844,46.209999084472656,45.709999084472656,45.72999954223633,14883,0.0,0.0
2023-11-14 13:30:00-05:00,45.79249954223633,45.81999969482422,45.45000076293945,45.78499984741211,15757,0.0,0.0
2023-11-14 14:30:00-05:00,45.78499984741211,46.0,45.630001068115234,45.89500045776367,27076,0.0,0.0
2023-11-14 15:30:00-05:00,45.89500045776367,46.07500076293945,45.880001068115234,45.91999816894531,40482,0.0,0.0
2023-11-15 09:30:00-05:00,46.0,46.68000030517578,46.0,46.630001068115234,11943,0.0,0.0
2023-11-15 10:30:00-05:00,46.689998626708984,46.91999816894531,46.56959915161133,46.91999816894531,13112,0.0,0.0
2023-11-15 11:30:00-05:00,46.91999816894531,46.91999816894531,46.244998931884766,46.404998779296875,44592,0.0,0.0
2023-11-15 12:30:00-05:00,46.43000030517578,46.470001220703125,45.9900016784668,46.04999923706055,16020,0.0,0.0
2023-11-15 13:30:00-05:00,46.052101135253906,46.1349983215332,45.81999969482422,45.81999969482422,12424,0.0,0.0
2023-11-15 14:30:00-05:00,45.8650016784668,45.970001220703125,45.540000915527344,45.970001220703125,19389,0.0,0.0
2023-11-15 15:30:00-05:00,45.959999084472656,46.060001373291016,45.77000045776367,45.970001220703125,23487,0.0,0.0
2023-11-16 09:30:00-05:00,45.90999984741211,45.90999984741211,44.939998626708984,45.10499954223633,5657,0.0,0.0
2023-11-16 10:30:00-05:00,45.25,45.25,45.0099983215332,45.14500045776367,5180,0.0,0.0
2023-11-16 11:30:00-05:00,45.303001403808594,45.310001373291016,45.06999969482422,45.28499984741211,5155,0.0,0.0
2023-11-16 12:30:00-05:00,45.290000915527344,45.34000015258789,45.279998779296875,45.34000015258789,2921,0.0,0.0
2023-11-16 13:30:00-05:00,45.2400016784668,45.279998779296875,45.14500045776367,45.220001220703125,3679,0.0,0.0
2023-11-16 14:30:00-05:00,45.27000045776367,45.47999954223633,45.27000045776367,45.400001525878906,7203,0.0,0.0
2023-11-16 15:30:00-05:00,45.400001525878906,45.54999923706055,45.22999954223633,45.36000061035156,14594,0.0,0.0
2023-11-17 09:30:00-05:00,45.900001525878906,46.13999938964844,45.52000045776367,46.13999938964844,24086,0.0,0.0
2023-11-17 10:30:00-05:00,46.0,46.23500061035156,45.72999954223633,46.15999984741211,12420,0.0,0.0
2023-11-17 11:30:00-05:00,46.16999816894531,46.16999816894531,45.79999923706055,45.849998474121094,14641,0.0,0.0
2023-11-17 12:30:00-05:00,45.880001068115234,45.9900016784668,45.880001068115234,45.95000076293945,4877,0.0,0.0
2023-11-17 13:30:00-05:00,45.88999938964844,45.89500045776367,45.81999969482422,45.83000183105469,4297,0.0,0.0
2023-11-17 14:30:00-05:00,45.83000183105469,45.869998931884766,45.737998962402344,45.7400016784668,8156,0.0,0.0
2023-11-17 15:30:00-05:00,45.7400016784668,45.880001068115234,45.70000076293945,45.709999084472656,24764,0.0,0.0
2023-11-20 09:30:00-05:00,45.66999816894531,45.66999816894531,45.150001525878906,45.33000183105469,8631,0.0,0.0
2023-11-20 10:30:00-05:00,45.150001525878906,45.529998779296875,45.13999938964844,45.45000076293945,7001,0.0,0.0
2023-11-20 11:30:00-05:00,45.404998779296875,45.5099983215332,45.349998474121094,45.5099983215332,3817,0.0,0.0
2023-11-20 12:30:00-05:00,45.34000015258789,45.54999923706055,45.34000015258789,45.47999954223633,4167,0.0,0.0
2023-11-20 13:30:00-05:00,45.38999938964844,45.41999816894531,45.27000045776367,45.27000045776367,7084,0.0,0.0
2023-11-20 14:30:00-05:00,45.27000045776367,45.52000045776367,45.22999954223633,45.52000045776367,8477,0.0,0.0
2023-11-20 15:30:00-05:00,45.459999084472656,45.52000045776367,45.27000045776367,45.29999923706055,16240,0.0,0.0
2023-11-21 09:30:00-05:00,45.150001525878906,45.150001525878906,44.72999954223633,44.88999938964844,6505,0.0,0.0
2023-11-21 10:30:00-05:00,44.88999938964844,45.15999984741211,44.88999938964844,44.939998626708984,6895,0.0,0.0
2023-11-21 11:30:00-05:00,44.95000076293945,45.029998779296875,44.72999954223633,44.869998931884766,4325,0.0,0.0
2023-11-21 12:30:00-05:00,44.8650016784668,44.90999984741211,44.7400016784668,44.7400016784668,4905,0.0,0.0
2023-11-21 13:30:00-05:00,44.709999084472656,44.779998779296875,44.665000915527344,44.720001220703125,4421,0.0,0.0
2023-11-21 14:30:00-05:00,44.68000030517578,44.689998626708984,44.4900016784668,44.4900016784668,8772,0.0,0.0
2023-11-21 15:30:00-05:00,44.47999954223633,44.47999954223633,44.31999969482422,44.439998626708984,13125,0.0,0.0
2023-11-22 09:30:00-05:00,44.56999969482422,44.91999816894531,44.349998474121094,44.849998474121094,11430,0.0,0.0
2023-11-22 10:30:00-05:00,44.83000183105469,44.95500183105469,44.7599983215332,44.7599983215332,4270,0.0,0.0
2023-11-22 11:30:00-05:00,44.849998474121094,44.93000030517578,44.790000915527344,44.79999923706055,3988,0.0,0.0
2023-11-22 12:30:00-05:00,44.75,44.75,44.47999954223633,44.51499938964844,4165,0.0,0.0
2023-11-22 13:30:00-05:00,44.540000915527344,44.6349983215332,44.439998626708984,44.45589828491211,4234,0.0,0.0
2023-11-22 14:30:00-05:00,44.5,44.6349983215332,44.43000030517578,44.61000061035156,5260,0.0,0.0
2023-11-22 15:30:00-05:00,44.630001068115234,44.65999984741211,44.470001220703125,44.540000915527344,9537,0.0,0.0
2023-11-24 09:30:00-05:00,44.52000045776367,44.7400016784668,44.52000045776367,44.709999084472656,3244,0.0,0.0
2023-11-24 10:30:00-05:00,44.83000183105469,44.880001068115234,44.560001373291016,44.560001373291016,3635,0.0,0.0
2023-11-24 11:30:00-05:00,44.43000030517578,44.540000915527344,44.3650016784668,44.400001525878906,3436,0.0,0.0
2023-11-27 09:30:00-05:00,44.45000076293945,44.45000076293945,43.869998931884766,43.959999084472656,6410,0.0,0.0
2023-11-27 10:30:00-05:00,43.91999816894531,44.064998626708984,43.88999938964844,43.90999984741211,2953,0.0,0.0
2023-11-27 11:30:00-05:00,43.86000061035156,43.90999984741211,43.599998474121094,43.70500183105469,11527,0.0,0.0
2023-11-27 12:30:00-05:00,43.84000015258789,43.869998931884766,43.790000915527344,43.869998931884766,3105,0.0,0.0
2023-11-27 13:30:00-05:00,43.939998626708984,43.939998626708984,43.790000915527344,43.84000015258789,8102,0.0,0.0
2023-11-27 14:30:00-05:00,43.81999969482422,43.994998931884766,43.77000045776367,43.939998626708984,19006,0.0,0.0
2023-11-27 15:30:00-05:00,43.880001068115234,43.939998626708984,43.709999084472656,43.810001373291016,33062,0.0,0.0
2023-11-28 09:30:00-05:00,43.849998474121094,43.849998474121094,43.287498474121094,43.69499969482422,4285,0.0,0.0
2023-11-28 10:30:00-05:00,43.61000061035156,43.709999084472656,43.42499923706055,43.43000030517578,12606,0.0,0.0
2023-11-28 11:30:00-05:00,43.5099983215332,43.814998626708984,43.49250030517578,43.689998626708984,13010,0.0,0.0
2023-11-28 12:30:00-05:00,43.6349983215332,43.71260070800781,43.5,43.56999969482422,7032,0.0,0.0
2023-11-28 13:30:00-05:00,43.58000183105469,43.624000549316406,43.54499816894531,43.54999923706055,4025,0.0,0.0
2023-11-28 14:30:00-05:00,43.52000045776367,43.58000183105469,43.400001525878906,43.529998779296875,16801,0.0,0.0
2023-11-28 15:30:00-05:00,43.599998474121094,43.689998626708984,43.47999954223633,43.66999816894531,30367,0.0,0.0
2023-11-29 09:30:00-05:00,44.119998931884766,45.15999984741211,43.540000915527344,45.154998779296875,41875,0.0,0.0
2023-11-29 10:30:00-05:00,45.255001068115234,45.44609832763672,44.900001525878906,44.900001525878906,35806,0.0,0.0
2023-11-29 11:30:00-05:00,44.900001525878906,45.130001068115234,44.900001525878906,45.11000061035156,9198,0.0,0.0
2023-11-29 12:30:00-05:00,45.09000015258789,45.209999084472656,45.09000015258789,45.15999984741211,4310,0.0,0.0
2023-11-29 13:30:00-05:00,45.150001525878906,45.494998931884766,45.150001525878906,45.36000061035156,10522,0.0,0.0
2023-11-29 14:30:00-05:00,45.38999938964844,45.470001220703125,45.29999923706055,45.345001220703125,28270,0.0,0.0
2023-11-29 15:30:00-05:00,45.38999938964844,45.5,45.189998626708984,45.189998626708984,61579,0.0,0.0
2023-11-30 09:30:00-05:00,45.369998931884766,45.560001373291016,44.805999755859375,45.369998931884766,20020,0.0,0.0
2023-11-30 10:30:00-05:00,45.369998931884766,45.40999984741211,44.994998931884766,45.040000915527344,13568,0.0,0.0
2023-11-30 11:30:00-05:00,45.02000045776367,45.41999816894531,45.02000045776367,45.310001373291016,12642,0.0,0.0
2023-11-30 12:30:00-05:00,45.25,45.470001220703125,45.21500015258789,45.470001220703125,9210,0.0,0.0
2023-11-30 13:30:00-05:00,45.470001220703125,45.599998474121094,45.41749954223633,45.56999969482422,5196,0.0,0.0
2023-11-30 14:30:00-05:00,45.47999954223633,45.540000915527344,45.255001068115234,45.255001068115234,9496,0.0,0.0
2023-11-30 15:30:00-05:00,45.189998626708984,45.2599983215332,44.72999954223633,45.15999984741211,53133,0.0,0.0
2023-12-01 09:30:00-05:00,44.86000061035156,45.875,44.86000061035156,45.79999923706055,5680,0.0,0.0
2023-12-01 10:30:00-05:00,45.9900016784668,46.68000030517578,45.72999954223633,46.58000183105469,16689,0.0,0.0
2023-12-01 11:30:00-05:00,46.790000915527344,47.20000076293945,46.68080139160156,47.125,10240,0.0,0.0
2023-12-01 12:30:00-05:00,47.2400016784668,47.880001068115234,47.220001220703125,47.33000183105469,14532,0.0,0.0
2023-12-01 13:30:00-05:00,47.380001068115234,47.654998779296875,47.33000183105469,47.43000030517578,13429,0.0,0.0
2023-12-01 14:30:00-05:00,47.439998626708984,47.439998626708984,47.08000183105469,47.20500183105469,18883,0.0,0.0
2023-12-01 15:30:00-05:00,47.22999954223633,47.56999969482422,47.209999084472656,47.33000183105469,29765,0.0,0.0
2023-12-04 09:30:00-05:00,46.900001525878906,48.04999923706055,46.900001525878906,47.459999084472656,11419,0.0,0.0
2023-12-04 10:30:00-05:00,47.5099983215332,47.65999984741211,47.41999816894531,47.65999984741211,10092,0.0,0.0
2023-12-04 11:30:00-05:00,47.4900016784668,47.70000076293945,47.439998626708984,47.63999938964844,18213,0.0,0.0
2023-12-04 12:30:00-05:00,47.56999969482422,47.904998779296875,47.56999969482422,47.88999938964844,10851,0.0,0.0
2023-12-04 13:30:00-05:00,47.79999923706055,48.06999969482422,47.779998779296875,47.9900016784668,15794,0.0,0.0
2023-12-04 14:30:00-05:00,48.060001373291016,48.5,48.0,48.34000015258789,44027,0.0,0.0
2023-12-04 15:30:00-05:00,48.34000015258789,48.34000015258789,48.040000915527344,48.290000915527344,42404,0.0,0.0
2023-12-05 09:30:00-05:00,48.209999084472656,48.6349983215332,47.81999969482422,48.52000045776367,21642,0.0,0.0
2023-12-05 10:30:00-05:00,48.439998626708984,48.685001373291016,48.29999923706055,48.685001373291016,59354,0.0,0.0
2023-12-05 11:30:00-05:00,48.68000030517578,48.83000183105469,48.439998626708984,48.51499938964844,24737,0.0,0.0
2023-12-05 12:30:00-05:00,48.51499938964844,48.755001068115234,48.38999938964844,48.599998474121094,19847,0.0,0.0
2023-12-05 13:30:00-05:00,48.630001068115234,48.720001220703125,48.45000076293945,48.4900016784668,16685,0.0,0.0
2023-12-05 14:30:00-05:00,48.494998931884766,48.540000915527344,48.220001220703125,48.255001068115234,37692,0.0,0.0
2023-12-05 15:30:00-05:00,48.279998779296875,48.380001068115234,48.209999084472656,48.369998931884766,35892,0.0,0.0
2023-12-06 09:30:00-05:00,48.93000030517578,50.400001525878906,48.7599983215332,50.34000015258789,29368,0.0,0.0
2023-12-06 10:30:00-05:00,50.400001525878906,50.65999984741211,50.2400016784668,50.36000061035156,55849,0.0,0.0
2023-12-06 11:30:00-05:00,50.3650016784668,50.40999984741211,49.92250061035156,50.130001068115234,76673,0.0,0.0
2023-12-06 12:30:00-05:00,50.11000061035156,50.26499938964844,49.93000030517578,50.22999954223633,15392,0.0,0.0
2023-12-06 13:30:00-05:00,50.290000915527344,50.29499816894531,49.869998931884766,49.869998931884766,23832,0.0,0.0
2023-12-06 14:30:00-05:00,49.85749816894531,49.97999954223633,49.59000015258789,49.59000015258789,40348,0.0,0.0
2023-12-06 15:30:00-05:00,49.59000015258789,49.654998779296875,49.439998626708984,49.59000015258789,90675,0.0,0.0
2023-12-07 09:30:00-05:00,49.70000076293945,50.29999923706055,49.029998779296875,50.154998779296875,14917,0.0,0.0
2023-12-07 10:30:00-05:00,50.0099983215332,50.189998626708984,49.630001068115234,49.959999084472656,19403,0.0,0.0
2023-12-07 11:30:00-05:00,49.880001068115234,50.07500076293945,49.68000030517578,49.78010177612305,12857,0.0,0.0
2023-12-07 12:30:00-05:00,49.970001220703125,50.1349983215332,49.70000076293945,49.73749923706055,10790,0.0,0.0
2023-12-07 13:30:00-05:00,49.779998779296875,49.880001068115234,49.48500061035156,49.52000045776367,10580,0.0,0.0
2023-12-07 14:30:00-05:00,49.47999954223633,49.650001525878906,49.20000076293945,49.38999938964844,17918,0.0,0.0
2023-12-07 15:30:00-05:00,49.40999984741211,49.483001708984375,49.2400016784668,49.40999984741211,34292,0.0,0.0
2023-12-08 09:30:00-05:00,49.5099983215332,50.09000015258789,49.154998779296875,49.91999816894531,10191,0.0,0.0
2023-12-08 10:30:00-05:00,50.029998779296875,50.18000030517578,49.5099983215332,49.5099983215332,10238,0.0,0.0
2023-12-08 11:30:00-05:00,49.52000045776367,49.85499954223633,49.52000045776367,49.72999954223633,9353,0.0,0.0
2023-12-08 12:30:00-05:00,49.72999954223633,49.810001373291016,49.650001525878906,49.80500030517578,8720,0.0,0.0
2023-12-08 13:30:00-05:00,49.67290115356445,49.939998626708984,49.67290115356445,49.939998626708984,11354,0.0,0.0
2023-12-08 14:30:00-05:00,50.0099983215332,50.0099983215332,49.650001525878906,49.709999084472656,11709,0.0,0.0
2023-12-08 15:30:00-05:00,49.7599983215332,49.869998931884766,49.69499969482422,49.86000061035156,30504,0.0,0.0
2023-12-11 09:30:00-05:00,49.540000915527344,49.790000915527344,49.25,49.689998626708984,10388,0.0,0.0
2023-12-11 10:30:00-05:00,49.65999984741211,49.7599983215332,49.59000015258789,49.619998931884766,2830,0.0,0.0
2023-12-11 11:30:00-05:00,49.540000915527344,49.59000015258789,49.41999816894531,49.41999816894531,7342,0.0,0.0
2023-12-11 12:30:00-05:00,49.4900016784668,49.7400016784668,49.4900016784668,49.7400016784668,6648,0.0,0.0
2023-12-11 13:30:00-05:00,49.70000076293945,49.779998779296875,49.560001373291016,49.70000076293945,10444,0.0,0.0
2023-12-11 14:30:00-05:00,49.61000061035156,49.625,49.02000045776367,49.02000045776367,24565,0.0,0.0
2023-12-11 15:30:00-05:00,49.0,49.36000061035156,49.0,49.290000915527344,41822,0.0,0.0
2023-12-12 09:30:00-05:00,49.209999084472656,49.349998474121094,48.88999938964844,49.04999923706055,5544,0.0,0.0
2023-12-12 10:30:00-05:00,49.09000015258789,49.595001220703125,49.060001373291016,49.279998779296875,10799,0.0,0.0
2023-12-12 11:30:00-05:00,49.26499938964844,49.5099983215332,49.2400016784668,49.5,4418,0.0,0.0
2023-12-12 12:30:00-05:00,49.40909957885742,49.720001220703125,49.40909957885742,49.720001220703125,9972,0.0,0.0
2023-12-12 13:30:00-05:00,49.790000915527344,49.79999923706055,49.630001068115234,49.720001220703125,10658,0.0,0.0
2023-12-12 14:30:00-05:00,49.7400016784668,49.790000915527344,49.65999984741211,49.65999984741211,10597,0.0,0.0
2023-12-12 15:30:00-05:00,49.65999984741211,49.65999984741211,49.400001525878906,49.45000076293945,30175,0.0,0.0
2023-12-13 09:30:00-05:00,49.709999084472656,50.02000045776367,49.56999969482422,49.869998931884766,8916,0.0,0.0
2023-12-13 10:30:00-05:00,49.8849983215332,49.939998626708984,49.64500045776367,49.849998474121094,5005,0.0,0.0
2023-12-13 11:30:00-05:00,49.849998474121094,49.849998474121094,49.66999816894531,49.66999816894531,6081,0.0,0.0
2023-12-13 12:30:00-05:00,49.52000045776367,49.59000015258789,49.38999938964844,49.470001220703125,7160,0.0,0.0
2023-12-13 13:30:00-05:00,49.44499969482422,50.880001068115234,49.435001373291016,50.880001068115234,23533,0.0,0.0
2023-12-13 14:30:00-05:00,50.88999938964844,52.65999984741211,50.88999938964844,52.22999954223633,56623,0.0,0.0
2023-12-13 15:30:00-05:00,52.22999954223633,52.540000915527344,51.97999954223633,52.380001068115234,60011,0.0,0.0
2023-12-14 09:30:00-05:00,53.16999816894531,55.07500076293945,53.150001525878906,54.029998779296875,37472,0.0,0.0
2023-12-14 10:30:00-05:00,53.849998474121094,54.18000030517578,53.260101318359375,54.029998779296875,15231,0.0,0.0
2023-12-14 11:30:00-05:00,53.994998931884766,54.58000183105469,53.994998931884766,54.474998474121094,15308,0.0,0.0
2023-12-14 12:30:00-05:00,54.5099983215332,54.61000061035156,53.69499969482422,53.900001525878906,23413,0.0,0.0
2023-12-14 13:30:00-05:00,53.89250183105469,53.97999954223633,53.4900016784668,53.810001373291016,7892,0.0,0.0
2023-12-14 14:30:00-05:00,53.650001525878906,53.970001220703125,53.63999938964844,53.939998626708984,18338,0.0,0.0
2023-12-14 15:30:00-05:00,53.97999954223633,54.07500076293945,53.720001220703125,53.72999954223633,36597,0.0,0.0
2023-12-15 09:30:00-05:00,54.099998474121094,54.560001373291016,53.599998474121094,54.310001373291016,92101,0.0,0.0
2023-12-15 10:30:00-05:00,54.43000030517578,54.880001068115234,54.1515007019043,54.40999984741211,20253,0.0,0.0
2023-12-15 11:30:00-05:00,54.43000030517578,54.529998779296875,54.18000030517578,54.275001525878906,10441,0.0,0.0
2023-12-15 12:30:00-05:00,54.22999954223633,54.22999954223633,53.91999816894531,53.95000076293945,11545,0.0,0.0
2023-12-15 13:30:00-05:00,53.970001220703125,54.119998931884766,53.88999938964844,54.09000015258789,23357,0.0,0.0
2023-12-15 14:30:00-05:00,54.099998474121094,54.459999084472656,54.02000045776367,54.459999084472656,15418,0.0,0.0
2023-12-15 15:30:00-05:00,54.459999084472656,54.54999923706055,53.86000061035156,53.869998931884766,43846,0.0,0.0
2023-12-18 09:30:00-05:00,54.369998931884766,54.481998443603516,53.63999938964844,54.220001220703125,15753,0.0,0.0
2023-12-18 10:30:00-05:00,54.369998931884766,54.40999984741211,53.709999084472656,53.974998474121094,10687,0.0,0.0
2023-12-18 11:30:00-05:00,53.845001220703125,54.02000045776367,53.75,53.75,8512,0.0,0.0
2023-12-18 12:30:00-05:00,53.73500061035156,53.7599983215332,53.5,53.5,6854,0.0,0.0
2023-12-18 13:30:00-05:00,53.46500015258789,53.61000061035156,53.400001525878906,53.59000015258789,12573,0.0,0.0
2023-12-18 14:30:00-05:00,53.529998779296875,53.83000183105469,53.529998779296875,53.70000076293945,14806,0.0,0.0
2023-12-18 15:30:00-05:00,53.70000076293945,53.720001220703125,53.290000915527344,53.34000015258789,34815,0.0,0.0
2023-12-19 09:30:00-05:00,53.459999084472656,54.45000076293945,52.872501373291016,54.439998626708984,15568,0.0,0.0
2023-12-19 10:30:00-05:00,54.28099822998047,54.709999084472656,54.28099822998047,54.45000076293945,9062,0.0,0.0
2023-12-19 11:30:00-05:00,54.38999938964844,54.4900016784668,54.2400016784668,54.31999969482422,5948,0.0,0.0
2023-12-19 12:30:00-05:00,54.31999969482422,54.5099983215332,54.31999969482422,54.4286003112793,6028,0.0,0.0
2023-12-19 13:30:00-05:00,54.439998626708984,54.724998474121094,54.41999816894531,54.65999984741211,11494,0.0,0.0
2023-12-19 14:30:00-05:00,54.56999969482422,54.619998931884766,54.34000015258789,54.619998931884766,14943,0.0,0.0
2023-12-19 15:30:00-05:00,54.744998931884766,54.744998931884766,54.20000076293945,54.2400016784668,37979,0.0,0.0
2023-12-20 09:30:00-05:00,54.2599983215332,54.84000015258789,53.220001220703125,54.68000030517578,15542,0.0,0.0
2023-12-20 10:30:00-05:00,54.849998474121094,55.189998626708984,54.72249984741211,54.72249984741211,20087,0.0,0.0
2023-12-20 11:30:00-05:00,54.630001068115234,55.04499816894531,54.619998931884766,54.959999084472656,7121,0.0,0.0
2023-12-20 12:30:00-05:00,55.04999923706055,55.34000015258789,54.91999816894531,55.029998779296875,18454,0.0,0.0
2023-12-20 13:30:00-05:00,55.125,55.290000915527344,55.029998779296875,55.17499923706055,12279,0.0,0.0
2023-12-20 14:30:00-05:00,55.119998931884766,55.25,53.779998779296875,53.86000061035156,21429,0.0,0.0
2023-12-20 15:30:00-05:00,53.970001220703125,54.029998779296875,53.13999938964844,53.2400016784668,57069,0.0,0.0
2023-12-21 09:30:00-05:00,53.70000076293945,53.939998626708984,53.119998931884766,53.4900016784668,6942,0.0,0.0
2023-12-21 10:30:00-05:00,53.40999984741211,53.439998626708984,53.11000061035156,53.189998626708984,8398,0.0,0.0
2023-12-21 11:30:00-05:00,53.130001068115234,53.435001373291016,53.099998474121094,53.290000915527344,12288,0.0,0.0
2023-12-21 12:30:00-05:00,53.439998626708984,53.6150016784668,53.380001068115234,53.540000915527344,8514,0.0,0.0
2023-12-21 13:30:00-05:00,53.619998931884766,53.63999938964844,53.415000915527344,53.529998779296875,8489,0.0,0.0
2023-12-21 14:30:00-05:00,53.51499938964844,53.720001220703125,53.45000076293945,53.70000076293945,18433,0.0,0.0
2023-12-21 15:30:00-05:00,53.66999816894531,53.959999084472656,53.59000015258789,53.790000915527344,20636,0.0,0.0
2023-12-22 09:30:00-05:00,54.290000915527344,54.86000061035156,53.68000030517578,54.7400016784668,10219,0.0,0.0
2023-12-22 10:30:00-05:00,54.814998626708984,54.939998626708984,54.219600677490234,54.45000076293945,11847,0.0,0.0
2023-12-22 11:30:00-05:00,54.31999969482422,54.54999923706055,54.249298095703125,54.42499923706055,4272,0.0,0.0
2023-12-22 12:30:00-05:00,54.61000061035156,54.65999984741211,54.5099983215332,54.59000015258789,5472,0.0,0.0
2023-12-22 13:30:00-05:00,54.58000183105469,54.58000183105469,54.02000045776367,54.02000045776367,5847,0.0,0.0
2023-12-22 14:30:00-05:00,54.060001373291016,54.33000183105469,54.02000045776367,54.33000183105469,9359,0.0,0.0
2023-12-22 15:30:00-05:00,54.36000061035156,54.36000061035156,54.02000045776367,54.15999984741211,20227,0.0,0.0
2023-12-26 09:30:00-05:00,54.56999969482422,54.91999816894531,54.220001220703125,54.70000076293945,6997,0.0,0.0
2023-12-26 10:30:00-05:00,54.6150016784668,54.83000183105469,54.58000183105469,54.720001220703125,4775,0.0,0.0
2023-12-26 11:30:00-05:00,54.68000030517578,54.84000015258789,54.59000015258789,54.81999969482422,7571,0.0,0.0
2023-12-26 12:30:00-05:00,54.849998474121094,54.849998474121094,54.630001068115234,54.790000915527344,6502,0.0,0.0
2023-12-26 13:30:00-05:00,54.7599983215332,54.939998626708984,54.7599983215332,54.814998626708984,6020,0.0,0.0
2023-12-26 14:30:00-05:00,54.97999954223633,55.09000015258789,54.90999984741211,55.0,7568,0.0,0.0
2023-12-26 15:30:00-05:00,54.93000030517578,55.06999969482422,54.849998474121094,55.0099983215332,21123,0.0,0.0
2023-12-27 09:30:00-05:00,55.15999984741211,55.54999923706055,54.630001068115234,55.18000030517578,4728,0.0,0.0
2023-12-27 10:30:00-05:00,55.209999084472656,55.209999084472656,54.7400016784668,54.7400016784668,8735,0.0,0.0
2023-12-27 11:30:00-05:00,54.790000915527344,55.13999938964844,54.790000915527344,55.119998931884766,8050,0.0,0.0
2023-12-27 12:30:00-05:00,55.119998931884766,55.589900970458984,55.04999923706055,55.4900016784668,22237,0.0,0.0
2023-12-27 13:30:00-05:00,55.369998931884766,55.65999984741211,55.2400016784668,55.65999984741211,20463,0.0,0.0
2023-12-27 14:30:00-05:00,55.564998626708984,55.650001525878906,55.31999969482422,55.400001525878906,18223,0.0,0.0
2023-12-27 15:30:00-05:00,55.33000183105469,55.38999938964844,55.08000183105469,55.220001220703125,42870,0.0,0.0
2023-12-28 09:30:00-05:00,55.02000045776367,55.33000183105469,54.86000061035156,55.06999969482422,9237,0.0,0.0
2023-12-28 10:30:00-05:00,54.900001525878906,55.099998474121094,54.849998474121094,54.849998474121094,3296,0.0,0.0
2023-12-28 11:30:00-05:00,54.810001373291016,54.88999938964844,54.709999084472656,54.810001373291016,3805,0.0,0.0
2023-12-28 12:30:00-05:00,54.75,54.75,54.380001068115234,54.540000915527344,7411,0.0,0.0
2023-12-28 13:30:00-05:00,54.540000915527344,54.709999084472656,54.5,54.709999084472656,9779,0.0,0.0
2023-12-28 14:30:00-05:00,54.7400016784668,54.7400016784668,54.54999923706055,54.67499923706055,10884,0.0,0.0
2023-12-28 15:30:00-05:00,54.724998474121094,54.856998443603516,54.650001525878906,54.709999084472656,23768,0.0,0.0
2023-12-29 09:30:00-05:00,54.349998474121094,54.48809814453125,53.810001373291016,53.94499969482422,10182,0.0,0.0
2023-12-29 10:30:00-05:00,53.869998931884766,53.94499969482422,53.65999984741211,53.65999984741211,8290,0.0,0.0
2023-12-29 11:30:00-05:00,53.63999938964844,53.709999084472656,53.529998779296875,53.560001373291016,14442,0.0,0.0
2023-12-29 12:30:00-05:00,53.599998474121094,53.75,53.56999969482422,53.56999969482422,7545,0.0,0.0
2023-12-29 13:30:00-05:00,53.63999938964844,53.75,53.599998474121094,53.70000076293945,9585,0.0,0.0
2023-12-29 14:30:00-05:00,53.650001525878906,53.70000076293945,53.59000015258789,53.689998626708984,9367,0.0,0.0
2023-12-29 15:30:00-05:00,53.619998931884766,53.70500183105469,53.47999954223633,53.58000183105469,31468,0.0,0.0
2024-01-02 09:30:00-05:00,52.959999084472656,53.79999923706055,52.959999084472656,53.459999084472656,10850,0.0,0.0
2024-01-02 10:30:00-05:00,53.33000183105469,53.58000183105469,53.33000183105469,53.45500183105469,10186,0.0,0.0
2024-01-02 11:30:00-05:00,53.58000183105469,53.93000030517578,53.4900016784668,53.7599983215332,16927,0.0,0.0
2024-01-02 12:30:00-05:00,53.779998779296875,53.810001373291016,53.470001220703125,53.470001220703125,5693,0.0,0.0
2024-01-02 13:30:00-05:00,53.349998474121094,53.5,53.349998474121094,53.400001525878906,6991,0.0,0.0
2024-01-02 14:30:00-05:00,53.27000045776367,53.27000045776367,52.790000915527344,52.875,13084,0.0,0.0
2024-01-02 15:30:00-05:00,52.91999816894531,53.0099983215332,52.75,52.97999954223633,27177,0.0,0.0
2024-01-03 09:30:00-05:00,52.75,52.75,51.540000915527344,51.939998626708984,23070,0.0,0.0
2024-01-03 10:30:00-05:00,51.939998626708984,52.07500076293945,51.630001068115234,51.9900016784668,17261,0.0,0.0
2024-01-03 11:30:00-05:00,52.0099983215332,52.2400016784668,51.935001373291016,51.97999954223633,12368,0.0,0.0
2024-01-03 12:30:00-05:00,51.97999954223633,51.97999954223633,51.65999984741211,51.810001373291016,9229,0.0,0.0
2024-01-03 13:30:00-05:00,51.72999954223633,51.959999084472656,51.5,51.849998474121094,28325,0.0,0.0
2024-01-03 14:30:00-05:00,51.900001525878906,51.91999816894531,50.584999084472656,50.650001525878906,38828,0.0,0.0
2024-01-03 15:30:00-05:00,50.61000061035156,51.0099983215332,50.58000183105469,50.709999084472656,60706,0.0,0.0
2024-01-04 09:30:00-05:00,51.0,51.70000076293945,50.959999084472656,51.02000045776367,10407,0.0,0.0
2024-01-04 10:30:00-05:00,51.12699890136719,51.38999938964844,51.06999969482422,51.38999938964844,7474,0.0,0.0
2024-01-04 11:30:00-05:00,51.51499938964844,51.51499938964844,51.099998474121094,51.22999954223633,5505,0.0,0.0
2024-01-04 12:30:00-05:00,51.18000030517578,51.20000076293945,50.9900016784668,51.13999938964844,5939,0.0,0.0
2024-01-04 13:30:00-05:00,51.060001373291016,51.20000076293945,50.849998474121094,50.970001220703125,22035,0.0,0.0
2024-01-04 14:30:00-05:00,50.84000015258789,50.9900016784668,50.77000045776367,50.779998779296875,13156,0.0,0.0
2024-01-04 15:30:00-05:00,50.79999923706055,50.959999084472656,50.689998626708984,50.880001068115234,16726,0.0,0.0
2024-01-05 09:30:00-05:00,50.529998779296875,51.61000061035156,50.29999923706055,51.31999969482422,10127,0.0,0.0
2024-01-05 10:30:00-05:00,51.380001068115234,51.72999954223633,51.33000183105469,51.54999923706055,11284,0.0,0.0
2024-01-05 11:30:00-05:00,51.4900016784668,51.5099983215332,51.13999938964844,51.375,7148,0.0,0.0
2024-01-05 12:30:00-05:00,51.290000915527344,51.290000915527344,50.915000915527344,51.099998474121094,7144,0.0,0.0
2024-01-05 13:30:00-05:00,51.13999938964844,51.244998931884766,51.099998474121094,51.15999984741211,7307,0.0,0.0
2024-01-05 14:30:00-05:00,51.209999084472656,51.33000183105469,50.89500045776367,50.9900016784668,13654,0.0,0.0
2024-01-05 15:30:00-05:00,51.025001525878906,51.20000076293945,50.90999984741211,51.11000061035156,24945,0.0,0.0
2024-01-08 09:30:00-05:00,51.0099983215332,51.459999084472656,50.900001525878906,51.459999084472656,6460,0.0,0.0
2024-01-08 10:30:00-05:00,51.44499969482422,51.56999969482422,51.33649826049805,51.459999084472656,4508,0.0,0.0
2024-01-08 11:30:00-05:00,51.33000183105469,51.38999938964844,50.959999084472656,51.0,9714,0.0,0.0
2024-01-08 12:30:00-05:00,51.0,51.029998779296875,50.90999984741211,50.95000076293945,8826,0.0,0.0
2024-01-08 13:30:00-05:00,50.970001220703125,51.40999984741211,50.970001220703125,51.40999984741211,8452,0.0,0.0
2024-01-08 14:30:00-05:00,51.439998626708984,51.439998626708984,51.2599983215332,51.349998474121094,10184,0.0,0.0
2024-01-08 15:30:00-05:00,51.42599868774414,51.65999984741211,51.38999938964844,51.65999984741211,25302,0.0,0.0
2024-01-09 09:30:00-05:00,50.95000076293945,51.189998626708984,50.59000015258789,50.7400016784668,14170,0.0,0.0
2024-01-09 10:30:00-05:00,50.744998931884766,51.06999969482422,50.70500183105469,51.06999969482422,5701,0.0,0.0
2024-01-09 11:30:00-05:00,51.095001220703125,51.32350158691406,51.09000015258789,51.17250061035156,2912,0.0,0.0
2024-01-09 12:30:00-05:00,51.11840057373047,51.2400016784668,50.90999984741211,50.90999984741211,6355,0.0,0.0
2024-01-09 13:30:00-05:00,51.02000045776367,51.06999969482422,50.94499969482422,50.94499969482422,2888,0.0,0.0
2024-01-09 14:30:00-05:00,50.959999084472656,50.9900016784668,50.849998474121094,50.849998474121094,5195,0.0,0.0
2024-01-09 15:30:00-05:00,50.91999816894531,51.08000183105469,50.869998931884766,50.91999816894531,11473,0.0,0.0
2024-01-10 09:30:00-05:00,50.58000183105469,50.97999954223633,50.224998474121094,50.56999969482422,4892,0.0,0.0
2024-01-10 10:30:00-05:00,50.59000015258789,50.63999938964844,50.45000076293945,50.5,2670,0.0,0.0
2024-01-10 11:30:00-05:00,50.4900016784668,50.709999084472656,50.451698303222656,50.70000076293945,6867,0.0,0.0
2024-01-10 12:30:00-05:00,50.650001525878906,50.77000045776367,50.599998474121094,50.640899658203125,5503,0.0,0.0
2024-01-10 13:30:00-05:00,50.63999938964844,50.86000061035156,50.63999938964844,50.86000061035156,7787,0.0,0.0
2024-01-10 14:30:00-05:00,50.880001068115234,50.95000076293945,50.720001220703125,50.79999923706055,12703,0.0,0.0
2024-01-10 15:30:00-05:00,50.75,51.18000030517578,50.720001220703125,51.119998931884766,22285,0.0,0.0
2024-01-11 09:30:00-05:00,50.619998931884766,50.917198181152344,49.81999969482422,50.279998779296875,7936,0.0,0.0
2024-01-11 10:30:00-05:00,50.41999816894531,50.4900016784668,49.86000061035156,49.95000076293945,24120,0.0,0.0
2024-01-11 11:30:00-05:00,49.95000076293945,49.95000076293945,49.68000030517578,49.810001373291016,5898,0.0,0.0
2024-01-11 12:30:00-05:00,49.869998931884766,50.38999938964844,49.814998626708984,50.20000076293945,4411,0.0,0.0
2024-01-11 13:30:00-05:00,50.20000076293945,50.334999084472656,50.084999084472656,50.334999084472656,5008,0.0,0.0
2024-01-11 14:30:00-05:00,50.310001373291016,50.64500045776367,50.27000045776367,50.58000183105469,13273,0.0,0.0
2024-01-11 15:30:00-05:00,50.47999954223633,50.75,50.349998474121094,50.73899841308594,31068,0.0,0.0
2024-01-12 09:30:00-05:00,51.220001220703125,51.68000030517578,50.779998779296875,50.79999923706055,10047,0.0,0.0
2024-01-12 10:30:00-05:00,50.58000183105469,50.58000183105469,49.97999954223633,50.15999984741211,5788,0.0,0.0
2024-01-12 11:30:00-05:00,50.09000015258789,50.09000015258789,49.84000015258789,49.84000015258789,3720,0.0,0.0
2024-01-12 12:30:00-05:00,49.91999816894531,50.18000030517578,49.875,50.099998474121094,2819,0.0,0.0
2024-01-12 13:30:00-05:00,50.18000030517578,50.279998779296875,50.18000030517578,50.25899887084961,4483,0.0,0.0
2024-01-12 14:30:00-05:00,50.314998626708984,50.34000015258789,50.064998626708984,50.150001525878906,10535,0.0,0.0
2024-01-12 15:30:00-05:00,50.20000076293945,50.29999923706055,50.15190124511719,50.18000030517578,13279,0.0,0.0
2024-01-16 09:30:00-05:00,49.43000030517578,49.7599983215332,49.18000030517578,49.630001068115234,11288,0.0,0.0
2024-01-16 10:30:00-05:00,49.66999816894531,49.95500183105469,49.58000183105469,49.95500183105469,8558,0.0,0.0
2024-01-16 11:30:00-05:00,49.84000015258789,49.84000015258789,49.65999984741211,49.720001220703125,7056,0.0,0.0
2024-01-16 12:30:00-05:00,49.560001373291016,49.7599983215332,49.560001373291016,49.7400016784668,3786,0.0,0.0
2024-01-16 13:30:00-05:00,49.77000045776367,49.790000915527344,49.5,49.564998626708984,7904,0.0,0.0
2024-01-16 14:30:00-05:00,49.564998626708984,49.68000030517578,49.47999954223633,49.540000915527344,16431,0.0,0.0
2024-01-16 15:30:00-05:00,49.55099868774414,49.75,49.5099983215332,49.61000061035156,18784,0.0,0.0
2024-01-17 09:30:00-05:00,48.66999816894531,49.77000045776367,48.66999816894531,49.380001068115234,7021,0.0,0.0
2024-01-17 10:30:00-05:00,49.194000244140625,49.529998779296875,49.194000244140625,49.25279998779297,3276,0.0,0.0
2024-01-17 11:30:00-05:00,49.20000076293945,49.36000061035156,48.880001068115234,48.880001068115234,4992,0.0,0.0
2024-01-17 12:30:00-05:00,48.869998931884766,48.90999984741211,48.56999969482422,48.56999969482422,7941,0.0,0.0
2024-01-17 13:30:00-05:00,48.5,48.83000183105469,48.5,48.77000045776367,6160,0.0,0.0
2024-01-17 14:30:00-05:00,48.71500015258789,48.744998931884766,48.439998626708984,48.5,15637,0.0,0.0
2024-01-17 15:30:00-05:00,48.53499984741211,49.060001373291016,48.53499984741211,49.060001373291016,28671,0.0,0.0
2024-01-18 09:30:00-05:00,49.209999084472656,49.77000045776367,48.9900016784668,49.209999084472656,13047,0.0,0.0
2024-01-18 10:30:00-05:00,49.41999816894531,49.560001373291016,49.0,49.189998626708984,6974,0.0,0.0
2024-01-18 11:30:00-05:00,49.119998931884766,49.349998474121094,49.06999969482422,49.209999084472656,18867,0.0,0.0
2024-01-18 12:30:00-05:00,49.279998779296875,49.33300018310547,49.0,49.06999969482422,16869,0.0,0.0
2024-01-18 13:30:00-05:00,49.02000045776367,49.23160171508789,49.0099983215332,49.23160171508789,24616,0.0,0.0
2024-01-18 14:30:00-05:00,49.25,49.38999938964844,49.182498931884766,49.380001068115234,31256,0.0,0.0
2024-01-18 15:30:00-05:00,49.40999984741211,49.5,49.11000061035156,49.23500061035156,56980,0.0,0.0
2024-01-19 09:30:00-05:00,49.15999984741211,49.15999984741211,47.16999816894531,47.95000076293945,38448,0.0,0.0
2024-01-19 10:30:00-05:00,47.994998931884766,48.1349983215332,47.409400939941406,47.71500015258789,18893,0.0,0.0
2024-01-19 11:30:00-05:00,47.790000915527344,48.584999084472656,47.7599983215332,48.40999984741211,21223,0.0,0.0
2024-01-19 12:30:00-05:00,48.400001525878906,48.56999969482422,48.27000045776367,48.5,21152,0.0,0.0
2024-01-19 13:30:00-05:00,48.4900016784668,49.029998779296875,48.4900016784668,48.97999954223633,31673,0.0,0.0
2024-01-19 14:30:00-05:00,48.930599212646484,48.96500015258789,48.154998779296875,48.42499923706055,29397,0.0,0.0
2024-01-19 15:30:00-05:00,48.400001525878906,48.790000915527344,47.935001373291016,48.70000076293945,120398,0.0,0.0
2024-01-22 09:30:00-05:00,48.7400016784668,50.0099983215332,48.7400016784668,49.13999938964844,16173,0.0,0.0
2024-01-22 10:30:00-05:00,49.13999938964844,49.13999938964844,48.18000030517578,48.689998626708984,14502,0.0,0.0
2024-01-22 11:30:00-05:00,48.939998626708984,48.939998626708984,48.529998779296875,48.650001525878906,13528,0.0,0.0
2024-01-22 12:30:00-05:00,48.63999938964844,48.63999938964844,48.0,48.119998931884766,18379,0.0,0.0
2024-01-22 13:30:00-05:00,48.07500076293945,48.35499954223633,47.98500061035156,48.27000045776367,22550,0.0,0.0
2024-01-22 14:30:00-05:00,48.31999969482422,48.66999816894531,48.20000076293945,48.66999816894531,16759,0.0,0.0
2024-01-22 15:30:00-05:00,48.72999954223633,48.88999938964844,48.66999816894531,48.88999938964844,35040,0.0,0.0
2024-01-23 09:30:00-05:00,49.29999923706055,49.7599983215332,48.88999938964844,49.09000015258789,18871,0.0,0.0
2024-01-23 10:30:00-05:00,48.95000076293945,48.95000076293945,48.33000183105469,48.5,11852,0.0,0.0
2024-01-23 11:30:00-05:00,48.5,48.88999938964844,48.38999938964844,48.79999923706055,9782,0.0,0.0
2024-01-23 12:30:00-05:00,48.84000015258789,48.84000015258789,48.630001068115234,48.69499969482422,11088,0.0,0.0
2024-01-23 13:30:00-05:00,48.619998931884766,48.81999969482422,48.619998931884766,48.720001220703125,10129,0.0,0.0
2024-01-23 14:30:00-05:00,48.70500183105469,48.9900016784668,48.630001068115234,48.630001068115234,15713,0.0,0.0
2024-01-23 15:30:00-05:00,48.630001068115234,48.72999954223633,48.5,48.560001373291016,27577,0.0,0.0
2024-01-24 09:30:00-05:00,48.849998474121094,49.70000076293945,48.79999923706055,49.380001068115234,40020,0.0,0.0
2024-01-24 10:30:00-05:00,49.439998626708984,50.560001373291016,49.40999984741211,50.560001373291016,35351,0.0,0.0
2024-01-24 11:30:00-05:00,50.540000915527344,50.790000915527344,50.08000183105469,50.16999816894531,14714,0.0,0.0
2024-01-24 12:30:00-05:00,50.18000030517578,50.290000915527344,49.83000183105469,49.904998779296875,12695,0.0,0.0
2024-01-24 13:30:00-05:00,49.84000015258789,49.84000015258789,49.599998474121094,49.720001220703125,15662,0.0,0.0
2024-01-24 14:30:00-05:00,49.79999923706055,50.04999923706055,49.689998626708984,49.84000015258789,21207,0.0,0.0
2024-01-24 15:30:00-05:00,49.83000183105469,50.02000045776367,49.790000915527344,49.939998626708984,31198,0.0,0.0
2024-01-25 09:30:00-05:00,50.5099983215332,50.5099983215332,49.56999969482422,49.779998779296875,14081,0.0,0.0
2024-01-25 10:30:00-05:00,49.65999984741211,49.72999954223633,48.970001220703125,49.16999816894531,9220,0.0,0.0
2024-01-25 11:30:00-05:00,49.2400016784668,49.2400016784668,48.689998626708984,48.790000915527344,9362,0.0,0.0
2024-01-25 12:30:00-05:00,48.849998474121094,48.849998474121094,48.52000045776367,48.7599983215332,13639,0.0,0.0
2024-01-25 13:30:00-05:00,48.77000045776367,48.84000015258789,48.380001068115234,48.54999923706055,20375,0.0,0.0
2024-01-25 14:30:00-05:00,48.540000915527344,48.54999923706055,48.150001525878906,48.16999816894531,30361,0.0,0.0
2024-01-25 15:30:00-05:00,48.15999984741211,48.400001525878906,48.11000061035156,48.18000030517578,68139,0.0,0.0
2024-01-26 09:30:00-05:00,48.720001220703125,49.0,48.099998474121094,48.099998474121094,9716,0.0,0.0
2024-01-26 10:30:00-05:00,48.18000030517578,48.22999954223633,48.0,48.130001068115234,11122,0.0,0.0
2024-01-26 11:30:00-05:00,48.050899505615234,48.32500076293945,47.95000076293945,48.22999954223633,8999,0.0,0.0
2024-01-26 12:30:00-05:00,48.189998626708984,48.2400016784668,48.0099983215332,48.13999938964844,5230,0.0,0.0
2024-01-26 13:30:00-05:00,48.16999816894531,48.459999084472656,48.119998931884766,48.29999923706055,17966,0.0,0.0
2024-01-26 14:30:00-05:00,48.310001373291016,48.459999084472656,48.310001373291016,48.31999969482422,18745,0.0,0.0
2024-01-26 15:30:00-05:00,48.30500030517578,48.41999816894531,48.130001068115234,48.130001068115234,25812,0.0,0.0
2024-01-29 09:30:00-05:00,48.189998626708984,48.529998779296875,47.849998474121094,48.46500015258789,15374,0.0,0.0
2024-01-29 10:30:00-05:00,48.564998626708984,48.68000030517578,48.4900016784668,48.55500030517578,5361,0.0,0.0
2024-01-29 11:30:00-05:00,48.52000045776367,48.56999969482422,48.2400016784668,48.310001373291016,9405,0.0,0.0
2024-01-29 12:30:00-05:00,48.349998474121094,48.5099983215332,48.275001525878906,48.5,5454,0.0,0.0
2024-01-29 13:30:00-05:00,48.52000045776367,48.529998779296875,48.369998931884766,48.45000076293945,6723,0.0,0.0
2024-01-29 14:30:00-05:00,48.45000076293945,48.91999816894531,48.45000076293945,48.810001373291016,15653,0.0,0.0
2024-01-29 15:30:00-05:00,48.810001373291016,49.02000045776367,48.72999954223633,48.91999816894531,44081,0.0,0.0
2024-01-30 09:30:00-05:00,48.900001525878906,49.290000915527344,48.5265998840332,48.5265998840332,9464,0.0,0.0
2024-01-30 10:30:00-05:00,48.599998474121094,48.70000076293945,48.369998931884766,48.70000076293945,6346,0.0,0.0
2024-01-30 11:30:00-05:00,48.7599983215332,48.845001220703125,48.71500015258789,48.755001068115234,2939,0.0,0.0
2024-01-30 12:30:00-05:00,48.689998626708984,48.689998626708984,48.560001373291016,48.6349983215332,8028,0.0,0.0
2024-01-30 13:30:00-05:00,48.599998474121094,48.70000076293945,48.58000183105469,48.650001525878906,5571,0.0,0.0
2024-01-30 14:30:00-05:00,48.68000030517578,48.68000030517578,48.540000915527344,48.650001525878906,17523,0.0,0.0
2024-01-30 15:30:00-05:00,48.63999938964844,48.63999938964844,48.25,48.33000183105469,48911,0.0,0.0
2024-01-31 09:30:00-05:00,47.61000061035156,47.665000915527344,47.165000915527344,47.165000915527344,11074,0.0,0.0
2024-01-31 10:30:00-05:00,47.41999816894531,47.650001525878906,47.31999969482422,47.45000076293945,6666,0.0,0.0
2024-01-31 11:30:00-05:00,47.459999084472656,47.599998474121094,47.27000045776367,47.599998474121094,6252,0.0,0.0
2024-01-31 12:30:00-05:00,47.685001373291016,47.94499969482422,47.529998779296875,47.75,3961,0.0,0.0
2024-01-31 13:30:00-05:00,47.83000183105469,48.084999084472656,47.540000915527344,47.630001068115234,10401,0.0,0.0
2024-01-31 14:30:00-05:00,47.63999938964844,48.38999938964844,46.790000915527344,46.939998626708984,19643,0.0,0.0
2024-01-31 15:30:00-05:00,46.93000030517578,46.93000030517578,46.47999954223633,46.59000015258789,48293,0.0,0.0
2024-02-01 09:30:00-05:00,46.68000030517578,47.345001220703125,44.650001525878906,45.0,24391,0.0,0.0
2024-02-01 10:30:00-05:00,45.11000061035156,45.209999084472656,44.33000183105469,45.209999084472656,34531,0.0,0.0
2024-02-01 11:30:00-05:00,45.22999954223633,45.915000915527344,45.029998779296875,45.85499954223633,33876,0.0,0.0
2024-02-01 12:30:00-05:00,45.86000061035156,46.34000015258789,45.63999938964844,46.17499923706055,20932,0.0,0.0
2024-02-01 13:30:00-05:00,46.099998474121094,46.779998779296875,46.099998474121094,46.70000076293945,37051,0.0,0.0
2024-02-01 14:30:00-05:00,46.66999816894531,46.88999938964844,46.310001373291016,46.459999084472656,24339,0.0,0.0
2024-02-01 15:30:00-05:00,46.52000045776367,46.5359992980957,45.97999954223633,46.099998474121094,31138,0.0,0.0
2024-02-02 09:30:00-05:00,45.16999816894531,45.880001068115234,44.77000045776367,45.72999954223633,17354,0.0,0.0
2024-02-02 10:30:00-05:00,45.72249984741211,46.11000061035156,45.63529968261719,46.11000061035156,15776,0.0,0.0
2024-02-02 11:30:00-05:00,46.150001525878906,46.1875,45.63999938964844,45.959999084472656,10954,0.0,0.0
2024-02-02 12:30:00-05:00,46.0,46.06999969482422,45.52000045776367,45.8025016784668,12231,0.0,0.0
2024-02-02 13:30:00-05:00,45.7400016784668,45.77000045776367,45.33000183105469,45.564998626708984,13842,0.0,0.0
2024-02-02 14:30:00-05:00,45.56999969482422,46.040000915527344,45.459999084472656,46.0099983215332,17341,0.0,0.0
2024-02-02 15:30:00-05:00,45.959999084472656,45.959999084472656,45.66999816894531,45.7400016784668,28674,0.0,0.0
2024-02-05 09:30:00-05:00,45.29999923706055,45.599998474121094,44.54999923706055,44.599998474121094,24757,0.0,0.0
2024-02-05 10:30:00-05:00,44.540000915527344,44.98500061035156,44.34130096435547,44.8849983215332,15054,0.0,0.0
2024-02-05 11:30:00-05:00,44.904998779296875,45.04499816894531,44.72999954223633,45.04499816894531,5486,0.0,0.0
2024-02-05 12:30:00-05:00,45.099998474121094,45.34239959716797,44.959999084472656,45.20000076293945,15194,0.0,0.0
2024-02-05 13:30:00-05:00,45.130001068115234,45.540000915527344,45.130001068115234,45.540000915527344,16555,0.0,0.0
2024-02-05 14:30:00-05:00,45.540000915527344,45.61000061035156,45.2599983215332,45.43000030517578,18145,0.0,0.0
2024-02-05 15:30:00-05:00,45.369998931884766,45.43000030517578,45.060001373291016,45.099998474121094,44653,0.0,0.0
2024-02-06 09:30:00-05:00,44.529998779296875,45.040000915527344,44.16999816894531,44.95000076293945,22706,0.0,0.0
2024-02-06 10:30:00-05:00,44.875,45.029998779296875,44.5,44.959999084472656,25941,0.0,0.0
2024-02-06 11:30:00-05:00,44.904998779296875,44.970001220703125,44.65999984741211,44.900001525878906,10539,0.0,0.0
2024-02-06 12:30:00-05:00,44.79999923706055,44.79999923706055,44.279998779296875,44.46500015258789,18496,0.0,0.0
2024-02-06 13:30:00-05:00,44.43000030517578,44.599998474121094,44.36000061035156,44.36000061035156,14689,0.0,0.0
2024-02-06 14:30:00-05:00,44.35499954223633,44.56999969482422,44.2599983215332,44.2599983215332,14440,0.0,0.0
2024-02-06 15:30:00-05:00,44.23500061035156,44.58000183105469,44.150001525878906,44.58000183105469,41105,0.0,0.0
2024-02-07 09:30:00-05:00,44.630001068115234,44.65999984741211,43.220001220703125,44.04499816894531,12996,0.0,0.0
2024-02-07 10:30:00-05:00,44.13999938964844,44.13999938964844,43.665000915527344,43.86000061035156,8888,0.0,0.0
2024-02-07 11:30:00-05:00,43.779998779296875,44.439998626708984,43.779998779296875,44.439998626708984,14102,0.0,0.0
2024-02-07 12:30:00-05:00,44.42499923706055,44.78499984741211,44.31999969482422,44.7400016784668,10205,0.0,0.0
2024-02-07 13:30:00-05:00,44.68000030517578,44.724998474121094,44.43000030517578,44.43000030517578,13879,0.0,0.0
2024-02-07 14:30:00-05:00,44.459999084472656,44.52000045776367,44.13999938964844,44.13999938964844,14393,0.0,0.0
2024-02-07 15:30:00-05:00,44.1150016784668,44.20000076293945,44.0,44.0099983215332,51684,0.0,0.0
2024-02-08 09:30:00-05:00,43.81999969482422,44.30500030517578,43.6150016784668,44.29999923706055,7123,0.0,0.0
2024-02-08 10:30:00-05:00,44.29999923706055,44.560001373291016,44.130001068115234,44.1432991027832,17885,0.0,0.0
2024-02-08 11:30:00-05:00,44.16999816894531,44.2599983215332,43.97999954223633,43.97999954223633,14378,0.0,0.0
2024-02-08 12:30:00-05:00,43.90999984741211,43.939998626708984,43.720001220703125,43.88990020751953,24018,0.0,0.0
2024-02-08 13:30:00-05:00,43.810001373291016,44.27000045776367,43.810001373291016,44.16999816894531,10286,0.0,0.0
2024-02-08 14:30:00-05:00,44.209999084472656,44.24610137939453,44.11000061035156,44.154998779296875,11390,0.0,0.0
2024-02-08 15:30:00-05:00,44.150001525878906,44.16999816894531,43.97999954223633,44.150001525878906,26343,0.0,0.0
2024-02-09 09:30:00-05:00,43.970001220703125,44.25,43.439998626708984,43.56999969482422,16533,0.0,0.0
2024-02-09 10:30:00-05:00,43.56999969482422,44.209999084472656,43.540000915527344,43.959999084472656,10523,0.0,0.0
2024-02-09 11:30:00-05:00,43.959999084472656,44.0,43.720001220703125,44.0,5816,0.0,0.0
2024-02-09 12:30:00-05:00,44.040000915527344,44.61000061035156,43.97999954223633,44.540000915527344,9030,0.0,0.0
2024-02-09 13:30:00-05:00,44.5099983215332,44.529998779296875,44.31999969482422,44.369998931884766,9511,0.0,0.0
2024-02-09 14:30:00-05:00,44.29999923706055,44.47999954223633,44.060001373291016,44.41999816894531,14779,0.0,0.0
2024-02-09 15:30:00-05:00,44.45000076293945,44.540000915527344,44.34000015258789,44.540000915527344,27821,0.0,0.0
2024-02-12 09:30:00-05:00,44.52000045776367,45.630001068115234,44.5,45.560001373291016,10701,0.0,0.0
2024-02-12 10:30:00-05:00,45.52000045776367,45.72999954223633,45.45000076293945,45.49599838256836,8964,0.0,0.0
2024-02-12 11:30:00-05:00,45.63999938964844,45.689998626708984,45.404998779296875,45.5,5926,0.0,0.0
2024-02-12 12:30:00-05:00,45.58000183105469,45.720001220703125,45.43000030517578,45.59000015258789,9742,0.0,0.0
2024-02-12 13:30:00-05:00,45.61000061035156,46.18000030517578,45.61000061035156,45.91999816894531,10857,0.0,0.0
2024-02-12 14:30:00-05:00,46.04999923706055,46.209999084472656,45.90999984741211,46.02000045776367,14374,0.0,0.0
2024-02-12 15:30:00-05:00,45.90999984741211,46.0099983215332,45.529998779296875,45.540000915527344,38837,0.0,0.0
2024-02-13 09:30:00-05:00,44.02000045776367,44.20000076293945,43.36000061035156,43.65999984741211,17191,0.0,0.0
2024-02-13 10:30:00-05:00,43.86000061035156,44.22999954223633,43.54999923706055,44.119998931884766,30621,0.0,0.0
2024-02-13 11:30:00-05:00,44.07500076293945,44.130001068115234,43.6150016784668,43.619998931884766,16965,0.0,0.0
2024-02-13 12:30:00-05:00,43.58000183105469,43.709999084472656,43.290000915527344,43.29999923706055,23517,0.0,0.0
2024-02-13 13:30:00-05:00,43.25,43.31999969482422,42.939998626708984,43.0,15099,0.0,0.0
2024-02-13 14:30:00-05:00,42.970001220703125,43.11000061035156,42.369998931884766,42.4900016784668,37760,0.0,0.0
2024-02-13 15:30:00-05:00,42.52000045776367,43.27000045776367,42.459999084472656,43.27000045776367,56341,0.0,0.0
2024-02-14 09:30:00-05:00,43.849998474121094,44.88600158691406,43.314998626708984,43.470001220703125,14197,0.0,0.0
2024-02-14 10:30:00-05:00,43.310001373291016,43.400001525878906,42.92679977416992,43.29999923706055,5000,0.0,0.0
2024-02-14 11:30:00-05:00,43.38999938964844,43.42499923706055,43.13999938964844,43.380001068115234,7066,0.0,0.0
2024-02-14 12:30:00-05:00,43.30500030517578,43.400001525878906,43.150001525878906,43.38999938964844,10617,0.0,0.0
2024-02-14 13:30:00-05:00,43.51300048828125,43.59000015258789,43.2599983215332,43.560001373291016,5078,0.0,0.0
2024-02-14 14:30:00-05:00,43.5099983215332,44.040000915527344,43.45000076293945,44.040000915527344,15904,0.0,0.0
2024-02-14 15:30:00-05:00,43.9900016784668,43.9900016784668,43.75,43.869998931884766,26769,0.0,0.0
2024-02-15 09:30:00-05:00,44.150001525878906,45.09000015258789,44.150001525878906,44.459999084472656,10031,0.0,0.0
2024-02-15 10:30:00-05:00,44.45000076293945,44.6150016784668,44.40010070800781,44.6150016784668,8125,0.0,0.0
2024-02-15 11:30:00-05:00,44.595001220703125,45.13999938964844,44.58000183105469,45.0099983215332,7887,0.0,0.0
2024-02-15 12:30:00-05:00,44.959999084472656,45.15999984741211,44.95000076293945,45.15999984741211,7536,0.0,0.0
2024-02-15 13:30:00-05:00,45.17499923706055,45.82500076293945,45.17499923706055,45.8224983215332,14303,0.0,0.0
2024-02-15 14:30:00-05:00,45.88999938964844,46.29999923706055,45.66999816894531,46.29999923706055,39148,0.0,0.0
2024-02-15 15:30:00-05:00,46.2599983215332,46.34000015258789,45.939998626708984,45.970001220703125,54494,0.0,0.0
2024-02-16 09:30:00-05:00,45.650001525878906,46.70000076293945,45.15999984741211,45.459999084472656,33368,0.0,0.0
2024-02-16 10:30:00-05:00,45.27000045776367,45.40999984741211,44.91999816894531,45.375,6528,0.0,0.0
2024-02-16 11:30:00-05:00,45.29999923706055,45.47999954223633,45.2599983215332,45.42499923706055,5838,0.0,0.0
2024-02-16 12:30:00-05:00,45.345001220703125,45.43000030517578,45.099998474121094,45.369998931884766,4418,0.0,0.0
2024-02-16 13:30:00-05:00,45.39500045776367,45.532501220703125,45.27000045776367,45.532501220703125,5829,0.0,0.0
2024-02-16 14:30:00-05:00,45.5,45.55500030517578,45.13999938964844,45.43000030517578,9178,0.0,0.0
2024-02-16 15:30:00-05:00,45.47999954223633,45.47999954223633,45.150001525878906,45.150001525878906,24004,0.0,0.0
2024-02-20 09:30:00-05:00,44.70000076293945,45.2869987487793,44.099998474121094,45.220001220703125,14058,0.0,0.0
2024-02-20 10:30:00-05:00,45.16999816894531,45.52000045776367,45.16999816894531,45.279998779296875,6217,0.0,0.0
2024-02-20 11:30:00-05:00,45.349998474121094,45.36000061035156,44.875,44.875,5827,0.0,0.0
2024-02-20 12:30:00-05:00,44.970001220703125,45.23500061035156,44.939998626708984,45.060001373291016,6228,0.0,0.0
2024-02-20 13:30:00-05:00,45.119998931884766,45.13999938964844,45.040000915527344,45.130001068115234,5596,0.0,0.0
2024-02-20 14:30:00-05:00,45.119998931884766,45.119998931884766,44.76499938964844,44.77000045776367,14895,0.0,0.0
2024-02-20 15:30:00-05:00,44.7599983215332,44.7599983215332,44.36000061035156,44.529998779296875,29789,0.0,0.0
2024-02-21 09:30:00-05:00,44.349998474121094,44.599998474121094,43.95000076293945,44.260101318359375,5398,0.0,0.0
2024-02-21 10:30:00-05:00,44.26499938964844,44.54499816894531,44.2400016784668,44.38999938964844,5614,0.0,0.0
2024-02-21 11:30:00-05:00,44.43000030517578,44.43000030517578,44.20500183105469,44.399898529052734,11388,0.0,0.0
2024-02-21 12:30:00-05:00,44.36000061035156,44.46500015258789,44.275001525878906,44.400001525878906,5845,0.0,0.0
2024-02-21 13:30:00-05:00,44.45000076293945,44.61000061035156,44.279998779296875,44.435001373291016,5689,0.0,0.0
2024-02-21 14:30:00-05:00,44.36000061035156,44.41999816894531,44.189998626708984,44.27000045776367,4650,0.0,0.0
2024-02-21 15:30:00-05:00,44.310001373291016,44.369998931884766,44.185001373291016,44.36000061035156,22068,0.0,0.0
2024-02-22 09:30:00-05:00,44.09000015258789,44.439998626708984,43.959999084472656,43.97999954223633,14949,0.0,0.0
2024-02-22 10:30:00-05:00,43.9900016784668,44.09000015258789,43.880001068115234,44.060001373291016,5428,0.0,0.0
2024-02-22 11:30:00-05:00,44.13999938964844,44.18000030517578,44.07500076293945,44.15570068359375,8780,0.0,0.0
2024-02-22 12:30:00-05:00,44.13999938964844,44.25,43.83359909057617,43.959999084472656,10650,0.0,0.0
2024-02-22 13:30:00-05:00,44.08000183105469,44.35499954223633,44.08000183105469,44.35499954223633,7774,0.0,0.0
2024-02-22 14:30:00-05:00,44.32749938964844,44.380001068115234,44.04999923706055,44.33000183105469,13858,0.0,0.0
2024-02-22 15:30:00-05:00,44.33000183105469,44.630001068115234,44.33000183105469,44.47999954223633,27381,0.0,0.0
2024-02-23 09:30:00-05:00,44.58000183105469,44.70000076293945,44.22999954223633,44.56999969482422,13637,0.0,0.0
2024-02-23 10:30:00-05:00,44.54999923706055,44.880001068115234,44.400001525878906,44.880001068115234,10152,0.0,0.0
2024-02-23 11:30:00-05:00,44.720001220703125,45.29999923706055,44.720001220703125,45.06999969482422,7492,0.0,0.0
2024-02-23 12:30:00-05:00,45.119998931884766,45.150001525878906,44.810001373291016,44.810001373291016,4230,0.0,0.0
2024-02-23 13:30:00-05:00,44.97999954223633,45.029998779296875,44.685001373291016,44.70000076293945,5222,0.0,0.0
2024-02-23 14:30:00-05:00,44.619998931884766,44.78450012207031,44.52000045776367,44.7400016784668,9126,0.0,0.0
2024-02-23 15:30:00-05:00,44.72999954223633,44.75,44.47999954223633,44.47999954223633,14978,0.0,0.0
2024-02-26 09:30:00-05:00,44.189998626708984,44.68000030517578,44.08000183105469,44.33000183105469,9759,0.0,0.0
2024-02-26 10:30:00-05:00,44.33000183105469,44.4385986328125,44.084999084472656,44.25,9432,0.0,0.0
2024-02-26 11:30:00-05:00,44.119998931884766,44.119998931884766,44.064998626708984,44.064998626708984,1936,0.0,0.0
2024-02-26 12:30:00-05:00,43.88999938964844,43.88999938964844,43.400001525878906,43.400001525878906,5207,0.0,0.0
2024-02-26 13:30:00-05:00,43.38999938964844,43.71500015258789,43.310001373291016,43.71500015258789,14552,0.0,0.0
2024-02-26 14:30:00-05:00,43.814998626708984,44.0,43.689998626708984,43.90999984741211,13635,0.0,0.0
2024-02-26 15:30:00-05:00,43.900001525878906,44.06999969482422,43.790000915527344,43.79999923706055,22161,0.0,0.0
2024-02-27 09:30:00-05:00,44.04999923706055,44.497501373291016,43.68000030517578,43.95000076293945,8984,0.0,0.0
2024-02-27 10:30:00-05:00,44.169898986816406,44.29999923706055,44.02000045776367,44.15999984741211,4106,0.0,0.0
2024-02-27 11:30:00-05:00,44.099998474121094,44.23609924316406,43.90999984741211,44.060001373291016,5291,0.0,0.0
2024-02-27 12:30:00-05:00,44.04999923706055,44.13999938964844,43.959999084472656,44.04999923706055,5045,0.0,0.0
2024-02-27 13:30:00-05:00,43.9375,43.9375,43.7599983215332,43.86000061035156,7693,0.0,0.0
2024-02-27 14:30:00-05:00,43.86000061035156,43.90999984741211,43.68000030517578,43.83000183105469,7525,0.0,0.0
2024-02-27 15:30:00-05:00,43.869998931884766,43.95000076293945,43.85300064086914,43.95000076293945,13106,0.0,0.0
2024-02-28 09:30:00-05:00,43.459999084472656,43.88999938964844,43.459999084472656,43.845001220703125,7078,0.0,0.0
2024-02-28 10:30:00-05:00,43.79499816894531,44.060001373291016,43.7400016784668,44.060001373291016,16594,0.0,0.0
2024-02-28 11:30:00-05:00,44.09000015258789,44.119998931884766,43.95000076293945,44.02000045776367,6973,0.0,0.0
2024-02-28 12:30:00-05:00,44.04999923706055,44.18000030517578,44.029998779296875,44.13999938964844,4285,0.0,0.0
2024-02-28 13:30:00-05:00,44.150001525878906,44.18000030517578,43.95000076293945,43.95000076293945,10322,0.0,0.0
2024-02-28 14:30:00-05:00,43.935001373291016,44.08000183105469,43.935001373291016,44.04999923706055,11785,0.0,0.0
2024-02-28 15:30:00-05:00,44.02000045776367,44.15999984741211,43.70000076293945,43.880001068115234,53531,0.0,0.0
2024-02-29 09:30:00-05:00,44.63999938964844,45.239898681640625,44.61000061035156,44.95000076293945,23347,0.0,0.0
2024-02-29 10:30:00-05:00,44.959999084472656,44.959999084472656,44.040000915527344,44.040000915527344,16950,0.0,0.0
2024-02-29 11:30:00-05:00,43.9900016784668,43.9900016784668,43.43000030517578,43.5099983215332,18538,0.0,0.0
2024-02-29 12:30:00-05:00,43.58000183105469,43.90999984741211,43.560001373291016,43.90999984741211,21087,0.0,0.0
2024-02-29 13:30:00-05:00,43.93000030517578,44.150001525878906,43.915000915527344,44.095001220703125,19169,0.0,0.0
2024-02-29 14:30:00-05:00,44.06999969482422,44.165000915527344,43.86000061035156,43.935001373291016,24183,0.0,0.0
2024-02-29 15:30:00-05:00,43.91999816894531,44.15999984741211,43.61000061035156,43.84000015258789,72076,0.0,0.0
2024-03-01 09:30:00-05:00,43.540000915527344,44.77000045776367,43.154998779296875,44.77000045776367,26380,0.0,0.0
2024-03-01 10:30:00-05:00,44.41999816894531,44.5,44.09000015258789,44.224998474121094,26477,0.0,0.0
2024-03-01 11:30:00-05:00,44.1349983215332,44.59000015258789,44.1150016784668,44.48249816894531,19270,0.0,0.0
2024-03-01 12:30:00-05:00,44.38999938964844,44.435001373291016,44.04499816894531,44.04499816894531,11151,0.0,0.0
2024-03-01 13:30:00-05:00,43.959999084472656,44.459999084472656,43.93000030517578,44.380001068115234,19134,0.0,0.0
2024-03-01 14:30:00-05:00,44.459999084472656,44.540000915527344,44.32749938964844,44.5099983215332,25359,0.0,0.0
2024-03-01 15:30:00-05:00,44.54399871826172,45.04999923706055,44.36000061035156,45.0099983215332,70285,0.0,0.0
2024-03-04 09:30:00-05:00,45.369998931884766,46.084999084472656,45.31999969482422,45.5099983215332,20628,0.0,0.0
2024-03-04 10:30:00-05:00,45.619998931884766,45.90999984741211,45.5,45.82500076293945,6056,0.0,0.0
2024-03-04 11:30:00-05:00,45.72999954223633,45.939998626708984,45.4900016784668,45.52000045776367,10437,0.0,0.0
2024-03-04 12:30:00-05:00,45.474998474121094,45.52000045776367,45.2599983215332,45.2599983215332,9544,0.0,0.0
2024-03-04 13:30:00-05:00,45.29999923706055,45.29999923706055,45.0099983215332,45.04999923706055,12957,0.0,0.0
2024-03-04 14:30:00-05:00,45.064998626708984,45.244998931884766,44.779998779296875,44.86000061035156,17350,0.0,0.0
2024-03-04 15:30:00-05:00,44.86000061035156,45.16999816894531,44.720001220703125,45.13999938964844,86168,0.0,0.0
2024-03-05 09:30:00-05:00,45.0,46.20000076293945,45.0,46.20000076293945,11255,0.0,0.0
2024-03-05 10:30:00-05:00,46.130001068115234,46.53499984741211,45.93000030517578,45.98500061035156,9570,0.0,0.0
2024-03-05 11:30:00-05:00,46.01499938964844,46.34000015258789,45.810001373291016,46.34000015258789,3015,0.0,0.0
2024-03-05 12:30:00-05:00,46.334999084472656,46.52000045776367,46.334999084472656,46.41999816894531,6409,0.0,0.0
2024-03-05 13:30:00-05:00,46.529998779296875,46.70500183105469,46.380001068115234,46.70500183105469,7415,0.0,0.0
2024-03-05 14:30:00-05:00,46.64500045776367,46.64500045776367,46.1349983215332,46.31999969482422,13951,0.0,0.0
2024-03-05 15:30:00-05:00,46.2599983215332,46.97999954223633,46.220001220703125,46.79999923706055,104031,0.0,0.0
2024-03-06 09:30:00-05:00,46.63999938964844,46.63999938964844,45.665000915527344,45.86000061035156,19332,0.0,0.0
2024-03-06 10:30:00-05:00,45.755001068115234,46.52000045776367,45.755001068115234,46.52000045776367,2117,0.0,0.0
2024-03-06 11:30:00-05:00,46.51499938964844,46.51499938964844,45.64500045776367,45.85499954223633,10670,0.0,0.0
2024-03-06 12:30:00-05:00,45.849998474121094,46.279998779296875,45.849998474121094,46.279998779296875,16080,0.0,0.0
2024-03-06 13:30:00-05:00,46.20000076293945,47.29999923706055,46.06999969482422,47.29999923706055,19126,0.0,0.0
2024-03-06 14:30:00-05:00,47.23500061035156,47.60499954223633,46.63999938964844,46.70000076293945,18097,0.0,0.0
2024-03-06 15:30:00-05:00,46.650001525878906,47.13999938964844,46.119998931884766,46.709999084472656,107072,0.0,0.0
2024-03-07 09:30:00-05:00,47.31999969482422,47.790000915527344,47.290000915527344,47.72999954223633,17049,0.0,0.0
2024-03-07 10:30:00-05:00,47.724998474121094,47.724998474121094,46.96500015258789,47.279998779296875,16882,0.0,0.0
2024-03-07 11:30:00-05:00,47.22999954223633,47.255001068115234,47.04999923706055,47.095001220703125,7291,0.0,0.0
2024-03-07 12:30:00-05:00,47.02000045776367,47.224998474121094,46.86000061035156,46.88999938964844,29022,0.0,0.0
2024-03-07 13:30:00-05:00,46.90999984741211,46.90999984741211,46.47999954223633,46.6349983215332,14733,0.0,0.0
2024-03-07 14:30:00-05:00,46.67499923706055,46.68000030517578,46.5,46.534000396728516,22153,0.0,0.0
2024-03-07 15:30:00-05:00,46.56999969482422,46.68000030517578,46.38999938964844,46.52000045776367,26720,0.0,0.0
2024-03-08 09:30:00-05:00,47.20000076293945,47.279998779296875,46.59000015258789,46.95000076293945,16732,0.0,0.0
2024-03-08 10:30:00-05:00,46.8849983215332,47.20000076293945,46.65999984741211,46.65999984741211,24721,0.0,0.0
2024-03-08 11:30:00-05:00,46.720001220703125,46.775001525878906,46.540000915527344,46.65999984741211,33492,0.0,0.0
2024-03-08 12:30:00-05:00,46.650001525878906,46.709999084472656,46.400001525878906,46.560001373291016,14235,0.0,0.0
2024-03-08 13:30:00-05:00,46.5099983215332,46.55500030517578,46.2599983215332,46.48160171508789,18202,0.0,0.0
2024-03-08 14:30:00-05:00,46.56999969482422,46.68000030517578,46.20000076293945,46.255001068115234,23824,0.0,0.0
2024-03-08 15:30:00-05:00,46.369998931884766,46.709999084472656,46.36000061035156,46.650001525878906,42517,0.0,0.0
2024-03-11 09:30:00-04:00,46.54999923706055,46.86000061035156,46.5099983215332,46.78499984741211,8083,0.0,0.0
2024-03-11 10:30:00-04:00,46.720001220703125,46.7400016784668,46.54999923706055,46.66999816894531,9868,0.0,0.0
2024-03-11 11:30:00-04:00,46.685001373291016,46.81999969482422,46.65999984741211,46.81999969482422,6327,0.0,0.0
2024-03-11 12:30:00-04:00,46.779998779296875,46.93000030517578,46.72999954223633,46.90999984741211,12488,0.0,0.0
2024-03-11 13:30:00-04:00,46.96189880371094,46.96189880371094,46.66999816894531,46.7400016784668,6889,0.0,0.0
2024-03-11 14:30:00-04:00,46.72999954223633,47.0,46.689998626708984,46.77000045776367,30153,0.0,0.0
2024-03-11 15:30:00-04:00,46.7400016784668,46.95000076293945,46.560001373291016,46.77000045776367,38366,0.0,0.0
2024-03-12 09:30:00-04:00,46.4900016784668,46.84000015258789,45.630001068115234,46.33000183105469,10870,0.0,0.0
2024-03-12 10:30:00-04:00,46.21500015258789,46.46500015258789,46.04999923706055,46.25659942626953,6589,0.0,0.0
2024-03-12 11:30:00-04:00,46.099998474121094,46.275001525878906,45.778099060058594,46.23500061035156,48563,0.0,0.0
2024-03-12 12:30:00-04:00,46.18000030517578,46.29999923706055,45.95000076293945,46.209999084472656,13509,0.0,0.0
2024-03-12 13:30:00-04:00,46.18000030517578,46.18000030517578,45.97999954223633,46.02000045776367,8635,0.0,0.0
2024-03-12 14:30:00-04:00,46.025001525878906,46.11000061035156,45.939998626708984,46.029998779296875,15536,0.0,0.0
2024-03-12 15:30:00-04:00,46.0,46.220001220703125,45.95000076293945,46.060001373291016,47076,0.0,0.0
2024-03-13 09:30:00-04:00,45.72999954223633,46.84000015258789,45.72999954223633,46.369998931884766,9485,0.0,0.0
2024-03-13 10:30:00-04:00,46.369998931884766,46.369998931884766,45.91999816894531,46.060001373291016,6822,0.0,0.0
2024-03-13 11:30:00-04:00,45.959999084472656,46.2599983215332,45.959999084472656,46.04999923706055,5524,0.0,0.0
2024-03-13 12:30:00-04:00,46.099998474121094,46.25,46.02000045776367,46.220001220703125,34442,0.0,0.0
2024-03-13 13:30:00-04:00,46.21500015258789,46.25,46.099998474121094,46.192501068115234,17646,0.0,0.0
2024-03-13 14:30:00-04:00,46.18000030517578,46.185001373291016,45.84000015258789,45.869998931884766,25284,0.0,0.0
2024-03-13 15:30:00-04:00,45.90999984741211,46.06999969482422,45.86280059814453,46.040000915527344,58523,0.0,0.0
2024-03-14 09:30:00-04:00,45.77000045776367,46.650001525878906,45.334999084472656,45.334999084472656,28253,0.0,0.0
2024-03-14 10:30:00-04:00,45.22999954223633,45.46500015258789,45.18000030517578,45.26499938964844,15186,0.0,0.0
2024-03-14 11:30:00-04:00,45.290000915527344,45.459999084472656,45.060001373291016,45.060001373291016,35592,0.0,0.0
2024-03-14 12:30:00-04:00,44.91999816894531,45.06999969482422,44.77000045776367,45.06999969482422,16675,0.0,0.0
2024-03-14 13:30:00-04:00,45.0,45.25,44.959999084472656,45.15999984741211,21971,0.0,0.0
2024-03-14 14:30:00-04:00,45.06999969482422,45.2400016784668,44.540000915527344,44.57500076293945,17145,0.0,0.0
2024-03-14 15:30:00-04:00,44.630001068115234,45.040000915527344,44.369998931884766,45.040000915527344,69725,0.0,0.0
2024-03-15 09:30:00-04:00,44.58000183105469,46.52000045776367,44.58000183105469,45.30500030517578,90500,0.0,0.0
2024-03-15 10:30:00-04:00,45.310001373291016,45.68000030517578,45.209999084472656,45.61000061035156,13841,0.0,0.0
2024-03-15 11:30:00-04:00,45.55619812011719,45.68000030517578,45.40999984741211,45.4900016784668,13096,0.0,0.0
2024-03-15 12:30:00-04:00,45.42499923706055,45.55070114135742,45.29499816894531,45.435001373291016,17599,0.0,0.0
2024-03-15 13:30:00-04:00,45.5,45.54999923706055,45.40999984741211,45.470001220703125,7295,0.0,0.0
2024-03-15 14:30:00-04:00,45.470001220703125,45.6349983215332,45.369998931884766,45.540000915527344,9068,0.0,0.0
2024-03-15 15:30:00-04:00,45.55820083618164,45.68000030517578,45.400001525878906,45.4900016784668,93232,0.0,0.0
2024-03-18 09:30:00-04:00,45.56999969482422,45.689998626708984,45.16999816894531,45.29499816894531,10968,0.0,0.0
2024-03-18 10:30:00-04:00,45.16999816894531,45.6150016784668,45.16999816894531,45.56999969482422,13306,0.0,0.0
2024-03-18 11:30:00-04:00,45.540000915527344,45.61000061035156,45.21500015258789,45.2400016784668,5520,0.0,0.0
2024-03-18 12:30:00-04:00,45.26499938964844,45.369998931884766,45.220001220703125,45.2400016784668,13312,0.0,0.0
2024-03-18 13:30:00-04:00,45.20000076293945,45.22999954223633,45.029998779296875,45.029998779296875,11631,0.0,0.0
2024-03-18 14:30:00-04:00,45.064998626708984,45.18000030517578,44.775001525878906,44.810001373291016,20700,0.0,0.0
2024-03-18 15:30:00-04:00,44.790000915527344,44.959999084472656,44.65999984741211,44.709999084472656,28884,0.0,0.0
2024-03-19 09:30:00-04:00,44.630001068115234,45.060001373291016,44.400001525878906,45.04999923706055,8659,0.0,0.0
2024-03-19 10:30:00-04:00,44.899600982666016,45.1349983215332,44.899600982666016,45.1349983215332,3169,0.0,0.0
2024-03-19 11:30:00-04:00,45.119998931884766,45.189998626708984,45.064998626708984,45.142601013183594,7839,0.0,0.0
2024-03-19 12:30:00-04:00,45.09000015258789,45.20000076293945,45.04499816894531,45.08000183105469,5380,0.0,0.0
2024-03-19 13:30:00-04:00,45.09000015258789,45.099998474121094,44.83620071411133,44.83620071411133,6215,0.0,0.0
2024-03-19 14:30:00-04:00,44.8650016784668,44.95000076293945,44.75,44.95000076293945,10138,0.0,0.0
2024-03-19 15:30:00-04:00,44.94499969482422,44.94499969482422,44.66999816894531,44.66999816894531,16265,0.0,0.0
2024-03-20 09:30:00-04:00,44.38999938964844,44.58000183105469,44.38999938964844,44.540000915527344,6421,0.0,0.0
2024-03-20 10:30:00-04:00,44.555999755859375,44.7400016784668,44.49689865112305,44.7400016784668,8384,0.0,0.0
2024-03-20 11:30:00-04:00,44.72999954223633,44.88999938964844,44.630001068115234,44.790000915527344,8786,0.0,0.0
2024-03-20 12:30:00-04:00,44.7599983215332,44.7599983215332,44.650001525878906,44.68840026855469,6353,0.0,0.0
2024-03-20 13:30:00-04:00,44.73500061035156,45.66999816894531,44.65999984741211,45.380001068115234,18352,0.0,0.0
2024-03-20 14:30:00-04:00,45.42499923706055,46.7599983215332,45.119998931884766,46.65999984741211,29877,0.0,0.0
2024-03-20 15:30:00-04:00,46.619998931884766,46.81999969482422,46.2599983215332,46.27000045776367,34360,0.0,0.0
2024-03-21 09:30:00-04:00,46.310001373291016,47.290000915527344,46.310001373291016,46.9900016784668,11986,0.0,0.0
2024-03-21 10:30:00-04:00,46.9900016784668,47.20000076293945,46.875,46.875,8305,0.0,0.0
2024-03-21 11:30:00-04:00,46.755001068115234,46.939998626708984,46.54499816894531,46.584999084472656,8915,0.0,0.0
2024-03-21 12:30:00-04:00,46.494998931884766,46.58000183105469,46.29999923706055,46.439998626708984,14860,0.0,0.0
2024-03-21 13:30:00-04:00,46.39500045776367,46.630001068115234,46.345001220703125,46.630001068115234,10206,0.0,0.0
2024-03-21 14:30:00-04:00,46.65999984741211,46.75,46.439998626708984,46.75,35019,0.0,0.0
2024-03-21 15:30:00-04:00,46.724998474121094,46.724998474121094,46.43000030517578,46.45000076293945,41756,0.0,0.0
2024-03-22 09:30:00-04:00,46.56999969482422,46.56999969482422,45.93000030517578,46.029998779296875,9734,0.0,0.0
2024-03-22 10:30:00-04:00,46.0099983215332,46.09000015258789,45.90999984741211,45.95000076293945,16954,0.0,0.0
2024-03-22 11:30:00-04:00,45.9900016784668,46.104000091552734,45.95000076293945,46.06999969482422,25316,0.0,0.0
2024-03-22 12:30:00-04:00,46.0,46.11000061035156,46.0,46.04999923706055,10713,0.0,0.0
2024-03-22 13:30:00-04:00,46.04999923706055,46.11000061035156,45.92499923706055,46.0099983215332,9916,0.0,0.0
2024-03-22 14:30:00-04:00,45.970001220703125,46.0,45.755001068115234,45.959999084472656,9821,0.0,0.0
2024-03-22 15:30:00-04:00,45.95000076293945,46.13999938964844,45.92499923706055,45.974998474121094,22674,0.0,0.0
2024-03-25 09:30:00-04:00,46.02000045776367,46.57500076293945,46.02000045776367,46.2599983215332,16362,0.0,0.0
2024-03-25 10:30:00-04:00,46.15999984741211,46.38999938964844,46.064998626708984,46.38999938964844,5248,0.0,0.0
2024-03-25 11:30:00-04:00,46.2400016784668,46.279998779296875,46.15999984741211,46.279998779296875,6579,0.0,0.0
2024-03-25 12:30:00-04:00,46.209999084472656,46.255001068115234,46.189998626708984,46.189998626708984,6281,0.0,0.0
2024-03-25 13:30:00-04:00,46.22959899902344,46.22959899902344,45.970001220703125,46.09000015258789,15010,0.0,0.0
2024-03-25 14:30:00-04:00,46.130001068115234,46.16999816894531,45.56999969482422,45.66999816894531,35874,0.0,0.0
2024-03-25 15:30:00-04:00,45.720001220703125,46.0099983215332,45.65999984741211,45.83000183105469,43702,0.0,0.0
2024-03-26 09:30:00-04:00,46.25,46.4900016784668,45.70000076293945,45.7400016784668,12789,0.0,0.0
2024-03-26 10:30:00-04:00,45.75400161743164,45.75400161743164,45.2400016784668,45.2400016784668,7167,0.0,0.0
2024-03-26 11:30:00-04:00,45.31999969482422,45.369998931884766,45.029998779296875,45.220001220703125,13172,0.0,0.0
2024-03-26 12:30:00-04:00,45.2599983215332,45.349998474121094,45.13999938964844,45.349998474121094,13678,0.0,0.0
2024-03-26 13:30:00-04:00,45.36000061035156,45.474998474121094,45.28499984741211,45.369998931884766,10913,0.0,0.0
2024-03-26 14:30:00-04:00,45.369998931884766,45.525001525878906,45.31999969482422,45.4900016784668,13630,0.0,0.0
2024-03-26 15:30:00-04:00,45.5099983215332,45.55500030517578,45.11000061035156,45.20000076293945,44928,0.0,0.0
2024-03-27 09:30:00-04:00,45.560001373291016,46.095001220703125,45.529998779296875,45.94499969482422,21028,0.0,0.0
2024-03-27 10:30:00-04:00,46.02000045776367,46.5,46.02000045776367,46.494998931884766,13919,0.0,0.0
2024-03-27 11:30:00-04:00,46.522499084472656,46.522499084472656,46.36000061035156,46.46500015258789,11088,0.0,0.0
2024-03-27 12:30:00-04:00,46.470001220703125,46.505001068115234,46.33000183105469,46.41999816894531,7869,0.0,0.0
2024-03-27 13:30:00-04:00,46.470001220703125,46.58000183105469,46.404998779296875,46.58000183105469,11987,0.0,0.0
2024-03-27 14:30:00-04:00,46.654998779296875,47.2599983215332,46.654998779296875,47.2599983215332,33427,0.0,0.0
2024-03-27 15:30:00-04:00,47.209999084472656,47.849998474121094,47.13999938964844,47.810001373291016,61118,0.0,0.0
2024-03-28 09:30:00-04:00,47.56999969482422,47.939998626708984,47.36000061035156,47.72999954223633,21115,0.0,0.0
2024-03-28 10:30:00-04:00,47.790000915527344,47.869998931884766,47.66999816894531,47.72999954223633,14236,0.0,0.0
2024-03-28 11:30:00-04:00,47.76499938964844,48.28499984741211,47.7400016784668,48.20000076293945,47897,0.0,0.0
2024-03-28 12:30:00-04:00,48.13999938964844,48.165000915527344,47.90999984741211,48.02000045776367,9581,0.0,0.0
2024-03-28 13:30:00-04:00,47.97999954223633,48.18000030517578,47.97999954223633,48.099998474121094,12035,0.0,0.0
2024-03-28 14:30:00-04:00,48.0,48.29499816894531,48.0,48.09000015258789,65412,0.0,0.0
2024-03-28 15:30:00-04:00,48.130001068115234,48.369998931884766,48.0,48.01100158691406,62658,0.0,0.0
2024-04-01 09:30:00-04:00,48.43000030517578,48.43000030517578,46.61000061035156,46.689998626708984,18191,0.0,0.0
2024-04-01 10:30:00-04:00,46.7599983215332,47.150001525878906,46.744998931884766,46.83000183105469,14272,0.0,0.0
2024-04-01 11:30:00-04:00,46.900001525878906,47.040000915527344,46.6349983215332,47.040000915527344,10711,0.0,0.0
2024-04-01 12:30:00-04:00,46.900001525878906,46.90999984741211,46.83000183105469,46.869998931884766,6710,0.0,0.0
2024-04-01 13:30:00-04:00,46.810001373291016,47.04999923706055,46.73500061035156,46.9900016784668,7400,0.0,0.0
2024-04-01 14:30:00-04:00,46.970001220703125,47.33000183105469,46.939998626708984,47.08000183105469,39823,0.0,0.0
2024-04-01 15:30:00-04:00,47.09000015258789,47.13100051879883,46.970001220703125,46.970001220703125,37197,0.0,0.0
2024-04-02 09:30:00-04:00,46.34000015258789,46.790000915527344,46.125,46.38999938964844,11301,0.0,0.0
2024-04-02 10:30:00-04:00,46.349998474121094,46.45000076293945,46.34000015258789,46.400001525878906,11454,0.0,0.0
2024-04-02 11:30:00-04:00,46.35499954223633,46.380001068115234,46.157501220703125,46.279998779296875,10079,0.0,0.0
2024-04-02 12:30:00-04:00,46.275001525878906,46.310001373291016,46.189998626708984,46.310001373291016,10583,0.0,0.0
2024-04-02 13:30:00-04:00,46.2400016784668,46.435001373291016,46.2400016784668,46.404998779296875,10394,0.0,0.0
2024-04-02 14:30:00-04:00,46.404998779296875,46.45000076293945,46.10499954223633,46.31999969482422,24338,0.0,0.0
2024-04-02 15:30:00-04:00,46.380001068115234,46.619998931884766,46.290000915527344,46.619998931884766,37374,0.0,0.0
2024-04-03 09:30:00-04:00,46.18000030517578,46.849998474121094,46.18000030517578,46.720001220703125,16939,0.0,0.0
2024-04-03 10:30:00-04:00,46.65999984741211,46.97999954223633,46.65999984741211,46.880001068115234,6450,0.0,0.0
2024-04-03 11:30:00-04:00,46.880001068115234,46.88999938964844,46.579898834228516,46.86289978027344,15135,0.0,0.0
2024-04-03 12:30:00-04:00,46.81999969482422,46.875,46.810001373291016,46.810001373291016,6418,0.0,0.0
2024-04-03 13:30:00-04:00,46.83000183105469,46.83000183105469,46.56999969482422,46.630001068115234,4941,0.0,0.0
2024-04-03 14:30:00-04:00,46.58330154418945,46.73899841308594,46.41999816894531,46.5,20782,0.0,0.0
2024-04-03 15:30:00-04:00,46.529998779296875,46.709999084472656,46.505001068115234,46.66999816894531,30608,0.0,0.0
2024-04-04 09:30:00-04:00,47.029998779296875,47.86000061035156,47.029998779296875,47.650001525878906,9366,0.0,0.0
2024-04-04 10:30:00-04:00,47.59000015258789,47.619998931884766,47.22999954223633,47.22999954223633,8499,0.0,0.0
2024-04-04 11:30:00-04:00,47.28499984741211,47.4900016784668,47.28499984741211,47.369998931884766,7376,0.0,0.0
2024-04-04 12:30:00-04:00,47.45000076293945,47.619998931884766,47.40999984741211,47.540000915527344,14314,0.0,0.0
2024-04-04 13:30:00-04:00,47.43000030517578,47.43000030517578,47.099998474121094,47.20000076293945,8871,0.0,0.0
2024-04-04 14:30:00-04:00,47.029998779296875,47.0890007019043,46.68000030517578,46.810001373291016,14492,0.0,0.0
2024-04-04 15:30:00-04:00,46.66999816894531,46.689998626708984,46.470001220703125,46.529998779296875,32075,0.0,0.0
2024-04-05 09:30:00-04:00,46.2400016784668,46.279998779296875,46.060001373291016,46.060001373291016,7893,0.0,0.0
2024-04-05 10:30:00-04:00,46.087501525878906,46.13999938964844,45.900001525878906,45.91999816894531,4594,0.0,0.0
2024-04-05 11:30:00-04:00,45.98500061035156,46.21500015258789,45.970001220703125,46.21500015258789,10080,0.0,0.0
2024-04-05 12:30:00-04:00,46.13999938964844,46.2400016784668,46.02000045776367,46.029998779296875,4631,0.0,0.0
2024-04-05 13:30:00-04:00,45.95009994506836,46.060001373291016,45.90999984741211,46.04999923706055,7094,0.0,0.0
2024-04-05 14:30:00-04:00,46.0099983215332,46.029998779296875,45.90999984741211,46.0099983215332,5819,0.0,0.0
2024-04-05 15:30:00-04:00,45.97999954223633,46.18000030517578,45.880001068115234,46.159000396728516,22420,0.0,0.0
2024-04-08 09:30:00-04:00,46.22999954223633,46.58000183105469,46.14500045776367,46.45000076293945,5135,0.0,0.0
2024-04-08 10:30:00-04:00,46.58000183105469,46.75,46.58000183105469,46.66999816894531,3729,0.0,0.0
2024-04-08 11:30:00-04:00,46.52000045776367,46.68000030517578,46.52000045776367,46.599998474121094,2624,0.0,0.0
2024-04-08 12:30:00-04:00,46.650001525878906,46.75,46.650001525878906,46.75,2674,0.0,0.0
2024-04-08 13:30:00-04:00,46.77000045776367,46.790000915527344,46.75,46.75,2968,0.0,0.0
2024-04-08 14:30:00-04:00,46.790000915527344,46.81999969482422,46.709999084472656,46.709999084472656,4900,0.0,0.0
2024-04-08 15:30:00-04:00,46.91999816894531,46.91999816894531,46.529998779296875,46.529998779296875,10278,0.0,0.0
2024-04-09 09:30:00-04:00,46.56999969482422,47.060001373291016,46.56999969482422,47.060001373291016,4930,0.0,0.0
2024-04-09 10:30:00-04:00,46.9900016784668,47.040000915527344,46.849998474121094,47.040000915527344,6127,0.0,0.0
2024-04-09 11:30:00-04:00,46.9900016784668,47.084999084472656,46.88999938964844,47.06999969482422,3346,0.0,0.0
2024-04-09 12:30:00-04:00,47.01900100708008,47.02000045776367,46.84000015258789,46.900001525878906,5282,0.0,0.0
2024-04-09 13:30:00-04:00,46.856998443603516,46.900001525878906,46.619998931884766,46.650001525878906,8068,0.0,0.0
2024-04-09 14:30:00-04:00,46.650001525878906,46.869998931884766,46.650001525878906,46.84000015258789,18695,0.0,0.0
2024-04-09 15:30:00-04:00,46.849998474121094,47.025001525878906,46.65999984741211,46.72999954223633,36487,0.0,0.0
2024-04-10 09:30:00-04:00,45.40999984741211,45.40999984741211,44.560001373291016,44.8650016784668,16369,0.0,0.0
2024-04-10 10:30:00-04:00,44.91999816894531,44.96500015258789,44.060001373291016,44.16999816894531,10885,0.0,0.0
2024-04-10 11:30:00-04:00,44.150001525878906,44.150001525878906,43.88999938964844,43.959999084472656,9689,0.0,0.0
2024-04-10 12:30:00-04:00,43.93000030517578,43.93000030517578,43.40999984741211,43.58000183105469,11508,0.0,0.0
2024-04-10 13:30:00-04:00,43.529998779296875,43.75,43.47999954223633,43.650001525878906,8758,0.0,0.0
2024-04-10 14:30:00-04:00,43.57080078125,46.7400016784668,43.47999954223633,43.91999816894531,13188,0.0,0.0
2024-04-10 15:30:00-04:00,43.90999984741211,44.005001068115234,43.63999938964844,43.93000030517578,28386,0.0,0.0
2024-04-11 09:30:00-04:00,44.02000045776367,44.119998931884766,43.29999923706055,43.380001068115234,12174,0.0,0.0
2024-04-11 10:30:00-04:00,43.45500183105469,43.77000045776367,43.380001068115234,43.584999084472656,7072,0.0,0.0
2024-04-11 11:30:00-04:00,43.599998474121094,43.94499969482422,43.599998474121094,43.83000183105469,7018,0.0,0.0
2024-04-11 12:30:00-04:00,43.79999923706055,44.11000061035156,43.79999923706055,44.09000015258789,7271,0.0,0.0
2024-04-11 13:30:00-04:00,44.09000015258789,44.2400016784668,43.858299255371094,44.2400016784668,7863,0.0,0.0
2024-04-11 14:30:00-04:00,44.209999084472656,44.5099983215332,44.119998931884766,44.28499984741211,28377,0.0,0.0
2024-04-11 15:30:00-04:00,44.25,44.540000915527344,44.220001220703125,44.369998931884766,37431,0.0,0.0
2024-04-12 09:30:00-04:00,43.970001220703125,44.09000015258789,43.79999923706055,43.8849983215332,9505,0.0,0.0
2024-04-12 10:30:00-04:00,43.83000183105469,43.83000183105469,43.61899948120117,43.73500061035156,6249,0.0,0.0
2024-04-12 11:30:00-04:00,43.880001068115234,44.03499984741211,43.86000061035156,44.02859878540039,6699,0.0,0.0
2024-04-12 12:30:00-04:00,43.97999954223633,43.97999954223633,43.83000183105469,43.83000183105469,8128,0.0,0.0
2024-04-12 13:30:00-04:00,43.999900817871094,43.999900817871094,43.79999923706055,43.79999923706055,4187,0.0,0.0
2024-04-12 14:30:00-04:00,43.689998626708984,43.900001525878906,43.689998626708984,43.880001068115234,11329,0.0,0.0
2024-04-12 15:30:00-04:00,43.91999816894531,43.939998626708984,43.709999084472656,43.89500045776367,21260,0.0,0.0
2024-04-15 09:30:00-04:00,44.09000015258789,44.6150016784668,43.60499954223633,43.60499954223633,9693,0.0,0.0
2024-04-15 10:30:00-04:00,43.50320053100586,43.72999954223633,43.50320053100586,43.68000030517578,9956,0.0,0.0
2024-04-15 11:30:00-04:00,43.790000915527344,43.92290115356445,43.709999084472656,43.81999969482422,10677,0.0,0.0
2024-04-15 12:30:00-04:00,43.724998474121094,43.7599983215332,43.470001220703125,43.470001220703125,8287,0.0,0.0
2024-04-15 13:30:00-04:00,43.381099700927734,43.65999984741211,43.32500076293945,43.45500183105469,19247,0.0,0.0
2024-04-15 14:30:00-04:00,43.45000076293945,43.53499984741211,43.30550003051758,43.400001525878906,15224,0.0,0.0
2024-04-15 15:30:00-04:00,43.4900016784668,43.869998931884766,43.459999084472656,43.810001373291016,37726,0.0,0.0
2024-04-16 09:30:00-04:00,43.5,43.5,42.817501068115234,43.04999923706055,12693,0.0,0.0
2024-04-16 10:30:00-04:00,43.060001373291016,43.189998626708984,42.84000015258789,43.06999969482422,14206,0.0,0.0
2024-04-16 11:30:00-04:00,43.029998779296875,43.189998626708984,43.029998779296875,43.189998626708984,10482,0.0,0.0
2024-04-16 12:30:00-04:00,43.18000030517578,43.189998626708984,43.060001373291016,43.150001525878906,9666,0.0,0.0
2024-04-16 13:30:00-04:00,43.02000045776367,43.27000045776367,42.869998931884766,42.9900016784668,11660,0.0,0.0
2024-04-16 14:30:00-04:00,42.900001525878906,43.15999984741211,42.880001068115234,43.04999923706055,12879,0.0,0.0
2024-04-16 15:30:00-04:00,43.0099983215332,43.150001525878906,42.880001068115234,42.939998626708984,30174,0.0,0.0
2024-04-17 09:30:00-04:00,43.45000076293945,43.77000045776367,43.30500030517578,43.5099983215332,13194,0.0,0.0
2024-04-17 10:30:00-04:00,43.41999816894531,43.51499938964844,43.28499984741211,43.28499984741211,9456,0.0,0.0
2024-04-17 11:30:00-04:00,43.22999954223633,43.505001068115234,43.22999954223633,43.439998626708984,12827,0.0,0.0
2024-04-17 12:30:00-04:00,43.474998474121094,43.83000183105469,43.36000061035156,43.83000183105469,7535,0.0,0.0
2024-04-17 13:30:00-04:00,43.75,43.83000183105469,43.372501373291016,43.459999084472656,16295,0.0,0.0
2024-04-17 14:30:00-04:00,43.40999984741211,43.619998931884766,43.154998779296875,43.20500183105469,24657,0.0,0.0
2024-04-17 15:30:00-04:00,43.209999084472656,43.25,42.970001220703125,42.970001220703125,44597,0.0,0.0
2024-04-18 09:30:00-04:00,43.02000045776367,45.099998474121094,42.000099182128906,44.599998474121094,17699,0.0,0.0
2024-04-18 10:30:00-04:00,44.65999984741211,44.810001373291016,44.084999084472656,44.084999084472656,12607,0.0,0.0
2024-04-18 11:30:00-04:00,44.0525016784668,44.5099983215332,44.02000045776367,44.47999954223633,16453,0.0,0.0
2024-04-18 12:30:00-04:00,44.439998626708984,44.439998626708984,43.970001220703125,44.23500061035156,16446,0.0,0.0
2024-04-18 13:30:00-04:00,44.349998474121094,44.349998474121094,44.064998626708984,44.064998626708984,11657,0.0,0.0
2024-04-18 14:30:00-04:00,44.037498474121094,44.314998626708984,43.939300537109375,44.15999984741211,22499,0.0,0.0
2024-04-18 15:30:00-04:00,44.16999816894531,44.220001220703125,43.689998626708984,43.720001220703125,51031,0.0,0.0
2024-04-19 09:30:00-04:00,43.45000076293945,44.66999816894531,43.435001373291016,44.540000915527344,23981,0.0,0.0
2024-04-19 10:30:00-04:00,44.474998474121094,44.93000030517578,44.474998474121094,44.66999816894531,10267,0.0,0.0
2024-04-19 11:30:00-04:00,44.61000061035156,44.93000030517578,44.439998626708984,44.439998626708984,24513,0.0,0.0
2024-04-19 12:30:00-04:00,44.5,44.84000015258789,44.47999954223633,44.599998474121094,39625,0.0,0.0
2024-04-19 13:30:00-04:00,44.52000045776367,44.77000045776367,44.432498931884766,44.56999969482422,35127,0.0,0.0
2024-04-19 14:30:00-04:00,44.625,44.869998931884766,44.4900016784668,44.68000030517578,46931,0.0,0.0
2024-04-19 15:30:00-04:00,44.68000030517578,44.9900016784668,44.459999084472656,44.97999954223633,69949,0.0,0.0
2024-04-22 09:30:00-04:00,45.040000915527344,45.29999923706055,44.90999984741211,45.16999816894531,14296,0.0,0.0
2024-04-22 10:30:00-04:00,45.16999816894531,45.6150016784668,44.939998626708984,45.38999938964844,25657,0.0,0.0
2024-04-22 11:30:00-04:00,45.46500015258789,45.54999923706055,45.279998779296875,45.54499816894531,17778,0.0,0.0
2024-04-22 12:30:00-04:00,45.4900016784668,45.76499938964844,45.41999816894531,45.709999084472656,14966,0.0,0.0
2024-04-22 13:30:00-04:00,45.70000076293945,45.7400016784668,45.525001525878906,45.54999923706055,19493,0.0,0.0
2024-04-22 14:30:00-04:00,45.5625,45.61000061035156,45.25,45.29999923706055,29419,0.0,0.0
2024-04-22 15:30:00-04:00,45.31999969482422,45.564998626708984,45.150001525878906,45.22999954223633,44994,0.0,0.0
2024-04-23 09:30:00-04:00,45.02000045776367,46.11000061035156,45.02000045776367,46.0,13601,0.0,0.0
2024-04-23 10:30:00-04:00,45.939998626708984,46.099998474121094,45.80500030517578,46.04999923706055,12628,0.0,0.0
2024-04-23 11:30:00-04:00,45.9900016784668,46.06999969482422,45.79499816894531,45.86000061035156,15775,0.0,0.0
2024-04-23 12:30:00-04:00,45.849998474121094,45.994998931884766,45.810001373291016,45.994998931884766,8647,0.0,0.0
2024-04-23 13:30:00-04:00,45.95000076293945,46.33000183105469,45.86000061035156,46.310001373291016,17402,0.0,0.0
2024-04-23 14:30:00-04:00,46.2400016784668,46.32500076293945,46.15999984741211,46.27000045776367,30197,0.0,0.0
2024-04-23 15:30:00-04:00,46.27000045776367,46.27000045776367,45.91999816894531,46.13999938964844,43303,0.0,0.0
2024-04-24 09:30:00-04:00,45.59000015258789,45.86000061035156,45.0,45.56999969482422,7330,0.0,0.0
2024-04-24 10:30:00-04:00,45.47999954223633,45.47999954223633,45.33000183105469,45.45500183105469,6422,0.0,0.0
2024-04-24 11:30:00-04:00,45.540000915527344,45.70500183105469,45.349998474121094,45.70500183105469,6264,0.0,0.0
2024-04-24 12:30:00-04:00,45.79999923706055,45.939998626708984,45.66999816894531,45.810001373291016,9651,0.0,0.0
2024-04-24 13:30:00-04:00,45.801998138427734,45.880001068115234,45.63999938964844,45.709999084472656,7666,0.0,0.0
2024-04-24 14:30:00-04:00,45.779998779296875,46.040000915527344,45.72999954223633,45.974998474121094,17343,0.0,0.0
2024-04-24 15:30:00-04:00,45.97999954223633,46.279998779296875,45.900001525878906,46.08000183105469,27188,0.0,0.0
2024-04-25 09:30:00-04:00,45.88999938964844,45.88999938964844,44.939998626708984,45.31999969482422,16485,0.0,0.0
2024-04-25 10:30:00-04:00,45.439998626708984,45.45000076293945,45.04999923706055,45.095001220703125,9924,0.0,0.0
2024-04-25 11:30:00-04:00,45.060001373291016,45.320899963378906,44.939998626708984,45.320899963378906,6629,0.0,0.0
2024-04-25 12:30:00-04:00,45.34000015258789,45.34000015258789,45.17499923706055,45.18000030517578,7722,0.0,0.0
2024-04-25 13:30:00-04:00,45.2599983215332,45.459999084472656,45.15999984741211,45.15999984741211,7302,0.0,0.0
2024-04-25 14:30:00-04:00,45.05500030517578,45.6150016784668,45.05500030517578,45.529998779296875,12105,0.0,0.0
2024-04-25 15:30:00-04:00,45.540000915527344,45.65999984741211,45.31999969482422,45.31999969482422,26336,0.0,0.0
2024-04-26 09:30:00-04:00,45.38999938964844,45.878299713134766,45.38999938964844,45.790000915527344,9574,0.0,0.0
2024-04-26 10:30:00-04:00,45.70000076293945,45.720001220703125,45.68000030517578,45.68000030517578,3667,0.0,0.0
2024-04-26 11:30:00-04:00,45.709999084472656,45.72999954223633,45.66999816894531,45.6775016784668,2434,0.0,0.0
2024-04-26 12:30:00-04:00,45.73500061035156,45.7400016784668,45.5099983215332,45.52000045776367,5458,0.0,0.0
2024-04-26 13:30:00-04:00,45.5099983215332,45.560001373291016,45.459999084472656,45.459999084472656,2796,0.0,0.0
2024-04-26 14:30:00-04:00,45.47999954223633,45.53499984741211,45.33000183105469,45.369998931884766,8599,0.0,0.0
2024-04-26 15:30:00-04:00,45.349998474121094,45.56999969482422,45.209999084472656,45.31999969482422,34624,0.0,0.0
2024-04-29 09:30:00-04:00,45.15999984741211,45.22999954223633,44.939998626708984,44.939998626708984,7842,0.0,0.0
2024-04-29 10:30:00-04:00,44.790000915527344,44.96500015258789,44.790000915527344,44.869998931884766,11187,0.0,0.0
2024-04-29 11:30:00-04:00,44.75,44.95500183105469,44.665000915527344,44.95500183105469,13050,0.0,0.0
2024-04-29 12:30:00-04:00,45.10499954223633,45.10499954223633,44.790000915527344,44.81999969482422,13116,0.0,0.0
2024-04-29 13:30:00-04:00,44.7599983215332,44.92499923706055,44.75,44.86000061035156,7243,0.0,0.0
2024-04-29 14:30:00-04:00,44.81999969482422,44.83000183105469,44.54999923706055,44.61000061035156,11384,0.0,0.0
2024-04-29 15:30:00-04:00,44.665000915527344,44.66999816894531,44.45000076293945,44.45000076293945,22040,0.0,0.0
2024-04-30 09:30:00-04:00,44.0099983215332,44.3849983215332,44.0099983215332,44.290000915527344,4878,0.0,0.0
2024-04-30 10:30:00-04:00,44.189998626708984,44.2599983215332,44.099998474121094,44.11000061035156,9177,0.0,0.0
2024-04-30 11:30:00-04:00,44.04999923706055,44.27000045776367,44.0099983215332,44.08000183105469,9672,0.0,0.0
2024-04-30 12:30:00-04:00,43.95000076293945,44.099998474121094,43.83000183105469,43.880001068115234,28383,0.0,0.0
2024-04-30 13:30:00-04:00,43.81999969482422,44.04999923706055,43.7599983215332,43.7599983215332,17265,0.0,0.0
2024-04-30 14:30:00-04:00,43.75,43.91999816894531,43.7400016784668,43.869998931884766,14380,0.0,0.0
2024-04-30 15:30:00-04:00,43.81999969482422,43.97999954223633,43.630001068115234,43.65999984741211,26624,0.0,0.0
2024-05-01 09:30:00-04:00,43.93000030517578,44.5,43.93000030517578,44.3849983215332,16343,0.0,0.0
2024-05-01 10:30:00-04:00,44.3849983215332,44.57500076293945,44.28499984741211,44.55500030517578,16318,0.0,0.0
2024-05-01 11:30:00-04:00,44.55500030517578,44.560001373291016,44.380001068115234,44.400001525878906,7861,0.0,0.0
2024-05-01 12:30:00-04:00,44.47999954223633,44.720001220703125,44.39500045776367,44.65999984741211,16073,0.0,0.0
2024-05-01 13:30:00-04:00,44.65999984741211,44.685001373291016,44.349998474121094,44.459999084472656,11952,0.0,0.0
2024-05-01 14:30:00-04:00,44.48500061035156,45.380001068115234,44.40999984741211,45.15999984741211,35761,0.0,0.0
2024-05-01 15:30:00-04:00,45.025001525878906,45.040000915527344,44.41999816894531,44.43000030517578,35802,0.0,0.0
2024-05-02 09:30:00-04:00,45.029998779296875,45.25,44.810001373291016,45.11000061035156,11223,0.0,0.0
2024-05-02 10:30:00-04:00,45.060001373291016,45.25,45.0099983215332,45.15999984741211,8814,0.0,0.0
2024-05-02 11:30:00-04:00,45.25,45.25,45.130001068115234,45.20000076293945,3829,0.0,0.0
2024-05-02 12:30:00-04:00,45.20000076293945,45.23500061035156,45.08000183105469,45.11000061035156,7377,0.0,0.0
2024-05-02 13:30:00-04:00,45.119998931884766,45.21500015258789,45.050201416015625,45.18000030517578,7426,0.0,0.0
2024-05-02 14:30:00-04:00,45.18000030517578,45.22999954223633,45.064998626708984,45.1150016784668,24738,0.0,0.0
2024-05-02 15:30:00-04:00,45.119998931884766,45.33000183105469,45.064998626708984,45.31999969482422,21814,0.0,0.0
2024-05-03 09:30:00-04:00,46.04999923706055,46.09000015258789,45.790000915527344,45.93000030517578,12101,0.0,0.0
2024-05-03 10:30:00-04:00,45.849998474121094,45.88999938964844,45.75,45.779998779296875,6981,0.0,0.0
2024-05-03 11:30:00-04:00,45.775001525878906,45.83000183105469,45.42499923706055,45.619998931884766,8262,0.0,0.0
2024-05-03 12:30:00-04:00,45.59000015258789,45.79999923706055,45.59000015258789,45.779998779296875,7461,0.0,0.0
2024-05-03 13:30:00-04:00,45.75,46.0,45.689998626708984,46.0,6301,0.0,0.0
2024-05-03 14:30:00-04:00,46.04999923706055,46.11000061035156,46.0,46.11000061035156,20862,0.0,0.0
2024-05-03 15:30:00-04:00,46.119998931884766,46.2400016784668,45.97999954223633,46.220001220703125,20658,0.0,0.0
2024-05-06 09:30:00-04:00,46.369998931884766,46.689998626708984,46.369998931884766,46.599998474121094,6080,0.0,0.0
2024-05-06 10:30:00-04:00,46.650001525878906,46.709999084472656,46.2400016784668,46.52000045776367,7985,0.0,0.0
2024-05-06 11:30:00-04:00,46.61050033569336,46.76499938964844,46.61050033569336,46.65999984741211,2758,0.0,0.0
2024-05-06 12:30:00-04:00,46.70000076293945,46.810001373291016,46.650001525878906,46.75,5511,0.0,0.0
2024-05-06 13:30:00-04:00,46.790000915527344,46.880001068115234,46.73500061035156,46.755001068115234,5839,0.0,0.0
2024-05-06 14:30:00-04:00,46.77750015258789,46.77750015258789,46.439998626708984,46.439998626708984,9566,0.0,0.0
2024-05-06 15:30:00-04:00,46.45000076293945,46.52000045776367,46.27000045776367,46.27000045776367,17477,0.0,0.0
2024-05-07 09:30:00-04:00,46.5099983215332,46.75,46.5099983215332,46.7400016784668,2660,0.0,0.0
2024-05-07 10:30:00-04:00,46.63999938964844,46.63999938964844,46.5099983215332,46.5099983215332,3824,0.0,0.0
2024-05-07 11:30:00-04:00,46.459999084472656,46.470001220703125,46.459999084472656,46.459999084472656,2917,0.0,0.0
2024-05-07 12:30:00-04:00,46.45500183105469,46.47999954223633,46.290000915527344,46.290000915527344,5447,0.0,0.0
2024-05-07 13:30:00-04:00,46.2599983215332,46.27000045776367,46.16999816894531,46.25,5987,0.0,0.0
2024-05-07 14:30:00-04:00,46.29999923706055,46.34000015258789,46.25,46.29999923706055,13684,0.0,0.0
2024-05-07 15:30:00-04:00,46.380001068115234,46.439998626708984,46.150001525878906,46.25,20374,0.0,0.0
2024-05-08 09:30:00-04:00,45.54999923706055,46.04999923706055,45.54999923706055,46.04999923706055,5928,0.0,0.0
2024-05-08 10:30:00-04:00,46.099998474121094,46.474998474121094,46.099998474121094,46.474998474121094,5708,0.0,0.0
2024-05-08 11:30:00-04:00,46.44499969482422,46.5,46.38999938964844,46.459999084472656,5725,0.0,0.0
2024-05-08 12:30:00-04:00,46.40999984741211,46.540000915527344,46.400001525878906,46.540000915527344,8169,0.0,0.0
2024-05-08 13:30:00-04:00,46.540000915527344,46.619998931884766,46.52000045776367,46.619998931884766,4518,0.0,0.0
2024-05-08 14:30:00-04:00,46.63999938964844,46.77000045776367,46.599998474121094,46.650001525878906,10792,0.0,0.0
2024-05-08 15:30:00-04:00,46.665000915527344,46.709999084472656,46.54999923706055,46.709999084472656,15869,0.0,0.0
2024-05-09 09:30:00-04:00,46.56999969482422,46.79999923706055,46.5,46.66999816894531,10993,0.0,0.0
2024-05-09 10:30:00-04:00,46.66999816894531,46.720001220703125,46.66999816894531,46.689998626708984,2573,0.0,0.0
2024-05-09 11:30:00-04:00,46.599998474121094,46.630001068115234,46.52000045776367,46.52000045776367,8436,0.0,0.0
2024-05-09 12:30:00-04:00,46.400001525878906,46.400001525878906,46.220001220703125,46.400001525878906,7218,0.0,0.0
2024-05-09 13:30:00-04:00,46.36000061035156,46.439998626708984,46.315101623535156,46.439998626708984,7209,0.0,0.0
2024-05-09 14:30:00-04:00,46.38999938964844,46.45000076293945,46.33000183105469,46.36000061035156,17159,0.0,0.0
2024-05-09 15:30:00-04:00,46.349998474121094,46.68000030517578,46.349998474121094,46.58000183105469,26232,0.0,0.0
2024-05-10 09:30:00-04:00,46.849998474121094,46.849998474121094,46.33000183105469,46.439998626708984,16935,0.0,0.0
2024-05-10 10:30:00-04:00,46.30500030517578,46.36000061035156,45.939998626708984,46.099998474121094,9661,0.0,0.0
2024-05-10 11:30:00-04:00,46.099998474121094,46.13999938964844,46.029998779296875,46.11000061035156,7565,0.0,0.0
2024-05-10 12:30:00-04:00,46.05730056762695,46.06999969482422,45.95000076293945,46.06999969482422,4836,0.0,0.0
2024-05-10 13:30:00-04:00,46.099998474121094,46.400001525878906,46.09000015258789,46.369998931884766,59141,0.0,0.0
2024-05-10 14:30:00-04:00,46.36000061035156,46.404998779296875,46.290000915527344,46.380001068115234,14185,0.0,0.0
2024-05-10 15:30:00-04:00,46.51499938964844,46.51499938964844,46.33000183105469,46.41999816894531,16520,0.0,0.0
2024-05-13 09:30:00-04:00,46.75,46.75,46.400001525878906,46.56999969482422,8244,0.0,0.0
2024-05-13 10:30:00-04:00,46.59000015258789,46.7400016784668,46.59000015258789,46.7400016784668,7251,0.0,0.0
2024-05-13 11:30:00-04:00,46.7400016784668,46.790000915527344,46.663700103759766,46.68000030517578,7575,0.0,0.0
2024-05-13 12:30:00-04:00,46.66999816894531,46.709999084472656,46.529998779296875,46.599998474121094,5391,0.0,0.0
2024-05-13 13:30:00-04:00,46.56999969482422,46.6150016784668,46.43000030517578,46.439998626708984,11248,0.0,0.0
2024-05-13 14:30:00-04:00,46.560001373291016,46.779998779296875,46.5,46.5,15608,0.0,0.0
2024-05-13 15:30:00-04:00,46.45500183105469,46.915000915527344,46.36000061035156,46.68000030517578,67688,0.0,0.0
2024-05-14 09:30:00-04:00,47.2400016784668,47.27000045776367,46.95000076293945,46.959999084472656,6176,0.0,0.0
2024-05-14 10:30:00-04:00,46.9900016784668,47.0,46.9900016784668,47.0,586,0.0,0.0
2024-05-14 11:30:00-04:00,46.97999954223633,46.994998931884766,46.81999969482422,46.81999969482422,6297,0.0,0.0
2024-05-14 12:30:00-04:00,46.790000915527344,46.790000915527344,46.689998626708984,46.689998626708984,4082,0.0,0.0
2024-05-14 13:30:00-04:00,46.56999969482422,46.7400016784668,46.56999969482422,46.69499969482422,3947,0.0,0.0
2024-05-14 14:30:00-04:00,46.75,46.79029846191406,46.459999084472656,46.53499984741211,7937,0.0,0.0
2024-05-14 15:30:00-04:00,46.56999969482422,46.904998779296875,46.56999969482422,46.849998474121094,23151,0.0,0.0
2024-05-15 09:30:00-04:00,47.45000076293945,47.45000076293945,47.040000915527344,47.119998931884766,9090,0.0,0.0
2024-05-15 10:30:00-04:00,47.04999923706055,47.18000030517578,46.88999938964844,47.029998779296875,9293,0.0,0.0
2024-05-15 11:30:00-04:00,47.04999923706055,47.060001373291016,46.72999954223633,46.72999954223633,4119,0.0,0.0
2024-05-15 12:30:00-04:00,46.779998779296875,46.959598541259766,46.77000045776367,46.810001373291016,9542,0.0,0.0
2024-05-15 13:30:00-04:00,46.790000915527344,46.790000915527344,46.57500076293945,46.65999984741211,12952,0.0,0.0
2024-05-15 14:30:00-04:00,46.68000030517578,46.810001373291016,46.63999938964844,46.7400016784668,14459,0.0,0.0
2024-05-15 15:30:00-04:00,46.709999084472656,46.81999969482422,46.683998107910156,46.7599983215332,26414,0.0,0.0
2024-05-16 09:30:00-04:00,46.47999954223633,46.68000030517578,46.439998626708984,46.630001068115234,5675,0.0,0.0
2024-05-16 10:30:00-04:00,46.83000183105469,46.83000183105469,46.599998474121094,46.60499954223633,2940,0.0,0.0
2024-05-16 11:30:00-04:00,46.61000061035156,46.6510009765625,46.53499984741211,46.63999938964844,4500,0.0,0.0
2024-05-16 12:30:00-04:00,46.650001525878906,46.7400016784668,46.560001373291016,46.59000015258789,6033,0.0,0.0
2024-05-16 13:30:00-04:00,46.63999938964844,46.689998626708984,46.45000076293945,46.689998626708984,8017,0.0,0.0
2024-05-16 14:30:00-04:00,46.69499969482422,46.80500030517578,46.68000030517578,46.68000030517578,12656,0.0,0.0
2024-05-16 15:30:00-04:00,46.66999816894531,46.7400016784668,46.52000045776367,46.52000045776367,27067,0.0,0.0
2024-05-17 09:30:00-04:00,46.849998474121094,46.86000061035156,46.630001068115234,46.86000061035156,10545,0.0,0.0
2024-05-17 10:30:00-04:00,46.83000183105469,46.900001525878906,46.83000183105469,46.880001068115234,2790,0.0,0.0
2024-05-17 11:30:00-04:00,46.85499954223633,47.16999816894531,46.80009841918945,47.07500076293945,12809,0.0,0.0
2024-05-17 12:30:00-04:00,47.0,47.20000076293945,46.98500061035156,47.20000076293945,6178,0.0,0.0
2024-05-17 13:30:00-04:00,47.119998931884766,47.16999816894531,47.029998779296875,47.15999984741211,7589,0.0,0.0
2024-05-17 14:30:00-04:00,47.09000015258789,47.13999938964844,46.95000076293945,46.95750045776367,7337,0.0,0.0
2024-05-17 15:30:00-04:00,46.959999084472656,47.060001373291016,46.880001068115234,47.060001373291016,19673,0.0,0.0
2024-05-20 09:30:00-04:00,46.86000061035156,46.93000030517578,46.86000061035156,46.86000061035156,3140,0.0,0.0
2024-05-20 10:30:00-04:00,46.790000915527344,47.08000183105469,46.790000915527344,47.04499816894531,5763,0.0,0.0
2024-05-20 11:30:00-04:00,47.011199951171875,47.06999969482422,46.81999969482422,46.81999969482422,4351,0.0,0.0
2024-05-20 12:30:00-04:00,46.63999938964844,46.7400016784668,46.58000183105469,46.689998626708984,9462,0.0,0.0
2024-05-20 13:30:00-04:00,46.75,46.75,46.560001373291016,46.650001525878906,5022,0.0,0.0
2024-05-20 14:30:00-04:00,46.561798095703125,46.561798095703125,46.27000045776367,46.27000045776367,12812,0.0,0.0
2024-05-20 15:30:00-04:00,46.290000915527344,46.35499954223633,45.970001220703125,46.02000045776367,26688,0.0,0.0
2024-05-21 09:30:00-04:00,46.38999938964844,46.38999938964844,46.09000015258789,46.119998931884766,5419,0.0,0.0
2024-05-21 10:30:00-04:00,45.95000076293945,46.34000015258789,45.95000076293945,46.189998626708984,11033,0.0,0.0
2024-05-21 11:30:00-04:00,46.130001068115234,46.189998626708984,46.040000915527344,46.099998474121094,5359,0.0,0.0
2024-05-21 12:30:00-04:00,46.099998474121094,46.345001220703125,46.099998474121094,46.29999923706055,5789,0.0,0.0
2024-05-21 13:30:00-04:00,46.29499816894531,46.29499816894531,46.16999816894531,46.16999816894531,3861,0.0,0.0
2024-05-21 14:30:00-04:00,46.189998626708984,46.31999969482422,46.099998474121094,46.099998474121094,12113,0.0,0.0
2024-05-21 15:30:00-04:00,46.084999084472656,46.29999923706055,46.084999084472656,46.279998779296875,27334,0.0,0.0
2024-05-22 09:30:00-04:00,46.13999938964844,46.19499969482422,45.94499969482422,45.94499969482422,3111,0.0,0.0
2024-05-22 10:30:00-04:00,45.959999084472656,45.9900016784668,45.91999816894531,45.93000030517578,5072,0.0,0.0
2024-05-22 11:30:00-04:00,45.86000061035156,45.86000061035156,45.72999954223633,45.810001373291016,12516,0.0,0.0
2024-05-22 12:30:00-04:00,45.792999267578125,45.89500045776367,45.78499984741211,45.849998474121094,13250,0.0,0.0
2024-05-22 13:30:00-04:00,45.86000061035156,46.040000915527344,45.775001525878906,45.84000015258789,60801,0.0,0.0
2024-05-22 14:30:00-04:00,45.75,45.93000030517578,45.650001525878906,45.720001220703125,43985,0.0,0.0
2024-05-22 15:30:00-04:00,45.755001068115234,45.939998626708984,45.744998931884766,45.869998931884766,29434,0.0,0.0
2024-05-23 09:30:00-04:00,46.092498779296875,46.185001373291016,45.349998474121094,45.470001220703125,11419,0.0,0.0
2024-05-23 10:30:00-04:00,45.470001220703125,45.59000015258789,45.21139907836914,45.290000915527344,9621,0.0,0.0
2024-05-23 11:30:00-04:00,45.27000045776367,45.540000915527344,45.2599983215332,45.5,18194,0.0,0.0
2024-05-23 12:30:00-04:00,45.59000015258789,45.7400016784668,45.59000015258789,45.66999816894531,33153,0.0,0.0
2024-05-23 13:30:00-04:00,45.650001525878906,45.68000030517578,45.25,45.33000183105469,33051,0.0,0.0
2024-05-23 14:30:00-04:00,45.314998626708984,45.41999816894531,45.279998779296875,45.32500076293945,15779,0.0,0.0
2024-05-23 15:30:00-04:00,45.41899871826172,45.5099983215332,45.279998779296875,45.459999084472656,35949,0.0,0.0
2024-05-24 09:30:00-04:00,45.72999954223633,45.72999954223633,45.375,45.439998626708984,4586,0.0,0.0
2024-05-24 10:30:00-04:00,45.29999923706055,45.31999969482422,45.18000030517578,45.310001373291016,5829,0.0,0.0
2024-05-24 11:30:00-04:00,45.290000915527344,45.43000030517578,45.22999954223633,45.40999984741211,4380,0.0,0.0
2024-05-24 12:30:00-04:00,45.415000915527344,45.54499816894531,45.415000915527344,45.48500061035156,9744,0.0,0.0
2024-05-24 13:30:00-04:00,45.474998474121094,45.56999969482422,45.470001220703125,45.494998931884766,9444,0.0,0.0
2024-05-24 14:30:00-04:00,45.4900016784668,45.630001068115234,45.474998474121094,45.5,14540,0.0,0.0
2024-05-24 15:30:00-04:00,45.494998931884766,45.86000061035156,45.494998931884766,45.86000061035156,26257,0.0,0.0
2024-05-28 09:30:00-04:00,45.86000061035156,46.2760009765625,45.810001373291016,46.019901275634766,10747,0.0,0.0
2024-05-28 10:30:00-04:00,45.875,46.20500183105469,45.81999969482422,46.165000915527344,9585,0.0,0.0
2024-05-28 11:30:00-04:00,46.165000915527344,46.16999816894531,46.025001525878906,46.025001525878906,9266,0.0,0.0
2024-05-28 12:30:00-04:00,46.130001068115234,46.130001068115234,45.875,45.92499923706055,7993,0.0,0.0
2024-05-28 13:30:00-04:00,45.91749954223633,45.91749954223633,45.55619812011719,45.6150016784668,18074,0.0,0.0
2024-05-28 14:30:00-04:00,45.6150016784668,45.93000030517578,45.525001525878906,45.84000015258789,87199,0.0,0.0
2024-05-28 15:30:00-04:00,45.88999938964844,46.16999816894531,45.880001068115234,46.060001373291016,37058,0.0,0.0
2024-05-29 09:30:00-04:00,45.34000015258789,45.34000015258789,44.58649826049805,45.25,18451,0.0,0.0
2024-05-29 10:30:00-04:00,45.2599983215332,45.380001068115234,45.06999969482422,45.25,117744,0.0,0.0
2024-05-29 11:30:00-04:00,45.25,45.310001373291016,45.02000045776367,45.310001373291016,41082,0.0,0.0
2024-05-29 12:30:00-04:00,45.290000915527344,45.459999084472656,45.22999954223633,45.459999084472656,8373,0.0,0.0
2024-05-29 13:30:00-04:00,45.5,45.65999984741211,45.494998931884766,45.619998931884766,13642,0.0,0.0
2024-05-29 14:30:00-04:00,45.56999969482422,45.619998931884766,45.48500061035156,45.5,34244,0.0,0.0
2024-05-29 15:30:00-04:00,45.5,45.779998779296875,45.470001220703125,45.779998779296875,66268,0.0,0.0
2024-05-30 09:30:00-04:00,46.27000045776367,46.27000045776367,45.97999954223633,45.9900016784668,3409,0.0,0.0
2024-05-30 10:30:00-04:00,45.974998474121094,46.349998474121094,45.849998474121094,46.349998474121094,4766,0.0,0.0
2024-05-30 11:30:00-04:00,46.41999816894531,46.459999084472656,46.244998931884766,46.349998474121094,7401,0.0,0.0
2024-05-30 12:30:00-04:00,46.40999984741211,46.40999984741211,46.189998626708984,46.209999084472656,4570,0.0,0.0
2024-05-30 13:30:00-04:00,46.246299743652344,46.380001068115234,46.246299743652344,46.31999969482422,5242,0.0,0.0
2024-05-30 14:30:00-04:00,46.279998779296875,46.349998474121094,46.189998626708984,46.310001373291016,13315,0.0,0.0
2024-05-30 15:30:00-04:00,46.310001373291016,46.31999969482422,46.0099983215332,46.06999969482422,29767,0.0,0.0
2024-05-31 09:30:00-04:00,46.209999084472656,46.63999938964844,45.869998931884766,46.630001068115234,38512,0.0,0.0
2024-05-31 10:30:00-04:00,46.59000015258789,46.904998779296875,46.5,46.81999969482422,11669,0.0,0.0
2024-05-31 11:30:00-04:00,46.779998779296875,46.95000076293945,46.779998779296875,46.93000030517578,7361,0.0,0.0
2024-05-31 12:30:00-04:00,46.91999816894531,46.9900016784668,46.79570007324219,46.79570007324219,4089,0.0,0.0
2024-05-31 13:30:00-04:00,46.810001373291016,46.869998931884766,46.560001373291016,46.63999938964844,4433,0.0,0.0
2024-05-31 14:30:00-04:00,46.5,46.5,46.25,46.400001525878906,10665,0.0,0.0
2024-05-31 15:30:00-04:00,46.36000061035156,46.88999938964844,46.33000183105469,46.88999938964844,25820,0.0,0.0
2024-06-03 09:30:00-04:00,47.209999084472656,47.209999084472656,46.47999954223633,46.69499969482422,7472,0.0,0.0
2024-06-03 10:30:00-04:00,46.58000183105469,46.61000061035156,46.220001220703125,46.220001220703125,2835,0.0,0.0
2024-06-03 11:30:00-04:00,46.19499969482422,46.22999954223633,45.8119010925293,45.90999984741211,4921,0.0,0.0
2024-06-03 12:30:00-04:00,45.915000915527344,46.369998931884766,45.915000915527344,46.345001220703125,14262,0.0,0.0
2024-06-03 13:30:00-04:00,46.34000015258789,46.5,46.334999084472656,46.47999954223633,13400,0.0,0.0
2024-06-03 14:30:00-04:00,46.4900016784668,46.61000061035156,46.345001220703125,46.5099983215332,21483,0.0,0.0
2024-06-03 15:30:00-04:00,46.5,46.70000076293945,46.400001525878906,46.529998779296875,51016,0.0,0.0
2024-06-04 09:30:00-04:00,46.0099983215332,46.27000045776367,45.84000015258789,46.130001068115234,11713,0.0,0.0
2024-06-04 10:30:00-04:00,45.93000030517578,46.0,45.849998474121094,45.8849983215332,27960,0.0,0.0
2024-06-04 11:30:00-04:00,45.869998931884766,45.900001525878906,45.66999816894531,45.814998626708984,16624,0.0,0.0
2024-06-04 12:30:00-04:00,45.849998474121094,45.93000030517578,45.83000183105469,45.93000030517578,12733,0.0,0.0
2024-06-04 13:30:00-04:00,45.974998474121094,46.19499969482422,45.970001220703125,46.1150016784668,9097,0.0,0.0
2024-06-04 14:30:00-04:00,46.16999816894531,46.275001525878906,46.11000061035156,46.20000076293945,24600,0.0,0.0
2024-06-04 15:30:00-04:00,46.17499923706055,46.17499923706055,45.810001373291016,46.0099983215332,49931,0.0,0.0
2024-06-05 09:30:00-04:00,46.08000183105469,46.08000183105469,45.505001068115234,45.84000015258789,9166,0.0,0.0
2024-06-05 10:30:00-04:00,45.65999984741211,46.119998931884766,45.65999984741211,46.119998931884766,19091,0.0,0.0
2024-06-05 11:30:00-04:00,46.1349983215332,46.150001525878906,45.91999816894531,45.91999816894531,6093,0.0,0.0
2024-06-05 12:30:00-04:00,45.95000076293945,46.040000915527344,45.59000015258789,45.77000045776367,13023,0.0,0.0
2024-06-05 13:30:00-04:00,45.849998474121094,45.9900016784668,45.84000015258789,45.880001068115234,7832,0.0,0.0
2024-06-05 14:30:00-04:00,45.90999984741211,45.98500061035156,45.650001525878906,45.88999938964844,19563,0.0,0.0
2024-06-05 15:30:00-04:00,45.86000061035156,46.029998779296875,45.5099983215332,45.880001068115234,42429,0.0,0.0
2024-06-06 09:30:00-04:00,45.66999816894531,46.060001373291016,45.66999816894531,45.874000549316406,6734,0.0,0.0
2024-06-06 10:30:00-04:00,45.76499938964844,45.86000061035156,45.709999084472656,45.775001525878906,5153,0.0,0.0
2024-06-06 11:30:00-04:00,45.81999969482422,45.869998931884766,45.650001525878906,45.650001525878906,4764,0.0,0.0
2024-06-06 12:30:00-04:00,45.720001220703125,45.83000183105469,45.58000183105469,45.83000183105469,5289,0.0,0.0
2024-06-06 13:30:00-04:00,45.904998779296875,46.0,45.849998474121094,45.900001525878906,6903,0.0,0.0
2024-06-06 14:30:00-04:00,45.94499969482422,46.20000076293945,45.94499969482422,46.20000076293945,9034,0.0,0.0
2024-06-06 15:30:00-04:00,46.18000030517578,46.18000030517578,45.8650016784668,46.08000183105469,43995,0.0,0.0
2024-06-07 09:30:00-04:00,45.529998779296875,45.88999938964844,45.529998779296875,45.88999938964844,5856,0.0,0.0
2024-06-07 10:30:00-04:00,45.935001373291016,46.040000915527344,45.86199951171875,45.88999938964844,19872,0.0,0.0
2024-06-07 11:30:00-04:00,45.939998626708984,46.130001068115234,45.92499923706055,46.130001068115234,6151,0.0,0.0
2024-06-07 12:30:00-04:00,46.025001525878906,46.15999984741211,46.005001068115234,46.15999984741211,6464,0.0,0.0
2024-06-07 13:30:00-04:00,46.189998626708984,46.189998626708984,46.084999084472656,46.084999084472656,5203,0.0,0.0
2024-06-07 14:30:00-04:00,46.04999923706055,46.130001068115234,45.97999954223633,46.11000061035156,26250,0.0,0.0
2024-06-07 15:30:00-04:00,46.1150016784668,46.290000915527344,46.0,46.290000915527344,40799,0.0,0.0
2024-06-10 09:30:00-04:00,45.66999816894531,45.66999816894531,44.92499923706055,45.459999084472656,24388,0.0,0.0
2024-06-10 10:30:00-04:00,45.43199920654297,45.51499938964844,45.36000061035156,45.51499938964844,13365,0.0,0.0
2024-06-10 11:30:00-04:00,45.38999938964844,45.54999923706055,45.38999938964844,45.46500015258789,8774,0.0,0.0
2024-06-10 12:30:00-04:00,45.45000076293945,45.619998931884766,45.40999984741211,45.619998931884766,14809,0.0,0.0
2024-06-10 13:30:00-04:00,45.619998931884766,45.66999816894531,45.47999954223633,45.505001068115234,15899,0.0,0.0
2024-06-10 14:30:00-04:00,45.497501373291016,45.70000076293945,45.45000076293945,45.45000076293945,30138,0.0,0.0
2024-06-10 15:30:00-04:00,45.45000076293945,45.65999984741211,45.41999816894531,45.650001525878906,65362,0.0,0.0
2024-06-11 09:30:00-04:00,45.11000061035156,45.32500076293945,44.89500045776367,45.29999923706055,13038,0.0,0.0
2024-06-11 10:30:00-04:00,45.29999923706055,45.310001373291016,45.02000045776367,45.29499816894531,17560,0.0,0.0
2024-06-11 11:30:00-04:00,45.36000061035156,45.369998931884766,45.22999954223633,45.34000015258789,3613,0.0,0.0
2024-06-11 12:30:00-04:00,45.41999816894531,45.41999816894531,45.313899993896484,45.38999938964844,4488,0.0,0.0
2024-06-11 13:30:00-04:00,45.27000045776367,45.650001525878906,45.27000045776367,45.5,15651,0.0,0.0
2024-06-11 14:30:00-04:00,45.7400016784668,45.7400016784668,45.4900016784668,45.599998474121094,10495,0.0,0.0
2024-06-11 15:30:00-04:00,45.619998931884766,45.619998931884766,45.25,45.33000183105469,64419,0.0,0.0
2024-06-12 09:30:00-04:00,46.79999923706055,47.470001220703125,46.209999084472656,46.67499923706055,18067,0.0,0.0
2024-06-12 10:30:00-04:00,46.73500061035156,47.290000915527344,46.599998474121094,46.689998626708984,15380,0.0,0.0
2024-06-12 11:30:00-04:00,46.66999816894531,46.77000045776367,46.584999084472656,46.75,8795,0.0,0.0
2024-06-12 12:30:00-04:00,46.70500183105469,46.959999084472656,46.68000030517578,46.95000076293945,9398,0.0,0.0
2024-06-12 13:30:00-04:00,47.0099983215332,47.060001373291016,46.619998931884766,46.720001220703125,15808,0.0,0.0
2024-06-12 14:30:00-04:00,46.45000076293945,46.619998931884766,46.252498626708984,46.43000030517578,80137,0.0,0.0
2024-06-12 15:30:00-04:00,46.400001525878906,47.31999969482422,46.36249923706055,47.310001373291016,118713,0.0,0.0
2024-06-13 09:30:00-04:00,47.130001068115234,47.130001068115234,46.27000045776367,46.290000915527344,12417,0.0,0.0
2024-06-13 10:30:00-04:00,46.220001220703125,46.220001220703125,45.36000061035156,45.540000915527344,18869,0.0,0.0
2024-06-13 11:30:00-04:00,45.529998779296875,45.77000045776367,45.529998779296875,45.724998474121094,28935,0.0,0.0
2024-06-13 12:30:00-04:00,45.744998931884766,46.099998474121094,45.744998931884766,45.970001220703125,13730,0.0,0.0
2024-06-13 13:30:00-04:00,46.0099983215332,46.279998779296875,46.0099983215332,46.2599983215332,8063,0.0,0.0
2024-06-13 14:30:00-04:00,46.2599983215332,46.43000030517578,46.22999954223633,46.40999984741211,17954,0.0,0.0
2024-06-13 15:30:00-04:00,46.400001525878906,46.70000076293945,46.18000030517578,46.209999084472656,58012,0.0,0.0
2024-06-14 09:30:00-04:00,45.470001220703125,45.91999816894531,45.40999984741211,45.79750061035156,24769,0.0,0.0
2024-06-14 10:30:00-04:00,45.7400016784668,45.880001068115234,45.650001525878906,45.849998474121094,15881,0.0,0.0
2024-06-14 11:30:00-04:00,45.90999984741211,45.91999816894531,45.400001525878906,45.400001525878906,26227,0.0,0.0
2024-06-14 12:30:00-04:00,45.40999984741211,45.595001220703125,45.400001525878906,45.56999969482422,11219,0.0,0.0
2024-06-14 13:30:00-04:00,45.54999923706055,45.619998931884766,45.459999084472656,45.540000915527344,12636,0.0,0.0
2024-06-14 14:30:00-04:00,45.4900016784668,45.599998474121094,45.4900016784668,45.53499984741211,13014,0.0,0.0
2024-06-14 15:30:00-04:00,45.4900016784668,45.7400016784668,45.420101165771484,45.630001068115234,36705,0.0,0.0
2024-06-17 09:30:00-04:00,45.61000061035156,45.689998626708984,45.380001068115234,45.64500045776367,11831,0.0,0.0
2024-06-17 10:30:00-04:00,45.64500045776367,45.83000183105469,45.5099983215332,45.83000183105469,17595,0.0,0.0
2024-06-17 11:30:00-04:00,45.75,45.849998474121094,45.66999816894531,45.66999816894531,11066,0.0,0.0
2024-06-17 12:30:00-04:00,45.72999954223633,46.02000045776367,45.72999954223633,46.02000045776367,9574,0.0,0.0
2024-06-17 13:30:00-04:00,45.970001220703125,46.349998474121094,45.970001220703125,46.220001220703125,8148,0.0,0.0
2024-06-17 14:30:00-04:00,46.369998931884766,46.39500045776367,46.189998626708984,46.29999923706055,9070,0.0,0.0
2024-06-17 15:30:00-04:00,46.41999816894531,46.779998779296875,46.380001068115234,46.779998779296875,25612,0.0,0.0
2024-06-18 09:30:00-04:00,46.61000061035156,47.5,46.23749923706055,47.25,30869,0.0,0.0
2024-06-18 10:30:00-04:00,47.25,47.25,47.029998779296875,47.130001068115234,9731,0.0,0.0
2024-06-18 11:30:00-04:00,47.08000183105469,47.334999084472656,47.08000183105469,47.279998779296875,6500,0.0,0.0
2024-06-18 12:30:00-04:00,47.13999938964844,47.31999969482422,47.119998931884766,47.29999923706055,15931,0.0,0.0
2024-06-18 13:30:00-04:00,47.33000183105469,47.4900016784668,47.28499984741211,47.310001373291016,7632,0.0,0.0
2024-06-18 14:30:00-04:00,47.38999938964844,47.38999938964844,47.15999984741211,47.25,13731,0.0,0.0
2024-06-18 15:30:00-04:00,47.2599983215332,47.4900016784668,47.20100021362305,47.40999984741211,50192,0.0,0.0
2024-06-20 09:30:00-04:00,47.22999954223633,47.5099983215332,47.22999954223633,47.5099983215332,6477,0.0,0.0
2024-06-20 10:30:00-04:00,47.49250030517578,47.49250030517578,47.11000061035156,47.11000061035156,7302,0.0,0.0
2024-06-20 11:30:00-04:00,47.06999969482422,47.06999969482422,46.7599983215332,46.7599983215332,8013,0.0,0.0
2024-06-20 12:30:00-04:00,46.81999969482422,46.959999084472656,46.81999969482422,46.86000061035156,7339,0.0,0.0
2024-06-20 13:30:00-04:00,46.8849983215332,47.04999923706055,46.8849983215332,46.959999084472656,4363,0.0,0.0
2024-06-20 14:30:00-04:00,46.90999984741211,46.93000030517578,46.77000045776367,46.79999923706055,8491,0.0,0.0
2024-06-20 15:30:00-04:00,46.790000915527344,46.849998474121094,46.65999984741211,46.72999954223633,24268,0.0,0.0
2024-06-21 09:30:00-04:00,46.7599983215332,46.790000915527344,46.31999969482422,46.36000061035156,57782,0.0,0.0
2024-06-21 10:30:00-04:00,46.47999954223633,46.52000045776367,46.125,46.125,3442,0.0,0.0
2024-06-21 11:30:00-04:00,46.16999816894531,46.30500030517578,46.08000183105469,46.165000915527344,6766,0.0,0.0
2024-06-21 12:30:00-04:00,46.15999984741211,46.25,46.06999969482422,46.06999969482422,3331,0.0,0.0
2024-06-21 13:30:00-04:00,46.029998779296875,46.31999969482422,46.029998779296875,46.31999969482422,7394,0.0,0.0
2024-06-21 14:30:00-04:00,46.33000183105469,46.43000030517578,46.16999816894531,46.31999969482422,11518,0.0,0.0
2024-06-21 15:30:00-04:00,46.369998931884766,46.470001220703125,46.29999923706055,46.369998931884766,22083,0.0,0.0
2024-06-24 09:30:00-04:00,46.529998779296875,47.08000183105469,46.529998779296875,47.08000183105469,24897,0.0,0.0
2024-06-24 10:30:00-04:00,47.380001068115234,47.645999908447266,47.380001068115234,47.630001068115234,4299,0.0,0.0
2024-06-24 11:30:00-04:00,47.61000061035156,47.630001068115234,47.54999923706055,47.599998474121094,5209,0.0,0.0
2024-06-24 12:30:00-04:00,47.60499954223633,47.66999816894531,47.54499816894531,47.54499816894531,4024,0.0,0.0
2024-06-24 13:30:00-04:00,47.56999969482422,47.599998474121094,47.44499969482422,47.59000015258789,5092,0.0,0.0
2024-06-24 14:30:00-04:00,47.63999938964844,47.810001373291016,47.4900016784668,47.55500030517578,13313,0.0,0.0
2024-06-24 15:30:00-04:00,47.5,47.56999969482422,47.36000061035156,47.38999938964844,28502,0.0,0.0
2024-06-25 09:30:00-04:00,47.09000015258789,47.25,47.040000915527344,47.25,5726,0.0,0.0
2024-06-25 10:30:00-04:00,47.060001373291016,47.09000015258789,46.90999984741211,46.974998474121094,4207,0.0,0.0
2024-06-25 11:30:00-04:00,46.8650016784668,46.95500183105469,46.779998779296875,46.84000015258789,6372,0.0,0.0
2024-06-25 12:30:00-04:00,46.790000915527344,47.0099983215332,46.755001068115234,47.0099983215332,3242,0.0,0.0
2024-06-25 13:30:00-04:00,47.029998779296875,47.060001373291016,46.92499923706055,47.025001525878906,4139,0.0,0.0
2024-06-25 14:30:00-04:00,46.939998626708984,46.939998626708984,46.779998779296875,46.869998931884766,4824,0.0,0.0
2024-06-25 15:30:00-04:00,46.88999938964844,46.91999816894531,46.722801208496094,46.72999954223633,20706,0.0,0.0
2024-06-26 09:30:00-04:00,46.529998779296875,46.7400016784668,46.400001525878906,46.400001525878906,5967,0.0,0.0
2024-06-26 10:30:00-04:00,46.52000045776367,46.900001525878906,46.52000045776367,46.900001525878906,5100,0.0,0.0
2024-06-26 11:30:00-04:00,46.9900016784668,47.099998474121094,46.91999816894531,47.04999923706055,6510,0.0,0.0
2024-06-26 12:30:00-04:00,47.04499816894531,47.119998931884766,47.029998779296875,47.040000915527344,6704,0.0,0.0
2024-06-26 13:30:00-04:00,47.04499816894531,47.29999923706055,47.040000915527344,47.27000045776367,8916,0.0,0.0
2024-06-26 14:30:00-04:00,47.275001525878906,47.63999938964844,47.25,47.58000183105469,15913,0.0,0.0
2024-06-26 15:30:00-04:00,47.61000061035156,47.61000061035156,47.36000061035156,47.41999816894531,20849,0.0,0.0
2024-06-27 09:30:00-04:00,47.560001373291016,47.814998626708984,47.165000915527344,47.814998626708984,5468,0.0,0.0
2024-06-27 10:30:00-04:00,47.849998474121094,47.869998931884766,47.59000015258789,47.685001373291016,2806,0.0,0.0
2024-06-27 11:30:00-04:00,47.599998474121094,47.67499923706055,47.54999923706055,47.58000183105469,7212,0.0,0.0
2024-06-27 12:30:00-04:00,47.47999954223633,47.86000061035156,47.47999954223633,47.85499954223633,5946,0.0,0.0
2024-06-27 13:30:00-04:00,47.790000915527344,47.95000076293945,47.66999816894531,47.66999816894531,7097,0.0,0.0
2024-06-27 14:30:00-04:00,47.71500015258789,47.869998931884766,47.71500015258789,47.869998931884766,6526,0.0,0.0
2024-06-27 15:30:00-04:00,47.83000183105469,48.150001525878906,47.83000183105469,48.13999938964844,17898,0.0,0.0
2024-06-28 09:30:00-04:00,48.5,49.314998626708984,48.5,49.310001373291016,7428,0.0,0.0
2024-06-28 10:30:00-04:00,49.45500183105469,49.84000015258789,49.439998626708984,49.63999938964844,14459,0.0,0.0
2024-06-28 11:30:00-04:00,49.709999084472656,49.77000045776367,49.34000015258789,49.77000045776367,11222,0.0,0.0
2024-06-28 12:30:00-04:00,49.790000915527344,49.814998626708984,49.52000045776367,49.689998626708984,30493,0.0,0.0
2024-06-28 13:30:00-04:00,49.619998931884766,49.63999938964844,49.27000045776367,49.63999938964844,40747,0.0,0.0
2024-06-28 14:30:00-04:00,49.630001068115234,49.63999938964844,49.470001220703125,49.58000183105469,17677,0.0,0.0
2024-06-28 15:30:00-04:00,49.630001068115234,49.81999969482422,49.459999084472656,49.68000030517578,51501,0.0,0.0
2024-07-01 09:30:00-04:00,49.63999938964844,49.790000915527344,49.31999969482422,49.31999969482422,12170,0.0,0.0
2024-07-01 10:30:00-04:00,48.97999954223633,49.29999923706055,48.97999954223633,49.0,7111,0.0,0.0
2024-07-01 11:30:00-04:00,48.959999084472656,49.31999969482422,48.94499969482422,49.31999969482422,6865,0.0,0.0
2024-07-01 12:30:00-04:00,49.27000045776367,49.400001525878906,49.2333984375,49.400001525878906,4997,0.0,0.0
2024-07-01 13:30:00-04:00,49.279998779296875,49.290000915527344,49.18000030517578,49.18000030517578,5708,0.0,0.0
2024-07-01 14:30:00-04:00,49.16999816894531,49.310001373291016,49.16999816894531,49.244998931884766,10188,0.0,0.0
2024-07-01 15:30:00-04:00,49.2400016784668,49.29999923706055,49.119998931884766,49.220001220703125,22700,0.0,0.0
2024-07-02 09:30:00-04:00,48.849998474121094,49.68000030517578,48.849998474121094,49.560001373291016,7774,0.0,0.0
2024-07-02 10:30:00-04:00,49.52000045776367,49.709999084472656,49.380001068115234,49.380001068115234,3627,0.0,0.0
2024-07-02 11:30:00-04:00,49.45000076293945,49.47999954223633,49.33000183105469,49.400001525878906,6360,0.0,0.0
2024-07-02 12:30:00-04:00,49.33000183105469,49.42250061035156,49.22999954223633,49.42250061035156,7829,0.0,0.0
2024-07-02 13:30:00-04:00,49.36000061035156,49.369998931884766,49.2400016784668,49.369998931884766,10347,0.0,0.0
2024-07-02 14:30:00-04:00,49.380001068115234,49.529998779296875,49.290000915527344,49.5,4827,0.0,0.0
2024-07-02 15:30:00-04:00,49.52000045776367,49.52000045776367,49.29999923706055,49.34000015258789,32917,0.0,0.0
2024-07-03 09:30:00-04:00,49.290000915527344,49.290000915527344,48.75,49.099998474121094,12122,0.0,0.0
2024-07-03 10:30:00-04:00,49.04199981689453,49.04199981689453,48.505001068115234,48.75,7066,0.0,0.0
2024-07-03 11:30:00-04:00,48.689998626708984,48.71500015258789,48.34000015258789,48.34000015258789,19781,0.0,0.0
2024-07-05 09:30:00-04:00,48.220001220703125,48.220001220703125,47.744998931884766,47.744998931884766,11045,0.0,0.0
2024-07-05 10:30:00-04:00,47.814998626708984,47.95000076293945,47.4900016784668,47.4900016784668,10732,0.0,0.0
2024-07-05 11:30:00-04:00,47.459999084472656,47.54999923706055,47.25,47.43000030517578,15939,0.0,0.0
2024-07-05 12:30:00-04:00,47.369998931884766,47.40999984741211,47.2599983215332,47.36000061035156,6071,0.0,0.0
2024-07-05 13:30:00-04:00,47.404998779296875,47.47999954223633,47.33000183105469,47.33000183105469,5279,0.0,0.0
2024-07-05 14:30:00-04:00,47.45000076293945,47.470001220703125,47.26499938964844,47.27000045776367,5323,0.0,0.0
2024-07-05 15:30:00-04:00,47.244998931884766,47.439998626708984,47.20000076293945,47.310001373291016,25276,0.0,0.0
2024-07-08 09:30:00-04:00,47.70000076293945,48.2400016784668,47.47999954223633,47.560001373291016,10856,0.0,0.0
2024-07-08 10:30:00-04:00,47.4900016784668,47.96500015258789,47.439998626708984,47.7599983215332,7752,0.0,0.0
2024-07-08 11:30:00-04:00,47.685001373291016,47.810001373291016,47.61000061035156,47.65660095214844,7261,0.0,0.0
2024-07-08 12:30:00-04:00,47.68000030517578,47.779998779296875,47.540000915527344,47.54999923706055,6041,0.0,0.0
2024-07-08 13:30:00-04:00,47.599998474121094,47.77000045776367,47.599998474121094,47.720001220703125,3570,0.0,0.0
2024-07-08 14:30:00-04:00,47.72999954223633,47.974998474121094,47.71500015258789,47.84000015258789,8123,0.0,0.0
2024-07-08 15:30:00-04:00,47.790000915527344,47.84000015258789,47.709999084472656,47.84000015258789,18969,0.0,0.0
2024-07-09 09:30:00-04:00,47.900001525878906,48.152000427246094,47.869998931884766,47.922000885009766,12168,0.0,0.0
2024-07-09 10:30:00-04:00,47.86000061035156,48.06999969482422,47.817501068115234,48.0099983215332,4667,0.0,0.0
2024-07-09 11:30:00-04:00,48.09000015258789,48.63999938964844,48.09000015258789,48.400001525878906,7600,0.0,0.0
2024-07-09 12:30:00-04:00,48.40999984741211,48.68000030517578,48.349998474121094,48.650001525878906,7129,0.0,0.0
2024-07-09 13:30:00-04:00,48.6349983215332,48.77000045776367,48.6349983215332,48.685001373291016,10083,0.0,0.0
2024-07-09 14:30:00-04:00,48.720001220703125,48.7400016784668,48.52000045776367,48.7400016784668,9391,0.0,0.0
2024-07-09 15:30:00-04:00,48.731998443603516,48.80500030517578,48.63999938964844,48.77000045776367,23166,0.0,0.0
2024-07-10 09:30:00-04:00,49.04999923706055,49.31999969482422,48.875,49.095001220703125,8304,0.0,0.0
2024-07-10 10:30:00-04:00,49.18000030517578,49.61000061035156,49.15999984741211,49.54499816894531,8612,0.0,0.0
2024-07-10 11:30:00-04:00,49.689998626708984,49.90999984741211,49.685001373291016,49.83000183105469,5204,0.0,0.0
2024-07-10 12:30:00-04:00,49.665000915527344,49.86000061035156,49.662498474121094,49.724998474121094,6064,0.0,0.0
2024-07-10 13:30:00-04:00,49.79499816894531,49.94499969482422,49.77000045776367,49.86000061035156,14080,0.0,0.0
2024-07-10 14:30:00-04:00,49.97999954223633,50.08000183105469,49.869998931884766,49.97999954223633,11912,0.0,0.0
2024-07-10 15:30:00-04:00,50.0099983215332,50.2400016784668,49.93000030517578,50.16999816894531,33066,0.0,0.0
2024-07-11 09:30:00-04:00,50.939998626708984,51.97999954223633,50.709999084472656,51.93000030517578,14581,0.0,0.0
2024-07-11 10:30:00-04:00,51.88999938964844,52.38999938964844,51.83000183105469,52.130001068115234,16969,0.0,0.0
2024-07-11 11:30:00-04:00,52.14500045776367,52.2400016784668,51.650001525878906,51.650001525878906,11400,0.0,0.0
2024-07-11 12:30:00-04:00,51.71620178222656,52.08000183105469,51.68199920654297,52.029998779296875,9559,0.0,0.0
2024-07-11 13:30:00-04:00,52.130001068115234,52.150001525878906,51.959999084472656,52.130001068115234,9981,0.0,0.0
2024-07-11 14:30:00-04:00,52.17169952392578,52.43000030517578,52.130001068115234,52.380001068115234,27211,0.0,0.0
2024-07-11 15:30:00-04:00,52.40999984741211,52.560001373291016,52.29999923706055,52.310001373291016,34908,0.0,0.0
2024-07-12 09:30:00-04:00,52.810001373291016,53.540000915527344,52.025001525878906,53.47999954223633,28504,0.0,0.0
2024-07-12 10:30:00-04:00,53.47999954223633,53.58000183105469,52.970001220703125,53.040000915527344,44957,0.0,0.0
2024-07-12 11:30:00-04:00,53.08000183105469,53.19499969482422,52.744998931884766,53.06999969482422,54558,0.0,0.0
2024-07-12 12:30:00-04:00,52.900001525878906,52.904998779296875,52.70000076293945,52.790000915527344,8785,0.0,0.0
2024-07-12 13:30:00-04:00,52.63999938964844,52.93000030517578,52.560001373291016,52.88999938964844,12219,0.0,0.0
2024-07-12 14:30:00-04:00,52.834999084472656,53.11000061035156,52.779998779296875,53.040000915527344,11636,0.0,0.0
2024-07-12 15:30:00-04:00,53.02000045776367,53.22999954223633,52.75,52.88999938964844,78772,0.0,0.0
2024-07-15 09:30:00-04:00,53.56999969482422,54.810001373291016,51.98500061035156,54.77000045776367,27930,0.0,0.0
2024-07-15 10:30:00-04:00,54.9900016784668,55.34000015258789,54.7400016784668,55.27000045776367,14411,0.0,0.0
2024-07-15 11:30:00-04:00,55.29499816894531,55.68000030517578,55.29499816894531,55.439998626708984,11456,0.0,0.0
2024-07-15 12:30:00-04:00,55.224998474121094,55.380001068115234,54.970001220703125,55.380001068115234,12727,0.0,0.0
2024-07-15 13:30:00-04:00,55.34000015258789,55.685001373291016,55.26499938964844,55.375,16439,0.0,0.0
2024-07-15 14:30:00-04:00,55.40999984741211,55.560001373291016,55.099998474121094,55.290000915527344,24864,0.0,0.0
2024-07-15 15:30:00-04:00,55.15999984741211,55.26499938964844,54.88999938964844,54.99100112915039,61264,0.0,0.0
2024-07-16 09:30:00-04:00,55.540000915527344,57.20000076293945,54.77000045776367,57.20000076293945,22155,0.0,0.0
2024-07-16 10:30:00-04:00,57.16999816894531,57.75,56.91999816894531,57.42499923706055,34005,0.0,0.0
2024-07-16 11:30:00-04:00,57.41999816894531,57.41999816894531,57.02000045776367,57.16999816894531,27047,0.0,0.0
2024-07-16 12:30:00-04:00,57.11000061035156,57.56999969482422,57.095001220703125,57.369998931884766,12660,0.0,0.0
2024-07-16 13:30:00-04:00,57.400001525878906,57.849998474121094,57.3849983215332,57.75749969482422,16450,0.0,0.0
2024-07-16 14:30:00-04:00,57.959999084472656,58.439998626708984,57.900001525878906,58.2599983215332,44957,0.0,0.0
2024-07-16 15:30:00-04:00,58.25,58.779998779296875,58.154998779296875,58.5099983215332,72941,0.0,0.0
2024-07-17 09:30:00-04:00,57.95000076293945,60.14500045776367,57.95000076293945,60.06999969482422,58168,0.0,0.0
2024-07-17 10:30:00-04:00,60.0,60.220001220703125,59.470001220703125,59.775001525878906,44331,0.0,0.0
2024-07-17 11:30:00-04:00,59.78499984741211,59.93000030517578,59.5,59.78499984741211,18934,0.0,0.0
2024-07-17 12:30:00-04:00,60.0,60.540000915527344,59.599998474121094,60.040000915527344,42265,0.0,0.0
2024-07-17 13:30:00-04:00,60.060001373291016,60.060001373291016,59.33000183105469,59.58000183105469,59563,0.0,0.0
2024-07-17 14:30:00-04:00,59.58000183105469,59.849998474121094,59.41999816894531,59.650001525878906,49313,0.0,0.0
2024-07-17 15:30:00-04:00,59.64500045776367,59.66999816894531,59.06999969482422,59.189998626708984,71977,0.0,0.0
2024-07-18 09:30:00-04:00,59.79999923706055,61.05500030517578,57.849998474121094,60.61000061035156,47992,0.0,0.0
2024-07-18 10:30:00-04:00,60.459999084472656,60.66999816894531,59.849998474121094,60.32360076904297,21649,0.0,0.0
2024-07-18 11:30:00-04:00,60.2400016784668,60.2400016784668,58.84000015258789,59.040000915527344,28660,0.0,0.0
2024-07-18 12:30:00-04:00,59.09000015258789,59.540000915527344,59.09000015258789,59.47999954223633,27813,0.0,0.0
2024-07-18 13:30:00-04:00,59.459999084472656,59.459999084472656,58.31999969482422,58.31999969482422,25550,0.0,0.0
2024-07-18 14:30:00-04:00,58.529998779296875,58.65999984741211,58.154998779296875,58.36000061035156,32750,0.0,0.0
2024-07-18 15:30:00-04:00,58.400001525878906,59.0989990234375,58.38999938964844,58.540000915527344,57370,0.0,0.0
2024-07-19 09:30:00-04:00,57.939998626708984,59.279998779296875,57.939998626708984,58.470001220703125,27660,0.0,0.0
2024-07-19 10:30:00-04:00,58.459999084472656,58.459999084472656,57.939998626708984,58.18000030517578,20957,0.0,0.0
2024-07-19 11:30:00-04:00,58.14500045776367,58.56999969482422,58.060001373291016,58.31999969482422,15264,0.0,0.0
2024-07-19 12:30:00-04:00,58.209999084472656,58.540000915527344,58.130001068115234,58.5,16711,0.0,0.0
2024-07-19 13:30:00-04:00,58.470001220703125,58.77000045776367,58.46500015258789,58.625,10920,0.0,0.0
2024-07-19 14:30:00-04:00,58.630001068115234,58.685001373291016,58.314998626708984,58.47999954223633,16468,0.0,0.0
2024-07-19 15:30:00-04:00,58.47999954223633,58.47999954223633,58.0099983215332,58.209999084472656,35415,0.0,0.0
2024-07-22 09:30:00-04:00,57.959999084472656,58.27000045776367,57.3849983215332,58.2400016784668,12333,0.0,0.0
2024-07-22 10:30:00-04:00,58.33000183105469,59.13999938964844,58.33000183105469,58.95000076293945,21525,0.0,0.0
2024-07-22 11:30:00-04:00,58.84000015258789,59.41999816894531,58.84000015258789,59.154998779296875,18551,0.0,0.0
2024-07-22 12:30:00-04:00,59.18000030517578,59.45000076293945,59.154998779296875,59.22999954223633,25891,0.0,0.0
2024-07-22 13:30:00-04:00,59.224998474121094,59.59000015258789,59.224998474121094,59.560001373291016,18264,0.0,0.0
2024-07-22 14:30:00-04:00,59.55500030517578,59.81999969482422,59.20000076293945,59.70000076293945,49498,0.0,0.0
2024-07-22 15:30:00-04:00,59.75,59.959999084472656,58.94499969482422,59.15999984741211,125236,0.0,0.0
2024-07-23 09:30:00-04:00,58.54999923706055,59.95000076293945,58.439998626708984,59.730098724365234,30554,0.0,0.0
2024-07-23 10:30:00-04:00,59.970001220703125,60.540000915527344,59.689998626708984,60.529998779296875,13095,0.0,0.0
2024-07-23 11:30:00-04:00,60.5099983215332,60.75,60.25,60.25,19146,0.0,0.0
2024-07-23 12:30:00-04:00,60.20000076293945,60.41999816894531,60.02000045776367,60.04999923706055,10614,0.0,0.0
2024-07-23 13:30:00-04:00,60.0,60.52000045776367,59.9900016784668,60.494998931884766,15678,0.0,0.0
2024-07-23 14:30:00-04:00,60.540000915527344,60.7599983215332,60.380001068115234,60.58000183105469,30858,0.0,0.0
2024-07-23 15:30:00-04:00,60.5,60.595001220703125,60.06999969482422,60.099998474121094,32983,0.0,0.0
2024-07-24 09:30:00-04:00,59.65999984741211,60.15999984741211,59.040000915527344,59.5,23480,0.0,0.0
2024-07-24 10:30:00-04:00,59.619998931884766,59.83000183105469,59.40999984741211,59.79999923706055,7341,0.0,0.0
2024-07-24 11:30:00-04:00,60.0,60.38999938964844,59.88999938964844,60.290000915527344,8877,0.0,0.0
2024-07-24 12:30:00-04:00,60.20000076293945,60.20000076293945,59.58000183105469,59.58000183105469,6111,0.0,0.0
2024-07-24 13:30:00-04:00,59.630001068115234,59.77000045776367,59.290000915527344,59.345001220703125,8534,0.0,0.0
2024-07-24 14:30:00-04:00,59.29999923706055,59.29999923706055,58.86000061035156,58.86000061035156,12244,0.0,0.0
2024-07-24 15:30:00-04:00,58.84000015258789,58.95000076293945,58.4900016784668,58.5099983215332,31582,0.0,0.0
2024-07-25 09:30:00-04:00,58.68000030517578,59.95500183105469,58.619998931884766,59.900001525878906,23273,0.0,0.0
2024-07-25 10:30:00-04:00,59.775001525878906,60.16999816894531,59.41999816894531,59.91999816894531,10067,0.0,0.0
2024-07-25 11:30:00-04:00,60.099998474121094,60.439998626708984,60.0,60.439998626708984,9237,0.0,0.0
2024-07-25 12:30:00-04:00,60.400001525878906,60.7400016784668,60.400001525878906,60.560001373291016,13022,0.0,0.0
2024-07-25 13:30:00-04:00,60.48500061035156,60.55500030517578,60.18000030517578,60.26499938964844,12524,0.0,0.0
2024-07-25 14:30:00-04:00,60.34000015258789,60.52000045776367,60.01499938964844,60.439998626708984,13737,0.0,0.0
2024-07-25 15:30:00-04:00,60.439998626708984,60.439998626708984,59.970001220703125,59.970001220703125,26099,0.0,0.0
2024-07-26 09:30:00-04:00,61.77000045776367,61.77000045776367,60.66999816894531,61.33000183105469,19988,0.0,0.0
2024-07-26 10:30:00-04:00,61.25,61.32500076293945,60.470001220703125,60.470001220703125,11090,0.0,0.0
2024-07-26 11:30:00-04:00,60.599998474121094,61.130001068115234,60.599998474121094,60.779998779296875,7388,0.0,0.0
2024-07-26 12:30:00-04:00,60.7400016784668,60.88999938964844,60.65999984741211,60.790000915527344,8911,0.0,0.0
2024-07-26 13:30:00-04:00,60.77000045776367,61.0,60.660099029541016,60.9900016784668,10110,0.0,0.0
2024-07-26 14:30:00-04:00,60.959999084472656,61.33000183105469,60.86000061035156,61.279998779296875,19983,0.0,0.0
2024-07-26 15:30:00-04:00,61.220001220703125,61.7599983215332,61.20000076293945,61.40999984741211,46432,0.0,0.0
2024-07-29 09:30:00-04:00,61.15999984741211,61.65999984741211,60.880001068115234,61.0,27921,0.0,0.0
2024-07-29 10:30:00-04:00,60.92499923706055,60.92499923706055,60.36000061035156,60.540000915527344,10950,0.0,0.0
2024-07-29 11:30:00-04:00,60.33000183105469,60.5,59.9900016784668,60.0099983215332,6797,0.0,0.0
2024-07-29 12:30:00-04:00,59.97999954223633,60.11000061035156,59.91999816894531,60.04499816894531,11245,0.0,0.0
2024-07-29 13:30:00-04:00,59.97999954223633,60.130001068115234,59.720001220703125,59.79999923706055,20027,0.0,0.0
2024-07-29 14:30:00-04:00,59.77000045776367,59.94499969482422,59.584999084472656,59.60499954223633,11712,0.0,0.0
2024-07-29 15:30:00-04:00,59.56999969482422,59.654998779296875,59.33000183105469,59.560001373291016,53401,0.0,0.0
2024-07-30 09:30:00-04:00,59.939998626708984,60.84000015258789,59.290000915527344,59.540000915527344,22045,0.0,0.0
2024-07-30 10:30:00-04:00,59.53499984741211,59.81999969482422,59.35499954223633,59.720001220703125,21675,0.0,0.0
2024-07-30 11:30:00-04:00,59.8921012878418,60.00749969482422,59.525001525878906,59.689998626708984,7453,0.0,0.0
2024-07-30 12:30:00-04:00,59.70000076293945,59.900001525878906,59.619998931884766,59.63999938964844,10811,0.0,0.0
2024-07-30 13:30:00-04:00,59.7599983215332,59.88999938964844,59.58000183105469,59.70500183105469,10490,0.0,0.0
2024-07-30 14:30:00-04:00,59.7599983215332,59.900001525878906,59.630001068115234,59.810001373291016,12598,0.0,0.0
2024-07-30 15:30:00-04:00,59.779998779296875,60.08000183105469,59.685001373291016,59.7599983215332,38592,0.0,0.0
2024-07-31 09:30:00-04:00,59.939998626708984,60.029998779296875,59.209999084472656,59.45000076293945,9132,0.0,0.0
2024-07-31 10:30:00-04:00,59.369998931884766,59.709999084472656,59.349998474121094,59.4900016784668,14138,0.0,0.0
2024-07-31 11:30:00-04:00,59.5099983215332,60.10499954223633,59.5099983215332,60.04999923706055,10607,0.0,0.0
2024-07-31 12:30:00-04:00,60.16999816894531,60.16999816894531,59.71500015258789,59.79999923706055,11300,0.0,0.0
2024-07-31 13:30:00-04:00,59.73500061035156,59.91999816894531,59.5099983215332,59.560001373291016,5715,0.0,0.0
2024-07-31 14:30:00-04:00,59.619998931884766,60.869998931884766,59.459999084472656,59.97999954223633,23775,0.0,0.0
2024-07-31 15:30:00-04:00,59.65999984741211,59.75,59.16999816894531,59.290000915527344,37185,0.0,0.0
2024-08-01 09:30:00-04:00,59.18000030517578,59.369998931884766,57.31999969482422,57.32500076293945,24207,0.0,0.0
2024-08-01 10:30:00-04:00,57.04999923706055,57.38999938964844,56.29999923706055,56.459999084472656,29711,0.0,0.0
2024-08-01 11:30:00-04:00,56.560001373291016,56.72999954223633,56.349998474121094,56.349998474121094,43128,0.0,0.0
2024-08-01 12:30:00-04:00,56.33000183105469,56.380001068115234,55.720001220703125,56.227500915527344,26016,0.0,0.0
2024-08-01 13:30:00-04:00,56.22999954223633,56.880001068115234,56.22999954223633,56.880001068115234,14746,0.0,0.0
2024-08-01 14:30:00-04:00,56.880001068115234,56.880001068115234,56.52000045776367,56.790000915527344,13594,0.0,0.0
2024-08-01 15:30:00-04:00,56.630001068115234,56.834999084472656,56.47999954223633,56.54899978637695,36586,0.0,0.0
2024-08-02 09:30:00-04:00,54.47999954223633,55.25,53.150001525878906,53.91999816894531,65587,0.0,0.0
2024-08-02 10:30:00-04:00,53.86000061035156,54.5,53.779998779296875,53.959999084472656,20216,0.0,0.0
2024-08-02 11:30:00-04:00,53.970001220703125,54.849998474121094,53.970001220703125,54.849998474121094,12876,0.0,0.0
2024-08-02 12:30:00-04:00,54.72999954223633,54.939998626708984,54.560001373291016,54.86000061035156,12163,0.0,0.0
2024-08-02 13:30:00-04:00,55.0099983215332,55.040000915527344,54.720001220703125,54.83000183105469,8577,0.0,0.0
2024-08-02 14:30:00-04:00,54.900001525878906,55.005001068115234,54.65999984741211,54.900001525878906,14404,0.0,0.0
2024-08-02 15:30:00-04:00,54.83000183105469,55.119998931884766,54.75,54.86000061035156,37266,0.0,0.0
2024-08-05 09:30:00-04:00,52.380001068115234,52.7599983215332,51.189998626708984,52.44499969482422,30749,0.0,0.0
2024-08-05 10:30:00-04:00,52.619998931884766,53.25,52.31999969482422,53.25,13670,0.0,0.0
2024-08-05 11:30:00-04:00,53.209999084472656,54.06999969482422,53.154998779296875,53.98500061035156,16155,0.0,0.0
2024-08-05 12:30:00-04:00,54.0099983215332,54.18000030517578,53.220001220703125,53.36000061035156,13954,0.0,0.0
2024-08-05 13:30:00-04:00,53.310001373291016,53.38999938964844,53.150001525878906,53.25,9978,0.0,0.0
2024-08-05 14:30:00-04:00,53.189998626708984,53.33000183105469,52.970001220703125,53.1349983215332,18964,0.0,0.0
2024-08-05 15:30:00-04:00,53.150001525878906,53.44499969482422,53.029998779296875,53.2599983215332,33878,0.0,0.0
2024-08-06 09:30:00-04:00,52.720001220703125,53.04999923706055,52.5099983215332,53.04999923706055,13153,0.0,0.0
2024-08-06 10:30:00-04:00,53.18000030517578,53.439998626708984,52.41999816894531,52.41999816894531,7925,0.0,0.0
2024-08-06 11:30:00-04:00,52.40999984741211,53.04999923706055,52.40999984741211,53.029998779296875,7224,0.0,0.0
2024-08-06 12:30:00-04:00,52.9900016784668,52.9900016784668,52.75,52.900001525878906,5826,0.0,0.0
2024-08-06 13:30:00-04:00,53.13999938964844,53.380001068115234,53.08000183105469,53.380001068115234,5509,0.0,0.0
2024-08-06 14:30:00-04:00,53.2599983215332,53.349998474121094,52.9900016784668,53.130001068115234,11282,0.0,0.0
2024-08-06 15:30:00-04:00,53.08000183105469,53.209999084472656,52.59000015258789,52.790000915527344,26050,0.0,0.0
2024-08-07 09:30:00-04:00,53.630001068115234,54.459999084472656,53.26890182495117,53.92250061035156,40625,0.0,0.0
2024-08-07 10:30:00-04:00,53.81999969482422,54.380001068115234,53.81999969482422,53.91999816894531,14330,0.0,0.0
2024-08-07 11:30:00-04:00,53.900001525878906,54.029998779296875,53.720001220703125,54.029998779296875,8312,0.0,0.0
2024-08-07 12:30:00-04:00,53.83000183105469,54.029998779296875,53.349998474121094,53.4900016784668,21968,0.0,0.0
2024-08-07 13:30:00-04:00,53.59000015258789,53.630001068115234,53.11000061035156,53.11000061035156,9120,0.0,0.0
2024-08-07 14:30:00-04:00,53.18000030517578,53.540000915527344,53.06999969482422,53.4900016784668,15734,0.0,0.0
2024-08-07 15:30:00-04:00,53.474998474121094,53.709999084472656,52.970001220703125,53.0,32242,0.0,0.0
2024-08-08 09:30:00-04:00,53.97999954223633,53.9900016784668,53.650001525878906,53.650001525878906,6215,0.0,0.0
2024-08-08 10:30:00-04:00,53.540000915527344,53.540000915527344,53.064998626708984,53.209999084472656,6228,0.0,0.0
2024-08-08 11:30:00-04:00,53.06999969482422,53.08000183105469,52.7400016784668,52.79499816894531,7265,0.0,0.0
2024-08-08 12:30:00-04:00,52.79499816894531,53.29999923706055,52.72999954223633,53.29999923706055,6774,0.0,0.0
2024-08-08 13:30:00-04:00,53.40999984741211,53.630001068115234,53.31999969482422,53.41999816894531,12006,0.0,0.0
2024-08-08 14:30:00-04:00,53.5,53.689998626708984,53.43000030517578,53.689998626708984,5967,0.0,0.0
2024-08-08 15:30:00-04:00,53.70000076293945,53.91999816894531,53.474998474121094,53.79999923706055,29866,0.0,0.0
2024-08-09 09:30:00-04:00,53.68000030517578,53.85499954223633,53.28010177612305,53.45000076293945,7792,0.0,0.0
2024-08-09 10:30:00-04:00,53.470001220703125,53.470001220703125,53.16999816894531,53.29999923706055,9868,0.0,0.0
2024-08-09 11:30:00-04:00,53.2400016784668,53.369998931884766,53.220001220703125,53.29499816894531,11543,0.0,0.0
2024-08-09 12:30:00-04:00,53.61000061035156,53.79999923706055,53.61000061035156,53.79999923706055,3257,0.0,0.0
2024-08-09 13:30:00-04:00,53.7400016784668,53.81999969482422,53.474998474121094,53.59000015258789,4909,0.0,0.0
2024-08-09 14:30:00-04:00,53.720001220703125,53.720001220703125,53.61000061035156,53.65999984741211,6649,0.0,0.0
2024-08-09 15:30:00-04:00,53.7599983215332,53.7599983215332,53.584999084472656,53.70000076293945,13645,0.0,0.0
2024-08-12 09:30:00-04:00,54.099998474121094,54.70000076293945,53.80500030517578,53.80500030517578,10488,0.0,0.0
2024-08-12 10:30:00-04:00,53.779998779296875,53.779998779296875,53.34000015258789,53.459999084472656,11107,0.0,0.0
2024-08-12 11:30:00-04:00,53.442501068115234,53.5,53.11000061035156,53.17499923706055,12037,0.0,0.0
2024-08-12 12:30:00-04:00,53.17499923706055,53.17499923706055,52.97999954223633,53.119998931884766,9502,0.0,0.0
2024-08-12 13:30:00-04:00,53.13710021972656,53.345001220703125,53.13710021972656,53.33000183105469,19111,0.0,0.0
2024-08-12 14:30:00-04:00,53.36000061035156,53.54499816894531,53.36000061035156,53.47999954223633,12329,0.0,0.0
2024-08-12 15:30:00-04:00,53.48500061035156,53.5,53.209999084472656,53.34000015258789,26217,0.0,0.0
2024-08-13 09:30:00-04:00,53.95000076293945,54.96500015258789,52.86000061035156,53.28499984741211,10821,0.0,0.0
2024-08-13 10:30:00-04:00,53.29999923706055,53.529998779296875,53.189998626708984,53.51499938964844,9260,0.0,0.0
2024-08-13 11:30:00-04:00,53.47999954223633,53.83000183105469,53.41999816894531,53.779998779296875,8634,0.0,0.0
2024-08-13 12:30:00-04:00,53.689998626708984,53.82500076293945,53.689998626708984,53.779998779296875,5395,0.0,0.0
2024-08-13 13:30:00-04:00,53.709999084472656,53.970001220703125,53.650001525878906,53.709999084472656,6115,0.0,0.0
2024-08-13 14:30:00-04:00,53.744998931884766,53.880001068115234,53.689998626708984,53.689998626708984,8710,0.0,0.0
2024-08-13 15:30:00-04:00,53.709999084472656,53.9900016784668,53.709999084472656,53.9900016784668,22888,0.0,0.0
2024-08-14 09:30:00-04:00,54.36000061035156,54.36000061035156,53.41999816894531,53.5099983215332,7069,0.0,0.0
2024-08-14 10:30:00-04:00,53.47999954223633,53.47999954223633,53.220001220703125,53.380001068115234,5757,0.0,0.0
2024-08-14 11:30:00-04:00,53.7599983215332,53.880001068115234,53.70000076293945,53.70000076293945,3898,0.0,0.0
2024-08-14 12:30:00-04:00,53.529998779296875,53.70000076293945,53.529998779296875,53.70000076293945,1919,0.0,0.0
2024-08-14 13:30:00-04:00,53.54999923706055,53.61000061035156,53.5,53.5,3301,0.0,0.0
2024-08-14 14:30:00-04:00,53.599998474121094,53.599998474121094,53.5,53.560001373291016,6460,0.0,0.0
2024-08-14 15:30:00-04:00,53.599998474121094,53.72999954223633,53.599998474121094,53.61000061035156,12289,0.0,0.0
2024-08-15 09:30:00-04:00,55.060001373291016,55.709999084472656,55.0099983215332,55.04999923706055,10731,0.0,0.0
2024-08-15 10:30:00-04:00,55.119998931884766,55.744998931884766,55.119998931884766,55.650001525878906,6590,0.0,0.0
2024-08-15 11:30:00-04:00,55.630001068115234,55.7400016784668,55.415000915527344,55.61000061035156,5769,0.0,0.0
2024-08-15 12:30:00-04:00,55.7400016784668,55.7400016784668,55.4900016784668,55.5,6399,0.0,0.0
2024-08-15 13:30:00-04:00,55.599998474121094,55.61000061035156,55.31999969482422,55.439998626708984,6693,0.0,0.0
2024-08-15 14:30:00-04:00,55.52000045776367,55.54999923706055,55.130001068115234,55.20000076293945,4550,0.0,0.0
2024-08-15 15:30:00-04:00,55.130001068115234,55.130001068115234,54.439998626708984,54.75,24874,0.0,0.0
2024-08-16 09:30:00-04:00,54.540000915527344,57.91999816894531,54.540000915527344,56.275001525878906,87609,0.0,0.0
2024-08-16 10:30:00-04:00,56.165000915527344,56.2400016784668,55.82500076293945,56.025001525878906,57831,0.0,0.0
2024-08-16 11:30:00-04:00,56.0,56.41999816894531,55.970001220703125,56.400001525878906,14015,0.0,0.0
2024-08-16 12:30:00-04:00,56.45000076293945,56.68000030517578,56.380001068115234,56.59000015258789,22136,0.0,0.0
2024-08-16 13:30:00-04:00,56.58000183105469,56.849998474121094,56.58000183105469,56.72999954223633,17944,0.0,0.0
2024-08-16 14:30:00-04:00,56.72999954223633,57.0,56.72999954223633,56.83000183105469,34688,0.0,0.0
2024-08-16 15:30:00-04:00,56.83000183105469,57.09000015258789,56.5,56.689998626708984,46191,0.0,0.0
2024-08-19 09:30:00-04:00,56.7599983215332,57.26499938964844,56.58000183105469,56.65999984741211,14654,0.0,0.0
2024-08-19 10:30:00-04:00,56.685001373291016,56.880001068115234,56.47999954223633,56.650001525878906,11655,0.0,0.0
2024-08-19 11:30:00-04:00,56.970001220703125,57.125,56.810001373291016,57.099998474121094,6505,0.0,0.0
2024-08-19 12:30:00-04:00,57.11000061035156,57.28499984741211,56.939998626708984,57.14500045776367,8673,0.0,0.0
2024-08-19 13:30:00-04:00,57.04999923706055,57.29999923706055,57.0099983215332,57.21500015258789,6749,0.0,0.0
2024-08-19 14:30:00-04:00,57.22999954223633,57.310001373291016,57.040000915527344,57.08000183105469,7087,0.0,0.0
2024-08-19 15:30:00-04:00,57.09000015258789,57.4900016784668,56.97999954223633,57.4900016784668,32193,0.0,0.0
2024-08-20 09:30:00-04:00,57.11000061035156,57.21500015258789,56.744998931884766,56.8650016784668,15709,0.0,0.0
2024-08-20 10:30:00-04:00,56.75,56.880001068115234,56.209999084472656,56.26499938964844,11937,0.0,0.0
2024-08-20 11:30:00-04:00,56.15999984741211,56.619998931884766,56.02000045776367,56.58000183105469,15914,0.0,0.0
2024-08-20 12:30:00-04:00,56.58000183105469,56.58000183105469,56.279998779296875,56.47999954223633,9309,0.0,0.0
2024-08-20 13:30:00-04:00,56.349998474121094,56.56999969482422,56.29999923706055,56.5099983215332,17069,0.0,0.0
2024-08-20 14:30:00-04:00,56.54999923706055,56.66999816894531,56.369998931884766,56.42499923706055,9650,0.0,0.0
2024-08-20 15:30:00-04:00,56.400001525878906,56.42499923706055,56.03499984741211,56.09000015258789,43312,0.0,0.0
2024-08-21 09:30:00-04:00,56.369998931884766,56.369998931884766,55.83000183105469,55.888099670410156,7876,0.0,0.0
2024-08-21 10:30:00-04:00,55.94499969482422,56.15999984741211,55.56999969482422,55.75,6529,0.0,0.0
2024-08-21 11:30:00-04:00,55.90999984741211,55.91999816894531,55.689998626708984,55.744998931884766,3440,0.0,0.0
2024-08-21 12:30:00-04:00,55.72999954223633,55.849998474121094,55.70000076293945,55.849998474121094,4761,0.0,0.0
2024-08-21 13:30:00-04:00,55.872501373291016,56.14500045776367,55.86000061035156,55.900001525878906,6877,0.0,0.0
2024-08-21 14:30:00-04:00,55.939998626708984,55.959999084472656,55.70500183105469,55.779998779296875,14869,0.0,0.0
2024-08-21 15:30:00-04:00,55.880001068115234,56.209999084472656,55.849998474121094,56.150001525878906,30121,0.0,0.0
2024-08-22 09:30:00-04:00,56.20000076293945,56.56999969482422,55.939998626708984,56.150001525878906,9437,0.0,0.0
2024-08-22 10:30:00-04:00,56.2400016784668,56.41999816894531,56.04499816894531,56.380001068115234,12701,0.0,0.0
2024-08-22 11:30:00-04:00,56.33000183105469,56.38999938964844,56.33000183105469,56.38999938964844,2562,0.0,0.0
2024-08-22 12:30:00-04:00,56.38999938964844,56.38999938964844,56.150001525878906,56.150001525878906,4793,0.0,0.0
2024-08-22 13:30:00-04:00,56.130001068115234,56.33000183105469,55.97999954223633,56.33000183105469,6206,0.0,0.0
2024-08-22 14:30:00-04:00,56.345001220703125,56.369998931884766,56.22999954223633,56.255001068115234,5931,0.0,0.0
2024-08-22 15:30:00-04:00,56.29999923706055,56.29999923706055,55.900001525878906,55.98500061035156,18736,0.0,0.0
2024-08-23 09:30:00-04:00,57.64500045776367,58.165000915527344,56.595001220703125,58.165000915527344,11255,0.0,0.0
2024-08-23 10:30:00-04:00,58.20000076293945,59.845001220703125,58.20000076293945,59.720001220703125,19090,0.0,0.0
2024-08-23 11:30:00-04:00,59.80500030517578,59.900001525878906,58.80500030517578,59.20500183105469,21697,0.0,0.0
2024-08-23 12:30:00-04:00,59.209999084472656,59.29999923706055,58.95750045776367,58.97999954223633,8623,0.0,0.0
2024-08-23 13:30:00-04:00,59.02000045776367,59.150001525878906,58.90999984741211,58.959999084472656,8600,0.0,0.0
2024-08-23 14:30:00-04:00,59.130001068115234,59.130001068115234,58.7599983215332,58.88999938964844,10538,0.0,0.0
2024-08-23 15:30:00-04:00,58.875,59.189998626708984,58.775001525878906,59.150001525878906,28991,0.0,0.0
2024-08-26 09:30:00-04:00,59.29999923706055,60.31999969482422,59.189998626708984,59.810001373291016,17638,0.0,0.0
2024-08-26 10:30:00-04:00,59.80500030517578,59.83000183105469,59.29499816894531,59.439998626708984,14986,0.0,0.0
2024-08-26 11:30:00-04:00,59.470001220703125,59.51499938964844,59.36000061035156,59.42499923706055,7394,0.0,0.0
2024-08-26 12:30:00-04:00,59.4900016784668,59.72999954223633,59.20000076293945,59.3650016784668,27313,0.0,0.0
2024-08-26 13:30:00-04:00,59.310001373291016,59.310001373291016,59.04999923706055,59.150001525878906,21533,0.0,0.0
2024-08-26 14:30:00-04:00,59.33000183105469,59.3650016784668,59.04999923706055,59.34000015258789,18911,0.0,0.0
2024-08-26 15:30:00-04:00,59.25,59.43000030517578,59.209999084472656,59.349998474121094,54288,0.0,0.0
2024-08-27 09:30:00-04:00,59.08000183105469,59.11000061035156,58.497501373291016,58.810001373291016,29572,0.0,0.0
2024-08-27 10:30:00-04:00,58.814998626708984,59.09000015258789,58.72999954223633,58.81999969482422,4445,0.0,0.0
2024-08-27 11:30:00-04:00,58.66999816894531,58.79750061035156,58.5099983215332,58.5099983215332,14595,0.0,0.0
2024-08-27 12:30:00-04:00,58.584999084472656,58.849998474121094,58.4900016784668,58.84000015258789,8863,0.0,0.0
2024-08-27 13:30:00-04:00,58.869998931884766,58.88999938964844,58.724998474121094,58.81999969482422,11416,0.0,0.0
2024-08-27 14:30:00-04:00,58.85499954223633,59.0,58.84000015258789,58.91999816894531,17077,0.0,0.0
2024-08-27 15:30:00-04:00,58.959999084472656,59.08000183105469,58.790000915527344,59.02000045776367,48206,0.0,0.0
2024-08-28 09:30:00-04:00,58.709999084472656,59.54999923706055,58.654998779296875,59.310001373291016,4387,0.0,0.0
2024-08-28 10:30:00-04:00,59.505001068115234,59.959999084472656,59.505001068115234,59.869998931884766,4438,0.0,0.0
2024-08-28 11:30:00-04:00,59.54999923706055,59.54999923706055,58.970001220703125,58.994998931884766,7147,0.0,0.0
2024-08-28 12:30:00-04:00,58.95500183105469,59.189998626708984,58.95500183105469,59.189998626708984,5943,0.0,0.0
2024-08-28 13:30:00-04:00,59.15999984741211,59.16999816894531,58.7400016784668,58.7400016784668,15471,0.0,0.0
2024-08-28 14:30:00-04:00,58.790000915527344,59.61000061035156,58.790000915527344,59.61000061035156,20083,0.0,0.0
2024-08-28 15:30:00-04:00,59.529998779296875,59.72999954223633,59.26499938964844,59.66999816894531,36067,0.0,0.0
2024-08-29 09:30:00-04:00,60.34000015258789,60.34000015258789,59.08000183105469,60.040000915527344,16661,0.0,0.0
2024-08-29 10:30:00-04:00,59.845001220703125,59.849998474121094,59.209999084472656,59.45500183105469,11671,0.0,0.0
2024-08-29 11:30:00-04:00,59.54999923706055,59.77000045776367,59.505001068115234,59.65999984741211,9656,0.0,0.0
2024-08-29 12:30:00-04:00,59.61000061035156,59.70750045776367,59.54999923706055,59.61000061035156,7646,0.0,0.0
2024-08-29 13:30:00-04:00,59.66999816894531,59.974998474121094,59.60499954223633,59.86000061035156,12343,0.0,0.0
2024-08-29 14:30:00-04:00,59.70000076293945,59.779998779296875,59.29999923706055,59.779998779296875,23875,0.0,0.0
2024-08-29 15:30:00-04:00,59.65999984741211,59.66999816894531,59.150001525878906,59.150001525878906,44450,0.0,0.0
2024-08-30 09:30:00-04:00,59.400001525878906,59.54999923706055,59.125,59.29999923706055,9695,0.0,0.0
2024-08-30 10:30:00-04:00,59.369998931884766,59.369998931884766,59.0,59.0,7174,0.0,0.0
2024-08-30 11:30:00-04:00,58.959999084472656,59.0099983215332,58.755001068115234,58.85499954223633,11819,0.0,0.0
2024-08-30 12:30:00-04:00,58.790000915527344,58.790000915527344,58.59000015258789,58.59000015258789,6212,0.0,0.0
2024-08-30 13:30:00-04:00,58.59000015258789,58.7400016784668,58.59000015258789,58.709999084472656,8592,0.0,0.0
2024-08-30 14:30:00-04:00,58.75,59.08000183105469,58.7400016784668,59.08000183105469,11238,0.0,0.0
2024-08-30 15:30:00-04:00,59.04999923706055,59.619998931884766,59.04999923706055,59.54999923706055,27590,0.0,0.0
2024-09-03 09:30:00-04:00,58.970001220703125,59.75,58.79999923706055,58.80350112915039,11917,0.0,0.0
2024-09-03 10:30:00-04:00,58.8223991394043,59.38999938964844,58.6349983215332,59.38999938964844,11070,0.0,0.0
2024-09-03 11:30:00-04:00,59.209999084472656,59.4900016784668,59.189998626708984,59.224998474121094,10895,0.0,0.0
2024-09-03 12:30:00-04:00,59.189998626708984,59.189998626708984,58.86000061035156,58.959999084472656,10748,0.0,0.0
2024-09-03 13:30:00-04:00,58.91999816894531,58.93000030517578,58.58000183105469,58.58000183105469,8942,0.0,0.0
2024-09-03 14:30:00-04:00,58.564998626708984,58.564998626708984,58.38999938964844,58.540000915527344,12493,0.0,0.0
2024-09-03 15:30:00-04:00,58.56999969482422,58.814998626708984,58.43000030517578,58.77000045776367,54461,0.0,0.0
2024-09-04 09:30:00-04:00,58.61000061035156,59.099998474121094,58.0,58.38999938964844,23515,0.0,0.0
2024-09-04 10:30:00-04:00,58.32749938964844,59.04499816894531,58.32749938964844,58.665000915527344,44595,0.0,0.0
2024-09-04 11:30:00-04:00,58.540000915527344,58.63999938964844,58.415000915527344,58.599998474121094,9174,0.0,0.0
2024-09-04 12:30:00-04:00,58.599998474121094,58.849998474121094,58.369998931884766,58.43000030517578,21369,0.0,0.0
2024-09-04 13:30:00-04:00,58.35499954223633,58.540000915527344,58.13999938964844,58.5099983215332,22037,0.0,0.0
2024-09-04 14:30:00-04:00,58.459999084472656,58.814998626708984,58.33000183105469,58.709999084472656,21992,0.0,0.0
2024-09-04 15:30:00-04:00,58.685001373291016,58.7400016784668,58.435001373291016,58.56999969482422,33406,0.0,0.0
2024-09-05 09:30:00-04:00,58.86000061035156,59.08000183105469,58.38999938964844,58.81999969482422,13389,0.0,0.0
2024-09-05 10:30:00-04:00,58.900001525878906,58.900001525878906,57.880001068115234,57.91999816894531,10369,0.0,0.0
2024-09-05 11:30:00-04:00,57.849998474121094,57.88999938964844,57.709999084472656,57.880001068115234,4571,0.0,0.0
2024-09-05 12:30:00-04:00,57.79499816894531,58.040000915527344,57.66999816894531,57.88999938964844,10456,0.0,0.0
2024-09-05 13:30:00-04:00,57.869998931884766,58.20500183105469,57.869998931884766,58.11000061035156,11099,0.0,0.0
2024-09-05 14:30:00-04:00,58.11000061035156,58.314998626708984,58.0099983215332,58.029998779296875,17073,0.0,0.0
2024-09-05 15:30:00-04:00,58.099998474121094,58.33000183105469,57.849998474121094,58.33000183105469,46604,0.0,0.0
2024-09-06 09:30:00-04:00,58.349998474121094,58.95000076293945,58.125,58.125,12119,0.0,0.0
2024-09-06 10:30:00-04:00,57.90999984741211,58.25,57.275001525878906,57.275001525878906,11849,0.0,0.0
2024-09-06 11:30:00-04:00,57.38999938964844,57.599998474121094,57.35499954223633,57.35499954223633,9570,0.0,0.0
2024-09-06 12:30:00-04:00,57.380001068115234,57.53499984741211,57.06999969482422,57.47010040283203,7976,0.0,0.0
2024-09-06 13:30:00-04:00,57.48500061035156,57.56999969482422,57.15999984741211,57.15999984741211,7431,0.0,0.0
2024-09-06 14:30:00-04:00,57.150001525878906,57.5099983215332,57.0099983215332,57.41999816894531,12990,0.0,0.0
2024-09-06 15:30:00-04:00,57.42499923706055,57.44499969482422,57.13999938964844,57.2400016784668,37510,0.0,0.0
2024-09-09 09:30:00-04:00,57.290000915527344,57.560001373291016,54.73500061035156,57.33000183105469,23207,0.0,0.0
2024-09-09 10:30:00-04:00,57.20500183105469,57.380001068115234,56.650001525878906,56.880001068115234,10658,0.0,0.0
2024-09-09 11:30:00-04:00,56.93000030517578,57.25,56.77000045776367,57.130001068115234,7785,0.0,0.0
2024-09-09 12:30:00-04:00,57.150001525878906,57.2599983215332,57.05500030517578,57.060001373291016,7475,0.0,0.0
2024-09-09 13:30:00-04:00,56.939998626708984,56.9900016784668,56.83000183105469,56.900001525878906,5768,0.0,0.0
2024-09-09 14:30:00-04:00,56.83000183105469,56.91999816894531,56.65999984741211,56.79999923706055,14801,0.0,0.0
2024-09-09 15:30:00-04:00,56.755001068115234,56.880001068115234,56.5,56.83000183105469,33663,0.0,0.0
2024-09-10 09:30:00-04:00,56.86000061035156,56.86000061035156,55.73500061035156,55.83000183105469,7436,0.0,0.0
2024-09-10 10:30:00-04:00,55.849998474121094,56.244998931884766,55.849998474121094,56.20000076293945,8063,0.0,0.0
2024-09-10 11:30:00-04:00,56.04999923706055,56.04999923706055,55.459999084472656,55.459999084472656,11098,0.0,0.0
2024-09-10 12:30:00-04:00,55.5099983215332,55.869998931884766,55.5099983215332,55.869998931884766,10357,0.0,0.0
2024-09-10 13:30:00-04:00,56.08000183105469,56.6150016784668,55.970001220703125,56.6150016784668,8356,0.0,0.0
2024-09-10 14:30:00-04:00,56.689998626708984,56.779998779296875,56.59000015258789,56.67499923706055,14094,0.0,0.0
2024-09-10 15:30:00-04:00,56.41999816894531,56.959999084472656,56.380001068115234,56.95000076293945,39652,0.0,0.0
2024-09-11 09:30:00-04:00,55.65999984741211,56.650001525878906,53.779998779296875,54.959999084472656,15351,0.0,0.0
2024-09-11 10:30:00-04:00,54.68000030517578,54.849998474121094,54.5099983215332,54.71500015258789,20945,0.0,0.0
2024-09-11 11:30:00-04:00,54.790000915527344,55.125,54.709999084472656,55.125,9754,0.0,0.0
2024-09-11 12:30:00-04:00,55.060001373291016,55.369998931884766,55.060001373291016,55.36000061035156,6276,0.0,0.0
2024-09-11 13:30:00-04:00,55.34000015258789,55.45000076293945,55.31999969482422,55.369998931884766,7342,0.0,0.0
2024-09-11 14:30:00-04:00,55.375,56.08000183105469,55.375,55.880001068115234,18173,0.0,0.0
2024-09-11 15:30:00-04:00,55.90999984741211,56.099998474121094,55.790000915527344,55.97999954223633,22236,0.0,0.0
2024-09-12 09:30:00-04:00,56.09000015258789,57.77000045776367,55.22999954223633,55.47999954223633,10624,0.0,0.0
2024-09-12 10:30:00-04:00,55.720001220703125,56.02000045776367,55.709999084472656,55.84000015258789,6808,0.0,0.0
2024-09-12 11:30:00-04:00,56.025001525878906,56.04999923706055,55.80009841918945,55.880001068115234,7969,0.0,0.0
2024-09-12 12:30:00-04:00,55.79499816894531,55.900001525878906,55.779998779296875,55.81999969482422,5162,0.0,0.0
2024-09-12 13:30:00-04:00,55.98500061035156,56.17499923706055,55.75,55.7599983215332,6719,0.0,0.0
2024-09-12 14:30:00-04:00,55.84000015258789,55.84000015258789,55.59000015258789,55.790000915527344,9860,0.0,0.0
2024-09-12 15:30:00-04:00,55.7400016784668,56.0,55.720001220703125,55.9900016784668,19221,0.0,0.0
2024-09-13 09:30:00-04:00,56.84000015258789,57.22999954223633,56.564998626708984,57.150001525878906,11664,0.0,0.0
2024-09-13 10:30:00-04:00,56.93000030517578,57.09000015258789,56.529998779296875,56.75,12163,0.0,0.0
2024-09-13 11:30:00-04:00,56.70500183105469,57.099998474121094,56.70500183105469,57.040000915527344,6990,0.0,0.0
2024-09-13 12:30:00-04:00,57.040000915527344,57.040000915527344,56.88999938964844,56.88999938964844,5798,0.0,0.0
2024-09-13 13:30:00-04:00,57.040000915527344,57.06999969482422,56.85499954223633,56.85499954223633,6436,0.0,0.0
2024-09-13 14:30:00-04:00,56.84000015258789,56.89500045776367,56.7400016784668,56.86000061035156,9443,0.0,0.0
2024-09-13 15:30:00-04:00,57.150001525878906,57.54499816894531,57.13999938964844,57.540000915527344,23358,0.0,0.0
2024-09-16 09:30:00-04:00,57.689998626708984,57.779998779296875,56.720001220703125,57.779998779296875,10049,0.0,0.0
2024-09-16 10:30:00-04:00,57.31999969482422,57.94499969482422,57.244998931884766,57.790000915527344,15233,0.0,0.0
2024-09-16 11:30:00-04:00,57.65999984741211,58.36000061035156,57.595001220703125,58.36000061035156,11046,0.0,0.0
2024-09-16 12:30:00-04:00,58.41749954223633,58.41749954223633,58.20000076293945,58.20000076293945,7289,0.0,0.0
2024-09-16 13:30:00-04:00,58.349998474121094,58.349998474121094,58.119998931884766,58.20000076293945,15685,0.0,0.0
2024-09-16 14:30:00-04:00,58.20000076293945,58.40999984741211,58.15999984741211,58.380001068115234,24459,0.0,0.0
2024-09-16 15:30:00-04:00,58.45500183105469,58.459999084472656,58.189998626708984,58.349998474121094,47543,0.0,0.0
2024-09-17 09:30:00-04:00,58.90999984741211,58.90999984741211,58.18000030517578,58.79999923706055,18679,0.0,0.0
2024-09-17 10:30:00-04:00,58.970001220703125,59.34000015258789,58.900001525878906,59.279998779296875,14984,0.0,0.0
2024-09-17 11:30:00-04:00,59.40999984741211,59.560001373291016,59.279998779296875,59.34000015258789,15881,0.0,0.0
2024-09-17 12:30:00-04:00,59.349998474121094,59.349998474121094,58.709999084472656,58.79999923706055,10939,0.0,0.0
2024-09-17 13:30:00-04:00,58.849998474121094,59.040000915527344,58.84000015258789,58.94499969482422,14494,0.0,0.0
2024-09-17 14:30:00-04:00,58.900001525878906,59.09000015258789,58.599998474121094,58.69499969482422,23174,0.0,0.0
2024-09-17 15:30:00-04:00,58.650001525878906,58.720001220703125,58.470001220703125,58.54999923706055,50278,0.0,0.0
2024-09-18 09:30:00-04:00,58.75,58.75,57.94499969482422,57.94499969482422,13241,0.0,0.0
2024-09-18 10:30:00-04:00,57.79999923706055,58.36000061035156,57.685001373291016,58.220001220703125,9456,0.0,0.0
2024-09-18 11:30:00-04:00,58.32500076293945,58.33000183105469,58.13999938964844,58.22999954223633,9357,0.0,0.0
2024-09-18 12:30:00-04:00,58.22999954223633,58.310001373291016,58.08000183105469,58.279998779296875,7400,0.0,0.0
2024-09-18 13:30:00-04:00,58.439998626708984,60.560001373291016,58.35499954223633,60.560001373291016,27392,0.0,0.0
2024-09-18 14:30:00-04:00,60.775001525878906,61.474998474121094,59.540000915527344,59.849998474121094,51795,0.0,0.0
2024-09-18 15:30:00-04:00,59.900001525878906,59.900001525878906,59.22999954223633,59.47999954223633,52399,0.0,0.0
2024-09-19 09:30:00-04:00,60.70000076293945,61.40999984741211,59.79999923706055,61.27000045776367,26058,0.0,0.0
2024-09-19 10:30:00-04:00,61.47999954223633,61.665000915527344,60.29499816894531,60.56999969482422,23555,0.0,0.0
2024-09-19 11:30:00-04:00,60.61000061035156,60.720001220703125,60.369998931884766,60.560001373291016,15317,0.0,0.0
2024-09-19 12:30:00-04:00,60.63999938964844,61.029998779296875,60.58000183105469,61.029998779296875,13128,0.0,0.0
2024-09-19 13:30:00-04:00,61.08000183105469,61.345001220703125,60.93000030517578,61.060001373291016,38830,0.0,0.0
2024-09-19 14:30:00-04:00,61.099998474121094,61.279998779296875,61.05500030517578,61.2400016784668,18401,0.0,0.0
2024-09-19 15:30:00-04:00,61.18000030517578,61.400001525878906,61.1150016784668,61.349998474121094,55493,0.0,0.0
2024-09-20 09:30:00-04:00,60.959999084472656,61.375,60.904998779296875,61.165000915527344,103955,0.0,0.0
2024-09-20 10:30:00-04:00,60.970001220703125,61.22999954223633,60.724998474121094,60.72999954223633,20004,0.0,0.0
2024-09-20 11:30:00-04:00,60.75,60.970001220703125,60.529998779296875,60.845001220703125,23104,0.0,0.0
2024-09-20 12:30:00-04:00,60.814998626708984,60.95000076293945,60.709999084472656,60.709999084472656,15701,0.0,0.0
2024-09-20 13:30:00-04:00,60.779998779296875,61.02000045776367,60.7400016784668,60.93000030517578,29274,0.0,0.0
2024-09-20 14:30:00-04:00,60.8849983215332,61.130001068115234,60.7599983215332,61.11000061035156,73000,0.0,0.0
2024-09-20 15:30:00-04:00,61.11000061035156,61.29999923706055,60.58000183105469,61.29999923706055,160843,0.0,0.0
2024-09-23 09:30:00-04:00,61.41999816894531,61.7599983215332,61.04999923706055,61.4900016784668,30729,0.0,0.0
2024-09-23 10:30:00-04:00,61.39500045776367,61.46500015258789,60.66999816894531,60.7599983215332,51136,0.0,0.0
2024-09-23 11:30:00-04:00,60.779998779296875,60.974998474121094,60.43000030517578,60.43000030517578,11934,0.0,0.0
2024-09-23 12:30:00-04:00,60.349998474121094,60.68000030517578,60.349998474121094,60.68000030517578,11933,0.0,0.0
2024-09-23 13:30:00-04:00,60.7400016784668,60.75,60.57500076293945,60.59000015258789,13552,0.0,0.0
2024-09-23 14:30:00-04:00,60.54999923706055,60.810001373291016,60.404998779296875,60.66999816894531,17642,0.0,0.0
2024-09-23 15:30:00-04:00,60.66999816894531,60.8849983215332,60.435001373291016,60.7599983215332,65313,0.0,0.0
2024-09-24 09:30:00-04:00,60.779998779296875,61.1349983215332,60.33000183105469,60.33000183105469,8682,0.0,0.0
2024-09-24 10:30:00-04:00,60.17499923706055,60.22999954223633,59.900001525878906,60.06999969482422,18126,0.0,0.0
2024-09-24 11:30:00-04:00,60.06999969482422,60.18000030517578,59.849998474121094,59.849998474121094,16090,0.0,0.0
2024-09-24 12:30:00-04:00,59.81999969482422,60.40999984741211,59.779998779296875,60.3650016784668,16447,0.0,0.0
2024-09-24 13:30:00-04:00,60.290000915527344,60.43000030517578,60.11000061035156,60.224998474121094,11758,0.0,0.0
2024-09-24 14:30:00-04:00,60.185001373291016,60.279998779296875,60.040000915527344,60.040000915527344,13293,0.0,0.0
2024-09-24 15:30:00-04:00,60.099998474121094,60.189998626708984,59.90999984741211,60.060001373291016,62776,0.0,0.0
2024-09-25 09:30:00-04:00,59.56999969482422,59.81999969482422,58.90999984741211,58.90999984741211,8505,0.0,0.0
2024-09-25 10:30:00-04:00,58.90999984741211,59.029998779296875,58.755001068115234,59.025001525878906,15824,0.0,0.0
2024-09-25 11:30:00-04:00,58.900001525878906,59.0099983215332,58.59000015258789,58.65999984741211,9395,0.0,0.0
2024-09-25 12:30:00-04:00,58.59000015258789,58.59000015258789,58.310001373291016,58.310001373291016,9156,0.0,0.0
2024-09-25 13:30:00-04:00,58.310001373291016,58.349998474121094,58.125,58.34000015258789,18225,0.0,0.0
2024-09-25 14:30:00-04:00,58.349998474121094,58.81999969482422,58.310001373291016,58.73500061035156,28004,0.0,0.0
2024-09-25 15:30:00-04:00,58.720001220703125,58.81999969482422,58.529998779296875,58.689998626708984,50006,0.0,0.0
2024-09-26 09:30:00-04:00,59.4900016784668,59.52000045776367,59.005001068115234,59.290000915527344,17505,0.0,0.0
2024-09-26 10:30:00-04:00,59.38999938964844,59.915000915527344,59.369998931884766,59.849998474121094,13004,0.0,0.0
2024-09-26 11:30:00-04:00,59.875,60.09000015258789,59.7400016784668,59.84000015258789,9171,0.0,0.0
2024-09-26 12:30:00-04:00,59.65999984741211,59.790000915527344,59.369998931884766,59.369998931884766,9697,0.0,0.0
2024-09-26 13:30:00-04:00,59.35499954223633,59.54999923706055,59.2400016784668,59.53499984741211,21186,0.0,0.0
2024-09-26 14:30:00-04:00,59.529998779296875,59.53499984741211,59.369998931884766,59.40999984741211,15247,0.0,0.0
2024-09-26 15:30:00-04:00,59.42499923706055,59.42499923706055,59.01499938964844,59.2599983215332,58387,0.0,0.0
2024-09-27 09:30:00-04:00,59.36000061035156,59.959999084472656,59.36000061035156,59.650001525878906,34068,0.0,0.0
2024-09-27 10:30:00-04:00,59.720001220703125,59.942501068115234,59.540000915527344,59.90999984741211,15534,0.0,0.0
2024-09-27 11:30:00-04:00,59.90999984741211,60.10499954223633,59.529998779296875,59.529998779296875,8782,0.0,0.0
2024-09-27 12:30:00-04:00,59.52000045776367,59.540000915527344,59.150001525878906,59.400001525878906,17957,0.0,0.0
2024-09-27 13:30:00-04:00,59.310001373291016,59.310001373291016,58.8650016784668,58.8650016784668,5058,0.0,0.0
2024-09-27 14:30:00-04:00,58.810001373291016,58.959999084472656,58.7400016784668,58.810001373291016,19127,0.0,0.0
2024-09-27 15:30:00-04:00,58.84000015258789,58.97999954223633,58.71500015258789,58.880001068115234,40497,0.0,0.0
2024-09-30 09:30:00-04:00,58.439998626708984,59.06999969482422,58.067501068115234,58.85499954223633,25690,0.0,0.0
2024-09-30 10:30:00-04:00,58.93000030517578,59.724998474121094,58.93000030517578,59.630001068115234,8252,0.0,0.0
2024-09-30 11:30:00-04:00,59.60499954223633,59.900001525878906,59.540000915527344,59.900001525878906,26128,0.0,0.0
2024-09-30 12:30:00-04:00,59.90999984741211,59.959999084472656,59.599998474121094,59.650001525878906,10260,0.0,0.0
2024-09-30 13:30:00-04:00,59.70000076293945,59.70000076293945,59.06999969482422,59.06999969482422,10390,0.0,0.0
2024-09-30 14:30:00-04:00,59.09000015258789,59.31999969482422,59.09000015258789,59.31999969482422,10690,0.0,0.0
2024-09-30 15:30:00-04:00,59.279998779296875,59.619998931884766,59.279998779296875,59.58000183105469,43882,0.0,0.0
2024-10-01 09:30:00-04:00,59.529998779296875,59.540000915527344,57.4900016784668,57.814998626708984,23650,0.0,0.0
2024-10-01 10:30:00-04:00,57.779998779296875,58.290000915527344,57.71500015258789,58.290000915527344,11491,0.0,0.0
2024-10-01 11:30:00-04:00,58.29999923706055,58.41999816894531,58.0099983215332,58.41999816894531,11800,0.0,0.0
2024-10-01 12:30:00-04:00,58.41999816894531,58.41999816894531,58.04499816894531,58.07500076293945,10458,0.0,0.0
2024-10-01 13:30:00-04:00,58.099998474121094,58.29999923706055,58.02119827270508,58.04999923706055,18266,0.0,0.0
2024-10-01 14:30:00-04:00,58.04499816894531,58.220001220703125,57.84000015258789,57.92250061035156,20418,0.0,0.0
2024-10-01 15:30:00-04:00,57.90999984741211,57.939998626708984,57.61000061035156,57.90999984741211,58647,0.0,0.0
2024-10-02 09:30:00-04:00,57.849998474121094,58.61000061035156,57.720001220703125,58.36000061035156,17555,0.0,0.0
2024-10-02 10:30:00-04:00,58.08000183105469,58.2400016784668,58.0099983215332,58.154998779296875,23641,0.0,0.0
2024-10-02 11:30:00-04:00,58.2400016784668,58.31999969482422,58.09000015258789,58.13999938964844,38970,0.0,0.0
2024-10-02 12:30:00-04:00,58.08000183105469,58.099998474121094,57.9474983215332,58.025001525878906,37572,0.0,0.0
2024-10-02 13:30:00-04:00,57.959999084472656,58.11000061035156,57.84000015258789,58.04999923706055,19865,0.0,0.0
2024-10-02 14:30:00-04:00,58.02000045776367,58.13999938964844,57.96500015258789,58.08000183105469,14537,0.0,0.0
2024-10-02 15:30:00-04:00,58.029998779296875,58.099998474121094,57.7599983215332,58.02000045776367,55998,0.0,0.0
2024-10-03 09:30:00-04:00,57.41999816894531,57.875,57.150001525878906,57.70000076293945,36015,0.0,0.0
2024-10-03 10:30:00-04:00,57.66999816894531,58.01499938964844,57.599998474121094,57.93000030517578,14229,0.0,0.0
2024-10-03 11:30:00-04:00,57.939998626708984,58.709999084472656,57.939998626708984,58.709999084472656,12156,0.0,0.0
2024-10-03 12:30:00-04:00,58.60499954223633,58.60499954223633,58.2400016784668,58.25,9105,0.0,0.0
2024-10-03 13:30:00-04:00,58.33000183105469,58.75,58.33000183105469,58.75,17455,0.0,0.0
2024-10-03 14:30:00-04:00,58.67499923706055,58.689998626708984,58.47999954223633,58.55500030517578,17842,0.0,0.0
2024-10-03 15:30:00-04:00,58.529998779296875,58.68000030517578,58.470001220703125,58.68000030517578,49028,0.0,0.0
2024-10-04 09:30:00-04:00,59.86000061035156,60.0099983215332,59.09000015258789,59.314998626708984,11660,0.0,0.0
2024-10-04 10:30:00-04:00,59.275001525878906,59.529998779296875,59.099998474121094,59.150001525878906,18824,0.0,0.0
2024-10-04 11:30:00-04:00,59.154998779296875,59.435001373291016,59.119998931884766,59.42499923706055,8233,0.0,0.0
2024-10-04 12:30:00-04:00,59.41749954223633,59.599998474121094,59.310001373291016,59.48500061035156,9784,0.0,0.0
2024-10-04 13:30:00-04:00,59.48500061035156,59.63999938964844,59.41999816894531,59.599998474121094,14323,0.0,0.0
2024-10-04 14:30:00-04:00,59.540000915527344,59.540000915527344,59.404998779296875,59.442501068115234,13653,0.0,0.0
2024-10-04 15:30:00-04:00,59.45000076293945,59.560001373291016,59.28499984741211,59.52000045776367,34903,0.0,0.0
2024-10-07 09:30:00-04:00,58.709999084472656,59.290000915527344,58.709999084472656,58.974998474121094,27762,0.0,0.0
2024-10-07 10:30:00-04:00,58.849998474121094,59.13999938964844,58.52000045776367,58.95000076293945,37109,0.0,0.0
2024-10-07 11:30:00-04:00,58.880001068115234,59.130001068115234,58.810001373291016,59.095001220703125,12378,0.0,0.0
2024-10-07 12:30:00-04:00,59.095001220703125,59.15999984741211,59.040000915527344,59.099998474121094,5054,0.0,0.0
2024-10-07 13:30:00-04:00,59.0099983215332,59.08000183105469,58.77000045776367,58.9900016784668,16436,0.0,0.0
2024-10-07 14:30:00-04:00,58.98500061035156,59.119998931884766,58.720001220703125,58.959999084472656,29954,0.0,0.0
2024-10-07 15:30:00-04:00,59.0,59.16999816894531,58.880001068115234,59.099998474121094,64096,0.0,0.0
2024-10-08 09:30:00-04:00,59.31999969482422,59.31999969482422,58.869998931884766,59.06999969482422,15475,0.0,0.0
2024-10-08 10:30:00-04:00,58.880001068115234,59.349998474121094,58.724998474121094,59.13999938964844,151541,0.0,0.0
2024-10-08 11:30:00-04:00,59.17499923706055,59.400001525878906,59.0,59.31999969482422,19526,0.0,0.0
2024-10-08 12:30:00-04:00,59.3650016784668,59.41999816894531,59.08000183105469,59.08000183105469,15035,0.0,0.0
2024-10-08 13:30:00-04:00,59.0099983215332,59.130001068115234,58.97999954223633,58.9900016784668,14004,0.0,0.0
2024-10-08 14:30:00-04:00,59.06999969482422,59.2599983215332,59.040000915527344,59.2599983215332,22438,0.0,0.0
2024-10-08 15:30:00-04:00,59.25,59.380001068115234,59.08000183105469,59.09000015258789,70703,0.0,0.0
2024-10-09 09:30:00-04:00,59.915000915527344,59.915000915527344,58.95000076293945,59.08000183105469,16313,0.0,0.0
2024-10-09 10:30:00-04:00,59.029998779296875,60.005001068115234,59.029998779296875,60.005001068115234,13102,0.0,0.0
2024-10-09 11:30:00-04:00,60.06999969482422,60.27000045776367,60.0,60.247501373291016,21769,0.0,0.0
2024-10-09 12:30:00-04:00,60.106300354003906,60.20000076293945,59.9900016784668,60.165000915527344,13529,0.0,0.0
2024-10-09 13:30:00-04:00,60.119998931884766,60.279998779296875,60.029998779296875,60.057498931884766,16102,0.0,0.0
2024-10-09 14:30:00-04:00,60.06999969482422,60.16999816894531,59.92499923706055,60.09000015258789,31710,0.0,0.0
2024-10-09 15:30:00-04:00,60.08000183105469,60.31999969482422,59.97999954223633,60.20000076293945,84890,0.0,0.0
2024-10-10 09:30:00-04:00,59.58000183105469,60.40999984741211,59.30500030517578,60.40999984741211,34957,0.0,0.0
2024-10-10 10:30:00-04:00,60.35499954223633,60.540000915527344,60.09000015258789,60.30500030517578,36044,0.0,0.0
2024-10-10 11:30:00-04:00,60.29999923706055,60.380001068115234,60.130001068115234,60.224998474121094,23190,0.0,0.0
2024-10-10 12:30:00-04:00,60.33000183105469,60.56999969482422,60.22999954223633,60.56999969482422,13509,0.0,0.0
2024-10-10 13:30:00-04:00,60.525001525878906,60.525001525878906,59.959999084472656,60.060001373291016,14367,0.0,0.0
2024-10-10 14:30:00-04:00,60.02000045776367,60.099998474121094,59.98500061035156,60.060001373291016,18587,0.0,0.0
2024-10-10 15:30:00-04:00,60.06999969482422,60.29249954223633,60.029998779296875,60.25,46158,0.0,0.0
2024-10-11 09:30:00-04:00,60.880001068115234,63.06999969482422,60.880001068115234,63.0,34813,0.0,0.0
2024-10-11 10:30:00-04:00,62.880001068115234,63.130001068115234,62.65999984741211,62.77000045776367,14573,0.0,0.0
2024-10-11 11:30:00-04:00,62.744998931884766,62.77000045776367,62.16999816894531,62.34000015258789,38952,0.0,0.0
2024-10-11 12:30:00-04:00,62.31999969482422,62.54999923706055,62.190101623535156,62.400001525878906,17845,0.0,0.0
2024-10-11 13:30:00-04:00,62.40999984741211,62.810001373291016,62.372501373291016,62.810001373291016,17424,0.0,0.0
2024-10-11 14:30:00-04:00,62.83000183105469,63.08000183105469,62.75,62.95000076293945,18606,0.0,0.0
2024-10-11 15:30:00-04:00,62.88999938964844,63.5099983215332,62.84000015258789,63.369998931884766,50525,0.0,0.0
