Datetime,Open,High,Low,Close,Volume,Dividends,Stock Splits
2022-10-13 09:30:00-04:00,143.77000427246094,144.99000549316406,142.44500732421875,143.875,635207,0.0,0.0
2022-10-13 10:30:00-04:00,143.8000030517578,150.0,143.67999267578125,148.57000732421875,857181,0.0,0.0
2022-10-13 11:30:00-04:00,148.8300018310547,151.49000549316406,146.52999877929688,146.60000610351562,594481,0.0,0.0
2022-10-13 12:30:00-04:00,146.60499572753906,150.00999450683594,146.5399932861328,149.4199981689453,678735,0.0,0.0
2022-10-13 13:30:00-04:00,149.44000244140625,150.30999755859375,149.02999877929688,149.50999450683594,446440,0.0,0.0
2022-10-13 14:30:00-04:00,149.50999450683594,151.6199951171875,149.50999450683594,150.7899932861328,545821,0.0,0.0
2022-10-13 15:30:00-04:00,150.82000732421875,151.32000732421875,150.22000122070312,150.50999450683594,494853,0.0,0.0
2022-10-14 09:30:00-04:00,152.32000732421875,152.9199981689453,149.91000366210938,150.52999877929688,514356,0.0,0.0
2022-10-14 10:30:00-04:00,150.4199981689453,150.9499969482422,149.05999755859375,149.99000549316406,269959,0.0,0.0
2022-10-14 11:30:00-04:00,150.03500366210938,150.03500366210938,147.6300048828125,148.25,202408,0.0,0.0
2022-10-14 12:30:00-04:00,148.3000030517578,148.49000549316406,147.41000366210938,147.93499755859375,128757,0.0,0.0
2022-10-14 13:30:00-04:00,147.91000366210938,148.68499755859375,147.5500030517578,147.8000030517578,203359,0.0,0.0
2022-10-14 14:30:00-04:00,147.77999877929688,148.25999450683594,147.47999572753906,148.13999938964844,284132,0.0,0.0
2022-10-14 15:30:00-04:00,148.13999938964844,148.55999755859375,147.22999572753906,147.47000122070312,441263,0.0,0.0
2022-10-17 09:30:00-04:00,152.22999572753906,155.1649932861328,151.8350067138672,154.25,421146,0.0,0.0
2022-10-17 10:30:00-04:00,154.33999633789062,155.00999450683594,153.69000244140625,154.42999267578125,235493,0.0,0.0
2022-10-17 11:30:00-04:00,154.44000244140625,154.77999877929688,153.74000549316406,153.91000366210938,217277,0.0,0.0
2022-10-17 12:30:00-04:00,153.9199981689453,154.19000244140625,153.2100067138672,153.49000549316406,124251,0.0,0.0
2022-10-17 13:30:00-04:00,153.5399932861328,154.13999938964844,153.4700927734375,153.77000427246094,170011,0.0,0.0
2022-10-17 14:30:00-04:00,153.75,154.3800048828125,153.5800018310547,154.3000030517578,251638,0.0,0.0
2022-10-17 15:30:00-04:00,154.2899932861328,154.35000610351562,153.85000610351562,154.02999877929688,443250,0.0,0.0
2022-10-18 09:30:00-04:00,158.0,159.82000732421875,156.64500427246094,156.86000061035156,342198,0.0,0.0
2022-10-18 10:30:00-04:00,156.83999633789062,156.92999267578125,154.48500061035156,154.8800048828125,234121,0.0,0.0
2022-10-18 11:30:00-04:00,154.875,156.0500030517578,154.14999389648438,155.3699951171875,188899,0.0,0.0
2022-10-18 12:30:00-04:00,155.27000427246094,156.0800018310547,154.83999633789062,155.49000549316406,106307,0.0,0.0
2022-10-18 13:30:00-04:00,155.44000244140625,156.14999389648438,155.39999389648438,155.6999969482422,107635,0.0,0.0
2022-10-18 14:30:00-04:00,155.7050018310547,155.7050018310547,154.3000030517578,155.03500366210938,265765,0.0,0.0
2022-10-18 15:30:00-04:00,155.0399932861328,156.05999755859375,155.00999450683594,155.60000610351562,250744,0.0,0.0
2022-10-19 09:30:00-04:00,152.66000366210938,154.1999969482422,152.3300018310547,154.0399932861328,157274,0.0,0.0
2022-10-19 10:30:00-04:00,154.17999267578125,154.27999877929688,153.0,153.3000030517578,97180,0.0,0.0
2022-10-19 11:30:00-04:00,153.30999755859375,153.74000549316406,152.5800018310547,152.64999389648438,65765,0.0,0.0
2022-10-19 12:30:00-04:00,152.57000732421875,153.125,151.72999572753906,152.72000122070312,103959,0.0,0.0
2022-10-19 13:30:00-04:00,152.72000122070312,153.14999389648438,152.42999267578125,153.13999938964844,65523,0.0,0.0
2022-10-19 14:30:00-04:00,153.14999389648438,153.5399932861328,152.61000061035156,153.13999938964844,126302,0.0,0.0
2022-10-19 15:30:00-04:00,153.10000610351562,153.77999877929688,152.7899932861328,153.7100067138672,173044,0.0,0.0
2022-10-20 09:30:00-04:00,154.1199951171875,156.2899932861328,153.35000610351562,156.22000122070312,648424,0.0,0.0
2022-10-20 10:30:00-04:00,156.1699981689453,156.61000061035156,155.52000427246094,155.75,81859,0.0,0.0
2022-10-20 11:30:00-04:00,155.77000427246094,156.38999938964844,154.16000366210938,154.2899932861328,86837,0.0,0.0
2022-10-20 12:30:00-04:00,154.25,154.3699951171875,153.08999633789062,153.5399932861328,90139,0.0,0.0
2022-10-20 13:30:00-04:00,153.47000122070312,153.47000122070312,152.0,152.4199981689453,78252,0.0,0.0
2022-10-20 14:30:00-04:00,152.39999389648438,153.50999450683594,152.08999633789062,153.1999969482422,139083,0.0,0.0
2022-10-20 15:30:00-04:00,153.21499633789062,153.6300048828125,152.8000030517578,153.11000061035156,194679,0.0,0.0
2022-10-21 09:30:00-04:00,152.09500122070312,154.64999389648438,150.69000244140625,153.14999389648438,360633,0.0,0.0
2022-10-21 10:30:00-04:00,153.11000061035156,154.9199981689453,153.06500244140625,154.83999633789062,228345,0.0,0.0
2022-10-21 11:30:00-04:00,154.83999633789062,156.7050018310547,154.41000366210938,156.02000427246094,203850,0.0,0.0
2022-10-21 12:30:00-04:00,156.07000732421875,157.1999969482422,155.96499633789062,156.625,155191,0.0,0.0
2022-10-21 13:30:00-04:00,156.60000610351562,157.97999572753906,156.55999755859375,157.6999969482422,140437,0.0,0.0
2022-10-21 14:30:00-04:00,157.74000549316406,158.75999450683594,157.63999938964844,158.72000122070312,232482,0.0,0.0
2022-10-21 15:30:00-04:00,158.72999572753906,158.86000061035156,158.25999450683594,158.34500122070312,395995,0.0,0.0
2022-10-24 09:30:00-04:00,160.0399932861328,160.55990600585938,157.07000732421875,157.78500366210938,295168,0.0,0.0
2022-10-24 10:30:00-04:00,157.60000610351562,159.64999389648438,157.60000610351562,159.50999450683594,231836,0.0,0.0
2022-10-24 11:30:00-04:00,159.33999633789062,160.7100067138672,159.33999633789062,160.3800048828125,160403,0.0,0.0
2022-10-24 12:30:00-04:00,160.3800048828125,160.6699981689453,159.66000366210938,159.88999938964844,147286,0.0,0.0
2022-10-24 13:30:00-04:00,159.88999938964844,160.6300048828125,159.63999938964844,160.50999450683594,129774,0.0,0.0
2022-10-24 14:30:00-04:00,160.50999450683594,161.3988037109375,160.50999450683594,160.9600067138672,196712,0.0,0.0
2022-10-24 15:30:00-04:00,160.9550018310547,161.1999969482422,159.9199981689453,160.41000366210938,405246,0.0,0.0
2022-10-25 09:30:00-04:00,158.2100067138672,159.8699951171875,154.1999969482422,154.1999969482422,927308,0.0,0.0
2022-10-25 10:30:00-04:00,154.1999969482422,154.4199981689453,152.93170166015625,153.52000427246094,592704,0.0,0.0
2022-10-25 11:30:00-04:00,153.49000549316406,154.58999633789062,153.1699981689453,154.2899932861328,439665,0.0,0.0
2022-10-25 12:30:00-04:00,154.28500366210938,154.35000610351562,153.11000061035156,153.64999389648438,509105,0.0,0.0
2022-10-25 13:30:00-04:00,153.64999389648438,153.75999450683594,152.2100067138672,152.92999267578125,576675,0.0,0.0
2022-10-25 14:30:00-04:00,152.89999389648438,152.99000549316406,151.58999633789062,152.3800048828125,580581,0.0,0.0
2022-10-25 15:30:00-04:00,152.3800048828125,152.47999572753906,150.86000061035156,151.3300018310547,1051576,0.0,0.0
2022-10-26 09:30:00-04:00,148.22999572753906,151.64999389648438,147.44000244140625,150.44500732421875,438368,0.0,0.0
2022-10-26 10:30:00-04:00,150.6300048828125,152.0449981689453,150.24000549316406,151.66000366210938,268245,0.0,0.0
2022-10-26 11:30:00-04:00,151.60000610351562,152.08999633789062,151.0,151.69000244140625,264763,0.0,0.0
2022-10-26 12:30:00-04:00,151.69000244140625,152.25999450683594,150.07000732421875,150.24000549316406,187873,0.0,0.0
2022-10-26 13:30:00-04:00,150.27000427246094,150.64999389648438,149.52999877929688,149.6300048828125,189364,0.0,0.0
2022-10-26 14:30:00-04:00,149.6649932861328,149.89999389648438,148.7100067138672,148.83999633789062,340595,0.0,0.0
2022-10-26 15:30:00-04:00,148.83999633789062,149.27000427246094,148.6300048828125,149.05999755859375,494793,0.0,0.0
2022-10-27 09:30:00-04:00,149.6999969482422,150.9600067138672,146.36000061035156,149.76499938964844,350994,0.0,0.0
2022-10-27 10:30:00-04:00,149.75999450683594,149.99000549316406,147.02999877929688,147.1649932861328,216288,0.0,0.0
2022-10-27 11:30:00-04:00,147.1649932861328,147.47000122070312,146.47999572753906,147.13999938964844,199439,0.0,0.0
2022-10-27 12:30:00-04:00,147.14999389648438,148.6999969482422,147.1199951171875,148.0449981689453,207165,0.0,0.0
2022-10-27 13:30:00-04:00,148.10000610351562,148.52999877929688,147.8300018310547,148.25999450683594,188266,0.0,0.0
2022-10-27 14:30:00-04:00,148.27999877929688,148.75999450683594,147.9499969482422,148.66000366210938,217658,0.0,0.0
2022-10-27 15:30:00-04:00,148.63999938964844,148.9199981689453,148.36000061035156,148.6199951171875,440407,0.0,0.0
2022-10-28 09:30:00-04:00,149.7899932861328,151.74000549316406,148.8300018310547,150.5500030517578,373861,0.0,0.0
2022-10-28 10:30:00-04:00,150.6199951171875,151.63999938964844,150.25,150.89999389648438,262802,0.0,0.0
2022-10-28 11:30:00-04:00,150.85000610351562,151.77999877929688,150.5800018310547,151.6699981689453,157989,0.0,0.0
2022-10-28 12:30:00-04:00,151.6699981689453,151.82000732421875,150.75,150.94000244140625,164549,0.0,0.0
2022-10-28 13:30:00-04:00,150.9199981689453,151.29969787597656,150.32000732421875,151.24000549316406,146190,0.0,0.0
2022-10-28 14:30:00-04:00,151.2799072265625,151.7440948486328,150.92999267578125,151.66000366210938,166432,0.0,0.0
2022-10-28 15:30:00-04:00,151.64999389648438,151.8000030517578,151.0,151.49000549316406,350058,0.0,0.0
2022-10-31 09:30:00-04:00,150.25,151.44000244140625,149.4199981689453,150.58999633789062,140310,0.0,0.0
2022-10-31 10:30:00-04:00,150.5500030517578,151.61500549316406,150.1999969482422,151.49000549316406,125491,0.0,0.0
2022-10-31 11:30:00-04:00,151.5299072265625,152.55999755859375,151.27999877929688,151.73500061035156,140783,0.0,0.0
2022-10-31 12:30:00-04:00,151.69000244140625,151.94569396972656,150.97999572753906,151.94569396972656,110064,0.0,0.0
2022-10-31 13:30:00-04:00,151.97000122070312,151.97169494628906,151.1999969482422,151.5500030517578,153380,0.0,0.0
2022-10-31 14:30:00-04:00,151.50999450683594,151.9499969482422,151.02000427246094,151.32000732421875,150105,0.0,0.0
2022-10-31 15:30:00-04:00,151.3000030517578,151.875,151.25999450683594,151.38999938964844,304504,0.0,0.0
2022-11-01 09:30:00-04:00,153.25,153.75909423828125,150.52000427246094,151.1300048828125,238488,0.0,0.0
2022-11-01 10:30:00-04:00,151.1999969482422,151.57000732421875,149.9199981689453,151.1300048828125,103314,0.0,0.0
2022-11-01 11:30:00-04:00,151.02999877929688,151.1999969482422,149.89999389648438,150.22999572753906,88746,0.0,0.0
2022-11-01 12:30:00-04:00,150.13999938964844,150.60000610351562,149.80999755859375,149.99000549316406,142022,0.0,0.0
2022-11-01 13:30:00-04:00,149.99249267578125,150.8000030517578,149.85000610351562,150.75,110198,0.0,0.0
2022-11-01 14:30:00-04:00,150.77999877929688,151.47999572753906,150.60000610351562,150.77999877929688,120114,0.0,0.0
2022-11-01 15:30:00-04:00,150.80999755859375,151.3300018310547,150.67999267578125,150.88999938964844,269818,0.0,0.0
2022-11-02 09:30:00-04:00,151.5399932861328,151.5399932861328,149.50999450683594,150.1699981689453,127875,0.0,0.0
2022-11-02 10:30:00-04:00,150.25999450683594,150.41000366210938,149.3000030517578,149.8300018310547,220217,0.0,0.0
2022-11-02 11:30:00-04:00,149.8000030517578,150.08999633789062,149.3800048828125,149.7949981689453,328171,0.0,0.0
2022-11-02 12:30:00-04:00,149.72000122070312,150.00999450683594,149.1999969482422,149.4199981689453,120262,0.0,0.0
2022-11-02 13:30:00-04:00,149.3800048828125,152.39999389648438,149.11000061035156,152.0500030517578,428577,0.0,0.0
2022-11-02 14:30:00-04:00,152.07000732421875,152.30499267578125,145.4499969482422,145.94000244140625,503630,0.0,0.0
2022-11-02 15:30:00-04:00,145.9149932861328,146.47500610351562,145.02000427246094,145.08999633789062,500161,0.0,0.0
2022-11-03 09:30:00-04:00,144.0,144.9600067138672,142.3800048828125,144.83999633789062,230345,0.0,0.0
2022-11-03 10:30:00-04:00,144.8699951171875,145.7449951171875,143.99000549316406,144.2100067138672,163098,0.0,0.0
2022-11-03 11:30:00-04:00,144.1699981689453,144.6199951171875,143.75999450683594,144.14999389648438,218933,0.0,0.0
2022-11-03 12:30:00-04:00,144.15499877929688,144.8000030517578,143.49000549316406,143.55999755859375,213772,0.0,0.0
2022-11-03 13:30:00-04:00,143.52000427246094,144.24000549316406,143.4499969482422,144.13999938964844,152647,0.0,0.0
2022-11-03 14:30:00-04:00,144.19000244140625,144.47500610351562,143.71060180664062,143.77000427246094,168282,0.0,0.0
2022-11-03 15:30:00-04:00,143.77000427246094,143.85000610351562,142.72000122070312,142.83999633789062,342659,0.0,0.0
2022-11-04 09:30:00-04:00,144.33999633789062,144.72000122070312,141.58999633789062,143.00999450683594,374485,0.0,0.0
2022-11-04 10:30:00-04:00,142.9550018310547,143.3800048828125,140.3300018310547,140.3699951171875,517569,0.0,0.0
2022-11-04 11:30:00-04:00,140.35000610351562,140.9600067138672,138.8699951171875,140.77000427246094,450654,0.0,0.0
2022-11-04 12:30:00-04:00,140.72999572753906,141.02000427246094,139.97000122070312,140.19000244140625,168778,0.0,0.0
2022-11-04 13:30:00-04:00,140.2100067138672,140.30999755859375,138.75999450683594,140.0399932861328,340184,0.0,0.0
2022-11-04 14:30:00-04:00,140.19000244140625,142.3699951171875,140.02499389648438,142.0800018310547,400897,0.0,0.0
2022-11-04 15:30:00-04:00,142.07000732421875,142.6699981689453,141.83999633789062,142.44000244140625,448166,0.0,0.0
2022-11-07 09:30:00-05:00,143.75,143.88999938964844,141.6999969482422,141.8699951171875,202989,0.0,0.0
2022-11-07 10:30:00-05:00,141.91000366210938,143.0500030517578,141.6199951171875,142.92999267578125,200927,0.0,0.0
2022-11-07 11:30:00-05:00,142.92840576171875,143.16000366210938,142.3000030517578,142.85000610351562,130750,0.0,0.0
2022-11-07 12:30:00-05:00,142.9403076171875,144.08999633789062,142.36000061035156,143.9600067138672,187973,0.0,0.0
2022-11-07 13:30:00-05:00,143.9199981689453,145.61000061035156,143.8800048828125,145.36000061035156,142995,0.0,0.0
2022-11-07 14:30:00-05:00,145.36000061035156,146.3300018310547,145.10000610351562,146.0449981689453,270720,0.0,0.0
2022-11-07 15:30:00-05:00,146.02999877929688,146.61000061035156,145.55999755859375,146.02000427246094,509981,0.0,0.0
2022-11-08 09:30:00-05:00,147.11000061035156,148.9199981689453,146.69000244140625,148.47000122070312,132076,0.0,0.0
2022-11-08 10:30:00-05:00,148.47000122070312,149.7899932861328,148.30999755859375,149.7050018310547,112756,0.0,0.0
2022-11-08 11:30:00-05:00,149.72999572753906,150.41000366210938,149.32000732421875,149.88999938964844,102183,0.0,0.0
2022-11-08 12:30:00-05:00,149.88999938964844,151.08999633789062,149.22999572753906,149.2899932861328,116207,0.0,0.0
2022-11-08 13:30:00-05:00,149.22999572753906,149.41000366210938,146.63999938964844,146.6699981689453,126596,0.0,0.0
2022-11-08 14:30:00-05:00,146.625,149.05999755859375,146.44000244140625,149.05999755859375,143419,0.0,0.0
2022-11-08 15:30:00-05:00,149.05999755859375,149.88999938964844,149.05999755859375,149.11000061035156,276759,0.0,0.0
2022-11-09 09:30:00-05:00,147.64999389648438,148.0,145.94000244140625,147.2100067138672,203175,0.0,0.0
2022-11-09 10:30:00-05:00,147.11000061035156,147.88999938964844,146.5399932861328,147.7501983642578,57618,0.0,0.0
2022-11-09 11:30:00-05:00,147.6999969482422,148.44000244140625,147.41000366210938,147.6300048828125,78955,0.0,0.0
2022-11-09 12:30:00-05:00,147.72999572753906,148.2899932861328,147.5399932861328,147.8000030517578,83759,0.0,0.0
2022-11-09 13:30:00-05:00,147.75,148.5500030517578,147.0800018310547,148.41000366210938,81154,0.0,0.0
2022-11-09 14:30:00-05:00,148.36000061035156,148.36000061035156,147.2100067138672,147.99000549316406,89311,0.0,0.0
2022-11-09 15:30:00-05:00,147.97999572753906,148.22000122070312,147.6300048828125,147.75999450683594,200036,0.0,0.0
2022-11-10 09:30:00-05:00,156.66000366210938,159.5,156.6199951171875,157.3699951171875,381247,0.0,0.0
2022-11-10 10:30:00-05:00,157.5500030517578,157.77000427246094,155.68499755859375,156.80999755859375,137758,0.0,0.0
2022-11-10 11:30:00-05:00,156.9290008544922,158.97000122070312,156.9199981689453,158.47000122070312,158695,0.0,0.0
2022-11-10 12:30:00-05:00,158.41000366210938,159.5050048828125,157.97999572753906,159.22000122070312,197561,0.0,0.0
2022-11-10 13:30:00-05:00,159.24000549316406,160.3300018310547,159.02000427246094,159.80999755859375,289392,0.0,0.0
2022-11-10 14:30:00-05:00,159.8000030517578,161.27000427246094,159.38999938964844,161.1999969482422,316868,0.0,0.0
2022-11-10 15:30:00-05:00,161.1999969482422,162.61000061035156,161.1699981689453,162.02000427246094,590669,0.0,0.0
2022-11-11 09:30:00-05:00,162.46499633789062,166.2100067138672,161.49000549316406,166.1699981689453,284667,0.0,0.0
2022-11-11 10:30:00-05:00,166.1649932861328,167.3300018310547,164.42999267578125,164.42999267578125,225419,0.0,0.0
2022-11-11 11:30:00-05:00,164.4499969482422,166.16000366210938,164.42999267578125,165.4600067138672,168131,0.0,0.0
2022-11-11 12:30:00-05:00,165.48500061035156,166.33999633789062,165.27999877929688,166.2100067138672,153428,0.0,0.0
2022-11-11 13:30:00-05:00,166.22000122070312,166.8699951171875,165.92999267578125,166.8699951171875,216662,0.0,0.0
2022-11-11 14:30:00-05:00,166.86000061035156,167.07000732421875,166.2100067138672,166.95989990234375,265149,0.0,0.0
2022-11-11 15:30:00-05:00,166.9550018310547,167.99000549316406,166.7899932861328,166.91000366210938,521212,0.0,0.0
2022-11-14 09:30:00-05:00,166.02999877929688,168.05999755859375,165.44749450683594,167.5050048828125,258206,0.0,0.0
2022-11-14 10:30:00-05:00,167.50999450683594,168.58999633789062,166.57000732421875,166.80999755859375,165958,0.0,0.0
2022-11-14 11:30:00-05:00,166.82000732421875,168.07000732421875,166.75,167.27000427246094,149288,0.0,0.0
2022-11-14 12:30:00-05:00,167.25,168.8800048828125,167.25,168.8800048828125,96614,0.0,0.0
2022-11-14 13:30:00-05:00,168.8300018310547,169.1300048828125,168.0,169.10499572753906,119825,0.0,0.0
2022-11-14 14:30:00-05:00,169.14999389648438,169.14999389648438,168.2100067138672,169.02999877929688,195732,0.0,0.0
2022-11-14 15:30:00-05:00,169.02999877929688,169.3800048828125,167.6999969482422,167.9600067138672,513645,0.0,0.0
2022-11-15 09:30:00-05:00,170.7899932861328,171.6300048828125,169.88999938964844,170.39500427246094,328122,0.0,0.0
2022-11-15 10:30:00-05:00,170.35000610351562,170.5,168.76499938964844,168.93499755859375,204620,0.0,0.0
2022-11-15 11:30:00-05:00,168.94500732421875,170.5449981689453,168.94500732421875,169.86000061035156,164042,0.0,0.0
2022-11-15 12:30:00-05:00,169.83999633789062,170.16000366210938,167.9300994873047,168.0850067138672,107854,0.0,0.0
2022-11-15 13:30:00-05:00,168.11500549316406,168.97500610351562,167.17999267578125,168.67999267578125,131714,0.0,0.0
2022-11-15 14:30:00-05:00,168.72999572753906,169.52999877929688,168.4499969482422,169.27499389648438,163775,0.0,0.0
2022-11-15 15:30:00-05:00,169.25999450683594,169.5749969482422,168.5449981689453,168.80999755859375,297129,0.0,0.0
2022-11-16 09:30:00-05:00,168.67999267578125,169.4199981689453,167.4199981689453,168.32000732421875,177714,0.0,0.0
2022-11-16 10:30:00-05:00,168.43499755859375,168.71499633789062,167.16000366210938,168.41000366210938,75461,0.0,0.0
2022-11-16 11:30:00-05:00,168.44000244140625,169.58999633789062,168.1999969482422,169.5399932861328,83061,0.0,0.0
2022-11-16 12:30:00-05:00,169.58999633789062,170.49000549316406,169.5850067138672,170.1199951171875,62914,0.0,0.0
2022-11-16 13:30:00-05:00,170.18499755859375,170.22000122070312,168.77000427246094,168.9199981689453,65918,0.0,0.0
2022-11-16 14:30:00-05:00,168.91000366210938,169.27499389648438,168.42999267578125,169.0399932861328,127308,0.0,0.0
2022-11-16 15:30:00-05:00,169.05999755859375,169.75,168.77000427246094,168.83999633789062,255529,0.0,0.0
2022-11-17 09:30:00-05:00,165.1999969482422,165.77000427246094,163.47999572753906,164.02999877929688,422582,0.0,0.0
2022-11-17 10:30:00-05:00,164.00999450683594,164.27999877929688,162.8699951171875,163.85000610351562,134010,0.0,0.0
2022-11-17 11:30:00-05:00,163.85000610351562,166.0749969482422,163.83999633789062,165.46499633789062,126884,0.0,0.0
2022-11-17 12:30:00-05:00,165.375,166.96499633789062,165.08999633789062,166.4199981689453,97474,0.0,0.0
2022-11-17 13:30:00-05:00,166.47999572753906,166.97500610351562,165.22000122070312,165.27000427246094,109005,0.0,0.0
2022-11-17 14:30:00-05:00,165.1999969482422,165.39999389648438,164.08999633789062,164.28500366210938,130982,0.0,0.0
2022-11-17 15:30:00-05:00,164.27999877929688,165.44500732421875,164.02999877929688,165.10000610351562,272193,0.0,0.0
2022-11-18 09:30:00-05:00,167.6699981689453,168.16000366210938,164.52999877929688,165.0399932861328,212810,0.0,0.0
2022-11-18 10:30:00-05:00,164.89999389648438,165.24000549316406,163.7100067138672,164.83999633789062,101981,0.0,0.0
2022-11-18 11:30:00-05:00,164.91000366210938,165.1199951171875,163.61070251464844,163.9149932861328,126306,0.0,0.0
2022-11-18 12:30:00-05:00,163.82000732421875,164.9949951171875,163.64500427246094,164.9949951171875,71644,0.0,0.0
2022-11-18 13:30:00-05:00,164.99000549316406,165.0,163.91000366210938,164.33999633789062,72754,0.0,0.0
2022-11-18 14:30:00-05:00,164.47000122070312,165.42999267578125,164.1699981689453,165.42999267578125,87964,0.0,0.0
2022-11-18 15:30:00-05:00,165.4499969482422,166.0500030517578,164.53500366210938,165.02999877929688,267165,0.0,0.0
2022-11-21 09:30:00-05:00,164.4499969482422,164.4499969482422,162.61000061035156,163.19000244140625,136302,0.0,0.0
2022-11-21 10:30:00-05:00,163.02999877929688,163.55499267578125,162.8000030517578,163.31500244140625,117873,0.0,0.0
2022-11-21 11:30:00-05:00,163.3300018310547,163.3699951171875,162.30999755859375,162.47000122070312,107784,0.0,0.0
2022-11-21 12:30:00-05:00,162.39999389648438,162.67999267578125,162.0500030517578,162.4600067138672,121106,0.0,0.0
2022-11-21 13:30:00-05:00,162.5,162.94500732421875,162.25,162.41000366210938,117692,0.0,0.0
2022-11-21 14:30:00-05:00,162.38999938964844,162.47999572753906,161.64999389648438,161.65499877929688,143747,0.0,0.0
2022-11-21 15:30:00-05:00,161.64999389648438,162.27000427246094,161.64500427246094,161.77999877929688,223419,0.0,0.0
2022-11-22 09:30:00-05:00,162.60000610351562,162.82000732421875,160.8699951171875,161.8300018310547,175048,0.0,0.0
2022-11-22 10:30:00-05:00,161.9250030517578,163.33999633789062,161.25999450683594,163.1300048828125,128177,0.0,0.0
2022-11-22 11:30:00-05:00,163.0800018310547,163.5,162.75999450683594,163.26370239257812,76018,0.0,0.0
2022-11-22 12:30:00-05:00,163.27000427246094,164.1999969482422,163.24000549316406,163.99000549316406,87160,0.0,0.0
2022-11-22 13:30:00-05:00,164.02999877929688,164.24000549316406,163.77000427246094,164.10499572753906,98833,0.0,0.0
2022-11-22 14:30:00-05:00,164.11500549316406,165.14500427246094,163.94000244140625,165.1300048828125,102419,0.0,0.0
2022-11-22 15:30:00-05:00,165.125,165.6300048828125,165.11000061035156,165.1999969482422,230227,0.0,0.0
2022-11-23 09:30:00-05:00,163.0,168.1750030517578,163.0,168.1699981689453,163517,0.0,0.0
2022-11-23 10:30:00-05:00,168.22000122070312,168.64999389648438,168.1300048828125,168.33999633789062,66220,0.0,0.0
2022-11-23 11:30:00-05:00,168.3800048828125,168.5500030517578,166.60000610351562,166.60000610351562,40486,0.0,0.0
2022-11-23 12:30:00-05:00,166.6649932861328,166.77999877929688,166.02999877929688,166.74290466308594,44335,0.0,0.0
2022-11-23 13:30:00-05:00,166.77999877929688,168.25999450683594,166.77999877929688,168.0500030517578,75463,0.0,0.0
2022-11-23 14:30:00-05:00,167.91000366210938,168.0,167.41000366210938,167.6199951171875,63514,0.0,0.0
2022-11-23 15:30:00-05:00,167.61000061035156,167.63999938964844,166.97000122070312,167.50999450683594,133209,0.0,0.0
2022-11-25 09:30:00-05:00,167.50999450683594,167.92999267578125,166.94000244140625,167.89840698242188,155205,0.0,0.0
2022-11-25 10:30:00-05:00,167.88999938964844,168.35000610351562,167.88999938964844,168.21499633789062,70044,0.0,0.0
2022-11-25 11:30:00-05:00,168.18499755859375,168.25999450683594,167.39999389648438,167.75999450683594,49735,0.0,0.0
2022-11-28 09:30:00-05:00,167.5,169.47500610351562,167.0800018310547,168.07000732421875,242748,0.0,0.0
2022-11-28 10:30:00-05:00,168.05499267578125,168.77999877929688,167.5800018310547,167.5800018310547,142973,0.0,0.0
2022-11-28 11:30:00-05:00,167.52999877929688,167.7550048828125,166.49000549316406,166.8300018310547,140653,0.0,0.0
2022-11-28 12:30:00-05:00,166.83999633789062,167.38999938964844,166.4499969482422,167.02000427246094,102131,0.0,0.0
2022-11-28 13:30:00-05:00,167.05999755859375,167.05999755859375,165.03500366210938,165.1999969482422,125627,0.0,0.0
2022-11-28 14:30:00-05:00,165.14999389648438,165.63999938964844,164.4600067138672,164.6199951171875,133367,0.0,0.0
2022-11-28 15:30:00-05:00,164.6199951171875,165.1699981689453,164.1699981689453,164.92999267578125,265601,0.0,0.0
2022-11-29 09:30:00-05:00,165.36000061035156,165.36000061035156,163.51499938964844,164.2100067138672,147367,0.0,0.0
2022-11-29 10:30:00-05:00,164.2449951171875,164.42999267578125,161.89999389648438,162.2100067138672,100687,0.0,0.0
2022-11-29 11:30:00-05:00,162.14500427246094,162.88999938964844,162.0800018310547,162.73500061035156,67691,0.0,0.0
2022-11-29 12:30:00-05:00,162.77499389648438,163.32000732421875,162.02000427246094,162.0500030517578,70406,0.0,0.0
2022-11-29 13:30:00-05:00,162.0399932861328,163.6300048828125,161.97999572753906,162.99000549316406,76650,0.0,0.0
2022-11-29 14:30:00-05:00,162.9499969482422,163.22999572753906,162.72000122070312,162.8300018310547,92304,0.0,0.0
2022-11-29 15:30:00-05:00,162.83999633789062,163.64999389648438,162.66000366210938,163.52499389648438,233509,0.0,0.0
2022-11-30 09:30:00-05:00,164.1999969482422,165.8000030517578,164.02000427246094,165.77000427246094,175248,0.0,0.0
2022-11-30 10:30:00-05:00,165.80499267578125,165.94000244140625,164.5,165.22000122070312,127887,0.0,0.0
2022-11-30 11:30:00-05:00,165.25999450683594,165.5800018310547,164.11000061035156,164.3699951171875,69569,0.0,0.0
2022-11-30 12:30:00-05:00,164.35000610351562,165.1300048828125,164.1623992919922,165.05999755859375,58001,0.0,0.0
2022-11-30 13:30:00-05:00,164.97999572753906,171.05999755859375,164.8000030517578,170.69000244140625,177311,0.0,0.0
2022-11-30 14:30:00-05:00,170.75,171.7949981689453,169.6699981689453,171.7449951171875,188456,0.0,0.0
2022-11-30 15:30:00-05:00,171.7449951171875,172.25,171.57000732421875,172.0800018310547,353569,0.0,0.0
2022-12-01 09:30:00-05:00,174.7449951171875,177.07000732421875,173.3300018310547,175.13999938964844,491567,0.0,0.0
2022-12-01 10:30:00-05:00,175.11000061035156,176.64999389648438,174.4499969482422,175.6300048828125,195132,0.0,0.0
2022-12-01 11:30:00-05:00,175.57000732421875,175.92999267578125,173.97000122070312,174.94000244140625,158456,0.0,0.0
2022-12-01 12:30:00-05:00,174.89999389648438,175.86500549316406,174.85000610351562,175.38499450683594,101331,0.0,0.0
2022-12-01 13:30:00-05:00,175.50999450683594,176.5399932861328,175.1199951171875,176.44000244140625,111711,0.0,0.0
2022-12-01 14:30:00-05:00,176.42999267578125,176.9199981689453,176.25,176.58360290527344,127360,0.0,0.0
2022-12-01 15:30:00-05:00,176.57000732421875,177.27000427246094,176.5399932861328,176.77000427246094,311117,0.0,0.0
2022-12-02 09:30:00-05:00,172.92999267578125,173.4499969482422,170.28500366210938,171.80499267578125,239751,0.0,0.0
2022-12-02 10:30:00-05:00,171.51499938964844,172.63499450683594,171.43499755859375,172.50999450683594,163190,0.0,0.0
2022-12-02 11:30:00-05:00,172.5,172.9550018310547,172.0500030517578,172.22999572753906,118121,0.0,0.0
2022-12-02 12:30:00-05:00,172.1699981689453,172.4199981689453,171.38999938964844,171.9600067138672,75234,0.0,0.0
2022-12-02 13:30:00-05:00,171.89999389648438,172.1999969482422,171.6199951171875,171.96499633789062,62635,0.0,0.0
2022-12-02 14:30:00-05:00,171.9600067138672,173.25,171.8300018310547,172.60499572753906,173281,0.0,0.0
2022-12-02 15:30:00-05:00,172.5800018310547,172.77999877929688,171.8300018310547,172.42999267578125,202197,0.0,0.0
2022-12-05 09:30:00-05:00,170.4499969482422,170.9199981689453,167.85000610351562,168.2899932861328,289217,0.0,0.0
2022-12-05 10:30:00-05:00,168.16000366210938,169.30999755859375,168.0399932861328,168.39999389648438,151596,0.0,0.0
2022-12-05 11:30:00-05:00,168.42999267578125,168.42999267578125,167.52999877929688,168.10000610351562,90140,0.0,0.0
2022-12-05 12:30:00-05:00,168.11500549316406,168.11500549316406,167.47999572753906,167.64999389648438,72248,0.0,0.0
2022-12-05 13:30:00-05:00,167.6300048828125,167.85499572753906,166.17999267578125,166.25,97165,0.0,0.0
2022-12-05 14:30:00-05:00,166.16000366210938,166.16000366210938,165.5050048828125,165.8699951171875,143337,0.0,0.0
2022-12-05 15:30:00-05:00,165.85499572753906,166.66000366210938,165.83999633789062,166.41000366210938,285776,0.0,0.0
2022-12-06 09:30:00-05:00,166.9199981689453,166.9199981689453,164.27099609375,164.99000549316406,172213,0.0,0.0
2022-12-06 10:30:00-05:00,165.1199951171875,165.3000030517578,164.0,164.49000549316406,88675,0.0,0.0
2022-12-06 11:30:00-05:00,164.55999755859375,164.77999877929688,163.77000427246094,164.04820251464844,67412,0.0,0.0
2022-12-06 12:30:00-05:00,163.97000122070312,164.27999877929688,163.24000549316406,163.24000549316406,76840,0.0,0.0
2022-12-06 13:30:00-05:00,163.25999450683594,163.80909729003906,162.44000244140625,162.44000244140625,67610,0.0,0.0
2022-12-06 14:30:00-05:00,162.44000244140625,163.22000122070312,162.16000366210938,162.1999969482422,102513,0.0,0.0
2022-12-06 15:30:00-05:00,162.22500610351562,163.71499633789062,162.1999969482422,163.69000244140625,265390,0.0,0.0
2022-12-07 09:30:00-05:00,162.32000732421875,163.10000610351562,160.91000366210938,161.47000122070312,307217,0.0,0.0
2022-12-07 10:30:00-05:00,161.75999450683594,162.5850067138672,160.38999938964844,160.5500030517578,129929,0.0,0.0
2022-12-07 11:30:00-05:00,160.53500366210938,160.67999267578125,159.88999938964844,159.9499969482422,146693,0.0,0.0
2022-12-07 12:30:00-05:00,159.97000122070312,161.01499938964844,159.72000122070312,160.86000061035156,109762,0.0,0.0
2022-12-07 13:30:00-05:00,160.8300018310547,161.00999450683594,160.2100067138672,160.74000549316406,133701,0.0,0.0
2022-12-07 14:30:00-05:00,160.74000549316406,160.9600067138672,160.17999267578125,160.31500244140625,167308,0.0,0.0
2022-12-07 15:30:00-05:00,160.33999633789062,160.92999267578125,160.1300048828125,160.47999572753906,362564,0.0,0.0
2022-12-08 09:30:00-05:00,162.1199951171875,165.3249969482422,161.36000061035156,164.77499389648438,281579,0.0,0.0
2022-12-08 10:30:00-05:00,164.88499450683594,165.44000244140625,163.35000610351562,164.05999755859375,140879,0.0,0.0
2022-12-08 11:30:00-05:00,164.07000732421875,164.5800018310547,163.72999572753906,163.86000061035156,92143,0.0,0.0
2022-12-08 12:30:00-05:00,163.85000610351562,164.7899932861328,163.67999267578125,164.6199951171875,95441,0.0,0.0
2022-12-08 13:30:00-05:00,164.66000366210938,164.9499969482422,163.33999633789062,163.47000122070312,81293,0.0,0.0
2022-12-08 14:30:00-05:00,163.5399932861328,164.38999938964844,163.24000549316406,164.35000610351562,153687,0.0,0.0
2022-12-08 15:30:00-05:00,164.3350067138672,164.50999450683594,163.73500061035156,164.0800018310547,270889,0.0,0.0
2022-12-09 09:30:00-05:00,163.32000732421875,163.97999572753906,162.1699981689453,163.97000122070312,117578,0.0,0.0
2022-12-09 10:30:00-05:00,163.9250030517578,164.3800048828125,163.4600067138672,163.67999267578125,124588,0.0,0.0
2022-12-09 11:30:00-05:00,163.66000366210938,164.27000427246094,163.27999877929688,164.02999877929688,189895,0.0,0.0
2022-12-09 12:30:00-05:00,163.97999572753906,164.45150756835938,163.5500030517578,164.02000427246094,105903,0.0,0.0
2022-12-09 13:30:00-05:00,164.00999450683594,164.3249969482422,163.33999633789062,164.24000549316406,120723,0.0,0.0
2022-12-09 14:30:00-05:00,164.19500732421875,164.66000366210938,164.0175018310547,164.25999450683594,104837,0.0,0.0
2022-12-09 15:30:00-05:00,164.19000244140625,164.2899932861328,163.52999877929688,163.6699981689453,296522,0.0,0.0
2022-12-12 09:30:00-05:00,164.4499969482422,166.83999633789062,163.6699981689453,166.49000549316406,143821,0.0,0.0
2022-12-12 10:30:00-05:00,166.10000610351562,166.69500732421875,165.7100067138672,165.75999450683594,177769,0.0,0.0
2022-12-12 11:30:00-05:00,165.77999877929688,166.3800048828125,165.4499969482422,166.25,68676,0.0,0.0
2022-12-12 12:30:00-05:00,166.1999969482422,166.58999633789062,166.02499389648438,166.49000549316406,94381,0.0,0.0
2022-12-12 13:30:00-05:00,166.5500030517578,166.69000244140625,165.2100067138672,165.3721923828125,96639,0.0,0.0
2022-12-12 14:30:00-05:00,165.375,166.10499572753906,165.0800018310547,166.03500366210938,199072,0.0,0.0
2022-12-12 15:30:00-05:00,166.0,166.2449951171875,165.42999267578125,166.11000061035156,264373,0.0,0.0
2022-12-13 09:30:00-05:00,174.30999755859375,174.47999572753906,171.27000427246094,171.50999450683594,322312,0.0,0.0
2022-12-13 10:30:00-05:00,171.52999877929688,171.8000030517578,170.46499633789062,170.55999755859375,163970,0.0,0.0
2022-12-13 11:30:00-05:00,170.5449981689453,171.1999969482422,166.72000122070312,166.72999572753906,114675,0.0,0.0
2022-12-13 12:30:00-05:00,166.6999969482422,168.22000122070312,166.07000732421875,168.06500244140625,117378,0.0,0.0
2022-12-13 13:30:00-05:00,168.17999267578125,168.41749572753906,167.0050048828125,168.1999969482422,102548,0.0,0.0
2022-12-13 14:30:00-05:00,168.22999572753906,168.88999938964844,167.44000244140625,168.88999938964844,149641,0.0,0.0
2022-12-13 15:30:00-05:00,168.88999938964844,169.48500061035156,168.10000610351562,168.22999572753906,294763,0.0,0.0
2022-12-14 09:30:00-05:00,168.22999572753906,171.22500610351562,167.33999633789062,170.75,167445,0.0,0.0
2022-12-14 10:30:00-05:00,170.67999267578125,170.9199981689453,169.8699951171875,170.27000427246094,83901,0.0,0.0
2022-12-14 11:30:00-05:00,170.32000732421875,170.32000732421875,168.60000610351562,168.72999572753906,131167,0.0,0.0
2022-12-14 12:30:00-05:00,168.69000244140625,168.85499572753906,168.0500030517578,168.35000610351562,68868,0.0,0.0
2022-12-14 13:30:00-05:00,168.4199981689453,168.8699951171875,164.8699951171875,166.13499450683594,194890,0.0,0.0
2022-12-14 14:30:00-05:00,166.05999755859375,167.85000610351562,164.25,165.30999755859375,165672,0.0,0.0
2022-12-14 15:30:00-05:00,165.1199951171875,166.19000244140625,164.80999755859375,165.4199981689453,214812,0.0,0.0
2022-12-15 09:30:00-05:00,163.0399932861328,163.9600067138672,160.7899932861328,161.55999755859375,190604,0.0,0.0
2022-12-15 10:30:00-05:00,161.55999755859375,162.64999389648438,160.8699951171875,161.9499969482422,213718,0.0,0.0
2022-12-15 11:30:00-05:00,161.9499969482422,162.3000030517578,161.33999633789062,161.9499969482422,111147,0.0,0.0
2022-12-15 12:30:00-05:00,162.0399932861328,162.0399932861328,160.3800048828125,160.80999755859375,70764,0.0,0.0
2022-12-15 13:30:00-05:00,160.72999572753906,161.52499389648438,160.5,161.4949951171875,112422,0.0,0.0
2022-12-15 14:30:00-05:00,161.47000122070312,162.69000244140625,161.47000122070312,162.1999969482422,150027,0.0,0.0
2022-12-15 15:30:00-05:00,162.15499877929688,162.5399932861328,161.63999938964844,162.22000122070312,369466,0.0,0.0
2022-12-16 09:30:00-05:00,163.00999450683594,166.61000061035156,162.1300048828125,163.22000122070312,587608,0.0,0.0
2022-12-16 10:30:00-05:00,163.22999572753906,163.49000549316406,161.4499969482422,161.7050018310547,151055,0.0,0.0
2022-12-16 11:30:00-05:00,161.72999572753906,162.1999969482422,161.5,162.13560485839844,97472,0.0,0.0
2022-12-16 12:30:00-05:00,162.0800018310547,162.5399932861328,161.57000732421875,161.83999633789062,79705,0.0,0.0
2022-12-16 13:30:00-05:00,161.8000030517578,162.4199981689453,161.75,162.24000549316406,82887,0.0,0.0
2022-12-16 14:30:00-05:00,162.13999938964844,163.90499877929688,161.8000030517578,163.75,115674,0.0,0.0
2022-12-16 15:30:00-05:00,163.72000122070312,164.22000122070312,162.60000610351562,163.16000366210938,263315,0.0,0.0
2022-12-19 09:30:00-05:00,163.14999389648438,163.14999389648438,160.2899932861328,162.07000732421875,102268,0.0,0.0
2022-12-19 10:30:00-05:00,162.08999633789062,162.22999572753906,161.0500030517578,161.69000244140625,64121,0.0,0.0
2022-12-19 11:30:00-05:00,161.7100067138672,161.8699951171875,160.97000122070312,161.38499450683594,64056,0.0,0.0
2022-12-19 12:30:00-05:00,161.35499572753906,161.8800048828125,161.13929748535156,161.5800018310547,53388,0.0,0.0
2022-12-19 13:30:00-05:00,161.55999755859375,161.72999572753906,160.2100067138672,160.2100067138672,69723,0.0,0.0
2022-12-19 14:30:00-05:00,160.3000030517578,161.0500030517578,160.02000427246094,160.3699951171875,79248,0.0,0.0
2022-12-19 15:30:00-05:00,160.33999633789062,161.19500732421875,160.05999755859375,161.0,175860,0.0,0.0
2022-12-20 09:30:00-05:00,159.89999389648438,161.08999633789062,159.1199951171875,160.91000366210938,135456,0.0,0.0
2022-12-20 10:30:00-05:00,161.11000061035156,161.7100067138672,161.0,161.2899932861328,137535,0.0,0.0
2022-12-20 11:30:00-05:00,161.32000732421875,162.42999267578125,161.22000122070312,162.0749969482422,100796,0.0,0.0
2022-12-20 12:30:00-05:00,161.9600067138672,162.6259002685547,161.5449981689453,162.5500030517578,95543,0.0,0.0
2022-12-20 13:30:00-05:00,162.55999755859375,162.91990661621094,162.30499267578125,162.61500549316406,105465,0.0,0.0
2022-12-20 14:30:00-05:00,162.63999938964844,162.77999877929688,162.07000732421875,162.5500030517578,153080,0.0,0.0
2022-12-20 15:30:00-05:00,162.55499267578125,162.88999938964844,162.1699981689453,162.3800048828125,312424,0.0,0.0
2022-12-21 09:30:00-05:00,162.7899932861328,163.58999633789062,161.61000061035156,163.58999633789062,201671,0.0,0.0
2022-12-21 10:30:00-05:00,163.55999755859375,164.75,163.5,164.4875030517578,178250,0.0,0.0
2022-12-21 11:30:00-05:00,164.39999389648438,165.0,164.1649932861328,164.4199981689453,97291,0.0,0.0
2022-12-21 12:30:00-05:00,164.55999755859375,165.3800048828125,164.5399932861328,164.94000244140625,63073,0.0,0.0
2022-12-21 13:30:00-05:00,164.91000366210938,165.76499938964844,164.85000610351562,165.50999450683594,73064,0.0,0.0
2022-12-21 14:30:00-05:00,165.4199981689453,165.75999450683594,165.05999755859375,165.1300048828125,143549,0.0,0.0
2022-12-21 15:30:00-05:00,165.11000061035156,165.64999389648438,165.10000610351562,165.39999389648438,199289,0.0,0.0
2022-12-22 09:30:00-05:00,162.99000549316406,163.33999633789062,160.25660705566406,160.41000366210938,213072,0.0,0.0
2022-12-22 10:30:00-05:00,160.41700744628906,161.05999755859375,160.10000610351562,160.75,77895,0.0,0.0
2022-12-22 11:30:00-05:00,160.75999450683594,161.10000610351562,160.22999572753906,160.25999450683594,150113,0.0,0.0
2022-12-22 12:30:00-05:00,160.22000122070312,160.22000122070312,159.14700317382812,159.41000366210938,86819,0.0,0.0
2022-12-22 13:30:00-05:00,159.44000244140625,160.1999969482422,158.94000244140625,160.1199951171875,89168,0.0,0.0
2022-12-22 14:30:00-05:00,160.08999633789062,161.61000061035156,159.875,161.61000061035156,91317,0.0,0.0
2022-12-22 15:30:00-05:00,161.60000610351562,162.08999633789062,160.90499877929688,161.8000030517578,218288,0.0,0.0
2022-12-23 09:30:00-05:00,160.9199981689453,161.5,159.25,160.5,160153,0.0,0.0
2022-12-23 10:30:00-05:00,160.61500549316406,161.0,159.89500427246094,160.54600524902344,67638,0.0,0.0
2022-12-23 11:30:00-05:00,160.5749969482422,161.3350067138672,160.44500732421875,161.10000610351562,47840,0.0,0.0
2022-12-23 12:30:00-05:00,161.13999938964844,161.13999938964844,160.57000732421875,161.0500030517578,47930,0.0,0.0
2022-12-23 13:30:00-05:00,161.03500366210938,161.16000366210938,160.58999633789062,161.14999389648438,77698,0.0,0.0
2022-12-23 14:30:00-05:00,161.11500549316406,161.9499969482422,161.07000732421875,161.28219604492188,79368,0.0,0.0
2022-12-23 15:30:00-05:00,161.26499938964844,161.60000610351562,161.05499267578125,161.47000122070312,86120,0.0,0.0
2022-12-27 09:30:00-05:00,161.10000610351562,161.10000610351562,158.97000122070312,160.08999633789062,87619,0.0,0.0
2022-12-27 10:30:00-05:00,160.05999755859375,160.5800018310547,159.63999938964844,160.218505859375,70206,0.0,0.0
2022-12-27 11:30:00-05:00,160.2100067138672,160.58999633789062,159.8800048828125,159.99000549316406,48950,0.0,0.0
2022-12-27 12:30:00-05:00,159.96499633789062,160.11000061035156,159.66000366210938,159.75999450683594,34570,0.0,0.0
2022-12-27 13:30:00-05:00,159.69000244140625,159.875,159.27499389648438,159.36000061035156,59946,0.0,0.0
2022-12-27 14:30:00-05:00,159.4600067138672,160.0399932861328,159.11000061035156,159.97000122070312,79841,0.0,0.0
2022-12-27 15:30:00-05:00,159.92999267578125,160.27999877929688,159.75,160.0500030517578,119204,0.0,0.0
2022-12-28 09:30:00-05:00,159.9499969482422,161.72999572753906,159.16000366210938,160.47999572753906,121893,0.0,0.0
2022-12-28 10:30:00-05:00,160.52000427246094,160.72999572753906,158.88999938964844,159.36000061035156,92490,0.0,0.0
2022-12-28 11:30:00-05:00,159.42999267578125,159.42999267578125,158.4989013671875,158.89999389648438,63950,0.0,0.0
2022-12-28 12:30:00-05:00,159.0500030517578,159.92999267578125,159.02000427246094,159.47500610351562,44807,0.0,0.0
2022-12-28 13:30:00-05:00,159.38999938964844,159.49000549316406,158.82000732421875,158.86000061035156,60846,0.0,0.0
2022-12-28 14:30:00-05:00,158.83999633789062,159.10000610351562,158.2969970703125,158.5,78427,0.0,0.0
2022-12-28 15:30:00-05:00,158.4499969482422,158.74000549316406,158.1824951171875,158.3300018310547,160752,0.0,0.0
2022-12-29 09:30:00-05:00,159.58999633789062,161.72999572753906,159.39999389648438,161.60499572753906,99406,0.0,0.0
2022-12-29 10:30:00-05:00,161.72000122070312,162.52499389648438,161.72000122070312,162.22000122070312,105936,0.0,0.0
2022-12-29 11:30:00-05:00,162.34500122070312,163.17999267578125,162.34500122070312,162.55499267578125,59452,0.0,0.0
2022-12-29 12:30:00-05:00,162.4949951171875,163.0,162.44000244140625,162.76499938964844,62805,0.0,0.0
2022-12-29 13:30:00-05:00,162.6999969482422,163.11000061035156,162.42999267578125,162.4499969482422,56605,0.0,0.0
2022-12-29 14:30:00-05:00,162.4600067138672,162.4600067138672,162.05999755859375,162.125,62137,0.0,0.0
2022-12-29 15:30:00-05:00,162.13999938964844,162.4149932861328,161.85000610351562,161.8699951171875,129215,0.0,0.0
2022-12-30 09:30:00-05:00,159.9199981689453,160.3000030517578,158.5800018310547,159.57000732421875,60971,0.0,0.0
2022-12-30 10:30:00-05:00,159.4600067138672,160.13999938964844,158.99000549316406,159.4199981689453,51162,0.0,0.0
2022-12-30 11:30:00-05:00,159.33999633789062,160.1999969482422,159.27000427246094,159.92999267578125,67702,0.0,0.0
2022-12-30 12:30:00-05:00,160.0,160.11000061035156,158.6199951171875,158.8300018310547,48847,0.0,0.0
2022-12-30 13:30:00-05:00,158.97000122070312,159.10000610351562,158.41000366210938,158.67999267578125,47552,0.0,0.0
2022-12-30 14:30:00-05:00,158.67999267578125,160.07000732421875,158.67999267578125,159.67999267578125,60164,0.0,0.0
2022-12-30 15:30:00-05:00,159.6699981689453,160.75,159.60000610351562,160.63999938964844,150785,0.0,0.0
2023-01-03 09:30:00-05:00,162.8300018310547,163.99989318847656,160.83999633789062,161.0500030517578,126349,0.0,0.0
2023-01-03 10:30:00-05:00,161.0800018310547,161.0800018310547,159.0500030517578,159.4499969482422,107452,0.0,0.0
2023-01-03 11:30:00-05:00,159.40499877929688,159.40499877929688,157.4949951171875,158.41000366210938,109351,0.0,0.0
2023-01-03 12:30:00-05:00,158.4499969482422,159.52000427246094,158.25,159.52000427246094,59671,0.0,0.0
2023-01-03 13:30:00-05:00,159.3800048828125,160.0,158.94000244140625,159.14999389648438,69708,0.0,0.0
2023-01-03 14:30:00-05:00,159.14999389648438,160.27499389648438,158.6699981689453,159.8000030517578,71035,0.0,0.0
2023-01-03 15:30:00-05:00,159.86000061035156,160.05999755859375,159.27000427246094,159.64999389648438,154320,0.0,0.0
2023-01-04 09:30:00-05:00,161.0,162.10000610351562,158.44000244140625,158.82000732421875,156877,0.0,0.0
2023-01-04 10:30:00-05:00,158.89999389648438,159.44000244140625,157.8699951171875,159.0800018310547,120653,0.0,0.0
2023-01-04 11:30:00-05:00,159.10000610351562,160.25,159.10000610351562,159.69000244140625,107145,0.0,0.0
2023-01-04 12:30:00-05:00,159.7100067138672,160.41000366210938,159.3699951171875,160.17999267578125,125540,0.0,0.0
2023-01-04 13:30:00-05:00,160.19000244140625,160.4199981689453,158.0,158.0,117435,0.0,0.0
2023-01-04 14:30:00-05:00,157.88999938964844,159.27999877929688,157.8300018310547,158.56100463867188,121949,0.0,0.0
2023-01-04 15:30:00-05:00,158.52000427246094,159.35000610351562,157.4600067138672,159.22999572753906,190310,0.0,0.0
2023-01-05 09:30:00-05:00,157.55999755859375,158.33999633789062,154.8800048828125,157.9250030517578,346294,0.0,0.0
2023-01-05 10:30:00-05:00,157.85000610351562,158.74000549316406,157.16000366210938,157.42999267578125,138939,0.0,0.0
2023-01-05 11:30:00-05:00,157.4199981689453,157.6300048828125,156.35000610351562,156.9600067138672,91076,0.0,0.0
2023-01-05 12:30:00-05:00,156.96499633789062,157.7550048828125,156.31500244140625,157.38999938964844,188263,0.0,0.0
2023-01-05 13:30:00-05:00,157.33999633789062,157.97999572753906,157.30999755859375,157.5,79530,0.0,0.0
2023-01-05 14:30:00-05:00,157.52000427246094,158.32000732421875,156.92999267578125,157.22000122070312,140820,0.0,0.0
2023-01-05 15:30:00-05:00,157.13999938964844,157.2899932861328,156.52000427246094,156.80999755859375,276715,0.0,0.0
2023-01-06 09:30:00-05:00,158.75,159.3800048828125,155.1999969482422,156.24000549316406,131510,0.0,0.0
2023-01-06 10:30:00-05:00,156.3000030517578,158.7100067138672,156.3000030517578,158.00999450683594,153489,0.0,0.0
2023-01-06 11:30:00-05:00,158.05499267578125,158.47999572753906,157.61000061035156,158.0500030517578,78843,0.0,0.0
2023-01-06 12:30:00-05:00,158.03610229492188,158.8300018310547,157.625,158.7949981689453,58063,0.0,0.0
2023-01-06 13:30:00-05:00,158.83999633789062,159.58999633789062,158.75,159.32000732421875,94628,0.0,0.0
2023-01-06 14:30:00-05:00,159.3699951171875,160.3249969482422,159.3300018310547,159.625,88764,0.0,0.0
2023-01-06 15:30:00-05:00,159.67999267578125,160.1699981689453,159.51499938964844,159.61000061035156,216750,0.0,0.0
2023-01-09 09:30:00-05:00,161.33999633789062,165.8000030517578,161.33999633789062,165.22000122070312,293602,0.0,0.0
2023-01-09 10:30:00-05:00,165.36000061035156,168.0,165.08999633789062,167.97999572753906,181617,0.0,0.0
2023-01-09 11:30:00-05:00,167.96499633789062,168.36000061035156,167.0399932861328,168.30999755859375,225111,0.0,0.0
2023-01-09 12:30:00-05:00,168.2100067138672,168.52000427246094,167.39999389648438,167.52000427246094,158600,0.0,0.0
2023-01-09 13:30:00-05:00,167.4949951171875,167.4949951171875,166.1999969482422,167.07000732421875,124787,0.0,0.0
2023-01-09 14:30:00-05:00,166.9499969482422,167.02999877929688,165.58999633789062,165.9600067138672,164786,0.0,0.0
2023-01-09 15:30:00-05:00,165.92999267578125,166.30499267578125,165.5,165.97000122070312,435291,0.0,0.0
2023-01-10 09:30:00-05:00,164.58999633789062,166.61000061035156,163.9199981689453,164.1199951171875,198887,0.0,0.0
2023-01-10 10:30:00-05:00,164.2550048828125,164.25999450683594,162.97999572753906,163.75,115670,0.0,0.0
2023-01-10 11:30:00-05:00,163.75,163.75999450683594,162.47999572753906,163.0,77215,0.0,0.0
2023-01-10 12:30:00-05:00,163.0500030517578,164.6300048828125,163.0500030517578,164.08999633789062,107784,0.0,0.0
2023-01-10 13:30:00-05:00,163.99000549316406,164.5,163.85000610351562,164.49000549316406,91247,0.0,0.0
2023-01-10 14:30:00-05:00,164.57000732421875,164.75999450683594,163.58999633789062,164.0800018310547,105893,0.0,0.0
2023-01-10 15:30:00-05:00,164.0800018310547,164.47999572753906,163.8800048828125,164.32000732421875,265724,0.0,0.0
2023-01-11 09:30:00-05:00,164.5800018310547,165.5312042236328,163.75999450683594,165.47999572753906,234162,0.0,0.0
2023-01-11 10:30:00-05:00,165.5800018310547,166.05999755859375,164.33790588378906,165.97000122070312,123224,0.0,0.0
2023-01-11 11:30:00-05:00,165.89999389648438,166.8300018310547,165.6300048828125,166.33999633789062,113421,0.0,0.0
2023-01-11 12:30:00-05:00,166.38999938964844,166.6199951171875,165.65499877929688,166.1999969482422,90569,0.0,0.0
2023-01-11 13:30:00-05:00,166.1300048828125,166.64500427246094,165.8249969482422,166.55999755859375,89337,0.0,0.0
2023-01-11 14:30:00-05:00,166.50999450683594,168.1649932861328,166.50999450683594,167.88999938964844,147444,0.0,0.0
2023-01-11 15:30:00-05:00,167.85000610351562,168.6999969482422,167.59500122070312,168.5399932861328,297140,0.0,0.0
2023-01-12 09:30:00-05:00,168.1699981689453,168.66000366210938,164.99000549316406,166.72000122070312,160512,0.0,0.0
2023-01-12 10:30:00-05:00,166.4199981689453,166.9199981689453,164.85000610351562,165.6300048828125,82034,0.0,0.0
2023-01-12 11:30:00-05:00,165.6300048828125,167.9199981689453,165.10000610351562,167.88999938964844,55736,0.0,0.0
2023-01-12 12:30:00-05:00,167.83999633789062,167.94000244140625,166.35000610351562,166.38999938964844,54882,0.0,0.0
2023-01-12 13:30:00-05:00,166.44000244140625,168.4499969482422,165.9499969482422,167.86000061035156,69047,0.0,0.0
2023-01-12 14:30:00-05:00,167.92999267578125,168.32000732421875,167.25999450683594,168.05499267578125,79848,0.0,0.0
2023-01-12 15:30:00-05:00,168.0399932861328,168.1999969482422,167.5399932861328,168.16000366210938,254568,0.0,0.0
2023-01-13 09:30:00-05:00,166.0,168.0500030517578,166.0,167.9499969482422,104718,0.0,0.0
2023-01-13 10:30:00-05:00,167.9550018310547,168.0399932861328,166.92999267578125,167.75999450683594,78790,0.0,0.0
2023-01-13 11:30:00-05:00,167.74000549316406,167.74000549316406,166.4199981689453,167.6199951171875,92733,0.0,0.0
2023-01-13 12:30:00-05:00,167.63369750976562,167.89500427246094,167.07000732421875,167.33999633789062,135550,0.0,0.0
2023-01-13 13:30:00-05:00,167.3350067138672,168.75,167.3350067138672,168.2053985595703,62282,0.0,0.0
2023-01-13 14:30:00-05:00,168.22999572753906,168.86000061035156,168.22999572753906,168.86000061035156,61406,0.0,0.0
2023-01-13 15:30:00-05:00,168.85499572753906,169.3699951171875,168.66000366210938,169.27000427246094,220744,0.0,0.0
2023-01-17 09:30:00-05:00,171.7899932861328,174.02999877929688,169.41000366210938,173.89999389648438,339330,0.0,0.0
2023-01-17 10:30:00-05:00,173.9199981689453,174.3000030517578,173.13999938964844,173.98500061035156,227443,0.0,0.0
2023-01-17 11:30:00-05:00,173.91000366210938,174.26719665527344,173.8000030517578,173.9499969482422,186597,0.0,0.0
2023-01-17 12:30:00-05:00,173.9499969482422,174.52000427246094,173.41000366210938,173.77499389648438,120194,0.0,0.0
2023-01-17 13:30:00-05:00,173.75999450683594,174.39999389648438,173.1199951171875,173.6300048828125,142310,0.0,0.0
2023-01-17 14:30:00-05:00,173.58999633789062,174.1699981689453,173.44000244140625,173.47999572753906,146719,0.0,0.0
2023-01-17 15:30:00-05:00,173.42999267578125,173.5449981689453,172.64999389648438,172.97000122070312,352332,0.0,0.0
2023-01-18 09:30:00-05:00,174.39999389648438,177.60000610351562,173.6999969482422,175.69000244140625,205125,0.0,0.0
2023-01-18 10:30:00-05:00,175.83999633789062,175.85000610351562,173.6750030517578,174.03500366210938,159559,0.0,0.0
2023-01-18 11:30:00-05:00,173.7899932861328,173.7899932861328,172.5500030517578,172.64999389648438,123761,0.0,0.0
2023-01-18 12:30:00-05:00,172.60000610351562,173.5,172.4521026611328,172.80999755859375,197484,0.0,0.0
2023-01-18 13:30:00-05:00,172.6999969482422,173.4600067138672,172.30999755859375,173.4550018310547,132187,0.0,0.0
2023-01-18 14:30:00-05:00,173.47000122070312,173.50999450683594,172.77000427246094,172.9600067138672,118422,0.0,0.0
2023-01-18 15:30:00-05:00,172.92999267578125,173.02000427246094,172.2100067138672,172.41000366210938,223331,0.0,0.0
2023-01-19 09:30:00-05:00,171.63999938964844,173.3800048828125,171.3300018310547,172.80999755859375,292477,0.0,0.0
2023-01-19 10:30:00-05:00,172.6300048828125,172.8300018310547,171.22999572753906,172.1199951171875,142173,0.0,0.0
2023-01-19 11:30:00-05:00,172.02999877929688,172.94000244140625,171.64999389648438,172.17999267578125,163909,0.0,0.0
2023-01-19 12:30:00-05:00,172.1300048828125,172.6199951171875,171.80499267578125,171.88499450683594,128741,0.0,0.0
2023-01-19 13:30:00-05:00,171.92999267578125,173.21499633789062,171.7899932861328,173.08999633789062,97810,0.0,0.0
2023-01-19 14:30:00-05:00,173.10000610351562,173.42999267578125,172.05999755859375,172.36000061035156,99032,0.0,0.0
2023-01-19 15:30:00-05:00,172.25999450683594,172.3800048828125,171.4499969482422,171.9499969482422,309829,0.0,0.0
2023-01-20 09:30:00-05:00,171.69000244140625,174.08999633789062,171.67999267578125,174.0500030517578,280525,0.0,0.0
2023-01-20 10:30:00-05:00,174.0800018310547,176.11000061035156,173.88999938964844,176.11000061035156,193952,0.0,0.0
2023-01-20 11:30:00-05:00,176.11000061035156,176.94000244140625,175.89999389648438,176.24000549316406,173077,0.0,0.0
2023-01-20 12:30:00-05:00,176.28500366210938,176.7100067138672,175.7899932861328,176.16000366210938,119395,0.0,0.0
2023-01-20 13:30:00-05:00,176.27000427246094,177.03500366210938,176.27000427246094,176.89999389648438,140375,0.0,0.0
2023-01-20 14:30:00-05:00,176.97000122070312,178.94500732421875,176.97000122070312,178.2899932861328,182845,0.0,0.0
2023-01-20 15:30:00-05:00,178.32000732421875,178.6199951171875,178.07000732421875,178.22000122070312,362484,0.0,0.0
2023-01-23 09:30:00-05:00,177.1999969482422,180.99000549316406,177.1999969482422,180.6699981689453,290811,0.0,0.0
2023-01-23 10:30:00-05:00,180.75,183.27999877929688,180.72000122070312,182.2100067138672,187012,0.0,0.0
2023-01-23 11:30:00-05:00,182.1750030517578,183.0399932861328,181.52999877929688,182.1300048828125,234911,0.0,0.0
2023-01-23 12:30:00-05:00,182.1699981689453,183.9199981689453,182.10000610351562,183.42999267578125,208346,0.0,0.0
2023-01-23 13:30:00-05:00,183.4550018310547,183.85000610351562,182.47999572753906,182.72500610351562,189212,0.0,0.0
2023-01-23 14:30:00-05:00,182.75999450683594,183.3699951171875,181.8538055419922,183.1750030517578,165673,0.0,0.0
2023-01-23 15:30:00-05:00,183.2100067138672,184.24000549316406,183.16000366210938,183.38999938964844,313312,0.0,0.0
2023-01-24 09:30:00-05:00,183.35000610351562,183.66000366210938,181.38209533691406,182.97500610351562,188120,0.0,0.0
2023-01-24 10:30:00-05:00,182.97999572753906,183.25999450683594,181.77999877929688,182.60000610351562,158025,0.0,0.0
2023-01-24 11:30:00-05:00,182.77999877929688,182.88999938964844,182.0,182.60000610351562,130283,0.0,0.0
2023-01-24 12:30:00-05:00,182.5399932861328,182.7899932861328,181.88999938964844,182.74000549316406,105885,0.0,0.0
2023-01-24 13:30:00-05:00,182.7301025390625,182.88999938964844,181.94000244140625,182.41000366210938,81365,0.0,0.0
2023-01-24 14:30:00-05:00,182.40499877929688,182.7100067138672,181.90330505371094,182.14999389648438,101164,0.0,0.0
2023-01-24 15:30:00-05:00,182.18499755859375,182.67999267578125,181.41000366210938,182.3800048828125,208735,0.0,0.0
2023-01-25 09:30:00-05:00,179.30999755859375,180.38499450683594,176.49000549316406,177.36500549316406,159585,0.0,0.0
2023-01-25 10:30:00-05:00,177.2949981689453,179.1199951171875,176.9499969482422,178.77999877929688,92775,0.0,0.0
2023-01-25 11:30:00-05:00,178.83999633789062,180.42999267578125,178.82000732421875,179.61000061035156,116869,0.0,0.0
2023-01-25 12:30:00-05:00,179.64500427246094,180.7100067138672,179.57000732421875,180.64999389648438,128478,0.0,0.0
2023-01-25 13:30:00-05:00,180.6699981689453,182.38499450683594,180.22999572753906,182.05999755859375,173688,0.0,0.0
2023-01-25 14:30:00-05:00,182.00999450683594,182.75999450683594,181.33999633789062,182.25,83429,0.0,0.0
2023-01-25 15:30:00-05:00,182.30999755859375,182.52000427246094,181.75999450683594,182.3800048828125,183709,0.0,0.0
2023-01-26 09:30:00-05:00,184.89999389648438,185.39999389648438,183.00999450683594,184.32000732421875,148501,0.0,0.0
2023-01-26 10:30:00-05:00,184.26370239257812,184.89999389648438,182.58999633789062,183.0500030517578,83678,0.0,0.0
2023-01-26 11:30:00-05:00,183.1199951171875,183.89999389648438,182.95620727539062,183.52000427246094,69016,0.0,0.0
2023-01-26 12:30:00-05:00,183.50999450683594,183.99000549316406,183.3000030517578,183.9199981689453,47323,0.0,0.0
2023-01-26 13:30:00-05:00,183.93499755859375,184.67999267578125,183.8699951171875,184.47000122070312,69996,0.0,0.0
2023-01-26 14:30:00-05:00,184.5,185.85499572753906,184.4199981689453,185.69000244140625,76185,0.0,0.0
2023-01-26 15:30:00-05:00,185.6300048828125,185.86000061035156,185.3000030517578,185.6300048828125,144396,0.0,0.0
2023-01-27 09:30:00-05:00,183.92999267578125,186.24000549316406,183.11000061035156,185.07269287109375,140098,0.0,0.0
2023-01-27 10:30:00-05:00,185.05999755859375,185.2550048828125,183.63999938964844,184.60000610351562,121136,0.0,0.0
2023-01-27 11:30:00-05:00,184.7100067138672,185.1699981689453,184.3800048828125,184.5500030517578,101841,0.0,0.0
2023-01-27 12:30:00-05:00,184.49000549316406,185.14999389648438,184.3800048828125,185.03500366210938,55171,0.0,0.0
2023-01-27 13:30:00-05:00,185.08999633789062,185.3699951171875,184.75999450683594,184.80999755859375,87723,0.0,0.0
2023-01-27 14:30:00-05:00,184.89999389648438,185.92999267578125,184.85000610351562,185.92999267578125,127828,0.0,0.0
2023-01-27 15:30:00-05:00,185.89999389648438,186.0,184.58999633789062,185.02999877929688,264228,0.0,0.0
2023-01-30 09:30:00-05:00,183.61000061035156,183.72000122070312,182.07000732421875,182.3800048828125,169008,0.0,0.0
2023-01-30 10:30:00-05:00,182.4149932861328,183.47999572753906,181.2100067138672,183.46499633789062,90366,0.0,0.0
2023-01-30 11:30:00-05:00,183.54989624023438,183.63999938964844,182.0800018310547,182.4550018310547,116578,0.0,0.0
2023-01-30 12:30:00-05:00,182.42999267578125,182.51499938964844,181.44000244140625,182.17999267578125,65300,0.0,0.0
2023-01-30 13:30:00-05:00,182.0749969482422,182.18499755859375,181.6199951171875,181.63999938964844,55037,0.0,0.0
2023-01-30 14:30:00-05:00,181.66000366210938,181.83999633789062,180.91000366210938,181.19000244140625,88513,0.0,0.0
2023-01-30 15:30:00-05:00,181.14999389648438,181.49000549316406,180.61500549316406,180.72999572753906,298660,0.0,0.0
2023-01-31 09:30:00-05:00,181.36000061035156,182.34500122070312,180.75,182.1300048828125,206201,0.0,0.0
2023-01-31 10:30:00-05:00,182.19000244140625,182.64999389648438,181.60499572753906,182.61000061035156,113198,0.0,0.0
2023-01-31 11:30:00-05:00,182.72000122070312,183.3300018310547,182.22250366210938,183.02000427246094,107329,0.0,0.0
2023-01-31 12:30:00-05:00,183.07000732421875,183.6300048828125,182.61500549316406,182.83999633789062,96417,0.0,0.0
2023-01-31 13:30:00-05:00,182.8800048828125,183.72999572753906,182.72000122070312,183.2100067138672,101894,0.0,0.0
2023-01-31 14:30:00-05:00,183.19500732421875,183.47000122070312,181.9058074951172,181.9499969482422,148882,0.0,0.0
2023-01-31 15:30:00-05:00,181.89500427246094,183.5399932861328,181.89500427246094,182.72000122070312,531473,0.0,0.0
2023-02-01 09:30:00-05:00,182.24000549316406,184.11000061035156,181.27999877929688,183.69500732421875,225682,0.0,0.0
2023-02-01 10:30:00-05:00,183.8300018310547,183.9600067138672,182.16000366210938,183.5885009765625,126140,0.0,0.0
2023-02-01 11:30:00-05:00,183.6300048828125,183.86500549316406,183.13499450683594,183.47000122070312,85044,0.0,0.0
2023-02-01 12:30:00-05:00,183.49000549316406,184.17990112304688,183.30999755859375,183.94000244140625,63951,0.0,0.0
2023-02-01 13:30:00-05:00,183.9499969482422,184.94000244140625,182.89999389648438,184.3300018310547,90742,0.0,0.0
2023-02-01 14:30:00-05:00,184.44000244140625,189.80999755859375,183.1699981689453,188.97999572753906,338038,0.0,0.0
2023-02-01 15:30:00-05:00,188.9949951171875,190.25,188.41000366210938,188.82000732421875,385672,0.0,0.0
2023-02-02 09:30:00-05:00,191.14500427246094,191.56500244140625,188.6300048828125,190.0500030517578,383956,0.0,0.0
2023-02-02 10:30:00-05:00,190.0500030517578,191.64999389648438,189.97999572753906,190.69000244140625,213519,0.0,0.0
2023-02-02 11:30:00-05:00,190.6999969482422,191.5,190.19000244140625,191.42999267578125,143238,0.0,0.0
2023-02-02 12:30:00-05:00,191.36000061035156,191.9199981689453,190.8699951171875,191.35000610351562,112670,0.0,0.0
2023-02-02 13:30:00-05:00,191.3300018310547,191.83999633789062,189.82000732421875,189.88499450683594,148825,0.0,0.0
2023-02-02 14:30:00-05:00,189.9199981689453,190.07000732421875,188.7899932861328,189.07000732421875,212372,0.0,0.0
2023-02-02 15:30:00-05:00,189.11000061035156,189.38999938964844,188.39999389648438,189.1999969482422,393758,0.0,0.0
2023-02-03 09:30:00-05:00,185.1999969482422,188.02999877929688,184.22999572753906,187.4600067138672,190731,0.0,0.0
2023-02-03 10:30:00-05:00,187.60000610351562,188.67999267578125,187.30999755859375,187.66380310058594,85357,0.0,0.0
2023-02-03 11:30:00-05:00,187.6649932861328,188.02000427246094,186.6699981689453,187.72000122070312,80655,0.0,0.0
2023-02-03 12:30:00-05:00,187.7100067138672,187.7899932861328,185.8300018310547,186.10000610351562,67707,0.0,0.0
2023-02-03 13:30:00-05:00,186.0,186.02000427246094,184.80499267578125,185.3699951171875,98777,0.0,0.0
2023-02-03 14:30:00-05:00,185.36000061035156,186.11000061035156,184.92999267578125,185.69000244140625,148876,0.0,0.0
2023-02-03 15:30:00-05:00,185.69000244140625,186.3800048828125,185.42999267578125,185.8300018310547,222395,0.0,0.0
2023-02-06 09:30:00-05:00,184.2899932861328,186.82000732421875,184.1699981689453,184.9600067138672,148843,0.0,0.0
2023-02-06 10:30:00-05:00,184.9499969482422,186.99000549316406,184.72999572753906,186.49000549316406,87660,0.0,0.0
2023-02-06 11:30:00-05:00,186.49000549316406,186.97500610351562,185.8000030517578,186.6199951171875,163652,0.0,0.0
2023-02-06 12:30:00-05:00,186.6999969482422,186.85000610351562,185.47999572753906,185.97999572753906,75297,0.0,0.0
2023-02-06 13:30:00-05:00,185.88999938964844,186.47999572753906,185.72000122070312,186.0850067138672,84886,0.0,0.0
2023-02-06 14:30:00-05:00,186.0850067138672,186.13499450683594,185.27000427246094,185.3350067138672,100111,0.0,0.0
2023-02-06 15:30:00-05:00,185.1699981689453,186.19000244140625,184.97000122070312,185.89999389648438,211648,0.0,0.0
2023-02-07 09:30:00-05:00,185.2899932861328,185.41000366210938,183.49000549316406,183.5500030517578,129166,0.0,0.0
2023-02-07 10:30:00-05:00,183.60000610351562,185.22000122070312,183.25660705566406,184.94000244140625,152199,0.0,0.0
2023-02-07 11:30:00-05:00,184.94000244140625,185.60000610351562,184.68370056152344,184.91000366210938,62693,0.0,0.0
2023-02-07 12:30:00-05:00,184.8699951171875,188.1199951171875,184.8699951171875,185.1999969482422,175677,0.0,0.0
2023-02-07 13:30:00-05:00,185.2050018310547,186.47000122070312,183.5800018310547,185.91000366210938,99027,0.0,0.0
2023-02-07 14:30:00-05:00,186.02999877929688,188.36000061035156,185.97000122070312,188.34500122070312,144348,0.0,0.0
2023-02-07 15:30:00-05:00,188.4499969482422,189.24000549316406,187.9149932861328,188.30999755859375,201428,0.0,0.0
2023-02-08 09:30:00-05:00,187.77999877929688,188.5399932861328,186.90499877929688,187.25,247456,0.0,0.0
2023-02-08 10:30:00-05:00,187.1699981689453,187.49000549316406,185.69000244140625,186.0800018310547,149322,0.0,0.0
2023-02-08 11:30:00-05:00,186.02999877929688,187.02999877929688,185.5500030517578,186.74000549316406,97692,0.0,0.0
2023-02-08 12:30:00-05:00,186.78500366210938,186.90829467773438,185.9499969482422,186.1199951171875,69089,0.0,0.0
2023-02-08 13:30:00-05:00,186.02999877929688,186.60000610351562,185.76499938964844,186.02000427246094,79934,0.0,0.0
2023-02-08 14:30:00-05:00,186.04629516601562,186.14999389648438,184.8800048828125,185.27999877929688,127540,0.0,0.0
2023-02-08 15:30:00-05:00,185.3000030517578,185.5500030517578,184.94000244140625,185.47000122070312,283165,0.0,0.0
2023-02-09 09:30:00-05:00,188.14999389648438,190.5850067138672,187.41000366210938,189.10000610351562,127977,0.0,0.0
2023-02-09 10:30:00-05:00,189.0,189.35000610351562,187.69000244140625,188.02000427246094,121255,0.0,0.0
2023-02-09 11:30:00-05:00,187.94500732421875,188.8699951171875,187.58999633789062,188.22000122070312,135265,0.0,0.0
2023-02-09 12:30:00-05:00,188.2100067138672,188.24000549316406,187.30999755859375,187.63800048828125,122262,0.0,0.0
2023-02-09 13:30:00-05:00,187.64500427246094,187.9199981689453,186.5,186.6199951171875,93404,0.0,0.0
2023-02-09 14:30:00-05:00,186.5,187.05999755859375,185.84500122070312,185.99000549316406,143975,0.0,0.0
2023-02-09 15:30:00-05:00,185.94000244140625,187.10000610351562,185.5399932861328,186.27999877929688,316984,0.0,0.0
2023-02-10 09:30:00-05:00,184.10000610351562,185.13499450683594,183.5,184.72999572753906,156165,0.0,0.0
2023-02-10 10:30:00-05:00,184.63999938964844,184.8699951171875,183.47999572753906,183.94500732421875,126511,0.0,0.0
2023-02-10 11:30:00-05:00,183.9550018310547,184.3800048828125,183.4199981689453,183.5,104500,0.0,0.0
2023-02-10 12:30:00-05:00,183.5500030517578,184.8000030517578,183.50999450683594,184.3000030517578,95029,0.0,0.0
2023-02-10 13:30:00-05:00,184.24000549316406,184.25,183.52999877929688,183.5800018310547,85435,0.0,0.0
2023-02-10 14:30:00-05:00,183.52999877929688,184.3249969482422,183.44000244140625,183.94000244140625,107512,0.0,0.0
2023-02-10 15:30:00-05:00,183.9600067138672,184.3800048828125,183.72999572753906,183.82000732421875,277590,0.0,0.0
2023-02-13 09:30:00-05:00,185.10000610351562,186.12989807128906,183.8000030517578,185.52999877929688,356501,0.0,0.0
2023-02-13 10:30:00-05:00,185.52999877929688,186.63999938964844,185.27999877929688,186.14999389648438,226774,0.0,0.0
2023-02-13 11:30:00-05:00,186.10000610351562,186.10000610351562,184.98500061035156,185.5399932861328,194407,0.0,0.0
2023-02-13 12:30:00-05:00,185.5800018310547,186.31500244140625,185.25999450683594,186.27499389648438,159692,0.0,0.0
2023-02-13 13:30:00-05:00,186.27499389648438,186.85000610351562,185.77999877929688,185.8300018310547,142475,0.0,0.0
2023-02-13 14:30:00-05:00,185.86500549316406,186.10000610351562,185.1699981689453,185.75999450683594,164892,0.0,0.0
2023-02-13 15:30:00-05:00,185.75999450683594,186.06500244140625,185.3000030517578,185.64999389648438,388932,0.0,0.0
2023-02-14 09:30:00-05:00,193.39999389648438,198.86500549316406,192.0,196.86500549316406,862507,0.0,0.0
2023-02-14 10:30:00-05:00,197.2100067138672,197.44000244140625,194.27999877929688,194.72000122070312,283685,0.0,0.0
2023-02-14 11:30:00-05:00,194.5500030517578,195.87899780273438,193.60000610351562,195.1999969482422,223109,0.0,0.0
2023-02-14 12:30:00-05:00,195.1699981689453,197.3800048828125,195.1699981689453,196.86500549316406,228671,0.0,0.0
2023-02-14 13:30:00-05:00,196.92999267578125,198.74000549316406,196.88999938964844,198.42999267578125,299410,0.0,0.0
2023-02-14 14:30:00-05:00,198.47999572753906,199.43499755859375,198.47000122070312,199.41000366210938,336325,0.0,0.0
2023-02-14 15:30:00-05:00,199.44000244140625,199.85650634765625,199.0,199.02999877929688,603841,0.0,0.0
2023-02-15 09:30:00-05:00,199.10000610351562,202.5749969482422,198.72999572753906,199.80050659179688,468788,0.0,0.0
2023-02-15 10:30:00-05:00,199.8800048828125,200.59500122070312,199.0,200.3000030517578,239688,0.0,0.0
2023-02-15 11:30:00-05:00,200.3300018310547,200.75,199.5500030517578,200.1300048828125,158617,0.0,0.0
2023-02-15 12:30:00-05:00,200.19000244140625,201.9499969482422,200.02000427246094,201.8000030517578,170256,0.0,0.0
2023-02-15 13:30:00-05:00,201.8699951171875,202.9600067138672,201.5500030517578,202.4600067138672,175032,0.0,0.0
2023-02-15 14:30:00-05:00,202.50999450683594,202.52999877929688,201.52000427246094,201.85000610351562,206295,0.0,0.0
2023-02-15 15:30:00-05:00,201.9199981689453,202.41000366210938,201.3800048828125,202.3800048828125,422828,0.0,0.0
2023-02-16 09:30:00-05:00,196.27999877929688,198.44000244140625,195.1999969482422,195.70140075683594,640265,0.0,0.0
2023-02-16 10:30:00-05:00,195.71400451660156,196.5,194.27999877929688,194.97000122070312,326149,0.0,0.0
2023-02-16 11:30:00-05:00,195.05999755859375,195.2707977294922,193.4499969482422,193.9499969482422,282606,0.0,0.0
2023-02-16 12:30:00-05:00,194.02000427246094,194.7550048828125,193.8000030517578,194.05499267578125,180955,0.0,0.0
2023-02-16 13:30:00-05:00,194.11000061035156,196.0800018310547,194.11000061035156,195.77499389648438,330418,0.0,0.0
2023-02-16 14:30:00-05:00,195.77499389648438,196.69000244140625,194.5800018310547,194.8300018310547,310560,0.0,0.0
2023-02-16 15:30:00-05:00,194.82000732421875,195.27999877929688,194.19000244140625,194.75999450683594,500611,0.0,0.0
2023-02-17 09:30:00-05:00,192.3300018310547,195.1199951171875,191.10000610351562,194.44000244140625,336586,0.0,0.0
2023-02-17 10:30:00-05:00,194.2899932861328,194.8000030517578,193.0399932861328,193.52000427246094,302410,0.0,0.0
2023-02-17 11:30:00-05:00,193.50999450683594,193.8000030517578,192.66000366210938,193.38999938964844,200533,0.0,0.0
2023-02-17 12:30:00-05:00,193.39999389648438,193.57000732421875,192.7899932861328,193.15040588378906,264982,0.0,0.0
2023-02-17 13:30:00-05:00,193.13999938964844,193.80499267578125,192.66000366210938,193.39999389648438,137703,0.0,0.0
2023-02-17 14:30:00-05:00,193.41000366210938,194.5800018310547,193.41000366210938,193.9499969482422,147886,0.0,0.0
2023-02-17 15:30:00-05:00,193.88999938964844,194.91000366210938,193.86000061035156,194.4499969482422,263890,0.0,0.0
2023-02-21 09:30:00-05:00,191.52000427246094,193.47999572753906,191.44000244140625,192.24000549316406,279436,0.0,0.0
2023-02-21 10:30:00-05:00,192.14500427246094,192.75999450683594,192.0449981689453,192.3000030517578,192668,0.0,0.0
2023-02-21 11:30:00-05:00,192.34500122070312,192.89999389648438,192.22999572753906,192.49000549316406,139809,0.0,0.0
2023-02-21 12:30:00-05:00,192.48500061035156,192.75999450683594,192.3000030517578,192.38999938964844,105846,0.0,0.0
2023-02-21 13:30:00-05:00,192.41000366210938,193.22999572753906,192.27999877929688,192.88999938964844,133289,0.0,0.0
2023-02-21 14:30:00-05:00,192.88999938964844,193.5800018310547,192.7899932861328,193.125,211470,0.0,0.0
2023-02-21 15:30:00-05:00,193.14999389648438,193.2100067138672,192.38999938964844,192.64999389648438,324822,0.0,0.0
2023-02-22 09:30:00-05:00,193.24000549316406,194.52000427246094,192.875,193.52999877929688,276292,0.0,0.0
2023-02-22 10:30:00-05:00,193.47000122070312,193.88999938964844,193.10000610351562,193.47999572753906,185834,0.0,0.0
2023-02-22 11:30:00-05:00,193.47999572753906,193.97000122070312,193.1649932861328,193.81500244140625,116050,0.0,0.0
2023-02-22 12:30:00-05:00,193.85000610351562,195.49940490722656,193.85000610351562,195.44769287109375,148853,0.0,0.0
2023-02-22 13:30:00-05:00,195.43080139160156,196.0,194.39999389648438,194.7100067138672,158577,0.0,0.0
2023-02-22 14:30:00-05:00,194.64999389648438,195.2100067138672,193.75,193.9600067138672,207229,0.0,0.0
2023-02-22 15:30:00-05:00,193.97999572753906,194.1999969482422,193.7200927734375,194.00999450683594,385899,0.0,0.0
2023-02-23 09:30:00-05:00,196.02999877929688,198.57000732421875,196.0,197.30999755859375,335287,0.0,0.0
2023-02-23 10:30:00-05:00,197.36500549316406,198.1199951171875,195.4199981689453,196.0,347249,0.0,0.0
2023-02-23 11:30:00-05:00,196.0,196.1300048828125,194.88999938964844,195.2100067138672,146591,0.0,0.0
2023-02-23 12:30:00-05:00,195.1999969482422,195.58999633789062,194.66000366210938,195.0399932861328,90799,0.0,0.0
2023-02-23 13:30:00-05:00,195.0449981689453,196.31500244140625,194.83999633789062,196.30999755859375,126124,0.0,0.0
2023-02-23 14:30:00-05:00,196.32000732421875,197.35000610351562,196.3000030517578,197.33999633789062,163236,0.0,0.0
2023-02-23 15:30:00-05:00,197.33999633789062,197.5399932861328,196.5,196.60000610351562,247924,0.0,0.0
2023-02-24 09:30:00-05:00,192.64999389648438,195.3699951171875,192.4499969482422,193.97000122070312,194583,0.0,0.0
2023-02-24 10:30:00-05:00,193.88999938964844,194.32000732421875,192.94000244140625,194.16000366210938,120315,0.0,0.0
2023-02-24 11:30:00-05:00,194.02999877929688,194.5749969482422,193.55999755859375,194.02999877929688,89792,0.0,0.0
2023-02-24 12:30:00-05:00,193.99000549316406,194.16000366210938,193.30999755859375,193.30999755859375,105653,0.0,0.0
2023-02-24 13:30:00-05:00,193.2949981689453,193.97999572753906,192.9199981689453,193.6300048828125,95971,0.0,0.0
2023-02-24 14:30:00-05:00,193.69000244140625,194.2342071533203,193.38999938964844,193.72000122070312,118230,0.0,0.0
2023-02-24 15:30:00-05:00,193.6999969482422,193.86000061035156,192.7899932861328,193.74000549316406,238227,0.0,0.0
2023-02-27 09:30:00-05:00,195.35000610351562,195.98500061035156,193.88999938964844,194.52499389648438,256997,0.0,0.0
2023-02-27 10:30:00-05:00,194.4199981689453,194.4199981689453,193.0399932861328,193.53500366210938,122909,0.0,0.0
2023-02-27 11:30:00-05:00,193.5500030517578,194.32000732421875,192.9600067138672,193.99000549316406,127324,0.0,0.0
2023-02-27 12:30:00-05:00,194.0800018310547,194.3699951171875,193.7100067138672,193.8800048828125,93459,0.0,0.0
2023-02-27 13:30:00-05:00,193.84500122070312,194.0,193.0,193.3300018310547,134923,0.0,0.0
2023-02-27 14:30:00-05:00,193.33999633789062,193.41000366210938,192.66000366210938,193.32000732421875,179030,0.0,0.0
2023-02-27 15:30:00-05:00,193.3300018310547,193.3350067138672,192.84500122070312,193.1999969482422,244946,0.0,0.0
2023-02-28 09:30:00-05:00,193.25999450683594,195.09500122070312,193.0,194.94000244140625,205149,0.0,0.0
2023-02-28 10:30:00-05:00,194.97999572753906,195.14999389648438,194.22999572753906,194.23500061035156,121698,0.0,0.0
2023-02-28 11:30:00-05:00,194.20750427246094,195.02999877929688,193.5800018310547,195.02999877929688,100874,0.0,0.0
2023-02-28 12:30:00-05:00,195.0500030517578,195.22999572753906,194.55999755859375,194.8699951171875,69228,0.0,0.0
2023-02-28 13:30:00-05:00,194.9499969482422,195.0500030517578,194.14999389648438,194.1699981689453,86207,0.0,0.0
2023-02-28 14:30:00-05:00,194.14999389648438,194.3300018310547,193.49000549316406,193.6300048828125,104848,0.0,0.0
2023-02-28 15:30:00-05:00,193.5800018310547,193.6667022705078,192.74000549316406,192.91000366210938,332197,0.0,0.0
2023-03-01 09:30:00-05:00,193.13999938964844,193.5699005126953,191.11000061035156,191.97500610351562,278665,0.0,0.0
2023-03-01 10:30:00-05:00,191.9499969482422,193.1199951171875,191.32000732421875,191.89999389648438,126093,0.0,0.0
2023-03-01 11:30:00-05:00,191.8699951171875,192.9600067138672,191.64999389648438,192.22999572753906,83350,0.0,0.0
2023-03-01 12:30:00-05:00,192.23500061035156,192.27999877929688,191.5,191.7899932861328,70122,0.0,0.0
2023-03-01 13:30:00-05:00,191.72000122070312,192.0500030517578,191.22000122070312,191.22000122070312,72966,0.0,0.0
2023-03-01 14:30:00-05:00,191.22000122070312,191.55999755859375,190.69000244140625,190.73170471191406,150694,0.0,0.0
2023-03-01 15:30:00-05:00,190.77999877929688,191.4600067138672,190.72500610351562,191.44000244140625,210026,0.0,0.0
2023-03-02 09:30:00-05:00,190.32000732421875,191.6999969482422,189.2967987060547,191.2949981689453,179067,0.0,0.0
2023-03-02 10:30:00-05:00,191.2899932861328,192.1699981689453,190.5800018310547,190.8000030517578,167257,0.0,0.0
2023-03-02 11:30:00-05:00,190.84500122070312,190.89999389648438,190.25,190.64999389648438,135669,0.0,0.0
2023-03-02 12:30:00-05:00,190.75,191.0800018310547,190.61000061035156,190.64999389648438,117363,0.0,0.0
2023-03-02 13:30:00-05:00,190.69000244140625,193.16000366210938,190.69000244140625,193.05999755859375,123808,0.0,0.0
2023-03-02 14:30:00-05:00,193.0800018310547,193.2100067138672,192.33999633789062,192.80499267578125,148322,0.0,0.0
2023-03-02 15:30:00-05:00,192.80999755859375,193.3936004638672,192.5,192.63999938964844,261088,0.0,0.0
2023-03-03 09:30:00-05:00,193.85000610351562,194.9199981689453,192.80999755859375,194.3000030517578,232438,0.0,0.0
2023-03-03 10:30:00-05:00,194.42999267578125,194.94500732421875,194.1497039794922,194.4600067138672,114362,0.0,0.0
2023-03-03 11:30:00-05:00,194.52999877929688,195.2299041748047,194.4199981689453,195.1300048828125,107016,0.0,0.0
2023-03-03 12:30:00-05:00,195.0800018310547,195.97000122070312,194.86500549316406,195.7899932861328,107636,0.0,0.0
2023-03-03 13:30:00-05:00,195.80499267578125,196.27000427246094,195.55999755859375,195.88999938964844,112158,0.0,0.0
2023-03-03 14:30:00-05:00,195.9199981689453,196.77000427246094,195.82000732421875,196.22999572753906,193715,0.0,0.0
2023-03-03 15:30:00-05:00,196.2550048828125,196.74000549316406,196.05999755859375,196.5,287934,0.0,0.0
2023-03-06 09:30:00-05:00,196.94000244140625,197.3800048828125,195.25999450683594,196.74000549316406,185303,0.0,0.0
2023-03-06 10:30:00-05:00,196.75,198.8125,196.75,197.97500610351562,323971,0.0,0.0
2023-03-06 11:30:00-05:00,197.97000122070312,198.06329345703125,197.11000061035156,197.49000549316406,131328,0.0,0.0
2023-03-06 12:30:00-05:00,197.44500732421875,197.8699951171875,196.92999267578125,197.33999633789062,119819,0.0,0.0
2023-03-06 13:30:00-05:00,197.3800048828125,197.49000549316406,196.58999633789062,196.81500244140625,110871,0.0,0.0
2023-03-06 14:30:00-05:00,196.83999633789062,197.0800018310547,196.60000610351562,196.7899932861328,162540,0.0,0.0
2023-03-06 15:30:00-05:00,196.7550048828125,197.6199951171875,196.61000061035156,197.3699951171875,304627,0.0,0.0
2023-03-07 09:30:00-05:00,196.49000549316406,198.14999389648438,194.53280639648438,195.97500610351562,237446,0.0,0.0
2023-03-07 10:30:00-05:00,195.91000366210938,196.80499267578125,195.38499450683594,195.7449951171875,135125,0.0,0.0
2023-03-07 11:30:00-05:00,195.86000061035156,196.97999572753906,195.66000366210938,196.5449981689453,140704,0.0,0.0
2023-03-07 12:30:00-05:00,196.49000549316406,196.80999755859375,195.47999572753906,195.58999633789062,123446,0.0,0.0
2023-03-07 13:30:00-05:00,195.6999969482422,195.75999450683594,194.58999633789062,194.7949981689453,97928,0.0,0.0
2023-03-07 14:30:00-05:00,194.85000610351562,195.17999267578125,194.33999633789062,194.80999755859375,140522,0.0,0.0
2023-03-07 15:30:00-05:00,194.81500244140625,195.52000427246094,194.77000427246094,195.35000610351562,268957,0.0,0.0
2023-03-08 09:30:00-05:00,195.7100067138672,197.73500061035156,195.1699981689453,197.57000732421875,189901,0.0,0.0
2023-03-08 10:30:00-05:00,197.5800018310547,198.52999877929688,197.41000366210938,197.7899932861328,176411,0.0,0.0
2023-03-08 11:30:00-05:00,197.82000732421875,198.0800018310547,197.0,197.0500030517578,126057,0.0,0.0
2023-03-08 12:30:00-05:00,197.0500030517578,197.6699981689453,196.6199951171875,196.6199951171875,117580,0.0,0.0
2023-03-08 13:30:00-05:00,196.69000244140625,197.6199951171875,196.60000610351562,197.51499938964844,97768,0.0,0.0
2023-03-08 14:30:00-05:00,197.5500030517578,198.17999267578125,197.47999572753906,197.94000244140625,128302,0.0,0.0
2023-03-08 15:30:00-05:00,197.97000122070312,199.4600067138672,197.9499969482422,199.30999755859375,380399,0.0,0.0
2023-03-09 09:30:00-05:00,199.3300018310547,201.7899932861328,198.8300018310547,200.96249389648438,381255,0.0,0.0
2023-03-09 10:30:00-05:00,200.82000732421875,201.97000122070312,200.52000427246094,200.89500427246094,180930,0.0,0.0
2023-03-09 11:30:00-05:00,200.97999572753906,201.5800018310547,200.49000549316406,201.10499572753906,128156,0.0,0.0
2023-03-09 12:30:00-05:00,201.08999633789062,201.11000061035156,198.6999969482422,198.9949951171875,309156,0.0,0.0
2023-03-09 13:30:00-05:00,198.99000549316406,198.99000549316406,196.7899932861328,197.13999938964844,113422,0.0,0.0
2023-03-09 14:30:00-05:00,197.0800018310547,197.60000610351562,196.1300048828125,196.36000061035156,187694,0.0,0.0
2023-03-09 15:30:00-05:00,196.33999633789062,196.94500732421875,196.1199951171875,196.47999572753906,322516,0.0,0.0
2023-03-10 09:30:00-05:00,196.67999267578125,196.67999267578125,192.77999877929688,193.61000061035156,197741,0.0,0.0
2023-03-10 10:30:00-05:00,193.72999572753906,197.25579833984375,193.66000366210938,197.22999572753906,259165,0.0,0.0
2023-03-10 11:30:00-05:00,197.22999572753906,198.0803985595703,195.3300018310547,195.92999267578125,215216,0.0,0.0
2023-03-10 12:30:00-05:00,196.0050048828125,196.57249450683594,194.60000610351562,194.63999938964844,126975,0.0,0.0
2023-03-10 13:30:00-05:00,194.60499572753906,194.7949981689453,193.6199951171875,193.67250061035156,198162,0.0,0.0
2023-03-10 14:30:00-05:00,193.75,196.24000549316406,193.6699981689453,195.63999938964844,414035,0.0,0.0
2023-03-10 15:30:00-05:00,195.55999755859375,196.00999450683594,194.61000061035156,195.6699981689453,642322,0.0,0.0
2023-03-13 09:30:00-04:00,194.67999267578125,195.90499877929688,193.11500549316406,194.14500427246094,340239,0.0,0.0
2023-03-13 10:30:00-04:00,194.1300048828125,197.36500549316406,194.1300048828125,197.0850067138672,270372,0.0,0.0
2023-03-13 11:30:00-04:00,197.19000244140625,197.83999633789062,195.8800048828125,197.42999267578125,270066,0.0,0.0
2023-03-13 12:30:00-04:00,197.41000366210938,198.47000122070312,195.6199951171875,196.80149841308594,160832,0.0,0.0
2023-03-13 13:30:00-04:00,196.6699981689453,198.57000732421875,196.30999755859375,198.13999938964844,190556,0.0,0.0
2023-03-13 14:30:00-04:00,198.1999969482422,198.5500030517578,197.24000549316406,197.5399932861328,261512,0.0,0.0
2023-03-13 15:30:00-04:00,197.5,198.2100067138672,196.1699981689453,196.27000427246094,391483,0.0,0.0
2023-03-14 09:30:00-04:00,197.86000061035156,201.89999389648438,197.4199981689453,201.89999389648438,394642,0.0,0.0
2023-03-14 10:30:00-04:00,201.9199981689453,202.41050720214844,201.27999877929688,202.25,204040,0.0,0.0
2023-03-14 11:30:00-04:00,202.25999450683594,202.67999267578125,201.7899932861328,202.13999938964844,182042,0.0,0.0
2023-03-14 12:30:00-04:00,202.06410217285156,202.8800048828125,201.38499450683594,202.24000549316406,144397,0.0,0.0
2023-03-14 13:30:00-04:00,202.24000549316406,202.42999267578125,201.13999938964844,202.30999755859375,160944,0.0,0.0
2023-03-14 14:30:00-04:00,202.3300018310547,202.88999938964844,201.4199981689453,202.09500122070312,234935,0.0,0.0
2023-03-14 15:30:00-04:00,202.11000061035156,203.67999267578125,201.94000244140625,203.64999389648438,440986,0.0,0.0
2023-03-15 09:30:00-04:00,202.63999938964844,203.27000427246094,200.50999450683594,201.10000610351562,465416,0.0,0.0
2023-03-15 10:30:00-04:00,200.9499969482422,202.2899932861328,200.49000549316406,201.67999267578125,239236,0.0,0.0
2023-03-15 11:30:00-04:00,201.7899932861328,202.44000244140625,200.55999755859375,200.92999267578125,160295,0.0,0.0
2023-03-15 12:30:00-04:00,200.90499877929688,202.23629760742188,200.7100067138672,202.05999755859375,130773,0.0,0.0
2023-03-15 13:30:00-04:00,201.94000244140625,203.44000244140625,201.13499450683594,202.88499450683594,141501,0.0,0.0
2023-03-15 14:30:00-04:00,202.99000549316406,203.94000244140625,202.44000244140625,203.3699951171875,259836,0.0,0.0
2023-03-15 15:30:00-04:00,203.3699951171875,203.61000061035156,202.19000244140625,202.99000549316406,482522,0.0,0.0
2023-03-16 09:30:00-04:00,202.10000610351562,203.17999267578125,200.00999450683594,202.68319702148438,247657,0.0,0.0
2023-03-16 10:30:00-04:00,202.72500610351562,205.97999572753906,202.2100067138672,205.7899932861328,243381,0.0,0.0
2023-03-16 11:30:00-04:00,205.9600067138672,207.72000122070312,205.59500122070312,207.49920654296875,243537,0.0,0.0
2023-03-16 12:30:00-04:00,207.4949951171875,208.35000610351562,206.97000122070312,207.55999755859375,206629,0.0,0.0
2023-03-16 13:30:00-04:00,207.55999755859375,207.9949951171875,206.92999267578125,207.42999267578125,211283,0.0,0.0
2023-03-16 14:30:00-04:00,207.42999267578125,209.27999877929688,207.1300048828125,208.7100067138672,334431,0.0,0.0
2023-03-16 15:30:00-04:00,208.73500061035156,209.01649475097656,207.72000122070312,207.77999877929688,623609,0.0,0.0
2023-03-17 09:30:00-04:00,206.77999877929688,209.5,205.61000061035156,207.86000061035156,712693,0.0,0.0
2023-03-17 10:30:00-04:00,207.80999755859375,208.0500030517578,205.5500030517578,206.11000061035156,304173,0.0,0.0
2023-03-17 11:30:00-04:00,206.05999755859375,207.0800018310547,205.42999267578125,207.0800018310547,169395,0.0,0.0
2023-03-17 12:30:00-04:00,207.24000549316406,208.0399932861328,206.94000244140625,207.33999633789062,155250,0.0,0.0
2023-03-17 13:30:00-04:00,207.35000610351562,207.72000122070312,206.2899932861328,206.41000366210938,180800,0.0,0.0
2023-03-17 14:30:00-04:00,206.35000610351562,206.99000549316406,206.0749969482422,206.8249969482422,205043,0.0,0.0
2023-03-17 15:30:00-04:00,206.8000030517578,207.1699981689453,206.0399932861328,206.8800048828125,442852,0.0,0.0
2023-03-20 09:30:00-04:00,207.0,207.3800048828125,204.72999572753906,205.48480224609375,264319,0.0,0.0
2023-03-20 10:30:00-04:00,205.4600067138672,207.88999938964844,204.77999877929688,207.7100067138672,208196,0.0,0.0
2023-03-20 11:30:00-04:00,207.75990295410156,207.80999755859375,205.6199951171875,206.22999572753906,167534,0.0,0.0
2023-03-20 12:30:00-04:00,206.25,207.27999877929688,206.1199951171875,206.8000030517578,130074,0.0,0.0
2023-03-20 13:30:00-04:00,206.77000427246094,207.05999755859375,206.2631072998047,206.6699981689453,174227,0.0,0.0
2023-03-20 14:30:00-04:00,206.6699981689453,206.6999969482422,205.94000244140625,206.33999633789062,153348,0.0,0.0
2023-03-20 15:30:00-04:00,206.27999877929688,207.1300048828125,206.1199951171875,207.07000732421875,402443,0.0,0.0
2023-03-21 09:30:00-04:00,207.6999969482422,208.38999938964844,205.92999267578125,206.0399932861328,303217,0.0,0.0
2023-03-21 10:30:00-04:00,205.9499969482422,206.10000610351562,205.0500030517578,205.57000732421875,216522,0.0,0.0
2023-03-21 11:30:00-04:00,205.63499450683594,205.9600067138672,204.49000549316406,205.375,209946,0.0,0.0
2023-03-21 12:30:00-04:00,205.38279724121094,205.4199981689453,204.5399932861328,205.27999877929688,134243,0.0,0.0
2023-03-21 13:30:00-04:00,205.26559448242188,205.94000244140625,204.8000030517578,205.94000244140625,131622,0.0,0.0
2023-03-21 14:30:00-04:00,205.94500732421875,207.6699981689453,205.9149932861328,207.39999389648438,200431,0.0,0.0
2023-03-21 15:30:00-04:00,207.39999389648438,208.5800018310547,207.38999938964844,207.8800048828125,309190,0.0,0.0
2023-03-22 09:30:00-04:00,206.72000122070312,207.63999938964844,205.88999938964844,207.60000610351562,303895,0.0,0.0
2023-03-22 10:30:00-04:00,207.66000366210938,207.66000366210938,206.625,207.00999450683594,153562,0.0,0.0
2023-03-22 11:30:00-04:00,207.02000427246094,207.75,206.22000122070312,206.61500549316406,190665,0.0,0.0
2023-03-22 12:30:00-04:00,206.59500122070312,206.72999572753906,206.2100067138672,206.3699951171875,139541,0.0,0.0
2023-03-22 13:30:00-04:00,206.43499755859375,208.6999969482422,206.3000030517578,207.94000244140625,224550,0.0,0.0
2023-03-22 14:30:00-04:00,207.97999572753906,209.22999572753906,204.97000122070312,207.19000244140625,269899,0.0,0.0
2023-03-22 15:30:00-04:00,207.27000427246094,207.3300018310547,203.9600067138672,204.0,320394,0.0,0.0
2023-03-23 09:30:00-04:00,204.83999633789062,205.63999938964844,203.02810668945312,204.8000030517578,425540,0.0,0.0
2023-03-23 10:30:00-04:00,204.78500366210938,208.24000549316406,204.75,207.61000061035156,250920,0.0,0.0
2023-03-23 11:30:00-04:00,207.6699981689453,208.1999969482422,207.33999633789062,207.86000061035156,210074,0.0,0.0
2023-03-23 12:30:00-04:00,207.89999389648438,208.1300048828125,206.46009826660156,206.8350067138672,147324,0.0,0.0
2023-03-23 13:30:00-04:00,206.74000549316406,207.5,205.82000732421875,205.82000732421875,140516,0.0,0.0
2023-03-23 14:30:00-04:00,205.8300018310547,206.5399932861328,204.6300048828125,205.7899932861328,200532,0.0,0.0
2023-03-23 15:30:00-04:00,205.6999969482422,207.47999572753906,205.3000030517578,206.99000549316406,321100,0.0,0.0
2023-03-24 09:30:00-04:00,206.6300048828125,206.9499969482422,204.47999572753906,205.22000122070312,407018,0.0,0.0
2023-03-24 10:30:00-04:00,205.27999877929688,205.40499877929688,203.55999755859375,203.59500122070312,279950,0.0,0.0
2023-03-24 11:30:00-04:00,203.60000610351562,204.35000610351562,203.0500030517578,203.49000549316406,175274,0.0,0.0
2023-03-24 12:30:00-04:00,203.49000549316406,204.14500427246094,203.49000549316406,203.8800048828125,125037,0.0,0.0
2023-03-24 13:30:00-04:00,203.85000610351562,204.35499572753906,203.43499755859375,204.00999450683594,295445,0.0,0.0
2023-03-24 14:30:00-04:00,203.9600067138672,205.1750030517578,203.86000061035156,205.0,298167,0.0,0.0
2023-03-24 15:30:00-04:00,205.0399932861328,205.13999938964844,203.6199951171875,204.49000549316406,385203,0.0,0.0
2023-03-27 09:30:00-04:00,204.47999572753906,206.2899932861328,203.5500030517578,205.66000366210938,190852,0.0,0.0
2023-03-27 10:30:00-04:00,205.58999633789062,205.61500549316406,204.89999389648438,205.27999877929688,163138,0.0,0.0
2023-03-27 11:30:00-04:00,205.3300018310547,205.47999572753906,203.7899932861328,204.41009521484375,182104,0.0,0.0
2023-03-27 12:30:00-04:00,204.52000427246094,205.25,204.33999633789062,205.1300048828125,85527,0.0,0.0
2023-03-27 13:30:00-04:00,205.22000122070312,205.33999633789062,204.57000732421875,205.2050018310547,105327,0.0,0.0
2023-03-27 14:30:00-04:00,205.1999969482422,205.74000549316406,204.86500549316406,205.60000610351562,131925,0.0,0.0
2023-03-27 15:30:00-04:00,205.60000610351562,205.6699981689453,205.08180236816406,205.35000610351562,239286,0.0,0.0
2023-03-28 09:30:00-04:00,204.64999389648438,205.72000122070312,202.11000061035156,202.3300018310547,212480,0.0,0.0
2023-03-28 10:30:00-04:00,202.3300018310547,202.42999267578125,201.39999389648438,202.00999450683594,151845,0.0,0.0
2023-03-28 11:30:00-04:00,201.96499633789062,202.6199951171875,201.52499389648438,201.6750030517578,112458,0.0,0.0
2023-03-28 12:30:00-04:00,201.57000732421875,202.4499969482422,201.35049438476562,202.2550048828125,87288,0.0,0.0
2023-03-28 13:30:00-04:00,202.25,202.52000427246094,201.625,201.8699951171875,92860,0.0,0.0
2023-03-28 14:30:00-04:00,201.88999938964844,202.55999755859375,201.75999450683594,201.91000366210938,110186,0.0,0.0
2023-03-28 15:30:00-04:00,201.89999389648438,203.3300018310547,201.6699981689453,203.2899932861328,225542,0.0,0.0
2023-03-29 09:30:00-04:00,205.22000122070312,206.66000366210938,205.0399932861328,206.0,193122,0.0,0.0
2023-03-29 10:30:00-04:00,206.00999450683594,206.08999633789062,204.6999969482422,205.77999877929688,100960,0.0,0.0
2023-03-29 11:30:00-04:00,205.8000030517578,205.83999633789062,204.94000244140625,205.5500030517578,106672,0.0,0.0
2023-03-29 12:30:00-04:00,205.60000610351562,205.77999877929688,204.82000732421875,205.44000244140625,110284,0.0,0.0
2023-03-29 13:30:00-04:00,205.3800048828125,205.4600067138672,204.94000244140625,205.3350067138672,63471,0.0,0.0
2023-03-29 14:30:00-04:00,205.32000732421875,206.0,205.3000030517578,205.96499633789062,140605,0.0,0.0
2023-03-29 15:30:00-04:00,205.85000610351562,206.33999633789062,205.6999969482422,206.02999877929688,165209,0.0,0.0
2023-03-30 09:30:00-04:00,207.33999633789062,207.99000549316406,205.38999938964844,206.52999877929688,363637,0.0,0.0
2023-03-30 10:30:00-04:00,206.47999572753906,207.5500030517578,206.33999633789062,207.0399932861328,368655,0.0,0.0
2023-03-30 11:30:00-04:00,207.0399932861328,207.07899475097656,206.2899932861328,206.4199981689453,126235,0.0,0.0
2023-03-30 12:30:00-04:00,206.47999572753906,206.57000732421875,205.88999938964844,205.88999938964844,103875,0.0,0.0
2023-03-30 13:30:00-04:00,205.89999389648438,206.30999755859375,205.5500030517578,206.2100067138672,137434,0.0,0.0
2023-03-30 14:30:00-04:00,206.22999572753906,206.6300048828125,206.22999572753906,206.55999755859375,105773,0.0,0.0
2023-03-30 15:30:00-04:00,206.5800018310547,207.10000610351562,206.4600067138672,207.00999450683594,207575,0.0,0.0
2023-03-31 09:30:00-04:00,208.0,208.75999450683594,207.44000244140625,208.10000610351562,342927,0.0,0.0
2023-03-31 10:30:00-04:00,208.0800018310547,209.1999969482422,207.9199981689453,208.8800048828125,183817,0.0,0.0
2023-03-31 11:30:00-04:00,208.90499877929688,209.73500061035156,208.83999633789062,209.50999450683594,183181,0.0,0.0
2023-03-31 12:30:00-04:00,209.52999877929688,209.72999572753906,208.8699951171875,208.8699951171875,123481,0.0,0.0
2023-03-31 13:30:00-04:00,208.88499450683594,208.89999389648438,208.24000549316406,208.80999755859375,132175,0.0,0.0
2023-03-31 14:30:00-04:00,208.75999450683594,210.07000732421875,208.49000549316406,209.97999572753906,193473,0.0,0.0
2023-03-31 15:30:00-04:00,209.9499969482422,210.22999572753906,209.3800048828125,210.0399932861328,412564,0.0,0.0
2023-04-03 09:30:00-04:00,209.0,211.12359619140625,208.72999572753906,210.85000610351562,244939,0.0,0.0
2023-04-03 10:30:00-04:00,210.88999938964844,211.30990600585938,209.3800048828125,209.82000732421875,222073,0.0,0.0
2023-04-03 11:30:00-04:00,209.7899932861328,210.14999389648438,209.52000427246094,209.7899932861328,117643,0.0,0.0
2023-04-03 12:30:00-04:00,209.72000122070312,210.02999877929688,209.5800018310547,209.5800018310547,93025,0.0,0.0
2023-04-03 13:30:00-04:00,209.5800018310547,210.25,209.52000427246094,210.2100067138672,100540,0.0,0.0
2023-04-03 14:30:00-04:00,210.19000244140625,211.07000732421875,210.125,210.97000122070312,150919,0.0,0.0
2023-04-03 15:30:00-04:00,210.99000549316406,211.60000610351562,210.86000061035156,211.38999938964844,228644,0.0,0.0
2023-04-04 09:30:00-04:00,212.18499755859375,214.0,211.8300018310547,213.3428955078125,221093,0.0,0.0
2023-04-04 10:30:00-04:00,213.29249572753906,214.13999938964844,212.58999633789062,212.8800048828125,129194,0.0,0.0
2023-04-04 11:30:00-04:00,212.82000732421875,213.00999450683594,211.49000549316406,212.32000732421875,142038,0.0,0.0
2023-04-04 12:30:00-04:00,212.33999633789062,212.9199981689453,212.02000427246094,212.77999877929688,98486,0.0,0.0
2023-04-04 13:30:00-04:00,212.80999755859375,212.9199981689453,211.44500732421875,211.4949951171875,126352,0.0,0.0
2023-04-04 14:30:00-04:00,211.43499755859375,211.72999572753906,210.89999389648438,210.91079711914062,89631,0.0,0.0
2023-04-04 15:30:00-04:00,210.88999938964844,211.7100067138672,210.88999938964844,211.5399932861328,173816,0.0,0.0
2023-04-05 09:30:00-04:00,210.1199951171875,211.0800018310547,209.60000610351562,209.62399291992188,181531,0.0,0.0
2023-04-05 10:30:00-04:00,209.52999877929688,209.94500732421875,207.80999755859375,207.9600067138672,192919,0.0,0.0
2023-04-05 11:30:00-04:00,208.02000427246094,208.39999389648438,206.85000610351562,206.97000122070312,116809,0.0,0.0
2023-04-05 12:30:00-04:00,206.92999267578125,207.61000061035156,206.14010620117188,206.32000732421875,97747,0.0,0.0
2023-04-05 13:30:00-04:00,206.36000061035156,207.52000427246094,206.33999633789062,207.00999450683594,93268,0.0,0.0
2023-04-05 14:30:00-04:00,206.9600067138672,207.77999877929688,206.9550018310547,207.47999572753906,122578,0.0,0.0
2023-04-05 15:30:00-04:00,207.4774932861328,207.86000061035156,207.2100067138672,207.55999755859375,285814,0.0,0.0
2023-04-06 09:30:00-04:00,205.38999938964844,207.9600067138672,205.3300018310547,207.75,288919,0.0,0.0
2023-04-06 10:30:00-04:00,207.7949981689453,208.72000122070312,207.39999389648438,208.1199951171875,345848,0.0,0.0
2023-04-06 11:30:00-04:00,208.0800018310547,209.03500366210938,208.00999450683594,208.69000244140625,139257,0.0,0.0
2023-04-06 12:30:00-04:00,208.69500732421875,209.02999877929688,208.5,208.7187957763672,130124,0.0,0.0
2023-04-06 13:30:00-04:00,208.72999572753906,209.25999450683594,208.7100067138672,209.14999389648438,177075,0.0,0.0
2023-04-06 14:30:00-04:00,209.17999267578125,209.19000244140625,208.05999755859375,208.5399932861328,201463,0.0,0.0
2023-04-06 15:30:00-04:00,208.55499267578125,209.08999633789062,208.35000610351562,208.49000549316406,316999,0.0,0.0
2023-04-10 09:30:00-04:00,207.24000549316406,209.16000366210938,207.02000427246094,208.61500549316406,462435,0.0,0.0
2023-04-10 10:30:00-04:00,208.67999267578125,211.04299926757812,208.67999267578125,210.97000122070312,256042,0.0,0.0
2023-04-10 11:30:00-04:00,210.99000549316406,211.13999938964844,210.16029357910156,210.88999938964844,92715,0.0,0.0
2023-04-10 12:30:00-04:00,210.9149932861328,212.69000244140625,210.8350067138672,212.55999755859375,170486,0.0,0.0
2023-04-10 13:30:00-04:00,212.55999755859375,213.0,212.3800048828125,212.8699951171875,175490,0.0,0.0
2023-04-10 14:30:00-04:00,212.91749572753906,214.10000610351562,212.77999877929688,214.00999450683594,328340,0.0,0.0
2023-04-10 15:30:00-04:00,214.02999877929688,214.1300048828125,213.47999572753906,213.67999267578125,362694,0.0,0.0
2023-04-11 09:30:00-04:00,213.75,214.9499969482422,213.17999267578125,214.61000061035156,231081,0.0,0.0
2023-04-11 10:30:00-04:00,214.61500549316406,214.75999450683594,213.3249969482422,214.0,157931,0.0,0.0
2023-04-11 11:30:00-04:00,213.99000549316406,214.66000366210938,213.3000030517578,214.52999877929688,126700,0.0,0.0
2023-04-11 12:30:00-04:00,214.5500030517578,214.67999267578125,213.82000732421875,214.22500610351562,138720,0.0,0.0
2023-04-11 13:30:00-04:00,214.22000122070312,214.66000366210938,214.03680419921875,214.33999633789062,108232,0.0,0.0
2023-04-11 14:30:00-04:00,214.38999938964844,214.8300018310547,214.22000122070312,214.47000122070312,151120,0.0,0.0
2023-04-11 15:30:00-04:00,214.49000549316406,214.5500030517578,213.44000244140625,213.93899536132812,257329,0.0,0.0
2023-04-12 09:30:00-04:00,215.0,216.25999450683594,213.36000061035156,216.25999450683594,154709,0.0,0.0
2023-04-12 10:30:00-04:00,216.24209594726562,216.3300018310547,214.1844940185547,215.10650634765625,189772,0.0,0.0
2023-04-12 11:30:00-04:00,215.14500427246094,215.6699981689453,214.8699951171875,215.3300018310547,171131,0.0,0.0
2023-04-12 12:30:00-04:00,215.30999755859375,215.49000549316406,214.8000030517578,215.24000549316406,132237,0.0,0.0
2023-04-12 13:30:00-04:00,215.27999877929688,215.36000061035156,213.3699951171875,213.3800048828125,92117,0.0,0.0
2023-04-12 14:30:00-04:00,213.27999877929688,213.41000366210938,212.0399932861328,212.27999877929688,102114,0.0,0.0
2023-04-12 15:30:00-04:00,212.22999572753906,212.5399932861328,211.80999755859375,212.24000549316406,232922,0.0,0.0
2023-04-13 09:30:00-04:00,212.8800048828125,215.36500549316406,212.8800048828125,215.25,161197,0.0,0.0
2023-04-13 10:30:00-04:00,215.36000061035156,215.36000061035156,214.19000244140625,215.02000427246094,175184,0.0,0.0
2023-04-13 11:30:00-04:00,214.9824981689453,215.7100067138672,214.52000427246094,215.61000061035156,115183,0.0,0.0
2023-04-13 12:30:00-04:00,215.64999389648438,215.8699951171875,215.2104034423828,215.6999969482422,128616,0.0,0.0
2023-04-13 13:30:00-04:00,215.75,216.548095703125,215.72999572753906,216.22999572753906,126786,0.0,0.0
2023-04-13 14:30:00-04:00,216.22000122070312,217.49000549316406,216.19500732421875,217.44000244140625,262950,0.0,0.0
2023-04-13 15:30:00-04:00,217.4875030517578,217.6699981689453,216.6999969482422,217.02000427246094,308312,0.0,0.0
2023-04-14 09:30:00-04:00,214.8699951171875,216.72999572753906,214.1999969482422,215.5,215880,0.0,0.0
2023-04-14 10:30:00-04:00,215.63999938964844,215.80499267578125,214.5,214.63499450683594,173389,0.0,0.0
2023-04-14 11:30:00-04:00,214.6199951171875,214.69500732421875,213.83999633789062,214.14999389648438,133805,0.0,0.0
2023-04-14 12:30:00-04:00,214.1199951171875,214.1199951171875,213.0399932861328,213.27999877929688,79785,0.0,0.0
2023-04-14 13:30:00-04:00,213.13999938964844,214.77499389648438,212.9199981689453,214.72000122070312,88922,0.0,0.0
2023-04-14 14:30:00-04:00,214.77000427246094,214.9499969482422,213.77999877929688,214.4600067138672,105898,0.0,0.0
2023-04-14 15:30:00-04:00,214.42999267578125,214.77999877929688,214.27999877929688,214.57000732421875,182343,0.0,0.0
2023-04-17 09:30:00-04:00,215.0,215.47999572753906,213.48500061035156,214.05999755859375,144457,0.0,0.0
2023-04-17 10:30:00-04:00,214.06500244140625,214.08599853515625,212.63999938964844,212.6479949951172,84807,0.0,0.0
2023-04-17 11:30:00-04:00,212.55999755859375,212.77000427246094,211.91099548339844,212.10000610351562,54160,0.0,0.0
2023-04-17 12:30:00-04:00,212.1529998779297,212.58999633789062,212.0,212.47000122070312,48650,0.0,0.0
2023-04-17 13:30:00-04:00,212.41000366210938,212.47470092773438,211.72999572753906,212.14999389648438,53497,0.0,0.0
2023-04-17 14:30:00-04:00,212.19000244140625,213.1750030517578,212.05999755859375,213.1199951171875,93773,0.0,0.0
2023-04-17 15:30:00-04:00,213.0800018310547,213.2220001220703,212.6699981689453,213.1699981689453,155224,0.0,0.0
2023-04-18 09:30:00-04:00,214.86000061035156,215.52000427246094,213.77999877929688,213.9499969482422,126450,0.0,0.0
2023-04-18 10:30:00-04:00,213.83999633789062,214.47999572753906,213.58999633789062,213.92999267578125,69089,0.0,0.0
2023-04-18 11:30:00-04:00,213.8800048828125,214.0500030517578,213.1800994873047,213.77000427246094,55737,0.0,0.0
2023-04-18 12:30:00-04:00,213.83999633789062,213.87350463867188,213.1999969482422,213.38999938964844,46077,0.0,0.0
2023-04-18 13:30:00-04:00,213.36549377441406,214.16000366210938,213.22450256347656,213.72000122070312,55889,0.0,0.0
2023-04-18 14:30:00-04:00,213.6999969482422,213.9199981689453,212.93499755859375,213.8000030517578,87738,0.0,0.0
2023-04-18 15:30:00-04:00,213.7899932861328,214.14999389648438,213.72000122070312,213.7899932861328,185685,0.0,0.0
2023-04-19 09:30:00-04:00,212.8699951171875,213.6699981689453,212.22999572753906,213.16000366210938,121501,0.0,0.0
2023-04-19 10:30:00-04:00,213.17999267578125,213.61000061035156,212.61000061035156,212.7899932861328,96974,0.0,0.0
2023-04-19 11:30:00-04:00,212.75999450683594,213.5399932861328,212.61000061035156,213.22999572753906,78780,0.0,0.0
2023-04-19 12:30:00-04:00,213.2100067138672,213.9199981689453,213.06700134277344,213.8300018310547,103656,0.0,0.0
2023-04-19 13:30:00-04:00,213.91000366210938,214.05999755859375,213.30999755859375,213.35000610351562,71338,0.0,0.0
2023-04-19 14:30:00-04:00,213.38999938964844,213.5749969482422,213.16000366210938,213.16000366210938,83027,0.0,0.0
2023-04-19 15:30:00-04:00,213.1699981689453,213.77000427246094,213.1199951171875,213.69500732421875,187031,0.0,0.0
2023-04-20 09:30:00-04:00,212.36000061035156,215.1999969482422,212.36000061035156,215.16000366210938,185573,0.0,0.0
2023-04-20 10:30:00-04:00,215.14999389648438,215.25,214.322998046875,214.64999389648438,96194,0.0,0.0
2023-04-20 11:30:00-04:00,214.72999572753906,215.4862060546875,214.47999572753906,215.02000427246094,71882,0.0,0.0
2023-04-20 12:30:00-04:00,215.07919311523438,215.7801055908203,215.07919311523438,215.5399932861328,58292,0.0,0.0
2023-04-20 13:30:00-04:00,215.5399932861328,215.77999877929688,213.75999450683594,213.75999450683594,86218,0.0,0.0
2023-04-20 14:30:00-04:00,213.74000549316406,214.08999633789062,212.89999389648438,212.9499969482422,168060,0.0,0.0
2023-04-20 15:30:00-04:00,213.0,213.8000030517578,212.97000122070312,213.72999572753906,204891,0.0,0.0
2023-04-21 09:30:00-04:00,213.5800018310547,213.5800018310547,210.36000061035156,212.46499633789062,245447,0.0,0.0
2023-04-21 10:30:00-04:00,212.52499389648438,212.72999572753906,211.05999755859375,212.25,119874,0.0,0.0
2023-04-21 11:30:00-04:00,212.22000122070312,213.56500244140625,212.13999938964844,213.22999572753906,68038,0.0,0.0
2023-04-21 12:30:00-04:00,213.3000030517578,214.4499969482422,213.3000030517578,214.24000549316406,176210,0.0,0.0
2023-04-21 13:30:00-04:00,214.2375030517578,214.47999572753906,213.5399932861328,213.6999969482422,165108,0.0,0.0
2023-04-21 14:30:00-04:00,213.74000549316406,213.74000549316406,212.7100067138672,212.89999389648438,165184,0.0,0.0
2023-04-21 15:30:00-04:00,212.9499969482422,213.25999450683594,212.67999267578125,213.05999755859375,213387,0.0,0.0
2023-04-24 09:30:00-04:00,212.77999877929688,214.80999755859375,212.5500030517578,214.2899932861328,185394,0.0,0.0
2023-04-24 10:30:00-04:00,214.46499633789062,214.46499633789062,212.7949981689453,213.3699951171875,142721,0.0,0.0
2023-04-24 11:30:00-04:00,213.3759002685547,213.52999877929688,212.36880493164062,212.51499938964844,106675,0.0,0.0
2023-04-24 12:30:00-04:00,212.58999633789062,212.92999267578125,212.39999389648438,212.56500244140625,91554,0.0,0.0
2023-04-24 13:30:00-04:00,212.56500244140625,213.64999389648438,212.52999877929688,213.38999938964844,130490,0.0,0.0
2023-04-24 14:30:00-04:00,213.38499450683594,213.75999450683594,213.03500366210938,213.49000549316406,135648,0.0,0.0
2023-04-24 15:30:00-04:00,213.47000122070312,213.61000061035156,212.67999267578125,212.97000122070312,286938,0.0,0.0
2023-04-25 09:30:00-04:00,200.60000610351562,203.58999633789062,194.00999450683594,200.9499969482422,1791977,0.0,0.0
2023-04-25 10:30:00-04:00,200.88499450683594,202.25,199.8300018310547,201.06089782714844,526504,0.0,0.0
2023-04-25 11:30:00-04:00,201.19000244140625,202.22999572753906,200.00999450683594,200.5449981689453,322864,0.0,0.0
2023-04-25 12:30:00-04:00,200.64500427246094,204.30999755859375,200.4149932861328,203.85499572753906,478279,0.0,0.0
2023-04-25 13:30:00-04:00,203.85499572753906,204.24000549316406,202.89999389648438,203.1699981689453,457156,0.0,0.0
2023-04-25 14:30:00-04:00,203.11000061035156,204.2100067138672,202.94000244140625,204.1999969482422,427870,0.0,0.0
2023-04-25 15:30:00-04:00,204.14500427246094,204.6999969482422,203.14999389648438,203.91000366210938,912274,0.0,0.0
2023-04-26 09:30:00-04:00,203.89999389648438,205.3000030517578,203.0399932861328,204.12449645996094,394335,0.0,0.0
2023-04-26 10:30:00-04:00,204.1649932861328,207.07989501953125,204.00999450683594,206.80499267578125,319414,0.0,0.0
2023-04-26 11:30:00-04:00,206.80999755859375,207.3300018310547,206.1999969482422,206.55999755859375,197275,0.0,0.0
2023-04-26 12:30:00-04:00,206.5800018310547,206.74000549316406,205.6699981689453,206.30499267578125,159740,0.0,0.0
2023-04-26 13:30:00-04:00,206.22999572753906,206.27999877929688,204.80999755859375,205.1999969482422,154898,0.0,0.0
2023-04-26 14:30:00-04:00,205.1750030517578,205.1750030517578,204.02999877929688,204.26499938964844,202294,0.0,0.0
2023-04-26 15:30:00-04:00,204.27999877929688,204.38999938964844,203.1199951171875,203.6199951171875,437523,0.0,0.0
2023-04-27 09:30:00-04:00,204.83999633789062,205.0,202.66009521484375,204.5500030517578,374051,0.0,0.0
2023-04-27 10:30:00-04:00,204.61990356445312,205.8000030517578,204.21499633789062,205.38999938964844,151699,0.0,0.0
2023-04-27 11:30:00-04:00,205.41000366210938,205.89999389648438,204.5399932861328,205.86000061035156,111750,0.0,0.0
2023-04-27 12:30:00-04:00,205.877197265625,206.72000122070312,205.877197265625,206.27000427246094,97807,0.0,0.0
2023-04-27 13:30:00-04:00,206.3000030517578,207.44000244140625,206.25,207.3300018310547,122896,0.0,0.0
2023-04-27 14:30:00-04:00,207.36000061035156,207.91000366210938,207.35000610351562,207.64999389648438,182457,0.0,0.0
2023-04-27 15:30:00-04:00,207.64999389648438,208.44000244140625,207.52000427246094,207.8300018310547,355263,0.0,0.0
2023-04-28 09:30:00-04:00,207.8300018310547,211.9499969482422,207.69000244140625,211.66000366210938,585998,0.0,0.0
2023-04-28 10:30:00-04:00,211.72999572753906,211.8300018310547,209.25999450683594,209.30999755859375,242071,0.0,0.0
2023-04-28 11:30:00-04:00,209.42999267578125,210.4949951171875,209.24000549316406,210.08999633789062,122977,0.0,0.0
2023-04-28 12:30:00-04:00,210.1300048828125,210.75999450683594,209.78500366210938,210.6999969482422,114436,0.0,0.0
2023-04-28 13:30:00-04:00,210.7100067138672,210.73500061035156,209.61500549316406,209.77999877929688,119534,0.0,0.0
2023-04-28 14:30:00-04:00,209.77000427246094,210.16000366210938,209.1300048828125,209.19000244140625,140445,0.0,0.0
2023-04-28 15:30:00-04:00,209.16000366210938,209.4499969482422,208.7899932861328,209.4499969482422,279236,0.0,0.0
2023-05-01 09:30:00-04:00,209.3000030517578,209.30999755859375,207.6999969482422,207.82000732421875,171070,0.0,0.0
2023-05-01 10:30:00-04:00,207.89500427246094,210.0399932861328,207.8800048828125,209.9499969482422,125402,0.0,0.0
2023-05-01 11:30:00-04:00,209.9199981689453,210.2899932861328,209.58999633789062,210.2899932861328,84443,0.0,0.0
2023-05-01 12:30:00-04:00,210.3699951171875,211.42999267578125,210.3000030517578,211.36000061035156,76950,0.0,0.0
2023-05-01 13:30:00-04:00,211.33999633789062,211.5,210.83999633789062,210.8699951171875,64151,0.0,0.0
2023-05-01 14:30:00-04:00,210.8249969482422,210.9499969482422,210.25999450683594,210.83999633789062,106275,0.0,0.0
2023-05-01 15:30:00-04:00,210.85499572753906,211.1199951171875,210.42999267578125,210.6699981689453,188016,0.0,0.0
2023-05-02 09:30:00-04:00,211.30999755859375,212.91000366210938,210.6999969482422,210.6999969482422,231034,0.0,0.0
2023-05-02 10:30:00-04:00,210.8000030517578,210.8000030517578,208.36000061035156,208.61000061035156,106482,0.0,0.0
2023-05-02 11:30:00-04:00,208.7100067138672,208.97999572753906,207.8699951171875,208.82000732421875,96339,0.0,0.0
2023-05-02 12:30:00-04:00,208.77999877929688,209.50999450683594,208.77999877929688,209.34500122070312,66217,0.0,0.0
2023-05-02 13:30:00-04:00,209.39999389648438,209.61000061035156,209.1199951171875,209.5399932861328,51489,0.0,0.0
2023-05-02 14:30:00-04:00,209.52000427246094,210.2375030517578,209.44000244140625,209.86000061035156,101832,0.0,0.0
2023-05-02 15:30:00-04:00,209.91000366210938,209.91000366210938,208.89999389648438,208.97000122070312,171164,0.0,0.0
2023-05-03 09:30:00-04:00,208.97999572753906,209.9600067138672,207.94000244140625,208.19000244140625,112893,0.0,0.0
2023-05-03 10:30:00-04:00,208.16000366210938,208.5,207.33999633789062,207.59500122070312,81272,0.0,0.0
2023-05-03 11:30:00-04:00,207.5500030517578,208.0500030517578,207.0399932861328,207.64999389648438,84057,0.0,0.0
2023-05-03 12:30:00-04:00,207.66000366210938,208.60000610351562,207.2899932861328,208.0399932861328,71487,0.0,0.0
2023-05-03 13:30:00-04:00,207.9499969482422,209.26499938964844,207.36000061035156,208.9499969482422,215250,0.0,0.0
2023-05-03 14:30:00-04:00,208.97500610351562,209.8249969482422,207.41000366210938,208.02000427246094,110279,0.0,0.0
2023-05-03 15:30:00-04:00,208.05999755859375,208.218994140625,207.32000732421875,207.42999267578125,166487,0.0,0.0
2023-05-04 09:30:00-04:00,208.10000610351562,208.6699981689453,206.1199951171875,207.32000732421875,108121,0.0,0.0
2023-05-04 10:30:00-04:00,207.3300018310547,208.6199951171875,206.8800048828125,207.19500732421875,146657,0.0,0.0
2023-05-04 11:30:00-04:00,207.19000244140625,208.5299072265625,207.19000244140625,208.03500366210938,96010,0.0,0.0
2023-05-04 12:30:00-04:00,208.1199951171875,208.4499969482422,207.74000549316406,208.0,99040,0.0,0.0
2023-05-04 13:30:00-04:00,208.05999755859375,208.25,206.49000549316406,206.49000549316406,82551,0.0,0.0
2023-05-04 14:30:00-04:00,206.42999267578125,206.5500030517578,205.49000549316406,205.72999572753906,138153,0.0,0.0
2023-05-04 15:30:00-04:00,205.7550048828125,206.30999755859375,204.9499969482422,205.0,335622,0.0,0.0
2023-05-05 09:30:00-04:00,205.94000244140625,206.80250549316406,203.97999572753906,206.77999877929688,235410,0.0,0.0
2023-05-05 10:30:00-04:00,206.7646026611328,206.99000549316406,204.19000244140625,204.57730102539062,196400,0.0,0.0
2023-05-05 11:30:00-04:00,204.55999755859375,204.84500122070312,203.37429809570312,203.58999633789062,166127,0.0,0.0
2023-05-05 12:30:00-04:00,203.67999267578125,204.61000061035156,203.5800018310547,204.5500030517578,105935,0.0,0.0
2023-05-05 13:30:00-04:00,204.46400451660156,204.72999572753906,204.23500061035156,204.72999572753906,107693,0.0,0.0
2023-05-05 14:30:00-04:00,204.82000732421875,205.75,204.77000427246094,205.41000366210938,127358,0.0,0.0
2023-05-05 15:30:00-04:00,205.36000061035156,205.80999755859375,205.02000427246094,205.1999969482422,356355,0.0,0.0
2023-05-08 09:30:00-04:00,205.42999267578125,206.3300018310547,203.56199645996094,204.36000061035156,104940,0.0,0.0
2023-05-08 10:30:00-04:00,204.1999969482422,205.1300048828125,203.85000610351562,204.6699981689453,77353,0.0,0.0
2023-05-08 11:30:00-04:00,204.60150146484375,205.8300018310547,204.60000610351562,204.85000610351562,56031,0.0,0.0
2023-05-08 12:30:00-04:00,204.97000122070312,206.05999755859375,204.92999267578125,205.75999450683594,43481,0.0,0.0
2023-05-08 13:30:00-04:00,205.77000427246094,206.07000732421875,205.02499389648438,205.11000061035156,39402,0.0,0.0
2023-05-08 14:30:00-04:00,205.1300048828125,205.85060119628906,205.07000732421875,205.52200317382812,48016,0.0,0.0
2023-05-08 15:30:00-04:00,205.4600067138672,205.91000366210938,205.32000732421875,205.57000732421875,112440,0.0,0.0
2023-05-09 09:30:00-04:00,205.13999938964844,205.55999755859375,204.33999633789062,204.85000610351562,106732,0.0,0.0
2023-05-09 10:30:00-04:00,204.83999633789062,205.86000061035156,204.44039916992188,205.63999938964844,101573,0.0,0.0
2023-05-09 11:30:00-04:00,205.63999938964844,206.28990173339844,204.9199981689453,205.03500366210938,112899,0.0,0.0
2023-05-09 12:30:00-04:00,205.07000732421875,205.07000732421875,204.5749969482422,204.77000427246094,66683,0.0,0.0
2023-05-09 13:30:00-04:00,204.6999969482422,204.77999877929688,204.19000244140625,204.36000061035156,71918,0.0,0.0
2023-05-09 14:30:00-04:00,204.3300018310547,204.33999633789062,203.61000061035156,203.75999450683594,85004,0.0,0.0
2023-05-09 15:30:00-04:00,203.7550048828125,204.25999450683594,203.22999572753906,203.99000549316406,220904,0.0,0.0
2023-05-10 09:30:00-04:00,205.6999969482422,206.22999572753906,203.77000427246094,205.08999633789062,258940,0.0,0.0
2023-05-10 10:30:00-04:00,205.16000366210938,205.17999267578125,203.5399932861328,205.02000427246094,89602,0.0,0.0
2023-05-10 11:30:00-04:00,204.97999572753906,205.19090270996094,204.32000732421875,204.66000366210938,67512,0.0,0.0
2023-05-10 12:30:00-04:00,204.6999969482422,204.91000366210938,202.4600067138672,202.57000732421875,85278,0.0,0.0
2023-05-10 13:30:00-04:00,202.58450317382812,204.14999389648438,202.3300018310547,203.47000122070312,90952,0.0,0.0
2023-05-10 14:30:00-04:00,203.50999450683594,205.07000732421875,203.50999450683594,204.8000030517578,204951,0.0,0.0
2023-05-10 15:30:00-04:00,204.77999877929688,204.9499969482422,204.07000732421875,204.13999938964844,296970,0.0,0.0
2023-05-11 09:30:00-04:00,203.67999267578125,203.72000122070312,199.3699951171875,201.49000549316406,336309,0.0,0.0
2023-05-11 10:30:00-04:00,201.3699951171875,201.5500030517578,199.86000061035156,200.85000610351562,126058,0.0,0.0
2023-05-11 11:30:00-04:00,200.90499877929688,201.07000732421875,200.13999938964844,200.2449951171875,151036,0.0,0.0
2023-05-11 12:30:00-04:00,200.22999572753906,200.7050018310547,199.83999633789062,199.86000061035156,135782,0.0,0.0
2023-05-11 13:30:00-04:00,199.82000732421875,200.25,199.32000732421875,200.0500030517578,132188,0.0,0.0
2023-05-11 14:30:00-04:00,200.09500122070312,201.02000427246094,200.00999450683594,200.89999389648438,244863,0.0,0.0
2023-05-11 15:30:00-04:00,200.86000061035156,201.5500030517578,200.77999877929688,201.42999267578125,219563,0.0,0.0
2023-05-12 09:30:00-04:00,202.0399932861328,202.41000366210938,201.00999450683594,201.65499877929688,177603,0.0,0.0
2023-05-12 10:30:00-04:00,201.5399932861328,201.5399932861328,200.1999969482422,200.55499267578125,123418,0.0,0.0
2023-05-12 11:30:00-04:00,200.61000061035156,201.1300048828125,200.19000244140625,200.7550048828125,109809,0.0,0.0
2023-05-12 12:30:00-04:00,200.75999450683594,200.85000610351562,199.86000061035156,200.52999877929688,116644,0.0,0.0
2023-05-12 13:30:00-04:00,200.52999877929688,200.83999633789062,200.24000549316406,200.5399932861328,90704,0.0,0.0
2023-05-12 14:30:00-04:00,200.58999633789062,200.89999389648438,200.4199981689453,200.52999877929688,178918,0.0,0.0
2023-05-12 15:30:00-04:00,200.80999755859375,201.5399932861328,200.71609497070312,201.16000366210938,252336,0.0,0.0
2023-05-15 09:30:00-04:00,200.86000061035156,200.86000061035156,198.9199981689453,199.31500244140625,166506,0.0,0.0
2023-05-15 10:30:00-04:00,199.3699951171875,200.38999938964844,199.33999633789062,200.15679931640625,192488,0.0,0.0
2023-05-15 11:30:00-04:00,200.18499755859375,201.30999755859375,199.9199981689453,200.80499267578125,120489,0.0,0.0
2023-05-15 12:30:00-04:00,200.80499267578125,201.27000427246094,200.3000030517578,200.72999572753906,217320,0.0,0.0
2023-05-15 13:30:00-04:00,200.57000732421875,202.1199951171875,200.57000732421875,201.92999267578125,108327,0.0,0.0
2023-05-15 14:30:00-04:00,201.9600067138672,202.25999450683594,201.5800018310547,201.89999389648438,172956,0.0,0.0
2023-05-15 15:30:00-04:00,201.82000732421875,202.33999633789062,201.63999938964844,202.3300018310547,292352,0.0,0.0
2023-05-16 09:30:00-04:00,202.30999755859375,203.44000244140625,201.9149932861328,202.33120727539062,174232,0.0,0.0
2023-05-16 10:30:00-04:00,202.38999938964844,202.5500030517578,201.82000732421875,202.33999633789062,136408,0.0,0.0
2023-05-16 11:30:00-04:00,202.35000610351562,202.75999450683594,201.72999572753906,202.75999450683594,124837,0.0,0.0
2023-05-16 12:30:00-04:00,202.7100067138672,203.5399932861328,202.3000030517578,202.44000244140625,105321,0.0,0.0
2023-05-16 13:30:00-04:00,202.44500732421875,202.99000549316406,202.2899932861328,202.9550018310547,92155,0.0,0.0
2023-05-16 14:30:00-04:00,202.94000244140625,203.09500122070312,202.47999572753906,202.86000061035156,101464,0.0,0.0
2023-05-16 15:30:00-04:00,202.82000732421875,203.0800018310547,202.27999877929688,202.47999572753906,204521,0.0,0.0
2023-05-17 09:30:00-04:00,203.1999969482422,204.42999267578125,202.0800018310547,203.22999572753906,120771,0.0,0.0
2023-05-17 10:30:00-04:00,203.24000549316406,204.22000122070312,203.10000610351562,203.69000244140625,145827,0.0,0.0
2023-05-17 11:30:00-04:00,203.7899932861328,204.25999450683594,203.6199951171875,204.24000549316406,71725,0.0,0.0
2023-05-17 12:30:00-04:00,204.23500061035156,205.32000732421875,204.16000366210938,205.1999969482422,95581,0.0,0.0
2023-05-17 13:30:00-04:00,205.19500732421875,205.6199951171875,204.9199981689453,205.0,152131,0.0,0.0
2023-05-17 14:30:00-04:00,204.9199981689453,205.03500366210938,204.18499755859375,204.2790069580078,156278,0.0,0.0
2023-05-17 15:30:00-04:00,204.25999450683594,204.5800018310547,203.97000122070312,204.07000732421875,229341,0.0,0.0
2023-05-18 09:30:00-04:00,205.52999877929688,212.5800018310547,205.4550018310547,212.19000244140625,607071,0.0,0.0
2023-05-18 10:30:00-04:00,212.19000244140625,215.7100067138672,212.19000244140625,215.66000366210938,453288,0.0,0.0
2023-05-18 11:30:00-04:00,215.6649932861328,217.4600067138672,215.3800048828125,216.0399932861328,446005,0.0,0.0
2023-05-18 12:30:00-04:00,216.07000732421875,217.3300018310547,215.80499267578125,215.89999389648438,167966,0.0,0.0
2023-05-18 13:30:00-04:00,215.8699951171875,216.27090454101562,214.6300048828125,214.6300048828125,197662,0.0,0.0
2023-05-18 14:30:00-04:00,214.67999267578125,216.0800018310547,214.30999755859375,216.03750610351562,306644,0.0,0.0
2023-05-18 15:30:00-04:00,216.00999450683594,217.00999450683594,215.8699951171875,216.85000610351562,505744,0.0,0.0
2023-05-19 09:30:00-04:00,217.91000366210938,219.0850067138672,216.05999755859375,217.22000122070312,333049,0.0,0.0
2023-05-19 10:30:00-04:00,217.27999877929688,217.75,215.57000732421875,215.6699981689453,177273,0.0,0.0
2023-05-19 11:30:00-04:00,215.63999938964844,216.5,215.11000061035156,215.1199951171875,105439,0.0,0.0
2023-05-19 12:30:00-04:00,215.0399932861328,216.0,214.77999877929688,215.58999633789062,87554,0.0,0.0
2023-05-19 13:30:00-04:00,215.63999938964844,215.86000061035156,215.24000549316406,215.5500030517578,85520,0.0,0.0
2023-05-19 14:30:00-04:00,215.50999450683594,216.3699951171875,215.22500610351562,216.3249969482422,202550,0.0,0.0
2023-05-19 15:30:00-04:00,216.3249969482422,216.7949981689453,216.19000244140625,216.6999969482422,376361,0.0,0.0
2023-05-22 09:30:00-04:00,215.5500030517578,215.94000244140625,213.55999755859375,214.6300048828125,394136,0.0,0.0
2023-05-22 10:30:00-04:00,214.7100067138672,214.94500732421875,213.81500244140625,213.8300018310547,169074,0.0,0.0
2023-05-22 11:30:00-04:00,213.86000061035156,213.94000244140625,212.27499389648438,212.27499389648438,160566,0.0,0.0
2023-05-22 12:30:00-04:00,212.3800048828125,212.64999389648438,211.5500030517578,211.7100067138672,124960,0.0,0.0
2023-05-22 13:30:00-04:00,211.74000549316406,212.72000122070312,211.74000549316406,212.17999267578125,149748,0.0,0.0
2023-05-22 14:30:00-04:00,212.1699981689453,212.7100067138672,211.8300018310547,212.10499572753906,203913,0.0,0.0
2023-05-22 15:30:00-04:00,212.06500244140625,212.13999938964844,211.39999389648438,211.6300048828125,351757,0.0,0.0
2023-05-23 09:30:00-04:00,210.8800048828125,211.06500244140625,207.22000122070312,207.82000732421875,238265,0.0,0.0
2023-05-23 10:30:00-04:00,207.91000366210938,207.91000366210938,205.8000030517578,205.8000946044922,160795,0.0,0.0
2023-05-23 11:30:00-04:00,205.83999633789062,206.34759521484375,205.406494140625,206.02000427246094,143026,0.0,0.0
2023-05-23 12:30:00-04:00,205.99000549316406,206.16000366210938,205.17999267578125,205.61000061035156,114561,0.0,0.0
2023-05-23 13:30:00-04:00,205.61000061035156,206.1999969482422,205.3800048828125,205.91000366210938,120029,0.0,0.0
2023-05-23 14:30:00-04:00,205.8699951171875,206.5500030517578,205.27000427246094,206.39500427246094,171932,0.0,0.0
2023-05-23 15:30:00-04:00,206.41000366210938,206.58999633789062,205.6300048828125,205.8000030517578,340575,0.0,0.0
2023-05-24 09:30:00-04:00,204.41000366210938,204.82000732421875,203.19500732421875,203.47000122070312,193066,0.0,0.0
2023-05-24 10:30:00-04:00,203.44000244140625,204.88999938964844,203.1300048828125,204.27999877929688,125301,0.0,0.0
2023-05-24 11:30:00-04:00,204.32000732421875,204.9499969482422,203.63499450683594,203.89999389648438,101132,0.0,0.0
2023-05-24 12:30:00-04:00,203.8800048828125,204.0399932861328,203.18499755859375,203.80999755859375,89895,0.0,0.0
2023-05-24 13:30:00-04:00,203.77000427246094,204.60000610351562,203.75999450683594,203.9550018310547,90427,0.0,0.0
2023-05-24 14:30:00-04:00,203.9600067138672,204.6999969482422,203.30999755859375,204.5449981689453,134962,0.0,0.0
2023-05-24 15:30:00-04:00,204.55499267578125,204.7949981689453,203.30999755859375,203.6699981689453,366532,0.0,0.0
2023-05-25 09:30:00-04:00,208.75,216.6300048828125,208.5,215.94000244140625,691098,0.0,0.0
2023-05-25 10:30:00-04:00,216.0399932861328,221.1999053955078,215.61500549316406,221.11500549316406,627716,0.0,0.0
2023-05-25 11:30:00-04:00,221.1199951171875,223.1699981689453,221.1199951171875,222.9799041748047,450884,0.0,0.0
2023-05-25 12:30:00-04:00,222.94000244140625,224.16000366210938,222.52999877929688,223.47000122070312,390735,0.0,0.0
2023-05-25 13:30:00-04:00,223.60000610351562,225.2899932861328,222.94000244140625,225.19000244140625,382040,0.0,0.0
2023-05-25 14:30:00-04:00,225.14999389648438,225.45899963378906,223.3350067138672,225.26499938964844,420334,0.0,0.0
2023-05-25 15:30:00-04:00,225.27000427246094,225.27000427246094,224.1199951171875,224.47999572753906,423861,0.0,0.0
2023-05-26 09:30:00-04:00,226.25999450683594,230.57919311523438,226.14999389648438,230.4199981689453,470251,0.0,0.0
2023-05-26 10:30:00-04:00,230.46499633789062,232.13999938964844,230.10809326171875,230.64999389648438,413949,0.0,0.0
2023-05-26 11:30:00-04:00,230.6199951171875,230.97000122070312,228.58999633789062,229.89999389648438,275751,0.0,0.0
2023-05-26 12:30:00-04:00,229.89999389648438,230.39999389648438,229.0500030517578,229.9149932861328,168993,0.0,0.0
2023-05-26 13:30:00-04:00,229.84500122070312,229.84500122070312,228.5800018310547,228.83999633789062,144935,0.0,0.0
2023-05-26 14:30:00-04:00,228.8699951171875,230.0800018310547,228.8699951171875,229.11000061035156,250252,0.0,0.0
2023-05-26 15:30:00-04:00,229.14999389648438,229.3699951171875,228.22999572753906,228.30999755859375,431079,0.0,0.0
2023-05-30 09:30:00-04:00,234.0,239.0,232.24000549316406,233.63999938964844,637524,0.0,0.0
2023-05-30 10:30:00-04:00,233.5500030517578,234.40899658203125,232.1300048828125,234.40899658203125,320566,0.0,0.0
2023-05-30 11:30:00-04:00,234.35000610351562,234.5299072265625,231.67999267578125,231.67999267578125,261912,0.0,0.0
2023-05-30 12:30:00-04:00,231.67999267578125,233.17999267578125,231.5052032470703,232.92999267578125,245855,0.0,0.0
2023-05-30 13:30:00-04:00,232.99000549316406,233.71249389648438,232.02000427246094,233.6300048828125,206935,0.0,0.0
2023-05-30 14:30:00-04:00,233.72000122070312,234.74000549316406,233.46499633789062,234.74000549316406,330716,0.0,0.0
2023-05-30 15:30:00-04:00,234.7100067138672,235.35000610351562,234.44000244140625,234.7899932861328,695933,0.0,0.0
2023-05-31 09:30:00-04:00,231.35000610351562,234.25,229.61000061035156,230.4499969482422,358243,0.0,0.0
2023-05-31 10:30:00-04:00,230.44500732421875,231.4600067138672,228.74000549316406,228.74000549316406,247915,0.0,0.0
2023-05-31 11:30:00-04:00,228.8800048828125,230.52999877929688,228.79010009765625,229.6199951171875,208581,0.0,0.0
2023-05-31 12:30:00-04:00,229.64500427246094,230.22999572753906,228.92999267578125,230.22999572753906,173197,0.0,0.0
2023-05-31 13:30:00-04:00,230.32330322265625,231.07000732421875,229.82009887695312,229.83999633789062,146995,0.0,0.0
2023-05-31 14:30:00-04:00,229.85499572753906,230.2050018310547,228.92999267578125,229.77999877929688,186166,0.0,0.0
2023-05-31 15:30:00-04:00,229.72999572753906,231.41000366210938,229.57749938964844,230.9600067138672,397498,0.0,0.0
2023-06-01 09:30:00-04:00,228.57000732421875,230.47000122070312,227.6403045654297,228.94000244140625,253423,0.0,0.0
2023-06-01 10:30:00-04:00,228.9600067138672,231.57000732421875,228.3699951171875,231.5050048828125,252063,0.0,0.0
2023-06-01 11:30:00-04:00,231.5050048828125,232.1699981689453,231.2100067138672,231.77000427246094,133311,0.0,0.0
2023-06-01 12:30:00-04:00,231.73500061035156,231.9199981689453,231.13999938964844,231.3699951171875,128835,0.0,0.0
2023-06-01 13:30:00-04:00,231.39999389648438,233.1999969482422,231.39999389648438,233.05499267578125,227650,0.0,0.0
2023-06-01 14:30:00-04:00,233.07000732421875,233.97999572753906,232.57000732421875,232.57000732421875,233925,0.0,0.0
2023-06-01 15:30:00-04:00,232.46499633789062,233.16000366210938,231.92999267578125,232.39999389648438,381206,0.0,0.0
2023-06-02 09:30:00-04:00,232.14999389648438,233.10989379882812,229.31790161132812,230.89500427246094,567971,0.0,0.0
2023-06-02 10:30:00-04:00,230.86000061035156,232.72999572753906,230.5,232.47999572753906,226905,0.0,0.0
2023-06-02 11:30:00-04:00,232.4949951171875,232.83999633789062,231.5,232.3800048828125,161096,0.0,0.0
2023-06-02 12:30:00-04:00,232.4600067138672,233.0399932861328,231.5500030517578,231.7100067138672,206136,0.0,0.0
2023-06-02 13:30:00-04:00,231.64999389648438,231.6699981689453,230.02999877929688,230.6844024658203,164677,0.0,0.0
2023-06-02 14:30:00-04:00,230.64999389648438,231.47999572753906,230.22999572753906,230.24249267578125,188978,0.0,0.0
2023-06-02 15:30:00-04:00,230.1699981689453,230.2899932861328,229.55999755859375,229.7100067138672,238269,0.0,0.0
2023-06-05 09:30:00-04:00,228.24000549316406,230.4199981689453,227.32000732421875,229.7899932861328,342152,0.0,0.0
2023-06-05 10:30:00-04:00,229.7949981689453,232.5850067138672,229.6199951171875,232.1699981689453,186238,0.0,0.0
2023-06-05 11:30:00-04:00,232.16000366210938,233.0800018310547,231.91000366210938,232.98170471191406,135925,0.0,0.0
2023-06-05 12:30:00-04:00,233.0050048828125,234.0850067138672,232.80999755859375,233.8350067138672,169837,0.0,0.0
2023-06-05 13:30:00-04:00,233.8300018310547,233.9600067138672,232.13999938964844,232.21499633789062,222789,0.0,0.0
2023-06-05 14:30:00-04:00,232.27000427246094,232.9261932373047,231.4600067138672,232.7050018310547,203192,0.0,0.0
2023-06-05 15:30:00-04:00,232.63999938964844,232.82000732421875,232.1649932861328,232.41000366210938,272500,0.0,0.0
2023-06-06 09:30:00-04:00,232.8800048828125,233.42999267578125,230.1300048828125,230.1300048828125,170612,0.0,0.0
2023-06-06 10:30:00-04:00,230.0,231.08999633789062,229.14999389648438,229.16299438476562,157799,0.0,0.0
2023-06-06 11:30:00-04:00,229.24000549316406,230.36000061035156,229.08999633789062,229.60499572753906,107424,0.0,0.0
2023-06-06 12:30:00-04:00,229.68499755859375,229.68499755859375,228.36000061035156,228.47999572753906,116861,0.0,0.0
2023-06-06 13:30:00-04:00,228.52000427246094,228.6300048828125,227.27000427246094,227.42010498046875,131819,0.0,0.0
2023-06-06 14:30:00-04:00,227.42999267578125,228.72999572753906,227.24000549316406,228.27999877929688,134338,0.0,0.0
2023-06-06 15:30:00-04:00,228.26499938964844,229.02000427246094,228.16000366210938,228.77999877929688,217009,0.0,0.0
2023-06-07 09:30:00-04:00,227.77000427246094,230.42999267578125,226.55999755859375,226.60000610351562,416108,0.0,0.0
2023-06-07 10:30:00-04:00,226.50999450683594,226.69000244140625,225.0500030517578,225.3300018310547,216240,0.0,0.0
2023-06-07 11:30:00-04:00,225.30999755859375,225.50999450683594,222.8249969482422,223.2100067138672,177436,0.0,0.0
2023-06-07 12:30:00-04:00,223.30999755859375,224.1199951171875,222.5399932861328,222.7899932861328,153784,0.0,0.0
2023-06-07 13:30:00-04:00,222.80999755859375,223.8000030517578,222.3000030517578,222.9499969482422,167567,0.0,0.0
2023-06-07 14:30:00-04:00,222.94000244140625,223.22999572753906,222.38499450683594,222.6699981689453,176289,0.0,0.0
2023-06-07 15:30:00-04:00,222.69000244140625,222.89999389648438,221.67999267578125,222.4600067138672,347724,0.0,0.0
2023-06-08 09:30:00-04:00,222.1199951171875,228.5500030517578,221.4499969482422,227.64999389648438,474222,0.0,0.0
2023-06-08 10:30:00-04:00,227.72500610351562,229.1300048828125,226.80499267578125,229.07000732421875,305221,0.0,0.0
2023-06-08 11:30:00-04:00,229.13499450683594,229.47000122070312,228.38999938964844,228.60000610351562,147511,0.0,0.0
2023-06-08 12:30:00-04:00,228.5500030517578,228.61000061035156,227.5399932861328,227.6649932861328,126696,0.0,0.0
2023-06-08 13:30:00-04:00,227.6699981689453,227.69000244140625,226.60000610351562,227.46249389648438,101004,0.0,0.0
2023-06-08 14:30:00-04:00,227.52000427246094,228.4199981689453,227.2100067138672,228.2100067138672,139826,0.0,0.0
2023-06-08 15:30:00-04:00,228.19000244140625,228.25,226.97000122070312,228.0800018310547,222697,0.0,0.0
2023-06-09 09:30:00-04:00,229.58999633789062,232.58999633789062,229.24000549316406,231.1999969482422,187855,0.0,0.0
2023-06-09 10:30:00-04:00,231.2100067138672,231.58999633789062,229.19000244140625,229.19000244140625,151445,0.0,0.0
2023-06-09 11:30:00-04:00,229.19500732421875,230.22999572753906,228.80999755859375,228.80999755859375,92207,0.0,0.0
2023-06-09 12:30:00-04:00,228.86520385742188,229.63999938964844,228.6999969482422,229.52999877929688,101726,0.0,0.0
2023-06-09 13:30:00-04:00,229.60000610351562,230.58689880371094,229.60000610351562,230.2100067138672,92190,0.0,0.0
2023-06-09 14:30:00-04:00,230.1300048828125,230.39999389648438,229.81500244140625,230.17999267578125,109507,0.0,0.0
2023-06-09 15:30:00-04:00,230.2100067138672,230.3000030517578,229.08999633789062,229.30999755859375,292213,0.0,0.0
2023-06-12 09:30:00-04:00,230.91000366210938,232.0,228.22999572753906,229.02000427246094,205339,0.0,0.0
2023-06-12 10:30:00-04:00,229.00999450683594,229.91000366210938,228.74000549316406,229.58999633789062,158423,0.0,0.0
2023-06-12 11:30:00-04:00,229.5800018310547,231.3300018310547,229.5800018310547,230.9250030517578,111349,0.0,0.0
2023-06-12 12:30:00-04:00,230.9199981689453,231.1999969482422,230.60000610351562,230.97000122070312,107896,0.0,0.0
2023-06-12 13:30:00-04:00,231.02999877929688,231.5800018310547,230.9600067138672,231.02999877929688,113746,0.0,0.0
2023-06-12 14:30:00-04:00,231.00999450683594,232.17999267578125,230.92999267578125,231.91000366210938,138642,0.0,0.0
2023-06-12 15:30:00-04:00,231.94000244140625,233.38999938964844,231.66000366210938,233.25999450683594,289699,0.0,0.0
2023-06-13 09:30:00-04:00,240.19000244140625,242.64999389648438,235.78500366210938,236.72999572753906,615600,0.0,0.0
2023-06-13 10:30:00-04:00,236.6999969482422,239.27999877929688,236.5,239.1699981689453,221184,0.0,0.0
2023-06-13 11:30:00-04:00,239.17999267578125,240.24000549316406,238.47999572753906,239.9600067138672,220063,0.0,0.0
2023-06-13 12:30:00-04:00,239.93499755859375,240.58990478515625,239.08999633789062,239.6999969482422,157274,0.0,0.0
2023-06-13 13:30:00-04:00,239.6999969482422,240.0800018310547,237.11000061035156,237.33999633789062,143197,0.0,0.0
2023-06-13 14:30:00-04:00,237.32000732421875,238.26400756835938,236.875,237.77499389648438,154886,0.0,0.0
2023-06-13 15:30:00-04:00,237.8000030517578,239.11000061035156,237.6699981689453,239.00999450683594,294558,0.0,0.0
2023-06-14 09:30:00-04:00,237.24000549316406,238.21499633789062,236.39999389648438,237.0800018310547,234275,0.0,0.0
2023-06-14 10:30:00-04:00,237.125,237.9499969482422,236.2949981689453,237.9499969482422,243823,0.0,0.0
2023-06-14 11:30:00-04:00,237.8300018310547,238.4199981689453,236.5800018310547,236.72999572753906,161765,0.0,0.0
2023-06-14 12:30:00-04:00,236.6699981689453,237.27000427246094,236.41000366210938,236.80499267578125,127989,0.0,0.0
2023-06-14 13:30:00-04:00,236.8300018310547,237.30999755859375,234.11000061035156,234.77499389648438,201587,0.0,0.0
2023-06-14 14:30:00-04:00,234.75,236.00999450683594,234.2949981689453,234.91000366210938,350906,0.0,0.0
2023-06-14 15:30:00-04:00,234.85000610351562,236.64999389648438,234.64999389648438,236.0500030517578,439923,0.0,0.0
2023-06-15 09:30:00-04:00,234.8800048828125,236.10000610351562,233.38999938964844,235.7100067138672,267334,0.0,0.0
2023-06-15 10:30:00-04:00,235.8000030517578,236.8350067138672,235.1999969482422,236.36000061035156,203198,0.0,0.0
2023-06-15 11:30:00-04:00,236.3000030517578,237.39999389648438,235.82000732421875,236.99000549316406,205006,0.0,0.0
2023-06-15 12:30:00-04:00,237.13999938964844,237.2899932861328,236.30999755859375,237.0500030517578,175467,0.0,0.0
2023-06-15 13:30:00-04:00,237.0500030517578,237.99000549316406,236.89999389648438,237.3800048828125,216733,0.0,0.0
2023-06-15 14:30:00-04:00,237.41000366210938,239.1300048828125,237.41000366210938,239.03500366210938,213415,0.0,0.0
2023-06-15 15:30:00-04:00,239.03500366210938,239.5,237.5,237.7899932861328,438878,0.0,0.0
2023-06-16 09:30:00-04:00,240.74000549316406,240.74000549316406,234.4199981689453,236.2100067138672,675232,0.0,0.0
2023-06-16 10:30:00-04:00,236.19000244140625,237.75,235.27999877929688,236.8699951171875,236227,0.0,0.0
2023-06-16 11:30:00-04:00,236.86000061035156,237.86000061035156,236.3000030517578,237.73500061035156,316739,0.0,0.0
2023-06-16 12:30:00-04:00,237.67999267578125,238.14999389648438,236.6300048828125,236.6300048828125,223355,0.0,0.0
2023-06-16 13:30:00-04:00,236.60000610351562,237.63999938964844,236.52999877929688,237.02999877929688,214178,0.0,0.0
2023-06-16 14:30:00-04:00,236.9949951171875,237.17999267578125,236.03500366210938,236.03500366210938,420357,0.0,0.0
2023-06-16 15:30:00-04:00,236.13999938964844,236.83999633789062,235.30999755859375,235.89999389648438,728031,0.0,0.0
2023-06-20 09:30:00-04:00,234.52000427246094,236.6999969482422,231.7899932861328,232.0800018310547,363799,0.0,0.0
2023-06-20 10:30:00-04:00,232.05999755859375,232.38999938964844,230.7100067138672,231.3699951171875,189518,0.0,0.0
2023-06-20 11:30:00-04:00,231.47999572753906,232.60000610351562,231.2899932861328,232.25999450683594,109828,0.0,0.0
2023-06-20 12:30:00-04:00,232.3699951171875,232.88999938964844,232.0399932861328,232.6300048828125,88765,0.0,0.0
2023-06-20 13:30:00-04:00,232.63499450683594,233.08999633789062,231.8800048828125,232.3000030517578,108784,0.0,0.0
2023-06-20 14:30:00-04:00,232.27999877929688,232.33999633789062,231.2449951171875,231.59500122070312,146100,0.0,0.0
2023-06-20 15:30:00-04:00,231.52999877929688,232.82000732421875,231.52999877929688,232.55999755859375,253772,0.0,0.0
2023-06-21 09:30:00-04:00,233.0,233.63999938964844,230.30499267578125,230.625,261139,0.0,0.0
2023-06-21 10:30:00-04:00,230.69000244140625,230.86000061035156,226.02499389648438,227.3000030517578,389577,0.0,0.0
2023-06-21 11:30:00-04:00,227.24000549316406,228.6300048828125,226.32000732421875,227.88499450683594,337399,0.0,0.0
2023-06-21 12:30:00-04:00,227.94000244140625,228.44000244140625,227.70899963378906,227.86000061035156,159405,0.0,0.0
2023-06-21 13:30:00-04:00,227.8699951171875,228.58999633789062,227.77999877929688,227.92999267578125,160079,0.0,0.0
2023-06-21 14:30:00-04:00,227.96499633789062,229.08999633789062,227.8000030517578,228.19000244140625,354300,0.0,0.0
2023-06-21 15:30:00-04:00,228.22000122070312,228.4499969482422,227.6699981689453,227.97999572753906,321842,0.0,0.0
2023-06-22 09:30:00-04:00,226.11000061035156,228.5,222.86000061035156,228.47999572753906,483992,0.0,0.0
2023-06-22 10:30:00-04:00,228.49000549316406,228.99000549316406,225.8699951171875,225.8699951171875,242109,0.0,0.0
2023-06-22 11:30:00-04:00,225.72999572753906,227.22000122070312,225.64999389648438,225.85000610351562,253745,0.0,0.0
2023-06-22 12:30:00-04:00,225.85000610351562,226.30499267578125,225.22000122070312,225.4199981689453,157542,0.0,0.0
2023-06-22 13:30:00-04:00,225.40499877929688,225.8800048828125,224.80999755859375,225.08999633789062,293053,0.0,0.0
2023-06-22 14:30:00-04:00,225.08999633789062,226.2899932861328,224.75,225.94000244140625,394271,0.0,0.0
2023-06-22 15:30:00-04:00,225.94500732421875,227.0,225.33999633789062,226.94000244140625,433478,0.0,0.0
2023-06-23 09:30:00-04:00,225.47000122070312,225.89999389648438,223.69000244140625,225.18499755859375,398388,0.0,0.0
2023-06-23 10:30:00-04:00,225.17999267578125,226.44000244140625,224.86000061035156,225.3699951171875,320648,0.0,0.0
2023-06-23 11:30:00-04:00,225.36000061035156,226.4499969482422,225.1999969482422,226.4199981689453,179350,0.0,0.0
2023-06-23 12:30:00-04:00,226.4600067138672,227.91000366210938,226.4600067138672,227.21499633789062,182216,0.0,0.0
2023-06-23 13:30:00-04:00,227.2050018310547,227.38999938964844,226.17550659179688,226.6300048828125,200659,0.0,0.0
2023-06-23 14:30:00-04:00,226.55999755859375,226.75999450683594,225.2899932861328,225.6490936279297,388668,0.0,0.0
2023-06-23 15:30:00-04:00,225.64500427246094,227.5,224.80999755859375,225.33999633789062,638541,0.0,0.0
2023-06-26 09:30:00-04:00,224.63999938964844,228.64999389648438,223.7449951171875,227.6649932861328,216494,0.0,0.0
2023-06-26 10:30:00-04:00,227.75,228.16000366210938,225.88999938964844,226.3800048828125,103180,0.0,0.0
2023-06-26 11:30:00-04:00,226.2899932861328,226.6300048828125,224.72000122070312,225.13999938964844,106779,0.0,0.0
2023-06-26 12:30:00-04:00,225.02999877929688,225.49000549316406,224.33999633789062,224.8000030517578,82126,0.0,0.0
2023-06-26 13:30:00-04:00,224.7949981689453,224.8300018310547,223.7949981689453,224.14999389648438,70222,0.0,0.0
2023-06-26 14:30:00-04:00,224.1300048828125,224.61000061035156,223.77000427246094,223.91000366210938,87590,0.0,0.0
2023-06-26 15:30:00-04:00,223.94000244140625,224.0399932861328,222.8800048828125,222.94000244140625,347582,0.0,0.0
2023-06-27 09:30:00-04:00,223.50999450683594,225.47000122070312,223.50999450683594,224.77999877929688,237995,0.0,0.0
2023-06-27 10:30:00-04:00,224.71499633789062,225.4499969482422,223.6999969482422,225.43499755859375,142559,0.0,0.0
2023-06-27 11:30:00-04:00,225.4600067138672,227.4499969482422,225.4600067138672,227.4499969482422,150552,0.0,0.0
2023-06-27 12:30:00-04:00,227.47999572753906,228.25999450683594,226.94500732421875,227.88999938964844,154555,0.0,0.0
2023-06-27 13:30:00-04:00,228.02999877929688,228.92999267578125,228.00999450683594,228.57000732421875,127117,0.0,0.0
2023-06-27 14:30:00-04:00,228.55999755859375,229.6699981689453,228.38999938964844,229.6699981689453,185022,0.0,0.0
2023-06-27 15:30:00-04:00,229.6649932861328,229.6999969482422,228.6199951171875,228.85000610351562,256606,0.0,0.0
2023-06-28 09:30:00-04:00,227.69000244140625,229.74000549316406,226.5399932861328,229.60499572753906,303587,0.0,0.0
2023-06-28 10:30:00-04:00,229.61000061035156,230.1750030517578,227.74000549316406,228.13999938964844,180947,0.0,0.0
2023-06-28 11:30:00-04:00,228.27000427246094,229.02999877929688,227.6699981689453,227.8300018310547,101795,0.0,0.0
2023-06-28 12:30:00-04:00,227.7100067138672,227.72999572753906,226.72500610351562,227.44000244140625,85933,0.0,0.0
2023-06-28 13:30:00-04:00,227.52999877929688,228.30990600585938,227.21499633789062,228.1199951171875,81170,0.0,0.0
2023-06-28 14:30:00-04:00,228.14999389648438,228.5399932861328,227.2899932861328,228.14999389648438,104034,0.0,0.0
2023-06-28 15:30:00-04:00,228.1699981689453,229.39999389648438,227.94000244140625,229.38999938964844,280087,0.0,0.0
2023-06-29 09:30:00-04:00,230.77000427246094,231.58999633789062,228.49000549316406,229.07000732421875,188014,0.0,0.0
2023-06-29 10:30:00-04:00,229.05499267578125,231.0399932861328,228.13999938964844,231.0399932861328,102282,0.0,0.0
2023-06-29 11:30:00-04:00,231.1199951171875,231.39999389648438,229.97999572753906,230.66000366210938,83483,0.0,0.0
2023-06-29 12:30:00-04:00,230.67999267578125,230.82000732421875,229.82000732421875,230.27000427246094,64900,0.0,0.0
2023-06-29 13:30:00-04:00,230.24000549316406,230.24000549316406,228.25,228.33999633789062,91624,0.0,0.0
2023-06-29 14:30:00-04:00,228.36000061035156,228.41000366210938,227.67999267578125,227.97999572753906,138587,0.0,0.0
2023-06-29 15:30:00-04:00,227.97999572753906,228.5800018310547,227.63499450683594,228.5500030517578,168446,0.0,0.0
2023-06-30 09:30:00-04:00,230.99000549316406,234.22000122070312,230.0500030517578,232.6699981689453,172522,0.0,0.0
2023-06-30 10:30:00-04:00,232.52000427246094,234.08999633789062,232.3000030517578,233.49000549316406,123166,0.0,0.0
2023-06-30 11:30:00-04:00,233.38999938964844,234.1750030517578,232.67999267578125,233.9600067138672,93947,0.0,0.0
2023-06-30 12:30:00-04:00,234.05999755859375,235.0399932861328,234.0,234.75,103357,0.0,0.0
2023-06-30 13:30:00-04:00,234.85000610351562,235.75,234.69000244140625,235.67999267578125,144850,0.0,0.0
2023-06-30 14:30:00-04:00,235.72999572753906,235.72999572753906,235.0749969482422,235.1649932861328,158278,0.0,0.0
2023-06-30 15:30:00-04:00,235.17999267578125,235.2100067138672,234.35499572753906,234.5399932861328,338624,0.0,0.0
2023-07-03 09:30:00-04:00,234.3800048828125,234.80999755859375,232.0,233.50999450683594,241430,0.0,0.0
2023-07-03 10:30:00-04:00,233.4600067138672,234.0500030517578,233.07000732421875,233.35499572753906,214782,0.0,0.0
2023-07-03 11:30:00-04:00,233.42999267578125,234.1999969482422,232.72500610351562,234.1300048828125,127696,0.0,0.0
2023-07-05 09:30:00-04:00,233.30999755859375,237.6699981689453,233.30999755859375,236.02999877929688,300761,0.0,0.0
2023-07-05 10:30:00-04:00,236.0800018310547,236.8000030517578,234.92999267578125,235.02999877929688,196210,0.0,0.0
2023-07-05 11:30:00-04:00,235.0,235.2899932861328,234.14500427246094,234.8699951171875,168107,0.0,0.0
2023-07-05 12:30:00-04:00,234.94000244140625,234.94000244140625,233.63999938964844,233.69000244140625,79818,0.0,0.0
2023-07-05 13:30:00-04:00,233.64999389648438,234.02000427246094,232.88999938964844,233.17999267578125,103226,0.0,0.0
2023-07-05 14:30:00-04:00,233.1649932861328,233.7100067138672,233.03500366210938,233.35000610351562,123219,0.0,0.0
2023-07-05 15:30:00-04:00,233.3699951171875,233.41000366210938,232.35000610351562,232.5399932861328,272392,0.0,0.0
2023-07-06 09:30:00-04:00,228.83999633789062,230.22000122070312,227.5,229.17999267578125,272779,0.0,0.0
2023-07-06 10:30:00-04:00,229.39999389648438,229.53500366210938,228.19000244140625,228.9199981689453,136737,0.0,0.0
2023-07-06 11:30:00-04:00,228.97000122070312,229.6199951171875,228.72000122070312,229.6199951171875,79331,0.0,0.0
2023-07-06 12:30:00-04:00,229.67999267578125,229.99000549316406,229.47999572753906,229.58999633789062,74580,0.0,0.0
2023-07-06 13:30:00-04:00,229.55130004882812,230.32000732421875,229.44000244140625,229.5,61517,0.0,0.0
2023-07-06 14:30:00-04:00,229.5,230.61000061035156,229.47999572753906,230.52000427246094,79134,0.0,0.0
2023-07-06 15:30:00-04:00,230.5399932861328,230.73500061035156,229.94000244140625,230.0800018310547,206318,0.0,0.0
2023-07-07 09:30:00-04:00,229.82000732421875,230.0399932861328,227.1300048828125,227.17999267578125,235737,0.0,0.0
2023-07-07 10:30:00-04:00,227.10000610351562,227.8350067138672,226.11000061035156,227.4199981689453,169548,0.0,0.0
2023-07-07 11:30:00-04:00,227.36500549316406,228.77999877929688,226.77999877929688,228.63729858398438,102060,0.0,0.0
2023-07-07 12:30:00-04:00,228.6300048828125,229.39999389648438,228.4250030517578,228.72999572753906,94466,0.0,0.0
2023-07-07 13:30:00-04:00,228.83999633789062,228.94500732421875,228.1300048828125,228.4199981689453,86106,0.0,0.0
2023-07-07 14:30:00-04:00,228.43499755859375,228.47000122070312,227.75999450683594,227.9949951171875,134103,0.0,0.0
2023-07-07 15:30:00-04:00,227.92999267578125,228.1999969482422,226.71499633789062,226.89999389648438,237037,0.0,0.0
2023-07-10 09:30:00-04:00,228.7949981689453,232.36000061035156,227.38999938964844,231.6750030517578,280887,0.0,0.0
2023-07-10 10:30:00-04:00,231.61000061035156,234.10000610351562,231.125,234.10000610351562,163420,0.0,0.0
2023-07-10 11:30:00-04:00,234.0800018310547,234.3800048828125,232.77000427246094,234.125,155478,0.0,0.0
2023-07-10 12:30:00-04:00,234.0800018310547,234.91000366210938,233.80999755859375,234.5,160247,0.0,0.0
2023-07-10 13:30:00-04:00,234.5399932861328,235.07000732421875,233.69000244140625,234.9149932861328,187704,0.0,0.0
2023-07-10 14:30:00-04:00,234.9499969482422,235.47000122070312,234.75,235.30999755859375,221368,0.0,0.0
2023-07-10 15:30:00-04:00,235.27000427246094,235.30999755859375,234.17999267578125,234.42999267578125,403787,0.0,0.0
2023-07-11 09:30:00-04:00,234.1300048828125,234.38499450683594,228.8800048828125,229.35000610351562,202570,0.0,0.0
2023-07-11 10:30:00-04:00,229.35000610351562,230.2899932861328,228.99000549316406,229.22000122070312,126702,0.0,0.0
2023-07-11 11:30:00-04:00,229.3000030517578,231.03219604492188,228.72000122070312,229.2675018310547,122674,0.0,0.0
2023-07-11 12:30:00-04:00,229.44500732421875,230.65989685058594,229.36000061035156,230.27000427246094,97592,0.0,0.0
2023-07-11 13:30:00-04:00,230.27000427246094,231.36000061035156,230.10000610351562,230.97999572753906,98191,0.0,0.0
2023-07-11 14:30:00-04:00,230.86000061035156,231.9499969482422,230.4499969482422,231.8000030517578,133379,0.0,0.0
2023-07-11 15:30:00-04:00,231.77000427246094,232.72999572753906,231.3699951171875,231.88999938964844,233449,0.0,0.0
2023-07-12 09:30:00-04:00,236.0399932861328,236.5399932861328,232.74000549316406,234.3000030517578,278247,0.0,0.0
2023-07-12 10:30:00-04:00,234.36500549316406,234.71200561523438,232.22999572753906,232.7899932861328,212523,0.0,0.0
2023-07-12 11:30:00-04:00,232.8800048828125,233.24000549316406,230.4550018310547,231.58999633789062,185536,0.0,0.0
2023-07-12 12:30:00-04:00,231.62770080566406,232.97000122070312,231.39999389648438,232.91000366210938,99903,0.0,0.0
2023-07-12 13:30:00-04:00,232.83999633789062,233.1649932861328,232.25,232.4600067138672,111983,0.0,0.0
2023-07-12 14:30:00-04:00,232.3800048828125,232.5,231.85000610351562,232.2375030517578,127779,0.0,0.0
2023-07-12 15:30:00-04:00,232.32000732421875,232.9199981689453,232.25999450683594,232.74000549316406,218937,0.0,0.0
2023-07-13 09:30:00-04:00,236.92999267578125,238.77000427246094,235.61000061035156,236.89830017089844,438919,0.0,0.0
2023-07-13 10:30:00-04:00,236.88999938964844,238.33999633789062,236.6999969482422,237.9199981689453,225167,0.0,0.0
2023-07-13 11:30:00-04:00,237.97000122070312,238.47999572753906,237.3300018310547,237.6199951171875,146660,0.0,0.0
2023-07-13 12:30:00-04:00,237.55999755859375,237.94000244140625,237.3699951171875,237.8300018310547,103451,0.0,0.0
2023-07-13 13:30:00-04:00,237.80999755859375,238.1699981689453,237.5399932861328,237.84500122070312,117251,0.0,0.0
2023-07-13 14:30:00-04:00,237.88999938964844,240.0800018310547,237.77999877929688,240.0399932861328,269724,0.0,0.0
2023-07-13 15:30:00-04:00,240.00999450683594,240.00999450683594,239.0500030517578,239.50999450683594,346569,0.0,0.0
2023-07-14 09:30:00-04:00,239.4199981689453,244.4499969482422,239.4199981689453,243.08999633789062,256518,0.0,0.0
2023-07-14 10:30:00-04:00,243.0,243.5449981689453,242.24000549316406,242.32000732421875,168388,0.0,0.0
2023-07-14 11:30:00-04:00,242.6300048828125,243.07000732421875,241.47999572753906,241.7899932861328,85343,0.0,0.0
2023-07-14 12:30:00-04:00,241.72999572753906,242.27999877929688,241.0399932861328,241.7100067138672,73243,0.0,0.0
2023-07-14 13:30:00-04:00,241.75999450683594,242.24000549316406,241.2100067138672,241.35989379882812,80543,0.0,0.0
2023-07-14 14:30:00-04:00,241.32000732421875,241.55999755859375,240.19000244140625,240.5,120204,0.0,0.0
2023-07-14 15:30:00-04:00,240.52000427246094,240.77999877929688,240.25999450683594,240.75999450683594,235413,0.0,0.0
2023-07-17 09:30:00-04:00,240.27000427246094,242.4600067138672,239.7100067138672,242.4600067138672,210727,0.0,0.0
2023-07-17 10:30:00-04:00,242.47000122070312,243.0500030517578,241.7100067138672,242.66000366210938,147625,0.0,0.0
2023-07-17 11:30:00-04:00,242.67999267578125,243.8300018310547,242.4499969482422,243.0,168380,0.0,0.0
2023-07-17 12:30:00-04:00,243.0800018310547,243.4550018310547,242.50999450683594,243.0399932861328,105421,0.0,0.0
2023-07-17 13:30:00-04:00,243.1199951171875,243.89999389648438,242.83999633789062,243.67999267578125,119289,0.0,0.0
2023-07-17 14:30:00-04:00,243.67999267578125,245.24000549316406,243.33999633789062,244.98500061035156,169000,0.0,0.0
2023-07-17 15:30:00-04:00,244.98500061035156,244.98500061035156,244.1199951171875,244.4499969482422,252130,0.0,0.0
2023-07-18 09:30:00-04:00,244.44000244140625,244.80999755859375,239.05999755859375,241.39500427246094,465841,0.0,0.0
2023-07-18 10:30:00-04:00,241.27000427246094,242.69000244140625,240.97999572753906,241.85000610351562,131625,0.0,0.0
2023-07-18 11:30:00-04:00,241.8300018310547,243.7449951171875,241.55999755859375,243.7198944091797,224237,0.0,0.0
2023-07-18 12:30:00-04:00,243.63999938964844,243.6699981689453,242.6699981689453,243.42750549316406,166622,0.0,0.0
2023-07-18 13:30:00-04:00,243.35000610351562,244.22000122070312,243.00999450683594,243.86000061035156,119151,0.0,0.0
2023-07-18 14:30:00-04:00,244.02000427246094,244.9600067138672,243.52999877929688,244.6699981689453,122318,0.0,0.0
2023-07-18 15:30:00-04:00,244.66000366210938,244.80999755859375,243.9600067138672,244.08999633789062,194212,0.0,0.0
2023-07-19 09:30:00-04:00,244.6699981689453,245.5800018310547,241.5601043701172,242.6999969482422,211092,0.0,0.0
2023-07-19 10:30:00-04:00,242.66000366210938,244.5800018310547,241.57000732421875,244.14500427246094,173337,0.0,0.0
2023-07-19 11:30:00-04:00,244.19000244140625,244.75,242.99000549316406,243.1300048828125,132576,0.0,0.0
2023-07-19 12:30:00-04:00,243.0800018310547,243.6699981689453,241.72999572753906,242.86000061035156,100860,0.0,0.0
2023-07-19 13:30:00-04:00,242.77000427246094,243.6300048828125,242.1300048828125,242.89999389648438,121425,0.0,0.0
2023-07-19 14:30:00-04:00,242.9600067138672,243.91000366210938,242.9600067138672,243.27000427246094,149033,0.0,0.0
2023-07-19 15:30:00-04:00,243.2100067138672,243.22999572753906,242.14999389648438,242.5,270496,0.0,0.0
2023-07-20 09:30:00-04:00,245.22999572753906,248.16000366210938,242.07000732421875,242.16720581054688,410836,0.0,0.0
2023-07-20 10:30:00-04:00,242.1199951171875,242.75,241.14999389648438,242.22999572753906,184754,0.0,0.0
2023-07-20 11:30:00-04:00,242.3000030517578,242.68519592285156,240.91000366210938,241.28500366210938,214514,0.0,0.0
2023-07-20 12:30:00-04:00,241.22999572753906,241.33999633789062,240.3699951171875,241.27999877929688,118661,0.0,0.0
2023-07-20 13:30:00-04:00,241.13999938964844,241.63999938964844,239.5,239.5050048828125,112287,0.0,0.0
2023-07-20 14:30:00-04:00,239.48500061035156,239.77999877929688,238.14999389648438,238.23500061035156,174750,0.0,0.0
2023-07-20 15:30:00-04:00,238.24000549316406,239.58999633789062,238.24000549316406,238.66000366210938,275430,0.0,0.0
2023-07-21 09:30:00-04:00,241.16000366210938,244.4499969482422,240.83009338378906,242.0800018310547,440288,0.0,0.0
2023-07-21 10:30:00-04:00,242.1199951171875,243.08999633789062,241.47000122070312,242.8800048828125,191371,0.0,0.0
2023-07-21 11:30:00-04:00,242.75999450683594,243.27000427246094,242.10000610351562,242.83999633789062,193072,0.0,0.0
2023-07-21 12:30:00-04:00,242.83999633789062,243.69000244140625,242.6699981689453,243.55999755859375,203380,0.0,0.0
2023-07-21 13:30:00-04:00,243.66000366210938,243.82000732421875,243.00999450683594,243.36000061035156,224515,0.0,0.0
2023-07-21 14:30:00-04:00,243.3000030517578,243.6999969482422,241.8699951171875,242.8699951171875,298530,0.0,0.0
2023-07-21 15:30:00-04:00,242.9149932861328,243.8300018310547,242.23500061035156,242.75999450683594,605617,0.0,0.0
2023-07-24 09:30:00-04:00,242.49000549316406,243.27999877929688,238.11000061035156,240.72999572753906,450403,0.0,0.0
2023-07-24 10:30:00-04:00,240.80999755859375,241.6999053955078,239.57000732421875,240.5500030517578,170216,0.0,0.0
2023-07-24 11:30:00-04:00,240.44000244140625,241.0500030517578,239.26499938964844,239.72000122070312,144742,0.0,0.0
2023-07-24 12:30:00-04:00,239.67100524902344,241.1199951171875,239.66099548339844,240.5399932861328,158877,0.0,0.0
2023-07-24 13:30:00-04:00,240.51499938964844,241.8699951171875,240.4499969482422,241.32000732421875,147237,0.0,0.0
2023-07-24 14:30:00-04:00,241.3350067138672,241.66000366210938,240.5,240.60499572753906,197768,0.0,0.0
2023-07-24 15:30:00-04:00,240.63999938964844,241.33999633789062,240.34500122070312,241.3300018310547,379895,0.0,0.0
2023-07-25 09:30:00-04:00,231.82000732421875,240.89999389648438,231.55999755859375,236.02000427246094,1026954,0.0,0.0
2023-07-25 10:30:00-04:00,236.1300048828125,238.65989685058594,235.61000061035156,237.94000244140625,334613,0.0,0.0
2023-07-25 11:30:00-04:00,238.0399932861328,239.47000122070312,237.77999877929688,238.27000427246094,222327,0.0,0.0
2023-07-25 12:30:00-04:00,238.23500061035156,238.36000061035156,236.80999755859375,237.38999938964844,164541,0.0,0.0
2023-07-25 13:30:00-04:00,237.36500549316406,238.0,236.52999877929688,237.72500610351562,185370,0.0,0.0
2023-07-25 14:30:00-04:00,237.72500610351562,238.0500030517578,236.9199981689453,237.25999450683594,255324,0.0,0.0
2023-07-25 15:30:00-04:00,237.25999450683594,238.49000549316406,236.80999755859375,238.27000427246094,521589,0.0,0.0
2023-07-26 09:30:00-04:00,236.3800048828125,238.0,235.86000061035156,236.72500610351562,320838,0.0,0.0
2023-07-26 10:30:00-04:00,236.6300048828125,236.80999755859375,233.6699981689453,233.94000244140625,160316,0.0,0.0
2023-07-26 11:30:00-04:00,233.97500610351562,234.25999450683594,231.91000366210938,232.2050018310547,147666,0.0,0.0
2023-07-26 12:30:00-04:00,232.1999969482422,232.5699005126953,231.81500244140625,232.3699951171875,105525,0.0,0.0
2023-07-26 13:30:00-04:00,232.36500549316406,233.35499572753906,231.57000732421875,232.55499267578125,270634,0.0,0.0
2023-07-26 14:30:00-04:00,232.57000732421875,234.7449951171875,231.91000366210938,232.82000732421875,237509,0.0,0.0
2023-07-26 15:30:00-04:00,232.89500427246094,234.21749877929688,232.66000366210938,233.89999389648438,344557,0.0,0.0
2023-07-27 09:30:00-04:00,238.8300018310547,242.16000366210938,238.4199981689453,240.19000244140625,423163,0.0,0.0
2023-07-27 10:30:00-04:00,240.14999389648438,241.06500244140625,238.35000610351562,240.01499938964844,425081,0.0,0.0
2023-07-27 11:30:00-04:00,240.02000427246094,240.47999572753906,238.4499969482422,239.4199981689453,283399,0.0,0.0
2023-07-27 12:30:00-04:00,239.47999572753906,239.8300018310547,237.89999389648438,238.07000732421875,134797,0.0,0.0
2023-07-27 13:30:00-04:00,238.02000427246094,238.32000732421875,235.9499969482422,236.02499389648438,169265,0.0,0.0
2023-07-27 14:30:00-04:00,236.1199951171875,236.2899932861328,234.77000427246094,234.89999389648438,272878,0.0,0.0
2023-07-27 15:30:00-04:00,234.99000549316406,235.22999572753906,233.97000122070312,234.8800048828125,229066,0.0,0.0
2023-07-28 09:30:00-04:00,237.375,238.36000061035156,234.6999969482422,234.82000732421875,203003,0.0,0.0
2023-07-28 10:30:00-04:00,234.98500061035156,235.3800048828125,233.9199981689453,234.7100067138672,148007,0.0,0.0
2023-07-28 11:30:00-04:00,234.8300018310547,235.5,234.5,234.64990234375,121512,0.0,0.0
2023-07-28 12:30:00-04:00,234.55999755859375,234.61000061035156,233.24000549316406,233.375,121397,0.0,0.0
2023-07-28 13:30:00-04:00,233.32000732421875,234.30999755859375,232.5800018310547,233.91000366210938,117079,0.0,0.0
2023-07-28 14:30:00-04:00,233.97000122070312,234.33999633789062,233.27999877929688,234.0,140229,0.0,0.0
2023-07-28 15:30:00-04:00,234.0500030517578,234.8000030517578,233.47999572753906,234.24000549316406,328141,0.0,0.0
2023-07-31 09:30:00-04:00,234.86000061035156,236.28990173339844,231.41000366210938,232.8625030517578,237309,0.0,0.0
2023-07-31 10:30:00-04:00,232.7899932861328,233.9499969482422,232.0449981689453,233.5050048828125,169982,0.0,0.0
2023-07-31 11:30:00-04:00,233.5749969482422,234.1699981689453,232.6999969482422,234.13999938964844,137973,0.0,0.0
2023-07-31 12:30:00-04:00,234.1300048828125,234.1300048828125,233.25,233.4499969482422,90091,0.0,0.0
2023-07-31 13:30:00-04:00,233.41000366210938,234.13999938964844,233.33999633789062,233.61000061035156,118739,0.0,0.0
2023-07-31 14:30:00-04:00,233.58999633789062,234.0449981689453,233.02000427246094,233.07000732421875,121577,0.0,0.0
2023-07-31 15:30:00-04:00,233.10000610351562,234.02999877929688,232.82000732421875,234.02000427246094,309432,0.0,0.0
2023-08-01 09:30:00-04:00,231.42999267578125,232.41000366210938,230.31570434570312,232.41000366210938,179193,0.0,0.0
2023-08-01 10:30:00-04:00,232.47999572753906,233.6999969482422,232.27000427246094,233.47000122070312,138250,0.0,0.0
2023-08-01 11:30:00-04:00,233.5906982421875,233.99989318847656,233.0,233.32000732421875,78232,0.0,0.0
2023-08-01 12:30:00-04:00,233.00999450683594,233.67999267578125,232.82000732421875,233.51499938964844,58128,0.0,0.0
2023-08-01 13:30:00-04:00,233.5500030517578,234.52000427246094,233.1300048828125,234.23399353027344,94550,0.0,0.0
2023-08-01 14:30:00-04:00,234.27999877929688,234.39999389648438,233.85000610351562,233.94000244140625,103725,0.0,0.0
2023-08-01 15:30:00-04:00,233.8800048828125,234.11000061035156,233.47999572753906,233.57000732421875,151159,0.0,0.0
2023-08-02 09:30:00-04:00,231.50999450683594,231.50999450683594,228.0500030517578,228.6199951171875,216364,0.0,0.0
2023-08-02 10:30:00-04:00,228.5800018310547,228.97000122070312,227.23500061035156,227.38999938964844,176150,0.0,0.0
2023-08-02 11:30:00-04:00,227.54620361328125,228.0,226.4199981689453,227.40499877929688,159813,0.0,0.0
2023-08-02 12:30:00-04:00,227.44000244140625,228.44000244140625,227.33999633789062,228.44000244140625,86753,0.0,0.0
2023-08-02 13:30:00-04:00,228.32000732421875,228.85000610351562,227.6699981689453,228.42999267578125,89595,0.0,0.0
2023-08-02 14:30:00-04:00,228.36000061035156,228.81500244140625,227.8699951171875,228.0500030517578,139735,0.0,0.0
2023-08-02 15:30:00-04:00,228.13999938964844,229.16000366210938,228.02999877929688,228.74000549316406,278213,0.0,0.0
2023-08-03 09:30:00-04:00,227.5399932861328,229.83509826660156,227.38999938964844,228.25,206996,0.0,0.0
2023-08-03 10:30:00-04:00,228.24000549316406,229.5050048828125,228.02499389648438,228.98500061035156,133033,0.0,0.0
2023-08-03 11:30:00-04:00,229.08999633789062,229.35499572753906,228.49000549316406,229.25999450683594,70463,0.0,0.0
2023-08-03 12:30:00-04:00,229.19500732421875,229.27999877929688,228.4600067138672,228.83999633789062,81370,0.0,0.0
2023-08-03 13:30:00-04:00,228.8300018310547,229.5399932861328,228.75,229.24000549316406,104281,0.0,0.0
2023-08-03 14:30:00-04:00,229.3000030517578,229.33999633789062,228.46499633789062,228.88209533691406,126287,0.0,0.0
2023-08-03 15:30:00-04:00,228.89500427246094,229.05999755859375,228.5500030517578,228.63999938964844,201358,0.0,0.0
2023-08-04 09:30:00-04:00,229.89999389648438,232.32000732421875,227.0301055908203,228.4499969482422,283524,0.0,0.0
2023-08-04 10:30:00-04:00,228.3800048828125,230.7899932861328,228.3000030517578,230.7899932861328,99758,0.0,0.0
2023-08-04 11:30:00-04:00,230.89999389648438,232.6999969482422,230.68499755859375,232.66000366210938,162446,0.0,0.0
2023-08-04 12:30:00-04:00,232.72000122070312,232.97999572753906,231.94000244140625,232.27999877929688,119993,0.0,0.0
2023-08-04 13:30:00-04:00,232.1999969482422,232.77000427246094,230.72000122070312,230.86000061035156,149951,0.0,0.0
2023-08-04 14:30:00-04:00,230.85000610351562,230.9600067138672,229.38999938964844,229.5399932861328,154920,0.0,0.0
2023-08-04 15:30:00-04:00,229.63999938964844,229.7899932861328,228.60499572753906,229.0399932861328,254336,0.0,0.0
2023-08-07 09:30:00-04:00,230.50999450683594,233.6999969482422,230.08999633789062,232.4600067138672,242085,0.0,0.0
2023-08-07 10:30:00-04:00,232.66000366210938,232.6699981689453,230.98500061035156,231.5399932861328,132422,0.0,0.0
2023-08-07 11:30:00-04:00,231.5399932861328,232.30999755859375,230.77000427246094,231.67999267578125,138099,0.0,0.0
2023-08-07 12:30:00-04:00,231.74000549316406,232.2100067138672,231.42999267578125,231.66380310058594,70855,0.0,0.0
2023-08-07 13:30:00-04:00,231.7100067138672,232.3533935546875,231.5800018310547,231.8800048828125,67755,0.0,0.0
2023-08-07 14:30:00-04:00,231.94000244140625,232.75,231.9199981689453,232.31500244140625,125191,0.0,0.0
2023-08-07 15:30:00-04:00,232.3000030517578,232.5500030517578,231.69500732421875,232.3699951171875,215135,0.0,0.0
2023-08-08 09:30:00-04:00,229.75,230.83999633789062,228.36500549316406,229.58999633789062,338293,0.0,0.0
2023-08-08 10:30:00-04:00,229.50999450683594,230.17999267578125,228.09500122070312,229.33999633789062,196364,0.0,0.0
2023-08-08 11:30:00-04:00,229.24000549316406,229.24000549316406,228.02999877929688,228.49000549316406,104432,0.0,0.0
2023-08-08 12:30:00-04:00,228.44000244140625,228.82000732421875,227.94000244140625,228.50999450683594,81469,0.0,0.0
2023-08-08 13:30:00-04:00,228.63999938964844,229.35000610351562,228.49000549316406,229.05999755859375,90940,0.0,0.0
2023-08-08 14:30:00-04:00,229.10000610351562,229.5500030517578,228.7550048828125,229.1300048828125,84920,0.0,0.0
2023-08-08 15:30:00-04:00,229.1699981689453,229.22999572753906,228.50999450683594,228.92999267578125,312625,0.0,0.0
2023-08-09 09:30:00-04:00,228.1699981689453,228.97500610351562,224.5800018310547,225.3699951171875,204460,0.0,0.0
2023-08-09 10:30:00-04:00,225.36500549316406,225.36500549316406,222.22000122070312,223.15989685058594,281514,0.0,0.0
2023-08-09 11:30:00-04:00,223.44000244140625,224.24000549316406,223.2899932861328,223.77000427246094,132664,0.0,0.0
2023-08-09 12:30:00-04:00,223.64999389648438,225.0800018310547,223.58999633789062,225.0500030517578,123221,0.0,0.0
2023-08-09 13:30:00-04:00,225.13499450683594,225.92999267578125,225.0500030517578,225.75,73421,0.0,0.0
2023-08-09 14:30:00-04:00,225.75,226.1199951171875,225.13999938964844,225.64999389648438,102491,0.0,0.0
2023-08-09 15:30:00-04:00,225.66000366210938,225.86000061035156,224.83999633789062,225.27000427246094,241604,0.0,0.0
2023-08-10 09:30:00-04:00,228.1300048828125,229.73500061035156,226.38999938964844,229.02000427246094,135577,0.0,0.0
2023-08-10 10:30:00-04:00,228.97999572753906,229.5800018310547,227.18499755859375,227.8300018310547,109726,0.0,0.0
2023-08-10 11:30:00-04:00,227.69000244140625,228.08999633789062,225.44000244140625,225.91000366210938,129753,0.0,0.0
2023-08-10 12:30:00-04:00,226.12330627441406,226.69000244140625,225.3612060546875,225.4600067138672,43306,0.0,0.0
2023-08-10 13:30:00-04:00,225.32000732421875,225.42999267578125,224.27999877929688,225.22000122070312,59257,0.0,0.0
2023-08-10 14:30:00-04:00,225.3000030517578,225.94000244140625,224.78500366210938,224.94000244140625,71395,0.0,0.0
2023-08-10 15:30:00-04:00,224.88999938964844,225.8300018310547,224.55999755859375,225.58999633789062,144657,0.0,0.0
2023-08-11 09:30:00-04:00,223.39999389648438,225.38999938964844,222.85000610351562,225.3800048828125,89926,0.0,0.0
2023-08-11 10:30:00-04:00,225.38999938964844,226.3800048828125,224.77000427246094,225.1999969482422,152994,0.0,0.0
2023-08-11 11:30:00-04:00,225.32000732421875,226.25,224.77130126953125,225.8300018310547,57381,0.0,0.0
2023-08-11 12:30:00-04:00,226.02000427246094,226.44000244140625,225.5771942138672,226.44000244140625,64180,0.0,0.0
2023-08-11 13:30:00-04:00,226.30160522460938,226.4199981689453,225.43499755859375,226.1300048828125,60985,0.0,0.0
2023-08-11 14:30:00-04:00,226.07000732421875,226.75999450683594,225.97999572753906,226.44000244140625,118673,0.0,0.0
2023-08-11 15:30:00-04:00,226.44000244140625,226.59500122070312,225.80999755859375,226.11000061035156,211323,0.0,0.0
2023-08-14 09:30:00-04:00,224.9600067138672,226.83999633789062,223.94500732421875,225.52000427246094,186756,0.0,0.0
2023-08-14 10:30:00-04:00,225.52499389648438,228.3094024658203,225.52000427246094,227.8896026611328,125781,0.0,0.0
2023-08-14 11:30:00-04:00,227.75999450683594,228.3800048828125,227.1300048828125,227.47000122070312,96627,0.0,0.0
2023-08-14 12:30:00-04:00,227.39999389648438,227.67999267578125,226.8800048828125,227.23500061035156,56271,0.0,0.0
2023-08-14 13:30:00-04:00,227.3300018310547,227.85000610351562,227.1199951171875,227.83999633789062,70240,0.0,0.0
2023-08-14 14:30:00-04:00,227.89500427246094,228.27499389648438,227.44000244140625,227.50999450683594,83888,0.0,0.0
2023-08-14 15:30:00-04:00,227.55999755859375,227.9199981689453,227.14999389648438,227.91000366210938,185612,0.0,0.0
2023-08-15 09:30:00-04:00,227.9600067138672,228.3699951171875,225.2899932861328,225.64999389648438,132281,0.0,0.0
2023-08-15 10:30:00-04:00,225.5800018310547,226.69000244140625,224.8800048828125,226.10000610351562,117331,0.0,0.0
2023-08-15 11:30:00-04:00,226.02000427246094,227.02000427246094,225.9199981689453,226.4250030517578,64190,0.0,0.0
2023-08-15 12:30:00-04:00,226.44000244140625,226.9698944091797,226.16000366210938,226.44000244140625,91412,0.0,0.0
2023-08-15 13:30:00-04:00,226.47999572753906,226.69749450683594,226.05999755859375,226.32000732421875,72810,0.0,0.0
2023-08-15 14:30:00-04:00,226.17999267578125,226.58999633789062,225.0800018310547,225.0800018310547,108554,0.0,0.0
2023-08-15 15:30:00-04:00,225.0800018310547,226.47000122070312,224.77000427246094,226.16000366210938,335346,0.0,0.0
2023-08-16 09:30:00-04:00,226.50999450683594,227.38499450683594,225.02000427246094,226.89990234375,100506,0.0,0.0
2023-08-16 10:30:00-04:00,226.85000610351562,227.56100463867188,226.5800018310547,227.13999938964844,70706,0.0,0.0
2023-08-16 11:30:00-04:00,227.10000610351562,227.3000030517578,225.50999450683594,225.6999969482422,82043,0.0,0.0
2023-08-16 12:30:00-04:00,225.6649932861328,225.74000549316406,224.8300018310547,224.8800048828125,64810,0.0,0.0
2023-08-16 13:30:00-04:00,224.85000610351562,225.55999755859375,224.27999877929688,225.12750244140625,151927,0.0,0.0
2023-08-16 14:30:00-04:00,225.1699981689453,225.50250244140625,223.8800048828125,224.08999633789062,108826,0.0,0.0
2023-08-16 15:30:00-04:00,224.19000244140625,224.50999450683594,223.08999633789062,223.19000244140625,369671,0.0,0.0
2023-08-17 09:30:00-04:00,224.25,225.47000122070312,222.25,223.00999450683594,298653,0.0,0.0
2023-08-17 10:30:00-04:00,223.19000244140625,223.2949981689453,221.5800018310547,221.66000366210938,197837,0.0,0.0
2023-08-17 11:30:00-04:00,221.72000122070312,222.6999969482422,221.51010131835938,222.57000732421875,67795,0.0,0.0
2023-08-17 12:30:00-04:00,222.7899932861328,223.0399932861328,221.86000061035156,221.9600067138672,60779,0.0,0.0
2023-08-17 13:30:00-04:00,221.8800048828125,222.13999938964844,221.25,221.59500122070312,67855,0.0,0.0
2023-08-17 14:30:00-04:00,221.52000427246094,221.52000427246094,220.1199951171875,220.4199981689453,107603,0.0,0.0
2023-08-17 15:30:00-04:00,220.4199981689453,220.83999633789062,219.82000732421875,220.3000030517578,198149,0.0,0.0
2023-08-18 09:30:00-04:00,217.77000427246094,220.47999572753906,217.77000427246094,219.13250732421875,181626,0.0,0.0
2023-08-18 10:30:00-04:00,219.19000244140625,219.92999267578125,218.8350067138672,219.2449951171875,110367,0.0,0.0
2023-08-18 11:30:00-04:00,219.25,220.5800018310547,219.07000732421875,220.19000244140625,86603,0.0,0.0
2023-08-18 12:30:00-04:00,220.16749572753906,220.51499938964844,219.60000610351562,220.13999938964844,60033,0.0,0.0
2023-08-18 13:30:00-04:00,220.13999938964844,220.74000549316406,220.07000732421875,220.67999267578125,61653,0.0,0.0
2023-08-18 14:30:00-04:00,220.61000061035156,221.3699951171875,220.3800048828125,221.0800018310547,90232,0.0,0.0
2023-08-18 15:30:00-04:00,221.05999755859375,221.25,219.97999572753906,220.5500030517578,193565,0.0,0.0
2023-08-21 09:30:00-04:00,222.42999267578125,224.1699981689453,222.3470001220703,222.91000366210938,159110,0.0,0.0
2023-08-21 10:30:00-04:00,222.8000030517578,223.27999877929688,221.6649932861328,222.40499877929688,111105,0.0,0.0
2023-08-21 11:30:00-04:00,222.27000427246094,223.49000549316406,222.27000427246094,223.1300048828125,80777,0.0,0.0
2023-08-21 12:30:00-04:00,223.24000549316406,224.92999267578125,223.02999877929688,224.7100067138672,92008,0.0,0.0
2023-08-21 13:30:00-04:00,224.72000122070312,225.47999572753906,224.65150451660156,225.22999572753906,88723,0.0,0.0
2023-08-21 14:30:00-04:00,225.24000549316406,226.2550048828125,225.24000549316406,225.8699951171875,140360,0.0,0.0
2023-08-21 15:30:00-04:00,225.85000610351562,226.14999389648438,224.8699951171875,224.99000549316406,179904,0.0,0.0
2023-08-22 09:30:00-04:00,226.89999389648438,227.9600067138672,225.52499389648438,225.7550048828125,195227,0.0,0.0
2023-08-22 10:30:00-04:00,225.66000366210938,226.77000427246094,224.80499267578125,226.2550048828125,82630,0.0,0.0
2023-08-22 11:30:00-04:00,226.3000030517578,226.49000549316406,224.91000366210938,225.22000122070312,82718,0.0,0.0
2023-08-22 12:30:00-04:00,225.36000061035156,225.55999755859375,224.75,225.32000732421875,111248,0.0,0.0
2023-08-22 13:30:00-04:00,225.2899932861328,225.85499572753906,224.9600067138672,225.85499572753906,73285,0.0,0.0
2023-08-22 14:30:00-04:00,225.8800048828125,226.59500122070312,225.77999877929688,226.00999450683594,130043,0.0,0.0
2023-08-22 15:30:00-04:00,225.9199981689453,225.9949951171875,224.83999633789062,225.5,156985,0.0,0.0
2023-08-23 09:30:00-04:00,227.27999877929688,230.09500122070312,226.49000549316406,229.8800048828125,190479,0.0,0.0
2023-08-23 10:30:00-04:00,229.90499877929688,232.75,229.7100067138672,232.69500732421875,173918,0.0,0.0
2023-08-23 11:30:00-04:00,232.75999450683594,233.74000549316406,232.0399932861328,233.5092010498047,218733,0.0,0.0
2023-08-23 12:30:00-04:00,233.47000122070312,234.14999389648438,233.30349731445312,234.00999450683594,304631,0.0,0.0
2023-08-23 13:30:00-04:00,234.10000610351562,234.30499267578125,233.08999633789062,233.35499572753906,141046,0.0,0.0
2023-08-23 14:30:00-04:00,233.35499572753906,234.14999389648438,233.02000427246094,234.1199951171875,213217,0.0,0.0
2023-08-23 15:30:00-04:00,234.13999938964844,234.2799072265625,233.3300018310547,233.52000427246094,389786,0.0,0.0
2023-08-24 09:30:00-04:00,236.97999572753906,237.91000366210938,233.0,233.1199951171875,279227,0.0,0.0
2023-08-24 10:30:00-04:00,232.9600067138672,233.24000549316406,231.24000549316406,231.89999389648438,158860,0.0,0.0
2023-08-24 11:30:00-04:00,231.80499267578125,231.80499267578125,230.0,230.08999633789062,114260,0.0,0.0
2023-08-24 12:30:00-04:00,230.2050018310547,230.6999969482422,229.66000366210938,230.0,91517,0.0,0.0
2023-08-24 13:30:00-04:00,230.09500122070312,231.02999877929688,230.02999877929688,230.30999755859375,96737,0.0,0.0
2023-08-24 14:30:00-04:00,230.3800048828125,230.5850067138672,229.27000427246094,229.32000732421875,150491,0.0,0.0
2023-08-24 15:30:00-04:00,229.3800048828125,229.41000366210938,227.6199951171875,227.9600067138672,334501,0.0,0.0
2023-08-25 09:30:00-04:00,228.0,232.875,228.0,230.8350067138672,202345,0.0,0.0
2023-08-25 10:30:00-04:00,230.8300018310547,231.25,229.03500366210938,230.65499877929688,197226,0.0,0.0
2023-08-25 11:30:00-04:00,230.65499877929688,231.16000366210938,229.77000427246094,230.7050018310547,109015,0.0,0.0
2023-08-25 12:30:00-04:00,230.75,231.1750030517578,230.1699981689453,230.56500244140625,72118,0.0,0.0
2023-08-25 13:30:00-04:00,230.47000122070312,232.5749969482422,230.14999389648438,232.5749969482422,88447,0.0,0.0
2023-08-25 14:30:00-04:00,232.57000732421875,233.11000061035156,232.17999267578125,232.7449951171875,137219,0.0,0.0
2023-08-25 15:30:00-04:00,232.75,232.99000549316406,232.16000366210938,232.5,255420,0.0,0.0
2023-08-28 09:30:00-04:00,233.97000122070312,234.50999450683594,232.27499389648438,233.88999938964844,106633,0.0,0.0
2023-08-28 10:30:00-04:00,233.97999572753906,233.99000549316406,232.33999633789062,232.57000732421875,45294,0.0,0.0
2023-08-28 11:30:00-04:00,232.5050048828125,232.85000610351562,231.93499755859375,232.25999450683594,63051,0.0,0.0
2023-08-28 12:30:00-04:00,232.1999969482422,234.17999267578125,232.1999969482422,233.81500244140625,47412,0.0,0.0
2023-08-28 13:30:00-04:00,233.81500244140625,234.00999450683594,232.52000427246094,232.8300018310547,45311,0.0,0.0
2023-08-28 14:30:00-04:00,232.75,233.22999572753906,232.61000061035156,232.8000030517578,55822,0.0,0.0
2023-08-28 15:30:00-04:00,232.75999450683594,233.72000122070312,232.60000610351562,233.55999755859375,120696,0.0,0.0
2023-08-29 09:30:00-04:00,232.4600067138672,235.6999969482422,230.85499572753906,235.66000366210938,147305,0.0,0.0
2023-08-29 10:30:00-04:00,235.92999267578125,236.77000427246094,235.6199951171875,236.42999267578125,134125,0.0,0.0
2023-08-29 11:30:00-04:00,236.4600067138672,236.92909240722656,236.08999633789062,236.72500610351562,92682,0.0,0.0
2023-08-29 12:30:00-04:00,236.7899932861328,237.0500030517578,236.2899932861328,236.64999389648438,83818,0.0,0.0
2023-08-29 13:30:00-04:00,236.6999969482422,237.49000549316406,236.639892578125,237.10000610351562,112987,0.0,0.0
2023-08-29 14:30:00-04:00,237.19000244140625,238.01499938964844,237.00999450683594,237.83999633789062,141628,0.0,0.0
2023-08-29 15:30:00-04:00,237.86000061035156,238.22000122070312,237.5800018310547,237.67999267578125,250411,0.0,0.0
2023-08-30 09:30:00-04:00,238.33999633789062,239.8000030517578,237.94000244140625,238.67999267578125,117221,0.0,0.0
2023-08-30 10:30:00-04:00,238.63999938964844,240.4499969482422,238.50999450683594,239.3000030517578,142957,0.0,0.0
2023-08-30 11:30:00-04:00,239.25999450683594,239.52000427246094,238.25999450683594,238.44000244140625,208962,0.0,0.0
2023-08-30 12:30:00-04:00,238.4250030517578,239.3699951171875,238.0399932861328,238.74000549316406,64168,0.0,0.0
2023-08-30 13:30:00-04:00,238.80999755859375,239.35000610351562,238.52000427246094,238.92999267578125,62984,0.0,0.0
2023-08-30 14:30:00-04:00,238.88999938964844,240.32000732421875,238.88999938964844,240.0800018310547,84793,0.0,0.0
2023-08-30 15:30:00-04:00,240.10000610351562,240.16000366210938,239.52999877929688,239.9499969482422,160731,0.0,0.0
2023-08-31 09:30:00-04:00,239.8800048828125,242.11000061035156,239.4199981689453,242.05999755859375,140847,0.0,0.0
2023-08-31 10:30:00-04:00,242.1199951171875,242.73500061035156,240.88999938964844,241.5,65760,0.0,0.0
2023-08-31 11:30:00-04:00,241.47999572753906,241.71249389648438,240.52999877929688,240.8175048828125,51275,0.0,0.0
2023-08-31 12:30:00-04:00,240.8300018310547,241.38999938964844,240.375,241.38499450683594,67853,0.0,0.0
2023-08-31 13:30:00-04:00,241.44500732421875,241.97000122070312,241.14999389648438,241.7449951171875,52989,0.0,0.0
2023-08-31 14:30:00-04:00,241.6999969482422,241.75,241.2100067138672,241.5800018310547,53194,0.0,0.0
2023-08-31 15:30:00-04:00,241.59500122070312,241.69000244140625,239.88999938964844,240.44000244140625,225077,0.0,0.0
2023-09-01 09:30:00-04:00,242.2100067138672,242.8300018310547,239.66000366210938,242.8300018310547,125472,0.0,0.0
2023-09-01 10:30:00-04:00,242.85000610351562,243.77999877929688,242.1649932861328,243.47999572753906,216837,0.0,0.0
2023-09-01 11:30:00-04:00,243.55999755859375,243.82809448242188,242.6300048828125,243.25999450683594,95134,0.0,0.0
2023-09-01 12:30:00-04:00,243.33999633789062,243.45880126953125,242.72000122070312,242.7899932861328,39019,0.0,0.0
2023-09-01 13:30:00-04:00,242.75,243.02999877929688,242.02000427246094,242.24000549316406,84875,0.0,0.0
2023-09-01 14:30:00-04:00,242.2050018310547,243.13999938964844,242.0500030517578,243.13999938964844,81681,0.0,0.0
2023-09-01 15:30:00-04:00,243.1999969482422,243.8000030517578,242.9199981689453,243.61000061035156,160415,0.0,0.0
2023-09-05 09:30:00-04:00,243.44000244140625,244.52000427246094,240.3699951171875,242.375,261292,0.0,0.0
2023-09-05 10:30:00-04:00,242.38999938964844,245.5800018310547,242.0850067138672,245.25,181001,0.0,0.0
2023-09-05 11:30:00-04:00,245.3800048828125,245.63999938964844,244.7449951171875,244.92999267578125,115491,0.0,0.0
2023-09-05 12:30:00-04:00,244.88999938964844,245.77000427246094,244.8800048828125,245.19000244140625,79033,0.0,0.0
2023-09-05 13:30:00-04:00,245.1999969482422,246.91000366210938,245.1999969482422,246.82000732421875,102466,0.0,0.0
2023-09-05 14:30:00-04:00,246.8699951171875,247.1199951171875,245.83999633789062,246.13999938964844,122057,0.0,0.0
2023-09-05 15:30:00-04:00,246.19000244140625,246.32000732421875,245.3800048828125,245.5399932861328,178566,0.0,0.0
2023-09-06 09:30:00-04:00,244.47000122070312,247.25999450683594,244.47000122070312,246.81500244140625,198970,0.0,0.0
2023-09-06 10:30:00-04:00,246.72000122070312,247.5,245.85499572753906,246.80999755859375,179830,0.0,0.0
2023-09-06 11:30:00-04:00,246.84500122070312,246.9250030517578,245.57000732421875,245.70989990234375,112623,0.0,0.0
2023-09-06 12:30:00-04:00,245.5399932861328,246.52000427246094,245.4600067138672,246.4199981689453,98074,0.0,0.0
2023-09-06 13:30:00-04:00,246.3699951171875,246.57000732421875,246.02999877929688,246.5,82129,0.0,0.0
2023-09-06 14:30:00-04:00,246.5,247.41000366210938,246.00999450683594,246.13999938964844,179588,0.0,0.0
2023-09-06 15:30:00-04:00,246.1699981689453,246.77999877929688,245.86000061035156,246.6300048828125,210954,0.0,0.0
2023-09-07 09:30:00-04:00,246.0399932861328,246.47000122070312,238.9499969482422,240.11000061035156,263970,0.0,0.0
2023-09-07 10:30:00-04:00,240.11500549316406,241.27999877929688,236.1199951171875,236.3074951171875,237605,0.0,0.0
2023-09-07 11:30:00-04:00,236.07000732421875,239.64999389648438,235.8249969482422,239.5,136485,0.0,0.0
2023-09-07 12:30:00-04:00,239.77000427246094,240.30999755859375,239.39500427246094,240.17999267578125,75730,0.0,0.0
2023-09-07 13:30:00-04:00,240.3300018310547,241.5850067138672,239.8249969482422,240.8300018310547,102103,0.0,0.0
2023-09-07 14:30:00-04:00,240.83999633789062,241.75,240.75250244140625,241.4499969482422,156351,0.0,0.0
2023-09-07 15:30:00-04:00,241.30999755859375,241.89999389648438,241.10499572753906,241.41000366210938,291495,0.0,0.0
2023-09-08 09:30:00-04:00,241.4199981689453,243.52499389648438,240.6750030517578,240.82000732421875,128127,0.0,0.0
2023-09-08 10:30:00-04:00,240.8800048828125,241.07000732421875,237.89999389648438,238.75,173194,0.0,0.0
2023-09-08 11:30:00-04:00,238.75,239.33999633789062,238.22999572753906,238.49000549316406,107687,0.0,0.0
2023-09-08 12:30:00-04:00,238.5800018310547,238.5800018310547,237.25,237.33999633789062,108014,0.0,0.0
2023-09-08 13:30:00-04:00,237.37989807128906,237.83999633789062,236.75999450683594,237.05999755859375,98253,0.0,0.0
2023-09-08 14:30:00-04:00,237.0,237.44000244140625,236.55999755859375,237.27000427246094,112670,0.0,0.0
2023-09-08 15:30:00-04:00,237.2050018310547,238.02999877929688,236.9499969482422,237.97999572753906,224657,0.0,0.0
2023-09-11 09:30:00-04:00,238.77999877929688,241.22000122070312,238.77999877929688,240.5749969482422,240778,0.0,0.0
2023-09-11 10:30:00-04:00,240.38999938964844,240.76499938964844,239.40499877929688,240.64500427246094,113812,0.0,0.0
2023-09-11 11:30:00-04:00,240.5399932861328,241.6699981689453,240.1999969482422,241.40499877929688,71043,0.0,0.0
2023-09-11 12:30:00-04:00,241.4199981689453,242.50999450683594,240.6999969482422,242.50999450683594,84759,0.0,0.0
2023-09-11 13:30:00-04:00,242.42999267578125,243.67999267578125,242.42999267578125,243.67999267578125,120581,0.0,0.0
2023-09-11 14:30:00-04:00,243.72000122070312,243.77000427246094,242.67999267578125,243.53500366210938,92506,0.0,0.0
2023-09-11 15:30:00-04:00,243.52000427246094,243.8300018310547,243.08999633789062,243.25999450683594,171507,0.0,0.0
2023-09-12 09:30:00-04:00,241.89999389648438,242.0500030517578,239.1999969482422,240.05999755859375,123600,0.0,0.0
2023-09-12 10:30:00-04:00,239.85000610351562,239.91000366210938,237.4499969482422,237.85000610351562,86742,0.0,0.0
2023-09-12 11:30:00-04:00,237.82000732421875,238.47999572753906,237.4199981689453,238.38499450683594,78644,0.0,0.0
2023-09-12 12:30:00-04:00,238.38499450683594,238.38499450683594,237.46499633789062,238.3800048828125,84448,0.0,0.0
2023-09-12 13:30:00-04:00,238.2899932861328,238.8300018310547,237.0399932861328,237.40499877929688,76026,0.0,0.0
2023-09-12 14:30:00-04:00,237.35000610351562,237.80999755859375,236.82000732421875,236.8800048828125,88813,0.0,0.0
2023-09-12 15:30:00-04:00,236.92999267578125,236.92999267578125,236.33999633789062,236.47999572753906,183666,0.0,0.0
2023-09-13 09:30:00-04:00,236.4600067138672,239.47000122070312,236.4600067138672,239.38999938964844,135381,0.0,0.0
2023-09-13 10:30:00-04:00,239.41000366210938,241.25999450683594,239.13999938964844,240.96499633789062,195847,0.0,0.0
2023-09-13 11:30:00-04:00,240.97000122070312,242.47999572753906,240.82000732421875,242.33999633789062,167351,0.0,0.0
2023-09-13 12:30:00-04:00,242.3699951171875,243.02499389648438,241.89999389648438,242.9600067138672,90169,0.0,0.0
2023-09-13 13:30:00-04:00,242.85000610351562,243.02000427246094,242.1699981689453,242.625,88366,0.0,0.0
2023-09-13 14:30:00-04:00,242.5500030517578,242.6199951171875,240.69140625,240.8800048828125,114515,0.0,0.0
2023-09-13 15:30:00-04:00,240.8699951171875,241.25,240.27000427246094,241.19000244140625,163713,0.0,0.0
2023-09-14 09:30:00-04:00,243.1199951171875,243.30999755859375,238.17999267578125,240.25999450683594,244353,0.0,0.0
2023-09-14 10:30:00-04:00,240.27000427246094,242.77999877929688,240.27000427246094,242.55499267578125,91834,0.0,0.0
2023-09-14 11:30:00-04:00,242.64999389648438,243.6300048828125,241.99000549316406,243.27999877929688,81290,0.0,0.0
2023-09-14 12:30:00-04:00,243.3000030517578,244.14999389648438,242.7550048828125,243.73500061035156,86440,0.0,0.0
2023-09-14 13:30:00-04:00,243.69000244140625,243.89999389648438,241.72000122070312,241.89500427246094,105880,0.0,0.0
2023-09-14 14:30:00-04:00,241.8300018310547,243.24000549316406,241.8000030517578,243.00999450683594,116610,0.0,0.0
2023-09-14 15:30:00-04:00,242.97999572753906,243.35000610351562,242.49000549316406,242.82000732421875,210099,0.0,0.0
2023-09-15 09:30:00-04:00,242.63999938964844,242.63999938964844,235.2899932861328,235.69000244140625,516241,0.0,0.0
2023-09-15 10:30:00-04:00,235.57000732421875,235.72999572753906,232.19000244140625,232.8000030517578,178667,0.0,0.0
2023-09-15 11:30:00-04:00,232.82000732421875,234.38999938964844,232.6999969482422,233.9600067138672,120103,0.0,0.0
2023-09-15 12:30:00-04:00,234.0,235.60000610351562,234.0,234.7949981689453,68208,0.0,0.0
2023-09-15 13:30:00-04:00,234.8000030517578,234.9499969482422,234.2100067138672,234.4600067138672,69837,0.0,0.0
2023-09-15 14:30:00-04:00,234.47999572753906,235.07000732421875,233.9199981689453,234.88999938964844,90229,0.0,0.0
2023-09-15 15:30:00-04:00,234.91000366210938,235.07000732421875,233.67999267578125,234.07000732421875,300071,0.0,0.0
2023-09-18 09:30:00-04:00,233.11000061035156,235.80999755859375,232.80499267578125,234.39999389648438,133135,0.0,0.0
2023-09-18 10:30:00-04:00,234.4149932861328,236.3524932861328,234.08999633789062,236.25999450683594,63826,0.0,0.0
2023-09-18 11:30:00-04:00,236.25,236.80990600585938,235.66000366210938,236.5449981689453,43320,0.0,0.0
2023-09-18 12:30:00-04:00,236.6699981689453,237.19500732421875,236.4550018310547,236.83999633789062,34220,0.0,0.0
2023-09-18 13:30:00-04:00,236.91000366210938,237.24000549316406,236.63999938964844,236.6699981689453,45423,0.0,0.0
2023-09-18 14:30:00-04:00,236.63999938964844,236.9199981689453,235.9300994873047,236.35499572753906,64440,0.0,0.0
2023-09-18 15:30:00-04:00,236.35000610351562,236.9600067138672,236.10000610351562,236.8300018310547,136836,0.0,0.0
2023-09-19 09:30:00-04:00,235.66000366210938,236.0,233.4550018310547,234.6199951171875,98130,0.0,0.0
2023-09-19 10:30:00-04:00,234.42999267578125,234.5,233.11000061035156,234.0399932861328,51311,0.0,0.0
2023-09-19 11:30:00-04:00,233.92999267578125,235.2100067138672,233.80589294433594,235.11500549316406,40697,0.0,0.0
2023-09-19 12:30:00-04:00,235.0,235.72000122070312,234.42999267578125,235.639892578125,31803,0.0,0.0
2023-09-19 13:30:00-04:00,235.63999938964844,236.5500030517578,235.63999938964844,236.07000732421875,27758,0.0,0.0
2023-09-19 14:30:00-04:00,236.1999969482422,236.69000244140625,235.5500030517578,235.69000244140625,52997,0.0,0.0
2023-09-19 15:30:00-04:00,235.63999938964844,236.7050018310547,235.4149932861328,236.6300048828125,92078,0.0,0.0
2023-09-20 09:30:00-04:00,237.47000122070312,238.2899932861328,236.41000366210938,236.8699951171875,72752,0.0,0.0
2023-09-20 10:30:00-04:00,236.60000610351562,237.61900329589844,236.5800018310547,237.33999633789062,36146,0.0,0.0
2023-09-20 11:30:00-04:00,237.25999450683594,238.1199951171875,237.25999450683594,238.07000732421875,41962,0.0,0.0
2023-09-20 12:30:00-04:00,237.9199981689453,238.27999877929688,237.63999938964844,237.8350067138672,32437,0.0,0.0
2023-09-20 13:30:00-04:00,237.7100067138672,238.0299072265625,236.30999755859375,237.22999572753906,55217,0.0,0.0
2023-09-20 14:30:00-04:00,237.1750030517578,238.02000427246094,235.45469665527344,235.6699981689453,60044,0.0,0.0
2023-09-20 15:30:00-04:00,235.78500366210938,235.83999633789062,234.19000244140625,234.19000244140625,180805,0.0,0.0
2023-09-21 09:30:00-04:00,230.4949951171875,232.41000366210938,229.6199951171875,231.35000610351562,218134,0.0,0.0
2023-09-21 10:30:00-04:00,231.34500122070312,232.27000427246094,229.77999877929688,229.8300018310547,128060,0.0,0.0
2023-09-21 11:30:00-04:00,229.83999633789062,230.66000366210938,229.44000244140625,230.25999450683594,95437,0.0,0.0
2023-09-21 12:30:00-04:00,230.22000122070312,230.77000427246094,229.6750030517578,230.44000244140625,59045,0.0,0.0
2023-09-21 13:30:00-04:00,230.5,230.80999755859375,229.47000122070312,229.5399932861328,61849,0.0,0.0
2023-09-21 14:30:00-04:00,229.5850067138672,229.72000122070312,228.52000427246094,229.33999633789062,104727,0.0,0.0
2023-09-21 15:30:00-04:00,229.35000610351562,229.60000610351562,228.5399932861328,228.63999938964844,155116,0.0,0.0
2023-09-22 09:30:00-04:00,229.6699981689453,231.8800048828125,229.6699981689453,230.4600067138672,90425,0.0,0.0
2023-09-22 10:30:00-04:00,230.92999267578125,232.8699951171875,230.92999267578125,232.36500549316406,85741,0.0,0.0
2023-09-22 11:30:00-04:00,232.3699951171875,233.07000732421875,232.30999755859375,232.88499450683594,59349,0.0,0.0
2023-09-22 12:30:00-04:00,232.89999389648438,233.25,232.10000610351562,232.16000366210938,55457,0.0,0.0
2023-09-22 13:30:00-04:00,232.16000366210938,232.16000366210938,230.80499267578125,230.9600067138672,47397,0.0,0.0
2023-09-22 14:30:00-04:00,231.05499267578125,232.27000427246094,230.69000244140625,231.85000610351562,57585,0.0,0.0
2023-09-22 15:30:00-04:00,231.86000061035156,232.17999267578125,230.44000244140625,230.66000366210938,150619,0.0,0.0
2023-09-25 09:30:00-04:00,230.99000549316406,232.66000366210938,229.4199981689453,231.0,146449,0.0,0.0
2023-09-25 10:30:00-04:00,230.89999389648438,231.32420349121094,229.8300018310547,230.78500366210938,77103,0.0,0.0
2023-09-25 11:30:00-04:00,230.89999389648438,231.82000732421875,230.7100067138672,231.53610229492188,55005,0.0,0.0
2023-09-25 12:30:00-04:00,231.44000244140625,231.4600067138672,230.30050659179688,230.93499755859375,40790,0.0,0.0
2023-09-25 13:30:00-04:00,230.88999938964844,231.30999755859375,230.58230590820312,230.88999938964844,49143,0.0,0.0
2023-09-25 14:30:00-04:00,230.8300018310547,231.47999572753906,230.47000122070312,230.9600067138672,84054,0.0,0.0
2023-09-25 15:30:00-04:00,230.86000061035156,231.38999938964844,230.49000549316406,231.26100158691406,169760,0.0,0.0
2023-09-26 09:30:00-04:00,230.61000061035156,230.77999877929688,227.47999572753906,228.2449951171875,117876,0.0,0.0
2023-09-26 10:30:00-04:00,228.17999267578125,228.40499877929688,227.08999633789062,227.27499389648438,100358,0.0,0.0
2023-09-26 11:30:00-04:00,227.25,228.32249450683594,227.0500030517578,228.24000549316406,63148,0.0,0.0
2023-09-26 12:30:00-04:00,228.27499389648438,229.41000366210938,228.10000610351562,229.0500030517578,65560,0.0,0.0
2023-09-26 13:30:00-04:00,229.0,229.24000549316406,228.6199951171875,228.875,76879,0.0,0.0
2023-09-26 14:30:00-04:00,228.9600067138672,229.19000244140625,228.49000549316406,228.61500549316406,102708,0.0,0.0
2023-09-26 15:30:00-04:00,228.60000610351562,229.39999389648438,228.25,229.32000732421875,177479,0.0,0.0
2023-09-27 09:30:00-04:00,230.3300018310547,231.02000427246094,229.26010131835938,231.0,119284,0.0,0.0
2023-09-27 10:30:00-04:00,230.88999938964844,231.16000366210938,229.44000244140625,230.8300018310547,87551,0.0,0.0
2023-09-27 11:30:00-04:00,230.91000366210938,231.01499938964844,228.5800018310547,229.02000427246094,124597,0.0,0.0
2023-09-27 12:30:00-04:00,229.00999450683594,229.74000549316406,228.32000732421875,228.32000732421875,106226,0.0,0.0
2023-09-27 13:30:00-04:00,228.39999389648438,229.52000427246094,227.77000427246094,229.52000427246094,78173,0.0,0.0
2023-09-27 14:30:00-04:00,229.72000122070312,232.3800048828125,229.67999267578125,231.27000427246094,146782,0.0,0.0
2023-09-27 15:30:00-04:00,231.25,231.36000061035156,229.92999267578125,230.83999633789062,200699,0.0,0.0
2023-09-28 09:30:00-04:00,230.00999450683594,233.4600067138672,229.22999572753906,231.94000244140625,303132,0.0,0.0
2023-09-28 10:30:00-04:00,231.75999450683594,234.14999389648438,231.3000030517578,233.94000244140625,124039,0.0,0.0
2023-09-28 11:30:00-04:00,233.8000030517578,235.72999572753906,233.8000030517578,235.57000732421875,83859,0.0,0.0
2023-09-28 12:30:00-04:00,235.61000061035156,236.22000122070312,234.8300018310547,234.875,77319,0.0,0.0
2023-09-28 13:30:00-04:00,234.86500549316406,235.00999450683594,233.76499938964844,234.50999450683594,78075,0.0,0.0
2023-09-28 14:30:00-04:00,234.4199981689453,234.77999877929688,233.63499450683594,234.72500610351562,130555,0.0,0.0
2023-09-28 15:30:00-04:00,234.77999877929688,234.8699951171875,233.6999969482422,233.9199981689453,153785,0.0,0.0
2023-09-29 09:30:00-04:00,236.67999267578125,239.1199951171875,235.82000732421875,236.3000030517578,166361,0.0,0.0
2023-09-29 10:30:00-04:00,236.27000427246094,236.92599487304688,235.40499877929688,235.8300018310547,63191,0.0,0.0
2023-09-29 11:30:00-04:00,235.83999633789062,235.9499969482422,234.89500427246094,235.72999572753906,53344,0.0,0.0
2023-09-29 12:30:00-04:00,235.6999969482422,235.91000366210938,233.67999267578125,233.99839782714844,46915,0.0,0.0
2023-09-29 13:30:00-04:00,234.125,234.2899932861328,233.25,233.25,49638,0.0,0.0
2023-09-29 14:30:00-04:00,233.4600067138672,234.38999938964844,233.12010192871094,234.3699951171875,64030,0.0,0.0
2023-09-29 15:30:00-04:00,234.34500122070312,235.07000732421875,233.7899932861328,234.3000030517578,144463,0.0,0.0
2023-10-02 09:30:00-04:00,235.44000244140625,237.8000030517578,235.17999267578125,235.9550018310547,131148,0.0,0.0
2023-10-02 10:30:00-04:00,235.72999572753906,237.8699951171875,235.02499389648438,237.74000549316406,70226,0.0,0.0
2023-10-02 11:30:00-04:00,237.8000030517578,237.8699951171875,234.60000610351562,235.35000610351562,105814,0.0,0.0
2023-10-02 12:30:00-04:00,235.2050018310547,235.52999877929688,234.48379516601562,235.0399932861328,48007,0.0,0.0
2023-10-02 13:30:00-04:00,235.24000549316406,236.4199981689453,234.88999938964844,235.69500732421875,58036,0.0,0.0
2023-10-02 14:30:00-04:00,235.5399932861328,235.68499755859375,234.6199951171875,235.2100067138672,51135,0.0,0.0
2023-10-02 15:30:00-04:00,235.36000061035156,236.52999877929688,235.1699981689453,236.49000549316406,120253,0.0,0.0
2023-10-03 09:30:00-04:00,233.6300048828125,237.1199951171875,232.375,232.77000427246094,142914,0.0,0.0
2023-10-03 10:30:00-04:00,232.52999877929688,232.94000244140625,231.33999633789062,231.33999633789062,102233,0.0,0.0
2023-10-03 11:30:00-04:00,231.3300018310547,231.50999450683594,230.24000549316406,230.47000122070312,81070,0.0,0.0
2023-10-03 12:30:00-04:00,230.4199981689453,230.66000366210938,228.69000244140625,228.81500244140625,82847,0.0,0.0
2023-10-03 13:30:00-04:00,228.8800048828125,229.08999633789062,227.88999938964844,228.27000427246094,72448,0.0,0.0
2023-10-03 14:30:00-04:00,228.26499938964844,228.91000366210938,227.82000732421875,227.85000610351562,107784,0.0,0.0
2023-10-03 15:30:00-04:00,227.89999389648438,228.7899932861328,227.7700958251953,228.7100067138672,210331,0.0,0.0
2023-10-04 09:30:00-04:00,230.92999267578125,233.3000030517578,230.1699981689453,230.4199981689453,108829,0.0,0.0
2023-10-04 10:30:00-04:00,230.8300018310547,233.67999267578125,230.8300018310547,233.44000244140625,69104,0.0,0.0
2023-10-04 11:30:00-04:00,233.4949951171875,234.72549438476562,233.4949951171875,234.1199951171875,49335,0.0,0.0
2023-10-04 12:30:00-04:00,234.22999572753906,234.64999389648438,233.83999633789062,234.25,64884,0.0,0.0
2023-10-04 13:30:00-04:00,234.1999969482422,234.1999969482422,232.5800018310547,233.46499633789062,69056,0.0,0.0
2023-10-04 14:30:00-04:00,233.41229248046875,235.23500061035156,233.0500030517578,235.02499389648438,65965,0.0,0.0
2023-10-04 15:30:00-04:00,235.0500030517578,235.77999877929688,234.7899932861328,234.97000122070312,150271,0.0,0.0
2023-10-05 09:30:00-04:00,234.5,235.39999389648438,231.5399932861328,232.77999877929688,99359,0.0,0.0
2023-10-05 10:30:00-04:00,232.4199981689453,232.65499877929688,231.10000610351562,232.3800048828125,49789,0.0,0.0
2023-10-05 11:30:00-04:00,232.3000030517578,234.2100067138672,231.97000122070312,234.05999755859375,54189,0.0,0.0
2023-10-05 12:30:00-04:00,234.16000366210938,234.30499267578125,233.5050048828125,233.98500061035156,68868,0.0,0.0
2023-10-05 13:30:00-04:00,233.85000610351562,234.9600067138672,233.40499877929688,234.6425018310547,70661,0.0,0.0
2023-10-05 14:30:00-04:00,234.55999755859375,235.61000061035156,234.5,235.47999572753906,89367,0.0,0.0
2023-10-05 15:30:00-04:00,235.52999877929688,235.69000244140625,234.67999267578125,234.89999389648438,161156,0.0,0.0
2023-10-06 09:30:00-04:00,232.8800048828125,238.8350067138672,231.83999633789062,238.69700622558594,201926,0.0,0.0
2023-10-06 10:30:00-04:00,238.7729949951172,240.1199951171875,238.43350219726562,239.7100067138672,159215,0.0,0.0
2023-10-06 11:30:00-04:00,240.00900268554688,242.60000610351562,239.89999389648438,242.22000122070312,137388,0.0,0.0
2023-10-06 12:30:00-04:00,242.3249969482422,243.75,242.0800018310547,243.46449279785156,80394,0.0,0.0
2023-10-06 13:30:00-04:00,243.52000427246094,244.02000427246094,243.16000366210938,244.0,109974,0.0,0.0
2023-10-06 14:30:00-04:00,244.0,244.77000427246094,243.86729431152344,244.49000549316406,127887,0.0,0.0
2023-10-06 15:30:00-04:00,244.47000122070312,244.8800048828125,243.7899932861328,243.8300018310547,239691,0.0,0.0
2023-10-09 09:30:00-04:00,241.14999389648438,244.47000122070312,240.3000030517578,243.76499938964844,164543,0.0,0.0
2023-10-09 10:30:00-04:00,243.63999938964844,244.25,242.39100646972656,244.00999450683594,161212,0.0,0.0
2023-10-09 11:30:00-04:00,243.97000122070312,245.51499938964844,243.97000122070312,245.0500030517578,144699,0.0,0.0
2023-10-09 12:30:00-04:00,245.07000732421875,246.36000061035156,244.78500366210938,246.36000061035156,73425,0.0,0.0
2023-10-09 13:30:00-04:00,246.41000366210938,247.97999572753906,246.31500244140625,247.88180541992188,148144,0.0,0.0
2023-10-09 14:30:00-04:00,247.97999572753906,248.72000122070312,247.5800018310547,248.02000427246094,129173,0.0,0.0
2023-10-09 15:30:00-04:00,247.8800048828125,247.89999389648438,247.0399932861328,247.3800048828125,186969,0.0,0.0
2023-10-10 09:30:00-04:00,248.27000427246094,251.74989318847656,246.1750030517578,251.5850067138672,370852,0.0,0.0
2023-10-10 10:30:00-04:00,251.71499633789062,253.44000244140625,251.4822998046875,252.4499969482422,239530,0.0,0.0
2023-10-10 11:30:00-04:00,252.35000610351562,252.74000549316406,251.2899932861328,251.71499633789062,185309,0.0,0.0
2023-10-10 12:30:00-04:00,251.72999572753906,252.0399932861328,249.14500427246094,249.2899932861328,111885,0.0,0.0
2023-10-10 13:30:00-04:00,249.24749755859375,250.5800018310547,249.19000244140625,249.77000427246094,121094,0.0,0.0
2023-10-10 14:30:00-04:00,249.8000030517578,250.61000061035156,249.44000244140625,250.0500030517578,131946,0.0,0.0
2023-10-10 15:30:00-04:00,250.0749969482422,250.58999633789062,249.52000427246094,249.8000030517578,205673,0.0,0.0
2023-10-11 09:30:00-04:00,250.32000732421875,252.98989868164062,250.32000732421875,252.61000061035156,270391,0.0,0.0
2023-10-11 10:30:00-04:00,252.64999389648438,253.97000122070312,250.9499969482422,253.14999389648438,137661,0.0,0.0
2023-10-11 11:30:00-04:00,253.1999969482422,253.1999969482422,252.02999877929688,252.26499938964844,69960,0.0,0.0
2023-10-11 12:30:00-04:00,252.29660034179688,252.4499969482422,250.7899932861328,251.36000061035156,53333,0.0,0.0
2023-10-11 13:30:00-04:00,251.32000732421875,251.9149932861328,251.0,251.4499969482422,73972,0.0,0.0
2023-10-11 14:30:00-04:00,251.47999572753906,252.6649932861328,251.47999572753906,252.42999267578125,132589,0.0,0.0
2023-10-11 15:30:00-04:00,252.43499755859375,253.46499633789062,252.43499755859375,253.0800018310547,176622,0.0,0.0
2023-10-12 09:30:00-04:00,254.36000061035156,255.6300048828125,252.10000610351562,254.7550048828125,208348,0.0,0.0
2023-10-12 10:30:00-04:00,254.82000732421875,255.85000610351562,254.4600067138672,254.4600067138672,139008,0.0,0.0
2023-10-12 11:30:00-04:00,254.22999572753906,254.75999450683594,253.77000427246094,254.42999267578125,83547,0.0,0.0
2023-10-12 12:30:00-04:00,254.42999267578125,254.75,251.41000366210938,251.77000427246094,78640,0.0,0.0
2023-10-12 13:30:00-04:00,251.8350067138672,252.1199951171875,250.6199951171875,251.6156005859375,129679,0.0,0.0
2023-10-12 14:30:00-04:00,251.5229949951172,252.5399932861328,251.44000244140625,252.16000366210938,82123,0.0,0.0
2023-10-12 15:30:00-04:00,252.16000366210938,252.69000244140625,251.94000244140625,252.1999969482422,182557,0.0,0.0
2023-10-13 09:30:00-04:00,252.97999572753906,253.74000549316406,250.94000244140625,251.2100067138672,195815,0.0,0.0
2023-10-13 10:30:00-04:00,251.17999267578125,251.61000061035156,249.08999633789062,249.20249938964844,197336,0.0,0.0
2023-10-13 11:30:00-04:00,249.17999267578125,251.22000122070312,249.1300048828125,251.22000122070312,146900,0.0,0.0
2023-10-13 12:30:00-04:00,251.22999572753906,251.47999572753906,248.67999267578125,248.67999267578125,62258,0.0,0.0
2023-10-13 13:30:00-04:00,248.67999267578125,250.22000122070312,248.32000732421875,249.58999633789062,83658,0.0,0.0
2023-10-13 14:30:00-04:00,249.6699981689453,250.85000610351562,249.6699981689453,250.36000061035156,82581,0.0,0.0
2023-10-13 15:30:00-04:00,250.3800048828125,250.64999389648438,249.61500549316406,250.38999938964844,298195,0.0,0.0
2023-10-16 09:30:00-04:00,251.94000244140625,252.69000244140625,247.5,251.80499267578125,380393,0.0,0.0
2023-10-16 10:30:00-04:00,251.75999450683594,252.08999633789062,250.22999572753906,250.5399932861328,172602,0.0,0.0
2023-10-16 11:30:00-04:00,250.58999633789062,251.8699951171875,249.4600067138672,249.60000610351562,136002,0.0,0.0
2023-10-16 12:30:00-04:00,249.56500244140625,251.4600067138672,249.27000427246094,249.9199981689453,95841,0.0,0.0
2023-10-16 13:30:00-04:00,249.9499969482422,251.3867950439453,249.8800048828125,250.85000610351562,124551,0.0,0.0
2023-10-16 14:30:00-04:00,250.82000732421875,251.82000732421875,250.47000122070312,251.80999755859375,143671,0.0,0.0
2023-10-16 15:30:00-04:00,251.77999877929688,251.77999877929688,251.1750030517578,251.42999267578125,233679,0.0,0.0
2023-10-17 09:30:00-04:00,248.5800018310547,250.4600067138672,245.8300018310547,250.35000610351562,254779,0.0,0.0
2023-10-17 10:30:00-04:00,250.1699981689453,251.43499755859375,250.02999877929688,250.42999267578125,196442,0.0,0.0
2023-10-17 11:30:00-04:00,250.61749267578125,251.47000122070312,249.55499267578125,249.8699951171875,239005,0.0,0.0
2023-10-17 12:30:00-04:00,249.8175048828125,250.36000061035156,249.1699981689453,249.83999633789062,131293,0.0,0.0
2023-10-17 13:30:00-04:00,249.74000549316406,250.3350067138672,249.00999450683594,249.13999938964844,105818,0.0,0.0
2023-10-17 14:30:00-04:00,249.23910522460938,250.2100067138672,248.97999572753906,250.11000061035156,154455,0.0,0.0
2023-10-17 15:30:00-04:00,250.1300048828125,250.1300048828125,249.33999633789062,249.97000122070312,197373,0.0,0.0
2023-10-18 09:30:00-04:00,248.82000732421875,251.3000030517578,247.9250030517578,250.6501007080078,232486,0.0,0.0
2023-10-18 10:30:00-04:00,250.4499969482422,250.49000549316406,249.35499572753906,249.94000244140625,125315,0.0,0.0
2023-10-18 11:30:00-04:00,250.0800018310547,250.72000122070312,247.9600067138672,248.25999450683594,254991,0.0,0.0
2023-10-18 12:30:00-04:00,248.2100067138672,249.02999877929688,246.88999938964844,248.75999450683594,145155,0.0,0.0
2023-10-18 13:30:00-04:00,248.85000610351562,248.85000610351562,247.3350067138672,247.89999389648438,79837,0.0,0.0
2023-10-18 14:30:00-04:00,247.89999389648438,248.139892578125,246.48500061035156,246.6999969482422,93643,0.0,0.0
2023-10-18 15:30:00-04:00,246.6699981689453,247.0,245.94000244140625,246.5399932861328,227571,0.0,0.0
2023-10-19 09:30:00-04:00,248.60000610351562,250.24000549316406,246.07000732421875,248.55999755859375,203441,0.0,0.0
2023-10-19 10:30:00-04:00,248.60000610351562,249.6199951171875,247.47000122070312,248.4499969482422,140097,0.0,0.0
2023-10-19 11:30:00-04:00,248.47000122070312,249.67999267578125,247.5800018310547,248.1199951171875,115268,0.0,0.0
2023-10-19 12:30:00-04:00,248.28500366210938,249.75999450683594,246.16000366210938,249.01499938964844,105135,0.0,0.0
2023-10-19 13:30:00-04:00,249.05999755859375,249.0749969482422,247.08999633789062,247.22000122070312,89889,0.0,0.0
2023-10-19 14:30:00-04:00,247.4499969482422,247.4499969482422,244.61000061035156,244.85000610351562,143917,0.0,0.0
2023-10-19 15:30:00-04:00,244.89999389648438,245.55999755859375,243.92999267578125,244.9199981689453,193443,0.0,0.0
2023-10-20 09:30:00-04:00,245.1300048828125,245.1300048828125,241.0800018310547,241.25999450683594,230022,0.0,0.0
2023-10-20 10:30:00-04:00,241.41000366210938,241.41000366210938,238.1300048828125,239.03050231933594,242969,0.0,0.0
2023-10-20 11:30:00-04:00,238.86000061035156,239.39999389648438,238.02999877929688,238.74000549316406,86894,0.0,0.0
2023-10-20 12:30:00-04:00,238.88499450683594,241.18499755859375,238.79379272460938,240.7100067138672,59486,0.0,0.0
2023-10-20 13:30:00-04:00,240.8300018310547,240.8300018310547,239.56500244140625,239.7899932861328,68966,0.0,0.0
2023-10-20 14:30:00-04:00,239.72999572753906,240.39999389648438,239.0449981689453,239.49000549316406,101475,0.0,0.0
2023-10-20 15:30:00-04:00,239.4949951171875,239.58999633789062,238.36000061035156,238.63999938964844,263861,0.0,0.0
2023-10-23 09:30:00-04:00,239.0800018310547,241.24000549316406,236.19000244140625,239.8699951171875,213727,0.0,0.0
2023-10-23 10:30:00-04:00,240.02000427246094,240.72999572753906,238.97000122070312,240.3800048828125,99658,0.0,0.0
2023-10-23 11:30:00-04:00,240.39149475097656,241.08999633789062,239.8800048828125,241.0850067138672,94519,0.0,0.0
2023-10-23 12:30:00-04:00,240.99000549316406,242.32000732421875,240.8000030517578,241.47000122070312,79228,0.0,0.0
2023-10-23 13:30:00-04:00,241.46499633789062,242.1490020751953,240.89999389648438,241.02999877929688,90278,0.0,0.0
2023-10-23 14:30:00-04:00,240.94000244140625,241.65989685058594,240.36500549316406,240.47000122070312,186576,0.0,0.0
2023-10-23 15:30:00-04:00,240.44000244140625,240.80499267578125,239.50999450683594,239.72000122070312,304269,0.0,0.0
2023-10-24 09:30:00-04:00,234.69000244140625,243.94000244140625,233.02000427246094,237.02999877929688,674766,0.0,0.0
2023-10-24 10:30:00-04:00,236.9949951171875,238.11000061035156,235.8603973388672,237.41000366210938,365850,0.0,0.0
2023-10-24 11:30:00-04:00,237.5,237.6199951171875,234.27999877929688,234.43499755859375,274280,0.0,0.0
2023-10-24 12:30:00-04:00,234.4199981689453,234.47999572753906,232.58999633789062,233.98500061035156,228717,0.0,0.0
2023-10-24 13:30:00-04:00,234.1699981689453,234.97000122070312,233.58999633789062,234.80499267578125,213537,0.0,0.0
2023-10-24 14:30:00-04:00,234.83999633789062,237.2100067138672,234.72500610351562,236.82000732421875,239375,0.0,0.0
2023-10-24 15:30:00-04:00,236.83999633789062,237.72999572753906,236.7100067138672,237.52000427246094,297817,0.0,0.0
2023-10-25 09:30:00-04:00,237.0399932861328,237.88999938964844,234.22000122070312,236.32000732421875,214623,0.0,0.0
2023-10-25 10:30:00-04:00,236.2899932861328,238.1699981689453,236.13999938964844,237.16000366210938,132892,0.0,0.0
2023-10-25 11:30:00-04:00,237.14999389648438,237.31500244140625,235.14999389648438,235.6118927001953,78976,0.0,0.0
2023-10-25 12:30:00-04:00,235.55999755859375,235.69000244140625,233.0,233.0749969482422,105081,0.0,0.0
2023-10-25 13:30:00-04:00,232.97000122070312,232.99000549316406,231.13499450683594,231.16000366210938,115917,0.0,0.0
2023-10-25 14:30:00-04:00,231.2899932861328,231.58999633789062,229.69000244140625,230.8699951171875,253566,0.0,0.0
2023-10-25 15:30:00-04:00,230.9199981689453,231.4600067138672,230.52999877929688,231.0500030517578,270879,0.0,0.0
2023-10-26 09:30:00-04:00,231.1699981689453,235.16000366210938,231.1699981689453,234.30499267578125,190325,0.0,0.0
2023-10-26 10:30:00-04:00,234.3000030517578,234.3000030517578,230.0,230.30999755859375,207331,0.0,0.0
2023-10-26 11:30:00-04:00,230.3699951171875,230.66000366210938,228.66000366210938,229.31500244140625,141279,0.0,0.0
2023-10-26 12:30:00-04:00,229.2949981689453,231.08999633789062,229.02999877929688,230.85000610351562,183443,0.0,0.0
2023-10-26 13:30:00-04:00,230.83999633789062,232.1649932861328,230.53500366210938,231.92999267578125,94815,0.0,0.0
2023-10-26 14:30:00-04:00,231.92999267578125,232.98500061035156,231.60000610351562,231.67999267578125,135532,0.0,0.0
2023-10-26 15:30:00-04:00,231.61000061035156,231.85000610351562,230.16000366210938,230.44000244140625,321698,0.0,0.0
2023-10-27 09:30:00-04:00,232.7100067138672,233.27999877929688,229.12399291992188,230.38999938964844,170935,0.0,0.0
2023-10-27 10:30:00-04:00,230.38999938964844,232.8000030517578,229.92999267578125,232.30499267578125,146294,0.0,0.0
2023-10-27 11:30:00-04:00,232.27999877929688,232.4199981689453,231.27999877929688,231.83999633789062,126614,0.0,0.0
2023-10-27 12:30:00-04:00,231.8350067138672,232.23500061035156,229.80999755859375,230.30999755859375,103554,0.0,0.0
2023-10-27 13:30:00-04:00,230.25999450683594,231.14999389648438,229.9199981689453,230.60000610351562,122822,0.0,0.0
2023-10-27 14:30:00-04:00,230.6199951171875,231.73500061035156,230.5,231.05999755859375,242494,0.0,0.0
2023-10-27 15:30:00-04:00,231.0,231.1699981689453,230.3000030517578,231.05999755859375,238472,0.0,0.0
2023-10-30 09:30:00-04:00,232.99000549316406,233.83999633789062,230.64999389648438,231.67999267578125,134801,0.0,0.0
2023-10-30 10:30:00-04:00,231.67999267578125,234.24000549316406,231.6699981689453,232.77999877929688,149772,0.0,0.0
2023-10-30 11:30:00-04:00,232.8800048828125,234.24000549316406,232.43499755859375,232.49000549316406,111406,0.0,0.0
2023-10-30 12:30:00-04:00,232.44000244140625,234.22999572753906,231.89999389648438,233.97000122070312,107160,0.0,0.0
2023-10-30 13:30:00-04:00,233.8300018310547,234.64990234375,233.5,234.22000122070312,81199,0.0,0.0
2023-10-30 14:30:00-04:00,234.22999572753906,235.4499969482422,234.1300048828125,234.85000610351562,97971,0.0,0.0
2023-10-30 15:30:00-04:00,234.83999633789062,234.92999267578125,233.64999389648438,233.7899932861328,197316,0.0,0.0
2023-10-31 09:30:00-04:00,235.14999389648438,237.0399932861328,233.50999450683594,236.25,138008,0.0,0.0
2023-10-31 10:30:00-04:00,236.4832000732422,237.82000732421875,235.89500427246094,237.22000122070312,141801,0.0,0.0
2023-10-31 11:30:00-04:00,237.00999450683594,238.6699981689453,236.9199981689453,238.3800048828125,261009,0.0,0.0
2023-10-31 12:30:00-04:00,238.3800048828125,239.68519592285156,238.0,238.9250030517578,108402,0.0,0.0
2023-10-31 13:30:00-04:00,238.83999633789062,240.2899932861328,238.75,238.83999633789062,196356,0.0,0.0
2023-10-31 14:30:00-04:00,238.85000610351562,239.7100067138672,238.82000732421875,239.52499389648438,158319,0.0,0.0
2023-10-31 15:30:00-04:00,239.47000122070312,240.16000366210938,239.2949981689453,239.86000061035156,295946,0.0,0.0
2023-11-01 09:30:00-04:00,240.8000030517578,243.66000366210938,240.35000610351562,243.2050018310547,177619,0.0,0.0
2023-11-01 10:30:00-04:00,243.3000030517578,244.16000366210938,242.49000549316406,242.50999450683594,202213,0.0,0.0
2023-11-01 11:30:00-04:00,242.5050048828125,242.80499267578125,241.7100067138672,242.38999938964844,106765,0.0,0.0
2023-11-01 12:30:00-04:00,242.47999572753906,242.74000549316406,241.36000061035156,242.41000366210938,118637,0.0,0.0
2023-11-01 13:30:00-04:00,242.41000366210938,242.9600067138672,241.50999450683594,242.72000122070312,115950,0.0,0.0
2023-11-01 14:30:00-04:00,242.78500366210938,245.72999572753906,241.3300018310547,245.07000732421875,251643,0.0,0.0
2023-11-01 15:30:00-04:00,244.9499969482422,245.37640380859375,244.36000061035156,244.7899932861328,279468,0.0,0.0
2023-11-02 09:30:00-04:00,247.8800048828125,248.5399932861328,242.1199951171875,243.2949981689453,294904,0.0,0.0
2023-11-02 10:30:00-04:00,243.26499938964844,244.38499450683594,242.5500030517578,243.35000610351562,158585,0.0,0.0
2023-11-02 11:30:00-04:00,243.39999389648438,243.78500366210938,242.61000061035156,243.34500122070312,111253,0.0,0.0
2023-11-02 12:30:00-04:00,243.19000244140625,244.0449981689453,243.02000427246094,243.92999267578125,141827,0.0,0.0
2023-11-02 13:30:00-04:00,243.8350067138672,244.5500030517578,243.5800018310547,244.4600067138672,224259,0.0,0.0
2023-11-02 14:30:00-04:00,244.4600067138672,244.70989990234375,243.61000061035156,244.14999389648438,147847,0.0,0.0
2023-11-02 15:30:00-04:00,244.09500122070312,244.58999633789062,243.89100646972656,244.47999572753906,310468,0.0,0.0
2023-11-03 09:30:00-04:00,245.94000244140625,249.57000732421875,245.4499969482422,249.24920654296875,153854,0.0,0.0
2023-11-03 10:30:00-04:00,249.3800048828125,250.3699951171875,248.7550048828125,248.99000549316406,203687,0.0,0.0
2023-11-03 11:30:00-04:00,249.07000732421875,249.60000610351562,248.55999755859375,249.39999389648438,185486,0.0,0.0
2023-11-03 12:30:00-04:00,249.42999267578125,249.74000549316406,248.9499969482422,249.3300018310547,187043,0.0,0.0
2023-11-03 13:30:00-04:00,249.38999938964844,250.3699951171875,249.36000061035156,250.0500030517578,131713,0.0,0.0
2023-11-03 14:30:00-04:00,250.1699981689453,250.99850463867188,249.92999267578125,250.67999267578125,142202,0.0,0.0
2023-11-03 15:30:00-04:00,250.5,250.61500549316406,249.5,249.63999938964844,209007,0.0,0.0
2023-11-06 09:30:00-05:00,250.33999633789062,250.77999877929688,248.93499755859375,249.86000061035156,275754,0.0,0.0
2023-11-06 10:30:00-05:00,249.9644012451172,250.72000122070312,249.1844940185547,249.97999572753906,78230,0.0,0.0
2023-11-06 11:30:00-05:00,249.98500061035156,249.98500061035156,248.61000061035156,248.72999572753906,73042,0.0,0.0
2023-11-06 12:30:00-05:00,248.74000549316406,249.15499877929688,247.3300018310547,247.44000244140625,95883,0.0,0.0
2023-11-06 13:30:00-05:00,247.55499267578125,248.77999877929688,247.4600067138672,247.8800048828125,80876,0.0,0.0
2023-11-06 14:30:00-05:00,247.85000610351562,249.10000610351562,247.83999633789062,248.8000030517578,105075,0.0,0.0
2023-11-06 15:30:00-05:00,248.8300018310547,249.8800048828125,248.76499938964844,249.75,230154,0.0,0.0
2023-11-07 09:30:00-05:00,251.19500732421875,253.25999450683594,249.75999450683594,252.34500122070312,137011,0.0,0.0
2023-11-07 10:30:00-05:00,252.4600067138672,254.34500122070312,252.27000427246094,252.60499572753906,100456,0.0,0.0
2023-11-07 11:30:00-05:00,252.57000732421875,253.22999572753906,252.01499938964844,252.14500427246094,68993,0.0,0.0
2023-11-07 12:30:00-05:00,252.02999877929688,253.1300048828125,251.8000030517578,253.11000061035156,84636,0.0,0.0
2023-11-07 13:30:00-05:00,253.125,254.32989501953125,253.11000061035156,253.7949981689453,98374,0.0,0.0
2023-11-07 14:30:00-05:00,253.74000549316406,254.30819702148438,253.18499755859375,254.28500366210938,106574,0.0,0.0
2023-11-07 15:30:00-05:00,254.27999877929688,254.5449981689453,253.6699981689453,253.75,302724,0.0,0.0
2023-11-08 09:30:00-05:00,255.0,257.4750061035156,254.82000732421875,254.82000732421875,194926,0.0,0.0
2023-11-08 10:30:00-05:00,254.94000244140625,255.4499969482422,254.14999389648438,254.97999572753906,138111,0.0,0.0
2023-11-08 11:30:00-05:00,255.1999053955078,255.3000030517578,253.47999572753906,253.53500366210938,107604,0.0,0.0
2023-11-08 12:30:00-05:00,253.65109252929688,255.1999969482422,253.41000366210938,255.0,99375,0.0,0.0
2023-11-08 13:30:00-05:00,255.0399932861328,255.9550018310547,254.6999969482422,255.8791961669922,76916,0.0,0.0
2023-11-08 14:30:00-05:00,255.81500244140625,256.1600036621094,255.6428985595703,255.72999572753906,92372,0.0,0.0
2023-11-08 15:30:00-05:00,255.8365020751953,256.5799865722656,255.64999389648438,256.44000244140625,137067,0.0,0.0
2023-11-09 09:30:00-05:00,256.95001220703125,258.1499938964844,256.05999755859375,256.3299865722656,123869,0.0,0.0
2023-11-09 10:30:00-05:00,256.2950134277344,259.0899963378906,255.8249969482422,258.81500244140625,110077,0.0,0.0
2023-11-09 11:30:00-05:00,258.69000244140625,259.489990234375,256.7900085449219,256.79998779296875,95215,0.0,0.0
2023-11-09 12:30:00-05:00,256.80999755859375,257.6199951171875,255.1300048828125,257.1300048828125,117874,0.0,0.0
2023-11-09 13:30:00-05:00,257.07501220703125,257.5199890136719,255.30999755859375,256.5874938964844,91574,0.0,0.0
2023-11-09 14:30:00-05:00,256.5400085449219,257.1955871582031,256.25,256.9750061035156,147377,0.0,0.0
2023-11-09 15:30:00-05:00,256.95001220703125,257.05999755859375,256.0299987792969,256.44000244140625,197420,0.0,0.0
2023-11-10 09:30:00-05:00,258.989990234375,260.2300109863281,257.0,257.45001220703125,223700,0.0,0.0
2023-11-10 10:30:00-05:00,257.3999938964844,260.7900085449219,257.3599853515625,260.04998779296875,129284,0.0,0.0
2023-11-10 11:30:00-05:00,260.1700134277344,260.627197265625,259.4880065917969,259.90509033203125,116255,0.0,0.0
2023-11-10 12:30:00-05:00,259.6600036621094,262.239990234375,259.6000061035156,261.6000061035156,129297,0.0,0.0
2023-11-10 13:30:00-05:00,261.44000244140625,262.29998779296875,261.4100036621094,262.260009765625,71122,0.0,0.0
2023-11-10 14:30:00-05:00,262.2799987792969,262.4599914550781,261.3399963378906,261.93499755859375,137845,0.0,0.0
2023-11-10 15:30:00-05:00,261.82000732421875,262.2650146484375,261.2099914550781,261.54998779296875,308518,0.0,0.0
2023-11-13 09:30:00-05:00,260.6000061035156,262.0,259.5799865722656,261.32000732421875,207258,0.0,0.0
2023-11-13 10:30:00-05:00,261.44000244140625,263.0950012207031,260.79998779296875,263.07501220703125,68584,0.0,0.0
2023-11-13 11:30:00-05:00,263.0799865722656,264.05999755859375,262.9800109863281,263.5950012207031,94984,0.0,0.0
2023-11-13 12:30:00-05:00,263.6300048828125,264.69000244140625,263.4100036621094,263.9750061035156,121540,0.0,0.0
2023-11-13 13:30:00-05:00,263.94500732421875,265.3482971191406,263.94500732421875,265.2300109863281,79014,0.0,0.0
2023-11-13 14:30:00-05:00,265.3299865722656,265.43499755859375,264.5799865722656,265.0,122119,0.0,0.0
2023-11-13 15:30:00-05:00,265.0,265.0,263.70001220703125,263.92999267578125,150345,0.0,0.0
2023-11-14 09:30:00-05:00,268.489990234375,269.9700012207031,265.5899963378906,268.7049865722656,226280,0.0,0.0
2023-11-14 10:30:00-05:00,268.68499755859375,270.4798889160156,268.510009765625,269.3360900878906,171166,0.0,0.0
2023-11-14 11:30:00-05:00,269.19000244140625,270.6499938964844,269.1099853515625,270.3900146484375,180975,0.0,0.0
2023-11-14 12:30:00-05:00,270.5050048828125,271.30999755859375,270.2900085449219,271.0350036621094,90411,0.0,0.0
2023-11-14 13:30:00-05:00,271.1300048828125,272.4800109863281,270.989990234375,272.239990234375,209281,0.0,0.0
2023-11-14 14:30:00-05:00,272.2099914550781,272.989990234375,272.09521484375,272.5350036621094,173649,0.0,0.0
2023-11-14 15:30:00-05:00,272.4800109863281,272.989990234375,272.32000732421875,272.70001220703125,264617,0.0,0.0
2023-11-15 09:30:00-05:00,273.3800048828125,274.32000732421875,267.03009033203125,268.0,324087,0.0,0.0
2023-11-15 10:30:00-05:00,268.0450134277344,269.05999755859375,267.3999938964844,267.8949890136719,212435,0.0,0.0
2023-11-15 11:30:00-05:00,267.8999938964844,268.0,266.1650085449219,266.3710021972656,180161,0.0,0.0
2023-11-15 12:30:00-05:00,266.2049865722656,266.6499938964844,264.0801086425781,265.2250061035156,293680,0.0,0.0
2023-11-15 13:30:00-05:00,265.2300109863281,266.7300109863281,265.1199951171875,266.7300109863281,181935,0.0,0.0
2023-11-15 14:30:00-05:00,266.739990234375,266.82000732421875,264.5,264.8959045410156,214007,0.0,0.0
2023-11-15 15:30:00-05:00,264.7200012207031,265.8399963378906,264.5899963378906,265.7799987792969,324987,0.0,0.0
2023-11-16 09:30:00-05:00,265.7900085449219,269.1700134277344,263.260009765625,268.4100036621094,239233,0.0,0.0
2023-11-16 10:30:00-05:00,268.29998779296875,268.6700134277344,266.17999267578125,266.510009765625,177566,0.0,0.0
2023-11-16 11:30:00-05:00,266.5400085449219,269.1099853515625,266.260009765625,269.05999755859375,158954,0.0,0.0
2023-11-16 12:30:00-05:00,269.0899963378906,269.32000732421875,267.5,268.2900085449219,107207,0.0,0.0
2023-11-16 13:30:00-05:00,268.2099914550781,268.6700134277344,267.30999755859375,268.4599914550781,131419,0.0,0.0
2023-11-16 14:30:00-05:00,268.5350036621094,268.93499755859375,267.4700012207031,267.5899963378906,161792,0.0,0.0
2023-11-16 15:30:00-05:00,267.5799865722656,267.6499938964844,266.7699890136719,267.010009765625,382508,0.0,0.0
2023-11-17 09:30:00-05:00,267.8299865722656,269.75,266.3999938964844,269.0400085449219,227122,0.0,0.0
2023-11-17 10:30:00-05:00,268.94000244140625,269.25,267.1612854003906,267.3999938964844,92079,0.0,0.0
2023-11-17 11:30:00-05:00,267.5899963378906,268.7250061035156,267.18548583984375,267.8699951171875,64782,0.0,0.0
2023-11-17 12:30:00-05:00,268.010009765625,269.3500061035156,267.9700012207031,269.2699890136719,49875,0.0,0.0
2023-11-17 13:30:00-05:00,269.1600036621094,269.7449951171875,268.82000732421875,269.1400146484375,73927,0.0,0.0
2023-11-17 14:30:00-05:00,269.1400146484375,269.3550109863281,268.44500732421875,268.7099914550781,82975,0.0,0.0
2023-11-17 15:30:00-05:00,268.6700134277344,268.7099914550781,268.04998779296875,268.2900085449219,175322,0.0,0.0
2023-11-20 09:30:00-05:00,269.5799865722656,270.44500732421875,266.9800109863281,267.5199890136719,204555,0.0,0.0
2023-11-20 10:30:00-05:00,267.3800048828125,268.0899963378906,266.6600036621094,267.32000732421875,194659,0.0,0.0
2023-11-20 11:30:00-05:00,267.3699951171875,267.8999938964844,266.9700012207031,267.6499938964844,95805,0.0,0.0
2023-11-20 12:30:00-05:00,267.57000732421875,268.9750061035156,267.0199890136719,268.8900146484375,119416,0.0,0.0
2023-11-20 13:30:00-05:00,268.8349914550781,268.94879150390625,268.32000732421875,268.94879150390625,83730,0.0,0.0
2023-11-20 14:30:00-05:00,268.7900085449219,270.42999267578125,268.7699890136719,270.31500244140625,141384,0.0,0.0
2023-11-20 15:30:00-05:00,270.3599853515625,270.4624938964844,269.6600036621094,270.3299865722656,195296,0.0,0.0
2023-11-21 09:30:00-05:00,270.8500061035156,272.69000244140625,269.6600036621094,269.70001220703125,143690,0.0,0.0
2023-11-21 10:30:00-05:00,269.70001220703125,270.1400146484375,269.1099853515625,269.6199951171875,94657,0.0,0.0
2023-11-21 11:30:00-05:00,269.67498779296875,270.60931396484375,269.44000244140625,270.1600036621094,87206,0.0,0.0
2023-11-21 12:30:00-05:00,270.1400146484375,270.6650085449219,269.8500061035156,270.17999267578125,72877,0.0,0.0
2023-11-21 13:30:00-05:00,270.18499755859375,270.4700012207031,269.5799865722656,270.4700012207031,66103,0.0,0.0
2023-11-21 14:30:00-05:00,270.2799987792969,270.79998779296875,270.010009765625,270.57501220703125,110493,0.0,0.0
2023-11-21 15:30:00-05:00,270.510009765625,270.55999755859375,270.0299987792969,270.4100036621094,203868,0.0,0.0
2023-11-22 09:30:00-05:00,271.9100036621094,273.9100036621094,270.7699890136719,271.2900085449219,160428,0.0,0.0
2023-11-22 10:30:00-05:00,271.42999267578125,272.135009765625,270.7799987792969,271.7099914550781,82123,0.0,0.0
2023-11-22 11:30:00-05:00,271.7300109863281,272.82000732421875,271.7300109863281,272.3605041503906,43352,0.0,0.0
2023-11-22 12:30:00-05:00,272.4100036621094,272.489990234375,271.6199951171875,272.1600036621094,56744,0.0,0.0
2023-11-22 13:30:00-05:00,272.17999267578125,272.3699951171875,271.68499755859375,271.92498779296875,57632,0.0,0.0
2023-11-22 14:30:00-05:00,271.9100036621094,271.94500732421875,270.17999267578125,270.32000732421875,105845,0.0,0.0
2023-11-22 15:30:00-05:00,270.3999938964844,270.9049987792969,270.19000244140625,270.32000732421875,120321,0.0,0.0
2023-11-24 09:30:00-05:00,269.1099853515625,270.4200134277344,265.7200012207031,268.19500732421875,156506,0.0,0.0
2023-11-24 10:30:00-05:00,268.239990234375,269.5899963378906,267.8800048828125,269.0799865722656,121135,0.0,0.0
2023-11-24 11:30:00-05:00,269.1400146484375,269.8900146484375,269.010009765625,269.2850036621094,79836,0.0,0.0
2023-11-27 09:30:00-05:00,270.7300109863281,271.9111022949219,268.2099914550781,271.760009765625,215662,0.0,0.0
2023-11-27 10:30:00-05:00,271.9200134277344,272.9800109863281,271.9200134277344,272.510009765625,87395,0.0,0.0
2023-11-27 11:30:00-05:00,272.4700012207031,273.8800048828125,272.42999267578125,273.54998779296875,82643,0.0,0.0
2023-11-27 12:30:00-05:00,273.6300048828125,273.8800048828125,272.5199890136719,272.55499267578125,73844,0.0,0.0
2023-11-27 13:30:00-05:00,272.614990234375,272.82000732421875,272.1549987792969,272.2900085449219,61220,0.0,0.0
2023-11-27 14:30:00-05:00,272.2950134277344,272.3299865722656,271.3399963378906,272.2099914550781,81005,0.0,0.0
2023-11-27 15:30:00-05:00,272.19000244140625,272.3999938964844,271.4599914550781,271.5799865722656,164727,0.0,0.0
2023-11-28 09:30:00-05:00,270.55999755859375,272.20001220703125,270.3999938964844,271.42498779296875,157591,0.0,0.0
2023-11-28 10:30:00-05:00,271.4200134277344,273.0,270.7550048828125,271.17999267578125,84217,0.0,0.0
2023-11-28 11:30:00-05:00,271.3399963378906,271.8349914550781,271.239990234375,271.55999755859375,64168,0.0,0.0
2023-11-28 12:30:00-05:00,271.4599914550781,271.4599914550781,270.2799987792969,270.7799987792969,68110,0.0,0.0
2023-11-28 13:30:00-05:00,270.8349914550781,271.1700134277344,270.5801086425781,270.8999938964844,46015,0.0,0.0
2023-11-28 14:30:00-05:00,270.82000732421875,271.20001220703125,270.510009765625,270.69500732421875,98289,0.0,0.0
2023-11-28 15:30:00-05:00,270.69000244140625,271.1099853515625,270.6499938964844,270.739990234375,230268,0.0,0.0
2023-11-29 09:30:00-05:00,273.3900146484375,277.1700134277344,273.3900146484375,276.7135925292969,195094,0.0,0.0
2023-11-29 10:30:00-05:00,276.6700134277344,277.5199890136719,275.9200134277344,276.2300109863281,90967,0.0,0.0
2023-11-29 11:30:00-05:00,276.2349853515625,277.4049987792969,275.7950134277344,277.4049987792969,80845,0.0,0.0
2023-11-29 12:30:00-05:00,277.2900085449219,277.4599914550781,276.0799865722656,276.5799865722656,71756,0.0,0.0
2023-11-29 13:30:00-05:00,276.4649963378906,276.4700012207031,275.125,275.6000061035156,89530,0.0,0.0
2023-11-29 14:30:00-05:00,275.55999755859375,276.1650085449219,274.739990234375,274.9700012207031,136214,0.0,0.0
2023-11-29 15:30:00-05:00,274.9150085449219,275.30999755859375,274.5,275.260009765625,205626,0.0,0.0
2023-11-30 09:30:00-05:00,277.6600036621094,279.32501220703125,273.3324890136719,273.6700134277344,213255,0.0,0.0
2023-11-30 10:30:00-05:00,273.760009765625,273.80999755859375,269.5799865722656,271.9800109863281,160645,0.0,0.0
2023-11-30 11:30:00-05:00,271.864990234375,272.0899963378906,270.1000061035156,270.6000061035156,132672,0.0,0.0
2023-11-30 12:30:00-05:00,270.5950012207031,271.54998779296875,270.30999755859375,271.3949890136719,123153,0.0,0.0
2023-11-30 13:30:00-05:00,271.29998779296875,272.2749938964844,271.05999755859375,271.30499267578125,77353,0.0,0.0
2023-11-30 14:30:00-05:00,271.2550048828125,271.92401123046875,270.5799865722656,270.9849853515625,153733,0.0,0.0
2023-11-30 15:30:00-05:00,271.1099853515625,273.3599853515625,270.875,273.25,270285,0.0,0.0
2023-12-01 09:30:00-05:00,272.8500061035156,273.3949890136719,268.3999938964844,268.6400146484375,308785,0.0,0.0
2023-12-01 10:30:00-05:00,268.54998779296875,272.0899963378906,268.3826904296875,270.8299865722656,187547,0.0,0.0
2023-12-01 11:30:00-05:00,270.7950134277344,272.239990234375,270.4100036621094,272.1700134277344,150236,0.0,0.0
2023-12-01 12:30:00-05:00,272.2300109863281,272.2300109863281,270.8699951171875,271.0799865722656,182246,0.0,0.0
2023-12-01 13:30:00-05:00,271.0799865722656,271.1400146484375,270.05999755859375,270.6499938964844,152309,0.0,0.0
2023-12-01 14:30:00-05:00,270.6499938964844,271.1499938964844,270.2799987792969,270.5899963378906,153104,0.0,0.0
2023-12-01 15:30:00-05:00,270.6000061035156,270.7200012207031,269.7699890136719,270.3399963378906,279593,0.0,0.0
2023-12-04 09:30:00-05:00,267.55999755859375,268.0799865722656,260.42999267578125,260.9200134277344,409267,0.0,0.0
2023-12-04 10:30:00-05:00,260.9100036621094,260.9100036621094,258.0299987792969,259.6000061035156,276577,0.0,0.0
2023-12-04 11:30:00-05:00,259.5400085449219,261.5899963378906,259.5,261.3900146484375,148767,0.0,0.0
2023-12-04 12:30:00-05:00,261.3800048828125,262.3399963378906,261.2300109863281,261.7900085449219,104303,0.0,0.0
2023-12-04 13:30:00-05:00,261.7349853515625,262.3999938964844,260.79998779296875,262.1600036621094,110328,0.0,0.0
2023-12-04 14:30:00-05:00,262.1700134277344,262.6499938964844,261.3999938964844,262.5950012207031,136146,0.0,0.0
2023-12-04 15:30:00-05:00,262.6050109863281,263.57000732421875,262.3800048828125,263.4800109863281,367604,0.0,0.0
2023-12-05 09:30:00-05:00,260.7200012207031,261.92999267578125,257.5450134277344,260.9200134277344,239023,0.0,0.0
2023-12-05 10:30:00-05:00,261.0199890136719,263.1499938964844,260.2099914550781,260.510009765625,146200,0.0,0.0
2023-12-05 11:30:00-05:00,260.4150085449219,261.3299865722656,259.5899963378906,261.2200012207031,112578,0.0,0.0
2023-12-05 12:30:00-05:00,261.2099914550781,261.3800048828125,259.9849853515625,260.7049865722656,112664,0.0,0.0
2023-12-05 13:30:00-05:00,260.6700134277344,261.6400146484375,260.2250061035156,261.6400146484375,176298,0.0,0.0
2023-12-05 14:30:00-05:00,261.6600036621094,261.6600036621094,260.6499938964844,261.3399963378906,140641,0.0,0.0
2023-12-05 15:30:00-05:00,261.30999755859375,262.2900085449219,261.17498779296875,262.2099914550781,256320,0.0,0.0
2023-12-06 09:30:00-05:00,263.3800048828125,263.45001220703125,259.4750061035156,259.67999267578125,190982,0.0,0.0
2023-12-06 10:30:00-05:00,259.81500244140625,260.19500732421875,258.67999267578125,258.69000244140625,150030,0.0,0.0
2023-12-06 11:30:00-05:00,258.67999267578125,259.83599853515625,258.364990234375,259.06500244140625,159019,0.0,0.0
2023-12-06 12:30:00-05:00,259.07000732421875,259.3599853515625,258.0,258.80999755859375,127428,0.0,0.0
2023-12-06 13:30:00-05:00,258.760009765625,258.94000244140625,258.0799865722656,258.67999267578125,171124,0.0,0.0
2023-12-06 14:30:00-05:00,258.67999267578125,259.4049987792969,257.3800048828125,257.510009765625,207620,0.0,0.0
2023-12-06 15:30:00-05:00,257.42999267578125,258.3450012207031,257.1300048828125,257.67999267578125,294212,0.0,0.0
2023-12-07 09:30:00-05:00,258.6300048828125,259.3900146484375,256.95001220703125,258.75,183926,0.0,0.0
2023-12-07 10:30:00-05:00,258.82000732421875,259.239990234375,257.0,257.5899963378906,105809,0.0,0.0
2023-12-07 11:30:00-05:00,257.67999267578125,259.2799987792969,257.55499267578125,258.94500732421875,86528,0.0,0.0
2023-12-07 12:30:00-05:00,259.0299987792969,259.04998779296875,258.0350036621094,258.0950012207031,87400,0.0,0.0
2023-12-07 13:30:00-05:00,258.07000732421875,259.1300048828125,257.80999755859375,259.1300048828125,105965,0.0,0.0
2023-12-07 14:30:00-05:00,259.0299987792969,259.0299987792969,258.2200012207031,258.7349853515625,177489,0.0,0.0
2023-12-07 15:30:00-05:00,258.7699890136719,259.6199951171875,258.7200012207031,259.4599914550781,260196,0.0,0.0
2023-12-08 09:30:00-05:00,257.55999755859375,261.5799865722656,257.55999755859375,260.9100036621094,137409,0.0,0.0
2023-12-08 10:30:00-05:00,260.9849853515625,261.54998779296875,259.42999267578125,259.7799987792969,102646,0.0,0.0
2023-12-08 11:30:00-05:00,259.8299865722656,260.364990234375,259.0,260.07000732421875,73510,0.0,0.0
2023-12-08 12:30:00-05:00,260.0400085449219,260.5150146484375,259.7799987792969,260.4200134277344,72201,0.0,0.0
2023-12-08 13:30:00-05:00,260.4200134277344,260.7699890136719,259.9700012207031,260.3949890136719,71728,0.0,0.0
2023-12-08 14:30:00-05:00,260.3949890136719,260.82000732421875,259.9800109863281,259.9800109863281,99888,0.0,0.0
2023-12-08 15:30:00-05:00,260.0,260.45001220703125,259.760009765625,259.92999267578125,158939,0.0,0.0
2023-12-11 09:30:00-05:00,263.6099853515625,269.364990234375,262.7550048828125,268.86248779296875,455400,0.0,0.0
2023-12-11 10:30:00-05:00,268.8550109863281,270.82000732421875,268.3699951171875,270.2699890136719,255849,0.0,0.0
2023-12-11 11:30:00-05:00,270.2650146484375,270.4700012207031,268.6099853515625,268.7850036621094,153839,0.0,0.0
2023-12-11 12:30:00-05:00,268.8599853515625,269.5799865722656,268.7099914550781,269.3800048828125,118740,0.0,0.0
2023-12-11 13:30:00-05:00,269.375,270.17999267578125,269.375,270.1700134277344,134109,0.0,0.0
2023-12-11 14:30:00-05:00,270.2300109863281,270.2300109863281,268.9649963378906,269.1549987792969,126795,0.0,0.0
2023-12-11 15:30:00-05:00,269.1173095703125,269.5199890136719,268.6400146484375,268.75,253302,0.0,0.0
2023-12-12 09:30:00-05:00,268.75,271.95001220703125,266.510009765625,271.0,255571,0.0,0.0
2023-12-12 10:30:00-05:00,271.0,272.6000061035156,270.9200134277344,272.260009765625,143555,0.0,0.0
2023-12-12 11:30:00-05:00,272.260009765625,272.8900146484375,271.2799987792969,271.5799865722656,104237,0.0,0.0
2023-12-12 12:30:00-05:00,271.6330871582031,272.6199951171875,271.5950012207031,272.5400085449219,97237,0.0,0.0
2023-12-12 13:30:00-05:00,272.5,274.0320129394531,272.3900146484375,273.8599853515625,153730,0.0,0.0
2023-12-12 14:30:00-05:00,273.8699951171875,274.07000732421875,273.2149963378906,273.82000732421875,164646,0.0,0.0
2023-12-12 15:30:00-05:00,273.8399963378906,274.55999755859375,273.6499938964844,274.1000061035156,284138,0.0,0.0
2023-12-13 09:30:00-05:00,277.19000244140625,278.19000244140625,271.5400085449219,271.9800109863281,251109,0.0,0.0
2023-12-13 10:30:00-05:00,271.8900146484375,273.8699951171875,271.70001220703125,273.6814880371094,125623,0.0,0.0
2023-12-13 11:30:00-05:00,273.6449890136719,274.7699890136719,273.4324035644531,274.489990234375,117047,0.0,0.0
2023-12-13 12:30:00-05:00,274.44000244140625,274.8800048828125,274.0799865722656,274.6499938964844,124363,0.0,0.0
2023-12-13 13:30:00-05:00,274.5950012207031,276.614990234375,274.57000732421875,276.4599914550781,136199,0.0,0.0
2023-12-13 14:30:00-05:00,276.5492858886719,278.20001220703125,274.9599914550781,275.4700012207031,251047,0.0,0.0
2023-12-13 15:30:00-05:00,275.4800109863281,276.75,275.39300537109375,276.7200012207031,258530,0.0,0.0
2023-12-14 09:30:00-05:00,277.125,277.6449890136719,270.7799987792969,271.2799987792969,306629,0.0,0.0
2023-12-14 10:30:00-05:00,271.19000244140625,272.5950012207031,270.19000244140625,270.44000244140625,213780,0.0,0.0
2023-12-14 11:30:00-05:00,270.5249938964844,272.0299987792969,269.45001220703125,271.7349853515625,139853,0.0,0.0
2023-12-14 12:30:00-05:00,271.8299865722656,271.864990234375,269.57000732421875,269.7799987792969,115113,0.0,0.0
2023-12-14 13:30:00-05:00,269.8800048828125,271.4027099609375,269.1000061035156,270.44000244140625,146337,0.0,0.0
2023-12-14 14:30:00-05:00,270.3599853515625,270.7099914550781,269.3714904785156,269.55499267578125,202347,0.0,0.0
2023-12-14 15:30:00-05:00,269.55999755859375,270.5400085449219,269.0799865722656,270.1700134277344,332268,0.0,0.0
2023-12-15 09:30:00-05:00,270.2300109863281,273.010009765625,270.1000061035156,271.80999755859375,833465,0.0,0.0
2023-12-15 10:30:00-05:00,271.82000732421875,272.9100036621094,271.7099914550781,272.4100036621094,255776,0.0,0.0
2023-12-15 11:30:00-05:00,272.489990234375,273.05999755859375,271.510009765625,272.260009765625,108219,0.0,0.0
2023-12-15 12:30:00-05:00,272.1199951171875,272.3900146484375,271.04998779296875,271.9549865722656,87660,0.0,0.0
2023-12-15 13:30:00-05:00,272.0299987792969,272.0400085449219,270.0799865722656,270.69000244140625,92357,0.0,0.0
2023-12-15 14:30:00-05:00,270.68499755859375,271.5198974609375,270.6000061035156,271.2749938964844,140243,0.0,0.0
2023-12-15 15:30:00-05:00,271.260009765625,272.30999755859375,270.989990234375,271.4100036621094,313117,0.0,0.0
2023-12-18 09:30:00-05:00,271.9100036621094,274.19000244140625,271.5199890136719,273.9849853515625,183578,0.0,0.0
2023-12-18 10:30:00-05:00,273.9700012207031,274.2300109863281,273.1499938964844,273.2550048828125,110542,0.0,0.0
2023-12-18 11:30:00-05:00,273.1400146484375,273.3500061035156,272.4649963378906,272.70001220703125,95997,0.0,0.0
2023-12-18 12:30:00-05:00,272.7099914550781,273.2300109863281,272.42999267578125,272.94500732421875,85467,0.0,0.0
2023-12-18 13:30:00-05:00,272.9599914550781,274.05999755859375,272.8900146484375,273.69500732421875,146182,0.0,0.0
2023-12-18 14:30:00-05:00,273.5899963378906,274.635009765625,273.3800048828125,274.6000061035156,127458,0.0,0.0
2023-12-18 15:30:00-05:00,274.6099853515625,274.6099853515625,273.3800048828125,273.4599914550781,164249,0.0,0.0
2023-12-19 09:30:00-05:00,275.0,277.7799987792969,274.760009765625,277.3500061035156,218629,0.0,0.0
2023-12-19 10:30:00-05:00,277.2799987792969,277.5950012207031,275.67999267578125,276.8598937988281,143424,0.0,0.0
2023-12-19 11:30:00-05:00,276.6700134277344,276.739990234375,274.8500061035156,275.75,80795,0.0,0.0
2023-12-19 12:30:00-05:00,275.6700134277344,276.4360046386719,275.1888122558594,275.5,83639,0.0,0.0
2023-12-19 13:30:00-05:00,275.3999938964844,275.6698913574219,274.7721862792969,275.6650085449219,81532,0.0,0.0
2023-12-19 14:30:00-05:00,275.6700134277344,276.010009765625,273.80999755859375,274.06500244140625,101345,0.0,0.0
2023-12-19 15:30:00-05:00,274.0,274.6000061035156,273.989990234375,274.3800048828125,169247,0.0,0.0
2023-12-20 09:30:00-05:00,273.7799987792969,274.70001220703125,272.70001220703125,274.70001220703125,129442,0.0,0.0
2023-12-20 10:30:00-05:00,274.6000061035156,275.6300048828125,274.5,274.94000244140625,107212,0.0,0.0
2023-12-20 11:30:00-05:00,275.010009765625,275.1600036621094,274.5,274.5,61032,0.0,0.0
2023-12-20 12:30:00-05:00,274.4700012207031,274.9700012207031,274.0849914550781,274.3999938964844,76453,0.0,0.0
2023-12-20 13:30:00-05:00,274.5899963378906,275.125,274.0,274.04998779296875,49980,0.0,0.0
2023-12-20 14:30:00-05:00,273.95001220703125,274.0249938964844,270.7300109863281,270.7799987792969,112739,0.0,0.0
2023-12-20 15:30:00-05:00,270.8800048828125,271.75,270.7449951171875,270.864990234375,196604,0.0,0.0
2023-12-21 09:30:00-05:00,273.69000244140625,274.8299865722656,272.69000244140625,273.42999267578125,92748,0.0,0.0
2023-12-21 10:30:00-05:00,273.3351135253906,274.8500061035156,273.3351135253906,274.5400085449219,70335,0.0,0.0
2023-12-21 11:30:00-05:00,274.57000732421875,275.1600036621094,273.44500732421875,273.6000061035156,90420,0.0,0.0
2023-12-21 12:30:00-05:00,273.739990234375,274.0199890136719,272.5899963378906,273.5400085449219,63108,0.0,0.0
2023-12-21 13:30:00-05:00,273.6000061035156,274.5050048828125,273.4200134277344,274.3500061035156,76972,0.0,0.0
2023-12-21 14:30:00-05:00,274.3599853515625,275.6499938964844,273.9800109863281,275.6499938964844,95868,0.0,0.0
2023-12-21 15:30:00-05:00,275.6000061035156,275.8399963378906,275.2200012207031,275.69000244140625,170102,0.0,0.0
2023-12-22 09:30:00-05:00,275.989990234375,276.2900085449219,269.010009765625,274.01300048828125,263018,0.0,0.0
2023-12-22 10:30:00-05:00,274.1300048828125,274.69500732421875,273.260009765625,274.4700012207031,110980,0.0,0.0
2023-12-22 11:30:00-05:00,274.4750061035156,274.5899963378906,272.8999938964844,273.8800048828125,116523,0.0,0.0
2023-12-22 12:30:00-05:00,273.69000244140625,274.8599853515625,273.4100036621094,274.55999755859375,82616,0.0,0.0
2023-12-22 13:30:00-05:00,274.6099853515625,274.7300109863281,273.1300048828125,273.4599914550781,82411,0.0,0.0
2023-12-22 14:30:00-05:00,273.42999267578125,275.3599853515625,273.0849914550781,274.8699951171875,223704,0.0,0.0
2023-12-22 15:30:00-05:00,274.864990234375,276.7300109863281,274.67999267578125,275.80999755859375,587748,0.0,0.0
2023-12-26 09:30:00-05:00,276.6400146484375,279.17999267578125,275.760009765625,276.2500915527344,110444,0.0,0.0
2023-12-26 10:30:00-05:00,276.5050048828125,277.05999755859375,275.95001220703125,276.0299987792969,76260,0.0,0.0
2023-12-26 11:30:00-05:00,276.0,276.1073913574219,275.2200012207031,275.2300109863281,49948,0.0,0.0
2023-12-26 12:30:00-05:00,275.07000732421875,275.69000244140625,274.8800048828125,275.1000061035156,47767,0.0,0.0
2023-12-26 13:30:00-05:00,275.1000061035156,275.2099914550781,274.4200134277344,274.625,67262,0.0,0.0
2023-12-26 14:30:00-05:00,274.54998779296875,274.92498779296875,274.3800048828125,274.6300048828125,85198,0.0,0.0
2023-12-26 15:30:00-05:00,274.67498779296875,275.20001220703125,274.5199890136719,274.9800109863281,184951,0.0,0.0
2023-12-27 09:30:00-05:00,275.6099853515625,277.489990234375,273.3800048828125,273.6199951171875,130759,0.0,0.0
2023-12-27 10:30:00-05:00,273.69500732421875,274.80999755859375,273.0,274.3399963378906,70203,0.0,0.0
2023-12-27 11:30:00-05:00,274.3900146484375,274.80999755859375,273.8500061035156,274.364990234375,38557,0.0,0.0
2023-12-27 12:30:00-05:00,274.4700012207031,275.3699951171875,274.19000244140625,275.1199951171875,62181,0.0,0.0
2023-12-27 13:30:00-05:00,275.2099914550781,275.5400085449219,274.48431396484375,275.5199890136719,68470,0.0,0.0
2023-12-27 14:30:00-05:00,275.31500244140625,275.3699951171875,274.42999267578125,274.6499938964844,82830,0.0,0.0
2023-12-27 15:30:00-05:00,274.5899963378906,274.9200134277344,274.19000244140625,274.75,165374,0.0,0.0
2023-12-28 09:30:00-05:00,274.55999755859375,275.2799987792969,273.0350036621094,273.20001220703125,94728,0.0,0.0
2023-12-28 10:30:00-05:00,273.20001220703125,274.29998779296875,273.04998779296875,273.32000732421875,98032,0.0,0.0
2023-12-28 11:30:00-05:00,273.4100036621094,273.8999938964844,273.4100036621094,273.8949890136719,87497,0.0,0.0
2023-12-28 12:30:00-05:00,273.8599853515625,274.2850036621094,273.4601135253906,273.6600036621094,40246,0.0,0.0
2023-12-28 13:30:00-05:00,273.7200012207031,274.0,273.010009765625,273.94000244140625,184346,0.0,0.0
2023-12-28 14:30:00-05:00,273.95001220703125,274.5392150878906,273.7049865722656,273.9200134277344,44111,0.0,0.0
2023-12-28 15:30:00-05:00,273.9599914550781,274.2300109863281,273.1099853515625,273.239990234375,167418,0.0,0.0
2023-12-29 09:30:00-05:00,273.44000244140625,274.7149963378906,271.9800109863281,273.3399963378906,75010,0.0,0.0
2023-12-29 10:30:00-05:00,273.3800048828125,273.5899963378906,270.8599853515625,270.8599853515625,51297,0.0,0.0
2023-12-29 11:30:00-05:00,270.9800109863281,271.7850036621094,270.92999267578125,271.30999755859375,45094,0.0,0.0
2023-12-29 12:30:00-05:00,271.25,272.68499755859375,271.25,271.6499938964844,54041,0.0,0.0
2023-12-29 13:30:00-05:00,271.6400146484375,272.3800048828125,271.6400146484375,272.0299987792969,49384,0.0,0.0
2023-12-29 14:30:00-05:00,272.1199951171875,272.6300048828125,271.9700012207031,272.239990234375,63817,0.0,0.0
2023-12-29 15:30:00-05:00,272.29998779296875,272.6400146484375,271.6199951171875,272.4599914550781,178272,0.0,0.0
2024-01-02 09:30:00-05:00,266.7850036621094,269.07000732421875,262.3124084472656,262.55499267578125,321976,0.0,0.0
2024-01-02 10:30:00-05:00,262.4200134277344,263.0199890136719,260.2799987792969,262.5950012207031,217214,0.0,0.0
2024-01-02 11:30:00-05:00,262.6400146484375,263.489990234375,262.3599853515625,263.1300048828125,118480,0.0,0.0
2024-01-02 12:30:00-05:00,263.17999267578125,263.7200012207031,262.1300048828125,263.17999267578125,91723,0.0,0.0
2024-01-02 13:30:00-05:00,263.1600036621094,263.5299987792969,262.1050109863281,263.5199890136719,100939,0.0,0.0
2024-01-02 14:30:00-05:00,263.25,263.6400146484375,261.3500061035156,262.0299987792969,127603,0.0,0.0
2024-01-02 15:30:00-05:00,261.989990234375,263.2099914550781,261.9200134277344,262.8999938964844,210158,0.0,0.0
2024-01-03 09:30:00-05:00,260.7699890136719,261.9999084472656,258.5299987792969,259.2799987792969,194460,0.0,0.0
2024-01-03 10:30:00-05:00,259.2300109863281,259.8999938964844,258.4599914550781,259.2182922363281,116671,0.0,0.0
2024-01-03 11:30:00-05:00,259.05999755859375,259.4599914550781,257.8699951171875,258.2019958496094,160061,0.0,0.0
2024-01-03 12:30:00-05:00,258.2900085449219,258.4200134277344,257.17999267578125,257.25,90207,0.0,0.0
2024-01-03 13:30:00-05:00,257.3900146484375,257.8599853515625,256.6000061035156,257.6700134277344,96487,0.0,0.0
2024-01-03 14:30:00-05:00,257.5799865722656,258.260009765625,256.8450012207031,257.07000732421875,94975,0.0,0.0
2024-01-03 15:30:00-05:00,257.1400146484375,257.4599914550781,256.7749938964844,257.2699890136719,152032,0.0,0.0
2024-01-04 09:30:00-05:00,257.1099853515625,259.56500244140625,256.07000732421875,257.57000732421875,135677,0.0,0.0
2024-01-04 10:30:00-05:00,257.6400146484375,258.0299987792969,256.8550109863281,257.3500061035156,105441,0.0,0.0
2024-01-04 11:30:00-05:00,257.4800109863281,257.96539306640625,256.5899963378906,257.55999755859375,106601,0.0,0.0
2024-01-04 12:30:00-05:00,257.55999755859375,257.5899963378906,256.63751220703125,256.9800109863281,87240,0.0,0.0
2024-01-04 13:30:00-05:00,257.010009765625,257.04998779296875,256.5199890136719,256.625,75933,0.0,0.0
2024-01-04 14:30:00-05:00,256.6199951171875,256.7099914550781,256.0400085449219,256.3800048828125,86750,0.0,0.0
2024-01-04 15:30:00-05:00,256.375,256.8299865722656,255.6199951171875,255.9199981689453,190229,0.0,0.0
2024-01-05 09:30:00-05:00,255.0,257.0400085449219,254.49000549316406,255.6699981689453,146161,0.0,0.0
2024-01-05 10:30:00-05:00,255.5800018310547,257.4200134277344,255.39999389648438,255.61000061035156,167283,0.0,0.0
2024-01-05 11:30:00-05:00,255.72999572753906,256.07000732421875,254.4199981689453,254.4199981689453,80737,0.0,0.0
2024-01-05 12:30:00-05:00,254.51499938964844,255.08999633789062,253.39999389648438,254.7449951171875,174278,0.0,0.0
2024-01-05 13:30:00-05:00,254.7550048828125,255.1649932861328,252.42999267578125,252.75999450683594,214632,0.0,0.0
2024-01-05 14:30:00-05:00,252.76499938964844,253.67999267578125,251.94000244140625,252.1999969482422,202375,0.0,0.0
2024-01-05 15:30:00-05:00,252.14999389648438,253.0706024169922,252.0399932861328,252.72000122070312,272856,0.0,0.0
2024-01-08 09:30:00-05:00,254.89999389648438,259.9599914550781,253.72000122070312,259.1700134277344,239074,0.0,0.0
2024-01-08 10:30:00-05:00,259.239990234375,259.92999267578125,258.2799987792969,259.05999755859375,199513,0.0,0.0
2024-01-08 11:30:00-05:00,259.0199890136719,259.94000244140625,258.885009765625,259.5,150735,0.0,0.0
2024-01-08 12:30:00-05:00,259.5,260.5299987792969,259.3999938964844,259.9800109863281,236594,0.0,0.0
2024-01-08 13:30:00-05:00,259.8349914550781,261.0899963378906,259.79998779296875,260.56500244140625,189740,0.0,0.0
2024-01-08 14:30:00-05:00,260.57501220703125,261.7850036621094,260.57501220703125,261.489990234375,167434,0.0,0.0
2024-01-08 15:30:00-05:00,261.5400085449219,262.1300048828125,261.3299865722656,261.9100036621094,352759,0.0,0.0
2024-01-09 09:30:00-05:00,259.5,262.9974060058594,258.7099914550781,262.40570068359375,179099,0.0,0.0
2024-01-09 10:30:00-05:00,262.6300048828125,263.1400146484375,261.8999938964844,262.9750061035156,122140,0.0,0.0
2024-01-09 11:30:00-05:00,263.0799865722656,264.3450012207031,262.6600036621094,263.9100036621094,103016,0.0,0.0
2024-01-09 12:30:00-05:00,263.80999755859375,264.2699890136719,263.1300048828125,263.2099914550781,53105,0.0,0.0
2024-01-09 13:30:00-05:00,263.1099853515625,263.6299133300781,262.1947021484375,262.1947021484375,66647,0.0,0.0
2024-01-09 14:30:00-05:00,262.30499267578125,262.4100036621094,261.4599914550781,261.9100036621094,102538,0.0,0.0
2024-01-09 15:30:00-05:00,261.9200134277344,261.9599914550781,260.68499755859375,261.739990234375,190768,0.0,0.0
2024-01-10 09:30:00-05:00,262.6000061035156,266.2099914550781,260.760009765625,261.5299987792969,164104,0.0,0.0
2024-01-10 10:30:00-05:00,261.6499938964844,262.2850036621094,261.04998779296875,261.54998779296875,107495,0.0,0.0
2024-01-10 11:30:00-05:00,261.5011901855469,261.67840576171875,260.8399963378906,261.56500244140625,122263,0.0,0.0
2024-01-10 12:30:00-05:00,261.6893005371094,262.6099853515625,260.75,262.4849853515625,142642,0.0,0.0
2024-01-10 13:30:00-05:00,262.4949951171875,263.9100036621094,262.4949951171875,263.17498779296875,101564,0.0,0.0
2024-01-10 14:30:00-05:00,263.17498779296875,263.69000244140625,262.8500061035156,263.3550109863281,117047,0.0,0.0
2024-01-10 15:30:00-05:00,263.2699890136719,263.4599914550781,262.7900085449219,263.2200012207031,209137,0.0,0.0
2024-01-11 09:30:00-05:00,265.239990234375,268.489990234375,264.1300048828125,264.6000061035156,235472,0.0,0.0
2024-01-11 10:30:00-05:00,264.6700134277344,265.4200134277344,262.5299987792969,262.760009765625,151989,0.0,0.0
2024-01-11 11:30:00-05:00,262.5899963378906,263.0,261.25,262.6700134277344,103128,0.0,0.0
2024-01-11 12:30:00-05:00,262.6700134277344,265.1098937988281,262.6700134277344,264.7099914550781,115470,0.0,0.0
2024-01-11 13:30:00-05:00,264.5950012207031,265.80999755859375,264.5199890136719,265.4150085449219,82521,0.0,0.0
2024-01-11 14:30:00-05:00,265.5199890136719,266.44171142578125,265.2550048828125,266.05999755859375,145711,0.0,0.0
2024-01-11 15:30:00-05:00,266.20001220703125,267.0799865722656,266.17999267578125,266.7900085449219,380753,0.0,0.0
2024-01-12 09:30:00-05:00,267.6700134277344,268.7900085449219,266.1499938964844,267.3299865722656,206748,0.0,0.0
2024-01-12 10:30:00-05:00,267.29998779296875,267.739990234375,265.86529541015625,267.2850036621094,107150,0.0,0.0
2024-01-12 11:30:00-05:00,267.2774963378906,267.3699951171875,265.6708068847656,266.8500061035156,129125,0.0,0.0
2024-01-12 12:30:00-05:00,266.7865905761719,267.7300109863281,266.57000732421875,267.7300109863281,96592,0.0,0.0
2024-01-12 13:30:00-05:00,267.7550048828125,268.57000732421875,267.7049865722656,268.1600036621094,105431,0.0,0.0
2024-01-12 14:30:00-05:00,268.19000244140625,268.25,267.4800109863281,267.9150085449219,154443,0.0,0.0
2024-01-12 15:30:00-05:00,267.85699462890625,268.7699890136719,267.69500732421875,268.4700012207031,265386,0.0,0.0
2024-01-16 09:30:00-05:00,268.6000061035156,277.8999938964844,268.1099853515625,277.260009765625,619198,0.0,0.0
2024-01-16 10:30:00-05:00,277.2200012207031,278.8599853515625,276.3299865722656,277.2449951171875,370258,0.0,0.0
2024-01-16 11:30:00-05:00,277.2749938964844,277.6675109863281,276.1700134277344,276.7099914550781,185133,0.0,0.0
2024-01-16 12:30:00-05:00,276.6700134277344,276.7998962402344,275.135009765625,276.69000244140625,141152,0.0,0.0
2024-01-16 13:30:00-05:00,276.6549987792969,277.1300048828125,275.04998779296875,276.1600036621094,148216,0.0,0.0
2024-01-16 14:30:00-05:00,276.2349853515625,277.3900146484375,275.8900146484375,277.05999755859375,159600,0.0,0.0
2024-01-16 15:30:00-05:00,277.0899963378906,277.6499938964844,276.92999267578125,277.6499938964844,342331,0.0,0.0
2024-01-17 09:30:00-05:00,278.1199951171875,278.364990234375,269.6099853515625,270.739990234375,396342,0.0,0.0
2024-01-17 10:30:00-05:00,270.57000732421875,273.4049987792969,270.1921081542969,273.1050109863281,222995,0.0,0.0
2024-01-17 11:30:00-05:00,273.3800048828125,274.3699951171875,273.0,273.1650085449219,139716,0.0,0.0
2024-01-17 12:30:00-05:00,273.1700134277344,274.135009765625,272.79998779296875,273.20001220703125,132012,0.0,0.0
2024-01-17 13:30:00-05:00,273.1300048828125,274.82000732421875,272.70001220703125,274.64801025390625,166540,0.0,0.0
2024-01-17 14:30:00-05:00,274.7950134277344,275.7699890136719,273.7300109863281,273.9200134277344,181974,0.0,0.0
2024-01-17 15:30:00-05:00,273.9150085449219,275.8340148925781,273.82000732421875,275.3900146484375,284851,0.0,0.0
2024-01-18 09:30:00-05:00,276.95001220703125,279.1700134277344,275.2799987792969,277.0899963378906,248320,0.0,0.0
2024-01-18 10:30:00-05:00,277.1700134277344,278.7300109863281,276.2850036621094,278.1400146484375,131947,0.0,0.0
2024-01-18 11:30:00-05:00,278.2149963378906,278.55499267578125,276.0400085449219,276.80999755859375,114190,0.0,0.0
2024-01-18 12:30:00-05:00,276.95001220703125,277.1000061035156,276.1000061035156,276.1000061035156,67338,0.0,0.0
2024-01-18 13:30:00-05:00,276.1050109863281,278.8949890136719,276.0400085449219,278.7699890136719,87339,0.0,0.0
2024-01-18 14:30:00-05:00,278.80999755859375,279.6199951171875,278.2300109863281,279.32000732421875,111974,0.0,0.0
2024-01-18 15:30:00-05:00,279.29998779296875,279.44000244140625,278.760009765625,279.0249938964844,209120,0.0,0.0
2024-01-19 09:30:00-05:00,280.0,286.1000061035156,280.0,285.82000732421875,449982,0.0,0.0
2024-01-19 10:30:00-05:00,285.8699951171875,286.885009765625,284.3299865722656,286.7099914550781,210953,0.0,0.0
2024-01-19 11:30:00-05:00,286.70001220703125,287.8800048828125,286.5150146484375,287.8599853515625,185404,0.0,0.0
2024-01-19 12:30:00-05:00,287.8197021484375,289.2099914550781,287.7200927734375,289.2099914550781,157656,0.0,0.0
2024-01-19 13:30:00-05:00,289.260009765625,291.1160888671875,289.0199890136719,290.7950134277344,219623,0.0,0.0
2024-01-19 14:30:00-05:00,290.80999755859375,291.659912109375,290.1401062011719,291.4750061035156,216005,0.0,0.0
2024-01-19 15:30:00-05:00,291.5050048828125,292.5400085449219,291.25,292.2099914550781,368409,0.0,0.0
2024-01-22 09:30:00-05:00,299.0,299.9649963378906,293.739990234375,294.0,468025,0.0,0.0
2024-01-22 10:30:00-05:00,294.0,297.4949951171875,293.6099853515625,297.4949951171875,211538,0.0,0.0
2024-01-22 11:30:00-05:00,297.42999267578125,297.4949951171875,295.5199890136719,295.739990234375,116267,0.0,0.0
2024-01-22 12:30:00-05:00,295.614990234375,295.8299865722656,294.6400146484375,294.9849853515625,145321,0.0,0.0
2024-01-22 13:30:00-05:00,295.0799865722656,295.8900146484375,294.7900085449219,295.239990234375,164122,0.0,0.0
2024-01-22 14:30:00-05:00,295.2950134277344,296.2650146484375,295.2699890136719,296.19000244140625,144740,0.0,0.0
2024-01-22 15:30:00-05:00,296.20001220703125,296.4425048828125,295.3800048828125,295.8800048828125,436710,0.0,0.0
2024-01-23 09:30:00-05:00,295.79998779296875,296.5899963378906,291.0,292.3599853515625,357325,0.0,0.0
2024-01-23 10:30:00-05:00,292.3599853515625,293.7598876953125,291.927490234375,293.3699951171875,237036,0.0,0.0
2024-01-23 11:30:00-05:00,293.364990234375,294.4800109863281,292.9849853515625,293.04998779296875,142670,0.0,0.0
2024-01-23 12:30:00-05:00,293.04998779296875,294.3999938964844,292.95001220703125,293.7049865722656,81776,0.0,0.0
2024-01-23 13:30:00-05:00,293.7550048828125,294.32000732421875,293.4949951171875,294.1700134277344,66187,0.0,0.0
2024-01-23 14:30:00-05:00,294.0350036621094,295.3699951171875,293.9800109863281,295.3587951660156,117855,0.0,0.0
2024-01-23 15:30:00-05:00,295.4100036621094,296.07000732421875,294.95001220703125,295.4700012207031,197509,0.0,0.0
2024-01-24 09:30:00-05:00,297.6400146484375,299.82000732421875,296.5400085449219,299.5899963378906,217371,0.0,0.0
2024-01-24 10:30:00-05:00,299.79998779296875,301.6099853515625,299.05999755859375,299.6099853515625,167573,0.0,0.0
2024-01-24 11:30:00-05:00,299.489990234375,300.3800048828125,299.00030517578125,300.0299987792969,184803,0.0,0.0
2024-01-24 12:30:00-05:00,300.0199890136719,300.29998779296875,297.7699890136719,297.8900146484375,145410,0.0,0.0
2024-01-24 13:30:00-05:00,297.95001220703125,298.2200012207031,295.0899963378906,295.4599914550781,100088,0.0,0.0
2024-01-24 14:30:00-05:00,295.3800048828125,296.2300109863281,294.42999267578125,294.56500244140625,124805,0.0,0.0
2024-01-24 15:30:00-05:00,294.510009765625,295.5199890136719,294.3900146484375,294.8299865722656,296861,0.0,0.0
2024-01-25 09:30:00-05:00,298.6499938964844,298.8800048828125,293.9599914550781,296.70001220703125,150198,0.0,0.0
2024-01-25 10:30:00-05:00,296.7699890136719,297.4100036621094,295.625,296.6199951171875,78525,0.0,0.0
2024-01-25 11:30:00-05:00,296.5729064941406,296.6227111816406,294.1520080566406,294.42498779296875,101656,0.0,0.0
2024-01-25 12:30:00-05:00,294.4700012207031,294.6300048828125,292.1199951171875,292.7699890136719,135254,0.0,0.0
2024-01-25 13:30:00-05:00,292.7799987792969,292.8599853515625,290.07000732421875,290.3900146484375,146714,0.0,0.0
2024-01-25 14:30:00-05:00,290.510009765625,292.4100036621094,290.1700134277344,291.5849914550781,159353,0.0,0.0
2024-01-25 15:30:00-05:00,291.6000061035156,291.8500061035156,290.6499938964844,291.19000244140625,334310,0.0,0.0
2024-01-26 09:30:00-05:00,289.0,292.5199890136719,287.20001220703125,292.17999267578125,273589,0.0,0.0
2024-01-26 10:30:00-05:00,292.2300109863281,293.3500061035156,290.9700012207031,293.04998779296875,189806,0.0,0.0
2024-01-26 11:30:00-05:00,293.0899963378906,293.13330078125,291.8500061035156,292.1400146484375,131856,0.0,0.0
2024-01-26 12:30:00-05:00,292.0899963378906,292.0899963378906,290.1300048828125,290.7900085449219,78099,0.0,0.0
2024-01-26 13:30:00-05:00,290.67999267578125,291.1000061035156,290.17010498046875,290.7200012207031,64653,0.0,0.0
2024-01-26 14:30:00-05:00,290.6300048828125,291.6199951171875,290.2699890136719,290.8399963378906,93943,0.0,0.0
2024-01-26 15:30:00-05:00,290.95001220703125,291.0950012207031,290.3500061035156,290.69000244140625,177984,0.0,0.0
2024-01-29 09:30:00-05:00,291.0,294.82000732421875,291.0,292.7550048828125,190553,0.0,0.0
2024-01-29 10:30:00-05:00,292.8299865722656,293.1000061035156,291.82000732421875,292.1700134277344,70699,0.0,0.0
2024-01-29 11:30:00-05:00,292.17999267578125,293.0950012207031,292.1600036621094,292.7699890136719,59122,0.0,0.0
2024-01-29 12:30:00-05:00,292.87799072265625,292.89019775390625,291.70001220703125,292.0150146484375,51736,0.0,0.0
2024-01-29 13:30:00-05:00,292.0000915527344,292.5910949707031,291.6300048828125,292.3999938964844,51120,0.0,0.0
2024-01-29 14:30:00-05:00,292.510009765625,293.94000244140625,292.1094970703125,293.8999938964844,84324,0.0,0.0
2024-01-29 15:30:00-05:00,294.0799865722656,294.4200134277344,293.45001220703125,294.4100036621094,134873,0.0,0.0
2024-01-30 09:30:00-05:00,293.9800109863281,295.1300048828125,293.3399963378906,294.2300109863281,127171,0.0,0.0
2024-01-30 10:30:00-05:00,294.364990234375,295.2300109863281,293.70001220703125,294.05999755859375,71949,0.0,0.0
2024-01-30 11:30:00-05:00,294.0899963378906,294.1700134277344,292.7449951171875,293.1600036621094,93692,0.0,0.0
2024-01-30 12:30:00-05:00,292.8800048828125,293.3399963378906,292.375,293.2699890136719,78335,0.0,0.0
2024-01-30 13:30:00-05:00,293.31500244140625,293.8299865722656,292.4700012207031,293.114990234375,73212,0.0,0.0
2024-01-30 14:30:00-05:00,293.0899963378906,294.32000732421875,293.0899963378906,293.989990234375,88674,0.0,0.0
2024-01-30 15:30:00-05:00,294.04998779296875,294.9779052734375,293.8399963378906,294.67999267578125,142023,0.0,0.0
2024-01-31 09:30:00-05:00,291.3999938964844,291.3999938964844,289.0799865722656,289.92999267578125,170166,0.0,0.0
2024-01-31 10:30:00-05:00,290.0,290.1449890136719,287.2749938964844,288.81500244140625,98555,0.0,0.0
2024-01-31 11:30:00-05:00,288.8699951171875,289.7749938964844,288.3900146484375,289.7699890136719,70767,0.0,0.0
2024-01-31 12:30:00-05:00,289.8684997558594,291.239990234375,289.3699951171875,290.69000244140625,71656,0.0,0.0
2024-01-31 13:30:00-05:00,290.6499938964844,290.97821044921875,288.760009765625,289.0299987792969,63792,0.0,0.0
2024-01-31 14:30:00-05:00,289.0199890136719,292.010009765625,287.7149963378906,289.44000244140625,98944,0.0,0.0
2024-01-31 15:30:00-05:00,289.3500061035156,289.5,287.9100036621094,288.42999267578125,229763,0.0,0.0
2024-02-01 09:30:00-05:00,290.0,290.19000244140625,287.93499755859375,289.9849853515625,177582,0.0,0.0
2024-02-01 10:30:00-05:00,289.8999938964844,289.9200134277344,287.010009765625,287.6700134277344,80019,0.0,0.0
2024-02-01 11:30:00-05:00,287.69000244140625,289.8949890136719,287.69000244140625,288.260009765625,92466,0.0,0.0
2024-02-01 12:30:00-05:00,288.30499267578125,290.2724914550781,288.07000732421875,290.07000732421875,77395,0.0,0.0
2024-02-01 13:30:00-05:00,290.0400085449219,290.58660888671875,289.5299987792969,290.29998779296875,57392,0.0,0.0
2024-02-01 14:30:00-05:00,290.3677062988281,291.32501220703125,289.92999267578125,291.1499938964844,90931,0.0,0.0
2024-02-01 15:30:00-05:00,291.07000732421875,291.25,290.010009765625,290.54998779296875,177437,0.0,0.0
2024-02-02 09:30:00-05:00,290.75,296.7698974609375,290.75,295.7300109863281,219827,0.0,0.0
2024-02-02 10:30:00-05:00,295.30999755859375,297.3699035644531,294.010009765625,296.9100036621094,122878,0.0,0.0
2024-02-02 11:30:00-05:00,296.9100036621094,298.5199890136719,296.9100036621094,298.2200012207031,105404,0.0,0.0
2024-02-02 12:30:00-05:00,298.17999267578125,298.57000732421875,297.0,297.3599853515625,103895,0.0,0.0
2024-02-02 13:30:00-05:00,297.2799987792969,297.3299865722656,296.4100036621094,296.5199890136719,69929,0.0,0.0
2024-02-02 14:30:00-05:00,296.5199890136719,297.3799133300781,296.20001220703125,297.1700134277344,101930,0.0,0.0
2024-02-02 15:30:00-05:00,297.32000732421875,297.6199951171875,296.3599853515625,296.5799865722656,269925,0.0,0.0
2024-02-05 09:30:00-05:00,295.69000244140625,298.3500061035156,294.05999755859375,295.25,261913,0.0,0.0
2024-02-05 10:30:00-05:00,295.2900085449219,296.1300048828125,294.31500244140625,295.1600036621094,126727,0.0,0.0
2024-02-05 11:30:00-05:00,295.32501220703125,296.2699890136719,295.20001220703125,296.260009765625,115766,0.0,0.0
2024-02-05 12:30:00-05:00,296.23699951171875,296.67999267578125,295.82000732421875,295.9700012207031,81346,0.0,0.0
2024-02-05 13:30:00-05:00,296.0,296.3800048828125,295.739990234375,296.2200012207031,80502,0.0,0.0
2024-02-05 14:30:00-05:00,296.2179870605469,297.0,295.7099914550781,296.460205078125,104862,0.0,0.0
2024-02-05 15:30:00-05:00,296.3800048828125,297.1050109863281,296.1474914550781,296.6000061035156,182582,0.0,0.0
2024-02-06 09:30:00-05:00,298.239990234375,299.7300109863281,292.4200134277344,292.93798828125,222307,0.0,0.0
2024-02-06 10:30:00-05:00,293.2850036621094,294.6675109863281,292.760009765625,294.1650085449219,112177,0.0,0.0
2024-02-06 11:30:00-05:00,294.0350036621094,294.0450134277344,289.739990234375,290.6499938964844,146878,0.0,0.0
2024-02-06 12:30:00-05:00,290.6700134277344,292.8399963378906,290.6000061035156,292.8399963378906,65755,0.0,0.0
2024-02-06 13:30:00-05:00,292.69000244140625,293.1499938964844,290.7699890136719,291.6300048828125,105666,0.0,0.0
2024-02-06 14:30:00-05:00,291.6300048828125,293.1199951171875,291.5799865722656,292.75,111107,0.0,0.0
2024-02-06 15:30:00-05:00,292.6199951171875,292.94000244140625,291.7300109863281,292.6499938964844,160824,0.0,0.0
2024-02-07 09:30:00-05:00,295.2699890136719,300.2049865722656,294.8550109863281,300.2049865722656,163274,0.0,0.0
2024-02-07 10:30:00-05:00,300.1940002441406,302.1499938964844,299.69000244140625,301.31451416015625,125634,0.0,0.0
2024-02-07 11:30:00-05:00,301.5849914550781,302.4200134277344,300.19000244140625,300.79998779296875,111869,0.0,0.0
2024-02-07 12:30:00-05:00,300.8299865722656,302.2550048828125,300.2699890136719,302.239990234375,75727,0.0,0.0
2024-02-07 13:30:00-05:00,302.25,302.3699951171875,301.3900146484375,301.80999755859375,101447,0.0,0.0
2024-02-07 14:30:00-05:00,301.8399963378906,302.05999755859375,300.9236145019531,301.0799865722656,110420,0.0,0.0
2024-02-07 15:30:00-05:00,301.05999755859375,301.17999267578125,300.4700012207031,300.739990234375,160861,0.0,0.0
2024-02-08 09:30:00-05:00,303.50201416015625,307.0,302.2900085449219,305.2699890136719,353512,0.0,0.0
2024-02-08 10:30:00-05:00,305.1769104003906,308.1499938964844,305.0199890136719,307.0899963378906,160604,0.0,0.0
2024-02-08 11:30:00-05:00,307.0899963378906,308.1896057128906,306.7200012207031,307.2900085449219,140973,0.0,0.0
2024-02-08 12:30:00-05:00,307.364990234375,307.364990234375,305.5899963378906,306.8999938964844,129607,0.0,0.0
2024-02-08 13:30:00-05:00,306.8999938964844,307.42999267578125,306.2099914550781,307.2650146484375,99639,0.0,0.0
2024-02-08 14:30:00-05:00,307.2550048828125,307.5299072265625,306.4800109863281,307.25,155107,0.0,0.0
2024-02-08 15:30:00-05:00,307.25,307.5799865722656,306.864990234375,307.3599853515625,283115,0.0,0.0
2024-02-09 09:30:00-05:00,311.0,312.42999267578125,308.81500244140625,312.1000061035156,300114,0.0,0.0
2024-02-09 10:30:00-05:00,312.1000061035156,313.1199951171875,311.32000732421875,311.57000732421875,159863,0.0,0.0
2024-02-09 11:30:00-05:00,311.6400146484375,312.2449951171875,310.35009765625,312.2449951171875,198366,0.0,0.0
2024-02-09 12:30:00-05:00,312.0199890136719,312.20001220703125,311.1600036621094,311.6700134277344,112063,0.0,0.0
2024-02-09 13:30:00-05:00,311.5899963378906,312.8900146484375,311.0899963378906,312.489990234375,127084,0.0,0.0
2024-02-09 14:30:00-05:00,312.4750061035156,312.95001220703125,311.6050109863281,311.6050109863281,142510,0.0,0.0
2024-02-09 15:30:00-05:00,311.67999267578125,312.05999755859375,311.25,311.8999938964844,253965,0.0,0.0
2024-02-12 09:30:00-05:00,315.0,315.70001220703125,305.4700012207031,308.5799865722656,667633,0.0,0.0
2024-02-12 10:30:00-05:00,308.6679992675781,310.6600036621094,308.0199890136719,309.9100036621094,312350,0.0,0.0
2024-02-12 11:30:00-05:00,309.9599914550781,310.9294128417969,308.69500732421875,309.95001220703125,208055,0.0,0.0
2024-02-12 12:30:00-05:00,310.07000732421875,311.3699951171875,309.79998779296875,309.8599853515625,195663,0.0,0.0
2024-02-12 13:30:00-05:00,309.7900085449219,309.8800048828125,307.25,307.8450012207031,217405,0.0,0.0
2024-02-12 14:30:00-05:00,307.7799987792969,308.50250244140625,307.1700134277344,307.2149963378906,284808,0.0,0.0
2024-02-12 15:30:00-05:00,307.31500244140625,308.5,306.2300109863281,307.0299987792969,531816,0.0,0.0
2024-02-13 09:30:00-05:00,290.0,300.4599914550781,286.04998779296875,295.42999267578125,1278269,0.0,0.0
2024-02-13 10:30:00-05:00,295.2909851074219,298.489990234375,294.0,295.1600036621094,317337,0.0,0.0
2024-02-13 11:30:00-05:00,295.17999267578125,296.75,294.1900939941406,294.3169860839844,241702,0.0,0.0
2024-02-13 12:30:00-05:00,294.4750061035156,295.67498779296875,292.2200012207031,294.25,333390,0.0,0.0
2024-02-13 13:30:00-05:00,294.0400085449219,294.2200012207031,291.75,292.3399963378906,370874,0.0,0.0
2024-02-13 14:30:00-05:00,292.2300109863281,292.3900146484375,290.20001220703125,292.3900146484375,410648,0.0,0.0
2024-02-13 15:30:00-05:00,292.2875061035156,294.6700134277344,292.0423889160156,294.5299987792969,422962,0.0,0.0
2024-02-14 09:30:00-05:00,300.6499938964844,304.1549987792969,298.7099914550781,302.9700012207031,411004,0.0,0.0
2024-02-14 10:30:00-05:00,303.1199951171875,303.56500244140625,299.07000732421875,299.81500244140625,218020,0.0,0.0
2024-02-14 11:30:00-05:00,299.9750061035156,300.8949890136719,298.3999938964844,300.8284912109375,115188,0.0,0.0
2024-02-14 12:30:00-05:00,300.8450012207031,302.5299987792969,300.4801025390625,300.6650085449219,110718,0.0,0.0
2024-02-14 13:30:00-05:00,300.6000061035156,302.2900085449219,299.6499938964844,300.32000732421875,139397,0.0,0.0
2024-02-14 14:30:00-05:00,300.2900085449219,300.4299011230469,299.32000732421875,299.8999938964844,150716,0.0,0.0
2024-02-14 15:30:00-05:00,299.92999267578125,301.1050109863281,299.44000244140625,300.6199951171875,299409,0.0,0.0
2024-02-15 09:30:00-05:00,302.3699951171875,303.3299865722656,294.9150085449219,295.6600036621094,348833,0.0,0.0
2024-02-15 10:30:00-05:00,295.92999267578125,298.7799987792969,295.7950134277344,297.25,166522,0.0,0.0
2024-02-15 11:30:00-05:00,297.4700012207031,298.7250061035156,297.17999267578125,298.3299865722656,97366,0.0,0.0
2024-02-15 12:30:00-05:00,298.4100036621094,298.4700012207031,296.1499938964844,296.4800109863281,172320,0.0,0.0
2024-02-15 13:30:00-05:00,296.5400085449219,297.2300109863281,295.6099853515625,297.1650085449219,226424,0.0,0.0
2024-02-15 14:30:00-05:00,297.1650085449219,297.3500061035156,295.2955017089844,296.05999755859375,206477,0.0,0.0
2024-02-15 15:30:00-05:00,296.0989990234375,296.1400146484375,295.239990234375,295.6199951171875,348075,0.0,0.0
2024-02-16 09:30:00-05:00,295.79998779296875,298.29998779296875,290.55999755859375,292.1199951171875,364086,0.0,0.0
2024-02-16 10:30:00-05:00,292.0799865722656,293.989990234375,290.989990234375,293.6372985839844,188572,0.0,0.0
2024-02-16 11:30:00-05:00,293.70001220703125,293.8699951171875,292.1499938964844,293.0700988769531,107443,0.0,0.0
2024-02-16 12:30:00-05:00,293.2135925292969,293.2349853515625,291.510009765625,291.8800048828125,72391,0.0,0.0
2024-02-16 13:30:00-05:00,291.7200012207031,293.1199951171875,291.6400146484375,292.6700134277344,132410,0.0,0.0
2024-02-16 14:30:00-05:00,292.7200012207031,292.9800109863281,290.0199890136719,290.6499938964844,178511,0.0,0.0
2024-02-16 15:30:00-05:00,290.70001220703125,290.7900085449219,289.5,290.29998779296875,263180,0.0,0.0
2024-02-20 09:30:00-05:00,289.9200134277344,292.0,285.6199951171875,285.989990234375,339583,0.0,0.0
2024-02-20 10:30:00-05:00,285.6499938964844,289.2950134277344,284.7900085449219,289.010009765625,153677,0.0,0.0
2024-02-20 11:30:00-05:00,288.9100036621094,289.09991455078125,287.6499938964844,288.7799987792969,117562,0.0,0.0
2024-02-20 12:30:00-05:00,288.6600036621094,290.39990234375,288.32000732421875,289.19000244140625,174562,0.0,0.0
2024-02-20 13:30:00-05:00,289.17999267578125,290.3900146484375,288.8800048828125,290.3800048828125,88060,0.0,0.0
2024-02-20 14:30:00-05:00,290.3800048828125,291.70001220703125,290.19000244140625,290.8500061035156,196106,0.0,0.0
2024-02-20 15:30:00-05:00,290.885009765625,292.1700134277344,290.010009765625,291.95001220703125,340540,0.0,0.0
2024-02-21 09:30:00-05:00,288.69000244140625,290.7200012207031,285.7099914550781,289.2099914550781,316943,0.0,0.0
2024-02-21 10:30:00-05:00,288.7799987792969,289.8999938964844,288.69000244140625,288.8999938964844,118892,0.0,0.0
2024-02-21 11:30:00-05:00,288.8900146484375,289.94000244140625,288.3500061035156,288.6000061035156,83654,0.0,0.0
2024-02-21 12:30:00-05:00,288.5899963378906,289.69000244140625,288.2799987792969,288.9200134277344,94649,0.0,0.0
2024-02-21 13:30:00-05:00,288.92999267578125,289.17999267578125,287.0,287.3699951171875,99669,0.0,0.0
2024-02-21 14:30:00-05:00,287.5299987792969,287.8500061035156,286.7950134277344,287.8500061035156,110035,0.0,0.0
2024-02-21 15:30:00-05:00,287.8999938964844,290.9599914550781,287.8900146484375,290.8699951171875,222264,0.0,0.0
2024-02-22 09:30:00-05:00,307.55499267578125,307.760009765625,303.3500061035156,306.010009765625,566186,0.0,0.0
2024-02-22 10:30:00-05:00,306.0400085449219,308.0,305.1199951171875,306.92999267578125,205544,0.0,0.0
2024-02-22 11:30:00-05:00,306.79998779296875,307.70001220703125,305.95001220703125,307.0849914550781,152860,0.0,0.0
2024-02-22 12:30:00-05:00,307.0199890136719,307.1400146484375,305.0751953125,305.4599914550781,114374,0.0,0.0
2024-02-22 13:30:00-05:00,305.2099914550781,306.82000732421875,304.6099853515625,306.82000732421875,139331,0.0,0.0
2024-02-22 14:30:00-05:00,306.82000732421875,307.6499938964844,305.6700134277344,305.6700134277344,325267,0.0,0.0
2024-02-22 15:30:00-05:00,305.6199951171875,306.3800048828125,304.95001220703125,305.5799865722656,329330,0.0,0.0
2024-02-23 09:30:00-05:00,306.9750061035156,308.260009765625,303.2099914550781,303.6960144042969,235386,0.0,0.0
2024-02-23 10:30:00-05:00,303.4549865722656,304.1050109863281,300.54998779296875,302.5,146739,0.0,0.0
2024-02-23 11:30:00-05:00,302.32000732421875,303.11700439453125,301.6672058105469,302.1199951171875,102092,0.0,0.0
2024-02-23 12:30:00-05:00,302.1199951171875,302.9100036621094,301.6449890136719,302.79998779296875,67285,0.0,0.0
2024-02-23 13:30:00-05:00,302.7099914550781,303.79998779296875,302.2799987792969,302.6099853515625,87919,0.0,0.0
2024-02-23 14:30:00-05:00,302.67999267578125,303.689208984375,302.2200012207031,302.32000732421875,95299,0.0,0.0
2024-02-23 15:30:00-05:00,302.42999267578125,304.0199890136719,302.25,303.5299987792969,212342,0.0,0.0
2024-02-26 09:30:00-05:00,306.0,306.3349914550781,303.0000915527344,305.5350036621094,141033,0.0,0.0
2024-02-26 10:30:00-05:00,305.6499938964844,307.08648681640625,305.20001220703125,306.2699890136719,113517,0.0,0.0
2024-02-26 11:30:00-05:00,306.30999755859375,306.67999267578125,305.29998779296875,305.9800109863281,98699,0.0,0.0
2024-02-26 12:30:00-05:00,306.0050048828125,306.1499938964844,303.8699951171875,303.8800048828125,95409,0.0,0.0
2024-02-26 13:30:00-05:00,303.8599853515625,305.1099853515625,303.5,304.8349914550781,102066,0.0,0.0
2024-02-26 14:30:00-05:00,304.7049865722656,305.0274963378906,304.135009765625,304.510009765625,84349,0.0,0.0
2024-02-26 15:30:00-05:00,304.5799865722656,304.6700134277344,303.5199890136719,303.54998779296875,155823,0.0,0.0
2024-02-27 09:30:00-05:00,303.8999938964844,304.04998779296875,300.5201110839844,301.7950134277344,133573,0.0,0.0
2024-02-27 10:30:00-05:00,301.7300109863281,302.2300109863281,300.6199951171875,300.6199951171875,71691,0.0,0.0
2024-02-27 11:30:00-05:00,300.6199951171875,301.20001220703125,299.8900146484375,299.8900146484375,73189,0.0,0.0
2024-02-27 12:30:00-05:00,299.9700012207031,300.1099853515625,298.2900085449219,298.92498779296875,71912,0.0,0.0
2024-02-27 13:30:00-05:00,298.8299865722656,300.2200012207031,298.8299865722656,299.8699951171875,58588,0.0,0.0
2024-02-27 14:30:00-05:00,299.9200134277344,300.7550048828125,299.9200134277344,300.4599914550781,71713,0.0,0.0
2024-02-27 15:30:00-05:00,300.3900146484375,300.3999938964844,299.8500061035156,300.0400085449219,134785,0.0,0.0
2024-02-28 09:30:00-05:00,299.0,300.29998779296875,298.010009765625,300.2749938964844,133148,0.0,0.0
2024-02-28 10:30:00-05:00,300.2099914550781,301.8900146484375,300.0,301.6600036621094,81254,0.0,0.0
2024-02-28 11:30:00-05:00,301.9599914550781,302.68499755859375,301.0199890136719,301.0199890136719,64408,0.0,0.0
2024-02-28 12:30:00-05:00,301.04998779296875,301.1499938964844,300.0965881347656,300.8399963378906,56544,0.0,0.0
2024-02-28 13:30:00-05:00,300.9599914550781,301.0899963378906,299.9200134277344,300.5299987792969,66519,0.0,0.0
2024-02-28 14:30:00-05:00,300.5350036621094,301.5799865722656,300.125,301.54998779296875,56455,0.0,0.0
2024-02-28 15:30:00-05:00,301.4700012207031,301.4700012207031,300.17999267578125,300.57000732421875,119101,0.0,0.0
2024-02-29 09:30:00-05:00,304.7099914550781,304.95001220703125,299.864990234375,301.1199951171875,123346,0.0,0.0
2024-02-29 10:30:00-05:00,301.2699890136719,303.1199951171875,300.9800109863281,301.6099853515625,76868,0.0,0.0
2024-02-29 11:30:00-05:00,301.5050048828125,302.1600036621094,299.8599853515625,300.95001220703125,41081,0.0,0.0
2024-02-29 12:30:00-05:00,301.2250061035156,304.34991455078125,301.1449890136719,303.75,89053,0.0,0.0
2024-02-29 13:30:00-05:00,303.75,305.7900085449219,303.75,305.2099914550781,135707,0.0,0.0
2024-02-29 14:30:00-05:00,305.1300048828125,305.7349853515625,304.3699951171875,305.05999755859375,120077,0.0,0.0
2024-02-29 15:30:00-05:00,305.2300109863281,305.75,304.3800048828125,304.5199890136719,311661,0.0,0.0
2024-03-01 09:30:00-05:00,304.42999267578125,312.4299011230469,304.42999267578125,311.25,251895,0.0,0.0
2024-03-01 10:30:00-05:00,311.489990234375,313.81500244140625,310.79998779296875,313.2449951171875,345333,0.0,0.0
2024-03-01 11:30:00-05:00,313.3299865722656,313.8500061035156,312.60809326171875,313.82501220703125,147003,0.0,0.0
2024-03-01 12:30:00-05:00,313.760009765625,314.6300048828125,312.4100036621094,314.29998779296875,133803,0.0,0.0
2024-03-01 13:30:00-05:00,314.29998779296875,315.3399963378906,313.760009765625,315.25,145011,0.0,0.0
2024-03-01 14:30:00-05:00,315.2593994140625,315.760009765625,313.54998779296875,314.95001220703125,207288,0.0,0.0
2024-03-01 15:30:00-05:00,315.0,315.7799987792969,314.3299865722656,315.29998779296875,313368,0.0,0.0
2024-03-04 09:30:00-05:00,315.5799865722656,320.78448486328125,313.9649963378906,319.05999755859375,301063,0.0,0.0
2024-03-04 10:30:00-05:00,318.8900146484375,319.04998779296875,314.5799865722656,315.3599853515625,102886,0.0,0.0
2024-03-04 11:30:00-05:00,315.4100036621094,317.0150146484375,315.1400146484375,316.760009765625,97289,0.0,0.0
2024-03-04 12:30:00-05:00,316.8500061035156,317.8599853515625,316.1099853515625,316.6322021484375,86691,0.0,0.0
2024-03-04 13:30:00-05:00,316.4700012207031,317.9200134277344,316.4700012207031,317.4200134277344,76867,0.0,0.0
2024-03-04 14:30:00-05:00,317.31500244140625,318.93499755859375,317.0899963378906,318.1650085449219,125605,0.0,0.0
2024-03-04 15:30:00-05:00,318.17999267578125,318.375,316.8800048828125,317.42999267578125,527781,0.0,0.0
2024-03-05 09:30:00-05:00,315.7300109863281,315.7300109863281,308.42498779296875,309.0799865722656,277076,0.0,0.0
2024-03-05 10:30:00-05:00,308.9100036621094,309.3299865722656,305.6549987792969,307.4825134277344,171572,0.0,0.0
2024-03-05 11:30:00-05:00,306.30059814453125,307.25,305.1199951171875,307.07000732421875,30270,0.0,0.0
2024-03-05 12:30:00-05:00,307.30499267578125,307.94500732421875,305.5,305.75,69185,0.0,0.0
2024-03-05 13:30:00-05:00,305.773193359375,306.3399963378906,304.82000732421875,305.68280029296875,120225,0.0,0.0
2024-03-05 14:30:00-05:00,305.5450134277344,306.0299987792969,304.239990234375,304.94000244140625,136464,0.0,0.0
2024-03-05 15:30:00-05:00,304.8500061035156,307.8599853515625,304.7200012207031,307.739990234375,615564,0.0,0.0
2024-03-06 09:30:00-05:00,312.7250061035156,313.6600036621094,307.1499938964844,311.1400146484375,227439,0.0,0.0
2024-03-06 10:30:00-05:00,311.010009765625,313.0249938964844,310.17999267578125,312.75,25874,0.0,0.0
2024-03-06 11:30:00-05:00,312.82000732421875,315.6400146484375,312.54998779296875,315.2950134277344,86049,0.0,0.0
2024-03-06 12:30:00-05:00,315.2900085449219,315.81280517578125,314.239990234375,315.2449951171875,60498,0.0,0.0
2024-03-06 13:30:00-05:00,315.2268981933594,315.260009765625,312.8299865722656,314.635009765625,93700,0.0,0.0
2024-03-06 14:30:00-05:00,314.79998779296875,314.79998779296875,311.739990234375,312.20001220703125,83117,0.0,0.0
2024-03-06 15:30:00-05:00,312.33990478515625,313.5450134277344,311.55999755859375,312.8999938964844,432245,0.0,0.0
2024-03-07 09:30:00-05:00,316.010009765625,317.2799072265625,312.6499938964844,315.55999755859375,203939,0.0,0.0
2024-03-07 10:30:00-05:00,315.45001220703125,317.5,314.88800048828125,317.2900085449219,107962,0.0,0.0
2024-03-07 11:30:00-05:00,317.3999938964844,318.6700134277344,316.9129943847656,318.25,105614,0.0,0.0
2024-03-07 12:30:00-05:00,318.19000244140625,318.5199890136719,317.760009765625,318.2997131347656,63285,0.0,0.0
2024-03-07 13:30:00-05:00,318.45001220703125,319.7799987792969,318.3500061035156,318.9599914550781,110088,0.0,0.0
2024-03-07 14:30:00-05:00,318.9750061035156,319.8349914550781,317.6300048828125,318.04290771484375,105826,0.0,0.0
2024-03-07 15:30:00-05:00,318.04998779296875,318.7950134277344,317.70001220703125,317.989990234375,178444,0.0,0.0
2024-03-08 09:30:00-05:00,316.95001220703125,317.9800109863281,314.510009765625,317.2749938964844,145892,0.0,0.0
2024-03-08 10:30:00-05:00,317.45001220703125,317.5849914550781,313.7300109863281,314.1000061035156,111623,0.0,0.0
2024-03-08 11:30:00-05:00,314.0799865722656,315.4200134277344,313.2799987792969,314.3699951171875,100626,0.0,0.0
2024-03-08 12:30:00-05:00,314.6300048828125,314.739990234375,310.79998779296875,310.8399963378906,85994,0.0,0.0
2024-03-08 13:30:00-05:00,310.75,312.0,310.1199951171875,311.6199951171875,169869,0.0,0.0
2024-03-08 14:30:00-05:00,311.9100036621094,312.239990234375,309.1650085449219,309.1650085449219,154362,0.0,0.0
2024-03-08 15:30:00-05:00,309.2300109863281,309.6700134277344,308.4949951171875,308.6000061035156,291858,0.0,0.0
2024-03-11 09:30:00-04:00,306.989990234375,307.0335998535156,301.1199951171875,301.9700012207031,235419,0.0,0.0
2024-03-11 10:30:00-04:00,302.2149963378906,305.1050109863281,301.79998779296875,302.9599914550781,162656,0.0,0.0
2024-03-11 11:30:00-04:00,302.9800109863281,304.5400085449219,302.739990234375,304.0799865722656,82059,0.0,0.0
2024-03-11 12:30:00-04:00,304.17999267578125,305.1499938964844,303.6700134277344,304.94000244140625,68277,0.0,0.0
2024-03-11 13:30:00-04:00,304.8699951171875,305.2200012207031,303.3349914550781,304.75,106434,0.0,0.0
2024-03-11 14:30:00-04:00,304.6300048828125,305.7300109863281,304.2799987792969,304.8699951171875,96273,0.0,0.0
2024-03-11 15:30:00-04:00,305.0,306.0,304.95001220703125,305.8800048828125,207580,0.0,0.0
2024-03-12 09:30:00-04:00,308.9800109863281,310.0,305.6000061035156,308.6099853515625,103021,0.0,0.0
2024-03-12 10:30:00-04:00,308.82000732421875,310.3349914550781,308.6000061035156,310.32000732421875,96916,0.0,0.0
2024-03-12 11:30:00-04:00,310.2699890136719,310.2699890136719,308.8699951171875,309.739990234375,116551,0.0,0.0
2024-03-12 12:30:00-04:00,309.760009765625,310.8550109863281,309.3999938964844,310.2300109863281,98901,0.0,0.0
2024-03-12 13:30:00-04:00,310.42999267578125,311.1600036621094,309.9100036621094,311.1600036621094,132078,0.0,0.0
2024-03-12 14:30:00-04:00,311.2698974609375,312.3699951171875,310.7099914550781,312.3699951171875,146104,0.0,0.0
2024-03-12 15:30:00-04:00,312.3699951171875,312.92999267578125,311.1000061035156,311.489990234375,271806,0.0,0.0
2024-03-13 09:30:00-04:00,311.69000244140625,311.69000244140625,304.5299987792969,305.04998779296875,236414,0.0,0.0
2024-03-13 10:30:00-04:00,304.989990234375,305.8999938964844,303.5,303.87890625,190097,0.0,0.0
2024-03-13 11:30:00-04:00,303.7799987792969,305.06500244140625,303.70001220703125,304.7550048828125,120949,0.0,0.0
2024-03-13 12:30:00-04:00,304.8699951171875,305.6700134277344,304.3999938964844,305.5799865722656,116249,0.0,0.0
2024-03-13 13:30:00-04:00,305.5400085449219,307.3299865722656,305.239990234375,306.9750061035156,81756,0.0,0.0
2024-03-13 14:30:00-04:00,306.9750061035156,308.0849914550781,305.6199951171875,305.95001220703125,96607,0.0,0.0
2024-03-13 15:30:00-04:00,305.9800109863281,306.6600036621094,305.3800048828125,306.3299865722656,177658,0.0,0.0
2024-03-14 09:30:00-04:00,310.0,310.385009765625,304.3399963378906,305.635009765625,131201,0.0,0.0
2024-03-14 10:30:00-04:00,306.1499938964844,307.67999267578125,304.94000244140625,305.80999755859375,96090,0.0,0.0
2024-03-14 11:30:00-04:00,305.3800048828125,306.3399963378906,305.1000061035156,305.70001220703125,49368,0.0,0.0
2024-03-14 12:30:00-04:00,305.95001220703125,306.3949890136719,305.1000061035156,305.94500732421875,67035,0.0,0.0
2024-03-14 13:30:00-04:00,305.82000732421875,307.2900085449219,305.6300048828125,307.1449890136719,68500,0.0,0.0
2024-03-14 14:30:00-04:00,307.2030029296875,307.4100036621094,304.67999267578125,305.2900085449219,118959,0.0,0.0
2024-03-14 15:30:00-04:00,305.30999755859375,306.3500061035156,304.5,306.3500061035156,195026,0.0,0.0
2024-03-15 09:30:00-04:00,304.25,304.3999938964844,298.66571044921875,300.0,576588,0.0,0.0
2024-03-15 10:30:00-04:00,299.8399963378906,301.7699890136719,299.2799987792969,299.739990234375,90068,0.0,0.0
2024-03-15 11:30:00-04:00,299.7200012207031,300.5299987792969,298.1099853515625,298.67999267578125,96935,0.0,0.0
2024-03-15 12:30:00-04:00,298.67999267578125,299.9800109863281,298.2799987792969,299.5400085449219,63253,0.0,0.0
2024-03-15 13:30:00-04:00,299.4800109863281,300.20001220703125,298.95001220703125,299.5350036621094,61735,0.0,0.0
2024-03-15 14:30:00-04:00,299.5350036621094,300.3800048828125,299.44000244140625,299.70001220703125,82410,0.0,0.0
2024-03-15 15:30:00-04:00,299.75,299.95001220703125,298.260009765625,298.4100036621094,242767,0.0,0.0
2024-03-18 09:30:00-04:00,300.8500061035156,303.9800109863281,300.2699890136719,302.7699890136719,162246,0.0,0.0
2024-03-18 10:30:00-04:00,303.0400085449219,303.75,302.25,302.80999755859375,104934,0.0,0.0
2024-03-18 11:30:00-04:00,302.3800048828125,303.5799865722656,301.57000732421875,303.489990234375,78920,0.0,0.0
2024-03-18 12:30:00-04:00,303.4599914550781,303.92999267578125,302.2049865722656,302.75,45554,0.0,0.0
2024-03-18 13:30:00-04:00,302.6400146484375,302.6400146484375,301.8002014160156,302.32000732421875,82863,0.0,0.0
2024-03-18 14:30:00-04:00,302.6300048828125,302.82000732421875,301.5899963378906,301.75,91948,0.0,0.0
2024-03-18 15:30:00-04:00,301.8500061035156,302.07000732421875,300.6199951171875,300.67999267578125,157746,0.0,0.0
2024-03-19 09:30:00-04:00,303.75,308.3409118652344,303.43499755859375,305.0700988769531,534559,0.0,0.0
2024-03-19 10:30:00-04:00,305.2200012207031,308.6400146484375,305.2200012207031,306.0350036621094,154268,0.0,0.0
2024-03-19 11:30:00-04:00,306.2300109863281,309.6449890136719,305.8800048828125,309.3699951171875,126936,0.0,0.0
2024-03-19 12:30:00-04:00,309.3599853515625,312.29998779296875,309.32000732421875,312.1600036621094,184659,0.0,0.0
2024-03-19 13:30:00-04:00,312.17999267578125,312.7300109863281,310.6099853515625,311.125,125033,0.0,0.0
2024-03-19 14:30:00-04:00,311.1099853515625,312.5899963378906,310.9881896972656,311.9200134277344,197801,0.0,0.0
2024-03-19 15:30:00-04:00,311.8599853515625,312.70001220703125,311.7900085449219,311.8399963378906,273992,0.0,0.0
2024-03-20 09:30:00-04:00,314.1700134277344,315.2300109863281,312.0799865722656,313.0199890136719,231516,0.0,0.0
2024-03-20 10:30:00-04:00,313.4700012207031,313.4700012207031,311.7200927734375,313.04998779296875,170595,0.0,0.0
2024-03-20 11:30:00-04:00,313.0,313.5299987792969,312.43499755859375,313.260009765625,102886,0.0,0.0
2024-03-20 12:30:00-04:00,313.239990234375,314.30999755859375,312.9599914550781,313.239990234375,85104,0.0,0.0
2024-03-20 13:30:00-04:00,313.2749938964844,316.7300109863281,312.5621032714844,315.3900146484375,110946,0.0,0.0
2024-03-20 14:30:00-04:00,315.79998779296875,316.8999938964844,313.8800048828125,316.4599914550781,131520,0.0,0.0
2024-03-20 15:30:00-04:00,316.5400085449219,317.1000061035156,315.6000061035156,316.9800109863281,199343,0.0,0.0
2024-03-21 09:30:00-04:00,320.8999938964844,324.3699951171875,320.6549987792969,323.43499755859375,360602,0.0,0.0
2024-03-21 10:30:00-04:00,323.20001220703125,325.5400085449219,322.0101013183594,325.4100036621094,203742,0.0,0.0
2024-03-21 11:30:00-04:00,325.260009765625,327.114990234375,324.760009765625,326.8900146484375,196994,0.0,0.0
2024-03-21 12:30:00-04:00,326.9020080566406,327.0400085449219,325.2099914550781,326.0172119140625,137426,0.0,0.0
2024-03-21 13:30:00-04:00,326.0,327.3550109863281,324.6099853515625,325.2049865722656,189299,0.0,0.0
2024-03-21 14:30:00-04:00,325.2699890136719,325.67999267578125,323.4599914550781,323.7149963378906,145957,0.0,0.0
2024-03-21 15:30:00-04:00,323.8399963378906,324.20001220703125,322.70001220703125,322.8699951171875,257008,0.0,0.0
2024-03-22 09:30:00-04:00,322.75,323.2550964355469,319.0801086425781,319.8258056640625,168165,0.0,0.0
2024-03-22 10:30:00-04:00,320.1600036621094,321.1099853515625,318.57000732421875,321.010009765625,132044,0.0,0.0
2024-03-22 11:30:00-04:00,321.20001220703125,322.8900146484375,321.20001220703125,321.9804992675781,165656,0.0,0.0
2024-03-22 12:30:00-04:00,322.2204895019531,324.0,321.55999755859375,323.1700134277344,107064,0.0,0.0
2024-03-22 13:30:00-04:00,323.1400146484375,324.19000244140625,322.739990234375,323.9136962890625,125066,0.0,0.0
2024-03-22 14:30:00-04:00,323.79998779296875,324.2300109863281,322.6400146484375,322.875,154198,0.0,0.0
2024-03-22 15:30:00-04:00,322.7900085449219,323.20001220703125,322.2580871582031,322.79998779296875,294119,0.0,0.0
2024-03-25 09:30:00-04:00,318.6000061035156,318.6449890136719,313.2099914550781,317.2900085449219,292522,0.0,0.0
2024-03-25 10:30:00-04:00,317.2200012207031,318.5199890136719,316.55999755859375,316.6300048828125,169828,0.0,0.0
2024-03-25 11:30:00-04:00,316.6700134277344,318.5199890136719,316.29998779296875,317.3301086425781,76195,0.0,0.0
2024-03-25 12:30:00-04:00,317.3900146484375,317.7650146484375,316.67999267578125,317.4750061035156,60223,0.0,0.0
2024-03-25 13:30:00-04:00,317.4750061035156,317.880615234375,317.0,317.4100036621094,68429,0.0,0.0
2024-03-25 14:30:00-04:00,317.114990234375,317.8500061035156,316.8999938964844,317.5199890136719,83245,0.0,0.0
2024-03-25 15:30:00-04:00,317.510009765625,317.989990234375,316.0899963378906,316.2099914550781,188680,0.0,0.0
2024-03-26 09:30:00-04:00,317.0,321.32000732421875,317.0,318.5920104980469,172681,0.0,0.0
2024-03-26 10:30:00-04:00,318.57000732421875,319.5799865722656,317.6820068359375,319.3450012207031,102955,0.0,0.0
2024-03-26 11:30:00-04:00,319.239990234375,320.05999755859375,318.5299987792969,318.82000732421875,84637,0.0,0.0
2024-03-26 12:30:00-04:00,318.6400146484375,319.2699890136719,318.0350036621094,319.07000732421875,64934,0.0,0.0
2024-03-26 13:30:00-04:00,319.2850036621094,319.45989990234375,318.6400146484375,319.4150085449219,57706,0.0,0.0
2024-03-26 14:30:00-04:00,319.42999267578125,319.473388671875,318.19000244140625,318.29998779296875,79782,0.0,0.0
2024-03-26 15:30:00-04:00,318.1700134277344,318.1700134277344,315.0,316.0,355172,0.0,0.0
2024-03-27 09:30:00-04:00,319.239990234375,319.3699951171875,309.30999755859375,310.7550048828125,216246,0.0,0.0
2024-03-27 10:30:00-04:00,310.6099853515625,312.1499938964844,310.2799987792969,311.739990234375,98692,0.0,0.0
2024-03-27 11:30:00-04:00,311.3399963378906,312.7850036621094,311.29998779296875,312.7850036621094,66705,0.0,0.0
2024-03-27 12:30:00-04:00,312.8399963378906,312.9800109863281,311.5400085449219,311.9150085449219,55499,0.0,0.0
2024-03-27 13:30:00-04:00,311.93499755859375,312.4700012207031,311.1888122558594,312.43499755859375,47473,0.0,0.0
2024-03-27 14:30:00-04:00,312.55499267578125,312.55499267578125,310.3399963378906,310.9549865722656,96970,0.0,0.0
2024-03-27 15:30:00-04:00,310.9649963378906,311.989990234375,310.8800048828125,311.3399963378906,191960,0.0,0.0
2024-03-28 09:30:00-04:00,312.1600036621094,313.010009765625,309.3900146484375,309.8949890136719,234796,0.0,0.0
2024-03-28 10:30:00-04:00,309.8800048828125,312.0849914550781,309.81500244140625,312.0199890136719,101118,0.0,0.0
2024-03-28 11:30:00-04:00,312.1600036621094,312.510009765625,311.0885009765625,311.7300109863281,153074,0.0,0.0
2024-03-28 12:30:00-04:00,311.239990234375,311.2699890136719,310.70001220703125,310.7049865722656,44506,0.0,0.0
2024-03-28 13:30:00-04:00,310.739990234375,311.2900085449219,310.6050109863281,310.93499755859375,62959,0.0,0.0
2024-03-28 14:30:00-04:00,311.05999755859375,312.57000732421875,310.9949951171875,312.29998779296875,62413,0.0,0.0
2024-03-28 15:30:00-04:00,312.3800048828125,312.55999755859375,310.69000244140625,311.2699890136719,190223,0.0,0.0
2024-04-01 09:30:00-04:00,310.45001220703125,313.9700012207031,310.45001220703125,311.5199890136719,220110,0.0,0.0
2024-04-01 10:30:00-04:00,311.6400146484375,311.7099914550781,308.6499938964844,310.0899963378906,103494,0.0,0.0
2024-04-01 11:30:00-04:00,309.94000244140625,311.0299987792969,308.8399963378906,310.57000732421875,74310,0.0,0.0
2024-04-01 12:30:00-04:00,310.75,311.0,309.41351318359375,309.94000244140625,57521,0.0,0.0
2024-04-01 13:30:00-04:00,310.1000061035156,311.19000244140625,309.5799865722656,310.8450012207031,45833,0.0,0.0
2024-04-01 14:30:00-04:00,310.82501220703125,311.6099853515625,310.6199951171875,310.8500061035156,70304,0.0,0.0
2024-04-01 15:30:00-04:00,310.8599853515625,312.42999267578125,310.6099853515625,312.1300048828125,156621,0.0,0.0
2024-04-02 09:30:00-04:00,307.0,307.25,303.55499267578125,304.30999755859375,147559,0.0,0.0
2024-04-02 10:30:00-04:00,304.3800048828125,306.9100036621094,304.3800048828125,306.75,120791,0.0,0.0
2024-04-02 11:30:00-04:00,306.7900085449219,307.0,305.2200012207031,305.39739990234375,91626,0.0,0.0
2024-04-02 12:30:00-04:00,305.3349914550781,306.3699951171875,305.30499267578125,306.1199951171875,78239,0.0,0.0
2024-04-02 13:30:00-04:00,306.0199890136719,306.1643981933594,305.29998779296875,305.8999938964844,90493,0.0,0.0
2024-04-02 14:30:00-04:00,305.7650146484375,306.501708984375,305.0799865722656,305.9049987792969,121894,0.0,0.0
2024-04-02 15:30:00-04:00,306.0,306.8290100097656,305.8800048828125,306.3599853515625,258123,0.0,0.0
2024-04-03 09:30:00-04:00,304.4599914550781,310.6099853515625,304.0,310.04998779296875,156762,0.0,0.0
2024-04-03 10:30:00-04:00,310.29998779296875,311.20001220703125,309.7500915527344,310.9599914550781,117610,0.0,0.0
2024-04-03 11:30:00-04:00,310.9949951171875,311.7225036621094,310.05999755859375,311.4200134277344,103539,0.0,0.0
2024-04-03 12:30:00-04:00,311.625,311.8275146484375,310.3500061035156,311.3800048828125,59268,0.0,0.0
2024-04-03 13:30:00-04:00,311.25,312.1650085449219,311.1400146484375,311.29998779296875,64319,0.0,0.0
2024-04-03 14:30:00-04:00,311.2799987792969,311.739990234375,309.7799987792969,310.7300109863281,120057,0.0,0.0
2024-04-03 15:30:00-04:00,310.69000244140625,311.1400146484375,310.17999267578125,310.6600036621094,217704,0.0,0.0
2024-04-04 09:30:00-04:00,314.8999938964844,317.0899963378906,314.0199890136719,315.9093017578125,191559,0.0,0.0
2024-04-04 10:30:00-04:00,315.7099914550781,316.3800048828125,314.3299865722656,314.875,106985,0.0,0.0
2024-04-04 11:30:00-04:00,315.0899963378906,316.6549987792969,314.9599914550781,316.3999938964844,86749,0.0,0.0
2024-04-04 12:30:00-04:00,316.4700012207031,317.04998779296875,316.1199951171875,316.2550048828125,57444,0.0,0.0
2024-04-04 13:30:00-04:00,316.135009765625,316.44500732421875,311.8949890136719,311.8949890136719,107403,0.0,0.0
2024-04-04 14:30:00-04:00,311.67999267578125,311.7099914550781,306.67999267578125,306.67999267578125,120414,0.0,0.0
2024-04-04 15:30:00-04:00,306.9700012207031,307.385009765625,306.0400085449219,306.4599914550781,172423,0.0,0.0
2024-04-05 09:30:00-04:00,309.1199951171875,310.1000061035156,307.614990234375,308.3900146484375,142202,0.0,0.0
2024-04-05 10:30:00-04:00,308.30999755859375,310.80120849609375,308.239990234375,310.0299987792969,111057,0.0,0.0
2024-04-05 11:30:00-04:00,309.9800109863281,310.7300109863281,309.68011474609375,309.68011474609375,94345,0.0,0.0
2024-04-05 12:30:00-04:00,309.67999267578125,310.75,308.79998779296875,309.0400085449219,128850,0.0,0.0
2024-04-05 13:30:00-04:00,309.1700134277344,309.7099914550781,307.25,307.6099853515625,90500,0.0,0.0
2024-04-05 14:30:00-04:00,307.989990234375,308.3599853515625,307.2049865722656,307.67498779296875,89017,0.0,0.0
2024-04-05 15:30:00-04:00,307.79998779296875,308.3399963378906,307.4504089355469,307.760009765625,182471,0.0,0.0
2024-04-08 09:30:00-04:00,309.04998779296875,310.9200134277344,306.19500732421875,310.9200134277344,107140,0.0,0.0
2024-04-08 10:30:00-04:00,311.29998779296875,312.20001220703125,310.3699951171875,311.20001220703125,97469,0.0,0.0
2024-04-08 11:30:00-04:00,310.92999267578125,311.2099914550781,309.45001220703125,310.56500244140625,71012,0.0,0.0
2024-04-08 12:30:00-04:00,310.3800048828125,311.5050048828125,310.2300109863281,311.5050048828125,60559,0.0,0.0
2024-04-08 13:30:00-04:00,311.3999938964844,311.6499938964844,310.6099853515625,311.2850036621094,57989,0.0,0.0
2024-04-08 14:30:00-04:00,311.1400146484375,311.364990234375,310.260009765625,311.3399963378906,83795,0.0,0.0
2024-04-08 15:30:00-04:00,311.3450012207031,311.760009765625,310.6099853515625,311.2300109863281,167393,0.0,0.0
2024-04-09 09:30:00-04:00,312.0199890136719,313.45001220703125,308.07000732421875,308.1499938964844,140558,0.0,0.0
2024-04-09 10:30:00-04:00,308.0,308.79998779296875,305.0400085449219,308.010009765625,135056,0.0,0.0
2024-04-09 11:30:00-04:00,308.2699890136719,309.6449890136719,307.69500732421875,309.12701416015625,108422,0.0,0.0
2024-04-09 12:30:00-04:00,309.1300048828125,309.42498779296875,307.6449890136719,308.20001220703125,136910,0.0,0.0
2024-04-09 13:30:00-04:00,308.19500732421875,309.010009765625,307.8695068359375,308.8800048828125,84704,0.0,0.0
2024-04-09 14:30:00-04:00,308.8299865722656,310.6549987792969,307.8599853515625,310.6549987792969,130452,0.0,0.0
2024-04-09 15:30:00-04:00,310.57000732421875,311.79998779296875,309.80999755859375,311.5899963378906,261261,0.0,0.0
2024-04-10 09:30:00-04:00,305.54998779296875,307.3800048828125,305.1527099609375,305.55999755859375,167068,0.0,0.0
2024-04-10 10:30:00-04:00,305.92498779296875,306.4949951171875,304.7300109863281,305.19000244140625,91476,0.0,0.0
2024-04-10 11:30:00-04:00,305.3999938964844,305.5150146484375,303.6499938964844,304.1400146484375,83810,0.0,0.0
2024-04-10 12:30:00-04:00,304.17999267578125,305.9100036621094,303.92999267578125,305.05999755859375,78186,0.0,0.0
2024-04-10 13:30:00-04:00,304.8949890136719,305.0899963378906,303.0129089355469,303.19000244140625,71618,0.0,0.0
2024-04-10 14:30:00-04:00,303.3500061035156,311.4100036621094,303.1400146484375,304.8599853515625,84559,0.0,0.0
2024-04-10 15:30:00-04:00,304.4700012207031,305.1700134277344,303.9599914550781,304.3500061035156,174277,0.0,0.0
2024-04-11 09:30:00-04:00,305.0,305.6700134277344,304.0,305.0,197797,0.0,0.0
2024-04-11 10:30:00-04:00,304.7699890136719,305.3800048828125,303.9599914550781,304.9800109863281,174458,0.0,0.0
2024-04-11 11:30:00-04:00,304.989990234375,306.135009765625,304.8699951171875,305.0,97606,0.0,0.0
2024-04-11 12:30:00-04:00,304.9100036621094,307.135009765625,304.6300048828125,307.0950012207031,93308,0.0,0.0
2024-04-11 13:30:00-04:00,307.1199951171875,309.7200012207031,306.80999755859375,309.7200012207031,77635,0.0,0.0
2024-04-11 14:30:00-04:00,309.8800048828125,310.44500732421875,309.010009765625,310.44500732421875,157481,0.0,0.0
2024-04-11 15:30:00-04:00,310.4150085449219,310.7699890136719,309.9200134277344,309.9200134277344,249590,0.0,0.0
2024-04-12 09:30:00-04:00,305.54998779296875,306.8900146484375,304.8699951171875,305.8075866699219,127849,0.0,0.0
2024-04-12 10:30:00-04:00,306.0199890136719,306.42999267578125,304.4480895996094,306.0299987792969,102258,0.0,0.0
2024-04-12 11:30:00-04:00,305.99749755859375,306.8699951171875,305.6824951171875,306.1600036621094,106263,0.0,0.0
2024-04-12 12:30:00-04:00,305.9800109863281,306.2099914550781,304.4800109863281,304.760009765625,95424,0.0,0.0
2024-04-12 13:30:00-04:00,304.7300109863281,305.82000732421875,304.56500244140625,305.17498779296875,71201,0.0,0.0
2024-04-12 14:30:00-04:00,305.2200012207031,305.2200012207031,304.018310546875,304.4200134277344,95471,0.0,0.0
2024-04-12 15:30:00-04:00,304.45001220703125,306.04998779296875,304.44500732421875,306.04998779296875,154401,0.0,0.0
2024-04-15 09:30:00-04:00,310.5,310.7300109863281,306.6400146484375,307.0199890136719,166874,0.0,0.0
2024-04-15 10:30:00-04:00,306.9599914550781,307.57000732421875,306.30999755859375,306.9700012207031,97663,0.0,0.0
2024-04-15 11:30:00-04:00,306.94000244140625,307.7099914550781,305.7850036621094,305.8550109863281,77616,0.0,0.0
2024-04-15 12:30:00-04:00,305.8900146484375,305.8900146484375,302.19000244140625,302.4700012207031,105622,0.0,0.0
2024-04-15 13:30:00-04:00,302.2250061035156,302.2250061035156,299.8699951171875,300.7749938964844,139804,0.0,0.0
2024-04-15 14:30:00-04:00,300.4700012207031,301.07000732421875,299.67999267578125,300.19000244140625,105687,0.0,0.0
2024-04-15 15:30:00-04:00,300.1600036621094,302.2699890136719,300.1600036621094,301.6499938964844,313087,0.0,0.0
2024-04-16 09:30:00-04:00,298.8999938964844,299.80999755859375,296.5899963378906,297.6300048828125,308356,0.0,0.0
2024-04-16 10:30:00-04:00,297.6099853515625,300.44000244140625,297.2099914550781,299.9599914550781,239479,0.0,0.0
2024-04-16 11:30:00-04:00,300.0799865722656,300.6499938964844,298.95001220703125,299.9700012207031,142924,0.0,0.0
2024-04-16 12:30:00-04:00,300.05999755859375,300.5799865722656,299.5,299.8299865722656,104099,0.0,0.0
2024-04-16 13:30:00-04:00,300.0,302.0400085449219,298.82000732421875,300.010009765625,125876,0.0,0.0
2024-04-16 14:30:00-04:00,299.92999267578125,301.9700012207031,299.8399963378906,301.739990234375,149411,0.0,0.0
2024-04-16 15:30:00-04:00,301.760009765625,301.7699890136719,300.1400146484375,300.9700012207031,332358,0.0,0.0
2024-04-17 09:30:00-04:00,300.80999755859375,303.6300048828125,297.9599914550781,298.7799987792969,227742,0.0,0.0
2024-04-17 10:30:00-04:00,298.9700012207031,299.3299865722656,297.2699890136719,297.32000732421875,103872,0.0,0.0
2024-04-17 11:30:00-04:00,297.0400085449219,297.0400085449219,294.6700134277344,295.2850036621094,88939,0.0,0.0
2024-04-17 12:30:00-04:00,295.1400146484375,296.0899963378906,294.2900085449219,295.68499755859375,89647,0.0,0.0
2024-04-17 13:30:00-04:00,295.7099914550781,296.16839599609375,294.8550109863281,295.05999755859375,93134,0.0,0.0
2024-04-17 14:30:00-04:00,294.989990234375,296.4800109863281,293.9800109863281,293.9800109863281,97726,0.0,0.0
2024-04-17 15:30:00-04:00,293.9599914550781,295.32000732421875,293.6000061035156,293.6199951171875,197765,0.0,0.0
2024-04-18 09:30:00-04:00,295.04998779296875,296.1600036621094,290.55999755859375,292.32000732421875,188819,0.0,0.0
2024-04-18 10:30:00-04:00,292.875,293.885009765625,292.20001220703125,293.04998779296875,124146,0.0,0.0
2024-04-18 11:30:00-04:00,293.1099853515625,293.2699890136719,285.1199951171875,285.6099853515625,585399,0.0,0.0
2024-04-18 12:30:00-04:00,286.07000732421875,286.68499755859375,282.6099853515625,285.1199951171875,509364,0.0,0.0
2024-04-18 13:30:00-04:00,285.25,287.55999755859375,284.75,286.55999755859375,223023,0.0,0.0
2024-04-18 14:30:00-04:00,286.3399963378906,287.42999267578125,285.55999755859375,286.1099853515625,303865,0.0,0.0
2024-04-18 15:30:00-04:00,286.1199951171875,287.55999755859375,285.7099914550781,285.8800048828125,463502,0.0,0.0
2024-04-19 09:30:00-04:00,285.0,285.8500061035156,282.4599914550781,284.5,406235,0.0,0.0
2024-04-19 10:30:00-04:00,285.2300109863281,286.6700134277344,283.1900939941406,283.5199890136719,151106,0.0,0.0
2024-04-19 11:30:00-04:00,283.6300048828125,283.89959716796875,281.6300048828125,282.4100036621094,160646,0.0,0.0
2024-04-19 12:30:00-04:00,282.3599853515625,283.760009765625,282.1000061035156,283.1300048828125,114099,0.0,0.0
2024-04-19 13:30:00-04:00,283.5899963378906,284.510009765625,281.614990234375,281.614990234375,131384,0.0,0.0
2024-04-19 14:30:00-04:00,281.57000732421875,281.8900146484375,280.2099914550781,280.6400146484375,210441,0.0,0.0
2024-04-19 15:30:00-04:00,280.7099914550781,280.9599914550781,279.6000061035156,280.1700134277344,376525,0.0,0.0
2024-04-22 09:30:00-04:00,283.3299865722656,285.260009765625,281.0,282.82501220703125,369205,0.0,0.0
2024-04-22 10:30:00-04:00,282.7099914550781,284.2799987792969,280.25,283.5150146484375,209482,0.0,0.0
2024-04-22 11:30:00-04:00,283.43499755859375,284.6000061035156,283.2300109863281,284.17999267578125,166970,0.0,0.0
2024-04-22 12:30:00-04:00,284.07501220703125,285.885009765625,283.4599914550781,285.885009765625,165688,0.0,0.0
2024-04-22 13:30:00-04:00,285.8599853515625,286.9949951171875,285.2099914550781,286.8599853515625,183969,0.0,0.0
2024-04-22 14:30:00-04:00,287.0050048828125,287.139892578125,285.3800048828125,285.8399963378906,309970,0.0,0.0
2024-04-22 15:30:00-04:00,285.8399963378906,286.18499755859375,284.5849914550781,285.2699890136719,441924,0.0,0.0
2024-04-23 09:30:00-04:00,277.6444091796875,285.9750061035156,275.5,281.20001220703125,1765740,0.0,0.0
2024-04-23 10:30:00-04:00,281.2300109863281,282.489990234375,278.1401062011719,279.2550048828125,456293,0.0,0.0
2024-04-23 11:30:00-04:00,279.0799865722656,281.9100036621094,278.0,281.69000244140625,365363,0.0,0.0
2024-04-23 12:30:00-04:00,281.5899963378906,283.3399963378906,280.6700134277344,282.1700134277344,310619,0.0,0.0
2024-04-23 13:30:00-04:00,282.0799865722656,283.8450012207031,281.07000732421875,282.54998779296875,276378,0.0,0.0
2024-04-23 14:30:00-04:00,282.5400085449219,283.8299865722656,282.1300048828125,283.82000732421875,261603,0.0,0.0
2024-04-23 15:30:00-04:00,283.6700134277344,283.7449951171875,281.0379943847656,281.5799865722656,540295,0.0,0.0
2024-04-24 09:30:00-04:00,282.4700012207031,284.1000061035156,279.20001220703125,281.0950012207031,476866,0.0,0.0
2024-04-24 10:30:00-04:00,281.1000061035156,281.82000732421875,278.16009521484375,278.7749938964844,216976,0.0,0.0
2024-04-24 11:30:00-04:00,278.9100036621094,280.5,278.1400146484375,278.4599914550781,194827,0.0,0.0
2024-04-24 12:30:00-04:00,278.2099914550781,278.64990234375,276.7200012207031,278.3349914550781,173260,0.0,0.0
2024-04-24 13:30:00-04:00,278.0849914550781,279.6000061035156,278.0799865722656,278.1050109863281,172033,0.0,0.0
2024-04-24 14:30:00-04:00,278.0799865722656,279.260009765625,277.3299865722656,278.8175048828125,212301,0.0,0.0
2024-04-24 15:30:00-04:00,278.80999755859375,278.94000244140625,276.9649963378906,277.2300109863281,485790,0.0,0.0
2024-04-25 09:30:00-04:00,274.4700012207031,277.1499938964844,273.489990234375,276.3999938964844,417464,0.0,0.0
2024-04-25 10:30:00-04:00,276.3800048828125,276.489990234375,274.2835998535156,275.3699951171875,235065,0.0,0.0
2024-04-25 11:30:00-04:00,275.3699951171875,276.135009765625,274.57000732421875,276.0150146484375,254850,0.0,0.0
2024-04-25 12:30:00-04:00,276.0299987792969,278.3900146484375,275.625,277.7650146484375,192939,0.0,0.0
2024-04-25 13:30:00-04:00,277.7749938964844,279.5799865722656,277.7200012207031,278.010009765625,116789,0.0,0.0
2024-04-25 14:30:00-04:00,277.9599914550781,278.7550048828125,277.5899963378906,278.260009765625,134908,0.0,0.0
2024-04-25 15:30:00-04:00,278.2029113769531,278.2550048828125,275.9049987792969,277.1600036621094,328307,0.0,0.0
2024-04-26 09:30:00-04:00,278.5,285.4649963378906,278.5,284.375,378358,0.0,0.0
2024-04-26 10:30:00-04:00,284.4700012207031,287.43499755859375,284.255615234375,285.25,258601,0.0,0.0
2024-04-26 11:30:00-04:00,285.2699890136719,285.2699890136719,284.1499938964844,284.7359924316406,168037,0.0,0.0
2024-04-26 12:30:00-04:00,284.8299865722656,285.6615905761719,284.57000732421875,285.17999267578125,167365,0.0,0.0
2024-04-26 13:30:00-04:00,285.2650146484375,285.7099914550781,284.4700012207031,284.94000244140625,179498,0.0,0.0
2024-04-26 14:30:00-04:00,284.8900146484375,284.8949890136719,283.9200134277344,284.2900085449219,120189,0.0,0.0
2024-04-26 15:30:00-04:00,284.31500244140625,284.31500244140625,282.0899963378906,282.3299865722656,280731,0.0,0.0
2024-04-29 09:30:00-04:00,283.7699890136719,285.7099914550781,280.760009765625,281.55499267578125,203511,0.0,0.0
2024-04-29 10:30:00-04:00,281.55499267578125,281.92999267578125,280.364990234375,280.5199890136719,149271,0.0,0.0
2024-04-29 11:30:00-04:00,280.7099914550781,281.9100036621094,280.489990234375,281.82000732421875,182988,0.0,0.0
2024-04-29 12:30:00-04:00,281.94989013671875,281.9744873046875,281.29998779296875,281.6700134277344,86980,0.0,0.0
2024-04-29 13:30:00-04:00,281.67999267578125,281.8500061035156,281.1600036621094,281.260009765625,72322,0.0,0.0
2024-04-29 14:30:00-04:00,281.32000732421875,281.6654052734375,280.20001220703125,281.07000732421875,120270,0.0,0.0
2024-04-29 15:30:00-04:00,281.0799865722656,282.5299987792969,280.7349853515625,282.489990234375,223907,0.0,0.0
2024-04-30 09:30:00-04:00,281.5199890136719,282.8399963378906,280.32000732421875,280.3399963378906,204868,0.0,0.0
2024-04-30 10:30:00-04:00,280.30499267578125,281.0799865722656,278.739990234375,279.2799987792969,186423,0.0,0.0
2024-04-30 11:30:00-04:00,279.29998779296875,279.7799987792969,278.6099853515625,279.3085021972656,132982,0.0,0.0
2024-04-30 12:30:00-04:00,279.502685546875,279.502685546875,277.2200012207031,277.3800048828125,116924,0.0,0.0
2024-04-30 13:30:00-04:00,277.3276062011719,278.1000061035156,277.1099853515625,277.3500061035156,86376,0.0,0.0
2024-04-30 14:30:00-04:00,277.223388671875,277.7300109863281,276.55999755859375,277.30999755859375,113445,0.0,0.0
2024-04-30 15:30:00-04:00,277.32000732421875,277.44000244140625,275.4100036621094,275.44000244140625,338889,0.0,0.0
2024-05-01 09:30:00-04:00,275.3599853515625,276.42999267578125,273.3599853515625,274.04998779296875,355963,0.0,0.0
2024-05-01 10:30:00-04:00,274.05499267578125,274.9700012207031,273.6000061035156,274.1650085449219,161294,0.0,0.0
2024-05-01 11:30:00-04:00,274.1650085449219,275.56500244140625,273.8900146484375,275.0799865722656,160327,0.0,0.0
2024-05-01 12:30:00-04:00,275.0199890136719,275.42999267578125,274.3800048828125,275.3999938964844,84707,0.0,0.0
2024-05-01 13:30:00-04:00,275.3999938964844,276.7799987792969,275.0079040527344,276.7799987792969,142974,0.0,0.0
2024-05-01 14:30:00-04:00,276.69500732421875,280.82000732421875,274.9364929199219,278.5199890136719,252973,0.0,0.0
2024-05-01 15:30:00-04:00,278.2699890136719,278.2699890136719,274.42999267578125,274.42999267578125,324194,0.0,0.0
2024-05-02 09:30:00-04:00,275.8399963378906,276.4599914550781,270.3900146484375,272.3949890136719,224409,0.0,0.0
2024-05-02 10:30:00-04:00,272.19000244140625,274.8599853515625,271.6000061035156,274.5400085449219,179625,0.0,0.0
2024-05-02 11:30:00-04:00,274.2099914550781,275.1099853515625,273.6400146484375,274.5350036621094,170657,0.0,0.0
2024-05-02 12:30:00-04:00,274.42999267578125,275.54998779296875,273.6099853515625,274.864990234375,155805,0.0,0.0
2024-05-02 13:30:00-04:00,274.8999938964844,276.1099853515625,274.6300048828125,276.1099853515625,184501,0.0,0.0
2024-05-02 14:30:00-04:00,276.135009765625,277.45001220703125,275.92999267578125,277.1000061035156,169960,0.0,0.0
2024-05-02 15:30:00-04:00,277.0849914550781,277.2300109863281,275.8399963378906,276.4599914550781,278482,0.0,0.0
2024-05-03 09:30:00-04:00,280.3900146484375,284.31500244140625,280.0,280.364990234375,271660,0.0,0.0
2024-05-03 10:30:00-04:00,280.3999938964844,281.13409423828125,279.375,281.0,149958,0.0,0.0
2024-05-03 11:30:00-04:00,281.06500244140625,282.54998779296875,281.0,281.3299865722656,140016,0.0,0.0
2024-05-03 12:30:00-04:00,281.2550048828125,281.6700134277344,280.7300109863281,280.7900085449219,91451,0.0,0.0
2024-05-03 13:30:00-04:00,280.7799987792969,281.8399963378906,280.4800109863281,281.6199951171875,99491,0.0,0.0
2024-05-03 14:30:00-04:00,281.54998779296875,282.2300109863281,281.260009765625,281.9100036621094,129000,0.0,0.0
2024-05-03 15:30:00-04:00,281.9100036621094,281.9800109863281,281.0799865722656,281.7799987792969,220597,0.0,0.0
2024-05-06 09:30:00-04:00,281.7799987792969,284.3999938964844,280.2749938964844,283.9649963378906,247817,0.0,0.0
2024-05-06 10:30:00-04:00,283.75,284.3999938964844,281.6300048828125,283.2950134277344,124354,0.0,0.0
2024-05-06 11:30:00-04:00,283.2950134277344,283.7489929199219,283.0,283.375,99802,0.0,0.0
2024-05-06 12:30:00-04:00,283.3800048828125,284.3500061035156,283.3800048828125,284.3399963378906,66500,0.0,0.0
2024-05-06 13:30:00-04:00,284.239990234375,284.7699890136719,283.9599914550781,284.7690124511719,83106,0.0,0.0
2024-05-06 14:30:00-04:00,284.7850036621094,284.79998779296875,283.94000244140625,284.3500061035156,91445,0.0,0.0
2024-05-06 15:30:00-04:00,284.2200012207031,285.2099914550781,284.1600036621094,285.19000244140625,150344,0.0,0.0
2024-05-07 09:30:00-04:00,286.0,288.3800048828125,284.25,286.739990234375,204549,0.0,0.0
2024-05-07 10:30:00-04:00,286.7099914550781,288.0799865722656,286.17999267578125,287.3999938964844,133068,0.0,0.0
2024-05-07 11:30:00-04:00,287.3900146484375,288.4179992675781,287.25,287.8399963378906,78454,0.0,0.0
2024-05-07 12:30:00-04:00,287.7099914550781,287.7699890136719,286.44000244140625,287.1499938964844,88389,0.0,0.0
2024-05-07 13:30:00-04:00,287.1400146484375,287.1600036621094,284.8999938964844,285.04998779296875,63922,0.0,0.0
2024-05-07 14:30:00-04:00,285.1499938964844,285.4549865722656,284.510009765625,284.7449951171875,115012,0.0,0.0
2024-05-07 15:30:00-04:00,284.80999755859375,284.8299865722656,283.8599853515625,284.1700134277344,157498,0.0,0.0
2024-05-08 09:30:00-04:00,282.5,284.4200134277344,281.3550109863281,284.3999938964844,148044,0.0,0.0
2024-05-08 10:30:00-04:00,284.2966003417969,284.6083984375,282.69000244140625,283.2149963378906,127728,0.0,0.0
2024-05-08 11:30:00-04:00,283.0400085449219,283.2300109863281,282.2099914550781,283.135009765625,106696,0.0,0.0
2024-05-08 12:30:00-04:00,283.0899963378906,283.6400146484375,282.760009765625,282.81500244140625,225650,0.0,0.0
2024-05-08 13:30:00-04:00,282.8299865722656,283.79998779296875,282.8299865722656,283.79998779296875,127435,0.0,0.0
2024-05-08 14:30:00-04:00,283.5950012207031,283.8900146484375,282.1449890136719,282.7699890136719,119612,0.0,0.0
2024-05-08 15:30:00-04:00,282.7550048828125,283.20001220703125,282.3800048828125,282.5899963378906,204685,0.0,0.0
2024-05-09 09:30:00-04:00,282.5,285.5400085449219,282.5,285.1050109863281,172901,0.0,0.0
2024-05-09 10:30:00-04:00,285.1300048828125,287.2300109863281,285.1199951171875,286.7699890136719,107465,0.0,0.0
2024-05-09 11:30:00-04:00,286.8500061035156,287.05999755859375,285.3699951171875,286.07000732421875,78324,0.0,0.0
2024-05-09 12:30:00-04:00,286.07000732421875,286.07000732421875,285.30499267578125,285.614990234375,89251,0.0,0.0
2024-05-09 13:30:00-04:00,285.6099853515625,285.6954040527344,284.3399963378906,285.2099914550781,87955,0.0,0.0
2024-05-09 14:30:00-04:00,285.2900085449219,285.4750061035156,284.9049987792969,285.3399963378906,99155,0.0,0.0
2024-05-09 15:30:00-04:00,285.32501220703125,285.55999755859375,284.8500061035156,285.3500061035156,183772,0.0,0.0
2024-05-10 09:30:00-04:00,285.70001220703125,290.5400085449219,285.2799987792969,286.364990234375,180103,0.0,0.0
2024-05-10 10:30:00-04:00,286.3999938964844,287.7598876953125,286.010009765625,286.6700134277344,94671,0.0,0.0
2024-05-10 11:30:00-04:00,286.75,286.8500061035156,285.57000732421875,286.5150146484375,72468,0.0,0.0
2024-05-10 12:30:00-04:00,286.5799865722656,287.0,286.010009765625,286.2900085449219,44918,0.0,0.0
2024-05-10 13:30:00-04:00,286.04998779296875,286.5350036621094,285.5350036621094,286.5350036621094,51814,0.0,0.0
2024-05-10 14:30:00-04:00,286.25,286.9289855957031,286.05999755859375,286.8500061035156,58978,0.0,0.0
2024-05-10 15:30:00-04:00,286.92999267578125,287.89898681640625,286.489990234375,287.489990234375,151884,0.0,0.0
2024-05-13 09:30:00-04:00,289.20001220703125,289.20001220703125,285.5249938964844,286.239990234375,150733,0.0,0.0
2024-05-13 10:30:00-04:00,286.1499938964844,286.1499938964844,284.81500244140625,284.8301086425781,119689,0.0,0.0
2024-05-13 11:30:00-04:00,284.9800109863281,285.70001220703125,284.82501220703125,285.2200012207031,90756,0.0,0.0
2024-05-13 12:30:00-04:00,285.2900085449219,285.614990234375,283.95001220703125,284.8900146484375,124216,0.0,0.0
2024-05-13 13:30:00-04:00,284.8599853515625,285.1700134277344,284.4599914550781,285.0,78650,0.0,0.0
2024-05-13 14:30:00-04:00,284.9599914550781,285.07000732421875,284.30999755859375,284.4800109863281,107208,0.0,0.0
2024-05-13 15:30:00-04:00,284.489990234375,284.8999938964844,284.2699890136719,284.45001220703125,212601,0.0,0.0
2024-05-14 09:30:00-04:00,284.6000061035156,285.2690124511719,282.1000061035156,285.0400085449219,141557,0.0,0.0
2024-05-14 10:30:00-04:00,285.04998779296875,285.04998779296875,282.7550048828125,283.42999267578125,93324,0.0,0.0
2024-05-14 11:30:00-04:00,283.3599853515625,283.5,282.5,282.6099853515625,72864,0.0,0.0
2024-05-14 12:30:00-04:00,282.4100036621094,282.9700012207031,282.19000244140625,282.7850036621094,57964,0.0,0.0
2024-05-14 13:30:00-04:00,282.7900085449219,283.20001220703125,282.13140869140625,282.9649963378906,147565,0.0,0.0
2024-05-14 14:30:00-04:00,282.9200134277344,283.9700012207031,282.510009765625,283.6000061035156,181844,0.0,0.0
2024-05-14 15:30:00-04:00,283.57000732421875,283.95001220703125,283.239990234375,283.239990234375,265040,0.0,0.0
2024-05-15 09:30:00-04:00,287.19000244140625,288.7976989746094,285.82000732421875,288.3299865722656,279347,0.0,0.0
2024-05-15 10:30:00-04:00,288.30999755859375,291.6499938964844,288.07000732421875,291.17498779296875,255473,0.0,0.0
2024-05-15 11:30:00-04:00,291.0899963378906,291.3900146484375,290.19500732421875,291.06500244140625,167730,0.0,0.0
2024-05-15 12:30:00-04:00,291.1700134277344,292.56500244140625,290.8399963378906,292.56500244140625,332284,0.0,0.0
2024-05-15 13:30:00-04:00,292.6050109863281,293.80999755859375,292.0,292.9200134277344,162886,0.0,0.0
2024-05-15 14:30:00-04:00,293.010009765625,294.4200134277344,292.8299865722656,293.7699890136719,180965,0.0,0.0
2024-05-15 15:30:00-04:00,293.760009765625,294.0,292.8999938964844,293.218994140625,318277,0.0,0.0
2024-05-16 09:30:00-04:00,293.1000061035156,294.739990234375,290.260009765625,290.9200134277344,175592,0.0,0.0
2024-05-16 10:30:00-04:00,291.0400085449219,293.17999267578125,291.0400085449219,291.6300048828125,125298,0.0,0.0
2024-05-16 11:30:00-04:00,291.7200012207031,292.0199890136719,290.5899963378906,290.6099853515625,94271,0.0,0.0
2024-05-16 12:30:00-04:00,290.6099853515625,291.1000061035156,289.4700012207031,289.80999755859375,146924,0.0,0.0
2024-05-16 13:30:00-04:00,290.1400146484375,290.8900146484375,289.8299865722656,290.239990234375,85174,0.0,0.0
2024-05-16 14:30:00-04:00,290.2149963378906,291.0450134277344,290.2149963378906,290.6099853515625,123504,0.0,0.0
2024-05-16 15:30:00-04:00,290.6300048828125,290.7799987792969,288.7300109863281,288.7900085449219,217918,0.0,0.0
2024-05-17 09:30:00-04:00,289.1600036621094,290.20001220703125,288.510009765625,290.0,154012,0.0,0.0
2024-05-17 10:30:00-04:00,290.0,290.2799987792969,289.4599914550781,289.95001220703125,90709,0.0,0.0
2024-05-17 11:30:00-04:00,289.8699951171875,289.989990234375,289.30999755859375,289.5299987792969,55584,0.0,0.0
2024-05-17 12:30:00-04:00,289.5400085449219,289.6199951171875,288.82000732421875,288.8500061035156,44668,0.0,0.0
2024-05-17 13:30:00-04:00,289.0950012207031,289.6300048828125,288.45001220703125,288.80999755859375,69663,0.0,0.0
2024-05-17 14:30:00-04:00,288.82000732421875,289.9800109863281,288.7349853515625,289.31500244140625,74244,0.0,0.0
2024-05-17 15:30:00-04:00,289.3949890136719,289.3949890136719,288.385009765625,288.8500061035156,229852,0.0,0.0
2024-05-20 09:30:00-04:00,288.3699951171875,291.5400085449219,288.0199890136719,291.0,152424,0.0,0.0
2024-05-20 10:30:00-04:00,290.9574890136719,291.32501220703125,290.7900085449219,291.2950134277344,73747,0.0,0.0
2024-05-20 11:30:00-04:00,291.1673889160156,291.5199890136719,290.510009765625,290.625,64098,0.0,0.0
2024-05-20 12:30:00-04:00,290.6400146484375,291.8699951171875,290.57000732421875,290.9700927734375,81430,0.0,0.0
2024-05-20 13:30:00-04:00,290.989990234375,291.5,290.7135925292969,291.3299865722656,56655,0.0,0.0
2024-05-20 14:30:00-04:00,291.5,291.7300109863281,291.010009765625,291.3599853515625,91513,0.0,0.0
2024-05-20 15:30:00-04:00,291.3399963378906,292.6300048828125,291.17999267578125,292.5799865722656,205875,0.0,0.0
2024-05-21 09:30:00-04:00,292.19000244140625,292.9750061035156,289.739990234375,290.5299987792969,217486,0.0,0.0
2024-05-21 10:30:00-04:00,290.5150146484375,291.5799865722656,290.1400146484375,290.8299865722656,100803,0.0,0.0
2024-05-21 11:30:00-04:00,290.75,291.2300109863281,290.385009765625,290.94500732421875,57126,0.0,0.0
2024-05-21 12:30:00-04:00,290.8299865722656,290.8299865722656,289.8299865722656,290.3100891113281,59941,0.0,0.0
2024-05-21 13:30:00-04:00,290.3999938964844,290.70001220703125,289.67999267578125,289.739990234375,83001,0.0,0.0
2024-05-21 14:30:00-04:00,289.7799987792969,290.5,289.7799987792969,290.1000061035156,105954,0.0,0.0
2024-05-21 15:30:00-04:00,290.2099914550781,291.1000061035156,290.04998779296875,290.1000061035156,182892,0.0,0.0
2024-05-22 09:30:00-04:00,291.9200134277344,294.489990234375,291.7699890136719,293.8399963378906,157025,0.0,0.0
2024-05-22 10:30:00-04:00,293.7300109863281,293.8999938964844,292.5899963378906,293.45001220703125,113145,0.0,0.0
2024-05-22 11:30:00-04:00,293.5,294.0,292.4100036621094,293.95001220703125,102454,0.0,0.0
2024-05-22 12:30:00-04:00,293.9599914550781,294.0299987792969,292.7900085449219,293.29998779296875,130396,0.0,0.0
2024-05-22 13:30:00-04:00,293.19000244140625,293.2699890136719,290.81561279296875,290.81561279296875,102274,0.0,0.0
2024-05-22 14:30:00-04:00,290.92999267578125,291.5849914550781,290.5,291.1600036621094,146958,0.0,0.0
2024-05-22 15:30:00-04:00,291.2099914550781,292.989990234375,290.8399963378906,292.8399963378906,226312,0.0,0.0
2024-05-23 09:30:00-04:00,297.6600036621094,298.5950012207031,293.5,297.29998779296875,373502,0.0,0.0
2024-05-23 10:30:00-04:00,297.4150085449219,299.2149963378906,296.6400146484375,298.4800109863281,272436,0.0,0.0
2024-05-23 11:30:00-04:00,298.57000732421875,300.8500061035156,298.24700927734375,300.5799865722656,167950,0.0,0.0
2024-05-23 12:30:00-04:00,300.6000061035156,301.9200134277344,300.1099853515625,300.70001220703125,261504,0.0,0.0
2024-05-23 13:30:00-04:00,300.7699890136719,300.79998779296875,294.5899963378906,294.9599914550781,188152,0.0,0.0
2024-05-23 14:30:00-04:00,294.8799133300781,295.739990234375,294.1099853515625,294.95001220703125,123124,0.0,0.0
2024-05-23 15:30:00-04:00,294.8800048828125,295.4649963378906,294.3550109863281,294.69000244140625,222977,0.0,0.0
2024-05-24 09:30:00-04:00,293.70001220703125,294.70001220703125,291.0470886230469,294.1600036621094,189500,0.0,0.0
2024-05-24 10:30:00-04:00,294.1900939941406,297.3299865722656,294.04998779296875,296.8500061035156,109517,0.0,0.0
2024-05-24 11:30:00-04:00,296.9750061035156,297.6700134277344,296.2300109863281,296.2349853515625,80994,0.0,0.0
2024-05-24 12:30:00-04:00,296.135009765625,296.2099914550781,295.1499938964844,295.6300048828125,72126,0.0,0.0
2024-05-24 13:30:00-04:00,295.6400146484375,296.635009765625,295.25,295.6630859375,71828,0.0,0.0
2024-05-24 14:30:00-04:00,295.6650085449219,295.69000244140625,294.0899963378906,294.6499938964844,84133,0.0,0.0
2024-05-24 15:30:00-04:00,294.6549987792969,294.82000732421875,293.864990234375,294.3500061035156,136436,0.0,0.0
2024-05-28 09:30:00-04:00,293.07000732421875,297.9100036621094,293.07000732421875,295.3550109863281,347269,0.0,0.0
2024-05-28 10:30:00-04:00,295.3299865722656,296.3900146484375,294.78948974609375,296.239990234375,103248,0.0,0.0
2024-05-28 11:30:00-04:00,296.2550048828125,296.4599914550781,294.44500732421875,295.2699890136719,118389,0.0,0.0
2024-05-28 12:30:00-04:00,295.2300109863281,295.82000732421875,294.6449890136719,295.5199890136719,102674,0.0,0.0
2024-05-28 13:30:00-04:00,295.5199890136719,296.07000732421875,295.20001220703125,295.5299987792969,119994,0.0,0.0
2024-05-28 14:30:00-04:00,295.5050048828125,295.7200012207031,294.5899963378906,294.7699890136719,166600,0.0,0.0
2024-05-28 15:30:00-04:00,294.7900085449219,296.3500061035156,294.7900085449219,296.3500061035156,253870,0.0,0.0
2024-05-29 09:30:00-04:00,291.7900085449219,292.8399963378906,288.44000244140625,289.70001220703125,357653,0.0,0.0
2024-05-29 10:30:00-04:00,289.79998779296875,291.69500732421875,289.3699951171875,291.42999267578125,200027,0.0,0.0
2024-05-29 11:30:00-04:00,291.3800048828125,291.3800048828125,289.6300048828125,290.2925109863281,140616,0.0,0.0
2024-05-29 12:30:00-04:00,290.31500244140625,290.7650146484375,289.4599914550781,289.9100036621094,130303,0.0,0.0
2024-05-29 13:30:00-04:00,289.9100036621094,290.6000061035156,289.4800109863281,290.54998779296875,107088,0.0,0.0
2024-05-29 14:30:00-04:00,290.5050048828125,292.3500061035156,290.0,292.25,155419,0.0,0.0
2024-05-29 15:30:00-04:00,292.25,292.44500732421875,291.1400146484375,291.70001220703125,358022,0.0,0.0
2024-05-30 09:30:00-04:00,290.5,290.5,287.6549987792969,288.8599853515625,359481,0.0,0.0
2024-05-30 10:30:00-04:00,288.8399963378906,289.635009765625,287.3829040527344,289.29998779296875,227546,0.0,0.0
2024-05-30 11:30:00-04:00,289.2950134277344,289.7900085449219,288.04998779296875,289.68499755859375,139397,0.0,0.0
2024-05-30 12:30:00-04:00,289.68499755859375,290.32000732421875,288.92999267578125,289.32000732421875,121533,0.0,0.0
2024-05-30 13:30:00-04:00,289.285400390625,289.75,288.4200134277344,289.6199951171875,160292,0.0,0.0
2024-05-30 14:30:00-04:00,289.6549987792969,290.2300109863281,289.010009765625,289.4599914550781,292626,0.0,0.0
2024-05-30 15:30:00-04:00,289.489990234375,289.5799865722656,287.9849853515625,288.25,483037,0.0,0.0
2024-05-31 09:30:00-04:00,287.6719970703125,289.57000732421875,282.739990234375,282.92498779296875,355857,0.0,0.0
2024-05-31 10:30:00-04:00,282.69000244140625,282.69000244140625,280.30999755859375,281.6499938964844,298254,0.0,0.0
2024-05-31 11:30:00-04:00,281.5,282.1300048828125,279.1400146484375,280.0899963378906,167768,0.0,0.0
2024-05-31 12:30:00-04:00,280.0199890136719,281.260009765625,279.57000732421875,280.8500061035156,168453,0.0,0.0
2024-05-31 13:30:00-04:00,280.8500061035156,280.989990234375,279.2900085449219,279.5249938964844,168688,0.0,0.0
2024-05-31 14:30:00-04:00,279.45001220703125,281.4549865722656,279.0199890136719,280.9949951171875,201905,0.0,0.0
2024-05-31 15:30:00-04:00,280.94500732421875,286.8699951171875,280.94500732421875,286.489990234375,555079,0.0,0.0
2024-06-03 09:30:00-04:00,287.010009765625,289.6700134277344,284.010009765625,285.2049865722656,209464,0.0,0.0
2024-06-03 10:30:00-04:00,285.17999267578125,285.2900085449219,282.4200134277344,283.5,133043,0.0,0.0
2024-06-03 11:30:00-04:00,283.6600036621094,284.2799987792969,281.7200012207031,281.7799987792969,167850,0.0,0.0
2024-06-03 12:30:00-04:00,281.7449951171875,283.2099914550781,281.2749938964844,283.19500732421875,133552,0.0,0.0
2024-06-03 13:30:00-04:00,283.17999267578125,283.92999267578125,283.010009765625,283.239990234375,90471,0.0,0.0
2024-06-03 14:30:00-04:00,283.239990234375,284.6000061035156,283.19378662109375,284.4599914550781,80411,0.0,0.0
2024-06-03 15:30:00-04:00,284.44500732421875,286.239990234375,284.04998779296875,286.2200012207031,200172,0.0,0.0
2024-06-04 09:30:00-04:00,287.7699890136719,289.7850036621094,284.2799987792969,285.1517028808594,234269,0.0,0.0
2024-06-04 10:30:00-04:00,285.2799987792969,285.75,284.489990234375,284.9649963378906,157396,0.0,0.0
2024-06-04 11:30:00-04:00,284.92498779296875,284.92498779296875,283.75,284.7099914550781,117151,0.0,0.0
2024-06-04 12:30:00-04:00,284.55999755859375,285.0400085449219,283.8550109863281,284.57000732421875,101042,0.0,0.0
2024-06-04 13:30:00-04:00,284.54998779296875,287.2099914550781,283.95001220703125,287.2099914550781,95936,0.0,0.0
2024-06-04 14:30:00-04:00,287.0899963378906,287.1000061035156,285.3699951171875,285.7200012207031,130719,0.0,0.0
2024-06-04 15:30:00-04:00,285.7099914550781,287.3599853515625,285.364990234375,287.20001220703125,147980,0.0,0.0
2024-06-05 09:30:00-04:00,287.989990234375,292.3349914550781,287.42999267578125,292.3349914550781,248274,0.0,0.0
2024-06-05 10:30:00-04:00,292.68499755859375,294.9949951171875,291.98260498046875,292.0950012207031,300181,0.0,0.0
2024-06-05 11:30:00-04:00,292.0799865722656,293.05999755859375,291.5849914550781,292.69500732421875,152088,0.0,0.0
2024-06-05 12:30:00-04:00,292.7025146484375,294.20001220703125,292.32000732421875,293.0150146484375,166893,0.0,0.0
2024-06-05 13:30:00-04:00,293.1300048828125,296.5400085449219,293.1050109863281,296.4200134277344,177775,0.0,0.0
2024-06-05 14:30:00-04:00,296.4949951171875,297.1300048828125,295.94000244140625,296.36761474609375,199499,0.0,0.0
2024-06-05 15:30:00-04:00,296.2799987792969,296.57000732421875,295.19061279296875,296.4200134277344,330090,0.0,0.0
2024-06-06 09:30:00-04:00,296.7699890136719,298.30999755859375,295.2200012207031,297.54998779296875,246269,0.0,0.0
2024-06-06 10:30:00-04:00,297.5299987792969,299.0799865722656,297.2049865722656,297.8599853515625,236143,0.0,0.0
2024-06-06 11:30:00-04:00,297.6499938964844,297.6499938964844,296.125,296.489990234375,118034,0.0,0.0
2024-06-06 12:30:00-04:00,296.3699951171875,296.5,295.4599914550781,295.57000732421875,93539,0.0,0.0
2024-06-06 13:30:00-04:00,295.5849914550781,296.4750061035156,295.5,295.7300109863281,77198,0.0,0.0
2024-06-06 14:30:00-04:00,295.6199951171875,296.25,295.2099914550781,295.8999938964844,92522,0.0,0.0
2024-06-06 15:30:00-04:00,296.0400085449219,296.0400085449219,295.1400146484375,295.739990234375,146096,0.0,0.0
2024-06-07 09:30:00-04:00,297.3299865722656,298.385009765625,295.8599853515625,297.67498779296875,165024,0.0,0.0
2024-06-07 10:30:00-04:00,297.625,299.3999938964844,297.3399963378906,297.80999755859375,100066,0.0,0.0
2024-06-07 11:30:00-04:00,297.8900146484375,298.239990234375,296.8500061035156,297.2325134277344,71324,0.0,0.0
2024-06-07 12:30:00-04:00,297.3299865722656,297.6000061035156,296.356201171875,296.510009765625,121305,0.0,0.0
2024-06-07 13:30:00-04:00,296.4800109863281,296.989990234375,294.5299987792969,295.6700134277344,72604,0.0,0.0
2024-06-07 14:30:00-04:00,295.5299987792969,296.17999267578125,293.55999755859375,294.1499938964844,92815,0.0,0.0
2024-06-07 15:30:00-04:00,294.19000244140625,294.7300109863281,293.875,294.3909912109375,147316,0.0,0.0
2024-06-10 09:30:00-04:00,293.7300109863281,296.0,292.2200012207031,293.67498779296875,149146,0.0,0.0
2024-06-10 10:30:00-04:00,293.5880126953125,295.20989990234375,293.4200134277344,294.8999938964844,101559,0.0,0.0
2024-06-10 11:30:00-04:00,294.9700012207031,295.510009765625,294.302490234375,295.2325134277344,89494,0.0,0.0
2024-06-10 12:30:00-04:00,295.1700134277344,295.79998779296875,294.2799987792969,294.6400146484375,88687,0.0,0.0
2024-06-10 13:30:00-04:00,294.6600036621094,295.6000061035156,294.6600036621094,294.875,78977,0.0,0.0
2024-06-10 14:30:00-04:00,294.70001220703125,296.42999267578125,294.55999755859375,296.2850036621094,95123,0.0,0.0
2024-06-10 15:30:00-04:00,296.30999755859375,296.43499755859375,295.8399963378906,296.2200012207031,179024,0.0,0.0
2024-06-11 09:30:00-04:00,295.0,298.1000061035156,294.5150146484375,297.5799865722656,212265,0.0,0.0
2024-06-11 10:30:00-04:00,297.5299987792969,301.9800109863281,297.5299987792969,300.1199951171875,306085,0.0,0.0
2024-06-11 11:30:00-04:00,300.1449890136719,300.3999938964844,298.7401123046875,299.6700134277344,110910,0.0,0.0
2024-06-11 12:30:00-04:00,299.8500061035156,299.8900146484375,298.45001220703125,299.57000732421875,114080,0.0,0.0
2024-06-11 13:30:00-04:00,299.6499938964844,300.95001220703125,299.4599914550781,300.7200012207031,122538,0.0,0.0
2024-06-11 14:30:00-04:00,300.9849853515625,301.8900146484375,300.95001220703125,301.3900146484375,147306,0.0,0.0
2024-06-11 15:30:00-04:00,301.3999938964844,301.5,300.239990234375,300.8299865722656,358528,0.0,0.0
2024-06-12 09:30:00-04:00,305.7200012207031,309.8999938964844,303.79998779296875,307.6449890136719,417072,0.0,0.0
2024-06-12 10:30:00-04:00,307.7799987792969,308.6099853515625,306.260009765625,308.2200012207031,217594,0.0,0.0
2024-06-12 11:30:00-04:00,308.1499938964844,308.5299987792969,307.57501220703125,307.95001220703125,68607,0.0,0.0
2024-06-12 12:30:00-04:00,308.17498779296875,309.44000244140625,308.04998779296875,309.260009765625,116381,0.0,0.0
2024-06-12 13:30:00-04:00,309.2349853515625,310.2200012207031,307.635009765625,309.9100036621094,226198,0.0,0.0
2024-06-12 14:30:00-04:00,309.94000244140625,312.739990234375,309.010009765625,310.6000061035156,305018,0.0,0.0
2024-06-12 15:30:00-04:00,310.45001220703125,312.54998779296875,309.67999267578125,311.8399963378906,335532,0.0,0.0
2024-06-13 09:30:00-04:00,312.5899963378906,316.8299865722656,310.4100036621094,311.8599853515625,274988,0.0,0.0
2024-06-13 10:30:00-04:00,312.0,312.0199890136719,307.6700134277344,307.8699951171875,140237,0.0,0.0
2024-06-13 11:30:00-04:00,307.989990234375,308.7699890136719,304.9100036621094,305.1000061035156,144872,0.0,0.0
2024-06-13 12:30:00-04:00,304.9200134277344,308.2699890136719,304.70001220703125,307.3399963378906,159232,0.0,0.0
2024-06-13 13:30:00-04:00,307.29998779296875,308.2099914550781,306.75,307.75,114376,0.0,0.0
2024-06-13 14:30:00-04:00,307.75,308.760009765625,307.5205078125,308.1000061035156,139693,0.0,0.0
2024-06-13 15:30:00-04:00,308.1600036621094,308.3599853515625,307.42498779296875,307.42999267578125,285900,0.0,0.0
2024-06-14 09:30:00-04:00,309.0899963378906,310.4100036621094,307.04998779296875,309.19000244140625,174767,0.0,0.0
2024-06-14 10:30:00-04:00,308.9599914550781,309.45001220703125,308.45001220703125,309.3699951171875,150876,0.0,0.0
2024-06-14 11:30:00-04:00,309.4100036621094,311.1400146484375,309.0799865722656,310.02801513671875,122997,0.0,0.0
2024-06-14 12:30:00-04:00,310.17498779296875,310.5,309.8241882324219,310.3900146484375,64385,0.0,0.0
2024-06-14 13:30:00-04:00,310.4599914550781,312.4700012207031,310.1600036621094,312.0799865722656,146310,0.0,0.0
2024-06-14 14:30:00-04:00,311.9800109863281,312.57000732421875,311.6011047363281,312.57000732421875,181842,0.0,0.0
2024-06-14 15:30:00-04:00,312.5299987792969,312.54998779296875,311.6288146972656,312.17999267578125,208490,0.0,0.0
2024-06-17 09:30:00-04:00,311.55999755859375,314.95989990234375,311.4410095214844,313.70001220703125,325961,0.0,0.0
2024-06-17 10:30:00-04:00,313.9700012207031,315.19989013671875,313.3900146484375,314.2250061035156,212910,0.0,0.0
2024-06-17 11:30:00-04:00,314.1000061035156,317.6000061035156,313.6499938964844,317.5299987792969,179134,0.0,0.0
2024-06-17 12:30:00-04:00,317.6499938964844,319.29998779296875,317.6099853515625,319.29998779296875,224406,0.0,0.0
2024-06-17 13:30:00-04:00,319.3399963378906,321.69000244140625,319.25,321.6000061035156,246894,0.0,0.0
2024-06-17 14:30:00-04:00,321.69000244140625,323.25,321.6199951171875,323.04998779296875,248648,0.0,0.0
2024-06-17 15:30:00-04:00,323.0400085449219,323.0899963378906,321.44500732421875,322.2300109863281,403116,0.0,0.0
2024-06-18 09:30:00-04:00,320.3900146484375,326.3599853515625,320.3900146484375,323.4549865722656,355586,0.0,0.0
2024-06-18 10:30:00-04:00,323.44000244140625,324.7300109863281,323.2786865234375,324.0,195968,0.0,0.0
2024-06-18 11:30:00-04:00,323.9750061035156,325.2699890136719,323.9100036621094,324.94000244140625,149365,0.0,0.0
2024-06-18 12:30:00-04:00,324.94000244140625,326.1400146484375,324.80999755859375,326.1400146484375,121385,0.0,0.0
2024-06-18 13:30:00-04:00,326.1700134277344,326.57000732421875,325.30999755859375,325.6099853515625,126144,0.0,0.0
2024-06-18 14:30:00-04:00,325.6300048828125,326.6300048828125,325.5061950683594,326.5249938964844,289075,0.0,0.0
2024-06-18 15:30:00-04:00,326.4599914550781,327.1050109863281,326.0899963378906,326.6300048828125,343837,0.0,0.0
2024-06-20 09:30:00-04:00,328.70001220703125,328.989990234375,322.69000244140625,322.9200134277344,382001,0.0,0.0
2024-06-20 10:30:00-04:00,322.57000732421875,324.3900146484375,322.1300048828125,323.2349853515625,178657,0.0,0.0
2024-06-20 11:30:00-04:00,323.010009765625,323.0899963378906,319.6600036621094,319.6700134277344,125131,0.0,0.0
2024-06-20 12:30:00-04:00,319.5299987792969,320.81500244140625,318.8399963378906,319.06500244140625,114129,0.0,0.0
2024-06-20 13:30:00-04:00,319.1300048828125,319.8900146484375,317.6099853515625,319.3475036621094,110619,0.0,0.0
2024-06-20 14:30:00-04:00,319.2799987792969,319.7699890136719,317.95001220703125,318.6199951171875,156935,0.0,0.0
2024-06-20 15:30:00-04:00,318.7099914550781,319.4800109863281,318.3710021972656,318.5299987792969,256724,0.0,0.0
2024-06-21 09:30:00-04:00,319.42999267578125,319.42999267578125,313.7650146484375,315.3500061035156,609188,0.0,0.0
2024-06-21 10:30:00-04:00,315.4049987792969,317.0,314.8999938964844,316.6300048828125,114923,0.0,0.0
2024-06-21 11:30:00-04:00,316.3800048828125,318.43499755859375,315.82000732421875,317.9599914550781,161427,0.0,0.0
2024-06-21 12:30:00-04:00,317.8500061035156,318.4849853515625,316.2250061035156,316.6099853515625,105403,0.0,0.0
2024-06-21 13:30:00-04:00,316.6000061035156,317.2099914550781,316.1199951171875,316.8500061035156,84561,0.0,0.0
2024-06-21 14:30:00-04:00,316.7900085449219,317.20989990234375,316.5400085449219,316.5400085449219,119863,0.0,0.0
2024-06-21 15:30:00-04:00,316.5199890136719,318.8999938964844,316.5199890136719,318.4700012207031,289006,0.0,0.0
2024-06-24 09:30:00-04:00,317.5199890136719,317.5199890136719,310.29998779296875,311.9599914550781,363299,0.0,0.0
2024-06-24 10:30:00-04:00,311.976806640625,313.9549865722656,311.3999938964844,313.0799865722656,145813,0.0,0.0
2024-06-24 11:30:00-04:00,313.2099914550781,313.5799865722656,311.7699890136719,312.4775085449219,69784,0.0,0.0
2024-06-24 12:30:00-04:00,312.6000061035156,312.8299865722656,311.44000244140625,312.489990234375,114838,0.0,0.0
2024-06-24 13:30:00-04:00,312.2900085449219,312.2900085449219,310.739990234375,310.8500061035156,81000,0.0,0.0
2024-06-24 14:30:00-04:00,310.9549865722656,312.0450134277344,310.4150085449219,311.44500732421875,101982,0.0,0.0
2024-06-24 15:30:00-04:00,311.5199890136719,311.6625061035156,309.1499938964844,309.1499938964844,244346,0.0,0.0
2024-06-25 09:30:00-04:00,310.0,310.6099853515625,307.1000061035156,309.5899963378906,229702,0.0,0.0
2024-06-25 10:30:00-04:00,309.739990234375,311.32000732421875,308.6300048828125,310.489990234375,100150,0.0,0.0
2024-06-25 11:30:00-04:00,310.3299865722656,311.20001220703125,310.2799987792969,311.1099853515625,109572,0.0,0.0
2024-06-25 12:30:00-04:00,311.0299987792969,311.30999755859375,310.32000732421875,310.81500244140625,84995,0.0,0.0
2024-06-25 13:30:00-04:00,310.82000732421875,311.0849914550781,310.42999267578125,310.8800048828125,72044,0.0,0.0
2024-06-25 14:30:00-04:00,310.8800048828125,311.6199951171875,309.9599914550781,311.3949890136719,116919,0.0,0.0
2024-06-25 15:30:00-04:00,311.42498779296875,311.7099914550781,310.9599914550781,311.6889953613281,200535,0.0,0.0
2024-06-26 09:30:00-04:00,310.0299987792969,312.2200012207031,308.7699890136719,310.29998779296875,133395,0.0,0.0
2024-06-26 10:30:00-04:00,310.55999755859375,311.44000244140625,309.4800109863281,310.0350036621094,120825,0.0,0.0
2024-06-26 11:30:00-04:00,310.0950012207031,311.32000732421875,309.4700012207031,310.67999267578125,75049,0.0,0.0
2024-06-26 12:30:00-04:00,310.6300048828125,311.010009765625,309.2300109863281,309.7300109863281,60691,0.0,0.0
2024-06-26 13:30:00-04:00,309.69000244140625,310.2900085449219,309.2699890136719,309.4574890136719,61371,0.0,0.0
2024-06-26 14:30:00-04:00,309.54998779296875,309.69000244140625,308.4800109863281,308.864990234375,92657,0.0,0.0
2024-06-26 15:30:00-04:00,308.75,309.79998779296875,308.375,309.42999267578125,225566,0.0,0.0
2024-06-27 09:30:00-04:00,311.19500732421875,313.3599853515625,309.3299865722656,311.5849914550781,217206,0.0,0.0
2024-06-27 10:30:00-04:00,311.5899963378906,311.739990234375,309.6499938964844,309.7699890136719,172288,0.0,0.0
2024-06-27 11:30:00-04:00,309.7699890136719,310.6099853515625,308.54998779296875,310.20001220703125,179920,0.0,0.0
2024-06-27 12:30:00-04:00,310.20001220703125,310.6600036621094,309.3500061035156,309.8500061035156,70269,0.0,0.0
2024-06-27 13:30:00-04:00,309.8550109863281,310.0199890136719,308.18499755859375,308.5350036621094,87867,0.0,0.0
2024-06-27 14:30:00-04:00,308.4949951171875,309.57000732421875,308.30999755859375,309.5,93027,0.0,0.0
2024-06-27 15:30:00-04:00,309.489990234375,309.5199890136719,307.6600036621094,308.04998779296875,213678,0.0,0.0
2024-06-28 09:30:00-04:00,307.9200134277344,313.0,307.4700012207031,311.2900085449219,235522,0.0,0.0
2024-06-28 10:30:00-04:00,311.32501220703125,312.0400085449219,310.2699890136719,310.9949951171875,139851,0.0,0.0
2024-06-28 11:30:00-04:00,311.0950012207031,312.05499267578125,310.07000732421875,311.1700134277344,112049,0.0,0.0
2024-06-28 12:30:00-04:00,311.2250061035156,311.54998779296875,309.9599914550781,311.32000732421875,100803,0.0,0.0
2024-06-28 13:30:00-04:00,311.3800048828125,311.4200134277344,309.6700134277344,309.8999938964844,72334,0.0,0.0
2024-06-28 14:30:00-04:00,310.0350036621094,310.489990234375,308.6300048828125,308.7349853515625,155372,0.0,0.0
2024-06-28 15:30:00-04:00,308.69000244140625,309.5249938964844,307.5299987792969,307.7300109863281,377893,0.0,0.0
2024-07-01 09:30:00-04:00,307.75,309.0249938964844,304.1199951171875,308.79998779296875,359433,0.0,0.0
2024-07-01 10:30:00-04:00,309.07501220703125,311.0,308.6099853515625,310.7550048828125,161100,0.0,0.0
2024-07-01 11:30:00-04:00,310.7300109863281,311.19000244140625,309.4200134277344,310.42498779296875,77914,0.0,0.0
2024-07-01 12:30:00-04:00,310.45001220703125,311.2200012207031,309.9800109863281,311.2200012207031,49048,0.0,0.0
2024-07-01 13:30:00-04:00,310.8800048828125,311.6199035644531,310.5799865722656,310.7099914550781,70550,0.0,0.0
2024-07-01 14:30:00-04:00,310.69000244140625,311.9800109863281,310.4100036621094,311.5299987792969,151457,0.0,0.0
2024-07-01 15:30:00-04:00,311.4599914550781,311.9100036621094,310.7099914550781,310.7900085449219,164959,0.0,0.0
2024-07-02 09:30:00-04:00,314.05999755859375,317.2799987792969,310.9800109863281,314.7200012207031,304186,0.0,0.0
2024-07-02 10:30:00-04:00,314.6700134277344,316.4649963378906,314.6400146484375,316.4649963378906,87576,0.0,0.0
2024-07-02 11:30:00-04:00,316.4800109863281,316.4800109863281,312.8900146484375,313.1499938964844,78408,0.0,0.0
2024-07-02 12:30:00-04:00,313.30999755859375,314.1099853515625,312.3399963378906,314.1099853515625,56906,0.0,0.0
2024-07-02 13:30:00-04:00,313.9200134277344,315.5400085449219,313.739990234375,315.2799987792969,48416,0.0,0.0
2024-07-02 14:30:00-04:00,315.260009765625,316.2300109863281,314.8900146484375,316.125,87027,0.0,0.0
2024-07-02 15:30:00-04:00,316.125,317.1499938964844,315.7799987792969,316.79998779296875,312181,0.0,0.0
2024-07-03 09:30:00-04:00,315.1099853515625,318.45001220703125,314.6400146484375,315.80999755859375,146117,0.0,0.0
2024-07-03 10:30:00-04:00,315.7300109863281,317.5799865722656,315.61761474609375,317.1099853515625,91396,0.0,0.0
2024-07-03 11:30:00-04:00,316.9599914550781,318.1099853515625,316.5,317.6099853515625,80841,0.0,0.0
2024-07-05 09:30:00-04:00,315.25,318.9700012207031,313.79998779296875,317.2850036621094,184366,0.0,0.0
2024-07-05 10:30:00-04:00,317.1050109863281,320.2300109863281,317.1050109863281,320.1400146484375,99613,0.0,0.0
2024-07-05 11:30:00-04:00,319.989990234375,321.9747009277344,319.6600036621094,321.8399963378906,101645,0.0,0.0
2024-07-05 12:30:00-04:00,321.8349914550781,322.2099914550781,321.3301086425781,321.760009765625,76163,0.0,0.0
2024-07-05 13:30:00-04:00,321.82501220703125,322.1449890136719,320.875,321.0,68158,0.0,0.0
2024-07-05 14:30:00-04:00,320.9100036621094,322.2799987792969,320.9100036621094,322.0899963378906,99794,0.0,0.0
2024-07-05 15:30:00-04:00,322.0799865722656,322.0899963378906,320.9599914550781,321.04998779296875,232618,0.0,0.0
2024-07-08 09:30:00-04:00,320.0,322.0,318.2900085449219,321.0397033691406,162520,0.0,0.0
2024-07-08 10:30:00-04:00,321.2799987792969,321.7699890136719,320.08380126953125,320.43499755859375,87093,0.0,0.0
2024-07-08 11:30:00-04:00,320.69000244140625,320.7200012207031,317.2349853515625,317.42498779296875,77467,0.0,0.0
2024-07-08 12:30:00-04:00,317.3699951171875,318.010009765625,317.0,317.8999938964844,67495,0.0,0.0
2024-07-08 13:30:00-04:00,318.0,318.7300109863281,317.2799987792969,318.5799865722656,77945,0.0,0.0
2024-07-08 14:30:00-04:00,318.4800109863281,318.8299865722656,317.80999755859375,318.239990234375,83342,0.0,0.0
2024-07-08 15:30:00-04:00,318.260009765625,318.4800109863281,317.260009765625,317.4100036621094,201133,0.0,0.0
2024-07-09 09:30:00-04:00,319.44000244140625,319.8900146484375,313.42999267578125,314.8500061035156,132855,0.0,0.0
2024-07-09 10:30:00-04:00,314.4599914550781,315.1700134277344,313.739990234375,314.42999267578125,64166,0.0,0.0
2024-07-09 11:30:00-04:00,314.6199951171875,315.8399963378906,314.5,315.1000061035156,69274,0.0,0.0
2024-07-09 12:30:00-04:00,315.0,315.5150146484375,314.1000061035156,314.6050109863281,42776,0.0,0.0
2024-07-09 13:30:00-04:00,314.260009765625,315.614990234375,314.07000732421875,315.3599853515625,61937,0.0,0.0
2024-07-09 14:30:00-04:00,315.3599853515625,316.2550048828125,315.25,316.0,98789,0.0,0.0
2024-07-09 15:30:00-04:00,316.0,316.4460144042969,315.20001220703125,315.3900146484375,170503,0.0,0.0
2024-07-10 09:30:00-04:00,315.2099914550781,318.2099914550781,313.9049987792969,318.2099914550781,165017,0.0,0.0
2024-07-10 10:30:00-04:00,318.2099914550781,318.3900146484375,316.17999267578125,316.7149963378906,108975,0.0,0.0
2024-07-10 11:30:00-04:00,316.760009765625,317.8800048828125,316.42999267578125,317.6650085449219,74319,0.0,0.0
2024-07-10 12:30:00-04:00,317.7099914550781,319.75,317.45001220703125,319.0199890136719,102631,0.0,0.0
2024-07-10 13:30:00-04:00,319.06500244140625,319.739990234375,318.70098876953125,319.1199951171875,87423,0.0,0.0
2024-07-10 14:30:00-04:00,319.1199951171875,319.760009765625,318.3699951171875,318.3699951171875,111771,0.0,0.0
2024-07-10 15:30:00-04:00,318.3699951171875,320.3399963378906,318.2200012207031,319.7900085449219,238444,0.0,0.0
2024-07-11 09:30:00-04:00,320.0,321.45001220703125,318.1499938964844,319.70001220703125,216357,0.0,0.0
2024-07-11 10:30:00-04:00,319.79998779296875,321.0050048828125,318.1499938964844,318.7900085449219,110857,0.0,0.0
2024-07-11 11:30:00-04:00,318.8900146484375,319.04998779296875,314.30029296875,315.9200134277344,154414,0.0,0.0
2024-07-11 12:30:00-04:00,316.1300048828125,317.06500244140625,314.6152038574219,316.8900146484375,98937,0.0,0.0
2024-07-11 13:30:00-04:00,316.7900085449219,317.3599853515625,315.5199890136719,315.57000732421875,87449,0.0,0.0
2024-07-11 14:30:00-04:00,315.5199890136719,316.67999267578125,315.30999755859375,315.30999755859375,98113,0.0,0.0
2024-07-11 15:30:00-04:00,315.30999755859375,316.0400085449219,313.8999938964844,314.05999755859375,277598,0.0,0.0
2024-07-12 09:30:00-04:00,313.0899963378906,316.1400146484375,311.3999938964844,314.9599914550781,129203,0.0,0.0
2024-07-12 10:30:00-04:00,314.9599914550781,317.19000244140625,314.9599914550781,316.3500061035156,94753,0.0,0.0
2024-07-12 11:30:00-04:00,316.3500061035156,316.6199951171875,314.07000732421875,314.2950134277344,78122,0.0,0.0
2024-07-12 12:30:00-04:00,314.45001220703125,316.57000732421875,314.2200012207031,316.57000732421875,71793,0.0,0.0
2024-07-12 13:30:00-04:00,316.5400085449219,319.3999938964844,316.5400085449219,318.1300048828125,85067,0.0,0.0
2024-07-12 14:30:00-04:00,318.1099853515625,318.9100036621094,317.7481994628906,317.9049987792969,111367,0.0,0.0
2024-07-12 15:30:00-04:00,317.8399963378906,317.8399963378906,315.30999755859375,315.8399963378906,233968,0.0,0.0
2024-07-15 09:30:00-04:00,315.0,316.1199951171875,313.2300109863281,315.17999267578125,232829,0.0,0.0
2024-07-15 10:30:00-04:00,315.04998779296875,316.9700012207031,314.6000061035156,316.67999267578125,154928,0.0,0.0
2024-07-15 11:30:00-04:00,316.0400085449219,317.0,314.60009765625,315.5899963378906,90256,0.0,0.0
2024-07-15 12:30:00-04:00,315.67889404296875,315.92999267578125,314.5400085449219,315.2650146484375,56725,0.0,0.0
2024-07-15 13:30:00-04:00,315.2650146484375,315.42999267578125,314.2099914550781,314.8901062011719,58198,0.0,0.0
2024-07-15 14:30:00-04:00,314.94000244140625,316.2398986816406,314.70001220703125,315.4800109863281,90340,0.0,0.0
2024-07-15 15:30:00-04:00,315.4100036621094,315.9100036621094,314.2099914550781,315.54998779296875,180219,0.0,0.0
2024-07-16 09:30:00-04:00,317.239990234375,317.5400085449219,311.6300048828125,312.4049987792969,149324,0.0,0.0
2024-07-16 10:30:00-04:00,312.1300048828125,313.4599914550781,311.6700134277344,312.3399963378906,140340,0.0,0.0
2024-07-16 11:30:00-04:00,312.4200134277344,312.75,310.55999755859375,311.0899963378906,90717,0.0,0.0
2024-07-16 12:30:00-04:00,311.0799865722656,311.7300109863281,310.260009765625,310.8299865722656,152703,0.0,0.0
2024-07-16 13:30:00-04:00,310.6600036621094,311.6700134277344,310.0950012207031,311.5400085449219,95625,0.0,0.0
2024-07-16 14:30:00-04:00,311.5299987792969,312.875,311.0199890136719,311.44500732421875,163817,0.0,0.0
2024-07-16 15:30:00-04:00,311.43499755859375,312.05999755859375,310.6199951171875,311.6199951171875,308048,0.0,0.0
2024-07-17 09:30:00-04:00,305.4100036621094,305.5,292.5899963378906,294.4200134277344,672348,0.0,0.0
2024-07-17 10:30:00-04:00,294.3500061035156,295.1700134277344,292.2300109863281,294.4700012207031,495100,0.0,0.0
2024-07-17 11:30:00-04:00,294.5,294.5400085449219,290.07000732421875,290.19000244140625,468308,0.0,0.0
2024-07-17 12:30:00-04:00,290.3599853515625,290.6499938964844,288.05999755859375,289.6499938964844,323342,0.0,0.0
2024-07-17 13:30:00-04:00,289.6300048828125,290.94000244140625,289.5799865722656,289.92999267578125,237628,0.0,0.0
2024-07-17 14:30:00-04:00,289.8299865722656,290.3599853515625,287.8299865722656,288.564208984375,331578,0.0,0.0
2024-07-17 15:30:00-04:00,288.5299987792969,290.30999755859375,287.885009765625,288.04998779296875,605294,0.0,0.0
2024-07-18 09:30:00-04:00,289.3599853515625,289.4649963378906,282.510009765625,282.625,529662,0.0,0.0
2024-07-18 10:30:00-04:00,282.510009765625,282.5899963378906,277.3999938964844,277.7300109863281,564365,0.0,0.0
2024-07-18 11:30:00-04:00,277.67498779296875,277.7200012207031,273.1700134277344,273.7699890136719,694721,0.0,0.0
2024-07-18 12:30:00-04:00,273.7200012207031,276.7900085449219,273.3399963378906,275.95001220703125,402209,0.0,0.0
2024-07-18 13:30:00-04:00,276.05999755859375,276.1400146484375,274.6199951171875,275.8800048828125,308186,0.0,0.0
2024-07-18 14:30:00-04:00,275.95001220703125,277.3999938964844,275.2099914550781,275.8599853515625,398687,0.0,0.0
2024-07-18 15:30:00-04:00,275.82000732421875,278.2250061035156,275.45001220703125,277.7099914550781,726176,0.0,0.0
2024-07-19 09:30:00-04:00,277.9700012207031,279.11920166015625,276.3550109863281,277.1449890136719,382189,0.0,0.0
2024-07-19 10:30:00-04:00,277.1300048828125,279.3999938964844,276.1700134277344,278.6700134277344,246095,0.0,0.0
2024-07-19 11:30:00-04:00,278.68499755859375,280.5199890136719,277.9700012207031,279.0050048828125,328044,0.0,0.0
2024-07-19 12:30:00-04:00,278.9649963378906,279.5513000488281,278.1499938964844,278.9949951171875,229160,0.0,0.0
2024-07-19 13:30:00-04:00,278.9200134277344,279.57000732421875,278.5799865722656,278.92498779296875,180306,0.0,0.0
2024-07-19 14:30:00-04:00,278.96990966796875,280.0799865722656,277.9599914550781,279.7200012207031,271053,0.0,0.0
2024-07-19 15:30:00-04:00,279.6700134277344,280.1499938964844,278.3349914550781,279.9599914550781,503932,0.0,0.0
2024-07-22 09:30:00-04:00,284.5,286.8800048828125,282.7301025390625,284.32000732421875,432607,0.0,0.0
2024-07-22 10:30:00-04:00,284.44000244140625,286.44000244140625,283.0729064941406,283.69000244140625,455020,0.0,0.0
2024-07-22 11:30:00-04:00,283.57000732421875,285.5199890136719,283.1000061035156,284.9200134277344,184861,0.0,0.0
2024-07-22 12:30:00-04:00,284.9849853515625,287.7300109863281,284.3999938964844,287.3900146484375,192679,0.0,0.0
2024-07-22 13:30:00-04:00,287.3699951171875,289.0899963378906,287.3500061035156,288.70001220703125,306370,0.0,0.0
2024-07-22 14:30:00-04:00,288.5799865722656,289.0799865722656,286.4700012207031,286.80499267578125,315424,0.0,0.0
2024-07-22 15:30:00-04:00,286.8299865722656,287.70001220703125,286.3399963378906,287.3500061035156,446237,0.0,0.0
2024-07-23 09:30:00-04:00,287.989990234375,291.8299865722656,283.3800048828125,284.1199951171875,1050449,0.0,0.0
2024-07-23 10:30:00-04:00,284.17999267578125,287.94000244140625,280.7699890136719,287.3800048828125,534173,0.0,0.0
2024-07-23 11:30:00-04:00,287.6300048828125,288.3999938964844,281.9599914550781,282.4700012207031,281766,0.0,0.0
2024-07-23 12:30:00-04:00,282.4700012207031,284.44000244140625,281.9700012207031,283.07989501953125,162562,0.0,0.0
2024-07-23 13:30:00-04:00,282.8450012207031,283.8699951171875,282.2900085449219,283.2099914550781,189002,0.0,0.0
2024-07-23 14:30:00-04:00,283.260009765625,285.5400085449219,283.0400085449219,283.2300109863281,211012,0.0,0.0
2024-07-23 15:30:00-04:00,283.3299865722656,283.5899963378906,282.54998779296875,282.93499755859375,369208,0.0,0.0
2024-07-24 09:30:00-04:00,280.04998779296875,280.8800048828125,275.4200134277344,276.2349853515625,369284,0.0,0.0
2024-07-24 10:30:00-04:00,276.0299987792969,276.260009765625,271.5199890136719,272.69500732421875,369314,0.0,0.0
2024-07-24 11:30:00-04:00,272.67999267578125,272.8949890136719,270.760009765625,271.389404296875,246783,0.0,0.0
2024-07-24 12:30:00-04:00,271.42999267578125,272.6700134277344,270.94500732421875,271.4299011230469,334306,0.0,0.0
2024-07-24 13:30:00-04:00,271.24688720703125,271.5799865722656,269.57000732421875,269.7749938964844,294392,0.0,0.0
2024-07-24 14:30:00-04:00,269.67999267578125,270.0899963378906,267.1499938964844,267.5,375531,0.0,0.0
2024-07-24 15:30:00-04:00,267.5299987792969,269.17999267578125,265.7699890136719,266.0299987792969,605162,0.0,0.0
2024-07-25 09:30:00-04:00,266.6300048828125,268.9299011230469,259.5,262.17999267578125,753726,0.0,0.0
2024-07-25 10:30:00-04:00,262.18499755859375,264.91400146484375,261.6400146484375,262.1549987792969,611471,0.0,0.0
2024-07-25 11:30:00-04:00,262.0299987792969,264.8500061035156,261.6099853515625,264.4049987792969,323318,0.0,0.0
2024-07-25 12:30:00-04:00,264.5400085449219,265.2699890136719,262.3500061035156,263.57000732421875,287871,0.0,0.0
2024-07-25 13:30:00-04:00,263.3299865722656,265.447509765625,262.6300048828125,262.9549865722656,244301,0.0,0.0
2024-07-25 14:30:00-04:00,262.9599914550781,263.3900146484375,261.6499938964844,262.010009765625,358101,0.0,0.0
2024-07-25 15:30:00-04:00,262.0,262.2200012207031,258.1600036621094,258.2699890136719,548324,0.0,0.0
2024-07-26 09:30:00-04:00,263.0400085449219,264.54998779296875,261.30999755859375,263.57501220703125,550655,0.0,0.0
2024-07-26 10:30:00-04:00,263.06500244140625,263.29998779296875,259.66009521484375,259.7699890136719,308592,0.0,0.0
2024-07-26 11:30:00-04:00,259.7200012207031,261.8299865722656,259.30999755859375,261.47100830078125,266464,0.0,0.0
2024-07-26 12:30:00-04:00,261.6199951171875,262.1499938964844,260.760009765625,261.2414855957031,186462,0.0,0.0
2024-07-26 13:30:00-04:00,261.1700134277344,261.2099914550781,258.67498779296875,258.93499755859375,243700,0.0,0.0
2024-07-26 14:30:00-04:00,258.92999267578125,259.4599914550781,258.0299987792969,259.1658935546875,266006,0.0,0.0
2024-07-26 15:30:00-04:00,259.1549987792969,259.4599914550781,257.7799987792969,258.69000244140625,480752,0.0,0.0
2024-07-29 09:30:00-04:00,260.32000732421875,264.7900085449219,260.1199951171875,261.8900146484375,275674,0.0,0.0
2024-07-29 10:30:00-04:00,261.8999938964844,262.1099853515625,258.85009765625,259.7900085449219,124411,0.0,0.0
2024-07-29 11:30:00-04:00,259.739990234375,262.82000732421875,258.6000061035156,262.510009765625,104105,0.0,0.0
2024-07-29 12:30:00-04:00,262.510009765625,263.010009765625,260.70001220703125,260.70001220703125,80688,0.0,0.0
2024-07-29 13:30:00-04:00,260.5899963378906,261.25,259.19000244140625,259.55999755859375,99561,0.0,0.0
2024-07-29 14:30:00-04:00,259.5,260.32000732421875,258.7900085449219,260.05499267578125,125923,0.0,0.0
2024-07-29 15:30:00-04:00,260.0299987792969,260.4100036621094,258.7900085449219,258.92999267578125,259839,0.0,0.0
2024-07-30 09:30:00-04:00,258.8999938964844,260.760009765625,256.6099853515625,258.3299865722656,341654,0.0,0.0
2024-07-30 10:30:00-04:00,258.4200134277344,258.4200134277344,254.22000122070312,254.83999633789062,310825,0.0,0.0
2024-07-30 11:30:00-04:00,254.8350067138672,255.0800018310547,252.86000061035156,253.9250030517578,327679,0.0,0.0
2024-07-30 12:30:00-04:00,253.9250030517578,253.9499969482422,251.82000732421875,252.75,279344,0.0,0.0
2024-07-30 13:30:00-04:00,252.72000122070312,253.57000732421875,252.35009765625,252.86000061035156,336529,0.0,0.0
2024-07-30 14:30:00-04:00,252.85000610351562,252.89999389648438,250.8350067138672,251.6699981689453,306113,0.0,0.0
2024-07-30 15:30:00-04:00,251.63499450683594,254.47000122070312,251.13999938964844,252.9600067138672,455607,0.0,0.0
2024-07-31 09:30:00-04:00,264.1700134277344,267.3500061035156,261.9800109863281,263.19500732421875,623138,0.0,0.0
2024-07-31 10:30:00-04:00,263.44000244140625,264.8699951171875,261.7850036621094,263.5400085449219,482927,0.0,0.0
2024-07-31 11:30:00-04:00,263.9200134277344,266.5350036621094,263.8599853515625,265.95001220703125,400746,0.0,0.0
2024-07-31 12:30:00-04:00,265.9375,266.739990234375,265.3299865722656,266.393310546875,482501,0.0,0.0
2024-07-31 13:30:00-04:00,266.3500061035156,267.1000061035156,264.80999755859375,266.9100036621094,300538,0.0,0.0
2024-07-31 14:30:00-04:00,267.1000061035156,269.5199890136719,266.9132080078125,267.5899963378906,509609,0.0,0.0
2024-07-31 15:30:00-04:00,267.4750061035156,269.227294921875,266.30999755859375,267.6400146484375,699221,0.0,0.0
2024-08-01 09:30:00-04:00,266.239990234375,270.9226989746094,265.42999267578125,265.7300109863281,410736,0.0,0.0
2024-08-01 10:30:00-04:00,265.5400085449219,267.17999267578125,264.5199890136719,264.92999267578125,402484,0.0,0.0
2024-08-01 11:30:00-04:00,264.8299865722656,264.94000244140625,261.92999267578125,262.44000244140625,329427,0.0,0.0
2024-08-01 12:30:00-04:00,262.30999755859375,262.92999267578125,260.70001220703125,261.6000061035156,310786,0.0,0.0
2024-08-01 13:30:00-04:00,261.6000061035156,261.6000061035156,258.8999938964844,259.5,197079,0.0,0.0
2024-08-01 14:30:00-04:00,259.6000061035156,260.7799987792969,259.05010986328125,260.7799987792969,197531,0.0,0.0
2024-08-01 15:30:00-04:00,260.8299865722656,262.1499938964844,260.010009765625,260.760009765625,490758,0.0,0.0
2024-08-02 09:30:00-04:00,253.30999755859375,257.0,243.1199951171875,245.16000366210938,1049574,0.0,0.0
2024-08-02 10:30:00-04:00,245.0,245.72000122070312,243.13499450683594,244.50999450683594,566310,0.0,0.0
2024-08-02 11:30:00-04:00,244.3699951171875,247.3300018310547,243.3300018310547,244.71499633789062,643683,0.0,0.0
2024-08-02 12:30:00-04:00,244.58999633789062,244.7100067138672,241.64999389648438,241.71499633789062,318222,0.0,0.0
2024-08-02 13:30:00-04:00,241.63999938964844,247.94000244140625,241.4499969482422,247.8249969482422,605603,0.0,0.0
2024-08-02 14:30:00-04:00,247.77000427246094,250.6699981689453,247.72999572753906,250.41000366210938,464110,0.0,0.0
2024-08-02 15:30:00-04:00,250.50999450683594,250.7050018310547,247.8699951171875,249.6300048828125,638722,0.0,0.0
2024-08-05 09:30:00-04:00,245.10000610351562,250.0,241.2899932861328,241.42999267578125,1064593,0.0,0.0
2024-08-05 10:30:00-04:00,241.6300048828125,250.67999267578125,241.46009826660156,247.47999572753906,637410,0.0,0.0
2024-08-05 11:30:00-04:00,247.4199981689453,250.0,245.1699981689453,249.8800048828125,429778,0.0,0.0
2024-08-05 12:30:00-04:00,249.75,249.75,243.7100067138672,245.39999389648438,318343,0.0,0.0
2024-08-05 13:30:00-04:00,245.67999267578125,246.0800018310547,244.19000244140625,245.47999572753906,278107,0.0,0.0
2024-08-05 14:30:00-04:00,245.27999877929688,246.86500549316406,244.5399932861328,246.57000732421875,410518,0.0,0.0
2024-08-05 15:30:00-04:00,246.4499969482422,246.99000549316406,244.8800048828125,246.85000610351562,620378,0.0,0.0
2024-08-06 09:30:00-04:00,258.0050048828125,260.4200134277344,252.61000061035156,254.71499633789062,726294,0.0,0.0
2024-08-06 10:30:00-04:00,254.82000732421875,258.4100036621094,254.13999938964844,256.125,416000,0.0,0.0
2024-08-06 11:30:00-04:00,256.125,258.82000732421875,255.91000366210938,257.70001220703125,273360,0.0,0.0
2024-08-06 12:30:00-04:00,257.6400146484375,262.3900146484375,257.40740966796875,262.1300048828125,539498,0.0,0.0
2024-08-06 13:30:00-04:00,262.2799987792969,264.05499267578125,261.7101135253906,263.7449951171875,602000,0.0,0.0
2024-08-06 14:30:00-04:00,263.6300048828125,265.0299987792969,260.8699951171875,263.6499938964844,771859,0.0,0.0
2024-08-06 15:30:00-04:00,263.67999267578125,264.0299987792969,259.7349853515625,259.80999755859375,820209,0.0,0.0
2024-08-07 09:30:00-04:00,268.57000732421875,271.0,259.42999267578125,260.2099914550781,601566,0.0,0.0
2024-08-07 10:30:00-04:00,260.0,262.6400146484375,259.55499267578125,261.4599914550781,406639,0.0,0.0
2024-08-07 11:30:00-04:00,261.36248779296875,261.6099853515625,257.20001220703125,257.69000244140625,284062,0.0,0.0
2024-08-07 12:30:00-04:00,257.822509765625,259.0,254.86000061035156,254.92999267578125,209091,0.0,0.0
2024-08-07 13:30:00-04:00,254.9550018310547,255.52999877929688,251.0800018310547,252.9550018310547,212954,0.0,0.0
2024-08-07 14:30:00-04:00,252.66000366210938,252.97000122070312,250.3800048828125,251.88999938964844,208352,0.0,0.0
2024-08-07 15:30:00-04:00,251.6999969482422,252.55999755859375,250.05999755859375,250.2899932861328,295568,0.0,0.0
2024-08-08 09:30:00-04:00,257.75,263.9049987792969,256.04998779296875,263.7950134277344,640143,0.0,0.0
2024-08-08 10:30:00-04:00,263.82000732421875,265.2950134277344,262.739990234375,263.8999938964844,343935,0.0,0.0
2024-08-08 11:30:00-04:00,264.010009765625,265.44000244140625,263.3299865722656,264.45001220703125,200028,0.0,0.0
2024-08-08 12:30:00-04:00,264.45001220703125,266.1400146484375,262.31439208984375,265.9460144042969,206744,0.0,0.0
2024-08-08 13:30:00-04:00,266.0400085449219,268.1099853515625,266.0,267.25,331629,0.0,0.0
2024-08-08 14:30:00-04:00,267.25,268.2300109863281,266.7300109863281,267.1700134277344,395586,0.0,0.0
2024-08-08 15:30:00-04:00,267.1000061035156,269.15399169921875,266.7099914550781,268.67999267578125,526755,0.0,0.0
2024-08-09 09:30:00-04:00,267.0,270.510009765625,266.4599914550781,267.1199951171875,288685,0.0,0.0
2024-08-09 10:30:00-04:00,266.9549865722656,269.82000732421875,265.6600036621094,268.7900085449219,186745,0.0,0.0
2024-08-09 11:30:00-04:00,268.45001220703125,268.6099853515625,265.989990234375,266.8999938964844,107881,0.0,0.0
2024-08-09 12:30:00-04:00,267.1600036621094,270.5,267.1000061035156,270.3800048828125,143316,0.0,0.0
2024-08-09 13:30:00-04:00,270.5400085449219,270.9649963378906,268.80999755859375,269.125,157186,0.0,0.0
2024-08-09 14:30:00-04:00,268.9700012207031,270.92999267578125,268.8599853515625,270.739990234375,180966,0.0,0.0
2024-08-09 15:30:00-04:00,270.75,271.06500244140625,269.5050048828125,270.260009765625,359033,0.0,0.0
2024-08-12 09:30:00-04:00,268.8999938964844,269.5199890136719,263.42498779296875,267.03009033203125,316862,0.0,0.0
2024-08-12 10:30:00-04:00,267.2149963378906,268.8800048828125,265.4200134277344,266.05999755859375,159270,0.0,0.0
2024-08-12 11:30:00-04:00,266.04998779296875,267.69500732421875,265.7799987792969,267.25,109731,0.0,0.0
2024-08-12 12:30:00-04:00,267.1050109863281,267.5574035644531,265.4599914550781,266.07000732421875,107630,0.0,0.0
2024-08-12 13:30:00-04:00,266.2300109863281,266.3900146484375,265.1099853515625,266.0137939453125,90265,0.0,0.0
2024-08-12 14:30:00-04:00,265.8599853515625,267.1300048828125,265.7012023925781,267.0249938964844,105168,0.0,0.0
2024-08-12 15:30:00-04:00,267.0400085449219,267.2200012207031,265.5400085449219,266.82000732421875,187968,0.0,0.0
2024-08-13 09:30:00-04:00,269.4800109863281,272.1300048828125,268.1600036621094,271.3500061035156,190074,0.0,0.0
2024-08-13 10:30:00-04:00,271.4800109863281,272.1700134277344,270.4100036621094,271.0199890136719,132536,0.0,0.0
2024-08-13 11:30:00-04:00,271.07501220703125,273.49639892578125,270.8800048828125,273.1824035644531,222657,0.0,0.0
2024-08-13 12:30:00-04:00,273.1650085449219,273.8900146484375,272.25,272.79998779296875,117661,0.0,0.0
2024-08-13 13:30:00-04:00,272.94500732421875,273.9599914550781,272.2200012207031,273.1499938964844,187466,0.0,0.0
2024-08-13 14:30:00-04:00,273.0199890136719,273.6199951171875,271.6700134277344,271.8800048828125,177427,0.0,0.0
2024-08-13 15:30:00-04:00,271.9800109863281,272.7099914550781,271.2550048828125,271.32000732421875,305362,0.0,0.0
2024-08-14 09:30:00-04:00,271.7300109863281,273.7200012207031,270.0,271.4700012207031,309708,0.0,0.0
2024-08-14 10:30:00-04:00,271.2749938964844,273.8999938964844,269.9750061035156,273.8599853515625,291620,0.0,0.0
2024-08-14 11:30:00-04:00,273.8399963378906,274.5278015136719,270.19000244140625,270.8700866699219,225486,0.0,0.0
2024-08-14 12:30:00-04:00,271.0199890136719,272.9399108886719,271.0199890136719,272.1400146484375,88186,0.0,0.0
2024-08-14 13:30:00-04:00,272.07501220703125,272.3399963378906,271.2699890136719,272.0299987792969,88545,0.0,0.0
2024-08-14 14:30:00-04:00,272.20001220703125,272.5899963378906,270.6400146484375,270.8800048828125,122517,0.0,0.0
2024-08-14 15:30:00-04:00,270.9826965332031,272.5899963378906,270.3399963378906,271.8599853515625,255697,0.0,0.0
2024-08-15 09:30:00-04:00,276.239990234375,279.94000244140625,275.04998779296875,279.739990234375,279314,0.0,0.0
2024-08-15 10:30:00-04:00,279.6199951171875,280.5050048828125,279.1401062011719,280.0,244520,0.0,0.0
2024-08-15 11:30:00-04:00,280.0400085449219,281.2699890136719,280.0400085449219,280.6199951171875,92823,0.0,0.0
2024-08-15 12:30:00-04:00,280.57000732421875,280.57000732421875,279.4200134277344,280.31500244140625,136468,0.0,0.0
2024-08-15 13:30:00-04:00,280.30999755859375,281.1499938964844,280.1400146484375,280.4538879394531,123367,0.0,0.0
2024-08-15 14:30:00-04:00,280.4599914550781,280.8699951171875,280.0,280.6499938964844,156571,0.0,0.0
2024-08-15 15:30:00-04:00,280.6499938964844,280.94500732421875,279.4100036621094,280.1199951171875,299299,0.0,0.0
2024-08-16 09:30:00-04:00,279.489990234375,280.94500732421875,278.6339111328125,280.80499267578125,228218,0.0,0.0
2024-08-16 10:30:00-04:00,280.9200134277344,281.2900085449219,279.92999267578125,280.4549865722656,83277,0.0,0.0
2024-08-16 11:30:00-04:00,280.3999938964844,281.9800109863281,280.239990234375,281.8699951171875,84084,0.0,0.0
2024-08-16 12:30:00-04:00,281.7799987792969,282.9700012207031,281.7799987792969,282.69500732421875,93952,0.0,0.0
2024-08-16 13:30:00-04:00,282.7300109863281,282.8800048828125,281.67498779296875,281.8900146484375,95521,0.0,0.0
2024-08-16 14:30:00-04:00,281.8902893066406,282.1300048828125,281.32000732421875,281.6199951171875,105139,0.0,0.0
2024-08-16 15:30:00-04:00,281.5400085449219,281.7799987792969,280.7099914550781,281.010009765625,203279,0.0,0.0
2024-08-19 09:30:00-04:00,281.17999267578125,281.9800109863281,277.0299987792969,278.2799987792969,235693,0.0,0.0
2024-08-19 10:30:00-04:00,278.29998779296875,278.4700012207031,277.0,277.29998779296875,108030,0.0,0.0
2024-08-19 11:30:00-04:00,277.29998779296875,278.07000732421875,276.7124938964844,278.07000732421875,97562,0.0,0.0
2024-08-19 12:30:00-04:00,278.0299987792969,278.6050109863281,277.54998779296875,278.4549865722656,85968,0.0,0.0
2024-08-19 13:30:00-04:00,278.4549865722656,279.6199951171875,278.3550109863281,279.260009765625,84560,0.0,0.0
2024-08-19 14:30:00-04:00,279.1700134277344,280.8500061035156,279.1300048828125,280.55499267578125,131250,0.0,0.0
2024-08-19 15:30:00-04:00,280.5199890136719,282.3699951171875,280.1600036621094,282.05999755859375,282529,0.0,0.0
2024-08-20 09:30:00-04:00,281.260009765625,283.80999755859375,281.0,281.5799865722656,227031,0.0,0.0
2024-08-20 10:30:00-04:00,281.5199890136719,281.6400146484375,279.86248779296875,280.05999755859375,177572,0.0,0.0
2024-08-20 11:30:00-04:00,280.0199890136719,281.13531494140625,280.0199890136719,280.43499755859375,111544,0.0,0.0
2024-08-20 12:30:00-04:00,280.3500061035156,280.7799987792969,279.6400146484375,280.0101013183594,125525,0.0,0.0
2024-08-20 13:30:00-04:00,280.010009765625,280.9179992675781,279.739990234375,280.67498779296875,125339,0.0,0.0
2024-08-20 14:30:00-04:00,280.7049865722656,281.5,280.6000061035156,281.0400085449219,211111,0.0,0.0
2024-08-20 15:30:00-04:00,280.9549865722656,282.239990234375,280.95001220703125,281.510009765625,214549,0.0,0.0
2024-08-21 09:30:00-04:00,280.5799865722656,281.6400146484375,279.1499938964844,280.8900146484375,244627,0.0,0.0
2024-08-21 10:30:00-04:00,280.9849853515625,284.0899963378906,280.8700866699219,283.6600036621094,96067,0.0,0.0
2024-08-21 11:30:00-04:00,283.760009765625,283.8999938964844,282.3500061035156,283.80999755859375,105545,0.0,0.0
2024-08-21 12:30:00-04:00,283.7650146484375,284.3699951171875,283.5799865722656,284.07000732421875,71951,0.0,0.0
2024-08-21 13:30:00-04:00,283.8900146484375,284.9800109863281,283.6650085449219,284.3800048828125,135776,0.0,0.0
2024-08-21 14:30:00-04:00,284.54998779296875,284.92999267578125,283.7300109863281,284.2099914550781,110264,0.0,0.0
2024-08-21 15:30:00-04:00,284.2099914550781,284.7799987792969,284.1199951171875,284.44000244140625,220135,0.0,0.0
2024-08-22 09:30:00-04:00,286.67999267578125,287.3999938964844,280.4800109863281,280.6549987792969,165241,0.0,0.0
2024-08-22 10:30:00-04:00,280.6549987792969,280.6549987792969,278.0899963378906,278.91900634765625,173523,0.0,0.0
2024-08-22 11:30:00-04:00,278.55999755859375,279.7349853515625,276.67999267578125,279.69000244140625,93404,0.0,0.0
2024-08-22 12:30:00-04:00,279.7049865722656,280.010009765625,277.1600036621094,277.6394958496094,80889,0.0,0.0
2024-08-22 13:30:00-04:00,277.6600036621094,277.6600036621094,276.1400146484375,276.9700012207031,81452,0.0,0.0
2024-08-22 14:30:00-04:00,276.7799987792969,277.3900146484375,275.3599853515625,275.3800048828125,91966,0.0,0.0
2024-08-22 15:30:00-04:00,275.3999938964844,276.2221984863281,274.69000244140625,275.5899963378906,261264,0.0,0.0
2024-08-23 09:30:00-04:00,279.2550048828125,280.9200134277344,276.67999267578125,279.3299865722656,129011,0.0,0.0
2024-08-23 10:30:00-04:00,279.2799987792969,279.2799987792969,273.8299865722656,276.5299987792969,97865,0.0,0.0
2024-08-23 11:30:00-04:00,276.6445007324219,277.5400085449219,274.260009765625,274.3302001953125,104890,0.0,0.0
2024-08-23 12:30:00-04:00,274.70001220703125,275.2900085449219,272.80999755859375,275.1400146484375,93264,0.0,0.0
2024-08-23 13:30:00-04:00,275.25,275.4599914550781,273.8599853515625,274.1600036621094,91434,0.0,0.0
2024-08-23 14:30:00-04:00,273.989990234375,275.0,273.8900146484375,274.92999267578125,84576,0.0,0.0
2024-08-23 15:30:00-04:00,274.9200134277344,274.92498779296875,273.5950012207031,273.8500061035156,197876,0.0,0.0
2024-08-26 09:30:00-04:00,271.94000244140625,271.94000244140625,266.17999267578125,267.5,407438,0.0,0.0
2024-08-26 10:30:00-04:00,267.3399963378906,267.3500061035156,264.010009765625,265.9100036621094,347185,0.0,0.0
2024-08-26 11:30:00-04:00,265.7900085449219,266.32501220703125,264.1700134277344,266.0461120605469,185195,0.0,0.0
2024-08-26 12:30:00-04:00,266.1700134277344,266.45001220703125,264.9599914550781,266.19000244140625,157675,0.0,0.0
2024-08-26 13:30:00-04:00,266.1099853515625,267.75,264.29998779296875,267.7449951171875,285495,0.0,0.0
2024-08-26 14:30:00-04:00,267.5799865722656,269.70001220703125,267.5799865722656,268.4649963378906,156253,0.0,0.0
2024-08-26 15:30:00-04:00,268.3900146484375,268.5400085449219,267.5299987792969,268.260009765625,232437,0.0,0.0
2024-08-27 09:30:00-04:00,266.0199890136719,268.8800048828125,264.3349914550781,268.7900085449219,277527,0.0,0.0
2024-08-27 10:30:00-04:00,268.92999267578125,270.8299865722656,268.32000732421875,268.45001220703125,519183,0.0,0.0
2024-08-27 11:30:00-04:00,268.19000244140625,268.42498779296875,267.010009765625,267.31500244140625,78119,0.0,0.0
2024-08-27 12:30:00-04:00,267.2099914550781,267.989990234375,266.4674987792969,267.8999938964844,138166,0.0,0.0
2024-08-27 13:30:00-04:00,267.9599914550781,269.25,267.9599914550781,268.69000244140625,81787,0.0,0.0
2024-08-27 14:30:00-04:00,268.5,268.55999755859375,266.7950134277344,266.9849853515625,145927,0.0,0.0
2024-08-27 15:30:00-04:00,266.9100036621094,269.07000732421875,266.7799987792969,268.9700012207031,268901,0.0,0.0
2024-08-28 09:30:00-04:00,266.9200134277344,268.0799865722656,262.8399963378906,264.5199890136719,412102,0.0,0.0
2024-08-28 10:30:00-04:00,264.510009765625,264.6700134277344,261.05999755859375,263.0249938964844,286537,0.0,0.0
2024-08-28 11:30:00-04:00,263.05999755859375,264.1299133300781,262.4800109863281,263.4599914550781,296370,0.0,0.0
2024-08-28 12:30:00-04:00,263.3900146484375,264.0799865722656,263.0975036621094,263.1700134277344,215606,0.0,0.0
2024-08-28 13:30:00-04:00,263.1000061035156,263.45001220703125,260.70001220703125,261.95001220703125,153861,0.0,0.0
2024-08-28 14:30:00-04:00,262.05499267578125,264.4700012207031,261.6199951171875,264.4599914550781,211105,0.0,0.0
2024-08-28 15:30:00-04:00,264.4100036621094,264.45001220703125,262.9200134277344,262.9800109863281,310242,0.0,0.0
2024-08-29 09:30:00-04:00,266.1600036621094,270.635009765625,262.3103942871094,268.7799987792969,213314,0.0,0.0
2024-08-29 10:30:00-04:00,268.9599914550781,271.0,268.9599914550781,269.6700134277344,109534,0.0,0.0
2024-08-29 11:30:00-04:00,269.9079895019531,270.1499938964844,268.760009765625,269.4200134277344,114238,0.0,0.0
2024-08-29 12:30:00-04:00,269.5274963378906,270.4800109863281,267.69000244140625,268.0849914550781,101183,0.0,0.0
2024-08-29 13:30:00-04:00,268.0400085449219,268.8644104003906,266.260009765625,266.4649963378906,77769,0.0,0.0
2024-08-29 14:30:00-04:00,266.05999755859375,266.260009765625,264.3900146484375,266.0989990234375,125252,0.0,0.0
2024-08-29 15:30:00-04:00,265.7900085449219,266.7049865722656,264.8800048828125,265.75,196213,0.0,0.0
2024-08-30 09:30:00-04:00,269.1300048828125,270.55999755859375,267.1600036621094,269.6600036621094,251151,0.0,0.0
2024-08-30 10:30:00-04:00,269.760009765625,270.17999267578125,267.44000244140625,267.9100036621094,134439,0.0,0.0
2024-08-30 11:30:00-04:00,267.7900085449219,267.9949951171875,266.45001220703125,266.6499938964844,162212,0.0,0.0
2024-08-30 12:30:00-04:00,266.74749755859375,268.2850036621094,265.8699951171875,267.0299987792969,82313,0.0,0.0
2024-08-30 13:30:00-04:00,267.0,267.42999267578125,266.45001220703125,266.9601135253906,84637,0.0,0.0
2024-08-30 14:30:00-04:00,267.06500244140625,268.8699951171875,266.8500061035156,268.68499755859375,131546,0.0,0.0
2024-08-30 15:30:00-04:00,268.68499755859375,269.2300109863281,266.69000244140625,268.95001220703125,369951,0.0,0.0
2024-09-03 09:30:00-04:00,264.75,264.75,259.260009765625,261.75,208485,0.0,0.0
2024-09-03 10:30:00-04:00,261.5799865722656,261.5799865722656,257.9200134277344,258.4599914550781,250965,0.0,0.0
2024-09-03 11:30:00-04:00,258.4949951171875,258.92498779296875,257.2049865722656,257.7699890136719,211647,0.0,0.0
2024-09-03 12:30:00-04:00,257.7799987792969,257.9800109863281,256.6300048828125,257.6700134277344,177235,0.0,0.0
2024-09-03 13:30:00-04:00,257.6300048828125,257.80999755859375,255.89500427246094,256.1990051269531,186540,0.0,0.0
2024-09-03 14:30:00-04:00,256.0849914550781,256.7300109863281,255.7899932861328,256.0150146484375,180999,0.0,0.0
2024-09-03 15:30:00-04:00,256.07000732421875,256.5350036621094,255.19500732421875,256.3699951171875,421792,0.0,0.0
2024-09-04 09:30:00-04:00,248.64999389648438,254.3000030517578,248.5,254.0,702321,0.0,0.0
2024-09-04 10:30:00-04:00,254.0,255.92999267578125,253.60000610351562,253.89999389648438,408061,0.0,0.0
2024-09-04 11:30:00-04:00,253.9149932861328,254.52999877929688,253.25,254.13999938964844,183301,0.0,0.0
2024-09-04 12:30:00-04:00,254.30499267578125,255.0,253.74000549316406,253.74000549316406,194979,0.0,0.0
2024-09-04 13:30:00-04:00,253.6699981689453,255.17999267578125,253.47000122070312,254.99000549316406,139135,0.0,0.0
2024-09-04 14:30:00-04:00,254.92999267578125,255.28500366210938,253.5399932861328,254.5500030517578,143347,0.0,0.0
2024-09-04 15:30:00-04:00,254.51499938964844,255.6300048828125,253.72000122070312,254.1199951171875,310385,0.0,0.0
2024-09-05 09:30:00-04:00,250.0,255.7899932861328,248.61000061035156,254.77999877929688,241829,0.0,0.0
2024-09-05 10:30:00-04:00,254.9499969482422,255.10000610351562,250.86000061035156,250.97500610351562,140537,0.0,0.0
2024-09-05 11:30:00-04:00,250.91000366210938,251.89999389648438,250.5050048828125,251.89999389648438,117373,0.0,0.0
2024-09-05 12:30:00-04:00,251.97000122070312,252.5500030517578,250.76499938964844,250.76499938964844,93214,0.0,0.0
2024-09-05 13:30:00-04:00,250.86000061035156,252.39999389648438,250.72999572753906,251.7100067138672,186974,0.0,0.0
2024-09-05 14:30:00-04:00,251.67999267578125,252.13999938964844,250.32000732421875,251.22000122070312,157703,0.0,0.0
2024-09-05 15:30:00-04:00,251.24000549316406,251.75,249.5800018310547,250.9499969482422,296491,0.0,0.0
2024-09-06 09:30:00-04:00,251.83999633789062,254.4499969482422,248.17999267578125,248.17999267578125,299572,0.0,0.0
2024-09-06 10:30:00-04:00,247.8000030517578,248.72999572753906,245.8715057373047,246.639892578125,182096,0.0,0.0
2024-09-06 11:30:00-04:00,246.3800048828125,246.71749877929688,245.4499969482422,246.02000427246094,163177,0.0,0.0
2024-09-06 12:30:00-04:00,246.02749633789062,248.47000122070312,245.94000244140625,247.3800048828125,110386,0.0,0.0
2024-09-06 13:30:00-04:00,247.3699951171875,247.6300048828125,246.3350067138672,247.00999450683594,111869,0.0,0.0
2024-09-06 14:30:00-04:00,246.94000244140625,248.2100067138672,246.57000732421875,247.40499877929688,199762,0.0,0.0
2024-09-06 15:30:00-04:00,247.35000610351562,248.19000244140625,247.14999389648438,247.50999450683594,324671,0.0,0.0
2024-09-09 09:30:00-04:00,251.3300018310547,252.30999755859375,247.9199981689453,248.0,589953,0.0,0.0
2024-09-09 10:30:00-04:00,247.8000030517578,248.47000122070312,245.77000427246094,248.0500030517578,302383,0.0,0.0
2024-09-09 11:30:00-04:00,247.9499969482422,250.6199951171875,247.9199981689453,250.4499969482422,198220,0.0,0.0
2024-09-09 12:30:00-04:00,250.42999267578125,251.5800018310547,249.85009765625,251.43499755859375,137089,0.0,0.0
2024-09-09 13:30:00-04:00,251.3699951171875,252.11000061035156,249.63999938964844,250.4199981689453,267430,0.0,0.0
2024-09-09 14:30:00-04:00,250.3699951171875,251.72999572753906,250.05999755859375,251.69000244140625,168575,0.0,0.0
2024-09-09 15:30:00-04:00,251.69500732421875,253.02000427246094,251.27999877929688,252.9600067138672,381430,0.0,0.0
2024-09-10 09:30:00-04:00,254.19000244140625,256.0899963378906,252.52000427246094,255.9499969482422,209294,0.0,0.0
2024-09-10 10:30:00-04:00,256.0899963378906,256.69000244140625,254.1300048828125,255.09500122070312,185991,0.0,0.0
2024-09-10 11:30:00-04:00,254.85000610351562,255.07000732421875,252.64999389648438,253.63499450683594,231966,0.0,0.0
2024-09-10 12:30:00-04:00,253.6999969482422,255.63499450683594,253.39019775390625,255.2050018310547,124981,0.0,0.0
2024-09-10 13:30:00-04:00,255.2050018310547,256.3900146484375,254.97999572753906,256.17498779296875,131412,0.0,0.0
2024-09-10 14:30:00-04:00,256.17498779296875,256.3699951171875,255.52999877929688,256.114990234375,124561,0.0,0.0
2024-09-10 15:30:00-04:00,256.02899169921875,256.3900146484375,255.30459594726562,255.85000610351562,300460,0.0,0.0
2024-09-11 09:30:00-04:00,256.3500061035156,259.5799865722656,254.9499969482422,255.6999969482422,203740,0.0,0.0
2024-09-11 10:30:00-04:00,255.5800018310547,257.5,255.00999450683594,256.54998779296875,255841,0.0,0.0
2024-09-11 11:30:00-04:00,256.7250061035156,260.3800048828125,256.260009765625,260.2699890136719,117641,0.0,0.0
2024-09-11 12:30:00-04:00,260.2699890136719,260.69000244140625,259.10589599609375,260.69000244140625,115406,0.0,0.0
2024-09-11 13:30:00-04:00,260.5400085449219,262.9599914550781,260.29998779296875,262.7149963378906,196046,0.0,0.0
2024-09-11 14:30:00-04:00,262.80999755859375,264.2900085449219,262.45001220703125,264.1000061035156,204632,0.0,0.0
2024-09-11 15:30:00-04:00,264.1050109863281,265.0299987792969,263.2699890136719,264.9100036621094,387986,0.0,0.0
2024-09-12 09:30:00-04:00,265.239990234375,269.6300048828125,264.54998779296875,268.7900085449219,331096,0.0,0.0
2024-09-12 10:30:00-04:00,268.8900146484375,270.57000732421875,267.4649963378906,269.010009765625,229833,0.0,0.0
2024-09-12 11:30:00-04:00,268.81500244140625,269.42999267578125,267.3949890136719,269.42999267578125,100385,0.0,0.0
2024-09-12 12:30:00-04:00,269.42999267578125,270.5400085449219,268.57000732421875,270.2300109863281,95096,0.0,0.0
2024-09-12 13:30:00-04:00,270.17999267578125,272.2799987792969,270.010009765625,271.06500244140625,192690,0.0,0.0
2024-09-12 14:30:00-04:00,271.05999755859375,272.0199890136719,270.32000732421875,270.70001220703125,273887,0.0,0.0
2024-09-12 15:30:00-04:00,270.6099853515625,271.2699890136719,269.1709899902344,270.0799865722656,396143,0.0,0.0
2024-09-13 09:30:00-04:00,269.4100036621094,270.8699951171875,266.2200012207031,268.2250061035156,153847,0.0,0.0
2024-09-13 10:30:00-04:00,268.239990234375,269.8299865722656,267.47698974609375,269.2250061035156,99311,0.0,0.0
2024-09-13 11:30:00-04:00,269.2200012207031,270.510009765625,269.0400085449219,269.5400085449219,124527,0.0,0.0
2024-09-13 12:30:00-04:00,269.614990234375,270.489990234375,268.75,270.489990234375,84335,0.0,0.0
2024-09-13 13:30:00-04:00,270.6802062988281,270.9800109863281,268.9599914550781,268.9599914550781,78885,0.0,0.0
2024-09-13 14:30:00-04:00,268.8500061035156,269.2300109863281,268.5,268.568603515625,75716,0.0,0.0
2024-09-13 15:30:00-04:00,268.6700134277344,269.2699890136719,268.20001220703125,268.7200012207031,185473,0.0,0.0
2024-09-16 09:30:00-04:00,268.9100036621094,271.1700134277344,267.9700012207031,269.0249938964844,144450,0.0,0.0
2024-09-16 10:30:00-04:00,269.0249938964844,271.4200134277344,266.8500061035156,270.95001220703125,142828,0.0,0.0
2024-09-16 11:30:00-04:00,270.9949951171875,271.3500061035156,269.79010009765625,270.8399963378906,77781,0.0,0.0
2024-09-16 12:30:00-04:00,270.9674987792969,273.0799865722656,270.4049987792969,272.3699951171875,243815,0.0,0.0
2024-09-16 13:30:00-04:00,272.5,273.5050048828125,272.20001220703125,272.9100036621094,99801,0.0,0.0
2024-09-16 14:30:00-04:00,272.8550109863281,273.1449890136719,271.7749938964844,272.875,157140,0.0,0.0
2024-09-16 15:30:00-04:00,272.9700012207031,273.8800048828125,272.7799987792969,273.1199951171875,288669,0.0,0.0
2024-09-17 09:30:00-04:00,275.9800109863281,277.7799987792969,274.8450012207031,277.19500732421875,333601,0.0,0.0
2024-09-17 10:30:00-04:00,277.20001220703125,279.32501220703125,276.8699951171875,277.8900146484375,317723,0.0,0.0
2024-09-17 11:30:00-04:00,277.80999755859375,278.3399963378906,274.42999267578125,275.2749938964844,231568,0.0,0.0
2024-09-17 12:30:00-04:00,275.2349853515625,276.20001220703125,274.3999938964844,276.1600036621094,131358,0.0,0.0
2024-09-17 13:30:00-04:00,276.1499938964844,276.3500061035156,274.81500244140625,275.3900146484375,122099,0.0,0.0
2024-09-17 14:30:00-04:00,275.385009765625,275.6600036621094,274.010009765625,274.45001220703125,186581,0.0,0.0
2024-09-17 15:30:00-04:00,274.43499755859375,275.42498779296875,274.3299865722656,274.7900085449219,248745,0.0,0.0
2024-09-18 09:30:00-04:00,275.1600036621094,276.6000061035156,274.2200012207031,274.9800109863281,235505,0.0,0.0
2024-09-18 10:30:00-04:00,275.0400085449219,275.06500244140625,272.6700134277344,273.260009765625,100807,0.0,0.0
2024-09-18 11:30:00-04:00,273.0799865722656,273.6199951171875,272.1242980957031,273.385009765625,78507,0.0,0.0
2024-09-18 12:30:00-04:00,273.385009765625,274.04998779296875,273.07000732421875,273.95001220703125,68863,0.0,0.0
2024-09-18 13:30:00-04:00,274.1199951171875,276.44000244140625,272.5950012207031,274.8699951171875,154180,0.0,0.0
2024-09-18 14:30:00-04:00,274.8999938964844,275.4100036621094,270.0010070800781,272.2174987792969,269436,0.0,0.0
2024-09-18 15:30:00-04:00,272.1650085449219,272.7099914550781,269.4700012207031,269.6600036621094,270000,0.0,0.0
2024-09-19 09:30:00-04:00,283.3800048828125,284.95001220703125,280.2300109863281,282.5400085449219,369985,0.0,0.0
2024-09-19 10:30:00-04:00,282.8399963378906,283.17999267578125,280.8500061035156,282.29998779296875,198494,0.0,0.0
2024-09-19 11:30:00-04:00,282.3900146484375,282.68499755859375,281.1199951171875,282.5400085449219,118420,0.0,0.0
2024-09-19 12:30:00-04:00,282.5400085449219,283.1700134277344,281.2300109863281,281.7250061035156,115365,0.0,0.0
2024-09-19 13:30:00-04:00,281.8699951171875,282.3500061035156,280.9800109863281,281.70001220703125,99165,0.0,0.0
2024-09-19 14:30:00-04:00,281.7300109863281,281.8389892578125,279.86248779296875,280.54998779296875,107373,0.0,0.0
2024-09-19 15:30:00-04:00,280.5150146484375,281.29998779296875,279.94000244140625,280.3699951171875,249950,0.0,0.0
2024-09-20 09:30:00-04:00,278.5799865722656,279.9700012207031,274.94000244140625,275.92999267578125,444214,0.0,0.0
2024-09-20 10:30:00-04:00,275.82000732421875,276.07501220703125,273.6400146484375,274.260009765625,157331,0.0,0.0
2024-09-20 11:30:00-04:00,274.1650085449219,275.7749938964844,274.1199951171875,275.5150146484375,91713,0.0,0.0
2024-09-20 12:30:00-04:00,275.4599914550781,275.8900146484375,275.20001220703125,275.4700012207031,82880,0.0,0.0
2024-09-20 13:30:00-04:00,275.6000061035156,275.9700012207031,274.3699951171875,274.57501220703125,90842,0.0,0.0
2024-09-20 14:30:00-04:00,274.45001220703125,275.635009765625,274.25,275.2099914550781,141000,0.0,0.0
2024-09-20 15:30:00-04:00,275.2349853515625,276.260009765625,273.5400085449219,273.7200012207031,493859,0.0,0.0
2024-09-23 09:30:00-04:00,274.94000244140625,275.96990966796875,273.6499938964844,274.2300109863281,114543,0.0,0.0
2024-09-23 10:30:00-04:00,274.23748779296875,275.5400085449219,274.0199890136719,275.5299987792969,110785,0.0,0.0
2024-09-23 11:30:00-04:00,275.19000244140625,276.9599914550781,275.0899963378906,275.7699890136719,127581,0.0,0.0
2024-09-23 12:30:00-04:00,275.8900146484375,276.75,274.82000732421875,275.0775146484375,102146,0.0,0.0
2024-09-23 13:30:00-04:00,275.04998779296875,275.8299865722656,274.7550048828125,274.8500061035156,127994,0.0,0.0
2024-09-23 14:30:00-04:00,274.8900146484375,275.05999755859375,274.1000061035156,274.30999755859375,98038,0.0,0.0
2024-09-23 15:30:00-04:00,274.2401123046875,274.5299987792969,273.8599853515625,274.1199951171875,176989,0.0,0.0
2024-09-24 09:30:00-04:00,274.760009765625,276.17999267578125,270.6700134277344,271.3599853515625,209278,0.0,0.0
2024-09-24 10:30:00-04:00,271.30999755859375,273.92498779296875,270.7500915527344,273.07000732421875,147474,0.0,0.0
2024-09-24 11:30:00-04:00,273.29998779296875,275.0799865722656,273.29998779296875,274.2749938964844,101113,0.0,0.0
2024-09-24 12:30:00-04:00,274.2749938964844,275.0249938964844,274.2749938964844,274.4200134277344,132241,0.0,0.0
2024-09-24 13:30:00-04:00,274.45001220703125,274.8800048828125,273.3800048828125,273.3800048828125,159845,0.0,0.0
2024-09-24 14:30:00-04:00,273.2099914550781,273.75,272.75,273.4800109863281,152175,0.0,0.0
2024-09-24 15:30:00-04:00,273.4971923828125,274.19000244140625,273.07000732421875,273.4599914550781,217056,0.0,0.0
2024-09-25 09:30:00-04:00,268.3699951171875,272.1000061035156,268.3699951171875,269.4049987792969,514482,0.0,0.0
2024-09-25 10:30:00-04:00,269.239990234375,270.6400146484375,268.99310302734375,269.9049987792969,154331,0.0,0.0
2024-09-25 11:30:00-04:00,269.70001220703125,270.5799865722656,269.25,269.7550048828125,104523,0.0,0.0
2024-09-25 12:30:00-04:00,269.7550048828125,269.7550048828125,268.6499938964844,269.45001220703125,125249,0.0,0.0
2024-09-25 13:30:00-04:00,269.45001220703125,270.489990234375,269.0899963378906,270.17999267578125,89710,0.0,0.0
2024-09-25 14:30:00-04:00,270.1050109863281,270.5199890136719,269.6199951171875,270.2799987792969,127333,0.0,0.0
2024-09-25 15:30:00-04:00,270.1700134277344,271.8599853515625,270.1600036621094,271.79998779296875,242343,0.0,0.0
2024-09-26 09:30:00-04:00,280.8999938964844,280.9320983886719,274.385009765625,274.489990234375,343696,0.0,0.0
2024-09-26 10:30:00-04:00,274.5,274.79998779296875,272.239990234375,272.67999267578125,156780,0.0,0.0
2024-09-26 11:30:00-04:00,272.6499938964844,274.385009765625,272.2601013183594,273.4739990234375,123673,0.0,0.0
2024-09-26 12:30:00-04:00,273.2699890136719,273.6300048828125,272.2300109863281,273.2449951171875,107075,0.0,0.0
2024-09-26 13:30:00-04:00,273.42999267578125,274.70001220703125,272.7900085449219,274.42999267578125,144926,0.0,0.0
2024-09-26 14:30:00-04:00,274.4599914550781,275.44189453125,273.92999267578125,274.364990234375,163585,0.0,0.0
2024-09-26 15:30:00-04:00,274.489990234375,274.55999755859375,273.6199951171875,274.30999755859375,216793,0.0,0.0
2024-09-27 09:30:00-04:00,275.19000244140625,275.8900146484375,273.3800048828125,273.6400146484375,160410,0.0,0.0
2024-09-27 10:30:00-04:00,273.5899963378906,274.0,272.3800048828125,273.1300048828125,146999,0.0,0.0
2024-09-27 11:30:00-04:00,273.0299987792969,273.0899963378906,271.010009765625,272.29998779296875,162716,0.0,0.0
2024-09-27 12:30:00-04:00,272.4930114746094,273.94000244140625,272.1600036621094,273.1911926269531,78843,0.0,0.0
2024-09-27 13:30:00-04:00,273.3290100097656,273.75,272.26190185546875,272.26190185546875,87355,0.0,0.0
2024-09-27 14:30:00-04:00,272.0899963378906,273.57000732421875,271.614990234375,273.5,106848,0.0,0.0
2024-09-27 15:30:00-04:00,273.55999755859375,274.54998779296875,273.04998779296875,274.1300048828125,208050,0.0,0.0
2024-09-30 09:30:00-04:00,272.1300048828125,272.6300048828125,269.7349853515625,270.5799865722656,200797,0.0,0.0
2024-09-30 10:30:00-04:00,270.70001220703125,271.3500061035156,269.989990234375,270.04998779296875,136076,0.0,0.0
2024-09-30 11:30:00-04:00,270.3599853515625,271.260009765625,268.75,271.2349853515625,107771,0.0,0.0
2024-09-30 12:30:00-04:00,271.1099853515625,271.1099853515625,269.3599853515625,269.92999267578125,90757,0.0,0.0
2024-09-30 13:30:00-04:00,270.0150146484375,270.7200012207031,268.17999267578125,268.6400146484375,109959,0.0,0.0
2024-09-30 14:30:00-04:00,268.62750244140625,270.07501220703125,268.4100036621094,269.6700134277344,127528,0.0,0.0
2024-09-30 15:30:00-04:00,269.5799865722656,271.3349914550781,269.1499938964844,271.0199890136719,274147,0.0,0.0
2024-10-01 09:30:00-04:00,273.4800109863281,273.989990234375,265.5199890136719,266.3500061035156,200753,0.0,0.0
2024-10-01 10:30:00-04:00,266.3500061035156,266.489990234375,263.8500061035156,265.1000061035156,170990,0.0,0.0
2024-10-01 11:30:00-04:00,264.8599853515625,266.6499938964844,264.8599853515625,265.67498779296875,98227,0.0,0.0
2024-10-01 12:30:00-04:00,265.6300048828125,265.7900085449219,263.6875,263.7950134277344,117803,0.0,0.0
2024-10-01 13:30:00-04:00,263.760009765625,266.7358093261719,263.760009765625,266.2850036621094,129020,0.0,0.0
2024-10-01 14:30:00-04:00,266.2300109863281,266.6600036621094,265.0799865722656,265.2850036621094,192054,0.0,0.0
2024-10-01 15:30:00-04:00,265.0950012207031,265.24249267578125,263.0299987792969,263.4100036621094,383034,0.0,0.0
2024-10-02 09:30:00-04:00,262.25,268.4800109863281,262.25,268.385009765625,273406,0.0,0.0
2024-10-02 10:30:00-04:00,268.3550109863281,269.76251220703125,267.7300109863281,269.2449951171875,148916,0.0,0.0
2024-10-02 11:30:00-04:00,269.19000244140625,269.2349853515625,267.7900085449219,268.1700134277344,79993,0.0,0.0
2024-10-02 12:30:00-04:00,268.1199951171875,268.4299011230469,267.4150085449219,268.0799865722656,63855,0.0,0.0
2024-10-02 13:30:00-04:00,268.25,269.0199890136719,267.3699951171875,267.92498779296875,86153,0.0,0.0
2024-10-02 14:30:00-04:00,267.9049987792969,268.1600036621094,267.5841979980469,267.7699890136719,80024,0.0,0.0
2024-10-02 15:30:00-04:00,267.6499938964844,268.1177062988281,266.8800048828125,266.9200134277344,170518,0.0,0.0
2024-10-03 09:30:00-04:00,264.3800048828125,268.6300048828125,264.3800048828125,266.2799987792969,243568,0.0,0.0
2024-10-03 10:30:00-04:00,266.1000061035156,267.510009765625,265.1000061035156,267.05999755859375,128588,0.0,0.0
2024-10-03 11:30:00-04:00,267.07501220703125,268.4100036621094,267.07501220703125,267.7799987792969,55593,0.0,0.0
2024-10-03 12:30:00-04:00,267.7699890136719,267.9967041015625,265.489990234375,266.5516052246094,61300,0.0,0.0
2024-10-03 13:30:00-04:00,266.3900146484375,267.0400085449219,266.05999755859375,266.42999267578125,70979,0.0,0.0
2024-10-03 14:30:00-04:00,266.4200134277344,266.8349914550781,265.57000732421875,265.75,102352,0.0,0.0
2024-10-03 15:30:00-04:00,265.6499938964844,265.94000244140625,265.1600036621094,265.8900146484375,178272,0.0,0.0
2024-10-04 09:30:00-04:00,272.4100036621094,272.8699951171875,267.4700012207031,267.9549865722656,206033,0.0,0.0
2024-10-04 10:30:00-04:00,268.0,269.3999938964844,266.80999755859375,267.125,99573,0.0,0.0
2024-10-04 11:30:00-04:00,267.0849914550781,268.17999267578125,266.7099914550781,267.07501220703125,91374,0.0,0.0
2024-10-04 12:30:00-04:00,267.07000732421875,268.3699951171875,266.7875061035156,267.44000244140625,73043,0.0,0.0
2024-10-04 13:30:00-04:00,267.6499938964844,267.7699890136719,266.510009765625,267.18499755859375,68878,0.0,0.0
2024-10-04 14:30:00-04:00,267.3500061035156,268.4599914550781,267.1300048828125,268.45001220703125,86587,0.0,0.0
2024-10-04 15:30:00-04:00,268.42999267578125,268.8800048828125,267.7650146484375,268.6700134277344,200864,0.0,0.0
2024-10-07 09:30:00-04:00,265.68499755859375,265.9049987792969,263.0,264.7699890136719,197677,0.0,0.0
2024-10-07 10:30:00-04:00,264.8550109863281,264.9100036621094,263.5299987792969,263.80499267578125,125350,0.0,0.0
2024-10-07 11:30:00-04:00,263.7149963378906,264.0899963378906,263.010009765625,264.05999755859375,84869,0.0,0.0
2024-10-07 12:30:00-04:00,263.8900146484375,264.3800048828125,263.2300109863281,264.0249938964844,72147,0.0,0.0
2024-10-07 13:30:00-04:00,263.8699951171875,264.84991455078125,263.8500061035156,263.9599914550781,95280,0.0,0.0
2024-10-07 14:30:00-04:00,263.8299865722656,263.94000244140625,261.4100036621094,261.9649963378906,175597,0.0,0.0
2024-10-07 15:30:00-04:00,261.8699951171875,263.1000061035156,261.3399963378906,262.7300109863281,204240,0.0,0.0
2024-10-08 09:30:00-04:00,263.57000732421875,269.1400146484375,263.57000732421875,269.0400085449219,230081,0.0,0.0
2024-10-08 10:30:00-04:00,269.0350036621094,269.79998779296875,268.29998779296875,269.1300048828125,164926,0.0,0.0
2024-10-08 11:30:00-04:00,269.2799987792969,269.6400146484375,267.92999267578125,268.260009765625,89303,0.0,0.0
2024-10-08 12:30:00-04:00,268.2300109863281,268.8999938964844,267.1700134277344,267.2699890136719,72111,0.0,0.0
2024-10-08 13:30:00-04:00,267.1499938964844,268.5050048828125,267.1000061035156,268.05499267578125,184609,0.0,0.0
2024-10-08 14:30:00-04:00,268.0199890136719,268.7900085449219,267.3900146484375,268.3800048828125,183870,0.0,0.0
2024-10-08 15:30:00-04:00,268.3599853515625,270.781005859375,268.3599853515625,270.1499938964844,367990,0.0,0.0
2024-10-09 09:30:00-04:00,270.1650085449219,274.2799987792969,268.6099853515625,273.6701965332031,175128,0.0,0.0
2024-10-09 10:30:00-04:00,273.8550109863281,275.32000732421875,273.44000244140625,275.2099914550781,137390,0.0,0.0
2024-10-09 11:30:00-04:00,275.2850036621094,278.25,275.2850036621094,277.989990234375,146063,0.0,0.0
2024-10-09 12:30:00-04:00,277.8399963378906,277.9100036621094,276.4200134277344,277.1600036621094,91666,0.0,0.0
2024-10-09 13:30:00-04:00,277.1510925292969,279.5,277.0799865722656,279.42999267578125,143088,0.0,0.0
2024-10-09 14:30:00-04:00,279.3399963378906,279.94000244140625,278.739990234375,279.29998779296875,126176,0.0,0.0
2024-10-09 15:30:00-04:00,279.2210998535156,280.2049865722656,279.2210998535156,279.69000244140625,257166,0.0,0.0
2024-10-10 09:30:00-04:00,277.1300048828125,278.8196105957031,276.8399963378906,277.2900085449219,144304,0.0,0.0
2024-10-10 10:30:00-04:00,277.3924865722656,280.2200012207031,276.9901123046875,280.04998779296875,102680,0.0,0.0
2024-10-10 11:30:00-04:00,280.1000061035156,281.4849853515625,279.5899963378906,280.7799987792969,100523,0.0,0.0
2024-10-10 12:30:00-04:00,280.7049865722656,280.8800048828125,279.1300048828125,280.6400146484375,106639,0.0,0.0
2024-10-10 13:30:00-04:00,280.8599853515625,281.0,279.3949890136719,280.0249938964844,69976,0.0,0.0
2024-10-10 14:30:00-04:00,280.135009765625,281.45001220703125,280.135009765625,280.8999938964844,108100,0.0,0.0
2024-10-10 15:30:00-04:00,280.95001220703125,281.2449951171875,280.4175109863281,280.739990234375,169709,0.0,0.0
2024-10-11 09:30:00-04:00,280.4700012207031,282.75,279.44970703125,282.29998779296875,126321,0.0,0.0
2024-10-11 10:30:00-04:00,282.060302734375,283.0199890136719,281.03350830078125,282.4289855957031,119574,0.0,0.0
2024-10-11 11:30:00-04:00,282.2799987792969,283.0,281.6449890136719,282.0,121481,0.0,0.0
2024-10-11 12:30:00-04:00,281.94500732421875,282.5899963378906,281.1918029785156,282.4150085449219,124404,0.0,0.0
2024-10-11 13:30:00-04:00,282.739990234375,282.92999267578125,281.375,281.7200012207031,161604,0.0,0.0
2024-10-11 14:30:00-04:00,281.7349853515625,282.92999267578125,281.6099853515625,282.6700134277344,69429,0.0,0.0
2024-10-11 15:30:00-04:00,282.5299987792969,283.1400146484375,282.1600036621094,282.3900146484375,245510,0.0,0.0
