Datetime,Open,High,Low,Close,Volume,Dividends,Stock Splits
2022-10-13 09:30:00-04:00,19.450000762939453,19.450000762939453,18.520099639892578,18.92799949645996,7662,0.0,0.0
2022-10-13 10:30:00-04:00,18.770099639892578,19.0,18.760000228881836,18.88010025024414,5825,0.0,0.0
2022-10-13 11:30:00-04:00,18.969999313354492,19.139999389648438,18.969999313354492,19.139999389648438,2053,0.0,0.0
2022-10-13 12:30:00-04:00,18.959999084472656,19.06999969482422,18.959999084472656,19.06999969482422,1444,0.0,0.0
2022-10-13 13:30:00-04:00,19.09000015258789,19.299999237060547,19.047500610351562,19.229999542236328,4081,0.0,0.0
2022-10-13 14:30:00-04:00,19.229999542236328,19.399999618530273,19.229999542236328,19.350000381469727,3237,0.0,0.0
2022-10-13 15:30:00-04:00,19.3799991607666,19.40999984741211,19.3799991607666,19.40999984741211,1692,0.0,0.0
2022-10-14 09:30:00-04:00,19.40559959411621,19.40559959411621,18.6299991607666,18.686399459838867,0,0.0,0.0
2022-10-14 10:30:00-04:00,18.989999771118164,18.989999771118164,18.899999618530273,18.899999618530273,1917,0.0,0.0
2022-10-14 11:30:00-04:00,19.200000762939453,19.219999313354492,19.200000762939453,19.219999313354492,918,0.0,0.0
2022-10-14 12:30:00-04:00,19.049999237060547,19.049999237060547,19.049999237060547,19.049999237060547,166,0.0,0.0
2022-10-14 13:30:00-04:00,18.899999618530273,19.100000381469727,18.899999618530273,19.100000381469727,2361,0.0,0.0
2022-10-14 14:30:00-04:00,18.899999618530273,19.190000534057617,18.63010025024414,19.190000534057617,2743,0.0,0.0
2022-10-14 15:30:00-04:00,19.06999969482422,19.09000015258789,18.703500747680664,18.959999084472656,3729,0.0,0.0
2022-10-17 09:30:00-04:00,19.100000381469727,19.100000381469727,18.549999237060547,18.549999237060547,0,0.0,0.0
2022-10-17 10:30:00-04:00,18.450000762939453,18.469999313354492,18.020099639892578,18.25,5284,0.0,0.0
2022-10-17 11:30:00-04:00,18.21500015258789,18.3799991607666,18.21500015258789,18.3799991607666,3516,0.0,0.0
2022-10-17 12:30:00-04:00,18.3799991607666,18.399999618530273,18.03030014038086,18.25,12786,0.0,0.0
2022-10-17 13:30:00-04:00,18.31999969482422,18.31999969482422,18.309999465942383,18.309999465942383,829,0.0,0.0
2022-10-17 14:30:00-04:00,18.31999969482422,18.350000381469727,18.209999084472656,18.350000381469727,1900,0.0,0.0
2022-10-17 15:30:00-04:00,18.60689926147461,18.92650032043457,18.209999084472656,18.8356990814209,5567,0.0,0.0
2022-10-18 09:30:00-04:00,18.690000534057617,18.690000534057617,18.299999237060547,18.350000381469727,0,0.0,0.0
2022-10-18 10:30:00-04:00,18.380599975585938,18.424999237060547,18.299999237060547,18.399999618530273,5153,0.0,0.0
2022-10-18 11:30:00-04:00,18.43000030517578,18.450000762939453,18.3700008392334,18.3700008392334,3526,0.0,0.0
2022-10-18 12:30:00-04:00,18.360000610351562,18.489999771118164,18.299999237060547,18.489999771118164,3864,0.0,0.0
2022-10-18 13:30:00-04:00,18.302000045776367,18.549999237060547,18.299999237060547,18.549999237060547,0,0.0,0.0
2022-10-18 14:30:00-04:00,18.915800094604492,18.915800094604492,18.5,18.809999465942383,30357,0.0,0.0
2022-10-18 15:30:00-04:00,18.700000762939453,18.809999465942383,18.700000762939453,18.70009994506836,2872,0.0,0.0
2022-10-19 10:30:00-04:00,18.78350067138672,18.78350067138672,18.489999771118164,18.520000457763672,4595,0.0,0.0
2022-10-19 11:30:00-04:00,18.520000457763672,18.71500015258789,18.5,18.551700592041016,3207,0.0,0.0
2022-10-19 12:30:00-04:00,18.510000228881836,18.518699645996094,18.450000762939453,18.453399658203125,14981,0.0,0.0
2022-10-19 13:30:00-04:00,18.420000076293945,18.601999282836914,18.420000076293945,18.493000030517578,11713,0.0,0.0
2022-10-19 14:30:00-04:00,18.43000030517578,18.43000030517578,18.420000076293945,18.420000076293945,4800,0.0,0.0
2022-10-19 15:30:00-04:00,18.520000457763672,18.520000457763672,18.420000076293945,18.420000076293945,503,0.0,0.0
2022-10-20 09:30:00-04:00,18.454999923706055,18.68000030517578,18.399999618530273,18.399999618530273,0,0.0,0.0
2022-10-20 10:30:00-04:00,18.25,18.399999618530273,18.237499237060547,18.350000381469727,2764,0.0,0.0
2022-10-20 11:30:00-04:00,18.325000762939453,18.35099983215332,18.325000762939453,18.350000381469727,2839,0.0,0.0
2022-10-20 12:30:00-04:00,18.350000381469727,18.399999618530273,18.25,18.325000762939453,7409,0.0,0.0
2022-10-20 13:30:00-04:00,18.342500686645508,18.342500686645508,18.342500686645508,18.342500686645508,418,0.0,0.0
2022-10-20 14:30:00-04:00,18.299999237060547,18.299999237060547,18.209999084472656,18.299999237060547,9742,0.0,0.0
2022-10-20 15:30:00-04:00,18.274999618530273,18.274999618530273,18.274999618530273,18.274999618530273,124,0.0,0.0
2022-10-21 09:30:00-04:00,18.209999084472656,18.210100173950195,18.209999084472656,18.209999084472656,0,0.0,0.0
2022-10-21 11:30:00-04:00,18.209999084472656,18.209999084472656,18.209999084472656,18.209999084472656,3743,0.0,0.0
2022-10-21 12:30:00-04:00,18.209999084472656,18.299999237060547,18.0,18.0,7044,0.0,0.0
2022-10-21 13:30:00-04:00,18.079999923706055,18.079999923706055,18.0,18.0,8260,0.0,0.0
2022-10-21 14:30:00-04:00,18.0,18.0,18.0,18.0,742,0.0,0.0
2022-10-21 15:30:00-04:00,18.0,18.299999237060547,18.0,18.299999237060547,631,0.0,0.0
2022-10-24 09:30:00-04:00,18.036699295043945,18.036699295043945,18.0,18.0,0,0.0,0.0
2022-10-24 11:30:00-04:00,18.260000228881836,18.280000686645508,18.184099197387695,18.184099197387695,400,0.0,0.0
2022-10-24 12:30:00-04:00,18.200000762939453,18.200000762939453,18.200000762939453,18.200000762939453,414,0.0,0.0
2022-10-24 13:30:00-04:00,18.200000762939453,18.229999542236328,18.194700241088867,18.194700241088867,1079,0.0,0.0
2022-10-24 14:30:00-04:00,18.100000381469727,18.239999771118164,18.100000381469727,18.226900100708008,2493,0.0,0.0
2022-10-24 15:30:00-04:00,18.200000762939453,18.5,18.170000076293945,18.422199249267578,10288,0.0,0.0
2022-10-25 09:30:00-04:00,18.100000381469727,18.464399337768555,17.989999771118164,18.414899826049805,0,0.0,0.0
2022-10-25 10:30:00-04:00,18.389999389648438,18.5,18.149999618530273,18.5,4952,0.0,0.0
2022-10-25 11:30:00-04:00,18.329999923706055,18.549999237060547,18.30500030517578,18.549999237060547,3860,0.0,0.0
2022-10-25 12:30:00-04:00,18.549999237060547,18.649999618530273,18.110000610351562,18.110000610351562,4423,0.0,0.0
2022-10-25 13:30:00-04:00,18.579999923706055,19.0,18.579999923706055,19.0,2261,0.0,0.0
2022-10-25 14:30:00-04:00,18.989999771118164,19.879600524902344,18.989999771118164,19.059999465942383,6722,0.0,0.0
2022-10-26 10:30:00-04:00,19.450000762939453,19.450000762939453,19.450000762939453,19.450000762939453,0,0.0,0.0
2022-10-26 12:30:00-04:00,19.399999618530273,19.399999618530273,19.399999618530273,19.399999618530273,271,0.0,0.0
2022-10-26 14:30:00-04:00,19.09000015258789,19.09000015258789,18.670000076293945,18.700000762939453,985,0.0,0.0
2022-10-27 09:30:00-04:00,19.0,19.06999969482422,19.0,19.0,0,0.0,0.0
2022-10-27 11:30:00-04:00,19.0,19.0,19.0,19.0,0,0.0,0.0
2022-10-27 12:30:00-04:00,19.072099685668945,19.850000381469727,19.059999465942383,19.17930030822754,3915,0.0,0.0
2022-10-27 13:30:00-04:00,19.23349952697754,19.23349952697754,18.6200008392334,18.6200008392334,1660,0.0,0.0
2022-10-27 14:30:00-04:00,18.959999084472656,19.049999237060547,18.950000762939453,18.950000762939453,1429,0.0,0.0
2022-10-27 15:30:00-04:00,18.975500106811523,19.290000915527344,18.950000762939453,19.290000915527344,2621,0.0,0.0
2022-10-28 09:30:00-04:00,19.299999237060547,19.399999618530273,19.200000762939453,19.200000762939453,0,0.0,0.0
2022-10-28 10:30:00-04:00,18.299999237060547,19.020000457763672,18.299999237060547,19.010000228881836,1745,0.0,0.0
2022-10-28 11:30:00-04:00,19.104999542236328,19.849899291992188,19.104999542236328,19.600000381469727,400,0.0,0.0
2022-10-28 12:30:00-04:00,19.489500045776367,19.707199096679688,19.290000915527344,19.707199096679688,1145,0.0,0.0
2022-10-28 13:30:00-04:00,19.59000015258789,19.59000015258789,19.59000015258789,19.59000015258789,551,0.0,0.0
2022-10-28 14:30:00-04:00,19.540000915527344,19.770000457763672,19.489999771118164,19.591699600219727,4383,0.0,0.0
2022-10-28 15:30:00-04:00,19.600000381469727,19.625600814819336,19.57469940185547,19.600000381469727,3298,0.0,0.0
2022-10-31 09:30:00-04:00,19.559999465942383,19.833499908447266,19.549999237060547,19.555599212646484,0,0.0,0.0
2022-10-31 10:30:00-04:00,19.549999237060547,19.80389976501465,19.549999237060547,19.80389976501465,1255,0.0,0.0
2022-10-31 11:30:00-04:00,19.805599212646484,20.0,19.760000228881836,20.0,3530,0.0,0.0
2022-10-31 12:30:00-04:00,19.550100326538086,20.40999984741211,19.550100326538086,20.40999984741211,1660,0.0,0.0
2022-10-31 14:30:00-04:00,19.985000610351562,19.985000610351562,19.985000610351562,19.985000610351562,101,0.0,0.0
2022-10-31 15:30:00-04:00,20.25,20.389999389648438,20.200000762939453,20.290000915527344,4779,0.0,0.0
2022-11-01 09:30:00-04:00,20.12310028076172,20.12310028076172,20.061899185180664,20.09280014038086,0,0.0,0.0
2022-11-01 10:30:00-04:00,20.08180046081543,20.08180046081543,19.549999237060547,19.93000030517578,1395,0.0,0.0
2022-11-01 11:30:00-04:00,20.099899291992188,20.099899291992188,19.920000076293945,19.93000030517578,786,0.0,0.0
2022-11-01 12:30:00-04:00,20.112199783325195,20.139999389648438,19.850000381469727,19.90999984741211,2883,0.0,0.0
2022-11-01 13:30:00-04:00,20.093299865722656,20.093299865722656,19.955400466918945,19.955400466918945,841,0.0,0.0
2022-11-01 14:30:00-04:00,19.56999969482422,19.959999084472656,19.56999969482422,19.774999618530273,1497,0.0,0.0
2022-11-01 15:30:00-04:00,19.774999618530273,19.989999771118164,19.774999618530273,19.969999313354492,1263,0.0,0.0
2022-11-02 09:30:00-04:00,19.549999237060547,19.943099975585938,19.549999237060547,19.746000289916992,0,0.0,0.0
2022-11-02 10:30:00-04:00,19.549999237060547,19.809999465942383,19.549999237060547,19.559999465942383,1345,0.0,0.0
2022-11-02 11:30:00-04:00,19.559999465942383,20.0,19.250099182128906,19.649999618530273,6821,0.0,0.0
2022-11-02 12:30:00-04:00,19.920000076293945,19.93000030517578,19.598800659179688,19.93000030517578,1805,0.0,0.0
2022-11-02 13:30:00-04:00,19.989999771118164,20.309999465942383,19.989999771118164,20.09000015258789,741,0.0,0.0
2022-11-02 14:30:00-04:00,20.139999389648438,20.299999237060547,19.75,19.75,3673,0.0,0.0
2022-11-02 15:30:00-04:00,19.649200439453125,19.779399871826172,19.649200439453125,19.779399871826172,1881,0.0,0.0
2022-11-03 09:30:00-04:00,19.549999237060547,20.0,19.549999237060547,19.989999771118164,0,0.0,0.0
2022-11-03 10:30:00-04:00,19.965700149536133,19.965700149536133,19.8799991607666,19.8799991607666,614,0.0,0.0
2022-11-03 11:30:00-04:00,19.770000457763672,19.770000457763672,19.75,19.75,1033,0.0,0.0
2022-11-03 12:30:00-04:00,19.75,19.770000457763672,19.75,19.760000228881836,1906,0.0,0.0
2022-11-03 14:30:00-04:00,19.750099182128906,19.750099182128906,19.750099182128906,19.750099182128906,1127,0.0,0.0
2022-11-03 15:30:00-04:00,19.875,19.875,19.75,19.75,605,0.0,0.0
2022-11-04 09:30:00-04:00,19.549999237060547,19.549999237060547,19.549999237060547,19.549999237060547,0,0.0,0.0
2022-11-04 10:30:00-04:00,19.729999542236328,19.729999542236328,19.729999542236328,19.729999542236328,166,0.0,0.0
2022-11-04 11:30:00-04:00,19.770000457763672,19.770000457763672,19.770000457763672,19.770000457763672,649,0.0,0.0
2022-11-04 12:30:00-04:00,19.65999984741211,19.760000228881836,19.65999984741211,19.760000228881836,1475,0.0,0.0
2022-11-04 13:30:00-04:00,19.559999465942383,19.6299991607666,19.530000686645508,19.579999923706055,946,0.0,0.0
2022-11-04 14:30:00-04:00,19.329999923706055,19.6299991607666,19.329999923706055,19.6299991607666,468,0.0,0.0
2022-11-04 15:30:00-04:00,19.5,19.829999923706055,19.5,19.829999923706055,777,0.0,0.0
2022-11-07 09:30:00-05:00,19.549999237060547,19.549999237060547,19.389999389648438,19.389999389648438,0,0.0,0.0
2022-11-07 10:30:00-05:00,19.350000381469727,19.479999542236328,19.295000076293945,19.479999542236328,2700,0.0,0.0
2022-11-07 12:30:00-05:00,20.0,20.0,19.920000076293945,19.920000076293945,483,0.0,0.0
2022-11-07 13:30:00-05:00,19.93000030517578,19.950000762939453,19.8799991607666,19.90999984741211,1385,0.0,0.0
2022-11-07 14:30:00-05:00,19.850000381469727,20.0,19.850000381469727,20.0,2702,0.0,0.0
2022-11-07 15:30:00-05:00,20.479999542236328,20.489999771118164,20.280000686645508,20.489999771118164,738,0.0,0.0
2022-11-08 09:30:00-05:00,19.5,19.5,19.5,19.5,0,0.0,0.0
2022-11-08 10:30:00-05:00,20.5,20.5,20.299999237060547,20.299999237060547,915,0.0,0.0
2022-11-08 11:30:00-05:00,20.260000228881836,20.289899826049805,20.0,20.049999237060547,1967,0.0,0.0
2022-11-08 12:30:00-05:00,19.7549991607666,20.049999237060547,19.7549991607666,20.049999237060547,1211,0.0,0.0
2022-11-08 13:30:00-05:00,20.399999618530273,20.399999618530273,20.399999618530273,20.399999618530273,100,0.0,0.0
2022-11-08 14:30:00-05:00,20.03499984741211,20.3700008392334,20.03499984741211,20.3700008392334,690,0.0,0.0
2022-11-08 15:30:00-05:00,20.3700008392334,20.3700008392334,20.3700008392334,20.3700008392334,286,0.0,0.0
2022-11-09 09:30:00-05:00,19.6299991607666,19.75,19.56999969482422,19.56999969482422,2148,0.0,0.0
2022-11-09 11:30:00-05:00,19.6643009185791,20.0,19.6643009185791,20.0,2502,0.0,0.0
2022-11-09 12:30:00-05:00,20.350200653076172,20.549999237060547,20.010099411010742,20.549999237060547,8403,0.0,0.0
2022-11-09 13:30:00-05:00,20.65999984741211,20.899999618530273,20.500099182128906,20.62529945373535,2857,0.0,0.0
2022-11-09 14:30:00-05:00,20.6299991607666,20.899999618530273,20.600000381469727,20.600000381469727,6879,0.0,0.0
2022-11-09 15:30:00-05:00,20.594999313354492,21.229999542236328,20.549999237060547,20.860000610351562,6912,0.0,0.0
2022-11-10 09:30:00-05:00,20.983699798583984,20.983699798583984,20.450000762939453,20.6697998046875,0,0.0,0.0
2022-11-10 10:30:00-05:00,21.149999618530273,21.200000762939453,21.149999618530273,21.200000762939453,897,0.0,0.0
2022-11-10 11:30:00-05:00,21.299999237060547,21.549999237060547,21.299999237060547,21.549999237060547,1480,0.0,0.0
2022-11-10 12:30:00-05:00,21.51889991760254,21.51889991760254,21.450000762939453,21.450000762939453,395,0.0,0.0
2022-11-10 13:30:00-05:00,21.549999237060547,21.549999237060547,21.360000610351562,21.389999389648438,2652,0.0,0.0
2022-11-10 14:30:00-05:00,21.357500076293945,21.399999618530273,21.357500076293945,21.399999618530273,859,0.0,0.0
2022-11-10 15:30:00-05:00,21.399999618530273,21.399999618530273,21.3700008392334,21.3700008392334,783,0.0,0.0
2022-11-11 10:30:00-05:00,22.0,22.06999969482422,22.0,22.0,233,0.0,0.0
2022-11-11 11:30:00-05:00,22.0,22.239999771118164,22.0,22.239999771118164,702,0.0,0.0
2022-11-11 12:30:00-05:00,22.260000228881836,22.299999237060547,22.260000228881836,22.299999237060547,1101,0.0,0.0
2022-11-11 13:30:00-05:00,22.360000610351562,22.360000610351562,22.360000610351562,22.360000610351562,347,0.0,0.0
2022-11-11 14:30:00-05:00,22.75,22.885000228881836,22.75,22.885000228881836,1545,0.0,0.0
2022-11-11 15:30:00-05:00,22.78499984741211,22.78499984741211,22.78499984741211,22.78499984741211,100,0.0,0.0
2022-11-14 12:30:00-05:00,22.549999237060547,22.59939956665039,22.549999237060547,22.559999465942383,815,0.0,0.0
2022-11-14 14:30:00-05:00,22.6200008392334,22.6200008392334,22.6200008392334,22.6200008392334,156,0.0,0.0
2022-11-14 15:30:00-05:00,22.56999969482422,22.56999969482422,22.56999969482422,22.56999969482422,0,0.0,0.0
2022-11-15 09:30:00-05:00,22.700000762939453,22.700000762939453,22.649999618530273,22.700000762939453,2462,0.0,0.0
2022-11-15 10:30:00-05:00,22.700000762939453,22.73349952697754,21.75,21.75,1856,0.0,0.0
2022-11-15 11:30:00-05:00,21.950000762939453,21.950000762939453,21.950000762939453,21.950000762939453,624,0.0,0.0
2022-11-15 12:30:00-05:00,22.149999618530273,22.229999542236328,22.0,22.229999542236328,1582,0.0,0.0
2022-11-15 14:30:00-05:00,21.906999588012695,22.25,21.906999588012695,22.25,800,0.0,0.0
2022-11-15 15:30:00-05:00,22.43000030517578,22.485000610351562,22.43000030517578,22.485000610351562,853,0.0,0.0
2022-11-16 09:30:00-05:00,22.079299926757812,22.54319953918457,22.079299926757812,22.54319953918457,0,0.0,0.0
2022-11-16 10:30:00-05:00,22.37579917907715,22.37579917907715,21.760700225830078,21.760700225830078,1161,0.0,0.0
2022-11-16 11:30:00-05:00,22.350000381469727,22.350000381469727,22.350000381469727,22.350000381469727,155,0.0,0.0
2022-11-16 12:30:00-05:00,22.05500030517578,22.350000381469727,22.05500030517578,22.100000381469727,1003,0.0,0.0
2022-11-16 13:30:00-05:00,21.93000030517578,22.299999237060547,21.93000030517578,22.299999237060547,300,0.0,0.0
2022-11-16 14:30:00-05:00,22.299999237060547,22.299999237060547,22.299999237060547,22.299999237060547,180,0.0,0.0
2022-11-16 15:30:00-05:00,22.174800872802734,22.290000915527344,22.174800872802734,22.27989959716797,1119,0.0,0.0
2022-11-17 09:30:00-05:00,21.75,22.21500015258789,21.75,21.75,0,0.0,0.0
2022-11-17 10:30:00-05:00,22.59000015258789,22.59000015258789,22.459999084472656,22.459999084472656,500,0.0,0.0
2022-11-17 11:30:00-05:00,22.6299991607666,22.6299991607666,22.6299991607666,22.6299991607666,285,0.0,0.0
2022-11-17 14:30:00-05:00,22.100000381469727,22.127500534057617,21.75,22.127500534057617,2608,0.0,0.0
2022-11-17 15:30:00-05:00,22.639999389648438,22.639999389648438,22.639999389648438,22.639999389648438,200,0.0,0.0
2022-11-18 09:30:00-05:00,22.065000534057617,22.065000534057617,22.065000534057617,22.065000534057617,0,0.0,0.0
2022-11-18 10:30:00-05:00,22.479999542236328,22.639999389648438,22.479999542236328,22.639999389648438,434,0.0,0.0
2022-11-18 11:30:00-05:00,22.549999237060547,22.65999984741211,22.549999237060547,22.65999984741211,500,0.0,0.0
2022-11-18 13:30:00-05:00,22.510000228881836,22.65999984741211,22.510000228881836,22.65999984741211,428,0.0,0.0
2022-11-18 14:30:00-05:00,22.6299991607666,22.8656005859375,22.510400772094727,22.654300689697266,2659,0.0,0.0
2022-11-21 10:30:00-05:00,22.469999313354492,22.899900436401367,22.469999313354492,22.860000610351562,500,0.0,0.0
2022-11-21 11:30:00-05:00,22.5,22.899999618530273,22.5,22.889999389648438,961,0.0,0.0
2022-11-21 12:30:00-05:00,22.600000381469727,22.600000381469727,22.579999923706055,22.579999923706055,630,0.0,0.0
2022-11-21 13:30:00-05:00,22.295000076293945,22.549999237060547,21.780000686645508,21.780000686645508,1940,0.0,0.0
2022-11-21 14:30:00-05:00,22.030000686645508,22.54990005493164,21.520000457763672,22.25,2823,0.0,0.0
2022-11-21 15:30:00-05:00,22.549999237060547,22.549999237060547,21.959999084472656,22.25,1168,0.0,0.0
2022-11-22 10:30:00-05:00,22.239999771118164,22.549999237060547,22.0856990814209,22.479999542236328,801,0.0,0.0
2022-11-22 11:30:00-05:00,22.5,22.899999618530273,22.14900016784668,22.899999618530273,3363,0.0,0.0
2022-11-22 12:30:00-05:00,22.899999618530273,23.780000686645508,22.89430046081543,23.3799991607666,2923,0.0,0.0
2022-11-22 13:30:00-05:00,23.5,23.780000686645508,23.5,23.75,3396,0.0,0.0
2022-11-22 14:30:00-05:00,23.700000762939453,23.700000762939453,23.020000457763672,23.6299991607666,3350,0.0,0.0
2022-11-22 15:30:00-05:00,23.600000381469727,23.600000381469727,23.56999969482422,23.579999923706055,0,0.0,0.0
2022-11-23 10:30:00-05:00,23.559999465942383,23.559999465942383,23.559999465942383,23.559999465942383,151,0.0,0.0
2022-11-23 13:30:00-05:00,23.275999069213867,23.450000762939453,23.275999069213867,23.450000762939453,1519,0.0,0.0
2022-11-23 14:30:00-05:00,23.549999237060547,23.549999237060547,23.100000381469727,23.530000686645508,3512,0.0,0.0
2022-11-23 15:30:00-05:00,23.450000762939453,23.549999237060547,23.450000762939453,23.459999084472656,4476,0.0,0.0
2022-11-25 09:30:00-05:00,23.110000610351562,23.58989906311035,22.790000915527344,23.540000915527344,0,0.0,0.0
2022-11-25 10:30:00-05:00,23.457000732421875,23.56999969482422,23.135000228881836,23.135000228881836,1870,0.0,0.0
2022-11-25 11:30:00-05:00,23.28499984741211,23.450000762939453,23.28499984741211,23.450000762939453,230,0.0,0.0
2022-11-28 09:30:00-05:00,23.06999969482422,23.200000762939453,22.385000228881836,23.200000762939453,2439,0.0,0.0
2022-11-28 10:30:00-05:00,23.149999618530273,23.565000534057617,23.149999618530273,23.5,1334,0.0,0.0
2022-11-28 11:30:00-05:00,22.620100021362305,23.559999465942383,22.620100021362305,23.3799991607666,1480,0.0,0.0
2022-11-28 12:30:00-05:00,23.399999618530273,23.530000686645508,23.3799991607666,23.530000686645508,2539,0.0,0.0
2022-11-28 13:30:00-05:00,23.530000686645508,23.75,23.5,23.700000762939453,3399,0.0,0.0
2022-11-28 14:30:00-05:00,23.700000762939453,23.790000915527344,23.209999084472656,23.614999771118164,3604,0.0,0.0
2022-11-28 15:30:00-05:00,23.579999923706055,23.790000915527344,23.56999969482422,23.639999389648438,2598,0.0,0.0
2022-11-29 09:30:00-05:00,23.309999465942383,23.649999618530273,23.309999465942383,23.6200008392334,0,0.0,0.0
2022-11-29 10:30:00-05:00,23.6200008392334,23.790000915527344,23.600000381469727,23.780000686645508,3026,0.0,0.0
2022-11-29 11:30:00-05:00,23.790000915527344,23.969999313354492,23.790000915527344,23.889999389648438,4607,0.0,0.0
2022-11-29 12:30:00-05:00,23.889999389648438,23.899999618530273,23.6299991607666,23.6299991607666,3353,0.0,0.0
2022-11-29 13:30:00-05:00,23.8799991607666,23.950000762939453,23.75,23.899999618530273,14447,0.0,0.0
2022-11-29 14:30:00-05:00,23.899999618530273,24.190000534057617,23.899999618530273,24.149999618530273,9635,0.0,0.0
2022-11-29 15:30:00-05:00,24.139999389648438,24.149999618530273,23.700000762939453,24.100000381469727,2742,0.0,0.0
2022-11-30 09:30:00-05:00,23.709999084472656,23.709999084472656,23.709999084472656,23.709999084472656,150,0.0,0.0
2022-11-30 10:30:00-05:00,23.350000381469727,23.350000381469727,23.350000381469727,23.350000381469727,100,0.0,0.0
2022-11-30 12:30:00-05:00,23.299999237060547,23.299999237060547,22.139999389648438,22.40999984741211,2449,0.0,0.0
2022-11-30 13:30:00-05:00,22.459999084472656,22.850000381469727,22.190000534057617,22.25,10787,0.0,0.0
2022-11-30 14:30:00-05:00,22.219999313354492,22.75,22.049999237060547,22.1299991607666,5848,0.0,0.0
2022-11-30 15:30:00-05:00,22.079999923706055,22.71660041809082,20.6299991607666,21.639999389648438,54489,0.0,0.0
2022-12-01 09:30:00-05:00,21.790000915527344,22.149999618530273,21.510000228881836,21.510000228881836,0,0.0,0.0
2022-12-01 10:30:00-05:00,21.309999465942383,21.889999389648438,21.020000457763672,21.889999389648438,6809,0.0,0.0
2022-12-01 11:30:00-05:00,21.459999084472656,21.844999313354492,21.459999084472656,21.700000762939453,3511,0.0,0.0
2022-12-01 12:30:00-05:00,21.700000762939453,21.700000762939453,21.40999984741211,21.40999984741211,200,0.0,0.0
2022-12-01 13:30:00-05:00,21.43000030517578,21.43000030517578,21.399999618530273,21.399999618530273,2381,0.0,0.0
2022-12-01 14:30:00-05:00,21.260000228881836,22.059999465942383,21.260000228881836,21.950000762939453,942,0.0,0.0
2022-12-01 15:30:00-05:00,21.600000381469727,21.75,21.600000381469727,21.600000381469727,1769,0.0,0.0
2022-12-02 09:30:00-05:00,21.5,21.5,21.25,21.25,0,0.0,0.0
2022-12-02 10:30:00-05:00,21.315000534057617,21.454999923706055,21.13010025024414,21.15999984741211,3300,0.0,0.0
2022-12-02 11:30:00-05:00,21.389999389648438,21.399999618530273,21.350000381469727,21.399999618530273,400,0.0,0.0
2022-12-02 12:30:00-05:00,21.31999969482422,21.499900817871094,21.300100326538086,21.499900817871094,627,0.0,0.0
2022-12-02 13:30:00-05:00,21.299999237060547,21.5,21.299999237060547,21.450000762939453,3179,0.0,0.0
2022-12-02 14:30:00-05:00,21.40999984741211,21.655000686645508,21.399999618530273,21.600000381469727,4184,0.0,0.0
2022-12-02 15:30:00-05:00,22.20800018310547,22.20800018310547,21.739999771118164,22.093799591064453,2450,0.0,0.0
2022-12-05 09:30:00-05:00,21.600000381469727,21.600000381469727,21.600000381469727,21.600000381469727,0,0.0,0.0
2022-12-05 13:30:00-05:00,21.25,22.179899215698242,21.25,22.179899215698242,1452,0.0,0.0
2022-12-05 15:30:00-05:00,21.170000076293945,21.170000076293945,21.170000076293945,21.170000076293945,0,0.0,0.0
2022-12-06 09:30:00-05:00,21.170000076293945,21.170000076293945,21.0,21.0,735,0.0,0.0
2022-12-06 10:30:00-05:00,21.3799991607666,21.615699768066406,20.809999465942383,21.279800415039062,2205,0.0,0.0
2022-12-06 11:30:00-05:00,21.989999771118164,21.989999771118164,21.200000762939453,21.200000762939453,2100,0.0,0.0
2022-12-06 12:30:00-05:00,21.190000534057617,21.190000534057617,21.190000534057617,21.190000534057617,240,0.0,0.0
2022-12-06 13:30:00-05:00,21.59149932861328,21.59149932861328,21.0,21.3700008392334,1439,0.0,0.0
2022-12-06 14:30:00-05:00,21.190000534057617,21.200000762939453,21.190000534057617,21.200000762939453,2424,0.0,0.0
2022-12-07 09:30:00-05:00,20.809999465942383,21.21500015258789,20.809999465942383,21.0,2212,0.0,0.0
2022-12-07 10:30:00-05:00,20.899999618530273,20.899999618530273,20.812999725341797,20.899999618530273,2294,0.0,0.0
2022-12-07 12:30:00-05:00,20.979999542236328,20.979999542236328,20.979999542236328,20.979999542236328,311,0.0,0.0
2022-12-07 13:30:00-05:00,20.899999618530273,20.899999618530273,20.899999618530273,20.899999618530273,100,0.0,0.0
2022-12-07 14:30:00-05:00,20.81999969482422,20.81999969482422,20.770000457763672,20.770000457763672,1007,0.0,0.0
2022-12-07 15:30:00-05:00,20.75,20.75,20.75,20.75,100,0.0,0.0
2022-12-08 09:30:00-05:00,20.920000076293945,20.920000076293945,20.75,20.75,2240,0.0,0.0
2022-12-08 10:30:00-05:00,20.700000762939453,20.700000762939453,20.25,20.25,10107,0.0,0.0
2022-12-08 11:30:00-05:00,20.329999923706055,20.350000381469727,20.25,20.25,1976,0.0,0.0
2022-12-08 12:30:00-05:00,20.899999618530273,20.899999618530273,20.40999984741211,20.40999984741211,200,0.0,0.0
2022-12-08 13:30:00-05:00,20.290000915527344,20.559900283813477,20.25,20.559900283813477,1554,0.0,0.0
2022-12-08 14:30:00-05:00,20.59000015258789,20.600000381469727,20.399999618530273,20.399999618530273,552,0.0,0.0
2022-12-08 15:30:00-05:00,20.40999984741211,20.760000228881836,20.40999984741211,20.469999313354492,1088,0.0,0.0
2022-12-09 09:30:00-05:00,20.399999618530273,20.399999618530273,19.75,19.75,0,0.0,0.0
2022-12-09 10:30:00-05:00,20.0,20.0,20.0,20.0,463,0.0,0.0
2022-12-09 11:30:00-05:00,20.0,20.5,20.0,20.356000900268555,1363,0.0,0.0
2022-12-09 12:30:00-05:00,20.0,20.054500579833984,19.8799991607666,20.054500579833984,2820,0.0,0.0
2022-12-09 13:30:00-05:00,20.010000228881836,20.08650016784668,20.0,20.08650016784668,3400,0.0,0.0
2022-12-09 14:30:00-05:00,20.100000381469727,20.100000381469727,20.100000381469727,20.100000381469727,402,0.0,0.0
2022-12-09 15:30:00-05:00,20.020000457763672,20.020000457763672,20.0,20.0,8335,0.0,0.0
2022-12-12 09:30:00-05:00,20.0,20.0,19.809999465942383,19.8700008392334,0,0.0,0.0
2022-12-12 10:30:00-05:00,20.270000457763672,20.270000457763672,19.8700008392334,20.075000762939453,2702,0.0,0.0
2022-12-12 11:30:00-05:00,19.8700008392334,20.014999389648438,19.8700008392334,20.014999389648438,996,0.0,0.0
2022-12-12 12:30:00-05:00,19.899999618530273,19.999900817871094,19.8700008392334,19.8700008392334,2786,0.0,0.0
2022-12-12 13:30:00-05:00,19.97130012512207,20.049999237060547,19.97130012512207,20.049999237060547,2771,0.0,0.0
2022-12-12 14:30:00-05:00,19.8700008392334,19.95509910583496,19.8700008392334,19.90999984741211,5590,0.0,0.0
2022-12-12 15:30:00-05:00,19.950000762939453,19.972200393676758,19.8700008392334,19.8700008392334,2324,0.0,0.0
2022-12-13 09:30:00-05:00,20.239999771118164,20.239999771118164,20.0,20.100000381469727,0,0.0,0.0
2022-12-13 10:30:00-05:00,20.0,20.450000762939453,19.850000381469727,20.450000762939453,2442,0.0,0.0
2022-12-13 11:30:00-05:00,20.41710090637207,20.41710090637207,19.850000381469727,19.8700008392334,1203,0.0,0.0
2022-12-13 12:30:00-05:00,20.5,20.5,20.170000076293945,20.170000076293945,625,0.0,0.0
2022-12-13 13:30:00-05:00,20.170000076293945,20.266000747680664,20.170000076293945,20.266000747680664,340,0.0,0.0
2022-12-13 14:30:00-05:00,20.170000076293945,20.170000076293945,19.61009979248047,19.61009979248047,3517,0.0,0.0
2022-12-13 15:30:00-05:00,19.799999237060547,19.809999465942383,19.770000457763672,19.799999237060547,4494,0.0,0.0
2022-12-14 11:30:00-05:00,20.0,20.0,20.0,20.0,0,0.0,0.0
2022-12-14 15:30:00-05:00,19.979999542236328,20.0,19.65999984741211,19.65999984741211,1205,0.0,0.0
2022-12-15 09:30:00-05:00,19.6200008392334,19.6200008392334,19.610000610351562,19.610000610351562,578,0.0,0.0
2022-12-15 10:30:00-05:00,19.610000610351562,19.610000610351562,19.610000610351562,19.610000610351562,724,0.0,0.0
2022-12-15 11:30:00-05:00,19.610000610351562,19.610000610351562,19.600000381469727,19.600000381469727,1101,0.0,0.0
2022-12-15 13:30:00-05:00,19.520000457763672,19.520000457763672,19.510000228881836,19.510000228881836,300,0.0,0.0
2022-12-15 14:30:00-05:00,19.55500030517578,19.829999923706055,19.510000228881836,19.829999923706055,11947,0.0,0.0
2022-12-15 15:30:00-05:00,19.649999618530273,19.649999618530273,19.649999618530273,19.649999618530273,983,0.0,0.0
2022-12-16 10:30:00-05:00,19.600000381469727,19.770000457763672,19.600000381469727,19.600000381469727,3516,0.0,0.0
2022-12-16 11:30:00-05:00,19.6033992767334,19.6033992767334,19.600000381469727,19.600099563598633,1739,0.0,0.0
2022-12-16 12:30:00-05:00,19.600000381469727,19.610000610351562,19.600000381469727,19.610000610351562,1642,0.0,0.0
2022-12-16 14:30:00-05:00,19.690000534057617,19.699499130249023,19.690000534057617,19.699499130249023,364,0.0,0.0
2022-12-16 15:30:00-05:00,19.610000610351562,19.665000915527344,19.610000610351562,19.665000915527344,220,0.0,0.0
2022-12-19 09:30:00-05:00,19.56999969482422,19.579999923706055,19.56999969482422,19.56999969482422,0,0.0,0.0
2022-12-19 10:30:00-05:00,19.570100784301758,19.600000381469727,19.570100784301758,19.600000381469727,559,0.0,0.0
2022-12-19 11:30:00-05:00,19.739999771118164,19.75,19.6835994720459,19.6835994720459,359,0.0,0.0
2022-12-19 12:30:00-05:00,19.65999984741211,19.75,19.65999984741211,19.75,743,0.0,0.0
2022-12-19 13:30:00-05:00,19.75,20.0,19.75,19.800100326538086,4106,0.0,0.0
2022-12-19 14:30:00-05:00,20.0,20.0,19.800100326538086,19.800100326538086,270,0.0,0.0
2022-12-19 15:30:00-05:00,19.799999237060547,19.800100326538086,19.799999237060547,19.800100326538086,400,0.0,0.0
2022-12-20 11:30:00-05:00,20.0,21.09000015258789,20.0,21.09000015258789,462,0.0,0.0
2022-12-20 13:30:00-05:00,20.110000610351562,20.110000610351562,20.110000610351562,20.110000610351562,104,0.0,0.0
2022-12-21 09:30:00-05:00,20.5,20.5,20.110000610351562,20.5,2662,0.0,0.0
2022-12-21 11:30:00-05:00,20.5,20.5,20.5,20.5,387,0.0,0.0
2022-12-21 12:30:00-05:00,20.489999771118164,20.5,20.350000381469727,20.399999618530273,1151,0.0,0.0
2022-12-21 13:30:00-05:00,20.210100173950195,20.354999542236328,20.210100173950195,20.354999542236328,467,0.0,0.0
2022-12-21 14:30:00-05:00,20.229999542236328,20.229999542236328,20.209999084472656,20.229999542236328,837,0.0,0.0
2022-12-21 15:30:00-05:00,20.200000762939453,20.230499267578125,20.110000610351562,20.117799758911133,0,0.0,0.0
2022-12-22 09:30:00-05:00,20.110000610351562,20.821300506591797,20.110000610351562,20.249300003051758,3417,0.0,0.0
2022-12-22 10:30:00-05:00,20.110000610351562,20.150100708007812,20.110000610351562,20.149999618530273,2724,0.0,0.0
2022-12-22 11:30:00-05:00,20.933500289916992,20.933500289916992,20.149999618530273,20.149999618530273,1245,0.0,0.0
2022-12-22 12:30:00-05:00,20.110000610351562,20.51180076599121,20.110000610351562,20.5,2707,0.0,0.0
2022-12-23 09:30:00-05:00,20.600000381469727,21.100000381469727,20.110000610351562,20.110000610351562,0,0.0,0.0
2022-12-23 10:30:00-05:00,20.469999313354492,20.5,19.7549991607666,19.7549991607666,6976,0.0,0.0
2022-12-23 11:30:00-05:00,19.959999084472656,20.0,19.959999084472656,20.0,2892,0.0,0.0
2022-12-23 12:30:00-05:00,20.020000457763672,20.020000457763672,20.010000228881836,20.020000457763672,2112,0.0,0.0
2022-12-23 13:30:00-05:00,20.014999389648438,20.020000457763672,19.821199417114258,19.821199417114258,2386,0.0,0.0
2022-12-23 14:30:00-05:00,19.760000228881836,20.075000762939453,19.75,19.760000228881836,1510,0.0,0.0
2022-12-23 15:30:00-05:00,19.636499404907227,20.389999389648438,19.550100326538086,20.360000610351562,7415,0.0,0.0
2022-12-27 09:30:00-05:00,20.299999237060547,20.299999237060547,20.299999237060547,20.299999237060547,0,0.0,0.0
2022-12-27 10:30:00-05:00,19.924999237060547,20.0,19.924999237060547,19.989999771118164,1519,0.0,0.0
2022-12-27 11:30:00-05:00,19.861000061035156,19.899999618530273,19.560100555419922,19.780000686645508,5954,0.0,0.0
2022-12-27 12:30:00-05:00,19.8799991607666,19.899999618530273,19.780000686645508,19.799999237060547,4607,0.0,0.0
2022-12-27 13:30:00-05:00,19.850000381469727,19.850000381469727,19.780000686645508,19.83049964904785,4812,0.0,0.0
2022-12-27 14:30:00-05:00,19.780000686645508,19.899999618530273,19.780000686645508,19.899999618530273,966,0.0,0.0
2022-12-27 15:30:00-05:00,19.899999618530273,19.899999618530273,19.799999237060547,19.84000015258789,3216,0.0,0.0
2022-12-28 09:30:00-05:00,19.750099182128906,19.760000228881836,19.75,19.750099182128906,0,0.0,0.0
2022-12-28 10:30:00-05:00,19.8799991607666,19.8799991607666,19.8799991607666,19.8799991607666,112,0.0,0.0
2022-12-28 11:30:00-05:00,19.889999389648438,19.889999389648438,19.850000381469727,19.850000381469727,2911,0.0,0.0
2022-12-28 12:30:00-05:00,19.850000381469727,19.899999618530273,19.850000381469727,19.899999618530273,2162,0.0,0.0
2022-12-28 14:30:00-05:00,20.399999618530273,20.450000762939453,19.950000762939453,20.450000762939453,2970,0.0,0.0
2022-12-28 15:30:00-05:00,20.3799991607666,20.5,20.3700008392334,20.3700008392334,1789,0.0,0.0
2022-12-29 09:30:00-05:00,20.100000381469727,20.100000381469727,19.850000381469727,20.099899291992188,0,0.0,0.0
2022-12-29 10:30:00-05:00,20.100000381469727,20.100000381469727,19.860000610351562,19.89150047302246,6819,0.0,0.0
2022-12-29 11:30:00-05:00,19.93000030517578,19.93000030517578,19.81999969482422,19.860000610351562,5536,0.0,0.0
2022-12-29 12:30:00-05:00,19.899999618530273,19.899999618530273,19.860000610351562,19.899999618530273,2121,0.0,0.0
2022-12-29 13:30:00-05:00,19.899999618530273,19.950000762939453,19.639999389648438,19.911800384521484,3362,0.0,0.0
2022-12-29 14:30:00-05:00,20.200000762939453,20.575000762939453,19.909700393676758,20.054000854492188,3280,0.0,0.0
2022-12-29 15:30:00-05:00,20.040000915527344,20.049999237060547,20.040000915527344,20.049999237060547,543,0.0,0.0
2022-12-30 09:30:00-05:00,20.079999923706055,20.100000381469727,19.9950008392334,20.059999465942383,0,0.0,0.0
2022-12-30 10:30:00-05:00,20.059999465942383,20.5,20.059999465942383,20.5,2409,0.0,0.0
2022-12-30 11:30:00-05:00,20.75,20.75,19.899999618530273,20.0,1442,0.0,0.0
2022-12-30 12:30:00-05:00,20.149999618530273,20.149999618530273,20.049999237060547,20.149999618530273,1200,0.0,0.0
2022-12-30 13:30:00-05:00,20.149999618530273,20.53529930114746,20.0,20.53529930114746,1849,0.0,0.0
2022-12-30 14:30:00-05:00,20.3799991607666,20.6299991607666,20.309999465942383,20.6299991607666,5295,0.0,0.0
2022-12-30 15:30:00-05:00,20.65999984741211,22.559999465942383,20.100500106811523,22.530000686645508,69522,0.0,0.0
2023-01-03 09:30:00-05:00,22.239999771118164,22.6299991607666,22.049999237060547,22.100000381469727,2456,0.0,0.0
2023-01-03 10:30:00-05:00,21.815000534057617,22.25,21.815000534057617,22.25,1640,0.0,0.0
2023-01-03 11:30:00-05:00,22.299999237060547,22.56999969482422,22.219999313354492,22.350000381469727,1741,0.0,0.0
2023-01-03 12:30:00-05:00,22.479999542236328,22.5,22.191200256347656,22.229999542236328,1753,0.0,0.0
2023-01-03 13:30:00-05:00,22.229999542236328,22.350000381469727,22.000099182128906,22.149999618530273,9133,0.0,0.0
2023-01-03 14:30:00-05:00,22.1200008392334,22.40999984741211,21.860000610351562,22.40999984741211,7771,0.0,0.0
2023-01-03 15:30:00-05:00,22.1299991607666,22.1299991607666,22.1299991607666,22.1299991607666,160,0.0,0.0
2023-01-04 09:30:00-05:00,22.06999969482422,22.06999969482422,22.06999969482422,22.06999969482422,0,0.0,0.0
2023-01-04 10:30:00-05:00,22.260000228881836,22.260000228881836,22.209999084472656,22.209999084472656,1405,0.0,0.0
2023-01-04 11:30:00-05:00,22.299999237060547,22.350000381469727,22.241600036621094,22.350000381469727,2041,0.0,0.0
2023-01-04 12:30:00-05:00,22.200000762939453,22.350000381469727,22.200000762939453,22.350000381469727,1049,0.0,0.0
2023-01-04 13:30:00-05:00,22.34000015258789,22.44499969482422,22.34000015258789,22.44499969482422,2683,0.0,0.0
2023-01-04 14:30:00-05:00,22.549999237060547,22.649999618530273,22.5,22.5,753,0.0,0.0
2023-01-05 09:30:00-05:00,22.399999618530273,22.399999618530273,22.350000381469727,22.399999618530273,0,0.0,0.0
2023-01-05 10:30:00-05:00,22.579999923706055,22.579999923706055,22.579999923706055,22.579999923706055,168,0.0,0.0
2023-01-05 11:30:00-05:00,22.350000381469727,22.514999389648438,22.334999084472656,22.350000381469727,2091,0.0,0.0
2023-01-05 13:30:00-05:00,22.434999465942383,23.260000228881836,22.434999465942383,22.6299991607666,19966,0.0,0.0
2023-01-05 14:30:00-05:00,22.75,22.799999237060547,22.75,22.799999237060547,877,0.0,0.0
2023-01-05 15:30:00-05:00,22.690000534057617,22.719999313354492,22.690000534057617,22.719999313354492,883,0.0,0.0
2023-01-06 09:30:00-05:00,23.190000534057617,23.190000534057617,22.5,22.899999618530273,0,0.0,0.0
2023-01-06 10:30:00-05:00,22.899999618530273,22.899999618530273,22.600000381469727,22.600000381469727,1137,0.0,0.0
2023-01-06 11:30:00-05:00,22.56999969482422,22.610000610351562,22.56999969482422,22.610000610351562,797,0.0,0.0
2023-01-06 14:30:00-05:00,22.850000381469727,22.850000381469727,22.799999237060547,22.84000015258789,2366,0.0,0.0
2023-01-06 15:30:00-05:00,22.84000015258789,22.850000381469727,22.600000381469727,22.780000686645508,9953,0.0,0.0
2023-01-09 09:30:00-05:00,22.68000030517578,22.850000381469727,22.650100708007812,22.650100708007812,0,0.0,0.0
2023-01-09 10:30:00-05:00,22.75,22.75,22.75,22.75,299,0.0,0.0
2023-01-09 12:30:00-05:00,22.75,22.75,22.75,22.75,381,0.0,0.0
2023-01-09 13:30:00-05:00,22.799999237060547,22.850000381469727,22.799999237060547,22.850000381469727,1290,0.0,0.0
2023-01-09 14:30:00-05:00,22.84000015258789,22.850000381469727,22.84000015258789,22.850000381469727,817,0.0,0.0
2023-01-09 15:30:00-05:00,22.924999237060547,23.0,22.924999237060547,23.0,356,0.0,0.0
2023-01-10 12:30:00-05:00,23.0,23.0,22.75,22.999900817871094,7141,0.0,0.0
2023-01-10 13:30:00-05:00,23.0,23.0,22.8799991607666,22.8799991607666,465,0.0,0.0
2023-01-10 14:30:00-05:00,22.862499237060547,22.899999618530273,22.862499237060547,22.899999618530273,680,0.0,0.0
2023-01-10 15:30:00-05:00,22.75,22.844999313354492,22.75,22.844999313354492,1868,0.0,0.0
2023-01-11 09:30:00-05:00,22.950000762939453,22.950000762939453,22.950000762939453,22.950000762939453,0,0.0,0.0
2023-01-11 10:30:00-05:00,22.950000762939453,23.0,22.950000762939453,23.0,1067,0.0,0.0
2023-01-11 14:30:00-05:00,23.3799991607666,23.3799991607666,23.3799991607666,23.3799991607666,1091,0.0,0.0
2023-01-11 15:30:00-05:00,23.100000381469727,23.100000381469727,23.100000381469727,23.100000381469727,515,0.0,0.0
2023-01-12 09:30:00-05:00,23.415000915527344,23.415000915527344,23.1299991607666,23.1299991607666,0,0.0,0.0
2023-01-12 10:30:00-05:00,23.170000076293945,23.700000762939453,23.170000076293945,23.600000381469727,4684,0.0,0.0
2023-01-12 13:30:00-05:00,23.235000610351562,23.334999084472656,23.170000076293945,23.334999084472656,1698,0.0,0.0
2023-01-12 15:30:00-05:00,23.200000762939453,23.299999237060547,23.149999618530273,23.299999237060547,1226,0.0,0.0
2023-01-13 09:30:00-05:00,23.5,23.5,23.33880043029785,23.33880043029785,0,0.0,0.0
2023-01-13 10:30:00-05:00,23.375,23.375,23.375,23.375,483,0.0,0.0
2023-01-13 13:30:00-05:00,23.329999923706055,23.350000381469727,23.329999923706055,23.350000381469727,619,0.0,0.0
2023-01-13 15:30:00-05:00,23.329999923706055,23.350000381469727,23.299999237060547,23.309999465942383,5858,0.0,0.0
2023-01-17 09:30:00-05:00,23.299999237060547,23.299999237060547,22.530000686645508,22.538000106811523,0,0.0,0.0
2023-01-17 10:30:00-05:00,22.950000762939453,23.170000076293945,22.950000762939453,23.170000076293945,639,0.0,0.0
2023-01-17 11:30:00-05:00,23.170000076293945,23.170000076293945,22.950000762939453,23.0,3013,0.0,0.0
2023-01-17 12:30:00-05:00,22.950000762939453,22.950000762939453,22.81999969482422,22.81999969482422,836,0.0,0.0
2023-01-17 13:30:00-05:00,22.979999542236328,23.0,22.93000030517578,22.93000030517578,1486,0.0,0.0
2023-01-17 15:30:00-05:00,22.954999923706055,23.05500030517578,22.954999923706055,23.05500030517578,497,0.0,0.0
2023-01-18 09:30:00-05:00,23.149999618530273,23.420000076293945,23.149999618530273,23.420000076293945,0,0.0,0.0
2023-01-18 10:30:00-05:00,23.41990089416504,23.450000762939453,23.31999969482422,23.450000762939453,690,0.0,0.0
2023-01-18 12:30:00-05:00,23.5,23.5,23.5,23.5,648,0.0,0.0
2023-01-18 13:30:00-05:00,23.599000930786133,23.600000381469727,23.219999313354492,23.219999313354492,460,0.0,0.0
2023-01-18 14:30:00-05:00,23.5,23.5,23.219999313354492,23.219999313354492,1167,0.0,0.0
2023-01-18 15:30:00-05:00,23.229999542236328,23.299999237060547,23.219999313354492,23.299999237060547,923,0.0,0.0
2023-01-19 09:30:00-05:00,23.536699295043945,23.536699295043945,23.536699295043945,23.536699295043945,0,0.0,0.0
2023-01-19 10:30:00-05:00,23.299999237060547,23.299999237060547,23.299999237060547,23.299999237060547,100,0.0,0.0
2023-01-19 11:30:00-05:00,23.290000915527344,23.299999237060547,23.094999313354492,23.100000381469727,3077,0.0,0.0
2023-01-19 12:30:00-05:00,23.299999237060547,23.45599937438965,23.299999237060547,23.420000076293945,1821,0.0,0.0
2023-01-19 15:30:00-05:00,23.350000381469727,23.350000381469727,23.350000381469727,23.350000381469727,108,0.0,0.0
2023-01-20 10:30:00-05:00,23.299999237060547,23.299999237060547,23.299999237060547,23.299999237060547,0,0.0,0.0
2023-01-20 11:30:00-05:00,23.389999389648438,23.59939956665039,23.389999389648438,23.59939956665039,1006,0.0,0.0
2023-01-20 14:30:00-05:00,23.5,23.5,23.469999313354492,23.469999313354492,371,0.0,0.0
2023-01-20 15:30:00-05:00,23.2549991607666,23.2549991607666,23.2549991607666,23.2549991607666,100,0.0,0.0
2023-01-23 09:30:00-05:00,23.25,23.25,23.25,23.25,0,0.0,0.0
2023-01-23 11:30:00-05:00,23.100000381469727,23.100000381469727,23.0,23.0,3923,0.0,0.0
2023-01-23 13:30:00-05:00,22.969999313354492,22.969999313354492,22.969999313354492,22.969999313354492,428,0.0,0.0
2023-01-23 14:30:00-05:00,23.049999237060547,23.100000381469727,23.049999237060547,23.100000381469727,300,0.0,0.0
2023-01-24 10:30:00-05:00,23.019699096679688,23.25,23.019699096679688,23.24519920349121,3447,0.0,0.0
2023-01-24 11:30:00-05:00,23.25,23.25,23.25,23.25,128,0.0,0.0
2023-01-24 12:30:00-05:00,23.200000762939453,23.200000762939453,23.200000762939453,23.200000762939453,1135,0.0,0.0
2023-01-24 13:30:00-05:00,23.100000381469727,23.100000381469727,23.100000381469727,23.100000381469727,1566,0.0,0.0
2023-01-24 14:30:00-05:00,23.100000381469727,23.100000381469727,23.100000381469727,23.100000381469727,0,0.0,0.0
2023-01-25 12:30:00-05:00,23.06999969482422,23.229999542236328,23.06999969482422,23.229999542236328,1055,0.0,0.0
2023-01-25 13:30:00-05:00,23.249900817871094,23.249900817871094,23.249900817871094,23.249900817871094,155,0.0,0.0
2023-01-25 14:30:00-05:00,23.06999969482422,23.65999984741211,23.06999969482422,23.06999969482422,3287,0.0,0.0
2023-01-25 15:30:00-05:00,23.399999618530273,23.450000762939453,23.399999618530273,23.450000762939453,975,0.0,0.0
2023-01-26 09:30:00-05:00,23.549999237060547,23.549999237060547,23.549999237060547,23.549999237060547,0,0.0,0.0
2023-01-26 13:30:00-05:00,23.3976993560791,23.690000534057617,23.31999969482422,23.440000534057617,4068,0.0,0.0
2023-01-26 14:30:00-05:00,23.496999740600586,23.496999740600586,23.496999740600586,23.496999740600586,600,0.0,0.0
2023-01-26 15:30:00-05:00,23.40999984741211,23.700000762939453,23.40999984741211,23.69420051574707,1650,0.0,0.0
2023-01-27 09:30:00-05:00,23.65999984741211,23.700000762939453,23.65999984741211,23.699899673461914,0,0.0,0.0
2023-01-27 10:30:00-05:00,23.628599166870117,23.628599166870117,23.628599166870117,23.628599166870117,850,0.0,0.0
2023-01-27 12:30:00-05:00,23.595699310302734,23.649999618530273,23.354999542236328,23.545000076293945,952,0.0,0.0
2023-01-27 13:30:00-05:00,23.549999237060547,23.700000762939453,23.54990005493164,23.700000762939453,1416,0.0,0.0
2023-01-27 14:30:00-05:00,23.07360076904297,23.700000762939453,23.07360076904297,23.68000030517578,1219,0.0,0.0
2023-01-30 09:30:00-05:00,23.600000381469727,24.09000015258789,23.600000381469727,24.085800170898438,945,0.0,0.0
2023-01-30 10:30:00-05:00,24.09000015258789,24.170000076293945,23.75,23.750099182128906,5599,0.0,0.0
2023-01-30 11:30:00-05:00,24.059999465942383,24.15999984741211,24.059999465942383,24.15999984741211,1068,0.0,0.0
2023-01-30 12:30:00-05:00,24.15999984741211,24.219900131225586,23.959999084472656,24.219900131225586,2938,0.0,0.0
2023-01-30 13:30:00-05:00,24.209999084472656,24.209999084472656,24.010000228881836,24.209999084472656,1199,0.0,0.0
2023-01-30 14:30:00-05:00,24.209999084472656,24.209999084472656,24.049999237060547,24.049999237060547,2985,0.0,0.0
2023-01-30 15:30:00-05:00,24.049999237060547,24.200000762939453,24.04990005493164,24.049999237060547,1281,0.0,0.0
2023-01-31 09:30:00-05:00,24.209999084472656,24.209999084472656,24.200000762939453,24.200000762939453,0,0.0,0.0
2023-01-31 10:30:00-05:00,24.209999084472656,24.209999084472656,24.09000015258789,24.09000015258789,4205,0.0,0.0
2023-01-31 11:30:00-05:00,24.010000228881836,24.100000381469727,24.0,24.099899291992188,7962,0.0,0.0
2023-01-31 12:30:00-05:00,24.09000015258789,24.302600860595703,24.06999969482422,24.302600860595703,2344,0.0,0.0
2023-01-31 13:30:00-05:00,24.290000915527344,24.299999237060547,24.100000381469727,24.104999542236328,1256,0.0,0.0
2023-01-31 14:30:00-05:00,24.280000686645508,24.289899826049805,24.280000686645508,24.289899826049805,1868,0.0,0.0
2023-01-31 15:30:00-05:00,24.200000762939453,24.289899826049805,24.0,24.0,3517,0.0,0.0
2023-02-01 09:30:00-05:00,24.0,24.0,23.90999984741211,23.940000534057617,1221,0.0,0.0
2023-02-01 10:30:00-05:00,23.920000076293945,24.0,23.900100708007812,24.0,1103,0.0,0.0
2023-02-01 11:30:00-05:00,24.170000076293945,24.190000534057617,24.0,24.0,5307,0.0,0.0
2023-02-01 12:30:00-05:00,24.199899673461914,24.199899673461914,24.0,24.0,1077,0.0,0.0
2023-02-01 13:30:00-05:00,24.049999237060547,24.049999237060547,24.049999237060547,24.049999237060547,200,0.0,0.0
2023-02-01 15:30:00-05:00,24.18000030517578,24.190000534057617,24.18000030517578,24.190000534057617,498,0.0,0.0
2023-02-02 10:30:00-05:00,24.060100555419922,24.060100555419922,24.060100555419922,24.060100555419922,0,0.0,0.0
2023-02-02 11:30:00-05:00,24.076400756835938,24.076400756835938,24.076400756835938,24.076400756835938,150,0.0,0.0
2023-02-02 12:30:00-05:00,24.1200008392334,24.1200008392334,24.1200008392334,24.1200008392334,414,0.0,0.0
2023-02-02 13:30:00-05:00,24.079999923706055,24.079999923706055,24.079999923706055,24.079999923706055,164,0.0,0.0
2023-02-02 14:30:00-05:00,24.1299991607666,24.18000030517578,24.079999923706055,24.079999923706055,1424,0.0,0.0
2023-02-02 15:30:00-05:00,24.060100555419922,24.099000930786133,24.059999465942383,24.059999465942383,0,0.0,0.0
2023-02-03 10:30:00-05:00,24.059999465942383,24.059999465942383,23.75,23.75,2484,0.0,0.0
2023-02-03 11:30:00-05:00,24.049999237060547,24.049999237060547,24.049999237060547,24.049999237060547,220,0.0,0.0
2023-02-03 13:30:00-05:00,24.09000015258789,24.28969955444336,24.09000015258789,24.270000457763672,2278,0.0,0.0
2023-02-03 15:30:00-05:00,24.079999923706055,24.209999084472656,24.079999923706055,24.209999084472656,200,0.0,0.0
2023-02-06 09:30:00-05:00,23.899999618530273,24.049999237060547,23.899999618530273,23.899999618530273,0,0.0,0.0
2023-02-06 10:30:00-05:00,24.020000457763672,24.200000762939453,24.0,24.030000686645508,5808,0.0,0.0
2023-02-06 11:30:00-05:00,24.030000686645508,24.066999435424805,23.750099182128906,24.01580047607422,6192,0.0,0.0
2023-02-06 12:30:00-05:00,24.022199630737305,24.049999237060547,23.979999542236328,24.0,5545,0.0,0.0
2023-02-06 13:30:00-05:00,24.199899673461914,24.199899673461914,23.989999771118164,24.179800033569336,6683,0.0,0.0
2023-02-06 15:30:00-05:00,24.06999969482422,24.06999969482422,23.979999542236328,23.979999542236328,1000,0.0,0.0
2023-02-07 09:30:00-05:00,23.760099411010742,23.760099411010742,23.760099411010742,23.760099411010742,0,0.0,0.0
2023-02-07 10:30:00-05:00,23.90999984741211,24.08370018005371,23.899999618530273,24.020000457763672,3899,0.0,0.0
2023-02-07 11:30:00-05:00,24.049999237060547,24.049999237060547,23.889999389648438,23.950000762939453,3583,0.0,0.0
2023-02-07 12:30:00-05:00,24.040000915527344,24.25,23.82979965209961,23.82979965209961,5055,0.0,0.0
2023-02-07 13:30:00-05:00,24.1200008392334,24.179399490356445,23.940000534057617,23.950000762939453,3162,0.0,0.0
2023-02-07 14:30:00-05:00,23.950000762939453,23.950000762939453,23.950000762939453,23.950000762939453,5478,0.0,0.0
2023-02-07 15:30:00-05:00,23.950000762939453,24.0,23.950000762939453,24.0,1810,0.0,0.0
2023-02-08 09:30:00-05:00,24.125,24.125,23.920000076293945,23.920000076293945,0,0.0,0.0
2023-02-08 10:30:00-05:00,24.0,24.0,24.0,24.0,100,0.0,0.0
2023-02-08 11:30:00-05:00,24.0,24.00320053100586,23.899999618530273,24.0,2005,0.0,0.0
2023-02-08 12:30:00-05:00,24.0,24.0,24.0,24.0,501,0.0,0.0
2023-02-08 13:30:00-05:00,24.0,24.0,23.96500015258789,23.96500015258789,1231,0.0,0.0
2023-02-08 14:30:00-05:00,23.899999618530273,24.049999237060547,23.899999618530273,23.899999618530273,1785,0.0,0.0
2023-02-08 15:30:00-05:00,24.290000915527344,24.290000915527344,24.0,24.290000915527344,2845,0.0,0.0
2023-02-09 09:30:00-05:00,23.94770050048828,24.280000686645508,23.94770050048828,24.280000686645508,0,0.0,0.0
2023-02-09 10:30:00-05:00,24.280000686645508,24.290000915527344,24.260000228881836,24.290000915527344,804,0.0,0.0
2023-02-09 11:30:00-05:00,24.1299991607666,24.290000915527344,24.1299991607666,24.290000915527344,734,0.0,0.0
2023-02-09 12:30:00-05:00,24.290000915527344,24.290000915527344,24.290000915527344,24.290000915527344,410,0.0,0.0
2023-02-09 13:30:00-05:00,24.200000762939453,24.280000686645508,24.1299991607666,24.270000457763672,550,0.0,0.0
2023-02-09 14:30:00-05:00,24.290000915527344,24.290000915527344,24.290000915527344,24.290000915527344,463,0.0,0.0
2023-02-10 10:30:00-05:00,24.0,24.0,23.81800079345703,24.0,467,0.0,0.0
2023-02-10 11:30:00-05:00,24.0,24.239999771118164,24.0,24.0,1049,0.0,0.0
2023-02-10 12:30:00-05:00,24.270000457763672,24.285499572753906,24.0,24.0,672,0.0,0.0
2023-02-10 14:30:00-05:00,24.280000686645508,24.280000686645508,23.940000534057617,24.020000457763672,1771,0.0,0.0
2023-02-10 15:30:00-05:00,24.06999969482422,24.239999771118164,23.860000610351562,24.239999771118164,1149,0.0,0.0
2023-02-13 09:30:00-05:00,23.850000381469727,24.06999969482422,23.84000015258789,24.06999969482422,0,0.0,0.0
2023-02-13 10:30:00-05:00,23.899999618530273,24.09000015258789,23.889999389648438,24.059999465942383,3884,0.0,0.0
2023-02-13 11:30:00-05:00,24.059999465942383,24.059999465942383,23.899999618530273,24.040000915527344,1873,0.0,0.0
2023-02-13 12:30:00-05:00,23.8799991607666,24.040000915527344,23.8799991607666,23.899999618530273,1016,0.0,0.0
2023-02-13 13:30:00-05:00,23.899999618530273,24.040000915527344,23.889999389648438,24.040000915527344,2536,0.0,0.0
2023-02-14 09:30:00-05:00,23.969999313354492,24.0,23.969999313354492,24.0,0,0.0,0.0
2023-02-14 10:30:00-05:00,24.010000228881836,24.049999237060547,24.010000228881836,24.049999237060547,1342,0.0,0.0
2023-02-14 11:30:00-05:00,24.18000030517578,24.18000030517578,24.18000030517578,24.18000030517578,200,0.0,0.0
2023-02-14 12:30:00-05:00,24.190000534057617,24.239999771118164,24.190000534057617,24.200000762939453,10721,0.0,0.0
2023-02-14 13:30:00-05:00,24.15999984741211,24.15999984741211,23.790000915527344,24.0,4309,0.0,0.0
2023-02-14 14:30:00-05:00,24.0,24.0,24.0,24.0,1020,0.0,0.0
2023-02-14 15:30:00-05:00,23.9950008392334,23.9950008392334,23.9950008392334,23.9950008392334,751,0.0,0.0
2023-02-15 09:30:00-05:00,23.940000534057617,23.950000762939453,23.940000534057617,23.950000762939453,0,0.0,0.0
2023-02-15 11:30:00-05:00,23.979999542236328,24.0,23.979999542236328,24.0,623,0.0,0.0
2023-02-15 12:30:00-05:00,24.049999237060547,24.200000762939453,23.799999237060547,24.200000762939453,611,0.0,0.0
2023-02-15 13:30:00-05:00,24.170000076293945,24.170000076293945,24.100000381469727,24.100000381469727,567,0.0,0.0
2023-02-15 14:30:00-05:00,23.799999237060547,23.799999237060547,23.799999237060547,23.799999237060547,243,0.0,0.0
2023-02-16 09:30:00-05:00,24.09000015258789,24.09000015258789,24.09000015258789,24.09000015258789,0,0.0,0.0
2023-02-16 10:30:00-05:00,24.139999389648438,24.139999389648438,24.139999389648438,24.139999389648438,190,0.0,0.0
2023-02-16 12:30:00-05:00,24.15999984741211,24.160200119018555,24.15999984741211,24.160200119018555,336,0.0,0.0
2023-02-16 13:30:00-05:00,24.149999618530273,24.149999618530273,24.149900436401367,24.149900436401367,900,0.0,0.0
2023-02-16 14:30:00-05:00,24.100000381469727,24.100000381469727,24.100000381469727,24.100000381469727,130,0.0,0.0
2023-02-16 15:30:00-05:00,24.100000381469727,24.100000381469727,24.100000381469727,24.100000381469727,505,0.0,0.0
2023-02-17 11:30:00-05:00,24.15999984741211,24.15999984741211,24.15999984741211,24.15999984741211,0,0.0,0.0
2023-02-17 12:30:00-05:00,24.15999984741211,24.15999984741211,24.020000457763672,24.020000457763672,681,0.0,0.0
2023-02-17 14:30:00-05:00,24.05500030517578,24.05500030517578,24.010000228881836,24.010000228881836,400,0.0,0.0
2023-02-17 15:30:00-05:00,24.010000228881836,24.05500030517578,24.010000228881836,24.05500030517578,400,0.0,0.0
2023-02-21 09:30:00-05:00,24.100000381469727,24.100000381469727,24.079999923706055,24.079999923706055,0,0.0,0.0
2023-02-21 13:30:00-05:00,24.010099411010742,24.020000457763672,24.0,24.0,7486,0.0,0.0
2023-02-21 14:30:00-05:00,23.750099182128906,23.750099182128906,23.750099182128906,23.750099182128906,1391,0.0,0.0
2023-02-21 15:30:00-05:00,23.809999465942383,23.809999465942383,23.809999465942383,23.809999465942383,100,0.0,0.0
2023-02-22 09:30:00-05:00,23.84000015258789,23.84000015258789,23.84000015258789,23.84000015258789,0,0.0,0.0
2023-02-22 13:30:00-05:00,23.850000381469727,23.850000381469727,23.75,23.75,909,0.0,0.0
2023-02-22 14:30:00-05:00,23.899999618530273,23.899999618530273,23.8799991607666,23.8799991607666,442,0.0,0.0
2023-02-22 15:30:00-05:00,23.889999389648438,23.899999618530273,23.889999389648438,23.899999618530273,0,0.0,0.0
2023-02-23 14:30:00-05:00,23.924999237060547,23.924999237060547,23.924999237060547,23.924999237060547,438,0.0,0.0
2023-02-24 10:30:00-05:00,23.834999084472656,23.834999084472656,23.834999084472656,23.834999084472656,862,0.0,0.0
2023-02-24 11:30:00-05:00,23.93600082397461,23.93600082397461,23.93600082397461,23.93600082397461,1082,0.0,0.0
2023-02-24 13:30:00-05:00,23.860000610351562,23.920000076293945,23.84000015258789,23.920000076293945,1750,0.0,0.0
2023-02-24 14:30:00-05:00,23.920000076293945,24.09000015258789,23.8700008392334,24.09000015258789,1195,0.0,0.0
2023-02-24 15:30:00-05:00,24.100000381469727,24.100000381469727,24.010000228881836,24.010000228881836,430,0.0,0.0
2023-02-27 09:30:00-05:00,24.010000228881836,24.020000457763672,24.010000228881836,24.020000457763672,0,0.0,0.0
2023-02-27 10:30:00-05:00,24.010000228881836,24.020000457763672,24.010000228881836,24.020000457763672,1632,0.0,0.0
2023-02-27 12:30:00-05:00,24.170000076293945,24.189899444580078,24.170000076293945,24.189899444580078,720,0.0,0.0
2023-02-27 14:30:00-05:00,24.219999313354492,24.219999313354492,24.192800521850586,24.192800521850586,1084,0.0,0.0
2023-02-27 15:30:00-05:00,24.18199920654297,24.239999771118164,24.010000228881836,24.110000610351562,3095,0.0,0.0
2023-02-28 10:30:00-05:00,24.19499969482422,24.440000534057617,24.19499969482422,24.440000534057617,1584,0.0,0.0
2023-02-28 11:30:00-05:00,24.25,24.25,24.25,24.25,129,0.0,0.0
2023-02-28 12:30:00-05:00,24.25,24.25,24.25,24.25,462,0.0,0.0
2023-02-28 13:30:00-05:00,24.25,24.389999389648438,24.06999969482422,24.06999969482422,1160,0.0,0.0
2023-02-28 14:30:00-05:00,24.360000610351562,24.360000610351562,24.360000610351562,24.360000610351562,100,0.0,0.0
2023-03-01 09:30:00-05:00,24.389400482177734,24.389400482177734,24.389400482177734,24.389400482177734,0,0.0,0.0
2023-03-01 12:30:00-05:00,24.389999389648438,24.399999618530273,24.389999389648438,24.399999618530273,631,0.0,0.0
2023-03-01 13:30:00-05:00,24.329999923706055,24.329999923706055,24.329999923706055,24.329999923706055,414,0.0,0.0
2023-03-01 14:30:00-05:00,24.329999923706055,24.329999923706055,24.329999923706055,24.329999923706055,1377,0.0,0.0
2023-03-01 15:30:00-05:00,24.329999923706055,24.329999923706055,24.329999923706055,24.329999923706055,408,0.0,0.0
2023-03-02 09:30:00-05:00,24.68000030517578,24.68000030517578,24.350000381469727,24.350000381469727,0,0.0,0.0
2023-03-02 13:30:00-05:00,24.209999084472656,24.209999084472656,24.209999084472656,24.209999084472656,321,0.0,0.0
2023-03-02 14:30:00-05:00,24.240299224853516,24.274999618530273,24.240299224853516,24.274999618530273,200,0.0,0.0
2023-03-02 15:30:00-05:00,24.31999969482422,24.5049991607666,24.284000396728516,24.5049991607666,0,0.0,0.0
2023-03-03 10:30:00-05:00,24.25,24.25,23.81999969482422,23.81999969482422,2196,0.0,0.0
2023-03-03 11:30:00-05:00,24.170000076293945,24.65999984741211,24.170000076293945,24.65999984741211,1389,0.0,0.0
2023-03-03 14:30:00-05:00,24.65999984741211,24.65999984741211,24.02199935913086,24.02199935913086,10688,0.0,0.0
2023-03-06 11:30:00-05:00,23.979999542236328,24.043100357055664,23.860000610351562,24.043100357055664,480,0.0,0.0
2023-03-06 12:30:00-05:00,24.049999237060547,24.049999237060547,24.049999237060547,24.049999237060547,146,0.0,0.0
2023-03-06 13:30:00-05:00,24.049999237060547,24.100000381469727,24.049999237060547,24.09000015258789,1642,0.0,0.0
2023-03-06 14:30:00-05:00,23.850000381469727,24.100000381469727,23.710100173950195,24.09000015258789,7259,0.0,0.0
2023-03-06 15:30:00-05:00,24.0,24.440000534057617,23.600000381469727,24.440000534057617,4184,0.0,0.0
2023-03-07 09:30:00-05:00,24.200000762939453,24.20009994506836,24.084999084472656,24.084999084472656,0,0.0,0.0
2023-03-07 10:30:00-05:00,24.100000381469727,24.200000762939453,24.100000381469727,24.190000534057617,1793,0.0,0.0
2023-03-07 12:30:00-05:00,24.149999618530273,24.34000015258789,24.149999618530273,24.34000015258789,1200,0.0,0.0
2023-03-07 13:30:00-05:00,24.100000381469727,24.309999465942383,24.100000381469727,24.209999084472656,11420,0.0,0.0
2023-03-07 14:30:00-05:00,24.209999084472656,24.309999465942383,24.100000381469727,24.190000534057617,8542,0.0,0.0
2023-03-07 15:30:00-05:00,24.149999618530273,24.299999237060547,24.100000381469727,24.100000381469727,8216,0.0,0.0
2023-03-08 09:30:00-05:00,23.50819969177246,23.90999984741211,23.50819969177246,23.90999984741211,0,0.0,0.0
2023-03-08 10:30:00-05:00,24.110000610351562,24.110000610351562,23.975000381469727,24.049999237060547,2234,0.0,0.0
2023-03-08 12:30:00-05:00,23.975000381469727,23.975000381469727,23.975000381469727,23.975000381469727,628,0.0,0.0
2023-03-09 09:30:00-05:00,23.98740005493164,23.98740005493164,23.98740005493164,23.98740005493164,0,0.0,0.0
2023-03-09 10:30:00-05:00,23.559999465942383,23.559999465942383,23.559999465942383,23.559999465942383,200,0.0,0.0
2023-03-09 11:30:00-05:00,23.649999618530273,23.670000076293945,23.639999389648438,23.639999389648438,858,0.0,0.0
2023-03-09 12:30:00-05:00,23.6299991607666,23.690000534057617,23.6299991607666,23.690000534057617,520,0.0,0.0
2023-03-09 13:30:00-05:00,23.6299991607666,23.6299991607666,23.6299991607666,23.6299991607666,437,0.0,0.0
2023-03-09 14:30:00-05:00,23.34000015258789,23.34000015258789,23.290000915527344,23.290000915527344,1319,0.0,0.0
2023-03-09 15:30:00-05:00,23.079999923706055,23.079999923706055,22.75,22.75,776,0.0,0.0
2023-03-10 09:30:00-05:00,23.110000610351562,23.110000610351562,22.770000457763672,22.770000457763672,0,0.0,0.0
2023-03-10 12:30:00-05:00,23.106599807739258,23.106599807739258,22.729999542236328,22.729999542236328,2568,0.0,0.0
2023-03-10 13:30:00-05:00,22.854999542236328,22.854999542236328,22.729999542236328,22.729999542236328,367,0.0,0.0
2023-03-10 15:30:00-05:00,22.540000915527344,22.540000915527344,22.540000915527344,22.540000915527344,121,0.0,0.0
2023-03-13 09:30:00-04:00,22.530000686645508,23.109899520874023,22.530000686645508,22.530000686645508,3241,0.0,0.0
2023-03-13 11:30:00-04:00,22.739999771118164,22.739999771118164,22.530000686645508,22.530000686645508,879,0.0,0.0
2023-03-13 12:30:00-04:00,22.530000686645508,22.530000686645508,22.530000686645508,22.530000686645508,816,0.0,0.0
2023-03-13 14:30:00-04:00,21.700000762939453,22.100000381469727,21.54319953918457,21.700000762939453,1284,0.0,0.0
2023-03-13 15:30:00-04:00,21.40519905090332,21.40519905090332,21.40519905090332,21.40519905090332,438,0.0,0.0
2023-03-14 09:30:00-04:00,21.8523006439209,22.489999771118164,21.8523006439209,22.489999771118164,0,0.0,0.0
2023-03-14 11:30:00-04:00,22.383499145507812,22.383499145507812,22.383499145507812,22.383499145507812,200,0.0,0.0
2023-03-14 12:30:00-04:00,22.450000762939453,22.450000762939453,22.450000762939453,22.450000762939453,129,0.0,0.0
2023-03-14 13:30:00-04:00,22.450000762939453,22.450000762939453,22.450000762939453,22.450000762939453,100,0.0,0.0
2023-03-14 15:30:00-04:00,22.184999465942383,22.329999923706055,21.999500274658203,22.09000015258789,1712,0.0,0.0
2023-03-15 09:30:00-04:00,21.780000686645508,21.780000686645508,21.780000686645508,21.780000686645508,0,0.0,0.0
2023-03-15 11:30:00-04:00,21.800100326538086,21.800100326538086,21.799999237060547,21.799999237060547,1078,0.0,0.0
2023-03-15 13:30:00-04:00,21.790000915527344,21.790000915527344,21.790000915527344,21.790000915527344,0,0.0,0.0
2023-03-16 11:30:00-04:00,21.795000076293945,21.795000076293945,21.795000076293945,21.795000076293945,415,0.0,0.0
2023-03-16 12:30:00-04:00,21.790000915527344,22.18000030517578,21.790000915527344,22.18000030517578,929,0.0,0.0
2023-03-16 13:30:00-04:00,22.399999618530273,22.399999618530273,22.399999618530273,22.399999618530273,194,0.0,0.0
2023-03-16 14:30:00-04:00,22.399999618530273,22.450000762939453,22.399999618530273,22.450000762939453,449,0.0,0.0
2023-03-16 15:30:00-04:00,22.450000762939453,22.5,22.450000762939453,22.5,649,0.0,0.0
2023-03-17 10:30:00-04:00,21.270000457763672,22.5,21.270000457763672,21.31999969482422,2335,0.0,0.0
2023-03-17 11:30:00-04:00,22.350000381469727,22.450000762939453,21.985000610351562,21.985000610351562,744,0.0,0.0
2023-03-17 12:30:00-04:00,21.5,21.6299991607666,21.28499984741211,21.59000015258789,7830,0.0,0.0
2023-03-17 14:30:00-04:00,21.3700008392334,21.3700008392334,21.3700008392334,21.3700008392334,143,0.0,0.0
2023-03-17 15:30:00-04:00,21.659900665283203,21.65999984741211,21.43000030517578,21.43000030517578,4180,0.0,0.0
2023-03-21 09:30:00-04:00,21.6200008392334,22.149999618530273,21.6200008392334,22.149999618530273,0,0.0,0.0
2023-03-21 10:30:00-04:00,22.479999542236328,22.489999771118164,21.825000762939453,21.825000762939453,2775,0.0,0.0
2023-03-21 12:30:00-04:00,21.969999313354492,21.969999313354492,21.969999313354492,21.969999313354492,100,0.0,0.0
2023-03-21 13:30:00-04:00,21.959199905395508,22.0,21.93000030517578,22.0,2755,0.0,0.0
2023-03-21 14:30:00-04:00,22.0,22.0,22.0,22.0,338,0.0,0.0
2023-03-21 15:30:00-04:00,21.899999618530273,22.061500549316406,21.829999923706055,22.061500549316406,5396,0.0,0.0
2023-03-22 10:30:00-04:00,22.399999618530273,22.75,22.399999618530273,22.75,0,0.0,0.0
2023-03-22 11:30:00-04:00,22.0,22.0,22.0,22.0,231,0.0,0.0
2023-03-22 13:30:00-04:00,22.739999771118164,22.739999771118164,22.739999771118164,22.739999771118164,224,0.0,0.0
2023-03-22 14:30:00-04:00,22.739999771118164,22.75,22.010099411010742,22.75,2953,0.0,0.0
2023-03-22 15:30:00-04:00,22.709999084472656,22.709999084472656,22.709999084472656,22.709999084472656,0,0.0,0.0
2023-03-23 14:30:00-04:00,22.059999465942383,22.059999465942383,22.059999465942383,22.059999465942383,968,0.0,0.0
2023-03-24 10:30:00-04:00,22.049999237060547,22.049999237060547,22.010000228881836,22.010000228881836,1905,0.0,0.0
2023-03-24 11:30:00-04:00,21.549999237060547,21.559999465942383,20.614999771118164,21.249900817871094,4683,0.0,0.0
2023-03-24 12:30:00-04:00,21.25,21.25,21.204999923706055,21.204999923706055,4711,0.0,0.0
2023-03-24 13:30:00-04:00,21.204999923706055,21.25,21.204999923706055,21.25,5214,0.0,0.0
2023-03-24 14:30:00-04:00,21.25,21.25,21.229999542236328,21.24920082092285,2756,0.0,0.0
2023-03-24 15:30:00-04:00,21.25,21.350000381469727,20.979999542236328,21.350000381469727,8650,0.0,0.0
2023-03-27 09:30:00-04:00,21.309999465942383,21.674299240112305,21.309999465942383,21.674299240112305,0,0.0,0.0
2023-03-27 13:30:00-04:00,22.790000915527344,22.790000915527344,22.790000915527344,22.790000915527344,440,0.0,0.0
2023-03-27 14:30:00-04:00,21.559999465942383,21.600000381469727,21.510000228881836,21.600000381469727,747,0.0,0.0
2023-03-27 15:30:00-04:00,22.329999923706055,22.329999923706055,22.329999923706055,22.329999923706055,243,0.0,0.0
2023-03-28 09:30:00-04:00,21.65999984741211,21.65999984741211,21.360000610351562,21.36009979248047,3611,0.0,0.0
2023-03-28 10:30:00-04:00,21.600000381469727,21.774999618530273,21.600000381469727,21.600000381469727,3011,0.0,0.0
2023-03-28 11:30:00-04:00,21.699899673461914,21.709999084472656,21.599899291992188,21.709999084472656,4648,0.0,0.0
2023-03-28 12:30:00-04:00,21.71500015258789,21.71500015258789,21.690000534057617,21.690000534057617,678,0.0,0.0
2023-03-28 13:30:00-04:00,21.700000762939453,21.75,21.699899673461914,21.749900817871094,1184,0.0,0.0
2023-03-28 14:30:00-04:00,21.75,21.75,21.75,21.75,625,0.0,0.0
2023-03-28 15:30:00-04:00,21.75,21.75,21.75,21.75,1173,0.0,0.0
2023-03-29 09:30:00-04:00,21.649999618530273,21.649999618530273,21.649999618530273,21.649999618530273,0,0.0,0.0
2023-03-29 10:30:00-04:00,22.40999984741211,22.734399795532227,22.40999984741211,22.734399795532227,411,0.0,0.0
2023-03-29 11:30:00-04:00,22.729999542236328,22.729999542236328,22.729999542236328,22.729999542236328,100,0.0,0.0
2023-03-29 12:30:00-04:00,22.770000457763672,22.799999237060547,22.770000457763672,22.799999237060547,583,0.0,0.0
2023-03-29 13:30:00-04:00,22.43000030517578,22.43000030517578,22.389999389648438,22.389999389648438,672,0.0,0.0
2023-03-29 15:30:00-04:00,22.780000686645508,22.780000686645508,22.780000686645508,22.780000686645508,270,0.0,0.0
2023-03-30 14:30:00-04:00,22.639400482177734,22.639400482177734,22.639400482177734,22.639400482177734,0,0.0,0.0
2023-03-30 15:30:00-04:00,22.780000686645508,22.780000686645508,22.780000686645508,22.780000686645508,606,0.0,0.0
2023-03-31 09:30:00-04:00,22.5,22.75,22.5,22.75,0,0.0,0.0
2023-03-31 10:30:00-04:00,22.764999389648438,22.764999389648438,22.764999389648438,22.764999389648438,345,0.0,0.0
2023-03-31 11:30:00-04:00,22.75,22.799999237060547,22.610000610351562,22.709999084472656,1796,0.0,0.0
2023-03-31 12:30:00-04:00,22.709999084472656,22.799999237060547,22.709999084472656,22.799999237060547,1564,0.0,0.0
2023-03-31 14:30:00-04:00,22.627500534057617,23.0,22.627500534057617,23.0,1579,0.0,0.0
2023-03-31 15:30:00-04:00,22.75,23.610000610351562,22.75,23.610000610351562,3452,0.0,0.0
2023-04-03 09:30:00-04:00,23.719999313354492,23.719999313354492,23.235000610351562,23.235000610351562,1124,0.0,0.0
2023-04-03 11:30:00-04:00,23.030000686645508,23.030000686645508,23.030000686645508,23.030000686645508,102,0.0,0.0
2023-04-03 12:30:00-04:00,22.43000030517578,23.239999771118164,22.43000030517578,23.049999237060547,1825,0.0,0.0
2023-04-03 13:30:00-04:00,22.924800872802734,23.049999237060547,22.719999313354492,23.02440071105957,5349,0.0,0.0
2023-04-03 14:30:00-04:00,23.0,23.010000228881836,22.940000534057617,23.010000228881836,0,0.0,0.0
2023-04-04 15:30:00-04:00,23.709999084472656,23.709999084472656,23.709999084472656,23.709999084472656,199,0.0,0.0
2023-04-05 12:30:00-04:00,22.779399871826172,22.779399871826172,22.779399871826172,22.779399871826172,222,0.0,0.0
2023-04-05 13:30:00-04:00,23.670000076293945,23.670000076293945,23.670000076293945,23.670000076293945,133,0.0,0.0
2023-04-05 14:30:00-04:00,23.06999969482422,23.239999771118164,23.0,23.06999969482422,1154,0.0,0.0
2023-04-06 09:30:00-04:00,22.850000381469727,23.030000686645508,22.850000381469727,22.860000610351562,0,0.0,0.0
2023-04-06 11:30:00-04:00,23.290000915527344,23.290000915527344,23.290000915527344,23.290000915527344,437,0.0,0.0
2023-04-06 12:30:00-04:00,22.889999389648438,22.889999389648438,22.889999389648438,22.889999389648438,422,0.0,0.0
2023-04-06 13:30:00-04:00,23.43000030517578,23.479999542236328,22.889999389648438,22.889999389648438,1233,0.0,0.0
2023-04-06 14:30:00-04:00,22.989999771118164,23.0,22.989999771118164,23.0,656,0.0,0.0
2023-04-10 09:30:00-04:00,23.613399505615234,23.613399505615234,22.979999542236328,22.979999542236328,0,0.0,0.0
2023-04-10 11:30:00-04:00,23.239999771118164,23.239999771118164,23.040000915527344,23.090200424194336,4203,0.0,0.0
2023-04-10 12:30:00-04:00,23.139999389648438,23.139999389648438,23.139999389648438,23.139999389648438,101,0.0,0.0
2023-04-10 14:30:00-04:00,23.09000015258789,23.139999389648438,23.030000686645508,23.139999389648438,1045,0.0,0.0
2023-04-10 15:30:00-04:00,23.139999389648438,23.139999389648438,23.139999389648438,23.139999389648438,0,0.0,0.0
2023-04-11 09:30:00-04:00,23.100000381469727,23.100000381469727,22.770000457763672,22.770000457763672,1137,0.0,0.0
2023-04-11 11:30:00-04:00,23.049999237060547,23.100000381469727,22.920000076293945,23.100000381469727,909,0.0,0.0
2023-04-11 12:30:00-04:00,23.049999237060547,23.049999237060547,23.049999237060547,23.049999237060547,268,0.0,0.0
2023-04-11 13:30:00-04:00,23.100000381469727,23.100000381469727,23.0,23.075000762939453,882,0.0,0.0
2023-04-11 14:30:00-04:00,23.06999969482422,23.075000762939453,23.06999969482422,23.075000762939453,579,0.0,0.0
2023-04-11 15:30:00-04:00,23.06999969482422,23.06999969482422,23.06999969482422,23.06999969482422,266,0.0,0.0
2023-04-12 09:30:00-04:00,23.000200271606445,23.003000259399414,23.0,23.003000259399414,0,0.0,0.0
2023-04-12 11:30:00-04:00,22.979999542236328,22.979999542236328,22.979999542236328,22.979999542236328,122,0.0,0.0
2023-04-12 12:30:00-04:00,23.0,23.0,23.0,23.0,478,0.0,0.0
2023-04-12 13:30:00-04:00,23.0,23.0,22.709999084472656,22.709999084472656,3617,0.0,0.0
2023-04-12 14:30:00-04:00,22.25,23.149999618530273,22.25,23.125,1262,0.0,0.0
2023-04-13 10:30:00-04:00,23.052799224853516,23.052799224853516,23.052799224853516,23.052799224853516,0,0.0,0.0
2023-04-13 12:30:00-04:00,22.5,22.5,22.5,22.5,510,0.0,0.0
2023-04-13 13:30:00-04:00,23.139999389648438,23.139999389648438,23.139999389648438,23.139999389648438,120,0.0,0.0
2023-04-14 10:30:00-04:00,22.640600204467773,22.649999618530273,22.640600204467773,22.649999618530273,194,0.0,0.0
2023-04-14 11:30:00-04:00,22.5,22.5,22.5,22.5,120,0.0,0.0
2023-04-14 12:30:00-04:00,22.746000289916992,22.746000289916992,22.746000289916992,22.746000289916992,2189,0.0,0.0
2023-04-14 14:30:00-04:00,22.799999237060547,22.799999237060547,22.799999237060547,22.799999237060547,405,0.0,0.0
2023-04-17 09:30:00-04:00,22.510000228881836,22.510000228881836,22.47439956665039,22.47439956665039,0,0.0,0.0
2023-04-17 10:30:00-04:00,22.499900817871094,22.649999618530273,22.300100326538086,22.649999618530273,1990,0.0,0.0
2023-04-17 14:30:00-04:00,22.700000762939453,22.989999771118164,22.400100708007812,22.989999771118164,900,0.0,0.0
2023-04-18 09:30:00-04:00,22.81999969482422,22.81999969482422,22.81999969482422,22.81999969482422,0,0.0,0.0
2023-04-18 14:30:00-04:00,22.303699493408203,22.790000915527344,22.303699493408203,22.5,1550,0.0,0.0
2023-04-18 15:30:00-04:00,22.53860092163086,22.75,22.5,22.75,785,0.0,0.0
2023-04-19 09:30:00-04:00,22.5,22.5,22.149999618530273,22.479999542236328,0,0.0,0.0
2023-04-19 10:30:00-04:00,22.480100631713867,22.480100631713867,22.480100631713867,22.480100631713867,450,0.0,0.0
2023-04-19 11:30:00-04:00,22.540000915527344,22.540000915527344,22.540000915527344,22.540000915527344,602,0.0,0.0
2023-04-19 12:30:00-04:00,22.520000457763672,22.520000457763672,22.520000457763672,22.520000457763672,250,0.0,0.0
2023-04-19 14:30:00-04:00,22.579999923706055,22.579999923706055,22.579999923706055,22.579999923706055,269,0.0,0.0
2023-04-19 15:30:00-04:00,22.579999923706055,22.760000228881836,22.579999923706055,22.760000228881836,881,0.0,0.0
2023-04-20 09:30:00-04:00,22.450000762939453,22.670000076293945,22.450000762939453,22.670000076293945,0,0.0,0.0
2023-04-20 12:30:00-04:00,22.450199127197266,22.450199127197266,22.450199127197266,22.450199127197266,797,0.0,0.0
2023-04-20 13:30:00-04:00,22.670000076293945,22.670000076293945,22.670000076293945,22.670000076293945,135,0.0,0.0
2023-04-20 14:30:00-04:00,22.450000762939453,22.670000076293945,22.450000762939453,22.670000076293945,733,0.0,0.0
2023-04-20 15:30:00-04:00,22.719999313354492,22.719999313354492,22.719999313354492,22.719999313354492,105,0.0,0.0
2023-04-21 11:30:00-04:00,22.600000381469727,22.600000381469727,22.5,22.5,0,0.0,0.0
2023-04-21 12:30:00-04:00,22.559999465942383,22.559999465942383,22.31999969482422,22.31999969482422,1147,0.0,0.0
2023-04-21 14:30:00-04:00,22.299999237060547,22.350000381469727,22.299999237060547,22.350000381469727,755,0.0,0.0
2023-04-21 15:30:00-04:00,22.3799991607666,22.38599967956543,22.3799991607666,22.3799991607666,238,0.0,0.0
2023-04-24 10:30:00-04:00,22.09000015258789,22.09000015258789,22.09000015258789,22.09000015258789,0,0.0,0.0
2023-04-24 11:30:00-04:00,22.634300231933594,22.634300231933594,22.634300231933594,22.634300231933594,0,0.0,0.0
2023-04-25 09:30:00-04:00,22.610000610351562,22.610000610351562,22.610000610351562,22.610000610351562,147,0.0,0.0
2023-04-25 10:30:00-04:00,22.421300888061523,22.421300888061523,22.421300888061523,22.421300888061523,0,0.0,0.0
2023-04-26 09:30:00-04:00,22.260000228881836,22.260000228881836,22.25,22.25,300,0.0,0.0
2023-04-26 10:30:00-04:00,22.249900817871094,22.25,22.100000381469727,22.25,0,0.0,0.0
2023-04-26 13:30:00-04:00,22.250099182128906,22.250099182128906,22.25,22.250099182128906,143,0.0,0.0
2023-04-27 11:30:00-04:00,22.5,22.5,22.247100830078125,22.247100830078125,2869,0.0,0.0
2023-04-27 12:30:00-04:00,22.3799991607666,22.480100631713867,22.3799991607666,22.3799991607666,1200,0.0,0.0
2023-04-27 13:30:00-04:00,22.260000228881836,22.274900436401367,22.260000228881836,22.274900436401367,0,0.0,0.0
2023-04-28 09:30:00-04:00,22.6299991607666,22.6299991607666,22.6299991607666,22.6299991607666,555,0.0,0.0
2023-04-28 11:30:00-04:00,22.5,22.5,22.5,22.5,823,0.0,0.0
2023-04-28 13:30:00-04:00,22.350000381469727,22.499900817871094,22.0,22.499900817871094,6990,0.0,0.0
2023-04-28 14:30:00-04:00,22.5,22.5,22.5,22.5,195,0.0,0.0
2023-04-28 15:30:00-04:00,22.5,22.530000686645508,22.5,22.530000686645508,635,0.0,0.0
2023-05-01 09:30:00-04:00,23.0,23.0,23.0,23.0,0,0.0,0.0
2023-05-01 10:30:00-04:00,23.04990005493164,23.04990005493164,22.510000228881836,22.510000228881836,600,0.0,0.0
2023-05-01 11:30:00-04:00,22.780000686645508,22.780000686645508,22.780000686645508,22.780000686645508,232,0.0,0.0
2023-05-01 12:30:00-04:00,23.049999237060547,23.049999237060547,23.010700225830078,23.04990005493164,550,0.0,0.0
2023-05-01 13:30:00-04:00,22.709999084472656,22.709999084472656,22.709999084472656,22.709999084472656,350,0.0,0.0
2023-05-01 14:30:00-04:00,23.010000228881836,23.02899932861328,23.010000228881836,23.02899932861328,0,0.0,0.0
2023-05-02 15:30:00-04:00,22.799999237060547,22.799999237060547,22.799999237060547,22.799999237060547,0,0.0,0.0
2023-05-04 09:30:00-04:00,22.260000228881836,22.260000228881836,22.219999313354492,22.219999313354492,264,0.0,0.0
2023-05-04 10:30:00-04:00,22.239999771118164,22.239999771118164,22.200000762939453,22.200000762939453,672,0.0,0.0
2023-05-04 13:30:00-04:00,22.260000228881836,22.260000228881836,22.200000762939453,22.209999084472656,1899,0.0,0.0
2023-05-04 14:30:00-04:00,22.209999084472656,22.209999084472656,22.209999084472656,22.209999084472656,1263,0.0,0.0
2023-05-04 15:30:00-04:00,22.209999084472656,22.209999084472656,22.209999084472656,22.209999084472656,165,0.0,0.0
2023-05-05 10:30:00-04:00,22.300100326538086,22.300100326538086,22.300100326538086,22.300100326538086,0,0.0,0.0
2023-05-05 12:30:00-04:00,22.356300354003906,22.356300354003906,22.356300354003906,22.356300354003906,472,0.0,0.0
2023-05-05 13:30:00-04:00,22.600000381469727,22.600000381469727,22.299999237060547,22.299999237060547,2006,0.0,0.0
2023-05-05 14:30:00-04:00,22.670000076293945,22.670000076293945,22.670000076293945,22.670000076293945,253,0.0,0.0
2023-05-05 15:30:00-04:00,22.575199127197266,22.670000076293945,22.575199127197266,22.670000076293945,0,0.0,0.0
2023-05-08 09:30:00-04:00,22.649999618530273,22.649999618530273,22.649999618530273,22.649999618530273,0,0.0,0.0
2023-05-08 11:30:00-04:00,22.469999313354492,22.469999313354492,22.209999084472656,22.210100173950195,4102,0.0,0.0
2023-05-08 14:30:00-04:00,22.260000228881836,22.450000762939453,22.209999084472656,22.360700607299805,0,0.0,0.0
2023-05-08 15:30:00-04:00,22.450000762939453,22.450000762939453,22.450000762939453,22.450000762939453,16762,0.0,0.0
2023-05-09 09:30:00-04:00,22.25,22.25,22.25,22.25,0,0.0,0.0
2023-05-09 11:30:00-04:00,22.354999542236328,22.5,22.354999542236328,22.479999542236328,0,0.0,0.0
2023-05-09 14:30:00-04:00,22.350000381469727,22.350000381469727,22.350000381469727,22.350000381469727,1295,0.0,0.0
2023-05-09 15:30:00-04:00,22.450000762939453,22.450000762939453,22.350000381469727,22.350000381469727,986,0.0,0.0
2023-05-10 09:30:00-04:00,22.399999618530273,22.399999618530273,22.399999618530273,22.399999618530273,0,0.0,0.0
2023-05-10 11:30:00-04:00,22.545000076293945,22.545000076293945,22.545000076293945,22.545000076293945,0,0.0,0.0
2023-05-10 13:30:00-04:00,22.450000762939453,22.450000762939453,22.450000762939453,22.450000762939453,922,0.0,0.0
2023-05-10 14:30:00-04:00,22.450000762939453,22.450000762939453,22.450000762939453,22.450000762939453,231,0.0,0.0
2023-05-11 09:30:00-04:00,22.520000457763672,22.520000457763672,22.519899368286133,22.519899368286133,321,0.0,0.0
2023-05-11 10:30:00-04:00,22.400100708007812,22.400100708007812,22.399999618530273,22.399999618530273,406,0.0,0.0
2023-05-11 12:30:00-04:00,22.450000762939453,22.499900817871094,22.450000762939453,22.499900817871094,473,0.0,0.0
2023-05-11 13:30:00-04:00,22.472000122070312,22.520000457763672,22.472000122070312,22.519899368286133,1901,0.0,0.0
2023-05-11 15:30:00-04:00,22.399999618530273,22.40999984741211,22.399999618530273,22.399999618530273,553,0.0,0.0
2023-05-12 09:30:00-04:00,22.399999618530273,22.400100708007812,22.350000381469727,22.350099563598633,0,0.0,0.0
2023-05-12 12:30:00-04:00,22.485000610351562,22.519899368286133,22.485000610351562,22.519899368286133,770,0.0,0.0
2023-05-12 13:30:00-04:00,22.450000762939453,22.450000762939453,22.360000610351562,22.360000610351562,1187,0.0,0.0
2023-05-12 14:30:00-04:00,22.405000686645508,22.450000762939453,22.405000686645508,22.450000762939453,2375,0.0,0.0
2023-05-15 09:30:00-04:00,22.489999771118164,22.509899139404297,22.489999771118164,22.509899139404297,0,0.0,0.0
2023-05-15 10:30:00-04:00,22.399999618530273,22.399999618530273,22.399999618530273,22.399999618530273,100,0.0,0.0
2023-05-15 11:30:00-04:00,22.399999618530273,22.399999618530273,22.350000381469727,22.350000381469727,1234,0.0,0.0
2023-05-15 12:30:00-04:00,22.350000381469727,22.43000030517578,22.350000381469727,22.350000381469727,1387,0.0,0.0
2023-05-15 13:30:00-04:00,22.350000381469727,22.399999618530273,22.350000381469727,22.360000610351562,1261,0.0,0.0
2023-05-15 14:30:00-04:00,22.43000030517578,22.43000030517578,22.25,22.25,4402,0.0,0.0
2023-05-15 15:30:00-04:00,22.25,22.25,22.149999618530273,22.15999984741211,4067,0.0,0.0
2023-05-16 09:30:00-04:00,22.190000534057617,22.190000534057617,22.190000534057617,22.190000534057617,0,0.0,0.0
2023-05-16 10:30:00-04:00,22.188100814819336,22.229999542236328,22.0,22.0,8034,0.0,0.0
2023-05-16 11:30:00-04:00,22.299999237060547,22.299999237060547,22.299999237060547,22.299999237060547,226,0.0,0.0
2023-05-16 12:30:00-04:00,22.450000762939453,22.450000762939453,22.399999618530273,22.399999618530273,431,0.0,0.0
2023-05-16 13:30:00-04:00,22.350000381469727,22.389999389648438,22.25,22.25,2411,0.0,0.0
2023-05-16 14:30:00-04:00,22.264999389648438,22.264999389648438,22.264999389648438,22.264999389648438,164,0.0,0.0
2023-05-16 15:30:00-04:00,22.100000381469727,22.260000228881836,22.100000381469727,22.25,758,0.0,0.0
2023-05-17 09:30:00-04:00,22.440000534057617,22.440000534057617,22.440000534057617,22.440000534057617,0,0.0,0.0
2023-05-17 10:30:00-04:00,22.450000762939453,22.489999771118164,22.399999618530273,22.399999618530273,944,0.0,0.0
2023-05-17 11:30:00-04:00,22.260000228881836,22.509899139404297,22.0,22.239999771118164,5713,0.0,0.0
2023-05-17 12:30:00-04:00,22.010000228881836,22.100000381469727,21.969999313354492,21.969999313354492,6085,0.0,0.0
2023-05-17 13:30:00-04:00,22.0,22.000099182128906,21.68000030517578,21.68000030517578,14589,0.0,0.0
2023-05-17 14:30:00-04:00,21.799999237060547,21.799999237060547,21.600000381469727,21.649999618530273,11855,0.0,0.0
2023-05-17 15:30:00-04:00,21.94569969177246,22.0,21.600000381469727,21.600000381469727,4910,0.0,0.0
2023-05-18 10:30:00-04:00,21.70009994506836,21.70009994506836,21.70009994506836,21.70009994506836,0,0.0,0.0
2023-05-18 11:30:00-04:00,21.96769905090332,21.96769905090332,21.709999084472656,21.809999465942383,1424,0.0,0.0
2023-05-18 13:30:00-04:00,21.844999313354492,21.989200592041016,21.701099395751953,21.701099395751953,0,0.0,0.0
2023-05-18 14:30:00-04:00,21.729999542236328,21.729999542236328,21.700000762939453,21.700000762939453,3791,0.0,0.0
2023-05-18 15:30:00-04:00,21.709999084472656,21.940000534057617,21.600000381469727,21.940000534057617,1964,0.0,0.0
2023-05-19 11:30:00-04:00,21.850000381469727,21.850000381469727,21.850000381469727,21.850000381469727,36,0.0,0.0
2023-05-19 12:30:00-04:00,21.989999771118164,22.0,21.924999237060547,22.0,2424,0.0,0.0
2023-05-19 13:30:00-04:00,21.924999237060547,21.98040008544922,21.924999237060547,21.98040008544922,400,0.0,0.0
2023-05-19 14:30:00-04:00,21.850000381469727,22.0,21.850000381469727,22.0,11110,0.0,0.0
2023-05-19 15:30:00-04:00,22.260000228881836,22.260000228881836,22.260000228881836,22.260000228881836,400,0.0,0.0
2023-05-22 09:30:00-04:00,22.0,22.100000381469727,22.0,22.100000381469727,0,0.0,0.0
2023-05-22 11:30:00-04:00,22.100000381469727,22.100000381469727,22.100000381469727,22.100000381469727,1100,0.0,0.0
2023-05-22 12:30:00-04:00,22.421100616455078,22.421100616455078,22.421100616455078,22.421100616455078,349,0.0,0.0
2023-05-22 14:30:00-04:00,22.110000610351562,22.459999084472656,22.110000610351562,22.459999084472656,1426,0.0,0.0
2023-05-22 15:30:00-04:00,22.399999618530273,22.510000228881836,22.1299991607666,22.190000534057617,2064,0.0,0.0
2023-05-23 09:30:00-04:00,22.200000762939453,22.519899368286133,22.200000762939453,22.519899368286133,0,0.0,0.0
2023-05-23 10:30:00-04:00,22.170000076293945,22.170000076293945,22.170000076293945,22.170000076293945,140,0.0,0.0
2023-05-23 13:30:00-04:00,22.270000457763672,22.270000457763672,22.270000457763672,22.270000457763672,412,0.0,0.0
2023-05-23 15:30:00-04:00,22.270000457763672,22.34000015258789,22.270000457763672,22.34000015258789,228,0.0,0.0
2023-05-24 10:30:00-04:00,22.200000762939453,22.469999313354492,22.200000762939453,22.354999542236328,516,0.0,0.0
2023-05-24 12:30:00-04:00,22.239999771118164,22.239999771118164,22.209999084472656,22.215499877929688,2181,0.0,0.0
2023-05-24 13:30:00-04:00,22.269699096679688,22.269699096679688,22.269699096679688,22.269699096679688,282,0.0,0.0
2023-05-24 15:30:00-04:00,22.354999542236328,22.354999542236328,21.809999465942383,21.809999465942383,0,0.0,0.0
2023-05-25 09:30:00-04:00,22.079999923706055,22.509899139404297,22.079999923706055,22.509899139404297,444,0.0,0.0
2023-05-25 11:30:00-04:00,22.350000381469727,22.350000381469727,22.25,22.25,1312,0.0,0.0
2023-05-25 14:30:00-04:00,22.174999237060547,22.200000762939453,22.174999237060547,22.200000762939453,341,0.0,0.0
2023-05-25 15:30:00-04:00,21.971900939941406,22.1564998626709,21.899999618530273,21.899999618530273,1156,0.0,0.0
2023-05-26 10:30:00-04:00,21.969999313354492,21.969999313354492,21.93000030517578,21.93000030517578,350,0.0,0.0
2023-05-26 11:30:00-04:00,21.950300216674805,21.950300216674805,21.799999237060547,21.799999237060547,1882,0.0,0.0
2023-05-26 12:30:00-04:00,21.899900436401367,22.077999114990234,21.850000381469727,22.077999114990234,1685,0.0,0.0
2023-05-26 13:30:00-04:00,22.09000015258789,22.15999984741211,22.083999633789062,22.083999633789062,1607,0.0,0.0
2023-05-30 11:30:00-04:00,22.289899826049805,22.299999237060547,22.219999313354492,22.299999237060547,2080,0.0,0.0
2023-05-30 12:30:00-04:00,22.29010009765625,22.399999618530273,22.29010009765625,22.290199279785156,1402,0.0,0.0
2023-05-30 14:30:00-04:00,22.290000915527344,22.399999618530273,22.290000915527344,22.29439926147461,0,0.0,0.0
2023-05-31 09:30:00-04:00,21.674999237060547,21.674999237060547,21.485000610351562,21.670000076293945,10155,0.0,0.0
2023-05-31 10:30:00-04:00,21.670000076293945,21.75,21.670000076293945,21.719999313354492,923,0.0,0.0
2023-05-31 11:30:00-04:00,21.899999618530273,21.899999618530273,21.899999618530273,21.899999618530273,100,0.0,0.0
2023-05-31 12:30:00-04:00,21.899999618530273,21.950000762939453,21.899999618530273,21.950000762939453,526,0.0,0.0
2023-05-31 13:30:00-04:00,21.612499237060547,21.612499237060547,21.612499237060547,21.612499237060547,180,0.0,0.0
2023-05-31 14:30:00-04:00,21.75,21.949899673461914,21.610000610351562,21.700000762939453,1636,0.0,0.0
2023-05-31 15:30:00-04:00,21.510000228881836,22.489999771118164,21.510000228881836,22.3799991607666,5854,0.0,0.0
2023-06-01 09:30:00-04:00,21.260099411010742,22.959999084472656,21.260099411010742,22.959999084472656,0,0.0,0.0
2023-06-01 10:30:00-04:00,22.860000610351562,22.959999084472656,22.860000610351562,22.940000534057617,700,0.0,0.0
2023-06-01 11:30:00-04:00,22.940000534057617,22.96500015258789,22.940000534057617,22.959999084472656,1822,0.0,0.0
2023-06-01 12:30:00-04:00,22.829999923706055,22.920000076293945,22.829999923706055,22.920000076293945,310,0.0,0.0
2023-06-01 13:30:00-04:00,22.899999618530273,22.899999618530273,22.309999465942383,22.8700008392334,7759,0.0,0.0
2023-06-01 14:30:00-04:00,22.860000610351562,22.860000610351562,22.520000457763672,22.520000457763672,581,0.0,0.0
2023-06-01 15:30:00-04:00,22.549999237060547,22.549999237060547,22.350000381469727,22.350000381469727,308,0.0,0.0
2023-06-02 09:30:00-04:00,22.600000381469727,22.600000381469727,22.099899291992188,22.099899291992188,0,0.0,0.0
2023-06-02 10:30:00-04:00,22.155000686645508,22.299699783325195,22.149900436401367,22.299699783325195,5914,0.0,0.0
2023-06-02 11:30:00-04:00,22.030000686645508,22.139999389648438,22.030000686645508,22.139999389648438,1442,0.0,0.0
2023-06-02 12:30:00-04:00,22.139999389648438,22.139999389648438,22.1299991607666,22.1299991607666,704,0.0,0.0
2023-06-02 13:30:00-04:00,22.139999389648438,22.58799934387207,22.139999389648438,22.58799934387207,7348,0.0,0.0
2023-06-05 09:30:00-04:00,22.110000610351562,22.13990020751953,22.049999237060547,22.13990020751953,0,0.0,0.0
2023-06-05 12:30:00-04:00,22.645000457763672,22.645000457763672,22.639999389648438,22.639999389648438,431,0.0,0.0
2023-06-05 14:30:00-04:00,22.8799991607666,22.920000076293945,22.8799991607666,22.8799991607666,751,0.0,0.0
2023-06-05 15:30:00-04:00,22.920000076293945,23.0,22.709999084472656,23.0,1018,0.0,0.0
2023-06-06 09:30:00-04:00,23.09000015258789,23.100000381469727,23.09000015258789,23.100000381469727,0,0.0,0.0
2023-06-06 10:30:00-04:00,23.25,23.25,23.25,23.25,151,0.0,0.0
2023-06-06 12:30:00-04:00,23.25,23.25,23.25,23.25,186,0.0,0.0
2023-06-06 13:30:00-04:00,23.43000030517578,23.43000030517578,23.236000061035156,23.270000457763672,1895,0.0,0.0
2023-06-06 14:30:00-04:00,23.31999969482422,23.415000915527344,23.25,23.25,7991,0.0,0.0
2023-06-06 15:30:00-04:00,23.31999969482422,23.33799934387207,23.200000762939453,23.25,3029,0.0,0.0
2023-06-07 09:30:00-04:00,23.110000610351562,23.149999618530273,22.56999969482422,22.56999969482422,7609,0.0,0.0
2023-06-07 11:30:00-04:00,23.100000381469727,23.100000381469727,23.0,23.0,855,0.0,0.0
2023-06-07 13:30:00-04:00,23.075000762939453,23.075000762939453,23.049999237060547,23.051000595092773,1867,0.0,0.0
2023-06-07 15:30:00-04:00,22.989999771118164,22.989999771118164,22.950000762939453,22.950000762939453,352,0.0,0.0
2023-06-08 10:30:00-04:00,22.959999084472656,23.31999969482422,22.959999084472656,23.31999969482422,324,0.0,0.0
2023-06-08 12:30:00-04:00,23.0,23.25,22.981000900268555,23.20330047607422,2026,0.0,0.0
2023-06-08 13:30:00-04:00,23.25,23.266399383544922,23.200000762939453,23.266399383544922,1537,0.0,0.0
2023-06-08 14:30:00-04:00,23.156700134277344,23.329999923706055,23.0,23.329999923706055,1492,0.0,0.0
2023-06-08 15:30:00-04:00,23.290000915527344,23.320100784301758,22.979999542236328,23.0,2847,0.0,0.0
2023-06-09 09:30:00-04:00,23.18000030517578,23.18000030517578,23.18000030517578,23.18000030517578,0,0.0,0.0
2023-06-09 10:30:00-04:00,23.006000518798828,23.006000518798828,22.560100555419922,22.560100555419922,310,0.0,0.0
2023-06-09 12:30:00-04:00,22.823999404907227,22.823999404907227,22.729999542236328,22.739999771118164,414,0.0,0.0
2023-06-09 13:30:00-04:00,22.823999404907227,22.823999404907227,22.739999771118164,22.739999771118164,582,0.0,0.0
2023-06-09 15:30:00-04:00,22.850000381469727,22.850000381469727,22.729999542236328,22.729999542236328,1066,0.0,0.0
2023-06-12 09:30:00-04:00,22.899900436401367,22.899900436401367,22.899900436401367,22.899900436401367,0,0.0,0.0
2023-06-12 10:30:00-04:00,22.729999542236328,22.799999237060547,22.729999542236328,22.799999237060547,571,0.0,0.0
2023-06-12 12:30:00-04:00,22.799999237060547,22.799999237060547,22.559999465942383,22.700000762939453,0,0.0,0.0
2023-06-12 14:30:00-04:00,22.69499969482422,22.780000686645508,22.69499969482422,22.780000686645508,3839,0.0,0.0
2023-06-12 15:30:00-04:00,22.54800033569336,22.799699783325195,22.54800033569336,22.799699783325195,1040,0.0,0.0
2023-06-13 10:30:00-04:00,22.649999618530273,22.649999618530273,22.649999618530273,22.649999618530273,0,0.0,0.0
2023-06-13 11:30:00-04:00,22.77199935913086,22.813600540161133,22.77199935913086,22.813600540161133,2171,0.0,0.0
2023-06-13 12:30:00-04:00,22.764999389648438,22.764999389648438,22.6299991607666,22.6299991607666,665,0.0,0.0
2023-06-13 14:30:00-04:00,22.899999618530273,22.899999618530273,22.899999618530273,22.899999618530273,169,0.0,0.0
2023-06-14 09:30:00-04:00,22.665000915527344,22.665000915527344,22.6299991607666,22.6299991607666,0,0.0,0.0
2023-06-14 10:30:00-04:00,22.5,22.5,22.5,22.5,674,0.0,0.0
2023-06-14 12:30:00-04:00,22.625,22.625,22.530000686645508,22.530000686645508,770,0.0,0.0
2023-06-14 13:30:00-04:00,22.58989906311035,22.600000381469727,22.405000686645508,22.599899291992188,3493,0.0,0.0
2023-06-14 14:30:00-04:00,22.899999618530273,22.899999618530273,22.899999618530273,22.899999618530273,0,0.0,0.0
2023-06-15 11:30:00-04:00,22.860000610351562,22.8799991607666,22.860000610351562,22.8799991607666,411,0.0,0.0
2023-06-15 13:30:00-04:00,22.8799991607666,22.8799991607666,22.8799991607666,22.8799991607666,265,0.0,0.0
2023-06-15 14:30:00-04:00,22.780000686645508,22.780000686645508,22.780000686645508,22.780000686645508,445,0.0,0.0
2023-06-15 15:30:00-04:00,22.709999084472656,22.719999313354492,22.709999084472656,22.719999313354492,229,0.0,0.0
2023-06-16 09:30:00-04:00,22.760000228881836,22.760000228881836,22.760000228881836,22.760000228881836,0,0.0,0.0
2023-06-16 10:30:00-04:00,22.690000534057617,22.700000762939453,22.399999618530273,22.399999618530273,736,0.0,0.0
2023-06-16 11:30:00-04:00,22.655000686645508,22.655000686645508,22.45009994506836,22.520000457763672,1155,0.0,0.0
2023-06-16 12:30:00-04:00,22.65999984741211,22.65999984741211,22.594600677490234,22.594600677490234,720,0.0,0.0
2023-06-16 13:30:00-04:00,22.809999465942383,22.81999969482422,22.809999465942383,22.81999969482422,200,0.0,0.0
2023-06-16 14:30:00-04:00,22.75,22.75,22.75,22.75,443,0.0,0.0
2023-06-20 09:30:00-04:00,22.469999313354492,22.469999313354492,22.469999313354492,22.469999313354492,0,0.0,0.0
2023-06-20 10:30:00-04:00,22.440099716186523,22.479999542236328,22.399999618530273,22.399999618530273,2857,0.0,0.0
2023-06-20 13:30:00-04:00,22.400100708007812,22.420499801635742,22.399999618530273,22.420499801635742,1315,0.0,0.0
2023-06-20 15:30:00-04:00,22.40999984741211,22.40999984741211,22.40999984741211,22.40999984741211,126,0.0,0.0
2023-06-21 09:30:00-04:00,22.729999542236328,22.729999542236328,22.729999542236328,22.729999542236328,0,0.0,0.0
2023-06-21 10:30:00-04:00,22.690000534057617,22.700000762939453,22.413299560546875,22.413299560546875,1547,0.0,0.0
2023-06-22 09:30:00-04:00,22.40999984741211,22.40999984741211,22.409900665283203,22.40999984741211,0,0.0,0.0
2023-06-22 12:30:00-04:00,22.511899948120117,22.899999618530273,22.511899948120117,22.899999618530273,13920,0.0,0.0
2023-06-22 14:30:00-04:00,22.649900436401367,22.649900436401367,22.644399642944336,22.644399642944336,1682,0.0,0.0
2023-06-22 15:30:00-04:00,22.959999084472656,22.959999084472656,22.959999084472656,22.959999084472656,779,0.0,0.0
2023-06-23 09:30:00-04:00,23.0,23.114999771118164,22.900100708007812,22.959999084472656,2555,0.0,0.0
2023-06-23 10:30:00-04:00,22.900100708007812,23.110000610351562,22.900100708007812,22.900100708007812,1283,0.0,0.0
2023-06-23 12:30:00-04:00,23.170000076293945,23.200000762939453,23.15250015258789,23.200000762939453,2794,0.0,0.0
2023-06-23 13:30:00-04:00,23.200000762939453,23.200000762939453,23.138399124145508,23.138399124145508,1030,0.0,0.0
2023-06-23 14:30:00-04:00,23.18000030517578,23.18000030517578,22.75,22.75,2076,0.0,0.0
2023-06-23 15:30:00-04:00,22.829999923706055,23.239999771118164,22.829999923706055,23.239999771118164,409,0.0,0.0
2023-06-26 09:30:00-04:00,23.20009994506836,23.202600479125977,23.059999465942383,23.059999465942383,0,0.0,0.0
2023-06-26 11:30:00-04:00,23.077800750732422,23.200000762939453,23.077800750732422,23.190500259399414,2908,0.0,0.0
2023-06-26 12:30:00-04:00,23.19499969482422,23.329099655151367,23.05030059814453,23.190500259399414,3770,0.0,0.0
2023-06-26 14:30:00-04:00,23.149999618530273,23.149999618530273,23.149999618530273,23.149999618530273,198,0.0,0.0
2023-06-26 15:30:00-04:00,23.049999237060547,23.049999237060547,23.049999237060547,23.049999237060547,257,0.0,0.0
2023-06-27 10:30:00-04:00,23.104999542236328,23.219999313354492,23.104999542236328,23.219999313354492,1240,0.0,0.0
2023-06-27 11:30:00-04:00,23.200000762939453,23.200000762939453,23.059999465942383,23.060100555419922,2086,0.0,0.0
2023-06-27 12:30:00-04:00,23.166000366210938,23.166000366210938,23.166000366210938,23.166000366210938,216,0.0,0.0
2023-06-27 13:30:00-04:00,23.20330047607422,23.20330047607422,23.100000381469727,23.100000381469727,1034,0.0,0.0
2023-06-28 09:30:00-04:00,23.329999923706055,23.329999923706055,23.149999618530273,23.149999618530273,0,0.0,0.0
2023-06-28 10:30:00-04:00,23.209999084472656,23.209999084472656,23.200000762939453,23.200000762939453,3394,0.0,0.0
2023-06-28 11:30:00-04:00,23.149999618530273,23.149999618530273,22.790000915527344,23.059999465942383,1820,0.0,0.0
2023-06-28 13:30:00-04:00,22.420000076293945,23.209999084472656,22.420000076293945,23.030000686645508,5201,0.0,0.0
2023-06-28 15:30:00-04:00,22.926700592041016,23.15999984741211,22.926700592041016,23.15999984741211,470,0.0,0.0
2023-06-29 09:30:00-04:00,23.059999465942383,23.155000686645508,23.059999465942383,23.155000686645508,0,0.0,0.0
2023-06-29 10:30:00-04:00,23.309999465942383,23.309999465942383,23.209999084472656,23.309900283813477,704,0.0,0.0
2023-06-29 11:30:00-04:00,23.209999084472656,23.209999084472656,22.799999237060547,23.15999984741211,3120,0.0,0.0
2023-06-29 12:30:00-04:00,22.809999465942383,22.809999465942383,22.809999465942383,22.809999465942383,204,0.0,0.0
2023-06-29 13:30:00-04:00,23.280000686645508,23.318500518798828,23.280000686645508,23.318500518798828,299,0.0,0.0
2023-06-29 14:30:00-04:00,23.010099411010742,23.165000915527344,23.010099411010742,23.165000915527344,0,0.0,0.0
2023-06-30 10:30:00-04:00,23.200000762939453,23.200000762939453,23.200000762939453,23.200000762939453,124,0.0,0.0
2023-06-30 11:30:00-04:00,23.200000762939453,23.209999084472656,23.114999771118164,23.163999557495117,1200,0.0,0.0
2023-06-30 12:30:00-04:00,23.209999084472656,23.219999313354492,23.110000610351562,23.209999084472656,2567,0.0,0.0
2023-06-30 13:30:00-04:00,23.209999084472656,23.209999084472656,23.110000610351562,23.209999084472656,7170,0.0,0.0
2023-06-30 14:30:00-04:00,23.209999084472656,23.209999084472656,23.209999084472656,23.209999084472656,800,0.0,0.0
2023-06-30 15:30:00-04:00,23.200000762939453,23.399999618530273,23.05030059814453,23.399999618530273,14297,0.0,0.0
2023-07-03 09:30:00-04:00,23.309999465942383,23.309999465942383,23.049999237060547,23.190000534057617,3889,0.0,0.0
2023-07-03 10:30:00-04:00,23.25,23.399999618530273,23.25,23.399900436401367,2029,0.0,0.0
2023-07-05 10:30:00-04:00,23.424999237060547,23.545000076293945,23.399999618530273,23.545000076293945,1104,0.0,0.0
2023-07-05 11:30:00-04:00,23.56999969482422,23.600000381469727,23.56999969482422,23.600000381469727,615,0.0,0.0
2023-07-05 12:30:00-04:00,23.719900131225586,23.719900131225586,23.670000076293945,23.68000030517578,1965,0.0,0.0
2023-07-05 13:30:00-04:00,23.360000610351562,23.360000610351562,23.360000610351562,23.360000610351562,466,0.0,0.0
2023-07-05 14:30:00-04:00,23.520000457763672,23.530000686645508,23.49329948425293,23.5049991607666,1449,0.0,0.0
2023-07-05 15:30:00-04:00,23.635000228881836,23.649999618530273,23.6200008392334,23.649999618530273,650,0.0,0.0
2023-07-06 09:30:00-04:00,23.700000762939453,23.700000762939453,23.40019989013672,23.40019989013672,0,0.0,0.0
2023-07-06 10:30:00-04:00,23.399999618530273,23.399999618530273,23.399999618530273,23.399999618530273,123,0.0,0.0
2023-07-06 11:30:00-04:00,23.25,23.469999313354492,23.25,23.469999313354492,1539,0.0,0.0
2023-07-06 15:30:00-04:00,23.5,23.530000686645508,23.5,23.530000686645508,360,0.0,0.0
2023-07-07 09:30:00-04:00,23.670000076293945,23.670000076293945,23.670000076293945,23.670000076293945,0,0.0,0.0
2023-07-07 10:30:00-04:00,23.5,23.5,23.5,23.5,0,0.0,0.0
2023-07-07 11:30:00-04:00,23.670000076293945,23.670000076293945,23.670000076293945,23.670000076293945,884,0.0,0.0
2023-07-07 12:30:00-04:00,23.649999618530273,23.649999618530273,23.459999084472656,23.459999084472656,532,0.0,0.0
2023-07-07 14:30:00-04:00,23.649999618530273,23.649999618530273,23.459999084472656,23.459999084472656,564,0.0,0.0
2023-07-07 15:30:00-04:00,23.459999084472656,23.459999084472656,22.899999618530273,22.95989990234375,6831,0.0,0.0
2023-07-10 09:30:00-04:00,22.989999771118164,23.549999237060547,22.989999771118164,23.549999237060547,0,0.0,0.0
2023-07-10 10:30:00-04:00,23.34119987487793,23.375,23.214000701904297,23.25,2385,0.0,0.0
2023-07-10 11:30:00-04:00,23.447200775146484,23.447200775146484,23.25,23.34939956665039,2338,0.0,0.0
2023-07-10 12:30:00-04:00,23.209999084472656,23.34939956665039,23.209999084472656,23.34939956665039,433,0.0,0.0
2023-07-10 13:30:00-04:00,23.34000015258789,23.5,23.34000015258789,23.5,1279,0.0,0.0
2023-07-10 14:30:00-04:00,23.5,23.540000915527344,23.5,23.5,1007,0.0,0.0
2023-07-10 15:30:00-04:00,23.54990005493164,23.549999237060547,23.5,23.524999618530273,779,0.0,0.0
2023-07-11 09:30:00-04:00,23.540000915527344,23.540000915527344,23.209999084472656,23.209999084472656,0,0.0,0.0
2023-07-11 10:30:00-04:00,23.405000686645508,23.50950050354004,23.34000015258789,23.50950050354004,596,0.0,0.0
2023-07-11 11:30:00-04:00,23.5,23.658100128173828,23.350000381469727,23.658100128173828,3927,0.0,0.0
2023-07-11 12:30:00-04:00,23.65999984741211,23.65999984741211,23.649999618530273,23.649999618530273,0,0.0,0.0
2023-07-11 15:30:00-04:00,23.475000381469727,23.475000381469727,23.475000381469727,23.475000381469727,10347,0.0,0.0
2023-07-12 10:30:00-04:00,23.510000228881836,23.510000228881836,23.510000228881836,23.510000228881836,0,0.0,0.0
2023-07-12 11:30:00-04:00,23.5939998626709,23.719999313354492,23.299999237060547,23.43000030517578,3321,0.0,0.0
2023-07-12 12:30:00-04:00,23.549999237060547,23.549999237060547,23.549999237060547,23.549999237060547,298,0.0,0.0
2023-07-12 13:30:00-04:00,23.649999618530273,23.649999618530273,23.649999618530273,23.649999618530273,1014,0.0,0.0
2023-07-12 14:30:00-04:00,23.6299991607666,23.649999618530273,23.6299991607666,23.649999618530273,837,0.0,0.0
2023-07-12 15:30:00-04:00,23.639999389648438,23.639999389648438,23.530000686645508,23.530000686645508,385,0.0,0.0
2023-07-13 09:30:00-04:00,23.55500030517578,23.55500030517578,23.520000457763672,23.530000686645508,0,0.0,0.0
2023-07-13 10:30:00-04:00,23.599899291992188,23.599899291992188,23.599899291992188,23.599899291992188,268,0.0,0.0
2023-07-13 11:30:00-04:00,23.467500686645508,23.469499588012695,23.467500686645508,23.469499588012695,702,0.0,0.0
2023-07-13 12:30:00-04:00,23.549999237060547,23.549999237060547,23.549999237060547,23.549999237060547,679,0.0,0.0
2023-07-13 14:30:00-04:00,23.600000381469727,23.65999984741211,23.599000930786133,23.657800674438477,2329,0.0,0.0
2023-07-13 15:30:00-04:00,23.649999618530273,23.719999313354492,23.649999618530273,23.649999618530273,6692,0.0,0.0
2023-07-14 09:30:00-04:00,23.559999465942383,23.649999618530273,23.559999465942383,23.649999618530273,0,0.0,0.0
2023-07-14 11:30:00-04:00,23.614999771118164,23.614999771118164,23.579999923706055,23.579999923706055,811,0.0,0.0
2023-07-14 12:30:00-04:00,23.579999923706055,23.579999923706055,23.579999923706055,23.579999923706055,0,0.0,0.0
2023-07-14 14:30:00-04:00,23.649999618530273,23.649999618530273,23.649999618530273,23.649999618530273,2834,0.0,0.0
2023-07-14 15:30:00-04:00,23.649599075317383,23.649599075317383,23.649599075317383,23.649599075317383,334,0.0,0.0
2023-07-17 09:30:00-04:00,23.549999237060547,23.549999237060547,23.549999237060547,23.549999237060547,0,0.0,0.0
2023-07-17 12:30:00-04:00,23.639999389648438,23.65999984741211,23.579999923706055,23.579999923706055,1610,0.0,0.0
2023-07-17 13:30:00-04:00,23.700000762939453,23.700000762939453,23.700000762939453,23.700000762939453,330,0.0,0.0
2023-07-17 14:30:00-04:00,23.65999984741211,23.65999984741211,23.649999618530273,23.65999984741211,2160,0.0,0.0
2023-07-17 15:30:00-04:00,23.649999618530273,23.649999618530273,23.649999618530273,23.649999618530273,221,0.0,0.0
2023-07-18 09:30:00-04:00,23.649999618530273,23.649999618530273,23.649999618530273,23.649999618530273,0,0.0,0.0
2023-07-18 11:30:00-04:00,23.579999923706055,23.59000015258789,23.540000915527344,23.540000915527344,896,0.0,0.0
2023-07-18 12:30:00-04:00,23.594999313354492,23.594999313354492,23.594999313354492,23.594999313354492,1134,0.0,0.0
2023-07-18 13:30:00-04:00,23.65999984741211,23.65999984741211,23.530000686645508,23.649999618530273,3295,0.0,0.0
2023-07-18 14:30:00-04:00,23.700000762939453,23.719999313354492,22.710100173950195,22.710100173950195,15235,0.0,0.0
2023-07-18 15:30:00-04:00,23.264999389648438,23.719900131225586,23.264999389648438,23.649999618530273,0,0.0,0.0
2023-07-19 12:30:00-04:00,23.709999084472656,23.709999084472656,23.700000762939453,23.700000762939453,895,0.0,0.0
2023-07-19 13:30:00-04:00,23.709999084472656,23.719999313354492,23.672000885009766,23.719999313354492,500,0.0,0.0
2023-07-19 14:30:00-04:00,23.65999984741211,23.65999984741211,23.600000381469727,23.600000381469727,1642,0.0,0.0
2023-07-19 15:30:00-04:00,23.600000381469727,23.670000076293945,23.506999969482422,23.670000076293945,0,0.0,0.0
2023-07-20 10:30:00-04:00,23.399999618530273,23.399999618530273,23.389999389648438,23.399999618530273,416,0.0,0.0
2023-07-20 11:30:00-04:00,23.690000534057617,23.719999313354492,23.5,23.700000762939453,1702,0.0,0.0
2023-07-20 12:30:00-04:00,23.700000762939453,23.700000762939453,23.649999618530273,23.649999618530273,1205,0.0,0.0
2023-07-20 13:30:00-04:00,23.709999084472656,23.719999313354492,23.709999084472656,23.719999313354492,1145,0.0,0.0
2023-07-20 14:30:00-04:00,23.719900131225586,23.719900131225586,23.719900131225586,23.719900131225586,500,0.0,0.0
2023-07-20 15:30:00-04:00,23.719999313354492,23.719999313354492,23.719999313354492,23.719999313354492,0,0.0,0.0
2023-07-21 10:30:00-04:00,23.700000762939453,23.71500015258789,23.600000381469727,23.600000381469727,753,0.0,0.0
2023-07-21 11:30:00-04:00,23.649999618530273,23.649999618530273,23.600000381469727,23.600000381469727,2045,0.0,0.0
2023-07-21 14:30:00-04:00,23.770000457763672,23.829999923706055,23.770000457763672,23.829999923706055,2072,0.0,0.0
2023-07-21 15:30:00-04:00,23.829999923706055,23.829999923706055,23.829999923706055,23.829999923706055,487,0.0,0.0
2023-07-24 09:30:00-04:00,23.650100708007812,23.81999969482422,23.649999618530273,23.649999618530273,0,0.0,0.0
2023-07-24 10:30:00-04:00,23.600099563598633,23.600099563598633,23.600099563598633,23.600099563598633,584,0.0,0.0
2023-07-24 11:30:00-04:00,23.729999542236328,23.729999542236328,23.700000762939453,23.705799102783203,2256,0.0,0.0
2023-07-24 12:30:00-04:00,23.799999237060547,23.799999237060547,23.799999237060547,23.799999237060547,229,0.0,0.0
2023-07-24 14:30:00-04:00,23.790000915527344,23.790000915527344,23.76799964904785,23.76799964904785,1390,0.0,0.0
2023-07-24 15:30:00-04:00,23.75,23.75,23.600000381469727,23.600000381469727,976,0.0,0.0
2023-07-25 09:30:00-04:00,23.459999084472656,23.649999618530273,23.459999084472656,23.649999618530273,0,0.0,0.0
2023-07-25 11:30:00-04:00,23.799999237060547,23.799999237060547,23.790000915527344,23.790000915527344,1244,0.0,0.0
2023-07-25 12:30:00-04:00,23.895000457763672,23.989900588989258,23.600099563598633,23.989900588989258,4669,0.0,0.0
2023-07-25 13:30:00-04:00,23.600000381469727,23.989999771118164,22.75,22.91200065612793,11956,0.0,0.0
2023-07-25 14:30:00-04:00,23.5049991607666,23.5049991607666,23.36750030517578,23.36750030517578,598,0.0,0.0
2023-07-25 15:30:00-04:00,23.65679931640625,23.65679931640625,23.559999465942383,23.559999465942383,820,0.0,0.0
2023-07-26 09:30:00-04:00,23.889999389648438,23.90999984741211,23.889999389648438,23.90999984741211,0,0.0,0.0
2023-07-26 10:30:00-04:00,23.90999984741211,23.90999984741211,23.90999984741211,23.90999984741211,146,0.0,0.0
2023-07-26 11:30:00-04:00,23.90999984741211,23.90999984741211,23.90999984741211,23.90999984741211,322,0.0,0.0
2023-07-26 12:30:00-04:00,23.888200759887695,23.93000030517578,23.888200759887695,23.93000030517578,727,0.0,0.0
2023-07-26 13:30:00-04:00,23.844999313354492,23.889999389648438,23.036399841308594,23.889999389648438,7977,0.0,0.0
2023-07-26 14:30:00-04:00,23.889999389648438,23.889999389648438,23.674999237060547,23.674999237060547,1326,0.0,0.0
2023-07-26 15:30:00-04:00,23.809999465942383,23.84000015258789,23.6299991607666,23.6299991607666,2782,0.0,0.0
2023-07-27 09:30:00-04:00,23.5,24.0,23.5,23.989999771118164,0,0.0,0.0
2023-07-27 10:30:00-04:00,23.899999618530273,24.0,23.799999237060547,23.799999237060547,5766,0.0,0.0
2023-07-27 11:30:00-04:00,24.0,24.040000915527344,23.809999465942383,23.809999465942383,5438,0.0,0.0
2023-07-27 12:30:00-04:00,23.809999465942383,23.924999237060547,23.809999465942383,23.899999618530273,1231,0.0,0.0
2023-07-27 13:30:00-04:00,23.913799285888672,23.913799285888672,23.913799285888672,23.913799285888672,114,0.0,0.0
2023-07-27 14:30:00-04:00,23.969999313354492,24.0,23.899999618530273,23.899999618530273,726,0.0,0.0
2023-07-27 15:30:00-04:00,23.945199966430664,23.989999771118164,23.850000381469727,23.989999771118164,7746,0.0,0.0
2023-07-28 09:30:00-04:00,23.84000015258789,24.299999237060547,23.84000015258789,23.979999542236328,0,0.0,0.0
2023-07-28 10:30:00-04:00,24.006999969482422,24.006999969482422,24.006999969482422,24.006999969482422,212,0.0,0.0
2023-07-28 13:30:00-04:00,24.045000076293945,24.045000076293945,24.045000076293945,24.045000076293945,903,0.0,0.0
2023-07-28 14:30:00-04:00,24.010000228881836,24.239999771118164,24.010000228881836,24.239999771118164,609,0.0,0.0
2023-07-31 13:30:00-04:00,24.09000015258789,24.09000015258789,24.09000015258789,24.09000015258789,0,0.0,0.0
2023-07-31 14:30:00-04:00,24.09000015258789,24.09000015258789,23.93000030517578,23.93000030517578,850,0.0,0.0
2023-07-31 15:30:00-04:00,24.09000015258789,24.09000015258789,24.013999938964844,24.06999969482422,1665,0.0,0.0
2023-08-01 09:30:00-04:00,23.829999923706055,23.905000686645508,23.829999923706055,23.905000686645508,0,0.0,0.0
2023-08-01 10:30:00-04:00,24.100000381469727,24.100000381469727,24.100000381469727,24.100000381469727,147,0.0,0.0
2023-08-01 11:30:00-04:00,23.980600357055664,23.980600357055664,23.980600357055664,23.980600357055664,37,0.0,0.0
2023-08-02 11:30:00-04:00,23.940000534057617,24.06999969482422,23.940000534057617,24.06999969482422,471,0.0,0.0
2023-08-02 13:30:00-04:00,24.0,24.06999969482422,24.0,24.059999465942383,580,0.0,0.0
2023-08-02 14:30:00-04:00,24.0,24.25,24.0,24.0,1502,0.0,0.0
2023-08-02 15:30:00-04:00,24.0,24.0,24.0,24.0,0,0.0,0.0
2023-08-03 09:30:00-04:00,23.979999542236328,23.979999542236328,23.979999542236328,23.979999542236328,509,0.0,0.0
2023-08-03 10:30:00-04:00,23.899999618530273,23.899999618530273,23.899999618530273,23.899999618530273,198,0.0,0.0
2023-08-03 11:30:00-04:00,23.899999618530273,23.900100708007812,23.899999618530273,23.900100708007812,932,0.0,0.0
2023-08-03 12:30:00-04:00,23.99970054626465,24.18000030517578,23.950000762939453,24.031200408935547,2798,0.0,0.0
2023-08-03 13:30:00-04:00,24.049999237060547,24.114999771118164,24.049999237060547,24.114999771118164,1200,0.0,0.0
2023-08-03 14:30:00-04:00,24.111400604248047,24.111400604248047,24.111400604248047,24.111400604248047,439,0.0,0.0
2023-08-03 15:30:00-04:00,24.16010093688965,24.16010093688965,24.16010093688965,24.16010093688965,192,0.0,0.0
2023-08-04 09:30:00-04:00,24.010000228881836,24.149900436401367,23.277000427246094,24.149900436401367,9722,0.0,0.0
2023-08-04 10:30:00-04:00,24.030000686645508,24.059999465942383,23.854999542236328,23.950000762939453,3202,0.0,0.0
2023-08-04 11:30:00-04:00,24.0,24.049999237060547,23.95009994506836,24.0,1461,0.0,0.0
2023-08-04 12:30:00-04:00,24.0049991607666,24.0049991607666,24.0049991607666,24.0049991607666,805,0.0,0.0
2023-08-04 14:30:00-04:00,24.0049991607666,24.059999465942383,23.66010093688965,24.020000457763672,4432,0.0,0.0
2023-08-04 15:30:00-04:00,24.059999465942383,24.059999465942383,23.905000686645508,23.93000030517578,1080,0.0,0.0
2023-08-07 09:30:00-04:00,23.75,24.350000381469727,23.75,24.350000381469727,0,0.0,0.0
2023-08-07 12:30:00-04:00,24.350000381469727,24.43000030517578,24.343000411987305,24.43000030517578,1934,0.0,0.0
2023-08-07 13:30:00-04:00,24.295000076293945,24.295000076293945,24.295000076293945,24.295000076293945,1000,0.0,0.0
2023-08-07 14:30:00-04:00,24.270000457763672,24.270000457763672,24.204999923706055,24.204999923706055,10083,0.0,0.0
2023-08-07 15:30:00-04:00,24.15999984741211,24.260000228881836,24.149999618530273,24.15999984741211,4504,0.0,0.0
2023-08-08 09:30:00-04:00,24.100000381469727,24.299999237060547,24.03059959411621,24.299999237060547,0,0.0,0.0
2023-08-08 10:30:00-04:00,23.93000030517578,24.184999465942383,23.920000076293945,24.15999984741211,3105,0.0,0.0
2023-08-08 11:30:00-04:00,24.18000030517578,24.18000030517578,24.05500030517578,24.179899215698242,2117,0.0,0.0
2023-08-08 14:30:00-04:00,24.149999618530273,24.149999618530273,24.075000762939453,24.149999618530273,2670,0.0,0.0
2023-08-08 15:30:00-04:00,24.149999618530273,24.149999618530273,24.149999618530273,24.149999618530273,476,0.0,0.0
2023-08-09 09:30:00-04:00,24.139999389648438,24.149999618530273,24.030000686645508,24.149999618530273,0,0.0,0.0
2023-08-09 11:30:00-04:00,24.149900436401367,24.149900436401367,24.00200080871582,24.00200080871582,302,0.0,0.0
2023-08-09 12:30:00-04:00,24.065000534057617,24.065000534057617,24.065000534057617,24.065000534057617,0,0.0,0.0
2023-08-09 13:30:00-04:00,24.149999618530273,24.149999618530273,24.149900436401367,24.149999618530273,2630,0.0,0.0
2023-08-09 14:30:00-04:00,24.149999618530273,24.149999618530273,24.06920051574707,24.06920051574707,3597,0.0,0.0
2023-08-09 15:30:00-04:00,24.065000534057617,24.149999618530273,24.049999237060547,24.049999237060547,44613,0.0,0.0
2023-08-10 09:30:00-04:00,24.149999618530273,24.149999618530273,24.149999618530273,24.149999618530273,0,0.0,0.0
2023-08-10 10:30:00-04:00,24.249900817871094,24.249900817871094,24.249900817871094,24.249900817871094,391,0.0,0.0
2023-08-10 12:30:00-04:00,24.239999771118164,24.239999771118164,24.216699600219727,24.216699600219727,848,0.0,0.0
2023-08-10 14:30:00-04:00,24.25,24.25,24.25,24.25,430,0.0,0.0
2023-08-10 15:30:00-04:00,24.267900466918945,24.344999313354492,24.266399383544922,24.266399383544922,2000,0.0,0.0
2023-08-11 09:30:00-04:00,24.400100708007812,24.40220069885254,24.399999618530273,24.40220069885254,0,0.0,0.0
2023-08-11 10:30:00-04:00,24.110000610351562,24.299999237060547,24.110000610351562,24.25,963,0.0,0.0
2023-08-11 12:30:00-04:00,24.399999618530273,24.399999618530273,24.399999618530273,24.399999618530273,0,0.0,0.0
2023-08-11 14:30:00-04:00,24.209999084472656,24.209999084472656,24.209999084472656,24.209999084472656,2022,0.0,0.0
2023-08-11 15:30:00-04:00,24.309999465942383,24.399999618530273,24.309999465942383,24.399999618530273,200,0.0,0.0
2023-08-14 10:30:00-04:00,24.354999542236328,24.53689956665039,24.219999313354492,24.53689956665039,0,0.0,0.0
2023-08-14 12:30:00-04:00,24.45009994506836,24.45009994506836,24.45009994506836,24.45009994506836,8220,0.0,0.0
2023-08-14 13:30:00-04:00,24.4950008392334,24.75,24.4950008392334,24.510000228881836,2100,0.0,0.0
2023-08-15 09:30:00-04:00,24.5,24.5,24.5,24.5,0,0.0,0.0
2023-08-15 11:30:00-04:00,24.739900588989258,24.739900588989258,24.739900588989258,24.739900588989258,140,0.0,0.0
2023-08-15 12:30:00-04:00,24.739900588989258,24.739900588989258,24.739900588989258,24.739900588989258,183,0.0,0.0
2023-08-15 13:30:00-04:00,24.739900588989258,24.739900588989258,24.739900588989258,24.739900588989258,255,0.0,0.0
2023-08-15 15:30:00-04:00,24.739900588989258,24.739900588989258,24.694000244140625,24.719999313354492,713,0.0,0.0
2023-08-16 09:30:00-04:00,24.469999313354492,24.545000076293945,24.469999313354492,24.545000076293945,301,0.0,0.0
2023-08-16 11:30:00-04:00,24.670000076293945,24.700000762939453,24.549999237060547,24.590499877929688,1469,0.0,0.0
2023-08-16 12:30:00-04:00,24.709999084472656,24.709999084472656,24.613800048828125,24.649999618530273,2543,0.0,0.0
2023-08-16 13:30:00-04:00,24.600000381469727,24.65999984741211,24.402000427246094,24.450000762939453,0,0.0,0.0
2023-08-17 09:30:00-04:00,24.450000762939453,24.450000762939453,24.450000762939453,24.450000762939453,200,0.0,0.0
2023-08-17 10:30:00-04:00,24.649900436401367,24.649900436401367,24.520000457763672,24.538000106811523,0,0.0,0.0
2023-08-17 11:30:00-04:00,24.327800750732422,24.670000076293945,24.299999237060547,24.670000076293945,7580,0.0,0.0
2023-08-17 12:30:00-04:00,24.450000762939453,24.450000762939453,24.450000762939453,24.450000762939453,508,0.0,0.0
2023-08-17 13:30:00-04:00,24.516399383544922,24.516399383544922,24.516399383544922,24.516399383544922,699,0.0,0.0
2023-08-17 14:30:00-04:00,24.600000381469727,24.65999984741211,24.497800827026367,24.65999984741211,1922,0.0,0.0
2023-08-17 15:30:00-04:00,24.649999618530273,24.649999618530273,24.649999618530273,24.649999618530273,0,0.0,0.0
2023-08-18 11:30:00-04:00,24.597999572753906,24.621999740600586,24.3700008392334,24.388500213623047,5176,0.0,0.0
2023-08-18 12:30:00-04:00,24.309999465942383,24.34600067138672,24.260000228881836,24.34600067138672,4079,0.0,0.0
2023-08-18 13:30:00-04:00,24.25,24.25,24.25,24.25,328,0.0,0.0
2023-08-18 14:30:00-04:00,24.5,24.729999542236328,24.5,24.729999542236328,300,0.0,0.0
2023-08-18 15:30:00-04:00,24.3700008392334,24.389999389648438,24.3700008392334,24.389999389648438,608,0.0,0.0
2023-08-21 09:30:00-04:00,24.299999237060547,24.399999618530273,24.273300170898438,24.399999618530273,341,0.0,0.0
2023-08-21 10:30:00-04:00,24.4950008392334,24.4950008392334,24.4950008392334,24.4950008392334,0,0.0,0.0
2023-08-21 11:30:00-04:00,24.4950008392334,24.4950008392334,24.299999237060547,24.447500228881836,170,0.0,0.0
2023-08-22 09:30:00-04:00,24.27519989013672,24.27519989013672,24.27519989013672,24.27519989013672,379,0.0,0.0
2023-08-22 10:30:00-04:00,24.280000686645508,24.280000686645508,24.280000686645508,24.280000686645508,0,0.0,0.0
2023-08-23 09:30:00-04:00,24.65999984741211,24.690000534057617,24.65999984741211,24.690000534057617,908,0.0,0.0
2023-08-23 10:30:00-04:00,24.549999237060547,24.549999237060547,24.549999237060547,24.549999237060547,0,0.0,0.0
2023-08-23 11:30:00-04:00,24.600000381469727,24.68000030517578,24.600000381469727,24.639999389648438,8131,0.0,0.0
2023-08-23 12:30:00-04:00,24.630199432373047,24.655000686645508,24.6299991607666,24.6299991607666,1926,0.0,0.0
2023-08-23 13:30:00-04:00,24.679899215698242,24.68000030517578,24.639999389648438,24.655000686645508,1740,0.0,0.0
2023-08-23 14:30:00-04:00,24.650100708007812,24.700000762939453,24.549999237060547,24.600000381469727,5422,0.0,0.0
2023-08-23 15:30:00-04:00,24.600000381469727,24.600000381469727,24.576200485229492,24.576200485229492,606,0.0,0.0
2023-08-24 09:30:00-04:00,24.670000076293945,24.670000076293945,24.66990089416504,24.66990089416504,1184,0.0,0.0
2023-08-24 12:30:00-04:00,24.6200008392334,24.6200008392334,24.6200008392334,24.6200008392334,800,0.0,0.0
2023-08-24 13:30:00-04:00,24.6200008392334,24.670000076293945,24.600000381469727,24.6299991607666,12954,0.0,0.0
2023-08-25 09:30:00-04:00,24.593700408935547,24.593700408935547,24.593700408935547,24.593700408935547,1020,0.0,0.0
2023-08-25 10:30:00-04:00,24.610000610351562,24.68000030517578,24.549999237060547,24.549999237060547,5780,0.0,0.0
2023-08-25 14:30:00-04:00,24.600000381469727,24.600099563598633,24.600000381469727,24.600099563598633,1850,0.0,0.0
2023-08-25 15:30:00-04:00,24.610000610351562,24.650299072265625,24.610000610351562,24.610000610351562,12186,0.0,0.0
2023-08-28 09:30:00-04:00,24.639999389648438,24.639999389648438,24.639999389648438,24.639999389648438,210,0.0,0.0
2023-08-28 10:30:00-04:00,24.639999389648438,24.672000885009766,24.639999389648438,24.672000885009766,400,0.0,0.0
2023-08-28 11:30:00-04:00,24.690000534057617,24.690000534057617,24.610000610351562,24.690000534057617,2685,0.0,0.0
2023-08-28 13:30:00-04:00,24.649999618530273,24.699899673461914,24.6299991607666,24.6299991607666,5919,0.0,0.0
2023-08-28 14:30:00-04:00,24.692399978637695,24.692399978637695,24.692399978637695,24.692399978637695,143,0.0,0.0
2023-08-28 15:30:00-04:00,24.75,24.75,24.690000534057617,24.700000762939453,0,0.0,0.0
2023-08-29 09:30:00-04:00,24.760000228881836,24.829999923706055,24.709999084472656,24.709999084472656,0,0.0,0.0
2023-08-29 11:30:00-04:00,24.837299346923828,24.837299346923828,24.739999771118164,24.75,5873,0.0,0.0
2023-08-29 12:30:00-04:00,24.739999771118164,24.795000076293945,24.739999771118164,24.739999771118164,2928,0.0,0.0
2023-08-29 13:30:00-04:00,24.739999771118164,24.776500701904297,24.610000610351562,24.610000610351562,0,0.0,0.0
2023-08-29 14:30:00-04:00,24.780000686645508,24.850000381469727,24.780000686645508,24.780000686645508,18823,0.0,0.0
2023-08-30 10:30:00-04:00,24.84000015258789,24.84000015258789,24.719999313354492,24.719999313354492,1867,0.0,0.0
2023-08-30 11:30:00-04:00,24.8341007232666,24.8341007232666,24.677400588989258,24.677400588989258,2200,0.0,0.0
2023-08-30 13:30:00-04:00,24.84000015258789,24.849000930786133,24.69179916381836,24.69179916381836,0,0.0,0.0
2023-08-31 09:30:00-04:00,24.34000015258789,24.7450008392334,24.34000015258789,24.600000381469727,1840,0.0,0.0
2023-08-31 11:30:00-04:00,24.649999618530273,24.649999618530273,24.649999618530273,24.649999618530273,202,0.0,0.0
2023-08-31 12:30:00-04:00,24.6200008392334,24.649999618530273,24.6200008392334,24.649999618530273,895,0.0,0.0
2023-08-31 13:30:00-04:00,24.6299991607666,24.649999618530273,24.6299991607666,24.6299991607666,507,0.0,0.0
2023-08-31 14:30:00-04:00,24.649999618530273,24.649999618530273,24.649999618530273,24.649999618530273,193,0.0,0.0
2023-09-01 09:30:00-04:00,24.100000381469727,24.1299991607666,24.100000381469727,24.100099563598633,1500,0.0,0.0
2023-09-01 10:30:00-04:00,24.260000228881836,24.260000228881836,24.200000762939453,24.200000762939453,990,0.0,0.0
2023-09-01 11:30:00-04:00,24.209999084472656,24.209999084472656,24.209999084472656,24.209999084472656,183,0.0,0.0
2023-09-05 09:30:00-04:00,24.260000228881836,24.260000228881836,24.100000381469727,24.100000381469727,0,0.0,0.0
2023-09-05 10:30:00-04:00,24.360000610351562,24.360000610351562,24.360000610351562,24.360000610351562,273,0.0,0.0
2023-09-05 11:30:00-04:00,24.200000762939453,24.299999237060547,24.09000015258789,24.260000228881836,3710,0.0,0.0
2023-09-05 12:30:00-04:00,24.204999923706055,24.309999465942383,24.100000381469727,24.110000610351562,500,0.0,0.0
2023-09-05 13:30:00-04:00,24.204999923706055,24.204999923706055,24.204999923706055,24.204999923706055,219,0.0,0.0
2023-09-05 14:30:00-04:00,24.204999923706055,24.204999923706055,24.204999923706055,24.204999923706055,381,0.0,0.0
2023-09-05 15:30:00-04:00,24.100099563598633,24.110000610351562,24.100000381469727,24.100000381469727,1914,0.0,0.0
2023-09-06 09:30:00-04:00,24.09000015258789,24.09000015258789,24.09000015258789,24.09000015258789,0,0.0,0.0
2023-09-06 13:30:00-04:00,24.100000381469727,24.100099563598633,24.0,24.010000228881836,6187,0.0,0.0
2023-09-06 14:30:00-04:00,24.010000228881836,24.010000228881836,24.010000228881836,24.010000228881836,0,0.0,0.0
2023-09-06 15:30:00-04:00,24.030000686645508,24.030000686645508,24.030000686645508,24.030000686645508,8187,0.0,0.0
2023-09-07 09:30:00-04:00,23.979999542236328,23.979999542236328,23.979999542236328,23.979999542236328,0,0.0,0.0
2023-09-07 10:30:00-04:00,24.167299270629883,24.170799255371094,24.167299270629883,24.170799255371094,425,0.0,0.0
2023-09-07 12:30:00-04:00,24.0,24.100000381469727,23.799999237060547,23.899999618530273,4084,0.0,0.0
2023-09-07 13:30:00-04:00,23.899999618530273,23.899999618530273,23.899999618530273,23.899999618530273,502,0.0,0.0
2023-09-07 14:30:00-04:00,23.899999618530273,23.899999618530273,23.899999618530273,23.899999618530273,735,0.0,0.0
2023-09-07 15:30:00-04:00,23.899999618530273,23.899999618530273,23.809999465942383,23.809999465942383,2383,0.0,0.0
2023-09-08 09:30:00-04:00,23.799999237060547,23.950000762939453,23.799999237060547,23.950000762939453,0,0.0,0.0
2023-09-08 10:30:00-04:00,23.90999984741211,23.920000076293945,23.899999618530273,23.899999618530273,2884,0.0,0.0
2023-09-11 14:30:00-04:00,23.920000076293945,23.920000076293945,23.920000076293945,23.920000076293945,0,0.0,0.0
2023-09-12 12:30:00-04:00,23.951799392700195,23.951799392700195,23.92009925842285,23.92009925842285,300,0.0,0.0
2023-09-12 13:30:00-04:00,23.920000076293945,24.139999389648438,23.920000076293945,24.139999389648438,1247,0.0,0.0
2023-09-12 15:30:00-04:00,23.90999984741211,23.90999984741211,23.90999984741211,23.90999984741211,0,0.0,0.0
2023-09-13 12:30:00-04:00,23.929899215698242,23.93000030517578,23.929899215698242,23.93000030517578,850,0.0,0.0
2023-09-13 13:30:00-04:00,23.90999984741211,23.91010093688965,23.899999618530273,23.899999618530273,2389,0.0,0.0
2023-09-13 14:30:00-04:00,23.968000411987305,23.968000411987305,23.968000411987305,23.968000411987305,832,0.0,0.0
2023-09-13 15:30:00-04:00,23.899999618530273,23.899999618530273,23.899999618530273,23.899999618530273,765,0.0,0.0
2023-09-14 10:30:00-04:00,23.950000762939453,23.950000762939453,23.950000762939453,23.950000762939453,0,0.0,0.0
2023-09-14 11:30:00-04:00,23.924999237060547,23.924999237060547,23.799999237060547,23.799999237060547,4244,0.0,0.0
2023-09-14 12:30:00-04:00,23.799999237060547,23.899999618530273,23.719999313354492,23.829999923706055,22020,0.0,0.0
2023-09-14 13:30:00-04:00,23.8799991607666,24.0,23.8799991607666,24.0,945,0.0,0.0
2023-09-14 14:30:00-04:00,24.0,24.040000915527344,23.999900817871094,24.040000915527344,700,0.0,0.0
2023-09-15 09:30:00-04:00,24.0,24.100000381469727,24.0,24.100000381469727,0,0.0,0.0
2023-09-15 10:30:00-04:00,24.0,24.200000762939453,24.0,24.010000228881836,805,0.0,0.0
2023-09-15 11:30:00-04:00,24.113300323486328,24.113300323486328,24.000099182128906,24.000099182128906,641,0.0,0.0
2023-09-15 12:30:00-04:00,24.100000381469727,24.190000534057617,24.0,24.049999237060547,1745,0.0,0.0
2023-09-15 13:30:00-04:00,24.049999237060547,24.049999237060547,24.049999237060547,24.049999237060547,368,0.0,0.0
2023-09-15 14:30:00-04:00,24.045000076293945,24.045000076293945,24.045000076293945,24.045000076293945,171,0.0,0.0
2023-09-15 15:30:00-04:00,23.920000076293945,23.920000076293945,23.899999618530273,23.899999618530273,755,0.0,0.0
2023-09-18 10:30:00-04:00,24.010000228881836,24.035999298095703,24.010000228881836,24.010000228881836,160,0.0,0.0
2023-09-18 11:30:00-04:00,24.100000381469727,24.149999618530273,24.06999969482422,24.06999969482422,529,0.0,0.0
2023-09-18 13:30:00-04:00,24.090700149536133,24.090700149536133,24.010000228881836,24.010000228881836,0,0.0,0.0
2023-09-19 09:30:00-04:00,24.0,24.1737003326416,24.0,24.1737003326416,298,0.0,0.0
2023-09-19 10:30:00-04:00,24.199899673461914,24.199899673461914,24.199899673461914,24.199899673461914,322,0.0,0.0
2023-09-19 11:30:00-04:00,24.189899444580078,24.189899444580078,24.049999237060547,24.049999237060547,595,0.0,0.0
2023-09-19 12:30:00-04:00,24.1200008392334,24.170000076293945,24.010000228881836,24.010000228881836,1338,0.0,0.0
2023-09-19 13:30:00-04:00,23.940000534057617,23.940000534057617,23.940000534057617,23.940000534057617,240,0.0,0.0
2023-09-19 14:30:00-04:00,24.059999465942383,24.059999465942383,24.059999465942383,24.059999465942383,661,0.0,0.0
2023-09-19 15:30:00-04:00,23.940000534057617,24.049999237060547,23.940000534057617,23.940000534057617,0,0.0,0.0
2023-09-20 09:30:00-04:00,24.040000915527344,24.040000915527344,24.040000915527344,24.040000915527344,100,0.0,0.0
2023-09-20 10:30:00-04:00,24.199899673461914,24.199899673461914,24.199899673461914,24.199899673461914,205,0.0,0.0
2023-09-20 11:30:00-04:00,24.110000610351562,24.110000610351562,24.05430030822754,24.05430030822754,930,0.0,0.0
2023-09-20 14:30:00-04:00,24.219999313354492,24.219999313354492,24.219999313354492,24.219999313354492,0,0.0,0.0
2023-09-21 09:30:00-04:00,24.139999389648438,24.139999389648438,24.139999389648438,24.139999389648438,340,0.0,0.0
2023-09-21 11:30:00-04:00,24.09000015258789,24.09000015258789,23.940000534057617,23.940000534057617,951,0.0,0.0
2023-09-21 12:30:00-04:00,23.940000534057617,23.940099716186523,23.940000534057617,23.940099716186523,826,0.0,0.0
2023-09-21 14:30:00-04:00,24.040000915527344,24.040000915527344,23.954500198364258,23.954500198364258,681,0.0,0.0
2023-09-21 15:30:00-04:00,23.999799728393555,23.999799728393555,23.999799728393555,23.999799728393555,1058,0.0,0.0
2023-09-22 09:30:00-04:00,23.940000534057617,23.940000534057617,23.84000015258789,23.84000015258789,0,0.0,0.0
2023-09-22 10:30:00-04:00,23.959999084472656,23.959999084472656,23.959999084472656,23.959999084472656,180,0.0,0.0
2023-09-22 11:30:00-04:00,23.969999313354492,23.969999313354492,23.899999618530273,23.899999618530273,2006,0.0,0.0
2023-09-22 12:30:00-04:00,23.899999618530273,23.902000427246094,23.840099334716797,23.852500915527344,1989,0.0,0.0
2023-09-22 15:30:00-04:00,23.969999313354492,23.969999313354492,23.969999313354492,23.969999313354492,200,0.0,0.0
2023-09-25 10:30:00-04:00,23.899999618530273,23.899999618530273,23.899999618530273,23.899999618530273,0,0.0,0.0
2023-09-25 11:30:00-04:00,23.934099197387695,23.934099197387695,23.934099197387695,23.934099197387695,443,0.0,0.0
2023-09-25 14:30:00-04:00,23.900100708007812,23.90180015563965,23.899999618530273,23.899999618530273,0,0.0,0.0
2023-09-26 09:30:00-04:00,23.899999618530273,23.899999618530273,23.899999618530273,23.899999618530273,8071,0.0,0.0
2023-09-26 10:30:00-04:00,23.899999618530273,23.920000076293945,23.84000015258789,23.84000015258789,10409,0.0,0.0
2023-09-26 11:30:00-04:00,23.809999465942383,23.809999465942383,23.799999237060547,23.799999237060547,1041,0.0,0.0
2023-09-26 12:30:00-04:00,23.760000228881836,23.760000228881836,23.709999084472656,23.75,3185,0.0,0.0
2023-09-26 13:30:00-04:00,23.75,23.75,23.649999618530273,23.649999618530273,2943,0.0,0.0
2023-09-26 14:30:00-04:00,23.6299991607666,23.6299991607666,23.610000610351562,23.6299991607666,2695,0.0,0.0
2023-09-26 15:30:00-04:00,23.559999465942383,23.559999465942383,23.5,23.5,3471,0.0,0.0
2023-09-27 09:30:00-04:00,23.799999237060547,23.889999389648438,23.510000228881836,23.540000915527344,1683,0.0,0.0
2023-09-27 11:30:00-04:00,23.520000457763672,23.700000762939453,23.5,23.533100128173828,1397,0.0,0.0
2023-09-27 12:30:00-04:00,23.5,23.549999237060547,23.5,23.549999237060547,671,0.0,0.0
2023-09-27 13:30:00-04:00,23.549999237060547,23.600000381469727,23.5,23.5,4375,0.0,0.0
2023-09-27 14:30:00-04:00,23.5,23.54829978942871,23.5,23.54829978942871,2702,0.0,0.0
2023-09-27 15:30:00-04:00,23.5,23.5,23.260000228881836,23.260000228881836,2119,0.0,0.0
2023-09-28 09:30:00-04:00,23.5,23.5,23.5,23.5,0,0.0,0.0
2023-09-28 10:30:00-04:00,23.939899444580078,23.939899444580078,23.5,23.5,3429,0.0,0.0
2023-09-28 11:30:00-04:00,23.5,23.939899444580078,23.139999389648438,23.139999389648438,9363,0.0,0.0
2023-09-28 12:30:00-04:00,23.545000076293945,23.88990020751953,23.05500030517578,23.149999618530273,11030,0.0,0.0
2023-09-28 13:30:00-04:00,23.15999984741211,23.86989974975586,23.0,23.100000381469727,6885,0.0,0.0
2023-09-28 14:30:00-04:00,23.110000610351562,23.639999389648438,23.0,23.0,6121,0.0,0.0
2023-09-28 15:30:00-04:00,23.0,23.86989974975586,23.0,23.0,4948,0.0,0.0
2023-09-29 09:30:00-04:00,23.3799991607666,23.434999465942383,22.889999389648438,22.889999389648438,0,0.0,0.0
2023-09-29 10:30:00-04:00,23.3700008392334,23.41990089416504,22.690000534057617,22.799999237060547,16336,0.0,0.0
2023-09-29 11:30:00-04:00,22.799999237060547,22.864999771118164,22.760000228881836,22.829999923706055,17482,0.0,0.0
2023-09-29 12:30:00-04:00,22.829999923706055,22.975000381469727,22.690000534057617,22.700000762939453,11421,0.0,0.0
2023-09-29 13:30:00-04:00,22.700000762939453,22.789899826049805,22.6299991607666,22.6299991607666,12588,0.0,0.0
2023-09-29 14:30:00-04:00,22.6299991607666,22.989999771118164,22.6200008392334,22.6299991607666,39771,0.0,0.0
2023-09-29 15:30:00-04:00,22.6299991607666,22.75,22.6200008392334,22.649999618530273,19595,0.0,0.0
2023-10-02 09:30:00-04:00,22.84000015258789,22.895000457763672,22.799999237060547,22.799999237060547,12220,0.0,0.0
2023-10-02 10:30:00-04:00,22.8700008392334,22.8700008392334,22.799999237060547,22.799999237060547,2054,0.0,0.0
2023-10-02 11:30:00-04:00,22.975000381469727,22.975000381469727,22.940000534057617,22.950000762939453,1315,0.0,0.0
2023-10-02 12:30:00-04:00,22.905000686645508,22.905000686645508,22.850000381469727,22.860000610351562,4103,0.0,0.0
2023-10-02 13:30:00-04:00,22.950000762939453,22.950000762939453,22.850000381469727,22.850000381469727,805,0.0,0.0
2023-10-02 14:30:00-04:00,22.950000762939453,22.950000762939453,22.950000762939453,22.950000762939453,1000,0.0,0.0
2023-10-02 15:30:00-04:00,22.850000381469727,22.850000381469727,22.799999237060547,22.799999237060547,3292,0.0,0.0
2023-10-03 09:30:00-04:00,22.799999237060547,22.799999237060547,22.616300582885742,22.616300582885742,7067,0.0,0.0
2023-10-03 10:30:00-04:00,22.649999618530273,22.739999771118164,22.43000030517578,22.43000030517578,3967,0.0,0.0
2023-10-03 11:30:00-04:00,22.281400680541992,22.6200008392334,22.281400680541992,22.364999771118164,3225,0.0,0.0
2023-10-03 12:30:00-04:00,22.375,22.399900436401367,22.329999923706055,22.399900436401367,5222,0.0,0.0
2023-10-03 13:30:00-04:00,22.360000610351562,22.3700008392334,22.31999969482422,22.351999282836914,3561,0.0,0.0
2023-10-03 14:30:00-04:00,22.34000015258789,22.34000015258789,22.299999237060547,22.299999237060547,1680,0.0,0.0
2023-10-03 15:30:00-04:00,22.300100326538086,22.309999465942383,22.299999237060547,22.309999465942383,1609,0.0,0.0
2023-10-04 09:30:00-04:00,22.309999465942383,22.309999465942383,22.309999465942383,22.309999465942383,873,0.0,0.0
2023-10-04 11:30:00-04:00,22.37350082397461,22.37350082397461,22.25,22.25,6031,0.0,0.0
2023-10-04 13:30:00-04:00,22.350000381469727,22.350000381469727,22.299999237060547,22.299999237060547,932,0.0,0.0
2023-10-04 14:30:00-04:00,22.84000015258789,22.84000015258789,22.219999313354492,22.219999313354492,2527,0.0,0.0
2023-10-04 15:30:00-04:00,22.040000915527344,22.1200008392334,22.040000915527344,22.110000610351562,0,0.0,0.0
2023-10-05 10:30:00-04:00,22.350000381469727,22.350000381469727,22.350000381469727,22.350000381469727,320,0.0,0.0
2023-10-05 11:30:00-04:00,22.44499969482422,22.629899978637695,22.329999923706055,22.329999923706055,3368,0.0,0.0
2023-10-05 12:30:00-04:00,22.260099411010742,22.329999923706055,22.100099563598633,22.1200008392334,2958,0.0,0.0
2023-10-05 13:30:00-04:00,22.100000381469727,22.1299991607666,22.100000381469727,22.1299991607666,2210,0.0,0.0
2023-10-05 14:30:00-04:00,22.149900436401367,22.149900436401367,22.110000610351562,22.1200008392334,1934,0.0,0.0
2023-10-05 15:30:00-04:00,22.120100021362305,22.170000076293945,22.120100021362305,22.170000076293945,1763,0.0,0.0
2023-10-06 09:30:00-04:00,22.139999389648438,22.139999389648438,22.139999389648438,22.139999389648438,0,0.0,0.0
2023-10-06 10:30:00-04:00,22.450000762939453,22.450000762939453,22.450000762939453,22.450000762939453,3115,0.0,0.0
2023-10-06 11:30:00-04:00,22.450000762939453,22.789899826049805,22.450000762939453,22.454999923706055,2523,0.0,0.0
2023-10-06 12:30:00-04:00,22.31999969482422,22.31999969482422,22.25,22.25,1334,0.0,0.0
2023-10-06 14:30:00-04:00,22.459999084472656,22.459999084472656,22.459999084472656,22.459999084472656,762,0.0,0.0
2023-10-06 15:30:00-04:00,22.329999923706055,22.329999923706055,22.270000457763672,22.270000457763672,230,0.0,0.0
2023-10-09 09:30:00-04:00,22.547500610351562,22.547500610351562,22.547500610351562,22.547500610351562,0,0.0,0.0
2023-10-09 10:30:00-04:00,22.424999237060547,22.469999313354492,22.329999923706055,22.459999084472656,2037,0.0,0.0
2023-10-09 11:30:00-04:00,22.5,22.58489990234375,22.5,22.53499984741211,1300,0.0,0.0
2023-10-09 12:30:00-04:00,22.53499984741211,22.53499984741211,22.53499984741211,22.53499984741211,996,0.0,0.0
2023-10-09 15:30:00-04:00,22.5,22.579999923706055,22.5,22.530099868774414,0,0.0,0.0
2023-10-10 09:30:00-04:00,22.790000915527344,22.790000915527344,22.65999984741211,22.65999984741211,400,0.0,0.0
2023-10-10 10:30:00-04:00,22.655000686645508,22.769899368286133,22.655000686645508,22.769899368286133,500,0.0,0.0
2023-10-10 11:30:00-04:00,22.770000457763672,22.770000457763672,22.725000381469727,22.739999771118164,607,0.0,0.0
2023-10-10 12:30:00-04:00,22.725000381469727,22.769899368286133,22.725000381469727,22.769899368286133,5515,0.0,0.0
2023-10-10 13:30:00-04:00,22.769899368286133,22.770000457763672,22.719999313354492,22.739999771118164,916,0.0,0.0
2023-10-10 14:30:00-04:00,22.719999313354492,22.749900817871094,22.71500015258789,22.71500015258789,1388,0.0,0.0
2023-10-10 15:30:00-04:00,22.700000762939453,22.70400047302246,22.700000762939453,22.70400047302246,0,0.0,0.0
2023-10-11 09:30:00-04:00,22.799999237060547,22.799999237060547,22.520000457763672,22.610000610351562,4205,0.0,0.0
2023-10-11 10:30:00-04:00,22.690000534057617,22.760400772094727,22.65999984741211,22.725000381469727,21209,0.0,0.0
2023-10-11 11:30:00-04:00,22.725000381469727,22.749900817871094,22.719999313354492,22.725000381469727,15619,0.0,0.0
2023-10-11 12:30:00-04:00,22.725000381469727,22.729999542236328,22.65999984741211,22.65999984741211,2600,0.0,0.0
2023-10-11 13:30:00-04:00,22.649999618530273,22.66990089416504,22.6299991607666,22.645000457763672,4683,0.0,0.0
2023-10-11 14:30:00-04:00,22.649999618530273,22.68000030517578,22.6200008392334,22.665000915527344,9620,0.0,0.0
2023-10-11 15:30:00-04:00,22.665000915527344,22.670000076293945,22.665000915527344,22.670000076293945,0,0.0,0.0
2023-10-12 09:30:00-04:00,22.674999237060547,22.729999542236328,22.674999237060547,22.719999313354492,2508,0.0,0.0
2023-10-12 10:30:00-04:00,22.719999313354492,22.93000030517578,22.68000030517578,22.799999237060547,3615,0.0,0.0
2023-10-12 11:30:00-04:00,23.020000457763672,23.5,23.020000457763672,23.435699462890625,2747,0.0,0.0
2023-10-12 12:30:00-04:00,23.149999618530273,23.149999618530273,22.975000381469727,23.079999923706055,356,0.0,0.0
2023-10-12 13:30:00-04:00,22.969999313354492,22.979999542236328,22.93000030517578,22.979999542236328,902,0.0,0.0
2023-10-12 14:30:00-04:00,23.100000381469727,23.190000534057617,22.770000457763672,23.075000762939453,5223,0.0,0.0
2023-10-12 15:30:00-04:00,23.1299991607666,23.1299991607666,23.065000534057617,23.065000534057617,1720,0.0,0.0
2023-10-13 09:30:00-04:00,23.479999542236328,23.479999542236328,23.000099182128906,23.000099182128906,0,0.0,0.0
2023-10-13 10:30:00-04:00,23.290000915527344,23.290000915527344,23.0,23.049999237060547,4749,0.0,0.0
2023-10-13 11:30:00-04:00,23.049999237060547,23.099899291992188,23.000099182128906,23.084999084472656,3280,0.0,0.0
2023-10-13 12:30:00-04:00,23.084999084472656,23.110000610351562,23.084999084472656,23.110000610351562,2455,0.0,0.0
2023-10-13 13:30:00-04:00,23.079999923706055,23.09000015258789,22.799999237060547,22.799999237060547,8555,0.0,0.0
2023-10-13 14:30:00-04:00,22.559999465942383,22.559999465942383,22.559999465942383,22.559999465942383,120,0.0,0.0
2023-10-13 15:30:00-04:00,22.670000076293945,22.670000076293945,22.670000076293945,22.670000076293945,651,0.0,0.0
2023-10-16 09:30:00-04:00,23.02050018310547,23.225000381469727,23.0,23.098499298095703,0,0.0,0.0
2023-10-16 10:30:00-04:00,23.049999237060547,23.049999237060547,22.829999923706055,22.915000915527344,630,0.0,0.0
2023-10-16 11:30:00-04:00,23.0,23.0,23.0,23.0,289,0.0,0.0
2023-10-16 12:30:00-04:00,23.0,23.045000076293945,23.0,23.0,1493,0.0,0.0
2023-10-16 13:30:00-04:00,22.770000457763672,23.052000045776367,22.770000457763672,23.052000045776367,2052,0.0,0.0
2023-10-16 14:30:00-04:00,22.959999084472656,23.0,22.8799991607666,23.0,1477,0.0,0.0
2023-10-16 15:30:00-04:00,22.889999389648438,22.889999389648438,22.827699661254883,22.8799991607666,2428,0.0,0.0
2023-10-17 09:30:00-04:00,23.149999618530273,23.15999984741211,23.010000228881836,23.010000228881836,995,0.0,0.0
2023-10-17 10:30:00-04:00,23.0,23.0,23.0,23.0,274,0.0,0.0
2023-10-17 11:30:00-04:00,23.040000915527344,23.040000915527344,23.040000915527344,23.040000915527344,248,0.0,0.0
2023-10-17 12:30:00-04:00,23.045000076293945,23.045000076293945,23.045000076293945,23.045000076293945,144,0.0,0.0
2023-10-17 13:30:00-04:00,23.0,23.09000015258789,23.0,23.0,2524,0.0,0.0
2023-10-17 14:30:00-04:00,23.440000534057617,23.440000534057617,23.0,23.110000610351562,3200,0.0,0.0
2023-10-17 15:30:00-04:00,23.0,23.149999618530273,23.0,23.149900436401367,0,0.0,0.0
2023-10-18 09:30:00-04:00,23.18000030517578,23.229999542236328,23.18000030517578,23.229999542236328,929,0.0,0.0
2023-10-18 10:30:00-04:00,23.1299991607666,23.21470069885254,23.0,23.21470069885254,1342,0.0,0.0
2023-10-18 11:30:00-04:00,23.161699295043945,23.161699295043945,22.81999969482422,22.81999969482422,5681,0.0,0.0
2023-10-18 13:30:00-04:00,23.100000381469727,23.100000381469727,23.100000381469727,23.100000381469727,186,0.0,0.0
2023-10-18 14:30:00-04:00,23.260000228881836,23.260000228881836,23.260000228881836,23.260000228881836,0,0.0,0.0
2023-10-19 10:30:00-04:00,23.309999465942383,23.3799991607666,23.209999084472656,23.3799991607666,1294,0.0,0.0
2023-10-19 11:30:00-04:00,23.309999465942383,23.40999984741211,23.309999465942383,23.31909942626953,1379,0.0,0.0
2023-10-19 12:30:00-04:00,23.309999465942383,23.309999465942383,23.209999084472656,23.209999084472656,474,0.0,0.0
2023-10-19 14:30:00-04:00,23.219999313354492,23.219999313354492,23.079999923706055,23.079999923706055,486,0.0,0.0
2023-10-19 15:30:00-04:00,23.40999984741211,23.40999984741211,23.079999923706055,23.079999923706055,0,0.0,0.0
2023-10-20 09:30:00-04:00,23.049999237060547,23.049999237060547,23.0,23.0,844,0.0,0.0
2023-10-20 10:30:00-04:00,23.049999237060547,23.049999237060547,22.899999618530273,22.899999618530273,1078,0.0,0.0
2023-10-20 11:30:00-04:00,22.93000030517578,22.999900817871094,22.93000030517578,22.950000762939453,1594,0.0,0.0
2023-10-20 12:30:00-04:00,22.999900817871094,22.999900817871094,22.999900817871094,22.999900817871094,422,0.0,0.0
2023-10-20 13:30:00-04:00,22.989200592041016,23.0,22.989200592041016,22.999900817871094,818,0.0,0.0
2023-10-20 14:30:00-04:00,23.190000534057617,23.190000534057617,23.190000534057617,23.190000534057617,122,0.0,0.0
2023-10-20 15:30:00-04:00,23.010000228881836,23.010000228881836,23.010000228881836,23.010000228881836,111,0.0,0.0
2023-10-23 09:30:00-04:00,23.239999771118164,23.75,23.239999771118164,23.75,8119,0.0,0.0
2023-10-23 10:30:00-04:00,23.709999084472656,23.821199417114258,23.6299991607666,23.750099182128906,13106,0.0,0.0
2023-10-23 11:30:00-04:00,23.600000381469727,23.649999618530273,23.52589988708496,23.52589988708496,4106,0.0,0.0
2023-10-23 12:30:00-04:00,23.70199966430664,23.70199966430664,23.70199966430664,23.70199966430664,390,0.0,0.0
2023-10-23 13:30:00-04:00,23.690000534057617,23.700000762939453,23.6299991607666,23.700000762939453,5599,0.0,0.0
2023-10-23 14:30:00-04:00,23.61400032043457,23.739999771118164,23.61400032043457,23.739999771118164,3070,0.0,0.0
2023-10-23 15:30:00-04:00,23.749900817871094,23.749900817871094,23.65999984741211,23.729999542236328,0,0.0,0.0
2023-10-24 10:30:00-04:00,23.739999771118164,23.75,23.739999771118164,23.75,1106,0.0,0.0
2023-10-24 11:30:00-04:00,23.65999984741211,23.739999771118164,23.65999984741211,23.739999771118164,535,0.0,0.0
2023-10-24 12:30:00-04:00,23.75,23.75,23.65999984741211,23.739999771118164,6549,0.0,0.0
2023-10-24 13:30:00-04:00,23.75,23.75,23.735599517822266,23.74970054626465,1713,0.0,0.0
2023-10-24 14:30:00-04:00,23.700000762939453,23.700000762939453,23.657499313354492,23.657499313354492,1028,0.0,0.0
2023-10-24 15:30:00-04:00,23.680999755859375,23.700000762939453,23.68000030517578,23.700000762939453,1153,0.0,0.0
2023-10-25 09:30:00-04:00,23.739999771118164,23.739999771118164,23.739999771118164,23.739999771118164,0,0.0,0.0
2023-10-25 11:30:00-04:00,23.700000762939453,23.700000762939453,23.700000762939453,23.700000762939453,552,0.0,0.0
2023-10-25 12:30:00-04:00,23.709999084472656,23.709999084472656,23.700000762939453,23.709999084472656,1090,0.0,0.0
2023-10-25 15:30:00-04:00,23.690000534057617,23.695100784301758,23.690000534057617,23.695100784301758,455,0.0,0.0
2023-10-26 09:30:00-04:00,23.649999618530273,23.649999618530273,23.604999542236328,23.604999542236328,0,0.0,0.0
2023-10-26 10:30:00-04:00,23.600000381469727,23.649900436401367,23.600000381469727,23.649900436401367,800,0.0,0.0
2023-10-26 12:30:00-04:00,23.649999618530273,23.649999618530273,23.579999923706055,23.579999923706055,837,0.0,0.0
2023-10-26 15:30:00-04:00,23.599899291992188,23.599899291992188,23.599899291992188,23.599899291992188,300,0.0,0.0
2023-10-27 09:30:00-04:00,23.700000762939453,23.75,23.700000762939453,23.75,2598,0.0,0.0
2023-10-27 10:30:00-04:00,23.834999084472656,23.834999084472656,23.770000457763672,23.770000457763672,604,0.0,0.0
2023-10-27 11:30:00-04:00,23.780000686645508,23.780000686645508,23.770000457763672,23.770000457763672,4736,0.0,0.0
2023-10-27 13:30:00-04:00,23.680299758911133,23.760000228881836,23.649999618530273,23.760000228881836,1191,0.0,0.0
2023-10-30 09:30:00-04:00,23.649999618530273,23.764999389648438,23.649999618530273,23.764999389648438,0,0.0,0.0
2023-10-30 10:30:00-04:00,23.780000686645508,23.780099868774414,23.780000686645508,23.780099868774414,214,0.0,0.0
2023-10-30 11:30:00-04:00,23.760000228881836,23.760000228881836,23.725000381469727,23.725000381469727,411,0.0,0.0
2023-10-30 13:30:00-04:00,23.780000686645508,23.799999237060547,23.770000457763672,23.790000915527344,1453,0.0,0.0
2023-10-30 14:30:00-04:00,23.844999313354492,23.860000610351562,23.7549991607666,23.7549991607666,1238,0.0,0.0
2023-10-30 15:30:00-04:00,23.859899520874023,23.859899520874023,23.7549991607666,23.7549991607666,0,0.0,0.0
2023-10-31 09:30:00-04:00,23.859899520874023,23.859899520874023,23.859899520874023,23.859899520874023,321,0.0,0.0
2023-10-31 10:30:00-04:00,23.729999542236328,23.729999542236328,23.729999542236328,23.729999542236328,100,0.0,0.0
2023-10-31 11:30:00-04:00,23.760000228881836,23.834999084472656,23.760000228881836,23.834999084472656,518,0.0,0.0
2023-10-31 15:30:00-04:00,23.860000610351562,23.979999542236328,23.860000610351562,23.895000457763672,1715,0.0,0.0
2023-11-01 09:30:00-04:00,23.940000534057617,24.209999084472656,23.940000534057617,24.209999084472656,1803,0.0,0.0
2023-11-01 10:30:00-04:00,24.405000686645508,24.405000686645508,24.209999084472656,24.405000686645508,4400,0.0,0.0
2023-11-01 11:30:00-04:00,24.44499969482422,24.44499969482422,24.211700439453125,24.211700439453125,914,0.0,0.0
2023-11-01 12:30:00-04:00,24.344999313354492,24.344999313354492,24.344999313354492,24.344999313354492,496,0.0,0.0
2023-11-01 13:30:00-04:00,24.469999313354492,24.469999313354492,24.299999237060547,24.399999618530273,4000,0.0,0.0
2023-11-01 14:30:00-04:00,24.405500411987305,24.454999923706055,24.404399871826172,24.450000762939453,4827,0.0,0.0
2023-11-01 15:30:00-04:00,24.459999084472656,24.459999084472656,24.420000076293945,24.420000076293945,0,0.0,0.0
2023-11-02 09:30:00-04:00,24.420000076293945,24.420000076293945,24.325000762939453,24.325000762939453,768,0.0,0.0
2023-11-02 10:30:00-04:00,24.549999237060547,24.549999237060547,24.549999237060547,24.549999237060547,230,0.0,0.0
2023-11-02 11:30:00-04:00,24.329999923706055,24.540000915527344,24.329999923706055,24.540000915527344,361,0.0,0.0
2023-11-02 12:30:00-04:00,24.530000686645508,24.559999465942383,24.28619956970215,24.540000915527344,905,0.0,0.0
2023-11-02 13:30:00-04:00,24.344999313354492,24.344999313354492,24.344999313354492,24.344999313354492,110,0.0,0.0
2023-11-02 14:30:00-04:00,24.479999542236328,24.479999542236328,24.479999542236328,24.479999542236328,301,0.0,0.0
2023-11-02 15:30:00-04:00,24.5,24.5,24.479999542236328,24.479999542236328,0,0.0,0.0
2023-11-03 09:30:00-04:00,24.389999389648438,24.389999389648438,24.389999389648438,24.389999389648438,551,0.0,0.0
2023-11-03 10:30:00-04:00,24.469900131225586,24.469900131225586,24.469900131225586,24.469900131225586,128,0.0,0.0
2023-11-03 11:30:00-04:00,24.450000762939453,24.45039939880371,24.450000762939453,24.45039939880371,548,0.0,0.0
2023-11-03 13:30:00-04:00,24.469999313354492,24.469999313354492,24.39349937438965,24.39349937438965,3118,0.0,0.0
2023-11-03 14:30:00-04:00,24.389999389648438,24.625,24.389999389648438,24.503799438476562,7484,0.0,0.0
2023-11-03 15:30:00-04:00,24.594999313354492,24.594999313354492,24.594999313354492,24.594999313354492,190,0.0,0.0
2023-11-06 09:30:00-05:00,24.274999618530273,24.34000015258789,24.239999771118164,24.2450008392334,0,0.0,0.0
2023-11-06 11:30:00-05:00,24.34000015258789,24.34000015258789,24.34000015258789,24.34000015258789,105,0.0,0.0
2023-11-06 12:30:00-05:00,24.354999542236328,24.354999542236328,24.354999542236328,24.354999542236328,800,0.0,0.0
2023-11-06 13:30:00-05:00,24.360000610351562,24.440000534057617,24.360000610351562,24.440000534057617,4023,0.0,0.0
2023-11-06 14:30:00-05:00,24.280000686645508,24.489999771118164,24.229999542236328,24.229999542236328,1324,0.0,0.0
2023-11-06 15:30:00-05:00,24.270000457763672,24.3700008392334,24.25,24.3700008392334,0,0.0,0.0
2023-11-07 09:30:00-05:00,24.309999465942383,24.309999465942383,24.149999618530273,24.149999618530273,951,0.0,0.0
2023-11-07 10:30:00-05:00,24.219999313354492,24.249900817871094,24.18000030517578,24.24810028076172,1755,0.0,0.0
2023-11-07 11:30:00-05:00,24.229999542236328,24.309999465942383,24.18000030517578,24.309900283813477,2624,0.0,0.0
2023-11-07 13:30:00-05:00,24.375,24.375,24.375,24.375,149,0.0,0.0
2023-11-08 09:30:00-05:00,24.68000030517578,24.68000030517578,24.360000610351562,24.399999618530273,0,0.0,0.0
2023-11-08 13:30:00-05:00,24.589799880981445,24.600000381469727,24.53499984741211,24.53499984741211,4373,0.0,0.0
2023-11-08 15:30:00-05:00,24.6299991607666,24.739999771118164,24.6299991607666,24.739999771118164,371,0.0,0.0
2023-11-09 09:30:00-05:00,24.450000762939453,24.450000762939453,24.450000762939453,24.450000762939453,100,0.0,0.0
2023-11-09 11:30:00-05:00,24.469999313354492,24.479999542236328,24.399999618530273,24.43000030517578,2194,0.0,0.0
2023-11-09 12:30:00-05:00,24.43000030517578,24.43000030517578,24.40999984741211,24.40999984741211,708,0.0,0.0
2023-11-09 13:30:00-05:00,24.399999618530273,24.700000762939453,24.399999618530273,24.700000762939453,575,0.0,0.0
2023-11-09 15:30:00-05:00,24.5,24.5,24.5,24.5,300,0.0,0.0
2023-11-10 10:30:00-05:00,24.700000762939453,24.700000762939453,24.700000762939453,24.700000762939453,0,0.0,0.0
2023-11-10 13:30:00-05:00,24.600000381469727,24.600000381469727,24.600000381469727,24.600000381469727,1000,0.0,0.0
2023-11-10 14:30:00-05:00,24.610000610351562,24.610000610351562,24.600000381469727,24.600000381469727,600,0.0,0.0
2023-11-10 15:30:00-05:00,24.600000381469727,24.600000381469727,24.600000381469727,24.600000381469727,341,0.0,0.0
2023-11-13 09:30:00-05:00,24.622499465942383,24.622499465942383,24.600000381469727,24.600000381469727,0,0.0,0.0
2023-11-13 10:30:00-05:00,24.600000381469727,24.600099563598633,24.600000381469727,24.600099563598633,288,0.0,0.0
2023-11-13 11:30:00-05:00,24.729999542236328,24.750099182128906,24.729999542236328,24.750099182128906,2685,0.0,0.0
2023-11-13 13:30:00-05:00,24.690000534057617,24.690000534057617,24.690000534057617,24.690000534057617,409,0.0,0.0
2023-11-13 15:30:00-05:00,24.639999389648438,24.639999389648438,24.639999389648438,24.639999389648438,0,0.0,0.0
2023-11-14 09:30:00-05:00,24.40999984741211,24.489999771118164,24.40999984741211,24.489999771118164,513,0.0,0.0
2023-11-14 10:30:00-05:00,24.600000381469727,24.600000381469727,24.600000381469727,24.600000381469727,628,0.0,0.0
2023-11-14 13:30:00-05:00,24.629899978637695,24.6299991607666,24.614999771118164,24.614999771118164,626,0.0,0.0
2023-11-14 14:30:00-05:00,24.614999771118164,24.614999771118164,24.614999771118164,24.614999771118164,0,0.0,0.0
2023-11-15 09:30:00-05:00,24.700000762939453,24.74679946899414,24.700000762939453,24.700000762939453,764,0.0,0.0
2023-11-15 10:30:00-05:00,24.677499771118164,24.677499771118164,24.677499771118164,24.677499771118164,170,0.0,0.0
2023-11-15 11:30:00-05:00,24.649999618530273,24.69969940185547,24.649999618530273,24.69969940185547,967,0.0,0.0
2023-11-15 12:30:00-05:00,24.600000381469727,24.600099563598633,24.399999618530273,24.600099563598633,4389,0.0,0.0
2023-11-16 09:30:00-05:00,24.700000762939453,24.700000762939453,24.700000762939453,24.700000762939453,976,0.0,0.0
2023-11-16 14:30:00-05:00,24.520000457763672,24.520000457763672,24.520000457763672,24.520000457763672,896,0.0,0.0
2023-11-16 15:30:00-05:00,24.520000457763672,24.520000457763672,24.280000686645508,24.450000762939453,0,0.0,0.0
2023-11-17 09:30:00-05:00,24.68000030517578,24.689899444580078,24.499900817871094,24.499900817871094,1162,0.0,0.0
2023-11-17 10:30:00-05:00,24.5,24.5,24.329999923706055,24.329999923706055,744,0.0,0.0
2023-11-17 12:30:00-05:00,24.489999771118164,24.489999771118164,24.487199783325195,24.487199783325195,903,0.0,0.0
2023-11-17 14:30:00-05:00,24.5,24.610000610351562,24.5,24.610000610351562,606,0.0,0.0
2023-11-20 09:30:00-05:00,24.799999237060547,24.809999465942383,24.739999771118164,24.809999465942383,0,0.0,0.0
2023-11-20 12:30:00-05:00,24.65999984741211,24.65999984741211,24.65999984741211,24.65999984741211,1103,0.0,0.0
2023-11-20 15:30:00-05:00,24.65999984741211,24.65999984741211,24.65999984741211,24.65999984741211,177,0.0,0.0
2023-11-21 09:30:00-05:00,24.741100311279297,24.741100311279297,24.736400604248047,24.736400604248047,0,0.0,0.0
2023-11-21 11:30:00-05:00,24.725000381469727,24.725000381469727,24.725000381469727,24.725000381469727,200,0.0,0.0
2023-11-21 12:30:00-05:00,24.700000762939453,24.74250030517578,24.700000762939453,24.739599227905273,1837,0.0,0.0
2023-11-21 13:30:00-05:00,24.700000762939453,24.719999313354492,24.700000762939453,24.700000762939453,1340,0.0,0.0
2023-11-21 14:30:00-05:00,24.709999084472656,24.709999084472656,24.68000030517578,24.709999084472656,0,0.0,0.0
2023-11-22 09:30:00-05:00,24.719999313354492,24.75,24.690000534057617,24.75,629,0.0,0.0
2023-11-22 10:30:00-05:00,24.709999084472656,24.709999084472656,24.709999084472656,24.709999084472656,472,0.0,0.0
2023-11-22 11:30:00-05:00,24.610000610351562,24.709999084472656,24.610000610351562,24.700000762939453,1142,0.0,0.0
2023-11-22 12:30:00-05:00,24.690000534057617,24.690000534057617,24.6299991607666,24.6299991607666,1341,0.0,0.0
2023-11-24 09:30:00-05:00,24.739999771118164,24.75,24.680200576782227,24.680200576782227,0,0.0,0.0
2023-11-24 11:30:00-05:00,24.75,24.75,24.75,24.75,157,0.0,0.0
2023-11-24 12:30:00-05:00,24.6299991607666,24.6299991607666,24.6299991607666,24.6299991607666,0,0.0,0.0
2023-11-27 09:30:00-05:00,24.5,24.600000381469727,24.5,24.600000381469727,1833,0.0,0.0
2023-11-27 10:30:00-05:00,24.520299911499023,24.549999237060547,24.520299911499023,24.549999237060547,510,0.0,0.0
2023-11-27 11:30:00-05:00,24.540000915527344,24.549999237060547,24.5,24.520000457763672,4316,0.0,0.0
2023-11-27 12:30:00-05:00,24.549999237060547,24.559999465942383,24.549999237060547,24.559999465942383,522,0.0,0.0
2023-11-27 13:30:00-05:00,24.549999237060547,24.549999237060547,24.549999237060547,24.549999237060547,1004,0.0,0.0
2023-11-27 14:30:00-05:00,24.559999465942383,24.625,24.550100326538086,24.600000381469727,1788,0.0,0.0
2023-11-27 15:30:00-05:00,24.700000762939453,24.700000762939453,24.700000762939453,24.700000762939453,0,0.0,0.0
2023-11-28 09:30:00-05:00,24.610000610351562,24.700000762939453,24.610000610351562,24.700000762939453,1603,0.0,0.0
2023-11-28 10:30:00-05:00,24.699899673461914,24.699899673461914,24.610000610351562,24.610000610351562,810,0.0,0.0
2023-11-28 11:30:00-05:00,24.68000030517578,24.75,24.68000030517578,24.75,2485,0.0,0.0
2023-11-28 13:30:00-05:00,24.7549991607666,24.7549991607666,24.709999084472656,24.7549991607666,1383,0.0,0.0
2023-11-28 14:30:00-05:00,24.709999084472656,24.709999084472656,24.709999084472656,24.709999084472656,517,0.0,0.0
2023-11-28 15:30:00-05:00,24.790000915527344,24.799999237060547,24.719999313354492,24.719999313354492,0,0.0,0.0
2023-11-29 09:30:00-05:00,24.700000762939453,24.75,24.700000762939453,24.700000762939453,1434,0.0,0.0
2023-11-29 10:30:00-05:00,24.70009994506836,24.70009994506836,24.70009994506836,24.70009994506836,499,0.0,0.0
2023-11-29 11:30:00-05:00,24.75,24.75,24.649999618530273,24.649999618530273,1576,0.0,0.0
2023-11-29 12:30:00-05:00,24.554000854492188,24.649999618530273,24.554000854492188,24.649900436401367,1415,0.0,0.0
2023-11-29 13:30:00-05:00,24.739999771118164,24.75,24.719999313354492,24.719999313354492,0,0.0,0.0
2023-11-30 12:30:00-05:00,24.459999084472656,24.459999084472656,24.459999084472656,24.459999084472656,131,0.0,0.0
2023-11-30 13:30:00-05:00,24.450000762939453,24.459999084472656,24.3700008392334,24.459999084472656,1922,0.0,0.0
2023-11-30 14:30:00-05:00,24.35110092163086,24.530000686645508,24.35110092163086,24.530000686645508,420,0.0,0.0
2023-11-30 15:30:00-05:00,24.520000457763672,24.579999923706055,24.489999771118164,24.559999465942383,2626,0.0,0.0
2023-12-01 09:30:00-05:00,24.420000076293945,24.420000076293945,24.350000381469727,24.399999618530273,0,0.0,0.0
2023-12-01 10:30:00-05:00,24.399999618530273,24.399999618530273,24.120100021362305,24.350000381469727,1563,0.0,0.0
2023-12-01 11:30:00-05:00,24.350000381469727,24.350000381469727,24.350000381469727,24.350000381469727,369,0.0,0.0
2023-12-01 13:30:00-05:00,24.5,24.5,24.5,24.5,254,0.0,0.0
2023-12-04 09:30:00-05:00,24.5,24.509000778198242,24.440000534057617,24.440000534057617,0,0.0,0.0
2023-12-04 10:30:00-05:00,24.433799743652344,24.479999542236328,24.399999618530273,24.399999618530273,1000,0.0,0.0
2023-12-04 11:30:00-05:00,24.459999084472656,24.499000549316406,24.450000762939453,24.450000762939453,1058,0.0,0.0
2023-12-04 15:30:00-05:00,24.5,24.5,24.5,24.5,0,0.0,0.0
2023-12-05 10:30:00-05:00,24.5,24.5,24.5,24.5,971,0.0,0.0
2023-12-05 12:30:00-05:00,24.530000686645508,24.530000686645508,24.52989959716797,24.52989959716797,695,0.0,0.0
2023-12-05 14:30:00-05:00,24.530000686645508,24.59000015258789,24.530000686645508,24.59000015258789,667,0.0,0.0
2023-12-06 09:30:00-05:00,24.75,24.75,24.75,24.75,0,0.0,0.0
2023-12-06 10:30:00-05:00,24.739999771118164,24.75,24.729999542236328,24.75,728,0.0,0.0
2023-12-06 11:30:00-05:00,24.520000457763672,24.530000686645508,24.485700607299805,24.5,12070,0.0,0.0
2023-12-06 12:30:00-05:00,24.485000610351562,24.485000610351562,24.469999313354492,24.485000610351562,722,0.0,0.0
2023-12-06 13:30:00-05:00,24.5,24.5,24.485000610351562,24.5,784,0.0,0.0
2023-12-06 14:30:00-05:00,24.5,24.5,24.454999923706055,24.454999923706055,302,0.0,0.0
2023-12-06 15:30:00-05:00,24.5,24.700000762939453,24.420000076293945,24.700000762939453,0,0.0,0.0
2023-12-07 10:30:00-05:00,24.674999237060547,24.674999237060547,24.600000381469727,24.600000381469727,968,0.0,0.0
2023-12-07 11:30:00-05:00,24.600099563598633,24.64780044555664,24.600000381469727,24.64780044555664,827,0.0,0.0
2023-12-07 12:30:00-05:00,24.639999389648438,24.639999389648438,24.639999389648438,24.639999389648438,220,0.0,0.0
2023-12-07 13:30:00-05:00,24.649999618530273,24.649999618530273,24.497900009155273,24.497900009155273,796,0.0,0.0
2023-12-07 15:30:00-05:00,24.600000381469727,24.600000381469727,24.600000381469727,24.600000381469727,342,0.0,0.0
2023-12-08 12:30:00-05:00,24.649999618530273,24.649999618530273,24.649999618530273,24.649999618530273,0,0.0,0.0
2023-12-08 14:30:00-05:00,24.649999618530273,24.649999618530273,24.649999618530273,24.649999618530273,904,0.0,0.0
2023-12-08 15:30:00-05:00,24.6200008392334,24.649999618530273,24.6200008392334,24.649999618530273,388,0.0,0.0
2023-12-11 10:30:00-05:00,24.5,24.5,24.41010093688965,24.41010093688965,100,0.0,0.0
2023-12-11 11:30:00-05:00,24.5,24.5,24.440000534057617,24.5,2394,0.0,0.0
2023-12-11 13:30:00-05:00,24.489999771118164,24.489999771118164,24.489999771118164,24.489999771118164,235,0.0,0.0
2023-12-11 14:30:00-05:00,24.489999771118164,24.489999771118164,24.489999771118164,24.489999771118164,581,0.0,0.0
2023-12-11 15:30:00-05:00,24.46500015258789,24.46500015258789,24.46500015258789,24.46500015258789,0,0.0,0.0
2023-12-12 10:30:00-05:00,24.540000915527344,24.540000915527344,24.540000915527344,24.540000915527344,130,0.0,0.0
2023-12-12 12:30:00-05:00,24.440000534057617,24.440000534057617,24.440000534057617,24.440000534057617,253,0.0,0.0
2023-12-12 13:30:00-05:00,24.399999618530273,24.399999618530273,24.399999618530273,24.399999618530273,0,0.0,0.0
2023-12-12 15:30:00-05:00,24.5,24.5,24.5,24.5,3033,0.0,0.0
2023-12-13 09:30:00-05:00,24.399999618530273,24.43000030517578,24.399999618530273,24.399999618530273,0,0.0,0.0
2023-12-13 11:30:00-05:00,24.5,24.5,24.475000381469727,24.475000381469727,389,0.0,0.0
2023-12-13 12:30:00-05:00,24.5,24.524999618530273,24.475000381469727,24.524999618530273,1685,0.0,0.0
2023-12-13 13:30:00-05:00,24.520000457763672,24.520000457763672,24.510000228881836,24.510000228881836,1408,0.0,0.0
2023-12-13 14:30:00-05:00,24.5,24.507200241088867,24.5,24.5,1266,0.0,0.0
2023-12-13 15:30:00-05:00,24.5,24.549999237060547,24.451000213623047,24.5,0,0.0,0.0
2023-12-14 09:30:00-05:00,24.6299991607666,24.719999313354492,24.6299991607666,24.71980094909668,4202,0.0,0.0
2023-12-14 10:30:00-05:00,24.649999618530273,24.700000762939453,24.649999618530273,24.700000762939453,1155,0.0,0.0
2023-12-14 11:30:00-05:00,24.610000610351562,24.610000610351562,24.610000610351562,24.610000610351562,111,0.0,0.0
2023-12-14 12:30:00-05:00,24.6200008392334,24.6200008392334,24.6200008392334,24.6200008392334,2293,0.0,0.0
2023-12-14 13:30:00-05:00,24.6200008392334,24.6200008392334,24.600000381469727,24.600000381469727,1848,0.0,0.0
2023-12-14 14:30:00-05:00,24.600000381469727,24.600000381469727,24.600000381469727,24.600000381469727,0,0.0,0.0
2023-12-15 11:30:00-05:00,24.549999237060547,24.549999237060547,24.454999923706055,24.454999923706055,907,0.0,0.0
2023-12-15 15:30:00-05:00,24.450000762939453,24.450000762939453,24.450000762939453,24.450000762939453,382,0.0,0.0
2023-12-18 09:30:00-05:00,24.459999084472656,24.459999084472656,24.459999084472656,24.459999084472656,0,0.0,0.0
2023-12-18 10:30:00-05:00,24.459999084472656,24.469999313354492,24.459999084472656,24.459999084472656,2900,0.0,0.0
2023-12-18 11:30:00-05:00,24.653099060058594,24.653099060058594,24.575000762939453,24.575000762939453,414,0.0,0.0
2023-12-18 13:30:00-05:00,24.575000762939453,24.575000762939453,24.450000762939453,24.459999084472656,1121,0.0,0.0
2023-12-18 14:30:00-05:00,24.469999313354492,24.479999542236328,24.450000762939453,24.479999542236328,958,0.0,0.0
2023-12-18 15:30:00-05:00,24.510000228881836,24.610000610351562,24.40999984741211,24.450000762939453,0,0.0,0.0
2023-12-19 11:30:00-05:00,24.520000457763672,24.520000457763672,24.520000457763672,24.520000457763672,1543,0.0,0.0
2023-12-19 13:30:00-05:00,24.549999237060547,24.610000610351562,24.520000457763672,24.610000610351562,1625,0.0,0.0
2023-12-19 14:30:00-05:00,24.53070068359375,24.56999969482422,24.504199981689453,24.504199981689453,3489,0.0,0.0
2023-12-19 15:30:00-05:00,24.5,24.540000915527344,24.5,24.540000915527344,250,0.0,0.0
2023-12-20 09:30:00-05:00,24.600000381469727,24.600000381469727,24.600000381469727,24.600000381469727,0,0.0,0.0
2023-12-20 11:30:00-05:00,24.699899673461914,24.699899673461914,24.699899673461914,24.699899673461914,487,0.0,0.0
2023-12-20 12:30:00-05:00,24.699899673461914,24.700000762939453,24.614999771118164,24.614999771118164,1300,0.0,0.0
2023-12-20 13:30:00-05:00,24.56999969482422,24.56999969482422,24.530000686645508,24.530000686645508,1351,0.0,0.0
2023-12-20 14:30:00-05:00,24.600000381469727,24.600000381469727,24.594999313354492,24.594999313354492,719,0.0,0.0
2023-12-20 15:30:00-05:00,24.679899215698242,24.679899215698242,24.549999237060547,24.549999237060547,1539,0.0,0.0
2023-12-21 09:30:00-05:00,24.649999618530273,24.649999618530273,24.549999237060547,24.549999237060547,0,0.0,0.0
2023-12-21 10:30:00-05:00,24.549999237060547,24.749900817871094,24.549999237060547,24.56999969482422,2391,0.0,0.0
2023-12-21 11:30:00-05:00,24.610000610351562,24.610000610351562,24.610000610351562,24.610000610351562,631,0.0,0.0
2023-12-21 12:30:00-05:00,24.6560001373291,24.739900588989258,24.600000381469727,24.600000381469727,2839,0.0,0.0
2023-12-21 13:30:00-05:00,24.600000381469727,24.739900588989258,24.600000381469727,24.600000381469727,2390,0.0,0.0
2023-12-21 14:30:00-05:00,24.600000381469727,24.600000381469727,24.600000381469727,24.600000381469727,910,0.0,0.0
2023-12-21 15:30:00-05:00,24.549999237060547,24.739999771118164,24.549999237060547,24.739999771118164,0,0.0,0.0
2023-12-22 11:30:00-05:00,24.635000228881836,24.635000228881836,24.520000457763672,24.520000457763672,302,0.0,0.0
2023-12-22 13:30:00-05:00,24.579999923706055,24.579999923706055,24.579999923706055,24.579999923706055,235,0.0,0.0
2023-12-22 14:30:00-05:00,24.520000457763672,24.530000686645508,24.469999313354492,24.469999313354492,1663,0.0,0.0
2023-12-22 15:30:00-05:00,24.55500030517578,24.59000015258789,24.55500030517578,24.59000015258789,271,0.0,0.0
2023-12-26 10:30:00-05:00,24.600000381469727,24.600000381469727,24.571699142456055,24.571699142456055,250,0.0,0.0
2023-12-26 11:30:00-05:00,24.6200008392334,24.6200008392334,24.6200008392334,24.6200008392334,0,0.0,0.0
2023-12-27 09:30:00-05:00,24.6200008392334,24.6200008392334,24.6200008392334,24.6200008392334,582,0.0,0.0
2023-12-27 10:30:00-05:00,24.735000610351562,24.735000610351562,24.735000610351562,24.735000610351562,211,0.0,0.0
2023-12-27 11:30:00-05:00,24.75,24.75,24.75,24.75,294,0.0,0.0
2023-12-27 12:30:00-05:00,24.719999313354492,24.719999313354492,24.709999084472656,24.709999084472656,4074,0.0,0.0
2023-12-27 13:30:00-05:00,24.712600708007812,24.712600708007812,24.712600708007812,24.712600708007812,100,0.0,0.0
2023-12-27 14:30:00-05:00,24.709999084472656,24.709999084472656,24.709999084472656,24.709999084472656,421,0.0,0.0
2023-12-27 15:30:00-05:00,24.729999542236328,24.75,24.729999542236328,24.75,0,0.0,0.0
2023-12-28 09:30:00-05:00,24.75,24.75,24.75,24.75,305,0.0,0.0
2023-12-28 10:30:00-05:00,24.75,24.75,24.749900817871094,24.749900817871094,500,0.0,0.0
2023-12-28 13:30:00-05:00,24.75,24.75,24.75,24.75,1765,0.0,0.0
2023-12-28 15:30:00-05:00,24.8799991607666,24.950000762939453,24.8799991607666,24.940099716186523,0,0.0,0.0
2023-12-29 13:30:00-05:00,24.790000915527344,24.86199951171875,24.790000915527344,24.86199951171875,359,0.0,0.0
2023-12-29 14:30:00-05:00,24.86009979248047,24.899999618530273,24.780000686645508,24.899999618530273,1466,0.0,0.0
2023-12-29 15:30:00-05:00,24.829999923706055,24.84000015258789,24.579999923706055,24.579999923706055,2085,0.0,0.0
2024-01-02 10:30:00-05:00,24.989999771118164,25.100000381469727,24.983999252319336,25.100000381469727,2183,0.0,0.0
2024-01-02 11:30:00-05:00,25.049999237060547,25.049999237060547,25.009899139404297,25.010000228881836,3334,0.0,0.0
2024-01-02 12:30:00-05:00,24.98900032043457,25.009899139404297,24.956100463867188,25.009899139404297,4203,0.0,0.0
2024-01-02 13:30:00-05:00,24.950000762939453,25.079999923706055,24.950000762939453,25.059999465942383,0,0.0,0.0
2024-01-03 09:30:00-05:00,24.989999771118164,25.0,24.989999771118164,25.0,1019,0.0,0.0
2024-01-03 10:30:00-05:00,24.750099182128906,24.750099182128906,24.750099182128906,24.750099182128906,120,0.0,0.0
2024-01-03 11:30:00-05:00,24.999900817871094,24.999900817871094,24.999900817871094,24.999900817871094,1100,0.0,0.0
2024-01-03 12:30:00-05:00,24.8799991607666,24.90999984741211,24.770000457763672,24.8799991607666,1520,0.0,0.0
2024-01-03 13:30:00-05:00,24.889999389648438,24.889999389648438,24.889999389648438,24.889999389648438,238,0.0,0.0
2024-01-03 15:30:00-05:00,24.950000762939453,24.950000762939453,24.890100479125977,24.890100479125977,0,0.0,0.0
2024-01-04 09:30:00-05:00,24.889999389648438,24.94499969482422,24.889999389648438,24.94219970703125,1854,0.0,0.0
2024-01-04 10:30:00-05:00,24.776500701904297,24.790000915527344,24.776500701904297,24.790000915527344,362,0.0,0.0
2024-01-04 11:30:00-05:00,24.809799194335938,24.809799194335938,24.770000457763672,24.770000457763672,450,0.0,0.0
2024-01-04 13:30:00-05:00,24.850000381469727,24.850000381469727,24.850000381469727,24.850000381469727,0,0.0,0.0
2024-01-05 10:30:00-05:00,24.850099563598633,24.850099563598633,24.850000381469727,24.850000381469727,312,0.0,0.0
2024-01-05 11:30:00-05:00,24.850000381469727,24.850000381469727,24.850000381469727,24.850000381469727,324,0.0,0.0
2024-01-05 13:30:00-05:00,24.974000930786133,24.974000930786133,24.974000930786133,24.974000930786133,1027,0.0,0.0
2024-01-05 15:30:00-05:00,24.889999389648438,24.889999389648438,24.889999389648438,24.889999389648438,315,0.0,0.0
2024-01-08 09:30:00-05:00,25.0,25.0,24.84000015258789,24.875,0,0.0,0.0
2024-01-08 10:30:00-05:00,24.829999923706055,24.829999923706055,24.829999923706055,24.829999923706055,1002,0.0,0.0
2024-01-08 12:30:00-05:00,24.989999771118164,24.999000549316406,24.912900924682617,24.912900924682617,400,0.0,0.0
2024-01-08 13:30:00-05:00,24.899999618530273,25.0,24.899999618530273,24.899999618530273,2856,0.0,0.0
2024-01-08 14:30:00-05:00,24.968000411987305,24.968000411987305,24.885000228881836,24.889999389648438,4075,0.0,0.0
2024-01-08 15:30:00-05:00,24.940000534057617,24.979999542236328,24.809999465942383,24.81999969482422,0,0.0,0.0
2024-01-09 09:30:00-05:00,24.999900817871094,24.999900817871094,24.999900817871094,24.999900817871094,1041,0.0,0.0
2024-01-09 10:30:00-05:00,24.949899673461914,24.949899673461914,24.949899673461914,24.949899673461914,424,0.0,0.0
2024-01-09 11:30:00-05:00,24.746000289916992,24.924999237060547,24.746000289916992,24.924999237060547,934,0.0,0.0
2024-01-09 12:30:00-05:00,24.950000762939453,25.0,24.950000762939453,25.0,8233,0.0,0.0
2024-01-09 13:30:00-05:00,24.975000381469727,24.975000381469727,24.970199584960938,24.970199584960938,623,0.0,0.0
2024-01-09 14:30:00-05:00,24.989999771118164,24.999900817871094,24.950000762939453,24.950000762939453,3230,0.0,0.0
2024-01-09 15:30:00-05:00,25.0,25.0,25.0,25.0,0,0.0,0.0
2024-01-10 09:30:00-05:00,24.738000869750977,24.738000869750977,24.738000869750977,24.738000869750977,419,0.0,0.0
2024-01-10 11:30:00-05:00,24.999900817871094,24.999900817871094,24.989999771118164,24.998600006103516,750,0.0,0.0
2024-01-10 12:30:00-05:00,24.989999771118164,25.0,24.989999771118164,24.989999771118164,2876,0.0,0.0
2024-01-10 14:30:00-05:00,24.999900817871094,25.0,24.975000381469727,25.0,2301,0.0,0.0
2024-01-10 15:30:00-05:00,25.0,25.13010025024414,25.0,25.13010025024414,1044,0.0,0.0
2024-01-11 09:30:00-05:00,25.218399047851562,25.218399047851562,25.218399047851562,25.218399047851562,0,0.0,0.0
2024-01-11 11:30:00-05:00,25.063499450683594,25.149999618530273,25.063499450683594,25.149999618530273,423,0.0,0.0
2024-01-11 12:30:00-05:00,25.054500579833984,25.149999618530273,25.054500579833984,25.149999618530273,1325,0.0,0.0
2024-01-11 13:30:00-05:00,25.149999618530273,25.149999618530273,25.100000381469727,25.100000381469727,1040,0.0,0.0
2024-01-11 15:30:00-05:00,25.049999237060547,25.049999237060547,25.040000915527344,25.049999237060547,0,0.0,0.0
2024-01-12 11:30:00-05:00,25.104999542236328,25.104999542236328,25.020099639892578,25.020099639892578,677,0.0,0.0
2024-01-12 12:30:00-05:00,25.020000457763672,25.020000457763672,25.0,25.0,1465,0.0,0.0
2024-01-12 13:30:00-05:00,25.0,25.0,24.899999618530273,24.899999618530273,1131,0.0,0.0
2024-01-12 14:30:00-05:00,24.860000610351562,24.860000610351562,24.860000610351562,24.860000610351562,282,0.0,0.0
2024-01-12 15:30:00-05:00,24.81999969482422,24.81999969482422,24.81999969482422,24.81999969482422,475,0.0,0.0
2024-01-16 10:30:00-05:00,25.026599884033203,25.026599884033203,25.026599884033203,25.026599884033203,0,0.0,0.0
2024-01-16 11:30:00-05:00,25.189899444580078,25.189899444580078,25.189899444580078,25.189899444580078,500,0.0,0.0
2024-01-16 13:30:00-05:00,25.170799255371094,25.170799255371094,25.170799255371094,25.170799255371094,2010,0.0,0.0
2024-01-16 14:30:00-05:00,25.149999618530273,25.15999984741211,25.149999618530273,25.149999618530273,1214,0.0,0.0
2024-01-16 15:30:00-05:00,25.100000381469727,25.100000381469727,25.100000381469727,25.100000381469727,354,0.0,0.0
2024-01-17 09:30:00-05:00,25.18000030517578,25.190000534057617,24.850000381469727,24.850000381469727,0,0.0,0.0
2024-01-17 13:30:00-05:00,25.1200008392334,25.1200008392334,25.1200008392334,25.1200008392334,255,0.0,0.0
2024-01-17 14:30:00-05:00,25.190000534057617,25.190000534057617,25.190000534057617,25.190000534057617,146,0.0,0.0
2024-01-17 15:30:00-05:00,25.190000534057617,25.190000534057617,25.190000534057617,25.190000534057617,109,0.0,0.0
2024-01-18 09:30:00-05:00,25.190000534057617,25.190000534057617,25.10930061340332,25.10930061340332,0,0.0,0.0
2024-01-18 11:30:00-05:00,25.189899444580078,25.239900588989258,25.189899444580078,25.239900588989258,2261,0.0,0.0
2024-01-18 12:30:00-05:00,25.239900588989258,25.260000228881836,25.239900588989258,25.260000228881836,3878,0.0,0.0
2024-01-18 13:30:00-05:00,25.334999084472656,25.334999084472656,25.25,25.25,4586,0.0,0.0
2024-01-18 14:30:00-05:00,25.239999771118164,25.239999771118164,25.239999771118164,25.239999771118164,334,0.0,0.0
2024-01-18 15:30:00-05:00,25.050100326538086,25.050100326538086,25.049999237060547,25.049999237060547,0,0.0,0.0
2024-01-19 09:30:00-05:00,25.1200008392334,25.1200008392334,25.1200008392334,25.1200008392334,170,0.0,0.0
2024-01-19 10:30:00-05:00,25.200000762939453,25.200000762939453,25.200000762939453,25.200000762939453,0,0.0,0.0
2024-01-19 11:30:00-05:00,25.0,25.0,25.0,25.0,1924,0.0,0.0
2024-01-19 12:30:00-05:00,25.200000762939453,25.219999313354492,25.200000762939453,25.219999313354492,615,0.0,0.0
2024-01-19 14:30:00-05:00,25.209999084472656,25.270000457763672,25.0,25.135000228881836,12001,0.0,0.0
2024-01-19 15:30:00-05:00,25.059999465942383,25.059999465942383,25.0,25.0,3797,0.0,0.0
2024-01-22 09:30:00-05:00,25.020000457763672,25.149999618530273,25.020000457763672,25.030000686645508,0,0.0,0.0
2024-01-22 10:30:00-05:00,25.020000457763672,25.100000381469727,25.0,25.049999237060547,2201,0.0,0.0
2024-01-22 11:30:00-05:00,25.149999618530273,25.149999618530273,25.075000762939453,25.116199493408203,2130,0.0,0.0
2024-01-22 12:30:00-05:00,25.219999313354492,25.299999237060547,25.219999313354492,25.299999237060547,1139,0.0,0.0
2024-01-22 13:30:00-05:00,25.200000762939453,25.200000762939453,25.200000762939453,25.200000762939453,288,0.0,0.0
2024-01-22 15:30:00-05:00,25.181499481201172,25.290000915527344,25.149999618530273,25.290000915527344,3802,0.0,0.0
2024-01-23 09:30:00-05:00,25.100000381469727,25.22369956970215,25.100000381469727,25.200000762939453,0,0.0,0.0
2024-01-23 12:30:00-05:00,25.249500274658203,25.249500274658203,25.200000762939453,25.200000762939453,1760,0.0,0.0
2024-01-23 15:30:00-05:00,25.209999084472656,25.280000686645508,25.149999618530273,25.24250030517578,0,0.0,0.0
2024-01-24 11:30:00-05:00,25.350000381469727,25.350000381469727,25.307899475097656,25.307899475097656,342,0.0,0.0
2024-01-24 12:30:00-05:00,25.259599685668945,25.32200050354004,25.149999618530273,25.149999618530273,3314,0.0,0.0
2024-01-24 13:30:00-05:00,25.020000457763672,25.290000915527344,24.899999618530273,24.931800842285156,4616,0.0,0.0
2024-01-24 14:30:00-05:00,25.100099563598633,25.180700302124023,25.100000381469727,25.100000381469727,1026,0.0,0.0
2024-01-24 15:30:00-05:00,25.100099563598633,25.100099563598633,25.100000381469727,25.100000381469727,653,0.0,0.0
2024-01-25 09:30:00-05:00,24.90999984741211,25.200000762939453,24.90999984741211,25.200000762939453,0,0.0,0.0
2024-01-25 10:30:00-05:00,25.200000762939453,25.299999237060547,25.100000381469727,25.299999237060547,3904,0.0,0.0
2024-01-25 12:30:00-05:00,25.200000762939453,25.200000762939453,25.200000762939453,25.200000762939453,717,0.0,0.0
2024-01-25 13:30:00-05:00,25.18000030517578,25.239999771118164,25.18000030517578,25.200000762939453,2051,0.0,0.0
2024-01-25 14:30:00-05:00,25.190000534057617,25.190000534057617,25.190000534057617,25.190000534057617,772,0.0,0.0
2024-01-25 15:30:00-05:00,25.25,25.25,25.219999313354492,25.219999313354492,0,0.0,0.0
2024-01-26 09:30:00-05:00,25.18000030517578,25.18000030517578,25.18000030517578,25.18000030517578,845,0.0,0.0
2024-01-26 12:30:00-05:00,25.200000762939453,25.200000762939453,25.200000762939453,25.200000762939453,232,0.0,0.0
2024-01-26 13:30:00-05:00,25.18000030517578,25.18000030517578,25.18000030517578,25.18000030517578,200,0.0,0.0
2024-01-26 14:30:00-05:00,25.170000076293945,25.200000762939453,25.170000076293945,25.200000762939453,1028,0.0,0.0
2024-01-26 15:30:00-05:00,25.125,25.200000762939453,25.125,25.200000762939453,1208,0.0,0.0
2024-01-29 10:30:00-05:00,25.190000534057617,25.190000534057617,25.09000015258789,25.09000015258789,357,0.0,0.0
2024-01-29 11:30:00-05:00,25.190000534057617,25.190000534057617,25.190000534057617,25.190000534057617,1342,0.0,0.0
2024-01-29 13:30:00-05:00,25.25,25.25,25.25,25.25,703,0.0,0.0
2024-01-29 15:30:00-05:00,25.190000534057617,25.219999313354492,25.170000076293945,25.219900131225586,1105,0.0,0.0
2024-01-30 12:30:00-05:00,25.329999923706055,25.34000015258789,25.329999923706055,25.34000015258789,0,0.0,0.0
2024-01-30 13:30:00-05:00,25.280000686645508,25.280000686645508,25.280000686645508,25.280000686645508,1166,0.0,0.0
2024-01-30 14:30:00-05:00,25.379899978637695,25.3799991607666,25.239999771118164,25.333200454711914,1931,0.0,0.0
2024-01-30 15:30:00-05:00,25.389999389648438,25.389999389648438,25.33049964904785,25.38990020751953,0,0.0,0.0
2024-01-31 09:30:00-05:00,25.309999465942383,25.309999465942383,25.309999465942383,25.309999465942383,158,0.0,0.0
2024-01-31 14:30:00-05:00,25.280000686645508,25.290000915527344,25.280000686645508,25.290000915527344,483,0.0,0.0
2024-01-31 15:30:00-05:00,25.040000915527344,25.290000915527344,25.040000915527344,25.290000915527344,232,0.0,0.0
2024-02-01 09:30:00-05:00,25.290000915527344,25.290000915527344,25.053800582885742,25.053800582885742,529,0.0,0.0
2024-02-01 10:30:00-05:00,25.149999618530273,25.183700561523438,25.020000457763672,25.020000457763672,885,0.0,0.0
2024-02-01 13:30:00-05:00,25.149999618530273,25.149999618530273,25.149999618530273,25.149999618530273,1006,0.0,0.0
2024-02-01 14:30:00-05:00,25.15999984741211,25.170000076293945,24.90999984741211,24.90999984741211,2558,0.0,0.0
2024-02-01 15:30:00-05:00,25.09000015258789,25.100000381469727,25.09000015258789,25.100000381469727,0,0.0,0.0
2024-02-02 09:30:00-05:00,25.200000762939453,25.200000762939453,25.200000762939453,25.200000762939453,259,0.0,0.0
2024-02-02 10:30:00-05:00,25.200000762939453,25.200000762939453,25.200000762939453,25.200000762939453,121,0.0,0.0
2024-02-02 13:30:00-05:00,25.100099563598633,25.13990020751953,25.100000381469727,25.1200008392334,3191,0.0,0.0
2024-02-02 14:30:00-05:00,25.100000381469727,25.174999237060547,25.100000381469727,25.100000381469727,1139,0.0,0.0
2024-02-05 09:30:00-05:00,25.209999084472656,25.229999542236328,25.149999618530273,25.15999984741211,0,0.0,0.0
2024-02-05 10:30:00-05:00,25.150100708007812,25.399999618530273,25.149999618530273,25.399999618530273,4009,0.0,0.0
2024-02-05 11:30:00-05:00,25.15999984741211,25.399999618530273,25.149999618530273,25.399999618530273,6778,0.0,0.0
2024-02-05 13:30:00-05:00,25.149999618530273,25.280000686645508,25.100000381469727,25.100000381469727,3900,0.0,0.0
2024-02-05 14:30:00-05:00,25.25,25.25,25.100000381469727,25.100000381469727,7242,0.0,0.0
2024-02-05 15:30:00-05:00,25.100000381469727,25.100000381469727,25.100000381469727,25.100000381469727,0,0.0,0.0
2024-02-06 09:30:00-05:00,25.114999771118164,25.114999771118164,25.07040023803711,25.114700317382812,500,0.0,0.0
2024-02-06 10:30:00-05:00,25.079999923706055,25.159900665283203,25.079999923706055,25.149999618530273,760,0.0,0.0
2024-02-06 11:30:00-05:00,25.155000686645508,25.19339942932129,25.155000686645508,25.19339942932129,573,0.0,0.0
2024-02-06 13:30:00-05:00,25.219999313354492,25.219999313354492,25.219999313354492,25.219999313354492,285,0.0,0.0
2024-02-06 14:30:00-05:00,25.219900131225586,25.219900131225586,25.174999237060547,25.174999237060547,938,0.0,0.0
2024-02-06 15:30:00-05:00,25.174999237060547,25.174999237060547,25.110000610351562,25.110000610351562,1789,0.0,0.0
2024-02-07 09:30:00-05:00,25.100000381469727,25.149999618530273,25.100000381469727,25.149999618530273,1314,0.0,0.0
2024-02-07 10:30:00-05:00,25.100000381469727,25.100000381469727,25.0,25.000099182128906,857,0.0,0.0
2024-02-07 11:30:00-05:00,25.110000610351562,25.1200008392334,25.110000610351562,25.1200008392334,661,0.0,0.0
2024-02-07 13:30:00-05:00,25.170000076293945,25.170000076293945,25.170000076293945,25.170000076293945,180,0.0,0.0
2024-02-07 14:30:00-05:00,25.10070037841797,25.10070037841797,25.10070037841797,25.10070037841797,383,0.0,0.0
2024-02-08 09:30:00-05:00,25.159900665283203,25.15999984741211,25.139999389648438,25.159900665283203,0,0.0,0.0
2024-02-08 10:30:00-05:00,25.15999984741211,25.15999984741211,25.15999984741211,25.15999984741211,166,0.0,0.0
2024-02-08 12:30:00-05:00,25.188499450683594,25.188499450683594,25.188499450683594,25.188499450683594,292,0.0,0.0
2024-02-08 13:30:00-05:00,25.145000457763672,25.145000457763672,25.145000457763672,25.145000457763672,125,0.0,0.0
2024-02-08 14:30:00-05:00,25.1200008392334,25.1200008392334,25.1200008392334,25.1200008392334,0,0.0,0.0
2024-02-09 09:30:00-05:00,25.149999618530273,25.199899673461914,25.149999618530273,25.15999984741211,1599,0.0,0.0
2024-02-09 11:30:00-05:00,25.18709945678711,25.200000762939453,25.100099563598633,25.100099563598633,975,0.0,0.0
2024-02-09 12:30:00-05:00,25.149999618530273,25.200000762939453,25.149999618530273,25.200000762939453,1231,0.0,0.0
2024-02-09 14:30:00-05:00,25.18000030517578,25.18400001525879,25.18000030517578,25.18400001525879,1213,0.0,0.0
2024-02-09 15:30:00-05:00,25.200000762939453,25.200000762939453,25.200000762939453,25.200000762939453,482,0.0,0.0
2024-02-12 09:30:00-05:00,25.18000030517578,25.18000030517578,25.18000030517578,25.18000030517578,0,0.0,0.0
2024-02-12 10:30:00-05:00,25.200000762939453,25.25,25.200000762939453,25.25,825,0.0,0.0
2024-02-12 11:30:00-05:00,25.299999237060547,25.299999237060547,25.299999237060547,25.299999237060547,647,0.0,0.0
2024-02-12 12:30:00-05:00,25.315000534057617,25.315000534057617,25.315000534057617,25.315000534057617,181,0.0,0.0
2024-02-12 13:30:00-05:00,25.326400756835938,25.326400756835938,25.326400756835938,25.326400756835938,1642,0.0,0.0
2024-02-12 14:30:00-05:00,25.31999969482422,25.31999969482422,25.30500030517578,25.30500030517578,607,0.0,0.0
2024-02-12 15:30:00-05:00,25.350000381469727,25.360000610351562,25.200000762939453,25.299999237060547,2824,0.0,0.0
2024-02-13 09:30:00-05:00,25.229999542236328,25.229999542236328,25.229999542236328,25.229999542236328,686,0.0,0.0
2024-02-13 12:30:00-05:00,25.350000381469727,25.350000381469727,25.349899291992188,25.349899291992188,324,0.0,0.0
2024-02-13 13:30:00-05:00,25.38990020751953,25.38990020751953,25.38990020751953,25.38990020751953,248,0.0,0.0
2024-02-13 14:30:00-05:00,25.306800842285156,25.31999969482422,25.306800842285156,25.31999969482422,1184,0.0,0.0
2024-02-13 15:30:00-05:00,25.31999969482422,25.389999389648438,25.275699615478516,25.380300521850586,0,0.0,0.0
2024-02-14 09:30:00-05:00,25.3799991607666,25.43899917602539,25.356000900268555,25.43899917602539,1829,0.0,0.0
2024-02-14 10:30:00-05:00,25.420000076293945,25.420000076293945,25.399900436401367,25.399900436401367,3246,0.0,0.0
2024-02-14 13:30:00-05:00,25.396099090576172,25.396099090576172,25.396099090576172,25.396099090576172,472,0.0,0.0
2024-02-14 14:30:00-05:00,25.3700008392334,25.41699981689453,25.3700008392334,25.41699981689453,1208,0.0,0.0
2024-02-14 15:30:00-05:00,25.395000457763672,25.395000457763672,25.389999389648438,25.389999389648438,0,0.0,0.0
2024-02-15 10:30:00-05:00,25.399999618530273,25.424999237060547,25.395099639892578,25.395099639892578,4636,0.0,0.0
2024-02-15 11:30:00-05:00,25.390100479125977,25.41550064086914,25.389999389648438,25.395000457763672,1651,0.0,0.0
2024-02-15 14:30:00-05:00,25.440000534057617,25.440000534057617,25.43000030517578,25.43000030517578,0,0.0,0.0
2024-02-16 09:30:00-05:00,25.420000076293945,25.428499221801758,25.420000076293945,25.428499221801758,1063,0.0,0.0
2024-02-16 10:30:00-05:00,25.405000686645508,25.405000686645508,25.405000686645508,25.405000686645508,484,0.0,0.0
2024-02-16 15:30:00-05:00,25.399999618530273,25.40019989013672,25.309999465942383,25.309999465942383,1620,0.0,0.0
2024-02-20 09:30:00-05:00,25.360000610351562,25.360000610351562,25.260000228881836,25.299999237060547,0,0.0,0.0
2024-02-20 10:30:00-05:00,25.360000610351562,25.360000610351562,25.344999313354492,25.344999313354492,366,0.0,0.0
2024-02-20 12:30:00-05:00,25.30340003967285,25.30340003967285,25.30340003967285,25.30340003967285,227,0.0,0.0
2024-02-20 13:30:00-05:00,25.39240074157715,25.39240074157715,25.299999237060547,25.299999237060547,0,0.0,0.0
2024-02-21 09:30:00-05:00,25.264999389648438,25.31999969482422,25.264999389648438,25.31999969482422,1563,0.0,0.0
2024-02-21 11:30:00-05:00,25.267799377441406,25.267799377441406,25.267799377441406,25.267799377441406,266,0.0,0.0
2024-02-21 14:30:00-05:00,25.299999237060547,25.30500030517578,25.239999771118164,25.30500030517578,1000,0.0,0.0
2024-02-22 09:30:00-05:00,25.329999923706055,25.329999923706055,25.329999923706055,25.329999923706055,0,0.0,0.0
2024-02-22 13:30:00-05:00,25.329999923706055,25.329999923706055,25.329999923706055,25.329999923706055,148,0.0,0.0
2024-02-22 14:30:00-05:00,25.34440040588379,25.34440040588379,25.34440040588379,25.34440040588379,0,0.0,0.0
2024-02-23 09:30:00-05:00,25.354999542236328,25.354999542236328,25.354999542236328,25.354999542236328,322,0.0,0.0
2024-02-23 10:30:00-05:00,25.388999938964844,25.389999389648438,25.388999938964844,25.389999389648438,462,0.0,0.0
2024-02-23 11:30:00-05:00,25.43000030517578,25.450000762939453,25.43000030517578,25.43000030517578,1229,0.0,0.0
2024-02-23 12:30:00-05:00,25.459800720214844,25.459800720214844,25.459800720214844,25.459800720214844,356,0.0,0.0
2024-02-23 13:30:00-05:00,25.469999313354492,25.474000930786133,25.450000762939453,25.466999053955078,8793,0.0,0.0
2024-02-23 14:30:00-05:00,25.479999542236328,25.509899139404297,25.400100708007812,25.509899139404297,2872,0.0,0.0
2024-02-26 09:30:00-05:00,25.459999084472656,25.459999084472656,25.459999084472656,25.459999084472656,0,0.0,0.0
2024-02-26 10:30:00-05:00,25.459999084472656,25.460100173950195,25.459999084472656,25.460100173950195,641,0.0,0.0
2024-02-26 12:30:00-05:00,25.499900817871094,25.499900817871094,25.499900817871094,25.499900817871094,400,0.0,0.0
2024-02-26 15:30:00-05:00,25.5,25.510000228881836,25.5,25.5,616,0.0,0.0
2024-02-27 09:30:00-05:00,25.5,25.5,25.5,25.5,0,0.0,0.0
2024-02-27 10:30:00-05:00,25.510000228881836,25.510000228881836,25.510000228881836,25.510000228881836,945,0.0,0.0
2024-02-27 12:30:00-05:00,25.530000686645508,25.579999923706055,25.530000686645508,25.579999923706055,936,0.0,0.0
2024-02-27 13:30:00-05:00,25.5,25.500099182128906,25.420000076293945,25.420000076293945,3051,0.0,0.0
2024-02-27 14:30:00-05:00,25.5,25.600000381469727,25.5,25.600000381469727,0,0.0,0.0
2024-02-28 09:30:00-05:00,25.6200008392334,25.6200008392334,25.6200008392334,25.6200008392334,271,0.0,0.0
2024-02-28 10:30:00-05:00,25.600000381469727,25.610000610351562,25.520000457763672,25.520000457763672,1925,0.0,0.0
2024-02-28 11:30:00-05:00,25.549999237060547,25.57550048828125,25.51099967956543,25.549999237060547,3000,0.0,0.0
2024-02-28 12:30:00-05:00,25.565000534057617,25.570999145507812,25.520000457763672,25.565000534057617,5831,0.0,0.0
2024-02-29 09:30:00-05:00,25.6200008392334,25.6200008392334,25.549999237060547,25.549999237060547,0,0.0,0.0
2024-02-29 10:30:00-05:00,25.530000686645508,25.530099868774414,25.530000686645508,25.530099868774414,385,0.0,0.0
2024-02-29 11:30:00-05:00,25.530000686645508,25.565000534057617,25.510000228881836,25.510000228881836,1694,0.0,0.0
2024-02-29 12:30:00-05:00,25.5,25.5,25.5,25.5,199,0.0,0.0
2024-02-29 13:30:00-05:00,25.520000457763672,25.520000457763672,25.479999542236328,25.479999542236328,2030,0.0,0.0
2024-02-29 14:30:00-05:00,25.5,25.5,25.459999084472656,25.5,2178,0.0,0.0
2024-02-29 15:30:00-05:00,25.5,25.5,25.5,25.5,229,0.0,0.0
2024-03-01 09:30:00-05:00,25.52989959716797,25.624099731445312,25.5,25.624099731445312,9968,0.0,0.0
2024-03-01 10:30:00-05:00,25.520000457763672,25.6299991607666,25.5,25.550500869750977,10390,0.0,0.0
2024-03-01 11:30:00-05:00,25.600000381469727,25.600000381469727,25.530000686645508,25.583900451660156,7342,0.0,0.0
2024-03-01 12:30:00-05:00,25.535999298095703,25.535999298095703,25.530000686645508,25.530000686645508,872,0.0,0.0
2024-03-01 13:30:00-05:00,25.510000228881836,25.600000381469727,25.510000228881836,25.540000915527344,5593,0.0,0.0
2024-03-01 14:30:00-05:00,25.549999237060547,25.565000534057617,25.526899337768555,25.526899337768555,4717,0.0,0.0
2024-03-01 15:30:00-05:00,25.520000457763672,25.591400146484375,25.5,25.510000228881836,8449,0.0,0.0
2024-03-04 09:30:00-05:00,25.440000534057617,25.440000534057617,25.184999465942383,25.200000762939453,5864,0.0,0.0
2024-03-04 10:30:00-05:00,25.25,25.25,25.225000381469727,25.25,0,0.0,0.0
2024-03-04 11:30:00-05:00,25.25,25.25,25.200000762939453,25.225000381469727,2545,0.0,0.0
2024-03-04 12:30:00-05:00,25.2460994720459,25.25,25.18000030517578,25.18000030517578,4797,0.0,0.0
2024-03-04 13:30:00-05:00,25.18000030517578,25.18000030517578,25.18000030517578,25.18000030517578,760,0.0,0.0
2024-03-04 14:30:00-05:00,25.029399871826172,25.029399871826172,25.025400161743164,25.025400161743164,303,0.0,0.0
2024-03-04 15:30:00-05:00,25.05500030517578,25.05500030517578,25.05500030517578,25.05500030517578,207,0.0,0.0
2024-03-05 09:30:00-05:00,25.0,25.110000610351562,24.985000610351562,25.020000457763672,0,0.0,0.0
2024-03-05 10:30:00-05:00,25.049999237060547,25.110000610351562,25.010000228881836,25.010000228881836,3174,0.0,0.0
2024-03-05 14:30:00-05:00,25.194900512695312,25.194900512695312,25.010000228881836,25.010000228881836,12969,0.0,0.0
2024-03-05 15:30:00-05:00,25.010000228881836,25.076499938964844,25.010000228881836,25.075000762939453,0,0.0,0.0
2024-03-06 09:30:00-05:00,25.139999389648438,25.139999389648438,25.020000457763672,25.030099868774414,15836,0.0,0.0
2024-03-06 10:30:00-05:00,25.030000686645508,25.075000762939453,25.020000457763672,25.049999237060547,12172,0.0,0.0
2024-03-06 11:30:00-05:00,25.049800872802734,25.100000381469727,25.03499984741211,25.100000381469727,1697,0.0,0.0
2024-03-06 12:30:00-05:00,25.09950065612793,25.100000381469727,25.020000457763672,25.049999237060547,19877,0.0,0.0
2024-03-06 13:30:00-05:00,25.020000457763672,25.020000457763672,25.020000457763672,25.020000457763672,353,0.0,0.0
2024-03-06 14:30:00-05:00,25.040000915527344,25.09000015258789,25.040000915527344,25.09000015258789,0,0.0,0.0
2024-03-07 10:30:00-05:00,25.1299991607666,25.139999389648438,25.09000015258789,25.09000015258789,1376,0.0,0.0
2024-03-07 11:30:00-05:00,25.1200008392334,25.1200008392334,25.1200008392334,25.1200008392334,200,0.0,0.0
2024-03-07 12:30:00-05:00,25.1200008392334,25.1200008392334,24.985000610351562,25.0,14826,0.0,0.0
2024-03-07 13:30:00-05:00,25.13319969177246,25.13319969177246,25.13319969177246,25.13319969177246,426,0.0,0.0
2024-03-07 14:30:00-05:00,25.149999618530273,25.149999618530273,25.0,25.002300262451172,3321,0.0,0.0
2024-03-07 15:30:00-05:00,25.0,25.010000228881836,25.0,25.010000228881836,1261,0.0,0.0
2024-03-08 09:30:00-05:00,25.079999923706055,25.170000076293945,25.079999923706055,25.15999984741211,0,0.0,0.0
2024-03-08 11:30:00-05:00,25.167999267578125,25.170000076293945,25.15999984741211,25.15999984741211,552,0.0,0.0
2024-03-08 12:30:00-05:00,25.170000076293945,25.170000076293945,25.170000076293945,25.170000076293945,592,0.0,0.0
2024-03-08 13:30:00-05:00,25.08970069885254,25.08970069885254,25.08970069885254,25.08970069885254,138,0.0,0.0
2024-03-08 14:30:00-05:00,25.125,25.125,25.049999237060547,25.049999237060547,535,0.0,0.0
2024-03-08 15:30:00-05:00,25.1200008392334,25.1200008392334,25.040000915527344,25.040000915527344,412,0.0,0.0
2024-03-11 09:30:00-04:00,25.110000610351562,25.110000610351562,25.110000610351562,25.110000610351562,0,0.0,0.0
2024-03-11 10:30:00-04:00,25.149999618530273,25.15999984741211,25.149999618530273,25.15999984741211,445,0.0,0.0
2024-03-11 12:30:00-04:00,25.15999984741211,25.15999984741211,25.15999984741211,25.15999984741211,713,0.0,0.0
2024-03-11 15:30:00-04:00,25.110000610351562,25.110000610351562,25.110000610351562,25.110000610351562,0,0.0,0.0
2024-03-12 09:30:00-04:00,25.170000076293945,25.18000030517578,25.170000076293945,25.18000030517578,485,0.0,0.0
2024-03-12 10:30:00-04:00,25.170000076293945,25.18899917602539,25.149999618530273,25.149999618530273,1178,0.0,0.0
2024-03-12 11:30:00-04:00,25.209999084472656,25.309999465942383,25.209999084472656,25.309999465942383,912,0.0,0.0
2024-03-12 12:30:00-04:00,25.349899291992188,25.349899291992188,25.249900817871094,25.25,1809,0.0,0.0
2024-03-12 14:30:00-04:00,25.168899536132812,25.168899536132812,25.168899536132812,25.168899536132812,238,0.0,0.0
2024-03-12 15:30:00-04:00,25.190000534057617,25.190000534057617,25.190000534057617,25.190000534057617,0,0.0,0.0
2024-03-13 09:30:00-04:00,25.219999313354492,25.219999313354492,25.200000762939453,25.200000762939453,1744,0.0,0.0
2024-03-13 11:30:00-04:00,25.21500015258789,25.21500015258789,25.21500015258789,25.21500015258789,386,0.0,0.0
2024-03-13 13:30:00-04:00,25.200000762939453,25.200000762939453,25.200000762939453,25.200000762939453,322,0.0,0.0
2024-03-13 14:30:00-04:00,25.19099998474121,25.19099998474121,25.190000534057617,25.19099998474121,972,0.0,0.0
2024-03-13 15:30:00-04:00,25.190000534057617,25.190000534057617,25.15999984741211,25.15999984741211,0,0.0,0.0
2024-03-14 09:30:00-04:00,25.18000030517578,25.18000030517578,25.1200008392334,25.1200008392334,1205,0.0,0.0
2024-03-14 13:30:00-04:00,25.172199249267578,25.172199249267578,25.172199249267578,25.172199249267578,167,0.0,0.0
2024-03-15 09:30:00-04:00,25.19070053100586,25.194700241088867,25.165000915527344,25.165000915527344,1772,0.0,0.0
2024-03-15 12:30:00-04:00,25.18000030517578,25.190000534057617,25.18000030517578,25.18000030517578,487,0.0,0.0
2024-03-15 13:30:00-04:00,25.170000076293945,25.17009925842285,25.170000076293945,25.170000076293945,726,0.0,0.0
2024-03-15 14:30:00-04:00,25.17009925842285,25.17009925842285,25.170000076293945,25.170000076293945,1251,0.0,0.0
2024-03-15 15:30:00-04:00,25.18000030517578,25.18000030517578,25.18000030517578,25.18000030517578,471,0.0,0.0
2024-03-18 09:30:00-04:00,25.190000534057617,25.190099716186523,25.18000030517578,25.18000030517578,0,0.0,0.0
2024-03-18 10:30:00-04:00,25.170000076293945,25.170000076293945,25.170000076293945,25.170000076293945,206,0.0,0.0
2024-03-18 11:30:00-04:00,25.17639923095703,25.17639923095703,25.139999389648438,25.139999389648438,1563,0.0,0.0
2024-03-18 12:30:00-04:00,25.149999618530273,25.149999618530273,25.149999618530273,25.149999618530273,2777,0.0,0.0
2024-03-18 15:30:00-04:00,25.18000030517578,25.18000030517578,25.145999908447266,25.145999908447266,300,0.0,0.0
2024-03-19 09:30:00-04:00,25.15999984741211,25.165000915527344,25.15999984741211,25.16010093688965,1477,0.0,0.0
2024-03-19 10:30:00-04:00,25.16990089416504,25.16990089416504,25.16990089416504,25.16990089416504,0,0.0,0.0
2024-03-19 12:30:00-04:00,25.190000534057617,25.190000534057617,25.17099952697754,25.17099952697754,4805,0.0,0.0
2024-03-19 14:30:00-04:00,25.170000076293945,25.170000076293945,25.170000076293945,25.170000076293945,1155,0.0,0.0
2024-03-20 09:30:00-04:00,25.190000534057617,25.190099716186523,25.1200008392334,25.1200008392334,4205,0.0,0.0
2024-03-20 10:30:00-04:00,25.1299991607666,25.190000534057617,25.1299991607666,25.135700225830078,2852,0.0,0.0
2024-03-20 12:30:00-04:00,25.16699981689453,25.16699981689453,25.16699981689453,25.16699981689453,655,0.0,0.0
2024-03-20 13:30:00-04:00,25.1299991607666,25.170000076293945,25.1299991607666,25.170000076293945,807,0.0,0.0
2024-03-20 14:30:00-04:00,25.149999618530273,25.149999618530273,25.149999618530273,25.149999618530273,474,0.0,0.0
2024-03-20 15:30:00-04:00,25.190000534057617,25.190000534057617,25.190000534057617,25.190000534057617,433,0.0,0.0
2024-03-21 09:30:00-04:00,25.200000762939453,25.209999084472656,25.190000534057617,25.209999084472656,1471,0.0,0.0
2024-03-21 12:30:00-04:00,25.200000762939453,25.200000762939453,25.200000762939453,25.200000762939453,524,0.0,0.0
2024-03-21 15:30:00-04:00,25.190000534057617,25.200000762939453,25.190000534057617,25.200000762939453,630,0.0,0.0
2024-03-22 09:30:00-04:00,25.200000762939453,25.219900131225586,25.200000762939453,25.219900131225586,2421,0.0,0.0
2024-03-22 10:30:00-04:00,25.200000762939453,25.200000762939453,25.190000534057617,25.200000762939453,2424,0.0,0.0
2024-03-22 11:30:00-04:00,25.200000762939453,25.200000762939453,25.200000762939453,25.200000762939453,304,0.0,0.0
2024-03-22 14:30:00-04:00,25.18000030517578,25.18000030517578,25.170000076293945,25.17009925842285,1540,0.0,0.0
2024-03-22 15:30:00-04:00,25.15049934387207,25.184999465942383,25.15049934387207,25.184999465942383,609,0.0,0.0
2024-03-25 09:30:00-04:00,25.219999313354492,25.219999313354492,25.190000534057617,25.190000534057617,0,0.0,0.0
2024-03-25 13:30:00-04:00,25.200000762939453,25.200000762939453,25.200000762939453,25.200000762939453,330,0.0,0.0
2024-03-25 14:30:00-04:00,25.200000762939453,25.200000762939453,25.152000427246094,25.15999984741211,1371,0.0,0.0
2024-03-26 09:30:00-04:00,25.180099487304688,25.180200576782227,25.15999984741211,25.15999984741211,1039,0.0,0.0
2024-03-26 10:30:00-04:00,25.1299991607666,25.1299991607666,25.1299991607666,25.1299991607666,250,0.0,0.0
2024-03-26 12:30:00-04:00,25.150100708007812,25.150100708007812,25.149999618530273,25.149999618530273,810,0.0,0.0
2024-03-26 13:30:00-04:00,25.17009925842285,25.17009925842285,25.170000076293945,25.170000076293945,1897,0.0,0.0
2024-03-26 14:30:00-04:00,25.149999618530273,25.169200897216797,25.149999618530273,25.169200897216797,660,0.0,0.0
2024-03-26 15:30:00-04:00,25.16010093688965,25.16010093688965,25.15999984741211,25.16010093688965,1302,0.0,0.0
2024-03-27 09:30:00-04:00,25.18000030517578,25.190000534057617,25.18000030517578,25.180099487304688,1486,0.0,0.0
2024-03-27 10:30:00-04:00,25.18000030517578,25.18000030517578,25.18000030517578,25.18000030517578,299,0.0,0.0
2024-03-27 11:30:00-04:00,25.170000076293945,25.170000076293945,25.170000076293945,25.170000076293945,650,0.0,0.0
2024-03-27 12:30:00-04:00,25.18000030517578,25.18199920654297,25.15999984741211,25.170000076293945,6591,0.0,0.0
2024-03-27 13:30:00-04:00,25.168699264526367,25.170000076293945,25.149999618530273,25.150100708007812,1230,0.0,0.0
2024-03-27 14:30:00-04:00,25.147499084472656,25.147499084472656,25.147499084472656,25.147499084472656,2049,0.0,0.0
2024-03-27 15:30:00-04:00,25.16010093688965,25.17799949645996,25.15999984741211,25.16010093688965,4188,0.0,0.0
2024-03-28 09:30:00-04:00,25.190000534057617,25.19849967956543,25.1299991607666,25.13990020751953,0,0.0,0.0
2024-03-28 10:30:00-04:00,25.138999938964844,25.190000534057617,25.1299991607666,25.190000534057617,4789,0.0,0.0
2024-03-28 11:30:00-04:00,25.184999465942383,25.209999084472656,25.1299991607666,25.1299991607666,32161,0.0,0.0
2024-03-28 13:30:00-04:00,25.100000381469727,25.100000381469727,25.079999923706055,25.079999923706055,1040,0.0,0.0
2024-03-28 14:30:00-04:00,25.079999923706055,25.079999923706055,25.07990074157715,25.07990074157715,6664,0.0,0.0
2024-03-28 15:30:00-04:00,25.075000762939453,25.07990074157715,25.059999465942383,25.059999465942383,3123,0.0,0.0
2024-04-01 09:30:00-04:00,25.100000381469727,25.100000381469727,25.100000381469727,25.100000381469727,0,0.0,0.0
2024-04-01 10:30:00-04:00,25.109899520874023,25.109899520874023,25.109899520874023,25.109899520874023,220,0.0,0.0
2024-04-01 11:30:00-04:00,25.097200393676758,25.097200393676758,25.097200393676758,25.097200393676758,1208,0.0,0.0
2024-04-01 12:30:00-04:00,25.110000610351562,25.15999984741211,25.110000610351562,25.15999984741211,1455,0.0,0.0
2024-04-01 13:30:00-04:00,25.18000030517578,25.200000762939453,25.18000030517578,25.200000762939453,2287,0.0,0.0
2024-04-01 14:30:00-04:00,25.199899673461914,25.199899673461914,25.199899673461914,25.199899673461914,678,0.0,0.0
2024-04-01 15:30:00-04:00,25.200000762939453,25.200000762939453,25.200000762939453,25.200000762939453,597,0.0,0.0
2024-04-02 09:30:00-04:00,25.200000762939453,25.200000762939453,25.190000534057617,25.190000534057617,0,0.0,0.0
2024-04-02 12:30:00-04:00,25.190000534057617,25.190000534057617,25.190000534057617,25.190000534057617,1272,0.0,0.0
2024-04-02 14:30:00-04:00,25.189899444580078,25.190000534057617,25.189899444580078,25.190000534057617,503,0.0,0.0
2024-04-03 09:30:00-04:00,25.100000381469727,25.16900062561035,25.100000381469727,25.16900062561035,2964,0.0,0.0
2024-04-03 10:30:00-04:00,25.149999618530273,25.1560001373291,25.149999618530273,25.1560001373291,333,0.0,0.0
2024-04-03 11:30:00-04:00,25.190000534057617,25.190000534057617,25.15169906616211,25.15169906616211,1038,0.0,0.0
2024-04-03 12:30:00-04:00,25.209699630737305,25.209699630737305,25.190000534057617,25.190000534057617,600,0.0,0.0
2024-04-03 13:30:00-04:00,25.209999084472656,25.209999084472656,25.170000076293945,25.200000762939453,1138,0.0,0.0
2024-04-03 14:30:00-04:00,25.204999923706055,25.204999923706055,25.170000076293945,25.170000076293945,7526,0.0,0.0
2024-04-03 15:30:00-04:00,25.170000076293945,25.209999084472656,25.170000076293945,25.209999084472656,2294,0.0,0.0
2024-04-04 09:30:00-04:00,25.200000762939453,25.200000762939453,25.184999465942383,25.184999465942383,2515,0.0,0.0
2024-04-04 10:30:00-04:00,25.190000534057617,25.190000534057617,25.190000534057617,25.190000534057617,341,0.0,0.0
2024-04-04 11:30:00-04:00,25.190000534057617,25.194700241088867,25.18000030517578,25.190000534057617,3899,0.0,0.0
2024-04-04 12:30:00-04:00,25.18000030517578,25.190000534057617,25.15999984741211,25.18000030517578,9224,0.0,0.0
2024-04-04 13:30:00-04:00,25.170000076293945,25.18000030517578,25.15999984741211,25.170000076293945,2439,0.0,0.0
2024-04-04 15:30:00-04:00,25.15999984741211,25.15999984741211,25.15999984741211,25.15999984741211,2037,0.0,0.0
2024-04-05 09:30:00-04:00,25.200000762939453,25.200000762939453,25.200000762939453,25.200000762939453,444,0.0,0.0
2024-04-05 11:30:00-04:00,25.200000762939453,25.200000762939453,25.16029930114746,25.16029930114746,900,0.0,0.0
2024-04-05 12:30:00-04:00,25.195100784301758,25.195100784301758,25.1299991607666,25.1299991607666,1638,0.0,0.0
2024-04-05 13:30:00-04:00,25.200000762939453,25.200000762939453,25.200000762939453,25.200000762939453,0,0.0,0.0
2024-04-08 11:30:00-04:00,25.130199432373047,25.19890022277832,25.130199432373047,25.19890022277832,2308,0.0,0.0
2024-04-08 12:30:00-04:00,25.200000762939453,25.200000762939453,25.176000595092773,25.18000030517578,1232,0.0,0.0
2024-04-08 14:30:00-04:00,25.200000762939453,25.20989990234375,25.200000762939453,25.200000762939453,723,0.0,0.0
2024-04-09 15:30:00-04:00,25.190000534057617,25.190000534057617,25.190000534057617,25.190000534057617,599,0.0,0.0
2024-04-10 09:30:00-04:00,25.079999923706055,25.121000289916992,25.06999969482422,25.121000289916992,11153,0.0,0.0
2024-04-10 12:30:00-04:00,25.09000015258789,25.09000015258789,25.079999923706055,25.085800170898438,2408,0.0,0.0
2024-04-10 13:30:00-04:00,25.08049964904785,25.190000534057617,25.08049964904785,25.100000381469727,1356,0.0,0.0
2024-04-11 09:30:00-04:00,25.06999969482422,25.06999969482422,25.06999969482422,25.06999969482422,377,0.0,0.0
2024-04-11 11:30:00-04:00,25.06999969482422,25.09000015258789,25.06999969482422,25.09000015258789,3150,0.0,0.0
2024-04-11 12:30:00-04:00,25.079999923706055,25.079999923706055,25.06999969482422,25.06999969482422,0,0.0,0.0
2024-04-11 13:30:00-04:00,25.06999969482422,25.06999969482422,25.06999969482422,25.06999969482422,0,0.0,0.0
2024-04-11 14:30:00-04:00,25.06999969482422,25.06999969482422,25.06999969482422,25.06999969482422,4067,0.0,0.0
2024-04-11 15:30:00-04:00,25.099899291992188,25.099899291992188,25.099899291992188,25.099899291992188,1000,0.0,0.0
2024-04-12 15:30:00-04:00,25.049999237060547,25.049999237060547,25.049999237060547,25.049999237060547,375,0.0,0.0
2024-04-15 11:30:00-04:00,25.020000457763672,25.030000686645508,25.010000228881836,25.020000457763672,1619,0.0,0.0
2024-04-15 12:30:00-04:00,25.030000686645508,25.030000686645508,25.030000686645508,25.030000686645508,2061,0.0,0.0
2024-04-15 15:30:00-04:00,25.0,25.0,25.0,25.0,1800,0.0,0.0
2024-04-16 09:30:00-04:00,25.010000228881836,25.010000228881836,25.0,25.009700775146484,1034,0.0,0.0
2024-04-16 10:30:00-04:00,25.010099411010742,25.011999130249023,24.989999771118164,24.992000579833984,6871,0.0,0.0
2024-04-16 11:30:00-04:00,24.989999771118164,25.0,24.989999771118164,25.0,1991,0.0,0.0
2024-04-16 13:30:00-04:00,25.0,25.0,25.0,25.0,308,0.0,0.0
2024-04-16 14:30:00-04:00,25.0,25.0,24.999900817871094,24.999900817871094,2638,0.0,0.0
2024-04-16 15:30:00-04:00,24.959999084472656,24.959999084472656,24.899999618530273,24.899999618530273,3430,0.0,0.0
2024-04-17 09:30:00-04:00,24.979999542236328,24.979999542236328,24.93000030517578,24.950000762939453,5156,0.0,0.0
2024-04-17 10:30:00-04:00,24.93600082397461,24.93600082397461,24.93600082397461,24.93600082397461,0,0.0,0.0
2024-04-17 11:30:00-04:00,24.950000762939453,24.950000762939453,24.949600219726562,24.949600219726562,6111,0.0,0.0
2024-04-17 13:30:00-04:00,24.90999984741211,24.90999984741211,24.8700008392334,24.889999389648438,7695,0.0,0.0
2024-04-17 14:30:00-04:00,24.8700008392334,24.8700008392334,24.8700008392334,24.8700008392334,1410,0.0,0.0
2024-04-17 15:30:00-04:00,24.889999389648438,24.889999389648438,24.850000381469727,24.850000381469727,3966,0.0,0.0
2024-04-18 09:30:00-04:00,24.899999618530273,24.899999618530273,24.875,24.889999389648438,3405,0.0,0.0
2024-04-18 11:30:00-04:00,24.904800415039062,24.904800415039062,24.900100708007812,24.900100708007812,723,0.0,0.0
2024-04-18 13:30:00-04:00,24.90999984741211,24.920000076293945,24.889999389648438,24.893299102783203,4189,0.0,0.0
2024-04-18 14:30:00-04:00,24.87150001525879,24.899999618530273,24.85580062866211,24.860000610351562,5854,0.0,0.0
2024-04-18 15:30:00-04:00,24.899999618530273,24.899999618530273,24.899999618530273,24.899999618530273,2195,0.0,0.0
2024-04-19 09:30:00-04:00,24.940000534057617,24.940000534057617,24.940000534057617,24.940000534057617,204,0.0,0.0
2024-04-19 11:30:00-04:00,24.940000534057617,24.940000534057617,24.899999618530273,24.899999618530273,420,0.0,0.0
2024-04-19 12:30:00-04:00,24.90999984741211,24.90999984741211,24.889999389648438,24.889999389648438,1414,0.0,0.0
2024-04-19 13:30:00-04:00,24.8700008392334,24.90999984741211,24.8700008392334,24.90999984741211,2660,0.0,0.0
2024-04-19 14:30:00-04:00,24.8799991607666,24.979999542236328,24.8799991607666,24.979999542236328,1256,0.0,0.0
2024-04-19 15:30:00-04:00,24.940000534057617,24.940000534057617,24.902000427246094,24.902000427246094,2088,0.0,0.0
2024-04-22 09:30:00-04:00,24.940000534057617,25.0,24.902000427246094,24.902000427246094,3099,0.0,0.0
2024-04-22 10:30:00-04:00,24.889999389648438,24.889999389648438,24.889999389648438,24.889999389648438,2000,0.0,0.0
2024-04-22 11:30:00-04:00,24.999900817871094,24.999900817871094,24.999900817871094,24.999900817871094,0,0.0,0.0
2024-04-22 12:30:00-04:00,24.95159912109375,24.95159912109375,24.95159912109375,24.95159912109375,997,0.0,0.0
2024-04-22 13:30:00-04:00,24.940000534057617,24.975000381469727,24.940000534057617,24.950000762939453,3931,0.0,0.0
2024-04-22 14:30:00-04:00,24.951000213623047,24.96269989013672,24.940000534057617,24.96269989013672,1357,0.0,0.0
2024-04-23 10:30:00-04:00,24.990999221801758,25.010000228881836,24.990999221801758,25.010000228881836,1751,0.0,0.0
2024-04-23 12:30:00-04:00,25.010000228881836,25.035499572753906,24.989999771118164,25.020000457763672,1895,0.0,0.0
2024-04-23 13:30:00-04:00,24.979999542236328,24.979999542236328,24.969999313354492,24.969999313354492,1258,0.0,0.0
2024-04-24 09:30:00-04:00,25.1299991607666,25.288000106811523,25.052000045776367,25.06999969482422,2519,0.0,0.0
2024-04-24 10:30:00-04:00,25.13170051574707,25.13170051574707,25.13170051574707,25.13170051574707,241,0.0,0.0
2024-04-24 11:30:00-04:00,25.139999389648438,25.149999618530273,25.139999389648438,25.139999389648438,1067,0.0,0.0
2024-04-24 12:30:00-04:00,25.15999984741211,25.15999984741211,25.15999984741211,25.15999984741211,531,0.0,0.0
2024-04-24 13:30:00-04:00,25.149999618530273,25.149999618530273,25.149999618530273,25.149999618530273,982,0.0,0.0
2024-04-24 14:30:00-04:00,25.200000762939453,25.200000762939453,25.200000762939453,25.200000762939453,1462,0.0,0.0
2024-04-24 15:30:00-04:00,25.150299072265625,25.150299072265625,25.149999618530273,25.149999618530273,518,0.0,0.0
2024-04-25 09:30:00-04:00,25.239999771118164,25.239999771118164,25.200000762939453,25.200000762939453,4419,0.0,0.0
2024-04-25 10:30:00-04:00,25.200000762939453,25.202800750732422,25.149999618530273,25.200000762939453,5795,0.0,0.0
2024-04-25 11:30:00-04:00,25.209999084472656,25.209999084472656,25.18000030517578,25.195499420166016,11577,0.0,0.0
2024-04-25 14:30:00-04:00,25.209999084472656,25.209999084472656,25.209999084472656,25.209999084472656,412,0.0,0.0
2024-04-25 15:30:00-04:00,25.209999084472656,25.209999084472656,25.207599639892578,25.207599639892578,737,0.0,0.0
2024-04-26 09:30:00-04:00,25.190000534057617,25.190000534057617,25.190000534057617,25.190000534057617,423,0.0,0.0
2024-04-26 10:30:00-04:00,25.200000762939453,25.25,25.200000762939453,25.25,792,0.0,0.0
2024-04-26 11:30:00-04:00,25.270000457763672,25.274499893188477,25.270000457763672,25.274499893188477,1027,0.0,0.0
2024-04-26 14:30:00-04:00,25.280000686645508,25.290000915527344,25.280000686645508,25.290000915527344,1352,0.0,0.0
2024-04-26 15:30:00-04:00,25.250699996948242,25.250699996948242,25.210100173950195,25.250699996948242,2100,0.0,0.0
2024-04-29 09:30:00-04:00,25.290000915527344,25.290000915527344,25.211999893188477,25.211999893188477,1859,0.0,0.0
2024-04-29 11:30:00-04:00,25.288799285888672,25.299999237060547,25.270000457763672,25.270000457763672,4875,0.0,0.0
2024-04-29 12:30:00-04:00,25.29990005493164,25.299999237060547,25.29990005493164,25.299999237060547,740,0.0,0.0
2024-04-29 13:30:00-04:00,25.290000915527344,25.290000915527344,25.290000915527344,25.290000915527344,412,0.0,0.0
2024-04-29 15:30:00-04:00,25.280000686645508,25.280000686645508,25.260000228881836,25.260000228881836,316,0.0,0.0
2024-04-30 09:30:00-04:00,25.200000762939453,25.200000762939453,25.200000762939453,25.200000762939453,1289,0.0,0.0
2024-04-30 11:30:00-04:00,25.280000686645508,25.280000686645508,25.280000686645508,25.280000686645508,288,0.0,0.0
2024-04-30 13:30:00-04:00,25.260000228881836,25.260000228881836,25.229999542236328,25.229999542236328,5167,0.0,0.0
2024-04-30 15:30:00-04:00,25.350000381469727,25.350000381469727,25.350000381469727,25.350000381469727,1821,0.0,0.0
2024-05-01 09:30:00-04:00,25.34000015258789,25.34000015258789,25.34000015258789,25.34000015258789,0,0.0,0.0
2024-05-01 10:30:00-04:00,25.309999465942383,25.309999465942383,25.270000457763672,25.270000457763672,575,0.0,0.0
2024-05-01 12:30:00-04:00,25.310100555419922,25.310100555419922,25.310100555419922,25.310100555419922,479,0.0,0.0
2024-05-01 13:30:00-04:00,25.309999465942383,25.309999465942383,25.309999465942383,25.309999465942383,553,0.0,0.0
2024-05-01 14:30:00-04:00,25.300100326538086,25.300100326538086,25.299999237060547,25.299999237060547,1132,0.0,0.0
2024-05-02 10:30:00-04:00,25.270000457763672,25.280000686645508,25.270000457763672,25.280000686645508,926,0.0,0.0
2024-05-02 12:30:00-04:00,25.25,25.296300888061523,25.25,25.296300888061523,863,0.0,0.0
2024-05-02 13:30:00-04:00,25.261499404907227,25.277299880981445,25.260000228881836,25.277299880981445,2093,0.0,0.0
2024-05-03 10:30:00-04:00,25.2814998626709,25.327999114990234,25.280000686645508,25.280000686645508,1026,0.0,0.0
2024-05-03 11:30:00-04:00,25.260099411010742,25.270000457763672,25.260000228881836,25.26020050048828,1376,0.0,0.0
2024-05-03 13:30:00-04:00,25.350000381469727,25.350000381469727,25.350000381469727,25.350000381469727,158,0.0,0.0
2024-05-03 14:30:00-04:00,25.350000381469727,25.350000381469727,25.299999237060547,25.299999237060547,845,0.0,0.0
2024-05-06 09:30:00-04:00,25.299999237060547,25.299999237060547,25.27280044555664,25.280000686645508,1844,0.0,0.0
2024-05-06 10:30:00-04:00,25.260000228881836,25.299999237060547,25.25,25.250099182128906,17764,0.0,0.0
2024-05-06 11:30:00-04:00,25.209999084472656,25.25,25.209999084472656,25.225000381469727,6284,0.0,0.0
2024-05-06 14:30:00-04:00,25.200000762939453,25.201000213623047,25.200000762939453,25.20009994506836,4276,0.0,0.0
2024-05-06 15:30:00-04:00,25.19099998474121,25.19099998474121,25.19099998474121,25.19099998474121,108,0.0,0.0
2024-05-07 09:30:00-04:00,25.18000030517578,25.18000030517578,25.18000030517578,25.18000030517578,702,0.0,0.0
2024-05-07 10:30:00-04:00,25.235000610351562,25.299999237060547,25.235000610351562,25.299999237060547,1823,0.0,0.0
2024-05-07 12:30:00-04:00,25.207500457763672,25.225000381469727,25.207500457763672,25.225000381469727,793,0.0,0.0
2024-05-08 09:30:00-04:00,25.290000915527344,25.290000915527344,25.290000915527344,25.290000915527344,1001,0.0,0.0
2024-05-08 13:30:00-04:00,25.18950080871582,25.267499923706055,25.18950080871582,25.260099411010742,3648,0.0,0.0
2024-05-08 14:30:00-04:00,25.25,25.25,25.207500457763672,25.207500457763672,2265,0.0,0.0
2024-05-10 09:30:00-04:00,25.22480010986328,25.22480010986328,25.22480010986328,25.22480010986328,480,0.0,0.0
2024-05-10 10:30:00-04:00,25.200000762939453,25.20009994506836,25.200000762939453,25.200000762939453,608,0.0,0.0
2024-05-10 12:30:00-04:00,25.200000762939453,25.200000762939453,25.200000762939453,25.200000762939453,585,0.0,0.0
2024-05-10 14:30:00-04:00,25.200000762939453,25.200000762939453,25.200000762939453,25.200000762939453,421,0.0,0.0
2024-05-13 09:30:00-04:00,25.270000457763672,25.270000457763672,25.270000457763672,25.270000457763672,836,0.0,0.0
2024-05-13 12:30:00-04:00,25.18000030517578,25.190000534057617,25.18000030517578,25.18000030517578,1017,0.0,0.0
2024-05-13 13:30:00-04:00,25.18000030517578,25.18000030517578,25.120899200439453,25.120899200439453,6784,0.0,0.0
2024-05-13 14:30:00-04:00,25.149999618530273,25.149999618530273,25.100000381469727,25.100000381469727,2092,0.0,0.0
2024-05-14 10:30:00-04:00,25.170000076293945,25.170000076293945,25.170000076293945,25.170000076293945,282,0.0,0.0
2024-05-14 11:30:00-04:00,25.18000030517578,25.18000030517578,25.100000381469727,25.100000381469727,2761,0.0,0.0
2024-05-14 12:30:00-04:00,25.229999542236328,25.239999771118164,25.229999542236328,25.239999771118164,904,0.0,0.0
2024-05-14 13:30:00-04:00,25.235700607299805,25.289899826049805,25.209999084472656,25.289899826049805,1324,0.0,0.0
2024-05-14 14:30:00-04:00,25.17639923095703,25.260000228881836,25.17639923095703,25.229999542236328,2799,0.0,0.0
2024-05-14 15:30:00-04:00,25.25200080871582,25.2549991607666,25.120100021362305,25.149999618530273,1875,0.0,0.0
2024-05-15 13:30:00-04:00,25.270000457763672,25.270000457763672,25.229999542236328,25.270000457763672,1439,0.0,0.0
2024-05-15 15:30:00-04:00,25.235000610351562,25.262300491333008,25.219999313354492,25.239999771118164,3128,0.0,0.0
2024-05-16 09:30:00-04:00,25.219999313354492,25.25320053100586,25.190000534057617,25.19499969482422,1262,0.0,0.0
2024-05-16 10:30:00-04:00,25.219999313354492,25.219999313354492,25.204999923706055,25.204999923706055,387,0.0,0.0
2024-05-16 13:30:00-04:00,25.239999771118164,25.239999771118164,25.239999771118164,25.239999771118164,153,0.0,0.0
2024-05-16 15:30:00-04:00,25.299999237060547,25.299999237060547,25.299999237060547,25.299999237060547,161,0.0,0.0
2024-05-17 10:30:00-04:00,25.375,25.375,25.375,25.375,213,0.0,0.0
2024-05-17 11:30:00-04:00,25.3799991607666,25.3799991607666,25.3799991607666,25.3799991607666,400,0.0,0.0
2024-05-17 12:30:00-04:00,25.399900436401367,25.399999618530273,25.3700008392334,25.3799991607666,1813,0.0,0.0
2024-05-17 13:30:00-04:00,25.398000717163086,25.398000717163086,25.360000610351562,25.360000610351562,1634,0.0,0.0
2024-05-17 15:30:00-04:00,25.399999618530273,25.399999618530273,25.399999618530273,25.399999618530273,2196,0.0,0.0
2024-05-20 10:30:00-04:00,25.3700008392334,25.399999618530273,25.299999237060547,25.31999969482422,5042,0.0,0.0
2024-05-20 13:30:00-04:00,25.37689971923828,25.39900016784668,25.360000610351562,25.360000610351562,3055,0.0,0.0
2024-05-20 15:30:00-04:00,25.34000015258789,25.34000015258789,25.34000015258789,25.34000015258789,507,0.0,0.0
2024-05-21 09:30:00-04:00,25.390100479125977,25.390100479125977,25.350000381469727,25.350000381469727,653,0.0,0.0
2024-05-21 10:30:00-04:00,25.364999771118164,25.399999618530273,25.364999771118164,25.399999618530273,481,0.0,0.0
2024-05-21 11:30:00-04:00,25.399999618530273,25.399999618530273,25.388700485229492,25.388700485229492,1088,0.0,0.0
2024-05-21 12:30:00-04:00,25.399999618530273,25.399999618530273,25.38960075378418,25.399999618530273,465,0.0,0.0
2024-05-21 13:30:00-04:00,25.399999618530273,25.399999618530273,25.399900436401367,25.399900436401367,401,0.0,0.0
2024-05-21 14:30:00-04:00,25.350299835205078,25.389799118041992,25.350000381469727,25.389799118041992,1726,0.0,0.0
2024-05-22 09:30:00-04:00,25.330299377441406,25.354999542236328,25.330299377441406,25.354999542236328,411,0.0,0.0
2024-05-22 10:30:00-04:00,25.3700008392334,25.399999618530273,25.34000015258789,25.34000015258789,1676,0.0,0.0
2024-05-22 12:30:00-04:00,25.34000015258789,25.399999618530273,25.34000015258789,25.399999618530273,382,0.0,0.0
2024-05-22 13:30:00-04:00,25.34000015258789,25.393400192260742,25.34000015258789,25.393400192260742,1678,0.0,0.0
2024-05-22 14:30:00-04:00,25.375,25.375,25.375,25.375,849,0.0,0.0
2024-05-22 15:30:00-04:00,25.399999618530273,25.399999618530273,25.399999618530273,25.399999618530273,674,0.0,0.0
2024-05-23 09:30:00-04:00,25.3799991607666,25.399999618530273,25.3799991607666,25.399999618530273,623,0.0,0.0
2024-05-23 10:30:00-04:00,25.390499114990234,25.390499114990234,25.390499114990234,25.390499114990234,604,0.0,0.0
2024-05-23 14:30:00-04:00,25.350000381469727,25.350000381469727,25.350000381469727,25.350000381469727,266,0.0,0.0
2024-05-23 15:30:00-04:00,25.350099563598633,25.394399642944336,25.350099563598633,25.394399642944336,1497,0.0,0.0
2024-05-24 09:30:00-04:00,25.350099563598633,25.350099563598633,25.350099563598633,25.350099563598633,0,0.0,0.0
2024-05-24 10:30:00-04:00,25.37980079650879,25.37980079650879,25.364999771118164,25.364999771118164,681,0.0,0.0
2024-05-24 15:30:00-04:00,25.3700008392334,25.3700008392334,25.3700008392334,25.3700008392334,314,0.0,0.0
2024-05-28 09:30:00-04:00,25.489999771118164,25.489999771118164,25.385000228881836,25.385000228881836,3390,0.0,0.0
2024-05-28 10:30:00-04:00,25.389999389648438,25.43000030517578,25.389999389648438,25.42799949645996,2349,0.0,0.0
2024-05-28 11:30:00-04:00,25.395099639892578,25.395099639892578,25.395099639892578,25.395099639892578,459,0.0,0.0
2024-05-28 12:30:00-04:00,25.42799949645996,25.42799949645996,25.37470054626465,25.41819953918457,871,0.0,0.0
2024-05-29 15:30:00-04:00,25.420000076293945,25.423500061035156,25.420000076293945,25.423500061035156,1015,0.0,0.0
2024-05-30 11:30:00-04:00,25.432199478149414,25.432199478149414,25.432199478149414,25.432199478149414,296,0.0,0.0
2024-05-30 13:30:00-04:00,25.450000762939453,25.450000762939453,25.450000762939453,25.450000762939453,327,0.0,0.0
2024-05-30 14:30:00-04:00,25.434999465942383,25.434999465942383,25.434999465942383,25.434999465942383,442,0.0,0.0
2024-05-30 15:30:00-04:00,25.420000076293945,25.420000076293945,25.420000076293945,25.420000076293945,351,0.0,0.0
2024-05-31 09:30:00-04:00,25.422000885009766,25.422000885009766,25.422000885009766,25.422000885009766,1028,0.0,0.0
2024-05-31 10:30:00-04:00,25.459999084472656,25.459999084472656,25.459999084472656,25.459999084472656,369,0.0,0.0
2024-05-31 11:30:00-04:00,25.450199127197266,25.459999084472656,25.450000762939453,25.459999084472656,700,0.0,0.0
2024-05-31 12:30:00-04:00,25.459999084472656,25.459999084472656,25.459999084472656,25.459999084472656,1346,0.0,0.0
2024-05-31 13:30:00-04:00,25.459999084472656,25.459999084472656,25.459999084472656,25.459999084472656,6653,0.0,0.0
2024-05-31 14:30:00-04:00,25.469999313354492,25.469999313354492,25.450000762939453,25.45009994506836,1228,0.0,0.0
2024-05-31 15:30:00-04:00,25.459999084472656,25.65999984741211,25.459999084472656,25.602699279785156,17666,0.0,0.0
2024-06-03 09:30:00-04:00,25.209999084472656,25.209999084472656,25.106300354003906,25.110000610351562,9573,0.0,0.0
2024-06-03 10:30:00-04:00,25.110000610351562,25.1299991607666,25.110000610351562,25.1200008392334,400,0.0,0.0
2024-06-03 11:30:00-04:00,25.135499954223633,25.139999389648438,25.111900329589844,25.1200008392334,1193,0.0,0.0
2024-06-03 13:30:00-04:00,25.1299991607666,25.139999389648438,25.100000381469727,25.100000381469727,2734,0.0,0.0
2024-06-03 14:30:00-04:00,25.139999389648438,25.139999389648438,25.139999389648438,25.139999389648438,523,0.0,0.0
2024-06-04 09:30:00-04:00,25.170000076293945,25.170000076293945,25.116500854492188,25.116500854492188,2108,0.0,0.0
2024-06-04 10:30:00-04:00,25.125,25.125,25.125,25.125,103,0.0,0.0
2024-06-04 11:30:00-04:00,25.145000457763672,25.18000030517578,25.100000381469727,25.10099983215332,6343,0.0,0.0
2024-06-04 12:30:00-04:00,25.179899215698242,25.179899215698242,25.13010025024414,25.13010025024414,872,0.0,0.0
2024-06-04 13:30:00-04:00,25.149999618530273,25.149999618530273,25.100099563598633,25.139999389648438,2441,0.0,0.0
2024-06-04 14:30:00-04:00,25.100000381469727,25.11400032043457,25.099899291992188,25.099899291992188,1802,0.0,0.0
2024-06-05 09:30:00-04:00,25.18000030517578,25.18000030517578,25.1200008392334,25.13279914855957,2376,0.0,0.0
2024-06-05 11:30:00-04:00,25.13249969482422,25.138599395751953,25.13249969482422,25.138599395751953,1180,0.0,0.0
2024-06-05 13:30:00-04:00,25.090499877929688,25.090499877929688,25.09000015258789,25.09000015258789,723,0.0,0.0
2024-06-05 14:30:00-04:00,25.110000610351562,25.110000610351562,25.110000610351562,25.110000610351562,450,0.0,0.0
2024-06-06 09:30:00-04:00,25.110000610351562,25.114700317382812,25.100000381469727,25.100000381469727,3080,0.0,0.0
2024-06-06 12:30:00-04:00,25.110000610351562,25.110000610351562,25.110000610351562,25.110000610351562,480,0.0,0.0
2024-06-06 14:30:00-04:00,25.109800338745117,25.109800338745117,25.109800338745117,25.109800338745117,400,0.0,0.0
2024-06-06 15:30:00-04:00,25.08009910583496,25.110000610351562,25.08009910583496,25.110000610351562,995,0.0,0.0
2024-06-07 09:30:00-04:00,25.09000015258789,25.110000610351562,25.079999923706055,25.110000610351562,500,0.0,0.0
2024-06-07 10:30:00-04:00,25.10810089111328,25.109899520874023,25.084999084472656,25.08880043029785,1827,0.0,0.0
2024-06-07 11:30:00-04:00,25.100000381469727,25.100000381469727,25.070199966430664,25.070199966430664,2139,0.0,0.0
2024-06-07 12:30:00-04:00,25.109899520874023,25.110000610351562,25.09000015258789,25.110000610351562,954,0.0,0.0
2024-06-07 13:30:00-04:00,25.084999084472656,25.084999084472656,25.084999084472656,25.084999084472656,671,0.0,0.0
2024-06-07 15:30:00-04:00,25.09000015258789,25.09000015258789,25.079999923706055,25.079999923706055,1900,0.0,0.0
2024-06-10 09:30:00-04:00,25.094999313354492,25.094999313354492,25.070100784301758,25.070100784301758,4899,0.0,0.0
2024-06-10 10:30:00-04:00,25.065000534057617,25.065000534057617,25.065000534057617,25.065000534057617,240,0.0,0.0
2024-06-10 11:30:00-04:00,25.069900512695312,25.06999969482422,25.059999465942383,25.06999969482422,1097,0.0,0.0
2024-06-10 12:30:00-04:00,25.069900512695312,25.069900512695312,25.069900512695312,25.069900512695312,469,0.0,0.0
2024-06-10 13:30:00-04:00,25.06999969482422,25.09000015258789,25.06999969482422,25.09000015258789,496,0.0,0.0
2024-06-10 14:30:00-04:00,25.079999923706055,25.079999923706055,25.065000534057617,25.079999923706055,1979,0.0,0.0
2024-06-10 15:30:00-04:00,25.110000610351562,25.135000228881836,25.110000610351562,25.135000228881836,482,0.0,0.0
2024-06-11 09:30:00-04:00,25.075000762939453,25.075000762939453,25.075000762939453,25.075000762939453,0,0.0,0.0
2024-06-11 10:30:00-04:00,25.079999923706055,25.100000381469727,25.079999923706055,25.100000381469727,252,0.0,0.0
2024-06-11 11:30:00-04:00,25.100000381469727,25.10449981689453,25.100000381469727,25.10449981689453,395,0.0,0.0
2024-06-11 13:30:00-04:00,25.118000030517578,25.1200008392334,25.110000610351562,25.1200008392334,1609,0.0,0.0
2024-06-11 14:30:00-04:00,25.1200008392334,25.1200008392334,25.1200008392334,25.1200008392334,491,0.0,0.0
2024-06-12 09:30:00-04:00,25.06999969482422,25.1200008392334,25.06999969482422,25.104999542236328,1827,0.0,0.0
2024-06-12 10:30:00-04:00,25.139999389648438,25.139999389648438,25.110000610351562,25.110000610351562,1498,0.0,0.0
2024-06-12 11:30:00-04:00,25.100099563598633,25.100099563598633,25.100099563598633,25.100099563598633,726,0.0,0.0
2024-06-12 13:30:00-04:00,25.079999923706055,25.114599227905273,25.079999923706055,25.114599227905273,632,0.0,0.0
2024-06-12 14:30:00-04:00,25.139999389648438,25.139999389648438,25.09000015258789,25.110000610351562,900,0.0,0.0
2024-06-13 09:30:00-04:00,25.110000610351562,25.11949920654297,25.110000610351562,25.110000610351562,1623,0.0,0.0
2024-06-13 10:30:00-04:00,25.100000381469727,25.139999389648438,25.100000381469727,25.139999389648438,2729,0.0,0.0
2024-06-13 11:30:00-04:00,25.134000778198242,25.134000778198242,25.100000381469727,25.100000381469727,405,0.0,0.0
2024-06-13 14:30:00-04:00,25.06999969482422,25.079999923706055,25.049999237060547,25.050100326538086,3231,0.0,0.0
2024-06-14 09:30:00-04:00,25.059999465942383,25.100000381469727,25.059999465942383,25.100000381469727,790,0.0,0.0
2024-06-14 11:30:00-04:00,25.059999465942383,25.059999465942383,25.059900283813477,25.059900283813477,2700,0.0,0.0
2024-06-14 12:30:00-04:00,25.05929946899414,25.05929946899414,25.05929946899414,25.05929946899414,251,0.0,0.0
2024-06-14 13:30:00-04:00,25.059999465942383,25.059999465942383,25.059999465942383,25.059999465942383,3302,0.0,0.0
2024-06-17 09:30:00-04:00,25.059999465942383,25.059999465942383,25.059999465942383,25.059999465942383,168,0.0,0.0
2024-06-17 10:30:00-04:00,25.050899505615234,25.050899505615234,25.049999237060547,25.049999237060547,1942,0.0,0.0
2024-06-17 11:30:00-04:00,25.020000457763672,25.049299240112305,25.020000457763672,25.049299240112305,259,0.0,0.0
2024-06-17 13:30:00-04:00,25.040000915527344,25.049999237060547,25.040000915527344,25.04800033569336,1100,0.0,0.0
2024-06-17 14:30:00-04:00,25.040000915527344,25.049999237060547,25.040000915527344,25.049999237060547,633,0.0,0.0
2024-06-18 09:30:00-04:00,25.0,25.0,24.9950008392334,24.9950008392334,2924,0.0,0.0
2024-06-18 10:30:00-04:00,25.049999237060547,25.059999465942383,25.030000686645508,25.059999465942383,43063,0.0,0.0
2024-06-18 12:30:00-04:00,25.045000076293945,25.049999237060547,25.045000076293945,25.049999237060547,786,0.0,0.0
2024-06-18 13:30:00-04:00,25.045000076293945,25.045000076293945,25.045000076293945,25.045000076293945,380,0.0,0.0
2024-06-18 15:30:00-04:00,25.059999465942383,25.059999465942383,25.040000915527344,25.040000915527344,350,0.0,0.0
2024-06-20 09:30:00-04:00,25.010000228881836,25.030000686645508,25.001399993896484,25.010000228881836,0,0.0,0.0
2024-06-20 10:30:00-04:00,25.04669952392578,25.04669952392578,25.010000228881836,25.030000686645508,1316,0.0,0.0
2024-06-20 11:30:00-04:00,25.010000228881836,25.060100555419922,25.000499725341797,25.049999237060547,13123,0.0,0.0
2024-06-20 14:30:00-04:00,25.020000457763672,25.049999237060547,25.020000457763672,25.020000457763672,2489,0.0,0.0
2024-06-20 15:30:00-04:00,25.020000457763672,25.045000076293945,25.0,25.0,8201,0.0,0.0
2024-06-21 10:30:00-04:00,25.014999389648438,25.049999237060547,25.014999389648438,25.049999237060547,714,0.0,0.0
2024-06-21 11:30:00-04:00,25.040000915527344,25.040000915527344,25.040000915527344,25.040000915527344,896,0.0,0.0
2024-06-21 12:30:00-04:00,25.04990005493164,25.04990005493164,25.04990005493164,25.04990005493164,7909,0.0,0.0
2024-06-21 13:30:00-04:00,25.025999069213867,25.025999069213867,25.020000457763672,25.020000457763672,0,0.0,0.0
2024-06-21 14:30:00-04:00,25.024999618530273,25.024999618530273,25.024999618530273,25.024999618530273,28,0.0,0.0
2024-06-21 15:30:00-04:00,25.010000228881836,25.042400360107422,25.010000228881836,25.042400360107422,1860,0.0,0.0
2024-06-24 09:30:00-04:00,25.1200008392334,25.1200008392334,25.049999237060547,25.049999237060547,2355,0.0,0.0
2024-06-24 10:30:00-04:00,25.110000610351562,25.110000610351562,25.049999237060547,25.049999237060547,2125,0.0,0.0
2024-06-24 11:30:00-04:00,25.040000915527344,25.040000915527344,25.030000686645508,25.030000686645508,1206,0.0,0.0
2024-06-24 12:30:00-04:00,25.049999237060547,25.049999237060547,25.049999237060547,25.049999237060547,305,0.0,0.0
2024-06-24 13:30:00-04:00,25.049999237060547,25.049999237060547,25.049999237060547,25.049999237060547,1275,0.0,0.0
2024-06-24 14:30:00-04:00,25.049999237060547,25.049999237060547,25.049999237060547,25.049999237060547,766,0.0,0.0
2024-06-24 15:30:00-04:00,25.040000915527344,25.040000915527344,25.040000915527344,25.040000915527344,228,0.0,0.0
2024-06-25 09:30:00-04:00,25.049999237060547,25.170000076293945,25.049999237060547,25.170000076293945,2152,0.0,0.0
2024-06-25 10:30:00-04:00,25.03499984741211,25.03499984741211,25.03499984741211,25.03499984741211,696,0.0,0.0
2024-06-25 11:30:00-04:00,25.049999237060547,25.049999237060547,25.040000915527344,25.040000915527344,497,0.0,0.0
2024-06-25 12:30:00-04:00,25.031999588012695,25.049999237060547,25.031999588012695,25.049999237060547,2077,0.0,0.0
2024-06-25 13:30:00-04:00,25.020000457763672,25.049999237060547,25.010000228881836,25.049999237060547,3872,0.0,0.0
2024-06-25 14:30:00-04:00,25.010000228881836,25.010000228881836,25.010000228881836,25.010000228881836,4420,0.0,0.0
2024-06-25 15:30:00-04:00,25.0310001373291,25.0310001373291,25.020000457763672,25.020000457763672,600,0.0,0.0
2024-06-26 09:30:00-04:00,25.1299991607666,25.1299991607666,25.010000228881836,25.064599990844727,3806,0.0,0.0
2024-06-26 11:30:00-04:00,25.049999237060547,25.049999237060547,25.010000228881836,25.014999389648438,1620,0.0,0.0
2024-06-26 12:30:00-04:00,25.030000686645508,25.030000686645508,25.010000228881836,25.010000228881836,2397,0.0,0.0
2024-06-26 13:30:00-04:00,25.010000228881836,25.010000228881836,25.010000228881836,25.010000228881836,9586,0.0,0.0
2024-06-26 15:30:00-04:00,25.010000228881836,25.049999237060547,25.010000228881836,25.049999237060547,510,0.0,0.0
2024-06-27 11:30:00-04:00,25.077199935913086,25.08799934387207,25.077199935913086,25.08799934387207,526,0.0,0.0
2024-06-27 12:30:00-04:00,25.049999237060547,25.09000015258789,25.049999237060547,25.062000274658203,1746,0.0,0.0
2024-06-27 13:30:00-04:00,25.049999237060547,25.049999237060547,25.049999237060547,25.049999237060547,250,0.0,0.0
2024-06-28 09:30:00-04:00,25.030000686645508,25.09000015258789,25.030000686645508,25.05500030517578,2165,0.0,0.0
2024-06-28 10:30:00-04:00,25.129899978637695,25.129899978637695,25.02199935913086,25.030000686645508,795,0.0,0.0
2024-06-28 12:30:00-04:00,25.079999923706055,25.079999923706055,25.050100326538086,25.050100326538086,2138,0.0,0.0
2024-06-28 14:30:00-04:00,25.04800033569336,25.064199447631836,25.04800033569336,25.064199447631836,2210,0.0,0.0
2024-06-28 15:30:00-04:00,25.077999114990234,25.07990074157715,25.049999237060547,25.07990074157715,1772,0.0,0.0
2024-07-01 09:30:00-04:00,25.079999923706055,25.110000610351562,25.079999923706055,25.10849952697754,0,0.0,0.0
2024-07-01 10:30:00-04:00,25.051000595092773,25.051000595092773,25.051000595092773,25.051000595092773,1498,0.0,0.0
2024-07-01 11:30:00-04:00,25.09000015258789,25.09000015258789,25.09000015258789,25.09000015258789,700,0.0,0.0
2024-07-01 12:30:00-04:00,25.079999923706055,25.079999923706055,25.079999923706055,25.079999923706055,317,0.0,0.0
2024-07-01 13:30:00-04:00,25.079999923706055,25.079999923706055,25.079999923706055,25.079999923706055,215,0.0,0.0
2024-07-01 14:30:00-04:00,25.079999923706055,25.09000015258789,25.07200050354004,25.07200050354004,1500,0.0,0.0
2024-07-01 15:30:00-04:00,25.08989906311035,25.09000015258789,25.06999969482422,25.06999969482422,5286,0.0,0.0
2024-07-02 09:30:00-04:00,25.1200008392334,25.139999389648438,25.059999465942383,25.126800537109375,10344,0.0,0.0
2024-07-02 10:30:00-04:00,25.139999389648438,25.139999389648438,25.139999389648438,25.139999389648438,1625,0.0,0.0
2024-07-02 11:30:00-04:00,25.075000762939453,25.075000762939453,25.059999465942383,25.075000762939453,4096,0.0,0.0
2024-07-02 12:30:00-04:00,25.059999465942383,25.08989906311035,25.059999465942383,25.08989906311035,591,0.0,0.0
2024-07-02 13:30:00-04:00,25.06999969482422,25.06999969482422,25.06999969482422,25.06999969482422,326,0.0,0.0
2024-07-02 14:30:00-04:00,25.06999969482422,25.06999969482422,25.059999465942383,25.059999465942383,1458,0.0,0.0
2024-07-02 15:30:00-04:00,25.079999923706055,25.079999923706055,25.079999923706055,25.079999923706055,1629,0.0,0.0
2024-07-03 09:30:00-04:00,25.100000381469727,25.100000381469727,25.100000381469727,25.100000381469727,1702,0.0,0.0
2024-07-03 10:30:00-04:00,25.059999465942383,25.059999465942383,25.059999465942383,25.059999465942383,208,0.0,0.0
2024-07-03 12:30:00-04:00,25.059999465942383,25.100000381469727,25.059999465942383,25.100000381469727,1978,0.0,0.0
2024-07-05 09:30:00-04:00,25.049999237060547,25.110000610351562,25.049999237060547,25.085599899291992,0,0.0,0.0
2024-07-05 10:30:00-04:00,25.100000381469727,25.100000381469727,25.100000381469727,25.100000381469727,2346,0.0,0.0
2024-07-05 11:30:00-04:00,25.100000381469727,25.110000610351562,25.100000381469727,25.110000610351562,338,0.0,0.0
2024-07-05 13:30:00-04:00,25.100000381469727,25.100000381469727,25.100000381469727,25.100000381469727,1826,0.0,0.0
2024-07-05 15:30:00-04:00,25.104999542236328,25.104999542236328,25.099199295043945,25.100000381469727,1237,0.0,0.0
2024-07-08 09:30:00-04:00,25.139999389648438,25.139999389648438,25.139999389648438,25.139999389648438,545,0.0,0.0
2024-07-08 10:30:00-04:00,25.100000381469727,25.110000610351562,25.100000381469727,25.104999542236328,1481,0.0,0.0
2024-07-08 11:30:00-04:00,25.100000381469727,25.100000381469727,25.100000381469727,25.100000381469727,952,0.0,0.0
2024-07-08 12:30:00-04:00,25.084999084472656,25.09000015258789,25.084999084472656,25.09000015258789,1389,0.0,0.0
2024-07-08 14:30:00-04:00,25.09600067138672,25.09600067138672,25.079999923706055,25.079999923706055,720,0.0,0.0
2024-07-09 09:30:00-04:00,25.09000015258789,25.09000015258789,25.09000015258789,25.09000015258789,0,0.0,0.0
2024-07-09 11:30:00-04:00,25.100000381469727,25.100000381469727,25.100000381469727,25.100000381469727,2262,0.0,0.0
2024-07-09 12:30:00-04:00,25.100000381469727,25.100000381469727,25.06999969482422,25.06999969482422,4036,0.0,0.0
2024-07-09 13:30:00-04:00,25.079999923706055,25.09000015258789,25.079999923706055,25.084999084472656,3225,0.0,0.0
2024-07-10 09:30:00-04:00,25.11669921875,25.11669921875,25.06999969482422,25.079999923706055,1686,0.0,0.0
2024-07-10 10:30:00-04:00,25.100000381469727,25.100000381469727,25.100000381469727,25.100000381469727,1072,0.0,0.0
2024-07-10 12:30:00-04:00,25.145000457763672,25.145000457763672,25.145000457763672,25.145000457763672,0,0.0,0.0
2024-07-10 15:30:00-04:00,25.139999389648438,25.139999389648438,25.139999389648438,25.139999389648438,3108,0.0,0.0
2024-07-11 09:30:00-04:00,25.149999618530273,25.149999618530273,25.149999618530273,25.149999618530273,1510,0.0,0.0
2024-07-11 10:30:00-04:00,25.149999618530273,25.149999618530273,25.149999618530273,25.149999618530273,1540,0.0,0.0
2024-07-11 11:30:00-04:00,25.190000534057617,25.190000534057617,25.190000534057617,25.190000534057617,0,0.0,0.0
2024-07-11 13:30:00-04:00,25.165000915527344,25.165000915527344,25.165000915527344,25.165000915527344,7216,0.0,0.0
2024-07-12 09:30:00-04:00,25.190000534057617,25.190000534057617,25.139999389648438,25.139999389648438,7636,0.0,0.0
2024-07-12 11:30:00-04:00,25.139999389648438,25.139999389648438,25.139999389648438,25.139999389648438,385,0.0,0.0
2024-07-12 15:30:00-04:00,25.149999618530273,25.149999618530273,25.149999618530273,25.149999618530273,161,0.0,0.0
2024-07-15 10:30:00-04:00,25.150100708007812,25.150100708007812,25.150100708007812,25.150100708007812,1278,0.0,0.0
2024-07-15 11:30:00-04:00,25.150699615478516,25.150699615478516,25.150699615478516,25.150699615478516,210,0.0,0.0
2024-07-15 12:30:00-04:00,25.139999389648438,25.15999984741211,25.139999389648438,25.15999984741211,5245,0.0,0.0
2024-07-15 14:30:00-04:00,25.140199661254883,25.149999618530273,25.140100479125977,25.140100479125977,2799,0.0,0.0
2024-07-15 15:30:00-04:00,25.15999984741211,25.15999984741211,25.15999984741211,25.15999984741211,440,0.0,0.0
2024-07-16 09:30:00-04:00,25.16010093688965,25.16010093688965,25.15999984741211,25.15999984741211,0,0.0,0.0
2024-07-16 10:30:00-04:00,25.100000381469727,25.135000228881836,25.100000381469727,25.135000228881836,7907,0.0,0.0
2024-07-16 11:30:00-04:00,25.149999618530273,25.149999618530273,25.149999618530273,25.149999618530273,92,0.0,0.0
2024-07-16 13:30:00-04:00,25.1200008392334,25.159900665283203,25.1200008392334,25.159900665283203,924,0.0,0.0
2024-07-16 15:30:00-04:00,25.1299991607666,25.1299991607666,25.1299991607666,25.1299991607666,371,0.0,0.0
2024-07-17 09:30:00-04:00,25.139999389648438,25.139999389648438,25.139999389648438,25.139999389648438,17391,0.0,0.0
2024-07-17 10:30:00-04:00,25.139999389648438,25.149900436401367,25.139999389648438,25.139999389648438,4095,0.0,0.0
2024-07-17 11:30:00-04:00,25.139999389648438,25.149999618530273,25.139999389648438,25.139999389648438,2941,0.0,0.0
2024-07-17 13:30:00-04:00,25.139999389648438,25.139999389648438,25.139999389648438,25.139999389648438,4484,0.0,0.0
2024-07-17 14:30:00-04:00,25.139999389648438,25.139999389648438,25.13990020751953,25.13990020751953,1091,0.0,0.0
2024-07-17 15:30:00-04:00,25.155000686645508,25.155000686645508,25.155000686645508,25.155000686645508,200,0.0,0.0
2024-07-18 09:30:00-04:00,25.187999725341797,25.187999725341797,25.187999725341797,25.187999725341797,528,0.0,0.0
2024-07-18 11:30:00-04:00,25.149999618530273,25.149999618530273,25.149999618530273,25.149999618530273,1490,0.0,0.0
2024-07-18 13:30:00-04:00,25.150800704956055,25.18000030517578,25.139999389648438,25.139999389648438,3110,0.0,0.0
2024-07-18 14:30:00-04:00,25.149999618530273,25.149999618530273,25.149999618530273,25.149999618530273,5302,0.0,0.0
2024-07-18 15:30:00-04:00,25.149999618530273,25.149999618530273,25.149999618530273,25.149999618530273,13396,0.0,0.0
2024-07-19 09:30:00-04:00,25.150400161743164,25.150400161743164,25.150400161743164,25.150400161743164,685,0.0,0.0
2024-07-19 12:30:00-04:00,25.170000076293945,25.18000030517578,25.149999618530273,25.179899215698242,2545,0.0,0.0
2024-07-19 13:30:00-04:00,25.18000030517578,25.18000030517578,25.18000030517578,25.18000030517578,847,0.0,0.0
2024-07-22 09:30:00-04:00,25.239999771118164,25.250200271606445,25.239999771118164,25.25,4127,0.0,0.0
2024-07-22 10:30:00-04:00,25.25,25.299999237060547,25.25,25.260000228881836,10083,0.0,0.0
2024-07-22 11:30:00-04:00,25.250099182128906,25.250099182128906,25.250099182128906,25.250099182128906,0,0.0,0.0
2024-07-22 12:30:00-04:00,25.270000457763672,25.280000686645508,25.270000457763672,25.270000457763672,7047,0.0,0.0
2024-07-22 13:30:00-04:00,25.270000457763672,25.273300170898438,25.270000457763672,25.270000457763672,1674,0.0,0.0
2024-07-22 14:30:00-04:00,25.289899826049805,25.299999237060547,25.289899826049805,25.295000076293945,4914,0.0,0.0
2024-07-22 15:30:00-04:00,25.290000915527344,25.290000915527344,25.290000915527344,25.290000915527344,1377,0.0,0.0
2024-07-23 09:30:00-04:00,25.280500411987305,25.299999237060547,25.260000228881836,25.262699127197266,2214,0.0,0.0
2024-07-23 10:30:00-04:00,25.25,25.268199920654297,25.25,25.268199920654297,300,0.0,0.0
2024-07-23 11:30:00-04:00,25.28660011291504,25.299999237060547,25.280000686645508,25.28660011291504,1694,0.0,0.0
2024-07-23 12:30:00-04:00,25.299999237060547,25.299999237060547,25.299999237060547,25.299999237060547,700,0.0,0.0
2024-07-23 13:30:00-04:00,25.290000915527344,25.309999465942383,25.290000915527344,25.299999237060547,8818,0.0,0.0
2024-07-23 14:30:00-04:00,25.309999465942383,25.309999465942383,25.299999237060547,25.309999465942383,7969,0.0,0.0
2024-07-23 15:30:00-04:00,25.290000915527344,25.290000915527344,25.239999771118164,25.239999771118164,5419,0.0,0.0
2024-07-24 09:30:00-04:00,25.209999084472656,25.309999465942383,25.209999084472656,25.283700942993164,4621,0.0,0.0
2024-07-24 10:30:00-04:00,25.290000915527344,25.290000915527344,25.290000915527344,25.290000915527344,405,0.0,0.0
2024-07-24 12:30:00-04:00,25.280000686645508,25.280000686645508,25.270000457763672,25.270000457763672,2026,0.0,0.0
2024-07-24 13:30:00-04:00,25.260000228881836,25.28499984741211,25.260000228881836,25.28499984741211,461,0.0,0.0
2024-07-24 14:30:00-04:00,25.290000915527344,25.290000915527344,25.290000915527344,25.290000915527344,363,0.0,0.0
2024-07-25 11:30:00-04:00,25.295000076293945,25.299999237060547,25.295000076293945,25.299999237060547,1201,0.0,0.0
2024-07-25 12:30:00-04:00,25.290000915527344,25.290000915527344,25.290000915527344,25.290000915527344,221,0.0,0.0
2024-07-25 13:30:00-04:00,25.299999237060547,25.299999237060547,25.299999237060547,25.299999237060547,237,0.0,0.0
2024-07-26 09:30:00-04:00,25.299999237060547,25.309999465942383,25.28499984741211,25.309999465942383,2137,0.0,0.0
2024-07-26 10:30:00-04:00,25.309799194335938,25.309799194335938,25.309799194335938,25.309799194335938,120,0.0,0.0
2024-07-26 11:30:00-04:00,25.30299949645996,25.30299949645996,25.30299949645996,25.30299949645996,9,0.0,0.0
2024-07-26 12:30:00-04:00,25.309999465942383,25.309999465942383,25.309900283813477,25.309999465942383,1288,0.0,0.0
2024-07-26 14:30:00-04:00,25.304000854492188,25.304000854492188,25.304000854492188,25.304000854492188,599,0.0,0.0
2024-07-26 15:30:00-04:00,25.309999465942383,25.325000762939453,25.30660057067871,25.31999969482422,1748,0.0,0.0
2024-07-29 09:30:00-04:00,25.31999969482422,25.31999969482422,25.31999969482422,25.31999969482422,825,0.0,0.0
2024-07-29 10:30:00-04:00,25.34000015258789,25.34000015258789,25.34000015258789,25.34000015258789,189,0.0,0.0
2024-07-29 12:30:00-04:00,25.299999237060547,25.34000015258789,25.299999237060547,25.34000015258789,5822,0.0,0.0
2024-07-29 13:30:00-04:00,25.327999114990234,25.327999114990234,25.327999114990234,25.327999114990234,462,0.0,0.0
2024-07-29 14:30:00-04:00,25.34000015258789,25.34000015258789,25.31999969482422,25.31999969482422,0,0.0,0.0
2024-07-29 15:30:00-04:00,25.31999969482422,25.31999969482422,25.309999465942383,25.309999465942383,8973,0.0,0.0
2024-07-30 09:30:00-04:00,25.329999923706055,25.329999923706055,25.329999923706055,25.329999923706055,0,0.0,0.0
2024-07-30 10:30:00-04:00,25.299999237060547,25.299999237060547,25.299999237060547,25.299999237060547,2011,0.0,0.0
2024-07-30 11:30:00-04:00,25.329999923706055,25.329999923706055,25.329999923706055,25.329999923706055,200,0.0,0.0
2024-07-30 12:30:00-04:00,25.299999237060547,25.329999923706055,25.299999237060547,25.329999923706055,2895,0.0,0.0
2024-07-30 14:30:00-04:00,25.329999923706055,25.329999923706055,25.329999923706055,25.329999923706055,185,0.0,0.0
2024-07-30 15:30:00-04:00,25.329999923706055,25.329999923706055,25.329999923706055,25.329999923706055,0,0.0,0.0
2024-07-31 09:30:00-04:00,25.29640007019043,25.29640007019043,25.29640007019043,25.29640007019043,419,0.0,0.0
2024-07-31 10:30:00-04:00,25.329999923706055,25.34000015258789,25.29010009765625,25.30820083618164,3113,0.0,0.0
2024-07-31 11:30:00-04:00,25.290000915527344,25.29199981689453,25.290000915527344,25.29199981689453,2305,0.0,0.0
2024-07-31 12:30:00-04:00,25.329999923706055,25.329999923706055,25.315000534057617,25.315000534057617,1192,0.0,0.0
2024-07-31 13:30:00-04:00,25.329999923706055,25.329999923706055,25.290000915527344,25.31999969482422,891,0.0,0.0
2024-07-31 14:30:00-04:00,25.309999465942383,25.31410026550293,25.290000915527344,25.291000366210938,4593,0.0,0.0
2024-07-31 15:30:00-04:00,25.299999237060547,25.309999465942383,25.299999237060547,25.301000595092773,7841,0.0,0.0
2024-08-01 09:30:00-04:00,25.299999237060547,25.309999465942383,25.290000915527344,25.290000915527344,0,0.0,0.0
2024-08-01 10:30:00-04:00,25.290000915527344,25.290000915527344,25.290000915527344,25.290000915527344,414,0.0,0.0
2024-08-01 11:30:00-04:00,25.316699981689453,25.316699981689453,25.316699981689453,25.316699981689453,394,0.0,0.0
2024-08-01 12:30:00-04:00,25.30500030517578,25.326000213623047,25.290000915527344,25.326000213623047,10929,0.0,0.0
2024-08-01 13:30:00-04:00,25.290000915527344,25.290000915527344,25.290000915527344,25.290000915527344,563,0.0,0.0
2024-08-02 09:30:00-04:00,25.34000015258789,25.34000015258789,25.270000457763672,25.270000457763672,2604,0.0,0.0
2024-08-02 10:30:00-04:00,25.25,25.309600830078125,25.200000762939453,25.229000091552734,0,0.0,0.0
2024-08-02 11:30:00-04:00,25.28499984741211,25.28499984741211,25.28499984741211,25.28499984741211,8319,0.0,0.0
2024-08-02 12:30:00-04:00,25.34000015258789,25.344999313354492,25.309999465942383,25.309999465942383,5326,0.0,0.0
2024-08-02 13:30:00-04:00,25.31999969482422,25.31999969482422,25.315500259399414,25.315500259399414,764,0.0,0.0
2024-08-02 14:30:00-04:00,25.309999465942383,25.309999465942383,25.309999465942383,25.309999465942383,538,0.0,0.0
2024-08-05 09:30:00-04:00,25.309999465942383,25.309999465942383,25.219999313354492,25.270000457763672,8724,0.0,0.0
2024-08-05 10:30:00-04:00,25.263700485229492,25.263700485229492,25.22570037841797,25.22570037841797,1712,0.0,0.0
2024-08-05 12:30:00-04:00,25.25,25.280000686645508,25.25,25.280000686645508,335,0.0,0.0
2024-08-05 13:30:00-04:00,25.270000457763672,25.270000457763672,25.270000457763672,25.270000457763672,0,0.0,0.0
2024-08-06 10:30:00-04:00,25.295000076293945,25.305200576782227,25.295000076293945,25.305200576782227,513,0.0,0.0
2024-08-06 15:30:00-04:00,25.270099639892578,25.270099639892578,25.270099639892578,25.270099639892578,0,0.0,0.0
2024-08-07 12:30:00-04:00,25.309999465942383,25.309999465942383,25.309999465942383,25.309999465942383,416,0.0,0.0
2024-08-07 14:30:00-04:00,25.299999237060547,25.299999237060547,25.299999237060547,25.299999237060547,419,0.0,0.0
2024-08-08 09:30:00-04:00,25.309999465942383,25.309999465942383,25.309999465942383,25.309999465942383,0,0.0,0.0
2024-08-08 10:30:00-04:00,25.29010009765625,25.291500091552734,25.29010009765625,25.291500091552734,2420,0.0,0.0
2024-08-08 12:30:00-04:00,25.290000915527344,25.290000915527344,25.290000915527344,25.290000915527344,0,0.0,0.0
2024-08-08 13:30:00-04:00,25.299999237060547,25.309999465942383,25.290000915527344,25.290000915527344,6274,0.0,0.0
2024-08-08 14:30:00-04:00,25.290000915527344,25.34000015258789,25.290000915527344,25.34000015258789,2416,0.0,0.0
2024-08-09 09:30:00-04:00,25.34000015258789,25.34000015258789,25.34000015258789,25.34000015258789,435,0.0,0.0
2024-08-09 12:30:00-04:00,25.290000915527344,25.290000915527344,25.290000915527344,25.290000915527344,437,0.0,0.0
2024-08-09 14:30:00-04:00,25.299999237060547,25.299999237060547,25.299999237060547,25.299999237060547,1348,0.0,0.0
2024-08-09 15:30:00-04:00,25.299999237060547,25.31999969482422,25.290000915527344,25.299999237060547,4052,0.0,0.0
2024-08-12 09:30:00-04:00,25.329999923706055,25.329999923706055,25.329999923706055,25.329999923706055,0,0.0,0.0
2024-08-12 10:30:00-04:00,25.33989906311035,25.33989906311035,25.33799934387207,25.33799934387207,0,0.0,0.0
2024-08-12 11:30:00-04:00,25.300100326538086,25.350000381469727,25.299999237060547,25.350000381469727,2512,0.0,0.0
2024-08-12 12:30:00-04:00,25.350000381469727,25.350000381469727,25.350000381469727,25.350000381469727,1728,0.0,0.0
2024-08-12 13:30:00-04:00,25.39699935913086,25.39699935913086,25.350000381469727,25.350000381469727,2485,0.0,0.0
2024-08-12 14:30:00-04:00,25.40999984741211,25.40999984741211,25.350000381469727,25.350000381469727,4300,0.0,0.0
2024-08-12 15:30:00-04:00,25.360000610351562,25.360000610351562,25.309999465942383,25.316099166870117,3322,0.0,0.0
2024-08-13 09:30:00-04:00,25.420000076293945,25.440000534057617,25.420000076293945,25.440000534057617,1658,0.0,0.0
2024-08-13 10:30:00-04:00,25.375,25.40999984741211,25.34000015258789,25.360000610351562,8266,0.0,0.0
2024-08-13 11:30:00-04:00,25.350000381469727,25.368900299072266,25.350000381469727,25.360000610351562,3351,0.0,0.0
2024-08-13 12:30:00-04:00,25.350000381469727,25.40999984741211,25.34000015258789,25.3799991607666,15237,0.0,0.0
2024-08-13 13:30:00-04:00,25.350000381469727,25.375,25.33009910583496,25.364999771118164,16731,0.0,0.0
2024-08-13 14:30:00-04:00,25.34000015258789,25.389999389648438,25.34000015258789,25.389999389648438,6311,0.0,0.0
2024-08-13 15:30:00-04:00,25.389999389648438,25.395000457763672,25.389999389648438,25.395000457763672,1082,0.0,0.0
2024-08-14 09:30:00-04:00,25.399999618530273,25.399999618530273,25.389999389648438,25.389999389648438,0,0.0,0.0
2024-08-14 10:30:00-04:00,25.399999618530273,25.420000076293945,25.399999618530273,25.416000366210938,3000,0.0,0.0
2024-08-14 11:30:00-04:00,25.420000076293945,25.440000534057617,25.420000076293945,25.440000534057617,4584,0.0,0.0
2024-08-14 12:30:00-04:00,25.440000534057617,25.440000534057617,25.43000030517578,25.434999465942383,2830,0.0,0.0
2024-08-14 13:30:00-04:00,25.43000030517578,25.43000030517578,25.43000030517578,25.43000030517578,0,0.0,0.0
2024-08-14 14:30:00-04:00,25.43000030517578,25.43470001220703,25.395000457763672,25.43000030517578,4507,0.0,0.0
2024-08-14 15:30:00-04:00,25.429899215698242,25.429899215698242,25.360000610351562,25.360000610351562,1799,0.0,0.0
2024-08-15 10:30:00-04:00,25.389999389648438,25.40999984741211,25.389999389648438,25.40999984741211,1484,0.0,0.0
2024-08-15 12:30:00-04:00,25.4143009185791,25.489999771118164,25.4143009185791,25.479999542236328,7695,0.0,0.0
2024-08-15 13:30:00-04:00,25.469999313354492,25.469999313354492,25.440000534057617,25.440000534057617,0,0.0,0.0
2024-08-15 14:30:00-04:00,25.440000534057617,25.469999313354492,25.399999618530273,25.400100708007812,17986,0.0,0.0
2024-08-15 15:30:00-04:00,25.43000030517578,25.440000534057617,25.405000686645508,25.405000686645508,1765,0.0,0.0
2024-08-16 09:30:00-04:00,25.40999984741211,25.40999984741211,25.40999984741211,25.40999984741211,1139,0.0,0.0
2024-08-16 10:30:00-04:00,25.469999313354492,25.469999313354492,25.469999313354492,25.469999313354492,800,0.0,0.0
2024-08-16 12:30:00-04:00,25.450000762939453,25.480100631713867,25.450000762939453,25.480100631713867,2328,0.0,0.0
2024-08-16 13:30:00-04:00,25.479999542236328,25.5,25.454999923706055,25.454999923706055,2736,0.0,0.0
2024-08-16 14:30:00-04:00,25.430099487304688,25.430099487304688,25.430099487304688,25.430099487304688,0,0.0,0.0
2024-08-16 15:30:00-04:00,25.479999542236328,25.510000228881836,25.479999542236328,25.510000228881836,786,0.0,0.0
2024-08-19 09:30:00-04:00,25.479700088500977,25.479700088500977,25.430099487304688,25.454999923706055,2820,0.0,0.0
2024-08-19 10:30:00-04:00,25.479999542236328,25.5,25.479999542236328,25.5,1330,0.0,0.0
2024-08-19 12:30:00-04:00,25.519899368286133,25.519899368286133,25.500099182128906,25.500099182128906,903,0.0,0.0
2024-08-19 13:30:00-04:00,25.510000228881836,25.510000228881836,25.510000228881836,25.510000228881836,815,0.0,0.0
2024-08-19 14:30:00-04:00,25.5,25.5,25.460100173950195,25.5,2550,0.0,0.0
2024-08-19 15:30:00-04:00,25.540000915527344,25.549999237060547,25.530000686645508,25.540000915527344,1133,0.0,0.0
2024-08-20 09:30:00-04:00,25.45009994506836,25.45009994506836,25.45009994506836,25.45009994506836,809,0.0,0.0
2024-08-20 12:30:00-04:00,25.470600128173828,25.530000686645508,25.470600128173828,25.530000686645508,1625,0.0,0.0
2024-08-20 15:30:00-04:00,25.549999237060547,25.549999237060547,25.530000686645508,25.549999237060547,896,0.0,0.0
2024-08-21 09:30:00-04:00,25.549999237060547,25.559999465942383,25.549999237060547,25.550199508666992,2430,0.0,0.0
2024-08-21 10:30:00-04:00,25.507999420166016,25.507999420166016,25.507999420166016,25.507999420166016,498,0.0,0.0
2024-08-21 14:30:00-04:00,25.549999237060547,25.549999237060547,25.53420066833496,25.53569984436035,1664,0.0,0.0
2024-08-21 15:30:00-04:00,25.549999237060547,25.549999237060547,25.549999237060547,25.549999237060547,465,0.0,0.0
2024-08-22 09:30:00-04:00,25.440000534057617,25.440000534057617,25.440000534057617,25.440000534057617,681,0.0,0.0
2024-08-22 10:30:00-04:00,25.4950008392334,25.5,25.489999771118164,25.5,957,0.0,0.0
2024-08-22 13:30:00-04:00,25.569900512695312,25.569900512695312,25.569900512695312,25.569900512695312,266,0.0,0.0
2024-08-23 09:30:00-04:00,25.56999969482422,25.56999969482422,25.56999969482422,25.56999969482422,140,0.0,0.0
2024-08-23 11:30:00-04:00,25.510000228881836,25.531200408935547,25.489999771118164,25.531200408935547,1648,0.0,0.0
2024-08-23 14:30:00-04:00,25.549999237060547,25.549999237060547,25.549999237060547,25.549999237060547,1267,0.0,0.0
2024-08-26 09:30:00-04:00,25.549999237060547,25.569700241088867,25.549999237060547,25.569700241088867,1239,0.0,0.0
2024-08-26 11:30:00-04:00,25.565900802612305,25.565900802612305,25.565900802612305,25.565900802612305,644,0.0,0.0
2024-08-26 12:30:00-04:00,25.530099868774414,25.56999969482422,25.530099868774414,25.56999969482422,7,0.0,0.0
2024-08-26 13:30:00-04:00,25.549999237060547,25.549999237060547,25.549999237060547,25.549999237060547,140,0.0,0.0
2024-08-26 14:30:00-04:00,25.569799423217773,25.6200008392334,25.56839942932129,25.6200008392334,0,0.0,0.0
2024-08-27 09:30:00-04:00,25.549999237060547,25.559999465942383,25.537200927734375,25.537200927734375,2619,0.0,0.0
2024-08-27 10:30:00-04:00,25.569900512695312,25.569900512695312,25.569900512695312,25.569900512695312,1575,0.0,0.0
2024-08-27 13:30:00-04:00,25.5575008392334,25.565000534057617,25.5575008392334,25.565000534057617,370,0.0,0.0
2024-08-27 14:30:00-04:00,25.565000534057617,25.565000534057617,25.549999237060547,25.549999237060547,1867,0.0,0.0
2024-08-27 15:30:00-04:00,25.559900283813477,25.559900283813477,25.549999237060547,25.549999237060547,737,0.0,0.0
2024-08-28 09:30:00-04:00,25.54990005493164,25.54990005493164,25.540000915527344,25.540000915527344,594,0.0,0.0
2024-08-28 10:30:00-04:00,25.530000686645508,25.559999465942383,25.530000686645508,25.559999465942383,4045,0.0,0.0
2024-08-28 11:30:00-04:00,25.565000534057617,25.565000534057617,25.565000534057617,25.565000534057617,1163,0.0,0.0
2024-08-28 15:30:00-04:00,25.549999237060547,25.549999237060547,25.549999237060547,25.549999237060547,200,0.0,0.0
2024-08-29 09:30:00-04:00,25.579999923706055,25.600000381469727,25.579999923706055,25.600000381469727,0,0.0,0.0
2024-08-29 10:30:00-04:00,25.600000381469727,25.600000381469727,25.600000381469727,25.600000381469727,221,0.0,0.0
2024-08-29 11:30:00-04:00,25.610000610351562,25.610000610351562,25.603599548339844,25.610000610351562,678,0.0,0.0
2024-08-29 13:30:00-04:00,25.604999542236328,25.604999542236328,25.604999542236328,25.604999542236328,503,0.0,0.0
2024-08-29 14:30:00-04:00,25.609899520874023,25.609899520874023,25.600000381469727,25.600000381469727,1043,0.0,0.0
2024-08-29 15:30:00-04:00,25.610000610351562,25.6200008392334,25.610000610351562,25.6200008392334,408,0.0,0.0
2024-08-30 09:30:00-04:00,25.68000030517578,25.68000030517578,25.549999237060547,25.549999237060547,2369,0.0,0.0
2024-08-30 10:30:00-04:00,25.540000915527344,25.540000915527344,25.530000686645508,25.540000915527344,2755,0.0,0.0
2024-08-30 11:30:00-04:00,25.600000381469727,25.600000381469727,25.600000381469727,25.600000381469727,981,0.0,0.0
2024-08-30 12:30:00-04:00,25.600000381469727,25.600000381469727,25.600000381469727,25.600000381469727,2073,0.0,0.0
2024-08-30 13:30:00-04:00,25.600000381469727,25.6299991607666,25.600000381469727,25.600000381469727,1338,0.0,0.0
2024-08-30 14:30:00-04:00,25.600000381469727,25.600000381469727,25.600000381469727,25.600000381469727,1576,0.0,0.0
2024-08-30 15:30:00-04:00,25.540000915527344,25.579999923706055,25.530000686645508,25.549999237060547,6799,0.0,0.0
2024-09-03 10:30:00-04:00,25.639999389648438,25.639999389648438,25.54010009765625,25.57859992980957,1021,0.0,0.0
2024-09-03 11:30:00-04:00,25.575199127197266,25.575199127197266,25.575199127197266,25.575199127197266,0,0.0,0.0
2024-09-03 12:30:00-04:00,25.540000915527344,25.55900001525879,25.540000915527344,25.549999237060547,0,0.0,0.0
2024-09-03 14:30:00-04:00,25.559999465942383,25.559999465942383,25.55500030517578,25.55500030517578,0,0.0,0.0
2024-09-04 09:30:00-04:00,25.56999969482422,25.649999618530273,25.56999969482422,25.649999618530273,1234,0.0,0.0
2024-09-04 10:30:00-04:00,25.639999389648438,25.639999389648438,25.60689926147461,25.60689926147461,331,0.0,0.0
2024-09-04 11:30:00-04:00,25.63800048828125,25.63800048828125,25.63800048828125,25.63800048828125,2000,0.0,0.0
2024-09-04 15:30:00-04:00,25.649999618530273,25.649999618530273,25.649999618530273,25.649999618530273,600,0.0,0.0
2024-09-05 09:30:00-04:00,25.649999618530273,25.700000762939453,25.610000610351562,25.65999984741211,2035,0.0,0.0
2024-09-05 10:30:00-04:00,25.699899673461914,25.699899673461914,25.699899673461914,25.699899673461914,528,0.0,0.0
2024-09-05 11:30:00-04:00,25.68000030517578,25.700000762939453,25.670000076293945,25.68000030517578,1653,0.0,0.0
2024-09-05 12:30:00-04:00,25.690000534057617,25.690000534057617,25.68630027770996,25.690000534057617,1233,0.0,0.0
2024-09-05 14:30:00-04:00,25.693199157714844,25.729999542236328,25.690099716186523,25.700000762939453,1500,0.0,0.0
2024-09-05 15:30:00-04:00,25.709999084472656,25.75,25.709999084472656,25.729999542236328,6184,0.0,0.0
2024-09-06 09:30:00-04:00,25.280000686645508,25.280000686645508,25.280000686645508,25.280000686645508,835,0.0,0.0
2024-09-06 10:30:00-04:00,25.270000457763672,25.270000457763672,25.1299991607666,25.1299991607666,1046,0.0,0.0
2024-09-06 11:30:00-04:00,25.1299991607666,25.149999618530273,25.1299991607666,25.149999618530273,2301,0.0,0.0
2024-09-06 12:30:00-04:00,25.1200008392334,25.1200008392334,25.1200008392334,25.1200008392334,177,0.0,0.0
2024-09-06 13:30:00-04:00,25.110000610351562,25.110000610351562,25.110000610351562,25.110000610351562,832,0.0,0.0
2024-09-06 14:30:00-04:00,25.152000427246094,25.152000427246094,25.152000427246094,25.152000427246094,332,0.0,0.0
2024-09-06 15:30:00-04:00,25.25,25.25,25.184999465942383,25.184999465942383,1117,0.0,0.0
2024-09-09 09:30:00-04:00,25.18000030517578,25.25,25.18000030517578,25.25,976,0.0,0.0
2024-09-09 10:30:00-04:00,25.170000076293945,25.199899673461914,25.170000076293945,25.199899673461914,355,0.0,0.0
2024-09-09 11:30:00-04:00,25.19879913330078,25.199899673461914,25.19879913330078,25.199899673461914,0,0.0,0.0
2024-09-09 12:30:00-04:00,25.19499969482422,25.200000762939453,25.19499969482422,25.196300506591797,3284,0.0,0.0
2024-09-09 13:30:00-04:00,25.219999313354492,25.229999542236328,25.209999084472656,25.209999084472656,4069,0.0,0.0
2024-09-09 14:30:00-04:00,25.219999313354492,25.219999313354492,25.20039939880371,25.20039939880371,1702,0.0,0.0
2024-09-10 09:30:00-04:00,25.239900588989258,25.264999389648438,25.239900588989258,25.264999389648438,3182,0.0,0.0
2024-09-10 10:30:00-04:00,25.25,25.264999389648438,25.25,25.25,0,0.0,0.0
2024-09-10 12:30:00-04:00,25.264999389648438,25.264999389648438,25.264999389648438,25.264999389648438,0,0.0,0.0
2024-09-10 14:30:00-04:00,25.260000228881836,25.270000457763672,25.25,25.25,6869,0.0,0.0
2024-09-10 15:30:00-04:00,25.270000457763672,25.270000457763672,25.190000534057617,25.200000762939453,0,0.0,0.0
2024-09-11 09:30:00-04:00,25.239999771118164,25.239999771118164,25.239999771118164,25.239999771118164,145,0.0,0.0
2024-09-11 10:30:00-04:00,25.219999313354492,25.249000549316406,25.219999313354492,25.249000549316406,0,0.0,0.0
2024-09-11 11:30:00-04:00,25.229999542236328,25.229999542236328,25.229999542236328,25.229999542236328,1820,0.0,0.0
2024-09-11 12:30:00-04:00,25.229999542236328,25.229999542236328,25.229999542236328,25.229999542236328,0,0.0,0.0
2024-09-11 13:30:00-04:00,25.209999084472656,25.209999084472656,25.209999084472656,25.209999084472656,0,0.0,0.0
2024-09-11 14:30:00-04:00,25.200000762939453,25.200000762939453,25.190000534057617,25.200000762939453,7145,0.0,0.0
2024-09-11 15:30:00-04:00,25.229999542236328,25.229999542236328,25.209999084472656,25.209999084472656,623,0.0,0.0
2024-09-12 10:30:00-04:00,25.209999084472656,25.209999084472656,25.209999084472656,25.209999084472656,0,0.0,0.0
2024-09-12 11:30:00-04:00,25.21500015258789,25.239999771118164,25.209999084472656,25.239999771118164,8038,0.0,0.0
2024-09-12 12:30:00-04:00,25.229999542236328,25.24370002746582,25.209999084472656,25.225000381469727,2145,0.0,0.0
2024-09-12 13:30:00-04:00,25.209999084472656,25.209999084472656,25.209999084472656,25.209999084472656,0,0.0,0.0
2024-09-12 14:30:00-04:00,25.210100173950195,25.219999313354492,25.209999084472656,25.209999084472656,12100,0.0,0.0
2024-09-13 09:30:00-04:00,25.229999542236328,25.229999542236328,25.209999084472656,25.219999313354492,0,0.0,0.0
2024-09-13 10:30:00-04:00,25.190000534057617,25.199899673461914,25.190000534057617,25.190000534057617,934,0.0,0.0
2024-09-13 11:30:00-04:00,25.200000762939453,25.200000762939453,25.199899673461914,25.200000762939453,2991,0.0,0.0
2024-09-13 13:30:00-04:00,25.219999313354492,25.219999313354492,25.219999313354492,25.219999313354492,214,0.0,0.0
2024-09-13 14:30:00-04:00,25.219999313354492,25.219999313354492,25.219999313354492,25.219999313354492,305,0.0,0.0
2024-09-16 09:30:00-04:00,25.280000686645508,25.280000686645508,25.280000686645508,25.280000686645508,655,0.0,0.0
2024-09-16 10:30:00-04:00,25.260000228881836,25.260000228881836,25.260000228881836,25.260000228881836,301,0.0,0.0
2024-09-16 11:30:00-04:00,25.27989959716797,25.27989959716797,25.279199600219727,25.279199600219727,694,0.0,0.0
2024-09-16 12:30:00-04:00,25.280000686645508,25.280000686645508,25.280000686645508,25.280000686645508,297,0.0,0.0
2024-09-16 13:30:00-04:00,25.278799057006836,25.278799057006836,25.278799057006836,25.278799057006836,0,0.0,0.0
2024-09-16 14:30:00-04:00,25.280000686645508,25.280000686645508,25.280000686645508,25.280000686645508,3891,0.0,0.0
2024-09-17 09:30:00-04:00,25.280000686645508,25.280000686645508,25.235000610351562,25.25,0,0.0,0.0
2024-09-17 10:30:00-04:00,25.249900817871094,25.2549991607666,25.249900817871094,25.2549991607666,5711,0.0,0.0
2024-09-17 11:30:00-04:00,25.25,25.27519989013672,25.25,25.27519989013672,3303,0.0,0.0
2024-09-17 12:30:00-04:00,25.280000686645508,25.280000686645508,25.270000457763672,25.274999618530273,1290,0.0,0.0
2024-09-17 13:30:00-04:00,25.260099411010742,25.270000457763672,25.260000228881836,25.270000457763672,4217,0.0,0.0
2024-09-17 14:30:00-04:00,25.278400421142578,25.278400421142578,25.260000228881836,25.260000228881836,932,0.0,0.0
2024-09-17 15:30:00-04:00,25.25,25.280000686645508,25.25,25.25,2074,0.0,0.0
2024-09-18 09:30:00-04:00,25.25,25.25,25.25,25.25,794,0.0,0.0
2024-09-18 10:30:00-04:00,25.24920082092285,25.288999557495117,25.239999771118164,25.288999557495117,3500,0.0,0.0
2024-09-18 12:30:00-04:00,25.229999542236328,25.229999542236328,25.229999542236328,25.229999542236328,248,0.0,0.0
2024-09-18 13:30:00-04:00,25.32990074157715,25.329999923706055,25.32990074157715,25.329999923706055,300,0.0,0.0
2024-09-18 14:30:00-04:00,25.311399459838867,25.311399459838867,25.311399459838867,25.311399459838867,501,0.0,0.0
2024-09-19 09:30:00-04:00,25.329999923706055,25.329999923706055,25.329999923706055,25.329999923706055,505,0.0,0.0
2024-09-19 10:30:00-04:00,25.34760093688965,25.34760093688965,25.34760093688965,25.34760093688965,166,0.0,0.0
2024-09-19 11:30:00-04:00,25.359100341796875,25.359100341796875,25.350099563598633,25.350099563598633,0,0.0,0.0
2024-09-19 12:30:00-04:00,25.359899520874023,25.36009979248047,25.34000015258789,25.36009979248047,0,0.0,0.0
2024-09-19 13:30:00-04:00,25.360000610351562,25.360000610351562,25.350000381469727,25.360000610351562,7587,0.0,0.0
2024-09-19 14:30:00-04:00,25.350000381469727,25.393600463867188,25.350000381469727,25.393600463867188,8003,0.0,0.0
2024-09-19 15:30:00-04:00,25.37660026550293,25.41990089416504,25.37660026550293,25.41990089416504,2637,0.0,0.0
2024-09-20 10:30:00-04:00,25.399999618530273,25.43000030517578,25.37470054626465,25.37470054626465,2067,0.0,0.0
2024-09-20 11:30:00-04:00,25.399999618530273,25.469999313354492,25.399900436401367,25.469999313354492,12621,0.0,0.0
2024-09-20 12:30:00-04:00,25.450000762939453,25.459999084472656,25.450000762939453,25.450000762939453,4253,0.0,0.0
2024-09-20 13:30:00-04:00,25.450000762939453,25.469999313354492,25.450000762939453,25.469999313354492,1076,0.0,0.0
2024-09-20 14:30:00-04:00,25.450000762939453,25.469999313354492,25.450000762939453,25.450000762939453,1422,0.0,0.0
2024-09-23 09:30:00-04:00,25.479999542236328,25.479999542236328,25.45039939880371,25.460100173950195,0,0.0,0.0
2024-09-23 10:30:00-04:00,25.479999542236328,25.5049991607666,25.469999313354492,25.500099182128906,16484,0.0,0.0
2024-09-23 11:30:00-04:00,25.489999771118164,25.489999771118164,25.489999771118164,25.489999771118164,426,0.0,0.0
2024-09-23 12:30:00-04:00,25.489999771118164,25.489999771118164,25.489900588989258,25.489999771118164,4777,0.0,0.0
2024-09-23 13:30:00-04:00,25.470199584960938,25.479999542236328,25.4281005859375,25.4281005859375,12521,0.0,0.0
2024-09-23 14:30:00-04:00,25.444700241088867,25.479999542236328,25.444700241088867,25.479999542236328,28,0.0,0.0
2024-09-23 15:30:00-04:00,25.440000534057617,25.479999542236328,25.440000534057617,25.479999542236328,520,0.0,0.0
2024-09-24 09:30:00-04:00,25.489999771118164,25.489999771118164,25.434999465942383,25.434999465942383,0,0.0,0.0
2024-09-24 10:30:00-04:00,25.434999465942383,25.450000762939453,25.434999465942383,25.448400497436523,3590,0.0,0.0
2024-09-24 11:30:00-04:00,25.449199676513672,25.489999771118164,25.449199676513672,25.469999313354492,3540,0.0,0.0
2024-09-24 12:30:00-04:00,25.450000762939453,25.510000228881836,25.450000762939453,25.510000228881836,9938,0.0,0.0
2024-09-24 13:30:00-04:00,25.53890037536621,25.549999237060547,25.510000228881836,25.514699935913086,5233,0.0,0.0
2024-09-24 14:30:00-04:00,25.540000915527344,25.694599151611328,25.540000915527344,25.584299087524414,6014,0.0,0.0
2024-09-24 15:30:00-04:00,25.579999923706055,25.600000381469727,25.550100326538086,25.600000381469727,0,0.0,0.0
2024-09-25 10:30:00-04:00,25.479999542236328,25.479999542236328,25.479999542236328,25.479999542236328,371,0.0,0.0
2024-09-25 11:30:00-04:00,25.489999771118164,25.530000686645508,25.489999771118164,25.519899368286133,5943,0.0,0.0
2024-09-25 12:30:00-04:00,25.473499298095703,25.5,25.473499298095703,25.5,572,0.0,0.0
2024-09-25 13:30:00-04:00,25.5,25.5,25.496200561523438,25.496200561523438,2711,0.0,0.0
2024-09-25 14:30:00-04:00,25.50429916381836,25.530000686645508,25.5,25.509899139404297,8632,0.0,0.0
2024-09-25 15:30:00-04:00,25.509899139404297,25.530000686645508,25.488000869750977,25.530000686645508,8376,0.0,0.0
2024-09-26 09:30:00-04:00,25.549999237060547,25.549999237060547,25.520000457763672,25.520099639892578,0,0.0,0.0
2024-09-26 10:30:00-04:00,25.530000686645508,25.540000915527344,25.530000686645508,25.540000915527344,4246,0.0,0.0
2024-09-26 11:30:00-04:00,25.54990005493164,25.549999237060547,25.530000686645508,25.53499984741211,4548,0.0,0.0
2024-09-26 12:30:00-04:00,25.549999237060547,25.549999237060547,25.543800354003906,25.549999237060547,1140,0.0,0.0
2024-09-26 14:30:00-04:00,25.537599563598633,25.54800033569336,25.530000686645508,25.54800033569336,2543,0.0,0.0
2024-09-26 15:30:00-04:00,25.530000686645508,25.530000686645508,25.530000686645508,25.530000686645508,788,0.0,0.0
2024-09-27 09:30:00-04:00,25.547500610351562,25.56999969482422,25.480100631713867,25.569000244140625,1377,0.0,0.0
2024-09-27 11:30:00-04:00,25.530000686645508,25.549999237060547,25.530000686645508,25.537399291992188,2523,0.0,0.0
2024-09-27 12:30:00-04:00,25.531999588012695,25.56999969482422,25.530000686645508,25.540000915527344,6096,0.0,0.0
2024-09-27 13:30:00-04:00,25.569900512695312,25.569900512695312,25.510000228881836,25.51180076599121,1526,0.0,0.0
2024-09-27 14:30:00-04:00,25.5447998046875,25.584999084472656,25.520000457763672,25.584999084472656,5845,0.0,0.0
2024-09-27 15:30:00-04:00,25.59000015258789,25.59000015258789,25.520000457763672,25.520000457763672,1433,0.0,0.0
2024-09-30 09:30:00-04:00,25.59000015258789,25.59000015258789,25.479999542236328,25.59000015258789,5324,0.0,0.0
2024-09-30 10:30:00-04:00,25.59000015258789,25.649999618530273,25.59000015258789,25.649999618530273,1460,0.0,0.0
2024-09-30 11:30:00-04:00,25.649999618530273,25.649999618530273,25.56599998474121,25.637300491333008,1377,0.0,0.0
2024-09-30 12:30:00-04:00,25.510000228881836,25.600000381469727,25.510000228881836,25.56220054626465,2056,0.0,0.0
2024-09-30 13:30:00-04:00,25.55500030517578,25.599899291992188,25.55500030517578,25.56220054626465,1707,0.0,0.0
2024-09-30 14:30:00-04:00,25.559999465942383,25.559999465942383,25.559999465942383,25.559999465942383,728,0.0,0.0
2024-09-30 15:30:00-04:00,25.510099411010742,25.600000381469727,25.510000228881836,25.520000457763672,7612,0.0,0.0
2024-10-01 09:30:00-04:00,25.34000015258789,25.34000015258789,25.239999771118164,25.239999771118164,48853,0.0,0.0
2024-10-01 10:30:00-04:00,25.239999771118164,25.25,25.23189926147461,25.239999771118164,44058,0.0,0.0
2024-10-01 11:30:00-04:00,25.243999481201172,25.25,25.239999771118164,25.25,27006,0.0,0.0
2024-10-01 12:30:00-04:00,25.25,25.25,25.239999771118164,25.240100860595703,6017,0.0,0.0
2024-10-01 13:30:00-04:00,25.2450008392334,25.253999710083008,25.2450008392334,25.25,5113,0.0,0.0
2024-10-01 14:30:00-04:00,25.25,25.269800186157227,25.25,25.269800186157227,4428,0.0,0.0
2024-10-01 15:30:00-04:00,25.260000228881836,25.260099411010742,25.260000228881836,25.260099411010742,4865,0.0,0.0
2024-10-02 09:30:00-04:00,25.260000228881836,25.270000457763672,25.25,25.260000228881836,9796,0.0,0.0
2024-10-02 10:30:00-04:00,25.25,25.260000228881836,25.25,25.260000228881836,2179,0.0,0.0
2024-10-02 11:30:00-04:00,25.270000457763672,25.280000686645508,25.253999710083008,25.260000228881836,4834,0.0,0.0
2024-10-02 12:30:00-04:00,25.279199600219727,25.279199600219727,25.264999389648438,25.264999389648438,1197,0.0,0.0
2024-10-02 13:30:00-04:00,25.264999389648438,25.264999389648438,25.25,25.252199172973633,4849,0.0,0.0
2024-10-02 14:30:00-04:00,25.25,25.260000228881836,25.25,25.260000228881836,11594,0.0,0.0
2024-10-02 15:30:00-04:00,25.255699157714844,25.260000228881836,25.25,25.25,3460,0.0,0.0
2024-10-03 09:30:00-04:00,25.270000457763672,25.280000686645508,25.260000228881836,25.280000686645508,1652,0.0,0.0
2024-10-03 10:30:00-04:00,25.260000228881836,25.280000686645508,25.260000228881836,25.280000686645508,1726,0.0,0.0
2024-10-03 11:30:00-04:00,25.27989959716797,25.280000686645508,25.267499923706055,25.27750015258789,2722,0.0,0.0
2024-10-03 12:30:00-04:00,25.270000457763672,25.270000457763672,25.270000457763672,25.270000457763672,313,0.0,0.0
2024-10-03 13:30:00-04:00,25.280000686645508,25.280000686645508,25.274999618530273,25.274999618530273,1496,0.0,0.0
2024-10-03 14:30:00-04:00,25.260000228881836,25.270000457763672,25.260000228881836,25.260000228881836,7180,0.0,0.0
2024-10-03 15:30:00-04:00,25.260000228881836,25.270000457763672,25.260000228881836,25.260000228881836,8438,0.0,0.0
2024-10-04 09:30:00-04:00,25.270000457763672,25.290000915527344,25.270000457763672,25.290000915527344,1735,0.0,0.0
2024-10-04 10:30:00-04:00,25.280000686645508,25.290000915527344,25.270000457763672,25.290000915527344,3632,0.0,0.0
2024-10-04 11:30:00-04:00,25.290000915527344,25.290000915527344,25.280000686645508,25.283100128173828,1880,0.0,0.0
2024-10-04 12:30:00-04:00,25.270000457763672,25.290000915527344,25.270000457763672,25.290000915527344,1412,0.0,0.0
2024-10-04 13:30:00-04:00,25.290000915527344,25.290000915527344,25.280000686645508,25.280000686645508,1327,0.0,0.0
2024-10-04 14:30:00-04:00,25.28569984436035,25.28569984436035,25.28569984436035,25.28569984436035,364,0.0,0.0
2024-10-04 15:30:00-04:00,25.280000686645508,25.285200119018555,25.280000686645508,25.285200119018555,4084,0.0,0.0
2024-10-07 09:30:00-04:00,25.299999237060547,25.299999237060547,25.290000915527344,25.29990005493164,4506,0.0,0.0
2024-10-07 10:30:00-04:00,25.282499313354492,25.282499313354492,25.280000686645508,25.280000686645508,0,0.0,0.0
2024-10-07 11:30:00-04:00,25.280000686645508,25.280000686645508,25.273799896240234,25.280000686645508,21251,0.0,0.0
2024-10-07 12:30:00-04:00,25.280000686645508,25.299999237060547,25.27869987487793,25.28860092163086,0,0.0,0.0
2024-10-07 13:30:00-04:00,25.299999237060547,25.299999237060547,25.290000915527344,25.299999237060547,0,0.0,0.0
2024-10-07 14:30:00-04:00,25.299999237060547,25.299999237060547,25.28499984741211,25.28499984741211,41828,0.0,0.0
2024-10-07 15:30:00-04:00,25.290000915527344,25.290000915527344,25.290000915527344,25.290000915527344,0,0.0,0.0
2024-10-08 09:30:00-04:00,25.290000915527344,25.295000076293945,25.290000915527344,25.290000915527344,1073,0.0,0.0
2024-10-08 10:30:00-04:00,25.295700073242188,25.29990005493164,25.290000915527344,25.29010009765625,2324,0.0,0.0
2024-10-08 11:30:00-04:00,25.29599952697754,25.29599952697754,25.29599952697754,25.29599952697754,0,0.0,0.0
2024-10-08 12:30:00-04:00,25.299999237060547,25.299999237060547,25.299999237060547,25.299999237060547,4043,0.0,0.0
2024-10-08 13:30:00-04:00,25.280000686645508,25.29599952697754,25.280000686645508,25.29599952697754,4068,0.0,0.0
2024-10-08 14:30:00-04:00,25.290000915527344,25.290000915527344,25.290000915527344,25.290000915527344,2037,0.0,0.0
2024-10-08 15:30:00-04:00,25.290000915527344,25.290000915527344,25.289899826049805,25.290000915527344,1414,0.0,0.0
2024-10-09 09:30:00-04:00,25.28219985961914,25.28219985961914,25.280000686645508,25.280000686645508,2625,0.0,0.0
2024-10-09 10:30:00-04:00,25.28499984741211,25.28499984741211,25.280000686645508,25.282800674438477,6557,0.0,0.0
2024-10-09 11:30:00-04:00,25.280000686645508,25.280000686645508,25.280000686645508,25.280000686645508,1775,0.0,0.0
2024-10-09 13:30:00-04:00,25.290000915527344,25.309999465942383,25.290000915527344,25.295000076293945,6331,0.0,0.0
2024-10-09 14:30:00-04:00,25.280000686645508,25.280000686645508,25.280000686645508,25.280000686645508,1164,0.0,0.0
2024-10-09 15:30:00-04:00,25.280000686645508,25.280000686645508,25.280000686645508,25.280000686645508,325,0.0,0.0
2024-10-10 09:30:00-04:00,25.290000915527344,25.299999237060547,25.290000915527344,25.29450035095215,11659,0.0,0.0
2024-10-10 10:30:00-04:00,25.309999465942383,25.309999465942383,25.299999237060547,25.300100326538086,7992,0.0,0.0
2024-10-10 11:30:00-04:00,25.303300857543945,25.303300857543945,25.29010009765625,25.299999237060547,8749,0.0,0.0
2024-10-10 13:30:00-04:00,25.294700622558594,25.295000076293945,25.29010009765625,25.295000076293945,1468,0.0,0.0
2024-10-10 14:30:00-04:00,25.29680061340332,25.299999237060547,25.29680061340332,25.299999237060547,2557,0.0,0.0
2024-10-11 09:30:00-04:00,25.299999237060547,25.30459976196289,25.299999237060547,25.299999237060547,3070,0.0,0.0
2024-10-11 10:30:00-04:00,25.309999465942383,25.309999465942383,25.299999237060547,25.299999237060547,139,0.0,0.0
2024-10-11 11:30:00-04:00,25.299999237060547,25.31999969482422,25.299999237060547,25.31999969482422,1360,0.0,0.0
2024-10-11 12:30:00-04:00,25.299999237060547,25.309999465942383,25.299999237060547,25.309999465942383,601,0.0,0.0
2024-10-11 14:30:00-04:00,25.312999725341797,25.31999969482422,25.309999465942383,25.309999465942383,1420,0.0,0.0
